# https://github.com/mikedh/trimesh
v 0.12500000 0.00000000 0.50000000
v 0.12500000 0.00000000 0.50000000
v 0.12500000 0.00000000 0.33333333
v 0.12500000 0.00000000 0.33333333
v 0.08333333 0.00000000 0.33333333
v 0.08333333 0.00000000 0.33333333
v 0.08333333 0.00000000 -0.50000000
v 0.08333333 0.00000000 -0.50000000
v 0.12456160 0.01045973 0.50000000
v 0.12456160 0.01045973 0.50000000
v 0.12324950 0.02084608 0.50000000
v 0.12324950 0.02084608 0.50000000
v 0.12107290 0.03108623 0.50000000
v 0.12107290 0.03108623 0.50000000
v 0.11804704 0.04110833 0.50000000
v 0.11804704 0.04110833 0.50000000
v 0.11419319 0.05084208 0.50000000
v 0.11419319 0.05084208 0.50000000
v 0.10953833 0.06021921 0.50000000
v 0.10953833 0.06021921 0.50000000
v 0.10411515 0.06917394 0.50000000
v 0.10411515 0.06917394 0.50000000
v 0.09796169 0.07764348 0.50000000
v 0.09796169 0.07764348 0.50000000
v 0.09112108 0.08556840 0.50000000
v 0.09112108 0.08556840 0.50000000
v 0.08364133 0.09289310 0.50000000
v 0.08364133 0.09289310 0.50000000
v 0.07557490 0.09956625 0.50000000
v 0.07557490 0.09956625 0.50000000
v 0.06697835 0.10554100 0.50000000
v 0.06697835 0.10554100 0.50000000
v 0.05791200 0.11077544 0.50000000
v 0.05791200 0.11077544 0.50000000
v 0.04843946 0.11523290 0.50000000
v 0.04843946 0.11523290 0.50000000
v 0.03862712 0.11888206 0.50000000
v 0.03862712 0.11888206 0.50000000
v 0.02854385 0.12169735 0.50000000
v 0.02854385 0.12169735 0.50000000
v 0.01826038 0.12365904 0.50000000
v 0.01826038 0.12365904 0.50000000
v 0.00784881 0.12475333 0.50000000
v 0.00784881 0.12475333 0.50000000
v -0.00261781 0.12497258 0.50000000
v -0.00261781 0.12497258 0.50000000
v -0.01306606 0.12431523 0.50000000
v -0.01306606 0.12431523 0.50000000
v -0.02342267 0.12278592 0.50000000
v -0.02342267 0.12278592 0.50000000
v -0.03361498 0.12039531 0.50000000
v -0.03361498 0.12039531 0.50000000
v -0.04357150 0.11716025 0.50000000
v -0.04357150 0.11716025 0.50000000
v -0.05322242 0.11310338 0.50000000
v -0.05322242 0.11310338 0.50000000
v -0.06250000 0.10825317 0.50000000
v -0.06250000 0.10825317 0.50000000
v -0.07133919 0.10264365 0.50000000
v -0.07133919 0.10264365 0.50000000
v -0.07967800 0.09631415 0.50000000
v -0.07967800 0.09631415 0.50000000
v -0.08745792 0.08930908 0.50000000
v -0.08745792 0.08930908 0.50000000
v -0.09462437 0.08167758 0.50000000
v -0.09462437 0.08167758 0.50000000
v -0.10112712 0.07347317 0.50000000
v -0.10112712 0.07347317 0.50000000
v -0.10692054 0.06475337 0.50000000
v -0.10692054 0.06475337 0.50000000
v -0.11196398 0.05557940 0.50000000
v -0.11196398 0.05557940 0.50000000
v -0.11622206 0.04601556 0.50000000
v -0.11622206 0.04601556 0.50000000
v -0.11966494 0.03612898 0.50000000
v -0.11966494 0.03612898 0.50000000
v -0.12226846 0.02598896 0.50000000
v -0.12226846 0.02598896 0.50000000
v -0.12401433 0.01566665 0.50000000
v -0.12401433 0.01566665 0.50000000
v -0.12489035 0.00523446 0.50000000
v -0.12489035 0.00523446 0.50000000
v -0.12489035 -0.00523446 0.50000000
v -0.12489035 -0.00523446 0.50000000
v -0.12401433 -0.01566665 0.50000000
v -0.12401433 -0.01566665 0.50000000
v -0.12226846 -0.02598896 0.50000000
v -0.12226846 -0.02598896 0.50000000
v -0.11966494 -0.03612898 0.50000000
v -0.11966494 -0.03612898 0.50000000
v -0.11622206 -0.04601556 0.50000000
v -0.11622206 -0.04601556 0.50000000
v -0.11196398 -0.05557940 0.50000000
v -0.11196398 -0.05557940 0.50000000
v -0.10692054 -0.06475337 0.50000000
v -0.10692054 -0.06475337 0.50000000
v -0.10112712 -0.07347317 0.50000000
v -0.10112712 -0.07347317 0.50000000
v -0.09462437 -0.08167758 0.50000000
v -0.09462437 -0.08167758 0.50000000
v -0.08745792 -0.08930908 0.50000000
v -0.08745792 -0.08930908 0.50000000
v -0.07967800 -0.09631415 0.50000000
v -0.07967800 -0.09631415 0.50000000
v -0.07133919 -0.10264365 0.50000000
v -0.07133919 -0.10264365 0.50000000
v -0.06250000 -0.10825317 0.50000000
v -0.06250000 -0.10825317 0.50000000
v -0.05322242 -0.11310338 0.50000000
v -0.05322242 -0.11310338 0.50000000
v -0.04357150 -0.11716025 0.50000000
v -0.04357150 -0.11716025 0.50000000
v -0.03361498 -0.12039531 0.50000000
v -0.03361498 -0.12039531 0.50000000
v -0.02342267 -0.12278592 0.50000000
v -0.02342267 -0.12278592 0.50000000
v -0.01306606 -0.12431523 0.50000000
v -0.01306606 -0.12431523 0.50000000
v -0.00261781 -0.12497258 0.50000000
v -0.00261781 -0.12497258 0.50000000
v 0.00784881 -0.12475333 0.50000000
v 0.00784881 -0.12475333 0.50000000
v 0.01826038 -0.12365904 0.50000000
v 0.01826038 -0.12365904 0.50000000
v 0.02854385 -0.12169735 0.50000000
v 0.02854385 -0.12169735 0.50000000
v 0.03862712 -0.11888206 0.50000000
v 0.03862712 -0.11888206 0.50000000
v 0.04843946 -0.11523290 0.50000000
v 0.04843946 -0.11523290 0.50000000
v 0.05791200 -0.11077544 0.50000000
v 0.05791200 -0.11077544 0.50000000
v 0.06697835 -0.10554100 0.50000000
v 0.06697835 -0.10554100 0.50000000
v 0.07557490 -0.09956625 0.50000000
v 0.07557490 -0.09956625 0.50000000
v 0.08364133 -0.09289310 0.50000000
v 0.08364133 -0.09289310 0.50000000
v 0.09112108 -0.08556840 0.50000000
v 0.09112108 -0.08556840 0.50000000
v 0.09796169 -0.07764348 0.50000000
v 0.09796169 -0.07764348 0.50000000
v 0.10411515 -0.06917394 0.50000000
v 0.10411515 -0.06917394 0.50000000
v 0.10953833 -0.06021921 0.50000000
v 0.10953833 -0.06021921 0.50000000
v 0.11419319 -0.05084208 0.50000000
v 0.11419319 -0.05084208 0.50000000
v 0.11804704 -0.04110833 0.50000000
v 0.11804704 -0.04110833 0.50000000
v 0.12107290 -0.03108623 0.50000000
v 0.12107290 -0.03108623 0.50000000
v 0.12324950 -0.02084608 0.50000000
v 0.12324950 -0.02084608 0.50000000
v 0.12456160 -0.01045973 0.50000000
v 0.12456160 -0.01045973 0.50000000
v 0.12500000 0.00000000 0.34375000
v 0.12500000 0.00000000 0.35416667
v 0.12500000 0.00000000 0.36458333
v 0.12500000 0.00000000 0.37500000
v 0.12500000 0.00000000 0.38541667
v 0.12500000 0.00000000 0.39583333
v 0.12500000 0.00000000 0.40625000
v 0.12500000 0.00000000 0.41666667
v 0.12500000 0.00000000 0.42708333
v 0.12500000 0.00000000 0.43750000
v 0.12500000 0.00000000 0.44791667
v 0.12500000 0.00000000 0.45833333
v 0.12500000 0.00000000 0.46875000
v 0.12500000 0.00000000 0.47916667
v 0.12500000 0.00000000 0.48958333
v 0.12456160 0.01045973 0.33333333
v 0.12456160 0.01045973 0.33333333
v 0.12324950 0.02084608 0.33333333
v 0.12324950 0.02084608 0.33333333
v 0.12107290 0.03108623 0.33333333
v 0.12107290 0.03108623 0.33333333
v 0.11804704 0.04110833 0.33333333
v 0.11804704 0.04110833 0.33333333
v 0.11419319 0.05084208 0.33333333
v 0.11419319 0.05084208 0.33333333
v 0.10953833 0.06021921 0.33333333
v 0.10953833 0.06021921 0.33333333
v 0.10411515 0.06917394 0.33333333
v 0.10411515 0.06917394 0.33333333
v 0.09796169 0.07764348 0.33333333
v 0.09796169 0.07764348 0.33333333
v 0.09112108 0.08556840 0.33333333
v 0.09112108 0.08556840 0.33333333
v 0.08364133 0.09289310 0.33333333
v 0.08364133 0.09289310 0.33333333
v 0.07557490 0.09956625 0.33333333
v 0.07557490 0.09956625 0.33333333
v 0.06697835 0.10554100 0.33333333
v 0.06697835 0.10554100 0.33333333
v 0.05791200 0.11077544 0.33333333
v 0.05791200 0.11077544 0.33333333
v 0.04843946 0.11523290 0.33333333
v 0.04843946 0.11523290 0.33333333
v 0.03862712 0.11888206 0.33333333
v 0.03862712 0.11888206 0.33333333
v 0.02854385 0.12169735 0.33333333
v 0.02854385 0.12169735 0.33333333
v 0.01826038 0.12365904 0.33333333
v 0.01826038 0.12365904 0.33333333
v 0.00784881 0.12475333 0.33333333
v 0.00784881 0.12475333 0.33333333
v -0.00261781 0.12497258 0.33333333
v -0.00261781 0.12497258 0.33333333
v -0.01306606 0.12431523 0.33333333
v -0.01306606 0.12431523 0.33333333
v -0.02342267 0.12278592 0.33333333
v -0.02342267 0.12278592 0.33333333
v -0.03361498 0.12039531 0.33333333
v -0.03361498 0.12039531 0.33333333
v -0.04357150 0.11716025 0.33333333
v -0.04357150 0.11716025 0.33333333
v -0.05322242 0.11310338 0.33333333
v -0.05322242 0.11310338 0.33333333
v -0.06250000 0.10825317 0.33333333
v -0.06250000 0.10825317 0.33333333
v -0.07133919 0.10264365 0.33333333
v -0.07133919 0.10264365 0.33333333
v -0.07967800 0.09631415 0.33333333
v -0.07967800 0.09631415 0.33333333
v -0.08745792 0.08930908 0.33333333
v -0.08745792 0.08930908 0.33333333
v -0.09462437 0.08167758 0.33333333
v -0.09462437 0.08167758 0.33333333
v -0.10112712 0.07347317 0.33333333
v -0.10112712 0.07347317 0.33333333
v -0.10692054 0.06475337 0.33333333
v -0.10692054 0.06475337 0.33333333
v -0.11196398 0.05557940 0.33333333
v -0.11196398 0.05557940 0.33333333
v -0.11622206 0.04601556 0.33333333
v -0.11622206 0.04601556 0.33333333
v -0.11966494 0.03612898 0.33333333
v -0.11966494 0.03612898 0.33333333
v -0.12226846 0.02598896 0.33333333
v -0.12226846 0.02598896 0.33333333
v -0.12401433 0.01566665 0.33333333
v -0.12401433 0.01566665 0.33333333
v -0.12489035 0.00523446 0.33333333
v -0.12489035 0.00523446 0.33333333
v -0.12489035 -0.00523446 0.33333333
v -0.12489035 -0.00523446 0.33333333
v -0.12401433 -0.01566665 0.33333333
v -0.12401433 -0.01566665 0.33333333
v -0.12226846 -0.02598896 0.33333333
v -0.12226846 -0.02598896 0.33333333
v -0.11966494 -0.03612898 0.33333333
v -0.11966494 -0.03612898 0.33333333
v -0.11622206 -0.04601556 0.33333333
v -0.11622206 -0.04601556 0.33333333
v -0.11196398 -0.05557940 0.33333333
v -0.11196398 -0.05557940 0.33333333
v -0.10692054 -0.06475337 0.33333333
v -0.10692054 -0.06475337 0.33333333
v -0.10112712 -0.07347317 0.33333333
v -0.10112712 -0.07347317 0.33333333
v -0.09462437 -0.08167758 0.33333333
v -0.09462437 -0.08167758 0.33333333
v -0.08745792 -0.08930908 0.33333333
v -0.08745792 -0.08930908 0.33333333
v -0.07967800 -0.09631415 0.33333333
v -0.07967800 -0.09631415 0.33333333
v -0.07133919 -0.10264365 0.33333333
v -0.07133919 -0.10264365 0.33333333
v -0.06250000 -0.10825317 0.33333333
v -0.06250000 -0.10825317 0.33333333
v -0.05322242 -0.11310338 0.33333333
v -0.05322242 -0.11310338 0.33333333
v -0.04357150 -0.11716025 0.33333333
v -0.04357150 -0.11716025 0.33333333
v -0.03361498 -0.12039531 0.33333333
v -0.03361498 -0.12039531 0.33333333
v -0.02342267 -0.12278592 0.33333333
v -0.02342267 -0.12278592 0.33333333
v -0.01306606 -0.12431523 0.33333333
v -0.01306606 -0.12431523 0.33333333
v -0.00261781 -0.12497258 0.33333333
v -0.00261781 -0.12497258 0.33333333
v 0.00784881 -0.12475333 0.33333333
v 0.00784881 -0.12475333 0.33333333
v 0.01826038 -0.12365904 0.33333333
v 0.01826038 -0.12365904 0.33333333
v 0.02854385 -0.12169735 0.33333333
v 0.02854385 -0.12169735 0.33333333
v 0.03862712 -0.11888206 0.33333333
v 0.03862712 -0.11888206 0.33333333
v 0.04843946 -0.11523290 0.33333333
v 0.04843946 -0.11523290 0.33333333
v 0.05791200 -0.11077544 0.33333333
v 0.05791200 -0.11077544 0.33333333
v 0.06697835 -0.10554100 0.33333333
v 0.06697835 -0.10554100 0.33333333
v 0.07557490 -0.09956625 0.33333333
v 0.07557490 -0.09956625 0.33333333
v 0.08364133 -0.09289310 0.33333333
v 0.08364133 -0.09289310 0.33333333
v 0.09112108 -0.08556840 0.33333333
v 0.09112108 -0.08556840 0.33333333
v 0.09796169 -0.07764348 0.33333333
v 0.09796169 -0.07764348 0.33333333
v 0.10411515 -0.06917394 0.33333333
v 0.10411515 -0.06917394 0.33333333
v 0.10953833 -0.06021921 0.33333333
v 0.10953833 -0.06021921 0.33333333
v 0.11419319 -0.05084208 0.33333333
v 0.11419319 -0.05084208 0.33333333
v 0.11804704 -0.04110833 0.33333333
v 0.11804704 -0.04110833 0.33333333
v 0.12107290 -0.03108623 0.33333333
v 0.12107290 -0.03108623 0.33333333
v 0.12324950 -0.02084608 0.33333333
v 0.12324950 -0.02084608 0.33333333
v 0.12456160 -0.01045973 0.33333333
v 0.12456160 -0.01045973 0.33333333
v 0.08267623 0.01044444 0.33333333
v 0.08267623 0.01044444 0.33333333
v 0.08071527 0.02072417 0.33333333
v 0.08071527 0.02072417 0.33333333
v 0.07748137 0.03067704 0.33333333
v 0.07748137 0.03067704 0.33333333
v 0.07302556 0.04014615 0.33333333
v 0.07302556 0.04014615 0.33333333
v 0.06741808 0.04898210 0.33333333
v 0.06741808 0.04898210 0.33333333
v 0.06074740 0.05704558 0.33333333
v 0.06074740 0.05704558 0.33333333
v 0.05311867 0.06420944 0.33333333
v 0.05311867 0.06420944 0.33333333
v 0.04465223 0.07036067 0.33333333
v 0.04465223 0.07036067 0.33333333
v 0.03548160 0.07540225 0.33333333
v 0.03548160 0.07540225 0.33333333
v 0.02575142 0.07925471 0.33333333
v 0.02575142 0.07925471 0.33333333
v 0.01561510 0.08185727 0.33333333
v 0.01561510 0.08185727 0.33333333
v 0.00523254 0.08316890 0.33333333
v 0.00523254 0.08316890 0.33333333
v -0.00523254 0.08316890 0.33333333
v -0.00523254 0.08316890 0.33333333
v -0.01561510 0.08185727 0.33333333
v -0.01561510 0.08185727 0.33333333
v -0.02575142 0.07925471 0.33333333
v -0.02575142 0.07925471 0.33333333
v -0.03548160 0.07540225 0.33333333
v -0.03548160 0.07540225 0.33333333
v -0.04465223 0.07036067 0.33333333
v -0.04465223 0.07036067 0.33333333
v -0.05311867 0.06420944 0.33333333
v -0.05311867 0.06420944 0.33333333
v -0.06074740 0.05704558 0.33333333
v -0.06074740 0.05704558 0.33333333
v -0.06741808 0.04898210 0.33333333
v -0.06741808 0.04898210 0.33333333
v -0.07302556 0.04014615 0.33333333
v -0.07302556 0.04014615 0.33333333
v -0.07748137 0.03067704 0.33333333
v -0.07748137 0.03067704 0.33333333
v -0.08071527 0.02072417 0.33333333
v -0.08071527 0.02072417 0.33333333
v -0.08267623 0.01044444 0.33333333
v -0.08267623 0.01044444 0.33333333
v -0.08333333 0.00000000 0.33333333
v -0.08333333 0.00000000 0.33333333
v -0.08267623 -0.01044444 0.33333333
v -0.08267623 -0.01044444 0.33333333
v -0.08071527 -0.02072417 0.33333333
v -0.08071527 -0.02072417 0.33333333
v -0.07748137 -0.03067704 0.33333333
v -0.07748137 -0.03067704 0.33333333
v -0.07302556 -0.04014615 0.33333333
v -0.07302556 -0.04014615 0.33333333
v -0.06741808 -0.04898210 0.33333333
v -0.06741808 -0.04898210 0.33333333
v -0.06074740 -0.05704558 0.33333333
v -0.06074740 -0.05704558 0.33333333
v -0.05311867 -0.06420944 0.33333333
v -0.05311867 -0.06420944 0.33333333
v -0.04465223 -0.07036067 0.33333333
v -0.04465223 -0.07036067 0.33333333
v -0.03548160 -0.07540225 0.33333333
v -0.03548160 -0.07540225 0.33333333
v -0.02575142 -0.07925471 0.33333333
v -0.02575142 -0.07925471 0.33333333
v -0.01561510 -0.08185727 0.33333333
v -0.01561510 -0.08185727 0.33333333
v -0.00523254 -0.08316890 0.33333333
v -0.00523254 -0.08316890 0.33333333
v 0.00523254 -0.08316890 0.33333333
v 0.00523254 -0.08316890 0.33333333
v 0.01561510 -0.08185727 0.33333333
v 0.01561510 -0.08185727 0.33333333
v 0.02575142 -0.07925471 0.33333333
v 0.02575142 -0.07925471 0.33333333
v 0.03548160 -0.07540225 0.33333333
v 0.03548160 -0.07540225 0.33333333
v 0.04465223 -0.07036067 0.33333333
v 0.04465223 -0.07036067 0.33333333
v 0.05311867 -0.06420944 0.33333333
v 0.05311867 -0.06420944 0.33333333
v 0.06074740 -0.05704558 0.33333333
v 0.06074740 -0.05704558 0.33333333
v 0.06741808 -0.04898210 0.33333333
v 0.06741808 -0.04898210 0.33333333
v 0.07302556 -0.04014615 0.33333333
v 0.07302556 -0.04014615 0.33333333
v 0.07748137 -0.03067704 0.33333333
v 0.07748137 -0.03067704 0.33333333
v 0.08071527 -0.02072417 0.33333333
v 0.08071527 -0.02072417 0.33333333
v 0.08267623 -0.01044444 0.33333333
v 0.08267623 -0.01044444 0.33333333
v 0.08333333 0.00000000 -0.48945148
v 0.08333333 0.00000000 -0.47890296
v 0.08333333 0.00000000 -0.46835444
v 0.08333333 0.00000000 -0.45780592
v 0.08333333 0.00000000 -0.44725738
v 0.08333333 0.00000000 -0.43670885
v 0.08333333 0.00000000 -0.42616033
v 0.08333333 0.00000000 -0.41561181
v 0.08333333 0.00000000 -0.40506329
v 0.08333333 0.00000000 -0.39451477
v 0.08333333 0.00000000 -0.38396625
v 0.08333333 0.00000000 -0.37341773
v 0.08333333 0.00000000 -0.36286921
v 0.08333333 0.00000000 -0.35232067
v 0.08333333 0.00000000 -0.34177215
v 0.08333333 0.00000000 -0.33122362
v 0.08333333 0.00000000 -0.32067510
v 0.08333333 0.00000000 -0.31012658
v 0.08333333 0.00000000 -0.29957806
v 0.08333333 0.00000000 -0.28902954
v 0.08333333 0.00000000 -0.27848102
v 0.08333333 0.00000000 -0.26793248
v 0.08333333 0.00000000 -0.25738396
v 0.08333333 0.00000000 -0.24683544
v 0.08333333 0.00000000 -0.23628692
v 0.08333333 0.00000000 -0.22573840
v 0.08333333 0.00000000 -0.21518987
v 0.08333333 0.00000000 -0.20464135
v 0.08333333 0.00000000 -0.19409283
v 0.08333333 0.00000000 -0.18354431
v 0.08333333 0.00000000 -0.17299577
v 0.08333333 0.00000000 -0.16244725
v 0.08333333 0.00000000 -0.15189873
v 0.08333333 0.00000000 -0.14135021
v 0.08333333 0.00000000 -0.13080169
v 0.08333333 0.00000000 -0.12025317
v 0.08333333 0.00000000 -0.10970465
v 0.08333333 0.00000000 -0.09915613
v 0.08333333 0.00000000 -0.08860760
v 0.08333333 0.00000000 -0.07805906
v 0.08333333 0.00000000 -0.06751054
v 0.08333333 0.00000000 -0.05696202
v 0.08333333 0.00000000 -0.04641350
v 0.08333333 0.00000000 -0.03586498
v 0.08333333 0.00000000 -0.02531646
v 0.08333333 0.00000000 -0.01476794
v 0.08333333 0.00000000 -0.00421942
v 0.08333333 0.00000000 0.00632910
v 0.08333333 0.00000000 0.01687765
v 0.08333333 0.00000000 0.02742617
v 0.08333333 0.00000000 0.03797469
v 0.08333333 0.00000000 0.04852321
v 0.08333333 0.00000000 0.05907173
v 0.08333333 0.00000000 0.06962025
v 0.08333333 0.00000000 0.08016877
v 0.08333333 0.00000000 0.09071729
v 0.08333333 0.00000000 0.10126581
v 0.08333333 0.00000000 0.11181435
v 0.08333333 0.00000000 0.12236287
v 0.08333333 0.00000000 0.13291140
v 0.08333333 0.00000000 0.14345992
v 0.08333333 0.00000000 0.15400844
v 0.08333333 0.00000000 0.16455696
v 0.08333333 0.00000000 0.17510548
v 0.08333333 0.00000000 0.18565400
v 0.08333333 0.00000000 0.19620254
v 0.08333333 0.00000000 0.20675106
v 0.08333333 0.00000000 0.21729958
v 0.08333333 0.00000000 0.22784810
v 0.08333333 0.00000000 0.23839662
v 0.08333333 0.00000000 0.24894515
v 0.08333333 0.00000000 0.25949367
v 0.08333333 0.00000000 0.27004219
v 0.08333333 0.00000000 0.28059071
v 0.08333333 0.00000000 0.29113925
v 0.08333333 0.00000000 0.30168777
v 0.08333333 0.00000000 0.31223629
v 0.08333333 0.00000000 0.32278481
v 0.08267623 0.01044444 -0.50000000
v 0.08267623 0.01044444 -0.50000000
v 0.08071527 0.02072417 -0.50000000
v 0.08071527 0.02072417 -0.50000000
v 0.07748137 0.03067704 -0.50000000
v 0.07748137 0.03067704 -0.50000000
v 0.07302556 0.04014615 -0.50000000
v 0.07302556 0.04014615 -0.50000000
v 0.06741808 0.04898210 -0.50000000
v 0.06741808 0.04898210 -0.50000000
v 0.06074740 0.05704558 -0.50000000
v 0.06074740 0.05704558 -0.50000000
v 0.05311867 0.06420944 -0.50000000
v 0.05311867 0.06420944 -0.50000000
v 0.04465223 0.07036067 -0.50000000
v 0.04465223 0.07036067 -0.50000000
v 0.03548160 0.07540225 -0.50000000
v 0.03548160 0.07540225 -0.50000000
v 0.02575142 0.07925471 -0.50000000
v 0.02575142 0.07925471 -0.50000000
v 0.01561510 0.08185727 -0.50000000
v 0.01561510 0.08185727 -0.50000000
v 0.00523254 0.08316890 -0.50000000
v 0.00523254 0.08316890 -0.50000000
v -0.00523254 0.08316890 -0.50000000
v -0.00523254 0.08316890 -0.50000000
v -0.01561510 0.08185727 -0.50000000
v -0.01561510 0.08185727 -0.50000000
v -0.02575142 0.07925471 -0.50000000
v -0.02575142 0.07925471 -0.50000000
v -0.03548160 0.07540225 -0.50000000
v -0.03548160 0.07540225 -0.50000000
v -0.04465223 0.07036067 -0.50000000
v -0.04465223 0.07036067 -0.50000000
v -0.05311867 0.06420944 -0.50000000
v -0.05311867 0.06420944 -0.50000000
v -0.06074740 0.05704558 -0.50000000
v -0.06074740 0.05704558 -0.50000000
v -0.06741808 0.04898210 -0.50000000
v -0.06741808 0.04898210 -0.50000000
v -0.07302556 0.04014615 -0.50000000
v -0.07302556 0.04014615 -0.50000000
v -0.07748137 0.03067704 -0.50000000
v -0.07748137 0.03067704 -0.50000000
v -0.08071527 0.02072417 -0.50000000
v -0.08071527 0.02072417 -0.50000000
v -0.08267623 0.01044444 -0.50000000
v -0.08267623 0.01044444 -0.50000000
v -0.08333333 0.00000000 -0.50000000
v -0.08333333 0.00000000 -0.50000000
v -0.08267623 -0.01044444 -0.50000000
v -0.08267623 -0.01044444 -0.50000000
v -0.08071527 -0.02072417 -0.50000000
v -0.08071527 -0.02072417 -0.50000000
v -0.07748137 -0.03067704 -0.50000000
v -0.07748137 -0.03067704 -0.50000000
v -0.07302556 -0.04014615 -0.50000000
v -0.07302556 -0.04014615 -0.50000000
v -0.06741808 -0.04898210 -0.50000000
v -0.06741808 -0.04898210 -0.50000000
v -0.06074740 -0.05704558 -0.50000000
v -0.06074740 -0.05704558 -0.50000000
v -0.05311867 -0.06420944 -0.50000000
v -0.05311867 -0.06420944 -0.50000000
v -0.04465223 -0.07036067 -0.50000000
v -0.04465223 -0.07036067 -0.50000000
v -0.03548160 -0.07540225 -0.50000000
v -0.03548160 -0.07540225 -0.50000000
v -0.02575142 -0.07925471 -0.50000000
v -0.02575142 -0.07925471 -0.50000000
v -0.01561510 -0.08185727 -0.50000000
v -0.01561510 -0.08185727 -0.50000000
v -0.00523254 -0.08316890 -0.50000000
v -0.00523254 -0.08316890 -0.50000000
v 0.00523254 -0.08316890 -0.50000000
v 0.00523254 -0.08316890 -0.50000000
v 0.01561510 -0.08185727 -0.50000000
v 0.01561510 -0.08185727 -0.50000000
v 0.02575142 -0.07925471 -0.50000000
v 0.02575142 -0.07925471 -0.50000000
v 0.03548160 -0.07540225 -0.50000000
v 0.03548160 -0.07540225 -0.50000000
v 0.04465223 -0.07036067 -0.50000000
v 0.04465223 -0.07036067 -0.50000000
v 0.05311867 -0.06420944 -0.50000000
v 0.05311867 -0.06420944 -0.50000000
v 0.06074740 -0.05704558 -0.50000000
v 0.06074740 -0.05704558 -0.50000000
v 0.06741808 -0.04898210 -0.50000000
v 0.06741808 -0.04898210 -0.50000000
v 0.07302556 -0.04014615 -0.50000000
v 0.07302556 -0.04014615 -0.50000000
v 0.07748137 -0.03067704 -0.50000000
v 0.07748137 -0.03067704 -0.50000000
v 0.08071527 -0.02072417 -0.50000000
v 0.08071527 -0.02072417 -0.50000000
v 0.08267623 -0.01044444 -0.50000000
v 0.08267623 -0.01044444 -0.50000000
v 0.12443460 0.01187567 0.41914402
v 0.12293033 0.02265250 0.41818771
v 0.12056877 0.03298748 0.41730760
v 0.11725046 0.04332819 0.41987256
v 0.11332260 0.05275402 0.41863515
v 0.10878448 0.06157058 0.41811523
v 0.10349963 0.07009156 0.41774596
v 0.09747846 0.07824927 0.41745217
v 0.09075294 0.08595873 0.41722562
v 0.08336935 0.09313727 0.41705463
v 0.07537969 0.09971410 0.41693008
v 0.06684198 0.10562742 0.41684235
v 0.05781973 0.11082365 0.41678156
v 0.04837856 0.11525846 0.41674131
v 0.03858702 0.11889508 0.41671637
v 0.02851771 0.12170350 0.41670071
v 0.01824313 0.12366158 0.41669140
v 0.00783677 0.12475410 0.41668642
v -0.00262681 0.12497240 0.41668383
v -0.01307333 0.12431448 0.41668275
v -0.02342896 0.12278471 0.41668262
v -0.03362073 0.12039371 0.41668296
v -0.04357692 0.11715825 0.41668335
v -0.05322752 0.11310098 0.41668360
v -0.06250481 0.10825040 0.41668360
v -0.07134369 0.10264052 0.41668333
v -0.07968215 0.09631073 0.41668279
v -0.08746169 0.08930540 0.41668206
v -0.09462777 0.08167367 0.41668125
v -0.10113012 0.07346904 0.41668058
v -0.10692312 0.06474910 0.41668010
v -0.11196615 0.05557500 0.41667985
v -0.11622383 0.04601108 0.41667983
v -0.11966631 0.03612442 0.41668002
v -0.12226942 0.02598438 0.41668023
v -0.12401492 0.01566202 0.41668035
v -0.12489054 0.00522979 0.41668033
v -0.12489017 -0.00523912 0.41668019
v -0.12401375 -0.01567131 0.41668008
v -0.12226748 -0.02599352 0.41668004
v -0.11966360 -0.03613338 0.41667996
v -0.11622038 -0.04601981 0.41667977
v -0.11196196 -0.05558346 0.41667950
v -0.10691819 -0.06475727 0.41667933
v -0.10112446 -0.07347683 0.41667927
v -0.09462140 -0.08168102 0.41667927
v -0.08745463 -0.08931229 0.41667931
v -0.07967440 -0.09631712 0.41667950
v -0.07133529 -0.10264637 0.41667985
v -0.06249579 -0.10825560 0.41668027
v -0.05321790 -0.11310550 0.41668065
v -0.04356669 -0.11716204 0.41668102
v -0.03360990 -0.12039675 0.41668150
v -0.02341744 -0.12278690 0.41668202
v -0.01306094 -0.12431577 0.41668235
v -0.00261321 -0.12497269 0.41668221
v 0.00785210 -0.12475312 0.41668108
v 0.01826094 -0.12365896 0.41667825
v 0.02853913 -0.12169848 0.41667244
v 0.03861288 -0.11888669 0.41666152
v 0.04840910 -0.11524565 0.41664233
v 0.05785696 -0.11080421 0.41661148
v 0.06688571 -0.10559973 0.41656156
v 0.07542723 -0.09967815 0.41648262
v 0.08341881 -0.09309298 0.41636535
v 0.09080225 -0.08590665 0.41619952
v 0.09752619 -0.07818979 0.41597787
v 0.10354802 -0.07002006 0.41570100
v 0.10883594 -0.06147958 0.41538446
v 0.11337198 -0.05264785 0.41506623
v 0.11717140 -0.04354150 0.41480965
v 0.12046829 -0.03335252 0.41468442
v 0.12294085 -0.02259525 0.41481090
v 0.12443860 -0.01183362 0.41410554
v 0.12487867 -0.00550610 0.44316852
v 0.12487892 0.00550038 0.39013021
v 0.12479931 -0.00708033 0.45210942
v 0.12479969 0.00707358 0.38119404
v 0.12489792 0.00505085 0.46173548
v 0.12489810 -0.00504604 0.37163190
v 0.12491142 0.00470510 0.49426269
v 0.12491142 -0.00470527 0.33907400
v 0.12446031 0.01160298 0.45739623
v 0.12385758 0.01686115 0.44797502
v 0.12214235 0.02657523 0.45822492
v 0.12114687 0.03079662 0.44974850
v 0.11981277 0.03563563 0.46117819
v 0.11605579 0.04643333 0.45983662
v 0.11828831 0.04040885 0.44927096
v 0.11441794 0.05033421 0.44877213
v 0.11170717 0.05609377 0.45930254
v 0.10978825 0.05976235 0.44874415
v 0.10664338 0.06520881 0.45907485
v 0.10087223 0.07382273 0.45892927
v 0.10446912 0.06863819 0.44865371
v 0.09845537 0.07701648 0.44853350
v 0.09440829 0.08192725 0.45881885
v 0.09175981 0.08488308 0.44841810
v 0.08728817 0.08947500 0.45872981
v 0.08441831 0.09218756 0.44832023
v 0.07955337 0.09641712 0.45865977
v 0.07647669 0.09887525 0.44824263
v 0.07125427 0.10270262 0.45860640
v 0.06798835 0.10489321 0.44818383
v 0.06244783 0.10828327 0.45856712
v 0.05319704 0.11311531 0.45854042
v 0.05901225 0.11019325 0.44814010
v 0.04961490 0.11473169 0.44811231
v 0.04356394 0.11716306 0.45852033
v 0.03986052 0.11847421 0.44809225
v 0.03362060 0.12039375 0.45850744
v 0.02343817 0.12278296 0.45850117
v 0.02981994 0.12139098 0.44807771
v 0.01956710 0.12345902 0.44807206
v 0.01308677 0.12431306 0.45849475
v 0.00917306 0.12466296 0.44806740
v 0.00264190 0.12497208 0.45849146
v -0.00128765 0.12499338 0.44806427
v -0.00782277 0.12475498 0.45848996
v -0.01823292 0.12366310 0.45849167
v -0.01174096 0.12444738 0.44806121
v -0.02211171 0.12302875 0.44806352
v -0.02851667 0.12170373 0.45848992
v -0.03232846 0.12074715 0.44806377
v -0.03860042 0.11889073 0.45848956
v -0.04231877 0.11761854 0.44806383
v -0.04841350 0.11524379 0.45848944
v -0.05201235 0.11366492 0.44806381
v -0.05788706 0.11078848 0.45848929
v -0.06134117 0.10891402 0.44806365
v -0.06695456 0.10555608 0.45848904
v -0.07023969 0.10339917 0.44806329
v -0.07555242 0.09958329 0.45848865
v -0.07864552 0.09715904 0.44806273
v -0.08362031 0.09291202 0.45848812
v -0.08649973 0.09023746 0.44806196
v -0.09110167 0.08558906 0.45848758
v -0.09374723 0.08268287 0.44806085
v -0.09794398 0.07766581 0.45848731
v -0.10409902 0.06919821 0.45848942
v -0.10033733 0.07454810 0.44805852
v -0.10622310 0.06589121 0.44806075
v -0.10952442 0.06024452 0.45848758
v -0.11136419 0.05677165 0.44806033
v -0.11418142 0.05086850 0.45848729
v -0.11803735 0.04113617 0.45848960
v -0.11572427 0.04725352 0.44805844
v -0.11927229 0.03740483 0.44806115
v -0.12106565 0.03111446 0.45848794
v -0.12198392 0.02729327 0.44806137
v -0.12324467 0.02087473 0.45848748
v -0.12383996 0.01699015 0.44806121
v -0.12455919 0.01048860 0.45848719
v -0.12482733 0.00656783 0.44806085
v -0.12500000 0.00002892 0.45848696
v -0.12493913 -0.00390062 0.44806021
v -0.12456402 -0.01043090 0.45848700
v -0.12325442 -0.02081704 0.45848935
v -0.12417450 -0.01434198 0.44805829
v -0.12253902 -0.02468173 0.44806090
v -0.12108015 -0.03105802 0.45848760
v -0.12004396 -0.03484892 0.44806094
v -0.11805660 -0.04108088 0.45848702
v -0.11670685 -0.04477175 0.44806048
v -0.11420500 -0.05081554 0.45848662
v -0.11255110 -0.05438058 0.44805971
v -0.10955233 -0.06019373 0.45848654
v -0.10413154 -0.06914929 0.45848883
v -0.10760573 -0.06360823 0.44805767
v -0.10190608 -0.07238890 0.44806023
v -0.09797985 -0.07762054 0.45848710
v -0.09549133 -0.08066229 0.44806025
v -0.09114102 -0.08554715 0.45848667
v -0.08840669 -0.08837000 0.44805969
v -0.08366296 -0.09287363 0.45848671
v -0.07559846 -0.09954835 0.45848919
v -0.08070167 -0.09545804 0.44805792
v -0.07243133 -0.10187592 0.44806079
v -0.06700296 -0.10552538 0.45848771
v -0.06365250 -0.10757954 0.44806119
v -0.05793765 -0.11076204 0.45848748
v -0.05442706 -0.11252865 0.44806121
v -0.04846598 -0.11522175 0.45848750
v -0.04481977 -0.11668842 0.44806098
v -0.03865437 -0.11887321 0.45848790
v -0.02857215 -0.12169073 0.45849067
v -0.03489783 -0.12002975 0.44805952
v -0.02473208 -0.12252887 0.44806269
v -0.01828871 -0.12365485 0.45848935
v -0.01439242 -0.12416867 0.44806325
v -0.00787733 -0.12475154 0.45848908
v -0.00395190 -0.12493752 0.44806319
v 0.00258902 -0.12497319 0.45848869
v 0.00651594 -0.12483006 0.44806252
v 0.01303671 -0.12431831 0.45848765
v 0.01693725 -0.12384721 0.44806079
v 0.02339196 -0.12279175 0.45848533
v 0.02723819 -0.12199623 0.44805700
v 0.03358127 -0.12040473 0.45848052
v 0.03734519 -0.11929098 0.44804933
v 0.04353179 -0.11717500 0.45847115
v 0.04718546 -0.11575202 0.44803463
v 0.05317177 -0.11312721 0.45845396
v 0.06243110 -0.10829294 0.45842610
v 0.05668723 -0.11140719 0.44800665
v 0.06578094 -0.10629144 0.44796631
v 0.07124077 -0.10271200 0.45836919
v 0.07439783 -0.10044881 0.44789187
v 0.07953573 -0.09643167 0.45827644
v 0.08247304 -0.09393187 0.44776977
v 0.08725371 -0.08950860 0.45812531
v 0.08994529 -0.08680348 0.44757758
v 0.09433669 -0.08200969 0.45788506
v 0.09675779 -0.07913867 0.44728533
v 0.10073148 -0.07401465 0.45751213
v 0.10285881 -0.07102863 0.44685615
v 0.10638923 -0.06562267 0.45694617
v 0.10820254 -0.06258760 0.44625083
v 0.11126242 -0.05697081 0.45611092
v 0.11275212 -0.05396258 0.44544556
v 0.11529777 -0.04828481 0.45494633
v 0.11649471 -0.04532087 0.44448579
v 0.11844558 -0.03994550 0.45358485
v 0.12086877 -0.03187067 0.45303625
v 0.11948769 -0.03671096 0.44361417
v 0.12178150 -0.02818277 0.44361098
v 0.12396852 -0.01602523 0.45468519
v 0.12440488 -0.01218312 0.44421671
v 0.12446152 -0.01159004 0.37602675
v 0.12213948 -0.02658844 0.37531850
v 0.12386300 -0.01682137 0.38553871
v 0.12113531 -0.03084210 0.38401619
v 0.11979950 -0.03568021 0.37228802
v 0.11603406 -0.04648758 0.37347813
v 0.11824185 -0.04054460 0.38415098
v 0.11169840 -0.05611119 0.37394902
v 0.11438000 -0.05042037 0.38428727
v 0.10665350 -0.06519225 0.37421298
v 0.10979558 -0.05974890 0.38446802
v 0.10089238 -0.07379517 0.37439485
v 0.10449460 -0.06859942 0.38465119
v 0.09443644 -0.08189481 0.37453023
v 0.09848594 -0.07697740 0.38481554
v 0.08731977 -0.08944415 0.37463200
v 0.09179354 -0.08484660 0.38495235
v 0.07958577 -0.09639038 0.37470710
v 0.08445348 -0.09215535 0.38505971
v 0.07128548 -0.10268096 0.37476088
v 0.07651156 -0.09884827 0.38513967
v 0.06247617 -0.10826694 0.37479815
v 0.06802146 -0.10487173 0.38519629
v 0.05904350 -0.11017652 0.38523377
v 0.05321921 -0.11310490 0.37482446
v 0.04358465 -0.11715535 0.37483979
v 0.04963977 -0.11472094 0.38526125
v 0.03363854 -0.12038873 0.37484963
v 0.03988154 -0.11846713 0.38527767
v 0.02345277 -0.12278017 0.37485546
v 0.02983829 -0.12138648 0.38528746
v 0.01310004 -0.12431167 0.37485871
v 0.01958200 -0.12345665 0.38529304
v 0.00265390 -0.12497183 0.37486031
v 0.00918594 -0.12466202 0.38529600
v -0.00781179 -0.12475567 0.37486096
v -0.00127602 -0.12499348 0.38529731
v -0.01822321 -0.12366452 0.37486104
v -0.01172987 -0.12444842 0.38529758
v -0.02850717 -0.12170596 0.37486106
v -0.02210185 -0.12303052 0.38529708
v -0.03231877 -0.12074973 0.38529504
v -0.03859183 -0.11889352 0.37486323
v -0.04840496 -0.11524738 0.37486142
v -0.04231017 -0.11762165 0.38529742
v -0.05787885 -0.11079277 0.37486071
v -0.05200423 -0.11366865 0.38529727
v -0.06694679 -0.10556100 0.37486019
v -0.06133344 -0.10891835 0.38529669
v -0.07554521 -0.09958877 0.37486000
v -0.07023235 -0.10340415 0.38529577
v -0.07863840 -0.09716481 0.38529362
v -0.08361410 -0.09291763 0.37486217
v -0.09109577 -0.08559533 0.37486046
v -0.08649365 -0.09024327 0.38529608
v -0.09793867 -0.07767250 0.37485998
v -0.09374171 -0.08268913 0.38529606
v -0.10409465 -0.06920479 0.37485996
v -0.10033212 -0.07455510 0.38529548
v -0.10621862 -0.06589844 0.38529362
v -0.10952075 -0.06025119 0.37486233
v -0.11417817 -0.05087579 0.37486083
v -0.11136062 -0.05677862 0.38529637
v -0.11803485 -0.04114331 0.37486046
v -0.11572119 -0.04726106 0.38529667
v -0.12106365 -0.03112221 0.37486029
v -0.11927000 -0.03741212 0.38529650
v -0.12324329 -0.02088275 0.37486038
v -0.12198223 -0.02730083 0.38529598
v -0.12383883 -0.01699835 0.38529417
v -0.12455854 -0.01049623 0.37486275
v -0.12500000 -0.00003702 0.37486117
v -0.12482694 -0.00657554 0.38529687
v -0.12456471 0.01042273 0.37486071
v -0.12493937 0.00389281 0.38529710
v -0.12325571 0.02080942 0.37486033
v -0.12417546 0.01433377 0.38529685
v -0.12108215 0.03105017 0.37486000
v -0.12254054 0.02467415 0.38529642
v -0.11805929 0.04107315 0.37485996
v -0.12004615 0.03484138 0.38529567
v -0.11670985 0.04476394 0.38529367
v -0.11420813 0.05080852 0.37486233
v -0.10955623 0.06018665 0.37486088
v -0.11255454 0.05437346 0.38529627
v -0.10413577 0.06914290 0.37486096
v -0.10761000 0.06360100 0.38529629
v -0.10191092 0.07238208 0.38529485
v -0.09798456 0.07761460 0.37486365
v -0.09114663 0.08554117 0.37486248
v -0.09549638 0.08065631 0.38529802
v -0.08366923 0.09286798 0.37486248
v -0.08841237 0.08836433 0.38529877
v -0.07560494 0.09954344 0.37486260
v -0.08070827 0.09545248 0.38529917
v -0.06701031 0.10552071 0.37486262
v -0.07243808 0.10187112 0.38529938
v -0.05794563 0.11075785 0.37486250
v -0.06365977 0.10757525 0.38529942
v -0.04847448 0.11521817 0.37486221
v -0.05443492 0.11252483 0.38529925
v -0.03866329 0.11887031 0.37486177
v -0.04482825 0.11668517 0.38529883
v -0.02858094 0.12168867 0.37486127
v -0.03490717 0.12002704 0.38529821
v -0.01829813 0.12365346 0.37486106
v -0.02474138 0.12252700 0.38529727
v -0.01440254 0.12416750 0.38529523
v -0.00788667 0.12475096 0.37486344
v 0.00257877 0.12497340 0.37486233
v -0.00396210 0.12493719 0.38529825
v 0.01302552 0.12431950 0.37486342
v 0.00650473 0.12483065 0.38529958
v 0.02337948 0.12279415 0.37486679
v 0.01692442 0.12384896 0.38530192
v 0.02722285 0.12199967 0.38530567
v 0.03356729 0.12040862 0.37487604
v 0.04351535 0.11718110 0.37488646
v 0.03732717 0.11929663 0.38531940
v 0.05315258 0.11313621 0.37490777
v 0.04716377 0.11576087 0.38533812
v 0.05666158 0.11142021 0.38536769
v 0.06240854 0.10830594 0.37494771
v 0.07121621 0.10272902 0.37500585
v 0.06575027 0.10631040 0.38542448
v 0.07950985 0.09645302 0.37510333
v 0.07436344 0.10047427 0.38550904
v 0.08722798 0.08953369 0.37525902
v 0.08243652 0.09396392 0.38564017
v 0.09431306 0.08203685 0.37550263
v 0.08990890 0.08684119 0.38584021
v 0.10071194 0.07404125 0.37587763
v 0.09672433 0.07917958 0.38613819
v 0.10283233 0.07106696 0.38656752
v 0.10637423 0.06564696 0.37644979
v 0.11125713 0.05698115 0.37726969
v 0.10818321 0.06262104 0.38718402
v 0.11530081 0.04827754 0.37840931
v 0.11274571 0.05397598 0.38797883
v 0.11650265 0.04530050 0.38888515
v 0.11845231 0.03992556 0.37973790
v 0.12087600 0.03184323 0.38024669
v 0.11950181 0.03666494 0.38966731
v 0.12397048 0.01600996 0.37859471
v 0.12179237 0.02813569 0.38960808
v 0.12440631 0.01216829 0.38904554
v 0.12265062 -0.02412100 0.45298760
v 0.12265556 0.02409592 0.38027788
v 0.12469271 -0.00875944 0.46427971
v 0.12469310 0.00875392 0.36903415
v 0.12485742 -0.00596854 0.47476162
v 0.12485754 0.00596629 0.35856410
v 0.12490488 -0.00487565 0.37927413
v 0.12490454 0.00488400 0.45409696
v 0.12370738 0.01792996 0.46571398
v 0.12370748 -0.01792929 0.36771979
v 0.11997073 -0.03510023 0.46125100
v 0.11997512 0.03508515 0.37206102
v 0.12469323 0.00875217 0.47010087
v 0.12469338 -0.00875006 0.36327500
v 0.12362160 -0.01851217 0.46552392
v 0.12362315 0.01850181 0.36777848
v 0.12213802 0.02659515 0.46838385
v 0.12213502 -0.02660898 0.36505825
v 0.11997921 0.03507119 0.47216125
v 0.11997283 -0.03509302 0.36124446
v 0.11732329 0.04313058 0.47063333
v 0.11342706 0.05252904 0.46988763
v 0.10868475 0.06174646 0.46951483
v 0.10318329 0.07055642 0.46931548
v 0.09696748 0.07888160 0.46919200
v 0.09007665 0.08666717 0.46910606
v 0.08255469 0.09386015 0.46904252
v 0.07445069 0.10040965 0.46899504
v 0.06581960 0.10626750 0.46896000
v 0.05672148 0.11138973 0.46893492
v 0.04721996 0.11573796 0.46891719
v 0.03738233 0.11927933 0.46890498
v 0.02727900 0.12198710 0.46889729
v 0.01698144 0.12384115 0.46889229
v 0.00656256 0.12482760 0.46888892
v -0.00390365 0.12493902 0.46888715
v -0.01434327 0.12417435 0.46888673
v -0.02468294 0.12253879 0.46888652
v -0.03484992 0.12004367 0.46888604
v -0.04477260 0.11670652 0.46888581
v -0.05438131 0.11255075 0.46888565
v -0.06360858 0.10760552 0.46888546
v -0.07238969 0.10190552 0.46888521
v -0.08066300 0.09549073 0.46888490
v -0.08837050 0.08840619 0.46888458
v -0.09545812 0.08070158 0.46888444
v -0.10187617 0.07243100 0.46888475
v -0.10757967 0.06365231 0.46888481
v -0.11252865 0.05442706 0.46888454
v -0.11668827 0.04482015 0.46888485
v -0.12002948 0.03489877 0.46888492
v -0.12252879 0.02473250 0.46888448
v -0.12416862 0.01439275 0.46888421
v -0.12493750 0.00395206 0.46888406
v -0.12483004 -0.00651627 0.46888410
v -0.12384698 -0.01693881 0.46888456
v -0.12199525 -0.02724260 0.46888467
v -0.11928777 -0.03735544 0.46888419
v -0.11574358 -0.04720619 0.46888387
v -0.11138756 -0.05672577 0.46888381
v -0.10625027 -0.06584740 0.46888423
v -0.10036771 -0.07450721 0.46888433
v -0.09378104 -0.08264452 0.46888396
v -0.08653660 -0.09020208 0.46888394
v -0.07868525 -0.09712687 0.46888446
v -0.07028190 -0.10337048 0.46888469
v -0.06138546 -0.10888904 0.46888444
v -0.05205846 -0.11364381 0.46888442
v -0.04236633 -0.11760142 0.46888469
v -0.03237713 -0.12073410 0.46888544
v -0.02216075 -0.12301992 0.46888583
v -0.01178890 -0.12444285 0.46888558
v -0.00133450 -0.12499288 0.46888527
v 0.00912894 -0.12466621 0.46888462
v 0.01952771 -0.12346525 0.46888319
v 0.02978831 -0.12139875 0.46888021
v 0.03983790 -0.11848181 0.46887431
v 0.04960463 -0.11473615 0.46886323
v 0.05901813 -0.11019012 0.46884323
v 0.06800988 -0.10487925 0.46880667
v 0.07651406 -0.09884633 0.46874275
v 0.08446817 -0.09214190 0.46863627
v 0.09181379 -0.08482469 0.46846233
v 0.09849775 -0.07696227 0.46818227
v 0.10447302 -0.06863225 0.46773460
v 0.10969806 -0.05992777 0.46701777
v 0.11412681 -0.05099090 0.46586133
v 0.11766035 -0.04220237 0.46399850
v 0.12203179 -0.02707840 0.46297098
v 0.11731321 -0.04315798 0.36273581
v 0.11341829 -0.05254798 0.36343042
v 0.10868440 -0.06174706 0.36378896
v 0.10319248 -0.07054298 0.36400142
v 0.09698385 -0.07886148 0.36414171
v 0.09009771 -0.08664527 0.36424017
v 0.08257790 -0.09383971 0.36431077
v 0.07447406 -0.10039229 0.36436119
v 0.06584160 -0.10625385 0.36439658
v 0.05674081 -0.11137990 0.36442100
v 0.04723665 -0.11573115 0.36443710
v 0.03739702 -0.11927473 0.36444715
v 0.02729162 -0.12198429 0.36445333
v 0.01699242 -0.12383965 0.36445698
v 0.00657242 -0.12482710 0.36445896
v -0.00389469 -0.12493931 0.36445996
v -0.01433508 -0.12417529 0.36446037
v -0.02467529 -0.12254031 0.36446060
v -0.03484273 -0.12004577 0.36446106
v -0.04476575 -0.11670917 0.36446108
v -0.05437471 -0.11255396 0.36446052
v -0.06360229 -0.10760923 0.36446015
v -0.07238381 -0.10190969 0.36446000
v -0.08065767 -0.09549523 0.36446033
v -0.08836569 -0.08841100 0.36446040
v -0.09545379 -0.08070671 0.36446000
v -0.10187240 -0.07243629 0.36445996
v -0.10757648 -0.06365769 0.36446042
v -0.11252594 -0.05443267 0.36446058
v -0.11668606 -0.04482594 0.36446025
v -0.12002773 -0.03490477 0.36446010
v -0.12252754 -0.02473871 0.36446019
v -0.12416790 -0.01439902 0.36446069
v -0.12493731 -0.00395840 0.36446083
v -0.12483037 0.00650987 0.36446042
v -0.12384785 0.01693252 0.36446010
v -0.12199663 0.02723642 0.36445990
v -0.11928969 0.03734933 0.36445992
v -0.11574596 0.04720033 0.36446042
v -0.11139040 0.05672019 0.36446073
v -0.10625356 0.06584210 0.36446073
v -0.10037138 0.07450227 0.36446133
v -0.09378521 0.08263979 0.36446173
v -0.08654131 0.09019756 0.36446163
v -0.07869040 0.09712271 0.36446163
v -0.07028750 0.10336667 0.36446163
v -0.06139158 0.10888560 0.36446154
v -0.05206500 0.11364081 0.36446138
v -0.04237321 0.11759894 0.36446110
v -0.03238419 0.12073221 0.36446085
v -0.02216800 0.12301862 0.36446075
v -0.01179633 0.12444215 0.36446117
v -0.00134229 0.12499279 0.36446158
v 0.00912054 0.12466681 0.36446210
v 0.01951850 0.12346671 0.36446408
v 0.02977806 0.12140127 0.36446873
v 0.03982619 0.11848575 0.36447671
v 0.04959104 0.11474200 0.36449050
v 0.05900246 0.11019850 0.36451527
v 0.06799240 0.10489058 0.36455629
v 0.07649538 0.09886079 0.36462333
v 0.08444921 0.09215927 0.36473308
v 0.09179585 0.08484410 0.36490979
v 0.09848223 0.07698215 0.36519154
v 0.10446117 0.06865031 0.36563956
v 0.10969133 0.05994006 0.36635094
v 0.11412571 0.05099337 0.36749323
v 0.11766312 0.04219465 0.36933575
v 0.12203519 0.02706310 0.37032735
v 0.12395667 0.01611656 0.39647712
v 0.12395354 -0.01614063 0.43672667
v 0.12418444 0.01425573 0.43737946
v 0.12419269 -0.01418360 0.39606923
v 0.12268873 0.02392652 0.44028406
v 0.12270815 -0.02382663 0.39342179
v 0.12278385 0.02343340 0.39842619
v 0.12277344 -0.02348798 0.43470435
v 0.12017429 0.03439677 0.43891573
v 0.12011852 -0.03459104 0.39592617
v 0.12065900 0.03265587 0.40043054
v 0.11682167 0.04447131 0.43721896
v 0.11776031 0.04192265 0.39922371
v 0.11256121 0.05435969 0.43831175
v 0.11422608 0.05076810 0.39848852
v 0.10773652 0.06338644 0.43839875
v 0.10993273 0.05949617 0.39778846
v 0.10219833 0.07197569 0.43828117
v 0.10486850 0.06802644 0.39720008
v 0.09595265 0.08011298 0.43813056
v 0.09904725 0.07625379 0.39674863
v 0.08902885 0.08774317 0.43799419
v 0.09250183 0.08407385 0.39642256
v 0.08147002 0.09480315 0.43788260
v 0.08527973 0.09139129 0.39619235
v 0.07332640 0.10123358 0.43779673
v 0.07743421 0.09812719 0.39603427
v 0.06465483 0.10698015 0.43773344
v 0.06902400 0.10421462 0.39592827
v 0.05551806 0.11199440 0.43768885
v 0.06011235 0.10959702 0.39585758
v 0.04598154 0.11623552 0.43765865
v 0.05076512 0.11422742 0.39581273
v 0.03611344 0.11966963 0.43763846
v 0.04105100 0.11806700 0.39578631
v 0.02598615 0.12226904 0.43762617
v 0.03104148 0.12108437 0.39576948
v 0.01567219 0.12401365 0.43761908
v 0.02080915 0.12325575 0.39575979
v 0.00524485 0.12488992 0.43761454
v 0.01042744 0.12456431 0.39575546
v -0.00522138 0.12489090 0.43761173
v -0.00002962 0.12500000 0.39575323
v -0.01565200 0.12401619 0.43761117
v -0.01048794 0.12455923 0.39575152
v -0.02597352 0.12227173 0.43761175
v -0.02087338 0.12324490 0.39575102
v -0.03611348 0.11966960 0.43761192
v -0.03111258 0.12106613 0.39575185
v -0.04600038 0.11622808 0.43761204
v -0.04113381 0.11803817 0.39575254
v -0.05556469 0.11197127 0.43761204
v -0.05086663 0.11418225 0.39575302
v -0.06473929 0.10692906 0.43761183
v -0.06024267 0.10952544 0.39575323
v -0.07345979 0.10113683 0.43761140
v -0.06919615 0.10410040 0.39575319
v -0.08166502 0.09463523 0.43761069
v -0.07766425 0.09794521 0.39575294
v -0.08929746 0.08746979 0.43760973
v -0.08558763 0.09110302 0.39575248
v -0.09630356 0.07969081 0.43760854
v -0.09291069 0.08362179 0.39575183
v -0.10263406 0.07135300 0.43760835
v -0.09958217 0.07555390 0.39575048
v -0.10824467 0.06251475 0.43760856
v -0.10555510 0.06695610 0.39574965
v -0.11309612 0.05323781 0.43760794
v -0.11078756 0.05788883 0.39574979
v -0.11715427 0.04358760 0.43760831
v -0.11524304 0.04841527 0.39574915
v -0.12039065 0.03363173 0.43760915
v -0.11889017 0.03860217 0.39574894
v -0.12278265 0.02343975 0.43760919
v -0.12170331 0.02851850 0.39574971
v -0.12431342 0.01308331 0.43760898
v -0.12366283 0.01823473 0.39575023
v -0.12497223 0.00263506 0.43760858
v -0.12475496 0.00782298 0.39575050
v -0.12475442 -0.00783171 0.43760792
v -0.12497204 -0.00264367 0.39575048
v -0.12366156 -0.01824333 0.43760823
v -0.12431252 -0.01309196 0.39574967
v -0.12170133 -0.02852690 0.43760887
v -0.12278102 -0.02344831 0.39574927
v -0.11888746 -0.03861054 0.43760862
v -0.12038835 -0.03363994 0.39574975
v -0.11523962 -0.04842342 0.43760806
v -0.11715125 -0.04359569 0.39574998
v -0.11078346 -0.05789669 0.43760729
v -0.11309242 -0.05324571 0.39574990
v -0.10555029 -0.06696369 0.43760750
v -0.10824023 -0.06252244 0.39574904
v -0.09957683 -0.07556094 0.43760810
v -0.10262881 -0.07136054 0.39574865
v -0.09290477 -0.08362835 0.43760783
v -0.09629767 -0.07969792 0.39574921
v -0.08558100 -0.09110925 0.43760733
v -0.08929100 -0.08747638 0.39574950
v -0.07765704 -0.09795094 0.43760787
v -0.08165783 -0.09464142 0.39574898
v -0.06918842 -0.10410554 0.43760890
v -0.07345194 -0.10114254 0.39574892
v -0.06023431 -0.10953002 0.43760910
v -0.06473096 -0.10693410 0.39574985
v -0.05085763 -0.11418625 0.43760908
v -0.05555590 -0.11197563 0.39575056
v -0.04112417 -0.11804154 0.43760892
v -0.04599106 -0.11623175 0.39575100
v -0.03110244 -0.12106873 0.43760979
v -0.03610348 -0.11967263 0.39575063
v -0.02086269 -0.12324669 0.43761104
v -0.02596283 -0.12227400 0.39575060
v -0.01047663 -0.12456019 0.43761127
v -0.01564048 -0.12401765 0.39575133
v -0.00001737 -0.12500000 0.43761094
v -0.00520875 -0.12489144 0.39575142
v 0.01044129 -0.12456315 0.43760967
v 0.00525883 -0.12488933 0.39575052
v 0.02082537 -0.12325300 0.43760667
v 0.01568823 -0.12401160 0.39574812
v 0.03106090 -0.12107940 0.43760052
v 0.02600538 -0.12226496 0.39574325
v 0.04107431 -0.11805890 0.43758871
v 0.03613648 -0.11966267 0.39573431
v 0.05079292 -0.11421506 0.43756735
v 0.04600869 -0.11622479 0.39571892
v 0.06014573 -0.10957871 0.43753273
v 0.05555104 -0.11197804 0.39569383
v 0.06906277 -0.10418894 0.43747487
v 0.06469308 -0.10695702 0.39565521
v 0.07747642 -0.09809385 0.43737912
v 0.07336756 -0.10120375 0.39559740
v 0.08532327 -0.09135065 0.43723008
v 0.08151267 -0.09476648 0.39551381
v 0.09254400 -0.08402742 0.43700748
v 0.08907140 -0.08769998 0.39539938
v 0.09908485 -0.07620494 0.43668842
v 0.09599408 -0.08006333 0.39525198
v 0.10489925 -0.06797902 0.43625131
v 0.10224002 -0.07191646 0.39507683
v 0.10995119 -0.05946204 0.43568315
v 0.10777898 -0.06331421 0.39489467
v 0.11422337 -0.05077423 0.43498656
v 0.11259165 -0.05429658 0.39476402
v 0.11773750 -0.04198669 0.43414140
v 0.11667348 -0.04485862 0.39486379
v 0.12063183 -0.03275604 0.43269896
v 0.12482610 0.00659108 0.43347058
v 0.12482781 -0.00655879 0.39989431
v 0.12472598 0.00827235 0.39920550
v 0.12472546 -0.00828010 0.43405642
v 0.12472102 0.00834679 0.48746700
v 0.12472096 -0.00834754 0.34587973
v 0.12485590 0.00600031 0.42502112
v 0.12485727 -0.00597167 0.40830502
v 0.12478054 -0.00740385 0.48584262
v 0.12478063 0.00740250 0.34748646
v 0.12425096 -0.01366381 0.47575183
v 0.12425148 0.01365913 0.35756731
v 0.12372056 0.01783881 0.47900717
v 0.12372006 -0.01784223 0.35437381
v 0.12133027 0.03006606 0.48005575
v 0.12132771 -0.03007633 0.35332827
v 0.11852169 0.03971910 0.48055379
v 0.11851708 -0.03973290 0.35281273
v 0.11499842 0.04899350 0.48018210
v 0.11059796 0.05825025 0.47985610
v 0.10539073 0.06721452 0.47965098
v 0.09943694 0.07574494 0.47952704
v 0.09278558 0.08376058 0.47944804
v 0.08548371 0.09120052 0.47939404
v 0.07758104 0.09801112 0.47935535
v 0.06913158 0.10414329 0.47932719
v 0.06019379 0.10955231 0.47930685
v 0.05083017 0.11419848 0.47929240
v 0.04110658 0.11804767 0.47928231
v 0.03109181 0.12107146 0.47927556
v 0.02085675 0.12324771 0.47927117
v 0.01047369 0.12456044 0.47926833
v 0.00001596 0.12500000 0.47926663
v -0.01044265 0.12456304 0.47926581
v -0.02082852 0.12325248 0.47926546
v -0.03106865 0.12107742 0.47926523
v -0.04109104 0.11805306 0.47926502
v -0.05082531 0.11420065 0.47926488
v -0.06020313 0.10954719 0.47926475
v -0.06915865 0.10412531 0.47926458
v -0.07762904 0.09797310 0.47926442
v -0.08555494 0.09113371 0.47926423
v -0.09288071 0.08365510 0.47926410
v -0.09955498 0.07558973 0.47926413
v -0.10553094 0.06699417 0.47926421
v -0.11076673 0.05792869 0.47926419
v -0.11522558 0.04845685 0.47926421
v -0.11887623 0.03864510 0.47926425
v -0.12169304 0.02856227 0.47926415
v -0.12365629 0.01827904 0.47926398
v -0.12475217 0.00786763 0.47926385
v -0.12497298 -0.00259898 0.47926383
v -0.12431721 -0.01304729 0.47926394
v -0.12278944 -0.02340408 0.47926404
v -0.12040040 -0.03359677 0.47926396
v -0.11716683 -0.04355379 0.47926377
v -0.11311144 -0.05320529 0.47926369
v -0.10826265 -0.06248358 0.47926375
v -0.10265448 -0.07132360 0.47926385
v -0.09632625 -0.07966337 0.47926381
v -0.08932235 -0.08744435 0.47926375
v -0.08169194 -0.09461198 0.47926388
v -0.07348850 -0.10111598 0.47926404
v -0.06476956 -0.10691073 0.47926406
v -0.05559627 -0.11195558 0.47926406
v -0.04603302 -0.11621515 0.47926417
v -0.03614690 -0.11965952 0.47926446
v -0.02600725 -0.12226456 0.47926475
v -0.01568517 -0.12401200 0.47926481
v -0.00525310 -0.12488956 0.47926465
v 0.00521565 -0.12489115 0.47926429
v 0.01564746 -0.12401677 0.47926354
v 0.02596887 -0.12227271 0.47926194
v 0.03610698 -0.11967158 0.47925873
v 0.04598985 -0.11623223 0.47925254
v 0.05554706 -0.11198002 0.47924110
v 0.06471010 -0.10694673 0.47922029
v 0.07341292 -0.10117085 0.47918348
v 0.08159265 -0.09469763 0.47912071
v 0.08919033 -0.08757902 0.47901621
v 0.09615212 -0.07987346 0.47884419
v 0.10243117 -0.07164396 0.47856090
v 0.10799106 -0.06295183 0.47808658
v 0.11281204 -0.05383719 0.47726158
v 0.11689525 -0.04427756 0.47572813
v 0.11499321 -0.04900575 0.35316094
v 0.11059533 -0.05825523 0.35346931
v 0.10539321 -0.06721065 0.35367160
v 0.09944469 -0.07573477 0.35380188
v 0.09279740 -0.08374750 0.35388881
v 0.08549800 -0.09118712 0.35394887
v 0.07759631 -0.09799904 0.35399106
v 0.06914658 -0.10413333 0.35402065
v 0.06020760 -0.10954471 0.35404115
v 0.05084237 -0.11419306 0.35405500
v 0.04111723 -0.11804394 0.35406402
v 0.03110108 -0.12106908 0.35406969
v 0.02086481 -0.12324633 0.35407312
v 0.01048081 -0.12455983 0.35407512
v 0.00002240 -0.12500000 0.35407621
v -0.01043675 -0.12456354 0.35407675
v -0.02082306 -0.12325340 0.35407702
v -0.03106352 -0.12107873 0.35407723
v -0.04108619 -0.11805475 0.35407733
v -0.05082069 -0.11420271 0.35407719
v -0.06019871 -0.10954960 0.35407696
v -0.06915448 -0.10412808 0.35407681
v -0.07762523 -0.09797615 0.35407683
v -0.08555146 -0.09113696 0.35407690
v -0.09287758 -0.08365856 0.35407683
v -0.09955223 -0.07559335 0.35407677
v -0.10552858 -0.06699790 0.35407685
v -0.11076473 -0.05793250 0.35407698
v -0.11522392 -0.04846079 0.35407696
v -0.11887490 -0.03864919 0.35407688
v -0.12169206 -0.02856648 0.35407688
v -0.12365565 -0.01828335 0.35407700
v -0.12475187 -0.00787198 0.35407713
v -0.12497306 0.00259458 0.35407706
v -0.12431767 0.01304292 0.35407688
v -0.12279027 0.02339979 0.35407675
v -0.12040158 0.03359254 0.35407671
v -0.11716835 0.04354971 0.35407685
v -0.11311327 0.05320138 0.35407706
v -0.10826479 0.06247988 0.35407721
v -0.10265694 0.07132008 0.35407744
v -0.09632902 0.07966004 0.35407769
v -0.08932546 0.08744119 0.35407779
v -0.08169537 0.09460902 0.35407781
v -0.07349225 0.10111325 0.35407779
v -0.06477362 0.10690827 0.35407775
v -0.05560065 0.11195342 0.35407767
v -0.04603767 0.11621331 0.35407752
v -0.03615173 0.11965806 0.35407735
v -0.02601219 0.12226350 0.35407727
v -0.01569025 0.12401135 0.35407733
v -0.00525838 0.12488935 0.35407756
v 0.00521008 0.12489138 0.35407796
v 0.01564146 0.12401752 0.35407896
v 0.02596225 0.12227412 0.35408127
v 0.03609952 0.11967383 0.35408571
v 0.04598133 0.11623560 0.35409356
v 0.05553729 0.11198485 0.35410737
v 0.06469910 0.10695338 0.35413100
v 0.07340098 0.10117952 0.35417035
v 0.08158029 0.09470827 0.35423533
v 0.08917831 0.08759125 0.35434175
v 0.09614133 0.07988644 0.35451504
v 0.10242248 0.07165635 0.35479840
v 0.10798531 0.06296169 0.35527015
v 0.11280962 0.05384225 0.35608831
v 0.11689565 0.04427648 0.35761023
v 0.12020604 -0.03428567 0.47255846
v 0.12020812 0.03427835 0.36076377
v 0.12267029 -0.02402081 0.47631837
v 0.12267160 0.02401415 0.35699888
v 0.12475940 0.00775196 0.44510498
v 0.12476088 -0.00772823 0.38829331
v 0.12274581 0.02363190 0.45065662
v 0.12274925 -0.02361402 0.38294896
v 0.12338246 -0.02004419 0.44448858
v 0.12338738 0.02001392 0.38873825
v 0.12207215 0.02689596 0.40835956
v 0.12204754 -0.02700740 0.42450790
v 0.11909419 0.03796804 0.42839915
v 0.11845342 -0.03992227 0.40506379
v 0.11476138 0.04954621 0.42846910
v 0.11569777 0.04731835 0.40891615
v 0.11890879 0.03854475 0.40908517
v 0.11064300 0.05816463 0.42833915
v 0.11164600 0.05621540 0.40827321
v 0.09986308 0.07518221 0.42790033
v 0.10129950 0.07323531 0.40729740
v 0.10562910 0.06683929 0.42813010
v 0.10684506 0.06487783 0.40773673
v 0.09337948 0.08309796 0.42770573
v 0.09501783 0.08121954 0.40697542
v 0.08622706 0.09049802 0.42754581
v 0.08804587 0.08872950 0.40673469
v 0.07845285 0.09731471 0.42742242
v 0.08043165 0.09568569 0.40656110
v 0.07011104 0.10348644 0.42733129
v 0.07223058 0.10201835 0.40643977
v 0.05197158 0.11368358 0.42722098
v 0.05431700 0.11258181 0.40629846
v 0.06126137 0.10895892 0.42726642
v 0.06350331 0.10766769 0.40635800
v 0.04230300 0.11762421 0.42719177
v 0.04473473 0.11672104 0.40626521
v 0.02212540 0.12302629 0.42716190
v 0.02467485 0.12254042 0.40622890
v 0.03232981 0.12074677 0.42717256
v 0.03482996 0.12004946 0.40624450
v 0.01175998 0.12444558 0.42715481
v 0.01434160 0.12417454 0.40622250
v 0.00130950 0.12499315 0.42715077
v 0.00390492 0.12493900 0.40621892
v -0.01954977 0.12346177 0.42714935
v -0.01698227 0.12384104 0.40621510
v -0.00915200 0.12466452 0.42714827
v -0.00656092 0.12482771 0.40621756
v -0.02981171 0.12139300 0.42714890
v -0.02728473 0.12198583 0.40621581
v -0.03986475 0.11847279 0.42714902
v -0.03739619 0.11927500 0.40621642
v -0.04963835 0.11472154 0.42714917
v -0.04724552 0.11572752 0.40621685
v -0.05906383 0.11016562 0.42714917
v -0.05676356 0.11136829 0.40621708
v -0.06807504 0.10483696 0.42714892
v -0.06588346 0.10622792 0.40621706
v -0.07660877 0.09877296 0.42714842
v -0.07454123 0.10034244 0.40621679
v -0.08460515 0.09201612 0.42714767
v -0.08267615 0.09375317 0.40621631
v -0.09200810 0.08461388 0.42714669
v -0.09023117 0.08650629 0.40621575
v -0.10483035 0.06808521 0.42714660
v -0.10339417 0.07024702 0.40621331
v -0.09876575 0.07661804 0.42714533
v -0.09715323 0.07865273 0.40621554
v -0.11015996 0.05907440 0.42714554
v -0.10890954 0.06134908 0.40621363
v -0.11846892 0.03987623 0.42714654
v -0.11761552 0.04232717 0.40621254
v -0.11471685 0.04964921 0.42714467
v -0.11366104 0.05202085 0.40621413
v -0.12139021 0.02982310 0.42714615
v -0.12074481 0.03233712 0.40621338
v -0.12346000 0.01956083 0.42714608
v -0.12302723 0.02212017 0.40621383
v -0.12466383 0.00916133 0.42714592
v -0.12444671 0.01174798 0.40621408
v -0.12499321 -0.00130246 0.42714554
v -0.12499331 0.00129340 0.40621421
v -0.12302565 -0.02212894 0.42714652
v -0.12345856 -0.01957000 0.40621285
v -0.12444585 -0.01175719 0.42714475
v -0.12466317 -0.00917019 0.40621458
v -0.12074246 -0.03234592 0.42714585
v -0.12138804 -0.02983190 0.40621340
v -0.11761235 -0.04233596 0.42714548
v -0.11846608 -0.03988467 0.40621358
v -0.11365727 -0.05202906 0.42714494
v -0.11471319 -0.04965769 0.40621360
v -0.10338894 -0.07025473 0.42714575
v -0.10482525 -0.06809308 0.40621215
v -0.10890492 -0.06135729 0.42714404
v -0.11015569 -0.05908235 0.40621392
v -0.09714750 -0.07865981 0.42714508
v -0.09875981 -0.07662571 0.40621277
v -0.09022462 -0.08651310 0.42714475
v -0.09200163 -0.08462094 0.40621315
v -0.07453352 -0.10034817 0.42714625
v -0.07660079 -0.09877915 0.40621240
v -0.08266883 -0.09375963 0.42714417
v -0.08459813 -0.09202258 0.40621381
v -0.06587502 -0.10623315 0.42714602
v -0.06806656 -0.10484246 0.40621338
v -0.05675448 -0.11137292 0.42714617
v -0.05905481 -0.11017046 0.40621406
v -0.04723579 -0.11573150 0.42714623
v -0.04962881 -0.11472569 0.40621465
v -0.02727394 -0.12198825 0.42714833
v -0.02980067 -0.12139571 0.40621427
v -0.03738573 -0.11927827 0.42714598
v -0.03985477 -0.11847615 0.40621552
v -0.01697052 -0.12384265 0.42714819
v -0.01953827 -0.12346358 0.40621523
v -0.00654844 -0.12482835 0.42714808
v -0.00913904 -0.12466546 0.40621550
v 0.00391900 -0.12493854 0.42714729
v 0.00132373 -0.12499300 0.40621494
v 0.01435783 -0.12417267 0.42714510
v 0.01177615 -0.12444406 0.40621306
v 0.02469392 -0.12253656 0.42714046
v 0.02214402 -0.12302294 0.40620894
v 0.03485325 -0.12004271 0.42713140
v 0.03235327 -0.12074048 0.40620106
v 0.04476238 -0.11671046 0.42711487
v 0.04233033 -0.11761438 0.40618710
v 0.06354394 -0.10764371 0.42704492
v 0.06130219 -0.10893596 0.40612727
v 0.05434854 -0.11256658 0.42708563
v 0.05200229 -0.11366952 0.40616350
v 0.07227510 -0.10198681 0.42697110
v 0.07015517 -0.10345652 0.40607004
v 0.08047873 -0.09564610 0.42685858
v 0.07849944 -0.09727713 0.40598494
v 0.08809327 -0.08868246 0.42669262
v 0.08627448 -0.09045283 0.40586448
v 0.09506288 -0.08116679 0.42645860
v 0.09342629 -0.08304533 0.40570331
v 0.10133892 -0.07318077 0.42614483
v 0.09990894 -0.07512125 0.40550210
v 0.10688229 -0.06481648 0.42574777
v 0.10568598 -0.06674933 0.40527427
v 0.11166648 -0.05617471 0.42527710
v 0.11073021 -0.05799848 0.40505812
v 0.11567635 -0.04737065 0.42475160
v 0.11501463 -0.04895544 0.40493760
v 0.11885598 -0.03870733 0.42419015
v 0.12170700 0.02850273 0.42863502
v 0.12185583 -0.02785954 0.40477008
v 0.12357602 0.01881404 0.42872856
v 0.12360108 -0.01864863 0.40463102
v 0.12062258 0.03279015 0.40879573
v 0.12057210 -0.03297525 0.42402035
v 0.12030046 -0.03395290 0.40511112
v 0.11705425 0.04385550 0.42848994
v 0.12388100 0.01668829 0.40706538
v 0.12387915 -0.01670202 0.42607394
v 0.12340429 0.01990933 0.45705169
v 0.12340573 -0.01990035 0.37644823
v 0.12446837 0.01151625 0.42874875
v 0.12447469 -0.01144792 0.40460102
v 0.12478208 0.00737777 0.40966631
v 0.12478233 -0.00737365 0.42359717
v 0.12389385 0.01659260 0.49131215
v 0.12389365 -0.01659413 0.34203790
v 0.12380910 -0.01721352 0.48775621
v 0.12380946 0.01721100 0.34557044
v 0.12239975 0.02536333 0.49008604
v 0.12239904 -0.02536679 0.34326973
v 0.11985729 0.03548563 0.49014071
v 0.11985565 -0.03549119 0.34321215
v 0.11653844 0.04520835 0.49014821
v 0.11242375 0.05464337 0.49001233
v 0.10750354 0.06378079 0.48988710
v 0.10181767 0.07251319 0.48980252
v 0.09541358 0.08075425 0.48974885
v 0.08833927 0.08843742 0.48971383
v 0.08064471 0.09550619 0.48968977
v 0.07238340 0.10190998 0.48967267
v 0.06361285 0.10760300 0.48966033
v 0.05439431 0.11254448 0.48965150
v 0.04479248 0.11669890 0.48964527
v 0.03487485 0.12003644 0.48964100
v 0.02471131 0.12253306 0.48963815
v 0.01437346 0.12417088 0.48963629
v 0.00393402 0.12493808 0.48963512
v -0.00653350 0.12482915 0.48963448
v -0.01695554 0.12384471 0.48963415
v -0.02725887 0.12199160 0.48963398
v -0.03737115 0.11928285 0.48963387
v -0.04722137 0.11573740 0.48963379
v -0.05674040 0.11138010 0.48963371
v -0.06586144 0.10624156 0.48963362
v -0.07452050 0.10035783 0.48963354
v -0.08265685 0.09377017 0.48963346
v -0.09021344 0.08652477 0.48963340
v -0.09713723 0.07867248 0.48963337
v -0.10337967 0.07026838 0.48963340
v -0.10889698 0.06137140 0.48963340
v -0.11365048 0.05204392 0.48963340
v -0.11760681 0.04235140 0.48963342
v -0.12073821 0.03236177 0.48963340
v -0.12302273 0.02214517 0.48963333
v -0.12444433 0.01177321 0.48963327
v -0.12499304 0.00131867 0.48963323
v -0.12466502 -0.00914508 0.48963325
v -0.12346256 -0.01954471 0.48963329
v -0.12139410 -0.02980723 0.48963329
v -0.11847415 -0.03986069 0.48963323
v -0.11472319 -0.04963456 0.48963319
v -0.11016754 -0.05906025 0.48963317
v -0.10483915 -0.06807169 0.48963319
v -0.09877537 -0.07660567 0.48963321
v -0.09201875 -0.08460231 0.48963321
v -0.08461669 -0.09200552 0.48963323
v -0.07662110 -0.09876340 0.48963327
v -0.06808806 -0.10482852 0.48963331
v -0.05907742 -0.11015833 0.48963333
v -0.04965238 -0.11471548 0.48963337
v -0.03987906 -0.11846798 0.48963348
v -0.02982604 -0.12138948 0.48963360
v -0.01956381 -0.12345954 0.48963367
v -0.00916435 -0.12466360 0.48963365
v 0.00129931 -0.12499325 0.48963352
v 0.01175373 -0.12444617 0.48963323
v 0.02212546 -0.12302627 0.48963260
v 0.03234150 -0.12074365 0.48963133
v 0.04232990 -0.11761454 0.48962885
v 0.05202006 -0.11366140 0.48962419
v 0.06134338 -0.10891275 0.48961565
v 0.07023365 -0.10340327 0.48960044
v 0.07862760 -0.09717356 0.48957417
v 0.08646558 -0.09027017 0.48952990
v 0.09369233 -0.08274506 0.48945623
v 0.10025825 -0.07465444 0.48933362
v 0.10612213 -0.06605371 0.48912571
v 0.11125879 -0.05697790 0.48875756
v 0.11568383 -0.04735240 0.48805577
v 0.11653617 -0.04521419 0.34319579
v 0.11242192 -0.05464715 0.34332252
v 0.10750346 -0.06378092 0.34344285
v 0.10182006 -0.07250983 0.34352769
v 0.09541829 -0.08074869 0.34358431
v 0.08834565 -0.08843102 0.34362254
v 0.08065200 -0.09550002 0.34364892
v 0.07239094 -0.10190462 0.34366733
v 0.06362006 -0.10759873 0.34368013
v 0.05440087 -0.11254131 0.34368890
v 0.04479825 -0.11669669 0.34369475
v 0.03487990 -0.12003496 0.34369854
v 0.02471571 -0.12253217 0.34370090
v 0.01437731 -0.12417042 0.34370231
v 0.00393746 -0.12493798 0.34370313
v -0.00653038 -0.12482929 0.34370356
v -0.01695267 -0.12384508 0.34370379
v -0.02725621 -0.12199221 0.34370392
v -0.03736862 -0.11928365 0.34370398
v -0.04721896 -0.11573835 0.34370398
v -0.05673810 -0.11138127 0.34370390
v -0.06585929 -0.10624290 0.34370381
v -0.07451850 -0.10035931 0.34370379
v -0.08265504 -0.09377177 0.34370379
v -0.09021179 -0.08652648 0.34370379
v -0.09713575 -0.07867429 0.34370377
v -0.10337840 -0.07027025 0.34370377
v -0.10889590 -0.06137331 0.34370381
v -0.11364956 -0.05204590 0.34370383
v -0.11760606 -0.04235344 0.34370381
v -0.12073765 -0.03236390 0.34370381
v -0.12302233 -0.02214733 0.34370383
v -0.12444412 -0.01177540 0.34370390
v -0.12499302 -0.00132090 0.34370390
v -0.12466519 0.00914287 0.34370383
v -0.12346292 0.01954252 0.34370377
v -0.12139462 0.02980508 0.34370373
v -0.11847485 0.03985860 0.34370375
v -0.11472406 0.04963254 0.34370383
v -0.11016856 0.05905833 0.34370394
v -0.10484031 0.06806987 0.34370402
v -0.09877671 0.07660394 0.34370415
v -0.09202025 0.08460067 0.34370423
v -0.08461835 0.09200398 0.34370425
v -0.07662294 0.09876196 0.34370425
v -0.06809006 0.10482721 0.34370425
v -0.05907956 0.11015719 0.34370421
v -0.04965467 0.11471450 0.34370415
v -0.03988146 0.11846717 0.34370408
v -0.02982852 0.12138888 0.34370402
v -0.01956635 0.12345912 0.34370402
v -0.00916698 0.12466342 0.34370408
v 0.00129656 0.12499327 0.34370425
v 0.01175081 0.12444646 0.34370465
v 0.02212227 0.12302685 0.34370552
v 0.03233796 0.12074458 0.34370727
v 0.04232587 0.11761598 0.34371048
v 0.05201548 0.11366350 0.34371615
v 0.06133819 0.10891569 0.34372594
v 0.07022794 0.10340715 0.34374246
v 0.07862158 0.09717842 0.34376992
v 0.08645960 0.09027590 0.34381521
v 0.09368677 0.08275138 0.34388960
v 0.10025354 0.07466075 0.34401244
v 0.10611871 0.06605923 0.34421956
v 0.11125690 0.05698160 0.34458521
v 0.11568340 0.04735346 0.34528235
v 0.11954310 -0.03653006 0.48657162
v 0.11954371 0.03652810 0.34675946
v 0.12211015 -0.02672290 0.48861348
v 0.12211071 0.02672033 0.34471421
v 0.12314621 -0.02144785 0.45904192
v 0.12314908 0.02143131 0.37424460
v 0.12290977 0.02276379 0.46234360
v 0.12290894 -0.02276819 0.37113619
v 0.12469363 -0.00874644 0.35442379
v 0.12469367 0.00874592 0.47893544
v 0.12124265 -0.03041748 0.48101548
v 0.12124379 0.03041285 0.35230908
v 0.12492008 -0.00446908 0.49385650
v 0.12492010 0.00446875 0.33947579
v 0.05018435 -0.09268960 0.33333333
v 0.07165869 -0.07729725 0.33333333
v -0.05137029 -0.09203762 0.33333333
v 0.10229192 -0.02023406 0.33333333
v -0.02686758 -0.10192135 0.33333333
v -0.00067667 -0.10540100 0.33333333
v 0.02555675 -0.10225792 0.33333333
v 0.08841877 -0.05527365 0.33333333
v -0.07264523 -0.07637081 0.33333333
v -0.08935558 -0.05590535 0.33333333
v -0.10523552 -0.00594285 0.33333333
v -0.10045142 -0.03192715 0.33333333
v -0.09508156 0.04548983 0.33333333
v -0.10340727 0.02041485 0.33333333
v -0.08078154 0.06770652 0.33333333
v -0.06140573 0.08566894 0.33333333
v 0.10362035 0.00651925 0.33333333
v -0.03817154 0.09824848 0.33333333
v 0.03942985 0.09775029 0.33333333
v 0.01388158 0.10448508 0.33333333
v 0.06250060 0.08487348 0.33333333
v 0.08164421 0.06666375 0.33333333
v -0.01253892 0.10465471 0.33333333
v 0.09394388 0.04420662 0.33333333
v 0.09785527 -0.03874365 0.33333333
v 0.10196267 0.02617956 0.33333333
v 0.11007352 -0.00692523 0.33333333
v 0.06417042 -0.09069862 0.33333333
v -0.11078825 0.00836933 0.33333333
v -0.07503196 0.08194075 0.33333333
v 0.07706777 0.08002900 0.33333333
v 0.05474415 0.09668073 0.33333333
v -0.10938900 -0.01944552 0.33333333
v 0.09454894 0.05834877 0.33333333
v -0.05229685 0.09802613 0.33333333
v -0.09305254 0.06070675 0.33333333
v 0.00139635 0.11109515 0.33333333
v -0.10522627 0.03565831 0.33333333
v -0.02627575 0.10795215 0.33333333
v -0.08649035 -0.06973881 0.33333333
v 0.02898073 0.10725762 0.33333333
v -0.06642977 -0.08905710 0.33333333
v -0.10111644 -0.04603856 0.33333333
v 0.03959856 -0.10380769 0.33333333
v 0.01253856 -0.11039415 0.33333333
v -0.04219515 -0.10277962 0.33333333
v 0.08498079 -0.07030223 0.33333333
v -0.01530927 -0.11004412 0.33333333
v 0.07414285 -0.06133631 0.33333333
v 0.09603540 -0.00604204 0.33333333
v 0.05655979 -0.07784790 0.33333333
v -0.03542290 -0.08946800 0.33333333
v 0.01206023 -0.09546652 0.33333333
v 0.03542290 -0.08946800 0.33333333
v -0.01206023 -0.09546652 0.33333333
v 0.08124569 0.05156008 0.33333333
v 0.00000000 0.09622527 0.33333333
v -0.09151569 0.02973525 0.33333333
v -0.06587073 0.07014521 0.33333333
v -0.04635688 0.08432285 0.33333333
v 0.04635688 0.08432285 0.33333333
v 0.06587073 0.07014521 0.33333333
v -0.08124569 0.05156008 0.33333333
v -0.05655979 -0.07784790 0.33333333
v -0.09603540 0.00604204 0.33333333
v 0.02393025 0.09320219 0.33333333
v -0.07414285 -0.06133631 0.33333333
v -0.08706723 -0.04097073 0.33333333
v -0.02393025 0.09320219 0.33333333
v -0.09452088 -0.01803081 0.33333333
v 0.09225371 -0.02716942 0.33333333
v 0.08584881 -0.04334635 0.33333333
v 0.09449162 0.01564958 0.33333333
v 0.09034288 0.03180785 0.33333333
v 0.09969854 -0.05118304 0.33333333
v 0.10771431 -0.03093752 0.33333333
v 0.10513337 0.03891950 0.33333333
v 0.10997742 0.01695904 0.33333333
v 0.11397925 0.00404823 0.33333333
v 0.08555554 0.07646762 0.33333333
v 0.03813433 0.10822579 0.33333333
v 0.10290292 0.05108146 0.33333333
v 0.06385094 0.09534206 0.33333333
v -0.07094467 0.09018817 0.33333333
v 0.01002160 0.11430931 0.33333333
v -0.09114469 0.06971152 0.33333333
v -0.04628692 0.10499796 0.33333333
v -0.01872081 0.11321033 0.33333333
v 0.08172748 -0.08035835 0.33333333
v -0.10561777 0.04485462 0.33333333
v -0.11345448 0.01717938 0.33333333
v 0.05908167 -0.09836873 0.33333333
v -0.11416244 -0.01157533 0.33333333
v -0.07529698 -0.08658762 0.33333333
v -0.09446485 -0.06514171 0.33333333
v -0.05139792 -0.10259290 0.33333333
v -0.10769715 -0.03960271 0.33333333
v 0.00438417 -0.11466398 0.33333333
v 0.03276221 -0.10997131 0.33333333
v -0.02426933 -0.11215190 0.33333333
v 0.04472327 -0.08135133 0.33333333
v 0.00000000 -0.09283431 0.33333333
v -0.02308696 -0.08991777 0.33333333
v 0.06354946 -0.06767331 0.33333333
v 0.02308696 -0.08991777 0.33333333
v -0.04472327 -0.08135133 0.33333333
v -0.07838260 -0.04974312 0.33333333
v -0.06354946 -0.06767331 0.33333333
v -0.09265113 -0.00582913 0.33333333
v -0.08829069 -0.02868737 0.33333333
v -0.09118998 0.01739542 0.33333333
v -0.07153008 0.05917483 0.33333333
v -0.08399900 0.03952694 0.33333333
v -0.03417458 0.08631517 0.33333333
v -0.05456665 0.07510454 0.33333333
v 0.05456665 0.07510454 0.33333333
v 0.07153008 0.05917483 0.33333333
v 0.01163523 0.09210229 0.33333333
v 0.03417458 0.08631517 0.33333333
v -0.01163523 0.09210229 0.33333333
v 0.11371077 -0.01430340 0.33333333
v 0.09268294 -0.06741367 0.33333333
v 0.09217304 -0.01446617 0.33333333
v 0.07709404 -0.05255140 0.33333333
v 0.09313921 0.00273150 0.33333333
v 0.08293442 0.04247652 0.33333333
v 0.10789940 -0.04272040 0.33333333
v 0.11109915 0.03026335 0.33333333
v 0.09282256 0.06697381 0.33333333
v 0.07325067 0.08795375 0.33333333
v 0.04907615 0.10340721 0.33333333
v 0.02181800 0.11236323 0.33333333
v -0.00681104 0.11425906 0.33333333
v -0.03501215 0.10897556 0.33333333
v -0.06101329 0.09684473 0.33333333
v -0.08318075 0.07862879 0.33333333
v -0.10012165 0.05547231 0.33333333
v -0.11077154 0.02883029 0.33333333
v -0.11446125 0.00037677 0.33333333
v 0.07267556 -0.08840167 0.33333333
v 0.04839431 -0.10372806 0.33333333
v -0.11095894 -0.02810042 0.33333333
v -0.10048469 -0.05481196 0.33333333
v -0.08369658 -0.07807946 0.33333333
v 0.02107779 -0.11250444 0.33333333
v -0.00756312 -0.11421173 0.33333333
v -0.06164954 -0.09644094 0.33333333
v -0.03572881 -0.10874269 0.33333333
v 0.08935521 0.02294252 0.33333333
v 0.08565217 -0.03391208 0.33333333
v 0.09295535 -0.04713667 0.33333333
v 0.10002879 -0.02927117 0.33333333
v 0.06426323 -0.08136083 0.33333333
v 0.05672652 -0.08665781 0.33333333
v 0.10326881 -0.00179185 0.33333333
v -0.10098394 -0.02350221 0.33333333
v -0.06483983 -0.08072771 0.33333333
v -0.10290358 0.01149002 0.33333333
v -0.10367919 0.00241769 0.33333333
v -0.07395348 0.07267044 0.33333333
v 0.07642642 -0.06987267 0.33333333
v -0.03426633 -0.09785669 0.33333333
v 0.05421069 0.08821775 0.33333333
v 0.10287973 -0.01075733 0.33333333
v -0.08287894 -0.06206650 0.33333333
v -0.06714029 0.07886523 0.33333333
v 0.08235048 -0.06264219 0.33333333
v -0.09196658 -0.04787754 0.33333333
v 0.08965304 0.05143762 0.33333333
v -0.10256369 -0.01443033 0.33333333
v 0.04200844 -0.09479135 0.33333333
v -0.05759542 -0.08624377 0.33333333
v -0.04277246 -0.09432954 0.33333333
v -0.05355769 0.08877885 0.33333333
v 0.03339325 -0.09804304 0.33333333
v -0.08463975 0.05964296 0.33333333
v 0.07444642 0.07196456 0.33333333
v -0.09681323 0.03672010 0.33333333
v 0.00500598 0.10342200 0.33333333
v 0.01711500 -0.10226040 0.33333333
v -0.07723390 -0.06921087 0.33333333
v -0.00885381 -0.10330402 0.33333333
v -0.08969004 0.05206648 0.33333333
v -0.04541798 0.09308465 0.33333333
v -0.09982067 0.02812571 0.33333333
v -0.02087131 0.10141773 0.33333333
v 0.06795048 0.07834508 0.33333333
v 0.04633204 0.09278233 0.33333333
v -0.00409715 0.10362642 0.33333333
v -0.09575279 -0.03948352 0.33333333
v -0.02973927 0.09935187 0.33333333
v 0.03056871 0.09892787 0.33333333
v 0.00796181 -0.10326740 0.33333333
v -0.01796987 -0.10200308 0.33333333
v 0.08524075 0.05902648 0.33333333
v 0.02180242 0.10138971 0.33333333
v 0.09784571 0.03527837 0.33333333
v 0.10251302 0.01632685 0.33333333
v -0.07154408 -0.09425583 0.33333333
v -0.04585592 -0.10908692 0.33333333
v -0.09273685 -0.07350233 0.33333333
v 0.01236917 -0.11768485 0.33333333
v -0.10810265 -0.04813040 0.33333333
v -0.11667596 -0.01973425 0.33333333
v -0.01728646 -0.11706365 0.33333333
v 0.04124760 -0.11091148 0.33333333
v 0.06753429 -0.09716912 0.33333333
v -0.11791808 0.00990185 0.33333333
v -0.09856215 0.06548452 0.33333333
v -0.11175098 0.03891581 0.33333333
v 0.08966129 -0.07656123 0.33333333
v -0.07918029 0.08793863 0.33333333
v -0.05482325 0.10486721 0.33333333
v -0.02702146 0.11520660 0.33333333
v 0.00247819 0.11830712 0.33333333
v 0.03182210 0.11397400 0.33333333
v 0.05916654 0.10247946 0.33333333
v 0.08279331 0.08454575 0.33333333
v 0.10121790 0.06129973 0.33333333
v 0.11822929 -0.00495527 0.33333333
v 0.11480448 -0.02562052 0.33333333
v 0.10122731 -0.05991252 0.33333333
v 0.11596606 0.02312396 0.33333333
v 0.11702798 0.01221285 0.33333333
v 0.10960252 0.04554173 0.33333333
v 0.08873337 -0.00558658 0.33333333
v 0.06830490 -0.05650673 0.33333333
v 0.05210633 -0.07171821 0.33333333
v 0.01111060 -0.08794956 0.33333333
v 0.03263371 -0.08242335 0.33333333
v -0.03263371 -0.08242335 0.33333333
v -0.01111060 -0.08794956 0.33333333
v 0.06068412 0.06462204 0.33333333
v 0.04270677 0.07768333 0.33333333
v 0.07484848 0.04750029 0.33333333
v -0.06068412 0.06462204 0.33333333
v 0.02204600 0.08586352 0.33333333
v -0.04270677 0.07768333 0.33333333
v -0.07484848 0.04750029 0.33333333
v -0.08430981 0.02739392 0.33333333
v -0.05210633 -0.07171821 0.33333333
v -0.08847365 0.00556629 0.33333333
v -0.06830490 -0.05650673 0.33333333
v 0.00000000 0.08864858 0.33333333
v -0.02204600 0.08586352 0.33333333
v -0.08021163 -0.03774473 0.33333333
v -0.08707838 -0.01661108 0.33333333
v 0.11453608 -0.03458048 0.33333333
v 0.10716517 -0.05319725 0.33333333
v -0.00093508 -0.00148844 0.50000000
v -0.03866223 -0.05107271 0.50000000
v 0.02593175 -0.05763788 0.50000000
v -0.06060192 0.00998365 0.50000000
v -0.01933052 0.05949321 0.50000000
v 0.06274979 -0.00234667 0.50000000
v 0.03946454 0.05097992 0.50000000
v -0.07623219 -0.03022510 0.50000000
v -0.00856188 -0.08146085 0.50000000
v 0.06822421 -0.04532806 0.50000000
v -0.06210367 0.05355406 0.50000000
v 0.01353940 0.08333075 0.50000000
v 0.07662004 0.03544992 0.50000000
v -0.00406244 -0.03590042 0.50000000
v -0.03399842 -0.01346092 0.50000000
v 0.03021573 -0.02094019 0.50000000
v -0.02610600 0.02379604 0.50000000
v 0.00537298 0.03501319 0.50000000
v 0.03232510 0.01446215 0.50000000
v -0.06925573 -0.06257629 0.50000000
v -0.04034090 -0.08254117 0.50000000
v -0.09226054 -0.00153300 0.50000000
v 0.05445850 -0.07399125 0.50000000
v 0.02333417 -0.08927415 0.50000000
v -0.08591056 0.03255467 0.50000000
v -0.04410248 0.08105140 0.50000000
v 0.08992571 -0.02068154 0.50000000
v 0.04453721 0.08306008 0.50000000
v 0.09377169 0.00987287 0.50000000
v -0.01570788 0.09297240 0.50000000
v 0.06883242 0.06514658 0.50000000
v 0.05196708 0.02903308 0.50000000
v 0.01568354 0.05904625 0.50000000
v -0.05195617 -0.02950825 0.50000000
v -0.01289046 -0.05803144 0.50000000
v -0.05057875 0.03206208 0.50000000
v 0.04514963 -0.03904473 0.50000000
v -0.08891273 -0.05053717 0.50000000
v -0.02534869 -0.09932906 0.50000000
v -0.09937817 -0.02351185 0.50000000
v 0.00407217 -0.10206463 0.50000000
v 0.07628183 -0.06848285 0.50000000
v -0.08647381 0.05505542 0.50000000
v 0.09233667 -0.04367738 0.50000000
v -0.06689956 0.07718950 0.50000000
v 0.06033608 -0.02464744 0.50000000
v -0.04268854 0.05093908 0.50000000
v 0.00553233 -0.06479852 0.50000000
v -0.06452827 -0.01299940 0.50000000
v 0.03015102 0.09944056 0.50000000
v 0.09826929 0.03142827 0.50000000
v 0.00384396 0.10310098 0.50000000
v 0.08847096 0.05481558 0.50000000
v 0.04285498 -0.09208321 0.50000000
v -0.10021567 0.01651331 0.50000000
v -0.06174994 -0.08064002 0.50000000
v 0.01793029 -0.03654721 0.50000000
v -0.02066429 0.00339283 0.50000000
v -0.02553637 -0.03175413 0.50000000
v 0.02796298 0.03408162 0.50000000
v -0.00697498 0.01991850 0.50000000
v -0.00639383 0.07433969 0.50000000
v 0.07327765 0.01396125 0.50000000
v -0.01356804 0.03825025 0.50000000
v -0.01141692 -0.01718385 0.50000000
v -0.04043283 0.00514996 0.50000000
v 0.00993898 -0.01807894 0.50000000
v 0.01277231 0.01733846 0.50000000
v 0.10671365 -0.00717973 0.50000000
v -0.03561267 0.10085181 0.50000000
v 0.04086881 -0.00394650 0.50000000
v 0.06420927 0.08397510 0.50000000
v 0.05855860 0.04842844 0.50000000
v 0.02151379 -0.00256233 0.50000000
v 0.03540454 -0.07211915 0.50000000
v -0.07898344 0.01470606 0.50000000
v -0.04939821 -0.06507973 0.50000000
v 0.03145048 0.06922706 0.50000000
v -0.02546427 0.07741742 0.50000000
v 0.08141285 -0.00368390 0.50000000
v -0.06389615 -0.04404329 0.50000000
v -0.02523792 -0.07338650 0.50000000
v -0.06755360 0.03531104 0.50000000
v 0.05371673 -0.05591250 0.50000000
v -0.00178796 0.05472475 0.50000000
v 0.05053135 0.01240202 0.50000000
v 0.05045656 0.06644817 0.50000000
v -0.08493510 -0.06712660 0.50000000
v -0.04181310 -0.09985798 0.50000000
v 0.02013775 -0.10636927 0.50000000
v -0.10786635 -0.00920887 0.50000000
v -0.09883794 0.04417029 0.50000000
v 0.06912265 -0.08331873 0.50000000
v -0.05813500 0.09132510 0.50000000
v 0.10359456 -0.03143433 0.50000000
v -0.08194792 -0.01462023 0.50000000
v 0.00778448 -0.08188577 0.50000000
v 0.07715175 -0.03147637 0.50000000
v -0.05106450 0.06584506 0.50000000
v 0.04562121 0.09913706 0.50000000
v -0.10234263 -0.04036712 0.50000000
v -0.01135815 -0.10942810 0.50000000
v -0.08318842 0.07199448 0.50000000
v 0.09171340 -0.06076323 0.50000000
v 0.00635277 -0.04881369 0.50000000
v 0.10678521 0.01924127 0.50000000
v -0.01018419 0.10802588 0.50000000
v 0.08434985 0.06942015 0.50000000
v -0.03019569 0.03957008 0.50000000
v -0.04901696 -0.00841923 0.50000000
v 0.04585294 -0.01934981 0.50000000
v 0.01975715 -0.07160473 0.50000000
v -0.07428008 -0.00022658 0.50000000
v 0.01738038 0.10927638 0.50000000
v 0.07371260 0.05040515 0.50000000
v 0.02849669 0.08390087 0.50000000
v 0.07314358 -0.01607421 0.50000000
v -0.03489608 0.06538971 0.50000000
v -0.00013810 0.08818448 0.50000000
v 0.08588446 0.02340040 0.50000000
v 0.09980292 0.04587088 0.50000000
v -0.04250229 0.02045723 0.50000000
v 0.03400294 -0.10410652 0.50000000
v 0.05762479 -0.09302275 0.50000000
v -0.10941556 0.00475406 0.50000000
v -0.10509248 0.03048638 0.50000000
v -0.07650615 -0.07836567 0.50000000
v -0.05573977 -0.09416437 0.50000000
v 0.01893815 0.04500842 0.50000000
v -0.03823488 -0.03542683 0.50000000
v -0.02435142 -0.04738452 0.50000000
v 0.02959888 -0.04282240 0.50000000
v 0.06559602 0.02656456 0.50000000
v 0.00775900 0.07030096 0.50000000
v 0.03848837 -0.06092113 0.50000000
v -0.07066196 0.02304496 0.50000000
v -0.03637106 -0.06233473 0.50000000
v -0.05010242 -0.05191206 0.50000000
v 0.11057606 0.00389663 0.50000000
v -0.02598300 0.10755060 0.50000000
v 0.04141583 0.04129175 0.50000000
v 0.03840746 0.02367090 0.50000000
v 0.07721642 -0.05319104 0.50000000
v -0.07200837 0.06007173 0.50000000
v -0.08659698 -0.03598308 0.50000000
v -0.01136402 -0.09307267 0.50000000
v 0.10984054 -0.01949185 0.50000000
v -0.04831213 0.10055254 0.50000000
v 0.07688408 0.07984613 0.50000000
v -0.02876063 -0.08666913 0.50000000
v -0.07711485 -0.05141796 0.50000000
v -0.08029469 0.04349108 0.50000000
v 0.06347956 -0.06564369 0.50000000
v -0.06378154 -0.02578058 0.50000000
v -0.00724906 -0.06811052 0.50000000
v -0.05267948 0.04472404 0.50000000
v 0.05762102 -0.03873831 0.50000000
v 0.05831581 0.09561554 0.50000000
v 0.08952300 0.03950450 0.50000000
v -0.01987469 -0.01080342 0.50000000
v 0.01627060 0.09418792 0.50000000
v 0.01944312 0.02608035 0.50000000
v -0.00558846 -0.04736585 0.50000000
v -0.00012140 -0.02437285 0.50000000
v -0.03029079 0.01200946 0.50000000
v 0.03097510 0.05761354 0.50000000
v -0.04460146 -0.01989954 0.50000000
v 0.03606069 -0.03138615 0.50000000
v -0.00951075 0.00753012 0.50000000
v -0.09533460 -0.06044452 0.50000000
v -0.03258054 -0.10807746 0.50000000
v 0.00939802 -0.11248958 0.50000000
v -0.09773429 0.05648217 0.50000000
v -0.11087306 -0.02119885 0.50000000
v 0.08068419 -0.07894485 0.50000000
v -0.07015356 0.08843475 0.50000000
v 0.10404273 -0.04378742 0.50000000
v -0.05407115 0.02037023 0.50000000
v -0.00487933 0.03123458 0.50000000
v -0.03355194 0.08428737 0.50000000
v 0.09020515 -0.00964554 0.50000000
v -0.05955240 -0.07053848 0.50000000
v -0.09269394 0.01026210 0.50000000
v 0.03481131 -0.08651965 0.50000000
v 0.05633687 -0.01313433 0.50000000
v 0.02172379 0.07209650 0.50000000
v 0.01123179 0.00418690 0.50000000
v -0.01895123 0.01549210 0.50000000
v 0.08804875 -0.03260221 0.50000000
v 0.07965287 -0.04192498 0.50000000
v -0.06184502 0.06551742 0.50000000
v -0.05507929 0.07603788 0.50000000
v -0.08670821 -0.02444306 0.50000000
v -0.09290304 -0.01358342 0.50000000
v -0.00020644 -0.09016787 0.50000000
v 0.01190044 -0.09313358 0.50000000
v -0.00018681 -0.01313777 0.50000000
v -0.01350448 -0.02991135 0.50000000
v -0.03130996 -0.00129950 0.50000000
v 0.01954485 -0.02537019 0.50000000
v -0.01576056 0.02683385 0.50000000
v 0.06186940 0.00949123 0.50000000
v -0.05751481 -0.00012565 0.50000000
v -0.02793279 0.05051927 0.50000000
v -0.02628694 -0.02072452 0.50000000
v -0.01177156 -0.00238444 0.50000000
v -0.04003515 0.03057331 0.50000000
v 0.00306215 0.02394362 0.50000000
v -0.00918167 0.06302521 0.50000000
v 0.06458300 0.03884975 0.50000000
v 0.00160758 0.01190485 0.50000000
v 0.01413192 -0.05636717 0.50000000
v 0.03635852 0.10730688 0.50000000
v 0.03077302 -0.00910087 0.50000000
v 0.02212040 0.00883983 0.50000000
v 0.06052410 0.07274250 0.50000000
v 0.08248300 0.00821400 0.50000000
v -0.01433496 0.08166748 0.50000000
v 0.10969904 0.03312008 0.50000000
v 0.00248923 0.11606940 0.50000000
v 0.00703854 -0.03299042 0.50000000
v 0.03025392 0.04487912 0.50000000
v 0.00756281 0.04686890 0.50000000
v -0.01210371 -0.04042156 0.50000000
v 0.09403169 0.06387800 0.50000000
v 0.02021215 -0.01386698 0.50000000
v 0.04629725 -0.08258506 0.50000000
v -0.09199310 0.02238302 0.50000000
v -0.05192856 -0.07921044 0.50000000
v 0.07217204 0.00317923 0.50000000
v 0.04849431 -0.02871358 0.50000000
v -0.10918419 -0.03224708 0.50000000
v -0.10032613 -0.05059188 0.50000000
v -0.00169740 -0.11383400 0.50000000
v -0.02200712 -0.11169935 0.50000000
v -0.07916208 0.08181948 0.50000000
v -0.09250598 0.06636042 0.50000000
v 0.08879256 -0.07125267 0.50000000
v 0.10009371 -0.05424306 0.50000000
v -0.01263398 0.05060231 0.50000000
v -0.01670917 0.07043379 0.50000000
v -0.03534454 -0.02494406 0.50000000
v 0.03719679 0.09097479 0.50000000
v 0.04987490 -0.10600515 0.50000000
v -0.11551254 0.01953075 0.50000000
v -0.07083529 -0.09331108 0.50000000
v 0.03155656 0.00265623 0.50000000
v -0.04872848 -0.04059329 0.50000000
v -0.02399860 -0.05714529 0.50000000
v 0.03994748 -0.04766163 0.50000000
v 0.09652756 0.02055769 0.50000000
v -0.00621925 0.09859127 0.50000000
v 0.02932767 0.02473456 0.50000000
v 0.07857931 0.05944117 0.50000000
v 0.05934421 0.06059188 0.50000000
v 0.00965435 -0.00727392 0.50000000
v -0.05509835 -0.01757087 0.50000000
v 0.04053112 0.06200740 0.50000000
v 0.05163208 0.00102375 0.50000000
v 0.02125798 -0.04786346 0.50000000
v -0.06063633 0.02816727 0.50000000
v -0.00284821 0.04270921 0.50000000
v -0.03510594 0.11178098 0.50000000
v 0.11710394 -0.00375260 0.50000000
v 0.04909583 0.05588842 0.50000000
v 0.06742100 -0.05551133 0.50000000
v -0.07103585 0.04980465 0.50000000
v -0.07727646 -0.03994623 0.50000000
v -0.01768006 -0.08491640 0.50000000
v -0.00140187 -0.05732656 0.50000000
v -0.04224256 0.09123292 0.50000000
v 0.09923198 -0.01615173 0.50000000
v 0.05729142 0.02102640 0.50000000
v -0.05005185 0.01007506 0.50000000
v -0.04338317 -0.07272567 0.50000000
v -0.05869108 -0.06067627 0.50000000
v 0.04445446 -0.07188608 0.50000000
v -0.08207456 0.02366535 0.50000000
v 0.05221040 0.03891133 0.50000000
v 0.10152375 0.00289971 0.50000000
v -0.02450885 0.09856367 0.50000000
v 0.02778627 0.11119015 0.50000000
v 0.00820521 0.05951110 0.50000000
v -0.04170806 0.04067217 0.50000000
v 0.05407410 0.08590440 0.50000000
v 0.04243187 0.07285848 0.50000000
v 0.02831596 -0.07829469 0.50000000
v -0.08302523 0.00621788 0.50000000
v 0.07508344 0.08976367 0.50000000
v 0.04160417 0.00795631 0.50000000
v 0.07580696 0.02467906 0.50000000
v -0.06835779 -0.03692244 0.50000000
v -0.01709744 -0.07566862 0.50000000
v -0.07348429 -0.02026302 0.50000000
v 0.00171265 -0.07397271 0.50000000
v -0.06387442 0.04376631 0.50000000
v 0.05099090 -0.04738238 0.50000000
v -0.05209077 0.05587398 0.50000000
v 0.06803183 -0.03485138 0.50000000
v 0.00374252 0.07885348 0.50000000
v 0.09924712 0.05604044 0.50000000
v 0.08119281 -0.01327502 0.50000000
v -0.03490827 0.07477256 0.50000000
v -0.06929998 -0.07455929 0.50000000
v -0.10055810 0.00459165 0.50000000
v 0.03129629 -0.09542471 0.50000000
v -0.04707921 -0.09098687 0.50000000
v 0.05882956 -0.08386873 0.50000000
v -0.09659967 0.03410846 0.50000000
v 0.02815590 -0.06687021 0.50000000
v -0.07083629 0.01070229 0.50000000
v 0.09124431 0.00066106 0.50000000
v -0.02391592 0.08806210 0.50000000
v -0.07857419 -0.06123769 0.50000000
v -0.03344871 -0.09528321 0.50000000
v -0.08960890 0.04656125 0.50000000
v 0.06894354 -0.07378681 0.50000000
v 0.05146483 0.07632260 0.50000000
v 0.06929890 0.07411960 0.50000000
v 0.06677731 -0.09334333 0.50000000
v 0.02845454 -0.11177887 0.50000000
v -0.11531321 -0.00265321 0.50000000
v -0.10786254 0.03921554 0.50000000
v -0.08587596 -0.07700323 0.50000000
v -0.05178454 -0.10242348 0.50000000
v 0.02768638 -0.03264258 0.50000000
v -0.04363348 -0.05759981 0.50000000
v 0.07258408 -0.00740292 0.50000000
v 0.01257715 0.11651465 0.50000000
v 0.04718654 0.02174237 0.50000000
v -0.02584031 0.06707665 0.50000000
v 0.00692175 0.09467552 0.50000000
v -0.01776423 0.11423477 0.50000000
v 0.11480381 0.01361017 0.50000000
v -0.03178827 -0.04256281 0.50000000
v 0.11374102 0.02411950 0.50000000
v -0.00734225 0.11594846 0.50000000
v -0.03267319 -0.07556323 0.50000000
v -0.06383642 -0.05139412 0.50000000
v 0.05185244 -0.06380285 0.50000000
v -0.07672794 0.03337096 0.50000000
v -0.05843288 -0.03708688 0.50000000
v -0.02017973 -0.06564969 0.50000000
v -0.02144042 0.04385529 0.50000000
v 0.08179512 0.04705548 0.50000000
v 0.10868379 0.04272121 0.50000000
v 0.05978077 -0.05016908 0.50000000
v 0.11227619 -0.02837027 0.50000000
v -0.05751848 0.10051087 0.50000000
v -0.04759794 0.00064894 0.50000000
v -0.08338173 -0.00539685 0.50000000
v 0.01728535 -0.08182775 0.50000000
v -0.04078844 -0.00452060 0.50000000
v -0.02307263 0.03387135 0.50000000
v -0.07411923 -0.00970658 0.50000000
v 0.01092819 -0.07331833 0.50000000
v 0.06987881 -0.02423869 0.50000000
v -0.04310929 0.06121800 0.50000000
v 0.02267769 0.06285044 0.50000000
v -0.04394979 0.07156587 0.50000000
v 0.08074177 -0.02302390 0.50000000
v -0.09623433 -0.03310310 0.50000000
v -0.00600225 -0.10160260 0.50000000
v -0.07392508 0.06994833 0.50000000
v 0.08724090 -0.05238744 0.50000000
v 0.08670612 0.07835138 0.50000000
v -0.10172529 -0.01540754 0.50000000
v 0.02037071 -0.09778742 0.50000000
v 0.09581058 -0.02744875 0.50000000
v -0.05220300 0.08489965 0.50000000
v 0.03905248 -0.01467490 0.50000000
v -0.09972354 -0.00654892 0.50000000
v 0.01249579 -0.10229065 0.50000000
v -0.06091956 0.08310350 0.50000000
v 0.09642467 -0.03632727 0.50000000
v 0.05423113 0.10339375 0.50000000
v -0.00023885 0.06743740 0.50000000
v -0.09351967 -0.06905344 0.50000000
v -0.04136040 -0.10864448 0.50000000
v 0.01786812 -0.11486965 0.50000000
v -0.11544323 -0.01368081 0.50000000
v 0.07711902 -0.08698829 0.50000000
v -0.10452269 0.05088527 0.50000000
v -0.06560838 0.09596794 0.50000000
v 0.11007612 -0.03738385 0.50000000
v -0.01591021 -0.04889573 0.50000000
v 0.01637492 0.03613119 0.50000000
v 0.06572494 0.01815202 0.50000000
v 0.08382877 0.03032204 0.50000000
v 0.11629383 -0.01234600 0.50000000
v -0.04316494 0.10868979 0.50000000
v 0.02139025 0.08666133 0.50000000
v 0.08674610 0.01501531 0.50000000
v -0.00886556 0.08758852 0.50000000
v -0.08593606 -0.05841585 0.50000000
v 0.00369742 -0.04085317 0.50000000
v 0.06771119 0.09545431 0.50000000
v 0.04156794 -0.10941121 0.50000000
v 0.05744646 -0.10210940 0.50000000
v -0.11655923 0.01061385 0.50000000
v -0.11379644 0.02787104 0.50000000
v -0.06387500 -0.09821615 0.50000000
v -0.07770233 -0.08752744 0.50000000
v 0.02319773 0.01829106 0.50000000
v 0.04900898 -0.01089933 0.50000000
v -0.06606523 0.00312006 0.50000000
v 0.10312125 0.01157010 0.50000000
v -0.01664902 0.10280896 0.50000000
v -0.04350396 -0.02883471 0.50000000
v 0.06763277 0.05600844 0.50000000
v 0.06483342 -0.01221692 0.50000000
v 0.03575977 0.07994096 0.50000000
v 0.04814904 0.04709998 0.50000000
v 0.05147219 -0.08972427 0.50000000
v -0.10026096 0.02544744 0.50000000
v -0.05570725 -0.08716696 0.50000000
v -0.10810533 -0.04574062 0.50000000
v -0.01492458 -0.11638375 0.50000000
v -0.09054973 0.07462352 0.50000000
v 0.09622519 -0.06714635 0.50000000
v 0.03956040 -0.02321556 0.50000000
v -0.09326300 -0.04233748 0.50000000
v -0.01583662 -0.10147373 0.50000000
v -0.08100954 0.06312956 0.50000000
v 0.08258619 -0.06104621 0.50000000
v 0.04794902 0.09093838 0.50000000
v 0.02029477 -0.06366010 0.50000000
v 0.10487442 0.02625971 0.50000000
v -0.00240081 0.10822931 0.50000000
v -0.03491185 0.05559104 0.50000000
v 0.02204723 0.05345702 0.50000000
v 0.04560223 0.10743502 0.50000000
v 0.01235240 0.10222181 0.50000000
v 0.09304954 0.07174550 0.50000000
v -0.00034673 -0.08193996 0.50000000
v 0.01307590 -0.04413356 0.50000000
v -0.05906452 0.03680615 0.50000000
v 0.05902013 0.03155750 0.50000000
v 0.07558892 0.06959473 0.50000000
v 0.02105852 0.11620398 0.50000000
v -0.06258610 0.01850923 0.50000000
v 0.04123442 0.01613004 0.50000000
v 0.00615379 -0.05682648 0.50000000
v 0.06725771 0.04696885 0.50000000
v 0.09208433 0.04801054 0.50000000
v 0.04623300 -0.05503827 0.50000000
v -0.07759867 -0.07047777 0.50000000
v 0.02685244 -0.10309335 0.50000000
v -0.10657535 -0.00181306 0.50000000
v -0.04197540 -0.01214629 0.50000000
v -0.03880175 0.01344971 0.50000000
v 0.02768500 0.07712252 0.50000000
v 0.01139765 -0.02629744 0.50000000
v 0.01492444 0.06662821 0.50000000
v -0.03548737 0.04745833 0.50000000
v 0.02192944 0.10182169 0.50000000
v -0.05769785 -0.00879346 0.50000000
v 0.03771381 0.09940138 0.50000000
v 0.10211179 0.03830012 0.50000000
v 0.05320998 -0.02021844 0.50000000
v 0.03652754 0.03270169 0.50000000
v -0.05046185 0.09299892 0.50000000
v 0.10314327 -0.02359373 0.50000000
v 0.08635796 0.06188873 0.50000000
v 0.04176769 -0.10108331 0.50000000
v -0.10861158 0.01305510 0.50000000
v -0.07040712 -0.08399827 0.50000000
v 0.10629308 0.05113877 0.50000000
v 0.04417894 0.03125381 0.50000000
v -0.03485019 0.02186806 0.50000000
v 0.07292292 0.04337138 0.50000000
v -0.00839437 -0.11810308 0.50000000
v -0.11149825 -0.03985510 0.50000000
v -0.08696635 0.08034710 0.50000000
v 0.10077429 -0.06215581 0.50000000
v -0.04143519 -0.04364735 0.50000000
v -0.03080950 -0.05189758 0.50000000
v 0.03140360 -0.05081438 0.50000000
v -0.01825158 -0.02220123 0.50000000
v -0.05664208 -0.04498954 0.50000000
v -0.02783254 -0.06666598 0.50000000
v -0.02022819 0.05187823 0.50000000
v -0.04715700 0.02556975 0.50000000
v 0.01448740 0.05277833 0.50000000
v 0.00770704 0.10923542 0.50000000
v 0.02097031 0.07983238 0.50000000
v -0.07050442 -0.04457787 0.50000000
v -0.02380471 -0.07998758 0.50000000
v -0.07200444 0.04165658 0.50000000
v 0.06219881 -0.07618467 0.50000000
v -0.09010452 0.03942029 0.50000000
v -0.03869933 -0.09041654 0.50000000
v 0.05017350 -0.09733802 0.50000000
v -0.10724827 0.02215067 0.50000000
v -0.06305240 -0.08958281 0.50000000
v 0.02701450 0.09194690 0.50000000
v 0.06033052 -0.05815906 0.50000000
v -0.02720390 0.11560929 0.50000000
v 0.11866621 0.00488785 0.50000000
v 0.03700121 -0.03897717 0.50000000
v 0.09095027 0.02890937 0.50000000
v -0.00822429 -0.00998706 0.50000000
v -0.02094410 -0.04003027 0.50000000
v 0.05756808 0.07973617 0.50000000
v -0.08516525 -0.04344250 0.50000000
v -0.01979800 -0.09309219 0.50000000
v -0.07795563 0.05534700 0.50000000
v 0.07427198 -0.06020004 0.50000000
v -0.11549767 -0.02889098 0.50000000
v 0.00323292 -0.11901237 0.50000000
v -0.07911290 0.08896938 0.50000000
v 0.10696698 -0.05227294 0.50000000
v -0.02790633 -0.11573950 0.50000000
v -0.10363631 -0.05784229 0.50000000
v 0.08963987 -0.07835233 0.50000000
v -0.09957198 0.06526727 0.50000000
v -0.00423892 0.08216940 0.50000000
v 0.08033550 0.01816094 0.50000000
v 0.05600517 -0.00616438 0.50000000
v 0.00806723 0.08784644 0.50000000
v 0.01377656 0.07517371 0.50000000
v 0.08268721 0.08528452 0.50000000
v -0.02707102 0.05860785 0.50000000
v 0.01366165 -0.06585417 0.50000000
v -0.06570092 -0.00478860 0.50000000
v 0.09786537 -0.00525681 0.50000000
v -0.03138387 0.09284662 0.50000000
v 0.01111525 0.02791958 0.50000000
v -0.05224652 -0.07178440 0.50000000
v -0.08625396 0.01567696 0.50000000
v 0.03823621 -0.07874631 0.50000000
v -0.03085194 0.02993577 0.50000000
v 0.02414588 0.04019481 0.50000000
v 0.07921102 0.02588550 -0.12130879
v 0.06671438 0.04993633 -0.09098856
v 0.06142565 0.05631460 -0.08458344
v 0.05331717 0.06404471 -0.08509938
v 0.04546240 0.06983992 -0.08264990
v 0.03737771 0.07448054 -0.08242896
v 0.02840313 0.07834352 -0.08258919
v 0.01878942 0.08118746 -0.08284721
v 0.00886308 0.08286067 -0.08321429
v -0.00109325 0.08332617 -0.08371246
v -0.01082831 0.08262683 -0.08435513
v -0.02010429 0.08087190 -0.08511610
v -0.02879502 0.07820033 -0.08576404
v -0.03802473 0.07415231 -0.08522190
v -0.05751688 0.06030135 -0.08370535
v -0.04997592 0.06668471 -0.08415367
v -0.06346450 0.05400650 -0.08434342
v -0.06944537 0.04606283 -0.08401085
v -0.07957494 0.02474415 -0.08298952
v -0.07618525 0.03376760 -0.08334904
v -0.08190006 0.01538910 -0.08254608
v -0.08284696 -0.00899025 -0.08113883
v -0.08332246 0.00134577 -0.08162577
v -0.08131269 -0.01823979 -0.08183250
v -0.07865783 -0.02752069 -0.08258956
v -0.07487542 -0.03658025 -0.08313102
v -0.07001752 -0.04518840 -0.08344040
v -0.06415188 -0.05318817 -0.08362081
v -0.05739004 -0.06042206 -0.08382577
v -0.04993302 -0.06671685 -0.08418375
v -0.04199975 -0.07197546 -0.08455592
v -0.03251790 -0.07672700 -0.08376890
v -0.00787462 -0.08296044 -0.08174819
v -0.01832929 -0.08129256 -0.08240523
v 0.00154113 -0.08331908 -0.08241556
v 0.01100906 -0.08260294 -0.08327338
v 0.02021679 -0.08084383 -0.08404748
v 0.02891508 -0.07815602 -0.08438702
v 0.03793035 -0.07420062 -0.08266246
v 0.05534531 -0.06230040 -0.07972435
v 0.04751708 -0.06845854 -0.08474250
v 0.06749844 -0.04887131 -0.07464940
v 0.06267835 -0.05491692 -0.08034306
v 0.07931225 -0.02557365 -0.04529227
v 0.08068475 0.02084265 -0.07775996
v 0.07129554 0.04314383 -0.08902596
v -0.04416652 0.07066656 -0.08467429
v -0.07309077 0.04002729 -0.08366542
v -0.08290271 0.00846075 -0.08210433
v -0.02552633 -0.07932750 -0.08307960
v 0.07173592 -0.04240758 -0.07674235
v 0.08072021 -0.02070488 -0.08850092
v 0.08279023 -0.00949856 0.13528725
v 0.08279017 0.00949902 -0.30195383
v 0.08263685 -0.01075150 0.20284410
v 0.08263685 0.01075154 -0.36951075
v 0.08310775 0.00612754 0.20836581
v 0.08309237 -0.00633273 0.21012246
v 0.08310775 -0.00612760 -0.37503265
v 0.08309235 0.00633275 -0.37678912
v 0.08264256 -0.01070756 0.25825923
v 0.08264256 0.01070758 -0.42492590
v 0.08291148 0.00837442 0.27588623
v 0.08311846 -0.00598062 0.27491352
v 0.08291148 -0.00837442 -0.44255290
v 0.08311846 0.00598062 -0.44158019
v 0.08256617 0.01128148 0.07900617
v 0.08256435 -0.01129473 -0.24568810
v 0.07551325 0.03524479 0.13869708
v 0.07030940 0.04473292 0.13808456
v 0.06399310 0.05337908 0.13657719
v 0.05707404 0.06072067 0.13545160
v 0.04058521 0.07278246 0.14025821
v 0.02216298 0.08033210 0.13945558
v 0.00201900 0.08330888 0.13892544
v -0.01866248 0.08121673 0.13831262
v -0.03858669 0.07386144 0.13717117
v 0.03721717 -0.07456090 0.14278471
v 0.06154685 -0.05618210 0.13656858
v 0.07007352 -0.04510150 0.13371031
v 0.07508419 -0.03614979 0.13487521
v 0.08041223 -0.02187044 0.13327154
v 0.07551106 -0.03524946 -0.30537637
v 0.07030600 -0.04473823 -0.30476727
v 0.06398833 -0.05338481 -0.30326340
v 0.05706767 -0.06072665 -0.30214148
v 0.04057837 -0.07278627 -0.30694915
v 0.02215598 -0.08033404 -0.30614996
v 0.00201279 -0.08330902 -0.30562004
v -0.01866865 -0.08121531 -0.30500508
v -0.03859383 -0.07385771 -0.30386229
v 0.03721921 0.07455988 -0.30945698
v 0.06154646 0.05618252 -0.30323790
v 0.07007287 0.04510252 -0.30037821
v 0.07508367 0.03615092 -0.30154233
v 0.08041198 0.02187140 -0.29993819
v 0.07923448 0.02581362 0.11269775
v 0.07750165 0.03062579 0.10448554
v 0.04879394 0.06755440 0.10545575
v 0.04111031 0.07248715 0.10411285
v 0.03233067 0.07680606 0.10309825
v 0.02282600 0.08014623 0.10237900
v 0.01285127 0.08233644 0.10185492
v 0.00260415 0.08329262 0.10144738
v -0.00773183 0.08297388 0.10109350
v -0.01797248 0.08137219 0.10074100
v -0.02792821 0.07851406 0.10034717
v -0.03740119 0.07446875 0.09988969
v -0.04620494 0.06935090 0.09940552
v -0.05423781 0.06326694 0.09908412
v -0.06148240 0.05625265 0.09903640
v -0.06788433 0.04833385 0.09914127
v -0.07332108 0.03960385 0.09927806
v -0.07766679 0.03020452 0.09939948
v -0.08082419 0.02029517 0.09949558
v -0.08272608 0.01004185 0.09956973
v -0.08333244 -0.00038600 0.09962808
v -0.08262817 -0.01081802 0.09967602
v -0.08062177 -0.02108496 0.09971733
v -0.07734427 -0.03102108 0.09975400
v -0.07284808 -0.04046729 0.09978658
v -0.06720529 -0.04927367 0.09981529
v -0.06050575 -0.05730183 0.09984106
v -0.05285494 -0.06442671 0.09986646
v -0.04437156 -0.07053800 0.09989602
v -0.03518488 -0.07554119 0.09993642
v -0.02543194 -0.07935781 0.09999590
v -0.01525552 -0.08192504 0.10008263
v -0.00480317 -0.08319479 0.10019998
v 0.00576858 -0.08313344 0.10033425
v 0.01626394 -0.08173083 0.10042396
v 0.02631185 -0.07907042 0.10031173
v 0.03520262 -0.07553292 0.10009346
v 0.04557467 -0.06976671 0.10089056
v 0.05327360 -0.06408096 0.10186821
v 0.06052577 -0.05728067 0.10191233
v 0.06875438 -0.04708800 0.10529196
v 0.07304335 -0.04011373 0.10419608
v 0.07923167 -0.02582225 -0.27938337
v 0.07749654 -0.03063871 -0.27118008
v 0.04877102 -0.06757094 -0.27218042
v 0.04108233 -0.07250300 -0.27084623
v 0.03229892 -0.07681944 -0.26983994
v 0.02279217 -0.08015585 -0.26912581
v 0.01281587 -0.08234196 -0.26860273
v 0.00256638 -0.08329381 -0.26819250
v -0.00777335 -0.08297000 -0.26783383
v -0.01801869 -0.08136198 -0.26747667
v -0.02797875 -0.07849608 -0.26708063
v -0.03745421 -0.07444210 -0.26662519
v -0.04625756 -0.06931581 -0.26614758
v -0.05428683 -0.06322485 -0.26583612
v -0.06152512 -0.05620590 -0.26579977
v -0.06791900 -0.04828512 -0.26591556
v -0.07334677 -0.03955623 -0.26606096
v -0.07768346 -0.03016163 -0.26618640
v -0.08083281 -0.02026081 -0.26627944
v -0.08272881 -0.01001929 -0.26634119
v -0.08333240 0.00039540 -0.26637704
v -0.08262850 0.01081546 -0.26639383
v -0.08062456 0.02107429 -0.26639877
v -0.07734960 0.03100781 -0.26639879
v -0.07285390 0.04045683 -0.26639952
v -0.06720794 0.04927004 -0.26640519
v -0.06050100 0.05730683 -0.26641921
v -0.05283894 0.06443983 -0.26644508
v -0.04434194 0.07055663 -0.26648685
v -0.03514160 0.07556131 -0.26654894
v -0.02537787 0.07937510 -0.26663575
v -0.01519598 0.08193610 -0.26675048
v -0.00474473 0.08319815 -0.26689163
v 0.00581988 0.08312985 -0.26704196
v 0.01630429 0.08172279 -0.26713887
v 0.02634019 0.07906098 -0.26702619
v 0.03522044 0.07552460 -0.26680254
v 0.04558213 0.06976183 -0.26758806
v 0.05327623 0.06407875 -0.26855698
v 0.06052556 0.05728090 -0.26859363
v 0.06875294 0.04709010 -0.27196460
v 0.07304185 0.04011650 -0.27086708
v 0.08255488 -0.01136392 0.09995158
v 0.08255465 0.01136552 -0.26661890
v 0.08183054 0.01575460 0.16145223
v 0.08183033 -0.01575562 -0.32812152
v 0.08277246 -0.00965219 0.17042633
v 0.08277244 0.00965231 -0.33709294
v 0.08276044 0.00975467 0.20052810
v 0.08276044 -0.00975479 -0.36719510
v 0.08295965 -0.00788290 0.02082433
v 0.08295777 0.00790271 -0.18750219
v 0.08311110 -0.00608183 0.05658194
v 0.08311083 0.00608548 -0.22325131
v 0.08296819 -0.00779260 -0.01146054
v 0.08296373 0.00783987 -0.15521615
v 0.08316006 -0.00537119 0.09721540
v 0.08316000 0.00537204 -0.26388246
v 0.08246887 -0.01197202 0.26864452
v 0.08246887 0.01197202 -0.43531119
v 0.08304542 0.00692115 0.28800746
v 0.08312854 -0.00583858 0.28579021
v 0.08304542 -0.00692115 -0.45467412
v 0.08312854 0.00583858 -0.45245688
v 0.08322271 -0.00429240 0.18424654
v 0.08323029 -0.00414279 -0.35124550
v 0.08322271 0.00429244 -0.35091319
v 0.08323029 0.00414271 0.18457860
v 0.08303656 -0.00702656 0.24199544
v 0.08312677 -0.00586385 -0.40350267
v 0.08303656 0.00702656 -0.40866210
v 0.08312677 0.00586383 0.23683596
v 0.08314437 -0.00560860 0.26430654
v 0.08303977 -0.00698873 -0.43058081
v 0.08314437 0.00560860 -0.43097321
v 0.08303977 0.00698873 0.26391413
v 0.08192727 0.01524352 0.17407483
v 0.08192717 -0.01524415 -0.34074310
v 0.08163208 -0.01675256 0.15520563
v 0.08163200 0.01675294 -0.32187217
v 0.07932246 -0.02554196 0.16238327
v 0.07932233 0.02554240 -0.32904981
v 0.07156404 0.04269698 0.16412492
v 0.06523867 0.05184942 0.16765648
v 0.05731165 0.06049646 0.17076025
v 0.04909348 0.06733702 0.16949196
v 0.04064735 0.07274777 0.16799575
v 0.03164937 0.07708931 0.16902594
v 0.02217210 0.08032958 0.16782677
v 0.01219190 0.08243665 0.16882506
v 0.00199342 0.08330948 0.16758844
v -0.00841727 0.08290715 0.16857640
v -0.01871648 0.08120429 0.16731904
v -0.02889369 0.07816394 0.16834017
v -0.03867637 0.07381452 0.16721385
v -0.04829910 0.06790906 0.16924400
v -0.05694315 0.06084342 0.16988173
v -0.06441740 0.05286627 0.16994262
v -0.07065648 0.04418265 0.16998629
v -0.07568069 0.03488379 0.17004281
v -0.07946988 0.02507954 0.17009723
v -0.08198988 0.01490323 0.17014240
v -0.08321154 0.00450363 0.17017721
v -0.08311981 -0.00596152 0.17020308
v -0.08171760 -0.01633029 0.17022200
v -0.07902748 -0.02644054 0.17023590
v -0.07509221 -0.03613315 0.17024650
v -0.06997450 -0.04525500 0.17025525
v -0.06375623 -0.05366177 0.17026344
v -0.05653752 -0.06122054 0.17027231
v -0.04843533 -0.06781196 0.17028315
v -0.03958244 -0.07333263 0.17029729
v -0.03012642 -0.07769713 0.17031613
v -0.02022971 -0.08084060 0.17034073
v -0.01007092 -0.08272256 0.17037046
v 0.00015131 -0.08333319 0.17039881
v 0.01021215 -0.08270523 0.17040048
v 0.01985773 -0.08093279 0.17029560
v 0.02885771 -0.07817721 0.16986535
v 0.03766492 -0.07433571 0.16859779
v 0.04603298 -0.06946517 0.16959663
v 0.05323265 -0.06411498 0.16902508
v 0.05948827 -0.05835744 0.16857335
v 0.06512898 -0.05198713 0.16768127
v 0.07022804 -0.04486052 0.16699842
v 0.07156279 -0.04269906 -0.33079810
v 0.06523713 -0.05185135 -0.33433004
v 0.05730987 -0.06049810 -0.33743406
v 0.04909137 -0.06733856 -0.33616694
v 0.04064502 -0.07274906 -0.33467183
v 0.03164721 -0.07709021 -0.33570210
v 0.02217000 -0.08033017 -0.33450375
v 0.01219017 -0.08243692 -0.33550169
v 0.00199188 -0.08330952 -0.33426544
v -0.00841848 -0.08290702 -0.33525267
v -0.01871765 -0.08120402 -0.33399540
v -0.02889475 -0.07816352 -0.33501575
v -0.03867767 -0.07381383 -0.33388962
v -0.04830044 -0.06790812 -0.33591917
v -0.05694450 -0.06084215 -0.33655675
v -0.06441869 -0.05286471 -0.33661769
v -0.07065758 -0.04418087 -0.33666144
v -0.07568152 -0.03488200 -0.33671792
v -0.07947040 -0.02507790 -0.33677206
v -0.08199010 -0.01490192 -0.33681658
v -0.08321160 -0.00450277 -0.33685037
v -0.08311979 0.00596185 -0.33687479
v -0.08171762 0.01633021 -0.33689194
v -0.07902760 0.02644017 -0.33690396
v -0.07509244 0.03613269 -0.33691271
v -0.06997473 0.04525465 -0.33691990
v -0.06375631 0.05366169 -0.33692698
v -0.05653727 0.06122075 -0.33693529
v -0.04843463 0.06781248 -0.33694615
v -0.03958119 0.07333331 -0.33696083
v -0.03012469 0.07769779 -0.33698060
v -0.02022760 0.08084113 -0.33700633
v -0.01006869 0.08272283 -0.33703719
v 0.00015342 0.08333319 -0.33706646
v 0.01021394 0.08270502 -0.33706875
v 0.01985904 0.08093246 -0.33696408
v 0.02885854 0.07817692 -0.33653381
v 0.03766533 0.07433550 -0.33526610
v 0.04603302 0.06946515 -0.33626450
v 0.05323248 0.06411510 -0.33569265
v 0.05948802 0.05835769 -0.33524063
v 0.06512869 0.05198748 -0.33434831
v 0.07022777 0.04486096 -0.33366523
v 0.07809673 0.02907483 0.16137856
v 0.07809606 -0.02907662 -0.32805015
v 0.08222396 0.01355231 -0.15851023
v 0.08223652 -0.01347592 -0.00817765
v 0.07935752 -0.02543279 0.19799002
v 0.07935748 0.02543292 -0.36465665
v 0.08156358 0.01708294 0.07241523
v 0.08155829 -0.01710819 -0.23910738
v 0.08182269 -0.01579529 0.22600306
v 0.08182269 0.01579531 -0.39266973
v 0.07909485 0.02623831 0.01390950
v 0.07901892 -0.02646610 -0.18051473
v 0.07687287 0.03217150 0.01135908
v 0.07751044 0.03060352 -0.18476360
v 0.07142685 0.04292610 0.01468133
v 0.06452800 0.05273123 0.01691179
v 0.07135592 0.04304392 -0.18329333
v 0.05628402 0.06145367 0.02248725
v 0.06527502 0.05180362 -0.18281798
v 0.05053806 0.06625971 0.01986440
v 0.05758910 0.06023240 -0.18480225
v 0.04006183 0.07307183 0.02059583
v 0.04925335 0.06722017 -0.18820654
v 0.03032094 0.07762142 0.02103704
v 0.03770702 0.07431438 -0.18626883
v 0.02040860 0.08079563 0.02137206
v 0.03166598 0.07708248 -0.18868585
v 0.01027312 0.08269769 0.02145225
v 0.02091740 0.08066540 -0.18821323
v 0.00006208 0.08333331 0.02163002
v 0.01123171 0.08257296 -0.18849019
v -0.01005708 0.08272423 0.02170113
v 0.00028250 0.08333285 -0.18795863
v -0.01992837 0.08091542 0.02170460
v -0.00955940 0.08278323 -0.18809452
v -0.02951140 0.07793281 0.02117737
v -0.02035996 0.08080790 -0.18739244
v -0.03907231 0.07360571 0.02020063
v -0.02979917 0.07782323 -0.18737744
v -0.04843115 0.06781496 0.02045067
v -0.03987206 0.07317556 -0.18659875
v -0.05620267 0.06152808 0.01977754
v -0.04837917 0.06785204 -0.18673356
v -0.06406146 0.05329704 0.02008160
v -0.05704785 0.06074527 -0.18621556
v -0.07006575 0.04511358 0.01980535
v -0.06396329 0.05341479 -0.18660115
v -0.07542844 0.03542594 0.02033787
v -0.07056808 0.04432369 -0.18630790
v -0.07903804 0.02640896 0.01985121
v -0.07536773 0.03555487 -0.18687035
v -0.08185848 0.01560881 0.01934135
v -0.07940131 0.02529577 -0.18645360
v -0.08319698 0.00476527 0.02051904
v -0.08201438 0.01476781 -0.18748360
v -0.08319467 -0.00480550 0.02022965
v -0.08316350 0.00531744 -0.18817079
v -0.08182685 -0.01577371 0.01981490
v -0.08315573 -0.00543769 -0.18795935
v -0.07904162 -0.02639823 0.02089010
v -0.08195748 -0.01508033 -0.18841102
v -0.07538760 -0.03551271 0.02072629
v -0.07929798 -0.02561790 -0.18808158
v -0.07006602 -0.04511317 0.02131710
v -0.07573971 -0.03475544 -0.18839160
v -0.06426244 -0.05305454 0.02116477
v -0.07052900 -0.04438585 -0.18794523
v -0.05676410 -0.06101050 0.02164981
v -0.06480008 -0.05239650 -0.18819656
v -0.04921052 -0.06725154 0.02131304
v -0.05736706 -0.06044390 -0.18769692
v -0.03999621 -0.07310779 0.02156879
v -0.04991162 -0.06673285 -0.18788327
v -0.03112742 -0.07730154 0.02108479
v -0.04083323 -0.07264358 -0.18681500
v -0.02080367 -0.08069481 0.02138625
v -0.03090488 -0.07739079 -0.18711960
v -0.01138217 -0.08255235 0.02080694
v -0.02160183 -0.08048481 -0.18758677
v -0.00034848 -0.08333260 0.02017029
v -0.01077248 -0.08263413 -0.18734827
v 0.01065479 -0.08264937 0.02104352
v -0.00087544 -0.08332873 -0.18788623
v 0.02038567 -0.08080142 0.02062390
v 0.01012215 -0.08271631 -0.18766767
v 0.03139546 -0.07719306 0.02098037
v 0.01976796 -0.08095475 -0.18803608
v 0.03762435 -0.07435625 0.01850915
v 0.03023694 -0.07765419 -0.18700658
v 0.04936785 -0.06713613 0.02103942
v 0.04072396 -0.07270492 -0.18731463
v 0.05764475 -0.06017913 0.01789540
v 0.04663531 -0.06906223 -0.18512508
v 0.06530729 -0.05176296 0.01595731
v 0.05783142 -0.05999977 -0.18736304
v 0.07139333 -0.04298181 0.01650260
v 0.06317333 -0.05434679 -0.18305738
v 0.07115735 -0.04337138 -0.18128881
v 0.07753577 -0.03053929 0.01803417
v 0.07673996 -0.03248727 -0.17794142
v 0.07180890 0.04228388 0.05223502
v 0.06991254 0.04535065 -0.21212160
v 0.07683881 0.03225279 0.05243244
v 0.06518269 0.05191975 0.04975058
v 0.06483506 0.05235321 -0.21387250
v 0.05744635 0.06036854 0.05123623
v 0.05805335 0.05978506 -0.21491227
v 0.04909448 0.06733629 0.04960290
v 0.04976090 0.06684533 -0.21665931
v 0.03980115 0.07321417 0.04906621
v 0.04080929 0.07265704 -0.21547831
v 0.03007794 0.07771592 0.04868319
v 0.03114638 0.07729392 -0.21548681
v 0.02002429 0.08089173 0.04842842
v 0.02121031 0.08058887 -0.21526650
v 0.00975642 0.08276023 0.04825704
v 0.01095621 0.08260996 -0.21503192
v -0.00060113 0.08333117 0.04813287
v 0.00052508 0.08333169 -0.21482067
v -0.01091281 0.08261571 0.04801742
v -0.00991854 0.08274096 -0.21462167
v -0.02104623 0.08063188 0.04786854
v -0.02021246 0.08084492 -0.21442729
v -0.03088158 0.07740008 0.04766844
v -0.03019915 0.07766890 -0.21424156
v -0.04029133 0.07294554 0.04746585
v -0.03972402 0.07325604 -0.21408040
v -0.05715871 0.06064096 0.04724556
v -0.05677673 0.06099875 -0.21390294
v -0.04910294 0.06733012 0.04732542
v -0.04863344 0.06767002 -0.21395785
v -0.06431552 0.05299017 0.04719731
v -0.06401796 0.05334927 -0.21387940
v -0.07045454 0.04450396 0.04718606
v -0.07023523 0.04484927 -0.21389921
v -0.07930633 0.02559198 0.04716450
v -0.07921546 0.02587192 -0.21406106
v -0.07547369 0.03532940 0.04717523
v -0.07532812 0.03563871 -0.21395165
v -0.08189467 0.01541779 0.04715444
v -0.08183440 0.01573450 -0.21423571
v -0.08315269 -0.00548398 0.04730560
v -0.08318585 -0.00495563 -0.21450831
v -0.08318331 0.00499806 0.04722640
v -0.08315706 0.00541717 -0.21439675
v -0.08180088 -0.01590796 0.04737008
v -0.08192521 -0.01525463 -0.21455685
v -0.07914669 -0.02608156 0.04750883
v -0.07939277 -0.02532256 -0.21456679
v -0.07524840 -0.03580673 0.04764888
v -0.07562610 -0.03500196 -0.21454552
v -0.07017410 -0.04494485 0.04776625
v -0.07068394 -0.04413871 -0.21450185
v -0.06400642 -0.05336312 0.04785581
v -0.06464465 -0.05258817 -0.21444371
v -0.05684412 -0.06093596 0.04791010
v -0.05760140 -0.06022062 -0.21437642
v -0.04879938 -0.06755046 0.04792654
v -0.04965279 -0.06692567 -0.21430435
v -0.03999556 -0.07310813 0.04791185
v -0.04089654 -0.07260798 -0.21425673
v -0.03056706 -0.07752483 0.04787990
v -0.03148215 -0.07715775 -0.21432117
v -0.01038281 -0.08268398 0.04781371
v -0.01135387 -0.08255625 -0.21460829
v -0.02065427 -0.08073317 0.04784033
v -0.02158983 -0.08048802 -0.21444729
v 0.00011596 -0.08333325 0.04783302
v -0.00094565 -0.08332796 -0.21477950
v 0.01064254 -0.08265096 0.04798727
v 0.00948681 -0.08279158 -0.21496952
v 0.02098671 -0.08064740 0.04821015
v 0.01980271 -0.08094625 -0.21518569
v 0.03101294 -0.07734754 0.04844817
v 0.02988365 -0.07779083 -0.21547396
v 0.04075696 -0.07268642 0.04849527
v 0.03958965 -0.07332875 -0.21590210
v 0.05806719 -0.05977163 0.04810223
v 0.05739323 -0.06041906 -0.21786831
v 0.04975465 -0.06684998 0.04976883
v 0.04892894 -0.06745667 -0.21622348
v 0.06992771 -0.04532725 0.04538479
v 0.07175554 -0.04237438 -0.21900552
v 0.06484990 -0.05233483 0.04710292
v 0.06514231 -0.05197040 -0.21654983
v 0.07680090 -0.03234294 -0.21916131
v 0.07856346 0.02778896 0.23273790
v 0.07856344 -0.02778904 -0.39940479
v 0.07620402 0.03372523 -0.21446835
v 0.07621392 -0.03370288 0.04776742
v 0.06130140 0.05644981 -0.01613548
v 0.06455904 0.05269321 -0.14986698
v 0.05295838 0.06434171 -0.01157108
v 0.05735673 0.06045371 -0.14933225
v 0.04409667 0.07071017 -0.01179502
v 0.05044331 0.06633188 -0.15461721
v 0.03522971 0.07552027 -0.01138996
v 0.04271427 0.07155373 -0.15376535
v 0.02656863 0.07898450 -0.01150296
v 0.03390642 0.07612358 -0.15594265
v 0.01801010 0.08136387 -0.00920727
v 0.02456031 0.07963187 -0.15470706
v 0.00820323 0.08292858 -0.01293767
v 0.01454200 0.08205471 -0.15646490
v -0.00324523 0.08327012 -0.00977969
v 0.00440158 0.08321700 -0.15476692
v -0.01344573 0.08224146 -0.01546869
v -0.00606527 0.08311231 -0.15618648
v -0.02285483 0.08013800 -0.00724823
v -0.01629567 0.08172452 -0.15417850
v -0.03162665 0.07709865 -0.01418521
v -0.02599438 0.07917535 -0.15535967
v -0.04037146 0.07290123 -0.01925881
v -0.03533512 0.07547100 -0.14977673
v -0.05885575 0.05899529 -0.01639669
v -0.05396846 0.06349685 -0.14859577
v -0.05028023 0.06645558 -0.01766917
v -0.04532542 0.06992890 -0.15341225
v -0.06597933 0.05090356 -0.01355506
v -0.06184031 0.05585894 -0.15301917
v -0.07206142 0.04185210 -0.01568442
v -0.06851527 0.04743523 -0.14982669
v -0.08049969 0.02154635 -0.01569867
v -0.07834431 0.02840092 -0.14757252
v -0.07689521 0.03211806 -0.01607998
v -0.07417806 0.03797448 -0.15307375
v -0.08256031 0.01132423 -0.01571915
v -0.08120917 0.01869529 -0.15320867
v -0.08268946 -0.01033919 -0.01396275
v -0.08331627 -0.00168633 -0.15298415
v -0.08333154 0.00054702 -0.01512771
v -0.08288317 0.00865010 -0.15734777
v -0.08088556 -0.02004921 -0.01310187
v -0.08248900 -0.01183254 -0.15741875
v -0.07796773 -0.02941900 -0.01080579
v -0.08055554 -0.02133654 -0.15554110
v -0.07357150 -0.03913669 -0.01526231
v -0.07721050 -0.03135256 -0.15690044
v -0.06811285 -0.04801127 -0.01021896
v -0.07273756 -0.04066560 -0.15506121
v -0.06180354 -0.05589963 -0.01165048
v -0.06700875 -0.04954063 -0.15647725
v -0.05441021 -0.06311873 -0.00980673
v -0.06033785 -0.05747858 -0.15457258
v -0.04614760 -0.06938906 -0.01141717
v -0.05239635 -0.06480021 -0.15587942
v -0.03775783 -0.07428856 -0.00997044
v -0.04300067 -0.07138198 -0.15373446
v -0.02870606 -0.07823302 -0.01481775
v -0.03417350 -0.07600406 -0.15052875
v -0.00640933 -0.08308650 -0.01360123
v -0.01517433 -0.08194012 -0.15174475
v -0.01740208 -0.08149608 -0.01453527
v -0.02485077 -0.07954171 -0.15502635
v 0.00344496 -0.08326210 -0.01292075
v -0.00391710 -0.08324123 -0.15515040
v 0.01298927 -0.08231479 -0.01088165
v 0.00638740 -0.08308819 -0.15405767
v 0.02242783 -0.08025856 -0.01554606
v 0.01687267 -0.08160733 -0.15559935
v 0.03283094 -0.07659356 -0.01384415
v 0.02780035 -0.07855944 -0.15335579
v 0.04181133 -0.07208506 -0.01943588
v 0.03684233 -0.07474681 -0.14977137
v 0.05764085 -0.06018285 -0.01817702
v 0.05321208 -0.06413204 -0.14857315
v 0.05056456 -0.06623948 -0.02173713
v 0.04549967 -0.06981565 -0.15323302
v 0.06477348 -0.05242940 -0.01727027
v 0.06122900 -0.05652835 -0.14794350
v 0.06709210 0.04942765 0.00081719
v 0.06912302 0.04654517 -0.16833100
v 0.05904560 0.05880527 0.00471229
v 0.06090225 0.05688023 -0.16844842
v 0.04433246 0.07056258 0.00740200
v 0.04499490 0.07014202 -0.17163904
v 0.03492715 0.07566069 0.00848433
v 0.02524025 0.07941898 0.00932340
v 0.02701256 0.07883379 -0.17328473
v 0.01540619 0.08189685 0.00962902
v 0.00527823 0.08316600 0.00979437
v 0.00668538 0.08306473 -0.17358490
v -0.00478365 0.08319592 0.01013444
v -0.01461992 0.08204085 0.01038563
v -0.01401325 0.08214667 -0.17309652
v -0.02396167 0.07981406 0.01044310
v -0.03295719 0.07653933 0.00867113
v -0.03388348 0.07613379 -0.17178969
v -0.04349127 0.07108413 0.00535075
v -0.05210358 0.06503583 -0.17093037
v -0.06044767 0.05736310 0.00427481
v -0.06698937 0.04956681 -0.17097871
v -0.07341810 0.03942369 0.00498108
v -0.07750415 0.03061950 -0.17173690
v -0.08051535 0.02148773 0.00583658
v -0.08104069 0.01941269 -0.17399696
v -0.08284419 0.00901579 0.00542535
v -0.08333013 0.00073071 -0.17357154
v -0.08274271 -0.00990398 0.00663908
v -0.08038279 -0.02197840 0.00608338
v -0.08102323 -0.01948540 -0.17390696
v -0.07245387 -0.04116894 0.00619798
v -0.07375567 -0.03878850 -0.17373477
v -0.06008494 -0.05774292 0.00696123
v -0.06184148 -0.05585765 -0.17342481
v -0.04410927 -0.07070231 0.00696612
v -0.04618965 -0.06936110 -0.17329827
v -0.03597752 -0.07516690 -0.17363215
v -0.02516638 -0.07944242 0.00642019
v -0.01714613 -0.08155031 -0.17239606
v -0.00651373 -0.08307837 0.00706956
v 0.00576348 -0.08313379 0.00621206
v 0.00387194 -0.08324333 -0.17291860
v 0.02626583 -0.07908571 0.00490625
v 0.02427287 -0.07971996 -0.17312727
v 0.03544623 -0.07541890 -0.17309540
v 0.04566137 -0.06971000 0.00336338
v 0.05256079 -0.06466690 -0.16941073
v 0.06084737 -0.05693892 0.00135158
v 0.06919062 -0.04644463 0.00143758
v 0.06667527 -0.04998852 -0.16733762
v 0.08108871 0.01921108 0.02320790
v 0.08105821 -0.01933942 -0.18985581
v 0.08222521 0.01354467 0.25761990
v 0.08222521 -0.01354469 -0.42428660
v 0.08303290 0.00706996 0.15751215
v 0.08303283 -0.00707050 -0.32418017
v 0.08277090 -0.00966552 0.16108762
v 0.08277087 0.00966569 -0.32775423
v 0.08310465 -0.00616960 -0.13879735
v 0.08310902 0.00611031 -0.02779890
v 0.08324742 -0.00378313 -0.01016167
v 0.08324640 0.00380544 -0.15650979
v 0.08312340 0.00591156 0.00141781
v 0.08311973 -0.00596269 -0.16805481
v 0.08315881 -0.00539029 -0.03883602
v 0.08315531 0.00544400 -0.12782242
v 0.08308706 -0.00640187 0.30331433
v 0.08308706 0.00640187 -0.46998100
v 0.08325350 -0.00364660 0.12172348
v 0.08321383 -0.00446113 -0.28546052
v 0.08325350 0.00364687 -0.28839015
v 0.08321390 0.00445996 0.11879140
v 0.08313377 0.00576385 0.14687327
v 0.08313371 -0.00576448 -0.31354146
v 0.08324450 -0.00384690 -0.29321179
v 0.08324454 0.00384610 0.12654335
v 0.08321381 -0.00446167 0.13605521
v 0.08315085 -0.00551165 -0.29915975
v 0.08321379 0.00446190 -0.30272183
v 0.08315094 0.00551069 0.13249090
v 0.07849469 0.02798265 0.09414508
v 0.07848854 -0.02799992 -0.26084346
v 0.08319894 -0.00473087 0.16412248
v 0.08319894 0.00473094 -0.33078910
v 0.08302581 -0.00715252 0.17842587
v 0.08302581 0.00715258 -0.34509252
v 0.07563842 0.03497533 0.09636756
v 0.06852933 0.04741494 0.09465513
v 0.05777860 0.06005062 0.09334077
v 0.04623567 0.06933042 0.09300327
v 0.03766373 0.07433631 0.09108571
v 0.02832223 0.07837281 0.09001665
v 0.01847269 0.08126010 0.08933808
v 0.00829437 0.08291952 0.08886919
v -0.00204204 0.08330831 0.08851258
v -0.01236396 0.08241102 0.08820483
v -0.02249519 0.08023971 0.08790342
v -0.03225808 0.07683658 0.08758804
v -0.04148331 0.07227433 0.08727133
v -0.05003233 0.06664240 0.08701154
v -0.05780919 0.06002119 0.08687321
v -0.06473346 0.05247879 0.08685667
v -0.07070902 0.04409852 0.08690877
v -0.07562888 0.03499596 0.08698140
v -0.07939602 0.02531242 0.08705102
v -0.08193454 0.01520444 0.08711181
v -0.08319279 0.00483765 0.08716542
v -0.08314371 -0.00561844 0.08721446
v -0.08178417 -0.01599356 0.08726121
v -0.07913429 -0.02611910 0.08730687
v -0.07523675 -0.03583123 0.08735033
v -0.07015483 -0.04497492 0.08738915
v -0.06397033 -0.05340637 0.08742177
v -0.05678140 -0.06099442 0.08744856
v -0.04870031 -0.06762192 0.08747237
v -0.03985121 -0.07318692 0.08749871
v -0.03036750 -0.07760321 0.08753544
v -0.02039006 -0.08080031 0.08759183
v -0.01006740 -0.08272298 0.08767658
v 0.00043981 -0.08333217 0.08779429
v 0.01094760 -0.08261110 0.08794423
v 0.02123129 -0.08058335 0.08814694
v 0.03106369 -0.07732717 0.08861648
v 0.04059625 -0.07277629 0.09037225
v 0.04946796 -0.06706242 0.08965665
v 0.05722883 -0.06057479 0.09010229
v 0.06382646 -0.05357823 0.09118044
v 0.06923821 -0.04637365 0.09462860
v 0.07562988 -0.03499381 -0.26307250
v 0.06851442 -0.04743648 -0.26137398
v 0.05775325 -0.06007500 -0.26006888
v 0.04619775 -0.06935569 -0.25974479
v 0.03761650 -0.07436023 -0.25784177
v 0.02826971 -0.07839175 -0.25678323
v 0.01841671 -0.08127281 -0.25610783
v 0.00823375 -0.08292556 -0.25563554
v -0.00211002 -0.08330663 -0.25527121
v -0.01244167 -0.08239933 -0.25495494
v -0.02258277 -0.08021510 -0.25464863
v -0.03235248 -0.07679690 -0.25433565
v -0.04157888 -0.07221940 -0.25402994
v -0.05012252 -0.06657460 -0.25378792
v -0.05788840 -0.05994479 -0.25367048
v -0.06479840 -0.05239858 -0.25367435
v -0.07075848 -0.04401913 -0.25374375
v -0.07566292 -0.03492229 -0.25382815
v -0.07941577 -0.02525033 -0.25390069
v -0.08194277 -0.01516000 -0.25395113
v -0.08319413 -0.00481483 -0.25397792
v -0.08314365 0.00561948 -0.25398408
v -0.08178731 0.01597744 -0.25397590
v -0.07914242 0.02609448 -0.25396171
v -0.07524775 0.03580810 -0.25394950
v -0.07016352 0.04496138 -0.25394465
v -0.06396994 0.05340685 -0.25395021
v -0.05676515 0.06100952 -0.25396890
v -0.04866308 0.06764873 -0.25400394
v -0.03979096 0.07321969 -0.25405902
v -0.03028650 0.07763485 -0.25413721
v -0.02029523 0.08082419 -0.25424042
v -0.00996923 0.08273487 -0.25436885
v 0.00053012 0.08333165 -0.25451956
v 0.01102175 0.08260125 -0.25468767
v 0.02128552 0.08056904 -0.25489435
v 0.03109831 0.07731325 -0.25535671
v 0.04061363 0.07276660 -0.25709573
v 0.04947485 0.06705731 -0.25636669
v 0.05722973 0.06057394 -0.25679812
v 0.06382479 0.05358023 -0.25786502
v 0.06923604 0.04637688 -0.26130554
v 0.08320171 0.00468181 0.19902404
v 0.08316860 -0.00523717 0.19965981
v 0.08320171 -0.00468188 -0.36569088
v 0.08316860 0.00523721 -0.36632646
v 0.07938021 -0.02536194 0.09043283
v 0.07937888 0.02536612 -0.25710294
v 0.08307765 0.00652308 0.25299771
v 0.08318656 -0.00494381 0.25448687
v 0.08307765 -0.00652308 -0.41966440
v 0.08318656 0.00494381 -0.42115354
v 0.08323842 -0.00397610 0.19129958
v 0.08325962 -0.00350398 -0.35795931
v 0.08323842 0.00397612 -0.35796623
v 0.08325965 0.00350392 0.19129250
v 0.07952529 0.02490327 0.10238388
v 0.07952152 -0.02491531 -0.26907398
v 0.08322652 -0.00421779 0.24662350
v 0.08317342 -0.00516023 -0.41086571
v 0.08322652 0.00421779 -0.41329017
v 0.08317342 0.00516023 0.24419902
v 0.08319456 -0.00480733 0.29498617
v 0.08319456 0.00480733 -0.46165283
v 0.08177169 -0.01605725 0.08300494
v 0.08177092 0.01606115 -0.24967448
v 0.07954688 0.02483425 0.24380585
v 0.07954685 -0.02483429 -0.41047263
v 0.07881069 0.02707985 0.25611733
v 0.07881069 -0.02707988 -0.42278406
v 0.07995000 0.02350408 -0.05370983
v 0.07990827 -0.02364556 -0.11245298
v 0.08121877 0.01865358 -0.00744717
v 0.08117260 -0.01885346 -0.15908317
v 0.07020931 0.04488985 -0.00585962
v 0.06274156 0.05484471 -0.00292121
v 0.06516629 0.05194033 -0.16254325
v 0.05379990 0.06363973 0.00147169
v 0.05615898 0.06156796 -0.16214306
v 0.04749383 0.06847467 -0.00076679
v 0.05063196 0.06618798 -0.16725542
v 0.03949421 0.07338019 0.00062048
v 0.04007650 0.07306379 -0.16462956
v 0.02957040 0.07791044 0.00080033
v 0.03351031 0.07629877 -0.16872044
v 0.02043606 0.08078869 0.00295117
v 0.02135004 0.08055198 -0.16598135
v 0.01027040 0.08269802 0.00147335
v 0.01380600 0.08218175 -0.16969690
v 0.00028813 0.08333283 0.00326621
v 0.00088796 0.08332860 -0.16598712
v -0.00962260 0.08277590 0.00247677
v -0.00688056 0.08304879 -0.16941379
v -0.01910146 0.08111460 0.00405229
v -0.01961873 0.08099104 -0.16530660
v -0.02765042 0.07861233 0.00329879
v -0.02706352 0.07881631 -0.16836673
v -0.03581815 0.07524298 -0.00100988
v -0.03908135 0.07360090 -0.16330354
v -0.05518792 0.06243987 -0.00459660
v -0.05668033 0.06108833 -0.16258377
v -0.04949021 0.06704598 0.00130917
v -0.04607860 0.06943492 -0.16702935
v -0.06551592 0.05149863 0.00032973
v -0.06231363 0.05533042 -0.16678129
v -0.07034773 0.04467258 -0.00335810
v -0.07048579 0.04445446 -0.16290165
v -0.07903831 0.02640810 -0.00321908
v -0.07991508 0.02362250 -0.16560456
v -0.07651233 0.03301979 0.00200715
v -0.07453600 0.03726702 -0.16698258
v -0.08176940 0.01606894 -0.00266842
v -0.08192042 0.01528033 -0.16632046
v -0.08318019 -0.00504979 -0.00226477
v -0.08318304 -0.00500254 -0.16599548
v -0.08330913 0.00200860 0.00261069
v -0.08297394 0.00773117 -0.16982623
v -0.08193271 -0.01521431 -0.00136275
v -0.08238233 -0.01255373 -0.17002752
v -0.07820879 -0.02877200 0.00218250
v -0.07951538 -0.02493487 -0.16652762
v -0.07516896 -0.03597323 -0.00179096
v -0.07684169 -0.03224594 -0.16997110
v -0.06862431 -0.04727737 0.00261742
v -0.07089602 -0.04379723 -0.16620965
v -0.06396365 -0.05341437 -0.00057475
v -0.06646719 -0.05026487 -0.16965746
v -0.05493913 -0.06265890 0.00318310
v -0.05776842 -0.06006042 -0.16581129
v -0.04894396 -0.06744577 -0.00033267
v -0.05185900 -0.06523104 -0.16933321
v -0.03798875 -0.07417075 0.00287681
v -0.04054023 -0.07280752 -0.16640083
v -0.03093233 -0.07737981 -0.00144502
v -0.03256431 -0.07670729 -0.16423660
v -0.01154373 -0.08252992 -0.00174387
v -0.01131090 -0.08256215 -0.16458467
v -0.01841635 -0.08127290 0.00334792
v -0.02432565 -0.07970387 -0.16834675
v -0.00129908 -0.08332321 -0.00107448
v -0.00336490 -0.08326537 -0.16871610
v 0.01270502 -0.08235912 0.00203827
v 0.00979598 -0.08275556 -0.16540756
v 0.02010512 -0.08087167 -0.00243902
v 0.01748183 -0.08147902 -0.16910454
v 0.03300810 -0.07651738 -0.00025354
v 0.03056096 -0.07752723 -0.16595054
v 0.04025706 -0.07296446 -0.00530337
v 0.03869554 -0.07380448 -0.16319142
v 0.05560604 -0.06206781 -0.00547167
v 0.05744504 -0.06036979 -0.16026548
v 0.05125058 -0.06571015 0.00161613
v 0.04641344 -0.06921154 -0.16616648
v 0.06974269 -0.04561144 -0.16049802
v 0.06523450 -0.05185465 -0.00449858
v 0.06242277 -0.05520727 -0.16487762
v 0.07606854 0.03402971 -0.01120850
v 0.07585944 -0.03449331 -0.15515996
v 0.08175915 0.01612100 -0.09849108
v 0.08179642 -0.01593085 -0.06800269
v 0.06645600 0.05027965 -0.00959083
v 0.05809417 0.05974540 -0.00488875
v 0.06095440 0.05682435 -0.15846679
v 0.04585565 0.06958235 -0.16238131
v 0.02812404 0.07844415 -0.16372725
v 0.00808146 0.08294054 -0.16410015
v -0.01260052 0.08237519 -0.16363638
v -0.03233990 0.07680219 -0.16171927
v -0.04404706 0.07074108 -0.00695621
v -0.05094633 0.06594631 -0.16051031
v -0.06135806 0.05638823 -0.00598877
v -0.06617871 0.05064408 -0.16070150
v -0.07451458 0.03730981 -0.00565183
v -0.07750273 0.03062304 -0.16026473
v -0.08306433 0.00669044 -0.00508375
v -0.08330715 0.00208912 -0.16394504
v -0.08005656 -0.02313854 -0.00340092
v -0.08135198 -0.01806375 -0.16468440
v -0.07173827 -0.04240360 -0.00369137
v -0.07444498 -0.03744852 -0.16437544
v -0.05916210 -0.05868806 -0.00237752
v -0.06281842 -0.05475665 -0.16398869
v -0.04307325 -0.07133821 -0.00237548
v -0.04690729 -0.06887779 -0.16372923
v -0.02309929 -0.08006790 -0.00423221
v -0.01860090 -0.08123085 -0.16241971
v 0.00673506 -0.08306073 -0.00332531
v 0.00255985 -0.08329400 -0.16325006
v 0.02698825 -0.07884210 -0.00543529
v 0.02345233 -0.07996519 -0.16342750
v 0.04848329 -0.06777769 -0.00864263
v 0.05114542 -0.06579202 -0.15952977
v 0.06095663 -0.05682196 -0.00881319
v 0.06548731 -0.05153502 -0.15666567
v 0.07639510 0.03329010 -0.15837404
v 0.07646902 -0.03311998 -0.00839781
v 0.07912802 -0.02613810 0.07962767
v 0.07912592 0.02614450 -0.24630104
v 0.06515885 0.05194967 -0.04401717
v 0.05370385 0.06372079 -0.12453021
v 0.04783321 0.06823804 -0.12838237
v 0.01968858 0.08097410 -0.03504490
v 0.01243515 0.08240031 -0.03783185
v -0.00098467 0.08332752 -0.03709344
v -0.00815402 0.08293344 -0.04003467
v -0.02140129 0.08053837 -0.03923579
v -0.02490144 0.07952585 -0.12884300
v -0.03027490 0.07763940 -0.04180233
v -0.03191452 0.07697992 -0.12704975
v -0.03748225 0.07442798 -0.04470590
v -0.05543998 0.06221619 -0.04125735
v -0.05807025 0.05976865 -0.12532906
v -0.04991448 0.06673073 -0.12460358
v -0.06095800 0.05682048 -0.03911346
v -0.06519275 0.05190713 -0.12729048
v -0.07054656 0.04435794 -0.03894300
v -0.07982915 0.02391133 -0.03914571
v -0.08002517 0.02324690 -0.12421385
v -0.07450077 0.03733737 -0.04075121
v -0.07623225 0.03366140 -0.12386452
v -0.08173723 0.01623181 -0.04194858
v -0.08315729 -0.00541375 -0.03845565
v -0.08318550 -0.00496171 -0.12743162
v -0.08329327 0.00258387 -0.12323188
v -0.08233225 -0.01287804 -0.03632244
v -0.07870681 -0.02738035 -0.03718452
v -0.07611329 -0.03392950 -0.04081290
v -0.04550894 -0.06980960 -0.12908994
v -0.04011346 -0.07304352 -0.03717577
v -0.03869950 -0.07380240 -0.12760167
v -0.03292467 -0.07655331 -0.04094483
v -0.01152425 -0.08253265 -0.03819910
v -0.00997431 -0.08273425 -0.12849037
v -0.01777156 -0.08141631 -0.12507740
v -0.00392652 -0.08324077 -0.03613431
v 0.01111492 -0.08258875 -0.03697594
v 0.01813565 -0.08133598 -0.04028835
v 0.02493048 -0.07951677 -0.12913473
v 0.03081438 -0.07742685 -0.04072321
v 0.03221333 -0.07685535 -0.12771088
v 0.03750171 -0.07441819 -0.04440792
v 0.05478737 -0.06279163 -0.04231585
v 0.05026669 -0.06646581 -0.12524027
v 0.06442898 -0.05285217 -0.11971173
v 0.08192929 0.01523275 0.12040702
v 0.08192854 -0.01523679 -0.28708244
v 0.07933773 0.02549452 0.27507552
v 0.07933773 -0.02549452 -0.44174221
v 0.07995777 -0.02347765 0.10097835
v 0.07995696 0.02348042 -0.26764673
v 0.08141592 -0.01777333 0.09291469
v 0.08141527 0.01777635 -0.25958335
v 0.07493681 0.03645431 0.10652363
v 0.07493012 -0.03646806 -0.27322202
v 0.06753248 0.04882427 0.10757194
v 0.06181144 0.05589090 0.10398579
v 0.05537767 0.06227167 0.10508300
v 0.04049642 -0.07283190 0.10015548
v 0.06555998 -0.05144252 0.10105752
v 0.06752148 -0.04883946 -0.27427919
v 0.06179554 -0.05590846 -0.27070112
v 0.05535806 -0.06228908 -0.27180221
v 0.04050908 0.07282483 -0.26686081
v 0.06555865 0.05144421 -0.26773521
v 0.08057890 -0.02124821 0.17944617
v 0.08057883 0.02124840 -0.34611275
v 0.08100156 0.01957531 0.11476792
v 0.08100002 -0.01958165 -0.28144794
v 0.07437919 0.03757898 0.06115275
v 0.06835942 0.04765956 0.05965460
v 0.06125442 0.05650079 0.05892925
v 0.05317379 0.06416379 0.05861219
v 0.04426708 0.07060360 0.05764527
v 0.03475248 0.07574106 0.05698600
v 0.02485933 0.07953904 0.05652456
v 0.01468546 0.08202915 0.05621681
v 0.00434719 0.08321988 0.05600579
v -0.00602200 0.08311546 0.05584315
v -0.01628133 0.08172738 0.05568723
v -0.02629269 0.07907679 0.05551140
v -0.03591896 0.07519490 0.05532448
v -0.04500977 0.07013248 0.05516533
v -0.05341106 0.06396642 0.05505946
v -0.06098298 0.05679367 0.05500081
v -0.06760240 0.04872742 0.05497790
v -0.07316260 0.03989581 0.05497442
v -0.07757767 0.03043269 0.05497452
v -0.08077965 0.02047175 0.05497771
v -0.08271033 0.01017077 0.05500825
v -0.08333281 -0.00029242 0.05506860
v -0.08263602 -0.01075794 0.05513260
v -0.08062756 -0.02106279 0.05521769
v -0.07734346 -0.03102310 0.05532665
v -0.07284481 -0.04047319 0.05542915
v -0.06720700 -0.04927133 0.05551235
v -0.06052094 -0.05728577 0.05557050
v -0.05289238 -0.06439598 0.05560052
v -0.04443956 -0.07049517 0.05560517
v -0.03529158 -0.07549137 0.05559354
v -0.02558544 -0.07930846 0.05557742
v -0.01545831 -0.08188702 0.05557217
v -0.00504937 -0.08318021 0.05560225
v 0.00547506 -0.08315327 0.05571069
v 0.01592344 -0.08179785 0.05591225
v 0.02613042 -0.07913056 0.05618204
v 0.03600490 -0.07515379 0.05646258
v 0.04536219 -0.06990504 0.05700810
v 0.05407335 -0.06340754 0.05716015
v 0.06291958 -0.05464038 0.05760762
v 0.06816927 -0.04793115 0.05747781
v 0.07315723 -0.03990571 0.05482831
v 0.07434540 -0.03764579 -0.22789496
v 0.06832004 -0.04771600 -0.22642088
v 0.06120992 -0.05654902 -0.22565633
v 0.05308604 -0.06423642 -0.22529350
v 0.04412298 -0.07069375 -0.22439294
v 0.03459183 -0.07581458 -0.22379362
v 0.02469256 -0.07959096 -0.22331644
v 0.01449358 -0.08206327 -0.22298265
v 0.00411281 -0.08323177 -0.22273229
v -0.00631625 -0.08309362 -0.22252571
v -0.01664462 -0.08165415 -0.22234377
v -0.02671140 -0.07893633 -0.22218590
v -0.03635931 -0.07498296 -0.22206937
v -0.04543156 -0.06985998 -0.22202131
v -0.05377525 -0.06366056 -0.22203446
v -0.06126921 -0.05648477 -0.22207375
v -0.06781206 -0.04843521 -0.22212194
v -0.07330723 -0.03962948 -0.22216808
v -0.07766765 -0.03020231 -0.22220171
v -0.08082250 -0.02030194 -0.22221350
v -0.08272090 -0.01008456 -0.22219577
v -0.08333283 0.00029142 -0.22213833
v -0.08264662 0.01067613 -0.22203965
v -0.08066252 0.02092850 -0.22191902
v -0.07739735 0.03088842 -0.22181558
v -0.07289748 0.04037825 -0.22175408
v -0.06723481 0.04923338 -0.22172733
v -0.06050029 0.05730758 -0.22173104
v -0.05280369 0.06446873 -0.22176558
v -0.04427175 0.07060069 -0.22183917
v -0.03504502 0.07560617 -0.22195452
v -0.02527331 0.07940846 -0.22209944
v -0.01511046 0.08195192 -0.22226442
v -0.00471373 0.08319992 -0.22244419
v 0.00575510 0.08313437 -0.22264269
v 0.01613229 0.08175692 -0.22287248
v 0.02626863 0.07908479 -0.22313735
v 0.03607769 0.07511887 -0.22338633
v 0.04538677 0.06988910 -0.22387521
v 0.05407217 0.06340854 -0.22396277
v 0.06291000 0.05465142 -0.22435471
v 0.06815925 0.04794540 -0.22420140
v 0.07314758 0.03992337 -0.22153542
v 0.08085454 -0.02017392 0.28495554
v 0.08085454 0.02017392 -0.45162221
v 0.08246729 0.01198294 0.01977788
v 0.08245517 -0.01206604 -0.18642365
v 0.06432700 0.05297623 0.29065533
v 0.05716073 0.06063906 0.29034063
v 0.04928815 0.06719467 0.29024988
v 0.04062894 0.07275806 0.29023619
v 0.03130704 0.07722898 0.29024602
v 0.02146881 0.08052040 0.29026069
v 0.01127085 0.08256763 0.29027452
v 0.00087679 0.08332873 0.29028665
v -0.00954583 0.08278479 0.29029779
v -0.01982879 0.08093988 0.29030892
v -0.02980615 0.07782054 0.29032062
v -0.03931735 0.07347510 0.29033275
v -0.04821010 0.06797227 0.29034454
v -0.05634306 0.06139954 0.29035473
v -0.06358806 0.05386096 0.29036225
v -0.06983160 0.04547517 0.29036658
v -0.07497604 0.03637360 0.29036804
v -0.07894065 0.02669867 0.29036733
v -0.08166283 0.01660198 0.29036537
v -0.08309921 0.00624221 0.29036296
v -0.08322654 -0.00421748 0.29036060
v -0.08204225 -0.01461206 0.29035858
v -0.07956462 -0.02477733 0.29035698
v -0.07583240 -0.03455273 0.29035577
v -0.07090431 -0.04378381 0.29035479
v -0.06485798 -0.05232481 0.29035387
v -0.05778871 -0.06004090 0.29035277
v -0.04980798 -0.06681025 0.29035106
v -0.04104165 -0.07252604 0.29034815
v -0.03162821 -0.07709800 0.29034296
v -0.02171671 -0.08045390 0.29033387
v -0.01146481 -0.08254092 0.29031825
v -0.00103673 -0.08332688 0.29029185
v 0.00939902 -0.08280158 0.29024827
v 0.01967215 -0.08097808 0.29017790
v 0.02961308 -0.07789423 0.29006698
v 0.03905360 -0.07361563 0.28989683
v 0.04781869 -0.06824821 0.28963946
v 0.05571373 -0.06197117 0.28920854
v 0.06268502 -0.05490931 0.28823462
v 0.06893946 -0.04681662 0.28684615
v 0.06432700 -0.05297623 -0.45732202
v 0.05716073 -0.06063906 -0.45700731
v 0.04928815 -0.06719467 -0.45691654
v 0.04062892 -0.07275806 -0.45690288
v 0.03130702 -0.07722898 -0.45691269
v 0.02146879 -0.08052040 -0.45692735
v 0.01127085 -0.08256763 -0.45694121
v 0.00087679 -0.08332873 -0.45695333
v -0.00954583 -0.08278479 -0.45696448
v -0.01982879 -0.08093988 -0.45697560
v -0.02980615 -0.07782054 -0.45698729
v -0.03931735 -0.07347510 -0.45699944
v -0.04821010 -0.06797227 -0.45701121
v -0.05634306 -0.06139954 -0.45702140
v -0.06358806 -0.05386096 -0.45702892
v -0.06983160 -0.04547519 -0.45703327
v -0.07497604 -0.03637360 -0.45703471
v -0.07894065 -0.02669867 -0.45703400
v -0.08166283 -0.01660198 -0.45703204
v -0.08309921 -0.00624221 -0.45702962
v -0.08322654 0.00421748 -0.45702727
v -0.08204225 0.01461206 -0.45702525
v -0.07956462 0.02477733 -0.45702365
v -0.07583240 0.03455273 -0.45702244
v -0.07090431 0.04378381 -0.45702146
v -0.06485798 0.05232481 -0.45702054
v -0.05778871 0.06004090 -0.45701944
v -0.04980798 0.06681025 -0.45701773
v -0.04104165 0.07252604 -0.45701479
v -0.03162821 0.07709800 -0.45700962
v -0.02171671 0.08045390 -0.45700054
v -0.01146481 0.08254092 -0.45698492
v -0.00103675 0.08332688 -0.45695852
v 0.00939902 0.08280158 -0.45691496
v 0.01967215 0.08097808 -0.45684456
v 0.02961308 0.07789423 -0.45673365
v 0.03905360 0.07361563 -0.45656350
v 0.04781869 0.06824821 -0.45630613
v 0.05571373 0.06197117 -0.45587521
v 0.06268502 0.05490931 -0.45490129
v 0.06893946 0.04681662 -0.45351281
v 0.07489512 0.03653990 0.29196069
v 0.07489512 -0.03653990 -0.45862735
v 0.08102300 -0.01948637 0.18907129
v 0.08102296 0.01948652 -0.35573790
v 0.07682131 -0.03229444 0.19545735
v 0.07682123 0.03229460 -0.36212396
v 0.07600763 0.03416556 0.19148688
v 0.07600735 -0.03416617 -0.35815529
v 0.07010665 0.04505000 0.19358573
v 0.07010623 -0.04505063 -0.36025448
v 0.06290348 0.05465890 0.19564587
v 0.06290298 -0.05465948 -0.36231477
v 0.07208794 -0.04180640 0.19267148
v 0.07208781 0.04180660 -0.35933810
v 0.08264221 -0.01071025 0.06358146
v 0.08264154 0.01071537 -0.23025215
v 0.07167254 -0.04251458 0.14547035
v 0.07167208 0.04251538 -0.31213756
v 0.07456854 0.03720185 0.01883144
v 0.07440313 -0.03753160 -0.18547873
v 0.06840908 0.04758825 0.02415648
v 0.06192967 0.05575985 0.02638673
v 0.05212592 0.06501796 0.03008917
v 0.04470552 0.07032681 0.02896890
v 0.03524154 0.07551475 0.02902502
v 0.02537935 0.07937462 0.02916290
v 0.01527810 0.08192083 0.02924360
v 0.00503173 0.08318129 0.02929227
v -0.00521469 0.08317002 0.02933440
v -0.01531833 0.08191333 0.02930335
v -0.02517894 0.07943844 0.02907913
v -0.03479919 0.07571963 0.02858096
v -0.04414008 0.07068308 0.02823502
v -0.05269198 0.06456004 0.02827479
v -0.06047358 0.05733577 0.02791544
v -0.06728633 0.04916294 0.02813871
v -0.07297158 0.04024417 0.02796969
v -0.07742567 0.03081735 0.02818006
v -0.08068052 0.02085902 0.02774269
v -0.08269913 0.01026156 0.02790575
v -0.08333329 -0.00009125 0.02836525
v -0.08267077 -0.01048756 0.02807048
v -0.08062640 -0.02106721 0.02827775
v -0.07735508 -0.03099410 0.02879869
v -0.07286915 -0.04042935 0.02878133
v -0.06726425 -0.04919312 0.02917973
v -0.06060298 -0.05719898 0.02909512
v -0.05302998 -0.06428269 0.02936831
v -0.04461875 -0.07038190 0.02913015
v -0.03553831 -0.07537554 0.02926756
v -0.02589429 -0.07920815 0.02896490
v -0.01591365 -0.08179975 0.02906012
v -0.00559006 -0.08314562 0.02855183
v 0.00520677 -0.08317052 0.02860796
v 0.01562950 -0.08185452 0.02901702
v 0.02581463 -0.07923415 0.02897725
v 0.03505837 -0.07559996 0.03006269
v 0.04328092 -0.07121242 0.02712498
v 0.05486385 -0.06272481 0.02644792
v 0.06203627 -0.05564121 0.02566517
v 0.06857002 -0.04735608 0.02317615
v 0.07241000 -0.04124604 0.02313340
v 0.06812879 -0.04798867 -0.19100231
v 0.06221171 -0.05544500 -0.19457229
v 0.05181187 -0.06526848 -0.19398137
v 0.04398012 -0.07078273 -0.19691748
v 0.03515115 -0.07555687 -0.19570362
v 0.02506890 -0.07947323 -0.19566144
v 0.01491835 -0.08198712 -0.19595358
v 0.00453367 -0.08320992 -0.19564356
v -0.00590988 -0.08312350 -0.19571427
v -0.01629627 -0.08172440 -0.19534081
v -0.02637198 -0.07905038 -0.19543129
v -0.03606019 -0.07512727 -0.19502965
v -0.04538673 -0.06988913 -0.19521900
v -0.05371285 -0.06371321 -0.19570054
v -0.06122810 -0.05652931 -0.19563252
v -0.06778046 -0.04847942 -0.19595594
v -0.07329690 -0.03964858 -0.19582256
v -0.07765137 -0.03024417 -0.19608969
v -0.08080656 -0.02036529 -0.19588296
v -0.08270233 -0.01023569 -0.19604431
v -0.08333331 0.00004385 -0.19571235
v -0.08269979 0.01025625 -0.19569733
v -0.08080162 0.02038481 -0.19497587
v -0.07751790 0.03058463 -0.19468023
v -0.07303990 0.04012004 -0.19479548
v -0.06735563 0.04906796 -0.19447567
v -0.06058510 0.05721792 -0.19467804
v -0.05281658 0.06445815 -0.19450556
v -0.04423413 0.07062427 -0.19489167
v -0.03494437 0.07565273 -0.19491812
v -0.02517667 0.07943915 -0.19545244
v -0.01501469 0.08196952 -0.19553048
v -0.00466975 0.08320240 -0.19600123
v 0.00577575 0.08313294 -0.19598952
v 0.01608958 0.08176533 -0.19638969
v 0.02613992 0.07912742 -0.19641310
v 0.03520008 0.07553408 -0.19745069
v 0.04327052 0.07121873 -0.19444240
v 0.05480625 0.06277517 -0.19341206
v 0.06200233 0.05567904 -0.19252417
v 0.06853875 0.04740131 -0.18998029
v 0.07238048 0.04129781 -0.18989956
v 0.07521273 -0.03588160 0.02627621
v 0.07518938 0.03593052 -0.19301333
v 0.08242573 -0.01226552 0.11172002
v 0.08242556 0.01226669 -0.27838698
v 0.08018690 0.02268277 0.12442742
v 0.08018538 -0.02268808 -0.29110627
v 0.08295794 0.00790090 -0.09379400
v 0.08296583 -0.00781750 -0.07277713
v 0.07431023 0.03771517 -0.18297448
v 0.07434579 -0.03764502 0.01620948
v 0.08230750 0.01303531 0.14939248
v 0.08230729 -0.01303662 -0.31606235
v 0.08209812 -0.01429481 0.17949269
v 0.08209810 0.01429496 -0.34615929
v 0.08296879 0.00778608 0.16875640
v 0.08296875 -0.00778650 -0.33542410
v 0.08289379 -0.00854767 -0.06138558
v 0.08288317 0.00865019 -0.10521287
v 0.08319806 -0.00474625 -0.14777040
v 0.08320067 0.00470023 -0.01885217
v 0.08319658 -0.00477225 -0.01811537
v 0.08319467 0.00480535 -0.14855571
v 0.08277879 -0.00959769 0.08806225
v 0.08277856 0.00959977 -0.25473029
v 0.08313446 -0.00575388 -0.15711404
v 0.08313821 0.00569929 -0.00951004
v 0.08271198 0.01015746 0.13806615
v 0.08271179 -0.01015898 -0.30473635
v 0.08278996 -0.00950090 0.14526400
v 0.08278992 0.00950123 -0.31193058
v 0.08309171 -0.00634123 -0.00224333
v 0.08308927 0.00637329 -0.16443292
v 0.08312521 -0.00588590 -0.17888429
v 0.08312835 0.00584131 0.01223496
v 0.08294250 0.00806140 0.10554540
v 0.08294217 -0.00806492 -0.27221854
v 0.08301035 -0.00732969 0.04617852
v 0.08300977 0.00733648 -0.21285033
v 0.08287865 0.00869338 0.19100085
v 0.08287862 -0.00869356 -0.35766796
v 0.08317560 -0.00512485 -0.18822669
v 0.08317767 0.00509135 0.02156796
v 0.08314840 -0.00554869 0.06691454
v 0.08314825 0.00555104 -0.23358294
v 0.08268879 -0.01034456 0.19072508
v 0.08268877 0.01034463 -0.35739173
v 0.08317254 -0.00517410 -0.24288125
v 0.08317298 0.00516725 0.07620756
v 0.08321060 -0.00452119 0.07830100
v 0.08321052 0.00452258 -0.24496867
v 0.08312512 -0.00588717 -0.11727354
v 0.08312773 0.00585012 -0.04929785
v 0.08308765 -0.00639433 -0.12766531
v 0.08309187 0.00633915 -0.03891142
v 0.08311748 -0.00599396 -0.25188296
v 0.08311790 0.00598821 0.08520898
v 0.08305990 -0.00674531 -0.26212704
v 0.08306025 0.00674088 0.09545350
v 0.08308185 -0.00646927 -0.02838275
v 0.08307756 0.00652398 -0.13828429
v 0.08283387 -0.00911015 0.24929417
v 0.08283387 0.00911015 -0.41596083
v 0.08312679 -0.00586363 0.10605048
v 0.08321885 -0.00436654 -0.27721629
v 0.08312673 0.00586433 -0.27271737
v 0.08321894 0.00436502 0.11054667
v 0.08271575 0.01012665 -0.06205506
v 0.08271367 -0.01014363 -0.10441969
v 0.07738773 0.03091254 -0.09731329
v 0.07755952 -0.03047892 -0.06896354
v 0.08225277 0.01337631 0.24383271
v 0.08225277 -0.01337633 -0.41049944
v 0.08299450 -0.00750725 0.22123890
v 0.08299450 0.00750727 -0.38790554
v 0.07735204 0.03100169 0.01951240
v 0.07724944 -0.03125652 -0.18614927
v 0.07562431 -0.03500583 0.28700552
v 0.07562431 0.03500583 -0.45367219
v 0.07198835 -0.04197765 0.28192573
v 0.07198833 0.04197765 -0.44859240
v 0.06086990 0.05691485 0.28668948
v 0.05336942 0.06400117 0.28659210
v 0.04509173 0.07007981 0.28658229
v 0.03609271 0.07511165 0.28660125
v 0.02650463 0.07900600 0.28662433
v 0.01647635 0.08168827 0.28664435
v 0.00616706 0.08310483 0.28666060
v -0.00425775 0.08322450 0.28667444
v -0.01462977 0.08203910 0.28668746
v -0.02478123 0.07956340 0.28670092
v -0.03454802 0.07583454 0.28671519
v -0.04377290 0.07091104 0.28672973
v -0.05230840 0.06487123 0.28674319
v -0.06001933 0.05781110 0.28675402
v -0.06678475 0.04984217 0.28676121
v -0.07249904 0.04108935 0.28676465
v -0.07707283 0.03168948 0.28676500
v -0.08043421 0.02178952 0.28676335
v -0.08252977 0.01154471 0.28676075
v -0.08332585 0.00111617 0.28675794
v -0.08280921 -0.00933165 0.28675542
v -0.08098740 -0.01963379 0.28675333
v -0.07788877 -0.02962742 0.28675173
v -0.07356192 -0.03915467 0.28675050
v -0.06807498 -0.04806498 0.28674942
v -0.06151440 -0.05621765 0.28674827
v -0.05398365 -0.06348394 0.28674665
v -0.04560152 -0.06974917 0.28674398
v -0.03650038 -0.07491440 0.28673933
v -0.02682425 -0.07889806 0.28673123
v -0.01672681 -0.08163735 0.28671735
v -0.00636944 -0.08308956 0.28669402
v 0.00408115 -0.08323333 0.28665565
v 0.01445515 -0.08207004 0.28659387
v 0.02458279 -0.07962494 0.28649692
v 0.03429658 -0.07594860 0.28634929
v 0.04342848 -0.07112252 0.28613335
v 0.05178325 -0.06529119 0.28582304
v 0.05915002 -0.05870025 0.28522177
v 0.06567060 -0.05130123 0.28371325
v 0.06086990 -0.05691485 -0.45335617
v 0.05336940 -0.06400119 -0.45325879
v 0.04509171 -0.07007983 -0.45324898
v 0.03609271 -0.07511167 -0.45326794
v 0.02650463 -0.07900602 -0.45329102
v 0.01647635 -0.08168827 -0.45331104
v 0.00616706 -0.08310483 -0.45332729
v -0.00425775 -0.08322450 -0.45334113
v -0.01462977 -0.08203910 -0.45335415
v -0.02478123 -0.07956340 -0.45336758
v -0.03454802 -0.07583454 -0.45338187
v -0.04377290 -0.07091104 -0.45339642
v -0.05230840 -0.06487123 -0.45340987
v -0.06001933 -0.05781110 -0.45342071
v -0.06678475 -0.04984217 -0.45342790
v -0.07249904 -0.04108935 -0.45343131
v -0.07707283 -0.03168948 -0.45343167
v -0.08043421 -0.02178952 -0.45343002
v -0.08252977 -0.01154471 -0.45342742
v -0.08332585 -0.00111617 -0.45342462
v -0.08280921 0.00933165 -0.45342208
v -0.08098740 0.01963379 -0.45342002
v -0.07788877 0.02962742 -0.45341842
v -0.07356192 0.03915467 -0.45341717
v -0.06807498 0.04806498 -0.45341608
v -0.06151440 0.05621762 -0.45341494
v -0.05398365 0.06348394 -0.45341331
v -0.04560152 0.06974917 -0.45341062
v -0.03650038 0.07491440 -0.45340600
v -0.02682425 0.07889806 -0.45339790
v -0.01672683 0.08163735 -0.45338402
v -0.00636944 0.08308956 -0.45336069
v 0.00408115 0.08323333 -0.45332231
v 0.01445515 0.08207004 -0.45326054
v 0.02458277 0.07962494 -0.45316358
v 0.03429656 0.07594860 -0.45301596
v 0.04342846 0.07112252 -0.45280002
v 0.05178323 0.06529121 -0.45248971
v 0.05915002 0.05870025 -0.45188844
v 0.06567060 0.05130125 -0.45037992
v 0.06851315 0.04743829 0.28697067
v 0.06851315 -0.04743829 -0.45363735
v 0.07245383 0.04116900 0.28725294
v 0.07245383 -0.04116902 -0.45391960
v 0.07769571 0.03013006 0.28572817
v 0.07769571 -0.03013008 -0.45239485
v 0.08049535 0.02156252 0.28526165
v 0.08049535 -0.02156252 -0.45192833
v 0.07659777 0.03282115 -0.11957281
v 0.07678060 -0.03239110 -0.04701548
v 0.08240040 -0.01243458 0.28011854
v 0.08240040 0.01243458 -0.44678521
v 0.06994410 0.04530194 -0.13261260
v 0.07026198 -0.04480735 -0.03425698
v 0.07010571 0.04505146 -0.03837277
v 0.06505567 0.05207883 -0.12891356
v 0.05888394 0.05896717 -0.03661842
v 0.05927427 0.05857477 -0.12696292
v 0.05216188 0.06498910 -0.03371610
v 0.04456862 0.07041365 -0.03708417
v 0.04156379 0.07222808 -0.13285025
v 0.03477406 0.07573117 -0.03464094
v 0.03405977 0.07605508 -0.13137804
v 0.02695771 0.07885256 -0.03187825
v 0.02462919 0.07961060 -0.13101740
v 0.01470406 0.08202581 -0.13092017
v 0.00630415 0.08309454 -0.03437335
v 0.00456715 0.08320808 -0.13082673
v -0.00561840 0.08314373 -0.13061906
v -0.01401040 0.08214715 -0.03692685
v -0.01567929 0.08184500 -0.13015027
v -0.03734469 0.07449710 -0.13198319
v -0.04413779 0.07068452 -0.04118273
v -0.04403471 0.07074877 -0.12782058
v -0.05053479 0.06626219 -0.03660369
v -0.05414571 0.06334577 -0.12750506
v -0.06149642 0.05623731 -0.12901319
v -0.06600165 0.05087462 -0.03629240
v -0.06885017 0.04694783 -0.13206108
v -0.07301437 0.04016646 -0.12741188
v -0.07711348 0.03159046 -0.03529954
v -0.07832760 0.02844698 -0.12666633
v -0.08137133 0.01797635 -0.12811206
v -0.08289083 0.00857635 -0.03831271
v -0.08265942 0.01057663 -0.12591944
v -0.08333000 0.00074544 -0.03382385
v -0.08242904 -0.01224321 -0.13252960
v -0.08079710 -0.02040273 -0.03372775
v -0.08067877 -0.02086575 -0.13152654
v -0.07738083 -0.03092977 -0.13117052
v -0.07274877 -0.04064556 -0.03894544
v -0.07286821 -0.04043102 -0.13100340
v -0.06775640 -0.04851304 -0.03727219
v -0.06728069 -0.04917067 -0.13083527
v -0.06135879 -0.05638744 -0.03589025
v -0.06072594 -0.05706844 -0.13056333
v -0.05381100 -0.06363035 -0.03487696
v -0.05334881 -0.06401835 -0.13006740
v -0.04685254 -0.06891506 -0.03292254
v -0.03299160 -0.07652450 -0.13286962
v -0.02541825 -0.07936219 -0.03771940
v -0.02539527 -0.07936954 -0.12858260
v -0.01769508 -0.08143298 -0.03339621
v -0.00238727 -0.08329912 -0.13250890
v 0.00379579 -0.08324683 -0.03356187
v 0.00580881 -0.08313063 -0.13090379
v 0.01559110 -0.08186185 -0.13011990
v 0.02402123 -0.07979615 -0.03733404
v 0.03776721 -0.07428379 -0.13272040
v 0.04403977 -0.07074562 -0.04155581
v 0.04442023 -0.07050735 -0.12851473
v 0.05023223 -0.06649185 -0.03770858
v 0.05552996 -0.06213590 -0.12795492
v 0.05999925 -0.05783196 -0.04035517
v 0.06128998 -0.05646223 -0.13014862
v 0.06555615 -0.05144742 -0.03812750
v 0.06913577 -0.04652623 -0.12733754
v 0.08025354 0.02244575 -0.03140990
v 0.08017898 -0.02271067 -0.13492956
v 0.07348894 0.03929146 -0.03517906
v 0.07307425 -0.04005746 -0.13075206
v 0.07709985 0.03162367 -0.12960292
v 0.07724194 -0.03127504 -0.03707106
v 0.08193494 0.01520235 -0.19134063
v 0.08194079 -0.01517073 0.02465248
v 0.07585956 0.03449306 -0.03786733
v 0.07561471 -0.03502656 -0.12812350
v 0.07352602 0.03922206 -0.21042110
v 0.07354013 -0.03919560 0.04370006
v 0.07800287 0.02932571 -0.02224812
v 0.07785210 -0.02972367 -0.14406017
v 0.08101440 -0.01952210 0.29813565
v 0.08101440 0.01952210 -0.46480231
v 0.08008548 0.02303821 0.21063562
v 0.08008544 -0.02303842 -0.37730283
v 0.08253915 0.01147758 0.29289067
v 0.08253915 -0.01147758 -0.45955733
v 0.07590913 -0.03438385 0.29966694
v 0.07590913 0.03438385 -0.46633360
v 0.07471575 0.03690527 0.30114977
v 0.07471575 -0.03690529 -0.46781646
v 0.07213877 0.04171860 0.10184677
v 0.07212881 -0.04173583 -0.26855373
v 0.08136119 0.01802221 -0.12520648
v 0.08140446 -0.01782577 -0.04142438
v 0.08272683 0.01003571 -0.07349490
v 0.08273169 -0.00999556 -0.09298448
v 0.07866658 -0.02749567 0.10756633
v 0.07866573 0.02749810 -0.27423446
v 0.07793531 0.02950475 0.12210752
v 0.07793258 -0.02951196 -0.28879133
v 0.07862290 0.02762035 0.03859002
v 0.07857635 -0.02775252 -0.20528858
v 0.08251381 0.01165823 -0.01687156
v 0.08249640 -0.01178083 -0.14968512
v 0.07903446 0.02641969 -0.15102175
v 0.07909300 -0.02624392 -0.01570258
v 0.07309406 0.04002127 0.13481806
v 0.07309090 -0.04002704 -0.30150085
v 0.06746312 0.04892006 0.13197531
v 0.06084858 0.05693765 0.13273735
v 0.05257165 0.06465808 0.12978225
v 0.04674950 0.06898500 0.13639323
v 0.03389625 0.07612810 0.13804467
v 0.02742433 0.07869150 0.13487008
v 0.01472598 0.08202190 0.13744842
v 0.00765275 0.08298121 0.13426352
v -0.00577273 0.08313315 0.13688823
v -0.01299802 0.08231340 0.13364587
v -0.02630000 0.07907435 0.13613746
v -0.03317456 0.07644535 0.13266265
v -0.04556983 0.06976988 0.13439623
v -0.05151127 0.06550598 0.12995229
v -0.05754092 0.06027842 0.13317265
v -0.06452446 0.05273554 0.13435044
v -0.07060158 0.04427033 0.13489979
v -0.07558496 0.03509071 0.13521194
v -0.07938250 0.02535477 0.13540510
v -0.08193208 0.01521767 0.13552979
v -0.08319273 0.00483877 0.13561244
v -0.08314371 -0.00561858 0.13566852
v -0.08178500 -0.01598927 0.13570765
v -0.07913760 -0.02610906 0.13573602
v -0.07524325 -0.03581754 0.13575783
v -0.07016385 -0.04496085 0.13577617
v -0.06398035 -0.05339437 0.13579383
v -0.05679129 -0.06098519 0.13581392
v -0.04871090 -0.06761429 0.13584046
v -0.03986687 -0.07317840 0.13587925
v -0.03039808 -0.07759123 0.13593890
v -0.02045206 -0.08078465 0.13603279
v -0.01018194 -0.08270896 0.13618340
v 0.00025846 -0.08333294 0.13643296
v 0.01072033 -0.08264090 0.13687473
v 0.02102025 -0.08063867 0.13776367
v 0.03028806 -0.07763425 0.13997450
v 0.04361025 -0.07101121 0.13963640
v 0.05101731 -0.06589142 0.13618421
v 0.05699906 -0.06079104 0.13099383
v 0.06565796 -0.05131742 0.13217150
v 0.06745817 -0.04892687 -0.29866312
v 0.06084229 -0.05694435 -0.29942771
v 0.05256269 -0.06466535 -0.29647875
v 0.04674169 -0.06899027 -0.30308633
v 0.03388835 -0.07613162 -0.30473919
v 0.02741517 -0.07869469 -0.30156900
v 0.01471833 -0.08202325 -0.30414542
v 0.00764400 -0.08298200 -0.30096381
v -0.00577987 -0.08313265 -0.30358429
v -0.01300685 -0.08231200 -0.30034410
v -0.02630775 -0.07907179 -0.30283108
v -0.03318458 -0.07644100 -0.29935877
v -0.04557888 -0.06976398 -0.30109021
v -0.05152263 -0.06549704 -0.29665123
v -0.05755035 -0.06026942 -0.29986985
v -0.06453250 -0.05272571 -0.30104837
v -0.07060804 -0.04426002 -0.30159894
v -0.07558960 -0.03508069 -0.30191175
v -0.07938531 -0.02534594 -0.30210431
v -0.08193335 -0.01521085 -0.30222656
v -0.08319298 -0.00483452 -0.30230469
v -0.08314360 0.00562019 -0.30235419
v -0.08178512 0.01598865 -0.30238525
v -0.07913825 0.02610712 -0.30240492
v -0.07524429 0.03581538 -0.30241844
v -0.07016473 0.04495948 -0.30242992
v -0.06398025 0.05339450 -0.30244296
v -0.05678931 0.06098704 -0.30246113
v -0.04870631 0.06761760 -0.30248860
v -0.03985937 0.07318248 -0.30253079
v -0.03038794 0.07759521 -0.30259558
v -0.02044010 0.08078767 -0.30269544
v -0.01016935 0.08271052 -0.30285173
v 0.00027031 0.08333290 -0.30310577
v 0.01073031 0.08263960 -0.30355025
v 0.02102752 0.08063677 -0.30443983
v 0.03029240 0.07763256 -0.30664917
v 0.04361175 0.07101029 -0.30630881
v 0.05101804 0.06589085 -0.30285621
v 0.05699921 0.06079092 -0.29766556
v 0.06565738 0.05131815 -0.29884065
v 0.07746212 -0.03072563 0.21610702
v 0.07746208 0.03072571 -0.38277367
v 0.07361398 0.03905671 0.21529004
v 0.07361385 -0.03905694 -0.38195742
v 0.07380404 -0.03869633 0.21373131
v 0.07380400 0.03869644 -0.38039796
v 0.07923050 0.02582583 0.22240985
v 0.07923044 -0.02582598 -0.38907690
v 0.07996483 0.02345356 0.07799865
v 0.07995683 -0.02348079 -0.24469956
v 0.07684944 0.03222744 -0.05528452
v 0.07676271 -0.03243352 -0.11054321
v 0.08014583 0.02282737 0.13738452
v 0.08014485 -0.02283085 -0.30405962
v 0.06558069 0.05141610 -0.05714452
v 0.06610813 0.05073617 -0.10998787
v 0.06685696 -0.04974527 -0.05659575
v 0.06561106 -0.05137735 -0.10664490
v 0.08159225 0.01694550 0.14143125
v 0.08159177 -0.01694777 -0.30810335
v 0.07340181 0.03945400 -0.15176229
v 0.07352881 -0.03921681 -0.01507233
v 0.08085569 0.02016937 0.09467369
v 0.08085238 -0.02018258 -0.26136235
v 0.07335862 0.03953423 0.08059142
v 0.07334113 -0.03956669 -0.24731727
v 0.06748433 0.04889077 0.07810248
v 0.06082410 0.05696379 0.07714706
v 0.05265462 0.06459052 0.07716702
v 0.04343563 0.07111815 0.07581792
v 0.03400640 0.07607896 0.07467567
v 0.02420904 0.07973937 0.07394098
v 0.01408658 0.08213410 0.07346113
v 0.00376369 0.08324829 0.07313065
v -0.00661117 0.08307067 0.07287898
v -0.01688004 0.08160581 0.07265852
v -0.02688231 0.07887829 0.07244298
v -0.03645937 0.07493435 0.07223183
v -0.04546073 0.06984100 0.07204835
v -0.05375277 0.06367954 0.07192127
v -0.06121983 0.05653827 0.07186121
v -0.06775565 0.04851410 0.07185456
v -0.07325860 0.03971929 0.07187633
v -0.07763625 0.03028294 0.07190667
v -0.08081073 0.02034873 0.07193894
v -0.08272206 0.01007502 0.07197675
v -0.08333252 -0.00037027 0.07202185
v -0.08262810 -0.01081858 0.07207196
v -0.08061765 -0.02110067 0.07212908
v -0.07733402 -0.03104663 0.07219171
v -0.07283269 -0.04049500 0.07225146
v -0.06718785 -0.04929744 0.07230140
v -0.06049033 -0.05731808 0.07233810
v -0.05284588 -0.06443415 0.07236152
v -0.04437310 -0.07053704 0.07237533
v -0.03520112 -0.07553360 0.07238702
v -0.02546702 -0.07934656 0.07240715
v -0.01531394 -0.08191415 0.07244890
v -0.00489427 -0.08318948 0.07252831
v 0.00562281 -0.08314342 0.07266408
v 0.01605304 -0.08177252 0.07287956
v 0.02622504 -0.07909925 0.07323167
v 0.03602229 -0.07514546 0.07380083
v 0.04529252 -0.06995021 0.07428379
v 0.05382823 -0.06361577 0.07470227
v 0.06142708 -0.05631304 0.07580206
v 0.06804719 -0.04810431 0.07748567
v 0.06745994 -0.04892446 -0.24484094
v 0.06079090 -0.05699921 -0.24388350
v 0.05260325 -0.06463235 -0.24390471
v 0.04336183 -0.07116317 -0.24258083
v 0.03392042 -0.07611733 -0.24146463
v 0.02411760 -0.07976706 -0.24073710
v 0.01398719 -0.08215110 -0.24025112
v 0.00364996 -0.08325335 -0.23990571
v -0.00674606 -0.08305983 -0.23963542
v -0.01703942 -0.08157269 -0.23940133
v -0.02706192 -0.07881685 -0.23918675
v -0.03664773 -0.07484242 -0.23899602
v -0.04564277 -0.06972219 -0.23884973
v -0.05391423 -0.06354292 -0.23876733
v -0.06135215 -0.05639469 -0.23874965
v -0.06785700 -0.04837223 -0.23877838
v -0.07333090 -0.03958565 -0.23882721
v -0.07768204 -0.03016529 -0.23887421
v -0.08083344 -0.02025835 -0.23890602
v -0.08272846 -0.01002227 -0.23891587
v -0.08333246 0.00038138 -0.23890127
v -0.08263158 0.01079192 -0.23886525
v -0.08063098 0.02104969 -0.23881844
v -0.07735602 0.03099177 -0.23877604
v -0.07285523 0.04045442 -0.23874871
v -0.06719937 0.04928171 -0.23873881
v -0.06047863 0.05733044 -0.23874654
v -0.05280037 0.06447142 -0.23877379
v -0.04428735 0.07059090 -0.23882444
v -0.03507502 0.07559225 -0.23890121
v -0.02530831 0.07939731 -0.23900352
v -0.01513892 0.08194667 -0.23913019
v -0.00472496 0.08319927 -0.23928127
v 0.00576688 0.08313356 -0.23946190
v 0.01616196 0.08175106 -0.23969335
v 0.02629750 0.07907519 -0.24004010
v 0.03606227 0.07512627 -0.24058908
v 0.04530858 0.06993981 -0.24104323
v 0.05383060 0.06361377 -0.24143169
v 0.06142385 0.05631654 -0.24250656
v 0.06804283 0.04811046 -0.24417435
v 0.07432665 -0.03768283 0.07959335
v 0.07432308 0.03768985 -0.24627223
v 0.06912312 0.04654500 -0.11899642
v 0.06959283 -0.04583975 -0.04773000
v 0.05965142 0.05819065 -0.05132608
v 0.05702529 0.06076646 -0.11586585
v 0.05214404 0.06500340 -0.04613827
v 0.04933108 0.06716315 -0.11517919
v 0.04529438 0.06994902 -0.04990340
v 0.04014642 0.07302540 -0.11939708
v 0.03781904 0.07425742 -0.04755727
v 0.02972033 0.07785338 -0.11885810
v 0.02756381 0.07864273 -0.04494908
v 0.01973887 0.08096185 -0.11878569
v 0.01710683 0.08155856 -0.04689037
v 0.00968375 0.08276877 -0.11878494
v 0.00671344 0.08306248 -0.04632904
v -0.00039333 0.08333240 -0.11874269
v -0.00352073 0.08325892 -0.04866998
v -0.01031258 0.08269277 -0.11857765
v -0.01372190 0.08219583 -0.04860700
v -0.01978504 0.08095058 -0.11819710
v -0.02376787 0.07987198 -0.05173423
v -0.02854823 0.07829077 -0.11781269
v -0.03293371 0.07654944 -0.05418200
v -0.03741277 0.07446294 -0.11882402
v -0.04222233 0.07184510 -0.05373781
v -0.04607400 0.06943796 -0.11573065
v -0.05070240 0.06613404 -0.05012621
v -0.05463783 0.06292179 -0.11662140
v -0.05847971 0.05936806 -0.05090894
v -0.06210135 0.05556856 -0.11815390
v -0.06586763 0.05104802 -0.04973660
v -0.06876475 0.04707285 -0.11851406
v -0.07260850 0.04089560 -0.05143456
v -0.07409192 0.03814225 -0.11499198
v -0.07727396 0.03119581 -0.04934048
v -0.07847288 0.02804373 -0.11542233
v -0.08060275 0.02115752 -0.05181537
v -0.08144677 0.01763148 -0.11602385
v -0.08262650 0.01083083 -0.05111167
v -0.08300963 0.00733798 -0.11345006
v -0.08333090 0.00063615 -0.04727196
v -0.08326065 -0.00348004 -0.11422983
v -0.08279237 -0.00947979 -0.04772369
v -0.08208673 -0.01436015 -0.11892462
v -0.08096798 -0.01971377 -0.04619477
v -0.07923740 -0.02580465 -0.11873446
v -0.07804419 -0.02921556 -0.04889202
v -0.07527600 -0.03574871 -0.11877275
v -0.07451842 -0.03730215 -0.04976188
v -0.07024658 -0.04483148 -0.11877250
v -0.07000015 -0.04521531 -0.04926900
v -0.06423858 -0.05308340 -0.11868021
v -0.06421104 -0.05311673 -0.04852148
v -0.05738413 -0.06042771 -0.11846519
v -0.05704687 -0.06074617 -0.04779940
v -0.04988277 -0.06675444 -0.11811252
v -0.04791015 -0.06818404 -0.04672300
v -0.04197852 -0.07198783 -0.11782875
v -0.03816144 -0.07408204 -0.05061065
v -0.03294133 -0.07654615 -0.11894810
v -0.02791356 -0.07851929 -0.05060444
v -0.02303740 -0.08008573 -0.11548038
v -0.01768510 -0.08143515 -0.04702773
v -0.01231058 -0.08241902 -0.11542765
v -0.00742777 -0.08300165 -0.04765540
v -0.00128515 -0.08332342 -0.11928738
v 0.00316904 -0.08327306 -0.04618171
v 0.00997271 -0.08273446 -0.11851046
v 0.01344310 -0.08224187 -0.04887913
v 0.01982579 -0.08094060 -0.11817154
v 0.02328275 -0.08001473 -0.04934179
v 0.02885831 -0.07817700 -0.11805523
v 0.03259773 -0.07669310 -0.05312200
v 0.03789158 -0.07422044 -0.11944529
v 0.04164683 -0.07218023 -0.05401925
v 0.04641827 -0.06920831 -0.11661529
v 0.05016129 -0.06654540 -0.04999631
v 0.05399585 -0.06347356 -0.11687085
v 0.05768406 -0.06014144 -0.05199477
v 0.05956944 -0.05827458 -0.11045560
v 0.06937792 0.04616435 -0.15682783
v 0.06950679 -0.04597008 -0.01011621
v 0.07960331 0.02465275 -0.17591254
v 0.07962742 -0.02457475 0.00919340
v 0.07275260 0.04063867 -0.01325267
v 0.07240829 -0.04124904 -0.15302950
v 0.07619750 0.03373996 0.07699202
v 0.07618152 -0.03377602 -0.24371154
v 0.07082229 0.04391637 0.07446450
v 0.07079763 -0.04395610 -0.24120321
v 0.07143998 0.04290423 -0.24017825
v 0.06446592 0.05280710 0.07282446
v 0.06502360 0.05211885 -0.23912154
v 0.05703281 0.06075940 0.07244323
v 0.05792065 0.05991363 -0.23744285
v 0.04830206 0.06790696 0.07175990
v 0.04972631 0.06687106 -0.23680838
v 0.03900562 0.07364106 0.07061581
v 0.04078558 0.07267035 -0.23642210
v 0.02935329 0.07799250 0.06978494
v 0.03124000 0.07725610 -0.23593540
v 0.01935381 0.08105477 0.06923933
v 0.02126633 0.08057410 -0.23553921
v 0.00910117 0.08283485 0.06887492
v 0.01098142 0.08260662 -0.23526471
v -0.00127112 0.08332365 0.06861394
v 0.00052131 0.08333171 -0.23505792
v -0.01161365 0.08252010 0.06840131
v -0.00994738 0.08273750 -0.23488719
v -0.02177148 0.08043908 0.06820075
v -0.02025606 0.08083400 -0.23474125
v -0.03158992 0.07711369 0.06799948
v -0.03024315 0.07765177 -0.23461823
v -0.04091642 0.07259677 0.06781177
v -0.03975342 0.07324008 -0.23452019
v -0.05752719 0.06029152 0.06757796
v -0.05675342 0.06102044 -0.23440863
v -0.04960548 0.06696073 0.06766554
v -0.04863744 0.06766717 -0.23445006
v -0.06456577 0.05268496 0.06754498
v -0.06397096 0.05340562 -0.23439108
v -0.07061469 0.04424942 0.06754865
v -0.07017398 0.04494504 -0.23439471
v -0.07936869 0.02539794 0.06759071
v -0.07915758 0.02604848 -0.23446465
v -0.07557671 0.03510850 0.06756763
v -0.07526319 0.03577565 -0.23441892
v -0.08192288 0.01526723 0.06761952
v -0.08179725 0.01592652 -0.23452554
v -0.08314562 -0.00559027 0.06771167
v -0.08319229 -0.00484635 -0.23462133
v -0.08319025 0.00488144 0.06766129
v -0.08314660 0.00557540 -0.23458331
v -0.08178656 -0.01598133 0.06776906
v -0.08193871 -0.01518194 -0.23463223
v -0.07913387 -0.02612035 0.06783794
v -0.07940910 -0.02527133 -0.23461756
v -0.07523323 -0.03583860 0.06790965
v -0.07564779 -0.03495506 -0.23458269
v -0.07015058 -0.04498156 0.06797329
v -0.07072031 -0.04408040 -0.23453696
v -0.06396885 -0.05340815 0.06802273
v -0.06471012 -0.05250756 -0.23449573
v -0.05678660 -0.06098956 0.06805552
v -0.05771196 -0.06011469 -0.23447981
v -0.04871623 -0.06761046 0.06807292
v -0.04982494 -0.06679760 -0.23450985
v -0.03988187 -0.07317023 0.06808071
v -0.04115485 -0.07246187 -0.23459875
v -0.03041685 -0.07758387 0.06808842
v -0.03182702 -0.07701613 -0.23474477
v -0.01015923 -0.08271175 0.06815683
v -0.01179944 -0.08249375 -0.23513669
v -0.02046087 -0.08078240 0.06810840
v -0.02198875 -0.08037996 -0.23492892
v 0.00032977 -0.08333269 0.06825483
v -0.00142508 -0.08332115 -0.23537056
v 0.01082850 -0.08262679 0.06842594
v 0.00897188 -0.08284896 -0.23565433
v 0.02115760 -0.08060273 0.06869471
v 0.01923996 -0.08108185 -0.23603410
v 0.03117365 -0.07728292 0.06910565
v 0.02924754 -0.07803221 -0.23658337
v 0.04075412 -0.07268800 0.06962196
v 0.03890812 -0.07369262 -0.23739740
v 0.05792275 -0.05991160 0.07071467
v 0.05698621 -0.06080308 -0.23917315
v 0.04971748 -0.06687762 0.07004531
v 0.04822667 -0.06796052 -0.23850256
v 0.07144504 -0.04289583 0.07349000
v 0.06502869 -0.05211250 0.07241915
v 0.06443454 -0.05284538 -0.23956704
v 0.08285223 0.00894167 0.05283365
v 0.08284931 -0.00896852 -0.21951154
v 0.08116673 0.01887869 -0.16739371
v 0.08118581 -0.01879646 0.00069013
v 0.08201519 0.01476331 0.04154600
v 0.08200398 -0.01482535 -0.20822465
v 0.07905692 -0.02635240 0.30471840
v 0.07905692 0.02635240 -0.47138506
v 0.07297019 -0.04024669 0.17589444
v 0.07297000 0.04024704 -0.34256110
v 0.06915140 0.04650300 0.17463771
v 0.06915042 -0.04650444 -0.34130915
v 0.06180856 0.05589406 0.17765223
v 0.06180740 -0.05589535 -0.34432392
v 0.07895421 -0.02665854 0.17376444
v 0.07895410 0.02665885 -0.34043102
v 0.07961629 0.02461081 0.30341275
v 0.07961629 -0.02461081 -0.47007942
v 0.05836429 0.05948154 0.11347660
v 0.05835065 -0.05949494 -0.28018529
v 0.08220960 0.01363913 0.10027277
v 0.08220835 -0.01364667 -0.26695233
v 0.06587894 0.05103342 0.18021613
v 0.05767700 0.06014823 0.18288346
v 0.05178912 0.06528652 0.18125127
v 0.04466881 0.07035015 0.17950252
v 0.03574392 0.07527825 0.18084642
v 0.02678729 0.07891062 0.17928323
v 0.01663588 0.08165594 0.18070742
v 0.00687767 0.08304904 0.17912825
v -0.00384379 0.08324465 0.18055367
v -0.01382002 0.08217938 0.17896583
v -0.02441962 0.07967512 0.18042469
v -0.03389083 0.07613052 0.17885610
v -0.04315929 0.07128619 0.18025581
v -0.05301794 0.06429263 0.18232754
v -0.06118210 0.05657910 0.18182752
v -0.06789567 0.04831792 0.18162975
v -0.07344992 0.03936440 0.18156406
v -0.07781623 0.02981742 0.18155340
v -0.08094310 0.01981560 0.18156296
v -0.08278890 0.00951008 0.18157785
v -0.08332802 -0.00094090 0.18159227
v -0.08255333 -0.01137506 0.18160435
v -0.08047750 -0.02162908 0.18161392
v -0.07713346 -0.03154162 0.18162140
v -0.07257433 -0.04095619 0.18162740
v -0.06687290 -0.04972383 0.18163250
v -0.06012065 -0.05770575 0.18163719
v -0.05242673 -0.06477565 0.18164169
v -0.04391675 -0.07082204 0.18164585
v -0.03473171 -0.07575060 0.18164873
v -0.02502715 -0.07948640 0.18164769
v -0.01497283 -0.08197719 0.18163650
v -0.00475281 -0.08319769 0.18160090
v 0.00543500 -0.08315592 0.18150808
v 0.01537877 -0.08190200 0.18128269
v 0.02483135 -0.07954777 0.18075008
v 0.03324212 -0.07641600 0.17949250
v 0.04220817 -0.07185344 0.18095954
v 0.05034979 -0.06640287 0.17973558
v 0.05661475 -0.06114910 0.17789946
v 0.06246469 -0.05515983 0.17777471
v 0.06587802 -0.05103460 -0.34688702
v 0.05767594 -0.06014923 -0.34955446
v 0.05178785 -0.06528754 -0.34792304
v 0.04466733 -0.07035108 -0.34617519
v 0.03574250 -0.07527894 -0.34751921
v 0.02678587 -0.07891110 -0.34595665
v 0.01663469 -0.08165619 -0.34738062
v 0.00687660 -0.08304912 -0.34580183
v -0.00384458 -0.08324460 -0.34722677
v -0.01382073 -0.08217927 -0.34563908
v -0.02442021 -0.07967496 -0.34709735
v -0.03389148 -0.07613023 -0.34552894
v -0.04316000 -0.07128575 -0.34692833
v -0.05301862 -0.06429208 -0.34899946
v -0.06118277 -0.05657837 -0.34849935
v -0.06789629 -0.04831706 -0.34830158
v -0.07345042 -0.03936344 -0.34823588
v -0.07781658 -0.02981650 -0.34822510
v -0.08094329 -0.01981481 -0.34823437
v -0.08278898 -0.00950950 -0.34824877
v -0.08332802 0.00094121 -0.34826246
v -0.08255333 0.01137510 -0.34827362
v -0.08047754 0.02162892 -0.34828213
v -0.07713356 0.03154135 -0.34828852
v -0.07257448 0.04095594 -0.34829350
v -0.06687302 0.04972369 -0.34829781
v -0.06012062 0.05770575 -0.34830198
v -0.05242650 0.06477581 -0.34830629
v -0.04391627 0.07082235 -0.34831060
v -0.03473094 0.07575096 -0.34831388
v -0.02502612 0.07948671 -0.34831342
v -0.01497169 0.08197740 -0.34830288
v -0.00475165 0.08319775 -0.34826783
v 0.00543604 0.08315583 -0.34817548
v 0.01537958 0.08190185 -0.34795033
v 0.02483190 0.07954760 -0.34741781
v 0.03324246 0.07641585 -0.34616023
v 0.04220823 0.07185340 -0.34762704
v 0.05034969 0.06640296 -0.34640288
v 0.05661456 0.06114929 -0.34456660
v 0.06246446 0.05516010 -0.34444169
v 0.07335919 -0.03953319 0.15837698
v 0.07335887 0.03953377 -0.32504379
v 0.07642171 -0.03322900 0.17821981
v 0.07642158 0.03322929 -0.34488642
v 0.07948467 -0.02503265 0.22442023
v 0.07948465 0.02503271 -0.39108687
v 0.07023167 -0.04485483 0.31666267
v 0.07023167 0.04485483 -0.48332933
v 0.06395937 0.05341950 0.31829302
v 0.05697288 0.06081558 0.31830156
v 0.04903910 0.06737662 0.31825677
v 0.04029160 0.07294540 0.31822692
v 0.03088402 0.07739910 0.31821337
v 0.02097394 0.08065071 0.31820906
v 0.01072267 0.08264060 0.31820902
v 0.00029496 0.08333281 0.31821073
v -0.01014260 0.08271379 0.31821308
v -0.02042377 0.08079179 0.31821573
v -0.03038510 0.07759633 0.31821852
v -0.03986854 0.07317748 0.31822131
v -0.04872390 0.06760494 0.31822394
v -0.05681115 0.06096669 0.31822619
v -0.06400275 0.05336752 0.31822787
v -0.07018540 0.04492723 0.31822887
v -0.07526173 0.03577873 0.31822923
v -0.07915177 0.02606608 0.31822910
v -0.08179419 0.01594223 0.31822865
v -0.08314721 0.00556665 0.31822806
v -0.08318931 -0.00489708 0.31822744
v -0.08191975 -0.01528396 0.31822692
v -0.07935840 -0.02543010 0.31822648
v -0.07554556 -0.03517546 0.31822615
v -0.07054133 -0.04436625 0.31822587
v -0.06442460 -0.05285750 0.31822562
v -0.05729179 -0.06051525 0.31822535
v -0.04925538 -0.06721869 0.31822490
v -0.04044202 -0.07286210 0.31822412
v -0.03099081 -0.07735642 0.31822267
v -0.02105092 -0.08063067 0.31822000
v -0.01077962 -0.08263319 0.31821515
v -0.00033994 -0.08333265 0.31820644
v 0.01010165 -0.08271881 0.31819117
v 0.02037758 -0.08080346 0.31816473
v 0.03032183 -0.07762108 0.31811940
v 0.03977325 -0.07322931 0.31804162
v 0.04858150 -0.06770733 0.31790710
v 0.05661858 -0.06114556 0.31767521
v 0.06380398 -0.05360500 0.31728623
v 0.06395937 -0.05341950 -0.48495969
v 0.05697288 -0.06081558 -0.48496823
v 0.04903910 -0.06737662 -0.48492344
v 0.04029158 -0.07294540 -0.48489358
v 0.03088402 -0.07739910 -0.48488004
v 0.02097394 -0.08065071 -0.48487573
v 0.01072267 -0.08264060 -0.48487569
v 0.00029496 -0.08333281 -0.48487740
v -0.01014260 -0.08271379 -0.48487977
v -0.02042377 -0.08079179 -0.48488240
v -0.03038510 -0.07759633 -0.48488519
v -0.03986854 -0.07317748 -0.48488798
v -0.04872390 -0.06760494 -0.48489060
v -0.05681115 -0.06096669 -0.48489285
v -0.06400275 -0.05336752 -0.48489454
v -0.07018540 -0.04492723 -0.48489554
v -0.07526173 -0.03577873 -0.48489590
v -0.07915177 -0.02606608 -0.48489577
v -0.08179419 -0.01594223 -0.48489531
v -0.08314721 -0.00556665 -0.48489473
v -0.08318931 0.00489708 -0.48489410
v -0.08191975 0.01528396 -0.48489358
v -0.07935840 0.02543010 -0.48489315
v -0.07554556 0.03517546 -0.48489281
v -0.07054133 0.04436625 -0.48489254
v -0.06442460 0.05285750 -0.48489229
v -0.05729179 0.06051525 -0.48489202
v -0.04925538 0.06721869 -0.48489156
v -0.04044202 0.07286210 -0.48489079
v -0.03099081 0.07735642 -0.48488933
v -0.02105092 0.08063067 -0.48488667
v -0.01077962 0.08263319 -0.48488181
v -0.00033994 0.08333265 -0.48487310
v 0.01010165 0.08271881 -0.48485783
v 0.02037758 0.08080346 -0.48483140
v 0.03032183 0.07762108 -0.48478606
v 0.03977325 0.07322931 -0.48470829
v 0.04858150 0.06770733 -0.48457377
v 0.05661858 0.06114556 -0.48434188
v 0.06380398 0.05360500 -0.48395290
v 0.06996254 0.04527348 0.31797310
v 0.06996254 -0.04527348 -0.48463977
v 0.07501308 0.03629715 0.31734544
v 0.07501308 -0.03629715 -0.48401210
v 0.08250767 0.01170163 -0.13110273
v 0.08252369 -0.01158815 -0.03555265
v 0.08163506 0.01673798 0.30945244
v 0.08163506 -0.01673798 -0.47611912
v 0.07952721 0.02489717 0.31475304
v 0.07952721 -0.02489717 -0.48141971
v 0.07055996 0.04433662 0.22375771
v 0.07055985 -0.04433679 -0.39042492
v 0.06319185 0.05432525 0.22599644
v 0.06319173 -0.05432540 -0.39266365
v 0.05701485 0.06077623 0.22656908
v 0.04965746 0.06692221 0.22687485
v 0.04139740 0.07232358 0.22702254
v 0.03239273 0.07677992 0.22710367
v 0.02280192 0.08015308 0.22715135
v 0.01278465 0.08234681 0.22718083
v 0.00250388 0.08329571 0.22720365
v -0.00787290 0.08296060 0.22723052
v -0.01817483 0.08132725 0.22727294
v -0.02822873 0.07840652 0.22734402
v -0.03785723 0.07423796 0.22745656
v -0.04687571 0.06889929 0.22760758
v -0.05511454 0.06250467 0.22774579
v -0.06245802 0.05516740 0.22781575
v -0.06882717 0.04698154 0.22782402
v -0.07413852 0.03805158 0.22780567
v -0.07830508 0.02850892 0.22778260
v -0.08125298 0.01850396 0.22776296
v -0.08292919 0.00819713 0.22774842
v -0.08330306 -0.00224629 0.22773840
v -0.08236615 -0.01265942 0.22773177
v -0.08013188 -0.02287638 0.22772746
v -0.07663473 -0.03273475 0.22772456
v -0.07192969 -0.04207808 0.22772229
v -0.06609121 -0.05075823 0.22771983
v -0.05921210 -0.05863762 0.22771619
v -0.05140221 -0.06559160 0.22770983
v -0.04278683 -0.07151035 0.22769844
v -0.03350510 -0.07630106 0.22767837
v -0.02370790 -0.07988979 0.22764415
v -0.01355537 -0.08222346 0.22758790
v -0.00321387 -0.08327133 0.22749912
v 0.00714796 -0.08302621 0.22736554
v 0.01736244 -0.08150454 0.22717604
v 0.02726196 -0.07874790 0.22692583
v 0.03667179 -0.07483065 0.22661592
v 0.04541183 -0.06987281 0.22624381
v 0.05331881 -0.06404333 0.22590819
v 0.06024925 -0.05757146 0.22609437
v 0.06622950 -0.05057763 0.22646108
v 0.05701471 -0.06077638 -0.39323631
v 0.04965729 -0.06692233 -0.39354215
v 0.04139721 -0.07232369 -0.39368990
v 0.03239254 -0.07678000 -0.39377108
v 0.02280175 -0.08015313 -0.39381877
v 0.01278452 -0.08234683 -0.39384827
v 0.00250379 -0.08329571 -0.39387106
v -0.00787296 -0.08296060 -0.39389794
v -0.01817485 -0.08132723 -0.39394031
v -0.02822873 -0.07840652 -0.39401137
v -0.03785723 -0.07423796 -0.39412388
v -0.04687571 -0.06889929 -0.39427483
v -0.05511454 -0.06250465 -0.39441302
v -0.06245802 -0.05516738 -0.39448294
v -0.06882719 -0.04698152 -0.39449119
v -0.07413854 -0.03805156 -0.39447281
v -0.07830508 -0.02850890 -0.39444971
v -0.08125300 -0.01850394 -0.39443004
v -0.08292919 -0.00819713 -0.39441546
v -0.08330306 0.00224629 -0.39440540
v -0.08236617 0.01265940 -0.39439869
v -0.08013188 0.02287633 -0.39439429
v -0.07663473 0.03273471 -0.39439131
v -0.07192971 0.04207804 -0.39438898
v -0.06609123 0.05075819 -0.39438646
v -0.05921212 0.05863760 -0.39438277
v -0.05140221 0.06559158 -0.39437640
v -0.04278683 0.07151035 -0.39436500
v -0.03350508 0.07630106 -0.39434494
v -0.02370785 0.07988981 -0.39431075
v -0.01355533 0.08222346 -0.39425454
v -0.00321385 0.08327133 -0.39416581
v 0.00714798 0.08302621 -0.39403227
v 0.01736244 0.08150454 -0.39384279
v 0.02726194 0.07874790 -0.39359258
v 0.03667175 0.07483065 -0.39328267
v 0.04541179 0.06987283 -0.39291054
v 0.05331875 0.06404337 -0.39257490
v 0.06024919 0.05757152 -0.39276106
v 0.06622946 0.05057771 -0.39312775
v 0.07147679 -0.04284290 0.22613300
v 0.07147675 0.04284296 -0.39279965
v 0.07589788 -0.03440869 0.22573948
v 0.07589783 0.03440875 -0.39240612
v 0.07569452 0.03485375 0.22606477
v 0.07569446 -0.03485390 -0.39273188
v 0.07902192 0.02645713 -0.00949629
v 0.07891329 -0.02677940 -0.15695390
v 0.08040879 0.02188308 0.18015665
v 0.08040860 -0.02188377 -0.34682515
v 0.06992962 0.04532429 0.03831994
v 0.06038831 0.05742556 0.03905798
v 0.06206760 0.05560625 -0.20517094
v 0.05433765 0.06318121 0.03989340
v 0.05283754 0.06444098 -0.20500085
v 0.04460471 0.07039081 0.04060527
v 0.04617135 0.06937327 -0.20549248
v 0.03513346 0.07556510 0.04036156
v 0.03573513 0.07528244 -0.20746125
v 0.02524258 0.07941823 0.04022629
v 0.02615852 0.07912127 -0.20729519
v 0.01508875 0.08195594 0.04013785
v 0.01610092 0.08176310 -0.20708729
v 0.00478858 0.08319565 0.04007460
v 0.00575787 0.08313419 -0.20683215
v -0.00552475 0.08315000 0.04002010
v -0.00469113 0.08320119 -0.20666885
v -0.01571606 0.08183796 0.03992575
v -0.01506642 0.08196004 -0.20640625
v -0.02567331 0.07928004 0.03973085
v -0.02522485 0.07942388 -0.20621860
v -0.03531615 0.07547990 0.03943642
v -0.03500094 0.07562658 -0.20594917
v -0.04451521 0.07044744 0.03921060
v -0.04425454 0.07061148 -0.20581067
v -0.05301692 0.06429348 0.03912365
v -0.05281550 0.06445904 -0.20564900
v -0.06070113 0.05709483 0.03899262
v -0.06054469 0.05726067 -0.20564787
v -0.06742115 0.04897790 0.03901627
v -0.06729935 0.04914508 -0.20561115
v -0.07304781 0.04010565 0.03898008
v -0.07297110 0.04024502 -0.20571287
v -0.07749558 0.03064115 0.03900444
v -0.07746656 0.03071446 -0.20575808
v -0.08073167 0.02066017 0.03888473
v -0.08072671 0.02067950 -0.20596233
v -0.08269844 0.01026706 0.03895240
v -0.08267394 0.01046258 -0.20629515
v -0.08333315 -0.00018081 0.03912708
v -0.08333319 0.00015079 -0.20643467
v -0.08265125 -0.01064019 0.03911610
v -0.08271021 -0.01017190 -0.20657510
v -0.08063600 -0.02103048 0.03925135
v -0.08081067 -0.02034898 -0.20657140
v -0.07735317 -0.03099892 0.03950098
v -0.07765554 -0.03023346 -0.20660881
v -0.07286208 -0.04044208 0.03962033
v -0.07329385 -0.03965421 -0.20652658
v -0.06723925 -0.04922731 0.03979748
v -0.06778731 -0.04846983 -0.20650667
v -0.06056981 -0.05723410 0.03984883
v -0.06123088 -0.05652633 -0.20638140
v -0.05296748 -0.06433421 0.03993544
v -0.05371802 -0.06370888 -0.20631773
v -0.04454098 -0.07043115 0.03988429
v -0.04534890 -0.06991369 -0.20612977
v -0.03542746 -0.07542771 0.03988342
v -0.03617892 -0.07507017 -0.20607204
v -0.02576085 -0.07925165 0.03978146
v -0.02648765 -0.07901171 -0.20623340
v -0.01569385 -0.08184221 0.03974790
v -0.01640100 -0.08170344 -0.20632967
v -0.00530679 -0.08316419 0.03960079
v -0.00604475 -0.08311381 -0.20653135
v 0.00529804 -0.08316475 0.03966517
v 0.00440012 -0.08321708 -0.20664983
v 0.01575533 -0.08183040 0.03990287
v 0.01479069 -0.08201025 -0.20684215
v 0.02592390 -0.07919846 0.04009804
v 0.02499865 -0.07949535 -0.20691975
v 0.03562290 -0.07533560 0.04030269
v 0.03492604 -0.07566119 -0.20718033
v 0.04616673 -0.06937635 0.03843688
v 0.04425475 -0.07061135 -0.20756117
v 0.05285958 -0.06442287 0.03805742
v 0.05426783 -0.06324119 -0.20592875
v 0.06209067 -0.05558052 0.03835496
v 0.06045315 -0.05735731 -0.20584667
v 0.06982081 -0.04549173 -0.20515581
v 0.08112044 0.01907662 0.01260450
v 0.08108267 -0.01923654 -0.17921646
v 0.08089940 0.01999333 0.23216463
v 0.08089937 -0.01999340 -0.39883148
v 0.08248390 0.01186808 -0.00377254
v 0.08246721 -0.01198352 -0.16281929
v 0.07800254 0.02932658 0.13217769
v 0.07800058 -0.02933179 -0.29885729
v 0.07821933 0.02874335 -0.19645021
v 0.07823456 -0.02870190 0.02973831
v 0.07849044 -0.02799458 0.18596210
v 0.07849035 0.02799481 -0.35262869
v 0.08297654 0.00770310 -0.08369921
v 0.08298217 -0.00764235 -0.08284598
v 0.07463019 -0.03707802 0.18775871
v 0.07463006 0.03707827 -0.35442533
v 0.08157433 0.01703154 0.05998096
v 0.08156596 -0.01707158 -0.22667350
v 0.07821604 -0.02875233 0.13070317
v 0.07821560 0.02875352 -0.29737008
v 0.08263702 0.01075019 0.22992938
v 0.08263702 -0.01075023 -0.39659615
v 0.08062798 -0.02106121 0.08426942
v 0.08062673 0.02106594 -0.25094019
v 0.07706437 -0.03171006 0.20567508
v 0.07706431 0.03171019 -0.37234173
v 0.08195517 -0.01509285 0.12517587
v 0.08195500 0.01509381 -0.29184265
v 0.08093521 -0.01984787 0.24896133
v 0.08093519 0.01984790 -0.41562800
v 0.07999683 0.02334419 -0.14151438
v 0.08005354 -0.02314894 -0.02517877
v 0.07617835 -0.03378317 0.24957865
v 0.07617835 0.03378319 -0.41624529
v 0.08133942 0.01812027 -0.13634867
v 0.08137610 -0.01795475 -0.03031921
v 0.07917592 -0.02599269 0.15118808
v 0.07917571 0.02599329 -0.31785467
v 0.08224344 0.01343365 0.26748362
v 0.08224342 -0.01343367 -0.43415031
v 0.07581094 0.03459981 0.18135448
v 0.07581050 -0.03460075 -0.34802387
v 0.06968221 0.04570375 0.18406115
v 0.06968156 -0.04570475 -0.35073108
v 0.07056748 -0.04432467 0.18624494
v 0.07056731 0.04432494 -0.35291160
v 0.06218417 0.05547587 0.18672527
v 0.05453692 0.06300929 0.18750379
v 0.04747327 0.06848892 0.18613156
v 0.02995877 0.07776192 0.18603887
v 0.01027077 0.08269798 0.18592456
v -0.01038996 0.08268308 0.18581044
v -0.03069773 0.07747319 0.18575648
v -0.05785833 0.05997381 0.18799213
v -0.06487715 0.05230104 0.18753356
v -0.07092023 0.04375804 0.18736494
v -0.07584896 0.03451640 0.18730425
v -0.07957846 0.02473281 0.18728762
v -0.08205096 0.01456310 0.18728844
v -0.08322913 0.00416640 0.18729515
v -0.08309525 -0.00629475 0.18730296
v -0.08165177 -0.01665629 0.18731006
v -0.07892152 -0.02675515 0.18731596
v -0.07494773 -0.03643190 0.18732077
v -0.06979358 -0.04553350 0.18732471
v -0.06354158 -0.05391579 0.18732796
v -0.05629231 -0.06144606 0.18733052
v -0.04816352 -0.06800529 0.18733192
v -0.03928869 -0.07349044 0.18733090
v -0.02981610 -0.07781673 0.18732458
v -0.01990783 -0.08092046 0.18730712
v -0.00973867 -0.08276233 0.18726646
v 0.00050602 -0.08333179 0.18717796
v 0.01063554 -0.08265185 0.18699092
v 0.02046590 -0.08078112 0.18660071
v 0.02983419 -0.07780981 0.18578740
v 0.04723431 -0.06865394 0.18591546
v 0.05445077 -0.06308375 0.18409510
v 0.06218338 -0.05547679 -0.35339544
v 0.05453598 -0.06301008 -0.35417423
v 0.04747219 -0.06848969 -0.35280267
v 0.02995767 -0.07776235 -0.35271062
v 0.01026994 -0.08269808 -0.35259654
v -0.01039048 -0.08268302 -0.35248221
v -0.03069817 -0.07747302 -0.35242792
v -0.05785879 -0.05997335 -0.35466277
v -0.06487760 -0.05230050 -0.35420421
v -0.07092063 -0.04375740 -0.35403554
v -0.07584925 -0.03451573 -0.35397481
v -0.07957865 -0.02473221 -0.35395802
v -0.08205104 -0.01456260 -0.35395854
v -0.08322913 -0.00416608 -0.35396479
v -0.08309525 0.00629488 -0.35397198
v -0.08165179 0.01665625 -0.35397833
v -0.07892158 0.02675498 -0.35398344
v -0.07494783 0.03643169 -0.35398746
v -0.06979371 0.04553331 -0.35399071
v -0.06354165 0.05391571 -0.35399346
v -0.05629227 0.06144612 -0.35399575
v -0.04816329 0.06800546 -0.35399712
v -0.03928825 0.07349067 -0.35399627
v -0.02981548 0.07781698 -0.35399033
v -0.01990706 0.08092067 -0.35397331
v -0.00973783 0.08276242 -0.35393310
v 0.00050679 0.08333179 -0.35384500
v 0.01063619 0.08265177 -0.35365823
v 0.02046635 0.08078102 -0.35326815
v 0.02983446 0.07780971 -0.35245485
v 0.04723425 0.06865398 -0.35258265
v 0.05445060 0.06308387 -0.35076217
v 0.07772473 0.03005515 -0.08475590
v 0.07785265 -0.02972221 -0.08132517
v 0.07697056 -0.03193710 0.08588319
v 0.07696825 0.03194265 -0.25255688
v 0.08157379 0.01703408 0.22028846
v 0.08157377 -0.01703419 -0.38695542
v 0.08021775 0.02257333 -0.18816985
v 0.08023148 -0.02252452 0.02146450
v 0.07656858 0.03288912 -0.22432079
v 0.07657537 -0.03287331 0.05762875
v 0.08196963 0.01501412 0.19626904
v 0.08196958 -0.01501435 -0.36293635
v 0.07872033 0.02734142 -0.21882600
v 0.07872656 -0.02732346 0.05213715
v 0.08200442 0.01482298 -0.08760615
v 0.08202952 -0.01468344 -0.07883552
v 0.08244890 0.01210879 -0.04311327
v 0.08243444 -0.01220694 -0.12335860
v 0.07804002 0.02922669 0.08387267
v 0.07803025 -0.02925277 -0.25057948
v 0.06779308 0.04846175 0.01142046
v 0.06874765 0.04709783 -0.17877377
v 0.06019733 0.05762573 0.01504015
v 0.06125504 0.05650012 -0.17946475
v 0.05353527 0.06386250 -0.18384519
v 0.04490869 0.07019725 0.01631308
v 0.04408944 0.07071469 -0.18233104
v 0.03514890 0.07555792 0.01719752
v 0.02535375 0.07938281 0.01771823
v 0.02639404 0.07904302 -0.18401740
v 0.01537312 0.08190306 0.01795681
v 0.01606342 0.08177048 -0.18624344
v 0.00520275 0.08317077 0.01809769
v 0.00589817 0.08312433 -0.18400279
v -0.00494392 0.08318654 0.01828623
v -0.00467502 0.08320210 -0.18594025
v -0.01489979 0.08199050 0.01839260
v -0.01484215 0.08200094 -0.18351310
v -0.02451717 0.07964517 0.01821315
v -0.02513213 0.07945325 -0.18526129
v -0.03394838 0.07610488 0.01712548
v -0.03474733 0.07574344 -0.18260563
v -0.04377602 0.07090913 0.01616771
v -0.04421979 0.07063325 -0.18445754
v -0.05225248 0.06491627 0.01792371
v -0.05273398 0.06452575 -0.18199915
v -0.06021783 0.05760431 0.01543844
v -0.06065131 0.05714773 -0.18418690
v -0.06714798 0.04935173 0.01773929
v -0.06738402 0.04902896 -0.18199606
v -0.07297427 0.04023929 0.01572992
v -0.07315381 0.03991196 -0.18438656
v -0.07733944 0.03103317 0.01802335
v -0.07751654 0.03058806 -0.18249400
v -0.08055712 0.02133056 0.01542306
v -0.08096690 0.01971819 -0.18301494
v -0.08274994 0.00984346 0.01586750
v -0.08273285 0.00998592 -0.18583840
v -0.08333333 0.00003208 0.01835583
v -0.08333333 0.00002948 -0.18390460
v -0.08272640 -0.01003940 0.01596202
v -0.08269233 -0.01031610 -0.18613163
v -0.08053327 -0.02142046 0.01633904
v -0.08083219 -0.02026329 -0.18411412
v -0.07736617 -0.03096646 0.01871058
v -0.07764542 -0.03025944 -0.18618792
v -0.07282904 -0.04050156 0.01676027
v -0.07336235 -0.03952731 -0.18401046
v -0.06730587 -0.04913617 0.01915856
v -0.06776796 -0.04849690 -0.18600544
v -0.06057683 -0.05722667 0.01723960
v -0.06130410 -0.05644690 -0.18376471
v -0.05312175 -0.06420688 0.01942715
v -0.05369675 -0.06372679 -0.18572808
v -0.04464354 -0.07036617 0.01727019
v -0.04572675 -0.06966713 -0.18340404
v -0.03568373 -0.07530681 0.01923212
v -0.03580804 -0.07524779 -0.18290315
v -0.02592713 -0.07919740 0.01699756
v -0.02629344 -0.07907654 -0.18524194
v -0.01620604 -0.08174233 0.01906700
v -0.01635358 -0.08171294 -0.18313623
v -0.00622429 -0.08310056 0.01642025
v -0.00578915 -0.08313200 -0.18548131
v 0.00538331 -0.08315927 0.01655242
v 0.00454763 -0.08320915 -0.18349925
v 0.01544288 -0.08188994 0.01868858
v 0.01502992 -0.08196673 -0.18575531
v 0.02589698 -0.07920727 0.01616825
v 0.02477206 -0.07956625 -0.18347387
v 0.03565579 -0.07532004 -0.18279794
v 0.04426556 -0.07060456 0.01465967
v 0.05364746 -0.06376829 0.01684735
v 0.05274337 -0.06451806 -0.18092958
v 0.06128083 -0.05647215 0.01254438
v 0.06879027 -0.04703554 0.01192629
v 0.06737148 -0.04904619 -0.17782073
v 0.07422396 0.03788469 0.00785185
v 0.07400452 -0.03831158 -0.17439100
v 0.08177217 0.01605485 -0.05619346
v 0.08175848 -0.01612442 -0.11015765
v 0.08247448 -0.01193331 0.07430306
v 0.08247390 0.01193742 -0.24097304
v 0.07645831 -0.03314469 0.11041221
v 0.07645729 0.03314706 -0.27708085
v 0.08315421 -0.00546083 -0.10886708
v 0.08315569 0.00543848 -0.05770260
v 0.07284273 0.04047694 0.14271302
v 0.07284025 -0.04048138 -0.30939250
v 0.06708862 0.04943238 0.14071652
v 0.06708487 -0.04943746 -0.30739956
v 0.06056665 0.05723746 0.13962421
v 0.05250896 0.06470900 0.13915881
v 0.04428646 0.07059146 0.14366190
v 0.03696985 0.07468383 0.14443079
v 0.02777398 0.07856875 0.14231498
v 0.01820985 0.08131940 0.14393148
v 0.00804383 0.08294421 0.14181194
v -0.00214827 0.08330565 0.14344865
v -0.01262173 0.08237194 0.14126879
v -0.02280325 0.08015271 0.14283533
v -0.03293656 0.07654821 0.14041581
v -0.04256779 0.07164096 0.14158365
v -0.05192196 0.06518094 0.13791408
v -0.06089656 0.05688631 0.13988252
v -0.06762658 0.04869383 0.14055802
v -0.07322035 0.03978973 0.14093921
v -0.07763596 0.03028371 0.14117148
v -0.08081981 0.02031262 0.14131940
v -0.08272794 0.01002669 0.14141627
v -0.08333229 -0.00041579 0.14148106
v -0.08262373 -0.01085188 0.14152529
v -0.08061325 -0.02111748 0.14155640
v -0.07733250 -0.03105042 0.14157925
v -0.07283350 -0.04049352 0.14159735
v -0.06718794 -0.04929733 0.14161354
v -0.06048592 -0.05732275 0.14163056
v -0.05283446 -0.06444350 0.14165179
v -0.04435552 -0.07054808 0.14168173
v -0.03518404 -0.07554156 0.14172698
v -0.02546600 -0.07934688 0.14179777
v -0.01535692 -0.08190610 0.14191104
v -0.00502094 -0.08318194 0.14209744
v 0.00536642 -0.08316035 0.14241919
v 0.01559173 -0.08186173 0.14301975
v 0.02520252 -0.07943096 0.14426723
v 0.03355710 -0.07627821 0.14624781
v 0.04087319 -0.07262110 0.14605356
v 0.04818450 -0.06799042 0.14344917
v 0.05673669 -0.06103600 0.14014829
v 0.06639250 -0.05036348 0.14207292
v 0.06056167 -0.05724273 -0.30631023
v 0.05250256 -0.06471419 -0.30584810
v 0.04428052 -0.07059519 -0.31034977
v 0.03696392 -0.07468677 -0.31111933
v 0.02776742 -0.07857108 -0.30900663
v 0.01820419 -0.08132067 -0.31062225
v 0.00803785 -0.08294479 -0.30850469
v -0.00215321 -0.08330552 -0.31013908
v -0.01262735 -0.08237108 -0.30796008
v -0.02280823 -0.08015129 -0.30952392
v -0.03294283 -0.07654550 -0.30710542
v -0.04257369 -0.07163746 -0.30827175
v -0.05192965 -0.06517481 -0.30460602
v -0.06090302 -0.05687940 -0.30657406
v -0.06763200 -0.04868631 -0.30725025
v -0.07322452 -0.03978206 -0.30763206
v -0.07763875 -0.03027654 -0.30786429
v -0.08082131 -0.02030667 -0.30801100
v -0.08272844 -0.01002246 -0.30810512
v -0.08333229 0.00041802 -0.30816556
v -0.08262369 0.01085223 -0.30820408
v -0.08061352 0.02111646 -0.30822862
v -0.07733315 0.03104879 -0.30824483
v -0.07283429 0.04049210 -0.30825698
v -0.06718833 0.04929677 -0.30826863
v -0.06048525 0.05732346 -0.30828306
v -0.05283210 0.06444544 -0.30830383
v -0.04435104 0.07055090 -0.30833540
v -0.03517744 0.07554465 -0.30838392
v -0.02545767 0.07934956 -0.30845898
v -0.01534762 0.08190785 -0.30857673
v -0.00501169 0.08318250 -0.30876706
v 0.00537467 0.08315983 -0.30909158
v 0.01559825 0.08186048 -0.30969342
v 0.02520690 0.07942956 -0.31094062
v 0.03355948 0.07627717 -0.31291981
v 0.04087444 0.07262042 -0.31272465
v 0.04818517 0.06798996 -0.31011996
v 0.05673669 0.06103600 -0.30681833
v 0.06639202 0.05036412 -0.30874104
v 0.08233637 -0.01285162 0.05517192
v 0.08233506 0.01286010 -0.22184571
v 0.07578865 -0.03464860 0.03701550
v 0.07577321 0.03468233 -0.20373446
v 0.08130281 -0.01828379 0.26087167
v 0.08130281 0.01828381 -0.42753833
v 0.08289623 0.00852398 0.17983192
v 0.08289621 -0.00852425 -0.34649929
v 0.08090227 0.01998169 0.25315415
v 0.08090225 -0.01998171 -0.41982087
v 0.08286504 -0.00882204 0.12030906
v 0.08286498 0.00882271 -0.28697579
v 0.07822573 0.02872596 0.26587950
v 0.07822571 -0.02872598 -0.43254621
v 0.08210531 0.01425350 0.20797900
v 0.08210529 -0.01425365 -0.37464606
v 0.07684033 -0.03224915 0.26167450
v 0.07684033 0.03224917 -0.42834117
v 0.07765275 0.03024063 -0.04482035
v 0.07751331 -0.03059627 -0.12119462
v 0.08281760 0.00925683 0.12613548
v 0.08281738 -0.00925888 -0.29280663
v 0.08193746 0.01518873 0.18546935
v 0.08193738 -0.01518913 -0.35213708
v 0.08206835 -0.01446479 0.21292515
v 0.08206835 0.01446483 -0.37959179
v 0.08095631 0.01976154 0.10586290
v 0.08095415 -0.01977042 -0.27254644
v 0.08217375 0.01385352 0.28560908
v 0.08217375 -0.01385352 -0.45227577
v 0.07542125 0.03544119 -0.02914975
v 0.07516200 -0.03598773 -0.13697898
v 0.08156450 -0.01707858 0.06486550
v 0.08156283 0.01708648 -0.23153962
v 0.08216635 0.01389733 -0.03098267
v 0.08214158 -0.01404298 -0.13549852
v 0.08071683 -0.02071800 0.23695844
v 0.08071683 0.02071804 -0.40362508
v 0.08242854 -0.01224658 0.00249104
v 0.08242067 0.01229958 -0.16917867
v 0.06372940 0.05369365 0.12724542
v 0.06372242 -0.05370194 -0.29393875
v 0.07249240 -0.04110106 0.12383960
v 0.07249158 0.04110250 -0.29050794
v 0.08281419 0.00928735 0.11530123
v 0.08281385 -0.00929031 -0.28197383
v 0.07701623 -0.03182681 0.07569704
v 0.07701288 0.03183492 -0.24237533
v 0.08249825 -0.01176783 0.29300344
v 0.08249825 0.01176783 -0.45967010
v 0.08209829 -0.01429392 0.25196471
v 0.08209829 0.01429392 -0.41863135
v 0.07651246 -0.03301950 0.31189627
v 0.07651246 0.03301950 -0.47856294
v 0.07226573 -0.04149829 0.30765612
v 0.07226573 0.04149829 -0.47432279
v 0.06674415 -0.04989652 0.30896021
v 0.06674415 0.04989652 -0.47562688
v 0.06053369 0.05727231 0.31089419
v 0.05312971 0.06420029 0.31080596
v 0.04481452 0.07025742 0.31074748
v 0.03575060 0.07527508 0.31072115
v 0.02609708 0.07914156 0.31071267
v 0.01601444 0.08178008 0.31071229
v 0.00566654 0.08314046 0.31071510
v -0.00478008 0.08319613 0.31071906
v -0.01515804 0.08194315 0.31072346
v -0.02530152 0.07939948 0.31072806
v -0.03504877 0.07560442 0.31073281
v -0.04424479 0.07061758 0.31073748
v -0.05274377 0.06451775 0.31074169
v -0.06041140 0.05740127 0.31074508
v -0.06712685 0.04938046 0.31074742
v -0.07278446 0.04058160 0.31074860
v -0.07729521 0.03114312 0.31074881
v -0.08058806 0.02121344 0.31074833
v -0.08261094 0.01094883 0.31074748
v -0.08333177 0.00051102 0.31074650
v -0.08273894 -0.00993548 0.31074556
v -0.08084156 -0.02022585 0.31074477
v -0.07766944 -0.03019773 0.31074415
v -0.07327248 -0.03969369 0.31074365
v -0.06771994 -0.04856392 0.31074323
v -0.06109935 -0.05666846 0.31074279
v -0.05351508 -0.06387942 0.31074217
v -0.04508673 -0.07008302 0.31074115
v -0.03594721 -0.07518140 0.31073931
v -0.02624085 -0.07909400 0.31073596
v -0.01612125 -0.08175910 0.31072996
v -0.00574917 -0.08313477 0.31071935
v 0.00470975 -0.08320015 0.31070094
v 0.01508715 -0.08195623 0.31066956
v 0.02521448 -0.07942717 0.31061677
v 0.03492567 -0.07566137 0.31052842
v 0.04406129 -0.07073223 0.31037940
v 0.05247771 -0.06473433 0.31012385
v 0.06006408 -0.05776460 0.30968698
v 0.06053369 -0.05727231 -0.47756085
v 0.05312971 -0.06420029 -0.47747263
v 0.04481450 -0.07025742 -0.47741415
v 0.03575060 -0.07527508 -0.47738781
v 0.02609708 -0.07914156 -0.47737933
v 0.01601444 -0.08178008 -0.47737896
v 0.00566654 -0.08314046 -0.47738179
v -0.00478008 -0.08319613 -0.47738573
v -0.01515804 -0.08194315 -0.47739012
v -0.02530152 -0.07939948 -0.47739473
v -0.03504877 -0.07560442 -0.47739948
v -0.04424479 -0.07061758 -0.47740415
v -0.05274377 -0.06451775 -0.47740835
v -0.06041140 -0.05740127 -0.47741175
v -0.06712685 -0.04938046 -0.47741408
v -0.07278446 -0.04058160 -0.47741527
v -0.07729521 -0.03114312 -0.47741548
v -0.08058806 -0.02121344 -0.47741500
v -0.08261094 -0.01094883 -0.47741415
v -0.08333177 -0.00051102 -0.47741317
v -0.08273894 0.00993548 -0.47741223
v -0.08084156 0.02022585 -0.47741144
v -0.07766944 0.03019773 -0.47741081
v -0.07327248 0.03969369 -0.47741031
v -0.06771994 0.04856392 -0.47740990
v -0.06109935 0.05666846 -0.47740946
v -0.05351508 0.06387942 -0.47740883
v -0.04508673 0.07008302 -0.47740781
v -0.03594721 0.07518140 -0.47740598
v -0.02624085 0.07909400 -0.47740262
v -0.01612125 0.08175910 -0.47739663
v -0.00574917 0.08313477 -0.47738602
v 0.00470975 0.08320015 -0.47736760
v 0.01508715 0.08195623 -0.47733623
v 0.02521448 0.07942717 -0.47728344
v 0.03492567 0.07566137 -0.47719508
v 0.04406129 0.07073223 -0.47704606
v 0.05247771 0.06473433 -0.47679052
v 0.06006408 0.05776460 -0.47635365
v 0.06689513 0.04969394 0.31083912
v 0.06689513 -0.04969394 -0.47750579
v 0.07232610 0.04139300 0.30993221
v 0.07232610 -0.04139300 -0.47659888
v 0.07678448 0.03238190 0.30926198
v 0.07678448 -0.03238190 -0.47592865
v 0.06821752 -0.04786244 0.26019098
v 0.06821752 0.04786246 -0.42685765
v 0.07333342 -0.03958098 0.26079865
v 0.07333342 0.03958100 -0.42746531
v 0.07523463 0.03583569 0.26017479
v 0.07523460 -0.03583571 -0.42684152
v 0.06997027 0.04526152 -0.10648308
v 0.07049990 -0.04443208 -0.05988937
v 0.07057906 0.04430623 -0.06495342
v 0.07069475 -0.04412140 -0.10000223
v 0.06095223 0.05682667 -0.06382429
v -0.04433179 0.07056300 -0.06558235
v -0.04406463 0.07073015 -0.10380415
v -0.07345617 0.03935271 -0.06425590
v -0.07293315 0.04031379 -0.10291567
v -0.08292163 0.00827340 -0.06299833
v -0.08282365 0.00920256 -0.10121273
v -0.02548331 -0.07934131 -0.06303365
v -0.02552369 -0.07932835 -0.10306079
v 0.04152306 -0.07225150 -0.06441365
v 0.04470046 -0.07033004 -0.10612904
v 0.05757967 -0.06024140 -0.06203790
v 0.06176935 -0.05593737 -0.09922433
v 0.08068304 0.02084929 0.26441898
v 0.08068302 -0.02084929 -0.43108569
v 0.07991325 0.02362871 -0.10164190
v 0.08000369 -0.02332071 -0.06478777
v 0.08130296 -0.01828319 0.30992992
v 0.08130296 0.01828319 -0.47659658
v 0.06123752 0.05651913 -0.10578887
v 0.05370796 0.06371733 -0.06013162
v 0.05427679 0.06323348 -0.10509552
v 0.04562212 0.06973569 -0.06016496
v 0.04707110 0.06876596 -0.10247546
v 0.03724698 0.07454600 -0.05932775
v 0.03876421 0.07376842 -0.10551077
v 0.02782308 0.07855138 -0.05853223
v 0.02936925 0.07798648 -0.10639565
v 0.01781604 0.08140658 -0.05882256
v 0.01955531 0.08100638 -0.10667485
v 0.00762408 0.08298383 -0.05923544
v 0.00956819 0.08278221 -0.10683675
v -0.00253269 0.08329483 -0.06024087
v -0.00042273 0.08333227 -0.10695919
v -0.01250727 0.08238940 -0.06130112
v -0.01021533 0.08270485 -0.10702935
v -0.02205744 0.08036115 -0.06326950
v -0.01959527 0.08099673 -0.10701867
v -0.03086400 0.07740708 -0.06612342
v -0.02841948 0.07833758 -0.10694519
v -0.03775327 0.07429088 -0.06237512
v -0.03659969 0.07486594 -0.10659725
v -0.05829100 0.05955335 -0.06264175
v -0.05611523 0.06160783 -0.10345490
v -0.05141233 0.06558367 -0.06269492
v -0.05031842 0.06642667 -0.10735758
v -0.06470712 0.05251125 -0.06420663
v -0.06261758 0.05498619 -0.10560029
v -0.06942440 0.04609446 -0.06007190
v -0.06830292 0.04774050 -0.10573331
v -0.08012025 0.02291700 -0.06412492
v -0.07901442 0.02647956 -0.10210331
v -0.07722227 0.03132356 -0.06238785
v -0.07633408 0.03342981 -0.10632429
v -0.08182917 0.01576175 -0.05998356
v -0.08140260 0.01783421 -0.10337710
v -0.08277581 -0.00962335 -0.05914213
v -0.08308796 -0.00639029 -0.10165523
v -0.08333237 -0.00040004 -0.05979927
v -0.08331710 0.00164477 -0.10508417
v -0.08109406 -0.01918848 -0.05902152
v -0.08174398 -0.01619771 -0.10496288
v -0.07832494 -0.02845431 -0.05987606
v -0.07907110 -0.02630981 -0.10616600
v -0.07460612 -0.03712642 -0.06048490
v -0.07518519 -0.03593927 -0.10661977
v -0.06987996 -0.04540083 -0.06053571
v -0.07021731 -0.04487731 -0.10680921
v -0.06403142 -0.05333313 -0.06034754
v -0.06427737 -0.05303644 -0.10685800
v -0.05701083 -0.06078000 -0.06026233
v -0.05750079 -0.06031669 -0.10681506
v -0.04890171 -0.06747644 -0.06086085
v -0.05005946 -0.06662204 -0.10670969
v -0.04029785 -0.07294194 -0.06361581
v -0.04212056 -0.07190481 -0.10657067
v -0.03301033 -0.07651642 -0.05959610
v -0.03386788 -0.07614073 -0.10612862
v -0.00730679 -0.08301237 -0.05931154
v -0.00999110 -0.08273223 -0.10258960
v -0.01671060 -0.08164069 -0.05987919
v -0.01785131 -0.08139885 -0.10652121
v 0.00259246 -0.08329300 -0.05930546
v -0.00007729 -0.08333329 -0.10548742
v 0.01242029 -0.08240256 -0.06042140
v 0.01005385 -0.08272462 -0.10637031
v 0.02180756 -0.08042931 -0.06188800
v 0.01973990 -0.08096160 -0.10663029
v 0.03040360 -0.07758908 -0.06469329
v 0.02888683 -0.07816646 -0.10676783
v 0.03672940 -0.07480238 -0.06130137
v 0.03748423 -0.07442700 -0.10689073
v 0.05359425 -0.06381302 -0.05906329
v 0.05571844 -0.06196692 -0.10070525
v 0.04793702 -0.06816515 -0.06322131
v 0.05096796 -0.06592958 -0.10781629
v 0.06251598 -0.05510169 -0.06079829
v 0.08297087 0.00776390 0.30196173
v 0.08297087 -0.00776390 -0.46862840
v 0.08231606 -0.01298119 0.30372760
v 0.08231606 0.01298119 -0.47039427
v 0.07415287 0.03802362 -0.04559842
v 0.07384633 -0.03861560 -0.12008483
v 0.08188675 -0.01545981 0.04499081
v 0.08188390 0.01547483 -0.21167038
v 0.08194846 -0.01512923 0.13653179
v 0.08194833 0.01512990 -0.30319842
v 0.06511727 0.05200177 -0.02938940
v 0.06133015 0.05641858 -0.13839704
v 0.05586008 0.06183927 -0.02477167
v 0.05429481 0.06321802 -0.13646398
v 0.04842254 0.06782110 -0.02375867
v 0.04693163 0.06886121 -0.14211475
v 0.03982125 0.07320323 -0.02354310
v 0.03820767 0.07405821 -0.14320333
v 0.03089825 0.07739342 -0.02251152
v 0.02927075 0.07802350 -0.14323685
v 0.02138404 0.08054296 -0.02203248
v 0.01961935 0.08099090 -0.14324494
v 0.01206065 0.08245596 -0.02630308
v 0.00955767 0.08278342 -0.14319815
v 0.00111885 0.08332581 -0.02412627
v -0.00071371 0.08333027 -0.14304056
v -0.00854446 0.08289412 -0.02874183
v -0.01111385 0.08258890 -0.14271948
v -0.01813546 0.08133602 -0.02789571
v -0.02203835 0.08036638 -0.14221152
v -0.02812427 0.07844406 -0.02828998
v -0.03105248 0.07733167 -0.13801844
v -0.03734862 0.07449512 -0.03259254
v -0.04254958 0.07165177 -0.14042031
v -0.05585860 0.06184060 -0.02946625
v -0.05751677 0.06030146 -0.13553523
v -0.04568808 0.06969248 -0.02926362
v -0.05018300 0.06652902 -0.13556104
v -0.06296681 0.05458594 -0.02692142
v -0.06413544 0.05320798 -0.13886402
v -0.06884567 0.04695444 -0.02667294
v -0.07237742 0.04130321 -0.14020000
v -0.07905523 0.02635746 -0.02704110
v -0.07982821 0.02391444 -0.13496927
v -0.07407669 0.03817183 -0.02860419
v -0.07646610 0.03312671 -0.13494229
v -0.08170433 0.01639654 -0.02917331
v -0.08209329 0.01432258 -0.13956819
v -0.08310594 -0.00615196 -0.02686098
v -0.08314785 -0.00555685 -0.14070696
v -0.08309098 0.00635096 -0.02629029
v -0.08326344 0.00341233 -0.13527008
v -0.08178331 -0.01599798 -0.02468548
v -0.08192171 -0.01527350 -0.14432008
v -0.07922015 -0.02585754 -0.02407119
v -0.07915669 -0.02605117 -0.14381729
v -0.07572073 -0.03479677 -0.02905956
v -0.07520992 -0.03588752 -0.14352998
v -0.07110390 -0.04345896 -0.02720440
v -0.07011879 -0.04503110 -0.14331273
v -0.06568985 -0.05127656 -0.02349773
v -0.06395831 -0.05342075 -0.14305398
v -0.05813956 -0.05970123 -0.02305650
v -0.05679294 -0.06098367 -0.14264494
v -0.05031977 -0.06642562 -0.02254079
v -0.04864660 -0.06766056 -0.14181213
v -0.04142648 -0.07230692 -0.02308773
v -0.03964175 -0.07330058 -0.13953246
v -0.03254950 -0.07671358 -0.02837340
v -0.02724996 -0.07875204 -0.14173235
v -0.01074827 -0.08263727 -0.02649477
v -0.00799790 -0.08294865 -0.14135602
v -0.02324819 -0.08002479 -0.02565542
v -0.01790356 -0.08138740 -0.13763502
v -0.00075479 -0.08332992 -0.02444700
v 0.00153863 -0.08331913 -0.14273779
v 0.00932785 -0.08280963 -0.02391737
v 0.01130506 -0.08256294 -0.14250550
v 0.01861733 -0.08122708 -0.02876625
v 0.02137938 -0.08054419 -0.14166044
v 0.02897925 -0.07813225 -0.02744019
v 0.03126835 -0.07724465 -0.13928206
v 0.03792419 -0.07420377 -0.03249742
v 0.04302135 -0.07136952 -0.14083354
v 0.05523675 -0.06239669 -0.03137152
v 0.05731881 -0.06048965 -0.13820860
v 0.04597085 -0.06950629 -0.03055098
v 0.05041506 -0.06635333 -0.13628996
v 0.06182017 -0.05588123 -0.02891052
v 0.06525660 -0.05182683 -0.13722204
v 0.06985410 0.04544060 -0.14480731
v 0.07006948 -0.04510779 -0.02212885
v 0.06568408 0.05128396 -0.06756819
v 0.06616377 -0.05066358 -0.09663527
v 0.06622237 0.05058698 -0.10102902
v 0.06705323 -0.04948037 -0.06514065
v 0.07760210 0.03037035 -0.07433429
v 0.07767894 -0.03017327 -0.09159950
v 0.08029175 0.02230869 -0.21219275
v 0.08029733 -0.02228860 0.04550571
v 0.07984998 0.02384169 0.06696608
v 0.07983744 -0.02388363 -0.23367152
v 0.07891335 0.02677921 -0.06526483
v 0.07891633 -0.02677046 -0.10075675
v 0.08120192 -0.01872683 0.27341460
v 0.08120192 0.01872683 -0.44008127
v 0.06691927 0.04966142 -0.01890263
v 0.06654648 -0.05015985 -0.14694692
v 0.07604819 -0.03407517 0.14796342
v 0.07604785 0.03407594 -0.31463023
v 0.07898169 -0.02657704 0.06594002
v 0.07897802 0.02658790 -0.23262060
v 0.08120065 0.01873227 -0.11146194
v 0.08125433 -0.01849804 -0.05509058
v 0.07350419 0.03926294 0.20197633
v 0.07350396 -0.03926338 -0.36864433
v 0.06694454 0.04962733 0.20308731
v 0.06694423 -0.04962777 -0.36975552
v 0.06052937 0.05727685 0.20449667
v 0.06052900 -0.05727725 -0.37116492
v 0.05384165 0.06360442 0.20412944
v 0.04615698 0.06938283 0.20370427
v 0.03752427 0.07440681 0.20366158
v 0.02826608 0.07839306 0.20364650
v 0.01850406 0.08125296 0.20363190
v 0.00838227 0.08291069 0.20361542
v -0.00194637 0.08331060 0.20360433
v -0.01231633 0.08241817 0.20360604
v -0.02256321 0.08022060 0.20363848
v -0.03252888 0.07672233 0.20372623
v -0.04209783 0.07191812 0.20395131
v -0.05090113 0.06598121 0.20461623
v -0.05857554 0.05927352 0.20487800
v -0.06534769 0.05171194 0.20473712
v -0.07123560 0.04324275 0.20462148
v -0.07606490 0.03403787 0.20455306
v -0.07972073 0.02427038 0.20451602
v -0.08213052 0.01410746 0.20449708
v -0.08325048 0.00371533 0.20448804
v -0.08306037 -0.00673940 0.20448419
v -0.08156202 -0.01709042 0.20448294
v -0.07877846 -0.02717352 0.20448283
v -0.07475344 -0.03682887 0.20448315
v -0.06955081 -0.04590348 0.20448331
v -0.06325348 -0.05425350 0.20448273
v -0.05596248 -0.06174662 0.20448054
v -0.04779560 -0.06826438 0.20447521
v -0.03888602 -0.07370429 0.20446398
v -0.02938067 -0.07798219 0.20444217
v -0.01943840 -0.08103452 0.20440181
v -0.00922706 -0.08282092 0.20432996
v 0.00108158 -0.08332631 0.20420623
v 0.01132177 -0.08256065 0.20400177
v 0.02135223 -0.08055140 0.20368656
v 0.03107812 -0.07732138 0.20327717
v 0.04028731 -0.07294777 0.20308713
v 0.04867012 -0.06764365 0.20263031
v 0.05641208 -0.06133612 0.20125852
v 0.06313238 -0.05439438 0.19792850
v 0.05384121 -0.06360479 -0.37079787
v 0.04615650 -0.06938317 -0.37037296
v 0.03752375 -0.07440708 -0.37033044
v 0.02826560 -0.07839325 -0.37031548
v 0.01850365 -0.08125306 -0.37030094
v 0.00838194 -0.08291073 -0.37028448
v -0.00194663 -0.08331060 -0.37027335
v -0.01231650 -0.08241812 -0.37027500
v -0.02256331 -0.08022058 -0.37030735
v -0.03252898 -0.07672229 -0.37039500
v -0.04209794 -0.07191806 -0.37061998
v -0.05090123 -0.06598112 -0.37128473
v -0.05857565 -0.05927342 -0.37154635
v -0.06534779 -0.05171179 -0.37140544
v -0.07123571 -0.04324256 -0.37128977
v -0.07606498 -0.03403769 -0.37122131
v -0.07972077 -0.02427019 -0.37118421
v -0.08213056 -0.01410731 -0.37116515
v -0.08325048 -0.00371525 -0.37115594
v -0.08306037 0.00673942 -0.37115185
v -0.08156202 0.01709038 -0.37115031
v -0.07877848 0.02717344 -0.37114992
v -0.07475350 0.03682879 -0.37114992
v -0.06955085 0.04590340 -0.37114979
v -0.06325352 0.05425344 -0.37114902
v -0.05596250 0.06174660 -0.37114673
v -0.04779556 0.06826440 -0.37114135
v -0.03888590 0.07370435 -0.37113019
v -0.02938048 0.07798225 -0.37110850
v -0.01943819 0.08103456 -0.37106831
v -0.00922683 0.08282096 -0.37099660
v 0.00108181 0.08332631 -0.37087304
v 0.01132194 0.08256062 -0.37066869
v 0.02135233 0.08055138 -0.37035352
v 0.03107815 0.07732135 -0.36994412
v 0.04028727 0.07294779 -0.36975404
v 0.04867004 0.06764371 -0.36929719
v 0.05641198 0.06133623 -0.36792533
v 0.06313223 0.05439454 -0.36459525
v 0.06901608 -0.04670358 0.19677512
v 0.06901596 0.04670377 -0.36344181
v 0.07360833 -0.03906735 0.19981392
v 0.07360825 0.03906752 -0.36648056
v 0.07831669 0.02847700 0.19939806
v 0.07831654 -0.02847740 -0.36606585
v 0.07627627 0.03356152 -0.17203944
v 0.07632292 -0.03345529 0.00527515
v 0.07791496 0.02955850 -0.14023831
v 0.07801283 -0.02929921 -0.02647875
v 0.08027494 0.02236915 0.15095308
v 0.08027433 -0.02237129 -0.31762521
v 0.07697271 0.03193190 0.24942475
v 0.07697269 -0.03193194 -0.41609152
v 0.08224173 -0.01344400 0.24243698
v 0.08224173 0.01344402 -0.40910365
v 0.07123008 -0.04325183 0.24902969
v 0.07123006 0.04325185 -0.41569635
v 0.07396694 0.03838406 0.24774110
v 0.07396692 -0.03838412 -0.41440792
v 0.06534990 -0.05170915 0.24875131
v 0.06534987 0.05170917 -0.41541798
v 0.06986421 0.04542506 0.24636094
v 0.06986417 -0.04542513 -0.41302777
v 0.06432846 0.05297448 0.24895537
v 0.05734142 0.06046823 0.25006496
v 0.04959094 0.06697152 0.25060167
v 0.04109594 0.07249529 0.25087769
v 0.03193856 0.07696996 0.25102533
v 0.02224152 0.08031040 0.25110790
v 0.01215110 0.08244267 0.25115752
v 0.00182721 0.08331329 0.25119217
v -0.00856260 0.08289225 0.25122306
v -0.01884719 0.08117406 0.25125802
v -0.02885487 0.07817827 0.25130196
v -0.03841675 0.07394998 0.25135575
v -0.04737169 0.06855923 0.25141394
v -0.05557340 0.06209704 0.25146552
v -0.06289515 0.05466850 0.25150058
v -0.06922860 0.04638798 0.25151671
v -0.07447948 0.03737983 0.25151854
v -0.07856642 0.02778062 0.25151260
v -0.08142348 0.01773871 0.25150394
v -0.08300308 0.00741167 0.25149538
v -0.08327796 -0.00303725 0.25148815
v -0.08224202 -0.01344231 0.25148256
v -0.07991040 -0.02363842 0.25147844
v -0.07631919 -0.03346381 0.25147540
v -0.07152473 -0.04276279 0.25147290
v -0.06560267 -0.05138808 0.25147037
v -0.05864662 -0.05920321 0.25146698
v -0.05076688 -0.06608454 0.25146152
v -0.04208873 -0.07192346 0.25145223
v -0.03275063 -0.07662794 0.25143644
v -0.02290231 -0.08012446 0.25141021
v -0.01270262 -0.08235950 0.25136796
v -0.00231706 -0.08330110 0.25130208
v 0.00808494 -0.08294021 0.25120260
v 0.01833312 -0.08129171 0.25105615
v 0.02826019 -0.07839519 0.25084302
v 0.03770613 -0.07431483 0.25052702
v 0.04651454 -0.06914362 0.25001560
v 0.05442727 -0.06310402 0.24894133
v 0.06029887 -0.05751946 0.24622685
v 0.06432842 -0.05297452 -0.41562221
v 0.05734137 -0.06046827 -0.41673181
v 0.04959087 -0.06697156 -0.41726852
v 0.04109590 -0.07249533 -0.41754454
v 0.03193850 -0.07696998 -0.41769221
v 0.02224148 -0.08031042 -0.41777477
v 0.01215106 -0.08244269 -0.41782442
v 0.00182719 -0.08331329 -0.41785904
v -0.00856263 -0.08289225 -0.41788994
v -0.01884721 -0.08117406 -0.41792488
v -0.02885487 -0.07817827 -0.41796881
v -0.03841673 -0.07394998 -0.41802258
v -0.04737169 -0.06855923 -0.41808077
v -0.05557340 -0.06209704 -0.41813235
v -0.06289515 -0.05466850 -0.41816740
v -0.06922860 -0.04638798 -0.41818352
v -0.07447948 -0.03737983 -0.41818533
v -0.07856642 -0.02778062 -0.41817940
v -0.08142348 -0.01773871 -0.41817071
v -0.08300308 -0.00741167 -0.41816215
v -0.08327796 0.00303725 -0.41815492
v -0.08224202 0.01344231 -0.41814931
v -0.07991040 0.02363840 -0.41814517
v -0.07631919 0.03346379 -0.41814208
v -0.07152475 0.04276279 -0.41813958
v -0.06560267 0.05138808 -0.41813704
v -0.05864662 0.05920319 -0.41813362
v -0.05076690 0.06608454 -0.41812817
v -0.04208873 0.07192346 -0.41811887
v -0.03275063 0.07662794 -0.41810308
v -0.02290231 0.08012446 -0.41807685
v -0.01270262 0.08235950 -0.41803460
v -0.00231706 0.08330110 -0.41796877
v 0.00808494 0.08294021 -0.41786927
v 0.01833312 0.08129171 -0.41772283
v 0.02826019 0.07839519 -0.41750973
v 0.03770610 0.07431483 -0.41719371
v 0.04651452 0.06914365 -0.41668229
v 0.05442723 0.06310404 -0.41560800
v 0.06029885 0.05751950 -0.41289352
v 0.06533131 0.05173263 0.03553435
v 0.06674662 0.04989321 -0.20231610
v 0.05711840 0.06067894 0.03158292
v 0.05806560 0.05977317 -0.20220406
v 0.04905654 0.06736394 0.03783194
v 0.04936506 0.06713819 -0.19731088
v 0.03996448 0.07312512 0.03760540
v 0.04030615 0.07293735 -0.20406502
v 0.03026413 0.07764358 0.03749179
v 0.03092090 0.07738437 -0.20482142
v 0.02023452 0.08083940 0.03743981
v 0.02117281 0.08059873 -0.20449035
v 0.01000427 0.08273065 0.03740108
v 0.01095321 0.08261035 -0.20426610
v -0.00030440 0.08333277 0.03737085
v 0.00054042 0.08333158 -0.20406248
v -0.01055315 0.08266242 0.03732021
v -0.00988760 0.08274467 -0.20384569
v -0.02061760 0.08074254 0.03718152
v -0.02017087 0.08085531 -0.20360700
v -0.03041679 0.07758392 0.03689917
v -0.03015694 0.07768529 -0.20335598
v -0.03987650 0.07317315 0.03658577
v -0.03969521 0.07327165 -0.20313000
v -0.05690029 0.06088350 0.03631042
v -0.05679956 0.06097748 -0.20287669
v -0.04877117 0.06757083 0.03643390
v -0.04862892 0.06767327 -0.20296296
v -0.06414329 0.05319852 0.03625208
v -0.06406390 0.05329412 -0.20285842
v -0.07034900 0.04467058 0.03625817
v -0.07029367 0.04475765 -0.20289888
v -0.07925360 0.02575483 0.03619529
v -0.07927500 0.02568890 -0.20308752
v -0.07540142 0.03548340 0.03626190
v -0.07538542 0.03551738 -0.20297967
v -0.08187560 0.01551869 0.03612800
v -0.08187394 0.01552748 -0.20343327
v -0.08315915 -0.00538519 0.03639692
v -0.08318069 -0.00504148 -0.20385496
v -0.08317965 0.00505888 0.03631538
v -0.08316627 0.00527412 -0.20370725
v -0.08181158 -0.01585273 0.03641715
v -0.08191698 -0.01529883 -0.20392613
v -0.07914863 -0.02607569 0.03666752
v -0.07938650 -0.02534221 -0.20394392
v -0.07525608 -0.03579058 0.03687004
v -0.07562202 -0.03501077 -0.20391862
v -0.07019156 -0.04491758 0.03702902
v -0.07067875 -0.04414702 -0.20386273
v -0.06403673 -0.05332675 0.03715540
v -0.06463471 -0.05260035 -0.20378404
v -0.05689135 -0.06089185 0.03723156
v -0.05758794 -0.06023350 -0.20368171
v -0.04886748 -0.06750123 0.03724894
v -0.04964113 -0.06693431 -0.20353427
v -0.04008650 -0.07305831 0.03721546
v -0.04084050 -0.07263952 -0.20334144
v -0.03068538 -0.07747808 0.03715544
v -0.03136558 -0.07720521 -0.20341750
v -0.01059419 -0.08265717 0.03695488
v -0.01121881 -0.08257471 -0.20370488
v -0.02081563 -0.08069173 0.03707894
v -0.02146298 -0.08052196 -0.20355650
v -0.00005538 -0.08333331 0.03685175
v -0.00079448 -0.08332954 -0.20386371
v 0.01052319 -0.08266623 0.03703606
v 0.00964119 -0.08277373 -0.20401173
v 0.02085519 -0.08068150 0.03724106
v 0.01994754 -0.08091069 -0.20411252
v 0.03073256 -0.07745937 0.03757777
v 0.03005567 -0.07772452 -0.20418781
v 0.04024771 -0.07296962 0.03688450
v 0.03964129 -0.07330083 -0.20465294
v 0.05809567 -0.05974394 0.03532554
v 0.05743021 -0.06038390 -0.19753844
v 0.04940592 -0.06710810 0.03022133
v 0.04873769 -0.06759500 -0.20412246
v 0.06676994 -0.04986202 0.03552752
v 0.06530194 -0.05176969 -0.20262540
v 0.07281862 0.04052027 0.02849606
v 0.07266425 -0.04079646 -0.19524373
v 0.07192475 0.04208650 -0.20021235
v 0.07194658 -0.04204919 0.03345908
v 0.07428344 0.03776792 -0.13890502
v 0.07445833 -0.03742194 -0.02787860
v 0.07300594 0.04018181 -0.16369625
v 0.07308840 -0.04003165 -0.00313971
v 0.07699427 -0.03187985 0.15751590
v 0.07699404 0.03188042 -0.32418256
v 0.07922073 0.02585579 0.02507350
v 0.07916225 -0.02603427 -0.19172871
v 0.07639742 0.03328483 0.02837558
v 0.07629935 -0.03350902 -0.19506460
v 0.07587617 0.03445652 -0.10462956
v 0.07611085 -0.03393498 -0.06173294
v 0.06062652 0.05717402 0.23745592
v 0.05348000 0.06390879 0.23838006
v 0.04549742 0.06981710 0.23877635
v 0.03675608 0.07478927 0.23896754
v 0.02738031 0.07870681 0.23906852
v 0.01751592 0.08147169 0.23912621
v 0.00732062 0.08301117 0.23916356
v -0.00304037 0.08327785 0.23919475
v -0.01339698 0.08224942 0.23923050
v -0.02357650 0.07992869 0.23927992
v -0.03340513 0.07634490 0.23934971
v -0.04271025 0.07155612 0.23943915
v -0.05132881 0.06564906 0.23953198
v -0.05912223 0.05872823 0.23960204
v -0.06598058 0.05090194 0.23963600
v -0.07181000 0.04228200 0.23964131
v -0.07652375 0.03299335 0.23963229
v -0.08004535 0.02317725 0.23961908
v -0.08231504 0.01298756 0.23960656
v -0.08329321 0.00258598 0.23959648
v -0.08296165 -0.00786194 0.23958898
v -0.08132385 -0.01818996 0.23958365
v -0.07840465 -0.02823392 0.23957990
v -0.07424960 -0.03783440 0.23957706
v -0.06892417 -0.04683915 0.23957448
v -0.06251263 -0.05510550 0.23957127
v -0.05511688 -0.06250258 0.23956627
v -0.04685483 -0.06891350 0.23955773
v -0.03785879 -0.07423717 0.23954298
v -0.02827365 -0.07839033 0.23951800
v -0.01825460 -0.08130937 0.23947708
v -0.00796475 -0.08295183 0.23941235
v 0.00242796 -0.08329796 0.23931392
v 0.01275354 -0.08235162 0.23917015
v 0.02284192 -0.08014169 0.23896787
v 0.03252185 -0.07672531 0.23868896
v 0.04161444 -0.07219892 0.23829748
v 0.04990373 -0.06673877 0.23772694
v 0.05706954 -0.06072490 0.23697935
v 0.06318037 -0.05433863 0.23699479
v 0.06062644 -0.05717413 -0.40412294
v 0.05347992 -0.06390888 -0.40504710
v 0.04549731 -0.06981719 -0.40544344
v 0.03675598 -0.07478933 -0.40563465
v 0.02738021 -0.07870685 -0.40573565
v 0.01751583 -0.08147171 -0.40579333
v 0.00732056 -0.08301117 -0.40583069
v -0.00304042 -0.08327785 -0.40586188
v -0.01339702 -0.08224940 -0.40589760
v -0.02357650 -0.07992867 -0.40594702
v -0.03340513 -0.07634490 -0.40601677
v -0.04271025 -0.07155612 -0.40610619
v -0.05132881 -0.06564906 -0.40619900
v -0.05912223 -0.05872823 -0.40626904
v -0.06598058 -0.05090194 -0.40630296
v -0.07181002 -0.04228198 -0.40630827
v -0.07652375 -0.03299333 -0.40629925
v -0.08004535 -0.02317725 -0.40628600
v -0.08231504 -0.01298756 -0.40627348
v -0.08329321 -0.00258598 -0.40626335
v -0.08296165 0.00786194 -0.40625581
v -0.08132385 0.01818996 -0.40625046
v -0.07840467 0.02823390 -0.40624665
v -0.07424960 0.03783437 -0.40624379
v -0.06892417 0.04683912 -0.40624115
v -0.06251265 0.05510548 -0.40623792
v -0.05511690 0.06250258 -0.40623290
v -0.04685483 0.06891348 -0.40622433
v -0.03785879 0.07423717 -0.40620958
v -0.02827365 0.07839033 -0.40618462
v -0.01825458 0.08130937 -0.40614371
v -0.00796473 0.08295183 -0.40607902
v 0.00242796 0.08329796 -0.40598060
v 0.01275354 0.08235162 -0.40583685
v 0.02284192 0.08014169 -0.40563460
v 0.03252183 0.07672531 -0.40535569
v 0.04161440 0.07219894 -0.40496419
v 0.04990369 0.06673879 -0.40439365
v 0.05706950 0.06072492 -0.40364604
v 0.06318033 0.05433867 -0.40366146
v 0.06707415 0.04945204 0.23487025
v 0.06707406 -0.04945215 -0.40153727
v 0.06878169 -0.04704810 0.23746558
v 0.06878167 0.04704815 -0.40413225
v 0.07250481 0.04107913 0.23635319
v 0.07250477 -0.04107923 -0.40302017
v 0.07382019 -0.03866554 0.23742800
v 0.07382017 0.03866558 -0.40409467
v 0.07641844 0.03323652 0.23935458
v 0.07641842 -0.03323658 -0.40602148
v 0.07380608 -0.03869246 0.09112435
v 0.07380369 0.03869704 -0.25779925
v 0.07270917 0.04071635 0.09068773
v 0.07269575 -0.04074031 -0.25740427
v 0.07126356 0.04319662 -0.02486450
v 0.07088231 -0.04381942 -0.14125240
v 0.08186883 0.01555435 -0.17938152
v 0.08187810 -0.01550554 0.01268733
v 0.07850844 -0.02794404 0.11510906
v 0.07850775 0.02794598 -0.28177669
v 0.08093446 -0.01985092 0.07533510
v 0.08093290 0.01985727 -0.24200817
v 0.08134106 0.01811292 0.08343960
v 0.08133700 -0.01813108 -0.25013000
v 0.07134556 0.04306106 0.06448650
v 0.07131108 -0.04311815 -0.23123706
v 0.07133525 0.04307812 -0.23101263
v 0.07134256 -0.04306602 0.06431167
v 0.06481104 0.05238296 0.06296950
v 0.06535177 0.05170679 -0.23131208
v 0.05723040 0.06057331 0.06276267
v 0.05824479 0.05959856 -0.22784865
v 0.04868796 0.06763081 0.06193390
v 0.04979294 0.06682148 -0.22768950
v 0.03942017 0.07342000 0.06107421
v 0.04080919 0.07265710 -0.22719946
v 0.02971554 0.07785519 0.06043785
v 0.03122825 0.07726085 -0.22685879
v 0.01967844 0.08097656 0.06000885
v 0.02124852 0.08057881 -0.22655465
v 0.00941023 0.08280031 0.05972106
v 0.01096998 0.08260813 -0.22629704
v -0.00096227 0.08332777 0.05951494
v 0.00052177 0.08333171 -0.22608519
v -0.01129781 0.08256394 0.05934254
v -0.00993581 0.08273890 -0.22590163
v -0.02145219 0.08052483 0.05916794
v -0.02023810 0.08083850 -0.22573671
v -0.03128367 0.07723844 0.05897933
v -0.03022500 0.07765883 -0.22559029
v -0.04064752 0.07274767 0.05880002
v -0.03974096 0.07324685 -0.22546877
v -0.05737115 0.06044002 0.05858192
v -0.05676129 0.06101310 -0.22533121
v -0.04939079 0.06711925 0.05866421
v -0.04863467 0.06766915 -0.22538010
v -0.06446104 0.05281306 0.05854315
v -0.06398800 0.05338521 -0.22531208
v -0.07054815 0.04435544 0.05853610
v -0.07019675 0.04490946 -0.22532179
v -0.07934437 0.02547377 0.05854769
v -0.07917885 0.02598373 -0.22543085
v -0.07553512 0.03519788 0.05854017
v -0.07528750 0.03572446 -0.22535919
v -0.08191165 0.01532729 0.05856446
v -0.08181067 0.01585742 -0.22553165
v -0.08314827 -0.00555071 0.05867154
v -0.08318981 -0.00488867 -0.22569533
v -0.08318746 0.00492869 0.05861188
v -0.08315054 0.00551662 -0.22562808
v -0.08179200 -0.01595346 0.05873744
v -0.08193338 -0.01521071 -0.22572433
v -0.07913933 -0.02610381 0.05882940
v -0.07940238 -0.02529242 -0.22572204
v -0.07523933 -0.03582579 0.05892646
v -0.07563833 -0.03497552 -0.22569563
v -0.07015954 -0.04496758 0.05901119
v -0.07070350 -0.04410735 -0.22565392
v -0.06398306 -0.05339113 0.05907608
v -0.06467842 -0.05254660 -0.22560844
v -0.05680848 -0.06096919 0.05911700
v -0.05765621 -0.06016815 -0.22557252
v -0.04874808 -0.06758748 0.05913402
v -0.04973625 -0.06686367 -0.22556083
v -0.03992579 -0.07314627 0.05913308
v -0.04102610 -0.07253483 -0.22559446
v -0.03047502 -0.07756106 0.05912487
v -0.03166052 -0.07708473 -0.22569644
v -0.01024388 -0.08270131 0.05914315
v -0.01158548 -0.08252406 -0.22602908
v -0.02053460 -0.08076369 0.05912198
v -0.02179552 -0.08043258 -0.22584771
v 0.00024535 -0.08333298 0.05921690
v -0.00119400 -0.08332477 -0.22623400
v 0.01075196 -0.08263679 0.05937958
v 0.00922233 -0.08282146 -0.22647773
v 0.02109367 -0.08061948 0.05962796
v 0.01951883 -0.08101519 -0.22679281
v 0.03113458 -0.07729867 0.05994904
v 0.02957027 -0.07791048 -0.22723702
v 0.04076717 -0.07268069 0.06032973
v 0.03928077 -0.07349467 -0.22786385
v 0.05825021 -0.05959327 0.06108767
v 0.05717429 -0.06062627 -0.22946765
v 0.04978338 -0.06682858 0.06087573
v 0.04858096 -0.06770771 -0.22864696
v 0.06535917 -0.05169742 0.06459354
v 0.06477331 -0.05242958 -0.22972323
v 0.06368340 0.05374821 0.00766344
v 0.06520317 0.05189404 -0.17339652
v 0.05500033 0.06260519 0.01215419
v 0.05583231 0.06186435 -0.17484938
v 0.04943960 0.06708331 0.00940642
v 0.04982290 0.06679912 -0.17802110
v 0.03986960 0.07317690 0.01176888
v 0.03891083 0.07369119 -0.17549196
v 0.03013342 0.07769442 0.01242681
v 0.03259704 0.07669340 -0.17941152
v 0.02039523 0.08079900 0.01315844
v 0.01973037 0.08096392 -0.17820235
v 0.01031362 0.08269265 0.01306725
v 0.01225798 0.08242685 -0.18003675
v 0.00018417 0.08333312 0.01353481
v -0.00090175 0.08332846 -0.17807433
v -0.00983290 0.08275119 0.01356279
v -0.00849356 0.08289935 -0.17968875
v -0.01952719 0.08101317 0.01386523
v -0.02144252 0.08052740 -0.17738415
v -0.02879221 0.07820137 0.01315483
v -0.02872973 0.07822433 -0.17879750
v -0.03824281 0.07404006 0.01108431
v -0.04086271 0.07262702 -0.17623585
v -0.05479379 0.06278604 0.00940887
v -0.05797450 0.05986152 -0.17577046
v -0.04879710 0.06755210 0.01176848
v -0.04748546 0.06848048 -0.17789765
v -0.06458258 0.05266437 0.01122231
v -0.06333252 0.05416121 -0.17771908
v -0.06932023 0.04625094 0.00949279
v -0.07133687 0.04307546 -0.17594225
v -0.07855883 0.02780204 0.00996254
v -0.07952090 0.02491727 -0.17721683
v -0.07583400 0.03454921 0.01184031
v -0.07504206 0.03623719 -0.17806877
v -0.08186265 0.01558694 0.00987090
v -0.08226117 0.01332460 -0.17804598
v -0.08326229 -0.00344044 0.01053023
v -0.08306538 -0.00667731 -0.17823731
v -0.08325071 0.00371000 0.01221810
v -0.08310260 0.00619688 -0.17989292
v -0.08183160 -0.01574904 0.01057927
v -0.08213408 -0.01408681 -0.18013808
v -0.07871050 -0.02736975 0.01248452
v -0.07893519 -0.02671477 -0.17840496
v -0.07590158 -0.03440052 0.01075302
v -0.07618200 -0.03377498 -0.18011681
v -0.06951167 -0.04596273 0.01289087
v -0.06990410 -0.04536365 -0.17819562
v -0.06504777 -0.05208869 0.01135110
v -0.06546502 -0.05156333 -0.17987410
v -0.05605567 -0.06166204 0.01333213
v -0.05649123 -0.06126325 -0.17789823
v -0.05025640 -0.06647358 0.01159415
v -0.05073323 -0.06611040 -0.17959085
v -0.03919948 -0.07353806 0.01317371
v -0.04091202 -0.07259925 -0.17774223
v -0.03236213 -0.07679283 0.01119146
v -0.02984615 -0.07780523 -0.17720140
v -0.01291346 -0.08232671 0.01113842
v -0.00953335 -0.08278623 -0.17727210
v -0.01993831 -0.08091296 0.01305956
v -0.02263548 -0.08020025 -0.17898485
v -0.00054048 -0.08333158 0.01089169
v -0.00186088 -0.08331256 -0.17929560
v 0.01150371 -0.08253550 0.01247583
v 0.01140873 -0.08254869 -0.17769069
v 0.01894469 -0.08115135 0.01035173
v 0.01882125 -0.08118008 -0.17953129
v 0.03225844 -0.07683644 0.01122092
v 0.03020821 -0.07766535 -0.17757527
v 0.03893983 -0.07367588 0.00703269
v 0.04176919 -0.07210950 -0.17617429
v 0.05589329 -0.06180927 0.00795558
v 0.05872527 -0.05912519 -0.17419173
v 0.05011025 -0.06658383 0.01091358
v 0.04811371 -0.06804054 -0.17556123
v 0.06523594 -0.05185283 0.00645310
v 0.06378025 -0.05363325 -0.17345702
v 0.07711279 0.03159210 0.06593088
v 0.07709065 -0.03164610 -0.23265317
v 0.07087260 0.04383513 0.00433588
v 0.07053040 -0.04438362 -0.17081035
v 0.07907017 0.02631258 -0.16373215
v 0.07911075 -0.02619035 -0.00299942
v 0.08142204 -0.01774527 0.16882946
v 0.08142200 0.01774552 -0.33549602
v 0.07237165 0.04131329 0.11517815
v 0.07236504 -0.04132485 -0.28187402
v 0.08284915 0.00897023 -0.11868060
v 0.08286004 -0.00886898 -0.04795210
v 0.07494567 0.03643613 -0.08974687
v 0.07519623 -0.03591619 -0.07624810
v 0.07985533 0.02382371 0.08682594
v 0.07984923 -0.02384419 -0.25352298
v 0.07031015 -0.04473173 0.11400996
v 0.07030904 0.04473346 -0.28068046
v 0.06773754 0.04853937 0.12105992
v 0.06773021 -0.04854960 -0.28775571
v 0.05238031 0.06481319 0.11718135
v 0.04450615 0.07045317 0.11608523
v 0.03620631 0.07505696 0.11559021
v 0.02704710 0.07882194 0.11502638
v 0.01731350 0.08151496 0.11453460
v 0.00720371 0.08302140 0.11412529
v -0.00309904 0.08327569 0.11375862
v -0.01341190 0.08224698 0.11339069
v -0.02354377 0.07993831 0.11296442
v -0.03329542 0.07639281 0.11241942
v -0.04241652 0.07173062 0.11169771
v -0.05065563 0.06616987 0.11084315
v -0.05807054 0.05976835 0.11068071
v -0.06480612 0.05238902 0.11091831
v -0.07072360 0.04407515 0.11118256
v -0.07563046 0.03499254 0.11139063
v -0.07939560 0.02531365 0.11154173
v -0.08193383 0.01520823 0.11164946
v -0.08319233 0.00484552 0.11172696
v -0.08314465 -0.00560481 0.11178435
v -0.08178808 -0.01597350 0.11182865
v -0.07914269 -0.02609369 0.11186448
v -0.07525000 -0.03580335 0.11189460
v -0.07017212 -0.04494794 0.11192090
v -0.06398996 -0.05338285 0.11194517
v -0.05680142 -0.06097577 0.11196994
v -0.04871915 -0.06760835 0.11199927
v -0.03986802 -0.07317777 0.11203902
v -0.03038221 -0.07759746 0.11209713
v -0.02040194 -0.08079731 0.11218327
v -0.01006904 -0.08272279 0.11230723
v 0.00048085 -0.08333194 0.11247188
v 0.01113190 -0.08258648 0.11264648
v 0.02177233 -0.08043885 0.11264433
v 0.03170290 -0.07706731 0.11143819
v 0.04038883 -0.07289160 0.10916937
v 0.04834642 -0.06787540 0.11354754
v 0.05720750 -0.06059494 0.11465706
v 0.06478746 -0.05241212 0.11219635
v 0.05236573 -0.06482496 -0.28389050
v 0.04448831 -0.07046442 -0.28280062
v 0.03618600 -0.07506675 -0.28231106
v 0.02702517 -0.07882946 -0.28175160
v 0.01729063 -0.08151981 -0.28126204
v 0.00717992 -0.08302346 -0.28085250
v -0.00312433 -0.08327475 -0.28048365
v -0.01343940 -0.08224248 -0.28011275
v -0.02357379 -0.07992948 -0.27968408
v -0.03332746 -0.07637883 -0.27913865
v -0.04244950 -0.07171112 -0.27841933
v -0.05068798 -0.06614508 -0.27756992
v -0.05810023 -0.05973950 -0.27741379
v -0.06483144 -0.05235769 -0.27765800
v -0.07074348 -0.04404323 -0.27792806
v -0.07564444 -0.03496231 -0.27813971
v -0.07940390 -0.02528765 -0.27829050
v -0.08193746 -0.01518875 -0.27839252
v -0.08319300 -0.00483410 -0.27845808
v -0.08314442 0.00560810 -0.27849750
v -0.08178873 0.01597025 -0.27851942
v -0.07914494 0.02608683 -0.27853104
v -0.07525335 0.03579635 -0.27853840
v -0.07017475 0.04494385 -0.27854621
v -0.06398929 0.05338367 -0.27855852
v -0.05679475 0.06098196 -0.27857912
v -0.04870444 0.06761896 -0.27861217
v -0.03984444 0.07319060 -0.27866260
v -0.03035063 0.07760981 -0.27873635
v -0.02036496 0.08080665 -0.27884029
v -0.01003046 0.08272748 -0.27898102
v 0.00051698 0.08333173 -0.27915877
v 0.01116229 0.08258237 -0.27934127
v 0.02179515 0.08043269 -0.27934171
v 0.03171842 0.07706092 -0.27813465
v 0.04039856 0.07288621 -0.27586342
v 0.04835046 0.06787252 -0.28023217
v 0.05720829 0.06059419 -0.28133525
v 0.06478675 0.05241300 -0.27887081
v 0.08298710 0.00758856 0.03151919
v 0.08298333 -0.00762958 -0.19818367
v 0.08173981 0.01621877 0.13130865
v 0.08173919 -0.01622192 -0.29798244
v 0.07851371 -0.02792925 0.28058394
v 0.07851371 0.02792925 -0.44725060
v 0.08152912 -0.01724667 0.10361529
v 0.08152869 0.01724875 -0.27028300
v 0.08289579 0.00852833 0.06701935
v 0.08289412 -0.00854452 -0.23369815
v 0.08072867 0.02067188 -0.15765648
v 0.08075877 -0.02055396 -0.00905096
v 0.07803352 0.02924402 0.14385631
v 0.07803221 -0.02924754 -0.31053204
v 0.07826471 0.02861954 0.17469881
v 0.07826431 -0.02862065 -0.34136852
v 0.07653000 -0.03297885 0.12185819
v 0.07652929 0.03298048 -0.28852592
v 0.07261363 0.04088650 0.17709258
v 0.07261292 -0.04088777 -0.34376321
v 0.06802217 -0.04813969 0.17698727
v 0.06802194 0.04814002 -0.34365408
v 0.07635771 0.03337579 0.11459156
v 0.07635323 -0.03338606 -0.28128215
v 0.07702563 0.03180406 0.00081446
v 0.07687035 -0.03217754 -0.16731040
v 0.07391212 -0.03848952 0.11486321
v 0.07391108 0.03849150 -0.28153246
v 0.06309702 0.05443537 0.11633435
v 0.06308638 -0.05444771 -0.28303742
v 0.06967467 0.04571525 -0.09740598
v 0.07024873 -0.04482813 -0.06862356
v 0.08078012 0.02046985 -0.01974263
v 0.08071763 -0.02071494 -0.14670173
v 0.07838738 0.02828188 0.18642963
v 0.07838713 -0.02828258 -0.35309823
v 0.07309406 0.04002127 0.18825952
v 0.07309360 -0.04002210 -0.35492871
v 0.06640331 0.05034923 0.19055358
v 0.06640271 -0.05035002 -0.35722304
v 0.05763027 0.06019300 0.19340917
v 0.05068752 0.06614544 0.19248890
v 0.04235127 0.07176917 0.19130192
v 0.03307758 0.07648737 0.19279048
v 0.02393092 0.07982327 0.19125748
v 0.01363773 0.08220983 0.19271592
v 0.00379144 0.08324704 0.19116727
v -0.00695510 0.08304258 0.19263923
v -0.01690733 0.08160017 0.19110052
v -0.02742244 0.07869215 0.19262877
v -0.03684744 0.07474431 0.19113317
v -0.04705106 0.06877967 0.19276875
v -0.05503417 0.06257542 0.19434460
v -0.06176902 0.05593775 0.19350071
v -0.06817677 0.04792048 0.19320877
v -0.07362104 0.03904342 0.19309175
v -0.07792790 0.02952438 0.19304494
v -0.08101179 0.01953288 0.19302879
v -0.08282042 0.00923156 0.19302590
v -0.08332446 -0.00121604 0.19302825
v -0.08251567 -0.01164510 0.19303221
v -0.08040660 -0.02189110 0.19303625
v -0.07703050 -0.03179223 0.19303983
v -0.07244085 -0.04119181 0.19304281
v -0.06671085 -0.04994104 0.19304510
v -0.05993235 -0.05790127 0.19304650
v -0.05221488 -0.06494652 0.19304644
v -0.04368429 -0.07096567 0.19304352
v -0.03448156 -0.07586479 0.19303506
v -0.02476150 -0.07956954 0.19301587
v -0.01469123 -0.08202812 0.19297621
v -0.00444756 -0.08321456 0.19289783
v 0.00578892 -0.08313202 0.19274694
v 0.01584917 -0.08181227 0.19246198
v 0.02562869 -0.07929448 0.19193523
v 0.03537606 -0.07545183 0.19098629
v 0.04437246 -0.07053744 0.19236337
v 0.05162090 -0.06541962 0.19059173
v 0.05880552 -0.05904535 0.18812542
v 0.06554527 -0.05146127 0.18730600
v 0.05762956 -0.06019367 -0.36007871
v 0.05068669 -0.06614608 -0.35915894
v 0.04235031 -0.07176973 -0.35797254
v 0.03307669 -0.07648775 -0.35946108
v 0.02393004 -0.07982354 -0.35792852
v 0.01363702 -0.08220996 -0.35938675
v 0.00379081 -0.08324706 -0.35783838
v -0.00695554 -0.08304254 -0.35930996
v -0.01690773 -0.08160008 -0.35777142
v -0.02742275 -0.07869204 -0.35929923
v -0.03684781 -0.07474413 -0.35780381
v -0.04705144 -0.06877942 -0.35943904
v -0.05503450 -0.06257515 -0.36101446
v -0.06176937 -0.05593737 -0.36017058
v -0.06817708 -0.04792004 -0.35987862
v -0.07362129 -0.03904292 -0.35976156
v -0.07792808 -0.02952388 -0.35971467
v -0.08101190 -0.01953244 -0.35969833
v -0.08282046 -0.00923125 -0.35969515
v -0.08332446 0.00121621 -0.35969706
v -0.08251567 0.01164512 -0.35970048
v -0.08040665 0.02189102 -0.35970392
v -0.07703056 0.03179206 -0.35970688
v -0.07244096 0.04119167 -0.35970925
v -0.06671094 0.04994092 -0.35971108
v -0.05993237 0.05790125 -0.35971217
v -0.05221479 0.06494660 -0.35971196
v -0.04368404 0.07096583 -0.35970910
v -0.03448117 0.07586498 -0.35970087
v -0.02476098 0.07956971 -0.35968200
v -0.01469063 0.08202823 -0.35964267
v -0.00444694 0.08321460 -0.35956463
v 0.00578946 0.08313198 -0.35941400
v 0.01584958 0.08181219 -0.35912921
v 0.02562896 0.07929440 -0.35860250
v 0.03537619 0.07545177 -0.35765356
v 0.04437242 0.07053746 -0.35903050
v 0.05162079 0.06541971 -0.35725875
v 0.05880535 0.05904552 -0.35479233
v 0.06554508 0.05146150 -0.35397279
v 0.08048346 0.02160692 0.19147894
v 0.08048333 -0.02160735 -0.35814681
v 0.08236269 0.01268202 0.08967579
v 0.08236106 -0.01269248 -0.25635712
v 0.08058481 -0.02122579 0.11247235
v 0.08058431 0.02122763 -0.27913985
v 0.07978748 0.02405000 0.00285144
v 0.07971190 -0.02429935 -0.16939938
v 0.07229500 0.04144729 -0.17485138
v 0.07234758 -0.04135542 0.00803523
v 0.07510537 0.03610579 0.12650881
v 0.07510175 -0.03611329 -0.29319450
v 0.07851871 0.02791517 -0.20780675
v 0.07852844 -0.02788781 0.04110702
v 0.07116271 0.04336258 0.12793748
v 0.07115790 -0.04337050 -0.29462592
v 0.05844510 0.05940212 0.12460127
v 0.04740212 0.06853819 0.12557792
v 0.04021506 0.07298763 0.12837704
v 0.03119542 0.07727412 0.12661460
v 0.02173915 0.08044783 0.12769983
v 0.01174562 0.08250142 0.12586304
v 0.00156960 0.08331854 0.12701498
v -0.00882110 0.08286515 0.12518165
v -0.01904740 0.08112731 0.12628696
v -0.02910448 0.07808569 0.12426433
v -0.03864933 0.07382869 0.12499917
v -0.04738415 0.06855063 0.12226060
v -0.05459981 0.06295479 0.12155048
v -0.06144473 0.05629377 0.12226915
v -0.06781979 0.04842438 0.12281881
v -0.07328452 0.03967146 0.12317040
v -0.07765190 0.03024281 0.12339790
v -0.08081979 0.02031273 0.12354865
v -0.08272531 0.01004829 0.12365071
v -0.08333246 -0.00038362 0.12372148
v -0.08262852 -0.01081535 0.12377210
v -0.08062304 -0.02108008 0.12380981
v -0.07734710 -0.03101402 0.12383929
v -0.07285260 -0.04045915 0.12386373
v -0.06721112 -0.04926571 0.12388571
v -0.06051235 -0.05729485 0.12390794
v -0.05286227 -0.06442069 0.12393400
v -0.04438085 -0.07053215 0.12396898
v -0.03519948 -0.07553437 0.12402008
v -0.02545800 -0.07934944 0.12409750
v -0.01530060 -0.08191665 0.12421546
v -0.00486777 -0.08319104 0.12439404
v 0.00572754 -0.08313627 0.12466208
v 0.01649781 -0.08168394 0.12506454
v 0.02814537 -0.07843648 0.12571163
v 0.03710833 -0.07461513 0.13250248
v 0.04493358 -0.07018131 0.12630900
v 0.05277975 -0.06448831 0.12424210
v 0.06178263 -0.05592273 0.12483994
v 0.06771373 -0.04857258 0.12346127
v 0.05843550 -0.05941160 -0.29129998
v 0.04739000 -0.06854658 -0.29228127
v 0.04020279 -0.07299437 -0.29508071
v 0.03118140 -0.07727979 -0.29332310
v 0.02172544 -0.08045154 -0.29440869
v 0.01173077 -0.08250354 -0.29257448
v 0.00155537 -0.08331881 -0.29372396
v -0.00883717 -0.08286344 -0.29189077
v -0.01906337 -0.08112356 -0.29299265
v -0.02912302 -0.07807877 -0.29097056
v -0.03866748 -0.07381919 -0.29170417
v -0.04740429 -0.06853669 -0.28896994
v -0.05461950 -0.06293771 -0.28826342
v -0.06146219 -0.05627471 -0.28898517
v -0.06783419 -0.04840421 -0.28953812
v -0.07329533 -0.03965148 -0.28989225
v -0.07765900 -0.03022458 -0.29012042
v -0.08082352 -0.02029783 -0.29026885
v -0.08272656 -0.01003796 -0.29036492
v -0.08333242 0.00038883 -0.29042583
v -0.08262846 0.01081592 -0.29046329
v -0.08062375 0.02107735 -0.29048587
v -0.07734873 0.03101000 -0.29050008
v -0.07285442 0.04045587 -0.29051100
v -0.06721177 0.04926483 -0.29052290
v -0.06051015 0.05729719 -0.29053960
v -0.05285567 0.06442610 -0.29056519
v -0.04436890 0.07053967 -0.29060448
v -0.03518215 0.07554244 -0.29066377
v -0.02543637 0.07935638 -0.29075165
v -0.01527667 0.08192110 -0.29088052
v -0.00484400 0.08319244 -0.29106863
v 0.00574879 0.08313481 -0.29134342
v 0.01651471 0.08168052 -0.29174919
v 0.02815640 0.07843252 -0.29239581
v 0.03711304 0.07461279 -0.29917987
v 0.04493698 0.07017915 -0.29298740
v 0.05278123 0.06448710 -0.29091850
v 0.06178240 0.05592298 -0.29151219
v 0.06771302 0.04857356 -0.29013171
v 0.08199669 0.01486565 0.02985179
v 0.08198119 -0.01495090 -0.19651390
v 0.08210050 0.01428115 0.11035954
v 0.08209954 -0.01428671 -0.27703692
v 0.08279035 0.00949750 -0.20046665
v 0.08279202 -0.00948292 0.03378929
v 0.07350815 0.03925554 -0.09951585
v 0.07385292 -0.03860298 -0.06666975
v 0.07406952 0.03818575 -0.11202273
v 0.07436781 -0.03760150 -0.05446369
v 0.08150056 -0.01738106 0.20074792
v 0.08150054 0.01738117 -0.36741454
v 0.08286690 -0.00880456 0.31425675
v 0.08286690 0.00880456 -0.48092342
v 0.08308927 0.00637325 0.31512902
v 0.08308927 -0.00637325 -0.48179571
v 0.07545154 0.03537669 0.17008981
v 0.07545081 -0.03537823 -0.33676096
v 0.07993263 -0.02356310 0.21092004
v 0.07993260 0.02356319 -0.37758669
v 0.07611975 -0.03391500 0.16763137
v 0.07611956 0.03391542 -0.33429802
v 0.07700233 0.03186040 0.21262913
v 0.07700223 -0.03186065 -0.37929654
v 0.07033200 0.04469738 0.21211881
v 0.07033181 -0.04469767 -0.37878646
v 0.06614323 0.05069042 0.21651196
v 0.06614304 -0.05069067 -0.38317948
v 0.06033875 0.05747765 0.21552738
v 0.05355733 0.06384400 0.21541148
v 0.04581827 0.06960698 0.21534323
v 0.03721969 0.07455963 0.21534044
v 0.02794425 0.07850835 0.21535550
v 0.01815571 0.08133152 0.21536660
v 0.00801160 0.08294733 0.21537369
v -0.00232644 0.08330085 0.21538392
v -0.01269140 0.08236123 0.21540767
v -0.02291437 0.08012100 0.21546056
v -0.03282567 0.07659581 0.21556621
v -0.04224256 0.07183321 0.21576208
v -0.05093317 0.06595648 0.21604783
v -0.05871731 0.05913308 0.21621617
v -0.06556600 0.05143485 0.21622465
v -0.07143317 0.04291558 0.21618117
v -0.07621829 0.03369296 0.21613831
v -0.07982723 0.02391773 0.21610729
v -0.08219094 0.01375121 0.21608721
v -0.08326562 0.00335881 0.21607494
v -0.08303098 -0.00709238 0.21606771
v -0.08148894 -0.01743554 0.21606358
v -0.07866294 -0.02750612 0.21606123
v -0.07459723 -0.03714429 0.21605973
v -0.06935612 -0.04619712 0.21605831
v -0.06302296 -0.05452110 0.21605615
v -0.05569904 -0.06198435 0.21605206
v -0.04750219 -0.06846887 0.21604419
v -0.03856519 -0.07387267 0.21602950
v -0.02903413 -0.07811187 0.21600308
v -0.01906615 -0.08112292 0.21595740
v -0.00882631 -0.08286458 0.21588125
v 0.00151683 -0.08331952 0.21575965
v 0.01179775 -0.08249398 0.21557585
v 0.02185963 -0.08041519 0.21532100
v 0.03154775 -0.07713096 0.21501652
v 0.04068192 -0.07272844 0.21470958
v 0.04911358 -0.06732235 0.21434377
v 0.05688881 -0.06089425 0.21415315
v 0.06349810 -0.05396698 0.21612260
v 0.06033850 -0.05747790 -0.38219500
v 0.05355706 -0.06384423 -0.38207921
v 0.04581798 -0.06960717 -0.38201110
v 0.03721940 -0.07455979 -0.38200840
v 0.02794396 -0.07850846 -0.38202352
v 0.01815546 -0.08133156 -0.38203467
v 0.00801142 -0.08294733 -0.38204175
v -0.00232656 -0.08330085 -0.38205196
v -0.01269150 -0.08236123 -0.38207567
v -0.02291444 -0.08012098 -0.38212852
v -0.03282571 -0.07659581 -0.38223410
v -0.04224258 -0.07183321 -0.38242990
v -0.05093319 -0.06595646 -0.38271556
v -0.05871735 -0.05913304 -0.38288381
v -0.06556604 -0.05143481 -0.38289225
v -0.07143321 -0.04291552 -0.38284875
v -0.07621833 -0.03369290 -0.38280585
v -0.07982725 -0.02391765 -0.38277479
v -0.08219094 -0.01375115 -0.38275465
v -0.08326562 -0.00335877 -0.38274229
v -0.08303098 0.00709238 -0.38273494
v -0.08148894 0.01743550 -0.38273067
v -0.07866296 0.02750608 -0.38272815
v -0.07459725 0.03714423 -0.38272648
v -0.06935615 0.04619706 -0.38272492
v -0.06302300 0.05452106 -0.38272265
v -0.05569906 0.06198433 -0.38271850
v -0.04750217 0.06846887 -0.38271060
v -0.03856515 0.07387269 -0.38269594
v -0.02903406 0.07811190 -0.38266958
v -0.01906604 0.08112294 -0.38262398
v -0.00882621 0.08286460 -0.38254792
v 0.00151692 0.08331952 -0.38242638
v 0.01179781 0.08249398 -0.38224265
v 0.02185967 0.08041517 -0.38198783
v 0.03154775 0.07713096 -0.38168335
v 0.04068188 0.07272846 -0.38137640
v 0.04911352 0.06732242 -0.38101054
v 0.05688873 0.06089431 -0.38081988
v 0.06349802 0.05396708 -0.38278929
v 0.06882367 -0.04698669 0.21597769
v 0.06882360 0.04698677 -0.38264435
v 0.07834108 0.02840985 0.07435206
v 0.07832758 -0.02844706 -0.24106306
v 0.07511000 0.03609617 0.15184760
v 0.07510850 -0.03609927 -0.31852296
v 0.06361844 0.05382508 0.14681423
v 0.05680200 0.06097521 0.14643748
v 0.04873935 0.06759379 0.14762440
v 0.04076542 0.07268167 0.15026735
v 0.03236585 0.07679125 0.14904554
v 0.02268463 0.08018635 0.15004542
v 0.01309550 0.08229796 0.14865479
v 0.00258090 0.08329335 0.14963654
v -0.00746537 0.08299827 0.14820331
v -0.01813348 0.08133648 0.14914308
v -0.02802494 0.07847960 0.14758813
v -0.03827988 0.07402092 0.14835194
v -0.04758819 0.06840915 0.14624083
v -0.05673548 0.06103712 0.14562731
v -0.06431390 0.05299215 0.14619846
v -0.07055135 0.04435031 0.14660525
v -0.07558475 0.03509119 0.14686523
v -0.07939517 0.02531506 0.14703263
v -0.08194335 0.01515688 0.14714263
v -0.08319685 0.00476725 0.14721617
v -0.08313852 -0.00569473 0.14726613
v -0.08176994 -0.01606619 0.14730077
v -0.07911279 -0.02618419 0.14732558
v -0.07520919 -0.03588904 0.14734435
v -0.07012123 -0.04502729 0.14736004
v -0.06393019 -0.05345442 0.14737521
v -0.05673510 -0.06103746 0.14739262
v -0.04865125 -0.06765723 0.14741579
v -0.03980833 -0.07321025 0.14744965
v -0.03034894 -0.07761048 0.14750152
v -0.02042750 -0.08079085 0.14758315
v -0.01021067 -0.08270542 0.14771475
v 0.00011875 -0.08333325 0.14793398
v 0.01034525 -0.08268869 0.14831633
v 0.02016679 -0.08085633 0.14901154
v 0.02915335 -0.07806746 0.15021219
v 0.03737198 -0.07448342 0.15191783
v 0.04505002 -0.07010662 0.14977179
v 0.05269325 -0.06455900 0.14809413
v 0.06069800 -0.05709812 0.14878835
v 0.06361490 -0.05382927 -0.31349565
v 0.05679750 -0.06097942 -0.31312123
v 0.04873431 -0.06759742 -0.31430933
v 0.04076067 -0.07268433 -0.31695177
v 0.03236075 -0.07679340 -0.31573183
v 0.02267998 -0.08018767 -0.31673179
v 0.01309087 -0.08229869 -0.31534242
v 0.00257696 -0.08329348 -0.31632312
v -0.00746942 -0.08299790 -0.31489025
v -0.01813715 -0.08133565 -0.31582833
v -0.02802915 -0.07847810 -0.31427358
v -0.03828410 -0.07401873 -0.31503633
v -0.04759333 -0.06840556 -0.31292681
v -0.05674085 -0.06103213 -0.31231454
v -0.06431860 -0.05298644 -0.31288615
v -0.07055519 -0.04434421 -0.31329348
v -0.07558752 -0.03508521 -0.31355365
v -0.07939685 -0.02530975 -0.31372050
v -0.08194413 -0.01515271 -0.31382885
v -0.08319702 -0.00476458 -0.31389950
v -0.08313846 0.00569583 -0.31394535
v -0.08176998 0.01606596 -0.31397500
v -0.07911313 0.02618313 -0.31399442
v -0.07520977 0.03588781 -0.31400806
v -0.07012175 0.04502648 -0.31401942
v -0.06393015 0.05345446 -0.31403163
v -0.05673398 0.06103852 -0.31404773
v -0.04864858 0.06765915 -0.31407131
v -0.03980396 0.07321262 -0.31410706
v -0.03034300 0.07761281 -0.31416194
v -0.02042046 0.08079262 -0.31424708
v -0.01020323 0.08270633 -0.31438206
v 0.00012579 0.08333323 -0.31460402
v 0.01035119 0.08268796 -0.31498806
v 0.02017119 0.08085523 -0.31568373
v 0.02915610 0.07806642 -0.31688377
v 0.03737331 0.07448275 -0.31858829
v 0.04505073 0.07010619 -0.31644190
v 0.05269344 0.06455885 -0.31476373
v 0.06069775 0.05709840 -0.31545688
v 0.06735629 -0.04906704 0.15562350
v 0.06735594 0.04906754 -0.32229092
v 0.06949190 0.04599263 0.15003662
v 0.06948942 -0.04599635 -0.31671500
v 0.08154794 0.01715744 0.00233463
v 0.08151288 -0.01732329 -0.16891517
v 0.06411258 0.05323552 0.08199867
v 0.05699990 0.06079025 0.08215340
v 0.04771317 0.06832202 0.08158225
v 0.03845808 0.07392848 0.07991983
v 0.02891527 0.07815594 0.07892858
v 0.01897592 0.08114406 0.07829742
v 0.00875300 0.08287237 0.07787292
v -0.00160606 0.08331785 0.07756267
v -0.01194181 0.08247325 0.07730594
v -0.02208958 0.08035231 0.07706400
v -0.03188440 0.07699240 0.07682162
v -0.04116765 0.07245460 0.07659125
v -0.04979840 0.06681740 0.07640763
v -0.05765975 0.06016475 0.07630148
v -0.06464885 0.05258298 0.07627196
v -0.07066396 0.04417069 0.07629158
v -0.07560527 0.03504692 0.07633071
v -0.07938425 0.02534923 0.07637285
v -0.08192975 0.01523023 0.07641508
v -0.08319183 0.00485423 0.07646013
v -0.08314431 -0.00560973 0.07650806
v -0.08178440 -0.01599237 0.07655929
v -0.07913267 -0.02612402 0.07661500
v -0.07523302 -0.03583902 0.07667098
v -0.07015006 -0.04498238 0.07672100
v -0.06396617 -0.05341135 0.07676106
v -0.05677977 -0.06099592 0.07679006
v -0.04870325 -0.06761981 0.07681006
v -0.03986073 -0.07318175 0.07682667
v -0.03038558 -0.07759615 0.07684852
v -0.02041833 -0.08079317 0.07688667
v -0.01010704 -0.08271815 0.07695381
v 0.00038723 -0.08333244 0.07706365
v 0.01088433 -0.08261946 0.07723190
v 0.02119256 -0.08059354 0.07749794
v 0.03115621 -0.07728994 0.07799277
v 0.04069848 -0.07271919 0.07876506
v 0.04959344 -0.06696967 0.07898192
v 0.05758687 -0.06023450 0.07960771
v 0.06454673 -0.05270829 0.08103115
v 0.06408681 -0.05326654 -0.24873298
v 0.05696335 -0.06082450 -0.24888721
v 0.04765831 -0.06836029 -0.24832898
v 0.03838779 -0.07396500 -0.24669044
v 0.02883756 -0.07818465 -0.24571371
v 0.01889267 -0.08116348 -0.24508367
v 0.00866063 -0.08288208 -0.24465075
v -0.00171308 -0.08331573 -0.24432631
v -0.01206790 -0.08245490 -0.24405550
v -0.02223454 -0.08031233 -0.24380744
v -0.03204167 -0.07692708 -0.24357325
v -0.04132610 -0.07236433 -0.24336644
v -0.04994565 -0.06670740 -0.24321706
v -0.05778602 -0.06004348 -0.24314771
v -0.06474965 -0.05245881 -0.24315150
v -0.07073906 -0.04405031 -0.24319804
v -0.07565629 -0.03493665 -0.24325604
v -0.07941350 -0.02525748 -0.24330494
v -0.08194154 -0.01516663 -0.24333442
v -0.08319352 -0.00482510 -0.24334069
v -0.08314467 0.00560431 -0.24332463
v -0.08179077 0.01595979 -0.24329283
v -0.07914752 0.02607900 -0.24325698
v -0.07525235 0.03579844 -0.24322885
v -0.07016523 0.04495869 -0.24321442
v -0.06396673 0.05341069 -0.24321531
v -0.05675558 0.06101842 -0.24323306
v -0.04864671 0.06766050 -0.24327065
v -0.03976883 0.07323173 -0.24333169
v -0.03026165 0.07764456 -0.24341773
v -0.02027283 0.08082979 -0.24352862
v -0.00995671 0.08273637 -0.24366396
v 0.00052417 0.08333169 -0.24382467
v 0.01099496 0.08260481 -0.24401938
v 0.02127200 0.08057263 -0.24429010
v 0.03120548 0.07727006 -0.24477371
v 0.04072285 0.07270552 -0.24552402
v 0.04960154 0.06696367 -0.24571579
v 0.05758658 0.06023479 -0.24631802
v 0.06454348 0.05271227 -0.24772375
v 0.07007379 0.04510108 0.08412702
v 0.07005465 -0.04513081 -0.25085506
v 0.07084975 -0.04387206 0.08366579
v 0.07084629 0.04387765 -0.25034742
v 0.07560169 0.03505467 0.08645975
v 0.07558942 -0.03508110 -0.25317304
v 0.08246546 0.01199554 0.00743288
v 0.08245027 -0.01209950 -0.17405227
v 0.07965721 0.02447800 -0.13236992
v 0.07973298 -0.02423008 -0.03429406
v 0.08151133 0.01733050 0.29602169
v 0.08151133 -0.01733050 -0.46268835
v 0.08136492 0.01800542 -0.14763050
v 0.08139385 -0.01787417 -0.01905956
v 0.08266096 -0.01056460 -0.01859723
v 0.08265129 0.01063998 -0.14808027
v 0.07373715 0.03882369 -0.12528542
v 0.07399350 -0.03833281 -0.04140263
v 0.08166923 -0.01657050 0.32255477
v 0.08166923 0.01657050 -0.48922144
v 0.07779194 -0.02988073 0.23662210
v 0.07779194 0.02988077 -0.40328875
v 0.08258006 0.01117940 -0.05268869
v 0.08257162 -0.01124148 -0.11377608
v 0.08082733 -0.02028267 0.03446402
v 0.08082015 0.02031133 -0.20115675
v 0.07950625 -0.02496396 0.32558608
v 0.07950625 0.02496396 -0.49225275
v 0.07549079 -0.03529283 0.32745548
v 0.07549079 0.03529283 -0.49412215
v 0.07046808 -0.04448250 0.32501056
v 0.07046808 0.04448250 -0.49167723
v 0.05700608 0.06078446 0.32581027
v 0.04900856 0.06739885 0.32579094
v 0.04021792 0.07298606 0.32577594
v 0.03078006 0.07744050 0.32576869
v 0.02084875 0.08068317 0.32576621
v 0.01058325 0.08265856 0.32576600
v 0.00014715 0.08333321 0.32576675
v -0.01029390 0.08269510 0.32576787
v -0.02057438 0.08075356 0.32576915
v -0.03053152 0.07753883 0.32577050
v -0.04000779 0.07310144 0.32577185
v -0.04885344 0.06751138 0.32577313
v -0.05692881 0.06085683 0.32577421
v -0.06410652 0.05324281 0.32577502
v -0.07027344 0.04478937 0.32577550
v -0.07533238 0.03562975 0.32577567
v -0.07920358 0.02590825 0.32577560
v -0.08182600 0.01577810 0.32577540
v -0.08315825 0.00539900 0.32577510
v -0.08317923 -0.00506546 0.32577479
v -0.08188856 -0.01545019 0.32577454
v -0.07930652 -0.02559142 0.32577433
v -0.07547379 -0.03532919 0.32577417
v -0.07045079 -0.04450988 0.32577402
v -0.06431673 -0.05298869 0.32577392
v -0.05716833 -0.06063190 0.32577377
v -0.04911831 -0.06731892 0.32577356
v -0.04029358 -0.07294431 0.32577317
v -0.03083335 -0.07741929 0.32577246
v -0.02088692 -0.08067329 0.32577115
v -0.01061135 -0.08265496 0.32576873
v -0.00016925 -0.08333317 0.32576440
v 0.01027377 -0.08269760 0.32575673
v 0.02055156 -0.08075937 0.32574342
v 0.03050002 -0.07755123 0.32572046
v 0.03996025 -0.07312744 0.32568085
v 0.04878285 -0.06756240 0.32561217
v 0.05683585 -0.06094367 0.32549396
v 0.06402706 -0.05333835 0.32529723
v 0.05700608 -0.06078446 -0.49247694
v 0.04900856 -0.06739885 -0.49245760
v 0.04021792 -0.07298606 -0.49244260
v 0.03078006 -0.07744050 -0.49243535
v 0.02084875 -0.08068317 -0.49243287
v 0.01058325 -0.08265856 -0.49243267
v 0.00014715 -0.08333321 -0.49243342
v -0.01029390 -0.08269510 -0.49243454
v -0.02057438 -0.08075356 -0.49243581
v -0.03053152 -0.07753883 -0.49243717
v -0.04000779 -0.07310144 -0.49243852
v -0.04885344 -0.06751138 -0.49243979
v -0.05692881 -0.06085683 -0.49244087
v -0.06410652 -0.05324281 -0.49244169
v -0.07027344 -0.04478937 -0.49244217
v -0.07533238 -0.03562975 -0.49244233
v -0.07920358 -0.02590825 -0.49244227
v -0.08182600 -0.01577810 -0.49244206
v -0.08315825 -0.00539900 -0.49244177
v -0.08317923 0.00506546 -0.49244146
v -0.08188856 0.01545019 -0.49244121
v -0.07930652 0.02559142 -0.49244100
v -0.07547379 0.03532919 -0.49244083
v -0.07045079 0.04450988 -0.49244069
v -0.06431673 0.05298869 -0.49244058
v -0.05716833 0.06063190 -0.49244044
v -0.04911831 0.06731892 -0.49244023
v -0.04029358 0.07294431 -0.49243983
v -0.03083335 0.07741929 -0.49243913
v -0.02088692 0.08067329 -0.49243781
v -0.01061135 0.08265496 -0.49243540
v -0.00016925 0.08333317 -0.49243106
v 0.01027377 0.08269760 -0.49242340
v 0.02055156 0.08075937 -0.49241008
v 0.03050002 0.07755123 -0.49238712
v 0.03996025 0.07312744 -0.49234752
v 0.04878285 0.06756240 -0.49227883
v 0.05683585 0.06094367 -0.49216063
v 0.06402706 0.05333835 -0.49196390
v 0.06408398 0.05326996 0.32579488
v 0.06408398 -0.05326996 -0.49246154
v 0.07016871 0.04495327 0.32563367
v 0.07016871 -0.04495327 -0.49230033
v 0.07524704 0.03580958 0.32526694
v 0.07524704 -0.03580958 -0.49193360
v 0.07939852 0.02530456 0.32463973
v 0.07939852 -0.02530456 -0.49130640
v 0.08215102 0.01398771 0.32607415
v 0.08215102 -0.01398771 -0.49274081
v 0.08076662 0.02052304 0.20115213
v 0.08076656 -0.02052333 -0.36781958
v 0.06444838 0.05282850 0.28293800
v 0.05724629 0.06055829 0.28291850
v 0.04936492 0.06713829 0.28291967
v 0.04071835 0.07270804 0.28295356
v 0.03141794 0.07718392 0.28298958
v 0.02160154 0.08048490 0.28301908
v 0.01142160 0.08254690 0.28304156
v 0.00104002 0.08332683 0.28305927
v -0.00937604 0.08280419 0.28307473
v -0.01965794 0.08098154 0.28309000
v -0.02963898 0.07788437 0.28310619
v -0.03915758 0.07356038 0.28312323
v -0.04806056 0.06807808 0.28313994
v -0.05620608 0.06152496 0.28315450
v -0.06346585 0.05400492 0.28316525
v -0.06972646 0.04563623 0.28317150
v -0.07489038 0.03654965 0.28317367
v -0.07887671 0.02688698 0.28317283
v -0.08162248 0.01679929 0.28317033
v -0.08308373 0.00644496 0.28316721
v -0.08323665 -0.00401296 0.28316417
v -0.08207810 -0.01440940 0.28316156
v -0.07962577 -0.02458008 0.28315948
v -0.07591800 -0.03436425 0.28315787
v -0.07101304 -0.04360725 0.28315658
v -0.06498817 -0.05216304 0.28315531
v -0.05793835 -0.05989650 0.28315373
v -0.04997485 -0.06668552 0.28315127
v -0.04122340 -0.07242290 0.28314710
v -0.03182242 -0.07701804 0.28313988
v -0.02192110 -0.08039844 0.28312754
v -0.01167733 -0.08251113 0.28310681
v -0.00125562 -0.08332387 0.28307281
v 0.00917537 -0.08282667 0.28301823
v 0.01944569 -0.08103277 0.28293267
v 0.02938742 -0.07797965 0.28280237
v 0.03883625 -0.07373052 0.28261254
v 0.04761742 -0.06838877 0.28235496
v 0.05545590 -0.06220200 0.28201752
v 0.06228971 -0.05535733 0.28081560
v 0.06444838 -0.05282852 -0.44960469
v 0.05724629 -0.06055829 -0.44958519
v 0.04936490 -0.06713829 -0.44958635
v 0.04071833 -0.07270806 -0.44962027
v 0.03141794 -0.07718392 -0.44965629
v 0.02160154 -0.08048490 -0.44968577
v 0.01142160 -0.08254690 -0.44970827
v 0.00104002 -0.08332683 -0.44972596
v -0.00937604 -0.08280419 -0.44974144
v -0.01965796 -0.08098154 -0.44975671
v -0.02963898 -0.07788437 -0.44977287
v -0.03915758 -0.07356038 -0.44978992
v -0.04806056 -0.06807808 -0.44980662
v -0.05620608 -0.06152496 -0.44982119
v -0.06346585 -0.05400492 -0.44983194
v -0.06972646 -0.04563623 -0.44983819
v -0.07489038 -0.03654965 -0.44984033
v -0.07887671 -0.02688698 -0.44983952
v -0.08162248 -0.01679929 -0.44983702
v -0.08308373 -0.00644496 -0.44983390
v -0.08323665 0.00401296 -0.44983083
v -0.08207810 0.01440940 -0.44982823
v -0.07962577 0.02458008 -0.44982617
v -0.07591800 0.03436425 -0.44982456
v -0.07101304 0.04360725 -0.44982325
v -0.06498817 0.05216304 -0.44982198
v -0.05793835 0.05989650 -0.44982040
v -0.04997485 0.06668552 -0.44981794
v -0.04122340 0.07242290 -0.44981377
v -0.03182242 0.07701804 -0.44980654
v -0.02192110 0.08039844 -0.44979419
v -0.01167733 0.08251113 -0.44977348
v -0.00125562 0.08332387 -0.44973948
v 0.00917537 0.08282667 -0.44968490
v 0.01944569 0.08103277 -0.44959933
v 0.02938742 0.07797965 -0.44946904
v 0.03883623 0.07373052 -0.44927921
v 0.04761742 0.06838879 -0.44902162
v 0.05545590 0.06220200 -0.44868419
v 0.06228971 0.05535735 -0.44748227
v 0.06853150 -0.04741179 0.27914058
v 0.06853150 0.04741179 -0.44580725
v 0.07476183 0.03681183 0.28313902
v 0.07476183 -0.03681185 -0.44980571
v 0.06961975 0.04579887 -0.01449406
v 0.06912123 -0.04654781 -0.15167850
v 0.06683754 0.04977135 0.22528408
v 0.06683742 -0.04977152 -0.39195131
v 0.07801302 0.02929871 -0.03456350
v 0.07786402 -0.02969240 -0.13160692
v 0.06376090 0.05365625 0.09218765
v 0.05222554 0.06493794 0.09685787
v 0.06374052 -0.05368044 -0.25891279
v 0.05219706 -0.06496085 -0.26358815
v 0.07800319 0.02932488 -0.10970729
v 0.07815548 -0.02891652 -0.05676375
v 0.08100425 -0.01956417 0.14362921
v 0.08100408 0.01956479 -0.31029581
v 0.08138898 0.01789629 -0.03903223
v 0.08135004 -0.01807250 -0.12734425
v 0.08031967 0.02220798 0.16873552
v 0.08031935 -0.02220910 -0.33540515
v 0.08149542 0.01740519 -0.04777050
v 0.08146706 -0.01753748 -0.11857404
v 0.07058929 0.04428990 0.26486696
v 0.07058929 -0.04428992 -0.43153367
v 0.06446035 0.05281390 0.26262744
v 0.06446033 -0.05281392 -0.42929419
v 0.05738192 0.06042981 0.26273717
v 0.04953673 0.06701162 0.26300035
v 0.04095667 0.07257406 0.26318815
v 0.03173129 0.07705563 0.26330396
v 0.02198269 0.08038162 0.26337413
v 0.01185573 0.08248567 0.26341838
v 0.00150938 0.08331967 0.26344956
v -0.00888952 0.08285783 0.26347615
v -0.01917090 0.08109821 0.26350367
v -0.02916527 0.07806300 0.26353521
v -0.03870737 0.07379827 0.26357092
v -0.04764040 0.06837277 0.26360769
v -0.05582050 0.06187500 0.26364008
v -0.06311973 0.05440904 0.26366329
v -0.06942633 0.04609152 0.26367567
v -0.07464392 0.03705035 0.26367894
v -0.07869135 0.02742473 0.26367640
v -0.08150419 0.01736410 0.26367108
v -0.08303660 0.00702604 0.26366515
v -0.08326285 -0.00342642 0.26365975
v -0.08217804 -0.01382802 0.26365533
v -0.07979831 -0.02401400 0.26365194
v -0.07616067 -0.03382304 0.26364935
v -0.07132215 -0.04309985 0.26364721
v -0.06535900 -0.05169765 0.26364504
v -0.05836540 -0.05948046 0.26364223
v -0.05045194 -0.06632531 0.26363779
v -0.04174406 -0.07212404 0.26363029
v -0.03238015 -0.07678523 0.26361760
v -0.02250967 -0.08023565 0.26359646
v -0.01229110 -0.08242192 0.26356221
v -0.00188958 -0.08331192 0.26350819
v 0.00852581 -0.08289604 0.26342519
v 0.01878583 -0.08118829 0.26330050
v 0.02872704 -0.07822531 0.26311679
v 0.03820583 -0.07405917 0.26285217
v 0.04714787 -0.06871333 0.26249462
v 0.05580725 -0.06188696 0.26217115
v 0.06240188 -0.05523090 0.25942700
v 0.05738188 -0.06042983 -0.42940392
v 0.04953671 -0.06701165 -0.42966712
v 0.04095665 -0.07257408 -0.42985492
v 0.03173127 -0.07705565 -0.42997073
v 0.02198267 -0.08038162 -0.43004090
v 0.01185571 -0.08248567 -0.43008515
v 0.00150935 -0.08331967 -0.43011633
v -0.00888952 -0.08285783 -0.43014292
v -0.01917092 -0.08109821 -0.43017044
v -0.02916527 -0.07806300 -0.43020196
v -0.03870737 -0.07379827 -0.43023769
v -0.04764040 -0.06837277 -0.43027444
v -0.05582050 -0.06187500 -0.43030683
v -0.06311973 -0.05440904 -0.43033002
v -0.06942633 -0.04609152 -0.43034240
v -0.07464392 -0.03705035 -0.43034567
v -0.07869135 -0.02742473 -0.43034310
v -0.08150419 -0.01736410 -0.43033781
v -0.08303660 -0.00702606 -0.43033187
v -0.08326285 0.00342642 -0.43032646
v -0.08217804 0.01382802 -0.43032204
v -0.07979833 0.02401400 -0.43031862
v -0.07616067 0.03382304 -0.43031602
v -0.07132215 0.04309985 -0.43031388
v -0.06535900 0.05169765 -0.43031173
v -0.05836540 0.05948046 -0.43030890
v -0.05045194 0.06632529 -0.43030444
v -0.04174406 0.07212404 -0.43029696
v -0.03238015 0.07678523 -0.43028427
v -0.02250967 0.08023565 -0.43026312
v -0.01229110 0.08242192 -0.43022887
v -0.00188958 0.08331192 -0.43017485
v 0.00852581 0.08289604 -0.43009188
v 0.01878581 0.08118829 -0.42996719
v 0.02872704 0.07822533 -0.42978346
v 0.03820583 0.07405917 -0.42951883
v 0.04714785 0.06871335 -0.42916129
v 0.05580723 0.06188698 -0.42883783
v 0.06240185 0.05523092 -0.42609367
v 0.08309483 -0.00630017 -0.20915021
v 0.08309681 0.00627398 0.04247935
v 0.08231033 0.01301746 -0.14028929
v 0.08232742 -0.01290890 -0.02638227
v 0.06315844 0.05436410 -0.11775258
v 0.06388656 -0.05350654 -0.04926692
v 0.07944217 -0.02516715 0.31619996
v 0.07944217 0.02516715 -0.48286662
v 0.07719977 -0.03137896 0.32251869
v 0.07719977 0.03137896 -0.48918535
v 0.07377188 -0.03875763 0.32064758
v 0.07377188 0.03875763 -0.48731425
v 0.06721235 -0.04926402 0.32109171
v 0.06721235 0.04926402 -0.48775838
v 0.05311400 0.06421329 0.32204981
v 0.04472869 0.07031208 0.32202190
v 0.03561413 0.07533975 0.32200656
v 0.02592317 0.07919871 0.32200056
v 0.01581379 0.08181912 0.32199931
v 0.00544835 0.08315504 0.32200017
v -0.00500775 0.08318273 0.32200181
v -0.01538821 0.08190023 0.32200377
v -0.02552823 0.07932688 0.32200588
v -0.03526700 0.07550287 0.32200804
v -0.04445031 0.07048840 0.32201017
v -0.05293300 0.06436258 0.32201208
v -0.06058110 0.05722215 0.32201363
v -0.06727410 0.04917969 0.32201467
v -0.07290650 0.04036196 0.32201521
v -0.07738958 0.03090787 0.32201529
v -0.08065271 0.02096633 0.32201506
v -0.08264431 0.01069396 0.32201467
v -0.08333296 0.00025269 0.32201421
v -0.08270763 -0.01019285 0.32201377
v -0.08077808 -0.02047792 0.32201340
v -0.07757471 -0.03044025 0.32201310
v -0.07314796 -0.03992271 0.32201288
v -0.06756760 -0.04877565 0.32201267
v -0.06092163 -0.05685948 0.32201246
v -0.05331483 -0.06404665 0.32201219
v -0.04486715 -0.07022381 0.32201171
v -0.03571181 -0.07529350 0.32201085
v -0.02599329 -0.07917571 0.32200927
v -0.01586508 -0.08180919 0.32200637
v -0.00548754 -0.08315246 0.32200123
v 0.00497465 -0.08318471 0.32199217
v 0.01535467 -0.08190652 0.32197648
v 0.02548629 -0.07934037 0.32194969
v 0.03520656 -0.07553106 0.32190402
v 0.04435983 -0.07054538 0.32182575
v 0.05280473 -0.06446785 0.32169094
v 0.06042908 -0.05738267 0.32146217
v 0.05311400 -0.06421329 -0.48871648
v 0.04472869 -0.07031208 -0.48868856
v 0.03561413 -0.07533975 -0.48867323
v 0.02592317 -0.07919871 -0.48866723
v 0.01581379 -0.08181912 -0.48866598
v 0.00544835 -0.08315504 -0.48866683
v -0.00500775 -0.08318273 -0.48866848
v -0.01538821 -0.08190023 -0.48867044
v -0.02552823 -0.07932688 -0.48867254
v -0.03526700 -0.07550287 -0.48867473
v -0.04445031 -0.07048840 -0.48867683
v -0.05293300 -0.06436258 -0.48867875
v -0.06058110 -0.05722215 -0.48868029
v -0.06727410 -0.04917969 -0.48868133
v -0.07290650 -0.04036196 -0.48868187
v -0.07738958 -0.03090787 -0.48868196
v -0.08065271 -0.02096633 -0.48868173
v -0.08264431 -0.01069396 -0.48868133
v -0.08333296 -0.00025269 -0.48868087
v -0.08270763 0.01019285 -0.48868044
v -0.08077808 0.02047792 -0.48868006
v -0.07757471 0.03044025 -0.48867977
v -0.07314796 0.03992271 -0.48867954
v -0.06756760 0.04877565 -0.48867933
v -0.06092163 0.05685948 -0.48867913
v -0.05331483 0.06404665 -0.48867885
v -0.04486715 0.07022381 -0.48867838
v -0.03571181 0.07529350 -0.48867752
v -0.02599329 0.07917571 -0.48867594
v -0.01586508 0.08180919 -0.48867304
v -0.00548754 0.08315246 -0.48866790
v 0.00497465 0.08318471 -0.48865883
v 0.01535467 0.08190652 -0.48864315
v 0.02548629 0.07934037 -0.48861635
v 0.03520656 0.07553106 -0.48857069
v 0.04435983 0.07054538 -0.48849242
v 0.05280473 0.06446785 -0.48835760
v 0.06042908 0.05738267 -0.48812883
v 0.06062710 0.05717342 0.32207121
v 0.06062710 -0.05717342 -0.48873787
v 0.06716583 0.04932744 0.32197785
v 0.06716583 -0.04932744 -0.48864452
v 0.07271906 0.04069867 0.32158077
v 0.07271906 -0.04069867 -0.48824744
v 0.07737402 0.03094683 0.32076675
v 0.07737402 -0.03094683 -0.48743342
v 0.08240823 0.01238252 0.31792510
v 0.08240823 -0.01238252 -0.48459177
v 0.08112848 0.01904246 0.32102963
v 0.08112848 -0.01904246 -0.48769629
v 0.08137810 0.01794571 -0.06474633
v 0.08137654 -0.01795281 -0.10154542
v 0.07873125 -0.02730996 0.29251100
v 0.07873125 0.02730996 -0.45917767
v 0.07604777 0.03407613 0.27371438
v 0.07604775 -0.03407613 -0.44038106
v 0.06775869 0.04850983 -0.07839683
v 0.06833456 -0.04769521 -0.08664579
v 0.07735908 0.03098413 0.29751281
v 0.07735908 -0.03098413 -0.46417948
v 0.06658415 0.05010983 0.29891537
v 0.06658415 -0.05010983 -0.46558204
v 0.06059208 0.05721052 0.29802146
v 0.06059208 -0.05721052 -0.46468815
v 0.05322615 0.06412037 0.29777348
v 0.04494858 0.07017171 0.29769721
v 0.03592575 0.07519165 0.29767848
v 0.02630967 0.07907115 0.29767985
v 0.01625700 0.08173221 0.29768737
v 0.00593010 0.08312206 0.29769610
v -0.00450460 0.08321150 0.29770473
v -0.01487910 0.08199425 0.29771331
v -0.02502646 0.07948660 0.29772212
v -0.03478377 0.07572671 0.29773127
v -0.04399494 0.07077350 0.29774035
v -0.05251333 0.06470544 0.29774867
v -0.06020415 0.05761862 0.29775537
v -0.06694638 0.04962485 0.29775992
v -0.07263425 0.04084988 0.29776223
v -0.07717848 0.03143129 0.29776262
v -0.08050756 0.02151690 0.29776171
v -0.08256877 0.01126246 0.29776010
v -0.08332921 0.00082933 0.29775829
v -0.08277644 -0.00961798 0.29775660
v -0.08091879 -0.01991462 0.29775519
v -0.07778529 -0.02989802 0.29775406
v -0.07342519 -0.03941050 0.29775317
v -0.06790708 -0.04830188 0.29775242
v -0.06131800 -0.05643179 0.29775160
v -0.05376177 -0.06367194 0.29775046
v -0.04535756 -0.06990804 0.29774856
v -0.03623804 -0.07504165 0.29774523
v -0.02654733 -0.07899167 0.29773933
v -0.01643915 -0.08169577 0.29772904
v -0.00607465 -0.08311162 0.29771137
v 0.00437971 -0.08321817 0.29768165
v 0.01475444 -0.08201677 0.29763260
v 0.02487944 -0.07953275 0.29755323
v 0.03458581 -0.07581731 0.29742663
v 0.04370652 -0.07095200 0.29722454
v 0.05207896 -0.06505556 0.29688831
v 0.05958102 -0.05826273 0.29628223
v 0.05322615 -0.06412037 -0.46444017
v 0.04494858 -0.07017171 -0.46436390
v 0.03592575 -0.07519167 -0.46434517
v 0.02630967 -0.07907115 -0.46434652
v 0.01625700 -0.08173221 -0.46435404
v 0.00593010 -0.08312206 -0.46436277
v -0.00450460 -0.08321150 -0.46437142
v -0.01487910 -0.08199425 -0.46437998
v -0.02502646 -0.07948660 -0.46438881
v -0.03478377 -0.07572671 -0.46439794
v -0.04399494 -0.07077350 -0.46440704
v -0.05251333 -0.06470544 -0.46441533
v -0.06020415 -0.05761862 -0.46442204
v -0.06694638 -0.04962485 -0.46442660
v -0.07263425 -0.04084988 -0.46442890
v -0.07717848 -0.03143129 -0.46442929
v -0.08050756 -0.02151690 -0.46442837
v -0.08256877 -0.01126246 -0.46442677
v -0.08332921 -0.00082933 -0.46442496
v -0.08277644 0.00961798 -0.46442327
v -0.08091879 0.01991462 -0.46442185
v -0.07778529 0.02989802 -0.46442073
v -0.07342519 0.03941050 -0.46441983
v -0.06790708 0.04830188 -0.46441908
v -0.06131800 0.05643179 -0.46441827
v -0.05376177 0.06367194 -0.46441712
v -0.04535756 0.06990804 -0.46441523
v -0.03623804 0.07504165 -0.46441190
v -0.02654733 0.07899167 -0.46440600
v -0.01643915 0.08169577 -0.46439571
v -0.00607465 0.08311162 -0.46437804
v 0.00437971 0.08321817 -0.46434831
v 0.01475444 0.08201677 -0.46429927
v 0.02487944 0.07953275 -0.46421990
v 0.03458581 0.07581731 -0.46409329
v 0.04370650 0.07095200 -0.46389121
v 0.05207896 0.06505556 -0.46355498
v 0.05958102 0.05826273 -0.46294890
v 0.06617467 -0.05064935 0.29529400
v 0.06617467 0.05064935 -0.46196067
v 0.07168612 -0.04249171 0.29427456
v 0.07168610 0.04249171 -0.46094123
v 0.07143908 0.04290573 0.29719533
v 0.07143908 -0.04290573 -0.46386200
v 0.05716306 0.06063687 -0.07321006
v 0.05892258 -0.05892854 -0.09020869
v 0.04964004 0.06693512 -0.07208654
v 0.04808108 0.06806360 -0.09186792
v 0.04149196 0.07226938 -0.07124871
v 0.04182123 0.07207933 -0.09317017
v 0.03272077 0.07664069 -0.07082025
v 0.03342117 0.07633788 -0.09410794
v 0.02323879 0.08002752 -0.07078477
v 0.02405729 0.07978529 -0.09457785
v 0.01332202 0.08226158 -0.07109344
v 0.01424308 0.08210712 -0.09488248
v 0.00326723 0.08326925 -0.07166019
v 0.00428196 0.08322325 -0.09517906
v -0.00668021 0.08306515 -0.07247594
v -0.00558415 0.08314602 -0.09550829
v -0.01626704 0.08173021 -0.07360344
v -0.01513181 0.08194798 -0.09585581
v -0.02511938 0.07945729 -0.07512485
v -0.02418342 0.07974715 -0.09614898
v -0.03222344 0.07685112 -0.07689685
v -0.03262517 0.07668144 -0.09623390
v -0.04400098 0.07076975 -0.07741569
v -0.04434935 0.07055196 -0.09195948
v -0.05465446 0.06290735 -0.07329004
v -0.05490052 0.06269273 -0.09251173
v -0.06088723 0.05689631 -0.07393856
v -0.06023365 0.05758777 -0.09408604
v -0.06574296 0.05120846 -0.07544504
v -0.06586448 0.05105206 -0.09491256
v -0.07307312 0.04005948 -0.07632171
v -0.07314665 0.03992508 -0.09097175
v -0.07842042 0.02819012 -0.07322425
v -0.07847129 0.02804821 -0.09147152
v -0.08054425 0.02137915 -0.07455046
v -0.08059023 0.02120515 -0.09272267
v -0.08288773 0.00860633 -0.07484860
v -0.08290744 0.00841425 -0.08936838
v -0.08319085 -0.00487092 -0.07034533
v -0.08317777 -0.00508960 -0.09031052
v -0.08213231 -0.01409704 -0.07039425
v -0.08232990 -0.01289308 -0.09226754
v -0.07997835 -0.02340744 -0.07086623
v -0.08031758 -0.02221558 -0.09372031
v -0.07674123 -0.03248429 -0.07146744
v -0.07708427 -0.03166167 -0.09452408
v -0.07245400 -0.04116869 -0.07184240
v -0.07271090 -0.04071327 -0.09494188
v -0.06711713 -0.04939369 -0.07198081
v -0.06729827 -0.04914658 -0.09515246
v -0.06074887 -0.05704400 -0.07208352
v -0.06096058 -0.05681771 -0.09527008
v -0.05347300 -0.06391465 -0.07244902
v -0.05385144 -0.06359613 -0.09537317
v -0.04570263 -0.06968296 -0.07346360
v -0.04615804 -0.06938213 -0.09545817
v -0.03874765 -0.07377712 -0.07510404
v -0.03807737 -0.07412527 -0.09537769
v -0.02578598 -0.07924346 -0.07545456
v -0.02525658 -0.07941379 -0.09069100
v -0.01215154 -0.08244260 -0.07075285
v -0.01164700 -0.08251540 -0.09114229
v -0.00273010 -0.08328860 -0.07083406
v -0.00373715 -0.08324950 -0.09293554
v 0.00687392 -0.08304935 -0.07145731
v 0.00569202 -0.08313871 -0.09424325
v 0.01627219 -0.08172919 -0.07248029
v 0.01524862 -0.08192633 -0.09498546
v 0.02499337 -0.07949702 -0.07377844
v 0.02447525 -0.07965806 -0.09534915
v 0.03194213 -0.07696846 -0.07515598
v 0.03336502 -0.07636244 -0.09527010
v 0.04375910 -0.07091958 -0.07318481
v 0.04182977 -0.07207437 -0.09555017
v 0.04983715 -0.06678850 -0.07378177
v 0.05345498 -0.06392973 -0.09059738
v 0.05769852 0.06012758 -0.09534340
v 0.05949298 -0.05835263 -0.07019954
v 0.06277933 0.05480146 -0.09554667
v 0.06395040 -0.05343025 -0.07022619
v 0.08015365 0.02279996 -0.09126138
v 0.08022719 -0.02253983 -0.07506927
v 0.07915277 -0.02606304 0.26894115
v 0.07915277 0.02606304 -0.43560781
v 0.07913204 -0.02612596 0.24561081
v 0.07913202 0.02612598 -0.41227746
v 0.07543231 -0.03541767 0.27315944
v 0.07543231 0.03541767 -0.43982610
v 0.07061885 -0.04424275 0.27120777
v 0.07061885 0.04424277 -0.43787444
v 0.06481377 -0.05237958 0.27206025
v 0.06481377 0.05237958 -0.43872692
v 0.05346365 0.06392248 0.27560529
v 0.04520137 0.07000915 0.27570871
v 0.03623467 0.07504327 0.27578715
v 0.02668348 0.07894577 0.27584277
v 0.01668829 0.08164525 0.27588106
v 0.00640415 0.08308690 0.27590829
v -0.00400483 0.08323704 0.27592983
v -0.01437031 0.08208494 0.27594973
v -0.02452348 0.07964323 0.27597052
v -0.03429871 0.07594765 0.27599310
v -0.04353702 0.07105612 0.27601663
v -0.05208967 0.06504698 0.27603869
v -0.05982100 0.05801631 0.27605654
v -0.06661021 0.05007519 0.27606837
v -0.07235202 0.04134765 0.27607404
v -0.07695717 0.03196933 0.27607483
v -0.08035325 0.02208621 0.27607258
v -0.08248608 0.01185285 0.27606890
v -0.08332106 0.00143013 0.27606496
v -0.08284400 -0.00901760 0.27606142
v -0.08106158 -0.01932521 0.27605852
v -0.07800137 -0.02932965 0.27605625
v -0.07371131 -0.03887273 0.27605444
v -0.06825883 -0.04780350 0.27605281
v -0.06172996 -0.05598085 0.27605096
v -0.05422771 -0.06327558 0.27604829
v -0.04587067 -0.06957246 0.27604392
v -0.03679108 -0.07477206 0.27603648
v -0.02713317 -0.07879235 0.27602387
v -0.01705092 -0.08157027 0.27600296
v -0.00670615 -0.08306306 0.27596902
v 0.00373402 -0.08324963 0.27591521
v 0.01409996 -0.08213181 0.27583185
v 0.02422350 -0.07973498 0.27570606
v 0.03394283 -0.07610735 0.27552300
v 0.04310521 -0.07131890 0.27527540
v 0.05153496 -0.06548733 0.27500198
v 0.05866373 -0.05918623 0.27491398
v 0.05346362 -0.06392250 -0.44227202
v 0.04520137 -0.07000915 -0.44237542
v 0.03623465 -0.07504329 -0.44245385
v 0.02668348 -0.07894579 -0.44250950
v 0.01668827 -0.08164525 -0.44254777
v 0.00640415 -0.08308690 -0.44257500
v -0.00400485 -0.08323704 -0.44259656
v -0.01437031 -0.08208494 -0.44261646
v -0.02452348 -0.07964323 -0.44263723
v -0.03429871 -0.07594765 -0.44265983
v -0.04353702 -0.07105612 -0.44268333
v -0.05208967 -0.06504700 -0.44270540
v -0.05982100 -0.05801631 -0.44272325
v -0.06661021 -0.05007519 -0.44273506
v -0.07235202 -0.04134765 -0.44274075
v -0.07695717 -0.03196933 -0.44274154
v -0.08035325 -0.02208621 -0.44273927
v -0.08248608 -0.01185285 -0.44273558
v -0.08332106 -0.00143013 -0.44273167
v -0.08284400 0.00901760 -0.44272810
v -0.08106158 0.01932519 -0.44272521
v -0.07800137 0.02932965 -0.44272294
v -0.07371131 0.03887271 -0.44272112
v -0.06825883 0.04780350 -0.44271948
v -0.06172996 0.05598085 -0.44271762
v -0.05422773 0.06327558 -0.44271496
v -0.04587067 0.06957246 -0.44271058
v -0.03679110 0.07477206 -0.44270315
v -0.02713317 0.07879235 -0.44269054
v -0.01705092 0.08157027 -0.44266963
v -0.00670615 0.08306306 -0.44263569
v 0.00373402 0.08324963 -0.44258188
v 0.01409994 0.08213181 -0.44249852
v 0.02422350 0.07973498 -0.44237273
v 0.03394283 0.07610735 -0.44218969
v 0.04310521 0.07131890 -0.44194206
v 0.05153496 0.06548735 -0.44166865
v 0.05866373 0.05918625 -0.44158065
v 0.06089548 0.05688748 0.27549394
v 0.06089548 -0.05688748 -0.44216067
v 0.06703525 0.04950473 0.27499577
v 0.06703525 -0.04950475 -0.44166248
v 0.07204833 0.04187460 0.27712367
v 0.07204831 -0.04187463 -0.44379037
v 0.07392806 0.03845888 -0.07813837
v 0.07414410 -0.03804073 -0.08749327
v 0.07007294 0.04510242 -0.05110535
v 0.06974965 -0.04560077 -0.11377427
v 0.07636202 0.03336594 -0.14806029
v 0.07646612 -0.03312669 -0.01870602
v 0.07548227 0.03531106 -0.06575354
v 0.07551381 -0.03524356 -0.09987656
v 0.07994783 0.02351144 -0.04188438
v 0.07987498 -0.02375779 -0.12435040
v 0.08002413 -0.02325046 0.27697381
v 0.08002413 0.02325046 -0.44364048
v 0.06274365 0.05484231 -0.07351656
v 0.06369727 -0.05373177 -0.09061142
v 0.05218698 0.06496894 -0.09597633
v -0.03795871 0.07418612 -0.07226923
v -0.03920619 0.07353448 -0.09676333
v -0.04896748 0.06742871 -0.07262733
v -0.05007519 0.06661021 -0.09720692
v -0.06948706 0.04599992 -0.07071867
v -0.07007152 0.04510463 -0.09570883
v -0.07580998 0.03460192 -0.07190775
v -0.07619677 0.03374162 -0.09618927
v -0.08189348 0.01542404 -0.06984200
v -0.08207356 0.01443523 -0.09384540
v -0.08329290 0.00259575 -0.06992346
v -0.08331938 0.00152515 -0.09487613
v -0.03273104 -0.07663631 -0.07009550
v -0.03111331 -0.07730723 -0.09580540
v -0.01973367 -0.08096313 -0.07030510
v -0.01814877 -0.08133306 -0.09606835
v 0.03712360 -0.07460752 -0.07023527
v 0.05407446 -0.06340660 -0.06800469
v 0.04915869 -0.06728944 -0.09759010
v 0.07486319 0.03660527 -0.02014471
v 0.07460038 -0.03713798 -0.14609619
v 0.08151669 0.01730531 0.27562252
v 0.08151669 -0.01730531 -0.44228919
v 0.08029792 0.02228648 0.05033740
v 0.08027771 -0.02235923 -0.21703644
v 0.07913152 -0.02612754 0.25593969
v 0.07913150 0.02612756 -0.42260635
v 0.06039787 0.05741552 -0.02672875
v -0.03662708 0.07485254 -0.14004967
v -0.05066665 0.06616144 -0.02825069
v -0.06859942 0.04731346 -0.14023796
v -0.07689956 0.03210767 -0.02675621
v -0.08333250 0.00037300 -0.02552571
v -0.03357015 -0.07627246 -0.14116579
v -0.01729856 -0.08151812 -0.02502042
v 0.03728317 -0.07452792 -0.14065185
v 0.05056369 -0.06624015 -0.03034204
v 0.06135010 -0.05639688 -0.13838069
v 0.06629192 0.05049579 -0.13891950
v 0.06663665 -0.05004002 -0.02813881
v 0.07950263 0.02497550 0.29358742
v 0.07950263 -0.02497552 -0.46025408
v 0.07491058 -0.03650821 0.06735558
v 0.07490498 0.03651969 -0.23404504
v 0.08073329 0.02065379 0.03319952
v 0.08070410 -0.02076758 -0.19987140
v 0.06102579 0.05674765 0.06784602
v 0.05292669 0.06436777 0.06744648
v 0.04391648 0.07082223 0.06647450
v 0.03442254 0.07589158 0.06559575
v 0.02456079 0.07963173 0.06498942
v 0.01440479 0.08207890 0.06458702
v 0.00407010 0.08323387 0.06431021
v -0.00630450 0.08309452 0.06409915
v -0.01657085 0.08166917 0.06390971
v -0.02657977 0.07898075 0.06371698
v -0.03618287 0.07506827 0.06352450
v -0.04523042 0.06999038 0.06335921
v -0.05357919 0.06382565 0.06324506
v -0.06110060 0.05666710 0.06318500
v -0.06767925 0.04862060 0.06316754
v -0.07321138 0.03980627 0.06317387
v -0.07760798 0.03035531 0.06318790
v -0.08079579 0.02040794 0.06320650
v -0.08271635 0.01012173 0.06324035
v -0.08333267 -0.00033269 0.06329115
v -0.08263188 -0.01078962 0.06334904
v -0.08062265 -0.02108158 0.06342010
v -0.07733912 -0.03103394 0.06350362
v -0.07283908 -0.04048348 0.06358352
v -0.06719760 -0.04928415 0.06364950
v -0.06050558 -0.05730200 0.06369667
v -0.05286875 -0.06441538 0.06372358
v -0.04440550 -0.07051665 0.06373354
v -0.03524483 -0.07551323 0.06373460
v -0.02552346 -0.07932842 0.06373804
v -0.01538208 -0.08190138 0.06375856
v -0.00496852 -0.08318508 0.06381704
v 0.00554962 -0.08314833 0.06394200
v 0.01598933 -0.08178500 0.06415333
v 0.02618760 -0.07911165 0.06446519
v 0.03602525 -0.07514404 0.06487829
v 0.04534202 -0.06991812 0.06536077
v 0.05400719 -0.06346392 0.06576429
v 0.06190352 -0.05578888 0.06703746
v 0.06098440 -0.05679215 -0.23457848
v 0.05285644 -0.06442548 -0.23416475
v 0.04381033 -0.07088794 -0.23323075
v 0.03429992 -0.07594708 -0.23238998
v 0.02443019 -0.07967190 -0.23178348
v 0.01425767 -0.08210458 -0.23136546
v 0.00389475 -0.08324227 -0.23106244
v -0.00651954 -0.08307792 -0.23082192
v -0.01683081 -0.08161598 -0.23061458
v -0.02687585 -0.07888050 -0.23043175
v -0.03649333 -0.07491783 -0.23028329
v -0.04552829 -0.06979698 -0.23018917
v -0.05383915 -0.06360652 -0.23015412
v -0.06130856 -0.05644204 -0.23016331
v -0.06783435 -0.04840396 -0.23019923
v -0.07331948 -0.03960679 -0.23024408
v -0.07767525 -0.03018279 -0.23028231
v -0.08082823 -0.02027912 -0.23030263
v -0.08272483 -0.01005217 -0.23029748
v -0.08333265 0.00033875 -0.23026127
v -0.08263860 0.01073804 -0.23019558
v -0.08064567 0.02099333 -0.23011502
v -0.07737556 0.03094294 -0.23004421
v -0.07287544 0.04041802 -0.22999956
v -0.06721631 0.04925862 -0.22998098
v -0.06048888 0.05731965 -0.22998677
v -0.05280171 0.06447033 -0.23001823
v -0.04427948 0.07059583 -0.23008046
v -0.03506006 0.07559919 -0.23017554
v -0.02529069 0.07940294 -0.23029823
v -0.01512442 0.08194935 -0.23044356
v -0.00471935 0.08319958 -0.23060956
v 0.00576035 0.08313400 -0.23080158
v 0.01614806 0.08175381 -0.23103690
v 0.02629313 0.07907665 -0.23134425
v 0.03608263 0.07511650 -0.23173185
v 0.04536379 0.06990402 -0.23217298
v 0.05400896 0.06346240 -0.23253065
v 0.06189796 0.05579506 -0.23376440
v 0.06798462 0.04819267 0.06875033
v 0.06795250 -0.04823798 -0.23549873
v 0.06832958 -0.04770233 0.06829631
v 0.06832300 0.04771177 -0.23500004
v 0.07400652 0.03830767 0.07060300
v 0.07398177 -0.03835548 -0.23733621
v 0.07190602 0.04211850 0.02154133
v 0.07169098 -0.04248350 -0.18825340
v 0.08322171 -0.00431181 0.17052742
v 0.08322171 0.00431185 -0.33719406
v 0.07855379 -0.02781631 0.14027177
v 0.07855348 0.02781721 -0.30693854
v 0.07712762 -0.03155590 0.09865619
v 0.07712617 0.03155944 -0.26532687
v 0.08291317 -0.00835765 0.23322529
v 0.08291317 0.00835767 -0.39989196
v 0.08020562 0.02261644 0.01869885
v 0.08015629 -0.02279065 -0.18532894
v 0.08302056 0.00721333 0.32476329
v 0.08302056 -0.00721333 -0.49142996
v 0.07368162 0.03892894 -0.00288644
v 0.07339946 -0.03945837 -0.16353321
v 0.08304444 -0.00693298 0.12857704
v 0.08304440 0.00693342 -0.29524371
v 0.07827385 0.02859452 0.00723363
v 0.07816627 -0.02888733 -0.17379148
v 0.08322273 -0.00429192 -0.30542844
v 0.08322277 0.00429129 0.13876033
v 0.08302292 -0.00718600 0.32525260
v 0.08302292 0.00718600 -0.49191927
v 0.08081690 0.02032423 -0.22144917
v 0.08082027 -0.02031077 0.05476852
v 0.08294333 0.00805279 0.21861837
v 0.08294333 -0.00805285 -0.38528521
v 0.07701165 0.03183785 0.09021127
v 0.07700252 -0.03185998 -0.25691713
v 0.08225256 0.01337758 -0.08064006
v 0.08226798 -0.01328244 -0.08579173
v 0.06834598 0.04767883 0.25554033
v 0.06834596 -0.04767887 -0.42220713
v 0.06099515 0.05678060 0.25609623
v 0.06099510 -0.05678065 -0.42276304
v 0.05356273 0.06383946 0.25660104
v 0.05356271 -0.06383950 -0.42326783
v 0.04537979 0.06989362 0.25691696
v 0.04537975 -0.06989365 -0.42358377
v 0.03649938 0.07491487 0.25709879
v 0.03649933 -0.07491490 -0.42376560
v 0.02702498 0.07882952 0.25720283
v 0.02702494 -0.07882954 -0.42386967
v 0.01709063 0.08156196 0.25726448
v 0.01709060 -0.08156198 -0.42393131
v 0.00684915 0.08305140 0.25730442
v 0.00684910 -0.08305140 -0.42397125
v -0.00353579 0.08325829 0.25733523
v 0.05107744 -0.06584481 0.25590569
v 0.05107742 0.06584483 -0.42257235
v -0.01389481 0.08216677 0.25736521
v -0.02405690 0.07978540 0.25739971
v -0.03385279 0.07614744 0.25744096
v -0.04311900 0.07131056 0.25748706
v -0.05170321 0.06535458 0.25753181
v -0.05946900 0.05837706 0.25756738
v -0.06629758 0.05048835 0.25758906
v -0.07208612 0.04180950 0.25759746
v -0.07674613 0.03247271 0.25759662
v -0.08020417 0.02262156 0.25759100
v -0.08240417 0.01240958 0.25758390
v -0.08330940 0.00199746 0.25757710
v -0.08290379 -0.00845017 0.25757146
v -0.08119246 -0.01876773 0.25756708
v -0.07820156 -0.02879167 0.25756377
v -0.07397779 -0.03836315 0.25756121
v -0.06858760 -0.04733058 0.25755888
v -0.06211610 -0.05555208 0.25755617
v -0.05466567 -0.06289760 0.25755212
v -0.04635444 -0.06925108 0.25754546
v -0.03731454 -0.07451221 0.25753415
v -0.02769029 -0.07859829 0.25751519
v -0.01763615 -0.08144575 0.25748421
v -0.00731446 -0.08301171 0.25743510
v 0.00310710 -0.08327540 0.25735952
v 0.01345867 -0.08223933 0.25724610
v 0.02357221 -0.07992994 0.25707913
v 0.03328887 -0.07639565 0.25683475
v 0.04247540 -0.07169579 0.25647235
v -0.00353581 -0.08325829 -0.42400206
v -0.01389483 -0.08216677 -0.42403204
v -0.02405692 -0.07978540 -0.42406652
v -0.03385279 -0.07614744 -0.42410777
v -0.04311900 -0.07131056 -0.42415388
v -0.05170321 -0.06535458 -0.42419860
v -0.05946900 -0.05837706 -0.42423415
v -0.06629758 -0.05048835 -0.42425583
v -0.07208612 -0.04180952 -0.42426423
v -0.07674613 -0.03247271 -0.42426338
v -0.08020417 -0.02262156 -0.42425775
v -0.08240417 -0.01240958 -0.42425062
v -0.08330940 -0.00199746 -0.42424385
v -0.08290379 0.00845017 -0.42423819
v -0.08119246 0.01876773 -0.42423379
v -0.07820156 0.02879167 -0.42423048
v -0.07397779 0.03836315 -0.42422790
v -0.06858760 0.04733058 -0.42422556
v -0.06211613 0.05555206 -0.42422281
v -0.05466569 0.06289760 -0.42421877
v -0.04635444 0.06925106 -0.42421210
v -0.03731454 0.07451221 -0.42420079
v -0.02769029 0.07859829 -0.42418183
v -0.01763615 0.08144575 -0.42415087
v -0.00731446 0.08301171 -0.42410177
v 0.00310710 0.08327540 -0.42402619
v 0.01345865 0.08223933 -0.42391279
v 0.02357221 0.07992994 -0.42374579
v 0.03328885 0.07639567 -0.42350144
v 0.04247538 0.07169579 -0.42313904
v 0.06183931 -0.05586002 0.25203344
v 0.06183931 0.05586004 -0.41870010
v 0.06687483 0.04972125 0.08621419
v 0.06685394 -0.04974933 -0.25294315
v 0.06077598 0.05701513 0.08536552
v 0.06074781 -0.05704512 -0.25209706
v 0.05238204 0.06481177 0.08735077
v 0.04276910 0.07152096 0.08428179
v 0.03352477 0.07629244 0.08292529
v 0.02381565 0.07985775 0.08210433
v 0.01373763 0.08219321 0.08156775
v 0.00343779 0.08326240 0.08118960
v -0.00692388 0.08304519 0.08089300
v -0.01718092 0.08154300 0.08062735
v -0.02716404 0.07878171 0.08036402
v -0.03670706 0.07481335 0.08010081
v -0.04565813 0.06971213 0.07986602
v -0.05389233 0.06356148 0.07970302
v -0.06130758 0.05644310 0.07963290
v -0.06780625 0.04844333 0.07963671
v -0.07328658 0.03966765 0.07967775
v -0.07765119 0.03024462 0.07972852
v -0.08081775 0.02032085 0.07977794
v -0.08272435 0.01005613 0.07982583
v -0.08333246 -0.00038192 0.07987398
v -0.08262744 -0.01082362 0.07992300
v -0.08061802 -0.02109929 0.07997429
v -0.07733627 -0.03104102 0.08002698
v -0.07283635 -0.04048837 0.08007658
v -0.06719173 -0.04929217 0.08011888
v -0.06049283 -0.05731546 0.08015192
v -0.05284527 -0.06443462 0.08017652
v -0.04436754 -0.07054052 0.08019663
v -0.03518869 -0.07553940 0.08021927
v -0.02544592 -0.07935331 0.08025392
v -0.01528360 -0.08191981 0.08031156
v -0.00485606 -0.08319173 0.08040333
v 0.00566542 -0.08314052 0.08053963
v 0.01608731 -0.08176577 0.08074010
v 0.02621485 -0.07910263 0.08109717
v 0.03596531 -0.07517275 0.08190948
v 0.04520254 -0.07000840 0.08241194
v 0.05362292 -0.06378894 0.08261017
v 0.06101094 -0.05676365 0.08354473
v 0.05234308 -0.06484325 -0.25408712
v 0.04271227 -0.07155492 -0.25103735
v 0.03345792 -0.07632177 -0.24969875
v 0.02374335 -0.07987927 -0.24888510
v 0.01365921 -0.08220627 -0.24834579
v 0.00334933 -0.08326600 -0.24795790
v -0.00702679 -0.08303654 -0.24764867
v -0.01730029 -0.08151775 -0.24737356
v -0.02729710 -0.07873571 -0.24711033
v -0.03684613 -0.07474496 -0.24686025
v -0.04579300 -0.06962360 -0.24665023
v -0.05401323 -0.06345877 -0.24651810
v -0.06140821 -0.05633360 -0.24647873
v -0.06788440 -0.04833375 -0.24650921
v -0.07334267 -0.03956383 -0.24657065
v -0.07768673 -0.03015323 -0.24663281
v -0.08083548 -0.02025015 -0.24667944
v -0.08272954 -0.01001344 -0.24670400
v -0.08333240 0.00039367 -0.24670571
v -0.08262954 0.01080758 -0.24668854
v -0.08062690 0.02106529 -0.24666117
v -0.07735140 0.03100333 -0.24663460
v -0.07285202 0.04046019 -0.24661723
v -0.06719929 0.04928183 -0.24661267
v -0.06048294 0.05732592 -0.24662281
v -0.05280977 0.06446373 -0.24665006
v -0.04430150 0.07058202 -0.24669796
v -0.03509217 0.07558429 -0.24676937
v -0.02532506 0.07939198 -0.24686550
v -0.01515065 0.08194450 -0.24698642
v -0.00472683 0.08319917 -0.24713167
v 0.00577677 0.08313287 -0.24730263
v 0.01617279 0.08174892 -0.24751696
v 0.02627275 0.07908342 -0.24787100
v 0.03599825 0.07515698 -0.24866785
v 0.04521692 0.06999910 -0.24914910
v 0.05362635 0.06378602 -0.24932606
v 0.06100933 0.05676535 -0.25024229
v 0.06740381 -0.04900173 0.08559833
v 0.06740079 0.04900590 -0.25228321
v 0.07173846 0.04240327 0.25493683
v 0.07173844 -0.04240331 -0.42160360
v 0.05904244 -0.05880846 0.25375996
v 0.05904242 0.05880848 -0.42042663
v 0.08312625 -0.00587129 0.14001660
v 0.08312623 0.00587154 -0.30668321
v 0.05286746 -0.06441644 0.20809644
v 0.05286738 0.06441650 -0.37476323
v -0.02776367 0.07857240 0.20959787
v -0.03750012 0.07441898 0.20975146
v -0.04663729 0.06906090 0.21009437
v -0.05488615 0.06270531 0.21043956
v -0.06216890 0.05549300 0.21051398
v -0.06852752 0.04741756 0.21044110
v -0.07388194 0.03854740 0.21037350
v -0.07811092 0.02903667 0.21032867
v -0.08112690 0.01904915 0.21030190
v -0.08287265 0.00875044 0.21028681
v -0.08331615 -0.00169275 0.21027873
v -0.08244823 -0.01211333 0.21027460
v -0.08028152 -0.02234550 0.21027265
v -0.07684971 -0.03222681 0.21027173
v -0.07220692 -0.04160056 0.21027112
v -0.06642692 -0.05031808 0.21027012
v -0.05960202 -0.05824125 0.21026787
v -0.05184196 -0.06524458 0.21026300
v -0.04327235 -0.07121760 0.21025323
v -0.03403325 -0.07606696 0.21023469
v -0.02427727 -0.07971862 0.21020110
v -0.01416700 -0.08212027 0.21014260
v -0.00387121 -0.08324337 0.21004427
v 0.00644181 -0.08308398 0.20988588
v 0.01661438 -0.08166031 0.20964629
v 0.02650962 -0.07900433 0.20932531
v 0.03596592 -0.07517246 0.20902260
v 0.04476858 -0.07028669 0.20869271
v -0.02776375 -0.07857238 -0.37626623
v -0.03750019 -0.07441896 -0.37641975
v -0.04663735 -0.06906085 -0.37676254
v -0.05488623 -0.06270525 -0.37710762
v -0.06216896 -0.05549292 -0.37718198
v -0.06852758 -0.04741744 -0.37710906
v -0.07388202 -0.03854727 -0.37704144
v -0.07811098 -0.02903654 -0.37699654
v -0.08112694 -0.01904904 -0.37696971
v -0.08287265 -0.00875035 -0.37695450
v -0.08331615 0.00169279 -0.37694625
v -0.08244823 0.01211331 -0.37694194
v -0.08028154 0.02234544 -0.37693975
v -0.07684973 0.03222673 -0.37693860
v -0.07220696 0.04160048 -0.37693777
v -0.06642696 0.05031802 -0.37693660
v -0.05960206 0.05824121 -0.37693423
v -0.05184196 0.06524458 -0.37692929
v -0.04327229 0.07121765 -0.37691952
v -0.03403315 0.07606700 -0.37690104
v -0.02427713 0.07971867 -0.37686758
v -0.01416683 0.08212031 -0.37680921
v -0.00387104 0.08324337 -0.37671098
v 0.00644194 0.08308396 -0.37655269
v 0.01661448 0.08166029 -0.37631317
v 0.02650967 0.07900431 -0.37599221
v 0.03596590 0.07517246 -0.37568948
v 0.04476852 0.07028673 -0.37535954
v -0.01765627 0.08144140 0.20952819
v -0.01765638 -0.08144137 -0.37619663
v -0.00733446 0.08300994 0.20950050
v -0.00733463 -0.08300992 -0.37616900
v 0.00303612 0.08327800 0.20949433
v 0.00303590 -0.08327802 -0.37616288
v 0.01328867 0.08226698 0.20949690
v 0.01328838 -0.08226702 -0.37616546
v 0.02326100 0.08002106 0.20950013
v 0.02326065 -0.08002117 -0.37616865
v 0.03279869 0.07660737 0.20950100
v 0.03279829 -0.07660754 -0.37616946
v 0.04175446 0.07211802 0.20951238
v 0.04175406 -0.07211825 -0.37618073
v 0.06138083 -0.05636344 0.20725050
v 0.06138073 0.05636354 -0.37391723
v 0.04992715 0.06672125 0.20964710
v 0.04992677 -0.06672154 -0.37631529
v 0.05715506 0.06064442 0.20989123
v 0.05715473 -0.06064471 -0.37655925
v 0.08262683 0.01082825 0.31111708
v 0.08262683 -0.01082825 -0.47778375
v 0.06621244 -0.05059996 0.20678046
v 0.06621235 0.05060010 -0.37344715
v 0.07466394 0.03701002 0.03974150
v 0.07458204 -0.03717475 -0.20648660
v 0.06326027 -0.05424556 0.30255585
v 0.06326027 0.05424558 -0.46922252
v 0.06375712 0.05366073 0.30466754
v 0.06375712 -0.05366073 -0.47133421
v 0.01098856 0.08260567 0.30420271
v 0.01098856 -0.08260567 -0.47086940
v 0.00057913 0.08333131 0.30420875
v 0.00057913 -0.08333131 -0.47087544
v -0.00984985 0.08274917 0.30421515
v -0.00984985 -0.08274917 -0.47088181
v -0.02013096 0.08086525 0.30422173
v -0.02013096 -0.08086525 -0.47088842
v -0.03009950 0.07770756 0.30422856
v -0.03959619 0.07332521 0.30423548
v -0.04846983 0.06778731 0.30424204
v -0.05657979 0.06118148 0.30424771
v -0.06379804 0.05361206 0.30425196
v -0.07001108 0.04519835 0.30425454
v -0.07512129 0.03607265 0.30425556
v -0.07904829 0.02637823 0.30425537
v -0.08173012 0.01626752 0.30425440
v -0.08312425 0.00589956 0.30425308
v -0.08320835 -0.00456229 0.30425173
v -0.08198079 -0.01495302 0.30425052
v -0.07946069 -0.02510865 0.30424954
v -0.07568756 -0.03486883 0.30424875
v -0.07072083 -0.04407956 0.30424812
v -0.06463875 -0.05259540 0.30424750
v -0.05753719 -0.06028196 0.30424675
v -0.04952813 -0.06701798 0.30424558
v -0.04073785 -0.07269712 0.30424356
v -0.03130519 -0.07722973 0.30423996
v -0.02137938 -0.08054419 0.30423358
v -0.01111800 -0.08258835 0.30422244
v -0.00068494 -0.08333052 0.30420333
v 0.00975196 -0.08276077 0.30417119
v 0.02002319 -0.08089200 0.30411804
v 0.02995985 -0.07776150 0.30403127
v 0.03939610 -0.07343290 0.30388975
v 0.04817317 -0.06799846 0.30365402
v -0.03009950 -0.07770756 -0.47089525
v -0.03959619 -0.07332521 -0.47090215
v -0.04846983 -0.06778731 -0.47090873
v -0.05657979 -0.06118148 -0.47091438
v -0.06379804 -0.05361206 -0.47091862
v -0.07001108 -0.04519835 -0.47092121
v -0.07512129 -0.03607265 -0.47092223
v -0.07904829 -0.02637823 -0.47092204
v -0.08173012 -0.01626752 -0.47092108
v -0.08312425 -0.00589956 -0.47091975
v -0.08320835 0.00456229 -0.47091842
v -0.08198079 0.01495302 -0.47091721
v -0.07946069 0.02510865 -0.47091621
v -0.07568756 0.03486883 -0.47091542
v -0.07072083 0.04407956 -0.47091479
v -0.06463875 0.05259540 -0.47091417
v -0.05753719 0.06028196 -0.47091342
v -0.04952813 0.06701798 -0.47091225
v -0.04073785 0.07269712 -0.47091023
v -0.03130519 0.07722973 -0.47090663
v -0.02137938 0.08054419 -0.47090025
v -0.01111800 0.08258835 -0.47088910
v -0.00068494 0.08333052 -0.47087000
v 0.00975196 0.08276077 -0.47083785
v 0.02002319 0.08089200 -0.47078471
v 0.02995985 0.07776150 -0.47069794
v 0.03939610 0.07343290 -0.47055642
v 0.04817317 0.06799846 -0.47032069
v 0.02121098 0.08058871 0.30419804
v 0.02121098 -0.08058871 -0.47086471
v 0.03108119 0.07732015 0.30419804
v 0.03108119 -0.07732015 -0.47086471
v 0.04043783 0.07286444 0.30421108
v 0.04043781 -0.07286444 -0.47087775
v 0.04912312 0.06731540 0.30425604
v 0.04912312 -0.06731542 -0.47092271
v 0.05615633 -0.06157037 0.30324533
v 0.05615633 0.06157037 -0.46991200
v 0.05697554 0.06081308 0.30437377
v 0.05697554 -0.06081308 -0.47104044
v 0.06359254 0.05385569 0.20990583
v 0.06359225 -0.05385600 -0.37657373
v 0.06934269 -0.04621727 0.30154623
v 0.06934269 0.04621727 -0.46821290
v -0.02745267 0.07868160 -0.05882729
v -0.04391269 -0.07082458 -0.05545258
v 0.02706873 -0.07881452 -0.05726127
v 0.02262362 0.08020358 -0.05229856
v 0.01233931 0.08241471 -0.05281935
v 0.00207494 0.08330750 -0.05361883
v -0.00808581 0.08294013 -0.05470475
v -0.04608542 -0.06943040 -0.11230540
v -0.02412369 0.07976523 -0.11249342
v -0.05379958 -0.06364000 -0.11252560
v -0.06069223 -0.05710427 -0.05423269
v -0.01500188 0.08197187 -0.11270569
v -0.06095998 -0.05681835 -0.11270463
v -0.06714750 -0.04935240 -0.05466844
v -0.00534540 0.08316171 -0.11282723
v -0.06737002 -0.04904821 -0.11277998
v -0.07236446 -0.04132587 -0.05501288
v 0.00461738 0.08320531 -0.11283090
v 0.03268077 0.07665775 -0.05259158
v -0.07287071 -0.04042654 -0.11274356
v 0.02436738 -0.07969113 -0.11240623
v -0.01804721 0.08135567 -0.05622796
v -0.05283640 -0.06444192 -0.05391140
v -0.07648873 -0.03307444 -0.05475371
v 0.01466392 0.08203300 -0.11277056
v 0.01777002 -0.08141665 -0.05513258
v -0.07734758 -0.03101281 -0.11257325
v 0.01492458 -0.08198598 -0.11242065
v 0.00792090 -0.08295604 -0.05369692
v -0.07974663 -0.02418515 -0.05349610
v 0.02464365 0.07960612 -0.11267856
v 0.04155842 0.07223117 -0.05423833
v -0.03779144 -0.07427148 -0.11236904
v -0.03279610 0.07660848 -0.11254479
v 0.03333588 -0.07637515 -0.11278977
v -0.08071765 -0.02071483 -0.11219698
v 0.00467569 -0.08320206 -0.11241390
v 0.05727244 -0.06053356 0.12368323
v 0.05727296 0.06053306 -0.29035787
v 0.08310775 -0.00612748 0.11432348
v 0.08310771 0.00612804 -0.28099025
v -0.06195750 0.05572892 -0.05687348
v -0.00224752 -0.08330302 -0.05311352
v -0.08205721 -0.01452785 -0.05302052
v 0.03457490 0.07582229 -0.11254040
v -0.06556560 0.05143535 -0.11200040
v 0.06942150 0.04609879 0.30422050
v 0.06942150 -0.04609879 -0.47088719
v 0.04927031 0.06720773 -0.05408456
v 0.04168754 -0.07215673 -0.11227008
v -0.02889358 -0.07816396 -0.11090448
v -0.04110404 0.07249071 -0.11123902
v -0.07114510 0.04339144 -0.11053875
v -0.02198833 -0.08038008 -0.05513625
v -0.04724581 0.06864604 -0.05803531
v -0.07527294 0.03575512 -0.05685469
v -0.08319246 0.00484346 -0.05529529
v -0.08230940 0.01302335 -0.10851594
v 0.07045075 -0.04450994 0.20661571
v 0.07045067 0.04451008 -0.37328235
v 0.07359873 0.03908544 -0.05653906
v 0.07348665 -0.03929577 -0.10885623
v 0.06198196 -0.05570173 0.15993048
v 0.06198167 0.05570204 -0.32659812
v 0.07327219 -0.03969423 0.16722531
v 0.07327194 0.03969469 -0.33389204
v -0.08271562 -0.01012773 -0.10994315
v -0.05897398 0.05887710 -0.11095763
v -0.00592835 -0.08312219 -0.11069802
v -0.08022777 0.02253771 -0.10923165
v 0.07899825 0.02652771 0.05894796
v 0.07897725 -0.02659021 -0.22565977
v -0.07894198 0.02669471 -0.05691717
v 0.07521081 0.03588560 0.16186023
v 0.07520979 -0.03588775 -0.32853304
v -0.01230462 -0.08241990 -0.05346846
v -0.08319929 -0.00472475 -0.05348425
v -0.05481523 0.06276731 -0.05659294
v 0.04391629 0.07082233 -0.11064062
v 0.07958537 -0.02471058 0.12309835
v 0.07958494 0.02471202 -0.28976556
v 0.08303769 -0.00701329 0.00949435
v 0.08303550 0.00703908 -0.17617256
v 0.05322096 0.06412467 0.15849671
v 0.05321775 -0.06412733 -0.32517569
v 0.04566612 0.06970687 0.15882615
v 0.04566267 -0.06970915 -0.32550594
v 0.06049131 0.05731706 0.15776250
v 0.06048852 -0.05732000 -0.32444054
v 0.03578371 0.07525935 0.15907606
v 0.03578025 -0.07526100 -0.32575648
v 0.04943819 -0.06708433 0.15923221
v 0.04943833 0.06708423 -0.32590085
v -0.06069456 0.05710179 0.15796142
v -0.06759110 0.04874308 0.15818869
v -0.07325065 0.03973396 0.15837694
v -0.07768065 0.03016887 0.15851385
v -0.08085683 0.02016477 0.15861054
v -0.08274785 0.00986083 0.15867821
v -0.08333125 -0.00059015 0.15872552
v -0.08260038 -0.01102821 0.15875873
v -0.08056760 -0.02129094 0.15878238
v -0.07726531 -0.03121723 0.15879981
v -0.07274602 -0.04065046 0.15881358
v -0.06708188 -0.04944154 0.15882583
v -0.06036362 -0.05745152 0.15883856
v -0.05269944 -0.06455396 0.15885410
v -0.04421337 -0.07063725 0.15887527
v -0.03504419 -0.07560654 0.15890600
v -0.02534467 -0.07938571 0.15895196
v -0.01528229 -0.08192006 0.15902169
v -0.00504267 -0.08318062 0.15912833
v 0.00516125 -0.08317335 0.15929133
v 0.01506990 -0.08195940 0.15953244
v 0.02435567 -0.07969471 0.15984235
v 0.03256460 -0.07670717 0.16009960
v 0.04228004 -0.07181115 0.15987973
v -0.06069746 -0.05709871 -0.32464204
v -0.06759369 -0.04873950 -0.32486977
v -0.07325267 -0.03973023 -0.32505821
v -0.07768202 -0.03016533 -0.32519494
v -0.08085756 -0.02016179 -0.32529085
v -0.08274812 -0.00985867 -0.32535702
v -0.08333123 0.00059135 -0.32540206
v -0.08260033 0.01102852 -0.32543233
v -0.08056771 0.02129056 -0.32545265
v -0.07726560 0.03121652 -0.32546669
v -0.07274640 0.04064981 -0.32547738
v -0.06708206 0.04944129 -0.32548723
v -0.06036333 0.05745183 -0.32549852
v -0.05269833 0.06455485 -0.32551367
v -0.04421127 0.07063858 -0.32553550
v -0.03504106 0.07560800 -0.32556771
v -0.02534071 0.07938698 -0.32561565
v -0.01527785 0.08192090 -0.32568752
v -0.00503821 0.08318090 -0.32579610
v 0.00516527 0.08317310 -0.32596052
v 0.01507310 0.08195881 -0.32620235
v 0.02435792 0.07969402 -0.32651235
v 0.03256598 0.07670660 -0.32676925
v 0.04228058 0.07181083 -0.32654881
v -0.05262754 0.06461258 0.15780165
v -0.05263062 -0.06461008 -0.32448215
v -0.04414871 0.07067769 0.15778944
v -0.04415160 -0.07067590 -0.32446954
v -0.03286598 0.07657854 0.15792331
v -0.03286844 -0.07657748 -0.32460321
v -0.02424000 0.07972996 0.15810010
v -0.02424240 -0.07972923 -0.32478046
v -0.01248063 0.08239344 0.15834746
v -0.01248294 -0.08239308 -0.32502825
v -0.00358694 0.08325610 0.15850210
v -0.00358950 -0.08325600 -0.32518346
v 0.00820169 0.08292875 0.15870833
v 0.00819888 -0.08292902 -0.32538985
v 0.01684471 0.08161310 0.15883865
v 0.01684156 -0.08161377 -0.32552025
v 0.02792560 0.07851500 0.15899852
v 0.02792219 -0.07851621 -0.32567965
v 0.07360002 0.03908300 0.26896994
v 0.07360002 -0.03908302 -0.43563667
v 0.05641823 -0.06133048 0.15894060
v 0.05641813 0.06133058 -0.32560881
v -0.01510823 0.08195233 -0.00462390
v 0.00388738 0.08324260 -0.00449444
v 0.04076294 0.07268306 0.15904133
v 0.04075942 -0.07268502 -0.32572150
v 0.02243358 0.08025696 0.15892733
v 0.02243025 -0.08025790 -0.32560885
v 0.03751042 -0.07441379 0.16012375
v 0.03751133 0.07441333 -0.32679310
v -0.03854925 0.07388098 0.15781965
v -0.03855198 -0.07387956 -0.32449969
v -0.01841681 0.08127279 0.15822742
v -0.01841921 -0.08127225 -0.32490810
v 0.00230017 0.08330158 0.15860885
v 0.00229746 -0.08330167 -0.32529046
v 0.02368629 0.07989621 -0.00423969
v 0.05235279 0.06483542 -0.14563204
v 0.06548452 -0.05153854 -0.26631677
v 0.06550004 0.05151883 0.09960013
v 0.06053133 -0.05727479 0.26714310
v 0.06053133 0.05727479 -0.43380977
v 0.08284575 -0.00900150 0.15389142
v 0.08284573 0.00900173 -0.32055802
v 0.03546098 -0.07541196 -0.02330442
v -0.03518292 -0.07554208 -0.01906233
v 0.07803017 0.02925300 0.15200890
v 0.07802917 -0.02925565 -0.31868258
v -0.08310000 0.00623177 -0.14633162
v 0.06551046 0.05150558 0.15637044
v 0.06550804 -0.05150867 -0.32304773
v 0.06805950 0.04808687 0.15954712
v -0.02133452 -0.08055608 -0.14653463
v 0.06805758 -0.04808960 -0.32622273
v -0.07678792 -0.03237373 -0.01979971
v -0.07549935 0.03527452 -0.14394715
v 0.01587083 -0.08180808 -0.01977783
v -0.04810825 0.06804440 -0.14449735
v -0.03443602 0.07588548 -0.02358165
v -0.05949817 0.05834735 -0.14400354
v -0.07683804 0.03225460 -0.00573594
v -0.04983846 0.06678752 -0.00697821
v -0.01763748 -0.08144546 -0.00429085
v -0.00604254 0.08311398 -0.01952912
v -0.08332671 0.00105012 -0.00496638
v -0.02866469 0.07824819 -0.14634158
v 0.08182515 0.01578260 0.05117450
v 0.08181535 -0.01583329 -0.21786154
v 0.08096000 0.01974646 -0.38523377
v 0.08096002 -0.01974640 0.21856712
v 0.03765194 -0.07434229 0.12043056
v 0.03766013 0.07433815 -0.28711623
v 0.04812069 -0.06803560 -0.14473242
v -0.03763381 -0.07435146 -0.15872517
v 0.01494348 0.08198254 -0.01762013
v 0.05316202 -0.06417354 -0.01350710
v 0.08052244 -0.02146117 -0.20760527
v 0.08054790 0.02136544 0.04091823
v 0.08204438 0.01460023 -0.40132260
v 0.08204438 -0.01460021 0.23465594
v 0.03353169 -0.07628940 -0.15806727
v 0.08026900 0.02239048 0.16062985
v 0.08026856 -0.02239200 -0.32730050
v -0.08054404 0.02137996 -0.14382967
v 0.08025456 0.02244210 0.05905810
v 0.06172717 -0.05598394 -0.15743806
v 0.05513221 -0.06248906 -0.10896200
v 0.08023933 -0.02249654 -0.22576031
v -0.02954333 0.07792071 -0.00478612
v -0.07937540 0.02537698 -0.15666262
v -0.06977042 -0.04556898 -0.01904585
v -0.03804148 0.07414371 -0.01035252
v -0.08246531 0.01199646 -0.14911406
v 0.05908756 -0.05876313 -0.12102835
v -0.08333117 0.00060085 -0.14382321
v 0.04290185 -0.07144142 0.11736412
v 0.04290812 0.07143765 -0.28404979
v -0.02291402 0.08012110 -0.01861756
v -0.01036985 0.08268560 -0.00684888
v 0.06512425 -0.05199304 -0.12860498
v -0.08288790 -0.00860473 -0.14885748
v 0.00128421 0.00090894 -0.50000000
v 0.04023052 -0.00764433 -0.50000000
v 0.00510317 -0.04063112 -0.50000000
v -0.03702794 -0.02274521 -0.50000000
v -0.03377883 0.02708104 -0.50000000
v 0.02429067 0.03445650 -0.50000000
v -0.00618104 0.04892796 -0.50000000
v 0.03604387 -0.03838283 -0.50000000
v -0.05254971 0.00330615 -0.50000000
v -0.02302950 -0.04894017 -0.50000000
v 0.05072421 0.01970969 -0.50000000
v 0.01795225 -0.01906906 -0.50000000
v -0.02624440 0.00124396 -0.50000000
v -0.00764219 0.02472633 -0.50000000
v 0.02244100 0.00930865 -0.50000000
v -0.01177569 -0.02236923 -0.50000000
v -0.03035181 0.05078577 -0.50000000
v 0.01638769 0.05640556 -0.50000000
v 0.02177356 -0.05618758 -0.50000000
v 0.05470954 -0.02525865 -0.50000000
v -0.05493856 0.02701323 -0.50000000
v -0.05717227 -0.01903850 -0.50000000
v -0.00465496 -0.06112752 -0.50000000
v 0.06129919 0.00080754 -0.50000000
v -0.04413240 -0.04255085 -0.50000000
v 0.04523800 0.04137352 -0.50000000
v -0.04849310 0.04438640 -0.50000000
v 0.00623383 0.03633025 -0.50000000
v 0.00169121 0.06633704 -0.50000000
v -0.01866852 0.06369796 -0.50000000
v 0.03456590 0.05565735 -0.50000000
v -0.01802523 0.03633900 -0.50000000
v 0.00918525 0.01866946 -0.50000000
v 0.03898646 -0.05570456 -0.50000000
v 0.05314667 -0.04240723 -0.50000000
v -0.06655229 0.01391881 -0.50000000
v -0.06777200 -0.00546785 -0.50000000
v 0.02012135 -0.03510285 -0.50000000
v 0.03356198 -0.02229619 -0.50000000
v -0.03990800 -0.00719354 -0.50000000
v -0.03857271 0.01164781 -0.50000000
v -0.01047296 -0.03806994 -0.50000000
v 0.03722323 0.00706917 -0.50000000
v 0.01015204 -0.06692404 -0.50000000
v 0.06615452 -0.01433419 -0.50000000
v -0.05803700 -0.03483671 -0.50000000
v -0.02010888 -0.06448188 -0.50000000
v -0.03641340 -0.05651437 -0.50000000
v 0.06561729 0.01602033 -0.50000000
v 0.06086002 0.03178527 -0.50000000
v -0.01245325 0.00894260 -0.50000000
v -0.01300083 -0.00641402 -0.50000000
v 0.02625846 -0.00651167 -0.50000000
v 0.00524465 -0.02645446 -0.50000000
v 0.03669771 0.02441829 -0.50000000
v -0.02518473 -0.03383619 -0.50000000
v 0.01188490 -0.00662877 -0.50000000
v -0.02624669 -0.01205931 -0.50000000
v -0.02431548 0.01604596 -0.50000000
v -0.00035956 -0.01349267 -0.50000000
v -0.04335756 0.05563296 -0.50000000
v 0.02766150 0.06671085 -0.50000000
v -0.05986838 0.03960944 -0.50000000
v 0.05321779 -0.01408554 -0.50000000
v 0.01071617 -0.05399721 -0.50000000
v -0.04698837 -0.02566263 -0.50000000
v 0.02545837 0.04657423 -0.50000000
v -0.03012169 0.06367646 -0.50000000
v 0.01289365 0.06937729 -0.50000000
v -0.03474825 0.03830637 -0.50000000
v 0.00898594 0.04858529 -0.50000000
v 0.02093567 0.02104333 -0.50000000
v 0.01070975 0.00653027 -0.50000000
v -0.00608079 0.03628694 -0.50000000
v 0.04606673 0.05257206 -0.50000000
v -0.01814712 0.05193744 -0.50000000
v -0.00445477 -0.05241548 -0.50000000
v 0.05259175 0.00115479 -0.50000000
v -0.04369302 0.03010419 -0.50000000
v 0.04282577 -0.02922658 -0.50000000
v 0.02499660 -0.04551292 -0.50000000
v -0.05112952 -0.00790579 -0.50000000
v -0.04966385 0.01381237 -0.50000000
v -0.00216533 0.01049535 -0.50000000
v 0.03093894 -0.06333937 -0.50000000
v 0.06127171 -0.03485498 -0.50000000
v -0.06852504 -0.01653519 -0.50000000
v -0.06690400 0.02521567 -0.50000000
v 0.00108062 -0.07174354 -0.50000000
v -0.05596817 -0.04489842 -0.50000000
v 0.07153412 -0.00558331 -0.50000000
v -0.00914344 0.07175569 -0.50000000
v 0.05595160 0.04627517 -0.50000000
v -0.01884969 0.02531858 -0.50000000
v -0.02202906 -0.02276798 -0.50000000
v -0.03219229 -0.04262177 -0.50000000
v 0.03505113 0.03460131 -0.50000000
v 0.05005227 -0.05330025 -0.50000000
v -0.07297306 0.00459108 -0.50000000
v 0.02067685 -0.06906527 -0.50000000
v 0.06763067 -0.02497271 -0.50000000
v -0.06639563 -0.02809206 -0.50000000
v 0.04589190 0.02985081 -0.50000000
v -0.01095481 -0.07128581 -0.50000000
v -0.04755269 -0.05369952 -0.50000000
v 0.07183300 0.00645712 -0.50000000
v -0.03766138 -0.03282706 -0.50000000
v -0.01401279 -0.05529100 -0.50000000
v 0.05669254 0.01089090 -0.50000000
v 0.01601540 0.04119762 -0.50000000
v -0.03152056 -0.06731531 -0.50000000
v 0.06944508 0.02448531 -0.50000000
v 0.01428329 -0.04483923 -0.50000000
v -0.04449008 -0.01604958 -0.50000000
v 0.04369998 -0.01681356 -0.50000000
v -0.00847112 0.05960150 -0.50000000
v 0.03547008 0.04520419 -0.50000000
v 0.01368115 0.02973194 -0.50000000
v 0.00242156 0.02728717 -0.50000000
v -0.05719833 0.04846702 -0.50000000
v -0.00034046 -0.03307965 -0.50000000
v 0.03413935 -0.00301479 -0.50000000
v 0.04287923 -0.04566175 -0.50000000
v -0.06251523 0.00393312 -0.50000000
v 0.03669833 0.06569925 -0.50000000
v -0.04270225 0.00268660 -0.50000000
v 0.02471077 -0.02708935 -0.50000000
v 0.03135087 0.01411633 -0.50000000
v -0.01606779 -0.03071840 -0.50000000
v 0.01061852 -0.03342598 -0.50000000
v 0.03302833 -0.01260344 -0.50000000
v -0.04219994 0.02076513 -0.50000000
v 0.00904377 0.05948142 -0.50000000
v -0.01881083 0.07296348 -0.50000000
v 0.00000000 0.07512167 -0.50000000
v -0.02349952 0.04242590 -0.50000000
v 0.01782769 -0.00089496 -0.50000000
v 0.00861094 -0.01698587 -0.50000000
v -0.02627129 -0.05759465 -0.50000000
v 0.05930604 0.02217998 -0.50000000
v -0.00813060 0.00164352 -0.50000000
v -0.03916252 0.04727860 -0.50000000
v -0.05036727 0.03554881 -0.50000000
v 0.06305875 0.04003888 -0.50000000
v -0.05233537 0.05433950 -0.50000000
v -0.01939179 -0.04071533 -0.50000000
v 0.04185260 0.01679700 -0.50000000
v 0.02348560 0.05643444 -0.50000000
v -0.01716131 -0.01383850 -0.50000000
v 0.05883019 -0.04877004 -0.50000000
v 0.04497983 -0.06177640 -0.50000000
v -0.07627075 -0.00472021 -0.50000000
v -0.07507775 0.01424225 -0.50000000
v 0.00015723 0.04272365 -0.50000000
v -0.01324404 0.01708985 -0.50000000
v -0.03890427 0.06372015 -0.50000000
v -0.02578925 0.03201471 -0.50000000
v 0.05120958 -0.03388387 -0.50000000
v 0.03030490 -0.05342342 -0.50000000
v -0.06050606 -0.01033404 -0.50000000
v -0.05903844 0.01798446 -0.50000000
v 0.00443821 -0.05932860 -0.50000000
v -0.04949004 -0.03520404 -0.50000000
v 0.05893285 -0.00815473 -0.50000000
v 0.03201781 -0.03084152 -0.50000000
v -0.03492402 0.00172640 -0.50000000
v 0.01055144 -0.07455181 -0.50000000
v 0.07374217 -0.01521175 -0.50000000
v -0.06416890 -0.03939108 -0.50000000
v -0.01357567 0.04373496 -0.50000000
v -0.02496062 0.05720227 -0.50000000
v -0.03464921 -0.01401129 -0.50000000
v 0.04369296 0.06175446 -0.50000000
v -0.06717410 0.03382508 -0.50000000
v -0.02984579 0.00947815 -0.50000000
v -0.03242446 0.01793925 -0.50000000
v -0.01289498 -0.04653238 -0.50000000
v 0.04680821 0.00921513 -0.50000000
v 0.01581792 0.01388794 -0.50000000
v -0.04353919 -0.06190602 -0.50000000
v -0.01994648 -0.07300792 -0.50000000
v 0.07411629 0.01532292 -0.50000000
v -0.01249765 0.03069771 -0.50000000
v -0.01724310 0.00136844 -0.50000000
v 0.02593548 -0.01739625 -0.50000000
v 0.01454308 -0.02635460 -0.50000000
v 0.00087100 0.05427615 -0.50000000
v -0.00409360 -0.00637510 -0.50000000
v 0.02079285 0.07236327 -0.50000000
v -0.03123227 -0.05080046 -0.50000000
v 0.01913108 -0.01069233 -0.50000000
v -0.02177838 -0.00589290 -0.50000000
v 0.05945698 -0.01811996 -0.50000000
v 0.01435087 -0.06047742 -0.50000000
v -0.05570977 -0.02751456 -0.50000000
v -0.02576681 0.07099898 -0.50000000
v 0.00708650 0.07517244 -0.50000000
v -0.00229035 -0.02188206 -0.50000000
v -0.00851727 -0.01403431 -0.50000000
v 0.02839044 0.02621096 -0.50000000
v -0.03878171 -0.04889310 -0.50000000
v 0.05408467 0.03617921 -0.50000000
v 0.03413202 -0.04620060 -0.50000000
v 0.04489908 -0.03784373 -0.50000000
v -0.05779806 0.01041131 -0.50000000
v -0.05861938 -0.00313060 -0.50000000
v 0.00417160 -0.00714496 -0.50000000
v 0.02776650 0.00296827 -0.50000000
v 0.03006756 0.04020906 -0.50000000
v -0.01243285 -0.06304656 -0.50000000
v 0.06397308 0.00844225 -0.50000000
v 0.02796917 -0.03740371 -0.50000000
v -0.03008792 -0.02626450 -0.50000000
v 0.02866990 -0.07149937 -0.50000000
v 0.06955808 -0.03310281 -0.50000000
v -0.07336610 -0.02348488 -0.50000000
v -0.00818946 -0.02922385 -0.50000000
v -0.03504635 0.05697635 -0.50000000
v 0.00428565 -0.04886292 -0.50000000
v 0.04847906 -0.00731473 -0.50000000
v -0.00089398 0.01965046 -0.50000000
v 0.05417338 0.02794098 -0.50000000
v 0.06877415 0.03342652 -0.50000000
v 0.01837752 0.06346215 -0.50000000
v 0.01792458 0.04924067 -0.50000000
v -0.00271921 -0.04250017 -0.50000000
v 0.04282235 -0.00015819 -0.50000000
v -0.03092823 -0.00627196 -0.50000000
v -0.04329283 0.03912487 -0.50000000
v -0.02703154 0.02367992 -0.50000000
v 0.00875481 -0.00111742 -0.50000000
v -0.03000817 -0.01956967 -0.50000000
v 0.05419327 0.05351104 -0.50000000
v -0.02055767 0.00902817 -0.50000000
v 0.06348554 -0.04241698 -0.50000000
v 0.03834698 -0.06602367 -0.50000000
v -0.07334612 0.02095558 -0.50000000
v -0.07531540 -0.01253821 -0.50000000
f 159 981 158
f 3 1747 157
f 673 981 159
f 169 980 170
f 1283 1747 172
f 675 319 3
f 672 980 169
f 157 675 3
f 666 1579 667
f 1131 1577 1135
f 667 1585 666
f 825 1131 1135
f 1433 1131 825
f 171 674 1
f 1130 1576 1134
f 674 10 1
f 679 1130 1134
f 1432 1130 679
f 595 1578 594
f 594 1584 595
f 973 971 159
f 971 671 160
f 971 160 159
f 972 970 169
f 970 670 168
f 970 168 169
f 1273 1437 1133
f 818 1273 819
f 819 1273 1133
f 1136 1436 1132
f 1429 983 1285
f 964 1136 966
f 966 1136 1132
f 1135 1439 1272
f 1428 982 1284
f 825 1135 828
f 164 1281 163
f 164 1280 165
f 828 1135 1272
f 1134 1438 1137
f 1427 1125 1429
f 679 1134 682
f 682 1134 1137
f 1271 1575 1273
f 1426 1056 1428
f 815 1271 818
f 818 1271 1273
f 1138 1442 1136
f 1287 985 1289
f 961 1138 964
f 964 1138 1136
f 1430 975 167
f 1286 984 1288
f 1272 1574 1270
f 828 1272 830
f 166 1430 167
f 1425 1124 1427
f 830 1272 1270
f 1137 1440 1139
f 979 1427 1124
f 1358 1055 1426
f 682 1137 683
f 683 1137 1139
f 978 1426 1055
f 1289 987 1291
f 1270 1572 1268
f 830 1270 832
f 1274 1430 166
f 1288 986 1290
f 832 1270 1268
f 1139 1443 1141
f 1431 974 161
f 1424 1123 1425
f 683 1139 685
f 685 1139 1141
f 162 1431 161
f 1423 1122 1424
f 1269 1573 1271
f 813 1269 815
f 1275 1431 162
f 1422 1121 1423
f 815 1269 1271
f 1267 1571 1269
f 987 985 826
f 1421 1120 1422
f 811 1267 813
f 813 1267 1269
f 1289 985 987
f 1420 1119 1421
f 1268 1570 1266
f 832 1268 834
f 985 823 826
f 1419 1118 1420
f 834 1268 1266
f 1265 1569 1267
f 986 984 680
f 167 975 168
f 1418 1117 1419
f 975 672 168
f 809 1265 811
f 811 1265 1267
f 1266 1568 1264
f 974 673 160
f 834 1266 836
f 161 974 160
f 836 1266 1264
f 1288 984 986
f 1263 1567 1265
f 1417 1116 1418
f 807 1263 809
f 809 1263 1265
f 984 678 680
f 1416 1115 1417
f 1264 1566 1262
f 836 1264 838
f 1116 1417 1115
f 1415 1114 1416
f 838 1264 1262
f 1261 1565 1263
f 1116 944 945
f 1414 1113 1415
f 805 1261 807
f 807 1261 1263
f 944 1116 1115
f 1413 1112 1414
f 1262 1564 1260
f 838 1262 840
f 1099 1400 1098
f 1412 1111 1413
f 840 1262 1260
f 1259 1563 1261
f 1099 910 911
f 1411 1110 1412
f 803 1259 805
f 805 1259 1261
f 910 1099 1098
f 1410 1109 1411
f 1260 1562 1258
f 840 1260 842
f 1113 1414 1112
f 1409 1108 1410
f 842 1260 1258
f 1257 1561 1259
f 1113 938 939
f 1408 1107 1409
f 801 1257 803
f 803 1257 1259
f 938 1113 1112
f 1407 1106 1408
f 1258 1560 1256
f 842 1258 844
f 1085 1386 1084
f 1406 1105 1407
f 844 1258 1256
f 1255 1559 1257
f 1085 882 883
f 1405 1104 1406
f 799 1255 801
f 801 1255 1257
f 882 1085 1084
f 1404 1103 1405
f 1254 1558 1252
f 845 1254 848
f 1090 1391 1089
f 1403 1102 1404
f 848 1254 1252
f 1251 1557 1253
f 1090 892 893
f 1402 1101 1403
f 795 1251 798
f 798 1251 1253
f 892 1090 1089
f 1401 1100 1402
f 1256 1556 1254
f 844 1256 845
f 1081 1382 1080
f 1400 1099 1401
f 845 1256 1254
f 1253 1555 1255
f 1081 874 875
f 1399 1098 1400
f 798 1253 799
f 799 1253 1255
f 874 1081 1080
f 1398 1097 1399
f 1252 1554 1250
f 848 1252 850
f 1122 1423 1121
f 1397 1096 1398
f 850 1252 1250
f 1249 1553 1251
f 1122 956 957
f 1396 1095 1397
f 793 1249 795
f 795 1249 1251
f 956 1122 1121
f 1395 1094 1396
f 1250 1552 1248
f 850 1250 852
f 1096 1397 1095
f 1394 1093 1395
f 852 1250 1248
f 1247 1551 1249
f 1096 904 905
f 1393 1092 1394
f 791 1247 793
f 793 1247 1249
f 904 1096 1095
f 1392 1091 1393
f 1248 1550 1246
f 852 1248 854
f 1109 1410 1108
f 1391 1090 1392
f 854 1248 1246
f 1245 1549 1247
f 1109 930 931
f 1390 1089 1391
f 789 1245 791
f 791 1245 1247
f 930 1109 1108
f 1389 1088 1390
f 1246 1548 1244
f 854 1246 856
f 1076 1377 1075
f 1388 1087 1389
f 856 1246 1244
f 1243 1547 1245
f 1076 864 865
f 1387 1086 1388
f 787 1243 789
f 789 1243 1245
f 864 1076 1075
f 1386 1085 1387
f 1244 1546 1242
f 856 1244 858
f 1067 1368 1066
f 1385 1084 1386
f 858 1244 1242
f 1241 1545 1243
f 1067 846 847
f 1384 1083 1385
f 785 1241 787
f 787 1241 1243
f 846 1067 1066
f 1383 1082 1384
f 1242 1544 1240
f 858 1242 860
f 1014 1317 1013
f 1382 1081 1383
f 860 1242 1240
f 1239 1543 1241
f 1014 732 733
f 1381 1080 1382
f 783 1239 785
f 785 1239 1241
f 732 1014 1013
f 1380 1079 1381
f 1240 1542 1238
f 860 1240 862
f 1046 1349 1045
f 1379 1078 1380
f 862 1240 1238
f 1237 1541 1239
f 1046 796 797
f 1378 1077 1379
f 781 1237 783
f 783 1237 1239
f 796 1046 1045
f 1377 1076 1378
f 1236 1540 1234
f 863 1236 866
f 1023 1326 1022
f 1376 1075 1377
f 866 1236 1234
f 1233 1539 1235
f 1023 750 751
f 1375 1074 1376
f 777 1233 780
f 780 1233 1235
f 750 1023 1022
f 1374 1073 1375
f 1238 1538 1236
f 862 1238 863
f 997 1300 996
f 1373 1072 1374
f 863 1238 1236
f 1235 1537 1237
f 997 698 699
f 1372 1071 1373
f 780 1235 781
f 781 1235 1237
f 698 997 996
f 1371 1070 1372
f 1234 1536 1232
f 866 1234 868
f 1028 1331 1027
f 1370 1069 1371
f 868 1234 1232
f 1231 1535 1233
f 1028 760 761
f 1369 1068 1370
f 775 1231 777
f 777 1231 1233
f 760 1028 1027
f 1368 1067 1369
f 1232 1534 1230
f 868 1232 870
f 1037 1340 1036
f 1367 1066 1368
f 870 1232 1230
f 1229 1533 1231
f 1037 778 779
f 1366 1065 1367
f 773 1229 775
f 775 1229 1231
f 778 1037 1036
f 1365 1064 1366
f 1230 1532 1228
f 870 1230 872
f 1032 1335 1031
f 1364 1063 1365
f 872 1230 1228
f 1227 1531 1229
f 1032 768 769
f 1363 1062 1364
f 771 1227 773
f 773 1227 1229
f 768 1032 1031
f 1362 1061 1363
f 1226 1530 1224
f 873 1226 876
f 1004 1307 1003
f 1361 1060 1362
f 876 1226 1224
f 1223 1529 1225
f 1004 712 713
f 1360 1059 1361
f 767 1223 770
f 770 1223 1225
f 712 1004 1003
f 1359 1058 1360
f 1228 1528 1226
f 872 1228 873
f 1017 1320 1016
f 1291 1057 1359
f 873 1228 1226
f 1225 1527 1227
f 1017 738 739
f 1357 1054 1358
f 770 1225 771
f 771 1225 1227
f 738 1017 1016
f 1356 1053 1357
f 1224 1526 1222
f 876 1224 878
f 1000 1303 999
f 1355 1052 1356
f 878 1224 1222
f 1221 1525 1223
f 1000 704 705
f 1354 1051 1355
f 765 1221 767
f 767 1221 1223
f 704 1000 999
f 1353 1050 1354
f 1222 1524 1220
f 878 1222 880
f 991 1294 990
f 1352 1049 1353
f 880 1222 1220
f 1219 1523 1221
f 991 686 687
f 1351 1048 1352
f 763 1219 765
f 765 1219 1221
f 686 991 990
f 1350 1047 1351
f 1218 1522 1216
f 881 1218 884
f 1013 1316 1012
f 1349 1046 1350
f 884 1218 1216
f 1215 1521 1217
f 1013 730 732
f 1348 1045 1349
f 759 1215 762
f 762 1215 1217
f 730 1013 1012
f 1347 1044 1348
f 1220 1520 1218
f 880 1220 881
f 1045 1348 1044
f 1346 1043 1347
f 881 1220 1218
f 1217 1519 1219
f 1045 794 796
f 1345 1042 1346
f 762 1217 763
f 763 1217 1219
f 794 1045 1044
f 1344 1041 1345
f 1216 1518 1214
f 884 1216 886
f 886 1216 1214
f 1022 1325 1021
f 160 673 159
f 1343 1040 1344
f 1213 1517 1215
f 757 1213 759
f 168 672 169
f 759 1213 1215
f 1022 748 750
f 1342 1039 1343
f 1214 1516 1212
f 886 1214 888
f 748 1022 1021
f 1341 1038 1342
f 888 1214 1212
f 1211 1515 1213
f 996 1299 995
f 1340 1037 1341
f 755 1211 757
f 757 1211 1213
f 996 696 698
f 1339 1036 1340
f 1212 1514 1210
f 888 1212 890
f 890 1212 1210
f 1209 1513 1211
f 696 996 995
f 1338 1035 1339
f 753 1209 755
f 755 1209 1211
f 1027 1330 1026
f 1337 1034 1338
f 1208 1512 1206
f 891 1208 894
f 1027 758 760
f 1336 1033 1337
f 894 1208 1206
f 1205 1511 1207
f 758 1027 1026
f 1335 1032 1336
f 749 1205 752
f 752 1205 1207
f 1036 1339 1035
f 1334 1031 1335
f 1210 1510 1208
f 890 1210 891
f 1036 776 778
f 1333 1030 1334
f 891 1210 1208
f 1207 1509 1209
f 776 1036 1035
f 1332 1029 1333
f 752 1207 753
f 753 1207 1209
f 1031 1334 1030
f 1331 1028 1332
f 1206 1508 1204
f 894 1206 896
f 1031 766 768
f 1330 1027 1331
f 667 1281 164
f 896 1206 1204
f 594 1280 164
f 1203 1507 1205
f 766 1031 1030
f 1329 1026 1330
f 747 1203 749
f 749 1203 1205
f 1003 1306 1002
f 1328 1025 1329
f 1204 1506 1202
f 896 1204 898
f 1003 710 712
f 1327 1024 1328
f 898 1204 1202
f 1201 1505 1203
f 710 1003 1002
f 1326 1023 1327
f 745 1201 747
f 747 1201 1203
f 1016 1319 1015
f 1325 1022 1326
f 1202 1504 1200
f 898 1202 900
f 1016 736 738
f 1324 1021 1325
f 900 1202 1200
f 1199 1503 1201
f 736 1016 1015
f 1323 1020 1324
f 743 1199 745
f 745 1199 1201
f 999 1302 998
f 1322 1019 1323
f 1200 1502 1198
f 900 1200 902
f 999 702 704
f 1321 1018 1322
f 902 1200 1198
f 1197 1501 1199
f 702 999 998
f 1320 1017 1321
f 741 1197 743
f 743 1197 1199
f 1054 1357 1053
f 1319 1016 1320
f 1196 1500 1194
f 903 1196 906
f 1054 812 814
f 1318 1015 1319
f 906 1196 1194
f 1193 1499 1195
f 812 1054 1053
f 1317 1014 1318
f 737 1193 740
f 740 1193 1195
f 1053 1356 1052
f 1316 1013 1317
f 1198 1498 1196
f 902 1198 903
f 1053 810 812
f 1315 1012 1316
f 903 1198 1196
f 1195 1497 1197
f 810 1053 1052
f 1314 1011 1315
f 740 1195 741
f 741 1195 1197
f 1012 1315 1011
f 1313 1010 1314
f 1194 1496 1192
f 906 1194 908
f 1012 728 730
f 1312 1009 1313
f 908 1194 1192
f 1191 1495 1193
f 728 1012 1011
f 1311 1008 1312
f 735 1191 737
f 737 1191 1193
f 1044 1347 1043
f 1310 1007 1311
f 1190 1494 1188
f 909 1190 912
f 1044 792 794
f 1309 1006 1310
f 912 1190 1188
f 1187 1493 1189
f 792 1044 1043
f 1308 1005 1309
f 731 1187 734
f 734 1187 1189
f 1011 1314 1010
f 1307 1004 1308
f 1192 1492 1190
f 908 1192 909
f 1011 726 728
f 1306 1003 1307
f 909 1192 1190
f 1189 1491 1191
f 726 1011 1010
f 1305 1002 1306
f 734 1189 735
f 735 1189 1191
f 1052 1355 1051
f 1304 1001 1305
f 1188 1490 1186
f 912 1188 914
f 1052 808 810
f 1303 1000 1304
f 914 1188 1186
f 1185 1489 1187
f 808 1052 1051
f 1302 999 1303
f 729 1185 731
f 731 1185 1187
f 1043 1346 1042
f 1301 998 1302
f 1186 1488 1184
f 914 1186 916
f 1043 790 792
f 1300 997 1301
f 916 1186 1184
f 1183 1487 1185
f 790 1043 1042
f 1299 996 1300
f 727 1183 729
f 729 1183 1185
f 1010 1313 1009
f 1298 995 1299
f 1184 1486 1182
f 916 1184 918
f 1010 724 726
f 1297 994 1298
f 918 1184 1182
f 1181 1485 1183
f 724 1010 1009
f 1296 993 1297
f 725 1181 727
f 727 1181 1183
f 1051 1354 1050
f 1295 992 1296
f 1182 1484 1180
f 918 1182 920
f 1051 806 808
f 1294 991 1295
f 920 1182 1180
f 1179 1483 1181
f 806 1051 1050
f 1293 990 1294
f 723 1179 725
f 725 1179 1181
f 1042 1345 1041
f 1292 989 1293
f 1180 1482 1178
f 920 1180 922
f 1042 788 790
f 1290 988 1292
f 922 1180 1178
f 1177 1481 1179
f 788 1042 1041
f 666 1437 665
f 665 1577 666
f 595 1436 596
f 596 1576 595
f 665 1575 664
f 664 1439 665
f 664 1573 663
f 663 1574 664
f 663 1571 662
f 662 1572 663
f 662 1569 661
f 661 1570 662
f 661 1567 660
f 660 1568 661
f 660 1565 659
f 659 1566 660
f 659 1563 658
f 658 1564 659
f 658 1561 657
f 657 1562 658
f 657 1559 656
f 656 1560 657
f 655 1557 654
f 654 1558 655
f 656 1555 655
f 655 1556 656
f 654 1553 653
f 653 1554 654
f 653 1551 652
f 652 1552 653
f 652 1549 651
f 651 1550 652
f 651 1547 650
f 650 1548 651
f 650 1545 649
f 649 1546 650
f 649 1543 648
f 648 1544 649
f 648 1541 647
f 647 1542 648
f 646 1539 645
f 645 1540 646
f 647 1537 646
f 646 1538 647
f 645 1535 644
f 644 1536 645
f 644 1533 643
f 643 1534 644
f 643 1531 642
f 642 1532 643
f 641 1529 640
f 640 1530 641
f 642 1527 641
f 641 1528 642
f 640 1525 639
f 639 1526 640
f 639 1523 638
f 638 1524 639
f 637 1521 636
f 636 1522 637
f 638 1519 637
f 637 1520 638
f 636 1517 635
f 635 1518 636
f 635 1515 634
f 634 1516 635
f 634 1513 633
f 633 1514 634
f 632 1511 631
f 631 1512 632
f 633 1509 632
f 632 1510 633
f 631 1507 630
f 630 1508 631
f 630 1505 629
f 629 1506 630
f 629 1503 628
f 628 1504 629
f 628 1501 627
f 627 1502 628
f 626 1499 625
f 625 1500 626
f 627 1497 626
f 626 1498 627
f 625 1495 624
f 624 1496 625
f 623 1493 622
f 622 1494 623
f 624 1491 623
f 623 1492 624
f 622 1489 621
f 621 1490 622
f 621 1487 620
f 620 1488 621
f 620 1485 619
f 619 1486 620
f 619 1483 618
f 618 1484 619
f 618 1481 617
f 617 1482 618
f 617 1479 616
f 616 1480 617
f 616 1477 615
f 615 1478 616
f 615 1475 614
f 614 1476 615
f 613 1473 612
f 612 1474 613
f 614 1471 613
f 613 1472 614
f 612 1469 611
f 611 1470 612
f 611 1467 610
f 610 1468 611
f 609 1465 608
f 608 1466 609
f 610 1463 609
f 609 1464 610
f 608 1461 607
f 607 1462 608
f 606 1459 605
f 605 1460 606
f 607 1457 606
f 606 1458 607
f 605 1455 604
f 604 1456 605
f 604 1453 603
f 603 1454 604
f 603 1451 602
f 602 1452 603
f 602 1449 601
f 601 1450 602
f 600 1447 599
f 599 1448 600
f 601 1445 600
f 600 1446 601
f 599 1443 598
f 598 1444 599
f 596 1442 597
f 597 1438 596
f 598 1440 597
f 597 1441 598
f 721 1177 723
f 723 1177 1179
f 1178 1480 1176
f 922 1178 924
f 924 1178 1176
f 1129 1579 1131
f 1175 1479 1177
f 1128 1578 1130
f 1009 1312 1008
f 719 1175 721
f 721 1175 1177
f 1176 1478 1174
f 924 1176 926
f 1009 722 724
f 1587 1741 977
f 1587 824 1433
f 1741 1587 823
f 1433 823 1587
f 1586 1740 976
f 1740 1586 678
f 1432 678 1586
f 1586 677 1432
f 926 1176 1174
f 1173 1477 1175
f 717 1173 719
f 719 1173 1175
f 1582 1135 1577
f 1174 1476 1172
f 926 1174 928
f 928 1174 1172
f 1581 1273 1575
f 1171 1475 1173
f 1580 1136 1442
f 715 1171 717
f 722 1009 1008
f 717 1171 1173
f 1583 1137 1438
f 1170 1474 1168
f 1050 1353 1049
f 929 1170 932
f 1050 804 806
f 932 1170 1168
f 804 1050 1049
f 1167 1473 1169
f 1041 1344 1040
f 711 1167 714
f 1041 786 788
f 714 1167 1169
f 786 1041 1040
f 1172 1472 1170
f 1008 1311 1007
f 928 1172 929
f 1008 720 722
f 929 1172 1170
f 720 1008 1007
f 1169 1471 1171
f 1021 1324 1020
f 714 1169 715
f 1021 746 748
f 715 1169 1171
f 746 1021 1020
f 1168 1470 1166
f 995 1298 994
f 932 1168 934
f 995 694 696
f 934 1168 1166
f 694 995 994
f 1165 1469 1167
f 1049 1352 1048
f 709 1165 711
f 1049 802 804
f 711 1165 1167
f 802 1049 1048
f 1166 1468 1164
f 1026 1329 1025
f 934 1166 936
f 1026 756 758
f 936 1166 1164
f 756 1026 1025
f 1163 1467 1165
f 1040 1343 1039
f 707 1163 709
f 1040 784 786
f 709 1163 1165
f 784 1040 1039
f 1162 1466 1160
f 1035 1338 1034
f 937 1162 940
f 1035 774 776
f 940 1162 1160
f 774 1035 1034
f 1159 1465 1161
f 1007 1310 1006
f 703 1159 706
f 1007 718 720
f 706 1159 1161
f 718 1007 1006
f 1164 1464 1162
f 1020 1323 1019
f 936 1164 937
f 1020 744 746
f 937 1164 1162
f 744 1020 1019
f 1161 1463 1163
f 994 1297 993
f 706 1161 707
f 994 692 694
f 707 1161 1163
f 692 994 993
f 1160 1462 1158
f 990 1293 989
f 940 1160 942
f 990 684 686
f 942 1160 1158
f 684 990 989
f 1157 1461 1159
f 1048 1351 1047
f 701 1157 703
f 1048 800 802
f 703 1157 1159
f 800 1048 1047
f 1156 1460 1154
f 1025 1328 1024
f 943 1156 946
f 1025 754 756
f 946 1156 1154
f 754 1025 1024
f 1153 1459 1155
f 1039 1342 1038
f 697 1153 700
f 1039 782 784
f 700 1153 1155
f 782 1039 1038
f 1158 1458 1156
f 1030 1333 1029
f 942 1158 943
f 1030 764 766
f 943 1158 1156
f 764 1030 1029
f 1155 1457 1157
f 1034 1337 1033
f 700 1155 701
f 1034 772 774
f 701 1155 1157
f 772 1034 1033
f 1154 1456 1152
f 1006 1309 1005
f 946 1154 948
f 1006 716 718
f 948 1154 1152
f 716 1006 1005
f 1151 1455 1153
f 1019 1322 1018
f 695 1151 697
f 1019 742 744
f 697 1151 1153
f 742 1019 1018
f 1152 1454 1150
f 1002 1305 1001
f 948 1152 950
f 1002 708 710
f 950 1152 1150
f 708 1002 1001
f 1149 1453 1151
f 993 1296 992
f 693 1149 695
f 993 690 692
f 695 1149 1151
f 690 993 992
f 1150 1452 1148
f 1117 1418 1116
f 950 1150 952
f 1117 945 947
f 952 1150 1148
f 945 1117 1116
f 1147 1451 1149
f 1100 1401 1099
f 691 1147 693
f 1100 911 913
f 693 1147 1149
f 911 1100 1099
f 1148 1450 1146
f 1086 1387 1085
f 952 1148 954
f 1086 883 885
f 954 1148 1146
f 883 1086 1085
f 1145 1449 1147
f 1091 1392 1090
f 689 1145 691
f 1091 893 895
f 691 1145 1147
f 893 1091 1090
f 1144 1448 1142
f 1082 1383 1081
f 955 1144 958
f 1082 875 877
f 958 1144 1142
f 875 1082 1081
f 1141 1447 1143
f 1110 1411 1109
f 685 1141 688
f 1110 931 933
f 688 1141 1143
f 931 1110 1109
f 1146 1446 1144
f 1077 1378 1076
f 954 1146 955
f 1077 865 867
f 955 1146 1144
f 865 1077 1076
f 1143 1445 1145
f 1068 1369 1067
f 688 1143 689
f 1068 847 849
f 689 1143 1145
f 847 1068 1067
f 1142 1444 1140
f 1118 1419 1117
f 958 1142 960
f 1118 947 949
f 960 1142 1140
f 947 1118 1117
f 1140 1441 1138
f 1101 1402 1100
f 960 1140 961
f 1101 913 915
f 961 1140 1138
f 913 1101 1100
f 1747 1283 157
f 1087 1388 1086
f 1747 3 172
f 1087 885 887
f 1 1746 171
f 885 1087 1086
f 1282 1746 155
f 1092 1393 1091
f 1739 983 1125
f 1092 895 897
f 1429 1125 983
f 895 1092 1091
f 969 1739 1125
f 1078 1379 1077
f 1125 963 969
f 1078 867 869
f 1738 982 1056
f 867 1078 1077
f 1428 1056 982
f 1069 1370 1068
f 968 1738 1056
f 1069 849 851
f 1056 817 968
f 849 1069 1068
f 1126 1584 1276
f 1119 1420 1118
f 1590 1276 1584
f 1119 949 951
f 1127 1585 1277
f 949 1119 1118
f 1591 1277 1585
f 1102 1403 1101
f 1134 1576 1438
f 1102 915 917
f 1576 596 1438
f 915 1102 1101
f 1431 822 974
f 1093 1394 1092
f 673 974 822
f 1093 897 899
f 897 1093 1092
f 1070 1371 1069
f 1430 676 975
f 1070 851 853
f 672 975 676
f 851 1070 1069
f 1103 1404 1102
f 1103 917 919
f 981 673 822
f 917 1103 1102
f 980 672 676
f 1071 1372 1070
f 1071 853 855
f 853 1071 1070
f 1104 1405 1103
f 1104 919 921
f 823 825 826
f 919 1104 1103
f 1072 1373 1071
f 1072 855 857
f 855 1072 1071
f 1105 1406 1104
f 678 679 680
f 1105 921 923
f 826 825 828
f 921 1105 1104
f 680 679 682
f 1073 1374 1072
f 979 962 963
f 1073 857 859
f 857 1073 1072
f 1106 1407 1105
f 962 964 963
f 1106 923 925
f 978 816 817
f 923 1106 1105
f 1064 1365 1063
f 816 818 817
f 963 964 966
f 817 818 819
f 1064 839 841
f 839 1064 1063
f 826 828 827
f 669 1276 162
f 1063 1364 1062
f 1276 163 162
f 668 1277 166
f 1063 837 839
f 1277 165 166
f 680 682 681
f 837 1063 1062
f 1277 1591 165
f 1591 164 165
f 1591 667 164
f 1276 1590 163
f 1590 164 163
f 1590 594 164
f 1062 1363 1061
f 959 961 962
f 1062 835 837
f 835 1062 1061
f 1129 1589 1579
f 1431 1275 1129
f 1589 1129 1275
f 1128 1588 1578
f 1430 1274 1128
f 1588 1128 1274
f 814 815 816
f 1061 1362 1060
f 1061 833 835
f 827 830 829
f 833 1061 1060
f 1060 1361 1059
f 1060 831 833
f 831 1060 1059
f 681 683 684
f 1059 1360 1058
f 1059 829 831
f 957 960 959
f 829 1059 1058
f 963 966 969
f 1123 1424 1122
f 817 819 968
f 956 958 957
f 1123 957 959
f 957 1123 1122
f 953 955 956
f 1114 1415 1113
f 1114 939 941
f 951 954 953
f 939 1114 1113
f 1097 1398 1096
f 949 952 951
f 1097 905 907
f 905 1097 1096
f 947 950 949
f 1083 1384 1082
f 1083 877 879
f 945 948 947
f 877 1083 1082
f 1111 1412 1110
f 944 946 945
f 1111 933 935
f 933 1111 1110
f 941 943 944
f 1088 1389 1087
f 1088 887 889
f 939 942 941
f 887 1088 1087
f 1079 1380 1078
f 938 940 939
f 1079 869 871
f 869 1079 1078
f 935 937 938
f 1120 1421 1119
f 1120 951 953
f 933 936 935
f 951 1120 1119
f 1094 1395 1093
f 931 934 933
f 1094 899 901
f 899 1094 1093
f 930 932 931
f 1074 1375 1073
f 1074 859 861
f 927 929 930
f 859 1074 1073
f 1107 1408 1106
f 925 928 927
f 1107 925 927
f 925 1107 1106
f 923 926 925
f 1065 1366 1064
f 1065 841 843
f 921 924 923
f 841 1065 1064
f 1115 1416 1114
f 919 922 921
f 1115 941 944
f 941 1115 1114
f 917 920 919
f 1098 1399 1097
f 1098 907 910
f 915 918 917
f 907 1098 1097
f 1112 1413 1111
f 913 916 915
f 1112 935 938
f 935 1112 1111
f 911 914 913
f 1084 1385 1083
f 1084 879 882
f 910 912 911
f 879 1084 1083
f 1089 1390 1088
f 907 909 910
f 1089 889 892
f 889 1089 1088
f 905 908 907
f 1080 1381 1079
f 1080 871 874
f 904 906 905
f 871 1080 1079
f 1121 1422 1120
f 901 903 904
f 1121 953 956
f 953 1121 1120
f 899 902 901
f 1095 1396 1094
f 1095 901 904
f 897 900 899
f 901 1095 1094
f 1108 1409 1107
f 895 898 897
f 1108 927 930
f 927 1108 1107
f 893 896 895
f 1075 1376 1074
f 1075 861 864
f 892 894 893
f 861 1075 1074
f 1066 1367 1065
f 889 891 892
f 1066 843 846
f 843 1066 1065
f 887 890 889
f 1047 1350 1046
f 1047 797 800
f 885 888 887
f 797 1047 1046
f 1015 1318 1014
f 883 886 885
f 1015 733 736
f 733 1015 1014
f 882 884 883
f 1024 1327 1023
f 1024 751 754
f 879 881 882
f 751 1024 1023
f 998 1301 997
f 877 880 879
f 998 699 702
f 699 998 997
f 875 878 877
f 1038 1341 1037
f 1038 779 782
f 874 876 875
f 779 1038 1037
f 1029 1332 1028
f 871 873 874
f 1029 761 764
f 761 1029 1028
f 869 872 871
f 1033 1336 1032
f 1033 769 772
f 867 870 869
f 769 1033 1032
f 1005 1308 1004
f 865 868 867
f 1005 713 716
f 713 1005 1004
f 864 866 865
f 1018 1321 1017
f 1018 739 742
f 861 863 864
f 739 1018 1017
f 1001 1304 1000
f 859 862 861
f 1001 705 708
f 705 1001 1000
f 857 860 859
f 992 1295 991
f 992 687 690
f 855 858 857
f 687 992 991
f 1058 1359 1057
f 853 856 855
f 1058 827 829
f 827 1058 1057
f 851 854 853
f 989 1292 988
f 989 681 684
f 849 852 851
f 681 989 988
f 1057 1291 987
f 847 850 849
f 1057 826 827
f 826 1057 987
f 846 848 847
f 988 1290 986
f 988 680 681
f 843 845 846
f 680 988 986
f 1055 1358 1054
f 841 844 843
f 1055 814 816
f 814 1055 1054
f 839 842 841
f 1124 1425 1123
f 1124 959 962
f 837 840 839
f 959 1124 1123
f 1502 1200 1504
f 835 838 837
f 1504 628 1502
f 1450 1148 1452
f 833 836 835
f 1452 602 1450
f 1476 1174 1478
f 831 834 833
f 1478 615 1476
f 1542 1240 1544
f 829 832 831
f 1544 648 1542
f 1560 1258 1562
f 812 813 814
f 1562 657 1560
f 1532 1230 1534
f 810 811 812
f 1534 643 1532
f 1514 1212 1516
f 808 809 810
f 1516 634 1514
f 1468 1166 1470
f 806 807 808
f 1470 611 1468
f 1524 1222 1526
f 804 805 806
f 1526 639 1524
f 1496 1194 1500
f 802 803 804
f 1500 625 1496
f 1462 1160 1466
f 800 801 802
f 1466 608 1462
f 1444 1142 1448
f 797 799 800
f 1448 599 1444
f 1478 1176 1480
f 796 798 797
f 1480 616 1478
f 1544 1242 1546
f 794 795 796
f 1546 649 1544
f 1562 1260 1564
f 792 793 794
f 1564 658 1562
f 1504 1202 1506
f 790 791 792
f 1506 629 1504
f 1452 1150 1454
f 788 789 790
f 1454 603 1452
f 1534 1232 1536
f 786 787 788
f 1536 644 1534
f 1516 1214 1518
f 784 785 786
f 1518 635 1516
f 1480 1178 1482
f 782 783 784
f 1482 617 1480
f 1546 1244 1548
f 779 781 782
f 1548 650 1546
f 1564 1262 1566
f 778 780 779
f 1566 659 1564
f 1482 1180 1484
f 776 777 778
f 1484 618 1482
f 1548 1246 1550
f 774 775 776
f 1550 651 1548
f 1484 1182 1486
f 772 773 774
f 1486 619 1484
f 1566 1264 1568
f 769 771 772
f 1568 660 1566
f 1550 1248 1552
f 768 770 769
f 1552 652 1550
f 1486 1184 1488
f 766 767 768
f 1488 620 1486
f 1463 1161 1465
f 764 765 766
f 1465 609 1463
f 1497 1195 1499
f 761 763 764
f 1499 626 1497
f 1568 1266 1570
f 760 762 761
f 1570 661 1568
f 1506 1204 1508
f 758 759 760
f 1508 630 1506
f 1454 1152 1456
f 756 757 758
f 1456 604 1454
f 1471 1169 1473
f 1473 613 1471
f 962 979 1124
f 816 978 1055
f 1527 1225 1529
f 1529 641 1527
f 1537 1235 1539
f 1539 646 1537
f 1519 1217 1521
f 1521 637 1519
f 1509 1207 1511
f 1511 632 1509
f 1457 1155 1459
f 1459 606 1457
f 1555 1253 1557
f 1557 655 1555
f 1491 1189 1493
f 1493 623 1491
f 1552 1250 1554
f 1554 653 1552
f 1488 1186 1490
f 1490 621 1488
f 1445 1143 1447
f 1447 600 1445
f 1570 1268 1572
f 1572 662 1570
f 1470 1168 1474
f 1474 612 1470
f 1526 1224 1530
f 1530 640 1526
f 1498 1198 1502
f 1502 627 1498
f 1464 1164 1468
f 1468 610 1464
f 1446 1146 1450
f 1450 601 1446
f 1472 1172 1476
f 1476 614 1472
f 1528 1228 1532
f 1532 642 1528
f 1538 1238 1542
f 1542 647 1538
f 1556 1256 1560
f 1560 656 1556
f 1510 1210 1514
f 1514 633 1510
f 1520 1220 1524
f 1524 638 1520
f 1536 1234 1540
f 1540 645 1536
f 1518 1216 1522
f 1522 636 1518
f 1508 1206 1512
f 1512 631 1508
f 1456 1154 1460
f 1460 605 1456
f 1554 1252 1558
f 1558 654 1554
f 1490 1188 1494
f 1494 622 1490
f 1458 1158 1462
f 1462 607 1458
f 1492 1192 1496
f 1496 624 1492
f 1467 1163 1463
f 1463 610 1467
f 1501 1197 1497
f 1497 627 1501
f 1475 1171 1471
f 1471 614 1475
f 1531 1227 1527
f 1527 642 1531
f 1541 1237 1537
f 1537 647 1541
f 1523 1219 1519
f 1519 638 1523
f 1513 1209 1509
f 1509 633 1513
f 1559 1255 1555
f 1555 656 1559
f 1449 1145 1445
f 1445 601 1449
f 1465 1159 1461
f 1461 608 1465
f 1499 1193 1495
f 1495 625 1499
f 1572 1270 1574
f 1574 663 1572
f 1503 1199 1501
f 1501 628 1503
f 1477 1173 1475
f 1475 615 1477
f 1533 1229 1531
f 1531 643 1533
f 1543 1239 1541
f 1541 648 1543
f 1515 1211 1513
f 1513 634 1515
f 1561 1257 1559
f 1559 657 1561
f 1451 1147 1449
f 1449 602 1451
f 1500 1196 1498
f 1498 626 1500
f 1466 1162 1464
f 1464 609 1466
f 1473 1167 1469
f 1469 612 1473
f 1529 1223 1525
f 1525 640 1529
f 1448 1144 1446
f 1446 600 1448
f 1539 1233 1535
f 1535 645 1539
f 1521 1215 1517
f 1517 636 1521
f 1511 1205 1507
f 1507 631 1511
f 1459 1153 1455
f 1455 605 1459
f 1557 1251 1553
f 1553 654 1557
f 1493 1187 1489
f 1489 622 1493
f 1505 1201 1503
f 1503 629 1505
f 1479 1175 1477
f 1477 616 1479
f 1545 1241 1543
f 1543 649 1545
f 1563 1259 1561
f 1561 658 1563
f 1453 1149 1451
f 1451 603 1453
f 1474 1170 1472
f 1472 613 1474
f 1530 1226 1528
f 1528 641 1530
f 1481 1177 1479
f 1479 617 1481
f 1547 1243 1545
f 754 755 756
f 1285 971 973
f 1545 650 1547
f 1565 1261 1563
f 1284 970 972
f 751 753 754
f 1563 659 1565
f 1577 665 1582
f 1571 1267 1569
f 1575 665 1581
f 1442 596 1580
f 1569 662 1571
f 1438 597 1583
f 1483 1179 1481
f 1481 618 1483
f 1549 1245 1547
f 1547 651 1549
f 1567 1263 1565
f 1565 660 1567
f 1485 1181 1483
f 1483 619 1485
f 1569 1265 1567
f 1567 661 1569
f 1551 1247 1549
f 1549 652 1551
f 1487 1183 1485
f 1485 620 1487
f 1540 1236 1538
f 1538 646 1540
f 1522 1218 1520
f 1520 637 1522
f 1512 1208 1510
f 1510 632 1512
f 1558 1254 1556
f 1556 655 1558
f 1460 1156 1458
f 1458 606 1460
f 1494 1190 1492
f 1492 623 1494
f 1447 1141 1443
f 1443 599 1447
f 1461 1157 1457
f 1457 607 1461
f 1495 1191 1491
f 1491 624 1495
f 1441 1140 1444
f 1444 598 1441
f 1469 1165 1467
f 1467 611 1469
f 1525 1221 1523
f 1523 639 1525
f 1535 1231 1533
f 1533 644 1535
f 1517 1213 1515
f 1515 635 1517
f 1507 1203 1505
f 1505 630 1507
f 1455 1151 1453
f 1453 604 1455
f 1553 1249 1551
f 1551 653 1553
f 1489 1185 1487
f 1487 621 1489
f 1573 1269 1571
f 1571 663 1573
f 1443 1139 1440
f 1440 598 1443
f 1574 1272 1439
f 1439 664 1574
f 1442 1138 1441
f 1441 597 1442
f 1575 1271 1573
f 1573 664 1575
f 1056 978 817
f 1125 979 963
f 1741 985 977
f 985 1741 823
f 1740 984 976
f 984 1740 678
f 1583 597 1440
f 1582 665 1439
f 1580 596 1436
f 1581 665 1437
f 678 1432 679
f 823 1433 825
f 1286 976 984
f 1287 977 985
f 1739 969 965
f 983 1739 965
f 1738 968 820
f 982 1738 820
f 1737 174 176
f 1736 153 152
f 1735 176 178
f 1734 152 150
f 1733 178 181
f 1732 181 182
f 1731 182 185
f 1730 185 187
f 1729 187 188
f 1728 188 190
f 1727 190 193
f 1726 193 195
f 1725 195 197
f 1724 197 199
f 1723 199 201
f 1722 201 203
f 1721 203 204
f 1720 204 206
f 1719 206 208
f 1718 208 210
f 1717 210 212
f 1716 212 214
f 1715 214 217
f 1714 217 218
f 1713 218 220
f 1712 220 223
f 1711 223 225
f 1710 225 226
f 1709 226 228
f 1708 228 230
f 1707 230 232
f 1706 232 234
f 1705 234 236
f 1704 236 238
f 1703 238 241
f 1702 241 243
f 1701 243 244
f 1700 244 246
f 1699 246 249
f 1698 249 250
f 1697 250 253
f 1696 253 254
f 1695 254 256
f 1694 256 258
f 1693 258 261
f 1692 261 263
f 1691 263 264
f 1690 264 267
f 1689 267 268
f 1688 268 270
f 1687 270 272
f 1686 272 275
f 1685 275 276
f 1684 276 278
f 1683 278 281
f 1682 281 282
f 750 752 751
f 1681 282 284
f 158 1283 973
f 973 159 158
f 1680 284 286
f 170 1282 972
f 972 169 170
f 748 749 750
f 1679 286 288
f 1678 288 290
f 746 747 748
f 1677 290 293
f 1676 293 295
f 744 745 746
f 1675 295 296
f 1674 296 298
f 1673 298 300
f 1672 300 303
f 1671 303 304
f 1670 304 306
f 742 743 744
f 1669 306 308
f 1668 308 310
f 739 741 742
f 1667 310 312
f 1666 150 148
f 1280 1274 165
f 165 1274 166
f 1281 1275 163
f 163 1275 162
f 738 740 739
f 1665 148 146
f 1664 146 143
f 736 737 738
f 669 162 161
f 668 166 167
f 824 1131 1433
f 677 1130 1432
f 966 1132 1435
f 969 966 1435
f 819 1133 1434
f 968 819 1434
f 1663 143 141
f 1662 141 139
f 733 735 736
f 1661 139 138
f 1660 138 136
f 1585 1127 1133
f 1434 1133 1127
f 732 734 733
f 1584 1126 1132
f 1435 1132 1126
f 1659 136 134
f 1658 134 132
f 730 731 732
f 1657 132 130
f 1656 130 128
f 728 729 730
f 1655 128 126
f 1654 126 124
f 726 727 728
f 1653 124 121
f 1652 121 120
f 724 725 726
f 1651 120 118
f 1650 118 116
f 722 723 724
f 1649 116 113
f 1648 113 111
f 720 721 722
f 1647 111 109
f 1646 109 107
f 718 719 720
f 1645 107 105
f 1644 105 104
f 716 717 718
f 1643 104 102
f 1642 102 99
f 713 715 716
f 1641 99 97
f 1640 97 96
f 712 714 713
f 1639 96 94
f 1638 94 91
f 710 711 712
f 1637 91 89
f 1636 89 88
f 708 709 710
f 1635 88 86
f 1634 86 83
f 705 707 708
f 1633 83 82
f 1632 82 79
f 704 706 705
f 1631 79 77
f 1630 77 76
f 702 703 704
f 1629 76 73
f 1628 73 71
f 699 701 702
f 1627 71 69
f 1626 69 68
f 698 700 699
f 1625 68 66
f 1624 66 64
f 696 697 698
f 1623 64 62
f 1622 62 59
f 694 695 696
f 1621 59 57
f 1620 57 55
f 692 693 694
f 1619 55 54
f 1618 54 52
f 690 691 692
f 1617 52 50
f 1616 50 48
f 687 689 690
f 1615 48 45
f 1614 45 43
f 686 688 687
f 1613 43 41
f 1612 41 40
f 684 685 686
f 1584 1132 1436
f 1436 595 1584
f 962 961 964
f 816 815 818
f 827 828 830
f 681 682 683
f 829 830 832
f 684 683 685
f 959 960 961
f 957 958 960
f 956 955 958
f 953 954 955
f 951 952 954
f 949 950 952
f 947 948 950
f 945 946 948
f 944 943 946
f 941 942 943
f 939 940 942
f 938 937 940
f 935 936 937
f 933 934 936
f 931 932 934
f 930 929 932
f 927 928 929
f 925 926 928
f 923 924 926
f 921 922 924
f 919 920 922
f 917 918 920
f 915 916 918
f 913 914 916
f 911 912 914
f 910 909 912
f 907 908 909
f 905 906 908
f 904 903 906
f 901 902 903
f 899 900 902
f 897 898 900
f 895 896 898
f 893 894 896
f 892 891 894
f 889 890 891
f 887 888 890
f 885 886 888
f 883 884 886
f 882 881 884
f 879 880 881
f 877 878 880
f 875 876 878
f 874 873 876
f 871 872 873
f 869 870 872
f 867 868 870
f 865 866 868
f 864 863 866
f 861 862 863
f 859 860 862
f 857 858 860
f 855 856 858
f 853 854 856
f 851 852 854
f 849 850 852
f 847 848 850
f 846 845 848
f 843 844 845
f 841 842 844
f 839 840 842
f 837 838 840
f 835 836 838
f 833 834 836
f 831 832 834
f 814 813 815
f 812 811 813
f 810 809 811
f 808 807 809
f 806 805 807
f 804 803 805
f 802 801 803
f 800 799 801
f 797 798 799
f 796 795 798
f 794 793 795
f 792 791 793
f 790 789 791
f 788 787 789
f 786 785 787
f 784 783 785
f 782 781 783
f 779 780 781
f 778 777 780
f 776 775 777
f 774 773 775
f 772 771 773
f 769 770 771
f 768 767 770
f 766 765 767
f 764 763 765
f 761 762 763
f 760 759 762
f 758 757 759
f 756 755 757
f 754 753 755
f 751 752 753
f 750 749 752
f 748 747 749
f 746 745 747
f 744 743 745
f 742 741 743
f 739 740 741
f 738 737 740
f 736 735 737
f 733 734 735
f 732 731 734
f 730 729 731
f 728 727 729
f 726 725 727
f 724 723 725
f 722 721 723
f 720 719 721
f 718 717 719
f 716 715 717
f 713 714 715
f 712 711 714
f 710 709 711
f 708 707 709
f 705 706 707
f 704 703 706
f 702 701 703
f 699 700 701
f 698 697 700
f 696 695 697
f 694 693 695
f 692 691 693
f 690 689 691
f 687 688 689
f 686 685 688
f 1279 1287 1593
f 1746 1282 171
f 319 1279 1593
f 1278 1286 1592
f 1746 1 155
f 10 1278 1592
f 1585 1133 1437
f 1437 666 1585
f 971 965 671
f 965 967 671
f 970 820 670
f 820 821 670
f 971 1285 983
f 965 971 983
f 970 1284 982
f 820 970 982
f 1130 1578 1576
f 1578 595 1576
f 671 669 161
f 671 161 160
f 670 668 167
f 670 167 168
f 1131 1579 1577
f 1579 666 1577
f 1593 1287 1597
f 1289 1597 1287
f 317 1593 1597
f 1592 1286 1596
f 1288 1596 1286
f 12 1592 1596
f 594 1590 1584
f 667 1591 1585
f 1597 1289 1599
f 1291 1599 1289
f 314 1597 1599
f 1596 1288 1598
f 1290 1598 1288
f 13 1596 1598
f 1737 1429 1595
f 1285 1595 1429
f 174 1737 1595
f 1736 1428 1594
f 1284 1594 1428
f 153 1736 1594
f 1599 1291 1667
f 1359 1667 1291
f 312 1599 1667
f 1598 1290 1600
f 1292 1600 1290
f 15 1598 1600
f 1667 1359 1668
f 1360 1668 1359
f 310 1667 1668
f 1600 1292 1601
f 1293 1601 1292
f 17 1600 1601
f 1733 1425 1735
f 1427 1735 1425
f 178 1733 1735
f 1666 1358 1734
f 1426 1734 1358
f 150 1666 1734
f 1668 1360 1669
f 1361 1669 1360
f 308 1668 1669
f 1601 1293 1602
f 1294 1602 1293
f 19 1601 1602
f 1669 1361 1670
f 1362 1670 1361
f 306 1669 1670
f 1602 1294 1603
f 1295 1603 1294
f 21 1602 1603
f 1732 1424 1733
f 1425 1733 1424
f 1273 1581 1437
f 181 1732 1733
f 1665 1357 1666
f 1136 1580 1436
f 1358 1666 1357
f 148 1665 1666
f 1135 1582 1439
f 1670 1362 1671
f 1363 1671 1362
f 304 1670 1671
f 1603 1295 1604
f 1296 1604 1295
f 1611 40 38
f 23 1603 1604
f 1671 1363 1672
f 1137 1583 1440
f 1364 1672 1363
f 303 1671 1672
f 1610 38 36
f 1604 1296 1605
f 1297 1605 1296
f 1609 36 33
f 26 1604 1605
f 1672 1364 1673
f 1608 33 31
f 1365 1673 1364
f 300 1672 1673
f 1607 31 29
f 1605 1297 1606
f 1298 1606 1297
f 1606 29 28
f 28 1605 1606
f 1731 1423 1732
f 1605 28 26
f 1424 1732 1423
f 182 1731 1732
f 1604 26 23
f 1730 1422 1731
f 1423 1731 1422
f 1603 23 21
f 185 1730 1731
f 1729 1421 1730
f 1602 21 19
f 1422 1730 1421
f 187 1729 1730
f 676 1430 677
f 1728 1420 1729
f 1421 1729 1420
f 1430 1128 677
f 188 1728 1729
f 1727 1419 1728
f 822 1431 824
f 1420 1728 1419
f 190 1727 1728
f 1431 1129 824
f 1726 1418 1727
f 1419 1727 1418
f 1588 594 1578
f 193 1726 1727
f 1725 1417 1726
f 1589 667 1579
f 1418 1726 1417
f 195 1725 1726
f 820 1434 821
f 1724 1416 1725
f 1417 1725 1416
f 1434 1127 821
f 197 1724 1725
f 1723 1415 1724
f 965 1435 967
f 1416 1724 1415
f 199 1723 1724
f 1435 1126 967
f 1722 1414 1723
f 1415 1723 1414
f 1601 19 17
f 201 1722 1723
f 1721 1413 1722
f 1600 17 15
f 1414 1722 1413
f 203 1721 1722
f 594 1588 1280
f 1720 1412 1721
f 1413 1721 1412
f 1588 1274 1280
f 204 1720 1721
f 1719 1411 1720
f 667 1589 1281
f 1412 1720 1411
f 206 1719 1720
f 1589 1275 1281
f 1718 1410 1719
f 1411 1719 1410
f 1599 312 314
f 208 1718 1719
f 1717 1409 1718
f 1598 15 13
f 1410 1718 1409
f 210 1717 1718
f 1597 314 317
f 1716 1408 1717
f 1409 1717 1408
f 1596 13 12
f 212 1716 1717
f 1715 1407 1716
f 1595 172 174
f 1408 1716 1407
f 214 1715 1716
f 1594 155 153
f 1714 1406 1715
f 1407 1715 1406
f 1593 317 319
f 217 1714 1715
f 1713 1405 1714
f 1592 12 10
f 1406 1714 1405
f 218 1713 1714
f 824 1587 822
f 1712 1404 1713
f 1405 1713 1404
f 1587 977 822
f 220 1712 1713
f 1711 1403 1712
f 677 1586 676
f 1404 1712 1403
f 223 1711 1712
f 1586 976 676
f 1710 1402 1711
f 1403 1711 1402
f 1435 965 969
f 225 1710 1711
f 1709 1401 1710
f 1434 820 968
f 1402 1710 1401
f 226 1709 1710
f 1426 978 1056
f 1708 1400 1709
f 1401 1709 1400
f 1427 979 1125
f 228 1708 1709
f 1707 1399 1708
f 10 674 1278
f 1400 1708 1399
f 230 1707 1708
f 170 1278 171
f 1706 1398 1707
f 1399 1707 1398
f 674 171 1278
f 232 1706 1707
f 1705 1397 1706
f 158 1279 157
f 1398 1706 1397
f 234 1705 1706
f 319 675 1279
f 1704 1396 1705
f 1397 1705 1396
f 675 157 1279
f 236 1704 1705
f 1703 1395 1704
f 1277 668 821
f 1396 1704 1395
f 238 1703 1704
f 668 670 821
f 1702 1394 1703
f 1395 1703 1394
f 1276 669 967
f 241 1702 1703
f 1701 1393 1702
f 669 671 967
f 1394 1702 1393
f 243 1701 1702
f 972 1282 1284
f 1700 1392 1701
f 1393 1701 1392
f 973 1283 1285
f 244 1700 1701
f 1699 1391 1700
f 676 976 980
f 1392 1700 1391
f 246 1699 1700
f 976 1286 980
f 1698 1390 1699
f 1391 1699 1390
f 822 977 981
f 249 1698 1699
f 1697 1389 1698
f 977 1287 981
f 1390 1698 1389
f 250 1697 1698
f 155 1594 1282
f 1696 1388 1697
f 1389 1697 1388
f 1594 1284 1282
f 253 1696 1697
f 1695 1387 1696
f 172 1595 1283
f 1388 1696 1387
f 254 1695 1696
f 1595 1285 1283
f 1694 1386 1695
f 1387 1695 1386
f 152 1734 1736
f 256 1694 1695
f 1693 1385 1694
f 1427 1745 1735
f 1386 1694 1385
f 258 1693 1694
f 1737 1745 1429
f 1692 1384 1693
f 1385 1693 1384
f 176 1735 1737
f 261 1692 1693
f 1691 1383 1692
f 1745 1737 1735
f 1384 1692 1383
f 263 1691 1692
f 1745 1427 1429
f 1690 1382 1691
f 1383 1691 1382
f 29 1606 1607
f 264 1690 1691
f 1689 1381 1690
f 1299 1607 1298
f 1382 1690 1381
f 267 1689 1690
f 1606 1298 1607
f 1688 1380 1689
f 1381 1689 1380
f 31 1607 1608
f 268 1688 1689
f 1687 1379 1688
f 1300 1608 1299
f 1380 1688 1379
f 270 1687 1688
f 1607 1299 1608
f 1686 1378 1687
f 1379 1687 1378
f 33 1608 1609
f 272 1686 1687
f 1685 1377 1686
f 1301 1609 1300
f 1378 1686 1377
f 275 1685 1686
f 1608 1300 1609
f 1684 1376 1685
f 1377 1685 1376
f 36 1609 1610
f 276 1684 1685
f 1683 1375 1684
f 1302 1610 1301
f 1376 1684 1375
f 278 1683 1684
f 1609 1301 1610
f 1682 1374 1683
f 1375 1683 1374
f 38 1610 1611
f 281 1682 1683
f 1681 1373 1682
f 1303 1611 1302
f 1374 1682 1373
f 282 1681 1682
f 1610 1302 1611
f 1680 1372 1681
f 1373 1681 1372
f 40 1611 1612
f 284 1680 1681
f 1679 1371 1680
f 1304 1612 1303
f 1372 1680 1371
f 286 1679 1680
f 1611 1303 1612
f 1678 1370 1679
f 1371 1679 1370
f 41 1612 1613
f 288 1678 1679
f 1677 1369 1678
f 1305 1613 1304
f 1370 1678 1369
f 290 1677 1678
f 1612 1304 1613
f 1676 1368 1677
f 1369 1677 1368
f 43 1613 1614
f 293 1676 1677
f 1675 1367 1676
f 1306 1614 1305
f 1368 1676 1367
f 295 1675 1676
f 1613 1305 1614
f 1674 1366 1675
f 1367 1675 1366
f 45 1614 1615
f 296 1674 1675
f 1673 1365 1674
f 1307 1615 1306
f 1366 1674 1365
f 298 1673 1674
f 1614 1306 1615
f 1664 1356 1665
f 1357 1665 1356
f 48 1615 1616
f 146 1664 1665
f 1663 1355 1664
f 1308 1616 1307
f 1356 1664 1355
f 143 1663 1664
f 1615 1307 1616
f 1662 1354 1663
f 1355 1663 1354
f 50 1616 1617
f 141 1662 1663
f 1661 1353 1662
f 1309 1617 1308
f 1354 1662 1353
f 139 1661 1662
f 1616 1308 1617
f 1660 1352 1661
f 1353 1661 1352
f 52 1617 1618
f 138 1660 1661
f 1659 1351 1660
f 1310 1618 1309
f 1352 1660 1351
f 136 1659 1660
f 1617 1309 1618
f 1658 1350 1659
f 1351 1659 1350
f 54 1618 1619
f 134 1658 1659
f 1657 1349 1658
f 1311 1619 1310
f 1350 1658 1349
f 132 1657 1658
f 1618 1310 1619
f 1656 1348 1657
f 1349 1657 1348
f 55 1619 1620
f 130 1656 1657
f 1655 1347 1656
f 1312 1620 1311
f 1348 1656 1347
f 128 1655 1656
f 1619 1311 1620
f 1654 1346 1655
f 1347 1655 1346
f 57 1620 1621
f 126 1654 1655
f 1653 1345 1654
f 1313 1621 1312
f 1346 1654 1345
f 124 1653 1654
f 1620 1312 1621
f 1652 1344 1653
f 1345 1653 1344
f 59 1621 1622
f 121 1652 1653
f 1651 1343 1652
f 1314 1622 1313
f 1344 1652 1343
f 120 1651 1652
f 1621 1313 1622
f 1650 1342 1651
f 1343 1651 1342
f 62 1622 1623
f 118 1650 1651
f 1649 1341 1650
f 1315 1623 1314
f 1342 1650 1341
f 116 1649 1650
f 1622 1314 1623
f 1648 1340 1649
f 1341 1649 1340
f 64 1623 1624
f 113 1648 1649
f 1647 1339 1648
f 1316 1624 1315
f 1340 1648 1339
f 111 1647 1648
f 1623 1315 1624
f 1646 1338 1647
f 1339 1647 1338
f 66 1624 1625
f 109 1646 1647
f 1645 1337 1646
f 1317 1625 1316
f 1338 1646 1337
f 107 1645 1646
f 1624 1316 1625
f 1644 1336 1645
f 1337 1645 1336
f 68 1625 1626
f 105 1644 1645
f 1643 1335 1644
f 1318 1626 1317
f 1336 1644 1335
f 104 1643 1644
f 1625 1317 1626
f 1642 1334 1643
f 1335 1643 1334
f 69 1626 1627
f 102 1642 1643
f 1641 1333 1642
f 1319 1627 1318
f 1334 1642 1333
f 99 1641 1642
f 1626 1318 1627
f 1640 1332 1641
f 1333 1641 1332
f 71 1627 1628
f 97 1640 1641
f 1639 1331 1640
f 1320 1628 1319
f 1332 1640 1331
f 96 1639 1640
f 1627 1319 1628
f 1638 1330 1639
f 1331 1639 1330
f 73 1628 1629
f 94 1638 1639
f 1637 1329 1638
f 1330 1638 1329
f 91 1637 1638
f 1636 1328 1637
f 1329 1637 1328
f 89 1636 1637
f 1635 1327 1636
f 1328 1636 1327
f 88 1635 1636
f 824 1129 1131
f 677 1128 1130
f 1634 1326 1635
f 1283 158 157
f 1327 1635 1326
f 86 1634 1635
f 1282 170 171
f 1633 1325 1634
f 1326 1634 1325
f 83 1633 1634
f 1632 1324 1633
f 821 1127 1277
f 1325 1633 1324
f 967 1126 1276
f 82 1632 1633
f 1631 1323 1632
f 1324 1632 1323
f 79 1631 1632
f 1630 1322 1631
f 1323 1631 1322
f 77 1630 1631
f 1629 1321 1630
f 1322 1630 1321
f 76 1629 1630
f 1628 1320 1629
f 1321 1629 1320
f 1742 981 1287
f 1742 1279 158
f 1279 1742 1287
f 981 1742 158
f 1743 980 1286
f 1743 1278 170
f 1278 1743 1286
f 980 1743 170
f 1744 1426 1428
f 1744 1736 1734
f 1736 1744 1428
f 1426 1744 1734
f 1750 1894 1919
f 1753 1893 1929
f 1756 1891 1928
f 1754 1892 1927
f 1748 1888 1918
f 1758 1886 1906
f 1752 1895 1909
f 1757 1890 1915
f 1759 1889 1903
f 1749 1887 1900
f 1761 1885 1932
f 1762 1883 1907
f 1763 1882 1921
f 1767 1879 1943
f 1760 1884 1930
f 1765 1881 1938
f 1768 1877 1934
f 1766 1878 1935
f 1770 1880 1936
f 1769 1876 1942
f 1750 1843 1894
f 1753 1845 1893
f 1756 1841 1891
f 1754 1846 1892
f 1758 1840 1886
f 1757 1842 1890
f 1752 1847 1895
f 1748 1839 1888
f 1759 1844 1889
f 1749 1836 1887
f 1761 1838 1885
f 1763 1831 1882
f 1762 1833 1883
f 1760 1837 1884
f 1765 1834 1881
f 1767 1832 1879
f 1768 1830 1877
f 1766 1828 1878
f 1770 1835 1880
f 1769 1827 1876
f 1820 321 1896
f 325 1821 1896
f 415 1818 1897
f 1819 410 1897
f 1869 305 1958
f 318 1868 1967
f 1823 1751 1968
f 1755 1822 1969
f 1764 1825 1826
f 1824 1771 1829
f 1751 1868 1968
f 1869 1755 1969
f 321 322 1896
f 322 325 1896
f 1772 1819 1897
f 1818 1772 1897
f 1825 1773 1875
f 413 415 1897
f 410 413 1897
f 1825 1875 1970
f 307 305 1869
f 318 316 1868
f 1824 179 1875
f 1821 1773 1896
f 1773 1820 1896
f 1826 1825 1971
f 1824 1829 1972
f 1818 415 1870
f 410 1819 1871
f 1821 325 1873
f 321 1820 1872
f 1794 1869 1958
f 1868 1774 1967
f 1789 1841 1904
f 1793 1843 1920
f 1792 1845 1940
f 1787 1842 1912
f 1795 1847 1941
f 1790 1844 1937
f 1775 1839 1901
f 1791 1846 1922
f 1780 1840 1917
f 1794 1836 1908
f 1776 1838 1905
f 1785 1837 1925
f 1783 1833 1923
f 1777 1831 1913
f 1782 1834 1931
f 1786 1835 1933
f 1784 1832 1926
f 1788 1828 1939
f 1779 1830 1910
f 1778 1827 1924
f 1781 1829 1916
f 1826 1774 1902
f 1772 1823 1874
f 1822 1772 1874
f 1751 1818 1870
f 1819 1755 1871
f 1798 1851 1900
f 1851 1796 1908
f 1848 1798 1901
f 1860 1805 1925
f 1865 1804 1926
f 1810 1860 1930
f 1801 1848 1918
f 1862 1806 1913
f 1806 1859 1907
f 1809 1863 1934
f 1803 1864 1942
f 1800 1852 1927
f 1863 1808 1910
f 1805 1858 1932
f 1808 1866 1935
f 1854 1814 1912
f 1799 1850 1909
f 1807 1862 1921
f 1859 1810 1923
f 1850 1802 1941
f 1852 1801 1922
f 1861 1807 1931
f 1867 1816 1933
f 1864 1809 1924
f 1804 1867 1936
f 1866 1813 1939
f 1813 1865 1943
f 1802 1849 1929
f 1812 1856 1906
f 1858 1812 1905
f 1814 1855 1928
f 1816 1861 1938
f 1853 1799 1920
f 1857 1815 1937
f 1817 1857 1903
f 1815 1854 1915
f 1855 1811 1904
f 1849 1800 1940
f 1811 1853 1919
f 1856 1817 1917
f 1894 1789 1919
f 1893 1795 1929
f 1886 1776 1906
f 1892 1792 1927
f 1891 1787 1928
f 1889 1780 1903
f 1890 1790 1915
f 1888 1791 1918
f 1895 1793 1909
f 1887 1775 1900
f 1883 1777 1907
f 1879 1788 1943
f 1882 1782 1921
f 1885 1785 1932
f 1881 1786 1938
f 1884 1783 1930
f 1877 1778 1934
f 1878 1779 1935
f 1880 1784 1936
f 1876 1781 1942
f 1820 1764 1872
f 1771 1821 1873
f 1841 1756 1904
f 1843 1750 1920
f 1842 1757 1912
f 1845 1753 1940
f 1844 1759 1937
f 1847 1752 1941
f 1839 1748 1901
f 1846 1754 1922
f 1840 1758 1917
f 1836 1749 1908
f 1838 1761 1905
f 1837 1760 1925
f 1833 1762 1923
f 1831 1763 1913
f 1834 1765 1931
f 1835 1770 1933
f 1832 1767 1926
f 1828 1766 1939
f 1830 1768 1910
f 1827 1769 1924
f 1829 1771 1916
f 1764 1826 1902
f 1818 1751 1899
f 1755 1819 1898
f 1749 1851 1908
f 1851 1749 1900
f 1748 1848 1901
f 1848 1748 1918
f 1860 1760 1930
f 1768 1863 1910
f 1858 1761 1932
f 1859 1762 1907
f 1760 1860 1925
f 1862 1763 1921
f 1864 1769 1942
f 1767 1865 1926
f 1863 1768 1934
f 1763 1862 1913
f 1865 1767 1943
f 1752 1850 1941
f 1866 1766 1935
f 1867 1770 1936
f 1762 1859 1923
f 1759 1857 1937
f 1757 1854 1912
f 1753 1849 1940
f 1770 1867 1933
f 1852 1754 1927
f 1850 1752 1909
f 1765 1861 1931
f 1769 1864 1924
f 1849 1753 1929
f 1754 1852 1922
f 1855 1756 1928
f 1861 1765 1938
f 1766 1866 1939
f 1853 1750 1919
f 1750 1853 1920
f 1761 1858 1905
f 1854 1757 1915
f 1856 1758 1906
f 1756 1855 1904
f 1758 1856 1917
f 1857 1759 1903
f 1772 1818 1899
f 1819 1772 1898
f 179 177 1875
f 1764 1820 1945
f 1821 1771 1944
f 1820 1773 1945
f 1773 1821 1944
f 1823 1772 1899
f 1772 1822 1898
f 1824 1773 1944
f 1773 1825 1945
f 1773 1824 1875
f 1870 1797 1911
f 1796 1871 1914
f 1771 1824 1944
f 1825 1764 1945
f 1751 1823 1899
f 1822 1755 1898
f 1852 1800 1976
f 1851 1798 1975
f 1850 1799 1978
f 1805 1860 1987
f 1856 1812 1989
f 1859 1806 1983
f 1796 1851 1974
f 1849 1802 1979
f 1798 1848 1975
f 1801 1852 1977
f 1804 1865 1991
f 1857 1817 1994
f 1812 1858 1989
f 1814 1854 1990
f 1853 1811 1988
f 1813 1866 1984
f 1811 1855 1988
f 1806 1862 1983
f 1807 1861 1985
f 1808 1863 1981
f 1810 1859 1986
f 1854 1815 1993
f 1816 1867 1992
f 1860 1810 1986
f 1855 1814 1990
f 1848 1801 1977
f 1809 1864 1980
f 1863 1809 1980
f 1858 1805 1987
f 1862 1807 1985
f 1799 1853 1978
f 1802 1850 1979
f 1864 1803 1982
f 1817 1856 1994
f 1866 1808 1981
f 1815 1857 1993
f 1861 1816 1992
f 1800 1849 1976
f 1867 1804 1991
f 1865 1813 1984
f 179 1824 1972
f 1797 1872 1902
f 1873 1803 1916
f 1751 1870 1911
f 1871 1755 1914
f 173 4 1826
f 302 301 1836
f 189 186 1827
f 183 180 1829
f 194 192 1830
f 224 222 1831
f 231 229 1833
f 200 198 1828
f 213 211 1835
f 207 205 1832
f 242 240 1838
f 219 216 1834
f 297 294 1839
f 248 247 1840
f 237 235 1837
f 266 265 1841
f 260 259 1842
f 273 271 1843
f 285 283 1845
f 279 277 1847
f 291 289 1846
f 255 252 1844
f 1843 1793 1947
f 1841 1789 1946
f 1845 1792 1949
f 1847 1795 1952
f 1842 1787 1948
f 1844 1790 1950
f 1839 1775 1954
f 1840 1780 1951
f 1846 1791 1953
f 1838 1776 1955
f 1836 1794 1958
f 1837 1785 1957
f 1833 1783 1956
f 1831 1777 1959
f 1834 1782 1960
f 1832 1784 1962
f 1835 1786 1961
f 1830 1779 1964
f 1828 1788 1963
f 1827 1778 1965
f 1829 1781 1966
f 1774 1826 1967
f 5 321 1872
f 325 327 1873
f 1872 1764 1902
f 1771 1873 1916
f 408 410 1871
f 415 416 1870
f 396 399 1852
f 393 394 1849
f 388 391 1850
f 400 403 1848
f 404 406 1851
f 385 387 1853
f 377 378 1854
f 380 383 1855
f 369 370 1856
f 364 366 1858
f 357 358 1859
f 372 374 1857
f 360 362 1860
f 349 351 1861
f 353 355 1862
f 336 338 1866
f 332 334 1863
f 345 347 1867
f 328 330 1864
f 341 342 1865
f 1868 1751 1911
f 1755 1869 1914
f 1774 1868 1911
f 1869 1794 1914
f 396 1852 1976
f 393 1849 1979
f 388 1850 1978
f 1848 403 1975
f 369 1856 1989
f 385 1853 1988
f 404 1851 1975
f 1851 406 1974
f 377 1854 1993
f 1854 378 1990
f 1852 399 1977
f 1853 387 1978
f 357 1859 1983
f 400 1848 1977
f 1858 366 1989
f 372 1857 1994
f 1855 383 1988
f 1860 362 1987
f 380 1855 1990
f 1861 351 1985
f 1850 391 1979
f 1849 394 1976
f 1865 342 1991
f 1859 358 1986
f 1866 338 1984
f 1867 347 1992
f 1863 334 1981
f 360 1860 1986
f 349 1861 1992
f 1856 370 1994
f 1862 355 1983
f 353 1862 1985
f 1864 330 1980
f 364 1858 1987
f 1857 374 1993
f 336 1866 1981
f 328 1864 1982
f 332 1863 1980
f 341 1865 1984
f 345 1867 1991
f 1797 1870 1973
f 1871 1796 1974
f 1874 1823 1995
f 1822 1874 1996
f 1872 1797 1973
f 1803 1873 1982
f 1870 416 1973
f 408 1871 1974
f 313 311 1874
f 1970 175 1971
f 1828 198 1878
f 1827 186 1876
f 1830 192 1877
f 1835 211 1880
f 1832 205 1879
f 1833 229 1883
f 1831 222 1882
f 1834 216 1881
f 1838 240 1885
f 1837 235 1884
f 1836 301 1887
f 1840 247 1886
f 1839 294 1888
f 1841 265 1891
f 1844 252 1889
f 1842 259 1890
f 1846 289 1892
f 1847 277 1895
f 1843 271 1894
f 1845 283 1893
f 5 1872 1973
f 1873 327 1982
f 1826 4 1967
f 207 1832 1962
f 273 1843 1947
f 194 1830 1964
f 219 1834 1960
f 285 1845 1949
f 224 1831 1959
f 213 1835 1961
f 248 1840 1951
f 297 1839 1954
f 183 1829 1966
f 242 1838 1955
f 279 1847 1952
f 200 1828 1963
f 231 1833 1956
f 302 1836 1958
f 291 1846 1953
f 266 1841 1946
f 189 1827 1965
f 260 1842 1948
f 255 1844 1950
f 237 1837 1957
f 186 184 1876
f 211 209 1880
f 192 191 1877
f 198 196 1878
f 301 299 1887
f 235 233 1884
f 229 227 1883
f 222 221 1882
f 240 239 1885
f 265 262 1891
f 216 215 1881
f 252 251 1889
f 277 274 1895
f 205 202 1879
f 294 292 1888
f 247 245 1886
f 259 257 1890
f 289 287 1892
f 271 269 1894
f 283 280 1893
f 1825 1970 1971
f 307 1869 1969
f 1868 316 1968
f 180 179 1972
f 175 173 1971
f 173 1826 1971
f 1829 180 1972
f 1874 311 1996
f 313 1874 1995
f 309 307 1969
f 316 315 1968
f 1891 262 1948
f 1895 274 1947
f 1894 269 1946
f 1887 299 1954
f 1890 257 1950
f 1892 287 1949
f 1888 292 1953
f 1889 251 1951
f 1884 233 1956
f 1885 239 1957
f 1893 280 1952
f 1886 245 1955
f 1876 184 1966
f 1883 227 1959
f 1882 221 1960
f 1880 209 1962
f 1877 191 1965
f 1878 196 1964
f 1881 215 1961
f 1879 202 1963
f 1787 1891 1948
f 1789 1894 1946
f 1780 1889 1951
f 1775 1887 1954
f 1790 1890 1950
f 1793 1895 1947
f 1783 1884 1956
f 1785 1885 1957
f 1791 1888 1953
f 1792 1892 1949
f 1778 1877 1965
f 1781 1876 1966
f 1788 1879 1963
f 1795 1893 1952
f 1776 1886 1955
f 1777 1883 1959
f 1782 1882 1960
f 1784 1880 1962
f 1779 1878 1964
f 1786 1881 1961
f 177 175 1970
f 274 273 1947
f 262 260 1948
f 292 291 1953
f 269 266 1946
f 287 285 1949
f 299 297 1954
f 257 255 1950
f 245 242 1955
f 280 279 1952
f 233 231 1956
f 251 248 1951
f 227 224 1959
f 196 194 1964
f 305 302 1958
f 215 213 1961
f 239 237 1957
f 221 219 1960
f 202 200 1963
f 191 189 1965
f 209 207 1962
f 184 183 1966
f 4 318 1967
f 1875 177 1970
f 416 5 1973
f 403 404 1975
f 399 400 1977
f 383 385 1988
f 327 328 1982
f 330 332 1980
f 355 357 1983
f 351 353 1985
f 366 369 1989
f 391 393 1979
f 338 341 1984
f 342 345 1991
f 362 364 1987
f 334 336 1981
f 370 372 1994
f 374 377 1993
f 394 396 1976
f 347 349 1992
f 406 408 1974
f 378 380 1990
f 387 388 1978
f 358 360 1986
f 315 313 1995
f 311 309 1996
f 1817 1903 1917
f 1905 1812 1906
f 1798 1900 1901
f 1912 1814 1928
f 1806 1907 1913
f 1801 1918 1922
f 1799 1909 1920
f 1904 1811 1919
f 1933 1816 1938
f 1802 1929 1941
f 1916 1803 1942
f 1800 1927 1940
f 1926 1804 1936
f 1910 1808 1935
f 1924 1809 1934
f 1923 1810 1930
f 1815 1915 1937
f 1925 1805 1932
f 1807 1921 1931
f 1908 1796 1914
f 1939 1813 1943
f 1797 1902 1911
f 1903 1780 1917
f 1776 1905 1906
f 1900 1775 1901
f 1789 1904 1919
f 1786 1933 1938
f 1907 1777 1913
f 1921 1782 1931
f 1781 1916 1942
f 1787 1912 1928
f 1909 1793 1920
f 1915 1790 1937
f 1778 1924 1934
f 1785 1925 1932
f 1779 1910 1935
f 1902 1774 1911
f 1783 1923 1930
f 1929 1795 1941
f 1784 1926 1936
f 1918 1791 1922
f 1927 1792 1940
f 1788 1939 1943
f 1794 1908 1914
f 1823 1968 1995
f 1969 1822 1996
f 1968 315 1995
f 309 1969 1996
f 2055 2238 2126
f 2003 2218 2137
f 2009 2206 2129
f 2070 2252 2222
f 2318 2396 81
f 2316 2395 133
f 127 2394 2317
f 75 2397 2319
f 2321 2398 108
f 101 2399 2320
f 2079 2337 2132
f 2121 2396 2318
f 2317 2394 2119
f 2120 2395 2316
f 2124 2398 2321
f 2319 2397 2122
f 2320 2399 2123
f 2160 2194 2010
f 2061 2194 2160
f 2161 2195 2054
f 2062 2195 2161
f 2031 2339 2151
f 2150 2338 2030
f 2139 2186 2006
f 2007 2187 2140
f 2142 2191 2005
f 2004 2189 2141
f 1999 2306 2131
f 2131 2306 2071
f 2072 2307 2132
f 2156 2195 2011
f 2054 2195 2156
f 2033 2227 2164
f 2003 2254 2162
f 2162 2254 2074
f 2070 2243 2211
f 2189 2290 2092
f 2004 2290 2189
f 2186 2295 2006
f 2094 2295 2186
f 2007 2294 2187
f 2187 2294 2095
f 2053 2256 2128
f 2057 2197 2184
f 2057 2184 2165
f 2174 2270 2118
f 2081 2373 2205
f 2279 2373 2081
f 2218 2457 2137
f 2126 2331 2055
f 2115 2328 2248
f 2082 2255 2198
f 2198 2255 2002
f 2131 2474 1999
f 2133 2473 1998
f 1998 2472 2134
f 2156 2202 2054
f 2175 2197 2057
f 2060 2197 2175
f 2248 2328 2048
f 2001 2236 2205
f 2205 2236 2081
f 2143 2386 2065
f 2066 2387 2144
f 2128 2322 2053
f 2143 2344 154
f 56 2345 2144
f 2042 2227 2153
f 95 2374 2166
f 2167 2375 114
f 70 2379 2169
f 122 2376 2168
f 2171 2378 140
f 2170 2377 87
f 2172 2380 61
f 147 2381 2173
f 32 2372 2154
f 2132 2257 2079
f 2034 2229 2166
f 2167 2231 2035
f 2037 2230 2168
f 2039 2233 2169
f 2170 2228 2036
f 2171 2234 2038
f 2040 2235 2173
f 2172 2232 2041
f 2034 2391 2147
f 2056 2457 2218
f 2151 2339 2289
f 2288 2338 2150
f 2161 2184 2013
f 2054 2184 2161
f 2030 2253 2150
f 2011 2201 2156
f 2153 2343 2006
f 2159 2266 2101
f 2183 2252 2070
f 2183 2207 1997
f 2064 2207 2183
f 2129 2287 2009
f 2151 2266 2031
f 2063 2193 2160
f 2160 2193 2061
f 2212 2251 2027
f 2083 2251 2212
f 2071 2273 2131
f 2132 2274 2072
f 2073 2271 2133
f 2134 2272 2073
f 2138 2249 2015
f 2032 2280 2152
f 2065 2260 2135
f 2136 2259 2066
f 2153 2295 2042
f 2043 2294 2152
f 2005 2291 2151
f 2045 2290 2150
f 98 2374 95
f 114 2375 112
f 72 2379 70
f 123 2376 122
f 140 2378 137
f 87 2377 85
f 61 2380 60
f 149 2381 147
f 2133 2323 2073
f 1998 2323 2133
f 2134 2323 1998
f 2073 2323 2134
f 2092 2190 2189
f 2189 2190 2036
f 2191 2192 2093
f 2037 2192 2191
f 2095 2188 2187
f 2187 2188 2041
f 2094 2186 2185
f 2185 2186 2040
f 2184 2197 2013
f 2057 2207 2204
f 2165 2184 2054
f 2061 2498 2156
f 2270 2447 2118
f 2054 2202 2165
f 2068 2393 2154
f 2069 2275 2206
f 2227 2417 2164
f 2255 2286 2067
f 2060 2258 2236
f 2353 2407 2042
f 2199 2270 2000
f 2135 2276 2065
f 2066 2277 2136
f 2156 2475 2061
f 2013 2466 2161
f 2219 2279 2081
f 2266 2439 2101
f 2204 2207 2064
f 2015 2438 2138
f 2167 2311 2085
f 2035 2311 2167
f 2169 2312 2039
f 2088 2312 2169
f 2171 2313 2089
f 2038 2313 2171
f 2037 2359 2230
f 2228 2358 2036
f 2040 2361 2235
f 2232 2360 2041
f 2014 2383 2219
f 2219 2383 2125
f 2057 2204 2175
f 2161 2466 2447
f 2221 2297 22
f 2047 2455 2155
f 2155 2455 2117
f 2211 2243 2015
f 2165 2207 2057
f 2156 2498 2202
f 2165 2202 1997
f 2336 2442 2131
f 2153 2227 2033
f 2246 2293 2033
f 1997 2207 2165
f 2031 2266 2159
f 2222 2252 2063
f 2175 2204 2014
f 2162 2218 2003
f 2155 2341 2009
f 2012 2322 2164
f 2330 2403 2135
f 2136 2404 2329
f 2010 2220 2159
f 2163 2253 2030
f 2180 2302 2050
f 2051 2301 2179
f 2178 2300 2052
f 2006 2262 2139
f 2140 2263 2007
f 2141 2264 2004
f 2005 2265 2142
f 2198 2269 2082
f 2201 2475 2156
f 2210 2222 2012
f 2254 2261 2083
f 2307 2437 2132
f 2065 2268 2143
f 2144 2267 2066
f 2329 2404 2103
f 2102 2403 2330
f 37 2278 2209
f 22 2297 20
f 2010 2217 2160
f 2150 2253 2045
f 2137 2409 2003
f 2219 2480 2279
f 2201 2238 2055
f 2014 2258 2175
f 2031 2382 2245
f 2245 2382 2127
f 2055 2499 2194
f 2070 2211 2183
f 2183 2211 2064
f 2196 2322 2012
f 2310 2443 2016
f 2070 2222 2210
f 2210 2243 2070
f 2246 2442 2293
f 2147 2391 2310
f 2145 2435 2104
f 2159 2392 2010
f 2101 2392 2159
f 34 2372 32
f 2194 2499 2220
f 2163 2238 2011
f 2111 2341 2250
f 2157 2516 2008
f 2068 2315 2145
f 2117 2441 2155
f 2250 2341 2049
f 2236 2258 2081
f 2134 2476 2335
f 2334 2477 2133
f 2106 2253 2163
f 2299 2327 2075
f 2175 2258 2060
f 2058 2237 2205
f 2275 2434 2206
f 2044 2266 2151
f 2198 2226 2059
f 2042 2407 2181
f 2158 2249 2056
f 2065 2386 2260
f 2259 2387 2066
f 2328 2516 2157
f 2145 2285 2068
f 2223 2304 2019
f 2021 2305 2224
f 2225 2303 2017
f 2056 2383 2158
f 2104 2362 2145
f 2158 2524 2064
f 2016 2443 2300
f 2134 2335 2272
f 2271 2334 2133
f 2132 2337 2274
f 2273 2336 2131
f 2096 2422 2154
f 2209 2428 37
f 2012 2222 2196
f 2076 2324 2298
f 2203 2280 2032
f 154 2386 2143
f 2144 2387 56
f 2214 2237 2058
f 2114 2327 2299
f 2194 2220 2010
f 2105 2280 2203
f 2209 2278 2046
f 2147 2501 2034
f 2035 2502 2146
f 2148 2503 2039
f 2038 2504 2149
f 2003 2261 2254
f 39 2278 37
f 2011 2238 2201
f 2152 2280 2043
f 2298 2324 2113
f 2050 2223 2180
f 2179 2224 2051
f 2052 2225 2178
f 2017 2271 2225
f 2224 2274 2021
f 2019 2273 2223
f 1997 2252 2183
f 2285 2393 2068
f 37 2428 35
f 2196 2222 2063
f 2059 2226 2213
f 2193 2252 1997
f 2124 2321 2303
f 2303 2321 2085
f 2088 2319 2305
f 2305 2319 2122
f 2304 2316 2089
f 2120 2316 2304
f 2219 2258 2014
f 2199 2346 2270
f 2244 2405 2030
f 2126 2405 2244
f 2151 2289 2005
f 2004 2288 2150
f 2151 2291 2044
f 2150 2290 2004
f 2033 2293 2153
f 2007 2292 2152
f 2152 2294 2007
f 2006 2295 2153
f 2293 2343 2153
f 2154 2281 2068
f 154 2344 151
f 58 2345 56
f 2109 2307 2284
f 2284 2307 2072
f 2071 2306 2283
f 2283 2306 2108
f 2039 2420 2233
f 2034 2418 2229
f 2234 2421 2038
f 2231 2419 2035
f 1997 2498 2193
f 2246 2474 2131
f 2134 2472 2244
f 2245 2473 2133
f 2146 2334 2017
f 2016 2335 2147
f 2149 2336 2019
f 2021 2337 2148
f 2154 2393 32
f 2146 2311 2035
f 2147 2310 2016
f 2039 2312 2148
f 2149 2313 2038
f 2160 2449 2063
f 2217 2432 2053
f 2340 2350 2060
f 2302 2461 2050
f 2051 2462 2301
f 2300 2463 2052
f 2202 2498 1997
f 2166 2510 95
f 2169 2512 70
f 114 2509 2167
f 140 2511 2171
f 2168 2506 122
f 87 2505 2170
f 61 2507 2172
f 2173 2508 147
f 2073 2272 2178
f 2178 2272 2016
f 2194 2475 2055
f 2017 2488 2146
f 2148 2487 2021
f 2019 2486 2149
f 2002 2226 2198
f 2152 2433 2032
f 2154 2372 2096
f 2082 2286 2255
f 2230 2359 2098
f 2097 2358 2228
f 2099 2360 2232
f 2235 2361 2100
f 2139 2361 2186
f 2187 2360 2140
f 2142 2359 2191
f 2189 2358 2141
f 2208 2432 2101
f 2055 2475 2201
f 2113 2407 2353
f 2064 2524 2204
f 2164 2496 2033
f 2196 2449 2053
f 2000 2437 2307
f 2186 2361 2040
f 2041 2360 2187
f 2191 2359 2037
f 2036 2358 2189
f 2263 2292 2007
f 2005 2289 2265
f 2264 2288 2004
f 2067 2286 2243
f 2205 2237 2001
f 2060 2350 2197
f 2155 2497 2047
f 2213 2226 2076
f 2049 2297 2221
f 2177 2298 2023
f 2076 2298 2177
f 2022 2299 2176
f 2176 2299 2075
f 2392 2432 2217
f 2032 2257 2174
f 2083 2282 2254
f 2223 2410 2304
f 2305 2411 2224
f 2225 2412 2303
f 2020 2348 2192
f 2190 2347 2018
f 2192 2348 2093
f 2092 2347 2190
f 2063 2252 2193
f 2195 2349 2011
f 2138 2457 2249
f 2045 2351 2290
f 2009 2385 2155
f 2053 2449 2217
f 2075 2237 2214
f 2256 2432 2208
f 2249 2457 2056
f 2062 2447 2270
f 2000 2270 2174
f 2178 2525 2073
f 2067 2243 2210
f 2180 2283 2020
f 2018 2284 2179
f 2080 2442 2336
f 2176 2267 2022
f 2023 2268 2177
f 2284 2526 2179
f 2180 2527 2283
f 2083 2314 2282
f 2072 2526 2284
f 2283 2527 2071
f 135 2378 2316
f 2317 2376 125
f 84 2377 2318
f 2319 2379 74
f 110 2375 2321
f 2320 2374 100
f 2295 2353 2042
f 2043 2354 2294
f 2198 2384 2269
f 2065 2522 2268
f 2267 2523 2066
f 46 2216 44
f 16 2215 14
f 2005 2431 2291
f 2268 2522 2177
f 2176 2523 2267
f 2217 2449 2160
f 84 2318 81
f 135 2316 133
f 127 2317 125
f 75 2319 74
f 110 2321 108
f 101 2320 100
f 2064 2400 2158
f 2118 2479 2174
f 2174 2479 2032
f 2008 2388 2157
f 1999 2256 2208
f 2287 2384 2059
f 2128 2496 2322
f 2188 2356 2022
f 2095 2356 2188
f 2023 2357 2185
f 2185 2357 2094
f 2322 2496 2164
f 2015 2400 2211
f 2161 2447 2062
f 2083 2261 2251
f 2049 2441 2297
f 2129 2384 2287
f 2067 2401 2255
f 2263 2485 2292
f 2289 2484 2265
f 2264 2483 2288
f 35 2428 34
f 151 2381 149
f 60 2380 58
f 137 2378 135
f 125 2376 123
f 85 2377 84
f 74 2379 72
f 112 2375 110
f 100 2374 98
f 2341 2467 2009
f 2278 2452 2046
f 2271 2525 2225
f 2224 2526 2274
f 2273 2527 2223
f 34 2428 2372
f 2081 2258 2219
f 2210 2367 2067
f 2261 2409 2069
f 22 2430 2221
f 2107 2417 2227
f 2170 2363 2087
f 2036 2363 2170
f 2344 2381 151
f 58 2380 2345
f 2401 2515 2255
f 2249 2400 2015
f 2069 2409 2275
f 2011 2446 2163
f 2163 2446 2106
f 2016 2300 2178
f 2179 2301 2018
f 2020 2302 2180
f 2159 2382 2031
f 2168 2369 2037
f 2086 2369 2168
f 2041 2370 2172
f 2172 2370 2090
f 2091 2371 2173
f 2173 2371 2040
f 2056 2529 2383
f 30 2285 27
f 2075 2309 2176
f 2177 2308 2076
f 2353 2357 2113
f 2114 2356 2354
f 2074 2355 2162
f 2058 2373 2296
f 2296 2373 2130
f 2193 2498 2061
f 131 2240 129
f 80 2241 78
f 106 2242 103
f 2285 2518 27
f 2212 2315 2068
f 2105 2451 2280
f 2277 2309 2026
f 2025 2308 2276
f 25 2362 24
f 2157 2492 2452
f 2162 2427 2218
f 2174 2437 2000
f 2069 2406 2251
f 2282 2408 2074
f 24 2430 22
f 2181 2456 2042
f 2367 2401 2067
f 2032 2479 2203
f 2203 2479 2118
f 2030 2405 2163
f 2251 2261 2069
f 2408 2448 2074
f 2164 2417 2012
f 2 2260 156
f 53 2259 51
f 2061 2475 2194
f 2042 2456 2227
f 2182 2355 2074
f 2263 2503 2148
f 2149 2504 2262
f 2264 2501 2147
f 2146 2502 2265
f 2250 2406 2111
f 2166 2391 2034
f 2084 2391 2166
f 2166 2374 2084
f 2085 2375 2167
f 2087 2377 2170
f 2168 2376 2086
f 2089 2378 2171
f 2169 2379 2088
f 2090 2380 2172
f 2173 2381 2091
f 2105 2350 2340
f 2154 2422 2281
f 2112 2408 2239
f 2053 2322 2196
f 2074 2448 2182
f 2023 2365 2268
f 2267 2366 2022
f 2108 2352 2348
f 2027 2406 2250
f 2347 2351 2109
f 2116 2389 2247
f 2248 2390 2115
f 2218 2427 2125
f 2315 2435 2145
f 2204 2524 2014
f 2229 2418 2097
f 2100 2421 2234
f 2233 2420 2099
f 2098 2419 2231
f 2362 2430 24
f 2236 2340 2060
f 2349 2446 2011
f 2279 2480 2029
f 2213 2308 2025
f 2076 2308 2213
f 2214 2309 2075
f 2026 2309 2214
f 2063 2449 2196
f 2447 2466 2118
f 2062 2349 2195
f 2269 2434 2028
f 2129 2434 2269
f 2197 2350 2013
f 2226 2324 2076
f 2335 2476 2077
f 2078 2477 2334
f 2137 2465 2275
f 2069 2440 2406
f 2247 2389 2025
f 2026 2390 2248
f 2040 2371 2185
f 2188 2370 2041
f 2018 2368 2190
f 2037 2369 2192
f 2213 2514 2059
f 2058 2513 2214
f 2105 2340 2200
f 2275 2465 2028
f 2185 2365 2023
f 2022 2366 2188
f 2190 2363 2036
f 2192 2364 2020
f 2243 2286 2015
f 2106 2346 2199
f 2212 2314 2083
f 2191 2431 2005
f 2020 2364 2302
f 2027 2315 2212
f 2254 2282 2074
f 2199 2453 2106
f 2301 2462 2121
f 2119 2461 2302
f 2123 2463 2300
f 2215 2332 14
f 46 2333 2216
f 2093 2431 2191
f 2331 2499 2055
f 2145 2518 2285
f 2094 2357 2353
f 2354 2356 2095
f 2256 2474 2128
f 2075 2327 2237
f 2200 2451 2105
f 2452 2492 2046
f 2059 2384 2198
f 2229 2413 93
f 115 2414 2231
f 2233 2415 67
f 142 2416 2234
f 2118 2466 2203
f 2216 2325 44
f 2000 2402 2199
f 2029 2427 2355
f 2355 2427 2162
f 2135 2403 2276
f 2277 2404 2136
f 2228 2469 2097
f 2098 2468 2230
f 2232 2470 2099
f 2100 2471 2235
f 2239 2408 2024
f 2301 2368 2018
f 2297 2441 2117
f 2385 2497 2155
f 2287 2385 2009
f 2116 2385 2287
f 2082 2438 2286
f 1999 2474 2256
f 2106 2453 2253
f 2239 2492 2112
f 2277 2523 2309
f 2308 2522 2276
f 2203 2528 2105
f 2024 2314 2281
f 2365 2459 2268
f 2267 2458 2366
f 2205 2373 2058
f 2348 2352 2093
f 2290 2351 2092
f 2282 2314 2024
f 2206 2440 2069
f 11 2332 2330
f 2329 2333 47
f 16 2342 2215
f 2028 2326 2269
f 2028 2434 2275
f 2101 2439 2208
f 2208 2439 2044
f 2208 2423 1999
f 2092 2351 2347
f 2158 2400 2249
f 2206 2434 2129
f 2009 2467 2206
f 2220 2382 2159
f 2025 2403 2247
f 2247 2403 2102
f 2103 2404 2248
f 2248 2404 2026
f 2002 2324 2226
f 2044 2520 2208
f 2218 2529 2056
f 2125 2529 2218
f 2246 2496 2128
f 2033 2496 2246
f 2326 2438 2082
f 2113 2357 2298
f 2299 2356 2114
f 2068 2500 2212
f 2257 2433 2079
f 2237 2327 2001
f 2028 2465 2326
f 2364 2444 2302
f 11 2330 9
f 49 2329 47
f 2012 2367 2210
f 2108 2348 2283
f 2284 2347 2109
f 2388 2492 2157
f 93 2413 92
f 117 2414 115
f 144 2416 142
f 67 2415 65
f 2094 2353 2295
f 2294 2354 2095
f 2 2495 2260
f 2259 2494 51
f 2046 2454 2209
f 2025 2389 2213
f 2214 2390 2026
f 2211 2400 2064
f 2110 2452 2278
f 2227 2456 2107
f 2010 2392 2217
f 2029 2450 2279
f 2279 2450 2130
f 2215 2455 2047
f 2337 2485 2148
f 2146 2484 2334
f 2335 2483 2147
f 2047 2424 2215
f 2030 2338 2244
f 2245 2339 2031
f 44 2325 42
f 2220 2499 2382
f 2382 2499 2127
f 2301 2445 2368
f 2247 2497 2116
f 2102 2424 2247
f 2247 2424 2047
f 2248 2425 2103
f 2048 2425 2248
f 2260 2495 2135
f 2136 2494 2259
f 2293 2442 2080
f 2079 2433 2292
f 2149 2493 2336
f 2125 2480 2219
f 18 2342 16
f 2330 2332 2102
f 2103 2333 2329
f 2071 2527 2273
f 2274 2526 2072
f 2073 2525 2271
f 2223 2527 2180
f 2179 2526 2224
f 2225 2525 2178
f 2132 2437 2257
f 2257 2437 2174
f 2002 2515 2407
f 2239 2422 2096
f 2024 2422 2239
f 2326 2465 2138
f 2269 2326 2082
f 2084 2443 2310
f 2221 2460 2049
f 2221 2430 2104
f 2104 2460 2221
f 93 2510 2229
f 2231 2509 115
f 2228 2505 90
f 119 2506 2230
f 67 2512 2233
f 2234 2511 142
f 2232 2507 63
f 145 2508 2235
f 2050 2410 2223
f 2224 2411 2051
f 2052 2412 2225
f 2046 2492 2239
f 2292 2433 2152
f 129 2394 127
f 81 2396 80
f 133 2395 131
f 78 2397 75
f 108 2398 106
f 103 2399 101
f 2389 2514 2213
f 2214 2513 2390
f 2199 2521 2453
f 2238 2405 2126
f 2163 2405 2238
f 2289 2339 2078
f 2077 2338 2288
f 2425 2481 2216
f 2097 2469 2413
f 2414 2468 2098
f 2099 2470 2415
f 2416 2471 2100
f 2048 2481 2425
f 2146 2488 2311
f 2312 2487 2148
f 2149 2486 2313
f 14 2332 11
f 47 2333 46
f 2006 2343 2262
f 2240 2394 129
f 131 2395 2240
f 80 2396 2241
f 2241 2397 78
f 106 2398 2242
f 2242 2399 103
f 2270 2346 2062
f 2097 2413 2229
f 2231 2414 2098
f 2099 2415 2233
f 2234 2416 2100
f 2209 2454 2428
f 2428 2454 2096
f 156 2386 154
f 56 2387 53
f 2086 2376 2317
f 2316 2378 2089
f 2318 2377 2087
f 2088 2379 2319
f 2084 2374 2320
f 2321 2375 2085
f 2229 2510 2166
f 2167 2509 2231
f 2230 2506 2168
f 2170 2505 2228
f 2233 2512 2169
f 2171 2511 2234
f 2172 2507 2232
f 2235 2508 2173
f 2250 2435 2027
f 2104 2435 2250
f 2079 2485 2337
f 2334 2484 2078
f 2077 2483 2335
f 2272 2335 2016
f 2017 2334 2271
f 2019 2336 2273
f 2274 2337 2021
f 2107 2401 2367
f 2047 2497 2247
f 2407 2515 2181
f 2292 2485 2079
f 2078 2484 2289
f 2288 2483 2077
f 2253 2453 2045
f 90 2469 2228
f 2230 2468 119
f 63 2470 2232
f 2235 2471 145
f 2453 2521 2045
f 2296 2517 2008
f 2001 2478 2236
f 2097 2418 2358
f 2358 2418 2141
f 2359 2419 2098
f 2142 2419 2359
f 2360 2420 2140
f 2099 2420 2360
f 2361 2421 2100
f 2139 2421 2361
f 2336 2493 2080
f 2251 2406 2027
f 2107 2456 2401
f 2401 2456 2181
f 2239 2454 2046
f 2244 2476 2134
f 2133 2477 2245
f 2096 2454 2239
f 2131 2442 2246
f 2043 2451 2426
f 2426 2451 2200
f 2244 2472 2126
f 2127 2473 2245
f 2128 2474 2246
f 2260 2386 156
f 53 2387 2259
f 2130 2373 2279
f 2236 2478 2340
f 2085 2488 2303
f 2305 2487 2088
f 2089 2486 2304
f 2051 2490 2462
f 2461 2489 2050
f 2463 2491 2052
f 2080 2343 2293
f 2240 2489 2461
f 2462 2490 2241
f 2242 2491 2463
f 2269 2384 2129
f 2283 2348 2020
f 2018 2347 2284
f 2275 2409 2137
f 2250 2460 2104
f 20 2464 18
f 32 2393 30
f 2049 2460 2250
f 2333 2425 2216
f 2215 2424 2332
f 2093 2352 2291
f 2311 2488 2085
f 2088 2487 2312
f 2313 2486 2089
f 95 2510 93
f 115 2509 114
f 70 2512 67
f 122 2506 119
f 142 2511 140
f 90 2505 87
f 147 2508 145
f 63 2507 61
f 2304 2410 2120
f 2122 2411 2305
f 2303 2412 2124
f 2255 2515 2002
f 2291 2352 2044
f 2053 2432 2256
f 42 2436 39
f 2003 2409 2261
f 2032 2433 2257
f 2130 2517 2296
f 2298 2357 2023
f 2022 2356 2299
f 30 2393 2285
f 39 2436 2278
f 2002 2407 2324
f 2314 2500 2281
f 2127 2499 2331
f 2276 2403 2025
f 2026 2404 2277
f 2297 2464 20
f 2280 2451 2043
f 2106 2349 2346
f 2346 2349 2062
f 2090 2458 2345
f 2345 2458 2144
f 2344 2459 2091
f 2143 2459 2344
f 2008 2516 2296
f 2123 2443 2320
f 2320 2443 2084
f 2317 2444 2086
f 2318 2445 2121
f 2119 2444 2317
f 2087 2445 2318
f 2103 2425 2333
f 2332 2424 2102
f 2044 2439 2266
f 2341 2441 2049
f 2155 2441 2341
f 2114 2519 2327
f 2059 2514 2287
f 2307 2402 2000
f 2325 2436 42
f 2262 2493 2149
f 2148 2485 2263
f 2147 2483 2264
f 2265 2484 2146
f 2024 2408 2282
f 1999 2423 2306
f 2144 2458 2267
f 2268 2459 2143
f 2262 2504 2139
f 2140 2503 2263
f 2141 2501 2264
f 2265 2502 2142
f 2111 2467 2341
f 2281 2422 2024
f 2109 2402 2307
f 2157 2429 2328
f 2328 2429 2048
f 2278 2436 2110
f 2310 2391 2084
f 2291 2431 2093
f 92 2469 90
f 65 2470 63
f 119 2468 117
f 145 2471 144
f 2091 2381 2344
f 2345 2380 2090
f 18 2464 2342
f 2112 2448 2408
f 27 2518 25
f 51 2494 49
f 9 2495 2
f 2309 2523 2176
f 2177 2522 2308
f 2406 2440 2111
f 2110 2436 2325
f 2101 2432 2392
f 2306 2423 2108
f 2276 2522 2065
f 2066 2523 2277
f 2325 2481 2110
f 2286 2438 2015
f 2426 2519 2114
f 2185 2371 2365
f 2366 2370 2188
f 2192 2369 2364
f 2190 2368 2363
f 2138 2438 2326
f 2324 2407 2113
f 2300 2443 2123
f 2121 2445 2301
f 2302 2444 2119
f 2331 2472 1998
f 1998 2473 2331
f 2331 2473 2127
f 2126 2472 2331
f 2363 2368 2087
f 2364 2369 2086
f 2090 2370 2366
f 2365 2371 2091
f 49 2494 2329
f 2329 2494 2136
f 2330 2495 9
f 2135 2495 2330
f 2287 2514 2116
f 2281 2500 2068
f 2117 2464 2297
f 2296 2516 2115
f 2157 2452 2429
f 2429 2452 2110
f 2342 2455 2215
f 2478 2519 2200
f 2027 2435 2315
f 2014 2524 2383
f 2383 2524 2158
f 2115 2513 2296
f 2296 2513 2058
f 2104 2430 2362
f 2303 2488 2017
f 2304 2486 2019
f 2021 2487 2305
f 2354 2426 2114
f 2043 2426 2354
f 2012 2417 2367
f 2342 2464 2117
f 2106 2446 2349
f 2372 2428 2096
f 2383 2529 2125
f 2001 2519 2478
f 2245 2477 2339
f 2338 2476 2244
f 2367 2417 2107
f 2402 2521 2199
f 2110 2481 2429
f 2086 2444 2364
f 2181 2515 2401
f 2216 2481 2325
f 2212 2500 2314
f 2105 2528 2350
f 2091 2459 2365
f 2366 2458 2090
f 2368 2445 2087
f 2182 2517 2450
f 2450 2517 2130
f 2351 2521 2109
f 2108 2520 2352
f 2117 2455 2342
f 2355 2450 2029
f 2182 2450 2355
f 2340 2478 2200
f 2327 2519 2001
f 2115 2516 2328
f 2206 2467 2440
f 2077 2476 2338
f 2339 2477 2078
f 2008 2517 2482
f 2208 2520 2423
f 2080 2493 2343
f 2343 2493 2262
f 2350 2528 2013
f 2482 2517 2182
f 2388 2482 2112
f 2109 2521 2402
f 25 2518 2362
f 2427 2480 2125
f 2045 2521 2351
f 2423 2520 2108
f 2394 2461 2119
f 2240 2461 2394
f 2121 2462 2396
f 2396 2462 2241
f 2399 2463 2123
f 2242 2463 2399
f 2008 2482 2388
f 2352 2520 2044
f 2120 2489 2395
f 2397 2490 2122
f 2124 2491 2398
f 2362 2518 2145
f 2419 2502 2035
f 2418 2501 2141
f 2034 2501 2418
f 2142 2502 2419
f 2039 2503 2420
f 2420 2503 2140
f 2139 2504 2421
f 2421 2504 2038
f 2050 2489 2410
f 2411 2490 2051
f 2052 2491 2412
f 2112 2492 2388
f 2395 2489 2240
f 2241 2490 2397
f 2398 2491 2242
f 2410 2489 2120
f 2122 2490 2411
f 2412 2491 2124
f 2116 2497 2385
f 2413 2469 92
f 117 2468 2414
f 2415 2470 65
f 144 2471 2416
f 2200 2519 2426
f 2112 2482 2448
f 2116 2514 2389
f 2390 2513 2115
f 2029 2480 2427
f 2457 2465 2137
f 2429 2481 2048
f 2440 2467 2111
f 2138 2465 2457
f 2448 2482 2182
f 2013 2528 2466
f 2466 2528 2203
f 5250 7862 7295
f 5250 7291 7862
f 5743 4051 5741
f 7883 2719 5842
f 3854 5743 5741
f 5742 4050 5740
f 4022 5842 2719
f 3853 5742 5740
f 4156 5443 5248
f 5248 4251 4156
f 5248 5443 6143
f 4155 5442 5247
f 5247 4250 4155
f 5247 5442 6142
f 6026 7288 4908
f 7288 5444 4908
f 5249 7861 7294
f 5249 7290 7861
f 6621 4829 4833
f 6123 4055 6621
f 4829 6621 4055
f 6620 4828 4832
f 6122 4054 6620
f 4828 6620 4054
f 6027 7289 4909
f 7289 5445 4909
f 7205 6915 5242
f 7544 5567 6915
f 6915 5567 5242
f 7204 6876 5241
f 3394 5267 7195
f 4923 3394 7195
f 3393 5266 7194
f 4922 3393 7194
f 5461 4043 2573
f 6617 2573 4043
f 5460 4042 2530
f 6616 2530 4042
f 7543 5566 6876
f 6876 5566 5241
f 2719 6332 4022
f 6133 6231 4525
f 7882 2718 5843
f 6132 6191 4484
f 2623 6327 5142
f 2609 6287 5141
f 4331 5737 3155
f 5737 6241 3155
f 5737 4331 4161
f 4330 5736 3107
f 5736 6240 3107
f 5736 4330 4160
f 6241 5737 5553
f 5737 3430 5553
f 5553 3788 6241
f 6240 5736 5552
f 5736 3429 5552
f 5552 3787 6240
f 7197 5116 7329
f 5116 7197 7201
f 6117 7201 7197
f 7196 5115 7328
f 5115 7196 7200
f 6116 7200 7196
f 4159 6115 4153
f 3784 4153 6115
f 4158 6114 4152
f 3783 4152 6114
f 4023 5843 2718
f 2718 6333 4023
f 3948 6337 6825
f 6337 5745 6825
f 3848 6825 5745
f 5109 7449 4824
f 4824 7449 2582
f 3947 6336 6824
f 6336 5744 6824
f 3847 6824 5744
f 5110 7450 4825
f 2595 2742 423
f 2595 423 422
f 3782 4825 6237
f 2741 2594 423
f 423 2594 422
f 6119 3782 6237
f 4825 7450 2583
f 3781 4824 6236
f 6118 3781 6236
f 446 6113 445
f 6113 6916 445
f 3819 6113 446
f 2588 5114 7460
f 467 6112 468
f 2593 2740 490
f 2593 490 491
f 6112 6917 468
f 2743 2592 490
f 490 2592 491
f 3820 6112 467
f 3816 6332 445
f 2722 3809 2839
f 2722 2839 6622
f 2723 3810 2838
f 2723 2838 6623
f 7113 3942 3940
f 7113 3940 7029
f 6332 446 445
f 7112 3941 3939
f 6332 2719 446
f 7460 5114 4913
f 2624 6129 4817
f 3815 6333 468
f 6333 467 468
f 2610 6128 4816
f 7112 3939 7028
f 3298 421 420
f 6333 2718 467
f 489 2743 490
f 3484 6119 6237
f 2742 424 423
f 463 3804 464
f 424 2741 423
f 6339 2585 5124
f 2740 489 490
f 3804 3169 464
f 3483 6118 6236
f 7187 2570 2568
f 3297 492 493
f 2570 7186 2568
f 4711 5833 4709
f 4145 4711 4709
f 6338 2584 5123
f 4710 5832 4708
f 4144 4710 4708
f 3798 3804 463
f 450 3803 449
f 3803 3170 449
f 3797 3803 450
f 3736 2931 3788
f 3788 3779 3736
f 2931 6241 3788
f 3778 2852 3787
f 3787 3780 3778
f 2852 6240 3787
f 4915 5843 4023
f 6632 4915 4023
f 4333 5843 4915
f 4914 5842 4022
f 6633 4914 4022
f 4332 5842 4914
f 5003 3155 6241
f 2931 5003 6241
f 4929 3107 6240
f 2852 4929 6240
f 5938 3312 3314
f 5936 3312 5938
f 4037 3856 7021
f 2717 5114 2588
f 3282 3484 7440
f 6117 7021 3856
f 3306 5118 7297
f 3305 5117 7296
f 6283 8012 6284
f 6108 8038 8013
f 6069 8012 6068
f 6323 8013 6324
f 6324 8038 6109
f 6108 8013 6107
f 4165 4337 7432
f 4164 4336 7431
f 4429 4037 7021
f 4036 3855 7020
f 4533 5156 5154
f 6116 7020 3855
f 4428 4036 7020
f 4532 5155 5153
f 5130 7323 4029
f 7323 3392 4029
f 4574 5236 5196
f 5129 7322 4028
f 7322 3391 4028
f 4534 5235 5157
f 6192 5507 5467
f 5507 6192 6193
f 4575 5196 5197
f 6192 4877 6193
f 6152 5468 5466
f 4535 5157 5158
f 5468 6152 6153
f 6152 4845 6153
f 4613 5234 5156
f 6228 5543 5542
f 5543 6228 6229
f 4573 5195 5155
f 6228 4906 6229
f 6227 5542 5541
f 4612 5233 5234
f 5542 6227 6228
f 2586 5113 7459
f 4611 5232 5233
f 6226 5541 5540
f 5541 6226 6227
f 4610 5231 5232
f 6226 4905 6227
f 6225 5540 5539
f 4609 5230 5231
f 5540 6225 6226
f 6225 4904 6226
f 4608 5229 5230
f 6224 5539 5538
f 5539 6224 6225
f 4607 5228 5229
f 6224 4903 6225
f 6223 5538 5537
f 4606 5227 5228
f 5538 6223 6224
f 6223 4902 6224
f 4605 5226 5227
f 6222 5537 5536
f 5537 6222 6223
f 4604 5225 5226
f 6222 4901 6223
f 6221 5536 5535
f 4603 5224 5225
f 5536 6221 6222
f 6221 4900 6222
f 4602 5223 5224
f 6220 5535 5534
f 5535 6220 6221
f 4601 5222 5223
f 6220 4899 6221
f 6219 5534 5533
f 4600 5221 5222
f 5534 6219 6220
f 6219 4898 6220
f 4599 5220 5221
f 6218 5533 5532
f 5533 6218 6219
f 4598 5219 5220
f 6218 4897 6219
f 6217 5532 5531
f 4597 5218 5219
f 5532 6217 6218
f 6217 4896 6218
f 4596 5217 5218
f 6216 5531 5530
f 5531 6216 6217
f 4595 5216 5217
f 6216 4895 6217
f 6215 5530 5529
f 4594 5215 5216
f 5530 6215 6216
f 6215 4894 6216
f 4593 5214 5215
f 6214 5529 5528
f 5529 6214 6215
f 4592 5213 5214
f 6214 4893 6215
f 6213 5528 5527
f 4591 5212 5213
f 5528 6213 6214
f 6213 4892 6214
f 4590 5211 5212
f 6212 5527 5526
f 5527 6212 6213
f 4589 5210 5211
f 6212 4891 6213
f 6211 5526 5525
f 4588 5209 5210
f 5526 6211 6212
f 6211 4890 6212
f 4587 5208 5209
f 6210 5525 5524
f 5525 6210 6211
f 4713 4147 6351
f 4712 4146 6350
f 4586 5207 5208
f 6210 4889 6211
f 4625 4143 6353
f 4624 4142 6352
f 6209 5524 5523
f 4585 5206 5207
f 5524 6209 6210
f 6209 4888 6210
f 4584 5205 5206
f 6208 5523 5522
f 5523 6208 6209
f 4583 5204 5205
f 6208 4887 6209
f 6207 5522 5521
f 4582 5203 5204
f 5522 6207 6208
f 6207 4886 6208
f 4581 5202 5203
f 6206 5521 5520
f 5521 6206 6207
f 4580 5201 5202
f 6206 4885 6207
f 6205 5520 5519
f 4579 5200 5201
f 5520 6205 6206
f 6205 4884 6206
f 4578 5199 5200
f 6204 5519 5518
f 5519 6204 6205
f 4577 5198 5199
f 6204 4883 6205
f 6203 5518 5517
f 4576 5197 5198
f 5518 6203 6204
f 7459 5113 4912
f 4572 5194 5195
f 6202 5517 5516
f 5517 6202 6203
f 4571 5193 5194
f 2716 5113 2586
f 6201 5516 5515
f 4570 5192 5193
f 5516 6201 6202
f 6201 4882 6202
f 4569 5191 5192
f 6200 5515 5514
f 5515 6200 6201
f 4568 5190 5191
f 457 4044 458
f 6188 5504 5503
f 4567 5189 5190
f 5504 6188 6189
f 6188 4874 6189
f 4566 5188 5189
f 6187 5503 5502
f 5503 6187 6188
f 4565 5187 5188
f 4810 4044 457
f 6186 5502 5501
f 4564 5186 5187
f 5502 6186 6187
f 6186 4873 6187
f 4563 5185 5186
f 6185 5501 5500
f 5501 6185 6186
f 4562 5184 5185
f 6185 4872 6186
f 6184 5500 5499
f 4561 5183 5184
f 5500 6184 6185
f 6184 4871 6185
f 4560 5182 5183
f 6183 5499 5498
f 5499 6183 6184
f 4559 5181 5182
f 6183 4870 6184
f 6182 5498 5497
f 4558 5180 5181
f 5498 6182 6183
f 6182 4869 6183
f 4557 5179 5180
f 6181 5497 5496
f 5497 6181 6182
f 4556 5178 5179
f 6181 4868 6182
f 6180 5496 5495
f 4555 5177 5178
f 5496 6180 6181
f 4799 3592 6615
f 4799 3158 3592
f 6329 3592 3158
f 4798 3591 6614
f 4798 3157 3591
f 6328 3591 3157
f 6180 4867 6181
f 6179 5495 5494
f 5495 6179 6180
f 6179 4866 6180
f 6178 5494 5493
f 4554 5176 5177
f 5494 6178 6179
f 6178 4865 6179
f 4553 5175 5176
f 6177 5493 5492
f 5493 6177 6178
f 4552 5174 5175
f 6177 4864 6178
f 6176 5492 5491
f 4551 5173 5174
f 5492 6176 6177
f 6176 4863 6177
f 4550 5172 5173
f 6175 5491 5490
f 5491 6175 6176
f 4549 5171 5172
f 6175 4862 6176
f 6174 5490 5489
f 4548 5170 5171
f 4531 4141 6347
f 4530 4140 6346
f 5490 6174 6175
f 6174 4861 6175
f 4547 5169 5170
f 6173 5489 5488
f 5489 6173 6174
f 4546 5168 5169
f 6173 4860 6174
f 6172 5488 5487
f 4545 5167 5168
f 5488 6172 6173
f 6172 4859 6173
f 3282 7440 4911
f 6171 5487 5486
f 4544 5166 5167
f 5487 6171 6172
f 4047 7440 3484
f 6171 4858 6172
f 6170 5486 5485
f 4543 5165 5166
f 5486 6170 6171
f 6170 4857 6171
f 4542 5164 5165
f 6169 5485 5484
f 5485 6169 6170
f 6349 4529 4431
f 6348 4528 4430
f 4541 5163 5164
f 6169 4856 6170
f 6168 5484 5483
f 4540 5162 5163
f 5484 6168 6169
f 6168 4855 6169
f 4539 5161 5162
f 6167 5483 5482
f 5483 6167 6168
f 4538 5160 5161
f 6167 4854 6168
f 6166 5482 5481
f 4537 5159 5160
f 5482 6166 6167
f 6166 4853 6167
f 4536 5158 5159
f 6165 5481 5480
f 5481 6165 6166
f 4615 5238 5236
f 6165 4852 6166
f 6164 5480 5479
f 4614 5237 5235
f 5480 6164 6165
f 3281 3483 7439
f 6164 4851 6165
f 6163 5479 5478
f 3281 7439 4910
f 5479 6163 6164
f 4044 3845 458
f 6827 2747 4835
f 6162 5478 5477
f 6826 2746 4834
f 5478 6162 6163
f 456 4045 455
f 4046 7439 3483
f 4811 4045 456
f 4045 3846 455
f 5014 3830 459
f 3386 3425 3384
f 5013 3829 454
f 4013 7340 5437
f 5124 3852 2845
f 7340 3105 5437
f 6161 5477 5476
f 8030 3046 3332
f 5477 6161 6162
f 487 3296 488
f 3295 426 425
f 426 3294 425
f 3293 487 488
f 4010 7339 5434
f 6133 2834 2835
f 7339 3102 5434
f 6161 4850 6162
f 2834 6133 4525
f 6160 5476 5475
f 5476 6160 6161
f 4136 6519 5095
f 6199 5514 5513
f 6132 2791 2792
f 4007 7338 5431
f 2791 6132 4484
f 5514 6199 6200
f 4161 3430 5737
f 7338 3099 5431
f 7293 3430 4161
f 6199 4881 6200
f 4160 3429 5736
f 6159 5475 5474
f 5475 6159 6160
f 7292 3429 4160
f 6159 4849 6160
f 6198 5513 5512
f 5513 6198 6199
f 4136 6324 4137
f 6158 5474 5473
f 4137 5096 4136
f 5474 6158 6159
f 6519 4136 5096
f 6197 5512 5511
f 5512 6197 6198
f 6197 4880 6198
f 3804 3798 4052
f 6157 5473 5472
f 5473 6157 6158
f 6157 4848 6158
f 6196 5511 5510
f 5511 6196 6197
f 4095 6479 5055
f 4095 6284 4096
f 5123 3851 2844
f 5972 3350 3348
f 6156 5472 5471
f 5974 3350 5972
f 4966 5974 5972
f 5472 6156 6157
f 4052 3798 3166
f 4096 5056 4095
f 4001 7337 5420
f 4011 4327 3477
f 7337 3088 5420
f 6195 5510 5509
f 4010 4326 3476
f 5510 6195 6196
f 6195 4879 6196
f 4007 4323 3474
f 6155 5471 5470
f 3998 7336 5417
f 5994 3372 3370
f 7336 3085 5417
f 5471 6155 6156
f 5996 3372 5994
f 6155 4847 6156
f 6194 5509 5508
f 4006 4320 3473
f 5509 6194 6195
f 6479 4095 5056
f 4988 5996 5994
f 6154 5470 5469
f 5470 6154 6155
f 5966 3344 3342
f 4111 6494 5070
f 6193 5508 5507
f 5968 3344 5966
f 5508 6193 6194
f 6193 4878 6194
f 4003 4316 3470
f 6153 5469 5468
f 5469 6153 6154
f 4002 4315 3467
f 482 3290 483
f 3289 431 430
f 431 3288 430
f 3287 482 483
f 6153 4846 6154
f 6229 5544 5543
f 4960 5968 5966
f 5544 6229 6230
f 6229 4907 6230
f 5971 3351 3347
f 6189 5505 5504
f 5505 6189 6190
f 4001 4312 3466
f 6189 4875 6190
f 5975 3351 5971
f 3998 4309 3464
f 3432 3282 4911
f 5146 3432 4911
f 4965 5975 5971
f 6007 3387 3383
f 3431 3281 4910
f 6011 3387 6007
f 5145 3431 4910
f 6230 5545 5544
f 3997 4306 3463
f 5545 6230 6231
f 4111 6299 4112
f 4112 5071 4111
f 6190 5506 5505
f 5506 6190 6191
f 5993 3373 3369
f 6494 4111 5071
f 5997 3373 5993
f 4987 5997 5993
f 6009 3390 3385
f 6343 419 5349
f 6013 3390 6009
f 420 5349 419
f 3984 7335 5398
f 4070 6454 5030
f 7335 3066 5398
f 5152 6927 5154
f 5152 6925 6927
f 6927 6925 6637
f 5151 6926 5153
f 5151 6924 6926
f 6342 494 5348
f 493 5348 494
f 6926 6924 6636
f 6006 3380 3382
f 6004 3380 6006
f 4070 6259 4071
f 5937 3315 3313
f 4715 4029 3392
f 5939 3315 5937
f 3392 6137 4715
f 3979 7334 5392
f 4932 5939 5937
f 7334 3060 5392
f 4714 4028 3391
f 3986 4294 3460
f 3391 6136 4714
f 3985 4293 3457
f 4323 4009 4325
f 6008 3386 3384
f 6010 3386 6008
f 4323 4007 4009
f 3977 7333 5389
f 3984 4290 3456
f 3981 4287 3452
f 7333 3057 5389
f 4071 5031 4070
f 4007 5431 4009
f 3980 4285 3454
f 4309 4000 4311
f 4309 3998 4000
f 3979 4284 3451
f 3998 5417 4000
f 5000 6010 6008
f 3977 4281 3449
f 5988 3362 3364
f 4287 3983 4289
f 3976 4280 3450
f 4287 3981 3983
f 3973 7332 5384
f 3975 4279 3446
f 7332 3052 5384
f 3981 5395 3983
f 5986 3362 5988
f 4281 3978 4283
f 4281 3977 3978
f 3974 4277 3447
f 3977 5389 3978
f 3970 7331 5381
f 3973 4276 3445
f 7331 3049 5381
f 4273 3972 4275
f 3970 4273 3443
f 4273 3970 3972
f 3970 5381 3972
f 4980 5986 5988
f 3188 2669 3292
f 5984 3358 3360
f 2668 2669 6135
f 5982 3358 5984
f 4976 5982 5984
f 2668 3292 2669
f 3187 2627 3291
f 3968 4268 3440
f 2626 2627 6134
f 2626 3291 2627
f 5992 3366 3368
f 3808 435 434
f 3808 7632 435
f 5990 3366 5992
f 3803 3797 4053
f 6454 4070 5031
f 4984 5990 5992
f 4109 6492 5068
f 3965 4264 3438
f 6002 3376 3378
f 4053 3797 3165
f 6000 3376 6002
f 4994 6000 6002
f 3962 4260 3436
f 4109 6297 4110
f 5980 3354 3356
f 5978 3354 5980
f 3807 478 479
f 3959 4257 3435
f 4972 5978 5980
f 2730 5349 421
f 3807 7631 478
f 421 5349 420
f 7840 5109 3781
f 7840 3781 3841
f 5743 3694 5731
f 4110 5069 4109
f 3786 3394 4923
f 4811 3786 4923
f 5742 3693 5730
f 3785 3393 4922
f 6492 4109 5069
f 4621 5349 6619
f 5349 4035 6619
f 4620 5348 6618
f 5348 4034 6618
f 2728 5348 492
f 4068 6452 5028
f 6813 7023 7287
f 4810 3785 4922
f 492 5348 493
f 6812 7022 7286
f 5964 3338 3340
f 5962 3338 5964
f 6914 7630 6915
f 7280 6914 7281
f 4956 5962 5964
f 2625 7438 4817
f 7630 6914 5648
f 6913 7483 6914
f 7438 2625 6827
f 7279 6913 7280
f 6914 7280 6913
f 7483 6913 5647
f 6912 7542 6913
f 7278 6912 7279
f 5941 3319 3317
f 6913 7279 6912
f 7542 6912 5646
f 4068 6257 4069
f 6911 7541 6912
f 7277 6911 7278
f 6912 7278 6911
f 7541 6911 5645
f 6910 7540 6911
f 4069 5029 4068
f 7276 6910 7277
f 6911 7277 6910
f 5943 3319 5941
f 7540 6910 5644
f 6909 7539 6910
f 7275 6909 7276
f 6910 7276 6909
f 7539 6909 5643
f 2611 7437 4816
f 6908 7538 6909
f 7274 6908 7275
f 7437 2611 6826
f 6909 7275 6908
f 7538 6908 5642
f 6907 7537 6908
f 7273 6907 7274
f 6908 7274 6907
f 7537 6907 5641
f 6906 7536 6907
f 4327 4011 8035
f 7272 6906 7273
f 6907 7273 6906
f 8035 4011 4013
f 7536 6906 5640
f 6905 7535 6906
f 7271 6905 7272
f 6906 7272 6905
f 7535 6905 5639
f 4011 5433 4013
f 6904 7534 6905
f 7270 6904 7271
f 4254 3955 4252
f 6905 7271 6904
f 7534 6904 5638
f 6903 7533 6904
f 7269 6903 7270
f 6904 7270 6903
f 4254 3957 3955
f 7533 6903 5637
f 6902 7532 6903
f 3957 5360 3955
f 7268 6902 7269
f 6903 7269 6902
f 7532 6902 5636
f 6901 7531 6902
f 7267 6901 7268
f 4422 6120 470
f 6902 7268 6901
f 7531 6901 5635
f 469 4422 470
f 6900 7530 6901
f 7266 6900 7267
f 6901 7267 6900
f 7530 6900 5634
f 6899 7529 6900
f 6917 4422 469
f 7265 6899 7266
f 6900 7266 6899
f 3955 7330 5358
f 7529 6899 5633
f 6898 7528 6899
f 7264 6898 7265
f 7330 3026 5358
f 6899 7265 6898
f 4014 7342 5436
f 7528 6898 5632
f 6897 7527 6898
f 7263 6897 7264
f 6898 7264 6897
f 7342 3104 5436
f 7527 6897 5631
f 6896 7526 6897
f 3954 7341 5359
f 7262 6896 7263
f 6897 7263 6896
f 7526 6896 5630
f 6895 7525 6896
f 7261 6895 7262
f 7341 3027 5359
f 6896 7262 6895
f 7525 6895 5629
f 6894 7524 6895
f 7260 6894 7261
f 6895 7261 6894
f 7524 6894 5628
f 6893 7523 6894
f 7259 6893 7260
f 6894 7260 6893
f 7523 6893 5627
f 6892 7522 6893
f 7258 6892 7259
f 6893 7259 6892
f 7522 6892 5626
f 6891 7521 6892
f 7257 6891 7258
f 6892 7258 6891
f 7521 6891 5625
f 6890 7520 6891
f 7256 6890 7257
f 6891 7257 6890
f 7520 6890 5624
f 6889 7519 6890
f 7255 6889 7256
f 6890 7256 6889
f 7519 6889 5623
f 6888 7518 6889
f 7254 6888 7255
f 6889 7255 6888
f 7518 6888 5622
f 6887 7517 6888
f 7253 6887 7254
f 6888 7254 6887
f 7517 6887 5621
f 6886 7516 6887
f 7252 6886 7253
f 6887 7253 6886
f 7516 6886 5620
f 6885 7515 6886
f 7251 6885 7252
f 6886 7252 6885
f 7515 6885 5619
f 6884 7514 6885
f 7250 6884 7251
f 6885 7251 6884
f 7514 6884 5618
f 6875 7629 6876
f 7242 6875 7243
f 6452 4068 5029
f 7629 6875 5608
f 6874 7482 6875
f 7241 6874 7242
f 6875 7242 6874
f 7482 6874 5607
f 6873 7512 6874
f 7240 6873 7241
f 6874 7241 6873
f 7512 6873 5606
f 6872 7511 6873
f 7239 6872 7240
f 6873 7240 6872
f 7511 6872 5605
f 6871 7510 6872
f 7238 6871 7239
f 6872 7239 6871
f 7510 6871 5604
f 6870 7509 6871
f 7237 6870 7238
f 6871 7238 6870
f 7509 6870 5603
f 6869 7508 6870
f 7236 6869 7237
f 6870 7237 6869
f 7508 6869 5602
f 6868 7507 6869
f 7235 6868 7236
f 6869 7236 6868
f 7507 6868 5601
f 6867 7506 6868
f 7234 6867 7235
f 6868 7235 6867
f 7506 6867 5600
f 6866 7505 6867
f 7233 6866 7234
f 6867 7234 6866
f 7505 6866 5599
f 6865 7504 6866
f 7232 6865 7233
f 6866 7233 6865
f 7504 6865 5598
f 6864 7503 6865
f 7231 6864 7232
f 6865 7232 6864
f 7503 6864 5597
f 6863 7502 6864
f 7230 6863 7231
f 6864 7231 6863
f 7502 6863 5596
f 6862 7501 6863
f 7229 6862 7230
f 6863 7230 6862
f 7501 6862 5595
f 6861 7500 6862
f 7228 6861 7229
f 6862 7229 6861
f 7500 6861 5594
f 6860 7499 6861
f 7227 6860 7228
f 6861 7228 6860
f 7499 6860 5593
f 6859 7498 6860
f 7226 6859 7227
f 6860 7227 6859
f 7498 6859 5592
f 6858 7497 6859
f 7225 6858 7226
f 6859 7226 6858
f 7497 6858 5591
f 6857 7496 6858
f 7224 6857 7225
f 6858 7225 6857
f 7496 6857 5590
f 6856 7495 6857
f 7223 6856 7224
f 6857 7224 6856
f 7495 6856 5589
f 6855 7494 6856
f 7222 6855 7223
f 6856 7223 6855
f 7494 6855 5588
f 6854 7493 6855
f 7221 6854 7222
f 6855 7222 6854
f 7493 6854 5587
f 6853 7492 6854
f 7220 6853 7221
f 6854 7221 6853
f 7492 6853 5586
f 6852 7491 6853
f 7219 6852 7220
f 6853 7220 6852
f 7491 6852 5585
f 6851 7490 6852
f 7218 6851 7219
f 6852 7219 6851
f 7490 6851 5584
f 6850 7489 6851
f 7217 6850 7218
f 6851 7218 6850
f 7489 6850 5583
f 6849 7488 6850
f 7216 6849 7217
f 6850 7217 6849
f 7488 6849 5582
f 6848 7487 6849
f 7215 6848 7216
f 6849 7216 6848
f 7487 6848 5581
f 6847 7486 6848
f 7214 6847 7215
f 6848 7215 6847
f 7486 6847 5580
f 6846 7485 6847
f 7213 6846 7214
f 6847 7214 6846
f 7485 6846 5579
f 6845 7484 6846
f 7212 6845 7213
f 6846 7213 6845
f 7484 6845 5578
f 6883 7513 6884
f 7249 6883 7250
f 6884 7250 6883
f 7513 6883 5617
f 6844 7481 6845
f 7211 6844 7212
f 6141 5140 6033
f 6845 7212 6844
f 7481 6844 5577
f 6140 5139 6032
f 6882 7480 6883
f 7248 6882 7249
f 6883 7249 6882
f 7480 6882 5616
f 6843 7479 6844
f 7210 6843 7211
f 6844 7211 6843
f 7479 6843 5576
f 6881 7478 6882
f 7247 6881 7248
f 6882 7248 6881
f 7478 6881 5615
f 6842 7477 6843
f 7209 6842 7210
f 6843 7210 6842
f 7477 6842 5575
f 6880 7476 6881
f 7246 6880 7247
f 6881 7247 6880
f 7476 6880 5614
f 6841 7475 6842
f 7208 6841 7209
f 6842 7209 6841
f 7475 6841 5574
f 6879 7474 6880
f 7245 6879 7246
f 6880 7246 6879
f 7474 6879 5613
f 6840 7473 6841
f 7207 6840 7208
f 6841 7208 6840
f 7473 6840 5573
f 6878 7472 6879
f 7244 6878 7245
f 6879 7245 6878
f 7472 6878 5612
f 6839 7471 6840
f 7206 6839 7207
f 6840 7207 6839
f 7471 6839 5572
f 6877 7470 6878
f 7283 6877 7244
f 6878 7244 6877
f 7470 6877 5611
f 6838 7469 6839
f 7282 6838 7206
f 6839 7206 6838
f 7469 6838 5571
f 6837 7468 6877
f 7285 6837 7283
f 6877 7283 6837
f 7468 6837 5610
f 6836 7467 6838
f 7284 6836 7282
f 6838 7282 6836
f 7467 6836 5570
f 4251 3952 4014
f 4423 6121 443
f 4250 3951 3954
f 444 4423 443
f 6110 2707 6111
f 3498 6111 2707
f 6326 6110 6111
f 6071 2665 6072
f 3493 6072 2665
f 6286 6071 6072
f 6109 2706 6110
f 5547 6231 4843
f 6325 6109 6110
f 6108 2705 6109
f 3688 5547 4843
f 8038 6324 8013
f 6107 2704 6108
f 3497 6108 2704
f 8030 3330 3044
f 6106 2703 6107
f 4843 6231 6133
f 6322 6106 6107
f 6105 2702 6106
f 5546 6191 4842
f 6321 6105 6106
f 6104 2701 6105
f 3687 5546 4842
f 6320 6104 6105
f 6103 2700 6104
f 4842 6191 6132
f 6319 6103 6104
f 6102 2699 6103
f 5987 3365 3363
f 6318 6102 6103
f 6101 2698 6102
f 5989 3365 5987
f 6317 6101 6102
f 6100 2697 6101
f 4981 5989 5987
f 6316 6100 6101
f 6099 2696 6100
f 5949 3327 3325
f 6315 6099 6100
f 6098 2695 6099
f 5951 3327 5949
f 6314 6098 6099
f 6097 2694 6098
f 4943 5951 5949
f 6313 6097 6098
f 6096 2693 6097
f 5983 3361 3359
f 6312 6096 6097
f 6095 2692 6096
f 6916 4423 444
f 5985 3361 5983
f 6311 6095 6096
f 6347 6339 5124
f 6094 2691 6095
f 6632 5447 6245
f 5447 4921 6245
f 4977 5985 5983
f 6310 6094 6095
f 6093 2690 6094
f 5945 3323 3321
f 6633 5446 6244
f 5446 4920 6244
f 6309 6093 6094
f 6092 2689 6093
f 5947 3323 5945
f 6308 6092 6093
f 6091 2688 6092
f 4939 5947 5945
f 6307 6091 6092
f 5735 4021 5555
f 5555 7293 5735
f 6090 2687 6091
f 6625 5735 3952
f 4021 5735 6625
f 5953 3331 3329
f 5734 4020 5554
f 5554 7292 5734
f 6306 6090 6091
f 6624 5734 3951
f 4020 5734 6624
f 4107 6490 5066
f 4107 6295 4108
f 6089 2686 6090
f 5955 3331 5953
f 4108 5067 4107
f 6490 4107 5067
f 6305 6089 6090
f 5122 2745 4717
f 4717 2745 6831
f 6088 2685 6089
f 4947 5955 5953
f 6304 6088 6089
f 6087 2684 6088
f 5121 2744 4716
f 4716 2744 6830
f 6001 3379 3377
f 6303 6087 6088
f 6086 2683 6087
f 6003 3379 6001
f 6302 6086 6087
f 6085 2682 6086
f 4995 6003 6001
f 6301 6085 6086
f 6084 2681 6085
f 5979 3357 3355
f 6300 6084 6085
f 6083 2680 6084
f 5981 3357 5979
f 6299 6083 6084
f 6082 2679 6083
f 4973 5981 5979
f 6298 6082 6083
f 6081 2678 6082
f 5995 3375 3371
f 6297 6081 6082
f 6080 2677 6081
f 5999 3375 5995
f 6296 6080 6081
f 6079 2676 6080
f 4991 5999 5995
f 6295 6079 6080
f 6078 2675 6079
f 5973 3353 3349
f 5843 4425 5137
f 6294 6078 6079
f 6077 2674 6078
f 5842 4424 5138
f 5977 3353 5973
f 3330 8030 3332
f 6293 6077 6078
f 4969 5977 5973
f 6076 2673 6077
f 5959 3339 3335
f 6292 6076 6077
f 6075 2672 6076
f 5963 3339 5959
f 6291 6075 6076
f 6074 2671 6075
f 4955 5963 5959
f 6290 6074 6075
f 4029 4715 6145
f 6145 4715 3308
f 6073 2670 6074
f 4028 4714 6144
f 6144 4714 3307
f 7111 3858 3856
f 6346 6338 5123
f 3046 8030 3044
f 6289 6073 6074
f 6070 2664 6071
f 7111 3856 4037
f 7110 3857 3855
f 7024 5249 7288
f 6285 6070 6071
f 6069 2663 6070
f 2531 7024 2575
f 5449 8029 7872
f 7110 3855 4036
f 2575 7024 7288
f 5958 3336 3334
f 8038 6108 6109
f 7327 8029 4815
f 3495 4441 6141
f 5960 3336 5958
f 6068 2662 6069
f 4952 5960 5958
f 6141 6288 5140
f 3492 6069 2662
f 8029 7327 7872
f 3490 4440 6140
f 7441 2736 5560
f 6067 2661 6068
f 7025 5250 7289
f 5560 2736 3839
f 4441 6288 6141
f 6282 6067 6068
f 2571 7025 2580
f 6066 2660 6067
f 5565 5559 5835
f 5559 5565 5246
f 6288 4100 5140
f 6281 6066 6067
f 5564 5558 5834
f 6065 2659 6066
f 5558 5564 5245
f 6140 6248 5139
f 6280 6065 6066
f 6064 2658 6065
f 4440 6248 6140
f 6279 6064 6065
f 6063 2657 6064
f 6248 4059 5139
f 6278 6063 6064
f 6062 2656 6063
f 5957 3337 3333
f 6277 6062 6063
f 6061 2655 6062
f 2580 7025 7289
f 5961 3337 5957
f 6276 6061 6062
f 6060 2654 6061
f 2749 6021 4437
f 4951 5961 5957
f 6275 6060 6061
f 6059 2653 6060
f 5965 3345 3341
f 6274 6059 6060
f 4437 3500 4809
f 6139 5142 6031
f 6058 2652 6059
f 5969 3345 5965
f 6138 5141 6030
f 6273 6058 6059
f 6021 3500 4437
f 6057 2651 6058
f 4959 5969 5965
f 5569 5565 5831
f 6272 6057 6058
f 6056 2650 6057
f 5568 5564 5830
f 5557 4153 6125
f 6271 6056 6057
f 5567 5649 5825
f 6055 2649 6056
f 4066 6450 5026
f 5566 5609 5785
f 6270 6055 6056
f 6054 2648 6055
f 5610 5569 5827
f 4066 6255 4067
f 6269 6054 6055
f 5570 5568 5826
f 6053 2647 6054
f 5556 4152 6124
f 5649 5648 5824
f 6268 6053 6054
f 6052 2646 6053
f 5609 5608 5784
f 4067 5027 4066
f 6267 6052 6053
f 5648 5647 5823
f 6051 2645 6052
f 6450 4066 5027
f 5647 5646 5822
f 6266 6051 6052
f 6050 2644 6051
f 5646 5645 5821
f 2741 3160 4837
f 6265 6050 6051
f 5645 5644 5820
f 6049 2643 6050
f 4105 6488 5064
f 5644 5643 5819
f 6264 6049 6050
f 6048 2642 6049
f 5643 5642 5818
f 2741 3285 3160
f 6263 6048 6049
f 5642 5641 5817
f 6047 2641 6048
f 2743 3159 4836
f 5641 5640 5816
f 6262 6047 6048
f 6046 2640 6047
f 5640 5639 5815
f 4105 6293 4106
f 6261 6046 6047
f 5639 5638 5814
f 6045 2639 6046
f 2743 3283 3159
f 5638 5637 5813
f 6260 6045 6046
f 6044 2638 6045
f 5637 5636 5812
f 5128 7325 3946
f 6259 6044 6045
f 5636 5635 5811
f 6043 2637 6044
f 4035 5128 6619
f 5635 5634 5810
f 6258 6043 6044
f 6042 2636 6043
f 5634 5633 5809
f 6619 5128 3946
f 6257 6042 6043
f 5633 5632 5808
f 6041 2635 6042
f 5127 7324 3945
f 5632 5631 5807
f 6256 6041 6042
f 6040 2634 6041
f 5631 5630 5806
f 4034 5127 6618
f 6255 6040 6041
f 5630 5629 5805
f 6039 2633 6040
f 6618 5127 3945
f 5629 5628 5804
f 6254 6039 6040
f 6038 2632 6039
f 5628 5627 5803
f 5006 6137 7448
f 6253 6038 6039
f 5627 5626 5802
f 6037 2631 6038
f 2935 6137 5006
f 5626 5625 5801
f 6252 6037 6038
f 6036 2630 6037
f 5625 5624 5800
f 6137 3392 7448
f 6251 6036 6037
f 5624 5623 5799
f 6035 2629 6036
f 5005 6136 7447
f 5623 5622 5798
f 6250 6035 6036
f 6034 2628 6035
f 5622 5621 5797
f 2848 6136 5005
f 6249 6034 6035
f 5621 5620 5796
f 2748 6020 4436
f 4436 3499 4808
f 5620 5619 5795
f 6020 3499 4436
f 5100 3816 2721
f 5619 5618 5794
f 7287 6835 7285
f 6136 3391 7447
f 5618 5617 5793
f 7442 2738 5561
f 7286 6834 7284
f 5617 5616 5792
f 4106 5065 4105
f 5561 2738 3840
f 5616 5615 5791
f 6835 7466 6837
f 6837 7285 6835
f 5615 5614 5790
f 7841 5110 3782
f 6834 7465 6836
f 5614 5613 5789
f 6836 7284 6834
f 7841 3782 3843
f 5613 5612 5788
f 6488 4105 5065
f 2721 3822 3690
f 5612 5611 5787
f 7287 3940 3942
f 3690 5100 2721
f 5611 5610 5786
f 7285 3940 7287
f 5845 4047 6237
f 5608 5607 5783
f 7286 3939 3941
f 5844 4046 6236
f 5607 5606 5782
f 5099 3815 2720
f 3484 6237 4047
f 5606 5605 5781
f 2720 3821 3689
f 3483 6236 4046
f 5605 5604 5780
f 4833 6617 4043
f 4832 6616 4042
f 5604 5603 5779
f 6833 5008 3306
f 7297 6833 3306
f 5603 5602 5778
f 6832 5007 3305
f 7296 6832 3305
f 5602 5601 5777
f 4064 6448 5024
f 4801 4819 4913
f 5601 5600 5776
f 4801 3850 4819
f 4064 6253 4065
f 5600 5599 5775
f 4800 4818 4912
f 4800 3849 4818
f 5599 5598 5774
f 6111 2708 6031
f 3689 5099 2720
f 6327 6111 6031
f 5598 5597 5773
f 6072 2666 6030
f 5852 3587 3588
f 6287 6072 6030
f 5597 5596 5772
f 3587 2937 3588
f 6819 5130 4029
f 5596 5595 5771
f 4025 5130 6819
f 6818 5129 4028
f 5595 5594 5770
f 4024 5129 6818
f 5853 3544 3545
f 5594 5593 5769
f 3389 3104 4331
f 3155 3389 4331
f 5593 5592 5768
f 3311 3027 4330
f 3107 3311 4330
f 5592 5591 5767
f 3495 3237 3496
f 3496 4441 3495
f 5591 5590 5766
f 3544 3017 3545
f 6921 4012 4328
f 5590 5589 5765
f 6921 4014 4012
f 3490 3195 3491
f 5589 5588 5764
f 3491 4440 3490
f 4014 5436 4012
f 5588 5587 5763
f 6920 3956 4253
f 6920 3954 3956
f 5587 5586 5762
f 7281 6809 3937
f 6809 7281 7205
f 5586 5585 5761
f 7243 6769 3897
f 6769 7243 7204
f 5585 5584 5760
f 7280 6808 3936
f 6808 7280 7281
f 5584 5583 5759
f 7279 6807 3935
f 6807 7279 7280
f 7278 6806 3934
f 6806 7278 7279
f 5583 5582 5758
f 7277 6805 3933
f 6805 7277 7278
f 5582 5581 5757
f 7276 6804 3932
f 6804 7276 7277
f 5581 5580 5756
f 7275 6803 3931
f 6803 7275 7276
f 5580 5579 5755
f 7274 6802 3930
f 6802 7274 7275
f 5579 5578 5754
f 7273 6801 3929
f 6801 7273 7274
f 5578 5577 5753
f 7272 6800 3928
f 6800 7272 7273
f 5577 5576 5752
f 7271 6799 3927
f 6799 7271 7272
f 5576 5575 5751
f 7270 6798 3926
f 3954 5359 3956
f 6798 7270 7271
f 7269 6797 3925
f 6920 4155 4250
f 6797 7269 7270
f 5575 5574 5750
f 7268 6796 3924
f 6796 7268 7269
f 7267 6795 3923
f 6795 7267 7268
f 5574 5573 5749
f 7266 6794 3922
f 6794 7266 7267
f 5573 5572 5748
f 7265 6793 3921
f 6793 7265 7266
f 5572 5571 5747
f 7264 6792 3920
f 6792 7264 7265
f 5571 5570 5746
f 7263 6791 3919
f 6791 7263 7264
f 5563 5567 5829
f 5567 5563 5242
f 7262 6790 3918
f 5562 5566 5828
f 5566 5562 5241
f 6790 7262 7263
f 7261 6789 3917
f 6789 7261 7262
f 7260 6788 3916
f 6788 7260 7261
f 7259 6787 3915
f 6787 7259 7260
f 7258 6786 3914
f 6786 7258 7259
f 7257 6785 3913
f 6785 7257 7258
f 7256 6784 3912
f 6784 7256 7257
f 7255 6783 3911
f 6783 7255 7256
f 7254 6782 3910
f 6782 7254 7255
f 7253 6781 3909
f 6335 2580 6027
f 6781 7253 7254
f 6334 2575 6026
f 7252 6780 3908
f 6780 7252 7253
f 7251 6779 3907
f 6779 7251 7252
f 7189 2569 2570
f 2569 7188 2570
f 7185 2568 2567
f 2568 7184 2567
f 7183 2567 2566
f 2567 7182 2566
f 7181 2566 2565
f 2566 7180 2565
f 7179 2565 2564
f 2565 7178 2564
f 7177 2564 2562
f 2564 7176 2562
f 7175 2562 2563
f 2562 7174 2563
f 7171 2561 2560
f 2561 7170 2560
f 7250 6778 3906
f 3280 2589 2585
f 6778 7250 7251
f 7284 3939 7286
f 7249 6777 3905
f 3278 2587 2584
f 6777 7249 7250
f 4031 5269 4429
f 7169 2560 2559
f 2560 7168 2559
f 7167 2559 2558
f 2559 7166 2558
f 7165 2558 2557
f 2558 7164 2557
f 7163 2557 2556
f 2557 7162 2556
f 7161 2556 2555
f 2556 7160 2555
f 7159 2555 2554
f 2555 7158 2554
f 7157 2554 2553
f 2554 7156 2553
f 7155 2553 2551
f 2553 7154 2551
f 7153 2551 2552
f 2551 7152 2552
f 7149 2550 2548
f 2550 7148 2548
f 7147 2548 2549
f 2548 7146 2549
f 7143 2547 2546
f 2547 7142 2546
f 7141 2546 2544
f 2546 7140 2544
f 7248 6776 3904
f 7139 2544 2545
f 2544 7138 2545
f 7135 2543 2542
f 2543 7134 2542
f 6776 7248 7249
f 7133 2542 2541
f 2542 7132 2541
f 7131 2541 2540
f 2541 7130 2540
f 7129 2540 2539
f 2540 7128 2539
f 7127 2539 2538
f 2539 7126 2538
f 7125 2538 2537
f 2538 7124 2537
f 7123 2537 2536
f 2537 7122 2536
f 7121 2536 2535
f 2536 7120 2535
f 7119 2535 2534
f 2535 7118 2534
f 7116 2533 2534
f 2533 7117 2534
f 7242 6768 3896
f 419 6341 3174
f 3174 3298 420
f 3174 420 419
f 6768 7242 7243
f 494 6340 3173
f 3173 3297 493
f 3173 493 494
f 7241 6767 3895
f 3954 6920 4250
f 6109 6325 6324
f 6325 4137 6324
f 6767 7241 7242
f 6070 6285 6284
f 6285 4096 6284
f 8029 5449 4815
f 5246 7023 5112
f 7240 6766 3894
f 6766 7240 7241
f 5245 7022 5111
f 7239 6765 3893
f 6765 7239 7240
f 6324 4136 6323
f 4327 8028 5346
f 7238 6764 3892
f 6323 4135 6322
f 6106 6322 6321
f 6764 7238 7239
f 7237 6763 3891
f 6763 7237 7238
f 7236 6762 3890
f 6762 7236 7237
f 7235 6761 3889
f 6761 7235 7236
f 7234 6760 3888
f 6760 7234 7235
f 7233 6759 3887
f 6759 7233 7234
f 7232 6758 3886
f 6758 7232 7233
f 7231 6757 3885
f 6757 7231 7232
f 7230 6756 3884
f 6756 7230 7231
f 7229 6755 3883
f 6755 7229 7230
f 7228 6754 3882
f 6754 7228 7229
f 7227 6753 3881
f 6753 7227 7228
f 7440 4047 5012
f 5845 5012 4047
f 7439 4046 5011
f 5844 5011 4046
f 7226 6752 3880
f 6322 4134 6321
f 6752 7226 7227
f 6105 6321 6320
f 7225 6751 3879
f 6751 7225 7226
f 7224 6750 3878
f 6750 7224 7225
f 7223 6749 3877
f 6749 7223 7224
f 7222 6748 3876
f 6748 7222 7223
f 7221 6747 3875
f 6747 7221 7222
f 7220 6746 3874
f 6746 7220 7221
f 7219 6745 3873
f 6745 7219 7220
f 7218 6744 3872
f 6744 7218 7219
f 7217 6743 3871
f 6743 7217 7218
f 7216 6742 3870
f 6742 7216 7217
f 7215 6741 3869
f 6741 7215 7216
f 7214 6740 3868
f 6740 7214 7215
f 7213 6739 3867
f 6739 7213 7214
f 7212 6738 3866
f 6738 7212 7213
f 7211 6737 3865
f 6737 7211 7212
f 7210 6736 3864
f 6736 7210 7211
f 7247 6775 3903
f 6775 7247 7248
f 7209 6735 3863
f 6735 7209 7210
f 7246 6774 3902
f 6774 7246 7247
f 2739 3296 487
f 486 2739 487
f 3295 2738 426
f 6834 7627 7465
f 2737 3294 426
f 427 2737 426
f 3293 2736 487
f 7465 7627 5568
f 7208 6734 3862
f 6734 7208 7209
f 7245 6773 3901
f 6773 7245 7246
f 7207 6733 3861
f 6733 7207 7208
f 7244 6772 3900
f 6772 7244 7245
f 7206 6732 3860
f 6732 7206 7207
f 7283 6771 3899
f 6771 7283 7244
f 7282 6731 3859
f 6731 7282 7206
f 7285 6770 3940
f 6770 7285 7283
f 7284 6730 3939
f 6730 7284 7282
f 7205 5242 7203
f 7205 6811 3938
f 6811 7205 7203
f 7204 5241 7202
f 7204 6810 3898
f 6810 7204 7202
f 5449 6015 6439
f 6321 4133 6320
f 5448 6014 6438
f 6104 6320 6319
f 5829 4709 5833
f 5563 5829 5833
f 5828 4708 5832
f 5562 5828 5832
f 6320 4132 6319
f 6103 6319 6318
f 6319 4131 6318
f 6102 6318 6317
f 6318 4130 6317
f 6101 6317 6316
f 6819 4017 7297
f 5118 6819 7297
f 6818 4016 7296
f 5117 6818 7296
f 2834 6523 2835
f 2791 6522 2792
f 6230 4907 4524
f 4065 5025 4064
f 6448 4064 5025
f 6229 4906 4523
f 3780 5102 5732
f 3780 5732 3778
f 5102 4026 5732
f 2937 5732 4026
f 3779 5101 5733
f 6227 4905 4521
f 3779 5733 3736
f 5101 4027 5733
f 6226 4904 4520
f 3017 5733 4027
f 4137 6520 5096
f 6225 4903 4519
f 4137 6325 4138
f 4138 5097 4137
f 6224 4902 4518
f 6520 4137 5097
f 4096 6480 5056
f 6223 4901 4517
f 4096 6285 4097
f 4097 5057 4096
f 6222 4900 4516
f 6480 4096 5057
f 4103 6486 5062
f 6221 4899 4515
f 4103 6291 4104
f 4104 5063 4103
f 6220 4898 4514
f 6486 4103 5063
f 4062 6446 5022
f 6219 4897 4513
f 4062 6251 4063
f 4063 5023 4062
f 6218 4896 4512
f 6446 4062 5023
f 7190 5270 5272
f 6217 4895 4511
f 7190 5272 7302
f 4253 5272 5270
f 6216 4894 4510
f 5093 4134 4135
f 4135 6517 5093
f 6215 4893 4509
f 6322 4135 4134
f 6517 4135 5094
f 6214 4892 4508
f 5092 4133 4134
f 4134 6516 5092
f 6213 4891 4507
f 6321 4134 4133
f 6516 4134 5093
f 6212 4890 4506
f 5091 4132 4133
f 4133 6515 5091
f 6211 4889 4505
f 6320 4133 4132
f 6515 4133 5092
f 6210 4888 4504
f 5090 4131 4132
f 4132 6514 5090
f 6209 4887 4503
f 6319 4132 4131
f 6514 4132 5091
f 6208 4886 4502
f 5089 4130 4131
f 4131 6513 5089
f 6207 4885 4501
f 6318 4131 4130
f 6513 4131 5090
f 6206 4884 4500
f 5088 4129 4130
f 4130 6512 5088
f 6205 4883 4499
f 6317 4130 4129
f 6512 4130 5089
f 5087 4128 4129
f 4129 6511 5087
f 6316 4129 4128
f 6511 4129 5088
f 6317 4129 6316
f 5086 4127 4128
f 6100 6316 6315
f 4128 6510 5086
f 6202 4882 4496
f 6315 4128 4127
f 6510 4128 5087
f 5085 4126 4127
f 4127 6509 5085
f 6314 4127 4126
f 6200 4881 4494
f 6509 4127 5086
f 5084 4125 4126
f 4126 6508 5084
f 6313 4126 4125
f 6508 4126 5085
f 6316 4128 6315
f 6198 4880 4492
f 5083 4124 4125
f 6099 6315 6314
f 4125 6507 5083
f 6312 4125 4124
f 6507 4125 5084
f 5082 4123 4124
f 6196 4879 4490
f 4124 6506 5082
f 6311 4124 4123
f 6506 4124 5083
f 6315 4127 6314
f 4339 4165 7432
f 4339 6609 4165
f 6098 6314 6313
f 4338 4164 7431
f 4338 6608 4164
f 5081 4122 4123
f 4123 6505 5081
f 6194 4878 4488
f 6310 4123 4122
f 6505 4123 5082
f 6193 4877 4487
f 5080 4121 4122
f 4122 6504 5080
f 6190 4875 4483
f 4806 6244 5102
f 6309 4122 4121
f 6504 4122 5081
f 6189 4874 4482
f 5079 4120 4121
f 4121 6503 5079
f 3024 5102 6244
f 4807 6245 5101
f 6308 4121 4120
f 6503 4121 5080
f 3025 5101 6245
f 4429 7021 4031
f 6923 4429 5269
f 4030 5268 4428
f 4428 7020 4030
f 5078 4119 4120
f 6187 4873 4480
f 4120 6502 5078
f 6307 4120 4119
f 6186 4872 4479
f 6502 4120 5079
f 5077 4118 4119
f 6185 4871 4478
f 4119 6501 5077
f 6306 4119 4118
f 6184 4870 4477
f 6501 4119 5078
f 5076 4117 4118
f 6183 4869 4476
f 4827 5561 5150
f 5104 4827 5150
f 4826 5560 5149
f 5103 4826 5149
f 5855 7426 3586
f 4118 6500 5076
f 5857 7425 3585
f 2942 5857 3585
f 5859 7424 3584
f 2944 5859 3584
f 5861 7423 3583
f 2946 5861 3583
f 5863 7422 3582
f 2948 5863 3582
f 5865 7421 3581
f 2950 5865 3581
f 5867 7420 3580
f 2952 5867 3580
f 5869 7419 3579
f 2954 5869 3579
f 5871 7418 3578
f 2956 5871 3578
f 5873 7417 3577
f 2958 5873 3577
f 5875 7416 3576
f 2960 5875 3576
f 5877 7415 3575
f 2962 5877 3575
f 5881 7414 3574
f 2966 5881 3574
f 5879 7413 3573
f 2964 5879 3573
f 5883 7412 3572
f 2968 5883 3572
f 5885 7411 3571
f 2970 5885 3571
f 5889 7410 3570
f 2974 5889 3570
f 5887 7409 3569
f 2972 5887 3569
f 5891 7408 3568
f 2976 5891 3568
f 5895 7407 3567
f 2980 5895 3567
f 5893 7406 3566
f 2978 5893 3566
f 5897 7405 3565
f 2982 5897 3565
f 5899 7404 3564
f 2984 5899 3564
f 5901 7403 3563
f 2986 5901 3563
f 5903 7402 3562
f 2988 5903 3562
f 5905 7401 3561
f 2990 5905 3561
f 5907 7400 3560
f 2992 5907 3560
f 5909 7399 3559
f 2994 5909 3559
f 5911 7398 3558
f 2996 5911 3558
f 5913 7397 3557
f 2998 5913 3557
f 5917 7396 3556
f 3002 5917 3556
f 5915 7395 3555
f 3000 5915 3555
f 5919 7394 3554
f 3004 5919 3554
f 5921 7393 3553
f 3006 5921 3553
f 5923 7392 3552
f 3008 5923 3552
f 5925 7391 3551
f 3010 5925 3551
f 5927 7390 3550
f 3012 5927 3550
f 5931 7389 3549
f 3016 5931 3549
f 5929 7388 3548
f 3014 5929 3548
f 5932 7387 3543
f 6305 4118 4117
f 5928 7386 3542
f 3013 5928 3542
f 5930 7385 3541
f 3015 5930 3541
f 5926 7384 3540
f 3011 5926 3540
f 5924 7383 3539
f 3009 5924 3539
f 5922 7382 3538
f 3007 5922 3538
f 5920 7381 3537
f 3005 5920 3537
f 5918 7380 3536
f 3003 5918 3536
f 5914 7379 3535
f 2999 5914 3535
f 5916 7378 3534
f 3001 5916 3534
f 5912 7377 3533
f 2997 5912 3533
f 5910 7376 3532
f 2995 5910 3532
f 5908 7375 3531
f 2993 5908 3531
f 5906 7374 3530
f 2991 5906 3530
f 5904 7373 3529
f 2989 5904 3529
f 5902 7372 3528
f 2987 5902 3528
f 5900 7371 3527
f 2985 5900 3527
f 5898 7370 3526
f 2983 5898 3526
f 5896 7369 3525
f 2981 5896 3525
f 5892 7368 3524
f 2977 5892 3524
f 5894 7367 3523
f 2979 5894 3523
f 5890 7366 3522
f 2975 5890 3522
f 5886 7365 3521
f 2971 5886 3521
f 5888 7364 3520
f 2973 5888 3520
f 5884 7363 3519
f 2969 5884 3519
f 5882 7362 3518
f 2967 5882 3518
f 5878 7361 3517
f 2963 5878 3517
f 5880 7360 3516
f 2965 5880 3516
f 5876 7359 3515
f 2961 5876 3515
f 5874 7358 3514
f 2959 5874 3514
f 5872 7357 3513
f 2957 5872 3513
f 5870 7356 3512
f 2955 5870 3512
f 5868 7355 3511
f 2953 5868 3511
f 5866 7354 3510
f 2951 5866 3510
f 5864 7353 3509
f 2949 5864 3509
f 5862 7352 3508
f 2947 5862 3508
f 5860 7351 3507
f 2945 5860 3507
f 5858 7350 3506
f 2943 5858 3506
f 5856 7349 3505
f 2941 5856 3505
f 5933 7428 3547
f 3020 5933 3547
f 5854 7427 3504
f 2939 5854 3504
f 5852 7430 3587
f 6314 4126 6313
f 5853 7429 3544
f 6097 6313 6312
f 5851 7432 3546
f 3018 5851 3546
f 5850 7431 3503
f 2936 5850 3503
f 6500 4118 5077
f 6335 6337 5248
f 5075 4116 4117
f 6182 4868 4475
f 6334 6336 5247
f 4117 6499 5075
f 6304 4117 4116
f 6181 4867 4474
f 6499 4117 5076
f 5074 4115 4116
f 6180 4866 4473
f 4116 6498 5074
f 6303 4116 4115
f 6179 4865 4472
f 6498 4116 5075
f 5073 4114 4115
f 6178 4864 4471
f 4115 6497 5073
f 6302 4115 4114
f 6177 4863 4470
f 6497 4115 5074
f 5072 4113 4114
f 6176 4862 4469
f 4114 6496 5072
f 6301 4114 4113
f 6175 4861 4468
f 6496 4114 5073
f 5357 2625 4825
f 5071 4112 4113
f 6174 4860 4467
f 5356 2611 4824
f 4113 6495 5071
f 6300 4113 4112
f 6173 4859 4466
f 6495 4113 5072
f 5053 4093 4094
f 6172 4858 4465
f 4094 6477 5053
f 6282 4094 4093
f 6171 4857 4464
f 6477 4094 5054
f 5052 4092 4093
f 6170 4856 4463
f 4093 6476 5052
f 6281 4093 4092
f 6169 4855 4462
f 6476 4093 5053
f 5051 4091 4092
f 6168 4854 4461
f 4092 6475 5051
f 6280 4092 4091
f 6167 4853 4460
f 6475 4092 5052
f 5050 4090 4091
f 6166 4852 4459
f 3682 5551 6147
f 4091 6474 5050
f 6279 4091 4090
f 6165 4851 4458
f 6474 4091 5051
f 3681 5550 6146
f 5049 4089 4090
f 4090 6473 5049
f 6278 4090 4089
f 6473 4090 5050
f 5048 4088 4089
f 4089 6472 5048
f 6277 4089 4088
f 6472 4089 5049
f 5047 4087 4088
f 6162 4850 4455
f 4088 6471 5047
f 6276 4088 4087
f 6471 4088 5048
f 5046 4086 4087
f 4087 6470 5046
f 6160 4849 4453
f 6275 4087 4086
f 6470 4087 5047
f 5045 4085 4086
f 6313 4125 6312
f 4086 6469 5045
f 6274 4086 4085
f 6158 4848 4451
f 6096 6312 6311
f 6469 4086 5046
f 5044 4084 4085
f 4085 6468 5044
f 6312 4124 6311
f 6273 4085 4084
f 6468 4085 5045
f 6156 4847 4449
f 6095 6311 6310
f 5043 4083 4084
f 4084 6467 5043
f 6272 4084 4083
f 6770 3634 3940
f 6467 4084 5044
f 5042 4082 4083
f 6154 4846 4447
f 6730 3593 3939
f 4083 6466 5042
f 6271 4083 4082
f 6153 4845 4446
f 6811 3674 3938
f 6466 4083 5043
f 6835 7628 7466
f 7466 7628 5569
f 6876 7629 7543
f 7543 7629 5609
f 5041 4081 4082
f 4082 6465 5041
f 6810 3633 3898
f 6270 4082 4081
f 6465 4082 5042
f 5040 4080 4081
f 6809 3673 3937
f 4081 6464 5040
f 6269 4081 4080
f 6192 4876 4486
f 6808 3672 3936
f 4876 4435 4486
f 2795 4486 4435
f 6152 4844 4445
f 6807 3671 3935
f 4844 4434 4445
f 2752 4445 4434
f 6151 4841 4485
f 6806 3670 3934
f 4841 4433 4485
f 2794 4485 4433
f 6150 4840 4444
f 6805 3669 3933
f 4840 4432 4444
f 2751 4444 4432
f 5265 4837 3160
f 6804 3668 3932
f 5265 7325 4837
f 5108 5265 3160
f 5264 4836 3159
f 6803 3667 3931
f 5264 7324 4836
f 5107 5264 3159
f 3777 5651 3776
f 6802 3666 3930
f 2854 3777 3776
f 3735 5728 3734
f 2929 3735 3734
f 6801 3665 3929
f 3302 3023 5835
f 4713 5835 3023
f 5835 5559 3302
f 6800 3664 3928
f 3301 3022 5834
f 4712 5834 3022
f 5834 5558 3301
f 6799 3663 3927
f 3738 5729 3737
f 2932 3738 3737
f 3696 5650 3695
f 6798 3662 3926
f 2851 3696 3695
f 3774 5657 3773
f 2860 3774 3773
f 6797 3661 3925
f 3773 5659 3772
f 2862 3773 3772
f 3772 5661 3771
f 6796 3660 3924
f 2864 3772 3771
f 3771 5663 3770
f 2866 3771 3770
f 6795 3659 3923
f 3770 5665 3769
f 2868 3770 3769
f 3769 5667 3768
f 6794 3658 3922
f 2870 3769 3768
f 3768 5669 3767
f 2872 3768 3767
f 6793 3657 3921
f 3767 5671 3766
f 2874 3767 3766
f 3766 5673 3765
f 6792 3656 3920
f 2876 3766 3765
f 3765 5677 3764
f 2878 3765 3764
f 6791 3655 3919
f 3764 5675 3763
f 2880 3764 3763
f 3763 5679 3762
f 6790 3654 3918
f 2882 3763 3762
f 3762 5681 3761
f 2884 3762 3761
f 6789 3653 3917
f 3761 5685 3760
f 2886 3761 3760
f 3760 5683 3759
f 6788 3652 3916
f 2888 3760 3759
f 3759 5687 3758
f 2890 3759 3758
f 6787 3651 3915
f 3758 5691 3757
f 2892 3758 3757
f 3757 5689 3756
f 6786 3650 3914
f 2894 3757 3756
f 3756 5693 3755
f 2896 3756 3755
f 6785 3649 3913
f 3755 5695 3754
f 2898 3755 3754
f 3754 5697 3753
f 6784 3648 3912
f 2900 3754 3753
f 3753 5699 3752
f 2902 3753 3752
f 6783 3647 3911
f 3752 5701 3751
f 2904 3752 3751
f 3751 5703 3750
f 6782 3646 3910
f 2906 3751 3750
f 3750 5705 3749
f 2908 3750 3749
f 6781 3645 3909
f 3749 5707 3748
f 2910 3749 3748
f 3748 5709 3747
f 6780 3644 3908
f 2912 3748 3747
f 3747 5713 3746
f 2914 3747 3746
f 6779 3643 3907
f 3746 5711 3745
f 2916 3746 3745
f 3745 5715 3744
f 2918 3745 3744
f 3744 5717 3743
f 2920 3744 3743
f 3743 5719 3742
f 6778 3642 3906
f 2922 3743 3742
f 3742 5721 3741
f 2924 3742 3741
f 6777 3641 3905
f 3741 5723 3740
f 2926 3741 3740
f 3740 5727 3739
f 6776 3640 3904
f 2928 3740 3739
f 3732 5722 3731
f 2923 3732 3731
f 6775 3639 3903
f 3731 5720 3730
f 2921 3731 3730
f 3730 5718 3729
f 6774 3638 3902
f 2919 3730 3729
f 3729 5716 3728
f 2917 3729 3728
f 6773 3637 3901
f 3728 5714 3727
f 2915 3728 3727
f 3727 5710 3726
f 6772 3636 3900
f 2913 3727 3726
f 3726 5712 3725
f 2911 3726 3725
f 6771 3635 3899
f 3725 5708 3724
f 2909 3725 3724
f 3724 5706 3723
f 6769 3632 3897
f 2907 3724 3723
f 3723 5704 3722
f 2905 3723 3722
f 6768 3631 3896
f 3722 5702 3721
f 2903 3722 3721
f 3721 5700 3720
f 6767 3630 3895
f 2901 3721 3720
f 3720 5698 3719
f 2899 3720 3719
f 3719 5696 3718
f 6311 4123 6310
f 2897 3719 3718
f 6094 6310 6309
f 6766 3629 3894
f 3718 5694 3717
f 2895 3718 3717
f 3717 5692 3716
f 6765 3628 3893
f 2893 3717 3716
f 3716 5688 3715
f 2891 3716 3715
f 6764 3627 3892
f 3715 5690 3714
f 2889 3715 3714
f 3714 5686 3713
f 2887 3714 3713
f 3713 5682 3712
f 6763 3626 3891
f 2885 3713 3712
f 3712 5684 3711
f 2883 3712 3711
f 3711 5680 3710
f 2881 3711 3710
f 6762 3625 3890
f 3710 5678 3709
f 2879 3710 3709
f 3709 5674 3708
f 6761 3624 3889
f 2877 3709 3708
f 3708 5676 3707
f 2875 3708 3707
f 6760 3623 3888
f 3707 5672 3706
f 2873 3707 3706
f 3706 5670 3705
f 6759 3622 3887
f 2871 3706 3705
f 3705 5668 3704
f 2869 3705 3704
f 6758 3621 3886
f 3704 5666 3703
f 2867 3704 3703
f 3703 5664 3702
f 2865 3703 3702
f 6757 3620 3885
f 3702 5662 3701
f 2863 3702 3701
f 3701 5660 3700
f 2861 3701 3700
f 6756 3619 3884
f 3700 5658 3699
f 2859 3700 3699
f 3699 5656 3698
f 6755 3618 3883
f 2857 3699 3698
f 3698 5654 3697
f 2855 3698 3697
f 6754 3617 3882
f 3776 5653 3775
f 2856 3776 3775
f 3734 5724 3733
f 6753 3616 3881
f 2927 3734 3733
f 6310 4122 6309
f 5347 7193 5443
f 6752 3615 3880
f 5443 4156 5347
f 6093 6309 6308
f 474 3844 475
f 5270 7192 5442
f 3843 439 438
f 6751 3614 3879
f 439 3842 438
f 5442 4155 5270
f 3841 474 475
f 6833 6631 5008
f 4925 6631 6833
f 6750 3613 3878
f 6832 6630 5007
f 4924 6630 6832
f 5344 8028 4329
f 6749 3612 3877
f 2837 6127 6831
f 6831 6127 4717
f 8028 5344 5346
f 6748 3611 3876
f 2836 6126 6830
f 6830 6126 4716
f 7462 3235 3188
f 6747 3610 3875
f 3235 2669 3188
f 7461 3193 3187
f 3193 2627 3187
f 6746 3609 3874
f 2793 4433 6131
f 4433 4841 6131
f 6149 6131 4841
f 6745 3608 3873
f 2750 4432 6130
f 4432 4840 6130
f 6148 6130 4840
f 6744 3607 3872
f 7321 5346 5344
f 5344 7189 7321
f 6309 4121 6308
f 6743 3606 3871
f 8028 4327 4329
f 6092 6308 6307
f 6308 4120 6307
f 6742 3605 3870
f 6091 6307 6306
f 6307 4119 6306
f 7320 5343 5345
f 6741 3604 3869
f 5345 7188 7320
f 6090 6306 6305
f 4326 5345 5343
f 6740 3603 3868
f 6306 4118 6305
f 6089 6305 6304
f 6305 4117 6304
f 6739 3602 3867
f 6088 6304 6303
f 7319 5341 5339
f 5339 7184 7319
f 6738 3601 3866
f 6304 4116 6303
f 4322 5339 5341
f 6087 6303 6302
f 6737 3600 3865
f 6303 4115 6302
f 6086 6302 6301
f 6302 4114 6301
f 6736 3599 3864
f 6085 6301 6300
f 6301 4113 6300
f 6084 6300 6299
f 6735 3598 3863
f 6300 4112 6299
f 6083 6299 6298
f 6299 4111 6298
f 6734 3597 3862
f 8027 3105 3385
f 6284 4095 6283
f 8027 3390 3428
f 6733 3596 3861
f 6283 4094 6282
f 6067 6282 6281
f 6282 4093 6281
f 6732 3595 3860
f 6066 6281 6280
f 6281 4092 6280
f 6065 6280 6279
f 6731 3594 3859
f 6280 4091 6279
f 6064 6279 6278
f 6279 4090 6278
f 6063 6278 6277
f 6278 4089 6277
f 6062 6277 6276
f 6277 4088 6276
f 6061 6276 6275
f 6276 4087 6275
f 6060 6275 6274
f 6275 4086 6274
f 6059 6274 6273
f 6274 4085 6273
f 7318 5332 5330
f 5330 7175 7318
f 6058 6273 6272
f 4313 5330 5332
f 6273 4084 6272
f 6057 6272 6271
f 5731 3737 4797
f 7174 5331 7317
f 6272 4083 6271
f 5730 3695 4718
f 6056 6271 6270
f 6271 4082 6270
f 5653 3776 4720
f 7171 5328 7316
f 6055 6270 6269
f 5655 3775 4722
f 7315 5327 5325
f 5325 7170 7315
f 5657 3774 4724
f 6270 4081 6269
f 4308 5325 5327
f 5659 3773 4726
f 6054 6269 6268
f 6269 4080 6268
f 5661 3772 4728
f 6053 6268 6267
f 6268 4079 6267
f 5663 3771 4730
f 6052 6267 6266
f 6267 4078 6266
f 5665 3770 4732
f 6051 6266 6265
f 6266 4077 6265
f 5667 3769 4734
f 6050 6265 6264
f 6265 4076 6264
f 5669 3768 4736
f 6049 6264 6263
f 6264 4075 6263
f 5671 3767 4738
f 6048 6263 6262
f 6263 4074 6262
f 5673 3766 4740
f 6047 6262 6261
f 6262 4073 6261
f 6046 6261 6260
f 5677 3765 4742
f 6261 4072 6260
f 6045 6260 6259
f 6260 4071 6259
f 5675 3764 4744
f 6044 6259 6258
f 6259 4070 6258
f 6082 6298 6297
f 5679 3763 4746
f 6298 4110 6297
f 6043 6258 6257
f 6258 4069 6257
f 6081 6297 6296
f 6297 4109 6296
f 5681 3762 4748
f 6042 6257 6256
f 6257 4068 6256
f 5685 3761 4750
f 6080 6296 6295
f 6296 4108 6295
f 5683 3760 4752
f 6041 6256 6255
f 6256 4067 6255
f 5687 3759 4754
f 6079 6295 6294
f 6295 4107 6294
f 5691 3758 4756
f 6040 6255 6254
f 6255 4066 6254
f 5689 3757 4758
f 6078 6294 6293
f 6294 4106 6293
f 5693 3756 4760
f 6039 6254 6253
f 6254 4065 6253
f 5695 3755 4762
f 6077 6293 6292
f 6293 4105 6292
f 5697 3754 4764
f 6038 6253 6252
f 6253 4064 6252
f 5699 3753 4766
f 6076 6292 6291
f 6292 4104 6291
f 6037 6252 6251
f 6252 4063 6251
f 5701 3752 4768
f 6921 4156 4251
f 4014 6921 4251
f 6075 6291 6290
f 6291 4103 6290
f 6036 6251 6250
f 6251 4062 6250
f 6464 4081 5041
f 3828 441 440
f 5703 3751 4770
f 5039 4079 4080
f 3827 472 473
f 5705 3750 4772
f 6074 6290 6289
f 6290 4102 6289
f 5707 3749 4774
f 6035 6250 6249
f 6250 4061 6249
f 5709 3748 4776
f 7314 5310 5308
f 5308 7153 7314
f 5713 3747 4778
f 6922 4428 5268
f 4291 5308 5310
f 5711 3746 4780
f 3790 5557 2713
f 6347 2841 6339
f 5715 3745 4782
f 7152 5309 7313
f 3678 6339 2841
f 5717 3744 4784
f 6346 2840 6338
f 3677 6338 2840
f 5719 3743 4786
f 7149 5306 7312
f 6231 5547 5545
f 5721 3742 4788
f 7311 5305 5301
f 5301 7148 7311
f 3390 8027 3385
f 5723 3741 4790
f 4286 5301 5305
f 7310 5304 5302
f 5302 7147 7310
f 5727 3740 4792
f 6191 5546 5506
f 4159 5557 3790
f 4285 5302 5304
f 5725 3739 4794
f 5839 6609 3236
f 6609 5839 4165
f 5838 6608 3194
f 5729 3738 4796
f 7146 5303 7309
f 6608 5838 4164
f 5724 3734 4795
f 4625 5831 4713
f 4143 4625 4713
f 7143 5300 7308
f 5726 3733 4793
f 4624 5830 4712
f 7307 5299 5297
f 5297 7142 7307
f 5722 3732 4791
f 4142 4624 4712
f 4280 5297 5299
f 5720 3731 4789
f 4080 6463 5039
f 7289 7295 5445
f 5718 3730 4787
f 6268 4080 4079
f 2580 7289 6027
f 5716 3729 4785
f 6463 4080 5040
f 7288 7294 5444
f 5714 3728 4783
f 5038 4078 4079
f 2575 7288 6026
f 5710 3727 4781
f 7306 5296 5294
f 5294 7139 7306
f 5712 3726 4779
f 5106 2745 5122
f 4277 5294 5296
f 5708 3725 4777
f 3818 5106 5122
f 5122 4919 3818
f 5706 3724 4775
f 7138 5295 7305
f 5105 2744 5121
f 3817 5105 5121
f 5121 4918 3817
f 5704 3723 4773
f 7135 5292 7304
f 3789 5556 2712
f 5702 3722 4771
f 7303 5291 5289
f 5289 7134 7303
f 5700 3721 4769
f 3105 8027 3428
f 4272 5289 5291
f 5698 3720 4767
f 4158 5556 3789
f 3054 5386 5388
f 5696 3719 4765
f 6437 4709 4707
f 4709 5829 4707
f 5694 3718 4763
f 6436 4708 4667
f 4708 5828 4667
f 5692 3717 4761
f 2624 2623 5142
f 2623 2624 3692
f 5688 3716 4759
f 5386 3976 5388
f 2610 2609 5141
f 5690 3715 4757
f 2609 2610 3691
f 3090 5422 5424
f 5686 3714 4755
f 6111 6327 6326
f 6327 4139 6326
f 5682 3713 4753
f 6072 6287 6286
f 6287 4098 6286
f 5684 3712 4751
f 5144 5120 3176
f 6915 7630 7544
f 5680 3711 4749
f 3184 5120 3806
f 5143 5119 3178
f 5678 3710 4747
f 7544 7630 5649
f 3186 5119 3805
f 5674 3709 4745
f 5422 4003 5424
f 3068 5400 5402
f 5676 3708 4743
f 5400 3986 5402
f 6925 5152 6923
f 5672 3707 4741
f 6822 7548 3237
f 6568 6822 7546
f 5670 3706 4739
f 7548 6822 6568
f 6925 6923 6635
f 5668 3705 4737
f 4429 6923 5152
f 6820 7547 3195
f 5666 3704 4735
f 6528 6820 7545
f 7547 6820 6528
f 5664 3703 4733
f 6924 5151 6922
f 6924 6922 6634
f 5662 3702 4731
f 3374 3086 3090
f 3370 3086 3374
f 5660 3701 4729
f 3146 3370 3374
f 3352 3064 3068
f 5658 3700 4727
f 3348 3064 3352
f 3134 3348 3352
f 5656 3699 4725
f 3346 3058 3062
f 3342 3058 3346
f 5654 3698 4723
f 3130 3342 3346
f 3822 3828 5010
f 5652 3697 4721
f 3690 3822 5010
f 3821 3827 5009
f 5650 3696 4719
f 3689 3821 5009
f 3340 3054 3056
f 4079 6462 5038
f 3338 3054 3340
f 4428 6922 5151
f 6267 4079 4078
f 3378 3092 3094
f 3376 3092 3378
f 5131 5458 7458
f 3356 3070 3072
f 3354 3070 3356
f 6462 4079 5039
f 3382 3096 3098
f 3380 3096 3382
f 5846 5458 5131
f 3360 3074 3076
f 3358 3074 3360
f 5132 5459 7457
f 7302 5272 5274
f 5274 7117 7302
f 3364 3078 3080
f 4255 5274 5272
f 3362 3078 3364
f 5037 4077 4078
f 3368 3082 3084
f 3366 3082 3368
f 5847 5459 5132
f 5448 8026 7871
f 7326 8026 4814
f 3143 3369 3367
f 5126 3292 2668
f 6239 3308 4715
f 6129 5845 7881
f 6238 3307 4714
f 3502 5126 2668
f 5125 3291 2626
f 7881 5845 6237
f 3501 5125 2626
f 7115 2572 2569
f 2572 7191 2569
f 7114 2532 2533
f 2532 7190 2533
f 2581 7195 4909
f 7195 3848 4909
f 2574 7194 4908
f 7194 3847 4908
f 2835 4431 6133
f 7881 2625 4817
f 4431 4843 6133
f 2792 4430 6132
f 7881 4817 6129
f 4430 4842 6132
f 5238 4617 5240
f 7113 5238 4039
f 6337 6625 4251
f 6625 3952 4251
f 6336 6624 4250
f 6624 3951 4250
f 4329 8035 3478
f 8026 7326 7871
f 4039 5238 5240
f 5237 4616 5239
f 3122 3330 3332
f 8026 5448 4814
f 7112 5237 4038
f 4038 5237 5239
f 3328 3044 3330
f 4421 4207 7428
f 4421 6568 4207
f 3500 3678 4809
f 4341 4166 7427
f 4341 6528 4166
f 3121 3328 3330
f 4342 4246 7426
f 4342 6607 4246
f 3499 3677 4808
f 4344 4245 7425
f 4344 6606 4245
f 6327 2623 4139
f 4346 4244 7424
f 4346 6605 4244
f 3329 3047 3045
f 4348 4243 7423
f 4348 6604 4243
f 6287 2609 4098
f 4350 4242 7422
f 4350 6603 4242
f 3331 3047 3329
f 4352 4241 7421
f 4352 6602 4241
f 7107 3673 7109
f 4354 4240 7420
f 4354 6601 4240
f 7106 3672 7107
f 4356 4239 7419
f 4356 6600 4239
f 7105 3671 7106
f 4358 4238 7418
f 4358 6599 4238
f 7104 3670 7105
f 4360 4237 7417
f 4360 6598 4237
f 7103 3669 7104
f 4362 4236 7416
f 4362 6597 4236
f 7102 3668 7103
f 4364 4235 7415
f 4364 6596 4235
f 7101 3667 7102
f 4368 4234 7414
f 4368 6595 4234
f 7100 3666 7101
f 7099 3665 7100
f 4366 4233 7413
f 7098 3664 7099
f 4366 6594 4233
f 7097 3663 7098
f 7096 3662 7097
f 7095 3661 7096
f 4370 4232 7412
f 7094 3660 7095
f 4370 6593 4232
f 7093 3659 7094
f 7092 3658 7093
f 7091 3657 7092
f 4372 4231 7411
f 7090 3656 7091
f 4372 6592 4231
f 7089 3655 7090
f 7088 3654 7089
f 7087 3653 7088
f 4376 4230 7410
f 7086 3652 7087
f 4376 6591 4230
f 7085 3651 7086
f 7084 3650 7085
f 7083 3649 7084
f 4374 4229 7409
f 7082 3648 7083
f 4374 6590 4229
f 7081 3647 7082
f 7080 3646 7081
f 7079 3645 7080
f 4378 4228 7408
f 7078 3644 7079
f 4378 6589 4228
f 7077 3643 7078
f 7076 3642 7077
f 7075 3641 7076
f 4382 4227 7407
f 7074 3640 7075
f 4382 6588 4227
f 7073 3639 7074
f 7072 3638 7073
f 7071 3637 7072
f 4380 4226 7406
f 7070 3636 7071
f 4380 6587 4226
f 7069 3632 7108
f 7068 3631 7069
f 7067 3630 7068
f 4384 4225 7405
f 7066 3629 7067
f 4384 6586 4225
f 7065 3628 7066
f 7064 3627 7065
f 4386 4224 7404
f 4386 6585 4224
f 7063 3626 7064
f 7062 3625 7063
f 4388 4223 7403
f 4388 6584 4223
f 7061 3624 7062
f 7060 3623 7061
f 7059 3622 7060
f 4390 4222 7402
f 7058 3621 7059
f 4390 6583 4222
f 7057 3620 7058
f 4392 4221 7401
f 7056 3619 7057
f 4392 6582 4221
f 7055 3618 7056
f 7054 3617 7055
f 7053 3616 7054
f 4394 4220 7400
f 7052 3615 7053
f 4394 6581 4220
f 7051 3614 7052
f 7050 3613 7051
f 7049 3612 7050
f 4396 4219 7399
f 7048 3611 7049
f 4396 6580 4219
f 7047 3610 7048
f 7046 3609 7047
f 7045 3608 7046
f 4398 4218 7398
f 7044 3607 7045
f 4398 6579 4218
f 7043 3606 7044
f 7042 3605 7043
f 7041 3604 7042
f 4400 4217 7397
f 7040 3603 7041
f 4400 6578 4217
f 7039 3602 7040
f 7038 3601 7039
f 7037 3600 7038
f 4404 4216 7396
f 7036 3599 7037
f 4404 6577 4216
f 7035 3598 7036
f 7034 3597 7035
f 458 5014 459
f 455 5013 454
f 7033 3596 7034
f 4402 4215 7395
f 7032 3595 7033
f 4402 6576 4215
f 7031 3635 7070
f 7030 3594 7032
f 7109 3674 7111
f 4406 4214 7394
f 7108 3633 7110
f 4406 6575 4214
f 7029 3634 7031
f 7028 3593 7030
f 4149 5449 6439
f 4408 4213 7393
f 4148 5448 6438
f 4408 6574 4213
f 4078 6461 5037
f 6128 5844 7880
f 6266 4078 4077
f 4410 4212 7392
f 7880 5844 6236
f 4410 6573 4212
f 6323 2621 4135
f 7880 2611 4816
f 4412 4211 7391
f 6461 4078 5038
f 4412 6572 4211
f 3119 3326 3328
f 5036 4076 4077
f 4414 4210 7390
f 8042 3069 5401
f 4414 6571 4210
f 4077 6460 5036
f 3324 3040 3326
f 6265 4077 4076
f 4418 4209 7389
f 3118 3324 3326
f 4418 6570 4209
f 6460 4077 5037
f 3363 3081 3079
f 5035 4075 4076
f 4416 4208 7388
f 3365 3081 3363
f 4416 6569 4208
f 4076 6459 5035
f 7880 4816 6128
f 6264 4076 4075
f 4420 4205 7387
f 3325 3043 3041
f 4420 6567 4205
f 6459 4076 5036
f 3327 3043 3325
f 5034 4074 4075
f 4415 4204 7386
f 4290 3982 4288
f 4415 6566 4204
f 4075 6458 5034
f 4290 3984 3982
f 6263 4075 4074
f 4417 4203 7385
f 3984 5398 3982
f 4417 6565 4203
f 6458 4075 5035
f 3116 3322 3324
f 5033 4073 4074
f 4413 4202 7384
f 3322 3036 3038
f 4413 6564 4202
f 4074 6457 5033
f 3320 3036 3322
f 3115 3320 3322
f 4411 4201 7383
f 8025 3063 5395
f 4411 6563 4201
f 6262 4074 4073
f 4409 4200 7382
f 4409 6562 4200
f 8025 5391 3059
f 4407 4199 7381
f 4407 6561 4199
f 6457 4074 5034
f 4405 4198 7380
f 6024 3172 4618
f 4405 6560 4198
f 3151 3383 3381
f 6025 3171 4619
f 4401 4197 7379
f 4401 6559 4197
f 5032 4072 4073
f 4403 4196 7378
f 4403 6558 4196
f 3359 3077 3075
f 4399 4195 7377
f 4399 6557 4195
f 4073 6456 5032
f 3361 3077 3359
f 6261 4073 4072
f 4326 4008 4324
f 6456 4073 5033
f 4397 4194 7376
f 4397 6556 4194
f 3321 3039 3037
f 4395 4193 7375
f 4395 6555 4193
f 5031 4071 4072
f 3323 3039 3321
f 4393 4192 7374
f 4393 6554 4192
f 4072 6455 5031
f 4326 4010 4008
f 4391 4191 7373
f 6260 4072 4071
f 4391 6553 4191
f 4010 5434 4008
f 6298 2620 4110
f 4389 4190 7372
f 4389 6552 4190
f 4312 3999 4310
f 4387 4189 7371
f 4387 6551 4189
f 6455 4072 5032
f 4385 4188 7370
f 4385 6550 4188
f 3113 3318 3320
f 4383 4187 7369
f 4383 6549 4187
f 6296 2619 4108
f 3318 3032 3034
f 5060 4101 4102
f 3316 3032 3318
f 6294 2618 4106
f 3112 3316 3318
f 4379 4186 7368
f 4102 6484 5060
f 4379 6548 4186
f 3377 3095 3093
f 4381 4185 7367
f 4381 6547 4185
f 6292 2617 4104
f 4377 4184 7366
f 4377 6546 4184
f 3379 3095 3377
f 4373 4183 7365
f 4373 6545 4183
f 6289 4102 4101
f 4375 4182 7364
f 4375 6544 4182
f 4312 4001 3999
f 4371 4181 7363
f 4371 6543 4181
f 6290 2616 4102
f 4369 4180 7362
f 4369 6542 4180
f 3355 3073 3071
f 4365 4179 7361
f 4365 6541 4179
f 6484 4102 5061
f 4367 4178 7360
f 4367 6540 4178
f 6289 4101 6073
f 4363 4177 7359
f 4363 6539 4177
f 5020 4060 4061
f 4361 4176 7358
f 4361 6538 4176
f 3357 3073 3355
f 4359 4175 7357
f 4359 6537 4175
f 4061 6444 5020
f 4357 4174 7356
f 4357 6536 4174
f 4001 5420 3999
f 4355 4173 7355
f 4355 6535 4173
f 6283 2607 4094
f 4353 4172 7354
f 4353 6534 4172
f 3317 3035 3033
f 4351 4171 7353
f 4351 6533 4171
f 6249 4061 4060
f 4349 4170 7352
f 4349 6532 4170
f 3319 3035 3317
f 4347 4169 7351
f 6444 4061 5021
f 4347 6531 4169
f 4276 3971 4274
f 3316 3030 3032
f 4522 2830 2831
f 3314 3030 3316
f 3110 3314 3316
f 2830 4522 4521
f 4345 4168 7350
f 3314 3028 3030
f 4345 6530 4168
f 4481 2787 2788
f 3312 3028 3314
f 4343 4167 7349
f 4343 6529 4167
f 2787 4481 4480
f 4340 4247 7430
f 4340 6611 4247
f 4276 3973 3971
f 4419 4206 7429
f 4419 6610 4206
f 4497 2805 2806
f 3371 3091 3087
f 3375 3091 3371
f 2805 4497 4496
f 5134 4925 6829
f 3973 5384 3971
f 3349 3069 3065
f 5133 4924 6828
f 3353 3069 3349
f 4256 3958 4254
f 2589 3280 429
f 3280 430 429
f 3280 3289 430
f 2587 3278 484
f 3278 483 484
f 3278 3287 483
f 3277 2586 484
f 483 3277 484
f 3290 3277 483
f 3279 2588 429
f 430 3279 429
f 3288 3279 430
f 4456 2762 2763
f 3074 8032 5408
f 2762 4456 4455
f 3347 3063 3343
f 4835 5739 5457
f 3131 3347 3343
f 7438 4835 5457
f 3335 3055 3051
f 4835 7438 6827
f 3339 3055 3335
f 4834 5738 5456
f 3957 4254 3958
f 7437 4834 5456
f 5445 2581 4909
f 3313 3031 3029
f 2581 5445 5451
f 4834 7437 6826
f 3315 3031 3313
f 5444 2574 4908
f 4489 2797 2798
f 2574 5444 5450
f 3958 5362 3957
f 2797 4489 4488
f 3383 3103 3099
f 4448 2754 2755
f 5429 3472 5427
f 3387 3103 3383
f 3472 5429 3474
f 2754 4448 4447
f 4321 3472 3474
f 4495 2803 2804
f 3369 3089 3085
f 3373 3089 3369
f 5415 3462 5413
f 4823 3680 2841
f 2803 4495 4494
f 3333 3053 3049
f 4822 3679 2840
f 4454 2760 2761
f 3337 3053 3333
f 2760 4454 4453
f 3462 5415 3464
f 3341 3061 3057
f 4493 2801 2802
f 6258 2606 4069
f 3345 3061 3341
f 4307 3462 3464
f 2801 4493 4492
f 4452 2758 2759
f 3347 3067 3063
f 4619 6919 4833
f 4043 4619 4833
f 6256 2605 4067
f 4618 6918 4832
f 4042 4618 4832
f 3351 3067 3347
f 2758 4452 4451
f 5379 3441 5377
f 4925 6833 6829
f 6829 6833 7297
f 6254 2604 4065
f 5355 5100 7457
f 4924 6832 6828
f 6828 6832 7296
f 3441 5379 3443
f 2594 2730 422
f 422 2730 421
f 4271 3441 3443
f 2592 2728 491
f 491 2728 492
f 3298 2731 421
f 2731 2595 422
f 2731 422 421
f 3297 2729 492
f 2729 2593 491
f 2729 491 492
f 4293 3987 4295
f 4491 2799 2800
f 4293 3985 3987
f 5100 5132 7457
f 6252 2603 4063
f 5354 5099 7458
f 2799 4491 4490
f 5099 5131 7458
f 6250 2602 4061
f 5391 8025 5395
f 4450 2756 2757
f 6249 4060 6034
f 6288 2615 4100
f 3985 5401 3987
f 6248 2601 4059
f 4315 4004 4317
f 6326 2622 4138
f 2756 4450 4449
f 6286 2608 4097
f 4315 4002 4004
f 3348 3066 3064
f 3063 8025 3059
f 4002 5423 4004
f 3342 3060 3058
f 5557 8024 2713
f 4257 3961 4259
f 3370 3088 3086
f 6831 8024 2837
f 4257 3959 3961
f 3334 3052 3050
f 8024 6831 2713
f 7019 3306 5008
f 3959 5365 3961
f 7018 3305 5007
f 4295 3988 4297
f 4295 3987 3988
f 2614 5140 4100
f 3987 5403 3988
f 4317 4005 4319
f 2600 5139 4059
f 4317 4004 4005
f 4159 4153 5557
f 4004 5425 4005
f 4158 4152 5556
f 7023 3482 5112
f 3482 3944 3946
f 7023 3944 3482
f 7022 3481 5111
f 3481 3943 3945
f 7022 3943 3481
f 3385 3105 3101
f 8024 5557 2837
f 6635 6923 6627
f 4487 2795 2796
f 5269 6627 6923
f 498 6635 6627
f 6634 6922 6626
f 2795 4487 4486
f 5268 6626 6922
f 414 6634 6626
f 4019 4025 5353
f 4019 5130 4025
f 4018 4024 5352
f 4018 5129 4024
f 6631 4925 3829
f 4259 3963 4261
f 6630 4924 3830
f 4259 3961 3963
f 3961 5367 3963
f 5849 2843 4149
f 6029 5849 4149
f 4300 3989 4298
f 5848 2842 4148
f 6028 5848 4148
f 7293 5555 4055
f 3430 7293 4055
f 7292 5554 4054
f 3429 7292 4054
f 6025 5461 3795
f 4619 4043 6025
f 4043 5461 6025
f 6024 5460 3796
f 4618 4042 6024
f 4042 5460 6024
f 2594 2741 4837
f 4300 3991 3989
f 3991 5406 3989
f 2592 2743 4836
f 4297 3990 4299
f 3028 5360 5362
f 6435 6437 4707
f 5360 3957 5362
f 4297 3988 3990
f 3988 5405 3990
f 6395 6436 4667
f 4261 3964 4263
f 7185 5342 7187
f 4261 3963 3964
f 6113 6329 4427
f 3963 5369 3964
f 6112 6328 4426
f 4299 3992 4301
f 7187 5342 5261
f 2568 7185 7187
f 6353 6355 4625
f 6355 6817 4625
f 6355 4627 6817
f 6355 6353 5465
f 6352 6354 4624
f 6354 6816 4624
f 6354 4626 6816
f 6354 6352 5464
f 6355 6396 4627
f 5556 8023 2712
f 5395 3981 5391
f 3101 5433 5435
f 6354 6356 4626
f 5433 4011 5435
f 3274 7624 3275
f 4299 3990 3992
f 6433 6434 4705
f 2707 3274 3275
f 3232 7586 3233
f 3990 5407 3992
f 6432 6433 4704
f 2665 3232 3233
f 3273 7623 3274
f 4302 3991 4300
f 6431 6432 4703
f 2706 3273 3274
f 3272 7622 3273
f 3497 3272 2705
f 6430 6431 4702
f 2705 3272 3273
f 3271 7621 3272
f 4302 3993 3991
f 6429 6430 4701
f 2704 3271 3272
f 3270 7620 3271
f 3993 5408 3991
f 6428 6429 4700
f 2703 3270 3271
f 3269 7619 3270
f 4263 3966 4265
f 6427 6428 4699
f 2702 3269 3270
f 3268 7618 3269
f 4263 3964 3966
f 6426 6427 4698
f 2701 3268 3269
f 3267 7617 3268
f 3964 5371 3966
f 6425 6426 4697
f 2700 3267 3268
f 3266 7616 3267
f 4301 3994 4303
f 6424 6425 4696
f 2699 3266 3267
f 3265 7615 3266
f 4301 3992 3994
f 6423 6424 4695
f 2698 3265 3266
f 3264 7614 3265
f 3992 5409 3994
f 6422 6423 4694
f 2697 3264 3265
f 3263 7613 3264
f 4304 3993 4302
f 6421 6422 4693
f 2696 3263 3264
f 3262 7612 3263
f 4304 3995 3993
f 6420 6421 4692
f 2695 3262 3263
f 3261 7611 3262
f 3995 5410 3993
f 6419 6420 4691
f 2694 3261 3262
f 3260 7610 3261
f 4265 3967 4267
f 6418 6419 4690
f 2693 3260 3261
f 3259 7609 3260
f 4265 3966 3967
f 6417 6418 4689
f 2692 3259 3260
f 3258 7608 3259
f 3966 5373 3967
f 6416 6417 4688
f 2691 3258 3259
f 3257 7607 3258
f 4303 3996 4305
f 6415 6416 4687
f 2690 3257 3258
f 3256 7606 3257
f 4303 3994 3996
f 6414 6415 4686
f 2689 3256 3257
f 3255 7605 3256
f 3994 5411 3996
f 6413 6414 4685
f 2688 3255 3256
f 3254 7604 3255
f 4267 3969 4269
f 6412 6413 4684
f 2687 3254 3255
f 3253 7603 3254
f 4267 3967 3969
f 6411 6412 4683
f 2686 3253 3254
f 3252 7602 3253
f 3967 5375 3969
f 6410 6411 4682
f 2685 3252 3253
f 3251 7601 3252
f 4306 3995 4304
f 6409 6410 4681
f 2684 3251 3252
f 3250 7600 3251
f 4306 3997 3995
f 6408 6409 4680
f 2683 3250 3251
f 3249 7599 3250
f 3997 5412 3995
f 6407 6408 4679
f 2682 3249 3250
f 3248 7598 3249
f 5396 3459 5400
f 6406 6407 4678
f 2681 3248 3249
f 3247 7597 3248
f 3459 5396 3456
f 6405 6406 4677
f 2680 3247 3248
f 3246 7596 3247
f 4292 3459 3456
f 6404 6405 4676
f 2679 3246 3247
f 3245 7595 3246
f 5418 3469 5422
f 6403 6404 4675
f 2678 3245 3246
f 3244 7594 3245
f 3469 5418 3466
f 6402 6403 4674
f 2677 3244 3245
f 3243 7593 3244
f 4314 3469 3466
f 6401 6402 4673
f 2676 3243 3244
f 3242 7592 3243
f 5382 3448 5386
f 6400 6401 4672
f 2675 3242 3243
f 3241 7591 3242
f 3448 5382 3445
f 6399 6400 4671
f 2674 3241 3242
f 3240 7590 3241
f 4278 3448 3445
f 6398 6399 4670
f 2673 3240 3241
f 3239 7589 3240
f 4260 3960 4258
f 6397 6398 4669
f 2672 3239 3240
f 3238 7588 3239
f 4260 3962 3960
f 6396 6397 4668
f 2671 3238 3239
f 3231 7585 3232
f 3962 5366 3960
f 2664 3231 3232
f 4487 4877 4486
f 4446 2752 2753
f 3230 7584 3231
f 2752 4446 4445
f 4446 4845 4445
f 6393 6394 4665
f 3492 3230 2663
f 2663 3230 3231
f 3229 7583 3230
f 3795 3786 458
f 6520 7963 7893
f 3786 457 458
f 3796 3785 455
f 2662 3229 3230
f 3785 456 455
f 6392 6393 4664
f 3228 7582 3229
f 7963 2832 7893
f 2661 3228 3229
f 6391 6392 4663
f 3227 7581 3228
f 2832 7963 2833
f 3684 5463 6149
f 2660 3227 3228
f 6390 6391 4662
f 3226 7580 3227
f 6480 7962 7892
f 3683 5462 6148
f 2659 3226 3227
f 6389 6390 4661
f 3225 7579 3226
f 7962 2789 7892
f 3686 5465 6151
f 2658 3225 3226
f 6388 6389 4660
f 3224 7578 3225
f 2789 7962 2790
f 3685 5464 6150
f 2657 3224 3225
f 6387 6388 4659
f 3223 7577 3224
f 4258 3958 4256
f 2656 3223 3224
f 3222 7576 3223
f 6386 6387 4658
f 4258 3960 3958
f 2655 3222 3223
f 3221 7575 3222
f 3960 5364 3958
f 6385 6386 4657
f 2654 3221 3222
f 3220 7574 3221
f 5402 3460 5404
f 2653 3220 3221
f 6384 6385 4656
f 3219 7573 3220
f 3461 5404 3460
f 2652 3219 3220
f 3218 7572 3219
f 6383 6384 4655
f 3460 4296 3461
f 2651 3218 3219
f 3217 7571 3218
f 5424 3470 5426
f 6382 6383 4654
f 2650 3217 3218
f 3216 7570 3217
f 3471 5426 3470
f 2649 3216 3217
f 6381 6382 4653
f 3215 7569 3216
f 3470 4318 3471
f 2648 3215 3216
f 3214 7568 3215
f 6380 6381 4652
f 5368 3436 5370
f 2647 3214 3215
f 3213 7567 3214
f 3437 5370 3436
f 6379 6380 4651
f 2646 3213 3214
f 3212 7566 3213
f 3436 4262 3437
f 2645 3212 3213
f 6378 6379 4650
f 3211 7565 3212
f 5372 3438 5374
f 2644 3211 3212
f 3210 7564 3211
f 6377 6378 4649
f 3439 5374 3438
f 2643 3210 3211
f 3209 7563 3210
f 3438 4266 3439
f 6376 6377 4648
f 2642 3209 3210
f 3208 7562 3209
f 5376 3440 5378
f 2641 3208 3209
f 6375 6376 4647
f 3207 7561 3208
f 3442 5378 3440
f 2640 3207 3208
f 3206 7560 3207
f 6374 6375 4646
f 3440 4270 3442
f 2639 3206 3207
f 3205 7559 3206
f 7460 4819 427
f 6373 6374 4645
f 2638 3205 3206
f 3204 7558 3205
f 4523 2831 2832
f 2637 3204 3205
f 6372 6373 4644
f 3203 7557 3204
f 4819 2737 427
f 2636 3203 3204
f 3202 7556 3203
f 6371 6372 4643
f 7459 4818 486
f 2635 3202 3203
f 3201 7555 3202
f 2831 4523 4522
f 6370 6371 4642
f 2634 3201 3202
f 3200 7554 3201
f 4818 2739 486
f 2633 3200 3201
f 6369 6370 4641
f 3199 7553 3200
f 5388 3450 5392
f 2632 3199 3200
f 3198 7552 3199
f 6368 6369 4640
f 3453 5392 3450
f 2631 3198 3199
f 3197 7551 3198
f 3453 3450 4282
f 6367 6368 4639
f 2630 3197 3198
f 3196 7550 3197
f 5428 3473 5430
f 2629 3196 3197
f 6366 6367 4638
f 6830 8023 2836
f 3475 5430 3473
f 3083 5415 5413
f 3473 4322 3475
f 6365 6366 4637
f 3097 5429 5427
f 5414 3463 5416
f 3030 5362 5364
f 5362 3958 5364
f 6364 6365 4636
f 5398 3062 5394
f 3982 5398 5394
f 8023 6830 2712
f 5387 3975 5383
f 6363 6364 4635
f 8023 5556 2836
f 3465 5416 3463
f 8039 5378 3046
f 3463 4308 3465
f 6362 6363 4634
f 3094 5426 5428
f 5426 4006 5428
f 3072 5404 5406
f 5404 3989 5406
f 6361 6362 4633
f 5406 8032 3072
f 5406 3991 5408
f 3076 5408 5410
f 5408 3993 5410
f 6360 6361 4632
f 3078 5410 5412
f 5410 3995 5412
f 3080 5412 5414
f 5412 3997 5414
f 6359 6360 4631
f 5378 8039 5376
f 5378 3442 5380
f 3045 5377 5375
f 5377 3969 5375
f 6358 6359 4630
f 3081 5413 5411
f 5413 3996 5411
f 3043 5375 5373
f 5375 3967 5373
f 6357 6358 4629
f 3044 8039 3046
f 3444 5380 3442
f 3079 5411 5409
f 5411 3994 5409
f 6356 6357 4628
f 3041 5373 5371
f 5373 3966 5371
f 3077 5409 5407
f 5409 3992 5407
f 6434 6435 4706
f 3039 5371 5369
f 5371 3964 5369
f 5376 8039 3042
f 3442 4272 3444
f 6394 6395 4666
f 3075 5407 5405
f 5407 3990 5405
f 3037 5369 5367
f 5369 3963 5367
f 3095 5427 5425
f 5427 4005 5425
f 2747 6021 2749
f 3073 5405 5403
f 5405 3988 5403
f 2747 2749 4835
f 2746 6020 2748
f 3035 5367 5365
f 5367 3961 5365
f 2746 2748 4834
f 7345 4419 5853
f 3545 7345 5853
f 7346 4340 5852
f 3032 5364 5366
f 3588 7346 5852
f 4015 5841 4019
f 4523 4906 4522
f 3953 5840 4018
f 5364 3960 5366
f 4482 2788 2789
f 7432 4337 6015
f 3546 7432 6015
f 7431 4336 6014
f 3093 5425 5423
f 3503 7431 6014
f 2788 4482 4481
f 2668 4049 3784
f 4482 4874 4481
f 5425 4004 5423
f 2626 4048 3783
f 5837 4249 4911
f 3071 5403 5401
f 5836 4248 4910
f 5403 3987 5401
f 3033 5365 5363
f 5357 3808 6827
f 3808 2747 6827
f 6827 2625 5357
f 5365 3959 5363
f 5356 3807 6826
f 3807 2746 6826
f 6826 2611 5356
f 4819 3850 2737
f 5460 3393 3796
f 5419 3467 5421
f 3850 3160 3285
f 5461 3394 3795
f 7438 2624 4817
f 2624 7438 5457
f 3830 3832 460
f 7437 2610 4816
f 3829 3831 453
f 3468 5421 3467
f 2610 7437 5456
f 3467 4313 3468
f 3297 3173 5147
f 3297 5147 2729
f 8022 3099 3097
f 5397 3457 5399
f 3298 3174 5148
f 3298 5148 2731
f 7344 3946 3944
f 3458 5399 3457
f 7343 3945 3943
f 3091 5423 5419
f 5423 4002 5419
f 8042 5397 3065
f 5401 3985 5397
f 3059 5391 5393
f 5391 3980 5393
f 4037 4429 5152
f 3457 4291 3458
f 5363 3435 5361
f 3434 5361 3435
f 3500 6021 3792
f 4036 4428 5151
f 2715 3792 6021
f 3435 4255 3434
f 3947 6824 2530
f 4829 6617 4833
f 2743 489 3283
f 488 3283 489
f 4828 6616 4832
f 3296 3283 488
f 424 2742 3286
f 6351 5551 5463
f 3286 425 424
f 3286 3295 425
f 2741 424 3285
f 425 3285 424
f 3294 3285 425
f 3499 6020 3791
f 489 2740 3284
f 4143 6351 5463
f 3284 488 489
f 3682 5463 5551
f 3284 3293 488
f 6350 5550 5462
f 4142 6350 5462
f 2714 3791 6020
f 3681 5462 5550
f 6611 4249 5837
f 3276 6611 5837
f 6610 4248 5836
f 4020 2530 6616
f 3234 6610 5836
f 3858 7203 7201
f 5244 7201 7203
f 6327 6031 5142
f 6287 6030 5141
f 3857 7202 7200
f 5243 7200 7202
f 3087 5419 5421
f 7203 5242 5244
f 4020 3947 2530
f 5242 5563 5244
f 7202 5241 5243
f 5241 5562 5243
f 3810 5138 2838
f 3051 5383 5385
f 3809 5137 2839
f 4145 5549 4823
f 4141 4145 4823
f 4145 4141 4711
f 5383 3974 5385
f 4144 5548 4822
f 4140 4144 4822
f 4144 4140 4710
f 5835 4713 5831
f 6069 8037 8012
f 5565 5835 5831
f 3948 6825 2573
f 5834 4712 5830
f 5564 5834 5830
f 5849 6029 4163
f 6029 3188 4163
f 8022 3381 3383
f 4433 2793 2794
f 3381 8022 3097
f 3188 3292 4163
f 4432 2750 2751
f 4021 2573 6617
f 3183 7449 477
f 5848 6028 4162
f 6028 3187 4162
f 4818 3849 2739
f 4021 3948 2573
f 3849 3159 3283
f 5148 5351 4031
f 3187 3291 4162
f 477 7449 3175
f 5269 4031 5351
f 4498 2806 2807
f 2806 4498 4497
f 5147 5350 4030
f 4457 2763 2764
f 5268 4030 5350
f 2763 4457 4456
f 4499 2807 2808
f 3064 5396 5400
f 2807 4499 4498
f 3792 3824 3678
f 4499 4883 4498
f 6339 3678 3824
f 3678 3500 3792
f 4458 2764 2765
f 3791 3823 3677
f 2764 4458 4457
f 6338 3677 3823
f 3086 5418 5422
f 4458 4851 4457
f 3677 3499 3791
f 4500 2808 2809
f 5128 2594 7325
f 2594 4837 7325
f 2808 4500 4499
f 5127 2592 7324
f 4500 4884 4499
f 2592 4836 7324
f 3050 5382 5386
f 4459 2765 2766
f 3488 3235 4041
f 2765 4459 4458
f 4041 3235 5839
f 3487 3193 4040
f 4459 4852 4458
f 4040 3193 5838
f 4501 2809 2810
f 3950 5148 3590
f 3099 8022 3383
f 2809 4501 4500
f 5148 4031 3590
f 4501 4885 4500
f 3949 5147 3589
f 4009 5431 5435
f 4460 2766 2767
f 5147 4030 3589
f 2766 4460 4459
f 5150 3840 2591
f 3058 5390 5394
f 4460 4853 4459
f 5104 5150 2591
f 4502 2810 2811
f 2591 2727 5104
f 2810 4502 4501
f 4502 4886 4501
f 5149 3839 2590
f 4461 2767 2768
f 5103 5149 2590
f 8021 2844 7441
f 2767 4461 4460
f 2590 2726 5103
f 4461 4854 4460
f 2704 6107 2703
f 4000 5417 5421
f 4503 2811 2812
f 2703 3271 2704
f 2811 4503 4502
f 2703 6106 2702
f 8021 5560 5135
f 4503 4887 4502
f 2702 3270 2703
f 4462 2768 2769
f 2702 6105 2701
f 3972 5381 5385
f 2768 4462 4461
f 2701 3269 2702
f 4462 4855 4461
f 2701 6104 2700
f 5560 8021 7441
f 4504 2812 2813
f 2700 3268 2701
f 2812 4504 4503
f 2700 6103 2699
f 3978 5389 5393
f 4504 4888 4503
f 2699 3267 2700
f 4463 2769 2770
f 2699 6102 2698
f 3056 5388 5392
f 2769 4463 4462
f 2698 3266 2699
f 4463 4856 4462
f 2698 6101 2697
f 2697 3265 2698
f 4505 2813 2814
f 2697 6100 2696
f 2813 4505 4504
f 2696 3264 2697
f 4505 4889 4504
f 2696 6099 2695
f 4464 2770 2771
f 2695 3263 2696
f 2770 4464 4463
f 2695 6098 2694
f 4464 4857 4463
f 2694 3262 2695
f 4506 2814 2815
f 2694 6097 2693
f 2814 4506 4505
f 2693 3261 2694
f 4506 4890 4505
f 2693 6096 2692
f 4465 2771 2772
f 2692 3260 2693
f 2771 4465 4464
f 2692 6095 2691
f 4465 4858 4464
f 2691 3259 2692
f 4519 2827 2828
f 2691 6094 2690
f 2827 4519 4518
f 2690 3258 2691
f 4519 4903 4518
f 2690 6093 2689
f 4518 2826 2827
f 2689 3257 2690
f 2826 4518 4517
f 2689 6092 2688
f 4518 4902 4517
f 2688 3256 2689
f 4517 2825 2826
f 2688 6091 2687
f 2825 4517 4516
f 2687 3255 2688
f 4517 4901 4516
f 2687 6090 2686
f 4516 2824 2825
f 2686 3254 2687
f 2824 4516 4515
f 2686 6089 2685
f 4516 4900 4515
f 2685 3253 2686
f 4515 2823 2824
f 2685 6088 2684
f 2823 4515 4514
f 2684 3252 2685
f 4515 4899 4514
f 2684 6087 2683
f 4514 2822 2823
f 2683 3251 2684
f 2822 4514 4513
f 2683 6086 2682
f 4514 4898 4513
f 2682 3250 2683
f 4513 2821 2822
f 2682 6085 2681
f 2821 4513 4512
f 2681 3249 2682
f 4513 4897 4512
f 2681 6084 2680
f 4512 2820 2821
f 2680 3248 2681
f 2820 4512 4511
f 2662 6068 2661
f 4512 4896 4511
f 2661 3229 2662
f 4511 2819 2820
f 2661 6067 2660
f 4435 2794 2795
f 2660 3228 2661
f 4434 2751 2752
f 2660 6066 2659
f 4037 5152 5154
f 2659 3227 2660
f 4036 5151 5153
f 6243 4805 4049
f 2612 4805 6243
f 6135 6243 4049
f 6242 4804 4048
f 2598 4804 6242
f 6134 6242 4048
f 7295 7289 5250
f 2819 4511 4510
f 3983 5395 5399
f 3098 5430 5434
f 7294 7288 5249
f 5430 4008 5434
f 3084 5416 5420
f 5416 3999 5420
f 6243 6023 6247
f 4057 6243 6247
f 6247 2613 4057
f 6242 6022 6246
f 4056 6242 6246
f 6246 2599 4056
f 2793 6131 6345
f 3048 5380 5384
f 2750 6130 6344
f 5380 3971 5384
f 457 4811 456
f 457 3786 4811
f 4511 4895 4510
f 456 4810 457
f 456 3785 4810
f 4510 2818 2819
f 5831 4625 5827
f 5569 5831 5827
f 6817 5827 4625
f 5830 4624 5826
f 5568 5830 5826
f 6816 5826 4624
f 2659 6065 2658
f 2658 3226 2659
f 5824 4706 5825
f 5649 5824 5825
f 7188 5345 7186
f 5784 4666 5785
f 5609 5784 5785
f 7186 5345 5260
f 5827 4627 5786
f 5610 5827 5786
f 2570 7188 7186
f 5826 4626 5746
f 5570 5826 5746
f 3100 5432 5436
f 5786 4668 5787
f 5611 5786 5787
f 5432 4012 5436
f 5746 4628 5747
f 5571 5746 5747
f 6339 3824 2585
f 5787 4669 5788
f 5612 5787 5788
f 2658 6064 2657
f 5747 4629 5748
f 5572 5747 5748
f 2657 3225 2658
f 5788 4670 5789
f 5613 5788 5789
f 6338 3823 2584
f 5748 4630 5749
f 5573 5748 5749
f 2657 6063 2656
f 5789 4671 5790
f 5614 5789 5790
f 2656 3224 2657
f 5749 4631 5750
f 5574 5749 5750
f 3029 5361 5359
f 5790 4672 5791
f 5615 5790 5791
f 5361 3956 5359
f 5750 4632 5751
f 5575 5750 5751
f 7116 5271 7114
f 5822 4704 5823
f 5647 5822 5823
f 7114 5271 5251
f 5821 4703 5822
f 5646 5821 5822
f 2533 7116 7114
f 5820 4702 5821
f 5645 5820 5821
f 7189 5344 7115
f 5819 4701 5820
f 5644 5819 5820
f 7115 5344 5263
f 5818 4700 5819
f 5643 5818 5819
f 2569 7189 7115
f 5817 4699 5818
f 5642 5817 5818
f 7185 5340 5342
f 5816 4698 5817
f 5641 5816 5817
f 7183 5340 7185
f 5815 4697 5816
f 5640 5815 5816
f 2567 7183 7185
f 5814 4696 5815
f 5639 5814 5815
f 7167 5322 5324
f 5813 4695 5814
f 5638 5813 5814
f 7165 5322 7167
f 5812 4694 5813
f 5637 5812 5813
f 2558 7165 7167
f 5811 4693 5812
f 5636 5811 5812
f 7130 5285 7128
f 5810 4692 5811
f 5635 5810 5811
f 505 6717 6929
f 507 6716 7005
f 508 6715 7004
f 510 6714 7003
f 512 6713 7002
f 514 6712 7001
f 517 6711 7000
f 519 6710 6999
f 521 6709 6998
f 522 6708 6997
f 525 6707 6996
f 527 6706 6995
f 528 6705 6994
f 531 6704 6993
f 533 6703 6992
f 534 6702 6991
f 537 6701 6990
f 539 6700 6989
f 541 6699 6988
f 542 6698 6987
f 544 6697 6986
f 547 6696 6985
f 549 6695 6984
f 551 6694 6983
f 553 6693 6982
f 554 6692 6981
f 556 6691 6980
f 558 6690 6979
f 561 6689 6978
f 562 6688 6977
f 565 6687 6976
f 566 6686 6975
f 569 6685 6974
f 570 6684 6973
f 572 6683 6972
f 574 6682 6971
f 576 6681 6970
f 578 6680 6969
f 580 6679 6968
f 409 6678 6928
f 407 6677 6967
f 405 6676 6966
f 402 6675 6965
f 401 6674 6964
f 398 6673 6963
f 397 6672 6962
f 395 6671 6961
f 392 6670 6960
f 390 6669 6959
f 389 6668 6958
f 386 6667 6957
f 384 6666 6956
f 382 6665 6955
f 381 6664 6954
f 379 6663 6953
f 376 6662 6952
f 375 6661 6951
f 373 6660 6950
f 371 6659 6949
f 368 6658 6948
f 367 6657 6947
f 365 6656 6946
f 363 6655 6945
f 361 6654 6944
f 359 6653 6943
f 356 6652 6942
f 354 6651 6941
f 352 6650 6940
f 350 6649 6939
f 348 6648 6938
f 346 6647 6937
f 344 6646 6936
f 343 6645 6935
f 340 6644 6934
f 339 6643 6933
f 337 6642 6932
f 335 6641 6931
f 333 6640 6930
f 582 6719 7007
f 331 6718 7006
f 503 6639 6927
f 411 6638 6926
f 584 6721 7009
f 329 6720 7008
f 501 6637 6925
f 412 6636 6924
f 586 6723 7011
f 326 6722 7010
f 7128 5285 5283
f 5809 4691 5810
f 6024 454 453
f 3172 6024 453
f 6024 3796 454
f 6025 459 460
f 3171 6025 460
f 6025 3795 459
f 5457 5739 4527
f 5739 6349 4527
f 5634 5809 5810
f 5456 5738 4526
f 5738 6348 4526
f 2540 7130 7128
f 5808 4690 5809
f 5633 5808 5809
f 5116 7201 5244
f 7131 5286 5288
f 5807 4689 5808
f 5115 7200 5243
f 5632 5807 5808
f 7129 5286 7131
f 5806 4688 5807
f 5631 5806 5807
f 2540 7129 7131
f 5805 4687 5806
f 5453 3590 7299
f 5630 5805 5806
f 7166 5321 7164
f 5452 3589 7298
f 5804 4686 5805
f 5629 5804 5805
f 7164 5321 5319
f 5803 4685 5804
f 5628 5803 5804
f 2558 7166 7164
f 5802 4684 5803
f 5627 5802 5803
f 7165 5320 5322
f 5801 4683 5802
f 5626 5801 5802
f 7163 5320 7165
f 5800 4682 5801
f 5625 5800 5801
f 2557 7163 7165
f 5799 4681 5800
f 5624 5799 5800
f 7128 5283 7126
f 5798 4680 5799
f 5623 5798 5799
f 7126 5283 5281
f 5797 4679 5798
f 5622 5797 5798
f 2539 7128 7126
f 6527 4799 6615
f 6615 4803 6527
f 5796 4678 5797
f 5621 5796 5797
f 6526 4798 6614
f 6614 4802 6526
f 2656 6062 2655
f 7448 6017 5006
f 2655 3223 2656
f 7129 5284 5286
f 2655 6061 2654
f 7447 6016 5005
f 2654 3222 2655
f 5795 4677 5796
f 5620 5795 5796
f 7127 5284 7129
f 5794 4676 5795
f 5619 5794 5795
f 2539 7127 7129
f 5793 4675 5794
f 5618 5793 5794
f 7164 5319 7162
f 5792 4674 5793
f 5617 5792 5793
f 7162 5319 5317
f 5791 4673 5792
f 5616 5791 5792
f 2557 7164 7162
f 6617 4829 5555
f 5782 4664 5783
f 5607 5782 5783
f 6616 4828 5554
f 5457 4527 3692
f 7163 5318 5320
f 7161 5318 7163
f 5456 4526 3691
f 5781 4663 5782
f 2556 7161 7163
f 5606 5781 5782
f 7126 5281 7124
f 5780 4662 5781
f 5605 5780 5781
f 7124 5281 5279
f 2538 7126 7124
f 5779 4661 5780
f 5604 5779 5780
f 7127 5282 5284
f 7125 5282 7127
f 2654 6060 2653
f 5778 4660 5779
f 5603 5778 5779
f 3852 428 427
f 2538 7125 7127
f 5777 4659 5778
f 5602 5777 5778
f 2653 3221 2654
f 7162 5317 7160
f 5776 4658 5777
f 5601 5776 5777
f 3851 485 486
f 7160 5317 5315
f 5775 4657 5776
f 5600 5775 5776
f 2556 7162 7160
f 3185 7450 436
f 5774 4656 5775
f 2591 3840 3286
f 436 7450 3177
f 5599 5774 5775
f 2590 3839 3284
f 2818 4510 4509
f 7161 5316 5318
f 2653 6059 2652
f 4510 4894 4509
f 5773 4655 5774
f 2652 3220 2653
f 5598 5773 5774
f 7159 5316 7161
f 5772 4654 5773
f 5597 5772 5773
f 2555 7159 7161
f 5771 4653 5772
f 5596 5771 5772
f 7124 5279 7122
f 5770 4652 5771
f 5595 5770 5771
f 7122 5279 5277
f 5769 4651 5770
f 5594 5769 5770
f 2537 7124 7122
f 5768 4650 5769
f 5593 5768 5769
f 7125 5280 5282
f 5767 4649 5768
f 5592 5767 5768
f 7123 5280 7125
f 5766 4648 5767
f 5591 5766 5767
f 2537 7123 7125
f 5765 4647 5766
f 5590 5765 5766
f 7160 5315 7158
f 7158 5315 5313
f 5764 4646 5765
f 5589 5764 5765
f 2555 7160 7158
f 7181 5336 5338
f 5763 4645 5764
f 5588 5763 5764
f 7179 5336 7181
f 5762 4644 5763
f 5587 5762 5763
f 2565 7179 7181
f 5761 4643 5762
f 5586 5761 5762
f 7159 5314 5316
f 5760 4642 5761
f 5585 5760 5761
f 7157 5314 7159
f 5759 4641 5760
f 2554 7157 7159
f 5584 5759 5760
f 7122 5277 7120
f 7120 5277 5275
f 5758 4640 5759
f 5583 5758 5759
f 2536 7122 7120
f 5757 4639 5758
f 5582 5757 5758
f 7123 5278 5280
f 5756 4638 5757
f 5581 5756 5757
f 7121 5278 7123
f 5755 4637 5756
f 5580 5755 5756
f 2536 7121 7123
f 5754 4636 5755
f 5579 5754 5755
f 7180 5335 7178
f 5753 4635 5754
f 5578 5753 5754
f 7178 5335 5333
f 5752 4634 5753
f 5577 5752 5753
f 2565 7180 7178
f 5751 4633 5752
f 5576 5751 5752
f 7158 5313 7156
f 5263 4329 4157
f 7301 5263 5441
f 4157 5441 5263
f 5251 4252 4154
f 7300 5251 5440
f 4154 5440 5251
f 7156 5313 5311
f 2652 6058 2651
f 2554 7158 7156
f 2651 3219 2652
f 5825 4707 5829
f 5567 5825 5829
f 7132 5287 7130
f 5785 4667 5828
f 5566 5785 5828
f 7130 5287 5285
f 2541 7132 7130
f 7168 5323 7166
f 5823 4705 5824
f 5648 5823 5824
f 7166 5323 5321
f 5783 4665 5784
f 5608 5783 5784
f 2559 7168 7166
f 7025 2571 2572
f 7193 2572 2571
f 7024 2531 2532
f 7192 2532 2531
f 7182 5337 7180
f 7180 5337 5335
f 4919 5122 6233
f 4717 6233 5122
f 2566 7182 7180
f 7116 5273 5271
f 4918 5121 6232
f 4716 6232 5121
f 6353 5463 5465
f 3684 5465 5463
f 6352 5462 5464
f 3683 5464 5462
f 7118 5273 7116
f 3686 5467 5465
f 2534 7118 7116
f 3685 5466 5464
f 7120 5275 7118
f 7118 5275 5273
f 2535 7120 7118
f 7179 5334 5336
f 7177 5334 7179
f 2564 7177 7179
f 7157 5312 5314
f 7155 5312 7157
f 2553 7155 7157
f 7121 5276 5278
f 7119 5276 7121
f 2535 7119 7121
f 7169 5324 5326
f 7167 5324 7169
f 2559 7167 7169
f 7133 5288 5290
f 7131 5288 7133
f 2541 7131 7133
f 7183 5338 5340
f 7181 5338 7183
f 2566 7181 7183
f 7184 5339 7182
f 7182 5339 5337
f 2567 7184 7182
f 7178 5333 7176
f 7176 5333 5329
f 2564 7178 7176
f 7156 5311 7154
f 7154 5311 5307
f 2553 7156 7154
f 2651 6057 2650
f 2650 3218 2651
f 2650 6056 2649
f 2649 3217 2650
f 2649 6055 2648
f 2648 3216 2649
f 3428 5455 3105
f 2844 8021 5135
f 7134 5289 7132
f 7132 5289 5287
f 2542 7134 7132
f 7170 5325 7168
f 7168 5325 5323
f 2560 7170 7168
f 2648 6054 2647
f 2647 3215 2648
f 2647 6053 2646
f 2646 3214 2647
f 2646 6052 2645
f 2645 3213 2646
f 3395 5454 3026
f 3310 3395 3026
f 4916 3588 3024
f 7346 3588 4916
f 4026 3024 3588
f 4917 3545 3025
f 7345 3545 4917
f 4027 3025 3545
f 2645 6051 2644
f 2644 3212 2645
f 2644 6050 2643
f 2643 3211 2644
f 2643 6049 2642
f 2642 3210 2643
f 7142 5297 7140
f 7140 5297 5293
f 2546 7142 7140
f 7171 5326 5328
f 7169 5326 7171
f 2560 7169 7171
f 7135 5290 5292
f 7133 5290 7135
f 2542 7133 7135
f 7192 5270 7190
f 4509 2817 2818
f 4913 5114 4033
f 2532 7192 7190
f 7119 5274 5276
f 7117 5274 7119
f 2534 7117 7119
f 6345 4839 6127
f 6147 6127 4839
f 6344 4838 6126
f 6146 6126 4838
f 7193 5347 7191
f 7191 5347 5262
f 4912 5113 4032
f 2572 7193 7191
f 7177 5330 5334
f 7175 5330 7177
f 2562 7175 7177
f 7155 5308 5312
f 7153 5308 7155
f 2551 7153 7155
f 7143 5298 5300
f 7141 5298 7143
f 2546 7141 7143
f 7141 5294 5298
f 7139 5294 7141
f 2544 7139 7141
f 6435 4707 4706
f 4707 5825 4706
f 6395 4667 4666
f 4667 5785 4666
f 7860 6437 7714
f 5547 7860 7714
f 7860 5547 5549
f 7299 6117 7197
f 7859 6436 7713
f 5546 7859 7713
f 7859 5546 5548
f 7176 5329 7174
f 7174 5329 5331
f 2562 7176 7174
f 7154 5307 7152
f 7152 5307 5309
f 2551 7154 7152
f 7140 5293 7138
f 7138 5293 5295
f 2544 7140 7138
f 6434 4706 4705
f 7298 6116 7196
f 4706 5824 4705
f 6394 4666 4665
f 4666 5784 4665
f 6432 4704 4703
f 4704 5822 4703
f 6431 4703 4702
f 4703 5821 4702
f 6430 4702 4701
f 4702 5820 4701
f 6429 4701 4700
f 4701 5819 4700
f 6428 4700 4699
f 4700 5818 4699
f 6427 4699 4698
f 4699 5817 4698
f 7299 7197 5453
f 7197 7329 5104
f 6426 4698 4697
f 4698 5816 4697
f 5104 5453 7197
f 6425 4697 4696
f 7298 7196 5452
f 4697 5815 4696
f 6424 4696 4695
f 4696 5814 4695
f 7196 7328 5103
f 6423 4695 4694
f 4695 5813 4694
f 6422 4694 4693
f 5103 5452 7196
f 4694 5812 4693
f 6421 4693 4692
f 4693 5811 4692
f 6420 4692 4691
f 4692 5810 4691
f 6419 4691 4690
f 4691 5809 4690
f 6418 4690 4689
f 4690 5808 4689
f 6417 4689 4688
f 4689 5807 4688
f 6416 4688 4687
f 4688 5806 4687
f 6415 4687 4686
f 4687 5805 4686
f 6414 4686 4685
f 4686 5804 4685
f 6413 4685 4684
f 4685 5803 4684
f 6412 4684 4683
f 4684 5802 4683
f 6411 4683 4682
f 4683 5801 4682
f 6410 4682 4681
f 3688 5549 5547
f 4682 5800 4681
f 6409 4681 4680
f 3687 5548 5546
f 3778 5732 3777
f 2852 3778 3777
f 3736 5733 3735
f 2931 3736 3735
f 3304 3302 5559
f 3023 3302 4801
f 3303 3301 5558
f 3022 3301 4800
f 6029 4149 4927
f 4927 3188 6029
f 6028 4148 4926
f 4926 3187 6028
f 3184 3181 5120
f 3800 3838 451
f 3838 3172 452
f 3838 452 451
f 5120 3181 3176
f 3799 3837 462
f 3837 3171 461
f 3837 461 462
f 2817 4509 4508
f 4681 5799 4680
f 4509 4893 4508
f 6408 4680 4679
f 5102 3780 4806
f 3780 2849 4806
f 5101 3779 4807
f 3779 2934 4807
f 2642 6048 2641
f 2641 3209 2642
f 2641 6047 2640
f 2640 3208 2641
f 2640 6046 2639
f 2639 3207 2640
f 3546 3021 3018
f 5852 4340 7430
f 3021 3546 6015
f 3503 2938 2936
f 2938 3503 6014
f 5853 4419 7429
f 4680 5798 4679
f 6407 4679 4678
f 4679 5797 4678
f 5851 4339 7432
f 6406 4678 4677
f 7299 3590 6117
f 7021 6117 3590
f 5850 4338 7431
f 7021 3590 4031
f 4678 5796 4677
f 7298 3589 6116
f 5933 4421 7428
f 7020 6116 3589
f 7020 3589 4030
f 6392 4664 4663
f 5854 4341 7427
f 4664 5782 4663
f 6391 4663 4662
f 2711 2725 3843
f 5855 4342 7426
f 4663 5781 4662
f 6390 4662 4661
f 4662 5780 4661
f 5857 4344 7425
f 6389 4661 4660
f 2710 2724 3841
f 4661 5779 4660
f 5859 4346 7424
f 6388 4660 4659
f 2639 6045 2638
f 5555 4021 6617
f 5861 4348 7423
f 2638 3206 2639
f 5554 4020 6616
f 6825 5461 2573
f 5863 4350 7422
f 4660 5778 4659
f 5267 5461 6825
f 6824 5460 2530
f 6387 4659 4658
f 5266 5460 6824
f 5865 4352 7421
f 2725 2711 3802
f 4659 5777 4658
f 2724 2710 3801
f 5867 4354 7420
f 6386 4658 4657
f 6527 4803 3308
f 4803 4053 3308
f 5869 4356 7419
f 6526 4802 3307
f 4802 4052 3307
f 4161 5439 5735
f 5871 4358 7418
f 4160 5438 5734
f 2680 6083 2679
f 4508 2816 2817
f 5873 4360 7417
f 2816 4508 4507
f 2679 3247 2680
f 4508 4892 4507
f 5875 4362 7416
f 4507 2815 2816
f 4658 5776 4657
f 6385 4657 4656
f 5877 4364 7415
f 5881 4368 7414
f 5879 4366 7413
f 5101 3025 4027
f 4657 5775 4656
f 6384 4656 4655
f 5883 4370 7412
f 5102 3024 4026
f 2638 6044 2637
f 6019 4333 5553
f 5885 4372 7411
f 2934 4333 4915
f 4333 2934 5553
f 2637 3205 2638
f 5889 4376 7410
f 6018 4332 5552
f 2849 4332 4914
f 4332 2849 5552
f 5887 4374 7409
f 4656 5774 4655
f 6632 5354 5447
f 6383 4655 4654
f 5891 4378 7408
f 6633 5355 5446
f 3480 3784 6115
f 3502 3784 3480
f 5895 4382 7407
f 3479 3783 6114
f 3501 3783 3479
f 2679 6082 2678
f 5893 4380 7406
f 6831 2745 2713
f 2678 3246 2679
f 6830 2744 2712
f 5897 4384 7405
f 4655 5773 4654
f 6382 4654 4653
f 4654 5772 4653
f 5899 4386 7404
f 6381 4653 4652
f 4653 5771 4652
f 6117 3856 7201
f 5901 4388 7403
f 5903 4390 7402
f 5905 4392 7401
f 6380 4652 4651
f 6116 3855 7200
f 3486 4821 3300
f 5907 4394 7400
f 5909 4396 7399
f 5911 4398 7398
f 4652 5770 4651
f 3485 4820 3299
f 6379 4651 4650
f 5913 4400 7397
f 4651 5769 4650
f 6378 4650 4649
f 4650 5768 4649
f 5917 4404 7396
f 6377 4649 4648
f 4649 5767 4648
f 6376 4648 4647
f 5915 4402 7395
f 4648 5766 4647
f 2815 4507 4506
f 6375 4647 4646
f 5919 4406 7394
f 4507 4891 4506
f 3394 5461 5267
f 3393 5460 5266
f 5921 4408 7393
f 5739 2749 6349
f 2749 4437 6349
f 5738 2748 6348
f 5923 4410 7392
f 2748 4436 6348
f 3779 3788 2934
f 5553 2934 3788
f 5925 4412 7391
f 3780 3787 2849
f 5552 2849 3787
f 6521 5098 6523
f 5927 4414 7390
f 2637 6043 2636
f 4647 5765 4646
f 6481 5058 6522
f 5931 4418 7389
f 2636 3204 2637
f 6374 4646 4645
f 4646 5764 4645
f 5929 4416 7388
f 2706 6109 2705
f 6373 4645 4644
f 4645 5763 4644
f 5932 4420 7387
f 2705 3273 2706
f 6372 4644 4643
f 3952 5735 5439
f 5928 4415 7386
f 5930 4417 7385
f 3951 5734 5438
f 4478 2784 2785
f 5926 4413 7384
f 2784 4478 4477
f 5924 4411 7383
f 4644 5762 4643
f 2664 6070 2663
f 5922 4409 7382
f 5920 4407 7381
f 2663 3231 2664
f 5918 4405 7380
f 5914 4401 7379
f 5916 4403 7378
f 5912 4399 7377
f 5458 4921 7458
f 5910 4397 7376
f 5908 4395 7375
f 5906 4393 7374
f 5904 4391 7373
f 6371 4643 4642
f 5902 4389 7372
f 5900 4387 7371
f 5898 4385 7370
f 5896 4383 7369
f 2678 6081 2677
f 5892 4379 7368
f 5894 4381 7367
f 5890 4377 7366
f 5886 4373 7365
f 5888 4375 7364
f 5884 4371 7363
f 5882 4369 7362
f 5878 4365 7361
f 5880 4367 7360
f 5876 4363 7359
f 5874 4361 7358
f 5872 4359 7357
f 5870 4357 7356
f 5868 4355 7355
f 5866 4353 7354
f 5864 4351 7353
f 5862 4349 7352
f 5860 4347 7351
f 5858 4345 7350
f 5856 4343 7349
f 2677 3245 2678
f 5459 4920 7457
f 2847 3854 5741
f 2846 3853 5740
f 6441 5016 6525
f 2613 6525 5016
f 2793 6441 6525
f 6440 5015 6524
f 2599 6524 5015
f 2750 6440 6524
f 4839 6345 6131
f 4643 5761 4642
f 4838 6344 6130
f 6370 4642 4641
f 4642 5760 4641
f 2636 6042 2635
f 6369 4641 4640
f 2635 3203 2636
f 4809 3680 4813
f 3680 5549 4813
f 4813 4529 4809
f 4808 3679 4812
f 3679 5548 4812
f 4812 4528 4808
f 4478 4871 4477
f 4477 2783 2784
f 4641 5759 4640
f 2783 4477 4476
f 4477 4870 4476
f 6368 4640 4639
f 6519 5096 6520
f 4476 2782 2783
f 2677 6080 2676
f 6518 5095 6519
f 2782 4476 4475
f 2676 3244 2677
f 6517 5094 6518
f 2621 6518 5094
f 2635 6041 2634
f 6516 5093 6517
f 4476 4869 4475
f 2634 3202 2635
f 6515 5092 6516
f 4475 2781 2782
f 2676 6079 2675
f 6514 5091 6515
f 2781 4475 4474
f 4475 4868 4474
f 4474 2780 2781
f 2780 4474 4473
f 4474 4867 4473
f 2675 3243 2676
f 4640 5758 4639
f 5140 4099 6033
f 6033 4099 6247
f 6367 4639 4638
f 5139 4058 6032
f 6032 4058 6246
f 6513 5090 6514
f 4473 2779 2780
f 2634 6040 2633
f 6512 5089 6513
f 2779 4473 4472
f 2633 3201 2634
f 6511 5088 6512
f 4473 4866 4472
f 2675 6078 2674
f 6510 5087 6511
f 4472 2778 2779
f 2674 3242 2675
f 6509 5086 6510
f 2778 4472 4471
f 2633 6039 2632
f 6508 5085 6509
f 4472 4865 4471
f 2632 3200 2633
f 6507 5084 6508
f 4471 2777 2778
f 2674 6077 2673
f 6506 5083 6507
f 2777 4471 4470
f 2673 3241 2674
f 6505 5082 6506
f 4471 4864 4470
f 2632 6038 2631
f 6504 5081 6505
f 4470 2776 2777
f 2631 3199 2632
f 6503 5080 6504
f 2776 4470 4469
f 6484 7887 7885
f 6502 5079 6503
f 4470 4863 4469
f 7887 2796 7885
f 6501 5078 6502
f 4469 2775 2776
f 6444 7886 7884
f 6500 5077 6501
f 2775 4469 4468
f 7886 2753 7884
f 6499 5076 6500
f 4469 4862 4468
f 6517 7940 7939
f 6498 5075 6499
f 4468 2774 2775
f 7940 2829 7939
f 6497 5074 6498
f 2774 4468 4467
f 6516 7939 7938
f 6496 5073 6497
f 4468 4861 4467
f 7939 2828 7938
f 6495 5072 6496
f 4467 2773 2774
f 6515 7938 7937
f 6494 5071 6495
f 2773 4467 4466
f 7938 2827 7937
f 6493 5070 6494
f 4467 4860 4466
f 6514 7937 7936
f 6492 5069 6493
f 2620 6493 5069
f 7937 2826 7936
f 6491 5068 6492
f 4466 2772 2773
f 6513 7936 7935
f 6490 5067 6491
f 2619 6491 5067
f 7936 2825 7935
f 6489 5066 6490
f 2772 4466 4465
f 6512 7935 7934
f 6488 5065 6489
f 2618 6489 5065
f 7935 2824 7934
f 6487 5064 6488
f 4466 4859 4465
f 6511 7934 7933
f 6486 5063 6487
f 2617 6487 5063
f 7934 2823 7933
f 6485 5062 6486
f 4488 2796 2797
f 6510 7933 7932
f 6484 5061 6485
f 2616 6485 5061
f 7933 2822 7932
f 6483 5060 6484
f 2796 4488 4487
f 6509 7932 7931
f 6482 5059 6483
f 2615 6483 5059
f 7932 2821 7931
f 6479 5056 6480
f 4488 4878 4487
f 6508 7931 7930
f 6478 5055 6479
f 4447 2753 2754
f 7931 2820 7930
f 6477 5054 6478
f 2607 6478 5054
f 6507 7930 7929
f 6476 5053 6477
f 2753 4447 4446
f 7930 2819 7929
f 6475 5052 6476
f 4447 4846 4446
f 6506 7929 7928
f 6474 5051 6475
f 4490 2798 2799
f 7929 2818 7928
f 6473 5050 6474
f 2798 4490 4489
f 6505 7928 7927
f 6472 5049 6473
f 4490 4879 4489
f 7928 2817 7927
f 6471 5048 6472
f 4449 2755 2756
f 6504 7927 7926
f 6470 5047 6471
f 2755 4449 4448
f 7927 2816 7926
f 6469 5046 6470
f 4449 4847 4448
f 6503 7926 7925
f 6468 5045 6469
f 4496 2804 2805
f 7926 2815 7925
f 6467 5044 6468
f 2804 4496 4495
f 6502 7925 7924
f 6466 5043 6467
f 4496 4882 4495
f 7925 2814 7924
f 6465 5042 6466
f 4455 2761 2762
f 6501 7924 7923
f 6464 5041 6465
f 2761 4455 4454
f 7924 2813 7923
f 6463 5040 6464
f 4455 4850 4454
f 6500 7923 7922
f 6462 5039 6463
f 4494 2802 2803
f 7923 2812 7922
f 6461 5038 6462
f 2802 4494 4493
f 6499 7922 7921
f 6460 5037 6461
f 4494 4881 4493
f 7922 2811 7921
f 6459 5036 6460
f 4453 2759 2760
f 6498 7921 7920
f 6458 5035 6459
f 2759 4453 4452
f 7921 2810 7920
f 6457 5034 6458
f 4453 4849 4452
f 6497 7920 7919
f 6456 5033 6457
f 4492 2800 2801
f 7920 2809 7919
f 6455 5032 6456
f 2800 4492 4491
f 6496 7919 7918
f 4639 5757 4638
f 6454 5031 6455
f 4492 4880 4491
f 6366 4638 4637
f 7919 2808 7918
f 6453 5030 6454
f 4638 5756 4637
f 4451 2757 2758
f 6495 7918 7943
f 6405 4677 4676
f 6452 5029 6453
f 2606 6453 5029
f 4677 5795 4676
f 7918 2807 7943
f 6451 5028 6452
f 6365 4637 4636
f 2757 4451 4450
f 6477 7916 7915
f 4637 5755 4636
f 6450 5027 6451
f 2605 6451 5027
f 6404 4676 4675
f 7916 2786 7915
f 6449 5026 6450
f 4676 5794 4675
f 4451 4848 4450
f 6476 7915 7914
f 6364 4636 4635
f 6448 5025 6449
f 2604 6449 5025
f 4636 5754 4635
f 7915 2785 7914
f 6447 5024 6448
f 6403 4675 4674
f 6203 4498 6204
f 6475 7914 7913
f 4675 5793 4674
f 6446 5023 6447
f 2603 6447 5023
f 6363 4635 4634
f 7914 2784 7913
f 6445 5022 6446
f 4635 5753 4634
f 6203 4497 4498
f 6474 7913 7912
f 6402 4674 4673
f 6444 5021 6445
f 2602 6445 5021
f 4674 5792 4673
f 7913 2783 7912
f 6443 5020 6444
f 6362 4634 4633
f 6163 4457 6164
f 6473 7912 7911
f 4634 5752 4633
f 6442 5019 6443
f 2601 6443 5019
f 7912 2782 7911
f 6520 5097 6521
f 2622 6521 5097
f 6472 7911 7910
f 6401 4673 4672
f 6480 5057 6481
f 2608 6481 5057
f 4673 5791 4672
f 7911 2781 7910
f 6525 5018 6482
f 6361 4633 4632
f 2614 6482 5018
f 6163 4456 4457
f 4633 5751 4632
f 6524 5017 6442
f 2600 6442 5017
f 6400 4672 4671
f 6200 4495 6201
f 5459 5146 7346
f 4672 5790 4671
f 4920 5459 4916
f 7346 4916 5459
f 6360 4632 4631
f 5458 5145 7345
f 4921 5458 4917
f 4632 5750 4631
f 7345 4917 5458
f 3545 3017 4027
f 6399 4671 4670
f 6200 4494 4495
f 6160 4454 6161
f 4671 5789 4670
f 3588 2937 4026
f 6160 4453 4454
f 6359 4631 4630
f 6198 4493 6199
f 4631 5749 4630
f 6398 4670 4669
f 4670 5788 4669
f 4051 3021 7327
f 6358 4630 4629
f 4050 2938 7326
f 4630 5748 4629
f 6433 4705 4704
f 4705 5823 4704
f 6393 4665 4664
f 4665 5783 4664
f 6397 4669 4668
f 4669 5787 4668
f 6357 4629 4628
f 4629 5747 4628
f 7149 5302 5306
f 7147 5302 7149
f 2548 7147 7149
f 4917 3025 4921
f 7148 5301 7146
f 4921 3025 6245
f 4916 3024 4920
f 7146 5301 5303
f 4920 3024 6244
f 3944 7027 7344
f 6073 4101 6288
f 4441 6073 6288
f 3943 7026 7343
f 2548 7148 7146
f 6127 6147 4717
f 6233 4717 6147
f 6471 7910 7909
f 6126 6146 4716
f 6232 4716 6146
f 7910 2780 7909
f 5559 5246 3304
f 5246 5112 3304
f 6470 7909 7908
f 5558 5245 3303
f 5245 5111 3303
f 7909 2779 7908
f 5455 5841 5437
f 6815 5841 5455
f 7019 5008 3846
f 5841 4015 5437
f 5454 5840 5358
f 4045 7019 3846
f 6814 5840 5454
f 5840 3953 5358
f 7018 5007 3845
f 7323 5130 5841
f 4335 7323 5841
f 4044 7018 3845
f 7322 5129 5840
f 4334 7322 5840
f 6023 3494 6033
f 8020 2845 7442
f 8020 5561 5136
f 6023 6033 6247
f 3585 7425 5859
f 3585 2944 2942
f 3494 6023 4041
f 2944 3585 5859
f 3584 7424 5861
f 6022 3489 6032
f 3584 2946 2944
f 2946 3584 5861
f 6022 6032 6246
f 3583 7423 5863
f 3583 2948 2946
f 3489 6022 4040
f 2948 3583 5863
f 3582 7422 5865
f 3582 2950 2948
f 2950 3582 5865
f 3581 7421 5867
f 3581 2952 2950
f 3176 3842 5144
f 2952 3581 5867
f 3580 7420 5869
f 5144 3842 3814
f 3580 2954 2952
f 2954 3580 5869
f 3178 3844 5143
f 3579 7419 5871
f 3579 2956 2954
f 5143 3844 3813
f 2956 3579 5871
f 3578 7418 5873
f 2837 6345 6127
f 3578 2958 2956
f 2958 3578 5873
f 2836 6344 6126
f 3577 7417 5875
f 3577 2960 2958
f 6396 4668 4627
f 2960 3577 5875
f 3576 7416 5877
f 4668 5786 4627
f 3576 2962 2960
f 2962 3576 5877
f 6356 4628 4626
f 3575 7415 5881
f 3575 2966 2962
f 4628 5746 4626
f 2966 3575 5881
f 3574 7414 5879
f 3495 6141 3494
f 3574 2964 2966
f 2964 3574 5879
f 6141 6033 3494
f 3573 7413 5883
f 3573 2968 2964
f 3490 6140 3489
f 2968 3573 5883
f 3572 7412 5885
f 6140 6032 3489
f 3572 2970 2968
f 2970 3572 5885
f 3427 3100 3104
f 3571 7411 5889
f 3571 2974 2970
f 3389 3427 3104
f 2974 3571 5889
f 3570 7410 5887
f 3396 3026 3028
f 3570 2972 2974
f 2972 3570 5887
f 3312 3396 3028
f 3569 7409 5891
f 3569 2976 2972
f 7714 6435 7706
f 2976 3569 5891
f 3568 7408 5895
f 5545 7714 7706
f 3568 2980 2976
f 2980 3568 5895
f 7713 6395 7705
f 3567 7407 5893
f 3567 2978 2980
f 5506 7713 7705
f 2978 3567 5893
f 3566 7406 5897
f 3425 3098 3102
f 3566 2982 2978
f 2982 3566 5897
f 6034 4060 6248
f 4440 6034 6248
f 6198 4492 4493
f 3419 3084 3088
f 3565 7405 5899
f 5561 8020 7442
f 3403 3048 3052
f 3565 2984 2982
f 2984 3565 5899
f 3564 7404 5901
f 4813 4431 4529
f 3564 2986 2984
f 4812 4430 4528
f 2986 3564 5901
f 3563 7403 5903
f 6918 4618 3838
f 3172 3838 4618
f 3563 2988 2986
f 6919 4619 3837
f 3171 3837 4619
f 5112 3482 5265
f 5265 3304 5112
f 5111 3481 5264
f 5264 3303 5111
f 2988 3563 5903
f 3562 7402 5905
f 6158 4452 6159
f 2845 8020 5136
f 3562 2990 2988
f 2990 3562 5905
f 6158 4451 4452
f 3407 3056 3060
f 3561 7401 5907
f 3561 2992 2990
f 2992 3561 5907
f 3560 7400 5909
f 3560 2994 2992
f 2994 3560 5909
f 3559 7399 5911
f 3559 2996 2994
f 2996 3559 5911
f 3558 7398 5913
f 3558 2998 2996
f 2998 3558 5913
f 3557 7397 5917
f 3557 3002 2998
f 3002 3557 5917
f 3556 7396 5915
f 3556 3000 3002
f 3000 3556 5915
f 3555 7395 5919
f 3555 3004 3000
f 3004 3555 5919
f 3554 7394 5921
f 3554 3006 3004
f 3006 3554 5921
f 3553 7393 5923
f 3553 3008 3006
f 3008 3553 5923
f 3552 7392 5925
f 3552 3010 3008
f 3010 3552 5925
f 3551 7391 5927
f 3551 3012 3010
f 3012 3551 5927
f 3550 7390 5931
f 3550 3016 3012
f 3016 3550 5931
f 3549 7389 5929
f 3549 3014 3016
f 3014 3549 5929
f 3542 7386 5930
f 3592 3811 6615
f 3811 3170 6615
f 3591 3812 6614
f 3812 3169 6614
f 3542 3015 3013
f 3015 3542 5930
f 3541 7385 5926
f 3541 3011 3015
f 3011 3541 5926
f 3540 7384 5924
f 3540 3009 3011
f 3009 3540 5924
f 3539 7383 5922
f 3539 3007 3009
f 3007 3539 5922
f 3538 7382 5920
f 3538 3005 3007
f 3005 3538 5920
f 3537 7381 5918
f 3537 3003 3005
f 3003 3537 5918
f 3536 7380 5914
f 3536 2999 3003
f 2999 3536 5914
f 3535 7379 5916
f 3535 3001 2999
f 3001 3535 5916
f 3534 7378 5912
f 3534 2997 3001
f 2997 3534 5912
f 3533 7377 5910
f 3533 2995 2997
f 2995 3533 5910
f 3532 7376 5908
f 3532 2993 2995
f 2993 3532 5908
f 3531 7375 5906
f 3531 2991 2993
f 2991 3531 5906
f 3530 7374 5904
f 3530 2989 2991
f 2989 3530 5904
f 3529 7373 5902
f 3529 2987 2989
f 2987 3529 5902
f 3528 7372 5900
f 3528 2985 2987
f 2985 3528 5900
f 3527 7371 5898
f 3527 2983 2985
f 2983 3527 5898
f 3526 7370 5896
f 3526 2981 2983
f 2981 3526 5896
f 3525 7369 5892
f 3525 2977 2981
f 2977 3525 5892
f 3524 7368 5894
f 3524 2979 2977
f 2979 3524 5894
f 3523 7367 5890
f 3523 2975 2979
f 2975 3523 5890
f 3522 7366 5886
f 3522 2971 2975
f 2971 3522 5886
f 3521 7365 5888
f 3521 2973 2971
f 2973 3521 5888
f 3520 7364 5884
f 3520 2969 2973
f 2969 3520 5884
f 3519 7363 5882
f 3519 2967 2969
f 2967 3519 5882
f 3518 7362 5878
f 3518 2963 2967
f 2963 3518 5878
f 3517 7361 5880
f 3517 2965 2963
f 2965 3517 5880
f 3516 7360 5876
f 3516 2961 2965
f 2961 3516 5876
f 3515 7359 5874
f 3515 2959 2961
f 2959 3515 5874
f 3514 7358 5872
f 3514 2957 2959
f 2957 3514 5872
f 3513 7357 5870
f 3513 2955 2957
f 2955 3513 5870
f 3512 7356 5868
f 3512 2953 2955
f 2953 3512 5868
f 3511 7355 5866
f 3511 2951 2953
f 2951 3511 5866
f 3510 7354 5864
f 3510 2949 2951
f 2949 3510 5864
f 3509 7353 5862
f 3509 2947 2949
f 2947 3509 5862
f 3508 7352 5860
f 3508 2945 2947
f 2945 3508 5860
f 3507 7351 5858
f 3507 2943 2945
f 2943 3507 5858
f 3506 7350 5856
f 3506 2941 2943
f 2941 3506 5856
f 3586 7426 5857
f 3586 2942 2940
f 2942 3586 5857
f 3543 7387 5928
f 3543 3013 3019
f 3013 3543 5928
f 3548 7388 5933
f 3548 3020 3014
f 3020 3548 5933
f 3505 7349 5854
f 3505 2939 2941
f 2939 3505 5854
f 3587 7430 5855
f 3587 2940 2937
f 7326 8019 4050
f 3409 3062 3066
f 6196 4491 6197
f 7347 8019 4426
f 3397 3029 3027
f 3544 7429 5932
f 6469 7908 7907
f 6196 4490 4491
f 7908 2778 7907
f 6156 4450 6157
f 3544 3019 3017
f 6156 4449 4450
f 3547 7428 5851
f 3547 3018 3020
f 3018 3547 5851
f 3504 7427 5850
f 3504 2936 2939
f 2936 3504 5850
f 3694 5743 3854
f 2935 3694 3854
f 3693 5742 3853
f 2848 3693 3853
f 6523 3692 4527
f 3311 3397 3027
f 2835 6523 4527
f 6522 3691 4526
f 3426 3101 3103
f 2792 6522 4526
f 3387 3426 3103
f 3420 3087 3089
f 3373 3420 3089
f 3404 3051 3053
f 3337 3404 3053
f 3408 3059 3061
f 6194 4489 6195
f 6194 4488 4489
f 3345 3408 3061
f 3410 3065 3067
f 3351 3410 3067
f 4439 4621 6619
f 6154 4448 6155
f 7344 4439 6619
f 6154 4447 4448
f 4438 4620 6618
f 7343 4438 6618
f 5438 7341 3951
f 7017 4621 4623
f 4439 4623 4621
f 7016 4620 4622
f 4438 4622 4620
f 7341 3954 3951
f 3402 3049 3047
f 3331 3402 3047
f 3401 3045 3043
f 3392 7323 4335
f 7448 3392 4335
f 6919 6622 6621
f 6621 4833 6919
f 6918 6623 6620
f 6620 4832 6918
f 3391 7322 4334
f 7447 3391 4334
f 3327 3401 3043
f 3816 445 444
f 3417 3080 3082
f 6468 7907 7906
f 3366 3417 3082
f 3418 3083 3081
f 3365 3418 3081
f 3400 3041 3039
f 3815 468 469
f 7907 2777 7906
f 3323 3400 3039
f 3415 3076 3078
f 3362 3415 3078
f 3100 5436 3104
f 3416 3079 3077
f 3361 3416 3077
f 3399 3037 3035
f 3029 5359 3027
f 3319 3399 3035
f 3423 3094 3096
f 3380 3423 3096
f 3413 3072 3074
f 3358 3413 3074
f 3424 3097 3095
f 3379 3424 3095
f 3828 442 441
f 3414 3075 3073
f 3827 471 472
f 3357 3414 3073
f 6467 7906 7905
f 7906 2776 7905
f 6466 7905 7904
f 7199 4827 7329
f 4827 7199 5136
f 7198 4826 7328
f 4826 7198 5135
f 3398 3033 3031
f 3315 3398 3031
f 3421 3090 3092
f 7905 2775 7904
f 3376 3421 3092
f 3411 3068 3070
f 7428 4339 5851
f 3354 3411 3070
f 3422 3093 3091
f 7427 4338 5850
f 6465 7904 7903
f 7904 2774 7903
f 7387 4415 5928
f 6464 7903 7902
f 7903 2773 7902
f 7426 4344 5857
f 3375 3422 3091
f 7389 4416 5929
f 3412 3071 3069
f 7386 4417 5930
f 3694 2935 5006
f 6463 7902 7901
f 7390 4418 5931
f 7385 4413 5926
f 3693 2848 5005
f 7902 2772 7901
f 7115 5263 7301
f 7391 4414 5927
f 2572 7115 7301
f 7114 5251 7300
f 7384 4411 5924
f 3353 3412 3069
f 2532 7114 7300
f 7392 4412 5925
f 7383 4409 5922
f 3406 3057 3055
f 7393 4410 5923
f 7382 4407 5920
f 7394 4408 5921
f 7381 4405 5918
f 7395 4406 5919
f 7380 4401 5914
f 7396 4402 5915
f 3676 6813 3942
f 7379 4403 5916
f 7397 4404 5917
f 7378 4399 5912
f 3675 6812 3941
f 7398 4400 5913
f 7377 4397 5910
f 7399 4398 5911
f 7376 4395 5908
f 7400 4396 5909
f 7375 4393 5906
f 7401 4394 5907
f 3674 6811 3858
f 7374 4391 5904
f 7402 4392 5905
f 7373 4389 5902
f 7403 4390 5903
f 3633 6810 3857
f 7372 4387 5900
f 7404 4388 5901
f 7371 4385 5898
f 7405 4386 5899
f 7370 4383 5896
f 7406 4384 5897
f 7369 4379 5892
f 7407 4380 5893
f 7368 4381 5894
f 7408 4382 5895
f 3339 3406 3055
f 7367 4377 5890
f 7409 4378 5891
f 7366 4373 5886
f 3782 2711 3843
f 7410 4374 5887
f 7365 4375 5888
f 7411 4376 5889
f 7364 4371 5884
f 7412 4372 5885
f 7363 4369 5882
f 7413 4370 5883
f 7362 4365 5878
f 7414 4366 5879
f 7361 4367 5880
f 7415 4368 5881
f 7360 4363 5876
f 7416 4364 5877
f 7359 4361 5874
f 7417 4362 5875
f 7358 4359 5872
f 7418 4360 5873
f 7357 4357 5870
f 7419 4358 5871
f 7356 4355 5868
f 7420 4356 5869
f 7355 4353 5866
f 7421 4354 5867
f 7354 4351 5864
f 7422 4352 5865
f 7353 4349 5862
f 7423 4350 5863
f 7352 4347 5860
f 7424 4348 5861
f 7351 4345 5858
f 7425 4346 5859
f 7350 4343 5856
f 7388 4421 5933
f 7349 4341 5854
f 3186 3182 5119
f 3105 5433 3101
f 3105 7340 5433
f 3781 2710 3841
f 5119 3182 3178
f 3026 5360 3028
f 3026 7330 5360
f 3405 3050 3054
f 3338 3405 3054
f 3103 5431 3099
f 5439 7342 3952
f 7342 4014 3952
f 6729 4919 6233
f 8019 7347 4050
f 4919 6729 5114
f 6729 4033 5114
f 6728 4918 6232
f 3099 5429 3097
f 3099 7338 5429
f 4918 6728 5113
f 6728 4032 5113
f 3098 5434 3102
f 7716 5731 4797
f 3018 7716 4797
f 7715 5730 4718
f 3097 5427 3095
f 2936 7715 4718
f 3486 6119 3484
f 3282 3486 3484
f 5932 3543 3544
f 4821 3486 3282
f 3485 6118 3483
f 3281 3485 3483
f 3095 5425 3093
f 4820 3485 3281
f 4249 7346 5146
f 5146 4911 4249
f 3094 5428 3096
f 4248 7345 5145
f 5145 4910 4248
f 6462 7901 7900
f 3093 5423 3091
f 2727 2595 3950
f 2595 2731 3950
f 2731 5148 3950
f 8019 7326 4426
f 7901 2771 7900
f 2726 2593 3949
f 2593 2729 3949
f 3091 5419 3087
f 2729 5147 3949
f 2709 6031 2708
f 2708 3276 2709
f 3090 5424 3092
f 6461 7900 7899
f 7900 2770 7899
f 2667 6030 2666
f 3089 5417 3085
f 2666 3234 2667
f 6460 7899 7898
f 5551 6233 6147
f 3088 5418 3086
f 3088 7337 5418
f 5550 6232 6146
f 3498 3275 3276
f 7327 8018 4051
f 3275 7626 3276
f 3498 3276 2708
f 3493 3233 3234
f 3086 5422 3090
f 3233 7625 3234
f 3493 3234 2666
f 6135 2669 3488
f 3085 5415 3083
f 3085 7336 5415
f 6135 3488 6023
f 6135 6023 6243
f 3084 5420 3088
f 6134 2627 3487
f 6134 3487 6022
f 6134 6022 6242
f 3083 5413 3081
f 7899 2769 7898
f 6459 7898 7897
f 3590 5453 3950
f 3543 3019 3544
f 7898 2768 7897
f 6458 7897 7896
f 3589 5452 3949
f 3081 5411 3079
f 4520 2828 2829
f 2828 4520 4519
f 3850 5108 3160
f 3080 5414 3082
f 4520 4904 4519
f 4479 2785 2786
f 3849 5107 3159
f 3079 5409 3077
f 418 7456 6341
f 7456 418 8
f 497 7456 8
f 3078 5412 3080
f 495 7455 6340
f 7455 495 6
f 417 7455 6
f 3077 5407 3075
f 3496 3237 6823
f 3496 6823 2670
f 3491 3195 6821
f 3076 5410 3078
f 3491 6821 2628
f 7201 3856 3858
f 7897 2767 7896
f 3075 5405 3073
f 7200 3855 3857
f 6457 7896 7895
f 7896 2766 7895
f 3074 5408 3076
f 6456 7895 7894
f 7895 2765 7894
f 6455 7894 7942
f 3073 5403 3071
f 2713 2745 3794
f 3794 2745 5106
f 2712 2744 3793
f 8032 5406 5408
f 3793 2744 5105
f 3432 5459 5847
f 4821 3432 5847
f 3071 5401 3069
f 3432 4821 3282
f 3431 5458 5846
f 4820 3431 5846
f 7348 8018 4427
f 3431 4820 3281
f 7894 2764 7942
f 7945 6494 7943
f 5397 8042 5401
f 2806 7945 7943
f 436 3184 7453
f 7944 6454 7942
f 3185 436 435
f 5134 6829 4017
f 436 7453 435
f 3673 6809 3938
f 3183 477 478
f 3068 5402 3070
f 2763 7944 7942
f 6145 5134 4017
f 5133 6828 4016
f 8035 4329 4327
f 6144 5133 4016
f 3394 3786 3795
f 3672 6808 3937
f 3393 3785 3796
f 3066 5396 3064
f 3066 7335 5396
f 3671 6807 3936
f 6519 7893 7941
f 7893 2831 7941
f 2785 4479 4478
f 3670 6806 3935
f 6479 7892 7917
f 7892 2788 7917
f 7949 6492 7947
f 3669 6805 3934
f 3064 5400 3068
f 2804 7949 7947
f 4049 2668 6135
f 3668 6804 3933
f 4048 2626 6134
f 8018 7348 4051
f 3170 3811 448
f 449 3170 448
f 3169 3812 465
f 3667 6803 3932
f 3062 5398 3066
f 464 3169 465
f 3784 3502 2668
f 3666 6802 3931
f 3783 3501 2626
f 3061 5389 3057
f 7948 6452 7946
f 3665 6801 3930
f 2761 7948 7946
f 5124 2589 3852
f 3060 5390 3058
f 3664 6800 3929
f 3060 7334 5390
f 5124 2585 2589
f 7953 6490 7951
f 3663 6799 3928
f 8018 7327 4427
f 2802 7953 7951
f 5123 2587 3851
f 3662 6798 3927
f 5123 2584 2587
f 3058 5394 3062
f 7952 6450 7950
f 2759 7952 7950
f 7015 6727 7446
f 3057 5387 3055
f 3057 7333 5387
f 6727 592 7446
f 7014 6726 7445
f 3056 5392 3060
f 6726 320 7445
f 3661 6797 3926
f 3802 5010 3828
f 3486 3300 3802
f 7446 418 6343
f 3660 6796 3925
f 419 6343 418
f 3102 8017 3425
f 7445 495 6342
f 3659 6795 3924
f 494 6342 495
f 5010 3802 3300
f 3486 3802 2711
f 3658 6794 3923
f 3801 5009 3827
f 3054 5388 3056
f 7957 6488 7955
f 3657 6793 3922
f 3485 3299 3801
f 5009 3801 3299
f 3053 5381 3049
f 3656 6792 3921
f 3485 3801 2710
f 2597 3833 3825
f 2597 6235 3833
f 3655 6791 3920
f 3052 5382 3050
f 6139 2709 5012
f 3052 7332 5382
f 3654 6790 3919
f 6129 6139 5012
f 6129 5012 5845
f 6138 2667 5011
f 3653 6789 3918
f 2800 7957 7955
f 6128 6138 5011
f 6128 5011 5844
f 3652 6788 3917
f 6829 7297 4017
f 2596 3834 3826
f 6828 7296 4016
f 3651 6787 3916
f 2596 6234 3834
f 7956 6448 7954
f 3384 8017 3100
f 3650 6786 3915
f 3812 3820 466
f 465 3812 466
f 3811 3819 447
f 3050 5386 3054
f 2757 7956 7954
f 448 3811 447
f 2673 6076 2672
f 2571 2580 6143
f 2531 2575 6142
f 2672 3240 2673
f 2631 6037 2630
f 8017 3384 3425
f 3049 7331 5379
f 4821 5847 3300
f 3649 6785 3914
f 2630 3198 2631
f 3048 5384 3052
f 4479 4872 4478
f 4820 5846 3299
f 3648 6784 3913
f 7891 6486 7959
f 3047 5377 3045
f 4521 2829 2830
f 3647 6783 3912
f 6015 4337 6439
f 6014 4336 6438
f 8017 3102 3100
f 2624 5457 3692
f 2610 5456 3691
f 3848 7195 5267
f 2798 7891 7959
f 3646 6782 3911
f 6825 3848 5267
f 7890 6446 7958
f 3847 7194 5266
f 2755 7890 7958
f 3645 6781 3910
f 6824 3847 5266
f 3045 5375 3043
f 6483 7885 7889
f 7885 2795 7889
f 3644 6780 3909
f 6341 419 418
f 6443 7884 7888
f 7884 2752 7888
f 3643 6779 3908
f 6340 494 495
f 5551 6351 4033
f 6351 4147 4033
f 3642 6778 3907
f 5550 6350 4032
f 6350 4146 4032
f 2707 6110 2706
f 3641 6777 3906
f 8016 3036 5368
f 2706 3274 2707
f 2665 6071 2664
f 3640 6776 3905
f 2664 3232 2665
f 3043 5373 3041
f 7963 6521 7864
f 3639 6775 3904
f 2833 7963 7864
f 7962 6481 7863
f 8039 3044 3042
f 3638 6774 3903
f 7191 5262 7320
f 7320 5262 5343
f 2569 7191 7320
f 3637 6773 3902
f 2829 4521 4520
f 4521 4905 4520
f 2533 7190 7302
f 3636 6772 3901
f 7187 5261 7321
f 7321 5261 5346
f 2570 7187 7321
f 3635 6771 3900
f 4480 2786 2787
f 6120 2596 3826
f 6121 2597 3825
f 3634 6770 3899
f 2790 7962 7863
f 3041 5371 3039
f 2672 6075 2671
f 3632 6769 3898
f 2671 3239 2672
f 2630 6036 2629
f 2629 3197 2630
f 3631 6768 3897
f 7186 5260 7319
f 7319 5260 5341
f 2568 7186 7319
f 3630 6767 3896
f 5104 2727 5453
f 8016 5370 3038
f 2727 3950 5453
f 3629 6766 3895
f 5103 2726 5452
f 2721 3816 444
f 2720 3815 469
f 3180 3806 3790
f 3039 5369 3037
f 3162 3180 3790
f 3179 3805 3789
f 3628 6765 3894
f 3161 3179 3789
f 2786 4480 4479
f 7456 497 6627
f 3627 6764 3893
f 3038 5372 3040
f 4480 4873 4479
f 5855 3586 3587
f 3626 6763 3892
f 7455 417 6626
f 3190 3164 434
f 3189 3163 479
f 3625 6762 3891
f 3037 5367 3035
f 2726 3949 5452
f 5355 6633 6332
f 3624 6761 3890
f 472 3834 473
f 3834 3836 473
f 7173 5259 7318
f 3623 6760 3889
f 7318 5259 5332
f 2563 7173 7318
f 6633 4022 6332
f 3622 6759 3888
f 5370 8016 5368
f 2563 7174 7317
f 441 3833 440
f 3833 3835 440
f 3621 6758 3887
f 5354 6632 6333
f 6632 4023 6333
f 3035 5365 3033
f 4424 4332 6018
f 3620 6757 3886
f 6122 4424 6018
f 4425 4333 6019
f 2561 7171 7316
f 3619 6756 3885
f 7172 5258 7315
f 7315 5258 5327
f 2561 7172 7315
f 6123 4425 6019
f 3034 5368 3036
f 3618 6755 3884
f 3792 2715 3192
f 3586 2940 3587
f 477 3186 7454
f 3791 2714 3191
f 477 7454 478
f 3033 5363 3031
f 4159 3806 6115
f 3790 3806 4159
f 3806 5120 6115
f 3617 6754 3883
f 4158 3805 6114
f 3789 3805 4158
f 3032 5366 3034
f 3616 6753 3882
f 3805 5119 6114
f 5150 5561 3840
f 5149 5560 3839
f 3615 6752 3881
f 6021 2747 3164
f 3180 3162 434
f 3030 5364 3032
f 3614 6751 3880
f 6227 4522 6228
f 3179 3161 479
f 3164 2715 6021
f 3613 6750 3879
f 6020 2746 3163
f 6227 4521 4522
f 3028 5362 3030
f 3163 2714 6020
f 5444 7294 5450
f 3612 6749 3878
f 7294 4150 5450
f 5445 7295 5451
f 7295 4151 5451
f 3611 6748 3877
f 3102 5432 3100
f 3842 439 3814
f 3102 7339 5432
f 3610 6747 3876
f 3835 3814 439
f 3844 474 3813
f 3836 3813 474
f 3609 6746 3875
f 6187 4481 6188
f 5137 7882 5843
f 6187 4480 4481
f 3608 6745 3874
f 6622 3837 3799
f 5138 7883 5842
f 6622 3799 2722
f 3607 6744 3873
f 6622 6919 3837
f 6202 4497 6203
f 6623 3838 3800
f 3606 6743 3872
f 6623 6918 3838
f 6623 3800 2723
f 7151 5257 7314
f 3605 6742 3871
f 7314 5257 5310
f 2552 7151 7314
f 5439 4331 3104
f 3604 6741 3870
f 3104 7342 5439
f 2552 7152 7313
f 5438 4330 3027
f 3603 6740 3869
f 3027 7341 5438
f 2586 7459 485
f 7429 4420 5932
f 3602 6739 3868
f 7430 4342 5855
f 485 7459 486
f 4331 5439 4161
f 3601 6738 3867
f 4330 5438 4160
f 2550 7149 7312
f 7150 5256 7311
f 3600 6737 3866
f 7311 5256 5305
f 2550 7150 7311
f 7145 5255 7310
f 3599 6736 3865
f 7310 5255 5304
f 2549 7145 7310
f 3192 3824 3792
f 3598 6735 3864
f 2581 7019 4045
f 2549 7146 7309
f 3191 3823 3791
f 3597 6734 3863
f 2574 7018 4044
f 6202 4496 4497
f 2588 7460 428
f 3596 6733 3862
f 6145 4053 5134
f 3843 2725 439
f 6145 3308 4053
f 3595 6732 3861
f 2725 440 439
f 2547 7143 7308
f 7144 5254 7307
f 3594 6731 3860
f 7307 5254 5299
f 2547 7144 7307
f 6144 4052 5133
f 3593 6730 3859
f 6144 3307 4052
f 3841 2724 474
f 2724 473 474
f 428 7460 427
f 3793 5105 481
f 7137 5253 7306
f 7306 5253 5296
f 2545 7137 7306
f 2735 5105 3817
f 5105 2735 481
f 2545 7138 7305
f 6027 3848 6335
f 3848 5745 6335
f 3794 5106 432
f 6026 3847 6334
f 458 3845 5014
f 3847 5744 6334
f 2733 5106 3818
f 6611 3276 7626
f 455 3846 5013
f 4247 6611 7626
f 2543 7135 7304
f 7136 5252 7303
f 7303 5252 5291
f 2543 7136 7303
f 7879 4257 5276
f 6610 3234 7625
f 4206 6610 7625
f 7879 5274 4255
f 5274 7879 5276
f 6569 3237 7548
f 4208 6569 7548
f 4257 7879 4255
f 7878 4276 5295
f 6529 3195 7547
f 7878 5293 4278
f 4167 6529 7547
f 5293 7878 5295
f 4276 7878 4278
f 6607 3275 7624
f 4246 6607 7624
f 7877 4290 5309
f 7877 5307 4292
f 6606 3274 7623
f 5307 7877 5309
f 4245 6606 7623
f 4290 7877 4292
f 7876 4312 5331
f 6605 3273 7622
f 4244 6605 7622
f 7876 5329 4314
f 5329 7876 5331
f 6604 3272 7621
f 4312 7876 4314
f 4243 6604 7621
f 6345 7875 2793
f 6441 7875 2837
f 6603 3271 7620
f 4242 6603 7620
f 7875 6441 2793
f 7875 6345 2837
f 6602 3270 7619
f 6344 7874 2750
f 4241 6602 7619
f 6440 7874 2836
f 7874 6440 2750
f 6601 3269 7618
f 4240 6601 7618
f 7874 6344 2836
f 5106 2733 432
f 6600 3268 7617
f 6074 2670 2671
f 4239 6600 7617
f 2670 3238 2671
f 6035 2628 2629
f 6599 3267 7616
f 4238 6599 7616
f 7873 4284 5303
f 7873 5301 4286
f 6598 3266 7615
f 5301 7873 5303
f 4237 6598 7615
f 4284 7873 4286
f 2628 3196 2629
f 7627 6834 5245
f 6597 3265 7614
f 5133 3166 3832
f 4236 6597 7614
f 4831 5116 5244
f 4830 5115 5243
f 5133 4052 3166
f 6596 3264 7613
f 4235 6596 7613
f 7627 5245 5564
f 6595 3263 7612
f 4234 6595 7612
f 5134 3165 3831
f 6594 3262 7611
f 4233 6594 7611
f 5134 4053 3165
f 6593 3261 7610
f 4232 6593 7610
f 4924 5133 3832
f 6592 3260 7609
f 4231 6592 7609
f 6015 7872 3021
f 6591 3259 7608
f 4230 6591 7608
f 3036 8016 3038
f 6590 3258 7607
f 4229 6590 7607
f 7872 7327 3021
f 6589 3257 7606
f 4228 6589 7606
f 7872 6015 5449
f 6588 3256 7605
f 4227 6588 7605
f 6014 7871 2938
f 6587 3255 7604
f 4226 6587 7604
f 8015 3085 3083
f 6586 3254 7603
f 4225 6586 7603
f 7871 7326 2938
f 6585 3253 7602
f 4224 6585 7602
f 7871 6014 5448
f 6584 3252 7601
f 4223 6584 7601
f 3830 4924 3832
f 6583 3251 7600
f 4222 6583 7600
f 4925 5134 3831
f 6582 3250 7599
f 4221 6582 7599
f 3829 4925 3831
f 6581 3249 7598
f 4220 6581 7598
f 2667 3234 5836
f 6580 3248 7597
f 4219 6580 7597
f 7870 4287 5306
f 6579 3247 7596
f 4218 6579 7596
f 7870 5302 4285
f 6578 3246 7595
f 4217 6578 7595
f 5302 7870 5306
f 6577 3245 7594
f 4216 6577 7594
f 4287 7870 4285
f 6576 3244 7593
f 4215 6576 7593
f 7869 4315 5334
f 6575 3243 7592
f 4214 6575 7592
f 7869 5330 4313
f 6574 3242 7591
f 4213 6574 7591
f 5330 7869 5334
f 6573 3241 7590
f 4212 6573 7590
f 4315 7869 4313
f 6572 3240 7589
f 4211 6572 7589
f 7868 4279 5298
f 6571 3239 7588
f 4210 6571 7588
f 7868 5294 4277
f 6570 3238 7587
f 4209 6570 7587
f 6823 7587 3238
f 6567 3233 7586
f 4205 6567 7586
f 5294 7868 5298
f 6566 3232 7585
f 4204 6566 7585
f 4279 7868 4277
f 6565 3231 7584
f 4203 6565 7584
f 7867 4293 5312
f 6564 3230 7583
f 4202 6564 7583
f 7867 5308 4291
f 6563 3229 7582
f 4201 6563 7582
f 5308 7867 5312
f 6562 3228 7581
f 4200 6562 7581
f 4293 7867 4291
f 6561 3227 7580
f 4199 6561 7580
f 7866 4431 2835
f 6560 3226 7579
f 4198 6560 7579
f 7866 4527 6349
f 6559 3225 7578
f 4197 6559 7578
f 4527 7866 2835
f 6558 3224 7577
f 4196 6558 7577
f 4431 7866 6349
f 6557 3223 7576
f 4195 6557 7576
f 7865 4430 2792
f 6556 3222 7575
f 4194 6556 7575
f 7865 4526 6348
f 6555 3221 7574
f 4193 6555 7574
f 4526 7865 2792
f 6554 3220 7573
f 4192 6554 7573
f 4430 7865 6348
f 6553 3219 7572
f 4191 6553 7572
f 6162 4456 6163
f 6552 3218 7571
f 4190 6552 7571
f 6162 4455 4456
f 6551 3217 7570
f 4189 6551 7570
f 7291 5353 7862
f 6550 3216 7569
f 4188 6550 7569
f 7291 4015 5353
f 6549 3215 7568
f 4187 6549 7568
f 5353 4015 4019
f 6548 3214 7567
f 4186 6548 7567
f 7290 5352 7861
f 6547 3213 7566
f 4185 6547 7566
f 7290 3953 5352
f 6546 3212 7565
f 4184 6546 7565
f 5352 3953 4018
f 6545 3211 7564
f 4183 6545 7564
f 7864 2834 2833
f 6544 3210 7563
f 6633 4806 4914
f 4182 6544 7563
f 7864 6521 6523
f 6543 3209 7562
f 6632 4807 4915
f 4181 6543 7562
f 2709 3276 5837
f 6542 3208 7561
f 4180 6542 7561
f 2834 7864 6523
f 6541 3207 7560
f 4179 6541 7560
f 7863 2791 2790
f 6540 3206 7559
f 4178 6540 7559
f 7863 6481 6522
f 6539 3205 7558
f 4177 6539 7558
f 3161 3793 480
f 6538 3204 7557
f 4176 6538 7557
f 2791 7863 6522
f 6537 3203 7556
f 4175 6537 7556
f 7295 7862 4151
f 6536 3202 7555
f 4174 6536 7555
f 7862 5353 4151
f 6535 3201 7554
f 4173 6535 7554
f 7294 7861 4150
f 6534 3200 7553
f 4172 6534 7553
f 7861 5352 4150
f 6533 3199 7552
f 4171 6533 7552
f 6437 7860 4145
f 6532 3198 7551
f 4170 6532 7551
f 7860 5549 4145
f 6531 3197 7550
f 4169 6531 7550
f 6436 7859 4144
f 6530 3196 7549
f 4168 6530 7549
f 6821 7549 3196
f 7859 5548 4144
f 4289 7858 4287
f 5306 7858 5257
f 7858 5306 4287
f 5097 4138 2622
f 4524 2832 2833
f 2832 4524 4523
f 5094 4135 2621
f 4524 4907 4523
f 4483 2789 2790
f 2789 4483 4482
f 4483 4875 4482
f 5351 6341 5269
f 6341 7456 6627
f 6627 5269 6341
f 5350 6340 5268
f 6340 7455 6626
f 6626 5268 6340
f 2930 5725 3738
f 5725 2930 3739
f 2853 5652 3696
f 5652 2853 3697
f 4033 4147 4913
f 4147 4801 4913
f 4147 3023 4801
f 4032 4146 4912
f 4146 4800 4912
f 4146 3022 4800
f 2925 5726 3732
f 5726 2925 3733
f 2858 5655 3774
f 5655 2858 3775
f 5069 4110 2620
f 3019 5728 3017
f 5067 4108 2619
f 5728 3735 5733
f 5065 4106 2618
f 5733 3017 5728
f 5063 4104 2617
f 2940 5651 2937
f 5061 4102 2616
f 5651 3777 5732
f 5059 4100 2615
f 5057 4097 2608
f 5732 2937 5651
f 5376 3042 5374
f 5054 4094 2607
f 3968 5376 5374
f 5847 5010 3300
f 5847 5132 5010
f 5010 5132 3690
f 5846 5009 3299
f 5846 5131 5009
f 5009 5131 3689
f 5390 3451 5394
f 3455 5394 3451
f 3451 4286 3455
f 5743 7716 4051
f 7716 3021 4051
f 5372 3038 5370
f 3965 5372 5370
f 5742 7715 4050
f 7715 2938 4050
f 4153 4805 6125
f 3784 4805 4153
f 4049 4805 3784
f 4152 4804 6124
f 3783 4804 4152
f 4048 4804 3783
f 6523 5098 3692
f 5098 2623 3692
f 5029 4069 2606
f 6522 5058 3691
f 5027 4067 2605
f 5058 2609 3691
f 5025 4065 2604
f 7883 5138 3810
f 5023 4063 2603
f 7883 3810 448
f 5021 4061 2602
f 3810 449 448
f 7628 6835 5246
f 5019 4059 2601
f 7858 4289 5257
f 5098 4139 2623
f 7628 5246 5565
f 5058 4098 2609
f 4288 7857 4290
f 5248 6143 6335
f 6143 2580 6335
f 5309 7857 5256
f 5247 6142 6334
f 6142 2575 6334
f 7857 5309 4290
f 5018 4099 2614
f 5140 2614 4099
f 5017 4058 2600
f 5139 2600 4058
f 7857 4288 5256
f 480 3793 481
f 4207 6568 7546
f 3190 434 433
f 4282 7856 4284
f 3162 3794 433
f 5303 7856 5254
f 3189 479 480
f 4166 6528 7545
f 7856 5303 4284
f 7856 4282 5254
f 433 3794 432
f 4274 7855 4276
f 5295 7855 5252
f 3490 6820 3195
f 7855 5295 4276
f 3810 3168 449
f 7882 5137 3809
f 4055 6123 6019
f 3495 6822 3237
f 4054 6122 6018
f 5655 4722 4724
f 7855 4274 5252
f 4310 7854 4312
f 5331 7854 5258
f 7854 5331 4312
f 7854 4310 5258
f 4283 7853 4281
f 5300 7853 5255
f 7853 5300 4281
f 7853 4283 5255
f 4275 7852 4273
f 5292 7852 5253
f 7852 5292 4273
f 7017 4623 6725
f 590 7017 6725
f 7016 4622 6724
f 323 7016 6724
f 5347 4156 6921
f 7852 4275 5253
f 5270 4155 6920
f 4311 7851 4309
f 7013 4617 6723
f 589 7013 6723
f 7012 4616 6722
f 324 7012 6722
f 4722 2944 4724
f 5652 4721 4719
f 4721 2941 4719
f 5726 4793 4791
f 5328 7851 5259
f 7851 5328 4309
f 3688 4813 5549
f 7882 3809 465
f 3687 4812 5548
f 3809 464 465
f 3192 2734 3824
f 3184 3806 7453
f 7851 4311 5259
f 3824 3280 2585
f 3191 2732 3823
f 7453 3806 3180
f 4325 7850 4323
f 3823 3278 2584
f 6819 4029 4017
f 5342 7850 5261
f 7850 5342 4323
f 7850 4325 5261
f 7849 4254 5271
f 6818 4028 4016
f 7849 5273 4256
f 5273 7849 5271
f 4254 7849 4256
f 7848 5238 7113
f 6727 7015 7017
f 4621 7017 7015
f 6726 7014 7016
f 4620 7016 7014
f 7848 7029 5236
f 7029 7848 7113
f 5238 7848 5236
f 7847 5237 7112
f 7847 7028 5235
f 7028 7847 7112
f 5237 7847 5235
f 7846 4281 5300
f 5347 6921 4328
f 4328 5262 5347
f 7846 5298 4279
f 5298 7846 5300
f 5270 6920 4253
f 3809 3167 464
f 4281 7846 4279
f 7845 4259 5278
f 5346 4325 4327
f 4325 3477 4327
f 5343 4328 4326
f 4328 3476 4326
f 7845 5276 4257
f 5276 7845 5278
f 4259 7845 4257
f 7844 4292 5307
f 5345 4326 4324
f 4324 5260 5345
f 4793 3015 4791
f 7844 5311 4294
f 5311 7844 5307
f 4321 3474 4323
f 5341 4324 4322
f 4324 3475 4322
f 4292 7844 4294
f 4319 3472 4321
f 7843 4314 5329
f 4322 3473 4320
f 7843 5333 4316
f 5725 4794 4796
f 5333 7843 5329
f 4320 3471 4318
f 4314 7843 4316
f 4794 3014 4796
f 7842 4278 5293
f 4318 3470 4316
f 7842 5297 4280
f 4313 3467 4315
f 5297 7842 5293
f 4316 3469 4314
f 5332 4311 4313
f 4311 3468 4313
f 4278 7842 4280
f 4314 3466 4312
f 7841 3177 5110
f 7841 3843 438
f 3186 3805 7454
f 3177 7841 438
f 7840 3175 5109
f 7840 3841 475
f 3814 3835 4443
f 7454 3805 3179
f 3175 7840 475
f 4307 3464 4309
f 5327 4310 4308
f 4310 3465 4308
f 4138 7839 6326
f 4305 3462 4307
f 6110 7839 6325
f 4308 3463 4306
f 7839 6110 6326
f 3814 4443 6331
f 7839 4138 6325
f 5144 3814 6331
f 4097 7838 6286
f 3813 3836 4442
f 6071 7838 6285
f 3813 4442 6330
f 7838 6071 6286
f 5143 3813 6330
f 7838 4097 6285
f 3279 3818 2717
f 7837 4317 5336
f 5368 3034 5366
f 7837 5334 4315
f 2588 3279 2717
f 5334 7837 5336
f 3277 3817 2716
f 4317 7837 4315
f 4298 3461 4296
f 7836 4295 5314
f 3962 5368 5366
f 7836 5312 4293
f 4296 3460 4294
f 5312 7836 5314
f 4291 3457 4293
f 4295 7836 4293
f 4294 3459 4292
f 5310 4289 4291
f 4289 3458 4291
f 7835 4323 5342
f 4292 3456 4290
f 7835 5340 4321
f 5340 7835 5342
f 4323 7835 4321
f 7834 4273 5292
f 7834 5290 4271
f 5290 7834 5292
f 2586 3277 2716
f 4273 7834 4271
f 7833 4309 5328
f 4285 3452 4287
f 5305 4288 4286
f 4288 3455 4286
f 5304 4283 4285
f 4283 3454 4285
f 7833 5326 4307
f 4286 3451 4284
f 5326 7833 5328
f 4309 7833 4307
f 7832 4256 5273
f 7832 5275 4258
f 5275 7832 5273
f 4256 7832 4258
f 4284 3453 4282
f 7831 4261 5280
f 7831 5278 4259
f 4279 3449 4281
f 5299 4282 4280
f 4282 3450 4280
f 5278 7831 5280
f 4277 3446 4279
f 4261 7831 4259
f 4280 3448 4278
f 5296 4275 4277
f 4275 3447 4277
f 7830 4294 5311
f 4278 3445 4276
f 7830 5313 4296
f 5313 7830 5311
f 4294 7830 4296
f 7829 4316 5333
f 7829 5335 4318
f 5335 7829 5333
f 3826 3834 472
f 4316 7829 4318
f 7828 4319 5338
f 4271 3443 4273
f 5291 4274 4272
f 4274 3444 4272
f 7828 5336 4317
f 4269 3441 4271
f 5336 7828 5338
f 4272 3442 4270
f 4319 7828 4317
f 471 3826 472
f 7827 4297 5316
f 4270 3440 4268
f 7827 5314 4295
f 3825 3833 441
f 5314 7827 5316
f 4268 3439 4266
f 4297 7827 4295
f 442 3825 441
f 7826 4318 5335
f 4266 3438 4264
f 7826 5337 4320
f 434 3162 433
f 5337 7826 5335
f 4264 3437 4262
f 4318 7826 4320
f 479 3161 480
f 7825 4263 5282
f 4262 3436 4260
f 7825 5280 4261
f 5280 7825 5282
f 4263 7825 4261
f 3835 3833 6235
f 7824 4296 5313
f 4443 3835 6235
f 7824 5315 4298
f 4443 4163 5126
f 4255 3435 4257
f 4442 4162 5125
f 5315 7824 5313
f 3836 3834 6234
f 5272 4253 4255
f 4253 3434 4255
f 4296 7824 4298
f 4442 3836 6234
f 8015 3367 3369
f 4329 5263 5344
f 7823 4304 5321
f 7823 5323 4306
f 5271 4254 4252
f 4252 5251 5271
f 5323 7823 5321
f 4304 7823 4306
f 6917 6112 4426
f 4422 6917 4426
f 7004 4612 6716
f 508 7004 6716
f 7003 4611 6715
f 510 7003 6715
f 7002 4610 6714
f 512 7002 6714
f 7001 4609 6713
f 514 7001 6713
f 7000 4608 6712
f 517 7000 6712
f 6999 4607 6711
f 519 6999 6711
f 6998 4606 6710
f 521 6998 6710
f 6997 4605 6709
f 522 6997 6709
f 6996 4604 6708
f 525 6996 6708
f 6995 4603 6707
f 527 6995 6707
f 6994 4602 6706
f 528 6994 6706
f 6993 4601 6705
f 531 6993 6705
f 6992 4600 6704
f 533 6992 6704
f 6991 4599 6703
f 534 6991 6703
f 6990 4598 6702
f 537 6990 6702
f 6989 4597 6701
f 539 6989 6701
f 6988 4596 6700
f 541 6988 6700
f 6987 4595 6699
f 542 6987 6699
f 6986 4594 6698
f 544 6986 6698
f 6985 4593 6697
f 547 6985 6697
f 6984 4592 6696
f 549 6984 6696
f 6983 4591 6695
f 551 6983 6695
f 6982 4590 6694
f 553 6982 6694
f 6981 4589 6693
f 554 6981 6693
f 6980 4588 6692
f 556 6980 6692
f 6979 4587 6691
f 558 6979 6691
f 6978 4586 6690
f 561 6978 6690
f 6977 4585 6689
f 562 6977 6689
f 6976 4584 6688
f 565 6976 6688
f 6975 4583 6687
f 566 6975 6687
f 6974 4582 6686
f 569 6974 6686
f 6973 4581 6685
f 570 6973 6685
f 6972 4580 6684
f 572 6972 6684
f 6971 4579 6683
f 574 6971 6683
f 6970 4578 6682
f 576 6970 6682
f 6969 4577 6681
f 578 6969 6681
f 6968 4576 6680
f 580 6968 6680
f 6966 4572 6677
f 405 6966 6677
f 6965 4571 6676
f 402 6965 6676
f 6964 4570 6675
f 401 6964 6675
f 6963 4569 6674
f 398 6963 6674
f 6962 4568 6673
f 397 6962 6673
f 6961 4567 6672
f 395 6961 6672
f 6960 4566 6671
f 392 6960 6671
f 6959 4565 6670
f 390 6959 6670
f 6958 4564 6669
f 389 6958 6669
f 6957 4563 6668
f 386 6957 6668
f 6956 4562 6667
f 384 6956 6667
f 6955 4561 6666
f 382 6955 6666
f 6954 4560 6665
f 381 6954 6665
f 6953 4559 6664
f 379 6953 6664
f 6952 4558 6663
f 376 6952 6663
f 6951 4557 6662
f 375 6951 6662
f 6950 4556 6661
f 373 6950 6661
f 6949 4555 6660
f 371 6949 6660
f 6948 4554 6659
f 368 6948 6659
f 6947 4553 6658
f 367 6947 6658
f 6946 4552 6657
f 365 6946 6657
f 6945 4551 6656
f 363 6945 6656
f 6944 4550 6655
f 361 6944 6655
f 6943 4549 6654
f 359 6943 6654
f 6942 4548 6653
f 356 6942 6653
f 6941 4547 6652
f 354 6941 6652
f 6940 4546 6651
f 352 6940 6651
f 6939 4545 6650
f 350 6939 6650
f 6938 4544 6649
f 348 6938 6649
f 6937 4543 6648
f 346 6937 6648
f 6936 4542 6647
f 344 6936 6647
f 6935 4541 6646
f 343 6935 6646
f 6934 4540 6645
f 340 6934 6645
f 6933 4539 6644
f 339 6933 6644
f 6932 4538 6643
f 337 6932 6643
f 6931 4537 6642
f 335 6931 6642
f 6930 4536 6641
f 333 6930 6641
f 7005 4613 6717
f 507 7005 6717
f 6967 4573 6678
f 407 6967 6678
f 7007 4575 6679
f 582 7007 6679
f 7006 4535 6640
f 331 7006 6640
f 7009 4574 6719
f 584 7009 6719
f 7008 4534 6718
f 329 7008 6718
f 6929 4533 6639
f 505 6929 6639
f 6928 4532 6638
f 409 6928 6638
f 7011 4615 6721
f 586 7011 6721
f 7010 4614 6720
f 326 7010 6720
f 6916 6113 4427
f 503 6927 6637
f 4423 6916 4427
f 411 6926 6636
f 3018 4797 3020
f 7822 4268 5285
f 2936 4718 2939
f 7822 5287 4270
f 2926 2928 6007
f 2928 6011 6007
f 3740 2928 2926
f 6230 4525 6231
f 3020 4796 3014
f 3020 5729 4796
f 2939 4719 2941
f 2939 5650 4719
f 3016 4792 3012
f 3016 5727 4792
f 3015 4793 3013
f 5287 7822 5285
f 3014 4794 3016
f 4268 7822 4270
f 3012 4790 3010
f 3012 5723 4790
f 3011 4791 3015
f 3011 5722 4791
f 3010 4788 3008
f 3010 5721 4788
f 3009 4789 3011
f 3009 5720 4789
f 3008 4786 3006
f 3008 5719 4786
f 3007 4787 3009
f 3007 5718 4787
f 3006 4784 3004
f 3006 5717 4784
f 3005 4785 3007
f 3005 5716 4785
f 3004 4782 3000
f 3004 5715 4782
f 3003 4783 3005
f 3003 5714 4783
f 3002 4778 2998
f 3002 5713 4778
f 3001 4779 2999
f 3001 5712 4779
f 7821 4321 5340
f 7821 5338 4319
f 3000 4780 3002
f 3000 5711 4780
f 2999 4781 3003
f 2999 5710 4781
f 2998 4776 2996
f 2998 5709 4776
f 2997 4777 3001
f 2997 5708 4777
f 2996 4774 2994
f 2996 5707 4774
f 2995 4775 2997
f 2995 5706 4775
f 2994 4772 2992
f 2994 5705 4772
f 2993 4773 2995
f 2993 5704 4773
f 2992 4770 2990
f 2992 5703 4770
f 2991 4771 2993
f 2991 5702 4771
f 2990 4768 2988
f 2990 5701 4768
f 2989 4769 2991
f 2989 5700 4769
f 2988 4766 2986
f 2988 5699 4766
f 2987 4767 2989
f 2987 5698 4767
f 2986 4764 2984
f 2986 5697 4764
f 2985 4765 2987
f 2985 5696 4765
f 2984 4762 2982
f 2984 5695 4762
f 2983 4763 2985
f 2983 5694 4763
f 2982 4760 2978
f 2982 5693 4760
f 2981 4761 2983
f 2981 5692 4761
f 2980 4756 2976
f 2980 5691 4756
f 2979 4757 2977
f 2979 5690 4757
f 2978 4758 2980
f 2978 5689 4758
f 2977 4759 2981
f 2977 5688 4759
f 2976 4754 2972
f 2976 5687 4754
f 2975 4755 2979
f 2975 5686 4755
f 2974 4750 2970
f 2974 5685 4750
f 2973 4751 2971
f 2973 5684 4751
f 2972 4752 2974
f 2972 5683 4752
f 2971 4753 2975
f 2971 5682 4753
f 2970 4748 2968
f 2970 5681 4748
f 2969 4749 2973
f 2969 5680 4749
f 2968 4746 2964
f 2968 5679 4746
f 2967 4747 2969
f 2967 5678 4747
f 2966 4742 2962
f 2966 5677 4742
f 2965 4743 2963
f 2965 5676 4743
f 2964 4744 2966
f 2964 5675 4744
f 2963 4745 2967
f 2963 5674 4745
f 2962 4740 2960
f 2962 5673 4740
f 2961 4741 2965
f 2961 5672 4741
f 2960 4738 2958
f 2960 5671 4738
f 2959 4739 2961
f 2959 5670 4739
f 2958 4736 2956
f 2958 5669 4736
f 2957 4737 2959
f 2957 5668 4737
f 2956 4734 2954
f 2956 5667 4734
f 2955 4735 2957
f 2955 5666 4735
f 2954 4732 2952
f 2954 5665 4732
f 2953 4733 2955
f 2953 5664 4733
f 2952 4730 2950
f 2952 5663 4730
f 2951 4731 2953
f 2951 5662 4731
f 2950 4728 2948
f 2950 5661 4728
f 2949 4729 2951
f 2949 5660 4729
f 2948 4726 2946
f 2948 5659 4726
f 2947 4727 2949
f 2947 5658 4727
f 2946 4724 2944
f 2946 5657 4724
f 2945 4725 2947
f 2945 5656 4725
f 2944 4722 2942
f 5338 7821 5340
f 2943 4723 2945
f 2943 5654 4723
f 2941 4721 2943
f 4321 7821 4319
f 3013 4795 3019
f 3013 5724 4795
f 2942 4720 2940
f 2942 5653 4720
f 6613 7462 4927
f 6613 3235 7462
f 6612 7461 4926
f 6612 3193 7461
f 7820 4299 5318
f 5126 4163 3292
f 7820 5316 4297
f 5125 4162 3291
f 5316 7820 5318
f 4299 7820 4297
f 7819 4258 5275
f 7819 5277 4260
f 5277 7819 5275
f 4258 7819 4260
f 7818 4265 5284
f 7818 5282 4263
f 5463 3682 6149
f 5462 3681 6148
f 7435 3191 2714
f 7435 2714 3189
f 4147 4713 3023
f 4146 4712 3022
f 5282 7818 5284
f 4265 7818 4263
f 7817 4298 5315
f 7817 5317 4300
f 5317 7817 5315
f 4298 7817 4300
f 7816 4301 5320
f 7816 5318 4299
f 2719 7883 447
f 6230 4524 4525
f 7883 448 447
f 2718 7882 466
f 6190 4484 6191
f 6190 4483 4484
f 7029 3940 3634
f 7028 3939 3593
f 7109 3938 3674
f 7108 3898 3633
f 7031 3899 3635
f 7030 3859 3594
f 7107 3937 3673
f 7106 3936 3672
f 7105 3935 3671
f 7104 3934 3670
f 7103 3933 3669
f 7102 3932 3668
f 7101 3931 3667
f 7100 3930 3666
f 7099 3929 3665
f 7098 3928 3664
f 7097 3927 3663
f 7096 3926 3662
f 7095 3925 3661
f 7094 3924 3660
f 7093 3923 3659
f 7092 3922 3658
f 7091 3921 3657
f 7090 3920 3656
f 7089 3919 3655
f 7088 3918 3654
f 7087 3917 3653
f 7086 3916 3652
f 7085 3915 3651
f 7084 3914 3650
f 7083 3913 3649
f 7082 3912 3648
f 7081 3911 3647
f 7080 3910 3646
f 7079 3909 3645
f 7078 3908 3644
f 7077 3907 3643
f 7076 3906 3642
f 7075 3905 3641
f 7074 3904 3640
f 7073 3903 3639
f 7072 3902 3638
f 7071 3901 3637
f 7070 3900 3636
f 7069 3897 3632
f 7068 3896 3631
f 5318 7816 5320
f 7067 3895 3630
f 7066 3894 3629
f 4301 7816 4299
f 7815 4267 5286
f 7065 3893 3628
f 7064 3892 3627
f 7815 5284 4265
f 7063 3891 3626
f 7062 3890 3625
f 7061 3889 3624
f 7060 3888 3623
f 7059 3887 3622
f 7058 3886 3621
f 7057 3885 3620
f 7056 3884 3619
f 7055 3883 3618
f 7054 3882 3617
f 7053 3881 3616
f 7052 3880 3615
f 7051 3879 3614
f 7050 3878 3613
f 7049 3877 3612
f 7048 3876 3611
f 7047 3875 3610
f 7046 3874 3609
f 7045 3873 3608
f 7044 3872 3607
f 7043 3871 3606
f 7042 3870 3605
f 7041 3869 3604
f 7040 3868 3603
f 7039 3867 3602
f 7038 3866 3601
f 7037 3865 3600
f 7036 3864 3599
f 7035 3863 3598
f 7034 3862 3597
f 7033 3861 3596
f 7032 3860 3595
f 5465 3684 6151
f 5464 3683 6150
f 5467 3686 6192
f 5466 3685 6152
f 5284 7815 5286
f 4267 7815 4265
f 7814 4300 5317
f 7814 5319 4302
f 5319 7814 5317
f 4300 7814 4302
f 7813 4303 5322
f 7813 5320 4301
f 5320 7813 5322
f 4303 7813 4301
f 7812 4269 5288
f 7812 5286 4267
f 5286 7812 5288
f 4269 7812 4267
f 7811 4302 5319
f 7811 5321 4304
f 5321 7811 5319
f 4302 7811 4304
f 7810 4305 5324
f 7810 5322 4303
f 5322 7810 5324
f 4305 7810 4303
f 7809 4271 5290
f 7809 5288 4269
f 5288 7809 5290
f 4271 7809 4269
f 7808 4307 5326
f 7808 5324 4305
f 5324 7808 5326
f 4307 7808 4305
f 7807 4266 5283
f 7807 5285 4268
f 5285 7807 5283
f 4266 7807 4268
f 7806 4264 5281
f 7806 5283 4266
f 5283 7806 5281
f 4264 7806 4266
f 7805 4262 5279
f 7805 5281 4264
f 5281 7805 5279
f 4262 7805 4264
f 7804 4260 5277
f 7804 5279 4262
f 5279 7804 5277
f 4260 7804 4262
f 7803 4320 5337
f 7803 5339 4322
f 5339 7803 5337
f 4320 7803 4322
f 6239 2847 4799
f 7444 4799 2847
f 7802 4306 5323
f 5741 7444 2847
f 7802 5325 4308
f 6238 2846 4798
f 7443 4798 2846
f 5325 7802 5323
f 5740 7443 2846
f 4306 7802 4308
f 7801 4270 5287
f 4425 5843 4333
f 7801 5289 4272
f 4424 5842 4332
f 5289 7801 5287
f 4270 7801 4272
f 7800 5156 7109
f 7800 7111 5154
f 7111 7800 7109
f 5156 7800 5154
f 7436 3192 2715
f 7799 5155 7108
f 7799 7110 5153
f 7436 2715 3190
f 7110 7799 7108
f 5155 7799 5153
f 2930 2932 6009
f 7882 465 466
f 4035 5349 2730
f 4035 2730 5128
f 4034 5348 2728
f 4034 2728 5127
f 7983 6915 7205
f 7983 7281 6914
f 7798 5467 6396
f 7798 6355 5465
f 6355 7798 6396
f 5467 7798 5465
f 7797 5466 6356
f 7797 6354 5464
f 6354 7797 6356
f 5466 7797 5464
f 7281 7983 7205
f 6915 7983 6914
f 4831 5563 5833
f 5563 4831 5244
f 4830 5562 5832
f 5562 4830 5243
f 4825 2583 5357
f 7982 6876 7204
f 2583 3808 5357
f 4824 2582 5356
f 7982 7243 6875
f 7243 7982 7204
f 2582 3807 5356
f 6876 7982 6875
f 6137 7452 6239
f 6239 4715 6137
f 3277 3290 3817
f 7452 2847 6239
f 6136 7451 6238
f 3817 3290 2735
f 3489 7981 3490
f 7450 3185 2583
f 3287 3278 3823
f 6820 7981 3194
f 7981 6820 3490
f 7796 5196 7031
f 7449 3183 2582
f 3287 3823 2732
f 7981 3489 3194
f 7796 7070 5197
f 6238 4714 6136
f 7451 2846 6238
f 7070 7796 7031
f 5196 7796 5197
f 2843 5449 4149
f 2843 4815 5449
f 2842 5448 4148
f 2842 4814 5448
f 7795 5157 7030
f 7795 7032 5158
f 7032 7795 7030
f 6613 4165 5839
f 5157 7795 5158
f 3235 6613 5839
f 7794 5233 7106
f 6612 4164 5838
f 3193 6612 5838
f 7794 7107 5234
f 4337 6613 4927
f 4336 6612 4926
f 7107 7794 7106
f 5233 7794 5234
f 7793 5194 7068
f 7793 7069 5195
f 7069 7793 7068
f 3494 7980 3495
f 6822 7980 3236
f 5194 7793 5195
f 7980 6822 3495
f 7980 3494 3236
f 7792 5197 7070
f 7792 7071 5198
f 2719 447 446
f 7979 3031 5363
f 2571 6143 5443
f 2531 6142 5442
f 7979 5361 3029
f 2718 466 467
f 5361 7979 5363
f 3031 7979 3029
f 7071 7792 7070
f 5197 7792 5198
f 7791 5158 7032
f 7791 7033 5159
f 7978 3034 3036
f 501 6925 6635
f 7978 3320 3318
f 412 6924 6634
f 7033 7791 7032
f 5158 7791 5159
f 7790 5198 7071
f 7790 7072 5199
f 5259 7173 7316
f 7316 5328 5259
f 5258 7172 7317
f 7317 5331 5258
f 5257 7151 7312
f 7312 5306 5257
f 5256 7150 7313
f 7313 5309 5256
f 5255 7145 7308
f 7308 5300 5255
f 5118 4025 6819
f 5254 7144 7309
f 7072 7790 7071
f 7309 5303 5254
f 5117 4024 6818
f 5253 7137 7304
f 5198 7790 5199
f 7304 5292 5253
f 5252 7136 7305
f 7305 5295 5252
f 4531 6629 4711
f 4141 4531 4711
f 4530 6628 4710
f 4140 4530 4710
f 5016 4057 2613
f 5015 4056 2599
f 4328 4012 3476
f 4253 3956 3434
f 7789 5159 7033
f 7789 7034 5160
f 3320 7978 3036
f 4325 4009 3477
f 4324 4008 3475
f 7034 7789 7033
f 3034 7978 3318
f 7977 2801 7955
f 4320 4006 3471
f 4319 4005 3472
f 7291 4157 3478
f 4015 7291 3478
f 7290 4154 3433
f 3953 7290 3433
f 5451 4151 3306
f 7977 6489 7953
f 5450 4150 3305
f 6489 7977 7955
f 4251 5248 6337
f 4250 5247 6336
f 4316 4003 3469
f 2801 7977 7953
f 7976 2758 7954
f 7976 6449 7952
f 6449 7976 7954
f 4311 4000 3468
f 4310 3999 3465
f 5159 7789 5160
f 2758 7976 7952
f 7975 2803 7951
f 7975 6491 7949
f 2932 6013 6009
f 4305 3996 3462
f 6491 7975 7951
f 3738 2932 2930
f 2803 7975 7949
f 7974 2760 7950
f 4720 3776 5651
f 7974 6451 7948
f 6451 7974 7950
f 4722 3775 5653
f 2760 7974 7948
f 3802 3828 440
f 4724 3774 5655
f 2725 3802 440
f 4298 3989 3461
f 4726 3773 5657
f 7973 2805 7947
f 7973 6493 7945
f 4728 3772 5659
f 6493 7973 7947
f 4294 3986 3459
f 4730 3771 5661
f 2805 7973 7945
f 7972 2762 7946
f 4732 3770 5663
f 7972 6453 7944
f 6453 7972 7946
f 4734 3769 5665
f 4289 3983 3458
f 4288 3982 3455
f 4736 3768 5667
f 7788 5199 7072
f 3801 3827 473
f 4738 3767 5669
f 4285 3980 3452
f 4284 3979 3453
f 4740 3766 5671
f 4283 3978 3454
f 2762 7972 7944
f 4742 3765 5673
f 7788 7073 5200
f 4280 3976 3448
f 4744 3764 5677
f 4279 3975 3449
f 2830 7971 7941
f 4746 3763 5675
f 4277 3974 3446
f 6518 7971 7940
f 4748 3762 5679
f 4275 3972 3447
f 4274 3971 3444
f 4750 3761 5681
f 7073 7788 7072
f 7971 6518 7941
f 4752 3760 5685
f 7971 2830 7940
f 2787 7970 7917
f 4754 3759 5683
f 4269 3969 3441
f 4268 3968 3439
f 4756 3758 5687
f 6478 7970 7916
f 7970 6478 7917
f 4758 3757 5691
f 7970 2787 7916
f 4264 3965 3437
f 4760 3756 5689
f 7969 2799 7959
f 7969 6487 7957
f 4762 3755 5693
f 6487 7969 7959
f 2799 7969 7957
f 4764 3754 5695
f 7968 2756 7958
f 7968 6447 7956
f 4766 3753 5697
f 6447 7968 7958
f 2756 7968 7956
f 4768 3752 5699
f 2797 7967 7891
f 3428 3390 3156
f 4770 3751 5701
f 3390 6013 3156
f 5199 7788 5200
f 4772 3750 5703
f 3395 3310 3106
f 3310 5934 3106
f 4774 3749 5705
f 7787 5160 7034
f 2724 3801 473
f 4776 3748 5707
f 3822 2721 443
f 3822 443 442
f 4778 3747 5709
f 2860 5943 5941
f 3821 2720 470
f 4780 3746 5713
f 3821 470 471
f 7787 7035 5161
f 4782 3745 5711
f 7035 7787 7034
f 5160 7787 5161
f 4784 3744 5715
f 7786 5200 7073
f 5441 7025 7301
f 4786 3743 5717
f 7025 2572 7301
f 5440 7024 7300
f 4788 3742 5719
f 7024 2532 7300
f 3427 3389 3154
f 4790 3741 5721
f 3389 6012 3154
f 7786 7074 5201
f 4792 3740 5723
f 3397 3311 3109
f 3311 5935 3109
f 4794 3739 5727
f 7074 7786 7073
f 2862 5943 2860
f 4796 3738 5725
f 3773 2862 2860
f 3426 3387 3153
f 4795 3734 5728
f 3387 6011 3153
f 5200 7786 5201
f 4793 3733 5724
f 3425 3386 3152
f 2923 6004 6006
f 4791 3732 5726
f 2921 6004 2923
f 3386 6010 3152
f 4789 3731 5722
f 7785 5161 7035
f 7785 7036 5162
f 4787 3730 5720
f 6485 7967 7887
f 7036 7785 7035
f 4785 3729 5718
f 5161 7785 5162
f 7967 6485 7891
f 4783 3728 5716
f 7784 5232 7105
f 7784 7106 5233
f 4781 3727 5714
f 3381 6005 3151
f 7106 7784 7105
f 4779 3726 5710
f 3423 3380 3149
f 3380 6004 3149
f 4777 3725 5712
f 5232 7784 5233
f 3424 3379 3150
f 4775 3724 5708
f 3379 6003 3150
f 7783 5231 7104
f 4773 3723 5706
f 7783 7105 5232
f 7967 2797 7887
f 4771 3722 5704
f 7105 7783 7104
f 5231 7783 5232
f 4769 3721 5702
f 2754 7966 7890
f 7782 5230 7103
f 4767 3720 5700
f 3421 3376 3147
f 3376 6000 3147
f 4765 3719 5698
f 7782 7104 5231
f 3422 3375 3148
f 4763 3718 5696
f 3375 5999 3148
f 7104 7782 7103
f 4761 3717 5694
f 5230 7782 5231
f 3374 5998 3146
f 4759 3716 5692
f 7781 5229 7102
f 3420 3373 3145
f 4757 3715 5688
f 3373 5997 3145
f 7781 7103 5230
f 4755 3714 5690
f 3419 3372 3144
f 3372 5996 3144
f 4753 3713 5686
f 7103 7781 7102
f 5229 7781 5230
f 4751 3712 5682
f 6445 7966 7886
f 7780 5228 7101
f 4749 3711 5684
f 7780 7102 5229
f 7966 6445 7890
f 4747 3710 5680
f 7102 7780 7101
f 5228 7780 5229
f 4745 3709 5678
f 7966 2754 7886
f 7779 5227 7100
f 4743 3708 5674
f 7779 7101 5228
f 7965 3038 3040
f 4741 3707 5676
f 7101 7779 7100
f 5227 7779 5228
f 4739 3706 5672
f 3367 5991 3143
f 7778 5226 7099
f 4737 3705 5670
f 3417 3366 3141
f 3366 5990 3141
f 7778 7100 5227
f 3418 3365 3142
f 7965 3324 3322
f 4735 3704 5668
f 3365 5989 3142
f 3324 7965 3040
f 7100 7778 7099
f 4733 3703 5666
f 5226 7778 5227
f 3038 7965 3322
f 4731 3702 5664
f 7777 5225 7098
f 7777 7099 5226
f 4729 3701 5662
f 7964 3042 3044
f 7099 7777 7098
f 4727 3700 5660
f 3415 3362 3139
f 3362 5986 3139
f 4725 3699 5658
f 5225 7777 5226
f 3416 3361 3140
f 4723 3698 5656
f 3361 5985 3140
f 7776 5224 7097
f 4721 3697 5654
f 7776 7098 5225
f 3731 2921 2923
f 4719 3696 5652
f 2855 5936 5938
f 7964 3328 3326
f 4797 3737 5729
f 7098 7776 7097
f 5224 7776 5225
f 4718 3695 5650
f 3328 7964 3044
f 2853 5936 2855
f 3697 2853 2855
f 3739 2930 5001
f 2930 6009 5001
f 3735 2929 5003
f 2929 6012 5003
f 4525 2833 2834
f 2833 4525 4524
f 3734 2927 5002
f 2927 6008 5002
f 3741 2926 4998
f 2926 6007 4998
f 3733 2925 5000
f 2925 6010 5000
f 3742 2924 4997
f 2924 6005 4997
f 3732 2923 4999
f 2923 6006 4999
f 3743 2922 4995
f 2922 6003 4995
f 4484 2790 2791
f 2790 4484 4483
f 3744 2920 4993
f 2920 6001 4993
f 3730 2919 4996
f 2919 6002 4996
f 3745 2918 4991
f 2918 5999 4991
f 3729 2917 4994
f 2917 6000 4994
f 3746 2916 4989
f 2916 5995 4989
f 3728 2915 4992
f 2915 5998 4992
f 3747 2914 4987
f 2914 5997 4987
f 3727 2913 4990
f 2913 5994 4990
f 3748 2912 4985
f 2912 5993 4985
f 3726 2911 4988
f 2911 5996 4988
f 3749 2910 4983
f 2910 5991 4983
f 3725 2909 4986
f 2909 5992 4986
f 3750 2908 4981
f 2908 5989 4981
f 3724 2907 4984
f 2907 5990 4984
f 3751 2906 4979
f 2906 5987 4979
f 3723 2905 4982
f 2905 5988 4982
f 3752 2904 4977
f 2904 5985 4977
f 3722 2903 4980
f 2903 5986 4980
f 3753 2902 4975
f 2902 5983 4975
f 3721 2901 4978
f 2901 5984 4978
f 3754 2900 4973
f 2900 5981 4973
f 3720 2899 4976
f 2899 5982 4976
f 3755 2898 4971
f 2898 5979 4971
f 3719 2897 4974
f 2897 5980 4974
f 3756 2896 4969
f 2896 5977 4969
f 3718 2895 4972
f 2895 5978 4972
f 3757 2894 4967
f 2894 5973 4967
f 3717 2893 4970
f 2893 5976 4970
f 3758 2892 4965
f 2892 5975 4965
f 3716 2891 4968
f 2891 5972 4968
f 3759 2890 4963
f 2890 5971 4963
f 3715 2889 4966
f 2889 5974 4966
f 3760 2888 4961
f 2888 5967 4961
f 3714 2887 4964
f 2887 5970 4964
f 3761 2886 4959
f 2886 5969 4959
f 3713 2885 4962
f 2885 5966 4962
f 3762 2884 4957
f 2884 5965 4957
f 3712 2883 4960
f 2883 5968 4960
f 3763 2882 4955
f 2882 5963 4955
f 3711 2881 4958
f 2881 5964 4958
f 3764 2880 4953
f 2880 5959 4953
f 3710 2879 4956
f 2879 5962 4956
f 3765 2878 4951
f 2878 5961 4951
f 3709 2877 4954
f 2877 5958 4954
f 3766 2876 4949
f 2876 5957 4949
f 3708 2875 4952
f 2875 5960 4952
f 3767 2874 4947
f 2874 5955 4947
f 3707 2873 4950
f 2873 5956 4950
f 3768 2872 4945
f 2872 5953 4945
f 3706 2871 4948
f 2871 5954 4948
f 3769 2870 4943
f 2870 5951 4943
f 3705 2869 4946
f 2869 5952 4946
f 3770 2868 4941
f 2868 5949 4941
f 3704 2867 4944
f 2867 5950 4944
f 3771 2866 4939
f 2866 5947 4939
f 3703 2865 4942
f 2865 5948 4942
f 3772 2864 4937
f 2864 5945 4937
f 3702 2863 4940
f 2863 5946 4940
f 3816 5355 6332
f 5100 5355 3816
f 3701 2861 4938
f 2861 5944 4938
f 3774 2860 4934
f 2860 5941 4934
f 3700 2859 4936
f 2859 5942 4936
f 3775 2858 4932
f 2858 5939 4932
f 3699 2857 4935
f 2857 5940 4935
f 3776 2856 4931
f 2856 5937 4931
f 3698 2855 4933
f 2855 5938 4933
f 3777 2854 4929
f 2854 5935 4929
f 3815 5354 6333
f 5099 5354 3815
f 3696 2851 4930
f 2851 5934 4930
f 7775 5223 7096
f 3413 3358 3137
f 7775 7097 5224
f 3358 5982 3137
f 7097 7775 7096
f 5223 7775 5224
f 3414 3357 3138
f 3357 5981 3138
f 2933 3737 7434
f 3737 2933 5004
f 2933 6017 5004
f 2850 3695 7433
f 3695 2850 4928
f 2850 6016 4928
f 7774 5222 7095
f 7774 7096 5223
f 3069 8042 3065
f 7096 7774 7095
f 5222 7774 5223
f 7963 6520 6521
f 7773 5221 7094
f 3411 3354 3135
f 3354 5978 3135
f 7773 7095 5222
f 3412 3353 3136
f 3353 5977 3136
f 7095 7773 7094
f 5221 7773 5222
f 3352 5976 3134
f 7772 5220 7093
f 3410 3351 3133
f 3351 5975 3133
f 7772 7094 5221
f 3409 3350 3132
f 3350 5974 3132
f 7094 7772 7093
f 5220 7772 5221
f 7962 6480 6481
f 7771 5219 7092
f 7771 7093 5220
f 7961 6835 7287
f 7093 7771 7092
f 5219 7771 5220
f 7961 7023 5246
f 7770 5218 7091
f 7770 7092 5219
f 3346 5970 3130
f 7092 7770 7091
f 3408 3345 3129
f 3345 5969 3129
f 5218 7770 5219
f 3407 3344 3128
f 3344 5968 3128
f 7769 5217 7090
f 7769 7091 5218
f 3343 5967 3131
f 7091 7769 7090
f 5217 7769 5218
f 7023 7961 7287
f 7768 5216 7089
f 7768 7090 5217
f 6835 7961 5246
f 7090 7768 7089
f 5216 7768 5217
f 7960 6834 7286
f 7767 5215 7088
f 3406 3339 3127
f 3339 5963 3127
f 7767 7089 5216
f 3405 3338 3126
f 3338 5962 3126
f 7089 7767 7088
f 3404 3337 3125
f 3337 5961 3125
f 5215 7767 5216
f 3403 3336 3124
f 3336 5960 3124
f 7766 5214 7087
f 7766 7088 5215
f 7960 7022 5245
f 7088 7766 7087
f 5214 7766 5215
f 7022 7960 7286
f 7765 5213 7086
f 7765 7087 5214
f 6834 7960 5245
f 7087 7765 7086
f 5213 7765 5214
f 3332 5956 3122
f 7764 5212 7085
f 3402 3331 3123
f 3331 5955 3123
f 7764 7086 5213
f 7086 7764 7085
f 3330 5954 3121
f 5212 7764 5213
f 7763 5211 7084
f 6121 3825 442
f 7763 7085 5212
f 7085 7763 7084
f 3328 5952 3119
f 5211 7763 5212
f 3401 3327 3120
f 3327 5951 3120
f 7762 5210 7083
f 7762 7084 5211
f 3326 5950 3118
f 7084 7762 7083
f 5210 7762 5211
f 443 6121 442
f 7761 5209 7082
f 7761 7083 5210
f 3324 5948 3116
f 7083 7761 7082
f 3400 3323 3117
f 3323 5947 3117
f 5209 7761 5210
f 7760 5208 7081
f 3322 5946 3115
f 7760 7082 5209
f 7082 7760 7081
f 6120 3826 471
f 5208 7760 5209
f 7759 5207 7080
f 3320 5944 3113
f 7759 7081 5208
f 3399 3319 3114
f 3319 5943 3114
f 7081 7759 7080
f 5207 7759 5208
f 3318 5942 3112
f 7758 5206 7079
f 7758 7080 5207
f 470 6120 471
f 7080 7758 7079
f 5206 7758 5207
f 3316 5940 3110
f 7757 5205 7078
f 3398 3315 3111
f 3315 5939 3111
f 7757 7079 5206
f 7079 7757 7078
f 3852 7442 2845
f 5205 7757 5206
f 7756 5193 7067
f 3367 8015 3083
f 7756 7068 5194
f 7068 7756 7067
f 3851 7441 2844
f 5193 7756 5194
f 7755 5192 7066
f 3085 8015 3369
f 7755 7067 5193
f 3396 3312 3108
f 3312 5936 3108
f 7067 7755 7066
f 5192 7755 5193
f 7754 5191 7065
f 7754 7066 5192
f 7066 7754 7065
f 5191 7754 5192
f 7753 5190 7064
f 7753 7065 5191
f 7065 7753 7064
f 5190 7753 5191
f 7752 5189 7063
f 2841 6347 4823
f 6347 4141 4823
f 2840 6346 4822
f 6346 4140 4822
f 7959 2799 2798
f 7959 6486 6487
f 7013 5240 4617
f 7012 5239 4616
f 4437 4809 4529
f 4436 4808 4528
f 7752 7064 5190
f 7064 7752 7063
f 5189 7752 5190
f 7751 5188 7062
f 7751 7063 5189
f 7063 7751 7062
f 5188 7751 5189
f 7750 5187 7061
f 3854 2847 2935
f 7750 7062 5188
f 7062 7750 7061
f 3853 2846 2848
f 5187 7750 5188
f 7749 5186 7060
f 7749 7061 5187
f 7061 7749 7060
f 5186 7749 5187
f 7748 5185 7059
f 7748 7060 5186
f 7060 7748 7059
f 7434 5731 3694
f 5185 7748 5186
f 2933 7434 3694
f 7433 5730 3693
f 7747 5184 7058
f 2850 7433 3693
f 7747 7059 5185
f 7059 7747 7058
f 5184 7747 5185
f 7746 5183 7057
f 7746 7058 5184
f 7058 7746 7057
f 5183 7746 5184
f 7745 5182 7056
f 7745 7057 5183
f 7057 7745 7056
f 5182 7745 5183
f 7744 5181 7055
f 7744 7056 5182
f 7056 7744 7055
f 5181 7744 5182
f 7743 5180 7054
f 7743 7055 5181
f 7055 7743 7054
f 5180 7743 5181
f 7742 5179 7053
f 7742 7054 5180
f 7054 7742 7053
f 5179 7742 5180
f 7741 5178 7052
f 7741 7053 5179
f 7053 7741 7052
f 5178 7741 5179
f 7740 5177 7051
f 7740 7052 5178
f 7052 7740 7051
f 5177 7740 5178
f 7739 5176 7050
f 7739 7051 5177
f 7051 7739 7050
f 5176 7739 5177
f 7738 5175 7049
f 7738 7050 5176
f 7050 7738 7049
f 5175 7738 5176
f 7737 5174 7048
f 7737 7049 5175
f 7049 7737 7048
f 5174 7737 5175
f 7736 5173 7047
f 7736 7048 5174
f 7048 7736 7047
f 5173 7736 5174
f 7735 5172 7046
f 7735 7047 5173
f 7047 7735 7046
f 5172 7735 5173
f 7734 5171 7045
f 7734 7046 5172
f 7046 7734 7045
f 5171 7734 5172
f 7733 5170 7044
f 3686 4876 6192
f 3685 4844 6152
f 3684 4841 6151
f 3683 4840 6150
f 7733 7045 5171
f 7045 7733 7044
f 5170 7733 5171
f 7732 5169 7043
f 7732 7044 5170
f 7044 7732 7043
f 5455 5437 3105
f 5169 7732 5170
f 5454 5358 3026
f 7731 5168 7042
f 3682 4839 6149
f 6149 4839 6131
f 3681 4838 6148
f 6148 4838 6130
f 3820 3591 6112
f 3812 3591 3820
f 3819 3592 6113
f 3811 3592 3819
f 3302 3850 4801
f 3301 3849 4800
f 7004 5233 4612
f 7003 5232 4611
f 7002 5231 4610
f 7001 5230 4609
f 7000 5229 4608
f 6999 5228 4607
f 6998 5227 4606
f 6997 5226 4605
f 6996 5225 4604
f 6995 5224 4603
f 6994 5223 4602
f 6993 5222 4601
f 6992 5221 4600
f 6991 5220 4599
f 6990 5219 4598
f 6989 5218 4597
f 6988 5217 4596
f 6987 5216 4595
f 6986 5215 4594
f 6985 5214 4593
f 6984 5213 4592
f 6983 5212 4591
f 6982 5211 4590
f 6981 5210 4589
f 6980 5209 4588
f 6979 5208 4587
f 6978 5207 4586
f 6977 5206 4585
f 6976 5205 4584
f 6975 5204 4583
f 6974 5203 4582
f 6973 5202 4581
f 6972 5201 4580
f 6971 5200 4579
f 6970 5199 4578
f 6969 5198 4577
f 6968 5197 4576
f 6966 5194 4572
f 6965 5193 4571
f 6964 5192 4570
f 6963 5191 4569
f 6962 5190 4568
f 6961 5189 4567
f 6960 5188 4566
f 6959 5187 4565
f 6958 5186 4564
f 6957 5185 4563
f 6956 5184 4562
f 6955 5183 4561
f 6954 5182 4560
f 6953 5181 4559
f 6952 5180 4558
f 6951 5179 4557
f 6950 5178 4556
f 6949 5177 4555
f 6948 5176 4554
f 6947 5175 4553
f 6946 5174 4552
f 6945 5173 4551
f 6944 5172 4550
f 6943 5171 4549
f 6942 5170 4548
f 6941 5169 4547
f 6940 5168 4546
f 6939 5167 4545
f 6938 5166 4544
f 6937 5165 4543
f 6936 5164 4542
f 6935 5163 4541
f 6934 5162 4540
f 6933 5161 4539
f 6932 5160 4538
f 6931 5159 4537
f 6930 5158 4536
f 7005 5234 4613
f 7007 5196 4575
f 6967 5195 4573
f 7006 5157 4535
f 7009 5236 4574
f 7008 5235 4534
f 6929 5156 4533
f 6928 5155 4532
f 7011 5238 4615
f 7010 5237 4614
f 7958 2756 2755
f 7958 6446 6447
f 7957 2800 2799
f 7731 7043 5169
f 7957 6487 6488
f 7043 7731 7042
f 5168 7731 5169
f 7730 5167 7041
f 7730 7042 5168
f 7042 7730 7041
f 5167 7730 5168
f 7729 5166 7040
f 5118 4151 5353
f 5353 4025 5118
f 5117 4150 5352
f 5352 4024 5117
f 7729 7041 5167
f 7041 7729 7040
f 5166 7729 5167
f 7728 5204 7077
f 3827 3821 471
f 3828 3822 442
f 2794 7992 7889
f 6482 7992 6525
f 7992 6482 7889
f 4835 2749 5739
f 3103 8014 5431
f 4834 2748 5738
f 7728 7078 5205
f 7078 7728 7077
f 5204 7728 5205
f 7727 5165 7039
f 5108 3302 3304
f 3302 5108 3850
f 7727 7040 5166
f 7040 7727 7039
f 5165 7727 5166
f 7726 5203 7076
f 5107 3301 3303
f 3301 5107 3849
f 6023 3488 4041
f 6022 3487 4040
f 7726 7077 5204
f 7077 7726 7076
f 5203 7726 5204
f 7725 5164 7038
f 7193 2571 5443
f 7192 2531 5442
f 5837 7440 2709
f 7440 5012 2709
f 5836 7439 2667
f 7439 5011 2667
f 7725 7039 5165
f 7039 7725 7038
f 5164 7725 5165
f 7724 5202 7075
f 7724 7076 5203
f 7076 7724 7075
f 5202 7724 5203
f 7723 5163 7037
f 3482 3946 7325
f 5265 3482 7325
f 3481 3945 7324
f 5264 3481 7324
f 7723 7038 5164
f 7038 7723 7037
f 5163 7723 5164
f 7722 5201 7074
f 7722 7075 5202
f 7075 7722 7074
f 7956 2757 2756
f 5201 7722 5202
f 7956 6447 6448
f 7955 2801 2800
f 7721 5162 7036
f 7955 6488 6489
f 5116 4831 7329
f 5115 4830 7328
f 2612 6441 6125
f 2751 7991 7888
f 7721 7037 5163
f 2598 6440 6124
f 6442 7991 6524
f 7037 7721 7036
f 5162 7721 5163
f 2669 3235 3488
f 7720 5236 7029
f 2627 3193 3487
f 7720 7031 5196
f 7031 7720 7029
f 5236 7720 5196
f 7719 5235 7028
f 7719 7030 5157
f 7030 7719 7028
f 5235 7719 5157
f 7718 5234 7107
f 6813 3676 3944
f 7027 3944 3676
f 7027 3676 4039
f 6812 3675 3943
f 7026 3943 3675
f 7026 3675 4038
f 7718 7109 5156
f 7109 7718 7107
f 7954 2758 2757
f 7954 6448 6449
f 5234 7718 5156
f 7717 5195 7069
f 7717 7108 5155
f 7108 7717 7069
f 6813 3944 7023
f 6812 3943 7022
f 7953 2802 2801
f 7953 6489 6490
f 7952 2759 2758
f 7952 6449 6450
f 8035 4013 3478
f 4329 3478 4157
f 4252 3955 3433
f 4252 3433 4154
f 5745 6337 6335
f 5744 6336 6334
f 3680 4823 5549
f 3679 4822 5548
f 3174 6341 5351
f 3173 6340 5350
f 2581 5451 7019
f 2574 5450 7018
f 5195 7717 5155
f 7716 3018 3021
f 7716 5743 5731
f 7951 2803 2802
f 7715 2936 2938
f 7715 5742 5730
f 7951 6490 6491
f 6435 7714 6437
f 5547 7714 5545
f 6395 7713 6436
f 5546 7713 5506
f 7712 5349 4621
f 7712 7015 6343
f 7015 7712 4621
f 5349 7712 6343
f 7711 5348 4620
f 7711 7014 6342
f 7014 7711 4620
f 5348 7711 6342
f 7710 5507 6397
f 7710 6396 5467
f 6396 7710 6397
f 5507 7710 5467
f 7709 5468 6357
f 7709 6356 5466
f 6356 7709 6357
f 5468 7709 5466
f 7708 5508 6398
f 7708 6397 5507
f 6397 7708 6398
f 5508 7708 5507
f 7707 5469 6358
f 7707 6357 5468
f 6357 7707 6358
f 5469 7707 5468
f 7706 6434 5544
f 6434 7706 6435
f 5545 7706 5544
f 7705 6394 5505
f 6394 7705 6395
f 5506 7705 5505
f 7704 5509 6399
f 7704 6398 5508
f 6398 7704 6399
f 5509 7704 5508
f 7703 5470 6359
f 7703 6358 5469
f 6358 7703 6359
f 5470 7703 5469
f 7702 5510 6400
f 7702 6399 5509
f 6399 7702 6400
f 5510 7702 5509
f 7701 5471 6360
f 7701 6359 5470
f 6359 7701 6360
f 5471 7701 5470
f 7700 5511 6401
f 7700 6400 5510
f 6400 7700 6401
f 5511 7700 5510
f 7699 5472 6361
f 7699 6360 5471
f 6360 7699 6361
f 5472 7699 5471
f 7698 5512 6402
f 7698 6401 5511
f 6401 7698 6402
f 5512 7698 5511
f 7697 5473 6362
f 7697 6361 5472
f 6361 7697 6362
f 5473 7697 5472
f 7696 5513 6403
f 7696 6402 5512
f 6402 7696 6403
f 5513 7696 5512
f 7695 5474 6363
f 7695 6362 5473
f 6362 7695 6363
f 5474 7695 5473
f 7694 5514 6404
f 7694 6403 5513
f 6403 7694 6404
f 5514 7694 5513
f 7693 5475 6364
f 7693 6363 5474
f 6363 7693 6364
f 5475 7693 5474
f 7692 5515 6405
f 7692 6404 5514
f 6404 7692 6405
f 5515 7692 5514
f 7691 5476 6365
f 7691 6364 5475
f 6364 7691 6365
f 5476 7691 5475
f 7690 5543 6433
f 7690 6432 5542
f 6432 7690 6433
f 5543 7690 5542
f 7689 5542 6432
f 7689 6431 5541
f 6431 7689 6432
f 5542 7689 5541
f 7688 5541 6431
f 7688 6430 5540
f 6430 7688 6431
f 5541 7688 5540
f 7687 5540 6430
f 7687 6429 5539
f 6429 7687 6430
f 5540 7687 5539
f 7686 5539 6429
f 7686 6428 5538
f 6428 7686 6429
f 5539 7686 5538
f 7685 5538 6428
f 7685 6427 5537
f 6427 7685 6428
f 5538 7685 5537
f 7684 5537 6427
f 7684 6426 5536
f 3237 7587 6823
f 6426 7684 6427
f 5537 7684 5536
f 7683 5536 6426
f 7683 6425 5535
f 6425 7683 6426
f 5536 7683 5535
f 7682 5535 6425
f 7682 6424 5534
f 6424 7682 6425
f 5535 7682 5534
f 7681 5534 6424
f 7681 6423 5533
f 6423 7681 6424
f 5534 7681 5533
f 7680 5533 6423
f 7680 6422 5532
f 6422 7680 6423
f 5533 7680 5532
f 7679 5532 6422
f 7679 6421 5531
f 6421 7679 6422
f 5532 7679 5531
f 7678 5531 6421
f 7678 6420 5530
f 6420 7678 6421
f 5531 7678 5530
f 7677 5530 6420
f 7677 6419 5529
f 6419 7677 6420
f 5530 7677 5529
f 7676 5529 6419
f 7676 6418 5528
f 6418 7676 6419
f 5529 7676 5528
f 7675 5528 6418
f 7675 6417 5527
f 6417 7675 6418
f 5528 7675 5527
f 7674 5527 6417
f 7674 6416 5526
f 6416 7674 6417
f 5527 7674 5526
f 7673 5526 6416
f 7673 6415 5525
f 6415 7673 6416
f 5526 7673 5525
f 7672 5525 6415
f 7672 6414 5524
f 6414 7672 6415
f 5525 7672 5524
f 7671 5524 6414
f 7671 6413 5523
f 6413 7671 6414
f 5524 7671 5523
f 7670 5523 6413
f 7670 6412 5522
f 6412 7670 6413
f 5523 7670 5522
f 7669 5522 6412
f 7669 6411 5521
f 6411 7669 6412
f 5522 7669 5521
f 7668 5521 6411
f 7668 6410 5520
f 6410 7668 6411
f 5521 7668 5520
f 7667 5520 6410
f 7667 6409 5519
f 6409 7667 6410
f 5520 7667 5519
f 7666 5519 6409
f 7666 6408 5518
f 6408 7666 6409
f 5519 7666 5518
f 7665 5518 6408
f 7665 6407 5517
f 6407 7665 6408
f 5518 7665 5517
f 7664 5517 6407
f 7664 6406 5516
f 6406 7664 6407
f 5517 7664 5516
f 7663 5516 6406
f 7663 6405 5515
f 6405 7663 6406
f 5516 7663 5515
f 7662 5504 6393
f 7662 6392 5503
f 6392 7662 6393
f 5504 7662 5503
f 7661 5503 6392
f 7661 6391 5502
f 6391 7661 6392
f 5503 7661 5502
f 7660 5502 6391
f 7660 6390 5501
f 6390 7660 6391
f 7950 2760 2759
f 5502 7660 5501
f 7659 5501 6390
f 7659 6389 5500
f 6389 7659 6390
f 7950 6450 6451
f 5501 7659 5500
f 7658 5500 6389
f 7658 6388 5499
f 6388 7658 6389
f 5500 7658 5499
f 7657 5499 6388
f 7657 6387 5498
f 6387 7657 6388
f 5499 7657 5498
f 7656 5498 6387
f 7656 6386 5497
f 6386 7656 6387
f 5498 7656 5497
f 7655 5497 6386
f 2707 3275 3498
f 3195 7549 6821
f 7655 6385 5496
f 6385 7655 6386
f 7949 2804 2803
f 7949 6491 6492
f 7948 2761 2760
f 6353 4143 5463
f 7948 6451 6452
f 6352 4142 5462
f 5497 7655 5496
f 7654 5496 6385
f 2704 3272 3497
f 7654 6384 5495
f 6384 7654 6385
f 5496 7654 5495
f 7947 2805 2804
f 7653 5495 6384
f 7653 6383 5494
f 6383 7653 6384
f 7947 6492 6493
f 5495 7653 5494
f 7652 5494 6383
f 7652 6382 5493
f 7946 2762 2761
f 6382 7652 6383
f 3236 7546 6822
f 5494 7652 5493
f 7946 6452 6453
f 3194 7545 6820
f 7651 5493 6382
f 7651 6381 5492
f 7945 2806 2805
f 6381 7651 6382
f 5493 7651 5492
f 7650 5492 6381
f 7945 6493 6494
f 7650 6380 5491
f 6380 7650 6381
f 5492 7650 5491
f 7944 2763 2762
f 7649 5491 6380
f 7649 6379 5490
f 4041 5839 3236
f 7944 6453 6454
f 6379 7649 6380
f 4040 5838 3194
f 5491 7649 5490
f 7943 2807 2806
f 3678 2841 4809
f 7648 5490 6379
f 7943 6494 6495
f 3677 2840 4808
f 7942 2764 2763
f 7648 6378 5489
f 7942 6454 6455
f 7941 2831 2830
f 7941 6518 6519
f 2715 3164 3190
f 6378 7648 6379
f 7940 2830 2829
f 7940 6517 6518
f 2714 3163 3189
f 7939 2829 2828
f 7939 6516 6517
f 7938 2828 2827
f 5490 7648 5489
f 7938 6515 6516
f 7647 5489 6378
f 7937 2827 2826
f 7991 6442 7888
f 7937 6514 6515
f 5435 8014 3101
f 7936 2826 2825
f 7936 6513 6514
f 7935 2825 2824
f 5355 7457 5446
f 7935 6512 6513
f 7647 6377 5488
f 7934 2824 2823
f 7934 6511 6512
f 6377 7647 6378
f 5489 7647 5488
f 7646 5488 6377
f 7646 6376 5487
f 7933 2823 2822
f 5354 7458 5447
f 7933 6510 6511
f 6376 7646 6377
f 7932 2822 2821
f 5488 7646 5487
f 7645 5487 6376
f 7932 6509 6510
f 6439 4927 4149
f 7931 2821 2820
f 7931 6508 6509
f 6438 4926 4148
f 7930 2820 2819
f 7199 4831 6629
f 7930 6507 6508
f 7198 4830 6628
f 7645 6375 5486
f 7929 2819 2818
f 6375 7645 6376
f 5487 7645 5486
f 7929 6506 6507
f 7644 5486 6375
f 7928 2818 2817
f 7644 6374 5485
f 7928 6505 6506
f 6374 7644 6375
f 7927 2817 2816
f 5486 7644 5485
f 6631 3846 5008
f 7927 6504 6505
f 7643 5485 6374
f 6630 3845 5007
f 7643 6373 5484
f 6373 7643 6374
f 5130 4019 5841
f 5129 4018 5840
f 2665 3233 3493
f 5485 7643 5484
f 7926 2816 2815
f 4337 4927 6439
f 7926 6503 6504
f 7642 5484 6373
f 2662 3230 3492
f 4336 4926 6438
f 7925 2815 2814
f 5351 5148 3174
f 7925 6502 6503
f 5350 5147 3173
f 7642 6372 5483
f 6372 7642 6373
f 7924 2814 2813
f 5484 7642 5483
f 7641 5483 6372
f 7641 6371 5482
f 6371 7641 6372
f 7924 6501 6502
f 5483 7641 5482
f 7640 5482 6371
f 7923 2813 2812
f 4427 6329 7348
f 7923 6500 6501
f 6329 3158 7348
f 7922 2812 2811
f 4426 6328 7347
f 7922 6499 6500
f 6328 3157 7347
f 7921 2811 2810
f 7921 6498 6499
f 7920 2810 2809
f 7640 6370 5481
f 7920 6497 6498
f 6370 7640 6371
f 7919 2809 2808
f 7919 6496 6497
f 7918 2808 2807
f 5482 7640 5481
f 7918 6495 6496
f 7639 5481 6370
f 7917 2788 2787
f 7639 6369 5480
f 7917 6478 6479
f 6369 7639 6370
f 7916 2787 2786
f 7916 6477 6478
f 7915 2786 2785
f 7915 6476 6477
f 7914 2785 2784
f 4911 7440 5837
f 7914 6475 6476
f 4910 7439 5836
f 7913 2784 2783
f 5481 7639 5480
f 7638 5480 6369
f 7913 6474 6475
f 7638 6368 5479
f 6368 7638 6369
f 5480 7638 5479
f 7637 5479 6368
f 7912 2783 2782
f 7637 6367 5478
f 7912 6473 6474
f 6367 7637 6368
f 7911 2782 2781
f 5479 7637 5478
f 7911 6472 6473
f 7636 5478 6367
f 7910 2781 2780
f 7636 6366 5477
f 7910 6471 6472
f 6366 7636 6367
f 7909 2780 2779
f 5478 7636 5477
f 7909 6470 6471
f 7635 5477 6366
f 7908 2779 2778
f 7635 6365 5476
f 7908 6469 6470
f 6365 7635 6366
f 7907 2778 2777
f 5477 7635 5476
f 7907 6468 6469
f 7634 5544 6434
f 7634 6433 5543
f 6433 7634 6434
f 5544 7634 5543
f 7633 5505 6394
f 7633 6393 5504
f 4041 3236 3494
f 6393 7633 6394
f 4040 3194 3489
f 5142 6139 6129
f 5141 6138 6128
f 5505 7633 5504
f 5171 6943 4548
f 7906 2777 2776
f 7906 6467 6468
f 7905 2776 2775
f 7905 6466 6467
f 7904 2775 2774
f 5172 6944 4549
f 5170 6942 4547
f 7904 6465 6466
f 5169 6941 4546
f 5173 6945 4550
f 3676 7113 4039
f 5168 6940 4545
f 3675 7112 4038
f 5167 6939 4544
f 5174 6946 4551
f 5166 6938 4543
f 7903 2774 2773
f 7903 6464 6465
f 7902 2773 2772
f 7902 6463 6464
f 5165 6937 4542
f 2721 444 443
f 5175 6947 4552
f 2720 469 470
f 5164 6936 4541
f 5163 6935 4540
f 5176 6948 4553
f 5162 6934 4539
f 5161 6933 4538
f 5177 6949 4554
f 5160 6932 4537
f 5159 6931 4536
f 3306 7019 5451
f 3305 7018 5450
f 5178 6950 4555
f 5158 6930 4535
f 5196 7007 4574
f 5179 6951 4556
f 5157 7006 4534
f 5156 6929 4613
f 7901 2772 2771
f 7901 6462 6463
f 8034 3067 7990
f 6284 8037 6070
f 7990 5399 5395
f 7990 3067 3065
f 5180 6952 4557
f 5155 6928 4573
f 5236 7009 4615
f 5181 6953 4558
f 5235 7008 4614
f 5154 6927 4533
f 5182 6954 4559
f 5153 6926 4532
f 5238 7011 4617
f 5183 6955 4560
f 7900 2771 2770
f 7900 6461 6462
f 6729 6233 5551
f 4033 6729 5551
f 6728 6232 5550
f 4032 6728 5550
f 3428 6815 5455
f 3388 6815 3428
f 3395 6814 5454
f 3309 6814 3395
f 5237 7010 4616
f 7899 2770 2769
f 5184 6956 4561
f 7899 6460 6461
f 4209 4416 7389
f 4168 4343 7350
f 4210 4418 7390
f 4204 4417 7386
f 4205 4415 7387
f 4211 4414 7391
f 4203 4413 7385
f 4212 4412 7392
f 4202 4411 7384
f 4213 4410 7393
f 4201 4409 7383
f 4214 4408 7394
f 4200 4407 7382
f 4215 4406 7395
f 4199 4405 7381
f 4217 4404 7397
f 4197 4403 7379
f 4216 4402 7396
f 4198 4401 7380
f 4218 4400 7398
f 4196 4399 7378
f 4219 4398 7399
f 4195 4397 7377
f 4220 4396 7400
f 4194 4395 7376
f 4221 4394 7401
f 4193 4393 7375
f 4222 4392 7402
f 4192 4391 7374
f 4223 4390 7403
f 4191 4389 7373
f 4224 4388 7404
f 4190 4387 7372
f 4225 4386 7405
f 4189 4385 7371
f 4226 4384 7406
f 4188 4383 7370
f 4228 4382 7408
f 4186 4381 7368
f 4227 4380 7407
f 4187 4379 7369
f 4229 4378 7409
f 4185 4377 7367
f 4231 4376 7411
f 4183 4375 7365
f 4230 4374 7410
f 4184 4373 7366
f 4232 4372 7412
f 4182 4371 7364
f 4233 4370 7413
f 4181 4369 7363
f 4235 4368 7415
f 4179 4367 7361
f 4234 4366 7414
f 4180 4365 7362
f 4236 4364 7416
f 4178 4363 7360
f 4237 4362 7417
f 4177 4361 7359
f 4238 4360 7418
f 4176 4359 7358
f 4239 4358 7419
f 4175 4357 7357
f 4240 4356 7420
f 4174 4355 7356
f 4241 4354 7421
f 4173 4353 7355
f 4242 4352 7422
f 4172 4351 7354
f 4243 4350 7423
f 4171 4349 7353
f 4244 4348 7424
f 4170 4347 7352
f 4245 4346 7425
f 4169 4345 7351
f 4246 4344 7426
f 4206 4420 7429
f 4247 4342 7430
f 4208 4421 7388
f 4167 4341 7349
f 6351 4143 4713
f 5185 6957 4562
f 6350 4142 4712
f 6437 4145 4709
f 4207 4339 7428
f 4166 4338 7427
f 5186 6958 4563
f 6436 4144 4708
f 5187 6959 4564
f 5188 6960 4565
f 5189 6961 4566
f 7450 5110 3177
f 3279 3288 3818
f 5190 6962 4567
f 7449 5109 3175
f 3818 3288 2733
f 7454 3179 478
f 478 3179 479
f 6619 3946 7344
f 7453 3180 435
f 435 3180 434
f 5191 6963 4568
f 6618 3945 7343
f 7027 5240 4439
f 5192 6964 4569
f 5240 7013 4623
f 4623 4439 5240
f 5193 6965 4570
f 7026 5239 4438
f 5239 7012 4622
f 5194 6966 4571
f 4622 4438 5239
f 7898 2769 2768
f 5195 6967 4572
f 4248 4419 7345
f 4249 4340 7346
f 7898 6459 6460
f 5197 6968 4575
f 6119 3486 2711
f 5198 6969 4576
f 5199 6970 4577
f 6118 3485 2710
f 3799 462 463
f 3800 451 450
f 454 3829 453
f 459 3830 460
f 5200 6971 4578
f 7017 590 6727
f 5201 6972 4579
f 7016 323 6726
f 5202 6973 4580
f 6527 3308 6239
f 5203 6974 4581
f 6526 3307 6238
f 7446 6343 7015
f 5204 6975 4582
f 7445 6342 7014
f 5833 4711 6629
f 5205 6976 4583
f 7897 2768 2767
f 5832 4710 6628
f 7897 6458 6459
f 5206 6977 4584
f 5207 6978 4585
f 5208 6979 4586
f 3480 6115 5120
f 5120 5144 3480
f 5209 6980 4587
f 3479 6114 5119
f 5119 5143 3479
f 4913 4819 7460
f 4912 4818 7459
f 4208 7548 6568
f 5210 6981 4588
f 4167 7547 6528
f 5211 6982 4589
f 7896 2767 2766
f 4246 7624 6606
f 7896 6457 6458
f 7624 3274 6606
f 4424 2838 5138
f 4425 2839 5137
f 4245 7623 6605
f 7623 3273 6605
f 4244 7622 6604
f 7622 3272 6604
f 4243 7621 6603
f 7621 3271 6603
f 4242 7620 6602
f 7620 3270 6602
f 4241 7619 6601
f 7619 3269 6601
f 4240 7618 6600
f 7618 3268 6600
f 4239 7617 6599
f 7617 3267 6599
f 4238 7616 6598
f 7616 3266 6598
f 4237 7615 6597
f 7615 3265 6597
f 5212 6983 4590
f 5213 6984 4591
f 4236 7614 6596
f 7614 3264 6596
f 5214 6985 4592
f 5215 6986 4593
f 5216 6987 4594
f 5217 6988 4595
f 6111 3498 2708
f 7895 2766 2765
f 7895 6456 6457
f 6108 3497 2705
f 7894 2765 2764
f 7894 6455 6456
f 7893 2832 2831
f 7893 6519 6520
f 7892 2789 2788
f 7892 6479 6480
f 7891 2798 2797
f 7891 6485 6486
f 7890 2755 2754
f 7890 6445 6446
f 7889 2795 2794
f 7889 6482 6483
f 7989 2837 5557
f 7888 2752 2751
f 7888 6442 6443
f 7989 6125 6441
f 7887 2797 2796
f 7887 6484 6485
f 7886 2754 2753
f 7886 6444 6445
f 7885 2796 2795
f 7885 6483 6484
f 7884 2753 2752
f 7884 6443 6444
f 7881 6237 4825
f 2625 7881 4825
f 7880 6236 4824
f 2611 7880 4824
f 6125 7989 5557
f 2837 7989 6441
f 7988 2836 5556
f 7988 6124 6440
f 6124 7988 5556
f 2836 7988 6440
f 6073 3496 2670
f 4235 7613 6595
f 6072 3493 2666
f 7987 3082 5414
f 7987 5416 3084
f 6069 3492 2663
f 3893 7065 3627
f 3892 7064 3626
f 3891 7063 3625
f 3890 7062 3624
f 3889 7061 3623
f 3888 7060 3622
f 3887 7059 3621
f 3886 7058 3620
f 3885 7057 3619
f 3884 7056 3618
f 3883 7055 3617
f 3882 7054 3616
f 3881 7053 3615
f 3880 7052 3614
f 2709 6139 6031
f 2667 6138 6030
f 7613 3263 6595
f 4234 7612 6594
f 7612 3262 6594
f 4233 7611 6593
f 7611 3261 6593
f 4232 7610 6592
f 7610 3260 6592
f 4231 7609 6591
f 7609 3259 6591
f 4230 7608 6590
f 7608 3258 6590
f 4229 7607 6589
f 7607 3257 6589
f 4228 7606 6588
f 7606 3256 6588
f 4227 7605 6587
f 7605 3255 6587
f 4226 7604 6586
f 7604 3254 6586
f 4225 7603 6585
f 7603 3253 6585
f 4224 7602 6584
f 7602 3252 6584
f 4223 7601 6583
f 7601 3251 6583
f 4222 7600 6582
f 7600 3250 6582
f 4221 7599 6581
f 7599 3249 6581
f 4220 7598 6580
f 7598 3248 6580
f 4219 7597 6579
f 7597 3247 6579
f 4218 7596 6578
f 7596 3246 6578
f 4217 7595 6577
f 7595 3245 6577
f 4216 7594 6576
f 7594 3244 6576
f 4215 7593 6575
f 7593 3243 6575
f 4214 7592 6574
f 7592 3242 6574
f 4213 7591 6573
f 7591 3241 6573
f 4212 7590 6572
f 7590 3240 6572
f 4211 7589 6571
f 7589 3239 6571
f 4210 7588 6570
f 7588 3238 6570
f 4209 7587 6569
f 7587 3237 6569
f 4205 7586 6566
f 7586 3232 6566
f 4204 7585 6565
f 7585 3231 6565
f 4203 7584 6564
f 7584 3230 6564
f 4202 7583 6563
f 7583 3229 6563
f 4201 7582 6562
f 7582 3228 6562
f 4200 7581 6561
f 7581 3227 6561
f 4199 7580 6560
f 7580 3226 6560
f 4198 7579 6559
f 7579 3225 6559
f 4197 7578 6558
f 7578 3224 6558
f 4196 7577 6557
f 7577 3223 6557
f 4195 7576 6556
f 7576 3222 6556
f 4194 7575 6555
f 7575 3221 6555
f 4193 7574 6554
f 7574 3220 6554
f 4192 7573 6553
f 7573 3219 6553
f 4191 7572 6552
f 3879 7051 3613
f 3878 7050 3612
f 3877 7049 3611
f 3876 7048 3610
f 3875 7047 3609
f 3874 7046 3608
f 3873 7045 3607
f 3872 7044 3606
f 7572 3218 6552
f 4190 7571 6551
f 5218 6989 4596
f 5219 6990 4597
f 3871 7043 3605
f 3870 7042 3604
f 3869 7041 3603
f 3868 7040 3602
f 3867 7039 3601
f 3866 7038 3600
f 3865 7037 3599
f 3864 7036 3598
f 3863 7035 3597
f 3862 7034 3596
f 3861 7033 3595
f 3860 7032 3594
f 5114 2717 4919
f 5113 2716 4918
f 6034 3491 2628
f 7571 3217 6551
f 4189 7570 6550
f 7570 3216 6550
f 5416 7987 5414
f 4188 7569 6549
f 3082 7987 3084
f 7569 3215 6549
f 5728 3019 4795
f 4187 7568 6548
f 5727 3016 4794
f 7568 3214 6548
f 5220 6991 4598
f 4186 7567 6547
f 5221 6992 4599
f 7567 3213 6547
f 5724 3013 4793
f 4185 7566 6546
f 5723 3012 4792
f 7566 3212 6546
f 5722 3011 4789
f 4184 7565 6545
f 5721 3010 4790
f 7565 3211 6545
f 5720 3009 4787
f 4183 7564 6544
f 5719 3008 4788
f 7564 3210 6544
f 5718 3007 4785
f 4182 7563 6543
f 5717 3006 4786
f 7563 3209 6543
f 5716 3005 4783
f 4181 7562 6542
f 5715 3004 4784
f 7562 3208 6542
f 5714 3003 4781
f 4180 7561 6541
f 5713 3002 4780
f 7561 3207 6541
f 5712 3001 4777
f 4179 7560 6540
f 5711 3000 4782
f 7560 3206 6540
f 5710 2999 4779
f 4178 7559 6539
f 5709 2998 4778
f 7559 3205 6539
f 5708 2997 4775
f 4177 7558 6538
f 5707 2996 4776
f 7558 3204 6538
f 5706 2995 4773
f 4176 7557 6537
f 5705 2994 4774
f 7557 3203 6537
f 5704 2993 4771
f 4175 7556 6536
f 5703 2992 4772
f 7556 3202 6536
f 5702 2991 4769
f 4174 7555 6535
f 5701 2990 4770
f 7555 3201 6535
f 5700 2989 4767
f 4173 7554 6534
f 5699 2988 4768
f 7554 3200 6534
f 5698 2987 4765
f 4172 7553 6533
f 5697 2986 4766
f 7553 3199 6533
f 5696 2985 4763
f 4171 7552 6532
f 5695 2984 4764
f 7552 3198 6532
f 5694 2983 4761
f 4170 7551 6531
f 5693 2982 4762
f 7551 3197 6531
f 5692 2981 4759
f 4169 7550 6530
f 5691 2980 4758
f 7550 3196 6530
f 5690 2979 4755
f 4168 7549 6529
f 5689 2978 4760
f 7549 3195 6529
f 5688 2977 4757
f 4247 7626 6607
f 5687 2976 4756
f 7626 3275 6607
f 5686 2975 4753
f 4206 7625 6567
f 5685 2974 4752
f 7625 3233 6567
f 5684 2973 4749
f 4207 7546 6609
f 5683 2972 4754
f 7546 3236 6609
f 5682 2971 4751
f 4166 7545 6608
f 5681 2970 4750
f 7545 3194 6608
f 5680 2969 4747
f 5222 6993 4600
f 5679 2968 4748
f 2670 6823 3238
f 5678 2967 4745
f 5223 6994 4601
f 5677 2966 4744
f 5224 6995 4602
f 5676 2965 4741
f 5225 6996 4603
f 5675 2964 4746
f 5226 6997 4604
f 5674 2963 4743
f 5227 6998 4605
f 5673 2962 4742
f 5228 6999 4606
f 5672 2961 4739
f 3289 3280 3824
f 5671 2960 4740
f 5229 7000 4607
f 5670 2959 4737
f 3894 7066 3628
f 5669 2958 4738
f 3289 3824 2734
f 5668 2957 4735
f 5230 7001 4608
f 5667 2956 4736
f 3895 7067 3629
f 5666 2955 4733
f 5231 7002 4609
f 5665 2954 4734
f 5232 7003 4610
f 5664 2953 4731
f 5233 7004 4611
f 5663 2952 4732
f 5234 7005 4612
f 5662 2951 4729
f 2628 6821 3196
f 5661 2950 4730
f 4831 5833 6629
f 5660 2949 4727
f 4921 5447 7458
f 5659 2948 4728
f 4920 5446 7457
f 5658 2947 4725
f 4830 5832 6628
f 5657 2946 4726
f 7329 4827 5104
f 5656 2945 4723
f 7328 4826 5103
f 3896 7068 3630
f 4930 5934 3108
f 5654 2943 4721
f 3897 7069 3631
f 5653 2942 4722
f 3898 7108 3632
f 5001 6009 3153
f 7986 3096 5428
f 5651 2940 4720
f 7986 5430 3098
f 5729 3020 4797
f 5430 7986 5428
f 5650 2939 4718
f 3096 7986 3098
f 5002 6008 3154
f 4998 6007 3151
f 3794 3162 2713
f 4999 6006 3152
f 4997 6005 3150
f 3793 3161 2712
f 7189 2570 7321
f 3900 7070 3635
f 7188 2569 7320
f 3901 7071 3636
f 4996 6002 3149
f 4993 6001 3148
f 3902 7072 3637
f 5136 5561 4827
f 4992 5998 3147
f 5135 5560 4826
f 5131 5099 3689
f 4989 5995 3145
f 7184 2568 7319
f 4990 5994 3146
f 4985 5993 3143
f 4986 5992 3144
f 2730 2594 5128
f 4983 5991 3142
f 5132 5100 3690
f 3688 4843 4813
f 3687 4842 4812
f 2728 2592 5127
f 4982 5988 3141
f 2581 4923 7195
f 4979 5987 3140
f 2574 4922 7194
f 3903 7073 3638
f 4978 5984 3139
f 4975 5983 3138
f 3904 7074 3639
f 3168 3800 450
f 4974 5980 3137
f 7175 2563 7318
f 4971 5979 3136
f 3168 450 449
f 3167 3799 463
f 7173 2561 7316
f 4970 5976 3135
f 7173 2579 2561
f 7172 2563 7317
f 3167 463 464
f 3905 7075 3640
f 7172 2579 2563
f 4967 5973 3133
f 2717 3818 4919
f 4968 5972 3134
f 7170 2561 7315
f 4963 5971 3131
f 4964 5970 3132
f 3906 7076 3641
f 7445 320 6
f 2716 3817 4918
f 4961 5967 3129
f 4962 5966 3130
f 4957 5965 3127
f 4958 5964 3128
f 495 7445 6
f 7446 592 8
f 418 7446 8
f 3907 7077 3642
f 3908 7078 3643
f 3909 7079 3644
f 4953 5959 3125
f 4954 5958 3126
f 4949 5957 3123
f 3910 7080 3645
f 4950 5956 3124
f 3166 3798 462
f 3790 2713 3162
f 3789 2712 3161
f 4824 3781 5109
f 4948 5954 3122
f 4945 5953 3120
f 4946 5952 3121
f 3832 3166 461
f 4944 5950 3119
f 4941 5949 3117
f 4942 5948 3118
f 461 3166 462
f 4940 5946 3116
f 4937 5945 3114
f 4938 5944 3115
f 7153 2552 7314
f 3165 3797 451
f 4936 5942 3113
f 4934 5941 3111
f 7151 2550 7312
f 4935 5940 3112
f 7151 2578 2550
f 7150 2552 7313
f 4825 3782 5110
f 7150 2578 2552
f 4933 5938 3110
f 4931 5937 3109
f 7148 2550 7311
f 3831 3165 452
f 7147 2549 7310
f 5003 6012 3155
f 4929 5935 3107
f 4803 6615 3170
f 7145 2547 7308
f 4802 6614 3169
f 7145 2577 2547
f 7144 2549 7309
f 4828 4054 5554
f 7144 2577 2549
f 4829 4055 5555
f 5126 3502 6331
f 7142 2547 7307
f 6331 4443 5126
f 3480 6331 3502
f 5125 3501 6330
f 6330 4442 5125
f 3479 6330 3501
f 7139 2545 7306
f 460 3832 461
f 453 3831 452
f 8014 5435 5431
f 7137 2543 7304
f 7985 3164 2747
f 7137 2576 2543
f 7136 2545 7305
f 452 3165 451
f 7136 2576 2545
f 8014 3103 3101
f 7985 3808 434
f 7134 2543 7303
f 473 3836 474
f 5004 6017 3156
f 4928 6016 3106
f 6623 2838 6620
f 4928 3106 5934
f 6622 2839 6621
f 5004 3156 6013
f 4931 3109 5935
f 5002 3154 6012
f 3168 3810 2723
f 7632 3185 435
f 4930 3108 5936
f 3167 3809 2722
f 440 3835 439
f 7631 3183 478
f 3911 7081 3646
f 4934 3111 5939
f 4933 3110 5940
f 3808 7985 2747
f 3912 7082 3647
f 3164 7985 434
f 7027 4439 7344
f 7984 3163 2746
f 4935 3112 5942
f 7984 3807 479
f 7026 4438 7343
f 3283 3296 3849
f 4937 3114 5943
f 5649 7630 5648
f 3680 4809 2841
f 3849 3296 2739
f 4936 3113 5944
f 5609 7629 5608
f 7117 2533 7302
f 3679 4808 2840
f 5153 7110 4036
f 3948 4021 6625
f 4938 3115 5946
f 3947 4020 6624
f 4941 3117 5947
f 4940 3116 5948
f 3293 3284 3839
f 5569 7628 5565
f 3807 7984 2746
f 3163 7984 479
f 3293 3839 2736
f 5568 7627 5564
f 7293 4161 5735
f 5567 7544 5649
f 4623 7013 6725
f 5566 7543 5609
f 7542 5647 6913
f 5647 7542 5646
f 7541 5646 6912
f 5646 7541 5645
f 7540 5645 6911
f 5645 7540 5644
f 7539 5644 6910
f 5644 7539 5643
f 7538 5643 6909
f 5643 7538 5642
f 7537 5642 6908
f 5642 7537 5641
f 7536 5641 6907
f 5641 7536 5640
f 7535 5640 6906
f 5640 7535 5639
f 7534 5639 6905
f 5639 7534 5638
f 7533 5638 6904
f 5638 7533 5637
f 4423 4815 6121
f 8013 6323 6322
f 4815 2843 6121
f 4422 4814 6120
f 6107 8013 6322
f 4814 2842 6120
f 7532 5637 6903
f 5637 7532 5636
f 7531 5636 6902
f 5636 7531 5635
f 7530 5635 6901
f 5635 7530 5634
f 7529 5634 6900
f 5634 7529 5633
f 7528 5633 6899
f 5633 7528 5632
f 7527 5632 6898
f 5632 7527 5631
f 7526 5631 6897
f 5631 7526 5630
f 7525 5630 6896
f 5630 7525 5629
f 7524 5629 6895
f 5629 7524 5628
f 4942 3118 5950
f 7523 5628 6894
f 5628 7523 5627
f 7013 589 6725
f 7522 5627 6893
f 5627 7522 5626
f 7521 5626 6892
f 5626 7521 5625
f 3830 5014 6630
f 7520 5625 6891
f 5625 7520 5624
f 3829 5013 6631
f 7519 5624 6890
f 5624 7519 5623
f 4813 4843 4431
f 4945 3120 5951
f 4812 4842 4430
f 4622 7012 6724
f 7518 5623 6889
f 5623 7518 5622
f 7517 5622 6888
f 5622 7517 5621
f 7516 5621 6887
f 5621 7516 5620
f 7515 5620 6886
f 5620 7515 5619
f 7514 5619 6885
f 5619 7514 5618
f 7513 5618 6884
f 5618 7513 5617
f 7512 5607 6874
f 5607 7512 5606
f 7511 5606 6873
f 5606 7511 5605
f 4944 3119 5952
f 7012 324 6724
f 475 3844 3178
f 438 3842 3176
f 7510 5605 6872
f 5605 7510 5604
f 2624 5142 6129
f 5154 7111 4037
f 2610 5141 6128
f 4574 7007 6719
f 7509 5604 6871
f 5604 7509 5603
f 7508 5603 6870
f 5603 7508 5602
f 7292 4160 5734
f 3913 7083 3648
f 7507 5602 6869
f 3914 7084 3649
f 3915 7085 3650
f 5602 7507 5601
f 7506 5601 6868
f 5601 7506 5600
f 7505 5600 6867
f 5600 7505 5599
f 7504 5599 6866
f 5599 7504 5598
f 7503 5598 6865
f 5598 7503 5597
f 7502 5597 6864
f 5597 7502 5596
f 3285 3294 3850
f 7501 5596 6863
f 4946 3121 5954
f 7435 480 481
f 5596 7501 5595
f 4534 7006 6718
f 7500 5595 6862
f 5595 7500 5594
f 7499 5594 6861
f 5594 7499 5593
f 7498 5593 6860
f 5593 7498 5592
f 7497 5592 6859
f 5592 7497 5591
f 7496 5591 6858
f 3191 7435 481
f 5591 7496 5590
f 7495 5590 6857
f 5590 7495 5589
f 480 7435 3189
f 7494 5589 6856
f 5589 7494 5588
f 7493 5588 6855
f 7436 433 432
f 5588 7493 5587
f 7492 5587 6854
f 5587 7492 5586
f 3850 3294 2737
f 7491 5586 6853
f 5586 7491 5585
f 7490 5585 6852
f 3192 7436 432
f 5585 7490 5584
f 7489 5584 6851
f 5584 7489 5583
f 433 7436 3190
f 7488 5583 6850
f 5583 7488 5582
f 7487 5582 6849
f 3935 7105 3670
f 5582 7487 5581
f 7486 5581 6848
f 5581 7486 5580
f 3470 5424 4003
f 7485 5580 6847
f 5580 7485 5579
f 7484 5579 6846
f 7348 5741 4051
f 5579 7484 5578
f 7483 5648 6914
f 5648 7483 5647
f 7347 5740 4050
f 7482 5608 6875
f 5608 7482 5607
f 7481 5578 6845
f 7291 5250 4157
f 5578 7481 5577
f 7480 5617 6883
f 5617 7480 5616
f 7290 5249 4154
f 7479 5577 6844
f 5577 7479 5576
f 7478 5616 6882
f 4908 3847 6026
f 5616 7478 5615
f 7477 5576 6843
f 5576 7477 5575
f 7287 3942 6813
f 7476 5615 6881
f 5615 7476 5614
f 7475 5575 6842
f 7286 3941 6812
f 5575 7475 5574
f 7474 5614 6880
f 5614 7474 5613
f 3934 7104 3669
f 7473 5574 6841
f 5574 7473 5573
f 7472 5613 6879
f 3933 7103 3668
f 5613 7472 5612
f 7471 5573 6840
f 5573 7471 5572
f 7283 3899 6770
f 7470 5612 6878
f 5612 7470 5611
f 7469 5572 6839
f 4909 3848 6027
f 5572 7469 5571
f 7468 5611 6877
f 5611 7468 5610
f 7282 3859 6730
f 7467 5571 6838
f 5571 7467 5570
f 7466 5610 6837
f 7281 3937 6808
f 5610 7466 5569
f 7465 5570 6836
f 5570 7465 5568
f 7280 3936 6807
f 4949 3123 5955
f 4613 6929 6717
f 4948 3122 5956
f 7279 3935 6806
f 4612 7005 6716
f 3916 7086 3651
f 4611 7004 6715
f 7278 3934 6805
f 7464 4045 4811
f 7464 4923 2581
f 4923 7464 4811
f 7277 3933 6804
f 4045 7464 2581
f 7463 4044 4810
f 7463 4922 2574
f 7276 3932 6803
f 4922 7463 4810
f 4044 7463 2574
f 4927 7462 3188
f 7275 3931 6802
f 4926 7461 3187
f 3917 7087 3652
f 4610 7003 6714
f 7274 3930 6801
f 3918 7088 3653
f 4609 7002 6713
f 4950 3124 5960
f 7273 3929 6800
f 4608 7001 6712
f 4953 3125 5961
f 4607 7000 6711
f 7272 3928 6799
f 7271 3927 6798
f 7270 3926 6797
f 7269 3925 6796
f 7268 3924 6795
f 7267 3923 6794
f 4954 3126 5962
f 4606 6999 6710
f 7266 3922 6793
f 4957 3127 5963
f 4605 6998 6709
f 3295 3286 3840
f 7265 3921 6792
f 3295 3840 2738
f 3807 2582 7631
f 7631 2582 3183
f 7264 3920 6791
f 2847 7452 2935
f 7452 6137 2935
f 2846 7451 2848
f 7263 3919 6790
f 7451 6136 2848
f 3168 2723 3800
f 3167 2722 3799
f 7262 3918 6789
f 3919 7089 3654
f 3920 7090 3655
f 3921 7091 3656
f 7261 3917 6788
f 3922 7092 3657
f 3923 7093 3658
f 3477 5435 4011
f 7260 3916 6787
f 2597 6121 2843
f 2596 6120 2842
f 7259 3915 6786
f 7258 3914 6785
f 7257 3913 6784
f 6349 4437 4529
f 6348 4436 4528
f 7256 3912 6783
f 2742 2595 2727
f 2591 2742 2727
f 3924 7094 3659
f 7255 3911 6782
f 4604 6997 6708
f 2740 2593 2726
f 2590 2740 2726
f 7254 3910 6781
f 3925 7095 3660
f 4603 6996 6707
f 7253 3909 6780
f 7252 3908 6779
f 7251 3907 6778
f 3782 6119 2711
f 3781 6118 2710
f 7250 3906 6777
f 7249 3905 6776
f 7248 3904 6775
f 3286 2742 2591
f 7247 3903 6774
f 7340 4013 5433
f 3284 2740 2590
f 3926 7096 3661
f 7246 3902 6773
f 2843 5849 2597
f 2842 5848 2596
f 4434 4844 4444
f 7245 3901 6772
f 4435 4876 4485
f 7244 3900 6771
f 7243 3897 6768
f 7242 3896 6767
f 7241 3895 6766
f 7240 3894 6765
f 7239 3893 6764
f 7238 3892 6763
f 7237 3891 6762
f 7236 3890 6761
f 7235 3889 6760
f 7234 3888 6759
f 7233 3887 6758
f 7232 3886 6757
f 7231 3885 6756
f 7230 3884 6755
f 7339 4010 5432
f 4602 6995 6706
f 7229 3883 6754
f 7228 3882 6753
f 7227 3881 6752
f 7226 3880 6751
f 7225 3879 6750
f 7224 3878 6749
f 7223 3877 6748
f 7222 3876 6747
f 7221 3875 6746
f 7220 3874 6745
f 7219 3873 6744
f 7218 3872 6743
f 4839 3682 6147
f 7217 3871 6742
f 4838 3681 6146
f 7216 3870 6741
f 7215 3869 6740
f 7214 3868 6739
f 4841 3684 6149
f 4840 3683 6148
f 7213 3867 6738
f 7212 3866 6737
f 4876 3686 6151
f 4844 3685 6150
f 7211 3865 6736
f 7210 3864 6735
f 4963 3131 5967
f 4601 6994 6705
f 7209 3863 6734
f 7208 3862 6733
f 4958 3128 5968
f 4600 6993 6704
f 7207 3861 6732
f 7206 3860 6731
f 4961 3129 5969
f 4599 6992 6703
f 3178 3182 476
f 7205 3938 6809
f 475 3178 476
f 3176 3181 437
f 7204 3898 6769
f 438 3176 437
f 3476 5432 4010
f 4962 3130 5970
f 3177 438 437
f 3927 7097 3662
f 4598 6991 6702
f 3175 475 476
f 7203 3858 6811
f 7202 3857 6810
f 2622 6326 4139
f 4597 6990 6701
f 3936 7106 3671
f 3932 7102 3667
f 4139 5098 2622
f 4596 6989 6700
f 2612 6243 4057
f 3937 7107 3672
f 4057 5016 2612
f 4595 6988 6699
f 4058 5017 2599
f 4964 3132 5974
f 4594 6987 6698
f 4419 4248 6610
f 2598 6242 4056
f 4967 3133 5975
f 4593 6986 6697
f 4340 4249 6611
f 4056 5015 2598
f 4968 3134 5976
f 4592 6985 6696
f 5250 7025 5441
f 5249 7024 5440
f 4971 3136 5977
f 4591 6984 6695
f 5440 4154 5249
f 5441 4157 5250
f 4970 3135 5978
f 4590 6983 6694
f 3938 7109 3673
f 5265 5108 3304
f 4420 4206 6567
f 4589 6982 6693
f 3859 7030 3593
f 4342 4247 6607
f 3467 5419 4002
f 4588 6981 6692
f 4341 4167 6528
f 3899 7031 3634
f 4975 3138 5981
f 4587 6980 6691
f 4343 4168 6529
f 7337 4001 5418
f 4974 3137 5982
f 4586 6979 6690
f 4345 4169 6530
f 6150 4444 4844
f 4347 4170 6531
f 4585 6978 6689
f 6151 4485 4876
f 2621 6323 4136
f 4349 4171 6532
f 4584 6977 6688
f 6152 4445 4845
f 4979 3140 5985
f 4583 6976 6687
f 4351 4172 6533
f 6153 4446 4846
f 4978 3139 5986
f 4582 6975 6686
f 4353 4173 6534
f 4355 4174 6535
f 4136 5095 2621
f 4581 6974 6685
f 6155 4448 4847
f 4357 4175 6536
f 4359 4176 6537
f 4580 6973 6684
f 6157 4450 4848
f 4361 4177 6538
f 4983 3142 5989
f 4579 6972 6683
f 4363 4178 6539
f 4982 3141 5990
f 4578 6971 6682
f 6159 4452 4849
f 4985 3143 5991
f 2794 4435 4485
f 4577 6970 6681
f 4367 4179 6540
f 4365 4180 6541
f 2751 4434 4444
f 4576 6969 6680
f 6161 4454 4850
f 4369 4181 6542
f 4575 6968 6679
f 4371 4182 6543
f 4375 4183 6544
f 4573 6928 6678
f 6164 4457 4851
f 4373 4184 6545
f 4572 6967 6677
f 6165 4458 4852
f 4986 3144 5996
f 4571 6966 6676
f 4377 4185 6546
f 4989 3145 5997
f 4570 6965 6675
f 6166 4459 4853
f 4990 3146 5998
f 4569 6964 6674
f 4381 4186 6547
f 4993 3148 5999
f 4568 6963 6673
f 6167 4460 4854
f 4992 3147 6000
f 4567 6962 6672
f 4379 4187 6548
f 6168 4461 4855
f 4566 6961 6671
f 4383 4188 6549
f 6169 4462 4856
f 4565 6960 6670
f 4385 4189 6550
f 4997 3150 6003
f 4564 6959 6669
f 6170 4463 4857
f 4996 3149 6004
f 4563 6958 6668
f 4387 4190 6551
f 4998 3151 6005
f 4562 6957 6667
f 6171 4464 4858
f 4389 4191 6552
f 4561 6956 6666
f 6172 4465 4859
f 4391 4192 6553
f 6173 4466 4860
f 4560 6955 6665
f 4393 4193 6554
f 6174 4467 4861
f 4559 6954 6664
f 4395 4194 6555
f 3466 5418 4001
f 4397 4195 6556
f 6175 4468 4862
f 4399 4196 6557
f 2599 6246 4058
f 4403 4197 6558
f 3857 7110 3633
f 4401 4198 6559
f 6176 4469 4863
f 4558 6953 6663
f 4405 4199 6560
f 7336 3998 5415
f 4407 4200 6561
f 4999 3152 6010
f 4557 6952 6662
f 3182 3186 477
f 476 3182 477
f 3181 3184 436
f 437 3181 436
f 3464 5415 3998
f 4409 4201 6562
f 6177 4470 4864
f 4411 4202 6563
f 5841 6815 4335
f 5840 6814 4334
f 5001 3153 6011
f 4556 6951 6661
f 3858 7111 3674
f 4413 4203 6564
f 3808 2583 7632
f 2735 3290 482
f 3463 5414 3997
f 481 2735 482
f 7632 2583 3185
f 3289 2734 431
f 2734 3192 432
f 2734 432 431
f 487 2736 7441
f 2733 3288 431
f 4417 4204 6565
f 432 2733 431
f 487 7441 486
f 3287 2732 482
f 2732 3191 481
f 2732 481 482
f 6441 2612 5016
f 6440 2598 5015
f 6525 2613 5018
f 6524 2599 5017
f 4555 6950 6660
f 4554 6949 6659
f 6521 2622 5098
f 6178 4471 4865
f 4415 4205 6566
f 6518 2621 5095
f 3941 7112 3675
f 4421 4208 6568
f 4099 5018 2613
f 4416 4209 6569
f 6179 4472 4866
f 4418 4210 6570
f 3942 7113 3676
f 4414 4211 6571
f 5264 5107 3303
f 4412 4212 6572
f 6180 4473 4867
f 4410 4213 6573
f 2613 6247 4099
f 4408 4214 6574
f 3931 7101 3666
f 4406 4215 6575
f 6181 4474 4868
f 4402 4216 6576
f 4059 5019 2600
f 4404 4217 6577
f 4060 5020 2601
f 4400 4218 6578
f 6182 4475 4869
f 4398 4219 6579
f 6493 2620 5070
f 3473 5428 4006
f 6491 2619 5068
f 4396 4220 6580
f 6489 2618 5066
f 2601 6248 4060
f 6487 2617 5064
f 4394 4221 6581
f 6485 2616 5062
f 6183 4476 4870
f 6483 2615 5060
f 6482 2614 5059
f 6481 2608 5058
f 4392 4222 6582
f 3491 6034 4440
f 6478 2607 5055
f 4390 4223 6583
f 4388 4224 6584
f 6184 4477 4871
f 4386 4225 6585
f 3496 6073 4441
f 4384 4226 6586
f 4380 4227 6587
f 6185 4478 4872
f 4382 4228 6588
f 6330 3479 5143
f 4378 4229 6589
f 4062 5022 2602
f 4374 4230 6590
f 6186 4479 4873
f 4376 4231 6591
f 2602 6250 4062
f 4372 4232 6592
f 4370 4233 6593
f 4366 4234 6594
f 6331 3480 5144
f 4368 4235 6595
f 4364 4236 6596
f 6188 4481 4874
f 4362 4237 6597
f 4553 6948 6658
f 6453 2606 5030
f 4064 5024 2603
f 4552 6947 6657
f 6451 2605 5028
f 4360 4238 6598
f 4551 6946 6656
f 6449 2604 5026
f 2603 6252 4064
f 4550 6945 6655
f 6447 2603 5024
f 4358 4239 6599
f 4549 6944 6654
f 6445 2602 5022
f 6189 4482 4875
f 4548 6943 6653
f 6443 2601 5020
f 6442 2600 5019
f 4547 6942 6652
f 4546 6941 6651
f 426 2738 7442
f 4545 6940 6650
f 426 7442 427
f 4544 6939 6649
f 4543 6938 6648
f 4542 6937 6647
f 4541 6936 6646
f 468 6917 469
f 445 6916 444
f 4540 6935 6645
f 4539 6934 6644
f 4538 6933 6643
f 4537 6932 6642
f 4536 6931 6641
f 4535 6930 6640
f 4356 4240 6600
f 3460 5402 3986
f 4354 4241 6601
f 4352 4242 6602
f 6815 3388 4335
f 4350 4243 6603
f 6814 3309 4334
f 3930 7100 3665
f 4615 7009 6721
f 592 6727 590
f 320 6726 323
f 4614 7008 6720
f 4348 4244 6604
f 4533 6927 6639
f 590 6725 589
f 323 6724 324
f 589 6723 586
f 4532 6926 6638
f 324 6722 326
f 586 6721 584
f 326 6720 329
f 584 6719 582
f 329 6718 331
f 4346 4245 6605
f 507 6717 505
f 508 6716 507
f 510 6715 508
f 512 6714 510
f 514 6713 512
f 4617 7011 6723
f 517 6712 514
f 519 6711 517
f 521 6710 519
f 522 6709 521
f 525 6708 522
f 4616 7010 6722
f 527 6707 525
f 528 6706 527
f 531 6705 528
f 533 6704 531
f 534 6703 533
f 3474 5429 4007
f 537 6702 534
f 539 6701 537
f 541 6700 539
f 542 6699 541
f 544 6698 542
f 4344 4246 6606
f 547 6697 544
f 549 6696 547
f 551 6695 549
f 553 6694 551
f 554 6693 553
f 4066 5026 2604
f 556 6692 554
f 558 6691 556
f 561 6690 558
f 562 6689 561
f 565 6688 562
f 4338 4166 6608
f 566 6687 565
f 569 6686 566
f 570 6685 569
f 572 6684 570
f 574 6683 572
f 3457 5397 3985
f 576 6682 574
f 578 6681 576
f 580 6680 578
f 582 6679 580
f 407 6678 409
f 4339 4207 6609
f 405 6677 407
f 402 6676 405
f 401 6675 402
f 398 6674 401
f 397 6673 398
f 6192 4486 4877
f 395 6672 397
f 392 6671 395
f 390 6670 392
f 389 6669 390
f 386 6668 389
f 2604 6254 4066
f 384 6667 386
f 382 6666 384
f 381 6665 382
f 379 6664 381
f 376 6663 379
f 5136 4531 2845
f 375 6662 376
f 373 6661 375
f 371 6660 373
f 368 6659 371
f 367 6658 368
f 5135 4530 2844
f 365 6657 367
f 363 6656 365
f 361 6655 363
f 359 6654 361
f 356 6653 359
f 5741 7348 3158
f 354 6652 356
f 352 6651 354
f 350 6650 352
f 348 6649 350
f 346 6648 348
f 7444 5741 3158
f 344 6647 346
f 343 6646 344
f 340 6645 343
f 339 6644 340
f 337 6643 339
f 5740 7347 3157
f 335 6642 337
f 333 6641 335
f 331 6640 333
f 505 6639 503
f 409 6638 411
f 7443 5740 3157
f 503 6637 501
f 411 6636 412
f 501 6635 498
f 412 6634 414
f 498 6627 497
f 3384 3100 3427
f 414 6626 417
f 4442 6234 4162
f 4443 6235 4163
f 3385 3101 3426
f 3382 3098 3425
f 3381 3097 3424
f 3378 3094 3423
f 3377 3093 3422
f 3374 3090 3421
f 3371 3087 3420
f 3368 3084 3419
f 3367 3083 3418
f 3364 3080 3417
f 5239 7026 4038
f 3363 3079 3416
f 5240 7027 4039
f 3360 3076 3415
f 3359 3075 3414
f 3356 3072 3413
f 3355 3071 3412
f 3352 3068 3411
f 3349 3065 3410
f 3346 3062 3409
f 8032 3074 3072
f 3340 3056 3407
f 3341 3057 3406
f 3334 3050 3405
f 3335 3051 3404
f 8034 5395 3063
f 3333 3049 3402
f 3329 3045 3401
f 3325 3041 3400
f 3321 3037 3399
f 3317 3033 3398
f 3313 3029 3397
f 3310 3026 3396
f 6625 6337 3948
f 6624 6336 3947
f 5014 3845 6630
f 5013 3846 6631
f 4328 5343 5262
f 7335 3984 5396
f 4325 5346 5261
f 4324 5341 5260
f 4311 5332 5259
f 4310 5327 5258
f 4289 5310 5257
f 4288 5305 5256
f 4283 5304 5255
f 4282 5299 5254
f 4275 5296 5253
f 4274 5291 5252
f 3388 6017 7448
f 4335 3388 7448
f 3309 6016 7447
f 4334 3309 7447
f 6193 4487 4878
f 3456 5396 3984
f 466 3820 467
f 447 3819 446
f 6245 4807 6632
f 6244 4806 6633
f 2934 4915 4807
f 6195 4489 4879
f 2849 4914 4806
f 451 3797 450
f 4425 6123 2839
f 462 3798 463
f 3454 5393 3980
f 4424 6122 2838
f 3795 458 459
f 3796 455 454
f 484 2586 485
f 3172 453 452
f 6197 4491 4880
f 3851 2587 485
f 3452 5391 3981
f 6144 4016 4028
f 3737 5731 7434
f 3695 5730 7433
f 6620 2838 6122
f 6145 4017 4029
f 4805 2612 6125
f 6229 4523 4907
f 6621 2839 6123
f 4804 2598 6124
f 7199 7329 4831
f 6228 4522 4906
f 7198 7328 4830
f 3433 5358 3953
f 8041 3478 4013
f 2587 484 485
f 7334 3979 5390
f 6199 4493 4881
f 3955 5358 3433
f 3956 5361 3434
f 6226 4520 4905
f 3451 5390 3979
f 4336 4164 6612
f 4337 4165 6613
f 6016 3309 3106
f 6225 4519 4904
f 3106 3309 3395
f 6017 3388 3156
f 3156 3388 3428
f 6224 4518 4903
f 429 2588 428
f 3965 5370 3437
f 4068 5028 2605
f 2620 6298 4111
f 6223 4517 4902
f 4111 5070 2620
f 3968 5374 3439
f 5935 3311 3107
f 6222 4516 4901
f 3450 5388 3976
f 5459 3432 5146
f 4150 5117 3305
f 3969 5377 3441
f 6221 4515 4900
f 2619 6296 4109
f 4151 5118 3306
f 4109 5068 2619
f 6220 4514 4899
f 3971 5380 3444
f 6012 3389 3155
f 3974 5383 3446
f 3852 2589 428
f 6219 4513 4898
f 3972 5385 3447
f 3976 5386 3448
f 3975 5387 3449
f 6218 4512 4897
f 2618 6294 4107
f 5934 3310 3108
f 3980 5391 3452
f 3979 5392 3453
f 6217 4511 4896
f 3978 5393 3454
f 3982 5394 3455
f 4107 5066 2618
f 6216 4510 4895
f 3108 3310 3396
f 5937 3313 3109
f 3983 5399 3458
f 3986 5400 3459
f 6215 4509 4894
f 2617 6292 4105
f 4105 5064 2617
f 6214 4508 4893
f 3109 3313 3397
f 3989 5404 3461
f 3171 460 461
f 6213 4507 4892
f 2616 6290 4103
f 4103 5062 2616
f 7333 3977 5387
f 2605 6256 4068
f 6212 4506 4891
f 2615 6288 4101
f 4101 5060 2615
f 4100 5059 2614
f 6211 4505 4890
f 4627 5827 6817
f 3996 5413 3462
f 2608 6286 4098
f 4626 5826 6816
f 6210 4504 4889
f 4098 5058 2608
f 3999 5416 3465
f 3449 5387 3977
f 6209 4503 4888
f 5938 3314 3110
f 7442 3852 427
f 4000 5421 3468
f 6208 4502 4887
f 4003 5422 3469
f 2589 429 428
f 6207 4501 4886
f 5941 3317 3111
f 477 3175 476
f 4006 5426 3471
f 4005 5427 3472
f 6206 4500 4885
f 2607 6283 4095
f 4095 5055 2607
f 6205 4499 4884
f 2579 7173 2563
f 2579 7172 2561
f 2578 7151 2552
f 2578 7150 2550
f 2577 7145 2549
f 2577 7144 2547
f 2576 7137 2545
f 2576 7136 2543
f 4799 6527 6239
f 4798 6526 6238
f 4008 5430 3475
f 4012 5432 3476
f 7441 3851 486
f 6204 4498 4883
f 3111 3317 3398
f 4009 5435 3477
f 5940 3316 3112
f 8041 5437 4015
f 5458 3431 5145
f 5942 3318 3113
f 6112 3591 6328
f 6113 3592 6329
f 3447 5385 3974
f 7330 3955 5360
f 6017 2933 5006
f 3694 5006 2933
f 6016 2850 5005
f 3693 5005 2850
f 5849 4163 6235
f 2597 5849 6235
f 5848 4162 6234
f 2596 5848 6234
f 436 3177 437
f 5945 3321 3114
f 6201 4495 4882
f 7199 6629 5136
f 2932 5004 6013
f 3737 5004 2932
f 2851 4928 5934
f 3695 4928 2851
f 3114 3321 3399
f 5944 3320 3115
f 2929 5002 6012
f 3734 5002 2929
f 2928 5001 6011
f 3739 5001 2928
f 2927 5000 6008
f 3733 5000 2927
f 4070 5030 2606
f 2606 6258 4070
f 2925 4999 6010
f 3732 4999 2925
f 2924 4998 6005
f 3741 4998 2924
f 5946 3322 3116
f 7443 3157 4798
f 2922 4997 6003
f 3742 4997 2922
f 2921 4996 6004
f 3730 4996 2921
f 2920 4995 6001
f 3743 4995 2920
f 2919 4994 6002
f 3729 4994 2919
f 2918 4993 5999
f 3744 4993 2918
f 2917 4992 6000
f 3728 4992 2917
f 2916 4991 5995
f 3745 4991 2916
f 2915 4990 5998
f 3727 4990 2915
f 2914 4989 5997
f 3746 4989 2914
f 2913 4988 5994
f 3726 4988 2913
f 2912 4987 5993
f 3747 4987 2912
f 2911 4986 5996
f 3725 4986 2911
f 2910 4985 5991
f 3748 4985 2910
f 2909 4984 5992
f 3724 4984 2909
f 2908 4983 5989
f 3749 4983 2908
f 2907 4982 5990
f 3723 4982 2907
f 2906 4981 5987
f 3750 4981 2906
f 2905 4980 5988
f 3722 4980 2905
f 2904 4979 5985
f 3751 4979 2904
f 2903 4978 5986
f 3721 4978 2903
f 2902 4977 5983
f 3752 4977 2902
f 2901 4976 5984
f 3720 4976 2901
f 2900 4975 5981
f 3753 4975 2900
f 2899 4974 5982
f 3719 4974 2899
f 2898 4973 5979
f 3754 4973 2898
f 2897 4972 5980
f 3718 4972 2897
f 2896 4971 5977
f 3755 4971 2896
f 2895 4970 5978
f 3717 4970 2895
f 2894 4969 5973
f 3756 4969 2894
f 2893 4968 5976
f 3716 4968 2893
f 2892 4967 5975
f 3757 4967 2892
f 2891 4966 5972
f 3715 4966 2891
f 2890 4965 5971
f 3758 4965 2890
f 2889 4964 5974
f 3714 4964 2889
f 2888 4963 5967
f 3759 4963 2888
f 2887 4962 5970
f 3713 4962 2887
f 2886 4961 5969
f 3760 4961 2886
f 2885 4960 5966
f 3712 4960 2885
f 2884 4959 5965
f 3761 4959 2884
f 2883 4958 5968
f 3711 4958 2883
f 2882 4957 5963
f 3762 4957 2882
f 2881 4956 5964
f 3710 4956 2881
f 2880 4955 5959
f 3763 4955 2880
f 2879 4954 5962
f 3709 4954 2879
f 2878 4953 5961
f 3764 4953 2878
f 2877 4952 5958
f 3708 4952 2877
f 2876 4951 5957
f 3765 4951 2876
f 2875 4950 5960
f 3707 4950 2875
f 2874 4949 5955
f 3766 4949 2874
f 2873 4948 5956
f 3706 4948 2873
f 2872 4947 5953
f 3767 4947 2872
f 2871 4946 5954
f 3705 4946 2871
f 2870 4945 5951
f 3768 4945 2870
f 2869 4944 5952
f 3704 4944 2869
f 2868 4943 5949
f 3769 4943 2868
f 2867 4942 5950
f 3703 4942 2867
f 2866 4941 5947
f 3770 4941 2866
f 2865 4940 5948
f 3702 4940 2865
f 2864 4939 5945
f 3771 4939 2864
f 2863 4938 5946
f 3701 4938 2863
f 2862 4937 5943
f 3772 4937 2862
f 2861 4936 5944
f 3435 5363 3959
f 3700 4936 2861
f 4531 5136 6629
f 5949 3325 3117
f 3117 3325 3400
f 2859 4935 5942
f 3699 4935 2859
f 2858 4934 5939
f 3774 4934 2858
f 2857 4933 5940
f 3698 4933 2857
f 2856 4932 5937
f 3775 4932 2856
f 5948 3324 3118
f 3446 5383 3975
f 2854 4931 5935
f 3776 4931 2854
f 2853 4930 5936
f 3696 4930 2853
f 4803 3803 4053
f 3170 3803 4803
f 7444 3158 4799
f 4802 3804 4052
f 3169 3804 4802
f 5950 3326 3119
f 3735 5003 2931
f 3777 4929 2852
f 7332 3973 5382
f 3928 7098 3663
f 3154 3384 3427
f 6008 3384 3154
f 3153 3385 3426
f 6009 3385 3153
f 7198 6628 5135
f 5953 3329 3120
f 3120 3329 3401
f 5952 3328 3121
f 3152 3382 3425
f 6006 3382 3152
f 4530 5135 6628
f 6007 3383 3151
f 3445 5382 3973
f 5954 3330 3122
f 3150 3381 3424
f 6005 3381 3150
f 3149 3378 3423
f 6002 3378 3149
f 7331 3970 5379
f 5957 3333 3123
f 3436 5368 3962
f 3123 3333 3402
f 3148 3377 3422
f 6001 3377 3148
f 3147 3374 3421
f 5998 3374 3147
f 5956 3332 3124
f 3124 3332 3403
f 3443 5379 3970
f 5994 3370 3146
f 3145 3371 3420
f 5995 3371 3145
f 5959 3335 3125
f 3125 3335 3404
f 5958 3334 3126
f 3126 3334 3405
f 3144 3368 3419
f 5992 3368 3144
f 5965 3341 3127
f 5993 3369 3143
f 3127 3341 3406
f 3929 7099 3664
f 3142 3367 3418
f 5991 3367 3142
f 3141 3364 3417
f 5988 3364 3141
f 5964 3340 3128
f 3128 3340 3407
f 5967 3343 3129
f 3129 3343 3408
f 3140 3363 3416
f 5987 3363 3140
f 3139 3360 3415
f 5984 3360 3139
f 3438 5372 3965
f 7338 4007 5429
f 5966 3342 3130
f 3440 5376 3968
f 3138 3359 3414
f 5983 3359 3138
f 3137 3356 3413
f 5980 3356 3137
f 6019 5553 3430
f 5971 3347 3131
f 4054 6018 3429
f 5970 3346 3132
f 3136 3355 3412
f 5979 3355 3136
f 3135 3352 3411
f 5976 3352 3135
f 4055 6019 3430
f 3132 3346 3409
f 6018 5552 3429
f 5972 3348 3134
f 3133 3349 3410
f 5973 3349 3133
f 8012 6283 6282
f 6068 8012 6282
f 2844 8011 5123
f 6346 8011 4530
f 8011 6346 5123
f 8011 2844 4530
f 2845 8010 5124
f 6347 8010 4531
f 7993 2751 2750
f 7993 6524 7991
f 6524 7993 2750
f 2751 7993 7991
f 7994 3089 3087
f 7994 5421 5417
f 5421 7994 3087
f 3089 7994 5417
f 7995 2794 2793
f 7995 6525 7992
f 6525 7995 2793
f 2794 7995 7992
f 3070 7996 3072
f 5404 7996 5402
f 7996 5404 3072
f 7996 3070 5402
f 7997 3061 3059
f 7997 5393 5389
f 5393 7997 3059
f 3061 7997 5389
f 3092 7998 3094
f 5426 7998 5424
f 7998 5426 3094
f 7998 3092 5424
f 7999 3053 3051
f 7999 5385 5381
f 5385 7999 3051
f 3053 7999 5381
f 3046 8000 3048
f 5380 8000 5378
f 8000 5380 3048
f 8000 3046 5378
f 3055 8001 3051
f 5383 8001 5387
f 8001 5383 3051
f 8001 3055 5387
f 3060 8002 3407
f 3344 8002 3342
f 8002 3344 3407
f 8002 3060 3342
f 3052 8003 3403
f 3336 8003 3334
f 8003 3336 3403
f 8003 3052 3334
f 3088 8004 3419
f 3372 8004 3370
f 8004 3372 3419
f 8004 3088 3370
f 3040 8005 3042
f 5374 8005 5372
f 8005 5374 3042
f 8005 3040 5372
f 3066 8006 3409
f 3350 8006 3348
f 8006 3350 3409
f 8006 3066 3348
f 8007 3047 3049
f 8007 5379 5377
f 5379 8007 3049
f 3047 8007 5377
f 4426 8008 4422
f 4814 8008 7326
f 8008 4814 4422
f 8008 4426 7326
f 4427 8009 4423
f 4815 8009 7327
f 8009 4815 4423
f 8009 4427 7327
f 8010 2845 4531
f 8010 6347 5124
f 8031 3059 3408
f 8031 3343 3063
f 3343 8031 3408
f 3059 8031 3063
f 8033 3048 3403
f 8033 3332 3046
f 3332 8033 3403
f 3048 8033 3046
f 3067 8034 3063
f 5395 8034 7990
f 8036 3065 5397
f 8036 5399 7990
f 5399 8036 5397
f 3065 8036 7990
f 8037 6069 6070
f 8037 6284 8012
f 3042 8040 3040
f 3326 8040 7964
f 8040 3326 3040
f 8040 3042 7964
f 3478 8041 4015
f 5437 8041 4013
f 564 8153 8223
f 8154 499 8224
f 8153 560 8222
f 8105 8063 8216
f 8061 8107 8155
f 8106 8062 8157
f 8108 8064 8156
f 8103 530 8198
f 564 563 8153
f 500 499 8154
f 563 560 8153
f 8126 8197 8263
f 552 8144 8211
f 8142 573 8209
f 591 8143 8210
f 8097 8145 8189
f 8051 8125 8168
f 8125 8083 8168
f 8124 8051 8168
f 8082 8124 8168
f 8126 8093 8197
f 8117 8068 8159
f 8073 8117 8159
f 8170 8085 8250
f 8065 8119 8204
f 8120 8066 8206
f 8204 8119 8261
f 8120 8206 8262
f 515 513 8104
f 8063 8130 8216
f 536 535 8105
f 552 550 8144
f 575 573 8142
f 591 588 8143
f 8075 8115 8126
f 8115 8043 8126
f 530 529 8198
f 8112 8047 8121
f 8123 8061 8155
f 8064 8124 8156
f 8062 8122 8157
f 8145 8053 8189
f 8063 8121 8174
f 8125 8063 8174
f 8126 8043 8183
f 8093 8126 8183
f 8085 8164 8250
f 8049 8118 8158
f 8118 8072 8158
f 8109 8048 8152
f 8131 568 8146
f 7 8133 8148
f 557 8132 8147
f 8097 8139 8145
f 515 8104 8231
f 8103 8069 8187
f 8098 8138 8149
f 8056 8116 8161
f 8116 8070 8161
f 8068 8117 8135
f 8048 8109 8251
f 8160 8075 8161
f 8178 8118 8212
f 8108 8046 8149
f 8114 8075 8160
f 8065 8131 8146
f 8132 8067 8147
f 8133 8066 8148
f 8071 8111 8175
f 8061 8127 8142
f 8128 8062 8143
f 8129 8064 8144
f 8152 8048 8160
f 496 7 8148
f 568 567 8146
f 559 557 8147
f 536 8105 8216
f 8134 8071 8158
f 8072 8134 8158
f 8057 8114 8170
f 8062 8106 8235
f 8107 8061 8236
f 8064 8108 8237
f 8046 8108 8156
f 8144 8088 8211
f 8086 8142 8209
f 8143 8087 8210
f 8052 8138 8188
f 8138 8098 8188
f 8043 8115 8273
f 8197 8056 8263
f 8070 8113 8152
f 8074 8178 8212
f 7 593 8133
f 571 568 8131
f 557 555 8132
f 530 8103 8187
f 8066 8120 8151
f 8119 8065 8150
f 8105 535 8162
f 526 8110 8198
f 8069 8103 8184
f 8109 8073 8159
f 8072 8110 8238
f 8111 8071 8239
f 8175 8111 8266
f 8059 8118 8178
f 8170 8114 8242
f 8104 513 8167
f 8073 8104 8167
f 8069 8105 8162
f 8104 8073 8190
f 8090 8153 8222
f 8153 8089 8223
f 8091 8154 8224
f 523 520 8134
f 8180 8099 8233
f 8070 8160 8161
f 8096 8180 8228
f 506 504 8135
f 8105 8069 8185
f 8098 8149 8255
f 8063 8105 8185
f 8048 8114 8160
f 8122 8081 8157
f 8080 8123 8155
f 8124 8082 8156
f 8070 8152 8160
f 8067 8132 8205
f 8132 8088 8205
f 8086 8131 8204
f 8131 8065 8204
f 8133 8087 8206
f 8066 8133 8206
f 8060 8175 8266
f 8073 8109 8190
f 8047 8112 8199
f 8138 8067 8149
f 8139 8068 8145
f 8121 8047 8174
f 8057 8170 8250
f 8111 516 8231
f 8101 8197 8276
f 8113 8060 8267
f 8060 8113 8175
f 8197 8093 8276
f 8157 8081 8173
f 8080 8155 8172
f 8112 8059 8178
f 8059 8112 8184
f 8110 526 8238
f 516 8111 8239
f 8110 8072 8213
f 8150 8089 8181
f 8052 8150 8181
f 8151 8053 8182
f 8091 8151 8182
f 8081 8122 8207
f 8122 8050 8207
f 8113 8070 8196
f 8054 8180 8233
f 8044 8157 8173
f 8155 8045 8172
f 8114 8048 8242
f 8065 8146 8252
f 8148 8066 8253
f 8096 8163 8240
f 8240 8163 8259
f 583 581 8140
f 545 543 8141
f 8115 8057 8179
f 8045 8155 8261
f 8155 8107 8261
f 8106 8157 8262
f 8157 8044 8262
f 8117 8073 8215
f 8049 8116 8212
f 8097 8170 8242
f 8069 8162 8187
f 8116 8074 8212
f 8114 8057 8221
f 8075 8114 8221
f 8068 8139 8159
f 8045 8163 8172
f 8163 8096 8172
f 8164 8044 8173
f 8095 8164 8173
f 8057 8115 8221
f 8115 8075 8221
f 8116 8049 8196
f 8147 8067 8243
f 8112 8121 8271
f 8133 593 8210
f 571 8131 8209
f 8132 555 8211
f 8061 8142 8236
f 8143 8062 8235
f 8144 8064 8237
f 8116 8056 8225
f 8128 8077 8200
f 8076 8127 8201
f 8062 8128 8200
f 8127 8061 8201
f 8078 8130 8203
f 8129 8079 8202
f 8130 8063 8203
f 8064 8129 8202
f 8070 8116 8196
f 8074 8116 8225
f 8099 8180 8249
f 529 526 8198
f 8117 509 8275
f 509 8117 8215
f 8101 8136 8197
f 8168 8083 8208
f 8180 8054 8228
f 8130 538 8216
f 8083 8125 8174
f 8176 8072 8238
f 8071 8177 8239
f 8113 8196 8229
f 8208 8083 8217
f 8074 8136 8199
f 8077 8140 8165
f 8140 8076 8165
f 8141 8078 8166
f 8079 8141 8166
f 8087 8133 8210
f 8131 8086 8209
f 8088 8132 8211
f 8139 8097 8242
f 8048 8139 8242
f 8121 8063 8185
f 8072 8118 8213
f 8149 8067 8205
f 8196 8049 8229
f 8134 8072 8176
f 523 8134 8176
f 8071 8134 8177
f 8134 520 8177
f 8127 8076 8278
f 8077 8128 8277
f 8130 8078 8279
f 8079 8129 8280
f 8108 8149 8205
f 8123 8080 8254
f 8118 8049 8212
f 8118 8059 8213
f 506 8135 8275
f 8135 8117 8275
f 8135 504 8186
f 8098 8137 8171
f 8085 8220 8269
f 8219 8084 8268
f 8137 8058 8171
f 8137 8100 8191
f 8220 8120 8269
f 8119 8219 8268
f 535 532 8162
f 8122 8062 8200
f 8061 8123 8201
f 8124 8064 8202
f 8063 8125 8203
f 8075 8126 8263
f 8050 8122 8246
f 8125 8051 8247
f 8051 8124 8248
f 8080 8169 8254
f 8095 8227 8233
f 8095 8173 8227
f 8172 8096 8228
f 8149 8046 8255
f 8087 8143 8235
f 8142 8086 8236
f 8088 8144 8237
f 538 8130 8279
f 8169 8207 8254
f 8174 8047 8218
f 8136 8101 8272
f 8153 8090 8181
f 8092 8154 8182
f 8191 8100 8234
f 8068 8135 8244
f 8145 8068 8244
f 8152 8113 8267
f 8076 8140 8193
f 8140 581 8193
f 8140 8077 8192
f 583 8140 8192
f 8141 543 8195
f 545 8141 8194
f 8078 8141 8195
f 8141 8079 8194
f 8136 8056 8197
f 8100 8137 8274
f 8206 8106 8262
f 8107 8204 8261
f 577 8256 8278
f 8257 587 8277
f 8258 548 8280
f 8151 8120 8220
f 8119 8150 8219
f 513 511 8167
f 8136 8074 8225
f 8058 8137 8191
f 8090 8147 8243
f 8056 8136 8225
f 8145 8244 8264
f 8073 8167 8215
f 538 536 8216
f 8156 8082 8214
f 8256 8127 8278
f 8128 8257 8277
f 8129 8258 8280
f 516 515 8231
f 8150 8052 8219
f 8053 8151 8220
f 8180 8102 8249
f 8146 567 8223
f 496 8148 8224
f 559 8147 8222
f 8135 8186 8244
f 8199 8136 8272
f 8158 8071 8229
f 8067 8138 8243
f 8137 8098 8255
f 8180 8096 8240
f 8102 8180 8240
f 8098 8171 8188
f 8094 8191 8234
f 8139 8048 8251
f 8138 8052 8232
f 8085 8170 8189
f 8170 8097 8189
f 8171 8084 8188
f 8046 8156 8214
f 8179 8095 8233
f 8099 8179 8233
f 8050 8245 8254
f 8245 8123 8254
f 524 523 8176
f 520 518 8177
f 8115 8179 8273
f 8190 8109 8267
f 8089 8153 8181
f 8154 8091 8182
f 8112 8178 8199
f 8186 8092 8244
f 509 506 8275
f 8055 8234 8270
f 8179 8099 8273
f 8142 8127 8256
f 8129 8144 8258
f 8128 8143 8257
f 8143 588 8257
f 575 8142 8256
f 8144 550 8258
f 8147 8090 8222
f 8089 8146 8223
f 8148 8091 8224
f 500 8154 8265
f 8071 8175 8229
f 567 564 8223
f 499 496 8224
f 560 559 8222
f 8192 8077 8277
f 8194 8079 8280
f 8076 8193 8278
f 8078 8195 8279
f 8053 8145 8264
f 532 530 8187
f 511 509 8215
f 8146 8089 8252
f 8091 8148 8253
f 526 524 8238
f 518 516 8239
f 8089 8150 8252
f 8150 8065 8252
f 8066 8151 8253
f 8151 8091 8253
f 8060 8190 8267
f 504 502 8186
f 8059 8184 8260
f 8183 8094 8226
f 8154 8092 8265
f 8244 8092 8264
f 502 500 8265
f 587 585 8277
f 579 577 8278
f 540 538 8279
f 548 546 8280
f 581 579 8193
f 585 583 8192
f 546 545 8194
f 543 540 8195
f 8204 8107 8236
f 8205 8088 8237
f 8108 8205 8237
f 8086 8204 8236
f 8206 8087 8235
f 8106 8206 8235
f 8226 8094 8234
f 8162 532 8187
f 555 552 8211
f 573 571 8209
f 593 591 8210
f 8184 8103 8260
f 8110 8213 8260
f 8159 8139 8251
f 8161 8075 8263
f 8109 8152 8267
f 8181 8090 8232
f 8083 8174 8218
f 8047 8199 8272
f 8213 8059 8260
f 8049 8158 8229
f 8052 8188 8219
f 8189 8053 8220
f 8165 8076 8245
f 8077 8165 8246
f 8166 8078 8247
f 8079 8166 8248
f 8092 8182 8264
f 8069 8184 8271
f 8184 8112 8271
f 8175 8113 8229
f 550 548 8258
f 577 575 8256
f 588 587 8257
f 8109 8159 8251
f 8169 8081 8207
f 8082 8168 8208
f 8208 8055 8270
f 8167 511 8215
f 8169 8080 8228
f 8081 8169 8227
f 8234 8100 8270
f 8163 8084 8259
f 8178 8074 8199
f 8058 8240 8259
f 8080 8172 8228
f 8173 8081 8227
f 8084 8163 8268
f 8164 8085 8269
f 8055 8208 8217
f 8169 8054 8227
f 8054 8169 8228
f 8084 8171 8259
f 8227 8054 8233
f 8217 8083 8218
f 8101 8217 8218
f 8190 8060 8266
f 8104 8190 8266
f 8050 8165 8245
f 8165 8050 8246
f 8166 8051 8248
f 8051 8166 8247
f 8164 8095 8250
f 8240 8058 8241
f 8093 8226 8276
f 8056 8161 8263
f 8092 8186 8265
f 8076 8201 8245
f 8200 8077 8246
f 8078 8203 8247
f 8202 8079 8248
f 524 8176 8238
f 8177 518 8239
f 8102 8240 8241
f 8188 8084 8219
f 8085 8189 8220
f 8163 8045 8268
f 8044 8164 8269
f 8093 8183 8226
f 8052 8181 8232
f 8094 8183 8230
f 8183 8043 8230
f 8171 8058 8259
f 8095 8179 8250
f 8179 8057 8250
f 8230 8043 8249
f 8102 8230 8249
f 8058 8191 8241
f 8055 8226 8234
f 8182 8053 8264
f 8122 8200 8246
f 8201 8123 8245
f 8124 8202 8248
f 8203 8125 8247
f 8185 8069 8271
f 8121 8185 8271
f 8191 8094 8241
f 8138 8232 8243
f 8207 8050 8254
f 8198 8110 8260
f 8045 8261 8268
f 8261 8119 8268
f 8262 8044 8269
f 8120 8262 8269
f 8094 8230 8241
f 8230 8102 8241
f 8111 8231 8266
f 8231 8104 8266
f 8186 502 8265
f 8101 8218 8272
f 8218 8047 8272
f 8103 8198 8260
f 8232 8090 8243
f 8082 8208 8270
f 8214 8100 8274
f 8046 8214 8274
f 8055 8217 8276
f 8217 8101 8276
f 8214 8082 8270
f 585 8192 8277
f 8193 579 8278
f 546 8194 8280
f 8195 540 8279
f 8100 8214 8270
f 8226 8055 8276
f 8249 8043 8273
f 8137 8255 8274
f 8255 8046 8274
f 8099 8249 8273