# https://github.com/mikedh/trimesh
v 0.50000000 0.00000000 -0.06250000
v 0.50000000 0.00000000 -0.06250000
v 0.50000000 0.00000000 0.00000000
v 0.50000000 0.00000000 0.00000000
v 0.43750000 0.00000000 0.06250000
v 0.43750000 0.00000000 0.06250000
v 0.49979975 0.01414943 -0.06250000
v 0.49979975 0.01414943 -0.06250000
v 0.49919918 0.02828752 -0.06250000
v 0.49919918 0.02828752 -0.06250000
v 0.49819875 0.04240296 -0.06250000
v 0.49819875 0.04240296 -0.06250000
v 0.49679926 0.05648444 -0.06250000
v 0.49679926 0.05648444 -0.06250000
v 0.49500185 0.07052066 -0.06250000
v 0.49500185 0.07052066 -0.06250000
v 0.49280795 0.08450041 -0.06250000
v 0.49280795 0.08450041 -0.06250000
v 0.49021933 0.09841247 -0.06250000
v 0.49021933 0.09841247 -0.06250000
v 0.48723804 0.11224570 -0.06250000
v 0.48723804 0.11224570 -0.06250000
v 0.48386648 0.12598903 -0.06250000
v 0.48386648 0.12598903 -0.06250000
v 0.48010734 0.13963144 -0.06250000
v 0.48010734 0.13963144 -0.06250000
v 0.47596365 0.15316201 -0.06250000
v 0.47596365 0.15316201 -0.06250000
v 0.47143873 0.16656990 -0.06250000
v 0.47143873 0.16656990 -0.06250000
v 0.46653618 0.17984436 -0.06250000
v 0.46653618 0.17984436 -0.06250000
v 0.46125994 0.19297477 -0.06250000
v 0.46125994 0.19297477 -0.06250000
v 0.45561425 0.20595063 -0.06250000
v 0.45561425 0.20595063 -0.06250000
v 0.44960361 0.21876150 -0.06250000
v 0.44960361 0.21876150 -0.06250000
v 0.44323284 0.23139716 -0.06250000
v 0.44323284 0.23139716 -0.06250000
v 0.43650706 0.24384748 -0.06250000
v 0.43650706 0.24384748 -0.06250000
v 0.42943164 0.25610246 -0.06250000
v 0.42943164 0.25610246 -0.06250000
v 0.42201224 0.26815233 -0.06250000
v 0.42201224 0.26815233 -0.06250000
v 0.41425483 0.27998739 -0.06250000
v 0.41425483 0.27998739 -0.06250000
v 0.40616560 0.29159820 -0.06250000
v 0.40616560 0.29159820 -0.06250000
v 0.39775104 0.30297544 -0.06250000
v 0.39775104 0.30297544 -0.06250000
v 0.38901788 0.31411000 -0.06250000
v 0.38901788 0.31411000 -0.06250000
v 0.37997312 0.32499296 -0.06250000
v 0.37997312 0.32499296 -0.06250000
v 0.37062401 0.33561561 -0.06250000
v 0.37062401 0.33561561 -0.06250000
v 0.36097805 0.34596944 -0.06250000
v 0.36097805 0.34596944 -0.06250000
v 0.35104294 0.35604614 -0.06250000
v 0.35104294 0.35604614 -0.06250000
v 0.34082665 0.36583766 -0.06250000
v 0.34082665 0.36583766 -0.06250000
v 0.33033736 0.37533615 -0.06250000
v 0.33033736 0.37533615 -0.06250000
v 0.31958348 0.38453400 -0.06250000
v 0.31958348 0.38453400 -0.06250000
v 0.30857361 0.39342385 -0.06250000
v 0.30857361 0.39342385 -0.06250000
v 0.29731659 0.40199856 -0.06250000
v 0.29731659 0.40199856 -0.06250000
v 0.28582141 0.41025129 -0.06250000
v 0.28582141 0.41025129 -0.06250000
v 0.27409730 0.41817540 -0.06250000
v 0.27409730 0.41817540 -0.06250000
v 0.26215364 0.42576458 -0.06250000
v 0.26215364 0.42576458 -0.06250000
v 0.25000000 0.43301270 -0.06250000
v 0.25000000 0.43301270 -0.06250000
v 0.23764611 0.43991400 -0.06250000
v 0.23764611 0.43991400 -0.06250000
v 0.22510188 0.44646293 -0.06250000
v 0.22510188 0.44646293 -0.06250000
v 0.21237732 0.45265425 -0.06250000
v 0.21237732 0.45265425 -0.06250000
v 0.19948268 0.45848300 -0.06250000
v 0.19948268 0.45848300 -0.06250000
v 0.18642824 0.46394451 -0.06250000
v 0.18642824 0.46394451 -0.06250000
v 0.17322448 0.46903441 -0.06250000
v 0.17322448 0.46903441 -0.06250000
v 0.15988196 0.47374863 -0.06250000
v 0.15988196 0.47374863 -0.06250000
v 0.14641139 0.47808336 -0.06250000
v 0.14641139 0.47808336 -0.06250000
v 0.13282354 0.48203518 -0.06250000
v 0.13282354 0.48203518 -0.06250000
v 0.11912930 0.48560088 -0.06250000
v 0.11912930 0.48560088 -0.06250000
v 0.10533964 0.48877762 -0.06250000
v 0.10533964 0.48877762 -0.06250000
v 0.09146560 0.49156286 -0.06250000
v 0.09146560 0.49156286 -0.06250000
v 0.07751830 0.49395436 -0.06250000
v 0.07751830 0.49395436 -0.06250000
v 0.06350891 0.49595021 -0.06250000
v 0.06350891 0.49595021 -0.06250000
v 0.04944865 0.49754883 -0.06250000
v 0.04944865 0.49754883 -0.06250000
v 0.03534879 0.49874890 -0.06250000
v 0.03534879 0.49874890 -0.06250000
v 0.02122060 0.49954949 -0.06250000
v 0.02122060 0.49954949 -0.06250000
v 0.00707543 0.49994994 -0.06250000
v 0.00707543 0.49994994 -0.06250000
v -0.00707543 0.49994994 -0.06250000
v -0.00707543 0.49994994 -0.06250000
v -0.02122060 0.49954949 -0.06250000
v -0.02122060 0.49954949 -0.06250000
v -0.03534879 0.49874890 -0.06250000
v -0.03534879 0.49874890 -0.06250000
v -0.04944865 0.49754883 -0.06250000
v -0.04944865 0.49754883 -0.06250000
v -0.06350891 0.49595021 -0.06250000
v -0.06350891 0.49595021 -0.06250000
v -0.07751830 0.49395436 -0.06250000
v -0.07751830 0.49395436 -0.06250000
v -0.09146560 0.49156286 -0.06250000
v -0.09146560 0.49156286 -0.06250000
v -0.10533964 0.48877762 -0.06250000
v -0.10533964 0.48877762 -0.06250000
v -0.11912930 0.48560088 -0.06250000
v -0.11912930 0.48560088 -0.06250000
v -0.13282354 0.48203518 -0.06250000
v -0.13282354 0.48203518 -0.06250000
v -0.14641139 0.47808336 -0.06250000
v -0.14641139 0.47808336 -0.06250000
v -0.15988196 0.47374863 -0.06250000
v -0.15988196 0.47374863 -0.06250000
v -0.17322448 0.46903441 -0.06250000
v -0.17322448 0.46903441 -0.06250000
v -0.18642824 0.46394451 -0.06250000
v -0.18642824 0.46394451 -0.06250000
v -0.19948268 0.45848300 -0.06250000
v -0.19948268 0.45848300 -0.06250000
v -0.21237732 0.45265425 -0.06250000
v -0.21237732 0.45265425 -0.06250000
v -0.22510188 0.44646293 -0.06250000
v -0.22510188 0.44646293 -0.06250000
v -0.23764611 0.43991400 -0.06250000
v -0.23764611 0.43991400 -0.06250000
v -0.25000000 0.43301270 -0.06250000
v -0.25000000 0.43301270 -0.06250000
v -0.26215364 0.42576458 -0.06250000
v -0.26215364 0.42576458 -0.06250000
v -0.27409730 0.41817540 -0.06250000
v -0.27409730 0.41817540 -0.06250000
v -0.28582141 0.41025129 -0.06250000
v -0.28582141 0.41025129 -0.06250000
v -0.29731659 0.40199856 -0.06250000
v -0.29731659 0.40199856 -0.06250000
v -0.30857361 0.39342385 -0.06250000
v -0.30857361 0.39342385 -0.06250000
v -0.31958348 0.38453400 -0.06250000
v -0.31958348 0.38453400 -0.06250000
v -0.33033736 0.37533615 -0.06250000
v -0.33033736 0.37533615 -0.06250000
v -0.34082665 0.36583766 -0.06250000
v -0.34082665 0.36583766 -0.06250000
v -0.35104294 0.35604614 -0.06250000
v -0.35104294 0.35604614 -0.06250000
v -0.36097805 0.34596944 -0.06250000
v -0.36097805 0.34596944 -0.06250000
v -0.37062401 0.33561561 -0.06250000
v -0.37062401 0.33561561 -0.06250000
v -0.37997312 0.32499296 -0.06250000
v -0.37997312 0.32499296 -0.06250000
v -0.38901788 0.31411000 -0.06250000
v -0.38901788 0.31411000 -0.06250000
v -0.39775104 0.30297544 -0.06250000
v -0.39775104 0.30297544 -0.06250000
v -0.40616560 0.29159820 -0.06250000
v -0.40616560 0.29159820 -0.06250000
v -0.41425483 0.27998739 -0.06250000
v -0.41425483 0.27998739 -0.06250000
v -0.42201224 0.26815233 -0.06250000
v -0.42201224 0.26815233 -0.06250000
v -0.42943164 0.25610246 -0.06250000
v -0.42943164 0.25610246 -0.06250000
v -0.43650706 0.24384748 -0.06250000
v -0.43650706 0.24384748 -0.06250000
v -0.44323284 0.23139716 -0.06250000
v -0.44323284 0.23139716 -0.06250000
v -0.44960361 0.21876150 -0.06250000
v -0.44960361 0.21876150 -0.06250000
v -0.45561425 0.20595063 -0.06250000
v -0.45561425 0.20595063 -0.06250000
v -0.46125994 0.19297477 -0.06250000
v -0.46125994 0.19297477 -0.06250000
v -0.46653618 0.17984436 -0.06250000
v -0.46653618 0.17984436 -0.06250000
v -0.47143873 0.16656990 -0.06250000
v -0.47143873 0.16656990 -0.06250000
v -0.47596365 0.15316201 -0.06250000
v -0.47596365 0.15316201 -0.06250000
v -0.48010734 0.13963144 -0.06250000
v -0.48010734 0.13963144 -0.06250000
v -0.48386648 0.12598903 -0.06250000
v -0.48386648 0.12598903 -0.06250000
v -0.48723804 0.11224570 -0.06250000
v -0.48723804 0.11224570 -0.06250000
v -0.49021933 0.09841247 -0.06250000
v -0.49021933 0.09841247 -0.06250000
v -0.49280795 0.08450041 -0.06250000
v -0.49280795 0.08450041 -0.06250000
v -0.49500185 0.07052066 -0.06250000
v -0.49500185 0.07052066 -0.06250000
v -0.49679926 0.05648444 -0.06250000
v -0.49679926 0.05648444 -0.06250000
v -0.49819875 0.04240296 -0.06250000
v -0.49819875 0.04240296 -0.06250000
v -0.49919918 0.02828752 -0.06250000
v -0.49919918 0.02828752 -0.06250000
v -0.49979975 0.01414943 -0.06250000
v -0.49979975 0.01414943 -0.06250000
v -0.50000000 0.00000000 -0.06250000
v -0.50000000 0.00000000 -0.06250000
v -0.49979975 -0.01414943 -0.06250000
v -0.49979975 -0.01414943 -0.06250000
v -0.49919918 -0.02828752 -0.06250000
v -0.49919918 -0.02828752 -0.06250000
v -0.49819875 -0.04240296 -0.06250000
v -0.49819875 -0.04240296 -0.06250000
v -0.49679926 -0.05648444 -0.06250000
v -0.49679926 -0.05648444 -0.06250000
v -0.49500185 -0.07052066 -0.06250000
v -0.49500185 -0.07052066 -0.06250000
v -0.49280795 -0.08450041 -0.06250000
v -0.49280795 -0.08450041 -0.06250000
v -0.49021933 -0.09841247 -0.06250000
v -0.49021933 -0.09841247 -0.06250000
v -0.48723804 -0.11224570 -0.06250000
v -0.48723804 -0.11224570 -0.06250000
v -0.48386648 -0.12598903 -0.06250000
v -0.48386648 -0.12598903 -0.06250000
v -0.48010734 -0.13963144 -0.06250000
v -0.48010734 -0.13963144 -0.06250000
v -0.47596365 -0.15316201 -0.06250000
v -0.47596365 -0.15316201 -0.06250000
v -0.47143873 -0.16656990 -0.06250000
v -0.47143873 -0.16656990 -0.06250000
v -0.46653618 -0.17984436 -0.06250000
v -0.46653618 -0.17984436 -0.06250000
v -0.46125994 -0.19297477 -0.06250000
v -0.46125994 -0.19297477 -0.06250000
v -0.45561425 -0.20595063 -0.06250000
v -0.45561425 -0.20595063 -0.06250000
v -0.44960361 -0.21876150 -0.06250000
v -0.44960361 -0.21876150 -0.06250000
v -0.44323284 -0.23139716 -0.06250000
v -0.44323284 -0.23139716 -0.06250000
v -0.43650706 -0.24384748 -0.06250000
v -0.43650706 -0.24384748 -0.06250000
v -0.42943164 -0.25610246 -0.06250000
v -0.42943164 -0.25610246 -0.06250000
v -0.42201224 -0.26815233 -0.06250000
v -0.42201224 -0.26815233 -0.06250000
v -0.41425483 -0.27998739 -0.06250000
v -0.41425483 -0.27998739 -0.06250000
v -0.40616560 -0.29159820 -0.06250000
v -0.40616560 -0.29159820 -0.06250000
v -0.39775104 -0.30297544 -0.06250000
v -0.39775104 -0.30297544 -0.06250000
v -0.38901788 -0.31411000 -0.06250000
v -0.38901788 -0.31411000 -0.06250000
v -0.37997312 -0.32499296 -0.06250000
v -0.37997312 -0.32499296 -0.06250000
v -0.37062401 -0.33561561 -0.06250000
v -0.37062401 -0.33561561 -0.06250000
v -0.36097805 -0.34596944 -0.06250000
v -0.36097805 -0.34596944 -0.06250000
v -0.35104294 -0.35604614 -0.06250000
v -0.35104294 -0.35604614 -0.06250000
v -0.34082665 -0.36583766 -0.06250000
v -0.34082665 -0.36583766 -0.06250000
v -0.33033736 -0.37533615 -0.06250000
v -0.33033736 -0.37533615 -0.06250000
v -0.31958348 -0.38453400 -0.06250000
v -0.31958348 -0.38453400 -0.06250000
v -0.30857361 -0.39342385 -0.06250000
v -0.30857361 -0.39342385 -0.06250000
v -0.29731659 -0.40199856 -0.06250000
v -0.29731659 -0.40199856 -0.06250000
v -0.28582141 -0.41025129 -0.06250000
v -0.28582141 -0.41025129 -0.06250000
v -0.27409730 -0.41817540 -0.06250000
v -0.27409730 -0.41817540 -0.06250000
v -0.26215364 -0.42576458 -0.06250000
v -0.26215364 -0.42576458 -0.06250000
v -0.25000000 -0.43301270 -0.06250000
v -0.25000000 -0.43301270 -0.06250000
v -0.23764611 -0.43991400 -0.06250000
v -0.23764611 -0.43991400 -0.06250000
v -0.22510188 -0.44646293 -0.06250000
v -0.22510188 -0.44646293 -0.06250000
v -0.21237732 -0.45265425 -0.06250000
v -0.21237732 -0.45265425 -0.06250000
v -0.19948268 -0.45848300 -0.06250000
v -0.19948268 -0.45848300 -0.06250000
v -0.18642824 -0.46394451 -0.06250000
v -0.18642824 -0.46394451 -0.06250000
v -0.17322448 -0.46903441 -0.06250000
v -0.17322448 -0.46903441 -0.06250000
v -0.15988196 -0.47374863 -0.06250000
v -0.15988196 -0.47374863 -0.06250000
v -0.14641139 -0.47808336 -0.06250000
v -0.14641139 -0.47808336 -0.06250000
v -0.13282354 -0.48203518 -0.06250000
v -0.13282354 -0.48203518 -0.06250000
v -0.11912930 -0.48560088 -0.06250000
v -0.11912930 -0.48560088 -0.06250000
v -0.10533964 -0.48877762 -0.06250000
v -0.10533964 -0.48877762 -0.06250000
v -0.09146560 -0.49156286 -0.06250000
v -0.09146560 -0.49156286 -0.06250000
v -0.07751830 -0.49395436 -0.06250000
v -0.07751830 -0.49395436 -0.06250000
v -0.06350891 -0.49595021 -0.06250000
v -0.06350891 -0.49595021 -0.06250000
v -0.04944865 -0.49754883 -0.06250000
v -0.04944865 -0.49754883 -0.06250000
v -0.03534879 -0.49874890 -0.06250000
v -0.03534879 -0.49874890 -0.06250000
v -0.02122060 -0.49954949 -0.06250000
v -0.02122060 -0.49954949 -0.06250000
v -0.00707543 -0.49994994 -0.06250000
v -0.00707543 -0.49994994 -0.06250000
v 0.00707543 -0.49994994 -0.06250000
v 0.00707543 -0.49994994 -0.06250000
v 0.02122060 -0.49954949 -0.06250000
v 0.02122060 -0.49954949 -0.06250000
v 0.03534879 -0.49874890 -0.06250000
v 0.03534879 -0.49874890 -0.06250000
v 0.04944865 -0.49754883 -0.06250000
v 0.04944865 -0.49754883 -0.06250000
v 0.06350891 -0.49595021 -0.06250000
v 0.06350891 -0.49595021 -0.06250000
v 0.07751830 -0.49395436 -0.06250000
v 0.07751830 -0.49395436 -0.06250000
v 0.09146560 -0.49156286 -0.06250000
v 0.09146560 -0.49156286 -0.06250000
v 0.10533964 -0.48877762 -0.06250000
v 0.10533964 -0.48877762 -0.06250000
v 0.11912930 -0.48560088 -0.06250000
v 0.11912930 -0.48560088 -0.06250000
v 0.13282354 -0.48203518 -0.06250000
v 0.13282354 -0.48203518 -0.06250000
v 0.14641139 -0.47808336 -0.06250000
v 0.14641139 -0.47808336 -0.06250000
v 0.15988196 -0.47374863 -0.06250000
v 0.15988196 -0.47374863 -0.06250000
v 0.17322448 -0.46903441 -0.06250000
v 0.17322448 -0.46903441 -0.06250000
v 0.18642824 -0.46394451 -0.06250000
v 0.18642824 -0.46394451 -0.06250000
v 0.19948268 -0.45848300 -0.06250000
v 0.19948268 -0.45848300 -0.06250000
v 0.21237732 -0.45265425 -0.06250000
v 0.21237732 -0.45265425 -0.06250000
v 0.22510188 -0.44646293 -0.06250000
v 0.22510188 -0.44646293 -0.06250000
v 0.23764611 -0.43991400 -0.06250000
v 0.23764611 -0.43991400 -0.06250000
v 0.25000000 -0.43301270 -0.06250000
v 0.25000000 -0.43301270 -0.06250000
v 0.26215364 -0.42576458 -0.06250000
v 0.26215364 -0.42576458 -0.06250000
v 0.27409730 -0.41817540 -0.06250000
v 0.27409730 -0.41817540 -0.06250000
v 0.28582141 -0.41025129 -0.06250000
v 0.28582141 -0.41025129 -0.06250000
v 0.29731659 -0.40199856 -0.06250000
v 0.29731659 -0.40199856 -0.06250000
v 0.30857361 -0.39342385 -0.06250000
v 0.30857361 -0.39342385 -0.06250000
v 0.31958348 -0.38453400 -0.06250000
v 0.31958348 -0.38453400 -0.06250000
v 0.33033736 -0.37533615 -0.06250000
v 0.33033736 -0.37533615 -0.06250000
v 0.34082665 -0.36583766 -0.06250000
v 0.34082665 -0.36583766 -0.06250000
v 0.35104294 -0.35604614 -0.06250000
v 0.35104294 -0.35604614 -0.06250000
v 0.36097805 -0.34596944 -0.06250000
v 0.36097805 -0.34596944 -0.06250000
v 0.37062401 -0.33561561 -0.06250000
v 0.37062401 -0.33561561 -0.06250000
v 0.37997312 -0.32499296 -0.06250000
v 0.37997312 -0.32499296 -0.06250000
v 0.38901788 -0.31411000 -0.06250000
v 0.38901788 -0.31411000 -0.06250000
v 0.39775104 -0.30297544 -0.06250000
v 0.39775104 -0.30297544 -0.06250000
v 0.40616560 -0.29159820 -0.06250000
v 0.40616560 -0.29159820 -0.06250000
v 0.41425483 -0.27998739 -0.06250000
v 0.41425483 -0.27998739 -0.06250000
v 0.42201224 -0.26815233 -0.06250000
v 0.42201224 -0.26815233 -0.06250000
v 0.42943164 -0.25610246 -0.06250000
v 0.42943164 -0.25610246 -0.06250000
v 0.43650706 -0.24384748 -0.06250000
v 0.43650706 -0.24384748 -0.06250000
v 0.44323284 -0.23139716 -0.06250000
v 0.44323284 -0.23139716 -0.06250000
v 0.44960361 -0.21876150 -0.06250000
v 0.44960361 -0.21876150 -0.06250000
v 0.45561425 -0.20595063 -0.06250000
v 0.45561425 -0.20595063 -0.06250000
v 0.46125994 -0.19297477 -0.06250000
v 0.46125994 -0.19297477 -0.06250000
v 0.46653618 -0.17984436 -0.06250000
v 0.46653618 -0.17984436 -0.06250000
v 0.47143873 -0.16656990 -0.06250000
v 0.47143873 -0.16656990 -0.06250000
v 0.47596365 -0.15316201 -0.06250000
v 0.47596365 -0.15316201 -0.06250000
v 0.48010734 -0.13963144 -0.06250000
v 0.48010734 -0.13963144 -0.06250000
v 0.48386648 -0.12598903 -0.06250000
v 0.48386648 -0.12598903 -0.06250000
v 0.48723804 -0.11224570 -0.06250000
v 0.48723804 -0.11224570 -0.06250000
v 0.49021933 -0.09841247 -0.06250000
v 0.49021933 -0.09841247 -0.06250000
v 0.49280795 -0.08450041 -0.06250000
v 0.49280795 -0.08450041 -0.06250000
v 0.49500185 -0.07052066 -0.06250000
v 0.49500185 -0.07052066 -0.06250000
v 0.49679926 -0.05648444 -0.06250000
v 0.49679926 -0.05648444 -0.06250000
v 0.49819875 -0.04240296 -0.06250000
v 0.49819875 -0.04240296 -0.06250000
v 0.49919918 -0.02828752 -0.06250000
v 0.49919918 -0.02828752 -0.06250000
v 0.49979975 -0.01414943 -0.06250000
v 0.49979975 -0.01414943 -0.06250000
v 0.49979975 0.01414943 0.00000000
v 0.49979975 0.01414943 0.00000000
v 0.49919918 0.02828752 0.00000000
v 0.49919918 0.02828752 0.00000000
v 0.49819875 0.04240296 0.00000000
v 0.49819875 0.04240296 0.00000000
v 0.49679926 0.05648444 0.00000000
v 0.49679926 0.05648444 0.00000000
v 0.49500185 0.07052066 0.00000000
v 0.49500185 0.07052066 0.00000000
v 0.49280795 0.08450041 0.00000000
v 0.49280795 0.08450041 0.00000000
v 0.49021933 0.09841247 0.00000000
v 0.49021933 0.09841247 0.00000000
v 0.48723804 0.11224570 0.00000000
v 0.48723804 0.11224570 0.00000000
v 0.48386648 0.12598903 0.00000000
v 0.48386648 0.12598903 0.00000000
v 0.48010734 0.13963144 0.00000000
v 0.48010734 0.13963144 0.00000000
v 0.47596365 0.15316201 0.00000000
v 0.47596365 0.15316201 0.00000000
v 0.47143873 0.16656990 0.00000000
v 0.47143873 0.16656990 0.00000000
v 0.46653618 0.17984436 0.00000000
v 0.46653618 0.17984436 0.00000000
v 0.46125994 0.19297477 0.00000000
v 0.46125994 0.19297477 0.00000000
v 0.45561425 0.20595063 0.00000000
v 0.45561425 0.20595063 0.00000000
v 0.44960361 0.21876150 0.00000000
v 0.44960361 0.21876150 0.00000000
v 0.44323284 0.23139716 0.00000000
v 0.44323284 0.23139716 0.00000000
v 0.43650706 0.24384748 0.00000000
v 0.43650706 0.24384748 0.00000000
v 0.42943164 0.25610246 0.00000000
v 0.42943164 0.25610246 0.00000000
v 0.42201224 0.26815233 0.00000000
v 0.42201224 0.26815233 0.00000000
v 0.41425483 0.27998739 0.00000000
v 0.41425483 0.27998739 0.00000000
v 0.40616560 0.29159820 0.00000000
v 0.40616560 0.29159820 0.00000000
v 0.39775104 0.30297544 0.00000000
v 0.39775104 0.30297544 0.00000000
v 0.38901788 0.31411000 0.00000000
v 0.38901788 0.31411000 0.00000000
v 0.37997312 0.32499296 0.00000000
v 0.37997312 0.32499296 0.00000000
v 0.37062401 0.33561561 0.00000000
v 0.37062401 0.33561561 0.00000000
v 0.36097805 0.34596944 0.00000000
v 0.36097805 0.34596944 0.00000000
v 0.35104294 0.35604614 0.00000000
v 0.35104294 0.35604614 0.00000000
v 0.34082665 0.36583766 0.00000000
v 0.34082665 0.36583766 0.00000000
v 0.33033736 0.37533615 0.00000000
v 0.33033736 0.37533615 0.00000000
v 0.31958348 0.38453400 0.00000000
v 0.31958348 0.38453400 0.00000000
v 0.30857361 0.39342385 0.00000000
v 0.30857361 0.39342385 0.00000000
v 0.29731659 0.40199856 0.00000000
v 0.29731659 0.40199856 0.00000000
v 0.28582141 0.41025129 0.00000000
v 0.28582141 0.41025129 0.00000000
v 0.27409730 0.41817540 0.00000000
v 0.27409730 0.41817540 0.00000000
v 0.26215364 0.42576458 0.00000000
v 0.26215364 0.42576458 0.00000000
v 0.25000000 0.43301270 0.00000000
v 0.25000000 0.43301270 0.00000000
v 0.23764611 0.43991400 0.00000000
v 0.23764611 0.43991400 0.00000000
v 0.22510188 0.44646293 0.00000000
v 0.22510188 0.44646293 0.00000000
v 0.21237732 0.45265425 0.00000000
v 0.21237732 0.45265425 0.00000000
v 0.19948268 0.45848300 0.00000000
v 0.19948268 0.45848300 0.00000000
v 0.18642824 0.46394451 0.00000000
v 0.18642824 0.46394451 0.00000000
v 0.17322448 0.46903441 0.00000000
v 0.17322448 0.46903441 0.00000000
v 0.15988196 0.47374863 0.00000000
v 0.15988196 0.47374863 0.00000000
v 0.14641139 0.47808336 0.00000000
v 0.14641139 0.47808336 0.00000000
v 0.13282354 0.48203518 0.00000000
v 0.13282354 0.48203518 0.00000000
v 0.11912930 0.48560088 0.00000000
v 0.11912930 0.48560088 0.00000000
v 0.10533964 0.48877762 0.00000000
v 0.10533964 0.48877762 0.00000000
v 0.09146560 0.49156286 0.00000000
v 0.09146560 0.49156286 0.00000000
v 0.07751830 0.49395436 0.00000000
v 0.07751830 0.49395436 0.00000000
v 0.06350891 0.49595021 0.00000000
v 0.06350891 0.49595021 0.00000000
v 0.04944865 0.49754883 0.00000000
v 0.04944865 0.49754883 0.00000000
v 0.03534879 0.49874890 0.00000000
v 0.03534879 0.49874890 0.00000000
v 0.02122060 0.49954949 0.00000000
v 0.02122060 0.49954949 0.00000000
v 0.00707543 0.49994994 0.00000000
v 0.00707543 0.49994994 0.00000000
v -0.00707543 0.49994994 0.00000000
v -0.00707543 0.49994994 0.00000000
v -0.02122060 0.49954949 0.00000000
v -0.02122060 0.49954949 0.00000000
v -0.03534879 0.49874890 0.00000000
v -0.03534879 0.49874890 0.00000000
v -0.04944865 0.49754883 0.00000000
v -0.04944865 0.49754883 0.00000000
v -0.06350891 0.49595021 0.00000000
v -0.06350891 0.49595021 0.00000000
v -0.07751830 0.49395436 0.00000000
v -0.07751830 0.49395436 0.00000000
v -0.09146560 0.49156286 0.00000000
v -0.09146560 0.49156286 0.00000000
v -0.10533964 0.48877762 0.00000000
v -0.10533964 0.48877762 0.00000000
v -0.11912930 0.48560088 0.00000000
v -0.11912930 0.48560088 0.00000000
v -0.13282354 0.48203518 0.00000000
v -0.13282354 0.48203518 0.00000000
v -0.14641139 0.47808336 0.00000000
v -0.14641139 0.47808336 0.00000000
v -0.15988196 0.47374863 0.00000000
v -0.15988196 0.47374863 0.00000000
v -0.17322448 0.46903441 0.00000000
v -0.17322448 0.46903441 0.00000000
v -0.18642824 0.46394451 0.00000000
v -0.18642824 0.46394451 0.00000000
v -0.19948268 0.45848300 0.00000000
v -0.19948268 0.45848300 0.00000000
v -0.21237732 0.45265425 0.00000000
v -0.21237732 0.45265425 0.00000000
v -0.22510188 0.44646293 0.00000000
v -0.22510188 0.44646293 0.00000000
v -0.23764611 0.43991400 0.00000000
v -0.23764611 0.43991400 0.00000000
v -0.25000000 0.43301270 0.00000000
v -0.25000000 0.43301270 0.00000000
v -0.26215364 0.42576458 0.00000000
v -0.26215364 0.42576458 0.00000000
v -0.27409730 0.41817540 0.00000000
v -0.27409730 0.41817540 0.00000000
v -0.28582141 0.41025129 0.00000000
v -0.28582141 0.41025129 0.00000000
v -0.29731659 0.40199856 0.00000000
v -0.29731659 0.40199856 0.00000000
v -0.30857361 0.39342385 0.00000000
v -0.30857361 0.39342385 0.00000000
v -0.31958348 0.38453400 0.00000000
v -0.31958348 0.38453400 0.00000000
v -0.33033736 0.37533615 0.00000000
v -0.33033736 0.37533615 0.00000000
v -0.34082665 0.36583766 0.00000000
v -0.34082665 0.36583766 0.00000000
v -0.35104294 0.35604614 0.00000000
v -0.35104294 0.35604614 0.00000000
v -0.36097805 0.34596944 0.00000000
v -0.36097805 0.34596944 0.00000000
v -0.37062401 0.33561561 0.00000000
v -0.37062401 0.33561561 0.00000000
v -0.37997312 0.32499296 0.00000000
v -0.37997312 0.32499296 0.00000000
v -0.38901788 0.31411000 0.00000000
v -0.38901788 0.31411000 0.00000000
v -0.39775104 0.30297544 0.00000000
v -0.39775104 0.30297544 0.00000000
v -0.40616560 0.29159820 0.00000000
v -0.40616560 0.29159820 0.00000000
v -0.41425483 0.27998739 0.00000000
v -0.41425483 0.27998739 0.00000000
v -0.42201224 0.26815233 0.00000000
v -0.42201224 0.26815233 0.00000000
v -0.42943164 0.25610246 0.00000000
v -0.42943164 0.25610246 0.00000000
v -0.43650706 0.24384748 0.00000000
v -0.43650706 0.24384748 0.00000000
v -0.44323284 0.23139716 0.00000000
v -0.44323284 0.23139716 0.00000000
v -0.44960361 0.21876150 0.00000000
v -0.44960361 0.21876150 0.00000000
v -0.45561425 0.20595063 0.00000000
v -0.45561425 0.20595063 0.00000000
v -0.46125994 0.19297477 0.00000000
v -0.46125994 0.19297477 0.00000000
v -0.46653618 0.17984436 0.00000000
v -0.46653618 0.17984436 0.00000000
v -0.47143873 0.16656990 0.00000000
v -0.47143873 0.16656990 0.00000000
v -0.47596365 0.15316201 0.00000000
v -0.47596365 0.15316201 0.00000000
v -0.48010734 0.13963144 0.00000000
v -0.48010734 0.13963144 0.00000000
v -0.48386648 0.12598903 0.00000000
v -0.48386648 0.12598903 0.00000000
v -0.48723804 0.11224570 0.00000000
v -0.48723804 0.11224570 0.00000000
v -0.49021933 0.09841247 0.00000000
v -0.49021933 0.09841247 0.00000000
v -0.49280795 0.08450041 0.00000000
v -0.49280795 0.08450041 0.00000000
v -0.49500185 0.07052066 0.00000000
v -0.49500185 0.07052066 0.00000000
v -0.49679926 0.05648444 0.00000000
v -0.49679926 0.05648444 0.00000000
v -0.49819875 0.04240296 0.00000000
v -0.49819875 0.04240296 0.00000000
v -0.49919918 0.02828752 0.00000000
v -0.49919918 0.02828752 0.00000000
v -0.49979975 0.01414943 0.00000000
v -0.49979975 0.01414943 0.00000000
v -0.50000000 0.00000000 0.00000000
v -0.50000000 0.00000000 0.00000000
v -0.49979975 -0.01414943 0.00000000
v -0.49979975 -0.01414943 0.00000000
v -0.49919918 -0.02828752 0.00000000
v -0.49919918 -0.02828752 0.00000000
v -0.49819875 -0.04240296 0.00000000
v -0.49819875 -0.04240296 0.00000000
v -0.49679926 -0.05648444 0.00000000
v -0.49679926 -0.05648444 0.00000000
v -0.49500185 -0.07052066 0.00000000
v -0.49500185 -0.07052066 0.00000000
v -0.49280795 -0.08450041 0.00000000
v -0.49280795 -0.08450041 0.00000000
v -0.49021933 -0.09841247 0.00000000
v -0.49021933 -0.09841247 0.00000000
v -0.48723804 -0.11224570 0.00000000
v -0.48723804 -0.11224570 0.00000000
v -0.48386648 -0.12598903 0.00000000
v -0.48386648 -0.12598903 0.00000000
v -0.48010734 -0.13963144 0.00000000
v -0.48010734 -0.13963144 0.00000000
v -0.47596365 -0.15316201 0.00000000
v -0.47596365 -0.15316201 0.00000000
v -0.47143873 -0.16656990 0.00000000
v -0.47143873 -0.16656990 0.00000000
v -0.46653618 -0.17984436 0.00000000
v -0.46653618 -0.17984436 0.00000000
v -0.46125994 -0.19297477 0.00000000
v -0.46125994 -0.19297477 0.00000000
v -0.45561425 -0.20595063 0.00000000
v -0.45561425 -0.20595063 0.00000000
v -0.44960361 -0.21876150 0.00000000
v -0.44960361 -0.21876150 0.00000000
v -0.44323284 -0.23139716 0.00000000
v -0.44323284 -0.23139716 0.00000000
v -0.43650706 -0.24384748 0.00000000
v -0.43650706 -0.24384748 0.00000000
v -0.42943164 -0.25610246 0.00000000
v -0.42943164 -0.25610246 0.00000000
v -0.42201224 -0.26815233 0.00000000
v -0.42201224 -0.26815233 0.00000000
v -0.41425483 -0.27998739 0.00000000
v -0.41425483 -0.27998739 0.00000000
v -0.40616560 -0.29159820 0.00000000
v -0.40616560 -0.29159820 0.00000000
v -0.39775104 -0.30297544 0.00000000
v -0.39775104 -0.30297544 0.00000000
v -0.38901788 -0.31411000 0.00000000
v -0.38901788 -0.31411000 0.00000000
v -0.37997312 -0.32499296 0.00000000
v -0.37997312 -0.32499296 0.00000000
v -0.37062401 -0.33561561 0.00000000
v -0.37062401 -0.33561561 0.00000000
v -0.36097805 -0.34596944 0.00000000
v -0.36097805 -0.34596944 0.00000000
v -0.35104294 -0.35604614 0.00000000
v -0.35104294 -0.35604614 0.00000000
v -0.34082665 -0.36583766 0.00000000
v -0.34082665 -0.36583766 0.00000000
v -0.33033736 -0.37533615 0.00000000
v -0.33033736 -0.37533615 0.00000000
v -0.31958348 -0.38453400 0.00000000
v -0.31958348 -0.38453400 0.00000000
v -0.30857361 -0.39342385 0.00000000
v -0.30857361 -0.39342385 0.00000000
v -0.29731659 -0.40199856 0.00000000
v -0.29731659 -0.40199856 0.00000000
v -0.28582141 -0.41025129 0.00000000
v -0.28582141 -0.41025129 0.00000000
v -0.27409730 -0.41817540 0.00000000
v -0.27409730 -0.41817540 0.00000000
v -0.26215364 -0.42576458 0.00000000
v -0.26215364 -0.42576458 0.00000000
v -0.25000000 -0.43301270 0.00000000
v -0.25000000 -0.43301270 0.00000000
v -0.23764611 -0.43991400 0.00000000
v -0.23764611 -0.43991400 0.00000000
v -0.22510188 -0.44646293 0.00000000
v -0.22510188 -0.44646293 0.00000000
v -0.21237732 -0.45265425 0.00000000
v -0.21237732 -0.45265425 0.00000000
v -0.19948268 -0.45848300 0.00000000
v -0.19948268 -0.45848300 0.00000000
v -0.18642824 -0.46394451 0.00000000
v -0.18642824 -0.46394451 0.00000000
v -0.17322448 -0.46903441 0.00000000
v -0.17322448 -0.46903441 0.00000000
v -0.15988196 -0.47374863 0.00000000
v -0.15988196 -0.47374863 0.00000000
v -0.14641139 -0.47808336 0.00000000
v -0.14641139 -0.47808336 0.00000000
v -0.13282354 -0.48203518 0.00000000
v -0.13282354 -0.48203518 0.00000000
v -0.11912930 -0.48560088 0.00000000
v -0.11912930 -0.48560088 0.00000000
v -0.10533964 -0.48877762 0.00000000
v -0.10533964 -0.48877762 0.00000000
v -0.09146560 -0.49156286 0.00000000
v -0.09146560 -0.49156286 0.00000000
v -0.07751830 -0.49395436 0.00000000
v -0.07751830 -0.49395436 0.00000000
v -0.06350891 -0.49595021 0.00000000
v -0.06350891 -0.49595021 0.00000000
v -0.04944865 -0.49754883 0.00000000
v -0.04944865 -0.49754883 0.00000000
v -0.03534879 -0.49874890 0.00000000
v -0.03534879 -0.49874890 0.00000000
v -0.02122060 -0.49954949 0.00000000
v -0.02122060 -0.49954949 0.00000000
v -0.00707543 -0.49994994 0.00000000
v -0.00707543 -0.49994994 0.00000000
v 0.00707543 -0.49994994 0.00000000
v 0.00707543 -0.49994994 0.00000000
v 0.02122060 -0.49954949 0.00000000
v 0.02122060 -0.49954949 0.00000000
v 0.03534879 -0.49874890 0.00000000
v 0.03534879 -0.49874890 0.00000000
v 0.04944865 -0.49754883 0.00000000
v 0.04944865 -0.49754883 0.00000000
v 0.06350891 -0.49595021 0.00000000
v 0.06350891 -0.49595021 0.00000000
v 0.07751830 -0.49395436 0.00000000
v 0.07751830 -0.49395436 0.00000000
v 0.09146560 -0.49156286 0.00000000
v 0.09146560 -0.49156286 0.00000000
v 0.10533964 -0.48877762 0.00000000
v 0.10533964 -0.48877762 0.00000000
v 0.11912930 -0.48560088 0.00000000
v 0.11912930 -0.48560088 0.00000000
v 0.13282354 -0.48203518 0.00000000
v 0.13282354 -0.48203518 0.00000000
v 0.14641139 -0.47808336 0.00000000
v 0.14641139 -0.47808336 0.00000000
v 0.15988196 -0.47374863 0.00000000
v 0.15988196 -0.47374863 0.00000000
v 0.17322448 -0.46903441 0.00000000
v 0.17322448 -0.46903441 0.00000000
v 0.18642824 -0.46394451 0.00000000
v 0.18642824 -0.46394451 0.00000000
v 0.19948268 -0.45848300 0.00000000
v 0.19948268 -0.45848300 0.00000000
v 0.21237732 -0.45265425 0.00000000
v 0.21237732 -0.45265425 0.00000000
v 0.22510188 -0.44646293 0.00000000
v 0.22510188 -0.44646293 0.00000000
v 0.23764611 -0.43991400 0.00000000
v 0.23764611 -0.43991400 0.00000000
v 0.25000000 -0.43301270 0.00000000
v 0.25000000 -0.43301270 0.00000000
v 0.26215364 -0.42576458 0.00000000
v 0.26215364 -0.42576458 0.00000000
v 0.27409730 -0.41817540 0.00000000
v 0.27409730 -0.41817540 0.00000000
v 0.28582141 -0.41025129 0.00000000
v 0.28582141 -0.41025129 0.00000000
v 0.29731659 -0.40199856 0.00000000
v 0.29731659 -0.40199856 0.00000000
v 0.30857361 -0.39342385 0.00000000
v 0.30857361 -0.39342385 0.00000000
v 0.31958348 -0.38453400 0.00000000
v 0.31958348 -0.38453400 0.00000000
v 0.33033736 -0.37533615 0.00000000
v 0.33033736 -0.37533615 0.00000000
v 0.34082665 -0.36583766 0.00000000
v 0.34082665 -0.36583766 0.00000000
v 0.35104294 -0.35604614 0.00000000
v 0.35104294 -0.35604614 0.00000000
v 0.36097805 -0.34596944 0.00000000
v 0.36097805 -0.34596944 0.00000000
v 0.37062401 -0.33561561 0.00000000
v 0.37062401 -0.33561561 0.00000000
v 0.37997312 -0.32499296 0.00000000
v 0.37997312 -0.32499296 0.00000000
v 0.38901788 -0.31411000 0.00000000
v 0.38901788 -0.31411000 0.00000000
v 0.39775104 -0.30297544 0.00000000
v 0.39775104 -0.30297544 0.00000000
v 0.40616560 -0.29159820 0.00000000
v 0.40616560 -0.29159820 0.00000000
v 0.41425483 -0.27998739 0.00000000
v 0.41425483 -0.27998739 0.00000000
v 0.42201224 -0.26815233 0.00000000
v 0.42201224 -0.26815233 0.00000000
v 0.42943164 -0.25610246 0.00000000
v 0.42943164 -0.25610246 0.00000000
v 0.43650706 -0.24384748 0.00000000
v 0.43650706 -0.24384748 0.00000000
v 0.44323284 -0.23139716 0.00000000
v 0.44323284 -0.23139716 0.00000000
v 0.44960361 -0.21876150 0.00000000
v 0.44960361 -0.21876150 0.00000000
v 0.45561425 -0.20595063 0.00000000
v 0.45561425 -0.20595063 0.00000000
v 0.46125994 -0.19297477 0.00000000
v 0.46125994 -0.19297477 0.00000000
v 0.46653618 -0.17984436 0.00000000
v 0.46653618 -0.17984436 0.00000000
v 0.47143873 -0.16656990 0.00000000
v 0.47143873 -0.16656990 0.00000000
v 0.47596365 -0.15316201 0.00000000
v 0.47596365 -0.15316201 0.00000000
v 0.48010734 -0.13963144 0.00000000
v 0.48010734 -0.13963144 0.00000000
v 0.48386648 -0.12598903 0.00000000
v 0.48386648 -0.12598903 0.00000000
v 0.48723804 -0.11224570 0.00000000
v 0.48723804 -0.11224570 0.00000000
v 0.49021933 -0.09841247 0.00000000
v 0.49021933 -0.09841247 0.00000000
v 0.49280795 -0.08450041 0.00000000
v 0.49280795 -0.08450041 0.00000000
v 0.49500185 -0.07052066 0.00000000
v 0.49500185 -0.07052066 0.00000000
v 0.49679926 -0.05648444 0.00000000
v 0.49679926 -0.05648444 0.00000000
v 0.49819875 -0.04240296 0.00000000
v 0.49819875 -0.04240296 0.00000000
v 0.49919918 -0.02828752 0.00000000
v 0.49919918 -0.02828752 0.00000000
v 0.49979975 -0.01414943 0.00000000
v 0.49979975 -0.01414943 0.00000000
v 0.44642858 0.00000000 0.05357143
v 0.45535714 0.00000000 0.04464286
v 0.46428571 0.00000000 0.03571429
v 0.47321429 0.00000000 0.02678571
v 0.48214286 0.00000000 0.01785714
v 0.49107143 0.00000000 0.00892858
v 0.43727056 0.01416707 0.06250000
v 0.43727056 0.01416707 0.06250000
v 0.43658249 0.02831930 0.06250000
v 0.43658249 0.02831930 0.06250000
v 0.43543650 0.04244181 0.06250000
v 0.43543650 0.04244181 0.06250000
v 0.43383380 0.05651981 0.06250000
v 0.43383380 0.05651981 0.06250000
v 0.43177606 0.07053852 0.06250000
v 0.43177606 0.07053852 0.06250000
v 0.42926545 0.08448326 0.06250000
v 0.42926545 0.08448326 0.06250000
v 0.42630460 0.09833939 0.06250000
v 0.42630460 0.09833939 0.06250000
v 0.42289663 0.11209236 0.06250000
v 0.42289663 0.11209236 0.06250000
v 0.41904508 0.12572776 0.06250000
v 0.41904508 0.12572776 0.06250000
v 0.41475401 0.13923130 0.06250000
v 0.41475401 0.13923130 0.06250000
v 0.41002794 0.15258881 0.06250000
v 0.41002794 0.15258881 0.06250000
v 0.40487179 0.16578626 0.06250000
v 0.40487179 0.16578626 0.06250000
v 0.39929099 0.17880984 0.06250000
v 0.39929099 0.17880984 0.06250000
v 0.39329139 0.19164586 0.06250000
v 0.39329139 0.19164586 0.06250000
v 0.38687927 0.20428087 0.06250000
v 0.38687927 0.20428087 0.06250000
v 0.38006139 0.21670163 0.06250000
v 0.38006139 0.21670163 0.06250000
v 0.37284486 0.22889509 0.06250000
v 0.37284486 0.22889509 0.06250000
v 0.36523727 0.24084846 0.06250000
v 0.36523727 0.24084846 0.06250000
v 0.35724660 0.25254924 0.06250000
v 0.35724660 0.25254924 0.06250000
v 0.34888123 0.26398511 0.06250000
v 0.34888123 0.26398511 0.06250000
v 0.34014993 0.27514410 0.06250000
v 0.34014993 0.27514410 0.06250000
v 0.33106186 0.28601450 0.06250000
v 0.33106186 0.28601450 0.06250000
v 0.32162655 0.29658493 0.06250000
v 0.32162655 0.29658493 0.06250000
v 0.31185390 0.30684426 0.06250000
v 0.31185390 0.30684426 0.06250000
v 0.30175415 0.31678176 0.06250000
v 0.30175415 0.31678176 0.06250000
v 0.29133791 0.32638700 0.06250000
v 0.29133791 0.32638700 0.06250000
v 0.28061610 0.33564990 0.06250000
v 0.28061610 0.33564990 0.06250000
v 0.26959995 0.34456076 0.06250000
v 0.26959995 0.34456076 0.06250000
v 0.25830104 0.35311021 0.06250000
v 0.25830104 0.35311021 0.06250000
v 0.24673120 0.36128931 0.06250000
v 0.24673120 0.36128931 0.06250000
v 0.23490257 0.36908946 0.06250000
v 0.23490257 0.36908946 0.06250000
v 0.22282758 0.37650249 0.06250000
v 0.22282758 0.37650249 0.06250000
v 0.21051885 0.38352061 0.06250000
v 0.21051885 0.38352061 0.06250000
v 0.19798933 0.39013649 0.06250000
v 0.19798933 0.39013649 0.06250000
v 0.18525214 0.39634315 0.06250000
v 0.18525214 0.39634315 0.06250000
v 0.17232064 0.40213411 0.06250000
v 0.17232064 0.40213411 0.06250000
v 0.15920841 0.40750329 0.06250000
v 0.15920841 0.40750329 0.06250000
v 0.14592919 0.41244505 0.06250000
v 0.14592919 0.41244505 0.06250000
v 0.13249691 0.41695421 0.06250000
v 0.13249691 0.41695421 0.06250000
v 0.11892566 0.42102605 0.06250000
v 0.11892566 0.42102605 0.06250000
v 0.10522966 0.42465629 0.06250000
v 0.10522966 0.42465629 0.06250000
v 0.09142331 0.42784113 0.06250000
v 0.09142331 0.42784113 0.06250000
v 0.07752106 0.43057721 0.06250000
v 0.07752106 0.43057721 0.06250000
v 0.06353750 0.43286169 0.06250000
v 0.06353750 0.43286169 0.06250000
v 0.04948730 0.43469214 0.06250000
v 0.04948730 0.43469214 0.06250000
v 0.03538519 0.43606666 0.06250000
v 0.03538519 0.43606666 0.06250000
v 0.02124598 0.43698383 0.06250000
v 0.02124598 0.43698383 0.06250000
v 0.00708446 0.43744264 0.06250000
v 0.00708446 0.43744264 0.06250000
v -0.00708446 0.43744264 0.06250000
v -0.00708446 0.43744264 0.06250000
v -0.02124598 0.43698383 0.06250000
v -0.02124598 0.43698383 0.06250000
v -0.03538519 0.43606666 0.06250000
v -0.03538519 0.43606666 0.06250000
v -0.04948730 0.43469214 0.06250000
v -0.04948730 0.43469214 0.06250000
v -0.06353750 0.43286169 0.06250000
v -0.06353750 0.43286169 0.06250000
v -0.07752106 0.43057721 0.06250000
v -0.07752106 0.43057721 0.06250000
v -0.09142331 0.42784113 0.06250000
v -0.09142331 0.42784113 0.06250000
v -0.10522966 0.42465629 0.06250000
v -0.10522966 0.42465629 0.06250000
v -0.11892566 0.42102605 0.06250000
v -0.11892566 0.42102605 0.06250000
v -0.13249691 0.41695421 0.06250000
v -0.13249691 0.41695421 0.06250000
v -0.14592919 0.41244505 0.06250000
v -0.14592919 0.41244505 0.06250000
v -0.15920841 0.40750329 0.06250000
v -0.15920841 0.40750329 0.06250000
v -0.17232064 0.40213411 0.06250000
v -0.17232064 0.40213411 0.06250000
v -0.18525214 0.39634315 0.06250000
v -0.18525214 0.39634315 0.06250000
v -0.19798933 0.39013649 0.06250000
v -0.19798933 0.39013649 0.06250000
v -0.21051885 0.38352061 0.06250000
v -0.21051885 0.38352061 0.06250000
v -0.22282758 0.37650249 0.06250000
v -0.22282758 0.37650249 0.06250000
v -0.23490257 0.36908946 0.06250000
v -0.23490257 0.36908946 0.06250000
v -0.24673120 0.36128931 0.06250000
v -0.24673120 0.36128931 0.06250000
v -0.25830104 0.35311021 0.06250000
v -0.25830104 0.35311021 0.06250000
v -0.26959995 0.34456076 0.06250000
v -0.26959995 0.34456076 0.06250000
v -0.28061610 0.33564990 0.06250000
v -0.28061610 0.33564990 0.06250000
v -0.29133791 0.32638700 0.06250000
v -0.29133791 0.32638700 0.06250000
v -0.30175415 0.31678176 0.06250000
v -0.30175415 0.31678176 0.06250000
v -0.31185390 0.30684426 0.06250000
v -0.31185390 0.30684426 0.06250000
v -0.32162655 0.29658493 0.06250000
v -0.32162655 0.29658493 0.06250000
v -0.33106186 0.28601450 0.06250000
v -0.33106186 0.28601450 0.06250000
v -0.34014993 0.27514410 0.06250000
v -0.34014993 0.27514410 0.06250000
v -0.34888123 0.26398511 0.06250000
v -0.34888123 0.26398511 0.06250000
v -0.35724660 0.25254924 0.06250000
v -0.35724660 0.25254924 0.06250000
v -0.36523727 0.24084846 0.06250000
v -0.36523727 0.24084846 0.06250000
v -0.37284486 0.22889509 0.06250000
v -0.37284486 0.22889509 0.06250000
v -0.38006139 0.21670163 0.06250000
v -0.38006139 0.21670163 0.06250000
v -0.38687927 0.20428087 0.06250000
v -0.38687927 0.20428087 0.06250000
v -0.39329139 0.19164586 0.06250000
v -0.39329139 0.19164586 0.06250000
v -0.39929099 0.17880984 0.06250000
v -0.39929099 0.17880984 0.06250000
v -0.40487179 0.16578626 0.06250000
v -0.40487179 0.16578626 0.06250000
v -0.41002794 0.15258881 0.06250000
v -0.41002794 0.15258881 0.06250000
v -0.41475401 0.13923130 0.06250000
v -0.41475401 0.13923130 0.06250000
v -0.41904508 0.12572776 0.06250000
v -0.41904508 0.12572776 0.06250000
v -0.42289663 0.11209236 0.06250000
v -0.42289663 0.11209236 0.06250000
v -0.42630460 0.09833939 0.06250000
v -0.42630460 0.09833939 0.06250000
v -0.42926545 0.08448326 0.06250000
v -0.42926545 0.08448326 0.06250000
v -0.43177606 0.07053852 0.06250000
v -0.43177606 0.07053852 0.06250000
v -0.43383380 0.05651981 0.06250000
v -0.43383380 0.05651981 0.06250000
v -0.43543650 0.04244181 0.06250000
v -0.43543650 0.04244181 0.06250000
v -0.43658249 0.02831930 0.06250000
v -0.43658249 0.02831930 0.06250000
v -0.43727056 0.01416707 0.06250000
v -0.43727056 0.01416707 0.06250000
v -0.43750000 0.00000000 0.06250000
v -0.43750000 0.00000000 0.06250000
v -0.43727056 -0.01416707 0.06250000
v -0.43727056 -0.01416707 0.06250000
v -0.43658249 -0.02831930 0.06250000
v -0.43658249 -0.02831930 0.06250000
v -0.43543650 -0.04244181 0.06250000
v -0.43543650 -0.04244181 0.06250000
v -0.43383380 -0.05651981 0.06250000
v -0.43383380 -0.05651981 0.06250000
v -0.43177606 -0.07053852 0.06250000
v -0.43177606 -0.07053852 0.06250000
v -0.42926545 -0.08448326 0.06250000
v -0.42926545 -0.08448326 0.06250000
v -0.42630460 -0.09833939 0.06250000
v -0.42630460 -0.09833939 0.06250000
v -0.42289663 -0.11209236 0.06250000
v -0.42289663 -0.11209236 0.06250000
v -0.41904508 -0.12572776 0.06250000
v -0.41904508 -0.12572776 0.06250000
v -0.41475401 -0.13923130 0.06250000
v -0.41475401 -0.13923130 0.06250000
v -0.41002794 -0.15258881 0.06250000
v -0.41002794 -0.15258881 0.06250000
v -0.40487179 -0.16578626 0.06250000
v -0.40487179 -0.16578626 0.06250000
v -0.39929099 -0.17880984 0.06250000
v -0.39929099 -0.17880984 0.06250000
v -0.39329139 -0.19164586 0.06250000
v -0.39329139 -0.19164586 0.06250000
v -0.38687927 -0.20428087 0.06250000
v -0.38687927 -0.20428087 0.06250000
v -0.38006139 -0.21670163 0.06250000
v -0.38006139 -0.21670163 0.06250000
v -0.37284486 -0.22889509 0.06250000
v -0.37284486 -0.22889509 0.06250000
v -0.36523727 -0.24084846 0.06250000
v -0.36523727 -0.24084846 0.06250000
v -0.35724660 -0.25254924 0.06250000
v -0.35724660 -0.25254924 0.06250000
v -0.34888123 -0.26398511 0.06250000
v -0.34888123 -0.26398511 0.06250000
v -0.34014993 -0.27514410 0.06250000
v -0.34014993 -0.27514410 0.06250000
v -0.33106186 -0.28601450 0.06250000
v -0.33106186 -0.28601450 0.06250000
v -0.32162655 -0.29658493 0.06250000
v -0.32162655 -0.29658493 0.06250000
v -0.31185390 -0.30684426 0.06250000
v -0.31185390 -0.30684426 0.06250000
v -0.30175415 -0.31678176 0.06250000
v -0.30175415 -0.31678176 0.06250000
v -0.29133791 -0.32638700 0.06250000
v -0.29133791 -0.32638700 0.06250000
v -0.28061610 -0.33564990 0.06250000
v -0.28061610 -0.33564990 0.06250000
v -0.26959995 -0.34456076 0.06250000
v -0.26959995 -0.34456076 0.06250000
v -0.25830104 -0.35311021 0.06250000
v -0.25830104 -0.35311021 0.06250000
v -0.24673120 -0.36128931 0.06250000
v -0.24673120 -0.36128931 0.06250000
v -0.23490257 -0.36908946 0.06250000
v -0.23490257 -0.36908946 0.06250000
v -0.22282758 -0.37650249 0.06250000
v -0.22282758 -0.37650249 0.06250000
v -0.21051885 -0.38352061 0.06250000
v -0.21051885 -0.38352061 0.06250000
v -0.19798933 -0.39013649 0.06250000
v -0.19798933 -0.39013649 0.06250000
v -0.18525214 -0.39634315 0.06250000
v -0.18525214 -0.39634315 0.06250000
v -0.17232064 -0.40213411 0.06250000
v -0.17232064 -0.40213411 0.06250000
v -0.15920841 -0.40750329 0.06250000
v -0.15920841 -0.40750329 0.06250000
v -0.14592919 -0.41244505 0.06250000
v -0.14592919 -0.41244505 0.06250000
v -0.13249691 -0.41695421 0.06250000
v -0.13249691 -0.41695421 0.06250000
v -0.11892566 -0.42102605 0.06250000
v -0.11892566 -0.42102605 0.06250000
v -0.10522966 -0.42465629 0.06250000
v -0.10522966 -0.42465629 0.06250000
v -0.09142331 -0.42784113 0.06250000
v -0.09142331 -0.42784113 0.06250000
v -0.07752106 -0.43057721 0.06250000
v -0.07752106 -0.43057721 0.06250000
v -0.06353750 -0.43286169 0.06250000
v -0.06353750 -0.43286169 0.06250000
v -0.04948730 -0.43469214 0.06250000
v -0.04948730 -0.43469214 0.06250000
v -0.03538519 -0.43606666 0.06250000
v -0.03538519 -0.43606666 0.06250000
v -0.02124598 -0.43698383 0.06250000
v -0.02124598 -0.43698383 0.06250000
v -0.00708446 -0.43744264 0.06250000
v -0.00708446 -0.43744264 0.06250000
v 0.00708446 -0.43744264 0.06250000
v 0.00708446 -0.43744264 0.06250000
v 0.02124598 -0.43698383 0.06250000
v 0.02124598 -0.43698383 0.06250000
v 0.03538519 -0.43606666 0.06250000
v 0.03538519 -0.43606666 0.06250000
v 0.04948730 -0.43469214 0.06250000
v 0.04948730 -0.43469214 0.06250000
v 0.06353750 -0.43286169 0.06250000
v 0.06353750 -0.43286169 0.06250000
v 0.07752106 -0.43057721 0.06250000
v 0.07752106 -0.43057721 0.06250000
v 0.09142331 -0.42784113 0.06250000
v 0.09142331 -0.42784113 0.06250000
v 0.10522966 -0.42465629 0.06250000
v 0.10522966 -0.42465629 0.06250000
v 0.11892566 -0.42102605 0.06250000
v 0.11892566 -0.42102605 0.06250000
v 0.13249691 -0.41695421 0.06250000
v 0.13249691 -0.41695421 0.06250000
v 0.14592919 -0.41244505 0.06250000
v 0.14592919 -0.41244505 0.06250000
v 0.15920841 -0.40750329 0.06250000
v 0.15920841 -0.40750329 0.06250000
v 0.17232064 -0.40213411 0.06250000
v 0.17232064 -0.40213411 0.06250000
v 0.18525214 -0.39634315 0.06250000
v 0.18525214 -0.39634315 0.06250000
v 0.19798933 -0.39013649 0.06250000
v 0.19798933 -0.39013649 0.06250000
v 0.21051885 -0.38352061 0.06250000
v 0.21051885 -0.38352061 0.06250000
v 0.22282758 -0.37650249 0.06250000
v 0.22282758 -0.37650249 0.06250000
v 0.23490257 -0.36908946 0.06250000
v 0.23490257 -0.36908946 0.06250000
v 0.24673120 -0.36128931 0.06250000
v 0.24673120 -0.36128931 0.06250000
v 0.25830104 -0.35311021 0.06250000
v 0.25830104 -0.35311021 0.06250000
v 0.26959995 -0.34456076 0.06250000
v 0.26959995 -0.34456076 0.06250000
v 0.28061610 -0.33564990 0.06250000
v 0.28061610 -0.33564990 0.06250000
v 0.29133791 -0.32638700 0.06250000
v 0.29133791 -0.32638700 0.06250000
v 0.30175415 -0.31678176 0.06250000
v 0.30175415 -0.31678176 0.06250000
v 0.31185390 -0.30684426 0.06250000
v 0.31185390 -0.30684426 0.06250000
v 0.32162655 -0.29658493 0.06250000
v 0.32162655 -0.29658493 0.06250000
v 0.33106186 -0.28601450 0.06250000
v 0.33106186 -0.28601450 0.06250000
v 0.34014993 -0.27514410 0.06250000
v 0.34014993 -0.27514410 0.06250000
v 0.34888123 -0.26398511 0.06250000
v 0.34888123 -0.26398511 0.06250000
v 0.35724660 -0.25254924 0.06250000
v 0.35724660 -0.25254924 0.06250000
v 0.36523727 -0.24084846 0.06250000
v 0.36523727 -0.24084846 0.06250000
v 0.37284486 -0.22889509 0.06250000
v 0.37284486 -0.22889509 0.06250000
v 0.38006139 -0.21670163 0.06250000
v 0.38006139 -0.21670163 0.06250000
v 0.38687927 -0.20428087 0.06250000
v 0.38687927 -0.20428087 0.06250000
v 0.39329139 -0.19164586 0.06250000
v 0.39329139 -0.19164586 0.06250000
v 0.39929099 -0.17880984 0.06250000
v 0.39929099 -0.17880984 0.06250000
v 0.40487179 -0.16578626 0.06250000
v 0.40487179 -0.16578626 0.06250000
v 0.41002794 -0.15258881 0.06250000
v 0.41002794 -0.15258881 0.06250000
v 0.41475401 -0.13923130 0.06250000
v 0.41475401 -0.13923130 0.06250000
v 0.41904508 -0.12572776 0.06250000
v 0.41904508 -0.12572776 0.06250000
v 0.42289663 -0.11209236 0.06250000
v 0.42289663 -0.11209236 0.06250000
v 0.42630460 -0.09833939 0.06250000
v 0.42630460 -0.09833939 0.06250000
v 0.42926545 -0.08448326 0.06250000
v 0.42926545 -0.08448326 0.06250000
v 0.43177606 -0.07053852 0.06250000
v 0.43177606 -0.07053852 0.06250000
v 0.43383380 -0.05651981 0.06250000
v 0.43383380 -0.05651981 0.06250000
v 0.43543650 -0.04244181 0.06250000
v 0.43543650 -0.04244181 0.06250000
v 0.43658249 -0.02831930 0.06250000
v 0.43658249 -0.02831930 0.06250000
v 0.43727056 -0.01416707 0.06250000
v 0.43727056 -0.01416707 0.06250000
v 0.50000000 0.00000000 -0.05000000
v 0.50000000 0.00000000 -0.03750000
v 0.50000000 0.00000000 -0.02500000
v 0.50000000 0.00000000 -0.01250000
v 0.00053390 -0.00098575 -0.06250000
v 0.07061350 -0.23893403 -0.06250000
v -0.18413232 -0.17006067 -0.06250000
v 0.24107643 -0.05931370 -0.06250000
v -0.23725726 0.07431760 -0.06250000
v 0.17204158 0.18028744 -0.06250000
v -0.06469915 0.24464773 -0.06250000
v -0.08674003 -0.31479169 -0.06250000
v 0.23874976 -0.22882311 -0.06250000
v -0.32225772 -0.07423896 -0.06250000
v 0.31790436 0.09339238 -0.06250000
v -0.23093420 0.24001556 -0.06250000
v 0.08492909 0.32008585 -0.06250000
v -0.03899950 -0.14153463 -0.06250000
v -0.10012504 0.10417111 -0.06250000
v 0.10356040 -0.10002045 -0.06250000
v -0.14066759 -0.03240579 -0.06250000
v 0.13811914 0.03903901 -0.06250000
v 0.03758241 0.14809861 -0.06250000
v 0.03418751 -0.36679951 -0.06250000
v -0.21723891 -0.29751963 -0.06250000
v 0.16031649 -0.33463158 -0.06250000
v 0.33964201 -0.14657693 -0.06250000
v -0.30877965 -0.20370719 -0.06250000
v -0.36892677 0.04921924 -0.06250000
v 0.29643826 0.22089799 -0.06250000
v -0.15093272 0.33999587 -0.06250000
v 0.37057874 -0.02328516 -0.06250000
v -0.03013319 0.37230048 -0.06250000
v -0.33217324 0.16858959 -0.06250000
v 0.20940845 0.31078174 -0.06250000
v -0.18315454 0.15430157 -0.06250000
v 0.15024187 -0.18432559 -0.06250000
v 0.23587166 0.03881910 -0.06250000
v -0.22335579 -0.08118560 -0.06250000
v -0.02541214 -0.23727216 -0.06250000
v 0.08815836 0.22857799 -0.06250000
v -0.05253001 -0.40352465 -0.06250000
v -0.16080420 -0.37275524 -0.06250000
v 0.25314015 -0.31860744 -0.06250000
v 0.32998716 -0.23813576 -0.06250000
v -0.38069715 -0.14575838 -0.06250000
v -0.40609827 -0.03549679 -0.06250000
v 0.37127035 0.16824817 -0.06250000
v 0.40393561 0.06244681 -0.06250000
v -0.24134424 0.33034303 -0.06250000
v 0.05358486 0.40658023 -0.06250000
v -0.31828289 0.25803094 -0.06250000
v 0.15282661 0.38059766 -0.06250000
v -0.11695738 -0.22847875 -0.06250000
v 0.22497766 -0.14498463 -0.06250000
v -0.26574111 -0.01074866 -0.06250000
v 0.23668201 0.12329718 -0.06250000
v 0.05727692 0.06368800 -0.06250000
v 0.01755600 0.27104931 -0.06250000
v 0.04200937 -0.15760457 -0.06250000
v -0.11858764 -0.11362124 -0.06250000
v -0.14749170 0.23076909 -0.06250000
v 0.11054723 -0.40103539 -0.06250000
v -0.30034160 -0.28781061 -0.06250000
v -0.07969879 0.02444881 -0.06250000
v 0.15961891 -0.04096450 -0.06250000
v 0.08094159 -0.01985688 -0.06250000
v -0.15809826 0.04665486 -0.06250000
v 0.01718038 -0.08086018 -0.06250000
v -0.06117876 -0.05592235 -0.06250000
v 0.11736429 0.11956325 -0.06250000
v 0.40845826 -0.09873064 -0.06250000
v -0.04462646 0.16497944 -0.06250000
v -0.40263690 0.12259916 -0.06250000
v 0.28992029 0.30350596 -0.06250000
v -0.10408345 0.40603872 -0.06250000
v -0.01913333 0.09023879 -0.06250000
v -0.25982701 0.14581754 -0.06250000
v 0.29744245 -0.00704887 -0.06250000
v 0.08807179 -0.31365425 -0.06250000
v -0.23601935 -0.22427704 -0.06250000
v 0.15922179 0.25458249 -0.06250000
v 0.14140984 -0.26119536 -0.06250000
v -0.27921354 -0.13514206 -0.06250000
v -0.08188927 0.31785790 -0.06250000
v -0.01310823 -0.31080850 -0.06250000
v 0.31349951 -0.07829689 -0.06250000
v -0.30967536 0.09326136 -0.06250000
v 0.22580619 0.22886269 -0.06250000
v 0.00840105 -0.43124765 -0.06250000
v -0.22796427 -0.36678400 -0.06250000
v -0.11218900 0.17097872 -0.06250000
v -0.14979211 -0.28955353 -0.06250000
v 0.21410955 -0.37480137 -0.06250000
v 0.38551509 -0.19691224 -0.06250000
v -0.37590196 -0.21340837 -0.06250000
v -0.43305394 0.02821827 -0.06250000
v 0.36430029 0.23583317 -0.06250000
v -0.20103999 -0.00347931 -0.06250000
v 0.17272890 -0.10476333 -0.06250000
v -0.20120932 0.38475159 -0.06250000
v 0.43298550 0.00008138 -0.06250000
v 0.17867925 0.09345941 -0.06250000
v 0.28236290 -0.17895596 -0.06250000
v -0.33437061 -0.00820610 -0.06250000
v 0.29749668 0.15674024 -0.06250000
v -0.00582785 0.43437076 -0.06250000
v -0.37379905 0.22121323 -0.06250000
v 0.21814718 0.37515359 -0.06250000
v 0.00808739 0.20716654 -0.06250000
v -0.11556279 -0.41939350 -0.06250000
v 0.31547221 -0.30346689 -0.06250000
v -0.42412331 -0.09770588 -0.06250000
v -0.18535528 0.28337535 -0.06250000
v 0.02160094 0.33506800 -0.06250000
v 0.34637555 0.03579254 -0.06250000
v 0.20258858 -0.28241602 -0.06250000
v 0.42062684 0.12343754 -0.06250000
v -0.09417225 -0.17283541 -0.06250000
v -0.28360950 0.20599121 -0.06250000
v 0.14995950 0.32151640 -0.06250000
v -0.30203204 0.31740985 -0.06250000
v 0.11187610 0.42235538 -0.06250000
v -0.17855025 -0.23527213 -0.06250000
v -0.12575605 0.28369456 -0.06250000
v 0.06685655 -0.43751749 -0.06250000
v -0.28151925 -0.34152345 -0.06250000
v 0.09432749 -0.18701039 -0.06250000
v -0.17620766 -0.11484470 -0.06250000
v 0.17041750 -0.41170096 -0.06250000
v -0.35713471 -0.26640288 -0.06250000
v 0.08917396 0.16867096 -0.06250000
v -0.15496500 0.10532693 -0.06250000
v 0.27840639 -0.12256207 -0.06250000
v 0.03757821 -0.28732524 -0.06250000
v 0.18694363 0.01051197 -0.06250000
v -0.30188659 0.03718695 -0.06250000
v 0.44053636 -0.05333889 -0.06250000
v 0.02194214 -0.21322264 -0.06250000
v -0.40770099 0.17737525 -0.06250000
v 0.26819286 0.35207554 -0.06250000
v 0.41753302 -0.15249489 -0.06250000
v -0.02803399 0.30511986 -0.06250000
v -0.06008941 0.44111445 -0.06250000
v -0.43737733 0.07994151 -0.06250000
v 0.34290160 0.28297333 -0.06250000
v 0.24906555 0.17736638 -0.06250000
v -0.15990288 0.41535905 -0.06250000
v -0.09862740 -0.36737608 -0.06250000
v -0.23638541 -0.16883421 -0.06250000
v 0.28865619 0.04565223 -0.06250000
v 0.18326386 -0.22810542 -0.06250000
v -0.33225635 -0.12864476 -0.06250000
v 0.36274603 0.11434280 -0.06250000
v -0.07376201 -0.26266203 -0.06250000
v 0.09686594 0.37338626 -0.06250000
v 0.11038130 0.27463596 -0.06250000
v -0.22563526 0.18444895 -0.06250000
v 0.27098721 -0.27072396 -0.06250000
v -0.37496791 -0.07701027 -0.06250000
v -0.26278691 0.28210820 -0.06250000
v -0.01725126 -0.36216455 -0.06250000
v -0.27286220 -0.05916101 -0.06250000
v 0.24651635 0.27665355 -0.06250000
v -0.03198005 0.03833025 -0.06250000
v -0.04949156 -0.18689974 -0.06250000
v -0.35024983 0.12219304 -0.06250000
v 0.06589712 -0.06822718 -0.06250000
v 0.36315511 -0.07238457 -0.06250000
v -0.21924131 0.11906324 -0.06250000
v 0.24869500 -0.01008425 -0.06250000
v -0.03707645 -0.44997279 -0.06250000
v -0.19836975 -0.40465609 -0.06250000
v 0.11992399 -0.14704895 -0.06250000
v -0.17855961 -0.06449753 -0.06250000
v 0.09056682 0.02870525 -0.06250000
v -0.07154317 -0.10322852 -0.06250000
v 0.06762158 0.10962638 -0.06250000
v 0.13601074 0.21159521 -0.06250000
v 0.26194231 -0.36742603 -0.06250000
v 0.37895766 -0.24657603 -0.06250000
v -0.41386015 -0.18181380 -0.06250000
v -0.45162854 -0.01727320 -0.06250000
v 0.40221208 0.20513906 -0.06250000
v -0.17945005 -0.32795778 -0.06250000
v -0.13170305 -0.33439955 -0.06250000
v 0.08241333 -0.36170409 -0.06250000
v -0.25604840 -0.26844184 -0.06250000
v 0.00726114 -0.12804449 -0.06250000
v -0.10850136 -0.06628420 -0.06250000
v -0.12662984 0.01309096 -0.06250000
v -0.11468783 0.05875177 -0.06250000
v 0.11502076 -0.05308395 -0.06250000
v 0.12592191 -0.00656826 -0.06250000
v 0.44990490 0.04717571 -0.06250000
v -0.10710610 0.35870218 -0.06250000
v -0.04696410 -0.01042063 -0.06250000
v -0.24911005 0.37790140 -0.06250000
v -0.09419859 -0.02143414 -0.06250000
v -0.01472981 -0.04578171 -0.06250000
v 0.04517614 0.01745487 -0.06250000
v -0.13804959 -0.18629473 -0.06250000
v 0.10179537 0.07260181 -0.06250000
v 0.03814414 0.45183273 -0.06250000
v 0.05827874 -0.11316143 -0.06250000
v 0.25421046 0.07865868 -0.06250000
v 0.19780133 -0.18093248 -0.06250000
v 0.03500836 -0.03141190 -0.06250000
v 0.18933991 0.41221728 -0.06250000
v -0.36602054 0.26763348 -0.06250000
v 0.06461899 0.26546503 -0.06250000
v -0.06723061 0.07009265 -0.06250000
v 0.28258214 -0.22590606 -0.06250000
v 0.32289606 -0.19191826 -0.06250000
v -0.38009751 0.00178037 -0.06250000
v 0.32978110 0.18571462 -0.06250000
v 0.19301011 0.13816093 -0.06250000
v -0.10179181 0.21830877 -0.06250000
v -0.05288900 0.12045868 -0.06250000
v -0.00896507 0.13493426 -0.06250000
v 0.21803588 -0.09601871 -0.06250000
v -0.23636034 0.02543971 -0.06250000
v -0.00472361 -0.17291443 -0.06250000
v -0.34237141 -0.17096646 -0.06250000
v 0.20705559 -0.32998162 -0.06250000
v -0.19182779 0.08006801 -0.06250000
v 0.01733260 0.37835291 -0.06250000
v -0.19500474 0.32808694 -0.06250000
v 0.20679934 -0.02857650 -0.06250000
v -0.02583543 -0.09604245 -0.06250000
v 0.02471569 0.09874055 -0.06250000
v -0.23193203 -0.03665452 -0.06250000
v 0.39046351 0.01867552 -0.06250000
v -0.18994885 0.22238625 -0.06250000
v -0.21933828 -0.12855914 -0.06250000
v 0.05340284 0.19726206 -0.06250000
v 0.01145037 0.05380709 -0.06250000
v -0.01923789 0.24119042 -0.06250000
v -0.32935979 0.21392131 -0.06250000
v 0.18320740 0.34738343 -0.06250000
v 0.35323150 -0.28578129 -0.06250000
v 0.29693021 -0.34477715 -0.06250000
v -0.43264546 -0.14169760 -0.06250000
v -0.45103388 -0.06187684 -0.06250000
v -0.08047014 -0.44753624 -0.06250000
v -0.16236550 -0.42359994 -0.06250000
v 0.20265115 0.26674897 -0.06250000
v 0.13423071 0.16582320 -0.06250000
v -0.30463091 0.13643752 -0.06250000
v -0.15272530 0.18607910 -0.06250000
v 0.33010178 -0.03968957 -0.06250000
v 0.11113509 -0.22812567 -0.06250000
v 0.12519469 -0.35940853 -0.06250000
v -0.29069801 -0.24366636 -0.06250000
v 0.42349278 0.16763788 -0.06250000
v 0.10002674 -0.27159665 -0.06250000
v 0.19562284 0.05364489 -0.06250000
v 0.44611857 0.08868312 -0.06250000
v 0.12962048 -0.30075126 -0.06250000
v -0.05817856 -0.34758722 -0.06250000
v -0.26750875 0.10557653 -0.06250000
v 0.10899917 -0.44487662 -0.06250000
v -0.32148836 -0.32628438 -0.06250000
v 0.05544094 0.36198403 -0.06250000
v 0.38098552 -0.13035074 -0.06250000
v 0.28348302 -0.04760472 -0.06250000
v -0.14915839 -0.14585877 -0.06250000
v -0.28326932 0.35720346 -0.06250000
v -0.39475804 0.07926339 -0.06250000
v 0.30638190 0.26100406 -0.06250000
v 0.01288679 -0.25296820 -0.06250000
v 0.17473666 -0.14823705 -0.06250000
v -0.34180066 0.30250758 -0.06250000
v 0.23940899 -0.18525089 -0.06250000
v 0.28043735 0.11548889 -0.06250000
v -0.04080244 0.20954521 -0.06250000
v 0.44992865 -0.09663741 -0.06250000
v 0.33697910 0.14717255 -0.06250000
v 0.18171143 0.22321575 -0.06250000
v 0.04884761 -0.32797128 -0.06250000
v -0.36623819 -0.03598530 -0.06250000
v -0.07064626 0.37896829 -0.06250000
v -0.14235520 0.14714739 -0.06250000
v 0.30859044 0.33940143 -0.06250000
v -0.43572806 0.14466510 -0.06250000
v -0.07721273 -0.22341243 -0.06250000
v 0.25010484 0.31633679 -0.06250000
v -0.09978735 0.44564323 -0.06250000
v 0.15277803 0.43527974 -0.06250000
v 0.08142580 0.45102189 -0.06250000
v 0.36386288 0.07274044 -0.06250000
v -0.26832689 -0.19772839 -0.06250000
v -0.22141941 0.29272786 -0.06250000
v 0.39984463 -0.05569791 -0.06250000
v -0.21242713 -0.25696320 -0.06250000
v 0.06310827 -0.39725549 -0.06250000
v -0.25688175 -0.30949149 -0.06250000
v -0.37375995 0.15406190 -0.06250000
v 0.04812661 0.30468886 -0.06250000
v 0.03502633 0.23652578 -0.06250000
v -0.14037173 0.37978958 -0.06250000
v -0.03580225 -0.27715410 -0.06250000
v -0.11401503 -0.27072646 -0.06250000
v -0.19820389 0.03996871 -0.06250000
v -0.28168676 0.24675194 -0.06250000
v -0.28921101 -0.09661574 -0.06250000
v -0.30557852 -0.03695920 -0.06250000
v 0.18947130 -0.06763213 -0.06250000
v 0.34215583 -0.10590634 -0.06250000
v 0.21794112 0.08918401 -0.06250000
v -0.08700696 0.27916220 -0.06250000
v 0.17408086 -0.37065148 -0.06250000
v -0.33936116 -0.22917386 -0.06250000
v -0.14377758 -0.08185123 -0.06250000
v 0.08137506 -0.14718831 -0.06250000
v -0.34773628 0.08372924 -0.06250000
v -0.20166694 -0.20505413 -0.06250000
v -0.30619268 -0.16516140 -0.06250000
v 0.14187985 0.08061932 -0.06250000
v 0.15520249 0.12381171 -0.06250000
v 0.26285826 0.24151999 -0.06250000
v 0.20908341 0.19104496 -0.06250000
v -0.27649226 0.06691709 -0.06250000
v -0.08616505 0.14312910 -0.06250000
v 0.12790729 0.35194273 -0.06250000
v 0.03598309 -0.46183794 -0.06250000
v -0.26674763 -0.37699714 -0.06250000
v -0.04658985 0.33924966 -0.06250000
v 0.27244708 -0.08438315 -0.06250000
v 0.13871224 -0.08362599 -0.06250000
v -0.16252628 -0.00056220 -0.06250000
v -0.01392426 -0.40165793 -0.06250000
v -0.07578241 0.19047145 -0.06250000
v 0.20723489 -0.41325589 -0.06250000
v -0.38965814 -0.24878358 -0.06250000
v -0.03633645 0.41118148 -0.06250000
v -0.11845845 0.32105913 -0.06250000
v 0.16658884 -0.29595806 -0.06250000
v 0.05913236 -0.20363720 -0.06250000
v 0.17359125 0.29076806 -0.06250000
v 0.46124244 -0.02273155 -0.06250000
v 0.42149218 -0.18996660 -0.06250000
v -0.25278916 -0.10694219 -0.06250000
v 0.33429317 -0.00009248 -0.06250000
v -0.46025636 0.05158653 -0.06250000
v 0.37676025 0.26949690 -0.06250000
v 0.00576515 0.16937670 -0.06250000
v -0.40984951 0.21283669 -0.06250000
v 0.25403385 0.38571204 -0.06250000
v -0.03013279 0.46195486 -0.06250000
v -0.19451705 0.42022744 -0.06250000
v 0.01259247 -0.33681020 -0.06250000
v 0.14492111 -0.43992784 -0.06250000
v -0.34999504 -0.30265729 -0.06250000
v 0.14855111 -0.22443450 -0.06250000
v -0.04924214 -0.31142524 -0.06250000
v 0.30301384 -0.14946978 -0.06250000
v -0.07584475 -0.13973896 -0.06250000
v -0.33693690 0.02712629 -0.06250000
v -0.36171490 -0.11410784 -0.06250000
v 0.23381509 -0.26429746 -0.06250000
v 0.28157778 0.18886359 -0.06250000
v -0.03800814 0.27264508 -0.06250000
v -0.28955759 0.16927158 -0.06250000
v 0.30681630 -0.26574633 -0.06250000
v -0.18494145 -0.28146354 -0.06250000
v -0.14624750 -0.25341445 -0.06250000
v -0.12725615 -0.38547430 -0.06250000
v -0.00535439 -0.46442121 -0.06250000
v -0.23449680 -0.40072937 -0.06250000
v 0.44560707 -0.13043296 -0.06250000
v -0.15412116 0.30427328 -0.06250000
v -0.19450081 -0.36115291 -0.06250000
v 0.36937149 -0.16555811 -0.06250000
v 0.40696679 -0.22460679 -0.06250000
v 0.24167658 -0.39706751 -0.06250000
v -0.40928569 -0.21405726 -0.06250000
v 0.39591428 0.23792630 -0.06250000
v -0.46167420 0.01462763 -0.06250000
v -0.21592060 -0.33270764 -0.06250000
v 0.26645456 0.01976511 -0.06250000
v -0.10930221 0.25264059 -0.06250000
v -0.19666427 0.25103329 -0.06250000
v -0.45073656 0.11450685 -0.06250000
v 0.33765496 0.31978804 -0.06250000
v 0.39673516 0.09675520 -0.06250000
v 0.22455829 0.33992193 -0.06250000
v -0.13659026 0.44454339 -0.06250000
v -0.01099182 0.34307768 -0.06250000
v 0.02663035 -0.40144856 -0.06250000
v -0.40470325 0.04034710 -0.06250000
v 0.32972456 0.23448380 -0.06250000
v 0.26017499 -0.15374380 -0.06250000
v -0.15466456 0.26330540 -0.06250000
v -0.22783858 0.40695403 -0.06250000
v -0.30082254 0.00022195 -0.06250000
v 0.46512513 0.01659309 -0.06250000
v 0.40740370 -0.01914617 -0.06250000
v -0.01248432 -0.20666302 -0.06250000
v -0.36289919 0.19069139 -0.06250000
v 0.11984324 0.24246348 -0.06250000
v -0.21624091 0.15358319 -0.06250000
v 0.35669394 -0.21235785 -0.06250000
v -0.41542779 0.00006357 -0.06250000
v 0.36254440 0.20102134 -0.06250000
v 0.26242669 0.14758369 -0.06250000
v -0.25084638 0.21269581 -0.06250000
v 0.00799526 0.46499936 -0.06250000
v -0.29687302 0.28367978 -0.06250000
v -0.39360168 0.24930173 -0.06250000
v 0.21968384 0.40885918 -0.06250000
v -0.37661181 -0.18105126 -0.06250000
v 0.32206339 0.05883240 -0.06250000
v 0.00838706 0.30403410 -0.06250000
v -0.17966870 -0.02993702 -0.06250000
v 0.13825441 -0.11748443 -0.06250000
v -0.08744569 -0.40163598 -0.06250000
v -0.18537752 0.12026984 -0.06250000
v -0.17308096 0.36607374 -0.06250000
v -0.21698053 0.35691531 -0.06250000
v 0.24532479 -0.11574464 -0.06250000
v 0.17622414 -0.25930061 -0.06250000
v -0.27017300 0.02585500 -0.06250000
v 0.22235209 0.15444970 -0.06250000
v 0.01730200 0.41196845 -0.06250000
v 0.22024815 0.00851784 -0.06250000
v 0.19963618 -0.12574306 -0.06250000
v 0.28081177 -0.30269031 -0.06250000
v -0.40692199 -0.07041730 -0.06250000
v 0.11506715 0.30938160 -0.06250000
v -0.13260102 -0.44555075 -0.06250000
v -0.16816644 -0.20441134 -0.06250000
v -0.11717978 -0.30249569 -0.06250000
v 0.23206506 -0.34712613 -0.06250000
v 0.32970426 -0.33056331 -0.06250000
v -0.45496304 -0.09338599 -0.06250000
v 0.38866340 0.13848128 -0.06250000
v 0.13950476 -0.38975976 -0.06250000
v -0.31965450 -0.26110639 -0.06250000
v 0.12310581 0.39423591 -0.06250000
v 0.10623761 0.19701898 -0.06250000
v -0.39884341 -0.11559222 -0.06250000
v 0.30934144 -0.11104378 -0.06250000
v 0.41977503 0.03110368 -0.06250000
v 0.44861468 0.12485890 -0.06250000
v -0.14024298 0.07725016 -0.06250000
v -0.11394279 -0.14686515 -0.06250000
v 0.06868836 0.14378834 -0.06250000
v -0.26958645 0.31401448 -0.06250000
v 0.06751939 -0.27387936 -0.06250000
v 0.15756997 -0.00616767 -0.06250000
v -0.25744574 0.18178645 -0.06250000
v 0.31499940 0.02608823 -0.06250000
v 0.18595868 0.37973434 -0.06250000
v -0.34753906 0.24082232 -0.06250000
v 0.08597714 0.40508441 -0.06250000
v -0.19322402 0.18287528 -0.06250000
v -0.32345985 0.06532973 -0.06250000
v 0.25220689 0.21282691 -0.06250000
v 0.00698891 -0.28440213 -0.06250000
v 0.14075041 0.28749568 -0.06250000
v 0.23066706 -0.29904268 -0.06250000
v -0.26878317 -0.16575965 -0.06250000
v 0.21273381 -0.21165761 -0.06250000
v -0.25009824 -0.34031686 -0.06250000
v 0.28982395 0.07871439 -0.06250000
v -0.02015069 0.18775645 -0.06250000
v -0.23636993 -0.00455161 -0.06250000
v -0.31601890 0.34685425 -0.06250000
v 0.31333698 0.12290460 -0.06250000
v -0.10922189 -0.19886981 -0.06250000
v 0.20832705 -0.25068285 -0.06250000
v 0.11503518 -0.33177170 -0.06250000
v -0.07314571 0.41169253 -0.06250000
v 0.16527066 0.05750965 -0.06250000
v -0.07440064 0.34883529 -0.06250000
v 0.08297826 0.29160255 -0.06250000
v -0.12732354 0.11791725 -0.06250000
v -0.19375778 -0.14061325 -0.06250000
v 0.37507435 -0.10142447 -0.06250000
v 0.12281656 -0.19869486 -0.06250000
v -0.05564470 0.29881540 -0.06250000
v 0.27571110 0.27654906 -0.06250000
v -0.37572180 0.10367444 -0.06250000
v 0.12747840 0.45158124 -0.06250000
v -0.24766811 -0.14113532 -0.06250000
v 0.03574397 -0.23768726 -0.06250000
v -0.00724242 0.40136337 -0.06250000
v -0.20825949 -0.05537272 -0.06250000
v -0.26639660 -0.22844816 -0.06250000
v -0.33496377 -0.04637080 -0.06250000
v -0.12564390 0.19930961 -0.06250000
v 0.08373979 -0.46193606 -0.06250000
v -0.30852696 -0.35384797 -0.06250000
v -0.19534681 -0.08940788 -0.06250000
v -0.14295967 -0.22595839 -0.06250000
v -0.03070756 -0.33616728 -0.06250000
v 0.37494699 0.04461758 -0.06250000
v -0.31189640 0.18931214 -0.06250000
v 0.26004259 -0.20684769 -0.06250000
v 0.03023815 -0.10734401 -0.06250000
v 0.05728579 0.33239408 -0.06250000
v -0.06439110 -0.37324704 -0.06250000
v 0.00683355 -0.37893856 -0.06250000
v 0.36360724 0.00561358 -0.06250000
v 0.46522460 -0.06966154 -0.06250000
v -0.34768451 -0.19971348 -0.06250000
v 0.02318468 -0.17827089 -0.06250000
v -0.03531806 -0.06699460 -0.06250000
v 0.29569166 0.36662943 -0.06250000
v -0.43691981 0.17585054 -0.06250000
v -0.07222176 0.22011605 -0.06250000
v -0.00831909 0.28505262 -0.06250000
v -0.00367755 0.03090956 -0.06250000
v -0.10219207 -0.33989857 -0.06250000
v -0.33894085 -0.09853437 -0.06250000
v 0.03692889 -0.42582855 -0.06250000
v -0.05866759 -0.16165326 -0.06250000
v -0.07742431 0.46525459 -0.06250000
v -0.30230065 0.22863542 -0.06250000
v 0.18140315 0.31794804 -0.06250000
v 0.08509433 -0.41436715 -0.06250000
v -0.28490870 -0.31007598 -0.06250000
v 0.01647675 -0.05247692 -0.06250000
v 0.03440203 0.17621516 -0.06250000
v 0.09688747 0.14153221 -0.06250000
v -0.02695368 0.01113232 -0.06250000
v -0.38011640 -0.28141940 -0.06250000
v 0.18232361 -0.43639828 -0.06250000
v -0.05923919 -0.46717611 -0.06250000
v -0.18683347 -0.43088160 -0.06250000
v 0.05354436 -0.00925587 -0.06250000
v 0.08478424 -0.21726525 -0.06250000
v 0.09429805 -0.07267765 -0.06250000
v 0.15999900 0.15316179 -0.06250000
v 0.35248813 -0.31384746 -0.06250000
v -0.45504969 -0.12338859 -0.06250000
v 0.38313408 -0.27440580 -0.06250000
v 0.29122738 -0.36881189 -0.06250000
v -0.43971160 -0.17003771 -0.06250000
v -0.47005326 -0.04066578 -0.06250000
v -0.23719494 0.26943909 -0.06250000
v -0.14935819 -0.11944243 -0.06250000
v 0.06832794 -0.17597829 -0.06250000
v -0.10788944 -0.45991269 -0.06250000
v 0.25997948 0.05383359 -0.06250000
v 0.17430264 -0.19790504 -0.06250000
v -0.04929425 0.09425835 -0.06250000
v -0.09694619 -0.09428026 -0.06250000
v 0.02012371 -0.30911975 -0.06250000
v -0.05587832 -0.43032210 -0.06250000
v -0.17057888 -0.39972670 -0.06250000
v 0.16209862 0.01899449 -0.06250000
v 0.30037482 -0.20046141 -0.06250000
v 0.08796956 0.25247657 -0.06250000
v 0.00817239 0.23616478 -0.06250000
v -0.07059386 -0.29191623 -0.06250000
v 0.02076698 0.12295399 -0.06250000
v 0.08037220 0.34894635 -0.06250000
v 0.41915654 -0.12368147 -0.06250000
v -0.05308172 -0.23727106 -0.06250000
v -0.30293915 -0.12104025 -0.06250000
v 0.41933281 -0.07317129 -0.06250000
v 0.09918048 0.00385337 -0.06250000
v 0.42906369 0.19564001 -0.06250000
v 0.26178279 -0.24070961 -0.06250000
v 0.46526260 0.07044575 -0.06250000
v -0.25217840 0.04596715 -0.06250000
v 0.06358885 -0.30386172 -0.06250000
v 0.15616841 0.34505930 -0.06250000
v 0.24403183 -0.08645448 -0.06250000
v -0.35237379 -0.14526406 -0.06250000
v 0.43409453 -0.02628826 -0.06250000
v 0.34140774 0.11191545 -0.06250000
v 0.39670979 -0.17190742 -0.06250000
v -0.17330918 0.02463558 -0.06250000
v -0.17763727 0.39428306 -0.06250000
v -0.07551120 -0.19324417 -0.06250000
v 0.44044423 -0.16901918 -0.06250000
v -0.11650860 0.14419814 -0.06250000
v -0.42646608 0.05505150 -0.06250000
v 0.34532641 0.25582124 -0.06250000
v -0.20994417 -0.16224301 -0.06250000
v 0.19690028 0.16505511 -0.06250000
v 0.26974860 -0.34195011 -0.06250000
v 0.35371694 -0.25864279 -0.06250000
v -0.40943091 -0.15548349 -0.06250000
v -0.43661216 -0.03979398 -0.06250000
v 0.39796511 0.17723496 -0.06250000
v 0.16135443 -0.06763268 -0.06250000
v 0.11088936 0.04686911 -0.06250000
v -0.22809241 -0.19851206 -0.06250000
v 0.07657354 0.08381929 -0.06250000
v -0.06079101 0.04287760 -0.06250000
v -0.40055424 0.15016625 -0.06250000
v -0.21977399 0.21446124 -0.06250000
v -0.27549711 0.38251378 -0.06250000
v -0.42395206 0.10500104 -0.06250000
v 0.31890766 0.29842666 -0.06250000
v 0.44871708 0.15174166 -0.06250000
v 0.27728215 0.32580854 -0.06250000
v 0.21058749 0.11627460 -0.06250000
v -0.15733151 -0.34407441 -0.06250000
v -0.12953284 0.41848112 -0.06250000
v 0.23282875 0.06533225 -0.06250000
v -0.03632344 0.06836296 -0.06250000
v 0.25933901 -0.03645045 -0.06250000
v -0.15383966 -0.31770415 -0.06250000
v 0.01675962 -0.15418643 -0.06250000
v -0.25787060 -0.03408431 -0.06250000
v 0.06242631 -0.04237609 -0.06250000
v -0.24630287 -0.06190819 -0.06250000
v 0.06414605 0.03682234 -0.06250000
v -0.07370712 -0.00267485 -0.06250000
v 0.19927680 -0.15308981 -0.06250000
v 0.43111354 0.06851526 -0.06250000
v -0.24715537 0.12324638 -0.06250000
v -0.46559755 0.07879635 -0.06250000
v 0.36804465 0.29585989 -0.06250000
v -0.33022541 0.14190716 -0.06250000
v -0.10626529 0.03257380 -0.06250000
v 0.14643695 -0.15760817 -0.06250000
v 0.13462277 -0.03051161 -0.06250000
v 0.10775777 -0.02607466 -0.06250000
v -0.17739781 0.43983791 -0.06250000
v -0.13214671 0.03958394 -0.06250000
v -0.17127659 0.23839594 -0.06250000
v -0.01387279 -0.26292701 -0.06250000
v -0.25933453 0.35099751 -0.06250000
v 0.14676027 0.18583662 -0.06250000
v -0.01780816 -0.42701320 -0.06250000
v -0.08826860 -0.04676165 -0.06250000
v 0.10075719 -0.12737975 -0.06250000
v -0.10011056 0.00549855 -0.06250000
v -0.12030101 -0.01345771 -0.06250000
v -0.36922224 0.29426451 -0.06250000
v -0.04063180 -0.03748444 -0.06250000
v -0.11392351 -0.04002934 -0.06250000
v -0.02043566 -0.01823939 -0.06250000
v 0.19243390 -0.30741649 -0.06250000
v 0.33691902 -0.06408432 -0.06250000
v -0.21877410 0.09132683 -0.06250000
v 0.16068761 0.40887943 -0.06250000
v 0.06144820 0.43378289 -0.06250000
v 0.06297822 0.17044760 -0.06250000
v 0.06465221 0.23899970 -0.06250000
v -0.08601825 0.05126666 -0.06250000
v -0.33903061 0.27588910 -0.06250000
v 0.12045716 0.01952604 -0.06250000
v 0.04480413 -0.08344056 -0.06250000
v -0.04488242 -0.11390634 -0.06250000
v -0.15206599 -0.06083537 -0.06250000
v -0.38937366 0.19773132 -0.06250000
v -0.01768189 0.21739724 -0.06250000
v -0.09285802 0.07626739 -0.06250000
v 0.02713981 -0.00370941 -0.06250000
v 0.07745902 -0.09422675 -0.06250000
v 0.21793584 -0.07088113 -0.06250000
v 0.22123043 0.28607993 -0.06250000
v 0.22821138 0.25689043 -0.06250000
v -0.06764275 -0.02945264 -0.06250000
v 0.03740790 0.04405066 -0.06250000
v 0.08858770 -0.04847131 -0.06250000
v -0.05447786 0.01571821 -0.06250000
v 0.13163335 -0.41144586 -0.06250000
v -0.32468036 -0.28835115 -0.06250000
v -0.22295749 0.04889127 -0.06250000
v -0.34839230 -0.07039396 -0.06250000
v 0.09434206 0.10300534 -0.06250000
v 0.17859960 0.43632394 -0.06250000
v -0.01934541 -0.12210703 -0.06250000
v 0.15671265 0.22628825 -0.06250000
v 0.19637486 -0.35680188 -0.06250000
v 0.05700579 0.46898741 -0.06250000
v -0.33770107 0.33387054 -0.06250000
v -0.03546594 0.14065654 -0.06250000
v 0.04184767 -0.05683708 -0.06250000
v -0.07559005 -0.07760969 -0.06250000
v 0.24366949 0.36202876 -0.06250000
v -0.09249169 -0.24291074 -0.06250000
v 0.35728801 -0.04598156 -0.06250000
v -0.03157287 -0.16698668 -0.06250000
v -0.00056763 -0.10136770 -0.06250000
v -0.32246340 0.11701650 -0.06250000
v -0.12083885 -0.35854538 -0.06250000
v 0.00955981 -0.02533690 -0.06250000
v -0.04238106 -0.37964388 -0.06250000
v 0.08469079 0.05413584 -0.06250000
v 0.05708756 -0.35277269 -0.06250000
v -0.16794581 0.21114757 -0.06250000
v 0.04555694 0.12236560 -0.06250000
v -0.02810199 0.11505345 -0.06250000
v 0.11394599 -0.17365934 -0.06250000
v 0.08684056 -0.38775329 -0.06250000
v -0.27315783 -0.28904881 -0.06250000
v 0.00502271 0.07977500 -0.06250000
v -0.00676067 -0.07041708 -0.06250000
v 0.03773630 -0.13030685 -0.06250000
v -0.20709551 -0.02800149 -0.06250000
v 0.18635851 -0.01552334 -0.06250000
v -0.21029340 -0.22857351 -0.06250000
v 0.18839800 -0.39408871 -0.06250000
v -0.36327090 -0.24143775 -0.06250000
v -0.16638038 0.08205375 -0.06250000
v 0.35003658 -0.18740703 -0.06250000
v 0.06766574 0.01174318 -0.06250000
v -0.09378005 -0.11719176 -0.06250000
v 0.32954738 -0.27947185 -0.06250000
v -0.13988134 -0.40880193 -0.06250000
v 0.39036936 -0.07918736 -0.06250000
v 0.05066105 0.08988071 -0.06250000
v 0.07178145 0.38438930 -0.06250000
v -0.38647086 -0.05446374 -0.06250000
v -0.29603188 -0.07093865 -0.06250000
v 0.07953558 0.19424429 -0.06250000
v 0.25701675 -0.29149755 -0.06250000
v -0.04449270 -0.21708866 -0.06250000
v -0.10376228 0.30045887 -0.06250000
v 0.03132656 0.07179291 -0.06250000
v 0.06018070 -0.47033185 -0.06250000
v -0.29210952 -0.37287535 -0.06250000
v 0.20217160 0.24064625 -0.06250000
v -0.00009405 -0.22923507 -0.06250000
v 0.13950740 0.10647281 -0.06250000
v -0.23111906 -0.27362600 -0.06250000
v -0.01130900 -0.14765851 -0.06250000
v 0.10427727 0.46407041 -0.06250000
v -0.11637095 0.08609997 -0.06250000
v 0.36252516 0.13996095 -0.06250000
v 0.10745404 0.33226585 -0.06250000
v -0.27923538 0.12926007 -0.06250000
v -0.37764784 0.12783351 -0.06250000
v -0.04946145 -0.08787045 -0.06250000
v -0.06867537 0.16264819 -0.06250000
v -0.00236007 0.10946707 -0.06250000
v -0.07352781 0.10265714 -0.06250000
v 0.25692230 0.10588884 -0.06250000
v -0.11709021 0.38337140 -0.06250000
v -0.02801385 -0.47382906 -0.06250000
v -0.22007186 -0.42227818 -0.06250000
v -0.01830419 0.16103551 -0.06250000
v 0.21093236 0.03271671 -0.06250000
v -0.25700930 0.23446823 -0.06250000
v 0.23235953 -0.03589049 -0.06250000
v -0.09583551 -0.28887364 -0.06250000
v -0.39801201 0.01953067 -0.06250000
v 0.33903485 0.20782627 -0.06250000
v 0.32278313 -0.16776153 -0.06250000
v 0.30989283 -0.05273958 -0.06250000
v -0.35370820 0.00742416 -0.06250000
v -0.23810871 -0.24933205 -0.06250000
v -0.26600030 -0.08279736 -0.06250000
v 0.15178373 -0.35821340 -0.06250000
v -0.31219013 -0.23081519 -0.06250000
v 0.42247264 0.09865835 -0.06250000
v 0.04237015 0.27962742 -0.06250000
v -0.16956679 -0.08858769 -0.06250000
v 0.30460846 0.17931254 -0.06250000
v -0.19136363 -0.30389128 -0.06250000
v 0.47493854 -0.04494775 -0.06250000
v 0.21987224 -0.16947033 -0.06250000
v -0.15620855 -0.16945898 -0.06250000
v 0.33780014 0.07836640 -0.06250000
v 0.27349295 -0.01533905 -0.06250000
v 0.04482842 -0.26212289 -0.06250000
v 0.34620068 0.16734373 -0.06250000
v -0.03425814 0.43519826 -0.06250000
v -0.32685888 -0.15304229 -0.06250000
v 0.09379531 -0.24688049 -0.06250000
v 0.17389770 -0.17413961 -0.06250000
v 0.04261986 0.38349266 -0.06250000
v -0.17050912 -0.25931879 -0.06250000
v 0.07614754 -0.33782201 -0.06250000
v 0.40569455 -0.25022624 -0.06250000
v 0.41960708 0.22635030 -0.06250000
v -0.43149275 -0.20176385 -0.06250000
v 0.26623636 -0.39356601 -0.06250000
v -0.47660326 -0.00711138 -0.06250000
v -0.20720109 -0.38118093 -0.06250000
v -0.01319553 0.05789291 -0.06250000
v -0.38230840 -0.02099715 -0.06250000
v 0.26844714 0.29798149 -0.06250000
v 0.28739657 0.24483188 -0.06250000
v 0.03162994 0.35705064 -0.06250000
v -0.05286382 0.47467505 -0.06250000
v -0.21886317 0.31846674 -0.06250000
v -0.24818486 0.30321570 -0.06250000
v -0.11740851 -0.17220566 -0.06250000
v 0.27885468 0.38515886 -0.06250000
v -0.43128410 0.20025311 -0.06250000
v -0.37088760 0.07310498 -0.06250000
v -0.39750360 -0.09273209 -0.06250000
v -0.28993277 -0.18621254 -0.06250000
v 0.12449570 -0.27782341 -0.06250000
v -0.31884765 0.29756645 -0.06250000
v -0.21320065 0.01884320 -0.06250000
v -0.17051920 0.32409401 -0.06250000
v -0.24362571 0.09835074 -0.06250000
v 0.19267092 -0.09256604 -0.06250000
v -0.13090824 0.35801228 -0.06250000
v -0.31449385 -0.09872309 -0.06250000
v -0.05289630 0.36306145 -0.06250000
v -0.25498911 0.40248635 -0.06250000
v 0.29074679 0.01868415 -0.06250000
v 0.30576744 -0.24002575 -0.06250000
v -0.04224967 0.23303790 -0.06250000
v 0.10610590 -0.29470080 -0.06250000
v 0.13465381 0.26235153 -0.06250000
v -0.00696560 0.36883011 -0.06250000
v -0.08910396 0.23796600 -0.06250000
v -0.19916193 0.30234972 -0.06250000
v -0.16164119 0.12864675 -0.06250000
v 0.32031038 -0.21575541 -0.06250000
v 0.47279528 0.03918807 -0.06250000
v 0.01937029 0.02025679 -0.06250000
v -0.29030176 -0.22113450 -0.06250000
v -0.14945050 0.02228015 -0.06250000
v 0.35492618 -0.12857925 -0.06250000
v 0.13983094 -0.05923891 -0.06250000
v 0.11817979 -0.25349040 -0.06250000
v 0.13440978 0.41567698 -0.06250000
v -0.20527739 0.27626256 -0.06250000
v -0.16053853 0.15997525 -0.06250000
v -0.13555134 0.16765827 -0.06250000
v 0.38047673 -0.22126326 -0.06250000
v -0.43784301 0.00387413 -0.06250000
v 0.38035336 0.21691764 -0.06250000
v -0.09165084 -0.42564280 -0.06250000
v 0.16438808 0.20412354 -0.06250000
v -0.38968323 0.27510983 -0.06250000
v 0.20626940 0.43023081 -0.06250000
v 0.03157798 0.21123725 -0.06250000
v -0.12243347 0.23178061 -0.06250000
v -0.28309391 -0.02693887 -0.06250000
v -0.31132828 0.16052269 -0.06250000
v -0.04842222 0.38972089 -0.06250000
v -0.09739909 0.33469880 -0.06250000
v 0.03103059 0.47560125 -0.06250000
v -0.18155758 0.05963774 -0.06250000
v -0.09990697 0.19288765 -0.06250000
v 0.12804621 -0.45660279 -0.06250000
v -0.34666020 -0.32450395 -0.06250000
v -0.19329765 0.35166754 -0.06250000
v 0.18501024 -0.04251813 -0.06250000
v -0.39323949 -0.19618846 -0.06250000
v 0.13418156 0.13444159 -0.06250000
v 0.17876211 0.11723557 -0.06250000
v -0.34341829 0.05098069 -0.06250000
v 0.11719644 0.09551230 -0.06250000
v -0.24162395 0.16343828 -0.06250000
v 0.34754249 -0.02051126 -0.06250000
v 0.18117170 0.03651363 -0.06250000
v -0.06352868 0.27024433 -0.06250000
v -0.32049443 -0.18241149 -0.06250000
v 0.01738701 0.43725338 -0.06250000
v 0.41124669 0.14726591 -0.06250000
v -0.21420510 -0.10444845 -0.06250000
v 0.19716871 0.29207569 -0.06250000
v -0.22466051 0.37765686 -0.06250000
v 0.19768634 0.07638952 -0.06250000
v 0.10974925 -0.37752963 -0.06250000
v -0.28772776 -0.26803401 -0.06250000
v -0.23309333 -0.31573231 -0.06250000
v 0.11235110 0.17473904 -0.06250000
v 0.13690624 -0.33780845 -0.06250000
v 0.46306284 -0.11379946 -0.06250000
v 0.29831116 -0.31923189 -0.06250000
v -0.43003040 -0.07420036 -0.06250000
v 0.08737885 0.42880980 -0.06250000
v 0.23812594 -0.37326228 -0.06250000
v -0.25784256 -0.40104166 -0.06250000
v 0.01537156 -0.47673436 -0.06250000
v 0.20333949 0.33362475 -0.06250000
v 0.30682789 -0.02962964 -0.06250000
v -0.13360728 0.25300414 -0.06250000
v 0.31864725 -0.13325550 -0.06250000
v -0.28398040 0.33318829 -0.06250000
v -0.29697081 0.11385284 -0.06250000
v 0.22977046 -0.41732038 -0.06250000
v -0.41109496 -0.24073158 -0.06250000
v 0.44262195 0.02452431 -0.06250000
v 0.16064616 -0.12759869 -0.06250000
v 0.40945957 0.00364648 -0.06250000
v 0.38662518 -0.00567989 -0.06250000
v 0.32090870 -0.35272733 -0.06250000
v -0.47159685 -0.07499160 -0.06250000
v -0.15683633 -0.45023911 -0.06250000
v 0.24359573 0.01313754 -0.06250000
v -0.34010716 0.19241557 -0.06250000
v -0.12050954 -0.08999675 -0.06250000
v 0.29119582 -0.06972398 -0.06250000
v -0.42075891 -0.12117896 -0.06250000
v -0.28598811 0.09016491 -0.06250000
v -0.16868954 -0.13566020 -0.06250000
v 0.10361090 -0.35291710 -0.06250000
v -0.37616485 0.02634826 -0.06250000
v 0.31554731 0.20645610 -0.06250000
v 0.22911988 -0.32038379 -0.06250000
v -0.12050210 0.46186215 -0.06250000
v 0.15889619 -0.24358869 -0.06250000
v 0.32304544 0.16323724 -0.06250000
v 0.08233484 -0.28956809 -0.06250000
v 0.47756724 -0.00366124 -0.06250000
v -0.09119000 0.42589539 -0.06250000
v 0.18272625 0.25354170 -0.06250000
v 0.27655555 0.21186676 -0.06250000
v 0.33257315 0.34300985 -0.06250000
v -0.45762521 0.13725819 -0.06250000
v -0.36168745 -0.01474935 -0.06250000
v 0.28509011 -0.25228550 -0.06250000
v 0.24458983 0.41060968 -0.06250000
v -0.41378263 0.23918281 -0.06250000
v 0.29413373 -0.09323051 -0.06250000
v -0.37061440 0.24482284 -0.06250000
v 0.20415274 0.39448056 -0.06250000
v 0.14688891 -0.28365407 -0.06250000
v 0.18418125 -0.33484501 -0.06250000
v 0.11083170 0.21982634 -0.06250000
v 0.42714840 -0.21235166 -0.06250000
v -0.01212099 0.47767769 -0.06250000
v -0.20288215 0.13574034 -0.06250000
v -0.35334014 0.21052554 -0.06250000
v 0.22905139 0.20552536 -0.06250000
v 0.22007558 -0.12084983 -0.06250000
v -0.18563812 -0.38115715 -0.06250000
v 0.20666454 0.21468636 -0.06250000
v -0.17018401 -0.30080908 -0.06250000
v 0.06968964 0.21523443 -0.06250000
v 0.11635169 -0.08004824 -0.06250000
v -0.08129414 -0.34943242 -0.06250000
v 0.20567373 0.35708851 -0.06250000
v 0.22408855 -0.01461969 -0.06250000
v 0.26588089 -0.06213366 -0.06250000
v -0.26014091 0.25907886 -0.06250000
v 0.24997165 0.33976178 -0.06250000
v 0.15104840 -0.31215766 -0.06250000
v -0.00928815 0.32021487 -0.06250000
v -0.12914041 -0.05864720 -0.06250000
v 0.18823389 0.19958380 -0.06250000
v -0.25347240 0.01173009 -0.06250000
v 0.35483280 0.09398123 -0.06250000
v -0.47639446 0.03431335 -0.06250000
v 0.39916464 0.26229121 -0.06250000
v -0.05275266 0.18759391 -0.06250000
v 0.46582978 0.10585974 -0.06250000
v -0.00225497 0.25885138 -0.06250000
v 0.39843898 0.04146171 -0.06250000
v -0.29999125 0.07138016 -0.06250000
v 0.29337608 -0.28273150 -0.06250000
v 0.39491176 -0.14917178 -0.06250000
v -0.08225126 -0.47068432 -0.06250000
v -0.27324825 -0.25221279 -0.06250000
v -0.17828623 0.26177188 -0.06250000
v 0.37637536 -0.29713612 -0.06250000
v -0.45322624 -0.14866545 -0.06250000
v 0.04684329 -0.18346021 -0.06250000
v -0.26115904 0.08326400 -0.06250000
v 0.26505872 0.17073367 -0.06250000
v -0.21496349 0.42502705 -0.06250000
v 0.01349726 0.14752884 -0.06250000
v 0.38761793 0.07728395 -0.06250000
v 0.26076863 -0.17543400 -0.06250000
v -0.09355440 0.37459204 -0.06250000
v -0.01561306 -0.28836759 -0.06250000
v -0.38490790 0.17501246 -0.06250000
v -0.35396805 0.14414146 -0.06250000
v 0.42001895 -0.04376898 -0.06250000
v 0.06369138 -0.37441944 -0.06250000
v -0.06723772 -0.32627275 -0.06250000
v 0.10716735 -0.46610768 -0.06250000
v -0.33078475 -0.34543111 -0.06250000
v -0.32547003 0.23644924 -0.06250000
v 0.16856192 0.36525301 -0.06250000
v -0.19988466 0.10249248 -0.06250000
v 0.09460579 -0.16539286 -0.06250000
v -0.32227547 0.01005816 -0.06250000
v -0.00832960 -0.34038294 -0.06250000
v 0.28196213 -0.15645050 -0.06250000
v -0.03855039 -0.41986250 -0.06250000
v 0.44413856 0.17846955 -0.06250000
v 0.03334622 -0.34428610 -0.06250000
v 0.30364050 -0.17863603 -0.06250000
v 0.11840060 0.37287878 -0.06250000
v -0.30713991 0.36670218 -0.06250000
v 0.42784664 -0.10336332 -0.06250000
v -0.29772788 0.26221955 -0.06250000
v 0.12801986 0.06342451 -0.06250000
v -0.10886220 -0.39916355 -0.06250000
v -0.31293975 -0.01502456 -0.06250000
v 0.08144444 -0.11618886 -0.06250000
v 0.28220373 0.13723875 -0.06250000
v -0.28110091 0.04531495 -0.06250000
v -0.30143496 -0.14282118 -0.06250000
v -0.19822694 -0.11920937 -0.06250000
v 0.35929371 -0.23490694 -0.06250000
v -0.42903877 -0.01945294 -0.06250000
v 0.38196565 0.19188066 -0.06250000
v 0.45420916 -0.15136981 -0.06250000
v -0.05761553 0.14304675 -0.06250000
v -0.21029146 -0.18451589 -0.06250000
v -0.12857866 -0.21009078 -0.06250000
v 0.00604443 -0.40862645 -0.06250000
v 0.02803451 0.31377153 -0.06250000
v -0.27500136 -0.11230686 -0.06250000
v 0.03807434 0.25795513 -0.06250000
v 0.06361527 -0.13439209 -0.06250000
v 0.26460681 -0.10516149 -0.06250000
v 0.37657294 -0.05484783 -0.06250000
v -0.14040089 -0.00560020 -0.06250000
v 0.14185746 0.01160900 -0.06250000
v 0.35939788 0.31670428 -0.06250000
v -0.46821449 0.10121078 -0.06250000
v -0.41697129 0.07473053 -0.06250000
v 0.32705908 0.26997738 -0.06250000
v 0.00642274 -0.19509476 -0.06250000
v 0.34783831 0.05743428 -0.06250000
v 0.22947880 0.30722311 -0.06250000
v 0.33447401 -0.08489412 -0.06250000
v -0.24774052 -0.28894216 -0.06250000
v 0.03714783 0.42664573 -0.06250000
v -0.02535539 -0.18709451 -0.06250000
v -0.09782194 -0.21853178 -0.06250000
v -0.21318008 0.07012436 -0.06250000
v -0.42224921 0.12828334 -0.06250000
v 0.30579806 0.31756437 -0.06250000
v -0.12471656 -0.25130025 -0.06250000
v 0.01430253 -0.45293429 -0.06250000
v -0.24407421 -0.38184534 -0.06250000
v -0.22671914 -0.14862014 -0.06250000
v 0.39675839 -0.11781334 -0.06250000
v -0.14059362 0.32078009 -0.06250000
v 0.08875309 -0.43625736 -0.06250000
v 0.10577955 -0.42212679 -0.06250000
v -0.30706560 -0.30836839 -0.06250000
v -0.30164429 -0.33054742 -0.06250000
v 0.29707702 0.09888475 -0.06250000
v 0.23389952 -0.20744177 -0.06250000
v -0.09117520 0.16422875 -0.06250000
v -0.20682526 -0.27881075 -0.06250000
v 0.23565225 0.10206026 -0.06250000
v 0.14914864 0.45467132 -0.06250000
v -0.40283600 0.10027427 -0.06250000
v 0.30277825 0.28400194 -0.06250000
v 0.22124186 -0.39656574 -0.06250000
v -0.39202643 -0.22811494 -0.06250000
v 0.39703720 0.11816036 -0.06250000
v 0.22357720 0.17572765 -0.06250000
v -0.13521057 -0.27421501 -0.06250000
v -0.35987697 0.31673158 -0.06250000
v 0.01346479 -0.35854978 -0.06250000
v 0.46976640 -0.09132401 -0.06250000
v -0.14254686 -0.36102244 -0.06250000
v -0.15724296 0.45285135 -0.06250000
v 0.20619980 -0.05244835 -0.06250000
v -0.02809627 0.32923771 -0.06250000
v -0.10206215 0.12827095 -0.06250000
v 0.14147209 0.24137818 -0.06250000
v -0.03831191 -0.35663261 -0.06250000
v -0.23840839 0.35859633 -0.06250000
v -0.03848498 -0.25590575 -0.06250000
v -0.05569006 0.32002005 -0.06250000
v -0.07696909 0.12371954 -0.06250000
v -0.15958555 -0.02196770 -0.06250000
v 0.12584085 -0.10003156 -0.06250000
v -0.13111459 -0.13250166 -0.06250000
v -0.19098409 -0.25188860 -0.06250000
v -0.37250509 -0.30089826 -0.06250000
v 0.16580938 -0.44922941 -0.06250000
v -0.21079675 0.23355319 -0.06250000
v -0.26706920 -0.35562850 -0.06250000
v -0.32935335 -0.21009653 -0.06250000
v -0.24841702 -0.18848101 -0.06250000
v 0.39116975 -0.03334846 -0.06250000
v 0.12897295 0.32936456 -0.06250000
v 0.45487830 -0.00076384 -0.06250000
v 0.04300725 -0.38642124 -0.06250000
v 0.21915484 -0.19054750 -0.06250000
v 0.20463084 -0.00543514 -0.06250000
v -0.17702304 0.10046655 -0.06250000
v -0.14723570 0.28439867 -0.06250000
v 0.02507970 -0.27077093 -0.06250000
v -0.34666574 -0.02889014 -0.06250000
v 0.27669670 0.09562717 -0.06250000
v 0.08689181 0.12327533 -0.06250000
v -0.14592719 0.39964566 -0.06250000
v -0.21790355 0.25715517 -0.06250000
v -0.35628059 0.16905625 -0.06250000
v 0.06204396 0.28783817 -0.06250000
v 0.33595779 -0.29856429 -0.06250000
v 0.05854712 -0.41850343 -0.06250000
v -0.23514482 0.14016729 -0.06250000
v 0.10497014 0.35440314 -0.06250000
v -0.28550328 0.14950231 -0.06250000
v -0.10638458 0.27400475 -0.06250000
v -0.27404626 0.22492633 -0.06250000
v 0.44214148 -0.07490976 -0.06250000
v 0.16275921 -0.38737816 -0.06250000
v -0.34018445 -0.25084944 -0.06250000
v 0.34408732 -0.16742616 -0.06250000
v -0.45137517 0.15936640 -0.06250000
v 0.31633471 0.35926251 -0.06250000
v 0.24199992 -0.16236721 -0.06250000
v 0.40497813 -0.20340740 -0.06250000
v -0.09833791 0.46861196 -0.06250000
v 0.13694549 -0.24054895 -0.06250000
v 0.17355040 -0.31624105 -0.06250000
v 0.08110752 0.47302061 -0.06250000
v 0.15784871 0.09553074 -0.06250000
v -0.35949234 -0.09113901 -0.06250000
v -0.09406091 -0.15059152 -0.06250000
v 0.00907352 0.35243739 -0.06250000
v -0.39365019 0.22996684 -0.06250000
v 0.23265775 0.39123365 -0.06250000
v -0.33122409 0.09570058 -0.06250000
v 0.06966535 0.30860373 -0.06250000
v 0.21827834 -0.23128270 -0.06250000
v -0.17556399 0.30356734 -0.06250000
v -0.17307533 0.34506548 -0.06250000
v -0.01158524 0.45507154 -0.06250000
v 0.26151846 0.12794209 -0.06250000
v 0.24154879 0.14459015 -0.06250000
v 0.19803671 0.09799610 -0.06250000
v -0.27925910 0.29527548 -0.06250000
v -0.39446938 -0.17187337 -0.06250000
v -0.14383191 0.21026673 -0.06250000
v 0.04095486 -0.30743181 -0.06250000
v -0.18526466 -0.19185320 -0.06250000
v -0.14646800 -0.38896285 -0.06250000
v -0.42008641 0.15996034 -0.06250000
v -0.20941201 0.17320264 -0.06250000
v 0.37567894 0.09577725 -0.06250000
v 0.28853171 0.34419145 -0.06250000
v 0.21767373 0.05142143 -0.06250000
v -0.45250770 0.03211699 -0.06250000
v 0.37938231 0.24872429 -0.06250000
v -0.11355891 0.42992375 -0.06250000
v 0.12612565 0.19323581 -0.06250000
v -0.15141597 0.36154116 -0.06250000
v -0.03133905 0.35272044 -0.06250000
v -0.32238465 0.04161712 -0.06250000
v 0.29838630 -0.12928660 -0.06250000
v 0.18102345 -0.27981281 -0.06250000
v -0.20751315 0.40383036 -0.06250000
v 0.05606932 -0.22432412 -0.06250000
v -0.07685029 0.29730162 -0.06250000
v -0.05731680 -0.27510219 -0.06250000
v -0.24488912 -0.08796767 -0.06250000
v 0.20147414 -0.43368472 -0.06250000
v -0.39517419 -0.26927984 -0.06250000
v -0.13510948 0.09905205 -0.06250000
v -0.08101962 0.25888089 -0.06250000
v -0.17254711 0.17938160 -0.06250000
v 0.31406649 0.14442722 -0.06250000
v 0.15845117 -0.09015110 -0.06250000
v 0.02596015 0.29303948 -0.06250000
v 0.01658979 0.18701761 -0.06250000
v -0.25039528 -0.20921110 -0.06250000
v -0.18246161 0.00209970 -0.06250000
v 0.32646611 -0.25888934 -0.06250000
v 0.36504114 0.02617036 -0.06250000
v -0.36685628 -0.16051084 -0.06250000
v 0.30792682 0.23740230 -0.06250000
v -0.26592383 -0.32777462 -0.06250000
v 0.24214336 0.24141029 -0.06250000
v -0.28109466 0.00761145 -0.06250000
v 0.24505195 -0.13778060 -0.06250000
v 0.14074720 -0.13876104 -0.06250000
v 0.15868395 0.27684564 -0.06250000
v 0.31427114 0.00535195 -0.06250000
v -0.08106010 0.44428144 -0.06250000
v 0.26081633 0.26011146 -0.06250000
v -0.38811651 0.06098789 -0.06250000
v -0.03195503 -0.30162097 -0.06250000
v -0.19607248 -0.34038839 -0.06250000
v -0.05551850 0.42047236 -0.06250000
v -0.35273198 0.10130314 -0.06250000
v -0.06942391 -0.41329966 -0.06250000
v 0.27999139 -0.20249920 -0.06250000
v -0.10837474 -0.43830394 -0.06250000
v -0.18436916 -0.21631160 -0.06250000
v 0.35541248 -0.09151650 -0.06250000
v -0.32210989 0.31893701 -0.06250000
v -0.09486787 -0.26330715 -0.06250000
v -0.17427424 -0.35672754 -0.06250000
v 0.41133353 0.08207140 -0.06250000
v -0.08624610 0.39590528 -0.06250000
v 0.17321669 0.13704619 -0.06250000
v 0.10328861 -0.20662520 -0.06250000
v -0.02610942 0.39347097 -0.06250000
v 0.36477618 -0.14563365 -0.06250000
v -0.27714607 0.18590086 -0.06250000
v 0.21312770 -0.30657704 -0.06250000
v 0.11578635 0.14863091 -0.06250000
v -0.44179389 -0.10788916 -0.06250000
v -0.21309811 -0.35302742 -0.06250000
v -0.13071306 0.30220994 -0.06250000
v 0.43077820 0.14080360 -0.06250000
v -0.31107240 -0.05727116 -0.06250000
v -0.29054749 -0.05136981 -0.06250000
v -0.11655209 0.34161232 -0.06250000
v 0.26172976 0.19110225 -0.06250000
v 0.17265569 -0.35143208 -0.06250000
v -0.05720438 -0.13166295 -0.06250000
v -0.19051905 -0.04689685 -0.06250000
v 0.32268460 -0.01633538 -0.06250000
v 0.27254282 -0.32118500 -0.06250000
v -0.41947356 -0.05372742 -0.06250000
v 0.38964480 0.15799143 -0.06250000
v -0.11383110 -0.32406330 -0.06250000
v 0.30067760 0.06194409 -0.06250000
v -0.23313348 -0.11214815 -0.06250000
v -0.36601936 -0.05829712 -0.06250000
v -0.27894684 0.27106580 -0.06250000
v -0.13799599 -0.16416124 -0.06250000
v 0.10255395 0.39195131 -0.06250000
v 0.22007469 0.13489315 -0.06250000
v 0.14439409 0.36205671 -0.06250000
v -0.31609773 0.27766321 -0.06250000
v 0.12631633 -0.43423866 -0.06250000
v -0.33090764 -0.30825180 -0.06250000
v 0.12081989 -0.12641206 -0.06250000
v 0.44052891 -0.18893893 -0.06250000
v 0.17699784 0.07215184 -0.06250000
v -0.28061170 -0.39086255 -0.06250000
v 0.04065707 -0.48021583 -0.06250000
v -0.30554728 0.20803643 -0.06250000
v -0.01612369 -0.44845280 -0.06250000
v -0.06150718 -0.20758765 -0.06250000
v -0.35690090 0.03006129 -0.06250000
v -0.35675554 -0.21926070 -0.06250000
v -0.47681259 0.06091234 -0.06250000
v 0.38643855 0.28605519 -0.06250000
v -0.04560155 0.25390774 -0.06250000
v -0.01749250 0.41940114 -0.06250000
v 0.18314789 0.27313446 -0.06250000
v 0.29675864 0.19999092 -0.06250000
v 0.06355853 -0.15648365 -0.06250000
v -0.20793336 0.19723895 -0.06250000
v 0.10348318 0.44365511 -0.06250000
v 0.12923135 -0.21754021 -0.06250000
v 0.15627303 0.30115376 -0.06250000
v -0.26115909 0.33202676 -0.06250000
v 0.14208599 0.39733290 -0.06250000
v 0.16298877 -0.42651720 -0.06250000
v -0.35843668 -0.28284781 -0.06250000
v 0.33411080 0.01967869 -0.06250000
v -0.16813963 -0.04548401 -0.06250000
v -0.02265809 0.26104766 -0.06250000
v 0.04843826 -0.44528003 -0.06250000
v -0.38017511 -0.12424419 -0.06250000
v -0.13808840 -0.30651219 -0.06250000
v 0.07076109 0.41709634 -0.06250000
v -0.17013937 -0.15537029 -0.06250000
v 0.25081344 -0.33920850 -0.06250000
v -0.39837286 -0.13692499 -0.06250000
v -0.14019629 -0.42853160 -0.06250000
v 0.18267111 0.15765430 -0.06250000
v -0.21629189 -0.01774934 -0.06250000
v -0.03371265 -0.39769625 -0.06250000
v -0.02037696 -0.38231622 -0.06250000
v -0.07722060 -0.16204588 -0.06250000
v 0.18626315 -0.41596118 -0.06250000
v -0.37303194 -0.26184888 -0.06250000
v -0.38159349 -0.09952186 -0.06250000
v 0.15275161 -0.20584640 -0.06250000
v 0.19396755 -0.37439139 -0.06250000
v 0.16407269 0.32802964 -0.06250000
v -0.26986719 0.16447206 -0.06250000
v 0.10249106 -0.14609209 -0.06250000
v 0.03901966 0.34418956 -0.06250000
v 0.25323581 -0.26244283 -0.06250000
v -0.19340420 0.43594776 -0.06250000
v 0.10219372 0.29219615 -0.06250000
v 0.27848972 0.00208137 -0.06250000
v 0.21433608 -0.35838886 -0.06250000
v 0.28404200 -0.02583299 -0.06250000
v 0.22158050 -0.27907336 -0.06250000
v 0.04171338 -0.21320435 -0.06250000
v 0.19581740 -0.20180480 -0.06250000
v 0.27810857 0.06206131 -0.06250000
v 0.42048352 0.05222914 -0.06250000
v -0.17801101 -0.44323769 -0.06250000
v 0.05055712 0.22060960 -0.06250000
v 0.23280910 -0.24683623 -0.06250000
v 0.13670782 -0.17570216 -0.06250000
v -0.25929841 -0.12498133 -0.06250000
v -0.16048228 0.38100519 -0.06250000
v -0.24604918 -0.02172650 -0.06250000
v 0.00324319 -0.31950746 -0.06250000
v -0.35160361 -0.12328864 -0.06250000
v 0.43476741 0.11358638 -0.06250000
v -0.23133484 -0.34690890 -0.06250000
v -0.14914644 -0.20447238 -0.06250000
v -0.24363120 0.19266421 -0.06250000
v 0.45522838 -0.03605568 -0.06250000
v -0.28687554 -0.15873110 -0.06250000
v 0.30575949 -0.36797669 -0.06250000
v -0.47593212 -0.05705061 -0.06250000
v -0.16613384 -0.28116130 -0.06250000
v -0.15727741 -0.24077285 -0.06250000
v 0.47202661 0.08852701 -0.06250000
v -0.44445599 0.06735391 -0.06250000
v 0.35535700 0.27545538 -0.06250000
v 0.07604259 -0.19704804 -0.06250000
v -0.19343756 0.02141896 -0.06250000
v -0.18181607 0.20076132 -0.06250000
v -0.04996908 -0.29146376 -0.06250000
v 0.30864438 0.04319717 -0.06250000
v 0.32793079 0.04085653 -0.06250000
v -0.17481784 0.41487295 -0.06250000
v 0.17011912 0.39213583 -0.06250000
v 0.24439251 0.29227318 -0.06250000
v 0.41668910 -0.16839823 -0.06250000
v -0.13759731 -0.10148652 -0.06250000
v -0.34016518 0.25982251 -0.06250000
v 0.08073674 -0.25684501 -0.06250000
v -0.03510161 0.29291579 -0.06250000
v 0.09454830 -0.32787788 -0.06250000
v -0.42908095 0.21813430 -0.06250000
v 0.26821074 0.39969494 -0.06250000
v 0.18000862 -0.08120718 -0.06250000
v 0.47969084 -0.02885735 -0.06250000
v 0.12285006 0.28997549 -0.06250000
v -0.22240439 -0.21471661 -0.06250000
v 0.02300682 -0.22928580 -0.06250000
v 0.02937661 -0.32554339 -0.06250000
v 0.06626253 -0.32094730 -0.06250000
v -0.36082210 -0.31940980 -0.06250000
v 0.14844575 -0.45854694 -0.06250000
v 0.01637575 0.24999813 -0.06250000
v 0.16711999 -0.22043251 -0.06250000
v 0.34962133 -0.32954211 -0.06250000
v -0.46743583 -0.11171260 -0.06250000
v 0.35062471 0.13125006 -0.06250000
v -0.35902135 -0.18105443 -0.06250000
v 0.18879179 -0.24610114 -0.06250000
v 0.15939529 0.04051825 -0.06250000
v -0.12233553 -0.46417640 -0.06250000
v -0.20931466 -0.31804740 -0.06250000
v -0.05037258 0.45325601 -0.06250000
v 0.43456816 -0.14544453 -0.06250000
v 0.26217548 0.37501205 -0.06250000
v -0.41176588 0.19956681 -0.06250000
v -0.00882186 -0.24081778 -0.06250000
v -0.13086129 0.06053560 -0.06250000
v -0.12534294 0.39654380 -0.06250000
v 0.09147385 0.27404501 -0.06250000
v -0.03639003 0.47992130 -0.06250000
v 0.34887669 0.18664305 -0.06250000
v -0.05008271 -0.32945542 -0.06250000
v -0.32646445 -0.02956799 -0.06250000
v -0.20607699 -0.07714990 -0.06250000
v 0.16112756 -0.27017641 -0.06250000
v 0.14509914 -0.01703194 -0.06250000
v 0.27594045 0.03790427 -0.06250000
v 0.18115406 -0.13546641 -0.06250000
v 0.17559027 0.23806316 -0.06250000
v 0.00130199 0.41874839 -0.06250000
v 0.22595780 -0.05354288 -0.06250000
v -0.24779984 -0.36268954 -0.06250000
v -0.23643340 -0.41773525 -0.06250000
v -0.01148788 -0.48215288 -0.06250000
v 0.19316994 -0.26441463 -0.06250000
v -0.09747125 0.31845246 -0.06250000
v -0.40278568 -0.01672025 -0.06250000
v -0.29355678 0.37938959 -0.06250000
v 0.13388886 0.30557446 -0.06250000
v 0.03588048 0.40334946 -0.06250000
v -0.22336214 0.33461891 -0.06250000
v -0.22929346 -0.06486988 -0.06250000
v 0.25426924 0.03165054 -0.06250000
v -0.14629789 0.12669224 -0.06250000
v 0.22602639 0.32786451 -0.06250000
v 0.23950285 0.08614040 -0.06250000
v -0.06341570 -0.45089716 -0.06250000
v -0.17645173 -0.41954466 -0.06250000
v -0.07056046 -0.39604973 -0.06250000
v 0.34628061 0.30327723 -0.06250000
v -0.45021464 0.09588599 -0.06250000
v -0.16509174 0.28273985 -0.06250000
v -0.16569804 -0.21944264 -0.06250000
v 0.37163646 -0.18401630 -0.06250000
v 0.33712495 -0.12444760 -0.06250000
v -0.07495985 -0.24730609 -0.06250000
v 0.07771354 0.36829691 -0.06250000
v -0.26358760 0.20030082 -0.06250000
v 0.45953104 0.14138360 -0.06250000
v 0.27788688 0.22918759 -0.06250000
v -0.15102254 0.43348536 -0.06250000
v 0.13113790 0.43703570 -0.06250000
v -0.02297695 -0.22210759 -0.06250000
v 0.10279491 0.23951480 -0.06250000
v 0.19981909 -0.10633060 -0.06250000
v -0.21676627 -0.39965077 -0.06250000
v 0.25803094 -0.40589549 -0.06250000
v -0.48092794 0.00632605 -0.06250000
v -0.42955711 -0.21621419 -0.06250000
v 0.41606517 -0.23818181 -0.06250000
v 0.41678129 0.24008913 -0.06250000
v 0.26382506 -0.13299839 -0.06250000
v -0.35189004 0.06360708 -0.06250000
v 0.21381790 0.07118110 -0.06250000
v -0.41432384 0.03361228 -0.06250000
v 0.34390850 0.23090091 -0.06250000
v -0.04632384 -0.47933270 -0.06250000
v -0.20649568 -0.43517926 -0.06250000
v -0.29493841 0.02055947 -0.06250000
v -0.08423355 -0.38315695 -0.06250000
v 0.28479338 -0.38847851 -0.06250000
v 0.39947950 -0.26891265 -0.06250000
v -0.48102651 -0.02522534 -0.06250000
v -0.44391313 -0.18669118 -0.06250000
v 0.04537944 -0.40643611 -0.06250000
v -0.00165170 0.19214736 -0.06250000
v 0.02829229 -0.38350810 -0.06250000
v -0.16854181 -0.18480089 -0.06250000
v -0.33465825 0.34885075 -0.06250000
v 0.28503792 0.17076498 -0.06250000
v 0.05919001 -0.09619598 -0.06250000
v -0.15778087 -0.09791575 -0.06250000
v 0.05293896 0.15493425 -0.06250000
v 0.11007219 0.25991683 -0.06250000
v 0.40842214 0.18651048 -0.06250000
v -0.25445457 -0.24237048 -0.06250000
v 0.01333911 0.39885567 -0.06250000
v -0.07307449 -0.12172114 -0.06250000
v 0.14664635 -0.09963989 -0.06250000
v -0.17484726 -0.00727138 -0.06250000
v -0.15664751 0.24411537 -0.06250000
v 0.33514956 -0.21974050 -0.06250000
v -0.26654352 -0.14922704 -0.06250000
v 0.24390709 -0.28215604 -0.06250000
v 0.13223743 -0.32379419 -0.06250000
v 0.13216785 0.37866165 -0.06250000
v 0.12458401 -0.38789628 -0.06250000
v -0.30570485 -0.26902010 -0.06250000
v 0.15106170 -0.40476745 -0.06250000
v -0.33561825 -0.27151799 -0.06250000
v -0.09628914 -0.19048972 -0.06250000
v 0.16993391 0.44814144 -0.06250000
v -0.27182349 0.36799091 -0.06250000
v 0.02489300 -0.41723016 -0.06250000
v 0.11126971 -0.31461589 -0.06250000
v 0.26797768 -0.22802985 -0.06250000
v 0.05233973 0.25245306 -0.06250000
v 0.01446706 0.48217433 -0.06250000
v -0.11006083 -0.37910390 -0.06250000
v 0.09140546 0.20904539 -0.06250000
v 0.30586209 -0.22289201 -0.06250000
v 0.28615813 -0.35572434 -0.06250000
v 0.36556573 -0.26888646 -0.06250000
v -0.42552002 -0.15853269 -0.06250000
v -0.44975567 -0.03321478 -0.06250000
v 0.31901979 -0.09563526 -0.06250000
v -0.08334256 0.20242969 -0.06250000
v -0.21250171 -0.14166871 -0.06250000
v 0.30861233 -0.28241978 -0.06250000
v -0.23401618 0.22267314 -0.06250000
v -0.12325976 -0.28633926 -0.06250000
v 0.45038756 0.07427744 -0.06250000
v 0.46368479 -0.13192825 -0.06250000
v 0.44142225 -0.11192736 -0.06250000
v 0.00551379 0.28602364 -0.06250000
v -0.00909751 0.29844114 -0.06250000
v -0.28857069 -0.00418761 -0.06250000
v 0.48668572 0.02027243 -0.06250000
v 0.22184636 0.42783023 -0.06250000
v -0.40228994 0.26532661 -0.06250000
v -0.11072157 -0.13232480 -0.06250000
v -0.24152911 0.24788336 -0.06250000
v -0.15668436 0.06645291 -0.06250000
v 0.16831989 0.42326376 -0.06250000
v -0.30452399 0.24280281 -0.06250000
v 0.00471720 0.33431310 -0.06250000
v 0.06103781 0.45537157 -0.06250000
v 0.43273869 0.21226197 -0.06250000
v 0.02113204 0.03929824 -0.06250000
v 0.38623910 0.05753376 -0.06250000
v 0.14824427 0.16738265 -0.06250000
v 0.16850389 -0.02294547 -0.06250000
v 0.32259020 0.25084063 -0.06250000
v -0.16277889 -0.07062365 -0.06250000
v -0.18095445 0.13756387 -0.06250000
v -0.36979862 -0.19646662 -0.06250000
v -0.31556349 -0.13643316 -0.06250000
v 0.47875814 0.05798305 -0.06250000
v -0.08603720 -0.33298581 -0.06250000
v -0.06472293 0.20027714 -0.06250000
v 0.14016051 -0.37098991 -0.06250000
v -0.31151529 -0.24756484 -0.06250000
v 0.20067306 0.01516032 -0.06250000
v 0.06130184 0.12829990 -0.06250000
v -0.24965273 -0.16302870 -0.06250000
v 0.02250121 -0.13752955 -0.06250000
v -0.29058452 0.19310126 -0.06250000
v -0.20000339 0.05794865 -0.06250000
v 0.42132766 -0.01152717 -0.06250000
v 0.22836500 0.36254439 -0.06250000
v -0.38099308 0.03904450 -0.06250000
v -0.23697169 0.42264808 -0.06250000
v -0.19314961 0.23821548 -0.06250000
v 0.08302945 -0.00265405 -0.06250000
v 0.36119923 -0.10985423 -0.06250000
v -0.22903989 -0.38138158 -0.06250000
v 0.38839615 -0.23421214 -0.06250000
v -0.45272699 0.00001891 -0.06250000
v 0.39515806 0.22080455 -0.06250000
v 0.24729693 0.15877910 -0.06250000
v -0.04298008 0.31542454 -0.06250000
v -0.43632380 0.13013594 -0.06250000
v 0.32177816 0.32607474 -0.06250000
v -0.06470590 -0.18260476 -0.06250000
v -0.24678119 0.28199301 -0.06250000
v -0.35318421 0.29093274 -0.06250000
v 0.03610535 0.19400515 -0.06250000
v 0.14739735 0.05573122 -0.06250000
v 0.00260146 -0.29966620 -0.06250000
v 0.31184591 -0.33088675 -0.06250000
v -0.44027106 -0.08859030 -0.06250000
v 0.15822566 0.07478635 -0.06250000
v 0.05592455 -0.25617036 -0.06250000
v -0.30041131 0.33445991 -0.06250000
v 0.11774966 0.07438614 -0.06250000
v -0.18496642 0.37045266 -0.06250000
v -0.27116424 0.40123726 -0.06250000
v 0.25845975 0.00609527 -0.06250000
v -0.22911288 0.00998455 -0.06250000
v 0.02879915 -0.44298860 -0.06250000
v 0.36681771 -0.20166176 -0.06250000
v 0.32960511 0.12762215 -0.06250000
v 0.02615961 0.15838611 -0.06250000
v -0.37346664 0.20386045 -0.06250000
v -0.14030373 0.46385915 -0.06250000
v -0.30453999 0.05394897 -0.06250000
v -0.12982580 -0.23712628 -0.06250000
v 0.31405895 0.07813687 -0.06250000
v 0.12008242 0.46679571 -0.06250000
v 0.29162715 -0.11076873 -0.06250000
v 0.10467465 0.16092003 -0.06250000
v -0.40896044 -0.19782516 -0.06250000
v 0.34757450 0.33443056 -0.06250000
v -0.46653754 0.12245228 -0.06250000
v 0.05704979 -0.28607680 -0.06250000
v -0.08568428 -0.06715863 -0.06250000
v -0.00322049 0.38356889 -0.06250000
v -0.08272659 -0.27850335 -0.06250000
v -0.20336195 0.15893861 -0.06250000
v -0.26153195 0.06566587 -0.06250000
v 0.23378677 -0.10281690 -0.06250000
v -0.07258910 -0.31025344 -0.06250000
v -0.25668740 0.03157392 -0.06250000
v -0.06590416 0.33834260 -0.06250000
v 0.08360806 0.15257064 -0.06250000
v -0.23565981 0.38950911 -0.06250000
v 0.09528414 0.31164703 -0.06250000
v -0.07512535 0.08738236 -0.06250000
v 0.35890136 0.21730043 -0.06250000
v -0.41861202 0.01270358 -0.06250000
v -0.05845650 0.22984905 -0.06250000
v 0.20546441 0.15054429 -0.06250000
v -0.04978780 0.06215267 -0.06250000
v -0.10608930 0.23713513 -0.06250000
v -0.28377109 -0.20187058 -0.06250000
v -0.04987409 -0.07480030 -0.06250000
v 0.33361264 0.09106653 -0.06250000
v 0.06973678 -0.45416669 -0.06250000
v -0.29154249 -0.35588569 -0.06250000
v 0.28488210 -0.13816739 -0.06250000
v 0.03301045 -0.19622276 -0.06250000
v 0.27599254 0.15009642 -0.06250000
v -0.06331965 0.39943458 -0.06250000
v -0.13694754 0.27026833 -0.06250000
v 0.02140412 0.45470017 -0.06250000
v -0.29329914 0.30399239 -0.06250000
v 0.40295794 -0.13450433 -0.06250000
v 0.25200369 -0.38293802 -0.06250000
v -0.38499876 0.29082283 -0.06250000
v -0.31552150 0.02760091 -0.06250000
v 0.34233454 -0.20029813 -0.06250000
v 0.21068820 -0.14151666 -0.06250000
v 0.02942724 -0.25117795 -0.06250000
v 0.25735675 -0.07853796 -0.06250000
v 0.16985618 0.00548201 -0.06250000
v -0.03614844 0.18237786 -0.06250000
v -0.43772591 -0.12505219 -0.06250000
v 0.48008432 -0.06132181 -0.06250000
v 0.13189752 0.23150483 -0.06250000
v 0.24011839 0.19527426 -0.06250000
v -0.33026226 0.07597754 -0.06250000
v -0.22101346 -0.24374041 -0.06250000
v -0.33542043 -0.18917099 -0.06250000
v 0.11132031 0.40910009 -0.06250000
v -0.11462277 0.10588140 -0.06250000
v -0.27924733 -0.04197956 -0.06250000
v -0.41734059 -0.13664322 -0.06250000
v -0.01037903 -0.08619130 -0.06250000
v 0.02170767 -0.29113707 -0.06250000
v 0.04387231 0.31991912 -0.06250000
v 0.07689802 -0.47642521 -0.06250000
v -0.31000311 -0.36976078 -0.06250000
v -0.40096384 0.06130290 -0.06250000
v 0.14016607 -0.19921659 -0.06250000
v 0.16300314 0.10990360 -0.06250000
v -0.19472331 -0.01829276 -0.06250000
v -0.03352138 -0.20401123 -0.06250000
v 0.00186597 -0.26621688 -0.06250000
v -0.03860444 0.02564785 -0.06250000
v -0.18875456 0.40083164 -0.06250000
v 0.04111922 0.10539029 -0.06250000
v -0.39390836 0.00519464 -0.06250000
v 0.37113633 0.18244729 -0.06250000
v -0.00329880 0.15092781 -0.06250000
v 0.26372556 -0.19145557 -0.06250000
v 0.29640530 0.13540053 -0.06250000
v -0.17373719 0.04339022 -0.06250000
v -0.07547469 -0.43167823 -0.06250000
v 0.28720937 -0.32945195 -0.06250000
v -0.43358464 -0.05704627 -0.06250000
v 0.25214248 0.22587001 -0.06250000
v 0.45785483 0.03217793 -0.06250000
v -0.32628415 -0.11023961 -0.06250000
v 0.33687354 -0.34623559 -0.06250000
v -0.47424668 -0.09193998 -0.06250000
v -0.14423313 -0.46099021 -0.06250000
v 0.38228964 0.11988085 -0.06250000
v -0.44228510 0.04614939 -0.06250000
v 0.36361431 0.25598927 -0.06250000
v 0.20084520 -0.22771919 -0.06250000
v 0.02393918 -0.06753725 -0.06250000
v -0.00770616 0.22885931 -0.06250000
v -0.11910571 0.21516454 -0.06250000
v -0.07540170 0.43318771 -0.06250000
v 0.17081019 -0.05207315 -0.06250000
v -0.41014089 -0.08324935 -0.06250000
v 0.29539506 -0.29661181 -0.06250000
v 0.41990186 0.01378012 -0.06250000
v -0.20791018 0.36604681 -0.06250000
v 0.18429086 -0.16051194 -0.06250000
v 0.20720590 -0.08347324 -0.06250000
v 0.05260533 -0.02734587 -0.06250000
v 0.32579312 -0.31428898 -0.06250000
v 0.08567475 0.38796158 -0.06250000
v 0.35070888 0.01687220 -0.06250000
v 0.22254889 -0.33602330 -0.06250000
v -0.22026871 0.03393575 -0.06250000
v -0.04421602 -0.05326190 -0.06250000
v -0.00652190 -0.02998305 -0.06250000
v 0.31967171 0.10871136 -0.06250000
v 0.31678695 0.22381383 -0.06250000
v 0.04632450 0.48074255 -0.06250000
v 0.34451690 -0.27122900 -0.06250000
v -0.03712979 -0.31437171 -0.06250000
v 0.24502716 0.25883003 -0.06250000
v 0.02673585 0.22497672 -0.06250000
v -0.37888374 0.25738769 -0.06250000
v 0.20509615 0.41167551 -0.06250000
v -0.40566215 -0.10521759 -0.06250000
v -0.38990601 -0.07047888 -0.06250000
v 0.19410230 0.44132075 -0.06250000
v -0.19344894 -0.23562255 -0.06250000
v 0.27266625 -0.28770084 -0.06250000
v -0.01126650 0.07578882 -0.06250000
v -0.28056087 -0.07588449 -0.06250000
v -0.13538920 0.18767275 -0.06250000
v 0.08064871 -0.06189516 -0.06250000
v 0.32433394 -0.15001572 -0.06250000
v 0.07525753 0.06694666 -0.06250000
v -0.23538334 0.31441086 -0.06250000
v -0.12081400 0.44606663 -0.06250000
v 0.19589818 0.18217591 -0.06250000
v -0.27394752 -0.18195769 -0.06250000
v 0.22638996 0.02741424 -0.06250000
v 0.25131472 0.06346608 -0.06250000
v -0.10049724 -0.30493239 -0.06250000
v -0.12760249 0.13591505 -0.06250000
v -0.20190405 0.11848566 -0.06250000
v -0.08513809 -0.20723653 -0.06250000
v -0.25594615 -0.05052086 -0.06250000
v -0.12977204 -0.07635236 -0.06250000
v -0.38011348 0.08812878 -0.06250000
v 0.28998360 0.26130491 -0.06250000
v 0.09313667 0.33802749 -0.06250000
v -0.16247170 0.14737394 -0.06250000
v 0.42836778 -0.08810863 -0.06250000
v 0.00581251 0.44711909 -0.06250000
v -0.09003766 0.36174498 -0.06250000
v -0.15681411 -0.40913374 -0.06250000
v 0.01315634 0.31564491 -0.06250000
v 0.07101341 0.33668653 -0.06250000
v 0.18275214 -0.11373404 -0.06250000
v 0.09409997 0.18558734 -0.06250000
v -0.26217743 0.13061320 -0.06250000
v -0.01048369 0.01375235 -0.06250000
v -0.20356145 0.34097634 -0.06250000
v -0.06927777 0.47915919 -0.06250000
v -0.01972785 0.02606174 -0.06250000
v 0.21828881 -0.26269375 -0.06250000
v -0.13486737 0.33724095 -0.06250000
v -0.19373189 -0.15740146 -0.06250000
v 0.35886696 0.15744737 -0.06250000
v -0.05811233 -0.25821153 -0.06250000
v -0.10702056 -0.25155474 -0.06250000
v -0.05878011 -0.22551826 -0.06250000
v -0.23407556 -0.29887018 -0.06250000
v -0.05517665 -0.36324173 -0.06250000
v 0.36828666 -0.31170075 -0.06250000
v -0.46221472 -0.13671263 -0.06250000
v -0.02841290 0.20102535 -0.06250000
v -0.09886674 -0.47211416 -0.06250000
v 0.08519255 -0.23298380 -0.06250000
v 0.40571991 0.02347365 -0.06250000
v -0.33837294 -0.08261761 -0.06250000
v -0.15347443 0.09056064 -0.06250000
v -0.12322143 -0.18813645 -0.06250000
v 0.10595884 0.03005499 -0.06250000
v 0.00678709 0.09615091 -0.06250000
v -0.12158205 0.26011656 -0.06250000
v -0.35661168 0.22485804 -0.06250000
v 0.15681686 -0.37347501 -0.06250000
v -0.32572951 -0.23718069 -0.06250000
v -0.39092220 0.13676453 -0.06250000
v 0.06377920 0.34799979 -0.06250000
v 0.00295264 -0.21135515 -0.06250000
v -0.24710970 -0.32412139 -0.06250000
v 0.27540315 0.30980913 -0.06250000
v 0.24742996 -0.30576900 -0.06250000
v 0.25014864 -0.35820569 -0.06250000
v -0.22849945 0.10501751 -0.06250000
v 0.15496661 -0.14372729 -0.06250000
v -0.14970000 -0.26801747 -0.06250000
v -0.23557800 -0.12856413 -0.06250000
v 0.40864881 0.16323588 -0.06250000
v -0.00197403 -0.36489865 -0.06250000
v -0.01571180 -0.00266724 -0.06250000
v 0.01451961 -0.09936740 -0.06250000
v -0.36041366 -0.13528091 -0.06250000
v 0.37522115 0.15355496 -0.06250000
v 0.32582494 -0.11170544 -0.06250000
v 0.23385077 -0.00131050 -0.06250000
v -0.21885325 0.13438985 -0.06250000
v -0.34936971 -0.04825375 -0.06250000
v 0.40210219 -0.18367815 -0.06250000
v -0.22651685 0.17043163 -0.06250000
v 0.19332960 0.30681900 -0.06250000
v 0.12540761 -0.06578800 -0.06250000
v 0.29541464 0.38305420 -0.06250000
v -0.44471475 0.19033950 -0.06250000
v -0.01542460 -0.32641010 -0.06250000
v 0.20232479 0.37282671 -0.06250000
v -0.12845862 0.15384070 -0.06250000
v -0.00971336 0.17449365 -0.06250000
v -0.00001256 -0.44474028 -0.06250000
v 0.39018741 -0.21471556 -0.06250000
v 0.40488774 -0.07807073 -0.06250000
v 0.16180856 -0.16477890 -0.06250000
v -0.30854314 -0.08284119 -0.06250000
v 0.18939711 0.36067679 -0.06250000
v -0.45248416 -0.07772920 -0.06250000
v -0.12467031 -0.43363918 -0.06250000
v -0.22382711 0.27703860 -0.06250000
v 0.22164051 -0.42868950 -0.06250000
v -0.40993576 -0.25466030 -0.06250000
v 0.08033620 0.24134099 -0.06250000
v -0.33962569 0.10907550 -0.06250000
v 0.20093699 -0.39187032 -0.06250000
v -0.37595338 -0.22954384 -0.06250000
v 0.24477286 -0.24100591 -0.06250000
v -0.34096824 0.22540658 -0.06250000
v 0.43171446 0.04332922 -0.06250000
v 0.29756181 -0.16376701 -0.06250000
v -0.24968440 0.31781849 -0.06250000
v 0.23302849 -0.07423020 -0.06250000
v -0.39037128 -0.03926694 -0.06250000
v -0.23319288 0.20593640 -0.06250000
v 0.46777450 0.12187311 -0.06250000
v -0.41528528 0.14236721 -0.06250000
v 0.29283688 0.32740706 -0.06250000
v -0.24043353 0.04520622 -0.06250000
v -0.19413698 -0.32296754 -0.06250000
v 0.23050186 0.27262619 -0.06250000
v 0.06724649 0.18653341 -0.06250000
v -0.05642746 0.28465915 -0.06250000
v -0.04999031 0.07752379 -0.06250000
v 0.15036055 0.14136364 -0.06250000
v -0.41722365 0.09208003 -0.06250000
v 0.31926130 0.28406242 -0.06250000
v 0.43071443 0.08860628 -0.06250000
v 0.35030694 -0.00420948 -0.06250000
v -0.44779990 0.01541602 -0.06250000
v 0.38341427 0.23184803 -0.06250000
v 0.03846014 -0.01545146 -0.06250000
v 0.01163286 -0.16898056 -0.06250000
v -0.12907866 -0.15008798 -0.06250000
v -0.12485144 -0.40080511 -0.06250000
v -0.00897730 -0.18762008 -0.06250000
v 0.37181668 -0.03995736 -0.06250000
v -0.10627907 -0.16099733 -0.06250000
v -0.00214459 0.04564596 -0.06250000
v -0.25806864 -0.07091131 -0.06250000
v 0.09303492 0.08805234 -0.06250000
v -0.03263684 0.09933441 -0.06250000
v 0.38752466 -0.09490435 -0.06250000
v 0.37432161 -0.08557631 -0.06250000
v 0.02744560 -0.16372076 -0.06250000
v -0.15736126 0.40142791 -0.06250000
v -0.04280826 -0.17554359 -0.06250000
v -0.33412774 -0.06282026 -0.06250000
v 0.19389949 0.12141506 -0.06250000
v -0.40008703 -0.04916551 -0.06250000
v 0.26061555 -0.30722016 -0.06250000
v 0.45645836 -0.05734982 -0.06250000
v 0.26215250 0.27947390 -0.06250000
v 0.24092381 0.32806517 -0.06250000
v 0.29726337 0.11449355 -0.06250000
v 0.11126114 -0.01008586 -0.06250000
v 0.11012433 -0.18824020 -0.06250000
v 0.08025180 -0.07853380 -0.06250000
v 0.18028015 0.05181643 -0.06250000
v -0.26562704 0.29836093 -0.06250000
v 0.08272737 -0.27280086 -0.06250000
v 0.07828056 -0.16373170 -0.06250000
v 0.45528348 0.16818802 -0.06250000
v 0.14091570 0.12114509 -0.06250000
v -0.35445764 0.25567921 -0.06250000
v -0.00186325 -0.05588578 -0.06250000
v 0.18477645 0.39607726 -0.06250000
v -0.05281099 -0.15009581 -0.06250000
v -0.32210209 0.36022060 -0.06250000
v -0.28535801 0.31629705 -0.06250000
v -0.02733571 -0.15214259 -0.06250000
v 0.00041922 -0.39396485 -0.06250000
v -0.06809349 0.36434516 -0.06250000
v -0.31893283 0.13116598 -0.06250000
v -0.18597186 0.17068576 -0.06250000
v -0.19336202 -0.26747551 -0.06250000
v -0.21772950 -0.04249409 -0.06250000
v 0.28171470 0.36515293 -0.06250000
v -0.42322371 0.18196093 -0.06250000
v 0.13285538 0.18060327 -0.06250000
v -0.05192660 -0.02573814 -0.06250000
v 0.09727879 0.41654668 -0.06250000
v -0.09043024 0.18030541 -0.06250000
v -0.16639179 0.11232616 -0.06250000
v -0.17564646 0.22286389 -0.06250000
v -0.36605025 0.11602494 -0.06250000
v 0.13663000 0.46507372 -0.06250000
v -0.36576574 0.08554106 -0.06250000
v -0.22121041 0.39108343 -0.06250000
v 0.12192785 0.03510680 -0.06250000
v -0.10060799 -0.41197140 -0.06250000
v -0.07875539 -0.17683539 -0.06250000
v -0.31781016 0.17409641 -0.06250000
v 0.24455020 -0.02715691 -0.06250000
v -0.27596588 0.34635011 -0.06250000
v -0.03259324 0.22128715 -0.06250000
v -0.19214710 -0.10493614 -0.06250000
v 0.09381960 -0.47550390 -0.06250000
v -0.32413365 -0.36033797 -0.06250000
v -0.39549916 -0.21226060 -0.06250000
v 0.04518998 -0.10809611 -0.06250000
v -0.34151846 0.15274712 -0.06250000
v -0.38489990 0.11549667 -0.06250000
v -0.14870640 -0.33193884 -0.06250000
v -0.06867370 -0.48036390 -0.06250000
v 0.34764260 -0.07672970 -0.06250000
v -0.05593263 -0.38343981 -0.06250000
v 0.35840723 0.04593096 -0.06250000
v -0.27174019 -0.21222290 -0.06250000
v 0.10060941 -0.05764006 -0.06250000
v -0.08203440 -0.36878694 -0.06250000
v 0.05015676 0.18258133 -0.06250000
v -0.27709282 -0.36560630 -0.06250000
v 0.17076490 0.30549130 -0.06250000
v -0.16302015 -0.32983845 -0.06250000
v 0.29760652 0.03233466 -0.06250000
v 0.27061501 0.07635446 -0.06250000
v -0.02013831 0.44184816 -0.06250000
v 0.44111623 -0.01213871 -0.06250000
v -0.10960226 -0.02501260 -0.06250000
v 0.04205465 0.00146060 -0.06250000
v 0.23424461 0.37575634 -0.06250000
v -0.06437063 0.45625791 -0.06250000
v -0.04357964 0.00421639 -0.06250000
v 0.06669269 0.39970983 -0.06250000
v 0.32107900 -0.06306815 -0.06250000
v 0.01710655 -0.11622496 -0.06250000
v 0.09144328 -0.08844951 -0.06250000
v -0.19099099 0.27147645 -0.06250000
v 0.38980855 -0.28895282 -0.06250000
v -0.45636359 -0.16830763 -0.06250000
v 0.37954803 -0.15289118 -0.06250000
v -0.19489219 -0.06482569 -0.06250000
v -0.38751539 0.21330190 -0.06250000
v 0.06902410 -0.21523352 -0.06250000
v -0.10483686 -0.35372536 -0.06250000
v -0.09731234 0.06239134 -0.06250000
v -0.06484051 0.02796641 -0.06250000
v 0.07863039 -0.39971543 -0.06250000
v -0.27261217 -0.30306030 -0.06250000
v -0.11767395 -0.34328858 -0.06250000
v 0.03011391 -0.04634854 -0.06250000
v -0.11891010 0.36684379 -0.06250000
v 0.07766966 -0.13213526 -0.06250000
v 0.21810539 0.24278049 -0.06250000
v 0.34180029 -0.04912841 -0.06250000
v -0.04357670 -0.46357886 -0.06250000
v -0.19970430 -0.42188354 -0.06250000
v -0.28226579 0.10568739 -0.06250000
v -0.07183254 0.05400373 -0.06250000
v -0.11515296 0.00163257 -0.06250000
v -0.08748110 -0.10516302 -0.06250000
v -0.02017460 -0.05951181 -0.06250000
v 0.40764568 0.10656678 -0.06250000
v -0.11722504 0.04291676 -0.06250000
v 0.04797111 0.13829750 -0.06250000
v 0.27991200 0.28894201 -0.06250000
v 0.40850396 -0.03422664 -0.06250000
v -0.08132475 0.33385731 -0.06250000
v 0.12190204 -0.02112790 -0.06250000
v 0.11878144 -0.03684708 -0.06250000
v -0.12156136 0.02868221 -0.06250000
v -0.18275975 -0.07947556 -0.06250000
v 0.06097776 -0.33722564 -0.06250000
v 0.15052838 -0.42709882 -0.06250000
v -0.34807571 -0.28956149 -0.06250000
v -0.08450344 0.00904685 -0.06250000
v -0.08927875 -0.00620611 -0.06250000
v -0.32968585 0.29344821 -0.06250000
v -0.03535703 0.08480730 -0.06250000
v -0.00776485 -0.41539306 -0.06250000
v 0.12630406 0.27537421 -0.06250000
v -0.24978624 -0.00945840 -0.06250000
v -0.38259601 -0.16138339 -0.06250000
v -0.15583639 -0.03753520 -0.06250000
v 0.10302609 0.12713939 -0.06250000
v -0.09533884 0.02084050 -0.06250000
v -0.19921607 -0.17404946 -0.06250000
v -0.11084314 0.01705310 -0.06250000
v -0.16700090 0.19453043 -0.06250000
v -0.18847148 0.31220320 -0.06250000
v 0.09450496 -0.40044695 -0.06250000
v -0.28662415 -0.29563656 -0.06250000
v 0.37434561 -0.11765215 -0.06250000
v 0.44937200 0.10708674 -0.06250000
v -0.12202071 0.07250099 -0.06250000
v 0.05563869 -0.05593746 -0.06250000
v 0.23820960 0.21861904 -0.06250000
v -0.26057493 0.38829343 -0.06250000
v -0.00496569 -0.11684201 -0.06250000
v -0.02631663 -0.08163439 -0.06250000
v -0.11422862 0.18814332 -0.06250000
v 0.18738063 -0.14715265 -0.06250000
v 0.01335393 -0.01026588 -0.06250000
v -0.33719135 0.01270497 -0.06250000
v -0.31357555 0.07785249 -0.06250000
v 0.06543125 0.09347169 -0.06250000
v -0.10200270 0.04732035 -0.06250000
v 0.07744843 -0.03687307 -0.06250000
v -0.10334040 -0.05005449 -0.06250000
v 0.08842881 0.01270785 -0.06250000
v -0.11346129 -0.21344334 -0.06250000
v 0.27950473 -0.09915115 -0.06250000
v -0.10525615 0.15741252 -0.06250000
v -0.02530186 -0.03371671 -0.06250000
v 0.17455714 -0.23933980 -0.06250000
v 0.12312746 -0.34364705 -0.06250000
v 0.05287547 0.04832406 -0.06250000
v 0.38520659 0.10775975 -0.06250000
v 0.40423342 0.13227740 -0.06250000
v -0.09870125 -0.03656381 -0.06250000
v 0.09415280 -0.37429218 -0.06250000
v -0.27250919 -0.27358058 -0.06250000
v 0.09534276 0.04306637 -0.06250000
v -0.32667250 0.19877571 -0.06250000
v 0.12938195 -0.15806216 -0.06250000
v -0.30187678 0.35108223 -0.06250000
v 0.09566765 -0.01385781 -0.06250000
v -0.04991750 0.40698676 -0.06250000
v 0.25657513 -0.27615605 -0.06250000
v 0.10407406 -0.04210357 -0.06250000
v -0.02487112 -0.41446026 -0.06250000
v 0.04868549 0.03295394 -0.06250000
v 0.09992355 0.05791964 -0.06250000
v -0.03611768 -0.02208051 -0.06250000
v 0.11019551 -0.11460092 -0.06250000
v -0.10727905 -0.18214886 -0.06250000
v -0.32717337 -0.16779206 -0.06250000
v 0.00898225 -0.06748329 -0.06250000
v -0.22142918 -0.17320309 -0.06250000
v -0.12633718 -0.31719796 -0.06250000
v -0.07255260 -0.04321106 -0.06250000
v -0.05837021 0.00079425 -0.06250000
v 0.11509656 0.00483298 -0.06250000
v 0.07615825 0.27929964 -0.06250000
v -0.35569070 0.33108601 -0.06250000
v 0.44485936 0.19430514 -0.06250000
v 0.09241286 -0.03120621 -0.06250000
v -0.10495986 -0.00990684 -0.06250000
v -0.10117851 0.39001609 -0.06250000
v 0.03230722 0.13301781 -0.06250000
v -0.30320068 0.17571108 -0.06250000
v -0.09069661 0.03607724 -0.06250000
v 0.41768745 0.20747224 -0.06250000
v -0.08753446 0.22258315 -0.06250000
v -0.07525911 0.03972085 -0.06250000
v -0.03411362 -0.12538094 -0.06250000
v 0.00023242 -0.15842423 -0.06250000
v -0.29032007 0.05816439 -0.06250000
v -0.12443417 -0.02868309 -0.06250000
v 0.38714543 -0.25915775 -0.06250000
v -0.42897783 -0.18172051 -0.06250000
v 0.27811289 -0.37673004 -0.06250000
v -0.46573206 -0.02784583 -0.06250000
v -0.05635809 -0.04084509 -0.06250000
v -0.23153883 -0.09642507 -0.06250000
v 0.02662025 0.11197071 -0.06250000
v -0.10432964 -0.10829849 -0.06250000
v -0.28147476 -0.23315749 -0.06250000
v 0.14779756 0.20173375 -0.06250000
v -0.09656960 0.26114679 -0.06250000
v -0.28719612 -0.12215368 -0.06250000
v 0.08877184 -0.34860921 -0.06250000
v -0.04256134 -0.43507144 -0.06250000
v 0.19650906 0.03788896 -0.06250000
v 0.04202796 0.05973023 -0.06250000
v -0.06539947 -0.09077683 -0.06250000
v 0.05050734 -0.36725123 -0.06250000
v -0.33449886 0.12640514 -0.06250000
v 0.27545727 0.25424183 -0.06250000
v 0.05124134 -0.06922188 -0.06250000
v 0.14447060 0.33364989 -0.06250000
v 0.05414356 -0.24129632 -0.06250000
v -0.23837411 0.18016215 -0.06250000
v 0.35200722 -0.06132755 -0.06250000
v -0.18193294 -0.12894016 -0.06250000
v -0.08330779 -0.03294611 -0.06250000
v -0.07854786 -0.01785009 -0.06250000
v 0.42490649 -0.06030569 -0.06250000
v 0.07978843 0.03979751 -0.06250000
v -0.02414106 0.13026864 -0.06250000
v 0.15795034 -0.11300009 -0.06250000
v 0.29250601 -0.26668309 -0.06250000
v -0.16111773 0.03282465 -0.06250000
v -0.08439355 -0.29979055 -0.06250000
v 0.04626460 -0.04295822 -0.06250000
v 0.26415116 0.33769783 -0.06250000
v -0.06926633 0.01254995 -0.06250000
v -0.30492986 -0.18045088 -0.06250000
v -0.04019500 -0.23388718 -0.06250000
v -0.33994533 -0.15596656 -0.06250000
v 0.00415411 0.12461763 -0.06250000
v -0.02982931 -0.11045630 -0.06250000
v -0.34912734 -0.11042420 -0.06250000
v 0.18946742 0.33287950 -0.06250000
v 0.15470584 -0.05486690 -0.06250000
v 0.19316341 -0.32322675 -0.06250000
v -0.19682490 -0.29036814 -0.06250000
v 0.06900586 0.05161906 -0.06250000
v 0.27528846 -0.03695680 -0.06250000
v -0.29909200 -0.02395499 -0.06250000
v -0.06315215 -0.01438669 -0.06250000
v -0.13491746 0.22238101 -0.06250000
v 0.46332678 0.05519818 -0.06250000
v 0.11605942 0.43750458 -0.06250000
v -0.05815954 0.10661261 -0.06250000
v 0.06190790 0.07885190 -0.06250000
v -0.20788794 0.29076812 -0.06250000
v -0.03149455 -0.00696208 -0.06250000
v 0.03380636 0.02756159 -0.06250000
v 0.47714242 -0.07837018 -0.06250000
v 0.14252099 0.02415295 -0.06250000
v -0.06430892 0.17772855 -0.06250000
v 0.36097578 -0.29887663 -0.06250000
v -0.05548997 -0.10206215 -0.06250000
v 0.00544986 -0.48540464 -0.06250000
v -0.25200730 -0.41402548 -0.06250000
v 0.29867776 -0.04171863 -0.06250000
v -0.25736855 -0.17358899 -0.06250000
v -0.09216356 -0.45824516 -0.06250000
v -0.39650505 0.16594878 -0.06250000
v 0.02384585 -0.02089194 -0.06250000
v 0.07439368 0.43719181 -0.06250000
v 0.45599221 -0.16581715 -0.06250000
v -0.15534508 0.32552269 -0.06250000
v -0.44715293 -0.13685887 -0.06250000
v 0.37255818 0.31131475 -0.06250000
v -0.47707518 0.09008743 -0.06250000
v -0.33743809 -0.14334356 -0.06250000
v -0.28899699 0.22033034 -0.06250000
v 0.16664046 -0.18700202 -0.06250000
v 0.18268054 -0.18614973 -0.06250000
v -0.37243415 0.31146101 -0.06250000
v -0.02648401 0.28135944 -0.06250000
v 0.23335936 0.16492800 -0.06250000
v 0.24687496 -0.19829551 -0.06250000
v 0.38053312 0.00610426 -0.06250000
v 0.37186674 -0.00751016 -0.06250000
v -0.15297523 -0.13350051 -0.06250000
v -0.21340759 0.00407914 -0.06250000
v -0.03844186 0.12547700 -0.06250000
v 0.24662045 -0.21564563 -0.06250000
v 0.16922933 0.26569250 -0.06250000
v 0.12068471 0.20842389 -0.06250000
v 0.14980529 0.41765550 -0.06250000
v 0.34513155 -0.24243561 -0.06250000
v -0.41879301 -0.03051200 -0.06250000
v 0.07574336 0.25515243 -0.06250000
v 0.21306353 0.16535971 -0.06250000
v 0.09510060 -0.44888229 -0.06250000
v -0.31188544 -0.33704139 -0.06250000
v 0.01599133 0.00556708 -0.06250000
v 0.06616215 -0.01677121 -0.06250000
v -0.06780031 0.28514730 -0.06250000
v -0.18192310 -0.34242284 -0.06250000
v 0.24940433 -0.41892373 -0.06250000
v -0.42878503 -0.23201924 -0.06250000
v -0.31702765 -0.04343815 -0.06250000
v 0.24695444 0.04975023 -0.06250000
v 0.02953397 -0.15126606 -0.06250000
v 0.02053544 0.08297931 -0.06250000
v 0.09494246 0.47704600 -0.06250000
v -0.08297340 0.06510929 -0.06250000
v -0.02994019 -0.04788458 -0.06250000
v -0.07485824 0.23358847 -0.06250000
v -0.13969562 -0.37624633 -0.06250000
v -0.00751471 -0.01361759 -0.06250000
v 0.00555660 -0.04079938 -0.06250000
v 0.44078105 -0.20478654 -0.06250000
v -0.07379789 -0.06427099 -0.06250000
v 0.00076799 0.06529419 -0.06250000
v -0.01311963 -0.22891432 -0.06250000
v 0.00556006 -0.14340159 -0.06250000
v 0.37917553 0.03122983 -0.06250000
v 0.07982580 0.09824786 -0.06250000
v 0.05495649 0.37814200 -0.06250000
v 0.21416909 -0.29045025 -0.06250000
v 0.20604270 -0.16834924 -0.06250000
v -0.25116195 -0.22409244 -0.06250000
v 0.10728450 0.01559611 -0.06250000
v -0.10624214 -0.08228634 -0.06250000
v -0.12983066 -0.04533835 -0.06250000
v 0.11620676 -0.41470526 -0.06250000
v -0.31288661 -0.29634751 -0.06250000
v 0.22585964 0.11353566 -0.06250000
v -0.36980360 0.17555486 -0.06250000
v 0.19033092 0.42737465 -0.06250000
v 0.08749156 0.07487878 -0.06250000
v -0.09939984 -0.32416625 -0.06250000
v 0.31465921 0.19107679 -0.06250000
v -0.36790999 0.01335770 -0.06250000
v -0.15286131 -0.19001054 -0.06250000
v -0.01811264 0.38098766 -0.06250000
v 0.14425220 -0.29886523 -0.06250000
v 0.38249664 0.17849115 -0.06250000
v 0.24518315 -0.04437576 -0.06250000
v -0.16180169 0.01538171 -0.06250000
v 0.03004370 -0.09076718 -0.06250000
v 0.14995954 -0.03001830 -0.06250000
v -0.08883040 0.40983600 -0.06250000
v -0.10011759 0.08857724 -0.06250000
v -0.14237376 0.05069805 -0.06250000
v 0.11415799 -0.26790576 -0.06250000
v 0.07247085 -0.42323410 -0.06250000
v -0.31531221 0.14632886 -0.06250000
v 0.14684310 -0.06993431 -0.06250000
v 0.31733372 -0.23080001 -0.06250000
v -0.00747054 -0.13230332 -0.06250000
v 0.04023182 0.16187624 -0.06250000
v -0.37350388 0.28095807 -0.06250000
v 0.06957221 0.48088465 -0.06250000
v -0.02051845 0.14528015 -0.06250000
v -0.16927788 -0.31420936 -0.06250000
v 0.21492096 -0.15588617 -0.06250000
v 0.33873718 -0.18176658 -0.06250000
v 0.30266708 0.08476957 -0.06250000
v -0.08979789 -0.13972952 -0.06250000
v 0.16884117 0.21735723 -0.06250000
v -0.17069059 -0.38442928 -0.06250000
v -0.26651401 -0.10011829 -0.06250000
v -0.24179735 0.05895411 -0.06250000
v -0.22678730 -0.25991065 -0.06250000
v 0.23769301 -0.33271804 -0.06250000
v 0.05965621 0.02190511 -0.06250000
v 0.22940018 -0.08833189 -0.06250000
v 0.04406944 0.46563287 -0.06250000
v 0.19315850 -0.02881670 -0.06250000
v 0.23429621 -0.12673690 -0.06250000
v -0.30056854 -0.10596666 -0.06250000
v -0.18022309 0.07447155 -0.06250000
v 0.03576751 0.08734814 -0.06250000
v 0.35070593 -0.15549516 -0.06250000
v -0.02661946 0.05505247 -0.06250000
v 0.13280415 0.09164111 -0.06250000
v -0.02644856 -0.35032925 -0.06250000
v 0.36772960 0.05803690 -0.06250000
v -0.04325391 0.11019909 -0.06250000
v 0.04882892 -0.14672480 -0.06250000
v 0.04649465 0.07521531 -0.06250000
v -0.16365479 -0.12038298 -0.06250000
v -0.26660549 0.04065668 -0.06250000
v -0.13145194 -0.35061729 -0.06250000
v 0.24980312 -0.10160714 -0.06250000
v 0.31518285 -0.20169272 -0.06250000
v -0.03267869 0.15473225 -0.06250000
v -0.24492489 0.34425799 -0.06250000
v -0.48471590 0.04858840 -0.06250000
v 0.39920635 0.27871969 -0.06250000
v -0.23316741 0.08816331 -0.06250000
v -0.08581073 0.47647506 -0.06250000
v -0.34894906 -0.00702726 -0.06250000
v 0.02726086 -0.12282724 -0.06250000
v -0.01707517 0.10580629 -0.06250000
v -0.04069163 -0.09967375 -0.06250000
v 0.35866801 -0.03085396 -0.06250000
v -0.00482805 0.24495481 -0.06250000
v 0.11320436 -0.15934821 -0.06250000
v 0.27730038 -0.23922973 -0.06250000
v -0.04528419 0.04703995 -0.06250000
v -0.06191757 -0.11781546 -0.06250000
v 0.02931790 0.37449616 -0.06250000
v 0.22525813 0.19084248 -0.06250000
v -0.09068111 -0.08105165 -0.06250000
v -0.01542779 -0.16254359 -0.06250000
v -0.28423603 0.03181177 -0.06250000
v -0.18553225 -0.39725623 -0.06250000
v 0.18481359 -0.20946615 -0.06250000
v -0.11880061 -0.44974218 -0.06250000
v 0.18960102 -0.29116019 -0.06250000
v -0.45100501 0.17475119 -0.06250000
v 0.30851728 0.37253541 -0.06250000
v -0.19831292 -0.21962859 -0.06250000
v 0.22673955 -0.38323629 -0.06250000
v -0.09186383 0.11736652 -0.06250000
v -0.32310824 0.33254084 -0.06250000
v 0.43733198 0.16453881 -0.06250000
v -0.25235932 0.10911774 -0.06250000
v -0.41539879 0.25668824 -0.06250000
v 0.23746916 0.42668056 -0.06250000
v 0.42333369 -0.13885109 -0.06250000
v -0.25251732 0.27102236 -0.06250000
v 0.01312875 0.11079634 -0.06250000
v 0.14723270 -0.32638804 -0.06250000
v 0.12137303 -0.47044264 -0.06250000
v -0.34552731 -0.34198160 -0.06250000
v -0.17187629 0.45399338 -0.06250000
v -0.08110908 -0.09235694 -0.06250000
v 0.45372030 -0.08101904 -0.06250000
v -0.07060490 0.14697016 -0.06250000
v 0.30797388 0.16395673 -0.06250000
v 0.08769995 -0.10340762 -0.06250000
v -0.31339104 0.21874080 -0.06250000
v -0.01386610 0.20109103 -0.06250000
v -0.21039876 0.43831701 -0.06250000
v 0.01595285 0.06829811 -0.06250000
v 0.05310135 -0.17129159 -0.06250000
v -0.14553593 -0.01848744 -0.06250000
v 0.26035966 -0.11848661 -0.06250000
v -0.38553523 -0.29417553 -0.06250000
v 0.18044389 -0.45012960 -0.06250000
v -0.01464124 -0.10556294 -0.06250000
v 0.15466764 0.00712130 -0.06250000
v 0.02703383 0.05522065 -0.06250000
v 0.13188070 -0.39831590 -0.06250000
v -0.32353152 -0.27395934 -0.06250000
v -0.25127401 0.41721530 -0.06250000
v 0.42925881 -0.23065971 -0.06250000
v 0.08228661 0.13629276 -0.06250000
v -0.03965344 -0.15511255 -0.06250000
v 0.24834088 0.13337534 -0.06250000
v 0.07219539 -0.35064281 -0.06250000
v -0.12738143 0.43250594 -0.06250000
v -0.33802588 0.06408594 -0.06250000
v -0.01731475 0.35694255 -0.06250000
v 0.00503179 0.01662789 -0.06250000
v -0.16201540 0.22917045 -0.06250000
v -0.02309564 -0.13685450 -0.06250000
v -0.21035624 -0.08968184 -0.06250000
v -0.24159279 -0.26425122 -0.06250000
v -0.26074660 0.22180815 -0.06250000
v 0.43242265 -0.12344502 -0.06250000
v -0.23309189 0.12511513 -0.06250000
v 0.08163526 -0.17977019 -0.06250000
v -0.28193818 -0.17064048 -0.06250000
v 0.07570614 0.02277472 -0.06250000
v 0.29202425 -0.21285655 -0.06250000
v 0.11000891 0.10672305 -0.06250000
v -0.17340160 -0.43163684 -0.06250000
v -0.00137636 0.48742647 -0.06250000
v -0.10722791 0.07409811 -0.06250000
v -0.30926901 0.10863359 -0.06250000
v 0.11376986 0.06069061 -0.06250000
v -0.21301086 0.10545462 -0.06250000
v -0.41691143 0.04758576 -0.06250000
v 0.34040524 0.24406506 -0.06250000
v -0.23382302 -0.32838124 -0.06250000
v -0.08634024 0.09680466 -0.06250000
v 0.24902687 0.09548294 -0.06250000
v -0.14121120 -0.06822795 -0.06250000
v -0.01622418 0.04231549 -0.06250000
v -0.01245566 0.12039594 -0.06250000
v 0.01696793 0.36368266 -0.06250000
v 0.25956782 -0.02137548 -0.06250000
v -0.46077891 -0.05276120 -0.06250000
v -0.26875086 -0.02293570 -0.06250000
v 0.41894304 -0.02718557 -0.06250000
v 0.07140941 -0.38654494 -0.06250000
v -0.43524976 0.15966900 -0.06250000
v 0.33265847 0.30653134 -0.06250000
v -0.43990933 0.10537032 -0.06250000
v -0.23019725 -0.02214652 -0.06250000
v 0.38602966 -0.18306670 -0.06250000
v 0.16084225 0.18986021 -0.06250000
v 0.00429805 0.22053518 -0.06250000
v -0.28081955 -0.32580222 -0.06250000
v -0.31319036 -0.15051554 -0.06250000
v 0.30203966 0.35176789 -0.06250000
v 0.48078933 0.07504424 -0.06250000
v 0.40673024 -0.06644088 -0.06250000
v 0.07519947 0.17563099 -0.06250000
v -0.18927609 0.38562884 -0.06250000
v 0.06881416 -0.00178583 -0.06250000
v 0.29799929 -0.35876906 -0.06250000
v 0.09740889 -0.22460939 -0.06250000
v -0.24466413 -0.04273440 -0.06250000
v 0.02122496 0.19910654 -0.06250000
v -0.08959820 0.30454344 -0.06250000
v -0.02211836 -0.27627809 -0.06250000
v 0.16899195 0.34141119 -0.06250000
v -0.14380322 0.42200498 -0.06250000
v -0.02666836 -0.25274246 -0.06250000
v 0.06832485 0.15618962 -0.06250000
v 0.02692296 0.39051251 -0.06250000
v 0.07830806 -0.30203776 -0.06250000
v -0.06126195 0.08578619 -0.06250000
v -0.29174713 0.23711055 -0.06250000
v -0.32239088 -0.19801251 -0.06250000
v 0.35333443 0.10732544 -0.06250000
v 0.05834766 -0.08051108 -0.06250000
v 0.05103035 0.42117750 -0.06250000
v -0.05676106 0.37707376 -0.06250000
v -0.14865636 0.00615759 -0.06250000
v 0.16982375 0.16441943 -0.06250000
v -0.37821471 0.18775540 -0.06250000
v 0.08353906 0.30582240 -0.06250000
v 0.44548689 0.13806720 -0.06250000
v -0.21273714 0.30492358 -0.06250000
v 0.05298788 -0.48423355 -0.06250000
v -0.29308490 -0.38838741 -0.06250000
v 0.09238475 0.36263329 -0.06250000
v 0.20993160 0.29603118 -0.06250000
v 0.20716806 0.28138429 -0.06250000
v -0.19148543 -0.44604615 -0.06250000
v 0.17617103 0.02116056 -0.06250000
v -0.00527064 0.08846031 -0.06250000
v -0.05840733 0.21261200 -0.06250000
v 0.39185068 -0.01943651 -0.06250000
v 0.05615188 0.00692035 -0.06250000
v 0.45844184 0.08350195 -0.06250000
v 0.33954166 -0.32218655 -0.06250000
v 0.44559884 0.00942128 -0.06250000
v 0.30965959 -0.00768709 -0.06250000
v 0.27067595 -0.25468629 -0.06250000
v -0.06038567 0.35158339 -0.06250000
v -0.48745934 0.02053981 -0.06250000
v 0.41554309 0.25566590 -0.06250000
v -0.03378603 0.24547844 -0.06250000
v -0.05753804 0.15584616 -0.06250000
v 0.00462989 -0.08888069 -0.06250000
v 0.02003836 -0.03540284 -0.06250000
v 0.25327226 -0.23005688 -0.06250000
v 0.05829291 0.31452802 -0.06250000
v -0.02338594 0.17442575 -0.06250000
v -0.27391309 -0.40333354 -0.06250000
v 0.02853686 -0.48683050 -0.06250000
v 0.06157881 -0.19026136 -0.06250000
v -0.34502080 0.17879156 -0.06250000
v -0.32516966 0.15581278 -0.06250000
v 0.21771843 -0.04233486 -0.06250000
v 0.20996142 -0.34435075 -0.06250000
v -0.09007806 0.45512310 -0.06250000
v -0.30425321 -0.21769930 -0.06250000
v 0.03106634 0.01135500 -0.06250000
v 0.30130448 -0.38040219 -0.06250000
v -0.48354787 -0.04354509 -0.06250000
v -0.20546664 0.22030806 -0.06250000
v 0.26525971 0.22033604 -0.06250000
v -0.23387021 -0.05081485 -0.06250000
v 0.07505715 -0.04937774 -0.06250000
v -0.20703374 -0.36535481 -0.06250000
v 0.05419345 0.11310939 -0.06250000
v -0.25800981 0.16042346 -0.06250000
v 0.21133491 0.25544061 -0.06250000
v -0.22682001 0.06296272 -0.06250000
v 0.19792304 0.32093285 -0.06250000
v -0.07199081 -0.45997367 -0.06250000
v 0.26996851 -0.16214635 -0.06250000
v 0.11024594 -0.28157834 -0.06250000
v -0.09736262 -0.39071758 -0.06250000
v 0.12495265 0.10565460 -0.06250000
v 0.04932858 0.26677249 -0.06250000
v -0.23772631 -0.07521307 -0.06250000
v -0.36014574 0.13156904 -0.06250000
v -0.13415330 -0.11666094 -0.06250000
v -0.10953050 0.20339023 -0.06250000
v 0.16750903 -0.28300383 -0.06250000
v -0.26841259 0.05455230 -0.06250000
v -0.11760712 0.12734965 -0.06250000
v -0.05404810 -0.41638611 -0.06250000
v 0.03120426 -0.07834016 -0.06250000
v -0.14062925 0.11249297 -0.06250000
v -0.16487876 0.29806477 -0.06250000
v 0.48696359 0.00652967 -0.06250000
v 0.21118929 0.22886885 -0.06250000
v -0.06797615 0.30945160 -0.06250000
v -0.38076320 0.23436334 -0.06250000
v 0.21869665 0.39541543 -0.06250000
v -0.29684323 -0.23124250 -0.06250000
v 0.14387411 0.22394839 -0.06250000
v 0.36688544 -0.25439797 -0.06250000
v 0.27057603 -0.35527990 -0.06250000
v -0.41320335 -0.16699429 -0.06250000
v -0.17992898 0.33459391 -0.06250000
v 0.42977424 0.18000914 -0.06250000
v -0.13434080 0.23751774 -0.06250000
v 0.23689208 0.34953773 -0.06250000
v 0.40469777 -0.16055983 -0.06250000
v -0.15577029 -0.30282274 -0.06250000
v 0.18934814 0.23439660 -0.06250000
v 0.29358851 -0.18749318 -0.06250000
v -0.09332625 -0.44009491 -0.06250000
v -0.01850205 -0.46224131 -0.06250000
v -0.14654554 0.03645610 -0.06250000
v -0.44849469 -0.04795516 -0.06250000
v -0.23642708 -0.21008777 -0.06250000
v 0.12013906 0.13411784 -0.06250000
v -0.38671910 -0.11337865 -0.06250000
v -0.32611420 -0.08700479 -0.06250000
v 0.14476859 -0.04380239 -0.06250000
v 0.41306800 -0.11065549 -0.06250000
v -0.20421160 0.31602980 -0.06250000
v -0.25974571 -0.28218334 -0.06250000
v -0.11533576 0.41519764 -0.06250000
v 0.43353659 -0.04051385 -0.06250000
v -0.29990709 0.15044539 -0.06250000
v 0.20829156 0.13271311 -0.06250000
v -0.38776350 0.15147721 -0.06250000
v -0.34759318 0.31786407 -0.06250000
v 0.10834775 -0.24187328 -0.06250000
v 0.47474000 -0.10462394 -0.06250000
v 0.01462944 -0.39451439 -0.06250000
v 0.23133653 0.05258967 -0.06250000
v 0.22532750 -0.21970856 -0.06250000
v -0.04393494 -0.34219903 -0.06250000
v -0.28571429 0.39484419 -0.06250000
v 0.27275714 -0.21381184 -0.06250000
v 0.36276027 -0.32496871 -0.06250000
v -0.47096865 -0.12565119 -0.06250000
v -0.17402363 -0.37116736 -0.06250000
v 0.00403469 -0.34749343 -0.06250000
v 0.18352148 0.17267990 -0.06250000
v 0.12465675 -0.18204184 -0.06250000
v -0.34227041 -0.21509694 -0.06250000
v -0.14639201 0.15928276 -0.06250000
v -0.31615280 -0.12279720 -0.06250000
v -0.24959584 0.13776455 -0.06250000
v -0.04993576 0.03111857 -0.06250000
v -0.31439409 -0.00097057 -0.06250000
v 0.33556880 0.06177061 -0.06250000
v 0.10190085 -0.38913112 -0.06250000
v -0.28670718 -0.28207730 -0.06250000
v 0.04647993 -0.12067999 -0.06250000
v 0.32076159 -0.24574341 -0.06250000
v 0.25967411 -0.09147781 -0.06250000
v -0.18259914 0.24738788 -0.06250000
v -0.20475258 -0.24564539 -0.06250000
v 0.44814066 -0.02463364 -0.06250000
v -0.07127371 -0.33894247 -0.06250000
v -0.11289136 -0.47433220 -0.06250000
v 0.05614541 0.39186705 -0.06250000
v -0.08983951 -0.22896316 -0.06250000
v -0.10325385 -0.23238792 -0.06250000
v 0.05265556 -0.43221173 -0.06250000
v -0.00786142 -0.27824891 -0.06250000
v 0.05005629 -0.45869075 -0.06250000
v -0.16930572 0.42767749 -0.06250000
v -0.44013197 -0.02607441 -0.06250000
v 0.39704031 0.19314577 -0.06250000
v -0.42978773 0.06868067 -0.06250000
v 0.34172891 0.27027114 -0.06250000
v 0.31754736 -0.18027994 -0.06250000
v -0.06839110 -0.35728885 -0.06250000
v -0.21325595 -0.19927808 -0.06250000
v -0.28375214 0.37054140 -0.06250000
v -0.13608627 0.02669494 -0.06250000
v -0.36169401 -0.08022700 -0.06250000
v 0.22507464 -0.36727866 -0.06250000
v 0.36940195 -0.28273888 -0.06250000
v -0.43935225 -0.15547346 -0.06250000
v 0.42898383 -0.16285528 -0.06250000
v 0.42916689 -0.17903546 -0.06250000
v 0.38370062 -0.16643224 -0.06250000
v -0.19720438 -0.38959825 -0.06250000
v 0.31941388 0.17691072 -0.06250000
v 0.26300698 0.32279759 -0.06250000
v 0.19312188 -0.44423798 -0.06250000
v -0.39340616 -0.28262170 -0.06250000
v 0.30522484 -0.06657914 -0.06250000
v 0.29523561 -0.05619052 -0.06250000
v 0.18769771 0.10498421 -0.06250000
v -0.14423094 0.29697642 -0.06250000
v 0.29948629 -0.25344430 -0.06250000
v 0.12956340 -0.04820632 -0.06250000
v 0.11996155 -0.29080233 -0.06250000
v -0.39496840 -0.14889476 -0.06250000
v 0.41678709 0.06878391 -0.06250000
v 0.06735107 0.20178255 -0.06250000
v 0.26669521 -0.04783207 -0.06250000
v -0.45893846 0.06575358 -0.06250000
v 0.35440379 0.29120439 -0.06250000
v 0.38897201 -0.06325717 -0.06250000
v 0.11668057 -0.21289635 -0.06250000
v 0.14610616 0.15528851 -0.06250000
v -0.12556593 0.17787770 -0.06250000
v 0.13844571 -0.35244469 -0.06250000
v 0.10975040 -0.06799141 -0.06250000
v 0.04635590 0.43913764 -0.06250000
v 0.34044332 -0.28759970 -0.06250000
v -0.41430386 0.11659645 -0.06250000
v 0.30460249 0.30384686 -0.06250000
v 0.09566489 -0.28511070 -0.06250000
v 0.21126915 0.34351981 -0.06250000
v 0.14956143 -0.34315623 -0.06250000
v 0.32207370 -0.04960663 -0.06250000
v -0.10045506 0.14163765 -0.06250000
v 0.17412442 -0.39705526 -0.06250000
v -0.35299684 -0.25216598 -0.06250000
v -0.29419664 0.12673987 -0.06250000
v 0.43894391 0.05737257 -0.06250000
v 0.19064571 0.02463116 -0.06250000
v 0.25419671 0.35219668 -0.06250000
v 0.34501520 -0.03528730 -0.06250000
v 0.17971909 -0.35957299 -0.06250000
v -0.19589543 0.20608056 -0.06250000
v -0.07880260 0.17166936 -0.06250000
v 0.35958191 -0.17316524 -0.06250000
v 0.18087882 -0.00204416 -0.06250000
v 0.12384117 -0.23862250 -0.06250000
v 0.12830069 -0.26437931 -0.06250000
v -0.26903242 0.01216878 -0.06250000
v -0.20438399 0.08921495 -0.06250000
v 0.27701909 -0.06955720 -0.06250000
v -0.12973070 -0.41679385 -0.06250000
v 0.05243727 -0.31492905 -0.06250000
v -0.23482638 -0.18426413 -0.06250000
v 0.11696211 0.32293476 -0.06250000
v 0.46360579 0.15419929 -0.06250000
v 0.23466918 0.28475594 -0.06250000
v -0.15580960 -0.35876006 -0.06250000
v -0.09831548 -0.27342831 -0.06250000
v 0.14930690 -0.17067914 -0.06250000
v -0.39429611 0.18373001 -0.06250000
v 0.10397336 -0.25743945 -0.06250000
v -0.35693544 0.30430294 -0.06250000
v -0.12841370 -0.22266900 -0.06250000
v 0.48589036 0.03411514 -0.06250000
v 0.21831511 0.10292410 -0.06250000
v 0.14131017 0.34802408 -0.06250000
v 0.35690849 0.17559260 -0.06250000
v 0.42367427 0.15308908 -0.06250000
v -0.36516279 -0.00099959 -0.06250000
v 0.19691430 0.25351580 -0.06250000
v -0.42922477 0.23199149 -0.06250000
v 0.26157821 0.41186260 -0.06250000
v 0.48563896 -0.01495401 -0.06250000
v -0.27489815 0.14121451 -0.06250000
v 0.10043954 -0.31815645 -0.06250000
v -0.39425871 0.03399818 -0.06250000
v 0.35063725 0.19760270 -0.06250000
v 0.04684631 -0.34180148 -0.06250000
v -0.18281003 -0.29495530 -0.06250000
v -0.11161999 0.47338731 -0.06250000
v 0.12381510 -0.37332959 -0.06250000
v -0.29815275 -0.25557901 -0.06250000
v 0.33291699 0.17148756 -0.06250000
v 0.11335375 -0.36389714 -0.06250000
v -0.45123584 0.08143025 -0.06250000
v 0.36962278 0.28179814 -0.06250000
v 0.13413263 -0.28813463 -0.06250000
v 0.03315945 -0.22121616 -0.06250000
v -0.38533762 0.01559516 -0.06250000
v 0.32800578 0.20041672 -0.06250000
v 0.17549184 0.40895933 -0.06250000
v 0.23744556 -0.14905969 -0.06250000
v -0.02591084 -0.43945085 -0.06250000
v -0.11197939 0.28596247 -0.06250000
v 0.18774330 0.06578488 -0.06250000
v -0.11819481 0.30838654 -0.06250000
v 0.07094047 -0.10675232 -0.06250000
v 0.28960572 0.27643126 -0.06250000
v 0.32863445 0.35934769 -0.06250000
v -0.46215456 0.15344225 -0.06250000
v -0.10947925 -0.29274462 -0.06250000
v -0.38942818 0.10149020 -0.06250000
v -0.15101316 -0.43593231 -0.06250000
v -0.37553923 -0.01112753 -0.06250000
v -0.25819871 0.36459923 -0.06250000
v -0.35156922 0.26971230 -0.06250000
v -0.42935122 0.04103629 -0.06250000
v 0.35509444 0.24585530 -0.06250000
v -0.00711120 -0.37891729 -0.06250000
v 0.17549667 -0.06729234 -0.06250000
v 0.26193991 -0.33047881 -0.06250000
v 0.26435991 0.06548101 -0.06250000
v -0.14418293 -0.04640606 -0.06250000
v -0.03891416 -0.08067649 -0.06250000
v 0.08029944 -0.44537650 -0.06250000
v -0.29742747 -0.34208625 -0.06250000
v 0.07422524 0.22793017 -0.06250000
v 0.00394195 0.27345184 -0.06250000
v 0.27849689 0.02534425 -0.06250000
v 0.29091524 -0.23993546 -0.06250000
v -0.18275169 0.42522850 -0.06250000
v 0.37662119 -0.06950095 -0.06250000
v -0.29712694 0.09940381 -0.06250000
v 0.14087004 -0.00295610 -0.06250000
v 0.08918910 0.46246663 -0.06250000
v -0.43054976 0.09379949 -0.06250000
v 0.33013049 0.29186521 -0.06250000
v 0.33589357 0.15837921 -0.06250000
v 0.45115809 -0.18126940 -0.06250000
v 0.04275081 0.36853859 -0.06250000
v -0.21962304 -0.28367811 -0.06250000
v -0.19130234 -0.03245924 -0.06250000
v -0.18483301 0.03218331 -0.06250000
v 0.04891769 0.23510368 -0.06250000
v 0.17481054 0.19481321 -0.06250000
v 0.13067704 0.36506707 -0.06250000
v 0.31237656 -0.31671050 -0.06250000
v 0.02195430 0.23798563 -0.06250000
v -0.17948170 0.08727926 -0.06250000
v -0.32599285 0.26788675 -0.06250000
v -0.32643771 -0.22378973 -0.06250000
v 0.14241064 0.27690050 -0.06250000
v -0.26567676 -0.34192611 -0.06250000
v 0.11993704 0.16191259 -0.06250000
v -0.15031965 0.17194564 -0.06250000
v -0.12145576 0.24572816 -0.06250000
v -0.26800610 0.24500010 -0.06250000
v -0.02165994 0.22867911 -0.06250000
v -0.37066811 -0.02413420 -0.06250000
v 0.20348524 -0.06694073 -0.06250000
v 0.15749391 0.24074151 -0.06250000
v 0.17889470 -0.30310542 -0.06250000
v -0.00448077 -0.42959229 -0.06250000
v -0.21054517 0.04598269 -0.06250000
v 0.07289000 0.46264949 -0.06250000
v 0.38360415 0.29890332 -0.06250000
v -0.48058815 0.07376824 -0.06250000
v -0.12935880 0.38576341 -0.06250000
v -0.39988316 0.20563204 -0.06250000
v 0.30039333 0.00670991 -0.06250000
v -0.24724269 0.08562443 -0.06250000
v 0.22260066 0.04032217 -0.06250000
v -0.02258588 0.06740829 -0.06250000
v 0.15338413 0.21410780 -0.06250000
v 0.05397930 -0.27053981 -0.06250000
v 0.06977286 -0.28992693 -0.06250000
v -0.22261250 0.22800065 -0.06250000
v 0.09208696 -0.29864850 -0.06250000
v -0.02954277 0.42236249 -0.06250000
v 0.09041485 -0.13795119 -0.06250000
v 0.12063179 0.25423454 -0.06250000
v -0.40633141 -0.12809821 -0.06250000
v 0.11205722 0.45282053 -0.06250000
v -0.13014761 0.08448521 -0.06250000
v -0.27516340 0.08078448 -0.06250000
v 0.17863252 -0.38331711 -0.06250000
v -0.34946991 -0.23871194 -0.06250000
v 0.35227502 0.08093739 -0.06250000
v -0.02392065 0.48658340 -0.06250000
v -0.35143465 0.19839495 -0.06250000
v 0.43478048 0.12746585 -0.06250000
v 0.11190288 -0.13599965 -0.06250000
v 0.16372773 0.43531142 -0.06250000
v 0.17208407 -0.03553200 -0.06250000
v 0.28658659 0.31553267 -0.06250000
v 0.03891766 0.29238128 -0.06250000
v 0.04201992 -0.35490568 -0.06250000
v 0.43523775 0.10060712 -0.06250000
v 0.21659694 0.26972513 -0.06250000
v -0.09865703 0.28399395 -0.06250000
v -0.13805545 -0.29060640 -0.06250000
v -0.04929625 0.43305296 -0.06250000
v 0.04518428 -0.19909121 -0.06250000
v 0.20175286 0.20244394 -0.06250000
v -0.16529455 0.05728691 -0.06250000
v 0.35997950 -0.01517095 -0.06250000
v 0.15486716 0.39351678 -0.06250000
v 0.40071644 -0.00675524 -0.06250000
v -0.10658718 0.37204290 -0.06250000
v 0.33084313 -0.20466503 -0.06250000
v 0.38626492 -0.10991775 -0.06250000
v -0.30763538 0.01354776 -0.06250000
v -0.04008855 0.19537650 -0.06250000
v -0.20281564 0.00897796 -0.06250000
v -0.16427631 0.09510120 -0.06250000
v -0.06839959 -0.15355461 -0.06250000
v 0.22710410 0.07746941 -0.06250000
v -0.24385505 -0.23555645 -0.06250000
v -0.02930747 -0.36980945 -0.06250000
v -0.23977144 -0.15371595 -0.06250000
v -0.27154554 0.11831058 -0.06250000
v 0.10202794 -0.17673137 -0.06250000
v -0.15457759 0.20208727 -0.06250000
v -0.36877648 0.14227473 -0.06250000
v 0.01917196 0.17345783 -0.06250000
v -0.35603005 -0.16999937 -0.06250000
v -0.01909887 -0.17581728 -0.06250000
v 0.24884210 0.37449618 -0.06250000
v 0.29968680 -0.07966248 -0.06250000
v -0.18230203 -0.09386278 -0.06250000
v 0.27133197 -0.14593824 -0.06250000
v -0.26035629 -0.29588011 -0.06250000
v 0.31214505 -0.15817630 -0.06250000
v 0.18043134 -0.09400579 -0.06250000
v 0.18431660 0.45085034 -0.06250000
v 0.09515051 0.32517764 -0.06250000
v -0.17347680 0.16467376 -0.06250000
v -0.29268760 -0.03802177 -0.06250000
v -0.12338503 -0.37140528 -0.06250000
v -0.42967038 0.11730720 -0.06250000
v 0.31842079 0.31342220 -0.06250000
v -0.34764025 0.34312124 -0.06250000
v -0.08999923 0.34647694 -0.06250000
v -0.39048016 -0.01074427 -0.06250000
v 0.19909180 -0.01650327 -0.06250000
v -0.08116231 0.37088581 -0.06250000
v -0.19443541 0.14646381 -0.06250000
v 0.24982864 0.11819573 -0.06250000
v -0.40282545 0.13430909 -0.06250000
v -0.24385674 0.23485985 -0.06250000
v 0.02941857 0.28152659 -0.06250000
v -0.06193938 -0.06896616 -0.06250000
v 0.19958403 -0.24011746 -0.06250000
v -0.06407966 0.13143181 -0.06250000
v -0.20214083 -0.04330730 -0.06250000
v 0.35251424 -0.14061109 -0.06250000
v -0.16966186 -0.24668382 -0.06250000
v 0.28508503 -0.31569674 -0.06250000
v -0.42031530 -0.06536785 -0.06250000
v -0.37699684 -0.04306700 -0.06250000
v 0.01154212 -0.23760909 -0.06250000
v -0.15906084 0.35089109 -0.06250000
v -0.17857118 -0.14587242 -0.06250000
v -0.04376916 0.37490854 -0.06250000
v 0.11536022 -0.45633721 -0.06250000
v -0.33333987 -0.33251988 -0.06250000
v 0.04326656 0.35593004 -0.06250000
v 0.19475126 -0.40524925 -0.06250000
v -0.37634144 -0.24739486 -0.06250000
v 0.17296089 -0.12231423 -0.06250000
v 0.23348081 -0.17175199 -0.06250000
v -0.22837796 -0.43259785 -0.06250000
v -0.02485056 -0.48700805 -0.06250000
v -0.25739509 0.09639240 -0.06250000
v 0.00977200 0.02997019 -0.06250000
v -0.18845378 0.44993545 -0.06250000
v -0.30740574 0.12308088 -0.06250000
v -0.08569632 -0.25355759 -0.06250000
v -0.14632531 -0.17592271 -0.06250000
v 0.30024831 0.24922406 -0.06250000
v 0.11609212 0.34539555 -0.06250000
v 0.32468943 -0.29268782 -0.06250000
v 0.03666455 -0.27321194 -0.06250000
v 0.34962507 0.14503763 -0.06250000
v 0.11380634 0.38560189 -0.06250000
v -0.37492884 0.06061664 -0.06250000
v -0.28483281 0.28344204 -0.06250000
v 0.39527095 0.00479351 -0.06250000
v -0.39999589 -0.18430906 -0.06250000
v -0.15657316 -0.15669396 -0.06250000
v -0.04600609 0.35060101 -0.06250000
v -0.32894671 0.18366350 -0.06250000
v -0.05800945 -0.30150389 -0.06250000
v 0.22066410 0.21625919 -0.06250000
v 0.33256855 0.22136874 -0.06250000
v 0.37538574 0.13553729 -0.06250000
v 0.20444926 -0.36719690 -0.06250000
v 0.00414917 0.13879930 -0.06250000
v 0.41453445 0.17659886 -0.06250000
v 0.48712280 -0.04835525 -0.06250000
v 0.29293915 0.18960281 -0.06250000
v 0.26249553 0.30948126 -0.06250000
v -0.37674382 -0.06407245 -0.06250000
v -0.32647883 0.30701745 -0.06250000
v 0.28588737 -0.08244113 -0.06250000
v 0.15035330 0.11316759 -0.06250000
v 0.18673931 -0.17330737 -0.06250000
v -0.08107405 -0.41606510 -0.06250000
v 0.16793361 0.08365365 -0.06250000
v 0.00590571 0.43025536 -0.06250000
v 0.19668727 0.34589783 -0.06250000
v -0.34070928 0.20491758 -0.06250000
v 0.36090426 0.12650474 -0.06250000
v -0.22358523 -0.22966129 -0.06250000
v -0.25279711 -0.25614862 -0.06250000
v 0.33884189 -0.25809831 -0.06250000
v -0.00074149 -0.25410865 -0.06250000
v -0.34835684 0.02067975 -0.06250000
v 0.09005681 -0.20236123 -0.06250000
v 0.18433549 0.29660123 -0.06250000
v 0.28924284 0.12571973 -0.06250000
v -0.17310116 0.37941991 -0.06250000
v -0.04523087 -0.26605959 -0.06250000
v -0.24715708 -0.11963412 -0.06250000
v -0.44158289 0.20914648 -0.06250000
v 0.28350841 0.39794557 -0.06250000
v -0.29897443 0.08470422 -0.06250000
v 0.31948139 -0.27045686 -0.06250000
v -0.36900089 -0.27457125 -0.06250000
v 0.17629793 -0.42482049 -0.06250000
v 0.19746525 0.22485453 -0.06250000
v -0.21130774 -0.11757336 -0.06250000
v 0.41402199 -0.08829630 -0.06250000
v -0.11895140 -0.15932621 -0.06250000
v 0.07906300 -0.37483675 -0.06250000
v -0.28462216 -0.25442344 -0.06250000
v 0.20630494 -0.19313595 -0.06250000
v 0.03328215 0.33022819 -0.06250000
v 0.30801523 0.10597581 -0.06250000
v -0.21717469 -0.27009055 -0.06250000
v 0.27061911 0.10595169 -0.06250000
v 0.36449116 -0.22333326 -0.06250000
v 0.37289361 -0.23375960 -0.06250000
v -0.43982080 -0.00980557 -0.06250000
v -0.42726539 -0.00569779 -0.06250000
v 0.38875400 0.20594213 -0.06250000
v 0.37581058 0.20376335 -0.06250000
v 0.10875421 0.47645813 -0.06250000
v 0.03134799 0.43971883 -0.06250000
v 0.15991033 0.31384555 -0.06250000
v -0.16949443 -0.10375137 -0.06250000
v 0.28672150 -0.01494179 -0.06250000
v -0.23197549 0.25589034 -0.06250000
v -0.36707153 -0.14746401 -0.06250000
v 0.27191120 -0.40713299 -0.06250000
v -0.48942650 -0.00506132 -0.06250000
v -0.44227305 -0.20955349 -0.06250000
v 0.41773105 -0.25471000 -0.06250000
v 0.42975576 0.23434318 -0.06250000
v 0.03788129 -0.17329199 -0.06250000
v -0.04696430 -0.20429383 -0.06250000
v -0.18679300 0.29628236 -0.06250000
v 0.24257592 0.02647189 -0.06250000
v 0.15704943 0.35832180 -0.06250000
v 0.12600681 -0.11401045 -0.06250000
v -0.16830557 0.25364609 -0.06250000
v 0.36475946 0.08804623 -0.06250000
v 0.03613439 -0.41343205 -0.06250000
v -0.00410370 0.35389074 -0.06250000
v -0.41574683 -0.01503433 -0.06250000
v 0.32585235 0.08180400 -0.06250000
v -0.15422796 0.21823110 -0.06250000
v 0.33944854 0.04695319 -0.06250000
v 0.22878286 -0.15892000 -0.06250000
v 0.20935705 0.17714942 -0.06250000
v -0.34553655 0.03690247 -0.06250000
v 0.33439263 -0.15898599 -0.06250000
v -0.16391176 0.33586951 -0.06250000
v -0.29250135 -0.08471922 -0.06250000
v 0.00033598 -0.33149884 -0.06250000
v -0.22402584 -0.40825000 -0.06250000
v -0.42861896 -0.11032790 -0.06250000
v -0.22949599 0.34859198 -0.06250000
v -0.36103431 -0.20712023 -0.06250000
v -0.20478596 -0.12951464 -0.06250000
v -0.05815564 0.25797601 -0.06250000
v 0.02776532 0.48808221 -0.06250000
v -0.23907750 0.11279205 -0.06250000
v -0.24629680 -0.39440759 -0.06250000
v 0.02190810 -0.46400435 -0.06250000
v -0.45407999 -0.10740601 -0.06250000
v -0.28748937 0.07616263 -0.06250000
v -0.19821546 -0.19127866 -0.06250000
v -0.18433715 -0.31487825 -0.06250000
v 0.13333519 -0.44423488 -0.06250000
v -0.34230943 -0.31271192 -0.06250000
v 0.13088130 0.02677894 -0.06250000
v -0.19623896 -0.37400169 -0.06250000
v 0.38655375 -0.04578649 -0.06250000
v -0.35903240 -0.33212568 -0.06250000
v 0.13814632 -0.46690779 -0.06250000
v 0.10971195 0.08573095 -0.06250000
v 0.01976118 -0.36860631 -0.06250000
v -0.11749283 -0.05459156 -0.06250000
v 0.14592794 0.25340396 -0.06250000
v 0.07176831 0.32268331 -0.06250000
v 0.17862526 0.20860700 -0.06250000
v -0.21056919 -0.41125274 -0.06250000
v 0.46095060 -0.10090242 -0.06250000
v -0.04946061 -0.45161953 -0.06250000
v -0.18884185 -0.41321339 -0.06250000
v 0.09589441 -0.11446198 -0.06250000
v -0.31184628 0.32593812 -0.06250000
v -0.17812582 -0.26865874 -0.06250000
v 0.25544348 -0.05307871 -0.06250000
v -0.22724069 0.36379849 -0.06250000
v -0.26245339 0.41237714 -0.06250000
v 0.00583277 -0.18208499 -0.06250000
v -0.12522969 -0.26507474 -0.06250000
v -0.46341378 0.03901026 -0.06250000
v 0.38554824 0.26006085 -0.06250000
v -0.15404122 0.11752498 -0.06250000
v -0.02220470 0.40640185 -0.06250000
v 0.39940008 0.07493566 -0.06250000
v -0.02055141 0.29482634 -0.06250000
v -0.13162655 -0.17663182 -0.06250000
v -0.35846020 0.15596702 -0.06250000
v -0.23677989 0.37189689 -0.06250000
v 0.33285598 0.25682186 -0.06250000
v 0.07929603 -0.32487490 -0.06250000
v 0.39801542 0.15064849 -0.06250000
v 0.02020434 0.34855666 -0.06250000
v -0.29841288 -0.19620063 -0.06250000
v 0.31432806 -0.04010590 -0.06250000
v 0.00836775 -0.46492006 -0.06250000
v -0.25624069 -0.38658156 -0.06250000
v 0.41381741 -0.21327118 -0.06250000
v 0.06758284 0.36075303 -0.06250000
v 0.08983371 0.44147435 -0.06250000
v -0.19630980 0.28496919 -0.06250000
v 0.46537001 -0.14536007 -0.06250000
v -0.05555476 0.48633424 -0.06250000
v 0.37824129 0.06731738 -0.06250000
v -0.22145879 0.19982349 -0.06250000
v -0.23394031 0.30125892 -0.06250000
v 0.19912101 -0.04146749 -0.06250000
v 0.19430584 -0.05472814 -0.06250000
v 0.23128438 -0.40360106 -0.06250000
v 0.21955245 -0.40876164 -0.06250000
v -0.40416360 -0.22658065 -0.06250000
v -0.39756344 -0.23895136 -0.06250000
v 0.02428807 0.42574859 -0.06250000
v 0.20035533 0.06464519 -0.06250000
v -0.15099163 0.38848673 -0.06250000
v -0.02748975 -0.28844801 -0.06250000
v 0.16129855 -0.22983483 -0.06250000
v 0.04151562 0.41514595 -0.06250000
v -0.34370090 0.09450934 -0.06250000
v 0.09225190 -0.26111249 -0.06250000
v 0.23640370 -0.01625922 -0.06250000
v -0.31160320 0.26643920 -0.06250000
v 0.21557239 0.20353130 -0.06250000
v 0.33628972 -0.01272376 -0.06250000
v 0.01609342 -0.32242061 -0.06250000
v 0.06901889 -0.40998890 -0.06250000
v 0.12527011 0.42519346 -0.06250000
v -0.27865270 -0.08965071 -0.06250000
v 0.16594165 -0.36305948 -0.06250000
v 0.04905641 -0.29716730 -0.06250000
v 0.15507618 -0.25681713 -0.06250000
v 0.21574214 0.43978363 -0.06250000
v -0.40274360 0.27875818 -0.06250000
v 0.21961870 -0.02709145 -0.06250000
v -0.06051645 -0.19499251 -0.06250000
v 0.13744090 -0.27466015 -0.06250000
v 0.15799755 0.17552011 -0.06250000
v 0.02392924 -0.43063885 -0.06250000
v 0.11411678 0.18780149 -0.06250000
v 0.40753478 0.04976698 -0.06250000
v -0.02425138 0.34163353 -0.06250000
v 0.02739626 -0.35634281 -0.06250000
v -0.14012101 0.36634928 -0.06250000
v -0.16415770 0.31213850 -0.06250000
v -0.10727871 0.11634311 -0.06250000
v 0.41259870 -0.05463816 -0.06250000
v -0.21852620 0.24438976 -0.06250000
v -0.22379605 0.07790241 -0.06250000
v 0.14770406 -0.12625771 -0.06250000
v -0.03770069 0.39841365 -0.06250000
v -0.03615653 0.38499569 -0.06250000
v 0.29449544 0.23296032 -0.06250000
v 0.05489110 -0.38312401 -0.06250000
v -0.31702455 -0.21462840 -0.06250000
v -0.10281448 -0.14127526 -0.06250000
v -0.20321411 0.26122389 -0.06250000
v 0.25218268 0.24873776 -0.06250000
v 0.20423576 -0.26714821 -0.06250000
v -0.30112231 -0.01068880 -0.06250000
v -0.10282068 0.41908168 -0.06250000
v 0.26350185 0.20497862 -0.06250000
v -0.38400434 0.07219100 -0.06250000
v -0.14216635 0.35142239 -0.06250000
v -0.07713357 0.24636885 -0.06250000
v -0.03497068 0.45080495 -0.06250000
v 0.30620046 -0.09832705 -0.06250000
v 0.14234963 0.44342003 -0.06250000
v 0.16780590 0.03205277 -0.06250000
v -0.28412355 -0.06278648 -0.06250000
v -0.13669883 -0.39610790 -0.06250000
v -0.15776084 -0.08368474 -0.06250000
v -0.32960943 0.05291059 -0.06250000
v -0.24640410 0.15032046 -0.06250000
v 0.01751592 0.21476496 -0.06250000
v -0.24126805 0.01442614 -0.06250000
v -0.04658129 0.22141809 -0.06250000
v -0.27244845 0.21220769 -0.06250000
v -0.10728739 0.45590174 -0.06250000
v 0.02116233 -0.19528070 -0.06250000
v 0.07542055 0.12381276 -0.06250000
v -0.16613054 -0.05757811 -0.06250000
v -0.18866606 -0.20399578 -0.06250000
v 0.35006504 -0.22569000 -0.06250000
v -0.15204396 0.46391954 -0.06250000
v 0.13191544 -0.25206241 -0.06250000
v 0.31946321 0.34660226 -0.06250000
v -0.44797294 0.14723021 -0.06250000
v 0.17316144 0.37723903 -0.06250000
v -0.14560120 0.25442733 -0.06250000
v 0.33113446 -0.09896937 -0.06250000
v -0.11544053 -0.10211249 -0.06250000
v 0.46610170 0.00359960 -0.06250000
v 0.46445694 -0.00920570 -0.06250000
v 0.04524411 0.20848641 -0.06250000
v 0.21596056 -0.32001861 -0.06250000
v 0.12436249 0.40655123 -0.06250000
v -0.31148891 0.30912621 -0.06250000
v -0.12363916 0.16515055 -0.06250000
v -0.16932800 -0.16946241 -0.06250000
v -0.33515833 0.24484568 -0.06250000
v -0.20820630 0.03130154 -0.06250000
v 0.47911306 0.10127985 -0.06250000
v -0.04548109 0.14938674 -0.06250000
v -0.15939854 -0.25609273 -0.06250000
v 0.19247459 0.15115402 -0.06250000
v -0.28724797 -0.10889354 -0.06250000
v -0.30743816 0.38128839 -0.06250000
v -0.22966387 0.15537311 -0.06250000
v -0.24427786 -0.30953489 -0.06250000
v 0.11521752 -0.09228199 -0.06250000
v 0.04255240 -0.25097396 -0.06250000
v 0.19466289 -0.07937991 -0.06250000
v -0.40651476 0.00865461 -0.06250000
v -0.24259355 0.40491317 -0.06250000
v -0.09754488 0.24783165 -0.06250000
v 0.30875270 -0.12426505 -0.06250000
v 0.30741091 -0.13717606 -0.06250000
v -0.22156357 -0.30976204 -0.06250000
v 0.42180929 0.11111932 -0.06250000
v 0.39348561 -0.24754668 -0.06250000
v 0.40125086 -0.23655375 -0.06250000
v 0.41070955 0.21770393 -0.06250000
v 0.40692416 0.23071542 -0.06250000
v -0.46350576 -0.01079935 -0.06250000
v -0.46776929 0.00296296 -0.06250000
v -0.38567950 -0.08472708 -0.06250000
v 0.45150796 0.06052409 -0.06250000
v -0.18203829 0.35676745 -0.06250000
v -0.06720942 0.11524054 -0.06250000
v -0.29462834 0.25049444 -0.06250000
v 0.46785249 -0.03287094 -0.06250000
v 0.32509820 0.15100938 -0.06250000
v -0.27346539 0.25834488 -0.06250000
v -0.27260453 0.32619425 -0.06250000
v 0.32649631 -0.07553608 -0.06250000
v 0.10432887 -0.08268646 -0.06250000
v -0.20679034 0.41674200 -0.06250000
v -0.17124289 -0.45451014 -0.06250000
v -0.11784371 0.35274849 -0.06250000
v 0.24714671 -0.17406559 -0.06250000
v 0.12641420 -0.08796660 -0.06250000
v -0.39841434 -0.08002890 -0.06250000
v -0.38231136 -0.20312154 -0.06250000
v -0.30637030 0.29101610 -0.06250000
v 0.20475886 0.08715186 -0.06250000
v -0.01793098 0.46490035 -0.06250000
v -0.22064924 -0.02940919 -0.06250000
v -0.20636323 -0.30330246 -0.06250000
v 0.21221194 -0.18044301 -0.06250000
v -0.06981051 -0.27838048 -0.06250000
v -0.39420984 -0.10496732 -0.06250000
v -0.09310001 0.20651765 -0.06250000
v -0.47459875 0.11253105 -0.06250000
v 0.35945057 0.32970061 -0.06250000
v 0.12424140 0.04894245 -0.06250000
v 0.16133633 -0.32095353 -0.06250000
v -0.21394285 0.18585080 -0.06250000
v 0.36523831 -0.05965674 -0.06250000
v 0.28839639 0.21103629 -0.06250000
v -0.12770794 -0.00258219 -0.06250000
v 0.23154558 0.40338849 -0.06250000
v 0.24342671 0.39592994 -0.06250000
v -0.40592560 0.22717430 -0.06250000
v -0.40019793 0.23959840 -0.06250000
v -0.28930143 0.34452269 -0.06250000
v -0.10453159 -0.42605665 -0.06250000
v -0.01639638 0.33040541 -0.06250000
v 0.30615517 0.01972731 -0.06250000
v -0.24342525 -0.35022961 -0.06250000
v -0.18815686 -0.00718651 -0.06250000
v -0.22578209 -0.16059319 -0.06250000
v -0.35840984 -0.02631571 -0.06250000
v 0.36664810 -0.13216581 -0.06250000
v 0.19099780 0.08937115 -0.06250000
v 0.09732948 0.21874155 -0.06250000
v 0.44900369 -0.06674120 -0.06250000
v -0.26166035 -0.18591659 -0.06250000
v 0.13711421 0.31858365 -0.06250000
v -0.18746789 0.04653750 -0.06250000
v -0.19107470 0.06880700 -0.06250000
v 0.31858720 -0.36753663 -0.06250000
v -0.48456508 -0.06567601 -0.06250000
v 0.14230860 -0.21375888 -0.06250000
v -0.31010180 -0.07008161 -0.06250000
v -0.00500621 0.21167776 -0.06250000
v -0.10925275 0.32973820 -0.06250000
v -0.10509663 0.34534844 -0.06250000
v -0.25588178 0.19198550 -0.06250000
v -0.03167086 -0.46188194 -0.06250000
v 0.15139731 0.28841580 -0.06250000
v -0.09706699 -0.20596857 -0.06250000
v -0.05173048 0.24230448 -0.06250000
v -0.22513373 0.43216580 -0.06250000
v -0.42284539 -0.19371376 -0.06250000
v -0.42026954 -0.20796448 -0.06250000
v -0.20593994 -0.01485545 -0.06250000
v -0.07624646 0.27191091 -0.06250000
v 0.17291126 -0.32871156 -0.06250000
v -0.37399321 -0.31384626 -0.06250000
v 0.16084348 -0.46101095 -0.06250000
v -0.00536179 0.46696585 -0.06250000
v -0.20316099 -0.09977600 -0.06250000
v 0.21132922 0.32354259 -0.06250000
v -0.34302769 0.13687799 -0.06250000
v 0.31048866 -0.34285600 -0.06250000
v 0.06116540 0.22591649 -0.06250000
v -0.14474370 -0.23949169 -0.06250000
v 0.47253821 0.02690330 -0.06250000
v -0.02041295 0.31791248 -0.06250000
v 0.12862716 0.00629797 -0.06250000
v -0.21792205 -0.37365585 -0.06250000
v 0.11515078 -0.43106745 -0.06250000
v -0.31979559 -0.31123855 -0.06250000
v 0.17074944 0.25165981 -0.06250000
v 0.37965173 -0.20647551 -0.06250000
v 0.26526406 0.09189684 -0.06250000
v -0.38746078 -0.18329235 -0.06250000
v -0.33838210 -0.11539506 -0.06250000
v -0.42111279 0.20835707 -0.06250000
v 0.26602603 0.38727278 -0.06250000
v -0.04198450 0.46580269 -0.06250000
v 0.16864613 0.12549041 -0.06250000
v 0.18250094 0.13037889 -0.06250000
v -0.37985928 0.16444408 -0.06250000
v -0.11104554 -0.36687224 -0.06250000
v -0.14452491 -0.34615985 -0.06250000
v -0.04899551 0.13507625 -0.06250000
v 0.21728089 -0.00370954 -0.06250000
v -0.15820513 -0.39427116 -0.06250000
v 0.40998650 0.09385686 -0.06250000
v 0.01250919 -0.22056901 -0.06250000
v 0.08301975 0.11206717 -0.06250000
v -0.28025934 -0.37888339 -0.06250000
v 0.16362717 -0.30805187 -0.06250000
v -0.04196820 0.30427358 -0.06250000
v 0.20714206 0.04570013 -0.06250000
v -0.38303000 -0.26999914 -0.06250000
v 0.19067664 -0.42808196 -0.06250000
v 0.13017118 0.14936255 -0.06250000
v 0.11734600 0.35943550 -0.06250000
v 0.02916541 -0.30059231 -0.06250000
v -0.21029233 0.33034596 -0.06250000
v -0.27270915 0.09366496 -0.06250000
v 0.25902951 0.17915393 -0.06250000
v 0.34381432 -0.09333086 -0.06250000
v 0.29855374 -0.01963114 -0.06250000
v 0.39927804 -0.28075499 -0.06250000
v -0.45355689 -0.17957113 -0.06250000
v -0.13912111 0.01465095 -0.06250000
v 0.08316599 0.21753526 -0.06250000
v 0.27388853 0.05007571 -0.06250000
v -0.26987981 -0.31605099 -0.06250000
v 0.10119039 -0.43456549 -0.06250000
v -0.29647545 -0.31792160 -0.06250000
v 0.20266492 -0.29901459 -0.06250000
v -0.09253086 -0.35630832 -0.06250000
v -0.03490798 0.26057234 -0.06250000
v 0.48522665 0.04692176 -0.06250000
v -0.08165312 0.15678303 -0.06250000
v 0.08186261 0.26578050 -0.06250000
v 0.32662628 0.00903800 -0.06250000
v -0.05743885 -0.48407435 -0.06250000
v -0.10105979 0.43434681 -0.06250000
v -0.15378537 0.13888622 -0.06250000
v 0.33216073 -0.13592490 -0.06250000
v 0.06985460 -0.36335343 -0.06250000
v 0.23097623 -0.19447786 -0.06250000
v -0.31543243 -0.17125157 -0.06250000
v -0.27766076 -0.14773665 -0.06250000
v 0.41842485 0.13683351 -0.06250000
v 0.19650916 -0.33774586 -0.06250000
v 0.10430776 -0.33991815 -0.06250000
v -0.06852920 -0.23353835 -0.06250000
v 0.08272560 0.41725612 -0.06250000
v -0.24620349 -0.27638570 -0.06250000
v 0.07118506 -0.22704468 -0.06250000
v 0.36429173 0.10106316 -0.06250000
v 0.06798282 -0.12146303 -0.06250000
v 0.23255353 0.13509281 -0.06250000
v -0.03036294 -0.26517784 -0.06250000
v -0.13261024 -0.01767095 -0.06250000
v 0.27356751 0.24187174 -0.06250000
v -0.16923965 -0.03290951 -0.06250000
v 0.13491781 -0.18799621 -0.06250000
v -0.14390150 0.06560844 -0.06250000
v -0.42304911 0.17029709 -0.06250000
v 0.19542956 0.27764488 -0.06250000
v -0.18826067 0.10775435 -0.06250000
v -0.43219689 0.01605979 -0.06250000
v 0.36928490 0.22558011 -0.06250000
v 0.02491430 0.14380679 -0.06250000
v -0.35699746 0.05303460 -0.06250000
v -0.36038595 0.28046136 -0.06250000
v 0.28456502 0.10263770 -0.06250000
v -0.14098254 -0.31951216 -0.06250000
v 0.33333804 -0.02529978 -0.06250000
v 0.25382098 -0.39619705 -0.06250000
v -0.14789441 -0.41854136 -0.06250000
v 0.09475201 -0.36080630 -0.06250000
v 0.26194881 -0.00858915 -0.06250000
v 0.17162545 -0.01191659 -0.06250000
v -0.41494415 0.06187498 -0.06250000
v -0.34951500 -0.08701846 -0.06250000
v 0.08150065 -0.24479006 -0.06250000
v 0.09460641 -0.42372859 -0.06250000
v -0.30972579 -0.32190029 -0.06250000
v 0.02091352 0.46786869 -0.06250000
v 0.03130244 0.46285696 -0.06250000
v 0.30859555 -0.19040330 -0.06250000
v 0.20470271 -0.09670425 -0.06250000
v 0.25486031 -0.16358940 -0.06250000
v -0.16202193 -0.29068749 -0.06250000
v 0.03819085 0.22303714 -0.06250000
v 0.38743113 0.04608819 -0.06250000
v 0.00586184 0.37361663 -0.06250000
v 0.44237591 0.20538385 -0.06250000
v -0.29119521 0.27247415 -0.06250000
v 0.19240888 0.21223190 -0.06250000
v 0.38910271 -0.13882254 -0.06250000
v -0.03707902 -0.18418021 -0.06250000
v 0.28416386 -0.05969838 -0.06250000
v 0.11423912 0.23263024 -0.06250000
v 0.18324196 -0.34664451 -0.06250000
v -0.10311237 0.18125848 -0.06250000
v 0.10589563 0.36670019 -0.06250000
v -0.03920455 -0.40707894 -0.06250000
v -0.14070549 0.19915601 -0.06250000
v 0.22323374 -0.10899220 -0.06250000
v 0.15770025 -0.01945519 -0.06250000
v 0.35366594 -0.20072220 -0.06250000
v -0.04841880 0.26890660 -0.06250000
v -0.23403611 0.28604904 -0.06250000
v -0.00437164 -0.29037349 -0.06250000
v 0.22444011 -0.30872440 -0.06250000
v 0.13609495 -0.22838734 -0.06250000
v -0.35350456 -0.15773479 -0.06250000
v -0.08421467 0.38349651 -0.06250000
v 0.28912607 0.35595779 -0.06250000
v 0.14109715 0.06628531 -0.06250000
v -0.28484284 0.11877015 -0.06250000
v -0.16191469 -0.14525355 -0.06250000
v 0.03182529 -0.47342809 -0.06250000
v 0.13821989 -0.31236835 -0.06250000
v -0.15282608 -0.00814814 -0.06250000
v -0.31100154 -0.19215654 -0.06250000
v -0.08953446 0.13048184 -0.06250000
v 0.20667327 -0.11855050 -0.06250000
v 0.44105916 -0.15603520 -0.06250000
v 0.41994504 -0.20237313 -0.06250000
v 0.31293228 0.27230928 -0.06250000
v -0.40611475 0.08438730 -0.06250000
v -0.32214464 -0.05822518 -0.06250000
v -0.23415358 -0.28557204 -0.06250000
v -0.01402105 0.26920081 -0.06250000
v 0.34843986 -0.11747245 -0.06250000
v -0.22930665 0.32533209 -0.06250000
v 0.10014523 0.43042888 -0.06250000
v -0.16978771 -0.34194030 -0.06250000
v 0.23802944 0.18002160 -0.06250000
v -0.44225111 -0.07124610 -0.06250000
v -0.25763960 -0.01979071 -0.06250000
v 0.38687699 0.08910210 -0.06250000
v 0.05390397 0.27838114 -0.06250000
v 0.07185121 0.29568594 -0.06250000
v 0.25158498 -0.18490031 -0.06250000
v 0.40878709 -0.14513594 -0.06250000
v 0.05790170 0.21154859 -0.06250000
v -0.29926606 0.16361251 -0.06250000
v 0.47189598 -0.12257149 -0.06250000
v -0.04172597 0.32768061 -0.06250000
v 0.27441534 0.12659395 -0.06250000
v -0.06795943 0.32507360 -0.06250000
v -0.25324554 -0.37395733 -0.06250000
v 0.25438026 0.02041482 -0.06250000
v -0.24876496 0.39117495 -0.06250000
v -0.31479448 0.23283355 -0.06250000
v -0.27658010 -0.35211401 -0.06250000
v 0.24191889 -0.25593659 -0.06250000
v 0.26929709 0.13783077 -0.06250000
v -0.46280620 -0.06618888 -0.06250000
v 0.43224455 0.02728138 -0.06250000
v -0.22274175 -0.32260647 -0.06250000
v -0.36776543 0.03528036 -0.06250000
v 0.02467583 0.40453259 -0.06250000
v -0.22206851 -0.18713571 -0.06250000
v -0.24101356 -0.19844329 -0.06250000
v -0.19182295 0.34023279 -0.06250000
v -0.11443474 0.40008550 -0.06250000
v -0.20591441 0.35364660 -0.06250000
v -0.46110715 0.09208331 -0.06250000
v 0.35767476 0.30527786 -0.06250000
v 0.19817872 0.00481271 -0.06250000
v 0.14848091 -0.23687063 -0.06250000
v 0.25903119 -0.34913931 -0.06250000
v 0.30384566 0.21270191 -0.06250000
v 0.28473711 0.19936999 -0.06250000
v 0.24177040 -0.31921534 -0.06250000
v -0.39142541 0.26173457 -0.06250000
v 0.21350704 0.41951070 -0.06250000
v -0.01095650 -0.35190354 -0.06250000
v -0.01009811 -0.21801042 -0.06250000
v 0.23605903 -0.42906344 -0.06250000
v -0.42251184 -0.24759075 -0.06250000
v -0.26926916 -0.38961665 -0.06250000
v -0.01996449 -0.30006593 -0.06250000
v -0.42457821 -0.08660950 -0.06250000
v 0.34729834 -0.29895614 -0.06250000
v 0.07420081 -0.18656443 -0.06250000
v 0.28758741 0.09069547 -0.06250000
v 0.24159877 0.30520135 -0.06250000
v -0.29310681 0.04443821 -0.06250000
v 0.10047426 0.17476704 -0.06250000
v -0.29302654 -0.13359533 -0.06250000
v 0.30675087 -0.21073163 -0.06250000
v -0.25461499 -0.09309067 -0.06250000
v -0.12022061 -0.06719582 -0.06250000
v -0.47031691 0.13427819 -0.06250000
v 0.34510650 0.34659793 -0.06250000
v -0.39864280 0.11193181 -0.06250000
v 0.16182192 0.45926249 -0.06250000
v 0.18481044 0.18693066 -0.06250000
v -0.20931386 0.14613569 -0.06250000
v -0.06799479 -0.16915180 -0.06250000
v -0.31415847 -0.02884163 -0.06250000
v 0.22059359 -0.24583456 -0.06250000
v -0.09370241 0.15235136 -0.06250000
v -0.35829604 0.07684751 -0.06250000
v -0.17354690 0.12478101 -0.06250000
v -0.26681291 0.27130226 -0.06250000
v 0.09841314 0.26451879 -0.06250000
v -0.38361684 0.30284108 -0.06250000
v 0.02097304 0.30417329 -0.06250000
v 0.14507524 0.09426547 -0.06250000
v -0.30169879 -0.09377810 -0.06250000
v 0.21910296 -0.20290340 -0.06250000
v 0.41977694 -0.00000276 -0.06250000
v -0.31204484 -0.11115724 -0.06250000
v -0.00288737 0.30931111 -0.06250000
v 0.17072209 0.27894981 -0.06250000
v -0.27865454 0.17268786 -0.06250000
v -0.13009563 0.37372538 -0.06250000
v 0.25115816 0.42158602 -0.06250000
v -0.42486898 0.24556250 -0.06250000
v -0.19482906 -0.07712215 -0.06250000
v 0.18041644 0.42162779 -0.06250000
v 0.06549505 0.37071305 -0.06250000
v 0.21505933 0.36364156 -0.06250000
v 0.28927935 0.06741504 -0.06250000
v 0.20406884 -0.31562634 -0.06250000
v 0.06021100 0.30054230 -0.06250000
v -0.47715716 -0.10502920 -0.06250000
v 0.34940701 -0.34146801 -0.06250000
v 0.15555006 -0.29181097 -0.06250000
v -0.18217231 0.18775865 -0.06250000
v -0.21203066 0.37871494 -0.06250000
v 0.12738385 -0.13693215 -0.06250000
v -0.05168205 0.17570079 -0.06250000
v 0.00303070 -0.42092796 -0.06250000
v 0.09739310 0.11484345 -0.06250000
v -0.47143000 0.04890320 -0.06250000
v 0.38775554 0.27260111 -0.06250000
v -0.11190070 0.22523429 -0.06250000
v 0.16851136 0.04483210 -0.06250000
v 0.45302084 -0.12026979 -0.06250000
v 0.04060494 0.24668685 -0.06250000
v -0.26040208 -0.21626094 -0.06250000
v -0.08716671 0.29129363 -0.06250000
v 0.23109739 0.01414374 -0.06250000
v -0.26301125 0.37614254 -0.06250000
v -0.16405491 -0.43944994 -0.06250000
v 0.23143084 0.24185239 -0.06250000
v -0.28099910 0.16085354 -0.06250000
v 0.05030861 0.45428995 -0.06250000
v 0.20947166 -0.40071233 -0.06250000
v -0.38587746 -0.23839050 -0.06250000
v -0.17611427 0.27400678 -0.06250000
v -0.08952109 0.32621661 -0.06250000
v -0.21679424 0.41266639 -0.06250000
v 0.01084591 0.26094448 -0.06250000
v 0.05067082 0.34590115 -0.06250000
v -0.36421295 0.21303321 -0.06250000
v 0.15987304 -0.10070658 -0.06250000
v 0.20027260 -0.21284124 -0.06250000
v -0.39506125 -0.02646071 -0.06250000
v -0.11424710 -0.24323406 -0.06250000
v 0.44416111 0.03613090 -0.06250000
v -0.15122098 0.37361485 -0.06250000
v -0.34669025 -0.27588564 -0.06250000
v 0.15675171 -0.41510083 -0.06250000
v 0.24349937 -0.26934383 -0.06250000
v 0.03584617 0.30440220 -0.06250000
v 0.12150372 -0.44491711 -0.06250000
v -0.33230689 -0.31965623 -0.06250000
v 0.43783564 -0.21944807 -0.06250000
v -0.46276886 -0.15719155 -0.06250000
v 0.38623353 -0.30264967 -0.06250000
v -0.13392084 -0.09032160 -0.06250000
v -0.13395582 -0.46974951 -0.06250000
v -0.12921231 0.47039146 -0.06250000
v -0.16233946 0.43984424 -0.06250000
v -0.08253505 -0.48363338 -0.06250000
v 0.24908311 -0.36874265 -0.06250000
v 0.23787311 -0.36108571 -0.06250000
v 0.26496683 -0.38116685 -0.06250000
v 0.27366323 0.18006899 -0.06250000
v -0.32479265 -0.01786771 -0.06250000
v -0.00309340 0.16316142 -0.06250000
v -0.25541149 -0.19783094 -0.06250000
v -0.26396550 -0.41221576 -0.06250000
v 0.01553086 -0.48969379 -0.06250000
v -0.01363448 0.25377642 -0.06250000
v -0.04258990 0.42255616 -0.06250000
v 0.16782181 -0.13823563 -0.06250000
v 0.12819515 0.12501086 -0.06250000
v -0.26322435 -0.13790856 -0.06250000
v 0.04876879 0.17009560 -0.06250000
v -0.31781318 0.37251147 -0.06250000
v -0.15633145 -0.46212725 -0.06250000
v -0.33604061 -0.20143249 -0.06250000
v -0.36079774 0.24246879 -0.06250000
v 0.14545400 -0.24851386 -0.06250000
v 0.22257690 -0.13348918 -0.06250000
v 0.33210940 -0.35739601 -0.06250000
v -0.48096901 -0.08183740 -0.06250000
v 0.29367413 0.29286664 -0.06250000
v 0.34451019 0.00644571 -0.06250000
v -0.05350781 0.19916665 -0.06250000
v -0.13090671 0.32614923 -0.06250000
v 0.00416061 0.18233211 -0.06250000
v -0.24318606 -0.10026963 -0.06250000
v -0.25957131 0.02066116 -0.06250000
v -0.19771737 0.17233646 -0.06250000
v -0.03836599 0.36245074 -0.06250000
v -0.19200110 0.13041373 -0.06250000
v 0.01896406 -0.34630539 -0.06250000
v -0.07659953 0.13575532 -0.06250000
v -0.48919353 0.03482641 -0.06250000
v 0.41003622 0.26896330 -0.06250000
v 0.23865356 -0.38535099 -0.06250000
v 0.12628258 -0.33272918 -0.06250000
v 0.27057144 -0.18106092 -0.06250000
v -0.46575170 0.02708245 -0.06250000
v 0.39340040 0.25078809 -0.06250000
v 0.29976048 -0.33123516 -0.06250000
v -0.08797289 0.19329215 -0.06250000
v -0.27135359 -0.12478059 -0.06250000
v -0.22482464 0.02313376 -0.06250000
v 0.21007206 0.38431104 -0.06250000
v 0.46805834 -0.05633281 -0.06250000
v 0.32266058 -0.00333367 -0.06250000
v 0.24617219 -0.07277304 -0.06250000
v -0.16615889 0.26851265 -0.06250000
v 0.32389089 -0.33923176 -0.06250000
v -0.17379083 -0.28784776 -0.06250000
v 0.02252139 -0.24174566 -0.06250000
v -0.13284090 0.20925557 -0.06250000
v 0.45445159 -0.13997727 -0.06250000
v 0.24615031 0.00195951 -0.06250000
v 0.47307059 -0.01841625 -0.06250000
v 0.39674791 -0.19471959 -0.06250000
v 0.19690309 0.38578004 -0.06250000
v -0.29294544 0.32533877 -0.06250000
v 0.14380519 0.29743804 -0.06250000
v 0.17228525 0.35435074 -0.06250000
v -0.07438125 -0.20963454 -0.06250000
v 0.45247095 -0.01238199 -0.06250000
v 0.20200946 0.10790500 -0.06250000
v -0.36636631 0.25520859 -0.06250000
v 0.21610895 0.33388317 -0.06250000
v 0.19595457 0.40186877 -0.06250000
v -0.32228203 0.08865407 -0.06250000
v 0.15168791 0.26496278 -0.06250000
v 0.06940620 -0.14596969 -0.06250000
v -0.01223695 -0.39003331 -0.06250000
v 0.29188635 -0.14907251 -0.06250000
v 0.32439121 0.13820949 -0.06250000
v 0.45837379 0.09497305 -0.06250000
v 0.16893814 -0.25020199 -0.06250000
v 0.47583026 0.01170614 -0.06250000
v -0.18044226 -0.15906161 -0.06250000
v -0.36133847 -0.22932774 -0.06250000
v 0.23451630 0.31645717 -0.06250000
v 0.05729448 -0.12488956 -0.06250000
v 0.13146045 0.24728715 -0.06250000
v -0.32783439 0.02195874 -0.06250000
v 0.17623290 0.33113906 -0.06250000
v -0.42597653 0.08268705 -0.06250000
v 0.33221627 0.27982990 -0.06250000
v 0.19060211 0.26373976 -0.06250000
v -0.10287587 -0.44904036 -0.06250000
v 0.09138347 -0.15382459 -0.06250000
v -0.14197453 -0.12815865 -0.06250000
v -0.14160066 0.30901256 -0.06250000
v 0.28940881 0.00187113 -0.06250000
v 0.38631342 -0.12083714 -0.06250000
v -0.29436070 0.36538131 -0.06250000
v 0.48156131 -0.09010708 -0.06250000
v -0.01933346 0.36887324 -0.06250000
v 0.46438494 -0.15677905 -0.06250000
v 0.21966022 0.30149800 -0.06250000
v -0.46227270 0.11124937 -0.06250000
v 0.34931483 0.32257034 -0.06250000
v -0.20088496 -0.35211775 -0.06250000
v 0.00790230 0.04063125 -0.06250000
v 0.45349654 0.01948906 -0.06250000
v -0.46359844 -0.08398700 -0.06250000
v -0.12112990 0.29474709 -0.06250000
v -0.05940084 -0.28689644 -0.06250000
v 0.34800076 0.06928574 -0.06250000
v 0.22865405 0.09162870 -0.06250000
v -0.22763589 -0.13699519 -0.06250000
v 0.33248564 0.33058099 -0.06250000
v -0.45148733 0.12645030 -0.06250000
v 0.10242086 -0.41155789 -0.06250000
v -0.29840750 -0.30171418 -0.06250000
v 0.27469146 -0.11172840 -0.06250000
v 0.47603770 0.11301390 -0.06250000
v -0.01922890 0.42947101 -0.06250000
v -0.02401745 -0.31308661 -0.06250000
v 0.05715750 0.48545893 -0.06250000
v -0.26532721 -0.26066235 -0.06250000
v 0.43535610 -0.13558803 -0.06250000
v -0.12087509 -0.12552965 -0.06250000
v 0.43130015 -0.19605346 -0.06250000
v 0.18251216 0.14395649 -0.06250000
v 0.01145695 0.15998360 -0.06250000
v 0.23134341 -0.11502809 -0.06250000
v 0.03966928 -0.31974541 -0.06250000
v 0.16037910 -0.17618505 -0.06250000
v -0.29933199 -0.05946081 -0.06250000
v 0.37602972 -0.26161686 -0.06250000
v -0.42490235 -0.17106330 -0.06250000
v 0.27829671 -0.36422588 -0.06250000
v -0.16331180 0.46231225 -0.06250000
v 0.13744703 0.19537420 -0.06250000
v 0.37338073 0.01732821 -0.06250000
v -0.33869801 -0.35394894 -0.06250000
v 0.10956903 -0.47744031 -0.06250000
v 0.43483790 0.01438601 -0.06250000
v 0.17474065 0.10464381 -0.06250000
v -0.14066358 -0.21285880 -0.06250000
v -0.13673821 -0.19923411 -0.06250000
v 0.09911864 0.40345665 -0.06250000
v -0.14446348 -0.44818223 -0.06250000
v -0.05201232 -0.37352850 -0.06250000
v 0.06621876 -0.48417904 -0.06250000
v -0.30467092 -0.38179628 -0.06250000
v -0.41826478 0.22353496 -0.06250000
v 0.25611893 0.39909388 -0.06250000
v -0.24772639 0.22332353 -0.06250000
v -0.44075599 0.03545867 -0.06250000
v 0.36781429 0.24629311 -0.06250000
v 0.28614237 0.03344198 -0.06250000
v -0.01262514 0.48955896 -0.06250000
v -0.13649955 -0.24856331 -0.06250000
v -0.25431189 -0.08138713 -0.06250000
v -0.13022557 0.45478112 -0.06250000
v -0.03889551 -0.24467241 -0.06250000
v -0.07897899 0.11247404 -0.06250000
v -0.08240533 -0.15113970 -0.06250000
v 0.13487729 -0.14768354 -0.06250000
v 0.21459315 -0.43841489 -0.06250000
v -0.40886444 -0.26662277 -0.06250000
v 0.43679736 0.15012231 -0.06250000
v -0.42744009 -0.13101081 -0.06250000
v 0.19227806 -0.00535295 -0.06250000
v 0.10825269 0.14010182 -0.06250000
v 0.21191835 -0.01598926 -0.06250000
v -0.15442999 -0.21352465 -0.06250000
v -0.37098636 -0.28886065 -0.06250000
v 0.17067201 -0.43811259 -0.06250000
v -0.05814152 -0.33689138 -0.06250000
v -0.37121382 -0.08917932 -0.06250000
v 0.26176694 0.15943367 -0.06250000
v 0.13334581 -0.38070595 -0.06250000
v -0.30875685 -0.25831759 -0.06250000
v 0.23853636 0.23117080 -0.06250000
v -0.30517045 -0.13236969 -0.06250000
v -0.12145294 -0.20090245 -0.06250000
v -0.04487614 -0.39371128 -0.06250000
v -0.31901000 0.24632165 -0.06250000
v -0.19078825 0.09374525 -0.06250000
v 0.10041311 0.28126360 -0.06250000
v -0.13966347 0.43310353 -0.06250000
v -0.31509809 0.20423423 -0.06250000
v -0.17875122 -0.05212683 -0.06250000
v -0.26240804 -0.11417435 -0.06250000
v -0.36893060 0.23277090 -0.06250000
v 0.24264100 0.38462563 -0.06250000
v -0.39736711 0.21831020 -0.06250000
v -0.39254150 -0.12636211 -0.06250000
v 0.15830262 -0.43850141 -0.06250000
v -0.36066241 -0.29582259 -0.06250000
v -0.33416186 0.04077990 -0.06250000
v 0.14875854 0.46564938 -0.06250000
v 0.04432471 0.39532349 -0.06250000
v 0.39340821 0.03148674 -0.06250000
v -0.02169069 -0.19952563 -0.06250000
v 0.13674720 -0.42766318 -0.06250000
v -0.33589579 -0.29684266 -0.06250000
v 0.45492846 0.18284621 -0.06250000
v -0.02707999 0.47280671 -0.06250000
v 0.03341860 0.26972676 -0.06250000
v -0.25552384 -0.35247864 -0.06250000
v -0.34435858 -0.03888004 -0.06250000
v -0.02295160 0.45491598 -0.06250000
v 0.10642341 0.20867328 -0.06250000
v 0.19680104 -0.13720519 -0.06250000
v -0.29878601 -0.15616645 -0.06250000
v 0.09505791 0.34957398 -0.06250000
v 0.15662664 0.44601440 -0.06250000
v -0.06426358 0.46786563 -0.06250000
v -0.05817922 -0.31647836 -0.06250000
v -0.34495211 -0.05835085 -0.06250000
v -0.20284753 -0.33122549 -0.06250000
v 0.03753306 -0.33288484 -0.06250000
v -0.06136792 0.41124659 -0.06250000
v -0.25250303 0.07157489 -0.06250000
v -0.16225906 0.17432034 -0.06250000
v -0.09155629 -0.34413040 -0.06250000
v 0.21488441 0.01886950 -0.06250000
v -0.26777966 -0.24050618 -0.06250000
v -0.27899457 -0.19194230 -0.06250000
v -0.32243345 0.10387365 -0.06250000
v -0.27932541 -0.10151702 -0.06250000
v -0.14480982 0.45336734 -0.06250000
v -0.07814924 -0.32366929 -0.06250000
v 0.17553083 0.06251734 -0.06250000
v 0.29499753 0.16850193 -0.06250000
v -0.29464722 -0.20888678 -0.06250000
v 0.11932609 0.26605910 -0.06250000
v 0.15078765 -0.39339136 -0.06250000
v -0.34338923 -0.26222584 -0.06250000
v 0.15856593 0.37032866 -0.06250000
v 0.43635590 -0.06356385 -0.06250000
v -0.38231133 0.24601890 -0.06250000
v 0.27994306 -0.27739330 -0.06250000
v -0.14761348 -0.39945551 -0.06250000
v 0.46212326 0.04351519 -0.06250000
v 0.40763830 0.03538949 -0.06250000
v -0.29026824 0.18043816 -0.06250000
v -0.19934531 0.39540514 -0.06250000
v 0.24120870 0.20642479 -0.06250000
v 0.27807718 0.33823699 -0.06250000
v 0.48793126 -0.03673728 -0.06250000
v -0.12651850 -0.10441376 -0.06250000
v 0.06524454 0.25069294 -0.06250000
v 0.05958583 -0.44734199 -0.06250000
v 0.02383286 0.26089399 -0.06250000
v 0.32546630 0.02880105 -0.06250000
v -0.04682863 -0.12708459 -0.06250000
v 0.32504535 0.07012044 -0.06250000
v 0.13544376 -0.07110856 -0.06250000
v -0.21047418 0.12682544 -0.06250000
v 0.28476344 -0.16781904 -0.06250000
v -0.33035664 0.00186429 -0.06250000
v -0.32664699 0.22694198 -0.06250000
v 0.16081739 0.13667569 -0.06250000
v 0.17672341 -0.29060806 -0.06250000
v -0.08028498 0.42031336 -0.06250000
v -0.06373729 0.18997323 -0.06250000
v 0.30039080 -0.27474421 -0.06250000
v -0.08889920 -0.16205616 -0.06250000
v 0.17308910 -0.27075685 -0.06250000
v 0.09403390 0.19726761 -0.06250000
v 0.08923611 -0.12562341 -0.06250000
v 0.20992749 -0.42510722 -0.06250000
v -0.39804103 -0.25758309 -0.06250000
v -0.32829806 0.28130059 -0.06250000
v 0.21622695 0.14372112 -0.06250000
v 0.28351936 -0.29232286 -0.06250000
v -0.22461143 0.30782264 -0.06250000
v -0.36390082 -0.10178122 -0.06250000
v -0.41815026 -0.14821285 -0.06250000
v 0.24106300 -0.29493725 -0.06250000
v 0.01779571 -0.40817332 -0.06250000
v -0.28627506 0.26022512 -0.06250000
v -0.07013052 0.25833812 -0.06250000
v 0.02279925 -0.26080094 -0.06250000
v 0.16735692 -0.20888888 -0.06250000
v 0.33177074 -0.26762908 -0.06250000
v -0.29043235 0.13898465 -0.06250000
v -0.13678280 -0.26112301 -0.06250000
v -0.21470123 0.05718194 -0.06250000
v 0.43773423 -0.09720285 -0.06250000
v -0.40964324 0.16366968 -0.06250000
v 0.03470343 -0.18540385 -0.06250000
v 0.33346553 -0.17153943 -0.06250000
v 0.13583125 -0.10649131 -0.06250000
v -0.16506427 -0.01186548 -0.06250000
v -0.28105811 0.01882113 -0.06250000
v 0.19224418 -0.27548850 -0.06250000
v 0.29035903 0.14757260 -0.06250000
v 0.25306091 0.32876473 -0.06250000
v 0.38010934 -0.01738534 -0.06250000
v 0.13468898 -0.09555106 -0.06250000
v 0.30992125 -0.35655523 -0.06250000
v -0.18225052 0.21264792 -0.06250000
v -0.09759778 0.48009645 -0.06250000
v -0.33398803 0.32006498 -0.06250000
v -0.31085169 0.06476294 -0.06250000
v -0.20809889 -0.34226984 -0.06250000
v -0.21607953 -0.15261233 -0.06250000
v -0.32778509 -0.25078925 -0.06250000
v 0.28555589 0.37526817 -0.06250000
v -0.43285799 0.18848995 -0.06250000
v 0.25071019 -0.12708864 -0.06250000
v -0.07729082 0.40136826 -0.06250000
v -0.26069029 0.00132118 -0.06250000
v -0.22072385 -0.05589644 -0.06250000
v 0.18406584 0.28486235 -0.06250000
v 0.29238342 -0.17533425 -0.06250000
v -0.20401477 0.42725225 -0.06250000
v -0.24478714 0.00371542 -0.06250000
v -0.18903253 -0.18149135 -0.06250000
v 0.01611039 -0.44147835 -0.06250000
v -0.23946664 -0.37072106 -0.06250000
v 0.22880370 -0.23473890 -0.06250000
v 0.14251469 0.42664169 -0.06250000
v 0.18686006 -0.10334715 -0.06250000
v 0.19497515 -0.16543698 -0.06250000
v -0.11505829 -0.40784431 -0.06250000
v 0.01322235 0.29434076 -0.06250000
v -0.20176164 0.07190905 -0.06250000
v -0.25433620 0.29086707 -0.06250000
v -0.22458676 -0.35557859 -0.06250000
v 0.24558870 0.10769161 -0.06250000
v -0.15026390 -0.37021244 -0.06250000
v 0.21586969 -0.05917087 -0.06250000
v -0.05285184 0.30959703 -0.06250000
v 0.05276286 -0.21326433 -0.06250000
v -0.20944033 0.20839495 -0.06250000
v 0.39625640 0.05386484 -0.06250000
v 0.01915929 -0.27884159 -0.06250000
v 0.07032432 -0.46501605 -0.06250000
v -0.30054553 -0.36309245 -0.06250000
v 0.17150669 0.14881897 -0.06250000
v -0.18101945 -0.24613715 -0.06250000
v -0.17582285 -0.22388398 -0.06250000
v 0.28009825 -0.26316587 -0.06250000
v 0.09652139 -0.46178431 -0.06250000
v -0.31942688 -0.34717085 -0.06250000
v 0.31312985 -0.25571766 -0.06250000
v 0.42456105 0.07889809 -0.06250000
v -0.11570635 -0.38984015 -0.06250000
v 0.22753904 -0.06450437 -0.06250000
v 0.09716131 0.45311538 -0.06250000
v 0.35872579 -0.24657626 -0.06250000
v -0.20465131 -0.26783575 -0.06250000
v -0.31702168 0.05323445 -0.06250000
v 0.28235509 -0.34244816 -0.06250000
v -0.20909604 -0.29021635 -0.06250000
v 0.14714133 0.40631948 -0.06250000
v 0.08086360 0.20585159 -0.06250000
v 0.37617291 0.08171123 -0.06250000
v 0.22161121 0.06236990 -0.06250000
v 0.02711008 0.18585937 -0.06250000
v -0.27045402 0.15298085 -0.06250000
v 0.45680381 0.11670117 -0.06250000
v -0.03195349 -0.38631169 -0.06250000
v -0.11097670 -0.31327958 -0.06250000
v -0.14057080 -0.05734901 -0.06250000
v -0.26794406 0.23376035 -0.06250000
v 0.05110376 0.29122920 -0.06250000
v -0.01464331 0.39255818 -0.06250000
v -0.41024630 -0.11545763 -0.06250000
v 0.12286804 0.22028915 -0.06250000
v -0.06841404 -0.13129831 -0.06250000
v -0.33836085 -0.02033780 -0.06250000
v -0.36829869 0.32423298 -0.06250000
v -0.14558914 -0.27953930 -0.06250000
v 0.23101219 0.29578563 -0.06250000
v 0.04698822 -0.41849304 -0.06250000
v 0.30320493 -0.30608941 -0.06250000
v 0.04482071 -0.22662124 -0.06250000
v 0.07809259 -0.43344382 -0.06250000
v -0.20343501 -0.44543899 -0.06250000
v 0.16597320 -0.07944073 -0.06250000
v 0.09214345 0.29823210 -0.06250000
v 0.10627754 0.31746178 -0.06250000
v -0.13640591 0.40685229 -0.06250000
v -0.25060950 0.17218139 -0.06250000
v -0.21376696 -0.06655004 -0.06250000
v 0.29546556 -0.39067662 -0.06250000
v -0.48862753 -0.03274605 -0.06250000
v 0.13671991 0.05195407 -0.06250000
v -0.02482566 0.07846795 -0.06250000
v 0.04685558 -0.47120615 -0.06250000
v -0.15310856 0.15053311 -0.06250000
v 0.20931601 0.00636929 -0.06250000
v 0.10203627 -0.30681936 -0.06250000
v 0.15504121 0.06399998 -0.06250000
v -0.15298120 0.07739824 -0.06250000
v -0.04742336 -0.28084978 -0.06250000
v 0.39268954 -0.16035514 -0.06250000
v 0.30167896 0.07264673 -0.06250000
v -0.20446259 -0.15189135 -0.06250000
v 0.34361810 0.09964089 -0.06250000
v -0.18302445 0.01519337 -0.06250000
v -0.20578454 0.24505693 -0.06250000
v -0.11525846 -0.25875333 -0.06250000
v 0.41173686 -0.00675697 -0.06250000
v 0.22585084 -0.18199026 -0.06250000
v 0.04209268 -0.37566909 -0.06250000
v 0.18406955 -0.31497216 -0.06250000
v -0.15449098 0.27560587 -0.06250000
v -0.05555182 -0.44124779 -0.06250000
v 0.39862230 -0.10448440 -0.06250000
v 0.47036171 0.13365609 -0.06250000
v -0.07105109 0.44639313 -0.06250000
v -0.04433979 -0.30130600 -0.06250000
v -0.20082335 0.44706750 -0.06250000
v 0.31064155 0.05464623 -0.06250000
v -0.21237918 0.08009553 -0.06250000
v 0.27011527 -0.29879503 -0.06250000
v -0.42646944 0.13889977 -0.06250000
v 0.18279086 -0.40481108 -0.06250000
v -0.36455516 -0.25385006 -0.06250000
v -0.39859260 -0.06060162 -0.06250000
v -0.13637383 0.28777016 -0.06250000
v 0.03755485 -0.39639983 -0.06250000
v -0.14868009 0.40905798 -0.06250000
v -0.34585375 0.16505182 -0.06250000
v -0.37868900 0.27009533 -0.06250000
v -0.27896767 -0.01434268 -0.06250000
v -0.30291381 -0.04806971 -0.06250000
v 0.29948195 0.05076560 -0.06250000
v 0.27292599 0.19546270 -0.06250000
v -0.33114097 -0.17844365 -0.06250000
v 0.11585821 -0.10423613 -0.06250000
v -0.02994037 -0.42717165 -0.06250000
v -0.25468199 0.24747673 -0.06250000
v -0.06361846 -0.40467596 -0.06250000
v -0.07537822 -0.40412539 -0.06250000
v 0.35755544 0.06330250 -0.06250000
v 0.36840075 0.32366564 -0.06250000
v -0.47946915 0.10289749 -0.06250000
v 0.15226232 0.08387219 -0.06250000
v -0.35851009 -0.19294124 -0.06250000
v -0.22632300 0.26586979 -0.06250000
v 0.30973846 0.32847513 -0.06250000
v 0.15048299 -0.08174504 -0.06250000
v 0.34442774 0.08879849 -0.06250000
v -0.00848650 0.41264049 -0.06250000
v 0.24202541 0.07286241 -0.06250000
v -0.10043259 0.17083678 -0.06250000
v -0.38603205 -0.21849442 -0.06250000
v 0.00201921 -0.45623244 -0.06250000
v 0.44110584 -0.08597752 -0.06250000
v 0.17514503 0.45824664 -0.06250000
v 0.03900876 -0.06947454 -0.06250000
v 0.01260939 -0.20530374 -0.06250000
v -0.01973158 -0.33840593 -0.06250000
v -0.31776954 -0.16155258 -0.06250000
v -0.40850838 -0.02491306 -0.06250000
v 0.16122924 -0.34866356 -0.06250000
v -0.17563284 0.28967274 -0.06250000
v 0.05626236 -0.40685779 -0.06250000
v 0.42543005 -0.11471778 -0.06250000
v 0.14369160 0.37385825 -0.06250000
v -0.12253996 0.09650996 -0.06250000
v -0.06162589 0.42953458 -0.06250000
v -0.17245733 0.00783146 -0.06250000
v -0.14629775 -0.09367820 -0.06250000
v 0.03303935 -0.26229141 -0.06250000
v 0.05034252 -0.39522492 -0.06250000
v -0.20882867 -0.21377062 -0.06250000
v 0.13076989 -0.20713588 -0.06250000
v 0.40880324 0.11852433 -0.06250000
v -0.26014928 0.11737289 -0.06250000
v 0.04482615 0.33452643 -0.06250000
v 0.25867824 -0.21917726 -0.06250000
v -0.17123959 -0.02149581 -0.06250000
v -0.09856962 -0.40087213 -0.06250000
v 0.01398960 -0.29970629 -0.06250000
v 0.34423821 -0.21086079 -0.06250000
v 0.13087341 0.34085827 -0.06250000
v 0.02211691 0.32468900 -0.06250000
v -0.35162450 -0.09818498 -0.06250000
v -0.00411255 -0.19911089 -0.06250000
v 0.48963380 -0.00441764 -0.06250000
v 0.08298761 0.48390605 -0.06250000
v 0.13096724 0.07704827 -0.06250000
v -0.22283356 -0.11670216 -0.06250000
v 0.32810429 -0.22751124 -0.06250000
v 0.00256676 -0.07771364 -0.06250000
v 0.21965024 -0.08236765 -0.06250000
v -0.12932758 0.31471136 -0.06250000
v -0.11881129 0.27292201 -0.06250000
v -0.19347143 -0.12887653 -0.06250000
v -0.18706420 -0.11725966 -0.06250000
v 0.32060924 0.36967480 -0.06250000
v -0.46018491 0.16637181 -0.06250000
v 0.22117975 -0.34861035 -0.06250000
v -0.17861048 -0.40737561 -0.06250000
v -0.25934493 0.30962476 -0.06250000
v 0.30451618 0.14826785 -0.06250000
v -0.03633478 0.34018716 -0.06250000
v -0.14428098 0.24324579 -0.06250000
v -0.18693809 -0.35378355 -0.06250000
v 0.07539829 -0.28138413 -0.06250000
v 0.09883880 -0.23576125 -0.06250000
v -0.27788963 0.30643449 -0.06250000
v 0.29954650 -0.11943909 -0.06250000
v 0.28987083 -0.12240746 -0.06250000
v 0.16191829 -0.40018809 -0.06250000
v 0.34636497 0.15583331 -0.06250000
v 0.41851279 -0.22376371 -0.06250000
v 0.39915888 0.08580010 -0.06250000
v 0.45014239 -0.19536879 -0.06250000
v 0.02818811 -0.28096875 -0.06250000
v -0.04953089 -0.25095590 -0.06250000
v -0.38293520 -0.30506305 -0.06250000
v 0.17282013 -0.45826256 -0.06250000
v -0.27401614 -0.00136292 -0.06250000
v 0.11980467 0.33441866 -0.06250000
v -0.18940222 0.25880459 -0.06250000
v -0.37036315 -0.17324060 -0.06250000
v 0.37600014 -0.14061170 -0.06250000
v 0.40683876 -0.12464443 -0.06250000
v -0.09501719 0.27324149 -0.06250000
v -0.22048327 -0.09451181 -0.06250000
v -0.31178443 0.35621481 -0.06250000
v 0.01164680 0.34096471 -0.06250000
v -0.22481084 -0.00748738 -0.06250000
v -0.06644317 -0.43832873 -0.06250000
v -0.17489640 -0.19404012 -0.06250000
v 0.00425900 0.40846893 -0.06250000
v 0.33886676 -0.23160024 -0.06250000
v 0.08254394 0.18322516 -0.06250000
v 0.00566220 0.25018271 -0.06250000
v 0.33988314 0.19265029 -0.06250000
v -0.36766081 -0.12362041 -0.06250000
v -0.12390194 -0.47535088 -0.06250000
v -0.24532949 -0.17623235 -0.06250000
v 0.32065269 -0.32396725 -0.06250000
v 0.18140981 0.30693079 -0.06250000
v -0.16161561 0.36724706 -0.06250000
v 0.31981528 -0.02843045 -0.06250000
v -0.24503365 -0.40553565 -0.06250000
v 0.25641876 0.28964400 -0.06250000
v 0.23415546 0.15334248 -0.06250000
v -0.09007193 0.43718008 -0.06250000
v -0.21528599 0.26926559 -0.06250000
v 0.17199394 -0.16081015 -0.06250000
v -0.14573461 0.09880430 -0.06250000
v -0.37974414 -0.03222712 -0.06250000
v -0.12108970 -0.13745645 -0.06250000
v -0.39472115 0.06909935 -0.06250000
v 0.11344254 0.29739865 -0.06250000
v -0.23600428 -0.39051515 -0.06250000
v 0.30174739 0.27236233 -0.06250000
v -0.18047075 -0.04064796 -0.06250000
v 0.25625066 -0.14178650 -0.06250000
v -0.39465009 0.09070879 -0.06250000
v -0.47391720 0.01784201 -0.06250000
v 0.40503631 0.24670610 -0.06250000
v -0.00179055 -0.47525766 -0.06250000
v -0.36387413 -0.06851975 -0.06250000
v 0.00847710 0.19498766 -0.06250000
v -0.06261501 -0.14104620 -0.06250000
v -0.16986186 0.40409974 -0.06250000
v -0.11790468 -0.07755599 -0.06250000
v 0.30441989 0.22611074 -0.06250000
v -0.00380636 -0.40491058 -0.06250000
v 0.10075675 0.22942399 -0.06250000
v -0.29227135 0.00922250 -0.06250000
v -0.00633226 -0.31983427 -0.06250000
v -0.29096840 -0.33217486 -0.06250000
v 0.00104009 0.47574531 -0.06250000
v 0.02923055 -0.31414221 -0.06250000
v 0.37962539 -0.03101499 -0.06250000
v -0.05568251 0.33219630 -0.06250000
v -0.08582881 -0.26688231 -0.06250000
v -0.29558681 -0.17135956 -0.06250000
v -0.42379070 -0.04223229 -0.06250000
v 0.34413466 -0.13226870 -0.06250000
v 0.23431626 -0.04686597 -0.06250000
v -0.38040780 0.14074590 -0.06250000
v 0.31940286 0.24041326 -0.06250000
v -0.04302183 -0.36736321 -0.06250000
v 0.18254741 -0.05736204 -0.06250000
v -0.21022023 -0.17350286 -0.06250000
v 0.12411589 0.38447754 -0.06250000
v 0.35585293 0.03202810 -0.06250000
v 0.17173381 -0.34043506 -0.06250000
v -0.17451724 -0.21362249 -0.06250000
v -0.35081459 -0.01946405 -0.06250000
v -0.02300796 -0.39365449 -0.06250000
v 0.13348604 -0.12664298 -0.06250000
v 0.11133963 0.28663590 -0.06250000
v -0.32645826 -0.09862546 -0.06250000
v -0.27567634 0.19751858 -0.06250000
v 0.31934706 0.04760383 -0.06250000
v 0.39106485 0.12761740 -0.06250000
v 0.30907611 0.29317319 -0.06250000
v -0.41280689 0.10520948 -0.06250000
v 0.13255651 0.29439989 -0.06250000
v -0.27877192 -0.22213055 -0.06250000
v -0.09750579 0.22827700 -0.06250000
v -0.35676283 0.18017630 -0.06250000
v 0.06939318 -0.08448469 -0.06250000
v -0.26242826 -0.36588821 -0.06250000
v 0.01735583 0.28341425 -0.06250000
v -0.23547453 -0.14180615 -0.06250000
v -0.14387274 0.33140989 -0.06250000
v -0.16768776 0.06984899 -0.06250000
v 0.32735110 -0.12281521 -0.06250000
v -0.11698763 0.15748219 -0.06250000
v 0.22903226 -0.28858099 -0.06250000
v 0.12330605 -0.22693573 -0.06250000
v -0.04592121 0.48744566 -0.06250000
v -0.12166780 -0.27548753 -0.06250000
v -0.20123543 -0.25796169 -0.06250000
v 0.14613528 0.13109600 -0.06250000
v -0.41039624 0.02132398 -0.06250000
v 0.34771578 0.21821123 -0.06250000
v -0.42471703 0.15014936 -0.06250000
v 0.31494004 0.15417968 -0.06250000
v -0.35760024 0.04185450 -0.06250000
v 0.15678265 -0.21672940 -0.06250000
v -0.15500821 0.29034314 -0.06250000
v -0.12858411 -0.30063030 -0.06250000
v 0.28279926 -0.39814981 -0.06250000
v -0.48811430 -0.01831641 -0.06250000
v -0.44708451 -0.19797571 -0.06250000
v 0.41112336 -0.26608978 -0.06250000
v 0.39821536 -0.04163136 -0.06250000
v 0.12521089 -0.42382409 -0.06250000
v -0.32479016 -0.29969916 -0.06250000
v -0.08650869 -0.21822646 -0.06250000
v 0.25200994 0.14876534 -0.06250000
v 0.22017448 0.12374489 -0.06250000
v 0.00406986 0.36222788 -0.06250000
v -0.21590335 -0.43808838 -0.06250000
v -0.03806998 -0.48695657 -0.06250000
v -0.04533943 0.44324504 -0.06250000
v 0.07401190 0.42624132 -0.06250000
v -0.36430764 0.09970474 -0.06250000
v -0.32632897 -0.14098086 -0.06250000
v 0.11391891 -0.35195759 -0.06250000
v -0.34664104 -0.18268107 -0.06250000
v -0.39413029 0.04872276 -0.06250000
v -0.21718411 0.16450248 -0.06250000
v -0.03065225 0.23439655 -0.06250000
v -0.17612268 0.31490814 -0.06250000
v 0.17996114 -0.02616913 -0.06250000
v 0.01626776 0.13536850 -0.06250000
v -0.03088079 0.19162590 -0.06250000
v 0.27414165 -0.13298300 -0.06250000
v 0.07885849 0.39664604 -0.06250000
v 0.05568028 0.10160114 -0.06250000
v 0.14728816 -0.38166618 -0.06250000
v -0.12023635 -0.33269184 -0.06250000
v -0.30361093 0.02609891 -0.06250000
v 0.38432300 0.16693471 -0.06250000
v 0.35538394 -0.27313640 -0.06250000
v 0.26905819 -0.09504340 -0.06250000
v -0.18618378 -0.22664890 -0.06250000
v -0.06384968 -0.24879548 -0.06250000
v -0.32082145 -0.37197720 -0.06250000
v 0.08502054 -0.48381570 -0.06250000
v -0.36537416 0.02408716 -0.06250000
v 0.21427958 -0.38705910 -0.06250000
v -0.21978723 -0.34438100 -0.06250000
v -0.31164001 0.04286597 -0.06250000
v -0.05979754 -0.08042419 -0.06250000
v -0.27302009 0.28619350 -0.06250000
v -0.00563776 0.44604256 -0.06250000
v 0.09546501 0.15348938 -0.06250000
v -0.13806636 0.39284691 -0.06250000
v 0.24399794 -0.40650088 -0.06250000
v -0.41719266 -0.22292790 -0.06250000
v -0.41840349 -0.07604019 -0.06250000
v 0.23191919 -0.39316431 -0.06250000
v -0.16863225 -0.41144998 -0.06250000
v -0.29676398 -0.27709315 -0.06250000
v 0.29860720 0.33845001 -0.06250000
v -0.12762025 0.10760468 -0.06250000
v 0.00877265 -0.36810009 -0.06250000
v 0.36374445 -0.09686165 -0.06250000
v 0.35246102 -0.10249034 -0.06250000
v -0.16504517 -0.27024785 -0.06250000
v 0.32638869 0.21197633 -0.06250000
v 0.19672279 -0.25418655 -0.06250000
v -0.17183833 0.15100126 -0.06250000
v -0.19606879 -0.27841365 -0.06250000
v 0.26790996 0.26821111 -0.06250000
v -0.04901089 -0.35446545 -0.06250000
v -0.24935290 0.35706986 -0.06250000
v -0.01504523 0.30763764 -0.06250000
v -0.25058519 -0.13044469 -0.06250000
v 0.13886819 0.45467753 -0.06250000
v -0.28949956 -0.14569880 -0.06250000
v 0.30712493 0.19982231 -0.06250000
v -0.06705704 -0.42434665 -0.06250000
v -0.15151890 -0.07304459 -0.06250000
v 0.22331604 0.38544166 -0.06250000
v -0.03557619 -0.22451164 -0.06250000
v 0.23614931 -0.21790476 -0.06250000
v -0.13158564 -0.36308911 -0.06250000
v -0.36728500 0.16404324 -0.06250000
v 0.13338575 0.39107098 -0.06250000
v 0.14342769 0.38628206 -0.06250000
v 0.25536746 -0.06532885 -0.06250000
v -0.32736786 0.03181659 -0.06250000
v 0.30641593 0.09575563 -0.06250000
v 0.29711590 -0.14063446 -0.06250000
v 0.22948509 -0.25511971 -0.06250000
v -0.38280694 -0.17369905 -0.06250000
v -0.12746581 0.34566203 -0.06250000
v 0.00114031 0.29578877 -0.06250000
v 0.46581878 -0.08119904 -0.06250000
v 0.25788426 0.36324495 -0.06250000
v -0.40414392 -0.00476434 -0.06250000
v -0.17190644 -0.07786839 -0.06250000
v 0.31735816 0.03679989 -0.06250000
v -0.00730468 0.42414786 -0.06250000
v -0.30325877 0.19716916 -0.06250000
v -0.29532511 0.20703471 -0.06250000
v -0.44521441 -0.09931779 -0.06250000
v -0.43496410 -0.09931748 -0.06250000
v 0.27599420 0.01302107 -0.06250000
v 0.06768356 -0.02918034 -0.06250000
v -0.22973326 0.11590485 -0.06250000
v -0.28970261 0.29196355 -0.06250000
v 0.36045058 0.18951981 -0.06250000
v 0.16709091 -0.37704083 -0.06250000
v -0.33680856 -0.24023686 -0.06250000
v 0.26496331 0.11637368 -0.06250000
v 0.35897659 -0.33520484 -0.06250000
v -0.47713786 -0.11647288 -0.06250000
v 0.39633656 0.10754961 -0.06250000
v -0.23414663 0.33801629 -0.06250000
v 0.24929724 -0.15138786 -0.06250000
v 0.28675450 0.22118979 -0.06250000
v -0.18103641 -0.25756651 -0.06250000
v -0.02731142 0.36270059 -0.06250000
v 0.08582203 0.37699126 -0.06250000
v -0.25908733 -0.32178701 -0.06250000
v -0.25663012 -0.33133771 -0.06250000
v 0.36273596 -0.19016285 -0.06250000
v -0.01286720 -0.43784989 -0.06250000
v 0.11305854 -0.39009198 -0.06250000
v -0.26581799 0.18684714 -0.06250000
v -0.23245845 0.19260704 -0.06250000
v 0.18366315 -0.26773807 -0.06250000
v 0.36331968 -0.15646173 -0.06250000
v 0.25164236 0.19972803 -0.06250000
v 0.24993584 0.18710774 -0.06250000
v -0.19733133 0.40830733 -0.06250000
v 0.36331958 -0.08330571 -0.06250000
v -0.30425007 0.27610702 -0.06250000
v 0.32754489 -0.30344696 -0.06250000
v 0.12151972 -0.40244460 -0.06250000
v -0.31079368 -0.28271503 -0.06250000
v -0.14008588 -0.14069396 -0.06250000
v 0.26029027 0.04194054 -0.06250000
v 0.10479726 -0.21687551 -0.06250000
v -0.10787361 -0.22321045 -0.06250000
v 0.19895270 0.42069053 -0.06250000
v -0.25655389 0.33988099 -0.06250000
v 0.43159252 -0.07485966 -0.06250000
v 0.21157895 -0.22299910 -0.06250000
v 0.32915208 0.05124613 -0.06250000
v -0.15753249 -0.04917137 -0.06250000
v 0.37386008 0.25823556 -0.06250000
v -0.45250501 0.04308295 -0.06250000
v -0.37441856 -0.13577640 -0.06250000
v 0.03823066 -0.43776730 -0.06250000
v 0.03805050 -0.45001855 -0.06250000
v -0.11042880 -0.28126664 -0.06250000
v 0.39529855 0.29236129 -0.06250000
v -0.48768434 0.06245042 -0.06250000
v 0.06458229 0.27755368 -0.06250000
v -0.40454906 -0.17359916 -0.06250000
v -0.12669566 0.04968336 -0.06250000
v 0.03798357 0.48814475 -0.06250000
v 0.15568978 0.33435683 -0.06250000
v 0.22308805 0.16511626 -0.06250000
v -0.11021814 0.26348541 -0.06250000
v -0.27998968 -0.24457563 -0.06250000
v 0.07473684 -0.01026699 -0.06250000
v 0.25437231 0.26907186 -0.06250000
v -0.16631326 -0.23210791 -0.06250000
v -0.15587504 -0.22805241 -0.06250000
v -0.35569110 0.11164475 -0.06250000
v 0.12344935 0.30165760 -0.06250000
v 0.33016913 0.24619968 -0.06250000
v 0.10484630 -0.45534235 -0.06250000
v -0.32337069 -0.33750111 -0.06250000
v 0.22810696 0.41614648 -0.06250000
v -0.40345315 0.25259323 -0.06250000
v -0.20023725 0.22982772 -0.06250000
v 0.18628030 -0.25684644 -0.06250000
v 0.13283391 -0.01583870 -0.06250000
v -0.35014215 -0.22787366 -0.06250000
v -0.27975685 0.23524109 -0.06250000
v 0.36179951 -0.12085335 -0.06250000
v -0.26973670 -0.07041047 -0.06250000
v 0.00901728 -0.31024132 -0.06250000
v 0.40996832 -0.19269518 -0.06250000
v -0.29796198 0.39116928 -0.06250000
v 0.01840887 -0.12657333 -0.06250000
v -0.15059625 -0.02803800 -0.06250000
v 0.07727624 0.16503730 -0.06250000
v 0.45704010 0.00966784 -0.06250000
v 0.37604116 -0.17410775 -0.06250000
v 0.25390960 0.30181967 -0.06250000
v 0.02679555 -0.45354669 -0.06250000
v 0.37347629 0.11035468 -0.06250000
v 0.36962625 -0.21301834 -0.06250000
v 0.16844107 0.09743824 -0.06250000
v 0.30940409 0.13530641 -0.06250000
v -0.27673460 -0.26213526 -0.06250000
v -0.03881794 0.05669266 -0.06250000
v 0.34422900 0.02682354 -0.06250000
v 0.11565368 -0.30332389 -0.06250000
v -0.33705705 0.08547406 -0.06250000
v 0.26513560 0.25039680 -0.06250000
v -0.16967655 0.35680009 -0.06250000
v -0.34136296 0.00109021 -0.06250000
v 0.44451409 -0.00206388 -0.06250000
v 0.27843361 -0.19156892 -0.06250000
v 0.10189889 -0.19618994 -0.06250000
v 0.11146810 -0.19973140 -0.06250000
v 0.41691015 0.04242151 -0.06250000
v -0.00126951 0.20152286 -0.06250000
v -0.03180470 0.16699838 -0.06250000
v -0.07168209 -0.38453391 -0.06250000
v 0.23286966 -0.13841020 -0.06250000
v 0.39916878 -0.02791269 -0.06250000
v 0.17273264 -0.22736394 -0.06250000
v 0.14892565 0.04468111 -0.06250000
v -0.17833409 -0.18021473 -0.06250000
v 0.27475916 -0.33310281 -0.06250000
v 0.39668426 0.16480058 -0.06250000
v 0.25241511 0.23780246 -0.06250000
v -0.24911285 -0.30023385 -0.06250000
v 0.30817951 -0.08770324 -0.06250000
v 0.26995285 -0.02637551 -0.06250000
v 0.26473539 0.03043091 -0.06250000
v 0.01238297 0.42122650 -0.06250000
v 0.12590910 0.31458278 -0.06250000
v -0.39934914 -0.16151739 -0.06250000
v -0.36107071 0.20330110 -0.06250000
v -0.45903149 -0.04121694 -0.06250000
v 0.17025478 0.31918261 -0.06250000
v 0.26993621 -0.20121620 -0.06250000
v -0.27936930 -0.05265835 -0.06250000
v 0.23760055 0.25040363 -0.06250000
v -0.38686226 -0.13632681 -0.06250000
v 0.09229639 0.23886865 -0.06250000
v 0.09329704 0.13194503 -0.06250000
v 0.36146377 0.01617570 -0.06250000
v -0.26827417 -0.04738309 -0.06250000
v 0.43734745 0.07748138 -0.06250000
v -0.07342351 0.20676866 -0.06250000
v -0.44578064 -0.11789771 -0.06250000
v -0.12520691 0.18825085 -0.06250000
v 0.02931143 0.24834091 -0.06250000
v -0.10583564 -0.17194578 -0.06250000
v 0.29089798 -0.30629803 -0.06250000
v -0.01867208 -0.07178854 -0.06250000
v -0.18598999 -0.36724805 -0.06250000
v -0.26666992 0.07401919 -0.06250000
v -0.40743240 -0.14237625 -0.06250000
v -0.23209331 -0.23677474 -0.06250000
v -0.10468896 -0.26240179 -0.06250000
v -0.14700811 -0.10678447 -0.06250000
v 0.23053894 -0.02504696 -0.06250000
v -0.19182269 0.00617070 -0.06250000
v 0.36762394 -0.04950413 -0.06250000
v 0.32890225 0.11632379 -0.06250000
v -0.10786227 -0.12116651 -0.06250000
v -0.06435152 -0.26696945 -0.06250000
v -0.06622252 0.29578212 -0.06250000
v -0.44345569 0.16692696 -0.06250000
v 0.21212840 -0.10846919 -0.06250000
v -0.26001101 0.21028780 -0.06250000
v 0.27543246 0.40751558 -0.06250000
v -0.43919971 0.22143984 -0.06250000
v -0.24519584 -0.05149458 -0.06250000
v 0.30575028 0.36208408 -0.06250000
v -0.02765095 0.26950829 -0.06250000
v -0.40933304 -0.05771540 -0.06250000
v 0.27344035 -0.31049041 -0.06250000
v 0.10021534 0.25074891 -0.06250000
v -0.28686731 -0.39957596 -0.06250000
v 0.04171501 -0.49011598 -0.06250000
v -0.41249700 0.15318003 -0.06250000
v 0.43602866 0.22345251 -0.06250000
v 0.27959200 -0.00634620 -0.06250000
v 0.10294071 -0.36718886 -0.06250000
v -0.40271481 0.19162115 -0.06250000
v 0.04182955 -0.09607013 -0.06250000
v 0.15118449 0.01842799 -0.06250000
v -0.45403794 0.18506111 -0.06250000
v 0.30612816 0.38299298 -0.06250000
v 0.04661854 -0.28024210 -0.06250000
v 0.31942229 0.01740344 -0.06250000
v -0.24848404 0.02301182 -0.06250000
v -0.07907840 0.35995158 -0.06250000
v 0.33660016 -0.07492685 -0.06250000
v 0.18957324 0.24475645 -0.06250000
v 0.17822979 0.36770731 -0.06250000
v -0.38424771 0.22349445 -0.06250000
v -0.24808600 -0.07337447 -0.06250000
v -0.15593570 -0.38228414 -0.06250000
v 0.36720595 0.03634093 -0.06250000
v -0.08101695 -0.28906539 -0.06250000
v -0.02988659 -0.17783626 -0.06250000
v -0.45519188 0.02270345 -0.06250000
v 0.38631633 0.24181519 -0.06250000
v -0.26950886 0.35687270 -0.06250000
v -0.39010486 0.23984984 -0.06250000
v 0.14481185 -0.14730930 -0.06250000
v -0.35542309 0.09027250 -0.06250000
v 0.12364479 0.17274279 -0.06250000
v 0.38598156 0.14882917 -0.06250000
v 0.26656091 -0.07280039 -0.06250000
v -0.44220599 0.02478911 -0.06250000
v 0.37396779 0.23735329 -0.06250000
v 0.18333969 0.08013507 -0.06250000
v 0.00240242 0.32410941 -0.06250000
v 0.10442582 0.34385960 -0.06250000
v -0.02442500 0.25170105 -0.06250000
v -0.05736617 0.16738063 -0.06250000
v -0.08083510 -0.39327162 -0.06250000
v -0.14808163 -0.16396925 -0.06250000
v 0.25432608 0.16895299 -0.06250000
v 0.35129911 0.11896157 -0.06250000
v 0.19517610 -0.38499920 -0.06250000
v -0.24632349 0.25954330 -0.06250000
v -0.00759470 -0.45521761 -0.06250000
v 0.21034969 0.40266146 -0.06250000
v 0.41835254 -0.09783087 -0.06250000
v 0.44352948 -0.03828322 -0.06250000
v 0.11233889 0.39759974 -0.06250000
v -0.08211793 -0.23835594 -0.06250000
v -0.25480905 -0.15047473 -0.06250000
v -0.39626844 0.28785290 -0.06250000
v 0.12589695 -0.16925021 -0.06250000
v 0.48719345 0.06515449 -0.06250000
v 0.25574184 -0.25219098 -0.06250000
v 0.22781859 0.14434824 -0.06250000
v -0.30697326 0.25526448 -0.06250000
v 0.06924988 -0.26207525 -0.06250000
v -0.22466461 -0.10489292 -0.06250000
v 0.23159635 -0.27481289 -0.06250000
v -0.19680040 -0.05353394 -0.06250000
v 0.31073558 -0.16972416 -0.06250000
v -0.42626903 0.00540066 -0.06250000
v -0.41777040 -0.10758591 -0.06250000
v 0.09478361 0.38391215 -0.06250000
v 0.06183696 -0.23336400 -0.06250000
v 0.36779624 0.21252321 -0.06250000
v 0.32152697 -0.08528904 -0.06250000
v 0.02356985 -0.33448066 -0.06250000
v 0.06336376 0.42203303 -0.06250000
v -0.30037584 0.21720656 -0.06250000
v -0.36365446 0.06273834 -0.06250000
v -0.09719039 -0.25273669 -0.06250000
v 0.18847971 0.04514001 -0.06250000
v -0.34686524 -0.13616281 -0.06250000
v -0.15745928 -0.10965540 -0.06250000
v 0.27956614 0.35048651 -0.06250000
v 0.33874748 -0.33556560 -0.06250000
v -0.46524685 -0.09891013 -0.06250000
v -0.33169384 -0.26174138 -0.06250000
v -0.01392369 -0.49182569 -0.06250000
v -0.24004785 -0.42928480 -0.06250000
v -0.02706555 -0.32568531 -0.06250000
v -0.07907848 0.30728864 -0.06250000
v 0.23806715 0.11305770 -0.06250000
v 0.15797178 -0.19476596 -0.06250000
v -0.19553504 0.36210661 -0.06250000
v 0.11053956 0.24665508 -0.06250000
v -0.22611370 -0.39421186 -0.06250000
v 0.19087702 -0.22111523 -0.06250000
v 0.36144010 -0.00531925 -0.06250000
v -0.35567863 -0.05935119 -0.06250000
v -0.33256947 0.35916634 -0.06250000
v 0.07192434 0.13304844 -0.06250000
v 0.00180082 -0.24351580 -0.06250000
v -0.36235294 -0.30749875 -0.06250000
v 0.15290541 -0.45019874 -0.06250000
v 0.27982399 0.30016527 -0.06250000
v -0.19009938 -0.33248079 -0.06250000
v 0.24873588 -0.32855439 -0.06250000
v -0.10917292 0.44151504 -0.06250000
v -0.15923990 -0.19923366 -0.06250000
v 0.31863426 -0.28329054 -0.06250000
v -0.08216591 0.07675941 -0.06250000
v 0.46207446 -0.04650649 -0.06250000
v 0.13018704 0.11556933 -0.06250000
v 0.06263252 -0.42786669 -0.06250000
v 0.11941971 -0.32219401 -0.06250000
v 0.14978906 -0.27103098 -0.06250000
v 0.11628713 0.19817150 -0.06250000
v -0.05454621 -0.21594828 -0.06250000
v -0.36864870 -0.18572129 -0.06250000
v -0.16490591 0.39145376 -0.06250000
v -0.09703597 -0.07065493 -0.06250000
v 0.14263331 0.17584681 -0.06250000
v 0.39698731 -0.07062626 -0.06250000
v 0.10421324 0.14893487 -0.06250000
v -0.13414390 -0.45780048 -0.06250000
v -0.32795861 0.25473207 -0.06250000
v 0.01449644 -0.26829184 -0.06250000
v -0.17262123 -0.12495701 -0.06250000
v 0.16299853 0.38165807 -0.06250000
v 0.12144776 0.41577543 -0.06250000
v 0.33085280 0.10350840 -0.06250000
v 0.06869481 -0.25001850 -0.06250000
v 0.05813061 0.14436957 -0.06250000
v 0.21704774 0.18364601 -0.06250000
v -0.08192446 0.21168304 -0.06250000
v -0.33515653 0.23489316 -0.06250000
v -0.41143775 0.12818962 -0.06250000
v -0.03176199 0.31604148 -0.06250000
v 0.39343368 -0.20516954 -0.06250000
v 0.16857741 0.22788766 -0.06250000
v -0.10880351 -0.09363191 -0.06250000
v -0.08318294 -0.12719081 -0.06250000
v -0.09802654 -0.12981311 -0.06250000
v 0.39395880 0.06589157 -0.06250000
v 0.25871861 0.13909945 -0.06250000
v 0.07510545 -0.31307519 -0.06250000
v 0.41439568 -0.18168364 -0.06250000
v 0.18455498 -0.36894696 -0.06250000
v 0.33589285 0.03352870 -0.06250000
v 0.06955739 -0.20523026 -0.06250000
v 0.10503106 -0.16673988 -0.06250000
v 0.10698291 0.11700531 -0.06250000
v -0.27103306 -0.03388456 -0.06250000
v 0.00098979 0.39477780 -0.06250000
v 0.10455697 0.09683092 -0.06250000
v 0.33832646 0.13479560 -0.06250000
v 0.34002756 0.12347810 -0.06250000
v 0.12846590 -0.07770747 -0.06250000
v -0.08682708 0.26839399 -0.06250000
v 0.27477604 0.16518670 -0.06250000
v -0.23437751 -0.08519785 -0.06250000
v 0.03222236 -0.20681510 -0.06250000
v 0.28995709 -0.19832273 -0.06250000
v -0.22627278 -0.29140999 -0.06250000
v 0.19323486 -0.19160103 -0.06250000
v 0.12936108 0.20256423 -0.06250000
v -0.26166518 0.32147186 -0.06250000
v -0.07821131 -0.11195369 -0.06250000
v -0.22383243 0.14536668 -0.06250000
v -0.38675359 0.02625881 -0.06250000
v 0.20272893 0.02585332 -0.06250000
v -0.21420812 0.28236164 -0.06250000
v -0.06081946 0.38736168 -0.06250000
v 0.15821275 0.16416408 -0.06250000
v -0.08806124 0.46669510 -0.06250000
v 0.00140495 0.34440620 -0.06250000
v 0.33223766 -0.24866049 -0.06250000
v -0.18638326 0.41209186 -0.06250000
v -0.36650259 -0.21963865 -0.06250000
v -0.12146621 0.42396982 -0.06250000
v 0.30113051 0.12676496 -0.06250000
v 0.37967999 -0.28580840 -0.06250000
v -0.08486641 -0.18630228 -0.06250000
v -0.14045683 -0.43903550 -0.06250000
v 0.16615654 -0.26078504 -0.06250000
v 0.29594886 0.31357139 -0.06250000
v -0.18211529 0.23327772 -0.06250000
v -0.36334721 -0.04777327 -0.06250000
v -0.00873395 -0.30005156 -0.06250000
v 0.31141734 0.24891190 -0.06250000
v 0.33184894 -0.05382351 -0.06250000
v 0.14682519 0.30968531 -0.06250000
v 0.21762516 -0.41862693 -0.06250000
v -0.40191367 -0.24831619 -0.06250000
v -0.01752796 -0.47342730 -0.06250000
v 0.45367974 -0.10881846 -0.06250000
v -0.07758418 0.45385941 -0.06250000
v -0.26536440 0.17489989 -0.06250000
v -0.21776451 0.36862649 -0.06250000
v 0.14832034 0.23344154 -0.06250000
v 0.37038151 0.19372649 -0.06250000
v -0.19528815 0.19324196 -0.06250000
v -0.13264356 0.07073774 -0.06250000
v -0.10942791 0.31561904 -0.06250000
v -0.08800026 0.10714831 -0.06250000
v 0.42579875 -0.24470030 -0.06250000
v 0.42627938 0.24611251 -0.06250000
v -0.43930436 -0.22159831 -0.06250000
v 0.26366803 -0.41535101 -0.06250000
v -0.49217574 0.00696540 -0.06250000
v -0.21716860 0.40195330 -0.06250000
v -0.05477103 0.46357146 -0.06250000
v -0.06789079 0.42107452 -0.06250000
v 0.05487395 -0.15757437 -0.06250000
v -0.15879264 -0.17925489 -0.06250000
v 0.12492814 -0.31225370 -0.06250000
v 0.16665556 0.06878599 -0.06250000
v -0.03888354 -0.32809735 -0.06250000
v -0.24350091 -0.21691709 -0.06250000
v -0.39233778 0.12505000 -0.06250000
v -0.06344480 0.09658933 -0.06250000
v 0.16971131 -0.09082776 -0.06250000
v 0.27500195 -0.05680815 -0.06250000
v -0.07901415 0.28496314 -0.06250000
v -0.40633059 0.05196670 -0.06250000
v -0.00118019 0.45684073 -0.06250000
v -0.27939017 0.05608959 -0.06250000
v -0.21715910 -0.38781555 -0.06250000
v 0.20381984 -0.38005305 -0.06250000
v -0.37391562 -0.05353471 -0.06250000
v -0.09586050 0.39957449 -0.06250000
v 0.00603219 -0.11215014 -0.06250000
v -0.15312174 0.05724009 -0.06250000
v 0.37539778 -0.19371590 -0.06250000
v -0.41292926 -0.04480824 -0.06250000
v 0.26320130 -0.31795561 -0.06250000
v -0.16357348 0.18439176 -0.06250000
v 0.15117172 0.10355271 -0.06250000
v 0.08341944 -0.18976424 -0.06250000
v -0.26199414 -0.15783277 -0.06250000
v 0.13443588 0.40284045 -0.06250000
v 0.01401569 -0.41947406 -0.06250000
v -0.40118736 -0.20395673 -0.06250000
v 0.46991391 0.14440649 -0.06250000
v -0.05095224 -0.13846765 -0.06250000
v -0.14186560 0.08877719 -0.06250000
v 0.36573523 0.26730186 -0.06250000
v -0.44945278 0.05502634 -0.06250000
v 0.07540009 0.40801573 -0.06250000
v -0.04729702 -0.16446009 -0.06250000
v -0.08777436 -0.19664826 -0.06250000
v -0.14263054 -0.15370759 -0.06250000
v 0.27409261 0.37525421 -0.06250000
v -0.42225225 0.19405323 -0.06250000
v -0.11328486 -0.42934831 -0.06250000
v -0.17960034 -0.30525868 -0.06250000
v 0.36772150 -0.24325435 -0.06250000
v -0.34062256 0.28706044 -0.06250000
v 0.40064739 -0.09061230 -0.06250000
v 0.16066952 -0.02951287 -0.06250000
v -0.16595166 -0.36322613 -0.06250000
v -0.16448125 -0.35230615 -0.06250000
v 0.06250862 -0.16683855 -0.06250000
v 0.44186009 0.06763415 -0.06250000
v 0.40104673 -0.21428655 -0.06250000
v -0.27565845 -0.15794829 -0.06250000
v -0.23171641 0.03755226 -0.06250000
v -0.03557915 -0.09008989 -0.06250000
v -0.02585678 -0.45239994 -0.06250000
v -0.37967846 -0.19097359 -0.06250000
v 0.06681565 -0.05664974 -0.06250000
v -0.24623514 0.36626575 -0.06250000
v 0.33810399 -0.30854840 -0.06250000
v 0.34296311 0.17769832 -0.06250000
v -0.35242794 -0.31335634 -0.06250000
v 0.13978670 -0.45352420 -0.06250000
v 0.24412939 -0.34755118 -0.06250000
v 0.16267785 0.29184656 -0.06250000
v 0.15079640 -0.46840528 -0.06250000
v -0.36958270 -0.32527369 -0.06250000
v 0.05030655 -0.13525506 -0.06250000
v 0.10355228 0.18619691 -0.06250000
v -0.13650322 0.00514343 -0.06250000
v -0.20379246 -0.10953639 -0.06250000
v -0.18373718 0.34580890 -0.06250000
v 0.24123117 0.05990904 -0.06250000
v -0.09408439 -0.37832705 -0.06250000
v -0.15116365 0.31434543 -0.06250000
v -0.24957629 0.20390094 -0.06250000
v -0.07053874 -0.46954950 -0.06250000
v -0.20947203 0.39218107 -0.06250000
v 0.23572133 0.33788731 -0.06250000
v 0.32077151 0.33569074 -0.06250000
v -0.44610876 0.13683972 -0.06250000
v 0.41851806 0.18767923 -0.06250000
v 0.15714446 0.05058189 -0.06250000
v -0.43734055 0.05574454 -0.06250000
v 0.35447605 0.26178236 -0.06250000
v -0.20642352 -0.39652080 -0.06250000
v -0.15638036 -0.27986782 -0.06250000
v 0.18812356 -0.12519545 -0.06250000
v 0.17988721 0.26286091 -0.06250000
v -0.25225434 0.33018729 -0.06250000
v -0.40468773 0.07286615 -0.06250000
v -0.31964705 0.28784841 -0.06250000
v 0.26950180 0.28676758 -0.06250000
v -0.06592240 -0.21696784 -0.06250000
v 0.27469480 -0.38614194 -0.06250000
v -0.47353634 -0.01806029 -0.06250000
v 0.39745239 -0.25805896 -0.06250000
v -0.43370907 -0.19094310 -0.06250000
v -0.07491227 0.38997294 -0.06250000
v -0.33816268 -0.03280935 -0.06250000
v -0.37430524 -0.15377915 -0.06250000
v 0.05950709 -0.36284614 -0.06250000
v 0.19714703 -0.41874625 -0.06250000
v -0.38435220 -0.25873429 -0.06250000
v -0.04076514 0.03496033 -0.06250000
v 0.48330344 0.08970170 -0.06250000
v 0.23956259 0.26775335 -0.06250000
v -0.09890829 0.36510135 -0.06250000
v 0.46019016 0.12890888 -0.06250000
v -0.24121724 0.13166726 -0.06250000
v -0.24146033 -0.03199917 -0.06250000
v 0.33995618 0.29509376 -0.06250000
v -0.44070228 0.09182611 -0.06250000
v 0.30726168 -0.29353958 -0.06250000
v -0.10990066 -0.33300632 -0.06250000
v -0.27552885 0.03590960 -0.06250000
v 0.09606716 -0.21354731 -0.06250000
v -0.04670347 -0.31996561 -0.06250000
v 0.15286430 0.03112380 -0.06250000
v 0.03695949 -0.11750051 -0.06250000
v 0.14096666 0.14453900 -0.06250000
v 0.03848605 -0.14311449 -0.06250000
v -0.18533005 -0.45324430 -0.06250000
v 0.40779907 -0.04586435 -0.06250000
v -0.42221250 0.02514484 -0.06250000
v 0.35599470 0.22761935 -0.06250000
v -0.41931659 -0.25818346 -0.06250000
v 0.22789277 -0.43652031 -0.06250000
v -0.21790175 -0.36271079 -0.06250000
v -0.41329643 -0.09551673 -0.06250000
v 0.08358777 -0.42578244 -0.06250000
v 0.25502360 -0.11024997 -0.06250000
v -0.37362738 -0.11277570 -0.06250000
v 0.22044093 0.35210489 -0.06250000
v 0.28661715 0.05622359 -0.06250000
v -0.46722125 0.05918318 -0.06250000
v -0.46963330 0.06809053 -0.06250000
v -0.25310991 0.05923873 -0.06250000
v -0.14612395 -0.29918743 -0.06250000
v -0.24431001 0.03479185 -0.06250000
v -0.03618635 -0.19437589 -0.06250000
v -0.19244093 0.16070339 -0.06250000
v -0.26826639 0.33810632 -0.06250000
v 0.41981363 0.08841820 -0.06250000
v -0.38131526 0.05193341 -0.06250000
v -0.00208603 -0.31051265 -0.06250000
v 0.46003695 -0.09021639 -0.06250000
v 0.35459589 0.20870715 -0.06250000
v -0.21922467 0.17699441 -0.06250000
v -0.32337075 -0.00804094 -0.06250000
v 0.22635761 -0.35668786 -0.06250000
v 0.10126181 -0.15801090 -0.06250000
v -0.08781290 0.25039054 -0.06250000
v 0.20559476 0.44449449 -0.06250000
v -0.00944698 0.18550731 -0.06250000
v 0.22171797 -0.29886316 -0.06250000
v 0.20417386 -0.44611524 -0.06250000
v -0.40385985 -0.27857314 -0.06250000
v -0.35447981 -0.03693646 -0.06250000
v -0.20950285 -0.42536795 -0.06250000
v -0.03819100 -0.47234139 -0.06250000
v -0.01641180 -0.37282725 -0.06250000
v 0.31153767 -0.02010838 -0.06250000
v 0.12294314 0.08538759 -0.06250000
v -0.24345574 0.29267675 -0.06250000
v 0.40691891 -0.17324545 -0.06250000
v 0.03384169 0.12070779 -0.06250000
v 0.28678301 0.15991430 -0.06250000
v 0.26613656 -0.27977516 -0.06250000
v 0.48473359 -0.07047732 -0.06250000
v 0.48970310 -0.02438291 -0.06250000
v -0.09778074 0.35419561 -0.06250000
v -0.04239208 0.01629997 -0.06250000
v 0.31096996 -0.37861934 -0.06250000
v -0.48727805 -0.05313501 -0.06250000
v -0.32575893 0.34284097 -0.06250000
v 0.37096039 0.12132407 -0.06250000
v 0.09237870 0.39571834 -0.06250000
v 0.11068940 -0.12484065 -0.06250000
v -0.03454369 -0.21421059 -0.06250000
v 0.41264198 -0.13336295 -0.06250000
v -0.18319546 -0.01965839 -0.06250000
v 0.20245959 0.30142690 -0.06250000
v 0.44460611 -0.14366791 -0.06250000
v -0.44128401 0.11845610 -0.06250000
v 0.32776903 0.31879598 -0.06250000
v -0.04775954 -0.42541054 -0.06250000
v -0.22606889 -0.33578682 -0.06250000
v 0.09030426 0.06415885 -0.06250000
v -0.07842530 0.48375673 -0.06250000
v -0.19710312 -0.31261739 -0.06250000
v 0.20937051 0.05816044 -0.06250000
v 0.34777946 -0.17697186 -0.06250000
v 0.20684634 -0.20446860 -0.06250000
v 0.09017540 -0.17452730 -0.06250000
v -0.03241223 -0.05691322 -0.06250000
v -0.00078044 0.05566004 -0.06250000
v -0.35839573 0.01844184 -0.06250000
v -0.33574865 -0.28268638 -0.06250000
v 0.14449609 -0.41408056 -0.06250000
v 0.06870621 0.44707513 -0.06250000
v 0.03026632 -0.05741819 -0.06250000
v -0.18200941 0.32277724 -0.06250000
v 0.27961683 0.26630496 -0.06250000
v -0.23884971 -0.33819440 -0.06250000
v 0.29526509 -0.22872144 -0.06250000
v -0.12701223 -0.16448259 -0.06250000
v -0.23763628 -0.01447194 -0.06250000
v -0.04230218 0.28234158 -0.06250000
v -0.04628884 0.29260110 -0.06250000
v 0.30837334 0.03244560 -0.06250000
v 0.17895830 -0.25035800 -0.06250000
v 0.31311020 -0.14561868 -0.06250000
v 0.43976186 -0.17936093 -0.06250000
v -0.29016931 -0.01602259 -0.06250000
v 0.19679644 0.19310809 -0.06250000
v 0.06342286 0.41165606 -0.06250000
v 0.43140853 -0.01568589 -0.06250000
v 0.02914740 0.34301861 -0.06250000
v -0.10426589 -0.15030425 -0.06250000
v -0.44205554 -0.14563684 -0.06250000
v 0.01573530 0.22688545 -0.06250000
v 0.03918873 -0.29812916 -0.06250000
v -0.07882857 -0.05355563 -0.06250000
v 0.41176830 0.19699013 -0.06250000
v -0.18114545 -0.10605896 -0.06250000
v -0.33274783 -0.07352545 -0.06250000
v -0.26208855 -0.25043531 -0.06250000
v -0.00438959 -0.04311248 -0.06250000
v 0.00319470 -0.01612337 -0.06250000
v 0.05670202 0.44454884 -0.06250000
v -0.14487625 0.22041446 -0.06250000
v -0.14722052 -0.30932029 -0.06250000
v 0.42664828 -0.03443916 -0.06250000
v -0.26147847 -0.20652301 -0.06250000
v 0.37705224 0.28869899 -0.06250000
v 0.37945553 0.27925515 -0.06250000
v -0.11075526 0.09624794 -0.06250000
v -0.14153585 0.17727645 -0.06250000
v -0.31065230 0.33817507 -0.06250000
v 0.05923690 -0.14650311 -0.06250000
v 0.15750787 0.42431348 -0.06250000
v -0.05528850 0.34251364 -0.06250000
v 0.26514004 0.23234926 -0.06250000
v -0.22434034 0.41989226 -0.06250000
v -0.13922665 0.13600358 -0.06250000
v -0.13342875 0.12625848 -0.06250000
v 0.21179352 -0.27719104 -0.06250000
v 0.40382783 0.01276994 -0.06250000
v -0.08523048 -0.43623805 -0.06250000
v 0.08768044 -0.33670096 -0.06250000
v 0.06141082 -0.45928020 -0.06250000
v 0.31960979 0.26145261 -0.06250000
v 0.29639676 -0.03126093 -0.06250000
v 0.28757760 -0.03667481 -0.06250000
v 0.26942991 -0.12435258 -0.06250000
v -0.09374161 -0.05833984 -0.06250000
v -0.34531231 0.07361454 -0.06250000
v -0.00758320 0.09916264 -0.06250000
v -0.15881879 0.42675474 -0.06250000
v 0.13244384 0.01721495 -0.06250000
v 0.14616945 -0.11136446 -0.06250000
v 0.00959531 0.38753401 -0.06250000
v -0.21493448 0.34418253 -0.06250000
v 0.26329201 -0.26336954 -0.06250000
v -0.34895851 0.28081119 -0.06250000
v -0.24836451 0.18402899 -0.06250000
v -0.10278016 -0.24394755 -0.06250000
v 0.42823313 0.05878314 -0.06250000
v 0.27433960 -0.17234306 -0.06250000
v 0.21055121 -0.12930715 -0.06250000
v 0.18193281 -0.32422224 -0.06250000
v -0.12158450 0.33251781 -0.06250000
v -0.08178936 -0.45882393 -0.06250000
v 0.31816701 -0.10542906 -0.06250000
v 0.45156541 -0.04630682 -0.06250000
v -0.47056224 0.14457934 -0.06250000
v 0.34029686 0.35571062 -0.06250000
v 0.44460564 0.11603475 -0.06250000
v -0.17852970 -0.20406291 -0.06250000
v -0.44872715 -0.16032112 -0.06250000
v -0.29448795 -0.11451353 -0.06250000
v -0.03949654 -0.29014044 -0.06250000
v 0.14942195 0.07299089 -0.06250000
v 0.05872000 -0.32713921 -0.06250000
v 0.06852586 -0.33017006 -0.06250000
v 0.24714600 0.03880994 -0.06250000
v -0.29513576 0.03105273 -0.06250000
v 0.39382613 -0.12782875 -0.06250000
v -0.35069781 0.18789104 -0.06250000
v 0.28801056 0.18003361 -0.06250000
v -0.29106678 0.15841239 -0.06250000
v -0.01490014 -0.25134601 -0.06250000
v -0.30214144 -0.24098215 -0.06250000
v -0.46778925 -0.14719078 -0.06250000
v 0.37976442 -0.31032794 -0.06250000
v -0.24334801 -0.11020454 -0.06250000
v 0.12967252 0.47242019 -0.06250000
v -0.17823449 0.11303668 -0.06250000
v 0.09703276 0.01893275 -0.06250000
v 0.12181874 0.18182447 -0.06250000
v -0.40433881 0.02976244 -0.06250000
v 0.37755499 0.05456039 -0.06250000
v 0.16296076 -0.15223286 -0.06250000
v 0.28122595 0.07286519 -0.06250000
v 0.15522465 -0.30194656 -0.06250000
v -0.05095535 -0.06294431 -0.06250000
v -0.10915970 0.13552248 -0.06250000
v -0.12402963 0.40797873 -0.06250000
v 0.19397739 -0.11548346 -0.06250000
v 0.01260678 0.32913153 -0.06250000
v -0.37588394 0.11478836 -0.06250000
v 0.15617293 -0.27993525 -0.06250000
v 0.43732496 0.18698204 -0.06250000
v -0.18790449 -0.05637616 -0.06250000
v 0.09103596 -0.06017105 -0.06250000
v 0.22173656 0.31456119 -0.06250000
v 0.13607215 0.35677265 -0.06250000
v 0.17850392 0.38629661 -0.06250000
v 0.26874210 -0.00126776 -0.06250000
v -0.00385523 -0.49002590 -0.06250000
v -0.24790811 -0.42345586 -0.06250000
v 0.14156071 -0.40196015 -0.06250000
v 0.07747545 0.31429883 -0.06250000
v -0.34433005 0.25029244 -0.06250000
v 0.18973930 -0.45428030 -0.06250000
v -0.39564473 -0.29297925 -0.06250000
v -0.17967273 0.40462085 -0.06250000
v -0.28384644 -0.21324906 -0.06250000
v 0.42800154 -0.15233439 -0.06250000
v 0.30367400 0.19108244 -0.06250000
v -0.23576294 -0.35881863 -0.06250000
v -0.19665663 -0.43738887 -0.06250000
v -0.02255253 -0.21075475 -0.06250000
v 0.27875796 0.08531404 -0.06250000
v -0.13742799 -0.38637811 -0.06250000
v -0.08732142 0.08515821 -0.06250000
v 0.38986693 0.18518814 -0.06250000
v -0.05958249 -0.39478591 -0.06250000
v 0.33582784 -0.11445232 -0.06250000
v 0.08272836 0.33193453 -0.06250000
v -0.20279109 0.18324676 -0.06250000
v -0.32162034 0.16475536 -0.06250000
v 0.10539830 0.37805000 -0.06250000
v -0.02964360 0.02166971 -0.06250000
v -0.45430524 0.10508908 -0.06250000
v 0.34536348 0.31330661 -0.06250000
v 0.43106374 -0.05054453 -0.06250000
v 0.39472078 -0.22427301 -0.06250000
v -0.13227963 0.14440510 -0.06250000
v -0.00469196 0.33275445 -0.06250000
v 0.10574459 -0.32696615 -0.06250000
v -0.26543990 -0.17680573 -0.06250000
v 0.29098292 -0.38096099 -0.06250000
v -0.47835623 -0.03492624 -0.06250000
v 0.17742362 -0.21910715 -0.06250000
v 0.19001838 -0.23551196 -0.06250000
v 0.09062757 0.28480114 -0.06250000
v -0.21179833 -0.00757158 -0.06250000
v -0.14964032 0.44357291 -0.06250000
v -0.23317626 0.05135293 -0.06250000
v 0.07757515 0.00832421 -0.06250000
v -0.24216064 0.21362884 -0.06250000
v 0.18588799 -0.19794972 -0.06250000
v 0.32874524 -0.18111015 -0.06250000
v -0.09209165 -0.48135448 -0.06250000
v -0.26202214 -0.06020520 -0.06250000
v -0.27387866 -0.33390530 -0.06250000
v 0.07823501 -0.20770289 -0.06250000
v 0.10495011 0.30453016 -0.06250000
v 0.33637073 -0.19143449 -0.06250000
v -0.25710771 -0.23327610 -0.06250000
v -0.04883380 -0.22604394 -0.06250000
v 0.20821226 0.09703221 -0.06250000
v -0.19848795 0.37461691 -0.06250000
v 0.13232703 0.28470453 -0.06250000
v 0.13754611 -0.16626038 -0.06250000
v 0.21001515 -0.23768635 -0.06250000
v -0.06797902 -0.20136473 -0.06250000
v -0.41218720 0.27017228 -0.06250000
v 0.22808359 0.43688581 -0.06250000
v -0.02662964 -0.40319585 -0.06250000
v -0.05999315 0.05425155 -0.06250000
v -0.34377836 0.21570374 -0.06250000
v 0.31748095 -0.11689346 -0.06250000
v 0.23574840 -0.30801208 -0.06250000
v -0.35174590 -0.21046172 -0.06250000
v -0.11793766 0.11501911 -0.06250000
v 0.42284700 0.21618610 -0.06250000
v -0.02677631 0.21121946 -0.06250000
v 0.47218164 0.04928201 -0.06250000
v 0.03013496 0.41456512 -0.06250000
v 0.24422215 0.16950721 -0.06250000
v 0.31236096 0.06605446 -0.06250000
v -0.17422265 -0.27776045 -0.06250000
v -0.43027415 -0.03077410 -0.06250000
v -0.16737299 0.13804218 -0.06250000
v -0.29984172 0.18714636 -0.06250000
v -0.05516085 -0.17338554 -0.06250000
v 0.27022892 0.36366050 -0.06250000
v -0.41353153 0.18891547 -0.06250000
v 0.41444290 0.05886584 -0.06250000
v 0.00330894 0.47004601 0.02994234
v -0.00330894 -0.47004601 0.02994234
v 0.10215827 0.45995635 0.02883532
v -0.10214834 0.45973719 0.02905143
v -0.10215827 -0.45995635 0.02883532
v 0.10214834 -0.45973719 0.02905143
v 0.20269391 0.42504625 0.02909752
v -0.20269309 0.42504530 0.02909874
v -0.20269391 -0.42504625 0.02909752
v 0.20269309 -0.42504530 0.02909874
v 0.29288674 0.36873360 0.02909969
v -0.29288674 0.36873360 0.02909969
v -0.29288674 -0.36873360 0.02909969
v 0.29288674 -0.36873360 0.02909969
v 0.36813408 0.29358624 0.02913316
v -0.36813408 0.29358624 0.02913316
v -0.36813408 -0.29358624 0.02913316
v 0.36813408 -0.29358624 0.02913316
v 0.42467191 0.20339344 0.02913364
v -0.42467156 0.20339296 0.02913417
v -0.42467227 -0.20339273 0.02913362
v 0.42467191 -0.20339344 0.02913364
v 0.45945079 0.10292231 0.02916241
v -0.45939690 0.10285624 0.02922945
v -0.45949821 -0.10280564 0.02914164
v 0.45945079 -0.10292231 0.02916241
v -0.46992214 0.00280291 0.03006950
v -0.02065640 0.46855739 0.03098751
v 0.02065640 -0.46855739 0.03098751
v 0.12516245 0.45230107 0.03070063
v -0.12515315 0.45222990 0.03077170
v -0.12516245 -0.45230107 0.03070063
v 0.12515315 -0.45222990 0.03077170
v 0.22349584 0.41256319 0.03078920
v -0.22349559 0.41256295 0.03078953
v -0.22349584 -0.41256319 0.03078920
v 0.22349559 -0.41256295 0.03078953
v 0.31020449 0.35202830 0.03079776
v -0.31020449 0.35202830 0.03079776
v -0.31020449 -0.35202830 0.03079776
v 0.31020449 -0.35202830 0.03079776
v 0.38131957 0.27337501 0.03081079
v -0.38131956 0.27337501 0.03081080
v -0.38131957 -0.27337501 0.03081079
v 0.38131957 -0.27337501 0.03081079
v 0.43298159 0.18073486 0.03081119
v -0.43298039 0.18073329 0.03081290
v -0.43298281 -0.18073240 0.03081100
v 0.43298159 -0.18073486 0.03081119
v 0.46237173 0.07918246 0.03089716
v -0.46221694 0.07900990 0.03107884
v -0.46248891 -0.07885814 0.03083627
v 0.46237173 -0.07918246 0.03089716
v -0.46581649 0.02694640 0.03340476
v -0.46737231 -0.02432454 0.03199512
v 0.45026220 0.12871090 0.03170250
v -0.45024593 0.12869026 0.03172383
v -0.45027805 -0.12867603 0.03169684
v 0.45026220 -0.12871090 0.03170250
v 0.40986726 0.22653598 0.03169485
v -0.40986718 0.22653586 0.03169498
v -0.40986734 -0.22653581 0.03169485
v 0.40986726 -0.22653598 0.03169485
v 0.34850751 0.31281544 0.03169349
v -0.34850751 0.31281544 0.03169349
v -0.34850751 -0.31281544 0.03169349
v 0.34850751 -0.31281544 0.03169349
v 0.26964396 0.38300030 0.03160156
v -0.26964395 0.38300029 0.03160158
v -0.26964396 -0.38300030 0.03160156
v 0.26964395 -0.38300029 0.03160158
v 0.17676220 0.43377195 0.03159529
v -0.17675974 0.43376774 0.03160011
v -0.17676220 -0.43377195 0.03159529
v 0.17675974 -0.43376774 0.03160011
v 0.07517945 0.46318716 0.03075135
v -0.07511296 0.46247249 0.03146745
v -0.07517945 -0.46318716 0.03075135
v 0.07511296 -0.46247249 0.03146745
v 0.04672510 0.46696681 0.03070132
v -0.04422176 0.46463825 0.03326210
v -0.04672510 -0.46696681 0.03070132
v 0.04422176 -0.46463825 0.03326210
v 0.14686886 0.44294738 0.03333863
v -0.14686244 0.44292546 0.03336145
v -0.14686886 -0.44294738 0.03333863
v 0.14686244 -0.44292546 0.03336145
v 0.24258542 0.39861996 0.03336785
v -0.24258536 0.39861991 0.03336794
v -0.24258542 -0.39861996 0.03336785
v 0.24258536 -0.39861991 0.03336794
v 0.32540662 0.33432531 0.03345645
v -0.32540661 0.33432531 0.03345645
v -0.32540662 -0.33432531 0.03345645
v 0.32540661 -0.33432531 0.03345645
v 0.39218176 0.25268894 0.03346144
v -0.39218175 0.25268891 0.03346146
v -0.39218178 -0.25268891 0.03346144
v 0.39218176 -0.25268894 0.03346144
v 0.43891850 0.15813759 0.03346281
v -0.43891465 0.15813253 0.03346815
v -0.43892249 -0.15812950 0.03346180
v 0.43891850 -0.15813759 0.03346281
v 0.46287534 0.05638114 0.03370351
v -0.46241584 0.05597245 0.03420892
v -0.46314769 -0.05550596 0.03353811
v 0.46287534 -0.05638114 0.03370351
v 0.47319963 0.05145039 0.02401153
v -0.47272546 0.05066195 0.02456756
v -0.47348644 -0.05026964 0.02385250
v 0.47319963 -0.05145039 0.02401153
v 0.45018929 0.15533916 0.02376409
v -0.45018470 0.15533300 0.02377043
v -0.45019411 -0.15532917 0.02376279
v 0.45018929 -0.15533916 0.02376409
v 0.40380589 0.25247400 0.02376233
v -0.40380588 0.25247398 0.02376236
v -0.40380590 -0.25247398 0.02376234
v 0.40380589 -0.25247400 0.02376233
v 0.33679329 0.33671353 0.02375876
v -0.33679329 0.33671353 0.02375876
v -0.33679329 -0.33671353 0.02375876
v 0.33679329 -0.33671353 0.02375876
v 0.25294000 0.40360191 0.02368797
v -0.25293995 0.40360188 0.02368803
v -0.25294000 -0.40360191 0.02368797
v 0.25293995 -0.40360188 0.02368803
v 0.15585676 0.45011250 0.02366756
v -0.15585139 0.45009756 0.02368344
v -0.15585676 -0.45011250 0.02366756
v 0.15585139 -0.45009756 0.02368344
v 0.05238767 0.47470233 0.02241569
v -0.05114656 0.47363168 0.02361472
v -0.05238767 -0.47470233 0.02241569
v 0.05114656 -0.47363168 0.02361472
v 0.06047038 0.46503171 0.03105314
v -0.05994982 0.46366498 0.03247546
v -0.06047038 -0.46503171 0.03105314
v 0.05994982 -0.46366498 0.03247546
v 0.16204016 0.43834128 0.03266705
v -0.16203610 0.43833136 0.03267775
v -0.16204016 -0.43834128 0.03266705
v 0.16203610 -0.43833136 0.03267775
v 0.25633620 0.39074147 0.03268089
v -0.25633618 0.39074145 0.03268092
v -0.25633620 -0.39074147 0.03268089
v 0.25633618 -0.39074145 0.03268092
v 0.33708383 0.32346548 0.03282185
v -0.33708383 0.32346548 0.03282185
v -0.33708383 -0.32346548 0.03282185
v 0.33708383 -0.32346548 0.03282185
v 0.40112629 0.23948014 0.03282441
v -0.40112625 0.23948009 0.03282446
v -0.40112633 -0.23948006 0.03282441
v 0.40112629 -0.23948014 0.03282441
v 0.44466176 0.14326779 0.03282794
v -0.44465361 0.14325716 0.03283895
v -0.44467013 -0.14325036 0.03282531
v 0.44466176 -0.14326779 0.03282794
v 0.46491094 0.04141958 0.03324765
v -0.46395844 0.04071454 0.03425854
v -0.46532569 -0.03973989 0.03298045
v 0.46491094 -0.04141958 0.03324765
v 0.46451999 0.06817715 0.03050353
v -0.46426341 0.06789486 0.03079831
v -0.46469736 -0.06764239 0.03040536
v 0.46451999 -0.06817715 0.03050353
v 0.43767165 0.17030284 0.03036234
v -0.43766953 0.17030001 0.03036535
v -0.43767387 -0.17029839 0.03036189
v 0.43767165 -0.17030284 0.03036234
v 0.38823508 0.26426065 0.03036166
v -0.38823508 0.26426065 0.03036167
v -0.38823509 -0.26426064 0.03036166
v 0.38823508 -0.26426065 0.03036166
v 0.31897595 0.34470586 0.03035355
v -0.31897595 0.34470586 0.03035355
v -0.31897595 -0.34470586 0.03035355
v 0.31897595 -0.34470586 0.03035355
v 0.23380507 0.40734796 0.03032226
v -0.23380494 0.40734784 0.03032244
v -0.23380507 -0.40734796 0.03032226
v 0.23380494 -0.40734784 0.03032244
v 0.13636619 0.44949983 0.03027047
v -0.13635799 0.44945936 0.03031157
v -0.13636619 -0.44949983 0.03027047
v 0.13635799 -0.44945936 0.03031157
v 0.03614108 0.46957129 0.02903995
v -0.03232153 0.46850901 0.03037741
v -0.03614108 -0.46957129 0.02903995
v 0.03232153 -0.46850901 0.03037741
v 0.46748669 0.02755006 0.03170221
v 0.46748669 -0.02755006 0.03170221
v 0.02408249 0.47287951 0.02650766
v -0.02408249 -0.47287951 0.02650766
v 0.08909823 0.46262996 0.02886841
v -0.08908071 0.46223959 0.02925505
v -0.08909823 -0.46262996 0.02886841
v 0.08908071 -0.46223959 0.02925505
v 0.19044934 0.43041698 0.02933056
v -0.19044789 0.43041496 0.02933299
v -0.19044934 -0.43041698 0.02933056
v 0.19044789 -0.43041496 0.02933299
v 0.28220096 0.37668196 0.02933379
v -0.28220096 0.37668196 0.02933379
v -0.28220096 -0.37668196 0.02933379
v 0.28220096 -0.37668196 0.02933379
v 0.35944147 0.30377164 0.02938829
v -0.35944147 0.30377164 0.02938829
v -0.35944147 -0.30377164 0.02938829
v 0.35944147 -0.30377164 0.02938829
v 0.41848910 0.21527081 0.02938906
v -0.41848891 0.21527058 0.02938934
v -0.41848929 -0.21527046 0.02938906
v 0.41848910 -0.21527081 0.02938906
v 0.45611718 0.11583266 0.02940454
v -0.45608703 0.11579473 0.02944310
v -0.45614544 -0.11576721 0.02939325
v 0.45611718 -0.11583266 0.02940454
v 0.46367619 0.01563104 0.03606041
v -0.46909565 0.01498844 0.03066496
v -0.46995474 -0.01049421 0.02992811
v 0.46367619 -0.01563104 0.03606041
v 0.46194293 0.09102076 0.02917514
v -0.46185196 0.09091181 0.02928545
v -0.46201820 -0.09082444 0.02913920
v 0.46194293 -0.09102076 0.02917514
v 0.42982543 0.19228519 0.02912477
v -0.42982475 0.19228429 0.02912575
v -0.42982611 -0.19228383 0.02912470
v 0.42982543 -0.19228519 0.02912477
v 0.37565115 0.28391906 0.02912441
v -0.37565115 0.28391906 0.02912441
v -0.37565116 -0.28391906 0.02912441
v 0.37565115 -0.28391906 0.02912441
v 0.30234091 0.36101716 0.02910360
v -0.30234091 0.36101716 0.02910360
v -0.30234091 -0.36101716 0.02910360
v 0.30234091 -0.36101716 0.02910360
v 0.21370746 0.41961379 0.02910021
v -0.21370699 0.41961330 0.02910086
v -0.21370746 -0.41961379 0.02910021
v 0.21370699 -0.41961330 0.02910086
v 0.11406908 0.45703328 0.02894675
v -0.11405939 0.45690679 0.02907181
v -0.11406908 -0.45703328 0.02894675
v 0.11405939 -0.45690679 0.02907181
v -0.00871192 0.47041829 0.02950105
v 0.00871192 -0.47041829 0.02950105
v 0.46987046 0.00791924 0.03006281
v 0.46987046 -0.00791924 0.03006281
v 0.47977754 0.00760070 0.02016226
v 0.47977754 -0.00760070 0.02016226
v 0.48997878 0.00592140 0.00998545
v 0.48997878 -0.00592140 0.00998545
v 0.47634295 0.01798850 0.02331751
v 0.47634295 -0.01798850 0.02331751
v 0.45594816 -0.04940233 0.04138326
v -0.45630091 -0.04849696 0.04112912
v -0.45535451 0.04918085 0.04199729
v 0.45594816 0.04940233 0.04138326
v 0.43383171 -0.14978540 0.04103854
v -0.43383658 -0.14977559 0.04103715
v -0.43382698 0.14977929 0.04104501
v 0.43383171 0.14978540 0.04103854
v 0.38909400 -0.24341982 0.04103666
v -0.38909401 -0.24341979 0.04103666
v -0.38909397 0.24341980 0.04103669
v 0.38909400 0.24341982 0.04103666
v 0.32446366 -0.32461315 0.04103336
v -0.32446366 -0.32461315 0.04103336
v -0.32446366 0.32461315 0.04103336
v 0.32446366 0.32461315 0.04103336
v 0.24421046 -0.38891429 0.04076904
v -0.24421051 -0.38891432 0.04076899
v -0.24421046 0.38891429 0.04076904
v 0.24421051 0.38891432 0.04076899
v 0.15060828 -0.43383651 0.04076480
v -0.15061269 -0.43385054 0.04075010
v -0.15060828 0.43383651 0.04076480
v 0.15061269 0.43385054 0.04075010
v 0.05023901 -0.45689322 0.04035299
v -0.05045945 -0.45948739 0.03775026
v -0.05023901 0.45689322 0.04035299
v 0.05045945 0.45948739 0.03775026
v 0.05786024 -0.45339034 0.04293260
v -0.05756255 -0.45523966 0.04113554
v -0.05786024 0.45339034 0.04293260
v 0.05756255 0.45523966 0.04113554
v 0.15734507 -0.42862580 0.04340659
v -0.15734817 -0.42863402 0.04339780
v -0.15734507 0.42862580 0.04340659
v 0.15734817 0.42863402 0.04339780
v 0.24960909 -0.38232256 0.04340911
v -0.24960911 -0.38232259 0.04340907
v -0.24960909 0.38232256 0.04340911
v 0.24960911 0.38232259 0.04340907
v 0.32830976 -0.31687439 0.04371426
v -0.32830976 -0.31687439 0.04371426
v -0.32830976 0.31687439 0.04371426
v 0.32830976 0.31687439 0.04371426
v 0.39110898 -0.23500761 0.04371631
v -0.39110900 -0.23500755 0.04371631
v -0.39110894 0.23500757 0.04371636
v 0.39110898 0.23500761 0.04371631
v 0.43390495 -0.14113371 0.04371914
v -0.43391151 -0.14112031 0.04371704
v -0.43389844 0.14112550 0.04372786
v 0.43390495 0.14113371 0.04371914
v 0.45382739 -0.04105581 0.04431933
v -0.45439767 -0.04005195 0.04384059
v -0.45296270 0.04111777 0.04517489
v 0.45382739 0.04105581 0.04431933
v 0.48808295 0.02336983 0.01135789
v 0.48808295 -0.02336983 0.01135789
v -0.45418351 0.00726382 0.04575840
v 0.44525711 -0.09468426 0.04478685
v -0.44530389 -0.09457370 0.04476409
v -0.44519991 0.09462770 0.04485456
v 0.44525711 0.09468426 0.04478685
v 0.41267583 -0.19221382 0.04475558
v -0.41267621 -0.19221306 0.04475554
v -0.41267544 0.19221331 0.04475614
v 0.41267583 0.19221382 0.04475558
v 0.35893500 -0.28002403 0.04475524
v -0.35893500 -0.28002403 0.04475524
v -0.35893500 0.28002403 0.04475525
v 0.35893500 0.28002403 0.04475524
v 0.28690890 -0.35348700 0.04473110
v -0.28690890 -0.35348700 0.04473109
v -0.28690890 0.35348700 0.04473110
v 0.28690890 0.35348700 0.04473109
v 0.20028270 -0.40884051 0.04473774
v -0.20028321 -0.40884109 0.04473700
v -0.20028270 0.40884051 0.04473774
v 0.20028321 0.40884109 0.04473700
v 0.10337186 -0.44340681 0.04470301
v -0.10335403 -0.44355554 0.04456221
v -0.10337186 0.44340681 0.04470301
v 0.10335403 0.44355554 0.04456221
v 0.00151409 -0.45505200 0.04494549
v -0.00151409 0.45505200 0.04494549
v -0.00214034 0.48018105 0.01981418
v 0.00214034 -0.48018105 0.01981418
v 0.11032959 0.46792070 0.01924809
v -0.11031106 0.46778511 0.01938431
v -0.11032959 -0.46792070 0.01924809
v 0.11031106 -0.46778511 0.01938431
v 0.21247662 0.43106613 0.01941253
v -0.21247607 0.43106554 0.01941330
v -0.21247662 -0.43106613 0.01941253
v 0.21247607 -0.43106554 0.01941330
v -0.46092234 -0.00245257 0.03907114
v 0.30376086 0.37241059 0.01941670
v -0.30376086 0.37241059 0.01941670
v -0.30376086 -0.37241059 0.01941670
v 0.30376086 -0.37241059 0.01941670
v 0.44934449 -0.10590231 0.03834454
v -0.44938172 -0.10581570 0.03832815
v -0.44930234 0.10585444 0.03839654
v 0.44934449 0.10590231 0.03834454
v 0.37957789 0.29472174 0.01943755
v -0.37957789 0.29472174 0.01943755
v -0.37957789 -0.29472174 0.01943755
v 0.37957789 -0.29472174 0.01943755
v 0.41412709 -0.20407190 0.03832200
v -0.41412736 -0.20407136 0.03832199
v -0.41412681 0.20407152 0.03832240
v 0.41412709 0.20407190 0.03832200
v 0.43606941 0.20194901 0.01943789
v -0.43606901 0.20194848 0.01943849
v -0.43606984 -0.20194819 0.01943785
v 0.43606941 -0.20194901 0.01943789
v 0.35769384 -0.29189415 0.03832146
v -0.35769384 -0.29189415 0.03832146
v -0.35769384 0.29189415 0.03832146
v 0.35769384 0.29189415 0.03832146
v 0.47022540 0.09898766 0.01946854
v -0.47017033 0.09891197 0.01953803
v -0.47027469 -0.09885930 0.01944674
v 0.47022540 -0.09898766 0.01946854
v 0.28310201 -0.36474541 0.03827934
v -0.28310201 -0.36474541 0.03827934
v -0.28310201 0.36474541 0.03827934
v 0.28310201 0.36474541 0.03827934
v -0.47956360 0.00918016 0.02034854
v -0.48060579 -0.01220695 0.01923921
v 0.19401725 -0.41897729 0.03828075
v -0.19401820 -0.41897853 0.03827923
v -0.19401725 0.41897729 0.03828075
v 0.19401820 0.41897853 0.03827923
v 0.46596093 0.11988950 0.01886273
v -0.46593919 0.11986007 0.01889111
v -0.46598205 -0.11983979 0.01885465
v 0.46596093 -0.11988950 0.01886273
v 0.09506099 -0.45188980 0.03821976
v -0.09503385 -0.45216758 0.03795353
v -0.09506099 0.45188980 0.03821976
v 0.09503385 0.45216758 0.03795353
v 0.42716917 0.22142772 0.01885164
v -0.42716905 0.22142755 0.01885184
v -0.42716931 -0.22142746 0.01885164
v 0.42716917 -0.22142772 0.01885164
v 0.01223226 -0.46093864 0.03889909
v -0.00792656 -0.46122585 0.03870604
v -0.01223226 0.46093864 0.03889909
v 0.00792656 0.46122585 0.03870604
v 0.36653181 0.31170310 0.01885096
v -0.36653181 0.31170310 0.01885096
v -0.36653181 -0.31170310 0.01885096
v 0.36653181 -0.31170310 0.01885096
v 0.11519013 -0.44675955 0.03862938
v -0.11519140 -0.44686309 0.03852879
v -0.11519013 0.44675955 0.03862938
v 0.11519140 0.44686309 0.03852879
v 0.28730493 0.38600259 0.01881176
v -0.28730493 0.38600258 0.01881178
v -0.28730493 -0.38600259 0.01881176
v 0.28730493 -0.38600258 0.01881178
v 0.21256018 -0.40946109 0.03865391
v -0.21256055 -0.40946146 0.03865341
v -0.21256018 0.40946109 0.03865391
v 0.21256055 0.40946146 0.03865341
v 0.19333105 0.44064555 0.01880835
v -0.19332978 0.44064380 0.01881047
v -0.19333105 -0.44064555 0.01880835
v 0.19332978 -0.44064380 0.01881047
v 0.29891610 -0.35141713 0.03864890
v -0.29891610 -0.35141713 0.03864890
v -0.29891610 0.35141713 0.03864890
v 0.29891610 0.35141713 0.03864890
v 0.37018034 -0.27530934 0.03866637
v -0.37018034 -0.27530934 0.03866637
v -0.37018034 0.27530934 0.03866637
v 0.37018034 0.27530934 0.03866637
v 0.08963481 0.47313419 0.01845005
v -0.08957186 0.47283455 0.01875616
v -0.08963481 -0.47313419 0.01845005
v 0.08957186 -0.47283455 0.01875616
v 0.42256868 -0.18510565 0.03866673
v -0.42256949 -0.18510409 0.03866661
v -0.42256790 0.18510461 0.03866786
v 0.42256868 0.18510565 0.03866673
v 0.01856806 0.48235669 0.01728606
v -0.01846151 0.47877545 0.02086875
v -0.01856806 -0.48235669 0.01728606
v 0.01846151 -0.47877545 0.02086875
v 0.45325301 -0.08564716 0.03872597
v -0.45333581 -0.08543832 0.03868332
v -0.45314701 0.08554219 0.03884961
v 0.45325301 0.08564716 0.03872597
v 0.12549565 0.46270673 0.02057674
v -0.12548449 0.46263588 0.02064804
v -0.12549565 -0.46270673 0.02057674
v 0.12548449 -0.46263588 0.02064804
v 0.45468391 -0.01836825 0.04494523
v -0.45922701 -0.01660102 0.04047302
v -0.45906658 0.01773904 0.04059082
v 0.45468391 0.01836825 0.04494523
v 0.22613816 0.42263953 0.02066439
v -0.22613789 0.42263926 0.02066475
v -0.22613816 -0.42263953 0.02066439
v 0.22613789 -0.42263926 0.02066475
v 0.44414619 -0.11934691 0.04009835
v -0.44416616 -0.11930306 0.04009044
v -0.44412501 0.11932163 0.04012537
v 0.44414619 0.11934691 0.04009835
v 0.31511371 0.36118643 0.02067518
v -0.31511371 0.36118641 0.02067518
v -0.31511371 -0.36118643 0.02067518
v 0.31511371 -0.36118641 0.02067518
v 0.40600949 -0.21604570 0.04008756
v -0.40600961 -0.21604546 0.04008756
v -0.40600936 0.21604554 0.04008775
v 0.40600949 0.21604570 0.04008756
v 0.38814832 0.28121431 0.02068735
v -0.38814832 0.28121431 0.02068735
v -0.38814832 -0.28121431 0.02068735
v 0.38814832 -0.28121431 0.02068735
v 0.34709189 -0.30174078 0.04008668
v -0.34709189 -0.30174078 0.04008668
v -0.34709189 0.30174078 0.04008668
v 0.34709189 0.30174078 0.04008668
v 0.44138823 0.18686019 0.02068769
v -0.44138731 0.18685896 0.02068900
v -0.44138919 -0.18685828 0.02068755
v 0.44138823 -0.18686019 0.02068769
v 0.27067060 -0.37192773 0.04000782
v -0.27067060 -0.37192773 0.04000781
v -0.27067060 0.37192773 0.04000782
v 0.27067060 0.37192773 0.04000781
v 0.47196786 0.08322205 0.02075104
v -0.47185708 0.08306546 0.02088731
v -0.47205893 -0.08295991 0.02070680
v 0.47196786 -0.08322205 0.02075104
v 0.18024084 -0.42320944 0.04000763
v -0.18024246 -0.42321206 0.04000458
v -0.18024084 0.42320944 0.04000763
v 0.18024246 0.42321206 0.04000458
v 0.47814505 0.03004767 0.02091175
v -0.47699460 0.02515928 0.02234234
v -0.47857159 -0.02565358 0.02074134
v 0.47814505 -0.03004767 0.02091175
v 0.08079271 -0.45296021 0.03989086
v -0.08068466 -0.45349062 0.03938762
v -0.08079271 0.45296021 0.03989086
v 0.08068466 0.45349062 0.03938762
v 0.46081675 0.13250674 0.02051058
v -0.46080395 0.13248949 0.02052764
v -0.46082970 -0.13247793 0.02050609
v 0.46081675 -0.13250674 0.02051058
v 0.02626027 -0.45860941 0.04063936
v -0.02209091 -0.46061455 0.03885601
v -0.02626027 0.45860941 0.04063936
v 0.02209091 0.46061455 0.03885601
v 0.41930690 0.23258905 0.02050449
v -0.41930684 0.23258896 0.02050459
v -0.41930697 -0.23258893 0.02050449
v 0.41930690 -0.23258905 0.02050449
v 0.12814951 -0.44123700 0.04053032
v -0.12815441 -0.44128680 0.04048113
v -0.12814951 0.44123700 0.04053032
v 0.12815441 0.44128680 0.04048113
v 0.35636260 0.32081581 0.02050330
v -0.35636260 0.32081581 0.02050330
v -0.35636260 -0.32081581 0.02050330
v 0.35636260 -0.32081581 0.02050330
v 0.22397647 -0.40116742 0.04054296
v -0.22397665 -0.40116759 0.04054274
v -0.22397647 0.40116742 0.04054296
v 0.22397665 0.40116759 0.04054274
v 0.27542677 0.39257259 0.02044485
v -0.27542676 0.39257258 0.02044486
v -0.27542677 -0.39257259 0.02044485
v 0.27542676 -0.39257258 0.02044486
v 0.30800330 -0.34094464 0.04053370
v -0.30800330 -0.34094464 0.04053370
v -0.30800330 0.34094464 0.04053370
v 0.30800330 0.34094464 0.04053370
v 0.18026138 0.44439240 0.02043899
v -0.18025919 0.44438863 0.02044330
v -0.18026138 -0.44439240 0.02043899
v 0.18025919 -0.44438863 0.02044330
v 0.37670749 -0.26304422 0.04054292
v -0.37670750 -0.26304421 0.04054294
v -0.37670749 0.26304422 0.04054294
v 0.37670749 0.26304422 0.04054292
v 0.07624910 0.47407135 0.01983589
v -0.07606857 0.47356569 0.02036380
v -0.07624910 -0.47407135 0.01983589
v 0.07606857 -0.47356569 0.02036380
v 0.42617426 -0.17168529 0.04054344
v -0.42617583 -0.17168223 0.04054312
v -0.42617275 0.17168330 0.04054557
v 0.42617426 0.17168529 0.04054344
v 0.03472986 0.47935404 0.01938950
v -0.03267562 0.47885232 0.02003411
v -0.03472986 -0.47935404 0.01938950
v 0.03267562 -0.47885232 0.02003411
v 0.45368393 -0.07190440 0.04065335
v -0.45382035 -0.07154877 0.04057411
v -0.45349091 0.07174954 0.04086821
v 0.45368393 0.07190440 0.04065335
v 0.13920249 0.45945566 0.01991996
v -0.13919441 0.45942016 0.01995629
v -0.13920249 -0.45945566 0.01991996
v 0.13919441 -0.45942016 0.01995629
v 0.45629941 -0.02994055 0.04271935
v -0.45749666 -0.02861329 0.04160944
v -0.45447499 0.03008730 0.04453018
v 0.45629941 0.02994055 0.04271935
v 0.23879039 0.41642813 0.01996539
v -0.23879025 0.41642801 0.01996555
v -0.23879039 -0.41642813 0.01996539
v 0.23879025 -0.41642801 0.01996555
v 0.43959387 -0.13067796 0.04139395
v -0.43960556 -0.13065334 0.04138976
v -0.43958201 0.13066327 0.04140950
v 0.43959387 0.13067796 0.04139395
v 0.32598835 0.35233516 0.01999117
v -0.32598835 0.35233516 0.01999117
v -0.32598835 -0.35233516 0.01999117
v 0.32598835 -0.35233516 0.01999117
v 0.39901253 -0.22608341 0.04138829
v -0.39901259 -0.22608330 0.04138829
v -0.39901246 0.22608334 0.04138837
v 0.39901253 0.22608341 0.04138829
v 0.39677156 0.27013731 0.01999807
v -0.39677156 0.27013730 0.01999809
v -0.39677158 -0.27013730 0.01999809
v 0.39677156 -0.27013731 0.01999807
v 0.33801796 -0.30995134 0.04138690
v -0.33801796 -0.30995134 0.04138690
v -0.33801796 0.30995134 0.04138690
v 0.33801796 0.30995134 0.04138690
v 0.44730208 0.17413261 0.01999864
v -0.44730038 0.17413030 0.02000106
v -0.44730389 -0.17412894 0.01999828
v 0.44730208 -0.17413261 0.01999864
v 0.26018061 -0.37784279 0.04124176
v -0.26018063 -0.37784280 0.04124175
v -0.26018061 0.37784279 0.04124176
v 0.26018063 0.37784280 0.04124175
v 0.47480336 0.06970335 0.02010753
v -0.47461505 0.06940463 0.02033715
v -0.47494726 -0.06923274 0.02003326
v 0.47480336 -0.06970335 0.02010753
v 0.16866766 -0.42662819 0.04124039
v -0.16867001 -0.42663307 0.04123498
v -0.16866766 0.42662819 0.04124039
v 0.16867001 0.42663307 0.04123498
v 0.47693481 0.04061674 0.02133880
v -0.47628112 0.03876674 0.02214377
v -0.47729638 -0.03848385 0.02115467
v 0.47693481 -0.04061674 0.02133880
v 0.06893241 -0.45377339 0.04102074
v -0.06865088 -0.45471735 0.04012957
v -0.06893241 0.45377339 0.04102074
v 0.06865088 0.45471735 0.04012957
v 0.45660013 0.14471090 0.02101679
v -0.45659275 0.14470085 0.02102685
v -0.45660790 -0.14469440 0.02101436
v 0.45660013 -0.14471090 0.02101679
v 0.03947735 -0.45442567 0.04386279
v -0.03818246 -0.45847586 0.03993694
v -0.03947735 0.45442567 0.04386279
v 0.03818246 0.45847586 0.03993694
v 0.41244793 0.24354622 0.02101351
v -0.41244789 0.24354619 0.02101356
v -0.41244796 -0.24354616 0.02101351
v 0.41244793 -0.24354622 0.02101351
v 0.13957705 -0.43416820 0.04394761
v -0.13958154 -0.43419123 0.04392432
v -0.13957705 0.43416820 0.04394761
v 0.13958154 0.43419123 0.04392432
v 0.34721953 0.32995239 0.02101150
v -0.34721953 0.32995239 0.02101150
v -0.34721953 -0.32995239 0.02101150
v 0.34721953 -0.32995239 0.02101150
v 0.23354183 -0.39170934 0.04395396
v -0.23354190 -0.39170940 0.04395386
v -0.23354183 0.39170934 0.04395396
v 0.23354190 0.39170940 0.04395386
v 0.26454326 0.39939290 0.02094069
v -0.26454324 0.39939289 0.02094071
v -0.26454326 -0.39939290 0.02094069
v 0.26454324 -0.39939289 0.02094071
v 0.31481162 -0.32992021 0.04398058
v -0.31481162 -0.32992021 0.04398058
v -0.31481162 0.32992021 0.04398058
v 0.31481162 0.32992021 0.04398058
v 0.16811465 0.44860416 0.02092982
v -0.16811129 0.44859653 0.02093815
v -0.16811465 -0.44860416 0.02092982
v 0.16811129 -0.44859653 0.02093815
v 0.38088061 -0.25075743 0.04398539
v -0.38088063 -0.25075741 0.04398539
v -0.38088060 0.25075741 0.04398540
v 0.38088061 0.25075743 0.04398539
v 0.06386138 0.47568309 0.02004930
v -0.06335929 0.47494376 0.02084869
v -0.06386138 -0.47568309 0.02004930
v 0.06335929 -0.47494376 0.02084869
v 0.42748156 -0.15877026 0.04398631
v -0.42748421 -0.15876504 0.04398565
v -0.42747900 0.15876694 0.04398988
v 0.42748156 0.15877026 0.04398631
v 0.04527215 0.48049746 0.01737449
v -0.04392340 0.47986485 0.01812912
v -0.04527215 -0.48049746 0.01737449
v 0.04392340 -0.47986485 0.01812912
v 0.45196098 -0.05919025 0.04417964
v -0.45217356 -0.05866594 0.04403660
v -0.45163719 0.05904183 0.04451994
v 0.45196098 0.05919025 0.04417964
v 0.15033820 0.45784174 0.01810725
v -0.15033232 0.45782215 0.01812769
v -0.15033820 -0.45784174 0.01810725
v 0.15033232 -0.45782215 0.01812769
v 0.24928797 0.41237260 0.01813315
v -0.24928791 0.41237255 0.01813324
v -0.24928797 -0.41237260 0.01813315
v 0.24928791 -0.41237255 0.01813324
v 0.33529420 0.34602761 0.01817295
v -0.33529420 0.34602761 0.01817295
v -0.33529420 -0.34602761 0.01817295
v 0.33529420 -0.34602761 0.01817295
v 0.40442823 0.26189894 0.01817716
v -0.40442821 0.26189893 0.01817719
v -0.40442824 -0.26189893 0.01817718
v 0.40442823 -0.26189894 0.01817716
v 0.45291041 0.16439120 0.01817814
v -0.45290775 0.16438753 0.01818190
v -0.45291330 -0.16438530 0.01817744
v 0.45291041 -0.16439120 0.01817814
v 0.47800930 0.05922710 0.01833545
v -0.47774495 0.05870203 0.01866211
v -0.47820574 -0.05848675 0.01823095
v 0.47800930 -0.05922710 0.01833545
v 0.00859274 0.48422135 0.01570241
v -0.00859274 -0.48422135 0.01570241
v 0.10083744 0.47389075 0.01549961
v -0.10080451 0.47371588 0.01567750
v -0.10083744 -0.47389075 0.01549961
v 0.10080451 -0.47371588 0.01567750
v 0.20452186 0.43898423 0.01571048
v -0.20452111 0.43898333 0.01571161
v -0.20452186 -0.43898423 0.01571048
v 0.20452111 -0.43898333 0.01571161
v 0.29781989 0.38188583 0.01571344
v -0.29781989 0.38188583 0.01571344
v -0.29781989 -0.38188583 0.01571344
v 0.29781989 -0.38188583 0.01571344
v 0.37589695 0.30530495 0.01573806
v -0.37589695 0.30530495 0.01573806
v -0.37589695 -0.30530495 0.01573806
v 0.37589695 -0.30530495 0.01573806
v 0.43485561 0.21309581 0.01573846
v -0.43485541 0.21309554 0.01573878
v -0.43485583 -0.21309540 0.01573846
v 0.43485561 -0.21309581 0.01573846
v 0.47156918 0.11007248 0.01575477
v -0.47153902 0.11003033 0.01579371
v -0.47159775 -0.11000154 0.01574306
v 0.47156918 -0.11007248 0.01575477
v -0.48374203 -0.00135915 0.01625606
v 0.05510742 0.48548278 0.01139960
v -0.05452279 0.48507404 0.01187137
v -0.05510742 -0.48548278 0.01139960
v 0.05452279 -0.48507404 0.01187137
v 0.16189204 0.46048416 0.01188660
v -0.16188899 0.46047561 0.01189568
v -0.16189204 -0.46048416 0.01188660
v 0.16188899 -0.46047561 0.01189568
v 0.26113966 0.41237050 0.01189821
v -0.26113964 0.41237049 0.01189825
v -0.26113966 -0.41237050 0.01189821
v 0.26113964 -0.41237049 0.01189825
v 0.34691289 0.34331129 0.01193116
v -0.34691289 0.34331129 0.01193116
v -0.34691289 -0.34331129 0.01193116
v 0.34691289 -0.34331129 0.01193116
v 0.41513830 0.25665048 0.01193313
v -0.41513829 0.25665046 0.01193315
v -0.41513831 -0.25665045 0.01193313
v 0.41513830 -0.25665048 0.01193313
v 0.46216323 0.15688596 0.01193439
v -0.46216025 0.15688176 0.01193855
v -0.46216651 -0.15687914 0.01193346
v 0.46216323 -0.15688596 0.01193439
v 0.48532262 0.05000654 0.01210789
v -0.48509540 0.04922794 0.01241315
v -0.48553095 -0.04910919 0.01199179
v 0.48532262 -0.05000654 0.01210789
v 0.44622413 -0.01059575 0.05365010
v 0.44622413 0.01059575 0.05365010
v 0.45472020 -0.00846229 0.04520106
v 0.45472020 0.00846229 0.04520106
v 0.46161955 -0.00638540 0.03833629
v 0.46161955 0.00638540 0.03833629
v 0.48683949 0.01381222 0.01296463
v 0.48683949 -0.01381222 0.01296463
v 0.44586661 -0.04885846 0.05146440
v -0.44613816 -0.04837950 0.05124636
v -0.44549674 0.04894998 0.05182209
v 0.44586661 0.04885846 0.05146440
v 0.42391223 -0.14740434 0.05119089
v -0.42391522 -0.14739846 0.05118999
v -0.42390931 0.14740064 0.05119485
v 0.42391223 0.14740434 0.05119089
v 0.37994885 -0.23889240 0.05118968
v -0.37994886 -0.23889238 0.05118968
v -0.37994884 0.23889239 0.05118970
v 0.37994885 0.23889240 0.05118968
v 0.31655101 -0.31816341 0.05118768
v -0.31655101 -0.31816341 0.05118768
v -0.31655101 0.31816341 0.05118768
v 0.31655101 0.31816341 0.05118768
v 0.23888342 -0.38085479 0.05042725
v -0.23888345 -0.38085481 0.05042721
v -0.23888342 0.38085479 0.05042725
v 0.23888345 0.38085481 0.05042721
v 0.14720124 -0.42479395 0.05042454
v -0.14720379 -0.42480335 0.05041481
v -0.14720124 0.42479395 0.05042454
v 0.14720379 0.42480335 0.05041481
v 0.04972694 -0.44802613 0.04922270
v -0.04947833 -0.45144583 0.04585086
v -0.04972694 0.44802613 0.04922270
v 0.04947833 0.45144583 0.04585086
v 0.44580118 -0.03558335 0.05278097
v -0.44640288 -0.03489820 0.05223510
v -0.44523494 0.03657941 0.05326496
v 0.44580118 0.03558335 0.05278097
v 0.42724102 -0.13432743 0.05213981
v -0.42724620 -0.13431699 0.05213800
v -0.42723585 0.13432106 0.05214666
v 0.42724102 0.13432743 0.05213981
v 0.38613368 -0.22689583 0.05213736
v -0.38613371 -0.22689578 0.05213738
v -0.38613365 0.22689580 0.05213741
v 0.38613368 0.22689583 0.05213736
v 0.32526949 -0.30786620 0.05213636
v -0.32526949 -0.30786620 0.05213636
v -0.32526949 0.30786620 0.05213636
v 0.32526949 0.30786620 0.05213636
v 0.24833925 -0.37296383 0.05192144
v -0.24833926 -0.37296384 0.05192143
v -0.24833925 0.37296383 0.05192144
v 0.24833926 0.37296384 0.05192143
v 0.15818735 -0.41922806 0.05192031
v -0.15818890 -0.41923214 0.05191596
v -0.15818735 0.41922806 0.05192031
v 0.15818890 0.41923214 0.05191596
v 0.06046889 -0.44431983 0.05158435
v -0.05879921 -0.44527824 0.05085631
v -0.06046889 0.44431983 0.05158435
v 0.05879921 0.44527824 0.05085631
v 0.44623471 -0.02281139 0.05318261
v 0.44623471 0.02281139 0.05318261
v 0.00068841 -0.44574608 0.05425340
v -0.00068841 0.44574608 0.05425340
v 0.10066817 -0.43429758 0.05418786
v -0.10065115 -0.43438104 0.05411040
v -0.10066817 0.43429758 0.05418786
v 0.10065115 0.43438104 0.05411040
v 0.19565381 -0.40056263 0.05420764
v -0.19565409 -0.40056295 0.05420722
v -0.19565381 0.40056263 0.05420764
v 0.19565409 0.40056295 0.05420722
v 0.28060506 -0.34640632 0.05420122
v -0.28060506 -0.34640632 0.05420122
v -0.28060506 0.34640632 0.05420122
v 0.28060506 0.34640632 0.05420122
v 0.35124230 -0.27450551 0.05421482
v -0.35124230 -0.27450550 0.05421482
v -0.35124230 0.27450551 0.05421482
v 0.35124230 0.27450551 0.05421482
v 0.40394859 -0.18854655 0.05421500
v -0.40394880 -0.18854615 0.05421498
v -0.40394838 0.18854628 0.05421531
v 0.40394859 0.18854655 0.05421500
v 0.43595933 -0.09299766 0.05423201
v -0.43598404 -0.09294130 0.05421959
v -0.43592868 0.09296989 0.05426779
v 0.43595933 0.09299766 0.05423201
v -0.44899821 -0.00577479 0.05096465
v -0.44521036 0.00694510 0.05473546
v 0.43664235 -0.10644214 0.05057095
v -0.43666248 -0.10639767 0.05056193
v -0.43661953 0.10641794 0.05059886
v 0.43664235 0.10644214 0.05057095
v 0.40158769 -0.20180416 0.05055857
v -0.40158784 -0.20180387 0.05055857
v -0.40158754 0.20180396 0.05055880
v 0.40158769 0.20180416 0.05055857
v 0.34596758 -0.28688736 0.05055821
v -0.34596758 -0.28688736 0.05055821
v -0.34596758 0.28688736 0.05055821
v 0.34596758 0.28688736 0.05055821
v 0.27274951 -0.35726199 0.05052429
v -0.27274951 -0.35726199 0.05052428
v -0.27274951 0.35726199 0.05052429
v 0.27274951 0.35726199 0.05052428
v 0.18554460 -0.40938955 0.05052630
v -0.18554524 -0.40939051 0.05052518
v -0.18554460 0.40938955 0.05052630
v 0.18554524 0.40939051 0.05052518
v 0.08890127 -0.44064549 0.05047595
v -0.08883023 -0.44085945 0.05028024
v -0.08890127 0.44064549 0.05047595
v 0.08883023 0.44085945 0.05028024
v -0.01236003 0.48985681 0.00998728
v 0.01236003 -0.48985681 0.00998728
v 0.01407537 -0.44890016 0.05087922
v -0.01210606 -0.44942289 0.05041409
v -0.01407537 0.44890016 0.05087922
v 0.01210606 0.44942289 0.05041409
v 0.12213400 0.47474881 0.00979275
v -0.12212478 0.47469681 0.00984541
v -0.12213400 -0.47474881 0.00979275
v 0.12212478 -0.47469681 0.00984541
v 0.11432819 -0.43445147 0.05075729
v -0.11432532 -0.43450991 0.05070150
v -0.11432819 0.43445147 0.05075729
v 0.11432532 0.43450991 0.05070150
v 0.20900323 -0.39764824 0.05077125
v -0.20900343 -0.39764846 0.05077096
v -0.20900323 0.39764824 0.05077125
v 0.20900343 0.39764846 0.05077096
v 0.22556379 0.43515694 0.00985657
v -0.22556357 0.43515672 0.00985686
v -0.22556379 -0.43515694 0.00985657
v 0.22556357 -0.43515672 0.00985686
v 0.29285486 -0.34068105 0.05074780
v -0.29285486 -0.34068105 0.05074780
v -0.29285486 0.34068105 0.05074780
v 0.29285486 0.34068105 0.05074780
v 0.31744434 0.37345046 0.00986109
v -0.31744434 0.37345046 0.00986109
v -0.31744434 -0.37345046 0.00986109
v 0.31744434 -0.37345046 0.00986109
v 0.36189785 -0.26617409 0.05075764
v -0.36189785 -0.26617409 0.05075764
v -0.36189785 0.26617409 0.05075764
v 0.36189785 0.26617409 0.05075764
v 0.39316827 0.29265459 0.00986940
v -0.39316827 0.29265459 0.00986940
v -0.39316827 -0.29265459 0.00986940
v 0.39316827 -0.29265459 0.00986940
v 0.41245599 -0.17804085 0.05075789
v -0.41245656 -0.17803976 0.05075779
v -0.41245544 0.17804011 0.05075867
v 0.41245599 0.17804085 0.05075789
v 0.44883998 0.19690228 0.00986959
v -0.44883961 0.19690178 0.00987011
v -0.44884036 -0.19690150 0.00986954
v 0.44883998 -0.19690228 0.00986959
v 0.44184865 -0.08093284 0.05080031
v -0.44190434 -0.08080031 0.05076940
v -0.44177466 0.08087424 0.05088365
v 0.44184865 0.08093284 0.05080031
v -0.44777485 -0.02140777 0.05171370
v -0.44764201 0.01902424 0.05195393
v 0.48154391 0.09120506 0.00989501
v -0.48150040 0.09113666 0.00995049
v -0.48158289 -0.09109470 0.00987724
v 0.48154391 -0.09120506 0.00989501
v 0.43170068 -0.12147601 0.05153385
v -0.43171031 -0.12145585 0.05153003
v -0.43169059 0.12146425 0.05154674
v 0.43170068 0.12147601 0.05153385
v -0.48906301 0.01939000 0.01055276
v -0.48962161 -0.02023444 0.00996045
v 0.39337528 -0.21536588 0.05152864
v -0.39337534 -0.21536576 0.05152864
v -0.39337521 0.21536579 0.05152873
v 0.39337528 0.21536588 0.05152864
v 0.47273099 0.12968250 0.00980399
v -0.47272217 0.12967002 0.00981578
v -0.47274008 -0.12966166 0.00980074
v 0.47273099 -0.12968250 0.00980399
v 0.33491679 -0.29825805 0.05152802
v -0.33491679 -0.29825805 0.05152802
v -0.33491679 0.29825805 0.05152802
v 0.33491679 0.29825805 0.05152802
v 0.43155666 0.23249808 0.00979952
v -0.43155661 0.23249800 0.00979961
v -0.43155671 -0.23249796 0.00979952
v 0.43155666 -0.23249808 0.00979952
v 0.25954908 -0.36583068 0.05144921
v -0.25954909 -0.36583068 0.05144921
v -0.25954908 0.36583068 0.05144921
v 0.25954909 0.36583068 0.05144921
v 0.36833436 0.32346068 0.00979901
v -0.36833436 0.32346068 0.00979901
v -0.36833436 -0.32346068 0.00979901
v 0.36833436 -0.32346068 0.00979901
v 0.17072469 -0.41479030 0.05144910
v -0.17072572 -0.41479238 0.05144677
v -0.17072469 0.41479030 0.05144910
v 0.17072572 0.41479238 0.05144677
v 0.28639245 0.39786950 0.00977477
v -0.28639245 0.39786950 0.00977477
v -0.28639245 -0.39786950 0.00977477
v 0.28639245 -0.39786950 0.00977477
v 0.07336220 -0.44263300 0.05132865
v -0.07301430 -0.44308209 0.05094229
v -0.07336220 0.44263300 0.05132865
v 0.07301430 0.44308209 0.05094229
v 0.18976700 0.45200873 0.00977209
v -0.18976603 0.45200714 0.00977393
v -0.18976700 -0.45200873 0.00977209
v 0.18976603 -0.45200714 0.00977393
v 0.08360341 0.48329606 0.00952614
v -0.08352077 0.48309166 0.00974162
v -0.08360341 -0.48329606 0.00952614
v 0.08352077 -0.48309166 0.00974162
v 0.02733441 0.48869214 0.01054400
v -0.02674294 0.48911533 0.01015411
v -0.02733441 -0.48869214 0.01054400
v 0.02674294 -0.48911533 0.01015411
v 0.02953856 -0.44661038 0.05241386
v -0.02849411 -0.44797897 0.05111574
v -0.02953856 0.44661038 0.05241386
v 0.02849411 0.44797897 0.05111574
v 0.13585159 0.47074176 0.01004749
v -0.13584586 0.47071298 0.01007674
v -0.13585159 -0.47074176 0.01004749
v 0.13584586 -0.47071298 0.01007674
v 0.12856771 -0.42889528 0.05224916
v -0.12856952 -0.42891911 0.05222581
v -0.12856771 0.42889528 0.05224916
v 0.12856952 0.42891911 0.05222581
v 0.22164879 -0.38903370 0.05225520
v -0.22164888 -0.38903379 0.05225509
v -0.22164879 0.38903370 0.05225520
v 0.22164888 0.38903379 0.05225509
v 0.23805120 0.42819365 0.01008350
v -0.23805109 0.42819355 0.01008364
v -0.23805120 -0.42819365 0.01008350
v 0.23805109 -0.42819355 0.01008364
v 0.30303568 -0.32979898 0.05211833
v -0.30303568 -0.32979898 0.05211833
v -0.30303568 0.32979898 0.05211833
v 0.30303568 0.32979898 0.05211833
v 0.32802020 0.36388359 0.01009336
v -0.32802020 0.36388359 0.01009336
v -0.32802020 -0.36388359 0.01009336
v 0.32802020 -0.36388359 0.01009336
v 0.36938875 -0.25327052 0.05212279
v -0.36938875 -0.25327051 0.05212279
v -0.36938874 0.25327051 0.05212279
v 0.36938875 0.25327052 0.05212279
v 0.40133615 0.28094989 0.01009844
v -0.40133615 0.28094988 0.01009844
v -0.40133615 -0.28094988 0.01009844
v 0.40133615 -0.28094989 0.01009844
v 0.04120989 0.48848017 0.00978460
v -0.04043996 0.48829683 0.01003145
v -0.04120989 -0.48848017 0.00978460
v 0.04043996 -0.48829683 0.01003145
v 0.41685618 -0.16378217 0.05212315
v -0.41685724 -0.16378013 0.05212291
v -0.41685514 0.16378084 0.05212460
v 0.41685618 0.16378217 0.05212315
v 0.45417101 0.18366269 0.01009869
v -0.45417031 0.18366170 0.01009971
v -0.45417180 -0.18366113 0.01009855
v 0.45417101 -0.18366269 0.01009869
v 0.14894699 0.46682023 0.00999355
v -0.14894306 0.46680484 0.01000940
v -0.14894699 -0.46682023 0.00999355
v 0.14894306 -0.46680484 0.01000940
v 0.44288651 -0.06613091 0.05220344
v -0.44297889 -0.06591592 0.05214378
v -0.44275334 0.06606534 0.05234484
v 0.44288651 0.06613091 0.05220344
v 0.48373283 0.07720406 0.01014501
v -0.48365675 0.07706610 0.01024186
v -0.48379804 -0.07699644 0.01011329
v 0.48373283 -0.07720406 0.01014501
v 0.24994189 0.42144506 0.01001338
v -0.24994184 0.42144501 0.01001345
v -0.24994189 -0.42144506 0.01001338
v 0.24994184 -0.42144501 0.01001345
v 0.33806991 0.35465184 0.01003144
v -0.33806991 0.35465184 0.01003144
v -0.33806991 -0.35465184 0.01003144
v 0.33806991 -0.35465184 0.01003144
v 0.40906220 0.26969304 0.01003446
v -0.40906220 0.26969304 0.01003448
v -0.40906221 -0.26969304 0.01003448
v 0.40906220 -0.26969304 0.01003446
v 0.45917141 0.17096006 0.01003498
v -0.45917009 0.17095818 0.01003688
v -0.45917291 -0.17095705 0.01003461
v 0.45917141 -0.17096006 0.01003498
v 0.48570039 0.06388649 0.01011598
v -0.48557780 0.06359305 0.01027571
v -0.48580639 -0.06349676 0.01006155
v 0.48570039 -0.06388649 0.01011598
v -0.48758266 0.03387524 0.01124200
v -0.48817369 -0.03403406 0.01064137
v 0.46816355 0.14279283 0.01054429
v -0.46815831 0.14278538 0.01055148
v -0.46816923 -0.14278054 0.01054244
v 0.46816355 -0.14279283 0.01054429
v 0.42415544 0.24425707 0.01054178
v -0.42415541 0.24425704 0.01054181
v -0.42415546 -0.24425702 0.01054178
v 0.42415544 -0.24425707 0.01054178
v 0.35848184 0.33325824 0.01054082
v -0.35848184 0.33325824 0.01054082
v -0.35848184 -0.33325824 0.01054082
v 0.35848184 -0.33325824 0.01054082
v 0.27463005 0.40519012 0.01050975
v -0.27463004 0.40519011 0.01050976
v -0.27463005 -0.40519012 0.01050975
v 0.27463004 -0.40519011 0.01050976
v 0.48773436 0.03581097 0.01095272
v 0.48773436 -0.03581097 0.01095272
v 0.17665395 0.45650755 0.01050459
v -0.17665231 0.45650398 0.01050851
v -0.17665395 -0.45650755 0.01050459
v 0.17665231 -0.45650398 0.01050851
v 0.06999569 0.48483830 0.01013515
v -0.06976779 0.48453193 0.01047091
v -0.06999569 -0.48483830 0.01013515
v 0.06976779 -0.48453193 0.01047091
v 0.00136494 0.49094684 0.00905126
v -0.00136494 -0.49094684 0.00905126
v 0.10908754 0.47885324 0.00887831
v -0.10907159 0.47877233 0.00896075
v -0.10908754 -0.47885324 0.00887831
v 0.10907159 -0.47877233 0.00896075
v 0.21374461 0.44206036 0.00897645
v -0.21374426 0.44205996 0.00897696
v -0.21374461 -0.44206036 0.00897645
v 0.21374426 -0.44205996 0.00897696
v 0.30750125 0.38281183 0.00897870
v -0.30750125 0.38281183 0.00897870
v -0.30750125 -0.38281183 0.00897870
v 0.30750125 -0.38281183 0.00897870
v 0.38556835 0.30401880 0.00899045
v -0.38556835 0.30401880 0.00899045
v -0.38556835 -0.30401880 0.00899045
v 0.38556835 -0.30401880 0.00899045
v 0.44398500 0.20968429 0.00899065
v -0.44398483 0.20968405 0.00899091
v -0.44398520 -0.20968391 0.00899064
v 0.44398500 -0.20968429 0.00899065
v 0.47970318 0.10469965 0.00900391
v -0.47967971 0.10466486 0.00903426
v -0.47972541 -0.10464195 0.00899450
v 0.47970318 -0.10469965 0.00900391
v -0.49058379 0.00571556 0.00938293
v -0.49080961 -0.00704844 0.00913977
v 0.47692411 0.11712574 0.00890424
v -0.47691025 0.11710570 0.00892248
v -0.47693791 -0.11709226 0.00889882
v 0.47692411 -0.11712574 0.00890424
v 0.43847146 0.22119044 0.00889671
v -0.43847138 0.22119031 0.00889685
v -0.43847158 -0.22119024 0.00889671
v 0.43847146 -0.22119044 0.00889671
v 0.37761237 0.31399303 0.00889641
v -0.37761237 0.31399303 0.00889641
v -0.37761237 -0.31399303 0.00889641
v 0.37761237 -0.31399303 0.00889641
v 0.29752844 0.39073764 0.00887978
v -0.29752844 0.39073764 0.00887978
v -0.29752844 -0.39073764 0.00887978
v 0.29752844 -0.39073764 0.00887978
v 0.20223059 0.44755303 0.00887790
v -0.20223002 0.44755225 0.00887882
v -0.20223059 -0.44755303 0.00887790
v 0.20223002 -0.44755225 0.00887882
v 0.09667045 0.48166926 0.00872569
v -0.09663725 0.48154300 0.00885601
v -0.09667045 -0.48166926 0.00872569
v 0.09663725 -0.48154300 0.00885601
v 0.01403762 0.49103544 0.00876396
v -0.01403762 -0.49103544 0.00876396
v 0.44367916 -0.05768286 0.05258686
v -0.44382421 -0.05738213 0.05248169
v -0.44347162 0.05765150 0.05279671
v 0.44367916 0.05768286 0.05258686
v 0.41960874 -0.15565806 0.05245009
v -0.41961043 -0.15565481 0.05244964
v -0.41960711 0.15565597 0.05245234
v 0.41960874 0.15565806 0.05245009
v 0.37389715 -0.24597236 0.05244946
v -0.37389716 -0.24597235 0.05244946
v -0.37389715 0.24597235 0.05244947
v 0.37389715 0.24597236 0.05244946
v 0.30906358 -0.32370312 0.05244665
v -0.30906358 -0.32370312 0.05244665
v -0.30906358 0.32370312 0.05244665
v 0.30906358 0.32370312 0.05244665
v 0.22971990 -0.38314974 0.05326188
v -0.22971994 -0.38314977 0.05326183
v -0.22971990 0.38314974 0.05326188
v 0.22971994 0.38314977 0.05326183
v 0.13774816 -0.42497455 0.05325855
v -0.13775028 -0.42498683 0.05324622
v -0.13774816 0.42497455 0.05325855
v 0.13775028 0.42498683 0.05324622
v 0.04074854 -0.44403433 0.05409986
v -0.04185279 -0.44556635 0.05247231
v -0.04074854 0.44403433 0.05409986
v 0.04185279 0.44556635 0.05247231
v -0.44602753 0.02850953 0.05306226
v 0.46845756 0.07507505 0.02556481
v -0.46828080 0.07484695 0.02577540
v -0.46859141 -0.07467717 0.02549542
v 0.46845756 -0.07507505 0.02556481
v 0.43987715 0.17802135 0.02546496
v -0.43987566 0.17801935 0.02546707
v -0.43987871 -0.17801822 0.02546467
v 0.43987715 -0.17802135 0.02546496
v 0.38865570 0.27226956 0.02546448
v -0.38865570 0.27226956 0.02546448
v -0.38865570 -0.27226956 0.02546448
v 0.38865570 -0.27226956 0.02546448
v 0.31760151 0.35259437 0.02545441
v -0.31760151 0.35259437 0.02545441
v -0.31760151 -0.35259437 0.02545441
v 0.31760151 -0.35259437 0.02545441
v 0.23058149 0.41478166 0.02543531
v -0.23058129 0.41478148 0.02543556
v -0.23058149 -0.41478166 0.02543531
v 0.23058129 -0.41478148 0.02543556
v 0.13157204 0.45603216 0.02536695
v -0.13156264 0.45597769 0.02542190
v -0.13157204 -0.45603216 0.02536695
v 0.13156264 -0.45597769 0.02542190
v 0.02617951 0.48085606 0.01843181
v -0.02603424 0.47371821 0.02556695
v -0.02617951 -0.48085606 0.01843181
v 0.02603424 -0.47371821 0.02556695
v 0.08254319 0.46830470 0.02447643
v -0.08246005 0.46782770 0.02496061
v -0.08254319 -0.46830470 0.02447643
v 0.08246005 -0.46782770 0.02496061
v 0.18521331 0.43735558 0.02504330
v -0.18521145 0.43735265 0.02504671
v -0.18521331 -0.43735558 0.02504330
v 0.18521145 -0.43735265 0.02504671
v 0.27866705 0.38460900 0.02504799
v -0.27866704 0.38460900 0.02504800
v -0.27866705 -0.38460900 0.02504799
v 0.27866704 -0.38460900 0.02504800
v 0.35774334 0.31231579 0.02510901
v -0.35774334 0.31231579 0.02510901
v -0.35774334 -0.31231579 0.02510901
v 0.35774334 -0.31231579 0.02510901
v 0.41874865 0.22398676 0.02511001
v -0.41874854 0.22398661 0.02511019
v -0.41874876 -0.22398654 0.02511001
v 0.41874865 -0.22398676 0.02511001
v 0.45833551 0.12425574 0.02512009
v -0.45831539 0.12422932 0.02514642
v -0.45835526 -0.12421106 0.02511271
v 0.45833551 -0.12425574 0.02512009
v 0.04306005 0.47426504 0.02378419
v -0.04086339 0.47315522 0.02508350
v -0.04306005 -0.47426504 0.02378419
v 0.04086339 -0.47315522 0.02508350
v -0.47417574 -0.01817834 0.02547595
v 0.14574395 0.45202430 0.02506077
v -0.14573701 0.45199784 0.02508809
v -0.14574395 -0.45202430 0.02506077
v 0.14573701 -0.45199784 0.02508809
v 0.07484350 0.45715784 0.03675618
v -0.07495061 0.45642738 0.03745967
v -0.07484350 -0.45715784 0.03675618
v 0.07495061 -0.45642738 0.03745967
v 0.24351061 0.40772175 0.02509532
v -0.24351052 0.40772167 0.02509544
v -0.24351061 -0.40772175 0.02509532
v 0.24351052 -0.40772167 0.02509544
v 0.17523483 0.42789692 0.03761161
v -0.17523267 0.42789302 0.03761604
v -0.17523483 -0.42789692 0.03761161
v 0.17523267 -0.42789302 0.03761604
v 0.32852925 0.34286194 0.02514658
v -0.32852925 0.34286194 0.02514658
v -0.32852925 -0.34286194 0.02514658
v 0.32852925 -0.34286194 0.02514658
v 0.26684694 0.37761186 0.03761704
v -0.26684693 0.37761185 0.03761705
v -0.26684694 -0.37761186 0.03761704
v 0.26684693 -0.37761185 0.03761705
v 0.39713033 0.26032288 0.02515214
v -0.39713031 0.26032286 0.02515215
v -0.39713034 -0.26032286 0.02515214
v 0.39713033 -0.26032288 0.02515214
v 0.34455911 0.30818768 0.03772235
v -0.34455910 0.30818768 0.03772235
v -0.34455911 -0.30818768 0.03772235
v 0.34455911 -0.30818768 0.03772235
v 0.44545000 0.16448035 0.02515320
v -0.44544703 0.16447632 0.02515738
v -0.44545318 -0.16447394 0.02515244
v 0.44545000 -0.16448035 0.02515320
v 0.40498676 0.22290183 0.03772356
v -0.40498667 0.22290170 0.03772370
v -0.40498686 -0.22290165 0.03772356
v 0.40498676 -0.22290183 0.03772356
v 0.47073249 0.06099465 0.02533231
v -0.47040639 0.06053320 0.02571481
v -0.47095159 -0.06023464 0.02521204
v 0.47073249 -0.06099465 0.02533231
v 0.44469346 0.12625291 0.03773160
v -0.44467706 0.12623268 0.03775290
v -0.44470938 -0.12621851 0.03772569
v 0.44469346 -0.12625291 0.03773160
v -0.46139221 -0.02318050 0.03802586
v 0.03014558 0.46543965 0.03358514
v -0.03556938 0.46159618 0.03703541
v -0.03014558 -0.46543965 0.03358514
v 0.03556938 -0.46159618 0.03703541
v 0.13775216 0.44202938 0.03700364
v -0.13774600 0.44199558 0.03703774
v -0.13775216 -0.44202938 0.03700364
v 0.13774600 -0.44199558 0.03703774
v 0.23349720 0.39975596 0.03704668
v -0.23349709 0.39975586 0.03704682
v -0.23349720 -0.39975596 0.03704668
v 0.23349709 -0.39975586 0.03704682
v 0.31682650 0.33751281 0.03708108
v -0.31682650 0.33751281 0.03708108
v -0.31682650 -0.33751281 0.03708108
v 0.31682650 -0.33751281 0.03708108
v 0.38453651 0.25771948 0.03708785
v -0.38453650 0.25771946 0.03708786
v -0.38453651 -0.25771946 0.03708785
v 0.38453651 -0.25771948 0.03708785
v -0.46269866 0.00807015 0.03723096
v 0.43260300 0.16474678 0.03708872
v -0.43260050 0.16474346 0.03709224
v -0.43260563 -0.16474159 0.03708811
v 0.43260300 -0.16474678 0.03708872
v 0.45390958 0.09605166 0.03603899
v -0.45383990 0.09597450 0.03612312
v -0.45396820 -0.09590831 0.03601128
v 0.45390958 -0.09605166 0.03603899
v 0.45830341 0.06392404 0.03726001
v -0.45799598 0.06367508 0.03759885
v -0.45850527 -0.06335326 0.03713855
v 0.45830341 -0.06392404 0.03726001
v 0.42082903 0.19544417 0.03600054
v -0.42082854 0.19544351 0.03600126
v -0.42082954 -0.19544319 0.03600049
v 0.42082903 -0.19544417 0.03600054
v 0.36616584 0.28498853 0.03600012
v -0.36616584 0.28498853 0.03600014
v -0.36616584 -0.28498853 0.03600012
v 0.36616584 -0.28498853 0.03600012
v 0.29286694 0.35993119 0.03597253
v -0.29286694 0.35993118 0.03597253
v -0.29286694 -0.35993119 0.03597253
v 0.29286694 -0.35993118 0.03597253
v 0.20467660 0.41644700 0.03597347
v -0.20467596 0.41644628 0.03597440
v -0.20467660 -0.41644700 0.03597347
v 0.20467596 -0.41644628 0.03597440
v 0.10597225 0.45197756 0.03576532
v -0.10597618 0.45180229 0.03593508
v -0.10597225 -0.45197756 0.03576532
v 0.10597618 -0.45180229 0.03593508
v -0.00223941 0.46359579 0.03639880
v 0.00223941 -0.46359579 0.03639880
v 0.06894175 0.46954330 0.02542242
v -0.06862134 0.46871459 0.02628885
v -0.06894175 -0.46954330 0.02542242
v 0.06862134 -0.46871459 0.02628885
v 0.17180445 0.44133074 0.02640779
v -0.17180139 0.44132436 0.02641483
v -0.17180445 -0.44133074 0.02640779
v 0.17180139 -0.44132436 0.02641483
v 0.26650910 0.39147639 0.02641700
v -0.26650908 0.39147637 0.02641703
v -0.26650910 -0.39147639 0.02641700
v 0.26650908 -0.39147637 0.02641703
v 0.34732555 0.32180751 0.02650754
v -0.34732555 0.32180751 0.02650754
v -0.34732555 -0.32180751 0.02650754
v 0.34732555 -0.32180751 0.02650754
v 0.41072867 0.23557458 0.02650931
v -0.41072863 0.23557450 0.02650940
v -0.41072874 -0.23557447 0.02650931
v 0.41072867 -0.23557458 0.02650931
v 0.45313389 0.13732534 0.02651445
v -0.45312280 0.13731065 0.02652931
v -0.45314524 -0.13730098 0.02651065
v 0.45313389 -0.13732534 0.02651445
v -0.47081319 0.03291930 0.02803735
v -0.47219470 -0.03206419 0.02671790
v 0.47190978 0.03491850 0.02680010
v 0.47190978 -0.03491850 0.02680010
v 0.14085078 -0.41983185 0.05717077
v -0.14085195 -0.41983727 0.05716526
v -0.14085078 0.41983185 0.05717077
v 0.14085195 0.41983727 0.05716526
v 0.23159922 -0.37743634 0.05717228
v -0.23159925 -0.37743635 0.05717226
v -0.23159922 0.37743634 0.05717228
v 0.23159925 0.37743635 0.05717226
v 0.01370293 0.46829163 0.03150793
v -0.01370293 -0.46829163 0.03150793
v -0.47682555 -0.00242466 0.02316829
v 0.46472781 0.10956774 0.02253060
v -0.46468990 0.10951726 0.02257907
v -0.46476325 -0.10948160 0.02251586
v 0.46472781 -0.10956774 0.02253060
v 0.42830695 0.21106805 0.02251014
v -0.42830670 0.21106771 0.02251052
v -0.42830721 -0.21106754 0.02251013
v 0.42830695 -0.21106805 0.02251014
v 0.36996170 0.30186986 0.02250960
v -0.36996170 0.30186986 0.02250960
v -0.36996170 -0.30186986 0.02250960
v 0.36996170 -0.30186986 0.02250960
v 0.29282695 0.37720344 0.02247507
v -0.29282695 0.37720344 0.02247507
v -0.29282695 -0.37720344 0.02247507
v 0.29282695 -0.37720344 0.02247507
v 0.20071261 0.43329845 0.02247189
v -0.20071162 0.43329721 0.02247342
v -0.20071261 -0.43329845 0.02247189
v 0.20071162 -0.43329721 0.02247342
v 0.09841563 0.46757463 0.02218030
v -0.09838618 0.46733088 0.02242489
v -0.09841563 -0.46757463 0.02218030
v 0.09838618 -0.46733088 0.02242489
v 0.01103391 0.47641215 0.02346010
v -0.01103391 -0.47641215 0.02346010
v 0.46057573 0.02287030 0.03885680
v 0.46057573 -0.02287030 0.03885680
v -0.04990929 -0.44428561 0.05291987
v 0.04990929 0.44428561 0.05291987
v -0.00001939 -0.00001408 0.06250000
v 0.21368365 -0.03987604 0.06250000
v 0.13734076 0.17110854 0.06250000
v 0.06931077 -0.20640590 0.06250000
v -0.14666260 -0.16008269 0.06250000
v -0.08225006 0.20207814 0.06250000
v -0.21871166 0.03955588 0.06250000
v 0.27039365 0.10079410 0.06250000
v 0.21791670 -0.18826493 0.06250000
v 0.04182265 0.28492498 0.06250000
v -0.05928306 -0.28285895 0.06250000
v -0.22578096 0.18582365 0.06250000
v -0.27603634 -0.09583548 0.06250000
v 0.11736388 0.04222339 0.06250000
v 0.09589087 -0.08214701 0.06250000
v 0.01846024 0.12576399 0.06250000
v -0.02731011 -0.12476166 0.06250000
v -0.12070415 -0.03749320 0.06250000
v -0.09587587 0.08243902 0.06250000
v 0.32315650 -0.00074461 0.06250000
v 0.24488810 0.21235187 0.06250000
v 0.15484563 -0.28364327 0.06250000
v -0.17483159 -0.27352771 0.06250000
v -0.07003130 0.31571481 0.06250000
v 0.15601811 0.28299021 0.06250000
v 0.04810253 -0.32041518 0.06250000
v 0.30338498 -0.11258048 0.06250000
v -0.30791910 0.10866427 0.06250000
v -0.25808015 -0.20164051 0.06250000
v -0.17188776 0.28138538 0.06250000
v -0.32799144 0.00043526 0.06250000
v -0.17468139 0.11462623 0.06250000
v -0.19111885 -0.08524239 0.06250000
v 0.18515081 0.09758786 0.06250000
v 0.17499375 -0.11251155 0.06250000
v 0.05819125 0.20122720 0.06250000
v -0.07109461 -0.19703847 0.06250000
v 0.34829955 0.07477179 0.06250000
v 0.31299275 0.17114422 0.06250000
v 0.23373400 -0.26904269 0.06250000
v -0.12276274 -0.33564671 0.06250000
v 0.00290993 0.35597354 0.06250000
v 0.10068259 0.34273956 0.06250000
v -0.02908609 -0.35721154 0.06250000
v 0.30134063 -0.19376105 0.06250000
v -0.30583843 0.18763119 0.06250000
v -0.32386195 -0.15787668 0.06250000
v -0.24691928 0.26053745 0.06250000
v -0.35295590 -0.06951256 0.06250000
v -0.00157336 -0.23097586 0.06250000
v -0.01306393 0.23085120 0.06250000
v 0.22793614 0.03843129 0.06250000
v 0.14462526 -0.18222038 0.06250000
v 0.09111114 0.11175846 0.06250000
v 0.04612173 -0.13739131 0.06250000
v 0.14263541 -0.02622976 0.06250000
v -0.15655895 0.20721788 0.06250000
v -0.09851549 -0.10731689 0.06250000
v -0.26126764 -0.02224252 0.06250000
v -0.14790679 0.03068676 0.06250000
v 0.22899128 0.28355118 0.06250000
v 0.11583234 -0.34603746 0.06250000
v 0.35943429 -0.06301499 0.06250000
v -0.04795875 -0.05476549 0.06250000
v 0.07166699 -0.01279690 0.06250000
v 0.04631206 0.05771679 0.06250000
v 0.02420795 -0.06940555 0.06250000
v -0.07046965 0.01382554 0.06250000
v -0.05184072 0.13795238 0.06250000
v -0.24633181 -0.27099303 0.06250000
v -0.13612971 0.34017651 0.06250000
v -0.02646432 0.06851521 0.06250000
v -0.36188039 0.06371881 0.06250000
v -0.21675086 -0.14891640 0.06250000
v -0.24264728 0.12154969 0.06250000
v -0.19198392 -0.02233548 0.06250000
v -0.11820108 0.14621397 0.06250000
v 0.28024245 -0.05097101 0.06250000
v 0.17874089 0.22177821 0.06250000
v 0.09123513 -0.26879643 0.06250000
v -0.10517806 0.26517693 0.06250000
v 0.22608071 0.15105099 0.06250000
v -0.13024628 -0.22357515 0.06250000
v 0.23988386 -0.12658050 0.06250000
v 0.10201010 0.25079381 0.06250000
v -0.19389841 -0.21079270 0.06250000
v -0.28588949 0.04828559 0.06250000
v 0.37678181 0.02466336 0.06250000
v 0.30176938 0.22712414 0.06250000
v 0.20368603 -0.31938404 0.06250000
v -0.18147743 -0.33142018 0.06250000
v -0.05395295 0.37351169 0.06250000
v 0.15885698 0.34356984 0.06250000
v 0.03019359 -0.37865313 0.06250000
v 0.34447929 -0.15576346 0.06250000
v 0.28737574 0.04469147 0.06250000
v 0.17459566 -0.23027480 0.06250000
v -0.01687332 0.28972956 0.06250000
v -0.00272985 -0.28949640 0.06250000
v -0.34927756 0.14930638 0.06250000
v 0.10171300 -0.13902287 0.06250000
v 0.17250820 0.02330080 0.06250000
v 0.00199935 -0.17406323 0.06250000
v -0.31541954 -0.21411934 0.06250000
v -0.22076740 0.31146334 0.06250000
v -0.37899050 -0.02373092 0.06250000
v 0.35517414 0.13124953 0.06250000
v -0.11470836 -0.28264780 0.06250000
v 0.28751478 -0.24860924 0.06250000
v 0.05544485 0.37605877 0.06250000
v -0.08059391 -0.37188689 0.06250000
v -0.00903760 0.17479649 0.06250000
v -0.26653710 -0.14955290 0.06250000
v -0.29550403 0.23962895 0.06250000
v -0.36330240 -0.12370700 0.06250000
v -0.20751962 0.23262740 0.06250000
v -0.30708046 -0.04632990 0.06250000
v 0.26312093 -0.00203850 0.06250000
v 0.12148076 -0.23047801 0.06250000
v -0.05603422 0.25677765 0.06250000
v 0.04302265 -0.25685855 0.06250000
v -0.18185005 0.16425979 0.06250000
v -0.14874534 -0.11095614 0.06250000
v 0.37049502 -0.11354931 0.06250000
v 0.07905931 -0.37948535 0.06250000
v 0.21001686 0.32874033 0.06250000
v 0.27878365 0.27017880 0.06250000
v 0.16443091 -0.35251186 0.06250000
v 0.38763763 -0.02413570 0.06250000
v 0.13571321 0.09102592 0.06250000
v 0.17312043 -0.06474010 0.06250000
v 0.05862356 0.14903874 0.06250000
v -0.23909962 -0.06482180 0.06250000
v -0.09922517 -0.15658843 0.06250000
v -0.29339856 -0.25814838 0.06250000
v -0.18291011 0.34259849 0.06250000
v -0.18047063 0.06625093 0.06250000
v -0.23134823 -0.31675813 0.06250000
v -0.10634397 0.37755619 0.06250000
v 0.18762225 0.17486861 0.06250000
v -0.38849347 0.02429725 0.06250000
v 0.13105775 0.21752220 0.06250000
v 0.24174363 -0.07895506 0.06250000
v -0.08503524 -0.24246710 0.06250000
v -0.28054354 0.14682330 0.06250000
v -0.37430734 0.10910341 0.06250000
v 0.24949224 -0.22374967 0.06250000
v -0.07536703 -0.32744098 0.06250000
v 0.04377543 0.32920118 0.06250000
v 0.31407510 0.11115143 0.06250000
v 0.26036413 -0.16818530 0.06250000
v 0.08380216 0.29841176 0.06250000
v 0.27326404 0.14657069 0.06250000
v -0.31967276 -0.11143168 0.06250000
v 0.22645456 0.08552243 0.06250000
v 0.18125635 -0.16025786 0.06250000
v 0.03428501 0.23948969 0.06250000
v -0.26654285 0.21269484 0.06250000
v -0.14147079 0.08495315 0.06250000
v -0.24829229 0.07518952 0.06250000
v -0.23725955 -0.10918600 0.06250000
v -0.16186761 -0.05271653 0.06250000
v 0.13310044 -0.10855645 0.06250000
v -0.04114566 -0.16583508 0.06250000
v 0.15441026 0.13106258 0.06250000
v 0.09566983 0.17706280 0.06250000
v -0.11312410 0.00456400 0.06250000
v -0.01601219 -0.08330888 0.06250000
v 0.07891332 0.03073066 0.06250000
v 0.10237381 -0.04060887 0.06250000
v 0.38970900 0.06581493 0.06250000
v 0.33823286 0.20467858 0.06250000
v 0.24521219 -0.30998464 0.06250000
v -0.01709646 0.39487619 0.06250000
v -0.15379576 -0.36399128 0.06250000
v 0.12813858 0.37349598 0.06250000
v -0.00945374 -0.39520995 0.06250000
v 0.34113614 -0.19885893 0.06250000
v -0.13553426 0.29595718 0.06250000
v -0.08940175 -0.06606509 0.06250000
v 0.32274748 -0.04260865 0.06250000
v 0.21563075 0.24221331 0.06250000
v 0.11645272 -0.30385386 0.06250000
v -0.04644155 -0.23167310 0.06250000
v -0.02059296 0.10991924 0.06250000
v 0.03905955 0.01587438 0.06250000
v 0.11166594 0.00287629 0.06250000
v 0.05164918 0.10040524 0.06250000
v 0.05567544 -0.09685323 0.06250000
v 0.03279591 -0.02642437 0.06250000
v -0.23012616 -0.23233579 0.06250000
v -0.05751901 -0.09575298 0.06250000
v -0.00729165 -0.04106712 0.06250000
v -0.34700213 0.19070019 0.06250000
v -0.03933953 -0.01393414 0.06250000
v -0.04602792 0.20055586 0.06250000
v -0.32068562 0.06912615 0.06250000
v 0.32883722 0.03954394 0.06250000
v -0.02869894 0.32802699 0.06250000
v 0.19254257 -0.26967090 0.06250000
v -0.03640984 -0.31437923 0.06250000
v 0.00601779 -0.32849086 0.06250000
v 0.00607595 0.04182789 0.06250000
v 0.01235533 0.08372530 0.06250000
v -0.14653308 0.24687286 0.06250000
v -0.25767521 0.01993461 0.06250000
v -0.34804848 -0.19017216 0.06250000
v -0.25966611 0.29825166 0.06250000
v 0.19491128 0.05732140 0.06250000
v 0.01290687 -0.11270086 0.06250000
v 0.08744789 0.07238586 0.06250000
v -0.12125477 0.18650191 0.06250000
v -0.15188569 -0.01022020 0.06250000
v 0.20712524 0.00138071 0.06250000
v 0.10087611 -0.18090545 0.06250000
v 0.02895856 -0.20476824 0.06250000
v 0.06462941 -0.05559769 0.06250000
v -0.39168813 -0.06219890 0.06250000
v -0.08137566 -0.02543731 0.06250000
v -0.06445749 0.05554144 0.06250000
v 0.27783600 0.18707309 0.06250000
v -0.15128745 -0.30533659 0.06250000
v -0.21069847 0.09360461 0.06250000
v 0.12578625 0.31187879 0.06250000
v 0.29819449 -0.15351254 0.06250000
v -0.03216556 0.02639112 0.06250000
v 0.13452560 -0.06588478 0.06250000
v -0.05831987 0.09878275 0.06250000
v -0.18585915 0.02077734 0.06250000
v -0.12739429 -0.07861441 0.06250000
v -0.06752665 -0.13452403 0.06250000
v -0.10956169 0.04497591 0.06250000
v 0.01881041 0.20277608 0.06250000
v -0.17849010 -0.13556685 0.06250000
v -0.08234291 0.16325773 0.06250000
v -0.29211156 -0.18191950 0.06250000
v -0.21032005 0.27237723 0.06250000
v 0.38435676 0.10482409 0.06250000
v 0.35879765 0.17248929 0.06250000
v 0.27680255 -0.28676791 0.06250000
v 0.02198624 0.39795991 0.06250000
v -0.11819259 -0.38063894 0.06250000
v 0.32406946 -0.23244776 0.06250000
v 0.09243656 0.38780365 0.06250000
v -0.04862382 -0.39569169 0.06250000
v 0.14673367 -0.14229694 0.06250000
v -0.11394890 0.22493329 0.06250000
v 0.20406130 -0.08722373 0.06250000
v 0.15510503 0.05878464 0.06250000
v -0.29090529 0.00056571 0.06250000
v -0.18640400 -0.17403338 0.06250000
v -0.34397653 -0.03456052 0.06250000
v -0.21618171 0.14786000 0.06250000
v -0.22599710 -0.00454109 0.06250000
v 0.19328396 0.27486059 0.06250000
v 0.08569379 -0.32181340 0.06250000
v 0.32687424 -0.08195041 0.06250000
v -0.22326320 -0.18721893 0.06250000
v -0.08983095 0.12088852 0.06250000
v -0.12141139 -0.18651766 0.06250000
v 0.00739119 0.31832084 0.06250000
v 0.21327646 -0.23623537 0.06250000
v 0.06482370 -0.17006452 0.06250000
v 0.18126793 -0.02537229 0.06250000
v 0.30974113 0.07366581 0.06250000
v 0.39183333 -0.08232279 0.06250000
v 0.24268699 0.31845474 0.06250000
v 0.11637900 -0.38310094 0.06250000
v 0.19145020 0.13572867 0.06250000
v 0.09272323 0.21558312 0.06250000
v -0.16603071 -0.23572331 0.06250000
v -0.20977396 -0.28344019 0.06250000
v -0.09613512 0.33889521 0.06250000
v 0.11813964 0.13833608 0.06250000
v -0.33158839 0.22446759 0.06250000
v -0.02527570 -0.19937400 0.06250000
v -0.29032684 0.27571321 0.06250000
v 0.02628255 0.16686202 0.06250000
v -0.15837079 -0.19897679 0.06250000
v -0.02782535 -0.26257701 0.06250000
v -0.27353479 -0.05791168 0.06250000
v 0.27732844 -0.08908361 0.06250000
v 0.15397821 0.24737072 0.06250000
v -0.26157519 -0.30461571 0.06250000
v -0.13890785 0.37671861 0.06250000
v 0.20911026 0.20180633 0.06250000
v -0.38937234 -0.09835466 0.06250000
v -0.34014909 0.03661646 0.06250000
v -0.36827410 -0.16015741 0.06250000
v -0.39781031 0.05741080 0.06250000
v -0.27284866 0.10129098 0.06250000
v -0.15247216 0.14160750 0.06250000
v 0.35499599 -0.02358320 0.06250000
v 0.24964959 0.24745256 0.06250000
v 0.14748254 -0.31769240 0.06250000
v -0.19350259 0.19742120 0.06250000
v -0.20335096 -0.05312776 0.06250000
v -0.34138637 0.09764041 0.06250000
v 0.25485056 0.06042064 0.06250000
v 0.23830296 0.11592857 0.06250000
v 0.18329534 -0.19393475 0.06250000
v 0.00692094 0.26288954 0.06250000
v 0.21632591 -0.15331789 0.06250000
v 0.06652729 0.25799766 0.06250000
v -0.09797536 0.29707124 0.06250000
v -0.16488822 0.31341699 0.06250000
v -0.31457379 0.14172005 0.06250000
v 0.17535740 0.31242612 0.06250000
v 0.05537989 -0.35396804 0.06250000
v 0.33694298 -0.12177740 0.06250000
v 0.24867251 -0.03310320 0.06250000
v 0.09024759 -0.23541150 0.06250000
v 0.06020560 -0.28893273 0.06250000
v 0.29403383 -0.01950120 0.06250000
v 0.12469789 -0.26637861 0.06250000
v -0.26524367 -0.23537822 0.06250000
v -0.19990492 -0.24880535 0.06250000
v -0.26116153 0.17523560 0.06250000
v 0.27351298 -0.12938274 0.06250000
v 0.12166145 0.27696030 0.06250000
v -0.23550239 0.22759636 0.06250000
v 0.24426820 0.17789116 0.06250000
v -0.31864949 -0.07763029 0.06250000
v 0.37705764 -0.14520485 0.06250000
v 0.19033454 0.35691855 0.06250000
v 0.05391289 -0.40092433 0.06250000
v 0.30669145 0.26042806 0.06250000
v 0.19821026 -0.35150200 0.06250000
v 0.40350916 0.00461698 0.06250000
v -0.12731620 -0.13454549 0.06250000
v -0.08261920 0.23546964 0.06250000
v -0.36176944 0.00484869 0.06250000
v -0.01027360 0.14551749 0.06250000
v 0.16089790 0.19695700 0.06250000
v -0.21135691 -0.34488840 0.06250000
v -0.07779686 0.39694761 0.06250000
v -0.04969144 0.29080999 0.06250000
v -0.14219769 -0.26110506 0.06250000
v 0.14004654 0.01916705 0.06250000
v 0.08419061 -0.11354449 0.06250000
v -0.09899395 -0.20995775 0.06250000
v 0.20733467 -0.12175035 0.06250000
v -0.08932544 -0.29615718 0.06250000
v -0.32228210 -0.24543754 0.06250000
v -0.21685695 0.34284299 0.06250000
v -0.12442656 0.11341453 0.06250000
v -0.04094960 0.16951486 0.06250000
v -0.14970747 0.17507806 0.06250000
v -0.20335800 -0.11423664 0.06250000
v -0.40446189 -0.00400391 0.06250000
v 0.29408761 0.01387770 0.06250000
v 0.15367601 -0.25112500 0.06250000
v -0.37928543 0.13819473 0.06250000
v 0.00150874 -0.14113850 0.06250000
v -0.29915111 -0.13595344 0.06250000
v 0.26983222 0.30185086 0.06250000
v 0.14752971 -0.37688047 0.06250000
v 0.40001793 -0.05226534 0.06250000
v 0.03287880 -0.16751623 0.06250000
v 0.02818931 -0.29412634 0.06250000
v -0.30496239 0.02698833 0.06250000
v 0.32607246 0.14101830 0.06250000
v 0.14999386 -0.21293264 0.06250000
v 0.28016381 -0.21907440 0.06250000
v 0.06966214 0.34873033 0.06250000
v -0.05723380 -0.35101231 0.06250000
v -0.22930365 -0.03512284 0.06250000
v 0.04808107 -0.22943840 0.06250000
v 0.25639809 0.03034762 0.06250000
v 0.00935326 -0.25955058 0.06250000
v -0.17588581 0.24987469 0.06250000
v -0.02348579 0.25914689 0.06250000
v 0.40474009 0.03998468 0.06250000
v 0.33153749 0.23344421 0.06250000
v 0.22980655 -0.33556260 0.06250000
v -0.04564311 0.40395699 0.06250000
v -0.18408415 -0.36289279 0.06250000
v 0.15897258 0.37486151 0.06250000
v 0.01845465 -0.40632269 0.06250000
v 0.36536134 -0.17973460 0.06250000
v -0.28792314 -0.28853769 0.06250000
v -0.16915738 0.37055531 0.06250000
v -0.25058891 -0.17215759 0.06250000
v -0.18656106 -0.30042011 0.06250000
v -0.06812866 0.34711478 0.06250000
v 0.35384545 0.04809384 0.06250000
v 0.34681800 0.01716954 0.06250000
v -0.02788344 0.35877779 0.06250000
v 0.18098428 -0.29682098 0.06250000
v 0.21459220 -0.28792294 0.06250000
v 0.00622659 -0.36160298 0.06250000
v -0.16112215 -0.08359480 0.06250000
v -0.39679264 0.08915329 0.06250000
v 0.27093676 0.22719164 0.06250000
v -0.37006849 0.17120460 0.06250000
v -0.29105935 0.07625884 0.06250000
v -0.07142166 -0.16674661 0.06250000
v 0.15685891 -0.09150204 0.06250000
v -0.24706038 0.32571004 0.06250000
v -0.34514598 -0.21908930 0.06250000
v 0.30415535 0.19769556 0.06250000
v 0.12959627 0.33979851 0.06250000
v 0.31911250 -0.16990499 0.06250000
v -0.04192307 0.23100155 0.06250000
v -0.26922153 0.23989796 0.06250000
v 0.09028844 0.14885576 0.06250000
v -0.18968126 0.30233961 0.06250000
v -0.40637772 -0.03641142 0.06250000
v -0.24563846 0.14962670 0.06250000
v -0.11571025 -0.24935239 0.06250000
v -0.28250442 -0.21696037 0.06250000
v 0.34459730 0.10607966 0.06250000
v 0.23459180 -0.00902954 0.06250000
v 0.10496787 -0.21022019 0.06250000
v 0.25920538 -0.25035590 0.06250000
v 0.03168371 0.35910741 0.06250000
v -0.09469253 -0.34768701 0.06250000
v -0.15194533 -0.33488971 0.06250000
v -0.15314546 0.05764952 0.06250000
v 0.01257644 0.28916283 0.06250000
v 0.27972205 0.07321514 0.06250000
v 0.37929371 0.14971387 0.06250000
v -0.08060250 0.27363155 0.06250000
v 0.28906334 0.12255909 0.06250000
v 0.24571830 -0.19223732 0.06250000
v 0.05871350 0.30761713 0.06250000
v 0.31208675 -0.26148169 0.06250000
v 0.06521706 0.40189245 0.06250000
v -0.07777415 -0.39956870 0.06250000
v -0.20355614 0.12173121 0.06250000
v -0.32811725 0.16915004 0.06250000
v 0.07318974 -0.14213861 0.06250000
v 0.15971718 -0.00442064 0.06250000
v -0.34667289 -0.10105707 0.06250000
v -0.24190910 -0.13763374 0.06250000
v -0.26206733 -0.12209912 0.06250000
v 0.06722332 0.22560429 0.06250000
v 0.20666213 0.11274156 0.06250000
v -0.25627248 0.04953360 0.06250000
v 0.08783436 -0.35094066 0.06250000
v 0.20588457 0.29907363 0.06250000
v 0.35169444 -0.09239639 0.06250000
v 0.19930945 0.03004341 0.06250000
v 0.12306379 -0.16093895 0.06250000
v 0.07108031 -0.25298675 0.06250000
v -0.11490944 -0.30667740 0.06250000
v -0.29316605 0.21385515 0.06250000
v 0.16158395 0.15950399 0.06250000
v -0.20839243 0.06375434 0.06250000
v -0.23550960 0.28343845 0.06250000
v -0.32112403 -0.18577844 0.06250000
v 0.06578731 0.12329121 0.06250000
v -0.01307375 0.20246716 0.06250000
v -0.36695391 -0.04870546 0.06250000
v -0.33785195 -0.13248458 0.06250000
v 0.12020290 0.19055996 0.06250000
v 0.21386673 0.17438929 0.06250000
v -0.22090297 -0.08848545 0.06250000
v -0.06331416 -0.25575955 0.06250000
v -0.31401206 0.26398790 0.06250000
v 0.36715401 -0.00227357 0.06250000
v 0.17654586 -0.32188130 0.06250000
v 0.02799413 -0.34973820 0.06250000
v -0.33781661 0.12713516 0.06250000
v 0.12661910 0.24413578 0.06250000
v 0.25528113 -0.10515796 0.06250000
v -0.28674486 -0.02688869 0.06250000
v 0.11591576 0.07079709 0.06250000
v 0.29791659 -0.07085334 0.06250000
v 0.17801563 0.24893159 0.06250000
v -0.17557566 -0.10798138 0.06250000
v -0.09023282 -0.26964757 0.06250000
v 0.22506345 -0.10358701 0.06250000
v -0.39156376 -0.12466787 0.06250000
v -0.36443230 0.03762710 0.06250000
v 0.00097215 -0.20222878 0.06250000
v -0.11783959 0.32189441 0.06250000
v 0.19823475 -0.06156936 0.06250000
v 0.16239019 0.08454590 0.06250000
v -0.09446583 -0.18328516 0.06250000
v -0.06319231 0.18197071 0.06250000
v -0.08238510 0.03553331 0.06250000
v 0.11735439 0.11121130 0.06250000
v 0.08958804 -0.29697290 0.06250000
v -0.31093436 -0.01747858 0.06250000
v -0.13361965 0.27099773 0.06250000
v -0.16638215 0.09052788 0.06250000
v -0.25085166 -0.08849929 0.06250000
v 0.20488411 -0.21082279 0.06250000
v -0.17843863 0.22223974 0.06250000
v -0.21775870 0.20957857 0.06250000
v -0.12046110 0.06971734 0.06250000
v 0.29919114 0.14660677 0.06250000
v 0.39670065 -0.10833535 0.06250000
v 0.22936450 0.34132079 0.06250000
v 0.09591800 -0.39988460 0.06250000
v -0.22355261 -0.25994428 0.06250000
v 0.02269322 -0.23794525 0.06250000
v 0.06859654 0.17693979 0.06250000
v -0.14915709 0.10950249 0.06250000
v 0.08101997 0.32328353 0.06250000
v 0.27265464 -0.19166619 0.06250000
v -0.17171200 0.04100936 0.06250000
v -0.02868280 -0.28951966 0.06250000
v -0.29164958 -0.07174196 0.06250000
v 0.06228509 0.07664508 0.06250000
v 0.14825723 0.31963958 0.06250000
v 0.32128749 -0.14376079 0.06250000
v 0.03045714 -0.09382920 0.06250000
v -0.22170369 0.24994221 0.06250000
v -0.12354526 -0.10237131 0.06250000
v 0.03165825 0.30817220 0.06250000
v 0.29493653 0.09526414 0.06250000
v 0.15305959 -0.04912784 0.06250000
v -0.25027801 -0.32766385 0.06250000
v -0.12028146 0.39437933 0.06250000
v -0.09057139 -0.12999756 0.06250000
v 0.41381921 -0.01983880 0.06250000
v 0.30037265 0.28520333 0.06250000
v 0.18173294 -0.37230775 0.06250000
v -0.18339732 0.13746597 0.06250000
v 0.40282979 0.08640089 0.06250000
v 0.36252801 0.19777134 0.06250000
v 0.05031619 -0.19047390 0.06250000
v -0.06955089 -0.22257578 0.06250000
v 0.26947495 -0.31174263 0.06250000
v 0.00011420 0.41206820 0.06250000
v -0.14447583 -0.38827589 0.06250000
v 0.28442196 0.24661801 0.06250000
v 0.05702861 -0.03187319 0.06250000
v -0.15269204 -0.13543892 0.06250000
v 0.25525016 0.28208376 0.06250000
v 0.14029481 -0.35279245 0.06250000
v 0.37615353 -0.04751637 0.06250000
v -0.26646495 0.12602660 0.06250000
v -0.28410180 0.17150236 0.06250000
v 0.11638401 0.39486620 0.06250000
v -0.02837757 -0.41027609 0.06250000
v 0.34621204 -0.22271456 0.06250000
v -0.41058486 0.03722369 0.06250000
v 0.03664957 0.14347679 0.06250000
v -0.21137356 0.01618021 0.06250000
v -0.05056491 0.07508165 0.06250000
v -0.20485654 0.17301765 0.06250000
v -0.06010349 -0.30663633 0.06250000
v 0.23574079 -0.05447262 0.06250000
v 0.39091419 0.13102257 0.06250000
v -0.33465184 -0.05714843 0.06250000
v -0.28173714 0.02264040 0.06250000
v -0.06393335 0.21891438 0.06250000
v -0.05682587 -0.03147727 0.06250000
v 0.23615621 -0.17056459 0.06250000
v 0.08213313 0.27368408 0.06250000
v 0.26194755 0.12419206 0.06250000
v 0.30183742 -0.28126956 0.06250000
v 0.04452500 0.41016573 0.06250000
v -0.10132619 -0.39993925 0.06250000
v -0.14540959 -0.03394831 0.06250000
v -0.27019628 -0.26758830 0.06250000
v -0.15911460 0.34717215 0.06250000
v 0.10244434 0.02545874 0.06250000
v 0.11825046 -0.02134641 0.06250000
v -0.03992774 -0.07829432 0.06250000
v -0.29474759 -0.11142033 0.06250000
v 0.10944047 -0.11698045 0.06250000
v -0.12345730 -0.16230957 0.06250000
v 0.20366626 0.08213185 0.06250000
v 0.21851764 0.05925885 0.06250000
v 0.33584821 0.17982136 0.06250000
v 0.37114514 0.08452586 0.06250000
v 0.25266553 -0.28474416 0.06250000
v 0.00504448 0.38064900 0.06250000
v -0.12877141 -0.35825345 0.06250000
v 0.31888113 -0.20867046 0.06250000
v 0.10527755 0.36526375 0.06250000
v -0.02984249 -0.37996930 0.06250000
v -0.07928100 0.36998101 0.06250000
v -0.20162471 -0.31955069 0.06250000
v -0.07636686 0.14012626 0.06250000
v -0.30944575 -0.27705334 0.06250000
v -0.19356409 0.36725157 0.06250000
v -0.19692791 0.04357509 0.06250000
v -0.10525678 -0.01889543 0.06250000
v 0.11336850 0.16116423 0.06250000
v -0.06512745 -0.07230286 0.06250000
v -0.04772730 -0.18922399 0.06250000
v 0.01153943 0.22573764 0.06250000
v 0.01679225 -0.04494452 0.06250000
v -0.23829176 0.09766020 0.06250000
v -0.01081116 -0.31260735 0.06250000
v -0.21849343 -0.21102913 0.06250000
v 0.17125204 -0.13806584 0.06250000
v -0.16220490 0.01155464 0.06250000
v 0.00078454 -0.06440031 0.06250000
v -0.29971275 -0.23546220 0.06250000
v -0.00197518 0.06439226 0.06250000
v 0.05413619 0.03533779 0.06250000
v 0.06324662 0.01232551 0.06250000
v -0.13947409 0.22386589 0.06250000
v 0.02413716 -0.00346274 0.06250000
v -0.23267975 -0.29250902 0.06250000
v -0.11618394 0.35529030 0.06250000
v -0.04166748 0.05026084 0.06250000
v -0.02357221 -0.05974586 0.06250000
v -0.17114986 0.18768449 0.06250000
v -0.20010792 0.32421088 0.06250000
v -0.09407199 0.18350212 0.06250000
v 0.02867819 0.26409725 0.06250000
v 0.25254396 0.08643866 0.06250000
v 0.16622370 -0.17876799 0.06250000
v -0.02350254 -0.14846150 0.06250000
v -0.24194671 0.20294634 0.06250000
v 0.25761421 -0.05972955 0.06250000
v 0.03906200 0.21621419 0.06250000
v -0.37308171 0.08680838 0.06250000
v 0.04066809 -0.04963739 0.06250000
v 0.12904941 -0.20437157 0.06250000
v 0.18442997 0.19875961 0.06250000
v -0.13805591 0.00882906 0.06250000
v -0.35365904 0.21325059 0.06250000
v 0.15458789 0.22313932 0.06250000
v 0.24115634 0.01462734 0.06250000
v -0.16799181 -0.02867883 0.06250000
v -0.32544544 0.20141929 0.06250000
v -0.01561851 -0.01842591 0.06250000
v -0.03167495 -0.03655806 0.06250000
v -0.01053580 -0.10672959 0.06250000
v 0.22858123 -0.21056570 0.06250000
v -0.39509180 0.12249779 0.06250000
v 0.08825351 -0.06014944 0.06250000
v 0.24990674 0.15444168 0.06250000
v 0.01507286 0.01888867 0.06250000
v 0.02965545 0.03810488 0.06250000
v -0.01166857 0.08761244 0.06250000
v -0.28352602 0.29948798 0.06250000
v -0.29106593 0.12454949 0.06250000
v 0.02737060 0.10336228 0.06250000
v 0.03673079 0.08009005 0.06250000
v -0.08171276 -0.08958764 0.06250000
v 0.00345605 0.10623527 0.06250000
v -0.25132406 -0.04525452 0.06250000
v -0.26448943 0.27670494 0.06250000
v 0.03785942 0.18842569 0.06250000
v 0.04850694 -0.00728779 0.06250000
v 0.15214354 -0.12146481 0.06250000
v 0.25607205 -0.14384042 0.06250000
v 0.11943397 -0.08629864 0.06250000
v 0.10268406 0.09128049 0.06250000
v -0.34541706 -0.16620285 0.06250000
v -0.13966262 -0.28537397 0.06250000
v 0.12670765 -0.04360389 0.06250000
v 0.00891517 -0.02217700 0.06250000
v 0.07198959 -0.07859615 0.06250000
v -0.09717251 -0.04348636 0.06250000
v -0.03342101 -0.10143181 0.06250000
v -0.07465548 -0.11241227 0.06250000
v 0.09439990 -0.01808509 0.06250000
v 0.04824390 -0.07400989 0.06250000
v 0.09549691 0.04968821 0.06250000
v -0.37502227 -0.07928350 0.06250000
v 0.08776685 0.00679716 0.06250000
v -0.08970894 -0.00020979 0.06250000
v -0.35936440 0.12941040 0.06250000
v 0.32630813 0.09096595 0.06250000
v -0.29209491 -0.15573650 0.06250000
v 0.01124180 0.15013241 0.06250000
v 0.02079499 0.33812954 0.06250000
v 0.23465543 -0.24194798 0.06250000
v 0.16070229 0.10814684 0.06250000
v 0.02329970 -0.13450529 0.06250000
v -0.37192904 -0.18528620 0.06250000
v -0.10087589 -0.32205941 0.06250000
v -0.40456320 -0.08127010 0.06250000
v -0.00848715 0.02280220 0.06250000
v -0.06405467 -0.00796530 0.06250000
v -0.02351899 0.00381596 0.06250000
v -0.27009607 0.06827705 0.06250000
v -0.18286922 -0.06589405 0.06250000
v 0.06185703 -0.11957894 0.06250000
v 0.13473465 -0.00265502 0.06250000
v 0.12567254 -0.13233359 0.06250000
v 0.05410586 -0.37536470 0.06250000
v 0.18101740 0.33524918 0.06250000
v 0.35614648 -0.13534769 0.06250000
v -0.04352355 0.11610824 0.06250000
v 0.07448787 0.09611376 0.06250000
v -0.33238529 0.24712398 0.06250000
v 0.23233319 0.25920368 0.06250000
v 0.12730699 -0.32485233 0.06250000
v 0.34526899 -0.04428355 0.06250000
v -0.01715320 0.04576951 0.06250000
v -0.12906133 -0.01382323 0.06250000
v 0.00691080 -0.08930208 0.06250000
v 0.09077672 -0.15974681 0.06250000
v 0.18371750 0.00270864 0.06250000
v 0.18068145 -0.08650653 0.06250000
v -0.03291849 0.30572631 0.06250000
v 0.20208219 0.22201533 0.06250000
v -0.07243746 -0.04934883 0.06250000
v 0.03804144 -0.11557201 0.06250000
v 0.07183329 0.05436993 0.06250000
v 0.27251647 -0.02898054 0.06250000
v 0.10803126 -0.24907720 0.06250000
v 0.29069099 0.16875309 0.06250000
v -0.10548874 -0.08527756 0.06250000
v 0.19925456 -0.17541120 0.06250000
v -0.13657820 -0.05582871 0.06250000
v -0.02387889 -0.24014041 0.06250000
v 0.34571186 0.15317208 0.06250000
v 0.30165714 -0.23085089 0.06250000
v 0.07711029 0.37049798 0.06250000
v -0.05695194 -0.37412729 0.06250000
v -0.30788176 0.05145576 0.06250000
v 0.10402066 0.31826348 0.06250000
v 0.28711171 -0.17369339 0.06250000
v -0.08798413 0.06060759 0.06250000
v -0.05685946 0.03241399 0.06250000
v 0.04249532 0.12141631 0.06250000
v 0.19588474 -0.14221745 0.06250000
v -0.04704209 0.00866014 0.06250000
v -0.02064504 -0.17944715 0.06250000
v -0.12789375 0.16390045 0.06250000
v -0.11625309 0.09268564 0.06250000
v 0.02095927 0.06052875 0.06250000
v 0.07943468 -0.03771918 0.06250000
v -0.02128269 -0.33299486 0.06250000
v -0.05038713 -0.11908091 0.06250000
v 0.14043356 0.14952349 0.06250000
v 0.06469333 0.28582706 0.06250000
v 0.30552890 0.03373786 0.06250000
v 0.17659784 -0.25159655 0.06250000
v -0.23275501 0.05865196 0.06250000
v -0.12381314 0.24574150 0.06250000
v -0.04533840 0.34452574 0.06250000
v -0.10632775 0.20343546 0.06250000
v -0.03590983 0.09259387 0.06250000
v -0.38764818 -0.14808237 0.06250000
v -0.14227269 0.31910589 0.06250000
v 0.17517739 0.04669670 0.06250000
v -0.26748030 -0.00128396 0.06250000
v 0.07487501 -0.40799311 0.06250000
v 0.21222309 0.35633398 0.06250000
v 0.39368314 -0.13068373 0.06250000
v 0.07932790 0.19877444 0.06250000
v -0.24560271 -0.24924968 0.06250000
v -0.23387464 0.02321851 0.06250000
v -0.20791515 -0.17064879 0.06250000
v 0.41075693 0.06163975 0.06250000
v 0.35092764 0.22295476 0.06250000
v 0.25166547 -0.33047518 0.06250000
v -0.02560881 0.41460046 0.06250000
v -0.16924350 -0.37995381 0.06250000
v 0.02515742 -0.31854544 0.06250000
v -0.07241305 0.08005099 0.06250000
v -0.05414006 -0.32624619 0.06250000
v -0.00718509 0.33567039 0.06250000
v 0.21400661 -0.25870331 0.06250000
v 0.33157180 0.06427689 0.06250000
v -0.30616870 0.16358550 0.06250000
v -0.18900664 0.08719685 0.06250000
v 0.21995421 -0.07166136 0.06250000
v 0.11120961 -0.06374836 0.06250000
v -0.14348565 -0.18288611 0.06250000
v 0.06805889 -0.30794500 0.06250000
v -0.34265458 0.07547736 0.06250000
v 0.14291057 0.39034213 0.06250000
v -0.00211251 -0.41534646 0.06250000
v 0.36332743 -0.20194946 0.06250000
v -0.23453703 -0.34454855 0.06250000
v -0.09963995 0.40471373 0.06250000
v -0.13370446 0.04789761 0.06250000
v 0.22394981 0.22173481 0.06250000
v 0.17721643 0.29050481 0.06250000
v 0.06504501 -0.33358801 0.06250000
v 0.32401871 -0.10397393 0.06250000
v 0.07933404 -0.18717730 0.06250000
v 0.20225751 -0.02052140 0.06250000
v -0.04391781 -0.14193757 0.06250000
v -0.11282535 -0.06063769 0.06250000
v -0.35823662 -0.01728310 0.06250000
v -0.19293069 -0.15270615 0.06250000
v 0.20065104 0.15569254 0.06250000
v -0.17022947 -0.15635618 0.06250000
v 0.29988557 -0.04029518 0.06250000
v 0.31450218 -0.02333562 0.06250000
v 0.10897722 -0.28227474 0.06250000
v 0.13089695 -0.28730977 0.06250000
v 0.14091960 0.11222344 0.06250000
v -0.38298929 -0.00176574 0.06250000
v -0.07373669 0.29301665 0.06250000
v -0.03193765 0.14895956 0.06250000
v -0.12330574 0.02608619 0.06250000
v -0.26955887 -0.18319062 0.06250000
v -0.27963204 0.19389345 0.06250000
v -0.09049734 0.31652186 0.06250000
v -0.20002610 0.25340101 0.06250000
v -0.27955196 0.25701920 0.06250000
v -0.22158121 -0.12772562 0.06250000
v -0.05982684 0.15913210 0.06250000
v -0.15484811 0.29374113 0.06250000
v -0.11575539 0.28397690 0.06250000
v -0.06634391 0.11965632 0.06250000
v 0.22951834 0.19477310 0.06250000
v 0.27589459 -0.15285999 0.06250000
v 0.15601991 0.03624586 0.06250000
v 0.28164009 -0.10893496 0.06250000
v 0.14245159 0.26746263 0.06250000
v 0.11142573 0.22731436 0.06250000
v 0.10805890 0.29326461 0.06250000
v 0.28526114 0.20763675 0.06250000
v -0.03400484 0.38305489 0.06250000
v 0.37953851 0.04591815 0.06250000
v 0.22288200 -0.31036996 0.06250000
v 0.00814578 -0.38367380 0.06250000
v 0.01147770 0.18231698 0.06250000
v 0.26540554 0.16899319 0.06250000
v -0.41551051 0.01595334 0.06250000
v -0.24825770 -0.22134241 0.06250000
v -0.31899400 0.09074809 0.06250000
v 0.02037979 -0.18537982 0.06250000
v -0.23005108 -0.16645957 0.06250000
v -0.17304899 -0.00695907 0.06250000
v 0.06951874 -0.22907860 0.06250000
v -0.21343247 -0.02120314 0.06250000
v -0.36910994 -0.10249520 0.06250000
v 0.18402870 -0.04624068 0.06250000
v 0.09875778 -0.37057266 0.06250000
v 0.22497413 0.30705511 0.06250000
v 0.37198408 -0.09152359 0.06250000
v -0.17991140 -0.19443003 0.06250000
v -0.36873131 0.19423459 0.06250000
v 0.04841865 0.16944559 0.06250000
v 0.17087286 0.26912637 0.06250000
v 0.30533078 -0.09188107 0.06250000
v 0.32014826 0.21526418 0.06250000
v -0.04964303 -0.21024631 0.06250000
v -0.08133804 0.10075961 0.06250000
v -0.13560912 0.20255384 0.06250000
v 0.14251399 0.35697024 0.06250000
v 0.34121054 -0.17695580 0.06250000
v 0.13734718 0.06967654 0.06250000
v -0.17301070 -0.21548491 0.06250000
v -0.41309519 -0.05740330 0.06250000
v -0.19768564 -0.00082399 0.06250000
v -0.13627727 -0.20279829 0.06250000
v 0.18197194 0.07662039 0.06250000
v -0.10382491 0.16266096 0.06250000
v 0.41043469 -0.07178701 0.06250000
v 0.26365061 0.32264277 0.06250000
v 0.13456558 -0.39433756 0.06250000
v -0.15135217 -0.21942549 0.06250000
v -0.15538076 0.26605339 0.06250000
v -0.34484103 0.01692936 0.06250000
v 0.26497445 0.20245643 0.06250000
v -0.36162659 -0.20692667 0.06250000
v -0.26646149 0.31995902 0.06250000
v -0.13396655 0.13248327 0.06250000
v 0.27425988 -0.26561915 0.06250000
v -0.10087667 -0.36823350 0.06250000
v 0.03388813 0.38029411 0.06250000
v 0.36539697 0.11296653 0.06250000
v -0.22991030 0.16455316 0.06250000
v -0.10070188 0.02251920 0.06250000
v 0.29490193 -0.13219360 0.06250000
v 0.13631366 0.29307620 0.06250000
v -0.01165016 0.31091947 0.06250000
v -0.15997605 0.23219873 0.06250000
v -0.16850248 -0.34819488 0.06250000
v -0.30140426 -0.09176971 0.06250000
v -0.16414040 -0.17727879 0.06250000
v -0.02736314 0.18505005 0.06250000
v -0.19496466 -0.26906048 0.06250000
v -0.09707314 0.13989886 0.06250000
v -0.20187418 -0.19138104 0.06250000
v -0.20671205 -0.22805123 0.06250000
v -0.10134875 0.24279241 0.06250000
v -0.24690468 -0.00468012 0.06250000
v 0.10508053 -0.32687367 0.06250000
v 0.21095835 0.26377824 0.06250000
v 0.33245146 -0.06214985 0.06250000
v -0.02047090 -0.21980063 0.06250000
v 0.34432901 -0.00449000 0.06250000
v 0.16253509 -0.30329133 0.06250000
v 0.41676274 0.02100310 0.06250000
v 0.21895208 -0.35523555 0.06250000
v 0.32956706 0.25621616 0.06250000
v 0.32261979 0.02020049 0.06250000
v 0.17294823 -0.27309430 0.06250000
v -0.16674039 -0.29231425 0.06250000
v -0.16701796 -0.31580044 0.06250000
v -0.22205592 0.11122351 0.06250000
v -0.35599874 -0.14275168 0.06250000
v 0.17966531 0.37670538 0.06250000
v 0.03699834 -0.41571346 0.06250000
v 0.38222521 -0.16760204 0.06250000
v -0.23743421 -0.20358850 0.06250000
v -0.04781801 0.32113635 0.06250000
v -0.34921639 0.17018338 0.06250000
v 0.01440540 -0.15675229 0.06250000
v -0.31085796 0.22455037 0.06250000
v 0.21278724 0.13403150 0.06250000
v 0.08697399 0.23696158 0.06250000
v 0.19670791 -0.24768589 0.06250000
v -0.28204740 -0.30785831 0.06250000
v -0.15696361 0.38689779 0.06250000
v -0.18480105 -0.04391355 0.06250000
v -0.13349042 -0.31749883 0.06250000
v 0.31180898 0.05322581 0.06250000
v 0.02098935 -0.27582203 0.06250000
v 0.13922923 0.19851295 0.06250000
v -0.24019461 0.30600808 0.06250000
v -0.33183979 -0.20301909 0.06250000
v -0.14422814 -0.23949251 0.06250000
v 0.16119185 -0.15804355 0.06250000
v 0.38077269 0.17206950 0.06250000
v -0.14189267 -0.09065561 0.06250000
v 0.15314048 -0.06894425 0.06250000
v -0.41127817 0.07463719 0.06250000
v -0.17841820 -0.25212360 0.06250000
v 0.12128206 -0.18323050 0.06250000
v 0.21885689 0.01822628 0.06250000
v -0.38674678 -0.04230647 0.06250000
v -0.37844744 0.05021730 0.06250000
v 0.17428335 0.12559586 0.06250000
v 0.33374435 -0.25143124 0.06250000
v 0.08817610 0.40844575 0.06250000
v -0.06035885 -0.41332705 0.06250000
v 0.19465319 -0.10575526 0.06250000
v 0.27563705 0.01848534 0.06250000
v 0.14923045 -0.23258574 0.06250000
v -0.18590613 -0.23150479 0.06250000
v -0.21212450 0.29118390 0.06250000
v -0.19261074 0.28165810 0.06250000
v -0.00918709 -0.27025148 0.06250000
v 0.16984089 -0.20946575 0.06250000
v -0.41780495 -0.01946413 0.06250000
v 0.24109256 0.13564754 0.06250000
v -0.08092886 -0.14822712 0.06250000
v -0.34096660 -0.24220837 0.06250000
v -0.23508010 0.34591975 0.06250000
v -0.30109183 -0.19884750 0.06250000
v -0.02801663 0.21620765 0.06250000
v -0.11010744 -0.12388068 0.06250000
v -0.11084494 -0.22834434 0.06250000
v -0.06443454 0.41276690 0.06250000
v -0.20435101 -0.36437479 0.06250000
v -0.30925156 0.00695385 0.06250000
v 0.01401583 -0.22120124 0.06250000
v 0.10054649 0.12871874 0.06250000
v -0.02689202 0.13014810 0.06250000
v 0.23534560 -0.14789180 0.06250000
v -0.21637640 -0.06833369 0.06250000
v 0.12424486 -0.36582849 0.06250000
v 0.37797463 -0.06801164 0.06250000
v -0.03299467 0.27720170 0.06250000
v -0.22424791 0.07908933 0.06250000
v 0.40290488 0.11228564 0.06250000
v -0.28061011 -0.13146625 0.06250000
v 0.16157212 -0.03198551 0.06250000
v 0.30945829 0.12976603 0.06250000
v -0.01086269 -0.37359438 0.06250000
v 0.26324499 -0.20905784 0.06250000
v 0.06234787 0.33011926 0.06250000
v 0.36909540 0.06363159 0.06250000
v -0.01538000 0.37464904 0.06250000
v 0.23345420 -0.29272001 0.06250000
v -0.12196162 -0.40012916 0.06250000
v 0.02525156 0.41754082 0.06250000
v 0.29207443 -0.29945035 0.06250000
v -0.26829230 -0.07688346 0.06250000
v 0.09875529 0.19749364 0.06250000
v 0.10339331 0.27215087 0.06250000
v 0.33289461 0.12211272 0.06250000
v 0.05022096 -0.15673399 0.06250000
v -0.38564944 0.15872131 0.06250000
v -0.09309039 0.21991191 0.06250000
v -0.07840731 0.25418867 0.06250000
v -0.33583384 0.05659100 0.06250000
v -0.25333258 0.10354744 0.06250000
v 0.13853464 0.04738721 0.06250000
v -0.30790656 -0.17024625 0.06250000
v 0.27318709 -0.23931593 0.06250000
v 0.04960205 0.35116820 0.06250000
v -0.07771260 -0.35381629 0.06250000
v 0.00784105 -0.30782784 0.06250000
v -0.32388935 -0.03478699 0.06250000
v -0.33198125 -0.01809296 0.06250000
v 0.28269385 -0.00254784 0.06250000
v 0.13379482 -0.24904065 0.06250000
v -0.06329311 0.23841712 0.06250000
v 0.04754681 -0.21032466 0.06250000
v -0.20325712 -0.13510026 0.06250000
v -0.31851290 -0.13842088 0.06250000
v -0.29197283 0.09741992 0.06250000
v 0.04375524 -0.27983842 0.06250000
v 0.16612489 0.17562515 0.06250000
v 0.14231060 -0.16588636 0.06250000
v -0.19352968 0.15514262 0.06250000
v -0.30837051 0.28329523 0.06250000
v 0.24529645 0.29879714 0.06250000
v -0.22591764 0.13152139 0.06250000
v -0.16258688 0.15895279 0.06250000
v -0.21516677 -0.30244597 0.06250000
v -0.09596941 0.35832116 0.06250000
v -0.27131295 -0.03920992 0.06250000
v 0.22543623 0.09864768 0.06250000
v 0.05239211 0.24139519 0.06250000
v 0.12218163 0.02598076 0.06250000
v 0.06827025 -0.27187243 0.06250000
v -0.33656903 -0.08225463 0.06250000
v 0.41640397 -0.03896044 0.06250000
v 0.28962794 0.30170489 0.06250000
v 0.16621430 -0.38377466 0.06250000
v 0.08581785 -0.21636749 0.06250000
v 0.23280589 -0.02879528 0.06250000
v -0.04632803 -0.26805183 0.06250000
v -0.22925988 0.27147514 0.06250000
v -0.25956950 -0.28605180 0.06250000
v -0.14366015 0.35892835 0.06250000
v -0.18068240 0.32483282 0.06250000
v 0.24804047 0.33688793 0.06250000
v 0.11430981 -0.40255459 0.06250000
v 0.40789109 -0.09349751 0.06250000
v -0.40268346 -0.11338167 0.06250000
v -0.26583065 0.15569479 0.06250000
v -0.00829145 -0.25111983 0.06250000
v 0.15594906 -0.19422089 0.06250000
v 0.13892222 -0.08492444 0.06250000
v -0.19273620 0.10518558 0.06250000
v 0.36688845 -0.02925045 0.06250000
v 0.25954304 0.26354391 0.06250000
v 0.15131037 -0.33753665 0.06250000
v 0.30452226 -0.00316616 0.06250000
v 0.14386499 -0.26853795 0.06250000
v -0.34524155 0.23779039 0.06250000
v 0.36082125 -0.15813680 0.06250000
v 0.17020587 0.35766520 0.06250000
v 0.03513715 -0.39275406 0.06250000
v -0.03930184 -0.33983271 0.06250000
v 0.19538930 -0.22861830 0.06250000
v 0.18104181 0.15168495 0.06250000
v 0.31118869 0.24053569 0.06250000
v 0.20836151 -0.33526911 0.06250000
v 0.39402006 0.02130198 0.06250000
v -0.32497450 0.02086459 0.06250000
v 0.23754396 0.06559699 0.06250000
v -0.04133883 -0.24963694 0.06250000
v 0.04680155 -0.30147482 0.06250000
v -0.28672754 -0.04858676 0.06250000
v -0.32620447 -0.26353698 0.06250000
v -0.21380608 0.36076040 0.06250000
v -0.00049395 0.12566670 0.06250000
v 0.26810198 0.04686586 0.06250000
v -0.00929802 0.27200773 0.06250000
v 0.24540591 0.04206438 0.06250000
v -0.00743854 -0.34317960 0.06250000
v 0.15948041 0.30219835 0.06250000
v 0.31824226 -0.12441745 0.06250000
v 0.11318813 0.32937520 0.06250000
v -0.28254944 -0.24080883 0.06250000
v -0.00823686 0.25052401 0.06250000
v 0.23426907 0.23877416 0.06250000
v 0.01616484 0.24356465 0.06250000
v 0.39013632 -0.00265405 0.06250000
v 0.18234795 -0.34296475 0.06250000
v -0.06148749 0.27560054 0.06250000
v 0.33351375 -0.02555779 0.06250000
v 0.13939760 -0.30706256 0.06250000
v -0.24855411 0.24128699 0.06250000
v -0.35645544 0.10955454 0.06250000
v -0.00781400 -0.12507405 0.06250000
v 0.19111486 0.11656075 0.06250000
v 0.25297440 0.22677806 0.06250000
v -0.11729648 -0.20535388 0.06250000
v -0.32671731 0.10891645 0.06250000
v 0.22046231 -0.13496964 0.06250000
v -0.40316825 0.10586519 0.06250000
v 0.35210880 -0.11232500 0.06250000
v 0.07268609 -0.36318174 0.06250000
v 0.18908982 0.31468136 0.06250000
v 0.25042785 0.10145569 0.06250000
v 0.04864204 0.26530009 0.06250000
v 0.32232821 0.19340508 0.06250000
v 0.07551611 -0.10018030 0.06250000
v 0.27629076 -0.06817256 0.06250000
v 0.25994554 -0.07996879 0.06250000
v -0.22524713 0.32608548 0.06250000
v -0.32434336 -0.22648619 0.06250000
v -0.23929451 0.03714864 0.06250000
v 0.04226364 -0.33887846 0.06250000
v 0.19627840 0.24211964 0.06250000
v -0.26797690 -0.32204630 0.06250000
v -0.13882824 0.39528744 0.06250000
v 0.22350630 0.32221258 0.06250000
v 0.31395750 -0.06226586 0.06250000
v -0.26400370 0.08501026 0.06250000
v 0.11985202 0.35851975 0.06250000
v 0.32533668 -0.19496944 0.06250000
v -0.24401464 -0.30512035 0.06250000
v -0.12229080 0.37106641 0.06250000
v -0.28425424 0.22951526 0.06250000
v 0.29276200 0.05754061 0.06250000
v -0.06013266 0.39148518 0.06250000
v -0.19451940 -0.34221603 0.06250000
v -0.15602385 -0.27500885 0.06250000
v -0.38338305 -0.16227610 0.06250000
v -0.00712868 -0.15815902 0.06250000
v -0.16180853 0.12470930 0.06250000
v 0.20102119 0.18532844 0.06250000
v -0.07206395 -0.26534214 0.06250000
v -0.17356440 0.29776366 0.06250000
v -0.41552446 0.05492601 0.06250000
v 0.07736828 0.13083910 0.06250000
v -0.24554519 0.18787531 0.06250000
v -0.25443535 -0.06335827 0.06250000
v -0.06030947 0.20077114 0.06250000
v -0.31559123 0.12679069 0.06250000
v -0.39688073 -0.01985814 0.06250000
v -0.25222995 -0.15541359 0.06250000
v 0.13938591 0.23020612 0.06250000
v -0.04780066 -0.29234880 0.06250000
v 0.09547603 -0.10412279 0.06250000
v -0.09813851 0.27879233 0.06250000
v 0.25963833 -0.12213923 0.06250000
v 0.32775716 0.15737936 0.06250000
v 0.34302169 -0.07389608 0.06250000
v 0.21457791 0.27905390 0.06250000
v -0.26819045 -0.22023575 0.06250000
v 0.25045727 -0.01633096 0.06250000
v 0.10920935 -0.22656393 0.06250000
v 0.11449332 0.20926566 0.06250000
v -0.13200353 -0.11826359 0.06250000
v 0.29563423 -0.21230557 0.06250000
v 0.08529326 0.35312161 0.06250000
v -0.04189976 -0.36226780 0.06250000
v -0.28009301 -0.19671495 0.06250000
v -0.25579729 0.22287905 0.06250000
v -0.27247071 -0.16495828 0.06250000
v -0.33117892 0.15121086 0.06250000
v -0.08160982 0.33328327 0.06250000
v -0.38334005 0.07062726 0.06250000
v -0.34721815 -0.00553994 0.06250000
v -0.36367631 0.15257410 0.06250000
v -0.10677704 0.10488577 0.06250000
v 0.08242145 0.16945695 0.06250000
v -0.19683664 0.21229051 0.06250000
v 0.13402775 0.12967010 0.06250000
v 0.16742170 0.23589715 0.06250000
v -0.19893615 -0.03538444 0.06250000
v -0.14722946 -0.07619889 0.06250000
v -0.11159954 0.12740101 0.06250000
v -0.01700231 0.15857295 0.06250000
v 0.03901932 -0.36099055 0.06250000
v 0.23007866 0.16672028 0.06250000
v -0.16361167 -0.25178901 0.06250000
v -0.20875437 0.18882988 0.06250000
v -0.19015119 0.17648694 0.06250000
v -0.11331520 0.30136120 0.06250000
v 0.08514818 -0.25416341 0.06250000
v 0.00282492 0.21218708 0.06250000
v -0.12797456 -0.26369920 0.06250000
v -0.04306464 0.25043031 0.06250000
v 0.19619019 -0.37004640 0.06250000
v 0.31256539 0.27896602 0.06250000
v 0.41879350 -0.00607718 0.06250000
v -0.18282403 0.26451625 0.06250000
v -0.37239185 0.01811300 0.06250000
v -0.13213452 -0.29961796 0.06250000
v -0.10954351 -0.17360171 0.06250000
v -0.39360792 0.04223876 0.06250000
v 0.18987665 -0.12520826 0.06250000
v -0.22405209 -0.27816476 0.06250000
v -0.00718526 -0.18775419 0.06250000
v 0.35629344 0.09203146 0.06250000
v 0.25220161 -0.26799803 0.06250000
v -0.11359704 -0.34994108 0.06250000
v 0.01605515 0.36777708 0.06250000
v -0.06233261 -0.15573569 0.06250000
v 0.15746334 0.01424128 0.06250000
v 0.08846448 -0.13098575 0.06250000
v -0.35399833 0.08640446 0.06250000
v 0.36245011 0.02902577 0.06250000
v 0.19544238 -0.28268779 0.06250000
v -0.13467198 0.07088625 0.06250000
v -0.10873155 -0.14149808 0.06250000
v -0.23992871 -0.02385086 0.06250000
v 0.37570427 0.13416610 0.06250000
v -0.17721356 0.20432698 0.06250000
v -0.15600231 0.32794189 0.06250000
v 0.08062115 0.25218363 0.06250000
v 0.29794993 -0.26548046 0.06250000
v 0.05190536 0.39567648 0.06250000
v -0.08945874 -0.38884190 0.06250000
v 0.00577647 0.16254614 0.06250000
v 0.21391540 -0.17156159 0.06250000
v -0.34835355 -0.05591389 0.06250000
v -0.35311777 0.05090979 0.06250000
v -0.20342218 -0.09830973 0.06250000
v -0.11272226 0.33924054 0.06250000
v 0.07331314 0.21175339 0.06250000
v 0.25805465 0.19039313 0.06250000
v -0.26109700 -0.25276731 0.06250000
v -0.16134063 -0.12192305 0.06250000
v 0.11801510 0.26028304 0.06250000
v -0.29754220 0.14335313 0.06250000
v -0.30804750 -0.06480787 0.06250000
v -0.21746004 -0.05170160 0.06250000
v -0.34712735 -0.11886504 0.06250000
v 0.19868400 -0.16129766 0.06250000
v -0.08655635 -0.22475781 0.06250000
v -0.14030460 0.15262419 0.06250000
v 0.03346526 -0.14943644 0.06250000
v 0.05364204 0.13729375 0.06250000
v 0.26389923 -0.04421711 0.06250000
v 0.20360672 -0.19288797 0.06250000
v 0.03256200 -0.22182229 0.06250000
v -0.26553030 0.03242465 0.06250000
v -0.07533074 -0.30914192 0.06250000
v 0.16816112 0.32843719 0.06250000
v 0.33981265 -0.13883717 0.06250000
v -0.26594610 0.25538480 0.06250000
v 0.23023641 -0.22694439 0.06250000
v 0.26927398 0.24241577 0.06250000
v -0.19859841 -0.07119864 0.06250000
v -0.10311459 0.05802189 0.06250000
v -0.37521625 -0.14083074 0.06250000
v -0.25309869 -0.10529189 0.06250000
v -0.13718960 -0.34297533 0.06250000
v -0.26527618 0.19192201 0.06250000
v 0.05108349 -0.24691785 0.06250000
v -0.08798955 -0.20029599 0.06250000
v -0.31734154 0.24153624 0.06250000
v -0.10532626 -0.29238292 0.06250000
v -0.21469964 -0.24140734 0.06250000
v -0.18724551 -0.12158341 0.06250000
v 0.09400261 -0.19648085 0.06250000
v 0.21759388 -0.01243791 0.06250000
v -0.14788777 0.19319743 0.06250000
v -0.39743180 0.13913985 0.06250000
v 0.18645558 -0.21367669 0.06250000
v 0.21238647 0.04307697 0.06250000
v -0.18620023 -0.28290922 0.06250000
v 0.36381645 0.15402605 0.06250000
v -0.15503371 0.07628550 0.06250000
v -0.21974286 0.22674496 0.06250000
v -0.32175358 -0.09717962 0.06250000
v -0.35819100 -0.08891826 0.06250000
v -0.30855458 0.20433021 0.06250000
v 0.29194230 0.26139369 0.06250000
v -0.30596039 -0.14983976 0.06250000
v 0.30992979 -0.24562246 0.06250000
v 0.07317756 0.39102529 0.06250000
v -0.06907476 -0.38846360 0.06250000
v -0.19612125 0.34596610 0.06250000
v -0.30598483 -0.25668238 0.06250000
v 0.39215264 -0.15411132 0.06250000
v 0.19549448 0.37320671 0.06250000
v 0.05305504 -0.41795835 0.06250000
v -0.31880866 0.04079160 0.06250000
v 0.10482595 -0.31184982 0.06250000
v 0.17159387 0.06291795 0.06250000
v -0.33861947 -0.15191039 0.06250000
v -0.04734709 0.18421313 0.06250000
v 0.16593205 0.13515170 0.06250000
v -0.21814140 -0.10741894 0.06250000
v 0.34343630 0.03802509 0.06250000
v 0.19844363 -0.30227370 0.06250000
v 0.37748069 -0.12956576 0.06250000
v 0.20130555 0.34520740 0.06250000
v 0.06808041 -0.39353070 0.06250000
v -0.13980951 -0.14529118 0.06250000
v 0.30128846 0.18124171 0.06250000
v -0.10736593 -0.26404080 0.06250000
v -0.18475301 0.37922799 0.06250000
v -0.30553190 -0.29121881 0.06250000
v 0.11856220 0.09522295 0.06250000
v 0.27932367 0.28935405 0.06250000
v 0.16010677 -0.36956601 0.06250000
v 0.39957034 -0.03711236 0.06250000
v 0.37659026 0.18830285 0.06250000
v -0.08462839 0.38331575 0.06250000
v -0.21354703 -0.32958366 0.06250000
v -0.05356882 0.30143256 0.06250000
v -0.02374730 0.24026749 0.06250000
v -0.07849810 -0.28637640 0.06250000
v -0.06142525 -0.18264629 0.06250000
v 0.16597605 0.21105469 0.06250000
v 0.04618718 -0.17200376 0.06250000
v -0.21828239 -0.36073874 0.06250000
v -0.07875927 0.41421807 0.06250000
v 0.19526521 0.01411751 0.06250000
v -0.24297068 -0.18318568 0.06250000
v -0.05732879 0.32881210 0.06250000
v 0.02062435 -0.36231930 0.06250000
v 0.10463800 0.40772112 0.06250000
v 0.34572755 -0.24012098 0.06250000
v -0.04413526 -0.41861403 0.06250000
v 0.30237849 -0.16874655 0.06250000
v 0.19764650 -0.03897846 0.06250000
v 0.36008966 0.01423231 0.06250000
v -0.28192647 -0.11013028 0.06250000
v 0.10582771 -0.26400879 0.06250000
v 0.21592736 -0.05561114 0.06250000
v 0.10388990 -0.16541104 0.06250000
v 0.16077652 -0.23767540 0.06250000
v 0.28498909 0.02762921 0.06250000
v 0.20105214 0.09686621 0.06250000
v -0.32227468 0.18491152 0.06250000
v -0.07973934 0.17915413 0.06250000
v -0.06129281 -0.23380378 0.06250000
v 0.07953536 -0.28859416 0.06250000
v -0.30413043 0.06648724 0.06250000
v -0.23495855 -0.09380727 0.06250000
v -0.25313146 0.13460175 0.06250000
v -0.13656867 0.10205211 0.06250000
v 0.05411045 -0.26764714 0.06250000
v -0.24700801 -0.12291977 0.06250000
v -0.25821021 -0.13531325 0.06250000
v -0.36593590 -0.03206751 0.06250000
v 0.14491560 0.18373227 0.06250000
v 0.02345774 0.32741180 0.06250000
v 0.01463472 -0.28726876 0.06250000
v -0.16077421 -0.09971719 0.06250000
v -0.17535455 -0.09165653 0.06250000
v 0.31526859 0.09135044 0.06250000
v -0.03543955 -0.21254317 0.06250000
v 0.32898619 -0.15856639 0.06250000
v 0.13544839 0.32419424 0.06250000
v -0.09269535 0.25663349 0.06250000
v 0.37636978 -0.19103811 0.06250000
v 0.15991316 0.39061176 0.06250000
v 0.01314953 -0.42147170 0.06250000
v 0.22623860 -0.12258173 0.06250000
v 0.05413802 0.18511806 0.06250000
v -0.02077660 0.34458373 0.06250000
v 0.21938461 -0.27377960 0.06250000
v -0.29799441 0.26287795 0.06250000
v 0.01186663 -0.34571928 0.06250000
v 0.02551667 -0.25445100 0.06250000
v 0.34512813 0.06083395 0.06250000
v 0.39332355 0.14562333 0.06250000
v -0.08637983 -0.17136146 0.06250000
v 0.16093641 -0.10649151 0.06250000
v 0.13132874 -0.22002790 0.06250000
v 0.25645354 0.00955451 0.06250000
v -0.00295300 0.29630285 0.06250000
v -0.05595982 0.35658519 0.06250000
v 0.21016601 -0.10617438 0.06250000
v -0.12026989 0.21140149 0.06250000
v 0.31639226 -0.27547520 0.06250000
v 0.05932688 0.41529625 0.06250000
v -0.08947897 -0.41033977 0.06250000
v -0.18610036 -0.37869811 0.06250000
v -0.04185815 0.41978558 0.06250000
v 0.34881675 0.23885646 0.06250000
v 0.24289039 -0.34483149 0.06250000
v 0.41915846 0.04699704 0.06250000
v 0.18805241 -0.07178308 0.06250000
v -0.24976641 0.27603203 0.06250000
v -0.36754309 -0.06526515 0.06250000
v -0.24260165 0.16425456 0.06250000
v -0.33027910 -0.17245685 0.06250000
v 0.01729151 0.27299884 0.06250000
v 0.25738046 0.13970000 0.06250000
v 0.26413976 0.07321482 0.06250000
v -0.18407608 0.23839561 0.06250000
v -0.29724764 -0.01430558 0.06250000
v 0.00673934 -0.24417335 0.06250000
v -0.29303574 0.03470437 0.06250000
v -0.29588518 0.01601356 0.06250000
v -0.27418409 -0.01563008 0.06250000
v -0.39932424 0.01285439 0.06250000
v 0.22737696 0.12781322 0.06250000
v -0.00188081 0.18994830 0.06250000
v -0.19945763 0.02780745 0.06250000
v 0.05277840 0.21648318 0.06250000
v 0.15148571 0.09608250 0.06250000
v -0.42134710 0.00119784 0.06250000
v -0.37597556 -0.11537385 0.06250000
v 0.18642576 -0.30855660 0.06250000
v 0.41759574 -0.05719753 0.06250000
v 0.28083075 0.31708539 0.06250000
v 0.15080079 -0.39359481 0.06250000
v -0.30673959 -0.12088726 0.06250000
v 0.26337608 -0.29470368 0.06250000
v 0.00663828 0.39518747 0.06250000
v -0.13981509 -0.37243252 0.06250000
v -0.13622971 0.18162975 0.06250000
v 0.41665775 0.07534000 0.06250000
v 0.36463480 0.21529600 0.06250000
v 0.24686944 -0.15817639 0.06250000
v -0.04807549 0.21630208 0.06250000
v -0.29950464 0.29588758 0.06250000
v 0.38491798 0.08920322 0.06250000
v 0.34811701 0.19212065 0.06250000
v 0.16842034 -0.04923523 0.06250000
v 0.22298721 0.00068694 0.06250000
v 0.13170147 -0.37791461 0.06250000
v 0.39575989 -0.06723283 0.06250000
v 0.19428190 -0.33204975 0.06250000
v 0.38496040 0.01054270 0.06250000
v 0.26648447 -0.32907698 0.06250000
v -0.01348101 0.42323031 0.06250000
v -0.16046136 -0.39228990 0.06250000
v -0.30653684 0.08857642 0.06250000
v 0.03114816 -0.33158469 0.06250000
v -0.16694416 -0.06808650 0.06250000
v -0.16374334 0.02751494 0.06250000
v 0.10621061 0.38162499 0.06250000
v -0.03288515 -0.39368490 0.06250000
v 0.33000328 -0.21941955 0.06250000
v 0.10793868 -0.19517551 0.06250000
v -0.37965748 0.12370616 0.06250000
v -0.04269462 0.26358908 0.06250000
v -0.16859865 0.14462211 0.06250000
v -0.16128534 0.25205794 0.06250000
v 0.13367376 0.40155511 0.06250000
v -0.01472109 -0.42285995 0.06250000
v 0.36366828 -0.21647301 0.06250000
v 0.22710570 -0.08638192 0.06250000
v 0.36113573 -0.04895773 0.06250000
v 0.24127004 0.27313849 0.06250000
v 0.13085619 -0.34013605 0.06250000
v -0.10470246 -0.19890545 0.06250000
v -0.20568865 0.13747300 0.06250000
v -0.12819614 -0.23952143 0.06250000
v 0.18171031 -0.17752029 0.06250000
v 0.28476618 0.10657719 0.06250000
v 0.04534450 0.31499853 0.06250000
v -0.39092416 0.10194444 0.06250000
v 0.00753509 -0.12869051 0.06250000
v 0.10947621 0.05711246 0.06250000
v 0.28283686 -0.20343171 0.06250000
v 0.08242636 0.33827060 0.06250000
v 0.12111825 0.17412079 0.06250000
v 0.19608061 0.25792443 0.06250000
v -0.08647555 0.01355577 0.06250000
v -0.09980262 -0.30823031 0.06250000
v -0.41031526 -0.09569647 0.06250000
v 0.12676193 0.05768685 0.06250000
v 0.09655866 0.16156033 0.06250000
v 0.10502010 0.14810241 0.06250000
v -0.15591864 0.04325881 0.06250000
v -0.16775831 0.05720511 0.06250000
v 0.10116510 -0.34341079 0.06250000
v 0.34104209 0.13520404 0.06250000
v 0.24044520 -0.09595171 0.06250000
v -0.14288330 0.28489551 0.06250000
v -0.28583930 -0.27161654 0.06250000
v -0.17282221 0.35502500 0.06250000
v 0.18868401 0.04269891 0.06250000
v 0.12549400 0.00957206 0.06250000
v 0.29573746 -0.05470365 0.06250000
v 0.36119012 -0.08286597 0.06250000
v -0.08360375 0.30287065 0.06250000
v 0.28620866 0.13879941 0.06250000
v 0.28648496 0.23209094 0.06250000
v 0.24044568 -0.11094534 0.06250000
v -0.23098803 -0.15029803 0.06250000
v -0.19934120 -0.29505818 0.06250000
v 0.06047157 0.36209522 0.06250000
v -0.06567165 -0.34019953 0.06250000
v 0.39415910 0.05087691 0.06250000
v -0.03261279 0.39608870 0.06250000
v 0.23426346 -0.32104593 0.06250000
v 0.25793245 -0.18195229 0.06250000
v 0.07526366 0.30855275 0.06250000
v 0.24537786 0.19639376 0.06250000
v 0.21132913 0.31193874 0.06250000
v 0.04329083 0.30000191 0.06250000
v 0.00596229 -0.39738998 0.06250000
v 0.27893350 0.05712222 0.06250000
v -0.27260599 -0.29422670 0.06250000
v -0.15287286 0.37082999 0.06250000
v 0.31372182 0.15118964 0.06250000
v 0.29940847 0.11016668 0.06250000
v 0.06671409 0.10683455 0.06250000
v 0.14458947 0.33641384 0.06250000
v -0.18751301 -0.31431294 0.06250000
v 0.11855083 -0.10305739 0.06250000
v -0.23329656 -0.21623116 0.06250000
v -0.35778409 -0.17873672 0.06250000
v -0.19105665 -0.10754069 0.06250000
v 0.02836437 0.29307909 0.06250000
v 0.01595237 0.30511777 0.06250000
v 0.11682071 -0.14587740 0.06250000
v 0.29030493 -0.09580026 0.06250000
v 0.15807101 0.26216854 0.06250000
v -0.38560028 0.18047429 0.06250000
v -0.07819074 -0.18181440 0.06250000
v 0.33552486 -0.09511005 0.06250000
v 0.19167026 0.29108969 0.06250000
v 0.07995067 -0.33830950 0.06250000
v -0.33666698 0.21046435 0.06250000
v 0.23267642 -0.18593884 0.06250000
v 0.04082596 0.25442349 0.06250000
v 0.23847586 0.09290851 0.06250000
v 0.28062370 0.08896067 0.06250000
v 0.29505920 0.07926113 0.06250000
v -0.09942979 -0.25048390 0.06250000
v -0.19489061 0.07301780 0.06250000
v -0.41635168 0.08773224 0.06250000
v 0.18907525 -0.01202878 0.06250000
v 0.08043570 -0.17153495 0.06250000
v -0.30190488 -0.03052629 0.06250000
v -0.20951736 -0.00720754 0.06250000
v -0.23597828 -0.04996575 0.06250000
v -0.17864607 0.09976120 0.06250000
v -0.27860816 0.11595907 0.06250000
v -0.42145264 -0.03402801 0.06250000
v -0.38915331 -0.08331765 0.06250000
v -0.07853446 -0.01130605 0.06250000
v -0.11552846 0.17329898 0.06250000
v -0.15248712 0.09627354 0.06250000
v 0.19046115 0.21211808 0.06250000
v -0.27739685 0.28546605 0.06250000
v -0.32775579 0.26270264 0.06250000
v 0.33253654 0.21915897 0.06250000
v 0.15848095 -0.26479036 0.06250000
v 0.30837218 0.01150978 0.06250000
v 0.08723260 0.08718955 0.06250000
v 0.11868022 -0.21702531 0.06250000
v -0.22454670 0.35361775 0.06250000
v -0.33371293 -0.25306640 0.06250000
v 0.05741684 0.04979830 0.06250000
v -0.27989011 0.08961225 0.06250000
v -0.18809859 0.12335616 0.06250000
v -0.16916219 -0.36277200 0.06250000
v -0.02393326 -0.30430401 0.06250000
v -0.20917132 -0.26885783 0.06250000
v -0.35648652 -0.22742059 0.06250000
v -0.25478307 0.33747347 0.06250000
v -0.18254620 0.00548865 0.06250000
v -0.29271316 0.15865655 0.06250000
v 0.25513978 0.31007709 0.06250000
v 0.14414585 0.37239177 0.06250000
v 0.35252718 -0.18755865 0.06250000
v 0.24901996 -0.00184779 0.06250000
v -0.24643556 0.06054249 0.06250000
v 0.01093164 -0.07464678 0.06250000
v 0.30019465 0.24861673 0.06250000
v -0.24295960 0.01095959 0.06250000
v -0.20393936 0.31011831 0.06250000
v 0.08194900 -0.02290875 0.06250000
v 0.14498053 -0.01128817 0.06250000
v 0.05996516 -0.13271091 0.06250000
v 0.03537403 -0.18351980 0.06250000
v 0.13762466 -0.12252224 0.06250000
v 0.31278125 -0.15615763 0.06250000
v -0.08463529 0.28797581 0.06250000
v -0.29786198 -0.21927386 0.06250000
v 0.09432571 0.28389695 0.06250000
v -0.04217728 0.36471176 0.06250000
v -0.00094040 0.23810781 0.06250000
v 0.16666274 -0.01768245 0.06250000
v 0.33410826 0.01001545 0.06250000
v 0.16954794 -0.28806621 0.06250000
v 0.29981221 0.21177242 0.06250000
v 0.37862943 0.11911758 0.06250000
v 0.14538828 -0.10081699 0.06250000
v -0.36683516 0.20793985 0.06250000
v 0.26511539 -0.21966236 0.06250000
v -0.00011876 0.28174304 0.06250000
v -0.28548787 0.06397292 0.06250000
v 0.37045853 0.09961830 0.06250000
v 0.21435087 0.15981621 0.06250000
v 0.15062330 0.17010554 0.06250000
v -0.39919316 -0.14019793 0.06250000
v 0.10603475 -0.35756989 0.06250000
v 0.16683206 -0.08064413 0.06250000
v -0.01194621 0.35669362 0.06250000
v -0.26695985 0.14059885 0.06250000
v 0.33153050 -0.01156869 0.06250000
v 0.15016116 -0.29606901 0.06250000
v 0.27254781 0.25675698 0.06250000
v 0.02086094 -0.39128285 0.06250000
v -0.10241080 -0.07078488 0.06250000
v 0.07514465 0.14692665 0.06250000
v -0.16949968 0.33532307 0.06250000
v 0.09317320 -0.38357043 0.06250000
v 0.38101749 -0.10289474 0.06250000
v -0.05546807 -0.16733995 0.06250000
v 0.15008938 0.20729686 0.06250000
v 0.06563587 -0.19237656 0.06250000
v -0.07173232 0.02902686 0.06250000
v -0.28049270 0.31405836 0.06250000
v 0.11068792 0.23976160 0.06250000
v -0.00983885 -0.35889413 0.06250000
v -0.08223260 0.34694839 0.06250000
v -0.09377328 0.04724174 0.06250000
v 0.33153541 0.10302581 0.06250000
v 0.03144845 0.34572331 0.06250000
v 0.24886454 -0.23938245 0.06250000
v 0.06451597 -0.15724546 0.06250000
v -0.03570932 -0.17989636 0.06250000
v -0.04702004 0.15128042 0.06250000
v 0.28629948 -0.27489889 0.06250000
v -0.10321819 -0.38325291 0.06250000
v 0.03693202 0.39518706 0.06250000
v 0.21908574 -0.32434324 0.06250000
v 0.39062280 0.03511600 0.06250000
v -0.26970047 0.22439456 0.06250000
v -0.13181384 -0.02876497 0.06250000
v 0.23133258 0.05274283 0.06250000
v 0.26512032 -0.27717105 0.06250000
v 0.01931435 0.38307401 0.06250000
v -0.11582842 -0.36565114 0.06250000
v 0.12838366 0.15818786 0.06250000
v -0.16905363 0.17266736 0.06250000
v 0.24798361 -0.04955713 0.06250000
v -0.07658149 -0.25489720 0.06250000
v 0.03634380 -0.24505402 0.06250000
v -0.35146520 0.02906979 0.06250000
v 0.02472114 0.21701469 0.06250000
v 0.34627939 0.11876634 0.06250000
v 0.27260691 -0.01383971 0.06250000
v 0.24396176 -0.20789689 0.06250000
v -0.04003135 0.06404449 0.06250000
v 0.21771006 -0.22164947 0.06250000
v 0.27144820 -0.10080874 0.06250000
v 0.13636186 0.25437345 0.06250000
v -0.27160501 0.05299811 0.06250000
v -0.18310645 0.05075554 0.06250000
v -0.09013544 -0.33285224 0.06250000
v -0.07226099 0.38249154 0.06250000
v -0.20216146 -0.33279070 0.06250000
v -0.25685485 -0.18662499 0.06250000
v 0.30588393 -0.14127571 0.06250000
v 0.13978371 0.30740206 0.06250000
v -0.02443530 0.08249468 0.06250000
v -0.33374232 -0.11128051 0.06250000
v 0.14596916 0.08036680 0.06250000
v -0.20957069 0.05014405 0.06250000
v 0.04631108 -0.02196649 0.06250000
v -0.10385896 0.31211036 0.06250000
v -0.37125020 -0.00990182 0.06250000
v 0.11352450 -0.04891505 0.06250000
v -0.23034675 0.14525222 0.06250000
v 0.21420854 0.09039795 0.06250000
v -0.15465229 -0.31960249 0.06250000
v -0.16663429 -0.32925149 0.06250000
v -0.22385653 0.29613495 0.06250000
v 0.27263271 -0.17798940 0.06250000
v 0.09294215 0.33038526 0.06250000
v 0.04439672 0.36607569 0.06250000
v 0.31117031 -0.18452650 0.06250000
v 0.08897411 -0.41241752 0.06250000
v 0.22756801 0.35582045 0.06250000
v 0.40434595 -0.12045316 0.06250000
v 0.28772345 0.15335328 0.06250000
v 0.29009404 0.19379171 0.06250000
v 0.28485970 -0.03680201 0.06250000
v 0.41178374 0.10205981 0.06250000
v 0.00717197 -0.19047835 0.06250000
v -0.09408562 0.09517633 0.06250000
v 0.13580686 0.03151064 0.06250000
v -0.11431544 -0.32176630 0.06250000
v 0.00506290 -0.27482361 0.06250000
v 0.22278560 0.20783859 0.06250000
v 0.20538166 0.06705430 0.06250000
v 0.21636036 0.18873683 0.06250000
v 0.06870878 0.27321530 0.06250000
v 0.39005243 0.16044304 0.06250000
v -0.41720452 -0.07199736 0.06250000
v 0.04126249 -0.10197458 0.06250000
v -0.31395604 -0.19938734 0.06250000
v 0.05027475 0.08496689 0.06250000
v -0.13688953 -0.17015410 0.06250000
v -0.07815303 -0.21117147 0.06250000
v -0.37314583 -0.19848688 0.06250000
v -0.23781261 0.24870570 0.06250000
v 0.07677379 0.01674453 0.06250000
v -0.16424485 0.10408255 0.06250000
v 0.34455574 0.16821345 0.06250000
v -0.27077489 0.01145524 0.06250000
v -0.35880941 0.18168752 0.06250000
v -0.13526200 -0.40246016 0.06250000
v 0.01361325 0.42404771 0.06250000
v 0.28752143 -0.31198271 0.06250000
v 0.16780373 -0.33677309 0.06250000
v 0.36622216 -0.01726211 0.06250000
v -0.18527579 0.03568244 0.06250000
v -0.37949636 0.03566661 0.06250000
v -0.02608816 0.17034550 0.06250000
v -0.28585170 -0.14314829 0.06250000
v 0.02303334 0.07457370 0.06250000
v -0.07910051 0.21631495 0.06250000
v -0.13413040 0.25616247 0.06250000
v 0.17289436 0.18913446 0.06250000
v 0.08131187 -0.30880457 0.06250000
v 0.07510849 0.41559129 0.06250000
v -0.07486649 -0.41482267 0.06250000
v 0.32852729 -0.26538128 0.06250000
v -0.02637815 -0.16440464 0.06250000
v -0.03560837 -0.27569864 0.06250000
v 0.13303240 -0.14779935 0.06250000
v -0.39695669 0.07247119 0.06250000
v 0.15422337 0.14539931 0.06250000
v -0.08400536 -0.03921064 0.06250000
v 0.06442901 0.24215821 0.06250000
v -0.15064286 -0.34917208 0.06250000
v 0.04617396 0.15481160 0.06250000
v 0.09799700 -0.00286991 0.06250000
v 0.14366419 -0.19910831 0.06250000
v 0.31399691 -0.22189970 0.06250000
v 0.09271411 0.37463855 0.06250000
v -0.04376136 -0.38160654 0.06250000
v -0.04851491 0.38824326 0.06250000
v -0.39955570 -0.04968464 0.06250000
v 0.04344298 0.20210433 0.06250000
v 0.10413710 0.10524553 0.06250000
v -0.32465871 -0.12562549 0.06250000
v 0.03452898 -0.07928631 0.06250000
v -0.10606317 -0.33499213 0.06250000
v -0.22698363 -0.01935340 0.06250000
v 0.21464131 0.34035443 0.06250000
v -0.00729147 -0.32776343 0.06250000
v -0.34662866 -0.20495339 0.06250000
v -0.25326779 0.31278546 0.06250000
v -0.07443201 0.06529448 0.06250000
v -0.08790106 0.14845291 0.06250000
v 0.06828516 -0.34833515 0.06250000
v 0.18346216 0.30229661 0.06250000
v 0.33732574 -0.10808300 0.06250000
v 0.16069975 -0.22119401 0.06250000
v -0.14912114 0.16094791 0.06250000
v -0.07851774 0.11338465 0.06250000
v -0.24728309 -0.33981564 0.06250000
v -0.11323636 0.40472351 0.06250000
v -0.15558294 -0.02428105 0.06250000
v -0.27925585 -0.25486005 0.06250000
v -0.11917361 0.05557456 0.06250000
v -0.00608573 -0.21691285 0.06250000
v 0.08256314 -0.39490815 0.06250000
v 0.38588916 -0.11765392 0.06250000
v 0.10224282 0.07670594 0.06250000
v 0.14707481 0.00350286 0.06250000
v 0.07384101 -0.12724299 0.06250000
v 0.14078020 -0.04022030 0.06250000
v -0.02997766 -0.08775130 0.06250000
v -0.36490225 0.09781815 0.06250000
v -0.34691326 0.13486021 0.06250000
v 0.24160510 0.02871691 0.06250000
v -0.23621719 -0.33056737 0.06250000
v -0.10609089 0.39219648 0.06250000
v 0.16367297 -0.31763371 0.06250000
v -0.04539229 0.02252148 0.06250000
v 0.10921511 0.18157396 0.06250000
v -0.25060026 0.09006849 0.06250000
v -0.33770763 0.17939140 0.06250000
v -0.06105009 -0.10895152 0.06250000
v -0.30565144 -0.18738671 0.06250000
v -0.05110953 -0.06846710 0.06250000
v 0.12266176 0.29635088 0.06250000
v -0.20743388 0.10761311 0.06250000
v 0.05860921 -0.21837032 0.06250000
v -0.12514550 0.08190668 0.06250000
v -0.22993106 -0.07694689 0.06250000
v -0.00287060 0.15400745 0.06250000
v 0.18727737 -0.35857908 0.06250000
v 0.40470141 -0.00801151 0.06250000
v -0.10315009 -0.27441134 0.06250000
v 0.21618978 -0.20321740 0.06250000
v 0.18603248 0.02769454 0.06250000
v -0.08770342 -0.11650106 0.06250000
v -0.32209493 0.05544590 0.06250000
v -0.22812826 0.20032935 0.06250000
v -0.23141415 0.21428576 0.06250000
v 0.23674165 0.22660686 0.06250000
v -0.13932996 -0.13094926 0.06250000
v -0.35754167 0.22951101 0.06250000
v 0.11264380 0.12487790 0.06250000
v -0.04519799 -0.04100304 0.06250000
v -0.21914256 0.28047125 0.06250000
v -0.24665345 -0.29195470 0.06250000
v -0.12936560 0.35967461 0.06250000
v -0.16868019 0.07499071 0.06250000
v -0.12966419 0.30921624 0.06250000
v -0.13212358 0.32617558 0.06250000
v -0.31573501 -0.00380250 0.06250000
v -0.15054205 0.00390074 0.06250000
v 0.27395963 0.11680266 0.06250000
v -0.01488172 -0.28278665 0.06250000
v 0.07871396 0.11701651 0.06250000
v 0.18344089 0.23723971 0.06250000
v -0.13421460 -0.04254343 0.06250000
v -0.21423101 -0.03669498 0.06250000
v -0.17029710 0.38700740 0.06250000
v -0.29461938 -0.30338058 0.06250000
v -0.13557090 0.23853810 0.06250000
v 0.17380854 -0.09985697 0.06250000
v 0.28643206 -0.23265534 0.06250000
v -0.06543414 -0.36122475 0.06250000
v -0.32809341 0.13644636 0.06250000
v -0.15666927 -0.14986875 0.06250000
v -0.22624385 0.01037666 0.06250000
v 0.34011840 0.09059245 0.06250000
v 0.16984313 0.09661242 0.06250000
v -0.14976799 0.12677449 0.06250000
v 0.08908523 -0.14669974 0.06250000
v 0.17175866 0.00753666 0.06250000
v 0.01762286 0.35203266 0.06250000
v 0.24456790 -0.25513679 0.06250000
v -0.09446164 -0.02948292 0.06250000
v 0.04362293 0.22991855 0.06250000
v 0.13126494 -0.17281144 0.06250000
v -0.16961570 0.26722366 0.06250000
v -0.04008350 -0.12845720 0.06250000
v -0.28050111 0.20738829 0.06250000
v 0.28272083 -0.14047010 0.06250000
v -0.20549680 -0.08365316 0.06250000
v -0.00461574 -0.02722832 0.06250000
v -0.33154795 -0.07208199 0.06250000
v 0.11505474 0.34316355 0.06250000
v -0.14605861 0.30412569 0.06250000
v 0.04388527 -0.38359059 0.06250000
v -0.27259174 0.18171251 0.06250000
v -0.05494018 0.17187178 0.06250000
v -0.06925263 0.16893753 0.06250000
v -0.42197365 0.02966268 0.06250000
v -0.29329680 0.19859454 0.06250000
v 0.20052850 0.16935952 0.06250000
v -0.06660672 -0.29448715 0.06250000
v -0.06819349 -0.08595370 0.06250000
v -0.06757872 -0.02169219 0.06250000
v -0.19575475 0.05803169 0.06250000
v -0.17227115 0.23520728 0.06250000
v -0.01278864 -0.06904151 0.06250000
v -0.20898971 0.07885881 0.06250000
v -0.32027294 -0.05361712 0.06250000
v -0.01910618 0.03180443 0.06250000
v 0.05394155 -0.04555840 0.06250000
v 0.07905339 -0.24069495 0.06250000
v -0.24383372 -0.23473491 0.06250000
v -0.02787355 0.20084862 0.06250000
v 0.12310169 -0.11824116 0.06250000
v 0.02243728 0.13973705 0.06250000
v -0.01531701 0.32388214 0.06250000
v -0.13381680 0.03324216 0.06250000
v 0.05114916 -0.05959519 0.06250000
v -0.29391079 0.11061034 0.06250000
v 0.18285239 -0.14664434 0.06250000
v -0.23831969 -0.25970155 0.06250000
v -0.23208614 -0.24665695 0.06250000
v -0.33443214 -0.18583850 0.06250000
v -0.24860709 0.29082666 0.06250000
v -0.01773616 -0.13391106 0.06250000
v -0.06240134 -0.39890195 0.06250000
v -0.29021980 -0.08665111 0.06250000
v -0.00987434 0.21604126 0.06250000
v 0.04363095 -0.03567347 0.06250000
v -0.11872125 -0.08899465 0.06250000
v -0.01559494 0.12183754 0.06250000
v -0.09204463 -0.01498324 0.06250000
v -0.07805262 0.05033329 0.06250000
v -0.03040220 0.29169855 0.06250000
v -0.27701589 -0.22995915 0.06250000
v -0.02660004 -0.07375028 0.06250000
v 0.01718135 -0.17006561 0.06250000
v -0.09781924 -0.23373401 0.06250000
v -0.25952781 -0.09455960 0.06250000
v 0.27356105 -0.25366727 0.06250000
v -0.08854080 -0.36113433 0.06250000
v 0.17498951 0.16456624 0.06250000
v 0.03521589 -0.01236538 0.06250000
v 0.00355586 -0.05003452 0.06250000
v 0.17782453 0.11238067 0.06250000
v 0.02329480 0.19033301 0.06250000
v 0.06520354 0.02620015 0.06250000
v 0.31885159 0.22852693 0.06250000
v -0.10923131 -0.09822999 0.06250000
v 0.24472884 -0.06349744 0.06250000
v -0.11837629 -0.02359231 0.06250000
v -0.37926473 -0.05507594 0.06250000
v 0.25576150 -0.31790543 0.06250000
v -0.01429185 0.40776654 0.06250000
v -0.15468937 -0.37811066 0.06250000
v -0.01314310 0.07349784 0.06250000
v 0.15487859 -0.17090078 0.06250000
v -0.34056821 0.11066585 0.06250000
v 0.40167356 0.07130449 0.06250000
v 0.35160850 0.20686487 0.06250000
v 0.02717175 -0.05432011 0.06250000
v -0.31984664 0.21540859 0.06250000
v 0.15633874 0.36015928 0.06250000
v 0.35375674 -0.17033109 0.06250000
v -0.03727019 -0.06425891 0.06250000
v -0.27884519 0.13283910 0.06250000
v -0.10281912 0.32637073 0.06250000
v -0.25339400 0.03622244 0.06250000
v 0.22877970 0.18167494 0.06250000
v 0.09361780 -0.28335371 0.06250000
v 0.10381100 -0.29674771 0.06250000
v -0.17771104 -0.07832431 0.06250000
v 0.02698626 -0.10750404 0.06250000
v 0.01404938 -0.05939366 0.06250000
v 0.30368597 0.16034659 0.06250000
v -0.27671779 -0.06869653 0.06250000
v 0.13306334 0.18578471 0.06250000
v 0.12372234 0.22991079 0.06250000
v 0.11591175 -0.03504081 0.06250000
v 0.16603245 -0.12464420 0.06250000
v 0.20408965 -0.07435853 0.06250000
v 0.09258010 0.03506600 0.06250000
v 0.33473293 0.07806379 0.06250000
v -0.15369140 -0.28933106 0.06250000
v -0.15850150 -0.03875333 0.06250000
v -0.27861378 0.16048796 0.06250000
v -0.38560754 -0.17862501 0.06250000
v -0.31502723 -0.23457811 0.06250000
v 0.22139428 -0.24875774 0.06250000
v 0.00640181 0.34327904 0.06250000
v 0.33529335 0.02588776 0.06250000
v -0.32068974 0.27558286 0.06250000
v -0.35497203 -0.04322491 0.06250000
v 0.07427741 0.00234906 0.06250000
v 0.21105744 -0.37022344 0.06250000
v 0.32694299 0.27339790 0.06250000
v 0.42610261 0.00687055 0.06250000
v 0.07400246 0.06782589 0.06250000
v -0.19634321 0.26799963 0.06250000
v -0.09216364 -0.08020729 0.06250000
v -0.21212676 0.32348063 0.06250000
v -0.12025705 -0.29549040 0.06250000
v 0.27015991 0.03214103 0.06250000
v 0.28693266 -0.18915679 0.06250000
v -0.10881172 0.07999144 0.06250000
v 0.06779730 0.19097001 0.06250000
v 0.28584937 -0.07856700 0.06250000
v 0.16617415 0.25060304 0.06250000
v -0.01373678 -0.40761006 0.06250000
v 0.12829555 0.38737981 0.06250000
v 0.35033145 -0.20926239 0.06250000
v -0.12174478 0.26301128 0.06250000
v -0.40281390 0.02552832 0.06250000
v 0.07873150 0.28586956 0.06250000
v 0.12920237 -0.02997492 0.06250000
v 0.27327716 0.13227037 0.06250000
v -0.21656239 0.16244481 0.06250000
v 0.24440456 -0.17995434 0.06250000
v 0.04090068 0.02976961 0.06250000
v 0.04310192 0.04373670 0.06250000
v 0.02829053 0.15414189 0.06250000
v -0.04411982 -0.09163964 0.06250000
v 0.01307126 0.00512575 0.06250000
v 0.02608773 0.01051919 0.06250000
v -0.03172590 -0.22771227 0.06250000
v -0.08787876 -0.31770345 0.06250000
v 0.14166149 -0.32976183 0.06250000
v 0.24720861 0.25971689 0.06250000
v 0.35628810 -0.03640408 0.06250000
v 0.13833711 -0.05300417 0.06250000
v 0.23640519 -0.04110998 0.06250000
v -0.07877194 -0.07609384 0.06250000
v 0.09193501 -0.03180356 0.06250000
v 0.12998453 0.10413611 0.06250000
v 0.10491680 0.04000371 0.06250000
v 0.26603155 0.08738830 0.06250000
v 0.02973791 0.27786170 0.06250000
v -0.31818241 0.15640501 0.06250000
v 0.00139295 0.09256511 0.06250000
v -0.08470011 -0.10325380 0.06250000
v -0.03445787 -0.05043230 0.06250000
v -0.02092805 -0.04589370 0.06250000
v -0.01836507 -0.03210860 0.06250000
v 0.36225296 -0.10086908 0.06250000
v 0.08625539 -0.36593041 0.06250000
v 0.12757204 0.08000646 0.06250000
v -0.07807154 -0.12555268 0.06250000
v 0.05208626 0.02095015 0.06250000
v 0.10059701 0.01127707 0.06250000
v 0.08104499 0.18335631 0.06250000
v -0.27800311 0.27119349 0.06250000
v -0.17309350 0.13013579 0.06250000
v 0.02996590 -0.04023666 0.06250000
v -0.00273501 -0.07900305 0.06250000
v -0.02361330 -0.11064203 0.06250000
v 0.20588198 -0.27485480 0.06250000
v -0.21011974 0.25889007 0.06250000
v -0.20906916 0.24526756 0.06250000
v 0.01654689 0.11140395 0.06250000
v 0.04868220 0.07157594 0.06250000
v 0.08551842 -0.07376824 0.06250000
v -0.17838299 0.31277849 0.06250000
v 0.06186292 -0.06955444 0.06250000
v -0.06188810 -0.05877214 0.06250000
v -0.05313230 -0.01791665 0.06250000
v -0.32838359 0.08109311 0.06250000
v 0.03848521 0.09440770 0.06250000
v 0.02794597 0.02433909 0.06250000
v -0.06255744 0.14564694 0.06250000
v -0.30678440 -0.10356281 0.06250000
v -0.30638349 0.24962079 0.06250000
v -0.26474411 0.11069923 0.06250000
v -0.29560675 -0.05500951 0.06250000
v 0.02199962 -0.01730444 0.06250000
v 0.12145538 -0.00686245 0.06250000
v -0.24650984 -0.07542609 0.06250000
v 0.31103244 -0.07650660 0.06250000
v -0.30288345 0.13079741 0.06250000
v 0.34690911 -0.05929416 0.06250000
v 0.22333864 0.27049518 0.06250000
v 0.11567334 -0.31822436 0.06250000
v -0.40626180 -0.12614816 0.06250000
v -0.10262145 -0.00473348 0.06250000
v -0.28889784 0.18442509 0.06250000
v 0.01666216 -0.20068926 0.06250000
v 0.06828997 0.04026172 0.06250000
v 0.16901074 -0.19362079 0.06250000
v -0.01379466 -0.20423401 0.06250000
v 0.08087256 0.22281650 0.06250000
v 0.06875666 0.16110158 0.06250000
v -0.15784839 0.28018989 0.06250000
v -0.00440776 0.05088188 0.06250000
v -0.00995775 -0.05504884 0.06250000
v -0.00229176 -0.01358215 0.06250000
v 0.11247437 -0.12963041 0.06250000
v 0.01689959 0.03287780 0.06250000
v 0.15687619 -0.13383797 0.06250000
v -0.02884681 -0.02297179 0.06250000
v 0.04895991 -0.12413193 0.06250000
v 0.08928124 0.31349239 0.06250000
v -0.16573522 0.21734675 0.06250000
v -0.05889469 -0.04518946 0.06250000
v 0.27112232 -0.11476963 0.06250000
v 0.06137485 -0.00273895 0.06250000
v 0.04492718 -0.08849835 0.06250000
v 0.38672701 -0.17924107 0.06250000
v 0.17546290 0.38845581 0.06250000
v 0.02888043 -0.42519605 0.06250000
v 0.40534603 0.12731782 0.06250000
v -0.12042785 -0.14883759 0.06250000
v -0.18947879 -0.18683377 0.06250000
v -0.06111285 0.00526092 0.06250000
v -0.05433284 -0.08206844 0.06250000
v 0.08467619 -0.00791907 0.06250000
v 0.24053596 0.34810489 0.06250000
v 0.10422475 -0.41089806 0.06250000
v 0.41035235 -0.10635301 0.06250000
v -0.35745991 0.01717959 0.06250000
v 0.05905435 -0.01766177 0.06250000
v 0.18345761 -0.28153100 0.06250000
v 0.02522007 0.08950131 0.06250000
v 0.35590404 0.00160370 0.06250000
v -0.01520887 0.05960208 0.06250000
v -0.00658273 -0.09329281 0.06250000
v 0.00222869 0.01381249 0.06250000
v 0.03719959 0.00176139 0.06250000
v -0.00034894 0.07836736 0.06250000
v -0.07092015 0.19322474 0.06250000
v 0.39672256 0.10084400 0.06250000
v 0.00412892 0.02801131 0.06250000
v 0.02975021 0.11672146 0.06250000
v -0.34579705 0.06207886 0.06250000
v 0.36202065 -0.12539479 0.06250000
v 0.19327091 0.32946870 0.06250000
v -0.12627888 0.00005758 0.06250000
v -0.13984988 -0.00530514 0.06250000
v -0.20625191 0.20456485 0.06250000
v -0.12592516 -0.06416740 0.06250000
v -0.02810969 0.05455574 0.06250000
v 0.00311731 -0.10294896 0.06250000
v 0.14455634 0.28227030 0.06250000
v 0.28470269 -0.12193293 0.06250000
v -0.09971460 -0.05681296 0.06250000
v -0.28250664 0.24444939 0.06250000
v 0.01426309 0.09798124 0.06250000
v -0.04926708 0.08891574 0.06250000
v 0.05024564 0.00681411 0.06250000
v 0.21805026 0.29383456 0.06250000
v -0.01000791 0.10119242 0.06250000
v 0.33809552 0.04958861 0.06250000
v 0.01082176 -0.00854734 0.06250000
v 0.07508559 -0.06494396 0.06250000
v -0.03036048 0.04075895 0.06250000
v 0.25330763 0.16728879 0.06250000
v -0.22175008 0.02500619 0.06250000
v 0.15871384 0.07158180 0.06250000
v 0.27893709 -0.29972311 0.06250000
v 0.01513205 0.40915873 0.06250000
v -0.12863670 -0.38732619 0.06250000
v 0.08480951 0.05869446 0.06250000
v 0.20103168 0.12597415 0.06250000
v 0.18639747 -0.23932049 0.06250000
v 0.25754671 0.29536105 0.06250000
v 0.30134455 0.04711237 0.06250000
v 0.23282183 -0.35696071 0.06250000
v 0.34336650 0.25306720 0.06250000
v 0.42494854 0.03233194 0.06250000
v 0.02396786 -0.12105567 0.06250000
v -0.06292375 -0.31925789 0.06250000
v -0.11047014 -0.41038581 0.06250000
v 0.03959871 0.42314549 0.06250000
v 0.30659514 -0.29431206 0.06250000
v -0.04136668 0.12823078 0.06250000
v -0.02270029 0.09684130 0.06250000
v -0.01058396 0.00868556 0.06250000
v -0.42319970 -0.04961322 0.06250000
v -0.07024595 -0.03531506 0.06250000
v -0.04712441 -0.10532026 0.06250000
v -0.04250291 -0.02731016 0.06250000
v 0.06850770 -0.41956285 0.06250000
v 0.21049697 0.36933541 0.06250000
v 0.40080039 -0.14175008 0.06250000
v -0.04892338 -0.31576869 0.06250000
v 0.22320574 0.11217475 0.06250000
v -0.02626706 -0.00955492 0.06250000
v -0.02124658 0.01765000 0.06250000
v -0.21489741 -0.19741201 0.06250000
v -0.09982682 0.00891955 0.06250000
v 0.00638492 -0.03579473 0.06250000
v -0.35427290 -0.15494241 0.06250000
v 0.01953618 -0.03102984 0.06250000
v 0.10545679 -0.09315871 0.06250000
v 0.32452719 0.18237648 0.06250000
v 0.18320106 0.26229954 0.06250000
v -0.36698930 0.13989554 0.06250000
v -0.07431115 -0.23447681 0.06250000
v 0.09727080 -0.11769541 0.06250000
v 0.08198719 0.04480182 0.06250000
v -0.13848493 -0.32710460 0.06250000
v -0.02246495 -0.31962240 0.06250000
v 0.07454458 0.08208401 0.06250000
v -0.05453856 0.04626265 0.06250000
v -0.31231501 0.17568847 0.06250000
v 0.03611089 -0.12869032 0.06250000
v 0.38002069 -0.01212275 0.06250000
v -0.29843504 0.22685516 0.06250000
v 0.15307655 -0.35677393 0.06250000
v 0.26977613 0.28083273 0.06250000
v 0.38907367 -0.04560872 0.06250000
v -0.37849164 -0.09252001 0.06250000
v -0.09475429 0.19608262 0.06250000
v -0.10758470 0.18785938 0.06250000
v -0.01304994 -0.00484592 0.06250000
v 0.00985880 0.13367743 0.06250000
v 0.03410395 -0.30645756 0.06250000
v -0.09519112 -0.09408160 0.06250000
v -0.03944970 -0.19748054 0.06250000
v 0.36237805 0.07471690 0.06250000
v 0.10511252 -0.02666110 0.06250000
v 0.23979439 -0.28136287 0.06250000
v -0.00424951 0.36936227 0.06250000
v 0.20216780 0.14154941 0.06250000
v 0.04069814 0.10881443 0.06250000
v -0.13665611 0.11816574 0.06250000
v -0.20826293 0.21921791 0.06250000
v -0.18259170 -0.03099575 0.06250000
v -0.21910925 -0.22454358 0.06250000
v 0.05808236 -0.08327085 0.06250000
v 0.13936434 -0.36501924 0.06250000
v 0.10062234 -0.05472872 0.06250000
v 0.12649565 0.20409735 0.06250000
v 0.12139576 -0.07294518 0.06250000
v 0.17315411 -0.03673286 0.06250000
v -0.03256891 -0.32912975 0.06250000
v -0.29190475 -0.12459235 0.06250000
v 0.26862751 -0.14210750 0.06250000
v 0.09790365 0.22801857 0.06250000
v -0.07105294 -0.09940570 0.06250000
v 0.21524320 0.07698029 0.06250000
v -0.30428913 -0.07964400 0.06250000
v -0.02225829 -0.36952334 0.06250000
v -0.25744089 0.19901078 0.06250000
v -0.04595634 0.10265629 0.06250000
v 0.03445381 0.06635921 0.06250000
v -0.40337246 -0.06587638 0.06250000
v 0.30191696 0.27154534 0.06250000
v 0.01889341 0.04673794 0.06250000
v -0.15024115 0.01735858 0.06250000
v -0.05628685 -0.19778262 0.06250000
v -0.23525366 0.17780178 0.06250000
v 0.06232805 0.09124099 0.06250000
v -0.34336044 -0.02002488 0.06250000
v -0.16725674 -0.18937603 0.06250000
v -0.05022045 -0.00448696 0.06250000
v -0.35665939 0.19825795 0.06250000
v 0.08182979 -0.08874475 0.06250000
v -0.25742806 -0.26540417 0.06250000
v 0.06402551 -0.10572374 0.06250000
v 0.03766164 -0.06437574 0.06250000
v -0.05359766 0.06234186 0.06250000
v 0.11240779 0.30658010 0.06250000
v -0.03698991 -0.11494898 0.06250000
v -0.03387884 0.01261983 0.06250000
v 0.06480579 0.13609646 0.06250000
v -0.06633028 0.37014869 0.06250000
v -0.17158775 -0.04233320 0.06250000
v -0.05610349 -0.22110850 0.06250000
v -0.13712413 -0.10282854 0.06250000
v 0.22916150 -0.15778391 0.06250000
v -0.36554868 0.04963274 0.06250000
v -0.38503328 0.01021773 0.06250000
v -0.01180306 -0.30043969 0.06250000
v -0.10336052 0.22945564 0.06250000
v -0.03582020 -0.15274016 0.06250000
v 0.13187646 -0.01639279 0.06250000
v 0.03222932 0.05219738 0.06250000
v 0.21830212 -0.02576149 0.06250000
v 0.08246091 -0.20376375 0.06250000
v 0.24860695 0.12440469 0.06250000
v -0.05396690 -0.13135967 0.06250000
v -0.07731786 0.12693827 0.06250000
v 0.42661266 -0.01871950 0.06250000
v 0.31056542 0.29309079 0.06250000
v 0.18887016 -0.38298414 0.06250000
v -0.10759084 -0.03375726 0.06250000
v -0.04349730 0.03643484 0.06250000
v 0.06026419 -0.32118041 0.06250000
v -0.35986045 -0.19409368 0.06250000
v 0.30364130 -0.02751692 0.06250000
v 0.12198607 -0.27941836 0.06250000
v 0.19079887 0.08554706 0.06250000
v -0.15172750 0.22008978 0.06250000
v 0.03218930 0.12976254 0.06250000
v 0.28670195 -0.16062854 0.06250000
v 0.17320173 0.34439909 0.06250000
v 0.36468220 -0.14644009 0.06250000
v 0.08999873 0.02070295 0.06250000
v -0.08498953 0.07409025 0.06250000
v -0.15160068 -0.06143666 0.06250000
v 0.39342035 -0.09469779 0.06250000
v 0.10629646 -0.39044998 0.06250000
v 0.17505170 -0.00646885 0.06250000
v -0.07603255 -0.06244646 0.06250000
v -0.19794236 0.01344336 0.06250000
v -0.26928363 0.30668624 0.06250000
v 0.01256845 -0.14291419 0.06250000
v 0.37360246 0.20421248 0.06250000
v -0.20952443 -0.25567699 0.06250000
v 0.15277437 0.11710888 0.06250000
v -0.13417354 -0.25086035 0.06250000
v -0.03349124 0.10642304 0.06250000
v -0.19920006 -0.37660058 0.06250000
v -0.05534300 0.42242846 0.06250000
v 0.12708327 0.26673920 0.06250000
v 0.21203704 0.21537564 0.06250000
v -0.27173716 -0.20714430 0.06250000
v -0.11617781 0.15799715 0.06250000
v -0.18733804 -0.00998230 0.06250000
v -0.23728357 0.08257771 0.06250000
v 0.26167276 0.11040072 0.06250000
v 0.06155603 -0.24224774 0.06250000
v 0.23659336 0.33021848 0.06250000
v -0.38994794 -0.11022761 0.06250000
v -0.42223808 0.04351234 0.06250000
v -0.16635135 -0.13915650 0.06250000
v -0.11578648 -0.00940381 0.06250000
v 0.20483969 -0.05099140 0.06250000
v 0.26007194 0.21433950 0.06250000
v -0.06800426 0.04151859 0.06250000
v -0.35960614 -0.11074395 0.06250000
v -0.27621196 0.03688775 0.06250000
v 0.36098828 0.18431980 0.06250000
v -0.22851490 0.23811280 0.06250000
v 0.20942254 -0.30466395 0.06250000
v 0.21442384 -0.09385329 0.06250000
v -0.26196509 -0.33379543 0.06250000
v -0.12909613 0.40420203 0.06250000
v -0.26067981 -0.16347226 0.06250000
v -0.40629040 0.12910823 0.06250000
v -0.03671115 -0.00048001 0.06250000
v -0.33905280 0.16178555 0.06250000
v 0.00821519 0.05565845 0.06250000
v -0.04370604 0.33185629 0.06250000
v 0.09186955 0.09952230 0.06250000
v -0.20562787 -0.15796805 0.06250000
v -0.00649158 0.03684954 0.06250000
v -0.11086468 0.03089030 0.06250000
v 0.24841252 0.07098735 0.06250000
v 0.01981465 -0.08552841 0.06250000
v -0.33101161 -0.04267134 0.06250000
v -0.29580127 0.05521203 0.06250000
v 0.00103199 -0.31703621 0.06250000
v 0.21354921 0.22902216 0.06250000
v -0.34571577 0.25104179 0.06250000
v -0.22238653 0.09924394 0.06250000
v 0.26311886 -0.15515875 0.06250000
v 0.20958698 -0.14166403 0.06250000
v 0.18702954 -0.05911569 0.06250000
v 0.12154725 -0.24407165 0.06250000
v -0.14226721 -0.01939049 0.06250000
v -0.14802870 -0.04753783 0.06250000
v -0.13664809 -0.27224659 0.06250000
v -0.05543020 0.22859100 0.06250000
v 0.23501643 -0.19858333 0.06250000
v -0.09481666 0.41527719 0.06250000
v -0.23370086 -0.35613094 0.06250000
v 0.27760047 0.17406990 0.06250000
v -0.14836588 0.33914730 0.06250000
v -0.08646071 -0.05289505 0.06250000
v -0.39665732 0.15381965 0.06250000
v -0.35213548 -0.13189454 0.06250000
v 0.10804896 -0.01242204 0.06250000
v -0.12923301 0.28438511 0.06250000
v 0.31287228 -0.19807509 0.06250000
v -0.07055236 0.09343984 0.06250000
v 0.07842934 -0.15532549 0.06250000
v 0.12092665 0.40807804 0.06250000
v -0.02899391 -0.42462960 0.06250000
v 0.35828671 -0.22974240 0.06250000
v 0.24226489 0.28668903 0.06250000
v -0.09502872 -0.14440140 0.06250000
v -0.25930531 0.06164395 0.06250000
v 0.26296461 0.15545559 0.06250000
v -0.21812065 0.17486959 0.06250000
v 0.09828187 -0.06897311 0.06250000
v -0.02852101 0.22878129 0.06250000
v 0.07744661 -0.05084406 0.06250000
v -0.06347197 -0.20998719 0.06250000
v -0.25658340 0.00519324 0.06250000
v 0.06071069 0.06291881 0.06250000
v 0.21383935 0.03067975 0.06250000
v 0.10353413 0.39470133 0.06250000
v -0.04062884 -0.40602677 0.06250000
v 0.33638058 -0.23099037 0.06250000
v 0.11262542 -0.36962955 0.06250000
v 0.37832531 -0.08027026 0.06250000
v -0.30016811 -0.24729798 0.06250000
v -0.28602900 -0.17036539 0.06250000
v -0.02008346 -0.09743241 0.06250000
v -0.05870833 0.01949087 0.06250000
v -0.14843339 -0.20719274 0.06250000
v 0.10256654 -0.15213140 0.06250000
v -0.18223635 0.15045605 0.06250000
v 0.05345010 0.27688081 0.06250000
v 0.18248886 0.01540165 0.06250000
v -0.11970480 -0.21855270 0.06250000
v -0.18315738 -0.16099999 0.06250000
v -0.24375654 -0.03616425 0.06250000
v 0.01037316 0.06954098 0.06250000
v -0.38556806 0.08146680 0.06250000
v -0.09134330 -0.28224319 0.06250000
v 0.01794025 0.25802314 0.06250000
v 0.19340823 -0.09355690 0.06250000
v -0.24133061 -0.16142049 0.06250000
v 0.01858839 -0.30421869 0.06250000
v -0.23362200 -0.12556124 0.06250000
v -0.12920121 0.38422400 0.06250000
v -0.25509443 -0.31503576 0.06250000
v 0.10861149 -0.07787850 0.06250000
v -0.11348686 -0.11340786 0.06250000
v 0.29038439 0.27809020 0.06250000
v 0.26051876 -0.02554213 0.06250000
v -0.36319130 0.07683023 0.06250000
v -0.03777880 0.07860760 0.06250000
v -0.22003136 -0.17453061 0.06250000
v -0.21379336 0.12975455 0.06250000
v -0.09316802 0.17009675 0.06250000
v -0.07376294 0.15347586 0.06250000
v 0.03689000 0.17545910 0.06250000
v -0.29185314 -0.09989495 0.06250000
v 0.16171509 0.04658710 0.06250000
v 0.29778676 -0.18197685 0.06250000
v -0.07650957 0.00249452 0.06250000
v -0.34360064 0.22483430 0.06250000
v 0.20806325 0.05331814 0.06250000
v -0.20621306 -0.21622916 0.06250000
v 0.05411884 0.11554072 0.06250000
v 0.09711405 -0.25613160 0.06250000
v -0.12199429 0.03978393 0.06250000
v 0.13251682 -0.09357429 0.06250000
v -0.19921700 0.37786521 0.06250000
v -0.31850369 -0.28471866 0.06250000
v 0.00712283 0.20120401 0.06250000
v 0.12428337 -0.05801690 0.06250000
v -0.20615951 0.33600496 0.06250000
v 0.14904968 0.15691259 0.06250000
v 0.16080127 -0.06001934 0.06250000
v -0.23387473 0.10971120 0.06250000
v 0.09770454 0.06370030 0.06250000
v 0.04038279 -0.19956268 0.06250000
v -0.23804380 0.13386847 0.06250000
v 0.05872275 -0.17851989 0.06250000
v 0.23320225 -0.06743668 0.06250000
v -0.06427629 -0.12198019 0.06250000
v -0.24438041 0.21853865 0.06250000
v 0.06698643 -0.04181665 0.06250000
v 0.25162667 -0.13093213 0.06250000
v -0.03731660 -0.29866571 0.06250000
v -0.15783480 0.35874446 0.06250000
v -0.27295031 -0.28059211 0.06250000
v -0.05399682 0.12449666 0.06250000
v -0.28327141 0.01045913 0.06250000
v 0.09864941 0.30231821 0.06250000
v -0.00190286 0.22458500 0.06250000
v 0.02438306 0.23014165 0.06250000
v -0.05126066 0.24178337 0.06250000
v 0.09015551 -0.04587980 0.06250000
v 0.41642229 -0.08293569 0.06250000
v 0.26097773 0.33490674 0.06250000
v 0.12767359 -0.40495099 0.06250000
v 0.03119845 0.20281132 0.06250000
v -0.04884836 0.27819833 0.06250000
v 0.19408879 0.07233500 0.06250000
v -0.17331199 0.01723392 0.06250000
v 0.16771738 0.03522470 0.06250000
v -0.19520830 0.16574681 0.06250000
v 0.05230141 -0.11026475 0.06250000
v -0.10355975 0.15046647 0.06250000
v -0.16145684 -0.00231850 0.06250000
v 0.23877779 0.15469789 0.06250000
v -0.23556454 0.31797618 0.06250000
v -0.33167461 -0.21585053 0.06250000
v -0.02500855 0.31563146 0.06250000
v 0.09718970 0.35392210 0.06250000
v 0.40127459 -0.02242325 0.06250000
v 0.17326428 -0.36296789 0.06250000
v 0.30696924 -0.12559479 0.06250000
v 0.14985604 0.29519575 0.06250000
v -0.01810391 -0.38477301 0.06250000
v -0.04767059 -0.27980317 0.06250000
v -0.25423447 0.11769843 0.06250000
v 0.36766885 0.04003385 0.06250000
v 0.38066301 -0.03549857 0.06250000
v -0.12327815 -0.05130109 0.06250000
v 0.09178459 0.26296818 0.06250000
v -0.01952448 -0.25098885 0.06250000
v 0.06804082 0.29774904 0.06250000
v 0.01133481 -0.23058189 0.06250000
v -0.01620224 0.18905916 0.06250000
v 0.16938184 -0.16600350 0.06250000
v 0.37819025 0.07343683 0.06250000
v -0.00756511 0.38521064 0.06250000
v 0.24634971 -0.29618910 0.06250000
v -0.19599111 -0.16602459 0.06250000
v -0.04913493 -0.15432973 0.06250000
v 0.36536454 0.14147926 0.06250000
v -0.05830970 -0.26941204 0.06250000
v -0.12557374 0.22802082 0.06250000
v 0.12885688 0.11881407 0.06250000
v 0.38514934 -0.05882788 0.06250000
v -0.07172128 0.22901275 0.06250000
v -0.14822599 -0.12350906 0.06250000
v 0.25303162 -0.09068300 0.06250000
v -0.09759699 0.03478844 0.06250000
v 0.33137129 -0.20619622 0.06250000
v 0.11553756 0.37238922 0.06250000
v 0.06758489 0.31973055 0.06250000
v 0.25840545 -0.19834256 0.06250000
v -0.18159193 0.36534076 0.06250000
v -0.30106268 -0.26839305 0.06250000
v -0.02029811 0.30146066 0.06250000
v -0.17423041 -0.12319745 0.06250000
v -0.37830496 0.09737493 0.06250000
v 0.29938453 -0.25308303 0.06250000
v 0.06144978 0.38737676 0.06250000
v -0.40459715 0.04843481 0.06250000
v -0.14204295 -0.35736493 0.06250000
v -0.18023948 -0.14739055 0.06250000
v 0.11267945 0.01699620 0.06250000
v -0.19097728 0.31675701 0.06250000
v -0.39428059 -0.00822749 0.06250000
v 0.16827121 0.28109223 0.06250000
v 0.18039496 0.27777781 0.06250000
v 0.31842125 -0.09218601 0.06250000
v 0.31106923 -0.10286448 0.06250000
v -0.13602208 0.02153009 0.06250000
v -0.21975150 -0.29126750 0.06250000
v -0.22636800 -0.30385013 0.06250000
v -0.10436593 0.34962155 0.06250000
v -0.10617846 0.36372174 0.06250000
v 0.32711184 -0.13239108 0.06250000
v 0.16104508 0.31443930 0.06250000
v -0.12488065 -0.17473660 0.06250000
v -0.06893664 0.26541219 0.06250000
v 0.28720733 -0.06465351 0.06250000
v 0.01699215 -0.33341565 0.06250000
v -0.29792625 0.17321651 0.06250000
v -0.37194212 -0.17182028 0.06250000
v 0.37095005 -0.05913711 0.06250000
v 0.12747101 -0.35304720 0.06250000
v -0.06281099 0.07074023 0.06250000
v 0.01629396 -0.09899454 0.06250000
v 0.11679839 -0.33299588 0.06250000
v 0.21942680 0.25546270 0.06250000
v 0.33350875 -0.04966500 0.06250000
v -0.11546092 -0.07474610 0.06250000
v -0.16011643 0.18306472 0.06250000
v -0.19564789 -0.30755643 0.06250000
v 0.06901871 -0.29411371 0.06250000
v 0.22551634 -0.04709550 0.06250000
v -0.08320908 0.08765934 0.06250000
v -0.15146096 -0.17307759 0.06250000
v -0.39030574 -0.03017694 0.06250000
v -0.01882899 -0.34612492 0.06250000
v 0.31048057 -0.05000211 0.06250000
v -0.08837220 -0.25669318 0.06250000
v -0.18048093 -0.34885398 0.06250000
v -0.05536849 0.11207423 0.06250000
v -0.11215837 -0.39217033 0.06250000
v 0.03166340 0.40666263 0.06250000
v 0.28981475 -0.28702695 0.06250000
v -0.12471027 0.01302818 0.06250000
v -0.20740534 0.03778695 0.06250000
v -0.00119280 -0.11586126 0.06250000
v -0.16270235 -0.30369595 0.06250000
v 0.17843643 0.20908138 0.06250000
v -0.21705185 -0.31535027 0.06250000
v -0.09350136 0.37112523 0.06250000
v 0.41739137 0.08919450 0.06250000
v -0.11328235 0.23705355 0.06250000
v -0.01546996 -0.23136462 0.06250000
v -0.18462694 0.28943132 0.06250000
v -0.13459768 -0.19094040 0.06250000
v 0.05781560 -0.20304191 0.06250000
v -0.34200182 -0.06561008 0.06250000
v -0.19234056 -0.05688393 0.06250000
v 0.29863141 0.13250951 0.06250000
v -0.16035561 -0.16417496 0.06250000
v 0.17373494 -0.30774508 0.06250000
v 0.06596128 -0.37636565 0.06250000
v 0.04932396 -0.36266538 0.06250000
v -0.37601398 -0.12934764 0.06250000
v -0.11094808 -0.16111425 0.06250000
v -0.14765094 0.23424190 0.06250000
v -0.25882499 -0.03518116 0.06250000
v -0.26258614 -0.05042325 0.06250000
v -0.23098913 0.04522159 0.06250000
v 0.39103815 0.11636930 0.06250000
v -0.35998318 0.16373659 0.06250000
v -0.35108006 0.12146410 0.06250000
v -0.21723109 -0.16208735 0.06250000
v -0.19052593 -0.25663716 0.06250000
v 0.32041225 0.07823906 0.06250000
v -0.32714526 0.23647406 0.06250000
v -0.39674698 -0.15639139 0.06250000
v -0.28060804 -0.31968702 0.06250000
v -0.15148909 0.39748173 0.06250000
v 0.13178767 -0.18933420 0.06250000
v -0.11164905 0.25137764 0.06250000
v -0.19179850 -0.19894272 0.06250000
v -0.06944027 0.20703729 0.06250000
v 0.00967123 0.33063950 0.06250000
v 0.23163259 -0.25579739 0.06250000
v 0.32003726 0.12289924 0.06250000
v -0.00022019 0.42682505 0.06250000
v -0.14906735 -0.40059486 0.06250000
v 0.27886918 -0.32312794 0.06250000
v -0.17034504 -0.20278258 0.06250000
v 0.31843970 0.03198682 0.06250000
v 0.18126895 -0.26375854 0.06250000
v -0.25866995 -0.01015834 0.06250000
v 0.15461799 -0.02164809 0.06250000
v -0.14610865 -0.19475010 0.06250000
v 0.18877934 0.16126299 0.06250000
v 0.02785477 0.25177524 0.06250000
v -0.33447128 -0.09539916 0.06250000
v -0.31988667 0.25297249 0.06250000
v 0.20820043 -0.24785019 0.06250000
v 0.20076953 -0.25881914 0.06250000
v -0.06539716 0.13263525 0.06250000
v -0.11021426 -0.04724809 0.06250000
v 0.32342316 0.05204029 0.06250000
v 0.31708504 0.06408195 0.06250000
v 0.13808659 -0.13496866 0.06250000
v -0.03338264 0.34805160 0.06250000
v -0.16593360 0.19900429 0.06250000
v 0.11339538 0.08280259 0.06250000
v -0.28792889 -0.22849288 0.06250000
v -0.30583536 0.15228346 0.06250000
v -0.07275796 0.35849419 0.06250000
v 0.07270905 -0.32069736 0.06250000
v 0.05329504 0.33830285 0.06250000
v 0.23895480 0.07955840 0.06250000
v -0.16450624 -0.26766866 0.06250000
v -0.18332738 0.19025449 0.06250000
v -0.19198551 -0.13774370 0.06250000
v 0.32339531 -0.06841764 0.06250000
v -0.31354781 0.07885510 0.06250000
v -0.10514733 0.21620240 0.06250000
v -0.33507234 0.19354724 0.06250000
v -0.26709772 0.33202818 0.06250000
v -0.36608586 -0.21827481 0.06250000
v 0.27666034 0.19936239 0.06250000
v 0.27378168 0.21240976 0.06250000
v -0.16097910 -0.21141253 0.06250000
v 0.28789191 0.18106828 0.06250000
v -0.19199629 0.33184415 0.06250000
v 0.23015891 0.02337093 0.06250000
v -0.24778885 -0.20896071 0.06250000
v -0.29781065 -0.28002714 0.06250000
v -0.18781735 0.35508611 0.06250000
v -0.12558020 -0.34670414 0.06250000
v -0.17760999 -0.01886655 0.06250000
v -0.05743228 -0.38617025 0.06250000
v 0.17935611 -0.12509441 0.06250000
v 0.11860995 0.15019950 0.06250000
v 0.17073009 -0.15201825 0.06250000
v 0.10255194 0.11770983 0.06250000
v -0.01058224 -0.16899315 0.06250000
v 0.24408948 0.05563804 0.06250000
v -0.38093971 0.19317661 0.06250000
v -0.23886493 -0.28116248 0.06250000
v -0.12624884 -0.37286045 0.06250000
v -0.03035608 -0.13801361 0.06250000
v -0.12527796 0.34681679 0.06250000
v 0.31180643 0.18770876 0.06250000
v -0.15418790 -0.23133040 0.06250000
v -0.17358805 -0.16928750 0.06250000
v -0.22094395 0.06728060 0.06250000
v -0.04138546 0.29774550 0.06250000
v -0.15523719 -0.18595719 0.06250000
v -0.28942323 0.28895671 0.06250000
v -0.17546800 -0.05532805 0.06250000
v 0.14306344 0.21784763 0.06250000
v -0.41723903 -0.08623359 0.06250000
v 0.11097377 0.28131064 0.06250000
v -0.19973843 0.09572023 0.06250000
v 0.09291809 -0.33209970 0.06250000
v 0.20706917 0.24930682 0.06250000
v 0.31617832 -0.01027432 0.06250000
v 0.13287857 -0.27380203 0.06250000
v -0.13344936 -0.15733503 0.06250000
v 0.26948530 -0.05812307 0.06250000
v -0.30333588 -0.00338973 0.06250000
v -0.18431330 -0.21911156 0.06250000
v 0.34966138 0.17939291 0.06250000
v 0.05636790 -0.14585396 0.06250000
v -0.17750094 0.08567104 0.06250000
v 0.11490451 -0.17192634 0.06250000
v -0.10154500 0.11748732 0.06250000
v 0.19570202 0.19903986 0.06250000
v 0.18631647 0.18772628 0.06250000
v -0.01009281 -0.14658269 0.06250000
v -0.25823431 0.26582869 0.06250000
v 0.28634103 0.21970427 0.06250000
v -0.18221289 -0.20692409 0.06250000
v 0.21454072 0.14596429 0.06250000
v 0.18142297 0.32375412 0.06250000
v 0.34853344 -0.12574828 0.06250000
v -0.26596354 0.28797891 0.06250000
v 0.31253764 -0.03596109 0.06250000
v 0.11817904 -0.29164885 0.06250000
v -0.28560267 -0.01153796 0.06250000
v 0.14297193 0.05879990 0.06250000
v -0.11944477 0.19765484 0.06250000
v 0.18310014 0.05518474 0.06250000
v 0.09313329 -0.17244039 0.06250000
v 0.19522305 -0.00145116 0.06250000
v -0.02275238 0.14144546 0.06250000
v -0.22433916 -0.33766243 0.06250000
v -0.09239099 0.39469457 0.06250000
v 0.10570289 0.21759297 0.06250000
v -0.18794833 -0.24432954 0.06250000
v -0.34319218 -0.17868141 0.06250000
v 0.18006926 0.13889098 0.06250000
v 0.15176200 0.23527329 0.06250000
v -0.40826263 0.11539911 0.06250000
v 0.05449561 -0.31024241 0.06250000
v -0.14534536 0.04963900 0.06250000
v -0.38196686 -0.06918329 0.06250000
v -0.16354828 -0.22360096 0.06250000
v 0.10151659 -0.23646531 0.06250000
v 0.34504425 -0.25240076 0.06250000
v 0.09609305 0.41656670 0.06250000
v -0.05522875 -0.42392390 0.06250000
v 0.36834270 0.16599601 0.06250000
v -0.29417055 0.30722484 0.06250000
v -0.12234561 0.10238996 0.06250000
v 0.35478832 -0.01034051 0.06250000
v 0.11624065 -0.20444426 0.06250000
v -0.42038888 0.06613511 0.06250000
v -0.05266308 -0.33759219 0.06250000
v -0.35480911 -0.02853190 0.06250000
v 0.07697777 -0.26460264 0.06250000
v 0.27430399 -0.16475256 0.06250000
v 0.28588321 -0.26105190 0.06250000
v -0.09163823 -0.37617611 0.06250000
v 0.04605261 0.38412553 0.06250000
v 0.18775951 0.34479409 0.06250000
v 0.01675059 -0.37371766 0.06250000
v 0.22573774 0.06969569 0.06250000
v 0.09744127 0.24048829 0.06250000
v 0.17086171 0.30159351 0.06250000
v 0.32649501 -0.11734331 0.06250000
v 0.36629404 0.12610556 0.06250000
v 0.23556095 0.00309689 0.06250000
v 0.16673725 0.22375165 0.06250000
v 0.33316827 0.19261040 0.06250000
v 0.38816886 -0.14100106 0.06250000
v 0.06333881 -0.40811943 0.06250000
v 0.20149474 0.36059126 0.06250000
v 0.23276992 0.29635613 0.06250000
v 0.16993945 0.07495233 0.06250000
v -0.36522260 0.11955470 0.06250000
v -0.20054796 -0.01449364 0.06250000
v -0.21430801 -0.13716368 0.06250000
v 0.09121195 0.18978708 0.06250000
v -0.00605633 0.11372545 0.06250000
v 0.32255759 -0.24369779 0.06250000
v 0.08425869 0.39569231 0.06250000
v -0.27861521 -0.08117791 0.06250000
v -0.00302914 0.32277585 0.06250000
v -0.06065471 0.08450186 0.06250000
v -0.22652654 -0.13788311 0.06250000
v 0.05426450 0.29156476 0.06250000
v -0.39906664 -0.09174794 0.06250000
v 0.11601835 0.31920489 0.06250000
v 0.09030961 0.20371566 0.06250000
v -0.12690264 -0.28101426 0.06250000
v -0.42618144 -0.01032480 0.06250000
v -0.09201574 0.10876370 0.06250000
v 0.22358282 -0.17706308 0.06250000
v 0.20818945 0.01717212 0.06250000
v -0.26583970 -0.10926430 0.06250000
v -0.14189041 -0.22745770 0.06250000
v 0.04423494 -0.35092894 0.06250000
v -0.09181539 0.26746971 0.06250000
v -0.21131548 -0.18349710 0.06250000
v 0.38744346 0.18109239 0.06250000
v 0.23872970 0.24907475 0.06250000
v -0.27810741 0.07662626 0.06250000
v 0.37491336 -0.20579424 0.06250000
v 0.14916430 0.40082579 0.06250000
v -0.00037592 -0.42728915 0.06250000
v 0.27588071 0.16047091 0.06250000
v -0.11147497 0.01710214 0.06250000
v -0.00390590 -0.38417010 0.06250000
v 0.08207596 -0.22735110 0.06250000
v -0.23722984 -0.01123975 0.06250000
v -0.23499305 0.07055526 0.06250000
v 0.00162397 0.30873509 0.06250000
v -0.21001119 -0.12620986 0.06250000
v -0.36215913 -0.07851368 0.06250000
v -0.37592014 -0.15155241 0.06250000
v -0.06840674 0.10634956 0.06250000
v 0.00337441 -0.16211650 0.06250000
v -0.27195579 -0.24494133 0.06250000
v -0.28022461 -0.15611629 0.06250000
v -0.35204801 -0.23959429 0.06250000
v -0.24637740 0.34733471 0.06250000
v -0.06099291 0.28817992 0.06250000
v 0.14916695 0.02751819 0.06250000
v 0.06935334 -0.02746274 0.06250000
v -0.02052507 0.27867285 0.06250000
v -0.31552828 0.19457305 0.06250000
v -0.08690630 0.24452616 0.06250000
v -0.26019129 0.07363136 0.06250000
v -0.33264634 0.06815961 0.06250000
v -0.02760050 0.42648968 0.06250000
v -0.17478845 -0.39026543 0.06250000
v 0.25794428 -0.34075454 0.06250000
v 0.36077220 0.22959331 0.06250000
v 0.42282171 0.06216571 0.06250000
v -0.16459604 -0.01522070 0.06250000
v -0.13906272 -0.21502996 0.06250000
v 0.09540333 -0.22289786 0.06250000
v 0.23970276 -0.02005094 0.06250000
v -0.02360715 -0.27434525 0.06250000
v -0.04763263 -0.17717479 0.06250000
v 0.32561780 0.20484385 0.06250000
v -0.19871783 -0.27993415 0.06250000
v -0.02706445 -0.18862596 0.06250000
v 0.01731581 0.16086364 0.06250000
v 0.37972141 0.05857724 0.06250000
v -0.02206706 0.38358079 0.06250000
v 0.23406653 -0.30468679 0.06250000
v 0.14284503 0.13681913 0.06250000
v -0.38625843 0.11431485 0.06250000
v 0.33713090 -0.18778665 0.06250000
v 0.13150895 0.36170478 0.06250000
v 0.05594489 -0.34221141 0.06250000
v 0.23857061 -0.22012613 0.06250000
v 0.19272909 -0.02695855 0.06250000
v 0.16532659 -0.25122047 0.06250000
v -0.30642432 0.03784247 0.06250000
v 0.29891361 0.02441585 0.06250000
v -0.37502550 -0.03986146 0.06250000
v 0.13610941 -0.31774916 0.06250000
v 0.34414670 -0.03059180 0.06250000
v 0.28444661 -0.01997629 0.06250000
v 0.01260480 -0.31825579 0.06250000
v 0.19230829 -0.20300440 0.06250000
v -0.10918618 -0.18654983 0.06250000
v -0.23148985 -0.17946286 0.06250000
v 0.33177406 -0.17046504 0.06250000
v -0.19697074 -0.23580746 0.06250000
v -0.07949935 0.32167949 0.06250000
v -0.32120220 -0.06565110 0.06250000
v -0.07192835 0.28184681 0.06250000
v -0.05239795 -0.24448531 0.06250000
v -0.20412411 0.28206170 0.06250000
v -0.24647469 -0.19623619 0.06250000
v 0.42406636 -0.04675109 0.06250000
v 0.29078984 0.31176808 0.06250000
v 0.16307190 -0.39424041 0.06250000
v 0.15616825 -0.32774135 0.06250000
v 0.26041195 0.25179377 0.06250000
v 0.12026399 -0.25761276 0.06250000
v -0.03250679 0.16029963 0.06250000
v 0.35658531 0.10640806 0.06250000
v 0.05521379 -0.38717268 0.06250000
v -0.33067399 0.04511710 0.06250000
v 0.40372470 -0.08162890 0.06250000
v 0.25213897 0.32570363 0.06250000
v 0.12270925 -0.39319124 0.06250000
v -0.17692366 -0.18216138 0.06250000
v 0.26668418 0.06068905 0.06250000
v -0.32971090 -0.14247274 0.06250000
v 0.00108591 -0.37260884 0.06250000
v 0.19183762 0.22736311 0.06250000
v 0.15941724 -0.14647815 0.06250000
v -0.12147796 0.13535986 0.06250000
v -0.02905891 0.37216343 0.06250000
v 0.22272270 -0.29784846 0.06250000
v 0.03988328 -0.29184881 0.06250000
v 0.09000875 0.12412109 0.06250000
v 0.08590154 -0.10178766 0.06250000
v 0.35422181 0.14302619 0.06250000
v 0.02879251 -0.19404463 0.06250000
v 0.35276400 -0.14674646 0.06250000
v -0.05694141 0.34194501 0.06250000
v 0.03578646 -0.23155471 0.06250000
v 0.12698173 -0.31200516 0.06250000
v -0.09825247 0.07084086 0.06250000
v 0.26393204 -0.26253705 0.06250000
v 0.02763834 0.37023635 0.06250000
v -0.10296131 -0.35759788 0.06250000
v 0.06674914 0.37622341 0.06250000
v 0.33475559 0.14870604 0.06250000
v -0.17513454 -0.28401227 0.06250000
v 0.26694073 0.18190154 0.06250000
v 0.24058140 -0.23147399 0.06250000
v -0.14561404 0.25897249 0.06250000
v -0.29230076 0.25255786 0.06250000
v 0.02513204 0.17900542 0.06250000
v -0.13291794 0.21470677 0.06250000
v -0.20325514 -0.20358985 0.06250000
v 0.14323953 -0.28195014 0.06250000
v 0.22728035 -0.28377943 0.06250000
v 0.35790663 0.06158124 0.06250000
v 0.01959738 0.31702563 0.06250000
v 0.29144311 -0.22248647 0.06250000
v 0.07508878 0.35888856 0.06250000
v 0.15555206 0.32881876 0.06250000
v -0.13104890 -0.09071868 0.06250000
v -0.12021244 -0.12485993 0.06250000
v -0.33454440 -0.16211169 0.06250000
v 0.30601968 0.08559195 0.06250000
v -0.39217820 0.16783520 0.06250000
v 0.03721114 0.16414404 0.06250000
v 0.19082148 -0.16665752 0.06250000
v 0.21019757 -0.18102194 0.06250000
v 0.05573705 0.23058250 0.06250000
v 0.19187515 -0.18686380 0.06250000
v -0.04337894 -0.35074879 0.06250000
v 0.39146411 0.07723207 0.06250000
v 0.07188605 -0.11325409 0.06250000
v -0.20679497 0.00467391 0.06250000
v -0.21733485 0.19782526 0.06250000
v 0.38480893 0.14013147 0.06250000
v 0.30684645 -0.27153274 0.06250000
v 0.05468081 0.40607238 0.06250000
v -0.08950951 -0.39967240 0.06250000
v 0.21411295 0.10216564 0.06250000
v 0.00351359 0.25143594 0.06250000
v 0.23258332 0.21428198 0.06250000
v -0.33609419 0.02534184 0.06250000
v 0.40446061 0.02797850 0.06250000
v 0.31740064 0.25302044 0.06250000
v 0.21921907 -0.34091605 0.06250000
v -0.14297884 0.33050944 0.06250000
v -0.26895195 -0.19377604 0.06250000
v 0.05219050 -0.33086416 0.06250000
v -0.09343761 0.20755734 0.06250000
v 0.23890616 0.30801527 0.06250000
v -0.00611923 0.34724006 0.06250000
v -0.09809835 -0.16716999 0.06250000
v 0.12943485 0.14132459 0.06250000
v 0.19998445 -0.13083814 0.06250000
v -0.42382185 -0.06121445 0.06250000
v 0.29697276 -0.24184818 0.06250000
v -0.24537216 0.02461665 0.06250000
v -0.06676045 0.40179458 0.06250000
v -0.20228567 -0.35287833 0.06250000
v -0.14480881 0.20961338 0.06250000
v 0.07418081 -0.21776226 0.06250000
v -0.37399545 0.06192248 0.06250000
v 0.30402658 -0.01539896 0.06250000
v -0.08427216 0.19087540 0.06250000
v -0.34000080 0.00450799 0.06250000
v 0.25603489 -0.30610509 0.06250000
v -0.00627026 0.39877835 0.06250000
v 0.32905377 0.16934973 0.06250000
v -0.18795950 0.25393556 0.06250000
v 0.29299181 -0.10863764 0.06250000
v 0.15261995 0.27359064 0.06250000
v -0.19711750 0.24174700 0.06250000
v 0.14583866 -0.11197040 0.06250000
v -0.02063629 -0.39808171 0.06250000
v 0.36796271 0.05297265 0.06250000
v -0.22098053 0.05430794 0.06250000
v 0.16939981 0.36923807 0.06250000
v 0.02975817 -0.40422982 0.06250000
v 0.36877831 -0.16853727 0.06250000
v -0.35300283 0.09832666 0.06250000
v -0.14606158 0.27278026 0.06250000
v 0.29368169 0.00209701 0.06250000
v 0.14315874 -0.25644105 0.06250000
v -0.31098762 0.09744454 0.06250000
v 0.03721810 -0.31944556 0.06250000
v -0.17474510 -0.22802581 0.06250000
v 0.07715279 0.26344806 0.06250000
v -0.31217667 0.01788146 0.06250000
v 0.03178134 -0.28259415 0.06250000
v -0.19566895 -0.22358281 0.06250000
v -0.15273643 0.31410460 0.06250000
v -0.06856392 -0.37450178 0.06250000
v 0.24513609 0.23705126 0.06250000
v 0.14282549 -0.07306526 0.06250000
v -0.16459272 0.29055838 0.06250000
v -0.16041280 0.30225535 0.06250000
v -0.37404660 0.00467725 0.06250000
v 0.14991575 0.04750659 0.06250000
v -0.33917532 0.08625233 0.06250000
v -0.15667035 0.24194790 0.06250000
v -0.38635148 -0.13658644 0.06250000
v -0.30501741 0.27209485 0.06250000
v -0.14921655 -0.25150996 0.06250000
v 0.40573041 0.05111089 0.06250000
v 0.39997191 0.06071751 0.06250000
v 0.24564727 -0.32144095 0.06250000
v 0.24002002 -0.33111133 0.06250000
v -0.03483461 0.40744532 0.06250000
v -0.02421816 0.40383695 0.06250000
v -0.38855601 0.13212576 0.06250000
v -0.36610790 0.21948105 0.06250000
v -0.22619697 -0.20189181 0.06250000
v -0.42714078 0.01084645 0.06250000
v -0.11684167 0.38388448 0.06250000
v -0.24339050 -0.31902909 0.06250000
v -0.10918094 -0.23847061 0.06250000
v 0.24288039 0.16488277 0.06250000
v -0.25418401 -0.24055474 0.06250000
v -0.11503800 0.27243691 0.06250000
v -0.28364123 0.10543439 0.06250000
v 0.39352041 -0.16880671 0.06250000
v 0.04134473 -0.42619312 0.06250000
v 0.18739881 0.38501261 0.06250000
v 0.26136516 -0.23487064 0.06250000
v -0.07937334 -0.34199735 0.06250000
v -0.23638859 0.00050803 0.06250000
v -0.33584509 -0.12206390 0.06250000
v -0.13971855 0.16870109 0.06250000
v -0.34755081 -0.08441024 0.06250000
v 0.15819308 -0.20509040 0.06250000
v 0.17730552 0.08648147 0.06250000
v -0.26972230 -0.13615598 0.06250000
v -0.28074568 -0.18488489 0.06250000
v -0.35743515 -0.00533155 0.06250000
v -0.07424080 0.24263027 0.06250000
v -0.32985130 0.09787144 0.06250000
v 0.19408501 -0.08229569 0.06250000
v -0.38031514 -0.10401362 0.06250000
v -0.23058120 0.12065913 0.06250000
v -0.12806019 -0.21061114 0.06250000
v 0.29595517 0.23803096 0.06250000
v -0.06809546 0.30401531 0.06250000
v 0.28354004 0.00894970 0.06250000
v 0.27306578 0.00379326 0.06250000
v 0.20383860 0.27284499 0.06250000
v -0.26239765 0.09642579 0.06250000
v 0.21404171 -0.08236883 0.06250000
v 0.14428004 -0.24425720 0.06250000
v 0.13512544 -0.23464214 0.06250000
v 0.42393584 -0.03222105 0.06250000
v 0.17574640 -0.38713434 0.06250000
v 0.29979822 0.30141119 0.06250000
v -0.00287767 -0.40452895 0.06250000
v 0.00739731 -0.40883776 0.06250000
v 0.19165517 0.14723526 0.06250000
v -0.27525830 -0.02756280 0.06250000
v 0.14437740 0.12461453 0.06250000
v -0.33279773 -0.02895581 0.06250000
v 0.03400171 -0.26876728 0.06250000
v -0.03562955 -0.23919981 0.06250000
v -0.07842725 -0.29749833 0.06250000
v 0.23189291 -0.13595008 0.06250000
v 0.33340921 -0.07412976 0.06250000
v 0.20110264 -0.23782126 0.06250000
v -0.04412218 -0.22025883 0.06250000
v -0.25608223 -0.22787715 0.06250000
v 0.37500535 -0.15776850 0.06250000
v 0.18063060 0.36454424 0.06250000
v 0.04214450 -0.40465262 0.06250000
v -0.01421131 0.25994187 0.06250000
v -0.10500190 0.28799376 0.06250000
v -0.13165705 0.19213348 0.06250000
v -0.20412849 -0.14670955 0.06250000
v -0.09128188 0.32932927 0.06250000
v -0.22718160 -0.06215906 0.06250000
v 0.07025802 -0.18016485 0.06250000
v 0.25625587 0.04934816 0.06250000
v -0.08899084 0.02545339 0.06250000
v 0.31077484 0.02437016 0.06250000
v 0.17063571 -0.26121993 0.06250000
v 0.27537946 -0.04024267 0.06250000
v 0.11976266 0.21943841 0.06250000
v -0.27893151 -0.00143116 0.06250000
v -0.00025115 0.14008237 0.06250000
v -0.10002064 -0.11963306 0.06250000
v 0.16297744 0.12248541 0.06250000
v 0.08057933 0.10624911 0.06250000
v 0.26189550 -0.13368040 0.06250000
v -0.14533492 0.38582559 0.06250000
v -0.27077476 -0.31090928 0.06250000
v -0.19994668 0.29425073 0.06250000
v 0.05822726 -0.29908839 0.06250000
v -0.03667566 0.31927279 0.06250000
v -0.03485431 -0.36993748 0.06250000
v -0.31393721 -0.03276836 0.06250000
v -0.12656329 0.17607296 0.06250000
v -0.17910643 0.17827061 0.06250000
v 0.14113346 0.10161409 0.06250000
v -0.10283561 0.17548364 0.06250000
v -0.26306838 -0.17477151 0.06250000
v 0.30258186 0.06359665 0.06250000
v 0.05517688 0.32332825 0.06250000
v -0.05317710 -0.36196186 0.06250000
v -0.31658801 -0.17374316 0.06250000
v 0.23610741 0.10473660 0.06250000
v 0.05462994 0.25414684 0.06250000
v 0.22411230 -0.36560234 0.06250000
v 0.33778154 0.26436210 0.06250000
v 0.42833339 0.02053839 0.06250000
v 0.34090439 0.22862116 0.06250000
v -0.16919239 0.32400731 0.06250000
v -0.33852046 0.14106630 0.06250000
v -0.31157401 0.29378385 0.06250000
v 0.16446708 0.29196938 0.06250000
v 0.31532857 -0.11341704 0.06250000
v 0.02573983 -0.15784675 0.06250000
v -0.03884138 0.14044394 0.06250000
v 0.09607541 -0.31998289 0.06250000
v -0.20901014 0.37008155 0.06250000
v -0.32495420 -0.27400774 0.06250000
v 0.32445859 0.24241318 0.06250000
v 0.20863288 -0.34792139 0.06250000
v 0.40538299 0.01545587 0.06250000
v -0.22495359 -0.11727244 0.06250000
v 0.08986071 -0.18288144 0.06250000
v 0.20539148 -0.00972148 0.06250000
v -0.28349081 -0.05827476 0.06250000
v 0.17262893 -0.24107633 0.06250000
v 0.29501524 0.03556771 0.06250000
v -0.19182868 -0.32675440 0.06250000
v 0.36765839 -0.07135901 0.06250000
v -0.08742955 0.13412669 0.06250000
v -0.41445674 0.10182527 0.06250000
v 0.15266429 -0.30812523 0.06250000
v -0.03075519 0.11868995 0.06250000
v 0.17215708 0.20085111 0.06250000
v 0.15235279 -0.03520486 0.06250000
v -0.40798411 0.06317142 0.06250000
v -0.31351126 -0.08773848 0.06250000
v 0.18792261 -0.25451133 0.06250000
v 0.13905270 0.34646335 0.06250000
v -0.35126846 0.00606372 0.06250000
v 0.31432819 0.04263039 0.06250000
v -0.28226678 -0.03848320 0.06250000
v 0.31045389 0.13958796 0.06250000
v 0.05971660 0.16993748 0.06250000
v -0.17397126 -0.30461585 0.06250000
v -0.19913888 -0.17903780 0.06250000
v -0.15916461 0.06679234 0.06250000
v 0.10613577 0.17069681 0.06250000
v -0.25749262 0.32587725 0.06250000
v -0.35504340 -0.21566301 0.06250000
v -0.18349410 -0.26617674 0.06250000
v -0.27430656 0.24918784 0.06250000
v -0.00229118 -0.26050805 0.06250000
v 0.20768914 -0.03042949 0.06250000
v 0.15039429 0.38148521 0.06250000
v 0.36320027 -0.19035488 0.06250000
v 0.26468425 -0.09072075 0.06250000
v -0.17596402 -0.24109888 0.06250000
v 0.07968725 -0.27650529 0.06250000
v -0.30539330 0.21609938 0.06250000
v -0.24417629 0.04847900 0.06250000
v -0.38199995 -0.19147766 0.06250000
v -0.21166425 -0.37236064 0.06250000
v -0.06850329 0.42280196 0.06250000
v -0.17668463 -0.37131009 0.06250000
v -0.27135560 0.20047576 0.06250000
v 0.31353474 0.20420229 0.06250000
v -0.15323621 -0.09166533 0.06250000
v 0.14794044 -0.15548841 0.06250000
v 0.15270945 -0.07998741 0.06250000
v -0.38487826 -0.01269683 0.06250000
v -0.29767614 -0.16735323 0.06250000
v 0.00217191 0.17596011 0.06250000
v 0.18536388 0.12624826 0.06250000
v -0.37267801 0.18216256 0.06250000
v -0.05004104 -0.25679884 0.06250000
v -0.25777245 0.14907158 0.06250000
v 0.34340179 0.21457695 0.06250000
v -0.25322163 0.21121393 0.06250000
v -0.13074255 0.05976908 0.06250000
v -0.40625799 -0.01418078 0.06250000
v -0.29022874 -0.31491491 0.06250000
v -0.16216851 0.39635350 0.06250000
v 0.19000194 -0.32105249 0.06250000
v 0.25415994 0.20366189 0.06250000
v 0.30662543 -0.20832098 0.06250000
v -0.18820274 -0.07531511 0.06250000
v 0.21421275 0.12254704 0.06250000
v 0.05661679 -0.27985266 0.06250000
v -0.14213781 -0.31106741 0.06250000
v 0.22639605 0.13996205 0.06250000
v -0.08878498 -0.21327291 0.06250000
v -0.30374419 0.11891846 0.06250000
v -0.26993355 0.16824484 0.06250000
v 0.36741969 -0.13611734 0.06250000
v 0.07958724 -0.41955339 0.06250000
v 0.22109735 0.36544143 0.06250000
v 0.40608454 -0.13211555 0.06250000
v -0.23946201 0.26932889 0.06250000
v 0.18684360 -0.11438770 0.06250000
v -0.03659179 0.17956076 0.06250000
v -0.03719038 0.19074668 0.06250000
v -0.08609515 -0.15862080 0.06250000
v -0.19381307 0.22562635 0.06250000
v 0.27363345 -0.20982219 0.06250000
v 0.07172694 0.33288100 0.06250000
v -0.37329403 0.16118466 0.06250000
v 0.12412314 0.32940859 0.06250000
v 0.23858590 0.18753899 0.06250000
v -0.36806706 -0.02152919 0.06250000
v -0.22892400 0.03403016 0.06250000
v 0.22386837 -0.26335060 0.06250000
v -0.19872454 -0.12645316 0.06250000
v 0.05717284 -0.25591876 0.06250000
v -0.13665219 -0.08118550 0.06250000
v 0.14303435 -0.40164230 0.06250000
v 0.27376991 0.32739440 0.06250000
v 0.42091321 -0.06787806 0.06250000
v -0.09415934 0.15898696 0.06250000
v 0.13702301 0.00840160 0.06250000
v 0.32307804 -0.05511135 0.06250000
v -0.27720119 0.32561649 0.06250000
v 0.22859929 -0.01921502 0.06250000
v 0.09294698 -0.20936301 0.06250000
v 0.14791178 -0.06067870 0.06250000
v -0.24661420 -0.05538319 0.06250000
v 0.33179976 -0.14785001 0.06250000
v -0.17598045 0.02844360 0.06250000
v -0.22458215 -0.09793256 0.06250000
v 0.13712142 0.38107130 0.06250000
v 0.35288593 -0.19871875 0.06250000
v 0.16843049 -0.09007186 0.06250000
v -0.06876559 -0.24475855 0.06250000
v -0.16001175 0.11420251 0.06250000
v 0.15713944 -0.18386523 0.06250000
v 0.00466499 -0.22204179 0.06250000
v -0.31056280 -0.24547803 0.06250000
v 0.25032910 0.02178260 0.06250000
v -0.24923917 -0.25977099 0.06250000
v -0.19669532 0.18579922 0.06250000
v -0.10261831 -0.13219485 0.06250000
v -0.18572321 0.21268943 0.06250000
v 0.13976796 -0.20959164 0.06250000
v 0.34388405 -0.01768866 0.06250000
v -0.09967800 -0.22127800 0.06250000
v -0.34657108 -0.25028069 0.06250000
v -0.23752760 0.35545020 0.06250000
v -0.35350433 0.07290195 0.06250000
v 0.30644224 0.12016933 0.06250000
v -0.34015684 -0.22986808 0.06250000
v -0.33043276 -0.23842726 0.06250000
v -0.22652648 0.33870212 0.06250000
v -0.23866272 0.33417168 0.06250000
v 0.37375342 0.00948581 0.06250000
v 0.20134910 0.04182217 0.06250000
v -0.04815576 -0.30446814 0.06250000
v 0.11288859 -0.15687043 0.06250000
v -0.36525440 -0.14812350 0.06250000
v -0.16515466 -0.28031046 0.06250000
v -0.09398385 0.30714353 0.06250000
v 0.12419989 0.12998598 0.06250000
v 0.17761624 -0.21845371 0.06250000
v 0.35433128 0.16207476 0.06250000
v 0.01373288 0.21283851 0.06250000
v -0.07415835 -0.15485296 0.06250000
v 0.11257644 -0.23742036 0.06250000
v -0.35766400 -0.09965648 0.06250000
v -0.41273619 -0.04542813 0.06250000
v 0.19159849 -0.15403604 0.06250000
v 0.23540731 0.20476756 0.06250000
v -0.14217860 0.13990495 0.06250000
v -0.40651329 -0.02568658 0.06250000
v -0.13569562 -0.06973990 0.06250000
v -0.19478470 0.13264491 0.06250000
v 0.22379588 -0.14526289 0.06250000
v 0.20479421 -0.22547443 0.06250000
v -0.12475028 0.12430513 0.06250000
v 0.22497711 0.23405481 0.06250000
v -0.12649867 0.15244371 0.06250000
v -0.25771985 0.23498813 0.06250000
v -0.29437713 -0.04096449 0.06250000
v 0.12016830 -0.19384925 0.06250000
v -0.15712485 -0.07330270 0.06250000
v -0.27668025 -0.04826989 0.06250000
v -0.03886410 -0.26008756 0.06250000
v -0.08221117 -0.13811268 0.06250000
v -0.34482436 -0.14178663 0.06250000
v -0.04284871 0.37590175 0.06250000
v 0.31346520 -0.23414051 0.06250000
v 0.08201352 0.38126710 0.06250000
v 0.13164412 0.28271220 0.06250000
v 0.19760380 -0.11655866 0.06250000
v -0.07054714 -0.14564040 0.06250000
v -0.25464740 0.25079948 0.06250000
v 0.16057515 0.02730616 0.06250000
v -0.19718974 -0.04656839 0.06250000
v -0.27421348 -0.12120351 0.06250000
v 0.31017580 0.21789231 0.06250000
v -0.10892250 0.13912256 0.06250000
v -0.29160121 -0.19292526 0.06250000
v -0.34555692 0.20138430 0.06250000
v 0.10756973 0.26109245 0.06250000
v 0.00689580 0.11750156 0.06250000
v 0.01889042 -0.26507918 0.06250000
v -0.24311987 -0.14968667 0.06250000
v 0.18553696 -0.03497152 0.06250000
v -0.20540295 0.15863908 0.06250000
v -0.23931996 0.23830954 0.06250000
v -0.08060275 -0.27427234 0.06250000
v 0.25031330 0.11360805 0.06250000
v 0.22724347 0.01143224 0.06250000
v -0.30951099 -0.22403691 0.06250000
v 0.10872497 0.35353119 0.06250000
v -0.32273418 -0.02425536 0.06250000
v -0.24900683 -0.28220066 0.06250000
v -0.13493488 0.35138570 0.06250000
v -0.38661993 0.05913130 0.06250000
v 0.02645349 -0.17662036 0.06250000
v 0.29344698 -0.14337129 0.06250000
v -0.12556349 -0.19846429 0.06250000
v -0.33549563 -0.00819191 0.06250000
v 0.00702273 -0.29782646 0.06250000
v 0.15740451 0.18496949 0.06250000
v -0.03660454 0.22054380 0.06250000
v 0.10509175 -0.37954864 0.06250000
v 0.38331611 -0.09034184 0.06250000
v -0.40914878 0.00593252 0.06250000
v -0.23533096 0.19095529 0.06250000
v -0.12488249 -0.30997580 0.06250000
v 0.09160922 0.13793287 0.06250000
v 0.09482357 -0.36032894 0.06250000
v 0.03667395 -0.21236344 0.06250000
v 0.37872125 0.03605569 0.06250000
v 0.21376908 -0.31469030 0.06250000
v -0.06536213 0.24986821 0.06250000
v 0.30069163 -0.30586559 0.06250000
v -0.12331229 -0.41099438 0.06250000
v 0.02757836 0.42802879 0.06250000
v -0.28997536 -0.20593735 0.06250000
v 0.19316051 0.10580801 0.06250000
v 0.41280103 0.11644850 0.06250000
v -0.11898055 -0.23296944 0.06250000
v -0.16024732 -0.35414817 0.06250000
v -0.39522960 0.00256937 0.06250000
v 0.00554261 0.27239768 0.06250000
v -0.00907448 -0.24022251 0.06250000
v -0.37310900 -0.20905267 0.06250000
v -0.05639814 0.19112383 0.06250000
v -0.26536376 -0.06613779 0.06250000
v -0.24580044 -0.09651154 0.06250000
v 0.14858630 0.34865126 0.06250000
v -0.15545499 -0.24196904 0.06250000
v -0.14314370 -0.29757251 0.06250000
v -0.18248459 0.27608031 0.06250000
v 0.04368276 -0.14801391 0.06250000
v 0.07870758 -0.29871539 0.06250000
v -0.17055544 0.00457399 0.06250000
v 0.18685451 -0.13521090 0.06250000
v -0.01682454 -0.26273963 0.06250000
v -0.36407063 -0.13579715 0.06250000
v -0.16188787 -0.34150529 0.06250000
v -0.17215300 -0.33940436 0.06250000
v -0.12587317 -0.32328440 0.06250000
v -0.00419242 0.16517662 0.06250000
v 0.07578684 0.23511960 0.06250000
v 0.11191721 0.03013256 0.06250000
v -0.04497564 0.31013149 0.06250000
v 0.25372656 -0.07047366 0.06250000
v -0.42818020 -0.02114886 0.06250000
v -0.25666381 0.18522364 0.06250000
v 0.05813009 -0.23063211 0.06250000
v -0.41304266 -0.11667061 0.06250000
v 0.20334251 -0.09731271 0.06250000
v -0.22146893 0.36578741 0.06250000
v -0.33513565 -0.26557739 0.06250000
v -0.01696411 -0.11922696 0.06250000
v 0.11000055 0.19687185 0.06250000
v 0.26044474 -0.01235792 0.06250000
v -0.30943306 -0.13247074 0.06250000
v -0.34279146 0.04808441 0.06250000
v 0.18457810 -0.10119803 0.06250000
v 0.27781500 0.23752332 0.06250000
v 0.20187895 0.20989011 0.06250000
v -0.32066135 0.00947508 0.06250000
v 0.40957471 -0.03053679 0.06250000
v 0.29047060 0.29094064 0.06250000
v 0.17031248 -0.37373466 0.06250000
v -0.30790880 0.23486364 0.06250000
v 0.17963840 -0.20514539 0.06250000
v 0.20013140 -0.34117478 0.06250000
v 0.39538056 0.01127039 0.06250000
v -0.22108883 -0.02814760 0.06250000
v 0.25787734 0.23860616 0.06250000
v 0.14323657 -0.34179784 0.06250000
v 0.25306070 0.27084910 0.06250000
v 0.36833478 -0.04023425 0.06250000
v 0.32762250 -0.18076808 0.06250000
v -0.24073629 -0.08465944 0.06250000
v 0.40564255 -0.06140580 0.06250000
v 0.14100544 -0.38506878 0.06250000
v -0.32738361 0.12038728 0.06250000
v 0.28004261 -0.09843916 0.06250000
v 0.14722219 0.25641608 0.06250000
v 0.26386255 0.01941759 0.06250000
v -0.01960550 0.22125695 0.06250000
v -0.05143537 -0.40612655 0.06250000
v 0.26468883 -0.06918168 0.06250000
v 0.18513348 0.06527956 0.06250000
v 0.04143501 -0.37154956 0.06250000
v -0.08739050 -0.30678379 0.06250000
v 0.18042645 0.35366422 0.06250000
v 0.02345433 -0.22633308 0.06250000
v -0.05790434 -0.14392118 0.06250000
v -0.12859891 0.09291427 0.06250000
v 0.05847349 0.26590473 0.06250000
v -0.24975461 0.17587111 0.06250000
v -0.23570760 0.15534635 0.06250000
v -0.22493498 0.15468454 0.06250000
v 0.26915420 0.31338311 0.06250000
v 0.32031060 0.00937846 0.06250000
v 0.16235065 -0.27627764 0.06250000
v -0.35659311 0.14101056 0.06250000
v -0.39412801 -0.07270399 0.06250000
v 0.39952015 0.15501185 0.06250000
v 0.24460135 -0.14144462 0.06250000
v -0.23786726 0.29720389 0.06250000
v -0.29576453 -0.14616950 0.06250000
v 0.14421595 -0.22203379 0.06250000
v 0.19426903 -0.05125289 0.06250000
v 0.23610755 0.14509965 0.06250000
v -0.19394663 -0.36718921 0.06250000
v -0.05370187 0.41177581 0.06250000
v -0.05880518 0.31531006 0.06250000
v 0.14588883 0.03803370 0.06250000
v -0.17720493 -0.32152804 0.06250000
v -0.32045978 0.22822611 0.06250000
v 0.34004136 -0.16641635 0.06250000
v -0.18651032 -0.09689529 0.06250000
v -0.20714083 -0.06332082 0.06250000
v 0.03893204 -0.15840682 0.06250000
v 0.00243925 -0.15127720 0.06250000
v 0.04585253 -0.39365921 0.06250000
v -0.16437894 -0.11091379 0.06250000
v -0.16155391 0.13477726 0.06250000
v -0.31222901 -0.16072184 0.06250000
v 0.10164193 -0.12812841 0.06250000
v -0.23463826 -0.19193066 0.06250000
v 0.29638255 -0.12032629 0.06250000
v -0.35953805 -0.16637194 0.06250000
v 0.26795005 0.29124289 0.06250000
v 0.17732059 -0.07463766 0.06250000
v 0.13127844 -0.07737154 0.06250000
v 0.15057889 -0.36721231 0.06250000
v -0.27909349 0.21805305 0.06250000
v 0.10648044 0.13685850 0.06250000
v -0.08058540 -0.19202271 0.06250000
v -0.12419805 0.29482731 0.06250000
v 0.06891276 0.20164139 0.06250000
v -0.30234977 0.07799809 0.06250000
v -0.42185750 0.07672370 0.06250000
v 0.06136826 -0.36286838 0.06250000
v -0.34259311 -0.04670382 0.06250000
v -0.02500595 -0.21008896 0.06250000
v -0.01950990 0.17942904 0.06250000
v -0.32562339 -0.19576510 0.06250000
v 0.33861219 -0.26095881 0.06250000
v 0.08563103 0.41883774 0.06250000
v -0.06582591 -0.42240345 0.06250000
v 0.29337340 -0.02881833 0.06250000
v 0.26001144 0.09632765 0.06250000
v 0.11724167 -0.35842251 0.06250000
v 0.03848306 0.27073012 0.06250000
v 0.02314613 -0.21395903 0.06250000
v -0.09940011 0.12982082 0.06250000
v -0.22766001 0.08869839 0.06250000
v -0.23029066 0.30563101 0.06250000
v 0.36178040 -0.09191376 0.06250000
v 0.10113917 -0.27410664 0.06250000
v -0.03652801 0.24042091 0.06250000
v 0.13787725 0.20906091 0.06250000
v 0.29808683 -0.08272165 0.06250000
v -0.21627416 0.12003318 0.06250000
v -0.08249144 0.26346713 0.06250000
v 0.11478277 0.26975609 0.06250000
v -0.21873883 -0.01212768 0.06250000
v -0.29780653 0.04550005 0.06250000
v -0.08868075 0.40517024 0.06250000
v -0.22444327 -0.34879381 0.06250000
v -0.22005001 0.26498018 0.06250000
v -0.00157471 -0.30420566 0.06250000
v 0.09333500 -0.24560973 0.06250000
v -0.21715538 0.23759665 0.06250000
v 0.27572334 -0.27617044 0.06250000
v 0.02809767 0.38923514 0.06250000
v -0.10952896 -0.37444413 0.06250000
v 0.37470170 0.10921279 0.06250000
v 0.22703569 0.24632496 0.06250000
v 0.29018130 -0.04569296 0.06250000
v -0.25839607 -0.07906871 0.06250000
v 0.15134645 0.30781258 0.06250000
v 0.31589895 -0.13348796 0.06250000
v -0.31716461 0.11392134 0.06250000
v 0.25405165 -0.21306340 0.06250000
v 0.15006837 0.19428480 0.06250000
v -0.24696350 0.23093076 0.06250000
v -0.21745596 0.00177751 0.06250000
v -0.37637518 0.14932581 0.06250000
v -0.10577268 0.41405694 0.06250000
v -0.24354333 -0.35116614 0.06250000
v 0.11856833 0.38248532 0.06250000
v 0.33984386 -0.21210600 0.06250000
v -0.32278839 -0.20609514 0.06250000
v -0.24909931 -0.01677424 0.06250000
v -0.25057544 -0.02684261 0.06250000
v -0.25678380 -0.21501685 0.06250000
v -0.25609899 0.16257131 0.06250000
v 0.40347809 0.14027298 0.06250000
v -0.07027753 0.33609923 0.06250000
v 0.27127159 -0.07895914 0.06250000
v -0.04957704 0.16272207 0.06250000
v -0.16118255 0.37716836 0.06250000
v -0.28304820 -0.29758919 0.06250000
v -0.15369281 -0.26343101 0.06250000
v 0.34730599 0.00696520 0.06250000
v -0.08440385 0.22585700 0.06250000
v 0.33235764 -0.23999536 0.06250000
v 0.09460870 0.39887284 0.06250000
v -0.08426424 -0.42004555 0.06250000
v 0.06752813 0.42305871 0.06250000
v 0.32767295 -0.27598761 0.06250000
v 0.36943169 0.17639764 0.06250000
v -0.26834553 -0.08600615 0.06250000
v -0.31584956 0.02929095 0.06250000
v 0.17772347 -0.05492188 0.06250000
v 0.01168311 -0.17999675 0.06250000
v -0.14835451 -0.09916456 0.06250000
v -0.20029362 -0.25937015 0.06250000
v 0.33385906 -0.03745247 0.06250000
v 0.33433963 -0.00039609 0.06250000
v 0.17078417 -0.29801144 0.06250000
v 0.16010345 -0.29281323 0.06250000
v 0.08330929 0.21052863 0.06250000
v 0.14940309 0.10703515 0.06250000
v -0.25191386 -0.14447901 0.06250000
v -0.03120779 0.26531127 0.06250000
v 0.22111451 0.04902246 0.06250000
v -0.21231933 0.30177238 0.06250000
v -0.31369819 0.06062876 0.06250000
v 0.11493343 -0.27107588 0.06250000
v -0.18342237 0.07666778 0.06250000
v 0.30822374 0.09913699 0.06250000
v -0.07947203 -0.38306470 0.06250000
v -0.11452764 -0.19518307 0.06250000
v -0.06215311 -0.33014735 0.06250000
v 0.21005113 -0.06435453 0.06250000
v -0.14714838 0.06903607 0.06250000
v -0.34212510 -0.07477390 0.06250000
v -0.39606320 0.11146896 0.06250000
v -0.05534743 0.26772421 0.06250000
v -0.31744680 -0.14934900 0.06250000
v -0.34818389 0.18049063 0.06250000
v -0.31840639 0.28656684 0.06250000
v 0.29483069 0.20272411 0.06250000
v -0.30493794 -0.20969525 0.06250000
v 0.12527710 0.25504779 0.06250000
v 0.17658320 0.17900734 0.06250000
v -0.04025070 0.28679763 0.06250000
v -0.02949069 -0.34458514 0.06250000
v 0.03409436 0.22547860 0.06250000
v 0.06552232 -0.26260554 0.06250000
v 0.05576370 -0.16635564 0.06250000
v -0.03117686 -0.25043844 0.06250000
v -0.31447719 -0.26588676 0.06250000
v -0.20161735 0.35864721 0.06250000
v 0.05532079 0.16064594 0.06250000
v 0.29315245 -0.00942052 0.06250000
v 0.13297048 -0.26125798 0.06250000
v 0.06633086 -0.09214304 0.06250000
v 0.35035834 0.02710641 0.06250000
v 0.20298045 -0.29161178 0.06250000
v 0.39255337 -0.01437633 0.06250000
v 0.17502485 -0.35075934 0.06250000
v -0.17772150 -0.29285434 0.06250000
v -0.11350165 0.11598814 0.06250000
v -0.01941948 0.33354116 0.06250000
v -0.35168130 0.15958311 0.06250000
v 0.24925794 -0.17099861 0.06250000
v 0.14660058 -0.13069614 0.06250000
v 0.21583235 0.00919456 0.06250000
v 0.11164025 -0.18447024 0.06250000
v -0.37010384 0.13015230 0.06250000
v -0.28774706 0.26531855 0.06250000
v -0.17393150 -0.26187971 0.06250000
v 0.10685950 -0.10580026 0.06250000
v -0.21471859 -0.07867933 0.06250000
v -0.14279394 0.04023264 0.06250000
v 0.12906881 0.04191904 0.06250000
v 0.17283305 0.25864160 0.06250000
v -0.33891824 -0.19530128 0.06250000
v -0.24910701 0.30119372 0.06250000
v -0.08502522 0.35982781 0.06250000
v 0.25576964 0.17863104 0.06250000
v 0.24812970 -0.11918928 0.06250000
v 0.04396184 -0.22015090 0.06250000
v 0.39175124 0.17156338 0.06250000
v -0.31619585 0.16620726 0.06250000
v 0.20992981 -0.16142525 0.06250000
v -0.41420634 -0.10628157 0.06250000
v -0.37668938 0.20326671 0.06250000
v -0.23253457 0.26082826 0.06250000
v 0.20404016 0.23434264 0.06250000
v 0.24726976 0.14460249 0.06250000
v 0.41054948 -0.04894876 0.06250000
v 0.27992644 0.30585772 0.06250000
v 0.15527921 -0.38413158 0.06250000
v 0.12959645 0.35110336 0.06250000
v 0.09115608 0.24817246 0.06250000
v -0.29778658 0.28349040 0.06250000
v 0.07418540 -0.19743088 0.06250000
v 0.09046705 -0.34119016 0.06250000
v -0.32608376 -0.08538069 0.06250000
v -0.05644176 -0.29679440 0.06250000
v -0.06191697 0.38121677 0.06250000
v -0.04172316 0.35430011 0.06250000
v 0.12693406 0.06926095 0.06250000
v -0.28897238 0.13582721 0.06250000
v -0.03941580 -0.28720720 0.06250000
v -0.13012836 0.14217079 0.06250000
v 0.21588056 -0.11714580 0.06250000
v 0.23826826 0.12613139 0.06250000
v 0.21324793 -0.12815828 0.06250000
v -0.23928622 -0.17253724 0.06250000
v -0.03731962 0.21089160 0.06250000
v -0.27437453 -0.17563414 0.06250000
v -0.33242721 0.01292569 0.06250000
v -0.11560468 -0.13369298 0.06250000
v -0.23502543 -0.27077894 0.06250000
v -0.21142176 0.02882755 0.06250000
v -0.23891109 -0.22597231 0.06250000
v 0.22345452 -0.23510699 0.06250000
v -0.27042742 0.02374931 0.06250000
v -0.04390716 -0.32646354 0.06250000
v -0.40547591 0.08282476 0.06250000
v 0.32068144 0.28624504 0.06250000
v 0.20076590 -0.37992517 0.06250000
v 0.42965519 -0.00681954 0.06250000
v 0.41459036 0.00515201 0.06250000
v 0.31620356 0.26603655 0.06250000
v 0.20401141 -0.36095853 0.06250000
v 0.10199749 0.20675381 0.06250000
v -0.37350949 0.07356233 0.06250000
v 0.30246166 0.17056528 0.06250000
v -0.09898377 -0.41580654 0.06250000
v 0.05225751 0.42419865 0.06250000
v 0.31686271 -0.28683334 0.06250000
v 0.04421019 0.13316331 0.06250000
v 0.01483723 0.17095376 0.06250000
v 0.19602199 -0.21770632 0.06250000
v 0.13113635 0.30217698 0.06250000
v -0.11693325 -0.26802394 0.06250000
v 0.08263397 0.15758025 0.06250000
v -0.16301580 -0.37190475 0.06250000
v -0.35882779 -0.05660813 0.06250000
v -0.38931384 -0.05231649 0.06250000
v -0.05724345 0.21048395 0.06250000
v -0.14483108 0.29467988 0.06250000
v 0.03271180 0.32175688 0.06250000
v -0.31854028 -0.04257046 0.06250000
v 0.33993310 0.06948660 0.06250000
v 0.22256810 0.33333255 0.06250000
v 0.28739176 -0.15016849 0.06250000
v -0.42918741 0.02108943 0.06250000
v 0.16964000 0.14919953 0.06250000
v 0.34324581 -0.08391604 0.06250000
v 0.20455092 0.28512623 0.06250000
v 0.18580894 -0.22476010 0.06250000
v -0.01879302 -0.19188706 0.06250000
v -0.15877722 0.16948811 0.06250000
v 0.31998290 0.10150883 0.06250000
v 0.28192394 0.25873686 0.06250000
v 0.17801144 0.03566194 0.06250000
v 0.37645560 0.16044970 0.06250000
v -0.24447616 0.11003339 0.06250000
v -0.26038374 -0.27550104 0.06250000
v 0.26889322 0.19223731 0.06250000
v -0.37233405 0.04329025 0.06250000
v 0.09245711 -0.09312060 0.06250000
v -0.21776193 0.33281974 0.06250000
v 0.02206295 0.28404490 0.06250000
v -0.01909368 0.21111994 0.06250000
v -0.15473358 0.15208883 0.06250000
v 0.00351599 -0.33933989 0.06250000
v 0.02999070 -0.36664181 0.06250000
v 0.37589234 -0.17723062 0.06250000
v 0.16868275 0.37997450 0.06250000
v 0.02544822 -0.41458674 0.06250000
v -0.21000374 0.35092690 0.06250000
v -0.31921124 -0.25564711 0.06250000
v 0.27299213 0.08082170 0.06250000
v -0.01919111 0.25017025 0.06250000
v -0.01390682 0.24144320 0.06250000
v -0.17286511 0.15819163 0.06250000
v -0.00543394 -0.27933953 0.06250000
v -0.19428596 0.14346752 0.06250000
v -0.40002000 -0.10224066 0.06250000
v -0.26492397 0.04249420 0.06250000
v -0.41420035 -0.00680721 0.06250000
v 0.31927551 0.13289377 0.06250000
v 0.34709549 -0.10216993 0.06250000
v 0.19699875 0.30566348 0.06250000
v 0.07745341 -0.35343308 0.06250000
v 0.00259134 -0.35029194 0.06250000
v -0.32775834 0.03300376 0.06250000
v 0.12145478 -0.37421963 0.06250000
v 0.38637896 -0.07226989 0.06250000
v 0.32451134 -0.02069459 0.06250000
v 0.13828770 -0.29537805 0.06250000
v 0.18270100 -0.33180893 0.06250000
v 0.04169502 -0.32873610 0.06250000
v 0.12767255 -0.29990825 0.06250000
v 0.30356159 -0.06184604 0.06250000
v -0.35508198 0.24249210 0.06250000
v -0.39574649 -0.03964488 0.06250000
v -0.01270968 0.13411628 0.06250000
v 0.18815244 0.24967731 0.06250000
v 0.01607563 -0.24903004 0.06250000
v 0.03243751 0.33373191 0.06250000
v -0.12521806 0.33550221 0.06250000
v 0.06888900 -0.28331183 0.06250000
v 0.31414021 0.00149539 0.06250000
v 0.15255635 -0.27503988 0.06250000
v -0.12408564 0.27564450 0.06250000
v -0.32740999 -0.10382275 0.06250000
v 0.02385031 -0.14587076 0.06250000
v 0.00940445 -0.21137501 0.06250000
v 0.07239420 -0.16372908 0.06250000
v -0.13322936 -0.18043546 0.06250000
v 0.32294522 -0.25484799 0.06250000
v 0.07752938 0.40358610 0.06250000
v 0.05091495 -0.29017264 0.06250000
v 0.06316406 0.34034778 0.06250000
v -0.09756754 -0.26100680 0.06250000
v 0.33632593 0.11214451 0.06250000
v 0.32566999 0.11265176 0.06250000
v -0.19257679 -0.35617959 0.06250000
v -0.05625792 0.40097976 0.06250000
v 0.22606819 -0.05925546 0.06250000
v 0.04710301 0.14431794 0.06250000
v -0.06885021 -0.40665510 0.06250000
v -0.22450069 -0.32598437 0.06250000
v -0.09659112 0.38377764 0.06250000
v 0.22094922 0.34845741 0.06250000
v -0.18578889 0.11295363 0.06250000
v 0.08877895 0.36272209 0.06250000
v -0.09217040 0.23353690 0.06250000
v -0.26924499 0.26522622 0.06250000
v -0.14173145 0.05989830 0.06250000
v 0.20014109 0.31809853 0.06250000
v -0.13766471 0.36656855 0.06250000
v -0.25687003 -0.29553657 0.06250000
v 0.33693573 0.15962470 0.06250000
v 0.09306750 -0.30876645 0.06250000
v -0.21802331 0.08704809 0.06250000
v -0.10934696 -0.21322691 0.06250000
v -0.36348755 0.02647451 0.06250000
v 0.04897659 0.19433444 0.06250000
v 0.14661119 -0.09083464 0.06250000
v 0.22873799 -0.34670127 0.06250000
v 0.41401409 0.03365905 0.06250000
v -0.38099940 0.16939986 0.06250000
v -0.38732586 0.14522119 0.06250000
v 0.30227588 -0.21944215 0.06250000
v -0.04638349 -0.37049549 0.06250000
v -0.33599223 0.23413806 0.06250000
v 0.30061634 -0.10235279 0.06250000
v 0.16169948 0.27332831 0.06250000
v 0.15578349 -0.34694975 0.06250000
v 0.26644064 0.27079838 0.06250000
v 0.37963121 0.00035051 0.06250000
v -0.39437369 -0.16867461 0.06250000
v -0.06981820 0.32592785 0.06250000
v 0.23295935 0.31726969 0.06250000
v 0.04211766 0.34179950 0.06250000
v 0.03922994 0.35228021 0.06250000
v -0.03296360 0.33802030 0.06250000
v 0.29003723 0.06817575 0.06250000
v -0.27228766 0.29557491 0.06250000
v 0.13101756 0.01906477 0.06250000
v -0.40487497 0.09577332 0.06250000
v -0.00593245 -0.13512393 0.06250000
v -0.33927510 0.26066159 0.06250000
v -0.07837151 0.02154929 0.06250000
v 0.25926435 0.04015341 0.06250000
v 0.32786439 0.13082561 0.06250000
v 0.11900000 0.28611973 0.06250000
v -0.10486545 0.09004079 0.06250000
v -0.02067179 0.26779968 0.06250000
v -0.00297623 0.20436956 0.06250000
v 0.10396202 0.33314132 0.06250000
v 0.10633484 0.06707895 0.06250000
v 0.22464724 -0.19654760 0.06250000
v -0.16720646 0.24381861 0.06250000
v -0.09293154 0.34993669 0.06250000
v 0.00748006 0.29922187 0.06250000
v -0.30241753 -0.17739741 0.06250000
v 0.31785123 0.16112136 0.06250000
v -0.20605316 -0.30707085 0.06250000
v -0.20333035 -0.02540941 0.06250000
v -0.17108665 0.34502968 0.06250000
v 0.23075482 -0.07641846 0.06250000
v -0.29467258 0.08764793 0.06250000
v -0.01013100 0.28202796 0.06250000
v -0.32351827 -0.01265775 0.06250000
v 0.14284990 0.24391584 0.06250000
v 0.04414435 -0.31160711 0.06250000
v -0.29931509 0.00629093 0.06250000
v 0.27367409 -0.22817365 0.06250000
v -0.07598163 -0.36359494 0.06250000
v -0.14799982 0.34960042 0.06250000
v 0.37686919 -0.02389379 0.06250000
v -0.38574839 0.09168604 0.06250000
v 0.17862584 -0.01565226 0.06250000
v 0.01289613 -0.35578631 0.06250000
v 0.21870106 0.19858099 0.06250000
v -0.25685564 0.28494895 0.06250000
v -0.00262817 0.26153280 0.06250000
v 0.33730594 0.24241289 0.06250000
v -0.06948503 -0.27765925 0.06250000
v -0.30135191 0.10022736 0.06250000
v -0.14572880 -0.27516634 0.06250000
v 0.29414648 -0.20196843 0.06250000
v 0.09074441 0.34443936 0.06250000
v -0.20528219 0.14785528 0.06250000
v -0.20644540 -0.04383503 0.06250000
v 0.17037208 -0.02701969 0.06250000
v -0.01627271 -0.15723081 0.06250000
v -0.21519612 -0.11797204 0.06250000
v 0.01281182 0.19273141 0.06250000
v 0.41416000 -0.11615658 0.06250000
v 0.23735408 0.35843633 0.06250000
v 0.09746296 -0.41895325 0.06250000
v -0.36677300 -0.09023119 0.06250000
v 0.13910836 0.16032656 0.06250000
v -0.10961309 0.06770515 0.06250000
v 0.32361191 -0.03093504 0.06250000
v 0.21526251 0.30324333 0.06250000
v 0.35794598 0.11909920 0.06250000
v 0.14781110 0.06786516 0.06250000
v 0.16348412 -0.07021181 0.06250000
v -0.10799576 -0.31404205 0.06250000
v 0.05923898 0.34812888 0.06250000
v -0.06855897 -0.34968616 0.06250000
v 0.13430511 -0.16004552 0.06250000
v -0.35392205 0.04072366 0.06250000
v -0.08169139 -0.26422619 0.06250000
v 0.11571741 0.25093002 0.06250000
v -0.21878419 0.13831319 0.06250000
v -0.01808373 0.36530490 0.06250000
v 0.35367129 -0.07301827 0.06250000
v -0.19554237 0.11509106 0.06250000
v 0.20366833 -0.15232639 0.06250000
v -0.15670708 0.08656113 0.06250000
v 0.03579239 -0.13978916 0.06250000
v 0.22534264 -0.03652765 0.06250000
v 0.10097055 0.18855786 0.06250000
v -0.10764404 -0.15125400 0.06250000
v 0.22260299 -0.16602291 0.06250000
v -0.20013683 0.08548575 0.06250000
v -0.01913890 -0.29266856 0.06250000
v -0.21457041 -0.09708401 0.06250000
v 0.27684671 0.04175204 0.06250000
v 0.06293891 0.21055836 0.06250000
v 0.19673852 -0.31145431 0.06250000
v -0.29101694 -0.24731549 0.06250000
v -0.25375970 -0.11521533 0.06250000
v 0.16158425 -0.04122155 0.06250000
v 0.26959024 -0.20175212 0.06250000
v -0.07834544 0.31216043 0.06250000
v -0.31860566 0.10292769 0.06250000
v 0.24841125 0.18616961 0.06250000
v 0.04736861 -0.23812017 0.06250000
v -0.21001733 -0.29585654 0.06250000
v 0.35555181 0.03645699 0.06250000
v 0.19161510 -0.29400028 0.06250000
v 0.05517700 0.12686335 0.06250000
v -0.03141704 0.25276231 0.06250000
v 0.49961708 0.01956481 -0.03023446
v 0.49986771 0.01150066 -0.02604232
v 0.49905802 0.03067721 -0.02817599
v 0.49804425 0.04418063 -0.03085556
v 0.49670875 0.05727495 -0.03116741
v 0.49495541 0.07084589 -0.03122357
v 0.49278537 0.08463198 -0.03123995
v 0.49020869 0.09846546 -0.03124599
v 0.48723313 0.11226701 -0.03124839
v 0.48386425 0.12599759 -0.03124935
v 0.48010635 0.13963488 -0.03124974
v 0.47596321 0.15316339 -0.03124990
v 0.47143853 0.16657045 -0.03124996
v 0.46653609 0.17984459 -0.03124999
v 0.46125990 0.19297486 -0.03124999
v 0.45561423 0.20595066 -0.03125000
v 0.44960360 0.21876153 -0.03125000
v 0.44323284 0.23139716 -0.03125000
v 0.43650705 0.24384748 -0.03125000
v 0.42943164 0.25610246 -0.03125000
v 0.42201224 0.26815233 -0.03125000
v 0.41425483 0.27998739 -0.03125000
v 0.40616560 0.29159820 -0.03125000
v 0.39775104 0.30297544 -0.03125000
v 0.38901788 0.31411000 -0.03125000
v 0.37997312 0.32499296 -0.03125000
v 0.37062401 0.33561561 -0.03125000
v 0.36097805 0.34596944 -0.03125000
v 0.35104294 0.35604614 -0.03125000
v 0.34082665 0.36583766 -0.03125000
v 0.33033736 0.37533615 -0.03125000
v 0.31958348 0.38453400 -0.03125000
v 0.30857361 0.39342385 -0.03125000
v 0.29731659 0.40199856 -0.03125000
v 0.28582141 0.41025129 -0.03125000
v 0.27409730 0.41817540 -0.03125000
v 0.26215364 0.42576458 -0.03125000
v 0.25000000 0.43301270 -0.03125000
v 0.23764611 0.43991400 -0.03125000
v 0.22510188 0.44646293 -0.03125000
v 0.21237732 0.45265425 -0.03125000
v 0.19948268 0.45848300 -0.03125000
v 0.18642824 0.46394451 -0.03125000
v 0.17322448 0.46903441 -0.03125000
v 0.15988196 0.47374863 -0.03125000
v 0.14641139 0.47808336 -0.03125000
v 0.13282354 0.48203518 -0.03125000
v 0.11912930 0.48560088 -0.03125000
v 0.10533964 0.48877762 -0.03125000
v 0.09146560 0.49156286 -0.03125000
v 0.07751830 0.49395436 -0.03125000
v 0.06350891 0.49595021 -0.03125000
v 0.04944865 0.49754883 -0.03125000
v 0.03534879 0.49874890 -0.03125000
v 0.02122060 0.49954949 -0.03125000
v 0.00707543 0.49994994 -0.03125000
v -0.00707543 0.49994994 -0.03125000
v -0.02122060 0.49954949 -0.03125000
v -0.03534879 0.49874890 -0.03125000
v -0.04944865 0.49754883 -0.03125000
v -0.06350891 0.49595021 -0.03125000
v -0.07751830 0.49395436 -0.03125000
v -0.09146560 0.49156286 -0.03125000
v -0.10533964 0.48877762 -0.03125000
v -0.11912930 0.48560088 -0.03125000
v -0.13282354 0.48203518 -0.03125000
v -0.14641139 0.47808336 -0.03125000
v -0.15988196 0.47374863 -0.03125000
v -0.17322448 0.46903441 -0.03125000
v -0.18642824 0.46394451 -0.03125000
v -0.19948268 0.45848300 -0.03125000
v -0.21237732 0.45265425 -0.03125000
v -0.22510188 0.44646293 -0.03125000
v -0.23764611 0.43991400 -0.03125000
v -0.25000000 0.43301270 -0.03125000
v -0.26215364 0.42576458 -0.03125000
v -0.27409730 0.41817540 -0.03125000
v -0.28582141 0.41025129 -0.03125000
v -0.29731659 0.40199856 -0.03125000
v -0.30857361 0.39342385 -0.03125000
v -0.31958348 0.38453400 -0.03125000
v -0.33033736 0.37533615 -0.03125000
v -0.34082665 0.36583766 -0.03125000
v -0.35104294 0.35604614 -0.03125000
v -0.36097805 0.34596944 -0.03125000
v -0.37062401 0.33561561 -0.03125000
v -0.37997312 0.32499296 -0.03125000
v -0.38901788 0.31411000 -0.03125000
v -0.39775104 0.30297544 -0.03125000
v -0.40616560 0.29159820 -0.03125000
v -0.41425483 0.27998739 -0.03125000
v -0.42201224 0.26815233 -0.03125000
v -0.42943164 0.25610246 -0.03125000
v -0.43650706 0.24384748 -0.03125000
v -0.44323284 0.23139716 -0.03125000
v -0.44960361 0.21876150 -0.03125000
v -0.45561425 0.20595063 -0.03125000
v -0.46125994 0.19297477 -0.03125000
v -0.46653618 0.17984436 -0.03125000
v -0.47143873 0.16656990 -0.03125000
v -0.47596365 0.15316201 -0.03125000
v -0.48010734 0.13963144 -0.03125000
v -0.48386648 0.12598903 -0.03125000
v -0.48723804 0.11224570 -0.03125000
v -0.49021933 0.09841247 -0.03125000
v -0.49280795 0.08450041 -0.03125000
v -0.49500185 0.07052066 -0.03125000
v -0.49679926 0.05648444 -0.03125000
v -0.49819875 0.04240296 -0.03125000
v -0.49919918 0.02828752 -0.03125000
v -0.49979975 0.01414943 -0.03125000
v -0.50000000 0.00000000 -0.03125000
v -0.49979975 -0.01414943 -0.03125000
v -0.49919918 -0.02828752 -0.03125000
v -0.49819875 -0.04240296 -0.03125000
v -0.49679926 -0.05648444 -0.03125000
v -0.49500185 -0.07052066 -0.03125000
v -0.49280795 -0.08450041 -0.03125000
v -0.49021933 -0.09841247 -0.03125000
v -0.48723804 -0.11224570 -0.03125000
v -0.48386648 -0.12598903 -0.03125000
v -0.48010734 -0.13963144 -0.03125000
v -0.47596365 -0.15316201 -0.03125000
v -0.47143873 -0.16656990 -0.03125000
v -0.46653618 -0.17984436 -0.03125000
v -0.46125994 -0.19297477 -0.03125000
v -0.45561425 -0.20595063 -0.03125000
v -0.44960361 -0.21876150 -0.03125000
v -0.44323284 -0.23139716 -0.03125000
v -0.43650706 -0.24384748 -0.03125000
v -0.42943164 -0.25610246 -0.03125000
v -0.42201224 -0.26815233 -0.03125000
v -0.41425483 -0.27998739 -0.03125000
v -0.40616560 -0.29159820 -0.03125000
v -0.39775104 -0.30297544 -0.03125000
v -0.38901788 -0.31411000 -0.03125000
v -0.37997312 -0.32499296 -0.03125000
v -0.37062401 -0.33561561 -0.03125000
v -0.36097805 -0.34596944 -0.03125000
v -0.35104294 -0.35604614 -0.03125000
v -0.34082665 -0.36583766 -0.03125000
v -0.33033736 -0.37533615 -0.03125000
v -0.31958348 -0.38453400 -0.03125000
v -0.30857361 -0.39342385 -0.03125000
v -0.29731659 -0.40199856 -0.03125000
v -0.28582141 -0.41025129 -0.03125000
v -0.27409730 -0.41817540 -0.03125000
v -0.26215364 -0.42576458 -0.03125000
v -0.25000000 -0.43301270 -0.03125000
v -0.23764611 -0.43991400 -0.03125000
v -0.22510188 -0.44646293 -0.03125000
v -0.21237732 -0.45265425 -0.03125000
v -0.19948268 -0.45848300 -0.03125000
v -0.18642824 -0.46394451 -0.03125000
v -0.17322448 -0.46903441 -0.03125000
v -0.15988196 -0.47374863 -0.03125000
v -0.14641139 -0.47808336 -0.03125000
v -0.13282354 -0.48203518 -0.03125000
v -0.11912930 -0.48560088 -0.03125000
v -0.10533964 -0.48877762 -0.03125000
v -0.09146560 -0.49156286 -0.03125000
v -0.07751830 -0.49395436 -0.03125000
v -0.06350891 -0.49595021 -0.03125000
v -0.04944865 -0.49754883 -0.03125000
v -0.03534879 -0.49874890 -0.03125000
v -0.02122060 -0.49954949 -0.03125000
v -0.00707543 -0.49994994 -0.03125000
v 0.00707543 -0.49994994 -0.03125000
v 0.02122060 -0.49954949 -0.03125000
v 0.03534879 -0.49874890 -0.03125000
v 0.04944865 -0.49754883 -0.03125000
v 0.06350891 -0.49595021 -0.03125000
v 0.07751830 -0.49395436 -0.03125000
v 0.09146560 -0.49156286 -0.03125000
v 0.10533964 -0.48877762 -0.03125000
v 0.11912930 -0.48560088 -0.03125000
v 0.13282354 -0.48203518 -0.03125000
v 0.14641139 -0.47808336 -0.03125000
v 0.15988196 -0.47374863 -0.03125000
v 0.17322448 -0.46903441 -0.03125000
v 0.18642824 -0.46394451 -0.03125000
v 0.19948268 -0.45848300 -0.03125000
v 0.21237732 -0.45265425 -0.03125000
v 0.22510188 -0.44646293 -0.03125000
v 0.23764611 -0.43991400 -0.03125000
v 0.25000000 -0.43301270 -0.03125000
v 0.26215364 -0.42576458 -0.03125000
v 0.27409730 -0.41817540 -0.03125000
v 0.28582141 -0.41025129 -0.03125000
v 0.29731659 -0.40199856 -0.03125000
v 0.30857361 -0.39342385 -0.03125000
v 0.31958348 -0.38453400 -0.03125000
v 0.33033736 -0.37533615 -0.03125000
v 0.34082665 -0.36583766 -0.03125000
v 0.35104294 -0.35604614 -0.03125000
v 0.36097805 -0.34596944 -0.03125000
v 0.37062401 -0.33561561 -0.03125000
v 0.37997312 -0.32499296 -0.03125000
v 0.38901788 -0.31411000 -0.03125000
v 0.39775104 -0.30297544 -0.03125000
v 0.40616560 -0.29159820 -0.03125000
v 0.41425483 -0.27998739 -0.03125000
v 0.42201224 -0.26815233 -0.03125000
v 0.42943164 -0.25610246 -0.03125000
v 0.43650706 -0.24384748 -0.03125000
v 0.44323284 -0.23139716 -0.03125000
v 0.44960361 -0.21876150 -0.03125000
v 0.45561425 -0.20595063 -0.03125001
v 0.46125994 -0.19297477 -0.03125003
v 0.46653618 -0.17984436 -0.03125008
v 0.47143873 -0.16656989 -0.03125017
v 0.47596366 -0.15316200 -0.03125045
v 0.48010735 -0.13963141 -0.03125110
v 0.48386650 -0.12598895 -0.03125274
v 0.48723808 -0.11224550 -0.03125676
v 0.49021942 -0.09841196 -0.03126671
v 0.49280818 -0.08449910 -0.03129134
v 0.49500240 -0.07051683 -0.03135244
v 0.49680108 -0.05646846 -0.03150602
v 0.49820815 -0.04229234 -0.03191330
v 0.49925808 -0.02722810 -0.03322415
v 0.49981576 -0.01357204 -0.02831742
v 0.49994695 -0.00728320 -0.03691297
v 0.49995681 0.00657113 -0.03436410
v 0.49992451 0.00868821 -0.01435468
v 0.49991655 -0.00913460 -0.01466449
v 0.49995999 -0.00632531 -0.04902293
v 0.49993690 0.00794319 -0.04684944
v 0.49996740 0.00570986 -0.00671366
v 0.49996611 -0.00582148 -0.00679112
v 0.49982015 0.01340977 -0.03642871
v 0.49956871 0.02076294 -0.01587202
v 0.49894595 0.03244898 -0.01229675
v 0.49838989 0.04009389 -0.01743575
v 0.49741911 0.05073686 -0.01585042
v 0.49589546 0.06393505 -0.01564382
v 0.49392970 0.07767529 -0.01562153
v 0.49155154 0.09152640 -0.01562181
v 0.48877244 0.10536369 -0.01562341
v 0.48559853 0.11913890 -0.01562431
v 0.48203411 0.13282738 -0.01562471
v 0.47808290 0.14641292 -0.01562489
v 0.47374841 0.15988258 -0.01562495
v 0.46903432 0.17322473 -0.01562497
v 0.46394448 0.18642834 -0.01562499
v 0.45848299 0.19948271 -0.01562500
v 0.45265424 0.21237735 -0.01562500
v 0.44646293 0.22510188 -0.01562500
v 0.43991400 0.23764611 -0.01562500
v 0.43301270 0.25000000 -0.01562500
v 0.42576456 0.26215364 -0.01562500
v 0.41817540 0.27409730 -0.01562500
v 0.41025129 0.28582141 -0.01562500
v 0.40199856 0.29731659 -0.01562500
v 0.39342385 0.30857361 -0.01562500
v 0.38453400 0.31958348 -0.01562500
v 0.37533615 0.33033736 -0.01562500
v 0.36583766 0.34082665 -0.01562500
v 0.35604614 0.35104294 -0.01562500
v 0.34596944 0.36097805 -0.01562500
v 0.33561561 0.37062401 -0.01562500
v 0.32499296 0.37997312 -0.01562500
v 0.31411000 0.38901788 -0.01562500
v 0.30297544 0.39775104 -0.01562500
v 0.29159820 0.40616560 -0.01562500
v 0.27998739 0.41425483 -0.01562500
v 0.26815233 0.42201224 -0.01562500
v 0.25610246 0.42943164 -0.01562500
v 0.24384748 0.43650706 -0.01562500
v 0.23139716 0.44323284 -0.01562500
v 0.21876150 0.44960361 -0.01562500
v 0.20595063 0.45561425 -0.01562500
v 0.19297477 0.46125994 -0.01562500
v 0.17984436 0.46653618 -0.01562500
v 0.16656990 0.47143873 -0.01562500
v 0.15316201 0.47596365 -0.01562500
v 0.13963144 0.48010734 -0.01562500
v 0.12598903 0.48386648 -0.01562500
v 0.11224570 0.48723804 -0.01562500
v 0.09841247 0.49021933 -0.01562500
v 0.08450041 0.49280795 -0.01562500
v 0.07052066 0.49500185 -0.01562500
v 0.05648444 0.49679926 -0.01562500
v 0.04240296 0.49819875 -0.01562500
v 0.02828752 0.49919918 -0.01562500
v 0.01414943 0.49979975 -0.01562500
v 0.00000000 0.50000000 -0.01562500
v -0.01414943 0.49979975 -0.01562500
v -0.02828752 0.49919918 -0.01562500
v -0.04240296 0.49819875 -0.01562500
v -0.05648444 0.49679926 -0.01562500
v -0.07052066 0.49500185 -0.01562500
v -0.08450041 0.49280795 -0.01562500
v -0.09841247 0.49021933 -0.01562500
v -0.11224570 0.48723804 -0.01562500
v -0.12598903 0.48386648 -0.01562500
v -0.13963144 0.48010734 -0.01562500
v -0.15316201 0.47596365 -0.01562500
v -0.16656990 0.47143873 -0.01562500
v -0.17984436 0.46653618 -0.01562500
v -0.19297477 0.46125994 -0.01562500
v -0.20595063 0.45561425 -0.01562500
v -0.21876150 0.44960361 -0.01562500
v -0.23139716 0.44323284 -0.01562500
v -0.24384748 0.43650706 -0.01562500
v -0.25610246 0.42943164 -0.01562500
v -0.26815233 0.42201224 -0.01562500
v -0.27998739 0.41425483 -0.01562500
v -0.29159820 0.40616560 -0.01562500
v -0.30297544 0.39775104 -0.01562500
v -0.31411000 0.38901788 -0.01562500
v -0.32499296 0.37997312 -0.01562500
v -0.33561561 0.37062401 -0.01562500
v -0.34596944 0.36097805 -0.01562500
v -0.35604614 0.35104294 -0.01562500
v -0.36583766 0.34082665 -0.01562500
v -0.37533615 0.33033736 -0.01562500
v -0.38453400 0.31958348 -0.01562500
v -0.39342385 0.30857361 -0.01562500
v -0.40199856 0.29731659 -0.01562500
v -0.41025129 0.28582141 -0.01562500
v -0.41817540 0.27409730 -0.01562500
v -0.42576458 0.26215364 -0.01562500
v -0.43301270 0.25000000 -0.01562500
v -0.43991400 0.23764611 -0.01562500
v -0.44646293 0.22510188 -0.01562500
v -0.45265425 0.21237732 -0.01562500
v -0.45848300 0.19948268 -0.01562500
v -0.46394451 0.18642824 -0.01562500
v -0.46903441 0.17322448 -0.01562500
v -0.47374863 0.15988196 -0.01562500
v -0.47808336 0.14641139 -0.01562500
v -0.48203518 0.13282354 -0.01562500
v -0.48560088 0.11912930 -0.01562500
v -0.48877762 0.10533964 -0.01562500
v -0.49156286 0.09146560 -0.01562500
v -0.49395436 0.07751830 -0.01562500
v -0.49595021 0.06350891 -0.01562500
v -0.49754883 0.04944865 -0.01562500
v -0.49874890 0.03534879 -0.01562500
v -0.49954949 0.02122060 -0.01562500
v -0.49994994 0.00707543 -0.01562500
v -0.49994994 -0.00707543 -0.01562500
v -0.49954949 -0.02122060 -0.01562500
v -0.49874890 -0.03534879 -0.01562500
v -0.49754883 -0.04944865 -0.01562500
v -0.49595021 -0.06350891 -0.01562500
v -0.49395436 -0.07751830 -0.01562500
v -0.49156286 -0.09146560 -0.01562500
v -0.48877762 -0.10533964 -0.01562500
v -0.48560088 -0.11912930 -0.01562500
v -0.48203518 -0.13282354 -0.01562500
v -0.47808336 -0.14641139 -0.01562500
v -0.47374863 -0.15988196 -0.01562500
v -0.46903441 -0.17322448 -0.01562500
v -0.46394451 -0.18642824 -0.01562500
v -0.45848300 -0.19948268 -0.01562500
v -0.45265425 -0.21237732 -0.01562500
v -0.44646293 -0.22510188 -0.01562500
v -0.43991400 -0.23764611 -0.01562500
v -0.43301270 -0.25000000 -0.01562500
v -0.42576458 -0.26215364 -0.01562500
v -0.41817540 -0.27409730 -0.01562500
v -0.41025129 -0.28582141 -0.01562500
v -0.40199856 -0.29731659 -0.01562500
v -0.39342385 -0.30857361 -0.01562500
v -0.38453400 -0.31958348 -0.01562500
v -0.37533615 -0.33033736 -0.01562500
v -0.36583766 -0.34082665 -0.01562500
v -0.35604614 -0.35104294 -0.01562500
v -0.34596944 -0.36097805 -0.01562500
v -0.33561561 -0.37062401 -0.01562500
v -0.32499296 -0.37997312 -0.01562500
v -0.31411000 -0.38901788 -0.01562500
v -0.30297544 -0.39775104 -0.01562500
v -0.29159820 -0.40616560 -0.01562500
v -0.27998739 -0.41425483 -0.01562500
v -0.26815233 -0.42201224 -0.01562500
v -0.25610246 -0.42943164 -0.01562500
v -0.24384748 -0.43650706 -0.01562500
v -0.23139716 -0.44323284 -0.01562500
v -0.21876150 -0.44960361 -0.01562500
v -0.20595063 -0.45561425 -0.01562500
v -0.19297477 -0.46125994 -0.01562500
v -0.17984436 -0.46653618 -0.01562500
v -0.16656990 -0.47143873 -0.01562500
v -0.15316201 -0.47596365 -0.01562500
v -0.13963144 -0.48010734 -0.01562500
v -0.12598903 -0.48386648 -0.01562500
v -0.11224570 -0.48723804 -0.01562500
v -0.09841247 -0.49021933 -0.01562500
v -0.08450041 -0.49280795 -0.01562500
v -0.07052066 -0.49500185 -0.01562500
v -0.05648444 -0.49679926 -0.01562500
v -0.04240296 -0.49819875 -0.01562500
v -0.02828752 -0.49919918 -0.01562500
v -0.01414943 -0.49979975 -0.01562500
v 0.00000000 -0.50000000 -0.01562500
v 0.01414943 -0.49979975 -0.01562500
v 0.02828752 -0.49919918 -0.01562500
v 0.04240296 -0.49819875 -0.01562500
v 0.05648444 -0.49679926 -0.01562500
v 0.07052066 -0.49500185 -0.01562500
v 0.08450041 -0.49280795 -0.01562500
v 0.09841247 -0.49021933 -0.01562500
v 0.11224570 -0.48723804 -0.01562500
v 0.12598903 -0.48386648 -0.01562500
v 0.13963144 -0.48010734 -0.01562500
v 0.15316201 -0.47596365 -0.01562500
v 0.16656990 -0.47143873 -0.01562500
v 0.17984436 -0.46653618 -0.01562500
v 0.19297477 -0.46125994 -0.01562500
v 0.20595063 -0.45561425 -0.01562500
v 0.21876150 -0.44960361 -0.01562500
v 0.23139716 -0.44323284 -0.01562500
v 0.24384748 -0.43650706 -0.01562500
v 0.25610246 -0.42943164 -0.01562500
v 0.26815233 -0.42201224 -0.01562500
v 0.27998739 -0.41425483 -0.01562500
v 0.29159820 -0.40616560 -0.01562500
v 0.30297544 -0.39775104 -0.01562500
v 0.31411000 -0.38901788 -0.01562500
v 0.32499296 -0.37997312 -0.01562500
v 0.33561561 -0.37062401 -0.01562500
v 0.34596944 -0.36097805 -0.01562500
v 0.35604614 -0.35104294 -0.01562500
v 0.36583766 -0.34082665 -0.01562500
v 0.37533615 -0.33033736 -0.01562500
v 0.38453400 -0.31958348 -0.01562500
v 0.39342385 -0.30857361 -0.01562500
v 0.40199856 -0.29731659 -0.01562500
v 0.41025129 -0.28582141 -0.01562500
v 0.41817540 -0.27409730 -0.01562500
v 0.42576458 -0.26215364 -0.01562500
v 0.43301270 -0.25000000 -0.01562500
v 0.43991400 -0.23764611 -0.01562500
v 0.44646293 -0.22510188 -0.01562500
v 0.45265425 -0.21237732 -0.01562500
v 0.45848300 -0.19948268 -0.01562501
v 0.46394451 -0.18642824 -0.01562504
v 0.46903441 -0.17322448 -0.01562508
v 0.47374863 -0.15988196 -0.01562520
v 0.47808338 -0.14641138 -0.01562550
v 0.48203519 -0.13282350 -0.01562623
v 0.48560090 -0.11912920 -0.01562804
v 0.48877768 -0.10533935 -0.01563249
v 0.49156303 -0.09146471 -0.01564343
v 0.49395486 -0.07751510 -0.01567004
v 0.49595190 -0.06349574 -0.01573299
v 0.49755441 -0.04939244 -0.01586943
v 0.49876290 -0.03515069 -0.01606421
v 0.49954791 -0.02125760 -0.01537838
v 0.49972718 -0.01651511 -0.04472455
v 0.49933210 -0.02583508 -0.04853061
v 0.49870701 -0.03593494 -0.04764059
v 0.49754106 -0.04952666 -0.04717541
v 0.49594896 -0.06351870 -0.04699260
v 0.49395425 -0.07751903 -0.04692167
v 0.49156290 -0.09146539 -0.04689371
v 0.48877765 -0.10533946 -0.04688254
v 0.48560090 -0.11912921 -0.04687804
v 0.48203519 -0.13282350 -0.04687622
v 0.47808338 -0.14641138 -0.04687550
v 0.47374863 -0.15988196 -0.04687520
v 0.46903441 -0.17322448 -0.04687507
v 0.46394451 -0.18642824 -0.04687504
v 0.45848300 -0.19948268 -0.04687501
v 0.45265425 -0.21237732 -0.04687500
v 0.44646293 -0.22510188 -0.04687500
v 0.43991400 -0.23764611 -0.04687500
v 0.43301270 -0.25000000 -0.04687500
v 0.42576458 -0.26215364 -0.04687500
v 0.41817540 -0.27409730 -0.04687500
v 0.41025129 -0.28582141 -0.04687500
v 0.40199856 -0.29731659 -0.04687500
v 0.39342385 -0.30857361 -0.04687500
v 0.38453400 -0.31958348 -0.04687500
v 0.37533615 -0.33033736 -0.04687500
v 0.36583766 -0.34082665 -0.04687500
v 0.35604614 -0.35104294 -0.04687500
v 0.34596944 -0.36097805 -0.04687500
v 0.33561561 -0.37062401 -0.04687500
v 0.32499296 -0.37997312 -0.04687500
v 0.31411000 -0.38901788 -0.04687500
v 0.30297544 -0.39775104 -0.04687500
v 0.29159820 -0.40616560 -0.04687500
v 0.27998739 -0.41425483 -0.04687500
v 0.26815233 -0.42201224 -0.04687500
v 0.25610246 -0.42943164 -0.04687500
v 0.24384748 -0.43650706 -0.04687500
v 0.23139716 -0.44323284 -0.04687500
v 0.21876150 -0.44960361 -0.04687500
v 0.20595063 -0.45561425 -0.04687500
v 0.19297477 -0.46125994 -0.04687500
v 0.17984436 -0.46653618 -0.04687500
v 0.16656990 -0.47143873 -0.04687500
v 0.15316201 -0.47596365 -0.04687500
v 0.13963144 -0.48010734 -0.04687500
v 0.12598903 -0.48386648 -0.04687500
v 0.11224570 -0.48723804 -0.04687500
v 0.09841247 -0.49021933 -0.04687500
v 0.08450041 -0.49280795 -0.04687500
v 0.07052066 -0.49500185 -0.04687500
v 0.05648444 -0.49679926 -0.04687500
v 0.04240296 -0.49819875 -0.04687500
v 0.02828752 -0.49919918 -0.04687500
v 0.01414943 -0.49979975 -0.04687500
v 0.00000000 -0.50000000 -0.04687500
v -0.01414943 -0.49979975 -0.04687500
v -0.02828752 -0.49919918 -0.04687500
v -0.04240296 -0.49819875 -0.04687500
v -0.05648444 -0.49679926 -0.04687500
v -0.07052066 -0.49500185 -0.04687500
v -0.08450041 -0.49280795 -0.04687500
v -0.09841247 -0.49021933 -0.04687500
v -0.11224570 -0.48723804 -0.04687500
v -0.12598903 -0.48386648 -0.04687500
v -0.13963144 -0.48010734 -0.04687500
v -0.15316201 -0.47596365 -0.04687500
v -0.16656990 -0.47143873 -0.04687500
v -0.17984436 -0.46653618 -0.04687500
v -0.19297477 -0.46125994 -0.04687500
v -0.20595063 -0.45561425 -0.04687500
v -0.21876150 -0.44960361 -0.04687500
v -0.23139716 -0.44323284 -0.04687500
v -0.24384748 -0.43650706 -0.04687500
v -0.25610246 -0.42943164 -0.04687500
v -0.26815233 -0.42201224 -0.04687500
v -0.27998739 -0.41425483 -0.04687500
v -0.29159820 -0.40616560 -0.04687500
v -0.30297544 -0.39775104 -0.04687500
v -0.31411000 -0.38901788 -0.04687500
v -0.32499296 -0.37997312 -0.04687500
v -0.33561561 -0.37062401 -0.04687500
v -0.34596944 -0.36097805 -0.04687500
v -0.35604614 -0.35104294 -0.04687500
v -0.36583766 -0.34082665 -0.04687500
v -0.37533615 -0.33033736 -0.04687500
v -0.38453400 -0.31958348 -0.04687500
v -0.39342385 -0.30857361 -0.04687500
v -0.40199856 -0.29731659 -0.04687500
v -0.41025129 -0.28582141 -0.04687500
v -0.41817540 -0.27409730 -0.04687500
v -0.42576458 -0.26215364 -0.04687500
v -0.43301270 -0.25000000 -0.04687500
v -0.43991400 -0.23764611 -0.04687500
v -0.44646293 -0.22510188 -0.04687500
v -0.45265425 -0.21237732 -0.04687500
v -0.45848300 -0.19948268 -0.04687500
v -0.46394451 -0.18642824 -0.04687500
v -0.46903441 -0.17322448 -0.04687500
v -0.47374863 -0.15988196 -0.04687500
v -0.47808336 -0.14641139 -0.04687500
v -0.48203518 -0.13282354 -0.04687500
v -0.48560088 -0.11912930 -0.04687500
v -0.48877762 -0.10533964 -0.04687500
v -0.49156286 -0.09146560 -0.04687500
v -0.49395436 -0.07751830 -0.04687500
v -0.49595021 -0.06350891 -0.04687500
v -0.49754883 -0.04944865 -0.04687500
v -0.49874890 -0.03534879 -0.04687500
v -0.49954949 -0.02122060 -0.04687500
v -0.49994994 -0.00707543 -0.04687500
v -0.49994994 0.00707543 -0.04687500
v -0.49954949 0.02122060 -0.04687500
v -0.49874890 0.03534879 -0.04687500
v -0.49754883 0.04944865 -0.04687500
v -0.49595021 0.06350891 -0.04687500
v -0.49395436 0.07751830 -0.04687500
v -0.49156286 0.09146560 -0.04687500
v -0.48877762 0.10533964 -0.04687500
v -0.48560088 0.11912930 -0.04687500
v -0.48203518 0.13282354 -0.04687500
v -0.47808336 0.14641139 -0.04687500
v -0.47374863 0.15988196 -0.04687500
v -0.46903441 0.17322448 -0.04687500
v -0.46394451 0.18642824 -0.04687500
v -0.45848300 0.19948268 -0.04687500
v -0.45265425 0.21237732 -0.04687500
v -0.44646293 0.22510188 -0.04687500
v -0.43991400 0.23764611 -0.04687500
v -0.43301270 0.25000000 -0.04687500
v -0.42576458 0.26215364 -0.04687500
v -0.41817540 0.27409730 -0.04687500
v -0.41025129 0.28582141 -0.04687500
v -0.40199856 0.29731659 -0.04687500
v -0.39342385 0.30857361 -0.04687500
v -0.38453400 0.31958348 -0.04687500
v -0.37533615 0.33033736 -0.04687500
v -0.36583766 0.34082665 -0.04687500
v -0.35604614 0.35104294 -0.04687500
v -0.34596944 0.36097805 -0.04687500
v -0.33561561 0.37062401 -0.04687500
v -0.32499296 0.37997312 -0.04687500
v -0.31411000 0.38901788 -0.04687500
v -0.30297544 0.39775104 -0.04687500
v -0.29159820 0.40616560 -0.04687500
v -0.27998739 0.41425483 -0.04687500
v -0.26815233 0.42201224 -0.04687500
v -0.25610246 0.42943164 -0.04687500
v -0.24384748 0.43650706 -0.04687500
v -0.23139716 0.44323284 -0.04687500
v -0.21876150 0.44960361 -0.04687500
v -0.20595063 0.45561425 -0.04687500
v -0.19297477 0.46125994 -0.04687500
v -0.17984436 0.46653618 -0.04687500
v -0.16656990 0.47143873 -0.04687500
v -0.15316201 0.47596365 -0.04687500
v -0.13963144 0.48010734 -0.04687500
v -0.12598903 0.48386648 -0.04687500
v -0.11224570 0.48723804 -0.04687500
v -0.09841247 0.49021933 -0.04687500
v -0.08450041 0.49280795 -0.04687500
v -0.07052066 0.49500185 -0.04687500
v -0.05648444 0.49679926 -0.04687500
v -0.04240296 0.49819875 -0.04687500
v -0.02828752 0.49919918 -0.04687500
v -0.01414943 0.49979975 -0.04687500
v 0.00000000 0.50000000 -0.04687500
v 0.01414943 0.49979975 -0.04687500
v 0.02828752 0.49919918 -0.04687500
v 0.04240296 0.49819875 -0.04687500
v 0.05648444 0.49679926 -0.04687500
v 0.07052066 0.49500185 -0.04687500
v 0.08450041 0.49280795 -0.04687500
v 0.09841247 0.49021933 -0.04687500
v 0.11224570 0.48723804 -0.04687500
v 0.12598903 0.48386648 -0.04687500
v 0.13963144 0.48010734 -0.04687500
v 0.15316201 0.47596365 -0.04687500
v 0.16656990 0.47143873 -0.04687500
v 0.17984436 0.46653618 -0.04687500
v 0.19297477 0.46125994 -0.04687500
v 0.20595063 0.45561425 -0.04687500
v 0.21876150 0.44960361 -0.04687500
v 0.23139716 0.44323284 -0.04687500
v 0.24384748 0.43650706 -0.04687500
v 0.25610246 0.42943164 -0.04687500
v 0.26815233 0.42201224 -0.04687500
v 0.27998739 0.41425483 -0.04687500
v 0.29159820 0.40616560 -0.04687500
v 0.30297544 0.39775104 -0.04687500
v 0.31411000 0.38901788 -0.04687500
v 0.32499296 0.37997312 -0.04687500
v 0.33561561 0.37062401 -0.04687500
v 0.34596944 0.36097805 -0.04687500
v 0.35604614 0.35104294 -0.04687500
v 0.36583766 0.34082665 -0.04687500
v 0.37533615 0.33033736 -0.04687500
v 0.38453400 0.31958348 -0.04687500
v 0.39342385 0.30857361 -0.04687500
v 0.40199856 0.29731659 -0.04687500
v 0.41025129 0.28582141 -0.04687500
v 0.41817540 0.27409730 -0.04687500
v 0.42576456 0.26215364 -0.04687500
v 0.43301270 0.25000000 -0.04687500
v 0.43991400 0.23764611 -0.04687500
v 0.44646293 0.22510188 -0.04687500
v 0.45265424 0.21237735 -0.04687500
v 0.45848299 0.19948271 -0.04687500
v 0.46394448 0.18642834 -0.04687499
v 0.46903432 0.17322473 -0.04687498
v 0.47374841 0.15988258 -0.04687495
v 0.47808290 0.14641292 -0.04687487
v 0.48203413 0.13282736 -0.04687470
v 0.48559855 0.11913880 -0.04687424
v 0.48877256 0.10536311 -0.04687300
v 0.49155216 0.09152306 -0.04686939
v 0.49393277 0.07765574 -0.04685737
v 0.49591020 0.06382066 -0.04681135
v 0.49748688 0.05006807 -0.04661974
v 0.49953909 0.02146400 -0.04465324
v 0.49868875 0.03618735 -0.04588409
v 0.49955043 -0.02119831 -0.05456379
f 1955 2548 5743
f 4854 2996 4891
f 2808 1663 5435
f 2784 1846 3259
f 1349 2784 3259
f 2231 2739 5922
f 1499 2842 3727
f 2074 2546 4363
f 2780 1391 3163
f 1961 2780 3163
f 1389 2967 4083
f 3197 1973 3282
f 1484 2996 4854
f 2721 1753 3268
f 2814 1935 3175
f 1390 2814 3175
f 4466 3596 5281
f 2588 1972 3221
f 1925 2754 3874
f 3657 2586 5745
f 2586 3657 4620
f 4396 1296 4564
f 1883 3007 3786
f 1543 3190 3994
f 2895 1782 3377
f 1676 2711 4139
f 2884 1763 4496
f 1513 2891 3472
f 2891 1993 3472
f 2281 3530 3649
f 3530 2016 3649
f 1514 3118 3669
f 3320 1845 4258
f 1425 2599 4447
f 2436 2709 5154
f 2709 1612 5154
f 1930 2597 3889
f 2593 1925 3874
f 2655 1669 5887
f 3375 4566 5597
f 2626 1322 3413
f 2634 1321 5095
f 3272 1715 5073
f 2382 3589 4299
f 3398 261 5803
f 378 3397 5804
f 2646 1367 3608
f 1326 3008 3092
f 3008 1998 3092
f 1809 3016 3350
f 1316 3658 4065
f 3174 1457 3204
f 2361 3125 3988
f 3125 1415 3988
f 1992 3084 3085
f 3084 1762 3085
f 1827 2620 3509
f 1642 2572 5245
f 1802 2755 3617
f 4554 1608 5100
f 2526 1412 4103
f 1413 2527 4102
f 1586 2587 4313
f 1597 3103 4785
f 2622 1426 3164
f 3375 1795 4566
f 2710 2440 5175
f 1613 2710 5175
f 2771 2035 3001
f 2036 2772 3002
f 2572 1642 3335
f 2549 1403 5491
f 3890 2685 5933
f 2686 3891 5934
f 3460 1834 3507
f 2207 3460 3507
f 1664 2844 3929
f 2844 2115 3929
f 2881 1775 3139
f 1776 2882 3140
f 1412 2526 4701
f 2527 1413 4700
f 1707 2707 5240
f 2981 1761 4036
f 3546 2720 5682
f 1676 2854 4301
f 2771 1535 3806
f 2035 2771 3806
f 2108 2788 3071
f 2788 1661 3071
f 2789 2109 3072
f 1660 2789 3072
f 2808 5435 6128
f 1845 3600 4258
f 2729 1650 4012
f 1892 2570 5919
f 1879 2648 3736
f 1321 2652 5095
f 2759 1519 3544
f 1944 2759 3544
f 2046 2558 5553
f 1690 2855 2967
f 2855 2137 2967
f 2119 2646 4398
f 1465 2735 3295
f 1877 3362 3728
f 3165 1809 3350
f 2147 2715 3524
f 2917 2231 5922
f 3103 2519 4785
f 2967 1389 5381
f 2956 1294 3430
f 1953 3334 3542
f 2776 1891 3414
f 1471 2776 3414
f 2898 4081 5408
f 2003 2849 3154
f 2551 1456 3498
f 1767 2672 3346
f 3572 1966 4050
f 1319 2567 3842
f 1852 4137 4776
f 2546 2074 4338
f 2774 1973 3197
f 2791 2343 4582
f 2008 3289 3505
f 2071 2602 4099
f 2601 2072 4098
f 2232 3173 4531
f 1866 2539 3742
f 1615 2737 5570
f 3049 2566 5030
f 1295 3049 5030
f 2658 1813 4184
f 1812 2657 4183
f 2607 1421 3871
f 2451 3643 3943
f 3643 1361 3943
f 2587 2078 4313
f 2740 1878 3056
f 2854 1407 5201
f 2554 1907 3904
f 1633 2554 3904
f 3934 2639 5735
f 1294 2956 3326
f 2956 2027 3326
f 4191 1790 4291
f 1909 2711 3557
f 2711 1344 3557
f 2540 1981 4359
f 4921 2578 5287
f 3994 3190 4552
f 2787 2107 6157
f 1857 3024 3593
f 1362 2600 4203
f 1725 2820 4278
f 2820 2195 4278
f 1474 2627 3227
f 4531 3173 5231
f 2011 2982 3019
f 2982 1330 3019
f 2330 2741 3974
f 3598 2383 4298
f 1618 3260 4724
f 2093 4135 4213
f 2507 4554 5100
f 2797 1518 3153
f 1807 2797 3153
f 2703 1927 3613
f 2011 2616 4057
f 2141 2836 3130
f 2836 1677 3130
f 1517 2738 4823
f 2738 2311 4823
f 3111 2159 4346
f 2770 1615 5570
f 116 114 2728
f 1981 2540 4408
f 2572 1435 5677
f 2471 3434 4263
f 3434 1315 4263
f 2929 1482 3246
f 1921 2929 3246
f 2813 1305 4503
f 2242 2813 4503
f 3295 2735 5559
f 3849 2499 4137
f 3793 2087 5055
f 1758 2834 3200
f 3731 433 4581
f 1449 3684 4416
f 2539 1866 4317
f 2801 1718 3040
f 4920 2638 5896
f 1513 2998 3523
f 2107 3035 6157
f 1401 2721 3268
f 2794 1860 3133
f 2639 3934 4426
f 2999 2854 5201
f 1823 3295 5559
f 1554 2638 3234
f 1412 2544 4103
f 2545 1413 4102
f 3234 2638 4920
f 2894 1502 3453
f 2023 2894 3453
f 2573 1400 3964
f 3349 2093 4213
f 1322 2673 3413
f 2684 2142 4357
f 1592 2684 4357
f 3728 3362 4436
f 2812 1752 4788
f 2127 2822 4062
f 2822 1464 4062
f 1890 3454 3709
f 1852 3849 4137
f 1773 2633 3399
f 4082 1385 5636
f 2567 1319 4496
f 1888 2843 3065
f 2081 2603 4324
f 2603 1590 4324
f 2768 1849 3599
f 1763 3743 4496
f 3045 1928 4959
f 2712 2095 3983
f 3276 2370 4576
f 2606 1874 3774
f 2989 247 3739
f 2988 399 3738
f 1570 3662 5255
f 1907 2554 4049
f 1329 3055 3091
f 3055 1995 3091
f 2817 1336 4697
f 2308 2817 4697
f 1972 3126 3557
f 429 2743 4581
f 2157 2854 2999
f 2890 1859 3602
f 1874 2606 3716
f 2606 1363 3716
f 3029 198 4098
f 71 3028 4099
f 1859 2890 6136
f 3186 2004 3674
f 1424 2595 3708
f 3014 1537 3851
f 2138 3014 3851
f 2336 3660 5041
f 1915 2551 3953
f 2731 3567 4626
f 9 7 2748
f 1721 3546 5682
f 2066 2552 6027
f 3260 2457 4724
f 2701 1487 3142
f 2672 1767 4279
f 2900 1870 5288
f 3660 2336 4219
f 3107 1979 3194
f 1482 3107 3194
f 2670 2065 4264
f 1715 3272 5335
f 3298 1513 3523
f 2643 2022 4045
f 2564 1813 3569
f 2544 1412 5129
f 1413 2545 5130
f 3389 3045 4959
f 2267 2744 5171
f 3281 2468 4549
f 3660 2641 5041
f 1659 3141 4223
f 3141 2327 4223
f 3848 2322 4822
f 1448 2794 6207
f 200 198 3029
f 71 69 3028
f 2822 2127 5838
f 2557 1955 3661
f 3083 1830 3478
f 2632 2251 4925
f 2334 3840 4438
f 1707 5240 5555
f 3039 2213 4084
f 2630 122 3962
f 2827 2091 3434
f 1403 2549 4123
f 3669 3118 5022
f 2157 2999 3929
f 2548 1955 4070
f 2999 1664 3929
f 3017 1351 3439
f 4534 2869 5079
f 1973 2774 3672
f 2774 1460 3672
f 1805 4466 4827
f 3355 1523 3779
f 2236 3355 3779
f 1332 2950 3053
f 2950 2069 3053
f 2205 2870 3503
f 2981 4036 4792
f 1761 2738 4158
f 149 3535 4405
f 2031 3359 4207
f 2262 3517 3705
f 3517 1537 3705
f 3610 1852 4776
f 3095 2655 5887
f 2898 2110 4081
f 3346 1405 4569
f 2521 3346 4569
f 1353 3217 3717
f 2687 1812 3188
f 2164 3011 4261
f 1841 2971 3004
f 2298 3149 4146
f 3149 1398 4146
f 2358 2697 5116
f 3575 2685 3890
f 2686 3576 3891
f 1321 2634 3559
f 2809 2078 3381
f 3335 4985 5191
f 2245 3281 4549
f 1500 3286 4364
f 2551 1915 3965
f 1456 2551 3965
f 1813 2564 3634
f 1771 3174 5095
f 3174 2634 5095
f 2304 3243 4403
f 3589 1567 4299
f 3952 2049 4830
f 2505 4082 5636
f 1522 3039 4084
f 3674 2004 3853
f 2080 3010 3490
f 3010 1924 3490
f 2552 2066 4040
f 1791 2846 6115
f 1726 2918 2993
f 2913 1500 3686
f 2554 1633 5025
f 2828 2027 3841
f 3335 1642 4985
f 3536 2001 3544
f 1894 2652 3683
f 2652 1321 3683
f 4309 2856 4356
f 2928 1352 3296
f 1919 2928 3296
f 2805 1485 4175
f 1882 2669 3627
f 2894 4719 4838
f 1701 2806 4095
f 2727 1928 3917
f 3362 1422 3843
f 2247 3362 3843
f 3857 2013 4994
f 2584 1427 3770
f 1428 2585 3771
f 1376 2557 3778
f 2480 4396 4564
f 3088 1448 6207
f 2049 3159 4830
f 2697 1306 5116
f 2663 1714 4881
f 1305 2703 3197
f 2975 1809 2978
f 3465 1895 3566
f 3454 2209 3709
f 1322 2626 6101
f 2852 2273 4591
f 2697 2358 5133
f 2005 2626 3413
f 4517 1804 4826
f 3014 4204 5549
f 3772 1496 4521
f 2106 3032 3745
f 3032 1565 3745
f 2871 1740 3554
f 1796 2975 2978
f 2768 3599 5656
f 4436 3427 5414
f 2928 1791 6115
f 1829 4992 5688
f 4364 3286 5730
f 2579 1821 3604
f 2599 1425 4198
f 3244 1611 4078
f 4081 2459 5408
f 2777 1402 5305
f 2473 2777 5305
f 1683 2869 4534
f 159 158 2807
f 1305 3197 3282
f 2580 1823 3585
f 2914 2186 5255
f 2168 2580 4592
f 2557 1376 4070
f 1955 2557 4070
f 3426 2322 3848
f 2558 2046 4125
f 2097 2759 3351
f 2998 1513 3402
f 1978 2998 3402
f 1456 3257 3498
f 3309 4265 5116
f 2843 1494 3065
f 3786 3007 4075
f 2787 1463 4116
f 2107 2787 4116
f 1465 2788 4117
f 2788 2108 4117
f 2679 3398 5803
f 3397 2677 5804
f 1688 2852 4591
f 1440 3025 3315
f 2042 2604 4957
f 2752 1298 4023
f 2789 1466 4119
f 2109 2789 4119
f 2251 2632 4884
f 2975 1287 3016
f 1809 2975 3016
f 3074 1891 3086
f 1790 3074 3086
f 1966 3115 4050
f 2150 2801 4572
f 2803 2047 4323
f 153 151 2782
f 3827 2664 5454
f 2808 2170 4586
f 1849 2583 3599
f 2967 2137 4083
f 2033 2872 3463
f 2872 1577 3463
f 5542 3148 6147
f 1814 3073 3162
f 3073 1938 3162
f 2047 2803 3948
f 1350 2897 3978
f 2897 2121 3978
f 1672 2697 5133
f 2597 1930 3923
f 2227 2583 4789
f 2922 1490 3073
f 1814 2922 3073
f 2660 3801 5920
f 2971 1784 3004
f 1812 2687 4474
f 2815 137 4711
f 2656 2322 3579
f 2726 1495 3499
f 1848 2726 3499
f 2607 1769 4767
f 1404 2856 4309
f 4491 1339 5345
f 2747 1678 5279
f 2447 2747 5279
f 1566 3598 4298
f 1795 2746 5424
f 2745 1795 5424
f 2915 1348 3967
f 2126 2915 3967
f 1435 2572 4430
f 3309 2250 4265
f 2659 5542 6147
f 1600 4921 5287
f 3476 1444 3992
f 2340 3476 3992
f 3259 1906 3279
f 1400 2573 4331
f 2087 3754 5055
f 2583 1849 3640
f 2692 1820 3292
f 2694 1822 3293
f 1527 3361 3712
f 3474 2062 3581
f 2854 1676 5118
f 1998 2714 3261
f 1742 2888 5722
f 1821 2579 3665
f 1823 2580 3666
f 2238 3537 3657
f 3537 1826 3657
f 4582 2343 5285
f 3809 1523 4619
f 2570 1892 4573
f 3721 2312 5120
f 2312 3721 5232
f 1966 3046 3310
f 3046 1449 3310
f 2925 1787 4738
f 1905 2636 3440
f 1440 3315 5458
f 2592 1430 5274
f 1788 2868 3352
f 1665 2783 5112
f 2170 2808 4770
f 2056 2680 4131
f 2057 2681 4132
f 2058 2679 4130
f 2677 2059 4128
f 2678 2060 4129
f 2582 1649 4316
f 3269 1506 3332
f 2050 3269 3332
f 2491 3272 5073
f 1805 3596 4466
f 1767 2819 3128
f 3662 2452 5255
f 134 3863 4711
f 2137 2855 4122
f 2855 1486 4122
f 1789 5151 5354
f 2489 2900 5288
f 2854 2157 4301
f 1838 2612 3921
f 1952 2722 4008
f 1674 2686 4068
f 1344 2711 5211
f 3325 2099 3438
f 1858 3325 3438
f 1830 3347 3478
f 1427 2584 3868
f 1785 3148 5542
f 3826 2016 4471
f 3174 3204 4656
f 2010 3442 3571
f 2727 2287 3682
f 1888 3065 3211
f 1753 2996 3268
f 4727 1768 5653
f 2664 3827 5520
f 2742 1849 4339
f 1818 2614 3641
f 4788 1752 5526
f 1733 2636 3907
f 2112 2859 3451
f 3147 2463 4457
f 2979 1754 4637
f 1649 2582 4419
f 2580 2168 4394
f 1512 2878 3542
f 2878 1965 3542
f 1363 2606 4087
f 2606 1983 4087
f 2807 2085 3230
f 3014 2138 4204
f 2699 171 5695
f 1535 2771 3864
f 2588 4666 5797
f 1446 2594 5253
f 1507 2926 3661
f 3567 2731 6014
f 2775 1432 5247
f 2905 242 4736
f 2904 393 4735
f 1939 3099 3169
f 3099 1816 3169
f 3031 2213 3039
f 1839 2832 3326
f 2832 1294 3326
f 2848 1408 3898
f 1409 2849 3899
f 2720 3546 6007
f 1623 2577 3758
f 1806 3409 3651
f 2587 1586 3916
f 1405 2874 3123
f 2856 1404 3111
f 1820 2692 4459
f 1822 2694 4460
f 2598 2051 4232
f 3498 3257 5655
f 2577 1623 4343
f 5046 1742 5722
f 2825 1732 3949
f 2101 3337 3447
f 3337 1872 3447
f 2101 3027 3794
f 3027 1475 3794
f 1420 3093 4388
f 2097 3351 3664
f 3330 2075 4206
f 3801 2660 4603
f 3281 2245 3982
f 2020 3281 3982
f 2630 2067 5324
f 1754 2979 4270
f 2643 1652 4154
f 2022 2643 4154
f 1959 3183 3327
f 1759 3276 4576
f 2086 4806 5435
f 3328 2217 3822
f 1423 3328 3822
f 2842 1866 3390
f 1706 2842 3390
f 2828 3841 5286
f 2947 1816 3099
f 1450 2947 3099
f 2594 1446 3839
f 2667 1994 5451
f 2585 1428 3801
f 2776 1471 5516
f 2869 1683 4796
f 2339 2869 4796
f 3011 2449 4261
f 2816 2230 3290
f 2247 3427 4436
f 2610 2124 4173
f 2951 4290 5703
f 2317 4466 5281
f 2817 1778 3846
f 3063 1927 3153
f 2620 1827 3760
f 4110 4647 6002
f 1736 3031 3039
f 1420 4388 4947
f 2836 2141 4201
f 1480 2836 4201
f 1741 2901 3668
f 2583 2227 4314
f 2987 1785 3773
f 2633 1773 5908
f 1938 3073 3363
f 1787 3070 4738
f 3481 1411 4124
f 2785 1762 3225
f 2186 2914 4972
f 4350 311 5931
f 1430 2592 3767
f 3000 1737 3050
f 2026 3135 3437
f 3135 1889 3437
f 313 311 4350
f 3449 2008 3558
f 4622 2594 5084
f 4110 2359 4647
f 4326 2836 4587
f 2731 2095 3448
f 2087 2731 3448
f 2780 1961 3707
f 2543 3133 4975
f 3133 1401 4975
f 1490 2922 3327
f 2922 1893 3327
f 3301 1461 3947
f 1846 2784 3242
f 1373 2786 5029
f 1745 2953 3565
f 2320 3826 4471
f 1841 2667 3631
f 3097 1906 3259
f 1918 3374 3845
f 3374 2331 3845
f 2634 1777 3559
f 2129 3090 3791
f 1925 2593 3980
f 2595 1424 3781
f 3114 1564 3622
f 2084 3114 3622
f 1496 3485 4521
f 1879 2807 3230
f 2758 1847 3285
f 2110 2898 6058
f 1935 2814 3625
f 2814 1682 3625
f 1297 2818 3457
f 2072 2601 4431
f 2602 2071 4432
f 2906 318 4730
f 3886 1528 4510
f 2845 1574 3150
f 1495 2726 3737
f 1754 4270 5397
f 1786 2697 3732
f 1511 3660 4219
f 2744 3562 5171
f 3144 1766 3885
f 3180 1976 3223
f 1804 3180 3223
f 1977 3181 3224
f 3181 1805 3224
f 2701 1932 3620
f 1768 4727 5404
f 2598 3102 5660
f 1986 3922 3988
f 3177 1967 3182
f 1797 3177 3182
f 3330 4206 4557
f 3243 1753 4403
f 264 261 3398
f 378 376 3397
f 1581 2880 3653
f 3116 1739 4666
f 2434 3116 4666
f 2869 2339 5795
f 2609 1851 5741
f 2478 4819 5132
f 2051 2598 4516
f 4498 1422 4998
f 3827 3473 5460
f 3700 2869 5795
f 2703 1305 3450
f 2752 4023 5144
f 3120 1422 4498
f 3289 1505 3505
f 2590 3157 5139
f 1662 2621 4927
f 2873 1789 5354
f 2889 1447 6153
f 2604 2042 4343
f 2078 2587 3987
f 2805 4175 5972
f 1819 2615 4164
f 3157 1433 5139
f 3667 1516 3825
f 2600 1362 3858
f 3948 2803 5660
f 1421 2607 4443
f 2658 1528 3569
f 1813 2658 3569
f 1939 3532 3880
f 1740 2871 3237
f 1976 3253 3751
f 2538 3886 4510
f 1972 2588 5010
f 2690 3152 5542
f 3372 1829 5688
f 1485 2805 3573
f 3473 2381 4150
f 1309 3473 4150
f 1462 3009 4606
f 1987 3827 5454
f 2697 1786 4176
f 2639 2187 5617
f 1716 2926 3464
f 1865 2981 3219
f 2981 1289 3219
f 3964 1400 4482
f 1425 4447 5733
f 2381 3473 3827
f 2927 1949 3937
f 2970 1696 4650
f 1970 3321 3340
f 4473 2528 4738
f 3481 4124 5678
f 2195 2820 3244
f 3074 1790 4191
f 3065 1830 3211
f 3621 2302 3808
f 1926 3621 3808
f 1784 2971 4179
f 4020 2829 5950
f 3717 3217 4879
f 2614 1818 3738
f 2615 1819 3739
f 2726 1848 3652
f 1590 2603 3893
f 3548 413 5801
f 2627 1474 5489
f 4666 1739 5797
f 5118 2662 5334
f 3532 2272 3880
f 2784 1349 5495
f 1804 3223 4826
f 3224 1805 4827
f 1528 2658 5388
f 1847 2758 4528
f 3235 1938 3363
f 2873 2136 3618
f 2862 1337 3455
f 1897 2862 3455
f 4393 387 5982
f 4394 235 5983
f 2897 1350 3325
f 1858 2897 3325
f 1983 2606 5179
f 1792 3028 3512
f 3029 1793 3511
f 1714 2663 5299
f 1851 2609 3835
f 3376 2329 4571
f 3727 2842 4982
f 1461 3700 3947
f 389 387 4393
f 238 235 4394
f 3376 4571 6201
f 2951 2181 4290
f 2299 4622 5084
f 4806 2556 5435
f 1769 2607 3871
f 2638 1554 4725
f 3521 1842 3562
f 3253 2143 3751
f 4208 2154 5270
f 1447 2978 6153
f 2000 2646 3608
f 1293 2841 3406
f 2901 1741 3229
f 2702 2039 4283
f 1752 2930 4112
f 2772 1721 5016
f 3513 1599 4294
f 2462 3513 4294
f 2801 3040 4572
f 1333 2650 4230
f 4223 2162 5385
f 2161 4221 5384
f 3143 2248 4200
f 1488 2656 3579
f 2759 1944 3351
f 1523 3355 4619
f 3894 1867 4606
f 2195 3244 4078
f 2603 2081 4007
f 2979 4637 5421
f 3152 2690 5882
f 1581 3653 4662
f 2115 2913 3344
f 1849 2768 3345
f 116 2728 3570
f 3143 4200 5135
f 4612 3476 5165
f 2991 324 3760
f 3132 1699 4081
f 1940 2921 3933
f 2657 1527 5238
f 1304 5546 5927
f 2242 2894 4838
f 1848 3499 3644
f 3499 2192 3644
f 2118 2853 3260
f 2578 3565 5287
f 3810 4631 5309
f 1831 3193 3299
f 3193 1989 3299
f 2117 3134 3283
f 2703 3613 5728
f 2907 2328 3250
f 2739 1647 4101
f 4717 2700 5755
f 2769 1797 3430
f 2636 1905 5508
f 3667 3825 5044
f 2646 2000 5799
f 2915 1872 3337
f 1348 2915 3337
f 3712 3361 4802
f 2729 4012 4437
f 1494 2838 3616
f 3136 1911 5951
f 3840 1885 4438
f 2322 2656 4822
f 1911 5474 5951
f 1912 3301 3594
f 3301 2111 3594
f 1764 3064 5589
f 1402 2777 5432
f 2612 1838 5243
f 3206 2526 4904
f 1635 3206 4904
f 3207 1636 4905
f 2527 3207 4905
f 3272 2533 5335
f 1806 2911 3270
f 1437 2666 5372
f 2667 1841 4211
f 1527 2657 3677
f 3593 3024 4772
f 1287 2975 3556
f 2073 2962 3129
f 2949 1970 3340
f 1402 3371 4289
f 3371 2377 4289
f 1677 2836 4326
f 1785 3152 3773
f 2405 2856 5215
f 1786 3113 3892
f 3352 2868 5978
f 1433 2637 4463
f 3834 3076 5034
f 1984 3047 4041
f 3048 1985 4042
f 1796 2978 3581
f 1630 2625 4431
f 2624 1631 4432
f 4169 1636 4912
f 1635 4168 4911
f 2881 3139 5374
f 3140 2882 5373
f 2154 3357 5270
f 2284 3113 3732
f 3115 1966 3310
f 1902 3115 3310
f 5112 2783 5506
f 2442 2925 5297
f 1979 2878 5576
f 2536 3894 4606
f 3353 1304 5927
f 2130 2683 3554
f 2977 1801 3491
f 2159 3111 4774
f 2285 2880 4703
f 2880 1581 4703
f 1873 2997 3255
f 2997 1458 3255
f 1561 2639 3710
f 2204 3000 6192
f 2144 3254 3752
f 3254 1977 3752
f 3177 1797 4932
f 2162 3398 5385
f 3397 2161 5384
f 2956 3430 5073
f 2878 1512 3232
f 1931 2997 3131
f 2997 1873 3131
f 153 2782 3547
f 3064 3395 5589
f 1927 2703 4728
f 2212 2769 3759
f 3959 2548 5645
f 1367 2646 4689
f 2124 2610 5870
f 3183 1490 3327
f 2639 1561 5735
f 2958 1700 4500
f 2256 2958 4500
f 2652 1894 3669
f 128 125 2977
f 3000 3050 6192
f 4290 1570 5703
f 2747 2447 5227
f 1673 2685 3575
f 2686 1674 3576
f 3315 2576 5458
f 1537 3517 3851
f 3083 1359 3211
f 1912 4249 5717
f 3418 5322 5964
f 1972 3557 4145
f 1891 2776 3401
f 1853 2831 3466
f 2831 1503 3466
f 3452 2389 3938
f 1956 3452 3938
f 2786 2310 5029
f 2575 3433 4854
f 3433 1484 4854
f 2535 4036 4553
f 2880 2285 4111
f 2940 4338 4354
f 4068 2686 5329
f 2707 3614 6071
f 242 240 4736
f 393 391 4735
f 2452 2914 5255
f 1426 2622 5349
f 3038 2083 3719
f 1296 3038 3719
f 2616 2011 4086
f 3097 1476 3201
f 1906 3097 3201
f 1868 2933 4089
f 2728 2120 4519
f 3827 1656 5520
f 4468 3177 4932
f 2657 1812 3677
f 2952 1866 3742
f 2625 1630 3942
f 1777 2634 4656
f 1294 2769 3430
f 3922 2361 3988
f 1795 2745 3901
f 2701 1939 3880
f 1487 2701 3880
f 3667 1878 3950
f 2351 3667 3950
f 3231 1953 3542
f 3400 5470 6095
f 1798 2994 3719
f 3658 2171 4065
f 4583 1557 5442
f 2721 1401 5778
f 4593 3051 4698
f 1676 4139 4764
f 3729 1555 3845
f 2331 3729 3845
f 3684 2248 4416
f 3606 1892 5919
f 3351 1483 3664
f 1936 2912 4397
f 1631 2624 4001
f 5297 2925 5529
f 1979 3107 3270
f 1796 3080 4816
f 2724 1672 4141
f 2621 1662 4594
f 2067 2630 4433
f 2920 1554 3234
f 1897 2920 3234
f 2976 2125 4599
f 2717 1720 3545
f 1721 2718 3546
f 2628 2020 3941
f 2940 1442 4338
f 1318 4020 5950
f 4815 2456 5212
f 2918 2165 6057
f 2724 1799 4250
f 2125 2976 4601
f 122 2630 5324
f 2259 4612 5165
f 3152 1785 5542
f 1379 3890 5933
f 3891 1380 5934
f 2831 1853 3484
f 1703 2831 3484
f 1352 2928 6115
f 3250 1668 4574
f 2413 3250 4574
f 4034 2005 4443
f 3400 1828 5470
f 2637 1433 4865
f 3608 1367 5686
f 2746 1795 4198
f 4484 3304 6059
f 2670 2188 3668
f 1778 2817 4419
f 2779 1384 6026
f 432 429 4581
f 2626 2005 5697
f 2362 2854 5118
f 1663 2808 4586
f 1347 3179 3329
f 2607 4034 4443
f 1447 2889 5913
f 1680 2779 3587
f 1850 2833 3482
f 2833 1705 3482
f 2572 3018 5245
f 4592 3040 4818
f 2867 2476 4155
f 3102 1732 5660
f 1305 2813 3450
f 2892 2028 3872
f 1497 2892 3872
f 2654 2094 4476
f 3096 2318 4506
f 1557 3096 4506
f 2648 1879 3775
f 4447 2791 5733
f 2954 4136 4680
f 2699 3110 5984
f 2948 2030 4006
f 205 203 3883
f 65 63 3882
f 1824 2795 4544
f 1340 2949 3340
f 2829 4020 4634
f 3874 2754 4657
f 1924 3574 3832
f 3574 2256 3832
f 3648 2088 4404
f 2515 3648 4404
f 3096 1752 4112
f 3414 2008 3449
f 2853 2118 5768
f 2927 3937 4313
f 1718 2801 5433
f 1762 2785 5393
f 3521 3562 4834
f 1299 2837 3626
f 2646 2119 4689
f 4910 3077 5192
f 3183 1806 3651
f 1431 3152 5882
f 3359 2156 4207
f 2656 1488 5157
f 2891 1513 3298
f 3039 1522 4776
f 2806 1701 4340
f 3735 1542 4884
f 3907 1476 4422
f 2949 1340 3348
f 1875 2949 3348
f 3017 1783 3168
f 2015 2846 3897
f 2846 1791 3897
f 2421 3555 4253
f 3555 1671 4253
f 2911 1351 3270
f 3080 1796 3581
f 1733 2865 4513
f 2767 2275 3597
f 171 169 5695
f 3883 203 5205
f 65 3882 5204
f 2993 2918 6057
f 3290 2230 4165
f 2068 2651 4454
f 2020 2628 4600
f 2710 1613 5002
f 3824 1955 5743
f 1813 3189 4184
f 3188 1812 4183
f 2744 2267 4997
f 1559 2744 4997
f 3360 2775 5247
f 1452 2958 3574
f 2958 2256 3574
f 1612 2709 5008
f 1414 2821 5382
f 2797 2114 4306
f 1518 2797 4306
f 2954 1320 4136
f 1426 2914 5122
f 2914 2452 5122
f 3782 2504 4836
f 4204 2490 5549
f 2641 1290 5058
f 1871 2705 4072
f 3992 2542 5072
f 149 148 3535
f 1853 2864 3755
f 3273 1943 3296
f 3016 1287 3408
f 1921 3016 3408
f 1539 3100 3878
f 1421 4291 5757
f 1849 2742 3640
f 2742 1540 3640
f 4036 2176 4553
f 3439 1351 3691
f 1681 4910 5192
f 31 29 3104
f 2282 3219 4166
f 1918 2796 4505
f 2926 1507 4307
f 2180 2926 4307
f 247 245 3739
f 399 397 3738
f 2375 3857 4994
f 2647 4017 4696
f 1954 3934 5735
f 1821 2732 3604
f 3314 2803 4323
f 1991 3076 3834
f 4291 2851 5757
f 2479 3964 4482
f 2120 2932 3467
f 3238 1875 3348
f 1993 3238 3348
f 2944 1359 3636
f 1978 2944 3636
f 3418 2559 5322
f 1973 2891 5975
f 1960 2826 3411
f 137 135 4711
f 2265 2716 3919
f 1980 2776 3493
f 1816 3151 3807
f 3001 2379 5365
f 4017 2063 4696
f 2790 2403 5254
f 2700 4717 6099
f 4445 1609 4616
f 2835 1414 5382
f 2813 1807 3450
f 2669 1882 3838
f 3437 1889 4188
f 3724 4600 6117
f 1458 3242 3566
f 2835 1808 3549
f 2744 1653 3562
f 2168 4592 4818
f 3612 1322 6101
f 2187 2639 4426
f 2098 3300 3699
f 3205 2055 3552
f 1971 3205 3552
f 2741 2330 5325
f 1479 3122 3343
f 1650 2729 5057
f 1518 3063 3153
f 2636 1733 4541
f 3702 1462 4606
f 1932 2701 5608
f 3512 3028 5611
f 3029 3511 5610
f 3413 2673 4613
f 2174 2867 4155
f 3178 1937 3404
f 2867 1525 3367
f 2969 1834 4441
f 4350 2564 4682
f 3868 2661 5921
f 2732 1524 3604
f 1916 3209 3280
f 1577 2872 3757
f 2872 1983 3757
f 1765 3198 3881
f 2651 2068 4568
f 2362 5118 5334
f 1790 3086 4133
f 2868 441 5978
f 2778 2121 4391
f 1586 2778 4391
f 1535 3248 3806
f 3248 2147 3806
f 3308 2015 3356
f 1459 3308 3356
f 2605 3213 5303
f 1669 2655 4781
f 2178 2781 4595
f 2781 1311 4595
f 2890 3602 4954
f 2220 2961 3580
f 3112 2008 3505
f 2841 1794 3406
f 3318 1481 3319
f 1741 3668 4273
f 2332 3741 4747
f 2819 1767 3956
f 2009 2819 3956
f 2953 1745 6161
f 3313 1403 4390
f 2356 3313 4390
f 3274 1479 3343
f 2934 1638 5123
f 2455 2934 5123
f 1963 3187 3823
f 3496 1963 3823
f 1957 2699 5984
f 1447 3474 3581
f 2053 3614 4908
f 3614 2650 4908
f 3213 1439 5303
f 2463 3147 5464
f 3158 4428 6143
f 2008 3112 3558
f 3263 2261 4538
f 2733 1820 3779
f 1525 2734 3780
f 318 316 4730
f 1349 3259 3279
f 1595 3744 3924
f 3744 2353 3924
f 1996 2945 4152
f 3530 2281 4027
f 1378 2766 4157
f 1819 2867 3367
f 2878 3232 5576
f 2547 2884 5688
f 2884 1319 5688
f 2423 2850 5217
f 2850 1416 5217
f 2884 2547 4395
f 1732 3948 5660
f 2403 2790 5344
f 1443 2795 3522
f 1806 3107 3409
f 1495 3567 6014
f 1696 2970 4644
f 2970 2285 4644
f 3097 1846 3275
f 2716 2265 5296
f 3193 1831 3528
f 2856 3111 5215
f 3165 1479 3274
f 1946 3165 3274
f 1290 2641 5290
f 2970 4650 5637
f 3759 2769 4939
f 3933 2921 4324
f 3321 1895 3340
f 5435 2556 6128
f 1652 2643 5252
f 2548 3959 5743
f 2120 2728 4160
f 4613 2673 6142
f 2697 1672 3732
f 1753 2721 4403
f 2476 2867 5571
f 2666 1437 4051
f 3873 2029 5244
f 1919 3122 3266
f 3122 1479 3266
f 2893 2279 3436
f 3145 1885 3156
f 1890 3145 3156
f 1699 3680 5641
f 2060 2678 4337
f 2680 2056 4333
f 1657 2680 4333
f 2681 2057 4335
f 1816 2947 6124
f 1672 2724 4988
f 4237 1832 5283
f 1690 2728 4519
f 3851 3517 4876
f 1938 3393 3664
f 3179 1946 3329
f 2767 3597 5352
f 1517 3013 5196
f 3013 2493 5196
f 2977 3491 5998
f 2767 1435 3746
f 2941 2113 3428
f 3002 1595 3924
f 2795 1824 3522
f 2062 2944 3412
f 1526 3585 3715
f 2996 2070 3268
f 2942 2348 3757
f 2608 4237 5283
f 1626 4473 4738
f 2114 2797 3607
f 2029 4068 5329
f 1476 3907 5508
f 3613 1730 5728
f 2266 2648 4808
f 1816 3807 4348
f 3107 1806 3270
f 1847 5890 6033
f 3597 2050 5352
f 3524 2715 4555
f 2029 3860 5244
f 3724 1358 4600
f 5209 3531 5331
f 2705 1871 3769
f 2928 1919 3405
f 1965 3017 5827
f 1605 3290 4165
f 3378 2166 3379
f 1787 3378 3379
f 3110 1751 5984
f 1798 2903 4430
f 2062 3080 3581
f 1439 2704 4642
f 3546 1948 6007
f 1388 3531 5209
f 2982 2048 3850
f 1330 2982 3850
f 3002 2772 5016
f 2090 3213 3925
f 2942 1983 3513
f 59 2823 4630
f 2824 210 4629
f 4322 1302 4348
f 1493 2727 3682
f 3300 1536 3699
f 1994 2924 5451
f 3611 5093 5134
f 2648 2266 4319
f 2662 4688 5169
f 1550 2723 5627
f 3285 1847 6033
f 1994 2667 4658
f 3082 1875 3416
f 1951 3082 3416
f 2597 3106 3889
f 3611 1886 5093
f 2962 1766 5351
f 1943 3122 3296
f 2748 7 3694
f 2895 3377 4577
f 3334 1512 3542
f 1359 3083 3494
f 3083 1974 3494
f 2713 4727 5653
f 2806 3602 4095
f 1494 2843 6191
f 2800 2149 3920
f 1868 2733 5369
f 2632 3735 4884
f 2650 1333 4908
f 2332 3015 3741
f 3227 2010 3571
f 3494 1974 3582
f 2754 1925 6050
f 1831 3504 3528
f 3187 1963 3316
f 1923 3187 3316
f 3241 1920 3252
f 4175 2131 5972
f 1830 3083 3211
f 1870 2900 3715
f 3158 1488 4428
f 1926 3364 5350
f 2738 1761 5109
f 3062 1942 3972
f 2963 2065 3311
f 3161 1920 3291
f 3583 2066 4205
f 2393 3583 4205
f 1298 2752 4126
f 4048 1796 4816
f 4141 1672 5133
f 1879 2723 3775
f 2723 1550 3775
f 3215 5230 5422
f 4279 1767 5405
f 3949 1732 5213
f 2680 3548 5801
f 1621 3657 5745
f 2379 4944 5365
f 3686 1500 4364
f 3108 2593 3874
f 4737 3811 5308
f 2833 1850 5948
f 1903 3239 3284
f 3567 1836 4626
f 288 285 3140
f 353 351 3139
f 3492 1387 5081
f 1846 3242 6108
f 2799 1742 5187
f 2094 2654 4195
f 4719 1629 4838
f 3421 1846 6108
f 1302 3169 4348
f 3647 44 5802
f 225 3646 5805
f 2315 3424 4424
f 3425 2316 4425
f 2735 1870 3715
f 3475 2131 3681
f 1926 5350 5672
f 2502 4169 4912
f 4168 2501 4911
f 5237 3592 6016
f 4641 2495 5380
f 2809 1750 5026
f 2116 2876 4011
f 2876 2481 4011
f 2112 2750 4245
f 2749 2113 4244
f 1928 2727 4959
f 2733 1868 3701
f 2734 1869 3703
f 2699 1957 4015
f 1956 2757 4685
f 2859 1918 3451
f 2498 4491 5345
f 2311 2738 5015
f 3492 5081 5300
f 1296 3089 4564
f 3157 2086 4865
f 1450 3099 5314
f 2805 2269 3573
f 2826 1960 3504
f 1841 2964 6149
f 5111 1858 5175
f 2754 1952 4657
f 2978 1809 6153
f 2949 1875 3429
f 4320 3025 5356
f 2971 1841 6149
f 3065 1494 3616
f 2500 4356 5465
f 2604 4343 4771
f 2685 1673 6110
f 3067 2324 4563
f 2325 3068 4562
f 1869 2734 4986
f 2330 3974 5083
f 3553 1886 4896
f 3895 2562 4463
f 3810 1356 4631
f 1791 2928 6004
f 4688 1396 5169
f 2600 4484 6059
f 1946 3748 5981
f 3625 2247 3843
f 2081 2675 5032
f 2783 1665 3756
f 2661 3868 4602
f 3063 1997 5242
f 3314 1288 5727
f 2803 3314 5727
f 210 2824 4365
f 2823 59 4366
f 4398 2646 5799
f 1731 3111 4346
f 1352 3273 3296
f 2931 2179 4607
f 1886 3611 4896
f 4249 2761 5717
f 1720 2717 4887
f 2718 1721 4888
f 5151 2617 5354
f 1371 3229 4067
f 3229 2205 4067
f 4152 2945 4240
f 3192 1916 3280
f 3144 3885 4631
f 2177 3304 4484
f 2706 2033 4088
f 441 440 5978
f 2279 2893 5796
f 1891 3074 3289
f 3074 1505 3289
f 1540 2742 5569
f 1935 3625 3843
f 2988 1818 3355
f 2236 2988 3355
f 2169 4350 4682
f 2573 3971 4331
f 3971 2037 4331
f 1330 2893 3436
f 1828 3895 4463
f 3146 1812 4474
f 3238 1460 3416
f 1920 3161 3252
f 2132 3025 4320
f 1858 3438 5175
f 3653 1784 4179
f 1970 3255 3321
f 3255 1458 3321
f 3325 1350 3714
f 2001 3307 3544
f 3017 3168 5827
f 2922 1814 3394
f 1850 3688 5946
f 1524 2732 5063
f 4433 2630 4914
f 3251 1719 4204
f 3016 1921 3350
f 3228 1959 3327
f 3039 4776 5618
f 1347 3284 3287
f 2300 3147 4457
f 88 2941 4008
f 3025 2132 3315
f 3371 5432 5673
f 1906 3262 3279
f 4077 1555 5012
f 2994 1798 4515
f 3209 1481 3280
f 2237 2989 3367
f 2989 1819 3367
f 2765 1318 5398
f 2734 1525 4986
f 1752 2812 5586
f 2852 1688 4886
f 4819 1407 5132
f 1846 3097 3259
f 2684 1592 3990
f 3989 1800 4635
f 2412 2829 5356
f 2829 1684 5356
f 1510 3222 3722
f 3222 2093 3722
f 3393 2097 3664
f 3926 1747 4916
f 4500 2361 4894
f 3085 5393 5464
f 2735 1465 3768
f 1870 2735 3768
f 2929 1921 3408
f 2743 429 4214
f 2065 2670 4494
f 2891 3298 5975
f 2929 1968 3409
f 3635 2134 3821
f 1348 3337 3720
f 2072 3029 4098
f 3028 2071 4099
f 3179 1347 3287
f 3106 4732 4780
f 3442 1937 3571
f 2673 1322 5411
f 1769 2863 4767
f 415 413 3548
f 1647 2739 4974
f 2739 2231 4974
f 1968 2929 6038
f 2734 1822 3780
f 1755 3248 4484
f 1557 4114 5442
f 2991 1827 3361
f 2233 2991 3361
f 1914 3241 3252
f 2761 1530 5717
f 2456 3396 5212
f 2212 3759 3773
f 1903 3218 3220
f 1632 4433 4914
f 3121 2419 4847
f 1912 3121 4847
f 3797 1331 4197
f 2467 3797 4197
f 2650 4596 6200
f 3228 1450 3312
f 1959 3228 3312
f 2226 2866 4669
f 2866 1355 4669
f 1835 2865 3543
f 3393 1287 3556
f 1476 3097 3275
f 3841 2465 5286
f 2717 2143 3864
f 2144 2718 3865
f 3824 1594 4241
f 2484 3824 4241
f 1435 3370 5677
f 3748 2889 5981
f 1730 2835 3549
f 2944 1978 3412
f 3196 1903 3203
f 1908 3196 3203
f 2188 2670 5448
f 1945 3240 3279
f 3240 1349 3279
f 2956 1715 3884
f 2027 2956 3884
f 2757 1956 3938
f 3263 4538 6190
f 3952 2516 4196
f 1618 3952 4196
f 2055 3304 3552
f 3304 1469 3552
f 2679 2058 4407
f 2675 2081 4522
f 3059 1883 4956
f 2414 3059 4956
f 2000 3608 4679
f 3078 1963 3496
f 1314 3078 3496
f 2780 3707 5942
f 1768 3993 5653
f 2955 1828 3400
f 3372 2052 3373
f 1829 3372 3373
f 4343 1623 4771
f 1940 3054 5199
f 4881 1714 5704
f 1945 2947 3670
f 2694 255 4460
f 2692 407 4459
f 1761 4158 5202
f 3262 1945 3279
f 2912 1520 3497
f 3218 1916 3220
f 3085 1762 5393
f 1519 3536 3544
f 1347 3208 3218
f 3208 1916 3218
f 3566 3242 6170
f 159 2807 3736
f 2006 3475 3681
f 2695 4141 5133
f 3239 1929 3284
f 4023 2025 5144
f 1730 2774 5728
f 3680 2270 5057
f 2729 3680 5057
f 1872 5090 5154
f 3417 2053 3761
f 3208 1896 3209
f 1916 3208 3209
f 2558 3341 5553
f 1516 2783 5782
f 1906 3201 3202
f 3201 1905 3202
f 2883 2454 5355
f 3618 1310 4266
f 4356 2500 5900
f 2683 2130 4504
f 1471 3414 3449
f 1475 3151 3262
f 3151 1945 3262
f 2764 1934 5409
f 3129 2962 5351
f 1988 3465 3566
f 2563 3051 5539
f 3051 1726 5539
f 2776 1980 5930
f 1474 3178 3239
f 3178 1929 3239
f 3554 1740 4284
f 3203 1903 3220
f 5239 2698 5704
f 3134 1316 4065
f 1368 3030 4831
f 3535 2241 4405
f 1952 2941 3428
f 433 432 4581
f 2838 2018 5816
f 1481 3161 3280
f 3161 1917 3280
f 2687 332 4474
f 2142 2684 4226
f 3192 1473 3220
f 1916 3192 3220
f 4250 1799 5482
f 3041 2538 3834
f 1418 2865 3635
f 1941 3062 3972
f 1749 2990 3534
f 3371 1402 5432
f 2559 2979 5662
f 2979 1643 5662
f 1407 2854 5132
f 2854 2362 5132
f 2251 3759 4939
f 2680 1657 5220
f 1953 3449 3558
f 1431 2729 4437
f 1843 3331 4870
f 3530 4027 4748
f 3222 2399 4135
f 2093 3222 4135
f 2079 3704 4151
f 3704 2400 4151
f 3730 2102 3844
f 2740 1298 3950
f 1903 3196 3239
f 9 2748 3847
f 3046 1966 4936
f 2396 3046 4936
f 2632 4925 5926
f 2370 3276 5487
f 171 2699 4015
f 2806 4340 5689
f 2540 3592 5237
f 1849 3345 4339
f 2916 2074 5938
f 2059 2677 4509
f 1473 3203 3220
f 1889 3799 4188
f 2728 114 4160
f 3147 1923 3316
f 1451 3147 3316
f 1699 3132 5186
f 2018 2838 3578
f 2847 1297 5726
f 2073 4639 5674
f 2786 1373 4423
f 2306 2792 5128
f 2792 1567 5128
f 1779 3476 3735
f 3476 2340 3735
f 3018 2572 5677
f 1854 3018 5677
f 3791 3090 4779
f 3161 1481 3252
f 4639 2683 5674
f 1876 3179 3287
f 3249 1340 3340
f 2033 2706 3991
f 3381 2078 3987
f 2297 4191 4291
f 2389 3908 3938
f 3908 1572 3938
f 3344 1344 3706
f 2115 3344 3706
f 3447 1872 5154
f 3066 1817 4970
f 3436 1871 5368
f 3218 1903 3284
f 3021 2214 4440
f 1708 3021 4440
f 3181 1579 4464
f 1906 3202 3262
f 2200 4534 5079
f 1807 2813 3998
f 3215 2443 5230
f 2475 2821 3927
f 2821 2146 3927
f 1918 2859 4643
f 3191 1876 3287
f 3196 1474 3239
f 1862 2957 6158
f 3168 1783 3493
f 1432 3271 3836
f 2888 1742 3765
f 3305 1454 4183
f 1481 3209 3319
f 2715 2147 4752
f 4376 2194 5505
f 2193 4373 5504
f 332 2687 5348
f 1815 2992 4488
f 2074 2939 5938
f 1943 3318 3319
f 1939 2701 5314
f 3134 1781 3283
f 3620 1450 5314
f 2865 1733 3543
f 3208 1347 3329
f 407 2692 5339
f 255 2694 5338
f 2926 2180 3464
f 1921 3246 3266
f 3212 1913 3263
f 3122 1919 3296
f 3702 1867 5063
f 2732 3702 5063
f 5368 1871 5549
f 3865 2772 6102
f 4166 3219 5027
f 2722 1952 3966
f 4424 3424 5341
f 3425 4425 5342
f 1384 3160 6026
f 1479 3165 3350
f 2727 1493 4959
f 1418 3635 3821
f 3308 1960 5379
f 2036 3002 3924
f 1960 4025 5379
f 3247 2182 4229
f 1317 3026 3676
f 2723 1879 4681
f 3831 5021 5227
f 2835 1730 3613
f 3801 1428 5920
f 3534 2990 6198
f 1845 3320 5475
f 3996 1972 4145
f 3925 3213 6184
f 1624 3782 4836
f 3320 4947 5475
f 2932 1956 3467
f 1306 2697 4176
f 2951 2418 3553
f 1530 2761 3804
f 2796 1555 5853
f 31 3104 4913
f 2955 1488 3895
f 1715 2741 3884
f 3289 2008 3414
f 2110 3132 4081
f 2743 1653 4676
f 2148 2743 4676
f 3653 2397 4662
f 1742 2879 5187
f 2782 1677 4326
f 4172 3078 5284
f 1794 2841 3637
f 1936 3534 6198
f 2834 1758 3645
f 1838 2912 3497
f 5351 3127 5499
f 1952 2754 3966
f 1944 3249 3264
f 1810 3788 4449
f 3787 1811 4450
f 2353 3618 4266
f 3442 1301 3578
f 2997 1931 3421
f 3688 2830 5946
f 2707 1707 4596
f 1970 2949 5997
f 1814 3162 3639
f 2039 2702 4124
f 2829 2412 4744
f 4484 3248 5353
f 3122 1943 3343
f 3110 2699 5695
f 2883 5355 5820
f 2032 3492 3852
f 1350 3443 3714
f 2506 4445 4616
f 3202 1475 3262
f 2933 1523 3809
f 1990 2933 3809
f 3252 1481 3318
f 3492 2191 3852
f 1875 3082 3429
f 3284 1929 3287
f 3171 1820 4459
f 3172 1822 4460
f 2930 1297 4112
f 3440 1348 3720
f 3249 1944 3307
f 1340 3249 3307
f 1614 3212 3263
f 1527 2898 5238
f 3617 2755 4342
f 3680 2690 5641
f 3431 2179 3873
f 1498 3431 3873
f 2796 1918 3845
f 1555 2796 3845
f 1844 3303 4625
f 2810 4250 5482
f 1493 3276 4472
f 1713 3041 3509
f 3041 2461 3509
f 3032 1862 6158
f 2866 1749 3654
f 2957 1862 3689
f 1866 2952 4148
f 2730 4919 4977
f 3042 1824 4544
f 1837 3045 3389
f 2338 3515 4257
f 3515 1301 4257
f 3073 1490 3363
f 2704 1439 4943
f 1917 3161 3291
f 2086 3902 4865
f 4596 1707 6200
f 3432 1497 3872
f 2178 3432 3872
f 2807 1879 3736
f 1848 3049 3652
f 1917 3192 3280
f 2820 1416 4828
f 3255 1970 3265
f 2969 1528 5388
f 1298 4126 4259
f 3102 1538 3812
f 2184 3102 3812
f 2974 2013 3857
f 1360 2974 3857
f 3614 2707 4596
f 2711 1909 4139
f 2194 3519 5505
f 3520 2193 5504
f 1622 3155 4093
f 2249 3199 3587
f 4469 2515 4543
f 1393 3834 5034
f 3264 1895 3465
f 2773 1418 3821
f 1895 3321 3566
f 3249 1895 3264
f 2248 3143 4416
f 3143 1902 4416
f 1403 3313 5491
f 3246 1919 3266
f 2878 1979 5198
f 1501 4027 4439
f 1929 3191 3287
f 2662 3693 5334
f 2543 3989 4635
f 3601 3063 5242
f 2183 3531 3785
f 3531 2040 3785
f 2864 1853 4763
f 3923 2500 4234
f 1334 3923 4234
f 3043 2161 4614
f 2162 3044 4615
f 1878 2740 3950
f 1351 3017 3650
f 3017 1965 3650
f 3419 1897 3455
f 2043 3419 3455
f 3141 4355 5159
f 1873 3255 3265
f 1568 4485 5652
f 2729 1431 5882
f 1860 2794 4247
f 3690 2459 5145
f 1783 3017 3439
f 3661 2926 5206
f 2727 3917 4677
f 2801 2150 4618
f 1347 3218 3284
f 2860 2422 5378
f 1419 2860 5378
f 1439 4642 4895
f 2714 1998 4987
f 2287 2727 4677
f 4970 1817 5049
f 3278 1847 4528
f 3265 1485 3573
f 1843 4870 5224
f 2828 1437 4362
f 2892 1497 4017
f 1953 3288 3334
f 2259 3030 4153
f 1912 3594 4249
f 2718 2144 5389
f 3474 1447 5528
f 3045 1837 5565
f 1745 3565 5861
f 5240 2640 5555
f 2709 2436 4694
f 2085 4326 4587
f 1910 2888 3765
f 3892 3113 4786
f 1447 3500 5528
f 144 141 3527
f 2095 2712 5197
f 3064 2135 3395
f 2440 2710 4382
f 2644 4046 5790
f 2143 2717 5456
f 2711 1676 4301
f 1890 3156 3454
f 2518 4074 4608
f 2832 2251 4939
f 1294 2832 4939
f 1341 3901 5316
f 1850 3060 5948
f 2931 2444 5292
f 1674 2931 5292
f 2273 2852 5005
f 3323 2164 4261
f 3019 1330 5368
f 2490 3019 5368
f 1605 2830 3688
f 3901 2745 5316
f 1799 2724 4141
f 3346 2672 4239
f 3332 1506 4548
f 3191 1494 6191
f 1808 2835 5382
f 1297 2930 5726
f 3159 2049 4277
f 3973 2000 4679
f 3086 1891 3401
f 1342 3086 3401
f 1766 3127 5351
f 2879 1417 4453
f 1855 3160 3758
f 3759 1542 3773
f 1401 3079 4975
f 2821 2475 5719
f 1946 3179 3748
f 3305 4183 5119
f 3022 1452 3563
f 2373 3022 3563
f 5565 1837 5600
f 2977 125 4215
f 3389 1493 4472
f 1556 4479 5115
f 2163 4593 4698
f 4153 2571 4237
f 1634 4153 4237
f 1653 2743 4769
f 2912 3595 4397
f 1944 3264 3351
f 3291 1920 3423
f 4919 1723 4977
f 1659 2822 5838
f 3341 1548 3799
f 2781 2178 5765
f 4651 2450 5873
f 2807 158 4190
f 2670 4264 5448
f 2368 4268 5112
f 1298 2740 4023
f 2980 1313 4275
f 324 322 3760
f 4041 3047 4686
f 3048 4042 4687
f 2865 1835 3635
f 1921 3266 3350
f 2149 2899 4031
f 2899 2488 4031
f 2150 2900 4032
f 2900 2489 4032
f 1896 3274 3343
f 1845 2966 4106
f 2528 2925 4738
f 2230 3237 4100
f 3237 1370 4100
f 1770 4196 5156
f 1339 3426 5345
f 3762 1568 5652
f 2426 3314 5087
f 1615 2770 4973
f 2847 2045 4144
f 1297 2847 4144
f 3275 1846 3421
f 2166 3378 4061
f 2931 4607 5276
f 4779 3848 6182
f 2262 3104 3517
f 3104 1882 3517
f 3141 2127 4355
f 1841 3004 4211
f 2738 1517 4158
f 3026 1803 3676
f 1502 2894 4071
f 2894 2242 4071
f 3010 1452 3574
f 1924 3010 3574
f 2867 1819 5571
f 1747 3006 6013
f 1726 3051 4593
f 4428 2365 6143
f 316 313 4730
f 135 134 4711
f 3209 1896 3319
f 1678 2747 4271
f 3509 2620 5720
f 2387 3829 4547
f 1320 2954 3945
f 2954 2024 3945
f 2426 3176 4488
f 2929 3408 6038
f 2797 1807 5069
f 1862 3245 3816
f 2737 1615 4757
f 2769 1294 4939
f 2983 1437 5372
f 2820 1725 5216
f 1416 2820 5217
f 2912 1838 3595
f 2930 1752 5586
f 2310 2786 5263
f 3184 2082 4653
f 3734 1295 5030
f 2066 3502 3913
f 313 4350 4730
f 2769 2212 4932
f 1797 2769 4932
f 2942 1406 5050
f 2348 2942 5050
f 2596 3685 5582
f 3054 3466 5199
f 2728 1690 5282
f 1896 3208 3329
f 1393 3041 3834
f 2960 1894 6175
f 2731 2087 6014
f 1531 3446 3726
f 2437 3969 4024
f 3969 2038 4024
f 3264 1483 3351
f 2290 3078 4172
f 4268 3170 5229
f 4547 3829 5323
f 3082 1485 3429
f 3079 2392 4975
f 1965 2878 3650
f 1975 3498 5655
f 3113 1786 3732
f 4773 3108 4782
f 1946 3274 3329
f 3274 1896 3329
f 1437 2828 5286
f 1990 3809 4055
f 3809 2371 4055
f 2993 4909 4952
f 1893 3228 3327
f 1295 3734 5412
f 2284 3732 4988
f 2407 3996 4145
f 1914 3252 3318
f 3415 4526 4909
f 2880 1784 3653
f 1919 3246 3405
f 2795 1443 5037
f 1974 3322 3582
f 1670 2951 3553
f 3380 2176 3481
f 1968 3235 3363
f 2199 4535 5298
f 2774 1730 5696
f 2159 2804 4377
f 1340 3307 3480
f 3307 2001 3480
f 3140 285 4849
f 353 3139 4850
f 1482 3194 3405
f 1653 2744 4676
f 1641 4091 4149
f 2092 2844 4327
f 2844 1664 4327
f 2764 1457 4293
f 2778 1586 3937
f 2303 3077 4910
f 3803 1763 5180
f 128 2977 5998
f 1958 3322 3382
f 3322 1974 3382
f 2725 5710 6160
f 3112 1964 3550
f 1300 3112 3550
f 3054 1853 3466
f 3056 2576 5884
f 3273 1914 3318
f 4395 2547 5333
f 5355 1673 5820
f 4992 2547 5688
f 2275 2767 4890
f 2777 2473 4953
f 1943 3273 3318
f 1531 3115 3446
f 1336 2817 3846
f 2998 2017 3523
f 2248 3997 4200
f 5705 4055 5922
f 3825 2588 5797
f 3715 3585 5559
f 4091 2511 4149
f 2095 2731 4626
f 1401 3133 5778
f 2065 2963 4053
f 2963 1552 4053
f 1905 3720 3794
f 3149 2298 5147
f 3135 1453 3584
f 2274 3506 4623
f 3468 2126 5359
f 1595 3002 5441
f 2782 151 4405
f 2953 2075 3565
f 3060 1850 3462
f 2732 1821 4845
f 1820 2733 4843
f 1822 2734 4844
f 4047 2239 4455
f 4057 2616 5751
f 1357 3811 4737
f 2481 2876 5562
f 5094 3673 5793
f 3103 2257 6003
f 1991 3834 4510
f 3834 2538 4510
f 3707 1669 5942
f 1774 2946 4539
f 1519 2759 4816
f 3614 1509 6071
f 1318 2765 4020
f 2975 1796 3556
f 3182 1967 3483
f 1468 3182 3483
f 5716 1472 6065
f 1943 3319 3343
f 2712 3983 5188
f 3503 2870 4571
f 4196 1770 5077
f 1555 3729 5012
f 2759 2097 4048
f 2891 1973 3672
f 1895 3249 3340
f 3409 1968 3651
f 3213 2090 4943
f 2765 1700 4746
f 3519 188 6188
f 81 3520 6189
f 1459 3501 5763
f 3256 2171 4085
f 1521 3256 4085
f 2538 3041 5779
f 1432 2775 3993
f 2743 2148 4581
f 1866 2842 4317
f 3311 2453 5400
f 3036 1845 4106
f 3693 2399 4256
f 1654 3693 4256
f 3788 2431 4449
f 2430 3787 4450
f 2772 2036 6102
f 2961 1596 3580
f 1721 2772 4888
f 3446 2117 3726
f 3059 2307 5781
f 2126 3967 5359
f 3176 1815 4488
f 3162 1483 3639
f 3394 1814 3603
f 2986 1307 4330
f 2145 2986 4330
f 1461 2869 3700
f 4340 2125 5689
f 1969 3992 5072
f 1927 3601 5518
f 1884 3848 4779
f 2110 3712 4378
f 3712 2461 4378
f 3613 1927 5518
f 3898 1408 5088
f 1761 3317 4036
f 3317 2176 4036
f 2017 3333 3523
f 3333 1840 3523
f 3917 2565 4525
f 1582 3917 4525
f 3741 1634 4747
f 3286 2092 3406
f 1794 3286 3406
f 2856 2405 5438
f 2744 1559 5791
f 419 418 3410
f 3362 1877 4998
f 4588 3533 4969
f 1929 3178 3404
f 2885 1602 4434
f 2129 2885 4434
f 2819 100 6106
f 3288 1933 3334
f 426 424 3365
f 3907 2636 5508
f 1974 3083 3478
f 1831 3422 3504
f 3335 1798 4430
f 2741 1715 5335
f 2681 3647 5802
f 3646 2678 5805
f 1778 4419 5498
f 2050 3332 3370
f 2113 2749 4611
f 2750 2112 4610
f 1751 3258 6048
f 3258 2804 6048
f 1747 3926 5453
f 1459 3356 3501
f 2978 1447 3581
f 1961 3163 4001
f 3415 1780 4526
f 175 173 3277
f 46 44 3647
f 225 224 3646
f 3266 1479 3350
f 2085 2807 4190
f 3191 1929 3404
f 253 251 3172
f 405 404 3171
f 5245 2532 5941
f 2775 3360 5835
f 3360 1745 5835
f 3717 2475 4451
f 2128 3717 4451
f 137 2815 4296
f 3453 1958 3486
f 1717 2923 3641
f 2146 2821 4624
f 2821 1414 4624
f 2985 1843 4485
f 3334 1933 3495
f 4998 1877 5603
f 3115 1902 3446
f 1457 2764 5428
f 3243 2304 5472
f 3035 2107 4427
f 4535 2484 5298
f 1884 3090 3727
f 2960 1892 3606
f 2819 2009 4121
f 1800 3109 5845
f 3185 2288 4490
f 3603 1814 3639
f 2121 3471 5319
f 2145 3006 4321
f 3006 1579 4321
f 1986 5105 5319
f 4623 3506 6096
f 1494 3191 3404
f 2943 4949 4983
f 3225 1547 4385
f 1565 3032 6158
f 1374 3245 5321
f 1802 3533 4588
f 2838 1494 5706
f 2933 1868 5369
f 3175 1935 3942
f 2993 1515 4909
f 4074 1644 4608
f 3311 5400 6012
f 330 328 3146
f 5105 2753 5319
f 1774 2913 3686
f 1729 2751 4267
f 3378 1515 4061
f 3631 2667 5451
f 3323 4261 6070
f 3945 2024 4448
f 1933 3356 3495
f 1629 3033 4741
f 1460 3238 5364
f 1416 2850 5362
f 3235 1287 3393
f 1938 3235 3393
f 2017 3494 3582
f 1894 3081 6175
f 4563 2324 5267
f 1844 4625 4890
f 2864 1611 3755
f 3006 2145 3577
f 4794 2299 6125
f 1904 3011 6112
f 3154 2849 4589
f 2792 2306 4013
f 2325 4562 5264
f 3104 29 3838
f 1850 3482 3688
f 5531 2871 6066
f 2751 1729 5260
f 3056 5884 6171
f 4089 2933 4993
f 3319 1896 3343
f 1956 2932 4832
f 1525 2877 4986
f 2949 3429 5997
f 2504 3782 6022
f 2952 3742 4633
f 3112 1300 3558
f 2587 5111 5584
f 2103 4239 5031
f 3858 2725 6160
f 1942 3674 3972
f 3409 3107 6037
f 1444 3476 4612
f 3240 1945 3670
f 2755 1802 4588
f 3793 2192 3903
f 2992 1815 3605
f 2900 1526 3715
f 3246 1482 3405
f 2969 4441 4950
f 2768 14 4470
f 2103 3386 5065
f 2305 2778 4996
f 1840 3298 3523
f 391 389 4735
f 240 238 4736
f 1838 3921 6030
f 2217 3328 5006
f 3376 2790 5254
f 2758 38 4528
f 3589 2382 5590
f 1351 2911 3691
f 3037 1904 6112
f 1409 3899 5281
f 3978 2121 5319
f 2899 1524 5063
f 2966 2267 5649
f 1782 2895 5561
f 1700 2765 4640
f 1488 3158 3895
f 1749 3033 3654
f 2023 3453 3486
f 1430 3087 5274
f 1399 3418 4467
f 1750 2809 5237
f 1902 3143 3659
f 1922 4467 4661
f 2962 1551 5267
f 190 188 3519
f 81 79 3520
f 3881 3198 4737
f 145 4049 5124
f 1521 3050 4969
f 1875 3238 3416
f 2230 2816 5013
f 3328 1423 4956
f 1598 5531 6066
f 2386 3662 4290
f 3662 1570 4290
f 2882 2003 4859
f 2002 2881 4858
f 2823 1667 4824
f 2189 2823 4824
f 1666 2824 4825
f 2824 2190 4825
f 2655 4794 6125
f 38 2758 5604
f 1934 2764 4293
f 389 4393 4735
f 238 4394 4736
f 2496 3075 6015
f 1931 3275 3421
f 2377 3371 5510
f 2137 4225 5555
f 2860 1419 5367
f 2330 3012 4995
f 3012 1649 4995
f 2019 4114 4428
f 2104 3170 4268
f 1818 2988 3738
f 1819 2989 3739
f 1435 2767 5352
f 1552 2963 5264
f 3156 1467 3454
f 3332 1854 3370
f 3404 1937 5706
f 1462 2858 4714
f 1761 2981 5109
f 1468 3145 4507
f 3551 1339 4491
f 2403 3551 4491
f 2766 1378 4355
f 2862 1897 4920
f 4083 2137 5555
f 3014 1871 4072
f 3510 1922 3935
f 3231 1471 3449
f 1953 3231 3449
f 4956 1423 5679
f 3423 2220 5074
f 4977 1997 5066
f 2959 1860 4777
f 2240 4717 5755
f 1798 3719 5304
f 1732 2825 3948
f 1851 2825 3949
f 5737 1989 5763
f 1877 3003 4022
f 2306 3058 5732
f 1981 2886 3915
f 3007 1883 3968
f 1845 3036 3600
f 2020 3184 4653
f 1941 3632 4812
f 5322 1744 5964
f 2783 1516 5506
f 1899 2974 3747
f 3384 1364 4784
f 2450 3384 4784
f 1790 4133 4999
f 1435 2903 3746
f 1964 3112 3505
f 4239 2672 5031
f 2021 5348 5969
f 5347 2022 5968
f 2865 1418 3828
f 14 2768 5656
f 1419 2816 4623
f 1853 3054 4763
f 3846 1778 4853
f 1932 3312 3620
f 2532 3718 5941
f 4642 2629 4895
f 2998 1978 3636
f 1638 2934 5926
f 3564 3103 6003
f 3484 1853 3755
f 1418 2773 4604
f 2088 2841 4404
f 2841 1293 4404
f 3661 1955 4483
f 1780 3149 3477
f 2203 3022 4634
f 1892 2960 5568
f 1891 3289 3414
f 1989 3193 5763
f 2865 3828 4513
f 2907 5523 5985
f 1382 4694 5817
f 1460 2774 4292
f 2164 3323 4043
f 3323 1382 4043
f 2493 3013 4097
f 3921 2936 6030
f 2319 3377 3383
f 4485 1843 5372
f 1993 3348 3480
f 3348 1340 3480
f 3203 1473 3776
f 3477 3149 5147
f 3202 1905 3794
f 1453 2808 4512
f 3501 2708 5763
f 5093 2628 5383
f 1522 3336 4798
f 1775 2848 3898
f 2849 1776 3899
f 36 33 3278
f 2213 4659 5942
f 1309 2948 4477
f 2948 2158 4477
f 1506 3999 4548
f 3377 2319 4479
f 1556 3377 4479
f 3102 2598 4232
f 1384 2779 4648
f 3046 2458 5499
f 3510 1399 4467
f 2730 4977 5066
f 3180 1804 4238
f 1840 3333 5360
f 1459 3193 3528
f 1391 2780 4659
f 1679 2902 4420
f 4205 2066 6027
f 1291 3462 4930
f 1526 3040 4592
f 2762 4513 5359
f 1323 4387 4462
f 4387 2730 4462
f 3127 2014 3684
f 1449 3127 3684
f 2459 3690 5408
f 3378 1787 4848
f 4063 2044 4311
f 2535 4063 4311
f 1544 3391 4465
f 3391 2314 4465
f 2888 1910 4090
f 4513 1982 5359
f 1997 3063 3798
f 3063 1518 3798
f 1303 3291 3423
f 2138 3251 4204
f 3041 1713 5779
f 2066 3913 4040
f 3228 1893 5866
f 2260 3678 4004
f 3678 1675 4004
f 2859 2112 5654
f 2488 2899 5548
f 1438 3631 5451
f 2331 3277 3729
f 3277 1957 3729
f 3627 2669 5917
f 2067 4215 5324
f 2804 1404 4186
f 1580 4436 5414
f 2778 2305 5036
f 2320 3124 3826
f 2121 2778 4392
f 1304 3131 4367
f 3377 1782 3383
f 4732 2196 4780
f 3388 1329 5830
f 1987 2861 6179
f 4777 1860 6187
f 4250 1372 5837
f 1626 3070 4236
f 3070 2133 4236
f 3011 2164 4725
f 2804 2159 4774
f 1404 2804 4774
f 4310 1374 5321
f 3094 1446 5253
f 4216 2243 5739
f 4095 2569 5250
f 2779 1680 5114
f 1817 3066 3804
f 1749 2866 5361
f 2149 2800 4756
f 2794 1448 4247
f 3006 3577 6013
f 1677 2782 6053
f 4464 1579 5452
f 2217 3707 3822
f 3707 1961 3822
f 2990 1558 6198
f 1311 2781 5953
f 3518 1543 5182
f 3200 2834 4584
f 3487 1332 5898
f 3371 3617 5510
f 3322 1958 3453
f 3109 1300 3550
f 2811 1685 4542
f 1927 3063 3601
f 1892 5568 5748
f 435 3731 4809
f 3993 1768 5317
f 2010 3227 3957
f 1782 3737 5184
f 1488 2955 5157
f 96 3128 6106
f 3737 2726 5184
f 2893 1330 3850
f 3402 2001 3536
f 2813 2242 4838
f 2453 2935 5496
f 2277 3387 4295
f 2947 1945 6124
f 4483 1955 4535
f 1463 2787 4332
f 1466 2789 4334
f 2789 1660 4335
f 2788 1465 4336
f 1661 2788 4337
f 4651 1622 5023
f 1826 3103 3564
f 1901 3368 3939
f 3369 1900 3940
f 4916 2642 5315
f 5474 3487 5898
f 3622 2118 4037
f 2808 1453 4770
f 2900 2150 4572
f 1526 2900 4572
f 1472 3241 6065
f 3273 1352 6032
f 3142 1783 5608
f 1988 3566 6170
f 1899 3563 4161
f 4426 3384 5897
f 2621 3061 4927
f 1649 3012 4316
f 2911 1806 6010
f 2355 4172 5284
f 2760 4216 5739
f 2818 1297 4144
f 2343 2791 5042
f 1939 3169 3532
f 100 2819 4121
f 2102 3444 3844
f 4831 3030 5685
f 1781 3134 4065
f 3088 1964 5624
f 3524 1308 3814
f 2147 3524 3814
f 3058 1877 4022
f 2021 4046 5348
f 4045 2022 5347
f 4270 2645 5397
f 2078 2809 4759
f 3033 2023 3654
f 1483 3264 3465
f 3633 1941 3972
f 3272 1468 4507
f 1983 2942 3757
f 2841 2088 4288
f 5144 2216 5646
f 1883 3059 3968
f 3521 1424 4578
f 1829 3508 4992
f 3225 1762 3984
f 3828 1418 4878
f 2450 4402 5873
f 2148 3731 4581
f 3672 1460 5364
f 2897 1858 3916
f 3167 1369 3789
f 2031 3167 3789
f 5288 3388 5830
f 1941 4812 5084
f 1567 2792 5889
f 3419 1489 5033
f 3178 1474 3571
f 2837 1299 4009
f 1645 4469 4543
f 3441 1358 4272
f 3109 3550 5845
f 2935 1942 5915
f 1830 3065 3616
f 3423 1920 4177
f 144 3527 4049
f 3657 1621 3976
f 2238 3657 3976
f 2698 3433 5704
f 1490 3183 3651
f 2816 1419 5378
f 6008 1947 6131
f 3126 1909 3557
f 3106 1737 4732
f 4187 5395 6203
f 1742 2799 4545
f 3147 1451 5464
f 1355 2866 5541
f 4008 2722 5162
f 1504 2809 4287
f 3180 1578 3588
f 2077 4309 4356
f 3145 1468 4438
f 2858 1462 4716
f 3051 2563 6077
f 3402 1513 3472
f 2001 3402 3472
f 3728 1580 5291
f 2103 5065 5836
f 3567 1495 3737
f 2740 3056 6171
f 2832 1839 4066
f 1861 3365 3912
f 2220 3423 4177
f 2849 1409 4589
f 3878 3100 4940
f 3451 1918 4505
f 1611 3244 5370
f 2269 2805 5195
f 1467 3156 4570
f 2958 2203 4746
f 1714 5239 5704
f 1684 4320 5356
f 2306 3810 4013
f 3810 1880 4013
f 3811 2307 4014
f 1881 3811 4014
f 1300 3288 3558
f 2964 2012 4009
f 1365 4243 5711
f 2264 3052 5664
f 3918 2111 4180
f 2292 3907 4422
f 3049 1295 3652
f 2428 2983 4096
f 2817 2308 4867
f 2485 3501 4963
f 441 2868 4073
f 2868 2042 4073
f 3169 1302 3532
f 1502 3322 3453
f 3247 4229 5545
f 1949 2927 5862
f 1580 3997 5291
f 1947 3545 6131
f 1352 3411 6032
f 3103 1597 4803
f 3968 3059 5781
f 2850 2260 4004
f 3784 2061 4171
f 1925 3386 6050
f 3308 1459 3528
f 2814 1390 4693
f 1950 3777 5271
f 3069 1540 5569
f 2701 3142 5608
f 3388 2278 4143
f 2974 1360 3747
f 2415 3945 4448
f 1475 3027 3807
f 3027 2211 3807
f 1418 4604 4878
f 1483 3465 3639
f 1474 3227 3571
f 1950 5271 5694
f 2067 2977 4215
f 3314 2426 5668
f 2724 4250 5837
f 3896 3423 5074
f 3502 2066 3583
f 1509 3502 3583
f 1349 3240 5436
f 2258 2860 3985
f 1794 3637 5570
f 1295 3383 3652
f 2809 1504 4759
f 2004 3186 3695
f 3186 1371 3695
f 1685 2811 5524
f 4187 2054 5395
f 4634 3022 5764
f 1913 3212 3936
f 3282 1840 5360
f 3462 1291 3675
f 3328 3786 5006
f 1543 3994 5182
f 4203 2600 6059
f 4126 2368 4259
f 3026 1317 5991
f 5080 1640 5737
f 3126 1516 5782
f 3310 1449 4416
f 2649 4390 5787
f 2912 1936 3931
f 2384 4044 4147
f 3637 2770 5570
f 3003 1877 3728
f 2801 4618 5434
f 3953 2551 4803
f 3710 2639 5617
f 1889 3135 3584
f 2852 4886 5755
f 2877 2174 3955
f 2170 3021 4680
f 1682 2814 5558
f 2317 3392 4518
f 3392 1545 4518
f 3052 2260 4787
f 1639 3052 4787
f 3075 4107 6015
f 1873 3265 3573
f 2509 3876 5455
f 3043 4614 5936
f 4615 3044 5935
f 3750 2298 4146
f 2056 5339 5905
f 2058 5338 5906
f 5336 2059 5903
f 5337 2060 5904
f 1803 3336 3676
f 1474 3196 5489
f 4467 2474 4661
f 2090 3954 4943
f 2866 2226 3986
f 3616 2838 5816
f 3314 1769 5087
f 2283 3243 3846
f 3243 1336 3846
f 3162 1938 3664
f 3356 2015 3495
f 1860 2959 5846
f 3214 5021 5026
f 1872 2915 3893
f 2907 3250 5523
f 2546 3718 4363
f 2994 1950 6035
f 1427 3868 5921
f 3610 1522 4798
f 1713 3509 5720
f 1621 3176 5043
f 3176 2426 5043
f 3410 2201 4836
f 2830 1605 5578
f 1827 2991 3760
f 3390 1866 4148
f 1536 3865 6102
f 3364 1926 6009
f 2027 2828 5623
f 122 120 3962
f 1538 3444 3679
f 3444 2076 3679
f 2703 3450 4728
f 3761 2053 4908
f 3606 1514 3669
f 1731 3101 5215
f 1795 3375 4198
f 3333 4071 5360
f 2902 2096 4420
f 1530 3121 5717
f 1893 3670 5866
f 3736 2648 5515
f 3813 2213 5942
f 3069 2037 3971
f 1540 3069 3971
f 4515 1798 5191
f 4136 2170 4680
f 1302 3267 4185
f 3347 1501 3478
f 435 433 3731
f 1444 3015 5970
f 3627 1727 3964
f 2447 3831 5227
f 6009 1926 6039
f 3871 1421 5757
f 2517 4651 5023
f 1758 3114 3645
f 2111 3459 4180
f 4127 1854 4548
f 1635 5699 5871
f 1937 3178 3571
f 2503 4138 5302
f 2825 1851 4242
f 1484 3433 4052
f 1542 2987 3773
f 4055 1394 5922
f 2040 4941 6099
f 1965 3231 3542
f 3375 2599 4198
f 3645 2084 4064
f 1558 2990 3986
f 1667 2823 4814
f 2824 1666 4813
f 3256 1781 4065
f 1678 3749 3985
f 3749 2258 3985
f 3136 1550 5627
f 3109 1800 3989
f 2034 3461 4240
f 1549 3380 5469
f 2853 1756 4929
f 3098 1975 3743
f 1763 3098 3743
f 1928 3045 3900
f 1905 3201 5508
f 3382 1974 3478
f 4529 2268 5465
f 2506 3630 4445
f 3025 1440 5957
f 2214 3021 4233
f 3021 1453 4233
f 2329 3390 4148
f 2458 3046 4231
f 1787 2925 5567
f 2925 2442 5567
f 4216 1573 5067
f 2291 4372 4493
f 2033 3463 3560
f 3463 2007 3560
f 2251 2832 4925
f 4093 3155 5249
f 2454 2883 5261
f 1463 3292 4843
f 3294 1462 4845
f 1464 3293 4844
f 2765 5398 6205
f 2087 3793 3903
f 3792 2478 5132
f 4631 2324 5309
f 2948 4006 6021
f 1976 3180 3588
f 4632 91 5162
f 4930 3462 5946
f 1512 3334 3495
f 3072 2109 4502
f 2108 3071 4501
f 4111 2285 5190
f 2875 1301 6046
f 4074 2040 6099
f 4962 2528 5613
f 3434 2091 4810
f 2091 2827 4527
f 2606 3774 5179
f 2858 2152 4714
f 2213 3031 4659
f 3031 1391 4659
f 1501 3382 3478
f 2383 3598 5596
f 1503 2921 5199
f 2361 3922 4894
f 2011 3019 4069
f 1382 2972 4043
f 1520 2912 3931
f 3504 1960 3528
f 3630 2003 4445
f 3501 1933 4963
f 2621 4330 4360
f 4330 1307 4360
f 2842 1706 4982
f 5021 2222 5026
f 2165 2918 4648
f 2918 1384 4648
f 3114 2084 3645
f 2752 5144 5646
f 2082 4255 4653
f 1825 3380 3481
f 2130 4149 5332
f 3199 1680 3587
f 3152 2212 3773
f 1464 2822 4406
f 2822 1659 4407
f 3698 1693 4373
f 2395 3698 4373
f 1865 3271 4383
f 3394 1349 5436
f 2079 3366 4256
f 6032 2826 6065
f 4949 2943 5977
f 3104 2262 4913
f 1558 3137 6198
f 1592 3848 4822
f 2901 5550 6052
f 1394 2923 3920
f 2373 4285 4320
f 2774 3197 5728
f 2849 2003 5048
f 1893 2922 5436
f 1405 3346 4239
f 1908 3443 5489
f 3443 2627 5489
f 2972 1382 5032
f 1960 3308 3528
f 1804 3445 4238
f 1978 3402 3536
f 2823 2189 4630
f 2190 2824 4629
f 2297 3077 4191
f 3077 1505 4191
f 3356 1933 3501
f 4082 2505 5812
f 1904 3257 4873
f 1774 4539 4768
f 5496 2935 5915
f 4043 2638 4725
f 2164 4043 4725
f 2750 3519 6188
f 3520 2749 6189
f 1783 3439 5608
f 1602 2885 4079
f 4992 3508 6164
f 3446 1902 3659
f 3374 1918 4643
f 2831 1703 4839
f 4073 2042 4957
f 3412 1978 3536
f 1700 2958 4746
f 3018 1854 4127
f 1632 4277 4433
f 4277 2622 4433
f 3336 1522 4084
f 2155 3336 4084
f 180 178 3374
f 4242 1417 5612
f 1461 3301 4847
f 97 96 6106
f 3033 1749 5963
f 3155 2523 4123
f 2000 3879 5799
f 1857 3593 3783
f 2307 3059 5153
f 2631 3850 5869
f 1449 3046 5499
f 3152 1431 4468
f 2212 3152 4468
f 2925 2528 5529
f 2090 4178 4796
f 3442 3578 6145
f 2980 4275 5423
f 2113 2941 5962
f 3444 2102 3830
f 103 102 3403
f 1828 2955 3895
f 2075 2845 4206
f 1582 2936 3921
f 2138 3851 4482
f 3851 2479 4482
f 3241 1472 4177
f 1546 3004 4692
f 1381 3381 3987
f 3288 1953 3558
f 1446 3062 3839
f 1716 3464 5872
f 1983 2872 4087
f 1766 2962 3885
f 1533 3187 5786
f 3363 1490 3651
f 4046 2644 5683
f 2643 4045 5684
f 3307 1944 3544
f 2946 1532 4539
f 2848 1775 5047
f 1776 2849 5048
f 4504 2130 5332
f 2057 5604 6197
f 3835 2408 4242
f 1851 3835 4242
f 2218 3524 4555
f 1482 2929 6037
f 1942 2935 5563
f 3863 132 5011
f 134 132 3863
f 1781 3256 4897
f 1736 3108 4773
f 3141 1659 5838
f 3399 2633 4636
f 1684 2829 4634
f 3365 424 3912
f 3475 1601 5195
f 3448 1327 3754
f 2087 3448 3754
f 4099 2602 5593
f 2601 4098 5594
f 1942 3062 5915
f 3291 1303 4493
f 3472 1993 3480
f 2001 3472 3480
f 1686 2840 4325
f 2426 4488 5668
f 2136 2873 5141
f 1705 2833 4743
f 2996 1484 4199
f 2070 2996 4199
f 2948 1309 4150
f 2030 2948 4150
f 2097 3393 3556
f 2257 3103 4803
f 4212 1572 5059
f 1656 3827 5460
f 4044 2043 4147
f 3411 2826 6032
f 3143 1316 3659
f 1876 3500 3748
f 1574 2845 4935
f 1756 2853 5020
f 1964 3505 4000
f 1555 3210 5853
f 2017 2998 6067
f 3116 2434 4010
f 1307 2986 5759
f 2684 5068 6000
f 2842 1499 4317
f 2739 5705 5922
f 2051 3730 3844
f 1553 2888 4090
f 1646 3283 4953
f 1503 2831 4540
f 1827 3509 4802
f 3509 2461 4802
f 3870 2076 4248
f 2004 3695 4104
f 216 214 3369
f 56 54 3368
f 1950 3089 6035
f 2840 1686 5665
f 1473 3192 4372
f 1502 3333 3582
f 3333 2017 3582
f 4027 1501 4341
f 2836 1480 4587
f 3000 2204 4693
f 1390 3000 4693
f 2117 3446 3659
f 3101 2405 5215
f 2863 1769 4323
f 3396 1467 4570
f 1408 2848 4960
f 3588 1578 4265
f 2873 3618 4731
f 1489 4080 5033
f 3572 2160 3906
f 1370 3572 3906
f 2944 2062 3946
f 2309 3034 5028
f 3034 1372 5028
f 3543 1733 3907
f 3090 1499 3727
f 3976 2851 4999
f 3685 1825 5582
f 1709 4920 5896
f 4490 2288 4795
f 4246 1511 4880
f 2863 1553 4767
f 1370 4783 4936
f 2886 1981 4408
f 2542 3992 5970
f 1701 4095 5250
f 2886 1381 4382
f 5005 2852 5976
f 2935 2453 4269
f 4848 1787 5567
f 1414 2835 5518
f 2112 3451 5136
f 2249 3587 6042
f 3321 1458 3566
f 2273 2896 4094
f 4727 2568 5404
f 2902 1679 4817
f 2056 4131 5339
f 2058 4130 5338
f 4128 2059 5336
f 4129 2060 5337
f 2057 4132 5604
f 2903 1798 5304
f 1888 3211 5099
f 3395 2135 4409
f 1945 3151 6124
f 3668 2188 4273
f 3516 1957 5984
f 2133 3070 3979
f 3401 2776 5930
f 2843 1888 5528
f 1364 3384 4426
f 4037 2118 4263
f 2495 4060 5380
f 4566 2530 5597
f 1483 3162 3664
f 2976 1510 4454
f 2197 4773 4782
f 3514 1376 3778
f 2152 3514 3778
f 3215 2406 5557
f 2946 1774 5572
f 3181 1977 4005
f 2053 3502 3614
f 3502 1509 3614
f 2328 2907 5307
f 3587 2779 6026
f 1361 3643 4458
f 2688 3189 6141
f 3189 1813 6141
f 2874 1405 5725
f 3021 2170 4770
f 1904 3037 3842
f 3166 1994 3761
f 1333 3166 3761
f 3322 1502 3582
f 3864 2771 4887
f 2772 3865 4888
f 3167 1923 4347
f 3131 1304 4170
f 2682 4004 5266
f 4291 1421 5164
f 1477 3051 3820
f 4765 2800 5248
f 2160 3572 4050
f 2431 4980 5912
f 4979 2430 5911
f 2045 2847 5155
f 3539 2289 4828
f 2859 182 4643
f 4069 1719 5307
f 2907 4069 5307
f 4677 1582 5573
f 3719 2994 6035
f 1296 3719 6035
f 3407 2410 5621
f 4236 2487 4762
f 2932 2120 5490
f 2844 2092 5312
f 1519 3412 3536
f 4741 3033 5963
f 2238 3976 4999
f 1873 3573 4367
f 1763 2884 5180
f 2858 1658 4751
f 2152 2858 4751
f 3015 1786 3892
f 1775 2881 5047
f 2882 1776 5048
f 2566 3049 4590
f 4161 3563 5437
f 4503 3282 5360
f 90 88 4008
f 5550 1603 6052
f 2845 2075 4935
f 3190 2175 3906
f 1719 3251 5307
f 3764 1408 4960
f 4632 2722 4923
f 2115 2844 4674
f 5568 2876 5748
f 2846 2015 5379
f 3720 2101 3794
f 4337 2678 5268
f 2681 4335 5269
f 3058 4022 5732
f 1576 3600 5718
f 4466 2316 4827
f 3023 1773 4926
f 3079 2070 4107
f 1729 3079 4107
f 2134 3306 3821
f 2253 3140 4849
f 3139 2252 4850
f 2923 1394 5466
f 3244 2820 4828
f 2943 1998 5977
f 3380 4804 5469
f 1442 2940 4076
f 2940 1995 4076
f 4243 2635 5711
f 2941 1952 4008
f 1894 2960 5595
f 1597 3953 4803
f 4449 2431 5912
f 2430 4450 5911
f 2052 2920 4080
f 1551 2962 4274
f 2962 2073 4274
f 1553 2863 4991
f 2916 1711 4354
f 2074 2916 4354
f 1665 4268 5229
f 3411 1352 4025
f 2260 2850 4787
f 2826 5716 6065
f 3275 1931 4422
f 1733 4513 4541
f 4513 2762 4541
f 1942 3186 3674
f 3004 1784 4692
f 3650 2878 5198
f 1785 2987 4857
f 2389 3403 3908
f 3403 2009 3908
f 1301 2875 4257
f 2545 4102 4449
f 4102 1810 4449
f 4103 2544 4450
f 1811 4103 4450
f 3085 1451 3905
f 1992 3085 3905
f 1809 3165 5981
f 2231 2917 4983
f 2879 1742 5046
f 2301 2986 5551
f 3057 23 4829
f 1510 2976 4599
f 62 59 4630
f 210 208 4629
f 2594 3839 5084
f 2881 2002 5047
f 2003 2882 5048
f 3077 2303 4000
f 1505 3077 4000
f 1355 3486 4315
f 3615 2184 3951
f 1362 3615 3951
f 1415 2995 3988
f 2995 1986 3988
f 3305 2261 5143
f 1817 3804 5769
f 1325 3460 3740
f 175 3277 5082
f 1949 5862 6169
f 4618 1395 5434
f 3950 1298 4259
f 2443 4127 4548
f 3159 4277 4918
f 2140 3632 3633
f 3632 1941 3633
f 2858 2059 4509
f 2869 1461 5079
f 2157 3706 5211
f 3521 4578 5989
f 2503 3267 4138
f 3791 2404 4386
f 1385 3791 4386
f 2850 2423 5420
f 2802 4082 5812
f 2881 350 4858
f 290 2882 4859
f 3863 2181 4711
f 4532 3088 5624
f 2280 3365 4560
f 3365 1861 4560
f 3934 1364 4426
f 1843 2985 6181
f 3233 1774 3686
f 2250 3588 4265
f 4025 1352 6115
f 2187 4426 5897
f 3349 1575 3628
f 2093 3349 3628
f 1468 3483 4438
f 3062 1941 3839
f 3410 418 4706
f 2522 3803 5180
f 2855 1690 4519
f 1486 2855 4520
f 1561 3459 5735
f 2781 3859 5355
f 3859 1673 5355
f 4131 2680 5801
f 4132 2681 5802
f 4130 2679 5803
f 2677 4128 5804
f 2678 4129 5805
f 2013 2974 3994
f 3832 5036 5126
f 2931 1674 4068
f 3312 1450 3620
f 2783 3756 5782
f 2957 3689 6055
f 3689 1760 6055
f 1893 3240 3670
f 2580 3585 4592
f 2903 2083 4649
f 1290 3054 5058
f 2870 2205 4955
f 3985 2689 5279
f 3802 1576 5718
f 1341 4024 4915
f 2367 3087 5134
f 3087 1430 5134
f 2857 2232 4531
f 1572 3908 5059
f 182 2859 5654
f 1461 4847 5761
f 5523 1436 5985
f 1658 2858 4509
f 2860 2258 4797
f 4390 1403 5787
f 2868 1788 4761
f 2825 4242 5612
f 3660 2026 5290
f 2641 3660 5290
f 2232 2857 4578
f 3216 1303 3896
f 156 153 3547
f 3829 2387 4297
f 2102 3829 4297
f 3056 1878 4217
f 3532 1302 4185
f 2059 2858 4716
f 3549 2366 4292
f 3045 1323 3900
f 2478 4805 5200
f 4301 2157 5211
f 2186 3441 4272
f 4709 2172 4958
f 284 281 3526
f 357 356 3525
f 2885 2129 4852
f 3136 2159 4377
f 1550 3136 4377
f 1611 2864 5633
f 1993 2891 5364
f 4027 2281 4439
f 1647 3324 3793
f 3324 2192 3793
f 2924 1994 5363
f 3551 2403 5344
f 1784 2880 5183
f 4096 2983 5224
f 1458 2997 6108
f 4934 2706 6036
f 2583 3640 4789
f 2047 3948 4056
f 1743 3925 6184
f 2011 4069 4086
f 2968 2245 4019
f 1596 2961 4709
f 2961 2172 4709
f 3604 1524 5009
f 5007 3638 5284
f 2475 3927 4451
f 3927 1530 4451
f 3027 2101 4965
f 5250 4035 5533
f 4044 1556 5115
f 2422 2860 5418
f 3142 1487 3753
f 2894 2023 4719
f 3342 2116 4011
f 1589 3342 4011
f 2337 4582 5210
f 1341 4915 4961
f 2201 4561 4836
f 1525 2867 4877
f 2867 2174 4877
f 2861 1987 4542
f 1337 2862 4734
f 2352 4916 5315
f 2268 4234 5465
f 1947 3424 5467
f 3425 1948 5468
f 2913 1774 4768
f 2904 2167 4765
f 1357 3007 3968
f 2122 3233 3686
f 2947 1450 5866
f 2117 3283 4580
f 3682 2287 4915
f 2420 4035 5250
f 3705 1537 4072
f 3588 2250 4108
f 3993 2775 5653
f 4007 1382 5817
f 3941 2020 4653
f 1523 2933 5369
f 4014 2307 5153
f 2793 4014 5153
f 1372 3034 3936
f 3064 1764 6018
f 2863 4323 5177
f 3288 1300 4963
f 4949 2231 4983
f 3430 2491 5073
f 3573 2269 4367
f 4114 2365 4428
f 2028 2892 4325
f 1582 3921 5573
f 3254 1470 3723
f 1392 3595 4286
f 3371 1802 3617
f 3368 1901 4603
f 2293 3368 4603
f 1900 3369 4602
f 3369 2294 4602
f 4108 2250 4478
f 2207 3784 4171
f 2090 3925 4784
f 3955 2537 5579
f 1760 3692 6055
f 1806 3183 6010
f 1964 3088 5845
f 3483 2334 4438
f 3353 2292 6069
f 3836 3271 4597
f 1950 2994 4515
f 4323 2047 5177
f 3061 2621 5999
f 1441 4949 5977
f 2872 2033 5580
f 3007 1357 5700
f 2390 2885 5525
f 2248 3684 3997
f 1727 3627 5917
f 1381 2886 4408
f 2698 4311 5810
f 50 47 3489
f 221 220 3488
f 1417 2879 5223
f 2702 4283 5176
f 5153 3059 5390
f 2877 1525 4877
f 2174 2877 4877
f 2042 2868 4761
f 3475 5195 5972
f 2877 3955 5579
f 1467 3061 4167
f 2288 3185 4785
f 3185 1597 4785
f 1855 3587 6026
f 3779 1523 5369
f 2733 3779 5369
f 107 105 3452
f 1851 3615 5741
f 1882 3104 3838
f 3467 1956 4685
f 2323 4632 4923
f 3223 1976 3751
f 3224 1346 3752
f 3832 1508 5036
f 3041 1393 5850
f 2244 2895 4577
f 3768 1465 4117
f 2278 3768 4117
f 3487 2341 4156
f 2920 2052 5257
f 2114 2936 4525
f 2936 1582 4525
f 1455 3507 4184
f 1952 3428 4657
f 2983 2428 5588
f 1437 2983 5588
f 2876 2116 5748
f 1466 3769 4119
f 3769 2279 4119
f 2896 2273 5005
f 5657 3644 6073
f 3850 2631 5439
f 2468 3441 5020
f 3441 1756 5020
f 3987 2587 5584
f 3021 1708 4680
f 1443 4641 5380
f 3179 1876 3748
f 1724 2939 4363
f 2939 2074 4363
f 4287 2809 5026
f 1789 2873 4731
f 2914 1426 5174
f 4004 1675 5266
f 1562 3205 3861
f 3572 1370 4936
f 2722 4632 5162
f 2105 2965 5398
f 1880 3067 3909
f 3068 1881 3910
f 3820 3051 6077
f 3701 1463 4843
f 1462 3702 4845
f 3703 1464 4844
f 4178 2090 4784
f 1809 5981 6153
f 2902 2163 4698
f 1477 2902 4698
f 1995 2940 5131
f 2982 2011 4057
f 1319 2884 4496
f 1303 3538 4493
f 2885 2390 5833
f 2531 3764 4960
f 1773 3089 4926
f 350 2881 5374
f 2882 290 5373
f 3997 1580 4200
f 3685 2596 4958
f 2851 4291 4999
f 4291 1790 4999
f 2923 1717 5248
f 1529 3674 3853
f 4453 1417 6031
f 1998 2943 5127
f 2767 3746 4890
f 3046 2396 4231
f 2099 3325 3714
f 4049 2554 5124
f 3631 1438 4537
f 2374 3631 4537
f 3124 1615 3826
f 1613 3438 3623
f 1671 5771 6159
f 4969 3050 5731
f 3153 1927 4728
f 1446 5496 5915
f 3186 1942 4683
f 2945 1996 4281
f 1968 3363 3651
f 1977 3254 3723
f 3452 1956 4832
f 4200 2369 5135
f 5040 3407 5621
f 3649 1355 4315
f 3427 2247 3625
f 2121 2897 4391
f 3400 1320 3733
f 3756 1909 5782
f 3710 2004 4104
f 117 116 3570
f 2444 2931 5276
f 1584 4096 4492
f 3718 2532 4903
f 1724 3718 4903
f 3673 2550 5793
f 2921 1940 5199
f 2966 1845 5475
f 3151 1475 3807
f 3545 1947 5467
f 1948 3546 5468
f 5862 3060 6169
f 3807 2211 4348
f 4020 2203 4634
f 2706 4934 6180
f 1332 3053 5898
f 1910 3609 4492
f 2800 4417 4756
f 4417 1524 4756
f 3539 4828 6064
f 2163 2902 4817
f 2952 1604 4148
f 2964 1841 4922
f 3541 1811 3787
f 1810 3540 3788
f 2203 2958 4966
f 3612 1910 4492
f 1656 3173 3783
f 4016 2968 5615
f 1758 4016 5615
f 2466 3396 4570
f 1491 3108 3874
f 3565 2578 5861
f 2888 1553 5722
f 2898 1527 6058
f 2158 2948 6021
f 3382 1501 4439
f 1682 3427 3625
f 1345 3223 3751
f 1977 3224 3752
f 1971 3552 4478
f 2871 3554 6066
f 3937 1586 4313
f 4106 2966 5649
f 3226 1540 3971
f 2573 3226 3971
f 1986 3471 3922
f 4542 1685 5188
f 4338 2074 4354
f 2464 4186 4309
f 1975 3098 3995
f 1524 2899 4756
f 2899 2149 4756
f 2392 3079 6028
f 3117 2348 5449
f 2480 3399 5138
f 3399 1589 5138
f 2666 4485 5372
f 1589 3399 4636
f 3767 1907 4712
f 3438 2099 3623
f 1734 5094 5793
f 1578 3180 4238
f 1678 3985 5279
f 2211 3027 5753
f 1984 3959 5645
f 3093 1420 6084
f 3336 2155 3676
f 1468 3272 5366
f 3272 2491 5366
f 2979 2559 6056
f 1750 5237 6016
f 3420 1363 3991
f 2315 4517 4826
f 2196 2937 4780
f 1817 3624 5049
f 3624 2539 5049
f 3106 1492 3889
f 3525 2252 4038
f 2123 3525 4038
f 2253 3526 4039
f 3526 2124 4039
f 3337 2101 3720
f 2926 1716 5206
f 3750 4146 5477
f 1327 3387 5772
f 1690 2967 5821
f 2351 3950 4259
f 1528 2969 4510
f 2533 3272 4507
f 3168 1471 5827
f 3500 1876 6191
f 2843 3500 6191
f 3609 2246 4228
f 1584 3609 4228
f 2923 5466 5868
f 1401 3268 5574
f 3804 2761 5769
f 1763 3803 5538
f 2905 2168 4818
f 1908 3203 3776
f 1992 3036 5854
f 1684 4634 5764
f 1717 4765 5248
f 2973 1414 5242
f 5692 2910 6165
f 145 144 4049
f 2936 2114 4286
f 2451 3943 4380
f 3206 1635 4911
f 1636 3207 4912
f 2183 3866 3911
f 4495 2529 5265
f 3346 2521 3956
f 1415 3125 4195
f 3125 2094 4195
f 3741 3015 4612
f 1986 2995 5105
f 3925 1743 4402
f 2450 3925 4402
f 2903 1435 4430
f 1287 3235 6038
f 3233 1374 3805
f 2895 2244 4753
f 3167 2031 3815
f 2919 1702 5794
f 2449 3011 5629
f 3011 1904 5629
f 4046 2021 5790
f 3225 4385 5511
f 3221 1972 3996
f 3007 2064 4075
f 2225 3647 5269
f 3646 2224 5268
f 4454 2651 6072
f 3001 2035 4241
f 2572 3335 4430
f 3627 2479 4876
f 1882 3627 4876
f 2418 2951 5703
f 2243 4574 5221
f 3032 2106 4310
f 3825 1516 5010
f 2588 3825 5010
f 1378 3048 5159
f 3048 2327 5159
f 3815 1533 5786
f 3538 2291 4493
f 3010 2080 4161
f 3468 1982 4018
f 3080 2062 6005
f 3551 2402 4021
f 3173 2232 5107
f 1537 3014 4072
f 1548 3359 3790
f 3359 2031 3790
f 3089 1296 6035
f 3158 2562 3895
f 3621 1333 4230
f 4571 1429 6201
f 2096 2902 4951
f 2083 2903 5304
f 1475 3202 3794
f 1737 3106 6133
f 3106 2597 6133
f 2973 1997 4977
f 1590 3933 4324
f 167 3110 5695
f 4355 1378 5159
f 1988 3603 3639
f 3087 2367 4227
f 1524 4417 5009
f 2921 2081 4324
f 1574 2953 4389
f 2861 4542 5188
f 3052 1639 4006
f 3876 2509 5864
f 1934 3580 5409
f 1304 3353 4170
f 2937 2196 4948
f 3316 1963 4370
f 3312 1932 5163
f 1328 3215 3796
f 3496 2133 3979
f 1314 3496 3979
f 2161 3043 5788
f 3044 2162 5789
f 1971 4478 5910
f 3187 1533 3823
f 1936 3137 3931
f 3190 1543 4455
f 2175 3190 4455
f 3551 5344 5740
f 5212 2466 5577
f 2271 3342 4636
f 3342 1589 4636
f 2945 2034 4240
f 2069 2950 4218
f 3774 2282 4166
f 1599 3774 4166
f 1807 3153 4728
f 1554 2920 5257
f 3108 1736 6127
f 2593 3108 6127
f 2932 110 4832
f 2915 2126 5294
f 211 210 4365
f 59 58 4366
f 3796 2537 5564
f 1471 3231 5827
f 2034 2945 5512
f 3465 1988 3639
f 4409 2135 4990
f 3855 76 5593
f 193 3854 5594
f 3003 2014 5815
f 2078 2927 4313
f 1897 3234 4920
f 2691 3294 6162
f 3294 1821 6162
f 2693 3295 6163
f 3295 1823 6163
f 4265 2358 5116
f 2902 1477 4951
f 3019 2490 5632
f 3256 1521 4897
f 4953 3283 6206
f 2179 2931 5396
f 4508 1533 5251
f 1359 2944 5099
f 2318 3457 4621
f 3457 1748 4621
f 3089 1773 4564
f 3802 2290 4172
f 1576 3802 4172
f 5785 1552 6061
f 1324 3690 5145
f 2466 3740 5577
f 2065 4053 4264
f 4053 2444 4264
f 2472 4029 4385
f 4029 2100 4385
f 1299 3626 6132
f 1834 2969 5388
f 3671 2477 4815
f 1655 3671 4815
f 5415 1722 5836
f 2906 2169 4856
f 3875 2448 5447
f 3062 1446 5915
f 5230 1694 5422
f 1932 3439 3691
f 29 27 3838
f 1954 3459 3947
f 3459 2111 3947
f 3741 2259 4153
f 1634 3741 4153
f 3258 2266 4808
f 4069 3019 5632
f 2537 3796 5579
f 2073 4059 4274
f 4059 2454 4274
f 2235 3170 4688
f 3170 1396 4688
f 393 2904 4664
f 242 2905 4663
f 1422 3120 6209
f 318 2906 4710
f 2133 3496 3823
f 2344 4027 4341
f 3086 1342 4133
f 3026 2140 4093
f 3210 1555 4077
f 2077 3210 4077
f 2167 2904 4735
f 2168 2905 4736
f 1498 5244 5869
f 3177 1431 4437
f 2325 4737 5308
f 2448 5266 5447
f 3170 2104 4213
f 1396 3170 4213
f 1485 3265 5997
f 1643 2979 5421
f 2169 2906 4730
f 3464 2180 4609
f 1762 3084 3984
f 1651 5270 5790
f 3673 1360 5070
f 2550 3673 5070
f 2964 4009 6149
f 3435 1541 3870
f 1771 3118 4028
f 2141 3130 4667
f 4295 3387 5241
f 1995 3055 4033
f 3799 1548 5818
f 3609 1910 3765
f 1901 3801 4603
f 4054 5189 5228
f 2472 3173 5460
f 3173 1656 5460
f 4170 3353 6069
f 1998 3008 4987
f 1638 4066 5123
f 1420 3725 5650
f 2131 3568 3681
f 4622 1569 5521
f 1499 3090 4435
f 3090 2129 4435
f 1494 3404 5706
f 2296 3771 4202
f 3771 1864 4202
f 3482 2274 3688
f 4054 1607 5189
f 3052 4006 5664
f 1711 2940 4354
f 2937 1492 4780
f 4909 2229 4952
f 3680 1699 5186
f 4077 2464 4309
f 2077 4077 4309
f 4186 1404 4309
f 3885 2962 5267
f 3527 1907 4049
f 1491 2938 4782
f 2024 2954 4933
f 2920 1897 5033
f 2708 5080 5737
f 2940 1711 5131
f 3253 1976 4108
f 3339 1648 3862
f 2041 3339 3862
f 3592 2540 4359
f 1840 3282 5975
f 1338 3214 4573
f 2913 2115 4674
f 1664 2999 5493
f 2565 4418 4579
f 2093 3628 3722
f 3628 2068 3722
f 3084 1992 5854
f 2921 1503 4522
f 3005 2005 4613
f 3200 2119 4016
f 1758 3200 4016
f 3602 1383 4954
f 3098 1410 3995
f 1500 2913 4674
f 2794 3133 4635
f 1871 3014 5549
f 3028 69 5611
f 200 3029 5610
f 1711 2916 5386
f 3278 33 4913
f 1996 3038 4396
f 3298 1840 5975
f 2081 2921 4522
f 3205 1971 3861
f 3100 2134 4675
f 5466 2371 5868
f 1291 3490 4260
f 2289 3484 3755
f 110 2932 5490
f 1293 4159 4404
f 4159 2515 4404
f 2918 1726 4593
f 1608 3766 5100
f 1342 3401 5930
f 3221 2434 4666
f 3796 3215 5557
f 2963 3881 5264
f 5398 2965 6205
f 2329 4148 5729
f 3024 1857 5974
f 3510 3935 4971
f 3575 1863 4514
f 1781 4897 5431
f 1722 4308 5836
f 3526 281 4173
f 357 3525 4174
f 2122 4364 4757
f 4364 2737 4757
f 1398 5297 5529
f 1661 4337 5268
f 4335 1660 5269
f 1384 2918 4851
f 2405 3101 5380
f 3101 1443 5380
f 2987 1542 5401
f 1702 2919 4601
f 2040 3431 3785
f 3431 1498 3785
f 3364 1572 4212
f 2151 3364 4212
f 3004 1546 4211
f 3408 1287 6038
f 3503 1604 4235
f 2205 3503 4235
f 2392 3458 4872
f 3458 1640 4872
f 78 76 3855
f 193 191 3854
f 2574 5038 6140
f 2519 3103 5858
f 3103 1826 5858
f 3075 2347 5260
f 3148 1785 4857
f 1650 3076 4282
f 3148 1969 4892
f 3638 2166 3981
f 1680 3638 3981
f 1692 2937 4948
f 1957 3277 4015
f 1366 3303 4758
f 3303 2286 4758
f 5470 2653 6095
f 3935 2388 4446
f 1440 4217 4369
f 4217 2520 4369
f 3038 1996 4152
f 1313 2980 5318
f 2192 3499 3903
f 4355 2127 5865
f 1420 5650 6084
f 3126 1972 5010
f 3328 1883 3786
f 3344 2913 4768
f 2005 3005 4443
f 3767 4712 6068
f 1777 3204 4003
f 3204 2039 4003
f 4138 1698 5302
f 2160 3190 3906
f 2933 1990 4993
f 3107 1482 6037
f 3960 1985 4793
f 2946 3805 6047
f 3805 2106 6047
f 1532 2946 6047
f 2939 1724 5078
f 3957 3227 5798
f 3645 4064 6051
f 3118 1514 4359
f 1361 4125 4806
f 1837 4472 4642
f 2379 3001 5440
f 2297 3005 5192
f 3005 1681 5192
f 2181 2951 4869
f 2951 1670 4869
f 2990 1749 5361
f 1478 3184 3982
f 3184 2020 3982
f 4805 2313 5200
f 1971 3309 3970
f 3006 1747 5453
f 1579 3006 5452
f 2991 2233 6174
f 2941 88 5962
f 4458 3643 5971
f 1550 3258 4808
f 3443 1908 3714
f 1729 3075 5260
f 3866 2048 3911
f 4196 2516 5156
f 2965 2105 5101
f 2950 1332 4568
f 2342 4096 5224
f 3123 1738 4486
f 2151 3123 4486
f 1997 2973 5242
f 2461 3041 5850
f 1795 3901 4566
f 1905 3440 3720
f 3956 2521 5059
f 3638 2355 5284
f 1848 3644 5657
f 2988 2236 6104
f 2989 2237 6103
f 3516 2464 5012
f 1957 3516 5012
f 2086 3157 4380
f 3137 1936 6198
f 1588 4152 4240
f 4755 2225 5269
f 2224 4754 5268
f 1693 2938 4611
f 2937 1692 4610
f 4983 2917 5575
f 1626 4236 4762
f 1453 3021 4770
f 2846 4025 6115
f 1980 3493 5928
f 2938 1491 5473
f 1768 3013 5317
f 1791 3232 3897
f 1630 4431 4860
f 4432 1631 4861
f 3767 2592 3904
f 4009 1299 6149
f 2804 3258 4377
f 3479 1342 5930
f 4153 3030 5280
f 2986 2145 4321
f 2927 2078 4759
f 18 16 3599
f 2285 2970 5190
f 1452 3010 5437
f 3549 4292 5696
f 1889 3341 3799
f 3037 2052 4841
f 3678 2260 4967
f 1313 4035 4275
f 4035 2420 4275
f 3277 173 4015
f 2075 2953 4935
f 3297 2493 4742
f 4066 1638 4925
f 3876 3305 5143
f 2013 3819 4994
f 1492 2937 5136
f 4086 4069 5985
f 1318 3116 4010
f 3964 1727 6087
f 2739 4101 5705
f 1791 3194 5576
f 3096 1557 4094
f 1564 3114 4019
f 3501 2485 5080
f 3082 1951 5750
f 2934 2455 4831
f 4783 2871 5531
f 2012 3837 5092
f 3815 2031 4207
f 4197 2243 5221
f 4285 2132 4320
f 1618 4196 4262
f 4196 2471 4262
f 2718 5389 5468
f 1455 3189 4181
f 3105 1602 4079
f 2448 3469 5019
f 3469 1703 5019
f 2351 5112 5506
f 1764 3696 5042
f 3407 2334 5413
f 3429 1485 5997
f 1615 3354 3826
f 3354 2016 3826
f 3075 2496 5847
f 2976 4454 6072
f 2528 4473 5613
f 2771 3001 5365
f 2938 1693 5648
f 2135 3064 4543
f 2398 3734 5030
f 1715 2956 5073
f 1406 2942 5371
f 1587 3930 5510
f 3961 1573 4821
f 2290 3905 4370
f 1994 3417 3761
f 1979 3270 5198
f 3744 1789 4731
f 5546 2619 5927
f 3456 1987 6179
f 2419 3121 6109
f 2012 2964 5638
f 3678 4967 6078
f 2655 3095 4794
f 3615 1851 3949
f 2184 3615 3949
f 1569 4075 5521
f 3075 1729 4107
f 3015 3892 5970
f 1801 2977 4924
f 3047 1984 5645
f 2992 2051 4516
f 2539 3624 3742
f 1852 3313 3849
f 3118 1981 4028
f 3049 1848 5657
f 3236 1641 4797
f 2258 3236 4797
f 2068 2950 4568
f 1511 4018 4880
f 4600 2628 6117
f 1543 4047 4455
f 4198 1425 5403
f 2130 3554 4284
f 3138 1777 4003
f 3746 1844 4890
f 4571 2870 5462
f 2089 3679 3795
f 3930 5075 5510
f 1831 3299 5736
f 1597 3185 3953
f 3232 1791 5576
f 2064 3007 5700
f 2283 4854 4891
f 3127 1766 6120
f 3076 1650 5057
f 2270 3076 5057
f 3460 2207 3740
f 3277 2331 5082
f 2588 3221 4666
f 3692 1760 5391
f 1336 3763 4697
f 3663 2098 3699
f 1887 3990 5157
f 1538 3102 4232
f 3079 1401 5574
f 3568 1353 3681
f 1786 3015 5392
f 3015 2332 5392
f 2023 3033 4719
f 3115 1531 4050
f 2969 1991 4510
f 1293 3406 4276
f 3933 1590 4220
f 2336 3933 4220
f 1679 4420 4791
f 2006 3105 4079
f 4418 2210 4579
f 3309 1306 3970
f 4022 3003 5815
f 1356 4022 5815
f 1620 3935 4446
f 4806 4125 5605
f 1560 4057 5751
f 3128 2819 6106
f 3946 1888 5099
f 3695 1371 4067
f 2208 3695 4067
f 2127 4429 5865
f 4420 2748 4791
f 1884 3727 5345
f 1454 3305 3876
f 2628 3941 5383
f 2367 5093 5383
f 3134 2117 6151
f 4472 2629 4642
f 1951 3416 4444
f 3001 4241 5440
f 2995 1415 5258
f 2051 2992 5214
f 2048 2982 5219
f 1863 3890 5892
f 3891 1864 5893
f 3123 2874 4855
f 2953 1574 4935
f 2318 3096 4112
f 1367 3200 4584
f 3513 1983 5179
f 2458 5351 5499
f 1864 3576 4202
f 3387 4089 5772
f 5021 1338 5227
f 2258 3749 4968
f 3890 2908 5892
f 2909 3891 5893
f 1879 3230 4681
f 2014 3127 6120
f 1604 2952 6024
f 5032 2675 6118
f 2950 2068 4984
f 1497 3887 4017
f 3568 1951 4671
f 4388 2378 4947
f 1719 4069 5632
f 2958 1452 4966
f 5120 3084 5854
f 2961 2220 4628
f 4176 1786 5392
f 1765 3881 6012
f 3881 2963 6012
f 5108 2818 6202
f 4009 2012 5092
f 2352 3926 4916
f 5884 1689 6171
f 5456 2717 5467
f 2981 1865 5109
f 2267 2966 4997
f 3091 1995 5131
f 3765 1742 4545
f 2272 3532 4185
f 2245 2968 5916
f 3243 2283 4891
f 1753 3243 4891
f 3395 4409 5819
f 1904 4873 5629
f 1354 5120 5854
f 1515 3378 4848
f 2014 3003 5291
f 2974 1899 5182
f 4567 2100 5289
f 3619 1856 5644
f 3144 2014 6120
f 1323 3045 5565
f 3092 1998 5127
f 3990 2656 5157
f 3906 2175 4100
f 1485 3082 4175
f 3416 1460 4444
f 2172 2961 5275
f 3035 4427 5734
f 2207 3507 3784
f 4056 3948 5612
f 3061 1467 5701
f 4647 1746 6002
f 3547 2782 4326
f 4946 2499 5172
f 3731 2333 4809
f 2992 1288 4488
f 1579 3181 4005
f 2597 3923 5721
f 1414 2973 4624
f 3915 2886 5990
f 2851 3976 5757
f 1838 3497 5243
f 3708 2595 5974
f 3706 2157 3929
f 2115 3706 3929
f 3260 1618 4262
f 2118 3260 4262
f 1505 3074 4191
f 3675 1291 4260
f 3687 1620 4665
f 1991 2969 4950
f 1515 2993 6057
f 3757 2348 5326
f 2206 3469 4734
f 3419 2043 4361
f 2411 4498 4998
f 4680 1708 4933
f 2954 4680 4933
f 2451 4380 5613
f 1288 2992 4516
f 4001 3163 4901
f 3527 2335 4712
f 1907 3527 4712
f 4241 1594 5440
f 1329 3091 5830
f 216 3369 3940
f 3368 54 3939
f 2035 3806 3814
f 3806 2147 3814
f 1333 3621 6025
f 1326 3092 5831
f 2986 2301 4565
f 2271 3749 4271
f 3749 1678 4271
f 3689 2338 4257
f 1998 3261 5977
f 2596 4709 4958
f 3965 2503 4668
f 1456 3965 4668
f 4240 3461 4937
f 23 3057 5121
f 2300 4302 5670
f 1640 3458 5737
f 3331 1843 6181
f 399 2988 6104
f 247 2989 6103
f 1393 3132 4378
f 3132 2110 4378
f 1766 3144 6120
f 1317 3676 4415
f 3538 2345 4556
f 3415 1515 4848
f 3960 4793 5509
f 2746 4198 5403
f 3758 3160 4778
f 324 2991 6174
f 1292 3594 3918
f 3594 2111 3918
f 3338 1507 4483
f 2199 3338 4483
f 2977 2067 4924
f 1530 3804 4451
f 2239 3958 4455
f 1532 3221 3996
f 3299 1989 5587
f 3753 1980 5928
f 3537 5809 5858
f 1877 3058 5603
f 2053 3417 3913
f 3417 1546 3913
f 2929 3409 6037
f 3022 2373 5764
f 4012 1967 4437
f 5393 2463 5464
f 1757 3100 4675
f 1977 3723 4005
f 1521 3533 4897
f 2526 3206 4701
f 3207 2527 4700
f 2396 4783 5531
f 2198 3870 4248
f 3154 1609 4445
f 3005 2297 5164
f 4717 1644 6099
f 2304 4403 5343
f 2088 3137 4288
f 3137 1558 4288
f 3774 1599 5179
f 2618 3247 6165
f 3247 1434 6165
f 3216 2529 4495
f 5644 1856 5752
f 3681 1353 5708
f 4403 2959 5343
f 3070 1787 5693
f 3816 3245 4638
f 2998 3636 6067
f 2293 4603 6155
f 4602 2294 6154
f 1289 2981 4792
f 3916 1858 5111
f 3976 2560 5757
f 4977 1723 5877
f 2922 3394 5436
f 2460 3567 3737
f 2980 5423 6081
f 3028 1792 5017
f 1793 3029 5018
f 3641 2614 5680
f 1861 3781 4560
f 3211 1359 5099
f 1884 3426 3848
f 2014 3144 5815
f 1932 3691 5163
f 3038 1296 4396
f 100 97 6106
f 1673 3859 6110
f 4052 3433 5810
f 1429 4571 5462
f 1655 4815 5212
f 2106 3745 3928
f 2111 3301 3947
f 2076 3444 3830
f 3081 2034 5512
f 1405 3123 4569
f 3123 2151 4569
f 2708 3501 5080
f 4066 2589 5123
f 2901 4889 5550
f 1710 4983 5575
f 2973 4977 5877
f 3550 1964 5845
f 2003 3630 4859
f 3629 2002 4858
f 3034 2509 5455
f 3507 1455 3784
f 2221 4180 4530
f 2629 3276 6166
f 3276 1759 6166
f 4268 1665 5112
f 1297 3457 5419
f 2455 5123 6091
f 3450 1807 4728
f 2845 3150 6137
f 3919 2716 5172
f 2829 4744 5950
f 1573 4140 5067
f 103 3403 5194
f 3537 1342 5809
f 2051 3844 4232
f 3432 2032 3852
f 1697 3915 5990
f 3155 1622 5873
f 2523 3155 5873
f 3260 2853 4929
f 1493 3389 4959
f 3116 1318 5950
f 1497 3432 3852
f 3444 1538 3844
f 2402 4583 5442
f 3030 1368 5280
f 3860 2029 5956
f 1519 3080 6005
f 4867 2308 4995
f 1681 3005 4613
f 1388 5005 5976
f 4381 2574 6140
f 3391 1775 3898
f 1776 3392 3899
f 4821 1573 5147
f 3485 1496 3983
f 2095 3485 3983
f 2036 3663 3699
f 2184 3812 3951
f 3812 2089 3951
f 3008 1326 4609
f 3151 1816 6124
f 2308 4697 5113
f 3481 2176 5723
f 4697 2984 5113
f 1752 3096 5776
f 4431 2601 4860
f 2602 4432 4861
f 1726 2993 4952
f 3101 1731 5208
f 2314 3391 3898
f 3392 2317 3899
f 3847 2748 4420
f 2537 3955 4903
f 3270 1351 5198
f 3030 2259 5165
f 2262 3278 4913
f 3607 2797 5069
f 3214 1750 6016
f 2570 3214 6016
f 2256 4500 4894
f 2565 4306 4525
f 4306 2114 4525
f 1994 3166 5363
f 3076 1991 4282
f 4419 2582 5498
f 4259 2368 5112
f 2674 5565 5600
f 2009 3403 4121
f 3175 3942 4902
f 2996 1753 4891
f 3693 2662 5169
f 1737 3000 4732
f 4134 2887 5988
f 1389 3159 5381
f 3159 2401 5381
f 3015 1444 4612
f 1546 3417 4658
f 2198 3435 3870
f 3012 2330 5083
f 424 421 3912
f 3055 1329 4696
f 3859 2781 5765
f 1364 3934 4178
f 3934 2339 4178
f 3204 1457 5428
f 2587 3916 5111
f 3818 1413 5130
f 1412 3817 5129
f 297 295 3655
f 344 342 3656
f 3534 2696 5963
f 1749 3534 5963
f 2498 3727 4982
f 3668 2901 6052
f 1637 4395 5333
f 3466 1503 5199
f 3524 2218 4368
f 1308 3524 4368
f 348 346 3629
f 294 292 3630
f 3071 1661 5625
f 1660 3072 5626
f 2471 4196 5077
f 1648 3117 4187
f 1931 3131 4170
f 3000 1390 4900
f 3510 2424 5004
f 1399 3510 5004
f 3388 4143 5167
f 3111 1404 4774
f 3560 2007 4487
f 1434 5692 6165
f 3053 2069 5208
f 3009 1462 4714
f 2380 3818 3960
f 3817 2379 3959
f 3374 178 5082
f 4968 3749 5958
f 3781 1861 3782
f 2595 3781 3782
f 1300 3109 5840
f 1892 3586 4573
f 3850 2048 5869
f 4607 1312 5276
f 3624 1292 3742
f 1303 3423 3896
f 3067 1880 5309
f 2324 3067 5309
f 3068 2325 5308
f 1881 3068 5308
f 2029 5329 5956
f 3579 2322 5039
f 1937 3442 6145
f 3132 1393 5034
f 2270 3132 5034
f 2052 3037 5257
f 4253 2337 5210
f 2997 3421 6108
f 2080 3490 3944
f 3490 1291 3944
f 2689 5003 5279
f 3843 1422 5607
f 2509 3034 5647
f 2140 3026 5991
f 1452 3022 4966
f 3022 2203 4966
f 2576 3056 5458
f 162 159 3736
f 5028 2810 5522
f 1345 3424 4826
f 3424 2315 4826
f 3425 1346 4827
f 2316 3425 4827
f 438 3352 5978
f 2492 5108 6202
f 4096 2342 4492
f 7 2 3694
f 3621 5672 6025
f 3464 4609 5702
f 4010 2434 4931
f 1541 3795 3870
f 4106 1354 5854
f 3036 4106 5854
f 2246 3609 3765
f 3304 2177 4511
f 1469 3304 4511
f 3013 1517 4823
f 3013 1768 5404
f 1765 3094 5901
f 4083 2640 5430
f 2233 3146 4713
f 3146 328 4713
f 2217 3095 5887
f 1767 3346 3956
f 3042 1575 5767
f 4481 1366 4727
f 2713 4481 4727
f 3841 2027 5484
f 2096 3847 4420
f 3135 2026 5583
f 2063 3887 3932
f 3887 2191 3932
f 4734 3469 5543
f 1803 3026 5249
f 2026 3660 4246
f 3714 1908 3776
f 2099 3714 3776
f 1322 3331 5411
f 1951 4444 4671
f 3955 1724 4903
f 1964 4000 5624
f 1641 3236 4091
f 5068 2415 6000
f 3040 1526 4572
f 2910 5476 6186
f 2562 3158 6113
f 1613 3623 4556
f 2308 4192 4995
f 5019 2682 5266
f 1575 3042 4544
f 2816 3290 4623
f 5771 2756 6159
f 2027 3884 5484
f 2585 3801 3869
f 2584 3800 3868
f 2171 3256 4065
f 4011 2481 5138
f 4261 1698 6070
f 1865 4383 5015
f 2070 3079 5574
f 1773 3023 4917
f 3584 1453 4512
f 3463 1577 4113
f 4560 3781 6138
f 4137 2255 4776
f 3912 421 5222
f 2033 3560 4088
f 4601 2976 6072
f 3119 5679 6208
f 2124 3526 4173
f 3525 2123 4174
f 2468 3281 5826
f 2343 3696 4584
f 3696 1367 4584
f 4112 1297 5419
f 3602 2806 6183
f 1383 3602 6183
f 5423 2482 6081
f 1963 3078 5585
f 2557 3661 5206
f 2071 3028 5017
f 3029 2072 5018
f 4892 1969 5072
f 2101 3447 4965
f 2083 3038 4646
f 3236 2032 4091
f 253 3172 4460
f 405 3171 4459
f 3593 1377 5829
f 2664 3593 5829
f 1304 4367 5098
f 3261 2553 6073
f 3033 1629 4719
f 1601 3475 4645
f 2347 3075 5469
f 3031 1736 4773
f 2080 3944 4047
f 1773 3399 4564
f 1876 3191 6191
f 1976 3588 4108
f 1717 3641 5680
f 3034 2309 5160
f 1391 3031 4760
f 3772 2030 6173
f 5587 1989 5738
f 1788 3093 4761
f 3723 1470 4487
f 3623 2291 4556
f 1862 3032 5321
f 4018 1982 4878
f 1377 3593 4772
f 3168 3493 5516
f 2809 3381 5237
f 1301 3442 6046
f 3705 4072 5890
f 3036 1992 5718
f 1453 3135 4233
f 3905 1451 4370
f 2220 3580 5074
f 3742 1292 4633
f 3944 2239 4047
f 2344 3515 4558
f 1423 3822 5426
f 3338 1922 4661
f 1353 4726 5708
f 4030 2582 4316
f 3059 2414 5390
f 3868 1900 4602
f 2128 3105 4726
f 3904 2592 5773
f 1824 3042 5152
f 3970 1306 4254
f 2602 3855 5593
f 3854 2601 5594
f 3095 1569 4794
f 3379 1314 3979
f 3292 1463 4332
f 1465 3295 4336
f 3940 1900 5945
f 3814 1308 5168
f 3093 1788 4388
f 4302 2736 5670
f 3586 1338 4573
f 3100 1539 5676
f 1501 3347 4341
f 3692 2654 6055
f 4311 2698 5547
f 2643 3358 5252
f 1560 3911 5219
f 2290 3802 3905
f 3756 2235 4139
f 1909 3756 4139
f 2037 3195 4331
f 2009 3956 5059
f 3163 1391 5410
f 2395 3163 5410
f 3105 2006 5708
f 1736 3039 5618
f 1540 3226 4789
f 3226 2227 4789
f 1898 5056 5569
f 2007 3914 4565
f 3499 1495 3903
f 1923 3167 5786
f 3237 2871 4783
f 1469 3253 4108
f 2564 3569 4682
f 3917 1582 4677
f 2784 3603 6170
f 3603 1988 6170
f 1538 3679 3812
f 3679 2089 3812
f 3377 1556 4577
f 2901 3229 4889
f 3464 2536 5872
f 2016 3530 4471
f 3420 3991 6180
f 2832 4066 4925
f 4030 2054 5449
f 3579 2019 4428
f 1454 3188 4183
f 3189 1455 4184
f 3040 1718 4818
f 5111 2440 5584
f 3495 2015 5863
f 3842 2567 6185
f 2353 3744 4731
f 2213 3813 4084
f 3813 2155 4084
f 5056 3069 5569
f 3471 1508 3922
f 4403 2721 5846
f 3394 3603 5495
f 2327 3048 4687
f 3591 1880 3909
f 1881 3590 3910
f 2030 5000 6173
f 2069 3101 5208
f 3101 2069 5037
f 2560 5043 5087
f 2438 3607 5069
f 2945 4281 5512
f 4281 1445 5512
f 1529 3633 3972
f 5607 1422 6209
f 3050 1521 6192
f 3590 1881 4014
f 1880 3591 4013
f 1668 3195 4442
f 3502 2053 3913
f 3154 2352 5315
f 1609 3154 5315
f 5890 2705 6033
f 4487 2007 4565
f 2866 3654 5541
f 3713 1651 5790
f 2097 3556 4048
f 2301 3723 4487
f 3051 1477 4698
f 3160 1855 6026
f 3766 2531 4960
f 2611 4174 5871
f 4178 2339 4796
f 3789 1369 4002
f 2173 3789 4002
f 2942 3513 5371
f 3048 1378 5774
f 4889 2446 5550
f 1681 4613 6142
f 2295 3067 4563
f 3068 2296 4562
f 3602 1859 4095
f 3490 1924 4260
f 3171 404 4708
f 2236 3171 4708
f 3172 251 4707
f 3217 1808 4879
f 2397 3626 4576
f 3626 1759 4576
f 4256 3366 5883
f 1647 3793 5055
f 2377 3561 4289
f 3079 1729 6028
f 5168 1308 5298
f 3679 2076 3795
f 3504 3422 5716
f 1985 3048 4793
f 2937 4610 5136
f 3281 2020 4600
f 1805 3181 4464
f 1901 3939 6044
f 4575 2038 5076
f 3347 1830 5816
f 3783 3173 5107
f 4543 3064 6017
f 1547 4531 5231
f 1359 3494 6067
f 3050 1737 5731
f 2120 3467 4520
f 4963 1300 5840
f 3043 4874 4979
f 4874 2430 4979
f 4875 3044 4980
f 2431 4875 4980
f 2437 4644 4703
f 4218 1575 4544
f 4514 2295 5899
f 4610 2112 5136
f 429 427 4214
f 1920 3241 4177
f 3166 1333 6025
f 1400 3251 4482
f 3251 2138 4482
f 1999 4134 5988
f 1451 3085 5464
f 4230 2650 6200
f 2309 5028 5522
f 1981 3118 4359
f 3230 1480 4681
f 2665 4567 5289
f 2024 3306 4448
f 4293 1457 4898
f 4167 3061 5999
f 1863 3575 3890
f 3576 1864 3891
f 3054 1290 4763
f 2183 3785 3866
f 3081 1894 5620
f 3977 2208 4235
f 2292 3543 3907
f 3474 1888 3946
f 2062 3474 3946
f 4057 1560 5219
f 1354 3721 5120
f 4227 1583 4699
f 2569 4227 4699
f 2102 3730 3829
f 3730 1534 3829
f 1410 3098 5537
f 3098 1763 5538
f 4286 3595 6030
f 1569 3786 4075
f 2227 3057 4829
f 3341 1889 5553
f 3054 1940 5058
f 2260 3052 4967
f 3052 2264 5024
f 3058 2306 5128
f 3225 3984 4807
f 2717 3545 5467
f 3546 2718 5468
f 330 3146 4474
f 2373 3747 4285
f 2304 3762 3763
f 1650 3407 4012
f 4137 2499 4946
f 3455 1337 4147
f 3866 1498 5869
f 3674 1529 3972
f 1783 3142 5928
f 1448 3088 4532
f 1389 4083 5430
f 4985 2391 5191
f 3333 1502 4071
f 3435 2218 4555
f 1541 3435 4555
f 3762 1962 3763
f 4272 2418 4475
f 2757 3938 6009
f 5050 4030 5449
f 2211 4322 4348
f 1378 4157 5774
f 4217 1878 5044
f 3808 1486 4685
f 3194 1791 6004
f 3876 1913 5455
f 5710 1755 6160
f 3067 2295 4799
f 2296 3068 4800
f 3172 4707 6089
f 3057 2227 5071
f 4212 2521 4569
f 2151 4212 4569
f 2018 3578 5800
f 4275 2082 5423
f 4177 1472 4628
f 3131 1873 4367
f 4273 2188 5140
f 2566 4590 5421
f 1909 3126 5782
f 3488 2513 4672
f 2514 3489 4673
f 2061 3671 4171
f 3696 1764 5589
f 1812 3146 5885
f 3373 2052 4080
f 4012 3407 5413
f 3375 1645 6017
f 2599 3375 6017
f 2472 3473 4029
f 3473 1309 4029
f 4707 2237 6089
f 2036 3699 6102
f 1960 3411 4025
f 3403 2389 5194
f 1493 3682 4575
f 2333 3731 4182
f 3731 2148 4182
f 4135 1396 4213
f 3339 2041 4360
f 2785 4567 5394
f 3830 2102 4297
f 2331 3374 5082
f 2763 5785 6061
f 3165 1946 5981
f 4697 3763 6076
f 2127 3141 5838
f 4692 1784 5183
f 3700 1954 3947
f 3267 1915 4185
f 4166 2409 4294
f 1599 4166 4294
f 1740 3237 5013
f 3508 2561 4695
f 3932 1563 5259
f 3864 2143 3867
f 1535 3864 3867
f 3789 2173 3790
f 2031 3789 3790
f 2000 3877 4819
f 3879 2000 4819
f 1792 3119 5017
f 3120 1793 5018
f 3771 2585 5893
f 2584 3770 5892
f 1772 3150 4678
f 3183 1959 6010
f 2201 3410 4706
f 1872 3893 5090
f 2122 3686 4364
f 3271 1432 4383
f 3121 1530 5631
f 3070 1626 4738
f 2349 3540 4882
f 3540 1810 4882
f 3541 2350 4883
f 1811 3541 4883
f 3078 1314 5284
f 3121 1912 5717
f 3055 4696 5259
f 5699 2611 5871
f 4696 2063 5259
f 3893 2603 5090
f 2252 3139 5053
f 3139 1775 5053
f 3140 2253 5054
f 1776 3140 5054
f 2254 4312 4893
f 3366 2079 4151
f 1313 3366 4151
f 1441 3261 6073
f 1489 3373 4080
f 3020 4302 6148
f 2264 3772 4521
f 2382 3883 5205
f 3882 2383 5204
f 5536 3711 5758
f 3198 1765 5901
f 5679 1423 6208
f 3251 2328 5307
f 3078 2290 5585
f 1832 4237 5513
f 2371 3809 4619
f 1777 3138 4414
f 3094 1765 5400
f 5768 1564 5907
f 3723 2301 4005
f 3133 1860 5778
f 1645 4543 6017
f 2037 3069 5952
f 3114 1758 5615
f 3690 1833 5408
f 3556 1796 4048
f 4311 2044 5810
f 2073 3129 4639
f 3205 1562 6093
f 2055 3205 6094
f 2112 4245 5654
f 3326 2027 5623
f 3680 2729 5882
f 2076 3830 4248
f 3648 2515 4469
f 4244 2113 5962
f 1807 3998 5069
f 3184 1478 4351
f 2082 3184 4351
f 2879 4453 5187
f 4453 1832 5187
f 1290 3437 4188
f 1369 3167 4347
f 3110 167 4729
f 3077 2297 5192
f 2266 3110 4729
f 3137 2088 5357
f 3011 4725 6112
f 3169 1816 4348
f 2263 3970 4254
f 2560 3871 5757
f 5153 1566 5888
f 2249 3320 4258
f 3198 2064 5700
f 2376 3877 3973
f 3185 2272 4978
f 3232 1512 5863
f 1885 3145 4438
f 1563 4033 5259
f 3663 2036 4266
f 264 3398 4615
f 3397 376 4614
f 1358 3441 5826
f 1497 3852 3887
f 3852 2191 3887
f 2564 4350 5931
f 1793 3120 4498
f 3636 1359 6067
f 3605 1534 5214
f 2386 3863 5011
f 4043 2972 5896
f 2883 4514 5899
f 3242 2784 6170
f 23 21 4829
f 1511 3468 4018
f 1423 5426 6208
f 3387 1868 4089
f 169 167 5695
f 3080 1519 4816
f 1370 3906 4100
f 2492 5139 5943
f 2134 3100 5676
f 3461 2034 4627
f 1446 3094 5496
f 5432 2508 5673
f 4062 2406 4429
f 4016 2119 4399
f 2197 3698 4760
f 2972 5032 6118
f 1448 4134 4247
f 4134 2510 4247
f 3076 2270 5034
f 3561 2025 4862
f 4855 2874 5651
f 2007 3463 4113
f 3888 1911 5627
f 2723 3888 5627
f 2434 3221 5832
f 1342 3537 4133
f 3505 1505 4000
f 3095 2217 5006
f 1569 3095 5006
f 3975 1426 5349
f 3683 2429 5620
f 2320 3245 5158
f 3245 1374 5158
f 3403 102 4121
f 3099 1939 5314
f 2034 3081 4868
f 3470 1588 4318
f 3468 1511 4219
f 2126 3468 4219
f 3336 1803 4798
f 3251 1400 5181
f 2328 3251 5181
f 1686 4325 5427
f 2023 3486 5541
f 3610 2549 5491
f 1852 3610 5491
f 3452 105 5194
f 3230 2085 4587
f 2177 3867 5606
f 3816 1606 4558
f 2338 3816 4558
f 4097 2568 4899
f 1625 4097 4899
f 3105 2128 5327
f 2579 4393 5982
f 2580 4394 5983
f 4325 2892 5427
f 3090 1884 4779
f 2827 3434 5077
f 1316 3134 6151
f 3130 1677 5806
f 3535 2554 5025
f 2904 4765 5680
f 1861 3912 6022
f 2122 3124 4536
f 3783 3593 5520
f 2003 3154 4445
f 3119 1792 4550
f 3313 2356 5189
f 2062 3412 6005
f 2827 5077 5749
f 93 91 4632
f 4226 2684 6000
f 2038 3969 5076
f 3462 3675 6169
f 3192 1917 4372
f 2404 4779 6182
f 3837 2356 5556
f 3226 2573 6087
f 3164 1801 4924
f 3250 2328 5445
f 1702 4156 4189
f 4156 2341 4189
f 2094 3125 4640
f 4193 2416 4754
f 2417 4194 4755
f 2687 3188 5969
f 3189 2688 5968
f 3089 1950 4926
f 3406 2092 4276
f 3727 2498 5345
f 1382 4007 5032
f 3860 1687 5439
f 2631 3860 5439
f 4406 2822 4407
f 2058 4406 4407
f 2910 4026 6165
f 4479 2359 5115
f 3405 3194 6004
f 4255 2082 4275
f 2420 4255 4275
f 4003 2039 4124
f 3145 1890 4507
f 3362 2247 4436
f 3190 2160 4552
f 3458 2392 4267
f 1702 4601 6072
f 1602 3105 5327
f 2689 3506 5003
f 3861 1971 3970
f 1471 3168 5516
f 2517 3384 4651
f 3358 2153 5252
f 3188 1454 4401
f 3285 1466 4334
f 3302 2433 5961
f 3437 1290 5290
f 1507 3338 4661
f 2487 4508 5251
f 1697 4495 5265
f 3257 1904 6185
f 3138 2276 5879
f 4138 3267 5142
f 1328 3796 5564
f 3568 4671 5747
f 1967 3177 4437
f 3776 1473 4461
f 1514 3592 4359
f 3229 1741 4955
f 3857 2375 5070
f 3242 1458 6108
f 2281 3649 4315
f 1732 3102 5213
f 3150 1772 5311
f 2478 3792 4805
f 4701 2719 5218
f 4187 3117 5449
f 4893 4312 5721
f 2679 4407 5385
f 3380 1549 4553
f 2176 3380 4553
f 3124 2320 5158
f 5823 2061 5894
f 1911 3136 5627
f 3469 2206 4839
f 1492 3106 4780
f 2013 3994 4552
f 4372 1917 4493
f 2177 4484 5353
f 3108 1491 4782
f 2622 3164 5807
f 3100 1757 4940
f 1321 3559 5234
f 4529 2495 4989
f 339 3357 4722
f 3358 299 4721
f 3785 1498 3866
f 3102 2184 5213
f 3796 1869 5579
f 2041 4167 5999
f 4302 1591 6148
f 1443 3101 5037
f 1431 3177 4468
f 1510 3722 4454
f 3976 1621 5043
f 2560 3976 5043
f 2730 4387 4919
f 3195 2037 4442
f 1615 3124 4757
f 3518 2080 4047
f 3689 1862 6116
f 3606 3669 5595
f 2654 4476 6054
f 1751 3110 5235
f 3110 2266 5235
f 4356 1691 5465
f 3489 47 4750
f 221 3488 4749
f 2246 3765 4545
f 3241 1914 6065
f 1801 3164 5792
f 2303 4910 5949
f 3795 2076 3870
f 2479 3627 3964
f 3111 1731 5215
f 2770 3637 4739
f 3637 1558 4739
f 3800 1900 3868
f 3801 1901 3869
f 3539 2682 5019
f 2701 3620 5314
f 4063 1549 5847
f 1543 3518 4047
f 1739 3116 4744
f 3808 2302 4122
f 1486 3808 4122
f 2354 3836 4598
f 3836 1874 4598
f 274 3540 5225
f 3541 366 5226
f 4567 2785 5511
f 3531 1388 4941
f 4040 1546 4692
f 1339 3551 4021
f 3127 1449 5499
f 2104 3349 4213
f 1728 5105 5841
f 3299 4303 5736
f 3824 2484 4535
f 2283 3846 4853
f 3457 2818 5108
f 3235 1968 6038
f 3557 1344 4145
f 1589 4011 5138
f 2464 3516 4186
f 2466 4570 5857
f 2515 4159 4543
f 3268 2070 5574
f 3157 2590 6019
f 4316 3012 5395
f 2061 3784 5894
f 3113 1614 4786
f 3117 1648 5399
f 3133 2543 4635
f 2272 3185 4490
f 3299 1343 4303
f 12 9 3847
f 1923 3147 5616
f 1534 3730 5214
f 2672 4279 5031
f 4279 1571 5031
f 1351 3650 5198
f 3372 1319 4841
f 1767 3128 5405
f 3072 4502 5635
f 4501 3071 5634
f 3595 1392 4397
f 2553 5657 6073
f 2276 3138 5203
f 2159 3136 5951
f 3113 2284 5277
f 1614 3113 5277
f 3418 2474 4467
f 3258 1550 4377
f 3156 1885 4570
f 2005 3413 4613
f 3695 2208 4104
f 2935 4269 5563
f 4269 2446 5563
f 3670 2947 5866
f 1820 3171 5777
f 1670 4896 6168
f 1907 3767 3904
f 440 438 5978
f 2708 5737 5763
f 3283 1781 6206
f 2064 3198 5901
f 2221 3918 4180
f 2352 3154 4589
f 1480 3230 4587
f 4637 2566 5421
f 2499 3919 5172
f 2634 3174 4656
f 3323 2709 4694
f 3214 1338 5021
f 2286 3303 4318
f 3977 2221 4530
f 4526 2229 4909
f 173 171 4015
f 3233 2122 4536
f 1374 3233 4536
f 3497 1520 4723
f 3124 2122 4757
f 1664 3302 4327
f 3577 2145 4594
f 3293 1464 4406
f 4351 1478 4399
f 2482 4351 4399
f 2553 3261 4702
f 3637 2841 4288
f 2080 3518 4161
f 217 216 3940
f 54 52 3939
f 2493 4097 6105
f 21 20 4314
f 3330 2136 4480
f 1600 3330 4480
f 2389 3452 5194
f 3575 4514 5820
f 1830 3616 5816
f 4300 2255 4946
f 4920 1709 6079
f 1889 3584 5553
f 4567 1591 5394
f 4834 1653 5992
f 3370 1435 5352
f 3802 1992 3905
f 2758 3285 6197
f 3292 1820 4843
f 3293 1822 4844
f 1821 3294 4845
f 4218 4544 5973
f 4928 2263 5671
f 3612 2342 4870
f 1322 3612 4870
f 1491 3874 4657
f 4893 1334 5659
f 1836 3711 4521
f 3711 2264 4521
f 5642 4063 5847
f 3128 96 4907
f 3641 2923 5868
f 2043 3455 4147
f 3770 2295 4514
f 1863 3770 4514
f 3222 1510 6011
f 1355 3649 5640
f 5476 2398 6186
f 3745 2105 3928
f 3176 1621 5745
f 3938 1572 6009
f 3609 1584 4492
f 3687 4665 6121
f 2853 5768 5907
f 2345 3216 4495
f 4174 2611 5874
f 2610 4173 5875
f 2348 3117 5326
f 3342 2271 4271
f 2186 4272 4475
f 3265 1970 5997
f 1750 3214 5026
f 2344 4558 4748
f 3687 2424 4971
f 1620 3687 4971
f 3187 1923 5786
f 1542 3735 5401
f 3215 1328 5909
f 3703 1869 5557
f 1738 3123 4855
f 1769 3314 4323
f 1385 4386 5636
f 2375 4684 5070
f 3936 3212 4670
f 3412 1519 6005
f 5085 2695 5170
f 1472 3422 5275
f 3454 1467 4167
f 4422 1931 6069
f 2415 3733 3945
f 2666 4051 5652
f 4451 3804 5929
f 1433 4463 5943
f 3618 2353 4731
f 2188 4608 5140
f 2281 4315 4439
f 2086 3943 4806
f 2815 4711 4869
f 4711 2181 4869
f 1476 3275 4422
f 3654 2023 5541
f 3271 2282 4597
f 3733 1320 3945
f 1611 3833 4078
f 3833 2173 4078
f 4184 3507 5207
f 3118 1771 5022
f 3548 2680 5220
f 1531 3819 4050
f 3819 2160 4050
f 3690 1324 4538
f 2261 3690 4538
f 3923 1334 5721
f 4539 2407 4768
f 2015 3897 5863
f 4760 3698 5410
f 3361 1827 4802
f 18 3599 5914
f 3341 2558 6063
f 1548 3341 6063
f 2045 3750 4964
f 2696 4741 5963
f 3954 2090 4796
f 2645 4270 5004
f 4270 1399 5004
f 3278 2262 6122
f 3597 1600 5166
f 3732 1672 4988
f 2504 3912 5222
f 3139 351 5374
f 288 3140 5373
f 3125 2361 6107
f 1410 4092 5834
f 3261 2714 4702
f 4556 2345 5002
f 3461 1625 4899
f 2286 3461 4899
f 3459 1561 4180
f 2038 3682 4915
f 1516 3126 5010
f 1473 4372 5878
f 3193 1459 5763
f 2075 3330 5287
f 3174 1771 5663
f 2216 3522 5646
f 3128 4907 5405
f 1462 3294 4716
f 3863 2386 4290
f 2181 3863 4290
f 3858 1362 5103
f 4907 2323 5405
f 2239 4930 5578
f 2119 3200 4689
f 4511 2177 5606
f 3214 2570 4573
f 3684 2014 3997
f 4245 2750 6188
f 2749 4244 6189
f 3560 1470 4088
f 2433 4409 4990
f 156 3547 4190
f 2671 3611 6068
f 3611 1430 6068
f 3237 2230 5013
f 2084 3622 4037
f 2319 3734 4647
f 3734 1746 4647
f 3283 1646 4580
f 3974 1375 5083
f 1451 3316 4370
f 3253 1469 4511
f 4565 3914 5759
f 3132 2270 5186
f 4547 1637 4605
f 1461 3385 5079
f 139 137 4296
f 2529 4293 4898
f 2036 3924 4266
f 2136 3269 4480
f 2661 4602 6154
f 4603 2660 6155
f 3555 2091 4142
f 1469 4108 4478
f 1390 3175 5619
f 5105 2995 5841
f 2638 4043 5896
f 1857 3708 5974
f 1450 3228 5866
f 4118 1686 4143
f 2278 4118 4143
f 4431 2625 5849
f 2624 4432 5848
f 3345 1477 4339
f 3160 1384 5535
f 3436 2279 6146
f 3678 2244 4523
f 1675 3678 4523
f 3213 2605 6184
f 3276 2629 4472
f 3221 1532 5832
f 3347 2018 4341
f 2092 3286 5312
f 1837 3389 4472
f 1969 3148 4857
f 1803 3155 5560
f 2893 3850 5439
f 3537 2238 4133
f 3147 2300 5616
f 5293 2987 5401
f 3748 3500 5913
f 2356 4390 5556
f 3197 2703 5728
f 1414 3601 5242
f 3487 4156 5446
f 4123 2523 5787
f 2327 3141 5159
f 2223 3619 4489
f 3619 1436 4489
f 4925 1638 5926
f 1914 3273 6032
f 1622 4651 5873
f 1902 3310 4416
f 1728 3957 5798
f 1371 3186 4683
f 5488 3703 5557
f 1316 3143 5135
f 2397 3653 4179
f 1604 3977 4235
f 5089 307 5347
f 2469 4970 5049
f 2986 4321 5551
f 3445 2372 4238
f 4765 1717 5680
f 2105 4010 4931
f 3369 214 5149
f 56 3368 5148
f 3518 1899 4161
f 4088 1470 4833
f 4725 1554 6112
f 2755 4893 5659
f 3913 1546 4040
f 3261 1441 5977
f 1928 3900 4418
f 3204 1777 4656
f 3146 2233 5885
f 1915 3267 5987
f 3267 2503 5987
f 2049 3952 4724
f 1398 3149 5297
f 3306 1539 4448
f 2497 4058 6152
f 4356 2856 5438
f 1691 4356 5438
f 1306 4176 4254
f 4176 2332 4254
f 3231 1965 5827
f 1419 4623 6096
f 1305 3282 4503
f 3159 1389 4830
f 1532 3996 4539
f 3721 1842 5232
f 4660 2492 5943
f 1457 3174 6123
f 3227 2627 5798
f 1433 3157 4865
f 1671 3555 4142
f 2575 4881 5704
f 201 3511 5205
f 3512 67 5204
f 3149 1780 5622
f 1386 3711 5536
f 2032 3236 5534
f 3311 2065 4494
f 1984 3817 3959
f 3818 1985 3960
f 1917 3291 4493
f 3245 2320 4638
f 2291 3623 5878
f 2443 3215 5909
f 4871 2018 5800
f 2136 3330 4557
f 1362 3951 5103
f 3200 1367 4689
f 3975 2049 4724
f 2648 3775 4808
f 2737 4364 5730
f 4228 2455 6091
f 3561 2377 5075
f 2025 3561 5075
f 3212 2284 4670
f 36 3278 4528
f 5096 383 5336
f 5097 231 5337
f 3991 2706 6180
f 3477 1573 4216
f 4754 2416 5625
f 2417 4755 5626
f 4527 2827 6071
f 3150 1574 6043
f 2347 3685 4835
f 3685 1343 4835
f 3628 1575 4984
f 2228 3497 4723
f 3440 2636 4541
f 1772 3300 5311
f 2266 3258 5235
f 3961 2223 4140
f 1573 3961 4140
f 309 3634 5931
f 1914 6032 6065
f 2401 3159 4918
f 2366 3217 4671
f 3163 2395 4901
f 3155 1803 5249
f 2326 4686 5376
f 4686 3047 5376
f 3777 1950 4515
f 3833 2215 5818
f 2637 3902 5554
f 3902 1663 5554
f 4140 2223 4489
f 2413 4140 4489
f 1466 3285 6033
f 3248 1535 5353
f 3360 2354 4389
f 4776 2255 5618
f 3835 1562 4840
f 4395 1637 4547
f 2522 4395 4547
f 3217 1353 5747
f 4347 1923 5616
f 1841 3631 4922
f 1412 4701 5218
f 1443 3522 4641
f 3696 2343 5042
f 3766 4960 6060
f 2497 4855 5651
f 3263 1913 5143
f 2705 3769 6033
f 3966 2754 6050
f 3959 1594 5743
f 2408 3835 4840
f 1587 3617 4342
f 3194 1979 5576
f 1409 3926 4589
f 3926 2352 4589
f 2627 3443 4497
f 3460 1325 5621
f 3847 2096 4470
f 5091 2555 6166
f 3210 2077 5900
f 4300 4946 5724
f 2019 3579 5039
f 4778 3160 5535
f 2357 4778 5535
f 3491 130 5998
f 4035 1313 4151
f 2400 4035 4151
f 3428 2113 5473
f 4910 2887 5949
f 3591 2661 6154
f 1666 3591 6154
f 3590 1667 6155
f 2660 3590 6155
f 1797 3182 5923
f 1566 5153 5390
f 1815 3176 6177
f 5981 2889 6153
f 4206 1310 4557
f 3164 1426 5122
f 1588 3470 4646
f 3470 1844 4649
f 2190 3883 4299
f 3883 2382 4299
f 2383 3882 4298
f 3882 2189 4298
f 4021 2402 5442
f 3170 2235 5229
f 5667 2497 6152
f 3599 2583 5914
f 1516 3667 5506
f 3547 2085 4190
f 2263 3861 3970
f 3282 1973 5975
f 3182 1468 5366
f 2200 3385 4919
f 4886 2240 5755
f 4122 2302 4225
f 2137 4122 4225
f 3304 2055 6059
f 1337 3875 4147
f 3963 2204 4085
f 2171 3963 4085
f 1822 3172 6089
f 3871 2560 5087
f 3030 5165 5685
f 1680 3199 5544
f 3420 1772 4678
f 3173 2472 5231
f 3676 2155 4415
f 1358 3281 4600
f 3195 1668 5445
f 2328 3195 5445
f 2225 3489 4750
f 3488 2224 4749
f 3171 2236 5777
f 3724 2418 4272
f 5389 1346 5468
f 5003 2447 5279
f 3521 2623 6138
f 1424 3521 6138
f 4782 2938 5648
f 3196 1908 5489
f 2520 4217 5044
f 2559 3418 6056
f 3418 1399 6056
f 2147 3248 4752
f 1489 3419 4361
f 3877 2000 3973
f 1547 4807 6097
f 5163 2911 6010
f 3302 1664 5493
f 2376 3302 5493
f 3201 1476 5508
f 1633 3904 5773
f 3522 2216 4641
f 255 253 4460
f 407 405 4459
f 2205 3229 4955
f 2429 4868 5620
f 3901 2228 4566
f 3954 1683 5690
f 2704 3954 5690
f 2120 4160 5490
f 4582 2337 5733
f 3594 1292 4249
f 4407 1659 5385
f 4522 1503 5591
f 3902 2086 5435
f 2100 4567 5511
f 1547 3225 4807
f 2202 3570 5282
f 1958 3382 4439
f 4362 1437 5588
f 2087 3903 6014
f 3217 2366 5566
f 1808 3217 5566
f 1506 3269 5141
f 3357 339 6129
f 299 3358 6130
f 3223 1345 4826
f 1346 3224 4827
f 3247 2618 6020
f 3248 1755 4752
f 3999 1506 5354
f 2617 3999 5354
f 3769 1466 6033
f 3875 2384 4147
f 2261 3263 5143
f 3926 2445 5453
f 3290 2274 4623
f 1370 3237 4783
f 3216 3896 5478
f 4139 2235 4764
f 3216 2345 5517
f 1303 3216 5517
f 1575 3349 5767
f 3430 1797 5923
f 385 3665 5982
f 234 3666 5983
f 3981 2166 4061
f 277 275 4411
f 364 362 4412
f 2106 3805 4310
f 2229 4252 4952
f 3694 2185 4791
f 2039 3204 5428
f 4683 1942 5563
f 2800 3920 5248
f 4211 1546 4658
f 2585 3869 5842
f 4051 1962 5652
f 2182 3247 4790
f 1779 3735 5813
f 3735 2632 5813
f 1980 3753 5876
f 4739 2226 4973
f 3777 2391 4885
f 1442 3777 4885
f 2529 3216 5478
f 3998 1629 4741
f 2438 3998 4741
f 3990 1887 5068
f 1439 3213 4943
f 2448 5019 5266
f 2340 5293 5401
f 2284 3212 5277
f 3212 1614 5277
f 3303 1366 4625
f 275 274 5225
f 366 364 5226
f 3513 2462 5371
f 3195 2328 5181
f 4295 2712 5188
f 1685 4295 5188
f 1854 3332 4548
f 2289 3244 4828
f 3692 1415 4195
f 2654 3692 4195
f 3485 2095 4626
f 2785 3225 5511
f 3229 1371 4889
f 1996 4396 4842
f 3324 1647 4974
f 2231 3324 4974
f 2406 3215 5422
f 2576 3315 6075
f 1357 4737 5700
f 4737 3198 5700
f 2487 3643 4762
f 3199 2249 5932
f 1292 3624 4249
f 2227 3226 5071
f 3486 1958 4315
f 2378 3529 5161
f 3529 1559 5161
f 4551 2798 5098
f 2269 4551 5098
f 1310 3663 4266
f 2261 3305 5995
f 2025 4023 4862
f 1868 3387 5060
f 3387 2277 5060
f 5305 2668 5457
f 4702 2714 5662
f 3687 2635 4976
f 1561 3710 4104
f 4485 1568 5902
f 1470 3254 4833
f 3386 2103 5031
f 2518 4371 4607
f 4371 1312 4607
f 3281 1358 5826
f 4742 2493 6105
f 2117 3659 6151
f 1735 4962 5613
f 3297 1321 5234
f 3803 2470 5538
f 2692 3292 5905
f 2694 3293 5906
f 3294 2691 5903
f 3295 2693 5904
f 3357 2154 4722
f 2153 3358 4721
f 1864 3771 5893
f 3770 1863 5892
f 4033 5783 5825
f 3306 2134 5676
f 3219 1289 5027
f 3774 1874 4597
f 2282 3774 4597
f 1477 3345 4951
f 3345 2768 6199
f 2399 3222 5358
f 2709 3323 6070
f 2762 3967 5855
f 3967 1348 5855
f 3596 1805 4464
f 1477 3820 4339
f 3368 2293 5148
f 2294 3369 5149
f 2432 3692 5391
f 1434 3247 5545
f 3689 4257 6196
f 2209 3454 5851
f 3219 2282 5295
f 1865 3219 5295
f 3529 2378 4388
f 1788 3529 4388
f 2963 3311 6012
f 2862 4920 6079
f 2143 3253 5606
f 4627 2034 4868
f 3999 2617 5230
f 4254 2332 4747
f 3887 2063 4017
f 5230 2617 5714
f 3236 2258 4968
f 2770 4739 4973
f 3978 2753 5828
f 1350 3978 5828
f 4611 2938 5473
f 2369 3427 5313
f 3427 1682 5313
f 1343 3685 4958
f 3969 2437 4703
f 3448 2095 5197
f 3652 3383 5184
f 2508 3533 5673
f 3533 1802 5673
f 3257 1456 4873
f 3422 1472 5716
f 3880 2272 4490
f 1487 3880 4490
f 3671 1655 4171
f 3808 4685 6039
f 2114 3607 4286
f 1508 3471 4392
f 3471 2121 4392
f 4308 1722 5651
f 2874 4308 5651
f 1728 4497 5105
f 4497 2753 5105
f 4092 1410 5537
f 3240 1893 5436
f 4002 2195 4078
f 2173 4002 4078
f 2274 3290 5822
f 1819 4164 5571
f 2429 3297 4742
f 2314 3898 5088
f 1534 3803 5323
f 3803 2522 5323
f 4033 1563 5783
f 4531 1547 6097
f 332 330 4474
f 2985 4485 5902
f 3238 1993 5364
f 2113 4611 5473
f 3883 2190 6085
f 2189 3882 6086
f 4319 164 5515
f 1774 3233 5572
f 1629 3998 4838
f 3998 2813 4838
f 311 309 5931
f 1981 3915 4028
f 4168 1635 5871
f 4169 2124 5870
f 3600 1576 4258
f 3716 2439 4598
f 4144 2045 4964
f 4429 2406 5422
f 306 303 4045
f 336 333 4046
f 4307 2474 4546
f 2180 4307 4546
f 2441 4089 4993
f 1668 3250 5445
f 3549 1808 5566
f 4538 2541 6190
f 2473 5457 5793
f 2457 3260 4929
f 4617 2246 5784
f 2123 4038 4704
f 4039 2124 4705
f 2533 4507 6041
f 3914 2007 4113
f 3245 1862 5321
f 3366 2313 5883
f 4010 2105 5398
f 3254 2144 5527
f 1345 5456 5467
f 3315 2132 5094
f 4302 3020 6083
f 1336 3243 5472
f 3980 2593 5724
f 2302 3621 4230
f 3691 2911 5163
f 1705 3831 5003
f 3831 2447 5003
f 3244 2289 5370
f 4875 267 5935
f 371 4874 5936
f 3258 1751 5235
f 3915 2486 4028
f 3500 2843 5528
f 4598 2439 4720
f 1571 3966 6050
f 166 164 4319
f 2905 4818 5681
f 3250 2413 5523
f 2684 3990 5068
f 3365 2280 4811
f 426 3365 4811
f 3286 1794 5730
f 3607 2438 5272
f 1392 3607 5272
f 1834 3460 4441
f 4270 2979 6056
f 3355 1818 4619
f 1382 3323 4694
f 2224 3488 4672
f 3489 2225 4673
f 2526 4103 4883
f 4103 1811 4883
f 1810 4102 4882
f 4102 2527 4882
f 5348 2687 5969
f 2688 5347 5968
f 4243 2182 4790
f 2271 4636 4718
f 4636 2633 4718
f 4283 2039 5428
f 2764 4283 5428
f 2265 3919 4452
f 3919 1607 4452
f 3488 220 5486
f 2513 3488 5486
f 3489 2514 5485
f 50 3489 5485
f 2570 3592 5919
f 3592 1514 5919
f 3399 2480 4564
f 3629 2507 5100
f 3367 1525 6029
f 3983 1496 6179
f 2861 3983 6179
f 1321 3297 5756
f 3297 2429 5756
f 2259 3741 4612
f 2085 3547 4326
f 2360 4018 4878
f 4119 2279 4120
f 2109 4119 4120
f 3309 1971 5910
f 4052 2496 4199
f 4117 2108 4118
f 2278 4117 4118
f 2277 4115 4116
f 4115 2107 4116
f 4652 2473 5793
f 2254 4588 4969
f 3648 1520 5357
f 4020 2765 4746
f 4059 2073 5674
f 1554 5257 6112
f 2887 4134 5949
f 4625 1366 5406
f 4740 2313 5318
f 2980 4740 5318
f 4124 2702 5678
f 266 264 4615
f 376 374 4614
f 1745 3360 6161
f 5339 2692 5905
f 5338 2694 5906
f 2691 5336 5903
f 2693 5337 5904
f 3635 1835 4280
f 2134 3635 4280
f 1532 3928 4931
f 3797 6077 6210
f 3301 1912 4847
f 3889 1492 4505
f 444 441 4073
f 3087 4227 5715
f 2652 3669 5022
f 4175 3082 5750
f 1614 3263 6190
f 2404 3791 4779
f 3352 438 4809
f 3267 1302 5142
f 3743 2567 4496
f 4631 1356 5815
f 3144 4631 5815
f 1867 3702 4606
f 2618 4026 5397
f 4026 1754 5397
f 3565 2075 5287
f 2790 3376 6201
f 2778 3937 4996
f 3746 2903 4649
f 5165 1779 5685
f 2208 4067 4235
f 415 3548 4706
f 3354 2226 4669
f 1824 4126 5646
f 4126 2752 5646
f 2050 3370 5352
f 3559 1777 4414
f 2139 3559 4414
f 180 3374 4643
f 3743 1975 5655
f 2567 3743 5655
f 2002 3629 5100
f 2244 3678 6078
f 3733 2415 5068
f 1887 3733 5068
f 3607 1392 4286
f 1491 3428 5473
f 3415 2442 5622
f 1780 3415 5622
f 2135 4159 4990
f 2793 5153 5888
f 3167 3815 5786
f 3660 1511 4246
f 1467 3396 5701
f 3396 2456 5701
f 3269 2136 5141
f 387 385 5982
f 235 234 5983
f 4281 1996 4842
f 3269 2050 5166
f 1933 3288 4963
f 2197 4782 5648
f 1492 3451 4505
f 3276 1493 5487
f 3467 1486 4520
f 2891 3672 5364
f 1344 3344 6040
f 2493 3297 5661
f 2282 3271 5295
f 3271 1865 5295
f 3303 1844 6090
f 5270 2644 5790
f 2516 3952 4830
f 2116 3342 6023
f 1847 3278 6122
f 2409 4166 5027
f 102 100 4121
f 3865 1536 4109
f 2886 4382 5990
f 3998 2438 5069
f 3300 1772 4934
f 4417 2800 4765
f 3354 1615 4973
f 2226 3354 4973
f 2464 4077 5012
f 1424 3708 4578
f 3708 2232 4578
f 1792 3598 4550
f 3598 2414 4550
f 2161 3397 4614
f 3398 2162 4615
f 4179 2971 6149
f 1299 4179 6149
f 3663 1310 4942
f 4370 1963 5585
f 3630 2506 5601
f 2507 3629 5602
f 158 156 4190
f 4168 2123 4704
f 2124 4169 4705
f 2668 5592 5884
f 3384 2450 4651
f 3534 1936 4397
f 198 196 4098
f 73 71 4099
f 4533 3833 5818
f 1349 3394 5495
f 3306 2024 5766
f 3361 1527 6082
f 2365 4114 4506
f 4114 1557 4506
f 3589 1793 4498
f 2411 3589 4498
f 2390 4082 5150
f 4082 2802 5150
f 3317 1411 5723
f 1417 4242 6031
f 4063 2535 4553
f 2156 3359 6062
f 3359 1548 6063
f 2144 3865 4109
f 1343 3299 5587
f 3381 1381 6167
f 2791 4582 5733
f 4369 2520 6150
f 2252 3525 4850
f 3525 356 4850
f 3526 2253 4849
f 284 3526 4849
f 4210 2385 4561
f 3410 2504 5222
f 419 3410 5222
f 4163 1608 4554
f 1531 3726 4994
f 3726 2375 4994
f 1558 3637 4288
f 4311 1289 4792
f 2535 4311 4792
f 2243 4216 5067
f 3441 2468 5826
f 1509 4527 6071
f 2407 3344 4768
f 4930 2830 5578
f 3707 2217 5887
f 2491 3430 5923
f 2201 3548 5220
f 3623 2099 4461
f 3629 346 5602
f 294 3630 5601
f 4434 2469 4435
f 2129 4434 4435
f 2305 3675 4260
f 1799 3764 5482
f 3764 2531 5482
f 3286 1500 5312
f 1539 3306 5676
f 1360 3673 4285
f 3878 2142 4226
f 2165 3981 4061
f 2246 4545 5784
f 3766 1608 5483
f 2531 3766 5483
f 2055 4203 6059
f 3828 1982 4513
f 382 380 4128
f 230 227 4129
f 259 258 4130
f 411 409 4131
f 42 39 4132
f 4264 1312 5448
f 3331 1322 4870
f 1922 3510 4467
f 2595 3782 5742
f 3782 1624 5742
f 4345 2495 4641
f 2216 4345 4641
f 1609 4209 4616
f 3900 2210 4418
f 3290 1605 5822
f 2520 5797 6150
f 4694 2436 5817
f 1572 3364 6009
f 3984 3084 5120
f 3989 2543 4872
f 1640 3989 4872
f 3485 1836 4521
f 2176 3317 5723
f 2333 3352 4809
f 3799 2215 4188
f 1536 3300 5494
f 3417 1994 4658
f 3300 2098 5311
f 2321 3914 4113
f 1421 4443 5164
f 4443 3005 5164
f 2268 4529 4989
f 3569 1528 4682
f 2134 4280 4675
f 2152 3778 4715
f 5077 1770 5749
f 2158 4328 6193
f 4329 2158 6021
f 3324 2231 4949
f 4228 2246 4617
f 2455 4228 4617
f 1288 3314 5668
f 1600 3597 4921
f 3597 2275 4921
f 5395 2581 6203
f 5244 2631 5869
f 3451 1492 5136
f 4941 1388 5976
f 4237 2571 5513
f 3673 2132 4285
f 4017 2647 5427
f 3366 1313 5318
f 2313 3366 5318
f 4100 2175 4165
f 2230 4100 4165
f 3352 2333 5425
f 1788 3352 5425
f 3302 2376 5233
f 2433 3302 5754
f 4669 1355 5640
f 3849 3313 5189
f 1685 4115 4295
f 4115 2277 4295
f 4016 4399 5980
f 4357 2142 4386
f 2404 4357 4386
f 1601 4645 5150
f 1641 4149 4906
f 2272 4185 4978
f 3842 3037 4841
f 1883 3328 4956
f 1833 3305 5119
f 3428 1491 4657
f 2192 3324 5052
f 203 201 5205
f 67 65 5204
f 3725 1855 5650
f 3530 1606 4471
f 4586 2653 5554
f 3379 2166 5007
f 4444 2366 4671
f 1567 3589 5330
f 3589 2411 5330
f 3305 1833 5995
f 114 111 4160
f 3517 1882 4876
f 2439 3420 4678
f 4398 2482 4399
f 2119 4398 4399
f 2992 3605 5214
f 4380 3157 6019
f 5320 2158 6193
f 3797 1898 6077
f 1488 3579 4428
f 2675 4522 5591
f 4180 1561 4530
f 4088 4833 6036
f 2424 3510 4971
f 2343 4584 5285
f 4584 2834 5285
f 1413 3818 4945
f 3818 2380 4945
f 3380 1825 4804
f 3044 4875 5935
f 4874 3043 5936
f 1306 3309 5116
f 4470 2096 6199
f 281 279 4173
f 359 357 4174
f 4650 2219 5637
f 2453 3311 5532
f 2241 3535 5025
f 2250 3309 5910
f 4644 2285 4703
f 4475 1570 5255
f 2234 4934 6036
f 1789 3744 6195
f 2015 3308 5379
f 3435 2198 4665
f 2052 3372 4841
f 2325 3881 4737
f 4896 2671 6168
f 2815 4869 4938
f 4869 1670 4938
f 3407 1650 6144
f 3313 1852 5491
f 1855 3758 5650
f 4095 1859 5715
f 3586 2116 5137
f 4143 1686 5427
f 2647 4143 5427
f 2126 4219 4220
f 4219 2336 4220
f 2018 3347 5816
f 14 12 4470
f 1959 3312 5163
f 3320 2249 6156
f 1839 3326 5623
f 2757 6009 6039
f 1315 4037 4263
f 3570 2728 5282
f 1319 3842 4841
f 1325 3740 5856
f 3648 4469 5639
f 3552 1469 4478
f 1358 3724 4272
f 1619 4398 5799
f 1533 3815 4207
f 1844 3746 4649
f 3119 4550 5679
f 2116 3586 5748
f 1625 3461 4627
f 4361 2043 5115
f 1480 3888 4681
f 342 339 4722
f 299 297 4721
f 1394 5086 5922
f 3422 2172 5275
f 2735 3715 5559
f 1320 3400 6095
f 4952 4252 5539
f 3142 3753 5928
f 5530 1541 5811
f 4902 2394 5619
f 3175 4902 5619
f 2506 3655 5601
f 3655 295 5601
f 3656 2507 5602
f 344 3656 5602
f 2133 3823 4508
f 1648 3339 5399
f 3339 2321 5399
f 3553 2418 5775
f 3713 2021 4401
f 3317 1761 5202
f 1411 3317 5203
f 1527 3712 6058
f 3747 1360 4285
f 130 128 5998
f 2329 3503 4571
f 1470 3560 4487
f 1578 4238 5170
f 1375 3709 4524
f 3709 2209 4524
f 2372 5085 5170
f 2084 4037 4745
f 4783 2396 4936
f 3492 2032 5534
f 2175 3958 4165
f 3958 1605 4165
f 2959 4777 5343
f 4777 1568 5343
f 3515 2338 4558
f 3618 2136 4557
f 5669 1687 5956
f 4696 1329 5167
f 4970 1602 5327
f 3066 4970 5327
f 3608 2427 4679
f 4818 1718 5681
f 1856 3619 5110
f 3349 2104 5767
f 4700 1413 4945
f 2720 4700 4945
f 3622 1564 5768
f 3885 2324 4631
f 1506 5141 5354
f 4064 2084 4745
f 1772 3420 6180
f 2321 3339 5064
f 2193 3520 4654
f 3519 2194 4655
f 3795 1541 5530
f 4424 2501 4704
f 2502 4425 4705
f 2445 3596 4464
f 3344 2407 6040
f 3330 1600 5287
f 3470 2083 4646
f 4202 3576 5501
f 3869 1628 5842
f 2083 3470 4649
f 2005 4034 5697
f 1836 3485 4626
f 2504 3410 4836
f 2091 3555 4810
f 2895 5536 5561
f 3475 2006 4645
f 3744 1595 5509
f 2512 3744 5509
f 1422 3362 4998
f 130 3491 5011
f 2481 4281 4842
f 3897 3232 5863
f 1922 3338 5117
f 3717 2128 4726
f 1366 4481 5406
f 3844 1538 4232
f 1856 5110 5726
f 5090 2436 5154
f 2291 3538 4556
f 3633 1529 4499
f 2319 3383 5412
f 4981 1930 5853
f 3461 2286 4937
f 2440 5111 5175
f 4174 2123 5871
f 1798 3335 5191
f 2182 4243 4733
f 3830 1365 4248
f 2190 4629 6085
f 4630 2189 6086
f 3338 2199 6080
f 125 123 4215
f 4006 1639 6021
f 4026 2910 6186
f 4362 1839 5623
f 2828 4362 5623
f 2777 4953 6206
f 2928 3405 6004
f 1486 3467 4685
f 2172 3422 5736
f 2541 4892 5072
f 2442 3415 4848
f 2046 3584 4512
f 1314 5007 5284
f 2195 4002 5552
f 2233 3361 6082
f 25 23 5121
f 5474 2524 5951
f 4396 2480 4842
f 1744 4987 6194
f 3598 1566 5390
f 2414 3598 5390
f 2561 3508 6172
f 3508 1829 6172
f 1337 4734 5543
f 4181 3189 5968
f 3623 4461 5878
f 1333 3761 4908
f 2139 4105 5196
f 3896 1934 5478
f 4004 2682 5362
f 3384 2517 5897
f 1314 3379 5007
f 1517 4105 4158
f 3358 2643 6130
f 1539 3878 4226
f 3373 1489 5760
f 2642 4585 5315
f 2648 4319 5515
f 2237 3367 6029
f 1402 4289 5305
f 4289 2668 5305
f 1544 4424 4704
f 4425 1545 4705
f 2129 3791 4852
f 1509 3583 4527
f 3568 2131 5750
f 1315 3434 4810
f 2460 5536 5758
f 3692 2432 5258
f 1415 3692 5258
f 3210 4981 5853
f 3992 1444 5970
f 86 84 4244
f 186 184 4245
f 4315 1958 4439
f 3500 1447 5913
f 4667 3130 5886
f 2786 4423 5823
f 2185 3856 4771
f 4382 2710 5990
f 3431 2040 6139
f 2342 3612 4492
f 3657 1826 4620
f 3718 1724 4363
f 3671 2061 4423
f 2172 4303 4958
f 350 348 4858
f 292 290 4859
f 2736 4302 6083
f 3370 1854 5677
f 2369 3658 5135
f 3658 1316 5135
f 1335 3980 5724
f 1365 3830 4297
f 1436 3619 5644
f 1515 3415 4909
f 1329 3388 5167
f 3364 2151 5350
f 4283 1596 5176
f 4330 2621 4594
f 2099 3776 4461
f 1319 3372 5688
f 2292 3353 5609
f 2024 4933 5766
f 2016 3354 5640
f 3659 1316 6151
f 2216 3930 4345
f 3930 1587 4345
f 1520 3931 5357
f 1802 3371 5673
f 4331 3195 5181
f 1575 4218 4984
f 2380 3960 5441
f 3959 2379 5440
f 2214 4246 4880
f 2105 3745 5101
f 2354 3360 5247
f 1533 4207 5251
f 2056 4332 4333
f 4332 2787 4333
f 4334 2789 4335
f 2057 4334 4335
f 4336 2060 4337
f 2788 4336 4337
f 5203 3138 6034
f 3750 2045 4821
f 2298 3750 4821
f 5043 2426 5087
f 38 36 4528
f 190 3519 4655
f 3520 79 4654
f 2955 3400 5881
f 1619 3879 5200
f 3879 2478 5200
f 2385 4772 5514
f 4772 3024 5514
f 2773 4933 5102
f 1553 4034 4767
f 1756 3441 4972
f 3385 1461 5761
f 3385 2200 5079
f 3675 1949 6169
f 67 3512 5611
f 3511 201 5610
f 4368 2388 4410
f 1308 4368 4410
f 1645 3375 5597
f 3805 1374 4310
f 3386 1925 5065
f 1559 4182 5791
f 2552 4692 5183
f 2295 3770 4799
f 3770 1427 4799
f 1428 3771 4800
f 3771 2296 4800
f 3983 2861 5188
f 1616 4041 4686
f 4042 1617 4687
f 3383 1295 5412
f 3753 4795 5876
f 3798 2210 5066
f 107 3452 4832
f 1775 3391 5053
f 3392 1776 5054
f 1643 4702 5662
f 4983 1710 5127
f 2943 4983 5127
f 182 180 4643
f 1432 3993 4383
f 5734 2385 5860
f 2140 3633 4499
f 2239 3944 4930
f 4090 1910 6101
f 1642 5245 5941
f 3391 1544 5502
f 1545 3392 5503
f 1829 3373 6172
f 2688 5089 5347
f 2334 3407 5040
f 1600 4480 5166
f 1706 3376 5254
f 4229 2613 5545
f 4233 3135 5583
f 2153 4162 5252
f 2499 3849 6126
f 1622 4093 5023
f 2329 3376 5492
f 3376 1706 5492
f 110 107 4832
f 4154 2676 4181
f 4944 1720 5365
f 1637 4229 4605
f 1493 4575 5487
f 3383 1782 5184
f 2656 3990 4822
f 3990 1592 4822
f 3585 1526 4592
f 1507 3661 4483
f 1787 3379 5693
f 1623 3758 4778
f 1897 3419 5033
f 1454 3876 5864
f 2944 3946 5099
f 1826 3564 4620
f 1510 3704 6011
f 5061 3117 5399
f 2321 5061 5399
f 1627 3800 5843
f 3800 2584 5843
f 4402 1743 4775
f 2523 4402 4775
f 4393 2579 5009
f 2167 4393 5009
f 2387 4547 4605
f 3825 2520 5044
f 2573 3964 6087
f 4054 2374 4452
f 1607 4054 4452
f 2106 3928 6047
f 1703 3469 4839
f 1310 3618 4557
f 2691 5096 5336
f 2693 5097 5337
f 1651 4208 5270
f 4976 2635 5780
f 2835 3613 5518
f 2310 4162 4209
f 2309 4163 4208
f 4239 2103 5725
f 4221 1658 5384
f 1659 4223 5385
f 3719 2083 5304
f 2278 3388 6204
f 4136 2653 4586
f 2650 3614 4596
f 4590 1643 5421
f 3387 1327 5241
f 3924 2353 4266
f 2410 3407 6144
f 2427 3395 5819
f 3396 2466 5212
f 4292 2366 4444
f 1460 4292 4444
f 445 444 4957
f 3395 2427 5589
f 46 3647 4750
f 3646 224 4749
f 1580 3728 4436
f 3441 2186 4972
f 5604 2758 6197
f 1706 3390 5492
f 3390 2329 5492
f 4105 2276 4158
f 1825 3685 4804
f 3685 2347 4804
f 3442 2010 6046
f 3514 2152 4751
f 2677 3397 5384
f 3398 2679 5385
f 3722 2068 4454
f 2623 3521 4834
f 3626 2837 5091
f 1411 3481 5723
f 3675 2305 4996
f 1949 3675 4996
f 2185 4304 4791
f 2435 5209 5331
f 2032 3432 6006
f 2623 4560 6138
f 2301 4487 4565
f 3447 1612 4965
f 1860 4247 6187
f 2403 4491 5658
f 3632 2140 5991
f 1363 3420 5814
f 3420 2439 5814
f 1898 3797 5056
f 2026 4246 5583
f 3655 2153 4721
f 2154 3656 4722
f 4590 2553 4702
f 1643 4590 4702
f 2103 4308 5725
f 2582 4030 5497
f 4030 1406 5497
f 3548 2201 4706
f 1651 3713 5647
f 3713 2509 5647
f 5327 2128 5929
f 4674 2844 5312
f 1500 4674 5312
f 4759 1504 5862
f 1484 4052 4199
f 3060 3462 6169
f 1606 3530 4748
f 1534 3605 5471
f 2689 3985 5367
f 3656 2154 4554
f 2661 3591 5921
f 3590 2660 5920
f 3915 1697 5265
f 2486 3915 5265
f 2741 5325 5484
f 3434 2471 5077
f 3487 1911 5402
f 2341 3487 5402
f 2507 3656 4554
f 4349 2425 4690
f 2910 4695 5476
f 4695 1746 5476
f 3764 1799 5085
f 2372 3764 5085
f 418 415 4706
f 3593 2664 5520
f 3422 1831 5736
f 2160 3819 4552
f 4499 1529 4801
f 2474 3418 5964
f 2719 6008 6131
f 2751 5587 5738
f 1616 4222 5788
f 4224 1617 5789
f 4933 1708 5102
f 1387 3492 5534
f 2218 3435 6114
f 4092 2586 5834
f 2153 3655 4616
f 2381 3456 5000
f 4278 2195 5552
f 4227 2569 5715
f 2897 3916 4391
f 3916 1586 4391
f 1525 3780 6029
f 1702 4189 5794
f 1577 3757 5326
f 162 3736 5515
f 3433 2698 5810
f 2376 3973 5233
f 3928 1532 6047
f 2427 3696 5589
f 5257 3037 6112
f 2558 4125 4458
f 3426 1339 5687
f 1408 3445 5088
f 1332 3487 5446
f 4229 1637 5333
f 2613 4229 5333
f 4327 3302 5961
f 3749 2271 5958
f 3424 1947 5341
f 1948 3425 5342
f 2206 4540 4839
f 3600 3036 5718
f 2183 3911 4344
f 3911 1560 4344
f 307 306 5347
f 333 332 5348
f 2452 3662 5792
f 1348 3440 5855
f 5141 2873 5354
f 3877 1407 4819
f 3427 2369 5414
f 4134 1448 5949
f 2501 4424 5341
f 4425 2502 5342
f 5091 2837 6178
f 2555 4895 6166
f 1959 5163 6010
f 3426 1884 5345
f 2022 4154 4181
f 383 382 5336
f 231 230 5337
f 258 255 5338
f 409 407 5339
f 3527 141 4846
f 2334 3483 5413
f 3483 1967 5413
f 2155 3813 4781
f 3577 4594 5996
f 2163 3642 4851
f 3438 1613 5175
f 4987 3008 6194
f 3515 2344 4871
f 2322 3426 5687
f 3424 1345 5467
f 1346 3425 5468
f 4582 1610 5210
f 2044 4052 5810
f 123 122 5324
f 3456 2381 6001
f 2335 3527 4846
f 3433 2575 5704
f 2505 3878 4940
f 4243 4790 5780
f 21 4314 4829
f 1871 3436 6146
f 4067 2205 4235
f 2179 3431 5407
f 4059 1311 5953
f 448 3856 5193
f 2906 4856 5720
f 4154 1652 5691
f 2676 4154 5691
f 3953 3185 4978
f 3682 2038 4575
f 5254 2403 5658
f 1411 5203 6034
f 3443 1350 5828
f 2931 4068 5396
f 1562 3861 4928
f 1339 4021 5687
f 111 110 5490
f 4934 1772 6180
f 3432 2178 5375
f 1612 3447 5154
f 1844 3470 6090
f 4110 1489 4361
f 2359 4110 4361
f 2026 3437 5290
f 16 14 5656
f 2620 3760 5246
f 2 448 5193
f 1487 4490 4795
f 3900 1323 4462
f 2210 3900 4462
f 1835 3543 5609
f 4919 3385 5712
f 2959 4403 5846
f 3655 2506 4616
f 39 38 5604
f 4400 2668 5884
f 4189 2341 4201
f 4423 2061 5823
f 1748 3457 5108
f 1780 3477 6111
f 2565 3917 4418
f 2647 4696 5167
f 1330 3436 5368
f 2623 4834 5992
f 151 149 4405
f 3445 1804 5939
f 2233 4713 6174
f 1394 3920 5086
f 3751 2143 5456
f 269 267 4875
f 371 369 4874
f 4441 2410 4950
f 2722 3966 4923
f 3491 2386 5011
f 1327 3448 5197
f 4409 1593 5819
f 297 3655 4721
f 3656 342 4722
f 2149 4031 5575
f 3439 1932 5608
f 2346 4138 5142
f 3790 2173 4533
f 4371 2188 5448
f 184 182 5654
f 2199 4483 4535
f 339 337 6129
f 301 299 6130
f 4605 2182 4733
f 4652 2550 4684
f 1646 4652 4684
f 2608 4928 5671
f 3462 1850 5946
f 2517 4499 4801
f 3445 1408 5709
f 2337 4253 4379
f 4253 1671 4379
f 3611 2671 4896
f 2310 4585 5029
f 4585 2642 5029
f 3740 2207 5577
f 3400 3733 5881
f 1400 4331 5181
f 3533 2508 4897
f 1528 3886 4682
f 3562 1653 4834
f 1904 3842 6185
f 4163 2154 4208
f 4162 2153 4209
f 2372 3445 5709
f 2208 3977 4530
f 3779 1820 5777
f 2209 3862 4766
f 4352 2384 4523
f 2144 3752 5389
f 88 86 5962
f 1686 4118 5665
f 4120 1687 5669
f 1530 3927 5631
f 4036 2535 4792
f 3798 1518 4579
f 2210 3798 4579
f 1689 3561 4862
f 3634 309 5089
f 3615 1362 5741
f 2310 4209 4585
f 3497 2228 5243
f 2141 4189 4201
f 3570 2202 4866
f 3506 1705 5003
f 1563 3932 4384
f 3932 2191 4384
f 2040 3531 4941
f 2391 3777 4515
f 2798 4551 5104
f 3704 1510 4599
f 2191 3492 5300
f 4410 2199 5298
f 120 117 4866
f 4828 1416 6064
f 4141 2695 5085
f 1670 3553 4896
f 3943 2086 4380
f 2173 3833 4533
f 3936 3034 5455
f 4566 2228 4723
f 2530 4566 4723
f 2131 3475 5972
f 4037 1315 4745
f 2244 4352 4523
f 3459 1954 5735
f 4371 2518 4608
f 3726 2117 4580
f 1573 3477 5147
f 3854 2194 4860
f 2193 3855 4861
f 117 3570 4866
f 1874 3716 4598
f 3494 2017 6067
f 4053 1552 5785
f 2326 4221 4222
f 4221 2161 4222
f 2162 4223 4224
f 4223 2327 4224
f 4609 1326 5702
f 2536 4606 5872
f 4606 3009 5872
f 3476 1779 5165
f 3498 1975 5746
f 3952 1618 4724
f 1987 3456 6001
f 4307 1507 4661
f 2354 4598 4720
f 4413 2202 5282
f 3457 2318 5419
f 3917 1928 4418
f 12 3847 4470
f 3931 3137 5357
f 2236 4708 6104
f 2237 4707 6103
f 2555 5091 6178
f 4003 4124 6034
f 3856 448 5979
f 1522 3610 4776
f 2713 5835 5861
f 3533 1521 4969
f 5350 2534 5672
f 2525 3980 5416
f 3980 1335 5416
f 3823 1533 4508
f 4342 2755 5659
f 2268 4342 5659
f 2054 4030 4316
f 3942 1630 4902
f 3894 2536 5702
f 249 247 6103
f 401 399 6104
f 1548 3790 4533
f 2536 3464 5702
f 326 324 6174
f 4152 1588 4646
f 2549 3610 4798
f 3514 2326 5376
f 1376 3514 5376
f 448 445 5979
f 1982 3468 5359
f 2644 5270 6129
f 5809 2519 5858
f 2927 4759 5862
f 4236 2133 4508
f 3484 2289 5940
f 2089 3795 5530
f 3471 1986 5319
f 2571 4153 5280
f 3482 1705 5924
f 1899 3518 5182
f 2132 3673 5094
f 3469 2448 5543
f 3511 1793 5590
f 2382 3511 5590
f 1310 4206 4942
f 2118 4262 4263
f 4262 2471 4263
f 3665 385 5096
f 3666 234 5097
f 3493 1783 5928
f 2274 3482 5924
f 2270 3680 5186
f 3899 2317 5281
f 4044 2384 4352
f 3506 2689 6096
f 3974 2741 5335
f 2224 3646 4749
f 3647 2225 4750
f 2033 3991 5580
f 4064 1610 6051
f 5123 2589 6091
f 3993 2311 4383
f 1342 3479 5809
f 2509 3713 5864
f 1667 3590 5994
f 3591 1666 5993
f 1703 3484 5940
f 3643 2451 4762
f 3473 2472 5460
f 1335 4946 5172
f 4753 2244 6078
f 1955 3824 4535
f 5270 3357 6129
f 3984 2312 4807
f 1966 3572 4936
f 2166 3638 5007
f 1836 3567 5758
f 3567 2460 5758
f 3963 1682 5558
f 1703 3539 5019
f 1792 3512 5596
f 3512 2383 5596
f 3508 4695 5692
f 1888 3474 5528
f 351 350 5374
f 290 288 5373
f 3640 1540 4789
f 5086 2917 5922
f 2326 3514 5387
f 3819 2013 4552
f 4672 2513 5944
f 4181 2676 5894
f 2551 3498 5960
f 3491 1801 5770
f 1631 4001 4901
f 1825 3481 5678
f 1663 4586 5554
f 1512 3495 5863
f 3632 1317 4812
f 1556 4044 4352
f 5093 2367 5134
f 4379 2219 4421
f 2337 4379 4421
f 2569 4095 5715
f 4798 1803 5560
f 1641 4906 5418
f 4441 3460 5621
f 1911 3487 5474
f 5081 2364 5300
f 4764 2662 5118
f 3507 1834 5207
f 2386 3491 5770
f 3486 1355 5541
f 2417 5626 5635
f 5625 2416 5634
f 2254 4969 5731
f 2366 3549 5566
f 3583 2393 5346
f 1599 3513 5179
f 3999 2443 4548
f 2782 4405 6053
f 3493 2776 5516
f 3642 2163 4817
f 3516 1751 6048
f 96 93 4907
f 3511 2382 5205
f 2383 3512 5204
f 4856 1713 5720
f 3506 2274 5924
f 3535 148 5124
f 1935 3843 5607
f 3962 120 4866
f 4104 2208 4530
f 4628 1472 5275
f 4027 2344 4748
f 2004 3710 5617
f 4074 2518 6139
f 348 3629 4858
f 3630 292 4859
f 4740 2980 6081
f 47 46 4750
f 224 221 4749
f 1680 3981 5114
f 1695 3750 5477
f 1326 3894 5702
f 1705 3506 5924
f 3902 2637 4865
f 3958 2175 4455
f 2514 4673 6045
f 3339 4360 5064
f 2391 4515 5191
f 2072 4431 5849
f 4432 2071 5848
f 3035 5734 5860
f 3454 4167 5851
f 2022 4181 5968
f 3642 1384 4851
f 3066 5327 5929
f 2554 3535 5124
f 4061 1515 6057
f 2220 4177 4628
f 3605 1815 5925
f 1751 3516 5984
f 4328 2158 4329
f 2423 4328 4329
f 3939 52 5485
f 2514 3939 5485
f 3940 2513 5486
f 217 3940 5486
f 1410 3564 6003
f 4034 1553 5697
f 3386 5031 6050
f 5031 1571 6050
f 5806 2425 5886
f 5536 2460 5561
f 4979 1616 5788
f 1617 4980 5789
f 1842 3521 5989
f 3855 2193 4654
f 2194 3854 4655
f 3697 2196 4900
f 4250 2810 5028
f 2185 3694 5193
f 2668 4400 5457
f 1604 3503 5729
f 3503 2329 5729
f 4045 303 5684
f 336 4046 5683
f 4305 2185 4771
f 3803 1534 5471
f 1353 3717 4726
f 167 166 4729
f 1724 3955 5078
f 2445 4464 5452
f 3580 1934 5074
f 2139 5196 5661
f 2826 3504 5716
f 3962 2202 4914
f 3853 2187 4801
f 4690 1677 6053
f 4289 3561 5592
f 1562 3835 6093
f 1606 3816 4638
f 4788 1560 5751
f 3591 3909 5921
f 3910 3590 5920
f 4209 1609 4585
f 1559 3529 5955
f 3540 274 6135
f 366 3541 6134
f 4019 2245 4549
f 1564 4019 4549
f 4079 2885 5833
f 1874 3836 4597
f 3631 2374 4922
f 1498 3873 5244
f 1760 3689 6196
f 1441 3644 5052
f 4113 1577 5061
f 4625 2275 4890
f 4477 2158 5320
f 2665 4477 5320
f 5110 2847 5726
f 2579 3604 5009
f 3835 2609 6093
f 3580 1596 5409
f 4558 1606 4748
f 1990 4101 4993
f 4101 2441 4993
f 1426 3975 5174
f 3975 2457 5174
f 3562 1842 5171
f 3759 2251 4884
f 1542 3759 4884
f 4717 2483 5140
f 1566 4298 5888
f 4299 1567 5889
f 5340 2355 5544
f 3545 1720 6131
f 3540 2349 5225
f 2350 3541 5226
f 1408 3764 5709
f 1325 3840 5040
f 3840 2334 5040
f 3531 2183 5331
f 1301 3515 5800
f 2435 4788 5526
f 2402 3551 5740
f 1553 4090 5697
f 1527 3677 6082
f 2682 3539 6064
f 2749 3520 5504
f 3519 2750 5505
f 2345 3538 5517
f 3538 1303 5517
f 4476 1565 6054
f 5239 2409 5547
f 4060 2495 4529
f 4427 1377 5734
f 3862 1648 4766
f 3737 1782 5561
f 2748 3694 4791
f 3884 2741 5484
f 3991 1363 5580
f 3522 1824 5646
f 1455 4181 5894
f 3199 5340 5544
f 3529 1788 5425
f 2892 4017 5427
f 5037 2069 5973
f 5016 2380 5441
f 3002 5016 5441
f 3539 1703 5940
f 2127 4062 4429
f 3587 1855 6042
f 4456 2483 4717
f 2460 3737 5561
f 3555 2421 5450
f 2725 3858 5103
f 4927 3061 5701
f 2456 4927 5701
f 4098 196 5594
f 73 4099 5593
f 1535 3867 5353
f 3543 2292 5609
f 3822 1961 5426
f 2357 4304 4305
f 4304 2185 4305
f 4072 2705 5890
f 2068 3628 4984
f 2696 3534 5540
f 4538 1324 4892
f 2541 4538 4892
f 3954 2704 4943
f 3559 2139 5234
f 2461 3712 4802
f 3554 2683 6066
f 3023 5694 5783
f 2029 3873 5396
f 1693 3698 5648
f 4094 1557 4583
f 2273 4094 4583
f 2289 3539 5940
f 2429 4627 4868
f 1826 3537 5858
f 2513 3940 5945
f 1338 3586 5137
f 1948 4912 6007
f 4912 3207 6007
f 3206 4911 6008
f 4911 1947 6008
f 2028 3859 5765
f 1610 4582 5285
f 4668 2503 5302
f 320 318 4710
f 4271 2747 6023
f 3942 1935 5607
f 1420 4947 6156
f 4947 3320 6156
f 395 393 4664
f 244 242 4663
f 2908 4863 5480
f 4863 2416 5480
f 2417 4864 5479
f 4864 2909 5479
f 132 130 5011
f 2098 3663 4942
f 2717 3864 4887
f 3865 2718 4888
f 2126 4220 5294
f 2733 3701 4843
f 3702 2732 4845
f 2734 3703 4844
f 1676 4764 5118
f 3644 2192 5052
f 5013 2816 5062
f 1740 5013 5062
f 4691 1341 4961
f 2612 4691 4961
f 3013 4823 5317
f 1372 3936 4670
f 2542 3892 4786
f 3957 2432 5173
f 2010 3957 5173
f 2077 4356 5900
f 2363 5046 5722
f 3817 1412 5218
f 2379 3817 5218
f 1757 4675 5891
f 3872 2028 5765
f 4128 380 5804
f 4129 227 5805
f 259 4130 5803
f 411 4131 5801
f 42 4132 5802
f 3735 2340 5401
f 3854 191 4655
f 78 3855 4654
f 3861 2263 4928
f 5605 2046 6128
f 3590 4014 5994
f 4013 3591 5993
f 3576 1674 5501
f 2050 3597 5166
f 4568 1332 5446
f 3894 2488 5548
f 1867 3894 5548
f 3711 1386 5024
f 2264 3711 5024
f 2473 5305 5457
f 3009 4715 5872
f 4715 1716 5872
f 3980 2525 5065
f 1925 3980 5065
f 1598 4639 5630
f 4639 3129 5630
f 4086 1436 5644
f 4294 2409 6088
f 1532 4931 5832
f 1658 4509 5384
f 4509 2677 5384
f 3643 2487 5971
f 191 190 4655
f 79 78 4654
f 3986 2990 5361
f 3564 1410 5834
f 4023 2740 4862
f 3578 2838 6145
f 1691 4529 5465
f 2346 4322 4353
f 4210 2201 5220
f 4897 2508 5431
f 2289 3755 5370
f 1730 3549 5696
f 69 67 5611
f 201 200 5610
f 1735 4380 6019
f 1886 3553 5775
f 3563 1452 5437
f 3753 1487 4795
f 438 435 4809
f 2142 3878 5636
f 3878 2505 5636
f 1818 3641 5868
f 2726 3652 5184
f 3996 2407 4539
f 2100 4029 5289
f 1899 3747 5918
f 4336 3295 5904
f 3292 4332 5905
f 2475 3717 4879
f 4157 2512 5774
f 3563 1899 5918
f 2768 4470 6199
f 1390 3697 4900
f 1430 3611 5134
f 4193 2224 4672
f 2225 4194 4673
f 4561 2385 5514
f 1759 3626 5091
f 2046 4512 6128
f 1289 4311 5547
f 5036 2305 5126
f 3561 1689 5592
f 4173 279 5875
f 359 4174 5874
f 3619 2223 5110
f 2394 4375 4376
f 4375 2194 4376
f 4373 2193 4374
f 2395 4373 4374
f 3909 3067 4799
f 3068 3910 4800
f 1612 4353 5753
f 3853 2004 5617
f 4248 1365 5711
f 3669 1894 5595
f 1363 4087 5580
f 2373 3563 5918
f 3596 1409 5281
f 4302 2300 4457
f 1591 4302 4457
f 4125 1361 4458
f 3918 2221 4633
f 2669 3838 5839
f 1365 4297 4733
f 4659 2780 5942
f 4481 2713 5861
f 3596 2445 6176
f 1377 4427 5829
f 4427 2811 5829
f 1620 4446 6114
f 1292 3918 4633
f 3750 1695 4964
f 3817 1984 5129
f 1985 3818 5130
f 3733 1887 5881
f 3831 1705 4743
f 3901 1341 4691
f 2228 3901 4691
f 3935 1922 5117
f 2388 3935 5117
f 5692 1434 6164
f 1951 3568 5750
f 1353 3568 5747
f 1718 4164 5681
f 4164 2615 5681
f 1403 4123 5787
f 4712 2671 6068
f 1692 4376 5505
f 4373 1693 5504
f 2196 3697 4948
f 309 307 5089
f 3775 1550 4808
f 2401 4358 4413
f 2487 4236 4508
f 2388 4368 4446
f 4101 1647 5055
f 2441 4101 5055
f 5626 3072 5635
f 3071 5625 5634
f 2222 3831 4743
f 3886 2169 4682
f 251 249 4707
f 404 401 4708
f 3888 2723 4681
f 1508 3832 4894
f 3832 2256 4894
f 4933 2773 5766
f 2850 4004 5362
f 3662 1801 5792
f 2424 3687 4976
f 3592 2570 6016
f 3508 5692 6164
f 1673 3575 5820
f 3792 1654 4805
f 385 383 5096
f 234 231 5097
f 4775 2649 5787
f 1878 3667 5044
f 2296 4202 6061
f 4202 2763 6061
f 3578 1301 5800
f 328 326 4713
f 3595 1838 6030
f 2265 4452 4537
f 4452 2374 4537
f 4352 2244 4577
f 3584 2046 5553
f 1590 3893 5294
f 3813 1669 4781
f 4392 2778 5036
f 4322 2211 4353
f 1583 4255 4699
f 4255 2420 4699
f 3585 1823 5559
f 1691 4060 4529
f 2210 4462 5066
f 1391 4760 5410
f 5104 4551 6092
f 2965 4476 6205
f 4476 2094 6205
f 4425 2316 4518
f 3856 2185 5193
f 1793 3589 5590
f 2626 4090 6101
f 3018 4127 5481
f 4127 1328 5481
f 3586 1892 5748
f 4277 1632 4918
f 427 426 4811
f 5395 3012 5895
f 2233 3677 5885
f 2470 4092 5537
f 3734 2398 5476
f 1746 3734 5476
f 5876 2288 6049
f 4297 2387 4733
f 3708 1857 5107
f 4260 1924 5126
f 214 211 5149
f 58 56 5148
f 1583 3941 4653
f 3677 2233 6082
f 3979 3070 5693
f 3601 1414 5518
f 5086 2149 5575
f 4306 2565 4579
f 4244 84 6189
f 186 4245 6188
f 3791 1385 4852
f 3603 2784 5495
f 3598 1792 5596
f 2400 3704 5880
f 1409 3596 6176
f 2511 4091 6006
f 1549 4063 4553
f 3985 2860 5367
f 2263 4747 5671
f 3599 16 5656
f 2054 4316 5395
f 2725 5103 5530
f 4269 2453 5532
f 4650 1696 5424
f 2746 4650 5424
f 3856 2604 4771
f 1499 4435 4837
f 4435 2469 4837
f 1407 3877 5201
f 3877 2376 5201
f 3841 1585 5581
f 2465 3841 5581
f 1671 4142 5771
f 1910 3612 6101
f 4066 1839 4820
f 2589 4066 4820
f 3705 1847 6122
f 2960 3606 5595
f 4133 2238 4999
f 1514 3606 5919
f 4485 2666 5652
f 1561 4104 4530
f 2459 4081 5146
f 4081 1699 5146
f 3130 5806 5886
f 3986 2226 4739
f 4665 1620 6114
f 3479 5876 6049
f 1529 3853 4801
f 2651 4568 5446
f 2131 4175 5750
f 2041 3862 5851
f 2357 3642 5519
f 1771 4028 5663
f 3740 2466 5856
f 2568 4758 4899
f 3833 1611 5633
f 1723 4919 5712
f 3688 2274 5822
f 5581 2984 5675
f 1940 3933 5041
f 3933 2336 5041
f 3617 1587 5510
f 3701 1868 5060
f 2427 3608 5686
f 2678 3646 5268
f 3647 2681 5269
f 4618 2916 5938
f 1395 4618 5938
f 3729 1957 5012
f 2207 4171 5577
f 2490 5368 5549
f 4411 275 5225
f 364 4412 5226
f 3973 1593 5233
f 4954 2425 5463
f 3930 2216 5144
f 1693 4611 5504
f 4611 2749 5504
f 4610 1692 5505
f 2750 4610 5505
f 3821 3306 5766
f 1384 3642 5535
f 3642 2357 5535
f 4032 1711 5386
f 4021 5039 5687
f 2521 4212 5059
f 2235 3756 5229
f 1961 4001 5426
f 1982 3828 4878
f 4379 1671 6159
f 2546 4338 4885
f 4338 1442 4885
f 3638 1680 5544
f 2355 3638 5544
f 4358 2202 4413
f 1593 3973 4679
f 3837 2012 5228
f 2356 3837 5228
f 2890 4954 5463
f 3745 1565 5101
f 1290 4188 5417
f 4115 1685 5524
f 4714 2152 4715
f 3009 4714 4715
f 4029 1309 5289
f 4068 2029 5396
f 1521 4085 6192
f 6077 2563 6210
f 2088 3648 5357
f 2311 3993 5317
f 3838 27 5839
f 141 139 4846
f 4501 1379 5933
f 2840 4501 5933
f 1380 4502 5934
f 4502 2839 5934
f 1380 3891 4864
f 3891 2909 4864
f 3890 1379 4863
f 2908 3890 4863
f 3658 2369 5313
f 2601 3854 4860
f 3855 2602 4861
f 2812 4788 5751
f 2232 3708 5107
f 2478 3879 4819
f 2495 4345 4989
f 1813 3634 6141
f 4159 2135 4543
f 4051 1437 5286
f 2465 4051 5286
f 3621 1926 5672
f 1545 4425 4518
f 4758 2286 4899
f 1581 3969 4703
f 3777 1442 5271
f 3626 2397 6132
f 2171 3658 6098
f 4424 1544 4465
f 2315 4424 4465
f 4164 2476 5571
f 2019 4021 5442
f 1756 4972 5808
f 2479 3851 4876
f 285 284 4849
f 356 353 4850
f 2154 4163 4554
f 2118 3622 5768
f 1668 4442 5221
f 3649 2016 5640
f 1427 3909 4799
f 3910 1428 4800
f 4633 2221 6024
f 367 3787 5965
f 3788 271 5966
f 3624 1817 5769
f 2952 4633 6024
f 2326 4222 4686
f 4222 1616 4686
f 1617 4224 4687
f 4224 2327 4687
f 1367 3696 5686
f 3696 2427 5686
f 1833 3690 5995
f 5439 1687 5796
f 1857 3783 5107
f 2200 4387 5278
f 1839 4362 4820
f 4362 2428 4820
f 4058 2265 6152
f 2249 3725 6156
f 3967 2762 5359
f 3939 2514 6044
f 4744 3116 5950
f 2428 4096 5106
f 4096 1584 5106
f 1317 3632 5991
f 1855 3725 6042
f 3923 1930 4981
f 2359 4479 4647
f 5325 1585 5484
f 1432 3836 5247
f 3836 2354 5247
f 3920 2923 5248
f 2457 3975 4724
f 4972 2914 5808
f 2399 3693 5169
f 2169 3886 4856
f 3792 2362 5334
f 1654 3792 5334
f 3925 2450 4784
f 2753 3978 5319
f 3957 1728 5841
f 3912 2504 6022
f 5137 2116 6023
f 3634 2564 5931
f 4414 3138 5879
f 4415 2155 4781
f 4368 2218 4446
f 2170 4136 4586
f 4383 2311 5015
f 3754 2441 5055
f 2885 4852 5525
f 4375 1630 4860
f 1631 4374 4861
f 3786 1569 5006
f 1842 3721 5171
f 2174 4155 5666
f 4109 2234 5527
f 3694 2 5193
f 3780 1822 6089
f 1605 3688 5822
f 1307 3914 5064
f 3914 2321 5064
f 3644 1441 6073
f 3023 5783 5967
f 4056 2363 5177
f 4146 1398 5744
f 2591 4146 5744
f 2834 3645 6051
f 4840 1562 4928
f 2608 4840 4928
f 1520 3648 5639
f 2409 5239 6088
f 1558 3986 4739
f 4349 2241 5025
f 4214 2280 4769
f 2743 4214 4769
f 33 31 4913
f 4519 2120 4520
f 2855 4519 4520
f 4374 2193 4861
f 2194 4375 4860
f 4344 1560 4788
f 3706 1344 5211
f 4892 1324 6147
f 3148 4892 6147
f 2451 4473 4762
f 4473 1626 4762
f 3721 2267 5171
f 2202 4358 4914
f 3721 1354 5649
f 3667 2351 5506
f 3819 1531 4994
f 1828 4463 5470
f 4463 2637 5470
f 3943 1361 4806
f 3683 1321 5756
f 2429 3683 5756
f 2201 4210 4561
f 2552 4040 4692
f 3752 1346 5389
f 4955 1741 5461
f 2870 4955 5461
f 1683 3954 4796
f 3969 1581 5076
f 3780 2237 6029
f 1653 4769 5992
f 2518 5407 6139
f 4005 2301 5551
f 4350 2169 4730
f 2759 4048 4816
f 4209 2153 4616
f 1821 3665 6162
f 1823 3666 6163
f 4980 1617 5912
f 1616 4979 5911
f 4038 1544 4704
f 1545 4039 4705
f 2667 4211 4658
f 2236 3779 5777
f 3662 2386 5770
f 1569 4622 4794
f 3766 2002 5100
f 3285 4334 6197
f 3797 2467 5056
f 3693 1654 5334
f 3738 397 5443
f 3739 245 5444
f 4965 1612 5753
f 3875 1337 5543
f 2448 3875 5543
f 3697 2394 5628
f 4465 2314 4517
f 2316 4466 4518
f 1801 3662 5770
f 1997 3798 5066
f 2569 4699 5250
f 2394 3697 5619
f 3697 1390 5619
f 3730 2051 5214
f 4534 2200 5278
f 2045 3961 4821
f 3977 1604 6024
f 3665 2579 5982
f 3666 2580 5983
f 3787 2430 5965
f 2431 3788 5966
f 2203 4020 4746
f 369 367 5965
f 271 269 5966
f 2670 3668 6052
f 4741 2696 5272
f 2438 4741 5272
f 2627 4497 5798
f 2566 4637 5030
f 4637 2398 5030
f 3831 2222 5021
f 4886 1688 5344
f 2790 4886 5344
f 2146 4251 6109
f 4216 2760 6111
f 1975 3995 5746
f 3038 4152 4646
f 2202 3962 4866
f 2736 5552 5670
f 4524 2209 4766
f 4025 2846 5379
f 3922 1508 4894
f 5038 1373 6140
f 2365 4506 4621
f 3003 3728 5291
f 3698 2395 5410
f 4206 2845 4942
f 3233 3805 5572
f 2477 3671 5937
f 2338 3689 6116
f 3961 2045 5155
f 2437 4024 5316
f 1984 4041 5129
f 4042 1985 5130
f 1954 3700 5795
f 1723 4251 5877
f 4252 2229 5045
f 2725 5530 5811
f 5694 2494 5783
f 2030 3772 5664
f 4814 2293 6155
f 2294 4813 6154
f 2501 4168 4704
f 4169 2502 4705
f 2370 4575 5076
f 5161 2966 5475
f 2273 4583 4591
f 4583 2402 4591
f 4150 2381 5000
f 2030 4150 5000
f 2575 4853 4881
f 4853 1778 4881
f 1894 3683 5620
f 3889 4505 6074
f 2419 5712 5761
f 4561 1624 4836
f 2635 3687 6121
f 5224 2983 5372
f 1843 5224 5372
f 3756 1665 5229
f 2581 5395 5895
f 2421 4064 4745
f 2271 4718 5958
f 4360 1307 5064
f 1464 3703 5488
f 2362 3792 5132
f 2006 3681 5708
f 4229 2182 4605
f 3677 1812 5885
f 1613 4556 5002
f 4034 2607 4767
f 3760 322 5246
f 2690 3680 5882
f 3837 1712 5092
f 3928 2105 4931
f 2616 5644 5752
f 4463 2562 5943
f 2378 5161 5475
f 4319 2266 4729
f 3768 2278 6204
f 1463 3701 5852
f 4690 2425 5806
f 2107 4115 5524
f 2299 4812 6125
f 3769 1871 6146
f 4574 1668 5221
f 3966 1571 4923
f 4578 2857 5989
f 2839 5669 5956
f 2964 4922 5638
f 3839 1941 5084
f 4064 2421 5210
f 1610 4064 5210
f 4393 2167 4735
f 4394 2168 4736
f 2184 3949 5213
f 5712 3385 5761
f 3762 2304 5343
f 4397 1392 5540
f 4282 1991 4950
f 2410 4282 4950
f 3704 2079 6011
f 1397 4111 5190
f 3960 1595 5441
f 1594 3959 5440
f 3944 1291 4930
f 4346 2159 5951
f 3763 1336 5472
f 1588 4240 4937
f 1518 4306 4579
f 4333 2787 6157
f 1657 4333 6157
f 1360 3857 5070
f 3734 2319 5412
f 2630 3962 4914
f 4358 1632 4914
f 4149 2511 5332
f 3698 2197 5648
f 1623 4305 4771
f 4334 2057 6197
f 1364 4178 4784
f 4158 2276 5202
f 2653 4136 6095
f 4136 1320 6095
f 1725 4278 6083
f 4278 2736 6083
f 4110 2561 5760
f 1489 4110 5760
f 2700 4941 5976
f 3716 1363 5814
f 2439 3716 5814
f 5119 2657 5238
f 4434 1602 4970
f 2469 4434 4970
f 3690 2261 5995
f 1605 3958 5578
f 2035 3814 5168
f 1924 3832 5126
f 2500 3923 4981
f 4238 2372 5170
f 1627 4193 4672
f 4194 1628 4673
f 2614 3738 5443
f 2615 3739 5444
f 4941 2700 6099
f 2357 4305 4778
f 4305 1623 4778
f 3342 4271 6023
f 1934 3896 5074
f 4255 1583 4653
f 3754 1327 5772
f 2441 3754 5772
f 3755 1611 5370
f 178 175 5082
f 1556 4352 4577
f 4835 2751 5260
f 3699 1536 6102
f 2315 4465 4517
f 4466 2317 4518
f 4551 2269 5195
f 1568 3762 5343
f 3935 1620 4971
f 4887 2771 5365
f 1720 4887 5365
f 2262 3705 6122
f 1379 4501 5634
f 4502 1380 5635
f 1769 3871 5087
f 1989 5737 5738
f 5737 3458 5738
f 2145 4330 4594
f 2384 3875 5447
f 1847 3705 5890
f 3711 1836 5758
f 148 145 5124
f 3155 4123 5560
f 2267 3721 5649
f 1669 3707 5887
f 1890 3709 6041
f 4156 1702 6072
f 2651 4156 6072
f 2522 4547 5323
f 3718 2546 5941
f 4469 2530 5639
f 2021 3713 5790
f 4494 1603 5532
f 3311 4494 5532
f 4018 2360 4880
f 1345 3751 5456
f 3709 1375 5947
f 3712 2110 6058
f 2794 4635 6207
f 4028 2486 5663
f 3937 1949 4996
f 2335 4296 4938
f 4296 2815 4938
f 3109 5273 5840
f 3908 2009 5059
f 4220 1590 5294
f 5201 2376 5493
f 2999 5201 5493
f 2287 4677 5573
f 5245 3018 5481
f 2532 5245 5481
f 2375 3726 6100
f 1915 3953 4978
f 4185 1915 4978
f 2418 3724 5775
f 3724 1886 5775
f 4243 1365 4733
f 3129 5351 5630
f 5351 2458 5630
f 1362 4203 5741
f 2465 5581 5675
f 2613 4992 6164
f 91 90 5162
f 2488 3894 5831
f 3894 1326 5831
f 1574 4389 4720
f 4389 2354 4720
f 2304 3763 5472
f 4225 1707 5555
f 2736 4278 5552
f 445 4957 5979
f 2655 4415 4781
f 1880 3810 5309
f 3811 1881 5308
f 1607 3849 5189
f 1356 3810 5732
f 4241 2035 5168
f 2484 4241 5168
f 1372 4670 5837
f 3725 1420 6156
f 3811 1357 5781
f 1886 3724 6117
f 4149 2130 4906
f 2204 3963 5558
f 2540 5237 6167
f 5237 3381 6167
f 4540 2206 5591
f 3725 2249 6042
f 4024 1341 5316
f 4024 2038 4915
f 3982 2245 5916
f 1711 4032 5598
f 4032 2489 5598
f 4031 2488 5599
f 1710 4031 5599
f 2525 5415 5836
f 2676 5823 5894
f 3713 4401 5864
f 1913 3876 5143
f 2206 4559 5591
f 2188 4371 4608
f 2212 4468 4932
f 2532 5481 5564
f 3989 1640 5273
f 2321 4113 5061
f 1587 4342 4989
f 3747 2373 5918
f 4138 2346 5001
f 1698 4138 5001
f 4167 2041 5851
f 4401 2021 5969
f 245 244 5444
f 397 395 5443
f 2313 4740 5200
f 4345 1587 4989
f 1429 4456 5643
f 3920 2149 5086
f 2791 4447 5042
f 4280 2619 4675
f 2180 4546 6194
f 4214 427 4811
f 2474 4307 4661
f 3930 2025 5075
f 2297 4291 5164
f 3758 2577 5650
f 3829 1534 5323
f 4069 2907 5985
f 2224 4193 4754
f 4194 2225 4755
f 105 103 5194
f 4070 1376 5824
f 2548 4070 5824
f 2542 4786 5301
f 5273 2485 5840
f 1632 4358 4918
f 4358 2401 4918
f 5376 3047 5824
f 3860 2631 5244
f 3164 5122 5792
f 3764 2372 5709
f 2484 5168 5298
f 1656 3783 5520
f 421 419 5222
f 3778 2557 5959
f 4594 1662 5996
f 2649 5500 5556
f 1962 3762 5652
f 3744 2512 6195
f 4332 2056 5905
f 2060 4336 5904
f 4942 2845 6137
f 3848 1592 6182
f 2470 3803 5471
f 2243 4197 5739
f 4417 2167 5009
f 4052 2044 5642
f 2496 4052 5642
f 4339 3820 5859
f 1655 5212 5577
f 2412 5356 5957
f 4380 1735 5613
f 2359 4361 5115
f 4870 2342 5224
f 93 4632 4907
f 1649 4867 4995
f 322 320 5246
f 2397 4576 4662
f 4576 2370 4662
f 2889 3748 5913
f 2223 3961 5155
f 4609 2180 6194
f 3477 4216 6111
f 4199 2496 6015
f 2698 5239 5547
f 4381 2642 4916
f 1722 4058 5651
f 4058 2497 5651
f 2936 4286 6030
f 1375 3974 5947
f 3974 2533 5947
f 2286 4318 4937
f 3955 2174 5078
f 2263 4254 4747
f 2320 4471 4638
f 4183 2657 5119
f 1869 3796 5557
f 4421 2219 5403
f 3772 2264 5664
f 3816 2338 6116
f 2229 4526 5045
f 3995 1410 6003
f 4536 3124 5158
f 3458 4267 5738
f 4097 3013 5404
f 3881 2325 5264
f 3805 2946 5572
f 4710 2620 5246
f 320 4710 5246
f 1683 4534 5690
f 4534 2674 5690
f 3951 2089 5103
f 4471 1606 4638
f 2265 4058 5296
f 2324 3885 5267
f 2313 4805 5883
f 4903 2532 5564
f 2025 3930 5144
f 5065 2525 5836
f 4300 1736 5618
f 4385 2100 5511
f 4763 1290 5417
f 5071 3226 6087
f 2462 4294 6088
f 4709 2596 5176
f 1596 4709 5176
f 3763 1962 6076
f 4135 2399 5169
f 1396 4135 5169
f 2241 4349 4690
f 3911 2048 5219
f 5103 2089 5530
f 1309 4477 5289
f 2265 4537 6152
f 2544 4041 5911
f 4041 1616 5911
f 4042 2545 5912
f 1617 4042 5912
f 4155 2476 5434
f 1395 4155 5434
f 4715 3778 5959
f 2755 4588 4893
f 2150 4032 5386
f 2002 3766 6060
f 1737 4312 5731
f 3867 2177 5353
f 1870 3768 6204
f 2798 5104 5891
f 3388 5288 6204
f 5288 1870 6204
f 1759 5091 6166
f 4007 2081 5032
f 3893 2915 5294
f 444 4073 4957
f 5529 2528 5744
f 4218 2950 4984
f 4164 1718 5433
f 2476 4164 5433
f 1694 5230 5714
f 1430 3767 6068
f 2279 3769 6146
f 166 4319 4729
f 3981 2165 5114
f 1701 5250 5533
f 1585 3841 5484
f 1442 4076 5271
f 4374 1631 4901
f 2395 4374 4901
f 2280 4214 4811
f 1630 4375 4902
f 4375 2394 4902
f 1496 3772 6173
f 1682 3963 6098
f 2830 4930 5946
f 2919 4667 6183
f 4667 1383 6183
f 4506 2318 4621
f 4462 2730 5066
f 1992 3802 5718
f 2795 5037 5973
f 1429 5643 6201
f 2893 5439 5796
f 2422 4284 5062
f 4284 1740 5062
f 3784 1455 5894
f 4314 2227 4829
f 3787 367 6134
f 271 3788 6135
f 4945 2380 5682
f 1654 4256 5883
f 2406 5488 5557
f 3470 4318 6090
f 4479 2319 4647
f 3781 1424 6138
f 3873 2179 5396
f 1859 5274 5715
f 5274 3087 5715
f 3782 1861 6022
f 2237 3780 6089
f 4021 2019 5039
f 1712 3837 5556
f 2130 4284 4906
f 2934 4831 5685
f 1644 4717 5140
f 2309 4208 5160
f 2483 4273 5140
f 3810 2306 5732
f 2049 3975 5349
f 2215 3799 5818
f 1704 4976 5780
f 4296 2335 4846
f 139 4296 4846
f 3541 3787 6134
f 3788 3540 6135
f 3827 1987 6001
f 2528 4962 5744
f 4442 2467 5221
f 2312 3984 5120
f 2307 3811 5781
f 211 4365 5149
f 4366 58 5148
f 4427 2107 5524
f 4497 1728 5798
f 3058 5330 5603
f 5330 2411 5603
f 1406 4030 5050
f 2866 3986 5361
f 2255 4137 4946
f 2594 4622 5521
f 4093 2140 5023
f 4390 2649 5556
f 1911 3888 5402
f 1331 3797 6210
f 3109 3989 5273
f 5071 1727 5917
f 3057 5071 5917
f 4938 1670 6168
f 3800 1627 5944
f 1900 3800 5945
f 1625 4627 4742
f 4627 2429 4742
f 3804 3066 5929
f 2837 4009 5092
f 2215 3833 5633
f 2895 4753 5536
f 52 50 5485
f 220 217 5486
f 4303 2172 5736
f 3188 4401 5969
f 2332 4176 5392
f 4304 1679 4791
f 2234 4109 5494
f 2773 3821 5766
f 5592 1689 5884
f 5344 1688 5740
f 2063 3932 5259
f 2880 4111 5183
f 1376 5376 5824
f 5988 2887 6142
f 1594 3824 5743
f 4604 2360 4878
f 1934 4293 5478
f 4293 2529 5478
f 1293 4276 4990
f 4276 2433 4990
f 3941 1583 5383
f 2711 4301 5211
f 4915 2287 4961
f 4593 2163 4851
f 164 162 5515
f 1541 4555 5811
f 4555 2715 5811
f 1926 3808 6039
f 1544 4038 5502
f 4039 1545 5503
f 2539 4317 4837
f 4317 1499 4837
f 1669 3813 5942
f 2520 3825 5797
f 3820 1898 5859
f 5631 2146 6109
f 1663 3902 5435
f 1553 4991 5722
f 2214 4233 5583
f 2187 3853 5617
f 3096 4094 5776
f 2818 4144 4964
f 2455 4617 4831
f 4617 1368 4831
f 4246 2214 5583
f 4820 2428 5106
f 2589 4820 5106
f 2432 3957 5841
f 90 4008 5162
f 4562 1552 5264
f 1833 5238 5408
f 5238 2898 5408
f 1862 3816 6116
f 2240 4456 4717
f 4006 2030 5664
f 1417 4056 5612
f 1898 3820 6077
f 4080 2920 5033
f 3867 2143 5606
f 1334 4234 5659
f 76 73 5593
f 196 193 5594
f 5783 1563 5967
f 4280 1835 5927
f 2619 4280 5927
f 4840 2608 5283
f 3994 2974 5182
f 2363 4056 5223
f 4056 1417 5223
f 1551 4563 5267
f 295 294 5601
f 346 344 5602
f 1727 5071 6087
f 2435 4344 4788
f 2344 4341 4871
f 4341 2018 4871
f 4343 2042 5707
f 2577 4343 5707
f 4718 2633 5081
f 4366 2293 4814
f 2823 4366 4814
f 2294 4365 4813
f 4365 2824 4813
f 2381 3827 6001
f 4105 2139 5879
f 4812 2299 5084
f 1833 5119 5238
f 1748 6113 6143
f 3840 1325 5856
f 1885 3840 5857
f 5375 2511 6006
f 2219 4650 5403
f 1687 4120 5796
f 4159 1293 4990
f 1504 4287 5614
f 2043 4044 5115
f 4684 2550 5070
f 2277 4116 5852
f 337 336 5683
f 303 301 5684
f 5189 2356 5228
f 3888 1480 5867
f 2167 4417 4765
f 4862 2740 6171
f 5996 2574 6013
f 5356 3025 5957
f 4857 2987 5293
f 1571 4279 4923
f 2443 3999 5230
f 4688 2662 4764
f 2006 4079 5833
f 4041 2544 5129
f 2545 4042 5130
f 2652 5022 5095
f 5022 1771 5095
f 3963 2171 6098
f 4853 2575 4854
f 2283 4853 4854
f 2340 3992 5293
f 3992 1969 5293
f 3934 1954 5795
f 4101 1990 5705
f 3886 2538 5779
f 1552 4562 6061
f 1650 4282 6144
f 1357 3968 5781
f 4134 1999 5713
f 2510 4134 5713
f 4192 2308 5113
f 3577 5996 6013
f 3026 4093 5249
f 2234 4833 5527
f 4835 1343 5587
f 2751 4835 5587
f 1504 5614 5948
f 4905 1636 5698
f 1635 4904 5699
f 1579 4005 5551
f 2323 4279 5405
f 2918 4593 4851
f 4389 2953 6161
f 3849 1607 6126
f 413 411 5801
f 44 42 5802
f 261 259 5803
f 380 378 5804
f 227 225 5805
f 4787 2850 5420
f 3862 2209 5851
f 2178 3872 5765
f 1311 4059 5674
f 1913 3936 5455
f 63 62 6086
f 208 205 6085
f 2533 3974 5335
f 1754 4026 6186
f 2604 3856 5979
f 4419 2817 4867
f 27 25 5839
f 3997 2014 5291
f 2982 4057 5219
f 1687 3860 5956
f 2048 3866 5869
f 4635 1800 6207
f 4284 2422 4906
f 4192 2330 4995
f 4217 1440 5458
f 3056 4217 5458
f 4645 2390 5150
f 4287 2222 5614
f 4279 2323 4923
f 4140 2413 5067
f 274 271 6135
f 367 366 6134
f 5271 2494 5694
f 1789 4157 5151
f 4157 2766 5151
f 4071 2242 5360
f 362 359 5874
f 279 277 5875
f 4033 3055 5259
f 1694 4429 5422
f 2558 4458 6062
f 4094 2896 5776
f 5609 3353 5927
f 1835 5609 5927
f 2860 4797 5418
f 2600 3858 6160
f 4367 2269 5098
f 4162 2310 5263
f 20 18 5914
f 4292 2774 5696
f 3879 1619 5799
f 3859 2028 6110
f 5139 1433 5943
f 1709 4559 6079
f 3921 2612 5573
f 2047 4056 5177
f 267 266 5935
f 374 371 5936
f 4675 2619 5891
f 5698 1636 5870
f 2405 4060 5438
f 4060 1691 5438
f 5266 1675 5447
f 4532 2303 5949
f 1799 4141 5085
f 3965 1915 5987
f 2503 3965 5987
f 2549 4798 5560
f 2380 5016 5682
f 3869 1901 6044
f 1628 3869 6045
f 1331 4252 5045
f 4488 1288 5668
f 4987 1744 5322
f 2714 4987 5322
f 5078 2174 5666
f 4664 2614 5443
f 395 4664 5443
f 4663 2615 5444
f 244 4663 5444
f 188 186 6188
f 84 81 6189
f 4000 2303 5624
f 4142 2091 5346
f 2397 4179 6132
f 3379 3979 5693
f 5256 3042 5767
f 1962 4051 5675
f 4051 2465 5675
f 2586 4092 6177
f 4092 1815 6177
f 2442 4848 5567
f 4793 2512 5509
f 4385 1547 5231
f 2472 4385 5231
f 2349 4882 4905
f 4882 2527 4905
f 2526 4883 4904
f 4883 2350 4904
f 2581 4524 4766
f 2012 4054 5228
f 2067 4433 5807
f 4433 2622 5807
f 4347 2300 5670
f 3927 2146 5631
f 4745 1315 5450
f 4652 1646 4953
f 2473 4652 4953
f 2104 5256 5767
f 4163 2309 5522
f 1551 4274 5261
f 4274 2454 5261
f 1595 3960 5509
f 3914 1307 5759
f 2368 4126 5152
f 4126 1824 5152
f 4022 1356 5732
f 3892 2542 5970
f 205 3883 6085
f 3882 63 6086
f 2392 4872 4975
f 4872 2543 4975
f 1649 4419 4867
f 4318 1588 4937
f 2387 4605 4733
f 4118 2108 5665
f 2109 4120 5669
f 3094 5253 5901
f 5253 2064 5901
f 2625 3942 5607
f 4786 1614 5301
f 1930 3889 6074
f 2546 4885 4985
f 4885 2391 4985
f 2360 4440 4880
f 4440 2214 4880
f 1312 4264 5276
f 4264 2444 5276
f 5195 2805 5972
f 2481 4842 5138
f 4001 2624 5426
f 4303 1343 4958
f 4203 2055 6094
f 2609 4203 6094
f 2760 4526 6111
f 4526 1780 6111
f 3909 1427 5921
f 1428 3910 5920
f 1325 5040 5621
f 4038 2252 5502
f 2253 4039 5503
f 5876 3479 5930
f 1980 5876 5930
f 2346 4353 5008
f 3903 1495 6014
f 3948 2825 5612
f 1747 4381 4916
f 1354 4106 5649
f 1741 4273 5461
f 4273 2483 5461
f 4405 2241 6053
f 3958 2239 5578
f 1318 4010 5398
f 1381 3987 5584
f 4062 1464 5488
f 2406 4062 5488
f 2428 4362 5588
f 4590 3049 5657
f 2553 4590 5657
f 4058 1722 5296
f 4109 1536 5494
f 2896 5209 5526
f 5209 2435 5526
f 4261 2449 5302
f 1698 4261 5302
f 2766 4355 5865
f 4387 2200 4919
f 4927 2456 5014
f 1603 4269 5532
f 1967 4012 5413
f 1372 4250 5028
f 4035 2400 5533
f 4111 2552 5183
f 4804 2347 5469
f 2529 4898 5265
f 4225 2302 6200
f 3293 4406 5906
f 2098 4942 6137
f 4517 2314 5939
f 2712 4295 5241
f 2302 4230 6200
f 4793 3048 5774
f 5411 3331 6181
f 1999 5411 6181
f 4105 1517 5196
f 4076 2494 5271
f 3926 1409 6176
f 1773 4917 5908
f 306 4045 5347
f 4046 333 5348
f 2156 4458 5971
f 5363 1738 5986
f 4019 3114 5615
f 4143 2647 5167
f 2552 4111 6027
f 4111 1397 6027
f 2494 4076 5825
f 4076 1995 5825
f 4540 2831 4839
f 2339 3934 5795
f 3919 2499 6126
f 1607 3919 6126
f 2393 4142 5346
f 1405 4239 5725
f 1456 4668 4873
f 4668 2449 4873
f 5400 1765 6012
f 4237 2608 5671
f 1634 4237 5671
f 1585 4192 5113
f 2568 4727 4758
f 3032 4310 5321
f 2330 4192 5325
f 2968 4019 5615
f 5104 1757 5891
f 4981 3210 5900
f 4002 1369 5552
f 2222 4287 5026
f 4060 2405 5380
f 4342 2268 4989
f 2658 4184 5207
f 1578 5170 5178
f 4204 1719 5632
f 2490 4204 5632
f 2611 4412 5874
f 4412 362 5874
f 277 4411 5875
f 4411 2610 5875
f 2196 4732 4900
f 4186 3516 6048
f 4205 1397 5236
f 2393 4205 5236
f 2583 4314 5914
f 4314 20 5914
f 2719 4944 5218
f 4622 2299 4794
f 4145 1344 6040
f 1394 4055 5466
f 2864 5417 5633
f 1581 4662 5076
f 2249 4258 5932
f 4752 1755 5710
f 2715 4752 5710
f 2456 4815 5014
f 5202 2276 5203
f 3317 5202 5203
f 2445 3926 6176
f 5081 2633 5908
f 3010 4161 5437
f 1696 5035 5424
f 5035 2745 5424
f 4353 1612 5008
f 2235 4688 4764
f 4251 2146 5877
f 4642 2704 5600
f 1837 4642 5600
f 1596 4283 5409
f 2363 4991 5177
f 2094 4640 6205
f 4055 2371 5466
f 4221 2326 5387
f 2374 4054 5638
f 4727 1366 4758
f 2082 4351 5423
f 4351 2482 5423
f 1302 4322 5142
f 5783 2494 5825
f 2524 5474 5898
f 2539 4837 5049
f 4837 2469 5049
f 4760 3031 4773
f 2621 4360 5999
f 4360 2041 5999
f 1633 4349 5025
f 2351 4259 5112
f 4208 1651 5160
f 1371 4683 4889
f 4683 2446 4889
f 4172 2355 5340
f 4162 1652 5252
f 5170 2695 5178
f 4387 1323 5278
f 4406 2058 5906
f 2305 4260 5126
f 1931 4170 6069
f 1652 4162 5263
f 1700 4640 6107
f 4640 3125 6107
f 5041 2641 5058
f 1940 5041 5058
f 3995 2257 5746
f 2318 4112 5419
f 4031 1710 5575
f 382 4128 5336
f 230 4129 5337
f 4130 258 5338
f 4131 409 5339
f 4440 2360 5102
f 4265 1578 5178
f 4182 1559 5955
f 2568 4097 5404
f 2350 4412 5699
f 4412 2611 5699
f 4411 2349 5698
f 2610 4411 5698
f 2409 5027 5547
f 1725 4328 5216
f 4328 2423 5216
f 2668 4289 5592
f 4947 2378 5475
f 2467 4197 5221
f 1383 4667 5886
f 1425 4421 5403
f 4410 2388 6080
f 2197 4760 4773
f 4277 2049 5349
f 4588 2254 4893
f 2139 4414 5879
f 1288 4516 5727
f 4516 2598 5727
f 1385 4082 5525
f 1478 3982 5916
f 4075 2064 5521
f 1657 4210 5220
f 4685 2757 6039
f 4155 1395 5666
f 4732 3000 4900
f 1508 4392 5036
f 4604 2773 5102
f 4660 1748 5108
f 2492 4660 5108
f 1445 4281 5562
f 4281 2481 5562
f 2275 4625 5406
f 4384 2364 5967
f 4114 2019 5442
f 4082 2390 5525
f 4527 3583 5346
f 2221 3977 6024
f 1576 4172 5340
f 1548 4533 5818
f 4207 2156 5251
f 2603 4007 5817
f 2140 4499 5023
f 2358 4265 5178
f 2369 4200 5414
f 2556 4806 5605
f 4268 2368 5256
f 4054 2012 5638
f 4507 1890 6041
f 2421 4253 5210
f 1583 4227 5383
f 4881 1778 5498
f 2663 4881 5498
f 1317 4415 6125
f 4415 2655 6125
f 2640 4083 5555
f 1503 4540 5591
f 1565 4476 5101
f 4549 2468 5907
f 2044 4063 5642
f 4494 2670 6052
f 1603 4494 6052
f 4192 1585 5325
f 2337 4421 5733
f 4632 2323 4907
f 2257 3995 6003
f 4384 2191 5300
f 2747 5137 6023
f 5098 2798 5546
f 1304 5098 5546
f 1887 5157 5881
f 5157 2955 5881
f 4146 2591 5477
f 3069 5056 5952
f 1990 4055 5705
f 4087 2872 5580
f 2489 5288 5830
f 2144 4109 5527
f 4322 2346 5142
f 4447 1764 5042
f 5552 1369 5670
f 4267 2751 5738
f 4495 1697 5185
f 4156 2651 5446
f 4640 2765 6205
f 6113 3158 6143
f 3138 4003 6034
f 2615 4663 5681
f 4663 2905 5681
f 2614 4664 5680
f 4664 2904 5680
f 4215 123 5324
f 1658 4221 5387
f 2884 4395 5180
f 5417 2215 5633
f 5133 2358 5178
f 2695 5133 5178
f 4148 1604 5729
f 2349 4411 5225
f 4412 2350 5226
f 1995 4033 5825
f 2620 4710 5720
f 4710 2906 5720
f 5299 2462 6088
f 4499 2517 5023
f 4123 2549 5560
f 2616 4086 5644
f 4193 1627 5480
f 2416 4193 5480
f 4194 2417 5479
f 1628 4194 5479
f 2104 4268 5256
f 4188 2215 5417
f 2444 4053 5785
f 2968 4016 5980
f 2792 4013 5993
f 4014 2793 5994
f 2924 5363 5986
f 4160 111 5490
f 5835 1745 5861
f 4514 2883 5820
f 2293 4366 5148
f 4365 2294 5149
f 2412 4369 6150
f 3704 4599 5880
f 2222 4743 5614
f 5035 2437 5316
f 2054 4187 5449
f 3023 4926 5694
f 1708 4440 5102
f 4200 1580 5414
f 2446 4683 5563
f 1608 4163 5522
f 4090 2626 5697
f 2183 4344 5331
f 4344 2435 5331
f 3360 4389 6161
f 1549 5469 5847
f 5469 3075 5847
f 2360 4604 5102
f 4125 2046 5605
f 2413 4489 5523
f 5197 2712 5241
f 1327 5197 5241
f 2079 4256 5358
f 4256 2399 5358
f 4772 2385 5734
f 4132 39 5604
f 4227 2367 5383
f 4124 1411 6034
f 4201 2341 5867
f 4423 1373 5937
f 4321 1579 5551
f 4665 2198 6121
f 4526 2760 5045
f 4231 2396 5531
f 4580 1646 6100
f 2385 4210 5860
f 4618 2150 5386
f 2345 4495 5185
f 4089 2441 5772
f 2511 4595 5332
f 4595 1311 5332
f 1331 5045 5739
f 4476 2965 5101
f 2454 4059 5953
f 4304 2357 5519
f 1736 4300 6127
f 4300 2593 6127
f 4026 2618 6165
f 4171 1655 5577
f 2635 4243 5780
f 4395 2522 5180
f 2887 4910 6142
f 4312 1737 6133
f 2597 4312 6133
f 1539 4226 6000
f 4478 2250 5910
f 4523 2384 5447
f 2373 4320 5764
f 5062 2816 5378
f 2622 4277 5349
f 2763 4202 5501
f 4469 1645 5597
f 2530 4469 5597
f 4619 1818 5868
f 4824 1667 5994
f 2793 4824 5994
f 4825 2792 5993
f 1666 4825 5993
f 2413 4574 5067
f 5278 1323 5565
f 2407 4145 6040
f 4234 2500 5465
f 2028 4325 5328
f 4325 2840 5328
f 2295 4563 5899
f 2290 4370 5585
f 4127 2443 5909
f 4873 2449 5629
f 2361 4500 6107
f 4693 2204 5558
f 2165 4061 6057
f 4574 2243 5067
f 1731 4346 5762
f 4346 2524 5762
f 5672 2534 6025
f 2483 4456 5462
f 4456 1429 5462
f 1689 4862 6171
f 1592 4357 6182
f 4120 2279 5796
f 2300 4347 5616
f 4559 1709 6118
f 2675 4559 6118
f 4092 2470 5925
f 1815 4092 5925
f 4968 1387 5534
f 4283 2764 5409
f 2242 4503 5360
f 2108 4501 5665
f 4502 2109 5669
f 2411 4998 5603
f 1696 4644 5035
f 4644 2437 5035
f 1729 4267 6028
f 2276 4105 5879
f 4607 2179 5407
f 2518 4607 5407
f 4142 2393 5771
f 1598 4231 5531
f 1646 4684 6100
f 4480 3269 5166
f 4091 2032 6006
f 4116 1463 5852
f 4504 1311 5674
f 4189 2141 5794
f 4595 2511 5375
f 2178 4595 5375
f 1436 4086 5985
f 2151 4486 5350
f 1480 4201 5867
f 4949 1441 5052
f 2899 5063 5548
f 5063 1867 5548
f 2400 4340 5533
f 1644 4074 6099
f 1679 4304 5519
f 5650 2577 6084
f 1662 4927 5014
f 5514 3024 5742
f 1624 5514 5742
f 1660 4755 5269
f 4754 1661 5268
f 4453 2408 5283
f 5426 2624 6208
f 4269 1603 5550
f 2446 4269 5550
f 4231 1598 5630
f 2458 4231 5630
f 2364 4384 5300
f 5051 1406 5371
f 2040 4074 6139
f 2742 4339 5859
f 4252 2563 5539
f 5045 2760 5739
f 2706 4088 6036
f 4258 1576 5932
f 4559 2206 6079
f 2070 4199 6015
f 2419 4251 5712
f 2394 4376 5628
f 1690 4413 5282
f 4544 2795 5973
f 2228 4691 5243
f 1328 4127 5909
f 1308 4410 5298
f 4992 2613 5333
f 2547 4992 5333
f 4864 2417 5635
f 2416 4863 5634
f 5599 2488 5831
f 3092 5599 5831
f 4645 2006 5833
f 3091 5598 5830
f 5598 2489 5830
f 2423 4329 5420
f 4329 1639 5420
f 5500 1712 5556
f 2574 4381 6013
f 4381 1747 6013
f 4614 374 5936
f 266 4615 5935
f 1374 4536 5158
f 2561 4110 6002
f 4447 2599 6018
f 1764 4447 6018
f 4085 2204 6192
f 4107 2070 6015
f 4967 3052 5024
f 2146 4624 5877
f 4662 2370 5076
f 1438 5451 5667
f 5451 2924 5667
f 3117 5061 5326
f 2125 4340 5880
f 2984 4697 6076
f 4097 1625 6105
f 2811 4542 5454
f 4542 1987 5454
f 2425 4954 5886
f 2879 5046 5223
f 2663 5051 5299
f 2165 4648 5114
f 4461 1473 5878
f 4457 2463 5394
f 1591 4457 5394
f 1832 4453 5283
f 4678 3150 6043
f 2425 4349 5463
f 4182 2148 5791
f 4197 1331 5739
f 4917 3023 5967
f 2123 4168 5871
f 1636 4169 5870
f 5172 2716 5416
f 1335 5172 5416
f 4505 2796 6074
f 2625 5607 6209
f 2186 4475 5255
f 4234 2268 5659
f 4249 3624 5769
f 2761 4249 5769
f 4245 184 5654
f 2967 5381 5821
f 5381 2401 5821
f 3182 5366 5923
f 4815 2477 5014
f 4546 1744 6194
f 2298 4821 5147
f 4203 2609 5741
f 1375 4524 5895
f 4524 2581 5895
f 4252 1331 6210
f 2563 4252 6210
f 4934 2234 5494
f 1865 5015 5109
f 5015 2738 5109
f 4349 1633 5463
f 5094 1734 6075
f 3315 5094 6075
f 4964 1695 6202
f 4639 1598 6066
f 2683 4639 6066
f 4648 2779 5114
f 4608 1644 5140
f 2875 5391 6196
f 4567 2665 6148
f 1591 4567 6148
f 4491 2498 5658
f 1387 4718 5081
f 4477 2665 5289
f 2424 4976 5459
f 1601 4551 5195
f 4591 2402 5740
f 1312 4371 5448
f 4458 2156 6062
f 1770 5156 5240
f 5156 2640 5240
f 1734 4400 6075
f 4400 2576 6075
f 2280 4560 5992
f 4560 2623 5992
f 2468 5020 5907
f 4276 2092 5961
f 1869 4986 5579
f 4986 2877 5579
f 2198 4248 5711
f 4833 2234 6036
f 4251 1723 5712
f 4570 1885 5857
f 5004 2424 5459
f 2314 5088 5939
f 5614 2833 5948
f 3534 4397 5540
f 4369 2412 5957
f 5666 1395 5938
f 4340 1701 5533
f 4222 2161 5788
f 2162 4224 5789
f 4242 2408 6031
f 2333 4182 5955
f 4413 1690 5821
f 2128 4451 5929
f 4400 1734 5457
f 4382 1381 5584
f 4399 1478 5980
f 4475 2418 5703
f 2255 4300 5618
f 2674 4534 5278
f 4637 1754 6186
f 2578 4921 5406
f 4921 2275 5406
f 4210 1657 5860
f 2512 4157 6195
f 4621 1748 6143
f 1311 4504 5332
f 1406 5051 5497
f 5051 2663 5497
f 4486 2534 5350
f 4282 2410 6144
f 1439 4895 5303
f 4895 2555 5303
f 2206 4734 6079
f 4157 1789 6195
f 4701 3206 6008
f 2719 4701 6008
f 4700 2720 6007
f 3207 4700 6007
f 1593 4409 5754
f 2804 4186 6048
f 5072 2542 5301
f 2092 4327 5961
f 4448 1539 6000
f 2430 4874 5965
f 4875 2431 5966
f 2567 5655 6185
f 5655 3257 6185
f 1584 4228 6091
f 2709 5001 5008
f 2364 4917 5967
f 4179 1299 6132
f 4247 2510 6187
f 2401 4413 5821
f 4481 2578 5406
f 5113 2984 5581
f 4761 3093 5707
f 2042 4761 5707
f 2091 4527 5346
f 4744 2412 6150
f 2485 4963 5840
f 1674 5292 5501
f 5292 2763 5501
f 5001 2346 5008
f 1640 5080 5273
f 1368 4617 5784
f 2303 4532 5624
f 4775 1743 5310
f 2649 4775 5310
f 2593 4300 5724
f 2440 4382 5584
f 2069 4218 5973
f 1386 4967 5024
f 2414 4956 5679
f 4679 2427 5819
f 5208 1731 5762
f 3053 5208 5762
f 2811 4427 5524
f 4456 2240 5643
f 4376 1692 5628
f 4308 2874 5725
f 1397 4205 6027
f 4312 2597 5721
f 4318 3303 6090
f 4726 3105 5708
f 4312 2254 5731
f 4585 1609 5315
f 1757 5104 5812
f 5104 2802 5812
f 1648 4187 6203
f 86 4244 5962
f 1369 4347 5670
f 3324 4949 5052
f 2457 4929 5808
f 5047 2002 6060
f 2848 5047 6060
f 4960 2848 6060
f 2864 4763 5417
f 4962 1735 5429
f 2591 4962 5429
f 2961 4628 5275
f 5471 3605 5925
f 2673 5988 6142
f 5060 2277 5852
f 1662 5014 5377
f 4378 2461 5850
f 4957 2604 5979
f 2674 5278 5565
f 4386 2142 5636
f 4320 1684 5764
f 5296 1722 5415
f 2716 5296 5415
f 1627 4672 5944
f 2818 4964 6202
f 1334 4893 5721
f 2388 5117 6080
f 1675 4523 5447
f 4563 1551 5899
f 2439 4678 6043
f 4575 2370 5487
f 4691 2612 5243
f 4906 2422 5418
f 2487 5251 5971
f 4740 1619 5200
f 4842 2480 5138
f 4308 2103 5836
f 4699 2420 5250
f 5297 3149 5622
f 5151 2766 5714
f 2617 5151 5714
f 4486 1738 5844
f 2534 4486 5844
f 5320 3020 6148
f 2665 5320 6148
f 4353 2211 5753
f 4620 3564 5834
f 2433 4276 5961
f 4489 1436 5523
f 2449 4668 5302
f 4298 2189 5888
f 2190 4299 5889
f 4720 2439 6043
f 4251 2419 6109
f 2410 4441 5621
f 1707 4225 6200
f 1755 4484 6160
f 4484 2600 6160
f 4267 2392 6028
f 5002 2345 5185
f 1661 4754 5625
f 4755 1660 5626
f 1338 5137 5227
f 5137 2747 5227
f 4807 2312 6097
f 2916 4618 5386
f 2640 5156 5430
f 4599 2125 5880
f 1399 4270 6056
f 2930 5586 5726
f 5586 1856 5726
f 5207 1834 5388
f 2658 5207 5388
f 2875 5173 5391
f 4340 2400 5880
f 2365 4621 6143
f 4257 2875 6196
f 2467 4442 5952
f 4473 2451 5613
f 4421 1425 5733
f 2496 5642 5847
f 1624 4561 5514
f 4409 2433 5754
f 4810 3555 5450
f 4961 2287 5573
f 2612 4961 5573
f 2408 4840 5283
f 2939 5666 5938
f 3671 4423 5937
f 4650 2746 5403
f 5110 2223 5155
f 5393 2785 5394
f 2463 5393 5394
f 5483 1608 5522
f 2810 5483 5522
f 4997 2966 5161
f 2010 5173 6046
f 5173 2875 6046
f 1393 4378 5850
f 2364 5081 5908
f 5020 2853 5907
f 3253 4511 5606
f 4795 2288 5876
f 4676 2744 5791
f 2148 4676 5791
f 4751 1658 5387
f 4946 1335 5724
f 4372 2291 5878
f 2702 5176 5582
f 5176 2596 5582
f 5127 1710 5599
f 3092 5127 5599
f 2524 4346 5951
f 4991 2863 5177
f 3091 5131 5598
f 5131 1711 5598
f 4801 2187 5897
f 1373 5038 5937
f 4398 1619 6081
f 2347 4835 5260
f 5174 2457 5808
f 1639 4329 6021
f 1570 4475 5703
f 2408 4453 6031
f 4401 1454 5864
f 3081 5512 6175
f 5512 1445 6175
f 4601 2919 5689
f 4501 2840 5665
f 2839 4502 5669
f 5145 2459 5146
f 2659 5145 5146
f 4712 2335 6168
f 2671 4712 6168
f 4497 3443 5828
f 2753 4497 5828
f 2475 4879 5719
f 2576 4400 5884
f 5125 1695 5306
f 2590 5125 5306
f 4559 2675 5591
f 4402 2523 5873
f 2683 4504 5674
f 1559 4997 5161
f 1440 4369 5957
f 2534 5844 6025
f 5844 3166 6025
f 5005 1388 5209
f 2896 5005 5209
f 5643 2790 6201
f 4944 2379 5218
f 1716 4715 5959
f 1969 4857 5293
f 4823 2311 5317
f 1563 4384 5967
f 4546 2474 5964
f 4429 1694 5865
f 1496 6173 6179
f 6173 3456 6179
f 3514 4751 5387
f 4898 2486 5265
f 2710 5002 5185
f 5075 2377 5510
f 3012 5083 5895
f 2059 4716 5903
f 4716 3294 5903
f 5232 1842 5989
f 2857 5232 5989
f 2477 5038 5377
f 5038 2574 5377
f 2986 4565 5759
f 5092 1712 6178
f 2896 5526 5776
f 5526 1752 5776
f 5391 1760 6196
f 5125 2590 5139
f 1947 4911 5341
f 4912 1948 5342
f 4328 1725 6193
f 4550 2414 5679
f 5457 1734 5793
f 3440 4541 5855
f 4541 2762 5855
f 5329 2839 5956
f 2516 4830 5430
f 4830 1389 5430
f 2421 4745 5450
f 4450 2544 5911
f 2545 4449 5912
f 5313 1682 6098
f 2837 5092 6178
f 4766 1648 6203
f 2492 5125 5139
f 3053 5762 5898
f 5762 2524 5898
f 3726 4580 6100
f 4673 1628 6045
f 4442 2037 5952
f 1639 4787 5420
f 4797 1641 5418
f 2847 5110 5155
f 4817 1679 5519
f 5272 2696 5540
f 1392 5272 5540
f 4357 2404 6182
f 5185 1697 5990
f 4976 1704 5459
f 2578 4481 5861
f 2714 5322 5662
f 2498 4982 5658
f 1315 4810 5450
f 2642 4381 6140
f 2482 4398 6081
f 5128 1567 5330
f 3058 5128 5330
f 2348 5050 5449
f 2219 4379 6159
f 4911 2501 5341
f 2502 4912 5342
f 2199 4410 6080
f 5046 2363 5223
f 4723 1520 5639
f 2530 4723 5639
f 5125 2492 6202
f 2814 4693 5558
f 4545 2799 5784
f 4408 2540 6167
f 1381 4408 6167
f 2125 4601 5689
f 2415 4448 6000
f 2292 4422 6069
f 2476 5433 5434
f 5433 2801 5434
f 5707 3093 6084
f 2577 5707 6084
f 5196 2493 5661
f 2820 5216 5217
f 5216 2423 5217
f 2368 5152 5256
f 3034 5160 5647
f 5459 1704 5507
f 2141 4667 5794
f 4833 3254 5527
f 1688 4591 5740
f 4753 1386 5536
f 5190 2970 6119
f 1397 5190 6119
f 5481 1328 5564
f 2685 5328 5933
f 5328 2840 5933
f 2839 5329 5934
f 5329 2686 5934
f 4868 3081 5620
f 1387 4968 5958
f 3354 4669 5640
f 3164 4924 5807
f 4924 2067 5807
f 4446 2218 6114
f 1804 4517 5939
f 5080 2485 5273
f 5051 2462 5299
f 4695 2910 5692
f 5232 2857 6097
f 2312 5232 6097
f 1738 5363 5844
f 5363 3166 5844
f 2659 5146 5641
f 5146 1699 5641
f 2745 5035 5316
f 4852 1385 5525
f 2252 5053 5502
f 5054 2253 5503
f 5017 3119 5848
f 2071 5017 5848
f 3120 5018 5849
f 5018 2072 5849
f 3642 4817 5519
f 2792 4825 5889
f 4825 2190 5889
f 4824 2793 5888
f 2189 4824 5888
f 2934 5685 5813
f 5685 1779 5813
f 2541 5072 5301
f 4847 2419 5761
f 1564 4549 5907
f 2917 5086 5575
f 1677 4690 5806
f 5152 3042 5256
f 2720 4945 5682
f 1448 4532 5949
f 2240 4886 5643
f 5562 2876 5568
f 1445 5562 5568
f 4743 2833 5614
f 2096 4951 6199
f 4951 3345 6199
f 2505 4940 5812
f 5061 1577 5326
f 1720 4944 6131
f 4944 2719 6131
f 4671 3217 5747
f 4922 2374 5638
f 1738 4855 5986
f 5014 2477 5377
f 1744 4546 5964
f 4551 1601 6092
f 5258 2432 5841
f 5480 1627 5843
f 2908 5480 5843
f 1628 5479 5842
f 5479 2909 5842
f 62 4630 6086
f 4629 208 6085
f 1726 4952 5539
f 4898 1457 6123
f 2586 4620 5834
f 2550 4652 5793
f 4747 1634 5671
f 4500 1700 6107
f 2462 5051 5371
f 3300 4934 5494
f 5310 2605 5500
f 2649 5310 5500
f 1568 4777 5902
f 5862 1504 5948
f 3060 5862 5948
f 1704 4790 6020
f 2371 4619 5868
f 4667 2919 5794
f 5773 2592 6136
f 2390 4645 5833
f 5262 2605 5303
f 5452 3006 5453
f 2445 5452 5453
f 4624 2973 5877
f 2422 5062 5378
f 4512 2808 6128
f 2590 5306 5429
f 3302 5233 5754
f 2645 5004 5459
f 2556 5605 6128
f 2857 4531 6097
f 1610 5285 6051
f 5285 2834 6051
f 5039 2322 5687
f 1698 5001 6070
f 5001 2709 6070
f 2537 4903 5564
f 4670 2284 5837
f 1593 4679 5819
f 1770 5240 5749
f 5240 2707 5749
f 4562 2296 6061
f 4790 3247 6020
f 1601 5150 6092
f 5150 2802 6092
f 3515 4871 5800
f 3435 4665 6114
f 4537 1438 6152
f 5234 2139 5661
f 3297 5234 5661
f 2555 5262 5303
f 4863 1379 5634
f 1380 4864 5635
f 2645 5459 5507
f 1706 5254 5658
f 3236 4968 5534
f 1377 4772 5734
f 4967 1386 6078
f 4856 3886 5779
f 2710 5185 5990
f 4886 2790 5643
f 5415 2525 5416
f 2716 5415 5416
f 2562 4660 5943
f 4695 2561 6002
f 1746 4695 6002
f 1368 5784 5954
f 4785 2519 6049
f 5173 2432 5391
f 1692 4948 5628
f 2799 5187 5513
f 5187 1832 5513
f 5053 3391 5502
f 3392 5054 5503
f 2669 5121 5917
f 5121 3057 5917
f 2811 5454 5829
f 5454 2664 5829
f 2523 4775 5787
f 2512 4793 5774
f 5301 1614 6190
f 4790 1704 5780
f 1619 4740 6081
f 5156 2516 5430
f 3094 5400 5496
f 5431 2508 5432
f 2777 5431 5432
f 5027 1289 5547
f 4948 3697 5628
f 25 5121 5839
f 5121 2669 5839
f 3701 5060 5852
f 4879 1808 5719
f 2624 5848 6208
f 5848 3119 6208
f 5849 2625 6209
f 3120 5849 6209
f 1551 5261 5899
f 2349 4905 5698
f 4904 2350 5699
f 2890 5463 5773
f 5463 1633 5773
f 5689 2919 6183
f 5675 2984 6076
f 1962 5675 6076
f 1748 4660 6113
f 4660 2562 6113
f 5236 2756 5771
f 2393 5236 5771
f 4926 1950 5694
f 4718 1387 5958
f 2618 5397 5507
f 5397 2645 5507
f 1713 4856 5779
f 5461 2483 5462
f 2870 5461 5462
f 5117 3338 6080
f 1438 5667 6152
f 5546 2798 5891
f 1445 5568 6175
f 5568 2960 6175
f 1398 5529 5744
f 4931 2434 5832
f 3008 4609 6194
f 5000 3456 6173
f 2970 5637 6119
f 5637 2756 6119
f 4777 2510 5902
f 4982 1706 5658
f 2610 5698 5870
f 4805 1654 5883
f 1856 5586 5752
f 5586 2812 5752
f 5262 1712 5500
f 2605 5262 5500
f 5306 2591 5429
f 2517 4801 5897
f 2581 4766 6203
f 2241 4690 6053
f 1625 4742 6105
f 2398 4637 6186
f 2546 4985 5941
f 2591 5306 5477
f 4684 2375 6100
f 1574 4720 6043
f 5233 1593 5754
f 3027 4965 5753
f 4803 2551 5960
f 1585 5113 5581
f 2557 5206 5959
f 5016 1721 5682
f 5262 2555 6178
f 2582 5497 5498
f 5497 2663 5498
f 4962 2591 5744
f 4707 249 6103
f 4708 401 6104
f 2257 4803 5960
f 4991 2363 5722
f 5306 1695 5477
f 1662 5377 5996
f 5845 3088 6207
f 1800 5845 6207
f 4769 2280 5992
f 2064 5253 5521
f 5253 2594 5521
f 4929 1756 5808
f 4734 2862 6079
f 4940 1757 5812
f 3373 5760 6172
f 2939 5078 5666
f 5056 2467 5952
f 2890 5773 6136
f 1652 5263 5691
f 5263 2786 5691
f 1386 4753 6078
f 3176 5745 6177
f 5470 2637 5554
f 2653 5470 5554
f 4713 326 6174
f 3043 4979 5788
f 4980 3044 5789
f 2806 5689 6183
f 1576 5340 5932
f 2288 4785 6049
f 5482 2531 5483
f 2810 5482 5483
f 4917 2364 5908
f 5660 2803 5727
f 2598 5660 5727
f 5280 1368 5954
f 1739 4744 6150
f 5400 2453 5496
f 4874 369 5965
f 269 4875 5966
f 4855 2497 5986
f 2284 4988 5837
f 4988 2724 5837
f 5160 1651 5647
f 5713 1999 6181
f 2985 5713 6181
f 4954 1383 5886
f 2914 5174 5808
f 5425 2333 5955
f 3529 5425 5955
f 2590 5429 6019
f 2585 5842 5893
f 5842 2909 5893
f 2908 5843 5892
f 5843 2584 5892
f 2079 5358 6011
f 2756 5236 6119
f 5236 1397 6119
f 5797 1739 6150
f 2341 5402 5867
f 2436 5090 5817
f 5090 2603 5817
f 4812 1317 6125
f 2500 4981 5900
f 2510 4777 6187
f 5382 2821 5719
f 1808 5382 5719
f 5088 3445 5939
f 2470 5537 5538
f 5537 3098 5538
f 5542 2659 5641
f 2690 5542 5641
f 2442 5297 5622
f 4813 1666 6154
f 1667 4814 6155
f 1478 5916 5980
f 5916 2968 5980
f 5860 1657 6157
f 3035 5860 6157
f 1794 5570 5730
f 5570 2737 5730
f 2799 5513 5954
f 5513 2571 5954
f 2486 4898 6123
f 4985 1642 5941
f 5784 2799 5954
f 5713 2985 5902
f 2510 5713 5902
f 3840 5856 5857
f 5856 2466 5857
f 3047 5645 5824
f 5292 2444 5785
f 2763 5292 5785
f 5122 2452 5792
f 5089 2688 6141
f 3634 5089 6141
f 5322 2559 5662
f 2497 5667 5986
f 5667 2924 5986
f 2702 5582 5678
f 5582 1825 5678
f 5096 2691 6162
f 3665 5096 6162
f 5097 2693 6163
f 3666 5097 6163
f 5083 1375 5895
f 5038 2477 5937
f 1373 5029 6140
f 5029 2642 6140
f 4910 1681 6142
f 4895 2629 6166
f 3121 5631 6109
f 5106 1584 6091
f 2592 5274 6136
f 5507 1704 6020
f 5600 2704 5690
f 2674 5600 5690
f 2812 5751 5752
f 5751 2616 5752
f 1434 5545 6164
f 5711 2635 6121
f 2335 4938 6168
f 2713 5653 5835
f 5653 2775 5835
f 5691 2786 5823
f 2676 5691 5823
f 2781 5355 5953
f 5355 2454 5953
f 2827 5749 6071
f 5755 2700 5976
f 2852 5755 5976
f 2605 5310 6184
f 1709 5896 6118
f 5896 2972 6118
f 5742 3024 5974
f 5569 2742 5859
f 1898 5569 5859
f 2995 5258 5841
f 5239 1714 6088
f 2643 5684 6130
f 5683 2644 6129
f 5261 2883 5899
f 5710 2725 5811
f 5206 1716 5959
f 1324 5145 6147
f 5145 2659 6147
f 5377 2574 5996
f 2802 5104 6092
f 2628 5093 6117
f 5093 1886 6117
f 2589 5106 6091
f 6017 3064 6018
f 2599 6017 6018
f 5251 2156 5971
f 2571 5280 5954
f 5402 3888 5867
f 5714 2766 5865
f 1694 5714 5865
f 5340 3199 5932
f 1781 5431 6206
f 5431 2777 6206
f 6062 3359 6063
f 2558 6062 6063
f 5366 2491 5923
f 5407 3431 6139
f 3020 5320 6193
f 2673 5411 5988
f 5411 1999 5988
f 3869 6044 6045
f 6044 2514 6045
f 1695 5125 6202
f 2470 5471 5925
f 5706 1937 6145
f 2838 5706 6145
f 5778 1860 5846
f 2028 5328 6110
f 5328 2685 6110
f 2619 5546 5891
f 5645 2548 5824
f 2654 6054 6055
f 6054 2957 6055
f 2519 5809 6049
f 5358 3222 6011
f 3150 5311 6137
f 5311 2098 6137
f 5362 2682 6064
f 1416 5362 6064
f 3432 5375 6006
f 2934 5813 5926
f 2715 5710 5811
f 1714 5299 6088
f 2689 5367 6096
f 5367 1419 6096
f 3658 5313 6098
f 6083 3020 6193
f 1725 6083 6193
f 5274 1859 6136
f 5429 1735 6019
f 1712 5262 6178
f 2721 5778 5846
f 5310 1743 6184
f 6054 1565 6158
f 2957 6054 6158
f 2541 5301 6190
f 2618 5507 6020
f 3709 5947 6041
f 6093 2609 6094
f 3205 6093 6094
f 5746 2257 5960
f 3498 5746 5960
f 5813 2632 5926
f 2595 5742 5974
f 5663 2486 6123
f 5545 2613 6164
f 2756 5637 6159
f 5637 2219 6159
f 5944 2513 5945
f 3800 5944 5945
f 3174 5663 6123
f 5809 3479 6049
f 5749 2707 6071
f 337 5683 6129
f 5684 301 6130
f 2198 5711 6121
f 5853 1930 6074
f 2796 5853 6074
f 5947 2533 6041
f 5745 2586 6177
f 5760 2561 6172
f 6780 7383 7003
f 6465 895 6463
f 894 6463 895
f 7383 6780 7134
f 895 6464 6462
f 6462 894 895
f 7609 6911 6554
f 6668 7134 6780
f 7609 6212 7582
f 895 6465 896
f 6403 6713 6467
f 896 6465 4
f 6464 895 896
f 6465 890 4
f 6464 896 4
f 450 6464 4
f 6964 6321 6909
f 6212 7609 6554
f 6320 6963 6908
f 7608 6910 6553
f 6962 6319 6907
f 7133 6667 6779
f 6318 6961 6906
f 7489 6779 6667
f 6960 6325 6905
f 6467 6433 6403
f 6324 6959 6904
f 7611 6403 6433
f 6958 6323 6903
f 7142 6677 6789
f 6322 6957 6902
f 7485 6789 6677
f 6956 6329 6901
f 6710 6402 6466
f 6328 6955 6900
f 6430 6466 6402
f 6954 6327 6899
f 6676 7141 6788
f 6326 6953 6898
f 6788 7486 6676
f 6952 6333 6897
f 6402 7610 6430
f 6332 6951 6896
f 6805 7016 7156
f 6950 6331 6895
f 7140 6675 6787
f 6330 6949 6894
f 7487 6787 6675
f 6948 6337 6893
f 7016 941 7156
f 6336 6947 6892
f 7015 6804 7155
f 6946 6335 6891
f 6674 7139 6786
f 6334 6945 6890
f 6786 7488 6674
f 6944 6341 6889
f 1043 7015 7155
f 6340 6943 6888
f 6803 7014 7154
f 6942 6339 6887
f 7148 6685 6797
f 6338 6941 6886
f 7477 6797 6685
f 6940 6345 6881
f 7014 1135 7154
f 6344 6939 6880
f 7013 6802 7153
f 6938 6343 6879
f 6684 7147 6796
f 6342 6937 6878
f 6796 7478 6684
f 7608 6211 7581
f 891 6968 6966
f 6211 7608 6553
f 6967 891 6965
f 6999 999 7381
f 892 6970 6968
f 997 7381 999
f 6969 892 6967
f 6461 6463 894
f 893 6461 894
f 6462 6460 894
f 6460 893 894
f 1237 7013 7153
f 6797 7012 7148
f 7146 6683 6795
f 7479 6795 6683
f 7012 928 7148
f 7011 6796 7147
f 6682 7145 6794
f 6794 7480 6682
f 6667 7133 7057
f 7057 6563 6667
f 6596 6431 6711
f 1058 7011 7147
f 6795 7010 7146
f 7156 6693 6805
f 7469 6805 6693
f 7010 1122 7146
f 7009 6794 7145
f 6692 7155 6804
f 6804 7470 6692
f 1251 7009 7145
f 6789 7008 7142
f 7154 6691 6803
f 7471 6803 6691
f 7008 914 7142
f 7007 6788 7141
f 6690 7153 6802
f 6802 7472 6690
f 6677 7142 7062
f 7062 6571 6677
f 6569 6428 6675
f 7141 6676 7061
f 6570 7061 6676
f 6427 6570 6676
f 6675 7140 7060
f 7060 6569 6675
f 6571 6426 6677
f 7139 6674 7059
f 6568 7059 6674
f 6429 6568 6674
f 6997 1193 7379
f 1191 7379 1193
f 7164 6701 6813
f 7461 6813 6701
f 986 7613 7382
f 7382 987 986
f 6700 7163 6812
f 6812 7462 6700
f 7000 7613 7028
f 7380 1181 1179
f 7162 6699 6811
f 7463 6811 6699
f 6263 7387 6377
f 6377 7387 6817
f 6698 7161 6810
f 6810 7464 6698
f 6685 7148 7066
f 7066 6579 6685
f 6579 6422 6685
f 7147 6684 7065
f 6578 7065 6684
f 6423 6578 6684
f 6683 7146 7064
f 7064 6577 6683
f 6577 6424 6683
f 7145 6682 7063
f 6576 7063 6682
f 6425 6576 6682
f 6377 6770 6263
f 6377 7522 6770
f 7172 6709 6821
f 7453 6821 6709
f 7386 6262 6376
f 7386 6376 6816
f 6708 7171 6820
f 6820 7454 6708
f 6771 6376 6262
f 7521 6376 6771
f 7170 6707 6819
f 7455 6819 6707
f 6261 7385 6375
f 6375 7385 6815
f 6706 7169 6818
f 6818 7456 6706
f 6693 7156 7070
f 7070 6587 6693
f 6587 6418 6693
f 7155 6692 7069
f 6586 7069 6692
f 6419 6586 6692
f 6691 7154 7068
f 7068 6585 6691
f 6585 6420 6691
f 7153 6690 7067
f 6584 7067 6690
f 6421 6584 6690
f 6375 6772 6261
f 6375 7520 6772
f 7180 6717 6829
f 7445 6829 6717
f 7384 6260 6374
f 7384 6374 6814
f 6716 7179 6828
f 6828 7446 6716
f 6773 6374 6260
f 7519 6374 6773
f 7178 6715 6827
f 7447 6827 6715
f 6259 7391 6381
f 6381 7391 6809
f 6714 7177 6826
f 6826 7448 6714
f 6701 7164 7074
f 7074 6595 6701
f 6595 6414 6701
f 7163 6700 7073
f 6594 7073 6700
f 6415 6594 6700
f 6699 7162 7072
f 7072 6593 6699
f 6593 6416 6699
f 7161 6698 7071
f 6592 7071 6698
f 6417 6592 6698
f 6709 7172 7078
f 7078 6601 6709
f 6601 6410 6709
f 7171 6708 7077
f 6600 7077 6708
f 6411 6600 6708
f 6707 7170 7076
f 7076 6599 6707
f 6599 6412 6707
f 7169 6706 7075
f 6598 7075 6706
f 6413 6598 6706
f 6717 7180 7082
f 7082 6609 6717
f 6609 6406 6717
f 7179 6716 7081
f 6608 7081 6716
f 6607 6408 6715
f 6715 7178 7080
f 7080 6607 6715
f 6407 6608 6716
f 7177 6714 7079
f 6606 7079 6714
f 6409 6606 6714
f 7196 6725 7088
f 6617 7088 6725
f 1071 7007 7141
f 6724 7195 7087
f 7087 6616 6724
f 6459 6554 6657
f 7194 6723 7086
f 6615 7086 6723
f 6787 7006 7140
f 6722 7193 7085
f 7085 6614 6722
f 6239 6459 6657
f 7204 6733 7096
f 6625 7096 6733
f 6458 6553 6655
f 6732 7203 7095
f 7095 6624 6732
f 6238 6458 6655
f 7202 6731 7094
f 6623 7094 6731
f 6457 6558 6665
f 6730 7201 7093
f 7093 6622 6730
f 6243 6457 6665
f 7208 6741 7100
f 6633 7100 6741
f 6557 6456 6664
f 6740 7207 7099
f 7099 6632 6740
f 6456 6242 6664
f 7206 6739 7098
f 6631 7098 6739
f 6455 6556 6663
f 6738 7205 7097
f 7097 6630 6738
f 6241 6455 6663
f 7030 6781 7004
f 7030 6669 6781
f 6381 6762 6259
f 6778 7029 7001
f 6666 7029 6778
f 6381 7514 6762
f 7216 6749 7108
f 6641 7108 6749
f 6555 6454 6662
f 6748 7215 7107
f 7107 6640 6748
f 6454 6240 6662
f 7214 6747 7106
f 6639 7106 6747
f 6453 6562 6673
f 6746 7213 7105
f 7105 6638 6746
f 6247 6453 6673
f 7224 6757 7116
f 6645 7116 6757
f 6561 6452 6672
f 6756 7223 7115
f 7115 6644 6756
f 6452 6246 6672
f 7222 6755 7114
f 6643 7114 6755
f 6451 6560 6671
f 6754 7221 7113
f 7113 6642 6754
f 6245 6451 6671
f 7236 6765 7124
f 6653 7124 6765
f 6559 6450 6670
f 6764 7235 7123
f 7123 6652 6764
f 6450 6244 6670
f 7234 6763 7122
f 6651 7122 6763
f 6449 6567 6681
f 6762 7233 7121
f 7121 6650 6762
f 6251 6449 6681
f 7248 6773 7132
f 6661 7132 6773
f 6566 6448 6680
f 6772 7247 7131
f 7131 6660 6772
f 6448 6250 6680
f 7246 6771 7130
f 6659 7130 6771
f 6447 6565 6679
f 6770 7245 7129
f 7129 6658 6770
f 6249 6447 6679
f 6769 7192 7232
f 7232 6881 6769
f 7439 6769 6881
f 7191 6768 7231
f 6880 7231 6768
f 6768 7438 6880
f 6767 7190 7230
f 7230 6879 6767
f 7437 6767 6879
f 7189 6766 7229
f 6878 7229 6766
f 6766 7436 6878
f 6777 7200 7244
f 7244 6889 6777
f 7444 6777 6889
f 7199 6776 7243
f 6888 7243 6776
f 6776 7443 6888
f 6775 7198 7242
f 7242 6887 6775
f 7442 6775 6887
f 7197 6774 7241
f 6886 7241 6774
f 6774 7441 6886
f 6657 7084 7192
f 7192 6769 6657
f 7411 6657 6769
f 6655 7083 7190
f 7190 6767 6655
f 7409 6655 6767
f 6785 7212 7256
f 7256 6893 6785
f 7452 6785 6893
f 7211 6784 7255
f 6892 7255 6784
f 6784 7451 6892
f 6783 7210 7254
f 7390 6258 6380
f 7390 6380 6808
f 6321 6964 6825
f 6825 6373 6321
f 7254 6891 6783
f 6963 6320 6824
f 6372 6824 6320
f 7450 6783 6891
f 6319 6962 6823
f 6823 6371 6319
f 7209 6782 7253
f 6961 6318 6822
f 6370 6822 6318
f 6890 7253 6782
f 6325 6960 6833
f 6833 6369 6325
f 6782 7449 6890
f 6959 6324 6832
f 6368 6832 6324
f 6665 7092 7200
f 6323 6958 6831
f 6831 6367 6323
f 7200 6777 6665
f 6957 6322 6830
f 6366 6830 6322
f 7407 6665 6777
f 6329 6956 6841
f 6841 6365 6329
f 7091 6664 7199
f 6955 6328 6840
f 6364 6840 6328
f 6776 7199 6664
f 6327 6954 6839
f 6839 6363 6327
f 6664 7406 6776
f 6953 6326 6838
f 6362 6838 6326
f 6663 7090 7198
f 6333 6952 6849
f 6849 6361 6333
f 7198 6775 6663
f 6951 6332 6848
f 6360 6848 6332
f 7405 6663 6775
f 6331 6950 6847
f 6847 6359 6331
f 7089 6662 7197
f 6949 6330 6846
f 6358 6846 6330
f 6774 7197 6662
f 6337 6948 6857
f 6857 6357 6337
f 6662 7404 6774
f 6947 6336 6856
f 6356 6856 6336
f 6793 7220 7260
f 6335 6946 6855
f 6855 6355 6335
f 7260 6897 6793
f 6945 6334 6854
f 6354 6854 6334
f 7460 6793 6897
f 6341 6944 6865
f 6865 6353 6341
f 7219 6792 7259
f 6943 6340 6864
f 6352 6864 6340
f 6896 7259 6792
f 6339 6942 6863
f 6863 6351 6339
f 6792 7459 6896
f 6941 6338 6862
f 6350 6862 6338
f 6791 7218 7258
f 6345 6940 6873
f 6873 6349 6345
f 7258 6895 6791
f 6939 6344 6872
f 6348 6872 6344
f 7458 6791 6895
f 6343 6938 6871
f 6871 6347 6343
f 7217 6790 7257
f 6937 6342 6870
f 6346 6870 6342
f 6894 7257 6790
f 6790 7457 6894
f 6673 7104 7212
f 7212 6785 6673
f 7403 6673 6785
f 7103 6672 7211
f 6784 7211 6672
f 6672 7402 6784
f 6671 7102 7210
f 7210 6783 6671
f 7401 6671 6783
f 7101 6670 7209
f 6782 7209 6670
f 6670 7400 6782
f 6801 7228 7264
f 7264 6901 6801
f 7468 6801 6901
f 7227 6800 7263
f 6900 7263 6800
f 6800 7467 6900
f 6799 7226 7262
f 7262 6899 6799
f 7466 6799 6899
f 7225 6798 7261
f 6898 7261 6798
f 6798 7465 6898
f 6681 7112 7220
f 7220 6793 6681
f 7399 6681 6793
f 7111 6680 7219
f 6792 7219 6680
f 6680 7398 6792
f 6679 7110 7218
f 7218 6791 6679
f 7397 6679 6791
f 7109 6678 7217
f 6790 7217 6678
f 6678 7396 6790
f 6809 7240 7268
f 7268 6905 6809
f 7476 6809 6905
f 7239 6808 7267
f 6904 7267 6808
f 6808 7475 6904
f 6807 7238 7266
f 7266 6903 6807
f 7474 6807 6903
f 7237 6806 7265
f 6902 7265 6806
f 6806 7473 6902
f 6689 7120 7228
f 7228 6801 6689
f 7395 6689 6801
f 7119 6688 7227
f 6800 7227 6688
f 6688 7394 6800
f 6687 7118 7226
f 7226 6799 6687
f 7393 6687 6799
f 7117 6686 7225
f 6798 7225 6686
f 6686 7392 6798
f 6817 7252 7272
f 7272 6909 6817
f 7484 6817 6909
f 7251 6816 7271
f 6908 7271 6816
f 6816 7483 6908
f 6815 7250 7270
f 7270 6907 6815
f 7482 6815 6907
f 7249 6814 7269
f 6906 7269 6814
f 6814 7481 6906
f 6712 7144 7274
f 7274 6824 6712
f 7570 6712 6824
f 7143 6711 7273
f 6823 7273 6711
f 6711 7569 6823
f 6697 7128 7240
f 7240 6809 6697
f 7391 6697 6809
f 7127 6696 7239
f 6808 7239 6696
f 6696 7390 6808
f 6695 7126 7238
f 7238 6807 6695
f 7389 6695 6807
f 7125 6694 7237
f 6806 7237 6694
f 6694 7388 6806
f 7152 6721 7278
f 6833 7278 6721
f 6721 7568 6833
f 6720 7151 7277
f 7277 6832 6720
f 7567 6720 6832
f 7150 6719 7276
f 6831 7276 6719
f 6719 7566 6831
f 6718 7149 7275
f 7275 6830 6718
f 7565 6718 6830
f 6705 7138 7252
f 7252 6817 6705
f 7387 6705 6817
f 7137 6704 7251
f 6816 7251 6704
f 6704 7386 6816
f 6703 7136 7250
f 7250 6815 6703
f 7385 6703 6815
f 7135 6702 7249
f 6814 7249 6702
f 6702 7384 6814
f 7160 6729 7282
f 6841 7282 6729
f 6729 7564 6841
f 6728 7159 7281
f 7281 6840 6728
f 7563 6728 6840
f 7158 6727 7280
f 6839 7280 6727
f 6727 7562 6839
f 6726 7157 7279
f 7279 6838 6726
f 7561 6726 6838
f 7168 6737 7286
f 6849 7286 6737
f 6737 7560 6849
f 6736 7167 7285
f 7285 6848 6736
f 7559 6736 6848
f 7166 6735 7284
f 6847 7284 6735
f 6735 7558 6847
f 6734 7165 7283
f 7283 6846 6734
f 7557 6734 6846
f 7176 6745 7290
f 6857 7290 6745
f 6745 7556 6857
f 6744 7175 7289
f 7289 6856 6744
f 7555 6744 6856
f 7174 6743 7288
f 6855 7288 6743
f 6743 7554 6855
f 6742 7173 7287
f 7287 6854 6742
f 7553 6742 6854
f 7184 6753 7296
f 6865 7296 6753
f 6753 7552 6865
f 6752 7183 7295
f 7295 6864 6752
f 7551 6752 6864
f 7182 6751 7294
f 6863 7294 6751
f 6751 7550 6863
f 6750 7181 7293
f 7293 6862 6750
f 7549 6750 6862
f 7188 6761 7300
f 6873 7300 6761
f 6761 7548 6873
f 6760 7187 7299
f 7299 6872 6760
f 7547 6760 6872
f 7186 6759 7298
f 6871 7298 6759
f 6759 7546 6871
f 6758 7185 7297
f 7297 6870 6758
f 7545 6758 6870
f 6554 7302 7084
f 7084 6657 6554
f 6564 6446 6678
f 6553 7301 7083
f 7083 6655 6553
f 6446 6248 6678
f 6558 7306 7092
f 7092 6665 6558
f 6445 6575 6689
f 7305 6557 7091
f 6664 7091 6557
f 6255 6445 6689
f 6556 7304 7090
f 7090 6663 6556
f 6574 6444 6688
f 7303 6555 7089
f 6662 7089 6555
f 6444 6254 6688
f 6562 7310 7104
f 7104 6673 6562
f 6443 6573 6687
f 7309 6561 7103
f 6672 7103 6561
f 6253 6443 6687
f 6560 7308 7102
f 7102 6671 6560
f 6572 6442 6686
f 7307 6559 7101
f 6670 7101 6559
f 6442 6252 6686
f 6567 7314 7112
f 7112 6681 6567
f 6441 6583 6697
f 7313 6566 7111
f 6680 7111 6566
f 6259 6441 6697
f 6565 7312 7110
f 7110 6679 6565
f 6582 6440 6696
f 7311 6564 7109
f 6678 7109 6564
f 6440 6258 6696
f 6575 7318 7120
f 7120 6689 6575
f 6439 6581 6695
f 7317 6574 7119
f 6688 7119 6574
f 6257 6439 6695
f 6573 7316 7118
f 7118 6687 6573
f 6580 6438 6694
f 7315 6572 7117
f 6686 7117 6572
f 6438 6256 6694
f 6583 7322 7128
f 7128 6697 6583
f 6437 6591 6705
f 7321 6582 7127
f 6696 7127 6582
f 6263 6437 6705
f 6581 7320 7126
f 7126 6695 6581
f 6588 6434 6702
f 7319 6580 7125
f 6694 7125 6580
f 6434 6260 6702
f 6591 7326 7138
f 7138 6705 6591
f 6590 6436 6704
f 7325 6590 7137
f 6704 7137 6590
f 6436 6262 6704
f 6589 7324 7136
f 7136 6703 6589
f 6435 6589 6703
f 7323 6588 7135
f 6702 7135 6588
f 6261 6435 6703
f 6597 7328 7144
f 7144 6712 6597
f 7440 6597 6712
f 7327 6596 7143
f 6711 7143 6596
f 6431 6264 6711
f 7332 6605 7152
f 6721 7152 6605
f 6605 7435 6721
f 6604 7331 7151
f 7151 6720 6604
f 7434 6604 6720
f 7330 6603 7150
f 6719 7150 6603
f 6603 7433 6719
f 6602 7329 7149
f 7149 6718 6602
f 7432 6602 6718
f 7336 6613 7160
f 6729 7160 6613
f 6613 7431 6729
f 6612 7335 7159
f 7159 6728 6612
f 7430 6612 6728
f 7334 6611 7158
f 6727 7158 6611
f 6611 7429 6727
f 6610 7333 7157
f 7157 6726 6610
f 7428 6610 6726
f 7340 6621 7168
f 6737 7168 6621
f 6621 7427 6737
f 6620 7339 7167
f 7167 6736 6620
f 7426 6620 6736
f 7338 6619 7166
f 6735 7166 6619
f 6619 7425 6735
f 6618 7337 7165
f 7165 6734 6618
f 7424 6618 6734
f 7344 6629 7176
f 6745 7176 6629
f 6629 7423 6745
f 6628 7343 7175
f 7175 6744 6628
f 7422 6628 6744
f 7342 6627 7174
f 6743 7174 6627
f 6627 7421 6743
f 6626 7341 7173
f 7173 6742 6626
f 7420 6626 6742
f 7348 6637 7184
f 6753 7184 6637
f 6637 7419 6753
f 6636 7347 7183
f 7183 6752 6636
f 7418 6636 6752
f 7346 6635 7182
f 6751 7182 6635
f 6635 7417 6751
f 6634 7345 7181
f 7181 6750 6634
f 7416 6634 6750
f 7352 6649 7188
f 6761 7188 6649
f 6649 7415 6761
f 6648 7351 7187
f 7187 6760 6648
f 7414 6648 6760
f 7350 6647 7186
f 6759 7186 6647
f 6523 6370 6471
f 6647 7413 6759
f 6646 7349 7185
f 6371 6522 6470
f 7185 6758 6646
f 7412 6646 6758
f 6521 6372 6469
f 7354 6656 7191
f 7408 6766 7189
f 6373 6520 6468
f 7408 7189 6654
f 7353 6654 7189
f 6519 6366 6475
f 7410 6768 7191
f 7410 7191 6656
f 6367 6518 6474
f 7382 6837 7196
f 6725 7196 6837
f 6517 6368 6473
f 6837 7490 6725
f 6836 7381 7195
f 6369 6516 6472
f 7195 6724 6836
f 7491 6836 6724
f 6515 6362 6479
f 7380 6835 7194
f 6723 7194 6835
f 6363 6514 6478
f 6835 7492 6723
f 6834 7379 7193
f 6513 6364 6477
f 7193 6722 6834
f 7493 6834 6722
f 6365 6512 6476
f 7378 6845 7204
f 6733 7204 6845
f 6511 6358 6483
f 6845 7494 6733
f 6844 7377 7203
f 6359 6510 6482
f 7203 6732 6844
f 7495 6844 6732
f 6509 6360 6481
f 7376 6843 7202
f 6731 7202 6843
f 6361 6508 6480
f 6843 7496 6731
f 6842 7375 7201
f 6507 6354 6487
f 7201 6730 6842
f 7497 6842 6730
f 6355 6506 6486
f 7374 6853 7208
f 6741 7208 6853
f 6505 6356 6485
f 6853 7498 6741
f 6852 7373 7207
f 6357 6504 6484
f 7207 6740 6852
f 7499 6852 6740
f 6503 6350 6491
f 7372 6851 7206
f 6739 7206 6851
f 6351 6502 6490
f 6851 7500 6739
f 6850 7371 7205
f 6501 6352 6489
f 7205 6738 6850
f 7501 6850 6738
f 6353 6500 6488
f 7370 6861 7216
f 6749 7216 6861
f 6499 6346 6495
f 6861 7502 6749
f 6860 7369 7215
f 6347 6498 6494
f 7215 6748 6860
f 7503 6860 6748
f 6497 6348 6493
f 7368 6859 7214
f 6747 7214 6859
f 6349 6496 6492
f 6859 7504 6747
f 6970 892 893
f 6763 6380 6258
f 6460 6970 893
f 892 6969 893
f 7513 6380 6763
f 6969 6461 893
f 6968 891 892
f 6257 7389 6379
f 891 6967 892
f 6379 7389 6807
f 6 6966 897
f 6966 6 891
f 6 6965 891
f 6965 6 1281
f 885 6964 884
f 6963 676 678
f 663 6962 662
f 6961 453 456
f 870 6960 867
f 6959 691 693
f 647 6958 645
f 6957 470 471
f 853 6956 852
f 6955 707 710
f 632 6954 630
f 6953 486 488
f 837 6952 835
f 6951 724 725
f 616 6950 614
f 6949 501 503
f 821 6948 819
f 6947 740 742
f 599 6946 597
f 6945 518 519
f 805 6944 803
f 6943 756 758
f 583 6942 582
f 6941 533 535
f 790 6940 787
f 6939 771 773
f 568 6938 566
f 6937 549 551
f 6858 7367 7213
f 7213 6746 6858
f 7505 6858 6746
f 7366 6869 7224
f 6757 7224 6869
f 6869 7506 6757
f 6868 7365 7223
f 7223 6756 6868
f 7507 6868 6756
f 7364 6867 7222
f 6755 7222 6867
f 6867 7508 6755
f 6866 7363 7221
f 7221 6754 6866
f 7509 6866 6754
f 7362 6877 7236
f 6765 7236 6877
f 6877 7511 6765
f 6876 7361 7235
f 7235 6764 6876
f 7512 6876 6764
f 7360 6875 7234
f 6763 7234 6875
f 6875 7513 6763
f 6874 7359 7233
f 7233 6762 6874
f 7514 6874 6762
f 7358 6885 7248
f 6773 7248 6885
f 6885 7519 6773
f 6884 7357 7247
f 7247 6772 6884
f 7520 6884 6772
f 7356 6883 7246
f 6771 7246 6883
f 6883 7521 6771
f 6882 7355 7245
f 7245 6770 6882
f 7522 6882 6770
f 6379 6764 6257
f 6885 7358 6976
f 6976 6471 6885
f 6379 7512 6764
f 7357 6884 6975
f 6470 6975 6884
f 7388 6256 6378
f 6883 7356 6974
f 6974 6469 6883
f 7388 6378 6806
f 7355 6882 6973
f 6468 6973 6882
f 6765 6378 6256
f 6877 7362 6980
f 6980 6475 6877
f 7511 6378 6765
f 7361 6876 6979
f 6474 6979 6876
f 6255 7395 6385
f 6875 7360 6978
f 6978 6473 6875
f 6385 7395 6801
f 7359 6874 6977
f 6472 6977 6874
f 6385 6754 6255
f 6869 7366 6984
f 6984 6479 6869
f 6385 7509 6754
f 7365 6868 6983
f 6478 6983 6868
f 7394 6254 6384
f 6867 7364 6982
f 6982 6477 6867
f 7394 6384 6800
f 7363 6866 6981
f 6476 6981 6866
f 6755 6384 6254
f 6861 7370 6988
f 6988 6483 6861
f 7508 6384 6755
f 7369 6860 6987
f 6482 6987 6860
f 6253 7393 6383
f 6859 7368 6986
f 6986 6481 6859
f 6383 7393 6799
f 7367 6858 6985
f 6480 6985 6858
f 7580 6992 7374
f 6853 7374 6992
f 6992 6487 6853
f 6991 7579 7373
f 7373 6852 6991
f 6486 6991 6852
f 7578 6990 7372
f 6851 7372 6990
f 6990 6485 6851
f 6989 7577 7371
f 7371 6850 6989
f 6484 6989 6850
f 7576 6996 7378
f 6845 7378 6996
f 6996 6491 6845
f 6995 7575 7377
f 7377 6844 6995
f 6490 6995 6844
f 7574 6994 7376
f 6843 7376 6994
f 6994 6489 6843
f 6993 7573 7375
f 7375 6842 6993
f 6488 6993 6842
f 6383 6756 6253
f 6837 7382 7000
f 7000 6495 6837
f 6383 7507 6756
f 7381 6836 6999
f 6494 6999 6836
f 7392 6252 6382
f 6835 7380 6998
f 6998 6493 6835
f 7392 6382 6798
f 7379 6834 6997
f 6492 6997 6834
f 6825 7292 6713
f 6713 7572 6825
f 7291 6822 6710
f 7571 6710 6822
f 6471 6314 6885
f 6315 6470 6884
f 6469 6316 6883
f 6317 6468 6882
f 6475 6310 6877
f 6311 6474 6876
f 6473 6312 6875
f 6313 6472 6874
f 6479 6306 6869
f 6307 6478 6868
f 6477 6308 6867
f 6309 6476 6866
f 6483 6302 6861
f 6303 6482 6860
f 6481 6304 6859
f 6305 6480 6858
f 6487 6298 6853
f 6299 6486 6852
f 6485 6300 6851
f 6301 6484 6850
f 6491 6294 6845
f 6295 6490 6844
f 6489 6296 6843
f 6297 6488 6842
f 6495 6290 6837
f 6291 6494 6836
f 6493 6292 6835
f 6293 6492 6834
f 6467 6972 6463
f 6463 6972 6465
f 6463 6461 6467
f 6971 6466 6462
f 6971 6462 6464
f 6460 6462 6466
f 899 7030 7004
f 7029 1279 7001
f 7410 6405 6768
f 7492 6405 6723
f 6405 7492 6400
f 6768 6405 6400
f 7408 6404 6766
f 7490 6404 6725
f 6404 7490 6398
f 6766 6404 6398
f 7583 6432 6237
f 7387 6263 6705
f 6757 6382 6252
f 7506 6382 6757
f 6432 6563 6237
f 6262 7386 6704
f 6251 7399 6389
f 6389 7399 6793
f 6421 7595 6228
f 7385 6261 6703
f 6389 6746 6251
f 6389 7505 6746
f 6584 6421 6228
f 6260 7384 6702
f 7398 6250 6388
f 7398 6388 6792
f 6293 6834 7493
f 7594 6420 6227
f 7391 6259 6697
f 6293 7493 6401
f 6747 6388 6250
f 7504 6388 6747
f 6291 6836 7491
f 6420 6585 6227
f 6258 7390 6696
f 6291 7491 6399
f 6249 7397 6387
f 6387 7397 6791
f 6419 7593 6226
f 7389 6257 6695
f 6387 6748 6249
f 6387 7503 6748
f 6586 6419 6226
f 6256 7388 6694
f 7396 6248 6386
f 7396 6386 6790
f 7592 6418 6225
f 7395 6255 6689
f 6749 6386 6248
f 7502 6386 6749
f 6297 6842 7497
f 6418 6587 6225
f 6254 7394 6688
f 6297 7497 6397
f 6247 7403 6393
f 6393 7403 6785
f 6843 6296 7496
f 7606 6408 6215
f 7393 6253 6687
f 7496 6296 6396
f 6393 6738 6247
f 6393 7501 6738
f 6408 6607 6215
f 6252 7392 6686
f 7402 6246 6392
f 7402 6392 6784
f 7604 6406 6213
f 7399 6251 6681
f 6739 6392 6246
f 7500 6392 6739
f 6406 6609 6213
f 6250 7398 6680
f 6245 7401 6391
f 6391 7401 6783
f 6295 6844 7495
f 6409 7607 6216
f 7397 6249 6679
f 6295 7495 6395
f 6391 6740 6245
f 6391 7499 6740
f 6845 6294 7494
f 6606 6409 6216
f 6248 7396 6678
f 7494 6294 6394
f 7400 6244 6390
f 7400 6390 6782
f 6407 7605 6214
f 7403 6247 6673
f 6741 6390 6244
f 7498 6390 6741
f 6608 6407 6214
f 6246 7402 6672
f 6243 7407 6397
f 6397 7407 6777
f 6425 7591 6232
f 7401 6245 6671
f 6397 6730 6243
f 6397 7497 6730
f 6301 6850 7501
f 6576 6425 6232
f 6244 7400 6670
f 6301 7501 6393
f 7406 6242 6396
f 7406 6396 6776
f 6851 6300 7500
f 7590 6424 6231
f 7407 6243 6665
f 7500 6300 6392
f 6731 6396 6242
f 7496 6396 6731
f 6424 6577 6231
f 6242 7406 6664
f 6241 7405 6395
f 6395 7405 6775
f 6423 7589 6230
f 7405 6241 6663
f 6395 6732 6241
f 6395 7495 6732
f 6578 6423 6230
f 6240 7404 6662
f 7404 6240 6394
f 7404 6394 6774
f 6299 6852 7499
f 7588 6422 6229
f 7411 6239 6657
f 6299 7499 6391
f 6733 6394 6240
f 7494 6394 6733
f 6853 6298 7498
f 7609 6405 6656
f 6239 7411 6401
f 7498 6298 6390
f 6401 7411 6769
f 6401 6722 6239
f 6422 6579 6229
f 7409 6238 6655
f 6401 7493 6722
f 6238 7409 6399
f 7608 6404 6654
f 6399 7409 6767
f 6399 6724 6238
f 6399 7491 6724
f 7607 6409 6649
f 7171 1018 1016
f 6713 6525 6467
f 7006 1107 7140
f 6305 6858 7505
f 6408 7606 6648
f 1162 7170 1164
f 6305 7505 6389
f 6524 6710 6466
f 7005 6786 7139
f 6859 6304 7504
f 7605 6407 6647
f 7169 1211 1210
f 7504 6304 6388
f 6779 7002 7133
f 7002 1093 7133
f 6406 7604 6646
f 7168 840 841
f 6936 7583 6596
f 6413 7603 6220
f 7603 6413 6637
f 6286 7412 6758
f 7583 6237 6596
f 7607 6915 6558
f 6412 7602 6636
f 7413 6287 6759
f 6598 6413 6220
f 6216 7607 6558
f 6837 6290 6398
f 7601 6411 6635
f 6288 7414 6760
f 6303 6860 7503
f 6914 7606 6557
f 7602 6412 6219
f 6835 6292 6400
f 6410 7600 6634
f 7415 6289 6761
f 6303 7503 6387
f 7606 6215 6557
f 7605 6913 6556
f 7599 6417 6629
f 6282 7416 6750
f 6412 6599 6219
f 6214 7605 6556
f 6416 7598 6628
f 7417 6283 6751
f 6912 7604 6555
f 6411 7601 6218
f 7597 6415 6627
f 6284 7418 6752
f 7604 6213 6555
f 7603 6919 6562
f 6414 7596 6626
f 7419 6285 6753
f 6600 6411 6218
f 6220 7603 6562
f 7595 6421 6621
f 6278 7420 6742
f 6918 7602 6561
f 7600 6410 6217
f 6420 7594 6620
f 7421 6279 6743
f 7602 6219 6561
f 7601 6917 6560
f 7593 6419 6619
f 6280 7422 6744
f 6410 6601 6217
f 6218 7601 6560
f 6418 7592 6618
f 7423 6281 6745
f 6916 7600 6559
f 7586 6428 6235
f 7591 6425 6613
f 6274 7424 6734
f 7600 6217 6559
f 7599 6923 6567
f 6424 7590 6612
f 7425 6275 6735
f 6428 6569 6235
f 6224 7599 6567
f 7589 6423 6611
f 6276 7426 6736
f 6922 7598 6566
f 6427 7585 6234
f 6422 7588 6610
f 7427 6277 6737
f 7598 6223 6566
f 7597 6921 6565
f 7587 6429 6605
f 6270 7428 6726
f 6570 6427 6234
f 6222 7597 6565
f 6428 7586 6604
f 7429 6271 6727
f 6920 7596 6564
f 6429 7587 6236
f 7596 6221 6564
f 7585 6427 6603
f 6272 7430 6728
f 7595 6927 6575
f 6568 6429 6236
f 6228 7595 6575
f 6426 7584 6602
f 7431 6273 6729
f 6926 7594 6574
f 7584 6426 6233
f 7594 6227 6574
f 6432 7583 6597
f 6563 6432 6667
f 7593 6925 6573
f 6426 6571 6233
f 6226 7593 6573
f 6265 7570 6372
f 6372 6779 6265
f 7489 6265 6779
f 7570 6265 6712
f 7569 6264 6371
f 6780 6371 6264
f 1266 7005 7139
f 6264 7569 6711
f 7568 6269 6369
f 6786 6369 6269
f 6269 7488 6786
f 6269 7568 6721
f 6268 7567 6368
f 6368 6787 6268
f 7487 6268 6787
f 7567 6268 6720
f 7566 6267 6367
f 6788 6367 6267
f 6267 7486 6788
f 6267 7566 6719
f 6266 7565 6366
f 6366 6789 6266
f 7485 6266 6789
f 7565 6266 6718
f 7564 6273 6365
f 6794 6365 6273
f 6273 7480 6794
f 6273 7564 6729
f 6272 7563 6364
f 6364 6795 6272
f 6924 7592 6572
f 7479 6272 6795
f 7563 6272 6728
f 7562 6271 6363
f 6796 6363 6271
f 6417 7599 6224
f 6271 7478 6796
f 6271 7562 6727
f 6270 7561 6362
f 6362 6797 6270
f 7477 6270 6797
f 7561 6270 6726
f 7592 6225 6572
f 7560 6277 6361
f 6802 6361 6277
f 6277 7472 6802
f 6277 7560 6737
f 7591 6931 6583
f 6276 7559 6360
f 6360 6803 6276
f 7471 6276 6803
f 7559 6276 6736
f 7558 6275 6359
f 6804 6359 6275
f 6275 7470 6804
f 6275 7558 6735
f 6274 7557 6358
f 6358 6805 6274
f 7469 6274 6805
f 7557 6274 6734
f 7556 6281 6357
f 6810 6357 6281
f 6281 7464 6810
f 6281 7556 6745
f 6280 7555 6356
f 6356 6811 6280
f 7463 6280 6811
f 7555 6280 6744
f 7554 6279 6355
f 6812 6355 6279
f 6279 7462 6812
f 6279 7554 6743
f 6278 7553 6354
f 6354 6813 6278
f 7461 6278 6813
f 7553 6278 6742
f 7552 6285 6353
f 6818 6353 6285
f 6592 6417 6224
f 6285 7456 6818
f 6285 7552 6753
f 6284 7551 6352
f 6352 6819 6284
f 6232 7591 6583
f 7455 6284 6819
f 7551 6284 6752
f 7550 6283 6351
f 6820 6351 6283
f 6283 7454 6820
f 6283 7550 6751
f 6930 7590 6582
f 6282 7549 6350
f 6350 6821 6282
f 7453 6282 6821
f 7549 6282 6750
f 7548 6289 6349
f 6826 6349 6289
f 6289 7448 6826
f 6289 7548 6761
f 7598 6416 6223
f 6288 7547 6348
f 6348 6827 6288
f 7447 6288 6827
f 7547 6288 6760
f 7546 6287 6347
f 6828 6347 6287
f 6287 7446 6828
f 6287 7546 6759
f 6286 7545 6346
f 6346 6829 6286
f 7445 6286 6829
f 7545 6286 6758
f 6911 7354 7302
f 7354 779 7302
f 6910 7353 7301
f 7353 557 7301
f 6915 7352 7306
f 7352 795 7306
f 7351 6914 7305
f 766 7351 7305
f 7590 6231 6582
f 6913 7350 7304
f 7350 574 7304
f 7589 6929 6581
f 7349 6912 7303
f 543 7349 7303
f 6416 6593 6223
f 6919 7348 7310
f 7348 812 7310
f 6230 7589 6581
f 7347 6918 7309
f 750 7347 7309
f 6917 7346 7308
f 7346 589 7308
f 7345 6916 7307
f 527 7345 7307
f 6923 7344 7314
f 7344 827 7314
f 7343 6922 7313
f 733 7343 7313
f 6921 7342 7312
f 7342 605 7312
f 7341 6920 7311
f 511 7341 7311
f 6928 7588 6580
f 6927 7340 7318
f 7340 844 7318
f 6415 7597 6222
f 7339 6926 7317
f 718 7339 7317
f 7588 6229 6580
f 6925 7338 7316
f 7338 621 7316
f 7587 6935 6591
f 7337 6924 7315
f 495 7337 7315
f 6931 7336 7322
f 7336 860 7322
f 7335 6930 7321
f 702 7335 7321
f 6929 7334 7320
f 7334 638 7320
f 7333 6928 7319
f 480 7333 7319
f 6935 7332 7326
f 7332 875 7326
f 7331 6934 7325
f 686 7331 7325
f 6594 6415 6222
f 6933 7330 7324
f 7330 653 7324
f 6236 7587 6591
f 7329 6932 7323
f 463 7329 7323
f 6934 7586 6590
f 7328 6936 7327
f 670 7328 7327
f 7596 6414 6221
f 6713 7292 6525
f 7292 888 6525
f 7291 6710 6524
f 451 7291 6524
f 6909 6321 7484
f 6321 6317 7484
f 6320 6908 7483
f 6316 6320 7483
f 6907 6319 7482
f 6319 6315 7482
f 6318 6906 7481
f 6314 6318 7481
f 6905 6325 7476
f 6325 6313 7476
f 7586 6235 6590
f 6324 6904 7475
f 6312 6324 7475
f 6903 6323 7474
f 6323 6311 7474
f 6322 6902 7473
f 7585 6933 6589
f 6310 6322 7473
f 6901 6329 7468
f 6329 6309 7468
f 6328 6900 7467
f 6308 6328 7467
f 6899 6327 7466
f 6327 6307 7466
f 6326 6898 7465
f 6306 6326 7465
f 6897 6333 7460
f 6333 6305 7460
f 6332 6896 7459
f 6304 6332 7459
f 6895 6331 7458
f 6331 6303 7458
f 6330 6894 7457
f 6302 6330 7457
f 6893 6337 7452
f 6337 6301 7452
f 6336 6892 7451
f 6300 6336 7451
f 6891 6335 7450
f 6335 6299 7450
f 6334 6890 7449
f 6298 6334 7449
f 6889 6341 7444
f 6341 6297 7444
f 6340 6888 7443
f 6296 6340 7443
f 6887 6339 7442
f 6339 6295 7442
f 6338 6886 7441
f 6294 6338 7441
f 6881 6345 7439
f 6345 6293 7439
f 6344 6880 7438
f 6292 6344 7438
f 6879 6343 7437
f 6343 6291 7437
f 6342 6878 7436
f 6290 6342 7436
f 6414 6595 6221
f 6234 7585 6589
f 6932 7584 6588
f 6616 6238 6724
f 971 6996 7576
f 6995 1013 7575
f 1166 6994 7574
f 6993 1207 7573
f 957 6992 7580
f 6991 1027 7579
f 1151 6990 7578
f 6989 1221 7577
f 7584 6233 6588
f 943 6988 946
f 6829 7028 7180
f 6987 1041 1040
f 7028 984 7180
f 1138 6986 1140
f 6827 7026 7178
f 6985 1236 1234
f 7026 1177 7178
f 930 6984 932
f 6813 7020 7164
f 6983 1055 1053
f 7020 955 7164
f 1123 6982 1126
f 7019 6812 7163
f 6981 1249 1247
f 1030 7019 7163
f 916 6980 918
f 6811 7018 7162
f 6979 1070 1067
f 7018 1149 7162
f 1109 6978 1112
f 7017 6810 7161
f 6977 1264 1261
f 1223 7017 7161
f 901 6976 903
f 6821 7024 7172
f 6975 1084 1082
f 7024 969 7172
f 1096 6974 1097
f 7023 6820 7171
f 6973 1277 1275
f 7548 6349 6873
f 1016 7023 7171
f 6348 7547 6872
f 6819 7022 7170
f 7546 6347 6871
f 7022 1164 7170
f 6346 7545 6870
f 7021 6818 7169
f 7552 6353 6865
f 1210 7021 7169
f 6352 7551 6864
f 7027 6828 7179
f 7550 6351 6863
f 1002 7027 7179
f 6350 7549 6862
f 7025 6826 7177
f 7556 6357 6857
f 1195 7025 7177
f 6356 7555 6856
f 6967 6965 6666
f 7554 6355 6855
f 6666 6433 6967
f 6354 7553 6854
f 6966 6968 6669
f 7560 6361 6849
f 6372 6521 6779
f 6360 7559 6848
f 6405 7582 6723
f 7558 6359 6847
f 6723 7582 6615
f 6358 7557 6846
f 6404 7581 6725
f 7564 6365 6841
f 6725 7581 6617
f 6364 7563 6840
f 6264 6668 6780
f 7562 6363 6839
f 6358 6511 6805
f 6362 7561 6838
f 6510 6359 6804
f 7568 6369 6833
f 6360 6509 6803
f 6368 7567 6832
f 6508 6361 6802
f 7566 6367 6831
f 6362 6515 6797
f 6366 7565 6830
f 6514 6363 6796
f 7572 6373 6825
f 6614 6239 6722
f 6373 7572 6403
f 6778 6373 6403
f 6372 7570 6824
f 6364 6513 6795
f 7569 6371 6823
f 6512 6365 6794
f 6370 7571 6822
f 6240 6625 6733
f 7571 6370 6402
f 6370 6781 6402
f 6430 6669 6968
f 6346 6499 6829
f 6563 7057 6526
f 6526 7510 6563
f 6624 6241 6732
f 7510 6237 6563
f 6571 7062 6530
f 6530 7515 6571
f 6242 6623 6731
f 7515 6233 6571
f 7061 6570 6529
f 7516 6529 6570
f 6622 6243 6730
f 6234 7516 6570
f 6569 7060 6528
f 6528 7517 6569
f 6244 6633 6741
f 7517 6235 6569
f 7059 6568 6527
f 7518 6527 6568
f 6632 6245 6740
f 6236 7518 6568
f 6579 7066 6534
f 6534 7523 6579
f 6246 6631 6739
f 7523 6229 6579
f 7065 6578 6533
f 7524 6533 6578
f 6630 6247 6738
f 6230 7524 6578
f 6577 7064 6532
f 6532 7525 6577
f 6248 6641 6749
f 7525 6231 6577
f 7063 6576 6531
f 7526 6531 6576
f 6640 6249 6748
f 6232 7526 6576
f 6587 7070 6538
f 6538 7527 6587
f 6250 6639 6747
f 7527 6225 6587
f 7069 6586 6537
f 7528 6537 6586
f 6638 6251 6746
f 6226 7528 6586
f 6585 7068 6536
f 6536 7529 6585
f 6252 6645 6757
f 7529 6227 6585
f 7067 6584 6535
f 7530 6535 6584
f 6644 6253 6756
f 6228 7530 6584
f 6595 7074 6542
f 6542 7531 6595
f 6254 6643 6755
f 7531 6221 6595
f 7073 6594 6541
f 7532 6541 6594
f 6642 6255 6754
f 6222 7532 6594
f 6593 7072 6540
f 6540 7533 6593
f 6256 6653 6765
f 7533 6223 6593
f 7071 6592 6539
f 7534 6539 6592
f 6652 6257 6764
f 6224 7534 6592
f 6601 7078 6546
f 6546 7535 6601
f 6258 6651 6763
f 7535 6217 6601
f 7077 6600 6545
f 7536 6545 6600
f 6650 6259 6762
f 6218 7536 6600
f 6599 7076 6544
f 6544 7537 6599
f 6260 6661 6773
f 7537 6219 6599
f 7075 6598 6543
f 7538 6543 6598
f 6658 6263 6770
f 6220 7538 6598
f 6609 7082 6550
f 6550 7539 6609
f 6262 6659 6771
f 7539 6213 6609
f 7081 6608 6549
f 7540 6549 6608
f 6660 6261 6772
f 6214 7540 6608
f 6607 7080 6548
f 6548 7541 6607
f 6370 6523 6781
f 7541 6215 6607
f 7079 6606 6547
f 7542 6547 6606
f 6520 6373 6778
f 6216 7542 6606
f 7088 6617 6552
f 7543 6552 6617
f 6617 7581 6211
f 6211 7543 6617
f 7086 6615 6551
f 7544 6551 6615
f 6615 7582 6212
f 6212 7544 6615
f 6972 6467 6525
f 6498 6347 6828
f 6348 6497 6827
f 6366 6519 6789
f 6466 6971 6524
f 6496 6349 6826
f 6350 6503 6821
f 6518 6367 6788
f 6656 7354 6911
f 6911 7609 6656
f 6654 7353 6910
f 6910 7608 6654
f 6649 7352 6915
f 6915 7607 6649
f 7351 6648 6914
f 7606 6914 6648
f 6647 7350 6913
f 6913 7605 6647
f 7349 6646 6912
f 7604 6912 6646
f 6637 7348 6919
f 6919 7603 6637
f 7347 6636 6918
f 7602 6918 6636
f 6635 7346 6917
f 6917 7601 6635
f 7345 6634 6916
f 7600 6916 6634
f 6629 7344 6923
f 6923 7599 6629
f 7343 6628 6922
f 7598 6922 6628
f 6627 7342 6921
f 6921 7597 6627
f 7341 6626 6920
f 7596 6920 6626
f 6621 7340 6927
f 6927 7595 6621
f 7339 6620 6926
f 7594 6926 6620
f 6619 7338 6925
f 6925 7593 6619
f 7337 6618 6924
f 7592 6924 6618
f 6613 7336 6931
f 6931 7591 6613
f 7335 6612 6930
f 7590 6930 6612
f 6611 7334 6929
f 6929 7589 6611
f 7333 6610 6928
f 7588 6928 6610
f 6605 7332 6935
f 6935 7587 6605
f 7331 6604 6934
f 6286 6717 6406
f 7586 6934 6604
f 6603 7330 6933
f 6933 7585 6603
f 6716 6287 6407
f 7329 6602 6932
f 7584 6932 6602
f 7328 6597 6936
f 6288 6715 6408
f 7583 6936 6597
f 6502 6351 6820
f 6596 7327 6936
f 6714 6289 6409
f 6352 6501 6819
f 6500 6353 6818
f 7326 6591 6935
f 6354 6507 6813
f 6368 6517 6787
f 6506 6355 6812
f 6590 7325 6934
f 6356 6505 6811
f 6504 6357 6810
f 7324 6589 6933
f 6433 6969 6967
f 6433 6467 6461
f 6588 7323 6932
f 6461 6969 6433
f 6970 6430 6968
f 7322 6583 6931
f 6466 6430 6460
f 6970 6460 6430
f 6582 7321 6930
f 6516 6369 6786
f 6522 6371 6780
f 6405 7609 7582
f 7320 6581 6929
f 7267 693 696
f 6282 6709 6410
f 867 7268 866
f 6580 7319 6928
f 6404 7608 7581
f 6708 6283 6411
f 7269 456 458
f 7318 6575 6927
f 7325 683 686
f 6284 6707 6412
f 878 7326 875
f 6574 7317 6926
f 7327 667 670
f 672 7328 670
f 7316 6573 6925
f 465 7329 463
f 6706 6285 6413
f 7330 651 653
f 6572 7315 6924
f 687 7331 686
f 7332 873 875
f 7314 6567 6923
f 481 7333 480
f 7334 636 638
f 6566 7313 6922
f 704 7335 702
f 7336 857 860
f 7312 6565 6921
f 498 7337 495
f 7338 620 621
f 6564 7311 6920
f 720 7339 718
f 7340 841 844
f 7310 6562 6919
f 513 7341 511
f 7342 603 605
f 6561 7309 6918
f 735 7343 733
f 7344 826 827
f 6278 6701 6414
f 7308 6560 6917
f 529 7345 527
f 7346 588 589
f 6559 7307 6916
f 6700 6279 6415
f 752 7347 750
f 7348 809 812
f 7306 6558 6915
f 546 7349 543
f 6280 6699 6416
f 7350 572 574
f 6557 7305 6914
f 767 7351 766
f 7352 794 795
f 7304 6556 6913
f 7353 556 557
f 6698 6281 6417
f 7354 777 779
f 6555 7303 6912
f 7355 1275 7245
f 1097 7356 7246
f 7302 6554 6911
f 7357 1082 7247
f 903 7358 7248
f 7301 6553 6910
f 630 7262 628
f 6349 6492 6293
f 6345 6349 6293
f 6493 6348 6292
f 6348 6344 6292
f 6347 6494 6291
f 6343 6347 6291
f 6495 6346 6290
f 6346 6342 6290
f 6353 6488 6297
f 6341 6353 6297
f 6489 6352 6296
f 6274 6693 6418
f 6352 6340 6296
f 6351 6490 6295
f 6339 6351 6295
f 6491 6350 6294
f 6350 6338 6294
f 6357 6484 6301
f 6692 6275 6419
f 6337 6357 6301
f 6485 6356 6300
f 6356 6336 6300
f 6355 6486 6299
f 6276 6691 6420
f 6335 6355 6299
f 6487 6354 6298
f 6354 6334 6298
f 6361 6480 6305
f 6333 6361 6305
f 6481 6360 6304
f 6690 6277 6421
f 6360 6332 6304
f 6359 6482 6303
f 6331 6359 6303
f 6483 6358 6302
f 6358 6330 6302
f 6365 6476 6309
f 6329 6365 6309
f 6477 6364 6308
f 6364 6328 6308
f 6363 6478 6307
f 6327 6363 6307
f 6479 6362 6306
f 6362 6326 6306
f 6369 6472 6313
f 6325 6369 6313
f 6473 6368 6312
f 6368 6324 6312
f 6367 6474 6311
f 6323 6367 6311
f 6475 6366 6310
f 6366 6322 6310
f 6373 6468 6317
f 6321 6373 6317
f 6469 6372 6316
f 6372 6320 6316
f 6371 6470 6315
f 6319 6371 6315
f 6471 6370 6314
f 6270 6685 6422
f 6370 6318 6314
f 6669 7030 6966
f 7030 897 6966
f 7029 6666 6965
f 1281 7029 6965
f 6523 6976 7004
f 6684 6271 6423
f 6976 901 7004
f 6975 6522 7003
f 1084 6975 7003
f 6521 6974 7002
f 6272 6683 6424
f 6974 1096 7002
f 6973 6520 7001
f 1277 6973 7001
f 6519 6980 7008
f 6980 916 7008
f 6979 6518 7007
f 6682 6273 6425
f 1070 6979 7007
f 6517 6978 7006
f 6978 1109 7006
f 6977 6516 7005
f 1264 6977 7005
f 6515 6984 7012
f 6984 930 7012
f 6983 6514 7011
f 1055 6983 7011
f 6513 6982 7010
f 6982 1123 7010
f 6981 6512 7009
f 1249 6981 7009
f 6511 6988 7016
f 6988 943 7016
f 6987 6510 7015
f 1041 6987 7015
f 6509 6986 7014
f 6986 1138 7014
f 6985 6508 7013
f 1236 6985 7013
f 6507 6992 7020
f 6992 957 7020
f 6991 6506 7019
f 1027 6991 7019
f 6505 6990 7018
f 6990 1151 7018
f 6989 6504 7017
f 6266 6677 6426
f 1221 6989 7017
f 6503 6996 7024
f 6996 971 7024
f 6995 6502 7023
f 1013 6995 7023
f 6501 6994 7022
f 6676 6267 6427
f 6994 1166 7022
f 6993 6500 7021
f 1207 6993 7021
f 6499 7000 7028
f 6268 6675 6428
f 7613 7000 7382
f 6999 6498 7027
f 999 6999 7027
f 6497 6998 7026
f 7613 986 7028
f 6997 6496 7025
f 6674 6269 6429
f 1193 6997 7025
f 7292 6825 6964
f 885 7292 6964
f 6822 7291 6961
f 7291 453 6961
f 7300 6873 6940
f 790 7300 6940
f 6872 7299 6939
f 7299 771 6939
f 7298 6871 6938
f 568 7298 6938
f 6870 7297 6937
f 7297 549 6937
f 7296 6865 6944
f 805 7296 6944
f 6864 7295 6943
f 7295 756 6943
f 7294 6863 6942
f 583 7294 6942
f 6862 7293 6941
f 7293 533 6941
f 7290 6857 6948
f 821 7290 6948
f 6856 7289 6947
f 7289 740 6947
f 7288 6855 6946
f 599 7288 6946
f 6854 7287 6945
f 7287 518 6945
f 7286 6849 6952
f 837 7286 6952
f 6848 7285 6951
f 7285 724 6951
f 7284 6847 6950
f 616 7284 6950
f 6668 6264 6431
f 6846 7283 6949
f 7283 501 6949
f 7282 6841 6956
f 853 7282 6956
f 6265 6667 6432
f 6840 7281 6955
f 7281 707 6955
f 7280 6839 6954
f 632 7280 6954
f 6838 7279 6953
f 7279 486 6953
f 7278 6833 6960
f 870 7278 6960
f 6832 7277 6959
f 7277 691 6959
f 7276 6831 6958
f 647 7276 6958
f 6830 7275 6957
f 7275 470 6957
f 6824 7274 6963
f 7274 676 6963
f 7273 6823 6962
f 663 7273 6962
f 6909 7272 6964
f 7272 884 6964
f 7271 6908 6963
f 678 7271 6963
f 6907 7270 6962
f 7270 662 6962
f 7269 6906 6961
f 456 7269 6961
f 6905 7268 6960
f 7268 867 6960
f 7267 6904 6959
f 693 7267 6959
f 6903 7266 6958
f 7266 645 6958
f 7265 6902 6957
f 471 7265 6957
f 6901 7264 6956
f 6661 6260 6434
f 7264 852 6956
f 7263 6900 6955
f 710 7263 6955
f 6899 7262 6954
f 7262 630 6954
f 7261 6898 6953
f 6261 6660 6435
f 488 7261 6953
f 6897 7260 6952
f 7260 835 6952
f 7259 6896 6951
f 6659 6262 6436
f 725 7259 6951
f 6895 7258 6950
f 7258 614 6950
f 7257 6894 6949
f 503 7257 6949
f 6893 7256 6948
f 6263 6658 6437
f 7256 819 6948
f 7255 6892 6947
f 742 7255 6947
f 6891 7254 6946
f 7254 597 6946
f 7253 6890 6945
f 519 7253 6945
f 6889 7244 6944
f 7244 803 6944
f 7243 6888 6943
f 758 7243 6943
f 6887 7242 6942
f 7242 582 6942
f 7241 6886 6941
f 535 7241 6941
f 6881 7232 6940
f 7232 787 6940
f 7231 6880 6939
f 773 7231 6939
f 6879 7230 6938
f 7230 566 6938
f 7229 6878 6937
f 551 7229 6937
f 6552 7032 7088
f 7032 992 7088
f 6551 7031 7086
f 7031 1185 7086
f 7036 6550 7082
f 6653 6256 6438
f 980 7036 7082
f 6549 7035 7081
f 7035 1006 7081
f 7034 6548 7080
f 1174 7034 7080
f 6547 7033 7079
f 6257 6652 6439
f 7033 1200 7079
f 7040 6546 7078
f 965 7040 7078
f 6545 7039 7077
f 6651 6258 6440
f 7039 1020 7077
f 7038 6544 7076
f 1159 7038 7076
f 6543 7037 7075
f 7037 1213 7075
f 7044 6542 7074
f 6259 6650 6441
f 952 7044 7074
f 6541 7043 7073
f 7043 1033 7073
f 7042 6540 7072
f 1146 7042 7072
f 6539 7041 7071
f 7041 1227 7071
f 7048 6538 7070
f 938 7048 7070
f 6537 7047 7069
f 7047 1047 7069
f 7046 6536 7068
f 1132 7046 7068
f 6535 7045 7067
f 7045 1242 7067
f 7052 6534 7066
f 924 7052 7066
f 6533 7051 7065
f 7051 1062 7065
f 7050 6532 7064
f 1117 7050 7064
f 6531 7049 7063
f 7049 1255 7063
f 7056 6530 7062
f 910 7056 7062
f 6529 7055 7061
f 7055 1075 7061
f 7054 6528 7060
f 6645 6252 6442
f 1103 7054 7060
f 6527 7053 7059
f 7053 1270 7059
f 7058 6526 7057
f 1090 7058 7057
f 7252 882 7272
f 6253 6644 6443
f 680 7251 7271
f 7250 659 7270
f 458 7249 7269
f 7240 866 7268
f 6643 6254 6444
f 696 7239 7267
f 7238 644 7266
f 473 7237 7265
f 7228 850 7264
f 712 7227 7263
f 7226 628 7262
f 6255 6642 6445
f 490 7225 7261
f 7220 833 7260
f 728 7219 7259
f 7218 612 7258
f 6641 6248 6446
f 505 7217 7257
f 7212 817 7256
f 744 7211 7255
f 7210 596 7254
f 522 7209 7253
f 7200 801 7244
f 6249 6640 6447
f 760 7199 7243
f 7198 579 7242
f 537 7197 7241
f 7192 786 7232
f 6639 6250 6448
f 775 7191 7231
f 7190 564 7230
f 554 7189 7229
f 7484 6317 6377
f 6316 7483 6376
f 7482 6315 6375
f 6251 6638 6449
f 6314 7481 6374
f 7476 6313 6381
f 6312 7475 6380
f 7474 6311 6379
f 6310 7473 6378
f 7468 6309 6385
f 6308 7467 6384
f 7466 6307 6383
f 6306 7465 6382
f 7460 6305 6389
f 6304 7459 6388
f 7458 6303 6387
f 6302 7457 6386
f 7452 6301 6393
f 6300 7451 6392
f 7450 6299 6391
f 6298 7449 6390
f 7444 6297 6397
f 6296 7443 6396
f 7442 6295 6395
f 6294 7441 6394
f 7439 6293 6401
f 6292 7438 6400
f 7437 6291 6399
f 6290 7436 6398
f 792 7188 7300
f 7187 769 7299
f 569 7186 7298
f 6633 6244 6450
f 7185 547 7297
f 807 7184 7296
f 7183 754 7295
f 585 7182 7294
f 7181 532 7293
f 824 7176 7290
f 6245 6632 6451
f 7175 737 7289
f 601 7174 7288
f 7173 516 7287
f 840 7168 7286
f 6631 6246 6452
f 7167 722 7285
f 617 7166 7284
f 7165 500 7283
f 7138 879 7252
f 682 7137 7251
f 7136 658 7250
f 6247 6630 6453
f 459 7135 7249
f 855 7160 7282
f 7159 705 7281
f 634 7158 7280
f 7157 484 7279
f 7128 863 7240
f 698 7127 7239
f 7126 642 7238
f 476 7125 7237
f 872 7152 7278
f 7151 690 7277
f 649 7150 7276
f 7149 467 7275
f 7120 848 7228
f 713 7119 7227
f 7118 626 7226
f 492 7117 7225
f 7144 674 7274
f 665 7143 7273
f 7112 831 7220
f 729 7111 7219
f 7110 610 7218
f 508 7109 7217
f 7104 815 7212
f 746 7103 7211
f 7102 594 7210
f 524 7101 7209
f 7092 800 7200
f 6625 6240 6454
f 762 7091 7199
f 7090 578 7198
f 539 7089 7197
f 7084 784 7192
f 7083 561 7190
f 906 7248 7132
f 6241 6624 6455
f 7247 1080 7131
f 1099 7246 7130
f 7245 1274 7129
f 919 7236 7124
f 6623 6242 6456
f 7235 1065 7123
f 1113 7234 7122
f 7233 1259 7121
f 933 7224 7116
f 7223 1051 7115
f 1128 7222 7114
f 6243 6622 6457
f 7221 1245 7113
f 947 7216 7108
f 7215 1037 7107
f 1142 7214 7106
f 7213 1231 7105
f 962 7208 7100
f 7207 1024 7099
f 1155 7206 7098
f 7205 1217 7097
f 976 7204 7096
f 7203 1009 7095
f 1170 7202 7094
f 7201 1203 7093
f 990 7196 7088
f 7195 995 7087
f 1184 7194 7086
f 7193 1189 7085
f 777 7354 7191
f 556 7353 7189
f 794 7352 7188
f 7351 767 7187
f 572 7350 7186
f 7349 546 7185
f 809 7348 7184
f 7347 752 7183
f 588 7346 7182
f 7345 529 7181
f 826 7344 7176
f 7343 735 7175
f 603 7342 7174
f 7341 513 7173
f 841 7340 7168
f 7339 720 7167
f 620 7338 7166
f 7337 498 7165
f 6238 6616 6458
f 7180 982 7082
f 1003 7179 7081
f 7178 1176 7080
f 1197 7177 7079
f 857 7336 7160
f 7335 704 7159
f 636 7334 7158
f 7333 481 7157
f 7172 968 7078
f 1018 7171 7077
f 7170 1162 7076
f 6239 6614 6459
f 1211 7169 7075
f 873 7332 7152
f 7331 687 7151
f 651 7330 7150
f 7329 465 7149
f 7164 954 7074
f 1031 7163 7073
f 7162 1147 7072
f 1225 7161 7071
f 7156 939 7070
f 1046 7155 7069
f 7154 1134 7068
f 1239 7153 7067
f 7328 672 7144
f 667 7327 7143
f 7148 925 7066
f 1060 7147 7065
f 7146 1119 7064
f 1253 7145 7063
f 7326 878 7138
f 683 7325 7137
f 7324 655 7136
f 461 7323 7135
f 7142 912 7062
f 1074 7141 7061
f 7140 1105 7060
f 1268 7139 7059
f 7322 861 7128
f 700 7321 7127
f 7320 640 7126
f 478 7319 7125
f 7132 6530 7056
f 7132 6661 6530
f 907 7132 7056
f 6529 7131 7055
f 6660 7131 6529
f 7131 1077 7055
f 7130 6528 7054
f 7130 6659 6528
f 1101 7130 7054
f 6527 7129 7053
f 6658 7129 6527
f 7129 1272 7053
f 7134 6526 7058
f 7134 6668 6526
f 1088 7134 7058
f 7133 1091 7057
f 7318 845 7120
f 716 7317 7119
f 6524 450 451
f 7316 623 7118
f 493 7315 7117
f 7124 6534 7052
f 7124 6653 6534
f 922 7124 7052
f 6533 7123 7051
f 6652 7123 6533
f 7123 1064 7051
f 7122 6532 7050
f 7122 6651 6532
f 1116 7122 7050
f 890 6525 888
f 6531 7121 7049
f 6650 7121 6531
f 7121 1257 7049
f 7314 830 7112
f 732 7313 7111
f 7312 607 7110
f 509 7311 7109
f 7116 6538 7048
f 7116 6645 6538
f 935 7116 7048
f 6537 7115 7047
f 6644 7115 6537
f 7115 1050 7047
f 7114 6536 7046
f 7114 6643 6536
f 1130 7114 7046
f 6535 7113 7045
f 6642 7113 6535
f 7113 1243 7045
f 7310 813 7104
f 748 7309 7103
f 7308 592 7102
f 525 7307 7101
f 7108 6542 7044
f 7108 6641 6542
f 950 7108 7044
f 6541 7107 7043
f 6640 7107 6541
f 7107 1036 7043
f 7106 6540 7042
f 7106 6639 6540
f 1144 7106 7042
f 6539 7105 7041
f 6638 7105 6539
f 7105 1229 7041
f 7100 6546 7040
f 7100 6633 6546
f 963 7100 7040
f 6545 7099 7039
f 6632 7099 6545
f 7099 1021 7039
f 7098 6544 7038
f 7098 6631 6544
f 1157 7098 7038
f 6543 7097 7037
f 6630 7097 6543
f 7097 1216 7037
f 7306 797 7092
f 764 7305 7091
f 6596 6237 6431
f 7304 576 7090
f 541 7303 7089
f 7096 6550 7036
f 7096 6625 6550
f 978 7096 7036
f 6549 7095 7035
f 6624 7095 6549
f 7095 1007 7035
f 7094 6548 7034
f 7094 6623 6548
f 1172 7094 7034
f 6547 7093 7033
f 6622 7093 6547
f 7093 1201 7033
f 7302 782 7084
f 7301 559 7083
f 6552 7087 7032
f 6616 7087 6552
f 7087 994 7032
f 6551 7085 7031
f 6614 7085 6551
f 7085 1188 7031
f 7261 488 490
f 835 7260 833
f 7259 725 728
f 7359 1261 7233
f 1112 7360 7234
f 7361 1067 7235
f 6236 6591 6437
f 7004 6781 6523
f 6778 7001 6520
f 918 7362 7236
f 614 7258 612
f 7257 503 505
f 819 7256 817
f 6590 6235 6436
f 7028 6829 6499
f 7255 742 744
f 6828 7027 6498
f 7363 1247 7221
f 6234 6589 6435
f 7026 6827 6497
f 1126 7364 7222
f 6826 7025 6496
f 7365 1053 7223
f 974 7576 7378
f 7575 1011 7377
f 6588 6233 6434
f 1167 7574 7376
f 7573 1205 7375
f 7024 6821 6503
f 932 7366 7224
f 6820 7023 6502
f 6778 7611 6666
f 7022 6819 6501
f 662 7270 659
f 6818 7021 6500
f 6403 7611 6778
f 959 7580 7374
f 7579 1026 7373
f 1153 7578 7372
f 7577 1219 7371
f 7020 6813 6507
f 7610 6781 6669
f 6812 7019 6506
f 7271 678 680
f 7018 6811 6505
f 7610 6402 6781
f 6810 7017 6504
f 1082 7357 6975
f 7356 1097 6974
f 7358 903 6976
f 1275 7355 6973
f 7362 918 6980
f 7016 6805 6511
f 884 7272 882
f 6232 6583 6441
f 6804 7015 6510
f 7273 663 665
f 7014 6803 6509
f 676 7274 674
f 6802 7013 6508
f 470 7275 467
f 6582 6231 6440
f 1067 7361 6979
f 7360 1112 6978
f 1261 7359 6977
f 7366 932 6984
f 6230 6581 6439
f 7012 6797 6515
f 7276 647 649
f 6796 7011 6514
f 691 7277 690
f 7010 6795 6513
f 7278 870 872
f 6580 6229 6438
f 6794 7009 6512
f 486 7279 484
f 1053 7365 6983
f 7364 1126 6982
f 1247 7363 6981
f 7370 946 6988
f 7008 6789 6519
f 7280 632 634
f 6788 7007 6518
f 707 7281 705
f 7006 6787 6517
f 7282 853 855
f 6786 7005 6516
f 501 7283 500
f 1040 7369 6987
f 7368 1140 6986
f 1234 7367 6985
f 7001 1279 1277
f 6780 7003 6522
f 7383 1086 7003
f 7002 6779 6521
f 1093 7002 1096
f 7003 1086 1084
f 899 7004 901
f 7005 1266 1264
f 1107 7006 1109
f 7007 1071 1070
f 914 7008 916
f 6228 6575 6445
f 7009 1251 1249
f 1122 7010 1123
f 7011 1058 1055
f 928 7012 930
f 7013 1237 1236
f 1135 7014 1138
f 6574 6227 6444
f 7015 1043 1041
f 941 7016 943
f 7017 1223 1221
f 1149 7018 1151
f 6226 6573 6443
f 7019 1030 1027
f 955 7020 957
f 7021 1210 1207
f 1164 7022 1166
f 7023 1016 1013
f 969 7024 971
f 6572 6225 6442
f 7025 1195 1193
f 1177 7026 1179
f 7027 1002 999
f 984 7028 986
f 7029 1281 1279
f 897 7030 899
f 1185 7031 1188
f 992 7032 994
f 1200 7033 1201
f 7034 1174 1172
f 1006 7035 1007
f 7036 980 978
f 1213 7037 1216
f 7038 1159 1157
f 1020 7039 1021
f 7040 965 963
f 1227 7041 1229
f 7042 1146 1144
f 1033 7043 1036
f 7044 952 950
f 1242 7045 1243
f 7046 1132 1130
f 1047 7047 1050
f 7048 938 935
f 1255 7049 1257
f 7050 1117 1116
f 1062 7051 1064
f 7052 924 922
f 6224 6567 6449
f 1270 7053 1272
f 7054 1103 1101
f 1075 7055 1077
f 7056 910 907
f 1090 7057 1091
f 7058 1090 1088
f 6566 6223 6448
f 6405 7410 6656
f 6404 7408 6654
f 6409 7415 6649
f 7415 6409 6289
f 6222 6565 6447
f 7414 6408 6648
f 6408 7414 6288
f 6407 7413 6647
f 7413 6407 6287
f 7412 6406 6646
f 6406 7412 6286
f 6564 6221 6446
f 6413 7419 6637
f 7419 6413 6285
f 7418 6412 6636
f 6412 7418 6284
f 6411 7417 6635
f 7417 6411 6283
f 7416 6410 6634
f 6410 7416 6282
f 6417 7423 6629
f 7423 6417 6281
f 7422 6416 6628
f 6416 7422 6280
f 6415 7421 6627
f 7421 6415 6279
f 7420 6414 6626
f 6414 7420 6278
f 6220 6562 6453
f 6421 7427 6621
f 7427 6421 6277
f 7426 6420 6620
f 6420 7426 6276
f 6419 7425 6619
f 7425 6419 6275
f 6561 6219 6452
f 7424 6418 6618
f 6418 7424 6274
f 6425 7431 6613
f 7431 6425 6273
f 6218 6560 6451
f 7430 6424 6612
f 6424 7430 6272
f 6423 7429 6611
f 7429 6423 6271
f 7428 6422 6610
f 6422 7428 6270
f 6559 6217 6450
f 6429 7435 6605
f 7435 6429 6269
f 7434 6428 6604
f 6428 7434 6268
f 6427 7433 6603
f 7433 6427 6267
f 7432 6426 6602
f 6426 7432 6266
f 7440 6432 6597
f 6432 7440 6265
f 737 7175 735
f 7174 601 603
f 597 7254 596
f 7253 519 522
f 882 7252 879
f 7251 680 682
f 7367 1234 7213
f 1140 7368 7214
f 7369 1040 7215
f 946 7370 7216
f 655 7324 653
f 7323 461 463
f 861 7322 860
f 7321 700 702
f 7371 1219 7205
f 1153 7372 7206
f 7373 1026 7207
f 959 7374 7208
f 6216 6558 6457
f 640 7320 638
f 7319 478 480
f 845 7318 844
f 7317 716 718
f 7375 1205 7201
f 1167 7376 7202
f 6557 6215 6456
f 7377 1011 7203
f 974 7378 7204
f 623 7316 621
f 7315 493 495
f 6214 6556 6455
f 830 7314 827
f 7313 732 733
f 7379 1191 7193
f 1181 7380 7194
f 7381 997 7195
f 987 7382 7196
f 6555 6213 6454
f 659 7250 658
f 1086 7383 7134
f 7249 458 459
f 7248 906 903
f 1080 7247 1082
f 7246 1099 1097
f 1274 7245 1275
f 803 7244 801
f 7243 758 760
f 582 7242 579
f 7241 535 537
f 866 7240 863
f 7239 696 698
f 644 7238 642
f 7237 473 476
f 7236 919 918
f 1065 7235 1067
f 7234 1113 1112
f 1259 7233 1261
f 787 7232 786
f 7284 616 617
f 724 7285 722
f 6266 7432 6718
f 7433 6267 6719
f 6268 7434 6720
f 7435 6269 6721
f 6398 7436 6766
f 7437 6399 6767
f 6212 6554 6459
f 6400 7438 6768
f 7439 6401 6769
f 968 7172 969
f 6265 7440 6712
f 6394 7441 6774
f 7442 6395 6775
f 6396 7443 6776
f 7444 6397 6777
f 6286 7445 6717
f 7446 6287 6716
f 6211 6553 6458
f 6288 7447 6715
f 7448 6289 6714
f 7176 824 826
f 7177 1197 1195
f 1176 7178 1177
f 7179 1003 1002
f 6390 7449 6782
f 7450 6391 6783
f 516 7173 513
f 7510 6526 6668
f 6431 7510 6668
f 7510 6431 6237
f 6527 7518 6658
f 7518 6437 6658
f 6437 7518 6236
f 7517 6528 6659
f 6436 7517 6659
f 7517 6436 6235
f 6529 7516 6660
f 7516 6435 6660
f 6435 7516 6234
f 7515 6530 6661
f 6434 7515 6661
f 7515 6434 6233
f 6531 7526 6650
f 7526 6441 6650
f 6441 7526 6232
f 7525 6532 6651
f 6440 7525 6651
f 7525 6440 6231
f 6533 7524 6652
f 7524 6439 6652
f 6439 7524 6230
f 7523 6534 6653
f 6438 7523 6653
f 7523 6438 6229
f 6535 7530 6642
f 7530 6445 6642
f 6445 7530 6228
f 7529 6536 6643
f 6444 7529 6643
f 7529 6444 6227
f 6537 7528 6644
f 7528 6443 6644
f 6443 7528 6226
f 7527 6538 6645
f 6442 7527 6645
f 7527 6442 6225
f 6539 7534 6638
f 7534 6449 6638
f 6449 7534 6224
f 7533 6540 6639
f 6448 7533 6639
f 7533 6448 6223
f 6541 7532 6640
f 7532 6447 6640
f 6447 7532 6222
f 7531 6542 6641
f 6446 7531 6641
f 7531 6446 6221
f 6543 7538 6630
f 7538 6453 6630
f 6453 7538 6220
f 7537 6544 6631
f 6452 7537 6631
f 7537 6452 6219
f 6545 7536 6632
f 7536 6451 6632
f 6451 7536 6218
f 7535 6546 6633
f 6450 7535 6633
f 7535 6450 6217
f 6547 7542 6622
f 7542 6457 6622
f 6457 7542 6216
f 7541 6548 6623
f 6456 7541 6623
f 7541 6456 6215
f 6549 7540 6624
f 7540 6455 6624
f 6455 7540 6214
f 7539 6550 6625
f 6454 7539 6625
f 7539 6454 6213
f 6551 7544 6614
f 7544 6459 6614
f 6459 7544 6212
f 6552 7543 6616
f 7543 6458 6616
f 6458 7543 6211
f 6972 890 6465
f 450 6971 6464
f 890 6972 6525
f 6971 450 6524
f 7059 1270 1268
f 1103 7060 1105
f 7061 1075 1074
f 910 7062 912
f 7063 1255 1253
f 1117 7064 1119
f 7065 1062 1060
f 924 7066 925
f 7067 1242 1239
f 1132 7068 1134
f 7069 1047 1046
f 938 7070 939
f 7071 1227 1225
f 1146 7072 1147
f 7073 1033 1031
f 952 7074 954
f 7075 1213 1211
f 1159 7076 1162
f 7077 1020 1018
f 965 7078 968
f 7079 1200 1197
f 1174 7080 1176
f 7081 1006 1003
f 980 7082 982
f 561 7083 559
f 784 7084 782
f 1188 7085 1189
f 6666 7611 6433
f 7286 837 840
f 7610 6669 6430
f 645 7266 644
f 7086 1185 1184
f 994 7087 995
f 7088 992 990
f 7089 539 541
f 578 7090 576
f 7091 762 764
f 800 7092 797
f 1201 7093 1203
f 7094 1172 1170
f 1007 7095 1009
f 7096 978 976
f 1216 7097 1217
f 7098 1157 1155
f 1021 7099 1024
f 7100 963 962
f 7101 524 525
f 594 7102 592
f 7103 746 748
f 815 7104 813
f 1229 7105 1231
f 7106 1144 1142
f 1036 7107 1037
f 7108 950 947
f 7109 508 509
f 610 7110 607
f 7111 729 732
f 831 7112 830
f 1243 7113 1245
f 7114 1130 1128
f 1050 7115 1051
f 7116 935 933
f 7117 492 493
f 626 7118 623
f 7119 713 716
f 848 7120 845
f 1257 7121 1259
f 7122 1116 1113
f 1064 7123 1065
f 7124 922 919
f 7125 476 478
f 642 7126 640
f 7127 698 700
f 863 7128 861
f 1272 7129 1274
f 7130 1101 1099
f 1077 7131 1080
f 7132 907 906
f 1091 7133 1093
f 7134 1088 1086
f 7135 459 461
f 658 7136 655
f 6973 6468 6520
f 7137 682 683
f 879 7138 878
f 7139 1268 1266
f 6469 6974 6521
f 7580 959 957
f 1026 7579 1027
f 7578 1153 1151
f 6975 6470 6522
f 1219 7577 1221
f 7576 974 971
f 1011 7575 1013
f 6471 6976 6523
f 7574 1167 1166
f 1205 7573 1207
f 1105 7140 1107
f 6977 6472 6516
f 7141 1074 1071
f 912 7142 914
f 7143 665 667
f 6473 6978 6517
f 7231 773 775
f 566 7230 564
f 7265 471 473
f 6979 6474 6518
f 852 7264 850
f 7263 710 712
f 518 7287 516
f 6475 6980 6519
f 7229 551 554
f 850 7228 848
f 7288 599 601
f 6981 6476 6512
f 740 7289 737
f 7290 821 824
f 453 7291 451
f 6477 6982 6513
f 7292 885 888
f 533 7293 532
f 7294 583 585
f 6983 6478 6514
f 756 7295 754
f 7296 805 807
f 549 7297 547
f 6479 6984 6515
f 7298 568 569
f 771 7299 769
f 7300 790 792
f 6985 6480 6508
f 559 7301 557
f 782 7302 779
f 7303 541 543
f 6481 6986 6509
f 576 7304 574
f 7305 764 766
f 797 7306 795
f 6987 6482 6510
f 7307 525 527
f 592 7308 589
f 7309 748 750
f 6483 6988 6511
f 813 7310 812
f 7311 509 511
f 674 7144 672
f 6989 6484 6504
f 7145 1253 1251
f 1119 7146 1122
f 7147 1060 1058
f 6485 6990 6505
f 925 7148 928
f 467 7149 465
f 7150 649 651
f 6991 6486 6506
f 690 7151 687
f 7152 872 873
f 7153 1239 1237
f 6487 6992 6507
f 1134 7154 1135
f 7155 1046 1043
f 939 7156 941
f 6993 6488 6500
f 484 7157 481
f 7158 634 636
f 705 7159 704
f 6489 6994 6501
f 7160 855 857
f 7161 1225 1223
f 1147 7162 1149
f 6995 6490 6502
f 7163 1031 1030
f 954 7164 955
f 500 7165 498
f 6491 6996 6503
f 7166 617 620
f 722 7167 720
f 6403 7572 6713
f 6997 6492 6496
f 7571 6402 6710
f 6861 6302 7502
f 7502 6302 6386
f 6493 6998 6497
f 6309 6866 7509
f 6309 7509 6385
f 6867 6308 7508
f 6999 6494 6498
f 7508 6308 6384
f 6307 6868 7507
f 6307 7507 6383
f 6495 7000 6499
f 6869 6306 7506
f 7506 6306 6382
f 6313 6874 7514
f 6313 7514 6381
f 6875 6312 7513
f 7513 6312 6380
f 6311 6876 7512
f 6311 7512 6379
f 6877 6310 7511
f 7511 6310 6378
f 6317 6882 7522
f 6317 7522 6377
f 6883 6316 7521
f 7521 6316 6376
f 6315 6884 7520
f 6315 7520 6375
f 7227 712 713
f 628 7226 626
f 6885 6314 7519
f 6400 7492 6835
f 7519 6314 6374
f 6398 7490 6837
f 7225 490 492
f 7224 933 932
f 1051 7223 1053
f 7222 1128 1126
f 1245 7221 1247
f 833 7220 831
f 7219 728 729
f 612 7218 610
f 7217 505 508
f 7216 947 946
f 1037 7215 1040
f 7214 1142 1140
f 1231 7213 1234
f 817 7212 815
f 7211 744 746
f 596 7210 594
f 7209 522 524
f 7208 962 959
f 6265 7489 6667
f 607 7312 605
f 1024 7207 1026
f 7206 1155 1153
f 1217 7205 1219
f 7204 976 974
f 1009 7203 1011
f 7202 1170 1167
f 1203 7201 1205
f 801 7200 800
f 7488 6269 6674
f 6268 7487 6675
f 7486 6267 6676
f 6266 7485 6677
f 7484 6377 6817
f 6376 7483 6816
f 7482 6375 6815
f 6374 7481 6814
f 7199 760 762
f 579 7198 578
f 7197 537 539
f 7196 990 987
f 995 7195 997
f 7194 1184 1181
f 1189 7193 1191
f 786 7192 784
f 7480 6273 6682
f 6272 7479 6683
f 7478 6271 6684
f 6270 7477 6685
f 7476 6381 6809
f 6380 7475 6808
f 7474 6379 6807
f 6378 7473 6806
f 7191 775 777
f 564 7190 561
f 7189 554 556
f 7188 792 794
f 7472 6277 6690
f 6276 7471 6691
f 7470 6275 6692
f 6274 7469 6693
f 7468 6385 6801
f 6384 7467 6800
f 7466 6383 6799
f 6382 7465 6798
f 769 7187 767
f 7186 569 572
f 547 7185 546
f 7184 807 809
f 7464 6281 6698
f 6280 7463 6699
f 7462 6279 6700
f 6278 7461 6701
f 7460 6389 6793
f 6388 7459 6792
f 7458 6387 6791
f 6386 7457 6790
f 754 7183 752
f 7182 585 588
f 532 7181 529
f 982 7180 984
f 7456 6285 6706
f 6284 7455 6707
f 7454 6283 6708
f 6282 7453 6709
f 7452 6393 6785
f 6392 7451 6784
f 7612 1179 7026
f 7612 6998 7380
f 6998 7612 7026
f 1179 7612 7380
f 8571 9770 9298
f 9298 9770 7968
f 8636 9652 1269
f 8635 9651 1204
f 953 9650 8634
f 9007 9178 8183
f 1248 8909 1246
f 977 8908 975
f 1182 8910 1180
f 7651 10445 9753
f 7851 9178 9007
f 8918 9338 8543
f 7653 10444 9755
f 8811 8878 7962
f 8256 10006 9481
f 9878 10426 8906
f 8655 10571 7702
f 7703 9013 8656
f 7701 9014 8657
f 9289 9790 8444
f 8953 10445 7651
f 8698 11051 9542
f 9341 9871 1148
f 1010 9872 9342
f 8141 9694 9000
f 8177 9770 8914
f 8007 10925 8686
f 9694 10208 9000
f 8949 10444 7653
f 9492 10035 8527
f 7768 9110 8619
f 8620 9109 7770
f 8795 8913 7701
f 8668 9356 7982
f 8296 9830 8832
f 9260 9347 8354
f 9262 9348 8356
f 8982 8983 8162
f 7974 8983 8982
f 8630 9387 8063
f 8098 10229 9393
f 7953 9732 8735
f 8980 10229 8098
f 8315 9957 8827
f 8657 9214 7701
f 8656 9213 7703
f 1143 9871 8705
f 8706 9872 1014
f 9315 9556 8154
f 8947 9964 8445
f 7707 9189 8651
f 8120 9091 8941
f 8639 10685 8981
f 9752 10367 9208
f 9315 10455 9556
f 8256 9964 8947
f 8634 10004 953
f 1204 10005 8635
f 1269 10003 8636
f 8522 9271 8935
f 8832 9830 7706
f 8469 9840 9332
f 8778 9374 8131
f 8776 9373 8133
f 8430 9548 9433
f 8065 9397 8726
f 8420 10823 9849
f 9770 10829 8914
f 7930 10391 8847
f 8125 9097 9083
f 9707 10106 8582
f 8581 10105 9706
f 9705 10104 8580
f 8621 11129 7627
f 10574 10936 8958
f 8795 11111 8913
f 8913 11111 8000
f 9126 10629 9747
f 8745 9955 8124
f 7702 9483 8655
f 1038 10272 9199
f 8998 9218 8184
f 7853 9218 8998
f 8999 9219 7854
f 8185 9219 8999
f 8511 9876 9363
f 8781 10722 8520
f 7728 9865 8992
f 8992 9865 8438
f 8668 9217 7665
f 9258 10283 8473
f 8650 9498 7706
f 7708 9499 8649
f 8404 10254 8765
f 8765 10254 7946
f 8981 10685 7983
f 8715 9085 7709
f 8609 9180 8061
f 9165 10030 8585
f 8166 10030 9165
f 10344 10782 9144
f 9145 10785 10345
f 9605 9965 8482
f 9126 9747 7825
f 10314 11192 8774
f 8768 10690 8532
f 7884 10690 8768
f 8952 10836 10589
f 8611 9938 7735
f 8092 9411 8990
f 8990 9411 8282
f 8989 9323 7649
f 8227 9323 8989
f 10579 10960 8957
f 8669 9330 8339
f 8847 10391 8488
f 8109 9347 9260
f 8107 9348 9262
f 9130 9527 1048
f 8959 10056 7711
f 8479 10056 8959
f 9512 9766 8069
f 8925 9177 8009
f 10546 10874 8023
f 9204 9410 8025
f 8005 10700 8763
f 8763 10700 8529
f 8029 9415 9205
f 8153 9548 8783
f 8783 9548 7754
f 7657 10460 8748
f 8199 9752 9208
f 10125 10406 8883
f 8373 9121 8642
f 8559 10489 8902
f 8903 10488 8558
f 8827 9957 7924
f 8884 9645 7943
f 7807 9790 9289
f 8816 10057 9860
f 8942 10144 8489
f 7694 10144 8942
f 7704 10660 8717
f 7736 10047 8745
f 8902 10489 7948
f 7949 10488 8903
f 8781 10885 10722
f 8709 10326 8290
f 8366 10081 9019
f 8717 10102 7704
f 8168 10106 9707
f 9706 10105 8169
f 8170 10104 9705
f 8519 9761 8762
f 8113 9127 8928
f 8928 9127 7772
f 8703 9019 8076
f 8595 9475 7722
f 8030 9476 8597
f 9194 9579 7737
f 8442 9579 9194
f 9193 9580 7738
f 8440 9580 9193
f 8010 10735 8955
f 8010 10797 10735
f 8592 9362 8202
f 926 8893 923
f 9237 9327 8030
f 8022 11048 10709
f 8889 9324 8261
f 8096 9324 8889
f 8929 10589 8608
f 7734 10589 8929
f 8762 9761 7689
f 8952 10589 7734
f 7743 9581 9245
f 9245 9581 8454
f 8510 9878 8906
f 8801 10171 9636
f 8523 9766 9512
f 8200 10000 8676
f 8676 10000 7770
f 9332 9840 7821
f 7885 9143 8785
f 8785 9143 8110
f 8366 10386 10081
f 7731 10574 8958
f 8565 10605 9371
f 1248 9914 8909
f 8908 9912 975
f 1182 9913 8910
f 8295 10406 10125
f 7722 9405 8595
f 8694 9110 8222
f 8597 10555 8030
f 8619 9252 7768
f 7735 10011 8611
f 8120 10449 9091
f 9155 9409 8359
f 9048 9221 7616
f 8197 9221 9048
f 8023 10874 9039
f 8070 9179 8767
f 8767 9179 7695
f 8808 11139 8319
f 1012 9872 1010
f 1148 9871 1145
f 7976 10560 9317
f 9177 9235 8290
f 7700 9235 9177
f 8737 9638 8079
f 8076 11225 8766
f 9433 9548 8153
f 8010 9195 8791
f 8070 9435 9179
f 9179 9435 8395
f 8202 11215 8592
f 7767 9605 8859
f 8028 9475 8595
f 7924 10362 8628
f 8319 11139 8822
f 9083 9097 7623
f 7962 9096 8811
f 9200 9513 8078
f 8421 9513 9200
f 7725 9297 8765
f 8753 9202 7886
f 8836 10925 8007
f 8334 9307 9208
f 9208 9307 7777
f 8223 10035 9492
f 8633 9192 7749
f 8816 9860 8144
f 8335 10558 8824
f 8037 10781 10122
f 9897 10314 8774
f 8595 10554 8028
f 7726 9873 8732
f 7758 9185 8638
f 8676 9167 8200
f 8896 10572 10346
f 8105 9370 8797
f 8797 9370 7772
f 9106 10176 8387
f 8867 10192 7749
f 7732 10579 8957
f 9605 10669 8859
f 7673 9056 9021
f 9021 9056 8116
f 8061 9477 8609
f 7680 9884 9326
f 8722 9274 7899
f 8070 9274 8722
f 8610 9419 7666
f 8780 9296 7754
f 8874 9966 8352
f 7862 9966 8874
f 8004 10285 8907
f 8407 9619 9430
f 9363 9876 8044
f 8707 9082 8441
f 8778 11179 9374
f 8776 11181 9373
f 8751 9873 7726
f 7749 10192 8633
f 8672 11331 8327
f 9542 10080 8698
f 9230 11035 10053
f 7765 10032 9549
f 8774 11192 8023
f 8848 10181 7847
f 9041 9111 8126
f 7621 9111 9041
f 8642 10222 8373
f 7999 9685 8879
f 8765 10896 7725
f 9752 9784 8449
f 7739 9082 8707
f 7905 10976 9412
f 7651 9753 8787
f 8787 9753 8183
f 8225 9777 8727
f 8788 9755 8184
f 7653 9755 8788
f 8185 9756 8790
f 8790 9756 7655
f 8974 11048 8022
f 9622 10560 8548
f 8023 9845 8774
f 1069 8852 1068
f 7666 9492 8610
f 9317 10560 8640
f 7813 10155 9655
f 8649 10425 7708
f 7770 9418 8620
f 8063 10731 8630
f 8762 10828 8519
f 8911 9829 8328
f 7838 9829 8911
f 7984 9420 8779
f 8956 9515 7648
f 8258 9515 8956
f 7742 10028 8892
f 9644 10133 8570
f 9732 11126 8735
f 8059 9051 8846
f 8846 9051 7956
f 7758 9147 8818
f 9676 10823 8420
f 9338 10960 8543
f 8884 10227 9645
f 8216 9795 9737
f 9230 10053 8038
f 8746 9046 7977
f 7978 9047 8747
f 8863 10911 8606
f 8907 11225 8076
f 8848 9096 7962
f 8473 10431 9258
f 8177 9965 9605
f 7634 9863 8686
f 8697 10462 7953
f 9155 10556 9409
f 8936 8937 8084
f 8005 8937 8936
f 8285 9327 9237
f 8719 10339 8350
f 7902 10339 8719
f 10161 10559 8047
f 9205 9415 8280
f 8659 10286 9217
f 9217 10286 8181
f 7956 9946 8846
f 8004 10414 10285
f 8768 10884 7884
f 7769 10035 9040
f 8277 9410 9204
f 8801 9636 8103
f 8775 9027 7733
f 8060 9434 9422
f 1039 10272 1038
f 9647 9968 8288
f 8016 9162 8911
f 8056 9377 8904
f 8643 9294 7906
f 8144 9408 8884
f 8884 9408 7618
f 8786 9267 7716
f 9420 9626 7643
f 9764 10085 8566
f 8819 9608 7730
f 8336 11328 8757
f 9470 10342 7929
f 8673 10342 9470
f 7627 10898 8621
f 8522 10836 9271
f 9144 10782 8013
f 8012 10785 9145
f 7654 9734 8841
f 7666 9317 8640
f 8708 11253 9612
f 8855 9073 7997
f 1048 9527 1045
f 8488 9762 8847
f 8847 9762 7804
f 8811 10970 7646
f 8953 9685 7999
f 9905 10454 1066
f 8783 10849 7903
f 8824 10558 9339
f 9673 10091 8392
f 8758 9054 7779
f 7968 10911 8863
f 10189 10240 8007
f 8023 11192 8886
f 7880 10480 9148
f 7813 9655 8796
f 8899 9103 7650
f 8941 10740 7837
f 7920 9407 8730
f 8628 9566 7924
f 8527 10701 9492
f 8738 9088 7975
f 7701 10027 8795
f 8606 11092 8863
f 9139 10576 7904
f 8709 10576 9139
f 9112 11318 10631
f 8090 9391 8771
f 7773 9362 8709
f 9980 10192 8867
f 7657 11100 10460
f 8685 10872 8051
f 9542 11051 7895
f 7949 9238 8716
f 8717 9239 7948
f 926 9842 8893
f 9112 10631 7878
f 7809 11197 8729
f 8940 9162 8016
f 8133 9819 8776
f 8777 9818 8132
f 8131 9817 8778
f 8422 9998 9165
f 7759 9354 8683
f 8536 10849 8783
f 1081 9859 8725
f 7732 9135 8743
f 8743 9135 8027
f 7837 10740 10312
f 8844 9037 7954
f 7972 9160 8901
f 7953 9351 8793
f 7952 9350 8792
f 9089 10781 8037
f 8700 10016 7718
f 7717 10017 8701
f 8465 9626 9420
f 8623 10559 10161
f 7909 9672 8769
f 8241 9376 9232
f 8730 9613 7920
f 9374 11179 7942
f 9373 11181 7941
f 9138 9925 7679
f 8930 8931 8048
f 8049 8931 8930
f 9697 10594 8653
f 1137 8888 1136
f 1022 8887 1019
f 8635 9836 8109
f 8636 9835 8107
f 8543 10960 10579
f 8757 10273 8336
f 8324 10433 9074
f 7857 9319 9022
f 9022 9319 8188
f 9023 9320 7858
f 8189 9320 9023
f 8187 9318 9024
f 9024 9318 7856
f 7980 9120 8820
f 10071 10107 8405
f 8946 9071 8086
f 7697 9071 8946
f 9069 9551 8037
f 7721 11192 10314
f 7679 9925 9595
f 8640 10767 7666
f 8896 10346 7950
f 9148 10480 8613
f 8036 9163 8736
f 8736 9163 7918
f 8838 9345 7845
f 9422 9434 8407
f 9074 10448 8324
f 7941 10922 8678
f 7942 10923 8677
f 9146 9839 8457
f 7842 9839 9146
f 8941 9242 8120
f 7837 9242 8941
f 10254 10647 8563
f 7918 9248 8771
f 8786 10204 8334
f 7716 10204 8786
f 8763 10815 8005
f 11161 11163 8946
f 8828 9376 7622
f 8102 9376 8828
f 8742 9151 8026
f 7982 11325 8668
f 8160 10133 9644
f 8235 9151 8958
f 9202 11335 7886
f 8651 9429 7707
f 8638 9521 7758
f 9443 11200 9885
f 8850 9010 7827
f 10812 10826 8018
f 8717 10660 9239
f 7709 9699 8715
f 8732 11076 7726
f 7751 10073 8712
f 8712 10073 8214
f 8215 10075 8713
f 8713 10075 7752
f 9608 10813 7730
f 9430 9619 8149
f 9412 10976 8721
f 8804 9210 8168
f 8806 9211 8170
f 8169 9212 8805
f 8018 10826 8834
f 8414 10549 8736
f 8757 11328 9268
f 8849 9025 7828
f 8109 9651 8635
f 8107 9652 8636
f 7906 9564 8643
f 8879 11415 7999
f 8637 9617 8087
f 8960 10175 7998
f 7961 9001 8851
f 8701 10844 7717
f 10025 10042 7624
f 8300 9889 8648
f 1085 9433 1083
f 8758 9585 8112
f 7779 9585 8758
f 8588 10454 9905
f 10575 11207 7868
f 8550 10723 8986
f 8097 9505 8924
f 8018 9679 8714
f 8629 10042 10025
f 9331 9823 8468
f 8412 9604 9209
f 9209 9604 7682
f 8983 10518 8560
f 8475 9919 9785
f 8087 9858 8637
f 8026 9010 8850
f 7811 10154 9526
f 8050 11404 8813
f 8564 9804 9004
f 7665 9356 8668
f 7870 11206 10593
f 9058 10088 8491
f 7675 10088 9058
f 8736 10549 7694
f 7692 9398 8761
f 8761 9398 8083
f 7995 9401 8887
f 8888 9402 7994
f 8761 9543 7896
f 8451 10250 8962
f 7772 11088 8797
f 8173 9192 8802
f 8848 10745 10181
f 8550 10962 10723
f 8683 10299 7759
f 8714 9215 8018
f 8230 9135 8957
f 7767 9325 8997
f 7860 10043 8962
f 8724 10117 7643
f 8146 10085 9764
f 7919 9597 8724
f 8946 11163 8689
f 8800 9172 8160
f 9041 9395 7621
f 7869 10176 9106
f 7670 10171 8851
f 7726 10562 9298
f 9433 9859 1083
f 8037 9551 9395
f 8027 9025 8849
f 9158 10157 8046
f 9040 10456 7769
f 9080 10032 7765
f 8046 10157 9168
f 8736 10601 8414
f 8875 10819 9725
f 7778 10616 8877
f 8877 10616 8537
f 9099 9309 8294
f 7868 11207 9105
f 9104 11206 7870
f 8138 9282 8823
f 8280 10147 8934
f 8303 9614 9034
f 9034 9614 7676
f 9035 9615 8301
f 7674 9615 9035
f 8093 9037 8844
f 9860 10063 8396
f 8863 10704 8278
f 8648 11306 8300
f 9154 10571 8655
f 7953 10422 8697
f 7974 10518 8983
f 9341 9357 8128
f 8382 9357 9341
f 8129 9358 9342
f 9342 9358 8383
f 9591 11112 8003
f 7908 10664 8681
f 9096 10970 8811
f 8980 9118 8080
f 8098 9118 8980
f 8542 10936 10574
f 7828 10234 8917
f 7652 10211 8885
f 7706 9830 8650
f 8840 11407 7774
f 8729 10880 7809
f 9681 9959 8349
f 9231 9795 8216
f 9027 11418 11077
f 10098 10382 7719
f 8072 9224 8723
f 9067 11391 11206
f 9067 11206 8055
f 10147 10446 8934
f 8892 10028 9744
f 8678 9373 7941
f 8677 9374 7942
f 8114 9257 9047
f 7980 9328 8799
f 9059 10423 8322
f 8613 9915 9698
f 7948 10489 8717
f 8716 10488 7949
f 8702 10487 8359
f 7898 11291 8713
f 8712 11292 7897
f 964 8870 961
f 1196 8871 1194
f 1262 8869 1260
f 8971 9516 8091
f 8880 11416 8993
f 8993 11416 8002
f 8322 10434 9059
f 8007 10240 9070
f 8158 9436 8831
f 7756 10048 8699
f 8620 10458 9313
f 8108 9857 9650
f 9650 9857 8634
f 8042 11084 8806
f 8733 11346 8078
f 8673 10173 8208
f 9153 9884 7680
f 8938 10138 8277
f 9698 9915 8145
f 8655 10474 9154
f 9154 10474 7940
f 9612 10182 8708
f 7820 9823 9331
f 8686 9382 7634
f 7643 10525 8724
f 8724 10526 7919
f 9636 10171 7670
f 8569 10214 9442
f 9699 10631 8715
f 8359 10743 8702
f 8339 10099 8669
f 8565 10971 8820
f 8820 10971 7910
f 7789 10051 8710
f 8710 10051 8188
f 8187 10050 8711
f 8711 10050 7791
f 9443 9885 8161
f 8492 9615 8740
f 8740 9615 7674
f 8739 9614 8493
f 8457 10300 9853
f 8741 9470 7929
f 8745 10451 9955
f 8520 10861 8781
f 8051 9696 8685
f 8548 10921 9622
f 8467 10717 8814
f 7733 10001 8775
f 8241 9232 8835
f 7935 9504 8767
f 8529 10747 8763
f 7921 9336 8693
f 8691 9337 7923
f 8918 10578 7965
f 8543 10578 8918
f 8542 10573 8919
f 8919 10573 7964
f 8911 9259 8016
f 10098 10804 8021
f 8434 10136 9072
f 9134 9349 8261
f 7824 9349 9134
f 8783 9296 8536
f 8157 10772 8769
f 8770 10772 8157
f 8769 10772 7909
f 8863 10977 10704
f 9654 10348 7678
f 7738 10125 8883
f 8010 9103 8899
f 8857 11088 7772
f 8878 11369 7962
f 1252 9032 1250
f 973 9030 972
f 1186 9031 1183
f 8456 9780 9322
f 8875 9725 8262
f 8327 10312 8672
f 8938 10453 10138
f 8775 11418 9027
f 7761 9704 8831
f 8831 9704 8158
f 7918 10601 8736
f 8741 9851 8024
f 7920 9613 8818
f 7774 11407 8930
f 8838 11376 9345
f 8750 9215 7771
f 7737 9668 8881
f 8882 9669 7739
f 7723 10283 9258
f 8742 10362 7924
f 8027 10361 8743
f 9257 11364 9047
f 7678 10348 9157
f 9133 10512 8646
f 7964 10512 9133
f 7965 10513 9132
f 9132 10513 8647
f 8731 10804 10098
f 8859 11265 7767
f 8516 10594 9697
f 9229 10385 8601
f 9139 10326 8709
f 7909 10774 8759
f 8521 10631 9699
f 8858 9381 8104
f 7934 9381 8858
f 8752 9573 8044
f 8851 10171 10092
f 9198 9864 8095
f 8199 9784 9752
f 10385 11108 8601
f 8451 10602 10250
f 8681 10383 7908
f 8698 10080 7691
f 1252 10327 9032
f 9030 10328 972
f 1186 10329 9031
f 7733 10867 10001
f 8989 11404 8050
f 7827 10318 8904
f 8563 11256 10254
f 8745 10047 9383
f 8393 9787 8755
f 9800 10175 8960
f 8869 10597 8508
f 7937 10597 8869
f 7939 10599 8871
f 8871 10599 8507
f 8506 10598 8870
f 8870 10598 7938
f 9023 10024 8189
f 7762 10632 10177
f 7701 10865 10027
f 8030 9327 8789
f 9165 9998 7765
f 7694 10322 8736
f 8208 11406 8673
f 9322 9780 7831
f 7896 10261 8761
f 8728 10758 10131
f 7929 10596 8741
f 8184 9218 8788
f 8790 9219 8185
f 8186 9220 8789
f 9200 9772 8421
f 8796 11112 9591
f 8550 9814 8977
f 8033 10877 8976
f 9492 10701 8610
f 7828 11122 10234
f 8291 10121 8837
f 8025 9410 8787
f 8053 10863 9058
f 9156 11079 10621
f 8740 10575 8492
f 10004 10749 951
f 1206 10748 10005
f 1271 10750 10003
f 9323 10006 8256
f 9232 9376 8102
f 8005 9507 8937
f 8183 10036 9007
f 8710 10375 7789
f 7791 10374 8711
f 9910 10340 8450
f 9200 10287 9772
f 9371 10605 7746
f 9293 11114 8678
f 8709 10352 7773
f 8290 10352 8709
f 9269 11129 8621
f 8781 10314 8263
f 8327 11331 9257
f 10499 10502 8979
f 8780 11297 9296
f 8949 9591 8003
f 7984 10499 8979
f 9139 10550 8607
f 7770 10160 8676
f 9058 10863 9182
f 9313 10458 8050
f 7932 9638 8737
f 8183 9178 8787
f 8790 9415 8029
f 8788 9416 7653
f 8350 10140 8719
f 9767 9979 8375
f 8493 10593 8739
f 9111 9112 8126
f 8034 9112 9111
f 10862 10987 9055
f 8451 10490 8851
f 8851 10490 7670
f 9829 10280 8328
f 8075 9359 9293
f 8084 9096 8848
f 8866 11084 8042
f 8935 9950 7973
f 8370 9591 8949
f 8722 9435 8070
f 7753 9435 8722
f 9008 9867 8136
f 8706 9952 8129
f 8128 9953 8705
f 8977 9814 8167
f 9004 9804 8165
f 8021 11255 10098
f 9391 10989 8771
f 8927 9185 8148
f 8188 10845 8710
f 9039 9845 8023
f 7811 9526 8879
f 8882 10284 9669
f 8767 9504 8070
f 7713 11118 8756
f 9072 10136 7687
f 8807 9372 8279
f 10384 10776 8680
f 8178 11126 9732
f 10301 10309 7687
f 8032 9057 9056
f 9056 9057 8116
f 8124 9803 8745
f 8745 9803 7736
f 8125 9098 9097
f 9097 9098 8033
f 8142 9154 8862
f 8862 9154 7940
f 9442 11295 8569
f 7725 10996 9297
f 7687 10309 9072
f 7771 10711 8750
f 8214 9388 8712
f 8713 9389 8215
f 8726 9799 8065
f 8955 9103 8010
f 8925 9886 9177
f 904 8970 902
f 1226 8969 1224
f 934 8968 931
f 1000 8967 998
f 1160 8966 1158
f 8019 10862 9055
f 10043 10441 8962
f 7818 9403 9301
f 9301 9403 8346
f 9926 10193 7665
f 8095 9864 9468
f 9176 10877 8033
f 8587 10972 8901
f 8999 10037 8185
f 8184 10038 8998
f 7932 9677 9638
f 7800 9610 9065
f 9065 9610 8293
f 8846 9946 9375
f 8771 9248 8090
f 7906 10776 10384
f 8919 9538 8542
f 8812 11260 8090
f 7886 10604 8753
f 9345 11376 8105
f 8095 9468 9203
f 9203 9468 8329
f 9039 10320 8526
f 7696 10320 9039
f 8801 10774 7909
f 8862 11212 8142
f 7691 10228 8698
f 10121 10971 8837
f 9057 9390 7750
f 10043 10115 8346
f 10102 10894 7704
f 9045 9570 7627
f 8272 9570 9045
f 1145 9871 1143
f 1014 9872 1012
f 8256 10440 9964
f 8725 10276 1081
f 8025 10405 9228
f 9466 11256 8563
f 8847 9457 8110
f 7804 9457 8847
f 7904 10550 9139
f 8737 10618 7932
f 8901 11103 8587
f 8079 11135 8737
f 9725 10819 8505
f 7845 9203 8838
f 8838 9203 8329
f 9158 9810 7669
f 9029 9420 7984
f 10346 10572 8403
f 8752 9876 7713
f 9082 11290 11242
f 8414 10601 8771
f 8771 10601 7918
f 9082 11242 8054
f 9365 11337 10634
f 10405 11379 9228
f 8142 9188 8836
f 7693 9973 8772
f 8707 11202 7739
f 7737 9579 8691
f 7738 9580 8692
f 8441 11314 8707
f 9005 11197 7809
f 8481 10102 9141
f 8257 9654 9639
f 9440 9636 8480
f 8103 9636 9440
f 7718 9536 8700
f 8823 9731 8138
f 7757 9731 8823
f 8792 9350 8046
f 8793 9351 8045
f 8786 9623 8089
f 8126 9089 9041
f 8686 9863 8007
f 8714 9741 8060
f 8076 10321 8703
f 7674 9683 8740
f 8791 10797 8010
f 8014 9264 8885
f 9655 10155 8501
f 7710 9338 8918
f 8347 10426 9878
f 8978 10412 8034
f 8705 10141 1143
f 1014 10142 8706
f 929 9003 927
f 908 9002 905
f 7952 10347 9269
f 8083 9543 8761
f 8886 9113 8023
f 9020 9507 8005
f 8692 10125 7738
f 9481 10440 8256
f 9371 11127 8565
f 8395 10242 9179
f 7773 9917 9152
f 9359 10401 9293
f 8757 11116 10273
f 8874 9691 7862
f 7672 10586 10130
f 8793 9413 7714
f 8792 9414 7715
f 7625 9919 8769
f 8769 9919 8157
f 8755 10564 8393
f 8657 10473 9214
f 9214 10473 7986
f 8656 10475 9213
f 9213 10475 7988
f 9869 11405 7703
f 10178 10286 8659
f 8935 10519 8522
f 7973 10519 8935
f 8078 9513 8733
f 8733 9513 7755
f 7923 10244 8691
f 8693 10243 7921
f 8172 9344 9062
f 9062 9344 7748
f 10347 10966 9269
f 1154 8902 1152
f 1005 8903 1004
f 8691 9668 7737
f 8125 9083 9042
f 7726 11076 8931
f 8450 10340 9340
f 8889 9581 7743
f 9309 10169 8294
f 8089 9267 8786
f 8035 10041 8800
f 9141 10102 7990
f 8288 9968 9125
f 8121 9162 8940
f 9023 10504 10024
f 8901 10972 7972
f 9902 10330 8317
f 8803 10897 8515
f 7719 10703 8731
f 1111 10140 9181
f 8888 9977 1136
f 1022 9976 8887
f 8861 9497 8237
f 8769 10464 7625
f 8745 9383 7943
f 8900 9196 7947
f 8809 11195 7662
f 9325 10911 8997
f 8711 9909 8187
f 9332 10016 8012
f 8013 10017 9331
f 8222 11002 8694
f 8827 9223 8226
f 7924 9223 8827
f 7955 11163 11161
f 9432 9963 8412
f 8699 10900 7756
f 9321 11155 7705
f 8662 10813 9608
f 1102 9277 1100
f 7992 10508 9189
f 9189 10508 8651
f 8477 9677 9423
f 9423 9677 7932
f 9064 10787 7822
f 10131 10758 8254
f 7754 9296 8783
f 8742 10910 9151
f 8040 10059 8804
f 8805 10060 8041
f 8678 11250 9293
f 1208 10748 1206
f 951 10749 949
f 1273 10750 1271
f 8733 10219 8234
f 7755 10219 8733
f 9395 9855 7621
f 1163 9017 1161
f 996 9016 993
f 1230 9015 1228
f 8851 10602 8451
f 7768 10286 10178
f 8954 9276 8035
f 8752 9407 7920
f 7975 10434 8738
f 8407 9430 8842
f 9151 10910 7731
f 8821 9244 8047
f 7827 11121 10318
f 10131 10881 8728
f 8989 9418 8227
f 8121 9241 9162
f 8735 10422 7953
f 7943 10451 8745
f 8074 10274 9294
f 10036 10461 9007
f 8785 10072 7885
f 8214 10072 8785
f 8721 9587 7645
f 9114 9439 7750
f 7801 9972 9758
f 8389 9813 8849
f 8390 9812 8850
f 10418 10820 9166
f 9298 10562 8571
f 7792 10989 9391
f 8034 10412 9085
f 9244 9325 7767
f 8894 9238 7949
f 7948 9239 8895
f 8593 10249 9053
f 9785 9919 7625
f 8328 10280 9256
f 10395 10590 7797
f 8266 11110 9791
f 8326 9379 8872
f 8058 10279 8772
f 7946 9372 8765
f 9657 10274 8074
f 8882 9329 8355
f 7977 10447 8746
f 8747 10448 7978
f 7899 10236 8722
f 8722 10237 7753
f 8103 10774 8801
f 8705 9871 8128
f 8129 9872 8706
f 8712 10545 7751
f 7752 10544 8713
f 9728 10211 7652
f 7809 10880 8876
f 8724 9597 8020
f 8482 10669 9605
f 8714 9679 7727
f 8086 9060 9033
f 9033 9060 7756
f 8079 9638 9233
f 7822 10787 9970
f 9331 10017 8525
f 8524 10016 9332
f 8935 9271 7712
f 8843 9225 7734
f 8827 10611 8315
f 8424 10820 10418
f 9791 11110 8697
f 8941 9091 8015
f 8880 11405 9869
f 9132 10379 7965
f 8294 9630 9099
f 9099 9630 7714
f 9133 10381 7964
f 8024 9470 8741
f 8789 9327 7654
f 9382 10810 8385
f 9095 10083 8284
f 9313 10636 8620
f 9267 9620 8433
f 9671 9895 8305
f 9206 9416 8028
f 8281 9416 9206
f 1137 9402 8888
f 8887 9401 1019
f 9045 9053 8081
f 7627 9053 9045
f 9620 10424 8433
f 7917 9313 8803
f 9526 10154 8500
f 8728 9611 7746
f 9309 11385 10701
f 9757 10242 8395
f 1190 8945 1187
f 970 8944 967
f 1256 8943 1254
f 7727 9741 8714
f 10709 11048 8638
f 7636 10683 8855
f 8855 10683 8485
f 7650 9784 8899
f 8899 9784 8199
f 9403 10043 8346
f 7616 9180 8933
f 9156 10621 8020
f 8110 11169 8785
f 9159 10232 8045
f 8812 9502 7886
f 8090 9502 8812
f 7750 9439 9236
f 10001 10867 8603
f 8907 11355 8004
f 8093 9103 8955
f 8047 9865 8821
f 8044 9738 8921
f 10722 10885 7835
f 8515 11149 8803
f 8631 9995 9086
f 9087 9994 8632
f 8963 9306 8040
f 8041 9304 8964
f 8965 9305 8042
f 7661 11142 10731
f 9493 10566 8688
f 7996 9240 8905
f 8797 10712 8105
f 7654 10895 9734
f 8929 10721 8622
f 9296 11297 8088
f 8713 9952 7898
f 7897 9953 8712
f 8736 10322 8036
f 10903 11413 9856
f 8719 10083 7902
f 8060 10986 8714
f 8045 10232 9207
f 7645 10766 8721
f 8094 9663 8922
f 8047 10559 8860
f 8824 11223 7905
f 8051 10872 8920
f 8814 10717 9081
f 8794 9354 8228
f 9109 11004 8221
f 7842 9295 8988
f 8988 9295 8195
f 7773 10352 9917
f 8956 10503 8258
f 9087 10619 8518
f 8517 10620 9086
f 9480 10616 8282
f 8756 10954 7713
f 9856 11413 8843
f 8240 10908 10109
f 8901 9160 8137
f 8675 10810 9382
f 9107 9497 7888
f 8237 9497 9107
f 7886 10074 8812
f 8812 10074 8215
f 9466 10665 7798
f 9008 10231 9867
f 8748 10624 7657
f 8232 10107 10071
f 8026 10362 8742
f 8020 10117 8724
f 8370 10164 9591
f 8031 9734 9253
f 8283 9703 9044
f 9044 9703 7823
f 8772 9446 8058
f 9165 10221 8422
f 8049 10562 8931
f 8086 9071 9060
f 9060 9071 8079
f 8852 9905 1068
f 9487 10382 8535
f 1111 9181 1110
f 8723 10042 8072
f 9442 10214 8062
f 8234 10261 8733
f 7920 9573 8752
f 10448 11286 8324
f 7734 10746 8843
f 8832 10243 8296
f 8297 10244 8833
f 8956 10764 8011
f 8999 10497 10037
f 10038 10496 8998
f 8727 10860 8225
f 8911 9162 7838
f 8815 9344 8172
f 8048 9951 8930
f 8652 11174 10277
f 9860 10057 7847
f 10569 11014 8614
f 10415 11143 8704
f 8552 10782 10344
f 10345 10785 8553
f 7656 11364 9257
f 9132 10610 10379
f 7903 10849 9310
f 7726 10343 8751
f 8787 9410 7651
f 8767 10547 7935
f 8019 9055 9054
f 9054 9055 8197
f 9133 10609 10381
f 8890 11146 7969
f 8625 11146 8890
f 8891 11147 8626
f 7970 11147 8891
f 8892 11145 8624
f 7971 11145 8892
f 7911 10566 9493
f 7833 10086 9333
f 8000 11056 8913
f 8148 9501 9122
f 9122 9501 8249
f 8856 10041 8035
f 8442 9931 9067
f 8939 9752 8449
f 9012 10408 8461
f 9011 10410 8463
f 7655 9415 8790
f 8028 9416 8788
f 8181 9774 9273
f 8045 9413 8793
f 8046 9414 8792
f 9057 10679 9390
f 10634 11337 8594
f 8761 10261 8234
f 8977 9551 7766
f 8167 9551 8977
f 9103 10988 7650
f 9365 10634 8064
f 8897 9921 7664
f 8957 9135 7732
f 7746 10758 8728
f 9134 9736 7824
f 8914 10319 7626
f 7700 9866 9235
f 9851 10871 8024
f 8899 9195 8010
f 8794 10529 7911
f 8378 10529 8794
f 8180 9252 8920
f 8695 11004 9109
f 8985 9806 7754
f 8234 9196 8900
f 9511 10657 8118
f 8223 9622 9040
f 9040 9622 7914
f 10701 11385 8610
f 7689 11340 8762
f 9377 9940 8904
f 9397 10421 8726
f 9638 9677 8419
f 8766 10321 8076
f 8293 9810 9158
f 9310 10849 8754
f 7646 9424 8811
f 8689 10592 8946
f 8946 10592 7697
f 8770 10011 7735
f 8157 10011 8770
f 8935 10854 9950
f 8132 9781 8777
f 9042 9083 8039
f 7910 10971 10121
f 9503 10693 8052
f 7750 9236 9057
f 9057 9236 8116
f 8844 9282 7650
f 7919 10641 9597
f 8864 10059 8040
f 8041 10060 8865
f 8958 9151 7731
f 8112 9625 8758
f 9275 9549 8342
f 8166 9549 9275
f 9041 9089 8037
f 8771 10989 8414
f 7713 10642 8752
f 7945 10527 9249
f 8131 10917 10580
f 8133 10919 10581
f 10582 10918 8132
f 8731 10098 7719
f 9391 9428 7792
f 8351 9428 9391
f 8743 10798 7732
f 8747 11286 10448
f 8354 9347 8883
f 8356 9348 8881
f 9181 9617 1110
f 9519 11362 8718
f 9795 10086 7833
f 8813 9624 8050
f 7624 11154 8734
f 9859 10061 8725
f 8153 10061 9859
f 8846 9537 8059
f 8732 9873 7996
f 8118 10657 9608
f 7719 10382 8932
f 8836 10914 8142
f 7972 10646 9472
f 8078 11346 9234
f 1102 10220 9277
f 8854 9926 7665
f 8271 9794 9326
f 10971 11127 8837
f 9258 10431 8029
f 8563 10647 9708
f 8765 10404 8404
f 9256 9539 8328
f 8115 9539 9256
f 7996 9949 8732
f 7921 10243 8832
f 8833 10244 7923
f 929 10357 9003
f 9002 10358 905
f 10109 10908 8684
f 8820 9400 7980
f 8031 9314 8841
f 8532 11125 8768
f 8734 10025 7624
f 7905 10803 8824
f 9134 9879 8299
f 8759 9672 7909
f 8718 10791 9519
f 8190 9238 8894
f 8895 9239 8191
f 9412 10803 7905
f 9092 10967 10677
f 8090 11260 9392
f 7698 11388 10834
f 8861 9434 8060
f 8340 9989 9815
f 7633 10225 9186
f 8779 10499 7984
f 10130 10586 8618
f 8877 9311 7778
f 9793 10462 8697
f 7993 9499 9150
f 9150 9499 8453
f 9149 9498 7991
f 8452 9498 9149
f 9006 10272 1042
f 9505 10691 8924
f 8933 9512 7616
f 8756 11118 10134
f 8113 9286 9127
f 7917 10636 9313
f 8134 9587 9028
f 8885 11184 7652
f 7972 10850 9160
f 8881 9348 7737
f 8883 9347 7738
f 8179 10078 8782
f 8782 10078 7873
f 8939 9560 8494
f 7650 10988 8844
f 9749 10835 7629
f 9537 10861 8059
f 8039 10310 10032
f 9334 10013 8486
f 7664 11233 8897
f 8876 9431 7960
f 8094 9431 8876
f 8715 11318 9085
f 7978 10738 9047
f 7782 9832 9517
f 9249 10564 7945
f 9201 10414 8004
f 8574 10414 9201
f 8925 10183 7810
f 10589 10836 8522
f 9090 9972 7801
f 8106 9510 9263
f 9263 9510 8317
f 9612 11253 8082
f 9191 10862 8019
f 8726 10862 9191
f 9001 10602 8851
f 8960 9166 7705
f 8881 10294 8356
f 7937 10294 8881
f 8883 10295 8354
f 8355 10296 8882
f 8882 10296 7938
f 7939 10295 8883
f 7924 9957 8742
f 8565 11127 10971
f 1078 9115 1076
f 7936 9775 8819
f 8819 9775 8118
f 904 10358 8970
f 8968 10357 931
f 1226 10356 8969
f 8967 10354 998
f 1160 10355 8966
f 7730 9443 8819
f 10621 11079 8545
f 7879 10408 9012
f 7881 10410 9011
f 8826 9799 7745
f 8011 9173 8956
f 8044 9876 8752
f 8633 10192 10065
f 8758 11193 9054
f 9162 9241 7838
f 7711 11344 8959
f 8334 10204 9307
f 8821 9906 8068
f 8008 10134 9289
f 9054 11193 8019
f 8948 9184 8001
f 8959 9176 8033
f 953 10004 951
f 1206 10005 1204
f 1271 10003 1269
f 8234 10292 8761
f 8761 10292 7692
f 9284 11142 7661
f 9095 10981 10083
f 9200 11388 7698
f 9083 10310 8039
f 7843 10091 9673
f 8801 10180 8218
f 7909 10180 8801
f 7977 10737 9175
f 8884 9383 8144
f 7943 9383 8884
f 9267 11067 7716
f 8803 11149 10030
f 8317 10330 9263
f 9131 9483 8448
f 7987 9483 9131
f 9398 10415 8704
f 8702 10693 9503
f 7734 9225 8952
f 10225 11248 9186
f 8093 10482 8782
f 8660 10590 10395
f 8997 9605 7767
f 8177 9605 8997
f 8404 10647 10254
f 9236 9295 8116
f 8195 9295 9236
f 7735 10627 8770
f 9481 10006 7846
f 10204 11368 9307
f 7662 11195 8973
f 8035 11214 8856
f 9333 9468 7833
f 8329 9468 9333
f 8781 10861 9537
f 8682 10826 10812
f 9191 9625 7745
f 8044 11138 9738
f 1269 9652 1267
f 956 9650 953
f 1204 9651 1202
f 7848 9963 9432
f 9020 9834 7775
f 9017 10355 1161
f 996 10354 9016
f 9015 10356 1228
f 9334 10751 10013
f 7714 9937 9099
f 8534 10193 9926
f 8371 9685 8953
f 9427 10740 8015
f 8796 9591 7813
f 9173 10503 8956
f 7736 10975 8816
f 8971 10567 9516
f 7741 11114 9293
f 9734 10722 9253
f 7945 9653 8780
f 8929 10746 7734
f 8598 10386 9950
f 9159 9634 7668
f 8292 9634 9159
f 8841 10062 8186
f 8915 9973 7693
f 8631 11216 9995
f 9356 10770 7982
f 8076 11355 8907
f 940 11176 9531
f 9530 11177 1218
f 9532 11178 5
f 8535 10382 10098
f 7978 11273 10738
f 8893 9842 8136
f 8200 9999 8773
f 9004 10957 8564
f 8802 10521 8351
f 7919 10521 8802
f 8640 10560 9622
f 9809 10209 8391
f 8131 10580 9817
f 8133 10581 9819
f 9818 10582 8132
f 7911 10510 8794
f 8846 9375 7721
f 8678 10922 9013
f 8677 10923 9014
f 10224 11143 7795
f 8937 9507 7646
f 10177 10632 8576
f 7903 10061 8783
f 8161 10994 8809
f 9173 11299 9975
f 8886 11192 9375
f 8823 9473 7757
f 7643 10886 9420
f 8814 11217 8467
f 7757 9473 9113
f 8118 9775 9462
f 9462 9775 8482
f 9375 11192 7721
f 8027 10756 10361
f 8837 9424 7646
f 8685 10706 9480
f 7890 9586 9129
f 9129 9586 8255
f 7743 9245 8990
f 8990 9245 8092
f 9388 11292 8712
f 8713 11291 9389
f 9253 10110 8503
f 7835 10110 9253
f 9289 10134 8511
f 8251 9779 9595
f 9093 9449 7776
f 8178 9449 9093
f 8952 9225 8111
f 9309 10701 7859
f 9506 10247 8399
f 7623 11004 9939
f 8772 10279 7693
f 8782 10388 8093
f 8181 10286 9774
f 7707 10285 9189
f 8909 9914 8152
f 8910 9913 8151
f 8150 9912 8908
f 9053 11129 8593
f 7957 10783 9137
f 9136 10784 7958
f 7739 9329 8882
f 8563 10665 9466
f 8716 11155 9321
f 8810 9667 7686
f 8942 10322 7694
f 8930 11407 8049
f 7824 9736 9533
f 8518 11053 9087
f 9086 11054 8517
f 9278 9508 8313
f 8122 9508 9278
f 9244 10557 9325
f 7796 9506 8873
f 8299 10617 9090
f 8981 10878 8639
f 9148 10409 7880
f 8040 11270 8864
f 8865 11271 8041
f 9879 10617 8299
f 7979 10277 9075
f 11077 11418 7985
f 10721 11261 8622
f 8942 10351 8590
f 9233 10689 8079
f 9420 10886 8779
f 8042 9461 8866
f 8535 11196 9487
f 8704 11143 10224
f 8334 11209 8786
f 9994 11351 8632
f 7788 9490 9000
f 9000 9490 8141
f 7703 10866 9869
f 7695 10015 8767
f 8571 10829 9770
f 8749 10871 9851
f 10351 10565 8590
f 8049 10829 10562
f 9094 10194 8431
f 8665 10835 9749
f 8780 10527 7945
f 9011 9764 8566
f 9404 10764 8956
f 7873 10388 8782
f 8913 11056 9657
f 10138 10168 8371
f 8788 10430 8028
f 8789 10432 8030
f 8029 10431 8790
f 8774 9845 7951
f 9173 9975 7776
f 9769 11100 8339
f 8815 10771 8358
f 9777 10902 8727
f 9229 9957 8315
f 8118 9608 8819
f 9407 10933 8730
f 8800 10465 8035
f 8526 9845 9039
f 7819 9503 8830
f 7894 10881 10131
f 8793 9732 7953
f 8951 11355 8076
f 8392 10091 9190
f 8115 9256 9079
f 9079 9256 7764
f 8114 9635 9257
f 9257 9635 8327
f 8773 10796 8200
f 9053 10249 8454
f 8972 10731 8063
f 7754 9806 8780
f 7660 10413 8875
f 7715 10827 8792
f 7951 9897 8774
f 7931 10902 9430
f 9430 10902 8842
f 9624 9772 8515
f 7883 9772 9624
f 9834 10805 8320
f 9325 10413 8606
f 8068 10413 9325
f 8509 10194 9094
f 8787 10405 8025
f 8820 10605 8565
f 9866 11238 9235
f 9486 9820 8196
f 9447 9457 7804
f 8358 9457 9447
f 8193 9977 8888
f 8887 9976 8194
f 8920 9826 8180
f 7647 9826 8920
f 8168 10466 8804
f 8170 10468 8806
f 8805 10467 8169
f 8190 9800 9238
f 7801 9786 9090
f 9090 9786 8299
f 8959 11344 9176
f 8975 10634 7660
f 8537 10616 9480
f 7967 9841 9044
f 7898 10619 9087
f 9086 10620 7897
f 9985 10119 8137
f 8362 9495 9003
f 9002 9494 8361
f 8763 10805 9834
f 8878 10761 7774
f 9037 11296 7954
f 7669 10667 10157
f 8815 10548 7929
f 8358 10548 8815
f 10065 10192 8219
f 8351 10476 8802
f 8079 10689 10048
f 10277 11086 9075
f 7659 9434 8861
f 9247 9654 8257
f 9523 10844 8701
f 9032 10327 8381
f 8379 10328 9030
f 9031 10329 8380
f 9068 9163 8403
f 7918 9163 9068
f 7616 9512 9048
f 8962 10184 7860
f 8348 10184 8962
f 8614 11014 9961
f 8106 9263 9069
f 9069 9263 7766
f 8653 11208 9697
f 9074 9258 8596
f 8987 10034 7725
f 8319 10457 8808
f 8792 10347 7952
f 7971 10045 9012
f 8413 9626 9061
f 9044 9841 8283
f 10871 11096 9164
f 8863 10959 7968
f 9008 9495 7785
f 8136 9495 9008
f 9853 10300 7689
f 9375 11274 8886
f 8831 9561 7761
f 8868 10055 7748
f 7910 11366 8820
f 7688 9986 8927
f 8560 11348 8983
f 7875 11172 9232
f 9232 11172 8835
f 7992 9189 9084
f 9084 9189 8427
f 964 10553 8870
f 8871 10552 1194
f 8869 10551 1260
f 8922 9962 7848
f 8220 9962 8922
f 9849 10823 7933
f 8783 10061 8153
f 8913 10786 7701
f 8251 9595 9280
f 9483 10651 8655
f 8984 10156 8353
f 7672 10156 8984
f 9317 10775 7976
f 9408 9860 8396
f 9601 10566 10529
f 8263 10885 8781
f 8706 10619 9952
f 9953 10620 8705
f 10912 11386 7901
f 9346 9623 8494
f 7958 11229 9136
f 9137 11230 7957
f 9597 10641 8633
f 9152 10693 8345
f 8085 11274 9375
f 8349 9959 9243
f 9939 11004 8695
f 8199 10364 8899
f 8985 9548 8430
f 9085 11318 8034
f 8782 10128 8179
f 8672 10740 9427
f 9480 10706 8537
f 8426 9213 9078
f 9078 9213 7988
f 9076 9214 7986
f 8425 9214 9076
f 7714 10978 8793
f 1233 10868 9292
f 9291 10870 989
f 1168 10869 9290
f 9147 10174 8818
f 9668 10727 8881
f 8491 9616 8873
f 8873 9616 7796
f 7764 11119 9079
f 9107 10185 8237
f 9048 10680 8197
f 9058 9182 7675
f 8669 11224 9330
f 8381 9546 9032
f 9030 9545 8379
f 8380 9544 9031
f 8785 10207 8214
f 8834 11288 8410
f 9270 9327 8285
f 7654 9327 9270
f 7686 9805 8810
f 9042 10632 7762
f 8794 10780 8378
f 8228 9958 8794
f 9819 11177 8776
f 8777 11176 9818
f 9817 11178 8778
f 8789 10197 8186
f 7654 10197 8789
f 9015 9488 8363
f 9017 9490 8365
f 8364 9489 9016
f 9452 10071 8405
f 7721 9537 8846
f 7832 9417 9312
f 9312 9417 8267
f 7772 11394 8857
f 9664 10133 7851
f 8068 10557 8821
f 9474 10882 8101
f 8840 10882 9474
f 8802 9903 8173
f 9195 10040 8791
f 8799 9943 7980
f 10030 10517 8803
f 9092 10677 7997
f 8410 10684 8834
f 8834 10684 8018
f 8389 10655 9117
f 8390 10656 9116
f 8844 10988 8093
f 9387 10396 8545
f 7646 10719 8837
f 8833 10425 8297
f 8921 9363 8044
f 8156 9959 9681
f 8541 10824 8961
f 8961 10824 7955
f 9370 9540 8336
f 8105 9540 9370
f 9090 10617 9397
f 8172 9792 8815
f 8922 9432 8094
f 7848 9432 8922
f 1233 9292 1232
f 991 9291 989
f 1168 9290 1165
f 8803 10517 7917
f 8346 9547 9301
f 10031 10878 8321
f 9224 10765 7757
f 8357 11074 8813
f 8345 10693 10132
f 7740 9956 8890
f 9285 9832 7782
f 8408 9502 9248
f 8585 10221 9165
f 9175 10737 8575
f 10298 10561 8092
f 7818 10438 9029
f 9029 10438 8465
f 7688 10569 9986
f 7761 9561 9237
f 9237 9561 8285
f 8586 9228 9059
f 8872 10380 8326
f 8375 9979 9250
f 8432 10566 9601
f 10273 11116 7959
f 7987 10651 9483
f 10127 10892 7728
f 8687 11296 9037
f 8601 10574 9229
f 9229 10574 7731
f 9696 9757 7882
f 8514 9757 9696
f 8636 10408 9835
f 8635 10410 9836
f 7774 10761 8926
f 8160 10465 8800
f 8813 10990 8357
f 8218 10171 8801
f 9153 9509 8207
f 7680 9509 9153
f 8802 10641 7919
f 9119 10300 8457
f 911 9266 909
f 7766 9918 8977
f 8977 9918 8244
f 10135 10299 8683
f 8071 9371 8926
f 8270 9649 9157
f 9157 9649 7678
f 8305 9895 9216
f 1110 9617 1108
f 9138 9555 8210
f 7679 9555 9138
f 9950 10386 8366
f 8804 10466 8040
f 8041 10467 8805
f 8806 10468 8042
f 9518 10138 8371
f 8994 10750 1276
f 948 10749 8995
f 8996 10748 1209
f 9040 10035 8223
f 8382 10255 9357
f 9358 10256 8383
f 8279 10368 8807
f 9931 10661 9067
f 9059 9228 7720
f 8086 11161 8946
f 7685 9491 9243
f 9243 9491 8247
f 9472 10850 7972
f 1042 10272 1039
f 8848 10057 8084
f 7995 11053 9401
f 9402 11054 7994
f 8811 11402 8878
f 8604 10119 9985
f 8753 11050 9202
f 9202 11050 7998
f 8386 10068 9105
f 9105 10068 7868
f 7870 10069 9104
f 9104 10069 8388
f 9313 10897 8803
f 8052 11238 9503
f 7929 10342 8815
f 9071 11135 8079
f 9728 10293 8696
f 8182 10293 9728
f 7662 10120 8809
f 8809 10120 8161
f 8822 10456 8319
f 9975 10984 8260
f 10277 11174 8368
f 8839 10892 10127
f 9937 10789 9099
f 8923 10395 7797
f 8570 10133 9664
f 7810 10353 9379
f 9379 10353 8591
f 8259 10957 9004
f 1083 9859 1081
f 8215 10210 8812
f 8645 10401 9562
f 9088 10675 7975
f 9563 10402 8644
f 8821 9865 7728
f 8961 11161 8086
f 8827 10228 7691
f 8226 10228 8827
f 10521 10526 9428
f 8096 10044 9385
f 8847 9843 7930
f 9004 9891 8259
f 7764 9891 9004
f 8389 11151 9813
f 8369 10481 8948
f 7850 9592 9534
f 9534 9592 8409
f 10861 10895 9270
f 10201 10483 9221
f 9183 11381 10702
f 8369 10147 9525
f 8077 10642 9355
f 9124 9745 8273
f 7900 9745 9124
f 7901 11386 9226
f 9531 11176 8777
f 8776 11177 9530
f 8778 11178 9532
f 8048 10309 9951
f 8979 9440 7984
f 8103 9440 8979
f 911 10873 9266
f 9079 11119 9553
f 8861 10692 9497
f 7710 10794 9338
f 7622 10457 8828
f 8828 10457 8319
f 8557 10874 10546
f 7890 10532 8950
f 7728 9906 8821
f 8369 10307 10147
f 8346 10144 9547
f 9634 10012 8313
f 8978 9883 7912
f 8222 9883 8978
f 8144 10047 8816
f 8816 10047 7736
f 8159 9485 9223
f 9223 9485 8226
f 8694 10842 10635
f 9339 11223 8824
f 10044 10793 9385
f 10121 10218 8519
f 9407 10642 8077
f 8856 11214 10271
f 8828 10387 8102
f 7774 10882 8840
f 8024 10871 9164
f 7757 10765 9731
f 8720 10973 10238
f 8526 10533 9845
f 8308 10253 8904
f 8904 10253 7827
f 9066 10100 8397
f 8855 10366 9073
f 8059 10861 9270
f 8870 10553 8506
f 8507 10552 8871
f 8508 10551 8869
f 7962 10745 8848
f 9692 10106 7853
f 7854 10105 9693
f 9694 10104 7855
f 7743 9569 8889
f 8889 9569 8096
f 8320 10029 9399
f 8076 10081 8951
f 9562 10401 7908
f 8849 10756 8027
f 8850 10755 8026
f 9447 10596 10548
f 7907 10402 9563
f 8462 10409 9148
f 9293 11250 8075
f 9046 9539 8115
f 9181 10140 8350
f 8652 11100 9769
f 7745 11280 8826
f 9761 9801 8236
f 8889 10172 9581
f 7708 10425 8833
f 8249 9454 9122
f 9787 10853 8755
f 9400 11340 8437
f 8818 10174 7920
f 9639 9654 7678
f 8818 11158 7758
f 8819 10393 7936
f 9538 10936 8542
f 10614 11256 8665
f 9673 10029 8320
f 9175 11349 7977
f 9669 10284 8296
f 1095 9123 1094
f 8235 10291 9151
f 8860 10799 8047
f 8841 9734 8031
f 9922 9991 7830
f 8568 10007 9027
f 8002 10124 8993
f 7980 9943 9120
f 11031 11064 9474
f 7723 9258 9074
f 8876 10880 8094
f 10255 11282 9357
f 9358 11283 10256
f 8101 11031 9474
f 8319 10459 8828
f 8757 10316 10235
f 8067 10382 9487
f 9117 10655 10252
f 9116 10656 10253
f 8947 9541 7649
f 8112 9541 8947
f 9088 9510 8106
f 9885 11200 8599
f 10030 11149 7698
f 8842 10698 8407
f 7847 10063 9860
f 7691 10611 8827
f 8285 9561 9051
f 8592 10026 9607
f 9095 9823 7820
f 8284 9823 9095
f 9060 10048 7756
f 7681 9968 9647
f 9480 10872 8685
f 9118 10813 8080
f 7648 9404 8956
f 8582 10106 9692
f 9693 10105 8581
f 8580 10104 9694
f 9221 10483 8341
f 8313 10012 9278
f 8839 10531 8350
f 7663 10878 8981
f 8067 9528 8932
f 8877 11205 9311
f 9311 11205 8061
f 10404 11052 9209
f 9640 9763 8271
f 8833 10759 7708
f 9215 10986 7771
f 9952 10619 7898
f 7897 10620 9953
f 9537 10314 8781
f 8891 10985 7970
f 8519 9801 9761
f 8333 9935 9647
f 9363 11093 8511
f 7632 10096 9268
f 9268 10096 8450
f 9326 9794 7680
f 8001 10418 9166
f 8206 9783 9021
f 9021 9783 7673
f 1073 10663 10262
f 7885 10366 9143
f 9143 10366 8485
f 10677 10967 8503
f 9749 10614 8665
f 8824 10811 8335
f 9137 10783 8552
f 8553 10784 9136
f 8104 9760 8858
f 8858 9760 7729
f 8589 10479 9300
f 9300 10479 7619
f 7626 9965 8914
f 8914 9965 8177
f 7840 9979 9767
f 7626 10319 9474
f 8494 10116 9346
f 9346 10116 7663
f 1063 9102 1061
f 7706 10449 8832
f 9419 10143 7666
f 8533 10143 9419
f 8236 10359 10198
f 8832 10077 7921
f 7923 10076 8833
f 8276 10299 10135
f 7655 9756 9184
f 8171 9399 9216
f 9216 9399 7631
f 8830 11173 7819
f 9298 10343 7726
f 8096 10203 9324
f 7981 11413 10903
f 9072 9949 8434
f 8970 10358 8361
f 8362 10357 8968
f 8969 10356 8363
f 8966 10355 8365
f 8364 10354 8967
f 9156 9536 7718
f 8219 9536 9156
f 9503 11238 8830
f 10702 11381 8530
f 7709 11403 8919
f 10235 10316 7872
f 9831 10425 8649
f 8683 10510 9493
f 9493 10510 7911
f 8936 10975 7736
f 8937 10970 8084
f 9189 10285 8427
f 8870 9716 961
f 1196 9715 8871
f 1262 9717 8869
f 8046 9350 9158
f 8045 9351 9159
f 9412 9759 8470
f 9229 10910 9957
f 9361 10680 9048
f 8100 9286 9121
f 8307 10252 8917
f 8917 10252 7828
f 9003 10357 8362
f 8361 10358 9002
f 8862 9956 7740
f 8915 10403 8316
f 7850 10396 9387
f 8110 9843 8847
f 7869 11294 9303
f 8342 9939 9275
f 9947 10470 8676
f 8849 10655 8389
f 7828 10655 8849
f 8850 10656 8390
f 7827 10656 8850
f 8976 9947 8221
f 7915 9947 8976
f 7968 9770 8997
f 8997 9770 8177
f 8007 10914 8836
f 9259 10929 8016
f 8711 10929 9259
f 8984 10586 7672
f 10260 10585 8654
f 7760 10554 9175
f 9835 10408 7879
f 9836 10410 7881
f 8307 9911 9117
f 10305 11271 8865
f 8864 11270 10304
f 9271 10836 7983
f 9127 9286 8100
f 8923 9802 8138
f 7797 9802 8923
f 8080 10248 8980
f 10909 11397 9361
f 8492 10575 9049
f 9049 10575 7868
f 8503 9254 9253
f 9253 9254 8031
f 10648 11294 7869
f 9191 11193 9625
f 9672 10464 8769
f 8479 10336 10307
f 8237 10185 8921
f 8837 11127 9424
f 7649 11298 8947
f 8912 9862 7615
f 7771 10986 9422
f 9385 10203 8096
f 7989 9321 9077
f 8984 10248 8080
f 8887 10054 7995
f 8194 10054 8887
f 1220 9530 1218
f 940 9531 937
f 898 9532 5
f 8879 9685 7811
f 8080 10813 10674
f 9206 10554 7760
f 8986 9719 7913
f 8626 10919 8891
f 8890 10918 8625
f 8624 10917 8892
f 8764 11006 10831
f 7940 9781 8862
f 8837 10719 8291
f 8872 11065 10380
f 9534 10886 8546
f 9800 11155 9238
f 8281 10437 8835
f 8927 9986 8022
f 8852 9874 8242
f 1069 9874 8852
f 7701 10786 9014
f 10634 10977 7660
f 9360 9935 8333
f 9364 9989 8340
f 7615 9862 8916
f 7627 11129 9053
f 10635 10842 7913
f 8447 11013 9100
f 10699 10830 9171
f 9343 10359 8236
f 8060 10692 8861
f 8428 11370 8987
f 9246 9439 8062
f 8195 9439 9246
f 8445 10676 8947
f 8721 10766 9412
f 9412 10766 8113
f 8403 10572 9068
f 8033 11336 8959
f 8681 10664 9187
f 7705 10820 9321
f 7661 10826 9284
f 9284 10826 8682
f 9121 9286 7645
f 8523 9512 8933
f 8592 11215 10026
f 8308 9837 9116
f 9303 10888 8377
f 10053 11035 8575
f 1078 10992 9115
f 9077 9321 8424
f 9019 10081 8076
f 9456 11169 8110
f 8835 11172 8281
f 8906 10965 8510
f 8835 10377 8241
f 8232 9783 9394
f 7746 9611 9371
f 8945 10329 1187
f 970 10328 8944
f 8943 10327 1254
f 9079 9553 8038
f 7960 11052 10404
f 8057 9309 9099
f 9043 11321 8006
f 8690 11321 9043
f 8365 10355 9017
f 9016 10354 8364
f 8363 10356 9015
f 8069 10909 9361
f 8095 11324 9198
f 10649 11106 8194
f 8193 11105 10650
f 7771 10698 9777
f 9777 10698 8842
f 10117 10886 7643
f 9136 11229 8664
f 8663 11230 9137
f 8947 10676 8112
f 9428 10526 8413
f 9368 10222 8642
f 9446 11023 7925
f 8063 9459 8972
f 8322 10423 8856
f 8858 9868 7934
f 9330 9735 8339
f 8203 9735 9330
f 8756 11039 9730
f 8230 10275 9135
f 8069 9361 9048
f 8092 10561 9411
f 8975 9458 8064
f 7703 10716 9013
f 8377 10888 10094
f 9094 10542 8509
f 8204 10542 9094
f 8779 10886 9534
f 8902 10695 8559
f 8558 10696 8903
f 7691 10080 9066
f 9621 9733 8314
f 7952 10752 9350
f 8275 9968 9050
f 9050 9968 7681
f 8038 9553 9108
f 7740 11212 8862
f 8337 9811 9779
f 8242 10540 8852
f 9589 9659 8306
f 8251 9656 9299
f 9506 11294 8873
f 1125 9144 1124
f 1034 9145 1032
f 8673 11406 9344
f 8630 11021 9387
f 9255 9387 8545
f 7960 10733 8876
f 8876 10734 7809
f 10704 10977 8594
f 9288 10613 8353
f 8913 9657 8074
f 8329 10429 8838
f 8985 10876 9806
f 8654 11205 10260
f 8890 9743 7740
f 7741 9742 8891
f 8892 9744 7971
f 9044 11322 7967
f 8688 10933 9493
f 1139 9402 1137
f 1019 9401 1017
f 7737 9348 9194
f 7738 9347 9193
f 8155 9690 9409
f 9409 9690 8359
f 9084 10332 7790
f 8427 10332 9084
f 7702 10830 9483
f 7720 10290 10041
f 10041 10290 8800
f 7845 10049 9203
f 8970 9702 902
f 8969 9700 1224
f 934 9701 8968
f 7832 9438 9125
f 9125 9438 8288
f 9606 10920 7727
f 8845 10920 9606
f 7634 10717 9863
f 8037 9395 9041
f 8111 11258 8952
f 9529 9649 8274
f 9747 10629 8220
f 8577 10036 9753
f 9753 10036 8183
f 8579 10038 9755
f 9755 10038 8184
f 8185 10037 9756
f 9756 10037 8578
f 8350 10339 8839
f 9105 9336 8386
f 8387 9335 9106
f 8388 9337 9104
f 7693 11010 8915
f 8126 11083 9089
f 8067 9487 8973
f 8939 10595 9560
f 10675 11240 7975
f 8077 10933 9407
f 9503 10487 8702
f 8070 9504 9274
f 10848 11351 7684
f 8262 10259 8975
f 7761 10555 9075
f 8135 9664 9007
f 9007 9664 7851
f 9955 10615 7671
f 7874 10336 9098
f 7915 10470 9947
f 9851 11047 7642
f 8993 10124 8075
f 8684 11322 9044
f 10060 10283 7723
f 8805 10283 10060
f 10059 10281 8804
f 7722 10281 10059
f 8186 10197 8841
f 8841 10197 7654
f 8971 9893 7744
f 8465 9420 9029
f 8998 9692 7853
f 8139 9692 8998
f 7854 9693 8999
f 8999 9693 8140
f 7997 11115 8855
f 7847 10057 8848
f 10238 10973 7967
f 7729 11024 8858
f 8073 9606 8950
f 7749 10196 8867
f 9097 9572 7623
f 8196 9861 9486
f 7954 10724 8844
f 10608 11324 8095
f 9146 10009 7842
f 8300 10139 8845
f 7748 9932 8868
f 1154 10695 8902
f 8903 10696 1004
f 9662 9944 7817
f 9316 9584 8274
f 7800 9584 9316
f 8639 10878 10031
f 9160 9985 8137
f 8073 9527 9130
f 9665 9881 8287
f 8845 10162 8300
f 9756 11390 9184
f 7977 11349 9405
f 7810 11080 8925
f 9147 10082 8372
f 8149 10082 9147
f 8851 10092 7961
f 8196 9820 9417
f 8302 10088 9036
f 9036 10088 7675
f 8606 10911 9325
f 9064 9377 8056
f 8264 9514 9250
f 9250 9514 7783
f 7647 10872 9480
f 8992 10127 7728
f 8955 10482 8093
f 8772 11023 9446
f 8097 11294 9506
f 8431 10596 9447
f 9131 10365 7785
f 8448 10365 9131
f 10631 11318 8715
f 8015 11148 9427
f 7665 11078 8854
f 7784 10369 9076
f 9076 10369 8425
f 9077 10370 7787
f 8424 10370 9077
f 9078 10371 8426
f 7786 10371 9078
f 8099 10438 9301
f 7621 9571 9111
f 8569 10335 10214
f 10799 11374 8438
f 9916 10773 8798
f 8160 11049 8954
f 9455 10890 8205
f 9575 9773 8252
f 9007 10461 8135
f 8856 10795 8322
f 8264 9565 9352
f 8189 10024 9776
f 9776 10024 8574
f 8204 10442 9722
f 8855 10435 7636
f 8911 9967 9259
f 8894 10113 8190
f 8191 10112 8895
f 7855 10208 9694
f 7889 10367 9752
f 8273 10265 9124
f 9048 9512 8069
f 7976 10960 9338
f 10927 11310 8145
f 8146 11309 10926
f 7708 10969 9499
f 9730 11039 7966
f 7647 9480 9411
f 9411 9480 8282
f 7800 9907 9610
f 8926 10882 7774
f 9150 10374 7791
f 8453 10374 9150
f 7789 10375 9149
f 9149 10375 8452
f 1190 9643 8945
f 8944 9642 967
f 1256 9641 8943
f 9997 10613 9288
f 1089 10315 8991
f 7635 10443 9187
f 7651 11201 8953
f 8146 9764 9742
f 10380 11065 7974
f 9094 9762 8204
f 7804 9762 9094
f 9183 10702 8011
f 8000 9526 9169
f 9169 9526 8500
f 9138 9621 8314
f 10016 11008 7718
f 7717 11044 10017
f 9479 9724 7806
f 8485 10366 8855
f 9405 10447 7977
f 7801 9602 9280
f 9280 9602 8251
f 8323 10486 8864
f 9498 10507 7991
f 8650 10507 9498
f 7993 10509 9499
f 9499 10509 8649
f 9285 9482 8211
f 7782 9482 9285
f 7759 10299 9026
f 8105 10712 9345
f 10262 10663 8690
f 7817 9944 9299
f 8864 10821 8323
f 8135 9494 9002
f 9003 9495 8136
f 8991 10543 1089
f 10412 10607 8666
f 8641 10984 9975
f 8998 10496 8139
f 8140 10497 8999
f 8922 10494 8220
f 8205 10890 10200
f 8611 11236 9938
f 8275 9467 9125
f 9316 9907 7800
f 8138 9731 8923
f 9198 9935 8330
f 7681 9935 9198
f 8921 9738 7659
f 8371 10167 9685
f 9153 9589 8306
f 7618 10227 8884
f 9326 9884 8122
f 9369 11136 7981
f 8139 9488 9015
f 9016 9489 8140
f 8141 9490 9017
f 8420 9849 9234
f 1276 10750 1273
f 949 10749 948
f 1209 10748 1208
f 8136 9867 8893
f 9107 10833 10185
f 7625 10464 9380
f 8380 10329 8945
f 8944 10328 8379
f 8381 10327 8943
f 8260 9727 9093
f 9976 10649 8194
f 8193 10650 9977
f 8582 10868 9707
f 9706 10870 8581
f 8580 10869 9705
f 7754 9548 8985
f 9090 9397 8065
f 8221 9572 8976
f 9498 10883 7706
f 8978 9571 8222
f 8168 11187 8963
f 8964 11186 8169
f 8170 11185 8965
f 9623 10995 8494
f 8237 10350 8861
f 7781 9934 9659
f 8659 10205 9883
f 9120 9943 8254
f 11021 11142 8123
f 8873 10648 8491
f 8151 10504 9023
f 8030 10555 9237
f 9738 10082 7659
f 8861 10350 7659
f 7969 10982 8890
f 8176 9648 9557
f 8104 9381 9380
f 9380 9381 8225
f 8952 11258 7983
f 9299 9656 7817
f 9050 9723 8275
f 8476 9723 9050
f 8014 10699 9171
f 9592 11021 8123
f 7796 10247 9506
f 9541 9585 8357
f 8112 9585 9541
f 8278 10959 8863
f 9292 10868 8582
f 9290 10869 8580
f 8581 10870 9291
f 8940 10969 7708
f 9883 10205 7912
f 9933 10343 8278
f 8751 10343 9933
f 8928 9759 8113
f 8874 10298 9691
f 8291 9507 9020
f 9158 9350 8293
f 9159 9351 8292
f 8931 11076 8048
f 8948 10481 9184
f 10524 10757 7840
f 8086 9870 8961
f 9884 10087 8122
f 9191 9799 8726
f 8989 10458 9418
f 8973 10265 8273
f 8925 10991 10183
f 7758 9521 9147
f 9147 9521 8149
f 8482 9965 9462
f 8875 10452 7660
f 8869 10294 7937
f 7938 10296 8870
f 8871 10295 7939
f 8084 10970 9096
f 8504 9890 9368
f 9368 9890 7836
f 8741 11047 9851
f 9436 10591 8831
f 8902 9901 1152
f 1005 9900 8903
f 9101 11130 8446
f 8874 10940 8459
f 7959 9759 8928
f 8099 10511 10438
f 9214 10865 7701
f 9213 10866 7703
f 7649 11404 8989
f 8762 11340 9400
f 8275 9618 9467
f 7953 10462 9351
f 9386 9714 8164
f 8898 9946 7956
f 8162 9866 8982
f 8982 9866 7700
f 8881 10727 7937
f 8916 10095 7615
f 7765 9549 9165
f 9165 9549 8166
f 8326 9886 8925
f 8263 11362 9519
f 9366 9648 8176
f 8798 11398 9916
f 7684 11351 9903
f 9764 10985 9742
f 8173 11341 9192
f 7826 9895 9671
f 9744 10045 7971
f 7733 11091 10079
f 8164 9714 9600
f 8352 10251 8874
f 8459 10298 8874
f 8009 10991 8925
f 9100 11013 9542
f 8262 10452 8875
f 8475 9785 8974
f 8479 10307 9451
f 9737 9795 7833
f 9975 11299 8641
f 8904 9940 8308
f 8899 10364 9195
f 9802 9923 8138
f 9127 11394 7772
f 9193 9347 8109
f 9194 9348 8107
f 9066 11253 10100
f 8099 9908 9061
f 8950 11124 7890
f 8108 9650 9261
f 9260 9651 8109
f 9262 9652 8107
f 9719 10635 7913
f 9360 9798 7839
f 8908 9927 8150
f 8151 9928 8910
f 8152 9929 8909
f 8739 11391 9614
f 11206 11391 8739
f 7998 10426 8960
f 8960 10426 8347
f 8415 10165 9816
f 10260 11205 8877
f 9410 9518 7651
f 8277 9518 9410
f 8860 11374 10799
f 9353 9557 8268
f 8176 9557 9353
f 10079 10867 7733
f 8423 10240 10189
f 7889 9752 8939
f 8891 10021 7741
f 8892 10020 7742
f 9352 9550 8264
f 7669 9550 9352
f 9415 9525 8280
f 7655 9525 9415
f 8885 10191 8317
f 9343 9520 8171
f 8236 9520 9343
f 9237 10555 7761
f 9378 9582 8269
f 9552 9919 8475
f 8062 9439 9114
f 7774 10654 8878
f 8137 9987 8901
f 9031 9544 8151
f 8150 9545 9030
f 9032 9546 8152
f 8391 10209 9421
f 9493 10933 8077
f 9677 10500 8419
f 7983 11258 8981
f 7814 9735 9142
f 9142 9735 8203
f 9114 9442 8062
f 9986 10569 8614
f 7905 11223 9028
f 9028 11223 8615
f 10157 10667 8572
f 8145 11310 9743
f 9742 11309 8146
f 7616 11375 9180
f 9462 10306 8118
f 9898 10046 8163
f 8603 10046 9898
f 10881 11031 8728
f 9587 10976 9028
f 9736 9786 8119
f 8261 10172 8889
f 9122 9607 8148
f 7904 9607 9122
f 8328 9967 8911
f 8933 11036 8523
f 7955 11161 8961
f 9271 11235 7712
f 8301 9563 9035
f 9036 9562 8302
f 9034 9564 8303
f 9549 10032 8342
f 9346 11267 8089
f 8537 10260 8877
f 8333 9798 9360
f 8074 10786 8913
f 8977 11144 8550
f 8927 10709 9185
f 9813 10491 8627
f 8993 11405 8880
f 10122 10781 8573
f 9266 10873 8570
f 9330 11224 7815
f 7658 11363 10718
f 8888 10195 8193
f 7994 10195 8888
f 7624 11360 9436
f 9436 11360 8898
f 8324 11286 9319
f 8118 10306 9511
f 8097 9506 9505
f 9505 9506 8399
f 8554 9365 9279
f 9362 10576 8709
f 9469 10349 7711
f 8568 10349 9469
f 8667 10877 9176
f 8372 10174 9147
f 8883 10406 7939
f 8920 10872 7647
f 8415 9816 9340
f 8988 9839 7842
f 8155 9839 8988
f 8900 10292 8234
f 7692 10292 8900
f 9118 10625 7730
f 8528 10324 8893
f 8893 10324 923
f 7938 10284 8882
f 8917 9937 8307
f 8885 10211 8014
f 9645 10227 8179
f 9288 9924 7819
f 8353 9924 9288
f 7739 11202 9329
f 9020 10815 9834
f 9484 9955 7671
f 9856 10746 8058
f 8843 10746 9856
f 8252 9773 9437
f 8910 10938 8540
f 8316 9973 8915
f 9677 10980 10500
f 8439 10961 8912
f 8022 10709 8927
f 8062 10506 9246
f 7745 9799 9191
f 8317 11184 8885
f 8093 10988 9103
f 9180 10855 8933
f 8440 9930 9182
f 7868 9729 9049
f 9637 9712 8312
f 8979 10736 8103
f 8900 10111 7692
f 8893 11063 8528
f 10018 10056 8479
f 7765 9635 9080
f 9074 10433 7723
f 10039 10678 7864
f 7776 9449 9161
f 9161 9449 8294
f 8499 11180 10474
f 9921 10937 7664
f 8247 9662 9574
f 10077 10449 8120
f 8832 10449 10077
f 7950 10215 8896
f 8810 10912 9667
f 8444 9790 9174
f 9123 10804 8549
f 8021 10804 9123
f 9032 9914 1250
f 973 9912 9030
f 9031 9913 1183
f 8353 10613 8984
f 8423 10188 9264
f 9264 10188 7834
f 8128 9871 9341
f 9342 9872 8129
f 9146 10889 10009
f 8987 11370 9978
f 8269 9575 9378
f 9378 9575 7671
f 7949 10256 8894
f 8895 10255 7948
f 8111 10033 8981
f 8370 10744 9524
f 10057 10975 8084
f 7948 11020 8902
f 8903 11019 7949
f 9125 9467 7832
f 9185 9501 8148
f 7758 9501 9185
f 9475 10281 7722
f 8216 9674 9231
f 9231 9674 7685
f 9236 9439 8195
f 8555 11165 9448
f 8231 10236 9128
f 9766 10909 8069
f 9765 9920 8375
f 9064 10251 8352
f 7822 10251 9064
f 7689 10198 9853
f 9085 10412 8666
f 7615 10686 8912
f 7708 10759 8940
f 9353 9934 7781
f 8924 10888 8097
f 8680 10776 9186
f 9396 11401 7712
f 10768 11267 9346
f 7782 9733 9621
f 8904 10318 8056
f 8966 9847 1158
f 1000 9848 8967
f 9106 10223 7869
f 9052 10220 1104
f 7705 9800 8960
f 8502 10110 9519
f 9519 10110 7835
f 8669 10099 9201
f 7956 10591 8898
f 10317 10457 7622
f 10460 11100 8652
f 7836 10222 9368
f 9344 10342 8673
f 7766 9551 9069
f 9073 10366 7885
f 9759 10809 8470
f 9667 10912 8591
f 8082 10080 9542
f 7947 10666 8900
f 9314 10062 8841
f 8906 11313 10965
f 8954 10956 9276
f 7720 10423 9059
f 8494 10995 8939
f 8939 10995 7889
f 9971 10442 8204
f 9278 9640 8122
f 8963 11062 9306
f 9304 11061 8964
f 8965 11060 9305
f 9003 9842 927
f 9201 11244 8669
f 8981 11258 8111
f 9033 9870 8086
f 9279 9365 8064
f 8992 9858 8087
f 8973 11195 8067
f 7992 10584 8945
f 8945 10584 8380
f 9413 9937 7714
f 7776 9975 9093
f 9093 9975 8260
f 10200 10732 7648
f 10736 10774 8103
f 9414 9940 7715
f 9199 9840 8469
f 9448 11222 8555
f 9121 10233 8100
f 8373 10233 9121
f 8090 9392 9391
f 9391 9392 8351
f 8063 9387 9255
f 7712 11401 9807
f 8930 9951 7774
f 8546 10396 9534
f 9663 10494 8922
f 8461 10931 9012
f 8463 10932 9011
f 8622 11102 8929
f 7874 10446 10147
f 9852 10013 8460
f 7781 9659 9589
f 8232 10071 9783
f 9497 10692 8513
f 10443 11249 9187
f 8122 10087 9508
f 9599 9838 8198
f 8084 10975 8936
f 8017 9898 9005
f 9005 9898 8163
f 8570 10873 9644
f 8539 11059 8908
f 8909 11058 8538
f 9140 9587 8134
f 7645 9587 9140
f 9983 11215 8202
f 8910 10270 1180
f 977 10269 8908
f 8908 10269 8539
f 8540 10270 8910
f 8909 10268 1246
f 8538 10268 8909
f 7783 9754 9568
f 8439 9768 9009
f 9100 9542 7895
f 7896 9543 9101
f 7646 10970 8937
f 8385 9888 9850
f 7683 11216 10847
f 9769 11174 8652
f 9467 9618 8196
f 9427 11148 8710
f 8905 11164 7996
f 9626 10511 9061
f 8661 10420 9750
f 9750 10420 7973
f 8093 10388 9037
f 8912 10838 8439
f 7922 10993 9335
f 9335 10993 8692
f 8148 10026 8927
f 8337 9779 9299
f 9250 9765 8375
f 8119 9786 9280
f 9046 11363 9539
f 9308 10817 8629
f 7893 10817 9308
f 8390 10686 9812
f 8164 9600 9438
f 9438 9600 8288
f 9911 11268 9117
f 7978 10448 9074
f 9180 11375 9981
f 9472 10646 8512
f 9338 10794 8548
f 9464 9588 8229
f 7678 9649 9529
f 8374 11279 8916
f 8404 10404 9209
f 9108 9553 8165
f 8927 10026 7688
f 8478 10023 9242
f 9241 10022 8477
f 10077 10288 7921
f 7923 10289 10076
f 8122 9640 9326
f 7840 10757 9565
f 10453 11083 8126
f 9345 9974 7845
f 8384 9974 9345
f 9390 11394 8100
f 8857 11394 9390
f 9282 10724 8823
f 8002 9655 9170
f 9170 9655 8501
f 9002 10114 8135
f 8401 10587 10044
f 9199 10272 8248
f 9524 10744 10148
f 8087 9617 9181
f 8113 10766 9286
f 8219 9980 9536
f 8504 11014 10569
f 1081 10276 1079
f 7617 10491 9813
f 8145 10982 9698
f 7658 10718 9909
f 9247 9478 7803
f 8257 9478 9247
f 8808 10457 10317
f 7839 9821 9360
f 9069 10122 8106
f 9882 10049 7845
f 7775 10218 9020
f 9020 10218 8291
f 9743 10982 8145
f 9059 10434 7975
f 8916 11087 8374
f 10138 10453 7878
f 8613 9698 9148
f 8309 10567 8971
f 9473 10546 9113
f 8926 10761 8071
f 10572 11410 9068
f 8919 10659 7709
f 8918 10658 7710
f 8696 10699 10211
f 7806 9724 9425
f 9591 10164 7813
f 8668 10205 9217
f 9815 9989 7844
f 8178 9630 9449
f 9449 9630 8294
f 9088 11338 9510
f 8408 10604 9502
f 9758 9972 8331
f 9121 11285 8642
f 9674 9688 8304
f 10831 11006 8486
f 9622 10921 7914
f 10652 11181 8498
f 10653 11179 8497
f 9939 10947 9275
f 8498 11181 9530
f 9531 11180 8499
f 8497 11179 9532
f 9284 9868 8123
f 9080 9635 8114
f 9310 10668 7903
f 8091 9893 8971
f 8938 11083 10453
f 8868 11105 10055
f 8244 11144 8977
f 9312 9904 8312
f 9107 9969 8233
f 7888 9969 9107
f 9486 9861 8305
f 8114 10052 9080
f 9079 10053 8115
f 8701 10783 9523
f 9523 10783 7957
f 7970 9764 9011
f 8480 11334 9440
f 9779 9811 7679
f 7882 10585 10260
f 8143 9464 9445
f 9445 9464 8229
f 8449 9923 9802
f 9688 9821 7839
f 8312 9904 9838
f 7803 9464 9247
f 9247 9464 8143
f 7859 10169 9309
f 8600 10853 9787
f 9421 9797 8340
f 7630 9797 9421
f 9540 10429 7632
f 8319 10456 9040
f 10034 10996 7725
f 9223 9566 8159
f 7924 9566 9223
f 9326 9640 8271
f 9126 9852 8460
f 9216 9486 8305
f 7989 10538 8967
f 8967 10538 8364
f 8363 10537 8969
f 8969 10537 7988
f 8970 10534 7986
f 8361 10534 8970
f 7677 9576 9386
f 9386 9576 8239
f 8264 9979 9565
f 8291 10218 10121
f 7944 10565 10351
f 10044 10587 8760
f 7725 10705 8987
f 8987 10705 8428
f 8140 10150 9016
f 9017 10151 8141
f 9015 10152 8139
f 9157 9568 8270
f 8338 9568 9157
f 7965 10379 8918
f 9560 10116 8494
f 8321 10116 9560
f 7964 10381 8919
f 8920 10469 8051
f 9519 10791 8502
f 10433 10822 8865
f 7659 10082 9619
f 7712 10854 8935
f 7659 10350 8921
f 9367 10823 8478
f 8287 9881 9444
f 9595 9779 7679
f 8921 10350 8237
f 7631 9486 9216
f 9220 10432 8789
f 8790 10431 9219
f 9218 10430 8788
f 10126 10321 8766
f 7922 10321 10126
f 8058 11102 10279
f 8608 10721 8929
f 7645 11285 9121
f 9614 10090 8493
f 8303 10090 9614
f 8492 10089 9615
f 9615 10089 8301
f 8491 10088 9616
f 9616 10088 8302
f 8102 10808 9232
f 7913 11162 8986
f 8986 11162 8550
f 8670 10288 10077
f 10076 10289 8671
f 8934 11259 8280
f 9543 11130 9101
f 8004 11244 9201
f 8073 10532 9527
f 9527 10532 8612
f 8674 11233 9167
f 9167 11233 7664
f 8210 9621 9138
f 8744 10909 9766
f 8731 10703 10066
f 8224 10209 9809
f 10361 10756 8627
f 10530 11334 8480
f 8619 10635 9719
f 9120 10605 8820
f 7746 10605 9120
f 7843 10450 9465
f 9534 10396 7850
f 9086 11292 8631
f 8632 11291 9087
f 9087 11291 7898
f 7897 11292 9086
f 8919 11403 9538
f 10724 10777 8823
f 8972 10239 7661
f 8255 10239 8972
f 9190 9535 7793
f 8318 9535 9190
f 8117 10363 9308
f 7829 10424 9620
f 9453 9794 8271
f 7657 9776 9201
f 9201 9776 8574
f 8117 9993 9142
f 8983 9997 8162
f 7863 9997 8983
f 8207 9589 9153
f 7674 10297 9683
f 9926 10787 8056
f 8854 10787 9926
f 10477 10563 8749
f 9201 10099 7657
f 8136 9842 9003
f 9667 10353 8378
f 8591 10353 9667
f 8311 11143 10415
f 8554 11096 10871
f 9190 9678 8392
f 8925 11080 8326
f 9115 10992 8531
f 9478 9661 8213
f 8932 10742 7719
f 9285 9529 8274
f 9044 10109 8684
f 7823 10109 9044
f 7802 9763 9640
f 9338 10560 7976
f 8548 10560 9338
f 8954 10465 8160
f 8816 10975 10057
f 9045 9984 8272
f 9210 10106 8168
f 8169 10105 9212
f 9211 10104 8170
f 8983 11348 7863
f 9582 10818 7844
f 8127 9982 9009
f 8928 10273 7959
f 7983 10836 8952
f 10818 10825 7844
f 9085 11403 7709
f 8666 11403 9085
f 7980 10924 9328
f 9730 10954 8756
f 9113 10101 7757
f 8277 11211 8938
f 8271 9598 9453
f 9453 9598 7830
f 8784 10732 10200
f 9943 10130 8254
f 9109 10636 8695
f 7877 10378 9116
f 9116 10378 8390
f 10092 10171 8218
f 9924 10156 8490
f 7744 10983 8971
f 8961 10905 8541
f 9437 9567 8252
f 8198 9567 9437
f 8694 10635 9110
f 7631 9820 9486
f 8385 9850 9272
f 7890 11150 10532
f 8609 10855 9180
f 9070 10240 7702
f 9063 10196 7749
f 9062 10195 7994
f 8940 10759 8121
f 7866 11389 9038
f 9353 9471 8176
f 7781 9471 9353
f 9248 9502 8090
f 8028 10554 9206
f 7981 10903 9369
f 8274 9649 9316
f 9302 10855 8609
f 7947 10855 9302
f 7864 10678 9646
f 7772 10946 8928
f 9025 11122 7828
f 7762 11199 9042
f 8015 10740 8941
f 8217 9628 9577
f 7769 10202 10035
f 9766 10612 8744
f 7755 10612 9766
f 9265 10385 8315
f 9943 11046 10130
f 9760 10736 7729
f 8759 10736 9760
f 9155 9924 8490
f 9837 11354 9116
f 9010 11121 7827
f 8931 10562 7726
f 8001 10170 8948
f 8075 10124 9359
f 10199 10522 8866
f 8325 10522 10199
f 9038 11365 7866
f 9431 9432 8412
f 8094 9432 9431
f 7618 10097 9281
f 9281 10097 8376
f 9395 9551 8167
f 9450 9556 8279
f 7984 11334 9029
f 8936 10700 8005
f 7703 11405 10716
f 8182 10498 9287
f 9709 9846 8349
f 9180 9981 8061
f 7803 9588 9464
f 8195 10108 8988
f 1068 9905 1066
f 8471 10281 9475
f 9417 9467 8196
f 7832 9467 9417
f 8607 11343 9139
f 8949 10744 8370
f 8312 9712 9312
f 9425 9578 7806
f 8238 9578 9425
f 8347 11156 8960
f 8022 9986 9251
f 9666 9828 7629
f 7660 11092 10413
f 7756 11342 9033
f 8704 10224 9049
f 10214 10506 8062
f 9396 10363 8117
f 8932 10382 8067
f 7868 10068 9729
f 9274 9504 8416
f 1095 9711 9123
f 10731 11142 8630
f 9470 10173 8673
f 7993 10688 8943
f 8943 10688 8381
f 8944 10687 7991
f 8379 10687 8944
f 8947 11298 8256
f 8212 10129 9827
f 8022 10949 8974
f 8974 10949 8475
f 9329 11284 8355
f 8324 10822 10433
f 8488 9971 9762
f 9762 9971 8204
f 8915 11081 10403
f 8040 10466 8963
f 8964 10467 8041
f 8042 10468 8965
f 8043 10806 9038
f 9312 9712 7832
f 8562 10987 10862
f 9484 9751 8318
f 7736 11068 8936
f 9123 10901 1094
f 8071 11127 9371
f 8164 9712 9637
f 9993 10788 7814
f 8182 10231 9008
f 8163 11197 9005
f 7814 10788 9718
f 8449 10595 8939
f 7762 11259 11199
f 8466 10472 9226
f 9226 10472 7901
f 8590 11015 8942
f 1056 9384 1054
f 8667 11358 10877
f 8981 10033 7663
f 8125 11199 10446
f 8016 10390 8940
f 9000 10062 7788
f 8186 10062 9000
f 8221 10160 9109
f 7653 10744 8949
f 9534 10499 8779
f 8409 10499 9534
f 7843 10747 10450
f 9517 9832 8174
f 8566 11246 9011
f 9011 11246 7881
f 9012 11247 7879
f 9215 10812 8018
f 9722 10323 7871
f 8489 10351 8942
f 8967 10964 7989
f 7990 10963 8966
f 9894 10403 8602
f 7629 9828 9450
f 9219 10431 8473
f 8472 10432 9220
f 8471 10430 9218
f 7983 10685 9271
f 9271 10685 8547
f 9023 9928 8151
f 8150 9927 9022
f 9024 9929 8152
f 9445 9453 7830
f 8229 9453 9445
f 9491 9662 8247
f 10403 11109 8602
f 8962 10250 8348
f 9441 9628 8217
f 8948 11117 8369
f 9416 10148 7653
f 9022 9927 7857
f 7858 9928 9023
f 7856 9929 9024
f 9222 10092 8218
f 10558 10626 9001
f 8145 9915 9035
f 8578 11390 9756
f 11083 11211 7763
f 9000 10208 8186
f 8943 11226 7993
f 7991 11227 8944
f 8945 11228 7992
f 10214 10335 8345
f 8151 9913 9031
f 9030 9912 8150
f 8152 9914 9032
f 7830 9991 9445
f 8750 10812 9215
f 9611 10930 9371
f 8247 9709 9243
f 9366 9500 7677
f 8176 9500 9366
f 8957 10775 8230
f 8950 10532 8073
f 8953 11201 8371
f 8531 10668 9310
f 9792 11216 7683
f 8066 10034 8987
f 7671 9751 9484
f 8003 10444 8949
f 9035 9915 7674
f 8211 9529 9285
f 7999 10445 8953
f 8018 10684 9679
f 9148 9698 7969
f 9028 9938 8134
f 8958 10770 8235
f 8266 9687 9598
f 9582 9989 8269
f 9009 9982 7744
f 10956 11049 917
f 8030 10432 9476
f 9781 11180 8777
f 8310 10215 9469
f 8135 10461 9494
f 9110 10178 8222
f 9167 9999 8200
f 9026 11123 7966
f 8035 10465 8954
f 8751 11166 10630
f 8110 9457 9456
f 9456 9457 8358
f 9932 11406 8208
f 8233 10833 9107
f 9266 9664 8135
f 8570 9664 9266
f 9471 9500 8176
f 8217 9500 9471
f 10853 11345 7644
f 9297 10404 8765
f 9243 9709 8349
f 9676 10023 8478
f 7638 10023 9676
f 1118 9522 1115
f 7676 10084 9034
f 7675 10085 9036
f 8410 11288 9586
f 8299 9736 9134
f 7690 10013 9852
f 8845 10968 10920
f 9259 9909 8711
f 9441 9471 7781
f 8217 9471 9441
f 8959 10336 8479
f 10735 10797 8551
f 8968 10640 8362
f 7872 10316 9340
f 9340 10316 8450
f 9249 10527 8402
f 8174 9570 9517
f 9517 9570 8272
f 9065 10064 7800
f 8621 10064 9065
f 9554 9583 8210
f 8273 10338 8973
f 8973 10338 7662
f 9834 9896 7775
f 8437 10924 9400
f 9038 9961 8043
f 9102 10206 1061
f 8167 9855 9395
f 8264 9550 9514
f 9514 9550 8175
f 8746 11363 9046
f 9047 11364 8747
f 7644 11345 9393
f 9130 10162 8073
f 8300 10162 9130
f 8257 9661 9478
f 8201 9724 9479
f 9301 9547 8099
f 8820 11366 9400
f 9004 11119 7764
f 9620 11267 11005
f 7912 10607 10412
f 9540 11376 10429
f 8091 11087 9862
f 9862 11087 8916
f 10140 11312 8719
f 8165 11119 9004
f 8189 10624 9320
f 9226 9653 8466
f 8340 9797 9713
f 8976 10877 7915
f 9574 9662 7817
f 8214 10207 9388
f 9199 10754 1038
f 9366 9599 8198
f 7677 9599 9366
f 8966 10697 7990
f 8059 11382 9051
f 10211 10699 8014
f 9389 10210 8215
f 7918 10792 9248
f 7839 9721 9444
f 9444 9721 8287
f 9082 11378 8441
f 9460 10908 7630
f 8684 10908 9460
f 8921 10185 9363
f 8125 10446 9098
f 9697 11208 7710
f 7925 10333 9446
f 9089 11083 7763
f 9280 9595 8119
f 8296 10284 9830
f 9264 10191 8885
f 9560 10595 7797
f 10213 10411 8483
f 7793 9678 9190
f 8210 9583 9482
f 10592 10957 7697
f 8365 10697 8966
f 9021 10009 8206
f 9367 11327 10823
f 10305 10822 7857
f 9233 9638 8419
f 8089 9620 9267
f 8368 11086 10277
f 8975 10259 9458
f 8304 9688 9444
f 8139 10496 9488
f 9489 10497 8140
f 9112 10453 8126
f 9533 9695 7824
f 8314 9695 9533
f 8962 10441 8451
f 9390 11082 7750
f 10777 11296 8557
f 8307 9937 9413
f 7989 11278 9321
f 10336 11336 9098
f 7988 11300 8969
f 7986 11301 8970
f 8308 9940 9414
f 8963 10466 8168
f 8965 10468 8170
f 8169 10467 8964
f 9465 9484 8318
f 8972 11357 8255
f 8580 9694 9290
f 9290 9694 8141
f 9291 9693 8581
f 8140 9693 9291
f 9292 9692 8139
f 8582 9692 9292
f 8728 11031 9611
f 9178 10405 8787
f 8474 10405 9178
f 8954 11049 10956
f 9294 9740 8074
f 1089 10543 1087
f 7661 10731 8972
f 9535 9751 8252
f 7863 10229 8980
f 8087 10127 8992
f 8216 9688 9674
f 9544 10504 8151
f 9719 10469 8619
f 8051 10469 9719
f 9043 10058 7759
f 8768 11125 10179
f 9539 11363 7658
f 8393 10742 10278
f 8971 10983 8309
f 8061 9981 9311
f 9885 10994 8161
f 9386 9637 7677
f 7702 10240 9171
f 7757 10101 9224
f 10278 10742 8932
f 9163 10394 8403
f 8036 10394 9163
f 8312 9838 9599
f 9061 9908 7792
f 7832 9712 9438
f 9369 10119 8604
f 7617 10119 9369
f 9816 10662 7872
f 8229 9588 9496
f 8201 9509 9496
f 9222 10627 7735
f 9427 10845 7656
f 8980 10248 7863
f 9296 11218 8536
f 10100 10246 8397
f 10662 11006 7872
f 7935 10741 9504
f 9424 11402 8811
f 1092 10315 1089
f 8213 9686 9609
f 908 10114 9002
f 9573 11138 8044
f 7777 10040 9195
f 9547 10144 7694
f 8335 10626 10558
f 7682 10165 9996
f 8265 9629 9425
f 9394 9671 8232
f 7826 9671 9394
f 9152 9917 8052
f 9106 11243 8053
f 8054 11242 9105
f 9104 11241 8055
f 8188 10051 9022
f 9024 10050 8187
f 9321 11278 8716
f 9172 10133 8160
f 7961 10558 9001
f 7751 10112 10073
f 10073 10112 8616
f 8617 10113 10075
f 10075 10113 7752
f 8568 11099 10007
f 10446 11199 8934
f 8143 9654 9247
f 7805 9773 9364
f 9364 9773 8269
f 10965 11313 7637
f 9352 10667 7669
f 8038 9899 9230
f 9230 9899 8241
f 8514 10720 8986
f 8430 10859 8985
f 9479 9509 8201
f 8549 10901 9123
f 8975 10452 8262
f 9612 10069 7870
f 8447 10069 9612
f 7681 11324 9050
f 9845 10533 7951
f 9344 11406 7748
f 9568 9754 8270
f 7744 11066 9009
f 8258 9632 9515
f 8367 9833 9333
f 9514 9754 7783
f 8994 10931 8461
f 8996 10932 8463
f 9070 10914 8007
f 9120 10758 7746
f 8368 9718 9704
f 9704 9718 8158
f 7667 10421 9397
f 9857 10409 8634
f 7880 10409 9857
f 10809 11116 8764
f 8318 9751 9535
f 7842 10760 9295
f 8002 11072 10124
f 9689 9918 8429
f 8244 9918 9689
f 10007 10346 8679
f 7950 10346 10007
f 8865 10822 10305
f 8124 9484 9465
f 8468 9823 9283
f 9352 9565 8127
f 8429 10330 9902
f 7963 10876 10859
f 1120 10879 9283
f 8649 10597 9831
f 8064 10634 8975
f 8067 11195 9528
f 9528 11195 8809
f 9556 10455 7891
f 10265 10955 9124
f 9070 10571 8142
f 10859 10876 8985
f 7785 10293 9008
f 8338 9991 9922
f 9485 9988 7756
f 7660 10452 8975
f 7912 10412 8978
f 8646 11108 10493
f 9091 10449 7706
f 7802 9640 9278
f 9613 11158 8818
f 8249 11158 9613
f 8050 10458 8989
f 8310 10056 10018
f 8203 9807 9142
f 8156 10308 10086
f 9216 9895 8171
f 9614 11391 7676
f 9930 11003 9182
f 9314 10893 10875
f 8071 11402 9424
f 7954 10777 10724
f 7816 9881 9665
f 9729 10068 8446
f 9143 9843 8110
f 10254 11256 7946
f 8340 9713 9364
f 1276 10398 8994
f 8995 10399 948
f 1209 10400 8996
f 9160 10424 9985
f 8512 10341 9472
f 9472 10341 7716
f 8406 10563 10477
f 8976 11221 8033
f 9245 9691 8092
f 8034 11231 8978
f 9034 10084 8147
f 9036 10085 8146
f 8409 10502 10499
f 8982 10380 7974
f 8374 10577 9033
f 9062 9995 8172
f 8173 9994 9063
f 9063 9994 7995
f 7994 9995 9062
f 8335 9852 9126
f 9277 10220 8286
f 9496 9509 7680
f 8988 11170 8155
f 8740 11207 10575
f 8575 11035 9175
f 9175 11035 7760
f 8137 10119 9197
f 8615 11234 9028
f 1230 10152 9015
f 9016 10150 993
f 1163 10151 9017
f 8642 11392 9368
f 8457 9853 9146
f 9146 9853 8435
f 9042 11199 8125
f 8252 9567 9535
f 9535 9567 7793
f 9916 11398 7747
f 8243 9920 9765
f 7860 10115 10043
f 7821 11357 9459
f 8166 10517 10030
f 10215 11099 9469
f 9108 9899 8038
f 8153 9859 9433
f 9414 9837 8308
f 8046 9837 9414
f 7700 11018 8982
f 9378 10615 8130
f 7751 10545 9357
f 9358 10544 7752
f 8730 11034 10725
f 8991 10859 8430
f 8171 9896 9399
f 9399 9896 8320
f 9123 10800 8021
f 1042 10643 9006
f 8130 9582 9378
f 9644 11049 8160
f 8147 10084 10045
f 8604 11136 9369
f 8102 11190 10808
f 8207 9509 9479
f 8377 10176 9303
f 9303 10176 7869
f 7712 11022 10854
f 7775 9896 9520
f 10636 10947 8695
f 7904 10576 9607
f 9607 10576 8592
f 10285 10414 8427
f 8432 10183 9018
f 9286 10766 7645
f 9196 11036 7947
f 9006 10217 8248
f 902 9702 900
f 936 9701 934
f 1224 9700 1222
f 7673 11128 9056
f 8265 9686 9629
f 8115 11409 9046
f 8080 10586 8984
f 8557 11296 9941
f 8997 10911 7968
f 9980 11220 9536
f 9434 9619 8407
f 11060 11185 1173
f 983 11186 11061
f 11062 11187 1240
f 9140 10806 8043
f 9510 11338 7652
f 9027 11077 8568
f 9581 10172 8081
f 1015 10142 1014
f 1143 10141 1141
f 9277 9780 8456
f 8130 10773 9916
f 8094 10880 9663
f 9663 10880 8729
f 8299 9786 9736
f 9882 9974 8405
f 7669 9810 9550
f 9707 11187 8168
f 8169 11186 9706
f 9705 11185 8170
f 8519 10218 9801
f 8089 9623 9346
f 8986 10723 8514
f 10235 11006 8764
f 9450 9749 7629
f 8279 9749 9450
f 9316 9649 8270
f 10262 11090 8242
f 9049 11257 8704
f 9827 10129 8480
f 8047 10799 9865
f 7657 10624 9776
f 8271 9763 9598
f 9013 11250 8678
f 8250 9758 9666
f 7885 11414 9073
f 9831 10597 7937
f 9072 10837 9949
f 10436 11134 8429
f 7685 9959 9231
f 9557 9648 7805
f 1104 11140 9052
f 8412 9963 9604
f 7798 9846 9709
f 10395 10765 8072
f 9174 9790 8233
f 9713 9797 8268
f 7781 9589 9441
f 9441 9589 8207
f 7749 11341 9063
f 8268 9934 9353
f 8248 10272 9006
f 8065 9972 9090
f 7648 10913 9404
f 9850 9888 8311
f 9139 11343 8009
f 8198 9648 9366
f 9451 10018 8479
f 8647 11109 10226
f 8261 9879 9134
f 8138 9923 9282
f 9577 9628 7806
f 9037 11085 8687
f 8592 10576 9362
f 11242 11290 8693
f 8179 10128 9645
f 8987 11330 8066
f 7824 9984 9349
f 9243 9959 7685
f 7932 9771 9423
f 9423 9771 8417
f 8270 9907 9316
f 8055 11241 9579
f 8053 11243 9580
f 8345 10335 9152
f 9152 10335 7773
f 7623 10310 9083
f 8923 10765 10395
f 8556 10615 9955
f 7995 9994 9087
f 9086 9995 7994
f 9081 11412 8814
f 10167 10673 7811
f 8316 11023 9973
f 9008 10293 8182
f 8154 9556 9450
f 8393 10564 9249
f 8262 10981 9095
f 9014 11311 8677
f 8207 9628 9441
f 7628 9954 9920
f 8759 10774 10736
f 9387 11021 7850
f 10045 10084 8567
f 9598 9687 7830
f 8079 10048 9060
f 10593 11206 8739
f 9063 11341 8173
f 8026 10291 9010
f 9853 10198 8435
f 9956 10918 8890
f 8679 10394 10079
f 9059 11326 8586
f 7975 11326 9059
f 8487 10323 9722
f 10164 10670 7813
f 9188 11212 7740
f 8703 11251 9019
f 9584 10064 8174
f 7866 10839 9552
f 9011 10932 7970
f 9012 10931 7971
f 7740 11310 9188
f 9188 11310 8644
f 8938 11211 11083
f 8250 9680 9656
f 8180 9774 9252
f 9252 9774 7768
f 9005 10856 8017
f 9168 9837 8046
f 7748 10055 9062
f 7995 10054 9063
f 8282 11075 8990
f 9379 10407 8872
f 9500 9576 7677
f 8217 9576 9500
f 7799 9583 9554
f 9009 11066 8439
f 9592 9593 8409
f 8123 9593 9592
f 8253 9684 9574
f 8990 10628 7743
f 8052 9917 9235
f 8430 10543 8991
f 9476 10282 7724
f 8472 10282 9476
f 10181 10603 8394
f 8396 10123 9408
f 9408 10123 7618
f 7652 11338 10498
f 8353 10156 9924
f 10580 10917 8624
f 10581 10919 8626
f 8625 10918 10582
f 8461 10750 8994
f 8463 10748 8996
f 9013 10922 8656
f 9014 10923 8657
f 8212 10490 10441
f 8135 10114 9266
f 8039 10032 9080
f 9681 10308 8156
f 8438 10568 8992
f 8075 10716 8993
f 8027 10275 9025
f 9065 11320 8621
f 8596 11383 9074
f 9075 11384 7979
f 9074 11383 7978
f 9429 10406 8295
f 7783 9765 9250
f 8306 9884 9153
f 8164 9637 9386
f 9970 11078 8181
f 7677 9637 9599
f 8269 9773 9575
f 7659 9619 9434
f 8224 9809 9307
f 9307 9809 7777
f 8314 9925 9138
f 10079 10394 8036
f 9666 9758 8331
f 7914 10459 9040
f 9040 10459 8319
f 9125 9968 8275
f 9588 9726 8201
f 9066 10080 8082
f 9479 9628 8207
f 7686 11183 10492
f 9073 10093 7997
f 9618 9861 8196
f 1104 10220 1102
f 9009 11408 8127
f 8504 9983 9890
f 9890 9983 8202
f 9792 10771 8815
f 8149 10726 9430
f 9028 10976 7905
f 9026 10373 7759
f 9594 9680 8250
f 7685 9674 9658
f 9109 10160 7770
f 9596 9687 8266
f 10387 11190 8102
f 10625 11200 7730
f 7940 11180 9781
f 10064 10898 8174
f 9080 10052 8039
f 8038 10053 9079
f 8201 9726 9724
f 10035 10202 8527
f 8006 11353 9043
f 11199 11259 8934
f 7966 10540 9026
f 8567 11247 10045
f 10045 11247 9012
f 9482 9583 8211
f 10284 10943 9830
f 8448 10830 10699
f 9487 10265 8973
f 7652 10498 9728
f 9068 11410 8408
f 8612 11150 9006
f 9108 10317 7622
f 9001 10626 7825
f 7692 10111 9128
f 9128 10111 8231
f 7825 10602 9001
f 9437 9648 8198
f 10267 11023 8316
f 9529 9639 7678
f 8109 9836 9193
f 8107 9835 9194
f 8081 11332 9045
f 9609 9686 8265
f 9425 9629 8238
f 7809 11165 9005
f 9554 9603 7799
f 8246 9603 9554
f 7664 9999 9167
f 9225 10427 8111
f 8213 9661 9559
f 9043 11090 8690
f 8633 10065 9597
f 9496 9588 8201
f 8156 9795 9231
f 9055 10201 8197
f 8039 10632 9042
f 8248 9840 9199
f 10015 11144 8244
f 9006 10643 8612
f 7849 10563 9933
f 9950 10854 8598
f 9478 9609 7803
f 8213 9609 9478
f 9554 9555 8246
f 8210 9555 9554
f 9558 9559 8245
f 8213 9559 9558
f 7799 9603 9559
f 9559 9603 8245
f 9446 10333 8436
f 10962 11144 10015
f 9482 9621 8210
f 9508 9703 8313
f 7823 9703 9508
f 9558 9686 8213
f 9577 9578 8239
f 7806 9578 9577
f 10245 11357 7821
f 8267 9904 9312
f 11139 11399 7916
f 9258 11316 8596
f 9578 9633 8239
f 7819 9924 9155
f 8242 10373 9026
f 8142 10571 9154
f 8429 11134 9689
f 7667 9879 9324
f 9324 9879 8261
f 8198 9838 9567
f 7997 10093 9092
f 10181 10745 8605
f 8217 9577 9576
f 9576 9577 8239
f 9622 10767 8640
f 8223 10767 9622
f 9602 9656 8251
f 8037 10122 9069
f 9620 11005 7829
f 7785 10365 10293
f 9958 11183 7686
f 9476 10432 8472
f 8005 10815 9020
f 1278 10580 10398
f 10399 10582 945
f 1212 10581 10400
f 8786 11209 9623
f 8454 11157 9053
f 9876 11118 7713
f 8147 10928 9034
f 8146 10926 9036
f 9035 10927 8145
f 8171 9895 9343
f 9273 9774 8180
f 1121 10879 1120
f 9054 10680 7779
f 7782 9621 9482
f 10233 11082 9390
f 7768 10178 9110
f 9494 10535 8361
f 8380 10583 9544
f 8330 9864 9198
f 9049 10224 8492
f 9177 9886 7700
f 8587 11103 9207
f 9207 11103 7876
f 8854 11078 9970
f 9018 10514 8432
f 9019 10515 8366
f 9658 9674 8304
f 8121 10759 10076
f 10076 10759 8833
f 9124 10955 8286
f 9022 11042 8150
f 8152 11043 9024
f 9157 10348 8338
f 8286 10220 9052
f 9278 10012 7802
f 1028 10779 9136
f 9137 10778 1129
f 8417 10280 9829
f 9375 9946 8085
f 8233 9969 9384
f 9384 9969 8648
f 8057 10789 10234
f 10234 10789 8917
f 8045 9911 9413
f 9413 9911 8307
f 9372 10614 8279
f 8894 11283 10113
f 10112 11282 8895
f 9092 10093 8191
f 9827 10490 8212
f 8352 11213 9064
f 7805 9648 9437
f 9315 11280 7745
f 8639 10891 10685
f 7806 9628 9479
f 8286 9780 9277
f 9782 9877 7816
f 8082 11253 9066
f 10125 10993 8295
f 9409 11038 8155
f 8349 9778 9681
f 9681 9778 7841
f 8965 11185 11060
f 11061 11186 8964
f 8963 11187 11062
f 7887 10201 9055
f 7668 10232 9159
f 8751 10630 9873
f 9521 10726 8149
f 8141 10151 9290
f 9291 10150 8140
f 8139 10152 9292
f 7759 10373 9043
f 1250 9914 1248
f 975 9912 973
f 1183 9913 1182
f 10427 10944 8111
f 8239 9714 9386
f 9603 9631 8245
f 8228 11353 9945
f 9816 10165 8192
f 8991 11239 10859
f 8116 10760 9021
f 8398 11248 10225
f 8163 10046 9300
f 9364 9713 7805
f 8547 10363 9396
f 9142 9993 7814
f 9807 11022 7712
f 7636 10791 10179
f 7816 9877 9627
f 10367 11209 8334
f 7656 10845 10019
f 9039 10874 7696
f 9026 10540 8242
f 9280 9786 7801
f 9061 11198 8413
f 1192 9643 1190
f 967 9642 966
f 1258 9641 1256
f 9172 10290 8474
f 8800 10290 9172
f 9753 10445 8577
f 9029 10530 7818
f 10058 11353 8228
f 1148 11041 9341
f 9342 11040 1010
f 9490 11194 8365
f 8738 11338 9088
f 8117 11159 9993
f 7996 10630 9240
f 9849 11097 9234
f 7685 9658 9491
f 1038 10754 1035
f 9448 10034 8066
f 8484 10034 9448
f 10204 10341 8720
f 7716 10341 10204
f 9409 10556 7867
f 9027 11091 7733
f 9755 10444 8579
f 8191 10660 9092
f 9246 10506 7620
f 9426 10393 8161
f 9491 9658 8209
f 7799 9682 9583
f 10122 10675 8106
f 8470 10803 9412
f 9299 9779 8251
f 9629 9686 7614
f 8554 10832 9365
f 10029 10166 7631
f 10055 11105 8193
f 8994 11145 10931
f 8996 11147 10932
f 7739 11290 9082
f 9685 10167 7811
f 8381 10763 9546
f 9545 10762 8379
f 8491 10223 9058
f 10859 11239 7963
f 8720 11368 10204
f 9174 10541 1057
f 9515 9632 8205
f 9052 10311 8286
f 8362 10710 9495
f 9604 10165 7682
f 9058 11152 8053
f 9051 11382 8285
f 9683 10297 8441
f 9033 11342 8374
f 8161 10393 9443
f 8798 11168 9645
f 9645 11168 7943
f 9130 11323 8300
f 8243 10002 9922
f 8399 10247 9825
f 8397 10246 9824
f 9207 9911 8045
f 8431 11171 9094
f 10615 10773 8130
f 10563 11166 9933
f 8246 9811 9782
f 10338 10559 7662
f 8860 10559 10338
f 9595 9925 8119
f 7735 11234 9222
f 9222 11234 8615
f 8288 9789 9647
f 9647 9789 8333
f 915 9644 913
f 9600 9714 7808
f 8066 11330 9463
f 9463 11330 8773
f 9056 10264 8032
f 10732 10913 7648
f 9128 10915 8311
f 9436 11154 7624
f 9444 9688 7839
f 9265 11001 10385
f 9634 9739 7668
f 8313 9739 9634
f 8274 9832 9285
f 8187 10718 9318
f 9710 9748 7614
f 8020 10065 9156
f 9156 10065 8219
f 7693 10691 9505
f 7851 10133 9172
f 8211 9639 9529
f 9273 9970 8181
f 10267 10361 7925
f 8743 10361 10267
f 8410 11124 10439
f 9283 9823 8284
f 9098 11336 8033
f 7882 10706 9696
f 9696 10706 8685
f 9659 9934 8240
f 8259 9891 9771
f 9771 9891 8417
f 10293 10365 8696
f 9493 10135 8683
f 8051 10720 9696
f 9166 11156 8001
f 10920 10968 8513
f 9282 9923 7650
f 10899 10965 8896
f 9590 9934 8268
f 9661 9682 7799
f 8209 9662 9491
f 7982 10936 9538
f 8272 9733 9517
f 8842 10902 9777
f 9583 9682 8211
f 1263 9717 1262
f 1198 9715 1196
f 961 9716 960
f 8238 9633 9578
f 9272 9850 7899
f 9302 10237 8231
f 9113 10546 8023
f 9425 9724 8265
f 10299 11123 9026
f 9522 11312 1115
f 9684 9709 8247
f 8238 9748 9720
f 9883 10178 8659
f 10498 11293 9287
f 9273 10008 7822
f 8113 9759 9412
f 9398 11257 8083
f 8704 11257 9398
f 9438 9712 8164
f 1152 9901 1150
f 1008 9900 1005
f 1048 11323 9130
f 9435 10159 8395
f 7753 10159 9435
f 9073 11414 11339
f 8246 9631 9603
f 8730 10725 9613
f 9874 10262 8242
f 7625 10860 9785
f 9785 10860 8727
f 10003 10750 8461
f 10005 10748 8463
f 8462 10749 10004
f 9533 9736 8119
f 7846 10006 9227
f 9227 10006 8227
f 9393 10229 8560
f 8405 9974 9452
f 9235 9917 8290
f 7622 11333 9108
f 9599 9637 8312
f 9955 10451 8556
f 9633 9714 8239
f 7820 10259 9095
f 9095 10259 8262
f 8754 9945 9310
f 9631 9665 8245
f 8411 10309 10301
f 9117 10606 8389
f 7876 10606 9117
f 9367 9796 8422
f 7837 9796 9367
f 9507 10719 7646
f 8192 9963 9334
f 8178 10978 9630
f 8238 9720 9633
f 8012 10681 9332
f 9331 10682 8013
f 7669 10157 9158
f 10384 11070 8303
f 9051 10942 7956
f 9222 11210 10092
f 9053 11157 8081
f 8034 11318 9112
f 9046 10737 7977
f 9047 10738 8114
f 7697 10957 9992
f 7697 11135 9071
f 9335 11243 9106
f 9105 11242 9336
f 9337 11241 9104
f 7715 9940 9377
f 9849 11016 8817
f 7933 11016 9849
f 8459 10008 9826
f 9826 10008 8180
f 8912 10686 10378
f 10378 10686 8390
f 8301 11029 10325
f 1098 9711 1095
f 8438 11374 9745
f 9197 9987 8137
f 9072 10309 8048
f 9116 11354 7877
f 9987 11103 8901
f 9362 9854 8202
f 9365 10832 7849
f 9569 10044 8096
f 8401 10044 9569
f 7876 11103 9987
f 9517 9733 7782
f 9995 11216 8172
f 8205 10416 10202
f 9421 9815 8391
f 8211 9682 9639
f 7658 9909 9259
f 10439 11124 8950
f 7819 11173 9288
f 8436 9856 9446
f 9446 9856 8058
f 7870 10182 9612
f 8209 9658 9627
f 9050 10608 8476
f 8031 10893 9314
f 10079 11091 8679
f 927 9842 926
f 9570 10898 7627
f 7614 9748 9629
f 9656 9680 7817
f 9231 9959 8156
f 9734 10895 8520
f 8691 10244 9668
f 9669 10243 8693
f 9672 9760 8104
f 8759 9760 9672
f 8219 10192 9980
f 9192 11341 7749
f 8364 10539 9489
f 9488 10536 8363
f 7805 9713 9557
f 9557 9713 8268
f 9340 9816 7872
f 8245 9660 9558
f 9558 9660 7614
f 9559 9661 7799
f 9055 10987 7887
f 7917 10517 9275
f 9336 10288 8386
f 8388 10289 9337
f 10931 11145 7971
f 10932 11147 7970
f 7814 9769 9735
f 9735 9769 8339
f 8629 10025 9308
f 9299 9944 8337
f 10022 10645 7640
f 7638 10644 10023
f 8245 9665 9660
f 9660 9665 8287
f 9141 10875 8481
f 9454 10550 9122
f 8804 10281 9210
f 9210 10281 8471
f 8473 10283 9212
f 8806 10282 9211
f 9211 10282 8472
f 9212 10283 8805
f 9330 9887 8203
f 988 9706 985
f 1171 9705 1169
f 1238 9707 1235
f 9333 9833 8329
f 9574 9680 8253
f 7817 9680 9574
f 7921 10288 9336
f 9337 10289 7923
f 9192 10641 8802
f 8186 10208 9220
f 9594 9666 7629
f 8250 9666 9594
f 7871 10542 9722
f 8250 9656 9602
f 8397 11030 9066
f 8229 9794 9453
f 7927 11108 10385
f 9281 10227 7618
f 9244 10161 8047
f 9124 10311 7900
f 8286 10311 9124
f 11055 11362 7951
f 9246 10108 8195
f 9732 10978 8178
f 10113 11283 7752
f 7751 11282 10112
f 9394 9783 8206
f 9650 11372 9261
f 9260 11373 9651
f 9262 11371 9652
f 8773 9999 9463
f 7614 9686 9558
f 1010 11040 1008
f 1150 11041 1148
f 9164 10173 8024
f 8055 11009 9067
f 9574 9684 8247
f 9690 11170 7620
f 8114 10738 10052
f 9354 10510 8683
f 8253 9680 9594
f 8293 10752 9065
f 8033 11221 9097
f 8810 11386 10912
f 9262 10730 1265
f 9260 10728 1199
f 958 10729 9261
f 7866 11365 10839
f 9268 10316 8757
f 9116 10253 8308
f 9117 10252 8307
f 9129 10217 7890
f 8248 10217 9129
f 9300 10146 8163
f 9360 9821 8330
f 9636 9827 8480
f 7670 9827 9636
f 10502 10736 8979
f 7729 10736 10502
f 9765 10002 8243
f 8243 9687 9596
f 9627 9658 8304
f 10397 10979 8905
f 9240 10477 7642
f 8406 10477 9240
f 10470 11358 8674
f 8275 9723 9618
f 9618 9723 7780
f 9670 9671 8305
f 8232 9671 9670
f 7846 10796 9978
f 9978 10796 8773
f 9227 10000 8200
f 9437 9773 7805
f 8676 10470 9167
f 7816 9665 9631
f 8209 9944 9662
f 9579 11241 8691
f 9580 11243 8692
f 9259 9967 7658
f 9798 9875 8289
f 9105 11207 8054
f 8055 11206 9104
f 9061 10511 8099
f 9890 11295 7836
f 1129 10907 9137
f 9136 10906 1028
f 7853 10106 9210
f 7855 10104 9211
f 9212 10105 7854
f 8246 9782 9631
f 10705 10896 8807
f 11339 11414 8616
f 9252 10469 8920
f 8387 10176 9822
f 9075 11086 7761
f 9135 10275 8027
f 7810 10183 9601
f 9601 10183 8432
f 9111 11231 8034
f 9289 10707 8008
f 10009 10889 8206
f 9287 10231 8182
f 9217 11078 7665
f 9647 9935 7681
f 10032 10310 8342
f 9144 10187 1124
f 1034 10186 9145
f 10081 10386 7815
f 7834 10191 9264
f 8583 11031 10881
f 8960 11156 9166
f 7841 10340 9910
f 7803 9726 9588
f 9496 9794 8229
f 9250 9979 8264
f 9610 9907 8175
f 8233 10541 9174
f 8197 10680 9054
f 8520 10722 9734
f 8405 10331 9882
f 9067 11009 8442
f 9854 10335 8569
f 1057 11141 9174
f 8399 11081 11010
f 7845 9974 9882
f 8165 10317 9108
f 7765 9998 9635
f 9151 10291 8026
f 8100 11394 9127
f 8032 10679 9057
f 9117 11268 7876
f 10624 11305 9320
f 9609 9726 7803
f 9203 10049 8095
f 9251 9986 8614
f 9195 10364 7777
f 9951 10309 8411
f 9659 9675 8306
f 8206 10014 9394
f 8499 11359 9701
f 7706 10883 9091
f 8437 10300 9119
f 9695 9733 8272
f 9087 11053 7995
f 7994 11054 9086
f 9639 9682 8257
f 7792 11198 9061
f 9602 9758 8250
f 10179 10791 8718
f 7773 9854 9362
f 8257 9682 9661
f 9206 10437 8281
f 9838 9904 7793
f 8056 10787 9064
f 8142 10914 9070
f 8280 11259 9205
f 8053 11152 9106
f 9687 9922 7830
f 9093 11126 8178
f 8175 9754 9514
f 8252 9751 9575
f 7822 9970 9273
f 7815 9887 9330
f 9190 10091 8318
f 7777 10364 9208
f 9155 10487 7819
f 8359 10487 9155
f 9632 10416 8205
f 8645 11309 9293
f 9293 11309 7741
f 9867 10231 7852
f 8348 9747 9746
f 9746 9747 8220
f 8216 9821 9688
f 7702 10571 9070
f 8297 10727 9668
f 9066 11030 7691
f 8289 9748 9710
f 8240 9675 9659
f 8408 10792 9068
f 9068 10792 7918
f 7634 10802 9081
f 9081 10802 8416
f 8255 10245 9129
f 9515 10200 7648
f 9320 10199 7858
f 8325 10199 9320
f 9782 9811 8337
f 10023 11032 9242
f 9241 11033 10022
f 10042 11360 7624
f 10009 10760 7842
f 7986 10534 9076
f 9076 10535 7784
f 9078 10536 7786
f 7988 10537 9078
f 9077 10538 7989
f 7787 10539 9077
f 9164 10844 8208
f 9720 9748 8289
f 9417 9820 8267
f 8340 9815 9421
f 8236 9801 9520
f 8283 9739 9703
f 9703 9739 8313
f 9660 9710 7614
f 8287 9710 9660
f 9724 9726 8265
f 9188 10402 8836
f 8265 9726 9609
f 8531 11175 9115
f 9128 10415 7692
f 8311 10415 9128
f 8292 10012 9634
f 8523 11036 9196
f 8331 9828 9666
f 8389 10606 9197
f 9310 9945 8006
f 11007 11295 9890
f 9168 10157 8572
f 8294 10169 9161
f 10307 10336 7874
f 8671 10645 10022
f 10023 10644 8670
f 9334 10662 8192
f 8486 10662 9334
f 8057 10234 9419
f 9419 10234 8533
f 9625 11193 8758
f 8048 10837 9072
f 10390 10969 8940
f 7878 10168 10138
f 9343 9895 7826
f 9422 10986 8060
f 7679 9811 9555
f 9741 10692 8060
f 10236 10915 9128
f 8367 10096 9833
f 9889 11254 8648
f 8394 10039 9942
f 7808 9714 9633
f 8231 10237 10236
f 10236 10237 8722
f 9633 9720 7808
f 9678 10166 8392
f 8886 11274 9113
f 8496 10664 9359
f 9359 10664 7908
f 9084 10584 7992
f 7790 10583 9084
f 9179 10242 7695
f 8719 11312 9522
f 8208 10173 9164
f 9098 10446 7874
f 9761 10198 7689
f 9539 9967 8328
f 7658 9967 9539
f 8028 10430 9475
f 9475 10430 8471
f 9197 10119 7617
f 8054 11378 9082
f 9575 9751 7671
f 9311 10372 7778
f 9455 10202 7769
f 1063 10454 9102
f 9081 10717 7634
f 9600 9789 8288
f 7808 9789 9600
f 8416 10741 9081
f 8225 10711 9777
f 8144 9860 9408
f 8220 10494 9746
f 9169 10952 7633
f 8500 10952 9169
f 8501 10953 9170
f 9170 10953 7635
f 11140 11237 9052
f 1158 9847 1156
f 1001 9848 1000
f 8509 10979 10397
f 9565 9979 7840
f 9169 11071 11056
f 9204 11211 8277
f 8289 9875 9720
f 10651 11359 8499
f 9477 11098 8609
f 8372 10082 9738
f 7878 10453 9112
f 9466 10303 8665
f 10482 10735 7747
f 8955 10735 10482
f 9754 9907 8270
f 9727 11126 9093
f 8419 10500 9100
f 9101 10501 8420
f 7801 9758 9602
f 8200 10796 9227
f 9670 10107 8232
f 8180 10008 9273
f 8320 9896 9834
f 8590 10867 10079
f 10303 10835 8665
f 8162 9997 9288
f 9450 9828 8154
f 7750 11082 9114
f 7680 9794 9496
f 9598 9763 8266
f 7798 9709 9684
f 8589 11287 9808
f 8853 11190 10387
f 8637 11237 11140
f 9266 10114 909
f 9311 9981 8341
f 8106 10675 9088
f 7631 10166 9820
f 8586 11275 9228
f 7628 9920 9596
f 8295 10993 10126
f 9629 9748 8238
f 7763 10781 9089
f 7934 9990 9381
f 8029 11316 9258
f 9710 9721 8289
f 8287 9721 9710
f 9906 10819 8068
f 8605 10603 10181
f 9403 10129 8212
f 8009 10326 9139
f 9561 10942 9051
f 9334 9963 7848
f 8744 11182 10909
f 8266 9791 9596
f 8119 9925 9533
f 9533 9925 8314
f 10958 11132 9459
f 8373 11400 9114
f 9091 10671 8015
f 1035 10186 1034
f 1124 10187 1121
f 8457 10463 9119
f 7895 10934 9100
f 8420 10935 9101
f 9796 9998 8422
f 8327 9998 9796
f 9297 10733 7960
f 8484 10733 9297
f 8483 10411 9788
f 7620 11170 10108
f 10548 10596 7929
f 9550 9810 8175
f 8914 10829 10319
f 10319 10829 8049
f 7815 11224 10081
f 10081 11224 8951
f 9404 10913 8309
f 8638 10726 9521
f 8416 10802 9272
f 8240 10109 9675
f 9332 10681 8469
f 8468 10682 9331
f 9368 11392 8043
f 8330 9935 9360
f 9094 11171 7804
f 9920 9954 8375
f 9678 9904 8267
f 8197 10201 9221
f 10013 10751 8460
f 9520 9801 7775
f 8268 9797 9590
f 10100 11253 8708
f 7998 10175 9202
f 8485 11069 9143
f 8643 11352 9294
f 1282 9817 1280
f 944 9818 942
f 1215 9819 1214
f 7620 10108 9246
f 9100 10934 8419
f 9101 10935 7896
f 9421 10209 7630
f 8300 11306 10139
f 7865 10588 9787
f 9787 10588 8600
f 8459 10561 10298
f 1125 10344 9144
f 9145 10345 1032
f 9100 11307 8447
f 8446 11308 9101
f 9099 10789 8057
f 8212 10441 10043
f 10646 11266 8512
f 8647 11263 9132
f 8646 11262 9133
f 9110 10635 8619
f 9523 10769 8208
f 8620 10636 9109
f 9292 10152 1232
f 991 10150 9291
f 9290 10151 1165
f 8314 9733 9695
f 8231 10666 9302
f 10118 10158 8458
f 8284 10083 9522
f 9522 10083 8719
f 10250 10602 7825
f 8241 11333 9376
f 9405 11349 8595
f 9239 10660 8191
f 8387 10376 9335
f 9140 11285 7645
f 8088 11386 9805
f 9568 10002 7783
f 8338 10002 9568
f 9171 10240 8423
f 8175 9810 9610
f 9161 10503 7776
f 8489 10115 9808
f 9808 10115 7860
f 7916 11399 9804
f 8621 11320 9269
f 9269 11320 7952
f 9119 11017 8437
f 9335 10376 7922
f 7788 10875 9141
f 9114 11082 8373
f 9217 10205 8659
f 8227 10006 9323
f 8281 10148 9416
f 7759 10058 9354
f 8330 9821 9737
f 9737 9821 8216
f 9228 11275 8025
f 8436 10491 9369
f 9369 10491 7617
f 9115 10663 1076
f 9444 9881 8304
f 9169 11056 8000
f 7844 9989 9582
f 7619 10146 9300
f 8098 10625 9118
f 9596 9791 7628
f 9590 9797 7630
f 9373 10021 8133
f 9374 10020 8131
f 1032 10345 1029
f 1127 10344 1125
f 9038 11389 9961
f 920 11137 9276
f 9177 10326 8009
f 8290 10326 9177
f 9468 9864 7833
f 7919 10526 10521
f 8510 10965 10899
f 1066 10454 1063
f 9604 9963 8192
f 11057 11287 8589
f 9240 10397 8905
f 8234 10219 9196
f 7776 10503 9173
f 7903 10668 10061
f 10061 10668 8725
f 9806 10527 8780
f 9555 9811 8246
f 8444 10707 9289
f 8676 10160 9947
f 9281 10078 8179
f 9240 10630 8406
f 9122 10550 7904
f 9790 10833 8233
f 9631 9782 7816
f 8802 10476 9903
f 9317 10143 8230
f 7630 10209 9460
f 7730 10813 9118
f 9990 10711 8225
f 8306 10087 9884
f 8560 10916 9393
f 9393 10916 7644
f 8648 11254 9384
f 9384 11254 1054
f 10403 11081 7928
f 10875 10893 8481
f 10916 11167 7644
f 9584 9832 8274
f 8241 10377 9230
f 1241 10998 9306
f 9304 10999 981
f 1175 11000 9305
f 7825 10626 9126
f 7852 10795 10271
f 10271 10795 8856
f 8823 10777 9473
f 8490 10556 9155
f 8162 11173 9866
f 9866 11173 8830
f 8828 10459 10387
f 10387 10459 7914
f 9635 9998 8327
f 8272 9984 9695
f 10159 10585 8395
f 9220 10208 7855
f 9401 11053 8518
f 8517 11054 9402
f 9339 11210 8615
f 7961 11210 9339
f 8474 11379 10405
f 8254 10758 9120
f 8269 9989 9364
f 9148 10951 8462
f 7969 10951 9148
f 9610 9810 8293
f 9207 10232 8587
f 7959 11116 10809
f 8043 11392 9140
f 8174 9832 9584
f 9126 10626 8335
f 8460 10629 9126
f 8844 10724 9282
f 1072 9874 1069
f 8155 11038 10463
f 7788 10062 9314
f 9567 9838 7793
f 9887 10386 8598
f 7839 9798 9721
f 9283 10694 1120
f 8336 10946 9370
f 8697 10422 9791
f 10562 10829 8571
f 9129 11319 8248
f 9241 10851 7838
f 8477 10851 9241
f 9381 9990 8225
f 7698 10287 9200
f 9781 9956 8862
f 10834 11388 8817
f 11077 11329 8568
f 8501 10610 9132
f 8500 10609 9133
f 8568 11329 10349
f 1073 10262 1072
f 8584 11397 10909
f 7951 11362 9897
f 1052 9889 1049
f 7916 10807 9892
f 9892 10807 8689
f 7963 10713 10066
f 10066 10713 8731
f 7665 10193 9356
f 7785 10710 9131
f 8349 9846 9778
f 7893 11104 10817
f 9131 10640 7987
f 8614 11389 9251
f 9251 11389 7866
f 8502 10677 10110
f 8341 10372 9311
f 7864 10411 10213
f 8433 10424 9160
f 9556 10368 8279
f 9196 11012 8523
f 8465 10511 9626
f 9106 11152 10223
f 8348 10479 10184
f 9727 9954 7628
f 9255 11079 7718
f 8545 11079 9255
f 10128 11398 9645
f 9141 11194 7788
f 11010 11081 8915
f 10325 10523 7907
f 9132 10953 8501
f 9133 10952 8500
f 9737 9864 8330
f 7833 9864 9737
f 9520 9896 8171
f 9993 11159 8734
f 9744 10028 8147
f 10312 10740 8672
f 8304 9881 9627
f 9627 9881 7816
f 10089 11029 8301
f 10207 10847 9388
f 9142 11401 8117
f 8284 10694 9283
f 8583 10881 9511
f 9511 10881 7894
f 10321 10376 8703
f 7922 10376 10321
f 9750 9950 8366
f 7973 9950 9750
f 9333 10086 8367
f 11056 11071 8495
f 7780 9861 9618
f 9389 10848 10210
f 7990 10697 9141
f 8303 11070 10090
f 9394 10014 7826
f 8664 10906 9136
f 9137 10907 8663
f 1265 10730 1263
f 1199 10728 1198
f 960 10729 958
f 8552 10778 9137
f 9136 10779 8553
f 9933 10704 7849
f 9721 9798 8289
f 8721 10976 9587
f 9462 9965 7626
f 8572 11367 9168
f 9354 10058 8228
f 9161 11120 8258
f 8512 11266 9841
f 10398 10580 8624
f 8625 10582 10399
f 10400 10581 8626
f 10226 11109 7928
f 9452 9974 8384
f 1057 10541 1056
f 7705 11155 9800
f 7753 11098 9477
f 8124 9955 9484
f 8013 10682 9144
f 9145 10681 8012
f 8134 10806 9140
f 9194 10858 8442
f 9193 10857 8440
f 8435 10889 9146
f 9593 11024 7729
f 9474 10319 8840
f 9349 10172 8261
f 9279 11096 8554
f 7717 11096 9279
f 8350 10531 9181
f 9181 10531 8087
f 8054 11207 9683
f 9683 11207 8740
f 9149 10762 7789
f 7791 10763 9150
f 9814 10842 8167
f 8984 10613 10248
f 9209 10647 8404
f 7682 10647 9209
f 8267 10166 9678
f 9385 10987 8562
f 7887 10987 9385
f 7991 10687 9149
f 9150 10688 7993
f 8333 9875 9798
f 8644 10402 9188
f 10660 10967 9092
f 7704 10967 10660
f 9524 10163 8370
f 7875 10163 9524
f 9882 10331 8476
f 9399 10029 7631
f 7666 10143 9317
f 9433 11204 8430
f 8278 10343 9298
f 9711 10800 9123
f 9167 10470 8674
f 9383 10047 8144
f 8829 10944 10427
f 8143 10348 9654
f 9426 11153 7936
f 8623 11153 9426
f 9788 10153 7892
f 8443 10153 9788
f 7856 10821 10304
f 10304 10821 8864
f 7802 10012 9793
f 9445 9991 8143
f 8258 10503 9161
f 8295 10941 9429
f 8052 10693 9152
f 9771 10618 8259
f 8337 9877 9782
f 9996 10165 8415
f 8562 10203 9385
f 9465 10091 7843
f 8318 10091 9465
f 7798 10303 9466
f 8167 10842 9855
f 9208 10364 8199
f 9458 11131 10997
f 9208 10367 8334
f 8608 11272 10721
f 9284 10840 9868
f 8654 10159 9477
f 9477 10159 7753
f 8305 9861 9670
f 9670 9861 7780
f 8157 9919 9552
f 8173 11351 9994
f 9627 9877 8209
f 8260 9954 9727
f 9689 10547 8244
f 9805 11386 8810
f 7666 10767 9492
f 8225 10860 9380
f 8212 10043 9403
f 9980 11229 7958
f 8867 11229 9980
f 9183 10764 8309
f 10137 10683 8532
f 9328 10334 8799
f 9571 11002 8222
f 9572 11004 7623
f 8309 10983 9183
f 8654 10585 10159
f 9184 10481 7655
f 7858 10199 9461
f 9461 10199 8866
f 10134 10739 8756
f 8008 10739 10134
f 8924 11261 10094
f 10094 11261 7926
f 9176 11344 8667
f 7711 10056 9469
f 9469 10056 8310
f 7892 10216 9788
f 8063 10958 9459
f 9427 11331 8672
f 7656 11331 9427
f 1029 10779 1028
f 1129 10778 1127
f 9516 10567 7861
f 9174 11141 8444
f 8658 11167 10916
f 9256 10280 7764
f 9624 10897 8050
f 9463 9999 7664
f 1280 10580 1278
f 945 10582 944
f 1214 10581 1212
f 9596 9920 8243
f 9442 11400 7836
f 1023 9976 1022
f 1136 9977 1133
f 9384 10541 8233
f 8503 10967 9254
f 9254 10967 7704
f 10372 10483 8760
f 8341 10483 10372
f 9655 11416 8796
f 8002 11416 9655
f 8159 9988 9485
f 10127 10531 8839
f 9723 10331 7780
f 8476 10331 9723
f 8179 10227 9281
f 8602 10579 9894
f 9894 10579 7732
f 7812 10018 9451
f 9359 10124 8496
f 7718 11079 9156
f 9355 10135 8077
f 7756 10900 9485
f 8011 11299 9173
f 7760 10437 9206
f 8240 9934 9590
f 9508 10087 7823
f 8263 10314 9897
f 9767 9954 8260
f 9230 10377 7760
f 8315 10385 9229
f 10427 11136 8829
f 10239 10826 7661
f 8834 10826 10239
f 9477 11205 8654
f 8061 11205 9477
f 7770 11101 9418
f 7852 10231 9287
f 10313 11074 8357
f 8276 10135 9355
f 8392 10029 9673
f 1133 10650 1131
f 1025 10649 1023
f 9910 10096 8367
f 8450 10096 9910
f 8227 11101 9227
f 9528 10278 8932
f 9448 11165 7809
f 9102 10707 10206
f 8418 10966 10347
f 9885 10588 7865
f 8599 10588 9885
f 10018 10623 8310
f 7966 11123 9730
f 7725 10896 10705
f 8566 11003 9930
f 10054 10196 9063
f 10055 10195 9062
f 10040 10945 8791
f 8391 10945 10040
f 9324 10203 7667
f 7871 10979 10542
f 8021 10800 9322
f 8256 11298 9323
f 9880 10039 8394
f 9321 10820 8424
f 7887 10483 10201
f 8495 11071 9186
f 9186 11071 7633
f 8496 11073 9187
f 9187 11073 7635
f 8298 10665 9708
f 9708 10665 8563
f 8078 11388 9200
f 8081 10172 9349
f 7650 9923 9784
f 8285 11382 9270
f 9186 10776 8495
f 917 11049 915
f 8664 11106 10649
f 10650 11105 8663
f 8260 10984 9767
f 7642 10397 9240
f 8638 11048 10726
f 9720 9875 7808
f 8450 10316 9268
f 9263 10330 7766
f 8467 10189 9863
f 9863 10189 8007
f 9708 9996 8298
f 7793 9904 9678
f 9160 10850 8433
f 9573 10174 8372
f 7920 10174 9573
f 9294 10274 7906
f 9553 11119 8165
f 9964 10440 7891
f 9778 10103 7841
f 9064 11213 9377
f 7934 11037 9990
f 7779 10680 9361
f 9988 11342 7756
f 9778 9846 8298
f 8282 10616 9844
f 10031 10891 8639
f 1106 11140 1104
f 1173 11185 1171
f 985 11186 983
f 1240 11187 1238
f 9806 10876 8402
f 9277 10485 1100
f 10493 11108 7927
f 8423 11095 9171
f 9789 9875 8333
f 7808 9875 9789
f 8208 10769 9932
f 8088 11297 9226
f 8686 10523 9382
f 9198 11324 7681
f 7633 11071 9169
f 9170 11072 8002
f 7635 11073 9170
f 10257 10612 8421
f 8744 10612 10257
f 9429 10974 10406
f 9942 10039 7864
f 8321 10878 10116
f 9166 10820 7705
f 7818 10129 9403
f 9727 11219 8735
f 7628 11219 9727
f 9483 10830 8448
f 9356 10193 8235
f 8323 10447 9405
f 9590 10908 8240
f 1232 10152 1230
f 993 10150 991
f 1165 10151 1163
f 9302 10666 7947
f 7673 10071 9452
f 7909 10772 10180
f 10180 10772 8770
f 9186 11248 8680
f 9187 11249 8681
f 9363 10185 7807
f 9606 10439 8950
f 909 10114 908
f 8243 9922 9687
f 9171 10830 7702
f 8755 10672 10564
f 11343 11361 9018
f 9172 11028 7851
f 8474 11028 9172
f 8454 11380 9245
f 9171 11095 8014
f 8354 10728 9260
f 9261 10729 8355
f 8356 10730 9262
f 8161 10120 9426
f 9097 11221 9572
f 9187 10664 8496
f 8807 10896 9372
f 1244 10998 1241
f 981 10999 979
f 1178 11000 1175
f 8142 11212 9188
f 9377 11213 7715
f 8502 11115 10677
f 9696 10720 8514
f 9298 10959 8278
f 8633 10641 9192
f 8249 10725 9454
f 8675 10523 10325
f 1049 11323 1048
f 9205 11316 8029
f 9892 10484 8332
f 9429 10941 7707
f 8024 10173 9470
f 9458 10997 8064
f 8230 10775 9317
f 9234 11097 8078
f 10016 10785 8012
f 8700 10785 10016
f 10017 10782 8701
f 8013 10782 10017
f 10198 10359 8435
f 8621 10898 10064
f 9185 10709 8638
f 8259 10618 9992
f 9322 10800 8456
f 10320 10360 8464
f 8132 10918 9956
f 9725 10981 8262
f 10117 10621 8546
f 9922 10002 8338
f 8366 10515 9750
f 8547 10891 10363
f 1059 11141 1057
f 7851 11028 9178
f 9178 11028 8474
f 921 11137 920
f 8019 11193 9191
f 9763 11110 8266
f 9382 10523 8675
f 8224 10238 9460
f 9502 10604 7886
f 8011 10764 9183
f 7727 10439 9606
f 8175 9907 9754
f 8017 11011 10001
f 10001 11011 8775
f 8341 11375 9221
f 7629 10835 9594
f 10074 10075 8215
f 8617 10075 10074
f 10072 10073 8616
f 8214 10073 10072
f 8025 11275 9204
f 11266 11395 8283
f 8099 11264 9908
f 9607 10026 8148
f 9184 11390 8001
f 8754 11183 9945
f 10723 10962 7695
f 8794 10510 9354
f 9938 11236 8134
f 7617 11151 9197
f 10630 11166 8406
f 10184 10479 8589
f 8690 11090 10262
f 10341 10973 8720
f 10083 10981 7902
f 11005 11267 8561
f 8815 10342 9344
f 9182 10863 8440
f 9265 10611 7691
f 9182 11003 7675
f 9443 10393 8819
f 8068 10819 10413
f 10413 10819 8875
f 7758 11158 9501
f 9197 11151 8389
f 8073 10162 9606
f 9606 10162 8845
f 7860 10184 9808
f 9808 10184 8589
f 9833 10096 7632
f 9221 11375 7616
f 9857 11202 8707
f 7876 11268 9207
f 8469 10754 9199
f 9641 10551 8508
f 1258 10551 9641
f 1192 10552 9643
f 9643 10552 8507
f 8506 10553 9642
f 9642 10553 966
f 9228 11379 7720
f 8619 10469 9252
f 9226 11386 8088
f 8072 10765 9224
f 8573 10675 10122
f 9948 10567 8309
f 8487 10145 9646
f 8000 11111 9526
f 9526 11111 8879
f 9571 11231 9111
f 8384 11289 10264
f 9851 10477 8749
f 7791 11043 9546
f 9545 11042 7789
f 10707 11302 8008
f 8376 10158 10118
f 8218 10627 9222
f 9863 10717 8467
f 9684 10303 7798
f 8595 11349 10554
f 10554 11349 9175
f 9355 10954 8276
f 9740 11311 8074
f 7823 10087 9675
f 9293 10401 8645
f 8830 11238 9866
f 8397 11001 9265
f 9990 11037 8750
f 8826 11417 9799
f 9799 11417 8065
f 9268 11328 7632
f 9644 10873 913
f 9691 10298 8092
f 8066 11222 9448
f 9224 11387 8723
f 8520 10895 10861
f 8521 10673 10167
f 8821 10557 9244
f 8546 10886 10117
f 10092 11210 7961
f 9308 10363 7893
f 9168 11367 11354
f 9519 10885 8263
f 7960 10404 9297
f 1120 10694 1118
f 8337 9944 9877
f 8843 11413 9225
f 9899 11333 8241
f 8309 10913 9948
f 9958 10780 8794
f 8516 10670 10164
f 9209 11052 8412
f 9695 9984 7824
f 9355 10642 7713
f 8694 11002 9855
f 9855 11002 7621
f 8708 10753 10100
f 10100 10753 7794
f 7867 10334 9328
f 8464 10360 9936
f 9102 11302 10707
f 9784 9923 8449
f 10196 11106 8867
f 10683 11125 8532
f 8375 9954 9767
f 8077 10135 9493
f 9805 10492 8536
f 7686 10492 9805
f 8100 10233 9390
f 8235 10770 9356
f 8396 10063 9942
f 9564 10928 8643
f 8644 10927 9563
f 9562 10926 8645
f 10725 11034 7641
f 7917 10947 10636
f 10718 11363 8746
f 8104 10464 9672
f 9272 10471 8385
f 7800 10064 9584
f 10319 11407 8840
f 7901 11245 10407
f 10158 10216 7892
f 9646 10411 7864
f 8443 10411 9646
f 9249 10703 7719
f 8402 10703 9249
f 9597 10065 8020
f 8615 11210 9222
f 8156 10086 9795
f 9210 11025 7853
f 8471 11025 9210
f 9211 11027 7855
f 7854 11026 9212
f 9212 11026 8473
f 8472 11027 9211
f 8322 10795 9287
f 7895 10689 9233
f 9294 11352 9740
f 8244 10547 10015
f 8513 10692 9741
f 9580 10863 8053
f 8132 9956 9781
f 8385 10471 9382
f 9382 10471 7634
f 9809 10040 7777
f 8391 10040 9809
f 9340 10340 8415
f 1114 10140 1111
f 8456 10485 9277
f 8912 10961 9862
f 7682 9996 9708
f 7826 10359 9343
f 8426 10866 9213
f 8425 10865 9214
f 9566 10095 8159
f 10139 10968 8845
f 8458 10158 9936
f 8392 10166 10029
f 9301 10438 7818
f 9448 10734 8484
f 7809 10734 9448
f 10052 10738 8576
f 8181 11078 9217
f 8208 10844 9523
f 9227 10796 7846
f 9870 10905 8961
f 7861 10905 9870
f 7946 11256 10614
f 10147 10307 7874
f 8714 10986 9215
f 8562 10421 10203
f 988 10870 9706
f 9705 10869 1169
f 9707 10868 1235
f 10389 10979 7871
f 8905 10979 10389
f 8856 10423 10041
f 9275 10517 8166
f 8147 10045 9744
f 9232 10808 7875
f 7853 11025 9218
f 9218 11025 8471
f 9219 11026 7854
f 8473 11026 9219
f 7855 11027 9220
f 9220 11027 8472
f 1025 10906 10649
f 10650 10907 1131
f 8277 10138 9518
f 8632 11351 10848
f 11354 11367 7877
f 8365 11194 10697
f 8610 11385 9419
f 9261 11284 8108
f 9996 10103 8298
f 7892 10190 9936
f 9936 10190 8464
f 7981 11136 10427
f 9613 10725 8249
f 8205 10202 9455
f 8286 10955 9780
f 9619 10082 8149
f 10697 11194 9141
f 10407 11245 8872
f 9663 10146 7619
f 10790 10892 8839
f 8253 10303 9684
f 9235 11238 8052
f 7620 10506 10132
f 1076 10663 1073
f 7798 10665 9846
f 8315 10611 9265
f 9248 10792 8408
f 9525 10147 8280
f 9524 10148 8281
f 9522 10694 8284
f 7794 10246 10100
f 9319 11286 8188
f 9740 11113 8677
f 7742 11113 9740
f 7731 10910 9229
f 8493 10753 10182
f 7813 10670 10155
f 8419 10934 9233
f 8495 10274 9657
f 9460 10209 8224
f 9249 10742 8393
f 7865 10278 9528
f 7811 10673 10154
f 1131 10907 1129
f 1028 10906 1025
f 8530 10757 10524
f 7760 11035 9230
f 7767 11265 9244
f 11034 11411 7641
f 9945 11183 8228
f 8445 10455 9315
f 9563 10325 7907
f 10704 11337 7849
f 7783 10002 9765
f 10718 11304 9318
f 7937 10727 9831
f 7719 10742 9249
f 9233 10934 7895
f 9234 10935 8420
f 10132 10743 7620
f 8702 10743 10132
f 8968 11359 10640
f 9242 11191 8478
f 10529 10566 7911
f 8283 11395 9739
f 9253 10722 7835
f 7979 10633 10460
f 9238 11155 8716
f 8253 10835 10303
f 8452 10883 9498
f 8594 10977 10634
f 8696 10211 9728
f 9793 11110 7802
f 8697 11110 9793
f 8422 11327 9367
f 11133 11335 9202
f 10712 11289 8384
f 7908 10383 9562
f 7906 10384 9564
f 9579 11009 8055
f 9877 9944 8209
f 8323 10821 9318
f 7857 10822 9319
f 9675 10087 8306
f 9511 10306 8583
f 10182 10753 8708
f 10026 11215 7688
f 8618 10131 10130
f 10130 10131 8254
f 8544 10520 10391
f 9276 10956 920
f 7908 10401 9359
f 10674 10813 8662
f 948 10399 945
f 1212 10400 1209
f 1278 10398 1276
f 9257 11331 7656
f 1044 10643 1042
f 8693 11290 9669
f 9669 11290 7739
f 8281 11172 9524
f 10031 11104 7893
f 7837 11191 9242
f 8121 11033 9241
f 9242 11032 8120
f 9411 10561 7647
f 8666 11325 9538
f 9538 11325 7982
f 8205 10200 9515
f 9729 11257 9049
f 8083 11257 9729
f 8768 11055 10533
f 9306 11062 1241
f 981 11061 9304
f 9305 11060 1175
f 1061 10206 1059
f 7691 11030 9265
f 8753 10604 10392
f 10392 10604 8408
f 9390 10679 8857
f 9905 11303 8588
f 8859 11153 10161
f 10161 11153 8623
f 8418 10010 9966
f 10564 10672 7945
f 8617 11335 11133
f 8518 10715 9401
f 1139 10714 9402
f 9402 10714 8517
f 9401 10715 1017
f 9461 10938 7858
f 8540 10938 9461
f 9632 11120 7859
f 8300 11323 9889
f 9902 10191 7834
f 9458 10259 7820
f 9351 10462 8292
f 8948 11317 11117
f 9295 10760 8116
f 9350 10752 8293
f 10844 11096 7717
f 9164 11096 10844
f 9928 10938 8910
f 10060 10433 8865
f 8355 11284 9261
f 7866 10950 9251
f 9251 10949 8022
f 9270 11382 8059
f 7916 11393 11139
f 9793 10012 8292
f 10046 10565 7944
f 8603 10565 10046
f 8192 10165 9604
f 10375 11148 8452
f 9254 10893 8031
f 7704 10894 9254
f 8567 10661 9931
f 7841 10308 9681
f 7780 10107 9670
f 9325 10557 8068
f 8591 10407 9379
f 8338 10348 9991
f 9675 10109 7823
f 8017 10001 9898
f 9898 10001 8603
f 8108 11202 9857
f 7950 11099 10215
f 9255 10958 8063
f 8544 10690 10516
f 9960 10136 8434
f 10146 11197 8163
f 10036 10369 7784
f 8577 10369 10036
f 7718 11008 9255
f 9783 10071 7673
f 8014 11095 9264
f 8400 11249 10443
f 9625 11107 7745
f 8433 11067 9267
f 8433 10850 9472
f 8579 10371 10038
f 10038 10371 7786
f 7787 10370 10037
f 10037 10370 8578
f 8644 11310 10927
f 10926 11309 8645
f 9451 10307 8369
f 1127 10778 10344
f 10345 10779 1029
f 9034 10928 9564
f 9563 10927 9035
f 9036 10926 9562
f 10623 10899 8310
f 8524 11132 10958
f 10334 11045 8799
f 9276 11137 8528
f 7831 10265 9487
f 8511 11093 9289
f 9289 11093 7807
f 8354 10295 9715
f 9716 10296 8355
f 8870 10296 9716
f 9715 10295 8871
f 8356 10294 9717
f 9717 10294 8869
f 1199 11373 9260
f 9261 11372 958
f 1265 11371 9262
f 9646 10145 8443
f 7722 10486 9405
f 7899 11356 9272
f 9272 11356 8416
f 8416 11356 9274
f 9274 11356 7899
f 8111 10944 10033
f 7889 10995 9623
f 9370 10946 7772
f 8489 10144 10115
f 10115 10144 8346
f 9341 11041 8382
f 8383 11040 9342
f 9264 11095 8423
f 7692 10415 9398
f 9893 11066 7744
f 8855 11115 10435
f 7883 10257 9772
f 9772 10257 8421
f 9419 11385 8057
f 7626 10306 9462
f 9265 11030 8397
f 7795 11143 9888
f 9270 10895 7654
f 8668 10607 10205
f 10205 10607 7912
f 9796 10312 8327
f 8729 10146 9663
f 10460 10633 8748
f 9722 10442 8487
f 8311 10915 9850
f 9269 10966 8593
f 1246 10268 1244
f 979 10269 977
f 1180 10270 1178
f 8547 11235 9271
f 8586 11326 10149
f 8108 11284 9329
f 9406 10522 8325
f 8593 11129 9269
f 1215 11177 9819
f 1282 11178 9817
f 9818 11176 942
f 8325 10633 9406
f 8001 11156 10170
f 9339 10558 7961
f 8528 11214 9276
f 9276 11214 8035
f 8898 10591 9436
f 7936 10393 9426
f 8476 10049 9882
f 9310 11175 8531
f 8006 11175 9310
f 9287 10795 7852
f 7959 10809 9759
f 9283 10879 8468
f 10402 10925 8836
f 8326 11080 9379
f 10279 11102 8622
f 10177 11383 8596
f 8723 11360 10042
f 9322 11255 8021
f 9397 10617 7667
f 9275 10947 7917
f 8190 10175 9800
f 8682 10840 9284
f 9380 10464 8104
f 9939 10310 7623
f 11273 11383 10177
f 8309 10764 9404
f 8735 11126 9727
f 8415 10103 9996
f 10379 10610 8344
f 8677 11311 9740
f 10381 10609 8343
f 7925 10361 10333
f 10333 10361 8627
f 9833 10429 8329
f 10203 10421 7667
f 9774 10286 7768
f 8344 10670 9697
f 9697 10670 8516
f 10149 11326 11240
f 9322 11196 8535
f 7831 11196 9322
f 8064 10997 9279
f 7894 10657 9511
f 8343 10673 9699
f 9699 10673 8521
f 7684 10476 9392
f 9357 10545 8128
f 8129 10544 9358
f 9279 11044 7717
f 9287 11293 8322
f 10046 11057 9300
f 1100 10485 1098
f 9392 10476 8351
f 9880 10136 8360
f 10685 10891 8547
f 8532 10258 10137
f 10137 10258 7930
f 8607 11361 11343
f 8376 11269 9281
f 8298 10103 9778
f 7676 10661 10084
f 7907 10925 10402
f 8525 11131 9331
f 9331 11131 7820
f 7797 10590 9560
f 7619 10494 9663
f 7821 11132 9332
f 9332 11132 8524
f 7790 10332 10024
f 10024 10332 8574
f 8123 11142 9284
f 923 10324 921
f 8360 10039 9880
f 9288 11173 8162
f 9056 11128 10264
f 9028 11234 9938
f 1254 10327 1252
f 972 10328 970
f 1187 10329 1186
f 10086 10308 8367
f 7848 10751 9334
f 10257 11182 8744
f 9302 11098 10237
f 9711 10485 8456
f 1098 10485 9711
f 10847 11216 8631
f 9966 10010 8352
f 9585 10302 8357
f 7779 10302 9585
f 8339 11100 10099
f 9305 11000 8540
f 8539 10999 9304
f 9306 10998 8538
f 9418 10458 8620
f 9847 10695 1156
f 8559 10695 9847
f 9848 10696 8558
f 1001 10696 9848
f 10337 11369 8411
f 1052 11254 9889
f 10420 11272 8608
f 10042 10708 8072
f 8629 10708 10042
f 9405 10486 8323
f 9368 11014 8504
f 8043 11014 9368
f 8088 11218 9296
f 7784 10535 9494
f 9297 10996 8484
f 7979 11384 9406
f 9406 11384 8597
f 7968 10959 9298
f 10484 10824 8784
f 8331 11417 11188
f 9510 11184 8317
f 7721 10314 9537
f 9033 10577 9870
f 7744 11381 10983
f 9369 10903 8436
f 8097 10888 9303
f 1056 10541 9384
f 7915 11358 10470
f 9304 11271 8539
f 8041 11271 9304
f 9306 11270 8040
f 8538 11270 9306
f 8057 11385 9309
f 8020 10621 10117
f 9307 11368 8224
f 936 10638 9701
f 9701 10638 8499
f 8498 10637 9700
f 9700 10637 1222
f 9702 10639 900
f 8497 10639 9702
f 10063 10181 8394
f 998 10354 996
f 1161 10355 1160
f 1228 10356 1226
f 931 10357 929
f 905 10358 904
f 8123 11024 9593
f 9318 10821 7856
f 9319 10822 8324
f 8302 10428 9616
f 9314 10875 7788
f 10438 10511 8465
f 8317 10191 9902
f 8127 10667 9352
f 8360 10136 9960
f 9303 11294 8097
f 10640 11359 7987
f 9601 10353 7810
f 8378 10353 9601
f 8050 10897 9313
f 9455 10801 8332
f 8360 10678 10039
f 8515 10897 9624
f 9300 11057 8589
f 10749 10951 8995
f 8462 10951 10749
f 8535 11255 9322
f 9616 10428 7796
f 8540 11281 9305
f 9305 11281 8042
f 10000 11101 7770
f 7786 10536 9488
f 9489 10539 7787
f 10426 11050 8906
f 7998 11050 10426
f 8357 10990 9541
f 9345 10712 8384
f 7663 10768 9346
f 10126 10941 8295
f 7946 10614 9372
f 10983 11381 9183
f 9988 11279 8374
f 7836 11400 10222
f 8348 10250 9747
f 8609 11098 9302
f 10422 11219 9791
f 8320 10805 9673
f 9308 11159 8117
f 7871 10323 9960
f 9454 11361 8607
f 7641 11361 9454
f 10285 11225 8907
f 7707 11225 10285
f 8966 10963 9847
f 9848 10964 8967
f 8808 11399 11139
f 10089 10224 7795
f 8492 10224 10089
f 9315 11107 8445
f 8194 11106 10196
f 7671 10615 9378
f 8607 10550 9454
f 10302 10313 8357
f 8584 10313 10302
f 10230 10516 8455
f 9073 11339 10093
f 8588 11303 11039
f 8042 11281 9461
f 8291 10719 9507
f 8154 11280 9315
f 8505 10892 10790
f 8301 10325 9563
f 10941 11225 7707
f 10498 11338 8738
f 9504 10741 8416
f 9114 11400 9442
f 9318 11304 8323
f 9320 11305 8325
f 10111 10666 8231
f 9544 10583 7790
f 9942 10063 8394
f 7745 11107 9315
f 10053 11409 8115
f 8351 10521 9428
f 8452 11148 10671
f 8481 10894 10102
f 8986 10720 9719
f 9867 11063 8893
f 8236 10198 9761
f 8428 10440 9481
f 8296 10243 9669
f 9668 10244 8297
f 9328 11017 7867
f 9328 10924 8437
f 9465 10450 8124
f 9323 11298 7649
f 10050 11043 7791
f 7789 11042 10051
f 10679 11088 8857
f 10202 10416 8527
f 10273 10946 8336
f 9910 10308 7841
f 8490 11045 10334
f 8628 11396 9566
f 8707 11314 9857
f 7891 10368 9556
f 9108 11333 9899
f 10132 10693 8702
f 8437 11017 9328
f 9456 10771 7683
f 8864 10486 10059
f 10935 11346 7896
f 8737 11135 9992
f 9992 11135 7697
f 8782 10482 10128
f 10128 10482 7747
f 9562 10383 8302
f 9564 10384 8303
f 9820 10166 8267
f 9406 10633 7979
f 9329 11202 8108
f 10997 11131 8525
f 9513 10612 7755
f 8421 10612 9513
f 8793 10978 9732
f 9499 10969 8453
f 9234 11346 10935
f 8752 10642 9407
f 9972 11417 8331
f 9951 10654 7774
f 9785 10948 8974
f 11188 11280 8154
f 9197 10606 9987
f 7955 10824 10484
f 8411 11369 10654
f 8049 11407 10319
f 10253 10656 7827
f 10252 10655 7828
f 7687 10136 9880
f 9822 10176 8377
f 9494 10461 7784
f 8276 10954 9730
f 9447 10548 8358
f 9046 11409 10737
f 8483 10216 10097
f 10097 10216 8376
f 10825 10945 7844
f 9547 11264 8099
f 8408 11410 10392
f 10103 10340 7841
f 8597 11384 10555
f 10555 11384 9075
f 11017 11038 7867
f 9804 10807 7916
f 8564 10807 9804
f 9336 11242 8693
f 8692 11243 9335
f 8691 11241 9337
f 7655 10481 9525
f 10123 10213 8483
f 9746 10479 8348
f 8615 11223 9339
f 10094 10622 8377
f 7926 11261 10721
f 9488 10496 7786
f 7787 10497 9489
f 8430 11204 10543
f 8369 11117 9451
f 7712 11235 9396
f 9396 11235 8547
f 9400 10924 7980
f 8258 11120 9632
f 8335 10811 9852
f 9822 10263 7639
f 9593 10502 8409
f 7729 10502 9593
f 9747 10250 7825
f 8514 10242 9757
f 7632 11328 9540
f 9497 10968 7888
f 8513 10968 9497
f 8396 10213 10123
f 7819 10487 9503
f 9946 10841 8085
f 9119 11038 11017
f 9788 10216 8483
f 1045 11094 1044
f 9917 10352 8290
f 9476 11350 8597
f 7724 11350 9476
f 7713 10954 9355
f 7861 10577 9516
f 9385 10793 7887
f 9772 10287 8515
f 8150 11042 9545
f 9546 11043 8152
f 9697 10658 8344
f 9699 10659 8343
f 10206 10707 8444
f 9349 11332 8081
f 8557 10546 9473
f 9393 11345 8098
f 8564 10957 10592
f 7864 10213 9942
f 8407 10698 9422
f 10515 11347 9750
f 9422 10698 7771
f 8222 10178 9883
f 9892 11393 7916
f 9801 10218 7775
f 8678 11114 9373
f 8677 11113 9374
f 10067 10068 8386
f 8446 10068 10067
f 10069 10070 8388
f 8447 10070 10069
f 9828 11188 8154
f 9380 10860 7625
f 9936 10158 7892
f 10533 11055 7951
f 1241 11062 1240
f 983 11061 981
f 1175 11060 1173
f 9525 10481 8369
f 9679 10439 7727
f 8410 10439 9679
f 10107 10331 8405
f 8384 11128 9452
f 9372 10896 8765
f 7668 10887 10232
f 9947 10160 8221
f 9527 11094 1045
f 9825 10226 7928
f 8400 10226 9825
f 8056 10318 9926
f 9679 10684 8410
f 8632 10848 9389
f 9388 10847 8631
f 7641 11411 10514
f 10258 10690 8544
f 10084 10661 8567
f 9371 10930 8926
f 7859 10416 9632
f 7752 11283 9358
f 9357 11282 7751
f 9984 11332 9349
f 7715 11213 10010
f 9430 10726 7931
f 10390 10929 8453
f 1260 10551 1258
f 1194 10552 1192
f 966 10553 964
f 8916 11279 10095
f 8487 10442 10145
f 10413 11092 8606
f 9653 10672 8466
f 7945 10672 9653
f 10297 10480 8441
f 8613 10480 10297
f 10163 10164 8370
f 8516 10164 10163
f 9361 11397 7779
f 8729 11197 10146
f 7807 11093 9363
f 9367 11191 7837
f 8400 11252 11249
f 7849 11337 9365
f 10247 11252 8400
f 10007 11099 7950
f 10909 11182 8584
f 8412 11052 9431
f 8371 11201 9518
f 7790 10504 9544
f 9226 11297 9653
f 8393 10278 9787
f 1114 11312 10140
f 8908 11059 9927
f 9929 11058 8909
f 9787 10278 7865
f 8374 11087 9516
f 9428 11198 7792
f 9530 10637 8498
f 1220 10637 9530
f 8499 10638 9531
f 9531 10638 937
f 898 10639 9532
f 9532 10639 8497
f 9641 11226 8943
f 8944 11227 9642
f 9643 11228 8945
f 7732 10798 9894
f 9824 10246 8398
f 9825 10247 8400
f 8896 10965 10572
f 10572 10965 7637
f 8371 10168 10167
f 10167 10168 8521
f 8464 10266 10212
f 7788 11194 9490
f 10226 10443 8647
f 10417 10809 8764
f 8478 11191 9367
f 9516 10577 8374
f 9690 10743 8359
f 8524 11008 10016
f 9646 10678 8487
f 8413 10525 9626
f 9626 10525 7643
f 9768 11408 9009
f 8572 11408 9768
f 10037 10497 7787
f 7786 10496 10038
f 11117 11317 7812
f 9623 11209 7889
f 10078 11269 7873
f 9858 10568 7900
f 8992 10568 9858
f 9495 10710 7785
f 8127 10757 9982
f 8613 10297 9915
f 9915 10297 7674
f 8377 10263 9822
f 9839 10463 8457
f 8155 10463 9839
f 10097 10123 8483
f 9454 10725 7641
f 9379 11080 7810
f 920 10956 917
f 7958 11220 9980
f 8377 10622 10263
f 7859 11120 10169
f 8958 10936 10770
f 10770 10936 7982
f 9376 11333 7622
f 8279 10614 9749
f 9941 10570 7696
f 10705 11189 8428
f 10215 10899 8896
f 7694 10549 9547
f 8455 10241 10230
f 9423 10851 8477
f 10024 10504 7790
f 8420 10501 9676
f 9676 10501 7638
f 9892 11163 10484
f 7618 10123 10097
f 8710 10845 9427
f 8355 10729 9716
f 9715 10728 8354
f 9717 10730 8356
f 937 10638 936
f 1222 10637 1220
f 900 10639 898
f 7873 11269 10118
f 10255 11020 7948
f 7949 11019 10256
f 8508 11226 9641
f 9642 11227 8506
f 8507 11228 9643
f 9878 11317 8347
f 8399 11010 9505
f 9942 10213 8396
f 7837 10312 9796
f 9245 11380 9691
f 8358 10771 9456
f 9272 10802 10471
f 10450 10747 8529
f 9891 10280 8417
f 7764 10280 9891
f 9834 10815 8763
f 9572 11221 8976
f 8969 11300 9700
f 8970 11301 9702
f 7761 11086 9704
f 9389 11291 8632
f 8631 11292 9388
f 7784 10461 10036
f 9601 10529 8378
f 8505 10819 9906
f 7743 10628 9569
f 9392 11260 7684
f 9528 10994 7865
f 8117 11401 9396
f 1072 10262 9874
f 10153 10190 7892
f 8455 10190 10153
f 7913 10842 9814
f 8978 11231 9571
f 9426 11089 8623
f 9887 11022 8203
f 7769 10801 9455
f 9868 11024 8123
f 10488 11278 8558
f 8559 11277 10489
f 7867 11038 9409
f 8643 10928 10028
f 10028 10928 8147
f 9985 10864 8604
f 7829 10864 9985
f 7928 11109 10403
f 9560 10590 8321
f 10005 10410 8635
f 10003 10408 8636
f 8463 10410 10005
f 10004 10409 8462
f 8634 10409 10004
f 8461 10408 10003
f 10153 10241 8455
f 9400 11366 8762
f 1156 10695 1154
f 1004 10696 1001
f 10251 10940 8874
f 7804 11171 9447
f 7647 10561 9826
f 10417 10831 7690
f 8764 10831 10417
f 9667 10780 7686
f 9985 10424 7829
f 7863 10613 9997
f 8124 10450 9803
f 9803 10450 8529
f 9970 10787 8854
f 8558 11278 10964
f 10963 11277 8559
f 10230 10520 8544
f 10775 10960 7976
f 8957 10960 10775
f 1141 10714 1139
f 1017 10715 1015
f 8822 10801 10456
f 10456 10801 7769
f 8544 10516 10230
f 8651 10974 9429
f 8597 11350 9406
f 8423 10189 10188
f 10188 10189 8467
f 8032 11088 10679
f 9473 10777 8557
f 7847 10181 10063
f 1079 10992 1078
f 1035 10754 10186
f 9418 11101 8227
f 10249 10528 7862
f 8593 10528 10249
f 9143 11069 9843
f 7766 10330 9918
f 9918 10330 8429
f 1118 10694 9522
f 9492 10767 8223
f 10365 10699 8696
f 8193 10195 10055
f 8194 10196 10054
f 9857 11314 7880
f 8395 10585 9757
f 9718 11174 7814
f 9569 10628 8401
f 7900 10568 9745
f 9745 10568 8438
f 8674 11358 10600
f 8398 10493 9824
f 7639 10478 9822
f 8332 10890 9455
f 8394 10603 9880
f 10234 11122 8533
f 9431 11052 7960
f 8583 11064 11031
f 10391 10520 8488
f 8505 10790 9725
f 9725 10790 7902
f 8453 10929 10374
f 10282 11084 7724
f 8806 11084 10282
f 9854 11007 8202
f 10190 10266 8464
f 9878 10623 7812
f 8510 10623 9878
f 7789 10762 9545
f 9546 10763 7791
f 8372 11138 9573
f 9472 11067 8433
f 9424 11127 8071
f 8695 10947 9939
f 8417 11203 9423
f 7773 10335 9854
f 7966 11303 10540
f 9957 10910 8742
f 9835 10858 9194
f 9836 10857 9193
f 7846 11370 9481
f 9645 11398 8798
f 10441 10490 8451
f 10332 10414 8574
f 8427 10414 10332
f 8526 10320 10212
f 10212 10320 8464
f 9700 11300 8498
f 9702 11301 8497
f 10716 11405 8993
f 7696 10360 10320
f 10017 11044 8525
f 8367 10308 9910
f 9788 10411 8443
f 8413 11198 9428
f 7676 11391 10661
f 10661 11391 9067
f 10769 11230 8868
f 1085 11204 9433
f 7957 10769 9523
f 8158 11154 9436
f 7936 10669 9775
f 9775 10669 8482
f 10474 11180 7940
f 8440 10863 9580
f 9608 10657 8662
f 9844 10587 8401
f 7664 10937 9463
f 10027 11415 8795
f 7999 11415 10027
f 10052 10632 8039
f 10066 10876 7963
f 8342 10310 9939
f 8630 11142 11021
f 8385 10810 9888
f 1094 10901 1092
f 9916 10735 8551
f 7747 10735 9916
f 8598 11022 9887
f 7814 11174 9769
f 10532 11150 8612
f 9586 11124 8410
f 9901 11041 1150
f 1008 11040 9900
f 9691 11380 7862
f 9869 10419 8003
f 8426 10419 9869
f 7999 10505 10445
f 9485 10900 8226
f 10385 11001 7927
f 9926 10318 8534
f 7730 11200 9443
f 9728 10498 8182
f 1235 10868 1233
f 989 10870 988
f 1169 10869 1168
f 9440 11334 7984
f 913 10873 911
f 7935 10547 9689
f 10141 10620 8517
f 8705 10620 10141
f 8518 10619 10142
f 10142 10619 8706
f 7619 10479 9746
f 9451 11117 7812
f 9447 11171 8431
f 7836 11295 9442
f 9452 11128 7673
f 10212 10266 7884
f 8424 10418 10370
f 10370 10418 8578
f 8579 10419 10371
f 10371 10419 8426
f 8791 10945 10825
f 8376 10216 10158
f 10480 11314 8441
f 10187 10879 1121
f 10512 11108 8646
f 10513 11109 8647
f 9565 10757 8127
f 8668 11325 10607
f 8292 10462 9793
f 8533 11122 10814
f 10814 11122 9025
f 9746 10494 7619
f 8297 10425 9831
f 1108 10904 1106
f 9960 10323 8360
f 7683 11169 9456
f 9461 11281 8540
f 8112 10676 9625
f 7820 11131 9458
f 9722 10542 8204
f 7887 10793 10483
f 10483 10793 8760
f 9459 11132 7821
f 7815 10386 9887
f 8488 10520 9971
f 9971 10520 7699
f 10145 10442 7699
f 8003 11112 9869
f 9869 11112 8880
f 8727 10948 9785
f 7632 10429 9833
f 10022 11033 8671
f 8670 11032 10023
f 10145 10241 8443
f 10230 10241 7699
f 7835 10885 9519
f 7944 11057 10046
f 8556 10773 10615
f 10212 10884 8526
f 7716 11067 9472
f 8443 10241 10153
f 9474 11064 7626
f 9150 10763 10688
f 10688 10763 8381
f 10687 10762 9149
f 8379 10762 10687
f 9469 11099 8568
f 9936 10360 8458
f 9960 10389 7871
f 8434 10389 9960
f 10378 10838 8912
f 7797 10595 9802
f 9802 10595 8449
f 8316 10403 9894
f 8551 10818 9916
f 9916 10818 8130
f 10048 10689 8699
f 10854 11022 8598
f 10077 11032 8670
f 8120 11032 10077
f 10076 11033 8121
f 8671 11033 10076
f 9463 11222 8066
f 9459 11357 8972
f 8083 11130 9543
f 1263 10730 9717
f 1198 10728 9715
f 9716 10729 960
f 9131 10710 10640
f 10640 10710 8362
f 8386 10644 10067
f 10070 10645 8388
f 8347 11317 10170
f 9552 10839 8157
f 9840 11319 7821
f 10228 10939 8698
f 8226 10939 10228
f 9822 10478 8387
f 9617 10904 1108
f 8637 10904 9617
f 9824 11001 8397
f 9460 11322 8684
f 8618 10816 10131
f 10131 10816 7894
f 8665 11256 9466
f 10019 10845 8188
f 1202 11373 1199
f 958 11372 956
f 1267 11371 1265
f 8534 11121 10843
f 9865 10799 8438
f 9505 11010 7693
f 8101 10930 9611
f 10301 10603 8605
f 7687 10603 10301
f 8130 10818 9582
f 9813 10756 8849
f 8627 10756 9813
f 9812 10755 8850
f 8628 10755 9812
f 8569 11007 9854
f 9982 10757 8530
f 9825 11081 8399
f 8345 10506 10214
f 10843 11121 9010
f 7699 10241 10145
f 10646 10972 8825
f 9542 11013 8082
f 8551 10825 10818
f 9983 10569 7688
f 8504 10569 9983
f 9966 10528 8418
f 7683 10771 9792
f 10500 10980 7640
f 7844 10945 9815
f 9594 10835 8253
f 10033 10944 8561
f 8418 10827 10010
f 7900 11237 9858
f 9858 11237 8637
f 8612 11094 9527
f 8813 11074 9624
f 9624 11074 7883
f 9552 10950 7866
f 8475 10950 9552
f 9487 11196 7831
f 8747 11364 10019
f 10019 11364 7656
f 9991 10348 8143
f 9932 10769 8868
f 8017 10856 9921
f 9921 10856 8555
f 10014 10359 7826
f 9757 10585 7882
f 7667 10617 9879
f 8326 11018 9886
f 8809 10994 9528
f 7710 10658 9697
f 1087 11204 1085
f 9481 11370 8428
f 7698 10834 10030
f 10030 10834 8585
f 8646 10493 10225
f 9227 11101 10000
f 7709 10659 9699
f 9708 10647 7682
f 9902 10436 8429
f 7834 10436 9902
f 9501 11158 8249
f 10484 10890 8332
f 8784 10890 10484
f 10522 11084 8866
f 7724 11084 10522
f 10318 11121 8534
f 10649 10906 8664
f 8663 10907 10650
f 7670 10490 9827
f 7642 10477 9851
f 10279 10691 7693
f 8622 10691 10279
f 8718 11362 11055
f 9824 10493 7927
f 8174 10898 9570
f 1218 11177 1215
f 942 11176 940
f 5 11178 1282
f 9964 10455 8445
f 7891 10455 9964
f 9516 11087 8091
f 8414 10989 9908
f 10027 10505 7999
f 8402 10527 9806
f 8435 10359 10014
f 9541 10990 7649
f 8442 11009 9579
f 10676 11107 9625
f 8509 10397 10194
f 10194 10397 7642
f 8831 10942 9561
f 9805 11218 8088
f 7630 10908 9590
f 10421 10862 8726
f 8562 10862 10421
f 1054 11254 1052
f 8477 10980 9677
f 8455 10266 10190
f 7652 11184 9510
f 9566 11396 10095
f 9738 11138 8372
f 8082 11013 9612
f 9870 10577 7861
f 8081 11157 9581
f 10817 11104 8660
f 7696 10874 9941
f 9941 10874 8557
f 1115 11312 1114
f 9844 11075 8282
f 10591 10942 8831
f 7956 10942 10591
f 9168 11354 9837
f 9953 10545 8712
f 8128 10545 9953
f 8713 10544 9952
f 9952 10544 8129
f 7696 10570 10360
f 9903 10476 7684
f 8627 10491 10333
f 7932 10618 9771
f 8276 11123 10299
f 9518 11201 7651
f 8415 10340 10103
f 7620 10743 9690
f 7780 10331 10107
f 7972 10972 10646
f 9808 11287 8489
f 7621 11002 9571
f 7914 10921 10387
f 10387 10921 8853
f 8221 11004 9572
f 9586 11288 8255
f 8600 11345 10853
f 9719 10720 8051
f 8378 10780 9667
f 10258 10391 7930
f 8544 10391 10258
f 10219 11012 9196
f 9524 11172 7875
f 10808 11190 8653
f 7727 10920 9741
f 9741 10920 8513
f 8891 10919 10021
f 10021 10919 8133
f 8892 10917 10020
f 10020 10917 8131
f 10443 11263 8647
f 9776 10624 8189
f 9826 10561 8459
f 8439 10838 9768
f 8777 11180 9531
f 9530 11181 8776
f 9532 11179 8778
f 10540 11303 8852
f 7699 10442 9971
f 8754 10849 10492
f 10492 10849 8536
f 8157 10839 10011
f 10011 10839 8611
f 8579 10444 10419
f 10419 10444 8003
f 10445 10505 8577
f 9817 10580 1280
f 944 10582 9818
f 9819 10581 1214
f 9949 10837 8732
f 8248 11319 9840
f 8755 10853 10495
f 10495 10853 7644
f 7686 10780 9958
f 8188 11286 10019
f 7675 11003 10085
f 7850 11021 9592
f 9673 10805 7843
f 9536 11220 8700
f 8807 11189 10705
f 10059 10486 7722
f 8382 11041 9901
f 9900 11040 8383
f 9807 11401 9142
f 9612 11013 8447
f 8926 10930 10882
f 10882 10930 8101
f 8478 10823 9676
f 10525 10526 8724
f 8413 10526 10525
f 9812 10686 7615
f 8388 10645 10289
f 10288 10644 8386
f 9611 11031 8101
f 9978 11330 8987
f 7778 10587 9844
f 7644 11167 10495
f 10221 11327 8422
f 10041 10423 7720
f 8455 10516 10266
f 9731 10765 8923
f 8206 10889 10014
f 9540 11328 8336
f 9538 11403 8666
f 8680 11070 10384
f 8890 10982 9743
f 9718 10788 8158
f 8526 10884 10533
f 9630 10978 7714
f 10008 10940 7822
f 7831 10955 10265
f 8105 11376 9540
f 8605 10337 10301
f 7890 11124 9586
f 9683 11378 8054
f 8155 11170 9690
f 10325 11029 8675
f 8456 10800 9711
f 9581 11157 8454
f 8605 10745 10337
f 10369 10505 8425
f 8577 10505 10369
f 9844 10616 7778
f 7642 11047 10194
f 7881 10857 9836
f 7879 10858 9835
f 9894 10798 8316
f 8546 10621 10396
f 10232 10887 8587
f 9777 10711 7771
f 7957 11230 10769
f 10185 10833 7807
f 9869 10866 8426
f 7723 10433 10060
f 10102 11277 7990
f 8717 11277 10102
f 7838 11203 9829
f 8687 10570 9941
f 8192 10662 9816
f 8692 10993 10125
f 10625 10846 8599
f 10344 10778 8552
f 8553 10779 10345
f 10855 11036 8933
f 7947 11036 10855
f 10095 11279 8159
f 9018 11361 10514
f 9880 10603 7687
f 8895 11282 10255
f 10256 11283 8894
f 7862 10528 9966
f 10383 10428 8302
f 10237 11098 7753
f 10225 10493 8398
f 9768 10838 7877
f 9406 11350 10522
f 9992 10618 8737
f 9981 11375 8341
f 11236 11365 9038
f 8898 10841 9946
f 10015 10547 8767
f 9815 10945 8391
f 9873 10630 7996
f 8825 11395 11266
f 9729 11130 8083
f 9846 10665 8298
f 10516 10690 7884
f 7865 10994 9885
f 9813 11151 7617
f 7861 10567 9948
f 8658 10916 10518
f 915 11049 9644
f 8873 11294 10648
f 8089 11267 9620
f 8573 10781 10149
f 10149 10781 7763
f 10276 10668 8531
f 8725 10668 10276
f 8343 10659 10381
f 9862 10961 8091
f 8344 10658 10379
f 10300 11340 7689
f 9766 11012 7755
f 8523 11012 9766
f 7979 10460 10277
f 7931 11048 10948
f 10948 11048 8974
f 8425 10505 10027
f 10170 11317 8948
f 10067 10644 7638
f 7640 10645 10070
f 10301 10337 8411
f 9831 10727 8297
f 9868 10840 7934
f 10169 11120 9161
f 8734 10788 9993
f 9657 11056 8495
f 11139 11393 8822
f 8738 11293 10498
f 9843 11069 7930
f 10337 10745 7962
f 9698 10982 7969
f 8374 11342 9988
f 9930 10857 7881
f 9931 10858 7879
f 7970 10985 9764
f 10389 11164 8905
f 9886 11018 7700
f 10027 10865 8425
f 9921 11011 8017
f 8897 11011 9921
f 10180 10627 8218
f 8770 10627 10180
f 11211 11276 7763
f 9204 11276 11211
f 10346 10394 8679
f 9949 11164 8434
f 8091 10961 9893
f 9207 11268 9911
f 10726 11048 7931
f 10877 11358 7915
f 10339 10790 8839
f 7902 10981 9725
f 8814 11134 10436
f 7615 11396 9812
f 9812 11396 8628
f 9962 10629 8460
f 8220 10629 9962
f 10794 10921 8548
f 8853 10921 10794
f 8750 10711 9990
f 8556 11168 10773
f 9987 10606 7876
f 8835 10437 10377
f 10377 10437 7760
f 8411 10654 9951
f 7888 11306 9969
f 9969 11306 8648
f 7807 10833 9790
f 10246 11377 8398
f 8541 10905 9948
f 9948 10905 7861
f 8657 10923 10653
f 8656 10922 10652
f 8917 10789 9937
f 7690 11160 10417
f 9006 11150 10217
f 10362 10755 8628
f 8026 10755 10362
f 10721 11272 7926
f 10951 11146 8995
f 7969 11146 10951
f 10143 10814 8230
f 8959 11336 10336
f 8541 10913 10732
f 7818 10530 10129
f 9742 10985 8891
f 7821 11319 10245
f 8484 10996 10034
f 9689 11134 7935
f 9909 10718 8187
f 7954 11296 10777
f 9653 11297 8780
f 10007 11091 9027
f 9962 10751 7848
f 10738 11273 8576
f 10522 11350 7724
f 9977 10650 1133
f 1023 10649 9976
f 9704 11086 8368
f 8936 11068 10700
f 10334 10556 8490
f 8400 10443 10226
f 8278 10704 9933
f 10691 11261 8924
f 8622 11261 10691
f 956 11372 9650
f 9651 11373 1202
f 9652 11371 1267
f 8444 11141 10206
f 7875 10594 10163
f 10163 10594 8516
f 10363 10891 7893
f 10132 10506 8345
f 8476 10608 10049
f 7899 10915 10236
f 8403 10394 10346
f 8401 11075 9844
f 7812 10623 10018
f 8555 10937 9921
f 9852 10811 7690
f 8792 10827 10347
f 9767 10984 7840
f 7852 11063 9867
f 10238 11322 9460
f 10183 10991 9018
f 8087 10531 10127
f 9804 11399 8165
f 9908 11264 8414
f 10129 10530 8480
f 10118 10852 7873
f 10049 10608 8095
f 8487 10678 10323
f 7941 11181 10652
f 7942 11179 10653
f 9855 10842 8694
f 9780 10955 7831
f 10436 11217 8814
f 7834 11217 10436
f 10179 11055 8768
f 9706 11186 985
f 1171 11185 9705
f 1238 11187 9707
f 8446 11130 9729
f 9730 11123 8276
f 8368 11174 9718
f 10168 10631 8521
f 7878 10631 10168
f 8036 11015 10079
f 10079 11015 8590
f 8657 10653 10473
f 8655 10651 10474
f 8656 10652 10475
f 8441 11378 9683
f 10014 10889 8435
f 10085 11003 8566
f 10801 11393 8332
f 8576 10632 10052
f 8460 10751 9962
f 9888 10810 7795
f 10495 10672 8755
f 10435 10791 7636
f 10277 10460 8652
f 10811 11160 7690
f 7926 10622 10094
f 10380 11018 8326
f 7762 11315 11259
f 11259 11315 9205
f 10101 11387 9224
f 8760 10793 10044
f 8681 10428 10383
f 8529 11068 9803
f 9803 11068 7736
f 9244 11265 10161
f 7802 11110 9763
f 8511 11118 9876
f 8766 11225 10941
f 9701 11359 8968
f 9814 11162 7913
f 8550 11162 9814
f 8608 10519 10420
f 10420 10519 7973
f 7638 11308 10067
f 10070 11307 7640
f 8611 11365 11236
f 9830 10943 8650
f 8608 10589 10519
f 10519 10589 8522
f 8436 10903 9856
f 10182 10593 8493
f 9850 10915 7899
f 9374 11113 10020
f 9373 11114 10021
f 7862 11380 10249
f 9841 10973 8512
f 7967 10973 9841
f 8826 11280 11188
f 10512 10573 8601
f 7964 10573 10512
f 8491 10648 10223
f 7965 10578 10513
f 10513 10578 8602
f 10549 11264 9547
f 8599 11200 10625
f 7699 10520 10230
f 9927 11059 7857
f 7856 11058 9929
f 7936 11153 10669
f 10669 11153 8859
f 8383 11019 9900
f 9901 11020 8382
f 8343 10609 10154
f 10154 10609 8500
f 8344 10610 10155
f 10155 10610 8501
f 8387 10478 10376
f 10033 10768 7663
f 8203 11022 9807
f 8439 11066 9893
f 8558 10964 9848
f 9847 10963 8559
f 9050 11324 10608
f 10022 10980 8477
f 7927 11001 9824
f 8687 10852 10570
f 10347 10827 8418
f 8748 11305 10624
f 10266 10516 7884
f 7870 10593 10182
f 8440 10857 9930
f 8442 10858 9931
f 7849 10832 10563
f 10563 10832 8749
f 8825 11266 10646
f 7877 11367 9768
f 9768 11367 8572
f 9021 10760 10009
f 7728 10892 9906
f 9906 10892 8505
f 7741 11309 9742
f 9743 11310 7740
f 8467 11217 10188
f 8603 10867 10565
f 10013 10831 8486
f 8900 10666 10111
f 10392 11313 8753
f 8573 11240 10675
f 8624 11145 10398
f 10398 11145 8994
f 10400 11147 8996
f 8626 11147 10400
f 8995 11146 10399
f 10399 11146 8625
f 9091 10883 10671
f 9740 11352 7742
f 8689 10807 10592
f 10592 10807 8564
f 10066 10703 8402
f 7720 11379 10290
f 10333 10491 8436
f 9978 11370 7846
f 9739 11395 7668
f 9745 11374 8273
f 10570 10852 8458
f 10148 10744 7653
f 10090 10753 8493
f 9750 11347 8661
f 10110 10677 8503
f 8506 11227 10507
f 10509 11226 8508
f 10508 11228 8507
f 10376 10478 8703
f 8533 10814 10143
f 8495 10776 10274
f 8853 11208 11190
f 8517 10714 10141
f 10141 10714 1141
f 10142 10715 8518
f 1015 10715 10142
f 9144 10682 10187
f 8469 10681 10186
f 10187 10682 8468
f 10186 10681 9145
f 8561 10768 10033
f 8316 10798 10267
f 9170 11073 11072
f 11072 11073 8496
f 8641 10702 10524
f 8764 11116 10235
f 7928 11081 9825
f 9893 10961 8439
f 10113 11133 8190
f 8617 11133 10113
f 8498 11300 10475
f 8497 11301 10473
f 8361 10535 10534
f 10534 10535 9076
f 10536 10537 8363
f 9078 10537 10536
f 9077 10539 10538
f 10538 10539 8364
f 10175 11133 9202
f 10155 10670 8344
f 8485 10683 10137
f 9052 11237 10311
f 10200 10890 8784
f 8536 11218 9805
f 8858 11024 9868
f 9948 10913 8541
f 10154 10673 8343
f 8398 11377 11248
f 7891 11189 10368
f 8799 11046 9943
f 10010 10827 7715
f 7858 10938 9928
f 9791 11219 7628
f 7794 10753 10090
f 10372 10587 7778
f 8760 10587 10372
f 8172 11216 9792
f 10028 11352 8643
f 7742 11352 10028
f 9908 10989 7792
f 7690 10831 10013
f 8202 11007 9890
f 10773 11168 8798
f 8817 11097 9849
f 10248 10613 7863
f 8599 10846 10588
f 7930 11069 10137
f 9973 11023 8772
f 9829 11203 8417
f 10429 11376 8838
f 10416 10701 8527
f 8489 11287 10351
f 7867 10556 10334
f 8902 11020 9901
f 9900 11019 8903
f 8235 10843 10291
f 10291 10843 9010
f 8650 10598 10507
f 10508 10599 8651
f 10509 10597 8649
f 10263 10622 8661
f 8514 10723 10242
f 10264 11128 8384
f 8331 11188 9828
f 10223 10648 7869
f 8373 11082 10233
f 10440 11189 7891
f 8230 10814 10275
f 10275 10814 9025
f 7672 11045 10156
f 7672 11046 11045
f 10360 10570 8458
f 10186 10754 8469
f 8325 11305 10633
f 10428 11252 7796
f 8942 11015 10322
f 10583 10584 9084
f 8380 10584 10583
f 8670 10644 10288
f 10289 10645 8671
f 8688 11411 11034
f 9961 11014 8043
f 9841 11266 8283
f 7967 11322 10238
f 7893 10891 10031
f 7639 11251 10478
f 8006 11321 11175
f 11175 11321 9115
f 9992 10957 8259
f 10238 11368 8720
f 8224 11368 10238
f 8009 11343 10991
f 10991 11343 9018
f 8098 10846 10625
f 10260 10706 7882
f 8537 10706 10260
f 10121 10828 7910
f 10124 11072 8496
f 10094 10888 8924
f 9888 11143 8311
f 10752 11320 9065
f 7952 11320 10752
f 8459 10940 10008
f 8561 11267 10768
f 9930 11246 8566
f 7881 11246 9930
f 7879 11247 9931
f 9931 11247 8567
f 8532 10690 10258
f 8519 10828 10121
f 8402 10876 10066
f 8689 11163 9892
f 10523 10925 7907
f 8686 10925 10523
f 8434 11164 10389
f 8255 11357 10245
f 7639 11347 10515
f 7683 10847 10207
f 7695 10962 10015
f 10210 10848 7684
f 10653 10923 7942
f 10652 10922 7941
f 10396 10621 8545
f 8458 10852 10118
f 10379 10658 8918
f 8080 10674 10586
f 10586 10674 8618
f 10242 10723 7695
f 8650 10943 10598
f 10381 10659 8919
f 7640 10980 10022
f 10306 11064 8583
f 8468 10879 10187
f 10276 10992 1079
f 10492 11183 8754
f 10116 10878 7663
f 10864 11005 8829
f 7829 11005 10864
f 10573 10574 8601
f 8542 10574 10573
f 10578 10579 8602
f 8543 10579 10578
f 10323 10678 8360
f 9982 11381 7744
f 9933 11166 8751
f 10599 10974 8651
f 10025 11159 9308
f 7812 11317 9878
f 7996 11164 9949
f 10689 11051 8699
f 10287 11149 8515
f 10739 11039 8756
f 8534 10843 10193
f 11188 11417 8826
f 7637 11410 10572
f 9045 11332 9984
f 10120 11089 9426
f 9005 11165 10856
f 8852 11303 9905
f 9889 11323 1049
f 10193 10843 8235
f 10395 10708 8660
f 8228 11183 9958
f 8428 11189 10440
f 9938 11234 7735
f 8508 10597 10509
f 10507 10598 8506
f 8507 10599 10508
f 8448 10699 10365
f 10263 11347 7639
f 7822 10940 10251
f 7938 10943 10284
f 10274 10776 7906
f 9903 11351 8173
f 8679 11091 10007
f 9897 11362 8263
f 10834 11016 8585
f 8817 11016 10834
f 8332 11393 9892
f 10528 10966 8418
f 8766 10941 10126
f 8072 10708 10395
f 7640 11307 10500
f 10501 11308 7638
f 10271 11063 7852
f 10267 10798 8743
f 9941 11296 8687
f 10261 11346 8733
f 7896 11346 10261
f 7635 11263 10443
f 7859 10701 10416
f 10474 10651 8499
f 10475 10652 8498
f 10473 10653 8497
f 10852 11085 7873
f 10051 11042 9022
f 9024 11043 10050
f 8016 10929 10390
f 8528 11137 10324
f 8585 11016 10221
f 10221 11016 7933
f 10020 11113 7742
f 10021 11114 7741
f 7888 10968 10139
f 7886 11335 10074
f 10074 11335 8617
f 7688 11215 9983
f 8321 11104 10031
f 10832 10871 8749
f 8554 10871 10832
f 10434 11293 8738
f 8322 11293 10434
f 7795 11029 10089
f 8549 11239 10315
f 10126 10993 7922
f 8753 11313 11050
f 8822 11393 10801
f 9945 11353 8006
f 8538 10998 10268
f 10269 10999 8539
f 8540 11000 10270
f 7894 10816 10657
f 10657 10816 8662
f 10225 11262 8646
f 7633 11262 10225
f 7884 10884 10212
f 7748 11406 9932
f 7877 10838 10378
f 10406 10974 7939
f 8734 11159 10025
f 10304 11058 7856
f 7857 11059 10305
f 10256 11019 8383
f 8382 11020 10255
f 8466 10672 10495
f 7902 10790 10339
f 8310 10899 10215
f 8323 11304 10447
f 10447 11304 8746
f 10090 11070 7794
f 8159 11279 9988
f 9043 11353 10058
f 9281 11269 10078
f 8575 11409 10053
f 10010 11213 8352
f 8681 11252 10428
f 9961 11389 8614
f 10598 10943 7938
f 8746 11304 10718
f 10478 11251 8703
f 8773 11330 9978
f 8829 11005 10944
f 10944 11005 8561
f 1092 10901 10315
f 10130 11046 7672
f 10112 11339 8616
f 8191 11339 10112
f 10674 10816 8618
f 8662 10816 10674
f 10708 10817 8660
f 10099 11100 7657
f 10524 10702 8530
f 7895 11051 10689
f 8591 10912 10407
f 10407 10912 7901
f 8552 10783 10782
f 10782 10783 8701
f 10784 10785 8700
f 8553 10785 10784
f 10823 11327 7933
f 7662 11089 10120
f 8530 11381 9982
f 7939 10974 10599
f 8065 11417 9972
f 10156 11045 8490
f 11045 11046 8799
f 8863 11092 10977
f 10977 11092 7660
f 10019 11286 8747
f 9113 11274 10101
f 10137 11069 8485
f 8661 11347 10263
f 11190 11208 8653
f 10633 11305 8748
f 8629 10817 10708
f 10161 11265 8859
f 8470 10809 10417
f 8502 10791 10435
f 10713 10804 8731
f 7794 11377 10246
f 8165 11399 10317
f 10223 11152 9058
f 7626 11064 10306
f 8718 11055 10179
f 10803 11160 8824
f 8470 11160 10803
f 10134 11118 8511
f 10072 11414 7885
f 8616 11414 10072
f 10315 10901 8549
f 8255 11288 10239
f 8928 10946 10273
f 10194 11047 8431
f 10841 11360 8723
f 8898 11360 10841
f 10108 11170 8988
f 7755 11012 10219
f 10949 10950 8475
f 9251 10950 10949
f 7987 11359 10651
f 8414 11264 10549
f 7872 11006 10235
f 8784 10824 10732
f 10471 10802 7634
f 10500 11307 9100
f 9101 11308 10501
f 10524 10984 8641
f 7840 10984 10524
f 9029 11334 10530
f 8710 11148 10375
f 8531 10992 10276
f 10098 11255 8535
f 10851 11203 7838
f 7875 10808 10594
f 10268 10998 1244
f 979 10999 10269
f 10270 11000 1178
f 10451 11168 8556
f 10733 10734 8876
f 8484 10734 10733
f 10179 11125 7636
f 8190 11133 10175
f 10067 11308 8446
f 8447 11307 10070
f 10207 11169 7683
f 8785 11169 10207
f 10101 11274 8085
f 8829 11136 10864
f 10170 11156 8347
f 7925 11023 10267
f 7944 11287 11057
f 10374 10929 8711
f 10118 11269 8376
f 8512 10973 10341
f 10093 11339 8191
f 10149 11240 8573
f 7763 11276 10149
f 10149 11276 8586
f 8593 10966 10528
f 10206 11141 1059
f 10542 10979 8509
f 7863 11348 10229
f 10839 11365 8611
f 8528 11063 10271
f 8453 10969 10390
f 10322 11015 8036
f 10264 11289 8032
f 10594 10808 8653
f 10095 11396 7615
f 10235 11116 8757
f 8641 11299 10702
f 8085 11387 10101
f 10139 11306 7888
f 10188 11217 7834
f 10217 11150 7890
f 7974 11065 10518
f 10518 11065 8658
f 8127 11408 10667
f 8510 10899 10623
f 8538 11058 10304
f 10305 11059 8539
f 10794 11208 8853
f 10177 11315 7762
f 8596 11315 10177
f 10388 11085 9037
f 7873 11085 10388
f 10628 11075 8401
f 8576 11273 10177
f 7883 11182 10257
f 10588 10846 8600
f 10747 10805 8763
f 7843 10805 10747
f 8242 11090 10373
f 10373 11090 9043
f 8273 11374 10338
f 10338 11374 8860
f 7883 11074 10313
f 7684 11260 10210
f 8735 11219 10422
f 8982 11018 10380
f 10713 11239 8549
f 10565 10867 8590
f 10812 11037 8682
f 8750 11037 10812
f 7747 11398 10128
f 10533 10884 8768
f 10596 11047 8741
f 8431 11047 10596
f 7779 11397 10302
f 10210 11260 8812
f 8549 10804 10713
f 7698 11149 10287
f 10349 11344 7711
f 8667 11344 10349
f 10518 10916 8560
f 10313 11182 7883
f 8098 11345 10846
f 10435 11115 8502
f 10472 11245 7901
f 8791 10825 10797
f 8687 11085 10852
f 9019 11251 10515
f 10472 11167 8658
f 8466 11167 10472
f 11249 11252 8681
f 10732 10824 8541
f 7796 11252 10247
f 10324 11137 921
f 10271 11214 8528
f 8406 11166 10563
f 8658 11245 10472
f 10806 11236 9038
f 10239 11288 8834
f 8001 11390 10418
f 8584 11182 10313
f 7933 11327 10221
f 10671 10883 8452
f 7931 10948 10902
f 10902 10948 8727
f 10463 11038 9119
f 10797 10825 8551
f 8486 11006 10662
f 7978 11383 11273
f 8550 11144 10962
f 11240 11326 7975
f 10311 11237 7900
f 10229 11348 8560
f 10245 11319 9129
f 8588 11302 10454
f 10315 11239 8991
f 10937 11222 9463
f 8555 11222 10937
f 8929 11102 10746
f 10304 11270 8538
f 8539 11271 10305
f 9115 11321 10663
f 10663 11321 8690
f 8048 11076 10837
f 10837 11076 8732
f 10222 11400 8373
f 8594 11337 10704
f 7962 11369 10337
f 10368 11189 8807
f 10249 11380 8454
f 10417 11160 8470
f 7889 11209 10367
f 10643 11094 8612
f 8825 10972 10887
f 8445 11107 10676
f 10788 11154 8158
f 8734 11154 10788
f 10484 11163 7955
f 8437 11340 10300
f 8637 11140 10904
f 10290 11379 8474
f 10893 10894 8481
f 9254 10894 10893
f 8660 11104 10590
f 10590 11104 8321
f 7963 11239 10713
f 10351 11287 7944
f 8699 10939 10900
f 10900 10939 8226
f 8601 11108 10512
f 8602 11109 10513
f 10302 11397 8584
f 11244 11355 8951
f 7943 11168 10451
f 10559 11089 7662
f 10786 11311 9014
f 8623 11089 10559
f 10349 11329 8667
f 8897 11418 11011
f 11011 11418 8775
f 8878 11402 10761
f 8661 11272 10420
f 8004 11355 11244
f 8664 11229 11106
f 11105 11230 8663
f 11106 11229 8867
f 8868 11230 11105
f 11039 11303 7966
f 10716 11250 9013
f 10543 11204 1087
f 10317 11399 8808
f 7637 11313 10392
f 10997 11044 9279
f 8525 11044 10997
f 8699 11051 10939
f 10495 11167 8466
f 8688 11034 10933
f 10933 11034 8730
f 7985 11329 11077
f 8990 11075 10628
f 7985 11232 10600
f 10600 11232 8674
f 8569 11295 11007
f 8008 11302 10739
f 9225 11413 10427
f 1044 11094 10643
f 8588 11039 10739
f 10700 11068 8529
f 7993 11226 10509
f 10507 11227 7991
f 7992 11228 10508
f 10392 11410 7637
f 10454 11302 9102
f 10739 11302 8588
f 10887 10972 8587
f 7636 11125 10683
f 10418 11390 8578
f 10489 11277 8717
f 8716 11278 10488
f 10810 11029 7795
f 8675 11029 10810
f 10515 11251 7639
f 10475 11300 7988
f 10473 11301 7986
f 8824 11160 10811
f 10887 11395 8825
f 7668 11395 10887
f 10677 11115 7997
f 8682 11037 10840
f 10840 11037 7934
f 9255 11008 10958
f 10958 11008 8524
f 7880 11314 10480
f 10671 11148 8015
f 10427 11413 7981
f 10746 11102 8058
f 11070 11377 7794
f 10964 11278 7989
f 7990 11277 10963
f 7926 11272 10622
f 10702 11299 8011
f 10622 11272 8661
f 10828 11366 7910
f 10514 11361 7641
f 10784 11220 7958
f 8700 11220 10784
f 10514 11411 8432
f 8762 11366 10828
f 10939 11051 8698
f 10600 11329 7985
f 8667 11329 10600
f 11065 11245 8658
f 10607 11325 8666
f 11111 11415 8879
f 8795 11415 11111
f 8796 11416 11112
f 11112 11416 8880
f 8075 11250 10716
f 8432 11411 10566
f 10600 11358 8667
f 10864 11136 8604
f 10741 11412 9081
f 7935 11412 10741
f 10566 11411 8688
f 8797 11289 10712
f 10856 11165 8555
f 7710 11208 10794
f 10904 11140 1106
f 10654 11369 8878
f 11275 11276 9204
f 8586 11276 11275
f 8134 11236 10806
f 9423 11203 10851
f 10952 11262 7633
f 9133 11262 10952
f 9132 11263 10953
f 10953 11263 7635
f 11248 11377 8680
f 10667 11408 8572
f 8074 11311 10786
f 11232 11418 8897
f 7985 11418 11232
f 10990 11404 7649
f 8813 11404 10990
f 11315 11316 9205
f 8596 11316 11315
f 8897 11233 11232
f 11232 11233 8674
f 10737 11409 8575
f 8032 11289 11088
f 11088 11289 8797
f 10761 11402 8071
f 10846 11345 8600
f 8723 11387 10841
f 10841 11387 8085
f 8872 11245 11065
f 11050 11313 8906
f 11097 11388 8078
f 8817 11388 11097
f 9140 11392 11285
f 11224 11244 8951
f 8669 11244 11224
f 8680 11377 11070
f 8814 11412 11134
f 11134 11412 7935
f 11285 11392 8642
f 11646 1283 1
f 8 11646 1
f 11645 447 1
f 1283 11645 1
f 11421 12091 11422
f 11422 12091 12089
f 12091 11 12089
f 11 12091 10
f 11648 889 11644
f 11648 1286 3
f 1286 11648 11644
f 889 11648 3
f 449 11647 11643
f 1286 11647 3
f 11647 1286 11643
f 11647 449 3
f 11422 12089 11423
f 11646 1284 1283
f 1284 11646 11642
f 11645 1284 11641
f 11423 12089 12088
f 1284 11645 1283
f 12089 13 12088
f 11644 1285 1286
f 1285 11644 11640
f 13 12089 11
f 1285 11643 1286
f 11643 1285 11420
f 11423 12088 11424
f 11642 1285 1284
f 1285 11642 11420
f 11641 1285 11640
f 12087 11424 12088
f 1285 11641 1284
f 15 12087 12088
f 15 12088 13
f 11424 12087 11425
f 11425 12087 12086
f 12087 17 12086
f 17 12087 15
f 11425 12086 11426
f 11426 12086 12085
f 12086 19 12085
f 19 12086 17
f 11426 12085 11427
f 12084 11427 12085
f 22 12084 12085
f 22 12085 19
f 11427 12084 11428
f 11428 12084 12083
f 12084 24 12083
f 24 12084 22
f 11428 12083 11429
f 11429 12083 12082
f 12083 26 12082
f 26 12083 24
f 11429 12082 11430
f 11430 12082 12081
f 12082 28 12081
f 28 12082 26
f 11430 12081 11431
f 12080 11431 12081
f 30 12080 12081
f 30 12081 28
f 11431 12080 11432
f 11432 12080 12079
f 12080 32 12079
f 32 12080 30
f 11432 12079 11433
f 11433 12079 12078
f 12079 34 12078
f 34 12079 32
f 11433 12078 11434
f 11434 12078 12077
f 12078 35 12077
f 35 12078 34
f 11434 12077 11435
f 11435 12077 12076
f 12077 37 12076
f 37 12077 35
f 11435 12076 11436
f 11436 12076 12075
f 12076 40 12075
f 40 12076 37
f 11436 12075 11437
f 11437 12075 12074
f 12075 41 12074
f 41 12075 40
f 11437 12074 11438
f 12073 11438 12074
f 43 12073 12074
f 43 12074 41
f 11438 12073 11439
f 11439 12073 12072
f 12073 45 12072
f 45 12073 43
f 11439 12072 11440
f 11440 12072 12071
f 12072 48 12071
f 48 12072 45
f 11440 12071 11441
f 11441 12071 12070
f 12071 49 12070
f 49 12071 48
f 11441 12070 11442
f 11442 12070 12069
f 12070 51 12069
f 51 12070 49
f 11442 12069 11443
f 11443 12069 12068
f 12069 53 12068
f 53 12069 51
f 11443 12068 11444
f 12067 11444 12068
f 55 12067 12068
f 55 12068 53
f 11444 12067 11445
f 11445 12067 12066
f 12067 57 12066
f 57 12067 55
f 11445 12066 11446
f 11446 12066 12065
f 12066 60 12065
f 60 12066 57
f 11446 12065 11447
f 11447 12065 12064
f 12065 61 12064
f 61 12065 60
f 11447 12064 11448
f 11448 12064 12063
f 12064 64 12063
f 64 12064 61
f 11448 12063 11449
f 11449 12063 12062
f 12063 66 12062
f 66 12063 64
f 11449 12062 11450
f 11450 12062 12061
f 12062 68 12061
f 68 12062 66
f 11450 12061 11451
f 11451 12061 12060
f 12061 70 12060
f 70 12061 68
f 11451 12060 11452
f 11452 12060 12059
f 12060 72 12059
f 72 12060 70
f 11452 12059 11453
f 11453 12059 12058
f 12059 74 12058
f 74 12059 72
f 11453 12058 11454
f 11454 12058 12057
f 12058 75 12057
f 75 12058 74
f 11454 12057 11455
f 11455 12057 12056
f 12057 77 12056
f 77 12057 75
f 11455 12056 11456
f 11456 12056 12055
f 12056 80 12055
f 80 12056 77
f 11456 12055 11457
f 12054 11457 12055
f 82 12054 12055
f 82 12055 80
f 11457 12054 11458
f 11458 12054 12053
f 12054 83 12053
f 83 12054 82
f 11458 12053 11459
f 11459 12053 12052
f 12053 85 12052
f 85 12053 83
f 11459 12052 11460
f 11460 12052 12051
f 12052 87 12051
f 87 12052 85
f 11460 12051 11461
f 11461 12051 12050
f 12051 89 12050
f 89 12051 87
f 11461 12050 11462
f 12049 11462 12050
f 92 12049 12050
f 92 12050 89
f 11462 12049 11463
f 11463 12049 12048
f 12049 94 12048
f 94 12049 92
f 11463 12048 11464
f 11464 12048 12047
f 12048 95 12047
f 95 12048 94
f 11464 12047 11465
f 11465 12047 12046
f 12047 98 12046
f 98 12047 95
f 11465 12046 11466
f 11466 12046 12045
f 12046 99 12045
f 99 12046 98
f 11466 12045 11467
f 11467 12045 12044
f 12045 101 12044
f 101 12045 99
f 11467 12044 11468
f 11468 12044 12043
f 12044 104 12043
f 104 12044 101
f 11468 12043 11469
f 11469 12043 12042
f 12043 106 12042
f 106 12043 104
f 11469 12042 11470
f 12041 11470 12042
f 108 12041 12042
f 108 12042 106
f 11470 12041 11471
f 11471 12041 12040
f 12041 109 12040
f 109 12041 108
f 11471 12040 11472
f 11472 12040 12039
f 12040 112 12039
f 112 12040 109
f 11472 12039 11473
f 11473 12039 12038
f 12039 113 12038
f 113 12039 112
f 11473 12038 11474
f 11474 12038 12037
f 12038 115 12037
f 115 12038 113
f 11474 12037 11475
f 11475 12037 12036
f 12037 118 12036
f 118 12037 115
f 11475 12036 11476
f 11476 12036 12035
f 12036 119 12035
f 119 12036 118
f 11476 12035 11477
f 11477 12035 12034
f 12035 121 12034
f 121 12035 119
f 11477 12034 11478
f 11478 12034 12033
f 12034 124 12033
f 124 12034 121
f 11478 12033 11479
f 11479 12033 12032
f 12033 126 12032
f 126 12033 124
f 11479 12032 11480
f 12031 11480 12032
f 127 12031 12032
f 127 12032 126
f 11480 12031 11481
f 11481 12031 12030
f 12031 129 12030
f 129 12031 127
f 11481 12030 11482
f 11482 12030 12029
f 12030 131 12029
f 131 12030 129
f 11482 12029 11483
f 11483 12029 12028
f 12029 133 12028
f 133 12029 131
f 11483 12028 11484
f 11484 12028 12027
f 12028 136 12027
f 136 12028 133
f 11484 12027 11485
f 11485 12027 12026
f 12027 138 12026
f 138 12027 136
f 11485 12026 11486
f 11486 12026 12025
f 12026 140 12025
f 140 12026 138
f 11486 12025 11487
f 11487 12025 12024
f 12025 142 12024
f 142 12025 140
f 11487 12024 11488
f 11488 12024 12023
f 12024 143 12023
f 143 12024 142
f 11488 12023 11489
f 11489 12023 12022
f 12023 146 12022
f 146 12023 143
f 11489 12022 11490
f 11490 12022 12021
f 12022 147 12021
f 147 12022 146
f 11490 12021 11491
f 12020 11491 12021
f 150 12020 12021
f 150 12021 147
f 11491 12020 11492
f 11492 12020 12019
f 12020 152 12019
f 152 12020 150
f 11492 12019 11493
f 12018 11493 12019
f 154 12018 12019
f 154 12019 152
f 11493 12018 11494
f 11494 12018 12017
f 12018 155 12017
f 155 12018 154
f 11494 12017 11495
f 11495 12017 12016
f 12017 157 12016
f 157 12017 155
f 11495 12016 11496
f 11496 12016 12015
f 12016 160 12015
f 160 12016 157
f 11496 12015 11497
f 11497 12015 12014
f 12015 161 12014
f 161 12015 160
f 11497 12014 11498
f 12013 11498 12014
f 163 12013 12014
f 163 12014 161
f 11498 12013 11499
f 11499 12013 12012
f 12013 165 12012
f 165 12013 163
f 11499 12012 11500
f 11500 12012 12011
f 12012 168 12011
f 168 12012 165
f 11500 12011 11501
f 11501 12011 12010
f 12011 170 12010
f 170 12011 168
f 11501 12010 11502
f 11502 12010 12009
f 12010 172 12009
f 172 12010 170
f 11502 12009 11503
f 11503 12009 12008
f 12009 174 12008
f 174 12009 172
f 11503 12008 11504
f 11504 12008 12007
f 12008 176 12007
f 176 12008 174
f 11504 12007 11505
f 11505 12007 12006
f 12007 177 12006
f 177 12007 176
f 11505 12006 11506
f 12005 11506 12006
f 179 12005 12006
f 179 12006 177
f 11506 12005 11507
f 11507 12005 12004
f 12005 181 12004
f 181 12005 179
f 11507 12004 11508
f 11508 12004 12003
f 12004 183 12003
f 183 12004 181
f 11508 12003 11509
f 11509 12003 12002
f 12003 185 12002
f 185 12003 183
f 11509 12002 11510
f 11510 12002 12001
f 12002 187 12001
f 187 12002 185
f 11510 12001 11511
f 11511 12001 12000
f 12001 189 12000
f 189 12001 187
f 11511 12000 11512
f 11512 12000 11999
f 12000 192 11999
f 192 12000 189
f 11512 11999 11513
f 11513 11999 11998
f 11999 194 11998
f 194 11999 192
f 11513 11998 11514
f 11997 11514 11998
f 195 11997 11998
f 195 11998 194
f 11514 11997 11515
f 11515 11997 11996
f 11997 197 11996
f 197 11997 195
f 11515 11996 11516
f 11516 11996 11995
f 11996 199 11995
f 199 11996 197
f 11516 11995 11517
f 11517 11995 11994
f 11995 202 11994
f 202 11995 199
f 11517 11994 11518
f 11518 11994 11993
f 11994 204 11993
f 204 11994 202
f 11518 11993 11519
f 11992 11519 11993
f 206 11992 11993
f 206 11993 204
f 11519 11992 11520
f 11520 11992 11991
f 11992 207 11991
f 207 11992 206
f 11520 11991 11521
f 11521 11991 11990
f 11991 209 11990
f 209 11991 207
f 11521 11990 11522
f 11522 11990 11989
f 11990 212 11989
f 212 11990 209
f 11522 11989 11523
f 11523 11989 11988
f 11989 213 11988
f 213 11989 212
f 11523 11988 11524
f 11524 11988 11987
f 11988 215 11987
f 215 11988 213
f 11524 11987 11525
f 11986 11525 11987
f 218 11986 11987
f 218 11987 215
f 11525 11986 11526
f 11526 11986 11985
f 11986 219 11985
f 219 11986 218
f 11526 11985 11527
f 11527 11985 11984
f 11985 222 11984
f 222 11985 219
f 11527 11984 11528
f 11528 11984 11983
f 11984 223 11983
f 223 11984 222
f 11528 11983 11529
f 11529 11983 11982
f 11983 226 11982
f 226 11983 223
f 11529 11982 11530
f 11530 11982 11981
f 11982 228 11981
f 228 11982 226
f 11530 11981 11531
f 11980 11531 11981
f 229 11980 11981
f 229 11981 228
f 11531 11980 11532
f 11532 11980 11979
f 11980 232 11979
f 232 11980 229
f 11532 11979 11533
f 11533 11979 11978
f 11979 233 11978
f 233 11979 232
f 11533 11978 11534
f 11534 11978 11977
f 11978 236 11977
f 236 11978 233
f 11534 11977 11535
f 11535 11977 11976
f 11977 237 11976
f 237 11977 236
f 11535 11976 11536
f 11536 11976 11975
f 11976 239 11975
f 239 11976 237
f 11536 11975 11537
f 11537 11975 11974
f 11975 241 11974
f 241 11975 239
f 11537 11974 11538
f 11538 11974 11973
f 11974 243 11973
f 243 11974 241
f 11538 11973 11539
f 11972 11539 11973
f 246 11972 11973
f 246 11973 243
f 11539 11972 11540
f 11540 11972 11971
f 11972 248 11971
f 248 11972 246
f 11540 11971 11541
f 11541 11971 11970
f 11971 250 11970
f 250 11971 248
f 11541 11970 11542
f 11542 11970 11969
f 11970 252 11969
f 252 11970 250
f 11542 11969 11543
f 11968 11543 11969
f 254 11968 11969
f 254 11969 252
f 11543 11968 11544
f 11544 11968 11967
f 11968 256 11967
f 256 11968 254
f 11544 11967 11545
f 11545 11967 11966
f 11967 257 11966
f 257 11967 256
f 11545 11966 11546
f 11546 11966 11965
f 11966 260 11965
f 260 11966 257
f 11546 11965 11547
f 11547 11965 11964
f 11965 262 11964
f 262 11965 260
f 11547 11964 11548
f 11548 11964 11963
f 11964 263 11963
f 263 11964 262
f 11548 11963 11549
f 11549 11963 11962
f 11963 265 11962
f 265 11963 263
f 11549 11962 11550
f 11550 11962 11961
f 11962 268 11961
f 268 11962 265
f 11550 11961 11551
f 11960 11551 11961
f 270 11960 11961
f 270 11961 268
f 11551 11960 11552
f 11552 11960 11959
f 11960 272 11959
f 272 11960 270
f 11552 11959 11553
f 11553 11959 11958
f 11959 273 11958
f 273 11959 272
f 11553 11958 11554
f 11554 11958 11957
f 11958 276 11957
f 276 11958 273
f 11554 11957 11555
f 11555 11957 11956
f 11957 278 11956
f 278 11957 276
f 11555 11956 11556
f 11955 11556 11956
f 280 11955 11956
f 280 11956 278
f 11556 11955 11557
f 11557 11955 11954
f 11955 282 11954
f 282 11955 280
f 11557 11954 11558
f 11558 11954 11953
f 11954 283 11953
f 283 11954 282
f 11558 11953 11559
f 11559 11953 11952
f 11953 286 11952
f 286 11953 283
f 11559 11952 11560
f 11560 11952 11951
f 11952 287 11951
f 287 11952 286
f 11560 11951 11561
f 11561 11951 11950
f 11951 289 11950
f 289 11951 287
f 11561 11950 11562
f 11949 11562 11950
f 291 11949 11950
f 291 11950 289
f 11562 11949 11563
f 11563 11949 11948
f 11949 293 11948
f 293 11949 291
f 11563 11948 11564
f 11564 11948 11947
f 11948 296 11947
f 296 11948 293
f 11564 11947 11565
f 11946 11565 11947
f 298 11946 11947
f 298 11947 296
f 11565 11946 11566
f 11566 11946 11945
f 11946 300 11945
f 300 11946 298
f 11566 11945 11567
f 11567 11945 11944
f 11945 302 11944
f 302 11945 300
f 11567 11944 11568
f 11568 11944 11943
f 11944 304 11943
f 304 11944 302
f 11568 11943 11569
f 11569 11943 11942
f 11943 305 11942
f 305 11943 304
f 11569 11942 11570
f 11570 11942 11941
f 11942 308 11941
f 308 11942 305
f 11570 11941 11571
f 11571 11941 11940
f 11941 310 11940
f 310 11941 308
f 11571 11940 11572
f 11939 11572 11940
f 312 11939 11940
f 312 11940 310
f 11572 11939 11573
f 11573 11939 11938
f 11939 314 11938
f 314 11939 312
f 11573 11938 11574
f 11937 11574 11938
f 315 11937 11938
f 315 11938 314
f 11574 11937 11575
f 11575 11937 11936
f 11937 317 11936
f 317 11937 315
f 11575 11936 11576
f 11576 11936 11935
f 11936 319 11935
f 319 11936 317
f 11576 11935 11577
f 11577 11935 11934
f 11935 321 11934
f 321 11935 319
f 11577 11934 11578
f 11578 11934 11933
f 11934 323 11933
f 323 11934 321
f 11578 11933 11579
f 11579 11933 11932
f 11933 325 11932
f 325 11933 323
f 11579 11932 11580
f 11580 11932 11931
f 11932 327 11931
f 327 11932 325
f 11580 11931 11581
f 11930 11581 11931
f 329 11930 11931
f 329 11931 327
f 11581 11930 11582
f 11582 11930 11929
f 11930 331 11929
f 331 11930 329
f 11582 11929 11583
f 11583 11929 11928
f 11929 334 11928
f 334 11929 331
f 11583 11928 11584
f 11584 11928 11927
f 11928 335 11927
f 335 11928 334
f 11584 11927 11585
f 11585 11927 11926
f 11927 338 11926
f 338 11927 335
f 11585 11926 11586
f 11586 11926 11925
f 11926 340 11925
f 340 11926 338
f 11586 11925 11587
f 11587 11925 11924
f 11925 341 11924
f 341 11925 340
f 11587 11924 11588
f 11588 11924 11923
f 11924 343 11923
f 343 11924 341
f 11588 11923 11589
f 11922 11589 11923
f 345 11922 11923
f 345 11923 343
f 11589 11922 11590
f 11590 11922 11921
f 11922 347 11921
f 347 11922 345
f 11590 11921 11591
f 11920 11591 11921
f 349 11920 11921
f 349 11921 347
f 11591 11920 11592
f 11592 11920 11919
f 11920 352 11919
f 352 11920 349
f 11592 11919 11593
f 11593 11919 11918
f 11919 354 11918
f 354 11919 352
f 11593 11918 11594
f 11594 11918 11917
f 11918 355 11917
f 355 11918 354
f 11594 11917 11595
f 11595 11917 11916
f 11917 358 11916
f 358 11917 355
f 11595 11916 11596
f 11915 11596 11916
f 360 11915 11916
f 360 11916 358
f 11596 11915 11597
f 11597 11915 11914
f 11915 361 11914
f 361 11915 360
f 11597 11914 11598
f 11598 11914 11913
f 11914 363 11913
f 363 11914 361
f 11598 11913 11599
f 11599 11913 11912
f 11913 365 11912
f 365 11913 363
f 11599 11912 11600
f 11600 11912 11911
f 11912 368 11911
f 368 11912 365
f 11600 11911 11601
f 11601 11911 11910
f 11911 370 11910
f 370 11911 368
f 11601 11910 11602
f 11602 11910 11909
f 11910 372 11909
f 372 11910 370
f 11602 11909 11603
f 11603 11909 11908
f 11909 373 11908
f 373 11909 372
f 11603 11908 11604
f 11907 11604 11908
f 375 11907 11908
f 375 11908 373
f 11604 11907 11605
f 11605 11907 11906
f 11907 377 11906
f 377 11907 375
f 11605 11906 11606
f 11606 11906 11905
f 11906 379 11905
f 379 11906 377
f 11606 11905 11607
f 11607 11905 11904
f 11905 381 11904
f 381 11905 379
f 11607 11904 11608
f 11608 11904 11903
f 11904 384 11903
f 384 11904 381
f 11608 11903 11609
f 11609 11903 11902
f 11903 386 11902
f 386 11903 384
f 11609 11902 11610
f 11610 11902 11901
f 11902 388 11901
f 388 11902 386
f 11610 11901 11611
f 11611 11901 11900
f 11901 390 11900
f 390 11901 388
f 11611 11900 11612
f 11899 11612 11900
f 392 11899 11900
f 392 11900 390
f 11612 11899 11613
f 11613 11899 11898
f 11899 394 11898
f 394 11899 392
f 11613 11898 11614
f 11614 11898 11897
f 11898 396 11897
f 396 11898 394
f 11614 11897 11615
f 11615 11897 11896
f 11897 398 11896
f 398 11897 396
f 11615 11896 11616
f 11616 11896 11895
f 11896 400 11895
f 400 11896 398
f 11616 11895 11617
f 11894 11617 11895
f 402 11894 11895
f 402 11895 400
f 11617 11894 11618
f 11618 11894 11893
f 11894 403 11893
f 403 11894 402
f 11618 11893 11619
f 11619 11893 11892
f 11893 406 11892
f 406 11893 403
f 11619 11892 11620
f 11620 11892 11891
f 11892 408 11891
f 408 11892 406
f 11620 11891 11621
f 11890 11621 11891
f 410 11890 11891
f 410 11891 408
f 11621 11890 11622
f 11622 11890 11889
f 11890 412 11889
f 412 11890 410
f 11622 11889 11623
f 11623 11889 11888
f 11889 414 11888
f 414 11889 412
f 11623 11888 11624
f 11624 11888 11887
f 11888 416 11887
f 416 11888 414
f 11624 11887 11625
f 11886 11625 11887
f 417 11886 11887
f 417 11887 416
f 11625 11886 11626
f 11626 11886 11885
f 11886 420 11885
f 420 11886 417
f 11626 11885 11627
f 11627 11885 11884
f 11885 422 11884
f 422 11885 420
f 11627 11884 11628
f 11628 11884 11883
f 11884 423 11883
f 423 11884 422
f 11628 11883 11629
f 11629 11883 11882
f 11883 425 11882
f 425 11883 423
f 11629 11882 11630
f 11881 11630 11882
f 428 11881 11882
f 428 11882 425
f 11630 11881 11631
f 11631 11881 11880
f 11881 430 11880
f 430 11881 428
f 11631 11880 11632
f 11632 11880 11879
f 11880 431 11879
f 431 11880 430
f 11632 11879 11633
f 11633 11879 11878
f 11879 434 11878
f 434 11879 431
f 11633 11878 11634
f 11634 11878 11877
f 11878 436 11877
f 436 11878 434
f 11634 11877 11635
f 11635 11877 11876
f 11877 437 11876
f 437 11877 436
f 11635 11876 11636
f 11636 11876 11875
f 11876 439 11875
f 439 11876 437
f 11636 11875 11637
f 11637 11875 11874
f 11875 442 11874
f 442 11875 439
f 11637 11874 11638
f 11638 11874 11873
f 11874 443 11873
f 443 11874 442
f 11638 11873 11639
f 11639 11873 11872
f 11873 446 11872
f 446 11873 443
f 11869 11639 11870
f 887 11869 11870
f 887 11870 889
f 11868 11638 11869
f 886 11868 11869
f 886 11869 887
f 11867 11637 11868
f 883 11867 11868
f 883 11868 886
f 11866 11636 11867
f 881 11866 11867
f 881 11867 883
f 11865 11635 11866
f 880 11865 11866
f 880 11866 881
f 11864 11634 11865
f 877 11864 11865
f 877 11865 880
f 11863 11633 11864
f 876 11863 11864
f 876 11864 877
f 11862 11632 11863
f 874 11862 11863
f 874 11863 876
f 11861 11631 11862
f 871 11861 11862
f 871 11862 874
f 11630 11861 11860
f 11861 869 11860
f 869 11861 871
f 11859 11629 11860
f 868 11859 11860
f 868 11860 869
f 11858 11628 11859
f 865 11858 11859
f 865 11859 868
f 11857 11627 11858
f 864 11857 11858
f 864 11858 865
f 11856 11626 11857
f 862 11856 11857
f 862 11857 864
f 11625 11856 11855
f 11856 859 11855
f 859 11856 862
f 11854 11624 11855
f 858 11854 11855
f 858 11855 859
f 11853 11623 11854
f 856 11853 11854
f 856 11854 858
f 11852 11622 11853
f 854 11852 11853
f 854 11853 856
f 11621 11852 11851
f 11852 851 11851
f 851 11852 854
f 11850 11620 11851
f 849 11850 11851
f 849 11851 851
f 11849 11619 11850
f 847 11849 11850
f 847 11850 849
f 11848 11618 11849
f 846 11848 11849
f 846 11849 847
f 11617 11848 11847
f 11848 843 11847
f 843 11848 846
f 11846 11616 11847
f 842 11846 11847
f 842 11847 843
f 11845 11615 11846
f 839 11845 11846
f 839 11846 842
f 11844 11614 11845
f 838 11844 11845
f 838 11845 839
f 11843 11613 11844
f 836 11843 11844
f 836 11844 838
f 11612 11843 11842
f 11843 834 11842
f 834 11843 836
f 11841 11611 11842
f 832 11841 11842
f 832 11842 834
f 11840 11610 11841
f 829 11840 11841
f 829 11841 832
f 11839 11609 11840
f 828 11839 11840
f 828 11840 829
f 11838 11608 11839
f 825 11838 11839
f 825 11839 828
f 11837 11607 11838
f 823 11837 11838
f 823 11838 825
f 11836 11606 11837
f 822 11836 11837
f 822 11837 823
f 11835 11605 11836
f 820 11835 11836
f 820 11836 822
f 11604 11835 11834
f 11835 818 11834
f 818 11835 820
f 11833 11603 11834
f 816 11833 11834
f 816 11834 818
f 11832 11602 11833
f 814 11832 11833
f 814 11833 816
f 11831 11601 11832
f 811 11831 11832
f 811 11832 814
f 11830 11600 11831
f 810 11830 11831
f 810 11831 811
f 11829 11599 11830
f 808 11829 11830
f 808 11830 810
f 11828 11598 11829
f 806 11828 11829
f 806 11829 808
f 11827 11597 11828
f 804 11827 11828
f 804 11828 806
f 11596 11827 11826
f 11827 802 11826
f 802 11827 804
f 11825 11595 11826
f 799 11825 11826
f 799 11826 802
f 11824 11594 11825
f 798 11824 11825
f 798 11825 799
f 11823 11593 11824
f 796 11823 11824
f 796 11824 798
f 11822 11592 11823
f 793 11822 11823
f 793 11823 796
f 11591 11822 11821
f 11822 791 11821
f 791 11822 793
f 11820 11590 11821
f 789 11820 11821
f 789 11821 791
f 11589 11820 11819
f 11820 788 11819
f 788 11820 789
f 11818 11588 11819
f 785 11818 11819
f 785 11819 788
f 11817 11587 11818
f 783 11817 11818
f 783 11818 785
f 11816 11586 11817
f 781 11816 11817
f 781 11817 783
f 11815 11585 11816
f 780 11815 11816
f 780 11816 781
f 11814 11584 11815
f 778 11814 11815
f 778 11815 780
f 11813 11583 11814
f 776 11813 11814
f 776 11814 778
f 11812 11582 11813
f 774 11812 11813
f 774 11813 776
f 11581 11812 11811
f 11812 772 11811
f 772 11812 774
f 11810 11580 11811
f 770 11810 11811
f 770 11811 772
f 11809 11579 11810
f 768 11809 11810
f 768 11810 770
f 11808 11578 11809
f 765 11808 11809
f 765 11809 768
f 11807 11577 11808
f 763 11807 11808
f 763 11808 765
f 11806 11576 11807
f 761 11806 11807
f 761 11807 763
f 11805 11575 11806
f 759 11805 11806
f 759 11806 761
f 11574 11805 11804
f 11805 757 11804
f 757 11805 759
f 11803 11573 11804
f 755 11803 11804
f 755 11804 757
f 11572 11803 11802
f 11803 753 11802
f 753 11803 755
f 11801 11571 11802
f 751 11801 11802
f 751 11802 753
f 11800 11570 11801
f 749 11800 11801
f 749 11801 751
f 11799 11569 11800
f 747 11799 11800
f 747 11800 749
f 11798 11568 11799
f 745 11798 11799
f 745 11799 747
f 11797 11567 11798
f 743 11797 11798
f 743 11798 745
f 11796 11566 11797
f 741 11796 11797
f 741 11797 743
f 11565 11796 11795
f 11796 739 11795
f 739 11796 741
f 11794 11564 11795
f 738 11794 11795
f 738 11795 739
f 11793 11563 11794
f 736 11793 11794
f 736 11794 738
f 11562 11793 11792
f 11793 734 11792
f 734 11793 736
f 11791 11561 11792
f 731 11791 11792
f 731 11792 734
f 11790 11560 11791
f 730 11790 11791
f 730 11791 731
f 11789 11559 11790
f 727 11789 11790
f 727 11790 730
f 11788 11558 11789
f 726 11788 11789
f 726 11789 727
f 11787 11557 11788
f 723 11787 11788
f 723 11788 726
f 11556 11787 11786
f 11787 721 11786
f 721 11787 723
f 11785 11555 11786
f 719 11785 11786
f 719 11786 721
f 11784 11554 11785
f 717 11784 11785
f 717 11785 719
f 11783 11553 11784
f 715 11783 11784
f 715 11784 717
f 11782 11552 11783
f 714 11782 11783
f 714 11783 715
f 11551 11782 11781
f 11782 711 11781
f 711 11782 714
f 11780 11550 11781
f 709 11780 11781
f 709 11781 711
f 11779 11549 11780
f 708 11779 11780
f 708 11780 709
f 11778 11548 11779
f 706 11778 11779
f 706 11779 708
f 11777 11547 11778
f 703 11777 11778
f 703 11778 706
f 11776 11546 11777
f 701 11776 11777
f 701 11777 703
f 11775 11545 11776
f 699 11775 11776
f 699 11776 701
f 11774 11544 11775
f 697 11774 11775
f 697 11775 699
f 11543 11774 11773
f 11774 695 11773
f 695 11774 697
f 11772 11542 11773
f 694 11772 11773
f 694 11773 695
f 11771 11541 11772
f 692 11771 11772
f 692 11772 694
f 11770 11540 11771
f 689 11770 11771
f 689 11771 692
f 11539 11770 11769
f 11770 688 11769
f 688 11770 689
f 11768 11538 11769
f 685 11768 11769
f 685 11769 688
f 11767 11537 11768
f 684 11767 11768
f 684 11768 685
f 11766 11536 11767
f 681 11766 11767
f 681 11767 684
f 11765 11535 11766
f 679 11765 11766
f 679 11766 681
f 11764 11534 11765
f 677 11764 11765
f 677 11765 679
f 11763 11533 11764
f 675 11763 11764
f 675 11764 677
f 11762 11532 11763
f 673 11762 11763
f 673 11763 675
f 11531 11762 11761
f 11762 671 11761
f 671 11762 673
f 11760 11530 11761
f 669 11760 11761
f 669 11761 671
f 11759 11529 11760
f 668 11759 11760
f 668 11760 669
f 11758 11528 11759
f 666 11758 11759
f 666 11759 668
f 11757 11527 11758
f 664 11757 11758
f 664 11758 666
f 11756 11526 11757
f 661 11756 11757
f 661 11757 664
f 11525 11756 11755
f 11756 660 11755
f 660 11756 661
f 11754 11524 11755
f 657 11754 11755
f 657 11755 660
f 11753 11523 11754
f 656 11753 11754
f 656 11754 657
f 11752 11522 11753
f 654 11752 11753
f 654 11753 656
f 11751 11521 11752
f 652 11751 11752
f 652 11752 654
f 11750 11520 11751
f 650 11750 11751
f 650 11751 652
f 11519 11750 11749
f 11750 648 11749
f 648 11750 650
f 11748 11518 11749
f 646 11748 11749
f 646 11749 648
f 11747 11517 11748
f 643 11747 11748
f 643 11748 646
f 11746 11516 11747
f 641 11746 11747
f 641 11747 643
f 11745 11515 11746
f 639 11745 11746
f 639 11746 641
f 11514 11745 11744
f 11745 637 11744
f 637 11745 639
f 11743 11513 11744
f 635 11743 11744
f 635 11744 637
f 11742 11512 11743
f 633 11742 11743
f 633 11743 635
f 11741 11511 11742
f 631 11741 11742
f 631 11742 633
f 11740 11510 11741
f 629 11740 11741
f 629 11741 631
f 11739 11509 11740
f 627 11739 11740
f 627 11740 629
f 11738 11508 11739
f 625 11738 11739
f 625 11739 627
f 11737 11507 11738
f 624 11737 11738
f 624 11738 625
f 11506 11737 11736
f 11737 622 11736
f 622 11737 624
f 11735 11505 11736
f 619 11735 11736
f 619 11736 622
f 11734 11504 11735
f 618 11734 11735
f 618 11735 619
f 11733 11503 11734
f 615 11733 11734
f 615 11734 618
f 11732 11502 11733
f 613 11732 11733
f 613 11733 615
f 11731 11501 11732
f 611 11731 11732
f 611 11732 613
f 11730 11500 11731
f 609 11730 11731
f 609 11731 611
f 11729 11499 11730
f 608 11729 11730
f 608 11730 609
f 11498 11729 11728
f 11729 606 11728
f 606 11729 608
f 11727 11497 11728
f 604 11727 11728
f 604 11728 606
f 11726 11496 11727
f 602 11726 11727
f 602 11727 604
f 11725 11495 11726
f 600 11725 11726
f 600 11726 602
f 11724 11494 11725
f 598 11724 11725
f 598 11725 600
f 11493 11724 11723
f 11724 595 11723
f 595 11724 598
f 11722 11492 11723
f 593 11722 11723
f 593 11723 595
f 11491 11722 11721
f 11722 591 11721
f 591 11722 593
f 11720 11490 11721
f 590 11720 11721
f 590 11721 591
f 11719 11489 11720
f 587 11719 11720
f 587 11720 590
f 11718 11488 11719
f 586 11718 11719
f 586 11719 587
f 11717 11487 11718
f 584 11717 11718
f 584 11718 586
f 11716 11486 11717
f 581 11716 11717
f 581 11717 584
f 11715 11485 11716
f 11649 11420 11642
f 11420 11649 11419
f 580 11715 11716
f 449 11650 452
f 11419 11650 11420
f 580 11716 581
f 11714 11484 11715
f 577 11714 11715
f 577 11715 580
f 11713 11483 11714
f 575 11713 11714
f 452 11651 454
f 575 11714 577
f 11712 11482 11713
f 573 11712 11713
f 573 11713 575
f 11711 11481 11712
f 571 11711 11712
f 11652 454 11651
f 571 11712 573
f 11480 11711 11710
f 11711 570 11710
f 570 11711 571
f 11709 11479 11710
f 567 11709 11710
f 567 11710 570
f 11708 11478 11709
f 565 11708 11709
f 565 11709 567
f 11707 11477 11708
f 563 11707 11708
f 563 11708 565
f 11706 11476 11707
f 562 11706 11707
f 562 11707 563
f 11705 11475 11706
f 560 11705 11706
f 560 11706 562
f 11704 11474 11705
f 558 11704 11705
f 558 11705 560
f 11703 11473 11704
f 555 11703 11704
f 555 11704 558
f 11702 11472 11703
f 553 11702 11703
f 553 11703 555
f 11701 11471 11702
f 552 11701 11702
f 552 11702 553
f 11470 11701 11700
f 11701 550 11700
f 550 11701 552
f 11699 11469 11700
f 548 11699 11700
f 548 11700 550
f 11698 11468 11699
f 545 11698 11699
f 545 11699 548
f 11697 11467 11698
f 544 11697 11698
f 544 11698 545
f 11696 11466 11697
f 542 11696 11697
f 542 11697 544
f 11695 11465 11696
f 540 11695 11696
f 540 11696 542
f 11694 11464 11695
f 538 11694 11695
f 538 11695 540
f 11693 11463 11694
f 536 11693 11694
f 536 11694 538
f 11462 11693 11692
f 11693 534 11692
f 534 11693 536
f 11691 11461 11692
f 531 11691 11692
f 531 11692 534
f 11690 11460 11691
f 530 11690 11691
f 530 11691 531
f 11689 11459 11690
f 528 11689 11690
f 528 11690 530
f 11688 11458 11689
f 526 11688 11689
f 526 11689 528
f 11457 11688 11687
f 11688 523 11687
f 523 11688 526
f 11686 11456 11687
f 521 11686 11687
f 521 11687 523
f 11685 11455 11686
f 520 11685 11686
f 520 11686 521
f 11684 11454 11685
f 517 11684 11685
f 517 11685 520
f 11683 11453 11684
f 515 11683 11684
f 515 11684 517
f 11682 11452 11683
f 514 11682 11683
f 514 11683 515
f 11681 11451 11682
f 512 11681 11682
f 512 11682 514
f 11680 11450 11681
f 510 11680 11681
f 510 11681 512
f 11679 11449 11680
f 507 11679 11680
f 507 11680 510
f 11678 11448 11679
f 506 11678 11679
f 506 11679 507
f 11677 11447 11678
f 504 11677 11678
f 504 11678 506
f 11676 11446 11677
f 502 11676 11677
f 502 11677 504
f 11675 11445 11676
f 499 11675 11676
f 499 11676 502
f 11444 11675 11674
f 11675 497 11674
f 497 11675 499
f 11673 11443 11674
f 496 11673 11674
f 496 11674 497
f 11672 11442 11673
f 494 11672 11673
f 494 11673 496
f 11671 11441 11672
f 491 11671 11672
f 491 11672 494
f 11670 11440 11671
f 489 11670 11671
f 489 11671 491
f 11669 11439 11670
f 487 11669 11670
f 487 11670 489
f 11438 11669 11668
f 11669 485 11668
f 485 11669 487
f 11667 11437 11668
f 483 11667 11668
f 483 11668 485
f 11666 11436 11667
f 482 11666 11667
f 482 11667 483
f 11665 11435 11666
f 479 11665 11666
f 479 11666 482
f 11664 11434 11665
f 477 11664 11665
f 477 11665 479
f 11663 11433 11664
f 475 11663 11664
f 475 11664 477
f 11662 11432 11663
f 474 11662 11663
f 474 11663 475
f 11431 11662 11661
f 11662 472 11661
f 472 11662 474
f 11660 11430 11661
f 469 11660 11661
f 469 11661 472
f 11659 11429 11660
f 468 11659 11660
f 468 11660 469
f 11658 11428 11659
f 466 11658 11659
f 466 11659 468
f 11427 11658 11657
f 11658 464 11657
f 464 11658 466
f 11656 11426 11657
f 462 11656 11657
f 462 11657 464
f 11655 11425 11656
f 460 11655 11656
f 460 11656 462
f 11424 11655 11654
f 11655 457 11654
f 457 11655 460
f 11653 11423 11654
f 455 11653 11654
f 455 11654 457
f 11652 11422 11653
f 454 11652 11653
f 454 11653 455
f 11650 11421 11651
f 11650 11419 11421
f 452 11650 11651
f 11639 11872 11871
f 11871 11640 11639
f 11870 11639 11640
f 11869 11638 11639
f 11868 11637 11638
f 11867 11636 11637
f 11866 11635 11636
f 11865 11634 11635
f 11864 11633 11634
f 11863 11632 11633
f 11862 11631 11632
f 11860 11629 11630
f 11861 11630 11631
f 11859 11628 11629
f 11858 11627 11628
f 11857 11626 11627
f 11855 11624 11625
f 11856 11625 11626
f 11854 11623 11624
f 11853 11622 11623
f 11851 11620 11621
f 11852 11621 11622
f 11850 11619 11620
f 11849 11618 11619
f 11847 11616 11617
f 11848 11617 11618
f 11846 11615 11616
f 11845 11614 11615
f 11844 11613 11614
f 11842 11611 11612
f 11843 11612 11613
f 11841 11610 11611
f 11840 11609 11610
f 11839 11608 11609
f 11838 11607 11608
f 11837 11606 11607
f 11836 11605 11606
f 11834 11603 11604
f 11835 11604 11605
f 11833 11602 11603
f 11832 11601 11602
f 11831 11600 11601
f 11830 11599 11600
f 11829 11598 11599
f 11828 11597 11598
f 11826 11595 11596
f 11827 11596 11597
f 11825 11594 11595
f 11824 11593 11594
f 11823 11592 11593
f 11821 11590 11591
f 11822 11591 11592
f 11819 11588 11589
f 11820 11589 11590
f 11818 11587 11588
f 11817 11586 11587
f 11816 11585 11586
f 11815 11584 11585
f 11814 11583 11584
f 11813 11582 11583
f 11811 11580 11581
f 11812 11581 11582
f 11810 11579 11580
f 11809 11578 11579
f 11808 11577 11578
f 11807 11576 11577
f 11806 11575 11576
f 11804 11573 11574
f 11805 11574 11575
f 11802 11571 11572
f 11803 11572 11573
f 11801 11570 11571
f 11800 11569 11570
f 11799 11568 11569
f 11798 11567 11568
f 11797 11566 11567
f 11795 11564 11565
f 11796 11565 11566
f 11794 11563 11564
f 11792 11561 11562
f 11793 11562 11563
f 11791 11560 11561
f 11790 11559 11560
f 11789 11558 11559
f 11788 11557 11558
f 11786 11555 11556
f 11787 11556 11557
f 11785 11554 11555
f 11784 11553 11554
f 11783 11552 11553
f 11781 11550 11551
f 11782 11551 11552
f 11780 11549 11550
f 11779 11548 11549
f 11778 11547 11548
f 11777 11546 11547
f 11776 11545 11546
f 11775 11544 11545
f 11773 11542 11543
f 11774 11543 11544
f 11772 11541 11542
f 11771 11540 11541
f 11769 11538 11539
f 11770 11539 11540
f 11768 11537 11538
f 11767 11536 11537
f 11766 11535 11536
f 11765 11534 11535
f 11764 11533 11534
f 11763 11532 11533
f 11761 11530 11531
f 11762 11531 11532
f 11760 11529 11530
f 11759 11528 11529
f 11758 11527 11528
f 11757 11526 11527
f 11755 11524 11525
f 11756 11525 11526
f 11754 11523 11524
f 11753 11522 11523
f 11752 11521 11522
f 11751 11520 11521
f 11749 11518 11519
f 11750 11519 11520
f 11748 11517 11518
f 11747 11516 11517
f 11746 11515 11516
f 11744 11513 11514
f 11745 11514 11515
f 11743 11512 11513
f 11742 11511 11512
f 11741 11510 11511
f 11740 11509 11510
f 11739 11508 11509
f 11738 11507 11508
f 11736 11505 11506
f 11737 11506 11507
f 11735 11504 11505
f 11734 11503 11504
f 11733 11502 11503
f 11732 11501 11502
f 11731 11500 11501
f 11730 11499 11500
f 11728 11497 11498
f 11729 11498 11499
f 11727 11496 11497
f 11726 11495 11496
f 11725 11494 11495
f 11723 11492 11493
f 11724 11493 11494
f 11721 11490 11491
f 11722 11491 11492
f 11720 11489 11490
f 11719 11488 11489
f 11718 11487 11488
f 11717 11486 11487
f 11716 11485 11486
f 11715 11484 11485
f 11714 11483 11484
f 11713 11482 11483
f 11712 11481 11482
f 11710 11479 11480
f 11711 11480 11481
f 11709 11478 11479
f 11708 11477 11478
f 11707 11476 11477
f 11706 11475 11476
f 11705 11474 11475
f 11704 11473 11474
f 11703 11472 11473
f 11702 11471 11472
f 11700 11469 11470
f 11701 11470 11471
f 11699 11468 11469
f 11698 11467 11468
f 11697 11466 11467
f 11696 11465 11466
f 11695 11464 11465
f 11694 11463 11464
f 11692 11461 11462
f 11693 11462 11463
f 11691 11460 11461
f 11690 11459 11460
f 11689 11458 11459
f 11687 11456 11457
f 11688 11457 11458
f 11686 11455 11456
f 11685 11454 11455
f 11684 11453 11454
f 11683 11452 11453
f 11682 11451 11452
f 11681 11450 11451
f 11680 11449 11450
f 11679 11448 11449
f 11678 11447 11448
f 11677 11446 11447
f 11676 11445 11446
f 11674 11443 11444
f 11675 11444 11445
f 11673 11442 11443
f 11672 11441 11442
f 11671 11440 11441
f 11670 11439 11440
f 11668 11437 11438
f 11669 11438 11439
f 11667 11436 11437
f 11666 11435 11436
f 11665 11434 11435
f 11664 11433 11434
f 11663 11432 11433
f 11661 11430 11431
f 11662 11431 11432
f 11660 11429 11430
f 11659 11428 11429
f 11657 11426 11427
f 11658 11427 11428
f 11656 11425 11426
f 11654 11423 11424
f 11655 11424 11425
f 11653 11422 11423
f 11421 11652 11651
f 11652 11421 11422
f 11642 11646 11649
f 11649 11646 12090
f 11645 11641 11871
f 447 11645 11871
f 11870 11640 11644
f 889 11870 11644
f 11420 11650 11643
f 11650 449 11643
f 11419 11649 12090
f 11646 8 12090
f 11640 11871 11641
f 11421 12090 12091
f 12090 10 12091
f 11419 12090 11421
f 10 12090 8
f 446 12092 11872
f 11871 12092 447
f 12092 446 447
f 12092 11871 11872