# https://github.com/mikedh/trimesh
v -0.00000002 0.50000000 0.10416669
v -0.00000002 0.50000000 0.10416669
v -0.00000002 0.50000000 -0.10416665
v -0.00000002 0.50000000 -0.10416665
v -0.00000002 -0.50000000 0.10416669
v -0.00000002 -0.50000000 0.10416669
v -0.00000002 -0.50000000 -0.10416665
v -0.00000002 -0.50000000 -0.10416665
v 0.12499998 -0.50000000 0.00000002
v 0.12499998 -0.50000000 0.00000002
v 0.12499998 0.50000000 0.00000002
v 0.12499998 0.50000000 0.00000002
v -0.01053839 0.50000000 0.10363224
v -0.01053839 0.50000000 0.10363224
v -0.02096862 0.50000000 0.10203439
v -0.02096862 0.50000000 0.10203439
v -0.03118368 0.50000000 0.09938953
v -0.03118368 0.50000000 0.09938953
v -0.04107876 0.50000000 0.09572479
v -0.04107876 0.50000000 0.09572479
v -0.05055231 0.50000000 0.09107779
v -0.05055231 0.50000000 0.09107779
v -0.05950713 0.50000000 0.08549621
v -0.05950713 0.50000000 0.08549621
v -0.06785132 0.50000000 0.07903733
v -0.06785132 0.50000000 0.07903733
v -0.07549927 0.50000000 0.07176741
v -0.07549927 0.50000000 0.07176741
v -0.08237250 0.50000000 0.06376106
v -0.08237250 0.50000000 0.06376106
v -0.08840047 0.50000000 0.05510044
v -0.08840047 0.50000000 0.05510044
v -0.09352133 0.50000000 0.04587441
v -0.09352133 0.50000000 0.04587441
v -0.09768254 0.50000000 0.03617765
v -0.09768254 0.50000000 0.03617765
v -0.10084139 0.50000000 0.02610966
v -0.10084139 0.50000000 0.02610966
v -0.10296547 0.50000000 0.01577375
v -0.10296547 0.50000000 0.01577375
v -0.10403299 0.50000000 0.00527598
v -0.10403299 0.50000000 0.00527598
v -0.10403299 0.50000000 -0.00527593
v -0.10403299 0.50000000 -0.00527593
v -0.10296547 0.50000000 -0.01577371
v -0.10296547 0.50000000 -0.01577371
v -0.10084139 0.50000000 -0.02610962
v -0.10084139 0.50000000 -0.02610962
v -0.09768254 0.50000000 -0.03617761
v -0.09768254 0.50000000 -0.03617761
v -0.09352133 0.50000000 -0.04587437
v -0.09352133 0.50000000 -0.04587437
v -0.08840047 0.50000000 -0.05510040
v -0.08840047 0.50000000 -0.05510040
v -0.08237250 0.50000000 -0.06376102
v -0.08237250 0.50000000 -0.06376102
v -0.07549927 0.50000000 -0.07176737
v -0.07549927 0.50000000 -0.07176737
v -0.06785132 0.50000000 -0.07903728
v -0.06785132 0.50000000 -0.07903728
v -0.05950713 0.50000000 -0.08549617
v -0.05950713 0.50000000 -0.08549617
v -0.05055231 0.50000000 -0.09107775
v -0.05055231 0.50000000 -0.09107775
v -0.04107876 0.50000000 -0.09572475
v -0.04107876 0.50000000 -0.09572475
v -0.03118368 0.50000000 -0.09938948
v -0.03118368 0.50000000 -0.09938948
v -0.02096862 0.50000000 -0.10203435
v -0.02096862 0.50000000 -0.10203435
v -0.01053839 0.50000000 -0.10363220
v -0.01053839 0.50000000 -0.10363220
v 0.01053834 0.50000000 -0.10363220
v 0.01053834 0.50000000 -0.10363220
v 0.02096857 0.50000000 -0.10203435
v 0.02096857 0.50000000 -0.10203435
v 0.03118364 0.50000000 -0.09938948
v 0.03118364 0.50000000 -0.09938948
v 0.04107871 0.50000000 -0.09572475
v 0.04107871 0.50000000 -0.09572475
v 0.05055226 0.50000000 -0.09107775
v 0.05055226 0.50000000 -0.09107775
v 0.05950708 0.50000000 -0.08549617
v 0.05950708 0.50000000 -0.08549617
v 0.06785128 0.50000000 -0.07903728
v 0.06785128 0.50000000 -0.07903728
v 0.07549923 0.50000000 -0.07176737
v 0.07549923 0.50000000 -0.07176737
v 0.08237245 0.50000000 -0.06376102
v 0.08237245 0.50000000 -0.06376102
v 0.08840042 0.50000000 -0.05510040
v 0.08840042 0.50000000 -0.05510040
v 0.09352128 0.50000000 -0.04587437
v 0.09352128 0.50000000 -0.04587437
v 0.09768249 0.50000000 -0.03617761
v 0.09768249 0.50000000 -0.03617761
v 0.10084134 0.50000000 -0.02610962
v 0.10084134 0.50000000 -0.02610962
v 0.10296543 0.50000000 -0.01577371
v 0.10296543 0.50000000 -0.01577371
v 0.10403295 0.50000000 -0.00527593
v 0.10403295 0.50000000 -0.00527593
v 0.10403295 0.50000000 0.00527598
v 0.10403295 0.50000000 0.00527598
v 0.10296543 0.50000000 0.01577375
v 0.10296543 0.50000000 0.01577375
v 0.10084134 0.50000000 0.02610966
v 0.10084134 0.50000000 0.02610966
v 0.09768249 0.50000000 0.03617765
v 0.09768249 0.50000000 0.03617765
v 0.09352128 0.50000000 0.04587441
v 0.09352128 0.50000000 0.04587441
v 0.08840042 0.50000000 0.05510044
v 0.08840042 0.50000000 0.05510044
v 0.08237245 0.50000000 0.06376106
v 0.08237245 0.50000000 0.06376106
v 0.07549923 0.50000000 0.07176741
v 0.07549923 0.50000000 0.07176741
v 0.06785128 0.50000000 0.07903733
v 0.06785128 0.50000000 0.07903733
v 0.05950708 0.50000000 0.08549621
v 0.05950708 0.50000000 0.08549621
v 0.05055226 0.50000000 0.09107779
v 0.05055226 0.50000000 0.09107779
v 0.04107871 0.50000000 0.09572479
v 0.04107871 0.50000000 0.09572479
v 0.03118364 0.50000000 0.09938953
v 0.03118364 0.50000000 0.09938953
v 0.02096857 0.50000000 0.10203439
v 0.02096857 0.50000000 0.10203439
v 0.01053834 0.50000000 0.10363224
v 0.01053834 0.50000000 0.10363224
v 0.01053834 -0.50000000 0.10363224
v 0.01053834 -0.50000000 0.10363224
v 0.02096857 -0.50000000 0.10203439
v 0.02096857 -0.50000000 0.10203439
v 0.03118364 -0.50000000 0.09938953
v 0.03118364 -0.50000000 0.09938953
v 0.04107871 -0.50000000 0.09572479
v 0.04107871 -0.50000000 0.09572479
v 0.05055226 -0.50000000 0.09107779
v 0.05055226 -0.50000000 0.09107779
v 0.05950708 -0.50000000 0.08549621
v 0.05950708 -0.50000000 0.08549621
v 0.06785128 -0.50000000 0.07903733
v 0.06785128 -0.50000000 0.07903733
v 0.07549923 -0.50000000 0.07176741
v 0.07549923 -0.50000000 0.07176741
v 0.08237245 -0.50000000 0.06376106
v 0.08237245 -0.50000000 0.06376106
v 0.08840042 -0.50000000 0.05510044
v 0.08840042 -0.50000000 0.05510044
v 0.09352128 -0.50000000 0.04587441
v 0.09352128 -0.50000000 0.04587441
v 0.09768249 -0.50000000 0.03617765
v 0.09768249 -0.50000000 0.03617765
v 0.10084134 -0.50000000 0.02610966
v 0.10084134 -0.50000000 0.02610966
v 0.10296543 -0.50000000 0.01577375
v 0.10296543 -0.50000000 0.01577375
v 0.10403295 -0.50000000 0.00527598
v 0.10403295 -0.50000000 0.00527598
v 0.10403295 -0.50000000 -0.00527593
v 0.10403295 -0.50000000 -0.00527593
v 0.10296543 -0.50000000 -0.01577371
v 0.10296543 -0.50000000 -0.01577371
v 0.10084134 -0.50000000 -0.02610962
v 0.10084134 -0.50000000 -0.02610962
v 0.09768249 -0.50000000 -0.03617761
v 0.09768249 -0.50000000 -0.03617761
v 0.09352128 -0.50000000 -0.04587437
v 0.09352128 -0.50000000 -0.04587437
v 0.08840042 -0.50000000 -0.05510040
v 0.08840042 -0.50000000 -0.05510040
v 0.08237245 -0.50000000 -0.06376102
v 0.08237245 -0.50000000 -0.06376102
v 0.07549923 -0.50000000 -0.07176737
v 0.07549923 -0.50000000 -0.07176737
v 0.06785128 -0.50000000 -0.07903728
v 0.06785128 -0.50000000 -0.07903728
v 0.05950708 -0.50000000 -0.08549617
v 0.05950708 -0.50000000 -0.08549617
v 0.05055226 -0.50000000 -0.09107775
v 0.05055226 -0.50000000 -0.09107775
v 0.04107871 -0.50000000 -0.09572475
v 0.04107871 -0.50000000 -0.09572475
v 0.03118364 -0.50000000 -0.09938948
v 0.03118364 -0.50000000 -0.09938948
v 0.02096857 -0.50000000 -0.10203435
v 0.02096857 -0.50000000 -0.10203435
v 0.01053834 -0.50000000 -0.10363220
v 0.01053834 -0.50000000 -0.10363220
v -0.01053839 -0.50000000 -0.10363220
v -0.01053839 -0.50000000 -0.10363220
v -0.02096862 -0.50000000 -0.10203435
v -0.02096862 -0.50000000 -0.10203435
v -0.03118368 -0.50000000 -0.09938948
v -0.03118368 -0.50000000 -0.09938948
v -0.04107876 -0.50000000 -0.09572475
v -0.04107876 -0.50000000 -0.09572475
v -0.05055231 -0.50000000 -0.09107775
v -0.05055231 -0.50000000 -0.09107775
v -0.05950713 -0.50000000 -0.08549617
v -0.05950713 -0.50000000 -0.08549617
v -0.06785132 -0.50000000 -0.07903728
v -0.06785132 -0.50000000 -0.07903728
v -0.07549927 -0.50000000 -0.07176737
v -0.07549927 -0.50000000 -0.07176737
v -0.08237250 -0.50000000 -0.06376102
v -0.08237250 -0.50000000 -0.06376102
v -0.08840047 -0.50000000 -0.05510040
v -0.08840047 -0.50000000 -0.05510040
v -0.09352133 -0.50000000 -0.04587437
v -0.09352133 -0.50000000 -0.04587437
v -0.09768254 -0.50000000 -0.03617761
v -0.09768254 -0.50000000 -0.03617761
v -0.10084139 -0.50000000 -0.02610962
v -0.10084139 -0.50000000 -0.02610962
v -0.10296547 -0.50000000 -0.01577371
v -0.10296547 -0.50000000 -0.01577371
v -0.10403299 -0.50000000 -0.00527593
v -0.10403299 -0.50000000 -0.00527593
v -0.10403299 -0.50000000 0.00527598
v -0.10403299 -0.50000000 0.00527598
v -0.10296547 -0.50000000 0.01577375
v -0.10296547 -0.50000000 0.01577375
v -0.10084139 -0.50000000 0.02610966
v -0.10084139 -0.50000000 0.02610966
v -0.09768254 -0.50000000 0.03617765
v -0.09768254 -0.50000000 0.03617765
v -0.09352133 -0.50000000 0.04587441
v -0.09352133 -0.50000000 0.04587441
v -0.08840047 -0.50000000 0.05510044
v -0.08840047 -0.50000000 0.05510044
v -0.08237250 -0.50000000 0.06376106
v -0.08237250 -0.50000000 0.06376106
v -0.07549927 -0.50000000 0.07176741
v -0.07549927 -0.50000000 0.07176741
v -0.06785132 -0.50000000 0.07903733
v -0.06785132 -0.50000000 0.07903733
v -0.05950713 -0.50000000 0.08549621
v -0.05950713 -0.50000000 0.08549621
v -0.05055231 -0.50000000 0.09107779
v -0.05055231 -0.50000000 0.09107779
v -0.04107876 -0.50000000 0.09572479
v -0.04107876 -0.50000000 0.09572479
v -0.03118368 -0.50000000 0.09938953
v -0.03118368 -0.50000000 0.09938953
v -0.02096862 -0.50000000 0.10203439
v -0.02096862 -0.50000000 0.10203439
v -0.01053839 -0.50000000 0.10363224
v -0.01053839 -0.50000000 0.10363224
v 0.12456158 -0.50000000 0.01045975
v 0.12456158 -0.50000000 0.01045975
v 0.12324948 -0.50000000 0.02084611
v 0.12324948 -0.50000000 0.02084611
v 0.12107287 -0.50000000 0.03108626
v 0.12107287 -0.50000000 0.03108626
v 0.11804702 -0.50000000 0.04110835
v 0.11804702 -0.50000000 0.04110835
v 0.11419316 -0.50000000 0.05084210
v 0.11419316 -0.50000000 0.05084210
v 0.10953831 -0.50000000 0.06021923
v 0.10953831 -0.50000000 0.06021923
v 0.10411513 -0.50000000 0.06917396
v 0.10411513 -0.50000000 0.06917396
v 0.09796166 -0.50000000 0.07764349
v 0.09796166 -0.50000000 0.07764349
v 0.09112106 -0.50000000 0.08556841
v 0.09112106 -0.50000000 0.08556841
v 0.08364130 -0.50000000 0.09289312
v 0.08364130 -0.50000000 0.09289312
v 0.07557487 -0.50000000 0.09956626
v 0.07557487 -0.50000000 0.09956626
v 0.06697833 -0.50000000 0.10554101
v 0.06697833 -0.50000000 0.10554101
v 0.05791198 -0.50000000 0.11077547
v 0.05791198 -0.50000000 0.11077547
v 0.04843943 -0.50000000 0.11523291
v 0.04843943 -0.50000000 0.11523291
v 0.03862710 -0.50000000 0.11888209
v 0.03862710 -0.50000000 0.11888209
v 0.02854384 -0.50000000 0.12169738
v 0.02854384 -0.50000000 0.12169738
v 0.01826036 -0.50000000 0.12365906
v 0.01826036 -0.50000000 0.12365906
v 0.00784879 -0.50000000 0.12475336
v 0.00784879 -0.50000000 0.12475336
v -0.00261783 -0.50000000 0.12497261
v -0.00261783 -0.50000000 0.12497261
v -0.01306608 -0.50000000 0.12431526
v -0.01306608 -0.50000000 0.12431526
v -0.02342269 -0.50000000 0.12278593
v -0.02342269 -0.50000000 0.12278593
v -0.03361500 -0.50000000 0.12039534
v -0.03361500 -0.50000000 0.12039534
v -0.04357153 -0.50000000 0.11716027
v -0.04357153 -0.50000000 0.11716027
v -0.05322243 -0.50000000 0.11310340
v -0.05322243 -0.50000000 0.11310340
v -0.06250002 -0.50000000 0.10825320
v -0.06250002 -0.50000000 0.10825320
v -0.07133922 -0.50000000 0.10264367
v -0.07133922 -0.50000000 0.10264367
v -0.07967802 -0.50000000 0.09631418
v -0.07967802 -0.50000000 0.09631418
v -0.08745794 -0.50000000 0.08930911
v -0.08745794 -0.50000000 0.08930911
v -0.09462441 -0.50000000 0.08167760
v -0.09462441 -0.50000000 0.08167760
v -0.10112715 -0.50000000 0.07347318
v -0.10112715 -0.50000000 0.07347318
v -0.10692056 -0.50000000 0.06475340
v -0.10692056 -0.50000000 0.06475340
v -0.11196399 -0.50000000 0.05557942
v -0.11196399 -0.50000000 0.05557942
v -0.11622208 -0.50000000 0.04601559
v -0.11622208 -0.50000000 0.04601559
v -0.11966496 -0.50000000 0.03612900
v -0.11966496 -0.50000000 0.03612900
v -0.12226847 -0.50000000 0.02598898
v -0.12226847 -0.50000000 0.02598898
v -0.12401436 -0.50000000 0.01566667
v -0.12401436 -0.50000000 0.01566667
v -0.12489038 -0.50000000 0.00523448
v -0.12489038 -0.50000000 0.00523448
v -0.12489038 -0.50000000 -0.00523444
v -0.12489038 -0.50000000 -0.00523444
v -0.12401436 -0.50000000 -0.01566663
v -0.12401436 -0.50000000 -0.01566663
v -0.12226847 -0.50000000 -0.02598894
v -0.12226847 -0.50000000 -0.02598894
v -0.11966496 -0.50000000 -0.03612895
v -0.11966496 -0.50000000 -0.03612895
v -0.11622208 -0.50000000 -0.04601555
v -0.11622208 -0.50000000 -0.04601555
v -0.11196399 -0.50000000 -0.05557938
v -0.11196399 -0.50000000 -0.05557938
v -0.10692056 -0.50000000 -0.06475335
v -0.10692056 -0.50000000 -0.06475335
v -0.10112715 -0.50000000 -0.07347313
v -0.10112715 -0.50000000 -0.07347313
v -0.09462441 -0.50000000 -0.08167755
v -0.09462441 -0.50000000 -0.08167755
v -0.08745794 -0.50000000 -0.08930906
v -0.08745794 -0.50000000 -0.08930906
v -0.07967802 -0.50000000 -0.09631413
v -0.07967802 -0.50000000 -0.09631413
v -0.07133922 -0.50000000 -0.10264363
v -0.07133922 -0.50000000 -0.10264363
v -0.06250002 -0.50000000 -0.10825315
v -0.06250002 -0.50000000 -0.10825315
v -0.05322243 -0.50000000 -0.11310336
v -0.05322243 -0.50000000 -0.11310336
v -0.04357153 -0.50000000 -0.11716023
v -0.04357153 -0.50000000 -0.11716023
v -0.03361500 -0.50000000 -0.12039530
v -0.03361500 -0.50000000 -0.12039530
v -0.02342269 -0.50000000 -0.12278589
v -0.02342269 -0.50000000 -0.12278589
v -0.01306608 -0.50000000 -0.12431522
v -0.01306608 -0.50000000 -0.12431522
v -0.00261783 -0.50000000 -0.12497256
v -0.00261783 -0.50000000 -0.12497256
v 0.00784879 -0.50000000 -0.12475332
v 0.00784879 -0.50000000 -0.12475332
v 0.01826036 -0.50000000 -0.12365902
v 0.01826036 -0.50000000 -0.12365902
v 0.02854384 -0.50000000 -0.12169734
v 0.02854384 -0.50000000 -0.12169734
v 0.03862710 -0.50000000 -0.11888204
v 0.03862710 -0.50000000 -0.11888204
v 0.04843943 -0.50000000 -0.11523287
v 0.04843943 -0.50000000 -0.11523287
v 0.05791198 -0.50000000 -0.11077543
v 0.05791198 -0.50000000 -0.11077543
v 0.06697833 -0.50000000 -0.10554097
v 0.06697833 -0.50000000 -0.10554097
v 0.07557487 -0.50000000 -0.09956622
v 0.07557487 -0.50000000 -0.09956622
v 0.08364130 -0.50000000 -0.09289308
v 0.08364130 -0.50000000 -0.09289308
v 0.09112106 -0.50000000 -0.08556837
v 0.09112106 -0.50000000 -0.08556837
v 0.09796166 -0.50000000 -0.07764345
v 0.09796166 -0.50000000 -0.07764345
v 0.10411513 -0.50000000 -0.06917392
v 0.10411513 -0.50000000 -0.06917392
v 0.10953831 -0.50000000 -0.06021919
v 0.10953831 -0.50000000 -0.06021919
v 0.11419316 -0.50000000 -0.05084206
v 0.11419316 -0.50000000 -0.05084206
v 0.11804702 -0.50000000 -0.04110831
v 0.11804702 -0.50000000 -0.04110831
v 0.12107287 -0.50000000 -0.03108622
v 0.12107287 -0.50000000 -0.03108622
v 0.12324948 -0.50000000 -0.02084607
v 0.12324948 -0.50000000 -0.02084607
v 0.12456158 -0.50000000 -0.01045971
v 0.12456158 -0.50000000 -0.01045971
v 0.12499998 0.48947368 0.00000002
v 0.12499998 0.47894737 0.00000002
v 0.12499998 0.46842105 0.00000002
v 0.12499998 0.45789474 0.00000002
v 0.12499998 0.44736842 0.00000002
v 0.12499998 0.43684210 0.00000002
v 0.12499998 0.42631579 0.00000002
v 0.12499998 0.41578947 0.00000002
v 0.12499998 0.40526316 0.00000002
v 0.12499998 0.39473684 0.00000002
v 0.12499998 0.38421053 0.00000002
v 0.12499998 0.37368421 0.00000002
v 0.12499998 0.36315790 0.00000002
v 0.12499998 0.35263158 0.00000002
v 0.12499998 0.34210526 0.00000002
v 0.12499998 0.33157895 0.00000002
v 0.12499998 0.32105263 0.00000002
v 0.12499998 0.31052632 0.00000002
v 0.12499998 0.30000000 0.00000002
v 0.12499998 0.28947368 0.00000002
v 0.12499998 0.27894737 0.00000002
v 0.12499998 0.26842105 0.00000002
v 0.12499998 0.25789474 0.00000002
v 0.12499998 0.24736842 0.00000002
v 0.12499998 0.23684210 0.00000002
v 0.12499998 0.22631579 0.00000002
v 0.12499998 0.21578947 0.00000002
v 0.12499998 0.20526316 0.00000002
v 0.12499998 0.19473684 0.00000002
v 0.12499998 0.18421053 0.00000002
v 0.12499998 0.17368421 0.00000002
v 0.12499998 0.16315790 0.00000002
v 0.12499998 0.15263158 0.00000002
v 0.12499998 0.14210526 0.00000002
v 0.12499998 0.13157895 0.00000002
v 0.12499998 0.12105263 0.00000002
v 0.12499998 0.11052632 0.00000002
v 0.12499998 0.10000000 0.00000002
v 0.12499998 0.08947368 0.00000002
v 0.12499998 0.07894737 0.00000002
v 0.12499998 0.06842105 0.00000002
v 0.12499998 0.05789474 0.00000002
v 0.12499998 0.04736842 0.00000002
v 0.12499998 0.03684210 0.00000002
v 0.12499998 0.02631579 0.00000002
v 0.12499998 0.01578947 0.00000002
v 0.12499998 0.00526316 0.00000002
v 0.12499998 -0.00526316 0.00000002
v 0.12499998 -0.01578947 0.00000002
v 0.12499998 -0.02631579 0.00000002
v 0.12499998 -0.03684210 0.00000002
v 0.12499998 -0.04736842 0.00000002
v 0.12499998 -0.05789474 0.00000002
v 0.12499998 -0.06842105 0.00000002
v 0.12499998 -0.07894737 0.00000002
v 0.12499998 -0.08947368 0.00000002
v 0.12499998 -0.10000000 0.00000002
v 0.12499998 -0.11052632 0.00000002
v 0.12499998 -0.12105263 0.00000002
v 0.12499998 -0.13157895 0.00000002
v 0.12499998 -0.14210526 0.00000002
v 0.12499998 -0.15263158 0.00000002
v 0.12499998 -0.16315790 0.00000002
v 0.12499998 -0.17368421 0.00000002
v 0.12499998 -0.18421053 0.00000002
v 0.12499998 -0.19473684 0.00000002
v 0.12499998 -0.20526316 0.00000002
v 0.12499998 -0.21578947 0.00000002
v 0.12499998 -0.22631579 0.00000002
v 0.12499998 -0.23684210 0.00000002
v 0.12499998 -0.24736842 0.00000002
v 0.12499998 -0.25789474 0.00000002
v 0.12499998 -0.26842105 0.00000002
v 0.12499998 -0.27894737 0.00000002
v 0.12499998 -0.28947368 0.00000002
v 0.12499998 -0.30000000 0.00000002
v 0.12499998 -0.31052632 0.00000002
v 0.12499998 -0.32105263 0.00000002
v 0.12499998 -0.33157895 0.00000002
v 0.12499998 -0.34210526 0.00000002
v 0.12499998 -0.35263158 0.00000002
v 0.12499998 -0.36315790 0.00000002
v 0.12499998 -0.37368421 0.00000002
v 0.12499998 -0.38421053 0.00000002
v 0.12499998 -0.39473684 0.00000002
v 0.12499998 -0.40526316 0.00000002
v 0.12499998 -0.41578947 0.00000002
v 0.12499998 -0.42631579 0.00000002
v 0.12499998 -0.43684210 0.00000002
v 0.12499998 -0.44736842 0.00000002
v 0.12499998 -0.45789474 0.00000002
v 0.12499998 -0.46842105 0.00000002
v 0.12499998 -0.47894737 0.00000002
v 0.12499998 -0.48947368 0.00000002
v 0.12456158 0.50000000 0.01045975
v 0.12456158 0.50000000 0.01045975
v 0.12324948 0.50000000 0.02084611
v 0.12324948 0.50000000 0.02084611
v 0.12107287 0.50000000 0.03108626
v 0.12107287 0.50000000 0.03108626
v 0.11804702 0.50000000 0.04110835
v 0.11804702 0.50000000 0.04110835
v 0.11419316 0.50000000 0.05084210
v 0.11419316 0.50000000 0.05084210
v 0.10953831 0.50000000 0.06021923
v 0.10953831 0.50000000 0.06021923
v 0.10411513 0.50000000 0.06917396
v 0.10411513 0.50000000 0.06917396
v 0.09796166 0.50000000 0.07764349
v 0.09796166 0.50000000 0.07764349
v 0.09112106 0.50000000 0.08556841
v 0.09112106 0.50000000 0.08556841
v 0.08364130 0.50000000 0.09289312
v 0.08364130 0.50000000 0.09289312
v 0.07557487 0.50000000 0.09956626
v 0.07557487 0.50000000 0.09956626
v 0.06697833 0.50000000 0.10554101
v 0.06697833 0.50000000 0.10554101
v 0.05791198 0.50000000 0.11077547
v 0.05791198 0.50000000 0.11077547
v 0.04843943 0.50000000 0.11523291
v 0.04843943 0.50000000 0.11523291
v 0.03862710 0.50000000 0.11888209
v 0.03862710 0.50000000 0.11888209
v 0.02854384 0.50000000 0.12169738
v 0.02854384 0.50000000 0.12169738
v 0.01826036 0.50000000 0.12365906
v 0.01826036 0.50000000 0.12365906
v 0.00784879 0.50000000 0.12475336
v 0.00784879 0.50000000 0.12475336
v -0.00261783 0.50000000 0.12497261
v -0.00261783 0.50000000 0.12497261
v -0.01306608 0.50000000 0.12431526
v -0.01306608 0.50000000 0.12431526
v -0.02342269 0.50000000 0.12278593
v -0.02342269 0.50000000 0.12278593
v -0.03361500 0.50000000 0.12039534
v -0.03361500 0.50000000 0.12039534
v -0.04357153 0.50000000 0.11716027
v -0.04357153 0.50000000 0.11716027
v -0.05322243 0.50000000 0.11310340
v -0.05322243 0.50000000 0.11310340
v -0.06250002 0.50000000 0.10825320
v -0.06250002 0.50000000 0.10825320
v -0.07133922 0.50000000 0.10264367
v -0.07133922 0.50000000 0.10264367
v -0.07967802 0.50000000 0.09631418
v -0.07967802 0.50000000 0.09631418
v -0.08745794 0.50000000 0.08930911
v -0.08745794 0.50000000 0.08930911
v -0.09462441 0.50000000 0.08167760
v -0.09462441 0.50000000 0.08167760
v -0.10112715 0.50000000 0.07347318
v -0.10112715 0.50000000 0.07347318
v -0.10692056 0.50000000 0.06475340
v -0.10692056 0.50000000 0.06475340
v -0.11196399 0.50000000 0.05557942
v -0.11196399 0.50000000 0.05557942
v -0.11622208 0.50000000 0.04601559
v -0.11622208 0.50000000 0.04601559
v -0.11966496 0.50000000 0.03612900
v -0.11966496 0.50000000 0.03612900
v -0.12226847 0.50000000 0.02598898
v -0.12226847 0.50000000 0.02598898
v -0.12401436 0.50000000 0.01566667
v -0.12401436 0.50000000 0.01566667
v -0.12489038 0.50000000 0.00523448
v -0.12489038 0.50000000 0.00523448
v -0.12489038 0.50000000 -0.00523444
v -0.12489038 0.50000000 -0.00523444
v -0.12401436 0.50000000 -0.01566663
v -0.12401436 0.50000000 -0.01566663
v -0.12226847 0.50000000 -0.02598894
v -0.12226847 0.50000000 -0.02598894
v -0.11966496 0.50000000 -0.03612895
v -0.11966496 0.50000000 -0.03612895
v -0.11622208 0.50000000 -0.04601555
v -0.11622208 0.50000000 -0.04601555
v -0.11196399 0.50000000 -0.05557938
v -0.11196399 0.50000000 -0.05557938
v -0.10692056 0.50000000 -0.06475335
v -0.10692056 0.50000000 -0.06475335
v -0.10112715 0.50000000 -0.07347313
v -0.10112715 0.50000000 -0.07347313
v -0.09462441 0.50000000 -0.08167755
v -0.09462441 0.50000000 -0.08167755
v -0.08745794 0.50000000 -0.08930906
v -0.08745794 0.50000000 -0.08930906
v -0.07967802 0.50000000 -0.09631413
v -0.07967802 0.50000000 -0.09631413
v -0.07133922 0.50000000 -0.10264363
v -0.07133922 0.50000000 -0.10264363
v -0.06250002 0.50000000 -0.10825315
v -0.06250002 0.50000000 -0.10825315
v -0.05322243 0.50000000 -0.11310336
v -0.05322243 0.50000000 -0.11310336
v -0.04357153 0.50000000 -0.11716023
v -0.04357153 0.50000000 -0.11716023
v -0.03361500 0.50000000 -0.12039530
v -0.03361500 0.50000000 -0.12039530
v -0.02342269 0.50000000 -0.12278589
v -0.02342269 0.50000000 -0.12278589
v -0.01306608 0.50000000 -0.12431522
v -0.01306608 0.50000000 -0.12431522
v -0.00261783 0.50000000 -0.12497256
v -0.00261783 0.50000000 -0.12497256
v 0.00784879 0.50000000 -0.12475332
v 0.00784879 0.50000000 -0.12475332
v 0.01826036 0.50000000 -0.12365902
v 0.01826036 0.50000000 -0.12365902
v 0.02854384 0.50000000 -0.12169734
v 0.02854384 0.50000000 -0.12169734
v 0.03862710 0.50000000 -0.11888204
v 0.03862710 0.50000000 -0.11888204
v 0.04843943 0.50000000 -0.11523287
v 0.04843943 0.50000000 -0.11523287
v 0.05791198 0.50000000 -0.11077543
v 0.05791198 0.50000000 -0.11077543
v 0.06697833 0.50000000 -0.10554097
v 0.06697833 0.50000000 -0.10554097
v 0.07557487 0.50000000 -0.09956622
v 0.07557487 0.50000000 -0.09956622
v 0.08364130 0.50000000 -0.09289308
v 0.08364130 0.50000000 -0.09289308
v 0.09112106 0.50000000 -0.08556837
v 0.09112106 0.50000000 -0.08556837
v 0.09796166 0.50000000 -0.07764345
v 0.09796166 0.50000000 -0.07764345
v 0.10411513 0.50000000 -0.06917392
v 0.10411513 0.50000000 -0.06917392
v 0.10953831 0.50000000 -0.06021919
v 0.10953831 0.50000000 -0.06021919
v 0.11419316 0.50000000 -0.05084206
v 0.11419316 0.50000000 -0.05084206
v 0.11804702 0.50000000 -0.04110831
v 0.11804702 0.50000000 -0.04110831
v 0.12107287 0.50000000 -0.03108622
v 0.12107287 0.50000000 -0.03108622
v 0.12324948 0.50000000 -0.02084607
v 0.12324948 0.50000000 -0.02084607
v 0.12456158 0.50000000 -0.01045971
v 0.12456158 0.50000000 -0.01045971
v -0.00015914 0.39583776 0.00094713
v -0.01492192 0.39744562 0.01051815
v 0.01430246 0.39718208 -0.00863766
v -0.02319567 0.39980037 0.01651339
v 0.02204118 0.39924862 -0.01463007
v 0.00064864 0.40039482 0.03048086
v -0.00058500 0.39978494 -0.02841291
v 0.00346505 0.40241594 -0.03627723
v -0.00187990 0.40312910 0.03825168
v -0.00354844 0.40583814 0.04440325
v -0.00181472 0.40555823 -0.04391073
v -0.00121963 0.40918198 0.05100291
v -0.00199241 0.40988903 -0.05221815
v -0.00449807 0.41473354 0.05966654
v -0.00318511 0.41462999 -0.05960292
v 0.00589544 0.41811022 0.06410931
v -0.00385873 0.42120173 0.06801941
v 0.00711892 0.42148863 -0.06808800
v 0.00672649 0.42532737 0.07231494
v 0.00036705 0.42465427 -0.07192759
v -0.00463935 0.42786107 0.07500099
v -0.00105164 0.43007173 -0.07719859
v 0.00258901 0.43170251 0.07860946
v 0.00778212 0.43501851 -0.08104033
v 0.00464606 0.43945883 0.08463970
v -0.00322602 0.43712888 -0.08299100
v -0.00744788 0.44264598 0.08663569
v 0.00490084 0.44427540 -0.08787173
v 0.00046693 0.44871629 0.09066676
v -0.00445037 0.45137967 -0.09201602
v -0.00094262 0.45762309 0.09515255
v 0.00260859 0.45873104 -0.09560731
v 0.00584987 0.46558398 0.09814283
v -0.00409348 0.46663534 -0.09859378
v -0.00087066 0.47260953 0.10049728
v 0.00235536 0.47343005 -0.10069350
v 0.00280033 0.47965804 0.10212278
v -0.00034362 0.48063833 -0.10235086
v -0.00136245 0.48713567 0.10336030
v -0.00261387 0.48770657 -0.10340565
v -0.07186310 0.42462311 -0.00217173
v -0.06178659 0.41619025 -0.00300669
v 0.07029969 0.42313469 -0.00060654
v 0.06035617 0.41515779 0.00310231
v -0.07095866 0.42421714 0.00851613
v 0.07060325 0.42433514 -0.01186173
v -0.07898147 0.43295066 0.01081722
v 0.07830306 0.43270391 -0.01380423
v -0.05931704 0.41515042 -0.01152102
v 0.05912827 0.41496896 0.01114729
v -0.06095983 0.41762002 -0.01865839
v 0.06194428 0.41828132 0.01832094
v 0.07286529 0.43246213 0.03130460
v -0.06781229 0.42608986 0.02809774
v -0.06123711 0.42054707 -0.02807035
v 0.06515398 0.42431580 -0.02962348
v 0.06507710 0.42388993 0.02868658
v -0.07410185 0.43453569 -0.03277250
v -0.07320151 0.43550565 0.03650638
v -0.06392307 0.42704925 0.03798327
v 0.06447058 0.42866342 -0.04006651
v -0.07195332 0.43747287 -0.04199732
v 0.06717821 0.43052278 0.03886768
v 0.06683157 0.43595988 -0.04778174
v 0.07136298 0.43987640 0.04629440
v 0.05861669 0.42954488 -0.04950605
v 0.06245628 0.43196996 0.04818528
v -0.06344382 0.43463187 0.05052315
v -0.06309608 0.43284067 -0.04857164
v -0.06679701 0.44139485 0.05435343
v -0.06497133 0.43970847 -0.05472068
v 0.05648167 0.43584878 0.05954104
v -0.05971146 0.43717314 0.05777566
v -0.05607536 0.43414190 -0.05804274
v 0.05257478 0.43277708 -0.05972990
v -0.06440365 0.44526268 0.06088263
v -0.06295787 0.44389106 -0.06114564
v -0.05593848 0.44076365 0.06490486
v 0.05226693 0.43901998 -0.06633472
v -0.06021116 0.44943327 0.06832512
v -0.05527094 0.44232283 -0.06685179
v 0.06235655 0.45362109 -0.06936387
v -0.05896917 0.45200510 -0.07120267
v 0.05386391 0.44904563 0.07316438
v -0.05035724 0.44453659 0.07237858
v -0.04967264 0.44628718 -0.07415022
v 0.04491180 0.44740495 0.07789343
v -0.05531552 0.45458511 0.07568607
v -0.05249373 0.45405787 -0.07735905
v 0.04692981 0.44429151 -0.07446373
v 0.05430202 0.45338567 -0.07569071
v 0.05104599 0.45661956 0.07976929
v -0.04666660 0.45395704 0.08095045
v -0.04336929 0.45138724 -0.08128098
v 0.04526892 0.45268169 -0.08100859
v 0.04206492 0.45375469 0.08332232
v -0.04220526 0.46171293 -0.08719811
v 0.04071721 0.46101301 0.08759463
v -0.04313911 0.46076153 0.08631373
v -0.03816009 0.46750153 -0.09131456
v 0.04262615 0.46048872 -0.08644397
v 0.03687008 0.46674488 0.09157178
v -0.04063124 0.46813972 0.09046947
v 0.04038188 0.46824038 -0.09061633
v -0.03369070 0.46873912 0.09347938
v 0.03370948 0.46906455 -0.09358075
v -0.03165256 0.46861483 -0.09414764
v 0.02970902 0.46789630 0.09453795
v -0.03137269 0.47477851 -0.09607457
v -0.02881898 0.47391401 0.09664206
v 0.02916630 0.47434332 -0.09665273
v -0.02721313 0.47959945 -0.09845788
v 0.02795493 0.47564641 0.09734537
v -0.02514824 0.48134994 0.09935009
v 0.02631386 0.48131155 -0.09904045
v -0.01705932 0.47829186 -0.10044116
v 0.01765880 0.47685973 0.10001696
v -0.01635006 0.48018652 0.10094950
v 0.01743944 0.48371802 -0.10139750
v -0.01575710 0.48546759 -0.10193730
v -0.01287117 0.48762219 0.10262467
v -0.01085968 0.48938324 -0.10305359
v 0.01560707 0.48617694 0.10205900
v 0.00800473 0.49109612 0.10347629
v -0.00791935 0.49280750 0.10361588
v -0.08996997 0.44832350 -0.00925430
v 0.08941713 0.44737988 0.00929469
v 0.02992120 0.40328105 0.02451247
v -0.02843909 0.40223581 -0.02200172
v -0.03600567 0.40233282 0.00392564
v 0.03530523 0.40204636 -0.00305230
v 0.03680223 0.40323342 0.01151161
v -0.03657043 0.40306671 -0.01082762
v -0.09715214 0.46243346 -0.00095676
v 0.09717793 0.46248894 0.00024658
v -0.09276197 0.45290061 0.00525007
v 0.09248141 0.45249960 -0.00644912
v -0.09223648 0.45348155 0.01338526
v 0.09184053 0.45318352 -0.01497408
v -0.09349136 0.45863031 0.01996530
v 0.09332444 0.45884936 -0.02116275
v -0.09748020 0.46949680 0.02044175
v -0.09121027 0.45254722 -0.01672179
v 0.09720889 0.46882115 -0.02071234
v 0.09120094 0.45293630 0.01783500
v -0.09547156 0.46719073 -0.02567940
v 0.09678935 0.47103915 0.02537288
v 0.04619961 0.40926856 0.02200216
v -0.04583598 0.40940330 -0.02328080
v 0.09177294 0.45896932 0.02729288
v -0.03926402 0.40705310 0.02588258
v 0.03628638 0.40567436 -0.02523222
v -0.08856188 0.45255996 0.02751248
v -0.09117153 0.45653126 -0.02547388
v 0.08927963 0.45494502 -0.02915278
v 0.08921437 0.46003071 0.03597142
v -0.09199070 0.46260374 -0.03146312
v -0.03376172 0.40740881 0.03373003
v -0.04338954 0.41076242 -0.03169696
v 0.02927396 0.40526310 -0.03191624
v -0.09294579 0.46963123 0.03590986
v 0.09419521 0.47172709 -0.03433066
v -0.04342791 0.41123326 0.03294207
v 0.03880721 0.40929375 -0.03342257
v -0.08871163 0.45646027 -0.03294291
v 0.03968271 0.41253748 -0.04032718
v -0.08906272 0.45923846 0.03545460
v 0.08980621 0.46180583 -0.03642443
v -0.03871030 0.41147362 0.03892673
v -0.02785305 0.40612373 -0.03552672
v 0.03175074 0.40897119 -0.03945045
v -0.08442016 0.45263854 -0.03848149
v -0.03699633 0.40990912 -0.03695402
v -0.08892007 0.47046836 -0.04551703
v 0.08463463 0.45744369 0.04332012
v -0.04639538 0.41568658 0.03986746
v 0.02897326 0.40772215 0.03867872
v 0.08984163 0.46971778 -0.04315272
v 0.08673802 0.46861867 0.04839857
v 0.03840431 0.41277661 0.04204620
v 0.03452740 0.41331576 -0.04630758
v -0.08377436 0.45838925 -0.04583773
v 0.08455944 0.45916448 -0.04508714
v 0.08166601 0.45963925 0.05052095
v -0.08176454 0.45943422 0.05019639
v -0.07821524 0.45504735 -0.05208004
v -0.03889363 0.41482235 0.04563717
v -0.02977578 0.41385969 0.05043756
v 0.03791308 0.41699696 0.05023732
v -0.02809344 0.41237502 -0.04881922
v 0.03767760 0.41869294 -0.05310604
v 0.02719041 0.41414239 0.05234355
v 0.02801261 0.41462125 -0.05269206
v -0.03833553 0.41920554 0.05341668
v -0.03651094 0.41737249 -0.05186849
v 0.08403465 0.46737475 -0.05219635
v 0.08048476 0.46479909 0.05598029
v -0.08262925 0.46852904 0.05506983
v -0.08181864 0.46395161 -0.05345016
v -0.04984657 0.40909852 0.01014585
v 0.04876964 0.40852218 -0.01019918
v 0.03234480 0.41979301 0.05806330
v 0.03036453 0.41978619 -0.05911371
v -0.04495688 0.40780758 0.01816958
v 0.04304728 0.40688582 -0.01809348
v -0.07506664 0.45809030 -0.05881558
v -0.07822380 0.47039658 0.06209167
v -0.07785253 0.46773148 -0.06122436
v -0.03593799 0.42343209 0.06079898
v -0.03564983 0.42156497 -0.05854681
v 0.07748577 0.47005292 0.06284760
v -0.02597288 0.42121797 0.06300396
v -0.02634141 0.42032869 -0.06171958
v 0.03672466 0.42629808 0.06379672
v 0.07021307 0.46429536 0.06816156
v 0.02683500 0.42316535 0.06501550
v -0.03120279 0.40070410 -0.00417204
v 0.03101624 0.40069817 0.00527566
v -0.07183435 0.46382720 0.06619709
v -0.07200218 0.46190056 -0.06492159
v -0.05492416 0.41328263 0.01772378
v 0.05329629 0.41245947 -0.01862395
v -0.04910439 0.41181032 0.02573009
v 0.04624415 0.41057119 -0.02673309
v -0.07332416 0.47265282 0.06874882
v 0.07062230 0.47043461 -0.07063333
v -0.03380851 0.42657704 -0.06570195
v 0.03064172 0.42593307 -0.06652718
v -0.07248605 0.46999257 -0.06852753
v 0.07280588 0.47557398 0.07038016
v -0.03230796 0.42809488 0.06809220
v 0.02934688 0.43059575 0.07192014
v -0.03164455 0.43240088 -0.07266137
v 0.06586520 0.46791485 0.07404737
v 0.02634229 0.43289395 -0.07519010
v -0.06784016 0.46684828 0.07175916
v -0.06689037 0.47511450 0.07587550
v -0.06517481 0.47153945 -0.07611134
v 0.06488165 0.47457479 -0.07742492
v 0.06531367 0.47533622 0.07730794
v -0.02747582 0.43337463 0.07521196
v -0.02693739 0.43789584 -0.07917160
v 0.02795013 0.43903167 0.07970163
v 0.05695514 0.47061379 -0.08211730
v -0.02245533 0.43880488 0.08125032
v -0.05936867 0.46987653 0.08011641
v -0.05649109 0.46864557 -0.08170894
v -0.06003649 0.47902354 -0.08250032
v 0.05885194 0.47637464 0.08263768
v -0.02679157 0.44537902 0.08455448
v 0.02837344 0.44305620 -0.08248055
v -0.05961723 0.47641316 0.08209840
v 0.06001643 0.47994521 -0.08274371
v -0.02461742 0.44633408 -0.08581750
v -0.05307490 0.47344563 -0.08560732
v 0.05290779 0.47119854 0.08498198
v 0.02537356 0.44677668 0.08587292
v -0.05317143 0.47589302 0.08626907
v 0.05285987 0.47680685 -0.08670986
v -0.02460664 0.45203403 0.08913180
v 0.02486863 0.45220078 -0.08914862
v -0.05251146 0.48073622 -0.08787574
v 0.05246313 0.47856088 0.08739954
v 0.02402336 0.45470499 0.09067490
v -0.05110834 0.48136921 0.08883429
v 0.04956181 0.48170294 -0.08977490
v -0.02316277 0.45558336 -0.09133094
v -0.02159888 0.46002040 0.09373270
v 0.02207396 0.46070665 -0.09391199
v 0.01700355 0.45718330 0.09342541
v -0.04443860 0.48139207 -0.09235610
v 0.04469601 0.48085583 0.09212200
v -0.04481576 0.48280681 0.09244805
v 0.04364056 0.48268929 -0.09298672
v 0.01511359 0.46334935 0.09632760
v -0.01684692 0.46251629 -0.09571752
v 0.02129534 0.46911498 0.09717675
v -0.02339790 0.47085411 -0.09723038
v -0.03586815 0.48122437 -0.09597731
v 0.03557959 0.48273549 0.09636766
v -0.03523546 0.48382327 0.09668235
v 0.03500534 0.48376987 -0.09675690
v 0.01367861 0.46968408 0.09871443
v -0.01320911 0.46951476 -0.09872619
v -0.03162339 0.48735596 -0.09844177
v -0.02847357 0.48951673 0.09964967
v -0.01155293 0.47179668 0.09960824
v 0.01262848 0.47293644 -0.09979366
v -0.02290078 0.48582409 -0.10062450
v 0.02586614 0.48420388 0.09966004
v -0.02094855 0.48629293 0.10111367
v 0.02813172 0.48905805 -0.09969739
v 0.00826718 0.47401347 0.10053384
v -0.00692565 0.47509959 -0.10090934
v 0.00776132 0.47930702 -0.10179515
v 0.01031159 0.48024997 0.10175611
v -0.00895407 0.48271138 -0.10233093
v -0.00672956 0.47974930 0.10195745
v 0.02236220 0.49306389 -0.10150129
v 0.02396217 0.49263182 0.10110500
v -0.02162095 0.49298992 0.10165674
v -0.01848713 0.49143429 -0.10215452
v 0.01366657 0.49269870 -0.10300779
v 0.01586449 0.49396259 0.10277434
v 0.00708994 0.48482550 0.10281131
v 0.00663611 0.48619745 -0.10303466
v -0.01482060 0.49467065 0.10296916
v -0.01333286 0.49499608 -0.10318860
v 0.00010759 0.49472439 0.10403295
v -0.00561450 0.49423641 -0.10385542
v -0.10025619 0.47199529 -0.00388995
v 0.10042786 0.47251548 0.00308796
v -0.09832455 0.46711533 -0.01007873
v 0.09870962 0.46811972 0.00952628
v -0.08226722 0.43891403 -0.01874316
v 0.07839939 0.43371807 0.01763329
v 0.00334046 0.39787745 0.02026132
v -0.00357123 0.39748567 -0.01813154
v -0.10049444 0.47286335 0.00389476
v 0.10044675 0.47281086 -0.00467885
v -0.08756192 0.44357894 -0.00052221
v 0.08693711 0.44262454 -0.00082826
v -0.01665728 0.40051649 0.02600506
v 0.01559945 0.39964043 -0.02313668
v 0.04244494 0.40496905 0.00427056
v -0.04279469 0.40510669 -0.00381720
v -0.10054682 0.47607990 0.01299478
v 0.10029288 0.47537614 -0.01362690
v -0.08174151 0.44359239 0.03141982
v 0.08320958 0.44449375 -0.02908457
v -0.04048413 0.40465648 0.01101568
v 0.03925916 0.40407813 -0.01041177
v -0.02139129 0.40453686 0.03577568
v 0.01941230 0.40239851 -0.03078643
v 0.09683613 0.47286189 -0.02714730
v 0.07880557 0.44730290 0.04316701
v -0.05478282 0.41456096 -0.02344587
v 0.05491997 0.41517782 0.02529205
v 0.05442425 0.41848702 0.03527503
v 0.07790108 0.44265340 -0.03864556
v -0.05525264 0.42117177 0.03979892
v -0.08563433 0.44923956 -0.03067307
v 0.08433695 0.45178019 -0.03758748
v -0.01772198 0.40361183 -0.03529796
v 0.01612666 0.40474354 0.03894653
v 0.01541518 0.40696923 -0.04425312
v -0.07004307 0.44090957 -0.04952762
v -0.07196866 0.44111940 0.04694984
v -0.01754772 0.40975567 -0.04897685
v -0.01122371 0.41222968 -0.05496446
v -0.01130865 0.41135617 0.05352648
v -0.04479755 0.40693722 -0.01353495
v 0.04496577 0.40702321 0.01356795
v -0.05486755 0.42958420 0.05368302
v -0.05000950 0.42574372 -0.05325176
v -0.09883862 0.47243738 -0.01794231
v 0.09961883 0.47476910 0.01703467
v 0.01358978 0.41602095 0.06011268
v 0.09698742 0.47916586 0.03178160
v -0.09695627 0.47494640 0.02867923
v -0.04893121 0.43513012 -0.06517921
v 0.04700463 0.43309880 -0.06454056
v 0.04983119 0.43640756 0.06575370
v -0.09160387 0.47695237 0.04391170
v 0.09305520 0.47705028 0.04080112
v -0.10235079 0.48075106 -0.00211978
v 0.10243285 0.48110966 0.00116461
v -0.08651838 0.46878403 0.04889615
v -0.04861446 0.42148810 0.04819973
v -0.04488519 0.41936893 -0.04831816
v -0.01396825 0.41854272 -0.06340577
v 0.08892759 0.47787912 -0.04953017
v -0.08246550 0.43652506 0.00459047
v 0.08173387 0.43578887 -0.00686994
v -0.00973445 0.42582314 -0.07248259
v 0.04334728 0.43597688 -0.06980504
v -0.08891389 0.48332878 0.05164388
v -0.09035964 0.48306327 -0.04897937
v -0.08696701 0.47494796 0.05157359
v -0.10114110 0.47724442 -0.01016663
v 0.10152274 0.47854571 0.00913983
v 0.01670683 0.42152691 0.06643457
v -0.04701397 0.43928127 -0.07038194
v 0.02240354 0.40577081 -0.03833580
v 0.08326839 0.47619466 -0.05788238
v 0.08407288 0.47529732 0.05632248
v -0.08677359 0.44695701 -0.02252740
v 0.08707066 0.44852991 0.02490425
v 0.04569872 0.42884082 -0.06081684
v 0.04679610 0.43001740 0.06134539
v -0.07626518 0.43022577 -0.01287927
v 0.07510862 0.42840429 0.00913461
v -0.08383963 0.47754224 0.05759572
v -0.08444676 0.47513084 -0.05568631
v -0.07918864 0.47980662 0.06459170
v 0.07115217 0.45259853 0.05950767
v -0.02251830 0.40751305 -0.04230583
v -0.01202487 0.42482854 0.07110100
v 0.08263475 0.48392866 -0.06135061
v 0.08064827 0.48115793 0.06317853
v 0.02234453 0.40932096 0.04613814
v 0.04526146 0.41399223 0.03748009
v -0.05159131 0.41478181 -0.03044490
v 0.02497237 0.40984833 -0.04582300
v -0.07939430 0.44574736 0.04004867
v 0.01569142 0.43122284 -0.07664315
v -0.03044415 0.40971892 0.04210912
v 0.02328228 0.40332874 0.03103705
v -0.02360529 0.40254801 -0.02822400
v -0.07951796 0.44341565 -0.03641156
v -0.07897773 0.47829034 -0.06435763
v -0.04232973 0.43033019 0.06484605
v -0.07747550 0.44768496 -0.04594975
v -0.01920524 0.40902271 0.04695731
v -0.07837675 0.45001213 0.04699997
v 0.04037580 0.42987278 -0.06559465
v 0.04159346 0.43362000 0.06866131
v 0.07764035 0.47763018 -0.06574386
v -0.08941164 0.45006058 0.01903447
v 0.08845376 0.44944115 -0.02168928
v 0.07843174 0.45215436 0.04909123
v 0.06338685 0.41974762 -0.01980790
v 0.07847117 0.44920413 -0.04596459
v -0.04810274 0.43685009 0.06744564
v 0.06078400 0.44991606 0.06817330
v -0.07419435 0.48068000 0.07051692
v 0.07177886 0.48080547 -0.07300721
v -0.05226931 0.41616841 0.03302849
v 0.04840644 0.41524945 -0.03639853
v -0.07819054 0.48936522 -0.06799880
v 0.07687544 0.48872551 0.06938117
v -0.07259199 0.48006317 -0.07199737
v 0.07013169 0.48269601 0.07505207
v -0.04101168 0.43333660 -0.06873665
v -0.03963897 0.43684186 0.07273583
v 0.04866972 0.42518022 -0.05370241
v 0.05254583 0.42694527 0.05246557
v -0.04674901 0.41559625 -0.03925852
v 0.03907146 0.42439495 -0.06006653
v 0.04210959 0.42320942 0.05639756
v -0.01965477 0.39784567 -0.00537386
v 0.01950253 0.39791465 0.00699482
v 0.01632491 0.41199426 0.05328399
v 0.01704838 0.41185236 -0.05282081
v 0.04405959 0.41747693 -0.04581905
v -0.00946991 0.43257364 -0.07883336
v 0.04764421 0.41887196 0.04470978
v -0.09852362 0.47886394 -0.02640193
v 0.09979787 0.48198253 0.02380013
v -0.02123960 0.41464416 -0.05580281
v -0.02064625 0.41494628 0.05648269
v -0.07310066 0.45005665 0.05488766
v -0.07121757 0.44806300 -0.05550946
v -0.10013487 0.48094710 0.02146381
v 0.09961500 0.47881707 -0.02188206
v -0.09900145 0.48743314 0.02985777
v 0.09835114 0.49052410 -0.03298407
v -0.09829579 0.48871456 -0.03257721
v 0.09936370 0.48990752 0.02959201
v -0.01385180 0.43825199 0.08274062
v 0.03562889 0.43243631 -0.07082669
v -0.09405882 0.47152500 -0.03453708
v -0.07645251 0.46091032 0.05897212
v -0.09567463 0.47902453 0.03545555
v -0.05128331 0.43313393 0.06123439
v -0.04422138 0.42799232 -0.06091024
v 0.03333354 0.45368657 0.08714722
v -0.04252008 0.44601136 0.07828135
v -0.03928994 0.44052244 -0.07595666
v 0.01190437 0.44020475 -0.08446008
v -0.06708239 0.48184508 -0.07759540
v 0.09409644 0.48941584 0.04341114
v -0.09479981 0.49173644 -0.04237224
v -0.09348863 0.48981485 0.04479776
v -0.01453036 0.41923922 0.06416590
v -0.07175631 0.48690080 0.07436493
v -0.06877211 0.45447128 0.06362573
v -0.06712898 0.45305136 -0.06434454
v 0.07655771 0.46599464 -0.06191317
v 0.07416937 0.46027544 0.06141301
v 0.06621331 0.48312748 -0.07862445
v 0.06443680 0.48328638 0.08012021
v 0.03675154 0.43879344 -0.07585361
v 0.03801518 0.43935164 0.07567904
v -0.03261373 0.44162202 0.07986899
v -0.03578174 0.45119972 0.08478738
v 0.03562136 0.45231606 -0.08548713
v -0.02281208 0.42634754 -0.07004011
v -0.06055265 0.41561578 0.00796102
v 0.06023717 0.41544631 -0.00853513
v 0.07001414 0.45418104 -0.06204298
v 0.06730355 0.45496862 0.06552176
v -0.00648588 0.44380918 -0.08747123
v 0.03875493 0.44599658 -0.08020209
v 0.03544354 0.44641267 0.08199298
v -0.06452335 0.45876504 0.07061951
v 0.06859256 0.46133313 -0.06819548
v -0.05304137 0.46315333 0.08172904
v -0.05071694 0.46051181 -0.08197053
v -0.03370060 0.44564160 -0.08221999
v 0.01801410 0.42481440 -0.06980908
v -0.06607041 0.46140590 -0.07068162
v -0.01822416 0.43199507 -0.07677175
v 0.01816966 0.42787532 0.07292867
v 0.05186518 0.46132511 -0.08163911
v 0.04913118 0.46405545 0.08452699
v -0.05882370 0.48884221 -0.08524065
v 0.05852894 0.48365366 0.08460411
v -0.01193566 0.39654673 0.00237830
v 0.01155268 0.39647756 -0.00057838
v 0.01790793 0.43757291 -0.08144234
v -0.01206472 0.45222945 0.09177753
v -0.06493208 0.48897923 -0.08070354
v 0.01265387 0.45337338 -0.09228504
v -0.03251396 0.46158337 -0.09120141
v 0.03142234 0.46086120 0.09127698
v 0.02103536 0.43368402 0.07752678
v -0.05749593 0.48318900 0.08521918
v 0.05524216 0.48498242 -0.08702566
v -0.06468797 0.48422485 0.08010812
v -0.03344338 0.45345403 -0.08698106
v 0.06138341 0.45827910 0.07308993
v -0.01544931 0.43161692 0.07704396
v -0.06143212 0.46456872 0.07629823
v -0.05859937 0.46117543 -0.07687302
v -0.03259414 0.46079636 0.09083720
v 0.03260381 0.46119126 -0.09100309
v 0.06175108 0.46338541 -0.07547758
v 0.05808818 0.46693898 0.07989635
v -0.01488131 0.43936291 -0.08338094
v -0.08660156 0.44329932 0.01165772
v 0.08613076 0.44301935 -0.01361572
v 0.01742228 0.43977074 0.08318412
v -0.01343290 0.45530661 -0.09312760
v -0.05152644 0.49019875 -0.08999808
v 0.05341963 0.48920128 0.08877177
v -0.04869587 0.46888929 0.08666912
v -0.04565507 0.47217834 -0.08939945
v 0.04859090 0.46869980 -0.08665974
v 0.04500730 0.47077488 0.08928008
v -0.06483852 0.42045565 0.01787067
v -0.01794904 0.44464607 0.08639719
v 0.01685583 0.44482700 -0.08673241
v -0.03839607 0.47535571 0.09364348
v 0.03806540 0.47551155 -0.09381914
v -0.00782406 0.45969218 -0.09573272
v 0.00930092 0.45751695 0.09465401
v -0.05228684 0.40991667 0.00133326
v 0.05155353 0.40949421 -0.00127591
v -0.05303368 0.49002091 0.08909852
v 0.04975828 0.48886612 -0.09083413
v -0.05490133 0.47077991 0.08356273
v -0.01457629 0.44837722 -0.08929340
v 0.01305083 0.44932498 0.09006895
v -0.03485488 0.40353788 0.01819047
v 0.03307171 0.40270846 -0.01706782
v -0.04977388 0.46720316 -0.08542612
v -0.02037570 0.46806015 0.09703286
v 0.02105285 0.46889599 -0.09715970
v -0.09277454 0.45273094 -0.00303610
v 0.09257092 0.45229595 0.00237453
v -0.04366835 0.49155821 0.09419401
v 0.04281792 0.49131428 -0.09456148
v -0.03797641 0.47420108 -0.09350348
v 0.03678714 0.47400227 0.09392295
v -0.00387669 0.46585511 0.09833512
v 0.00527346 0.46689085 -0.09862386
v -0.04628025 0.47533231 0.09000191
v 0.04565783 0.47553286 -0.09037373
v -0.04443733 0.40589664 0.00453634
v 0.04361704 0.40549582 -0.00414803
v -0.02559685 0.46371411 -0.09422753
v 0.02316890 0.46206325 0.09420564
v 0.05222358 0.41021735 0.00790354
v -0.05263089 0.41045207 -0.00786474
v -0.01051293 0.46452371 -0.09737352
v -0.02749542 0.46620800 0.09461925
v 0.02779780 0.46674882 -0.09472239
v -0.04160334 0.49056992 -0.09503119
v 0.04340787 0.49068855 0.09423243
v -0.01179497 0.46240717 0.09642799
v 0.01277598 0.46341501 -0.09669024
v -0.02671042 0.49310856 -0.10044776
v -0.03454324 0.49418951 -0.09810043
v -0.03605568 0.49295469 0.09747334
v 0.03576879 0.49280323 -0.09756787
v 0.00378241 0.49344957 -0.10389165
v -0.02051132 0.47498568 0.09901651
v 0.02138777 0.47616574 -0.09912205
v 0.09383191 0.46468823 -0.02827260
v 0.03367550 0.49166976 0.09822049
v -0.10261002 0.48325120 0.00643122
v 0.10252611 0.48302052 -0.00712620
v -0.08037335 0.43379923 -0.00287783
v 0.07930695 0.43246627 0.00054225
v 0.01187968 0.40066694 0.02902606
v -0.01222325 0.40008611 -0.02680485
v -0.09454253 0.45734861 -0.00965754
v 0.09466581 0.45760310 0.00956963
v -0.10130576 0.48291774 -0.01720577
v 0.10195990 0.48596036 0.01605486
v 0.07052345 0.42551427 0.01813866
v -0.09356990 0.46389601 0.02814029
v -0.00948442 0.40166305 0.03302402
v 0.00710173 0.40826783 -0.04884124
v 0.08977289 0.46620842 0.04061587
v 0.00543737 0.40566831 0.04384819
v 0.09436989 0.48141825 -0.03999663
v 0.09781603 0.48069282 -0.03016531
v -0.05841213 0.41777922 0.02604735
v 0.05605391 0.41677122 -0.02795747
v 0.00754124 0.39650327 0.00906926
v -0.10235002 0.48720553 0.01454218
v 0.10213370 0.48636031 -0.01527599
v -0.03188531 0.40144178 0.01096817
v 0.03078414 0.40096665 -0.00976859
v -0.01046054 0.39798948 0.01830644
v 0.00982331 0.39755172 -0.01607937
v -0.01083720 0.40492142 0.04114991
v 0.09194538 0.48817910 -0.04750791
v 0.01300248 0.40352405 -0.03706776
v 0.08972406 0.48131409 0.04950880
v -0.01265838 0.40580167 -0.04262784
v -0.09596416 0.48657869 0.03822889
v 0.03745571 0.40468691 0.01905722
v -0.03640150 0.40420572 -0.01868372
v 0.08722901 0.48511409 -0.05495633
v 0.08661607 0.48667812 0.05631054
v 0.02012808 0.40044854 0.02313138
v -0.01992032 0.39992189 -0.02093435
v -0.02426402 0.39882198 0.00499617
v 0.02364213 0.39861238 -0.00350620
v -0.05975330 0.42136294 0.03311275
v 0.05789732 0.42111203 -0.03571106
v -0.05613874 0.42009898 -0.03626243
v -0.00654971 0.39927175 0.02572190
v 0.00619020 0.39864104 -0.02321071
v -0.05488364 0.42387122 -0.04519834
v -0.05905299 0.42746675 0.04585161
v -0.06481746 0.42764914 -0.03761309
v 0.05399706 0.42242532 -0.04378558
v 0.05790176 0.42477153 0.04288074
v 0.01516121 0.39822893 0.01623210
v -0.01516754 0.39794156 -0.01430788
v 0.07374285 0.43067669 0.02463662
v -0.00695698 0.40240034 -0.03572955
v -0.08059061 0.43646004 0.01784731
v 0.08024625 0.43734854 -0.02204595
v -0.10312668 0.48881995 -0.00951801
v 0.10333202 0.48935884 0.00774270
v 0.00745678 0.40505627 -0.04219926
v -0.08103225 0.44064043 -0.02758463
v -0.08434999 0.43970358 -0.01000598
v 0.08289663 0.43756081 0.00895473
v -0.05326478 0.41200581 -0.01644938
v 0.05345512 0.41211985 0.01644149
v -0.09694871 0.46345689 0.01078187
v 0.09674208 0.46319246 -0.01169888
v -0.07384370 0.42883803 0.01826968
v 0.07241795 0.42831845 -0.02163528
v 0.06461672 0.43864566 0.05395386
v 0.06058957 0.43634137 -0.05592112
v 0.03842269 0.40956135 0.03457225
v 0.07200863 0.44710155 0.05354629
v 0.07029443 0.44508158 -0.05378985
v -0.02835336 0.40324282 0.02616931
v 0.02607130 0.40202365 -0.02390845
v 0.07843682 0.48917523 -0.06768440
v 0.09338838 0.46859047 0.03380448
v 0.06657134 0.42049869 0.00992425
v -0.06685416 0.42095560 -0.01154122
v -0.00778320 0.39637252 -0.00717375
v 0.08458748 0.44981143 0.03430389
v 0.00646661 0.40255711 0.03624585
v -0.08807245 0.46463528 0.04293345
v 0.06434872 0.44568635 0.06131854
v 0.06152129 0.44438227 -0.06302768
v 0.07629914 0.43951664 0.03702562
v -0.07720467 0.43017318 0.00378841
v 0.07633334 0.42942321 -0.00654438
v 0.02326654 0.42059581 -0.06327981
v 0.01418915 0.41743141 -0.06190143
v 0.07784929 0.45653902 -0.05386390
v 0.07657458 0.45594755 0.05519428
v -0.08445768 0.44326350 0.02232866
v -0.08484031 0.45101762 0.03540549
v -0.08498233 0.48883992 0.05919592
v 0.02729592 0.40064933 0.01533204
v -0.02690633 0.40032312 -0.01382985
v -0.08541728 0.48826337 -0.05845371
v -0.02140410 0.42601317 0.07013210
v -0.01277963 0.41484360 0.05861541
v 0.02226043 0.41742087 0.05946307
v -0.09087864 0.49258168 -0.05036603
v -0.09021050 0.49236717 0.05152190
v -0.07841803 0.48931411 0.06772832
v 0.00955094 0.40068424 -0.02993079
v -0.07136918 0.48999381 -0.07521310
v 0.07074238 0.49048969 -0.07586671
v 0.08954197 0.49300197 -0.05276317
v 0.09084457 0.49144650 0.05024733
v 0.06988075 0.49092971 0.07671444
v 0.05571325 0.44276167 0.06686181
v -0.07738392 0.43525451 0.02589306
v 0.07410317 0.43412491 -0.03193560
v -0.03747768 0.41368245 -0.04466988
v -0.09537122 0.46201798 -0.01767469
v 0.09598984 0.46370562 0.01787061
v 0.04583099 0.45877868 0.08397035
v -0.10375803 0.49079908 0.00055963
v 0.10375954 0.49087850 -0.00120215
v 0.00628859 0.41277401 -0.05659304
v 0.00640761 0.41282611 0.05665997
v 0.08510684 0.49183761 -0.05950537
v -0.06864941 0.49251813 0.07798706
v -0.00251103 0.41998959 -0.06665373
v 0.02264813 0.41659267 -0.05814612
v -0.08393371 0.45482659 0.04201423
v -0.08903981 0.46184542 -0.03829931
v -0.08717415 0.44512544 -0.01549674
v 0.08533030 0.44293112 0.01767974
v -0.06123919 0.44768307 -0.06605600
v 0.02282161 0.42560496 0.06924773
v 0.08337209 0.49127153 0.06183528
v 0.00439457 0.41698948 -0.06277446
v 0.04650003 0.41188376 0.03039685
v -0.00925196 0.40778367 0.04755257
v -0.00907559 0.40836203 -0.04869095
v 0.06254810 0.49113921 0.08282461
v 0.00802104 0.42757094 -0.07443376
v 0.00816528 0.40922124 0.05043055
v -0.10352364 0.49222259 0.00854796
v 0.10347307 0.49202183 -0.00896454
v -0.06213845 0.49162274 0.08318255
v 0.07159364 0.43636901 -0.04094066
v 0.06248449 0.49013858 -0.08275947
v -0.06293197 0.49444181 -0.08282130
v -0.03482738 0.40596526 -0.02819956
v -0.03068071 0.40964694 -0.04178172
v 0.03855062 0.40708788 0.02705331
v -0.04544988 0.42583376 0.05730947
v -0.04238419 0.42217194 -0.05474548
v 0.04752421 0.44118098 0.07164124
v -0.04883386 0.44964983 0.07701178
v -0.10122482 0.49010805 -0.02250296
v 0.10138705 0.49153657 0.02235459
v -0.02496660 0.43199080 -0.07484724
v 0.05918537 0.43317147 0.05368178
v 0.05524821 0.43079113 -0.05484941
v -0.10150192 0.49107819 0.02164396
v 0.10084248 0.48934034 -0.02382970
v 0.00548372 0.45316976 0.09288463
v -0.00571899 0.43495160 0.08115846
v -0.02965781 0.41700306 -0.05552130
v -0.03024013 0.41824452 0.05702872
v 0.09556265 0.49199172 -0.04067352
v -0.09548550 0.49724112 -0.04154041
v 0.01182154 0.43264654 0.07857773
v 0.01372373 0.40789452 0.04667906
v 0.03107384 0.41188350 0.04604991
v -0.00445813 0.39644030 0.01030579
v 0.00404983 0.39624526 -0.00832152
v 0.05687360 0.43798247 -0.06139959
v -0.06872739 0.42450292 -0.02067444
v -0.06658421 0.43288626 0.04373772
v 0.07531148 0.44649566 0.04812650
v 0.03192841 0.40590623 0.03126713
v 0.07327075 0.44165263 -0.04558148
v 0.08024511 0.43929404 0.02694811
v 0.01266280 0.39902277 0.02222493
v 0.00394126 0.45178052 -0.09224987
v -0.01275445 0.39858951 -0.02009802
v 0.05569411 0.49277339 -0.08773044
v 0.09668988 0.48704724 0.03652376
v 0.05570454 0.44672086 -0.07006445
v 0.08473721 0.44342406 -0.02166696
v -0.09434054 0.48080434 -0.03977546
v -0.07564302 0.43240670 -0.02366383
v -0.05618432 0.42893667 -0.05142003
v 0.06135010 0.42416470 0.03654950
v 0.04518542 0.42127550 0.05110211
v -0.06920196 0.42761808 -0.02868177
v -0.09659339 0.47991694 -0.03342281
v -0.10243866 0.49043501 -0.01629512
v -0.06651791 0.41988738 0.00283438
v -0.00192041 -0.39585141 0.00027981
v 0.01782417 -0.39759323 0.00677095
v -0.02308881 -0.39855939 -0.00523492
v -0.00737905 -0.39757754 0.01748956
v 0.00543592 -0.39756705 -0.01812829
v -0.01966171 -0.39976685 0.02043109
v 0.01966352 -0.39968181 -0.02000747
v -0.00293714 -0.40179562 0.03461169
v 0.00231084 -0.40223933 -0.03589156
v -0.00411902 -0.40499560 0.04251934
v -0.00279098 -0.40564103 -0.04403735
v 0.00090408 -0.40830870 0.04942251
v -0.00279102 -0.40985579 -0.05212412
v 0.00276729 -0.41351231 0.05799068
v -0.00393512 -0.41431191 -0.05909956
v -0.00670492 -0.42223754 0.06898363
v 0.00571787 -0.42186278 -0.06864817
v 0.00424040 -0.42486874 0.07202784
v -0.00411454 -0.42442278 -0.07156708
v -0.00395762 -0.43051025 0.07749974
v 0.00313040 -0.42917879 -0.07632331
v 0.00376684 -0.43650295 0.08249020
v -0.00418529 -0.43467241 -0.08102765
v -0.00744265 -0.44045862 0.08514769
v 0.00562140 -0.43678597 -0.08260192
v 0.00274956 -0.44329304 0.08733533
v -0.00205687 -0.44161558 -0.08624222
v 0.00136329 -0.44973645 0.09122727
v -0.00089375 -0.44768608 -0.09007300
v 0.00360583 -0.45282416 -0.09280156
v -0.00225313 -0.45704585 0.09487130
v -0.00140317 -0.45909327 -0.09578811
v 0.00275092 -0.46708303 -0.09879067
v 0.00431775 -0.46421276 0.09773090
v -0.00464304 -0.47156926 -0.10010407
v -0.00257755 -0.47083537 0.09996739
v 0.00199366 -0.47535713 -0.10119014
v -0.00051183 -0.47891394 0.10200890
v 0.00067066 -0.48219288 -0.10263112
v -0.00293468 -0.48683800 0.10329012
v 0.00020754 -0.48878025 -0.10356044
v 0.07566661 -0.42852484 0.00406889
v -0.07553366 -0.42836957 -0.00380068
v 0.08846851 -0.44560099 0.00804741
v 0.06860026 -0.42228454 -0.01024705
v -0.08875709 -0.44619785 -0.00884340
v -0.06947708 -0.42321204 0.01128019
v 0.07732360 -0.43132821 -0.01248744
v -0.07837786 -0.43243096 0.01191784
v 0.06287178 -0.41815586 0.01411977
v -0.06218579 -0.41745891 -0.01306115
v -0.07339603 -0.42909286 0.02087819
v 0.06590668 -0.42276381 0.02327173
v -0.06620000 -0.42204248 -0.01977072
v 0.07746962 -0.43598587 0.02741060
v -0.07423318 -0.43245714 -0.02789433
v 0.06735588 -0.42646305 -0.03010304
v -0.06549909 -0.42463304 -0.02967132
v -0.06721864 -0.42724192 0.03222756
v 0.06349638 -0.42447156 0.03338199
v -0.07229257 -0.43383164 -0.03530197
v -0.07971817 -0.44238742 0.03430021
v 0.07558863 -0.43787554 0.03574358
v 0.06632052 -0.42927116 -0.03807506
v -0.07092918 -0.43762754 -0.04392521
v -0.06918985 -0.43351702 0.04053983
v 0.06951425 -0.43677876 -0.04496147
v -0.07010564 -0.43896903 0.04702255
v 0.06215565 -0.42759471 0.04177132
v 0.06138020 -0.42983184 -0.04647138
v -0.05771172 -0.42964623 0.05069915
v 0.06046569 -0.43137274 0.04984870
v -0.06270147 -0.43358241 -0.05007918
v 0.06603355 -0.43962887 0.05334408
v -0.06431369 -0.44002340 -0.05583236
v 0.05651454 -0.43538989 0.05901131
v 0.05451923 -0.43330476 -0.05856696
v -0.05594488 -0.43460629 -0.05869010
v -0.05496845 -0.43344471 0.05830576
v 0.06361204 -0.44471169 0.06121605
v -0.06212796 -0.44393070 -0.06202455
v 0.05687300 -0.44021624 -0.06357714
v -0.05712270 -0.44065964 0.06376848
v 0.05547852 -0.44322976 0.06745346
v 0.06149121 -0.44782738 -0.06593586
v -0.05428631 -0.44204080 -0.06741233
v -0.06144171 -0.44846653 0.06648247
v 0.05943999 -0.45329544 0.07166775
v -0.05766901 -0.45180212 -0.07212451
v 0.05212768 -0.44519686 -0.07162409
v -0.05213436 -0.44531530 0.07170978
v 0.04881067 -0.44757271 0.07562799
v -0.04708377 -0.44543233 -0.07520759
v 0.05454631 -0.45404481 -0.07591778
v -0.05415758 -0.45406705 0.07620906
v 0.05334468 -0.45625614 0.07804816
v -0.05104974 -0.45434397 -0.07848659
v 0.04589864 -0.45218376 -0.08035926
v -0.04541426 -0.45164748 0.08031363
v 0.04512613 -0.45547474 0.08265488
v -0.04174933 -0.45287396 -0.08298688
v 0.04558995 -0.46455104 0.08669270
v -0.04173241 -0.46279037 -0.08788938
v 0.04299580 -0.46059625 -0.08630987
v -0.04152402 -0.45994177 0.08672827
v 0.03806155 -0.46594772 0.09078798
v 0.03918215 -0.46666655 -0.09057775
v -0.03634989 -0.46630597 0.09161931
v -0.03290237 -0.46388416 -0.09199876
v 0.02954949 -0.46685121 0.09422676
v 0.03187995 -0.46991022 -0.09449319
v -0.03105002 -0.47068313 -0.09501110
v -0.03120049 -0.47151341 0.09521420
v -0.02611671 -0.47492714 0.09767277
v 0.02729898 -0.47518473 0.09741491
v -0.02761062 -0.48336607 -0.09905381
v 0.02712013 -0.47870257 -0.09829347
v -0.02337752 -0.48032977 0.09958551
v 0.01632302 -0.47619179 0.10008709
v -0.01667020 -0.48165350 -0.10117411
v 0.01724913 -0.48319286 -0.10134435
v -0.01522892 -0.47780938 0.10062979
v -0.01505344 -0.48949234 -0.10253621
v 0.01401140 -0.48615759 0.10228767
v 0.01389750 -0.48983688 -0.10273393
v -0.01179728 -0.48937544 0.10294971
v 0.00798073 -0.49237917 -0.10358050
v -0.00798152 -0.49222059 -0.10356866
v 0.08118168 -0.43482990 -0.00361716
v -0.08155396 -0.43527071 0.00312572
v 0.02475761 -0.40071715 0.01951078
v -0.02714890 -0.40152140 -0.02038620
v 0.03010822 -0.40119177 0.01345821
v 0.06731674 -0.42072126 0.00583351
v -0.06675911 -0.42017568 -0.00469004
v 0.03293012 -0.40118207 -0.00114719
v -0.03953352 -0.40370190 0.00380442
v 0.09904181 -0.46838466 -0.00647143
v -0.09946677 -0.46939914 0.00454406
v 0.09217856 -0.45352966 -0.01393954
v -0.09279998 -0.45423545 0.01201954
v 0.09313223 -0.45874629 -0.02179930
v -0.09399883 -0.45958272 0.01952855
v 0.08769884 -0.44623639 0.01640361
v 0.09684742 -0.46867493 -0.02213607
v -0.08837257 -0.44818539 -0.01887412
v -0.09774037 -0.46986571 0.01973436
v -0.09008018 -0.45504389 0.02674339
v -0.09403890 -0.46318526 -0.02553542
v 0.04878450 -0.41100280 0.02345771
v -0.04767708 -0.41056417 -0.02405877
v 0.09075046 -0.45338108 0.02101716
v -0.09026904 -0.45460534 -0.02532832
v 0.02792442 -0.40377624 0.02849402
v -0.02946746 -0.40349889 0.02588245
v 0.09333586 -0.45380138 0.00218997
v -0.09295700 -0.45306052 -0.00252597
v 0.08896614 -0.45451412 -0.02944061
v -0.08950401 -0.45781912 -0.03256535
v -0.03881589 -0.40815496 0.03014154
v 0.08761787 -0.45187067 0.02928084
v -0.09322782 -0.46798525 -0.03367976
v -0.09419665 -0.47121057 0.03389484
v 0.03059461 -0.40600332 -0.03285249
v -0.04492949 -0.41177127 -0.03236861
v 0.09292727 -0.46956738 0.03590361
v 0.09364004 -0.47082979 -0.03509033
v 0.03915777 -0.40887810 0.03184591
v 0.04036799 -0.41016803 -0.03393130
v -0.09029283 -0.46092853 0.03422463
v 0.04245229 -0.41396436 -0.04057539
v 0.08835610 -0.45874327 0.03663023
v 0.08942295 -0.46129044 -0.03682112
v 0.03331899 -0.41044044 -0.04146831
v -0.02858609 -0.40662478 -0.03625738
v -0.08378219 -0.45238754 -0.03955117
v -0.08531300 -0.45692904 0.04144014
v -0.03802926 -0.41063400 -0.03765885
v -0.08687955 -0.46924357 -0.04854567
v 0.04431843 -0.41437136 0.03942471
v -0.02798373 -0.40898108 0.04222752
v 0.08959188 -0.46919773 -0.04330362
v -0.08819925 -0.47339721 0.04861980
v 0.03638646 -0.41108943 0.04026947
v -0.04020171 -0.41563592 0.04601330
v 0.03933608 -0.41523667 -0.04602763
v -0.08259336 -0.45812340 -0.04770098
v 0.08430470 -0.45886198 -0.04528874
v -0.08416685 -0.46285427 0.04885526
v 0.08123320 -0.45842553 0.05023369
v -0.07703711 -0.45476219 -0.05356790
v 0.03906265 -0.41468840 0.04524085
v -0.03837814 -0.41861072 0.05247477
v 0.02935544 -0.41174305 0.04690058
v 0.04013286 -0.41933684 -0.05228286
v -0.02854124 -0.41294359 -0.04957089
v -0.02857818 -0.41510767 0.05317215
v 0.02500414 -0.41402422 -0.05323204
v 0.03764171 -0.41787410 0.05185686
v -0.03700864 -0.41837182 -0.05308385
v 0.08419698 -0.46735381 -0.05192094
v -0.08264012 -0.46931451 0.05549515
v 0.08285653 -0.46684520 0.05372380
v -0.08040424 -0.46329912 -0.05512621
v -0.04972911 -0.40990566 0.01614692
v 0.04866482 -0.40844465 -0.01000226
v -0.03150406 -0.42033257 0.05925617
v 0.03083783 -0.41900839 -0.05779341
v 0.05402299 -0.41095356 -0.00171487
v -0.05139711 -0.40956857 0.00558485
v 0.04289580 -0.40685120 -0.01827413
v 0.07640256 -0.45899870 0.05772552
v -0.07387856 -0.45775089 -0.06006385
v 0.07835856 -0.46909058 0.06127999
v -0.07664721 -0.46711130 -0.06240379
v 0.03582623 -0.42320532 0.06057850
v -0.03584737 -0.42343301 -0.06085356
v -0.08132756 -0.47515549 0.06016044
v 0.02433084 -0.41956346 0.06155217
v -0.02480755 -0.42025232 -0.06225421
v -0.07709736 -0.46792937 0.06227497
v 0.07274326 -0.46298438 0.06472215
v -0.07086633 -0.46155459 -0.06595914
v -0.05583643 -0.41463686 0.02112166
v 0.05289251 -0.41218984 -0.01850540
v 0.04694179 -0.41088803 -0.02657472
v 0.07101382 -0.46739221 -0.06888002
v -0.07024048 -0.46782726 0.06987052
v 0.02712965 -0.42715413 0.06934088
v -0.03338732 -0.42700345 0.06638893
v 0.03265144 -0.42645557 -0.06614976
v -0.02902821 -0.42689637 -0.06829286
v 0.07287741 -0.47100662 0.06854897
v -0.07143506 -0.46957755 -0.06944208
v 0.02211824 -0.39821334 -0.00097610
v -0.02731299 -0.39956329 0.00414291
v -0.03077090 -0.43293518 0.07352659
v 0.02956684 -0.43249701 -0.07361955
v 0.10021810 -0.47332444 0.00976922
v -0.10018728 -0.47275569 -0.00842349
v 0.06492942 -0.47259170 -0.07670491
v -0.06440692 -0.47263516 0.07715967
v 0.02330790 -0.43385330 0.07701982
v -0.03199850 -0.43446452 -0.07437667
v 0.06565655 -0.47242816 0.07602438
v -0.06414664 -0.47126615 -0.07687827
v -0.02888287 -0.43873404 0.07913887
v 0.02703447 -0.43839441 -0.07952722
v 0.05825998 -0.46965314 0.08084267
v -0.05618644 -0.46841640 -0.08183064
v 0.05717739 -0.46794930 -0.08095793
v -0.05664985 -0.46821048 0.08143047
v 0.05928223 -0.47850396 -0.08291095
v -0.05953675 -0.47794155 0.08258027
v 0.02933465 -0.44204647 0.08143441
v -0.02363121 -0.43904104 -0.08109416
v 0.05988452 -0.47906004 0.08261996
v -0.05833648 -0.47834789 -0.08353882
v -0.02797745 -0.44497159 0.08390373
v 0.02541932 -0.44411391 -0.08415042
v -0.01893297 -0.44709055 -0.08770875
v 0.01924885 -0.44789137 -0.08811845
v 0.05284684 -0.47182408 -0.08522921
v -0.05209380 -0.47355488 0.08624147
v 0.05194432 -0.48045013 0.08814922
v -0.04989228 -0.48030786 -0.08929542
v -0.02501576 -0.45101384 0.08846054
v 0.02276452 -0.45586553 -0.09156754
v 0.05035456 -0.47914646 -0.08877070
v -0.04706479 -0.47849361 0.09040509
v 0.02359799 -0.45084968 0.08875854
v -0.01386012 -0.45344964 -0.09215016
v -0.02316870 -0.45882532 0.09283618
v 0.01586345 -0.45506557 0.09262800
v 0.04398870 -0.48183031 0.09265826
v -0.04225693 -0.48306119 -0.09369163
v 0.04303593 -0.48318127 -0.09335806
v -0.04229440 -0.48269146 0.09360715
v 0.01388495 -0.46173689 0.09588452
v 0.01699961 -0.46120562 -0.09516669
v -0.01629625 -0.46080747 -0.09512659
v 0.02040815 -0.46793539 0.09698487
v 0.02068689 -0.46974079 -0.09750447
v 0.03499179 -0.48289662 0.09661131
v -0.03575991 -0.48564354 -0.09677713
v -0.03349352 -0.48191075 0.09696218
v 0.03568016 -0.48565078 -0.09680762
v 0.01230277 -0.46849349 0.09852248
v -0.01286688 -0.47287207 -0.09974573
v -0.03249036 -0.49210481 -0.09865462
v 0.03595128 -0.49328014 -0.09753480
v -0.02707267 -0.48873063 0.09995385
v -0.01237097 -0.46982837 0.09893094
v 0.01175585 -0.47385935 -0.10014567
v 0.02498925 -0.48404655 0.09985851
v -0.02295807 -0.48918645 -0.10102814
v 0.02819087 -0.48887916 -0.09966088
v -0.01797320 -0.48520627 0.10153231
v 0.00637158 -0.47295358 0.10039219
v -0.00804706 -0.47586141 0.10101125
v 0.00795892 -0.48006403 -0.10193087
v -0.00654080 -0.47808633 -0.10162529
v 0.00822324 -0.47971987 0.10184200
v -0.00758614 -0.48535636 -0.10285283
v -0.00944409 -0.48228042 0.10221313
v 0.02330440 -0.49264949 0.10125993
v 0.02115185 -0.49278688 -0.10174114
v 0.07018085 -0.42303660 -0.00140485
v -0.07022374 -0.42309811 0.00232874
v -0.01992792 -0.49373522 -0.10205058
v -0.02056825 -0.49306691 0.10188022
v 0.06321582 -0.41723077 -0.00192501
v -0.06273652 -0.41693513 0.00388006
v 0.08307340 -0.43739987 0.00554290
v -0.08308395 -0.43746663 -0.00611002
v 0.00479204 -0.48472334 0.10292890
v 0.00801624 -0.48603574 -0.10291467
v -0.01492442 -0.49507959 -0.10297447
v -0.01394954 -0.49525868 0.10311949
v -0.00570515 -0.49392581 0.10383282
v 0.00016125 -0.49480387 -0.10403684
v 0.09738229 -0.46302193 0.00003502
v -0.00441584 -0.39627899 0.00855260
v 0.00087543 -0.39617418 -0.00837419
v 0.00317695 -0.39878183 0.02440256
v -0.00414040 -0.39948254 -0.02701466
v -0.07822233 -0.43252429 -0.01337885
v 0.09987773 -0.47429556 -0.01464275
v -0.10037835 -0.47511183 0.01246862
v 0.08220440 -0.44306658 0.02918415
v 0.08282285 -0.44386883 -0.02898890
v -0.03418010 -0.40230581 0.01175854
v 0.03808548 -0.40354757 -0.00985478
v 0.02074963 -0.40260150 -0.03055615
v 0.09627106 -0.47227697 -0.02853077
v -0.07504942 -0.44040781 0.04082957
v 0.05684880 -0.41761520 0.02883838
v -0.05828417 -0.41654479 -0.02211063
v 0.07678486 -0.44153310 -0.03919689
v -0.01958419 -0.40803279 0.04482399
v -0.01900222 -0.39851250 -0.01378037
v 0.02000005 -0.40392995 0.03494621
v -0.02182977 -0.40571197 0.03852175
v 0.08391743 -0.45123894 -0.03782740
v -0.01868835 -0.40423820 -0.03648449
v -0.08448405 -0.44488053 0.02598055
v 0.01485100 -0.40705467 -0.04462404
v -0.06919280 -0.44113125 -0.05096589
v 0.06904967 -0.43592021 0.04445915
v 0.08765579 -0.44373508 -0.00118770
v -0.08783815 -0.44400865 0.00035686
v -0.01805658 -0.41004152 -0.04931658
v 0.01798870 -0.40901506 0.04742197
v 0.07242677 -0.44331616 0.04890807
v -0.01160681 -0.41215231 -0.05476092
v 0.01099420 -0.41103811 0.05306229
v 0.05182994 -0.42693664 0.05316105
v -0.05059720 -0.42673166 -0.05405894
v 0.09824447 -0.47051996 0.01815604
v -0.09739947 -0.46662057 -0.01580682
v 0.09713715 -0.47442764 0.02758839
v -0.09759739 -0.47534208 0.02678502
v 0.09671513 -0.47828434 -0.03202034
v -0.09156603 -0.47237176 -0.04126790
v 0.04922508 -0.43565196 0.06547454
v -0.04866495 -0.43484603 -0.06509513
v 0.09179426 -0.47665589 0.04335387
v -0.09365909 -0.47927889 0.04061171
v 0.05414456 -0.41219249 0.01445338
v -0.05206206 -0.41089952 -0.01418954
v -0.03923154 -0.40558488 0.01993409
v 0.03704829 -0.40619150 -0.02603998
v 0.04685285 -0.41987145 0.04727495
v -0.04562311 -0.42044956 -0.04940602
v -0.01362584 -0.41763028 -0.06229172
v 0.01314723 -0.41681124 0.06129826
v 0.06216739 -0.41859933 -0.01896939
v -0.05683030 -0.41774018 0.02922904
v 0.08894211 -0.47748630 -0.04932669
v -0.01064613 -0.42209080 -0.06831917
v 0.01083153 -0.42179962 0.06795643
v -0.08870066 -0.47954670 -0.05064141
v 0.07889774 -0.43325097 0.01305391
v 0.08741963 -0.47351129 0.05006844
v 0.08202294 -0.43918014 0.02058819
v -0.08058638 -0.43789696 -0.02235500
v -0.02931182 -0.40628983 0.03478387
v 0.02287391 -0.40618144 -0.03905834
v 0.02930860 -0.40734789 0.03751382
v 0.08371700 -0.47610312 -0.05719346
v -0.08579025 -0.47879300 0.05514524
v 0.08632193 -0.44658421 0.02336599
v -0.08464982 -0.44711013 -0.02979541
v 0.04696760 -0.42960505 -0.06073949
v -0.04714627 -0.42951478 0.06049596
v 0.08408875 -0.47648943 0.05680694
v -0.08306882 -0.47381842 -0.05713836
v -0.02323772 -0.40802086 -0.04301790
v -0.01451372 -0.42806145 0.07392493
v 0.01319392 -0.42722084 -0.07334716
v 0.08295604 -0.48357638 -0.06082145
v -0.08266474 -0.48326098 0.06113139
v -0.02565685 -0.41126295 0.04814727
v -0.04757809 -0.41403925 0.03460887
v -0.08543802 -0.45112204 0.03408796
v -0.05401506 -0.41658368 -0.03122157
v 0.02412241 -0.41024675 -0.04704417
v 0.08206970 -0.44837299 0.03807766
v -0.02351828 -0.40282327 -0.02922786
v -0.07814274 -0.44253692 -0.03797897
v -0.04824989 -0.41122374 0.02532631
v -0.08038086 -0.44793578 0.04097480
v 0.07896784 -0.47914209 0.06465076
v -0.07804641 -0.47757106 -0.06524106
v -0.07642873 -0.44749722 -0.04746371
v 0.01402013 -0.40532548 0.04112014
v 0.07806457 -0.45010432 0.04761342
v 0.04173203 -0.42996582 -0.06484089
v -0.04208744 -0.43013740 0.06479632
v 0.07824124 -0.47692745 -0.06478158
v -0.07720165 -0.47694576 0.06602354
v 0.04889610 -0.41398827 0.03258598
v 0.08829541 -0.44906800 -0.02146023
v -0.08929707 -0.44991528 0.01918992
v -0.07939732 -0.45280606 0.04816116
v -0.06406113 -0.42071574 0.02146802
v 0.07832975 -0.44902991 -0.04601292
v 0.07217618 -0.47945133 -0.07224292
v -0.07146552 -0.47948825 0.07295648
v 0.05052945 -0.41612466 -0.03553017
v 0.07809794 -0.48973675 0.06816209
v -0.07771565 -0.48897003 -0.06847855
v 0.07266070 -0.48076496 0.07211886
v -0.07172788 -0.47972320 -0.07276439
v 0.03983272 -0.43239727 0.06851219
v -0.03994650 -0.43179310 -0.06784386
v 0.03948005 -0.43463416 -0.07084718
v -0.04010900 -0.43481848 0.07066355
v 0.04893645 -0.42560191 -0.05404478
v -0.04874158 -0.42477878 0.05307283
v -0.04801228 -0.41681251 -0.04031572
v -0.04625495 -0.41691428 0.04251988
v -0.01860144 -0.41226606 0.05298527
v 0.01577012 -0.41176905 -0.05307819
v 0.04781349 -0.41946415 -0.04559098
v -0.01363648 -0.43420261 0.07959552
v 0.01185574 -0.43273488 -0.07864817
v -0.05017842 -0.42126673 0.04619412
v 0.09986863 -0.47977436 0.02163033
v -0.09792984 -0.47555567 -0.02574724
v -0.02112838 -0.41474971 -0.05600601
v 0.02103651 -0.41375688 0.05450032
v -0.04042183 -0.43832044 -0.07356902
v 0.07199961 -0.44901430 0.05538239
v -0.07021376 -0.44802178 -0.05673612
v -0.10032074 -0.48042341 0.02008000
v 0.09852133 -0.48857743 -0.03183961
v -0.09807786 -0.48778636 -0.03289769
v -0.09690974 -0.48012625 0.03262262
v -0.09524127 -0.47703773 -0.03539113
v 0.04642202 -0.42908849 0.06055782
v -0.04589383 -0.42880799 -0.06063124
v 0.05931443 -0.45279677 -0.07144468
v 0.04229488 -0.44223118 -0.07566106
v -0.05903437 -0.45313961 0.07190096
v -0.04277436 -0.44204541 0.07524838
v 0.01016455 -0.44086276 0.08514791
v 0.01347152 -0.39670868 0.00033877
v -0.01766798 -0.39734901 0.00114554
v 0.06655094 -0.48192545 -0.07807030
v -0.06588864 -0.48172543 0.07858389
v -0.09450609 -0.49076938 0.04282634
v -0.09332405 -0.48198013 -0.04262162
v 0.09454828 -0.48887714 0.04227998
v -0.01674862 -0.42302693 0.06815664
v 0.01544694 -0.42245576 -0.06781573
v 0.06788983 -0.45407062 0.06428185
v -0.06603030 -0.45287769 -0.06534663
v 0.07831050 -0.46711684 -0.06030632
v 0.06697879 -0.48244649 0.07782294
v -0.06597444 -0.48168358 -0.07850208
v 0.03962897 -0.44029488 0.07560118
v 0.03465397 -0.44538839 -0.08165393
v -0.03609335 -0.44429675 0.08028149
v 0.03492699 -0.45203751 0.08561776
v -0.03007138 -0.44881566 -0.08559537
v -0.01255135 -0.42687172 -0.07311231
v 0.01502369 -0.42760455 0.07337496
v 0.06910093 -0.45104458 -0.06065573
v -0.06899120 -0.45231006 0.06177851
v -0.01684386 -0.44648502 0.08776748
v 0.03974441 -0.44724778 0.08054987
v -0.03603577 -0.44282518 -0.07926636
v 0.06610909 -0.45645235 -0.06770435
v -0.06569964 -0.45713349 0.06853262
v 0.05305265 -0.45974893 -0.08009967
v -0.05242184 -0.45972276 0.08050090
v -0.02199432 -0.43330446 0.07693279
v 0.02023746 -0.43251879 -0.07672954
v 0.06670824 -0.46255831 0.07070238
v -0.06495760 -0.46118493 -0.07158627
v -0.00839839 -0.45007810 0.09103829
v 0.00797471 -0.44536995 -0.08833262
v 0.05259628 -0.46321495 0.08204381
v 0.05022732 -0.46468195 -0.08414594
v -0.04989819 -0.46151082 -0.08294243
v -0.04922434 -0.46485786 0.08480975
v 0.05705486 -0.48742538 -0.08623984
v -0.05439461 -0.48306739 0.08720788
v 0.05858102 -0.41448273 -0.01028357
v -0.05921342 -0.41534215 0.01332357
v 0.03145027 -0.45897479 0.09043511
v -0.01344043 -0.43307154 -0.07868054
v 0.01417896 -0.43542054 0.08049315
v 0.05761473 -0.48785548 0.08592875
v -0.05660452 -0.48766350 -0.08657039
v 0.02878502 -0.45089832 -0.08724183
v -0.03479908 -0.45148450 0.08535789
v 0.06119674 -0.46136653 -0.07492064
v -0.06068159 -0.46162422 0.07547016
v 0.02745906 -0.39973032 0.00653345
v 0.03271264 -0.45989086 -0.09039817
v -0.03177381 -0.45848846 0.09009948
v 0.05959064 -0.46274074 0.07688562
v -0.05758508 -0.46124092 -0.07766844
v -0.01998068 -0.44026997 0.08296864
v 0.01685688 -0.43937560 -0.08301336
v -0.00509194 -0.45285538 -0.09274776
v 0.05132335 -0.49014434 0.09010813
v -0.05044680 -0.49042554 -0.09063191
v 0.01843399 -0.44230366 0.08474679
v -0.01190635 -0.44010079 -0.08438610
v 0.04630726 -0.46942861 -0.08815734
v -0.04442860 -0.46956518 0.08916569
v -0.03928489 -0.47498693 0.09317587
v 0.00746957 -0.45577558 0.09401651
v 0.05085631 -0.49024261 -0.09038317
v -0.04881616 -0.48776806 0.09120341
v 0.00788614 -0.45983404 -0.09578724
v 0.05242103 -0.47152684 0.08539327
v -0.04966035 -0.47050689 -0.08668736
v -0.02432759 -0.46540147 -0.09519350
v -0.02971013 -0.40183963 0.01823588
v 0.03226179 -0.40267290 -0.01836586
v 0.01205566 -0.46623317 -0.09780160
v 0.01143151 -0.44802390 0.08954610
v -0.00882211 -0.44694191 -0.08920595
v -0.02221621 -0.46745624 0.09642636
v -0.02342990 -0.47410519 -0.09813863
v 0.01313515 -0.45363690 -0.09235053
v 0.08581656 -0.44236336 -0.01281510
v -0.08655880 -0.44317567 0.01136960
v -0.04228520 -0.49183628 -0.09484729
v -0.04209033 -0.49072223 0.09483157
v 0.03664131 -0.47415756 0.09402276
v 0.04496099 -0.47296511 0.08999067
v -0.04037423 -0.47261326 -0.09203575
v 0.09535191 -0.45857276 -0.00651825
v -0.09569725 -0.45910361 0.00449679
v 0.09245823 -0.45364975 0.01240245
v -0.09354959 -0.45571247 -0.01173828
v 0.03592190 -0.47827228 -0.09533212
v -0.00520775 -0.46420942 0.09768630
v 0.09717942 -0.46356802 0.00891973
v -0.09768741 -0.46411642 -0.00449857
v -0.03354721 -0.47815841 -0.09616767
v -0.00841411 -0.46514689 -0.09780161
v 0.04303185 -0.49202713 -0.09452715
v -0.00903633 -0.45816303 -0.09496686
v -0.01711900 -0.46756800 -0.09749767
v 0.01925532 -0.47630953 -0.09959259
v 0.02255027 -0.46007409 0.09353130
v 0.04127159 -0.47433601 -0.09213416
v 0.02509758 -0.46319228 -0.09415940
v -0.02902293 -0.46441845 0.09350039
v 0.04274192 -0.49105242 0.09457148
v -0.01306438 -0.45985307 0.09522733
v -0.03512284 -0.49224201 0.09775940
v -0.02556294 -0.49499409 -0.10085717
v 0.00509959 -0.49222551 0.10375090
v -0.01991002 -0.47400758 0.09888723
v 0.03822412 -0.40347552 0.00852255
v -0.04588199 -0.40661917 -0.00505568
v 0.09341588 -0.46424744 -0.02908466
v -0.09440433 -0.46517399 0.02693830
v 0.03321079 -0.49173373 0.09838399
v 0.10214467 -0.48027866 -0.00531264
v -0.10231948 -0.48096825 0.00438357
v 0.09125531 -0.45018889 -0.00648165
v -0.09152263 -0.45052629 0.00516324
v 0.10133946 -0.48060191 0.01430797
v -0.10097084 -0.47893283 -0.01455202
v -0.01422709 -0.40141682 -0.03049001
v 0.08936072 -0.48257460 0.05061333
v 0.00619738 -0.40825079 -0.04893226
v -0.08976579 -0.46726491 0.04148755
v -0.01030793 -0.40791207 0.04758421
v 0.09409698 -0.48037754 -0.04014233
v 0.09932078 -0.47973893 -0.02399084
v -0.09964257 -0.48587733 0.02688138
v -0.01611559 -0.39754387 0.00968121
v 0.01363909 -0.39707881 -0.00847922
v -0.03411381 -0.40170679 -0.00503870
v 0.09927743 -0.48430082 0.02735360
v 0.05638130 -0.41653848 -0.02657094
v 0.07129733 -0.42530137 0.01369295
v -0.07064782 -0.42451002 -0.01268248
v 0.10209452 -0.48599020 -0.01520279
v -0.10237412 -0.48635210 0.01356375
v -0.02549184 -0.39982768 0.01289837
v 0.02661458 -0.39977518 -0.00986623
v -0.00956750 -0.39985370 0.02701623
v -0.01919801 -0.40254806 0.03138873
v 0.00683755 -0.39625293 0.00636296
v -0.01126974 -0.39659807 -0.00563285
v 0.09194967 -0.48774477 -0.04738940
v 0.01290644 -0.40344803 -0.03690303
v -0.09051880 -0.48378743 0.04893057
v 0.10227505 -0.48095160 0.00525944
v -0.10228376 -0.48100413 -0.00528093
v -0.01357142 -0.40616068 -0.04313573
v -0.05594027 -0.42171547 0.03991136
v 0.00927920 -0.40197116 0.03398438
v 0.08738522 -0.48483588 -0.05463113
v -0.08745730 -0.48835829 0.05537501
v -0.03905996 -0.40471449 -0.01567439
v 0.05794753 -0.41600355 0.02091346
v 0.00237729 -0.39688798 0.01459299
v -0.00739302 -0.39734680 -0.01607349
v 0.01357039 -0.39794647 0.01586244
v -0.01598869 -0.39965857 -0.02294891
v 0.05712124 -0.42330402 -0.04129869
v 0.06049071 -0.42191836 -0.03308809
v -0.05777672 -0.42204767 -0.03789434
v -0.05536666 -0.42511153 -0.04665775
v 0.05532601 -0.42486773 0.04631272
v 0.05876867 -0.41422576 0.00630197
v -0.05719632 -0.41306349 -0.00461759
v -0.06445483 -0.42907557 -0.04081661
v 0.08429377 -0.44014801 0.01276680
v -0.08414739 -0.44021057 -0.01396920
v 0.07483843 -0.43077820 0.02140664
v -0.07292284 -0.42866039 -0.02106219
v 0.03661996 -0.40458437 0.02013778
v -0.05923137 -0.42711745 0.04506082
v 0.07486921 -0.42773189 -0.00475522
v -0.07531266 -0.42820994 0.00498887
v -0.00855684 -0.40275390 -0.03634101
v 0.01655059 -0.40059160 0.02635797
v -0.07707890 -0.43585272 0.02818988
v 0.07969189 -0.43646427 -0.02151984
v -0.08130258 -0.43791783 0.01965688
v 0.00671736 -0.40500968 -0.04221858
v -0.07826922 -0.43854018 -0.03077850
v -0.04299434 -0.40581893 0.01149390
v 0.04379470 -0.40549494 -0.00122859
v 0.09651827 -0.46353188 -0.01431748
v -0.09712760 -0.46438571 0.01218812
v 0.07086872 -0.42679458 -0.02166290
v -0.06350461 -0.43734170 0.05377548
v 0.06261945 -0.43617228 -0.05343702
v -0.03779925 -0.41146876 0.03980118
v 0.02281318 -0.39912941 0.01246503
v -0.02860753 -0.40056920 -0.01207559
v -0.07163994 -0.44669838 0.05364099
v 0.07108477 -0.44471232 -0.05235376
v 0.02817266 -0.40305483 -0.02566376
v -0.01880616 -0.42368839 -0.06836343
v 0.01816052 -0.42229594 0.06695499
v -0.06402472 -0.44381316 0.05995477
v 0.06368910 -0.44278149 -0.05933321
v 0.08736687 -0.46550355 0.04503018
v -0.02399473 -0.42168575 0.06435705
v 0.02272800 -0.42095825 -0.06392598
v 0.01286928 -0.41710941 -0.06175940
v -0.01457333 -0.41741925 0.06179592
v 0.07872334 -0.48870913 -0.06727437
v -0.07818095 -0.48871644 0.06790523
v 0.09342318 -0.46248804 0.02675171
v 0.07737480 -0.45651662 -0.05452545
v -0.07703390 -0.45868296 0.05665141
v 0.00667715 -0.43070437 0.07748696
v -0.00625075 -0.42943446 -0.07636835
v -0.08486769 -0.48703336 -0.05899184
v 0.08511257 -0.48848023 0.05893927
v 0.10372286 -0.49040038 0.00032459
v -0.10373089 -0.49050139 -0.00061509
v -0.09116276 -0.49002670 -0.04940223
v 0.09059036 -0.49195070 0.05078669
v 0.00954886 -0.40019709 -0.02826467
v -0.04037236 -0.42475563 0.05965783
v 0.04037883 -0.42468011 -0.05955799
v 0.10015958 -0.47145922 0.00204245
v -0.10073736 -0.47355727 -0.00186151
v -0.01031185 -0.39638321 0.00281453
v 0.00660297 -0.39606170 -0.00198107
v 0.08960581 -0.49281542 -0.05262954
v -0.09119267 -0.49255757 0.04979164
v -0.07074214 -0.48993455 -0.07579532
v 0.07121440 -0.49042952 0.07541624
v 0.07411048 -0.43383841 -0.03132044
v -0.03827921 -0.41453364 -0.04561686
v -0.00391343 -0.41920292 -0.06562933
v 0.00330741 -0.41893571 0.06533252
v 0.04813729 -0.45922336 -0.08289002
v -0.04724809 -0.45895388 0.08326785
v -0.01278155 -0.40429402 0.03908573
v 0.00524192 -0.41262659 -0.05647212
v -0.00742546 -0.41221432 0.05558088
v 0.08524787 -0.49162266 -0.05927317
v -0.08414073 -0.49203633 0.06089021
v 0.02151328 -0.41629604 -0.05815081
v -0.02352782 -0.41708925 0.05850596
v -0.04485248 -0.41925854 0.04816399
v 0.08373728 -0.45606245 0.04368355
v 0.03199190 -0.43485370 0.07472064
v -0.08835608 -0.46280719 -0.04075040
v 0.06177717 -0.44868394 0.06633956
v -0.06018282 -0.44752819 -0.06689866
v 0.00320665 -0.41674894 -0.06252735
v -0.00454309 -0.41654622 0.06217334
v 0.10347088 -0.49129356 -0.00828644
v -0.10353489 -0.49152750 0.00770992
v -0.04872145 -0.43590348 0.06609506
v 0.04840518 -0.43575572 -0.06618384
v 0.00971672 -0.40736470 0.04663670
v -0.00979194 -0.40850318 -0.04881744
v -0.06220903 -0.48914894 0.08284317
v 0.06365880 -0.42180974 -0.02616354
v 0.06389439 -0.48956896 -0.08160508
v -0.02249492 -0.44558718 0.08592975
v 0.07188054 -0.43517678 -0.03849451
v -0.02366283 -0.42737935 0.07083086
v 0.02239685 -0.42671421 -0.07055682
v -0.05448259 -0.42473651 0.04709304
v 0.05453172 -0.42538445 -0.04805727
v -0.03580688 -0.40631540 -0.02813819
v -0.03143327 -0.41026999 -0.04255783
v 0.04387842 -0.42310803 0.05489084
v -0.04312708 -0.42332226 -0.05577879
v 0.06415158 -0.48991656 0.08144688
v -0.06349686 -0.48955102 -0.08191252
v 0.10159645 -0.48936963 0.02039231
v -0.10137264 -0.48859592 -0.02107684
v 0.05655991 -0.42985752 -0.05226565
v 0.10319138 -0.49016952 0.01027571
v -0.10313250 -0.48978227 -0.01048736
v 0.07269159 -0.45953208 -0.06268148
v -0.07208539 -0.46062759 0.06406411
v 0.07709688 -0.45403323 0.05285660
v 0.10124852 -0.49081597 -0.02269536
v -0.10167137 -0.49048917 0.02057124
v -0.09773958 -0.48928357 0.03439233
v -0.09307621 -0.45750186 -0.01953010
v -0.03434590 -0.45674982 -0.08832029
v -0.03582337 -0.43839871 0.07597807
v 0.03471959 -0.43842767 -0.07651201
v 0.09857219 -0.49078321 0.03239238
v 0.03224588 -0.41439566 -0.04982761
v -0.02452095 -0.45636850 -0.09135484
v 0.05427699 -0.41996647 0.03872125
v -0.02956830 -0.41766702 -0.05654812
v 0.02975853 -0.41689236 0.05530140
v 0.09558915 -0.49130037 -0.04046874
v 0.03915436 -0.45926881 0.08751344
v 0.01483460 -0.49418687 0.10294095
v 0.07115877 -0.48988902 -0.07539818
v -0.07057190 -0.48979017 0.07593462
v -0.09516791 -0.49192349 -0.04157566
v -0.07390606 -0.43565932 0.03533937
v -0.03320441 -0.41323744 0.04712137
v 0.04569383 -0.43929921 -0.07126133
v -0.04604525 -0.43937524 0.07109974
v -0.00293869 -0.44576905 0.08888794
v 0.06856853 -0.43095285 0.03716907
v 0.00449509 -0.40458319 0.04154662
v -0.06002476 -0.43869260 0.05906886
v 0.05953776 -0.43800147 -0.05883983
v 0.03716021 -0.45360299 -0.08554020
v -0.06403811 -0.43224605 0.04646744
v -0.07554354 -0.44519735 0.04626601
v -0.01735670 -0.45309302 0.09137384
v 0.04677670 -0.43959492 0.07080863
v -0.04622520 -0.43829360 -0.07004459
v 0.07411858 -0.44286693 -0.04574864
v 0.01493983 -0.49498971 -0.10296790
v 0.07571370 -0.44291137 0.04311631
v 0.07128969 -0.43016602 0.02986114
v -0.08562296 -0.44383304 0.01909659
v 0.08440345 -0.44277380 -0.02125817
v -0.06331909 -0.42814580 0.04096785
v -0.01115006 -0.40186751 0.03311175
v 0.09480485 -0.46055758 0.01752219
v -0.09031909 -0.47573139 -0.04587150
v -0.05629783 -0.42982689 -0.05250699
v -0.02168094 -0.43033499 -0.07434659
v 0.10031160 -0.49109213 0.02662562
v -0.05530868 -0.49196596 0.08790395
v 0.02220678 -0.40717050 0.04171616
v 0.09619237 -0.48067164 0.03498763
v 0.04934915 -0.40852298 0.00687806
v 0.02136708 -0.43825223 0.08112556
v 0.04563386 -0.40753132 0.01475761
v 0.12148623 -0.00860774 0.02942941
v 0.10703531 0.01523802 0.06456345
v 0.11454993 0.00147213 0.05003310
v 0.08124210 -0.00284901 0.09499853
v 0.06112223 0.00451192 0.10903703
v 0.07569086 -0.00091556 0.09947811
v 0.04224067 -0.00192767 0.11764663
v 0.05119982 0.00062794 0.11403324
v 0.03282381 -0.00072040 0.12061344
v 0.02254528 -0.00183212 0.12295005
v 0.01448227 -0.00044143 0.12415824
v 0.00611442 0.00127049 0.12485039
v -0.01579957 0.00163438 0.12399750
v -0.00811981 0.00145071 0.12473602
v -0.03709121 0.00066128 0.11937022
v -0.02938791 0.00059065 0.12149633
v -0.05861540 0.00037378 0.11040490
v -0.05088349 -0.00005777 0.11417477
v -0.06710736 -0.00128160 0.10545904
v -0.07441393 0.00036289 0.10043692
v -0.08067449 -0.00044923 0.09548107
v -0.08790074 -0.00147930 0.08887333
v -0.10239556 0.00039313 0.07169488
v -0.09802052 -0.00090887 0.07756922
v -0.10719261 -0.00123346 0.06430204
v -0.11703551 0.00062847 0.04390555
v -0.11419231 -0.00068217 0.05084412
v -0.11991339 -0.00113988 0.03529569
v -0.12446449 -0.00021363 0.01155842
v -0.12338900 -0.00070629 0.02000406
v -0.12498879 -0.00175742 0.00167612
v -0.12477148 0.00043689 -0.00755541
v -0.12384315 -0.00075877 -0.01696700
v -0.11834734 -0.00008551 -0.04023571
v -0.12077263 -0.00046579 -0.03223316
v -0.11488468 -0.00168049 -0.04925965
v -0.11104929 0.00040294 -0.05738518
v -0.10659431 -0.00079136 -0.06528901
v -0.09352048 0.00067269 -0.08293926
v -0.09815261 -0.00050663 -0.07740198
v -0.08751539 -0.00113169 -0.08925277
v -0.06887756 -0.00034788 -0.10431146
v -0.07563951 -0.00084340 -0.09951716
v -0.04826584 -0.00037998 -0.11530571
v -0.05600972 -0.00080321 -0.11174931
v -0.03919437 -0.00201086 -0.11869624
v -0.03057734 -0.00001751 -0.12120240
v -0.02156873 -0.00137897 -0.12312508
v 0.00180957 -0.00063776 -0.12498688
v -0.00650491 -0.00125258 -0.12483061
v 0.01186916 -0.00331798 -0.12443519
v 0.02141473 -0.00003188 -0.12315195
v 0.04216540 -0.00255967 -0.11767358
v 0.03061357 -0.00185779 -0.12119324
v 0.05249428 -0.00022129 -0.11344313
v 0.06066903 -0.00408516 -0.10928980
v 0.07915590 0.00036578 -0.09674366
v 0.07289578 0.00227354 -0.10154407
v 0.10703396 -0.01542315 -0.06456565
v 0.12147831 0.00859860 -0.02946207
v 0.11453404 -0.00155302 -0.05006942
v 0.12483116 -0.00386747 0.00649434
v 0.11883708 -0.00079532 0.03876525
v 0.11091909 0.00881753 0.05763639
v 0.09164737 -0.00449247 0.08500447
v 0.08632248 0.00175752 0.09040702
v 0.06864272 0.00074897 0.10446616
v -0.00148806 0.00107689 0.12499116
v -0.02285566 0.00062400 0.12289274
v -0.04424951 -0.00030555 0.11690589
v -0.09370603 -0.00158641 0.08272961
v -0.11125249 -0.00136848 0.05699027
v -0.12206037 -0.00132858 0.02694945
v -0.12238412 -0.00098738 -0.02543876
v -0.10209268 -0.00105289 -0.07212548
v -0.08124543 -0.00142239 -0.09499568
v -0.06232693 -0.00113176 -0.10835291
v -0.01327939 -0.00174223 -0.12429261
v 0.06763393 -0.00190732 -0.10512205
v 0.08602920 -0.00321900 -0.09068610
v 0.09135509 0.00381995 -0.08531846
v 0.11090645 -0.00894796 -0.05766065
v 0.11882696 0.00075757 -0.03879623
v 0.12483086 0.00386752 -0.00650006
v 0.12003802 -0.10115015 -0.03486927
v 0.12003601 0.10114398 0.03487622
v 0.11868187 -0.09491828 0.03923787
v 0.12162991 -0.17125577 -0.02882981
v 0.11846615 0.09530048 -0.03988440
v 0.12162968 0.17125531 0.02883082
v 0.12086504 -0.21553900 0.03188478
v 0.11968717 -0.24374777 -0.03605516
v 0.12091574 0.22010047 -0.03169192
v 0.11968713 0.24374770 0.03605535
v 0.11608006 -0.40713495 0.04637258
v 0.11898060 -0.39052063 -0.03832245
v 0.11661689 0.40738027 -0.04500549
v 0.11898060 0.39052063 0.03832250
v 0.12239942 -0.22976886 -0.02536483
v 0.12239939 0.22976879 0.02536502
v 0.12249883 -0.27504144 0.02488033
v 0.12251122 0.27746390 -0.02481921
v 0.12389707 -0.25788724 0.01656838
v 0.12397544 0.25815054 -0.01597137
v 0.12442701 0.29427832 -0.01195468
v 0.12472270 -0.26347650 0.00832125
v 0.12430464 -0.35173492 0.01316625
v 0.12419941 -0.35158492 -0.01412449
v 0.12419941 0.35158492 0.01412453
v 0.12477830 -0.29471264 -0.00744100
v 0.12477830 0.29471264 0.00744104
v 0.12444424 -0.34011667 0.01177391
v 0.12431042 -0.33948372 -0.01311159
v 0.12431042 0.33948371 0.01311163
v 0.12483840 -0.35631341 0.00635370
v 0.12481530 -0.35606251 -0.00679229
v 0.12481530 0.35606251 0.00679233
v 0.12470114 -0.43272991 0.00863837
v 0.12479612 -0.43309451 -0.00713593
v 0.12481764 0.43129359 -0.00674916
v 0.12479612 0.43309451 0.00713597
v 0.12478732 -0.44513235 0.00728826
v 0.12479993 -0.44491056 -0.00706899
v 0.12476831 0.44376006 -0.00760671
v 0.12479993 0.44491056 0.00706904
v 0.12482099 -0.47113163 0.00668701
v 0.12483780 -0.47149744 -0.00636530
v 0.12481525 0.47070597 -0.00679326
v 0.12483780 0.47149744 0.00636534
v 0.11734953 -0.24420318 0.04305907
v 0.11544329 -0.25218252 0.04793582
v 0.10574020 -0.25480246 0.06666339
v 0.09744611 -0.25523536 0.07828955
v 0.08955142 -0.28422969 0.08720976
v 0.09486345 -0.16088802 0.08139979
v 0.08427004 -0.15980345 0.09232313
v 0.08030219 -0.31365580 0.09579436
v 0.07570519 -0.14986486 0.09946720
v 0.07418323 -0.31463019 0.10060740
v 0.06238759 -0.30994854 0.10831801
v 0.06862267 -0.15992855 0.10447933
v 0.05935775 -0.15226059 0.11000754
v 0.05283096 -0.30725752 0.11328677
v 0.04284897 -0.30780838 0.11742644
v 0.04808384 -0.15748252 0.11538175
v 0.03530331 -0.15719112 0.11991113
v 0.03317206 -0.31212511 0.12051812
v 0.02368953 -0.15726814 0.12273471
v 0.02317830 -0.31121480 0.12283229
v 0.01309934 -0.15728782 0.12431175
v 0.01349623 -0.31056515 0.12426929
v 0.00254737 -0.15726710 0.12497406
v 0.00359890 -0.31004660 0.12494820
v -0.00771007 -0.15727153 0.12476201
v -0.00647371 -0.30963433 0.12483227
v -0.01663826 -0.30929566 0.12388775
v -0.01787749 -0.15747587 0.12371500
v -0.02857049 -0.15870968 0.12169114
v -0.02680267 -0.30900408 0.12209268
v -0.03686617 -0.30875473 0.11943991
v -0.03887856 -0.15693990 0.11880010
v -0.04850588 -0.15619780 0.11520498
v -0.04672530 -0.30855004 0.11593858
v -0.05627684 -0.30838641 0.11161507
v -0.05781463 -0.15576962 0.11082633
v -0.06678125 -0.15550903 0.10566585
v -0.06542618 -0.30825946 0.10651020
v -0.07536169 -0.15537596 0.09972774
v -0.07410013 -0.30816232 0.10066866
v -0.08348467 -0.15529589 0.09303396
v -0.08224436 -0.30808210 0.09413221
v -0.09104006 -0.15521994 0.08565463
v -0.08981309 -0.30801084 0.08694030
v -0.09842051 -0.15521511 0.07706108
v -0.09676071 -0.30795405 0.07913515
v -0.10303888 -0.30792674 0.07076721
v -0.10489397 -0.15529762 0.06798723
v -0.11010538 -0.15528742 0.05917612
v -0.10859879 -0.30793712 0.06189758
v -0.11459351 -0.15519363 0.04993331
v -0.11339686 -0.30797525 0.05259428
v -0.11739829 -0.30802285 0.04292607
v -0.11833681 -0.15509754 0.04026669
v -0.12127660 -0.15503098 0.03028191
v -0.12057619 -0.30806744 0.03296043
v -0.12337812 -0.15498844 0.02007104
v -0.12290950 -0.30810451 0.02276535
v -0.12438240 -0.30813357 0.01241067
v -0.12462220 -0.15496123 0.00971146
v -0.12499793 -0.15494344 -0.00072328
v -0.12498453 -0.30815557 0.00196799
v -0.12450086 -0.15493154 -0.01115977
v -0.12471137 -0.30817179 -0.00848993
v -0.12313290 -0.15492354 -0.02152427
v -0.12356447 -0.30818348 -0.01888986
v -0.12090233 -0.15491841 -0.03174322
v -0.12155151 -0.30819174 -0.02915877
v -0.11868634 -0.30819744 -0.03922443
v -0.11782384 -0.15491577 -0.04174383
v -0.11391847 -0.15491566 -0.05145470
v -0.11498885 -0.30820130 -0.04901599
v -0.10921348 -0.15491828 -0.06080639
v -0.11048485 -0.30820384 -0.05846453
v -0.10374221 -0.15492377 -0.06973203
v -0.10520586 -0.30820547 -0.06750354
v -0.09754373 -0.15493211 -0.07816791
v -0.09918894 -0.30820643 -0.07606942
v -0.09247636 -0.30820686 -0.08410187
v -0.09066260 -0.15494310 -0.08605402
v -0.08314856 -0.15495648 -0.09333443
v -0.08511542 -0.30820678 -0.09154433
v -0.07505648 -0.15497209 -0.09995761
v -0.07715817 -0.30820607 -0.09834438
v -0.06866118 -0.30820444 -0.10445402
v -0.06644645 -0.15499000 -0.10587666
v -0.05738429 -0.15501040 -0.11104972
v -0.05968535 -0.30820142 -0.10983013
v -0.05029580 -0.30819627 -0.11443483
v -0.04794246 -0.15503272 -0.11544054
v -0.03820147 -0.15505252 -0.11901951
v -0.04056175 -0.30818804 -0.11823595
v -0.02824899 -0.15505308 -0.12176613
v -0.03055637 -0.30817557 -0.12120769
v -0.01816231 -0.15499548 -0.12367347
v -0.02035656 -0.30815760 -0.12333129
v -0.00796397 -0.15487408 -0.12474602
v -0.01004246 -0.30813301 -0.12459592
v 0.00030348 -0.30810107 -0.12499961
v 0.00233296 -0.15477580 -0.12497821
v 0.01261434 -0.15481241 -0.12436186
v 0.01059799 -0.30806166 -0.12454990
v 0.02271934 -0.15501313 -0.12291796
v 0.02075944 -0.30801506 -0.12326410
v 0.03328247 -0.15534066 -0.12048764
v 0.03071140 -0.30796096 -0.12116849
v 0.04038791 -0.30789577 -0.11829543
v 0.04342291 -0.15570705 -0.11721537
v 0.05317594 -0.15597979 -0.11312521
v 0.04974204 -0.30780803 -0.11467660
v 0.06238517 -0.15603823 -0.10831936
v 0.05876449 -0.30767265 -0.11032555
v 0.07023221 -0.15607661 -0.10340420
v 0.06755098 -0.30744442 -0.10517536
v 0.07664890 -0.30702813 -0.09874178
v 0.07708207 -0.15569511 -0.09840400
v 0.08376928 -0.15244099 -0.09277769
v 0.08411005 -0.30236694 -0.09246887
v 0.09013753 -0.15376297 -0.08660380
v 0.09101092 -0.30239895 -0.08568550
v 0.09967597 -0.29769492 -0.07543005
v 0.09627109 -0.15554916 -0.07972998
v 0.10153633 -0.25506220 -0.07290656
v 0.11082507 -0.23654135 -0.05781692
v 0.11769966 -0.20961502 -0.04209256
v 0.11720040 0.24255884 -0.04346331
v 0.10550084 0.25482952 -0.06704151
v 0.11523188 0.25168062 -0.04844179
v 0.09727463 0.25528275 -0.07850247
v 0.08950039 0.28421043 -0.08726209
v 0.09477395 0.16114696 -0.08150393
v 0.08032429 0.31360929 -0.09577579
v 0.08418936 0.15995611 -0.09239667
v 0.07562819 0.14997438 -0.09952573
v 0.07420275 0.31459391 -0.10059296
v 0.06239678 0.30992918 -0.10831267
v 0.06855729 0.16001737 -0.10452220
v 0.05283613 0.30724557 -0.11328432
v 0.05928780 0.15234749 -0.11004521
v 0.04285263 0.30780073 -0.11742506
v 0.04802208 0.15755466 -0.11540742
v 0.03524181 0.15725627 -0.11992918
v 0.03317526 0.31211984 -0.12051720
v 0.02318003 0.31121152 -0.12283192
v 0.02362857 0.15731619 -0.12274642
v 0.01349703 0.31056306 -0.12426916
v 0.01303530 0.15731050 -0.12431844
v 0.00359906 0.31004524 -0.12494815
v 0.00247205 0.15725436 -0.12497553
v -0.00781301 0.15721855 -0.12475557
v -0.00647398 0.30963341 -0.12483222
v -0.01663882 0.30929501 -0.12388763
v -0.01803822 0.15739892 -0.12369163
v -0.02680344 0.30900361 -0.12209247
v -0.02881597 0.15867587 -0.12163320
v -0.03686706 0.30875437 -0.11943959
v -0.03920156 0.15702517 -0.11869387
v -0.04672625 0.30854978 -0.11593815
v -0.04881316 0.15641491 -0.11507508
v -0.05804603 0.15606669 -0.11070527
v -0.05627780 0.30838625 -0.11161455
v -0.06542708 0.30825939 -0.10650960
v -0.06693323 0.15583524 -0.10556960
v -0.07545107 0.15570313 -0.09966010
v -0.07410093 0.30816234 -0.10066803
v -0.08224504 0.30808218 -0.09413157
v -0.08352946 0.15561034 -0.09299371
v -0.08981364 0.30801098 -0.08693969
v -0.09105525 0.15551490 -0.08563844
v -0.09841662 0.15548798 -0.07706602
v -0.09676113 0.30795422 -0.07913460
v -0.10303917 0.30792692 -0.07076673
v -0.10488198 0.15554900 -0.06800568
v -0.10859899 0.30793730 -0.06189718
v -0.11009166 0.15552484 -0.05920159
v -0.11339699 0.30797543 -0.05259396
v -0.11458178 0.15542147 -0.04996018
v -0.11739837 0.30802301 -0.04292583
v -0.11832903 0.15531877 -0.04028951
v -0.12127291 0.15524945 -0.03029664
v -0.12057623 0.30806759 -0.03296024
v -0.12290952 0.30810466 -0.02276521
v -0.12337734 0.15520874 -0.02007576
v -0.12438241 0.30813371 -0.01241057
v -0.12462260 0.15518786 -0.00970631
v -0.12498453 0.30815571 -0.00196792
v -0.12499785 0.15518041 0.00073677
v -0.12471137 0.30817194 0.00848998
v -0.12449910 0.15518244 0.01117946
v -0.12312875 0.15519205 0.02154805
v -0.12356447 0.30818365 0.01888988
v -0.12155153 0.30819195 0.02915875
v -0.12089547 0.15520900 0.03176935
v -0.11868638 0.30819771 0.03922436
v -0.11781425 0.15523439 0.04177091
v -0.11390645 0.15527033 0.05148134
v -0.11498893 0.30820164 0.04901585
v -0.11048500 0.30820429 0.05846429
v -0.10920009 0.15531967 0.06083048
v -0.10520613 0.30820604 0.06750317
v -0.10373057 0.15538557 0.06974939
v -0.09754206 0.15547021 0.07817003
v -0.09918937 0.30820713 0.07606889
v -0.09247703 0.30820770 0.08410117
v -0.09069020 0.15557101 0.08602497
v -0.08511639 0.30820773 0.09154348
v -0.08324420 0.15567021 0.09324919
v -0.07715949 0.30820711 0.09834338
v -0.07527621 0.15572051 0.09979228
v -0.06866288 0.30820553 0.10445294
v -0.06682357 0.15568862 0.10563909
v -0.05968744 0.30820249 0.10982903
v -0.05790583 0.15559093 0.11077871
v -0.04857110 0.15545471 0.11517750
v -0.05029825 0.30819726 0.11443379
v -0.04056449 0.30818891 0.11823506
v -0.03888563 0.15529430 0.11879779
v -0.02891945 0.15511597 0.12160868
v -0.03055928 0.30817627 0.12120700
v -0.02035952 0.30815811 0.12333084
v -0.01873877 0.15492751 0.12358748
v -0.00840280 0.15475329 0.12471727
v -0.01004533 0.30813334 0.12459573
v 0.00030080 0.30810123 0.12499966
v 0.00202062 0.15465839 0.12498369
v 0.01059560 0.30806167 0.12455014
v 0.01239868 0.15472056 0.12438359
v 0.02075739 0.30801497 0.12326449
v 0.02257243 0.15494917 0.12294507
v 0.03070970 0.30796081 0.12116896
v 0.03318662 0.15530093 0.12051411
v 0.04038657 0.30789559 0.11829593
v 0.04335970 0.15568277 0.11723881
v 0.05313452 0.15596508 0.11314471
v 0.04974101 0.30780784 0.11467709
v 0.05876374 0.30767247 0.11032600
v 0.06235754 0.15602800 0.10833531
v 0.07021304 0.15606828 0.10341727
v 0.06755045 0.30744427 0.10517575
v 0.07664857 0.30702802 0.09874208
v 0.07706839 0.15568764 0.09841476
v 0.08410982 0.30236684 0.09246912
v 0.08375922 0.15243388 0.09278681
v 0.09013044 0.15375646 0.08661122
v 0.09101078 0.30239888 0.08568569
v 0.09967589 0.29769487 0.07543020
v 0.09626616 0.15554365 0.07973598
v 0.11082484 0.23654109 0.05781740
v 0.10153601 0.25506193 0.07290704
v 0.11769946 0.20961473 0.04209314
v 0.11260705 -0.24797205 0.05426462
v 0.10141094 -0.25041618 0.07308091
v 0.08997078 -0.23902046 0.08677706
v 0.08604077 -0.24623580 0.09067516
v 0.07658427 -0.25538567 0.09879196
v 0.06913958 -0.25791484 0.10413798
v 0.05545412 -0.25049510 0.11202608
v 0.04664589 -0.25071811 0.11597053
v 0.03756664 -0.25032426 0.11922144
v 0.02763247 -0.24803983 0.12190755
v 0.01682399 -0.24901833 0.12386266
v 0.00711516 -0.24935999 0.12479735
v -0.00222558 -0.24850957 0.12498021
v -0.01275804 -0.24589928 0.12434725
v -0.02389901 -0.24757267 0.12269411
v -0.03396355 -0.24931487 0.12029748
v -0.04390821 -0.24687365 0.11703451
v -0.05393111 -0.24904654 0.11276720
v -0.06317096 -0.24646671 0.10786305
v -0.07196187 -0.24731032 0.10220811
v -0.08003526 -0.24598279 0.09601752
v -0.08779457 -0.24718406 0.08897821
v -0.09478740 -0.24619730 0.08148838
v -0.10155903 -0.24866856 0.07287504
v -0.10736447 -0.24616511 0.06401468
v -0.11238337 -0.24715424 0.05472646
v -0.11649658 -0.24596568 0.04531617
v -0.11990328 -0.24723818 0.03533001
v -0.12240284 -0.24609566 0.02534858
v -0.12410646 -0.24734827 0.01491957
v -0.12491361 -0.24617919 0.00464700
v -0.12485902 -0.24740815 -0.00593554
v -0.12394438 -0.24622094 -0.01621095
v -0.12212667 -0.24743676 -0.02664735
v -0.11951121 -0.24624011 -0.03663435
v -0.11597774 -0.24744949 -0.04662797
v -0.11173250 -0.24624841 -0.05604329
v -0.10658095 -0.24745485 -0.06531083
v -0.10082433 -0.24625174 -0.07388813
v -0.09419906 -0.24745662 -0.08216774
v -0.08709302 -0.24625200 -0.08966496
v -0.07918099 -0.24745483 -0.09672316
v -0.07092704 -0.24624692 -0.10292888
v -0.06195348 -0.24744445 -0.10856687
v -0.05278864 -0.24622784 -0.11330647
v -0.04301285 -0.24741281 -0.11736649
v -0.03320532 -0.24617703 -0.12050893
v -0.02291560 -0.24733790 -0.12288153
v -0.01275850 -0.24606815 -0.12434716
v -0.00226415 -0.24719287 -0.12497947
v 0.00793627 -0.24587610 -0.12474779
v 0.01832070 -0.24696669 -0.12365009
v 0.02826868 -0.24561678 -0.12176155
v 0.03823957 -0.24677108 -0.11900726
v 0.04764962 -0.24561373 -0.11556170
v 0.05683025 -0.24722065 -0.11133425
v 0.06533049 -0.24681623 -0.10656885
v 0.07352726 -0.25028346 -0.10108776
v 0.08051874 -0.24946091 -0.09561237
v 0.08733543 -0.24831566 -0.08942883
v 0.10590051 -0.23112784 -0.06640839
v 0.11227886 0.24779686 -0.05494042
v 0.10118757 0.25049089 -0.07338983
v 0.08981868 0.23911901 -0.08693445
v 0.08592384 0.24629277 -0.09078593
v 0.07651902 0.25540605 -0.09884246
v 0.06909517 0.25792626 -0.10416741
v 0.05542845 0.25050230 -0.11203874
v 0.04662868 0.25072150 -0.11597741
v 0.03755461 0.25032515 -0.11922518
v 0.02762299 0.24803881 -0.12190966
v 0.01681593 0.24901578 -0.12386371
v 0.00710726 0.24935655 -0.12479776
v -0.00223450 0.24850549 -0.12498001
v -0.01276940 0.24589464 -0.12434604
v -0.02391111 0.24756877 -0.12269171
v -0.03397565 0.24931208 -0.12029402
v -0.04392192 0.24687219 -0.11702932
v -0.05394317 0.24904668 -0.11276139
v -0.06318308 0.24646879 -0.10785590
v -0.07197186 0.24731359 -0.10220103
v -0.08004374 0.24598741 -0.09601041
v -0.08780068 0.24718889 -0.08897214
v -0.09479190 0.24620266 -0.08148310
v -0.10156172 0.24867314 -0.07287125
v -0.10736623 0.24617008 -0.06401167
v -0.11238436 0.24715859 -0.05472439
v -0.11649712 0.24597005 -0.04531473
v -0.11990354 0.24724202 -0.03532910
v -0.12240296 0.24609964 -0.02534798
v -0.12410650 0.24735195 -0.01491920
v -0.12491362 0.24618324 -0.00464679
v -0.12485902 0.24741215 0.00593560
v -0.12394441 0.24622571 0.01621080
v -0.12212678 0.24744188 0.02664687
v -0.11951154 0.24624669 0.03663328
v -0.11597849 0.24745702 0.04662613
v -0.11173411 0.24625837 0.05604012
v -0.10658382 0.24746633 0.06530618
v -0.10082948 0.24626650 0.07388114
v -0.09420695 0.24747282 0.08215874
v -0.08710540 0.24627134 0.08965298
v -0.07919760 0.24747426 0.09670961
v -0.07095009 0.24626778 0.10291303
v -0.06198084 0.24746312 0.10855129
v -0.05282246 0.24624532 0.11329075
v -0.04304859 0.24742622 0.11735342
v -0.03324485 0.24618732 0.12049808
v -0.02295307 0.24734394 0.12287458
v -0.01279577 0.24607090 0.12434337
v -0.00229610 0.24719283 0.12497893
v 0.00790751 0.24587401 0.12474965
v 0.01829820 0.24696367 0.12365347
v 0.02825018 0.24561313 0.12176589
v 0.03822624 0.24676771 0.11901159
v 0.04763957 0.24561058 0.11556589
v 0.05682358 0.24721820 0.11133770
v 0.06532589 0.24681426 0.10657171
v 0.07352456 0.25028214 0.10108976
v 0.08051691 0.24945988 0.09561395
v 0.08733420 0.24831486 0.08943007
v 0.10590005 0.23112737 0.06640916
v 0.10895124 -0.31975768 -0.06127496
v 0.10895123 0.31975767 0.06127502
v 0.11621156 -0.28282329 -0.04604200
v 0.11621154 0.28282327 0.04604209
v 0.11120036 -0.31694789 0.05709183
v 0.11129720 0.31675108 -0.05690278
v 0.10910998 -0.18550864 0.06099188
v 0.10892691 0.18653566 -0.06131819
v 0.12307644 -0.34598587 -0.02184455
v 0.12307644 0.34598587 0.02184459
v 0.12104505 -0.33275213 0.03119441
v 0.11933442 -0.39173247 0.03720609
v 0.12139566 0.37322519 -0.02980078
v 0.12387815 -0.39043847 0.01670923
v 0.12401418 0.36250836 -0.01566770
v 0.12274025 0.37639749 -0.02366060
v 0.12470652 0.16910021 -0.00856028
v 0.12473109 -0.16864863 0.00819456
v 0.12418224 0.19804392 -0.01427459
v 0.12298536 0.18277670 -0.02235164
v 0.12347698 -0.18231707 0.01945332
v 0.12342147 0.38377889 -0.01980238
v 0.11844149 -0.28322723 0.03995761
v 0.11820705 0.28373207 -0.04064586
v 0.12238051 0.13414971 -0.02545591
v 0.12230897 -0.13559052 0.02579753
v 0.12337799 0.40531549 -0.02007150
v 0.12488434 -0.15795667 -0.00537557
v 0.12488433 0.15795658 0.00537583
v 0.11949561 -0.32300303 -0.03668504
v 0.11949561 0.32300303 0.03668509
v 0.12369642 -0.43392545 0.01800528
v 0.12327245 -0.43269724 -0.02070979
v 0.12327245 0.43269724 0.02070983
v 0.11848504 -0.33399114 0.03982828
v 0.11883686 0.33367469 -0.03876589
v 0.12288337 -0.11538642 -0.02290572
v 0.12288279 0.11538446 0.02290884
v 0.12431579 0.42465032 -0.01306052
v 0.11937475 -0.17063711 0.03707648
v 0.11939854 0.17081675 -0.03699974
v 0.10726734 -0.04788816 0.06417723
v 0.10714928 0.04792524 -0.06437409
v 0.11419514 -0.04143152 0.05083766
v 0.11412845 0.04147233 -0.05098715
v 0.11769515 -0.04479628 0.04210521
v 0.11764123 0.04487407 -0.04225557
v 0.10849840 0.12184611 0.06207330
v 0.10850296 -0.12185573 -0.06206528
v 0.12027489 -0.04725270 0.03404330
v 0.12023258 0.04735758 -0.03419238
v 0.12259135 -0.04860324 0.02442039
v 0.12256544 0.04871715 -0.02455010
v 0.11468675 0.05497051 0.04971866
v 0.11469560 -0.05501843 -0.04969821
v 0.11662381 0.03966532 0.04498760
v 0.11662993 -0.03971938 -0.04497169
v 0.11961355 0.05209902 0.03629869
v 0.11961770 -0.05212737 -0.03628496
v 0.12313871 0.04700964 0.02149079
v 0.12313991 -0.04702427 -0.02148383
v 0.11632425 -0.45670612 -0.04575654
v 0.11632425 0.45670612 0.04575658
v 0.11919540 -0.45326354 -0.03764902
v 0.11919540 0.45326354 0.03764906
v 0.12484594 0.30335623 -0.00620356
v 0.11045955 -0.44668632 0.05851227
v 0.11013194 0.44290614 -0.05912655
v 0.11497058 -0.46485276 0.04905878
v 0.11574109 0.46508741 -0.04721220
v 0.12439797 0.45224155 -0.01225306
v 0.11731079 -0.44428921 0.04316450
v 0.11814343 0.44391568 -0.04083041
v 0.12163608 -0.14184208 -0.02880378
v 0.12163559 0.14184097 0.02880590
v 0.12478818 -0.33049576 -0.00727352
v 0.12478818 0.33049576 0.00727356
v 0.12482155 -0.33323683 0.00667640
v 0.12371531 0.02624922 -0.01787502
v 0.12372132 -0.02622563 0.01783341
v 0.12351449 -0.06736107 -0.01921366
v 0.12351350 0.06735351 0.01922003
v 0.12345108 0.07259805 -0.01961693
v 0.12349706 -0.07221000 0.01932540
v 0.12408813 -0.01757455 -0.01507081
v 0.12408838 0.01756470 0.01506883
v 0.12277298 -0.08490972 -0.02349021
v 0.12277181 0.08490393 0.02349632
v 0.12342743 0.09208053 -0.01976518
v 0.12354316 -0.09080883 0.01902846
v 0.12440916 0.03586112 -0.01213897
v 0.12441306 -0.03583020 0.01209900
v 0.12474496 -0.02630867 -0.00798048
v 0.12474496 0.02630342 0.00798055
v 0.12485763 0.40291195 -0.00596378
v 0.12486796 0.03094899 -0.00574343
v 0.12486867 -0.03093791 0.00572800
v 0.12400647 -0.00200689 0.01572868
v 0.12400491 0.00200365 -0.01574088
v 0.12249138 -0.25319217 0.02491700
v 0.12249046 0.25362341 -0.02492147
v 0.12482921 -0.01696307 -0.00653164
v 0.12482928 0.01695955 0.00653029
v 0.12484805 0.02130951 -0.00616103
v 0.12484861 -0.02130350 0.00614963
v 0.12490558 -0.00832309 -0.00485684
v 0.12490568 0.00832150 0.00485458
v 0.12273701 -0.21468030 0.02367748
v 0.12298858 0.21602444 -0.02233391
v 0.12271335 -0.26118034 -0.02379974
v 0.12271334 0.26118032 0.02379983
v 0.10070962 -0.33349577 0.07404439
v 0.10084006 0.33330958 -0.07386660
v 0.08881274 -0.39426879 0.08796191
v 0.07739160 -0.39062474 0.09816079
v 0.03746380 -0.39067907 0.11925379
v 0.06968859 -0.38494712 -0.10377135
v 0.08884020 -0.38667398 -0.08793413
v 0.09562503 -0.38771250 -0.08050370
v 0.10369158 -0.37041044 -0.06980722
v 0.08904021 0.39419071 -0.08773159
v 0.07752161 0.39057005 -0.09805811
v 0.03748459 0.39066918 -0.11924722
v 0.06968858 0.38494712 0.10377140
v 0.08884020 0.38667398 0.08793417
v 0.09562503 0.38771250 0.08050375
v 0.10369158 0.37041044 0.06980727
v 0.09398987 -0.37560727 0.08240693
v 0.08302685 -0.41160172 0.09344272
v 0.07107245 -0.40649807 0.10282854
v 0.06371540 -0.41208683 0.10754232
v 0.05535989 -0.41423288 0.11207268
v 0.04676183 -0.41433458 0.11592383
v 0.03679706 -0.41300558 0.11946120
v 0.02631965 -0.41402881 0.12219771
v 0.01740977 -0.41218208 0.12378168
v 0.00643532 -0.41216514 0.12483426
v -0.00212854 -0.41204389 0.12498190
v -0.01070299 -0.41255810 0.12454096
v -0.02015203 -0.41490303 0.12336491
v -0.03053504 -0.41556051 0.12121311
v -0.04062758 -0.41595482 0.11821339
v -0.05043382 -0.41622917 0.11437411
v -0.05987467 -0.41643029 0.10972708
v -0.06887341 -0.41658145 0.10431424
v -0.07736901 -0.41669219 0.09817863
v -0.08530974 -0.41676922 0.09136332
v -0.09264736 -0.41681998 0.08391349
v -0.09933521 -0.41685183 0.07587835
v -0.10532865 -0.41687097 0.06731183
v -0.11058628 -0.41688204 0.05827249
v -0.11507097 -0.41688825 0.04882294
v -0.11875069 -0.41689166 0.03902923
v -0.12159899 -0.41689354 0.02896018
v -0.12359537 -0.41689462 0.01868666
v -0.12472542 -0.41689528 0.00828105
v -0.12498095 -0.41689572 -0.00218338
v -0.12436001 -0.41689605 -0.01263300
v -0.12286686 -0.41689630 -0.02299435
v -0.12051191 -0.41689649 -0.03319462
v -0.11731168 -0.41689663 -0.04316219
v -0.11328858 -0.41689674 -0.05282708
v -0.10847084 -0.41689681 -0.06212148
v -0.10289226 -0.41689686 -0.07098017
v -0.09659197 -0.41689688 -0.07934098
v -0.08961418 -0.41689687 -0.08714527
v -0.08200786 -0.41689682 -0.09433828
v -0.07382639 -0.41689669 -0.10086954
v -0.06512717 -0.41689640 -0.10669326
v -0.05597118 -0.41689578 -0.11176862
v -0.04642246 -0.41689445 -0.11606012
v -0.03654751 -0.41689161 -0.11953776
v -0.02641453 -0.41688563 -0.12217720
v -0.01609259 -0.41687328 -0.12395977
v -0.00565059 -0.41684831 -0.12487220
v 0.00484429 -0.41679876 -0.12490607
v 0.01532868 -0.41670137 -0.12405654
v 0.02574639 -0.41650943 -0.12231973
v 0.03605433 -0.41612651 -0.11968742
v 0.04623708 -0.41535084 -0.11613408
v 0.05630683 -0.41370420 -0.11159989
v 0.06461759 -0.40975723 -0.10700261
v 0.07471413 -0.40714599 -0.10021373
v 0.08295523 -0.41069146 -0.09350627
v 0.09108936 -0.41204112 -0.08560211
v 0.09857696 -0.39930903 -0.07686075
v 0.09421640 0.37541019 -0.08214781
v 0.08322534 0.41157627 -0.09326594
v 0.07118536 0.40646960 -0.10275036
v 0.06379923 0.41206674 -0.10749256
v 0.05541534 0.41421841 -0.11204523
v 0.04679730 0.41432420 -0.11590947
v 0.03681810 0.41299856 -0.11945468
v 0.02633172 0.41402447 -0.12219507
v 0.01741712 0.41217917 -0.12378060
v 0.00643914 0.41216351 -0.12483402
v -0.00212620 0.41204284 -0.12498189
v -0.01070163 0.41255746 -0.12454104
v -0.02015130 0.41490267 -0.12336499
v -0.03053470 0.41556032 -0.12121315
v -0.04062742 0.41595473 -0.11821341
v -0.05043375 0.41622912 -0.11437410
v -0.05987464 0.41643027 -0.10972705
v -0.06887340 0.41658144 -0.10431420
v -0.07736901 0.41669219 -0.09817860
v -0.08530974 0.41676922 -0.09136328
v -0.09264736 0.41681998 -0.08391345
v -0.09933521 0.41685183 -0.07587831
v -0.10532865 0.41687097 -0.06731179
v -0.11058628 0.41688204 -0.05827245
v -0.11507097 0.41688825 -0.04882290
v -0.11875069 0.41689166 -0.03902919
v -0.12159899 0.41689354 -0.02896014
v -0.12359537 0.41689462 -0.01868662
v -0.12472542 0.41689528 -0.00828101
v -0.12498095 0.41689572 0.00218342
v -0.12436001 0.41689605 0.01263304
v -0.12286686 0.41689630 0.02299439
v -0.12051191 0.41689649 0.03319466
v -0.11731168 0.41689663 0.04316223
v -0.11328858 0.41689674 0.05282712
v -0.10847084 0.41689681 0.06212152
v -0.10289226 0.41689686 0.07098021
v -0.09659197 0.41689688 0.07934103
v -0.08961418 0.41689687 0.08714531
v -0.08200786 0.41689682 0.09433832
v -0.07382639 0.41689669 0.10086958
v -0.06512717 0.41689640 0.10669330
v -0.05597118 0.41689578 0.11176866
v -0.04642247 0.41689445 0.11606016
v -0.03654751 0.41689161 0.11953780
v -0.02641453 0.41688563 0.12217724
v -0.01609260 0.41687328 0.12395981
v -0.00565059 0.41684831 0.12487224
v 0.00484429 0.41679876 0.12490612
v 0.01532868 0.41670137 0.12405658
v 0.02574639 0.41650943 0.12231978
v 0.03605433 0.41612651 0.11968746
v 0.04623708 0.41535084 0.11613413
v 0.05630682 0.41370420 0.11159993
v 0.06461759 0.40975723 0.10700266
v 0.07471413 0.40714599 0.10021377
v 0.08295522 0.41069146 0.09350631
v 0.09108936 0.41204112 0.08560215
v 0.09857696 0.39930903 0.07686079
v 0.10465038 0.12468544 0.06836151
v 0.10465572 -0.12469593 -0.06835329
v 0.08950233 -0.09230377 0.08726014
v 0.09849272 0.09189976 0.07696871
v 0.08602052 0.08904890 0.09069438
v 0.07937250 0.08986590 0.09656608
v 0.07940467 -0.08990649 -0.09653958
v 0.08604261 -0.08909745 -0.09067338
v 0.09850479 -0.09193897 -0.07695322
v 0.08933448 0.09243834 -0.08743193
v 0.08716673 -0.05974789 0.08959331
v 0.09035662 0.06127312 0.08637523
v 0.07771345 -0.05860008 0.09790618
v 0.07733978 0.05885797 -0.09820158
v 0.09037584 -0.06139849 -0.08635508
v 0.08689024 0.05991247 -0.08986144
v 0.09923883 -0.06363052 0.07600430
v 0.09906806 0.06372214 -0.07622672
v 0.09453151 -0.08651563 0.08178503
v 0.09436691 0.08664101 -0.08197487
v 0.09916593 0.10204335 0.07609939
v 0.09495623 0.07688345 0.08129154
v 0.08168783 -0.07514623 0.09461553
v 0.08142765 0.07533501 -0.09483949
v 0.09497260 -0.07695421 -0.08127237
v 0.09917601 -0.10207060 -0.07608621
v 0.11028868 -0.39725286 -0.05883366
v 0.11028868 0.39725286 0.05883371
v 0.10204669 -0.41121008 0.07219052
v 0.10248548 0.41141459 -0.07156618
v 0.10389058 -0.13153750 0.06951076
v 0.10379797 0.13172664 -0.06964894
v 0.12236244 -0.40538525 0.02554267
v 0.12252806 -0.39957689 -0.02473596
v 0.12252806 0.39957689 0.02473600
v 0.11231860 -0.10980071 0.05485918
v 0.11215032 0.10996353 -0.05520235
v 0.11045938 -0.38841198 0.05851259
v 0.11099034 0.38728769 -0.05749901
v 0.10321829 -0.19997568 -0.07050516
v 0.10321705 0.19997438 0.07050701
v 0.10895183 -0.18929438 -0.06127389
v 0.10895082 0.18929313 0.06127573
v 0.11269735 -0.19484096 -0.05407679
v 0.11269675 0.19484016 0.05407810
v 0.12444121 -0.15868248 -0.01180587
v 0.12444116 0.15868227 0.01180642
v 0.11220042 -0.43631688 -0.05510043
v 0.11220042 0.43631688 0.05510047
v 0.12462765 0.15678452 -0.00964073
v 0.12265344 0.31861661 -0.02410658
v 0.10449233 0.07435099 0.06860285
v 0.10450600 -0.07440628 -0.06858198
v 0.10831372 0.05778789 0.06239499
v 0.10832905 -0.05785987 -0.06236833
v 0.10813499 0.04860240 0.06270424
v 0.10815218 -0.04869508 -0.06267454
v 0.11194224 0.06183334 0.05562313
v 0.11195318 -0.06188449 -0.05560107
v 0.11957896 -0.44175367 0.03641247
v 0.12067699 0.44423323 -0.03258923
v 0.12200858 0.43600574 -0.02718270
v 0.12307687 0.34442194 -0.02184210
v 0.11799100 -0.14777088 -0.04126884
v 0.11799002 0.14776912 0.04127167
v 0.12474292 -0.13810401 0.00801247
v 0.11558600 -0.35821538 0.04759068
v 0.11577844 0.35794612 -0.04712055
v 0.11460085 -0.17035373 -0.04991631
v 0.11459995 0.17035239 0.04991842
v 0.12430944 -0.12864948 0.01312088
v 0.12443093 0.12842637 -0.01191373
v 0.11580879 -0.14834528 0.04704595
v 0.11588476 0.14873518 -0.04685846
v 0.11319763 -0.26106717 -0.05302160
v 0.11319756 0.26106708 0.05302179
v 0.12334878 0.43003352 -0.02025025
v 0.12335765 0.44087030 -0.02019611
v 0.12388311 -0.26970075 0.01667247
v 0.12270834 -0.30826221 0.02382559
v 0.12060010 -0.13345887 0.03287264
v 0.12059986 0.13295223 -0.03287349
v 0.12319005 -0.44433867 0.02119450
v 0.12296266 -0.44490001 -0.02247617
v 0.12296266 0.44490001 0.02247621
v 0.12192213 -0.17610876 0.02756790
v 0.12150494 0.17770096 -0.02935205
v 0.12362495 -0.33465706 0.01848966
v 0.12341507 -0.33456509 -0.01984223
v 0.12341507 0.33456509 0.01984227
v 0.11655508 -0.32471984 -0.04516533
v 0.11655507 0.32471984 0.04516538
v 0.12003157 -0.14183778 -0.03489147
v 0.12003081 0.14183622 0.03489414
v 0.11653247 -0.40725367 -0.04522361
v 0.11653247 0.40725367 0.04522365
v 0.12097795 -0.34716128 -0.03145359
v 0.12097795 0.34716128 0.03145363
v 0.12429202 0.30665656 -0.01328491
v 0.12415447 -0.31624497 0.01451421
v 0.12394593 -0.31440384 -0.01619874
v 0.12394593 0.31440384 0.01619878
v 0.12063315 -0.27542576 -0.03275114
v 0.12063314 0.27542575 0.03275122
v 0.12482046 0.20169075 -0.00669687
v 0.12117465 -0.31523535 0.03068714
v 0.12099982 0.31314848 -0.03136937
v 0.12305813 -0.17737929 -0.02194747
v 0.12305802 0.17737902 0.02194812
v 0.12408716 0.10008841 -0.01507882
v 0.12416067 -0.09698124 0.01446104
v 0.12451948 -0.11194725 -0.01094960
v 0.12451935 0.11194644 0.01095107
v 0.11299800 -0.35460133 -0.05344572
v 0.11299800 0.35460133 0.05344577
v 0.12276603 -0.30623467 -0.02352647
v 0.12276603 0.30623467 0.02352652
v 0.11894775 -0.43263837 -0.03842427
v 0.11894775 0.43263837 0.03842432
v 0.12017971 -0.41974117 -0.03437777
v 0.12017971 0.41974117 0.03437781
v 0.12021241 -0.25033811 0.03426329
v 0.12014454 0.25038540 -0.03450048
v 0.12402773 0.39314294 -0.01556009
v 0.11608220 -0.27250179 0.04636722
v 0.11590962 0.27269350 -0.04679694
v 0.12106861 -0.30396945 0.03110285
v 0.12068660 0.30349834 -0.03255362
v 0.12388339 0.23544036 -0.01667029
v 0.11675703 -0.20945706 0.04464069
v 0.11633973 0.21164735 -0.04571717
v 0.12403967 -0.08657288 -0.01546463
v 0.12403921 0.08656970 0.01546837
v 0.10333795 -0.28862286 0.07032970
v 0.10326089 0.28858867 -0.07044275
v 0.09874054 -0.21115308 0.07665053
v 0.09849903 0.21156322 -0.07696060
v 0.11740203 -0.37663435 0.04291573
v 0.11742110 0.37563972 -0.04286347
v 0.11375461 -0.26722241 0.05181588
v 0.11357031 0.26723287 -0.05221854
v 0.11998542 -0.20994265 -0.03504984
v 0.11998530 0.20994245 0.03505030
v 0.10999652 -0.26687756 0.05937813
v 0.10980355 0.26686076 -0.05973418
v 0.10465410 -0.27677704 0.06835582
v 0.10452224 0.27676558 -0.06855723
v 0.10536902 -0.22632538 0.06724854
v 0.10500654 0.22675979 -0.06781311
v 0.10880396 -0.27851084 0.06153614
v 0.10865829 0.27851552 -0.06179295
v 0.11784587 -0.06734779 -0.04168145
v 0.11784053 0.06732320 0.04169659
v 0.10725065 -0.23638150 0.06420511
v 0.10687935 0.23663821 -0.06482127
v 0.12390989 -0.25788191 -0.01647218
v 0.12390989 0.25788189 0.01647226
v 0.11418777 -0.22800956 0.05085420
v 0.11349236 0.22879911 -0.05238775
v 0.11888917 -0.28425128 -0.03860517
v 0.11888915 0.28425127 0.03860525
v 0.10436100 -0.30182409 -0.06880242
v 0.10436096 0.30182406 0.06880253
v 0.12290068 -0.31859372 0.02281267
v 0.11036443 -0.22776839 0.05869149
v 0.10987754 0.22834503 -0.05959798
v 0.10637549 -0.27078116 -0.06564485
v 0.10637538 0.27078105 0.06564507
v 0.12074707 0.03012287 0.03232863
v 0.12074853 -0.03015558 -0.03232314
v 0.11622277 0.08829116 0.04601374
v 0.11622757 -0.08830690 -0.04600157
v 0.12453431 -0.38492377 0.01077962
v 0.12419009 -0.38366428 -0.01420614
v 0.12419009 0.38366428 0.01420618
v 0.11868667 -0.02731349 0.03922335
v 0.11865832 0.02732918 -0.03930898
v 0.11777016 0.03121709 0.04189493
v 0.11777348 -0.03127027 -0.04188555
v 0.12118590 -0.03162827 0.03064267
v 0.12116522 0.03166759 -0.03072431
v 0.11337961 -0.07450431 0.05263137
v 0.11324497 0.07467813 -0.05292041
v 0.10271560 -0.46453823 0.07123555
v 0.10301420 0.46443657 -0.07080302
v 0.12313053 -0.13944151 -0.02153754
v 0.12313025 0.13944069 0.02153918
v 0.11560157 -0.06238856 0.04755285
v 0.11550222 0.06253854 -0.04779361
v 0.11543476 -0.43705563 0.04795637
v 0.11662354 0.43582142 -0.04498824
v 0.11403237 0.03284204 0.05120170
v 0.11403906 -0.03292278 -0.05118677
v 0.12479685 0.31409593 -0.00712313
v 0.12196726 -0.06531278 -0.02736751
v 0.12196513 0.06529955 0.02737703
v 0.12253696 0.02111150 0.02469190
v 0.12253669 -0.02113280 -0.02469316
v 0.12248259 -0.02661117 0.02496017
v 0.12247076 0.02663846 -0.02501814
v 0.10372993 -0.47782666 0.06975026
v 0.10397720 0.47784952 -0.06938107
v 0.11906625 -0.26234658 0.03805556
v 0.11895835 0.26262738 -0.03839146
v 0.11296536 -0.42129872 0.05351471
v 0.11408144 0.42085777 -0.05109224
v 0.12258152 -0.11251523 0.02446969
v 0.12211560 0.11276590 -0.02669780
v 0.09650273 -0.22463497 -0.07944946
v 0.09650152 0.22463396 0.07945096
v 0.09358882 -0.21898426 0.08286213
v 0.09339077 0.21922844 -0.08308523
v 0.08811854 -0.22494252 0.08865733
v 0.07830469 -0.23000749 0.09743396
v 0.07195137 -0.22789762 0.10221547
v 0.06019717 -0.23144979 0.10955046
v 0.05465245 -0.23275796 0.11241936
v 0.08796726 0.22508849 -0.08880739
v 0.07821320 0.23007426 -0.09750737
v 0.07188219 0.22794696 -0.10226409
v 0.06015884 0.23147050 -0.10957147
v 0.05462267 0.23277200 -0.11243379
v 0.12449353 -0.41243211 -0.01124080
v 0.12449353 0.41243211 0.01124084
v 0.11988328 -0.07371258 -0.03539764
v 0.11987988 0.07369666 0.03540919
v 0.12488419 0.21057256 -0.00537896
v 0.12441171 0.40126505 -0.01211278
v 0.11370539 -0.22770198 -0.05192376
v 0.11370518 0.22770171 0.05192425
v 0.11991689 -0.19293772 0.03528366
v 0.11953959 0.19485284 -0.03654149
v 0.10828466 -0.47991212 0.06244541
v 0.10860710 0.48010007 -0.06188287
v 0.12354626 0.11006914 -0.01900828
v 0.12367554 0.16457075 -0.01814811
v 0.12333794 -0.15754866 0.02031618
v 0.11750297 -0.31253515 0.04263859
v 0.11752297 0.31212135 -0.04258339
v 0.12485358 0.28565802 -0.00604803
v 0.11218382 -0.47719052 -0.05513422
v 0.11218382 0.47719052 0.05513426
v 0.11378926 -0.47502338 0.05173974
v 0.11451055 0.47584436 -0.05012313
v 0.11073261 -0.47572199 0.05799385
v 0.11119671 0.47601257 -0.05709890
v 0.12400391 0.17620139 -0.01574879
v 0.11580382 0.02198752 0.04705819
v 0.11580445 -0.02206187 -0.04705659
v 0.12488779 -0.23043679 -0.00529482
v 0.12488778 0.23043678 0.00529489
v 0.12486989 -0.23171254 0.00570125
v 0.11619883 -0.32865536 0.04607417
v 0.11649245 0.32833359 -0.04532661
v 0.12490606 0.29455325 -0.00484467
v 0.12484696 -0.24075411 -0.00618318
v 0.12484695 0.24075411 0.00618325
v 0.12478573 -0.24090763 0.00731550
v 0.11721594 -0.47371708 0.04342143
v 0.11857575 0.47591934 -0.03955737
v 0.10742011 -0.01294250 0.06392119
v 0.10735031 0.01280960 -0.06403829
v 0.12087880 -0.22063033 -0.03183251
v 0.12087873 0.22063020 0.03183282
v 0.10968526 -0.02095588 0.05995117
v 0.10961877 0.02088133 -0.06007261
v 0.11180729 -0.02829156 0.05589389
v 0.11174522 0.02826389 -0.05601784
v 0.11460731 -0.48073111 -0.04990148
v 0.11460731 0.48073111 0.04990152
v 0.12493932 -0.34773028 0.00389366
v 0.12492867 -0.34746730 -0.00422147
v 0.12492867 0.34746730 0.00422151
v 0.12242052 0.15385214 -0.02526279
v 0.12182024 -0.15237142 0.02801472
v 0.11741835 -0.47907667 -0.04287101
v 0.11741835 0.47907667 0.04287105
v 0.11342107 -0.01869228 0.05254197
v 0.11337895 0.01864419 -0.05263274
v 0.12155137 -0.06744136 0.02915922
v 0.12148194 0.06772539 -0.02944708
v 0.09277622 -0.20704955 0.08377095
v 0.09259818 0.20733170 -0.08396767
v 0.08231448 -0.21367185 0.09407086
v 0.08220156 0.21379811 -0.09416950
v 0.12402172 0.04555002 -0.01560793
v 0.12403127 -0.04548061 0.01553184
v 0.11556832 -0.48252412 0.04763360
v 0.11617305 0.48424197 -0.04613910
v 0.12382736 -0.07639152 -0.01708154
v 0.12382668 0.07638638 0.01708651
v 0.11914919 -0.06465599 0.03779507
v 0.11906349 0.06487001 -0.03806414
v 0.12313068 0.20460517 -0.02153667
v 0.12311976 -0.20428294 0.02159906
v 0.12417627 0.03976385 0.01432654
v 0.12417666 -0.03977385 -0.01432309
v 0.12310142 -0.23397934 0.02170337
v 0.12193651 -0.10047504 -0.02750417
v 0.12193532 0.10047077 0.02750953
v 0.11737574 -0.29313323 0.04298759
v 0.11714913 0.29330205 -0.04360131
v 0.09822993 -0.17739736 0.07730382
v 0.09810396 0.17780629 -0.07746357
v 0.12389394 0.08274751 -0.01659169
v 0.12394595 -0.08202237 0.01619869
v 0.12321786 -0.00862467 0.02103222
v 0.12321386 0.00862332 -0.02105562
v 0.12212559 -0.24219617 0.02665211
v 0.12220085 0.24065009 -0.02630487
v 0.11640730 -0.12086108 -0.04554485
v 0.11640497 0.12085601 0.04555084
v 0.12267528 -0.08370583 0.02399523
v 0.12256423 0.08439387 -0.02455614
v 0.12450866 -0.02584888 0.01107196
v 0.12450637 0.02586450 -0.01109760
v 0.12451091 -0.05698820 -0.01104663
v 0.12451057 0.05698287 0.01105044
v 0.12438683 0.05925432 -0.01236572
v 0.12439789 -0.05911983 0.01225401
v 0.12452291 -0.04849977 -0.01091051
v 0.12452261 0.04849311 0.01091393
v 0.12479190 0.04644462 -0.00720941
v 0.12479382 -0.04641383 0.00717613
v 0.12487608 -0.33966585 -0.00556405
v 0.12487608 0.33966585 0.00556409
v 0.12489720 -0.34033750 0.00506804
v 0.11632333 -0.17721285 0.04575894
v 0.11638981 0.17901019 -0.04558952
v 0.11939537 -0.18751694 -0.03700998
v 0.11939511 0.18751650 0.03701088
v 0.12484493 -0.36834618 0.00622404
v 0.12481433 -0.36797058 -0.00681011
v 0.12481433 0.36797058 0.00681015
v 0.12449496 0.00746353 0.01122491
v 0.12449451 -0.00746819 -0.01122993
v 0.12479909 -0.03628428 -0.00708381
v 0.12479903 0.03627943 0.00708494
v 0.12477348 -0.38976062 -0.00752145
v 0.12479094 0.39294441 -0.00722601
v 0.12477348 0.38976062 0.00752150
v 0.12490014 -0.38789337 0.00499506
v 0.11944491 -0.22431335 0.03684982
v 0.11867479 0.22955486 -0.03925924
v 0.12368150 0.13623898 -0.01810745
v 0.12149717 -0.10936656 -0.02938418
v 0.12149602 0.10936293 0.02938898
v 0.12482824 -0.42181931 0.00655013
v 0.12475322 -0.42123405 -0.00785031
v 0.12485370 0.42021570 -0.00604553
v 0.12475322 0.42123405 0.00785035
v 0.11394513 -0.29146190 -0.05139552
v 0.11394511 0.29146188 0.05139561
v 0.12426649 0.01494998 -0.01352161
v 0.12426875 -0.01494333 0.01350081
v 0.12360794 -0.00782132 -0.01860298
v 0.12360912 0.00781120 0.01859521
v 0.12186648 -0.24179019 -0.02781282
v 0.12186646 0.24179014 0.02781298
v 0.12317574 -0.06032113 0.02127750
v 0.12314308 0.06052705 -0.02146570
v 0.11879722 0.39793733 -0.03888718
v 0.12488092 -0.41139067 -0.00545431
v 0.12490994 0.41123685 -0.00474359
v 0.12488092 0.41139067 0.00545436
v 0.12341918 0.05812865 0.01981669
v 0.12342028 -0.05813912 -0.01980982
v 0.12262502 -0.26411678 0.02425077
v 0.12263457 0.26520053 -0.02420239
v 0.12486008 -0.45829051 0.00591230
v 0.12486554 -0.45844809 -0.00579569
v 0.12486761 0.45753506 -0.00575101
v 0.12486554 0.45844809 0.00579573
v 0.12489905 0.03949305 -0.00502204
v 0.12489977 -0.03947849 0.00500428
v 0.11658232 -0.38514732 -0.04509497
v 0.11658232 0.38514732 0.04509501
v 0.12415162 -0.42307126 0.01453858
v 0.12376155 -0.42016851 -0.01755196
v 0.12376155 0.42016851 0.01755200
v 0.12123045 0.04713581 0.03046596
v 0.12123309 -0.04715986 -0.03045540
v 0.12184021 -0.09357509 0.02792775
v 0.12162799 0.09436953 -0.02883793
v 0.12279832 0.00013415 0.02335740
v 0.12279507 -0.00014474 -0.02337445
v 0.12410779 0.18694453 -0.01490807
v 0.11271647 -0.45599859 0.05403696
v 0.11317717 0.45498217 -0.05306525
v 0.12463733 0.06653017 -0.00951475
v 0.12464686 -0.06634373 0.00938908
v 0.12416376 -0.29306714 0.01443451
v 0.12411739 -0.28982844 -0.01482793
v 0.12411739 0.28982844 0.01482798
v 0.09238057 -0.24939008 0.08420706
v 0.09222868 0.24945602 -0.08437335
v 0.12389453 -0.14988326 -0.01658728
v 0.12389441 0.14988283 0.01658826
v 0.12494318 -0.03143771 -0.00376780
v 0.12494317 0.03143519 0.00376812
v 0.10127708 -0.44407121 -0.07326627
v 0.10127708 0.44407121 0.07326631
v 0.10405218 -0.41825488 -0.06926859
v 0.10405218 0.41825488 0.06926863
v 0.09560898 -0.42791248 0.08052281
v 0.09598043 0.42795282 -0.08007964
v 0.08869070 -0.45137500 0.08808496
v 0.08894941 0.45136073 -0.08782366
v 0.08268746 -0.43462993 0.09374318
v 0.08290391 0.43462038 -0.09355177
v 0.09734419 -0.43515287 -0.07841620
v 0.09734419 0.43515287 0.07841625
v 0.07911494 -0.44533726 0.09677720
v 0.07928753 0.44532537 -0.09663581
v 0.07403463 -0.43681796 0.10071680
v 0.07417755 0.43680520 -0.10061154
v 0.06930547 -0.44339542 0.10402765
v 0.06941304 0.44338396 -0.10395587
v 0.05263623 -0.43797200 0.11337738
v 0.05268205 0.43796388 -0.11335605
v 0.04392779 -0.44032433 0.11702714
v 0.04395629 0.44031858 -0.11701640
v 0.03355508 -0.44213443 0.12041204
v 0.03357106 0.44213071 -0.12040755
v 0.02271610 -0.44501468 0.12291860
v 0.02272481 0.44501240 -0.12291695
v -0.02462337 -0.44131379 0.12255079
v -0.03516293 -0.44196164 0.11995239
v -0.04531813 -0.44197701 0.11649581
v -0.05503325 -0.44199750 0.11223345
v -0.06430207 -0.44204539 0.10719259
v -0.07308602 -0.44209615 0.10140730
v -0.08133602 -0.44213885 0.09491817
v -0.08900249 -0.44217075 0.08776996
v -0.09603755 -0.44219273 0.08001123
v -0.10239576 -0.44220695 0.07169460
v -0.10803476 -0.44221566 0.06287685
v -0.11291609 -0.44222074 0.05361868
v -0.11700590 -0.44222358 0.04398438
v -0.12027554 -0.44222511 0.03404119
v -0.12270194 -0.44222591 0.02385878
v -0.12426795 -0.44222632 0.01350861
v -0.12496248 -0.44222653 0.00306336
v -0.12478058 -0.44222665 -0.00740360
v -0.12372347 -0.44222671 -0.01781878
v -0.12179854 -0.44222676 -0.02810907
v -0.11901929 -0.44222679 -0.03820226
v -0.11540520 -0.44222681 -0.04802751
v -0.11098163 -0.44222682 -0.05751591
v -0.10577960 -0.44222684 -0.06660088
v -0.09983561 -0.44222686 -0.07521870
v -0.09319133 -0.44222690 -0.08330892
v -0.08589339 -0.44222700 -0.09081479
v -0.07799294 -0.44222724 -0.09768368
v -0.06954534 -0.44222781 -0.10386744
v -0.06060964 -0.44222905 -0.10932278
v -0.05124810 -0.44223160 -0.11401153
v -0.04152546 -0.44223658 -0.11790094
v -0.03150815 -0.44224583 -0.12096377
v -0.02126333 -0.44226235 -0.12317819
v -0.01085767 -0.44229104 -0.12452753
v -0.00035587 -0.44234033 -0.12499947
v 0.01018183 -0.44242589 -0.12458461
v 0.02070502 -0.44257960 -0.12327326
v 0.03118831 -0.44286745 -0.12104661
v 0.04166052 -0.44336994 -0.11785327
v 0.05210770 -0.44380128 -0.11362121
v 0.06241912 -0.44428963 -0.10829980
v 0.08562273 -0.44319260 -0.09106998
v -0.02462289 0.44131359 -0.12255084
v -0.03516273 0.44196154 -0.11995240
v -0.04531805 0.44197697 -0.11649580
v -0.05503322 0.44199748 -0.11223343
v -0.06430206 0.44204538 -0.10719256
v -0.07308602 0.44209615 -0.10140726
v -0.08133602 0.44213885 -0.09491813
v -0.08900249 0.44217075 -0.08776991
v -0.09603755 0.44219273 -0.08001118
v -0.10239576 0.44220695 -0.07169456
v -0.10803476 0.44221566 -0.06287680
v -0.11291609 0.44222074 -0.05361864
v -0.11700590 0.44222358 -0.04398433
v -0.12027554 0.44222511 -0.03404114
v -0.12270194 0.44222591 -0.02385874
v -0.12426795 0.44222632 -0.01350856
v -0.12496248 0.44222653 -0.00306332
v -0.12478058 0.44222665 0.00740364
v -0.12372347 0.44222671 0.01781882
v -0.12179854 0.44222676 0.02810911
v -0.11901929 0.44222679 0.03820230
v -0.11540520 0.44222681 0.04802756
v -0.11098163 0.44222682 0.05751595
v -0.10577960 0.44222684 0.06660092
v -0.09983561 0.44222686 0.07521874
v -0.09319133 0.44222690 0.08330896
v -0.08589339 0.44222700 0.09081483
v -0.07799294 0.44222724 0.09768372
v -0.06954534 0.44222781 0.10386748
v -0.06060964 0.44222905 0.10932282
v -0.05124810 0.44223160 0.11401157
v -0.04152546 0.44223658 0.11790099
v -0.03150815 0.44224583 0.12096381
v -0.02126333 0.44226235 0.12317823
v -0.01085767 0.44229104 0.12452757
v -0.00035587 0.44234033 0.12499951
v 0.01018183 0.44242589 0.12458465
v 0.02070502 0.44257960 0.12327330
v 0.03118831 0.44286745 0.12104666
v 0.04166052 0.44336994 0.11785332
v 0.05210770 0.44380128 0.11362126
v 0.06241912 0.44428963 0.10829984
v 0.08562273 0.44319260 0.09107002
v 0.06472052 -0.43501032 0.10694043
v 0.06481119 0.43499820 -0.10688546
v 0.05579848 -0.43238310 0.11185496
v 0.05585513 0.43237306 -0.11182664
v 0.04767523 -0.43311660 0.11555118
v 0.04771181 0.43310907 -0.11553604
v 0.03792649 -0.43438189 0.11910745
v 0.03794833 0.43437676 -0.11910045
v 0.02690135 -0.43608688 0.12207097
v 0.02691351 0.43608366 -0.12206825
v 0.01559598 -0.43990306 0.12402326
v 0.01560256 0.43990118 -0.12402239
v 0.00510246 -0.43968686 0.12489584
v 0.00510613 0.43968569 -0.12489564
v -0.00386473 -0.43859576 0.12494026
v -0.00386258 0.43859502 -0.12494029
v -0.01236226 -0.43677414 0.12438722
v -0.01236101 0.43677367 -0.12438730
v -0.02081019 -0.43415459 0.12325560
v -0.03032139 -0.43501966 0.12126673
v -0.04043866 -0.43536329 0.11827815
v -0.05031782 -0.43549508 0.11442519
v -0.05980123 -0.43558421 0.10976712
v -0.06882754 -0.43565948 0.10434451
v -0.07734483 -0.43572077 0.09819769
v -0.08530280 -0.43576701 0.09136979
v -0.09265293 -0.43579949 0.08390734
v -0.09934871 -0.43582093 0.07586067
v -0.10534624 -0.43583433 0.06728431
v -0.11060501 -0.43584231 0.05823692
v -0.11508873 -0.43584687 0.04878105
v -0.11876603 -0.43584936 0.03898253
v -0.12161094 -0.43585070 0.02890994
v -0.12360332 -0.43585140 0.01863397
v -0.12472901 -0.43585177 0.00822679
v -0.12497998 -0.43585198 -0.00223846
v -0.12435438 -0.43585210 -0.01268827
v -0.12285657 -0.43585218 -0.02304924
v -0.12049702 -0.43585224 -0.03324864
v -0.11729227 -0.43585228 -0.04321488
v -0.11326480 -0.43585231 -0.05287804
v -0.10844286 -0.43585233 -0.06217032
v -0.10286027 -0.43585235 -0.07102652
v -0.09655619 -0.43585238 -0.07938453
v -0.08957483 -0.43585243 -0.08718572
v -0.08196517 -0.43585256 -0.09437537
v -0.07378055 -0.43585286 -0.10090307
v -0.06507828 -0.43585352 -0.10672308
v -0.05591911 -0.43585490 -0.11179468
v -0.04636668 -0.43585762 -0.11608242
v -0.03648674 -0.43586269 -0.11955632
v -0.02634628 -0.43587165 -0.12219194
v -0.01601234 -0.43588686 -0.12397016
v -0.00555063 -0.43591204 -0.12487668
v 0.00497681 -0.43595333 -0.12490086
v 0.01551575 -0.43602149 -0.12403328
v 0.02602825 -0.43613349 -0.12226007
v 0.03650584 -0.43630031 -0.11955048
v 0.04696066 -0.43645981 -0.11584338
v 0.05730200 -0.43659250 -0.11109219
v 0.06616513 -0.43726914 -0.10605266
v 0.07455761 -0.43864809 -0.10033023
v 0.08262221 -0.43467239 -0.09380065
v 0.09044775 -0.43596427 -0.08627976
v -0.02080951 0.43415430 -0.12325567
v -0.03032106 0.43501951 -0.12126677
v -0.04043851 0.43536322 -0.11827816
v -0.05031776 0.43549504 -0.11442517
v -0.05980120 0.43558420 -0.10976709
v -0.06882753 0.43565947 -0.10434448
v -0.07734482 0.43572077 -0.09819765
v -0.08530280 0.43576701 -0.09136975
v -0.09265293 0.43579949 -0.08390730
v -0.09934871 0.43582093 -0.07586063
v -0.10534624 0.43583433 -0.06728427
v -0.11060501 0.43584231 -0.05823688
v -0.11508873 0.43584687 -0.04878101
v -0.11876603 0.43584936 -0.03898249
v -0.12161094 0.43585070 -0.02890990
v -0.12360332 0.43585140 -0.01863392
v -0.12472901 0.43585177 -0.00822675
v -0.12497998 0.43585198 0.00223851
v -0.12435438 0.43585210 0.01268831
v -0.12285657 0.43585218 0.02304928
v -0.12049702 0.43585224 0.03324868
v -0.11729227 0.43585228 0.04321492
v -0.11326480 0.43585231 0.05287808
v -0.10844286 0.43585233 0.06217036
v -0.10286027 0.43585235 0.07102657
v -0.09655619 0.43585238 0.07938458
v -0.08957483 0.43585243 0.08718576
v -0.08196517 0.43585256 0.09437541
v -0.07378055 0.43585286 0.10090311
v -0.06507828 0.43585352 0.10672312
v -0.05591911 0.43585490 0.11179473
v -0.04636668 0.43585762 0.11608246
v -0.03648674 0.43586269 0.11955636
v -0.02634628 0.43587165 0.12219198
v -0.01601234 0.43588686 0.12397020
v -0.00555063 0.43591204 0.12487672
v 0.00497680 0.43595333 0.12490091
v 0.01551575 0.43602149 0.12403333
v 0.02602825 0.43613349 0.12226011
v 0.03650584 0.43630031 0.11955052
v 0.04696066 0.43645981 0.11584343
v 0.05730200 0.43659250 0.11109223
v 0.06616513 0.43726914 0.10605271
v 0.07455761 0.43864809 0.10033027
v 0.08262221 0.43467239 0.09380070
v 0.09044775 0.43596427 0.08627980
v 0.10945475 -0.44257717 -0.06037094
v 0.10945475 0.44257717 0.06037098
v 0.09711436 -0.11041462 0.07870069
v 0.09698566 0.11054482 -0.07885921
v 0.08873875 -0.33268737 0.08803654
v 0.08881903 0.33258096 -0.08795552
v 0.09632914 -0.34127785 -0.07965984
v 0.09632912 0.34127784 0.07965990
v 0.07297129 -0.36942804 0.10148986
v 0.07305817 0.36936787 -0.10142730
v 0.06577344 -0.36371466 0.10629607
v 0.06583465 0.36367085 -0.10625813
v 0.10624963 -0.36634058 0.06584842
v 0.10650636 0.36582562 -0.06543231
v 0.09587154 -0.29173349 0.08021002
v 0.09582794 0.29169473 -0.08026206
v 0.09520450 -0.33426203 0.08100063
v 0.09531330 0.33411184 -0.08087254
v -0.01265643 -0.34035728 0.12435763
v -0.02302922 -0.34042015 0.12286033
v -0.03323435 -0.34010904 0.12050097
v -0.04322011 -0.34017912 0.11729036
v -0.05307351 -0.34000036 0.11317336
v -0.06245115 -0.33945080 0.10828140
v -0.07122436 -0.33913572 0.10272340
v -0.07948575 -0.33896183 0.09647292
v -0.08721374 -0.33886135 0.08954759
v -0.09435558 -0.33880093 0.08198801
v -0.10085589 -0.33876571 0.07384509
v -0.10666334 -0.33874841 0.06517621
v -0.11173238 -0.33874443 0.05604358
v -0.11602391 -0.33874951 0.04651300
v -0.11950554 -0.33875971 0.03665288
v -0.12215148 -0.33877180 0.02653342
v -0.12394239 -0.33878364 0.01622620
v -0.12486521 -0.33879408 0.00580382
v -0.12491311 -0.33880269 -0.00466044
v -0.12408548 -0.33880943 -0.01509302
v -0.12238789 -0.33881451 -0.02542062
v -0.11983210 -0.33881821 -0.03557065
v -0.11643590 -0.33882083 -0.04547179
v -0.11222305 -0.33882264 -0.05505443
v -0.10722304 -0.33882383 -0.06425124
v -0.10147095 -0.33882458 -0.07299759
v -0.09500718 -0.33882496 -0.08123200
v -0.08787720 -0.33882499 -0.08889656
v -0.08013132 -0.33882456 -0.09593733
v -0.07182444 -0.33882342 -0.10230469
v -0.06301587 -0.33882107 -0.10795369
v -0.05376920 -0.33881669 -0.11284446
v -0.04415225 -0.33880898 -0.11694262
v -0.03423706 -0.33879607 -0.12021988
v -0.02409993 -0.33877547 -0.12265476
v -0.01382132 -0.33874411 -0.12423352
v -0.00348558 -0.33869882 -0.12495137
v 0.00681982 -0.33863707 -0.12481380
v 0.01700557 -0.33855916 -0.12383781
v 0.02698303 -0.33847075 -0.12205290
v 0.03666799 -0.33838905 -0.11950085
v 0.04598792 -0.33834724 -0.11623297
v 0.05489844 -0.33839451 -0.11229939
v 0.06337817 -0.33851790 -0.10774136
v 0.07131681 -0.33858317 -0.10265917
v 0.07844178 -0.33844941 -0.09732358
v 0.08487204 -0.33709442 -0.09176998
v -0.01265594 0.34035666 -0.12435764
v -0.02302905 0.34041978 -0.12286032
v -0.03323436 0.34010883 -0.12050093
v -0.04322022 0.34017899 -0.11729028
v -0.05307367 0.34000028 -0.11317325
v -0.06245133 0.33945075 -0.10828125
v -0.07122454 0.33913570 -0.10272324
v -0.07948590 0.33896182 -0.09647274
v -0.08721388 0.33886135 -0.08954742
v -0.09435568 0.33880094 -0.08198784
v -0.10085597 0.33876573 -0.07384493
v -0.10666340 0.33874843 -0.06517607
v -0.11173242 0.33874446 -0.05604345
v -0.11602394 0.33874954 -0.04651290
v -0.11950555 0.33875974 -0.03665279
v -0.12215149 0.33877182 -0.02653334
v -0.12394240 0.33878366 -0.01622613
v -0.12486521 0.33879411 -0.00580376
v -0.12491311 0.33880271 0.00466049
v -0.12408548 0.33880946 0.01509306
v -0.12238790 0.33881454 0.02542065
v -0.11983211 0.33881825 0.03557068
v -0.11643592 0.33882088 0.04547180
v -0.11222307 0.33882270 0.05505443
v -0.10722308 0.33882392 0.06425121
v -0.10147102 0.33882469 0.07299753
v -0.09500729 0.33882510 0.08123190
v -0.08787737 0.33882515 0.08889643
v -0.08013156 0.33882474 0.09593717
v -0.07182475 0.33882362 0.10230451
v -0.06301627 0.33882127 0.10795350
v -0.05376968 0.33881688 0.11284427
v -0.04415280 0.33880916 0.11694245
v -0.03423766 0.33879623 0.12021975
v -0.02410057 0.33877560 0.12265467
v -0.01382196 0.33874420 0.12423349
v -0.00348619 0.33869888 0.12495140
v 0.00681925 0.33863710 0.12481387
v 0.01700506 0.33855917 0.12383793
v 0.02698259 0.33847074 0.12205304
v 0.03666763 0.33838902 0.11950100
v 0.04598763 0.33834721 0.11623313
v 0.05489822 0.33839448 0.11229954
v 0.06337801 0.33851786 0.10774149
v 0.07131670 0.33858314 0.10265929
v 0.07844171 0.33844939 0.09732368
v 0.08487199 0.33709440 0.09177007
v -0.00252653 -0.34005858 0.12497448
v -0.00252545 0.34005746 -0.12497447
v 0.00736352 -0.34016626 0.12478294
v 0.00736562 0.34016431 -0.12478278
v 0.01721453 -0.34061229 0.12380898
v 0.01721833 0.34060891 -0.12380841
v 0.02740812 -0.34137917 0.12195818
v 0.02741487 0.34137335 -0.12195663
v 0.03789717 -0.33851893 0.11911678
v 0.03790821 0.33850918 -0.11911323
v 0.04745830 -0.33989685 0.11564044
v 0.04747649 0.33988078 -0.11563294
v 0.05719137 -0.33976352 0.11114922
v 0.05721939 0.33973779 -0.11113476
v 0.06873012 -0.34670417 0.10440868
v 0.06878187 0.34665683 -0.10437455
v 0.08887096 -0.09855641 -0.08790304
v 0.08885433 0.09852208 0.08791989
v 0.08974434 -0.34642775 -0.08701118
v 0.08974432 0.34642775 0.08701125
v 0.09857925 -0.45402310 0.07685786
v 0.09895745 0.45399540 -0.07637025
v 0.09163672 -0.04389050 0.08501594
v 0.09133330 0.04397761 -0.08534179
v 0.09105896 -0.11577957 0.08563449
v 0.09093850 0.11590673 -0.08576235
v 0.08551900 -0.03702859 0.09116744
v 0.08505756 0.03719901 -0.09159806
v 0.08264252 -0.05590724 0.09378280
v 0.08230014 0.05612562 -0.09408336
v 0.07790816 -0.03435257 0.09775132
v 0.07731664 0.03481870 -0.09821980
v 0.06652453 -0.03318559 0.10582763
v 0.06600372 0.03375169 -0.10615320
v 0.05612052 -0.03312517 0.11169373
v 0.05545578 0.03309892 -0.11202521
v 0.04949821 -0.03131210 0.11478209
v 0.04852217 0.03079450 -0.11519806
v 0.03653436 -0.03182742 0.11954181
v 0.02959031 -0.03317739 0.12144718
v 0.01731937 -0.03122917 0.12379436
v 0.01505644 0.03454224 -0.12408988
v 0.08536263 0.04659552 0.09131386
v 0.07724582 0.03787309 0.09827555
v 0.07161751 0.03428836 0.10244966
v 0.05975687 0.03351439 0.10979125
v 0.04979802 0.03332631 0.11465234
v 0.03965548 0.03090932 0.11854302
v 0.02854734 0.02757222 0.12169656
v 0.01766895 0.02876824 0.12374495
v 0.00680122 -0.02975396 0.12481486
v 0.00788590 0.03303820 0.12475102
v -0.00360030 -0.02627056 0.12494816
v 0.00089658 0.03123702 0.12499680
v -0.01584557 -0.02677073 0.12399163
v -0.01259162 0.03233532 0.12436421
v -0.02291840 -0.03005044 0.12288105
v -0.01995512 0.03046635 0.12339692
v -0.03695017 -0.02979533 0.11941395
v -0.03352222 0.03220706 0.12042121
v -0.04367269 -0.03225722 0.11712260
v -0.04079381 0.03062525 0.11815613
v -0.05353509 -0.03083713 0.11295575
v -0.05385778 0.03332609 0.11280225
v -0.06417011 -0.02956974 0.10727164
v -0.06087891 0.03261831 0.10917310
v -0.07416943 -0.03042539 0.10061761
v -0.08223375 -0.03174362 0.09414147
v -0.08954361 -0.03203068 0.08721782
v -0.08778598 0.03104100 0.08898668
v -0.09642409 -0.03175831 0.07954498
v -0.09277208 0.02843727 0.08377559
v -0.10270274 -0.03219206 0.07125416
v -0.10824343 -0.03231223 0.06251693
v -0.10616159 0.03343098 0.06599033
v -0.11310854 -0.03204576 0.05321151
v -0.11011692 0.03034063 0.05915463
v -0.11718371 -0.03262748 0.04350845
v -0.12039807 -0.03307066 0.03360523
v -0.11921585 0.03381307 0.03758442
v -0.12268912 -0.03345917 0.02392461
v -0.12127807 0.03124852 0.03027598
v -0.12386008 -0.03250560 0.01684299
v -0.12395513 0.03300106 0.01612859
v -0.12490869 -0.03042753 0.00477764
v -0.12472047 0.03173191 0.00835525
v -0.12476587 -0.03100664 -0.00764745
v -0.12365408 -0.03218015 -0.01829408
v -0.12404834 0.03240059 -0.01539526
v -0.12181056 -0.03285112 -0.02805694
v -0.12290221 0.03075041 -0.02280464
v -0.12000105 -0.03199314 -0.03499645
v -0.11960275 0.03256162 -0.03633438
v -0.11608529 -0.02996319 -0.04635957
v -0.11712844 0.03121052 -0.04365699
v -0.11097936 -0.03042440 -0.05752030
v -0.10572723 -0.03129014 -0.06668399
v -0.10697385 0.03161341 -0.06466527
v -0.09985485 -0.03131097 -0.07519315
v -0.10308109 0.02915595 -0.07070566
v -0.09336544 -0.03195396 -0.08311375
v -0.08642476 -0.03221124 -0.09030925
v -0.08920132 0.03362672 -0.08756783
v -0.07879981 -0.03147431 -0.09703396
v -0.08353688 0.03094203 -0.09298704
v -0.06816779 -0.03055548 -0.10477667
v -0.07208074 0.03221645 -0.10212427
v -0.06231993 -0.03282727 -0.10835693
v -0.06552867 0.03038281 -0.10644713
v -0.05308311 -0.03136107 -0.11316882
v -0.05273165 0.03270570 -0.11333301
v -0.04210425 -0.03013355 -0.11769549
v -0.04531288 0.03156756 -0.11649781
v -0.03066918 -0.03107109 -0.12117920
v -0.02042428 -0.03244910 -0.12332009
v -0.02282324 0.03119665 -0.12289872
v -0.01071397 -0.03329031 -0.12453998
v -0.01557776 0.02954237 -0.12402552
v -0.00361662 -0.03257540 -0.12494765
v -0.00005896 0.03173142 -0.12499997
v 0.00835581 -0.03082878 -0.12472039
v 0.00709449 0.03623143 -0.12479849
v 0.02048167 -0.03161661 -0.12331056
v 0.03064402 -0.03284151 -0.12118555
v 0.04050525 -0.03284462 -0.11825531
v 0.05114458 -0.03358741 -0.11405799
v 0.06025103 -0.03470915 -0.10952080
v 0.07146070 -0.03489550 -0.10255906
v 0.07712878 -0.03824784 -0.09836739
v 0.08535975 -0.04679125 -0.09131651
v 0.07312183 -0.05274958 0.10138145
v 0.07266557 0.05307275 -0.10170894
v 0.06611946 -0.05261770 0.10608119
v 0.06557714 0.05294556 -0.10641725
v 0.05727090 -0.05279858 0.11110826
v 0.05655159 0.05309170 -0.11147605
v 0.04788305 -0.05291405 0.11546521
v 0.04686033 0.05326409 -0.11588400
v 0.03801871 -0.05303384 0.11907804
v 0.03664777 0.05384708 -0.11950705
v 0.02776868 -0.05302483 0.12187659
v 0.02635771 0.05498498 -0.12218946
v 0.01704951 -0.05285421 0.12383182
v 0.01626996 0.05573392 -0.12393661
v 0.08546488 0.05592103 0.09121817
v 0.07850904 0.05758206 0.09726937
v 0.05957684 0.05437358 0.10988904
v 0.06894557 0.05579979 0.10426653
v 0.04032047 0.05396351 0.11831848
v 0.04975999 0.05377159 0.11466885
v 0.03077349 0.05189170 0.12115278
v 0.02001243 0.05273065 0.12338763
v 0.00964804 0.05261343 0.12462712
v 0.00656446 -0.05387517 0.12482753
v -0.00081852 0.05267750 0.12499734
v -0.01324166 -0.05333527 0.12429668
v -0.02162938 0.05267866 0.12311448
v -0.00321248 -0.05447389 0.12495874
v -0.01124649 0.05265330 0.12449306
v -0.03471143 -0.05199813 0.12008382
v -0.04195839 0.05314978 0.11774761
v -0.02398193 -0.05214796 0.12267792
v -0.03189420 0.05280889 0.12086259
v -0.05461995 -0.05117547 0.11243517
v -0.06087777 0.05443723 0.10917374
v -0.04483524 -0.05182474 0.11668251
v -0.05167325 0.05369073 0.11381952
v -0.06422161 -0.05074683 0.10724081
v -0.06968052 0.05466264 0.10377684
v -0.07332210 -0.05081653 0.10123674
v -0.07767399 0.05494243 0.09793753
v -0.08167141 -0.05114913 0.09462975
v -0.08538621 0.05256208 0.09129186
v -0.08929293 -0.05141942 0.08747446
v -0.09342599 0.05437479 0.08304572
v -0.10256612 -0.05176898 0.07145068
v -0.10578086 0.05480648 0.06659892
v -0.09626249 -0.05159521 0.07974045
v -0.09989869 0.05499398 0.07513494
v -0.10816394 -0.05187464 0.06265437
v -0.11074194 0.05512106 0.05797611
v -0.11704581 -0.05209229 0.04387808
v -0.11897449 0.05373508 0.03834160
v -0.11300673 -0.05195028 0.05342740
v -0.11499066 0.05269488 0.04901178
v -0.12024681 -0.05219466 0.03414251
v -0.12178883 0.05366298 0.02815117
v -0.12416242 -0.05178388 0.01444642
v -0.12477944 0.05376270 0.00742271
v -0.12259852 -0.05213766 0.02438460
v -0.12372691 0.05364199 0.01779492
v -0.12493774 -0.05135169 0.00394545
v -0.12496124 0.05325251 -0.00311370
v -0.12481173 -0.05131578 -0.00685837
v -0.12423576 0.05307626 -0.01380151
v -0.12378503 -0.05151926 -0.01738597
v -0.12260020 0.05308132 -0.02437614
v -0.11933302 -0.05131935 -0.03721067
v -0.11664857 0.05321371 -0.04492344
v -0.12195547 -0.05158964 -0.02742022
v -0.12007168 0.05315080 -0.03475334
v -0.11576507 -0.05091564 -0.04715350
v -0.11196208 0.05230269 -0.05558323
v -0.11124268 -0.05086401 -0.05700937
v -0.10716901 0.05493664 -0.06434131
v -0.10595795 -0.05105131 -0.06631677
v -0.10196625 0.05538939 -0.07230412
v -0.09343088 -0.05146624 -0.08304019
v -0.08925761 0.05447203 -0.08751045
v -0.10001169 -0.05125043 -0.07498442
v -0.09602736 0.05532758 -0.08002342
v -0.08622508 -0.05157929 -0.09049993
v -0.08155967 0.05371941 -0.09472602
v -0.06996054 -0.05198018 -0.10358823
v -0.06413873 0.05330250 -0.10729036
v -0.07835767 -0.05162305 -0.09739135
v -0.07314628 0.05332913 -0.10136380
v -0.05195594 -0.05151590 -0.11369071
v -0.04499119 0.05410611 -0.11662243
v -0.06122521 -0.05202628 -0.10897923
v -0.05468924 0.05355615 -0.11240145
v -0.04199820 -0.05118961 -0.11773338
v -0.03559666 0.05441747 -0.11982435
v -0.03169700 -0.05132467 -0.12091442
v -0.02575320 0.05181407 -0.12231831
v -0.02145490 -0.05168446 -0.12314497
v -0.01313964 0.05222544 -0.12430746
v -0.00141699 -0.05181374 -0.12499195
v 0.00627731 0.05583632 -0.12484226
v -0.01144420 -0.05190924 -0.12447500
v -0.00329574 0.05553378 -0.12495652
v 0.00906558 -0.05164672 -0.12467081
v 0.01978196 -0.05188178 -0.12342475
v 0.04046464 -0.05287492 -0.11826921
v 0.03026510 -0.05236781 -0.12128074
v 0.05039016 -0.05355089 -0.11439329
v 0.05994762 -0.05452061 -0.10968717
v 0.07853944 -0.05777401 -0.09724478
v 0.06908641 -0.05604011 -0.10417322
v 0.08548118 -0.05608622 -0.09120285
v 0.09490589 0.05706474 0.08135030
v 0.09492873 -0.05718993 -0.08132360
v 0.12125191 -0.44908687 -0.03038039
v 0.12125191 0.44908687 0.03038043
v 0.09651550 -0.11239340 -0.07943394
v 0.09650580 0.11237330 0.07944577
v 0.09557456 -0.04929664 0.08056365
v 0.09534507 0.04936667 -0.08083508
v 0.09129546 -0.13212445 0.08538231
v 0.09120083 0.13226256 -0.08548334
v 0.10625377 -0.08871498 0.06584173
v 0.10610159 0.08885346 -0.06608665
v 0.11272636 -0.35528606 0.05401634
v 0.11297411 0.35488596 -0.05349619
v 0.10988311 -0.35846649 -0.05958771
v 0.10988311 0.35846649 0.05958775
v 0.12456014 -0.12858171 -0.01047695
v 0.12456006 0.12858126 0.01047792
v 0.11033761 -0.14591298 0.05874189
v 0.11031296 0.14625674 -0.05878812
v 0.09613056 0.04562088 0.07989940
v 0.09616568 -0.04578481 -0.07985709
v 0.12255086 -0.45721625 -0.02462274
v 0.12255086 0.45721625 0.02462278
v 0.07566334 -0.11937254 0.09949905
v 0.07553574 0.11950486 -0.09959590
v 0.08111586 -0.12517363 0.09510635
v 0.08100638 0.12529650 -0.09519957
v 0.06452911 -0.11916574 0.10705604
v 0.06438117 0.11932598 -0.10714503
v 0.05909035 -0.11945368 0.11015141
v 0.05893134 0.11963313 -0.11023652
v 0.04617099 -0.12216436 0.11616041
v 0.04600797 0.12237459 -0.11622504
v 0.03961945 -0.11996819 0.11855506
v 0.03944293 0.12021309 -0.11861386
v 0.02835026 -0.12157785 0.12174262
v 0.02819469 0.12182551 -0.12177870
v 0.01457834 -0.12479758 0.12414699
v 0.01447122 0.12498473 -0.12415948
v 0.00452366 -0.12383148 0.12491814
v 0.00445323 0.12396282 -0.12492063
v -0.00562741 -0.12274916 0.12487329
v -0.01354648 -0.12017790 0.12426383
v -0.02746128 -0.12421645 0.12194624
v -0.03723852 -0.12354170 0.11932434
v -0.04698488 -0.12300165 0.11583362
v -0.05642633 -0.12254524 0.11153957
v -0.06545686 -0.12212759 0.10649135
v -0.07398246 -0.12165071 0.10075516
v -0.08182606 -0.12078048 0.09449605
v -0.08746260 -0.11821114 0.08930455
v -0.09523444 -0.11978819 0.08096548
v -0.10212094 -0.12077088 0.07208551
v -0.10928689 -0.12341458 0.06067440
v -0.11360967 -0.12179646 0.05213300
v -0.11656662 -0.11890864 0.04513568
v -0.12076229 -0.12178653 0.03227193
v -0.12245486 -0.11887350 0.02509611
v -0.12444653 -0.12171734 0.01175020
v -0.12492274 -0.11880854 0.00439484
v -0.12466697 -0.12166518 -0.00911874
v -0.12391143 -0.11876015 -0.01646093
v -0.12140515 -0.12163054 -0.02976228
v -0.11943409 -0.11872803 -0.03688500
v -0.11473957 -0.12161327 -0.04959672
v -0.11160386 -0.11871822 -0.05629903
v -0.10485139 -0.12162494 -0.06805283
v -0.10064000 -0.11874349 -0.07413901
v -0.09202697 -0.12166642 -0.08459337
v -0.08686297 -0.11879575 -0.08988784
v -0.07663539 -0.12172359 -0.09875230
v -0.07066389 -0.11885864 -0.10310972
v -0.05910628 -0.12179717 -0.11014284
v -0.05248749 -0.11894724 -0.11344629
v -0.03992127 -0.12196073 -0.11845374
v -0.03280272 -0.11919603 -0.12061914
v -0.01942800 -0.12283583 -0.12348096
v -0.00973633 -0.12198694 -0.12462022
v 0.00002528 -0.12090488 -0.12499998
v 0.00749199 -0.11827125 -0.12477526
v 0.01855141 -0.11975727 -0.12361569
v 0.02929935 -0.12122712 -0.12151766
v 0.04193272 -0.12428894 -0.11775670
v 0.04881521 -0.12137920 -0.11507418
v 0.06097941 -0.12415333 -0.10911693
v 0.06731285 -0.12090813 -0.10532793
v 0.07705789 -0.12180865 -0.09842293
v 0.08511583 -0.12322163 -0.09154391
v -0.00563857 0.12277801 -0.12487274
v -0.01346352 0.12009540 -0.12427280
v -0.02709832 0.12334618 -0.12202736
v -0.03446765 0.12057308 -0.12015397
v -0.04760950 0.12426765 -0.11557825
v -0.05667860 0.12355128 -0.11141156
v -0.06557723 0.12301161 -0.10641722
v -0.07402743 0.12247376 -0.10072209
v -0.08181815 0.12157563 -0.09450286
v -0.08741759 0.11902667 -0.08934856
v -0.09516344 0.12052485 -0.08104888
v -0.10203868 0.12144047 -0.07220186
v -0.10921755 0.12398059 -0.06079909
v -0.11354962 0.12234765 -0.05226362
v -0.11651672 0.11946760 -0.04526430
v -0.12074481 0.12228129 -0.03233720
v -0.12244733 0.11940388 -0.02513275
v -0.12444860 0.12223467 -0.01172826
v -0.12492460 0.11938720 -0.00434158
v -0.12466110 0.12224898 0.00919868
v -0.12389744 0.11941920 0.01656591
v -0.12137826 0.12229768 0.02987182
v -0.11939337 0.11948413 0.03701663
v -0.11468581 0.12238778 0.04972095
v -0.11153097 0.11959892 0.05644335
v -0.10475807 0.12254377 0.06819644
v -0.10050899 0.11978919 0.07431656
v -0.09183455 0.12284924 0.08480226
v -0.08655717 0.12020493 0.09018239
v -0.07605800 0.12400112 0.09919773
v -0.06789157 0.12344711 0.10495591
v -0.05905789 0.12307308 0.11016884
v -0.04977625 0.12277589 0.11466182
v -0.04014850 0.12250749 0.11837696
v -0.03026101 0.12223845 0.12128181
v -0.02020463 0.12193394 0.12335631
v -0.01009553 0.12151224 0.12459168
v -0.00018156 0.12066371 0.12499989
v 0.00736352 0.11815071 0.12478295
v 0.01846359 0.11972737 0.12362888
v 0.02923547 0.12123897 0.12153309
v 0.04188341 0.12431087 0.11777429
v 0.04877351 0.12140847 0.11509191
v 0.06094769 0.12416559 0.10913469
v 0.06728516 0.12091454 0.10534566
v 0.07703863 0.12180192 0.09843805
v 0.08510236 0.12320905 0.09155647
v 0.09675921 -0.12586819 -0.07913689
v 0.09675149 0.12585545 0.07914638
v 0.11021149 0.07991629 0.05897817
v 0.11022088 -0.07994995 -0.05896057
v 0.08217800 -0.02757229 0.09419011
v 0.08149616 0.02784613 -0.09478063
v 0.07168964 -0.02931510 0.10239920
v 0.07109740 0.03019664 -0.10281125
v 0.06144390 -0.02890022 0.10885610
v 0.06100582 0.02921131 -0.10910216
v 0.04299080 -0.02917669 0.11737459
v 0.04139170 0.02785836 -0.11794796
v 0.03381470 0.03059383 -0.12033935
v 0.02401712 -0.02777861 0.12267103
v 0.02444039 0.03282170 -0.12258736
v 0.01210781 -0.02850810 0.12441224
v 0.06524327 0.02944273 0.10662231
v 0.04512555 0.02992331 0.11657053
v 0.05476543 0.03106941 0.11236436
v 0.03460569 0.02530615 0.12011432
v 0.02264383 0.02365747 0.12293194
v 0.01239325 0.02882538 0.12438413
v 0.00224197 -0.02443882 0.12497991
v -0.00899855 -0.02245818 0.12467571
v -0.00662368 0.02763882 0.12482441
v -0.02941128 -0.02569781 0.12149067
v -0.02768484 0.02713424 0.12189568
v -0.05858495 -0.02620401 0.11042106
v -0.04846135 -0.02922823 0.11522372
v -0.04843326 0.02765777 0.11523552
v -0.06956798 -0.02601131 0.10385232
v -0.06902302 0.03169210 0.10421531
v -0.07854240 -0.02882514 0.09724247
v -0.07675029 0.02956583 0.09866307
v -0.08601253 -0.02961772 0.09070199
v -0.08316957 0.02569366 0.09331575
v -0.09306884 -0.02939807 0.08344578
v -0.10557359 -0.02989572 0.06692701
v -0.10205481 0.02912464 0.07217911
v -0.09967251 -0.02943807 0.07543472
v -0.09756830 0.02404791 0.07813728
v -0.11077663 -0.02963331 0.05790981
v -0.11892352 -0.03048162 0.03849939
v -0.11680983 0.03031453 0.04450248
v -0.11527193 -0.02976652 0.04834657
v -0.11373674 0.02563392 0.05185520
v -0.12175019 -0.03078858 0.02831782
v -0.12443315 -0.02742137 0.01189103
v -0.12329191 -0.03242219 0.02059400
v -0.12300428 0.02763335 0.02224754
v -0.12498788 -0.02670046 -0.00174233
v -0.12499708 0.02994657 -0.00085775
v -0.12428641 -0.02930312 -0.01333767
v -0.12464544 0.02668566 -0.00940846
v -0.12272708 -0.03007281 -0.02372907
v -0.11851415 -0.02695855 -0.03974166
v -0.12100365 -0.03187233 -0.03135478
v -0.12122505 0.02733160 -0.03048758
v -0.11355139 -0.02621718 -0.05225978
v -0.11367227 0.02922804 -0.05199633
v -0.10831223 -0.02857653 -0.06239762
v -0.10998626 0.02586416 -0.05939718
v -0.10284254 -0.02879284 -0.07105219
v -0.08996114 -0.02977203 -0.08678706
v -0.09403616 0.02953155 -0.08235413
v -0.09665257 -0.02910227 -0.07926716
v -0.09868910 0.02458177 -0.07671678
v -0.08288383 -0.02963623 -0.09356960
v -0.07434625 -0.02706499 -0.10048698
v -0.07720724 0.02710629 -0.09830586
v -0.04803669 -0.02677435 -0.11540136
v -0.05797019 -0.02980364 -0.11074500
v -0.05828616 0.02714750 -0.11057903
v -0.03610429 -0.02665003 -0.11967238
v -0.03658917 0.02942802 -0.11952502
v -0.02521452 -0.02950150 -0.12243049
v -0.02860210 0.02573191 -0.12168367
v -0.01503584 -0.03045808 -0.12409238
v 0.00136134 -0.02769073 -0.12499257
v -0.00735748 -0.03238359 -0.12478326
v -0.00763883 0.02592792 -0.12476635
v 0.01477640 -0.02728010 -0.12412354
v 0.02588401 -0.02999995 -0.12229069
v 0.04599987 -0.02926110 -0.11622825
v 0.03547961 -0.03061767 -0.11985904
v 0.05579973 -0.03215667 -0.11185429
v 0.06517440 -0.03062437 -0.10666438
v 0.10133470 -0.11981524 -0.07318655
v 0.10132773 0.11980118 0.07319624
v 0.12083690 -0.45916567 -0.03199119
v 0.12083690 0.45916567 0.03199123
v 0.10142546 0.15848008 0.07306076
v 0.10142891 -0.15848439 -0.07305593
v 0.11268922 0.15980940 0.05409379
v 0.11269063 -0.15981152 -0.05409080
v 0.09812871 -0.37530974 0.07743226
v 0.09839052 0.37503682 -0.07709927
v 0.10710264 -0.34275335 -0.06445167
v 0.10710263 0.34275335 0.06445172
v -0.01936685 -0.19723162 0.12349061
v -0.03007819 -0.19734167 0.12132728
v -0.04067833 -0.19758853 0.11819594
v -0.05021985 -0.19776170 0.11446822
v -0.05942385 -0.19778637 0.10997187
v -0.06824163 -0.19765205 0.10472863
v -0.07660478 -0.19723754 0.09877609
v -0.08473583 -0.19577036 0.09189585
v -0.09235749 -0.19703485 0.08423242
v -0.09904954 -0.19760932 0.07625088
v -0.10529583 -0.19919326 0.06736317
v -0.11069654 -0.19806177 0.05806276
v -0.11512127 -0.19788478 0.04870421
v -0.11875941 -0.19787393 0.03900270
v -0.12158768 -0.19788940 0.02900764
v -0.12357937 -0.19790537 0.01879216
v -0.12471538 -0.19791787 0.00843094
v -0.12498401 -0.19792710 -0.00200084
v -0.12438068 -0.19793381 -0.01242785
v -0.12290769 -0.19793868 -0.02277506
v -0.12057405 -0.19794227 -0.03296820
v -0.11739527 -0.19794504 -0.04293431
v -0.11339316 -0.19794739 -0.05260222
v -0.10859565 -0.19794961 -0.06190305
v -0.10303650 -0.19795190 -0.07077063
v -0.09675511 -0.19795430 -0.07914196
v -0.08979630 -0.19795657 -0.08695760
v -0.08221012 -0.19795808 -0.09416208
v -0.07405161 -0.19795767 -0.10070431
v -0.06538066 -0.19795333 -0.10653811
v -0.05626158 -0.19794202 -0.11162272
v -0.04676265 -0.19791934 -0.11592348
v -0.03695518 -0.19787951 -0.11941236
v -0.02691239 -0.19781561 -0.12206850
v -0.01670838 -0.19772015 -0.12387827
v -0.00641770 -0.19758522 -0.12483512
v 0.00388479 -0.19740206 -0.12493960
v 0.01412609 -0.19716482 -0.12419923
v 0.02424000 -0.19690421 -0.12262714
v 0.03417433 -0.19684447 -0.12023772
v 0.04427065 -0.19771594 -0.11689783
v 0.05418030 -0.19481778 -0.11264763
v 0.06342073 -0.19585950 -0.10771631
v 0.07176962 -0.19577651 -0.10234312
v 0.08028044 -0.19500209 -0.09581254
v 0.08833062 -0.19464305 -0.08844599
v -0.01943087 0.19721389 -0.12348051
v -0.03015517 0.19733384 -0.12130813
v -0.04076061 0.19759729 -0.11816755
v -0.05029982 0.19778810 -0.11443306
v -0.05949485 0.19782849 -0.10993344
v -0.06829947 0.19770570 -0.10469089
v -0.07664832 0.19729838 -0.09874226
v -0.08476612 0.19583723 -0.09186787
v -0.09237566 0.19709687 -0.08421246
v -0.09905971 0.19766750 -0.07623763
v -0.10530069 0.19924458 -0.06735552
v -0.11069845 0.19811205 -0.05805908
v -0.11512181 0.19793316 -0.04870290
v -0.11875945 0.19792089 -0.03900253
v -0.12158766 0.19793576 -0.02900769
v -0.12357941 0.19795201 -0.01879187
v -0.12471543 0.19796573 -0.00843015
v -0.12498399 0.19797720 0.00200200
v -0.12438057 0.19798734 0.01242901
v -0.12290760 0.19799715 0.02277563
v -0.12057428 0.19800762 0.03296739
v -0.11739648 0.19801974 0.04293104
v -0.11339655 0.19803434 0.05259497
v -0.10860326 0.19805185 0.06188973
v -0.10305168 0.19807195 0.07074855
v -0.09678284 0.19809313 0.07910809
v -0.08984315 0.19811234 0.08690924
v -0.08228344 0.19812519 0.09409805
v -0.07415775 0.19812673 0.10062622
v -0.06552261 0.19811261 0.10645091
v -0.05643715 0.19807988 0.11153410
v -0.04696400 0.19802680 0.11584209
v -0.03716994 0.19795208 0.11934573
v -0.02712595 0.19785408 0.12202126
v -0.01690695 0.19773002 0.12385137
v -0.00659106 0.19757490 0.12482613
v 0.00374181 0.19738040 0.12494400
v 0.01401394 0.19713913 0.12421197
v 0.02415588 0.19687940 0.12264378
v 0.03411394 0.19682325 0.12025491
v 0.04423031 0.19769967 0.11691314
v 0.05415265 0.19480503 0.11266096
v 0.06340305 0.19585041 0.10772676
v 0.07175812 0.19576990 0.10235122
v 0.08027332 0.19499739 0.09581855
v 0.08832628 0.19463970 0.08845037
v -0.00942773 -0.19706834 0.12464399
v -0.00947952 0.19704871 -0.12464002
v 0.00098965 -0.19608244 0.12499610
v 0.00094846 0.19606571 -0.12499638
v 0.01139649 -0.19769205 0.12447942
v 0.01136515 0.19768221 -0.12448224
v 0.02227958 -0.19836789 0.12299847
v 0.02225366 0.19836634 -0.12300312
v 0.03308318 -0.19924065 0.12054255
v 0.03305867 0.19924734 -0.12054923
v 0.04329814 -0.20135562 0.11726156
v 0.04327114 0.20137090 -0.11727149
v 0.05330669 -0.19994096 0.11306370
v 0.05327133 0.19996984 -0.11308032
v 0.06234963 -0.19849825 0.10833986
v 0.06230139 0.19854647 -0.10836757
v 0.07103799 -0.19790000 0.10285235
v 0.07097091 0.19797835 -0.10289860
v 0.09722694 -0.02993202 0.07856157
v 0.09697895 0.02985178 -0.07886745
v 0.07951812 -0.19785781 0.09644620
v 0.07942466 0.19798596 -0.09652313
v 0.09981912 -0.02208610 0.07524056
v 0.09962564 0.02192758 -0.07549652
v 0.09529214 -0.25464840 -0.08089747
v 0.09529160 0.25464800 0.08089815
v 0.10169437 -0.09923395 0.07268600
v 0.10154956 0.09936548 -0.07288812
v 0.12417765 -0.09795477 -0.01431449
v 0.12417734 0.09795282 0.01431721
v 0.09013861 -0.25778807 -0.08660267
v 0.09013787 0.25778759 0.08660349
v -0.01872168 -0.25734777 0.12359007
v -0.02837790 -0.25745657 0.12173619
v -0.04011901 -0.25716231 0.11838696
v -0.04866830 -0.25703623 0.11513646
v -0.05975784 -0.25695871 0.10979075
v -0.06811159 -0.25688696 0.10481326
v -0.07644127 -0.25683343 0.09890268
v -0.08431982 -0.25678303 0.09227771
v -0.09159363 -0.25673849 0.08506241
v -0.09797274 -0.25672958 0.07762957
v -0.10525639 -0.25673068 0.06742478
v -0.11022611 -0.25673743 0.05895092
v -0.11470815 -0.25680007 0.04966939
v -0.11843859 -0.25687629 0.03996633
v -0.12135594 -0.25694623 0.02996237
v -0.12343169 -0.25700207 0.01973891
v -0.12464832 -0.25704400 0.00937029
v -0.12499544 -0.25707429 -0.00107028
v -0.12446910 -0.25709559 -0.01150868
v -0.12307177 -0.25711029 -0.02187107
v -0.12081239 -0.25712023 -0.03208381
v -0.11770617 -0.25712685 -0.04207448
v -0.11377452 -0.25713119 -0.05177221
v -0.10904482 -0.25713397 -0.06110835
v -0.10355020 -0.25713567 -0.07001684
v -0.09732928 -0.25713656 -0.07843476
v -0.09042593 -0.25713668 -0.08630268
v -0.08288895 -0.25713581 -0.09356506
v -0.07477193 -0.25713344 -0.10017064
v -0.06613284 -0.25712870 -0.10607284
v -0.05703395 -0.25712025 -0.11123006
v -0.04754140 -0.25710632 -0.11560628
v -0.03772517 -0.25708453 -0.11917134
v -0.02765832 -0.25705246 -0.12190166
v -0.01741702 -0.25700716 -0.12378063
v -0.00707923 -0.25694713 -0.12479936
v 0.00327564 -0.25687112 -0.12495705
v 0.01356805 -0.25678351 -0.12426143
v 0.02371896 -0.25669267 -0.12272899
v 0.03364618 -0.25662756 -0.12038658
v 0.04326343 -0.25662971 -0.11727433
v 0.05245740 -0.25675983 -0.11346019
v 0.06108724 -0.25707263 -0.10905660
v 0.06877769 -0.25763023 -0.10437731
v 0.07779534 -0.25874198 -0.09784108
v 0.08425702 -0.25862228 -0.09233497
v -0.01872971 0.25734477 -0.12358881
v -0.02838658 0.25745402 -0.12173413
v -0.04012814 0.25716067 -0.11838382
v -0.04867751 0.25703547 -0.11513252
v -0.05976634 0.25695923 -0.10978608
v -0.06811932 0.25688846 -0.10480819
v -0.07644779 0.25683576 -0.09889760
v -0.08432500 0.25678592 -0.09227293
v -0.09159748 0.25674166 -0.08505822
v -0.09797548 0.25673279 -0.07762607
v -0.10525798 0.25673371 -0.06742224
v -0.11022714 0.25674040 -0.05894896
v -0.11470874 0.25680287 -0.04966799
v -0.11843890 0.25687892 -0.03996536
v -0.12135609 0.25694873 -0.02996173
v -0.12343175 0.25700452 -0.01973850
v -0.12464834 0.25704647 -0.00937003
v -0.12499544 0.25707686 0.00107040
v -0.12446910 0.25709840 0.01150865
v -0.12307182 0.25711348 0.02187083
v -0.12081256 0.25712402 0.03208323
v -0.11770657 0.25713147 0.04207339
v -0.11377538 0.25713692 0.05177036
v -0.10904646 0.25714106 0.06110546
v -0.10355309 0.25714434 0.07001261
v -0.09733398 0.25714684 0.07842897
v -0.09043312 0.25714845 0.08629518
v -0.08289925 0.25714868 0.09355599
v -0.07478587 0.25714685 0.10016028
v -0.06615056 0.25714190 0.10606182
v -0.05705533 0.25713241 0.11121914
v -0.04756575 0.25711678 0.11559631
v -0.03775150 0.25709271 0.11916304
v -0.02768533 0.25705820 0.12189556
v -0.01744335 0.25701045 0.12377696
v -0.00710371 0.25694834 0.12479801
v 0.00325398 0.25687068 0.12495766
v 0.01354967 0.25678198 0.12426347
v 0.02370408 0.25669054 0.12273190
v 0.03363458 0.25662524 0.12038986
v 0.04325479 0.25662750 0.11727756
v 0.05245118 0.25675789 0.11346310
v 0.06108295 0.25707106 0.10905904
v 0.06877479 0.25762900 0.10437926
v 0.07779369 0.25874115 0.09784243
v 0.08425588 0.25862162 0.09233605
v -0.00840890 -0.25786361 0.12471686
v -0.00841609 0.25786051 -0.12471634
v 0.00168280 -0.25883188 0.12498869
v 0.00167652 0.25882905 -0.12498874
v 0.01162604 -0.25932948 0.12445819
v 0.01161998 0.25932709 -0.12445871
v 0.02180631 -0.25954944 0.12308326
v 0.02179958 0.25954771 -0.12308441
v 0.03202583 -0.26026886 0.12082777
v 0.03201733 0.26026803 -0.12082998
v 0.04189887 -0.26113480 0.11776879
v 0.04188689 0.26113514 -0.11777301
v 0.05137149 -0.26127795 0.11395601
v 0.05135336 0.26128007 -0.11396414
v 0.06076091 -0.26136189 0.10923879
v 0.06073265 0.26136693 -0.10925447
v 0.07430554 -0.26634480 0.10051710
v 0.07425740 0.26635135 -0.10055263
v 0.11322237 0.08661289 0.05296877
v 0.11322905 -0.08663518 -0.05295446
v 0.08617977 -0.20324908 0.09054307
v 0.08605067 0.20343803 -0.09066573
v 0.10943640 -0.07799848 0.06040424
v 0.10929347 0.07814081 -0.06066243
v 0.10010201 -0.19236685 -0.07486374
v 0.10010011 0.19236493 0.07486632
v 0.12473019 -0.11742862 0.00820818
v 0.10591404 -0.16304695 0.06638686
v 0.10584365 0.16355209 -0.06649898
v 0.12481712 -0.11810932 -0.00675875
v 0.12481708 0.11810892 0.00675955
v 0.11390052 -0.40220276 -0.05149431
v 0.11390052 0.40220276 0.05149435
v 0.10870188 0.15708679 0.06171628
v 0.10870402 -0.15708990 -0.06171247
v 0.08738796 -0.25685324 0.08937754
v 0.08728069 0.25688619 -0.08948225
v 0.12412300 -0.20000871 0.01478090
v 0.09756153 -0.21393573 -0.07814564
v 0.09756004 0.21393440 0.07814754
v 0.11951895 -0.46734037 0.03660897
v 0.10564709 -0.31172496 0.06681086
v 0.10569151 0.31159900 -0.06674051
v 0.09719953 -0.18361644 -0.07859544
v 0.09719672 0.18361368 0.07859896
v 0.10365759 -0.44005141 0.06985772
v 0.10456051 0.44002115 -0.06849885
v 0.11687292 -0.18107073 -0.04433637
v 0.11687241 0.18106994 0.04433775
v 0.10988223 -0.21186416 -0.05958933
v 0.10988172 0.21186357 0.05959030
v 0.12294134 0.46641012 -0.02259250
v 0.10160471 -0.22185780 -0.07281124
v 0.10160381 0.22185695 0.07281253
v 0.10875998 -0.41686923 0.06161384
v 0.10953253 0.41854247 -0.06022971
v 0.11638390 -0.35148488 -0.04560460
v 0.11638390 0.35148488 0.04560465
v 0.12480722 0.11723398 -0.00693914
v 0.11653145 -0.23182039 -0.04522626
v 0.11653132 0.23182022 0.04522662
v 0.10473393 0.05231330 0.06823344
v 0.10475462 -0.05241561 -0.06820162
v 0.12288375 -0.38349787 0.02290369
v 0.10644757 -0.20638338 -0.06552792
v 0.10644674 0.20638247 0.06552930
v 0.11737930 -0.12282258 0.04297787
v 0.11722497 0.12283735 -0.04339699
v 0.12343999 0.30043616 -0.01968659
v 0.09461524 -0.19755726 0.08168816
v 0.09444483 0.19790141 -0.08188508
v 0.12349790 -0.46502008 0.01932004
v 0.12351502 -0.46659509 -0.01921021
v 0.12351502 0.46659509 0.01921026
v 0.11971735 0.37958193 -0.03595484
v 0.12263163 -0.32918449 0.02421732
v 0.10265543 -0.27811637 -0.07132219
v 0.10265530 0.27811626 0.07132241
v 0.12377335 -0.28275417 0.01746863
v 0.11898799 -0.12589001 -0.03829950
v 0.11898658 0.12588684 0.03830393
v 0.12287713 0.35630258 -0.02293912
v 0.12115367 -0.38511049 -0.03076982
v 0.12115367 0.38511049 0.03076986
v 0.09958980 0.06863928 0.07554383
v 0.09960727 -0.06871923 -0.07552075
v -0.02004458 -0.27800765 0.12338242
v -0.03023935 -0.27733008 0.12128721
v -0.04033874 -0.27695537 0.11831227
v -0.05018793 -0.27679381 0.11448222
v -0.05968126 -0.27683649 0.10983239
v -0.06868535 -0.27713120 0.10443817
v -0.07713027 -0.27722935 0.09836630
v -0.08503011 -0.27719031 0.09162362
v -0.09235631 -0.27702354 0.08423372
v -0.09910062 -0.27669381 0.07618448
v -0.10519950 -0.27669923 0.06751350
v -0.11051685 -0.27704579 0.05840406
v -0.11501114 -0.27724965 0.04896371
v -0.11869547 -0.27737021 0.03919683
v -0.12155235 -0.27744939 0.02915533
v -0.12356198 -0.27750481 0.01890619
v -0.12470928 -0.27754442 0.00852063
v -0.12498514 -0.27757265 -0.00192856
v -0.12438666 -0.27759255 -0.01236785
v -0.12291722 -0.27760635 -0.02272360
v -0.12058650 -0.27761575 -0.03292265
v -0.11741039 -0.27762205 -0.04289293
v -0.11341089 -0.27762619 -0.05256398
v -0.10861591 -0.27762884 -0.06186750
v -0.10305901 -0.27763045 -0.07073783
v -0.09677925 -0.27763130 -0.07911244
v -0.08982082 -0.27763146 -0.08693228
v -0.08223286 -0.27763084 -0.09414222
v -0.07406916 -0.27762910 -0.10069140
v -0.06538797 -0.27762568 -0.10653362
v -0.05625170 -0.27761970 -0.11162770
v -0.04672683 -0.27760997 -0.11593792
v -0.03688363 -0.27759505 -0.11943448
v -0.02679590 -0.27757332 -0.12209413
v -0.01654061 -0.27754333 -0.12390078
v -0.00619730 -0.27750413 -0.12484626
v 0.00415267 -0.27745587 -0.12493098
v 0.01442692 -0.27740029 -0.12416464
v 0.02454245 -0.27734074 -0.12256697
v 0.03441536 -0.27728035 -0.12016895
v 0.04395909 -0.27721582 -0.11701535
v 0.05308139 -0.27712449 -0.11316960
v 0.06168022 -0.27694656 -0.10872232
v 0.06963728 -0.27661448 -0.10380579
v 0.07658533 -0.27669088 -0.09879109
v 0.08556287 -0.27961880 -0.09112622
v -0.02004794 0.27800626 -0.12338183
v -0.03024314 0.27732886 -0.12128623
v -0.04034275 0.27695445 -0.11831086
v -0.05019194 0.27679328 -0.11448042
v -0.05968505 0.27683637 -0.10983029
v -0.06868871 0.27713147 -0.10443591
v -0.07713312 0.27722995 -0.09836402
v -0.08503241 0.27719115 -0.09162145
v -0.09235807 0.27702452 -0.08423176
v -0.09910188 0.27669486 -0.07618280
v -0.10520034 0.27670027 -0.06751215
v -0.11051737 0.27704677 -0.05840302
v -0.11501145 0.27725057 -0.04896295
v -0.11869564 0.27737108 -0.03919628
v -0.12155243 0.27745020 -0.02915494
v -0.12356201 0.27750560 -0.01890593
v -0.12470929 0.27754520 -0.00852046
v -0.12498514 0.27757347 0.00192865
v -0.12438666 0.27759345 0.01236786
v -0.12291724 0.27760739 0.02272350
v -0.12058658 0.27761702 0.03292240
v -0.11741058 0.27762363 0.04289244
v -0.11341130 0.27762819 0.05256315
v -0.10861666 0.27763136 0.06186622
v -0.10306032 0.27763357 0.07073598
v -0.09678134 0.27763504 0.07910993
v -0.08982397 0.27763578 0.08692907
v -0.08223733 0.27763560 0.09413835
v -0.07407515 0.27763410 0.10068704
v -0.06539554 0.27763066 0.10652901
v -0.05626079 0.27762436 0.11162316
v -0.04673719 0.27761406 0.11593378
v -0.03689484 0.27759835 0.11943106
v -0.02680746 0.27757573 0.12209163
v -0.01655198 0.27754484 0.12389931
v -0.00620797 0.27750482 0.12484577
v 0.00414310 0.27745590 0.12493134
v 0.01441870 0.27739984 0.12416564
v 0.02453568 0.27734000 0.12256837
v 0.03441000 0.27727948 0.12017052
v 0.04395502 0.27721496 0.11701692
v 0.05307841 0.27712369 0.11317104
v 0.06167811 0.27694588 0.10872356
v 0.06963584 0.27661393 0.10380679
v 0.07658439 0.27669046 0.09879186
v 0.08556240 0.27961854 0.09112670
v -0.00984474 -0.27861193 0.12461174
v -0.00984779 0.27861041 -0.12461146
v 0.00033060 -0.27923829 0.12499958
v 0.00032784 0.27923668 -0.12499955
v 0.01044767 -0.27992564 0.12456264
v 0.01044504 0.27992395 -0.12456282
v 0.02050796 -0.28079073 0.12330624
v 0.02050513 0.28078884 -0.12330667
v 0.03058645 -0.28210873 0.12120013
v 0.03058301 0.28210642 -0.12120096
v 0.04141390 -0.28460897 0.11794021
v 0.04140938 0.28460561 -0.11794175
v 0.05265849 -0.28399804 0.11336704
v 0.05265037 0.28399335 -0.11337077
v 0.07644267 -0.28372273 0.09890156
v 0.07641502 0.28371201 -0.09892289
v 0.11103878 -0.28604798 -0.05740542
v 0.11103874 0.28604795 0.05740553
v 0.08089246 -0.27750254 -0.09529639
v 0.08089177 0.27750220 0.09529702
v 0.12417008 -0.10754893 0.01438006
v 0.12448180 0.10859927 -0.01136989
v 0.12476767 0.25375197 -0.00761727
v 0.12341142 -0.41359533 0.01986498
v 0.11414870 0.14885413 0.05094184
v 0.11415028 -0.14885677 -0.05093825
v 0.12464102 -0.08745345 0.00946628
v 0.12462565 0.08836416 -0.00966656
v 0.11955031 -0.36656773 -0.03650639
v 0.11955031 0.36656773 0.03650644
v -0.02350774 -0.18746191 0.12276967
v -0.03585004 -0.18752796 0.11974883
v -0.04516739 -0.18751349 0.11655434
v -0.05448463 -0.18745626 0.11250081
v -0.06348758 -0.18736065 0.10767699
v -0.07202765 -0.18723514 0.10216176
v -0.07975528 -0.18708731 0.09625021
v -0.08897661 -0.18683772 0.08779619
v -0.09566509 -0.18658909 0.08045618
v -0.10213707 -0.18695296 0.07206266
v -0.10791581 -0.18740398 0.06308079
v -0.11283010 -0.18733814 0.05379939
v -0.11691022 -0.18730667 0.04423807
v -0.12017954 -0.18729938 0.03437854
v -0.12262170 -0.18729932 0.02426780
v -0.12421652 -0.18730112 0.01397359
v -0.12494905 -0.18730334 0.00356935
v -0.12481109 -0.18730552 -0.00687000
v -0.12380135 -0.18730750 -0.01726937
v -0.12192528 -0.18730926 -0.02755412
v -0.11919496 -0.18731092 -0.03765056
v -0.11562886 -0.18731266 -0.04748653
v -0.11125167 -0.18731471 -0.05699184
v -0.10609410 -0.18731726 -0.06609875
v -0.10019264 -0.18732038 -0.07474247
v -0.09358936 -0.18732399 -0.08286152
v -0.08633170 -0.18732771 -0.09039822
v -0.07847228 -0.18733072 -0.09729903
v -0.07006880 -0.18733157 -0.10351503
v -0.06118376 -0.18732789 -0.10900250
v -0.05188417 -0.18731598 -0.11372348
v -0.04224069 -0.18729042 -0.11764659
v -0.03232622 -0.18724407 -0.12074772
v -0.02221396 -0.18716887 -0.12301031
v -0.01197631 -0.18705737 -0.12442493
v -0.00168614 -0.18690164 -0.12498861
v 0.00858285 -0.18668612 -0.12470497
v 0.01876915 -0.18637774 -0.12358282
v 0.02887111 -0.18595997 -0.12162012
v 0.03882557 -0.18600063 -0.11881737
v 0.04808641 -0.18588650 -0.11538063
v 0.05922602 -0.18559385 -0.11007847
v 0.06723309 -0.18573108 -0.10537886
v 0.07481493 -0.18552230 -0.10013850
v 0.08471898 -0.18301008 -0.09191130
v -0.02360176 0.18744417 -0.12275159
v -0.03596209 0.18753473 -0.11971518
v -0.04528210 0.18754778 -0.11650978
v -0.05459029 0.18751749 -0.11244954
v -0.06357535 0.18744236 -0.10762515
v -0.07209411 0.18732879 -0.10211483
v -0.07980214 0.18718548 -0.09621132
v -0.08900296 0.18693421 -0.08776944
v -0.09567993 0.18668408 -0.08043850
v -0.10214376 0.18704214 -0.07205313
v -0.10791790 0.18748620 -0.06307717
v -0.11283006 0.18741598 -0.05379944
v -0.11690956 0.18738161 -0.04423979
v -0.12017901 0.18737278 -0.03438038
v -0.12262151 0.18737256 -0.02426871
v -0.12421657 0.18737561 -0.01397313
v -0.12494910 0.18738051 -0.00356756
v -0.12481095 0.18738692 0.00687268
v -0.12380095 0.18739494 0.01727225
v -0.12192480 0.18740502 0.02755632
v -0.11919484 0.18741793 0.03765100
v -0.11563002 0.18743462 0.04748374
v -0.11125586 0.18745590 0.05698369
v -0.10610443 0.18748203 0.06608221
v -0.10021431 0.18751202 0.07471345
v -0.09363029 0.18754291 0.08281531
v -0.08640240 0.18756920 0.09033069
v -0.07858405 0.18758353 0.09720882
v -0.07023008 0.18757878 0.10340572
v -0.06139623 0.18755052 0.10888301
v -0.05214071 0.18749752 0.11360613
v -0.04252611 0.18742041 0.11754376
v -0.03261994 0.18732010 0.12066875
v -0.02249423 0.18719695 0.12295941
v -0.01222520 0.18704989 0.12440076
v -0.00189329 0.18687328 0.12498568
v 0.00841967 0.18664959 0.12471613
v 0.01864636 0.18634166 0.12360145
v 0.02878241 0.18592887 0.12164118
v 0.03876417 0.18597624 0.11883746
v 0.04804463 0.18586825 0.11539808
v 0.05920100 0.18558152 0.11009198
v 0.06721605 0.18572191 0.10538977
v 0.07480353 0.18551545 0.10014706
v 0.08471249 0.18300530 0.09191732
v -0.01401197 -0.18732620 0.12421220
v -0.01408753 0.18730189 -0.12420361
v -0.00467161 -0.18744727 0.12491270
v -0.00473055 0.18742470 -0.12491043
v 0.00739456 -0.18801983 0.12478111
v 0.00735208 0.18800666 -0.12478358
v 0.01656502 -0.18855313 0.12389756
v 0.01652969 0.18854974 -0.12390223
v 0.02908593 -0.18875209 0.12156896
v 0.02905544 0.18876122 -0.12157621
v 0.03880512 -0.18919410 0.11882410
v 0.03877404 0.18921263 -0.11883420
v 0.04840033 -0.18968805 0.11524934
v 0.04836566 0.18971668 -0.11526385
v 0.05734605 -0.18889311 0.11106949
v 0.05730370 0.18893591 -0.11109131
v 0.06629089 -0.18661979 0.10597415
v 0.06623569 0.18668619 -0.10600861
v 0.11030535 0.03987297 0.05880244
v 0.11031889 -0.03997226 -0.05877699
v 0.09162227 -0.18421171 -0.08503147
v 0.09161812 0.18420816 0.08503598
v 0.07493492 -0.18751667 0.10004878
v 0.07486087 0.18762038 -0.10010416
v 0.11479333 0.38203477 -0.04947205
v 0.11480490 -0.38463605 0.04944523
v 0.12472740 0.26552755 -0.00825044
v 0.12472000 -0.07751894 -0.00836157
v 0.12471985 0.07751677 0.00836386
v 0.12069993 -0.40682543 -0.03250417
v 0.12069993 0.40682543 0.03250421
v 0.12009810 -0.42084924 0.03466181
v 0.12340191 -0.36907226 -0.01992389
v 0.12340191 0.36907226 0.01992394
v 0.10190500 0.02041333 0.07239039
v 0.10193383 -0.02066883 -0.07234975
v 0.11317796 -0.21661335 -0.05306356
v 0.11317765 0.21661296 0.05306427
v 0.10273805 -0.04136280 0.07120317
v 0.10258024 0.04136418 -0.07143030
v 0.11974089 -0.29419923 -0.03587635
v 0.11974088 0.29419922 0.03587641
v 0.09836759 -0.18913217 0.07712857
v 0.09820094 0.18958695 -0.07734060
v 0.08268381 -0.18676372 0.09374640
v 0.08258809 0.18692415 -0.09383069
v 0.10529624 -0.02363943 0.06736246
v 0.10518223 0.02353896 -0.06754029
v 0.10086692 -0.15898099 0.07382996
v 0.10078477 0.15932827 -0.07394202
v 0.11542718 -0.43487201 -0.04797457
v 0.11542718 0.43487201 0.04797461
v 0.12094104 0.39383313 -0.03159524
v 0.11360076 -0.16885361 0.05215232
v 0.11360443 0.16981902 -0.05214428
v 0.12234369 -0.33972302 0.02563233
v 0.12375548 -0.27805919 -0.01759474
v 0.12375548 0.27805918 0.01759480
v 0.12116476 -0.12088375 -0.03072613
v 0.12116377 0.12088105 0.03073005
v 0.12037422 0.41674413 -0.03369036
v 0.12417480 -0.47435114 0.01433923
v 0.12426975 -0.47539070 -0.01349162
v 0.12426975 0.47539070 0.01349166
v 0.12429931 0.21055267 -0.01321648
v 0.11178929 -0.28623755 0.05592988
v 0.11165072 0.28627518 -0.05620596
v 0.11873669 -0.22644756 -0.03907162
v 0.11873659 0.22644741 0.03907196
v 0.12431577 0.28114899 -0.01306074
v 0.12404722 -0.12031752 -0.01540396
v 0.12404700 0.12031651 0.01540577
v 0.12038154 -0.11672311 0.03366422
v 0.12009640 0.11665404 -0.03466767
v 0.09096962 -0.22603118 -0.08572934
v 0.09096782 0.22602983 0.08573129
v 0.12334345 -0.16335765 -0.02028266
v 0.12334332 0.16335727 0.02028353
v 0.11055087 -0.25383930 -0.05833950
v 0.11055074 0.25383916 0.05833978
v 0.11876072 -0.34529923 -0.03899852
v 0.11876072 0.34529923 0.03899857
v 0.11521691 -0.19007328 -0.04847739
v 0.11521640 0.19007255 0.04847864
v -0.02538240 -0.22747630 0.12239583
v -0.03620426 -0.22937979 0.11964221
v -0.04626128 -0.22855944 0.11612450
v -0.05604104 -0.23001030 0.11173365
v -0.06506990 -0.22866096 0.10672823
v -0.07384259 -0.22973241 0.10085772
v -0.08186692 -0.22838346 0.09446066
v -0.08956189 -0.22957671 0.08719906
v -0.09647869 -0.22831727 0.07947874
v -0.10296156 -0.22936058 0.07087965
v -0.10856192 -0.22802729 0.06196222
v -0.11345915 -0.22956925 0.05245978
v -0.11739501 -0.22851673 0.04293505
v -0.12059610 -0.22983123 0.03288748
v -0.12289151 -0.22868247 0.02286229
v -0.12438270 -0.22993760 0.01240765
v -0.12498199 -0.22875411 0.00212299
v -0.12471390 -0.22998664 -0.00845274
v -0.12359217 -0.22878721 -0.01870776
v -0.12156480 -0.23000917 -0.02910334
v -0.11874825 -0.22880219 -0.03903662
v -0.11501460 -0.23001922 -0.04895554
v -0.11057989 -0.22880889 -0.05828456
v -0.10524335 -0.23002374 -0.06744508
v -0.09931443 -0.22881195 -0.07590551
v -0.09252494 -0.23002549 -0.08404842
v -0.08526920 -0.22881219 -0.09140111
v -0.07721918 -0.23002308 -0.09829648
v -0.06884368 -0.22880529 -0.10433383
v -0.05976385 -0.23000847 -0.10978743
v -0.05051121 -0.22877815 -0.11433991
v -0.04066584 -0.22996284 -0.11820020
v -0.03080895 -0.22870495 -0.12114374
v -0.02048917 -0.22985404 -0.12330933
v -0.01032282 -0.22854682 -0.12457301
v 0.00016364 -0.22963908 -0.12499987
v 0.01033657 -0.22825452 -0.12457187
v 0.02068621 -0.22925951 -0.12327642
v 0.03059699 -0.22772648 -0.12119743
v 0.04062977 -0.22857615 -0.11821259
v 0.05020309 -0.22732722 -0.11447551
v 0.05959991 -0.22922819 -0.10987649
v 0.06841680 -0.22861411 -0.10461422
v 0.07656534 -0.23076090 -0.09880659
v 0.08392765 -0.22640866 -0.09263445
v -0.02540854 0.22746930 -0.12239037
v -0.03623129 0.22937616 -0.11963398
v -0.04628948 0.22855986 -0.11611323
v -0.05606627 0.23001468 -0.11172095
v -0.06509317 0.22866956 -0.10671400
v -0.07386093 0.22974328 -0.10084425
v -0.08188170 0.22839693 -0.09444780
v -0.08957205 0.22959010 -0.08718858
v -0.09648577 0.22833144 -0.07947011
v -0.10296576 0.22937350 -0.07087351
v -0.10856440 0.22804014 -0.06195784
v -0.11346040 0.22958036 -0.05245703
v -0.11739563 0.22852782 -0.04293330
v -0.12059638 0.22984127 -0.03288644
v -0.12289162 0.22869298 -0.02286162
v -0.12438274 0.22994758 -0.01240722
v -0.12498200 0.22876511 -0.00212271
v -0.12471390 0.22999771 0.00845279
v -0.12359223 0.22880018 0.01870744
v -0.12156504 0.23002312 0.02910237
v -0.11874895 0.22881955 0.03903452
v -0.11501619 0.23003894 0.04895184
v -0.11058324 0.22883408 0.05827826
v -0.10524939 0.23005254 0.06743571
v -0.09932514 0.22884781 0.07589154
v -0.09254153 0.23006451 0.08403019
v -0.08529497 0.22885734 0.09137710
v -0.07725404 0.23006786 0.09826912
v -0.06889142 0.22885173 0.10430235
v -0.05982054 0.23004899 0.10975660
v -0.05057989 0.22881438 0.11430959
v -0.04073787 0.22998926 0.11817543
v -0.03088655 0.22872361 0.12112402
v -0.02056161 0.22986345 0.12329731
v -0.01039268 0.22854935 0.12456724
v 0.00010501 0.22963636 0.12499998
v 0.01028548 0.22824833 0.12457614
v 0.02064717 0.22925220 0.12328300
v 0.03056585 0.22771864 0.12120533
v 0.04060780 0.22856932 0.11822017
v 0.05018707 0.22732126 0.11448258
v 0.05958968 0.22922380 0.10988208
v 0.06840996 0.22861074 0.10461873
v 0.07656119 0.23075857 0.09880984
v 0.08392468 0.22640673 0.09263719
v -0.01566374 -0.22687602 0.12401473
v -0.01568696 0.22686745 -0.12401175
v -0.00632097 -0.22754058 0.12484010
v -0.00634050 0.22753212 -0.12483907
v 0.00431337 -0.23008336 0.12492558
v 0.00429816 0.23007665 -0.12492606
v 0.01577897 -0.22853399 0.12400011
v 0.01576514 0.22852938 -0.12400183
v 0.02591762 -0.22840694 0.12228361
v 0.02590381 0.22840537 -0.12228649
v 0.03617941 -0.23062107 0.11964971
v 0.03616349 0.23062365 -0.11965448
v 0.04728927 -0.22940307 0.11570967
v 0.04726575 0.22941278 -0.11571924
v 0.06475501 -0.22545938 0.10691955
v 0.06470440 0.22549375 -0.10695014
v 0.12440693 -0.37462835 0.01216188
v 0.12427492 -0.37336894 -0.01344390
v 0.12427492 0.37336894 0.01344394
v 0.10689584 -0.25195984 -0.06479407
v 0.10689563 0.25195963 0.06479446
v 0.09983917 -0.13982152 0.07521396
v 0.09975607 0.14002608 -0.07532409
v 0.10273058 0.10866323 0.07121395
v 0.10273852 -0.10868280 -0.07120245
v 0.11297286 -0.37077186 -0.05349883
v 0.11297286 0.37077186 0.05349887
v 0.12178217 -0.19858567 0.02817977
v 0.12157352 0.19984429 -0.02906667
v 0.11415138 -0.29453412 0.05093583
v 0.11401784 0.29455470 -0.05123403
v 0.12400107 -0.30420737 0.01577120
v 0.12409410 -0.30130668 -0.01502160
v 0.12409410 0.30130667 0.01502165
v 0.10702470 0.02920445 0.06458104
v 0.10704090 -0.02935959 -0.06455415
v 0.10104640 -0.26954742 0.07358413
v 0.10090347 0.26954824 -0.07377996
v 0.11453321 -0.09515001 0.05007135
v 0.11434556 0.09538219 -0.05049836
v 0.10733006 -0.42937859 0.06407227
v 0.10678999 0.42917335 -0.06496838
v 0.08259024 -0.22379583 0.09382885
v 0.08247451 0.22390094 -0.09393055
v 0.11897092 0.35865357 -0.03835250
v 0.10875487 -0.02909666 0.06162285
v 0.10866805 0.02905061 -0.06177578
v 0.11373771 -0.33257170 -0.05185293
v 0.11373771 0.33257170 0.05185298
v 0.11913158 -0.35765758 0.03785054
v 0.12446323 -0.23376170 -0.01157146
v 0.12446322 0.23376168 0.01157155
v 0.12432142 -0.23274166 0.01300690
v 0.11432495 -0.23741774 -0.05054501
v 0.11432481 0.23741755 0.05054538
v 0.10844137 -0.29429952 -0.06217284
v 0.10844133 0.29429949 0.06217295
v 0.12226098 -0.28221585 -0.02602397
v 0.12226097 0.28221584 0.02602404
v 0.11455283 0.13049837 0.05002646
v 0.11455515 -0.13050289 -0.05002111
v 0.10799722 -0.28863594 0.06294123
v 0.10789736 0.28861720 -0.06311221
v 0.11700476 -0.13049063 -0.04398726
v 0.11700303 0.13048708 0.04399191
v 0.10401039 -0.19321456 0.06933135
v 0.10379401 0.19391911 -0.06965484
v 0.12242302 -0.20034125 -0.02525067
v 0.12242295 0.20034109 0.02525107
v 0.09306592 -0.26223358 0.08344899
v 0.09294152 0.26225811 -0.08358747
v 0.12127668 -0.32700937 -0.03028134
v 0.12127668 0.32700937 0.03028138
v 0.11308135 -0.45905065 -0.05326914
v 0.11308135 0.45905065 0.05326918
v 0.10797334 -0.21636141 0.06298218
v 0.10757589 0.21713234 -0.06365863
v 0.12441581 -0.24307792 -0.01207062
v 0.12441581 0.24307791 0.01207070
v 0.12314167 -0.20784092 -0.02147376
v 0.12314163 0.20784081 0.02147404
v 0.11462939 -0.12934073 0.04985077
v 0.11454087 0.12946845 -0.05005378
v 0.11968014 -0.17643927 -0.03607848
v 0.11967980 0.17643867 0.03607966
v 0.11545137 -0.30362674 -0.04791632
v 0.11545136 0.30362673 0.04791639
v 0.09825563 -0.47937643 0.07727114
v 0.09843678 0.47937285 -0.07704020
v 0.09817941 -0.23669363 0.07736796
v 0.09794632 0.23686611 -0.07766281
v 0.11864953 -0.41116168 -0.03933549
v 0.11864953 0.41116168 0.03933553
v 0.10274935 -0.23522744 0.07118686
v 0.10245071 0.23546405 -0.07161595
v 0.10547664 -0.33203160 0.06707963
v 0.10563342 0.33181506 -0.06683242
v 0.11451347 0.11085874 0.05011648
v 0.11451710 -0.11086761 -0.05010814
v 0.11784992 -0.18635301 0.04167005
v 0.11739488 0.18959791 -0.04293523
v 0.11934148 -0.31704894 0.03718344
v 0.11947827 0.31621963 -0.03674146
v 0.11530750 -0.21050054 -0.04826151
v 0.11530722 0.21050016 0.04826222
v 0.10455195 -0.24426854 0.06851195
v 0.10426461 0.24439815 -0.06894841
v 0.11945810 -0.15041521 0.03680705
v 0.11972921 0.15099120 -0.03591532
v 0.11863792 -0.08491199 -0.03937052
v 0.11863429 0.08489841 0.03938147
v 0.11832471 -0.30187233 -0.04030207
v 0.11832470 0.30187232 0.04030213
v 0.12461475 -0.22306926 -0.00980606
v 0.12461474 0.22306923 0.00980616
v 0.12473259 -0.22173203 0.00817163
v 0.12049561 0.01240689 0.03325364
v 0.12049283 -0.01244085 -0.03326365
v 0.12417703 0.47470225 -0.01431988
v 0.11953336 -0.26441575 -0.03656184
v 0.11953334 0.26441572 0.03656195
v 0.11679131 -0.26332128 -0.04455089
v 0.11679127 0.26332123 0.04455104
v 0.12475825 -0.19054543 -0.00776998
v 0.12475824 0.19054537 0.00777016
v 0.12459061 -0.18915189 0.01010814
v 0.11081022 -0.01294323 0.05784542
v 0.11076236 0.01285110 -0.05793696
v 0.11737483 -0.07339667 0.04299006
v 0.11725078 0.07363867 -0.04332721
v 0.11350801 -0.28138193 -0.05235384
v 0.11350797 0.28138189 0.05235396
v 0.12477475 -0.16724996 -0.00750039
v 0.12477473 0.16724986 0.00750069
v 0.12092477 -0.26902428 0.03165746
v 0.12085360 0.27003691 -0.03192807
v 0.12098589 -0.08385034 -0.03142305
v 0.12098365 0.08384060 0.03143171
v 0.12430296 -0.13883842 -0.01318210
v 0.12430286 0.13883795 0.01318311
v 0.11967044 -0.47708196 0.03611068
v 0.11220574 -0.05315727 0.05508964
v 0.11210882 0.05323747 -0.05528656
v 0.11303861 -0.21573999 0.05335981
v 0.11253603 0.21706371 -0.05441172
v 0.12254435 -0.48912035 -0.02465514
v 0.12254435 0.48912035 0.02465518
v 0.11738041 -0.36155320 -0.04297478
v 0.11738041 0.36155320 0.04297482
v 0.12281348 -0.29558930 0.02327753
v 0.12003636 -0.16718190 -0.03487501
v 0.12003595 0.16718116 0.03487645
v 0.12473058 -0.25204251 0.00820223
v 0.12473254 -0.25299145 -0.00817230
v 0.12473254 0.25299144 0.00817237
v 0.11664770 -0.16729549 0.04492562
v 0.11670618 0.16813949 -0.04477343
v 0.12114446 -0.19368833 -0.03080607
v 0.12114431 0.19368806 0.03080668
v 0.11622495 -0.26211920 0.04600822
v 0.11605811 0.26207661 -0.04642744
v 0.12109869 -0.02109404 0.03098554
v 0.12108377 0.02110546 -0.03104374
v 0.10764975 -0.47037338 0.06353368
v 0.10800935 0.47033060 -0.06292037
v 0.11986198 -0.07287826 0.03546972
v 0.11975589 0.07318180 -0.03582625
v 0.12300328 -0.25053221 -0.02225279
v 0.12300327 0.25053218 0.02225290
v 0.11896725 0.02143351 0.03836392
v 0.11896692 -0.02148131 -0.03836490
v 0.10557049 -0.26583362 0.06693183
v 0.10538741 0.26583349 -0.06721969
v 0.11043780 -0.03729948 0.05855330
v 0.11035330 0.03730184 -0.05871236
v 0.11416369 0.01311984 0.05090823
v 0.11415786 -0.01321208 -0.05092127
v 0.11735877 -0.44462316 -0.04303386
v 0.11735877 0.44462316 0.04303390
v 0.09854374 -0.20284938 -0.07690334
v 0.09854194 0.20284770 0.07690568
v 0.12446061 -0.32774645 0.01159958
v 0.12416870 -0.32713972 -0.01439192
v 0.12416870 0.32713972 0.01439196
v 0.12333720 -0.19366442 0.02032067
v 0.12305864 0.19348369 -0.02194458
v 0.12475953 0.35763029 -0.00774940
v 0.11308517 -0.25872022 0.05326106
v 0.11286234 0.25859076 -0.05373161
v 0.11666638 -0.41952070 0.04487708
v 0.11748619 0.41805592 -0.04268477
v 0.10468844 -0.20579771 0.06830321
v 0.10439317 0.20650335 -0.06875361
v 0.11752782 0.05837048 0.04257004
v 0.11753377 -0.05840344 -0.04255356
v 0.11319098 -0.24751440 -0.05303580
v 0.11319085 0.24751426 0.05303611
v 0.12273327 -0.12793889 -0.02369681
v 0.12273280 0.12793745 0.02369927
v 0.11362142 -0.34383774 -0.05210725
v 0.11362142 0.34383774 0.05210730
v 0.11733398 0.10519534 0.04310144
v 0.11733694 -0.10520345 -0.04309334
v 0.12477722 -0.20253073 -0.00745916
v 0.12477722 0.20253069 0.00745929
v 0.12477249 -0.20188899 0.00753800
v 0.12289190 -0.32442527 -0.02285990
v 0.12289190 0.32442527 0.02285994
v 0.11975114 -0.44325180 -0.03584212
v 0.11975114 0.44325180 0.03584217
v 0.12244091 0.00967705 0.02516384
v 0.12243891 -0.00969571 -0.02517353
v 0.12246177 -0.15086496 -0.02506208
v 0.12246147 0.15086422 0.02506358
v 0.11427120 -0.18912696 0.05066646
v 0.11402323 0.19090853 -0.05122202
v 0.12472315 0.36862395 -0.00831438
v 0.11233190 -0.40953019 0.05483194
v 0.11322664 0.40941441 -0.05295960
v 0.11895953 -0.01469886 0.03838786
v 0.11894119 0.01468481 -0.03844459
v 0.12341932 0.41836221 -0.01981575
v 0.11576920 0.33716637 -0.04714323
v 0.11539061 -0.33744235 0.04806250
v 0.09435832 -0.24039197 0.08198479
v 0.09417102 0.24051148 -0.08219982
v 0.12485671 -0.13603569 -0.00598294
v 0.12485669 0.13603548 0.00598344
v 0.12477625 -0.17885512 -0.00747543
v 0.12477624 0.17885504 0.00747566
v 0.12484799 -0.17867658 0.00616225
v 0.11233558 -0.31120963 -0.05482435
v 0.11233557 0.31120962 0.05482441
v 0.11605908 -0.01026509 0.04642508
v 0.11603526 0.01021884 -0.04648452
v 0.12474570 0.23076907 -0.00796887
v 0.11190408 -0.43423259 0.05569986
v 0.11358243 0.43254890 -0.05219219
v 0.12100632 0.34937065 -0.03134426
v 0.11803492 -0.43226303 0.04114308
v 0.11790472 -0.32280264 0.04151475
v 0.11820139 0.32236811 -0.04066233
v 0.12417579 -0.17283024 -0.01433066
v 0.12417573 0.17283005 0.01433115
v 0.11941890 0.43084455 -0.03693397
v 0.12400634 -0.39491148 -0.01572967
v 0.12400634 0.39491148 0.01572971
v 0.12471063 -0.39663023 0.00850013
v 0.12381375 -0.40707452 -0.01717991
v 0.12381375 0.40707452 0.01717995
v 0.12463354 -0.41116426 0.00956432
v 0.11146160 -0.46659840 0.05658011
v 0.11198759 0.46654600 -0.05553172
v 0.12035334 -0.34509906 0.03376490
v 0.11491168 -0.27271321 -0.04919654
v 0.11491164 0.27271316 0.04919667
v 0.11604498 -0.08435486 0.04646029
v 0.11587900 0.08461608 -0.04687271
v 0.11794699 -0.15941349 0.04139449
v 0.11807693 0.16003495 -0.04102233
v 0.11510640 -0.02945494 0.04873924
v 0.11505932 0.02945522 -0.04885024
v 0.12473666 0.32532692 -0.00810927
v 0.11657037 -0.39634492 -0.04512585
v 0.11657037 0.39634492 0.04512590
v 0.11959072 -0.38136715 0.03637384
v 0.11981704 -0.33514588 -0.03562119
v 0.11981704 0.33514587 0.03562124
v 0.12199528 -0.12485751 0.02724239
v 0.12176941 0.12384374 -0.02823479
v 0.12485573 -0.21354170 -0.00600337
v 0.12485573 0.21354168 0.00600347
v 0.12485566 -0.21114038 0.00600495
v 0.11975978 -0.20526834 0.03581327
v 0.11953537 0.20775803 -0.03655529
v 0.11389105 -0.20223102 0.05151530
v 0.11352238 0.20387829 -0.05232268
v 0.12288821 0.03454849 0.02287976
v 0.12288898 -0.03456752 -0.02287560
v 0.12323592 -0.14852752 0.02092614
v 0.12395943 0.14702264 -0.01609516
v 0.11416122 0.04451793 0.05091377
v 0.11417012 -0.04458343 -0.05089378
v 0.12487006 -0.37894773 0.00569756
v 0.12480359 -0.37877653 -0.00700405
v 0.12480359 0.37877653 0.00700409
v 0.11879945 -0.30250140 0.03888041
v 0.11857681 0.30232774 -0.03955419
v 0.10975067 -0.25592597 0.05983134
v 0.10949478 0.25588250 -0.06029830
v 0.11940595 0.04124953 0.03697588
v 0.11940954 -0.04128653 -0.03696423
v 0.12364619 0.33100373 -0.01834704
v 0.11307847 -0.00875606 0.05327529
v 0.11304619 0.00867717 -0.05334372
v 0.12071626 0.32390054 -0.03244346
v 0.12003196 -0.32431266 0.03489019
v 0.12306980 0.11828381 -0.02188190
v 0.12164164 -0.32401567 0.02878030
v 0.11800463 0.34650317 -0.04122986
v 0.11733756 -0.34667057 0.04309170
v 0.12445103 0.41199394 -0.01170189
v 0.12473257 -0.40222420 -0.00817188
v 0.12473257 0.40222420 0.00817192
v 0.12387383 0.37334853 -0.01674120
v 0.12292610 0.17362030 -0.02267523
v 0.12362811 -0.16959764 0.01846848
v 0.10861564 -0.24628591 0.06186793
v 0.10829078 0.24634295 -0.06243476
v 0.12480560 0.21956133 -0.00696818
v 0.12474202 0.33655552 -0.00802640
v 0.11646510 -0.37233821 -0.04539683
v 0.11646510 0.37233821 0.04539688
v 0.11440791 -0.23850007 0.05035699
v 0.11386633 0.23839642 -0.05156987
v 0.11485771 -0.46956717 -0.04932240
v 0.11485771 0.46956717 0.04932244
v 0.11722053 -0.23201677 0.04340903
v 0.11596235 0.23246066 -0.04666610
v 0.12483542 0.27552285 -0.00641195
v 0.11953029 -0.03792911 0.03657193
v 0.11949486 0.03798707 -0.03668748
v 0.11906178 -0.19935405 -0.03806947
v 0.11906158 0.19935371 0.03807016
v 0.12286843 -0.01768443 0.02298574
v 0.12286107 0.01769417 -0.02302499
v 0.12486192 -0.12736274 0.00587327
v 0.12491360 -0.12707166 -0.00464623
v 0.12491358 0.12707145 0.00464670
v 0.11197942 -0.48822012 -0.05554820
v 0.11197942 0.48822012 0.05554824
v 0.11882142 -0.21507291 0.03881322
v 0.11843498 0.21841096 -0.03997685
v 0.11575365 -0.05127746 0.04718146
v 0.11567726 0.05137408 -0.04736838
v 0.10820765 -0.12085546 0.06257877
v 0.10808536 0.12101848 -0.06278971
v 0.11201029 -0.48664896 0.05548595
v 0.11234184 0.48719400 -0.05481153
v 0.12426551 -0.42940458 -0.01353057
v 0.12426551 0.42940458 0.01353061
v 0.11837229 -0.48614436 0.04016212
v 0.11863149 0.48995579 -0.03938989
v 0.12111430 -0.25443286 -0.03092442
v 0.12111428 0.25443282 0.03092455
v 0.11523793 0.06530075 0.04842743
v 0.11524551 -0.06533637 -0.04840936
v 0.12047487 -0.23302141 -0.03332865
v 0.12047481 0.23302131 0.03332889
v 0.12420722 -0.44194558 0.01405562
v 0.12417333 -0.43981400 -0.01435189
v 0.12417333 0.43981400 0.01435193
v 0.11559292 -0.10414131 0.04757388
v 0.11538965 0.10435800 -0.04806477
v 0.12375846 0.24690469 -0.01757376
v 0.12181327 -0.20988210 -0.02804500
v 0.12181319 0.20988196 0.02804535
v 0.12211438 -0.35495454 -0.02670340
v 0.12211438 0.35495454 0.02670345
v 0.10127725 -0.48920518 0.07326608
v 0.10139595 0.48923010 -0.07310167
v 0.11959840 -0.45433712 0.03634855
v 0.11621414 -0.45466666 0.04603552
v 0.11679350 0.45420303 -0.04454516
v 0.11005839 -0.00333323 0.05926338
v 0.11002202 0.00320452 -0.05933084
v 0.11588729 -0.20028249 -0.04685221
v 0.11588693 0.20028197 0.04685313
v 0.12491375 -0.26150314 -0.00464198
v 0.12491375 0.26150314 0.00464203
v 0.12477530 0.34713479 -0.00749120
v 0.10811231 -0.45759225 0.06274334
v 0.10835199 0.45699344 -0.06232847
v 0.12082390 -0.35783008 -0.03204028
v 0.12082390 0.35783008 0.03204032
v 0.12478774 0.19096894 -0.00728103
v 0.12003358 -0.18212963 0.03488462
v 0.11944558 0.18344437 -0.03684760
v 0.12468132 0.24307944 -0.00891971
v 0.12408318 0.31763271 -0.01511149
v 0.10658313 -0.39473299 0.06530723
v 0.10713670 0.39434401 -0.06439503
v 0.12480299 -0.31942877 -0.00701474
v 0.12480299 0.31942877 0.00701479
v 0.12483538 -0.31827130 0.00641266
v 0.11772764 0.38659228 -0.04201423
v 0.12477070 -0.48228320 0.00756744
v 0.12481048 -0.48259595 -0.00688021
v 0.12481048 0.48259595 0.00688025
v 0.12479869 0.48226515 -0.00709086
v 0.12474018 -0.34724656 0.00805487
v 0.12469211 -0.34685286 -0.00876765
v 0.12469211 0.34685286 0.00876769
v 0.11769959 -0.38585115 0.04209278
v 0.11528392 -0.32020603 0.04831784
v 0.11545220 0.31989482 -0.04791433
v 0.12162241 0.04001327 0.02886148
v 0.12162425 -0.04003875 -0.02885369
v 0.12391450 -0.19830414 -0.01643746
v 0.12391447 0.19830403 0.01643775
v 0.12256876 -0.42513789 0.02453354
v 0.12251950 -0.27157066 -0.02477831
v 0.12251950 0.27157064 0.02477838
v 0.12476732 -0.30672971 -0.00762297
v 0.12476732 0.30672971 0.00762301
v 0.12478116 -0.30766525 0.00739310
v 0.12170637 0.05528330 0.02850537
v 0.12170874 -0.05530191 -0.02849518
v 0.12020662 -0.23626620 0.03428358
v 0.11999963 0.23891381 -0.03500118
v 0.12156110 -0.09274264 -0.02911857
v 0.12155950 0.09273627 0.02912531
v 0.11605515 -0.48953279 -0.04643485
v 0.11605515 0.48953279 0.04643489
v 0.11107323 -0.23834704 0.05733878
v 0.11063243 0.23850608 -0.05818470
v 0.11868053 -0.27319547 0.03924190
v 0.11851931 0.27373396 -0.03972613
v 0.12129930 0.14249955 -0.03019061
v 0.12104461 -0.14262640 0.03119612
v 0.12204594 -0.33571546 -0.02701448
v 0.12204594 0.33571546 0.02701452
v 0.11794167 -0.09483056 -0.04140960
v 0.11793830 0.09481969 0.04141924
v 0.12476820 -0.29673298 0.00760855
v 0.12100657 -0.10471101 0.03134337
v 0.12069039 0.10520387 -0.03253955
v 0.10058436 0.03451565 0.07421445
v 0.10062569 -0.03471194 -0.07415836
v 0.12458926 -0.06669728 -0.01012476
v 0.12458900 0.06669349 0.01012802
v 0.11355414 -0.44693358 -0.05225371
v 0.11355414 0.44693358 0.05225375
v 0.12193157 -0.29406568 -0.02752608
v 0.12193157 0.29406568 0.02752614
v 0.10461524 -0.06038158 0.06841527
v 0.10447328 0.06046006 -0.06863181
v 0.11776751 -0.25423792 0.04190239
v 0.11763078 0.25386577 -0.04228466
v 0.11910098 -0.48916018 -0.03794666
v 0.11910098 0.48916018 0.03794670
v 0.11853743 -0.23570011 -0.03967204
v 0.11853735 0.23569999 0.03967232
v 0.11858483 -0.41171624 0.03953017
v 0.11808055 -0.31263224 -0.04101190
v 0.11808055 0.31263224 0.04101196
v 0.12259695 0.39411691 -0.02439223
v 0.11736568 0.36629165 -0.04301499
v 0.11470540 0.31129847 -0.04967559
v 0.11467703 -0.31152972 0.04974109
v 0.12301464 -0.03639372 0.02218997
v 0.12300078 0.03644762 -0.02226658
v 0.10335459 -0.18151742 0.07030523
v 0.10320225 0.18214554 -0.07052864
v 0.11736970 -0.36671927 0.04300408
v 0.11761305 -0.46298280 0.04233398
v 0.11837982 0.46291872 -0.04013988
v 0.11158197 0.02173115 0.05634235
v 0.11158374 -0.02184951 -0.05633880
v 0.11884922 -0.46660172 -0.03872797
v 0.11884922 0.46660172 0.03872801
v 0.10667037 -0.48893215 0.06516463
v 0.10684782 0.48906228 -0.06487322
v 0.12065486 -0.27955886 0.03267110
v 0.12044956 0.28074840 -0.03342002
v 0.11307133 -0.32201561 -0.05329040
v 0.11307132 0.32201561 0.05329045
v 0.11989708 0.06201203 0.03535089
v 0.11990085 -0.06203431 -0.03533807
v 0.11459283 -0.41437114 0.04993476
v 0.11543007 0.41392709 -0.04796760
v 0.11295426 -0.03411938 0.05353813
v 0.11288960 0.03412332 -0.05367431
v 0.11181810 -0.30007104 -0.05587222
v 0.11181808 0.30007103 0.05587230
v 0.08678891 -0.06872243 0.08995935
v 0.08654242 0.06888553 -0.09019646
v 0.11843137 -0.25387932 -0.03998753
v 0.11843133 0.25387925 0.03998770
v 0.12303959 -0.10448474 -0.02205113
v 0.12303891 0.10448192 0.02205498
v 0.11732282 0.01160410 0.04313181
v 0.11731727 -0.01166526 -0.04314686
v 0.12456412 0.05249231 -0.01042948
v 0.12456972 -0.05242177 0.01036248
v 0.11841634 -0.05458913 0.04003208
v 0.11834852 0.05472549 -0.04023210
v 0.11291414 -0.17904821 0.05362270
v 0.11283140 0.18034714 -0.05379655
v 0.11717068 -0.03618507 0.04354341
v 0.11712496 0.03622357 -0.04366618
v 0.12142428 -0.18263342 -0.02968397
v 0.12142409 0.18263305 0.02968478
v 0.11356533 -0.39758400 0.05222943
v 0.12090958 -0.08621930 0.03171544
v 0.12075025 0.08674777 -0.03231671
v 0.08880274 0.07854641 0.08797200
v 0.08882292 -0.07862227 -0.08795158
v 0.12473817 -0.04298158 -0.00808600
v 0.12473804 0.04297620 0.00808802
v 0.08239688 0.07915487 0.09399870
v 0.08242744 -0.07923016 -0.09397185
v 0.12405258 -0.02927361 -0.01536068
v 0.12405247 0.02926190 0.01536161
v 0.12273567 0.10242956 -0.02368433
v 0.12305483 -0.10102339 0.02196599
v 0.12427701 -0.16056246 0.01342457
v 0.12134401 -0.16032086 -0.03001042
v 0.12134366 0.16032012 0.03001188
v 0.10843650 -0.38794082 -0.06218133
v 0.10843650 0.38794082 0.06218137
v 0.12118185 -0.25980359 0.03065869
v 0.12114079 0.26037473 -0.03082047
v 0.12410999 0.48784162 -0.01488973
v 0.11113428 -0.04494411 0.05722036
v 0.11104339 0.04498422 -0.05739650
v 0.11623387 -0.15910802 -0.04598566
v 0.11623288 0.15910638 0.04598819
v 0.12144749 -0.07733292 0.02958888
v 0.12134254 0.07775739 -0.03001636
v 0.12284736 -0.21782529 -0.02309802
v 0.12284733 0.21782519 0.02309827
v 0.10351076 -0.24296427 -0.07007506
v 0.10351036 0.24296389 0.07007571
v 0.12022434 -0.15942732 0.03422140
v 0.12045109 0.16050935 -0.03341449
v 0.12105130 -0.05714392 0.03117014
v 0.12099842 0.05732044 -0.03137474
v 0.11952684 0.30946311 -0.03658315
v 0.11966603 -0.31025806 0.03612529
v 0.12038104 -0.29185186 0.03366604
v 0.11999170 0.29244355 -0.03502835
v 0.11909462 -0.35498273 -0.03796663
v 0.11909462 0.35498273 0.03796667
v 0.11722236 -0.29303913 -0.04340406
v 0.11722235 0.29303911 0.04340413
v 0.10782462 -0.26085990 0.06323645
v 0.10760566 0.26085157 -0.06360830
v 0.12471585 -0.27488071 0.00842323
v 0.12479304 -0.28087824 -0.00718970
v 0.12479304 0.28087824 0.00718975
v 0.11885796 -0.14022391 0.03870120
v 0.11895861 0.14027277 -0.03839065
v 0.09756123 -0.07631936 0.07814605
v 0.09739195 0.07643570 -0.07835688
v 0.11796838 -0.27382510 -0.04133345
v 0.11796836 0.27382506 0.04133356
v 0.12324170 0.01404111 0.02089209
v 0.12324081 -0.01405609 -0.02089727
v 0.12426119 0.46234632 -0.01357023
v 0.11724972 -0.27807919 0.04333013
v 0.11705931 0.27843573 -0.04384188
v 0.11579833 -0.25384912 -0.04707164
v 0.11579826 0.25384903 0.04707186
v 0.11672941 -0.22076827 0.04471288
v 0.11604549 0.22298944 -0.04645898
v 0.12232976 -0.07525634 -0.02569868
v 0.12232811 0.07524677 0.02570658
v 0.12385226 0.05330817 -0.01690003
v 0.12386788 -0.05318931 0.01678519
v 0.11282757 0.12161976 0.05380460
v 0.11283094 -0.12162709 -0.05379750
v 0.11414033 -0.44548817 0.05096059
v 0.11491105 0.44406289 -0.04919799
v 0.12487916 -0.05268778 -0.00549459
v 0.12487908 0.05268479 0.00549642
v 0.12408962 -0.06229642 -0.01505853
v 0.12408901 0.06228963 0.01506361
v 0.11578427 -0.49106349 0.04710625
v 0.11602232 0.49227835 -0.04651682
v 0.12399354 0.05265357 0.01583025
v 0.12399421 -0.05266284 -0.01582497
v 0.12144387 -0.04036141 0.02960375
v 0.12141680 0.04043540 -0.02971452
v 0.11986657 0.38843268 -0.03545418
v 0.11957109 -0.37017010 0.03643831
v 0.11946927 0.36929771 -0.03677074
v 0.09794521 -0.16791311 0.07766425
v 0.09784373 0.16826562 -0.07779201
v 0.12480013 -0.49192517 0.00706565
v 0.12483298 -0.49205580 -0.00645919
v 0.12483110 0.49191609 -0.00649542
v 0.12483298 0.49205580 0.00645924
v 0.11757473 -0.26754076 0.04244031
v 0.11742310 0.26778286 -0.04285800
v 0.12187579 -0.22611838 0.02777204
v 0.12268556 0.22783394 -0.02394256
v 0.11600639 -0.30316577 0.04655657
v 0.11590427 0.30304227 -0.04681017
v 0.10580365 -0.44931996 -0.06656260
v 0.10580365 0.44931996 0.06656264
v 0.09322743 -0.45669498 0.08326851
v 0.09351822 0.45667430 -0.08294176
v 0.10267935 -0.40651390 -0.07128775
v 0.10267935 0.40651390 0.07128779
v 0.07720719 -0.41224911 0.09830590
v 0.07736194 0.41222284 -0.09818413
v 0.08683558 -0.41945154 -0.08991426
v 0.08683558 0.41945154 0.08991430
v 0.12110938 -0.46331493 0.03094373
v 0.07362281 -0.45958556 0.10101823
v 0.07373448 0.45957515 -0.10093671
v 0.06451520 -0.45585893 0.10706442
v 0.06459088 0.45585021 -0.10701874
v 0.05831667 -0.45332723 0.11056296
v 0.05837353 0.45331961 -0.11053291
v 0.07976757 -0.45793999 -0.09623995
v 0.07976757 0.45793999 0.09623999
v 0.05082826 -0.45297914 0.11419935
v 0.05086796 0.45297308 -0.11418162
v 0.04064980 -0.45460153 0.11820574
v 0.04067278 0.45459745 -0.11819779
v 0.03063787 -0.45654829 0.12118715
v 0.03065084 0.45654564 -0.12118383
v 0.02175933 -0.45917410 0.12309157
v 0.02176698 0.45917236 -0.12309018
v 0.01295736 -0.45923980 0.12432663
v 0.01296206 0.45923860 -0.12432610
v 0.00350882 -0.45853466 0.12495076
v 0.00351166 0.45853386 -0.12495064
v -0.00647356 -0.45731572 0.12483228
v -0.00647192 0.45731521 -0.12483232
v -0.01754055 -0.45512792 0.12376322
v -0.02916038 -0.45641810 0.12155114
v -0.03999608 -0.45517226 0.11842854
v -0.04992709 -0.45493640 0.11459622
v -0.05941630 -0.45491253 0.10997596
v -0.06845594 -0.45493655 0.10458868
v -0.07699480 -0.45496715 0.09847238
v -0.08497962 -0.45499335 0.09167045
v -0.09235953 -0.45501293 0.08423019
v -0.09908659 -0.45502644 0.07620273
v -0.10511618 -0.45503522 0.06764316
v -0.11040752 -0.45504065 0.05861047
v -0.11492427 -0.45504386 0.04916726
v -0.11863506 -0.45504568 0.03937929
v -0.12151394 -0.45504667 0.02931498
v -0.12354068 -0.45504720 0.01904485
v -0.12470100 -0.45504748 0.00864093
v -0.12498672 -0.45504762 -0.00182377
v -0.12439578 -0.45504770 -0.01227579
v -0.12293231 -0.45504774 -0.02264179
v -0.12060657 -0.45504776 -0.03284903
v -0.11743486 -0.45504778 -0.04282588
v -0.11343943 -0.45504779 -0.05250236
v -0.10864831 -0.45504780 -0.06181058
v -0.10309509 -0.45504782 -0.07068525
v -0.09681873 -0.45504786 -0.07906412
v -0.08986325 -0.45504796 -0.08688841
v -0.08227742 -0.45504821 -0.09410327
v -0.07411439 -0.45504878 -0.10065812
v -0.06543127 -0.45505001 -0.10650703
v -0.05628864 -0.45505255 -0.11160908
v -0.04674994 -0.45505752 -0.11592860
v -0.03688084 -0.45506685 -0.11943534
v -0.02674841 -0.45508372 -0.12210454
v -0.01642037 -0.45511341 -0.12391677
v -0.00596439 -0.45516492 -0.12485760
v 0.00455243 -0.45525456 -0.12491705
v 0.01506344 -0.45541537 -0.12408903
v 0.02550312 -0.45572544 -0.12237069
v 0.03582952 -0.45641442 -0.11975491
v 0.04633428 -0.45840840 -0.11609534
v 0.05683778 -0.45826402 -0.11133041
v 0.06623478 -0.45997426 -0.10600918
v 0.07276463 -0.45636686 -0.10163809
v -0.01753970 0.45512762 -0.12376330
v -0.02916001 0.45641796 -0.12155118
v -0.03999593 0.45517219 -0.11842856
v -0.04992702 0.45493637 -0.11459621
v -0.05941627 0.45491252 -0.10997593
v -0.06845593 0.45493654 -0.10458864
v -0.07699479 0.45496715 -0.09847234
v -0.08497962 0.45499335 -0.09167041
v -0.09235953 0.45501292 -0.08423015
v -0.09908659 0.45502644 -0.07620269
v -0.10511618 0.45503522 -0.06764312
v -0.11040752 0.45504065 -0.05861043
v -0.11492427 0.45504386 -0.04916722
v -0.11863506 0.45504568 -0.03937925
v -0.12151394 0.45504667 -0.02931494
v -0.12354068 0.45504720 -0.01904481
v -0.12470100 0.45504748 -0.00864089
v -0.12498672 0.45504762 0.00182381
v -0.12439578 0.45504770 0.01227584
v -0.12293231 0.45504774 0.02264183
v -0.12060657 0.45504776 0.03284907
v -0.11743486 0.45504778 0.04282592
v -0.11343943 0.45504779 0.05250240
v -0.10864831 0.45504780 0.06181062
v -0.10309509 0.45504782 0.07068529
v -0.09681873 0.45504786 0.07906416
v -0.08986325 0.45504796 0.08688845
v -0.08227742 0.45504821 0.09410331
v -0.07411439 0.45504878 0.10065816
v -0.06543127 0.45505001 0.10650707
v -0.05628864 0.45505255 0.11160912
v -0.04674994 0.45505752 0.11592864
v -0.03688084 0.45506685 0.11943538
v -0.02674841 0.45508372 0.12210458
v -0.01642037 0.45511341 0.12391682
v -0.00596439 0.45516492 0.12485765
v 0.00455243 0.45525456 0.12491709
v 0.01506344 0.45541537 0.12408907
v 0.02550312 0.45572544 0.12237073
v 0.03582952 0.45641442 0.11975495
v 0.04633428 0.45840840 0.11609538
v 0.05683778 0.45826402 0.11133045
v 0.06623478 0.45997426 0.10600922
v 0.07276463 0.45636686 0.10163813
v 0.08738434 -0.45883486 -0.08938104
v 0.08738434 0.45883486 0.08938108
v 0.08996653 -0.42816956 0.08678147
v 0.09026643 0.42817686 -0.08646944
v 0.11017443 -0.46755765 -0.05904732
v 0.11017443 0.46755765 0.05904737
v 0.09028351 -0.36615555 0.08645164
v 0.09045472 0.36599114 -0.08627245
v 0.08002665 -0.34786441 0.09602466
v 0.08011043 0.34777928 -0.09595474
v 0.09640255 -0.47004196 -0.07957098
v 0.09640255 0.47004196 0.07957102
v 0.10136472 -0.46547917 -0.07314496
v 0.10136472 0.46547917 0.07314500
v 0.09083463 -0.33363242 -0.08587237
v 0.09083459 0.33363240 0.08587245
v 0.06560574 -0.33484982 0.10639966
v 0.06564081 0.33481361 -0.10637799
v 0.07040914 -0.28867192 0.10328385
v 0.07039459 0.28865976 -0.10329373
v 0.08828199 -0.12446143 0.08849457
v 0.08817411 0.12459035 -0.08860202
v -0.01921180 -0.12510237 0.12351483
v -0.09131683 -0.12264001 0.08535950
v -0.09866264 -0.12399424 0.07675084
v -0.10521896 -0.12495042 0.06748317
v -0.11847547 -0.12337654 0.03985688
v -0.12345656 -0.12329754 0.01958274
v -0.12499406 -0.12323819 -0.00122105
v -0.12304533 -0.12319871 -0.02201934
v -0.11765153 -0.12317514 -0.04222702
v -0.10895452 -0.12317505 -0.06126921
v -0.09720182 -0.12320550 -0.07859266
v -0.08273425 -0.12325662 -0.09370189
v -0.06596044 -0.12332041 -0.10618013
v -0.04734754 -0.12343248 -0.11568582
v -0.02738660 -0.12383408 -0.12196299
v 0.01288407 -0.12251849 -0.12433421
v 0.02372180 -0.12389740 -0.12272844
v 0.03451669 -0.12589275 -0.12013988
v 0.05393962 -0.12610463 -0.11276307
v 0.07196663 -0.12513327 -0.10220468
v -0.01910485 0.12478023 -0.12353137
v -0.03987413 0.12526792 -0.11846962
v -0.09126851 0.12335067 -0.08541112
v -0.09859579 0.12463671 -0.07683665
v -0.10514926 0.12552767 -0.06759168
v -0.11844502 0.12386506 -0.03994723
v -0.12345521 0.12378226 -0.01959125
v -0.12499347 0.12377499 0.00128001
v -0.12302826 0.12380995 0.02211458
v -0.11761075 0.12388023 0.04234051
v -0.10888330 0.12400623 0.06139573
v -0.09706711 0.12423492 0.07875903
v -0.08242201 0.12484578 0.09397670
v 0.01275605 0.12243436 0.12434745
v 0.02363496 0.12387779 0.12274523
v 0.03445334 0.12590056 0.12015811
v 0.05390164 0.12612063 0.11278127
v 0.07194416 0.12513165 0.10222054
v 0.08131477 -0.12655111 -0.09493630
v 0.08129949 0.12654123 0.09494943
v 0.02277057 -0.12604468 0.12290852
v 0.02264533 0.12624854 -0.12293162
v 0.03431647 -0.12463968 0.12019727
v 0.03416604 0.12486058 -0.12024007
v 0.05380714 -0.12573944 0.11282639
v 0.05366578 0.12590998 -0.11289365
v 0.06954549 -0.12411668 0.10386735
v 0.06942122 0.12425220 -0.10395041
v 0.12172268 -0.46961910 -0.02843558
v 0.12172268 0.46961910 0.02843562
v 0.07049837 -0.47688800 0.10322296
v 0.07055838 0.47688166 -0.10318191
v 0.07771226 -0.47889770 0.09790712
v 0.07778985 0.47889026 -0.09784545
v 0.08471449 -0.47844947 -0.09191544
v 0.08471449 0.47844947 0.09191548
v 0.06195038 -0.47694139 0.10856865
v 0.06199105 0.47693665 -0.10854539
v 0.05252099 -0.47683956 0.11343081
v 0.05254723 0.47683608 -0.11341861
v 0.04260131 -0.47746077 0.11751651
v 0.04261701 0.47745838 -0.11751078
v 0.03265990 -0.47819141 0.12065792
v 0.03266897 0.47818983 -0.12065543
v 0.02276254 -0.47877891 0.12291001
v 0.02276770 0.47877788 -0.12290901
v 0.01282762 -0.47899172 0.12434009
v 0.01283055 0.47899105 -0.12433974
v 0.00273497 -0.47879135 0.12497010
v 0.00273663 0.47879092 -0.12497002
v -0.00755850 -0.47825864 0.12477129
v -0.00755757 0.47825837 -0.12477130
v -0.01800343 -0.47743466 0.12369674
v -0.02884990 -0.47566149 0.12162520
v -0.03941181 -0.47699898 0.11862426
v -0.04924826 -0.47731192 0.11488958
v -0.05871515 -0.47741136 0.11035188
v -0.06776417 -0.47745425 0.10503820
v -0.07633060 -0.47747813 0.09898812
v -0.08435514 -0.47749352 0.09224542
v -0.09178326 -0.47750394 0.08485777
v -0.09856455 -0.47751098 0.07687676
v -0.10465277 -0.47751561 0.06835791
v -0.11000608 -0.47751855 0.05936050
v -0.11458744 -0.47752034 0.04994723
v -0.11836497 -0.47752140 0.04018385
v -0.12131227 -0.47752201 0.03013867
v -0.12340871 -0.47752234 0.01988207
v -0.12463957 -0.47752252 0.00948596
v -0.12499621 -0.47752261 -0.00097674
v -0.12447610 -0.47752266 -0.01143264
v -0.12308290 -0.47752268 -0.02180838
v -0.12082636 -0.47752270 -0.03203117
v -0.11772231 -0.47752270 -0.04202930
v -0.11379252 -0.47752271 -0.05173264
v -0.10906456 -0.47752272 -0.06107311
v -0.10357159 -0.47752273 -0.06998520
v -0.09735213 -0.47752277 -0.07840640
v -0.09044982 -0.47752287 -0.08627764
v -0.08291303 -0.47752310 -0.09354373
v -0.07479460 -0.47752360 -0.10015372
v -0.06615135 -0.47752466 -0.10606129
v -0.05704369 -0.47752677 -0.11122507
v -0.04753507 -0.47753083 -0.11560889
v -0.03769146 -0.47753826 -0.11918201
v -0.02758080 -0.47755142 -0.12191922
v -0.01727259 -0.47757388 -0.12380086
v -0.00683767 -0.47761092 -0.12481282
v 0.00365120 -0.47766930 -0.12494664
v 0.01411767 -0.47775411 -0.12420018
v 0.02447961 -0.47785166 -0.12257954
v 0.03467275 -0.47784383 -0.12009494
v 0.04504476 -0.47702651 -0.11660173
v 0.05461968 -0.47940849 -0.11243524
v 0.06200383 -0.48129576 -0.10853809
v 0.06922902 -0.47725865 -0.10407850
v 0.07833419 -0.47631063 -0.09741020
v -0.01800292 0.47743450 -0.12369677
v -0.02884964 0.47566139 -0.12162522
v -0.03941169 0.47699893 -0.11862426
v -0.04924821 0.47731190 -0.11488956
v -0.05871512 0.47741135 -0.11035186
v -0.06776416 0.47745425 -0.10503817
v -0.07633060 0.47747813 -0.09898808
v -0.08435514 0.47749351 -0.09224538
v -0.09178326 0.47750394 -0.08485773
v -0.09856455 0.47751098 -0.07687672
v -0.10465277 0.47751561 -0.06835787
v -0.11000608 0.47751855 -0.05936046
v -0.11458744 0.47752034 -0.04994719
v -0.11836497 0.47752140 -0.04018381
v -0.12131227 0.47752201 -0.03013863
v -0.12340871 0.47752234 -0.01988203
v -0.12463957 0.47752252 -0.00948592
v -0.12499621 0.47752261 0.00097678
v -0.12447610 0.47752266 0.01143268
v -0.12308290 0.47752268 0.02180842
v -0.12082636 0.47752270 0.03203121
v -0.11772231 0.47752270 0.04202935
v -0.11379252 0.47752271 0.05173268
v -0.10906456 0.47752272 0.06107315
v -0.10357159 0.47752273 0.06998524
v -0.09735213 0.47752277 0.07840644
v -0.09044982 0.47752287 0.08627768
v -0.08291303 0.47752310 0.09354377
v -0.07479460 0.47752360 0.10015376
v -0.06615135 0.47752466 0.10606133
v -0.05704369 0.47752677 0.11122511
v -0.04753507 0.47753083 0.11560893
v -0.03769146 0.47753826 0.11918205
v -0.02758080 0.47755142 0.12191926
v -0.01727259 0.47757388 0.12380090
v -0.00683767 0.47761092 0.12481287
v 0.00365120 0.47766930 0.12494668
v 0.01411767 0.47775411 0.12420022
v 0.02447961 0.47785166 0.12257958
v 0.03467275 0.47784383 0.12009498
v 0.04504476 0.47702651 0.11660177
v 0.05461968 0.47940849 0.11243528
v 0.06200383 0.48129576 0.10853813
v 0.06922902 0.47725865 0.10407855
v 0.07833419 0.47631063 0.09741024
v 0.08144907 -0.46855995 0.09482115
v 0.08158135 0.46854835 -0.09470732
v 0.10059857 -0.32003970 -0.07419516
v 0.10059854 0.32003969 0.07419524
v 0.09034269 -0.47471112 -0.08638976
v 0.09034269 0.47471112 0.08638980
v 0.09554049 -0.13503071 0.08060406
v 0.09544927 0.13519297 -0.08071201
v 0.12065708 0.46516219 -0.03266285
v 0.09685359 -0.36530673 -0.07902136
v 0.09685359 0.36530673 0.07902140
v 0.10491576 -0.39539318 -0.06795348
v 0.10491576 0.39539318 0.06795352
v 0.08230991 -0.06427149 0.09407485
v 0.08200641 0.06447536 -0.09433950
v 0.09137825 -0.01451916 0.08529370
v 0.09093125 0.01413103 -0.08577004
v 0.09247151 -0.03282754 0.08410719
v 0.09212017 0.03281288 -0.08449181
v 0.10830421 0.34044370 -0.06241147
v 0.10808506 -0.34072750 0.06279027
v 0.07444052 -0.33803491 0.10041718
v 0.07449479 0.33797707 -0.10037688
v 0.12230718 -0.46642257 0.02580600
v 0.08876589 -0.41591486 0.08800918
v 0.08903139 0.41590991 -0.08774055
v 0.06313730 -0.28018536 0.10788273
v 0.06312010 0.28018052 -0.10789275
v 0.10301580 0.38743299 -0.07080068
v 0.10262078 -0.38775906 0.07137208
v 0.09456624 -0.39348504 0.08174487
v 0.09486097 0.39337739 -0.08140263
v 0.09474663 0.06598993 0.08153573
v 0.09476576 -0.06608963 -0.08151345
v 0.09482712 -0.31423027 -0.08144206
v 0.09482705 0.31423024 0.08144218
v 0.09000587 0.03996037 0.08674067
v 0.09004298 -0.04016495 -0.08670210
v 0.09335586 -0.31509129 0.08312450
v 0.09339579 0.31500510 -0.08307960
v 0.10252888 -0.34594879 -0.07150399
v 0.10252888 0.34594879 0.07150404
v 0.08317118 -0.39338288 0.09331428
v 0.08334484 0.39331862 -0.09315917
v 0.12125190 -0.47252341 0.03038045
v 0.08167025 -0.38538453 -0.09463067
v 0.08167024 0.38538453 0.09463071
v -0.01527899 -0.39349473 0.12406272
v -0.02540186 -0.39354747 0.12239180
v -0.03550091 -0.39378949 0.11985279
v -0.04542833 -0.39410460 0.11645288
v -0.05504754 -0.39440603 0.11222645
v -0.06424699 -0.39467656 0.10722561
v -0.07296013 -0.39487919 0.10149792
v -0.08115291 -0.39500973 0.09507478
v -0.08878404 -0.39508822 0.08799092
v -0.09580510 -0.39513383 0.08028942
v -0.10216611 -0.39515965 0.07202148
v -0.10782027 -0.39517398 0.06324394
v -0.11272543 -0.39518191 0.05401837
v -0.11684509 -0.39518640 0.04440983
v -0.12014863 -0.39518915 0.03448642
v -0.12261167 -0.39519102 0.02431840
v -0.12421605 -0.39519247 0.01397780
v -0.12494995 -0.39519366 0.00353767
v -0.12480787 -0.39519466 -0.00692829
v -0.12379058 -0.39519548 -0.01734637
v -0.12190511 -0.39519615 -0.02764324
v -0.11916461 -0.39519666 -0.03774653
v -0.11558827 -0.39519705 -0.04758525
v -0.11120116 -0.39519732 -0.05709032
v -0.10603406 -0.39519751 -0.06619502
v -0.10012321 -0.39519761 -0.07483545
v -0.09351011 -0.39519760 -0.08295095
v -0.08624121 -0.39519745 -0.09048455
v -0.07836760 -0.39519701 -0.09738336
v -0.06994473 -0.39519602 -0.10359891
v -0.06103203 -0.39519392 -0.10908753
v -0.05169259 -0.39518974 -0.11381069
v -0.04199288 -0.39518157 -0.11773528
v -0.03200225 -0.39516623 -0.12083399
v -0.02179300 -0.39513795 -0.12308558
v -0.01143977 -0.39508746 -0.12447541
v -0.00102026 -0.39499863 -0.12499582
v 0.00938497 -0.39484616 -0.12464717
v 0.01968941 -0.39458786 -0.12343954
v 0.02979641 -0.39415949 -0.12139674
v 0.03958070 -0.39346327 -0.11856796
v 0.04882553 -0.39237490 -0.11506981
v 0.05686464 -0.39076182 -0.11131669
v 0.06434953 -0.39188733 -0.10716404
v -0.01527806 0.39349417 -0.12406279
v -0.02540137 0.39354716 -0.12239186
v -0.03550066 0.39378933 -0.11985282
v -0.04542821 0.39410452 -0.11645289
v -0.05504749 0.39440599 -0.11222643
v -0.06424697 0.39467654 -0.10722558
v -0.07296012 0.39487917 -0.10149788
v -0.08115291 0.39500972 -0.09507473
v -0.08878404 0.39508822 -0.08799087
v -0.09580510 0.39513383 -0.08028938
v -0.10216611 0.39515965 -0.07202144
v -0.10782027 0.39517399 -0.06324390
v -0.11272543 0.39518191 -0.05401832
v -0.11684509 0.39518640 -0.04440978
v -0.12014863 0.39518915 -0.03448637
v -0.12261167 0.39519102 -0.02431836
v -0.12421605 0.39519247 -0.01397776
v -0.12494995 0.39519366 -0.00353763
v -0.12480787 0.39519466 0.00692833
v -0.12379058 0.39519548 0.01734641
v -0.12190511 0.39519615 0.02764328
v -0.11916461 0.39519666 0.03774657
v -0.11558827 0.39519705 0.04758529
v -0.11120116 0.39519733 0.05709036
v -0.10603406 0.39519751 0.06619506
v -0.10012321 0.39519761 0.07483549
v -0.09351011 0.39519761 0.08295099
v -0.08624121 0.39519745 0.09048459
v -0.07836761 0.39519701 0.09738339
v -0.06994474 0.39519603 0.10359895
v -0.06103205 0.39519393 0.10908756
v -0.05169261 0.39518975 0.11381073
v -0.04199290 0.39518157 0.11773531
v -0.03200227 0.39516624 0.12083402
v -0.02179302 0.39513795 0.12308562
v -0.01143979 0.39508746 0.12447545
v -0.00102028 0.39499863 0.12499586
v 0.00938495 0.39484616 0.12464721
v 0.01968939 0.39458786 0.12343959
v 0.02979640 0.39415949 0.12139678
v 0.03958069 0.39346326 0.11856801
v 0.04882552 0.39237490 0.11506985
v 0.05686464 0.39076181 0.11131673
v 0.06434952 0.39188733 0.10716408
v -0.00489640 -0.39391438 0.12490409
v -0.00489455 0.39391335 -0.12490412
v 0.00522040 -0.39261517 0.12489096
v 0.00522383 0.39261331 -0.12489078
v 0.01431228 -0.39418009 0.12417795
v 0.01431822 0.39417708 -0.12417722
v 0.02275009 -0.39280916 0.12291232
v 0.02275973 0.39280440 -0.12291049
v 0.04661862 -0.39419949 0.11598150
v 0.04665250 0.39418507 -0.11596783
v 0.05569246 -0.39553102 0.11190778
v 0.05574593 0.39551010 -0.11188112
v 0.06074187 -0.38483524 0.10924938
v 0.06080422 0.38480528 -0.10921465
v 0.09227074 -0.13416293 -0.08432735
v 0.09226235 0.13415258 0.08433658
v 0.10494913 0.14848141 0.06790197
v 0.10495249 -0.14848641 -0.06789673
v 0.10066557 -0.36812961 -0.07410422
v 0.10066557 0.36812961 0.07410427
v 0.07796134 -0.17792361 0.09770890
v 0.07788513 0.17804514 -0.09776963
v 0.09448033 -0.17582213 -0.08184412
v 0.09447640 0.17581840 0.08184870
v 0.09245837 -0.27696429 -0.08412159
v 0.09245804 0.27696409 0.08412199
v 0.06954029 -0.38784009 0.10387083
v 0.06963340 0.38779821 -0.10380839
v 0.09986018 -0.08802637 0.07518606
v 0.09970510 0.08815117 -0.07539155
v 0.12485578 -0.10670753 0.00600240
v -0.02316944 -0.12989529 0.12283397
v -0.03264039 -0.12944936 0.12066322
v -0.04241301 -0.12891507 0.11758462
v -0.05199019 -0.12842302 0.11367510
v -0.06122147 -0.12799168 0.10898137
v -0.07002860 -0.12757136 0.10354227
v -0.07835748 -0.12703323 0.09739154
v -0.08696409 -0.12549796 0.08979006
v -0.09499380 -0.12698034 0.08124768
v -0.10190866 -0.12790487 0.07238531
v -0.10731088 -0.12924070 0.06410448
v -0.11179891 -0.12812033 0.05591073
v -0.11632062 -0.12609794 0.04576592
v -0.11971309 -0.12782247 0.03596920
v -0.12233111 -0.12599035 0.02569254
v -0.12402936 -0.12773166 0.01554747
v -0.12490027 -0.12592371 0.00499281
v -0.12488746 -0.12767875 -0.00530354
v -0.12398870 -0.12588073 -0.01586845
v -0.12225922 -0.12764611 -0.02603241
v -0.11960954 -0.12585440 -0.03631202
v -0.11620624 -0.12762936 -0.04605555
v -0.11187498 -0.12584725 -0.05575833
v -0.10689157 -0.12763522 -0.06480118
v -0.10100097 -0.12586745 -0.07364650
v -0.09458159 -0.12766684 -0.08172713
v -0.08730213 -0.12591090 -0.08946138
v -0.07963098 -0.12771584 -0.09635303
v -0.07116942 -0.12596841 -0.10276144
v -0.06246341 -0.12778201 -0.10827428
v -0.05305727 -0.12605776 -0.11318094
v -0.04356974 -0.12791598 -0.11716089
v -0.03348362 -0.12630678 -0.12043190
v -0.02353812 -0.12840343 -0.12276381
v -0.01423700 -0.12784687 -0.12418657
v -0.00429840 -0.12711529 -0.12492605
v 0.00687569 -0.12539899 -0.12481073
v 0.01816915 -0.12658925 -0.12367245
v 0.02885544 -0.12828412 -0.12162384
v 0.03830630 -0.13055735 -0.11898580
v 0.04823953 -0.12887059 -0.11531670
v 0.05760051 -0.13068350 -0.11093771
v 0.06681006 -0.12833058 -0.10564757
v 0.07640829 -0.12978371 -0.09892808
v -0.02316207 0.12941322 -0.12283531
v -0.03373732 0.12778881 -0.12036108
v -0.04362391 0.12987572 -0.11714073
v -0.05244561 0.12932664 -0.11346566
v -0.06143575 0.12879757 -0.10886068
v -0.07012935 0.12831225 -0.10347402
v -0.07838960 0.12773427 -0.09736565
v -0.08694330 0.12618354 -0.08981015
v -0.09494568 0.12759688 -0.08130387
v -0.10184920 0.12846239 -0.07246890
v -0.10725520 0.12973842 -0.06419754
v -0.11174818 0.12860262 -0.05601203
v -0.11628243 0.12657332 -0.04586284
v -0.11969421 0.12825637 -0.03603194
v -0.12232455 0.12644205 -0.02572372
v -0.12402999 0.12817359 -0.01554239
v -0.12490174 0.12641022 -0.00495579
v -0.12488507 0.12817032 0.00535954
v -0.12397872 0.12643151 0.01594624
v -0.12224165 0.12820628 0.02611485
v -0.11957968 0.12648717 0.03641027
v -0.11616820 0.12828017 0.04615144
v -0.11181995 0.12659112 0.05586865
v -0.10682474 0.12841601 0.06491134
v -0.10090206 0.12677956 0.07378199
v -0.09445646 0.12868202 0.08187176
v -0.08710541 0.12720568 0.08965297
v -0.07942212 0.12941458 0.09652531
v -0.07183156 0.12906939 0.10229973
v -0.06332102 0.12872768 0.10777503
v -0.05426384 0.12843934 0.11260747
v -0.04480053 0.12817962 0.11669584
v -0.03502549 0.12792455 0.11999259
v -0.02502267 0.12764881 0.12246988
v -0.01487209 0.12730936 0.12411215
v -0.00464191 0.12679497 0.12491380
v 0.00668616 0.12524254 0.12482107
v 0.01804779 0.12652813 0.12369026
v 0.02877234 0.12826838 0.12164356
v 0.03824381 0.13055760 0.11900594
v 0.04819475 0.12888275 0.11533546
v 0.05756620 0.13069008 0.11095555
v 0.06678404 0.12833294 0.10566406
v 0.07639023 0.12977759 0.09894208
v -0.01267460 -0.12752752 0.12435578
v -0.01266641 0.12738686 -0.12435657
v -0.00109647 -0.12905422 0.12499521
v -0.00114580 0.12908737 -0.12499473
v 0.00916179 -0.12981725 0.12466381
v 0.00908161 0.12993214 -0.12466964
v 0.01876745 -0.13055274 0.12358312
v 0.01866634 0.13070871 -0.12359839
v 0.02887985 -0.12887019 0.12161808
v 0.02875448 0.12905956 -0.12164774
v 0.04034817 -0.12744467 0.11830904
v 0.04020738 0.12763719 -0.11835692
v 0.06214768 -0.12868175 0.10845583
v 0.06202603 0.12882226 -0.10852541
v 0.07138907 -0.17809836 0.10260897
v 0.07132550 0.17818696 -0.10265313
v 0.12486525 -0.10723012 -0.00580193
v 0.12486522 0.10722964 0.00580279
v 0.12058735 -0.40888680 0.03291939
v 0.06032645 -0.17887118 0.10947932
v 0.06027875 0.17892616 -0.10950555
v 0.05287361 -0.17979550 0.11326687
v 0.05283143 0.17983858 -0.11328651
v 0.04431579 -0.17899390 0.11688077
v 0.04427651 0.17902827 -0.11689561
v -0.01843222 -0.17761789 0.12363357
v -0.02928505 -0.17765951 0.12152116
v -0.03991029 -0.17744281 0.11845748
v -0.04944209 -0.17719126 0.11480630
v -0.05864750 -0.17699936 0.11038785
v -0.06749215 -0.17689955 0.10521320
v -0.07591483 -0.17703021 0.09930733
v -0.08417671 -0.17814211 0.09240828
v -0.09176828 -0.17632731 0.08487397
v -0.09874374 -0.17461087 0.07664647
v -0.10505734 -0.17614704 0.06773450
v -0.11034489 -0.17656562 0.05872830
v -0.11484044 -0.17663964 0.04936274
v -0.11854086 -0.17663659 0.03966197
v -0.12142668 -0.17662163 0.02967436
v -0.12347509 -0.17660909 0.01946560
v -0.12466775 -0.17660078 0.00910821
v -0.12499302 -0.17659577 -0.00132337
v -0.12444614 -0.17659292 -0.01175431
v -0.12302910 -0.17659147 -0.02210988
v -0.12075049 -0.17659099 -0.03231600
v -0.11762540 -0.17659137 -0.04229974
v -0.11367526 -0.17659268 -0.05198980
v -0.10892761 -0.17659505 -0.06131702
v -0.10341598 -0.17659859 -0.07021494
v -0.09717957 -0.17660331 -0.07862018
v -0.09026312 -0.17660901 -0.08647295
v -0.08271665 -0.17661520 -0.09371742
v -0.07459542 -0.17662100 -0.10030215
v -0.06595979 -0.17662491 -0.10618053
v -0.05687512 -0.17662437 -0.11131136
v -0.04741142 -0.17661511 -0.11565965
v -0.03764216 -0.17659027 -0.11919759
v -0.02764151 -0.17654037 -0.12190547
v -0.01748032 -0.17645628 -0.12377170
v -0.00722604 -0.17633413 -0.12479094
v 0.00304851 -0.17617041 -0.12496280
v 0.01325736 -0.17593096 -0.12429496
v 0.02333197 -0.17545865 -0.12280315
v 0.03356923 -0.17402128 -0.12040806
v 0.04356529 -0.17543308 -0.11716253
v 0.05348223 -0.17571545 -0.11298073
v 0.06276824 -0.17577144 -0.10809783
v 0.07079035 -0.17574769 -0.10302291
v 0.07857212 -0.17590552 -0.09721839
v -0.01854140 0.17758894 -0.12361720
v -0.02942668 0.17765236 -0.12148690
v -0.04006985 0.17748007 -0.11840356
v -0.04959723 0.17727454 -0.11473932
v -0.05877961 0.17711976 -0.11031752
v -0.06759249 0.17704215 -0.10514872
v -0.07598362 0.17718041 -0.09925467
v -0.08421779 0.17828479 -0.09237080
v -0.09179019 0.17647349 -0.08485023
v -0.09875196 0.17475711 -0.07663584
v -0.10505863 0.17627711 -0.06773246
v -0.11034305 0.17668697 -0.05873172
v -0.11483785 0.17675541 -0.04936873
v -0.11853883 0.17674903 -0.03966798
v -0.12142566 0.17673284 -0.02967852
v -0.12347488 0.17672120 -0.01946687
v -0.12466787 0.17671589 -0.00910640
v -0.12499297 0.17671601 0.00132779
v -0.12444556 0.17672054 0.01176044
v -0.12302788 0.17672907 0.02211667
v -0.12074882 0.17674188 0.03232229
v -0.11762384 0.17675982 0.04230414
v -0.11367499 0.17678403 0.05199042
v -0.10893104 0.17681552 0.06131098
v -0.10342763 0.17685446 0.07019782
v -0.09720750 0.17689897 0.07858569
v -0.09032014 0.17694366 0.08641342
v -0.08282000 0.17697853 0.09362614
v -0.07476246 0.17699112 0.10017775
v -0.06620044 0.17697236 0.10603070
v -0.05718616 0.17692052 0.11115192
v -0.04777626 0.17683898 0.11550946
v -0.03803393 0.17673215 0.11907320
v -0.02802779 0.17660384 0.12181728
v -0.01783046 0.17645790 0.12372179
v -0.00751969 0.17629784 0.12477363
v 0.00281751 0.17611869 0.12496826
v 0.01308422 0.17587910 0.12431334
v 0.02320678 0.17541423 0.12282691
v 0.03348212 0.17398659 0.12043235
v 0.04350756 0.17540862 0.11718402
v 0.05344520 0.17569875 0.11299829
v 0.06274414 0.17575966 0.10811186
v 0.07077420 0.17573894 0.10303404
v 0.07856166 0.17589890 0.09722688
v -0.00854541 -0.17707523 0.12470758
v -0.00862823 0.17704477 -0.12470184
v 0.00166028 -0.17936312 0.12498899
v 0.00160068 0.17934425 -0.12498973
v 0.01236111 -0.17867124 0.12438733
v 0.01231361 0.17866785 -0.12439200
v 0.03426468 -0.17716443 0.12021204
v 0.03422507 0.17719096 -0.12022328
v 0.02307685 -0.17971546 0.12285138
v 0.02303673 0.17972637 -0.12285887
v 0.08669935 -0.31342964 0.09004567
v 0.08672625 0.31336748 -0.09001971
v 0.08779020 -0.02350917 0.08898247
v 0.08721366 0.02341102 -0.08954758
v 0.09966514 -0.31336103 0.07544440
v 0.09970834 0.31325507 -0.07538727
v 0.11056888 -0.33812754 -0.05830536
v 0.11056888 0.33812753 0.05830541
v 0.12168555 0.47679818 -0.02859408
v 0.10794078 0.09763331 0.06303797
v 0.10794839 -0.09765548 -0.06302490
v 0.08366124 -0.37125966 0.09287517
v 0.08380168 0.37115341 -0.09274843
v 0.08185026 -0.33569772 0.09447505
v 0.08191788 0.33561745 -0.09441638
v 0.07714487 -0.02341466 0.09835481
v 0.07628136 0.02412426 -0.09902599
v 0.07721570 0.02836463 0.09829922
v 0.07687037 -0.02880696 -0.09856947
v 0.06657499 -0.02548383 0.10579590
v 0.06613972 0.02636195 -0.10606852
v 0.07095142 0.02250638 0.10291209
v 0.07037986 -0.02326198 -0.10330376
v 0.05891178 0.02374154 0.11024701
v 0.05942810 -0.02654097 -0.10996951
v 0.04680375 -0.02044451 0.11590691
v 0.04605686 0.01902063 -0.11620567
v 0.03894439 -0.02188844 0.11877852
v 0.03693509 0.01853101 -0.11941856
v 0.03968909 -0.02352680 -0.11853172
v 0.03146096 -0.02427919 0.12097608
v 0.02779762 0.02115044 -0.12186996
v 0.02899554 0.01816177 0.12159055
v 0.01702181 -0.02021699 0.12383563
v 0.01849833 0.02330055 -0.12362365
v 0.00879269 -0.02172551 0.12469039
v 0.00668105 0.02428761 0.12482135
v -0.00276869 -0.01771221 0.12496936
v 0.00849850 0.02504827 -0.12471074
v -0.00089278 0.02094984 0.12499683
v -0.01447161 -0.01665469 0.12415949
v -0.01378119 0.02220937 0.12423802
v -0.02252125 -0.01952972 0.12295446
v -0.02213107 0.01995152 0.12302529
v -0.03542980 -0.01901730 0.11987383
v -0.03489982 0.02189201 0.12002920
v -0.04368065 -0.02231403 0.11711963
v -0.04318867 0.01992847 0.11730194
v -0.05203699 -0.02146980 0.11365368
v -0.05568158 0.02278667 0.11191322
v -0.06422619 -0.01979312 0.10723807
v -0.06410263 0.02152746 0.10731198
v -0.07174799 0.02015688 0.10235836
v -0.07842390 0.01820986 0.09733807
v -0.08858286 0.02143057 0.08819345
v -0.09365339 0.01794771 0.08278919
v -0.10146358 0.01774692 0.07300788
v -0.10636306 0.02182417 0.06566512
v -0.11087739 0.01881298 0.05771666
v -0.11638214 0.01865025 0.04560927
v -0.11934993 0.02265380 0.03715643
v -0.12178248 0.01997243 0.02817863
v -0.12415901 0.02229029 0.01447576
v -0.12489737 -0.02061750 0.00506481
v -0.12489448 0.02057060 0.00513558
v -0.12495353 0.01874113 -0.00340894
v -0.12382264 0.02290069 -0.01711601
v -0.12250847 0.01999737 -0.02483302
v -0.11914639 0.02202669 -0.03780399
v -0.11618844 -0.02022354 -0.04610042
v -0.11605894 0.02019090 -0.04642550
v -0.11271702 0.01824192 -0.05403588
v -0.10627141 0.02189724 -0.06581330
v -0.10221438 0.01847196 -0.07195292
v -0.09460441 0.01816883 -0.08170072
v -0.08871746 0.02227030 -0.08805800
v -0.07987756 -0.02226110 -0.09614872
v -0.08195978 0.01959437 -0.09438005
v -0.06973373 -0.02019226 -0.10374105
v -0.07097483 0.02151463 -0.10289593
v -0.06245873 -0.02308310 -0.10827699
v -0.06339283 0.01940109 -0.10773276
v -0.05463560 -0.02211246 -0.11242753
v -0.05111731 0.02195967 -0.11407023
v -0.04211888 -0.02042901 -0.11769026
v -0.04241021 0.02018536 -0.11758559
v -0.03438902 0.01814402 -0.12017650
v -0.02123505 0.02186701 -0.12318307
v -0.01365598 0.01881791 -0.12425180
v -0.00044988 0.01953473 -0.12499917
v 0.00817624 -0.02117735 -0.12473229
v 0.08943042 -0.17406543 -0.08733380
v 0.08942484 0.17406075 0.08733956
v 0.08582461 -0.35917446 -0.09087975
v 0.08582459 0.35917445 0.09087981
v 0.07898769 -0.35648824 -0.09688105
v 0.07898766 0.35648823 0.09688111
v -0.02557172 -0.36053204 0.12235642
v -0.03449608 -0.36031592 0.12014586
v -0.04215874 -0.35818159 0.11767603
v -0.05594307 -0.36038606 0.11178274
v -0.06380564 -0.35881592 0.10748883
v -0.07221564 -0.36030486 0.10202896
v -0.08026083 -0.35867625 0.09582905
v -0.08794134 -0.36024335 0.08883315
v -0.09496098 -0.35862165 0.08128604
v -0.10143203 -0.36021389 0.07305170
v -0.10713216 -0.35859959 0.06440269
v -0.11216236 -0.36020446 0.05517800
v -0.11635424 -0.35859722 0.04568039
v -0.11978400 -0.36020833 0.03573234
v -0.12233814 -0.35860507 0.02565905
v -0.12406363 -0.36021742 0.01527159
v -0.12490360 -0.35861488 0.00490884
v -0.12487343 -0.36022592 -0.00562427
v -0.12397383 -0.35862249 -0.01598417
v -0.12218761 -0.36023174 -0.02636651
v -0.11957292 -0.35862718 -0.03643241
v -0.11608016 -0.36023504 -0.04637240
v -0.11182332 -0.35862964 -0.05586186
v -0.10672166 -0.36023666 -0.06508063
v -0.10094183 -0.35863073 -0.07372753
v -0.09437420 -0.36023723 -0.08196652
v -0.08723348 -0.35863083 -0.08952833
v -0.07938433 -0.36023664 -0.09655634
v -0.07108379 -0.35862913 -0.10282069
v -0.06217500 -0.36023285 -0.10844016
v -0.05295098 -0.35862167 -0.11323070
v -0.04323848 -0.36021863 -0.11728355
v -0.03336052 -0.35859651 -0.12046606
v -0.02313301 -0.36017450 -0.12284079
v -0.01290470 -0.35852513 -0.12433207
v -0.00248514 -0.36005820 -0.12497527
v 0.00775265 -0.35835394 -0.12475933
v 0.01800369 -0.35980018 -0.12369665
v 0.02787110 -0.35801844 -0.12185317
v 0.03755178 -0.35934748 -0.11922608
v 0.04662256 -0.35756494 -0.11597987
v 0.05519459 -0.35895197 -0.11215414
v 0.06317624 -0.35840472 -0.10785989
v 0.07177857 -0.36034552 -0.10233684
v -0.02557143 0.36053177 -0.12235644
v -0.03449595 0.36031576 -0.12014585
v -0.04215869 0.35818148 -0.11767600
v -0.05594309 0.36038602 -0.11178269
v -0.06380568 0.35881590 -0.10748876
v -0.07221568 0.36030484 -0.10202889
v -0.08026087 0.35867625 -0.09582897
v -0.08794138 0.36024335 -0.08883307
v -0.09496101 0.35862165 -0.08128596
v -0.10143205 0.36021390 -0.07305163
v -0.10713218 0.35859959 -0.06440262
v -0.11216238 0.36020446 -0.05517793
v -0.11635425 0.35859722 -0.04568033
v -0.11978400 0.36020833 -0.03573229
v -0.12233814 0.35860508 -0.02565899
v -0.12406363 0.36021743 -0.01527154
v -0.12490360 0.35861489 -0.00490879
v -0.12487343 0.36022593 0.00562432
v -0.12397383 0.35862250 0.01598421
v -0.12218761 0.36023174 0.02636655
v -0.11957292 0.35862719 0.03643245
v -0.11608016 0.36023505 0.04637244
v -0.11182333 0.35862965 0.05586189
v -0.10672167 0.36023668 0.06508066
v -0.10094185 0.35863076 0.07372754
v -0.09437423 0.36023726 0.08196653
v -0.08723352 0.35863087 0.08952832
v -0.07938440 0.36023668 0.09655633
v -0.07108388 0.35862918 0.10282067
v -0.06217511 0.36023290 0.10844014
v -0.05295111 0.35862172 0.11323068
v -0.04323863 0.36021867 0.11728354
v -0.03336070 0.35859656 0.12046605
v -0.02313319 0.36017453 0.12284080
v -0.01290489 0.35852516 0.12433209
v -0.00248531 0.36005822 0.12497531
v 0.00775248 0.35835395 0.12475938
v 0.01800354 0.35980018 0.12369671
v 0.02787097 0.35801844 0.12185324
v 0.03755168 0.35934747 0.11922615
v 0.04662247 0.35756493 0.11597995
v 0.05519452 0.35895196 0.11215421
v 0.06317619 0.35840471 0.10785996
v 0.07177854 0.36034552 0.10233691
v -0.01112484 -0.35804432 0.12450399
v -0.01112406 0.35804368 -0.12450402
v -0.00294480 -0.35998494 0.12496533
v -0.00294338 0.35998385 -0.12496532
v 0.00657560 -0.35876914 0.12482695
v 0.00657817 0.35876720 -0.12482677
v 0.01583183 -0.36033890 0.12399338
v 0.01583647 0.36033554 -0.12399274
v 0.02820770 -0.35702143 0.12177573
v 0.02821653 0.35701493 -0.12177364
v 0.03714346 -0.35872482 0.11935396
v 0.03715846 0.35871410 -0.11934924
v 0.04605082 -0.36032042 0.11620811
v 0.04607514 0.36030335 -0.11619843
v 0.08822010 -0.18021546 0.08855627
v 0.08811499 0.18043445 -0.08866082
v 0.05555893 -0.36372008 0.11197414
v 0.05559911 0.36369280 -0.11195415
v 0.09459162 0.03423333 0.08171552
v 0.09466300 -0.03446362 -0.08163276
v 0.10988088 -0.16577587 0.05959186
v 0.10983734 0.16646819 -0.05967203
v 0.09265454 -0.35661531 -0.08390547
v 0.09265453 0.35661531 0.08390552
v 0.12477903 -0.08806780 -0.00742881
v 0.12477893 0.08806647 0.00743047
v 0.11229006 0.33863688 -0.05491753
v 0.11200784 -0.33892242 0.05549092
v 0.09448595 -0.35584158 0.08183767
v 0.09465477 0.35563663 -0.08164231
v 0.10542511 0.10315705 0.06716058
v 0.10543286 -0.10317817 -0.06714837
v 0.12011483 -0.47878233 -0.03460376
v 0.12011483 0.47878233 0.03460380
v 0.07804144 -0.36621389 0.09764494
v 0.07814611 0.36613353 -0.09756115
v 0.09796080 -0.27275178 -0.07764453
v 0.09796056 0.27275160 0.07764488
v 0.10782953 -0.06898019 0.06322809
v 0.10769494 0.06909103 -0.06345702
v 0.10404733 -0.11016499 0.06927590
v 0.10391109 0.11030893 -0.06948005
v 0.09926672 -0.43313274 0.07596787
v 0.09974540 0.43316477 -0.07533822
v 0.10993717 -0.37834693 -0.05948792
v 0.10993717 0.37834693 0.05948796
v 0.10881475 -0.41655694 -0.06151701
v 0.10881475 0.41655694 0.06151705
v 0.11016312 0.14467271 0.05906847
v 0.11016567 -0.14467698 -0.05906368
v 0.09935542 0.39346748 -0.07585178
v 0.09899093 -0.39361442 0.07632690
v 0.12195993 0.42430566 -0.02740016
v 0.10104761 -0.35810387 0.07358246
v 0.10126130 0.35779045 -0.07328807
v 0.09698559 -0.01136929 0.07885933
v 0.09676976 0.01103528 -0.07912399
v 0.09095864 -0.36622232 -0.08574100
v 0.09095863 0.36622232 0.08574105
v 0.08790498 -0.26607589 0.08886908
v 0.08781407 0.26608904 -0.08895888
v 0.08263295 0.02288583 0.09379124
v 0.08245324 -0.02261459 -0.09394922
v 0.09787126 -0.13712564 -0.07775738
v 0.09786513 0.13711679 0.07776513
v 0.08219136 -0.01942479 0.09417845
v 0.08124796 0.01953292 -0.09499348
v 0.07060781 -0.01784672 0.10314814
v 0.07000855 0.02004117 -0.10355576
v 0.06238669 -0.01809047 0.10831852
v 0.06237860 0.01850774 -0.10832314
v 0.06493047 0.02060274 0.10681309
v 0.06409769 -0.02180140 -0.10731486
v 0.05511638 -0.02277764 0.11219263
v 0.05472707 0.02249302 -0.11238301
v 0.05047603 0.02347664 0.11435547
v 0.05250544 -0.02431894 -0.11343796
v 0.04182824 0.02104039 0.11779389
v 0.04624729 -0.02076187 -0.11613002
v 0.03559881 0.01673396 0.11982374
v 0.03095381 -0.02362951 -0.12110679
v 0.02576652 -0.01767423 0.12231553
v 0.02230125 0.01536265 0.12299455
v 0.02197232 -0.02222169 -0.12305369
v 0.01468370 0.01874022 0.12413458
v 0.00394826 -0.01660423 0.12493765
v -0.00851691 -0.01502109 0.12470953
v -0.00723660 0.01911694 0.12479037
v -0.02908705 -0.01703685 0.12156870
v -0.02849009 0.01848380 0.12170999
v -0.05810054 -0.01748784 0.11067671
v -0.04949595 0.01875863 0.11478309
v -0.06997175 -0.01759089 0.10358070
v -0.07549563 -0.02086128 0.09962639
v -0.08265644 -0.02247930 0.09377058
v -0.08409995 0.01516924 0.09247814
v -0.08959934 -0.02266674 0.08716058
v -0.10281325 -0.02259076 0.07109461
v -0.09649297 -0.02124936 0.07946140
v -0.09753785 0.01574500 0.07817529
v -0.10823711 -0.02277191 0.06252788
v -0.11729254 -0.02297682 0.04321420
v -0.11316091 -0.02141288 0.05310005
v -0.11374669 0.01662951 0.05183336
v -0.12050122 -0.02361109 0.03323345
v -0.12433934 -0.01856809 0.01283493
v -0.12310867 -0.02346813 0.02166245
v -0.12316174 0.01847262 0.02135864
v -0.12498303 -0.01823751 -0.00206093
v -0.12466455 -0.02145147 -0.00915182
v -0.12450094 0.01608985 -0.01115887
v -0.12354755 -0.02276254 -0.01900019
v -0.11879506 -0.01816974 -0.03889392
v -0.12124446 -0.02293231 -0.03041028
v -0.12103007 0.01839622 -0.03125262
v -0.11343086 -0.01784003 -0.05252089
v -0.11035094 -0.02089918 -0.05871689
v -0.10928804 0.01548465 -0.06067228
v -0.10557971 -0.02180012 -0.06691732
v -0.09324578 -0.02239703 -0.08324798
v -0.09974323 -0.02076750 -0.07534115
v -0.09865628 0.01621552 -0.07675897
v -0.08657033 -0.02289533 -0.09016972
v -0.07501481 -0.01883581 -0.09998888
v -0.07660863 0.01797578 -0.09877306
v -0.04861441 -0.01813030 -0.11515918
v -0.05735302 0.01809548 -0.11106588
v -0.03571364 -0.01829230 -0.11978953
v -0.02913527 -0.02163568 -0.12155711
v -0.02705256 0.01531267 -0.12203751
v -0.01965818 -0.02312951 -0.12344453
v 0.00051582 -0.01895165 -0.12499891
v -0.00827162 -0.02350258 -0.12472600
v -0.00729078 0.01688683 -0.12478718
v 0.01521187 -0.01897153 -0.12407092
v 0.12389146 0.27149767 -0.01661025
v -0.01726795 -0.36331999 0.12380155
v -0.02999492 -0.36597216 0.12134789
v -0.04100669 -0.36534793 0.11808242
v -0.04800577 -0.36347853 0.11541427
v -0.06117471 -0.36641131 0.10900763
v -0.06683201 -0.36654476 0.10563375
v -0.07786382 -0.36661855 0.09778667
v -0.08311211 -0.36663671 0.09336694
v -0.09289939 -0.36663182 0.08363439
v -0.09739052 -0.36663901 0.07835875
v -0.10548168 -0.36662713 0.06707177
v -0.10904892 -0.36663494 0.06110108
v -0.11516830 -0.36662655 0.04859289
v -0.11769692 -0.36663667 0.04210038
v -0.12165331 -0.36663172 0.02873114
v -0.12306618 -0.36664305 0.02190255
v -0.12474036 -0.36663885 0.00805292
v -0.12499534 -0.36665010 0.00108179
v -0.12433707 -0.36664484 -0.01285683
v -0.12342605 -0.36665547 -0.01977407
v -0.12045251 -0.36664875 -0.03340955
v -0.11840064 -0.36665876 -0.04007858
v -0.11319462 -0.36665089 -0.05302811
v -0.11005924 -0.36666048 -0.05926184
v -0.10276644 -0.36665188 -0.07116222
v -0.09863536 -0.36666120 -0.07678585
v -0.08946018 -0.36665204 -0.08730336
v -0.08444935 -0.36666098 -0.09215914
v -0.07364969 -0.36665070 -0.10099863
v -0.06790042 -0.36665854 -0.10495014
v -0.05578216 -0.36664445 -0.11186308
v -0.04945869 -0.36664856 -0.11479911
v -0.03637151 -0.36662219 -0.11959143
v -0.02965971 -0.36661532 -0.12143022
v -0.01599619 -0.36655498 -0.12397225
v -0.00910419 -0.36652034 -0.12466799
v 0.00469616 -0.36638025 -0.12491173
v 0.01153473 -0.36628649 -0.12446664
v 0.02497603 -0.36599336 -0.12247935
v 0.03149731 -0.36580082 -0.12096658
v 0.04402105 -0.36529995 -0.11699205
v 0.04992990 -0.36500318 -0.11459493
v 0.05986066 -0.36429745 -0.10973465
v -0.01726736 0.36331952 -0.12380159
v -0.02999468 0.36597194 -0.12134791
v -0.04100660 0.36534782 -0.11808241
v -0.04800574 0.36347846 -0.11541424
v -0.06117472 0.36641128 -0.10900758
v -0.06683203 0.36654474 -0.10563370
v -0.07786385 0.36661854 -0.09778661
v -0.08311213 0.36663671 -0.09336688
v -0.09289941 0.36663182 -0.08363433
v -0.09739054 0.36663902 -0.07835869
v -0.10548169 0.36662713 -0.06707171
v -0.10904893 0.36663495 -0.06110102
v -0.11516831 0.36662656 -0.04859284
v -0.11769692 0.36663667 -0.04210033
v -0.12165331 0.36663173 -0.02873109
v -0.12306618 0.36664305 -0.02190250
v -0.12474036 0.36663885 -0.00805288
v -0.12499534 0.36665010 -0.00108175
v -0.12433707 0.36664484 0.01285687
v -0.12342605 0.36665547 0.01977411
v -0.12045251 0.36664875 0.03340959
v -0.11840064 0.36665877 0.04007862
v -0.11319462 0.36665090 0.05302815
v -0.11005925 0.36666049 0.05926187
v -0.10276645 0.36665190 0.07116225
v -0.09863538 0.36666121 0.07678587
v -0.08946021 0.36665206 0.08730337
v -0.08444938 0.36666101 0.09215915
v -0.07364974 0.36665073 0.10099863
v -0.06790048 0.36665858 0.10495014
v -0.05578224 0.36664448 0.11186308
v -0.04945879 0.36664860 0.11479911
v -0.03637162 0.36662222 0.11959144
v -0.02965983 0.36661534 0.12143023
v -0.01599630 0.36655500 0.12397227
v -0.00910432 0.36652036 0.12466803
v 0.00469604 0.36638026 0.12491178
v 0.01153462 0.36628650 0.12446669
v 0.02497594 0.36599336 0.12247941
v 0.03149722 0.36580082 0.12096664
v 0.04402099 0.36529994 0.11699212
v 0.04992984 0.36500318 0.11459500
v 0.05986062 0.36429744 0.10973472
v -0.00990126 -0.36525682 0.12460727
v -0.00990025 0.36525606 -0.12460730
v 0.00301155 -0.36620401 0.12496374
v 0.00301385 0.36620239 -0.12496364
v 0.00941208 -0.36638326 0.12464517
v 0.00941559 0.36638083 -0.12464486
v 0.02325522 -0.36521773 0.12281775
v 0.02326292 0.36521251 -0.12281625
v 0.03166128 -0.36734244 0.12092381
v 0.03167415 0.36733410 -0.12092039
v 0.04055856 -0.36923530 0.11823708
v 0.04057962 0.36922214 -0.11822981
v 0.04827019 -0.37007998 0.11530391
v 0.04830139 0.37006075 -0.11529080
v 0.12324106 0.47862541 -0.02089578
v 0.08621748 -0.13142928 -0.09050712
v 0.08620580 0.13141870 0.09051829
v 0.12086046 -0.43343768 0.03190211
v 0.06590243 -0.17664137 0.10621615
v 0.06584717 0.17671176 -0.10625038
v 0.08423789 -0.17220027 -0.09235242
v 0.08423004 0.17219454 0.09235963
v 0.10265403 -0.08035652 0.07132424
v 0.10250017 0.08047658 -0.07154514
v 0.09632198 -0.27136606 0.07966853
v 0.09620877 0.27136736 -0.07980517
v 0.11136006 0.10407521 0.05677970
v 0.11136552 -0.10408987 -0.05676896
v 0.03870653 -0.32770962 0.11885625
v 0.03871501 0.32770092 -0.11885344
v 0.05096148 -0.32892522 0.11413996
v 0.05097765 0.32890848 -0.11413269
v 0.08599292 -0.32622688 -0.09072050
v 0.08599285 0.32622685 0.09072062
v 0.05888162 -0.32899203 0.11026312
v 0.05890456 0.32896737 -0.11025083
v 0.09365353 -0.18355362 0.08278898
v 0.09352315 0.18387388 -0.08293620
v 0.11166753 -0.13011064 0.05617260
v 0.11158225 0.13029314 -0.05634176
v 0.07485617 -0.12837128 0.10010771
v 0.07474725 0.12849435 -0.10018903
v 0.10390487 0.34194984 -0.06948935
v 0.10372252 -0.34220750 0.06976129
v 0.08331683 -0.17682791 0.09318426
v 0.08322832 0.17699072 -0.09326328
v 0.12145003 -0.43661733 -0.02957843
v 0.12145003 0.43661733 0.02957847
v 0.05976321 -0.29129394 0.10978780
v 0.05975702 0.29128487 -0.10979113
v 0.08008094 -0.28425750 -0.09597935
v 0.08008034 0.28425722 0.09597989
v 0.04734131 -0.29219451 0.11568839
v 0.04733864 0.29218880 -0.11568944
v 0.03378130 -0.29317772 0.12034877
v 0.03378005 0.29317420 -0.12034908
v 0.02452193 -0.29157492 0.12257112
v 0.02452060 0.29157242 -0.12257134
v 0.01474447 -0.29055026 0.12412737
v 0.01474307 0.29054840 -0.12412750
v 0.00474331 -0.28980239 0.12490999
v 0.00474173 0.28980090 -0.12491001
v -0.00538158 -0.28919498 0.12488412
v -0.00538341 0.28919372 -0.12488400
v -0.01556781 -0.28865962 0.12402681
v -0.02575418 -0.28816501 0.12231815
v -0.03586113 -0.28776479 0.11974551
v -0.04577992 -0.28751849 0.11631511
v -0.05539677 -0.28741703 0.11205448
v -0.06460683 -0.28744257 0.10700918
v -0.07332601 -0.28749720 0.10123391
v -0.08150833 -0.28748698 0.09477025
v -0.08912377 -0.28740690 0.08764680
v -0.09613922 -0.28727589 0.07988904
v -0.10250794 -0.28720288 0.07153412
v -0.10815920 -0.28728331 0.06266255
v -0.11303220 -0.28743093 0.05337348
v -0.11709926 -0.28754844 0.04373523
v -0.12034345 -0.28763215 0.03380033
v -0.12274612 -0.28769176 0.02363041
v -0.12429114 -0.28773465 0.01329357
v -0.12496728 -0.28776553 0.00286108
v -0.12476912 -0.28778759 -0.00759422
v -0.12369738 -0.28780313 -0.01799894
v -0.12175901 -0.28781391 -0.02827980
v -0.11896715 -0.28782125 -0.03836431
v -0.11534108 -0.28782617 -0.04818130
v -0.11090605 -0.28782938 -0.05766153
v -0.10569307 -0.28783141 -0.06673813
v -0.09973871 -0.28783259 -0.07534714
v -0.09308484 -0.28783310 -0.08342789
v -0.08577837 -0.28783293 -0.09092344
v -0.07787098 -0.28783193 -0.09778093
v -0.06941890 -0.28782971 -0.10395199
v -0.06048269 -0.28782567 -0.10939306
v -0.05112708 -0.28781894 -0.11406586
v -0.04142075 -0.28780840 -0.11793778
v -0.03143617 -0.28779276 -0.12098249
v -0.02124930 -0.28777073 -0.12318061
v -0.01093903 -0.28774126 -0.12452041
v -0.00058652 -0.28770385 -0.12499860
v 0.00972590 -0.28765871 -0.12462103
v 0.01991594 -0.28760641 -0.12340320
v 0.02990262 -0.28754599 -0.12137062
v 0.03960738 -0.28747017 -0.11855905
v 0.04895419 -0.28735538 -0.11501513
v 0.05786493 -0.28714418 -0.11080001
v 0.06622980 -0.28672030 -0.10601229
v 0.07378004 -0.28589282 -0.10090341
v -0.01556990 0.28865852 -0.12402650
v -0.02575653 0.28816407 -0.12231761
v -0.03586370 0.28776403 -0.11974469
v -0.04578258 0.28751795 -0.11631403
v -0.05539937 0.28741676 -0.11205315
v -0.06460923 0.28744255 -0.10700769
v -0.07332811 0.28749741 -0.10123234
v -0.08151008 0.28748738 -0.09476870
v -0.08912516 0.28740743 -0.08764535
v -0.09614026 0.28727650 -0.07988774
v -0.10250867 0.28720352 -0.07153304
v -0.10815968 0.28728393 -0.06266167
v -0.11303250 0.28743152 -0.05337281
v -0.11709943 0.28754900 -0.04373473
v -0.12034353 0.28763267 -0.03379997
v -0.12274616 0.28769225 -0.02363016
v -0.12429115 0.28773513 -0.01329339
v -0.12496728 0.28776602 -0.00286097
v -0.12476912 0.28778811 0.00759427
v -0.12369739 0.28780373 0.01799893
v -0.12175905 0.28781463 0.02827969
v -0.11896725 0.28782215 0.03836406
v -0.11534129 0.28782729 0.04818086
v -0.11090644 0.28783081 0.05766082
v -0.10569376 0.28783320 0.06673707
v -0.09973985 0.28783477 0.07534567
v -0.09308661 0.28783566 0.08342596
v -0.08578093 0.28783583 0.09092106
v -0.07787449 0.28783506 0.09777818
v -0.06942344 0.28783292 0.10394899
v -0.06048827 0.28782879 0.10939002
v -0.05113359 0.28782179 0.11406298
v -0.04142798 0.28781083 0.11793527
v -0.03144383 0.28779467 0.12098054
v -0.02125703 0.28777207 0.12317932
v -0.01094649 0.28774205 0.12451980
v -0.00059340 0.28770415 0.12499861
v 0.00971982 0.28765864 0.12462155
v 0.01991078 0.28760608 0.12340407
v 0.02989842 0.28754550 0.12137169
v 0.03960409 0.28746962 0.11856019
v 0.04895171 0.28735484 0.11501623
v 0.05786312 0.28714370 0.11080100
v 0.06622853 0.28671988 0.10601313
v 0.07377916 0.28589247 0.10090410
v 0.10563415 -0.15262938 0.06683132
v 0.10557674 0.15299800 -0.06692193
v 0.12330607 0.28805453 -0.02050872
v 0.11152997 -0.06496496 0.05644523
v 0.11141059 0.06508675 -0.05668045
v 0.10249166 -0.34945771 0.07155738
v 0.10268751 0.34917111 -0.07127600
v 0.11223637 -0.41916529 -0.05502717
v 0.11223637 0.41916529 0.05502721
v 0.11082817 -0.36908328 0.05781101
v 0.11104637 0.36830715 -0.05739073
v 0.09232318 0.01695490 0.08426998
v 0.09256133 -0.01745623 -0.08400829
v 0.10664481 -0.38524385 0.06520646
v 0.10707625 0.38461655 -0.06449550
v 0.10503905 0.11688540 0.06776279
v 0.10504521 -0.11689914 -0.06775320
v 0.10020753 -0.23334247 -0.07472244
v 0.10020678 0.23334180 0.07472349
v 0.10535119 -0.16572129 -0.06727644
v 0.10534886 0.16571828 0.06728013
v 0.09411807 -0.14531435 -0.08226045
v 0.09411145 0.14530677 0.08226806
v 0.08376555 -0.42196476 0.09278110
v 0.08398888 0.42195313 -0.09257895
v 0.12232258 0.30704031 -0.02573284
v 0.11329827 0.13898876 0.05280624
v 0.11330047 -0.13899275 -0.05280149
v 0.10211993 -0.26685510 -0.07208684
v 0.10211972 0.26685493 0.07208718
v 0.10450898 -0.19020458 -0.06857743
v 0.10450753 0.19020296 0.06857969
v 0.09272663 -0.06547503 0.08382584
v 0.09251119 0.06560078 -0.08406349
v 0.12296093 -0.38710859 -0.02248564
v 0.12296093 0.38710859 0.02248568
v 0.12128882 -0.38761519 0.03023273
v 0.06210553 -0.14049788 0.10847997
v 0.06201476 0.14060798 -0.10853185
v 0.10715985 -0.37233103 -0.06435650
v 0.10715985 0.37233103 0.06435655
v 0.10842035 -0.10813395 0.06220954
v 0.10826964 0.10828977 -0.06247142
v 0.08250372 -0.28409467 0.09390493
v 0.08246653 0.28408040 -0.09393755
v 0.05559717 -0.13625764 0.11195515
v 0.05549212 0.13638604 -0.11200722
v 0.04643530 -0.13413953 0.11605501
v 0.04631871 0.13428913 -0.11610155
v 0.03502788 -0.13627026 0.11999188
v 0.03492017 0.13641701 -0.12002323
v 0.02382981 -0.13577131 0.12270756
v 0.02373169 0.13590773 -0.12272653
v 0.01385904 -0.13554304 0.12422935
v 0.01377434 0.13564773 -0.12423873
v 0.00366944 -0.13503515 0.12494615
v 0.00359999 0.13508009 -0.12494813
v -0.00693988 -0.13453046 0.12480723
v -0.00699766 0.13446799 -0.12480396
v -0.01798368 -0.13499685 0.12369961
v -0.02796070 -0.13517370 0.12183270
v -0.03780175 -0.13476246 0.11914711
v -0.04749480 -0.13423979 0.11562548
v -0.05689301 -0.13377997 0.11130226
v -0.06591978 -0.13337916 0.10620541
v -0.07453805 -0.13298557 0.10034484
v -0.08283699 -0.13256778 0.09361112
v -0.09098272 -0.13313772 0.08571553
v -0.09840657 -0.13518666 0.07707889
v -0.10475392 -0.13446543 0.06820282
v -0.10973725 -0.13397338 0.05985602
v -0.11422947 -0.13313602 0.05076058
v -0.11819397 -0.13310910 0.04068407
v -0.12111460 -0.13285250 0.03092347
v -0.12331980 -0.13297397 0.02042629
v -0.12457113 -0.13276760 0.01034595
v -0.12499947 -0.13291421 -0.00037176
v -0.12455577 -0.13272250 -0.01052922
v -0.12319234 -0.13288023 -0.02118144
v -0.12106047 -0.13269655 -0.03113464
v -0.11793756 -0.13286227 -0.04142142
v -0.11417264 -0.13268666 -0.05088823
v -0.10937470 -0.13286277 -0.06051593
v -0.10408167 -0.13269807 -0.06922433
v -0.09774553 -0.13288573 -0.07791542
v -0.09107675 -0.13273086 -0.08561557
v -0.08338481 -0.13292677 -0.09312343
v -0.07553141 -0.13277913 -0.09959922
v -0.06670345 -0.13298384 -0.10571494
v -0.05789106 -0.13285106 -0.11078638
v -0.04818596 -0.13308646 -0.11533911
v -0.03868560 -0.13301155 -0.11886304
v -0.02844859 -0.13336148 -0.12171965
v -0.01881088 -0.13341611 -0.12357648
v -0.00891419 -0.13298761 -0.12468172
v 0.00145675 -0.13242795 -0.12499149
v 0.01249781 -0.13272817 -0.12437363
v 0.02312865 -0.13391241 -0.12284160
v 0.03350566 -0.13637162 -0.12042576
v 0.04317368 -0.13557080 -0.11730740
v 0.05311954 -0.13691834 -0.11315170
v 0.06221138 -0.13548044 -0.10841926
v 0.07127808 -0.13591217 -0.10268606
v -0.01807583 0.13474467 -0.12368614
v -0.02831959 0.13470680 -0.12174973
v -0.03878748 0.13496844 -0.11882983
v -0.04812986 0.13491132 -0.11536253
v -0.05722037 0.13448362 -0.11113428
v -0.06608737 0.13404669 -0.10610117
v -0.07461490 0.13361618 -0.10028766
v -0.08285561 0.13316755 -0.09359459
v -0.09096409 0.13369018 -0.08573527
v -0.09837059 0.13567201 -0.07712476
v -0.10470941 0.13492149 -0.06827109
v -0.10969422 0.13440614 -0.05993480
v -0.11419402 0.13355396 -0.05084022
v -0.11817221 0.13350554 -0.04074717
v -0.12110441 0.13324243 -0.03096331
v -0.12331804 0.13336553 -0.02043686
v -0.12457239 0.13317432 -0.01033083
v -0.12499935 0.13334087 0.00040890
v -0.12455126 0.13317714 0.01058247
v -0.12318125 0.13336407 0.02124586
v -0.12104172 0.13321752 0.03120750
v -0.11791011 0.13342372 0.04149956
v -0.11413539 0.13330038 0.05097176
v -0.10932578 0.13353797 0.06060431
v -0.10401756 0.13345562 0.06932066
v -0.09766240 0.13375671 0.07801964
v -0.09097585 0.13377116 0.08572283
v -0.08330150 0.13424098 0.09319800
v -0.07566431 0.13445220 0.09949834
v -0.06745184 0.13425537 0.10523905
v -0.05864301 0.13400855 0.11039024
v -0.04936968 0.13376764 0.11483746
v -0.03973422 0.13352969 0.11851666
v -0.02982159 0.13328014 0.12139061
v -0.01970439 0.13299735 0.12343720
v -0.00942236 0.13264802 0.12464439
v 0.00115610 0.13221254 0.12499467
v 0.01231252 0.13261406 0.12439215
v 0.02300754 0.13385914 0.12286438
v 0.03342258 0.13634954 0.12044889
v 0.04311642 0.13556697 0.11732850
v 0.05307882 0.13691827 0.11317085
v 0.06218168 0.13548078 0.10843634
v 0.07125684 0.13590835 0.10270085
v 0.08009600 -0.13945523 -0.09596678
v 0.08008175 0.13944771 0.09597872
v 0.10658279 -0.35324803 -0.06530775
v 0.10658278 0.35324803 0.06530780
v 0.09924491 -0.13038013 0.07599636
v 0.09914748 0.13054797 -0.07612338
v 0.10969164 -0.20094626 -0.05993943
v 0.10969093 0.20094540 0.05994078
v 0.09991423 0.05642359 0.07511421
v 0.09993740 -0.05653579 -0.07508335
v 0.10711799 -0.33205546 -0.06442615
v 0.10711798 0.33205545 0.06442621
v 0.09553664 -0.09694047 0.08060862
v 0.09538606 0.09706895 -0.08078670
v 0.11384619 -0.39152170 -0.05161433
v 0.11384619 0.39152170 0.05161437
v 0.06689979 -0.26890041 0.10559081
v 0.06686777 0.26890281 -0.10561105
v 0.08221467 -0.42319618 -0.09415806
v 0.08221467 0.42319618 0.09415810
v -0.01990962 -0.42494345 0.12340427
v -0.03047537 -0.42522633 0.12122812
v -0.04057675 -0.42559524 0.11823085
v -0.05041195 -0.42582028 0.11438375
v -0.05987346 -0.42597200 0.10972774
v -0.06888638 -0.42608548 0.10430568
v -0.07739271 -0.42617060 0.09815995
v -0.08534108 -0.42623156 0.09133405
v -0.09268309 -0.42627284 0.08387402
v -0.09937234 -0.42629933 0.07582972
v -0.10536472 -0.42631551 0.06725535
v -0.11061945 -0.42632497 0.05820949
v -0.11509990 -0.42633029 0.04875469
v -0.11877445 -0.42633320 0.03895687
v -0.12161693 -0.42633475 0.02888473
v -0.12360708 -0.42633560 0.01860906
v -0.12473064 -0.42633608 0.00820212
v -0.12497954 -0.42633637 -0.00226289
v -0.12435192 -0.42633657 -0.01271238
v -0.12285212 -0.42633671 -0.02307294
v -0.12049062 -0.42633682 -0.03327181
v -0.11728398 -0.42633689 -0.04323740
v -0.11325466 -0.42633695 -0.05289976
v -0.10843095 -0.42633699 -0.06219109
v -0.10284667 -0.42633702 -0.07104622
v -0.09654099 -0.42633704 -0.07940301
v -0.08955817 -0.42633707 -0.08720284
v -0.08194717 -0.42633711 -0.09439100
v -0.07376139 -0.42633720 -0.10091708
v -0.06505818 -0.42633742 -0.10673534
v -0.05589842 -0.42633785 -0.11180503
v -0.04634593 -0.42633866 -0.11609071
v -0.03646675 -0.42633999 -0.11956242
v -0.02632836 -0.42634186 -0.12219580
v -0.01599856 -0.42634389 -0.12397194
v -0.00554414 -0.42634482 -0.12487697
v 0.00497125 -0.42634148 -0.12490109
v 0.01549059 -0.42632621 -0.12403643
v 0.02596973 -0.42627901 -0.12227251
v 0.03638744 -0.42614447 -0.11958657
v 0.04677136 -0.42579079 -0.11591994
v 0.05747014 -0.42503865 -0.11100530
v -0.01990889 0.42494312 -0.12340434
v -0.03047506 0.42522617 -0.12122816
v -0.04057661 0.42559516 -0.11823086
v -0.05041189 0.42582025 -0.11438373
v -0.05987343 0.42597198 -0.10972771
v -0.06888637 0.42608548 -0.10430564
v -0.07739270 0.42617059 -0.09815991
v -0.08534108 0.42623156 -0.09133401
v -0.09268309 0.42627284 -0.08387398
v -0.09937234 0.42629933 -0.07582968
v -0.10536472 0.42631551 -0.06725531
v -0.11061945 0.42632497 -0.05820945
v -0.11509990 0.42633029 -0.04875464
v -0.11877445 0.42633320 -0.03895683
v -0.12161693 0.42633475 -0.02888469
v -0.12360708 0.42633560 -0.01860901
v -0.12473064 0.42633608 -0.00820208
v -0.12497954 0.42633637 0.00226293
v -0.12435192 0.42633657 0.01271242
v -0.12285212 0.42633671 0.02307299
v -0.12049062 0.42633682 0.03327186
v -0.11728398 0.42633689 0.04323744
v -0.11325466 0.42633695 0.05289980
v -0.10843095 0.42633699 0.06219113
v -0.10284667 0.42633702 0.07104626
v -0.09654099 0.42633704 0.07940305
v -0.08955817 0.42633707 0.08720288
v -0.08194717 0.42633711 0.09439104
v -0.07376139 0.42633720 0.10091712
v -0.06505818 0.42633742 0.10673538
v -0.05589842 0.42633785 0.11180507
v -0.04634593 0.42633866 0.11609075
v -0.03646675 0.42633999 0.11956246
v -0.02632836 0.42634186 0.12219584
v -0.01599857 0.42634389 0.12397198
v -0.00554414 0.42634482 0.12487701
v 0.00497125 0.42634148 0.12490113
v 0.01549059 0.42632621 0.12403647
v 0.02596973 0.42627901 0.12227255
v 0.03638743 0.42614447 0.11958661
v 0.04677136 0.42579079 0.11591998
v 0.05747014 0.42503865 0.11100534
v 0.02589861 -0.42442256 0.12228764
v 0.02591023 0.42441891 -0.12228513
v 0.03717052 -0.42389185 0.11934553
v 0.03719146 0.42388594 -0.11933897
v 0.04700820 -0.42365758 0.11582414
v 0.04704332 0.42364886 -0.11580984
v 0.05580104 -0.42338756 0.11185368
v 0.05585725 0.42337549 -0.11182558
v 0.06511803 -0.42310449 0.10669885
v 0.06521012 0.42308852 -0.10664254
v 0.10172100 -0.14860454 0.07264872
v 0.10164717 0.14888466 -0.07275194
v 0.07184663 -0.32506663 0.10228912
v 0.07187902 0.32502504 -0.10226631
v 0.11272958 -0.18237463 -0.05400958
v 0.11272872 0.18237344 0.05401140
v 0.10043339 0.08161717 0.07441864
v 0.10044695 -0.08167001 -0.07440028
v 0.07685952 -0.22033772 0.09857797
v 0.07676952 0.22041919 -0.09864803
v 0.12418030 -0.21101782 0.01429156
v 0.09077713 -0.42381601 -0.08593314
v 0.09077713 0.42381601 0.08593319
v 0.11737773 -0.19165950 -0.04298211
v 0.11737736 0.19165894 0.04298314
v 0.07787359 -0.32878180 0.09777885
v 0.07792041 0.32872274 -0.09774150
v 0.10310459 -0.07119262 0.07067136
v 0.10295223 0.07129866 -0.07089309
v 0.12266249 -0.39455539 0.02406054
v 0.07180684 -0.24669637 0.10231705
v 0.07174686 0.24672213 -0.10235907
v 0.07934682 -0.24424377 0.09658718
v 0.07925854 0.24428854 -0.09665959
v 0.12413306 0.44506208 -0.01469618
v 0.12330640 -0.37123390 0.02050672
v 0.05193825 -0.01233699 0.11369882
v 0.05201608 0.01167838 -0.11366319
v 0.04191705 -0.01224318 0.11776232
v 0.04172618 0.00988368 -0.11783004
v 0.03372406 -0.01326771 0.12036483
v 0.03094980 0.01008474 -0.12110782
v 0.02100825 -0.01143758 0.12322198
v 0.02193345 0.01144809 -0.12306063
v 0.01059457 -0.01074668 0.12455023
v 0.01871967 0.00802283 0.12359036
v 0.00509905 0.01289709 0.12489598
v 0.00087085 -0.00832492 0.12499699
v -0.01710247 0.01166065 0.12382452
v -0.01982229 -0.00844223 0.12341833
v -0.00414680 0.01051190 0.12493122
v -0.01101733 -0.00751309 0.12451355
v -0.03836082 0.01114825 0.11896829
v -0.04116243 -0.01015820 0.11802822
v -0.02563090 0.00975810 0.12234404
v -0.03204915 -0.00893939 0.12082160
v -0.05946477 0.01160112 0.10994975
v -0.06158451 -0.00997259 0.10877663
v -0.04689728 0.00946596 0.11586912
v -0.05384631 -0.00996722 0.11280772
v -0.06732385 0.01023536 0.10532097
v -0.07310100 -0.00961218 0.10139650
v -0.07435896 0.00962064 0.10047762
v -0.07991306 -0.01107503 0.09611925
v -0.07995959 0.00894967 0.09608055
v -0.08613789 -0.01256807 0.09058295
v -0.08950578 0.01015486 0.08725665
v -0.09247237 -0.01134300 0.08410630
v -0.10209516 0.00904342 0.07212202
v -0.10563104 -0.01232667 0.06683629
v -0.09544704 0.00772863 0.08071475
v -0.10037419 -0.01029644 0.07449852
v -0.10815058 0.01013715 0.06267743
v -0.11036942 -0.01126774 0.05868219
v -0.11681647 0.00958883 0.04448504
v -0.11902141 -0.01262601 0.03819570
v -0.11237744 0.00815986 0.05473863
v -0.11575604 -0.01033435 0.04717570
v -0.12041630 0.01075372 0.03353985
v -0.12164237 -0.01187724 0.02877743
v -0.12455710 0.01099689 0.01051361
v -0.12472421 -0.01068116 0.00829923
v -0.12261099 0.00893989 0.02432186
v -0.12381276 -0.01065775 0.01718738
v -0.12498838 0.00959618 0.00170590
v -0.12486129 -0.01012930 -0.00588752
v -0.12486333 0.00944438 -0.00584413
v -0.12417819 -0.01201283 -0.01431023
v -0.12354847 0.01135082 -0.01899422
v -0.12275865 -0.01137468 -0.02356521
v -0.11796411 0.01090220 -0.04134577
v -0.11730820 -0.01041188 -0.04317162
v -0.12177670 0.00913408 -0.02820354
v -0.12004897 -0.01031917 -0.03483173
v -0.11484178 0.00940918 -0.04935958
v -0.11181154 -0.00986134 -0.05588545
v -0.11174802 0.00915129 -0.05601234
v -0.10794063 -0.01158080 -0.06303826
v -0.10547959 0.01065731 -0.06707502
v -0.10318676 -0.01070152 -0.07055136
v -0.09385570 0.00939962 -0.08255972
v -0.08977096 -0.01229463 -0.08698377
v -0.10057673 0.00819895 -0.07422482
v -0.09581976 -0.00998500 -0.08027187
v -0.08608133 0.01051803 -0.09063666
v -0.08311132 -0.01170300 -0.09336760
v -0.06786523 0.01042334 -0.10497290
v -0.06498615 -0.01112841 -0.10677920
v -0.07904804 0.00864750 -0.09683185
v -0.07298626 -0.01046623 -0.10147909
v -0.04742287 0.01070178 -0.11565495
v -0.04506139 -0.01066358 -0.11659532
v -0.05990481 0.00874247 -0.10971058
v -0.05299323 -0.01068155 -0.11321093
v -0.03925161 0.00920002 -0.11867733
v -0.03215270 -0.01039409 -0.12079404
v -0.03215993 0.00889568 -0.12079212
v -0.02416090 -0.01241941 -0.12264276
v -0.01952670 0.01047528 -0.12346540
v -0.01512238 -0.01195122 -0.12408187
v 0.00134072 0.00979588 -0.12499279
v 0.00509247 -0.01137753 -0.12489620
v -0.01054321 0.00809162 -0.12455455
v -0.00373792 -0.01102970 -0.12494408
v 0.01312847 0.01466673 -0.12430864
v 0.01918386 -0.01103205 -0.12351912
v 0.02637789 0.00820935 0.12218515
v 0.02718384 -0.01306220 -0.12200833
v 0.03970831 0.00890089 0.11852533
v 0.03561221 -0.01317947 -0.11981971
v 0.04730655 0.01202434 0.11570261
v 0.05008659 -0.01228974 -0.11452653
v 0.05517336 0.01321214 0.11216462
v 0.05850254 -0.01571105 -0.11046468
v 0.06769036 0.01245314 0.10508575
v 0.06675588 -0.01293109 -0.10568181
v 0.08194282 -0.26389168 0.09439478
v 0.08186948 0.26390576 -0.09445835
v 0.11641350 -0.22001026 -0.04552900
v 0.11641331 0.22001000 0.04552952
v 0.10100439 -0.00408576 0.07364178
v 0.10090762 0.00379228 -0.07377429
v 0.12158531 -0.36251502 0.02901736
v 0.11826530 -0.10946728 0.04047610
v 0.11802437 0.10966340 -0.04117330
v 0.12192709 -0.36541187 -0.02754592
v 0.12192709 0.36541187 0.02754596
v -0.02019692 -0.21698926 0.12335757
v -0.03063330 -0.21616987 0.12118831
v -0.04112722 -0.21800005 0.11804050
v -0.05087473 -0.21857187 0.11417867
v -0.06020631 -0.21871176 0.10954546
v -0.06910064 -0.21862377 0.10416386
v -0.07752729 -0.21843568 0.09805369
v -0.08544649 -0.21829098 0.09123544
v -0.09278046 -0.21826293 0.08376631
v -0.09945193 -0.21809499 0.07572531
v -0.10561233 -0.21684993 0.06686587
v -0.11101462 -0.21825084 0.05745225
v -0.11540173 -0.21861859 0.04803590
v -0.11898949 -0.21875826 0.03829501
v -0.12176074 -0.21883252 0.02827242
v -0.12369166 -0.21887860 0.01803830
v -0.12476471 -0.21890919 0.00766635
v -0.12496934 -0.21893001 -0.00276944
v -0.12430174 -0.21894419 -0.01319406
v -0.12276484 -0.21895387 -0.02353295
v -0.12036821 -0.21896045 -0.03371198
v -0.11712788 -0.21896495 -0.04365848
v -0.11306614 -0.21896810 -0.05330151
v -0.10821130 -0.21897039 -0.06257249
v -0.10259748 -0.21897211 -0.07140559
v -0.09626434 -0.21897334 -0.07973818
v -0.08925686 -0.21897388 -0.08751122
v -0.08162508 -0.21897313 -0.09466967
v -0.07342392 -0.21897000 -0.10116287
v -0.06471281 -0.21896266 -0.10694508
v -0.05555555 -0.21894842 -0.11197579
v -0.04601956 -0.21892369 -0.11622047
v -0.03617584 -0.21888369 -0.11965076
v -0.02609756 -0.21882304 -0.12224530
v -0.01586031 -0.21873514 -0.12398970
v -0.00554013 -0.21861361 -0.12487715
v 0.00478565 -0.21844982 -0.12490834
v 0.01504021 -0.21823388 -0.12409185
v 0.02514507 -0.21793347 -0.12244476
v 0.03504501 -0.21741006 -0.11998683
v 0.04505739 -0.21583855 -0.11659685
v 0.05489460 -0.21718811 -0.11230127
v 0.06408363 -0.21769830 -0.10732325
v 0.07340621 -0.21800172 -0.10117569
v 0.08095375 -0.21411099 -0.09524433
v -0.02023239 0.21697881 -0.12335172
v -0.03067547 0.21616338 -0.12117760
v -0.04116933 0.21800019 -0.11802577
v -0.05091521 0.21857905 -0.11416058
v -0.06024283 0.21872564 -0.10952534
v -0.06913140 0.21864303 -0.10414340
v -0.07755143 0.21845872 -0.09803456
v -0.08546412 0.21831589 -0.09121888
v -0.09279236 0.21828797 -0.08375309
v -0.09945938 0.21811921 -0.07571547
v -0.10561657 0.21687393 -0.06685912
v -0.11101676 0.21827198 -0.05744808
v -0.11540275 0.21863848 -0.04803342
v -0.11898993 0.21877739 -0.03829360
v -0.12176092 0.21885128 -0.02827158
v -0.12369173 0.21889738 -0.01803773
v -0.12476474 0.21892844 -0.00766590
v -0.12496933 0.21895023 0.00276975
v -0.12430174 0.21896601 0.01319407
v -0.12276496 0.21897809 0.02353233
v -0.12036872 0.21898809 0.03371021
v -0.11712924 0.21899724 0.04365487
v -0.11306920 0.21900645 0.05329507
v -0.10821737 0.21901609 0.06256204
v -0.10260854 0.21902616 0.07138974
v -0.09628299 0.21903580 0.07971570
v -0.08928629 0.21904370 0.08748123
v -0.08166837 0.21904766 0.09463237
v -0.07348361 0.21904531 0.10111957
v -0.06478966 0.21903401 0.10689858
v -0.05564834 0.21901106 0.11192975
v -0.04612453 0.21897395 0.11617889
v -0.03628746 0.21891938 0.11961700
v -0.02620926 0.21884422 0.12222144
v -0.01596574 0.21874344 0.12397621
v -0.00563436 0.21861212 0.12487297
v 0.00470578 0.21844191 0.12491141
v 0.01497558 0.21822277 0.12409970
v 0.02509510 0.21792156 0.12245505
v 0.03500770 0.21739887 0.11999777
v 0.04503037 0.21582870 0.11660733
v 0.05487689 0.21718067 0.11230997
v 0.06407204 0.21769275 0.10733021
v 0.07339915 0.21799782 0.10118086
v 0.08094892 0.21410791 0.09524848
v -0.01031187 -0.21727015 0.12457396
v -0.01034169 0.21725871 -0.12457144
v -0.00017341 -0.21792696 0.12499990
v -0.00019769 0.21791673 -0.12499982
v 0.01039619 -0.21807724 0.12456695
v 0.01037620 0.21806981 -0.12456857
v 0.02130373 -0.21679960 0.12317124
v 0.02128566 0.21679620 -0.12317433
v 0.03171933 -0.21871497 0.12090859
v 0.03170128 0.21871669 -0.12091329
v 0.04189396 -0.21867163 0.11777054
v 0.04187179 0.21868018 -0.11777838
v 0.11009397 -0.22357347 -0.05919722
v 0.11009359 0.22357303 0.05919797
v 0.09273328 -0.24510358 -0.08381844
v 0.09273235 0.24510290 0.08381951
v 0.12415427 -0.21274012 -0.01451591
v 0.12415425 0.21274006 0.01451610
v 0.09771801 0.41314609 -0.07794988
v 0.09735806 -0.41307654 0.07839902
v 0.08789150 -0.21591282 -0.08888238
v 0.08788851 0.21591067 0.08888538
v 0.03458714 -0.24136855 0.12011966
v 0.03457414 0.24136959 -0.12012336
v 0.00327899 -0.24107875 0.12495701
v 0.00326800 0.24107388 -0.12495725
v -0.03730773 -0.24015618 0.11930272
v -0.05710883 -0.24016285 0.11119168
v -0.07478179 -0.23948579 0.10016333
v -0.09031825 -0.23943288 0.08641540
v -0.10363413 -0.23971399 0.06989259
v -0.11390321 -0.23935327 0.05148851
v -0.12087230 -0.23950973 0.03185739
v -0.12448507 -0.23961233 0.01133465
v -0.12463590 -0.23966350 -0.00953403
v -0.12130708 -0.23968730 -0.03015952
v -0.11458392 -0.23969780 -0.04995527
v -0.10465169 -0.23970226 -0.06835954
v -0.09178873 -0.23970361 -0.08485181
v -0.07635844 -0.23970069 -0.09896660
v -0.05880109 -0.23968635 -0.11030607
v -0.03962523 -0.23964406 -0.11855310
v -0.01939681 -0.23954636 -0.12348587
v 0.00127834 -0.23935960 -0.12499344
v 0.02179026 -0.23905860 -0.12308606
v 0.04160560 -0.23875629 -0.11787268
v 0.06013432 -0.23948080 -0.10958493
v 0.07690852 -0.24172198 -0.09853969
v -0.03732587 0.24015332 -0.11929701
v -0.05712592 0.24016493 -0.11118286
v -0.07479450 0.23949205 -0.10015379
v -0.09032546 0.23944085 -0.08640783
v -0.10363716 0.23972163 -0.06988806
v -0.11390418 0.23935999 -0.05148632
v -0.12087253 0.23951576 -0.03185650
v -0.12448509 0.23961828 -0.01133430
v -0.12463590 0.23967015 0.00953403
v -0.12130730 0.23969589 0.03015868
v -0.11458521 0.23971029 0.04995235
v -0.10465636 0.23972081 0.06835243
v -0.09180111 0.23972886 0.08483846
v -0.07638367 0.23972965 0.09894717
v -0.05884123 0.23971259 0.11028471
v -0.03967563 0.23966134 0.11853629
v -0.01944738 0.23955274 0.12347796
v 0.00123719 0.23935803 0.12499390
v 0.02176258 0.23905381 0.12309100
v 0.04158990 0.23875169 0.11787825
v 0.06012687 0.23947774 0.10958906
v 0.07690554 0.24172036 0.09854207
v 0.10217219 0.13957805 0.07201279
v 0.10217688 -0.13958535 -0.07200609
v 0.10854803 -0.37749938 0.06198647
v 0.10887926 0.37669948 -0.06140276
v 0.11006906 0.43077177 -0.05924353
v 0.11137415 0.05126417 0.05675206
v 0.11138644 -0.05133560 -0.05672789
v 0.11057612 -0.29645437 0.05829167
v 0.11049912 0.29641366 -0.05843747
v 0.09986953 -0.17175471 -0.07517360
v 0.09986646 0.17175134 0.07517771
v 0.10583367 0.08573353 0.06651490
v 0.10584419 -0.08577069 -0.06649812
v 0.11860074 -0.13629686 -0.03948237
v 0.11859956 0.13629442 0.03948596
v 0.12345383 0.31007647 -0.01959963
v 0.11483620 -0.36226232 -0.04937246
v 0.11483620 0.36226232 0.04937250
v 0.09144689 -0.14203723 0.08522010
v 0.09135982 0.14220080 -0.08531340
v 0.09168986 -0.39915542 -0.08495859
v 0.09168986 0.39915542 0.08495863
v 0.12122487 0.40438848 -0.03048808
v 0.10618549 -0.21754597 -0.06595176
v 0.10618482 0.21754525 0.06595289
v 0.10850415 -0.13461714 0.06206325
v 0.10843026 0.13484621 -0.06219221
v 0.07205607 -0.39701469 0.10214168
v 0.07216766 0.39697634 -0.10206283
v 0.10291776 0.32275891 -0.07094313
v 0.10282081 -0.32291690 0.07108361
v 0.07931784 -0.04711501 0.09661097
v 0.07887651 0.04740963 -0.09697159
v 0.07366645 0.04555374 0.10098641
v 0.07367763 -0.04592734 -0.10097821
v 0.06490807 0.04203728 0.10682670
v 0.06513262 -0.04262649 -0.10668990
v 0.07102956 -0.04142135 0.10285817
v 0.07049201 0.04187065 -0.10322727
v 0.05471174 0.04127717 0.11239052
v 0.05557082 -0.04167571 -0.11196820
v 0.06169231 -0.04056292 0.10871550
v 0.06107378 0.04084400 -0.10906414
v 0.04372190 0.04082354 0.11710422
v 0.04573170 -0.04058020 -0.11633402
v 0.05266050 -0.04184216 0.11336610
v 0.05173838 0.04188368 -0.11378986
v 0.03283683 0.03734474 0.12060989
v 0.03554127 -0.04026147 -0.11984077
v 0.04301394 -0.04029218 0.11736611
v 0.04145096 0.04015629 -0.11792714
v 0.02356140 0.03325307 0.12275938
v 0.02532781 -0.03969241 -0.12240709
v 0.03300734 -0.04188890 0.12056334
v 0.03061816 0.04280062 -0.12119209
v 0.02280101 -0.03992467 0.12290288
v 0.01057023 -0.03945951 0.12455230
v 0.01503251 0.03920661 0.12409282
v 0.00028084 -0.03434324 0.12499970
v 0.00443567 0.04145243 0.12492129
v -0.01730452 -0.03946646 0.12379644
v -0.01643328 0.04130733 0.12391510
v -0.00872316 -0.03208568 0.12469528
v -0.00606445 0.03990025 0.12485282
v -0.03985968 -0.04060974 0.11847452
v -0.03713131 0.04150299 0.11935775
v -0.02936341 -0.03853798 0.12150225
v -0.02693922 0.03972936 0.12206263
v -0.05916440 -0.03792621 0.11011168
v -0.05675597 0.04296553 0.11137220
v -0.04924072 -0.03912268 0.11489281
v -0.04731137 0.04041687 0.11570066
v -0.06905739 -0.03772618 0.10419253
v -0.06542290 0.04321353 0.10651221
v -0.07794677 -0.03854768 0.09772057
v -0.07465212 0.04285271 0.10026000
v -0.08579435 -0.03911209 0.09090840
v -0.08286789 0.03855276 0.09358376
v -0.09299033 -0.03924449 0.08353327
v -0.09111409 0.04080897 0.08557588
v -0.10552490 -0.03958062 0.06700375
v -0.10265110 0.04233223 0.07132854
v -0.09959653 -0.03936825 0.07553502
v -0.09734312 0.03505465 0.07841763
v -0.11074010 -0.03959466 0.05797964
v -0.10895351 0.04320651 0.06127103
v -0.11882525 -0.04007833 0.03880163
v -0.11754277 0.04200532 0.04252886
v -0.11519781 -0.03973647 0.04852289
v -0.11366860 0.03881783 0.05200439
v -0.12157662 -0.04028209 0.02905393
v -0.12046684 0.04252090 0.03335786
v -0.12459343 -0.03888115 0.01007384
v -0.12436628 0.04245061 0.01257123
v -0.12340154 -0.04021025 0.01992655
v -0.12287086 0.04059420 0.02297301
v -0.12499183 -0.03839563 -0.00143135
v -0.12497176 0.04183970 0.00265820
v -0.12436790 -0.03904671 -0.01255510
v -0.12471411 0.03982967 -0.00844969
v -0.12290346 -0.03956523 -0.02279791
v -0.12352847 0.04154115 -0.01912389
v -0.11793894 -0.03839639 -0.04141751
v -0.11848398 0.04189647 -0.03983153
v -0.12085251 -0.03965532 -0.03193235
v -0.12141433 0.04004477 -0.02972480
v -0.11365083 -0.03788991 -0.05204318
v -0.11490170 0.04107057 -0.04921994
v -0.10857865 -0.03841038 -0.06193287
v -0.11030515 0.03851140 -0.05880287
v -0.10297066 -0.03873818 -0.07086639
v -0.10471915 0.04235337 -0.06825615
v -0.08993751 -0.03933639 -0.08681155
v -0.09337752 0.04253405 -0.08310018
v -0.09674451 -0.03902263 -0.07915491
v -0.09899285 0.03574752 -0.07632442
v -0.08251167 -0.03927088 -0.09389795
v -0.08590200 0.04259402 -0.09080665
v -0.06558335 -0.04100483 -0.10641345
v -0.06873348 0.04161958 -0.10440645
v -0.07408440 -0.03899625 -0.10068019
v -0.07759648 0.04021813 -0.09799891
v -0.04736521 -0.03841376 -0.11567858
v -0.04943463 0.04244072 -0.11480947
v -0.05715516 -0.03956468 -0.11116782
v -0.05918746 0.04016500 -0.11009924
v -0.03663652 -0.03828416 -0.11951051
v -0.03916931 0.04243652 -0.11870452
v -0.02605776 -0.03917432 -0.12225379
v -0.02928571 0.03825356 -0.12152096
v -0.01601280 -0.03987512 -0.12397010
v -0.01924877 0.04032531 -0.12350903
v 0.00305735 -0.03908477 -0.12496258
v 0.00089949 0.04447711 -0.12499674
v -0.00679415 -0.04013317 -0.12481520
v -0.00870512 0.03886573 -0.12469650
v 0.01443183 -0.03886160 -0.12416407
v 0.01105922 0.04520347 -0.12450979
v 0.02066664 0.04434782 -0.12327970
v 0.11789345 -0.16885208 -0.04154669
v 0.11789284 0.16885106 0.04154846
v 0.08014392 0.04575166 0.09592681
v 0.08012011 -0.04600823 -0.09594666
v 0.11092407 -0.27377052 -0.05762675
v 0.11092401 0.27377045 0.05762692
v 0.06452950 -0.39839304 0.10705580
v 0.06461313 0.39836462 -0.10700531
v 0.03640329 -0.40122881 0.11958179
v 0.03642355 0.40122056 -0.11957557
v 0.11059860 -0.09877891 0.05824901
v 0.11043084 0.09895109 -0.05856639
v 0.08814469 -0.21451850 0.08863134
v 0.08799310 0.21470542 -0.08878179
v 0.11658202 0.13508998 -0.04509574
v 0.11660382 -0.13497960 0.04503938
v 0.12219753 0.41382319 -0.02632030
v 0.10699931 -0.17346218 0.06462311
v 0.10689383 0.17417132 -0.06479739
v 0.10237631 -0.21042466 -0.07172227
v 0.10237517 0.21042353 0.07172394
v 0.12175494 0.45469454 -0.02829713
v 0.11908635 -0.37904349 -0.03799256
v 0.11908635 0.37904349 0.03799260
v 0.07420485 -0.16933149 0.10059146
v 0.07413633 0.16943489 -0.10064192
v 0.12475891 0.18018497 -0.00775942
v 0.12205469 0.29642057 -0.02697492
v 0.12282243 0.36736273 -0.02323024
v 0.12079926 -0.39589413 -0.03213304
v 0.12079926 0.39589413 0.03213308
v 0.12123623 0.36236874 -0.03044289
v 0.09961067 -0.20013632 0.07551632
v 0.09939224 0.20063491 -0.07580353
v 0.10351189 -0.29001576 -0.07007339
v 0.10351181 0.29001570 0.07007355
v 0.07888309 0.07040447 0.09696627
v 0.07892522 -0.07051543 -0.09693195
v 0.07237015 0.06821865 0.10191939
v 0.07245545 -0.06833177 -0.10185873
v 0.06384954 0.06702351 0.10746273
v 0.06402635 -0.06708141 -0.10735743
v 0.05462276 0.06626362 0.11243379
v 0.05489052 -0.06615790 -0.11230327
v 0.04506363 0.06583995 0.11659448
v 0.04525294 -0.06547596 -0.11652109
v 0.03531515 0.06525191 0.11990765
v 0.03524139 -0.06493960 -0.11992930
v 0.02518108 0.06480964 0.12243740
v 0.02495318 -0.06448102 -0.12248401
v 0.01478644 0.06473212 0.12412238
v 0.00153065 -0.06569553 0.12499065
v 0.00438511 0.06462149 0.12492308
v -0.01921339 -0.06489741 0.12351458
v -0.01636811 0.06458723 0.12392373
v -0.00876154 -0.06548602 0.12469259
v -0.00601233 0.06456174 0.12485535
v -0.04007037 -0.06408181 0.11840343
v -0.03672914 0.06491622 0.11948212
v -0.02974971 -0.06438260 0.12140824
v -0.02662875 0.06467535 0.12213073
v -0.05963976 -0.06335813 0.10985493
v -0.05604627 0.06571397 0.11173103
v -0.05003056 -0.06370033 0.11455108
v -0.04656893 0.06525717 0.11600147
v -0.06882568 -0.06319120 0.10434574
v -0.06510163 0.06605901 0.10670888
v -0.07744188 -0.06326961 0.09812116
v -0.07366198 0.06619630 0.10098970
v -0.08541387 -0.06347661 0.09126598
v -0.08175242 0.06586712 0.09455977
v -0.09274090 -0.06370057 0.08381010
v -0.08949740 0.06580422 0.08726524
v -0.10539873 -0.06403763 0.06720204
v -0.10288350 0.06642653 0.07099291
v -0.09941703 -0.06388825 0.07577111
v -0.09660547 0.06625154 0.07932460
v -0.11063961 -0.06409552 0.05817117
v -0.10838411 0.06635514 0.06227272
v -0.11872332 -0.06418668 0.03911240
v -0.11720885 0.06552024 0.04344068
v -0.11509110 -0.06413307 0.04877545
v -0.11312696 0.06585797 0.05317235
v -0.12152778 -0.06415387 0.02925757
v -0.12049259 0.06558167 0.03326475
v -0.12467957 -0.06381350 0.00894493
v -0.12436742 0.06554891 0.01255994
v -0.12351252 -0.06400809 0.01922667
v -0.12287107 0.06555084 0.02297186
v -0.12499014 -0.06366246 -0.00157213
v -0.12498296 0.06541676 0.00206517
v -0.12441289 -0.06365286 -0.01210111
v -0.12470998 0.06524021 -0.00851042
v -0.12297157 -0.06367150 -0.02242762
v -0.12353612 0.06516589 -0.01907440
v -0.11756700 -0.06343789 -0.04246179
v -0.11850267 0.06523234 -0.03977588
v -0.12069637 -0.06358644 -0.03251752
v -0.12146532 0.06516663 -0.02951576
v -0.11355294 -0.06331215 -0.05225641
v -0.11462421 0.06523209 -0.04986276
v -0.10870178 -0.06333313 -0.06171649
v -0.10998872 0.06575072 -0.05939262
v -0.10310249 -0.06344094 -0.07067446
v -0.10481177 0.06649170 -0.06811384
v -0.08988696 -0.06371083 -0.08686388
v -0.09252418 0.06640843 -0.08404925
v -0.09681839 -0.06356835 -0.07906454
v -0.09902262 0.06666132 -0.07628579
v -0.08233031 -0.06379360 -0.09405700
v -0.08528201 0.06591280 -0.09138916
v -0.06557367 -0.06399826 -0.10641942
v -0.06874060 0.06538182 -0.10440176
v -0.07419696 -0.06390109 -0.10059727
v -0.07732475 0.06551943 -0.09821345
v -0.04689872 -0.06370853 -0.11586849
v -0.05014449 0.06566568 -0.11450121
v -0.05648078 -0.06387648 -0.11151197
v -0.05963901 0.06543899 -0.10985530
v -0.03690705 -0.06364300 -0.11942724
v -0.04042400 0.06578361 -0.11828312
v -0.02672119 -0.06373759 -0.12211050
v -0.03041720 0.06535108 -0.12124269
v -0.01651722 -0.06386481 -0.12390390
v -0.01972154 0.06505926 -0.12343442
v 0.00400870 -0.06396646 -0.12493568
v 0.00126328 0.06679681 -0.12499360
v -0.00631226 -0.06391918 -0.12484050
v -0.00896152 0.06587459 -0.12467833
v 0.01448711 -0.06412092 -0.12415763
v 0.01192411 -0.06540240 0.12442998
v 0.01143074 0.06700482 -0.12447623
v 0.02249235 -0.06515149 0.12295974
v 0.02169472 0.06676299 -0.12310294
v 0.03296624 -0.06502692 0.12057459
v 0.03200503 0.06615687 -0.12083324
v 0.04310638 -0.06479741 0.11733219
v 0.04222047 0.06545786 -0.11765384
v 0.05278503 -0.06446275 0.11330818
v 0.05207737 0.06488143 -0.11363512
v 0.06198148 -0.06412944 0.10855090
v 0.06143827 0.06445936 -0.10885923
v 0.07108962 -0.06377574 0.10281667
v 0.07066926 0.06406032 -0.10310601
v 0.11265813 0.07211888 0.05415850
v 0.11266705 -0.07215559 -0.05413989
v 0.11365724 0.32843013 -0.05202907
v 0.11341467 -0.32870169 0.05255578
v 0.08881041 -0.23664089 -0.08796422
v 0.08880874 0.23663974 0.08796595
v 0.12093086 -0.37454011 -0.03163415
v 0.12093086 0.37454011 0.03163419
v 0.12437443 -0.17767836 0.01248981
v 0.08245050 -0.23888483 -0.09395162
v 0.08244806 0.23888336 0.09395381
v 0.12407183 0.22336363 -0.01520448
v -0.01985725 -0.23689293 0.12341271
v -0.02947974 -0.23846546 0.12147408
v -0.04279389 -0.23671077 0.11744654
v -0.05007278 -0.23856059 0.11453263
v -0.06205030 -0.23667731 0.10851160
v -0.06856422 -0.23805558 0.10451772
v -0.07915847 -0.23628505 0.09674163
v -0.08489455 -0.23780749 0.09174924
v -0.09413102 -0.23633129 0.08224572
v -0.09905529 -0.23809817 0.07624341
v -0.10671698 -0.23620935 0.06508835
v -0.11053808 -0.23774642 0.05836387
v -0.11610245 -0.23626487 0.04631661
v -0.11870897 -0.23788774 0.03915594
v -0.12218080 -0.23643345 0.02639810
v -0.12356261 -0.23801830 0.01890209
v -0.12486872 -0.23651934 0.00572795
v -0.12498548 -0.23808515 -0.00190645
v -0.12408071 -0.23656049 -0.01513217
v -0.12292367 -0.23811698 -0.02268868
v -0.11982615 -0.23657932 -0.03559069
v -0.11742462 -0.23813136 -0.04285396
v -0.11221759 -0.23658760 -0.05506556
v -0.10863767 -0.23813762 -0.06182926
v -0.10146604 -0.23659113 -0.07300442
v -0.09680807 -0.23814009 -0.07907717
v -0.08787364 -0.23659170 -0.08890008
v -0.08226922 -0.23813908 -0.09411044
v -0.07182559 -0.23658655 -0.10230388
v -0.06543465 -0.23812967 -0.10650495
v -0.05378198 -0.23656571 -0.11283836
v -0.04678957 -0.23809857 -0.11591261
v -0.03426860 -0.23650852 -0.12021090
v -0.02688089 -0.23802146 -0.12207544
v -0.01386432 -0.23638317 -0.12422873
v -0.00630241 -0.23786495 -0.12484100
v 0.00682033 -0.23615224 -0.12481377
v 0.01433251 -0.23759461 -0.12417557
v 0.02719266 -0.23578059 -0.12200636
v 0.03446392 -0.23720456 -0.12015503
v 0.04678844 -0.23554236 -0.11591305
v 0.05359824 -0.23740216 -0.11292573
v 0.06497046 -0.23666398 -0.10678872
v 0.07103574 -0.23914344 -0.10285386
v -0.01987504 0.23688703 -0.12340980
v -0.02949867 0.23846111 -0.12146944
v -0.04281503 0.23670929 -0.11743879
v -0.05009238 0.23856127 -0.11452402
v -0.06206881 0.23668175 -0.10850097
v -0.06858003 0.23806150 -0.10450731
v -0.07917114 0.23629363 -0.09673123
v -0.08490441 0.23781630 -0.09174008
v -0.09413762 0.23634105 -0.08223813
v -0.09905992 0.23810724 -0.07623736
v -0.10671953 0.23621843 -0.06508412
v -0.11053971 0.23775460 -0.05836074
v -0.11610318 0.23627275 -0.04631473
v -0.11870939 0.23789495 -0.03915461
v -0.12218095 0.23644072 -0.02639736
v -0.12356268 0.23802519 -0.01890156
v -0.12486873 0.23652677 -0.00572767
v -0.12498548 0.23809252 0.00190660
v -0.12408074 0.23656910 0.01513200
v -0.12292377 0.23812598 0.02268818
v -0.11982658 0.23659076 0.03558930
v -0.11742544 0.23814387 0.04285177
v -0.11221972 0.23660430 0.05506125
v -0.10864104 0.23815607 0.06182339
v -0.10147310 0.23661536 0.07299464
v -0.09681791 0.23816597 0.07906516
v -0.08789108 0.23662318 0.08888287
v -0.08229115 0.23817061 0.09409131
v -0.07185889 0.23662046 0.10228054
v -0.06547263 0.23816078 0.10648165
v -0.05383166 0.23659405 0.11281471
v -0.04684131 0.23812176 0.11589175
v -0.03432720 0.23652507 0.12019422
v -0.02693701 0.23803269 0.12206312
v -0.01391968 0.23638748 0.12422258
v -0.00635152 0.23786583 0.12483855
v 0.00677776 0.23614884 0.12481613
v 0.01429722 0.23759014 0.12417968
v 0.02716546 0.23577485 0.12201247
v 0.03444264 0.23719922 0.12016118
v 0.04677375 0.23553751 0.11591902
v 0.05358743 0.23739818 0.11293091
v 0.06496384 0.23666100 0.10679279
v 0.07103112 0.23914118 0.10285709
v -0.01178358 -0.23504728 0.12444337
v -0.01180055 0.23504058 -0.12444172
v -0.00425537 -0.23802647 0.12492757
v -0.00426923 0.23802056 -0.12492705
v 0.01142730 -0.23942099 0.12447659
v 0.01141626 0.23941685 -0.12447756
v 0.02114828 -0.23846403 0.12319803
v 0.02113697 0.23846160 -0.12319993
v 0.02912368 -0.23738008 0.12155992
v 0.02911095 0.23737981 -0.12156293
v 0.04225511 -0.24051423 0.11764144
v 0.04223764 0.24051841 -0.11764767
v 0.05089688 -0.24067284 0.11416878
v 0.05087239 0.24068150 -0.11417965
v 0.05869075 -0.24017168 0.11036484
v 0.05865599 0.24018677 -0.11038328
v 0.06665403 -0.23679347 0.10574612
v 0.06660136 0.23682216 -0.10577926
v 0.12378337 -0.40196149 0.01739748
v 0.09047649 0.05107261 0.08624966
v 0.09049831 -0.05123594 -0.08622672
v 0.09309061 -0.37609579 -0.08342140
v 0.09309061 0.37609579 0.08342145
v 0.10993086 -0.20554416 0.05949961
v 0.10956852 0.20665975 -0.06016420
v 0.11906179 -0.11372202 -0.03806945
v 0.11905992 0.11371703 0.03807535
v 0.11464283 0.36986195 -0.04981981
v 0.07461973 -0.23701623 0.10028408
v 0.07454360 0.23706155 -0.10034064
v 0.10148541 0.04612850 0.07297746
v 0.10151393 -0.04626896 -0.07293775
v 0.11453204 -0.37085033 0.05007404
v 0.08516048 0.06756183 0.09150242
v 0.08518554 -0.06768189 -0.09147905
v 0.07825381 -0.29389386 0.09747482
v 0.07824000 0.29387169 -0.09748587
v 0.08416294 -0.23463959 0.09242077
v 0.08404158 0.23472635 -0.09253110
v 0.10750112 -0.24179407 -0.06378481
v 0.10750083 0.24179376 0.06378535
v 0.11247370 -0.15770898 0.05454047
v 0.11248459 0.15830027 -0.05451799
v 0.08714795 -0.16369202 -0.08961154
v 0.08714046 0.16368611 0.08961886
v 0.05647098 -0.16372252 0.11151695
v 0.05641559 0.16378854 -0.11154494
v 0.12356963 -0.23910558 -0.01885580
v 0.12356961 0.23910554 0.01885592
v 0.06267210 -0.16903870 0.10815364
v 0.06261692 0.16910773 -0.10818556
v 0.11688358 -0.33760244 -0.04430825
v 0.11688358 0.33760244 0.04430830
v 0.12402561 -0.24871781 -0.01557698
v 0.12402560 0.24871779 0.01557707
v 0.10612935 -0.03523183 0.06604209
v 0.10600920 0.03520422 -0.06623474
v 0.12384706 -0.24470667 0.01693813
v 0.09753968 -0.24576795 0.07817295
v 0.09733510 0.24587043 -0.07842748
v 0.10472959 -0.31343748 -0.06824005
v 0.10472957 0.31343746 0.06824013
v 0.12154772 0.33587586 -0.02917438
v 0.12281870 -0.18948925 -0.02324995
v 0.12281861 0.18948903 0.02325048
v 0.10664127 -0.19736085 -0.06521221
v 0.10664023 0.19735967 0.06521395
v 0.10320363 0.09688247 0.07052666
v 0.10321320 -0.09691167 -0.07051261
v 0.12166121 0.38419518 -0.02869746
v 0.12478770 0.14542351 -0.00728169
v 0.12380806 -0.22604513 -0.01722084
v 0.12380805 0.22604508 0.01722100
v 0.12349193 -0.34577191 0.01935815
v -0.01473183 -0.20711739 0.12412888
v -0.02426450 -0.20697074 0.12262235
v -0.03651026 -0.20733484 0.11954919
v -0.04585036 -0.20790700 0.11628737
v -0.05523945 -0.20815406 0.11213211
v -0.06430263 -0.20815151 0.10719226
v -0.07294918 -0.20794440 0.10150578
v -0.08116813 -0.20752713 0.09506178
v -0.08888875 -0.20744370 0.08788514
v -0.09590334 -0.20773515 0.08017205
v -0.10193247 -0.20792392 0.07235177
v -0.10869204 -0.20811121 0.06173368
v -0.11320332 -0.20820942 0.05300958
v -0.11717579 -0.20828836 0.04352978
v -0.12038004 -0.20834441 0.03366976
v -0.12276209 -0.20838353 0.02354730
v -0.12429645 -0.20841067 0.01324377
v -0.12496787 -0.20842953 0.00283512
v -0.12476856 -0.20844265 -0.00760341
v -0.12369772 -0.20845177 -0.01799666
v -0.12176128 -0.20845813 -0.02827005
v -0.11897178 -0.20846262 -0.03834997
v -0.11534814 -0.20846590 -0.04816441
v -0.11091546 -0.20846844 -0.05764341
v -0.10570481 -0.20847059 -0.06671953
v -0.09975295 -0.20847248 -0.07532829
v -0.09310214 -0.20847400 -0.08340858
v -0.08579991 -0.20847473 -0.09090311
v -0.07789884 -0.20847376 -0.09775874
v -0.06945630 -0.20846953 -0.10392700
v -0.06053420 -0.20845959 -0.10936457
v -0.05119856 -0.20844048 -0.11403379
v -0.04151888 -0.20840756 -0.11790326
v -0.03156742 -0.20835511 -0.12094831
v -0.02141828 -0.20827658 -0.12315134
v -0.01114675 -0.20816481 -0.12450199
v -0.00082890 -0.20801217 -0.12499723
v 0.00945821 -0.20781162 -0.12464163
v 0.01963142 -0.20756188 -0.12344878
v 0.02956565 -0.20727947 -0.12145314
v 0.03885507 -0.20698032 -0.11880773
v 0.05047535 -0.20647308 -0.11435572
v 0.05929663 -0.20644525 -0.11004046
v 0.06810688 -0.20659598 -0.10481625
v 0.07596054 -0.20575603 -0.09927230
v -0.01477649 0.20710297 -0.12412353
v -0.02431787 0.20695990 -0.12261173
v -0.03656998 0.20733386 -0.11953089
v -0.04591021 0.20791699 -0.11626371
v -0.05529518 0.20817524 -0.11210460
v -0.06435070 0.20818221 -0.10716336
v -0.07298765 0.20798202 -0.10147808
v -0.08119670 0.20756918 -0.09503734
v -0.08890818 0.20748672 -0.08786544
v -0.09591543 0.20777635 -0.08015754
v -0.10193955 0.20796263 -0.07234176
v -0.10869514 0.20814626 -0.06172818
v -0.11320478 0.20824339 -0.05300642
v -0.11717636 0.20832114 -0.04352821
v -0.12038024 0.20837644 -0.03366901
v -0.12276218 0.20841538 -0.02354681
v -0.12429651 0.20844301 -0.01324324
v -0.12496788 0.20846306 -0.00283449
v -0.12476853 0.20847822 0.00760397
v -0.12369770 0.20849040 0.01799680
v -0.12176149 0.20850114 0.02826919
v -0.11897264 0.20851165 0.03834733
v -0.11535046 0.20852290 0.04815890
v -0.11092061 0.20853551 0.05763355
v -0.10571496 0.20854955 0.06670349
v -0.09977130 0.20856433 0.07530402
v -0.09313292 0.20857817 0.08337426
v -0.08584799 0.20858845 0.09085774
v -0.07796881 0.20859182 0.09770298
v -0.06955113 0.20858483 0.10386361
v -0.06065391 0.20856436 0.10929827
v -0.05133950 0.20852783 0.11397045
v -0.04167397 0.20847287 0.11784858
v -0.03172726 0.20839694 0.12090653
v -0.02157294 0.20829671 0.12312439
v -0.01128768 0.20816756 0.12448933
v -0.00095029 0.20800307 0.12499641
v 0.00935887 0.20779610 0.12464917
v 0.01955380 0.20754426 0.12346114
v 0.02950744 0.20726261 0.12146734
v 0.03881257 0.20696565 0.11882166
v 0.05044837 0.20646186 0.11436767
v 0.05927793 0.20643656 0.11005057
v 0.06809467 0.20658959 0.10482422
v 0.07595255 0.20575130 0.09927845
v -0.00468816 -0.20715048 0.12491208
v -0.00472478 0.20713644 -0.12491065
v 0.00557387 -0.20743683 0.12487569
v 0.00554453 0.20742594 -0.12487695
v 0.01546937 -0.20769662 0.12403912
v 0.01544515 0.20769050 -0.12404209
v 0.02786331 -0.20839300 0.12185500
v 0.02784199 0.20839394 -0.12185983
v 0.03683384 -0.20944483 0.11944987
v 0.03681106 0.20945213 -0.11945685
v 0.04929698 -0.21177516 0.11486866
v 0.04926713 0.21179365 -0.11488143
v 0.05593662 -0.22218339 0.11178594
v 0.05590063 0.22220581 -0.11180390
v 0.08519973 -0.20517114 -0.09146583
v 0.08519520 0.20516796 0.09147009
v 0.06330490 -0.21664154 0.10778447
v 0.06325500 0.21668103 -0.10781372
v 0.12246827 -0.43624008 0.02503034
v 0.12152198 -0.37606654 0.02928147
v 0.12242188 -0.37653625 -0.02525623
v 0.12242188 0.37653625 0.02525627
v 0.06996400 -0.21788566 0.10358591
v 0.06989700 0.21794342 -0.10363109
v 0.12406986 -0.18456725 -0.01522052
v 0.12406981 0.18456709 0.01522092
v 0.10861720 0.06951056 0.06186519
v 0.10862953 -0.06956304 -0.06184349
v 0.12408499 -0.45359089 0.01509670
v 0.12408489 -0.45386447 -0.01509751
v 0.12408489 0.45386447 0.01509755
v 0.12212010 -0.35078958 0.02667728
v 0.10059285 -0.05136286 0.07420295
v 0.10041647 0.05141639 -0.07444143
v 0.12353576 -0.37795006 -0.01907639
v 0.12353576 0.37795006 0.01907643
v 0.12388961 -0.38094447 0.01662405
v 0.12428796 -0.14986138 0.01332282
v 0.12489840 0.10705924 -0.00503829
v 0.11491080 0.39587046 -0.04919859
v 0.11685577 -0.39484933 0.04438160
v 0.09950837 -0.22520558 0.07565107
v 0.09923907 0.22551654 -0.07600394
v 0.08955387 -0.10511553 0.08720725
v 0.08941020 0.10524683 -0.08735450
v 0.12396300 -0.10915823 -0.01606763
v 0.12396269 0.10915664 0.01607008
v 0.11288527 -0.20584129 -0.05368341
v 0.11288481 0.20584070 0.05368441
v 0.12456690 -0.26669092 -0.01039624
v 0.12456690 0.26669092 0.01039630
v 0.12466984 -0.07589966 0.00907882
v 0.12465740 0.07626805 -0.00924809
v 0.12251075 -0.14365699 0.02482160
v 0.12285773 0.14275260 -0.02304280
v 0.09737607 -0.38422671 0.07837665
v 0.09767748 0.38400890 -0.07800066
v 0.11886380 -0.40212238 0.03868324
v 0.10145008 -0.12126313 0.07302657
v 0.10133489 0.12141817 -0.07318629
v 0.10163707 -0.25991702 0.07276609
v 0.10145047 0.25994475 -0.07302598
v 0.08543385 -0.27437428 0.09124723
v 0.08536927 0.27437265 -0.09130761
v 0.11604476 -0.13881846 -0.04646082
v 0.11604311 0.13881531 0.04646496
v 0.10715821 0.40677315 -0.06435923
v 0.10651844 -0.40649568 0.06541269
v 0.10190438 -0.33270293 -0.07239123
v 0.10190436 0.33270292 0.07239129
v 0.10552108 0.04177288 0.06700970
v 0.10554349 -0.04190391 -0.06697436
v 0.10899710 -0.26213721 -0.06119334
v 0.10899697 0.26213708 0.06119360
v 0.10252652 0.00661501 0.07150741
v 0.10250125 -0.00689829 -0.07154360
v 0.11884280 -0.21732917 -0.03874767
v 0.11884267 0.21732896 0.03874811
v 0.10139211 -0.30150251 0.07310703
v 0.10138105 0.30142940 -0.07312232
v 0.09755607 -0.32413113 0.07815250
v 0.09763908 0.32399859 -0.07804872
v 0.11637483 -0.42056869 -0.04562776
v 0.11637483 0.42056869 0.04562780
v 0.10441663 0.06317094 0.06871802
v 0.10443366 -0.06324997 -0.06869208
v 0.12049541 -0.30574367 -0.03325430
v 0.12049541 0.30574367 0.03325436
v 0.11279206 -0.30473093 0.05387902
v 0.11275714 0.30461784 -0.05395201
v 0.06744883 -0.37643428 0.10524094
v 0.06752597 0.37638990 -0.10519142
v -0.00391320 -0.37206397 0.12493875
v -0.00391149 0.37206281 -0.12493877
v -0.01424285 -0.37297596 0.12418594
v -0.02466909 -0.37142455 0.12254159
v -0.03515876 -0.37171682 0.11995361
v -0.04500907 -0.37319384 0.11661557
v -0.05494739 -0.37213772 0.11227552
v -0.06404207 -0.37432226 0.10734813
v -0.07256959 -0.37297187 0.10177751
v -0.08073098 -0.37465754 0.09543331
v -0.08830190 -0.37309356 0.08847475
v -0.09538028 -0.37472019 0.08079363
v -0.10173495 -0.37311603 0.07262924
v -0.10746746 -0.37473315 0.06384163
v -0.11239198 -0.37312097 0.05470877
v -0.11659208 -0.37473781 0.04506988
v -0.11993246 -0.37312549 0.03523082
v -0.12247111 -0.37474288 0.02501666
v -0.12412652 -0.37313127 0.01475170
v -0.12492767 -0.37474823 0.00425229
v -0.12484873 -0.37313660 -0.00614815
v -0.12388798 -0.37475251 -0.01663654
v -0.12207576 -0.37314039 -0.02687959
v -0.11937927 -0.37475529 -0.03706203
v -0.11588415 -0.37314262 -0.04686008
v -0.11152718 -0.37475682 -0.05645078
v -0.10644694 -0.37314374 -0.06552901
v -0.10055149 -0.37475748 -0.07425900
v -0.09402847 -0.37314408 -0.08236290
v -0.08675987 -0.37475736 -0.08998736
v -0.07897726 -0.37314330 -0.09688959
v -0.07053999 -0.37475538 -0.10319452
v -0.06171761 -0.37313904 -0.10870113
v -0.05235102 -0.37474694 -0.11350933
v -0.04274173 -0.37312301 -0.11746549
v -0.03271662 -0.37471766 -0.12064253
v -0.02260466 -0.37307170 -0.12293911
v -0.01222215 -0.37462957 -0.12440102
v -0.00192528 -0.37292837 -0.12498515
v 0.00847976 -0.37439655 -0.12471202
v 0.01860207 -0.37257715 -0.12360808
v 0.02864862 -0.37385687 -0.12167272
v 0.03818395 -0.37183699 -0.11902512
v 0.04745178 -0.37278846 -0.11564308
v 0.05602259 -0.37042727 -0.11174284
v 0.06475546 -0.36940407 -0.10691924
v 0.07262935 -0.37408177 -0.10173480
v -0.01424192 0.37297531 -0.12418600
v -0.02466864 0.37142420 -0.12254164
v -0.03515855 0.37171664 -0.11995363
v -0.04500898 0.37319375 -0.11661556
v -0.05494736 0.37213767 -0.11227549
v -0.06404206 0.37432224 -0.10734809
v -0.07256961 0.37297186 -0.10177746
v -0.08073099 0.37465753 -0.09543326
v -0.08830192 0.37309356 -0.08847469
v -0.09538029 0.37472019 -0.08079357
v -0.10173497 0.37311603 -0.07262918
v -0.10746746 0.37473315 -0.06384157
v -0.11239199 0.37312097 -0.05470872
v -0.11659209 0.37473781 -0.04506982
v -0.11993247 0.37312549 -0.03523077
v -0.12247111 0.37474288 -0.02501662
v -0.12412652 0.37313128 -0.01475166
v -0.12492767 0.37474823 -0.00425224
v -0.12484873 0.37313660 0.00614819
v -0.12388798 0.37475252 0.01663658
v -0.12207576 0.37314039 0.02687964
v -0.11937927 0.37475530 0.03706207
v -0.11588415 0.37314263 0.04686012
v -0.11152719 0.37475682 0.05645081
v -0.10644694 0.37314375 0.06552905
v -0.10055150 0.37475749 0.07425903
v -0.09402849 0.37314409 0.08236293
v -0.08675989 0.37475738 0.08998738
v -0.07897729 0.37314332 0.09688960
v -0.07054003 0.37475540 0.10319454
v -0.06171766 0.37313906 0.10870114
v -0.05235108 0.37474696 0.11350935
v -0.04274180 0.37312303 0.11746551
v -0.03271669 0.37471768 0.12064255
v -0.02260475 0.37307172 0.12293914
v -0.01222223 0.37462958 0.12440106
v -0.00192537 0.37292838 0.12498519
v 0.00847969 0.37439655 0.12471207
v 0.01860199 0.37257716 0.12360813
v 0.02864857 0.37385687 0.12167277
v 0.03818390 0.37183699 0.11902518
v 0.04745174 0.37278846 0.11564314
v 0.05602255 0.37042727 0.11174290
v 0.06475543 0.36940407 0.10691930
v 0.07262934 0.37408176 0.10173485
v 0.00583367 -0.37397987 0.12486382
v 0.00583690 0.37397778 -0.12486363
v 0.01570157 -0.37273092 0.12400994
v 0.01570735 0.37272727 -0.12400916
v 0.02560311 -0.37567481 0.12234984
v 0.02561359 0.37566860 -0.12234761
v 0.03482895 -0.37832880 0.12004977
v 0.03484668 0.37831893 -0.12004459
v 0.09314764 -0.21736474 -0.08335772
v 0.09314565 0.21736315 0.08335998
v 0.10729845 -0.28217188 -0.06412516
v 0.10729837 0.28217182 0.06412532
v 0.06075837 -0.37302389 0.10924021
v 0.06081530 0.37299009 -0.10920848
v 0.12331565 -0.29589509 -0.02045099
v 0.12331565 0.29589508 0.02045104
v 0.08567459 -0.37385656 -0.09102119
v 0.08567458 0.37385656 0.09102124
v 0.09865473 -0.34536969 0.07676094
v 0.09881774 0.34514813 -0.07655094
v 0.10857381 -0.30676657 -0.06194126
v 0.10857379 0.30676655 0.06194135
v 0.11009519 -0.17063650 -0.05919495
v 0.11009371 0.17063445 0.05919773
v 0.10364438 -0.45176803 0.06987733
v 0.10402322 0.45177202 -0.06931207
v 0.11521197 -0.31484081 -0.04848912
v 0.11521196 0.31484081 0.04848917
v 0.11219222 -0.36277767 -0.05511713
v 0.11219222 0.36277766 0.05511718
v 0.10708691 -0.32273149 0.06447783
v 0.10720559 0.32254442 -0.06428027
v 0.10987669 -0.24632979 -0.05959954
v 0.10987650 0.24632958 0.05959994
v 0.11346733 -0.12106958 0.05244198
v 0.11332921 0.12120126 -0.05273977
v 0.12443309 0.13851675 -0.01189117
v 0.12368430 -0.13915426 0.01808837
v 0.09943567 -0.27967679 0.07574658
v 0.09933629 0.27966047 -0.07587684
v 0.12430789 -0.36330641 0.01313559
v 0.12425442 -0.36272902 -0.01363204
v 0.12425442 0.36272902 0.01363208
v 0.10653566 -0.29878239 0.06538463
v 0.10649730 0.29871580 -0.06544706
v 0.11902305 0.40890123 -0.03819040
v 0.11120687 -0.40901286 -0.05707912
v 0.11120686 0.40901286 0.05707916
v 0.09689274 0.36668575 -0.07897334
v 0.09667272 -0.36693844 0.07924257
v 0.12481126 0.09893079 -0.00686606
v 0.08015512 -0.38108784 0.09591745
v 0.08029016 0.38101084 -0.09580439
v 0.07431535 -0.37982573 0.10050985
v 0.07442166 0.37976684 -0.10043111
v 0.10528075 -0.26135910 -0.06738662
v 0.10528056 0.26135893 0.06738696
v 0.12192705 -0.39192252 -0.02754610
v 0.12192705 0.39192252 0.02754614
v 0.12345054 0.45247092 -0.01962034
v 0.12190290 -0.16428182 0.02765283
v 0.12189669 0.16684504 -0.02768014
v 0.10161077 -0.18334758 -0.07280277
v 0.10160861 0.18334524 0.07280582
v 0.09625520 -0.30476515 0.07974920
v 0.09626042 0.30469440 -0.07974286
v 0.10163180 -0.13027408 -0.07277341
v 0.10162603 0.13026401 0.07278151
v 0.12056282 -0.15026590 -0.03300908
v 0.12056226 0.15026474 0.03301117
v 0.12267772 0.48737036 -0.02398271
v 0.11882177 -0.40133341 -0.03881211
v 0.11882177 0.40133341 0.03881216
v 0.09482232 -0.19399941 -0.08144765
v 0.09481943 0.19399685 0.08145106
v 0.12217492 -0.28495912 0.02642506
v 0.12178257 0.28702619 -0.02817798
v 0.11075247 0.40041770 -0.05795587
v 0.10993178 -0.40087178 0.05949791
v 0.11994675 -0.12587140 0.03518201
v 0.11979615 0.12552815 -0.03569138
v 0.12152813 -0.31662940 -0.02925589
v 0.12152813 0.31662940 0.02925594
v 0.09438798 0.10032329 0.08195065
v 0.09440077 -0.10035547 -0.08193587
v 0.12078626 -0.28603156 -0.03218187
v 0.12078625 0.28603155 0.03218194
v 0.12139910 -0.26540507 -0.02978676
v 0.12139909 0.26540505 0.02978686
v 0.12333482 -0.35755862 0.02033512
v 0.12328264 -0.35828975 -0.02064910
v 0.12328264 0.35828975 0.02064914
v 0.10514328 -0.14218718 0.06760095
v 0.10507655 0.14245639 -0.06770458
v 0.12176170 0.20966648 -0.02826803
v 0.12176427 -0.20767125 0.02825700
v 0.11539453 -0.16032337 0.04805309
v 0.11545542 0.16100578 -0.04790656
v 0.10895059 -0.15701483 0.06127616
v 0.10891542 0.15751506 -0.06133860
v 0.08374191 -0.09897282 0.09280244
v 0.08357086 0.09912007 -0.09295646
v 0.10788650 -0.19719923 0.06313082
v 0.10761382 0.19816824 -0.06359448
v 0.12369618 -0.12011494 0.01800698
v 0.12406920 0.11819152 -0.01522585
v 0.12088747 -0.13289331 -0.03179956
v 0.12088668 0.13289137 0.03180263
v 0.08333558 0.09958925 0.09316749
v 0.08335802 -0.09961822 -0.09314737
v 0.07642839 0.10152392 0.09891260
v 0.06801638 0.10183607 0.10487504
v 0.05914109 0.10193717 0.11012417
v 0.04979155 0.10189454 0.11465515
v 0.04000948 0.10176229 0.11842400
v 0.02979247 0.10155723 0.12139774
v 0.01938262 0.10081259 0.12348813
v 0.00915400 0.09987539 0.12466438
v -0.00085267 0.09930258 0.12499711
v -0.01498708 -0.10081964 0.12409832
v -0.01086420 0.09928240 0.12452700
v -0.02559597 -0.10078823 0.12235135
v -0.02094358 0.09943920 0.12323300
v -0.03603906 -0.10027756 0.11969208
v -0.03097862 0.09965793 0.12110050
v -0.04605310 -0.09981500 0.11620722
v -0.04086060 0.09991314 0.11813305
v -0.05564523 -0.09943014 0.11193130
v -0.05050067 0.10019934 0.11434461
v -0.06477129 -0.09912420 0.10690972
v -0.05983202 0.10051717 0.10975034
v -0.07335743 -0.09891688 0.10121114
v -0.06881991 0.10087899 0.10434954
v -0.08133161 -0.09890721 0.09492195
v -0.07747344 0.10128771 0.09809625
v -0.08876035 -0.09944118 0.08801482
v -0.08559904 0.10128677 0.09109233
v -0.09579493 -0.10025419 0.08030155
v -0.09303412 0.10120279 0.08348449
v -0.10235433 -0.10071063 0.07175374
v -0.09975566 0.10112682 0.07532473
v -0.10816368 -0.10046528 0.06265481
v -0.10573783 0.10104722 0.06666722
v -0.11303203 -0.09989918 0.05337384
v -0.11095879 0.10095527 0.05756000
v -0.11703317 -0.09986136 0.04391179
v -0.11539533 0.10086235 0.04805127
v -0.12026241 -0.09984490 0.03408751
v -0.11902054 0.10078589 0.03819841
v -0.12267548 -0.09981042 0.02399445
v -0.12180670 0.10073102 0.02807374
v -0.12424550 -0.09976377 0.01371358
v -0.12373286 0.10068855 0.01775344
v -0.12495608 -0.09971598 0.00331405
v -0.12478607 0.10065088 0.00731047
v -0.12479668 -0.09967481 -0.00712705
v -0.12495939 0.10061745 -0.00318698
v -0.12376498 -0.09964145 -0.01752813
v -0.12425058 0.10059690 -0.01366738
v -0.12186671 -0.09961109 -0.02781203
v -0.12266364 0.10059824 -0.02405484
v -0.11911269 -0.09958258 -0.03791005
v -0.12021253 0.10062818 -0.03426299
v -0.11551809 -0.09956116 -0.04775535
v -0.11692974 0.10069102 -0.04418641
v -0.11110609 -0.09955580 -0.05727513
v -0.11287651 0.10082434 -0.05370192
v -0.10590994 -0.09957085 -0.06639342
v -0.10797860 0.10150702 -0.06297320
v -0.09997169 -0.09960335 -0.07503774
v -0.10217067 0.10186595 -0.07201498
v -0.09333713 -0.09964670 -0.08314554
v -0.09563800 0.10149594 -0.08048835
v -0.08605400 -0.09969284 -0.09066262
v -0.08864286 0.10073264 -0.08813310
v -0.07817189 -0.09973636 -0.09754053
v -0.08125619 0.10021709 -0.09498648
v -0.06974266 -0.09977234 -0.10373505
v -0.07332167 0.10023243 -0.10123701
v -0.06081958 -0.09979927 -0.10920612
v -0.06476189 0.10045926 -0.10691537
v -0.05145801 -0.09982416 -0.11391695
v -0.05561322 0.10081455 -0.11194716
v -0.04171537 -0.09985888 -0.11783389
v -0.04585983 0.10125912 -0.11628359
v -0.03165374 -0.09990331 -0.12092575
v -0.03570188 0.10128375 -0.11979304
v -0.02133769 -0.09986827 -0.12316533
v -0.02535938 0.10120030 -0.12240056
v -0.01101039 -0.09947016 -0.12451412
v -0.01493475 0.10110904 -0.12410459
v -0.00091571 -0.09931834 -0.12499663
v 0.00911950 -0.09979702 -0.12466687
v 0.01936730 -0.10069328 -0.12349049
v 0.02979868 -0.10142809 -0.12139618
v 0.04003973 -0.10164350 -0.11841374
v 0.04983944 -0.10180388 -0.11463430
v 0.05919297 -0.10188545 -0.11009625
v 0.06806031 -0.10182078 -0.10484649
v 0.07646083 -0.10153432 -0.09888748
v -0.00450504 -0.10066878 0.12491881
v -0.00457840 0.10102947 -0.12491611
v 0.00602694 -0.10098176 0.12485464
v 0.00585627 0.10143520 -0.12486272
v 0.01686388 -0.10147702 0.12385723
v 0.01661292 0.10198281 -0.12389110
v 0.02788528 -0.10153277 0.12184997
v 0.02757787 0.10202717 -0.12191987
v 0.03872818 -0.10095497 0.11884920
v 0.03839886 0.10138787 -0.11895596
v 0.04992482 -0.10084667 0.11459719
v 0.04961705 0.10118645 -0.11473073
v 0.05986741 -0.09759284 0.10973102
v 0.05957913 0.09786955 -0.10988776
v 0.09336114 -0.23109295 0.08311857
v 0.09316602 0.23126595 -0.08333718
v 0.12190336 -0.18762388 0.02765079
v 0.12149674 0.18868381 -0.02938597
v 0.09777253 0.40305415 -0.07788148
v 0.09740918 -0.40306793 0.07833550
v 0.06908088 -0.10045597 0.10417693
v 0.06885592 0.10066290 -0.10432571
v 0.11406904 -0.34758577 0.05111996
v 0.11442488 0.34729400 -0.05031838
v 0.10281747 -0.43169479 -0.07108839
v 0.10281747 0.43169479 0.07108844
v 0.08946211 -0.19210746 0.08730137
v 0.08933107 0.19235662 -0.08743542
v 0.10095271 -0.24247475 0.07371261
v 0.10070101 0.24261793 -0.07405605
v 0.11905574 0.08187370 -0.03808837
v 0.11920312 -0.08151671 0.03762463
v 0.11953633 0.45418790 -0.03655215
v 0.07713598 -0.09425858 0.09836178
v 0.07692060 0.09444055 -0.09853027
v 0.12336390 0.12652235 -0.02015792
v 0.12331247 -0.12967334 0.02047020
v 0.10447968 -0.42038648 0.06862212
v 0.10479199 0.42080266 -0.06814420
v 0.11847004 -0.17908315 0.03987288
v 0.10728689 0.00472912 0.06414453
v 0.10726037 -0.00491508 -0.06418883
v 0.11473228 0.09784420 0.04961352
v 0.11473698 -0.09785838 -0.04960261
v 0.10338755 -0.21696863 0.07025677
v 0.10306824 0.21749505 -0.07072433
v 0.11555009 -0.28336098 0.04767782
v 0.11536279 0.28355346 -0.04812919
v 0.09379468 -0.26553150 -0.08262899
v 0.09379423 0.26553119 0.08262955
v 0.11992248 -0.09149714 -0.03526460
v 0.11991996 0.09148779 0.03527321
v 0.10732028 -0.27199976 0.06408864
v 0.10715558 0.27199384 -0.06436362
v 0.11553313 -0.11346029 0.04771890
v 0.11534701 0.11360471 -0.04816700
v 0.12134005 0.00256301 0.03002645
v 0.12133505 -0.00258502 -0.03004660
v 0.11106623 0.11356617 0.05735234
v 0.11107083 -0.11357726 -0.05734339
v 0.09812735 -0.24436385 -0.07743394
v 0.09812670 0.24436331 0.07743481
v 0.11876564 -0.13147127 0.03898356
v 0.11872110 0.13133609 -0.03911896
v 0.12409791 0.35169568 -0.01499006
v 0.11914001 -0.15891661 -0.03782394
v 0.11913938 0.15891543 0.03782597
v 0.11194384 -0.37809620 0.05561991
v 0.11216867 0.37683821 -0.05516503
v 0.07883394 -0.27492197 0.09700624
v 0.07878656 0.27492033 -0.09704468
v 0.12097435 -0.20264168 -0.03146746
v 0.12097423 0.20264145 0.03146796
v 0.09457543 -0.28001060 0.08173425
v 0.09449597 0.27999578 -0.08182606
v 0.10157381 -0.03206684 0.07285437
v 0.10139974 0.03200715 -0.07309641
v 0.10626120 -0.28313667 0.06582974
v 0.10614637 0.28312174 -0.06601470
v 0.11603754 0.07715140 0.04647887
v 0.11604343 -0.07717538 -0.04646412
v 0.11724980 -0.19756235 0.04332991
v 0.11689447 0.19977383 -0.04427951
v 0.08533328 -0.21923218 0.09134129
v 0.08519969 0.21937324 -0.09146587
v 0.09733729 0.06202939 0.07842481
v 0.09735798 -0.06213364 -0.07839909
v 0.12364719 -0.32528534 0.01834030
v 0.10732314 -0.49028011 -0.06408382
v 0.10732314 0.49028011 0.06408386
v 0.11032293 -0.42544478 0.05876946
v 0.11189080 0.42568023 -0.05572649
v 0.11415149 -0.41164065 -0.05093554
v 0.11415149 0.41164065 0.05093558
v 0.12102462 0.23141064 -0.03127354
v 0.12078536 0.02126869 0.03218529
v 0.12078490 -0.02130263 -0.03218698
v 0.09082167 -0.19999084 0.08588611
v 0.09066841 0.20025694 -0.08604784
v 0.06384595 -0.24890556 0.10746486
v 0.06380451 0.24892109 -0.10748943
v 0.11280491 -0.27578519 0.05385210
v 0.11263172 0.27585521 -0.05421336
v 0.09649667 -0.20397405 0.07945685
v 0.09629299 0.20435781 -0.07970353
v 0.10796141 0.43571810 -0.06300259
v 0.10816883 -0.43950009 0.06264585
v 0.10020082 -0.47235464 0.07473147
v 0.10044520 0.47232665 -0.07440265
v 0.11657526 -0.02008493 0.04511326
v 0.11654385 0.02006645 -0.04519429
v 0.09236175 -0.20626804 -0.08422767
v 0.09235893 0.20626578 0.08423080
v 0.11691154 -0.11266354 -0.04423443
v 0.11690887 0.11265678 0.04424154
v 0.05616490 -0.27161742 0.11167142
v 0.05614736 0.27161678 -0.11168020
v 0.08104021 -0.26936552 -0.09517077
v 0.08103922 0.26936501 0.09517167
v 0.04676823 -0.27241525 0.11592125
v 0.04675694 0.27241395 -0.11592576
v 0.03657198 -0.27187833 0.11953030
v 0.03656449 0.27187682 -0.11953256
v 0.02632304 -0.27075381 0.12219698
v 0.02631750 0.27075213 -0.12219813
v 0.01615345 -0.26994257 0.12395189
v 0.01614882 0.26994069 -0.12395245
v 0.00603715 -0.26931685 0.12485415
v 0.00603270 0.26931477 -0.12485432
v -0.00408609 -0.26863800 0.12493322
v -0.00409085 0.26863580 -0.12493302
v -0.01428063 -0.26796432 0.12418160
v -0.02443923 -0.26731005 0.12258764
v -0.03472365 -0.26574119 0.12008028
v -0.04484649 -0.26652361 0.11667819
v -0.05457897 -0.26543150 0.11245507
v -0.06402151 -0.26670630 0.10736039
v -0.07265507 -0.26696685 0.10171651
v -0.08080055 -0.26698618 0.09537441
v -0.08840023 -0.26688545 0.08837651
v -0.09539595 -0.26656191 0.08077512
v -0.10195756 -0.26527098 0.07231641
v -0.10783376 -0.26657141 0.06322094
v -0.11271341 -0.26691632 0.05404344
v -0.11681657 -0.26706646 0.04448478
v -0.12011621 -0.26716013 0.03459918
v -0.12258316 -0.26722716 0.02446171
v -0.12419697 -0.26727625 0.01414630
v -0.12494447 -0.26731187 0.00372631
v -0.12481901 -0.26733728 -0.00672465
v -0.12382034 -0.26735508 -0.01713269
v -0.12195458 -0.26736733 -0.02742417
v -0.11923417 -0.26737561 -0.03752620
v -0.11567777 -0.26738111 -0.04736726
v -0.11131005 -0.26738469 -0.05687773
v -0.10616154 -0.26738695 -0.06599038
v -0.10026836 -0.26738825 -0.07464085
v -0.09367199 -0.26738876 -0.08276810
v -0.08641898 -0.26738844 -0.09031478
v -0.07856071 -0.26738699 -0.09722764
v -0.07015312 -0.26738384 -0.10345791
v -0.06125653 -0.26737808 -0.10896163
v -0.05193532 -0.26736841 -0.11370013
v -0.04225781 -0.26735317 -0.11764045
v -0.03229586 -0.26733043 -0.12075584
v -0.02212459 -0.26729817 -0.12302641
v -0.01182177 -0.26725478 -0.12443971
v -0.00146713 -0.26719964 -0.12499137
v 0.00885838 -0.26713432 -0.12468570
v 0.01907308 -0.26706384 -0.12353628
v 0.02909381 -0.26699902 -0.12156703
v 0.03883363 -0.26695578 -0.11881474
v 0.04819615 -0.26694837 -0.11533483
v 0.05707335 -0.26696997 -0.11120983
v 0.06536776 -0.26693223 -0.10654599
v 0.07333219 -0.26632242 -0.10122935
v -0.01428593 0.26796214 -0.12418095
v -0.02444510 0.26730805 -0.12258643
v -0.03473021 0.26573955 -0.12007834
v -0.04485298 0.26652264 -0.11667565
v -0.05458549 0.26543124 -0.11245186
v -0.06402725 0.26670676 -0.10735693
v -0.07266005 0.26696792 -0.10171291
v -0.08080465 0.26698773 -0.09537090
v -0.08840342 0.26688730 -0.08837327
v -0.09539830 0.26656392 -0.08077231
v -0.10195920 0.26527307 -0.07231406
v -0.10783476 0.26657335 -0.06321919
v -0.11271402 0.26691816 -0.05404214
v -0.11681691 0.26706819 -0.04448384
v -0.12011638 0.26716177 -0.03459853
v -0.12258324 0.26722873 -0.02446127
v -0.12419700 0.26727780 -0.01414602
v -0.12494447 0.26731346 -0.00372614
v -0.12481901 0.26733898 0.00672470
v -0.12382036 0.26735699 0.01713260
v -0.12195466 0.26736957 0.02742387
v -0.11923438 0.26737832 0.03752559
v -0.11567822 0.26738447 0.04736620
v -0.11131094 0.26738887 0.05687602
v -0.10616315 0.26739210 0.06598783
v -0.10027104 0.26739446 0.07463729
v -0.09367617 0.26739600 0.08276341
v -0.08642510 0.26739654 0.09030897
v -0.07856914 0.26739565 0.09722087
v -0.07016411 0.26739263 0.10345050
v -0.06127006 0.26738650 0.10895406
v -0.05195114 0.26737598 0.11369295
v -0.04227535 0.26735948 0.11763419
v -0.03231435 0.26733522 0.12075094
v -0.02214314 0.26730136 0.12302312
v -0.01183951 0.26725648 0.12443806
v -0.00148333 0.26720009 0.12499122
v 0.00884423 0.26713382 0.12468675
v 0.01906125 0.26706273 0.12353814
v 0.02908432 0.26699760 0.12156935
v 0.03882631 0.26695428 0.11881717
v 0.04819072 0.26694697 0.11533714
v 0.05706947 0.26696876 0.11121186
v 0.06536508 0.26693124 0.10654768
v 0.07333041 0.26632164 0.10123068
v 0.11302999 0.36191733 -0.05337802
v 0.09088866 0.07005095 0.08581521
v 0.09090860 -0.07014930 -0.08579405
v 0.11283095 -0.36250372 0.05379753
v 0.12304650 -0.09452330 -0.02201258
v 0.12304565 0.09451923 0.02201735
v 0.09959071 -0.14742422 -0.07554259
v 0.09958589 0.14741779 0.07554899
v 0.11502355 -0.24571446 0.04893445
v 0.11472202 0.24510818 -0.04963719
v 0.10529999 -0.00366862 0.06735659
v 0.10523884 0.00346419 -0.06745205
v 0.12097298 -0.39838291 0.03147275
v 0.09823030 -0.26296980 -0.07730331
v 0.09822995 0.26296953 0.07730379
v 0.07746326 -0.06745012 0.09810425
v 0.07712920 0.06768398 -0.09836706
v 0.09467443 -0.23501949 -0.08161951
v 0.09467328 0.23501859 0.08162089
v 0.11826671 -0.33011780 -0.04047194
v 0.11826671 0.33011780 0.04047199
v 0.08606399 -0.34294233 0.09065312
v 0.08616048 0.34283120 -0.09056138
v 0.12385588 -0.13102361 -0.01687349
v 0.12385567 0.13102277 0.01687507
v 0.11061637 -0.07161199 0.05821525
v 0.11048295 0.07174918 -0.05846803
v 0.10989287 -0.36773933 -0.05956970
v 0.10989287 0.36773933 0.05956974
v 0.12481666 -0.15713917 0.00676734
v 0.10206748 0.08903323 0.07216113
v 0.10207890 -0.08907283 -0.07214493
v 0.09798389 -0.26365989 0.07761544
v 0.09783474 0.26368024 -0.07780331
v 0.11512667 -0.42887413 0.04869135
v 0.10234169 -0.17038634 0.07177171
v 0.10223513 0.17087819 -0.07192336
v 0.11637367 0.42762571 -0.04563072
v 0.08799232 -0.26798174 -0.08878257
v 0.08799164 0.26798134 0.08878328
v 0.11713920 0.04847880 0.04362803
v 0.11714531 -0.04852310 -0.04361158
v 0.11002825 -0.35905601 0.05931932
v 0.11026400 0.35855824 -0.05887990
v 0.11113436 -0.19592200 0.05722020
v 0.11084316 0.19723010 -0.05778224
v 0.10552359 -0.41374037 0.06700574
v 0.10607630 0.41438322 -0.06612723
v 0.12492863 -0.22183060 -0.00422283
v 0.12492863 0.22183059 0.00422291
v 0.12439517 -0.46447685 0.01228156
v 0.12442241 -0.46515916 -0.01200246
v 0.12442241 0.46515916 0.01200250
v 0.12216429 -0.13552895 -0.02647412
v 0.12216380 0.13552762 0.02647645
v 0.11678493 -0.24341841 -0.04456761
v 0.11678485 0.24341829 0.04456789
v 0.11344362 0.13786125 -0.05249322
v 0.11347433 -0.13762934 0.05242684
v 0.11257050 -0.23315626 0.05434041
v 0.11202201 0.23351166 -0.05546226
v 0.12402604 -0.06449867 0.01557355
v 0.12400334 0.06472740 -0.01575323
v 0.12494889 -0.32563903 -0.00357352
v 0.12494889 0.32563903 0.00357356
v 0.12490229 -0.32637723 0.00494099
v 0.10540960 -0.47223171 -0.06718489
v 0.10540960 0.47223171 0.06718493
v 0.09185817 0.48004909 -0.08477658
v 0.09172269 -0.48005917 0.08492319
v 0.09592437 -0.48093147 -0.08014679
v 0.09592437 0.48093147 0.08014683
v 0.12179641 -0.48067057 -0.02811808
v 0.12179641 0.48067057 0.02811812
v 0.10089793 -0.38811185 -0.07378754
v 0.10089793 0.38811185 0.07378758
v 0.10874232 -0.47976388 -0.06164495
v 0.10874232 0.47976388 0.06164499
v 0.10081977 -0.47678023 -0.07389429
v 0.10081977 0.47678023 0.07389433
v 0.08451554 -0.47993850 0.09209844
v 0.08461661 0.47992990 -0.09200555
v 0.09310207 -0.40954319 0.08340865
v 0.09341041 0.40954390 -0.08306315
v 0.09428217 0.44705881 -0.08207231
v 0.09392322 -0.44707089 0.08248290
v 0.07219896 -0.29851719 0.10204074
v 0.07219551 0.29849656 -0.10204313
v 0.07707563 0.01724360 0.09840908
v 0.07608123 -0.01825325 -0.09917983
v 0.07730651 -0.42835191 -0.09822778
v 0.07730651 0.42835191 0.09822782
v 0.03194196 -0.42788239 0.12084997
v 0.03195835 0.42787784 -0.12084559
v 0.01831553 -0.42828052 0.12365090
v 0.01832357 0.42827800 -0.12364967
v 0.00906432 -0.43015721 0.12467094
v 0.00906920 0.43015559 -0.12467054
v 0.00111262 -0.43174145 0.12499507
v 0.00111570 0.43174037 -0.12499500
v -0.00671288 -0.42841467 0.12481964
v -0.00671097 0.42841393 -0.12481970
v -0.01458347 -0.42916105 0.12414640
v -0.02538726 -0.42821771 0.12239483
v -0.03550766 -0.42867640 0.11985080
v -0.04549683 -0.42895179 0.11642614
v -0.05516565 -0.42911168 0.11216844
v -0.06441671 -0.42922665 0.10712374
v -0.07318761 -0.42931533 0.10133401
v -0.08142511 -0.42938173 0.09484176
v -0.08907958 -0.42942870 0.08769171
v -0.09610355 -0.42946004 0.07993194
v -0.10245173 -0.42947988 0.07161460
v -0.10808167 -0.42949185 0.06279618
v -0.11295471 -0.42949876 0.05353729
v -0.11703676 -0.42950261 0.04390221
v -0.12029896 -0.42950470 0.03395830
v -0.12271814 -0.42950582 0.02377531
v -0.12427703 -0.42950642 0.01342481
v -0.12496451 -0.42950677 0.00297958
v -0.12477560 -0.42950698 -0.00748695
v -0.12371156 -0.42950713 -0.01790123
v -0.12177981 -0.42950723 -0.02819012
v -0.11899386 -0.42950731 -0.03828138
v -0.11537327 -0.42950737 -0.04810419
v -0.11094340 -0.42950741 -0.05758962
v -0.10573535 -0.42950744 -0.06667112
v -0.09978564 -0.42950746 -0.07528497
v -0.09313601 -0.42950749 -0.08337076
v -0.08583311 -0.42950754 -0.09087176
v -0.07792816 -0.42950766 -0.09773536
v -0.06947656 -0.42950792 -0.10391346
v -0.06053746 -0.42950847 -0.10936276
v -0.05117322 -0.42950958 -0.11404516
v -0.04144877 -0.42951159 -0.11792793
v -0.03143081 -0.42951502 -0.12098388
v -0.02118686 -0.42952041 -0.12319137
v -0.01078400 -0.42952826 -0.12453393
v -0.00028712 -0.42953881 -0.12499965
v 0.01024397 -0.42955145 -0.12457951
v 0.02075995 -0.42956216 -0.12326402
v 0.03123100 -0.42955197 -0.12103561
v 0.04165776 -0.42945100 -0.11785425
v 0.05212008 -0.42913614 -0.11361554
v 0.06307044 -0.42910016 -0.10792179
v 0.07027545 -0.42669220 -0.10337482
v -0.01458233 0.42916058 -0.12414649
v -0.02538676 0.42821748 -0.12239489
v -0.03550743 0.42867629 -0.11985082
v -0.04549673 0.42895174 -0.11642613
v -0.05516561 0.42911165 -0.11216841
v -0.06441669 0.42922663 -0.10712371
v -0.07318760 0.42931532 -0.10133397
v -0.08142511 0.42938173 -0.09484172
v -0.08907958 0.42942870 -0.08769167
v -0.09610355 0.42946004 -0.07993190
v -0.10245173 0.42947988 -0.07161456
v -0.10808167 0.42949185 -0.06279614
v -0.11295471 0.42949876 -0.05353724
v -0.11703676 0.42950261 -0.04390217
v -0.12029896 0.42950470 -0.03395826
v -0.12271814 0.42950582 -0.02377527
v -0.12427703 0.42950642 -0.01342477
v -0.12496451 0.42950677 -0.00297954
v -0.12477560 0.42950698 0.00748699
v -0.12371156 0.42950713 0.01790127
v -0.12177981 0.42950723 0.02819016
v -0.11899386 0.42950731 0.03828142
v -0.11537327 0.42950737 0.04810423
v -0.11094340 0.42950741 0.05758966
v -0.10573535 0.42950744 0.06667116
v -0.09978564 0.42950746 0.07528501
v -0.09313601 0.42950749 0.08337080
v -0.08583311 0.42950754 0.09087180
v -0.07792816 0.42950766 0.09773541
v -0.06947656 0.42950792 0.10391350
v -0.06053746 0.42950847 0.10936281
v -0.05117323 0.42950958 0.11404520
v -0.04144878 0.42951159 0.11792797
v -0.03143081 0.42951502 0.12098393
v -0.02118686 0.42952041 0.12319141
v -0.01078400 0.42952826 0.12453398
v -0.00028713 0.42953881 0.12499969
v 0.01024397 0.42955145 0.12457956
v 0.02075995 0.42956216 0.12326406
v 0.03123100 0.42955197 0.12103565
v 0.04165776 0.42945100 0.11785429
v 0.05212008 0.42913614 0.11361558
v 0.06307044 0.42910016 0.10792183
v 0.07027545 0.42669220 0.10337486
v 0.04240323 -0.42708618 0.11758813
v 0.04243147 0.42707923 -0.11757790
v 0.05155695 -0.42659606 0.11387222
v 0.05160261 0.42658623 -0.11385150
v 0.06035797 -0.42675976 0.10946195
v 0.06043124 0.42674675 -0.10942147
v 0.07047583 -0.42729678 0.10323835
v 0.07059824 0.42728117 -0.10315465
v 0.07716534 -0.42399494 0.09833875
v 0.07733300 0.42397831 -0.09820692
v 0.09447741 -0.42785857 -0.08184749
v 0.09447741 0.42785857 0.08184753
v 0.07727407 -0.40174029 0.09825334
v 0.07741785 0.40170104 -0.09814005
v 0.08945042 0.44055324 -0.08731332
v 0.08915552 -0.44055876 0.08761446
v 0.07555723 -0.39430620 -0.09957960
v 0.07555723 0.39430620 0.09957965
v -0.01570899 -0.40380433 0.12400901
v -0.02553362 -0.40432873 0.12236437
v -0.03560517 -0.40472371 0.11982186
v -0.04552289 -0.40504771 0.11641595
v -0.05513742 -0.40531693 0.11218232
v -0.06434896 -0.40553606 0.10716445
v -0.07308664 -0.40570220 0.10140686
v -0.08129877 -0.40581774 0.09495008
v -0.08893828 -0.40589282 0.08783502
v -0.09595767 -0.40593931 0.08010701
v -0.10230988 -0.40596702 0.07181710
v -0.10795038 -0.40598302 0.06302160
v -0.11283866 -0.40599205 0.05378144
v -0.11693925 -0.40599710 0.04416129
v -0.12022226 -0.40599998 0.03422887
v -0.12266376 -0.40600171 0.02405428
v -0.12424597 -0.40600286 0.01370934
v -0.12495732 -0.40600370 0.00326704
v -0.12479255 -0.40600435 -0.00719901
v -0.12375262 -0.40600486 -0.01761514
v -0.12184475 -0.40600527 -0.02790809
v -0.11908225 -0.40600559 -0.03800553
v -0.11548449 -0.40600582 -0.04783655
v -0.11107669 -0.40600599 -0.05733212
v -0.10588976 -0.40600610 -0.06642560
v -0.09996010 -0.40600616 -0.07505318
v -0.09332932 -0.40600616 -0.08315431
v -0.08604396 -0.40600606 -0.09067214
v -0.07815521 -0.40600578 -0.09755390
v -0.06971849 -0.40600514 -0.10375129
v -0.06079316 -0.40600378 -0.10922083
v -0.05144203 -0.40600101 -0.11392416
v -0.04173096 -0.40599547 -0.11782837
v -0.03172832 -0.40598472 -0.12090621
v -0.02150452 -0.40596428 -0.12313631
v -0.01113144 -0.40592624 -0.12450336
v -0.00068195 -0.40585660 -0.12499812
v 0.00977057 -0.40573089 -0.12461754
v 0.02015187 -0.40550574 -0.12336489
v 0.03038515 -0.40510443 -0.12125072
v 0.04038423 -0.40439111 -0.11829669
v 0.05004010 -0.40312997 -0.11454685
v 0.05929453 -0.40097052 -0.11004159
v 0.06832186 -0.40074664 -0.10467624
v -0.01570803 0.40380381 -0.12400909
v -0.02553310 0.40432844 -0.12236444
v -0.03560491 0.40472355 -0.11982190
v -0.04552277 0.40504763 -0.11641596
v -0.05513737 0.40531689 -0.11218230
v -0.06434894 0.40553604 -0.10716442
v -0.07308663 0.40570219 -0.10140682
v -0.08129877 0.40581773 -0.09495004
v -0.08893828 0.40589282 -0.08783498
v -0.09595767 0.40593931 -0.08010697
v -0.10230988 0.40596702 -0.07181705
v -0.10795038 0.40598302 -0.06302156
v -0.11283866 0.40599205 -0.05378140
v -0.11693925 0.40599710 -0.04416125
v -0.12022226 0.40599998 -0.03422883
v -0.12266376 0.40600171 -0.02405423
v -0.12424597 0.40600286 -0.01370930
v -0.12495732 0.40600370 -0.00326700
v -0.12479255 0.40600435 0.00719905
v -0.12375262 0.40600486 0.01761518
v -0.12184475 0.40600527 0.02790813
v -0.11908225 0.40600559 0.03800557
v -0.11548449 0.40600582 0.04783659
v -0.11107669 0.40600599 0.05733216
v -0.10588976 0.40600610 0.06642564
v -0.09996010 0.40600616 0.07505322
v -0.09332932 0.40600616 0.08315435
v -0.08604396 0.40600606 0.09067218
v -0.07815521 0.40600578 0.09755394
v -0.06971850 0.40600514 0.10375133
v -0.06079317 0.40600378 0.10922087
v -0.05144204 0.40600101 0.11392420
v -0.04173097 0.40599547 0.11782841
v -0.03172832 0.40598472 0.12090625
v -0.02150453 0.40596428 0.12313635
v -0.01113145 0.40592624 0.12450340
v -0.00068195 0.40585660 0.12499816
v 0.00977056 0.40573089 0.12461758
v 0.02015186 0.40550574 0.12336493
v 0.03038515 0.40510443 0.12125076
v 0.04038423 0.40439111 0.11829673
v 0.05004009 0.40312997 0.11454690
v 0.05929452 0.40097052 0.11004164
v 0.06832186 0.40074664 0.10467629
v -0.00693153 -0.40393547 0.12480769
v -0.00692979 0.40393459 -0.12480774
v 0.00259411 -0.40259031 0.12497310
v 0.00259726 0.40258878 -0.12497299
v 0.01189001 -0.40495391 0.12443324
v 0.01189546 0.40495147 -0.12443268
v 0.02181843 -0.40288579 0.12308111
v 0.02182818 0.40288159 -0.12307934
v 0.03021583 -0.40553783 0.12129306
v 0.03023123 0.40553183 -0.12128918
v 0.04314738 -0.40413993 0.11731712
v 0.04317709 0.40412910 -0.11730615
v 0.05101934 -0.40456387 0.11411411
v 0.05106454 0.40454882 -0.11409385
v 0.08410194 -0.39765681 -0.09247625
v 0.08410193 0.39765680 0.09247629
v 0.05812846 -0.40496153 0.11066203
v 0.05819329 0.40494174 -0.11062790
v 0.09210403 -0.46395323 -0.08450940
v 0.09210403 0.46395323 0.08450945
v 0.09110396 -0.32314613 -0.08558657
v 0.09110389 0.32314610 0.08558668
v 0.07239937 0.01522727 0.10189864
v 0.07176449 -0.01564593 -0.10234672
v 0.05718892 -0.01516943 0.11115048
v 0.05719734 0.01504652 -0.11114611
v 0.04690300 -0.01321682 0.11586678
v 0.04673586 0.01167874 -0.11593426
v 0.03652500 0.01095952 -0.11954463
v 0.01641802 -0.01245214 0.12391712
v -0.00529303 -0.01068079 0.12488791
v -0.01069839 0.01427886 0.12454136
v -0.02591804 -0.01191992 0.12228353
v -0.03200247 0.01368849 0.12083397
v -0.04770616 -0.01417243 0.11553843
v -0.05311499 0.01393632 0.11315390
v -0.10468114 0.01301367 0.06831447
v -0.09646068 -0.01255080 0.07950059
v -0.09926026 0.01115820 0.07597637
v -0.11839923 0.01367785 0.04008278
v -0.11315041 -0.01255825 0.05312243
v -0.11495844 0.01179377 0.04908731
v -0.12292100 -0.01339523 0.02270316
v -0.12376821 0.01344520 0.01750535
v -0.12146915 -0.01295923 -0.02949999
v -0.12005047 0.01341431 -0.03482657
v -0.09079398 0.01339191 -0.08591539
v -0.09970844 -0.01207574 -0.07538719
v -0.09691768 0.01157709 -0.07894280
v -0.07789526 -0.01419677 -0.09776158
v -0.07356787 0.01295081 -0.10105824
v -0.05888280 -0.01494727 -0.11026248
v -0.05382964 0.01316227 -0.11281563
v 0.00616265 0.01520448 -0.12484797
v -0.00918451 -0.01359548 -0.12466210
v -0.00411499 0.01198771 -0.12493223
v 0.07379806 -0.44797175 0.10089027
v 0.07392878 0.44796023 -0.10079448
v 0.06441767 -0.44644194 0.10712313
v 0.06450079 0.44643190 -0.10707306
v 0.08050558 -0.44579286 -0.09562345
v 0.08050558 0.44579286 0.09562349
v 0.05725899 -0.44381754 0.11111440
v 0.05731915 0.44380885 -0.11108334
v 0.04958012 -0.44253652 0.11474674
v 0.04962031 0.44252961 -0.11472932
v 0.03929265 -0.44456176 0.11866377
v 0.03931512 0.44455718 -0.11865629
v 0.02882064 -0.44672395 0.12163213
v 0.02883315 0.44672104 -0.12162912
v 0.01776568 -0.45072981 0.12373110
v 0.01777246 0.45072807 -0.12373008
v 0.00909765 -0.44940909 0.12466851
v 0.00910215 0.44940783 -0.12466814
v -0.00041267 -0.44836455 0.12499934
v -0.00040997 0.44836372 -0.12499931
v -0.00982605 -0.44665074 0.12461322
v -0.00982450 0.44665021 -0.12461330
v -0.01819325 -0.44373337 0.12366896
v -0.02969626 -0.44532088 0.12142133
v -0.04019184 -0.44530491 0.11836225
v -0.05014499 -0.44523181 0.11450104
v -0.05964247 -0.44524756 0.10985346
v -0.06867762 -0.44529014 0.10444325
v -0.07720538 -0.44533290 0.09830736
v -0.08517537 -0.44536749 0.09148860
v -0.09253828 -0.44539260 0.08403377
v -0.09924706 -0.44540955 0.07599361
v -0.10525757 -0.44542032 0.06742293
v -0.11052927 -0.44542683 0.05838055
v -0.11502590 -0.44543059 0.04892902
v -0.11871615 -0.44543268 0.03913416
v -0.12157411 -0.44543380 0.02906447
v -0.12357962 -0.44543438 0.01879053
v -0.12471851 -0.44543469 0.00838446
v -0.12498270 -0.44543485 -0.00208067
v -0.12437029 -0.44543493 -0.01253138
v -0.12288554 -0.44543499 -0.02289431
v -0.12053884 -0.44543502 -0.03309672
v -0.11734664 -0.44543504 -0.04306702
v -0.11333135 -0.44543506 -0.05273527
v -0.10852111 -0.44543508 -0.06203362
v -0.10294968 -0.44543509 -0.07089686
v -0.09665613 -0.44543513 -0.07926281
v -0.08968460 -0.44543520 -0.08707280
v -0.08208399 -0.44543539 -0.09427205
v -0.07390755 -0.44543584 -0.10081009
v -0.06521251 -0.44543682 -0.10664111
v -0.05605955 -0.44543886 -0.11172432
v -0.04651221 -0.44544290 -0.11602419
v -0.03663613 -0.44545053 -0.11951063
v -0.02649826 -0.44546434 -0.12215907
v -0.01616580 -0.44548861 -0.12395024
v -0.00570506 -0.44553054 -0.12486972
v 0.00482011 -0.44560326 -0.12490701
v 0.01535110 -0.44573315 -0.12405377
v 0.02584271 -0.44597876 -0.12229942
v 0.03629349 -0.44647035 -0.11961512
v 0.04677158 -0.44724934 -0.11591986
v 0.05720145 -0.44761880 -0.11114399
v -0.01819237 0.44373304 -0.12366905
v -0.02969591 0.44532073 -0.12142137
v -0.04019170 0.44530484 -0.11836226
v -0.05014493 0.44523177 -0.11450102
v -0.05964244 0.44524754 -0.10985343
v -0.06867761 0.44529013 -0.10444321
v -0.07720538 0.44533290 -0.09830732
v -0.08517537 0.44536749 -0.09148856
v -0.09253828 0.44539260 -0.08403373
v -0.09924706 0.44540955 -0.07599357
v -0.10525757 0.44542032 -0.06742289
v -0.11052927 0.44542683 -0.05838051
v -0.11502590 0.44543059 -0.04892898
v -0.11871615 0.44543268 -0.03913412
v -0.12157411 0.44543380 -0.02906443
v -0.12357962 0.44543438 -0.01879049
v -0.12471851 0.44543469 -0.00838442
v -0.12498270 0.44543485 0.00208072
v -0.12437029 0.44543493 0.01253143
v -0.12288554 0.44543499 0.02289435
v -0.12053884 0.44543502 0.03309676
v -0.11734664 0.44543504 0.04306707
v -0.11333135 0.44543506 0.05273531
v -0.10852111 0.44543508 0.06203366
v -0.10294968 0.44543509 0.07089690
v -0.09665613 0.44543513 0.07926286
v -0.08968460 0.44543520 0.08707284
v -0.08208399 0.44543539 0.09427209
v -0.07390755 0.44543584 0.10081013
v -0.06521251 0.44543682 0.10664115
v -0.05605955 0.44543886 0.11172437
v -0.04651221 0.44544290 0.11602423
v -0.03663613 0.44545053 0.11951067
v -0.02649826 0.44546434 0.12215911
v -0.01616580 0.44548861 0.12395028
v -0.00570506 0.44553054 0.12486976
v 0.00482011 0.44560326 0.12490705
v 0.01535110 0.44573315 0.12405381
v 0.02584271 0.44597876 0.12229946
v 0.03629349 0.44647035 0.11961516
v 0.04677157 0.44724934 0.11591990
v 0.05720145 0.44761880 0.11114403
v 0.08939771 -0.44852297 -0.08736728
v 0.08939771 0.44852297 0.08736732
v 0.09956453 -0.37673376 -0.07557709
v 0.09956453 0.37673376 0.07557713
v 0.08576521 -0.13482623 0.09093585
v 0.08566999 0.13495952 -0.09102552
v 0.09492631 -0.40571508 -0.08132643
v 0.09492631 0.40571508 0.08132647
v 0.09439509 -0.02237388 0.08194245
v 0.09406242 0.02219493 -0.08232408
v 0.08441315 -0.44540145 0.09219230
v 0.08463961 0.44539055 -0.09198439
v 0.08781164 -0.14379958 -0.08896128
v 0.08780222 0.14379146 0.08897061
v 0.10020855 -0.30850419 -0.07472107
v 0.10020850 0.30850415 0.07472119
v 0.03413068 -0.32196677 0.12025016
v 0.03413626 0.32196030 -0.12024853
v 0.04441955 -0.32501224 0.11684137
v 0.04442999 0.32500089 -0.11683736
v 0.06554757 -0.29789913 0.10643551
v 0.06554529 0.29788376 -0.10643687
v 0.12148664 -0.44433874 0.02942775
v 0.10047768 -0.48888156 -0.07435877
v 0.10047768 0.48888156 0.07435882
v 0.09758567 -0.35309446 -0.07811549
v 0.09758566 0.35309446 0.07811554
v 0.06400621 -0.32229578 0.10736948
v 0.06402820 0.32226771 -0.10735634
v 0.12101638 -0.48754669 -0.03130542
v 0.12101638 0.48754669 0.03130546
v 0.06975412 -0.13550700 0.10372735
v 0.06965494 0.13562491 -0.10379394
v 0.08072251 -0.16907515 0.09544044
v 0.08064333 0.16921420 -0.09550731
v 0.05322119 -0.29584636 0.11310397
v 0.05321953 0.29583785 -0.11310470
v 0.09796965 -0.41231339 -0.07763337
v 0.09796965 0.41231339 0.07763341
v 0.09709982 0.01270936 0.07871863
v 0.09715219 -0.01312791 -0.07865395
v 0.04153760 -0.29666818 0.11789669
v 0.04153717 0.29666278 -0.11789681
v 0.08455288 -0.29118806 -0.09206413
v 0.08455252 0.29118789 0.09206449
v 0.08573510 0.38394196 -0.09096420
v 0.08555540 -0.38403861 0.09113327
v 0.08650895 0.01406107 0.09022861
v 0.08736974 -0.01485958 -0.08939530
v 0.09072518 -0.28979125 -0.08598799
v 0.09072493 0.28979111 0.08598829
v 0.07782965 -0.13766856 0.09781384
v 0.07773591 0.13778935 -0.09788831
v 0.09167978 -0.05415575 0.08496951
v 0.09141997 0.05427418 -0.08524894
v 0.10222038 -0.35998287 -0.07194432
v 0.10222038 0.35998287 0.07194437
v 0.06613452 -0.00887409 0.10607180
v 0.06757926 0.00874882 -0.10515720
v 0.07786557 -0.01185288 0.09778525
v 0.07611012 0.01216546 -0.09915766
v 0.09499849 -0.12420772 0.08124214
v 0.09488986 0.12435194 -0.08136896
v 0.10755428 0.10940378 0.06369517
v 0.10756054 -0.10941978 -0.06368455
v 0.08091607 -0.16426085 -0.09527635
v 0.08090550 0.16425404 0.09528536
v 0.09007653 -0.12130772 -0.08666724
v 0.09006490 0.12129283 0.08667937
v 0.07908918 -0.37663918 -0.09679821
v 0.07908917 0.37663918 0.09679826
v 0.04495155 -0.38075107 0.11663774
v 0.04498159 0.38073529 -0.11662611
v 0.05386716 -0.37645499 0.11279774
v 0.05391137 0.37643059 -0.11277658
v 0.09036949 -0.30214291 0.08636177
v 0.09036652 0.30209146 -0.08636483
v 0.10182717 -0.45480546 -0.07249979
v 0.10182717 0.45480546 0.07249984
v 0.09655484 -0.14938947 0.07938616
v 0.09647129 0.14962085 -0.07948763
v 0.08949573 0.02682933 0.08726691
v 0.08964884 -0.02711202 -0.08710958
v 0.09605943 -0.48907760 0.07998491
v 0.09614993 0.48907888 -0.07987605
v 0.09191715 0.38452121 -0.08471263
v 0.09167795 -0.38466069 0.08497148
v 0.10631729 0.13451266 0.06573911
v 0.10632145 -0.13452015 -0.06573236
v 0.07261379 -0.11394745 -0.10174591
v 0.07258561 0.11394871 0.10176606
v 0.06389993 -0.11286901 -0.10743273
v 0.06386288 0.11289010 0.10745480
v 0.05463230 -0.11446351 -0.11242911
v 0.05459103 0.11450357 0.11244920
v 0.04512458 -0.11300630 -0.11657086
v 0.04508239 0.11306561 0.11658722
v -0.02033064 -0.11361254 0.12333560
v -0.03143272 -0.11237007 0.12098343
v -0.04158154 -0.11171883 0.11788122
v -0.05130414 -0.11123687 0.11398637
v -0.06060475 -0.11083620 0.10932553
v -0.06940929 -0.11047585 0.10395844
v -0.07759526 -0.11012000 0.09799992
v -0.08493759 -0.10990787 0.09170940
v -0.09192225 -0.11190534 0.08470718
v -0.09896292 -0.11301249 0.07636326
v -0.10549008 -0.11358142 0.06705856
v -0.11098089 -0.11166268 0.05751738
v -0.11516767 -0.11073535 0.04859440
v -0.11874825 -0.11219884 0.03903666
v -0.12160583 -0.11079235 0.02893146
v -0.12357707 -0.11215225 0.01880727
v -0.12472097 -0.11072173 0.00834783
v -0.12498417 -0.11208197 -0.00199086
v -0.12437171 -0.11065761 -0.01251731
v -0.12290784 -0.11202924 -0.02277427
v -0.12054717 -0.11061151 -0.03306634
v -0.11738934 -0.11199342 -0.04295050
v -0.11333836 -0.11058787 -0.05272020
v -0.10856999 -0.11199102 -0.06194803
v -0.10294194 -0.11061031 -0.07090811
v -0.09670433 -0.11203441 -0.07920401
v -0.08966712 -0.11067177 -0.08709081
v -0.08214172 -0.11210168 -0.09422175
v -0.07389447 -0.11074256 -0.10081967
v -0.06528747 -0.11217111 -0.10659524
v -0.05605001 -0.11081666 -0.11172911
v -0.04658846 -0.11227145 -0.11599359
v -0.03658274 -0.11097239 -0.11952698
v -0.02644769 -0.11255874 -0.12217003
v -0.01561473 -0.11121989 -0.12402087
v -0.00555528 -0.11052236 -0.12487647
v 0.00397970 -0.11016165 -0.12493661
v 0.01368354 -0.11208904 -0.12424876
v 0.02425005 -0.11336442 -0.12262516
v 0.03505568 -0.11440730 -0.11998372
v -0.02008766 0.11353918 -0.12337537
v -0.03064468 0.11232420 -0.12118539
v -0.04085326 0.11395420 -0.11813555
v -0.05130531 0.11265300 -0.11398580
v -0.06066421 0.11201904 -0.10929250
v -0.06943494 0.11157133 -0.10394127
v -0.07757592 0.11117775 -0.09801518
v -0.08487746 0.11094114 -0.09176501
v -0.09183392 0.11286083 -0.08480290
v -0.09885244 0.11389596 -0.07650618
v -0.10537374 0.11438670 -0.06724119
v -0.11086969 0.11242610 -0.05773139
v -0.11508157 0.11144434 -0.04879791
v -0.11870011 0.11284072 -0.03918276
v -0.12158614 0.11143623 -0.02901403
v -0.12357560 0.11279206 -0.01881688
v -0.12472468 0.11141783 -0.00829212
v -0.12498255 0.11280411 0.00208997
v -0.12435746 0.11145708 0.01265814
v -0.12287816 0.11285772 0.02293390
v -0.12049527 0.11152920 0.03325502
v -0.11731929 0.11294985 0.04314153
v -0.11324279 0.11165293 0.05292521
v -0.10845619 0.11309952 0.06214710
v -0.10278889 0.11183042 0.07112982
v -0.09649923 0.11331549 0.07945380
v -0.08934000 0.11211487 0.08742638
v -0.08160899 0.11376929 0.09468358
v -0.07277584 0.11258149 0.10163013
v -0.06398444 0.11204004 0.10738249
v -0.05484950 0.11167493 0.11232337
v -0.04536931 0.11137384 0.11647589
v -0.03560522 0.11109961 0.11982185
v -0.02564140 0.11083267 0.12234184
v -0.01558853 0.11055247 0.12402421
v -0.00562049 0.11024108 0.12487360
v 0.00391955 0.11006244 0.12493855
v 0.01362621 0.11207474 0.12425511
v 0.02420306 0.11340037 0.12263448
v 0.03501243 0.11446227 0.11999639
v -0.00981243 -0.11170523 0.12461429
v -0.00977355 0.11183048 -0.12461731
v 0.00022453 -0.11215905 0.12499982
v 0.00015399 0.11239245 -0.12499988
v 0.01074707 -0.11297691 0.12453716
v 0.01060489 0.11328195 -0.12454931
v 0.02215131 -0.11457673 0.12302164
v 0.02196467 0.11489986 -0.12305506
v 0.03357338 -0.11359365 0.12040694
v 0.03335388 0.11391597 -0.12046789
v 0.04357387 -0.11186899 0.11715938
v 0.04334081 0.11216606 -0.11724576
v 0.05300501 -0.11365227 0.11320544
v 0.05279842 0.11388999 -0.11330190
v 0.06175452 -0.10991679 0.10868018
v 0.06155048 0.11012841 -0.10879582
v 0.06781828 0.07897655 0.10500325
v 0.06791126 -0.07900233 -0.10494309
v 0.05911246 0.07845502 0.11013954
v 0.05924658 -0.07839978 -0.11006741
v 0.04980593 0.07803591 0.11464891
v 0.04993186 -0.07786243 -0.11459408
v 0.04010953 0.07764136 0.11839015
v 0.04014472 -0.07739127 -0.11837819
v 0.03009998 0.07722585 0.12132187
v 0.03001726 -0.07694512 -0.12134232
v 0.01985159 0.07686316 0.12341361
v 0.01968502 -0.07650774 -0.12344024
v 0.00951137 0.07657560 0.12463763
v -0.00391866 -0.07732505 0.12493858
v -0.00082179 0.07638020 0.12499732
v -0.01440964 -0.07706821 0.12416669
v -0.01112314 0.07631901 0.12450414
v -0.02490380 -0.07670347 0.12249411
v -0.02136552 0.07638069 0.12316055
v -0.03527812 -0.07633198 0.11991856
v -0.03149361 0.07654860 0.12096759
v -0.04537384 -0.07597454 0.11647413
v -0.04142851 0.07680972 0.11793509
v -0.05510204 -0.07564373 0.11219970
v -0.05108389 0.07713667 0.11408524
v -0.06440316 -0.07540958 0.10713188
v -0.06038677 0.07746420 0.10944608
v -0.07319811 -0.07533664 0.10132642
v -0.06928005 0.07770089 0.10404462
v -0.08142027 -0.07544109 0.09484592
v -0.07772435 0.07776679 0.09789757
v -0.08904714 -0.07567735 0.08772466
v -0.08569309 0.07774985 0.09100385
v -0.09606864 -0.07594779 0.07997390
v -0.09309293 0.07783489 0.08341890
v -0.10244029 -0.07614147 0.07163096
v -0.09979109 0.07794992 0.07527779
v -0.10808858 -0.07620225 0.06278428
v -0.10573050 0.07794205 0.06667885
v -0.11295192 -0.07617962 0.05354317
v -0.11091025 0.07777344 0.05765348
v -0.11700255 -0.07615625 0.04399331
v -0.11534083 0.07754482 0.04818196
v -0.12023363 -0.07613004 0.03418891
v -0.11899191 0.07742151 0.03828749
v -0.12264166 -0.07606127 0.02416673
v -0.12179927 0.07737926 0.02810595
v -0.12421983 -0.07595334 0.01394420
v -0.12373278 0.07734116 0.01775403
v -0.12494961 -0.07584463 0.00354962
v -0.12478734 0.07728094 0.00728881
v -0.12480818 -0.07577742 -0.00692276
v -0.12495795 0.07719003 -0.00324285
v -0.12379194 -0.07574791 -0.01733666
v -0.12423803 0.07711658 -0.01378107
v -0.12191587 -0.07570720 -0.02759573
v -0.12262670 0.07709517 -0.02424245
v -0.11918899 -0.07563495 -0.03766947
v -0.12013206 0.07713014 -0.03454407
v -0.11560924 -0.07556059 -0.04753427
v -0.11676827 0.07722354 -0.04461138
v -0.11119133 -0.07553285 -0.05710946
v -0.11258196 0.07747256 -0.05431671
v -0.10598210 -0.07556926 -0.06627818
v -0.10766203 0.07788037 -0.06351290
v -0.10004007 -0.07564556 -0.07494656
v -0.10206411 0.07815131 -0.07216592
v -0.09341581 -0.07573774 -0.08305713
v -0.09579522 0.07808230 -0.08030117
v -0.08615086 -0.07582362 -0.09057058
v -0.08886669 0.07776632 -0.08790740
v -0.07828869 -0.07589779 -0.09744681
v -0.08129788 0.07742450 -0.09495080
v -0.06988415 -0.07595724 -0.10363978
v -0.07311537 0.07723841 -0.10138610
v -0.06098745 -0.07595794 -0.10911246
v -0.06436619 0.07724166 -0.10715406
v -0.05163322 -0.07589940 -0.11383764
v -0.05512281 0.07737573 -0.11218946
v -0.04187550 -0.07584798 -0.11777708
v -0.04547888 0.07751058 -0.11643311
v -0.03182349 -0.07584543 -0.12088119
v -0.03550060 0.07748396 -0.11985284
v -0.02161641 -0.07586879 -0.12311672
v -0.02517999 0.07738359 -0.12243759
v -0.01135685 -0.07588749 -0.12448300
v -0.01463737 0.07754596 -0.12414001
v -0.00106485 -0.07595221 -0.12499544
v -0.00414000 0.07798242 -0.12493140
v 0.00929037 -0.07614478 -0.12465426
v 0.00659890 -0.07737572 0.12482572
v 0.00626841 0.07834126 -0.12484271
v 0.01720389 -0.07729941 0.12381046
v 0.01670812 0.07840683 -0.12387830
v 0.02782067 -0.07714340 0.12186474
v 0.02718709 0.07814071 -0.12200760
v 0.03826425 -0.07685449 0.11899937
v 0.03759611 0.07759719 -0.11921210
v 0.04830186 -0.07633531 0.11529065
v 0.04769738 0.07684846 -0.11554199
v 0.05766872 -0.07564215 0.11090230
v 0.05716665 0.07601360 -0.11116189
v 0.07555348 0.07949437 0.09958249
v 0.07560841 -0.07955772 -0.09954075
v 0.06636274 -0.07531823 0.10592916
v 0.06595983 0.07561004 -0.10618048
v 0.06989810 -0.11352578 0.10363039
v 0.06973403 0.11369134 -0.10374082
v -0.02261495 -0.16794135 0.12293726
v -0.02277431 0.16790613 -0.12290780
v 0.07416170 -0.07540439 0.10062327
v 0.07383665 0.07564256 -0.10086199
v -0.03502067 -0.16763719 0.11999400
v -0.03523460 0.16766333 -0.11993131
v -0.01244910 -0.16813960 0.12437856
v -0.01256147 0.16809755 -0.12436722
v -0.04430809 -0.16700836 0.11688370
v -0.04453439 0.16710999 -0.11679763
v -0.00362665 -0.16836172 0.12494740
v -0.00371001 0.16833285 -0.12494491
v 0.07412748 -0.16559571 -0.10064844
v 0.07411241 0.16558768 0.10065959
v -0.05366657 -0.16659438 0.11289334
v -0.05386653 0.16676456 -0.11279802
v 0.00735271 -0.16818731 0.12478358
v 0.00728927 0.16818284 -0.12478726
v -0.06275085 -0.16634900 0.10810799
v -0.06290289 0.16656130 -0.10801955
v 0.01799885 -0.16816336 0.12369740
v 0.01794497 0.16818088 -0.12370518
v -0.07147361 -0.16626786 0.10255013
v -0.07157659 0.16649697 -0.10247824
v -0.07981064 -0.16638661 0.09620431
v -0.07987280 0.16661523 -0.09615267
v -0.08761186 -0.16614860 0.08915812
v -0.08764397 0.16636961 -0.08912651
v -0.09449239 -0.16545875 0.08183028
v -0.09450473 0.16567115 -0.08181599
v -0.10237798 -0.16539006 0.07171999
v -0.10773551 -0.16577599 0.06338823
v -0.11257351 -0.16590447 0.05433427
v -0.11668036 -0.16590015 0.04484084
v -0.11999964 -0.16586402 0.03500134
v -0.12249555 -0.16583152 0.02489671
v -0.12414392 -0.16580860 0.01460454
v -0.12492944 -0.16579352 0.00420004
v -0.12484406 -0.16578379 -0.00624231
v -0.12388641 -0.16577755 -0.01664816
v -0.12206170 -0.16577370 -0.02694337
v -0.11938160 -0.16577172 -0.03705452
v -0.11586418 -0.16577147 -0.04690944
v -0.11153378 -0.16577302 -0.05643774
v -0.10642084 -0.16577650 -0.06557138
v -0.10056168 -0.16578195 -0.07424521
v -0.09399822 -0.16578929 -0.08239742
v -0.08677781 -0.16579822 -0.08997006
v -0.07895303 -0.16580831 -0.09690933
v -0.07058168 -0.16581886 -0.10316601
v -0.06172685 -0.16582878 -0.10869588
v -0.05245716 -0.16583586 -0.11346032
v -0.04284657 -0.16583541 -0.11742729
v -0.03297283 -0.16581778 -0.12057275
v -0.02291109 -0.16576733 -0.12288237
v -0.01272264 -0.16567432 -0.12435083
v -0.00246070 -0.16555374 -0.12497576
v 0.00779217 -0.16543132 -0.12475687
v 0.01788114 -0.16528542 -0.12371442
v 0.02739798 -0.16501044 -0.12196042
v 0.03921434 -0.16518952 -0.11868963
v 0.04775533 -0.16564532 -0.11551806
v 0.05869304 -0.16587340 -0.11036358
v 0.06658991 -0.16585051 -0.10578647
v -0.10237643 0.16558402 -0.07172217
v -0.10772964 0.16595859 -0.06339816
v -0.11256668 0.16607791 -0.05434836
v -0.11667482 0.16606738 -0.04485520
v -0.11999633 0.16602786 -0.03501262
v -0.12249432 0.16599505 -0.02490273
v -0.12414392 0.16597503 -0.01460451
v -0.12492963 0.16596597 -0.00419434
v -0.12484355 0.16596524 0.00625253
v -0.12388464 0.16597109 0.01666142
v -0.12205844 0.16598292 0.02695819
v -0.11937697 0.16600121 0.03706946
v -0.11585875 0.16602719 0.04692288
v -0.11152891 0.16606255 0.05644740
v -0.10641956 0.16610886 0.06557351
v -0.10057038 0.16616655 0.07423345
v -0.09402944 0.16623283 0.08236184
v -0.08685312 0.16629797 0.08989740
v -0.07910214 0.16634219 0.09678770
v -0.07083078 0.16634402 0.10299519
v -0.06208285 0.16629658 0.10849298
v -0.05290436 0.16620805 0.11325253
v -0.04335289 0.16608925 0.11724135
v -0.03349434 0.16594783 0.12042896
v -0.02339790 0.16579045 0.12279065
v -0.01313425 0.16562786 0.12430807
v -0.00278147 0.16547870 0.12496907
v 0.00755546 0.16535599 0.12477147
v 0.01771216 0.16522279 0.12373877
v 0.02727886 0.16496307 0.12198716
v 0.03914024 0.16515891 0.11871413
v 0.04770346 0.16562405 0.11553953
v 0.05866150 0.16585999 0.11038039
v 0.06656776 0.16584042 0.10580045
v 0.02822614 -0.16784554 0.12177146
v 0.02817564 0.16788023 -0.12178311
v 0.04117974 -0.16807569 0.11802217
v 0.04113065 0.16812347 -0.11803924
v 0.08261603 -0.11351182 -0.09380610
v 0.08259702 0.11349732 0.09382288
v 0.04996976 -0.17005922 0.11457760
v 0.04992067 0.17011188 -0.11459895
v 0.08561253 -0.01069857 0.09107961
v 0.08472483 0.01002959 -0.09190590
v 0.10294921 0.39941439 -0.07089747
v 0.10248025 -0.39948002 0.07157372
v 0.10713029 -0.40716410 -0.06440569
v 0.10713029 0.40716410 0.06440573
v 0.08251263 -0.40197673 0.09389710
v 0.08269444 0.40193320 -0.09373698
v 0.08866503 -0.46326953 0.08811079
v 0.08887318 0.46325221 -0.08790080
v 0.08664769 -0.17019197 0.09009538
v 0.08655653 0.17038291 -0.09018292
v 0.08229866 -0.34767505 -0.09408465
v 0.08229863 0.34767504 0.09408473
v 0.07515468 -0.34839349 -0.09988376
v 0.07515462 0.34839347 0.09988385
v -0.02885246 -0.35055940 0.12162459
v -0.03848802 -0.35017812 0.11892720
v -0.04859818 -0.35176348 0.11516607
v -0.05866175 -0.34997820 0.11038028
v -0.06748537 -0.34948929 0.10521755
v -0.07587491 -0.34928649 0.09933784
v -0.08380728 -0.34918703 0.09274345
v -0.09120242 -0.34912888 0.08548173
v -0.09799097 -0.34909505 0.07760656
v -0.10411397 -0.34907551 0.06917578
v -0.10952102 -0.34906691 0.06025075
v -0.11416912 -0.34906590 0.05089616
v -0.11802229 -0.34907002 0.04117945
v -0.12105132 -0.34907698 0.03117024
v -0.12323365 -0.34908487 0.02093979
v -0.12455312 -0.34909261 0.01056057
v -0.12499998 -0.34909938 0.00010581
v -0.12457073 -0.34910502 -0.01035081
v -0.12326814 -0.34910942 -0.02073574
v -0.12110118 -0.34911277 -0.03097594
v -0.11808493 -0.34911520 -0.04099944
v -0.11424046 -0.34911693 -0.05073579
v -0.10959470 -0.34911811 -0.06011658
v -0.10418023 -0.34911888 -0.06907592
v -0.09803504 -0.34911931 -0.07755084
v -0.09120234 -0.34911943 -0.08548177
v -0.08373025 -0.34911917 -0.09281296
v -0.07567160 -0.34911832 -0.09949275
v -0.06708368 -0.34911643 -0.10547407
v -0.05802810 -0.34911275 -0.11071467
v -0.04857065 -0.34910598 -0.11517764
v -0.03878142 -0.34909420 -0.11883181
v -0.02873456 -0.34907444 -0.12165246
v -0.01850891 -0.34904301 -0.12362207
v -0.00818702 -0.34899458 -0.12473158
v 0.00214335 -0.34892462 -0.12498160
v 0.01239218 -0.34882706 -0.12438419
v 0.02246479 -0.34870404 -0.12296474
v 0.03226737 -0.34855949 -0.12076345
v 0.04170453 -0.34843165 -0.11783771
v 0.05068999 -0.34837954 -0.11426074
v 0.05922441 -0.34857803 -0.11007934
v 0.06743733 -0.34880381 -0.10524827
v -0.02885229 0.35055915 -0.12162459
v -0.03848799 0.35017797 -0.11892717
v -0.04859822 0.35176339 -0.11516601
v -0.05866183 0.34997814 -0.11038020
v -0.06748547 0.34948926 -0.10521744
v -0.07587501 0.34928648 -0.09933772
v -0.08380737 0.34918702 -0.09274333
v -0.09120249 0.34912888 -0.08548161
v -0.09799103 0.34909506 -0.07760644
v -0.10411401 0.34907552 -0.06917567
v -0.10952105 0.34906693 -0.06025065
v -0.11416914 0.34906591 -0.05089607
v -0.11802230 0.34907003 -0.04117937
v -0.12105133 0.34907699 -0.03117017
v -0.12323365 0.34908489 -0.02093973
v -0.12455312 0.34909262 -0.01056051
v -0.12499998 0.34909939 -0.00010576
v -0.12457073 0.34910503 0.01035085
v -0.12326814 0.34910944 0.02073578
v -0.12110118 0.34911279 0.03097597
v -0.11808493 0.34911523 0.04099947
v -0.11424047 0.34911697 0.05073581
v -0.10959472 0.34911815 0.06011659
v -0.10418026 0.34911893 0.06907590
v -0.09803510 0.34911938 0.07755081
v -0.09120242 0.34911952 0.08548173
v -0.08373037 0.34911927 0.09281289
v -0.07567177 0.34911843 0.09949267
v -0.06708389 0.34911654 0.10547397
v -0.05802836 0.34911286 0.11071457
v -0.04857096 0.34910609 0.11517755
v -0.03878177 0.34909431 0.11883173
v -0.02873494 0.34907453 0.12165241
v -0.01850930 0.34904308 0.12362205
v -0.00818740 0.34899463 0.12473160
v 0.00214298 0.34892465 0.12498165
v 0.01239185 0.34882707 0.12438427
v 0.02246450 0.34870404 0.12296483
v 0.03226713 0.34855948 0.12076355
v 0.04170433 0.34843163 0.11783782
v 0.05068983 0.34837952 0.11426086
v 0.05922429 0.34857801 0.11007945
v 0.06743724 0.34880379 0.10524837
v -0.01803418 -0.35188677 0.12369226
v -0.01803371 0.35188628 -0.12369228
v -0.00753285 -0.35002131 0.12477284
v -0.00753186 0.35002042 -0.12477286
v 0.00213086 -0.34984532 0.12498186
v 0.00213273 0.34984374 -0.12498178
v 0.01179608 -0.35012316 0.12444218
v 0.01179947 0.35012042 -0.12444182
v 0.02151541 -0.35106043 0.12313444
v 0.02152129 0.35105582 -0.12313337
v 0.03350497 -0.34912478 0.12042600
v 0.03351598 0.34911613 -0.12042289
v 0.04237811 -0.34956296 0.11759719
v 0.04239599 0.34954903 -0.11759070
v 0.05178919 -0.35084039 0.11376679
v 0.05181780 0.35081803 -0.11375372
v 0.08152263 -0.35990351 0.09475791
v 0.08163389 0.35980496 -0.09466204
v 0.08326194 -0.32394180 0.09323331
v 0.08330939 0.32387218 -0.09319087
v 0.09762061 -0.28589784 -0.07807182
v 0.09762043 0.28589772 0.07807208
v 0.08201024 -0.45507841 0.09433621
v 0.08219253 0.45506578 -0.09417739
v 0.09199224 -0.48433702 -0.08463109
v 0.09199224 0.48433702 0.08463113
v 0.08471976 -0.11460320 0.09191063
v 0.08458952 0.11473445 -0.09203046
v 0.07363361 -0.48795462 0.10101036
v 0.07367121 0.48795085 -0.10098290
v 0.08052624 -0.48947535 0.09560609
v 0.08057255 0.48947129 -0.09556703
v 0.10508818 -0.38132400 -0.06768653
v 0.10508818 0.38132400 0.06768657
v 0.06629602 -0.48836459 0.10597094
v 0.06632213 0.48836175 -0.10595455
v 0.06150842 -0.35182213 0.10881965
v 0.06155221 0.35178674 -0.10879484
v 0.05750555 -0.48846540 0.11098700
v 0.05752300 0.48846330 -0.11097791
v 0.08233480 -0.48781524 -0.09405303
v 0.08233480 0.48781524 0.09405307
v 0.04801840 -0.48862082 0.11540899
v 0.04802945 0.48861932 -0.11540435
v 0.03817637 -0.48891484 0.11902760
v 0.03818300 0.48891381 -0.11902542
v 0.02816395 -0.48920854 0.12178586
v 0.02816779 0.48920786 -0.12178493
v 0.07467900 -0.48848853 -0.10023991
v 0.07467900 0.48848853 0.10023995
v 0.01803749 -0.48938844 0.12369177
v 0.01803967 0.48938800 -0.12369141
v 0.00779893 -0.48939083 0.12475649
v 0.00780016 0.48939054 -0.12475637
v -0.00254942 -0.48921382 0.12497402
v -0.00254873 0.48921364 -0.12497399
v -0.01297943 -0.48887770 0.12432433
v -0.02346692 -0.48839214 0.12277748
v -0.01297905 0.48887758 -0.12432433
v -0.03386942 -0.48828099 0.12032402
v -0.04394775 -0.48853702 0.11701967
v -0.05362425 -0.48865921 0.11291345
v -0.06290090 -0.48870877 0.10802076
v -0.07172900 -0.48873074 0.10237167
v -0.08004985 -0.48874228 0.09600536
v -0.08780631 -0.48874928 0.08896662
v -0.09494489 -0.48875384 0.08130483
v -0.10141627 -0.48875684 0.07307358
v -0.10717561 -0.48875878 0.06433037
v -0.11218286 -0.48876000 0.05513632
v -0.11640310 -0.48876073 0.04555573
v -0.11980683 -0.48876117 0.03565570
v -0.12237022 -0.48876142 0.02550559
v -0.12407529 -0.48876155 0.01517657
v -0.12491008 -0.48876162 0.00474107
v -0.12486873 -0.48876166 -0.00572771
v -0.12395151 -0.48876168 -0.01615633
v -0.12216488 -0.48876169 -0.02647164
v -0.11952134 -0.48876170 -0.03660128
v -0.11603945 -0.48876170 -0.04647419
v -0.11174362 -0.48876170 -0.05602112
v -0.10666399 -0.48876171 -0.06517511
v -0.10083619 -0.48876173 -0.07387194
v -0.09430110 -0.48876177 -0.08205062
v -0.08710454 -0.48876186 -0.08965378
v -0.07929697 -0.48876206 -0.09662810
v -0.07093313 -0.48876250 -0.10292468
v -0.06207158 -0.48876337 -0.10849939
v -0.05277431 -0.48876507 -0.11331315
v -0.04310624 -0.48876820 -0.11733222
v -0.03313473 -0.48877377 -0.12052836
v -0.02292911 -0.48878331 -0.12287901
v -0.01256032 -0.48879896 -0.12436733
v -0.00210073 -0.48882319 -0.12498233
v 0.00837599 -0.48885701 -0.12471903
v 0.01879608 -0.48889367 -0.12357873
v 0.02909454 -0.48890388 -0.12156686
v 0.03924039 -0.48884746 -0.11868102
v 0.04902477 -0.48920259 -0.11498506
v 0.05804211 -0.48985248 -0.11070730
v 0.06641453 -0.48945941 -0.10589666
v -0.02346672 0.48839208 -0.12277748
v -0.03386932 0.48828096 -0.12032400
v -0.04394770 0.48853701 -0.11701964
v -0.05362423 0.48865920 -0.11291342
v -0.06290089 0.48870877 -0.10802072
v -0.07172899 0.48873073 -0.10237163
v -0.08004985 0.48874228 -0.09600532
v -0.08780631 0.48874928 -0.08896657
v -0.09494489 0.48875384 -0.08130479
v -0.10141627 0.48875684 -0.07307354
v -0.10717561 0.48875878 -0.06433033
v -0.11218286 0.48876000 -0.05513628
v -0.11640310 0.48876073 -0.04555569
v -0.11980683 0.48876117 -0.03565566
v -0.12237022 0.48876142 -0.02550555
v -0.12407529 0.48876155 -0.01517653
v -0.12491008 0.48876162 -0.00474103
v -0.12486873 0.48876166 0.00572775
v -0.12395151 0.48876168 0.01615637
v -0.12216488 0.48876169 0.02647168
v -0.11952134 0.48876170 0.03660132
v -0.11603945 0.48876170 0.04647423
v -0.11174362 0.48876170 0.05602116
v -0.10666399 0.48876171 0.06517515
v -0.10083619 0.48876173 0.07387198
v -0.09430110 0.48876177 0.08205066
v -0.08710454 0.48876186 0.08965382
v -0.07929697 0.48876206 0.09662814
v -0.07093313 0.48876250 0.10292472
v -0.06207158 0.48876337 0.10849943
v -0.05277431 0.48876507 0.11331319
v -0.04310624 0.48876820 0.11733226
v -0.03313473 0.48877377 0.12052840
v -0.02292911 0.48878331 0.12287906
v -0.01256032 0.48879896 0.12436738
v -0.00210073 0.48882319 0.12498237
v 0.00837599 0.48885701 0.12471907
v 0.01879608 0.48889367 0.12357877
v 0.02909454 0.48890388 0.12156690
v 0.03924039 0.48884746 0.11868106
v 0.04902477 0.48920259 0.11498510
v 0.05804211 0.48985248 0.11070734
v 0.06641453 0.48945941 0.10589670
v 0.08794257 -0.48473911 -0.08883184
v 0.08794257 0.48473911 0.08883188
v 0.06860946 -0.17060769 0.10448801
v 0.06854766 0.17069174 -0.10452851
v 0.10985926 0.32977021 -0.05963167
v 0.10966852 -0.33001043 0.05998178
v 0.09286562 -0.32566477 0.08367184
v 0.09293912 0.32555283 -0.08359014
v 0.08961798 -0.07882031 0.08714137
v 0.08941430 0.07896528 -0.08735030
v 0.09915237 0.44302630 -0.07611702
v 0.09863095 -0.44303444 0.07679151
v 0.09374058 -0.16535253 -0.08269036
v 0.09373551 0.16534767 0.08269615
v 0.09614448 0.02427598 0.07988266
v 0.09623869 -0.02459009 -0.07976908
v 0.08784694 -0.40470192 0.08892646
v 0.08808721 0.40466557 -0.08868842
v 0.12478114 -0.09802747 0.00739328
v 0.10875465 -0.42899652 -0.06162320
v 0.10875465 0.42899652 0.06162324
v 0.10447990 -0.37776754 0.06862177
v 0.10481293 0.37727310 -0.06811198
v 0.12483702 -0.09793084 -0.00638065
v 0.12483696 0.09793005 0.00638182
v 0.07817611 -0.10809427 0.09753715
v 0.07801313 0.10824765 -0.09766752
v 0.09699533 0.00105972 0.07884736
v 0.09691324 -0.00151217 -0.07894819
v 0.09867986 -0.42422741 -0.07672859
v 0.09867986 0.42422741 0.07672863
v 0.09702576 -0.45822570 -0.07880986
v 0.09702576 0.45822570 0.07880990
v 0.07372431 -0.35699563 0.10094418
v 0.07380278 0.35693015 -0.10088678
v 0.11108048 0.13202306 0.05732473
v 0.11108363 -0.13202927 -0.05731857
v 0.02767580 -0.34964645 0.12189772
v 0.02768394 0.34964006 -0.12189583
v 0.09414408 -0.34935385 -0.08223068
v 0.09414407 0.34935384 0.08223073
v 0.09627255 -0.30375577 -0.07972822
v 0.09627246 0.30375571 0.07972837
v 0.09274428 -0.08861810 -0.08380627
v 0.09272809 0.08856775 0.08382423
v 0.09607051 -0.32750488 -0.07997155
v 0.09607047 0.32750487 0.07997164
v 0.07194688 -0.09034737 -0.10221859
v 0.07189270 0.09033185 0.10225674
v 0.06358915 -0.09024420 -0.10761697
v 0.06351367 0.09027383 0.10766158
v 0.05455891 -0.08998428 -0.11246474
v 0.05447769 0.09007762 0.11250415
v 0.04500056 -0.08967699 -0.11661879
v 0.04494715 0.08983132 0.11663943
v 0.03502161 -0.08933570 -0.11999367
v 0.03502418 0.08952905 0.11999296
v 0.02476061 -0.08888060 -0.12252308
v 0.02482161 0.08910090 0.12251078
v -0.00947831 -0.08898840 0.12464015
v -0.02001231 -0.08882553 0.12338766
v -0.03047819 -0.08851996 0.12122741
v -0.04070545 -0.08812384 0.11818660
v -0.05057177 -0.08775172 0.11431318
v -0.06001532 -0.08744863 0.10965021
v -0.06897228 -0.08725674 0.10424890
v -0.07738039 -0.08722835 0.09816967
v -0.08522028 -0.08743541 0.09144677
v -0.09251929 -0.08784152 0.08405468
v -0.09926379 -0.08821782 0.07597176
v -0.10534612 -0.08833615 0.06728449
v -0.11063912 -0.08820407 0.05817210
v -0.11509531 -0.08806603 0.04876552
v -0.11873318 -0.08801888 0.03908248
v -0.12155769 -0.08797663 0.02913304
v -0.12355291 -0.08791480 0.01896538
v -0.12470165 -0.08784231 0.00863153
v -0.12498707 -0.08777880 -0.00179969
v -0.12439968 -0.08773375 -0.01223622
v -0.12294266 -0.08769705 -0.02258554
v -0.12062594 -0.08765498 -0.03277786
v -0.11745910 -0.08761055 -0.04275937
v -0.11345614 -0.08758241 -0.05246625
v -0.10864564 -0.08758692 -0.06181527
v -0.10307087 -0.08762393 -0.07072056
v -0.09678044 -0.08768147 -0.07911099
v -0.08982158 -0.08774568 -0.08693150
v -0.08224092 -0.08780630 -0.09413517
v -0.07408812 -0.08785664 -0.10067746
v -0.06541488 -0.08788572 -0.10651710
v -0.05627108 -0.08788792 -0.11161794
v -0.04671040 -0.08787967 -0.11594454
v -0.03680478 -0.08788058 -0.11945880
v -0.02665047 -0.08787207 -0.12212595
v -0.01637679 -0.08779378 -0.12392254
v -0.00611104 -0.08772828 -0.12485051
v 0.00412819 -0.08788572 -0.12493179
v 0.01441683 -0.08831819 -0.12416581
v -0.00959737 0.08947246 -0.12463100
v -0.02006472 0.08935278 -0.12337910
v -0.03046622 0.08935333 -0.12123038
v -0.04066449 0.08936245 -0.11820066
v -0.05054464 0.08923010 -0.11432514
v -0.05999305 0.08900382 -0.10966235
v -0.06892616 0.08884698 -0.10427935
v -0.07729681 0.08885134 -0.09823545
v -0.08509014 0.08909296 -0.09156783
v -0.09233142 0.08950908 -0.08426096
v -0.09901578 0.08982581 -0.07629467
v -0.10506145 0.08978942 -0.06772808
v -0.11036888 0.08944236 -0.05868316
v -0.11489216 0.08911372 -0.04924219
v -0.11861849 0.08895883 -0.03942915
v -0.12151703 0.08889416 -0.02930217
v -0.12355405 0.08888028 -0.01895786
v -0.12471174 0.08890527 -0.00848446
v -0.12498344 0.08895458 0.00203629
v -0.12437027 0.08900743 0.01253164
v -0.12287747 0.08905404 0.02293762
v -0.12051340 0.08910400 0.03318928
v -0.11729548 0.08918161 0.04320622
v -0.11325629 0.08930280 0.05289631
v -0.10843117 0.08943346 0.06219075
v -0.10284070 0.08951639 0.07105489
v -0.09649831 0.08953706 0.07945491
v -0.08943263 0.08953073 0.08733163
v -0.08170356 0.08951252 0.09460198
v -0.07340782 0.08939217 0.10117460
v -0.06465375 0.08914368 0.10698084
v -0.05550962 0.08884443 0.11199861
v -0.04601638 0.08853922 0.11622177
v -0.03623179 0.08826374 0.11963387
v -0.02623233 0.08804416 0.12221649
v -0.01610457 0.08790473 0.12395825
v -0.00592727 0.08789381 0.12485941
v 0.00427045 0.08810751 0.12492705
v 0.01452360 0.08855586 0.12415341
v 0.00107629 -0.08910939 0.12499539
v 0.00087250 0.08971731 -0.12499693
v 0.01173101 -0.08926642 0.12444834
v 0.01142026 0.08999713 -0.12447719
v 0.02249601 -0.08930676 0.12295907
v 0.02208411 0.09005444 -0.12303368
v 0.03322486 -0.08907382 0.12050358
v 0.03275527 0.08972751 -0.12063203
v 0.04378038 -0.08860286 0.11708237
v 0.04331456 0.08911341 -0.11725546
v 0.05373655 -0.08750368 0.11286003
v 0.05331626 0.08788850 -0.11305914
v 0.06232677 -0.08595320 0.10835301
v 0.06196323 0.08625471 -0.10856128
v 0.09538837 -0.44689982 -0.08078397
v 0.09538837 0.44689982 0.08078402
v 0.07037805 -0.08685476 0.10330504
v 0.07008328 0.08709301 -0.10350520
v 0.12093331 0.48728501 -0.03162480
v 0.07965138 -0.18486000 -0.09633613
v 0.07964256 0.18485426 0.09634346
v -0.02969954 -0.18749776 0.12142052
v -0.02980583 0.18749127 -0.12139444
v 0.11131689 -0.38719939 -0.05686425
v 0.11131689 0.38719939 0.05686429
v 0.00134402 -0.18772817 0.12499280
v 0.00129344 0.18771033 -0.12499329
v 0.02276675 -0.18884714 0.12290923
v 0.02273377 0.18885091 -0.12291529
v -0.08446421 -0.18695938 0.09214556
v -0.08450018 0.18706043 -0.09211254
v 0.05377660 -0.18550339 -0.11284091
v 0.05374381 0.18548838 0.11285657
v 0.08740060 -0.49005257 0.08936518
v 0.08745923 0.49004828 -0.08930776
v 0.11023851 -0.34850575 -0.05892761
v 0.11023851 0.34850574 0.05892765
v 0.07177193 -0.27712453 0.10234154
v 0.07174037 0.27712113 -0.10236363
v 0.08327666 0.03546577 0.09322016
v 0.08321394 -0.03567797 -0.09327611
v 0.06749484 -0.35480915 0.10521145
v 0.06755405 0.35476115 -0.10517339
v 0.07742226 -0.08378473 0.09813661
v 0.07716274 0.08398635 -0.09834076
v 0.12237377 -0.45590900 0.02548834
v 0.07641978 -0.30521328 0.09891925
v 0.07642558 0.30518182 -0.09891473
v 0.08911875 -0.37634436 0.08765185
v 0.08931210 0.37620358 -0.08745479
v 0.06178019 -0.27051627 0.10866559
v 0.06175632 0.27051676 -0.10867911
v 0.10593943 -0.07744856 0.06634633
v 0.10579189 0.07757211 -0.06658130
v 0.09953067 -0.42203032 0.07562172
v 0.09989887 0.42215384 -0.07513461
v 0.04759823 -0.29995499 0.11558292
v 0.04759905 0.29994715 -0.11558254
v 0.08330904 -0.08721441 0.09319122
v 0.08309644 0.08738093 -0.09338080
v 0.10880413 -0.05907443 0.06153584
v 0.10868208 0.05916011 -0.06175110
v 0.09790048 -0.16278520 -0.07772058
v 0.09789638 0.16278068 0.07772578
v 0.08912112 0.32207571 -0.08764941
v 0.08906712 -0.32216297 0.08770432
v 0.07847706 -0.29453857 -0.09729514
v 0.07847655 0.29453837 0.09729559
v 0.12235082 0.44565495 -0.02559826
v 0.11079061 -0.32890560 -0.05788292
v 0.11079060 0.32890559 0.05788298
v 0.10618679 -0.35212443 0.06594971
v 0.10641422 0.35176635 -0.06558206
v 0.06995938 -0.30699354 0.10358903
v 0.06996715 0.30696824 -0.10358374
v 0.11051954 0.17546827 -0.05839884
v 0.11059914 -0.17452970 0.05824799
v 0.09289979 -0.17192506 0.08363389
v 0.09279448 0.17220423 -0.08375068
v 0.08728377 -0.35425781 0.08947928
v 0.08741238 0.35412352 -0.08935361
v 0.09243114 -0.40101337 0.08415155
v 0.09272115 0.40096635 -0.08383185
v 0.09605513 -0.05678416 0.07999007
v 0.09584556 0.05687603 -0.08024102
v 0.08665126 -0.42742008 -0.09009190
v 0.08665126 0.42742008 0.09009194
v 0.10632448 -0.10100535 0.06572748
v 0.10617237 0.10115374 -0.06597288
v 0.10985019 0.08899048 0.05964841
v 0.10985828 -0.08901727 -0.05963346
v 0.09193721 0.00700835 0.08469090
v 0.09201296 -0.00772582 -0.08460855
v 0.08574673 -0.36289413 0.09095327
v 0.08588553 0.36276826 -0.09082218
v 0.07185450 -0.00774805 0.10228359
v 0.11150473 0.15260576 0.05649507
v 0.11150664 -0.15260879 -0.05649126
v 0.06380691 -0.00277146 0.10748804
v 0.06388916 0.00256582 -0.10743914
v 0.06161616 0.01490430 0.10875868
v 0.05918091 -0.00744323 0.11010278
v 0.05953231 0.00746297 -0.10991313
v 0.04687133 -0.00781934 0.11587960
v 0.04706509 0.00609197 -0.11580099
v 0.04279964 -0.01446351 -0.11744439
v 0.03770226 -0.00703974 0.11917862
v 0.03642778 0.00530210 -0.11957429
v 0.03272610 0.01025712 0.12063999
v 0.02719882 -0.00898641 0.12200503
v 0.02624615 0.00491079 -0.12221347
v 0.01702007 -0.00738199 0.12383586
v 0.01533832 0.00594835 -0.12405535
v 0.01183031 0.00809784 0.12443893
v 0.01191641 -0.01317529 -0.12443068
v 0.00139539 0.00643909 0.12499223
v -0.02035821 0.00591928 0.12333106
v -0.00501246 -0.00479824 0.12489948
v -0.01118160 0.00790730 0.12449891
v -0.04167457 0.00524248 0.11784837
v -0.02602334 -0.00561738 0.12226116
v -0.03251966 0.00716935 0.12069581
v -0.06317346 0.00523216 0.10786158
v -0.04760609 -0.00693223 0.11557970
v -0.05384234 0.00706388 0.11280962
v -0.06724861 -0.01165008 0.10536902
v -0.07084399 0.00473432 0.10298610
v -0.07738735 0.00462099 0.09816418
v -0.08450036 0.00646905 0.09211242
v -0.09169926 0.00370445 0.08494853
v -0.10497204 0.00627078 0.06786663
v -0.09626918 -0.00733710 0.07973238
v -0.09950176 0.00548290 0.07565981
v -0.10981383 0.00392377 0.05971540
v -0.11859858 0.00670180 0.03948905
v -0.11302026 -0.00724220 0.05339876
v -0.11514737 0.00589775 0.04864248
v -0.12133486 0.00430629 0.03004759
v -0.12483771 0.00465551 0.00636802
v -0.12283982 -0.00759302 0.02313837
v -0.12386652 0.00649241 0.01679555
v -0.12499196 -0.01228458 0.00141937
v -0.12497490 0.00443001 -0.00250587
v -0.12441159 0.00731263 -0.01211448
v -0.12297359 0.00468469 -0.02241653
v -0.11658796 0.00463635 -0.04508050
v -0.12155820 -0.00722125 -0.02913090
v -0.11988305 0.00657986 -0.03539855
v -0.11481328 -0.01200345 -0.04942583
v -0.11319233 0.00432073 -0.05303299
v -0.10891740 0.00698097 -0.06133516
v -0.10374939 0.00425300 -0.06972134
v -0.09041217 0.00657011 -0.08631709
v -0.09985396 -0.00686435 -0.07519434
v -0.09665961 0.00586834 -0.07925857
v -0.08352995 0.00415286 -0.09299326
v -0.06478320 0.00442154 -0.10690246
v -0.07823091 -0.00772636 -0.09749320
v -0.07306199 0.00616608 -0.10142458
v -0.04356333 0.00437774 -0.11716328
v -0.05908458 -0.00773844 -0.11015448
v -0.05313288 0.00628466 -0.11314546
v -0.03887673 -0.01235797 -0.11880066
v -0.03531509 0.00401683 -0.11990763
v -0.02619812 0.00665743 -0.12222379
v -0.01624008 0.00386142 -0.12394053
v 0.00828266 0.00694328 -0.12472527
v -0.00957125 -0.00791424 -0.12463301
v -0.00360529 0.00559698 -0.12494798
v 0.08460708 -0.45085666 -0.09201432
v 0.08460708 0.45085666 0.09201436
v 0.06918640 -0.45065072 0.10410688
v 0.06928880 0.45064029 -0.10403872
v 0.06115615 -0.44986141 0.10901801
v 0.06122534 0.44985264 -0.10897913
v 0.04489146 -0.44700066 0.11666087
v 0.04492238 0.44699518 -0.11664893
v 0.03461754 -0.44891399 0.12011090
v 0.03463499 0.44891040 -0.12010583
v 0.02435822 -0.45163817 0.12260376
v 0.02436797 0.45163590 -0.12260178
v -0.02386395 -0.44838281 0.12270093
v -0.03486903 -0.44883556 0.12003815
v -0.04514847 -0.44852448 0.11656167
v -0.05487203 -0.44846516 0.11231236
v -0.06414441 -0.44848643 0.10728701
v -0.07293551 -0.44852458 0.10151561
v -0.08119547 -0.44855995 0.09503843
v -0.08887358 -0.44858742 0.08790048
v -0.09592121 -0.44860685 0.08015067
v -0.10229247 -0.44861969 0.07184190
v -0.10794485 -0.44862773 0.06303108
v -0.11283983 -0.44863253 0.05377899
v -0.11694357 -0.44863528 0.04414985
v -0.12022738 -0.44863679 0.03421087
v -0.12266820 -0.44863759 0.02403163
v -0.12424881 -0.44863801 0.01368352
v -0.12495805 -0.44863823 0.00323917
v -0.12479087 -0.44863835 -0.00722809
v -0.12374840 -0.44863841 -0.01764478
v -0.12183795 -0.44863845 -0.02793778
v -0.11907289 -0.44863848 -0.03803487
v -0.11547262 -0.44863850 -0.04786520
v -0.11106239 -0.44863851 -0.05735981
v -0.10587314 -0.44863852 -0.06645209
v -0.09994126 -0.44863855 -0.07507826
v -0.09330837 -0.44863861 -0.08317781
v -0.08602098 -0.44863875 -0.09069395
v -0.07813016 -0.44863909 -0.09757396
v -0.06969119 -0.44863985 -0.10376963
v -0.06076304 -0.44864146 -0.10923759
v -0.05140784 -0.44864469 -0.11393960
v -0.04169026 -0.44865088 -0.11784278
v -0.03167668 -0.44866225 -0.12091974
v -0.02143437 -0.44868249 -0.12314854
v -0.01103048 -0.44871770 -0.12451234
v -0.00053096 -0.44877872 -0.12499885
v 0.01000089 -0.44888645 -0.12459926
v 0.02050784 -0.44908646 -0.12330621
v 0.03095422 -0.44949128 -0.12110669
v 0.04141068 -0.45038249 -0.11794129
v 0.05189456 -0.45106837 -0.11371872
v 0.06233102 -0.45167955 -0.10835053
v -0.02386337 0.44838259 -0.12270100
v -0.03486879 0.44883545 -0.12003818
v -0.04514837 0.44852443 -0.11656167
v -0.05487199 0.44846514 -0.11231234
v -0.06414440 0.44848642 -0.10728698
v -0.07293550 0.44852457 -0.10151557
v -0.08119547 0.44855995 -0.09503839
v -0.08887358 0.44858742 -0.08790044
v -0.09592121 0.44860685 -0.08015063
v -0.10229247 0.44861969 -0.07184186
v -0.10794485 0.44862773 -0.06303104
v -0.11283983 0.44863253 -0.05377895
v -0.11694357 0.44863528 -0.04414981
v -0.12022738 0.44863679 -0.03421083
v -0.12266820 0.44863759 -0.02403159
v -0.12424881 0.44863801 -0.01368347
v -0.12495805 0.44863823 -0.00323913
v -0.12479087 0.44863835 0.00722813
v -0.12374840 0.44863841 0.01764482
v -0.12183795 0.44863845 0.02793782
v -0.11907289 0.44863848 0.03803491
v -0.11547262 0.44863850 0.04786524
v -0.11106239 0.44863851 0.05735985
v -0.10587314 0.44863852 0.06645213
v -0.09994126 0.44863855 0.07507830
v -0.09330837 0.44863861 0.08317786
v -0.08602098 0.44863875 0.09069399
v -0.07813016 0.44863909 0.09757400
v -0.06969119 0.44863985 0.10376968
v -0.06076304 0.44864146 0.10923763
v -0.05140784 0.44864469 0.11393964
v -0.04169026 0.44865088 0.11784282
v -0.03167668 0.44866225 0.12091979
v -0.02143437 0.44868249 0.12314858
v -0.01103048 0.44871770 0.12451239
v -0.00053096 0.44877872 0.12499889
v 0.01000089 0.44888645 0.12459931
v 0.02050784 0.44908646 0.12330626
v 0.03095422 0.44949128 0.12110673
v 0.04141068 0.45038249 0.11794134
v 0.05189456 0.45106837 0.11371876
v 0.06233102 0.45167955 0.10835057
v 0.06863089 -0.44823506 -0.10447389
v 0.06863089 0.44823506 0.10447393
v 0.07531936 -0.44939657 -0.09975965
v 0.07531936 0.44939657 0.09975969
v 0.09515388 -0.29590775 -0.08106005
v 0.09515373 0.29590766 0.08106026
v 0.02221679 -0.35840962 0.12300983
v 0.02222357 0.35840470 -0.12300856
v 0.09142995 -0.25146393 -0.08523823
v 0.09142910 0.25146334 0.08523919
v 0.04286165 -0.21031181 0.11742181
v 0.04283614 0.21032421 -0.11743108
v 0.06854081 -0.31578694 0.10453305
v 0.06855911 0.31575682 -0.10452101
v 0.09595481 0.46762422 -0.08011034
v 0.09571032 -0.46765261 0.08040233
v 0.12193008 -0.41477090 0.02753271
v -0.10545018 -0.20801958 0.06712128
v 0.04469246 -0.20675197 -0.11673721
v -0.10545494 0.20805685 -0.06711376
v 0.04465830 0.20673897 0.11675033
v 0.02174284 -0.20781427 0.12309449
v 0.02172045 0.20781174 -0.12309840
v 0.08064611 -0.20501006 -0.09550496
v 0.08064002 0.20500614 0.09551014
v -0.03039101 -0.20695428 0.12124930
v -0.03044913 0.20694774 -0.12123468
v 0.11099865 0.13731433 -0.05748297
v 0.11105192 -0.13706752 0.05738004
v 0.09753463 -0.04010560 0.07817925
v 0.09730306 0.04011381 -0.07846723
v 0.10574295 -0.43933193 -0.06665899
v 0.10574295 0.43933193 0.06665903
v 0.12410623 -0.48820560 -0.01492104
v 0.12410623 0.48820560 0.01492108
v 0.12380387 -0.48786542 0.01725101
v 0.12423892 0.43594498 -0.01377255
v 0.10586067 0.17875042 0.06647193
v 0.10586245 -0.17875259 -0.06646905
v 0.09114517 0.27304889 -0.08554269
v 0.09123345 -0.27304835 0.08544856
v 0.08988291 -0.16332531 0.08686807
v 0.08979240 0.16353848 -0.08696158
v 0.08643315 -0.04964083 0.09030123
v 0.08608710 0.04981642 -0.09063114
v 0.10735532 0.07737784 0.06402994
v 0.10736678 -0.07742249 -0.06401068
v 0.10277057 -0.01296529 0.07115622
v 0.10264826 0.01276132 -0.07133251
v 0.07088402 -0.41753837 0.10295852
v 0.07100767 0.41751786 -0.10287323
v 0.06011013 -0.41991430 0.10959824
v 0.06018267 0.41989918 -0.10955838
v 0.05132750 -0.42044173 0.11397583
v 0.05137326 0.42043064 -0.11395517
v 0.04205794 -0.42039515 0.11771208
v 0.04208621 0.42038736 -0.11770193
v 0.03165116 -0.42064624 0.12092646
v 0.03166763 0.42064114 -0.12092210
v 0.02004868 -0.41967782 0.12338174
v 0.02005757 0.41967474 -0.12338026
v 0.01219408 -0.41950053 0.12440381
v 0.01219995 0.41949839 -0.12440320
v 0.00197889 -0.42189734 0.12498436
v 0.00198228 0.42189605 -0.12498426
v -0.00613049 -0.41928648 0.12484960
v -0.00612847 0.41928563 -0.12484966
v -0.01304571 -0.42154446 0.12431740
v -0.02531039 -0.42177021 0.12241074
v -0.03556976 -0.42220266 0.11983238
v -0.04554183 -0.42251026 0.11640854
v -0.05519113 -0.42271268 0.11215590
v -0.06443049 -0.42285917 0.10711545
v -0.07319336 -0.42296901 0.10132985
v -0.08142469 -0.42304906 0.09484212
v -0.08907459 -0.42310446 0.08769678
v -0.09609561 -0.42314080 0.07994149
v -0.10244227 -0.42316350 0.07162813
v -0.10807185 -0.42317707 0.06281307
v -0.11294541 -0.42318486 0.05355691
v -0.11702859 -0.42318920 0.04392398
v -0.12029236 -0.42319157 0.03398170
v -0.12271337 -0.42319287 0.02379989
v -0.12427429 -0.42319360 0.01345018
v -0.12496389 -0.42319404 0.00300541
v -0.12477716 -0.42319434 -0.00746095
v -0.12371531 -0.42319455 -0.01787532
v -0.12178573 -0.42319471 -0.02816453
v -0.11900192 -0.42319483 -0.03825632
v -0.11538341 -0.42319492 -0.04807986
v -0.11095556 -0.42319498 -0.05756620
v -0.10574943 -0.42319502 -0.06664878
v -0.09980155 -0.42319505 -0.07526388
v -0.09315364 -0.42319507 -0.08335106
v -0.08585235 -0.42319508 -0.09085358
v -0.07794890 -0.42319510 -0.09771882
v -0.06949871 -0.42319512 -0.10389864
v -0.06056099 -0.42319519 -0.10934974
v -0.05119818 -0.42319526 -0.11403396
v -0.04147541 -0.42319526 -0.11791856
v -0.03145969 -0.42319482 -0.12097638
v -0.02121910 -0.42319301 -0.12318582
v -0.01082161 -0.42318771 -0.12453067
v -0.00033350 -0.42317444 -0.12499953
v 0.01018299 -0.42314385 -0.12458451
v 0.02067392 -0.42307563 -0.12327848
v 0.03110057 -0.42292228 -0.12106919
v 0.04145316 -0.42257272 -0.11792637
v 0.05182463 -0.42180413 -0.11375061
v 0.06370190 -0.41988946 -0.10755027
v 0.06993548 -0.41503363 -0.10360512
v -0.01304440 0.42154390 -0.12431749
v -0.02530987 0.42176995 -0.12241081
v -0.03556952 0.42220253 -0.11983241
v -0.04554172 0.42251020 -0.11640854
v -0.05519108 0.42271265 -0.11215588
v -0.06443048 0.42285916 -0.10711542
v -0.07319336 0.42296901 -0.10132982
v -0.08142469 0.42304906 -0.09484208
v -0.08907459 0.42310446 -0.08769674
v -0.09609561 0.42314080 -0.07994145
v -0.10244227 0.42316350 -0.07162809
v -0.10807185 0.42317707 -0.06281303
v -0.11294541 0.42318486 -0.05355687
v -0.11702859 0.42318920 -0.04392394
v -0.12029236 0.42319157 -0.03398166
v -0.12271337 0.42319287 -0.02379984
v -0.12427429 0.42319360 -0.01345014
v -0.12496389 0.42319404 -0.00300537
v -0.12477716 0.42319434 0.00746099
v -0.12371531 0.42319455 0.01787536
v -0.12178573 0.42319471 0.02816457
v -0.11900192 0.42319483 0.03825636
v -0.11538341 0.42319492 0.04807990
v -0.11095556 0.42319498 0.05756624
v -0.10574943 0.42319502 0.06664882
v -0.09980155 0.42319505 0.07526393
v -0.09315364 0.42319507 0.08335110
v -0.08585235 0.42319508 0.09085363
v -0.07794890 0.42319510 0.09771887
v -0.06949871 0.42319513 0.10389868
v -0.06056099 0.42319519 0.10934978
v -0.05119818 0.42319527 0.11403400
v -0.04147541 0.42319526 0.11791861
v -0.03145969 0.42319482 0.12097642
v -0.02121911 0.42319301 0.12318586
v -0.01082161 0.42318771 0.12453071
v -0.00033351 0.42317444 0.12499958
v 0.01018298 0.42314385 0.12458456
v 0.02067391 0.42307563 0.12327852
v 0.03110057 0.42292228 0.12106923
v 0.04145316 0.42257272 0.11792641
v 0.05182463 0.42180413 0.11375065
v 0.06370190 0.41988946 0.10755031
v 0.06993548 0.41503363 0.10360516
v 0.07633788 -0.41851856 -0.09898242
v 0.07633788 0.41851856 0.09898247
v 0.09234414 -0.45528732 -0.08424697
v 0.09234414 0.45528732 0.08424701
v 0.07547959 -0.20881636 0.09963851
v 0.07539434 0.20890970 -0.09970299
v 0.08241473 0.05146257 0.09398304
v 0.08241970 -0.05166493 -0.09397864
v 0.11024420 0.40878693 -0.05891697
v 0.10477062 -0.32359865 -0.06817704
v 0.10477060 0.32359864 0.06817711
v 0.10945214 -0.40844172 0.06037571
v 0.10667414 -0.36369636 -0.06515842
v 0.10667414 0.36369636 0.06515846
v 0.09467709 -0.42005130 -0.08161642
v 0.09467709 0.42005130 0.08161647
v 0.11190074 -0.08658359 0.05570656
v 0.11173891 0.08677030 -0.05603043
v 0.12313761 -0.47826690 -0.02149704
v 0.12313761 0.47826690 0.02149709
v 0.12289406 -0.47530777 0.02284831
v 0.10174000 0.44720372 -0.07262207
v 0.10118785 -0.44721924 0.07338949
v 0.08003853 -0.40689196 0.09601476
v 0.08020891 0.40685834 -0.09587243
v 0.11152212 0.09503122 0.05646074
v 0.11152859 -0.09505124 -0.05644791
v 0.08896676 -0.23242388 0.08780612
v 0.08881048 0.23254995 -0.08796415
v 0.12485516 0.13546780 -0.00601516
v 0.05881107 -0.30044910 0.11030077
v 0.05881191 0.30043625 -0.11030028
v -0.04231019 -0.31910324 0.11762166
v -0.05202943 -0.31891406 0.11365714
v -0.06137682 -0.31871702 0.10889396
v -0.07026737 -0.31854621 0.10338039
v -0.07864677 -0.31841845 0.09715808
v -0.08647215 -0.31832577 0.09026392
v -0.09369846 -0.31825978 0.08273818
v -0.10027789 -0.31821912 0.07462810
v -0.10616238 -0.31820510 0.06598906
v -0.11130711 -0.31821467 0.05688352
v -0.11567335 -0.31823913 0.04737809
v -0.11922954 -0.31826894 0.03754096
v -0.12195076 -0.31829767 0.02744117
v -0.12381810 -0.31832238 0.01714891
v -0.12481841 -0.31834227 0.00673571
v -0.12494448 -0.31835762 -0.00372580
v -0.12419513 -0.31836909 -0.01416241
v -0.12257532 -0.31837742 -0.02450092
v -0.12009615 -0.31838333 -0.03466869
v -0.11677482 -0.31838742 -0.04459423
v -0.11263449 -0.31839019 -0.05420770
v -0.10770412 -0.31839201 -0.06344150
v -0.10201829 -0.31839314 -0.07223067
v -0.09561693 -0.31839375 -0.08051337
v -0.08854509 -0.31839389 -0.08823133
v -0.08085268 -0.31839350 -0.09533018
v -0.07259426 -0.31839237 -0.10175988
v -0.06382881 -0.31839010 -0.10747502
v -0.05461964 -0.31838604 -0.11243528
v -0.04503425 -0.31837927 -0.11660581
v -0.03514423 -0.31836855 -0.11995782
v -0.02502521 -0.31835244 -0.12246932
v -0.01475648 -0.31832941 -0.12412591
v -0.00442036 -0.31829820 -0.12492180
v 0.00589900 -0.31825828 -0.12486071
v 0.01611769 -0.31821047 -0.12395650
v 0.02615531 -0.31815740 -0.12223295
v 0.03593986 -0.31810346 -0.11972184
v 0.04541476 -0.31805380 -0.11645812
v 0.05454782 -0.31801393 -0.11247012
v 0.06334349 -0.31800701 -0.10776175
v -0.04231074 0.31910302 -0.11762142
v -0.05203002 0.31891391 -0.11365683
v -0.06137740 0.31871693 -0.10889358
v -0.07026791 0.31854618 -0.10337998
v -0.07864725 0.31841847 -0.09715765
v -0.08647255 0.31832583 -0.09026349
v -0.09369878 0.31825986 -0.08273778
v -0.10027812 0.31821922 -0.07462774
v -0.10616255 0.31820521 -0.06598875
v -0.11130722 0.31821477 -0.05688327
v -0.11567342 0.31823924 -0.04737789
v -0.11922958 0.31826904 -0.03754080
v -0.12195078 0.31829776 -0.02744104
v -0.12381811 0.31832246 -0.01714881
v -0.12481841 0.31834236 -0.00673563
v -0.12494448 0.31835771 0.00372585
v -0.12419513 0.31836918 0.01416245
v -0.12257533 0.31837753 0.02450094
v -0.12009617 0.31838347 0.03466868
v -0.11677486 0.31838761 0.04459417
v -0.11263456 0.31839043 0.05420759
v -0.10770426 0.31839232 0.06344132
v -0.10201852 0.31839353 0.07223039
v -0.09561729 0.31839422 0.08051299
v -0.08854561 0.31839444 0.08823085
v -0.08085341 0.31839412 0.09532961
v -0.07259522 0.31839303 0.10175923
v -0.06383003 0.31839077 0.10747434
v -0.05462110 0.31838668 0.11243461
v -0.04503591 0.31837985 0.11660520
v -0.03514605 0.31836905 0.11995733
v -0.02502711 0.31835283 0.12246898
v -0.01475837 0.31832969 0.12412573
v -0.00442217 0.31829836 0.12492177
v 0.00589734 0.31825835 0.12486083
v 0.01611623 0.31821046 0.12395673
v 0.02615407 0.31815733 0.12223325
v 0.03593885 0.31810336 0.11972219
v 0.04541397 0.31805368 0.11645847
v 0.05454722 0.31801382 0.11247046
v 0.06334306 0.31800691 0.10776205
v -0.03233490 -0.31929571 0.12074544
v -0.03233536 0.31929539 -0.12074527
v -0.02219998 -0.31950238 0.12301287
v -0.02220028 0.31950191 -0.12301278
v -0.01201300 -0.31971511 0.12442144
v -0.01201303 0.31971439 -0.12442139
v -0.00188693 -0.31995953 0.12498578
v -0.00188651 0.31995841 -0.12498574
v 0.00808754 -0.32029240 0.12473811
v 0.00808866 0.32029057 -0.12473800
v 0.07186809 -0.31818076 -0.10227399
v 0.07186780 0.31818067 0.10227424
v 0.01781592 -0.32071416 0.12372387
v 0.01781814 0.32071121 -0.12372351
v 0.02701698 -0.32115397 0.12204543
v 0.02702080 0.32114931 -0.12204454
v 0.06689215 -0.20821000 0.10559565
v 0.06683177 0.20826834 -0.10563383
v 0.04025732 -0.31873265 0.11833998
v 0.04026406 0.31872414 -0.11833765
v 0.08014634 -0.31930308 -0.09592474
v 0.08014617 0.31930302 0.09592493
v 0.11137746 -0.29297011 -0.05674552
v 0.11137743 0.29297009 0.05674561
v 0.11333667 -0.10196774 0.05272377
v 0.11315260 0.10216370 -0.05311761
v 0.04799297 -0.31781679 0.11541957
v 0.04800232 0.31780444 -0.11541564
v -0.02122606 -0.29879282 0.12318466
v -0.03136265 -0.29844221 0.12100161
v -0.04135157 -0.29817090 0.11796209
v -0.05108937 -0.29799044 0.11408279
v -0.06047441 -0.29789191 0.10939769
v -0.06941938 -0.29784520 0.10395170
v -0.07785936 -0.29780555 0.09779022
v -0.08574767 -0.29774602 0.09095243
v -0.09304332 -0.29766944 0.08347424
v -0.09970133 -0.29760831 0.07539663
v -0.10566884 -0.29760631 0.06677652
v -0.11089258 -0.29766532 0.05768745
v -0.11533164 -0.29774543 0.04820394
v -0.11895818 -0.29781694 0.03839215
v -0.12175062 -0.29787333 0.02831594
v -0.12369108 -0.29791597 0.01804227
v -0.12476625 -0.29794761 0.00764119
v -0.12496832 -0.29797075 -0.00281523
v -0.12429537 -0.29798740 -0.01325395
v -0.12275164 -0.29799918 -0.02360171
v -0.12034755 -0.29800736 -0.03378569
v -0.11709964 -0.29801294 -0.04373416
v -0.11303051 -0.29801666 -0.05337702
v -0.10816857 -0.29801908 -0.06264633
v -0.10254790 -0.29802058 -0.07147678
v -0.09620796 -0.29802137 -0.07980620
v -0.08919339 -0.29802155 -0.08757591
v -0.08155373 -0.29802106 -0.09473114
v -0.07334316 -0.29801965 -0.10122144
v -0.06462032 -0.29801690 -0.10700100
v -0.05544812 -0.29801214 -0.11202903
v -0.04589360 -0.29800448 -0.11627027
v -0.03602775 -0.29799280 -0.11969544
v -0.02592530 -0.29797591 -0.12228195
v -0.01566434 -0.29795267 -0.12401461
v -0.00532562 -0.29792226 -0.12488648
v 0.00500854 -0.29788434 -0.12489960
v 0.01525583 -0.29783884 -0.12406552
v 0.02533615 -0.29778493 -0.12240536
v 0.03517460 -0.29771802 -0.11994891
v 0.04470543 -0.29762367 -0.11673225
v 0.05387733 -0.29746552 -0.11279285
v 0.06265788 -0.29715751 -0.10816184
v -0.02122742 0.29879206 -0.12318438
v -0.03136423 0.29844159 -0.12100116
v -0.04135327 0.29817043 -0.11796145
v -0.05109109 0.29799013 -0.11408198
v -0.06047606 0.29789177 -0.10939673
v -0.06942088 0.29784522 -0.10395066
v -0.07786065 0.29780571 -0.09778915
v -0.08574873 0.29774628 -0.09095139
v -0.09304414 0.29766977 -0.08347328
v -0.09970193 0.29760868 -0.07539579
v -0.10566926 0.29760669 -0.06677582
v -0.11089285 0.29766570 -0.05768689
v -0.11533181 0.29774578 -0.04820351
v -0.11895828 0.29781727 -0.03839183
v -0.12175067 0.29787364 -0.02831570
v -0.12369110 0.29791627 -0.01804209
v -0.12476626 0.29794791 -0.00764107
v -0.12496832 0.29797106 0.00281531
v -0.12429537 0.29798775 0.01325398
v -0.12275165 0.29799958 0.02360168
v -0.12034759 0.29800786 0.03378558
v -0.11709974 0.29801357 0.04373394
v -0.11303071 0.29801746 0.05337664
v -0.10816893 0.29802009 0.06264574
v -0.10254851 0.29802183 0.07147595
v -0.09620893 0.29802287 0.07980508
v -0.08919483 0.29802328 0.08757448
v -0.08155574 0.29802297 0.09472945
v -0.07334582 0.29802167 0.10121956
v -0.06462367 0.29801893 0.10699901
v -0.05545213 0.29801406 0.11202709
v -0.04589816 0.29800619 0.11626851
v -0.03603269 0.29799423 0.11969399
v -0.02593043 0.29797700 0.12228090
v -0.01566942 0.29795340 0.12401401
v -0.00533043 0.29792266 0.12488632
v 0.00500417 0.29788445 0.12489981
v 0.01525201 0.29783874 0.12406603
v 0.02533295 0.29778469 0.12240607
v 0.03517203 0.29771770 0.11994971
v 0.04470343 0.29762332 0.11673305
v 0.05387584 0.29746518 0.11279360
v 0.06265680 0.29715721 0.10816250
v -0.01104716 -0.29920782 0.12451091
v -0.01104830 0.29920685 -0.12451076
v -0.00090487 -0.29968889 0.12499675
v -0.00090570 0.29968763 -0.12499670
v 0.00911868 -0.30027186 0.12466697
v 0.00911822 0.30027014 -0.12466697
v 0.01892543 -0.30100728 0.12355902
v 0.01892543 0.30100481 -0.12355898
v 0.02829856 -0.30190002 0.12175465
v 0.02829916 0.30189639 -0.12175447
v 0.07100244 -0.29646363 -0.10287685
v 0.07100168 0.29646337 0.10287741
v 0.03596544 -0.30233588 0.11971420
v 0.03596660 0.30233079 -0.11971381
v 0.05860473 -0.20954155 0.11041054
v 0.05856103 0.20957752 -0.11043368
v 0.08727679 -0.15000118 -0.08948606
v 0.08726795 0.14999393 0.08949471
v 0.08033380 -0.41745263 0.09576784
v 0.08052081 0.41743264 -0.09561063
v 0.08718673 -0.31405679 -0.08957380
v 0.08718660 0.31405673 0.08957397
v 0.07915822 -0.23647677 0.09674180
v 0.07906329 0.23653767 -0.09681936
v 0.08100387 -0.32998449 -0.09520171
v 0.08100377 0.32998446 0.09520184
v 0.07514447 -0.32882000 -0.09989145
v 0.07514431 0.32881995 0.09989161
v -0.03781704 -0.32966261 0.11914226
v -0.04770308 -0.32951671 0.11553970
v -0.05726821 -0.32926008 0.11110968
v -0.06637408 -0.32897886 0.10592209
v -0.07496687 -0.32877931 0.10002487
v -0.08302688 -0.32864977 0.09344274
v -0.09051530 -0.32856625 0.08620898
v -0.09738354 -0.32851398 0.07836743
v -0.10358168 -0.32848607 0.06997031
v -0.10906260 -0.32847827 0.06107664
v -0.11378444 -0.32848540 0.05175044
v -0.11771175 -0.32850129 0.04205889
v -0.12081579 -0.32852044 0.03207104
v -0.12307422 -0.32853917 0.02185732
v -0.12447088 -0.32855560 0.01148935
v -0.12499570 -0.32856907 0.00103974
v -0.12464470 -0.32857960 -0.00941827
v -0.12342008 -0.32858753 -0.01981130
v -0.12133020 -0.32859334 -0.03006636
v -0.11838954 -0.32859747 -0.04011136
v -0.11461858 -0.32860034 -0.04987570
v -0.11004369 -0.32860227 -0.05929072
v -0.10469694 -0.32860352 -0.06829021
v -0.09861585 -0.32860426 -0.07681091
v -0.09184317 -0.32860455 -0.08479288
v -0.08442664 -0.32860439 -0.09217995
v -0.07641874 -0.32860360 -0.09892004
v -0.06787649 -0.32860184 -0.10496562
v -0.05886126 -0.32859853 -0.11027398
v -0.04943873 -0.32859272 -0.11480771
v -0.03967877 -0.32858313 -0.11853519
v -0.02965544 -0.32856801 -0.12143126
v -0.01944681 -0.32854532 -0.12347800
v -0.00913465 -0.32851294 -0.12466577
v 0.00119637 -0.32846924 -0.12499425
v 0.01146013 -0.32841411 -0.12447353
v 0.02157144 -0.32835038 -0.12312460
v 0.03144992 -0.32828598 -0.12097891
v 0.04102580 -0.32823577 -0.11807573
v 0.05024737 -0.32822108 -0.11445608
v 0.05907935 -0.32826225 -0.11015727
v 0.06745499 -0.32839518 -0.10523695
v -0.03781729 0.32966240 -0.11914214
v -0.04770341 0.32951656 -0.11553953
v -0.05726856 0.32925998 -0.11110945
v -0.06637443 0.32897881 -0.10592183
v -0.07496720 0.32877929 -0.10002459
v -0.08302716 0.32864978 -0.09344245
v -0.09051553 0.32856629 -0.08620870
v -0.09738372 0.32851403 -0.07836716
v -0.10358181 0.32848613 -0.06997007
v -0.10906269 0.32847833 -0.06107644
v -0.11378450 0.32848546 -0.05175027
v -0.11771179 0.32850135 -0.04205875
v -0.12081581 0.32852049 -0.03207093
v -0.12307423 0.32853922 -0.02185723
v -0.12447089 0.32855565 -0.01148928
v -0.12499570 0.32856912 -0.00103968
v -0.12464470 0.32857965 0.00941832
v -0.12342008 0.32858760 0.01981134
v -0.12133021 0.32859342 0.03006637
v -0.11838955 0.32859757 0.04011136
v -0.11461861 0.32860046 0.04987566
v -0.11004375 0.32860243 0.05929064
v -0.10469705 0.32860373 0.06829008
v -0.09861603 0.32860451 0.07681072
v -0.09184344 0.32860486 0.08479263
v -0.08442703 0.32860474 0.09217963
v -0.07641928 0.32860399 0.09891967
v -0.06787717 0.32860225 0.10496522
v -0.05886211 0.32859893 0.11027357
v -0.04943972 0.32859311 0.11480732
v -0.03967988 0.32858347 0.11853487
v -0.02965662 0.32856830 0.12143102
v -0.01944802 0.32854554 0.12347785
v -0.00913584 0.32851309 0.12466572
v 0.00119526 0.32846932 0.12499431
v 0.01145912 0.32841413 0.12447366
v 0.02157057 0.32835036 0.12312479
v 0.03144918 0.32828594 0.12097914
v 0.04102520 0.32823571 0.11807597
v 0.05024691 0.32822101 0.11445633
v 0.05907900 0.32826219 0.11015749
v 0.06745474 0.32839512 0.10523715
v -0.02773326 -0.32982110 0.12188467
v -0.02773339 0.32982076 -0.12188460
v -0.01751738 -0.32996817 0.12376650
v -0.01751726 0.32996762 -0.12376648
v -0.00731887 -0.33002832 0.12478557
v -0.00731834 0.33002740 -0.12478556
v 0.00273000 -0.33015038 0.12497021
v 0.00273125 0.33014883 -0.12497014
v 0.01260361 -0.33043992 0.12436299
v 0.01260601 0.33043733 -0.12436271
v 0.02226064 -0.33074974 0.12300190
v 0.02226486 0.33074549 -0.12300110
v 0.03127591 -0.33024637 0.12102405
v 0.03128259 0.33023976 -0.12102228
v 0.09492499 0.43665547 -0.08132797
v 0.09453121 -0.43664648 0.08178538
v 0.04392917 -0.33201257 0.11702663
v 0.04394210 0.33200005 -0.11702173
v 0.08041772 0.00763361 0.09569739
v 0.08090439 -0.01111967 -0.09528626
v 0.11364723 -0.38088757 -0.05205093
v 0.11364723 0.38088757 0.05205098
v 0.10980345 -0.45434987 -0.05973436
v 0.10980345 0.45434987 0.05973440
v -0.03431657 -0.25741874 0.12019725
v -0.05426709 -0.25711824 0.11260591
v -0.10175064 -0.25684995 0.07260727
v -0.03432570 0.25741658 -0.12019460
v -0.05427617 0.25711815 -0.11260149
v -0.10175278 0.25685318 -0.07260422
v 0.07339456 -0.25824453 -0.10118415
v 0.07339231 0.25824348 0.10118582
v 0.08765892 -0.29643630 -0.08911177
v 0.08765867 0.29643618 0.08911205
v 0.09409425 -0.19058763 0.08228773
v 0.09394362 0.19092971 -0.08245962
v 0.03476893 -0.16756919 0.12006717
v 0.03471871 0.16761273 -0.12008166
v -0.09857362 -0.16516869 0.07686513
v 0.03338608 -0.16489048 -0.12045897
v 0.05330784 -0.16580349 -0.11306311
v -0.09857720 0.16537506 -0.07686051
v 0.03329212 0.16485238 0.12048501
v 0.05326746 0.16578697 0.11308218
v 0.12367804 -0.22337825 0.01813113
v 0.10518308 0.15744164 0.06753901
v 0.10518588 -0.15744550 -0.06753460
v 0.10473128 -0.33836513 -0.06823746
v 0.10473127 0.33836513 0.06823752
v 0.10946150 0.30561948 -0.06035871
v 0.10946378 -0.30572811 0.06035461
v 0.12454042 -0.10484424 -0.01070871
v 0.12454028 0.10484312 0.01071045
v 0.11314272 -0.42798388 -0.05313866
v 0.11314272 0.42798388 0.05313870
v 0.10117436 0.37880021 -0.07340804
v 0.10086132 -0.37913513 0.07383761
v 0.11312005 0.07894987 0.05318695
v 0.11312772 -0.07897903 -0.05317059
v 0.10295069 -0.42899591 0.07089537
v 0.10323994 0.42906315 -0.07047345
v 0.08582538 -0.29347889 0.09087906
v 0.08580317 0.29344885 -0.09089999
v 0.12317162 -0.28801285 -0.02130131
v 0.12317161 0.28801284 0.02130137
v 0.05625698 -0.31920598 0.11162506
v 0.05627123 0.31918712 -0.11161783
v 0.11090349 0.34859752 -0.05766636
v 0.08012067 -0.39693116 0.09594623
v 0.08027862 0.39688073 -0.09581407
v 0.11063623 -0.34895036 0.05817751
v 0.08562568 -0.39858258 0.09106725
v 0.08583253 0.39852703 -0.09087227
v 0.10161536 0.37023532 -0.07279637
v 0.10134636 -0.37059922 0.07317044
v 0.09200408 0.34407205 -0.08461821
v 0.09187773 -0.34422680 0.08475542
v 0.08381903 -0.14748572 0.09273279
v 0.08373384 0.14762669 -0.09280967
v 0.12437058 0.25047166 -0.01252809
v 0.12236241 -0.41309395 -0.02554277
v 0.12236241 0.41309395 0.02554281
v -0.00821042 -0.17119218 0.12473009
v -0.00830333 0.17115839 -0.12472389
v -0.02889162 -0.16798693 0.12161530
v -0.02908202 0.16797442 -0.12156987
v 0.05651188 -0.17229742 0.11149623
v 0.05646185 0.17235458 -0.11152153
v 0.10459997 -0.48308493 -0.06843858
v 0.10459997 0.48308493 0.06843862
v 0.09226057 0.49083162 -0.08433848
v 0.09219553 -0.49083435 0.08440962
v 0.10587339 -0.46062397 -0.06645161
v 0.10587339 0.46062397 0.06645165
v 0.12138973 -0.48565753 0.02982499
v 0.09065983 -0.49049537 -0.08605688
v 0.09065983 0.49049537 0.08605692
v 0.08310051 0.30359510 -0.09337718
v 0.08309790 -0.30363573 0.09337954
v 0.06943993 -0.40817087 -0.10393791
v 0.06943993 0.40817087 0.10393795
v 0.01198810 -0.41220042 0.12442383
v 0.01199373 0.41219813 -0.12442325
v 0.07372777 0.00873184 0.10094165
v 0.07369051 -0.00817399 -0.10096881
v 0.04201100 -0.14610032 0.11772884
v 0.04192615 0.14620606 -0.11775904
v 0.02866277 -0.14658935 0.12166943
v 0.02858285 0.14668327 -0.12168818
v 0.01860225 -0.14646184 0.12360809
v 0.01852579 0.14653437 -0.12361953
v -0.01264669 -0.14615140 0.12435862
v -0.01276828 0.14604409 -0.12434616
v -0.02309770 -0.14647254 0.12284748
v -0.02333630 0.14631156 -0.12280233
v 0.00828754 -0.14628590 0.12472498
v 0.00821260 0.14631944 -0.12472990
v -0.00213584 -0.14609026 0.12498177
v -0.00221968 0.14606408 -0.12498027
v -0.03330732 -0.14628132 0.12048082
v -0.03375359 0.14626203 -0.12035652
v 0.06654734 -0.14611829 -0.10581325
v 0.06652297 0.14611218 0.10582862
v 0.05850013 -0.14614201 -0.11046595
v 0.05846618 0.14613531 0.11048397
v 0.04757758 -0.14605617 -0.11559138
v 0.04752520 0.14604343 0.11561297
v -0.10749549 -0.14476907 0.06379441
v -0.11228786 -0.14443672 0.05492217
v -0.11644830 -0.14418453 0.04544008
v -0.11983126 -0.14405685 0.03557354
v -0.12238099 -0.14398811 0.02545387
v -0.12407780 -0.14394647 0.01515604
v -0.12490979 -0.14391903 0.00474875
v -0.12487012 -0.14389984 -0.00569729
v -0.12395759 -0.14388613 -0.01610964
v -0.12217715 -0.14387634 -0.02641492
v -0.11954005 -0.14386996 -0.03654012
v -0.11606393 -0.14386693 -0.04641302
v -0.11177276 -0.14386771 -0.05596297
v -0.10669679 -0.14387256 -0.06512140
v -0.10087234 -0.14388160 -0.07382258
v -0.09434126 -0.14389444 -0.08200444
v -0.08715065 -0.14391067 -0.08960895
v -0.07935241 -0.14393004 -0.09658258
v -0.07100337 -0.14395305 -0.10287624
v -0.06216546 -0.14398142 -0.10844563
v -0.05290700 -0.14401874 -0.11325125
v -0.04330476 -0.14406948 -0.11725909
v -0.03345177 -0.14413494 -0.12044076
v -0.02346798 -0.14418303 -0.12277724
v -0.01344687 -0.14406075 -0.12427460
v -0.00322402 -0.14383489 -0.12495840
v 0.00722708 -0.14381384 -0.12479088
v 0.01760983 -0.14423939 -0.12375334
v 0.02729633 -0.14509719 -0.12198321
v 0.03909424 -0.14579204 -0.11872925
v -0.10746887 0.14510699 -0.06383920
v -0.11226346 0.14476185 -0.05497198
v -0.11643040 0.14449748 -0.04548587
v -0.11982120 0.14436139 -0.03560737
v -0.12237740 0.14429126 -0.02547111
v -0.12407786 0.14425555 -0.01515552
v -0.12491041 0.14424050 -0.00473230
v -0.12486878 0.14423883 0.00572654
v -0.12395258 0.14424695 0.01614821
v -0.12216741 0.14426348 0.02645997
v -0.11952496 0.14428903 0.03658949
v -0.11604303 0.14432544 0.04646528
v -0.11174567 0.14437600 0.05601707
v -0.10666350 0.14444497 0.06517596
v -0.10083475 0.14453898 0.07387395
v -0.09430829 0.14466539 0.08204239
v -0.08715185 0.14482869 0.08960782
v -0.07946739 0.14499687 0.09648804
v -0.07135897 0.14501049 0.10262994
v -0.06274807 0.14488897 0.10810961
v -0.05366147 0.14471687 0.11289577
v -0.04417500 0.14452483 0.11693407
v -0.03436767 0.14431803 0.12018265
v -0.02431109 0.14409403 0.12261312
v -0.01405987 0.14385568 0.12420679
v -0.00363112 0.14364531 0.12494727
v 0.00696110 0.14367790 0.12480604
v 0.01743460 0.14415429 0.12377818
v 0.02717764 0.14504734 0.12200975
v 0.03902059 0.14576910 0.11875351
v -0.10219710 -0.14500494 0.07197750
v -0.10217331 0.14536550 -0.07201122
v -0.09419050 -0.14468523 0.08217759
v -0.09418257 0.14508180 -0.08218665
v -0.08710349 -0.14418545 0.08965484
v -0.08712087 0.14461890 -0.08963791
v -0.07915052 -0.14413762 0.09674814
v -0.07921099 0.14459892 -0.09669859
v -0.07073374 -0.14434955 0.10306185
v -0.07086029 0.14482952 -0.10297484
v -0.06191675 -0.14464813 0.10858786
v -0.06214319 0.14513118 -0.10845839
v -0.05272550 -0.14504416 0.11333591
v -0.05309565 0.14548201 -0.11316293
v -0.04319305 -0.14557757 0.11730033
v -0.04370379 0.14584398 -0.11711095
v 0.05152078 -0.14495700 0.11388859
v 0.05143382 0.14506455 -0.11392785
v 0.07409798 -0.14698887 -0.10067016
v 0.07408045 0.14698209 0.10068311
v 0.09672190 0.08474203 0.07918253
v 0.09673642 -0.08479532 -0.07916474
v 0.09894296 -0.45100055 -0.07638902
v 0.09894296 0.45100055 0.07638906
v 0.03527871 -0.14653776 0.11991837
v 0.03519513 0.14664065 -0.11994289
v 0.05312424 -0.14627408 -0.11314949
v 0.05308219 0.14626552 0.11316927
v -0.09836986 -0.14502299 0.07712573
v 0.03331461 -0.14565038 -0.12047875
v -0.09835166 0.14540182 -0.07714890
v 0.03322188 0.14561673 0.12050440
v 0.07881555 -0.14864505 -0.09702114
v 0.07880172 0.14863783 0.09703242
v 0.09449091 0.41948057 -0.08183190
v 0.09415869 -0.41944116 0.08221400
v 0.07428981 -0.34739978 0.10052873
v 0.07435731 0.34733584 -0.10047876
v 0.06183558 -0.16123759 0.10863408
v 0.06177396 0.16131529 -0.10866908
v 0.12490085 0.12675195 -0.00497708
v 0.09442828 0.49497762 -0.08190416
v 0.09438931 -0.49497799 0.08194912
v 0.12211427 -0.42514801 -0.02670392
v 0.12211427 0.42514801 0.02670396
v 0.10690196 -0.44711962 0.06478402
v 0.10685133 0.44792319 -0.06486745
v 0.07067544 -0.49407980 0.10310181
v 0.07069139 0.49407815 -0.10309084
v 0.08094127 -0.20589877 0.09525498
v 0.08083528 0.20603295 -0.09534490
v 0.08755099 -0.47254638 0.08921785
v 0.08770431 0.47253325 -0.08906709
v 0.12360468 -0.26707660 -0.01862465
v 0.12360467 0.26707659 0.01862472
v 0.07718815 -0.45199324 0.09832085
v 0.07733851 0.45198163 -0.09820258
v 0.06222598 -0.49420750 0.10841093
v 0.06223692 0.49420626 -0.10840461
v 0.05301542 -0.49427155 0.11320056
v 0.05302258 0.49427065 -0.11319717
v 0.07912420 -0.49407594 -0.09676959
v 0.07912420 0.49407594 0.09676963
v 0.04335349 -0.49438391 0.11724111
v 0.04335793 0.49438328 -0.11723943
v 0.03340693 -0.49453084 0.12045323
v 0.03340956 0.49453042 -0.12045246
v 0.07097176 -0.49448698 -0.10289802
v 0.07097176 0.49448698 0.10289806
v 0.02327152 -0.49464925 0.12281466
v 0.02327303 0.49464896 -0.12281433
v 0.01299761 -0.49469482 0.12432243
v 0.01299846 0.49469464 -0.12432230
v 0.00262239 -0.49465116 0.12497251
v 0.00262287 0.49465105 -0.12497246
v -0.00781003 -0.49452288 0.12475580
v 0.06238742 -0.49482797 -0.10831806
v -0.00780976 0.49452281 -0.12475577
v 0.06238742 0.49482797 0.10831811
v -0.01824999 -0.49431746 0.12366060
v -0.02861915 -0.49416828 0.12167970
v -0.03878543 -0.49420450 0.11883054
v -0.04863440 -0.49429906 0.11515078
v -0.05811307 -0.49434199 0.11067014
v -0.06717640 -0.49435988 0.10541508
v -0.07576567 -0.49436825 0.09942118
v -0.08382175 -0.49437289 0.09273037
v -0.09128866 -0.49437578 0.08538962
v -0.09811444 -0.49437767 0.07745039
v -0.10425155 -0.49437890 0.06896827
v -0.10965716 -0.49437969 0.06000263
v -0.11429349 -0.49438018 0.05061626
v -0.11812809 -0.49438048 0.04087494
v -0.12113411 -0.49438065 0.03084694
v -0.12329047 -0.49438074 0.02060257
v -0.12458205 -0.49438079 0.01021368
v -0.12499978 -0.49438082 -0.00024687
v -0.12454073 -0.49438084 -0.01070569
v -0.12320812 -0.49438084 -0.02108942
v -0.12101130 -0.49438085 -0.03132524
v -0.11796566 -0.49438085 -0.04134134
v -0.11409259 -0.49438085 -0.05106745
v -0.10941923 -0.49438085 -0.06043537
v -0.10397838 -0.49438086 -0.06937938
v -0.09780819 -0.49438087 -0.07783674
v -0.09095195 -0.49438091 -0.08574814
v -0.08345774 -0.49438098 -0.09305808
v -0.07537810 -0.49438114 -0.09971530
v -0.06676969 -0.49438147 -0.10567312
v -0.05769281 -0.49438211 -0.11088976
v -0.04821102 -0.49438332 -0.11532864
v -0.03839063 -0.49438549 -0.11895863
v -0.02830027 -0.49438927 -0.12175422
v -0.01801039 -0.49439557 -0.12369568
v -0.00759292 -0.49440554 -0.12476916
v 0.00287909 -0.49442005 -0.12496682
v 0.01333204 -0.49443767 -0.12428697
v 0.02369459 -0.49444939 -0.12273370
v 0.03390654 -0.49443784 -0.12031351
v 0.04387151 -0.49451251 -0.11704821
v 0.05339934 -0.49476377 -0.11301993
v -0.01824985 0.49431741 -0.12366058
v -0.02861907 0.49416826 -0.12167968
v -0.03878539 0.49420449 -0.11883051
v -0.04863438 0.49429905 -0.11515075
v -0.05811306 0.49434199 -0.11067010
v -0.06717639 0.49435988 -0.10541504
v -0.07576567 0.49436825 -0.09942114
v -0.08382175 0.49437289 -0.09273033
v -0.09128866 0.49437578 -0.08538958
v -0.09811444 0.49437767 -0.07745035
v -0.10425155 0.49437890 -0.06896823
v -0.10965716 0.49437969 -0.06000259
v -0.11429349 0.49438018 -0.05061622
v -0.11812809 0.49438048 -0.04087490
v -0.12113411 0.49438065 -0.03084689
v -0.12329047 0.49438074 -0.02060252
v -0.12458205 0.49438079 -0.01021364
v -0.12499978 0.49438082 0.00024691
v -0.12454073 0.49438084 0.01070573
v -0.12320812 0.49438084 0.02108947
v -0.12101130 0.49438085 0.03132528
v -0.11796566 0.49438085 0.04134138
v -0.11409259 0.49438085 0.05106750
v -0.10941923 0.49438085 0.06043541
v -0.10397838 0.49438086 0.06937942
v -0.09780819 0.49438087 0.07783678
v -0.09095195 0.49438091 0.08574818
v -0.08345774 0.49438098 0.09305812
v -0.07537810 0.49438114 0.09971534
v -0.06676969 0.49438147 0.10567316
v -0.05769281 0.49438211 0.11088980
v -0.04821102 0.49438332 0.11532868
v -0.03839063 0.49438549 0.11895867
v -0.02830027 0.49438927 0.12175427
v -0.01801039 0.49439557 0.12369572
v -0.00759292 0.49440554 0.12476920
v 0.00287909 0.49442005 0.12496686
v 0.01333204 0.49443767 0.12428701
v 0.02369459 0.49444939 0.12273374
v 0.03390654 0.49443784 0.12031355
v 0.04387151 0.49451251 0.11704825
v 0.05339934 0.49476377 0.11301997
v 0.08720909 -0.49260994 -0.08955203
v 0.08720909 0.49260994 0.08955207
v 0.12426997 -0.16553008 -0.01348952
v 0.12426992 0.16552986 0.01349007
v 0.04865108 -0.22050831 0.11514372
v 0.04862306 0.22052310 -0.11515551
v 0.06817739 -0.14675184 0.10477044
v 0.06809628 0.14685504 -0.10482314
v 0.08233621 -0.25332203 0.09405184
v 0.08224515 0.25335586 -0.09413144
v 0.12482871 -0.01397594 0.00654116
v 0.12482821 0.01397912 -0.00655065
v 0.11084084 0.03091265 0.05778672
v 0.11085013 -0.03102603 -0.05776886
v 0.09591184 -0.14156973 0.08016183
v 0.09582545 0.14176018 -0.08026503
v 0.09478947 -0.49077424 -0.08148588
v 0.09478947 0.49077424 0.08148592
v 0.04093415 -0.39756182 0.11810757
v 0.04096041 0.39755098 -0.11809843
v 0.02953784 -0.39657881 0.12145995
v 0.02955264 0.39657221 -0.12145631
v -0.02049765 -0.39879381 0.12330796
v -0.03053683 -0.39909735 0.12121266
v -0.04055004 -0.39941638 0.11824001
v -0.05032851 -0.39971882 0.11442049
v -0.05974776 -0.39998390 0.10979623
v -0.06872070 -0.40019850 0.10441491
v -0.07719182 -0.40035221 0.09831801
v -0.08511758 -0.40045213 0.09154237
v -0.09245182 -0.40051354 0.08412889
v -0.09914619 -0.40054995 0.07612517
v -0.10515353 -0.40057092 0.06758508
v -0.11043028 -0.40058274 0.05856757
v -0.11493774 -0.40058937 0.04913575
v -0.11864276 -0.40059315 0.03935609
v -0.12151812 -0.40059546 0.02929768
v -0.12354272 -0.40059702 0.01903165
v -0.12470172 -0.40059817 0.00863053
v -0.12498659 -0.40059909 -0.00183225
v -0.12439507 -0.40059984 -0.01228298
v -0.12293116 -0.40060044 -0.02264809
v -0.12060503 -0.40060092 -0.03285468
v -0.11743298 -0.40060128 -0.04283105
v -0.11343722 -0.40060155 -0.05250715
v -0.10864578 -0.40060173 -0.06181502
v -0.10309227 -0.40060185 -0.07068936
v -0.09681566 -0.40060188 -0.07906787
v -0.08986002 -0.40060182 -0.08689176
v -0.08227421 -0.40060157 -0.09410608
v -0.07411155 -0.40060099 -0.10066021
v -0.06542952 -0.40059972 -0.10650811
v -0.05628934 -0.40059711 -0.11160873
v -0.04675563 -0.40059195 -0.11592631
v -0.03689595 -0.40058200 -0.11943067
v -0.02678049 -0.40056330 -0.12209751
v -0.01648161 -0.40052898 -0.12390864
v -0.00607366 -0.40046723 -0.12485234
v 0.00436714 -0.40035807 -0.12492367
v 0.01476204 -0.40016766 -0.12412524
v 0.02502736 -0.39983938 -0.12246887
v 0.03506659 -0.39927957 -0.11998053
v 0.04474479 -0.39833981 -0.11671717
v 0.05379783 -0.39680930 -0.11283079
v -0.02049692 0.39879340 -0.12330804
v -0.03053645 0.39909712 -0.12121271
v -0.04054985 0.39941626 -0.11824004
v -0.05032842 0.39971875 -0.11442048
v -0.05974772 0.39998386 -0.10979621
v -0.06872069 0.40019849 -0.10441487
v -0.07719182 0.40035221 -0.09831797
v -0.08511758 0.40045212 -0.09154233
v -0.09245182 0.40051354 -0.08412884
v -0.09914619 0.40054995 -0.07612512
v -0.10515353 0.40057092 -0.06758503
v -0.11043028 0.40058274 -0.05856752
v -0.11493775 0.40058937 -0.04913571
v -0.11864276 0.40059315 -0.03935604
v -0.12151812 0.40059546 -0.02929763
v -0.12354272 0.40059702 -0.01903160
v -0.12470172 0.40059817 -0.00863049
v -0.12498659 0.40059909 0.00183230
v -0.12439507 0.40059984 0.01228302
v -0.12293116 0.40060044 0.02264813
v -0.12060503 0.40060092 0.03285472
v -0.11743298 0.40060128 0.04283110
v -0.11343722 0.40060155 0.05250719
v -0.10864578 0.40060173 0.06181506
v -0.10309227 0.40060185 0.07068940
v -0.09681567 0.40060188 0.07906791
v -0.08986002 0.40060182 0.08689179
v -0.08227421 0.40060158 0.09410612
v -0.07411156 0.40060099 0.10066024
v -0.06542953 0.40059972 0.10650814
v -0.05628935 0.40059712 0.11160876
v -0.04675564 0.40059195 0.11592634
v -0.03689596 0.40058200 0.11943071
v -0.02678050 0.40056330 0.12209755
v -0.01648163 0.40052898 0.12390868
v -0.00607368 0.40046723 0.12485238
v 0.00436713 0.40035807 0.12492371
v 0.01476203 0.40016766 0.12412529
v 0.02502735 0.39983938 0.12246892
v 0.03506658 0.39927957 0.11998057
v 0.04474478 0.39833981 0.11671721
v 0.05379782 0.39680930 0.11283083
v -0.01071201 -0.39878723 0.12454019
v -0.01071064 0.39878648 -0.12454026
v 0.00851040 -0.39858487 0.12470998
v 0.00851490 0.39858266 -0.12470963
v -0.11848636 -0.38453813 0.03982448
v -0.12346593 -0.38454273 0.01952359
v -0.12499292 -0.38454646 -0.00133242
v -0.12302092 -0.38454922 -0.02215529
v -0.11760386 -0.38455095 -0.04235961
v -0.10889303 -0.38455187 -0.06137842
v -0.09713239 -0.38455219 -0.07867846
v -0.08265173 -0.38455173 -0.09377469
v -0.06585825 -0.38454885 -0.10624354
v -0.04722745 -0.38453742 -0.11573489
v -0.02729498 -0.38449848 -0.12198353
v -0.00665220 -0.38438054 -0.12482285
v 0.01404795 -0.38405805 -0.12420809
v 0.03405322 -0.38326264 -0.12027207
v -0.11848636 0.38453813 -0.03982444
v -0.12346593 0.38454273 -0.01952354
v -0.12499292 0.38454646 0.00133247
v -0.12302092 0.38454922 0.02215533
v -0.11760386 0.38455095 0.04235965
v -0.10889303 0.38455187 0.06137846
v -0.09713239 0.38455220 0.07867850
v -0.08265174 0.38455174 0.09377471
v -0.06585827 0.38454886 0.10624357
v -0.04722748 0.38453743 0.11573492
v -0.02729502 0.38449849 0.12198356
v -0.00665225 0.38438054 0.12482289
v 0.01404791 0.38405806 0.12420813
v 0.03405319 0.38326264 0.12027212
v -0.11020248 -0.38453062 0.05899509
v -0.11020248 0.38453062 -0.05899504
v -0.09886487 -0.38450878 0.07649016
v -0.09886488 0.38450878 -0.07649011
v 0.05249923 -0.38163495 -0.11344084
v 0.05249920 0.38163495 0.11344089
v -0.08482552 -0.38443172 0.09181306
v -0.08482553 0.38443171 -0.09181301
v -0.06851168 -0.38416002 0.10455217
v -0.06851168 0.38416000 -0.10455213
v 0.01951715 -0.38419266 0.12346694
v 0.01952529 0.38418821 -0.12346561
v -0.05015029 -0.38346206 0.11449872
v -0.05015021 0.38346199 -0.11449871
v -0.01994349 -0.38286111 0.12339880
v -0.01994276 0.38286063 -0.12339887
v 0.00047112 -0.38317206 0.12499913
v 0.00047377 0.38317048 -0.12499908
v -0.11474188 -0.38454931 0.04959140
v -0.12139941 -0.38455490 0.02978574
v -0.12466582 -0.38455914 0.00913450
v -0.12444384 -0.38456249 -0.01177858
v -0.12073745 -0.38456478 -0.03236469
v -0.11364967 -0.38456610 -0.05204570
v -0.10337884 -0.38456673 -0.07026960
v -0.09021277 -0.38456674 -0.08652547
v -0.07452108 -0.38456538 -0.10035740
v -0.05674630 -0.38455932 -0.11137709
v -0.03739497 -0.38453739 -0.11927537
v -0.01703089 -0.38446761 -0.12383434
v 0.00372558 -0.38426805 -0.12494445
v 0.02418021 -0.38375034 -0.12263895
v 0.04350043 -0.38256020 -0.11718663
v -0.11474189 0.38454931 -0.04959135
v -0.12139941 0.38455490 -0.02978570
v -0.12466582 0.38455914 -0.00913446
v -0.12444384 0.38456249 0.01177862
v -0.12073745 0.38456478 0.03236473
v -0.11364967 0.38456611 0.05204574
v -0.10337884 0.38456674 0.07026964
v -0.09021278 0.38456675 0.08652550
v -0.07452110 0.38456539 0.10035743
v -0.05674633 0.38455933 0.11137711
v -0.03739501 0.38453740 0.11927539
v -0.01703094 0.38446762 0.12383438
v 0.00372553 0.38426805 0.12494449
v 0.02418017 0.38375034 0.12263900
v 0.04350040 0.38256020 0.11718668
v -0.10489275 -0.38453704 0.06798911
v -0.10489275 0.38453704 -0.06798906
v -0.09215369 -0.38449605 0.08445534
v -0.09215370 0.38449605 -0.08445529
v -0.07692412 -0.38435168 0.09852759
v -0.07692413 0.38435167 -0.09852755
v -0.05959482 -0.38386077 0.10987932
v -0.05959479 0.38386074 -0.10987929
v 0.01019085 -0.38347846 0.12458391
v 0.01019573 0.38347569 -0.12458347
v -0.03021989 -0.38274314 0.12129206
v -0.03021952 0.38274287 -0.12129211
v -0.04031582 -0.38316833 0.11832008
v -0.04031563 0.38316818 -0.11832010
v -0.00965049 -0.38308037 0.12462694
v -0.00964902 0.38307946 -0.12462701
v 0.02832274 -0.38637722 0.12174903
v 0.02833641 0.38637026 -0.12174581
v 0.06173507 -0.38091517 -0.10869118
v 0.06173505 0.38091516 0.10869124
v 0.05244445 -0.38635436 0.11346622
v 0.05248962 0.38633326 -0.11344529
v 0.12419604 0.34216233 -0.01415402
v 0.07579819 -0.38307176 -0.09939631
v 0.07579818 0.38307176 0.09939636
v 0.07337621 -0.46623358 -0.10119745
v 0.07337621 0.46623358 0.10119749
v 0.07741857 -0.16039752 0.09813952
v 0.07734376 0.16051691 -0.09819845
v -0.00204525 -0.46812582 0.12498329
v -0.00204344 0.46812531 -0.12498328
v 0.00793959 -0.46875314 0.12474762
v 0.00794274 0.46875235 -0.12474737
v -0.01238198 -0.46709579 0.12438526
v -0.01238095 0.46709547 -0.12438532
v -0.02252065 -0.46630965 0.12295457
v -0.03525487 -0.46608022 0.11992540
v -0.04478681 -0.46610764 0.11670111
v -0.05439123 -0.46614334 0.11254600
v -0.06364993 -0.46617790 0.10758110
v -0.07245483 -0.46620775 0.10185924
v -0.08074073 -0.46623161 0.09542506
v -0.08845190 -0.46624954 0.08832479
v -0.09553716 -0.46626231 0.08060806
v -0.10194911 -0.46627097 0.07232832
v -0.10764438 -0.46627658 0.06354286
v -0.11258396 -0.46628006 0.05431261
v -0.11673369 -0.46628213 0.04470182
v -0.12006467 -0.46628332 0.03477760
v -0.12255360 -0.46628398 0.02460940
v -0.12418300 -0.46628433 0.01426847
v -0.12494141 -0.46628452 0.00382735
v -0.12482350 -0.46628462 -0.00664071
v -0.12383006 -0.46628467 -0.01706226
v -0.12196805 -0.46628470 -0.02736418
v -0.11925053 -0.46628471 -0.03747420
v -0.11569655 -0.46628473 -0.04732137
v -0.11133104 -0.46628473 -0.05683663
v -0.10618462 -0.46628475 -0.06595323
v -0.10029339 -0.46628478 -0.07460722
v -0.09369867 -0.46628486 -0.08273790
v -0.08644670 -0.46628505 -0.09028825
v -0.07858831 -0.46628548 -0.09720533
v -0.07017852 -0.46628641 -0.10344068
v -0.06127610 -0.46628832 -0.10895062
v -0.05194306 -0.46629204 -0.11369660
v -0.04224404 -0.46629902 -0.11764539
v -0.03224573 -0.46631163 -0.12076924
v -0.02201624 -0.46633371 -0.12304585
v -0.01162463 -0.46637145 -0.12445828
v -0.00114102 -0.46643483 -0.12499477
v 0.00936192 -0.46654017 -0.12464890
v 0.01980169 -0.46671396 -0.12342158
v 0.03004839 -0.46699630 -0.12133461
v 0.03966919 -0.46742543 -0.11853838
v -0.02252010 0.46630946 -0.12295463
v -0.03525466 0.46608014 -0.11992542
v -0.04478671 0.46610760 -0.11670111
v -0.05439118 0.46614332 -0.11254598
v -0.06364991 0.46617789 -0.10758107
v -0.07245482 0.46620775 -0.10185921
v -0.08074073 0.46623161 -0.09542502
v -0.08845190 0.46624954 -0.08832475
v -0.09553716 0.46626231 -0.08060802
v -0.10194911 0.46627097 -0.07232828
v -0.10764438 0.46627658 -0.06354282
v -0.11258396 0.46628006 -0.05431257
v -0.11673369 0.46628213 -0.04470178
v -0.12006467 0.46628332 -0.03477756
v -0.12255360 0.46628398 -0.02460936
v -0.12418300 0.46628433 -0.01426843
v -0.12494141 0.46628452 -0.00382731
v -0.12482350 0.46628462 0.00664075
v -0.12383006 0.46628467 0.01706230
v -0.12196805 0.46628470 0.02736423
v -0.11925053 0.46628471 0.03747424
v -0.11569655 0.46628473 0.04732141
v -0.11133104 0.46628473 0.05683667
v -0.10618462 0.46628475 0.06595327
v -0.10029339 0.46628478 0.07460726
v -0.09369867 0.46628486 0.08273794
v -0.08644670 0.46628505 0.09028829
v -0.07858831 0.46628548 0.09720538
v -0.07017852 0.46628641 0.10344072
v -0.06127610 0.46628832 0.10895066
v -0.05194306 0.46629204 0.11369664
v -0.04224404 0.46629902 0.11764543
v -0.03224573 0.46631163 0.12076928
v -0.02201624 0.46633371 0.12304589
v -0.01162463 0.46637145 0.12445832
v -0.00114102 0.46643483 0.12499481
v 0.00936192 0.46654017 0.12464894
v 0.01980169 0.46671396 0.12342162
v 0.03004839 0.46699630 0.12133465
v 0.03966919 0.46742543 0.11853843
v 0.01758127 -0.46883088 0.12375744
v 0.01758665 0.46882968 -0.12375663
v 0.02708108 -0.46804145 0.12203122
v 0.02709037 0.46803963 -0.12202912
v 0.03682487 -0.46671667 0.11945263
v 0.03684112 0.46671391 -0.11944758
v 0.04691769 -0.46544483 0.11586083
v 0.04694589 0.46544069 -0.11584937
v 0.11982992 -0.49295047 0.03557791
v 0.05750545 -0.46405479 0.11098705
v 0.05755397 0.46404875 -0.11096186
v 0.06128716 -0.47046835 -0.10894438
v 0.06128716 0.47046835 0.10894442
v 0.05172528 -0.46857315 -0.11379582
v 0.05172528 0.46857315 0.11379586
v 0.04572447 -0.46785837 -0.11633686
v 0.04572447 0.46785837 0.11633691
v -0.02896630 -0.46611737 0.12159753
v -0.02896596 0.46611724 -0.12159757
v 0.06759096 -0.46848371 -0.10514968
v 0.06759096 0.46848371 0.10514972
v 0.08036611 -0.15438789 0.09574073
v 0.08028643 0.15451852 -0.09580752
v 0.07759547 0.32116463 -0.09799967
v 0.07756157 -0.32121524 0.09802655
v 0.08411551 -0.46858305 -0.09246390
v 0.08411551 0.46858305 0.09246394
v 0.07895998 -0.46726681 -0.09690363
v 0.07895998 0.46726681 0.09690367
v 0.07292368 -0.14244806 0.10152407
v 0.07283579 0.14256092 -0.10158711
v 0.06330992 -0.34328491 0.10778152
v 0.06334980 0.34324874 -0.10775804
v 0.07789101 -0.37356303 0.09776498
v 0.07800649 0.37348650 -0.09767282
v 0.12474369 -0.28597601 0.00800048
v 0.06517698 0.09297004 -0.10666280
v 0.06546967 -0.09271419 0.10648344
v 0.12462459 0.38139049 -0.00968014
v 0.12087472 -0.35401531 0.03184806
v 0.12487333 -0.14796828 0.00562547
v 0.08161140 -0.38728352 0.09468147
v 0.08176680 0.38721037 -0.09454725
v 0.07912709 -0.36676429 -0.09676722
v 0.07912708 0.36676428 0.09676728
v 0.12207035 0.49366384 -0.02690394
v 0.08412800 -0.10669645 0.09245258
v 0.08397595 0.10683725 -0.09259067
v 0.08453040 -0.19499452 0.09208480
v 0.08441721 0.19517619 -0.09218854
v 0.12477049 -0.14801905 -0.00757092
v 0.12477046 0.14801885 0.00757141
v 0.07940834 -0.40245011 -0.09653656
v 0.07940834 0.40245011 0.09653661
v 0.06953229 -0.39297182 -0.10387615
v 0.06953228 0.39297182 0.10387619
v 0.12351014 -0.31182707 0.01924166
v 0.12251914 -0.49338074 0.02478016
v 0.10950094 -0.18026452 -0.06028712
v 0.10949967 0.18026286 0.06028946
v 0.12075644 -0.42853622 -0.03229359
v 0.12075644 0.42853622 0.03229363
v 0.06725632 -0.37733703 -0.10536404
v 0.06725630 0.37733703 0.10536409
v 0.12190994 -0.23464002 0.02762177
v 0.08171285 0.01545603 0.09459392
v 0.07502206 -0.47048720 0.09998345
v 0.07511543 0.47047836 -0.09991329
v 0.05709360 0.14360152 -0.11119943
v 0.05718181 -0.14349328 0.11115414
v 0.05593898 0.10576860 -0.11178472
v 0.05619063 -0.10550214 0.11165848
v 0.12225710 0.32734919 -0.02604216
v 0.08209618 -0.31068874 -0.09426139
v 0.08209597 0.31068865 0.09426162
v 0.09027937 -0.15382153 0.08645597
v 0.09019279 0.15401498 -0.08654624
v 0.08991830 -0.10853230 -0.08683140
v 0.08990397 0.10850878 0.08684627
v 0.12450712 0.27342427 -0.01108924
v -0.08371397 -0.00639291 0.09282769
v 0.04514706 0.00490638 0.11656220
v 0.02461601 -0.00649598 -0.12255222
v 0.05547903 -0.00807681 -0.11201370
v -0.02713235 -0.00605250 -0.12201980
v -0.12449835 -0.00561600 -0.01118774
v -0.10941796 -0.00545764 -0.06043768
v -0.11802371 -0.00586794 0.04117536
v -0.10397516 -0.00586586 0.06938425
v -0.09172278 -0.00568466 -0.08492309
v -0.07706922 -0.00519339 0.09841414
v 0.08754514 -0.40488620 -0.08922354
v 0.08754514 0.40488620 0.08922359
v 0.08624606 -0.10505469 -0.09047989
v 0.08622801 0.10502936 0.09049713
v 0.12358396 0.27954127 -0.01876165
v 0.09045451 0.29286137 -0.08627267
v 0.09048485 -0.29289625 0.08624089
v 0.06669645 -0.46697225 0.10571937
v 0.06676693 0.46696479 -0.10567483
v 0.08853845 -0.46652056 -0.08823795
v 0.08853845 0.46652056 0.08823799
v 0.12287017 -0.31542330 -0.02297639
v 0.12287017 0.31542329 0.02297644
v 0.06475741 -0.28951259 0.10691810
v 0.06474731 0.28950223 -0.10692417
v 0.07157854 0.46847499 -0.10247685
v 0.07149427 -0.46848325 0.10253570
v 0.11997816 -0.31450209 -0.03507471
v 0.11997815 0.31450208 0.03507476
v 0.12379641 0.15555751 -0.01730444
v 0.07877650 0.22231776 0.09705289
v 0.07878122 -0.22232057 -0.09704901
v 0.03694979 0.04600587 0.11941406
v 0.02447897 0.04288536 0.12257970
v -0.09702402 0.04551292 0.07881210
v 0.11995340 0.34135609 -0.03515927
v 0.07996868 -0.11681091 0.09607294
v 0.07983607 0.11694586 -0.09618313
v -0.09915795 0.04627038 -0.07610980
v -0.00679829 -0.04313776 0.12481502
v -0.08022261 0.04722750 0.09586105
v -0.00606581 0.04777551 -0.12485272
v 0.00148330 -0.04505791 0.12499122
v -0.11219242 0.04746007 0.05511687
v 0.09097589 -0.47088192 0.08572273
v 0.09116273 0.47086469 -0.08552397
v -0.03248189 0.04673041 -0.12070594
v 0.10419307 -0.49056165 -0.06905647
v 0.10419307 0.49056165 0.06905651
v -0.10864926 0.04702602 -0.06180890
v -0.11445123 -0.50000000 0.00000002
v 0.03990793 -0.50000000 0.10730926
v 0.03990793 -0.50000000 -0.10730922
v 0.08669666 -0.50000000 -0.07483455
v 0.08669666 -0.50000000 0.07483459
v -0.10026192 -0.50000000 -0.05519670
v -0.10026192 -0.50000000 0.05519674
v -0.01680989 -0.50000000 0.11323693
v -0.01680989 -0.50000000 -0.11323689
v 0.11198134 -0.50000000 -0.02364868
v 0.11198134 -0.50000000 0.02364873
v -0.06108526 -0.50000000 -0.09672005
v -0.06108526 -0.50000000 0.09672009
v 0.07870439 -0.50000000 -0.08264635
v 0.07870439 -0.50000000 0.08264639
v 0.05017047 -0.50000000 -0.10249501
v 0.05017047 -0.50000000 0.10249505
v -0.10472018 -0.50000000 -0.04548979
v -0.10472018 -0.50000000 0.04548983
v -0.11346865 -0.50000000 -0.01153861
v -0.11346865 -0.50000000 0.01153865
v -0.00622070 -0.50000000 0.11401729
v -0.00622070 -0.50000000 -0.11401725
v 0.02858240 -0.50000000 0.11039183
v 0.02858240 -0.50000000 -0.11039179
v 0.09357647 -0.50000000 -0.06513114
v 0.09357647 -0.50000000 0.06513118
v 0.10904881 -0.50000000 0.03385265
v 0.10904881 -0.50000000 -0.03385261
v -0.09356071 -0.50000000 -0.06512014
v -0.09356071 -0.50000000 0.06512018
v -0.06968198 -0.50000000 -0.09044847
v -0.06968198 -0.50000000 0.09044851
v -0.02856796 -0.50000000 0.11033590
v -0.02856796 -0.50000000 -0.11033586
v 0.11337280 -0.50000000 -0.01152887
v 0.11337280 -0.50000000 0.01152891
v -0.05017941 -0.50000000 -0.10229761
v -0.05017941 -0.50000000 0.10229765
v 0.10466780 -0.50000000 0.04498524
v 0.10466780 -0.50000000 -0.04498520
v 0.00570801 -0.50000000 -0.11377997
v 0.00570801 -0.50000000 0.11378001
v -0.10866919 -0.50000000 0.03409519
v -0.10866919 -0.50000000 -0.03409515
v -0.07863095 -0.50000000 -0.08247954
v -0.07863095 -0.50000000 0.08247958
v 0.06970848 -0.50000000 0.09005598
v 0.06970848 -0.50000000 -0.09005594
v 0.06023575 -0.50000000 0.09663938
v 0.06023575 -0.50000000 -0.09663934
v -0.11153732 -0.50000000 -0.02292147
v -0.11153732 -0.50000000 0.02292152
v 0.01724194 -0.50000000 0.11254960
v 0.01724194 -0.50000000 -0.11254956
v 0.09955157 -0.50000000 -0.05525562
v 0.09955157 -0.50000000 0.05525566
v -0.08638856 -0.50000000 -0.07416210
v -0.08638856 -0.50000000 0.07416214
v -0.03954187 -0.50000000 0.10676620
v -0.03954187 -0.50000000 -0.10676616
v 0.11382645 -0.50000000 0.00000002
v 0.06807887 -0.50000000 -0.09790446
v 0.06807887 -0.50000000 0.09790450
v -0.11542469 -0.50000000 -0.02978930
v -0.11542469 -0.50000000 0.02978934
v 0.01219395 -0.50000000 0.11855957
v 0.01219395 -0.50000000 -0.11855952
v 0.10683464 -0.50000000 0.05261456
v 0.10683464 -0.50000000 -0.05261452
v -0.08650530 -0.50000000 -0.08184726
v -0.08650530 -0.50000000 0.08184730
v -0.04667043 -0.50000000 0.10961931
v -0.04667043 -0.50000000 -0.10961927
v 0.11884569 -0.50000000 -0.00572742
v 0.11884569 -0.50000000 0.00572746
v -0.03594241 -0.50000000 -0.11340325
v -0.03594241 -0.50000000 0.11340330
v -0.09381528 -0.50000000 0.07311285
v -0.09381528 -0.50000000 -0.07311280
v 0.10115038 -0.50000000 -0.06253307
v 0.10115038 -0.50000000 0.06253311
v -0.11445123 0.50000000 0.00000002
v 0.03990793 0.50000000 0.10730926
v 0.03990793 0.50000000 -0.10730922
v 0.08669666 0.50000000 -0.07483455
v 0.08669666 0.50000000 0.07483459
v -0.10026192 0.50000000 -0.05519670
v -0.10026192 0.50000000 0.05519674
v -0.01680989 0.50000000 0.11323693
v -0.01680989 0.50000000 -0.11323689
v 0.11198134 0.50000000 -0.02364868
v 0.11198134 0.50000000 0.02364873
v -0.06108526 0.50000000 -0.09672005
v -0.06108526 0.50000000 0.09672009
v 0.07870439 0.50000000 -0.08264635
v 0.07870439 0.50000000 0.08264639
v 0.05017047 0.50000000 -0.10249501
v 0.05017047 0.50000000 0.10249505
v -0.10472018 0.50000000 -0.04548979
v -0.10472018 0.50000000 0.04548983
v -0.11346865 0.50000000 -0.01153861
v -0.11346865 0.50000000 0.01153865
v -0.00622070 0.50000000 0.11401729
v -0.00622070 0.50000000 -0.11401725
v 0.02858240 0.50000000 0.11039183
v 0.02858240 0.50000000 -0.11039179
v 0.09357647 0.50000000 -0.06513114
v 0.09357647 0.50000000 0.06513118
v 0.10904881 0.50000000 -0.03385261
v 0.10904881 0.50000000 0.03385265
v -0.09356071 0.50000000 -0.06512014
v -0.09356071 0.50000000 0.06512018
v -0.06968198 0.50000000 -0.09044847
v -0.06968198 0.50000000 0.09044851
v -0.02856796 0.50000000 0.11033590
v -0.02856796 0.50000000 -0.11033586
v 0.11337280 0.50000000 -0.01152887
v 0.11337280 0.50000000 0.01152891
v -0.05017941 0.50000000 -0.10229761
v -0.05017941 0.50000000 0.10229765
v 0.10466780 0.50000000 -0.04498520
v 0.10466780 0.50000000 0.04498524
v 0.00570801 0.50000000 -0.11377997
v 0.00570801 0.50000000 0.11378001
v -0.10866919 0.50000000 0.03409519
v -0.10866919 0.50000000 -0.03409515
v -0.07863095 0.50000000 -0.08247954
v -0.07863095 0.50000000 0.08247958
v 0.06970848 0.50000000 -0.09005594
v 0.06970848 0.50000000 0.09005598
v 0.06023575 0.50000000 -0.09663934
v 0.06023575 0.50000000 0.09663938
v -0.11153732 0.50000000 -0.02292147
v -0.11153732 0.50000000 0.02292152
v 0.01724194 0.50000000 -0.11254956
v 0.01724194 0.50000000 0.11254960
v 0.09955157 0.50000000 -0.05525562
v 0.09955157 0.50000000 0.05525566
v -0.08638856 0.50000000 0.07416214
v -0.08638856 0.50000000 -0.07416210
v -0.03954187 0.50000000 0.10676620
v -0.03954187 0.50000000 -0.10676616
v 0.11382645 0.50000000 0.00000002
v 0.06807887 0.50000000 -0.09790446
v 0.06807887 0.50000000 0.09790450
v -0.11542469 0.50000000 -0.02978930
v -0.11542469 0.50000000 0.02978934
v 0.01219395 0.50000000 0.11855957
v 0.01219395 0.50000000 -0.11855952
v 0.10683464 0.50000000 -0.05261452
v 0.10683464 0.50000000 0.05261456
v -0.08650530 0.50000000 -0.08184726
v -0.08650530 0.50000000 0.08184730
v -0.04667043 0.50000000 0.10961931
v -0.04667043 0.50000000 -0.10961927
v 0.11884569 0.50000000 0.00572746
v 0.11884569 0.50000000 -0.00572742
v -0.03594241 0.50000000 -0.11340325
v -0.03594241 0.50000000 0.11340330
v -0.09381528 0.50000000 0.07311285
v -0.09381528 0.50000000 -0.07311280
v 0.10115038 0.50000000 0.06253311
v 0.10115038 0.50000000 -0.06253307
f 759 765 932
f 944 931 762
f 942 932 765
f 681 763 767
f 70 1225 944
f 1028 821 839
f 938 765 759
f 17 15 943
f 132 766 951
f 951 1 132
f 942 130 128
f 761 934 941
f 898 1171 1148
f 941 934 78
f 78 75 941
f 891 1171 898
f 939 936 680
f 937 680 678
f 678 680 936
f 938 935 679
f 940 929 760
f 677 679 935
f 940 679 677
f 1205 1228 924
f 1205 924 916
f 891 882 1171
f 948 682 680
f 765 938 947
f 947 938 679
f 679 681 947
f 1269 1342 1356
f 1231 1201 753
f 1231 753 757
f 1204 1227 923
f 753 924 757
f 1204 923 915
f 681 951 766
f 767 951 681
f 948 937 761
f 1230 1200 752
f 680 937 948
f 950 944 764
f 70 944 950
f 949 767 763
f 763 943 949
f 949 943 15
f 1228 934 924
f 1228 78 934
f 821 1028 1264
f 939 764 762
f 1287 1244 699
f 677 929 940
f 699 694 980
f 757 924 934
f 758 762 931
f 764 952 950
f 952 764 682
f 952 4 72
f 952 72 950
f 914 922 1222
f 1230 752 756
f 752 923 756
f 913 921 1221
f 909 918 1214
f 1176 918 909
f 1218 1188 676
f 676 926 1218
f 676 674 1209
f 674 676 1188
f 946 942 765
f 694 699 1244
f 705 695 699
f 918 1176 1188
f 1095 1120 848
f 939 762 758
f 1320 695 705
f 759 935 938
f 675 673 1208
f 758 936 939
f 673 675 1189
f 733 724 1170
f 126 1222 1233
f 1233 128 126
f 1222 1178 914
f 124 1178 1222
f 1222 126 124
f 1221 1177 913
f 64 1177 1221
f 130 942 946
f 945 941 75
f 862 848 1120
f 1311 1007 1001
f 848 862 850
f 1221 66 64
f 916 1193 1205
f 1205 1193 82
f 915 1192 1204
f 937 930 761
f 1204 1192 21
f 678 930 937
f 926 758 920
f 908 1161 1193
f 920 758 754
f 1139 1170 724
f 907 1160 1192
f 1342 91 1356
f 1178 1150 905
f 784 1002 1245
f 1177 1149 904
f 61 1149 1177
f 1124 1075 882
f 1096 1002 784
f 1323 845 870
f 881 1069 1123
f 1324 1086 1359
f 1086 1324 1354
f 1324 1367 1354
f 1359 1323 1324
f 1144 1167 880
f 1143 1323 870
f 1144 880 871
f 871 880 1074
f 933 763 760
f 763 933 943
f 1154 673 671
f 760 763 940
f 1207 755 922
f 750 755 1207
f 919 755 750
f 767 14 951
f 1398 1262 1250
f 1014 1250 1262
f 1250 1014 820
f 1281 702 1407
f 702 1281 983
f 675 925 917
f 917 1189 675
f 730 1138 1166
f 729 1385 1126
f 951 14 1
f 920 754 751
f 950 72 70
f 949 14 767
f 15 14 949
f 730 722 1138
f 1166 1138 878
f 988 1086 1247
f 1046 1086 988
f 751 754 921
f 758 926 936
f 936 926 676
f 676 678 936
f 759 925 935
f 935 925 675
f 675 677 935
f 1381 832 1348
f 1025 1003 1076
f 1328 795 809
f 947 766 765
f 681 766 947
f 765 766 946
f 1025 723 1003
f 1245 809 795
f 925 759 919
f 762 764 944
f 919 759 755
f 927 921 754
f 1007 1311 1248
f 756 923 928
f 1280 1080 1012
f 1218 926 918
f 920 918 926
f 1269 1262 1342
f 919 917 925
f 738 729 1137
f 934 761 757
f 1345 1005 1385
f 1262 1269 1014
f 933 760 756
f 756 928 933
f 1126 1137 729
f 755 759 932
f 832 1039 991
f 1269 1027 1014
f 754 758 931
f 931 927 754
f 726 1345 1385
f 667 671 1196
f 667 1196 1175
f 1394 1189 1196
f 1196 912 906
f 912 1196 1189
f 1196 671 1394
f 826 817 1063
f 1364 725 1120
f 1341 1378 1123
f 895 1123 1378
f 1225 1226 927
f 67 1226 1225
f 930 1201 1231
f 1378 1161 895
f 85 1378 1341
f 929 1200 1230
f 1354 1367 657
f 657 655 1354
f 655 657 992
f 656 658 1355
f 1355 654 656
f 993 656 654
f 1144 1120 725
f 740 738 1109
f 1039 832 1381
f 1077 1066 727
f 827 1010 840
f 1385 729 726
f 840 1010 1021
f 1200 1219 752
f 788 1104 1090
f 1201 1220 753
f 1057 1094 990
f 932 942 1233
f 920 751 749
f 1233 942 128
f 1208 929 677
f 1427 684 683
f 1209 930 678
f 788 799 1104
f 1135 1172 668
f 1156 1185 903
f 670 1185 1156
f 1094 712 990
f 1094 827 1105
f 648 1238 959
f 1278 648 959
f 1154 1184 902
f 669 1184 1154
f 1105 840 849
f 649 1239 960
f 1279 649 960
f 1175 899 885
f 885 899 1137
f 1129 903 893
f 970 962 1235
f 899 1109 1137
f 1128 902 892
f 1300 962 970
f 1288 653 1265
f 969 961 1234
f 650 653 1288
f 653 650 1293
f 941 945 761
f 1182 914 905
f 1182 905 898
f 1180 913 904
f 1180 904 897
f 1299 961 969
f 869 855 1130
f 945 1229 948
f 761 945 948
f 1130 855 1013
f 1162 1118 1357
f 1162 894 879
f 1118 1162 879
f 909 1195 1176
f 1176 1195 672
f 1282 711 704
f 711 1282 1280
f 704 711 989
f 1375 1256 1235
f 970 1235 1256
f 1374 1255 1234
f 1220 748 753
f 1219 747 752
f 80 1228 1205
f 1227 928 923
f 19 1227 1204
f 969 1234 1255
f 1105 827 840
f 1287 699 695
f 1086 1046 835
f 989 1095 1055
f 834 1043 1085
f 1134 1164 857
f 1067 1164 1134
f 1164 876 857
f 1164 1067 726
f 743 737 1147
f 1171 1164 734
f 876 1164 1171
f 989 713 1095
f 763 681 940
f 1187 753 748
f 940 681 679
f 1277 1280 1282
f 1186 752 747
f 1080 1280 1277
f 1403 1259 959
f 644 1259 1403
f 1125 1136 893
f 724 1319 1133
f 724 1133 1139
f 861 878 1138
f 867 878 861
f 1325 1133 1307
f 1307 1133 1319
f 1133 1325 1121
f 868 1170 1139
f 813 1046 1026
f 1285 1254 959
f 1097 977 786
f 1170 868 881
f 1026 1046 988
f 1046 813 823
f 1059 1126 1385
f 1147 886 1181
f 856 874 1059
f 858 874 856
f 715 720 1107
f 725 1167 1144
f 1167 725 731
f 1377 1347 982
f 1404 1260 960
f 743 1147 1181
f 1226 1221 927
f 921 927 1221
f 66 1221 1226
f 916 1187 1211
f 1211 1187 746
f 915 1186 1210
f 1210 1186 745
f 1161 908 901
f 1160 907 900
f 703 1347 1377
f 848 828 1095
f 891 1150 1124
f 841 828 848
f 1396 832 1092
f 1250 1099 1398
f 1398 1099 96
f 647 1274 1258
f 1155 1113 890
f 1072 1332 1053
f 56 1332 1072
f 645 1274 647
f 1093 830 1397
f 646 1273 1257
f 644 1273 646
f 1141 739 1199
f 736 739 1141
f 1249 651 652
f 1169 1129 743
f 880 1113 1074
f 1054 873 851
f 851 873 854
f 645 1260 1404
f 879 1068 1118
f 895 881 1123
f 886 881 895
f 908 916 1211
f 1193 916 908
f 907 915 1210
f 1192 915 907
f 663 659 1040
f 661 659 663
f 903 1129 1169
f 732 1125 1018
f 905 914 1178
f 904 913 1177
f 1195 909 896
f 721 732 1018
f 1214 1157 909
f 906 912 1215
f 1313 1406 1033
f 901 908 1211
f 1211 1181 901
f 900 907 1210
f 1210 1179 900
f 893 903 1185
f 1360 1317 827
f 892 902 1184
f 1057 1360 827
f 827 1317 1010
f 723 725 1364
f 1003 723 716
f 1300 777 962
f 1172 896 884
f 884 896 1142
f 716 723 719
f 1364 719 723
f 1243 999 1091
f 1091 999 789
f 1242 998 1090
f 1090 998 788
f 1233 1222 922
f 1233 922 932
f 891 905 1150
f 898 905 891
f 819 822 1305
f 779 777 1300
f 885 1159 1175
f 1300 781 779
f 663 665 661
f 1224 911 1201
f 1167 889 880
f 911 1220 1201
f 932 922 755
f 693 697 1406
f 879 888 1166
f 1223 910 1200
f 910 1219 1200
f 1110 727 1386
f 1386 735 1110
f 1299 776 961
f 883 1165 1333
f 873 883 1333
f 1077 883 873
f 1149 890 904
f 904 890 897
f 1365 1146 874
f 1126 1059 874
f 1171 882 876
f 697 693 979
f 693 1406 1313
f 874 858 1365
f 778 776 1299
f 1299 780 778
f 658 661 1024
f 1087 823 808
f 659 661 658
f 1140 741 735
f 855 869 852
f 1050 819 1409
f 741 1140 1179
f 749 1157 1214
f 1206 742 749
f 1157 749 742
f 1303 1318 1306
f 1318 1038 1306
f 750 1158 1215
f 1207 744 750
f 1409 819 1305
f 1158 750 744
f 1307 1319 1304
f 819 1050 987
f 688 1302 1064
f 734 729 738
f 857 876 872
f 993 1056 1093
f 1093 1056 830
f 96 93 1398
f 1097 1256 1393
f 1393 1256 100
f 1119 1105 861
f 1096 1255 1392
f 849 861 1105
f 1392 1255 40
f 105 1243 1388
f 1388 108 105
f 1427 687 1131
f 1387 48 46
f 1056 993 1369
f 1194 1179 1140
f 1065 985 825
f 985 1065 982
f 1150 1178 1371
f 1371 1178 122
f 1047 1328 1360
f 870 845 1081
f 985 810 825
f 1181 886 901
f 688 1064 1132
f 1325 1065 825
f 895 901 886
f 1031 1058 1081
f 864 1132 1064
f 740 744 1182
f 744 740 1158
f 1366 1270 1042
f 739 742 1180
f 742 739 1157
f 1277 1282 697
f 114 1270 1366
f 1366 116 114
f 1113 1155 1340
f 1340 1155 60
f 1337 1329 1019
f 31 1329 1337
f 1020 1332 1336
f 1336 1332 54
f 825 838 1325
f 1416 1101 1001
f 1042 1073 1366
f 1073 1042 872
f 939 682 764
f 680 682 939
f 1129 737 743
f 1108 1076 1003
f 1203 1241 777
f 824 828 841
f 1202 1240 776
f 841 816 824
f 1176 672 1188
f 1188 672 674
f 703 708 1283
f 706 708 703
f 1159 1146 1400
f 661 665 1400
f 661 1400 1146
f 1235 1353 1375
f 800 1049 975
f 1375 1353 102
f 1229 952 682
f 948 1229 682
f 945 73 1229
f 1006 1010 1317
f 1234 1352 1374
f 1036 1053 1332
f 1374 1352 42
f 850 1053 1036
f 1110 1127 1077
f 1077 1127 883
f 1270 1343 1264
f 1270 1264 1028
f 735 741 1128
f 852 869 1108
f 869 1076 1108
f 1152 1084 1274
f 860 1274 1084
f 1274 645 1152
f 1416 1001 1007
f 1231 761 930
f 1151 1083 1273
f 757 761 1231
f 1230 760 929
f 859 1273 1083
f 756 760 1230
f 1306 1038 1326
f 1273 644 1151
f 779 781 1174
f 991 1265 1370
f 1265 991 1039
f 778 780 1173
f 1420 1294 957
f 1040 1117 1333
f 686 1312 685
f 781 1062 1174
f 684 1313 683
f 1169 911 903
f 1290 690 1174
f 903 911 1156
f 879 894 888
f 1333 854 873
f 780 1061 1173
f 1289 689 1173
f 1217 1297 691
f 1333 1117 854
f 1168 910 902
f 691 1297 693
f 902 910 1154
f 1114 1416 1007
f 1099 1250 1251
f 804 977 1251
f 1216 1298 692
f 692 1298 694
f 687 1301 1183
f 967 773 860
f 1251 1250 804
f 1420 700 1294
f 1113 880 890
f 890 880 889
f 1088 664 668
f 668 664 666
f 689 1301 687
f 1250 820 804
f 968 772 859
f 912 917 1215
f 810 804 820
f 1026 988 1263
f 1112 670 666
f 666 670 668
f 874 885 1126
f 722 718 1119
f 1159 885 874
f 697 1282 1424
f 1328 809 1360
f 720 718 722
f 823 1087 833
f 700 1420 1424
f 1301 689 1289
f 1058 870 1081
f 1130 1013 1017
f 1304 717 1391
f 1307 1304 706
f 911 1169 1220
f 1220 1169 748
f 910 1168 1219
f 1219 1168 747
f 1215 1158 906
f 706 1304 708
f 1391 708 1304
f 707 1303 1306
f 1390 714 1303
f 709 1303 707
f 833 835 823
f 918 1188 1218
f 1303 709 1390
f 833 1087 1078
f 746 1181 1211
f 1181 746 743
f 745 1179 1210
f 1179 745 741
f 690 1016 1174
f 964 1174 1016
f 689 1015 1173
f 963 1173 1015
f 1068 879 867
f 867 879 878
f 1371 1344 1124
f 120 1344 1371
f 1216 1191 967
f 783 797 1062
f 1217 1190 968
f 1125 893 877
f 877 1103 1125
f 797 783 1232
f 782 795 1061
f 892 1184 887
f 795 971 1327
f 1327 1061 795
f 877 893 1153
f 720 727 1066
f 722 727 720
f 1264 1343 1114
f 1114 1343 112
f 737 733 1147
f 1168 1128 741
f 902 1128 1168
f 1067 1318 1345
f 1345 726 1067
f 1141 731 736
f 838 820 1014
f 823 835 1046
f 1102 1165 887
f 735 730 1140
f 887 1184 1102
f 105 104 1292
f 1291 1352 1008
f 1084 1254 1285
f 46 44 1291
f 1081 845 833
f 833 845 835
f 1195 1135 672
f 670 672 1135
f 831 844 1082
f 834 844 831
f 1127 887 883
f 825 820 838
f 881 868 1069
f 1152 1254 1084
f 740 1109 1158
f 1318 714 1345
f 1345 714 1005
f 714 1032 1005
f 670 1112 1185
f 1158 1109 906
f 899 906 1109
f 1277 1045 1080
f 801 815 1080
f 1080 1045 801
f 643 1403 1254
f 643 1254 1152
f 1320 978 1315
f 690 1302 688
f 1036 816 841
f 1020 816 1036
f 669 1102 1184
f 811 818 829
f 1380 815 801
f 1380 1051 812
f 815 1380 812
f 790 1368 980
f 981 980 1368
f 981 1368 1044
f 1393 1099 1251
f 1302 690 1290
f 97 1099 1393
f 1056 1049 830
f 1049 811 829
f 1404 960 1314
f 1117 1093 854
f 1318 1134 1038
f 1318 1067 1134
f 1018 1125 1103
f 1286 1314 960
f 1335 1000 1024
f 787 1350 1241
f 1241 1350 956
f 658 1024 1000
f 728 723 1025
f 725 723 728
f 1068 1037 1338
f 1190 684 1131
f 1037 1068 867
f 1212 1190 842
f 785 1349 1240
f 1240 1349 955
f 842 1190 1131
f 1172 1088 668
f 1191 686 1132
f 1291 1008 1022
f 1341 1123 1069
f 1069 1310 1341
f 1341 1310 88
f 913 1180 1206
f 1206 1180 742
f 914 1182 1207
f 1207 1182 744
f 831 822 1402
f 1022 1008 953
f 1052 1055 814
f 824 814 1055
f 869 875 1076
f 1402 834 831
f 1424 1282 700
f 1070 865 1252
f 726 734 1164
f 729 734 726
f 1407 701 990
f 1140 888 1194
f 830 1049 829
f 1124 882 891
f 919 1215 917
f 750 1215 919
f 1307 1065 1325
f 1047 990 701
f 1047 1057 990
f 1326 1063 1306
f 955 776 1240
f 953 776 955
f 1248 1311 798
f 1037 1329 1338
f 1060 1069 868
f 1256 1097 970
f 786 970 1097
f 1255 1096 969
f 784 969 1096
f 974 1198 1258
f 1198 647 1258
f 1198 974 847
f 973 1197 1257
f 1197 646 1257
f 1197 973 846
f 808 823 813
f 1117 659 656
f 656 659 658
f 1194 888 894
f 1213 1191 843
f 1348 837 1012
f 1209 1224 930
f 1201 930 1224
f 1209 674 1224
f 1208 1223 929
f 1200 929 1223
f 1208 673 1223
f 893 1136 1129
f 1129 1136 737
f 843 1191 1132
f 1338 1329 30
f 832 837 1348
f 1348 815 1381
f 868 1139 1121
f 956 777 1241
f 1120 719 1364
f 1121 1139 1133
f 1004 717 721
f 1012 997 1280
f 50 1100 1115
f 770 1409 1382
f 50 1115 1399
f 954 777 956
f 1281 996 1011
f 853 872 1042
f 770 1050 1409
f 857 872 853
f 1281 710 996
f 1028 1042 1270
f 1060 868 1121
f 1419 1020 1115
f 853 1042 1028
f 1269 1041 1027
f 838 1121 1325
f 666 1048 1153
f 1419 1104 816
f 734 1148 1171
f 897 889 1199
f 890 889 897
f 1196 899 1175
f 1066 1077 1054
f 1054 1077 873
f 816 1020 1419
f 710 1407 990
f 1373 1401 1249
f 990 712 710
f 783 1062 781
f 1296 1237 1034
f 782 1061 780
f 722 1119 1138
f 685 1312 1034
f 1034 1237 685
f 1295 1236 1033
f 683 1313 1033
f 860 773 1274
f 1033 1236 683
f 1410 982 1065
f 859 772 1273
f 982 1410 1377
f 1286 1272 1331
f 669 671 667
f 1268 775 1331
f 771 1331 1272
f 1331 771 1268
f 1285 1271 1330
f 1267 774 1330
f 770 1330 1271
f 1330 770 1267
f 1023 1243 1292
f 1292 1243 105
f 1022 1242 1291
f 1131 684 1427
f 1076 1111 1025
f 1035 1037 849
f 875 1111 1076
f 1027 1121 838
f 728 1025 1111
f 1388 1243 1091
f 1387 1242 1090
f 1358 1367 660
f 1324 660 1367
f 1358 657 1367
f 975 1056 1261
f 975 1261 1246
f 1049 1056 975
f 1172 1145 1088
f 884 1145 1172
f 1185 1153 893
f 1112 1153 1185
f 731 725 728
f 1182 1148 740
f 898 1148 1182
f 856 844 858
f 696 1252 1183
f 864 847 843
f 843 1132 864
f 798 1315 817
f 863 1131 1183
f 1248 798 817
f 863 846 842
f 114 1343 1270
f 842 1131 863
f 1373 1085 1401
f 817 1315 978
f 700 704 1052
f 1083 1286 1331
f 1282 704 700
f 1301 696 1183
f 1106 1098 1266
f 1266 1098 36
f 811 805 818
f 805 1070 818
f 1084 1285 1330
f 1183 1252 863
f 1292 1353 1009
f 1292 1009 1023
f 38 1098 1392
f 1023 1009 954
f 1370 1265 653
f 791 1268 1380
f 659 1117 1040
f 1103 1058 1018
f 1007 1264 1114
f 1189 917 912
f 821 1264 1007
f 870 1058 1103
f 1353 1235 1009
f 962 1009 1235
f 1352 1234 1008
f 1195 1172 1135
f 1196 906 899
f 961 1008 1234
f 1145 1017 1088
f 1423 1089 831
f 686 692 1312
f 692 686 1216
f 684 691 1313
f 691 684 1217
f 786 1300 970
f 783 1300 786
f 784 1299 969
f 782 1299 784
f 896 1172 1195
f 892 1127 1128
f 1243 1023 999
f 1242 1022 998
f 916 924 1187
f 1380 1268 771
f 727 722 730
f 1338 1118 1068
f 915 923 1186
f 878 879 1166
f 27 1118 1338
f 1130 875 869
f 1284 1089 1079
f 1010 1006 1021
f 1369 1261 1056
f 652 1261 1369
f 1017 1145 1130
f 1017 664 1088
f 662 664 1017
f 1284 1079 709
f 1296 958 1363
f 718 720 715
f 1026 802 813
f 787 769 1363
f 813 806 808
f 813 802 806
f 1294 1052 984
f 1296 1363 769
f 700 1052 1294
f 804 810 1232
f 977 804 1232
f 1289 1173 1327
f 965 1246 1278
f 965 975 1246
f 807 796 984
f 799 796 807
f 1327 1173 1061
f 1246 648 1278
f 1110 1128 1127
f 1090 1100 1387
f 1053 1074 1072
f 871 1074 1053
f 735 1128 1110
f 1387 1100 48
f 1361 816 1104
f 867 849 1037
f 1027 1060 1121
f 861 849 867
f 717 1031 1078
f 1344 1073 1075
f 1075 1124 1344
f 118 1073 1344
f 1391 717 1078
f 1309 976 966
f 966 976 1339
f 1308 975 965
f 1041 1060 1027
f 1078 1031 1081
f 1092 991 992
f 894 900 1194
f 832 991 1092
f 1054 1107 1066
f 1066 1107 720
f 1091 1101 1388
f 1101 1091 1001
f 881 886 1170
f 1388 1101 108
f 746 748 1169
f 745 747 1168
f 798 792 1315
f 992 1013 1092
f 792 1030 1315
f 850 871 1053
f 1423 1082 1079
f 862 871 850
f 809 1245 803
f 1160 1376 1192
f 1355 658 1000
f 657 1013 992
f 1104 799 1361
f 1116 1019 1006
f 1116 1337 1019
f 785 796 1349
f 1376 23 1192
f 857 1122 1134
f 1122 857 853
f 1011 836 829
f 1021 1006 1019
f 1320 1315 1411
f 1082 1032 1079
f 1079 1032 714
f 1079 714 1390
f 1284 981 1089
f 1055 1095 828
f 1045 1277 697
f 1044 1089 981
f 1315 1030 1411
f 1305 822 1044
f 1089 1044 822
f 704 989 1055
f 1404 1152 645
f 1403 1151 644
f 1407 710 1281
f 695 1320 1411
f 1302 1290 1347
f 787 792 1350
f 792 787 1030
f 1346 1289 1327
f 1301 1289 1346
f 795 782 1245
f 1245 782 784
f 790 1267 1382
f 1075 872 882
f 882 872 876
f 1382 1267 770
f 711 713 989
f 1346 1327 971
f 1284 709 705
f 705 709 707
f 1132 686 685
f 933 928 943
f 1132 685 688
f 943 928 17
f 1086 1354 1247
f 683 687 1427
f 1001 789 1311
f 789 1001 1091
f 1247 1354 655
f 1347 703 698
f 698 703 1276
f 822 831 1089
f 705 699 1422
f 46 1291 1426
f 856 1059 1032
f 1032 1059 1005
f 999 1023 956
f 981 1284 1422
f 1004 1058 1031
f 998 1022 955
f 1004 1031 717
f 1275 696 702
f 1071 1087 808
f 889 1141 1199
f 821 817 826
f 1316 1249 987
f 1401 987 1249
f 1162 1357 1376
f 1043 987 1401
f 987 1043 819
f 1079 1089 1423
f 1191 1216 686
f 1190 1217 684
f 1422 699 981
f 1263 650 1339
f 1339 650 649
f 796 785 1029
f 1422 1284 705
f 1336 54 52
f 702 696 701
f 983 818 1070
f 860 1330 774
f 1084 1330 860
f 1340 1072 1074
f 1074 1113 1340
f 57 1072 1340
f 860 774 967
f 790 980 1298
f 960 1260 1279
f 859 1331 775
f 1083 1331 859
f 859 775 968
f 1298 980 694
f 959 1259 1278
f 1187 924 753
f 1335 1085 1000
f 690 1322 1016
f 688 1322 690
f 689 1321 1015
f 687 1321 689
f 1237 1296 964
f 769 964 1296
f 1236 1295 963
f 768 963 1295
f 1335 834 1085
f 839 1326 1122
f 844 834 1335
f 839 853 1028
f 1094 1119 718
f 1105 1119 1094
f 1047 971 1328
f 1094 718 712
f 719 1120 1095
f 713 719 1095
f 1093 1117 1334
f 831 1082 1423
f 1122 853 839
f 1212 968 1190
f 971 1047 701
f 987 1238 1316
f 1238 987 1050
f 1360 1057 1047
f 1122 1326 1038
f 772 968 1212
f 1142 1111 884
f 736 1111 1142
f 1186 923 752
f 1165 1102 1395
f 877 1153 1048
f 1048 1143 877
f 988 1293 1263
f 1395 663 1165
f 861 1138 1119
f 1263 1293 650
f 1213 967 1191
f 1002 1096 1098
f 698 1302 1347
f 773 967 1213
f 800 811 1049
f 805 811 800
f 1336 1115 1020
f 696 1301 1346
f 52 1115 1336
f 983 1281 1011
f 1213 974 773
f 1258 773 974
f 829 818 1011
f 1212 973 772
f 1257 772 973
f 1295 957 1362
f 785 768 1362
f 1111 736 728
f 728 736 731
f 1295 1362 768
f 1392 1098 1096
f 1174 964 779
f 786 977 1232
f 1173 963 778
f 827 1094 1057
f 829 836 830
f 44 1352 1291
f 985 797 810
f 1229 4 952
f 1083 1314 1286
f 73 4 1229
f 1275 983 1070
f 1275 702 983
f 1239 1288 986
f 649 1288 1239
f 1012 1080 1348
f 978 1320 707
f 1058 1004 1018
f 1018 1004 721
f 707 1320 705
f 884 1111 875
f 796 1029 984
f 1334 1117 656
f 104 1353 1292
f 1140 1166 888
f 1349 796 788
f 1120 1144 862
f 862 1144 871
f 1348 1080 815
f 1283 1087 1071
f 1276 1283 1071
f 80 78 1228
f 1227 17 928
f 19 17 1227
f 1226 67 66
f 984 1029 1294
f 1157 1163 909
f 70 67 1225
f 1225 927 931
f 931 944 1225
f 896 909 1163
f 739 1163 1157
f 839 821 826
f 874 1146 1159
f 826 1063 1326
f 1326 839 826
f 1332 1020 1036
f 957 1294 1029
f 957 1029 1362
f 1014 1027 838
f 730 1166 1140
f 1276 703 1283
f 1064 1253 864
f 1241 769 787
f 34 31 1337
f 1240 768 785
f 1078 1087 1283
f 708 1078 1283
f 1418 972 1290
f 801 791 1380
f 1045 791 801
f 1347 1290 972
f 1062 972 1418
f 972 1062 797
f 1302 698 1064
f 1383 996 1107
f 1107 996 715
f 704 1055 1052
f 698 1253 1064
f 791 979 1297
f 1232 810 797
f 711 1280 1421
f 900 1179 1194
f 1297 979 693
f 997 716 1421
f 995 790 1298
f 790 995 1267
f 1421 1280 997
f 1041 1356 1310
f 1060 1041 1310
f 796 799 788
f 1347 972 982
f 1298 1216 995
f 1361 807 814
f 1310 1356 89
f 994 791 1297
f 791 994 1268
f 1051 1272 1239
f 1272 1051 771
f 818 983 1011
f 797 985 972
f 982 972 985
f 1209 678 676
f 1208 677 675
f 1313 691 693
f 1312 1244 1034
f 1421 716 711
f 1035 1019 1329
f 1329 1037 1035
f 1038 1134 1122
f 694 1244 1312
f 1312 692 694
f 957 1033 1420
f 643 1404 1314
f 1152 1404 643
f 1420 1033 1406
f 1108 997 1384
f 716 997 1108
f 824 1361 814
f 816 1361 824
f 886 1147 1170
f 1170 1147 733
f 1205 82 80
f 1204 21 19
f 1203 964 769
f 964 1203 779
f 779 1203 777
f 963 1202 778
f 1202 963 768
f 778 1202 776
f 1115 1100 1419
f 866 864 1253
f 1242 1387 1426
f 1151 1403 643
f 865 863 1252
f 1050 1271 1238
f 1206 921 913
f 1206 751 921
f 749 751 1206
f 1271 1050 770
f 856 1082 844
f 1032 1082 856
f 1365 858 1024
f 1207 922 914
f 1357 25 1376
f 1332 56 54
f 1359 835 845
f 825 810 820
f 1369 993 654
f 648 1246 651
f 1357 1118 27
f 27 25 1357
f 843 847 974
f 842 846 973
f 1034 958 1296
f 1193 1415 82
f 1192 23 21
f 91 89 1356
f 1353 104 102
f 1033 957 1295
f 847 794 1198
f 847 864 866
f 1143 1048 1372
f 643 1314 1151
f 794 847 866
f 846 793 1197
f 1151 1314 1083
f 1372 660 1143
f 846 863 865
f 793 846 865
f 999 956 1350
f 710 715 996
f 712 715 710
f 748 746 1187
f 747 745 1186
f 998 955 1349
f 655 992 1370
f 711 716 713
f 31 30 1329
f 814 984 1052
f 1400 1175 1159
f 1323 1143 1324
f 1418 1174 1062
f 1107 1054 1383
f 984 814 807
f 1290 1174 1418
f 1261 652 651
f 1361 799 807
f 732 737 1136
f 733 737 732
f 724 733 1417
f 124 122 1178
f 64 61 1177
f 1063 978 1408
f 732 721 1417
f 1417 733 732
f 978 1063 817
f 1352 44 42
f 1054 851 1383
f 1408 978 707
f 858 1335 1024
f 858 844 1335
f 995 967 774
f 1216 967 995
f 994 968 775
f 1217 968 994
f 1416 1114 109
f 988 1247 1293
f 1167 1141 889
f 731 1141 1167
f 966 1339 1279
f 1169 743 746
f 1168 741 745
f 1383 1011 996
f 30 27 1338
f 1383 836 1011
f 712 718 715
f 716 719 713
f 651 1246 1261
f 997 1012 1384
f 1162 1160 894
f 1161 901 895
f 1276 1071 1253
f 1160 900 894
f 109 1101 1416
f 1415 1378 83
f 890 1149 1155
f 805 865 1070
f 671 669 1154
f 793 865 805
f 771 1051 1380
f 833 1078 1081
f 1275 1070 1252
f 1415 1193 1161
f 34 1337 1116
f 1293 1247 653
f 1161 1378 1415
f 806 866 1071
f 1253 1071 866
f 794 866 806
f 1415 83 82
f 738 740 1351
f 1148 734 1351
f 855 1396 1092
f 852 1396 855
f 1410 706 1377
f 696 1275 1252
f 1377 706 703
f 699 980 981
f 802 1309 794
f 802 794 806
f 800 1308 793
f 800 793 805
f 817 821 1248
f 1248 821 1007
f 1371 122 120
f 1019 1035 1021
f 1371 1124 1150
f 1351 740 1148
f 1021 1035 840
f 1153 1112 666
f 794 1309 1198
f 1198 1309 647
f 793 1308 1197
f 1197 1308 646
f 1374 42 40
f 685 1237 1322
f 806 1071 808
f 1340 60 57
f 1110 1077 727
f 887 1165 883
f 698 1276 1253
f 648 651 1316
f 1318 1303 714
f 1024 1146 1365
f 1316 1238 648
f 1146 1024 661
f 1384 837 852
f 852 837 1396
f 851 836 1383
f 1397 836 851
f 1322 1237 1016
f 877 1143 870
f 1382 1305 1368
f 1044 1368 1305
f 1048 666 1372
f 1372 666 664
f 664 662 1372
f 1411 1030 1363
f 1363 958 1411
f 1322 688 685
f 1127 892 887
f 1287 1411 958
f 1287 695 1411
f 960 1239 1414
f 1272 1286 1414
f 1135 668 670
f 1414 1239 1272
f 1414 1286 960
f 1403 959 1254
f 1366 1073 116
f 665 663 1395
f 1098 1106 1002
f 1002 1106 803
f 1351 734 738
f 1375 102 100
f 824 1055 828
f 791 1045 979
f 1137 1109 738
f 842 973 1212
f 656 993 1334
f 1334 993 1093
f 979 1045 697
f 702 701 1407
f 1023 954 956
f 1368 790 1382
f 843 974 1213
f 1022 953 955
f 1102 669 1395
f 1395 669 667
f 667 665 1395
f 1413 674 672
f 1358 662 1017
f 660 662 1358
f 1413 670 1156
f 1156 674 1413
f 672 670 1413
f 959 1238 1412
f 1271 1285 1412
f 1412 1238 1271
f 687 1183 1131
f 1363 1030 787
f 1412 1285 959
f 845 1323 1359
f 1362 1029 785
f 732 1136 1125
f 1258 1274 773
f 1257 1273 772
f 1311 789 792
f 792 798 1311
f 25 23 1376
f 1360 809 1317
f 1402 819 1043
f 1344 120 118
f 822 819 1402
f 651 1249 1316
f 683 1236 1321
f 1260 645 647
f 1385 1005 1059
f 1259 644 646
f 995 774 1267
f 1350 789 999
f 1093 1397 854
f 854 1397 851
f 976 1309 802
f 93 1262 1398
f 975 1308 800
f 1349 788 998
f 662 660 1372
f 100 1256 1375
f 40 1255 1374
f 1247 655 653
f 1343 114 112
f 1232 783 786
f 1288 649 650
f 1370 992 991
f 1163 1142 896
f 736 1142 1163
f 739 736 1163
f 1393 1251 1097
f 977 1097 1251
f 994 775 1268
f 1390 709 1079
f 674 1156 1224
f 1224 1156 911
f 673 1154 1223
f 1223 1154 910
f 897 1199 1180
f 1180 1199 739
f 1012 837 1384
f 1160 1162 1376
f 654 1355 1373
f 1397 830 836
f 837 832 1396
f 812 1051 986
f 1075 1073 872
f 1078 708 1391
f 885 1137 1126
f 1073 118 116
f 1072 57 56
f 1265 1039 986
f 986 1039 812
f 1406 1424 1420
f 1373 1249 654
f 652 654 1249
f 958 1244 1287
f 1370 653 655
f 1410 1307 706
f 1065 1307 1410
f 654 652 1369
f 1406 697 1424
f 1041 1269 1356
f 971 701 1346
f 1400 667 1175
f 1346 701 696
f 1342 1262 93
f 855 1092 1013
f 724 1417 1319
f 1417 721 1319
f 1305 1382 1409
f 665 667 1400
f 965 646 1308
f 1143 660 1324
f 966 647 1309
f 1115 52 1399
f 1399 52 50
f 36 34 1116
f 673 1189 1394
f 707 1306 1408
f 1408 1306 1063
f 849 840 1035
f 717 1304 1405
f 1036 841 850
f 850 841 848
f 1319 721 1405
f 1405 1304 1319
f 1405 721 717
f 1394 671 673
f 93 91 1342
f 1393 100 97
f 1103 877 870
f 1114 112 109
f 1392 40 38
f 88 85 1341
f 1013 657 1358
f 1358 1017 1013
f 1350 792 789
f 1389 884 875
f 1373 1355 1085
f 1355 1000 1085
f 1389 1130 1145
f 1145 884 1389
f 38 36 1098
f 1288 1265 986
f 132 946 766
f 1108 1384 852
f 1086 835 1359
f 875 1130 1389
f 1386 727 730
f 75 73 945
f 1239 986 1051
f 1043 834 1402
f 1401 1085 1043
f 1333 1165 1040
f 1339 649 1279
f 132 130 946
f 730 735 1386
f 1381 812 1039
f 97 96 1099
f 815 812 1381
f 60 1155 1379
f 1149 61 1379
f 1108 1003 716
f 1379 1155 1149
f 963 1015 1236
f 646 965 1259
f 964 1016 1237
f 1240 1202 768
f 1241 1203 769
f 1259 965 1278
f 976 1026 1263
f 802 1026 976
f 1100 50 48
f 647 966 1260
f 1260 966 1279
f 1328 971 795
f 958 1034 1244
f 1297 1217 994
f 918 920 1214
f 1214 920 749
f 1321 1236 1015
f 1101 109 108
f 1266 1116 1006
f 1006 1106 1266
f 962 954 1009
f 777 954 962
f 1106 1006 803
f 961 953 1008
f 776 953 961
f 36 1116 1266
f 976 1263 1339
f 1002 803 1245
f 1321 687 683
f 1299 782 780
f 1300 783 781
f 1379 61 60
f 85 83 1378
f 89 88 1310
f 1069 1060 1310
f 809 803 1317
f 663 1040 1165
f 1317 803 1006
f 1100 1090 1425
f 1104 1419 1425
f 1425 1090 1104
f 1425 1419 1100
f 1426 1387 46
f 1426 1291 1242
f 1722 1551 1546
f 2015 2036 2150
f 1551 1722 1733
f 2036 2015 1756
f 1738 249 247
f 1550 1723 1737
f 1546 1551 1730
f 2207 2218 2072
f 1734 1724 1548
f 187 1724 1734
f 1734 189 187
f 192 1554 1748
f 1748 7 192
f 1693 1984 1968
f 137 135 1733
f 1466 1729 1731
f 1685 1693 1968
f 1729 1466 1464
f 1464 1466 1728
f 1732 1727 1465
f 1465 1726 1730
f 1463 1465 1727
f 1726 1465 1463
f 1713 2005 1981
f 1705 1713 1981
f 1466 1468 1744
f 1743 1730 1551
f 1548 1728 1744
f 1465 1730 1743
f 1743 1467 1465
f 1818 1610 1629
f 1943 1693 1685
f 1744 1552 1548
f 1744 1728 1466
f 1610 1818 2045
f 1997 1716 1994
f 1468 1748 1554
f 1555 1748 1468
f 1692 1983 1967
f 1994 1708 1997
f 1684 1692 1967
f 1746 1738 1553
f 249 1738 1746
f 1566 1756 2015
f 2014 2035 2149
f 1745 1737 196
f 1575 1597 2012
f 2035 2014 1755
f 1597 1575 1832
f 2003 1711 1702
f 1942 1692 1684
f 1549 1727 1732
f 1565 1755 2014
f 1723 1550 1547
f 2018 2046 2173
f 1666 2120 2046
f 2046 2018 1666
f 1990 1458 1461
f 1963 1461 1458
f 1553 1747 1746
f 1747 1553 1467
f 1747 5 251
f 1747 251 1746
f 2025 2043 2191
f 2013 2003 140
f 140 137 2013
f 1702 1956 2003
f 2003 1956 141
f 141 140 2003
f 1548 1552 1734
f 2043 2025 1806
f 1831 1587 2089
f 1981 1965 1705
f 243 1965 1981
f 1547 1550 1731
f 2019 2047 2174
f 1731 1729 1547
f 1730 1726 1546
f 1703 1957 1980
f 1587 1831 1838
f 1980 1957 202
f 1965 1936 1697
f 1986 1566 1992
f 1964 1935 1696
f 181 1935 1964
f 1609 1806 2025
f 1640 1905 1882
f 1711 2003 2013
f 1905 1640 1650
f 1642 1650 1640
f 1722 1711 2013
f 1667 2121 2047
f 1542 1711 1722
f 1639 1904 1881
f 1673 1861 1908
f 1904 1639 1649
f 1641 1649 1639
f 1548 1721 1728
f 1672 1860 1907
f 1728 1721 1464
f 1549 1720 1727
f 2047 2019 1667
f 1727 1720 1463
f 1909 1862 2210
f 2143 1862 1909
f 2207 1493 2218
f 2210 1519 1909
f 1455 1458 1929
f 2139 1871 2102
f 1544 1710 1998
f 2135 2102 1871
f 2135 2147 2102
f 1707 1966 1972
f 1972 1966 1460
f 2129 1623 2165
f 2102 2101 2139
f 1711 1542 1982
f 1726 1715 1546
f 1461 1715 1726
f 1543 1712 1717
f 1726 1463 1461
f 2140 1870 2103
f 1729 1716 1547
f 1462 1716 1729
f 1729 1464 1462
f 1982 1542 1537
f 1537 1542 1709
f 2136 2103 1870
f 2136 2148 2103
f 1555 194 1748
f 2103 2100 2140
f 1920 1880 1520
f 1997 1969 1976
f 1976 1716 1997
f 1993 1543 1976
f 1976 1539 1993
f 1539 1976 1969
f 1719 1713 1545
f 1748 194 7
f 1545 1713 1541
f 2020 2075 1753
f 1746 251 249
f 1745 194 1555
f 196 194 1745
f 1920 1683 1671
f 1671 1880 1920
f 1869 2141 1875
f 1992 1584 1986
f 1744 1554 1552
f 1468 1554 1744
f 1869 1612 2141
f 1656 1670 1915
f 1753 1436 2117
f 1436 1753 2075
f 1863 1671 1659
f 1992 1566 2121
f 1715 1706 1709
f 2137 2124 2051
f 2022 1871 1774
f 1774 1871 1834
f 1442 2147 2135
f 2135 1440 1442
f 1782 1442 1440
f 1983 1533 1529
f 2137 174 2124
f 1708 1969 1997
f 1998 1710 1721
f 1972 1721 1710
f 1441 2148 2136
f 1460 1721 1972
f 2008 1975 1720
f 2136 1439 1441
f 1783 1441 1439
f 1617 2099 1630
f 1779 1825 1623
f 2099 1794 1811
f 1550 1555 1731
f 2165 1623 1825
f 1759 1798 2082
f 2126 2169 1908
f 1555 1468 1731
f 2228 2230 2009
f 1685 1908 2169
f 2169 1943 1685
f 1540 2002 1975
f 2031 2227 1788
f 2013 1733 1722
f 137 1733 2013
f 1463 1720 1990
f 205 2169 2126
f 2127 2168 1907
f 1684 1907 2168
f 1918 1953 1451
f 1621 1611 1619
f 2168 1942 1684
f 2071 1560 2009
f 146 2168 2127
f 2182 1530 1536
f 1984 1536 1530
f 1545 1549 1725
f 1725 1719 1545
f 187 1718 1724
f 1544 1548 1724
f 1801 1868 2062
f 1954 1930 1689
f 1723 1547 1543
f 1543 1717 1723
f 1697 1961 1962
f 1722 1546 1542
f 2124 2043 2051
f 1962 1705 1697
f 1962 1961 1535
f 1989 2000 1538
f 1718 187 185
f 200 198 1717
f 1704 2000 1989
f 2000 1534 1538
f 1452 1930 1954
f 1806 2051 2043
f 1806 1817 2051
f 1540 1541 1713
f 2117 1761 1434
f 1905 1516 2146
f 1516 1905 1928
f 1955 1974 1699
f 1456 1974 1955
f 1524 1516 1952
f 1904 1515 2145
f 2048 1438 2075
f 1515 1904 1927
f 1913 1688 1683
f 2075 1438 1436
f 2080 1436 1438
f 1701 1963 1973
f 1989 1714 1704
f 1973 1963 1455
f 1698 1701 1973
f 2094 1434 1761
f 1704 1714 1995
f 1995 1964 1704
f 2157 1897 1680
f 184 1964 1995
f 1680 1935 2157
f 1516 1928 1952
f 1837 1820 1603
f 1820 1837 2081
f 1901 2021 1794
f 1959 1454 1450
f 2155 1898 1681
f 1681 1936 2155
f 1940 1959 1450
f 1966 1977 1457
f 1989 1544 1714
f 1694 1700 1950
f 1538 1544 1989
f 1710 1544 1538
f 1921 1946 1654
f 1751 1432 2029
f 1668 1654 1946
f 1921 1890 1946
f 1750 1431 2028
f 1922 1947 1655
f 1669 1655 1947
f 1625 1834 1871
f 1713 1719 2005
f 1981 2005 246
f 1798 1632 2082
f 1922 1892 1947
f 1523 1515 1951
f 1590 2023 1795
f 1590 1795 1886
f 1492 1500 2066
f 1624 1830 1870
f 1455 1963 1458
f 2062 2066 1500
f 1973 1958 1698
f 1682 1698 1958
f 1912 1698 1682
f 1775 1500 1492
f 1496 1487 2202
f 1708 2187 1969
f 2187 2182 1536
f 1969 2187 1536
f 2187 1708 1699
f 1515 1927 1951
f 1487 1496 2188
f 1977 1707 1695
f 1949 1695 2001
f 1695 1707 2001
f 1707 1977 1966
f 1842 1882 1775
f 1787 1667 2019
f 1538 1949 2001
f 1882 1502 1775
f 1949 1538 1534
f 1489 1839 1832
f 1688 1699 1974
f 1786 1666 2018
f 1980 1717 1712
f 2000 1704 1696
f 1696 1960 2000
f 2000 1960 1534
f 1943 1957 1693
f 1839 1489 1763
f 203 1957 1943
f 1942 1956 1692
f 1630 2099 1811
f 143 1956 1942
f 1984 1539 1536
f 1439 2203 2153
f 1574 1789 1883
f 1586 1820 1580
f 200 1717 1980
f 1916 1921 2175
f 1916 2098 1512
f 1921 1916 1512
f 1917 1922 2176
f 1917 2097 1514
f 1922 1917 1514
f 2093 1916 2107
f 2098 1916 2093
f 1879 1621 2190
f 2032 2060 2156
f 2092 1917 2108
f 1878 1623 2189
f 2097 1917 2092
f 1840 2112 1858
f 1858 2112 149
f 1841 2111 1859
f 1859 2111 210
f 1977 1689 1930
f 1695 1689 1977
f 1604 1832 1839
f 1815 1834 1601
f 1975 1700 2004
f 1975 2002 1700
f 1531 1534 1960
f 1949 1534 1531
f 1774 1834 1815
f 2060 1484 2156
f 1866 2172 2163
f 1429 2057 2041
f 1697 1705 1965
f 1696 1704 1964
f 1855 1654 1668
f 2090 1558 2057
f 1856 1655 1669
f 2057 1429 2090
f 1693 1703 1984
f 1957 1703 1693
f 1692 1702 1983
f 1956 1702 1692
f 1699 1708 1996
f 2145 1515 1511
f 1996 1955 1699
f 1503 1511 1792
f 1766 2128 2159
f 1507 1511 1503
f 1511 1507 2145
f 1698 1939 1999
f 2146 1516 1513
f 1974 1959 1688
f 1505 1513 1793
f 2041 2057 2055
f 1508 1513 1505
f 1513 1508 2146
f 2192 1939 1912
f 1954 1687 1675
f 1912 1939 1698
f 1576 1787 1877
f 2050 2076 1769
f 2159 2128 1491
f 1953 1686 1674
f 2172 1497 2163
f 2196 2115 1900
f 1540 1535 2002
f 1535 1950 2002
f 1677 1685 1968
f 1968 1933 1677
f 1676 1684 1967
f 1967 1931 1676
f 1535 1540 1962
f 1639 1617 1630
f 1882 1618 1640
f 2196 213 2115
f 1640 1618 1631
f 2191 1884 2025
f 1839 1763 2208
f 1439 2024 1437
f 170 1884 2191
f 1637 1564 2082
f 1947 1679 1669
f 1909 1919 1682
f 1563 1662 2038
f 1760 1563 2038
f 1946 1678 1668
f 1763 1495 2208
f 1563 1760 2083
f 1663 1759 1564
f 2173 2170 2018
f 160 2170 2173
f 1926 1675 1665
f 2142 2099 1617
f 1844 2142 1617
f 2227 2031 2185
f 2203 1439 1437
f 1925 1674 1664
f 1592 1605 2164
f 1602 1836 2164
f 1602 2164 1605
f 1615 1771 1854
f 1586 1603 1820
f 1766 1854 1771
f 1631 1606 1824
f 1615 1600 1771
f 1598 1613 1872
f 1615 1854 2107
f 2107 1628 1615
f 1644 1659 1647
f 1593 1788 2227
f 2227 1794 1593
f 155 1901 2185
f 1938 1637 1632
f 1643 1656 1646
f 1632 1637 2082
f 1637 1938 1740
f 1680 1696 1935
f 1920 1520 1528
f 1528 1520 1524
f 1937 1636 1633
f 1919 1519 1527
f 1527 1519 1523
f 1658 1665 1864
f 1657 1634 2100
f 1633 1636 2083
f 1657 1664 1865
f 1636 1937 1739
f 1658 1635 2101
f 1690 1696 1680
f 2160 2100 1902
f 2087 2097 2092
f 1657 2100 2160
f 2088 2098 2093
f 2161 2101 1903
f 1658 2101 2161
f 2019 2174 2171
f 2191 171 170
f 2180 2027 1886
f 228 2027 2180
f 1691 1697 1936
f 1759 1663 2037
f 157 155 2185
f 2171 2174 219
f 2179 2036 1883
f 226 2036 2179
f 1824 1606 1809
f 165 2035 2178
f 1938 1651 1853
f 1485 2066 2061
f 1853 1479 1474
f 1488 2066 1485
f 1877 2019 2171
f 1938 1853 1474
f 219 218 2171
f 1876 2018 2170
f 1933 1530 1528
f 1731 1468 1466
f 1931 1529 1527
f 160 157 2170
f 1706 1715 1461
f 1491 1497 1494
f 2150 226 224
f 1792 1862 1888
f 1888 1862 1643
f 2149 165 163
f 1829 2105 2138
f 2138 2105 235
f 1828 2104 2137
f 2137 2104 176
f 1461 1963 1706
f 152 2112 2116
f 2115 2111 1809
f 211 2111 2115
f 2114 2047 2015
f 2110 1914 1940
f 2113 2046 2014
f 1518 1522 1892
f 1450 2110 1940
f 1886 1789 1590
f 1685 1673 1908
f 1677 1673 1685
f 1517 1521 1890
f 1684 1672 1907
f 1676 1672 1684
f 1862 1656 1643
f 1793 1863 1889
f 1889 1863 1644
f 1863 1659 1644
f 1454 1930 1452
f 1451 1929 1918
f 1567 2016 1978
f 1855 1897 2194
f 1897 1855 1668
f 1856 1898 2195
f 1898 1856 1669
f 1945 1911 1686
f 1526 1911 1945
f 1532 1526 1945
f 1944 1910 1687
f 2016 1567 1985
f 1568 2017 1979
f 1804 2086 1472
f 1720 1549 2008
f 1545 1541 2008
f 2008 1549 1545
f 1460 1459 1994
f 2017 1568 1986
f 2030 1663 1564
f 1430 1663 2030
f 1999 1939 1537
f 1541 1975 2008
f 1975 1541 1540
f 1537 1533 1982
f 1533 1537 1939
f 1993 1984 1703
f 2090 1948 1560
f 1948 1563 2009
f 2112 1840 1823
f 1560 1948 2009
f 1429 1948 2090
f 1823 1840 1641
f 2111 1841 1824
f 2081 1813 1820
f 1824 1841 1642
f 1483 1813 2081
f 1603 1586 2144
f 1914 2110 1446
f 1472 2086 1475
f 1721 1548 1998
f 1998 1548 1544
f 2078 1475 2086
f 1586 1589 2144
f 2052 2125 2045
f 1928 1673 1952
f 1631 1618 1614
f 2052 2045 1818
f 2154 2048 1779
f 1825 1779 2048
f 1928 1661 1673
f 1725 1738 1719
f 1718 1995 1714
f 185 1995 1718
f 2158 1694 1686
f 1686 1694 1945
f 1918 1694 2158
f 2095 2223 1914
f 1874 1448 1452
f 1452 1448 1450
f 1873 1447 1451
f 1451 1447 1449
f 1719 1738 247
f 1450 1454 1452
f 1894 1453 1449
f 1999 1706 1701
f 1449 1453 1451
f 1732 1467 1553
f 1465 1467 1732
f 1486 1493 2197
f 1614 1606 1631
f 2095 1659 2223
f 2176 2108 1917
f 2002 1950 1700
f 1622 1872 1613
f 2176 1648 2108
f 1999 1701 1698
f 1622 1613 2186
f 1866 1872 1622
f 2116 2112 2021
f 1459 1460 1966
f 1823 2021 2112
f 2044 1774 1815
f 1454 1959 1974
f 1940 2223 1683
f 1962 1713 1705
f 1540 1713 1962
f 1850 1585 1569
f 2021 1823 1811
f 1885 1887 1877
f 1459 1955 1996
f 1955 1459 1457
f 1877 1589 1576
f 1594 1609 2025
f 1877 1887 1589
f 1609 1594 1600
f 2187 1699 1688
f 2187 1913 2182
f 1688 1913 2187
f 1703 1712 1993
f 1687 1689 1944
f 1980 1712 1703
f 1884 2026 1790
f 1530 1933 1968
f 1529 1931 1967
f 1977 1930 1457
f 1709 1546 1715
f 1456 1457 1930
f 2091 1559 1768
f 2011 1569 1585
f 1714 1724 1718
f 1528 1524 1933
f 1544 1724 1714
f 2045 2125 1899
f 1527 1523 1931
f 1899 2125 232
f 1806 1609 1628
f 1628 1609 1615
f 2082 1564 1759
f 1542 1546 1709
f 2223 1671 1683
f 1924 1522 1526
f 1896 2042 2122
f 2042 1896 1430
f 1923 1521 1525
f 2122 2042 1428
f 1560 1558 2090
f 1992 1787 1988
f 2172 1504 2088
f 1494 2088 2093
f 1497 2088 1494
f 2088 1497 2172
f 1936 1681 1691
f 1495 2087 2092
f 1949 2206 1944
f 1915 1941 2109
f 1949 1531 2206
f 1949 1944 1695
f 1667 1787 1992
f 2072 2049 2162
f 1666 1786 1991
f 1895 2041 2123
f 2049 1875 2162
f 2041 1895 1429
f 2123 2041 1428
f 1868 1833 2061
f 1868 1605 1592
f 1592 1833 1868
f 2058 2020 1753
f 2156 1804 2032
f 2086 1804 2156
f 1652 2032 1804
f 1654 1906 2175
f 1958 1973 1894
f 1532 1535 1961
f 1950 1535 1532
f 1906 1654 1847
f 2106 1786 1788
f 1876 1788 1786
f 1444 1448 1827
f 1446 1448 1444
f 1443 1447 1826
f 1445 1447 1443
f 1927 1672 1951
f 1835 1588 1599
f 1927 1660 1672
f 1973 1453 1894
f 1620 1634 2118
f 2118 1867 1620
f 2089 1587 1814
f 1624 1634 1620
f 1577 1595 2071
f 1595 1577 1849
f 2071 1595 1581
f 1490 1776 2202
f 1629 2108 1648
f 243 2225 1965
f 1776 1496 2202
f 1648 1645 1629
f 1781 1844 1881
f 2177 1881 1844
f 1756 1883 2036
f 1883 1756 1574
f 1954 1874 1452
f 2178 2035 2026
f 1953 1873 1451
f 1755 2026 2035
f 243 241 2225
f 2177 1844 1617
f 2068 1813 1754
f 2070 1754 1813
f 1813 1483 2070
f 1732 1725 1549
f 1576 1586 1580
f 1576 1589 1586
f 1887 1885 1900
f 1791 1887 1900
f 1991 2220 1987
f 1991 1786 2220
f 2009 2083 2228
f 1612 1620 2141
f 1532 1945 1950
f 1950 1945 1694
f 1891 1525 1517
f 1517 1525 1521
f 1893 1526 1518
f 1518 1526 1522
f 1669 1681 1898
f 1679 1681 1669
f 1668 1680 1897
f 1678 1680 1668
f 1603 1842 1837
f 1842 1603 1614
f 2053 2030 2010
f 2091 2030 2053
f 1655 1856 1848
f 1691 1679 1934
f 1654 1855 1847
f 1681 1679 1691
f 1690 1678 1932
f 1680 1678 1690
f 1573 1820 1813
f 1820 1573 1580
f 1571 1819 1812
f 1819 1571 1579
f 2038 1971 1760
f 2038 1434 1971
f 1638 1760 1971
f 2037 1970 1759
f 2037 1433 1970
f 2053 1559 2091
f 2107 1854 2093
f 1732 1553 1725
f 1725 1553 1738
f 1706 1999 1709
f 1709 1999 1537
f 2108 1852 2092
f 1812 1482 2069
f 1899 2180 1795
f 1968 1984 1530
f 1967 1983 1529
f 1449 2109 1941
f 1601 1613 1598
f 1760 1638 1633
f 1572 1762 2026
f 1575 1851 1773
f 2180 1886 1795
f 1937 1652 1804
f 230 2180 1899
f 1633 1638 1652
f 2026 1755 1572
f 2165 1605 2129
f 1837 1492 1488
f 1488 1492 2066
f 2117 1432 1753
f 2107 1906 1628
f 1628 1906 1817
f 1434 1432 2117
f 2026 1884 2178
f 1720 2004 1990
f 2004 1720 1975
f 2004 1458 1990
f 2178 1884 167
f 1633 1652 1937
f 2077 2079 1479
f 2150 2114 2015
f 224 2114 2150
f 2145 1507 1904
f 1925 1826 1873
f 2146 1508 1905
f 1873 1826 1447
f 2149 2113 2014
f 1663 1430 1896
f 163 2113 2149
f 1429 1662 1948
f 1662 1429 1895
f 1898 2155 2195
f 1509 1504 2152
f 2195 2155 240
f 1510 1506 2151
f 2062 1785 1801
f 1854 1766 2212
f 2009 1563 2083
f 2212 1766 1494
f 1801 1627 2129
f 2063 1784 1800
f 1897 2157 2194
f 1635 2186 1625
f 2194 2157 179
f 1781 1501 1776
f 2063 1499 1784
f 1776 1501 1499
f 1817 1828 2051
f 2077 1479 1486
f 2129 1627 1623
f 1818 1829 2052
f 1853 1486 1479
f 1645 1829 1818
f 1838 1632 1798
f 1651 1632 1838
f 2230 1577 2071
f 2054 1577 1796
f 1632 1651 1938
f 2037 1663 2028
f 1512 2098 1509
f 1519 1515 1523
f 2203 2050 1843
f 1520 1516 1524
f 1514 2097 1510
f 1464 1460 1462
f 1721 1460 1464
f 2012 1597 1590
f 1607 2188 1800
f 2012 1590 1789
f 1778 2017 1584
f 2039 2040 1433
f 1777 2016 1583
f 2037 2028 1433
f 1433 2028 1431
f 2038 1662 2029
f 1582 1433 2040
f 1870 2024 2136
f 2024 1870 1767
f 1767 1870 1830
f 1764 1480 1487
f 1445 1808 1915
f 1519 1919 1909
f 1769 1843 2050
f 1446 1807 1914
f 2069 1810 1812
f 1444 2147 2130
f 2147 1444 2102
f 2147 1442 2130
f 1443 2148 2131
f 2148 1443 2103
f 2148 1441 2131
f 2067 1812 1810
f 1971 1799 1638
f 1539 1984 1993
f 1849 1607 1595
f 1611 1595 1607
f 1670 1941 1915
f 2069 2033 1810
f 1583 1749 1991
f 1682 1958 2229
f 2153 2203 1843
f 1915 2109 1445
f 1941 1670 2229
f 2068 1473 1573
f 1988 1573 1473
f 2067 1471 1571
f 234 2125 2052
f 1987 1571 1471
f 1635 1622 2186
f 1742 1754 1470
f 2114 2174 2047
f 1754 1742 2068
f 1568 1851 1570
f 221 2174 2114
f 1567 1850 1569
f 1701 1706 1963
f 1756 2085 1574
f 1574 2085 1570
f 1755 2084 1572
f 1572 2084 1569
f 1961 1697 1691
f 1960 1696 1690
f 1438 2048 2154
f 1916 2175 2107
f 1840 1660 1641
f 1641 1660 1649
f 1841 1661 1642
f 2046 2113 2173
f 1642 1661 1650
f 2118 1822 1867
f 1683 1688 1959
f 1795 2045 1899
f 1610 2045 1795
f 2119 1821 1866
f 1790 2025 1884
f 1594 2025 1790
f 2119 1866 1622
f 1622 1635 2119
f 2171 1885 1877
f 2034 1470 1754
f 1573 1988 2181
f 218 1885 2171
f 2087 1498 1506
f 2175 1906 2107
f 1506 1498 1867
f 2030 1564 2010
f 2065 1797 2010
f 2173 2113 161
f 1637 2010 1564
f 2065 2010 1637
f 1926 1827 1874
f 1874 1827 1448
f 1504 1821 2152
f 1821 1845 2152
f 1506 1822 2151
f 1822 1846 2151
f 1982 1983 1702
f 1648 1655 1848
f 1533 1983 1982
f 2136 2024 1439
f 1797 1578 2053
f 1797 2053 2010
f 1811 1794 2021
f 2229 1958 1941
f 2153 1843 1780
f 1816 1595 1611
f 2152 1517 1509
f 1509 1517 1512
f 2151 1518 1510
f 1510 1518 1514
f 1601 1591 1815
f 1430 1768 2042
f 1768 1430 2091
f 1598 1596 1601
f 2022 2135 1871
f 1440 2135 2022
f 1596 1591 1601
f 1778 1979 2017
f 1557 1979 1778
f 1767 1770 2134
f 1777 1978 2016
f 2134 2024 1767
f 1556 1978 1777
f 2228 1796 2230
f 2081 1837 1488
f 1437 2024 2134
f 1866 1821 1504
f 1858 1860 1840
f 1840 1860 1660
f 1859 1861 1841
f 1841 1861 1661
f 1866 1504 2172
f 1874 1954 1926
f 1926 1954 1675
f 1629 1645 1818
f 2228 1636 2064
f 1752 2057 2076
f 1860 1858 2127
f 2127 1907 1860
f 2127 1858 147
f 1861 1859 2126
f 2076 2050 1752
f 1673 1677 1952
f 1752 2050 1435
f 1792 2210 1862
f 1672 1676 1951
f 2121 2015 2047
f 2126 1908 1861
f 1511 2210 1792
f 1799 1653 1638
f 2126 1859 207
f 1679 1924 1934
f 1678 1923 1932
f 1484 1491 2128
f 1611 1621 1816
f 2060 1491 1484
f 2049 1805 1831
f 1906 1847 1817
f 1805 2049 1486
f 1817 1847 1828
f 1483 1485 2070
f 2065 1740 1562
f 1736 1562 1740
f 1961 1934 1532
f 1637 1740 2065
f 2064 1739 1561
f 1691 1934 1961
f 1960 1932 1531
f 1690 1932 1960
f 1735 1561 1739
f 1992 2121 1667
f 2120 2014 2046
f 1636 1739 2064
f 1991 1749 2120
f 1478 1562 2034
f 1562 1478 2065
f 1571 1987 1579
f 1477 1561 2033
f 1561 1477 2064
f 1991 2120 1666
f 1676 1931 1951
f 1638 1653 1652
f 1951 1931 1523
f 1839 1852 1604
f 1867 1822 1506
f 2070 1485 1481
f 2064 1796 2228
f 1800 2188 2063
f 1496 2063 2188
f 1677 1933 1952
f 1952 1933 1524
f 1672 1660 1860
f 1878 1802 1782
f 1673 1661 1861
f 1782 1802 1442
f 1783 1780 1879
f 1879 1780 1621
f 1782 1779 1878
f 1878 1779 1623
f 1485 2061 1833
f 1776 1499 1496
f 1852 1616 1604
f 1800 1626 1619
f 2089 2198 1612
f 1849 1764 2188
f 1842 1775 1492
f 2063 1496 1499
f 2074 1470 1736
f 1775 1502 1500
f 2073 1469 1735
f 1879 1803 1783
f 1577 2054 1764
f 1588 1819 1579
f 1757 1819 1588
f 1783 1803 1441
f 2128 2078 2086
f 1649 1927 1904
f 1857 1872 2059
f 1598 1872 1857
f 1773 2079 2077
f 1660 1927 1649
f 1809 1900 2115
f 2089 1608 2198
f 1650 1928 1905
f 2229 1670 1682
f 1894 1941 1958
f 1781 2214 1844
f 1616 1610 2023
f 1781 1776 2214
f 1604 1616 2023
f 1619 1607 1800
f 1953 1925 1873
f 1674 1925 1953
f 1573 1813 2068
f 2117 1436 2044
f 1661 1928 1650
f 1571 1812 2067
f 2120 1565 2014
f 1474 1479 1476
f 2038 2029 1434
f 1749 1565 2120
f 1434 2029 1432
f 2121 1566 2015
f 1618 1882 1842
f 2077 1489 1773
f 1764 1849 1577
f 1708 1994 1996
f 1996 1994 1459
f 1959 1940 1683
f 2044 2080 1774
f 1495 1763 1493
f 1436 2080 2044
f 1514 1892 1922
f 1611 1607 1619
f 1512 1890 1921
f 1770 1767 1608
f 1863 1793 2211
f 2211 1793 1513
f 1671 1863 1880
f 1487 2188 1764
f 1605 1868 2129
f 1872 2163 2059
f 2059 1497 1491
f 2163 1497 2059
f 1741 1810 1469
f 1752 1435 2039
f 2066 2062 2061
f 1645 1848 1829
f 2033 1469 1810
f 1648 1848 1645
f 2142 1844 1835
f 2089 1814 1608
f 1608 1814 1770
f 1561 1469 2033
f 1678 1946 1923
f 1923 1946 1521
f 1679 1947 1924
f 1924 1947 1522
f 1797 1765 1578
f 1791 1606 2144
f 1478 1765 1797
f 2061 2062 1868
f 1881 1904 1507
f 1881 1507 1501
f 1882 1905 1508
f 1882 1508 1502
f 1765 1478 1481
f 1600 1585 1771
f 2078 1758 2217
f 1758 2078 2128
f 2217 1758 1850
f 1585 1850 1758
f 2129 1868 1801
f 1772 2075 2020
f 1562 1470 2034
f 1979 1851 1568
f 1979 1476 2079
f 1557 1470 2074
f 1556 1469 2073
f 1978 1850 1567
f 2011 1600 1594
f 1762 1790 2026
f 1978 1475 2078
f 1428 1751 2123
f 1751 1428 2042
f 1798 1759 1970
f 1428 1750 2122
f 1750 1428 2041
f 1929 2209 1918
f 1629 1610 1616
f 1788 1593 2106
f 1757 1812 1819
f 2164 2053 1578
f 1616 1852 2108
f 2108 1629 1616
f 1832 1575 1773
f 1832 1773 1489
f 1596 1799 1591
f 1799 2094 1591
f 1971 2094 1799
f 1596 1653 1799
f 1789 1886 2027
f 2106 1599 1588
f 2011 1762 1572
f 1593 1599 2106
f 2019 1877 1787
f 2018 1876 1786
f 2164 1578 1592
f 1592 1578 1833
f 1736 1474 2074
f 1474 1736 1740
f 1735 1472 2073
f 1472 1735 1739
f 1482 1812 1757
f 1607 1849 2188
f 1838 1831 1805
f 2011 1594 1762
f 1481 1485 1765
f 2007 1747 1467
f 1743 2007 1467
f 2193 2007 1551
f 1551 2007 1743
f 2007 5 1747
f 2193 133 2007
f 133 5 2007
f 1985 1583 2016
f 1749 1583 1985
f 2128 2086 1484
f 1986 1584 2017
f 1790 1762 1594
f 1687 1954 1689
f 1585 1600 2011
f 1814 1582 2040
f 2209 1694 1918
f 1723 1717 2006
f 2006 1737 1723
f 2006 1717 198
f 241 2155 2225
f 1936 1965 2225
f 1609 1600 1615
f 2215 1487 1480
f 1517 1890 1512
f 1518 1892 1514
f 1480 2069 2215
f 2215 2069 1482
f 2225 2155 1936
f 2177 1639 1881
f 2222 2062 1500
f 2215 1482 1490
f 1490 2202 2215
f 2215 2202 1487
f 2074 1476 1557
f 1719 247 2005
f 2005 247 246
f 1979 1557 1476
f 2073 1475 1556
f 2222 1505 1785
f 1978 1556 1475
f 2020 2058 1836
f 1559 1836 2058
f 2089 1869 1831
f 2049 1831 1869
f 1683 1920 1913
f 1913 1920 1528
f 1682 1919 1912
f 1912 1919 1527
f 1588 1835 1757
f 1757 1835 1490
f 1785 2062 2222
f 1500 1505 2222
f 1805 1486 1853
f 2177 1617 1639
f 1869 1875 2049
f 157 2185 2224
f 1742 1557 1778
f 1470 1557 1742
f 1741 1556 1777
f 1469 1556 1741
f 1824 1809 2111
f 2031 2170 2224
f 2144 1589 1791
f 1584 1988 1473
f 1628 1817 1806
f 1583 1987 1471
f 2224 2185 2031
f 1985 1565 1749
f 1995 185 184
f 1716 1462 1994
f 1994 1462 1460
f 1712 1543 1993
f 1766 1758 2128
f 1900 1885 2196
f 1758 1771 1585
f 1597 2023 1590
f 2163 1872 1866
f 1771 1758 1766
f 1493 1486 2218
f 1651 1805 1853
f 2049 2072 2218
f 2218 1486 2049
f 1885 215 2196
f 2224 2170 157
f 1461 1463 1990
f 2166 1800 1784
f 2166 1626 1800
f 1837 1842 1492
f 2223 1940 1914
f 2223 1659 1671
f 1805 1651 1838
f 2133 1924 1526
f 1742 1778 1473
f 1741 1777 1471
f 2183 1893 1865
f 2167 1801 1785
f 2184 1891 1864
f 2167 1627 1801
f 2081 1488 1483
f 2032 1857 2060
f 2096 1646 1656
f 1803 1646 2096
f 2095 1647 1659
f 2166 1784 1888
f 1802 1647 2095
f 1888 1784 1503
f 2167 1785 1889
f 1889 1785 1505
f 1838 1798 1587
f 1603 2144 1614
f 1614 2144 1606
f 1970 1582 1798
f 2032 1652 1653
f 1587 1798 1582
f 1702 1711 1982
f 2162 1867 1498
f 2192 1527 1529
f 1473 1778 1584
f 1471 1777 1583
f 1857 2059 2060
f 1850 1978 2217
f 2217 1978 2078
f 1559 2053 2164
f 1499 1503 1784
f 1501 1503 1499
f 2221 1809 1606
f 1502 1505 1500
f 246 243 1981
f 1980 202 200
f 1901 2116 2021
f 2027 1883 1789
f 154 2116 1901
f 2012 1789 1574
f 1438 2022 2080
f 1430 2030 2091
f 1682 2143 1909
f 2162 1875 1867
f 1976 1547 1716
f 1543 1547 1976
f 1515 1519 1511
f 2216 1773 1851
f 1516 1520 1513
f 1974 1456 1454
f 1973 1455 1453
f 1710 1707 1972
f 2102 1903 2101
f 2103 1902 2100
f 2216 1979 2079
f 2079 1773 2216
f 1477 2054 1796
f 1851 1979 2216
f 1811 1823 1630
f 1857 1653 1596
f 1653 1857 2032
f 1941 1894 1449
f 2221 1791 1900
f 1433 1582 1970
f 1900 1809 2221
f 1490 1482 1757
f 1606 1791 2221
f 1470 1562 1736
f 1969 1536 1539
f 1966 1457 1459
f 1682 1670 2143
f 184 181 1964
f 1597 1832 1604
f 1469 1561 1735
f 1431 2055 1752
f 1432 2056 1753
f 1579 1987 2220
f 1525 1531 2132
f 1786 2106 2220
f 1776 1490 2214
f 1835 1844 2214
f 2214 1490 1835
f 1483 1488 1485
f 1957 203 202
f 1956 143 141
f 2203 1437 1435
f 1435 2050 2203
f 1581 1816 1769
f 2181 1988 1787
f 2141 1867 1875
f 2141 1620 1867
f 2220 2106 1579
f 2085 1986 1568
f 1566 1986 2085
f 2084 1985 1567
f 1565 1985 2084
f 1752 2055 2057
f 2119 1635 1658
f 2080 2022 1774
f 1674 1686 1911
f 1675 1687 1910
f 2119 1845 1821
f 2119 1658 1845
f 2118 1634 1657
f 1581 1595 1816
f 2083 1636 2228
f 2118 1846 1822
f 2219 2039 1435
f 2219 2134 2040
f 1501 1507 1503
f 1457 1456 1955
f 1502 1508 1505
f 2118 1657 1846
f 2040 2039 2219
f 1768 2058 2056
f 1932 1923 2132
f 2058 1768 1559
f 1753 2056 2058
f 2162 1498 2072
f 1845 1864 2152
f 1658 1864 1845
f 1846 1865 2151
f 1657 1865 1846
f 1435 2134 2219
f 1686 1953 2158
f 2076 1558 1581
f 1769 2076 1581
f 1434 2094 1971
f 218 215 1885
f 1598 1857 1596
f 2185 1901 2227
f 2134 1435 1437
f 2164 1836 1559
f 1493 1763 2197
f 1526 1893 1911
f 2068 1742 1473
f 1810 1741 2067
f 2067 1741 1471
f 1576 1580 2181
f 1878 2189 1647
f 1647 2189 1644
f 1879 2190 1646
f 1646 2190 1643
f 2159 1494 1766
f 1787 1576 2181
f 1491 1494 2159
f 1689 1695 1944
f 2181 1580 1573
f 2161 1903 1827
f 1444 1827 1903
f 1884 170 167
f 2160 1902 1826
f 1443 1826 1902
f 1947 1892 1522
f 1474 1476 2074
f 1946 1890 1521
f 1472 1475 2073
f 1707 1710 2001
f 2001 1710 1538
f 1763 1489 2197
f 1525 1891 1910
f 2191 2043 171
f 1765 1833 1578
f 1485 1833 1765
f 1618 1842 1614
f 1740 1938 1474
f 1739 1937 1472
f 1893 2183 1911
f 1558 1560 2071
f 2139 2101 1635
f 2029 1895 2123
f 2123 1751 2029
f 1895 2029 1662
f 2140 2100 1634
f 2028 1896 2122
f 2122 1750 2028
f 1896 2028 1663
f 2158 1953 1918
f 2071 1581 1558
f 2039 1431 1752
f 2198 1608 1830
f 1433 1431 2039
f 1644 1627 2167
f 2189 1627 1644
f 1643 1626 2166
f 2190 1626 1643
f 1620 1612 2198
f 2183 1674 1911
f 1935 181 2157
f 1834 1625 2186
f 2157 181 179
f 2142 1599 2099
f 2170 2031 1876
f 1788 1876 2031
f 1582 1814 1587
f 2023 1610 1795
f 2160 1925 1664
f 1808 1803 2096
f 1764 2054 1480
f 234 2052 2138
f 2138 2052 1829
f 1891 2184 1910
f 2137 2051 1828
f 2064 1477 1796
f 2150 2036 226
f 2156 1484 2086
f 2065 1478 1797
f 1558 2076 2057
f 2149 2035 165
f 2079 1476 1479
f 2004 1929 1458
f 2083 1760 1633
f 2184 1675 1910
f 1574 1570 2012
f 1572 1569 2011
f 2195 240 238
f 2087 2207 1498
f 1554 192 2213
f 2213 1552 1554
f 2087 1495 2207
f 1899 232 230
f 1887 1791 1589
f 2194 179 178
f 2104 1828 1847
f 2105 1829 1848
f 1807 1446 2130
f 2130 1446 1444
f 1937 1804 1472
f 2213 192 189
f 1808 1445 2131
f 2131 1445 1443
f 1494 2093 2212
f 2212 2093 1854
f 1779 1782 2154
f 1780 1783 2153
f 2155 241 240
f 2190 1621 1626
f 1948 1662 1563
f 2189 1623 1627
f 1440 1438 2154
f 2059 1491 2060
f 1912 1527 2192
f 1930 1454 1456
f 2140 1624 1870
f 1513 1520 2211
f 1880 1863 2211
f 2211 1520 1880
f 2132 1531 1932
f 1807 1802 2095
f 2132 1923 1525
f 1827 1926 2161
f 1591 2094 1761
f 210 207 1859
f 2154 1782 1440
f 149 147 1858
f 1438 1440 2022
f 1883 2027 2179
f 2153 1783 1439
f 1826 1925 2160
f 1511 1519 2210
f 2186 1601 1834
f 2209 2004 1700
f 2186 1613 1601
f 1929 2004 2209
f 1700 1694 2209
f 215 213 2196
f 2142 1835 1599
f 135 133 2193
f 1769 2226 1843
f 1634 1624 2140
f 1772 1836 1602
f 1495 2092 2208
f 1852 1839 2208
f 2208 2092 1852
f 1772 1825 2048
f 1602 1825 1772
f 1769 1816 2226
f 1552 2213 1734
f 1992 1988 1584
f 2213 189 1734
f 2072 1498 2207
f 1495 1493 2207
f 1991 1987 1583
f 1525 1910 2206
f 1939 2192 1533
f 2206 1910 1944
f 2206 1531 1525
f 2205 2088 1504
f 1635 1625 2139
f 2176 1922 1655
f 2205 1509 2098
f 154 152 2116
f 2098 2088 2205
f 1504 1509 2205
f 2204 2087 1506
f 2204 1510 2097
f 2097 2087 2204
f 1506 1510 2204
f 2192 1529 1533
f 1655 1648 2176
f 2175 1921 1654
f 2201 1451 1453
f 2201 1455 1929
f 1929 1451 2201
f 1453 1455 2201
f 1737 1745 1550
f 2227 1901 1794
f 2226 1816 1621
f 2161 1926 1665
f 1802 1878 1647
f 2138 235 234
f 2226 1780 1843
f 1803 1879 1646
f 1745 1555 1550
f 1518 2151 2200
f 1865 1893 2200
f 2200 2151 1865
f 2200 1893 1518
f 1517 2152 2199
f 1864 1891 2199
f 1767 1830 1608
f 1641 1630 1823
f 1639 1630 1641
f 1642 1631 1824
f 1640 1631 1642
f 2199 2152 1864
f 2199 1891 1517
f 2139 1625 1871
f 1551 1733 2193
f 1665 1675 2184
f 2193 1733 135
f 1480 2033 2069
f 1481 2034 2070
f 2070 2034 1754
f 2184 1864 1665
f 2137 176 174
f 1772 2048 2075
f 1664 1674 2183
f 1643 2166 1888
f 1644 2167 1889
f 2198 1624 1620
f 1830 1624 2198
f 2183 1865 1664
f 1913 1528 2182
f 2182 1528 1530
f 1489 2077 2197
f 2197 2077 1486
f 2033 1480 1477
f 147 146 2127
f 2034 1481 1478
f 230 228 2180
f 1836 1772 2020
f 2194 2104 1855
f 178 2104 2194
f 2195 2105 1856
f 238 2105 2195
f 1599 1593 2099
f 2099 1593 1794
f 2102 1444 1903
f 2103 1443 1902
f 2023 1597 1604
f 2054 1477 1480
f 2179 2027 228
f 2130 1442 1802
f 1802 1807 2130
f 2131 1441 1803
f 1803 1808 2131
f 2042 1768 2056
f 2056 1751 2042
f 2056 1432 1751
f 228 226 2179
f 2055 1750 2041
f 2055 1431 1750
f 207 205 2126
f 2012 1570 1575
f 1851 1575 1570
f 2125 234 232
f 167 165 2178
f 1588 1579 2106
f 1567 1569 2084
f 1755 1565 2084
f 1568 1570 2085
f 2044 1815 1761
f 1761 1815 1591
f 1756 1566 2085
f 1770 2040 2134
f 2040 1770 1814
f 1621 1780 2226
f 1862 2143 1656
f 2174 221 219
f 2173 161 160
f 2095 1914 1807
f 2143 1670 1656
f 2096 1915 1808
f 1656 1915 2096
f 2169 203 1943
f 205 203 2169
f 1503 1792 1888
f 2168 143 1942
f 2104 178 176
f 2104 1847 1855
f 2105 238 235
f 2105 1848 1856
f 146 143 2168
f 1447 1445 2109
f 2117 2044 1761
f 171 2043 2124
f 2124 174 171
f 2109 1449 1447
f 1448 1446 2110
f 1526 1532 2133
f 1934 1924 2133
f 2110 1450 1448
f 1505 1793 1889
f 155 154 1901
f 1781 1881 1501
f 1825 1602 2165
f 211 210 2111
f 152 149 2112
f 163 161 2113
f 2165 1602 1605
f 2161 1665 1658
f 2160 1664 1657
f 2089 1612 1869
f 1737 2006 196
f 2006 198 196
f 224 221 2114
f 2133 1532 1934
f 213 211 2115
f 1619 1626 1621
f 1796 1577 2230
f 2071 2009 2230
f 3296 5433 3336
f 5433 2783 3336
f 3295 5432 3337
f 5432 2784 3337
f 7710 3139 8018
f 7710 8018 2733
f 7709 3138 8017
f 7709 8017 2732
f 3330 2810 3292
f 2310 9284 2311
f 3330 2314 2830
f 3331 2811 3291
f 2296 9283 2295
f 3331 2292 2829
f 5204 8286 8495
f 3367 453 3296
f 453 3367 454
f 8286 5204 506
f 3366 442 3295
f 442 3366 441
f 3291 2828 2836
f 2836 2828 450
f 3292 2827 2835
f 2835 2827 445
f 3218 5204 8495
f 5203 8285 8494
f 8285 5203 390
f 3217 5203 8494
f 10094 8074 7879
f 5054 4441 8309
f 5255 7879 8074
f 8074 10094 5092
f 4912 10102 7415
f 10224 4912 7415
f 7415 10102 3961
f 4913 10103 7416
f 10225 4913 7416
f 7416 10103 3962
f 7703 5042 7697
f 9559 8914 3380
f 4955 8476 7420
f 8476 3049 7420
f 3049 8476 3969
f 8914 5468 3380
f 4956 8475 7419
f 8475 3050 7419
f 9558 8913 3379
f 3050 8475 3970
f 8081 9572 2985
f 3727 9572 8081
f 7869 5799 6382
f 5799 8215 6382
f 8080 9573 2980
f 3728 9573 8080
f 7868 5798 6383
f 5798 8216 6383
f 8913 5467 3379
f 7702 5041 7696
f 5329 3235 4442
f 4928 8474 5070
f 5329 5235 5236
f 4462 8474 4928
f 4442 5235 5329
f 5163 2671 5182
f 5163 5182 2486
f 4927 8473 5069
f 4461 8473 4927
f 8309 4441 8006
f 5162 2610 5181
f 5330 5237 2801
f 8309 8071 5054
f 5162 5181 2362
f 5429 5192 3320
f 5329 5236 2800
f 3365 5437 2799
f 5437 3365 5237
f 3320 5206 5429
f 3364 5436 2798
f 5436 3364 5236
f 3135 5192 5429
f 4459 7701 4781
f 7678 6990 6992
f 6990 2675 6992
f 4458 7700 4780
f 7677 6989 6991
f 6989 2614 6991
f 6150 9284 6398
f 3036 5235 8898
f 7701 8438 5141
f 5141 4781 7701
f 8269 5032 4942
f 5230 8269 4942
f 8438 7701 3068
f 8269 5230 3119
f 8268 5031 4941
f 7700 8437 5140
f 5229 8268 4941
f 8268 5229 3118
f 5140 4780 7700
f 8437 7700 3067
f 8936 6398 9284
f 5928 8926 4579
f 2287 8936 9284
f 5927 8925 4533
f 4772 5299 7102
f 5299 2317 7102
f 5072 2769 4771
f 4773 5300 7103
f 5300 2319 7103
f 5071 2768 4770
f 3115 5321 7676
f 2352 3346 490
f 490 3346 491
f 3349 2355 405
f 3349 405 404
f 3347 2353 490
f 3347 490 491
f 2354 3348 405
f 405 3348 404
f 4724 3115 7676
f 10097 8075 7880
f 5254 7880 8075
f 8075 10097 5091
f 5214 3327 2351
f 4477 8284 3140
f 10447 4900 5186
f 3250 7867 5292
f 7867 3250 5154
f 8058 3212 3250
f 11197 7328 7326
f 3251 7866 5293
f 7866 3251 5153
f 3093 8079 7900
f 8057 3213 3251
f 3213 5153 3251
f 7283 5186 4900
f 10447 5186 3353
f 7900 5308 3093
f 10446 4899 5185
f 5214 3356 3327
f 7282 5185 4899
f 3092 8078 7899
f 10446 5185 3352
f 3356 3200 3327
f 7899 5307 3092
f 6746 6035 6754
f 5053 4440 8308
f 5458 3180 5034
f 3180 5312 5034
f 5034 5312 2487
f 6745 6034 6753
f 8308 4440 8005
f 5325 2810 3176
f 5325 2784 3262
f 10500 10482 9550
f 10482 10500 4182
f 5324 2811 3175
f 5324 2783 3263
f 5457 3179 5033
f 5213 3325 2349
f 9550 3611 10500
f 2359 403 402
f 3179 5311 5033
f 5213 3355 3325
f 10499 10481 9551
f 403 2358 402
f 5033 5311 2361
f 10481 10499 4183
f 9551 3612 10499
f 2357 492 493
f 9557 7100 7888
f 3355 3199 3325
f 6149 9283 6397
f 492 2356 493
f 9556 7099 7887
f 2754 5424 8243
f 3332 5422 5085
f 3362 3332 5085
f 3362 2830 3332
f 5422 3332 2816
f 2314 446 447
f 2292 449 448
f 447 2292 448
f 448 2314 447
f 3333 5421 5084
f 8935 6397 9283
f 3361 3333 5084
f 2234 8935 9283
f 3361 2829 3333
f 6741 8930 2992
f 5421 3333 2817
f 2992 5350 6741
f 5376 3273 5152
f 5350 9538 6741
f 3174 5376 5152
f 6740 8929 2987
f 5376 3174 2816
f 2987 5349 6740
f 5377 3272 5151
f 5349 9537 6740
f 3173 5377 5151
f 5377 3173 2817
f 8219 5097 6359
f 5097 7552 6359
f 2838 2834 3311
f 2292 2838 3311
f 2837 2833 3312
f 2314 2837 3312
f 2817 3311 2834
f 2834 2825 2817
f 2816 3312 2833
f 2833 2824 2816
f 3277 8243 4903
f 5424 3101 8243
f 2755 5425 8244
f 7552 5097 3229
f 8308 8070 5053
f 3278 8244 4904
f 5425 3102 8244
f 7840 3031 3035
f 7839 3030 3034
f 8008 7410 4597
f 4954 5395 5230
f 5230 4942 4954
f 4940 5327 4743
f 5327 3280 4743
f 4939 5326 4742
f 5326 3279 4742
f 8008 3144 7410
f 7886 7410 3144
f 4953 5394 5229
f 5229 4941 4953
f 5428 5191 3319
f 3319 5205 5428
f 3134 5191 5428
f 2752 4999 7557
f 8007 7409 4596
f 7886 4779 3052
f 3052 7410 7886
f 8474 5352 5427
f 2324 5352 8474
f 8474 5316 2324
f 8473 5351 5426
f 2322 5351 8473
f 8473 5315 2322
f 8007 3143 7409
f 7885 4778 3051
f 3051 7409 7885
f 5369 5393 8227
f 5297 4984 8248
f 8276 4984 3147
f 5297 3147 4984
f 5296 4983 8247
f 8277 4983 3148
f 5296 3148 4983
f 5398 2771 8057
f 5409 4986 4960
f 4986 5319 4960
f 3251 5398 8057
f 5408 4985 4959
f 5040 8227 5393
f 4985 5318 4959
f 3062 8057 2771
f 5399 2772 8058
f 3250 5399 8058
f 5369 3290 5393
f 3063 8058 2772
f 5322 5462 7902
f 4904 7902 5462
f 5322 3215 5462
f 5462 3278 4904
f 5323 5461 7901
f 4903 7901 5461
f 5323 3214 5461
f 5461 3277 4903
f 5393 3257 5040
f 3210 5336 5212
f 5336 631 5212
f 3209 5335 5211
f 5335 264 5211
f 5443 3265 5212
f 3220 5212 3265
f 634 5443 5212
f 5442 3264 5211
f 3219 5211 3264
f 444 3376 445
f 262 5442 5211
f 5368 5392 8228
f 7557 2749 5180
f 451 3375 450
f 3078 3093 4907
f 3213 5180 5380
f 5380 5180 2749
f 5216 3236 3265
f 3093 8012 4907
f 5039 8228 5392
f 5215 3235 3264
f 5368 3289 5392
f 5392 3256 5039
f 8319 4413 4411
f 4413 2679 4411
f 6369 8432 6737
f 8318 4412 4410
f 6737 4479 6369
f 6368 8431 6736
f 4412 2618 4410
f 6736 4478 6368
f 8315 4400 4401
f 4400 2729 4401
f 8314 4354 4355
f 4354 2668 4355
f 8321 4411 4409
f 4411 2680 4409
f 8307 5135 3153
f 8307 5108 3255
f 3255 5135 8307
f 8306 5134 3152
f 8306 5107 3254
f 3254 5134 8306
f 3276 8423 5354
f 4439 4999 5058
f 8320 4410 4408
f 3275 8422 5353
f 5058 4999 2752
f 4410 2619 4408
f 2778 5364 2776
f 2776 5208 2778
f 8323 4409 4407
f 2777 5363 2775
f 2775 5207 2777
f 4409 2681 4407
f 8322 4408 4406
f 4408 2620 4406
f 3246 5190 3253
f 3253 5287 3246
f 3245 5189 3252
f 3252 5286 3245
f 8325 4407 4405
f 4407 2682 4405
f 8324 4406 4404
f 4406 2621 4404
f 8327 4405 4403
f 4405 2683 4403
f 8326 4404 4402
f 4404 2622 4402
f 8373 4403 4356
f 5404 8072 5337
f 5404 5337 2754
f 8072 2331 5337
f 4403 2684 4356
f 8328 4402 4310
f 4402 2623 4310
f 5405 8073 5338
f 5405 5338 2755
f 10516 8486 9700
f 11200 7324 11197
f 8073 2332 5338
f 8416 4398 4399
f 4398 2727 4399
f 8414 4396 4397
f 4396 2725 4397
f 8412 4394 4395
f 3273 2792 5152
f 2792 3273 3297
f 4394 2723 4395
f 3272 2791 5151
f 8410 4392 4393
f 3351 2823 3300
f 452 3351 3300
f 2791 3272 3298
f 3350 2822 3299
f 443 3350 3299
f 4392 2721 4393
f 8408 4390 4391
f 10665 8499 8486
f 4390 2719 4391
f 7995 6330 6331
f 3077 3092 4906
f 3092 8011 4906
f 5589 4948 5190
f 8406 4388 4389
f 4388 2717 4389
f 8404 4386 4387
f 4386 2715 4387
f 8402 4384 4385
f 4384 2713 4385
f 8400 4382 4383
f 3218 5589 5190
f 4382 2711 4383
f 8398 4380 4381
f 4380 2709 4381
f 8396 4378 4379
f 4378 2707 4379
f 4604 5391 4180
f 5391 3046 4180
f 4605 5390 4181
f 5390 3045 4181
f 8394 4376 4377
f 7884 3033 4464
f 4376 2705 4377
f 7883 3032 4463
f 2737 5322 7902
f 2736 5323 7901
f 5588 4947 5189
f 5352 4994 4996
f 3217 5588 5189
f 5351 4993 4995
f 7885 7409 3143
f 4483 3039 5112
f 8392 4374 4375
f 4374 2703 4375
f 8390 4372 4373
f 4372 2701 4373
f 8220 5096 6358
f 8388 4370 4371
f 4370 2699 4371
f 8386 4368 4369
f 4368 2697 4369
f 8384 4366 4367
f 4366 2695 4367
f 2828 451 450
f 5096 7551 6358
f 2827 444 445
f 8382 4364 4365
f 4364 2693 4365
f 3272 5377 3314
f 5373 3272 3314
f 3314 5377 2825
f 3273 5376 3313
f 5372 3273 3313
f 3313 5376 2824
f 8380 4362 4363
f 4362 2691 4363
f 8378 4360 4361
f 2316 5285 3276
f 4360 2689 4361
f 8376 4358 4359
f 4358 2687 4359
f 2315 5284 3275
f 8374 4356 4357
f 4356 2685 4357
f 8371 4352 4353
f 4352 2666 4353
f 8369 4350 4351
f 5431 2819 5011
f 2819 5285 5011
f 5430 2818 5010
f 2818 5284 5010
f 3125 8242 7855
f 8242 3113 7855
f 3124 8241 7854
f 8241 3112 7854
f 4350 2664 4351
f 7551 5096 3230
f 8367 4348 4349
f 5023 4480 8072
f 4348 2662 4349
f 8365 4346 4347
f 4346 2660 4347
f 8363 4344 4345
f 4344 2658 4345
f 8361 4342 4343
f 4342 2656 4343
f 8359 4340 4341
f 4340 2654 4341
f 9700 8486 8499
f 8357 4338 4339
f 4338 2652 4339
f 8355 4336 4337
f 4336 2650 4337
f 8353 4334 4335
f 4334 2648 4335
f 8351 4332 4333
f 4332 2646 4333
f 8349 4330 4331
f 4330 2644 4331
f 8347 4328 4329
f 4328 2642 4329
f 8345 4326 4327
f 4326 2640 4327
f 8343 4324 4325
f 4324 2638 4325
f 8341 4322 4323
f 4322 2636 4323
f 10517 8487 9699
f 3376 2825 445
f 2834 445 2825
f 3375 2824 450
f 2833 450 2824
f 8339 4320 4321
f 4320 2634 4321
f 8337 4318 4319
f 3868 11200 11197
f 4318 2632 4319
f 3235 5215 5014
f 8335 4316 4317
f 4316 2630 4317
f 8333 4314 4315
f 5087 2806 3163
f 4314 2628 4315
f 5086 2805 3162
f 10664 8498 8487
f 8331 4312 4313
f 4312 2626 4313
f 9699 8487 8498
f 8329 4310 4311
f 4310 2624 4311
f 4962 9945 8486
f 5044 3155 3225
f 8960 4962 8486
f 4961 9946 8487
f 5043 3154 3224
f 8959 4961 8487
f 6239 9542 5926
f 9542 6239 7693
f 5186 5022 4609
f 3271 6979 4439
f 5022 5407 4609
f 5058 3271 4439
f 2603 9542 7693
f 6238 9541 5925
f 9541 6238 7692
f 3114 5328 7681
f 5185 5021 4608
f 5021 5406 4608
f 5448 4476 5259
f 3115 5259 4476
f 5450 3115 4476
f 3353 5138 6870
f 4725 3114 7681
f 3352 5137 6869
f 2478 9541 7692
f 4719 3169 5156
f 4718 3168 5155
f 5177 3341 3200
f 9713 8505 9740
f 9713 9740 2494
f 3341 5177 409
f 5177 410 409
f 9712 8504 9739
f 9712 9739 2369
f 5177 3317 410
f 5803 9575 8735
f 5176 3339 3199
f 5802 9574 8734
f 3339 5176 486
f 5176 485 486
f 2355 406 405
f 5176 3315 485
f 7711 5112 3039
f 406 2354 405
f 5112 7436 4483
f 6331 7996 7995
f 2353 489 490
f 7950 6286 6287
f 6287 7951 7950
f 489 2352 490
f 2677 7664 7662
f 414 5060 413
f 8914 2975 8883
f 6599 9294 8910
f 8910 5924 6599
f 9294 2492 8910
f 6598 9293 8909
f 8909 5923 6598
f 9293 2366 8909
f 7283 5022 5186
f 7282 5021 5185
f 10101 2975 8914
f 2677 7662 2678
f 3153 5195 3157
f 7870 2743 7853
f 3157 5036 3153
f 5267 7853 2743
f 7870 7853 2325
f 6042 7699 10513
f 8913 2916 8882
f 10513 6044 6042
f 10100 2916 8913
f 3152 5194 3156
f 3156 5035 3152
f 4715 6042 6044
f 6041 7698 10512
f 5018 3142 3135
f 10512 6043 6041
f 4714 6041 6043
f 5017 3141 3134
f 8908 6035 6746
f 6035 3980 3982
f 8908 5653 6035
f 3110 8040 4935
f 3980 6035 5653
f 6034 3979 3981
f 8907 6034 6745
f 3263 2823 5324
f 2823 2811 5324
f 3262 2822 5325
f 3111 8041 4936
f 5063 8452 5113
f 3181 8452 5063
f 5343 3181 5063
f 2822 2810 5325
f 4464 7898 6864
f 5364 3153 5135
f 5072 8472 8104
f 8472 2806 8104
f 2616 7663 7661
f 5363 3152 5134
f 2616 7661 2617
f 8104 2806 3070
f 5071 8471 8103
f 8471 2805 8103
f 6972 5601 5790
f 5601 3726 5790
f 4994 5420 4996
f 4993 5419 4995
f 8103 2805 3069
f 7273 4765 4935
f 4765 8298 3126
f 5441 3294 5304
f 2813 5441 5304
f 2813 5304 3267
f 442 5304 3294
f 5440 3293 5303
f 2812 5440 5303
f 2812 5303 3266
f 453 5303 3293
f 3126 4935 4765
f 7274 4766 4936
f 4766 8299 3127
f 3127 4936 4766
f 6161 9404 6985
f 6864 7680 4464
f 6160 9403 6984
f 4463 7897 6863
f 5064 8455 5118
f 3182 8455 5064
f 5344 3182 5064
f 7888 8429 8238
f 6863 7679 4463
f 8238 8429 5239
f 7890 3119 3240
f 7887 8428 8237
f 9748 8501 8215
f 8237 8428 5238
f 10647 7214 8501
f 7889 3118 3239
f 7214 8215 8501
f 9408 5769 9292
f 10665 9292 5769
f 7681 8421 6717
f 5287 503 5204
f 3246 5287 5204
f 506 5204 503
f 5286 391 5203
f 3245 5286 5203
f 390 5203 391
f 8264 7681 6717
f 2313 5108 5094
f 7681 8264 4725
f 2293 5107 5093
f 8421 7681 3043
f 2794 5190 4948
f 3255 5108 5168
f 2793 5189 4947
f 5108 2291 5168
f 3254 5107 5167
f 5107 2233 5167
f 10492 6585 6589
f 4932 5308 8083
f 9407 5768 9291
f 10664 9291 5768
f 4931 5307 8082
f 10227 6585 10492
f 2497 10227 10492
f 10491 6584 6588
f 10226 6584 10491
f 2373 10226 10491
f 9747 8500 8216
f 3085 7713 5366
f 7676 8418 6718
f 8265 7676 6718
f 7676 8265 4724
f 8418 7676 3044
f 5366 2320 3085
f 10648 7215 8500
f 3084 7712 5365
f 5365 2318 3084
f 7215 8216 8500
f 10490 8012 5308
f 8012 3093 5308
f 10489 8011 5307
f 8011 3092 5307
f 2825 3376 3314
f 3376 444 3314
f 2824 3375 3313
f 3375 451 3313
f 2359 3349 403
f 3349 404 403
f 6971 5600 5789
f 8958 6720 9544
f 3348 2358 403
f 404 3348 403
f 8916 9544 6720
f 5600 3725 5789
f 2357 3347 492
f 3347 491 492
f 8957 6719 9543
f 8915 9543 6719
f 3346 2356 492
f 491 3346 492
f 5110 8287 4914
f 8287 4456 4914
f 9529 10521 10776
f 10776 10521 384
f 7840 7898 3031
f 7898 4464 3031
f 4933 7878 6734
f 7878 4604 6734
f 4934 7877 6735
f 7877 4605 6735
f 2842 8085 5218
f 10096 7882 5771
f 10474 7882 6866
f 2841 8084 5217
f 7882 10096 6866
f 10095 7881 5770
f 8423 3276 5285
f 2819 8423 5285
f 10473 7881 6865
f 3109 8423 2819
f 7881 10095 6865
f 3029 7898 7840
f 8422 3275 5284
f 7839 7897 3030
f 7897 4463 3030
f 2818 8422 5284
f 3028 7897 7839
f 3108 8422 2818
f 4984 8276 3202
f 8276 3129 3202
f 8276 5219 3129
f 4983 8277 3201
f 8277 3128 3201
f 8277 5220 3128
f 4469 8252 8032
f 8252 3013 8032
f 4468 8251 8031
f 8251 3012 8031
f 10636 9561 9681
f 5807 7894 6152
f 8062 5807 6152
f 9681 3388 3378
f 5028 7863 3133
f 3133 7863 10667
f 9981 8615 8617
f 7863 4757 10667
f 5806 7893 6151
f 8061 5806 6151
f 3378 10636 9681
f 5027 7862 3132
f 3114 5267 5139
f 5449 3114 5139
f 8617 5470 9981
f 3132 7862 10666
f 7862 4756 10666
f 9557 8916 9758
f 2311 9557 9758
f 9556 8915 9757
f 3338 5448 5259
f 2295 9556 9757
f 8735 10335 5803
f 3048 8102 8232
f 3171 5342 5281
f 5342 2790 5281
f 3172 5341 5280
f 5341 2789 5280
f 10335 2604 5803
f 8232 3321 3048
f 3321 8232 2756
f 3047 8101 8233
f 8734 10334 5802
f 7668 5804 3971
f 3971 5804 6350
f 4725 7853 5267
f 10334 2479 5802
f 5267 3114 4725
f 3971 3951 7668
f 2820 3281 3290
f 3281 2814 3290
f 7669 5805 3972
f 5460 2840 2323
f 5459 2839 2321
f 2821 3282 3289
f 3282 2815 3289
f 5431 5011 3202
f 3172 5431 3202
f 5430 5010 3201
f 3171 5430 3201
f 6351 9544 5302
f 4735 5302 9544
f 10089 9681 9561
f 6350 9543 5301
f 4734 5301 9543
f 10635 9560 9680
f 4039 9279 8943
f 8907 5652 6034
f 2920 9981 5470
f 4086 9280 8944
f 3979 6034 5652
f 3291 2836 3331
f 9980 8614 8616
f 3292 2835 3330
f 5302 4735 4909
f 5008 5385 3179
f 5385 3098 3179
f 5009 5386 3180
f 5386 3099 3180
f 5097 8219 5174
f 4909 7884 5302
f 8219 3043 5174
f 3043 8219 3963
f 9680 3387 3377
f 4759 7675 3323
f 8616 5469 9980
f 3377 10635 9680
f 4758 7674 3322
f 2861 9980 5469
f 5096 8220 5173
f 3972 5805 6351
f 8220 3044 5173
f 3044 8220 3964
f 5379 3359 5299
f 3183 5379 5299
f 5378 3360 5300
f 3184 5378 5300
f 2289 4909 4735
f 5301 4734 4908
f 4908 7883 5301
f 5156 3169 2788
f 8233 8101 5142
f 2232 4908 4734
f 3596 9934 9932
f 5155 3168 2787
f 6373 7872 5210
f 7872 3008 5210
f 6372 7871 5209
f 7871 3007 5209
f 10475 8041 4444
f 10475 7274 8041
f 4936 8041 7274
f 10476 8040 4443
f 8074 5092 7852
f 3015 8074 7852
f 3015 7852 4724
f 2327 7852 5092
f 10476 7273 8040
f 8079 5081 4946
f 4935 8040 7273
f 10088 9680 9560
f 8078 5080 4945
f 8101 3183 5142
f 2508 9188 9194
f 6140 9194 9188
f 8916 9557 7888
f 5179 2751 3223
f 5795 8313 4593
f 6603 5795 4593
f 5794 8312 4592
f 6602 5794 4592
f 2830 3362 3284
f 5271 3358 5165
f 3362 2290 3284
f 3146 5271 5165
f 2829 3361 3283
f 5270 3357 5164
f 3361 2231 3283
f 3145 5270 5164
f 5377 2817 2825
f 3360 2820 3290
f 5376 2816 2824
f 3358 5281 2790
f 3357 5280 2789
f 3359 2821 3289
f 9544 8916 4735
f 7857 2986 8098
f 443 5373 3314
f 452 5372 3313
f 9725 8098 2986
f 7888 4735 8916
f 7856 2979 8097
f 9724 8097 2979
f 7717 7278 6157
f 4898 7717 6363
f 8214 4902 5059
f 3270 5059 4902
f 2751 8214 5059
f 8213 4901 5058
f 3271 5058 4901
f 2752 8213 5058
f 6363 7717 6157
f 7716 7277 6156
f 5402 4976 3083
f 3104 5402 3083
f 4897 7716 6362
f 6362 7716 6156
f 8915 9556 7887
f 9543 8915 4734
f 7887 4734 8915
f 8948 6567 6565
f 6567 6345 6565
f 8947 6566 6564
f 6566 6344 6564
f 2382 9187 9193
f 8436 8258 7211
f 6726 8258 8436
f 5403 4975 3082
f 3103 5403 3082
f 8436 3186 6726
f 5282 3098 3285
f 9932 3595 3596
f 5283 3099 3286
f 8435 8257 7210
f 6725 8257 8435
f 3353 5186 7428
f 2328 3353 7428
f 3352 5185 7427
f 5342 3128 5068
f 2790 5342 5068
f 5341 3129 5067
f 2789 5341 5067
f 2326 3352 7427
f 3972 3952 7669
f 5918 8944 4088
f 3550 9933 9931
f 3157 5447 5325
f 5447 2784 5325
f 5917 8943 4087
f 3156 5446 5324
f 5446 2783 5324
f 3140 8284 3076
f 9931 3549 3550
f 8435 3185 6725
f 6139 9193 9187
f 9690 10447 6870
f 5401 3257 3337
f 3284 5199 3330
f 2784 5401 3337
f 5400 3256 3336
f 5199 2810 3330
f 2783 5400 3336
f 7687 2674 2673
f 9690 6377 10447
f 3137 5409 2735
f 4900 10447 6377
f 3136 5408 2734
f 9689 10446 6869
f 2735 5420 3137
f 7686 2613 2612
f 2734 5419 3136
f 9689 6376 10446
f 4899 10446 6376
f 9400 3724 3722
f 5106 8024 5340
f 8024 3068 5340
f 5105 8023 5339
f 8023 3067 5339
f 5382 8263 8066
f 5382 8066 5087
f 2828 3351 451
f 3351 2828 2823
f 3351 452 451
f 2827 3350 444
f 3350 2827 2822
f 3350 443 444
f 5382 2320 5025
f 8263 5382 5025
f 5381 8262 8065
f 5381 8065 5086
f 5381 2318 5024
f 8262 5381 5024
f 2810 5199 3176
f 3283 5198 3331
f 5198 2811 3331
f 2811 5198 3175
f 8053 4894 7886
f 8030 4894 7689
f 8030 4779 4894
f 7886 4894 4779
f 8052 4893 7885
f 8029 4893 7688
f 8029 4778 4893
f 7885 4893 4778
f 3388 9559 8222
f 9399 3723 3721
f 3378 3388 8222
f 8210 9068 8218
f 9176 8218 9068
f 9068 3980 9176
f 8209 9067 8217
f 9175 8217 9067
f 9067 3979 9175
f 4434 6870 5138
f 3265 3236 3220
f 3236 2801 3220
f 3264 3235 3219
f 3235 2800 3219
f 8106 9279 8196
f 4433 6869 5137
f 8965 8196 9279
f 9279 4038 8965
f 8105 9280 8107
f 5222 3240 2330
f 8966 8107 9280
f 9280 4085 8966
f 8263 7406 5391
f 5221 3239 2329
f 3041 8263 5391
f 8262 7405 5390
f 3040 8262 5390
f 2831 3344 2333
f 8507 10530 10445
f 5418 6741 9538
f 2832 3345 2334
f 2334 5228 2832
f 2996 5418 9538
f 5417 6740 9537
f 3387 9558 8221
f 2995 5417 9537
f 3377 3387 8221
f 5926 4721 6239
f 8429 7888 7100
f 5925 4720 6238
f 5773 9530 5661
f 3343 2812 3171
f 5773 9410 9530
f 8428 7887 7099
f 6707 10325 6706
f 3342 2813 3172
f 2729 7559 2730
f 4745 6599 5924
f 2287 10530 2288
f 3341 409 408
f 409 3340 408
f 3339 486 487
f 5772 9529 5660
f 5772 9409 9529
f 4577 6707 6706
f 7554 2730 7559
f 9406 4479 7440
f 4744 6598 5923
f 2605 9406 7440
f 9405 4478 7439
f 2480 9405 7439
f 8304 3160 9946
f 4961 8304 9946
f 3731 9946 3160
f 8305 3161 9945
f 4962 8305 9945
f 5317 5063 4731
f 5113 4731 5063
f 3732 9945 3161
f 6662 10324 6661
f 4531 6662 6661
f 6568 8067 5387
f 8067 639 5387
f 5311 2360 2361
f 10115 8033 7719
f 10530 2287 10445
f 7096 10785 2675
f 5312 2485 2487
f 6992 10785 2674
f 10785 6992 2675
f 10198 10423 10197
f 7442 5375 9172
f 7095 10784 2614
f 7441 5374 9171
f 10198 10424 10423
f 6991 10784 2613
f 10784 6991 2614
f 3602 7872 6373
f 10424 3706 10423
f 6373 4305 3602
f 7874 5046 2486
f 5118 4760 5064
f 4918 5321 5450
f 5321 3115 5450
f 5150 8463 7673
f 7673 5018 5150
f 2672 7874 2486
f 5149 8462 7672
f 7672 5017 5149
f 7873 5045 2362
f 2611 7873 2362
f 3206 4928 2607
f 4928 3206 4462
f 3205 4927 2483
f 4927 3205 4461
f 2814 3337 3257
f 3601 7871 6372
f 6372 4304 3601
f 5348 5106 8018
f 2815 3336 3256
f 5106 2733 8018
f 5347 5105 8017
f 5105 2732 8017
f 4926 3274 7706
f 3023 10779 4777
f 4777 3374 3023
f 4749 8454 4430
f 8454 4749 5452
f 3280 8454 5452
f 4748 8453 4429
f 8453 4748 5451
f 3279 8453 5451
f 2325 5317 7870
f 6563 8004 6565
f 6343 6563 6565
f 3022 10778 4776
f 4776 3373 3022
f 6379 9288 8044
f 3380 9288 6379
f 9288 3004 8044
f 2668 7558 2669
f 6378 9287 8043
f 3379 9287 6378
f 10157 10381 10156
f 9287 3003 8043
f 4609 7428 5186
f 7553 2669 7558
f 4608 7427 5185
f 4724 7852 5259
f 9546 8501 9748
f 2838 446 2834
f 2838 2292 447
f 5259 7852 3338
f 5259 3115 4724
f 446 2838 447
f 2837 449 2833
f 2837 2314 448
f 5173 4918 5112
f 449 2837 448
f 11197 3866 3868
f 2852 9546 9748
f 9545 8500 9747
f 3267 5304 4728
f 2845 9545 9747
f 9170 9679 9174
f 3266 5303 4727
f 7546 9170 9174
f 10157 10382 10381
f 9169 9678 9173
f 7545 9169 9173
f 10382 3659 10381
f 9168 9677 9170
f 7544 9168 9170
f 10196 10421 10195
f 9167 9676 9169
f 7543 9167 9169
f 10196 10422 10421
f 9166 9675 9168
f 7542 9166 9168
f 10422 3704 10421
f 2836 450 449
f 9165 9674 9167
f 10194 10419 10193
f 7541 9165 9167
f 10194 10420 10419
f 2835 445 446
f 10420 3702 10419
f 9074 9582 9076
f 10192 10417 10191
f 7450 9074 9076
f 2817 3333 3311
f 10192 10418 10417
f 3333 2829 3311
f 5192 2485 3320
f 2816 3332 3312
f 9073 9583 9075
f 3332 2830 3312
f 7449 9073 9075
f 5220 8277 7550
f 3035 5220 7550
f 5447 3157 5195
f 2782 5447 5195
f 10418 3700 10417
f 5446 3156 5194
f 2781 5446 5194
f 10190 10415 10189
f 3257 5401 3269
f 10190 10416 10415
f 10416 3698 10415
f 3256 5400 3268
f 3331 2829 3283
f 5219 8276 7549
f 3330 2830 3284
f 10188 10413 10187
f 3034 5219 7549
f 9164 9673 9166
f 4911 8036 3123
f 8036 3111 3123
f 4910 8035 3122
f 8035 3110 3122
f 5174 4923 5127
f 2766 5174 5127
f 5182 2671 5289
f 7540 9164 9166
f 3131 5182 5289
f 5181 2610 5288
f 10188 10414 10413
f 3130 5181 5288
f 9163 9672 9165
f 7539 9163 9165
f 10414 3696 10413
f 9076 9584 9078
f 7452 9076 9078
f 10186 10411 10185
f 9075 9585 9077
f 3344 2831 5385
f 7451 9075 9077
f 3345 2832 5386
f 10186 10412 10411
f 9162 9671 9164
f 7538 9162 9164
f 10412 3694 10411
f 9161 9670 9163
f 7537 9161 9163
f 10184 10409 10183
f 9078 9586 9080
f 7454 9078 9080
f 10184 10410 10409
f 9077 9587 9079
f 7453 9077 9079
f 10410 3692 10409
f 9080 9626 9158
f 7534 9080 9158
f 2776 5364 5135
f 2775 5363 5134
f 2778 5208 5360
f 5208 3165 5360
f 2777 5207 5359
f 5207 3164 5359
f 10182 10407 10181
f 9079 9665 9081
f 7869 4183 2918
f 7455 9079 9081
f 7868 4182 2859
f 8311 5075 7675
f 3288 8311 7675
f 10182 10408 10407
f 9160 9669 9162
f 7536 9160 9162
f 10408 3690 10407
f 3288 7675 4482
f 2316 7675 5075
f 9159 9668 9161
f 7535 9159 9161
f 10180 10405 10179
f 9157 9667 9160
f 7531 9157 9160
f 10180 10406 10405
f 8310 5076 7674
f 3287 8310 7674
f 3287 7674 4481
f 2315 7674 5076
f 9155 9627 9157
f 7533 9155 9157
f 7440 4479 8008
f 10406 3688 10405
f 9158 9625 9156
f 3323 2316 3276
f 6562 8003 6564
f 7439 4478 8007
f 7530 9158 9156
f 3322 2315 3275
f 6342 6562 6564
f 2683 7652 2684
f 2486 5411 5163
f 10178 10403 10177
f 5411 3121 5163
f 2362 5410 5162
f 9153 9628 9155
f 5410 3120 5162
f 4606 7864 3282
f 7529 9153 9155
f 10178 10404 10403
f 4607 7865 3281
f 5246 5126 3365
f 5246 5038 5126
f 2799 5246 3365
f 5245 5125 3364
f 5245 5037 5125
f 2798 5245 3364
f 10404 3686 10403
f 10176 10401 10175
f 11116 7101 7844
f 9156 9624 9154
f 7532 9156 9154
f 10176 10402 10401
f 484 3318 485
f 9151 9629 9153
f 3317 411 410
f 3316 2826 410
f 411 3316 410
f 7527 9151 9153
f 3315 484 485
f 5089 8279 4974
f 8279 5089 5150
f 3107 8279 5150
f 5088 8278 4973
f 445 2834 446
f 8278 5088 5149
f 3106 8278 5149
f 450 2833 449
f 3365 5126 2801
f 5126 3220 2801
f 3364 5125 2800
f 5125 3219 2800
f 10402 3684 10401
f 9154 9623 9152
f 7528 9154 9152
f 10174 10399 10173
f 9149 9630 9151
f 7525 9149 9151
f 10174 10400 10399
f 9152 9622 9150
f 7526 9152 9150
f 10400 3682 10399
f 443 3314 444
f 5378 3211 3086
f 2820 5378 3086
f 452 3313 451
f 3105 5228 5252
f 2821 5379 3087
f 9147 9631 9149
f 7521 9147 9149
f 2790 5165 3358
f 2789 5164 3357
f 10172 10397 10171
f 9150 9621 9148
f 7524 9150 9148
f 10172 10398 10397
f 2314 3312 2830
f 9145 9632 9147
f 7650 2684 7652
f 2292 3311 2829
f 7523 9145 9147
f 10398 3680 10397
f 10170 10395 10169
f 2819 5431 3267
f 5431 2813 3267
f 2818 5430 3266
f 5430 2812 3266
f 9148 9620 9146
f 7520 9148 9146
f 10170 10396 10395
f 9143 9633 9145
f 7517 9143 9145
f 10396 3678 10395
f 9146 9619 9144
f 7522 9146 9144
f 10168 10393 10167
f 9141 9634 9143
f 7519 9141 9143
f 10168 10394 10393
f 3225 3155 3169
f 3155 2788 3169
f 3224 3154 3168
f 3154 2787 3168
f 9144 9618 9142
f 7516 9144 9142
f 10394 3676 10393
f 3374 3163 5013
f 9139 9635 9141
f 7515 9139 9141
f 10155 10379 10154
f 9142 9617 9140
f 3373 3162 5012
f 7518 9142 9140
f 10155 10380 10379
f 3264 5442 5215
f 5442 260 5215
f 260 5442 262
f 9137 9636 9139
f 7511 9137 9139
f 10380 3657 10379
f 9140 9616 9138
f 7514 9140 9138
f 10153 10377 10152
f 3265 5443 5216
f 5443 636 5216
f 636 5443 634
f 5266 2347 2339
f 2344 5266 2339
f 5265 2346 2338
f 2343 5265 2338
f 2345 5264 2337
f 3178 5336 3210
f 5336 3178 5234
f 629 5336 5234
f 3177 5335 3209
f 5335 3177 5233
f 265 5335 5233
f 5246 3161 5038
f 3178 5038 3161
f 5264 2342 2337
f 5245 3160 5037
f 3177 5037 3160
f 9135 9637 9137
f 7513 9135 9137
f 10153 10378 10377
f 9138 9615 9136
f 7510 9138 9136
f 10378 3655 10377
f 9133 9638 9135
f 7509 9133 9135
f 10151 10375 10150
f 9136 9614 9134
f 7512 9136 9134
f 10151 10376 10375
f 9131 9639 9133
f 7507 9131 9133
f 10376 3653 10375
f 9134 9613 9132
f 7508 9134 9132
f 3300 2823 3263
f 3300 453 452
f 10149 10373 10148
f 3299 2822 3262
f 3299 442 443
f 9129 9640 9131
f 7505 9129 9131
f 10149 10374 10373
f 10374 3651 10373
f 9132 9612 9130
f 7506 9132 9130
f 10147 10371 10146
f 9127 9641 9129
f 7501 9127 9129
f 10147 10372 10371
f 9130 9611 9128
f 7504 9130 9128
f 10372 3649 10371
f 9125 9642 9127
f 7503 9125 9127
f 10145 10369 10144
f 9128 9610 9126
f 7500 9128 9126
f 10145 10370 10369
f 9123 9643 9125
f 7499 9123 9125
f 10370 3647 10369
f 9126 9609 9124
f 7502 9126 9124
f 8046 6385 6360
f 6385 8015 6360
f 8045 6386 6361
f 6386 8016 6361
f 10143 10367 10142
f 9121 9644 9123
f 7497 9121 9123
f 10143 10368 10367
f 9124 9608 9122
f 7498 9124 9122
f 10368 3645 10367
f 9119 9645 9121
f 7495 9119 9121
f 10141 10365 10140
f 9122 9607 9120
f 7496 9122 9120
f 10141 10366 10365
f 9117 9646 9119
f 7491 9117 9119
f 10366 3643 10365
f 9120 9606 9118
f 7494 9120 9118
f 10139 10363 10138
f 9115 9647 9117
f 7493 9115 9117
f 10139 10364 10363
f 9118 9605 9116
f 7490 9118 9116
f 10364 3641 10363
f 9113 9648 9115
f 7489 9113 9115
f 10137 10361 10136
f 9116 9604 9114
f 7492 9116 9114
f 10137 10362 10361
f 9111 9649 9113
f 7485 9111 9113
f 2844 7894 3616
f 10362 3639 10361
f 2843 7893 3615
f 9114 9603 9112
f 7488 9114 9112
f 10135 10359 10134
f 9109 9650 9111
f 7487 9109 9111
f 10135 10360 10359
f 9112 9602 9110
f 7484 9112 9110
f 10360 3637 10359
f 9107 9651 9109
f 8042 3338 2327
f 4717 6573 6042
f 7483 9107 9109
f 10133 10357 10132
f 9110 9601 9108
f 4716 6572 6041
f 7486 9110 9108
f 10133 10358 10357
f 9105 9652 9107
f 5011 8248 4984
f 4984 3202 5011
f 7479 9105 9107
f 5010 8247 4983
f 4983 3201 5010
f 10358 3635 10357
f 9108 9600 9106
f 10131 10355 10130
f 5212 3222 3210
f 5211 3221 3209
f 3222 5126 5038
f 10131 10356 10355
f 2822 3292 2810
f 3292 2822 2827
f 2823 3291 2811
f 3291 2823 2828
f 3221 5125 5037
f 7482 9108 9106
f 10356 3633 10355
f 10129 10353 10128
f 7101 11116 4923
f 10129 10354 10353
f 5449 7101 4923
f 9103 9653 9105
f 5785 6149 3737
f 7481 9103 9105
f 5785 8884 6149
f 10354 3631 10353
f 9106 9599 9104
f 7478 9106 9104
f 10472 5920 4436
f 10127 10351 10126
f 8424 7267 5920
f 9101 9654 9103
f 4179 8424 5920
f 7477 9101 9103
f 5920 10472 4179
f 10471 5919 4435
f 8425 7266 5919
f 10127 10352 10351
f 9104 9598 9102
f 4178 8425 5919
f 5919 10471 4178
f 7480 9104 9102
f 10352 3629 10351
f 9099 9655 9101
f 7475 9099 9101
f 10166 10391 10165
f 9102 9597 9100
f 5601 8904 6589
f 6589 3724 5601
f 7476 9102 9100
f 5600 8903 6588
f 6588 3723 5600
f 5783 6149 8884
f 10166 10392 10391
f 3319 5282 5459
f 5459 2321 3319
f 9702 6154 5074
f 9097 9656 9099
f 9702 5074 3091
f 4922 5074 6154
f 9701 6153 5073
f 7473 9097 9099
f 9701 5073 3090
f 4921 5073 6153
f 7556 4485 7428
f 10392 3674 10391
f 2328 7428 4485
f 7555 4484 7427
f 2326 7427 4484
f 9100 9596 9098
f 7474 9100 9098
f 5429 3107 5018
f 3107 5150 5018
f 3135 5429 5018
f 4438 6392 4944
f 5428 3106 5017
f 3106 5149 5017
f 3134 5428 5017
f 4944 3372 4438
f 5289 2671 5188
f 10125 10349 10124
f 5288 2610 5187
f 9095 9657 9097
f 4437 6391 4943
f 4943 3371 4437
f 7471 9095 9097
f 6730 5918 6396
f 10125 10350 10349
f 4088 6396 5918
f 9098 9595 9096
f 7472 9098 9096
f 6729 5917 6395
f 10350 3627 10349
f 9093 9658 9095
f 4087 6395 5917
f 7467 9093 9095
f 10164 10389 10163
f 10164 10390 10389
f 8074 3015 5255
f 9096 9594 9094
f 7470 9096 9094
f 10390 3672 10389
f 9091 9659 9093
f 7469 9091 9093
f 10123 10347 10122
f 9094 9593 9092
f 7466 9094 9092
f 10123 10348 10347
f 9089 9660 9091
f 7463 9089 9091
f 10348 3625 10347
f 9092 9592 9090
f 4966 8069 4730
f 4730 8069 7435
f 8069 2328 7435
f 7468 9092 9090
f 10162 10387 10161
f 9087 9661 9089
f 2622 7651 2623
f 7465 9087 9089
f 5786 6150 3738
f 10162 10388 10387
f 5786 8885 6150
f 9090 9591 9088
f 7462 9090 9088
f 4965 8068 4729
f 10388 3670 10387
f 4729 8068 7434
f 8068 2326 7434
f 9085 9662 9087
f 7459 9085 9087
f 10121 10345 10120
f 9088 9590 9086
f 7464 9088 9086
f 10121 10346 10345
f 9083 9663 9085
f 7461 9083 9085
f 10346 3623 10345
f 9086 9589 9084
f 7458 9086 9084
f 10213 10437 10215
f 5359 3268 5400
f 2781 5359 5400
f 5360 3269 5401
f 9081 9664 9083
f 2782 5360 5401
f 7457 9081 9083
f 10213 10435 10437
f 9084 9588 9082
f 7460 9084 9082
f 10435 3716 10437
f 9082 9666 9159
f 7456 9082 9159
f 10212 10436 10214
f 10212 10434 10436
f 10434 3715 10436
f 10207 10433 10209
f 10207 10431 10433
f 10431 3712 10433
f 10206 10432 10208
f 9072 9580 9074
f 7448 9072 9074
f 10206 10430 10432
f 9071 9581 9073
f 7447 9071 9073
f 10430 3711 10432
f 9174 9683 9180
f 7548 9174 9180
f 10160 10385 10159
f 9173 9682 9179
f 7547 9173 9179
f 10160 10386 10385
f 6592 8031 5209
f 8031 3012 5209
f 6593 8032 5210
f 8032 3013 5210
f 7649 2623 7651
f 8934 6400 8936
f 6163 8936 6400
f 9530 10522 10777
f 10777 10522 512
f 6162 8935 6399
f 6709 8090 6970
f 6970 8090 4896
f 8090 3008 4896
f 6708 8089 6969
f 6969 8089 4895
f 8089 3007 4895
f 10339 3710 3709
f 3710 9296 3709
f 10338 3663 3662
f 3663 9295 3662
f 9172 9576 9070
f 7444 9172 9070
f 10386 3668 10385
f 9171 9577 9069
f 7443 9171 9069
f 10119 10343 10118
f 9070 9578 9072
f 7446 9070 9072
f 10119 10344 10343
f 9069 9579 9071
f 7445 9069 9071
f 10344 3621 10343
f 5252 5228 10505
f 2975 5472 2974
f 3105 5252 5109
f 2916 5471 2915
f 8440 9746 10501
f 3604 8440 10501
f 10203 10429 10205
f 8439 9745 10502
f 10203 10427 10429
f 3603 8439 10502
f 5239 5168 2291
f 3372 5099 2673
f 5239 5001 5168
f 2312 5239 2291
f 3371 5098 2612
f 5238 5167 2233
f 5238 5000 5167
f 2294 5238 2233
f 5784 6150 8885
f 9540 8503 3731
f 9066 3982 9068
f 5449 7832 7101
f 5139 7832 5449
f 9065 3981 9067
f 8206 9064 8208
f 9066 8208 9064
f 9064 3984 9066
f 8205 9063 8207
f 9065 8207 9063
f 9063 3983 9065
f 8204 9062 8206
f 9064 8206 9062
f 9062 3986 9064
f 8203 9061 8205
f 9063 8205 9061
f 9061 3985 9063
f 8202 9060 8204
f 9062 8204 9060
f 9060 3988 9062
f 8201 9059 8203
f 9061 8203 9059
f 9059 3987 9061
f 8195 8967 8194
f 8969 8194 8967
f 8967 4036 8969
f 8108 8968 8109
f 8970 8109 8968
f 8968 4083 8970
f 8200 9058 8202
f 9060 8202 9058
f 9058 3990 9060
f 8199 9057 8201
f 9059 8201 9057
f 9057 3989 9059
f 8194 8969 8193
f 8971 8193 8969
f 8969 4035 8971
f 8109 8970 8110
f 8972 8110 8970
f 2832 3286 3099
f 8970 4082 8972
f 2831 3285 3098
f 8198 9056 8200
f 9058 8200 9056
f 9056 3992 9058
f 8197 9055 8199
f 9057 8199 9055
f 9055 3991 9057
f 8193 8971 8192
f 9012 8192 8971
f 8971 4034 9012
f 8110 8972 8111
f 9052 8111 8972
f 8972 4081 9052
f 8187 9054 8198
f 9056 8198 9054
f 9054 4040 9056
f 8116 9053 8197
f 9055 8197 9053
f 9053 3993 9055
f 8192 9012 8191
f 9011 8191 9012
f 9012 4033 9011
f 8191 9011 8190
f 9010 8190 9011
f 9011 4032 9010
f 8190 9010 8189
f 9009 8189 9010
f 9010 4031 9009
f 8189 9009 8188
f 9008 8188 9009
f 9009 4030 9008
f 8185 9013 8187
f 9054 8187 9013
f 9013 4041 9054
f 8188 9008 8186
f 9007 8186 9008
f 9008 4029 9007
f 8183 9014 8185
f 3121 5411 5046
f 9013 8185 9014
f 9014 4042 9013
f 5411 2486 5046
f 3120 5410 5045
f 8186 9007 8184
f 9006 8184 9007
f 5410 2362 5045
f 9007 4028 9006
f 8181 9015 8183
f 9014 8183 9015
f 9015 4043 9014
f 8184 9006 8182
f 9005 8182 9006
f 9006 4027 9005
f 8179 9016 8181
f 9015 8181 9016
f 9016 4044 9015
f 8182 9005 8180
f 9004 8180 9005
f 9005 4026 9004
f 8177 9017 8179
f 9016 8179 9017
f 9017 4045 9016
f 8180 9004 8178
f 9003 8178 9004
f 9004 4025 9003
f 8175 9018 8177
f 9017 8177 9018
f 9018 4046 9017
f 8178 9003 8176
f 9002 8176 9003
f 9003 4024 9002
f 8173 9019 8175
f 9018 8175 9019
f 9019 4047 9018
f 8176 9002 8174
f 9001 8174 9002
f 9002 4023 9001
f 8171 9020 8173
f 9019 8173 9020
f 9020 4048 9019
f 8174 9001 8172
f 9000 8172 9001
f 9001 4022 9000
f 8169 9021 8171
f 9020 8171 9021
f 9021 4049 9020
f 8172 9000 8170
f 8999 8170 9000
f 9000 4021 8999
f 8167 9022 8169
f 9021 8169 9022
f 9022 4050 9021
f 8170 8999 8168
f 8998 8168 8999
f 8999 4020 8998
f 8165 9023 8167
f 9022 8167 9023
f 9023 4051 9022
f 8168 8998 8166
f 8997 8166 8998
f 8998 4019 8997
f 8163 9024 8165
f 9023 8165 9024
f 9024 4052 9023
f 8166 8997 8164
f 8996 8164 8997
f 8997 4018 8996
f 8161 9025 8163
f 9024 8163 9025
f 9025 4053 9024
f 8164 8996 8162
f 8995 8162 8996
f 8996 4017 8995
f 8159 9026 8161
f 9025 8161 9026
f 9026 4054 9025
f 3095 5083 5052
f 5083 2796 5052
f 3094 5082 5051
f 5082 2795 5051
f 8162 8995 8160
f 8994 8160 8995
f 8995 4016 8994
f 8157 9027 8159
f 9026 8159 9027
f 9027 4055 9026
f 8160 8994 8158
f 8993 8158 8994
f 8994 4015 8993
f 8155 9028 8157
f 9027 8157 9028
f 9028 4056 9027
f 8158 8993 8156
f 8992 8156 8993
f 8993 4014 8992
f 8153 9029 8155
f 9028 8155 9029
f 9029 4057 9028
f 8156 8992 8154
f 8991 8154 8992
f 8992 4013 8991
f 8196 9576 2983
f 8151 9030 8153
f 9029 8153 9030
f 8107 9577 2982
f 9030 4058 9029
f 8154 8991 8152
f 8990 8152 8991
f 8991 4012 8990
f 8149 9031 8151
f 9030 8151 9031
f 9031 4059 9030
f 8152 8990 8150
f 8989 8150 8990
f 8990 4011 8989
f 8147 9032 8149
f 9031 8149 9032
f 9032 4060 9031
f 8150 8989 8148
f 8988 8148 8989
f 8989 4010 8988
f 8145 9033 8147
f 9032 8147 9033
f 9033 4061 9032
f 8148 8988 8146
f 8987 8146 8988
f 8988 4009 8987
f 8143 9034 8145
f 9033 8145 9034
f 9034 4062 9033
f 3159 10103 5131
f 10103 4913 5131
f 8146 8987 8144
f 10103 3159 4425
f 3158 10102 5130
f 10102 4912 5130
f 8986 8144 8987
f 10102 3158 4424
f 7664 8297 7666
f 7664 2677 8297
f 8987 4008 8986
f 7663 8296 7665
f 7663 2616 8296
f 8141 9035 8143
f 9034 8143 9035
f 9035 4063 9034
f 8144 8986 8142
f 8985 8142 8986
f 5218 3335 5042
f 8986 4007 8985
f 5042 2842 5218
f 10427 3665 10429
f 5217 3334 5041
f 8139 9036 8141
f 5041 2841 5217
f 10202 10428 10204
f 9035 8141 9036
f 9036 4064 9035
f 8142 8985 8140
f 8984 8140 8985
f 8985 4006 8984
f 8137 9037 8139
f 9036 8139 9037
f 9037 4065 9036
f 8140 8984 8138
f 8983 8138 8984
f 8984 4005 8983
f 4728 5304 441
f 5304 442 441
f 8135 9038 8137
f 4727 5303 454
f 5303 453 454
f 9037 8137 9038
f 9038 4066 9037
f 8138 8983 8136
f 8982 8136 8983
f 8983 4004 8982
f 8133 9039 8135
f 5044 5356 4991
f 5356 2313 4991
f 5043 5355 4990
f 9038 8135 9039
f 5355 2293 4990
f 3320 5283 8291
f 8291 5283 3286
f 3286 5460 8291
f 5023 8072 5404
f 9039 4067 9038
f 5023 3103 3056
f 5404 3103 5023
f 3958 9750 7846
f 8136 8982 8134
f 8981 8134 8982
f 9750 2994 7846
f 3957 9749 7845
f 8982 4003 8981
f 8131 9040 8133
f 9749 2993 7845
f 9039 8133 9040
f 9040 4068 9039
f 7882 5809 3606
f 8902 3606 5809
f 8134 8981 8132
f 8980 8132 8981
f 8981 4002 8980
f 7881 5808 3605
f 8129 9041 8131
f 9040 8131 9041
f 8901 3605 5808
f 2609 7098 4978
f 9041 4069 9040
f 8132 8980 8130
f 10202 10426 10428
f 2484 7097 4977
f 8452 3166 5113
f 2803 5113 3166
f 4779 8030 5070
f 8979 8130 8980
f 5070 3052 4779
f 4778 8029 5069
f 10426 3618 10428
f 5069 3051 4778
f 8980 4001 8979
f 8127 9042 8129
f 3383 5465 8503
f 9041 8129 9042
f 9042 4070 9041
f 8130 8979 8128
f 7852 2327 3338
f 8978 8128 8979
f 8979 4000 8978
f 8125 9043 8127
f 9042 8127 9043
f 9043 4071 9042
f 8128 8978 8126
f 8977 8126 8978
f 3183 8101 4600
f 3846 7544 7546
f 5379 3183 4600
f 7546 3844 3846
f 8978 3999 8977
f 3107 5429 5206
f 7308 3846 3844
f 3106 5428 5205
f 3845 7543 7545
f 5928 9406 8926
f 6712 6371 8444
f 8444 6371 4425
f 5927 9405 8925
f 6711 6370 8443
f 8123 9044 8125
f 8503 5465 3731
f 5379 4600 3087
f 3085 2320 4777
f 3084 2318 4776
f 8443 6370 4424
f 7545 3843 3845
f 7307 3845 3843
f 3238 8429 9979
f 9979 8429 7100
f 4747 9979 4301
f 9979 4747 3238
f 3237 8428 9978
f 9978 8428 7099
f 4746 9978 4300
f 9978 4746 3237
f 9043 8125 9044
f 9044 4072 9043
f 8126 8977 8124
f 7846 5310 2774
f 4739 7846 2774
f 7845 5309 2773
f 4738 7845 2773
f 9557 6388 7100
f 8976 8124 8977
f 8977 3998 8976
f 8121 9045 8123
f 5409 4960 3329
f 2735 5409 3329
f 5408 4959 3328
f 2734 5408 3328
f 4986 5409 4741
f 5409 3137 4741
f 4985 5408 4740
f 5408 3136 4740
f 9044 8123 9045
f 9045 4073 9044
f 8124 8976 8122
f 8975 8122 8976
f 8976 3997 8975
f 8119 9046 8121
f 9556 6387 7099
f 3848 7542 7544
f 2684 7650 7605
f 7544 3846 3848
f 5352 4996 5427
f 7312 3848 3846
f 5351 4995 5426
f 3847 7541 7543
f 5235 2803 5236
f 9045 8121 9046
f 9046 4074 9045
f 8122 8975 8120
f 8974 8120 8975
f 4730 3097 4966
f 4729 3096 4965
f 7543 3845 3847
f 7311 3847 3845
f 3236 5330 2801
f 8975 3996 8974
f 3235 5329 2800
f 3850 7540 7542
f 8117 9047 8119
f 3742 7298 3738
f 4092 3742 3738
f 3741 7297 3737
f 9046 8119 9047
f 3278 5161 5405
f 3278 2755 8244
f 2755 3278 5405
f 3211 8102 4601
f 3086 3211 4601
f 4601 8047 3086
f 3277 5160 5404
f 3277 2754 8243
f 2754 3277 5404
f 7542 3848 3850
f 7316 3850 3848
f 9047 4075 9046
f 8120 8974 8118
f 5795 9717 8313
f 8973 8118 8974
f 4303 8246 4309
f 8313 4417 4415
f 9717 4417 8313
f 5794 9716 8312
f 4302 8245 4308
f 8455 3167 5118
f 2804 5118 3167
f 8974 3995 8973
f 8312 4416 4414
f 8115 9048 8117
f 9716 4416 8312
f 9047 8117 9048
f 9048 4076 9047
f 8118 8973 8116
f 9053 8116 8973
f 8973 3994 9053
f 8114 9049 8115
f 9048 8115 9049
f 3849 7539 7541
f 7541 3847 3849
f 9049 4077 9048
f 8113 9050 8114
f 7315 3849 3847
f 3944 7450 7452
f 9049 8114 9050
f 9050 4078 9049
f 8112 9051 8113
f 4723 4295 4299
f 4091 3741 3737
f 9050 8113 9051
f 4722 4294 4298
f 6337 9390 6335
f 9051 4079 9050
f 7452 3945 3944
f 8111 9052 8112
f 7314 3944 3945
f 4717 4293 4295
f 9051 8112 9052
f 3859 7449 7451
f 4716 4292 4294
f 9052 4080 9051
f 6983 4450 3307
f 268 5233 8959
f 4715 4291 4293
f 5233 4961 8959
f 6982 4449 3306
f 8196 8965 8195
f 627 5234 8960
f 4714 4290 4292
f 5234 4962 8960
f 4289 7824 4291
f 8967 8195 8965
f 4713 4289 4291
f 8965 4037 8967
f 4288 7823 4290
f 8107 8966 8108
f 4712 4288 4290
f 8968 8108 8966
f 4287 7822 4289
f 3142 5018 4950
f 8966 4084 8968
f 3141 5017 4949
f 4711 4287 4289
f 7451 3861 3859
f 4286 7821 4288
f 3866 11197 7326
f 4710 4286 4288
f 3852 7538 7540
f 4285 7820 4287
f 7540 3850 3852
f 4709 4285 4287
f 7320 3852 3850
f 4284 7819 4286
f 3851 7537 7539
f 4708 4284 4286
f 2926 9991 2925
f 4283 7818 4285
f 8721 2926 2925
f 4707 4283 4285
f 2867 9990 2866
f 4282 7817 4284
f 8720 2867 2866
f 4706 4282 4284
f 2972 10084 2971
f 4281 7816 4283
f 8712 2972 2971
f 4705 4281 4283
f 2684 7605 2685
f 4280 7815 4282
f 2623 7649 7561
f 4704 4280 4282
f 2913 10040 2912
f 4276 7812 4275
f 8668 2913 2912
f 4698 4276 4275
f 2928 9995 2927
f 4275 7811 4274
f 8717 2928 2927
f 4697 4275 4274
f 2869 9994 2868
f 4274 7810 4273
f 8716 2869 2868
f 4696 4274 4273
f 2623 7561 2624
f 4273 7809 4272
f 6754 5651 6756
f 4695 4273 4272
f 2971 10083 2970
f 4272 7808 4271
f 8711 2971 2970
f 4694 4272 4271
f 2970 10082 2969
f 4271 7807 4270
f 8710 2970 2969
f 4693 4271 4270
f 2969 10081 2968
f 4270 7806 4269
f 8709 2969 2968
f 4692 4270 4269
f 3984 6756 5651
f 4269 7805 4268
f 6753 5650 6755
f 4691 4269 4268
f 2968 10080 2967
f 4268 7804 4267
f 8708 2968 2967
f 4690 4268 4267
f 2967 10079 2966
f 4267 7803 4266
f 8707 2967 2966
f 4689 4267 4266
f 2966 10078 2965
f 4266 7802 4265
f 8706 2966 2965
f 4688 4266 4265
f 3983 6755 5650
f 4265 7801 4264
f 8933 9764 9767
f 4687 4265 4264
f 2965 10077 2964
f 4264 7800 4263
f 8705 2965 2964
f 4686 4264 4263
f 2964 10076 2963
f 4263 7799 4262
f 8704 2964 2963
f 4685 4263 4262
f 2963 10075 2962
f 4262 7798 4261
f 8703 2963 2962
f 4684 4262 4261
f 9764 2235 9767
f 4261 7797 4260
f 9767 8738 6401
f 4683 4261 4260
f 2962 10074 2961
f 4260 7796 4259
f 5172 3082 5170
f 2742 5172 5170
f 8702 2962 2961
f 2961 10073 2960
f 8701 2961 2960
f 2960 10072 2959
f 8700 2960 2959
f 4682 4260 4259
f 9767 6401 8933
f 4259 7795 4258
f 485 5121 486
f 4681 4259 4258
f 2959 10071 2958
f 4258 7794 4257
f 8699 2959 2958
f 4680 4258 4257
f 2958 10070 2957
f 4257 7793 4256
f 8698 2958 2957
f 4679 4257 4256
f 2957 10069 2956
f 4256 7792 4255
f 8697 2957 2956
f 4678 4256 4255
f 5121 5124 486
f 4255 7791 4254
f 3318 5121 485
f 4677 4255 4254
f 2956 10068 2955
f 4254 7790 4253
f 8696 2956 2955
f 4676 4254 4253
f 2955 10067 2954
f 4253 7789 4252
f 8695 2955 2954
f 4675 4253 4252
f 2954 10066 2953
f 4252 7788 4251
f 8694 2954 2953
f 4674 4252 4251
f 6444 4142 6445
f 4251 7787 4250
f 6445 7052 6444
f 4673 4251 4250
f 2953 10065 2952
f 4250 7786 4249
f 8693 2953 2952
f 4672 4250 4249
f 2952 10064 2951
f 4249 7785 4248
f 8692 2952 2951
f 4671 4249 4248
f 2951 10063 2950
f 4248 7784 4247
f 8691 2951 2950
f 4670 4248 4247
f 4142 3802 6445
f 4247 7783 4246
f 4143 6445 3802
f 4669 4247 4246
f 2950 10062 2949
f 4246 7782 4245
f 8690 2950 2949
f 4668 4246 4245
f 2949 10061 2948
f 4245 7781 4244
f 8689 2949 2948
f 4667 4245 4244
f 2948 10060 2947
f 4244 7780 4243
f 8688 2948 2947
f 4666 4244 4243
f 6227 8765 6229
f 4243 7779 4242
f 7072 6229 8765
f 4665 4243 4242
f 2486 4980 2672
f 2947 10059 2946
f 4242 7778 4241
f 8687 2947 2946
f 2362 4979 2611
f 4664 4242 4241
f 2946 10058 2945
f 4241 7777 4240
f 8686 2946 2945
f 4663 4241 4240
f 2945 10057 2944
f 4240 7776 4239
f 8685 2945 2944
f 4662 4240 4239
f 6229 4158 6227
f 4239 7775 4238
f 6193 8748 6195
f 4661 4239 4238
f 2944 10056 2943
f 4238 7774 4237
f 8684 2944 2943
f 4660 4238 4237
f 2943 10055 2942
f 4237 7773 4236
f 8683 2943 2942
f 4659 4237 4236
f 2942 10054 2941
f 4236 7772 4235
f 8682 2942 2941
f 4658 4236 4235
f 5356 3225 5050
f 2291 5356 5050
f 5355 3224 5049
f 2233 5355 5049
f 7018 6195 8748
f 4235 7771 4234
f 6195 4115 6193
f 4657 4235 4234
f 2941 10053 2940
f 4234 7770 4233
f 8681 2941 2940
f 4656 4234 4233
f 2940 10052 2939
f 4233 7769 4232
f 8680 2940 2939
f 4655 4233 4232
f 2939 10051 2938
f 4232 7768 4279
f 8679 2939 2938
f 4701 4232 4279
f 6437 4134 6438
f 4279 7814 4281
f 6438 7042 6437
f 4703 4279 4281
f 2938 10050 2937
f 4230 7767 4229
f 8678 2938 2937
f 4653 4230 4229
f 2937 10049 2936
f 4229 7766 4228
f 8677 2937 2936
f 4652 4229 4228
f 2936 10048 2935
f 4228 7765 4227
f 8676 2936 2935
f 4134 3793 6438
f 2935 10047 2934
f 4135 6438 3793
f 8675 2935 2934
f 2934 10046 2933
f 8674 2934 2933
f 4651 4228 4227
f 2933 10045 2932
f 4227 7764 4226
f 8673 2933 2932
f 4650 4227 4226
f 2932 10044 2931
f 4226 7763 4225
f 8672 2932 2931
f 4649 4226 4225
f 2931 10043 2930
f 4225 7762 4224
f 6463 4165 6464
f 4648 4225 4224
f 6464 7082 6463
f 4224 7761 4223
f 8671 2931 2930
f 4647 4224 4223
f 2930 10042 2929
f 4223 7760 4222
f 8670 2930 2929
f 4646 4223 4222
f 2912 10039 2911
f 4222 7759 4221
f 8667 2912 2911
f 4645 4222 4221
f 2911 10038 2910
f 4221 7758 4220
f 4165 3829 6464
f 4644 4221 4220
f 4166 6464 3829
f 4220 7757 4219
f 8666 2911 2910
f 4643 4220 4219
f 2910 10037 2909
f 4219 7756 4218
f 8665 2910 2909
f 4642 4219 4218
f 2909 10036 2908
f 4218 7755 4217
f 8664 2909 2908
f 4641 4218 4217
f 2908 10035 2907
f 4217 7754 4216
f 8383 10455 4366
f 4640 4217 4216
f 10455 8383 4365
f 4216 7753 4215
f 8663 2908 2907
f 4639 4216 4215
f 2907 10034 2906
f 4215 7752 4214
f 8662 2907 2906
f 4638 4215 4214
f 2906 10033 2905
f 4214 7751 4213
f 8661 2906 2905
f 4637 4214 4213
f 2905 10032 2904
f 4213 7750 4212
f 3075 2797 2335
f 4636 4213 4212
f 5116 10778 5006
f 4212 7749 4211
f 8660 2905 2904
f 4635 4212 4211
f 2904 10031 2903
f 4211 7748 4210
f 8659 2904 2903
f 4634 4211 4210
f 2903 10030 2902
f 4210 7747 4209
f 8658 2903 2902
f 4633 4210 4209
f 2902 10029 2901
f 4209 7746 4208
f 10505 4602 5252
f 4632 4209 4208
f 9539 8502 3732
f 4208 7745 4207
f 8657 2902 2901
f 4631 4208 4207
f 2901 10028 2900
f 4207 7744 4206
f 8656 2901 2900
f 4630 4207 4206
f 2900 10027 2899
f 4206 7743 4205
f 8655 2900 2899
f 4629 4206 4205
f 2899 10026 2898
f 4205 7742 4204
f 8377 10454 4360
f 4628 4205 4204
f 10454 8377 4359
f 4204 7741 4203
f 8654 2899 2898
f 4627 4204 4203
f 2898 10025 2897
f 4203 7740 4202
f 8653 2898 2897
f 4626 4203 4202
f 2897 10024 2896
f 8652 2897 2896
f 2896 10023 2895
f 8375 10453 4358
f 4202 7739 4201
f 10453 8375 4357
f 8651 2896 2895
f 2895 10022 2894
f 8650 2895 2894
f 4625 4202 4201
f 2894 10021 2893
f 4201 7738 4200
f 8649 2894 2893
f 4624 4201 4200
f 2893 10020 2892
f 4200 7737 4199
f 8648 2893 2892
f 4623 4200 4199
f 2892 10019 2891
f 8647 2892 2891
f 7539 3849 3851
f 4199 7736 4198
f 3170 2797 3075
f 4622 4199 4198
f 8934 9765 9768
f 4198 7735 4197
f 2891 10018 2890
f 4621 4198 4197
f 8646 2891 2890
f 4197 7734 4196
f 2890 10017 2889
f 4620 4197 4196
f 8645 2890 2889
f 4196 7733 4195
f 2889 10016 2888
f 8644 2889 2888
f 4619 4196 4195
f 9765 2286 9768
f 4195 7732 4194
f 9768 8739 6402
f 4618 4195 4194
f 2888 10015 2887
f 4194 7731 4193
f 8643 2888 2887
f 4617 4194 4193
f 2887 10014 2886
f 4193 7730 4192
f 8642 2887 2886
f 4616 4193 4192
f 2886 10013 2885
f 4192 7729 4191
f 8641 2886 2885
f 4615 4192 4191
f 9768 6402 8934
f 4191 7728 4190
f 9715 8961 2918
f 4614 4191 4190
f 2885 10012 2884
f 4190 7727 4189
f 8640 2885 2884
f 4613 4190 4189
f 2884 10011 2883
f 4189 7726 4188
f 8639 2884 2883
f 4612 4189 4188
f 2883 10010 2882
f 4188 7725 4187
f 8638 2883 2882
f 4611 4188 4187
f 8961 9715 8921
f 4187 7724 4186
f 2852 8961 8921
f 4610 4187 4186
f 2882 10009 2881
f 4186 7723 4278
f 8637 2882 2881
f 4700 4186 4278
f 2881 10008 2880
f 4278 7813 4280
f 8636 2881 2880
f 4702 4278 4280
f 2880 10007 2879
f 7319 3851 3849
f 8635 2880 2879
f 9714 8962 2859
f 3945 7452 7454
f 8962 9714 8922
f 2879 10006 2878
f 7454 3943 3945
f 8634 2879 2878
f 2878 10005 2877
f 7318 3945 3943
f 8633 2878 2877
f 2877 10004 2876
f 8632 2877 2876
f 2845 8962 8922
f 4169 6415 6412
f 2876 10003 2875
f 8631 2876 2875
f 2875 10002 2874
f 8630 2875 2874
f 2874 10001 2873
f 8629 2874 2873
f 7086 6412 6415
f 4171 3834 6412
f 2873 10000 2872
f 8628 2873 2872
f 2872 9999 2871
f 8627 2872 2871
f 2871 9998 2870
f 8626 2871 2870
f 4169 6412 3834
f 4104 6409 6407
f 2925 9989 2924
f 8723 2925 2924
f 2866 9988 2865
f 8722 2866 2865
f 2924 9987 2923
f 8725 2924 2923
f 7089 6407 6409
f 4105 3757 6407
f 2865 9986 2864
f 8724 2865 2864
f 2923 9985 2922
f 8727 2923 2922
f 2864 9984 2863
f 8726 2864 2863
f 4104 6407 3757
f 9064 3986 3984
f 2974 10087 2973
f 6557 6337 6335
f 2915 10086 2914
f 6336 9389 6334
f 6556 6336 6334
f 2685 7605 7606
f 6756 3984 6033
f 3986 6033 3984
f 2493 10504 8928
f 2685 7606 2686
f 2624 7561 7562
f 2368 10503 8927
f 8879 8493 2857
f 8493 2976 2857
f 9063 3985 3983
f 6755 3983 6032
f 8878 8492 2850
f 8492 2917 2850
f 7267 8063 8964
f 5920 7267 8964
f 8063 2978 8964
f 7266 8064 8963
f 3985 6032 3983
f 6414 4107 6416
f 5919 7266 8963
f 8064 2977 8963
f 2922 9983 2921
f 8731 2922 2921
f 2863 9982 2862
f 8730 2863 2862
f 6416 7004 6414
f 4107 3760 6416
f 3861 7451 7453
f 7453 3862 3861
f 7349 11192 7347
f 3854 7536 7538
f 7538 3852 3854
f 7404 3854 3852
f 4108 6416 3760
f 6183 7005 6416
f 3853 7535 7537
f 7537 3851 3853
f 4715 6044 4713
f 4291 4715 4713
f 4714 6043 4712
f 4290 4714 4712
f 6416 9779 7004
f 6416 7005 9779
f 4982 5292 5416
f 5292 3058 5416
f 4737 4978 7098
f 3206 4737 7098
f 4736 4977 7097
f 3205 4736 7097
f 8338 10452 4320
f 10452 8338 4319
f 4703 6138 4701
f 4279 4703 4701
f 4702 6137 4700
f 4278 4702 4700
f 7321 3853 3851
f 3943 7454 7534
f 3384 5466 8502
f 8502 5466 3732
f 7534 3942 3943
f 4707 6142 4705
f 4283 4707 4705
f 4706 6141 4704
f 2624 7562 2625
f 4282 4706 4704
f 4974 5251 3305
f 4694 6132 4695
f 2680 7658 7656
f 2680 7656 2681
f 4272 4694 4695
f 2317 5368 8228
f 4692 6130 4693
f 2319 5369 8227
f 4270 4692 4693
f 4690 6128 4691
f 4268 4690 4691
f 4688 6126 4689
f 4266 4688 4689
f 4686 6124 4687
f 8332 10451 4314
f 10451 8332 4313
f 4264 4686 4687
f 4684 6122 4685
f 4262 4684 4685
f 4682 6120 4683
f 4260 4682 4683
f 4680 6118 4681
f 7874 4911 5046
f 8330 10450 4312
f 3123 5046 4911
f 7873 4910 5045
f 10450 8330 4311
f 3122 5045 4910
f 4699 6575 6239
f 4258 4680 4681
f 7693 6239 6575
f 4654 6574 6238
f 4678 6116 4679
f 4256 4678 4679
f 4676 6114 4677
f 7692 6238 6574
f 4996 5420 5129
f 5420 2735 5129
f 4995 5419 5128
f 5419 2734 5128
f 5420 4994 3080
f 3137 5420 3080
f 5419 4993 3079
f 3136 5419 3079
f 4254 4676 4677
f 4674 6112 4675
f 4252 4674 4675
f 4672 6110 4673
f 4250 4672 4673
f 4670 6108 4671
f 4248 4670 4671
f 2826 3340 409
f 410 2826 409
f 4668 6106 4669
f 4246 4668 4669
f 4666 6104 4667
f 4244 4666 4667
f 4664 6102 4665
f 4242 4664 4665
f 4649 6087 4650
f 4226 4649 4650
f 4647 6085 4648
f 4224 4647 4648
f 4645 6083 4646
f 4222 4645 4646
f 4643 6081 4644
f 4220 4643 4644
f 4641 6079 4642
f 4218 4641 4642
f 4639 6077 4640
f 4216 4639 4640
f 4637 6075 4638
f 4214 4637 4638
f 4635 6073 4636
f 4212 4635 4636
f 4633 6071 4634
f 4210 4633 4634
f 4631 6069 4632
f 4208 4631 4632
f 4629 6067 4630
f 4206 4629 4630
f 4627 6065 4628
f 4204 4627 4628
f 4625 6063 4626
f 4202 4625 4626
f 4623 6061 4624
f 4200 4623 4624
f 4621 6059 4622
f 8417 10457 4400
f 10457 8417 4399
f 4198 4621 4622
f 4619 6057 4620
f 4196 4619 4620
f 8372 10456 4354
f 10456 8372 4353
f 4662 6100 4663
f 4240 4662 4663
f 4617 6055 4618
f 4194 4617 4618
f 4660 6098 4661
f 4238 4660 4661
f 4615 6053 4616
f 4192 4615 4616
f 4696 6134 4697
f 5251 2772 3305
f 6349 8950 8010
f 4274 4696 4697
f 4651 6089 4652
f 4228 4651 4652
f 7266 8425 6396
f 8064 7266 6396
f 6349 8010 3610
f 7267 8424 6395
f 8063 7267 6395
f 6348 8949 8009
f 6348 8009 3609
f 8606 10084 8607
f 4658 6096 4659
f 4236 4658 4659
f 4613 6051 4614
f 4190 4613 4614
f 9970 4944 6392
f 4944 9970 6579
f 9971 4943 6391
f 4277 7828 4276
f 4943 9971 6578
f 4699 4277 4276
f 4711 6144 4709
f 4231 7827 4230
f 4287 4711 4709
f 4654 4231 4230
f 4710 6143 4708
f 4578 8315 4599
f 4286 4710 4708
f 3736 7857 9412
f 4532 8314 4598
f 2619 7657 7655
f 3735 7856 9411
f 4301 8273 4747
f 4300 8272 4746
f 3113 8301 3259
f 8301 4472 3259
f 3259 3188 3113
f 3112 8300 3258
f 8300 4471 3258
f 3258 3187 3112
f 7402 3943 3942
f 2619 7655 2620
f 3862 7453 7455
f 7455 3863 3862
f 4656 6094 4657
f 7323 3862 3863
f 4234 4656 4657
f 4611 6049 4612
f 4188 4611 4612
f 3939 7531 7536
f 5218 4994 5352
f 2324 5218 5352
f 5217 4993 5351
f 2322 5217 5351
f 4701 6092 4655
f 4232 4701 4655
f 7890 2609 3119
f 4700 6047 4610
f 7536 3854 3939
f 4186 4700 4610
f 4981 5293 5415
f 7889 2484 3118
f 7403 3939 3854
f 5293 3057 5415
f 3942 7534 7530
f 7530 3938 3942
f 5306 4751 5052
f 2794 5306 5052
f 5305 4750 5051
f 2793 5305 5051
f 7398 3942 3938
f 3378 8222 9963
f 9963 8222 9549
f 10478 3089 7859
f 5464 3378 9963
f 3377 8221 9962
f 10477 3088 7858
f 9962 8221 9548
f 5463 3377 9962
f 3267 3109 2819
f 3109 3267 4728
f 3266 3108 2818
f 3864 7456 7535
f 9758 8924 2310
f 3108 3266 4727
f 2996 2986 6868
f 2995 2979 6867
f 5156 2786 7272
f 2786 3035 7272
f 5155 2785 7271
f 2785 3034 7271
f 5436 5236 2803
f 3166 5436 2803
f 7535 3853 3864
f 2311 9758 2310
f 9757 8923 2296
f 7322 3864 3853
f 5297 5075 8239
f 3147 5297 8239
f 5296 5076 8240
f 3937 7529 7533
f 2295 9757 2296
f 4697 6135 4698
f 3148 5296 8240
f 2316 5297 8248
f 2315 5296 8247
f 7533 3941 3937
f 3889 11192 3885
f 8238 2289 7888
f 7888 2289 4735
f 4275 4697 4698
f 3938 7530 7532
f 8237 2232 7887
f 4652 6090 4653
f 7887 2232 4734
f 4229 4652 4653
f 7532 3940 3938
f 5437 5237 2804
f 8924 6720 8958
f 3167 5437 2804
f 9758 6720 8924
f 7400 3938 3940
f 3253 5314 5287
f 5314 501 5287
f 8923 6719 8957
f 9757 6719 8923
f 3252 5313 5286
f 5313 393 5286
f 7836 10091 10217
f 10091 4295 10217
f 7835 10090 10216
f 10090 4294 10216
f 3001 5801 4487
f 8283 4487 5801
f 3001 4487 6976
f 2998 5800 4486
f 8282 4486 5800
f 6990 2676 2675
f 2676 4419 2675
f 6989 2615 2614
f 2615 4418 2614
f 4968 4980 3131
f 3125 4968 3131
f 4967 4979 3130
f 3124 4967 3130
f 9730 6148 9404
f 6148 2491 9404
f 2998 4486 6975
f 9731 6147 9403
f 6147 2367 9403
f 8045 6361 5591
f 4883 7658 4885
f 3941 7533 7531
f 2674 7687 6992
f 4885 7205 4883
f 2613 7686 6991
f 4882 7657 4884
f 7531 3939 3941
f 4884 7204 4882
f 4881 7656 4883
f 2918 8045 5591
f 4883 7203 4881
f 4880 7655 4882
f 8046 6360 5590
f 4882 7202 4880
f 4879 7654 4881
f 2859 8046 5590
f 4881 7201 4879
f 4878 7653 4880
f 8290 7896 6716
f 5661 9426 5767
f 4880 7200 4878
f 7896 8290 3072
f 4877 7652 4879
f 8289 7895 6715
f 7399 3941 3939
f 7895 8289 3071
f 7715 4467 3017
f 7714 4466 3016
f 3935 7527 7529
f 4879 7199 4877
f 7529 3937 3935
f 4876 7651 4878
f 5025 7406 8263
f 4958 7406 5025
f 7397 3935 3937
f 5024 7405 8262
f 4957 7405 5024
f 4878 7198 4876
f 4875 7650 4877
f 3940 7532 7528
f 4877 7197 4875
f 4874 7649 4876
f 8044 6716 6379
f 5660 9425 5722
f 8043 6715 6378
f 7528 3936 3940
f 4876 7196 4874
f 4872 7648 4871
f 7396 3940 3936
f 3933 7525 7527
f 4871 7194 4872
f 4871 7647 4870
f 7527 3935 3933
f 4870 7193 4871
f 4870 7646 4869
f 5663 9420 5657
f 4869 7192 4870
f 4869 7645 4868
f 11200 3868 3864
f 4868 7191 4869
f 4868 7644 4867
f 3936 7528 7526
f 4867 7190 4868
f 4867 7643 4866
f 7526 3934 3936
f 4866 7189 4867
f 4866 7642 4865
f 7394 3936 3934
f 4865 7188 4866
f 4865 7641 4864
f 3929 7521 7525
f 4864 7187 4865
f 4864 7640 4863
f 7525 3933 3929
f 4863 7186 4864
f 4863 7639 4862
f 7393 3929 3933
f 4862 7185 4863
f 4862 7638 4861
f 5662 9419 5656
f 4861 7184 4862
f 4861 7637 4860
f 3934 7526 7524
f 4860 7183 4861
f 4860 7636 4859
f 7524 3932 3934
f 4859 7182 4860
f 4859 7635 4858
f 7392 3934 3932
f 4858 7181 4859
f 4858 7634 4857
f 3925 7517 7523
f 4857 7180 4858
f 4857 7633 4856
f 7523 3931 3925
f 4856 7179 4857
f 4856 7632 4855
f 7391 3925 3931
f 4855 7178 4856
f 4855 7631 4854
f 3928 7520 7522
f 4854 7177 4855
f 4854 7630 4853
f 5665 9424 5663
f 4853 7176 4854
f 4853 7629 4852
f 7522 3930 3928
f 4852 7175 4853
f 4852 7628 4851
f 7390 3928 3930
f 4851 7174 4852
f 4851 7627 4850
f 3931 7523 7521
f 4850 7173 4851
f 4850 7626 4849
f 7521 3929 3931
f 4849 7172 4850
f 4849 7625 4848
f 7389 3931 3929
f 4848 7171 4849
f 4848 7624 4847
f 3932 7524 7520
f 4847 7170 4848
f 4847 7623 4846
f 7520 3928 3932
f 4846 7169 4847
f 4846 7622 4845
f 5664 9423 5662
f 4845 7168 4846
f 4845 7621 4844
f 7388 3932 3928
f 4844 7167 4845
f 4844 7620 4843
f 3923 7515 7519
f 4843 7166 4844
f 4843 7619 4842
f 7519 3927 3923
f 7387 3923 3927
f 5006 10778 3022
f 5667 9428 5665
f 3924 7516 7518
f 4842 7165 4843
f 4842 7618 4841
f 7518 3926 3924
f 4841 7164 4842
f 4841 7617 4840
f 7386 3924 3926
f 4840 7163 4841
f 4840 7616 4839
f 3927 7519 7517
f 4839 7162 4840
f 4839 7615 4838
f 7517 3925 3927
f 4838 7161 4839
f 4838 7614 4837
f 7385 3927 3925
f 4837 7160 4838
f 4837 7613 4836
f 3930 7522 7516
f 4836 7159 4837
f 4836 7612 4835
f 5666 9427 5664
f 4835 7158 4836
f 4835 7611 4834
f 7516 3924 3930
f 4834 7157 4835
f 4834 7610 4833
f 7384 3930 3924
f 4833 7156 4834
f 4833 7609 4832
f 8053 3144 6737
f 3144 4479 6737
f 8052 3143 6736
f 3143 4478 6736
f 4760 5118 6384
f 3919 7511 7515
f 4832 7155 4833
f 4832 7608 4831
f 7515 3923 3919
f 4831 7154 4832
f 4831 7607 4830
f 3019 7715 6739
f 3017 6739 7715
f 3018 7714 6738
f 3016 6738 7714
f 7383 3919 3923
f 4830 7153 4831
f 4830 7606 4829
f 3926 7518 7514
f 4829 7152 4830
f 4829 7605 4875
f 5669 9430 5667
f 4731 5113 6571
f 5113 3036 6571
f 4875 7151 4829
f 4827 7604 4826
f 7514 3922 3926
f 4826 7149 4827
f 4826 7603 4825
f 7382 3926 3922
f 4825 7148 4826
f 4825 7602 4824
f 3917 7509 7513
f 4824 7147 4825
f 4824 7601 4823
f 7513 3921 3917
f 4823 7146 4824
f 4823 7600 4822
f 11192 3889 7347
f 4822 7145 4823
f 5668 9429 5666
f 4822 7599 4821
f 3918 7510 7512
f 4821 7144 4822
f 7512 3920 3918
f 4821 7598 4820
f 7380 3918 3920
f 4820 7143 4821
f 4820 7597 4819
f 3921 7513 7511
f 4819 7142 4820
f 4819 7596 4818
f 7511 3919 3921
f 4818 7141 4819
f 4818 7595 4817
f 7379 3921 3919
f 4817 7140 4818
f 4817 7594 4816
f 5671 9432 5669
f 4816 7139 4817
f 4816 7593 4815
f 3922 7514 7510
f 4815 7138 4816
f 4815 7592 4814
f 7510 3918 3922
f 5085 8254 3362
f 8254 2290 3362
f 5084 8253 3361
f 8253 2231 3361
f 4814 7137 4815
f 4814 7591 4813
f 7378 3922 3918
f 4813 7136 4814
f 4813 7590 4812
f 3915 7507 7509
f 4812 7135 4813
f 4812 7589 4811
f 7509 3917 3915
f 4811 7134 4812
f 4811 7588 4810
f 7377 3915 3917
f 4810 7133 4811
f 4810 7587 4809
f 3920 7512 7508
f 4809 7132 4810
f 4809 7586 4808
f 4467 7290 7425
f 3017 4467 7425
f 4466 7289 7424
f 3016 4466 7424
f 5670 9431 5668
f 4808 7131 4809
f 4808 7585 4807
f 7508 3916 3920
f 4807 7130 4808
f 4807 7584 4806
f 7376 3920 3916
f 4806 7129 4807
f 4806 7583 4805
f 3913 7505 7507
f 4805 7128 4806
f 4805 7582 4804
f 7507 3915 3913
f 4804 7127 4805
f 4804 7581 4803
f 3915 11207 3913
f 4803 7126 4804
f 4803 7580 4802
f 3916 7508 7506
f 4802 7125 4803
f 4802 7579 4801
f 7506 3914 3916
f 4801 7124 4802
f 4801 7578 4800
f 5673 9436 5671
f 7374 3916 3914
f 4800 7123 4801
f 4800 7577 4799
f 3909 7501 7505
f 7505 3913 3909
f 4799 7122 4800
f 9288 5780 3004
f 4799 7576 4798
f 7373 3909 3913
f 4798 7121 4799
f 4798 7575 4797
f 3914 7506 7504
f 4797 7120 4798
f 4797 7574 4796
f 7504 3912 3914
f 4796 7119 4797
f 4796 7573 4795
f 7372 3914 3912
f 4795 7118 4796
f 4795 7572 4794
f 3907 7499 7503
f 4794 7117 4795
f 4794 7571 4793
f 7503 3911 3907
f 4793 7116 4794
f 5672 9435 5670
f 3250 5292 4982
f 7371 3907 3911
f 3908 7500 7502
f 3251 5293 4981
f 7502 3910 3908
f 5675 9438 5673
f 4793 7570 4792
f 7370 3908 3910
f 3911 7503 7501
f 7501 3909 3911
f 4792 7115 4793
f 5674 9437 5672
f 4792 7569 4791
f 4469 8260 8077
f 8260 3058 8077
f 4468 8259 8076
f 8259 3057 8076
f 7369 3911 3909
f 8277 3148 4421
f 4791 7114 4792
f 8276 3147 4420
f 4791 7568 4790
f 3912 7504 7500
f 4790 7113 4791
f 4790 7567 4789
f 7500 3908 3912
f 4789 7112 4790
f 4789 7566 4788
f 7368 3912 3908
f 4788 7111 4789
f 4788 7565 4787
f 3905 7497 7499
f 4787 7110 4788
f 4787 7564 4786
f 8607 10084 10085
f 7499 3907 3905
f 3595 8606 8607
f 4786 7109 4787
f 8562 10040 8563
f 4786 7563 4785
f 2358 3348 5423
f 7367 3905 3907
f 4785 7108 4786
f 4785 7562 4784
f 5677 9440 5675
f 4901 8092 3271
f 8092 2839 3271
f 8092 2321 2839
f 4902 8091 3270
f 8091 2840 3270
f 8091 2323 2840
f 4784 7107 4785
f 3910 7502 7498
f 4784 7561 4874
f 7498 3906 3910
f 7366 3910 3906
f 3903 7495 7497
f 4874 7106 4784
f 7497 3905 3903
f 4873 7559 4872
f 7365 3903 3905
f 7381 11196 7379
f 4828 7558 4827
f 3906 7498 7496
f 3921 11196 3917
f 7496 3904 3906
f 5676 9439 5674
f 8474 4462 5316
f 4768 5316 4462
f 7364 3906 3904
f 8473 4461 5315
f 4767 5315 4461
f 3899 7491 7495
f 7495 3903 3899
f 7363 3899 3903
f 2324 5316 5222
f 3904 7496 7494
f 2322 5315 5221
f 7494 3902 3904
f 7362 3904 3902
f 5764 9526 5763
f 3897 7489 7493
f 4892 4733 8039
f 7848 4733 4892
f 7493 3901 3897
f 4891 4732 8038
f 7847 4732 4891
f 7361 3897 3901
f 3898 7490 7492
f 7492 3900 3898
f 3142 4950 3125
f 3131 3142 3125
f 3141 4949 3124
f 3130 3141 3124
f 4885 7660 4887
f 4887 7207 4885
f 4884 7659 4886
f 4886 7206 4884
f 5068 3128 5220
f 2786 5068 5220
f 5067 3129 5219
f 2785 5067 5219
f 5267 2743 5139
f 5008 3344 5385
f 5337 2331 5008
f 2331 3344 5008
f 5009 3345 5386
f 5338 2332 5009
f 7360 3898 3900
f 8066 2806 5087
f 8066 3070 2806
f 8065 2805 5086
f 8065 3069 2805
f 3901 7493 7491
f 7491 3899 3901
f 2332 3345 5009
f 5763 9525 5762
f 7359 3901 3899
f 3902 7494 7490
f 7490 3898 3902
f 7358 3902 3898
f 3893 7485 7489
f 7489 3897 3893
f 7357 3893 3897
f 9744 6591 3280
f 9744 3280 5452
f 4743 3280 6591
f 9743 6590 3279
f 9743 3279 5451
f 5762 9524 5761
f 4742 3279 6590
f 3900 7492 7488
f 7488 3896 3900
f 7356 3900 3896
f 4930 8008 4597
f 5761 9523 5760
f 8563 10040 10041
f 4929 8007 4596
f 422 5193 421
f 467 5146 468
f 5145 428 427
f 5144 467 468
f 3549 8562 8563
f 9756 6157 7278
f 3891 7483 7487
f 7278 9977 4090
f 4090 9756 7278
f 9977 7278 3029
f 9755 6156 7277
f 7487 3895 3891
f 7277 9976 4089
f 4089 9755 7277
f 9976 7277 3028
f 4775 7554 4873
f 11206 508 8900
f 4873 7217 4775
f 4774 7553 4828
f 5760 9522 5759
f 4828 7216 4774
f 2350 407 3326
f 408 3326 407
f 3340 3326 408
f 3892 7484 7486
f 8958 5805 9706
f 7486 3894 3892
f 3278 5462 5161
f 8957 5804 9705
f 5462 3215 5161
f 7354 3892 3894
f 3277 5461 5160
f 5759 9521 5758
f 5461 3214 5160
f 4309 8457 4401
f 3895 7487 7485
f 4579 8457 5928
f 7485 3893 3895
f 4308 8456 4355
f 7353 3895 3893
f 4533 8456 5927
f 5758 9520 5757
f 3896 7488 7484
f 7484 3892 3896
f 7352 3896 3892
f 7828 7217 7195
f 5458 3102 5291
f 3055 4480 5412
f 3180 5458 5291
f 5757 9519 5756
f 5457 3101 5290
f 3887 7479 7483
f 3179 5457 5290
f 7483 3891 3887
f 7351 3887 3891
f 5756 9518 5755
f 3894 7486 7482
f 7482 3890 3894
f 8056 3054 9734
f 7350 3894 3890
f 5755 9517 5754
f 7680 5302 7884
f 3885 7477 7481
f 7481 3889 3885
f 11196 3921 7379
f 5754 9516 5753
f 3886 7478 7480
f 7679 5301 7883
f 7480 3888 3886
f 7348 3886 3888
f 5753 9515 5752
f 3889 7481 7479
f 7479 3887 3889
f 2497 10492 2495
f 7347 3889 3887
f 3890 7482 7478
f 2373 10491 2370
f 7478 3886 3890
f 7346 3890 3886
f 3883 7475 7477
f 5752 9514 5751
f 3229 5114 5268
f 5114 3214 5268
f 5412 2336 3055
f 10504 8881 8928
f 7477 3885 3883
f 7345 3883 3885
f 3978 8928 8881
f 3978 8881 5605
f 3888 7480 7476
f 5751 9513 5750
f 7217 4873 7195
f 4409 2680 2681
f 7827 7216 7150
f 4408 2619 2620
f 10503 8880 8927
f 4407 2681 2682
f 3977 8927 8880
f 4406 2620 2621
f 2682 7221 2683
f 4405 2682 2683
f 2621 7220 2622
f 2490 5452 4749
f 4404 2621 2622
f 7216 4828 7150
f 4403 2683 2684
f 2365 5451 4748
f 2678 7662 7660
f 4402 2622 2623
f 3977 8880 5604
f 4399 2727 2728
f 2726 7264 2727
f 4398 2726 2727
f 2723 7643 7644
f 4397 2725 2726
f 2724 7263 2725
f 4396 2724 2725
f 2723 7644 2724
f 4395 2723 2724
f 2722 7262 2723
f 4394 2722 2723
f 2721 7641 7642
f 4393 2721 2722
f 2720 7261 2721
f 4392 2720 2721
f 2721 7642 2722
f 4391 2719 2720
f 2718 7260 2719
f 4390 2718 2719
f 2719 7639 7640
f 4389 2717 2718
f 2716 7259 2717
f 4388 2716 2717
f 2719 7640 2720
f 4387 2715 2716
f 2714 7258 2715
f 4386 2714 2715
f 2717 7637 7638
f 4385 2713 2714
f 2712 7257 2713
f 4384 2712 2713
f 2717 7638 2718
f 4383 2711 2712
f 2710 7256 2711
f 4382 2710 2711
f 2715 7635 7636
f 4381 2709 2710
f 2708 7255 2709
f 4380 2708 2709
f 2715 7636 2716
f 4379 2707 2708
f 2706 7254 2707
f 4378 2706 2707
f 2713 7633 7634
f 4377 2705 2706
f 2704 7253 2705
f 4376 2704 2705
f 2713 7634 2714
f 4375 2703 2704
f 2702 7252 2703
f 4374 2702 2703
f 2711 7631 7632
f 4373 2701 2702
f 2700 7251 2701
f 4372 2700 2701
f 2711 7632 2712
f 4371 2699 2700
f 2698 7250 2699
f 4370 2698 2699
f 2709 7629 7630
f 4369 2697 2698
f 2696 7249 2697
f 4368 2696 2697
f 2709 7630 2710
f 2707 7627 7628
f 4367 2695 2696
f 2694 7248 2695
f 4366 2694 2695
f 2707 7628 2708
f 4365 2693 2694
f 2692 7247 2693
f 4364 2692 2693
f 2705 7625 7626
f 4363 2691 2692
f 2690 7246 2691
f 4362 2690 2691
f 2705 7626 2706
f 4361 2689 2690
f 2688 7245 2689
f 4360 2688 2689
f 2662 7599 7600
f 4359 2687 2688
f 2686 7244 2687
f 4358 2686 2687
f 2662 7600 2663
f 4357 2685 2686
f 5384 3004 5780
f 4356 2684 2685
f 2660 7597 7598
f 4353 2666 2667
f 7476 3884 3888
f 2665 7242 2666
f 4352 2665 2666
f 7344 3888 3884
f 3881 7473 7475
f 2660 7598 2661
f 4351 2664 2665
f 5750 9512 5749
f 2663 7241 2664
f 4350 2663 2664
f 2658 7595 7596
f 4349 2662 2663
f 2661 7240 2662
f 4348 2661 2662
f 2658 7596 2659
f 4347 2660 2661
f 2659 7239 2660
f 4346 2659 2660
f 2656 7593 7594
f 4345 2658 2659
f 2657 7238 2658
f 4344 2657 2658
f 2656 7594 2657
f 4343 2656 2657
f 2655 7237 2656
f 4342 2655 2656
f 2654 7591 7592
f 4341 2654 2655
f 2653 7236 2654
f 4340 2653 2654
f 2654 7592 2655
f 4339 2652 2653
f 2651 7235 2652
f 4338 2651 2652
f 2652 7589 7590
f 4337 2650 2651
f 2649 7234 2650
f 4336 2649 2650
f 2652 7590 2653
f 4335 2648 2649
f 2647 7233 2648
f 7475 3883 3881
f 5230 3240 3119
f 5229 3239 3118
f 8018 4930 5348
f 2792 5445 3343
f 3293 5445 3297
f 5445 3293 3343
f 5445 2792 3297
f 2791 5444 3342
f 3294 5444 3298
f 5444 3294 3342
f 5444 2791 3298
f 4334 2647 2648
f 8017 4929 5347
f 2650 7587 7588
f 5106 5348 4960
f 5348 3329 4960
f 5105 5347 4959
f 5347 3328 4959
f 3153 5364 5195
f 5364 2778 5195
f 3152 5363 5194
f 5363 2777 5194
f 3120 8298 3116
f 8298 3120 3126
f 3121 8299 3117
f 8299 3121 3127
f 4333 2646 2647
f 8224 4423 8295
f 3259 8295 4423
f 2645 7232 2646
f 8223 4422 8294
f 3258 8294 4422
f 4332 2645 2646
f 2650 7588 2651
f 3941 11199 3937
f 3884 7476 7474
f 4482 8104 7280
f 8104 3070 7280
f 4481 8103 7279
f 8103 3069 7279
f 4331 2644 2645
f 2643 7231 2644
f 4330 2643 2644
f 2648 7585 7586
f 4329 2642 2643
f 2641 7230 2642
f 4328 2641 2642
f 2648 7586 2649
f 4327 2640 2641
f 2639 7229 2640
f 4326 2639 2640
f 2646 7583 7584
f 4325 2638 2639
f 2637 7228 2638
f 4324 2637 2638
f 2646 7584 2647
f 4323 2636 2637
f 2635 7227 2636
f 4322 2635 2636
f 2644 7581 7582
f 4321 2634 2635
f 2633 7226 2634
f 4320 2633 2634
f 2644 7582 2645
f 4319 2632 2633
f 2631 7225 2632
f 4318 2631 2632
f 2703 7623 7624
f 2731 4455 7290
f 2670 4454 7289
f 4317 2630 2631
f 2629 7224 2630
f 4316 2629 2630
f 2703 7624 2704
f 8459 2790 5068
f 2790 8459 5165
f 8459 2788 5165
f 8458 2789 5067
f 2789 8458 5164
f 8458 2787 5164
f 4315 2628 2629
f 2627 7223 2628
f 4314 2627 2628
f 2642 7579 7580
f 4313 2626 2627
f 2625 7222 2626
f 4312 2625 2626
f 2642 7580 2643
f 4311 2624 2625
f 9287 5779 3003
f 4310 2623 2624
f 2679 7219 2680
f 4411 2679 2680
f 2618 7218 2619
f 4410 2618 2619
f 2678 7660 2679
f 4413 2678 2679
f 2617 7661 7659
f 4412 2617 2618
f 2728 7265 2729
f 4400 2728 2729
f 2667 7243 2668
f 4354 2667 2668
f 8094 5030 5133
f 3050 8094 5133
f 8093 5029 5132
f 3049 8093 5132
f 7474 3882 3884
f 6573 9532 7699
f 7699 6042 6573
f 7342 3884 3882
f 6572 9531 7698
f 7698 6041 6572
f 5749 9511 5748
f 3879 7471 7473
f 7473 3881 3879
f 7341 3879 3881
f 5748 9510 5747
f 3882 7474 7472
f 7830 10217 10329
f 10217 4293 10329
f 8278 3207 4973
f 3207 8278 5147
f 8278 3106 5147
f 8279 3208 4974
f 3208 8279 5148
f 8279 3107 5148
f 7829 10216 10328
f 10216 4292 10328
f 3046 5391 7406
f 4450 3046 7406
f 3045 5390 7405
f 4449 3045 7405
f 8265 6718 7269
f 3015 8265 7269
f 2730 4309 4401
f 5366 7713 5032
f 7713 4942 5032
f 5365 7712 5031
f 7712 4941 5031
f 2669 4308 4355
f 3197 7664 7666
f 3192 7663 7665
f 7472 3880 3882
f 7340 3882 3880
f 5747 9509 5746
f 3255 5001 3242
f 3244 3255 3242
f 3254 5000 3241
f 3243 3254 3241
f 3875 7467 7471
f 7471 3879 3875
f 7339 3875 3879
f 5746 9508 5745
f 3880 7472 7470
f 2348 488 3324
f 8214 3208 4902
f 3208 8214 5251
f 8214 3063 5251
f 8213 3207 4901
f 3207 8213 5250
f 8213 3062 5250
f 487 3324 488
f 2701 7621 7622
f 8432 2608 6737
f 2608 8432 4303
f 8431 2482 6736
f 2482 8431 4302
f 407 2351 3327
f 3327 408 407
f 3327 3341 408
f 488 2349 3325
f 7470 3878 3880
f 6983 3307 5197
f 3325 487 488
f 7338 3880 3878
f 6982 3306 5196
f 3325 3339 487
f 5745 9507 5744
f 8232 8102 5171
f 5241 4783 6983
f 3211 5171 8102
f 5240 4782 6982
f 3490 6968 8613
f 3871 7463 7469
f 9983 8613 6968
f 7469 3877 3871
f 7337 3871 3877
f 5744 9506 5743
f 3489 6967 8612
f 9982 8612 6967
f 3874 7466 7468
f 7468 3876 3874
f 7336 3874 3876
f 5743 9505 5742
f 3877 7469 7467
f 7467 3875 3877
f 7335 3877 3875
f 5742 9504 5741
f 3878 7470 7466
f 7466 3874 3878
f 7334 3878 3874
f 5741 9503 5740
f 5016 6712 3165
f 3867 7459 7465
f 6712 3159 3165
f 6712 8444 3159
f 5015 6711 3164
f 7465 3873 3867
f 6711 3158 3164
f 6711 8443 3158
f 3492 6966 8611
f 9985 8611 6966
f 7333 3867 3873
f 5740 9502 5739
f 3491 6965 8610
f 9984 8610 6965
f 8424 4179 2481
f 3870 7462 7464
f 8425 4178 2606
f 7464 3872 3870
f 3494 6964 8609
f 9987 8609 6964
f 7332 3870 3872
f 5739 9501 5738
f 3493 6963 8608
f 9986 8608 6963
f 5001 5239 3238
f 3242 5001 3238
f 5000 5238 3237
f 3241 5000 3237
f 3873 7465 7463
f 7463 3871 3873
f 3496 6962 8511
f 9989 8511 6962
f 7331 3873 3871
f 5738 9500 5737
f 3495 6961 8510
f 9988 8510 6961
f 3876 7468 7462
f 7462 3870 3876
f 3498 6960 8513
f 7330 3876 3870
f 9991 8513 6960
f 5737 9499 5736
f 3865 7457 7461
f 7461 3869 3865
f 4930 8018 3139
f 4929 8017 3138
f 7329 3865 3869
f 3497 6959 8512
f 5382 5087 4777
f 2320 5382 4777
f 9990 8512 6959
f 5736 9498 5735
f 5381 5086 4776
f 2318 5381 4776
f 3866 7458 7460
f 2701 7622 2702
f 4423 7418 3259
f 2617 7659 2618
f 4422 7417 3258
f 9706 3839 6165
f 8212 4964 7855
f 3188 8212 7855
f 8211 4963 7854
f 3187 8211 7854
f 7708 5099 3372
f 2488 7708 3372
f 7707 5098 3371
f 2363 7707 3371
f 2640 7577 7578
f 7460 3868 3866
f 7401 11199 7399
f 2640 7578 2641
f 2699 7619 7620
f 5735 9497 5734
f 3869 7461 7459
f 2699 7620 2700
f 2638 7575 7576
f 7459 3867 3869
f 7327 3869 3867
f 5734 9496 5733
f 3872 7464 7458
f 2638 7576 2639
f 2697 7617 7618
f 7458 3866 3872
f 7326 3872 3866
f 5733 9495 5732
f 3863 7455 7457
f 7457 3865 3863
f 7325 3863 3865
f 2697 7618 2698
f 2636 7573 7574
f 5732 9494 5731
f 3868 7460 7456
f 2636 7574 2637
f 7408 9706 3840
f 2695 7615 7616
f 5117 10779 5007
f 427 8467 5145
f 2695 7616 2696
f 5007 10779 3023
f 468 8466 5144
f 7456 3864 3868
f 7272 4719 5156
f 11206 10515 8286
f 2634 7571 7572
f 7271 4718 5155
f 2634 7572 2635
f 8240 4972 6581
f 5731 9493 5730
f 8240 4421 3148
f 8239 4971 6580
f 3844 7546 7548
f 8239 4420 3147
f 4900 8026 7283
f 8026 3091 7283
f 7283 3091 4459
f 7548 3842 3844
f 4899 8025 7282
f 8025 3090 7282
f 7282 3090 4458
f 7304 3844 3842
f 3144 8008 4479
f 3143 8007 4478
f 3594 6958 8606
f 10084 8606 6958
f 5730 9492 5729
f 3843 7545 7547
f 3593 6957 8605
f 10083 8605 6957
f 7547 3841 3843
f 7303 3843 3841
f 3592 6956 8604
f 10082 8604 6956
f 5729 9491 5728
f 3946 7448 7450
f 3591 6955 8603
f 10081 8603 6955
f 7450 3944 3946
f 7310 3946 3944
f 3590 6954 8602
f 10080 8602 6954
f 5728 9490 5727
f 3860 7447 7449
f 3589 6953 8601
f 10079 8601 6953
f 7449 3859 3860
f 7309 3860 3859
f 3588 6952 8600
f 10078 8600 6952
f 5338 5009 5291
f 2755 5338 5291
f 5337 5008 5290
f 2754 5337 5290
f 5727 9489 5726
f 10221 10339 10341
f 3587 6951 8599
f 10077 8599 6951
f 10339 10221 6587
f 10335 6587 10221
f 3586 6950 8598
f 10076 8598 6950
f 5726 9488 5725
f 2681 7656 7654
f 3585 6949 8597
f 10075 8597 6949
f 4978 7861 5241
f 7861 3021 5241
f 4977 7860 5240
f 7860 3020 5240
f 8085 5276 3080
f 2842 5276 8085
f 8084 5275 3079
f 2841 5275 8084
f 5399 4982 5133
f 2772 5399 5133
f 5398 4981 5132
f 2771 5398 5132
f 10220 10338 10340
f 10338 10220 6586
f 5725 9487 5724
f 10334 6586 10220
f 3584 6948 8596
f 10074 8596 6948
f 2681 7654 2682
f 5423 8056 4453
f 8281 3194 7418
f 3194 8281 4917
f 4917 7687 3194
f 8280 3189 7417
f 3189 8280 4916
f 4916 7686 3189
f 3583 6947 8595
f 10073 8595 6947
f 5724 9486 5723
f 6993 8056 2802
f 3582 6946 8594
f 10072 8594 6946
f 5276 4932 3080
f 5275 4931 3079
f 3062 8213 2752
f 3063 8214 2751
f 5423 2802 8056
f 2325 5343 5063
f 10215 10437 10439
f 3581 6945 8593
f 10071 8593 6945
f 5723 9443 5677
f 2503 10213 10215
f 3580 6944 8592
f 10070 8592 6944
f 10214 10436 10438
f 2379 10212 10214
f 3579 6943 8591
f 10069 8591 6943
f 5719 9483 5718
f 3949 7444 7446
f 3578 6942 8590
f 10068 8590 6942
f 7446 3947 3949
f 2327 5344 5064
f 7302 3949 3947
f 3577 6941 8589
f 10067 8589 6941
f 5718 9482 5717
f 3858 7443 7445
f 3576 6940 8588
f 7290 4452 7209
f 2731 7290 7209
f 7289 4451 7208
f 2670 7289 7208
f 10066 8588 6940
f 7445 3857 3858
f 7301 3858 3857
f 8438 2762 5141
f 3575 6939 8587
f 10065 8587 6939
f 8437 2761 5140
f 5717 9481 5716
f 3947 7446 7448
f 3574 6938 8586
f 10064 8586 6938
f 7448 3946 3947
f 3294 5441 3342
f 5441 2813 3342
f 3293 5440 3343
f 5440 2812 3343
f 5383 3003 5779
f 8971 4035 4034
f 4034 6807 5973
f 7306 3947 3946
f 3573 6937 8585
f 5716 9480 5715
f 10063 8585 6937
f 3857 7445 7447
f 443 5439 3298
f 3294 5439 442
f 5439 3294 3298
f 5439 443 442
f 452 5438 3297
f 3293 5438 453
f 5438 3293 3297
f 5438 452 453
f 7447 3860 3857
f 3572 6936 8584
f 10062 8584 6936
f 7305 3857 3860
f 5715 9479 5714
f 3571 6935 8583
f 10215 10439 8893
f 10061 8583 6935
f 10437 3718 10439
f 10214 10438 8892
f 3570 6934 8582
f 5714 9478 5713
f 10060 8582 6934
f 10436 3717 10438
f 10197 10422 10196
f 3569 6933 8581
f 10197 10423 10422
f 10059 8581 6933
f 5713 9477 5712
f 10423 3705 10422
f 3568 6932 8580
f 10058 8580 6932
f 10195 10420 10194
f 10195 10421 10420
f 3567 6931 8579
f 10057 8579 6931
f 10421 3703 10420
f 5712 9476 5711
f 10193 10418 10192
f 10193 10419 10418
f 10419 3701 10418
f 10191 10416 10190
f 10191 10417 10416
f 10417 3699 10416
f 10189 10414 10188
f 3566 6930 8578
f 10189 10415 10414
f 10056 8578 6930
f 10415 3697 10414
f 10187 10412 10186
f 3565 6929 8577
f 10055 8577 6929
f 5711 9475 5710
f 8436 7211 7554
f 10187 10413 10412
f 2730 7554 7211
f 8435 7210 7553
f 3564 6928 8576
f 2669 7553 7210
f 10054 8576 6928
f 10413 3695 10412
f 10185 10410 10184
f 3563 6927 8575
f 10053 8575 6927
f 5437 3167 5111
f 2799 5437 5111
f 5436 3166 5110
f 2798 5436 5110
f 3101 5457 5033
f 5435 3287 4934
f 3287 5435 4972
f 5710 9474 5709
f 3102 5458 5034
f 5434 3288 4933
f 3288 5434 4971
f 10185 10411 10410
f 10411 3693 10410
f 3562 6926 8574
f 10052 8574 6926
f 10183 10408 10182
f 5709 9473 5708
f 3561 6925 8573
f 10183 10409 10408
f 10051 8573 6925
f 10409 3691 10408
f 10181 10406 10180
f 3560 6924 8572
f 10050 8572 6924
f 5708 9472 5707
f 10181 10407 10406
f 10407 3689 10406
f 3559 6923 8571
f 10049 8571 6923
f 10179 10404 10178
f 5707 9471 5706
f 3558 6922 8570
f 10048 8570 6922
f 10179 10405 10404
f 10405 3687 10404
f 3557 6921 8569
f 10047 8569 6921
f 10177 10402 10176
f 5706 9470 5705
f 3263 5433 5358
f 5433 3296 5358
f 5433 3263 2783
f 3262 5432 5357
f 5432 3295 5357
f 5432 3262 2784
f 3556 6920 8568
f 10046 8568 6920
f 10177 10403 10402
f 10403 3685 10402
f 10175 10400 10174
f 3555 6919 8567
f 10045 8567 6919
f 5705 9469 5704
f 10175 10401 10400
f 10401 3683 10400
f 10173 10398 10172
f 3554 6918 8566
f 10044 8566 6918
f 5704 9468 5703
f 5327 8454 3280
f 8454 5327 7423
f 4430 8454 7423
f 5326 8453 3279
f 8453 5326 7422
f 4429 8453 7422
f 10173 10399 10398
f 3553 6917 8565
f 10043 8565 6917
f 10399 3681 10398
f 10171 10396 10170
f 2620 7655 7653
f 2620 7653 2621
f 5703 9467 5702
f 4917 3261 6978
f 10171 10397 10396
f 4916 3260 6977
f 8452 3181 5110
f 3166 8452 5110
f 7706 3274 3285
f 2831 7706 3285
f 10397 3679 10396
f 10169 10394 10168
f 3548 6916 8562
f 10040 8562 6916
f 5702 9466 5701
f 4765 8243 8298
f 8243 3101 8298
f 4766 8244 8299
f 8244 3102 8299
f 10169 10395 10394
f 3547 6915 8561
f 10039 8561 6915
f 8455 3182 5111
f 3167 8455 5111
f 10395 3677 10394
f 10156 10380 10155
f 4783 6974 4450
f 6974 3046 4450
f 3546 6914 8560
f 3021 6974 4783
f 4782 6973 4449
f 6973 3045 4449
f 10038 8560 6914
f 3020 6973 4782
f 8232 5171 5143
f 2756 8232 5143
f 2333 7706 2831
f 2757 8233 5142
f 5701 9465 5700
f 10156 10381 10380
f 10381 3658 10380
f 3545 6913 8559
f 10037 8559 6913
f 10154 10378 10153
f 5700 9464 5699
f 3544 6912 8558
f 10036 8558 6912
f 10154 10379 10378
f 10379 3656 10378
f 3543 6911 8557
f 10035 8557 6911
f 10152 10376 10151
f 5699 9463 5698
f 3542 6910 8556
f 3212 8058 5179
f 8058 3063 5179
f 10034 8556 6910
f 3213 8057 5180
f 8057 3062 5180
f 10152 10377 10376
f 10377 3654 10376
f 3541 6909 8555
f 10033 8555 6909
f 10150 10374 10149
f 5698 9462 5697
f 3540 6908 8554
f 10032 8554 6908
f 10150 10375 10374
f 10375 3652 10374
f 3539 6907 8553
f 10031 8553 6907
f 10148 10372 10147
f 5697 9461 5696
f 10148 10373 10372
f 10373 3650 10372
f 3538 6906 8552
f 10030 8552 6906
f 10146 10370 10145
f 5696 9460 5695
f 10146 10371 10370
f 10371 3648 10370
f 3537 6905 8551
f 10029 8551 6905
f 10144 10368 10143
f 3225 5356 5044
f 5695 9459 5694
f 3536 6904 8550
f 3224 5355 5043
f 10028 8550 6904
f 5449 4923 5328
f 3114 5449 5328
f 2725 7645 7646
f 10144 10369 10368
f 10369 3646 10368
f 3535 6903 8549
f 10027 8549 6903
f 10142 10366 10141
f 5694 9458 5693
f 3534 6902 8548
f 10026 8548 6902
f 10142 10367 10366
f 10367 3644 10366
f 3533 6901 8547
f 10025 8547 6901
f 10140 10364 10139
f 5693 9457 5692
f 10140 10365 10364
f 3532 6900 8546
f 10024 8546 6900
f 10365 3642 10364
f 10138 10362 10137
f 10138 10363 10362
f 10363 3640 10362
f 10136 10360 10135
f 10136 10361 10360
f 5692 9456 5691
f 3531 6899 8545
f 10023 8545 6899
f 10361 3638 10360
f 10134 10358 10133
f 3530 6898 8544
f 10022 8544 6898
f 10134 10359 10358
f 5691 9455 5690
f 3529 6897 8543
f 10021 8543 6897
f 10359 3636 10358
f 10132 10356 10131
f 3528 6896 8542
f 10020 8542 6896
f 10132 10357 10356
f 5690 9454 5689
f 3527 6895 8541
f 10019 8541 6895
f 10357 3634 10356
f 10130 10354 10129
f 3526 6894 8540
f 10018 8540 6894
f 10130 10355 10354
f 5689 9453 5688
f 3525 6893 8539
f 10017 8539 6893
f 10355 3632 10354
f 10128 10352 10127
f 3524 6892 8538
f 10016 8538 6892
f 10128 10353 10352
f 5688 9452 5687
f 3523 6891 8537
f 3839 9706 7408
f 10015 8537 6891
f 10353 3630 10352
f 6394 9706 6165
f 10167 10392 10166
f 3522 6890 8536
f 10167 10393 10392
f 10014 8536 6890
f 2679 7660 7219
f 10393 3675 10392
f 10126 10350 10125
f 2618 7659 7218
f 5687 9451 5686
f 10126 10351 10350
f 8738 6405 6401
f 10351 3628 10350
f 3521 6889 8535
f 4095 6401 6405
f 10165 10390 10164
f 10013 8535 6889
f 2725 7646 2726
f 5686 9450 5685
f 10165 10391 10390
f 2664 7601 7602
f 10391 3673 10390
f 10124 10348 10123
f 2682 7654 7221
f 10124 10349 10348
f 3520 6888 8534
f 2621 7653 7220
f 10349 3626 10348
f 10012 8534 6888
f 6807 4034 5974
f 5685 9449 5684
f 10163 10388 10162
f 4095 6405 3745
f 10163 10389 10388
f 10389 3671 10388
f 4035 5974 4034
f 5684 9448 5683
f 3519 6887 8533
f 6177 6999 6413
f 10122 10346 10121
f 10011 8533 6887
f 2728 7648 7265
f 10122 10347 10346
f 10347 3624 10346
f 2664 7602 2665
f 10209 10435 10213
f 10209 10433 10435
f 2726 7646 7264
f 5683 9447 5682
f 3518 6886 8532
f 2727 7647 7648
f 10433 3714 10435
f 10010 8532 6886
f 2724 7644 7263
f 10208 10434 10212
f 10208 10432 10434
f 2727 7648 2728
f 10432 3713 10434
f 10161 10386 10160
f 2722 7642 7262
f 5682 9446 5681
f 3517 6885 8531
f 2666 7603 7604
f 10161 10387 10386
f 10009 8531 6885
f 2720 7640 7261
f 10387 3669 10386
f 10120 10344 10119
f 2666 7604 2667
f 10120 10345 10344
f 10345 3622 10344
f 2718 7638 7260
f 5681 9445 5680
f 3516 6884 8530
f 8517 9995 8519
f 3386 8887 8622
f 10008 8530 6884
f 2716 7636 7259
f 8887 3384 8622
f 3385 8886 8623
f 8519 9995 9997
f 8886 3383 8623
f 10205 10431 10207
f 2714 7634 7258
f 5680 9444 5679
f 3515 6883 8529
f 3504 8517 8519
f 10205 10429 10431
f 10007 8529 6883
f 2712 7632 7257
f 10429 3664 10431
f 10204 10430 10206
f 8516 9994 8518
f 10204 10428 10430
f 10428 3617 10430
f 2710 7630 7256
f 5679 9442 5678
f 3514 6882 8528
f 8518 9994 9996
f 9966 10106 10520
f 10006 8528 6882
f 2708 7628 7255
f 3503 8516 8518
f 8104 4759 5072
f 4759 2769 5072
f 2505 10209 10213
f 2381 10208 10212
f 2706 7626 7254
f 5678 9441 5676
f 3513 6881 8527
f 3323 2769 4759
f 10159 10384 10201
f 10005 8527 6881
f 2704 7624 7253
f 10159 10385 10384
f 10385 3667 10384
f 8103 4758 5071
f 10118 10342 10200
f 10118 10343 10342
f 2702 7622 7252
f 5765 9527 5764
f 3512 6880 8526
f 4758 2768 5071
f 10343 3620 10342
f 10004 8526 6880
f 2700 7620 7251
f 10201 10384 10427
f 2515 10159 10201
f 3322 2768 4758
f 10200 10342 10426
f 2390 10118 10200
f 2698 7618 7250
f 5720 9484 5719
f 3511 6879 8525
f 431 7431 430
f 2510 10205 10207
f 10003 8525 6879
f 2696 7616 7249
f 2385 10204 10206
f 2520 10161 10160
f 8739 6406 6402
f 2394 10120 10119
f 2524 10163 10162
f 2694 7614 7248
f 5766 9528 5765
f 3510 6878 8524
f 7431 5249 430
f 2399 10122 10121
f 10002 8524 6878
f 2692 7612 7247
f 2527 10165 10164
f 2403 10124 10123
f 6413 9775 7001
f 2591 10197 10196
f 2587 10195 10194
f 2690 7610 7246
f 5721 9485 5720
f 3509 6877 8523
f 4096 6402 6406
f 2583 10193 10192
f 10001 8523 6877
f 2688 7608 7245
f 2579 10191 10190
f 2575 10189 10188
f 6350 8957 9543
f 2571 10187 10186
f 2567 10185 10184
f 2686 7606 7244
f 2563 10183 10182
f 3508 6876 8522
f 5804 8957 6350
f 2559 10181 10180
f 10000 8522 6876
f 2667 7604 7243
f 2556 10179 10178
f 6413 6999 9775
f 8972 4082 4081
f 2551 10177 10176
f 6351 8958 9544
f 2665 7602 7242
f 2547 10175 10174
f 3507 6875 8521
f 5805 8958 6351
f 2543 10173 10172
f 9999 8521 6875
f 2663 7600 7241
f 2540 10171 10170
f 4081 6851 6017
f 4096 6406 3746
f 2535 10169 10168
f 2693 7613 7614
f 2661 7598 7240
f 5767 9434 5766
f 2693 7614 2694
f 2632 7569 7570
f 2531 10167 10166
f 2632 7570 2633
f 2659 7596 7239
f 2466 10156 10155
f 2463 10154 10153
f 2687 7607 7608
f 2458 10152 10151
f 2455 10150 10149
f 2657 7594 7238
f 5722 9433 5721
f 2687 7608 2688
f 2626 7563 7564
f 2451 10148 10147
f 2626 7564 2627
f 2655 7592 7237
f 2447 10146 10145
f 2443 10144 10143
f 10931 7906 10977
f 2438 10142 10141
f 2435 10140 10139
f 2653 7590 7236
f 6851 4081 6018
f 5904 10931 10977
f 10930 7905 10976
f 2431 10138 10137
f 5903 10930 10976
f 2651 7588 7235
f 6135 9190 6136
f 6136 4698 6135
f 8607 10085 10087
f 2427 10136 10135
f 4082 6018 4081
f 2649 7586 7234
f 6090 9189 6091
f 6091 4653 6090
f 10087 8509 8607
f 2423 10134 10133
f 3603 10502 3615
f 2647 7584 7233
f 2921 9981 2920
f 2418 10132 10131
f 3596 8607 8509
f 2415 10130 10129
f 3604 10501 3616
f 2645 7582 7232
f 2862 9980 2861
f 7432 8073 5405
f 8563 10041 10086
f 2411 10128 10127
f 5405 3104 7432
f 2643 7580 7231
f 2406 10126 10125
f 10199 10424 10198
f 10086 8508 8563
f 10199 10425 10424
f 10425 3707 10424
f 2641 7578 7230
f 10158 10382 10157
f 10158 10383 10382
f 3550 8563 8508
f 5431 3172 2813
f 10383 3660 10382
f 10201 10427 10203
f 5430 3171 2812
f 2639 7576 7229
f 10384 3666 10427
f 5258 5279 3076
f 2689 7609 7610
f 10200 10426 10202
f 10342 3619 10426
f 2637 7574 7228
f 2595 10199 10198
f 5278 5257 3078
f 2471 10158 10157
f 2513 10201 10203
f 2689 7610 2690
f 2389 10200 10202
f 10211 10425 10199
f 2635 7572 7227
f 5277 5256 3077
f 2598 10211 10199
f 2628 7565 7566
f 10210 10383 10158
f 2473 10210 10158
f 2633 7570 7226
f 3046 6974 8020
f 2507 10207 10209
f 2628 7566 2629
f 2383 10206 10208
f 7864 3367 2815
f 2631 7568 7225
f 4180 3046 8020
f 3282 7864 2815
f 2691 7611 7612
f 4926 4989 10470
f 7864 454 3367
f 2629 7566 7224
f 3045 6973 8019
f 7865 3366 2814
f 2691 7612 2692
f 10470 3274 4926
f 3281 7865 2814
f 2627 7564 7223
f 4181 3045 8019
f 7865 441 3366
f 2630 7567 7568
f 2630 7568 2631
f 7153 7770 7771
f 2625 7562 7222
f 7770 4234 7771
f 8075 3014 5254
f 7108 7725 7726
f 7725 4188 7726
f 2839 5459 10470
f 2517 10160 10159
f 3052 5427 4996
f 5459 3274 10470
f 8060 9968 6739
f 9710 8231 9725
f 3051 5426 4995
f 4427 8060 6739
f 7154 7771 7772
f 7771 4235 7772
f 7109 7726 7727
f 8059 9969 6738
f 4426 8059 6738
f 9725 8231 8098
f 4129 6433 6436
f 9725 3000 9710
f 5228 3105 3286
f 7726 4189 7727
f 2832 5228 3286
f 7034 6436 6433
f 7155 7772 7773
f 7772 4236 7773
f 10329 4291 7824
f 7110 7727 7728
f 7727 4190 7728
f 10328 4290 7823
f 7156 7773 7774
f 3102 5425 5291
f 7773 4237 7774
f 5425 2755 5291
f 7111 7728 7729
f 3101 5424 5290
f 7728 4191 7729
f 5424 2754 5290
f 6585 10227 8895
f 7157 7774 7775
f 2499 10227 2497
f 6584 10226 8894
f 7774 4238 7775
f 5014 4442 3235
f 2374 10226 2373
f 4133 3789 6436
f 4401 2729 2730
f 4129 6436 3789
f 4355 2668 2669
f 6583 10219 8893
f 10219 2502 8893
f 6582 10218 8892
f 7112 7729 7730
f 2393 10119 10118
f 10218 2377 8892
f 7729 4192 7730
f 2521 10162 10161
f 2397 10121 10120
f 2525 10164 10163
f 2401 10123 10122
f 2530 10166 10165
f 2405 10125 10124
f 2589 10196 10195
f 2585 10194 10193
f 2582 10192 10191
f 2578 10190 10189
f 7192 7809 7810
f 7809 4273 7810
f 7147 7764 7765
f 2574 10188 10187
f 2569 10186 10185
f 2565 10184 10183
f 2562 10182 10181
f 2557 10180 10179
f 2553 10178 10177
f 2550 10176 10175
f 7764 4227 7765
f 7158 7775 7776
f 7775 4239 7776
f 2545 10174 10173
f 2541 10172 10171
f 2537 10170 10169
f 2533 10168 10167
f 2465 10155 10154
f 2461 10153 10152
f 2457 10151 10150
f 2453 10149 10148
f 2448 10147 10146
f 2444 10145 10144
f 2441 10143 10142
f 2437 10141 10140
f 2433 10139 10138
f 2428 10137 10136
f 9709 8230 9724
f 2425 10135 10134
f 9724 8230 8097
f 2421 10133 10132
f 2417 10131 10130
f 2412 10129 10128
f 2409 10127 10126
f 2594 10198 10197
f 5422 3174 5085
f 3174 5422 2816
f 5421 3173 5084
f 3173 5421 2817
f 7855 4968 3125
f 7854 4967 3124
f 8226 4964 7708
f 2672 8226 7708
f 2469 10157 10156
f 2511 10203 10205
f 2386 10202 10204
f 2236 10444 10529
f 10444 8506 10529
f 2234 10444 2236
f 10211 10341 10425
f 10221 10341 10211
f 8225 4963 7707
f 2611 8225 7707
f 2599 10221 10211
f 10210 10340 10383
f 10220 10340 10210
f 2474 10220 10210
f 2783 5446 2781
f 5400 2783 2781
f 2784 5447 2782
f 5401 2784 2782
f 4958 5366 3307
f 2320 5366 4958
f 2320 4958 5025
f 4957 5365 3306
f 2318 5365 4957
f 2318 4957 5024
f 5603 8897 8505
f 11199 7401 3937
f 9724 2999 9709
f 5602 8896 8504
f 11199 3941 7399
f 2538 9245 9244
f 3033 3031 4464
f 3032 3030 4463
f 6985 5790 6161
f 5790 5593 6161
f 6984 5789 6160
f 5789 5592 6160
f 10339 3709 10341
f 10338 3662 10340
f 6105 9244 9245
f 2840 5460 7560
f 2413 9211 9210
f 5460 3105 7560
f 6060 9210 9211
f 7113 7730 7731
f 3724 6585 3722
f 3724 6589 6585
f 3723 6584 3721
f 3723 6588 6584
f 10341 3708 10425
f 10340 3661 10383
f 3324 3354 2348
f 2542 9247 9246
f 6107 9246 9247
f 7730 4193 7731
f 3968 5101 5013
f 7159 7776 7777
f 5013 8442 3968
f 7776 4240 7777
f 2416 9213 9212
f 3967 5100 5012
f 5012 8441 3967
f 6062 9212 9213
f 5812 10520 10106
f 10106 5791 5812
f 7114 7731 7732
f 6994 8086 7101
f 6994 8037 8086
f 7731 4194 7732
f 6994 4890 8037
f 6994 7849 4890
f 7190 7807 7808
f 7807 4271 7808
f 6601 5083 3095
f 2546 9249 9248
f 7188 7805 7806
f 5083 6601 3954
f 6109 9248 9249
f 6600 5082 3094
f 7805 4269 7806
f 7186 7803 7804
f 7803 4267 7804
f 7184 7801 7802
f 7801 4265 7802
f 7182 7799 7800
f 2420 9215 9214
f 5319 4986 7900
f 11198 3881 3883
f 5318 4985 7899
f 11198 7343 7341
f 5082 6600 3953
f 5416 3050 4982
f 6064 9214 9215
f 5215 11085 10520
f 10520 5014 5215
f 5415 3049 4981
f 10520 5812 5014
f 4423 3261 7418
f 4422 3260 7417
f 7799 4263 7800
f 7180 7797 7798
f 5599 6587 8735
f 3710 6587 5599
f 5598 6586 8734
f 3663 6586 5598
f 6092 9184 9178
f 9184 2512 9178
f 6047 9183 9177
f 9183 2387 9177
f 7896 4966 3097
f 3095 7896 3097
f 7896 3095 4751
f 7896 3072 4966
f 7895 4965 3096
f 3094 7895 3096
f 7895 3094 4750
f 7895 3071 4965
f 9997 2928 2929
f 2928 8715 2929
f 9996 2869 2870
f 2869 8714 2870
f 7432 6710 8073
f 4124 6429 6432
f 7797 4261 7798
f 2332 8073 6710
f 3152 5035 5093
f 7178 7795 7796
f 7795 4259 7796
f 5035 2231 5093
f 3153 5036 5094
f 7176 7793 7794
f 7793 4257 7794
f 5036 2290 5094
f 5190 2794 5334
f 7174 7791 7792
f 7791 4255 7792
f 7172 7789 7790
f 7789 4253 7790
f 7170 7787 7788
f 7787 4251 7788
f 7168 7785 7786
f 7785 4249 7786
f 2549 9251 9250
f 7166 7783 7784
f 3253 5190 5334
f 2796 5334 2794
f 5189 2793 5333
f 7783 4247 7784
f 3252 5189 5333
f 2795 5333 2793
f 5334 6365 3253
f 5333 6364 3252
f 5657 9414 5659
f 4889 7666 3196
f 9416 5659 9414
f 5656 9413 5658
f 9415 5658 9413
f 4888 7665 3191
f 3038 6384 5118
f 3037 3038 5118
f 3319 5191 5282
f 7164 7781 7782
f 5191 2360 5282
f 10979 5910 10797
f 7781 4245 7782
f 7162 7779 7780
f 7779 4243 7780
f 7160 7777 7778
f 7777 4241 7778
f 7414 10797 8723
f 10979 10797 2854
f 7414 2854 10797
f 10978 5909 10796
f 7413 10796 8722
f 10978 10796 2847
f 7413 2847 10796
f 3074 5407 4781
f 3195 6978 3196
f 3196 6978 7836
f 3196 7678 3195
f 3073 5406 4780
f 3190 6977 3191
f 3191 6977 7835
f 3191 7677 3190
f 3104 5405 5161
f 4887 7662 3198
f 3103 5404 5160
f 8737 10530 8507
f 5403 3103 5160
f 5403 3214 4975
f 3214 5403 5160
f 6111 9250 9251
f 5402 3104 5161
f 5402 3215 4976
f 3215 5402 5161
f 5026 2336 472
f 4886 7661 3193
f 2336 5412 473
f 8736 10529 8506
f 472 2336 473
f 3502 8789 8787
f 5090 11115 412
f 413 5090 412
f 5060 5090 413
f 2424 9217 9216
f 9710 3000 9180
f 8434 3000 5782
f 3000 8434 9180
f 6066 9216 9217
f 9709 2999 9179
f 8433 2999 5781
f 5399 3250 4982
f 2999 8433 9179
f 10657 10507 3356
f 5123 3356 10507
f 5398 3251 4981
f 10507 3011 5123
f 10656 10506 3355
f 5122 3355 10506
f 10506 3010 5122
f 2554 9253 9252
f 2608 5397 4894
f 7145 7762 7763
f 8721 5908 8719
f 2926 8721 8719
f 2482 5396 4893
f 7762 4225 7763
f 6113 9252 9253
f 8720 5907 8718
f 2867 8720 8718
f 2429 9219 9218
f 10084 2972 10085
f 6068 9218 9219
f 10040 2913 10041
f 2581 9267 9266
f 9991 2926 9993
f 6127 9266 9267
f 9990 2867 9992
f 3281 2820 4607
f 2820 3086 4607
f 4999 5104 7557
f 2577 9265 9264
f 6125 9264 9265
f 5306 4948 10449
f 10449 3600 5306
f 7143 7760 7761
f 5305 4947 10448
f 7760 4223 7761
f 6718 8418 8461
f 8418 3964 8461
f 7141 7758 7759
f 5393 3290 2814
f 7758 4221 7759
f 3257 5393 2814
f 7139 7756 7757
f 5392 3289 2815
f 7756 4219 7757
f 3256 5392 2815
f 7672 8462 8099
f 8462 2738 8099
f 7673 8463 8100
f 8463 2739 8100
f 7137 7754 7755
f 7754 4217 7755
f 7135 7752 7753
f 7752 4215 7753
f 3041 5391 4604
f 10448 3599 5305
f 2573 9263 9262
f 6123 9262 9263
f 3040 5390 4605
f 7426 5776 4453
f 4453 8056 7426
f 2570 9261 9260
f 6717 8421 8460
f 8421 3963 8460
f 5589 10449 4948
f 8056 9734 7426
f 7133 7750 7751
f 7265 4872 7559
f 5588 10448 4947
f 4872 7265 7648
f 2774 5389 5048
f 2776 5389 5016
f 5389 2776 5048
f 5389 2774 5016
f 2773 5388 5047
f 2775 5388 5015
f 5388 2775 5047
f 5388 2773 5015
f 7750 4213 7751
f 5387 639 642
f 7243 4827 7558
f 7131 7748 7749
f 7748 4211 7749
f 7129 7746 7747
f 7746 4209 7747
f 7127 7744 7745
f 7744 4207 7745
f 3116 5033 5061
f 3099 5386 2832
f 5033 2361 5061
f 3117 5034 5062
f 3098 5385 2831
f 5034 2487 5062
f 7125 7742 7743
f 7742 4205 7743
f 7123 7740 7741
f 9966 256 254
f 7740 4203 7741
f 7121 7738 7739
f 7738 4201 7739
f 7119 7736 7737
f 7736 4199 7737
f 498 9965 496
f 7117 7734 7735
f 7734 4197 7735
f 7115 7732 7733
f 398 9964 400
f 2994 9750 6741
f 6741 5418 2994
f 2993 9749 6740
f 6740 5417 2993
f 7732 4195 7733
f 7201 7818 7816
f 7818 4283 7816
f 7200 7817 7815
f 4827 7243 7604
f 5180 2752 7557
f 6121 9260 9261
f 7817 4282 7815
f 7193 7810 7811
f 7810 4274 7811
f 8264 6717 7268
f 3014 8264 7268
f 7028 6432 6429
f 6345 9400 9398
f 7148 7765 7766
f 7765 4228 7766
f 5784 2311 9284
f 7199 7816 7814
f 7816 4281 7814
f 7198 7815 7813
f 5783 2295 9283
f 7815 4280 7813
f 6587 10335 8735
f 4939 7437 5065
f 2604 10335 2601
f 6586 10334 8734
f 7437 3112 5065
f 2479 10334 2477
f 4940 7438 5066
f 7438 3113 5066
f 7197 7814 7768
f 7814 4279 7768
f 7196 7813 7723
f 7813 4278 7723
f 2566 9259 9258
f 2675 4419 7096
f 6119 9258 9259
f 2614 4418 7095
f 7151 7768 7769
f 7768 4232 7769
f 9969 6727 8019
f 4436 8019 6727
f 9968 6728 8020
f 5379 2821 3359
f 4128 3784 6432
f 5378 2820 3360
f 5378 3184 3211
f 4435 8020 6728
f 4976 5115 5169
f 5115 2767 5169
f 7106 7723 7724
f 9400 3722 9398
f 7723 4186 7724
f 6344 9399 9397
f 9399 3721 9397
f 5932 6868 4305
f 6868 3602 4305
f 7194 7811 7812
f 7811 4275 7812
f 7149 7766 7767
f 3610 7904 3608
f 5931 6867 4304
f 8051 3608 7904
f 3609 7903 3607
f 6867 3601 4304
f 8050 3607 7903
f 7766 4229 7767
f 4889 7836 7830
f 7836 10217 7830
f 3230 5115 5269
f 3196 7836 4889
f 4888 7835 7829
f 7835 10216 7829
f 5115 3215 5269
f 3191 7835 4888
f 7205 7822 7820
f 7822 4287 7820
f 7204 7821 7819
f 7821 4286 7819
f 3066 5295 5081
f 9945 3732 5466
f 8789 3502 3504
f 2561 9257 9256
f 9946 3731 5465
f 8071 8309 4277
f 4446 8071 4721
f 4721 8071 4277
f 6117 9256 9257
f 8070 8308 4231
f 4445 8070 4720
f 4720 8070 4231
f 2558 9255 9254
f 6115 9254 9255
f 2456 9233 9232
f 3960 7285 5775
f 3066 2741 5295
f 8935 2236 9761
f 6082 9232 9233
f 3959 7284 5774
f 2452 9231 9230
f 3598 6981 8619
f 10101 8619 6981
f 3065 5294 5080
f 3065 2740 5294
f 3552 6980 8618
f 10100 8618 6980
f 3600 3025 5306
f 7244 4830 7607
f 3599 3024 5305
f 4830 7244 7606
f 7222 4785 7563
f 5314 3253 6365
f 5314 6365 8906
f 4785 7222 7562
f 3384 9408 9292
f 4417 2677 4415
f 4416 2616 4414
f 5313 3252 6364
f 9408 3384 8887
f 5313 6364 8905
f 9278 6046 9282
f 3383 9407 9291
f 6044 9282 6046
f 6046 4713 6044
f 9277 6045 9281
f 6043 9281 6045
f 6045 4712 6043
f 2978 2780 8964
f 7701 5074 4922
f 3068 7701 4922
f 7700 5073 4921
f 3067 7700 4921
f 2608 8053 6737
f 8053 2608 4894
f 2482 8052 6736
f 8052 2482 4893
f 4175 4897 6723
f 4175 3956 4897
f 2977 4175 6723
f 8064 4175 2977
f 4174 4898 6724
f 4174 3955 4898
f 2978 4174 6724
f 8063 4174 2978
f 9407 3383 8886
f 7442 9172 7444
f 3600 10449 5464
f 6080 9230 9231
f 7245 4832 7609
f 3599 10448 5463
f 3501 8788 8786
f 4832 7245 7608
f 7223 4787 7565
f 8788 3501 3503
f 3504 8791 8789
f 4787 7223 7564
f 7246 4834 7611
f 8791 3504 3506
f 2977 2779 8963
f 6704 10311 6703
f 10310 6703 10311
f 2591 10310 10311
f 6703 10310 6702
f 10309 6702 10310
f 2589 10309 10310
f 6702 10309 6701
f 10308 6701 10309
f 4834 7246 7610
f 2587 10308 10309
f 6701 10308 6700
f 7224 4789 7567
f 10307 6700 10308
f 3103 3082 3056
f 3048 3321 8033
f 3503 8790 8788
f 8449 6976 7278
f 2585 10307 10308
f 6700 10307 6699
f 8448 6975 7277
f 10306 6699 10307
f 2583 10306 10307
f 6699 10306 6698
f 4789 7224 7566
f 8042 5064 4760
f 8042 2327 5064
f 10305 6698 10306
f 2582 10305 10306
f 6698 10305 6697
f 10304 6697 10305
f 2579 10304 10305
f 6697 10304 6696
f 7247 4836 7613
f 10303 6696 10304
f 2578 10303 10304
f 4836 7247 7612
f 6696 10303 6695
f 7225 4791 7569
f 4791 7225 7568
f 10302 6695 10303
f 2575 10302 10303
f 6695 10302 6694
f 10301 6694 10302
f 2574 10301 10302
f 6694 10301 6693
f 10300 6693 10301
f 5375 2983 9172
f 2571 10300 10301
f 5374 2982 9171
f 6693 10300 6692
f 7248 4838 7615
f 4838 7248 7614
f 10299 6692 10300
f 2569 10299 10300
f 6692 10299 6691
f 10298 6691 10299
f 2567 10298 10299
f 6691 10298 6690
f 10297 6690 10298
f 2565 10297 10298
f 6690 10297 6689
f 10296 6689 10297
f 2563 10296 10297
f 6689 10296 6688
f 10295 6688 10296
f 2562 10295 10296
f 6688 10295 6687
f 10294 6687 10295
f 2559 10294 10295
f 6687 10294 6686
f 10293 6686 10294
f 2557 10293 10294
f 6686 10293 6685
f 10292 6685 10293
f 2556 10292 10293
f 6685 10292 6684
f 10291 6684 10292
f 2553 10291 10292
f 6684 10291 6683
f 10290 6683 10291
f 2551 10290 10291
f 6683 10290 6682
f 10289 6682 10290
f 2550 10289 10290
f 6682 10289 6681
f 10288 6681 10289
f 2547 10288 10289
f 6681 10288 6680
f 10287 6680 10288
f 2545 10287 10288
f 6680 10287 6679
f 10286 6679 10287
f 2543 10286 10287
f 6679 10286 6678
f 10285 6678 10286
f 2541 10285 10286
f 6678 10285 6677
f 10284 6677 10285
f 2540 10284 10285
f 6677 10284 6676
f 10283 6676 10284
f 2537 10283 10284
f 6676 10283 6675
f 10282 6675 10283
f 2535 10282 10283
f 6675 10282 6674
f 10281 6674 10282
f 2533 10281 10282
f 6674 10281 6673
f 10280 6673 10281
f 2531 10280 10281
f 6673 10280 6672
f 10279 6672 10280
f 2530 10279 10280
f 6672 10279 6671
f 10278 6671 10279
f 2527 10278 10279
f 6671 10278 6670
f 10277 6670 10278
f 2525 10277 10278
f 6670 10277 6669
f 10276 6669 10277
f 2524 10276 10277
f 6669 10276 6668
f 10275 6668 10276
f 2521 10275 10276
f 6668 10275 6667
f 10274 6667 10275
f 2520 10274 10275
f 6667 10274 6666
f 10273 6666 10274
f 2517 10273 10274
f 6659 10268 6658
f 10267 6658 10268
f 2466 10267 10268
f 6658 10267 6657
f 10266 6657 10267
f 2465 10266 10267
f 6657 10266 6656
f 10265 6656 10266
f 2463 10265 10266
f 6656 10265 6655
f 10264 6655 10265
f 2461 10264 10265
f 6655 10264 6654
f 10263 6654 10264
f 2458 10263 10264
f 6654 10263 6653
f 10262 6653 10263
f 2457 10262 10263
f 6653 10262 6652
f 10261 6652 10262
f 2455 10261 10262
f 6652 10261 6651
f 10260 6651 10261
f 2453 10260 10261
f 6651 10260 6650
f 10259 6650 10260
f 2451 10259 10260
f 6650 10259 6649
f 10258 6649 10259
f 2448 10258 10259
f 6649 10258 6648
f 10257 6648 10258
f 2447 10257 10258
f 6648 10257 6647
f 10256 6647 10257
f 2444 10256 10257
f 6647 10256 6646
f 10255 6646 10256
f 2443 10255 10256
f 6646 10255 6645
f 10254 6645 10255
f 2441 10254 10255
f 6645 10254 6644
f 10253 6644 10254
f 2438 10253 10254
f 6644 10253 6643
f 10252 6643 10253
f 2437 10252 10253
f 6643 10252 6642
f 10251 6642 10252
f 2435 10251 10252
f 6642 10251 6641
f 10250 6641 10251
f 2433 10250 10251
f 6641 10250 6640
f 10249 6640 10250
f 2431 10249 10250
f 6640 10249 6639
f 10248 6639 10249
f 2428 10248 10249
f 6639 10248 6638
f 10247 6638 10248
f 2427 10247 10248
f 6638 10247 6637
f 10246 6637 10247
f 2425 10246 10247
f 6637 10246 6636
f 10245 6636 10246
f 2423 10245 10246
f 6636 10245 6635
f 10244 6635 10245
f 2421 10244 10245
f 6635 10244 6634
f 10243 6634 10244
f 2418 10243 10244
f 6634 10243 6633
f 7226 4793 7571
f 4793 7226 7570
f 7263 4868 7645
f 4868 7263 7644
f 10242 6633 10243
f 2417 10242 10243
f 6633 10242 6632
f 10241 6632 10242
f 2415 10241 10242
f 6632 10241 6631
f 10240 6631 10241
f 2412 10240 10241
f 6631 10240 6630
f 10239 6630 10240
f 2411 10239 10240
f 6630 10239 6629
f 10238 6629 10239
f 2409 10238 10239
f 6629 10238 6628
f 10237 6628 10238
f 2406 10237 10238
f 6628 10237 6627
f 10236 6627 10237
f 2405 10236 10237
f 6627 10236 6626
f 10235 6626 10236
f 2403 10235 10236
f 6626 10235 6625
f 10234 6625 10235
f 2401 10234 10235
f 6625 10234 6624
f 10233 6624 10234
f 2399 10233 10234
f 6624 10233 6623
f 10232 6623 10233
f 2397 10232 10233
f 6623 10232 6622
f 4968 8226 4980
f 8226 2672 4980
f 10231 6622 10232
f 4967 8225 4979
f 8225 2611 4979
f 2394 10231 10232
f 6622 10231 6621
f 10230 6621 10231
f 2393 10230 10231
f 6666 10273 6665
f 10272 6665 10273
f 2515 10272 10273
f 8790 3503 3505
f 3500 8787 8785
f 6621 10230 6620
f 10229 6620 10230
f 2390 10229 10230
f 6665 10272 6664
f 10271 6664 10272
f 2513 10271 10272
f 6620 10229 6619
f 10228 6619 10229
f 2389 10228 10229
f 6664 10271 6663
f 10315 6663 10271
f 2511 10315 10271
f 6619 10228 6618
f 2984 5371 9572
f 10314 6618 10228
f 2981 5370 9573
f 2386 10314 10228
f 6705 10312 6704
f 10311 6704 10312
f 2594 10311 10312
f 7209 4737 3206
f 2607 7209 3206
f 7208 4736 3205
f 2483 7208 3205
f 7861 4452 6862
f 3021 7861 6862
f 7860 4451 6861
f 3020 7860 6861
f 6660 10269 6659
f 10268 6659 10269
f 2469 10268 10269
f 6663 10315 6617
f 10317 6617 10315
f 2510 10317 10315
f 7262 4866 7643
f 6618 10314 6616
f 10316 6616 10314
f 4866 7262 7642
f 2385 10316 10314
f 6617 10317 6615
f 5811 2852 8921
f 10319 6615 10317
f 5810 2845 8922
f 2507 10319 10317
f 7261 4864 7641
f 6616 10316 6614
f 10318 6614 10316
f 4864 7261 7640
f 2383 10318 10316
f 6706 10313 6705
f 7260 4862 7639
f 10312 6705 10313
f 2595 10312 10313
f 4920 3242 4747
f 4747 7705 4920
f 3238 4747 3242
f 4862 7260 7638
f 4919 3241 4746
f 4746 7704 4919
f 3237 4746 3241
f 6661 10270 6660
f 10269 6660 10270
f 7259 4860 7637
f 2471 10269 10270
f 6615 10319 6613
f 4860 7259 7636
f 10321 6613 10319
f 2505 10321 10319
f 7258 4858 7635
f 6614 10318 6612
f 10320 6612 10318
f 4858 7258 7634
f 2381 10320 10318
f 3072 8069 4966
f 8069 3072 5138
f 2328 8069 5138
f 3071 8068 4965
f 8068 3071 5137
f 2326 8068 5137
f 5373 443 3298
f 3272 5373 3298
f 5372 452 3297
f 3273 5372 3297
f 6613 10321 6611
f 7257 4856 7633
f 10323 6611 10321
f 2503 10323 10321
f 6612 10320 6610
f 4856 7257 7632
f 10322 6610 10320
f 2379 10322 10320
f 7256 4854 7631
f 3290 5369 3360
f 10488 10523 8952
f 5369 2319 3360
f 4854 7256 7630
f 3289 5368 3359
f 6148 8952 10523
f 5368 2317 3359
f 6148 10523 2491
f 7255 4852 7629
f 4852 7255 7628
f 10487 10524 8951
f 6147 8951 10524
f 7254 4850 7627
f 6147 10524 2367
f 8787 3500 3502
f 4850 7254 7626
f 7658 4883 7656
f 3499 8786 8784
f 7253 4848 7625
f 2325 5367 5091
f 3014 5367 4725
f 7657 4882 7655
f 2449 9229 9228
f 4848 7253 7624
f 7656 4881 7654
f 6078 9228 9229
f 7252 4846 7623
f 7655 4880 7653
f 8786 3499 3501
f 7652 4877 7650
f 4846 7252 7622
f 9705 3754 6164
f 7651 4876 7649
f 7251 4844 7621
f 6288 9386 9342
f 9386 3665 9342
f 4844 7251 7620
f 6244 9385 9299
f 9385 3618 9299
f 7250 4842 7619
f 6327 9380 9381
f 9380 3704 9381
f 4842 7250 7618
f 6325 9378 9379
f 9378 3702 9379
f 7249 4840 7617
f 6323 9376 9377
f 9376 3700 9377
f 3261 8281 7418
f 3260 8280 7417
f 4840 7249 7616
f 6321 9374 9375
f 9374 3698 9375
f 7241 4823 7601
f 6319 9372 9373
f 5362 2739 5089
f 5362 3305 4754
f 3305 5362 5089
f 9372 3696 9373
f 5361 2738 5088
f 5361 3304 4753
f 3304 5361 5088
f 6317 9370 9371
f 9370 3694 9371
f 4823 7241 7600
f 6315 9368 9369
f 9368 3692 9369
f 7240 4821 7599
f 6313 9366 9367
f 9366 3690 9367
f 4821 7240 7598
f 6311 9364 9365
f 9364 3688 9365
f 7239 4819 7597
f 6309 9362 9363
f 9362 3686 9363
f 4819 7239 7596
f 6307 9360 9361
f 9360 3684 9361
f 7238 4817 7595
f 6305 9358 9359
f 9358 3682 9359
f 4817 7238 7594
f 6303 9356 9357
f 9356 3680 9357
f 7237 4815 7593
f 6301 9354 9355
f 9354 3678 9355
f 4815 7237 7592
f 6299 9352 9353
f 4124 6432 3784
f 9352 3676 9353
f 4150 6451 6454
f 7236 4813 7591
f 7060 6454 6451
f 6297 9350 9351
f 4154 3812 6454
f 9350 3674 9351
f 4813 7236 7590
f 6295 9348 9349
f 9348 3672 9349
f 7235 4811 7589
f 6293 9346 9347
f 2778 5360 2782
f 3269 5360 3165
f 9346 3670 9347
f 2777 5359 2781
f 3268 5359 3164
f 4811 7235 7588
f 5358 453 3300
f 3263 5358 3300
f 453 5358 3296
f 5357 442 3299
f 3262 5357 3299
f 442 5357 3295
f 6291 9344 9345
f 9344 3668 9345
f 7234 4809 7587
f 6289 9342 9343
f 9342 3666 9343
f 4809 7234 7586
f 6283 9337 9338
f 9337 3657 9338
f 7233 4807 7585
f 6281 9335 9336
f 9335 3655 9336
f 4807 7233 7584
f 6279 9333 9334
f 9333 3653 9334
f 7232 4805 7583
f 6277 9331 9332
f 9331 3651 9332
f 4805 7232 7582
f 6275 9329 9330
f 9329 3649 9330
f 7231 4803 7581
f 6273 9327 9328
f 9327 3647 9328
f 4803 7231 7580
f 6271 9325 9326
f 9325 3645 9326
f 7230 4801 7579
f 6269 9323 9324
f 9323 3643 9324
f 5356 2291 2313
f 5355 2233 2293
f 4801 7230 7578
f 6267 9321 9322
f 9321 3641 9322
f 7229 4799 7577
f 6265 9319 9320
f 9319 3639 9320
f 4799 7229 7576
f 6263 9317 9318
f 9317 3637 9318
f 7228 4797 7575
f 6261 9315 9316
f 9315 3635 9316
f 4797 7228 7574
f 6259 9313 9314
f 9313 3633 9314
f 7227 4795 7573
f 6257 9311 9312
f 9311 3631 9312
f 4795 7227 7572
f 6255 9309 9310
f 9309 3629 9310
f 7264 4870 7647
f 6253 9307 9308
f 9307 3627 9308
f 4870 7264 7646
f 6251 9305 9306
f 9305 3625 9306
f 7242 4825 7603
f 6249 9303 9304
f 9303 3623 9304
f 4825 7242 7602
f 6247 9301 9302
f 9301 3621 9302
f 2445 9227 9226
f 6245 9299 9300
f 9299 3619 9300
f 10085 2973 10087
f 6329 9382 9383
f 9382 3706 9383
f 6076 9226 9227
f 6285 9339 9340
f 9339 3659 9340
f 10041 2914 10086
f 6335 9390 9388
f 9390 3712 9388
f 7441 9171 7443
f 6334 9389 9387
f 9389 3711 9387
f 2440 9225 9224
f 6330 9383 9384
f 9383 3707 9384
f 10990 7430 8910
f 6286 9340 9341
f 9340 3660 9341
f 7430 10990 2496
f 6339 9394 9392
f 9394 3716 9392
f 10990 2493 2496
f 6338 9393 9391
f 9393 3715 9391
f 10989 7429 8909
f 6331 9384 9298
f 9384 3708 9298
f 7429 10989 2371
f 6287 9341 9297
f 9341 3661 9297
f 10989 2368 2371
f 4150 6454 3812
f 7650 4875 7605
f 6074 9224 9225
f 4162 6460 6462
f 7649 4874 7561
f 8717 5904 8715
f 6343 9398 9396
f 9398 3720 9396
f 2928 8717 8715
f 6342 9397 9395
f 9397 3719 9395
f 5346 2776 5135
f 5346 3244 5048
f 3244 5346 5135
f 2776 5346 5048
f 5345 2775 5134
f 5345 3243 5047
f 3243 5345 5134
f 2775 5345 5047
f 2436 9223 9222
f 6611 10323 6609
f 10327 6609 10323
f 8716 5903 8714
f 2502 10327 10323
f 6610 10322 6608
f 2869 8716 8714
f 10326 6608 10322
f 2377 10326 10322
f 3344 2331 3055
f 6072 9222 9223
f 7607 4831 7608
f 4480 3055 2331
f 2432 9221 9220
f 7563 4786 7564
f 2333 3344 3055
f 6070 9220 9221
f 10523 10488 7685
f 6752 10488 2489
f 10488 6752 7685
f 10524 10487 7684
f 7609 4833 7610
f 6751 10487 2364
f 2522 9200 9196
f 7565 4788 7566
f 10487 6751 7684
f 6097 9196 9200
f 7611 4835 7612
f 2396 9199 9195
f 6052 9195 9199
f 7567 4790 7568
f 2929 10042 9997
f 2518 9192 9186
f 5344 2327 5092
f 7645 4869 7646
f 3182 5344 5092
f 6095 9186 9192
f 5343 2325 5091
f 2392 9191 9185
f 3181 5343 5091
f 7643 4867 7644
f 2870 9998 9996
f 6050 9185 9191
f 7641 4865 7642
f 2534 9243 9242
f 6103 9242 9243
f 7639 4863 7640
f 9995 2928 9997
f 2408 9209 9208
f 7637 4861 7638
f 6058 9208 9209
f 7781 7163 7780
f 7635 4859 7636
f 9994 2869 9996
f 4244 7781 7780
f 7633 4857 7634
f 7219 4885 7658
f 7736 7118 7735
f 7631 4855 7632
f 4885 7219 7660
f 4198 7736 7735
f 7629 4853 7630
f 7783 7165 7782
f 7218 4884 7657
f 7627 4851 7628
f 4246 7783 7782
f 7625 4849 7626
f 4884 7218 7659
f 7738 7120 7737
f 7623 4847 7624
f 4200 7738 7737
f 7785 7167 7784
f 7621 4845 7622
f 8712 5902 8713
f 4248 7785 7784
f 7619 4843 7620
f 2972 8712 8713
f 7740 7122 7739
f 7617 4841 7618
f 4202 7740 7739
f 7787 7169 7786
f 7615 4839 7616
f 8668 5858 8669
f 4250 7787 7786
f 7613 4837 7614
f 2913 8668 8669
f 7742 7124 7741
f 3201 5342 3171
f 5342 3201 3128
f 3202 5341 3172
f 5341 3202 3129
f 7601 4824 7602
f 2316 3323 7675
f 4204 7742 7741
f 7599 4822 7600
f 2315 3322 7674
f 7807 7189 7806
f 7597 4820 7598
f 5244 5060 414
f 5340 2733 5106
f 5340 3068 4922
f 4270 7807 7806
f 7595 4818 7596
f 5339 2732 5105
f 5339 3067 4921
f 7805 7187 7804
f 4268 7805 7804
f 7593 4816 7594
f 415 5244 414
f 7803 7185 7802
f 7591 4814 7592
f 3345 2332 6467
f 4266 7803 7802
f 7589 4812 7590
f 2334 3345 6467
f 7801 7183 7800
f 8928 3978 6595
f 3976 6595 3978
f 8927 3977 6594
f 3975 6594 3977
f 7407 9705 3753
f 2309 7094 2286
f 7587 4810 7588
f 3754 9705 7407
f 2297 7093 2235
f 4264 7801 7800
f 6393 9705 6164
f 5316 4768 5222
f 7585 4808 7586
f 8233 8034 3047
f 4768 7890 3240
f 7799 7181 7798
f 7082 6464 8768
f 3240 5222 4768
f 7583 4806 7584
f 7081 6465 8769
f 2308 7081 2280
f 4262 7799 7798
f 7866 5153 8034
f 5315 4767 5221
f 7581 4804 7582
f 2757 7866 8034
f 4767 7889 3239
f 7797 7179 7796
f 8034 8233 2757
f 2308 7078 2278
f 7579 4802 7580
f 6601 3061 3954
f 3239 5221 4767
f 4260 7797 7796
f 6601 10657 2765
f 9547 456 4606
f 7577 4800 7578
f 7076 6462 6460
f 9547 4606 3087
f 7795 7177 7794
f 2765 3061 6601
f 4600 9547 3087
f 7575 4798 7576
f 6600 3060 3953
f 6134 9273 9274
f 4258 7795 7794
f 4164 3825 6462
f 9273 2596 9274
f 7573 4796 7574
f 7071 6458 8766
f 2307 7071 2275
f 7793 7175 7792
f 6600 10656 2764
f 6089 9239 9240
f 7571 4794 7572
f 2764 3060 6600
f 9239 2470 9240
f 4256 7793 7792
f 7068 6455 8763
f 7841 3346 2352
f 7569 4792 7570
f 5336 629 631
f 5335 265 264
f 7841 8468 3346
f 7791 7173 7790
f 3349 7843 2355
f 8470 7843 3349
f 4254 7791 7790
f 7789 7171 7788
f 4252 7789 7788
f 7762 7144 7761
f 7067 6456 8764
f 2306 7067 2273
f 4224 7762 7761
f 3187 3258 7417
f 2307 7066 2272
f 7647 4871 7648
f 3187 3189 8211
f 7760 7142 7759
f 4222 7760 7759
f 3189 3187 7417
f 2306 7064 2271
f 7603 4826 7604
f 3188 3259 7418
f 3347 7842 2353
f 9968 8060 7276
f 7062 6452 8761
f 8469 7842 3347
f 6728 9968 7276
f 7061 6453 8762
f 2305 7061 2270
f 9969 8059 7275
f 3188 3194 8212
f 7758 7140 7757
f 6727 9969 7275
f 3194 3188 7418
f 4775 8006 3186
f 5375 7442 7683
f 3596 8775 9934
f 2305 7058 2268
f 7683 5371 5375
f 8775 3596 3597
f 4775 3186 8436
f 2983 5375 2984
f 3550 8774 9933
f 4774 8005 3185
f 5371 2984 5375
f 4162 6462 3825
f 4774 3185 8435
f 5374 7441 7682
f 8774 3550 3551
f 5924 4723 4745
f 7682 5370 5374
f 8507 6165 6169
f 4723 4299 4745
f 2982 5374 2981
f 7052 6445 8758
f 5923 4722 4744
f 5370 2981 5374
f 7051 6446 8759
f 2304 7051 2265
f 4722 4298 4744
f 8507 6169 8737
f 9539 10440 8502
f 6138 9184 6092
f 4139 6441 6443
f 10440 9539 6375
f 6092 4701 6138
f 8974 3996 3995
f 2304 7048 2263
f 3382 10440 6375
f 3995 6768 5934
f 9540 10441 8503
f 6137 9183 6047
f 6768 3995 5935
f 10441 9540 6374
f 6047 4700 6137
f 7046 6443 6441
f 3381 10441 6374
f 9184 10509 9188
f 3996 5935 3995
f 5081 3078 5057
f 2509 9184 9188
f 9058 3992 3990
f 3066 5081 5057
f 9183 10508 9187
f 7042 6438 8756
f 5080 3077 5056
f 2384 9183 9187
f 3065 5080 5056
f 4220 7758 7757
f 6046 9278 6144
f 7756 7138 7755
f 8083 3080 4932
f 8082 3079 4931
f 7041 6439 8757
f 2303 7041 2260
f 6144 4711 6046
f 3990 6762 6029
f 10983 8948 5912
f 5914 10983 5912
f 6762 3990 6027
f 6045 9277 6143
f 10982 8947 5911
f 6143 4710 6045
f 3992 6027 3990
f 2303 7038 2258
f 5913 10982 5911
f 9057 3991 3989
f 5139 2743 6744
f 7832 5139 6744
f 7036 6434 8754
f 4218 7756 7755
f 7754 7136 7753
f 7035 6435 8755
f 2302 7035 2257
f 7605 4829 7606
f 3989 6761 6028
f 7221 4879 7652
f 4216 7754 7753
f 6761 3989 6026
f 4879 7221 7654
f 7561 4784 7562
f 6138 9188 10509
f 3991 6026 3989
f 6140 9188 6138
f 2302 7032 2255
f 6138 4703 6140
f 6137 9187 10508
f 8975 3997 3996
f 7220 4878 7651
f 6139 9187 6137
f 7030 6430 8751
f 6137 4702 6139
f 4878 7220 7653
f 4141 3798 6443
f 7029 6431 8752
f 4477 4755 3064
f 2301 7029 2254
f 4139 6443 3798
f 3996 6769 5935
f 4147 6448 6450
f 3064 4755 7722
f 7722 4755 7844
f 6769 3996 5936
f 2802 5423 3348
f 6142 9198 9194
f 9198 2506 9194
f 7056 6450 6448
f 3997 5936 3996
f 2301 7026 2252
f 3195 4917 6978
f 3190 4916 6977
f 7752 7134 7751
f 8976 3998 3997
f 6141 9197 9193
f 7844 4755 5127
f 9197 2380 9193
f 6142 9194 6140
f 3997 6770 5936
f 6130 9269 9270
f 6140 4705 6142
f 4149 3807 6450
f 9269 2588 9270
f 4214 7752 7751
f 6770 3997 5937
f 6085 9235 9236
f 6141 9193 6139
f 3998 5937 3997
f 9235 2462 9236
f 6139 4704 6141
f 9014 4043 4042
f 7750 7132 7749
f 2927 9995 9993
f 4042 6812 5978
f 4212 7750 7749
f 6146 9198 6142
f 4147 6450 3807
f 2868 9994 9992
f 6142 4707 6146
f 6100 9204 9206
f 6145 9197 6141
f 7017 6423 8749
f 2300 7017 2248
f 6141 4706 6145
f 6812 4042 5979
f 9204 2528 9206
f 7748 7130 7747
f 4043 5979 4042
f 6055 9203 9205
f 6144 9276 6146
f 7014 6420 8746
f 9203 2402 9205
f 6146 4709 6144
f 7013 6421 8747
f 2299 7013 2246
f 4210 7748 7747
f 9016 4045 4044
f 2300 7012 2245
f 6143 9275 6145
f 4044 6814 5980
f 439 4607 8047
f 6145 4708 6143
f 7010 6418 8744
f 440 4607 439
f 7697 5042 3335
f 6133 9273 6134
f 7009 6419 8745
f 2298 7009 2244
f 6134 4696 6133
f 6814 4044 5981
f 2299 7008 2243
f 2330 7697 3335
f 7718 2744 4476
f 4045 5981 4044
f 7696 5041 3334
f 6088 9239 6089
f 8984 4006 4005
f 2298 7006 2242
f 6089 4651 6088
f 4005 6778 5944
f 2329 7696 3334
f 7746 7128 7745
f 8968 4084 4083
f 7863 5028 5243
f 6132 9272 6133
f 4083 6853 6019
f 4208 7746 7745
f 6133 4695 6132
f 6778 4005 5945
f 7744 7126 7743
f 7862 5027 5242
f 6853 4083 6020
f 4206 7744 7743
f 6131 9271 6132
f 4006 5945 4005
f 6132 4694 6131
f 6094 9182 9186
f 9182 2516 9186
f 6130 9270 6131
f 9024 4053 4052
f 5332 5050 3225
f 3169 5332 3225
f 5331 5049 3224
f 3168 5331 3224
f 6049 9181 9185
f 6131 4693 6130
f 9181 2391 9185
f 6129 9269 6130
f 6130 4692 6129
f 2586 9269 9268
f 6128 9268 6129
f 6129 4691 6128
f 6128 9267 9268
f 6127 9267 6128
f 6128 4690 6127
f 6129 9268 9269
f 4052 6822 5988
f 9267 2584 9268
f 6126 9266 6127
f 6822 4052 5989
f 6126 9265 9266
f 6127 4689 6126
f 4053 5989 4052
f 9265 2580 9266
f 6124 9263 9264
f 8977 3999 3998
f 9263 2576 9264
f 6125 9265 6126
f 3998 6771 5937
f 6122 9261 9262
f 6126 4688 6125
f 6771 3998 5938
f 9261 2572 9262
f 2460 9235 9234
f 3999 5938 3998
f 6120 9259 9260
f 2788 8459 5156
f 8459 2786 5156
f 2786 8459 5068
f 2787 8458 5155
f 8458 2785 5155
f 2785 8458 5067
f 4455 7425 7290
f 4454 7424 7289
f 6124 9264 6125
f 9017 4046 4045
f 9259 2568 9260
f 6125 4687 6124
f 6996 6406 8739
f 6118 9257 9258
f 5248 4609 5407
f 3074 5248 5407
f 5247 4608 5406
f 3073 5247 5406
f 9257 2564 9258
f 7878 4938 7280
f 3041 7878 7280
f 7877 4937 7279
f 3040 7877 7279
f 6123 9263 6124
f 6124 4686 6123
f 6084 9234 9235
f 6122 9262 6123
f 6995 6405 8738
f 6116 9255 9256
f 6123 4685 6122
f 4045 6815 5981
f 9255 2560 9256
f 6114 9253 9254
f 6815 4045 5982
f 9253 2555 9254
f 6121 9261 6122
f 6122 4684 6121
f 6112 9251 9252
f 2526 9204 9202
f 6120 9260 6121
f 9251 2552 9252
f 6121 4683 6120
f 4887 7660 7662
f 4046 5982 4045
f 6083 9233 9234
f 6119 9259 6120
f 6120 4682 6119
f 6099 9202 9204
f 6118 9258 6119
f 4886 7659 7661
f 6119 4681 6118
f 8978 4000 3999
f 9233 2459 9234
f 6081 9231 9232
f 9231 2454 9232
f 6079 9229 9230
f 9229 2450 9230
f 6077 9227 9228
f 9227 2446 9228
f 6117 9257 6118
f 6118 4680 6117
f 2400 9203 9201
f 6116 9256 6117
f 2765 3356 5214
f 6117 4679 6116
f 2764 3355 5213
f 6075 9225 9226
f 6054 9201 9203
f 6115 9255 6116
f 6116 4678 6115
f 4419 8267 7096
f 6114 9254 6115
f 6115 4677 6114
f 2605 3139 8891
f 7440 3139 2605
f 9225 2442 9226
f 2480 3138 8890
f 7439 3138 2480
f 6727 10472 4436
f 6728 10471 4435
f 6073 9223 9224
f 2996 6868 5932
f 5932 5418 2996
f 9223 2439 9224
f 2995 6867 5931
f 5931 5417 2995
f 6113 9253 6114
f 6114 4676 6113
f 5302 7680 3972
f 4419 9704 8267
f 6112 9252 6113
f 5301 7679 3971
f 6113 4675 6112
f 6071 9221 9222
f 6111 9251 6112
f 3072 4434 5138
f 3071 4433 5137
f 9221 2434 9222
f 6112 4674 6111
f 7901 4903 7273
f 4765 7273 4903
f 9704 4595 8267
f 7902 4904 7274
f 4766 7274 4904
f 2986 7857 6868
f 3116 8298 3101
f 3117 8299 3102
f 6110 9250 6111
f 6111 4673 6110
f 2979 7856 6867
f 6069 9219 9220
f 9401 6158 9759
f 6109 9249 6110
f 482 3308 483
f 6158 9401 6366
f 9219 2430 9220
f 3310 413 412
f 9402 6159 9760
f 6110 4672 6109
f 3309 482 483
f 6159 9402 6367
f 6067 9217 9218
f 4418 8266 7095
f 6037 4723 5924
f 6108 9248 6109
f 6036 4722 5923
f 6109 4671 6108
f 9217 2426 9218
f 6107 9247 6108
f 6108 4670 6107
f 4418 9703 8266
f 6106 9246 6107
f 6107 4669 6106
f 6110 9249 9250
f 6105 9245 6106
f 6106 4668 6105
f 9703 4594 8266
f 6104 9244 6105
f 6105 4667 6104
f 9249 2548 9250
f 6103 9243 6104
f 6104 4666 6103
f 6990 7678 7666
f 7678 3196 7666
f 6989 7677 7665
f 7677 3191 7665
f 4301 6388 8885
f 8885 4297 4301
f 4300 6387 8884
f 8884 4296 4300
f 3948 7442 7444
f 6102 9242 6103
f 6103 4665 6102
f 6065 9215 9216
f 6101 9241 6102
f 6102 4664 6101
f 9215 2422 9216
f 6108 9247 9248
f 6087 9238 6088
f 6088 4650 6087
f 9247 2544 9248
f 6086 9237 6087
f 6087 4649 6086
f 6063 9213 9214
f 9213 2419 9214
f 6085 9236 6086
f 6106 9245 9246
f 6086 4648 6085
f 9245 2539 9246
f 7285 3960 8881
f 5605 8881 3960
f 3999 6772 5938
f 7284 3959 8880
f 5604 8880 3959
f 6772 3999 5939
f 6061 9211 9212
f 6084 9235 6085
f 6085 4647 6084
f 9211 2414 9212
f 7444 3949 3948
f 6083 9234 6084
f 7096 7876 6392
f 7300 3948 3949
f 6104 9243 9244
f 9243 2536 9244
f 6392 4438 7096
f 7095 7875 6391
f 6391 4437 7095
f 8956 4749 6970
f 4896 8956 6970
f 5218 8085 4994
f 8085 3080 4994
f 5217 8084 4993
f 8084 3079 4993
f 6084 4646 6083
f 8956 2490 4749
f 8955 4748 6969
f 4895 8955 6969
f 6059 9209 9210
f 8955 2365 4748
f 6082 9233 6083
f 6083 4645 6082
f 9720 3381 6374
f 9720 3005 7215
f 3856 7441 7443
f 5332 2312 5050
f 6081 9232 6082
f 6082 4644 6081
f 9721 3382 6375
f 5331 2294 5049
f 9209 2410 9210
f 9721 3006 7214
f 6080 9231 6081
f 7443 3858 3856
f 6081 4643 6080
f 7299 3856 3858
f 6079 9230 6080
f 6080 4642 6079
f 6096 9192 9196
f 9192 2519 9196
f 6051 9191 9195
f 6078 9229 6079
f 9191 2395 9195
f 6098 9200 9202
f 6079 4641 6078
f 3950 7683 3948
f 7884 4909 4719
f 4084 6020 4083
f 3043 5328 4923
f 8967 4037 4036
f 3033 7884 4719
f 6077 9228 6078
f 2739 5327 4940
f 7883 4908 4718
f 3032 7883 4718
f 7859 4771 2769
f 2738 5326 4939
f 2769 5354 7859
f 6078 4640 6077
f 7858 4770 2768
f 2768 5353 7858
f 9200 2523 9202
f 6076 9227 6077
f 6077 4639 6076
f 3948 10093 3950
f 6075 9226 6076
f 6076 4638 6075
f 5298 5279 476
f 8304 4961 3177
f 475 5298 476
f 6053 9199 9201
f 7442 3948 7683
f 5325 3176 3157
f 5324 3175 3156
f 5323 2736 5268
f 5233 3177 4961
f 3214 5323 5268
f 10093 3948 7408
f 5322 2737 5269
f 5274 9947 4731
f 3215 5322 5269
f 7831 5274 6571
f 8305 4962 3178
f 4731 6571 5274
f 3855 7682 3856
f 5234 3178 4962
f 3044 5321 4918
f 9199 2398 9201
f 3856 10092 3855
f 6074 9225 6075
f 7441 3856 7682
f 6075 4637 6074
f 5926 9542 7276
f 9729 7276 9542
f 7276 8060 4446
f 7276 4446 5926
f 5925 9541 7275
f 9728 7275 9541
f 7275 8059 4445
f 7275 4445 5925
f 7710 10096 5771
f 10092 3856 7407
f 6073 9224 6074
f 6074 4636 6073
f 6132 9271 9272
f 7709 10095 5770
f 6072 9223 6073
f 6073 4635 6072
f 4000 5939 3999
f 6071 9222 6072
f 6072 4634 6071
f 8731 5914 8727
f 2922 8731 8727
f 9271 2592 9272
f 6087 9237 9238
f 6070 9221 6071
f 6071 4633 6070
f 9039 4068 4067
f 7559 2729 7265
f 7558 2668 7243
f 4067 6837 6003
f 6837 4067 6004
f 7658 2680 7219
f 7657 2619 7218
f 4068 6004 4067
f 9037 4066 4065
f 8730 5913 8726
f 3068 5319 2762
f 2863 8730 8726
f 3067 5318 2761
f 4713 6046 4711
f 7647 2727 7264
f 5317 2325 5063
f 4289 4713 4711
f 7645 2725 7263
f 6069 9220 6070
f 4712 6045 4710
f 7900 4741 5308
f 7643 2723 7262
f 4288 4712 4710
f 7641 2721 7261
f 5230 5395 3240
f 7639 2719 7260
f 5395 2330 3240
f 7637 2717 7259
f 5229 5394 3239
f 4741 8083 5308
f 7635 2715 7258
f 5394 2329 3239
f 7633 2713 7257
f 6333 9388 9386
f 7631 2711 7256
f 9388 3664 9386
f 7629 2709 7255
f 6332 9387 9385
f 7627 2707 7254
f 9387 3617 9385
f 7625 2705 7253
f 9704 6872 5795
f 7623 2703 7252
f 5795 5603 9704
f 7621 2701 7251
f 9703 6871 5794
f 7619 2699 7250
f 5794 5602 9703
f 7617 2697 7249
f 8513 9991 9993
f 7615 2695 7248
f 9993 8515 8513
f 7613 2693 7247
f 3500 8513 8515
f 7611 2691 7246
f 8512 9990 9992
f 7609 2689 7245
f 5314 499 501
f 9992 8514 8512
f 5313 396 393
f 7607 2687 7244
f 3499 8512 8514
f 4036 6809 5975
f 6042 4715 4717
f 7603 2666 7242
f 4715 4293 4717
f 7601 2664 7241
f 6041 4714 4716
f 7599 2662 7240
f 5312 3180 3099
f 7899 4740 5307
f 2485 5312 3099
f 4714 4292 4716
f 5311 3179 3098
f 4740 8082 5307
f 2360 5311 3098
f 7597 2660 7239
f 6328 9381 9382
f 7595 2658 7238
f 9381 3705 9382
f 7593 2656 7237
f 6284 9338 9339
f 7591 2654 7236
f 9338 3658 9339
f 7589 2652 7235
f 10042 8519 9997
f 7587 2650 7234
f 10042 8564 8519
f 7585 2648 7233
f 3506 8519 8564
f 7583 2646 7232
f 9998 8518 9996
f 7581 2644 7231
f 9998 8520 8518
f 7579 2642 7230
f 3505 8518 8520
f 7577 2640 7229
f 6337 9392 9390
f 7575 2638 7228
f 9392 3714 9390
f 7573 2636 7227
f 6336 9391 9389
f 7571 2634 7226
f 9391 3713 9389
f 7569 2632 7225
f 9995 8515 9993
f 5306 2794 4948
f 5306 3025 4751
f 7567 2630 7224
f 9995 8517 8515
f 5305 2793 4947
f 5305 3024 4750
f 7565 2628 7223
f 3502 8515 8517
f 7563 2626 7222
f 9994 8514 9992
f 6809 4036 5976
f 4065 6835 6001
f 6835 4065 6002
f 7652 2683 7221
f 7651 2622 7220
f 6070 4632 6069
f 9237 2467 9238
f 7440 8008 4930
f 3139 7440 4930
f 7439 8007 4929
f 3138 7439 4929
f 6068 9219 6069
f 6069 4631 6068
f 9994 8516 8514
f 2606 9542 2603
f 6067 9218 6068
f 6068 4630 6067
f 5178 2753 11115
f 6066 9217 6067
f 2481 9541 2478
f 8273 4739 7705
f 6067 4629 6066
f 3184 5300 4773
f 2319 5300 3360
f 4739 2774 7705
f 3183 5299 4772
f 2317 5299 3359
f 8272 4738 7704
f 4738 2773 7704
f 3501 8514 8516
f 8015 6713 6597
f 8015 6385 6713
f 2843 8015 6597
f 10925 8000 10971
f 8016 6714 6596
f 6065 9216 6066
f 6066 4628 6065
f 8016 6386 6714
f 2844 8016 6596
f 5297 2316 5075
f 4600 8101 4428
f 8101 3047 4428
f 5908 10925 10971
f 5296 2315 5076
f 3198 7662 7664
f 10924 7999 10970
f 3193 7661 7663
f 11115 2753 3100
f 6064 9215 6065
f 6065 4627 6064
f 5907 10924 10970
f 6063 9214 6064
f 6152 7894 7295
f 5293 2757 3057
f 7894 2844 7295
f 6151 7893 7296
f 5292 2756 3058
f 7893 2843 7296
f 3180 5291 5009
f 6064 4626 6063
f 3179 5290 5008
f 5289 3142 3131
f 5288 3141 3130
f 8932 5809 6858
f 5178 11115 5090
f 4185 6858 5809
f 6062 9213 6063
f 8931 5808 6857
f 6063 4625 6062
f 4184 6857 5808
f 2504 9198 9276
f 6061 9212 6062
f 503 5287 501
f 391 5286 393
f 5776 8229 5330
f 5330 8229 5237
f 8229 2804 5237
f 8229 3037 2804
f 6856 5645 6570
f 4086 6570 5645
f 6855 5644 6569
f 4039 6569 5644
f 6062 4624 6061
f 3212 5179 3223
f 3064 7722 2342
f 499 5314 8906
f 396 5313 8905
f 5059 3270 2750
f 6146 9276 9198
f 7722 2337 2342
f 4037 5976 4036
f 6060 9211 6061
f 6061 4623 6060
f 4121 6426 6428
f 2378 9197 9275
f 6059 9210 6060
f 6060 4622 6059
f 6329 9383 6330
f 6058 9209 6059
f 6059 4621 6058
f 6145 9275 9197
f 6057 9208 6058
f 6058 4620 6057
f 6553 6329 6330
f 6056 9207 6057
f 5283 3320 2485
f 6057 4619 6056
f 3099 5283 2485
f 6285 9340 6286
f 6510 6285 6286
f 6102 9241 9242
f 3098 5282 2360
f 6100 9206 6101
f 6101 4663 6100
f 9241 2532 9242
f 6057 9207 9208
f 402 5262 2359
f 5262 402 401
f 9207 2407 9208
f 6577 5932 3962
f 493 5261 2357
f 5261 493 494
f 5932 4305 3962
f 6055 9205 6056
f 5260 493 2356
f 493 5260 494
f 6056 4618 6055
f 6288 9342 6289
f 5263 402 2358
f 6099 9204 6100
f 402 5263 401
f 6100 4662 6099
f 6512 6288 6289
f 6054 9203 6055
f 6055 4617 6054
f 6576 5931 3961
f 6098 9202 6099
f 2607 8030 7689
f 2483 8029 7688
f 6099 4661 6098
f 5931 4304 3961
f 6053 9201 6054
f 8928 6595 8908
f 6054 4616 6053
f 5653 8908 6595
f 6244 9299 6245
f 6469 6244 6245
f 6097 9200 6098
f 8927 6594 8907
f 5652 8907 6594
f 6292 9345 9346
f 2792 5281 3358
f 3171 5281 3343
f 5281 2792 3343
f 2791 5280 3357
f 3172 5280 3342
f 5280 2791 3342
f 6098 4660 6097
f 3734 5786 3738
f 5926 4446 4721
f 6052 9199 6053
f 6053 4615 6052
f 5925 4445 4720
f 9345 3669 9346
f 6096 9196 6097
f 6097 4659 6096
f 4464 7680 7884
f 6248 9302 9303
f 4463 7679 7883
f 6051 9195 6052
f 6052 4614 6051
f 9302 3622 9303
f 5651 6754 6035
f 6095 9192 6096
f 6096 4658 6095
f 3733 5785 3737
f 6035 3982 5651
f 5650 6753 6034
f 6996 2285 9770
f 476 5279 477
f 6050 9191 6051
f 5278 419 418
f 6034 3981 5650
f 5277 476 477
f 7024 6428 6426
f 4123 3779 6428
f 4121 6428 3779
f 4131 6434 6433
f 7036 6433 6434
f 4129 3788 6433
f 6756 6033 6758
f 5649 6758 6033
f 6033 3986 5649
f 6755 6032 6757
f 5648 6757 6032
f 6032 3985 5648
f 6758 6031 6760
f 5647 6760 6031
f 6031 3988 5647
f 6757 6030 6759
f 5646 6759 6030
f 6030 3987 5646
f 6854 6021 6856
f 5645 6856 6021
f 6021 4085 5645
f 6810 5977 6855
f 5644 6855 5977
f 5977 4038 5644
f 6760 6029 6762
f 4066 6002 4065
f 9041 4070 4069
f 6759 6028 6761
f 4069 6839 6005
f 6839 4069 6006
f 6853 6020 6854
f 5643 6854 6020
f 6020 4084 5643
f 6809 5976 6810
f 5625 6810 5976
f 5976 4037 5625
f 6762 6027 6764
f 4070 6006 4069
f 6294 9347 9348
f 2285 7090 2283
f 9035 4064 4063
f 6761 6026 6763
f 2792 5271 5152
f 5271 3146 5152
f 5271 2792 3358
f 2791 5270 5151
f 5270 3145 5151
f 5270 2791 3357
f 4063 6833 5999
f 6833 4063 6000
f 6852 6019 6853
f 4131 6433 3788
f 4126 6430 6429
f 6808 5975 6809
f 7030 6429 6430
f 4124 3783 6429
f 6764 6025 6766
f 4064 6000 4063
f 9005 4027 4026
f 6763 6024 6765
f 4026 6799 5965
f 6799 4026 5966
f 6766 6023 6811
f 5626 6811 6023
f 6023 4041 5626
f 6765 6022 6767
f 6051 4613 6050
f 5606 6767 6022
f 6022 3994 5606
f 6851 6018 6852
f 5642 6852 6018
f 6018 4082 5642
f 6850 6017 6851
f 4126 6429 3783
f 4152 6452 6451
f 6849 6016 6850
f 5641 6850 6016
f 6016 4080 5641
f 6848 6015 6849
f 5640 6849 6015
f 6015 4079 5640
f 6847 6014 6848
f 5639 6848 6014
f 6014 4078 5639
f 6846 6013 6847
f 4027 5966 4026
f 9003 4025 4024
f 6845 6012 6846
f 4024 6797 5963
f 6797 4024 5964
f 6844 6011 6845
f 4025 5964 4024
f 9001 4023 4022
f 6843 6010 6844
f 4022 6795 5961
f 6795 4022 5962
f 6842 6009 6843
f 4023 5962 4022
f 8999 4021 4020
f 6841 6008 6842
f 4020 6793 5959
f 6793 4020 5960
f 6840 6007 6841
f 4021 5960 4020
f 8997 4019 4018
f 6839 6006 6840
f 4018 6791 5957
f 6791 4018 5958
f 6838 6005 6839
f 4019 5958 4018
f 9033 4062 4061
f 6837 6004 6838
f 5638 6838 6004
f 6004 4068 5638
f 6836 6003 6837
f 4061 6831 5997
f 6831 4061 5998
f 6835 6002 6836
f 5637 6836 6002
f 6002 4066 5637
f 6834 6001 6835
f 4062 5998 4061
f 8995 4017 4016
f 6833 6000 6834
f 5636 6834 6000
f 6000 4064 5636
f 6832 5999 6833
f 4016 6789 5955
f 6789 4016 5956
f 6831 5998 6832
f 5635 6832 5998
f 5998 4062 5635
f 6830 5997 6831
f 4017 5956 4016
f 8993 4015 4014
f 6829 5996 6830
f 5634 6830 5996
f 9347 3671 9348
f 5996 4060 5634
f 6828 5995 6829
f 4014 6787 5953
f 6787 4014 5954
f 6827 5994 6828
f 5633 6828 5994
f 5994 4058 5633
f 6826 5993 6827
f 4015 5954 4014
f 9042 4071 4070
f 6825 5992 6826
f 5632 6826 5992
f 5992 4056 5632
f 6824 5991 6825
f 4070 6840 6006
f 477 5258 478
f 6840 4070 6007
f 5257 418 417
f 6823 5990 6824
f 5256 477 478
f 5631 6824 5990
f 6094 9186 6095
f 5990 4054 5631
f 6822 5989 6823
f 4071 6007 4070
f 9031 4060 4059
f 6821 5988 6822
f 4059 6829 5995
f 6829 4059 5996
f 6820 5987 6821
f 5630 6821 5987
f 5987 4051 5630
f 6819 5986 6820
f 5629 6820 5986
f 5986 4050 5629
f 6818 5985 6819
f 5628 6819 5985
f 5985 4049 5628
f 6817 5984 6818
f 4060 5996 4059
f 8991 4013 4012
f 6816 5983 6817
f 4012 6785 5951
f 6095 4657 6094
f 6785 4012 5952
f 6815 5982 6816
f 4013 5952 4012
f 6250 9304 9305
f 425 5252 424
f 9043 4072 4071
f 6814 5981 6815
f 4071 6841 6007
f 6841 4071 6008
f 6813 5980 6814
f 4072 6008 4071
f 9044 4073 4072
f 6812 5979 6813
f 5627 6813 5979
f 5979 4043 5627
f 6811 5978 6812
f 4072 6842 6008
f 6842 4072 6009
f 6807 5974 6808
f 5624 6808 5974
f 5974 4035 5624
f 6806 5973 6807
f 7062 6451 6452
f 4150 3811 6451
f 6805 5972 6806
f 5623 6806 5972
f 5972 4033 5623
f 6804 5971 6805
f 3208 5251 4974
f 2772 5251 3063
f 5622 6805 5971
f 3207 5250 4973
f 2771 5250 3062
f 5971 4032 5622
f 6803 5970 6804
f 5621 6804 5970
f 6049 9185 6050
f 5970 4031 5621
f 430 5249 429
f 6802 5969 6803
f 4073 6009 4072
f 9029 4058 4057
f 6050 4612 6049
f 6801 5968 6802
f 2283 9770 2285
f 4057 6827 5993
f 6827 4057 5994
f 6800 5967 6801
f 4058 5994 4057
f 8989 4011 4010
f 6995 2238 9769
f 6799 5966 6800
f 4010 6783 5949
f 5620 6800 5966
f 6783 4010 5950
f 5966 4027 5620
f 6798 5965 6799
f 4011 5950 4010
f 9045 4074 4073
f 6797 5964 6798
f 5619 6798 5964
f 5964 4025 5619
f 6796 5963 6797
f 4073 6843 6009
f 6843 4073 6010
f 6795 5962 6796
f 5618 6796 5962
f 5962 4023 5618
f 6794 5961 6795
f 4074 6010 4073
f 9007 4029 4028
f 6793 5960 6794
f 5617 6794 5960
f 5960 4021 5617
f 6792 5959 6793
f 4028 6801 5967
f 6801 4028 5968
f 6791 5958 6792
f 5616 6792 5958
f 5958 4019 5616
f 6790 5957 6791
f 4029 5968 4028
f 9046 4075 4074
f 6789 5956 6790
f 5615 6790 5956
f 5956 4017 5615
f 6788 5955 6789
f 4074 6844 6010
f 6844 4074 6011
f 6787 5954 6788
f 5614 6788 5954
f 5954 4015 5614
f 6786 5953 6787
f 3144 8053 7886
f 3143 8052 7885
f 5241 2609 4978
f 5241 3021 4783
f 7689 4894 5397
f 2731 7689 5397
f 5240 2484 4977
f 5240 3020 4782
f 7688 4893 5396
f 2670 7688 5396
f 9304 3624 9305
f 4152 6451 3811
f 2237 9769 2238
f 8002 10925 10979
f 4075 6011 4074
f 9027 4056 4055
f 6785 5952 6786
f 5613 6786 5952
f 5952 4013 5613
f 6784 5951 6785
f 4055 6825 5991
f 6825 4055 5992
f 6783 5950 6784
f 5612 6784 5950
f 5950 4011 5612
f 6093 9182 6094
f 6782 5949 6783
f 4056 5992 4055
f 8987 4009 4008
f 6094 4656 6093
f 6781 5948 6782
f 10925 5910 10979
f 5611 6782 5948
f 5948 4009 5611
f 3161 8305 3178
f 6780 5947 6781
f 2801 5237 3365
f 2800 5236 3364
f 4008 6781 5947
f 3160 8304 3177
f 5235 3036 2803
f 6781 4008 5948
f 6779 5946 6780
f 5234 627 629
f 5610 6780 5946
f 5946 4007 5610
f 5233 268 265
f 6778 5945 6779
f 4009 5948 4008
f 9047 4076 4075
f 6777 5944 6778
f 4075 6845 6011
f 6845 4075 6012
f 6776 5943 6777
f 5609 6777 5943
f 5943 4004 5609
f 6775 5942 6776
f 6048 9181 6049
f 6049 4611 6048
f 5608 6776 5942
f 5942 4003 5608
f 6774 5941 6775
f 8001 10924 10978
f 10924 5909 10978
f 6998 2283 9773
f 5607 6775 5941
f 8283 6864 4487
f 5941 4002 5607
f 6773 5940 6774
f 4076 6012 4075
f 8282 6863 4486
f 9018 4047 4046
f 6772 5939 6773
f 4046 6816 5982
f 2331 8072 4480
f 6816 4046 5983
f 6771 5938 6772
f 7088 2283 9771
f 4047 5983 4046
f 8985 4007 4006
f 6770 5937 6771
f 2283 7088 2284
f 4006 6779 5945
f 6779 4006 5946
f 6769 5936 6770
f 4007 5946 4006
f 9025 4054 4053
f 6768 5935 6769
f 4053 6823 5989
f 6823 4053 5990
f 6767 5934 6768
f 4054 5990 4053
f 9008 4030 4029
f 10333 8617 6732
f 10522 9410 10793
f 8617 10333 5470
f 10332 8616 6731
f 10522 10793 512
f 8616 10332 5469
f 3017 4427 6739
f 5054 4427 3017
f 3016 4426 6738
f 5053 4426 3016
f 2284 9773 2283
f 6997 2237 9772
f 10521 9409 10792
f 10521 10792 384
f 6093 9178 10511
f 6296 9349 9350
f 9349 3673 9350
f 4441 3186 8006
f 6252 9306 9307
f 9306 3626 9307
f 4440 3185 8005
f 7840 3035 7550
f 4090 7840 7550
f 7839 3034 7549
f 5227 2319 4913
f 4089 7839 7549
f 6298 9351 9352
f 9351 3675 9352
f 5226 2317 4912
f 6092 9178 6093
f 6254 9308 9309
f 2237 7087 2239
f 4601 8102 4460
f 8102 3048 4460
f 6093 4655 6092
f 6048 9177 10510
f 6047 9177 6048
f 6048 4610 6047
f 4117 6424 6425
f 6134 9274 6135
f 6135 4697 6134
f 2796 5083 3954
f 7020 6425 6424
f 2795 5082 3953
f 9308 3628 9309
f 4307 3109 6357
f 6326 9379 9380
f 6089 9240 6090
f 4306 3108 6356
f 10461 6591 8224
f 6090 4652 6089
f 6360 10502 9745
f 4472 10461 8224
f 4465 6744 6988
f 8224 8295 4472
f 10460 6590 8223
f 2239 9772 2237
f 9745 5590 6360
f 4471 10460 8223
f 7000 2284 9776
f 8223 8294 4471
f 6361 10501 9746
f 9746 5591 6361
f 10443 3720 3722
f 3720 9398 3722
f 10442 3719 3721
f 3719 9397 3721
f 10341 3709 3708
f 3709 9298 3708
f 10340 3662 3661
f 3662 9297 3661
f 5599 8735 9575
f 9575 3606 5599
f 9551 6722 7269
f 3612 9551 7269
f 9379 3703 9380
f 5598 8734 9574
f 4119 3777 6425
f 9574 3605 5598
f 4975 5114 5170
f 5114 2766 5170
f 10439 3718 3720
f 3718 9396 3720
f 10438 3717 3719
f 3717 9395 3719
f 2282 9776 2284
f 10437 3716 3718
f 3716 9394 3718
f 9533 4970 5787
f 4970 9533 8028
f 9533 2737 8028
f 4438 3372 2674
f 10436 3715 3717
f 3372 2673 2674
f 4437 3371 2613
f 3715 9393 3717
f 3371 2612 2613
f 10435 3714 3716
f 9534 4969 5788
f 3714 9392 3716
f 10434 3713 3715
f 4969 9534 8027
f 9534 2736 8027
f 3335 5218 2324
f 3713 9391 3715
f 10425 3708 3707
f 3334 5217 2322
f 3708 9384 3707
f 10383 3661 3660
f 3661 9341 3660
f 10433 3712 3714
f 6999 2239 9775
f 3712 9390 3714
f 10432 3711 3713
f 7085 2239 9774
f 3711 9389 3713
f 10431 3664 3712
f 3664 9388 3712
f 10430 3617 3711
f 3617 9387 3711
f 10429 3665 3664
f 3665 9386 3664
f 10428 3618 3617
f 3618 9385 3617
f 10423 3706 3705
f 637 5216 636
f 3706 9382 3705
f 2239 7085 2240
f 10422 3705 3704
f 3705 9381 3704
f 10421 3704 3703
f 3704 9380 3703
f 8212 2673 5099
f 8211 2612 5098
f 10420 3703 3702
f 3703 9379 3702
f 10419 3702 3701
f 3702 9378 3701
f 10418 3701 3700
f 3701 9377 3700
f 10417 3700 3699
f 3700 9376 3699
f 10416 3699 3698
f 3699 9375 3698
f 10415 3698 3697
f 3698 9374 3697
f 10414 3697 3696
f 3697 9373 3696
f 10413 3696 3695
f 3696 9372 3695
f 10412 3695 3694
f 3695 9371 3694
f 10411 3694 3693
f 3694 9370 3693
f 5212 3220 3222
f 5212 631 634
f 5211 3219 3221
f 5211 264 262
f 10410 3693 3692
f 3693 9369 3692
f 10409 3692 3691
f 3692 9368 3691
f 10408 3691 3690
f 3691 9367 3690
f 10407 3690 3689
f 3690 9366 3689
f 10406 3689 3688
f 3689 9365 3688
f 10405 3688 3687
f 3688 9364 3687
f 10404 3687 3686
f 3687 9363 3686
f 10403 3686 3685
f 3686 9362 3685
f 10402 3685 3684
f 3685 9361 3684
f 10401 3684 3683
f 3684 9360 3683
f 10400 3683 3682
f 3683 9359 3682
f 5208 2776 5016
f 3165 5208 5016
f 5207 2775 5015
f 3164 5207 5015
f 2240 9775 2239
f 5206 3320 2323
f 10399 3682 3681
f 7002 2282 9778
f 5205 3319 2321
f 6324 9377 9378
f 3682 9358 3681
f 10398 3681 3680
f 3681 9357 3680
f 10397 3680 3679
f 3680 9356 3679
f 10396 3679 3678
f 3679 9355 3678
f 10395 3678 3677
f 3678 9354 3677
f 10394 3677 3676
f 3677 9353 3676
f 10393 3676 3675
f 3676 9352 3675
f 10392 3675 3674
f 3675 9351 3674
f 10391 3674 3673
f 5204 3218 3246
f 3674 9350 3673
f 10390 3673 3672
f 5203 3217 3245
f 3673 9349 3672
f 10389 3672 3671
f 3672 9348 3671
f 10388 3671 3670
f 3671 9347 3670
f 10387 3670 3669
f 3670 9346 3669
f 10386 3669 3668
f 3669 9345 3668
f 10385 3668 3667
f 3668 9344 3667
f 10384 3667 3666
f 3667 9343 3666
f 10427 3666 3665
f 3666 9342 3665
f 10381 3659 3658
f 3659 9339 3658
f 10380 3658 3657
f 3658 9338 3657
f 10379 3657 3656
f 3657 9337 3656
f 10378 3656 3655
f 3656 9336 3655
f 10377 3655 3654
f 3655 9335 3654
f 5199 2290 5036
f 3176 5199 5036
f 2290 5199 3284
f 5198 2231 5035
f 3175 5198 5035
f 2231 5198 3283
f 10376 3654 3653
f 3654 9334 3653
f 10375 3653 3652
f 3653 9333 3652
f 10374 3652 3651
f 3652 9332 3651
f 10373 3651 3650
f 3651 9331 3650
f 10372 3650 3649
f 5197 3307 5032
f 5197 3119 2609
f 2282 7084 2281
f 5196 3306 5031
f 5196 3118 2484
f 2782 5195 2778
f 2781 5194 2777
f 3650 9330 3649
f 10371 3649 3648
f 3649 9329 3648
f 10370 3648 3647
f 3648 9328 3647
f 4934 9565 5435
f 9565 4934 6735
f 9565 2780 5435
f 4933 9564 5434
f 9564 4933 6734
f 2485 5192 5188
f 10369 3647 3646
f 5192 3135 5188
f 9564 2779 5434
f 2360 5191 5187
f 2281 9778 2282
f 5191 3134 5187
f 4913 10225 5227
f 5190 3246 3218
f 5189 3245 3217
f 10225 3013 5227
f 4912 10224 5226
f 10224 3012 5226
f 3647 9327 3646
f 10368 3646 3645
f 3646 9326 3645
f 10367 3645 3644
f 3645 9325 3644
f 10366 3644 3643
f 9377 3701 9378
f 7431 2748 3223
f 2486 5182 4980
f 5182 3131 4980
f 3644 9324 3643
f 2362 5181 4979
f 5181 3130 4979
f 10365 3643 3642
f 3223 3363 7431
f 2752 5180 3062
f 9550 6721 7268
f 2751 5179 3063
f 3611 9550 7268
f 7705 4747 8273
f 7704 4746 8272
f 3643 9323 3642
f 10364 3642 3641
f 3642 9322 3641
f 10363 3641 3640
f 3641 9321 3640
f 10362 3640 3639
f 3640 9320 3639
f 10361 3639 3638
f 3639 9319 3638
f 10360 3638 3637
f 3638 9318 3637
f 8030 2607 5070
f 8029 2483 5069
f 10359 3637 3636
f 3637 9317 3636
f 10358 3636 3635
f 3636 9316 3635
f 10357 3635 3634
f 5174 2766 5097
f 5174 3043 4923
f 7001 2240 9777
f 6322 9375 9376
f 5173 2767 5096
f 5173 3044 4918
f 3635 9315 3634
f 2240 7004 2241
f 2241 9777 2240
f 10356 3634 3633
f 4117 6425 3777
f 3634 9314 3633
f 7080 2281 9780
f 9375 3699 9376
f 6320 9373 9374
f 2281 7080 2279
f 3184 5171 3211
f 5171 3184 5143
f 428 3203 427
f 5170 3082 4975
f 5170 2766 2742
f 10355 3633 3632
f 5169 3083 4976
f 3633 9313 3632
f 3255 5168 5001
f 2279 9832 2281
f 5763 11093 11091
f 3254 5167 5000
f 10354 3632 3631
f 11091 5764 5763
f 11093 5580 11091
f 3632 9312 3631
f 10353 3631 3630
f 3631 9311 3630
f 10352 3630 3629
f 3630 9310 3629
f 11091 5580 5581
f 5718 11092 11090
f 5248 3074 5232
f 11090 5719 5718
f 11092 5536 11090
f 5165 3155 3146
f 3155 5165 2788
f 5164 3154 3145
f 3154 5164 2787
f 11090 5536 5537
f 5247 3073 5231
f 2671 5163 5062
f 5163 3121 5062
f 10351 3629 3628
f 2610 5162 5061
f 5162 3120 5061
f 3629 9309 3628
f 7667 4603 5124
f 11076 5762 11075
f 4462 3206 7098
f 4461 3205 7097
f 4029 6802 5968
f 6802 4029 5969
f 10350 3628 3627
f 5796 10481 7869
f 7869 6382 5796
f 10481 4183 7869
f 5797 10482 7868
f 7868 6383 5797
f 10482 4182 7868
f 9285 5255 5796
f 5255 9285 7879
f 9285 3006 7879
f 3628 9308 3627
f 10349 3627 3626
f 3627 9307 3626
f 10348 3626 3625
f 3626 9306 3625
f 10347 3625 3624
f 3625 9305 3624
f 10346 3624 3623
f 3624 9304 3623
f 10345 3623 3622
f 3623 9303 3622
f 10344 3622 3621
f 3622 9302 3621
f 10343 3621 3620
f 3621 9301 3620
f 10342 3620 3619
f 4123 6428 6430
f 3620 9300 3619
f 3174 5152 3146
f 3173 5151 3145
f 10426 3619 3618
f 6430 7026 8751
f 3619 9299 3618
f 6607 9723 8912
f 8912 4593 6607
f 6606 9722 8911
f 8911 4592 6606
f 10424 3707 3706
f 3707 9383 3706
f 10382 3660 3659
f 3660 9340 3659
f 6609 10327 8918
f 9373 3697 9374
f 8918 4591 6609
f 6608 10326 8917
f 7026 6430 6428
f 8917 4590 6608
f 5579 11076 11075
f 11075 5761 11074
f 5578 11075 11074
f 10313 6706 10325
f 3208 5148 4902
f 2598 10313 10325
f 3207 5147 4901
f 11074 5760 11073
f 5577 11074 11073
f 10270 6661 10324
f 2473 10270 10324
f 5222 2330 3335
f 2324 5222 3335
f 5221 2329 3334
f 2322 5221 3334
f 10534 6760 10536
f 2504 10534 10536
f 10533 6759 10535
f 2378 10533 10535
f 11073 5759 11072
f 5576 11073 11072
f 11072 5758 11071
f 5575 11072 11071
f 11071 5757 11070
f 5574 11071 11070
f 11070 5756 11069
f 5573 11070 11069
f 11069 5755 11068
f 5572 11069 11068
f 11068 5754 11067
f 5571 11068 11067
f 11067 5753 11066
f 5570 11067 11066
f 11066 5752 11065
f 5569 11066 11065
f 4126 3781 6430
f 2597 9190 9274
f 4123 6430 3781
f 4030 5969 4029
f 2472 9189 9240
f 9048 4077 4076
f 11065 5751 11064
f 5568 11065 11064
f 11064 5750 11063
f 5567 11064 11063
f 11063 5749 11062
f 5566 11063 11062
f 11062 5748 11061
f 5143 3184 4773
f 5143 3058 2756
f 5565 11062 11061
f 5142 3183 4772
f 5142 3057 2757
f 5141 2762 4946
f 5141 3074 4781
f 11061 5747 11060
f 5564 11061 11060
f 5140 2761 4945
f 5140 3073 4780
f 6318 9371 9372
f 11060 5746 11059
f 5563 11060 11059
f 11059 5745 11058
f 9371 3695 9372
f 5562 11059 11058
f 11058 5744 11057
f 5561 11058 11057
f 5906 10885 5908
f 11057 5743 11056
f 5560 11057 11056
f 11056 5742 11055
f 5905 10884 5907
f 5559 11056 11055
f 11055 5741 11054
f 5558 11055 11054
f 6316 9369 9370
f 11054 5740 11053
f 5557 11054 11053
f 11053 5739 11052
f 9369 3693 9370
f 5556 11053 11052
f 11052 5738 11051
f 5555 11052 11051
f 5901 10881 5900
f 11051 5737 11050
f 5554 11051 11050
f 11050 5736 11049
f 5900 10880 5899
f 5553 11050 11049
f 11049 5735 11048
f 5552 11049 11048
f 5899 10879 5898
f 5138 3353 2328
f 11048 5734 11047
f 5551 11048 11047
f 5137 3352 2326
f 11047 5733 11046
f 5898 10878 5897
f 5135 3255 3244
f 5550 11047 11046
f 5134 3254 3243
f 11046 5732 11045
f 5549 11046 11045
f 5897 10877 5896
f 11045 5731 11044
f 5548 11045 11044
f 11044 5730 11043
f 5896 10876 5895
f 5547 11044 11043
f 11043 5729 11042
f 5546 11043 11042
f 5895 10875 5894
f 11042 5728 11041
f 5545 11042 11041
f 11041 5727 11040
f 5894 10874 5893
f 5544 11041 11040
f 11040 5726 11039
f 5543 11040 11039
f 2772 5133 5030
f 3050 5133 4982
f 5893 10873 5892
f 5725 11038 11039
f 2771 5132 5029
f 3049 5132 4981
f 11038 5542 11039
f 11036 5717 11035
f 5892 10872 5891
f 5535 11036 11035
f 11035 5716 11034
f 5534 11035 11034
f 5891 10871 5890
f 11034 5715 11033
f 5533 11034 11033
f 11033 5714 11032
f 3159 5131 5003
f 2319 5131 4913
f 5890 10870 5889
f 5532 11033 11032
f 3158 5130 5002
f 2317 5130 4912
f 11032 5713 11031
f 5531 11032 11031
f 5889 10869 5888
f 11031 5712 11030
f 5530 11031 11030
f 11030 5711 11029
f 5888 10868 5887
f 5529 11030 11029
f 11029 5710 11028
f 5528 11029 11028
f 5887 10867 5886
f 11028 5709 11027
f 5527 11028 11027
f 11027 5708 11026
f 5886 10866 5885
f 5526 11027 11026
f 11026 5707 11025
f 5525 11026 11025
f 5885 10865 5884
f 11025 5706 11024
f 5524 11025 11024
f 11024 5705 11023
f 5884 10864 5883
f 5523 11024 11023
f 11023 5704 11022
f 5522 11023 11022
f 5883 10863 5882
f 11022 5703 11021
f 5521 11022 11021
f 11021 5702 11020
f 5882 10862 5881
f 5520 11021 11020
f 11020 5701 11019
f 5519 11020 11019
f 5881 10861 5880
f 11019 5700 11018
f 5518 11019 11018
f 11018 5699 11017
f 5880 10860 5879
f 5517 11018 11017
f 11017 5698 11016
f 5516 11017 11016
f 5879 10859 5878
f 11016 5697 11015
f 5515 11016 11015
f 11015 5696 11014
f 5878 10858 5877
f 5514 11015 11014
f 11014 5695 11013
f 5513 11014 11013
f 5877 10857 5876
f 11013 5694 11012
f 5512 11013 11012
f 11012 5693 11011
f 5876 10856 5875
f 5511 11012 11011
f 11011 5692 11010
f 5510 11011 11010
f 5875 10855 5874
f 11010 5691 11009
f 5509 11010 11009
f 11009 5690 11008
f 5874 10854 5873
f 5508 11009 11008
f 11008 5689 11007
f 5507 11008 11007
f 5873 10853 5872
f 11007 5688 11006
f 5506 11007 11006
f 5129 2735 5005
f 5129 3052 4996
f 11006 5687 11005
f 5872 10852 5871
f 5128 2734 5004
f 5128 3051 4995
f 5505 11006 11005
f 11005 5686 11004
f 5504 11005 11004
f 5871 10851 5870
f 11004 5685 11003
f 5503 11004 11003
f 11003 5684 11002
f 5870 10850 5869
f 5502 11003 11002
f 11002 5683 11001
f 5501 11002 11001
f 5869 10849 5868
f 11001 5682 11000
f 5500 11001 11000
f 11000 5681 10999
f 5868 10848 5867
f 5499 11000 10999
f 5680 10998 10999
f 10998 5498 10999
f 5867 10847 5866
f 7962 10963 10917
f 10963 5869 10917
f 7917 10962 10916
f 5866 10846 5865
f 10962 5825 10916
f 7992 10961 10913
f 10961 5899 10913
f 5865 10845 5864
f 7990 10960 10912
f 10960 5897 10912
f 7988 10959 10911
f 5864 10844 5863
f 10959 5895 10911
f 7986 10958 10910
f 10958 5893 10910
f 5863 10843 5862
f 7984 10957 10909
f 10957 5891 10909
f 7982 10956 10908
f 5862 10842 5861
f 10956 5889 10908
f 7980 10955 10907
f 10955 5887 10907
f 5861 10841 5860
f 7978 10954 10906
f 10954 5885 10906
f 7976 10953 10905
f 5860 10840 5859
f 10953 5883 10905
f 7974 10952 10904
f 10952 5881 10904
f 5859 10883 5904
f 7972 10951 10903
f 10951 5879 10903
f 7970 10950 10902
f 5857 10839 5856
f 10950 5877 10902
f 7968 10949 10901
f 10949 5875 10901
f 5856 10838 5855
f 7966 10948 10900
f 10948 5873 10900
f 7964 10947 10915
f 5855 10837 5854
f 10947 5871 10915
f 7947 10946 10899
f 10946 5855 10899
f 5854 10836 5853
f 7945 10945 10898
f 10945 5853 10898
f 7943 10944 10897
f 5853 10835 5852
f 10944 5851 10897
f 7941 10943 10896
f 10943 5849 10896
f 5852 10834 5851
f 7939 10942 10895
f 10942 5847 10895
f 7937 10941 10894
f 10941 5845 10894
f 7935 10940 10893
f 10940 5843 10893
f 7933 10939 10892
f 10939 5841 10892
f 7931 10938 10891
f 5851 10833 5850
f 10938 5839 10891
f 7929 10937 10890
f 10937 5837 10890
f 5850 10832 5849
f 7927 10936 10889
f 10936 5835 10889
f 7925 10935 10888
f 5849 10831 5848
f 10935 5833 10888
f 7923 10934 10887
f 10934 5831 10887
f 5848 10830 5847
f 7921 10933 10886
f 10933 5829 10886
f 7919 10932 10914
f 5847 10829 5846
f 10932 5827 10914
f 7079 2279 9834
f 6314 9367 9368
f 5846 10828 5845
f 2279 7082 2280
f 2280 9834 2279
f 9367 3691 9368
f 5845 10827 5844
f 7077 2278 9830
f 4106 6411 6409
f 2277 9830 2278
f 5844 10826 5843
f 6312 9365 9366
f 7075 2277 9829
f 2277 7074 2276
f 5843 10825 5842
f 2276 9829 2277
f 7070 2276 9828
f 7073 2276 9825
f 5842 10824 5841
f 2276 7070 2274
f 2274 9825 2276
f 7069 2274 9827
f 5841 10823 5840
f 9365 3689 9366
f 2274 7072 2275
f 2275 9827 2274
f 5840 10822 5839
f 7065 2272 9824
f 6310 9363 9364
f 2272 7068 2273
f 5839 10821 5838
f 2273 9824 2272
f 9363 3687 9364
f 7063 2271 9818
f 5838 10820 5837
f 7087 6409 6411
f 2269 9818 2271
f 7059 2269 9820
f 5837 10819 5836
f 6308 9361 9362
f 2269 7062 2270
f 2270 9820 2269
f 5836 10818 5835
f 9361 3685 9362
f 7057 2268 9816
f 4104 3758 6409
f 2267 9816 2268
f 5835 10817 5834
f 6306 9359 9360
f 7055 2267 9815
f 2267 7054 2266
f 5834 10816 5833
f 2266 9815 2267
f 7050 2266 9814
f 7053 2266 9811
f 5833 10815 5832
f 2266 7050 2264
f 2264 9811 2266
f 7049 2264 9813
f 5832 10814 5831
f 9359 3683 9360
f 2264 7052 2265
f 2265 9813 2264
f 5831 10813 5830
f 6304 9357 9358
f 7047 2263 9809
f 4106 6409 3758
f 5830 10812 5829
f 2262 9809 2263
f 9357 3681 9358
f 7045 2262 9808
f 5829 10811 5828
f 2262 7044 2261
f 2261 9808 2262
f 7040 2261 9807
f 5828 10810 5827
f 7043 2261 9804
f 2261 7040 2259
f 2259 9804 2261
f 5827 10809 5826
f 7039 2259 9806
f 6302 9355 9356
f 2259 7042 2260
f 5826 10808 5825
f 2260 9806 2259
f 9355 3679 9356
f 7037 2258 9800
f 5825 10807 5824
f 4149 6450 6452
f 2256 9800 2258
f 7033 2256 9802
f 5824 10806 5823
f 6300 9353 9354
f 2256 7036 2257
f 2257 9802 2256
f 5823 10805 5822
f 9353 3677 9354
f 7031 2255 9796
f 6452 7058 8761
f 5822 10804 5821
f 2253 9796 2255
f 7027 2253 9798
f 6282 9336 9337
f 5821 10803 5820
f 2253 7030 2254
f 2254 9798 2253
f 9336 3656 9337
f 5820 10802 5819
f 7025 2252 9794
f 4076 6846 6012
f 2251 9794 2252
f 5819 10801 5818
f 6280 9334 9335
f 7023 2251 9793
f 7058 6452 6450
f 5818 10800 5817
f 2250 9793 2251
f 9334 3654 9335
f 7021 2250 9792
f 5817 10799 5816
f 2250 7020 2249
f 2249 9792 2250
f 7016 2249 9791
f 5816 10798 5815
f 7019 2249 9788
f 2249 7016 2247
f 2247 9788 2249
f 5815 10882 5903
f 7015 2247 9790
f 6278 9332 9333
f 2247 7018 2248
f 9332 3652 9333
f 2248 9790 2247
f 7011 2245 9787
f 6276 9330 9331
f 9330 3650 9331
f 2245 7014 2246
f 9720 10485 8234
f 9720 6374 10485
f 4914 8234 10485
f 4152 3809 6452
f 9721 10486 8235
f 4149 6452 3809
f 9721 6375 10486
f 9286 5254 5797
f 5254 9286 7880
f 9286 3005 7880
f 6234 7077 6461
f 4915 8235 10486
f 6461 9830 7075
f 6274 9328 9329
f 6758 5649 6031
f 4415 2677 2678
f 6757 5648 6030
f 9328 3648 9329
f 6760 5647 6029
f 4414 2616 2617
f 6759 5646 6028
f 10536 6762 10542
f 2506 10536 10542
f 6846 4076 6013
f 10535 6761 10541
f 2380 10535 10541
f 4077 6013 4076
f 10542 6764 10544
f 2508 10542 10544
f 6854 5643 6021
f 10541 6763 10543
f 6810 5625 5977
f 2382 10541 10543
f 9049 4078 4077
f 10544 6766 10538
f 4077 6847 6013
f 2509 10544 10538
f 6461 7077 9830
f 10543 6765 10537
f 6213 7047 6442
f 2384 10543 10537
f 6847 4077 6014
f 10538 6811 10540
f 4078 6014 4077
f 2512 10538 10540
f 6852 5642 6019
f 10537 6767 10539
f 6808 5624 5975
f 2387 10537 10539
f 6442 9809 7045
f 6849 10611 10610
f 6850 5641 6017
f 10611 2588 10610
f 6849 5640 6016
f 6848 10610 10609
f 6848 5639 6015
f 10610 2586 10609
f 8979 4001 4000
f 6847 10609 10608
f 4000 6773 5939
f 10609 2584 10608
f 6773 4000 5940
f 6846 10608 10607
f 4001 5940 4000
f 10608 2581 10607
f 9019 4048 4047
f 6845 10607 10606
f 4047 6817 5983
f 10607 2580 10606
f 6817 4047 5984
f 6844 10606 10605
f 4048 5984 4047
f 10606 2577 10605
f 9009 4031 4030
f 6843 10605 10604
f 6838 5638 6005
f 10605 2576 10604
f 4030 6803 5969
f 6842 10604 10603
f 6836 5637 6003
f 2246 9787 2245
f 10604 2573 10603
f 6803 4030 5970
f 6841 10603 10602
f 6834 5636 6001
f 10603 2572 10602
f 4031 5970 4030
f 6840 10602 10601
f 6832 5635 5999
f 10602 2570 10601
f 9056 4040 3992
f 6839 10601 10600
f 6830 5634 5997
f 10601 2568 10600
f 3992 6764 6027
f 6838 10600 10599
f 6828 5633 5995
f 10600 2566 10599
f 6764 3992 6025
f 6837 10599 10598
f 6826 5632 5993
f 10599 2564 10598
f 6272 9326 9327
f 4040 6025 3992
f 6836 10598 10597
f 6824 5631 5991
f 10598 2561 10597
f 9055 3993 3991
f 6835 10597 10596
f 3991 6763 6026
f 10597 2560 10596
f 6821 5630 5988
f 6834 10596 10595
f 6820 5629 5987
f 10596 2558 10595
f 6819 5628 5986
f 6833 10595 10594
f 6763 3991 6024
f 10595 2555 10594
f 3993 6024 3991
f 6832 10594 10593
f 8980 4002 4001
f 10594 2554 10593
f 4001 6774 5940
f 6831 10593 10592
f 6774 4001 5941
f 10593 2552 10592
f 6813 5627 5980
f 6830 10592 10591
f 4002 5941 4001
f 10592 2549 10591
f 6811 5626 5978
f 6829 10591 10590
f 6442 7047 9809
f 10591 2548 10590
f 6806 5623 5973
f 6828 10590 10589
f 6805 5622 5972
f 10590 2546 10589
f 6804 5621 5971
f 6827 10589 10588
f 10589 2544 10588
f 9020 4049 4048
f 6826 10588 10587
f 4048 6818 5984
f 10588 2542 10587
f 6825 10587 10586
f 6818 4048 5985
f 10587 2539 10586
f 6800 5620 5967
f 7007 2243 9784
f 6824 10586 10585
f 4049 5985 4048
f 10586 2538 10585
f 6798 5619 5965
f 6823 10585 10584
f 9053 3994 3993
f 10585 2536 10584
f 6822 10584 10583
f 6796 5618 5963
f 10584 2534 10583
f 6821 10583 10614
f 10583 2532 10614
f 3993 6765 6024
f 8429 3238 5239
f 8428 3237 5238
f 6805 10581 10580
f 6794 5617 5961
f 10581 2462 10580
f 6765 3993 6022
f 6804 10580 10579
f 10580 2460 10579
f 6792 5616 5959
f 6803 10579 10578
f 10579 2459 10578
f 3994 6022 3993
f 6802 10578 10577
f 4603 5274 3354
f 3354 5124 4603
f 9326 3646 9327
f 2243 7010 2244
f 2244 9784 2243
f 6270 9324 9325
f 6790 5615 5957
f 10578 2456 10577
f 9054 4041 4040
f 6801 10577 10576
f 6788 5614 5955
f 10577 2454 10576
f 4040 6766 6025
f 6800 10576 10575
f 6786 5613 5953
f 10576 2452 10575
f 6766 4040 6023
f 6799 10575 10574
f 6784 5612 5951
f 10575 2450 10574
f 4041 6023 4040
f 6798 10574 10573
f 6782 5611 5949
f 10574 2449 10573
f 3506 8834 8791
f 6797 10573 10572
f 6780 5610 5947
f 10573 2446 10572
f 8834 3506 3553
f 6796 10572 10571
f 3505 8792 8790
f 10572 2445 10571
f 6777 5609 5944
f 6795 10571 10570
f 6776 5608 5943
f 10571 2442 10570
f 6775 5607 5942
f 6794 10570 10569
f 8792 3505 3507
f 10570 2440 10569
f 9344 6514 6290
f 6793 10569 10568
f 6514 9344 6291
f 10569 2439 10568
f 9301 6471 6246
f 6792 10568 10567
f 6471 9301 6247
f 10568 2436 10567
f 4663 6101 4664
f 6791 10567 10566
f 10567 2434 10566
f 6790 10566 10565
f 4241 4663 4664
f 10566 2432 10565
f 6767 5606 5934
f 6789 10565 10564
f 10565 2430 10564
f 6788 10564 10563
f 10564 2429 10563
f 6787 10563 10562
f 3374 4777 5087
f 3163 3374 5087
f 3373 4776 5086
f 3162 3373 5086
f 10563 2426 10562
f 6786 10562 10561
f 10562 2424 10561
f 6785 10561 10560
f 10561 2422 10560
f 6784 10560 10559
f 10560 2420 10559
f 6783 10559 10558
f 6363 8940 4898
f 10559 2419 10558
f 6782 10558 10557
f 10558 2416 10557
f 6781 10557 10556
f 6362 8939 4897
f 10557 2414 10556
f 6780 10556 10555
f 9324 3644 9325
f 4618 6056 4619
f 470 3234 471
f 10556 2413 10555
f 6268 9322 9323
f 9322 3642 9323
f 3233 425 424
f 6779 10555 10554
f 6266 9320 9321
f 9320 3640 9321
f 3232 470 471
f 10555 2410 10554
f 6264 9318 9319
f 9318 3638 9319
f 3002 2985 7717
f 6778 10554 10553
f 10554 2408 10553
f 7005 2242 9779
f 2742 5127 4755
f 6777 10553 10613
f 2997 2980 7716
f 10553 2407 10613
f 6851 10552 10612
f 10552 2592 10612
f 6807 10551 10582
f 10551 2467 10582
f 6819 10616 10618
f 9533 6358 7551
f 10616 2528 10618
f 2737 9533 7551
f 10493 6358 5787
f 6358 10493 8220
f 10493 3964 8220
f 9534 6359 7552
f 6775 10615 10617
f 10615 2402 10617
f 2736 9534 7552
f 10496 6359 5788
f 6359 10496 8219
f 10496 3963 8219
f 5354 8423 4307
f 5354 4307 7859
f 8423 3109 4307
f 5353 8422 4306
f 5353 4306 7858
f 8422 3108 4306
f 7867 5154 3321
f 2756 7867 3321
f 2242 7003 2241
f 4195 4618 4619
f 2341 5414 420
f 6818 10618 10620
f 10618 2526 10620
f 6774 10617 10619
f 10617 2400 10619
f 6817 10620 10622
f 10620 2523 10622
f 6773 10619 10621
f 10619 2398 10621
f 6816 10622 10624
f 10622 2522 10624
f 6772 10621 10623
f 10621 2396 10623
f 6815 10624 10626
f 10624 2519 10626
f 6771 10623 10625
f 10623 2395 10625
f 6814 10626 10628
f 10626 2518 10628
f 6770 10625 10627
f 6716 10480 9549
f 6716 9549 6379
f 10625 2392 10627
f 10550 6853 10548
f 2596 10550 10548
f 10480 3025 9549
f 3600 9549 3025
f 6715 10479 9548
f 6715 9548 6378
f 10549 6809 10547
f 10479 3024 9548
f 3599 9548 3024
f 2470 10549 10547
f 5414 421 420
f 6262 9316 9317
f 6813 10628 10546
f 10628 2516 10546
f 5274 2763 3354
f 2241 9779 2242
f 7960 10965 10921
f 2340 5413 475
f 9316 3636 9317
f 6769 10627 10545
f 10965 5867 10921
f 10627 2391 10545
f 6812 10546 10540
f 9575 5771 7882
f 3606 9575 7882
f 9574 5770 7881
f 3605 9574 7881
f 10546 2514 10540
f 6768 10545 10539
f 7915 10964 10920
f 10964 5823 10920
f 10545 2388 10539
f 5330 3236 5776
f 4909 2289 5332
f 2289 2312 5332
f 4908 2232 5331
f 2232 2294 5331
f 6260 9314 9315
f 9314 3634 9315
f 6258 9312 9313
f 9312 3632 9313
f 5655 10105 8491
f 5020 8491 10105
f 10105 9965 5020
f 11037 5723 10996
f 5654 10104 8490
f 5019 8490 10104
f 10104 9964 5019
f 5540 11037 10996
f 4441 5054 7425
f 5054 3017 7425
f 4440 5053 7424
f 5053 3016 7424
f 5397 6726 2731
f 6726 4455 2731
f 5396 6725 2670
f 6725 4454 2670
f 10997 5678 10995
f 5496 10997 10995
f 10996 5677 10992
f 5495 10996 10992
f 9180 9683 9710
f 9683 8218 8231
f 9683 8231 9710
f 9179 9682 9709
f 9682 8217 8230
f 9682 8230 9709
f 9174 9679 9683
f 10995 5676 10991
f 5494 10995 10991
f 5764 11091 11089
f 9173 9678 9682
f 11089 5765 5764
f 11091 5581 11089
f 11089 5581 5582
f 5719 11090 11088
f 11088 5720 5719
f 11090 5537 11088
f 9170 9677 9679
f 9677 8208 8210
f 9677 8210 9679
f 9169 9676 9678
f 9676 8207 8209
f 9676 8209 9678
f 10519 10449 5589
f 8485 10519 5589
f 10518 10448 5588
f 8484 10518 5588
f 5930 8051 7904
f 11088 5537 5538
f 5930 7904 5916
f 7412 5930 5916
f 5929 8050 7903
f 7958 10967 10923
f 5929 7903 5915
f 7411 5929 5915
f 9168 9675 9677
f 9675 8206 8208
f 9675 8208 9677
f 9167 9674 9676
f 9674 8205 8207
f 9674 8207 9676
f 9166 9673 9675
f 9673 8204 8206
f 9673 8206 9675
f 9165 9672 9674
f 9672 8203 8205
f 9672 8205 9674
f 9164 9671 9673
f 9671 8202 8204
f 9671 8204 9673
f 9163 9670 9672
f 9670 8201 8203
f 9670 8203 9672
f 9076 9582 9584
f 9582 8193 8192
f 9582 8192 9584
f 9075 9583 9585
f 9583 8110 8111
f 10967 5865 10923
f 9583 8111 9585
f 9078 9584 9586
f 9584 8192 8191
f 8303 4447 10658
f 9584 8191 9586
f 9162 9669 9671
f 9669 8200 8202
f 9669 8202 9671
f 9161 9668 9670
f 9668 8199 8201
f 9668 8201 9670
f 9077 9585 9587
f 9585 8111 8112
f 9585 8112 9587
f 9080 9586 9626
f 9586 8191 8190
f 9586 8190 9626
f 9160 9667 9669
f 9667 8198 8200
f 9667 8200 9669
f 9159 9666 9668
f 9666 8197 8199
f 9666 8199 9668
f 9079 9587 9665
f 9587 8112 8113
f 9587 8113 9665
f 9158 9626 9625
f 9626 8190 8189
f 9626 8189 9625
f 9157 9627 9667
f 9627 8187 8198
f 9627 8198 9667
f 9156 9625 9624
f 9625 8189 8188
f 9625 8188 9624
f 9155 9628 9627
f 9628 8185 8187
f 9628 8187 9627
f 9154 9624 9623
f 9624 8188 8186
f 9624 8186 9623
f 9153 9629 9628
f 9629 8183 8185
f 9629 8185 9628
f 9152 9623 9622
f 9623 8186 8184
f 9623 8184 9622
f 9151 9630 9629
f 9630 8181 8183
f 9630 8183 9629
f 9150 9622 9621
f 9622 8184 8182
f 9622 8182 9621
f 9149 9631 9630
f 9631 8179 8181
f 9631 8181 9630
f 9148 9621 9620
f 9621 8182 8180
f 9621 8180 9620
f 9147 9632 9631
f 9632 8177 8179
f 9632 8179 9631
f 9146 9620 9619
f 9620 8180 8178
f 9620 8178 9619
f 9145 9633 9632
f 9633 8175 8177
f 9633 8177 9632
f 9144 9619 9618
f 9619 8178 8176
f 9619 8176 9618
f 9143 9634 9633
f 9634 8173 8175
f 9634 8175 9633
f 9142 9618 9617
f 9618 8176 8174
f 9618 8174 9617
f 9141 9635 9634
f 9635 8171 8173
f 9635 8173 9634
f 9140 9617 9616
f 9617 8174 8172
f 9617 8172 9616
f 9139 9636 9635
f 9636 8169 8171
f 9636 8171 9635
f 9138 9616 9615
f 9616 8172 8170
f 9616 8170 9615
f 9137 9637 9636
f 9637 8167 8169
f 9637 8169 9636
f 9136 9615 9614
f 9615 8170 8168
f 9615 8168 9614
f 9135 9638 9637
f 9638 8165 8167
f 9638 8167 9637
f 9134 9614 9613
f 9614 8168 8166
f 9614 8166 9613
f 9133 9639 9638
f 9639 8163 8165
f 9639 8165 9638
f 9132 9613 9612
f 9613 8166 8164
f 9613 8164 9612
f 9131 9640 9639
f 9640 8161 8163
f 9640 8163 9639
f 5366 5032 3307
f 7913 10966 10922
f 5365 5031 3306
f 10966 5821 10922
f 9130 9612 9611
f 9612 8164 8162
f 9612 8162 9611
f 9129 9641 9640
f 9641 8159 8161
f 9641 8161 9640
f 9128 9611 9610
f 9611 8162 8160
f 9611 8160 9610
f 9127 9642 9641
f 9642 8157 8159
f 9642 8159 9641
f 9126 9610 9609
f 9610 8160 8158
f 9610 8158 9609
f 9125 9643 9642
f 9643 8155 8157
f 9643 8157 9642
f 9124 9609 9608
f 9609 8158 8156
f 9609 8156 9608
f 9123 9644 9643
f 9644 8153 8155
f 9644 8155 9643
f 9122 9608 9607
f 9608 8156 8154
f 9608 8154 9607
f 9121 9645 9644
f 9645 8151 8153
f 9645 8153 9644
f 9120 9607 9606
f 9607 8154 8152
f 9607 8152 9606
f 9119 9646 9645
f 9646 8149 8151
f 9646 8151 9645
f 9118 9606 9605
f 9606 8152 8150
f 9606 8150 9605
f 9117 9647 9646
f 9647 8147 8149
f 9647 8149 9646
f 9116 9605 9604
f 9605 8150 8148
f 9605 8148 9604
f 9115 9648 9647
f 9648 8145 8147
f 9648 8147 9647
f 9114 9604 9603
f 9604 8148 8146
f 9604 8146 9603
f 9113 9649 9648
f 9649 8143 8145
f 9649 8145 9648
f 9112 9603 9602
f 9603 8146 8144
f 9603 8144 9602
f 9111 9650 9649
f 9650 8141 8143
f 9650 8143 9649
f 9110 9602 9601
f 9602 8144 8142
f 9602 8142 9601
f 9109 9651 9650
f 9651 8139 8141
f 9651 8141 9650
f 9108 9601 9600
f 9601 8142 8140
f 9601 8140 9600
f 9107 9652 9651
f 9652 8137 8139
f 9652 8139 9651
f 9106 9600 9599
f 9600 8140 8138
f 9600 8138 9599
f 9105 9653 9652
f 9653 8135 8137
f 9653 8137 9652
f 9104 9599 9598
f 9599 8138 8136
f 9599 8136 9598
f 9103 9654 9653
f 9654 8133 8135
f 9654 8135 9653
f 9102 9598 9597
f 9598 8136 8134
f 9598 8134 9597
f 9101 9655 9654
f 9655 8131 8133
f 9655 8133 9654
f 9100 9597 9596
f 9597 8134 8132
f 9597 8132 9596
f 9099 9656 9655
f 9656 8129 8131
f 9656 8131 9655
f 9098 9596 9595
f 9596 8132 8130
f 9596 8130 9595
f 9097 9657 9656
f 9657 8127 8129
f 9657 8129 9656
f 9096 9595 9594
f 9595 8130 8128
f 9595 8128 9594
f 9095 9658 9657
f 9658 8125 8127
f 9658 8127 9657
f 9094 9594 9593
f 9594 8128 8126
f 9594 8126 9593
f 9093 9659 9658
f 9659 8123 8125
f 9659 8125 9658
f 9092 9593 9592
f 9593 8126 8124
f 9593 8124 9592
f 9091 9660 9659
f 9660 8121 8123
f 9660 8123 9659
f 9090 9592 9591
f 9592 8124 8122
f 9592 8122 9591
f 9089 9661 9660
f 9661 8119 8121
f 9661 8121 9660
f 9088 9591 9590
f 9591 8122 8120
f 9591 8120 9590
f 9087 9662 9661
f 9662 8117 8119
f 9662 8119 9661
f 9086 9590 9589
f 9590 8120 8118
f 9590 8118 9589
f 9085 9663 9662
f 9663 8115 8117
f 9663 8117 9662
f 9084 9589 9588
f 9589 8118 8116
f 9589 8116 9588
f 9083 9664 9663
f 9664 8114 8115
f 9664 8115 9663
f 9082 9588 9666
f 9588 8116 8197
f 9588 8197 9666
f 9081 9665 9664
f 9665 8113 8114
f 9665 8114 9664
f 9074 9580 9582
f 9580 8194 8193
f 9580 8193 9582
f 9073 9581 9583
f 9581 8109 8110
f 9581 8110 9583
f 10992 5675 10994
f 5493 10992 10994
f 9072 9578 9580
f 9578 8195 8194
f 10991 5674 10993
f 9578 8194 9580
f 9071 9579 9581
f 9579 8108 8109
f 9579 8109 9581
f 9070 9576 9578
f 9576 8196 8195
f 9576 8195 9578
f 9069 9577 9579
f 9577 8107 8108
f 9577 8108 9579
f 4459 5407 5022
f 5407 4459 4781
f 4458 5406 5021
f 5406 4458 4780
f 8106 2983 2984
f 8105 2982 2981
f 5492 10991 10993
f 5814 8946 8014
f 8014 2856 5814
f 10994 5673 11078
f 5813 8945 8013
f 8013 2849 5813
f 3000 9725 9538
f 9538 9725 2986
f 9538 5350 3000
f 2999 9724 9537
f 9537 9724 2979
f 9537 5349 2999
f 6854 10632 10548
f 10632 2597 10548
f 6810 10631 10547
f 10631 2472 10547
f 6256 9310 9311
f 9310 3630 9311
f 5809 8932 8902
f 8932 5778 8902
f 8932 5922 5778
f 5808 8931 8901
f 8931 5777 8901
f 8931 5921 5777
f 7710 5771 8891
f 3139 7710 8891
f 7709 5770 8890
f 3138 7709 8890
f 4432 3968 4771
f 8442 4771 3968
f 3089 4432 4771
f 3089 4771 7859
f 4431 3967 4770
f 8441 4770 3967
f 3088 4431 4770
f 3088 4770 7858
f 4453 4992 5423
f 5423 4992 2358
f 5263 2358 4992
f 6219 7057 6449
f 7559 4873 7554
f 6449 9816 7055
f 5127 2742 2766
f 7558 4828 7553
f 5491 10994 11078
f 7430 6037 5924
f 5924 8910 7430
f 10993 5672 11077
f 7429 6036 5923
f 4591 8918 6607
f 5923 8909 7429
f 4578 8417 8315
f 8417 4400 8315
f 4590 8917 6606
f 4532 8372 8314
f 8372 4354 8314
f 9723 2497 8912
f 4593 8912 6603
f 2497 9723 2499
f 9722 2373 8911
f 2373 9722 2374
f 4592 8911 6602
f 8914 9559 10101
f 5414 2341 3370
f 9559 8619 10101
f 5413 2340 3369
f 5490 10993 11077
f 11078 5671 11080
f 5413 474 475
f 9559 3388 8619
f 4362 8379 4361
f 8913 9558 10100
f 6571 3036 8898
f 5489 11078 11080
f 11077 5670 11079
f 8095 6352 7690
f 3969 8095 7690
f 8096 6353 7691
f 3970 8096 7691
f 2826 3316 3204
f 5488 11077 11079
f 9558 8618 10100
f 7956 10969 10927
f 5418 6577 6987
f 5418 5932 6577
f 2994 5418 6987
f 5417 6576 6986
f 5417 5931 6576
f 2993 5417 6986
f 10969 5863 10927
f 7898 3029 4487
f 4487 6864 7898
f 7911 10968 10926
f 8224 6347 4745
f 10968 5819 10926
f 8223 6346 4744
f 11080 5669 11082
f 7897 3028 4486
f 4486 6863 7897
f 5487 11080 11082
f 8958 9706 6394
f 2690 4362 4361
f 6394 8924 8958
f 8957 9705 6393
f 4316 8334 4315
f 6393 8923 8957
f 6988 3009 7667
f 2745 6988 7667
f 6347 9744 9294
f 6347 8224 6591
f 6591 9744 6347
f 6346 9743 9293
f 6346 8223 6590
f 6590 9743 6346
f 11079 5668 11081
f 5486 11079 11081
f 3220 5126 3222
f 7105 5248 5232
f 7105 7556 4609
f 4609 5248 7105
f 7104 5247 5231
f 7104 7555 4608
f 4608 5247 7104
f 11082 5667 11084
f 7343 11198 3883
f 5485 11082 11084
f 11081 5666 11083
f 3881 11198 7341
f 5484 11081 11083
f 6756 10630 6754
f 10630 6756 10532
f 2500 10630 10532
f 6755 10629 6753
f 10629 6755 10531
f 2375 10629 10531
f 6605 9733 6707
f 4578 6605 6707
f 6604 9732 6662
f 4532 6604 6662
f 4434 3004 6870
f 4433 3003 6869
f 7846 9961 3958
f 4739 8273 9961
f 7846 4739 9961
f 9961 8273 4297
f 7845 9960 3957
f 4738 8272 9960
f 7845 4738 9960
f 9960 8272 4296
f 8948 6565 8004
f 7954 10975 10973
f 2854 8948 8004
f 10975 5861 10973
f 8947 6564 8003
f 7909 10974 10972
f 2847 8947 8003
f 10974 5817 10972
f 8004 6563 8002
f 11084 5665 11087
f 8003 6562 8001
f 5483 11084 11087
f 8002 6561 8000
f 6339 8000 6561
f 8001 6560 7999
f 6338 7999 6560
f 7994 6553 7995
f 6330 7995 6553
f 7949 6510 7950
f 6286 7950 6510
f 8000 6559 7998
f 11083 5664 11086
f 7999 6558 7997
f 5482 11083 11086
f 7998 6557 7906
f 6335 7906 6557
f 7997 6556 7905
f 6334 7905 6556
f 7993 6552 7994
f 6329 7994 6552
f 7906 6555 7952
f 6400 8934 6402
f 7905 6554 7907
f 6167 6400 6402
f 7992 6551 7993
f 6399 8933 6401
f 7991 6550 7992
f 6327 7992 6550
f 7990 6549 7991
f 6166 6399 6401
f 7989 6548 7990
f 6325 7990 6548
f 7988 6547 7989
f 10971 7998 10931
f 7987 6546 7988
f 6323 7988 6546
f 7986 6545 7987
f 5906 10971 10931
f 7985 6544 7986
f 6321 7986 6544
f 7984 6543 7985
f 10970 7997 10930
f 7983 6542 7984
f 6319 7984 6542
f 7982 6541 7983
f 5905 10970 10930
f 7981 6540 7982
f 6317 7982 6540
f 7980 6539 7981
f 7953 10973 10929
f 7979 6538 7980
f 6315 7980 6538
f 7978 6537 7979
f 10973 5860 10929
f 7977 6536 7978
f 6313 7978 6536
f 7976 6535 7977
f 7908 10972 10928
f 7975 6534 7976
f 6311 7976 6534
f 7974 6533 7975
f 10972 5816 10928
f 7973 6532 7974
f 6309 7974 6532
f 7972 6531 7973
f 10961 7993 10919
f 7971 6530 7972
f 6307 7972 6530
f 7970 6529 7971
f 5900 10961 10919
f 7969 6528 7970
f 6305 7970 6528
f 7968 6527 7969
f 10946 7948 10918
f 7967 6526 7968
f 6303 7968 6526
f 7966 6525 7967
f 5856 10946 10918
f 7965 6524 7966
f 6301 7966 6524
f 7964 6523 7965
f 10963 7963 10915
f 7963 6522 7964
f 6299 7964 6522
f 7962 6521 7963
f 5870 10963 10915
f 7961 6520 7962
f 6297 7962 6520
f 7960 6519 7961
f 10962 7918 10914
f 7959 6518 7960
f 6295 7960 6518
f 7958 6517 7959
f 5826 10962 10914
f 7957 6516 7958
f 6293 7958 6516
f 7956 6515 7957
f 10960 7991 10913
f 7955 6514 7956
f 6291 7956 6514
f 7954 6513 7955
f 5898 10960 10913
f 7953 6512 7954
f 6289 7954 6512
f 7952 6511 7953
f 6288 7953 6511
f 7948 6509 7949
f 6285 7949 6509
f 7947 6508 7948
f 10959 7989 10912
f 7946 6507 7947
f 6283 7947 6507
f 7945 6506 7946
f 5896 10959 10912
f 7944 6505 7945
f 6281 7945 6505
f 7943 6504 7944
f 10958 7987 10911
f 7942 6503 7943
f 6279 7943 6503
f 7941 6502 7942
f 5894 10958 10911
f 7940 6501 7941
f 6277 7941 6501
f 7939 6500 7940
f 10957 7985 10910
f 7938 6499 7939
f 6275 7939 6499
f 7937 6498 7938
f 5892 10957 10910
f 7936 6497 7937
f 6273 7937 6497
f 7935 6496 7936
f 10956 7983 10909
f 7934 6495 7935
f 6271 7935 6495
f 7933 6494 7934
f 5890 10956 10909
f 7932 6493 7933
f 6269 7933 6493
f 7931 6492 7932
f 10955 7981 10908
f 7930 6491 7931
f 6267 7931 6491
f 7929 6490 7930
f 5888 10955 10908
f 7928 6489 7929
f 6265 7929 6489
f 7927 6488 7928
f 10954 7979 10907
f 7926 6487 7927
f 6263 7927 6487
f 7925 6486 7926
f 5886 10954 10907
f 7924 6485 7925
f 6261 7925 6485
f 7923 6484 7924
f 10953 7977 10906
f 7922 6483 7923
f 6259 7923 6483
f 7921 6482 7922
f 5884 10953 10906
f 7920 6481 7921
f 6257 7921 6481
f 7919 6480 7920
f 10952 7975 10905
f 7918 6479 7919
f 6255 7919 6479
f 7917 6478 7918
f 5882 10952 10905
f 7916 6477 7917
f 6253 7917 6477
f 7915 6476 7916
f 10951 7973 10904
f 7914 6475 7915
f 6251 7915 6475
f 7913 6474 7914
f 5880 10951 10904
f 7912 6473 7913
f 6249 7913 6473
f 7911 6472 7912
f 10950 7971 10903
f 7910 6471 7911
f 6247 7911 6471
f 7909 6470 7910
f 5878 10950 10903
f 7908 6469 7909
f 6245 7909 6469
f 7907 6468 7908
f 6244 7908 6468
f 6449 7057 9816
f 4128 6432 6434
f 9558 3387 8618
f 10949 7969 10902
f 6434 7032 8754
f 7032 6434 6432
f 2629 4316 4315
f 5876 10949 10902
f 10948 7967 10901
f 8948 2854 5912
f 5874 10948 10901
f 8947 2847 5911
f 8493 8879 9418
f 8879 2858 9418
f 8879 5922 2858
f 8492 8878 9417
f 8878 2851 9417
f 8878 5921 2851
f 2599 9733 2601
f 2474 9732 2477
f 8430 6744 2743
f 10947 7965 10900
f 5872 10947 10900
f 4723 6037 4717
f 4295 4723 4717
f 4722 6036 4716
f 4294 4722 4716
f 9967 2350 2770
f 2350 3326 2770
f 10945 7946 10899
f 8950 6349 6567
f 8950 6567 8948
f 8949 6348 6566
f 8949 6566 8947
f 3980 9068 3982
f 3979 9067 3981
f 7308 4096 3746
f 7307 4095 3745
f 5854 10945 10899
f 10944 7944 10898
f 4131 3786 6434
f 4128 6434 3786
f 7306 4172 3837
f 7305 4105 3756
f 4648 6086 4649
f 7315 4097 3749
f 7310 4170 3836
f 7309 4104 3757
f 4225 4648 4649
f 4693 6131 4694
f 7314 4171 3835
f 7313 4106 3758
f 7404 4101 3752
f 7321 4100 3751
f 7318 4169 3834
f 7317 4107 3759
f 4271 4693 4694
f 7322 4102 3761
f 7402 4168 3833
f 7398 4165 3831
f 4164 6462 6464
f 7323 4108 3760
f 7400 4166 3829
f 7401 4167 3828
f 9573 5370 2998
f 9572 5371 3001
f 7396 4164 3827
f 6464 7078 8768
f 3955 3002 4898
f 7717 4898 3002
f 3956 2997 4897
f 7716 4897 2997
f 7394 4162 3825
f 6856 6570 8889
f 2602 6856 8889
f 6855 6569 8888
f 2476 6855 8888
f 7078 6464 6462
f 7392 4160 3824
f 7393 4161 3823
f 5799 8961 2852
f 7388 4157 3822
f 5798 8962 2845
f 4166 3827 6464
f 7390 4158 3820
f 4579 8920 6605
f 4599 8315 4579
f 6605 4599 4579
f 7391 4159 3819
f 4164 6464 3827
f 4533 8919 6604
f 4598 8314 4533
f 6604 4598 4533
f 7896 10480 6716
f 10480 7896 4751
f 3025 10480 4751
f 7895 10479 6715
f 10479 7895 4750
f 3024 10479 4750
f 4892 8039 3310
f 8039 2347 3310
f 8039 2339 2347
f 4891 8038 3309
f 8038 2346 3309
f 8038 2338 2346
f 8037 4890 3308
f 2345 8037 3308
f 2337 8037 2345
f 4168 6466 6415
f 7386 4155 3816
f 7387 4156 3815
f 7382 4154 3814
f 7084 6415 6466
f 7378 4150 3812
f 5269 7551 3230
f 5852 10944 10898
f 4169 3833 6415
f 7380 4152 3811
f 5005 7410 5129
f 7410 3052 5129
f 5004 7409 5128
f 7409 3051 5128
f 7381 4153 3810
f 7376 4149 3809
f 4168 6415 3833
f 7374 4147 3807
f 4141 6443 6445
f 7372 4145 3806
f 7373 4146 3805
f 7368 4142 3804
f 6445 7048 8758
f 7370 4143 3802
f 7371 4144 3801
f 7366 4141 3800
f 7048 6445 6443
f 7364 4139 3798
f 4143 3800 6445
f 4141 6445 3800
f 7362 4137 3797
f 7363 4138 3796
f 4364 8381 4363
f 7358 4134 3795
f 8317 4415 4413
f 7717 8449 7278
f 4133 6436 6438
f 7716 8448 7277
f 7360 4135 3793
f 7361 4136 3792
f 7356 4133 3791
f 6438 7038 8756
f 7352 4129 3789
f 7038 6438 6436
f 7354 4131 3788
f 7355 4132 3787
f 3085 4777 5117
f 10943 7942 10897
f 7350 4128 3786
f 3084 4776 5116
f 5850 10943 10897
f 10942 7940 10896
f 4135 3791 6438
f 6382 8215 9285
f 8215 3006 9285
f 5848 10942 10896
f 7346 4124 3784
f 6383 8216 9286
f 8216 3005 9286
f 8290 6716 8044
f 4434 8290 8044
f 8289 6715 8043
f 4433 8289 8043
f 7695 10513 7699
f 4133 6438 3791
f 7348 4126 3783
f 7349 4127 3782
f 7694 10512 7698
f 7344 4123 3781
f 4170 6410 6408
f 7342 4121 3779
f 5268 7552 3229
f 7090 6408 6410
f 7340 4119 3778
f 4172 3836 6408
f 10941 7938 10895
f 7338 4117 3777
f 7339 4118 3776
f 7334 4114 3775
f 5846 10941 10895
f 4170 6408 3836
f 4415 2678 4413
f 6103 4666 4665
f 7336 4115 3773
f 7337 4116 3772
f 3390 9408 8887
f 4666 4243 4665
f 6058 4621 4620
f 10940 7936 10894
f 5844 10940 10894
f 7332 4112 3769
f 3389 9407 8886
f 10939 7934 10893
f 7333 4113 3768
f 5842 10939 10893
f 4621 4197 4620
f 10938 7932 10892
f 4160 6459 6460
f 5840 10938 10892
f 7994 6329 6553
f 2692 4364 4363
f 7074 6460 6459
f 4318 8336 4317
f 7328 4110 3765
f 10937 7930 10891
f 7329 4111 3764
f 5838 10937 10891
f 7324 4109 3763
f 4162 3824 6460
f 10936 7928 10890
f 7992 6327 6551
f 2631 4318 4317
f 3952 2991 7669
f 6185 8767 6236
f 5836 10936 10890
f 10935 7926 10889
f 7079 6236 8767
f 4160 6460 3824
f 4137 6440 6441
f 5834 10935 10889
f 3219 5125 3221
f 7990 6325 6549
f 7044 6441 6440
f 3951 2988 7668
f 6207 8753 6206
f 10934 7924 10888
f 5832 10934 10888
f 7033 6206 8753
f 10933 7922 10887
f 7988 6323 6547
f 7304 4094 3744
f 6206 4130 6207
f 7303 4093 3743
f 5830 10933 10887
f 6222 8760 6221
f 10932 7920 10886
f 5828 10932 10886
f 10965 7961 10917
f 5868 10965 10917
f 7986 6321 6545
f 7059 6221 8760
f 10964 7916 10916
f 6221 4151 6222
f 5824 10964 10916
f 10967 7959 10921
f 8474 5427 5070
f 5866 10967 10921
f 7984 6319 6543
f 6204 8750 6203
f 5427 3052 5070
f 7027 6203 8750
f 5118 2804 3037
f 10966 7914 10920
f 5822 10966 10920
f 8473 5426 5069
f 10969 7957 10923
f 7982 6317 6541
f 6203 4125 6204
f 5426 3051 5069
f 5136 5184 416
f 3213 7850 5153
f 7850 8034 5153
f 7850 3213 5380
f 5864 10969 10923
f 10968 7912 10922
f 3215 5115 4976
f 5820 10968 10922
f 5595 5773 8733
f 2767 5115 3230
f 7980 6315 6539
f 417 5136 416
f 5773 5595 8489
f 3214 5114 4975
f 2766 5114 3229
f 4139 3797 6441
f 5594 5772 8732
f 7769 7152 7151
f 5113 2803 3036
f 5772 5594 8488
f 7152 4829 7151
f 10975 7955 10927
f 7978 6313 6537
f 11112 5412 4480
f 7724 7107 7106
f 3368 11112 4480
f 5862 10975 10927
f 10974 7910 10926
f 7107 4784 7106
f 5818 10974 10926
f 7976 6311 6535
f 8506 6164 6168
f 4587 8321 8323
f 8506 6168 8736
f 4137 6441 3797
f 4145 6447 6448
f 8321 4409 8323
f 5479 11087 5477
f 7974 6309 6533
f 7054 6448 6447
f 4586 8320 8322
f 3234 5026 471
f 4147 3806 6448
f 4145 6448 3806
f 8320 4408 8322
f 5478 11086 5476
f 7972 6307 6531
f 471 5026 472
f 4585 8323 8325
f 6231 7070 9828
f 8316 4414 4412
f 9947 6040 4731
f 8323 4407 8325
f 9947 3009 6040
f 7970 6305 6529
f 6231 9828 6459
f 4584 8322 8324
f 7074 6459 9828
f 6330 9384 6331
f 6127 4690 4689
f 8322 4406 8324
f 6286 9341 6287
f 7968 6303 6527
f 6210 7040 9807
f 4589 8319 8321
f 6210 9807 6440
f 4690 4267 4689
f 6082 4645 4644
f 8319 4411 8321
f 4414 2617 4412
f 7966 6301 6525
f 7044 6440 9807
f 4588 8318 8320
f 6216 7050 9814
f 4645 4221 4644
f 2285 9768 2286
f 8318 4410 8320
f 6125 4688 4687
f 7091 2235 9766
f 7964 6299 6523
f 6216 9814 6447
f 2235 7091 2238
f 7054 6447 9814
f 4583 8325 8327
f 2238 9767 2235
f 7556 7105 7834
f 8325 4405 8327
f 7719 8033 5154
f 7962 6297 6521
f 2291 5108 2313
f 2233 5107 2293
f 6197 7016 9791
f 4582 8324 8326
f 8324 4404 8326
f 10523 7685 9713
f 2491 10523 9713
f 10524 7684 9712
f 6197 9791 6424
f 7555 7104 7833
f 3026 7719 5154
f 2367 10524 9712
f 7952 10929 10977
f 7960 6295 6519
f 7020 6424 9791
f 10929 5859 10977
f 9386 6511 6333
f 7907 10928 10976
f 10928 5815 10976
f 9700 8499 9416
f 624 9700 9416
f 7958 6293 6517
f 6511 9386 6288
f 9699 8498 9415
f 9385 6468 6332
f 271 9699 9415
f 4952 3233 5028
f 5169 2767 7711
f 7328 11197 7324
f 8715 10883 8670
f 10883 5859 8670
f 5279 5258 477
f 8670 2929 8715
f 5257 5278 418
f 7956 6291 6515
f 5256 5277 477
f 6468 9385 6244
f 8714 10882 8626
f 6237 7080 9780
f 10882 5815 8626
f 8626 2870 8714
f 4752 7288 5320
f 5243 5028 423
f 7954 6289 6513
f 4688 4265 4687
f 8625 2973 8713
f 5028 3233 424
f 7953 6288 6512
f 6237 9780 6466
f 7084 6466 9780
f 6179 7085 9774
f 8624 2914 8669
f 5028 424 423
f 6179 9774 6411
f 5223 7841 2352
f 6123 4686 4685
f 4998 5078 5273
f 5273 7838 4998
f 5273 5078 7213
f 7949 6285 6510
f 7087 6411 9774
f 4997 5077 5272
f 8785 5491 5489
f 5272 7837 4997
f 5272 5077 7212
f 8670 10840 8671
f 10840 5860 8671
f 7947 6283 6508
f 5491 8785 8787
f 8671 2930 8670
f 8784 5490 5488
f 8626 10798 8627
f 10798 5816 8627
f 8627 2871 8626
f 3271 2839 6979
f 7945 6281 6506
f 5490 8784 8786
f 10470 6979 2839
f 8787 5493 5491
f 8671 10841 8672
f 10841 5861 8672
f 8672 2931 8671
f 8627 10799 8628
f 10799 5817 8628
f 7943 6279 6504
f 5493 8787 8789
f 8628 2872 8627
f 8786 5492 5490
f 8672 10842 8673
f 10842 5862 8673
f 8673 2932 8672
f 8628 10800 8629
f 7941 6277 6502
f 5492 8786 8788
f 10800 5818 8629
f 9930 3487 9932
f 8629 2873 8628
f 8673 10843 8674
f 10843 5863 8674
f 8674 2933 8673
f 7939 6275 6500
f 5582 9930 9932
f 8629 10801 8630
f 4686 4263 4685
f 10801 5819 8630
f 8630 2874 8629
f 8674 10844 8675
f 10844 5864 8675
f 7937 6273 6498
f 3595 9932 3487
f 8675 2934 8674
f 9888 3444 9931
f 8630 10802 8631
f 10802 5820 8631
f 8631 2875 8630
f 8675 10845 8676
f 7935 6271 6496
f 5538 9888 9931
f 10845 5865 8676
f 6121 4684 4683
f 8676 2935 8675
f 8631 10803 8632
f 10803 5821 8632
f 8632 2876 8631
f 7933 6269 6494
f 8676 10846 8677
f 3549 9931 3444
f 10846 5866 8677
f 8677 2936 8676
f 8789 5495 5493
f 8632 10804 8633
f 10804 5822 8633
f 8633 2877 8632
f 8677 10847 8678
f 7931 6267 6492
f 5495 8789 8791
f 10847 5867 8678
f 8788 5494 5492
f 8678 2937 8677
f 8633 10805 8634
f 10805 5823 8634
f 8634 2878 8633
f 8709 10879 8710
f 7929 6265 6490
f 5494 8788 8790
f 10879 5899 8710
f 6176 7088 9771
f 8710 2969 8709
f 3229 5097 2766
f 8708 10878 8709
f 10878 5898 8709
f 8709 2968 8708
f 8707 10877 8708
f 3230 5096 2767
f 7927 6263 6488
f 6176 9771 6410
f 10877 5897 8708
f 8708 2967 8707
f 7090 6410 9771
f 8706 10876 8707
f 10876 5896 8707
f 8707 2966 8706
f 8705 10875 8706
f 7925 6261 6486
f 5241 6983 5197
f 10875 5895 8706
f 2609 5241 5197
f 8706 2965 8705
f 8704 10874 8705
f 10874 5894 8705
f 8705 2964 8704
f 7923 6259 6484
f 5240 6982 5196
f 8703 10873 8704
f 2484 5240 5196
f 10873 5893 8704
f 8704 2963 8703
f 8702 10872 8703
f 10872 5892 8703
f 7921 6257 6482
f 8791 5540 5495
f 8703 2962 8702
f 5540 8791 8834
f 8701 10871 8702
f 10871 5891 8702
f 8702 2961 8701
f 8700 10870 8701
f 7919 6255 6480
f 8790 5496 5494
f 10870 5890 8701
f 5496 8790 8792
f 8701 2960 8700
f 8699 10869 8700
f 10869 5889 8700
f 8700 2959 8699
f 7917 6253 6478
f 6998 6173 8741
f 8698 10868 8699
f 6998 6175 6173
f 10868 5888 8699
f 2313 5094 2290
f 2293 5093 2231
f 8699 2958 8698
f 8697 10867 8698
f 10867 5887 8698
f 7915 6251 6476
f 4098 6173 6175
f 8698 2957 8697
f 8696 10866 8697
f 8937 3735 5604
f 10866 5886 8697
f 8697 2956 8696
f 8695 10865 8696
f 3182 5092 4457
f 10865 5885 8696
f 7913 6249 6474
f 9411 5604 3735
f 3181 5091 4456
f 8696 2955 8695
f 3959 8937 5604
f 8694 10864 8695
f 10864 5884 8695
f 8695 2954 8694
f 8693 10863 8694
f 7911 6247 6472
f 8938 3736 5605
f 10863 5883 8694
f 9412 5605 3736
f 8694 2953 8693
f 8692 10862 8693
f 10862 5882 8693
f 8693 2952 8692
f 7909 6245 6470
f 8691 10861 8692
f 10861 5881 8692
f 8692 2951 8691
f 7908 6244 6469
f 3960 8938 5605
f 8690 10860 8691
f 4684 4261 4683
f 10860 5880 8691
f 8691 2950 8690
f 8689 10859 8690
f 10859 5879 8690
f 7906 6335 6555
f 8690 2949 8689
f 8688 10858 8689
f 10858 5878 8689
f 7905 6334 6554
f 4951 3232 5027
f 8689 2948 8688
f 5242 5027 472
f 8687 10857 8688
f 5027 3232 471
f 10857 5877 8688
f 5027 471 472
f 8688 2947 8687
f 3305 5089 4974
f 8686 10856 8687
f 10856 5876 8687
f 8687 2946 8686
f 3304 5088 4973
f 8000 6339 6559
f 8685 10855 8686
f 10855 5875 8686
f 8686 2945 8685
f 7999 6338 6558
f 9394 9938 6341
f 8684 10854 8685
f 9938 6561 6341
f 10854 5874 8685
f 9393 9937 6340
f 8685 2944 8684
f 9937 6560 6340
f 8683 10853 8684
f 10853 5873 8684
f 8684 2943 8683
f 8682 10852 8683
f 10852 5872 8683
f 8683 2942 8682
f 8681 10851 8682
f 10851 5871 8682
f 8682 2941 8681
f 8680 10850 8681
f 10850 5870 8681
f 8681 2940 8680
f 8679 10849 8680
f 10849 5869 8680
f 8680 2939 8679
f 8678 10848 8679
f 10848 5868 8679
f 8679 2938 8678
f 6119 4682 4681
f 8665 10837 8666
f 4682 4259 4681
f 10837 5855 8666
f 6117 4680 4679
f 8666 2910 8665
f 4680 4257 4679
f 8664 10836 8665
f 5085 3174 4991
f 3966 9702 3091
f 3965 9701 3090
f 10836 5854 8665
f 5084 3173 4990
f 8665 2909 8664
f 8663 10835 8664
f 5583 9932 9934
f 10835 5853 8664
f 8664 2908 8663
f 8662 10834 8663
f 10834 5852 8663
f 8663 2907 8662
f 486 5124 487
f 8661 10833 8662
f 5124 3324 487
f 10833 5851 8662
f 8662 2906 8661
f 8660 10832 8661
f 10832 5850 8661
f 8661 2905 8660
f 8659 10831 8660
f 10831 5849 8660
f 8660 2904 8659
f 8658 10830 8659
f 10830 5848 8659
f 8659 2903 8658
f 4752 5448 3338
f 7288 4752 3338
f 8657 10829 8658
f 10829 5847 8658
f 8658 2902 8657
f 8656 10828 8657
f 10828 5846 8657
f 8657 2901 8656
f 8503 10441 8623
f 8655 10827 8656
f 8623 3383 8503
f 8502 10440 8622
f 10827 5845 8656
f 8622 3384 8502
f 8656 2900 8655
f 8654 10826 8655
f 10826 5844 8655
f 8655 2899 8654
f 8653 10825 8654
f 10825 5843 8654
f 8654 2898 8653
f 8652 10824 8653
f 10824 5842 8653
f 10522 9530 9410
f 10521 9529 9409
f 7770 7153 7152
f 7153 4830 7152
f 7725 7108 7107
f 7108 4785 7107
f 7771 7154 7153
f 3324 5124 3354
f 7154 4831 7153
f 6115 4678 4677
f 7726 7109 7108
f 7109 4786 7108
f 7820 7203 7205
f 7203 4883 7205
f 7819 7202 7204
f 7202 4882 7204
f 8460 10496 9737
f 10496 5788 9737
f 9737 5788 6597
f 9737 3611 8460
f 8461 10493 9738
f 10493 5787 9738
f 9738 5787 6596
f 9738 3612 8461
f 7772 7155 7154
f 7155 4832 7154
f 7727 7110 7109
f 7110 4787 7109
f 7773 7156 7155
f 7156 4833 7155
f 7728 7111 7110
f 7111 4788 7110
f 9565 6381 8964
f 5920 8964 6381
f 6381 4436 5920
f 7810 7193 7192
f 9564 6380 8963
f 5919 8963 6380
f 6380 4435 5919
f 10441 5586 8623
f 5586 10441 3381
f 10440 5587 8622
f 5587 10440 3382
f 7193 4870 7192
f 7765 7148 7147
f 7148 4825 7147
f 7774 7157 7156
f 8653 2897 8652
f 8651 10823 8652
f 10823 5841 8652
f 8652 2896 8651
f 7157 4834 7156
f 7729 7112 7111
f 5643 4084 8966
f 5625 4037 8965
f 4678 4255 4677
f 6113 4676 4675
f 5642 4082 8970
f 5624 4035 8969
f 4676 4253 4675
f 5641 4080 9052
f 6080 4643 4642
f 5640 4079 9051
f 7112 4789 7111
f 5639 4078 9050
f 4643 4219 4642
f 6078 4641 4640
f 5539 9931 9933
f 4641 4217 4640
f 6997 6172 8740
f 6997 6174 6172
f 4097 6172 6174
f 7000 6175 8742
f 7775 7158 7157
f 7000 6178 6175
f 5638 4068 9040
f 4099 6175 6178
f 5637 4066 9038
f 9681 3598 3388
f 5636 4064 9036
f 3598 8619 3388
f 5635 4062 9034
f 9680 3552 3387
f 5634 4060 9032
f 3552 8618 3387
f 5633 4058 9030
f 8625 10986 5814
f 5632 4056 9028
f 8625 2855 10986
f 5631 4054 9026
f 8624 10985 5813
f 8624 2848 10985
f 5630 4051 9023
f 5629 4050 9022
f 5628 4049 9021
f 6076 4639 4638
f 6999 6177 6174
f 4639 4215 4638
f 6074 4637 4636
f 7021 6199 6200
f 5627 4043 9015
f 4120 6200 6199
f 5626 4041 9013
f 6191 7014 7012
f 5623 4033 9012
f 5622 4032 9011
f 5621 4031 9010
f 7012 6193 6191
f 4637 4213 4636
f 3091 5074 4459
f 6225 7068 7066
f 7066 6227 6225
f 5620 4027 9006
f 6072 4635 4634
f 5619 4025 9004
f 6187 7010 7008
f 5618 4023 9002
f 7008 6189 6187
f 5617 4021 9000
f 4635 4211 4634
f 5616 4019 8998
f 6070 4633 4632
f 5615 4017 8996
f 7019 6198 6199
f 5614 4015 8994
f 3090 5073 4458
f 4118 6199 6198
f 5613 4013 8992
f 4633 4209 4632
f 5612 4011 8990
f 7073 6232 6233
f 5611 4009 8988
f 4161 6233 6232
f 5610 4007 8986
f 6068 4631 4630
f 7043 6211 6212
f 5609 4004 8983
f 5608 4003 8982
f 5607 4002 8981
f 4138 6212 6211
f 4631 4207 4630
f 7053 6217 6218
f 4146 6218 6217
f 6111 4674 4673
f 7002 6181 6178
f 4101 6178 6181
f 5606 3994 8973
f 4674 4251 4673
f 7015 6196 6198
f 6066 4629 4628
f 4629 4205 4628
f 7069 6230 6232
f 7158 4835 7157
f 5647 3988 9060
f 5646 3987 9059
f 5649 3986 9062
f 5648 3985 9061
f 6109 4672 4671
f 4672 4249 4671
f 8650 10822 8651
f 9708 3610 9563
f 3610 9708 9422
f 10822 5840 8651
f 9707 3609 9562
f 3609 9707 9421
f 9066 5651 3982
f 9065 5650 3981
f 4754 9741 5362
f 9741 4754 6353
f 9741 2739 5362
f 4753 9742 5361
f 9742 4753 6352
f 9742 2738 5361
f 7730 7113 7112
f 8651 2895 8650
f 7113 4790 7112
f 8649 10821 8650
f 2514 9178 2512
f 7776 7159 7158
f 7159 4836 7158
f 7731 7114 7113
f 7114 4791 7113
f 10821 5839 8650
f 8650 2894 8649
f 2388 9177 2387
f 5295 4946 5081
f 4946 5295 5141
f 7777 7160 7159
f 5295 3074 5141
f 5294 4945 5080
f 478 8483 479
f 4945 5294 5140
f 8482 417 416
f 5294 3073 5140
f 8481 478 479
f 7160 4837 7159
f 8648 10820 8649
f 10820 5838 8649
f 7732 7115 7114
f 7115 4792 7114
f 8649 2893 8648
f 8647 10819 8648
f 7809 7192 7191
f 8480 2814 3366
f 8480 3295 3337
f 3295 8480 3366
f 2814 8480 3337
f 8479 2815 3367
f 8479 3296 3336
f 3296 8479 3367
f 2815 8479 3336
f 7192 4869 7191
f 7808 7191 7190
f 7191 4868 7190
f 7807 7190 7189
f 7190 4867 7189
f 7806 7189 7188
f 7189 4866 7188
f 7805 7188 7187
f 7188 4865 7187
f 7804 7187 7186
f 7187 4864 7186
f 2500 9278 9282
f 2501 9278 2500
f 7803 7186 7185
f 7186 4863 7185
f 2375 9277 9281
f 2376 9277 2375
f 7802 7185 7184
f 7185 4862 7184
f 2512 9184 2509
f 8478 3142 5289
f 8478 5188 3135
f 5188 8478 5289
f 3142 8478 3135
f 8477 3141 5288
f 8477 5187 3134
f 5187 8477 5288
f 3141 8477 3134
f 8476 4955 6592
f 7801 7184 7183
f 8475 4956 6593
f 7184 4861 7183
f 2387 9183 2384
f 10819 5837 8648
f 8648 2892 8647
f 2516 9182 2514
f 8646 10818 8647
f 10818 5836 8647
f 2391 9181 2388
f 8647 2891 8646
f 8645 10817 8646
f 2509 9188 2508
f 5070 2607 4928
f 10817 5835 8646
f 8646 2890 8645
f 2384 9187 2382
f 8644 10816 8645
f 7800 7183 7182
f 7183 4860 7182
f 7799 7182 7181
f 10816 5834 8645
f 2518 9186 2516
f 8645 2889 8644
f 8643 10815 8644
f 2392 9185 2391
f 10815 5833 8644
f 10463 2501 9276
f 2504 9276 2501
f 5069 2483 4927
f 8644 2888 8643
f 10462 2376 9275
f 8642 10814 8643
f 10814 5832 8643
f 8643 2887 8642
f 8472 5072 3163
f 2806 8472 3163
f 8471 5071 3162
f 2805 8471 3162
f 2378 9275 2376
f 7182 4859 7181
f 7798 7181 7180
f 6064 4627 4626
f 2600 9190 2597
f 8467 427 426
f 7181 4858 7180
f 8466 468 469
f 8641 10813 8642
f 10813 5831 8642
f 7797 7180 7179
f 2475 9189 2472
f 8642 2886 8641
f 8640 10812 8641
f 8465 3006 8235
f 8465 4457 7879
f 4457 8465 8235
f 3006 8465 7879
f 8464 3005 8234
f 8464 4456 7880
f 4456 8464 8234
f 3005 8464 7880
f 2508 9194 2506
f 10812 5830 8641
f 8641 2885 8640
f 2382 9193 2380
f 8463 5150 5089
f 2739 8463 5089
f 8462 5149 5088
f 2738 8462 5088
f 8461 3612 6718
f 8639 10811 8640
f 10811 5829 8640
f 2519 9192 2518
f 8640 2884 8639
f 8638 10810 8639
f 8460 3611 6717
f 2395 9191 2392
f 10810 5828 8639
f 8639 2883 8638
f 2506 9198 2504
f 8637 10809 8638
f 10809 5827 8638
f 2380 9197 2378
f 8638 2882 8637
f 8636 10808 8637
f 2522 9196 2519
f 10808 5826 8637
f 8637 2881 8636
f 2396 9195 2395
f 8635 10807 8636
f 10807 5825 8636
f 2523 9200 2522
f 8636 2880 8635
f 8634 10806 8635
f 2398 9199 2396
f 10806 5824 8635
f 8635 2879 8634
f 2526 9202 2523
f 8710 10880 8711
f 10880 5900 8711
f 2400 9201 2398
f 8711 2970 8710
f 8666 10838 8667
f 2528 9204 2526
f 10838 5856 8667
f 8667 2911 8666
f 2402 9203 2400
f 4627 4203 4626
f 7039 6209 6211
f 2597 9274 2596
f 3236 5216 9684
f 10469 2593 9273
f 2596 9273 2593
f 9684 6155 3236
f 6550 7991 6549
f 2593 9272 2592
f 6326 6550 6549
f 10468 2590 9271
f 2592 9271 2590
f 6548 7989 6547
f 6324 6548 6547
f 2590 9270 2588
f 6546 7987 6545
f 6322 6546 6545
f 2588 9269 2586
f 6544 7985 6543
f 6320 6544 6543
f 2586 9268 2584
f 6542 7983 6541
f 6318 6542 6541
f 2584 9267 2581
f 6540 7981 6539
f 6316 6540 6539
f 2581 9266 2580
f 6538 7979 6537
f 6314 6538 6537
f 2580 9265 2577
f 6536 7977 6535
f 6312 6536 6535
f 2577 9264 2576
f 6534 7975 6533
f 6310 6534 6533
f 2576 9263 2573
f 6532 7973 6531
f 6308 6532 6531
f 2573 9262 2572
f 6530 7971 6529
f 6306 6530 6529
f 2572 9261 2570
f 6528 7969 6527
f 6304 6528 6527
f 2570 9260 2568
f 6526 7967 6525
f 6302 6526 6525
f 2568 9259 2566
f 6524 7965 6523
f 6300 6524 6523
f 7180 4857 7179
f 2566 9258 2564
f 6522 7963 6521
f 6298 6522 6521
f 2564 9257 2561
f 6520 7961 6519
f 6296 6520 6519
f 2561 9256 2560
f 7796 7179 7178
f 6507 7946 6506
f 6282 6507 6506
f 2560 9255 2558
f 6505 7944 6504
f 6280 6505 6504
f 2558 9254 2555
f 6503 7942 6502
f 6278 6503 6502
f 2555 9253 2554
f 6501 7940 6500
f 6276 6501 6500
f 2554 9252 2552
f 6499 7938 6498
f 6274 6499 6498
f 2552 9251 2549
f 6497 7936 6496
f 6272 6497 6496
f 2549 9250 2548
f 6495 7934 6494
f 6270 6495 6494
f 2548 9249 2546
f 6493 7932 6492
f 6268 6493 6492
f 2546 9248 2544
f 6491 7930 6490
f 6266 6491 6490
f 2544 9247 2542
f 6489 7928 6488
f 6264 6489 6488
f 2542 9246 2539
f 6487 7926 6486
f 6262 6487 6486
f 2539 9245 2538
f 6485 7924 6484
f 6260 6485 6484
f 2538 9244 2536
f 6483 7922 6482
f 6258 6483 6482
f 2536 9243 2534
f 6481 7920 6480
f 6256 6481 6480
f 2534 9242 2532
f 6479 7918 6478
f 10467 2529 9241
f 2532 9241 2529
f 6254 6479 6478
f 6477 7916 6476
f 2529 9206 2528
f 6252 6477 6476
f 6552 7993 6551
f 2472 9240 2470
f 6328 6552 6551
f 10466 2468 9239
f 2470 9239 2468
f 6509 7948 6508
f 6284 6509 6508
f 2468 9238 2467
f 6518 7959 6517
f 10465 2464 9237
f 2467 9237 2464
f 6294 6518 6517
f 6475 7914 6474
f 2464 9236 2462
f 6250 6475 6474
f 6516 7957 6515
f 2462 9235 2460
f 6292 6516 6515
f 6473 7912 6472
f 2460 9234 2459
f 6248 6473 6472
f 6514 7955 6513
f 2459 9233 2456
f 6290 6514 6513
f 6471 7910 6470
f 2456 9232 2454
f 6246 6471 6470
f 6561 8002 6563
f 2454 9231 2452
f 6341 6561 6563
f 6560 8001 6562
f 2452 9230 2450
f 6340 6560 6562
f 6557 7998 6559
f 2450 9229 2449
f 6337 6557 6559
f 6556 7997 6558
f 2449 9228 2446
f 6336 6556 6558
f 4733 7105 8088
f 2446 9227 2445
f 7834 7105 4733
f 7834 4733 7848
f 2445 9226 2442
f 4732 7104 8087
f 7833 7104 4732
f 2442 9225 2440
f 7833 4732 7847
f 6291 9345 6292
f 2440 9224 2439
f 6515 6291 6292
f 6247 9302 6248
f 2439 9223 2436
f 6472 6247 6248
f 6293 9347 6294
f 2436 9222 2434
f 6517 6293 6294
f 6249 9304 6250
f 2434 9221 2432
f 6474 6249 6250
f 6295 9349 6296
f 2432 9220 2430
f 6519 6295 6296
f 6251 9306 6252
f 2430 9219 2429
f 6476 6251 6252
f 6327 9381 6328
f 2429 9218 2426
f 6551 6327 6328
f 6325 9379 6326
f 7179 4856 7178
f 7795 7178 7177
f 7178 4855 7177
f 7794 7177 7176
f 7177 4854 7176
f 7793 7176 7175
f 7176 4853 7175
f 7792 7175 7174
f 2426 9217 2424
f 6549 6325 6326
f 6323 9377 6324
f 2424 9216 2422
f 6547 6323 6324
f 6321 9375 6322
f 2422 9215 2420
f 7175 4852 7174
f 7791 7174 7173
f 7174 4851 7173
f 7790 7173 7172
f 6545 6321 6322
f 6319 9373 6320
f 2420 9214 2419
f 6543 6319 6320
f 6317 9371 6318
f 2419 9213 2416
f 6541 6317 6318
f 6315 9369 6316
f 2416 9212 2414
f 6539 6315 6316
f 6313 9367 6314
f 2414 9211 2413
f 6537 6313 6314
f 6311 9365 6312
f 2413 9210 2410
f 6535 6311 6312
f 6309 9363 6310
f 2410 9209 2408
f 6533 6309 6310
f 6307 9361 6308
f 2408 9208 2407
f 6531 6307 6308
f 10464 2404 9207
f 2407 9207 2404
f 6305 9359 6306
f 6529 6305 6306
f 2404 9205 2402
f 5645 4085 9280
f 5644 4038 9279
f 7173 4850 7172
f 7789 7172 7171
f 6303 9357 6304
f 7172 4849 7171
f 3956 4088 8944
f 6527 6303 6304
f 7788 7171 7170
f 3955 4087 8943
f 6301 9355 6302
f 2747 7718 2753
f 6525 6301 6302
f 5320 7718 4752
f 8309 7217 7828
f 4277 8309 7828
f 8308 7216 7827
f 4231 8308 7827
f 7171 4848 7170
f 7787 7170 7169
f 7170 4847 7169
f 7786 7169 7168
f 7169 4846 7168
f 7785 7168 7167
f 7168 4845 7167
f 3035 3031 7272
f 3031 3033 7272
f 3034 3030 7271
f 3030 3032 7271
f 6299 9353 6300
f 7784 7167 7166
f 7167 4844 7166
f 7783 7166 7165
f 6523 6299 6300
f 6297 9351 6298
f 3734 8930 3958
f 7166 4843 7165
f 7782 7165 7164
f 3733 8929 3957
f 7165 4842 7164
f 7781 7164 7163
f 4922 9736 5340
f 9736 4922 6154
f 9736 2733 5340
f 4921 9735 5339
f 9735 4921 6153
f 9735 2732 5339
f 7164 4841 7163
f 7780 7163 7162
f 7163 4840 7162
f 7779 7162 7161
f 6521 6297 6298
f 7162 4839 7161
f 7778 7161 7160
f 6283 9338 6284
f 7161 4838 7160
f 6508 6283 6284
f 7764 7147 7146
f 6281 9336 6282
f 6107 4670 4669
f 6506 6281 6282
f 7147 4824 7146
f 7763 7146 7145
f 6279 9334 6280
f 7146 4823 7145
f 7762 7145 7144
f 7145 4822 7144
f 7761 7144 7143
f 7144 4821 7143
f 7760 7143 7142
f 7143 4820 7142
f 7759 7142 7141
f 7142 4819 7141
f 7758 7141 7140
f 7141 4818 7140
f 7757 7140 7139
f 7140 4817 7139
f 7756 7139 7138
f 7139 4816 7138
f 7755 7138 7137
f 7138 4815 7137
f 7754 7137 7136
f 7137 4814 7136
f 7753 7136 7135
f 7136 4813 7135
f 7752 7135 7134
f 7135 4812 7134
f 7751 7134 7133
f 7134 4811 7133
f 7750 7133 7132
f 7133 4810 7132
f 7749 7132 7131
f 7132 4809 7131
f 7748 7131 7130
f 7131 4808 7130
f 7747 7130 7129
f 7130 4807 7129
f 7746 7129 7128
f 7129 4806 7128
f 7745 7128 7127
f 7128 4805 7127
f 7744 7127 7126
f 7127 4804 7126
f 7743 7126 7125
f 7126 4803 7125
f 7742 7125 7124
f 7125 4802 7124
f 7741 7124 7123
f 7124 4801 7123
f 7740 7123 7122
f 7123 4800 7122
f 7739 7122 7121
f 7122 4799 7121
f 7738 7121 7120
f 7121 4798 7120
f 6504 6279 6280
f 7737 7120 7119
f 7120 4797 7119
f 7736 7119 7118
f 7119 4796 7118
f 7735 7118 7117
f 7118 4795 7117
f 7734 7117 7116
f 7117 4794 7116
f 7733 7116 7115
f 7116 4793 7115
f 7818 7201 7203
f 7201 4881 7203
f 7817 7200 7202
f 7200 4880 7202
f 6277 9332 6278
f 7816 7199 7201
f 7199 4879 7201
f 7815 7198 7200
f 6502 6277 6278
f 7198 4878 7200
f 7814 7197 7199
f 7197 4877 7199
f 6275 9330 6276
f 7813 7196 7198
f 7196 4876 7198
f 7768 7151 7197
f 6500 6275 6276
f 7151 4875 7197
f 7723 7106 7196
f 7106 4874 7196
f 6273 9328 6274
f 7811 7194 7193
f 7194 4871 7193
f 7766 7149 7148
f 6498 6273 6274
f 7149 4826 7148
f 7822 7205 7207
f 7205 4885 7207
f 6271 9326 6272
f 7821 7204 7206
f 7204 4884 7206
f 6496 6271 6272
f 6269 9324 6270
f 8470 4763 4475
f 6494 6269 6270
f 8469 4762 4474
f 6267 9322 6268
f 6492 6267 6268
f 4761 8468 4473
f 4581 8327 8373
f 6265 9320 6266
f 8327 4403 8373
f 4580 8326 8328
f 8326 4402 8328
f 6490 6265 6266
f 8500 5792 10648
f 5792 5586 10648
f 8501 5793 10647
f 6263 9318 6264
f 5793 5587 10647
f 6488 6263 6264
f 6261 9316 6262
f 6486 6261 6262
f 4670 4247 4669
f 6259 9314 6260
f 6484 6259 6260
f 6257 9312 6258
f 2976 8914 8883
f 6482 6257 6258
f 6255 9310 6256
f 6480 6255 6256
f 2917 8913 8882
f 4591 8317 8319
f 8317 4413 8319
f 6253 9308 6254
f 4590 8316 8318
f 8316 4412 8318
f 3730 6241 9296
f 6478 6253 6254
f 3710 3730 9296
f 3729 6240 9295
f 3663 3729 9295
f 6335 9388 6333
f 4591 8319 4589
f 4589 6609 4591
f 4590 8318 4588
f 6555 6335 6333
f 4588 6608 4590
f 4589 8321 4587
f 4587 6611 4589
f 6334 9387 6332
f 4588 8320 4586
f 4586 6610 4588
f 4587 8323 4585
f 6554 6334 6332
f 4585 6613 4587
f 4586 8322 4584
f 4584 6612 4586
f 6511 7952 6555
f 4585 8325 4583
f 4583 6615 4585
f 4584 8324 4582
f 6333 6511 6555
f 4582 6614 4584
f 4583 8327 4581
f 4581 6617 4583
f 6468 7907 6554
f 4582 8326 4580
f 4580 6616 4582
f 4581 8373 4534
f 6332 6468 6554
f 4534 6663 4581
f 4580 8328 4488
f 4488 6618 4580
f 6343 9396 6341
f 4575 8415 4576
f 4576 6705 4575
f 4574 8414 4575
f 6563 6343 6341
f 4575 6704 4574
f 4573 8413 4574
f 4574 6703 4573
f 6342 9395 6340
f 4572 8412 4573
f 4573 6702 4572
f 4571 8411 4572
f 6562 6342 6340
f 4572 6701 4571
f 4570 8410 4571
f 4571 6700 4570
f 6339 9392 6337
f 3321 5154 8033
f 4569 8409 4570
f 4570 6699 4569
f 6559 6339 6337
f 4568 8408 4569
f 4569 6698 4568
f 5460 3286 3105
f 6338 9391 6336
f 4567 8407 4568
f 4568 6697 4567
f 4566 8406 4567
f 6558 6338 6336
f 4567 6696 4566
f 4565 8405 4566
f 4566 6695 4565
f 8883 7287 2976
f 9713 7685 8505
f 4564 8404 4565
f 5603 8505 7685
f 7287 2857 2976
f 4565 6694 4564
f 4563 8403 4564
f 7685 4595 5603
f 8882 7286 2917
f 9712 7684 8504
f 4564 6693 4563
f 5602 8504 7684
f 7286 2850 2917
f 4562 8402 4563
f 4563 6692 4562
f 7684 4594 5602
f 5481 11105 10988
f 4561 8401 4562
f 4562 6691 4561
f 4560 8400 4561
f 11105 5767 10988
f 4561 6690 4560
f 4559 8399 4560
f 4560 6689 4559
f 10988 5767 5766
f 4558 8398 4559
f 4559 6688 4558
f 4557 8397 4558
f 10988 5583 5481
f 4558 6687 4557
f 4556 8396 4557
f 4557 6686 4556
f 5480 11104 10987
f 4555 8395 4556
f 4556 6685 4555
f 4554 8394 4555
f 11104 5722 10987
f 4555 6684 4554
f 4553 8393 4554
f 4554 6683 4553
f 10987 5722 5721
f 6169 7094 8737
f 4552 8392 4553
f 4553 6682 4552
f 10987 5539 5480
f 4551 8391 4552
f 6289 9343 6290
f 6168 7093 8736
f 4552 6681 4551
f 4550 8390 4551
f 4551 6680 4550
f 4549 8389 4550
f 4550 6679 4549
f 6513 6289 6290
f 4548 8388 4549
f 3249 5266 3302
f 6245 9300 6246
f 5266 3249 2347
f 6470 6245 6246
f 3248 5265 3301
f 5265 3248 2346
f 5264 3247 3303
f 3247 5264 2345
f 4549 6678 4548
f 4547 8387 4548
f 6369 8246 8432
f 8246 4303 8432
f 6368 8245 8431
f 8245 4302 8431
f 4548 6677 4547
f 9284 2310 2287
f 4546 8386 4547
f 9283 2296 2234
f 6062 4625 4624
f 8889 10331 2602
f 4625 4201 4624
f 8888 10330 2476
f 4547 6676 4546
f 4545 8385 4546
f 8442 5013 3163
f 4546 6675 4545
f 4544 8384 4545
f 4545 6674 4544
f 8441 5012 3162
f 4543 8383 4544
f 6860 7872 8938
f 7872 3602 8938
f 6859 7871 8937
f 7871 3601 8937
f 9176 5653 3976
f 6595 3976 5653
f 9175 5652 3975
f 6594 3975 5652
f 3370 8012 10490
f 4757 3370 10490
f 4544 6673 4543
f 3369 8011 10489
f 4756 3369 10489
f 4542 8382 4543
f 2288 2309 8934
f 2488 8451 7874
f 4911 8451 6579
f 8451 4911 7874
f 8303 10658 2798
f 2363 8450 7873
f 4910 8450 6578
f 8450 4910 7873
f 4543 6672 4542
f 6972 9944 8904
f 8904 5601 6972
f 9944 6972 2494
f 5320 2753 7718
f 6971 9943 8903
f 8903 5600 6971
f 9943 6971 2369
f 6155 4453 5776
f 4541 8381 4542
f 3107 5206 5148
f 4542 6671 4541
f 4540 8380 4541
f 4541 6670 4540
f 4539 8379 4540
f 4540 6669 4539
f 4538 8378 4539
f 5263 4992 5387
f 4539 6668 4538
f 3117 5062 3121
f 4537 8377 4538
f 2671 5062 2487
f 3116 5061 3120
f 2610 5061 2361
f 3005 9720 8234
f 4538 6667 4537
f 3006 9721 8235
f 4536 8376 4537
f 4537 6666 4536
f 4535 8375 4536
f 4536 6665 4535
f 4534 8374 4535
f 4535 6664 4534
f 4529 8370 4530
f 4530 6660 4529
f 4528 8369 4529
f 4529 6659 4528
f 4527 8368 4528
f 4528 6658 4527
f 4526 8367 4527
f 4527 6657 4526
f 4525 8366 4526
f 4526 6656 4525
f 8446 3966 8026
f 8446 4900 6377
f 4900 8446 8026
f 4524 8365 4525
f 8445 3965 8025
f 8445 4899 6376
f 4899 8445 8025
f 4525 6655 4524
f 2807 5256 8481
f 4523 8364 4524
f 4524 6654 4523
f 8444 4425 3159
f 8481 5256 478
f 4522 8363 4523
f 4523 6653 4522
f 8443 4424 3158
f 4521 8362 4522
f 4522 6652 4521
f 4520 8361 4521
f 4521 6651 4520
f 4519 8360 4520
f 4520 6650 4519
f 6568 4453 6155
f 6155 8067 6568
f 4518 8359 4519
f 4519 6649 4518
f 8440 3604 6161
f 4517 8358 4518
f 4518 6648 4517
f 4516 8357 4517
f 8439 3603 6160
f 4517 6647 4516
f 4515 8356 4516
f 4516 6646 4515
f 4514 8355 4515
f 6129 4692 4691
f 7049 6215 6217
f 4515 6645 4514
f 4692 4269 4691
f 6084 4647 4646
f 4513 8354 4514
f 5206 2323 5148
f 4647 4223 4646
f 3095 5052 4751
f 2794 5052 2796
f 4514 6644 4513
f 9422 6349 3610
f 3094 5051 4750
f 2793 5051 2795
f 6105 4668 4667
f 4512 8353 4513
f 7083 6185 6181
f 4668 4245 4667
f 2762 8438 3068
f 4513 6643 4512
f 6060 4623 4622
f 10115 10653 3048
f 2761 8437 3067
f 4511 8352 4512
f 6173 6996 8741
f 8741 6996 9770
f 4512 6642 4511
f 6172 6995 8740
f 8740 6995 9769
f 4510 8351 4511
f 3282 2821 4606
f 2821 3087 4606
f 4511 6641 4510
f 4623 4199 4622
f 3048 8033 10115
f 2291 5050 2312
f 2233 5049 2294
f 4509 8350 4510
f 6175 6998 8742
f 5048 3244 4920
f 8742 6998 9773
f 5047 3243 4919
f 4510 6640 4509
f 6052 4615 4614
f 4775 8436 7554
f 10653 4460 3048
f 4774 8435 7553
f 9421 6348 3609
f 4508 8349 4509
f 4615 4191 4614
f 4509 6639 4508
f 4507 8348 4508
f 4508 6638 4507
f 7077 6234 6235
f 4506 8347 4507
f 8064 6396 4088
f 4507 6637 4506
f 6097 4660 4659
f 4660 4237 4659
f 4505 8346 4506
f 6201 7025 6427
f 6427 9794 7023
f 4506 6636 4505
f 6427 7025 9794
f 4368 8385 4367
f 4504 8345 4505
f 7047 6213 6214
f 4175 8064 4088
f 4505 6635 4504
f 2696 4368 4367
f 8063 6395 4087
f 4503 8344 4504
f 4322 8340 4321
f 2635 4322 4321
f 4504 6634 4503
f 6180 7001 8743
f 8743 7001 9777
f 4502 8343 4503
f 4370 8387 4369
f 7057 6219 6220
f 4503 6633 4502
f 6236 7079 8769
f 8769 7079 9834
f 4501 8342 4502
f 2698 4370 4369
f 8768 7078 9833
f 4502 6632 4501
f 6185 7083 8767
f 8767 7083 9832
f 4500 8341 4501
f 4324 8342 4323
f 4174 8063 4087
f 4501 6631 4500
f 2637 4324 4323
f 4372 8389 4371
f 4499 8340 4500
f 2700 4372 4371
f 3027 11149 5166
f 4500 6630 4499
f 4326 8344 4325
f 2639 4326 4325
f 4498 8339 4499
f 7025 6201 6202
f 4394 8411 4393
f 4499 6629 4498
f 2722 4394 4393
f 4348 8366 4347
f 4497 8338 4498
f 2661 4348 4347
f 7037 6207 6208
f 4498 6628 4497
f 6230 7069 8766
f 8766 7069 9827
f 4496 8337 4497
f 6227 7066 8765
f 8765 7066 9826
f 4497 6627 4496
f 4374 8391 4373
f 2702 4374 4373
f 4495 8336 4496
f 4328 8346 4327
f 5166 7711 3039
f 4496 6626 4495
f 6226 7065 8764
f 8764 7065 9824
f 4494 8335 4495
f 6223 7064 8763
f 8763 7064 9823
f 4495 6625 4494
f 2641 4328 4327
f 4376 8393 4375
f 4493 8334 4494
f 2704 4376 4375
f 11149 7711 5166
f 4494 6624 4493
f 4330 8348 4329
f 2643 4330 4329
f 4492 8333 4493
f 7031 6204 6205
f 9296 6243 9298
f 4493 6623 4492
f 6221 7059 8762
f 8762 7059 9820
f 4491 8332 4492
f 4392 8409 4391
f 8761 7058 9819
f 4492 6622 4491
f 6222 7063 8760
f 8760 7063 9818
f 4490 8331 4491
f 2720 4392 4391
f 3709 9296 9298
f 4491 6621 4490
f 4390 8407 4389
f 2718 4390 4389
f 4489 8330 4490
f 4388 8405 4387
f 9295 6242 9297
f 4490 6620 4489
f 2716 4388 4387
f 4386 8403 4385
f 4488 8329 4489
f 7063 6222 6224
f 3662 9295 9297
f 4489 6619 4488
f 2714 4386 4385
f 4384 8401 4383
f 4576 8416 4577
f 2712 4384 4383
f 5044 3146 3155
f 4382 8399 4381
f 4577 6706 4576
f 6215 7049 8759
f 5043 3145 3154
f 8759 7049 9813
f 4530 8371 4531
f 2710 4382 4381
f 8758 7048 9812
f 4531 6661 4530
f 4380 8397 4379
f 2708 4380 4379
f 4593 8317 4591
f 7011 6192 6194
f 4764 7560 5183
f 4591 6607 4593
f 4378 8395 4377
f 2706 4378 4377
f 4592 8316 4590
f 4346 8364 4345
f 3203 4764 5183
f 4590 6606 4592
f 2659 4346 4345
f 4344 8362 4343
f 4577 8417 4578
f 2657 4344 4343
f 2749 7557 5104
f 4578 6707 4577
f 4342 8360 4341
f 2655 4342 4341
f 4531 8372 4532
f 7065 6226 6228
f 4340 8358 4339
f 4532 6662 4531
f 6209 7039 8757
f 8757 7039 9806
f 9979 7100 6388
f 2653 4340 4339
f 8756 7038 9805
f 4301 9979 6388
f 3269 5040 3257
f 4338 8356 4337
f 5040 3269 5003
f 2651 4338 4337
f 3268 5039 3256
f 9978 7099 6387
f 5039 3268 5002
f 4336 8354 4335
f 5104 464 2749
f 4300 9978 6387
f 2649 4336 4335
f 4334 8352 4333
f 2770 5175 5095
f 7005 6183 6186
f 8447 2749 463
f 5095 5175 2758
f 6206 7033 8755
f 8755 7033 9802
f 463 2749 464
f 2647 4334 4333
f 8754 7032 9801
f 6730 6396 8425
f 6207 7037 8753
f 8753 7037 9800
f 2606 6730 8425
f 4332 8350 4331
f 2645 4332 4331
f 6729 6395 8424
f 4396 8413 4395
f 2724 4396 4395
f 2481 6729 8424
f 7007 6188 6190
f 4350 8368 4349
f 7876 8267 6752
f 6203 7027 8752
f 8752 7027 9798
f 2663 4350 4349
f 6050 4613 4612
f 8751 7026 9797
f 4613 4189 4612
f 6204 7031 8750
f 8750 7031 9796
f 6095 4658 4657
f 4658 4235 4657
f 7421 4760 6384
f 4119 6425 6426
f 7022 6426 6425
f 4121 3778 6426
f 4119 6426 3778
f 4760 7421 7288
f 4398 8415 4397
f 2726 4398 4397
f 4352 8370 4351
f 2665 4352 4351
f 9734 3038 3037
f 3838 6169 6165
f 3838 6165 3839
f 7426 9734 3037
f 7300 3838 3839
f 7003 6180 8743
f 6752 2489 7876
f 6170 7091 9766
f 7003 6182 6180
f 7875 8266 6751
f 4102 6180 6182
f 3490 8777 8773
f 6751 2364 7875
f 6170 9766 6403
f 7093 6403 9766
f 8777 9840 8773
f 6196 7015 8749
f 8749 7015 9790
f 3054 3038 9734
f 6193 7012 8748
f 8748 7012 9789
f 3053 3038 3054
f 7843 5225 2355
f 8777 3490 3492
f 3489 8776 8772
f 8218 9555 8231
f 9555 8218 9176
f 6328 9382 6329
f 6552 6328 6329
f 8217 9554 8230
f 6192 7011 8747
f 8747 7011 9787
f 9554 8217 9175
f 6284 9339 6285
f 6189 7008 8746
f 8746 7008 9786
f 5414 422 421
f 8776 9839 8772
f 8776 3489 3491
f 7842 5224 2353
f 6509 6284 6285
f 6292 9346 6293
f 6516 6292 6293
f 6188 7007 8745
f 8745 7007 9784
f 6248 9303 6249
f 6184 7006 8744
f 8744 7006 9783
f 5413 473 474
f 7288 7421 2758
f 5320 7288 2758
f 3755 6168 6164
f 6473 6248 6249
f 6294 9348 6295
f 3755 6164 3754
f 7299 3755 3754
f 6290 9343 9344
f 6518 6294 6295
f 6250 9305 6251
f 9343 3667 9344
f 473 5412 474
f 6246 9300 9301
f 9300 3620 9301
f 6475 6250 6251
f 7086 2284 7088
f 6296 9350 6297
f 6520 6296 6297
f 3029 7278 6976
f 10515 11206 8900
f 8079 4946 2762
f 11196 7381 7377
f 8078 4945 2761
f 5807 8062 8952
f 8062 3614 8952
f 3830 3832 6185
f 5806 8061 8951
f 8061 3613 8951
f 6236 3830 6185
f 4487 3029 6976
f 10115 7719 434
f 435 10115 434
f 3028 7277 6975
f 4486 3028 6975
f 7089 2238 7091
f 8273 4301 4297
f 6252 9307 6253
f 8272 4300 4296
f 7092 2286 7094
f 5244 415 5184
f 6477 6252 6253
f 3832 3830 7399
f 3200 3356 5123
f 5123 5177 3200
f 5123 5120 5177
f 3199 3355 5122
f 5122 5176 3199
f 5122 5119 5176
f 4534 8373 8374
f 8373 4356 8374
f 4488 8328 8329
f 8328 4310 8329
f 4130 7355 7353
f 4130 4132 7355
f 4485 7435 2328
f 4484 7434 2326
f 5661 11103 5773
f 7812 7195 7194
f 3917 11196 7377
f 7767 7150 7149
f 11195 3978 9412
f 2992 8930 9975
f 8930 3734 9975
f 2987 8929 9974
f 8929 3733 9974
f 2982 8105 8107
f 2983 8106 8196
f 4593 8313 8317
f 8313 4415 8317
f 4592 8312 8316
f 8312 4414 8316
f 3972 7680 6864
f 4132 4130 6206
f 3971 7679 6863
f 5585 11103 5481
f 4942 7713 5273
f 5273 4954 4942
f 5660 11102 5772
f 4151 7381 7379
f 4941 7712 5272
f 5272 4953 4941
f 5584 11102 5480
f 8719 10885 8717
f 4536 8375 8376
f 8375 4358 8376
f 4490 8330 8331
f 8330 4312 8331
f 4538 8377 8378
f 8377 4360 8378
f 4492 8332 8333
f 8332 4314 8333
f 4540 8379 8380
f 8379 4362 8380
f 4494 8334 8335
f 8334 4316 8335
f 4574 8413 8414
f 8413 4396 8414
f 4572 8411 8412
f 8411 4394 8412
f 4570 8409 8410
f 8409 4392 8410
f 4568 8407 8408
f 8407 4390 8408
f 4566 8405 8406
f 8405 4388 8406
f 4564 8403 8404
f 8403 4386 8404
f 4562 8401 8402
f 8401 4384 8402
f 4560 8399 8400
f 8399 4382 8400
f 4558 8397 8398
f 8397 4380 8398
f 4556 8395 8396
f 8395 4378 8396
f 4554 8393 8394
f 8393 4376 8394
f 4552 8391 8392
f 8391 4374 8392
f 4550 8389 8390
f 8389 4372 8390
f 4548 8387 8388
f 8387 4370 8388
f 4546 8385 8386
f 8385 4368 8386
f 4544 8383 8384
f 8383 4366 8384
f 3210 5038 3178
f 5038 3210 3222
f 4542 8381 8382
f 3209 5037 3177
f 5037 3209 3221
f 5036 3157 3176
f 5035 3156 3175
f 8381 4364 8382
f 4528 8368 8369
f 8368 4350 8369
f 4526 8366 8367
f 8366 4348 8367
f 4524 8364 8365
f 8364 4346 8365
f 4522 8362 8363
f 8362 4344 8363
f 4520 8360 8361
f 8360 4342 8361
f 4518 8358 8359
f 8358 4340 8359
f 4516 8356 8357
f 8356 4338 8357
f 4514 8354 8355
f 8354 4336 8355
f 4512 8352 8353
f 8352 4334 8353
f 4510 8350 8351
f 8350 4332 8351
f 4508 8348 8349
f 8348 4330 8349
f 4506 8346 8347
f 8346 4328 8347
f 4504 8344 8345
f 8344 4326 8345
f 4502 8342 8343
f 8342 4324 8343
f 4500 8340 8341
f 8340 4322 8341
f 4498 8338 8339
f 8338 4320 8339
f 4496 8336 8337
f 8336 4318 8337
f 4576 8415 8416
f 8415 4398 8416
f 4530 8370 8371
f 8370 4352 8371
f 10885 5906 8717
f 7273 10476 7901
f 10476 2736 7901
f 8717 2927 8719
f 7274 10475 7902
f 10475 2737 7902
f 2856 8014 7671
f 2857 7287 2856
f 7671 2857 2856
f 2849 8013 7670
f 2850 7286 2849
f 9963 9549 3600
f 7670 2850 2849
f 9549 3380 6379
f 5916 8010 8950
f 9962 9548 3599
f 416 5184 415
f 9548 3379 6378
f 8267 7876 7096
f 8718 10884 8716
f 8266 7875 7095
f 2741 3066 2344
f 5915 8009 8949
f 3606 3730 5599
f 2339 2741 2344
f 10884 5905 8716
f 3605 3729 5598
f 8716 2868 8718
f 5232 2741 8088
f 9681 10089 8877
f 5585 8877 10089
f 4589 6611 6609
f 10089 8733 5585
f 4588 6610 6608
f 4535 8374 8375
f 8374 4357 8375
f 2741 2339 8088
f 4489 8329 8330
f 2740 3065 2343
f 8329 4311 8330
f 4587 6613 6611
f 9680 10088 8876
f 2338 2740 2343
f 4586 6612 6610
f 5231 2740 8087
f 5584 8876 10088
f 8231 9555 8098
f 2740 2338 8087
f 8615 3392 8617
f 10088 8732 5584
f 8230 9554 8097
f 8614 3391 8616
f 8055 4485 6743
f 8723 10797 8721
f 11195 9555 3976
f 4585 6615 6613
f 9555 11195 9412
f 10797 5910 8721
f 4584 6614 6612
f 4583 6617 6615
f 4582 6616 6614
f 8721 2925 8723
f 5136 5166 5184
f 4581 6663 6617
f 4580 6618 6616
f 8722 10796 8720
f 4534 6664 6663
f 4488 6619 6618
f 4535 6665 6664
f 10796 5909 8720
f 4489 6620 6619
f 4536 6666 6665
f 4490 6621 6620
f 8720 2866 8722
f 4575 6705 6704
f 4574 6704 6703
f 4573 6703 6702
f 6349 9400 6345
f 4572 6702 6701
f 4571 6701 6700
f 4570 6700 6699
f 4569 6699 6698
f 6567 6349 6345
f 6348 9399 6344
f 4568 6698 6697
f 6566 6348 6344
f 4567 6697 6696
f 4485 7556 7834
f 5902 10981 2855
f 4566 6696 6695
f 6743 4485 7834
f 8054 4484 6742
f 4484 7555 7833
f 4565 6695 6694
f 4564 6694 6693
f 5858 10980 2848
f 4563 6693 6692
f 4562 6692 6691
f 4561 6691 6690
f 5145 7213 5078
f 4988 7213 5145
f 4560 6690 6689
f 4559 6689 6688
f 3102 5034 3117
f 4558 6688 6687
f 4557 6687 6686
f 5144 7212 5077
f 4987 7212 5144
f 4556 6686 6685
f 4555 6685 6684
f 3101 5033 3116
f 4554 6684 6683
f 9402 5593 9563
f 4553 6683 6682
f 4552 6682 6681
f 4551 6681 6680
f 6367 9402 9563
f 4550 6680 6679
f 4549 6679 6678
f 4548 6678 6677
f 9401 5592 9562
f 6366 9401 9562
f 4547 6677 6676
f 4546 6676 6675
f 7546 9174 7548
f 7545 9173 7547
f 4545 6675 6674
f 4544 6674 6673
f 9967 6993 2354
f 4543 6673 6672
f 4542 6672 6671
f 5030 3305 2772
f 4541 6671 6670
f 2354 2350 9967
f 3305 5030 4754
f 4540 6670 6669
f 4539 6669 6668
f 4920 7705 5048
f 5029 3304 2771
f 3304 5029 4753
f 2354 6993 2802
f 7705 2774 5048
f 4538 6668 6667
f 4919 7704 5047
f 8711 10881 8712
f 7704 2773 5047
f 4537 6667 6666
f 10881 5901 8712
f 8712 2971 8711
f 8667 10839 8668
f 4529 6660 6659
f 4528 6659 6658
f 10839 5857 8668
f 4527 6658 6657
f 4526 6657 6656
f 4525 6656 6655
f 8668 2912 8667
f 4524 6655 6654
f 4523 6654 6653
f 4522 6653 6652
f 6742 4484 7833
f 4521 6652 6651
f 4520 6651 6650
f 4519 6650 6649
f 10505 2334 4602
f 4518 6649 6648
f 4517 6648 6647
f 4516 6647 6646
f 4764 2840 7560
f 4515 6646 6645
f 4514 6645 6644
f 4513 6644 6643
f 4512 6643 6642
f 7544 9170 7546
f 4511 6642 6641
f 4510 6641 6640
f 4509 6640 6639
f 4508 6639 6638
f 4507 6638 6637
f 4506 6637 6636
f 7543 9169 7545
f 4505 6636 6635
f 4504 6635 6634
f 4503 6634 6633
f 4502 6633 6632
f 7542 9168 7544
f 4501 6632 6631
f 4500 6631 6630
f 4499 6630 6629
f 4498 6629 6628
f 7541 9167 7543
f 4497 6628 6627
f 4496 6627 6626
f 4495 6626 6625
f 7540 9166 7542
f 4889 3197 7666
f 4494 6625 6624
f 4888 3192 7665
f 7539 9165 7541
f 4493 6624 6623
f 4492 6623 6622
f 4491 6622 6621
f 7538 9164 7540
f 7537 9163 7539
f 4576 6706 6705
f 4530 6661 6660
f 7450 9076 7452
f 4575 8414 8415
f 8414 4397 8415
f 4573 8412 8413
f 7449 9075 7451
f 7536 9162 7538
f 8412 4395 8413
f 4571 8410 8411
f 8410 4393 8411
f 7535 9161 7537
f 2602 8942 2600
f 4569 8408 8409
f 7452 9078 7454
f 8408 4391 8409
f 7451 9077 7453
f 4567 8406 8407
f 8406 4389 8407
f 2476 8941 2475
f 7531 9160 7536
f 4565 8404 8405
f 8404 4387 8405
f 3004 9690 6870
f 7456 9159 7535
f 4563 8402 8403
f 8402 4385 8403
f 3003 9689 6869
f 7454 9080 7534
f 4561 8400 8401
f 8400 4383 8401
f 4559 8398 8399
f 7453 9079 7455
f 8468 7841 4473
f 8398 4381 8399
f 4557 8396 8397
f 7534 9158 7530
f 7843 8470 4475
f 8396 4379 8397
f 4555 8394 8395
f 7533 9157 7531
f 7842 8469 4474
f 8394 4377 8395
f 4553 8392 8393
f 7532 9154 7528
f 3270 2840 4764
f 8392 4375 8393
f 4551 8390 8391
f 7530 9156 7532
f 8390 4373 8391
f 4549 8388 8389
f 6161 5593 8440
f 7529 9155 7533
f 8388 4371 8389
f 4547 8386 8387
f 6160 5592 8439
f 7528 9152 7526
f 8386 4369 8387
f 4545 8384 8385
f 8384 4367 8385
f 7527 9153 7529
f 4543 8382 8383
f 8382 4365 8383
f 4529 8369 8370
f 7526 9150 7524
f 8369 4351 8370
f 4527 8367 8368
f 7525 9151 7527
f 7524 9148 7520
f 8367 4349 8368
f 4525 8365 8366
f 8365 4347 8366
f 7523 9147 7521
f 4523 8363 8364
f 8363 4345 8364
f 4521 8361 8362
f 7522 9144 7516
f 6369 9406 5928
f 8361 4343 8362
f 5928 8246 6369
f 7521 9149 7525
f 6368 9405 5927
f 4519 8359 8360
f 5927 8245 6368
f 7520 9146 7522
f 8359 4341 8360
f 4517 8357 8358
f 8357 4339 8358
f 7519 9143 7517
f 4515 8355 8356
f 8355 4337 8356
f 4513 8353 8354
f 7518 9140 7514
f 7517 9145 7523
f 8353 4335 8354
f 4442 5014 5812
f 7516 9142 7518
f 4511 8351 8352
f 8351 4333 8352
f 4509 8349 8350
f 7515 9141 7519
f 8349 4331 8350
f 4507 8347 8348
f 8347 4329 8348
f 7514 9138 7510
f 4505 8345 8346
f 8345 4327 8346
f 4503 8343 8344
f 8343 4325 8344
f 7513 9137 7511
f 4501 8341 8342
f 8341 4323 8342
f 4499 8339 8340
f 6324 9378 6325
f 6548 6324 6325
f 7512 9134 7508
f 7511 9139 7515
f 7510 9136 7512
f 8339 4321 8340
f 10499 6386 8045
f 4183 10499 8045
f 7509 9135 7513
f 4497 8337 8338
f 8337 4319 8338
f 4541 8380 8381
f 8380 4363 8381
f 10481 5796 9551
f 10500 6385 8046
f 7508 9132 7506
f 4182 10500 8046
f 4495 8335 8336
f 8335 4317 8336
f 7507 9133 7509
f 4539 8378 8379
f 8378 4361 8379
f 4493 8333 8334
f 7506 9130 7504
f 10482 5797 9550
f 8333 4315 8334
f 3035 2786 5220
f 7505 9131 7507
f 3034 2785 5219
f 4537 8376 8377
f 8376 4359 8377
f 7504 9128 7500
f 4491 8331 8332
f 8331 4313 8332
f 6724 4898 8940
f 7503 9127 7501
f 2780 6724 8940
f 6723 4897 8939
f 2779 6723 8939
f 7502 9124 7498
f 4577 8416 8417
f 8416 4399 8417
f 4531 8371 8372
f 7501 9129 7505
f 8371 4353 8372
f 7500 9126 7502
f 7499 9125 7503
f 7498 9122 7496
f 4151 4153 7381
f 5262 5456 9965
f 4153 4151 6221
f 7497 9123 7499
f 4125 7349 7347
f 5456 496 9965
f 4125 4127 7349
f 7496 9120 7494
f 5261 5454 9964
f 5454 400 9964
f 5453 5260 9966
f 7495 9121 7497
f 254 5453 9966
f 8615 9981 6968
f 3490 8615 6968
f 7494 9118 7490
f 8614 9980 6967
f 3489 8614 6967
f 10667 5276 2842
f 7493 9117 7491
f 7492 9114 7488
f 10666 5275 2841
f 7491 9119 7495
f 6868 7857 3602
f 7490 9116 7492
f 7857 3736 3602
f 6867 7856 3601
f 7856 3735 3601
f 10325 6707 9733
f 2599 10325 9733
f 7489 9115 7493
f 10324 6662 9732
f 2474 10324 9732
f 3270 4764 2750
f 7488 9112 7484
f 7487 9111 7485
f 6322 9376 6323
f 7004 2240 7085
f 7486 9108 7482
f 7485 9113 7489
f 6546 6322 6323
f 6603 10117 8897
f 7484 9110 7486
f 10117 6603 8912
f 2497 10117 8912
f 6602 10116 8896
f 7483 9109 7487
f 10116 6602 8911
f 2373 10116 8911
f 4417 8297 2677
f 7482 9106 7478
f 4416 8296 2616
f 7082 2279 7080
f 7666 8297 6990
f 7481 9105 7479
f 8297 2676 6990
f 6320 9374 6321
f 7665 8296 6989
f 7480 9102 7476
f 8296 2615 6989
f 7018 2247 7016
f 6544 6320 6321
f 7072 2274 7070
f 7479 9107 7483
f 6318 9372 6319
f 7042 2259 7040
f 6542 6318 6319
f 7478 9104 7480
f 8605 10083 6958
f 3594 8605 6958
f 8604 10082 6957
f 7477 9103 7481
f 3593 8604 6957
f 8603 10081 6956
f 3592 8603 6956
f 7476 9100 7474
f 8602 10080 6955
f 3591 8602 6955
f 8601 10079 6954
f 7475 9101 7477
f 3590 8601 6954
f 8600 10078 6953
f 3589 8600 6953
f 7474 9098 7472
f 8599 10077 6952
f 3588 8599 6952
f 8598 10076 6951
f 3587 8598 6951
f 7473 9099 7475
f 8597 10075 6950
f 3586 8597 6950
f 8596 10074 6949
f 3585 8596 6949
f 7472 9096 7470
f 8071 4427 5054
f 8595 10073 6948
f 8070 4426 5053
f 7471 9097 7473
f 3584 8595 6948
f 8594 10072 6947
f 3583 8594 6947
f 7470 9094 7466
f 8593 10071 6946
f 3582 8593 6946
f 8592 10070 6945
f 7469 9093 7467
f 3581 8592 6945
f 8591 10069 6944
f 3580 8591 6944
f 7468 9090 7462
f 7467 9095 7471
f 8590 10068 6943
f 7466 9092 7468
f 7465 9089 7463
f 3579 8590 6943
f 8589 10067 6942
f 5059 3363 2751
f 7464 9086 7458
f 3363 3223 2751
f 3578 8589 6942
f 8588 10066 6941
f 7463 9091 7469
f 3577 8588 6941
f 8587 10065 6940
f 3576 8587 6940
f 8586 10064 6939
f 3575 8586 6939
f 7462 9088 7464
f 7461 9085 7459
f 7460 9082 7456
f 8585 10063 6938
f 3574 8585 6938
f 6316 9370 6317
f 8584 10062 6937
f 3573 8584 6937
f 6540 6316 6317
f 8583 10061 6936
f 3572 8583 6936
f 8582 10060 6935
f 3571 8582 6935
f 8581 10059 6934
f 3570 8581 6934
f 8580 10058 6933
f 3569 8580 6933
f 8579 10057 6932
f 3568 8579 6932
f 6578 9971 8270
f 9971 2364 8270
f 3009 8430 6040
f 6579 9970 8271
f 9970 2489 8271
f 8578 10056 6931
f 3567 8578 6931
f 7459 9087 7465
f 8577 10055 6930
f 3566 8577 6930
f 7458 9084 7460
f 499 5020 498
f 8576 10054 6929
f 7457 9083 7461
f 3565 8576 6929
f 396 5019 398
f 8575 10053 6928
f 3564 8575 6928
f 8574 10052 6927
f 3563 8574 6927
f 8573 10051 6926
f 3562 8573 6926
f 8572 10050 6925
f 3561 8572 6925
f 8571 10049 6924
f 3560 8571 6924
f 8570 10048 6923
f 3559 8570 6923
f 8569 10047 6922
f 3558 8569 6922
f 6579 8451 4944
f 8451 2488 4944
f 8568 10046 6921
f 6578 8450 4943
f 3557 8568 6921
f 8450 2363 4943
f 8567 10045 6920
f 7455 9081 7457
f 3556 8567 6920
f 8566 10044 6919
f 3555 8566 6919
f 8565 10043 6918
f 3554 8565 6918
f 8564 10042 6917
f 3553 8564 6917
f 8561 10039 6916
f 3548 8561 6916
f 8560 10038 6915
f 3547 8560 6915
f 8559 10037 6914
f 7448 9074 7450
f 3546 8559 6914
f 8558 10036 6913
f 3545 8558 6913
f 8557 10035 6912
f 3544 8557 6912
f 8556 10034 6911
f 3543 8556 6911
f 8555 10033 6910
f 7447 9073 7449
f 3542 8555 6910
f 8554 10032 6909
f 3541 8554 6909
f 8553 10031 6908
f 3540 8553 6908
f 2490 9744 5452
f 2365 9743 5451
f 8552 10030 6907
f 3539 8552 6907
f 8551 10029 6906
f 2487 8427 2671
f 5188 8427 2485
f 8427 5188 2671
f 8427 2487 2485
f 2361 8426 2610
f 3538 8551 6906
f 5187 8426 2360
f 8426 5187 2610
f 8426 2361 2360
f 8550 10028 6905
f 3537 8550 6905
f 3329 5005 2735
f 8549 10027 6904
f 5005 3329 4597
f 7444 9070 7446
f 3536 8549 6904
f 8548 10026 6903
f 3328 5004 2734
f 3535 8548 6903
f 5004 3328 4596
f 8547 10025 6902
f 5003 3165 3159
f 7443 9069 7445
f 3165 5003 3269
f 9573 3728 2981
f 5002 3164 3158
f 9572 3727 2984
f 3164 5002 3268
f 2981 3728 8105
f 2984 3727 8106
f 3534 8547 6902
f 8546 10024 6901
f 3533 8546 6901
f 8545 10023 6900
f 3532 8545 6900
f 8544 10022 6899
f 3531 8544 6899
f 8543 10021 6898
f 3530 8543 6898
f 8542 10020 6897
f 3529 8542 6897
f 8541 10019 6896
f 3528 8541 6896
f 8540 10018 6895
f 3527 8540 6895
f 8539 10017 6894
f 3526 8539 6894
f 8538 10016 6893
f 3525 8538 6893
f 8537 10015 6892
f 3524 8537 6892
f 8536 10014 6891
f 3523 8536 6891
f 8535 10013 6890
f 3522 8535 6890
f 8534 10012 6889
f 3521 8534 6889
f 8533 10011 6888
f 3520 8533 6888
f 8532 10010 6887
f 3519 8532 6887
f 8531 10009 6886
f 3518 8531 6886
f 8530 10008 6885
f 3517 8530 6885
f 8529 10007 6884
f 3516 8529 6884
f 8528 10006 6883
f 3515 8528 6883
f 8527 10005 6882
f 3514 8527 6882
f 8526 10004 6881
f 3513 8526 6881
f 8525 10003 6880
f 3512 8525 6880
f 8524 10002 6879
f 3511 8524 6879
f 8523 10001 6878
f 3510 8523 6878
f 8522 10000 6877
f 3509 8522 6877
f 8521 9999 6876
f 3508 8521 6876
f 8520 9998 6875
f 3507 8520 6875
f 7052 2264 7050
f 6314 9368 6315
f 4127 4125 6203
f 6538 6314 6315
f 3026 2748 432
f 6312 9366 6313
f 7719 3026 433
f 5109 5252 425
f 5183 5109 426
f 426 5109 425
f 6536 6312 6313
f 7024 2252 7026
f 6310 9364 6311
f 7076 2278 7078
f 6534 6310 6311
f 7056 2268 7058
f 8511 9989 6960
f 3498 8511 6960
f 8510 9988 6959
f 3497 8510 6959
f 8609 9987 6962
f 3496 8609 6962
f 8608 9986 6961
f 3495 8608 6961
f 8611 9985 6964
f 3494 8611 6964
f 8610 9984 6963
f 3493 8610 6963
f 8509 10087 6874
f 3597 8509 6874
f 8508 10086 6873
f 3551 8508 6873
f 8613 9983 6966
f 3492 8613 6966
f 8612 9982 6965
f 3491 8612 6965
f 3597 6874 9752
f 3597 9752 3598
f 5472 9752 6874
f 3551 6873 9751
f 3551 9751 3552
f 5471 9751 6873
f 7446 9072 7448
f 7445 9071 7447
f 6308 9362 6309
f 2746 5178 5090
f 5090 5060 2746
f 7046 2263 7048
f 6241 8014 11121
f 11121 8014 8946
f 11121 6243 6241
f 6240 8013 11120
f 11120 8013 8945
f 11120 6242 6240
f 8727 5914 5912
f 6532 6308 6309
f 7034 2258 7038
f 8727 5912 8725
f 2923 8727 8725
f 8726 5913 5911
f 7302 4173 3838
f 7301 4103 3755
f 4579 8315 8457
f 8315 4401 8457
f 4533 8314 8456
f 8314 4355 8456
f 8726 5911 8724
f 2864 8726 8724
f 10781 4887 7826
f 7824 10781 7826
f 7826 10329 7824
f 2744 7436 5450
f 3198 7826 4887
f 10780 4886 7825
f 7823 10780 7825
f 7825 10328 7823
f 5450 7436 4918
f 3193 7825 4886
f 7436 5112 4918
f 455 4606 456
f 6306 9360 6307
f 7412 2921 2920
f 9727 6712 5016
f 2774 9727 5016
f 9726 6711 5015
f 2773 9726 5015
f 433 3026 432
f 2600 8942 9190
f 3769 6191 6193
f 2475 8941 9189
f 2351 2355 5225
f 2920 7294 7412
f 7294 5930 7412
f 2349 2353 5224
f 7411 2862 2861
f 2861 7293 7411
f 2352 2348 5223
f 7293 5929 7411
f 4952 7703 7697
f 10669 5475 9408
f 5769 9408 5475
f 7028 2255 7032
f 10668 5474 9407
f 5768 9407 5474
f 6530 6306 6307
f 3002 3955 8081
f 2985 3002 8081
f 2997 3956 8080
f 2980 2997 8080
f 7060 2271 7064
f 7285 11153 8956
f 3386 3390 8887
f 3385 3389 8886
f 5455 5263 5387
f 642 5455 5387
f 8881 10504 7285
f 11153 2490 8956
f 8880 10503 7284
f 2808 5257 8482
f 2974 5472 6874
f 2915 5471 6873
f 4453 6568 4992
f 4925 4952 7697
f 4951 7702 7696
f 5799 9748 8215
f 4924 4951 7696
f 5798 9747 8216
f 7284 11152 8955
f 2921 6968 9981
f 2862 6967 9980
f 3978 11195 3976
f 11194 3977 9411
f 5473 5235 4442
f 5812 5473 4442
f 2922 6966 9983
f 2863 6965 9982
f 2974 6874 10087
f 2915 6873 10086
f 2923 6964 9985
f 2864 6963 9984
f 10085 10526 2973
f 6304 9358 6305
f 10526 10085 2972
f 10041 10525 2914
f 8625 5814 8729
f 10525 10041 2913
f 2971 6958 10083
f 2970 6957 10082
f 2969 6956 10081
f 2968 6955 10080
f 2967 6954 10079
f 2966 6953 10078
f 2965 6952 10077
f 2964 6951 10076
f 2963 6950 10075
f 11152 2365 8955
f 2962 6949 10074
f 8482 5257 417
f 2961 6948 10073
f 2960 6947 10072
f 2959 6946 10071
f 2958 6945 10070
f 2957 6944 10069
f 2956 6943 10068
f 2955 6942 10067
f 2954 6941 10066
f 2953 6940 10065
f 2952 6939 10064
f 2951 6938 10063
f 2950 6937 10062
f 2949 6936 10061
f 2948 6935 10060
f 2947 6934 10059
f 2946 6933 10058
f 2945 6932 10057
f 2944 6931 10056
f 2943 6930 10055
f 2942 6929 10054
f 2941 6928 10053
f 2940 6927 10052
f 2939 6926 10051
f 2938 6925 10050
f 2937 6924 10049
f 2936 6923 10048
f 2935 6922 10047
f 2934 6921 10046
f 2933 6920 10045
f 2932 6919 10044
f 2931 6918 10043
f 2930 6917 10042
f 2912 6916 10039
f 2911 6915 10038
f 2910 6914 10037
f 2909 6913 10036
f 6575 8942 7693
f 8942 2602 7693
f 6574 8941 7692
f 8941 2476 7692
f 2908 6912 10035
f 2907 6911 10034
f 2906 6910 10033
f 2905 6909 10032
f 2904 6908 10031
f 2903 6907 10030
f 2902 6906 10029
f 2901 6905 10028
f 2900 6904 10027
f 2899 6903 10026
f 2898 6902 10025
f 2897 6901 10024
f 2896 6900 10023
f 2895 6899 10022
f 2894 6898 10021
f 2893 6897 10020
f 2892 6896 10019
f 2891 6895 10018
f 2890 6894 10017
f 2889 6893 10016
f 2888 6892 10015
f 2887 6891 10014
f 2886 6890 10013
f 2885 6889 10012
f 2884 6888 10011
f 2883 6887 10010
f 2882 6886 10009
f 2881 6885 10008
f 2880 6884 10007
f 2879 6883 10006
f 2878 6882 10005
f 2877 6881 10004
f 2876 6880 10003
f 2875 6879 10002
f 2874 6878 10001
f 2873 6877 10000
f 2872 6876 9999
f 2871 6875 9998
f 4428 3047 5200
f 6528 6304 6305
f 8624 5813 8728
f 3042 5200 3047
f 4905 3368 5023
f 5023 3056 4905
f 3042 3047 8034
f 10478 4307 9553
f 4307 6357 9553
f 5258 5055 8483
f 9993 10528 2927
f 5258 8483 478
f 10528 9993 2926
f 9992 10527 2868
f 10477 4306 9552
f 10527 9992 2867
f 4306 6356 9552
f 3248 481 2346
f 2925 6960 9989
f 2866 6959 9988
f 2924 6962 9987
f 2865 6961 9986
f 8309 8006 7217
f 4775 7217 8006
f 8308 8005 7216
f 4774 7216 8005
f 2346 481 482
f 3769 6193 3771
f 3738 9975 3734
f 6302 9356 6303
f 7330 3769 3771
f 6526 6302 6303
f 3737 9974 3733
f 5079 4439 6979
f 7432 6733 4470
f 7432 3104 6733
f 3104 3083 6733
f 3027 6733 3083
f 9532 2496 7699
f 9531 2371 7698
f 6979 5146 5079
f 6979 4989 5146
f 2763 5223 2348
f 3354 2763 2348
f 3249 414 2347
f 6280 9335 6281
f 4764 3081 2750
f 2347 414 413
f 11128 5013 5101
f 6243 9296 6241
f 6242 9295 6240
f 9412 3978 5605
f 3374 5013 11128
f 9411 3977 5604
f 3023 3374 11128
f 8900 8489 8497
f 8489 5595 8497
f 8899 8488 8496
f 8488 5594 8496
f 6505 6280 6281
f 3816 6225 6227
f 3023 11128 2760
f 5260 2356 4761
f 9563 3610 3608
f 9562 3609 3607
f 11127 5012 5100
f 2359 5262 4763
f 3373 5012 11127
f 2357 5261 4762
f 11100 6985 9404
f 2491 11100 9404
f 11100 2491 2494
f 11101 6984 9403
f 2367 11101 9403
f 11101 2367 2369
f 5078 4998 429
f 5078 429 428
f 5077 4997 466
f 5077 466 467
f 3076 8284 5055
f 8284 3064 5055
f 8497 10515 8900
f 508 11206 8286
f 8496 10514 8899
f 11205 387 8899
f 5298 11112 3368
f 3022 3373 11127
f 3022 11127 2759
f 7994 10981 10919
f 10981 5901 10919
f 7949 10980 10918
f 10980 5857 10918
f 8039 4733 8088
f 2339 8039 8088
f 8038 4732 8087
f 2338 8038 8087
f 3026 3212 2748
f 3212 3223 2748
f 8037 2337 8086
f 11121 6331 6243
f 6331 9298 6243
f 11120 6287 6242
f 6287 9297 6242
f 8047 7851 438
f 8047 4601 7851
f 439 8047 438
f 3816 6227 3818
f 3318 5157 3149
f 3318 3149 5121
f 3204 3100 2758
f 6278 9333 6279
f 5120 3317 5177
f 5159 3317 3151
f 3151 3317 5120
f 5119 3315 5176
f 5158 3315 3150
f 3150 3315 5119
f 9711 3059 8898
f 3059 7831 8898
f 10777 9426 9530
f 5661 9530 9426
f 9426 10777 514
f 10776 9425 9529
f 5660 9529 9425
f 9425 10776 382
f 4483 7433 2746
f 2746 7433 5178
f 7003 2242 7006
f 6503 6278 6279
f 6276 9331 6277
f 7384 3816 3818
f 6501 6276 6277
f 2765 10657 3356
f 6274 9329 6275
f 2764 10656 3355
f 10675 9434 9426
f 5767 9426 9434
f 9434 10675 515
f 10674 9433 9425
f 5722 9425 9433
f 9433 10674 379
f 10775 9526 9527
f 5764 9527 9526
f 9526 10775 522
f 10774 9525 9526
f 5763 9526 9525
f 9525 10774 523
f 10773 9524 9525
f 5762 9525 9524
f 9524 10773 525
f 10772 9523 9524
f 5761 9524 9523
f 9523 10772 527
f 10771 9522 9523
f 5760 9523 9522
f 9522 10771 530
f 10770 9521 9522
f 3963 8421 3043
f 2991 8420 7683
f 5759 9522 9521
f 8420 5371 7683
f 9521 10770 532
f 2988 8419 7682
f 10769 9520 9521
f 8419 5370 7682
f 5758 9521 9520
f 9520 10769 534
f 3964 8418 3044
f 10768 9519 9520
f 5757 9520 9519
f 9519 10768 536
f 10767 9518 9519
f 5756 9519 9518
f 9518 10767 538
f 10766 9517 9518
f 5755 9518 9517
f 9517 10766 540
f 10765 9516 9517
f 5754 9517 9516
f 9516 10765 542
f 10764 9515 9516
f 5753 9516 9515
f 9515 10764 543
f 10763 9514 9515
f 5752 9515 9514
f 9514 10763 546
f 10762 9513 9514
f 5751 9514 9513
f 9513 10762 548
f 10761 9512 9513
f 5750 9513 9512
f 9512 10761 549
f 10760 9511 9512
f 5749 9512 9511
f 9511 10760 552
f 10759 9510 9511
f 5748 9511 9510
f 9510 10759 553
f 10758 9509 9510
f 5747 9510 9509
f 9509 10758 555
f 10757 9508 9509
f 5746 9509 9508
f 9508 10757 557
f 10756 9507 9508
f 5745 9508 9507
f 9507 10756 560
f 10755 9506 9507
f 5744 9507 9506
f 9506 10755 561
f 10754 9505 9506
f 5743 9506 9505
f 9505 10754 563
f 10753 9504 9505
f 5742 9505 9504
f 9504 10753 566
f 10752 9503 9504
f 5741 9504 9503
f 9503 10752 568
f 10751 9502 9503
f 5740 9503 9502
f 9502 10751 569
f 10750 9501 9502
f 5739 9502 9501
f 9501 10750 571
f 10749 9500 9501
f 5738 9501 9500
f 9500 10749 573
f 10748 9499 9500
f 5737 9500 9499
f 9499 10748 575
f 10747 9498 9499
f 5736 9499 9498
f 9498 10747 577
f 10746 9497 9498
f 5735 9498 9497
f 9497 10746 580
f 10745 9496 9497
f 5734 9497 9496
f 9496 10745 581
f 10744 9495 9496
f 5733 9496 9495
f 9495 10744 583
f 10743 9494 9495
f 5732 9495 9494
f 9494 10743 586
f 10742 9493 9494
f 5731 9494 9493
f 9493 10742 587
f 10741 9492 9493
f 5730 9493 9492
f 9492 10741 589
f 10740 9491 9492
f 5729 9492 9491
f 9491 10740 592
f 10739 9490 9491
f 5728 9491 9490
f 9490 10739 593
f 10738 9489 9490
f 5727 9490 9489
f 9489 10738 596
f 10737 9488 9489
f 5726 9489 9488
f 9488 10737 598
f 457 5933 458
f 10736 9487 9488
f 5725 9488 9487
f 9487 10736 599
f 10733 9483 9484
f 5719 9484 9483
f 9483 10733 374
f 10732 9482 9483
f 5718 9483 9482
f 9482 10732 372
f 6499 6274 6275
f 7671 5778 8879
f 10731 9481 9482
f 5717 9482 9481
f 7014 2245 7012
f 7670 5777 8878
f 9481 10731 370
f 10730 9480 9481
f 9760 9746 9402
f 5593 9746 8440
f 5716 9481 9480
f 9746 5593 9402
f 9759 9745 9401
f 5592 9745 8439
f 9745 5592 9401
f 9480 10730 368
f 9719 6987 6577
f 3962 9719 6577
f 9718 6986 6576
f 3961 9718 6576
f 10729 9479 9480
f 5715 9480 9479
f 9479 10729 366
f 10728 9478 9479
f 5714 9479 9478
f 6272 9327 6273
f 7068 2272 7066
f 9555 9176 3976
f 9554 9175 3975
f 5784 8885 6388
f 2311 5784 6388
f 5783 8884 6387
f 2295 5783 6387
f 6497 6272 6273
f 9478 10728 364
f 10727 9477 9478
f 7010 2243 7008
f 5713 9478 9477
f 9477 10727 361
f 2743 7870 8430
f 7870 6040 8430
f 3765 6187 6189
f 2758 3100 5320
f 3765 6189 3767
f 5906 5904 8717
f 10726 9476 9477
f 5712 9477 9476
f 9476 10726 359
f 10725 9475 9476
f 5711 9476 9475
f 9475 10725 358
f 10724 9474 9475
f 5710 9475 9474
f 9474 10724 355
f 4889 7830 7826
f 3197 4889 7826
f 3384 9292 5466
f 4888 7829 7825
f 3383 9291 5465
f 3192 4888 7825
f 6270 9325 6271
f 8938 3960 5775
f 6495 6270 6271
f 6268 9323 6269
f 8937 3959 5774
f 6581 8256 8940
f 8256 2780 8940
f 6580 8255 8939
f 8255 2779 8939
f 6493 6268 6269
f 5225 5214 2351
f 10723 9473 9474
f 5709 9474 9473
f 5224 5213 2349
f 9473 10723 353
f 10722 9472 9473
f 5905 5903 8716
f 5708 9473 9472
f 9472 10722 352
f 8879 2857 7671
f 6357 4728 440
f 4728 441 440
f 8878 2850 7670
f 6356 4727 455
f 4727 454 455
f 10721 9471 9472
f 5707 9472 9471
f 9471 10721 349
f 10720 9470 9471
f 5414 7863 422
f 5706 9471 9470
f 11194 9554 3975
f 9470 10720 348
f 10719 9469 9470
f 5705 9470 9469
f 9469 10719 346
f 10718 9468 9469
f 5704 9469 9468
f 9468 10718 343
f 10717 9467 9468
f 5703 9468 9467
f 3382 10647 5587
f 9467 10717 342
f 3381 10648 5586
f 7214 10647 9721
f 10716 9466 9467
f 10647 3382 9721
f 7215 10648 9720
f 5702 9467 9466
f 10648 3381 9720
f 7863 5243 422
f 6394 10445 8924
f 10445 6394 8507
f 5413 7862 473
f 9466 10716 340
f 7862 5242 473
f 8944 11155 3956
f 10715 9465 9466
f 5701 9466 9465
f 9465 10715 338
f 10714 9464 9465
f 10329 7826 7830
f 5700 9465 9464
f 10328 7825 7829
f 9464 10714 336
f 11155 8080 3956
f 8080 11155 3728
f 10713 9463 9464
f 5699 9464 9463
f 9463 10713 334
f 10712 9462 9463
f 5698 9463 9462
f 8943 11154 3955
f 11154 8081 3955
f 6752 8267 4595
f 8081 11154 3727
f 11117 8447 462
f 6751 8266 4594
f 5790 6985 6972
f 9462 10712 331
f 5789 6984 6971
f 10711 9461 9462
f 5697 9462 9461
f 9461 10711 329
f 10710 9460 9461
f 10783 8908 6746
f 10783 2496 2493
f 5696 9461 9460
f 10782 8907 6745
f 10782 2371 2368
f 3972 6351 5302
f 3971 6350 5301
f 3386 8617 3392
f 5075 8311 4971
f 8311 3288 4971
f 5076 8310 4972
f 8310 3287 4972
f 3386 6732 8617
f 3390 3386 3392
f 3385 8616 3391
f 3385 6731 8616
f 3389 3385 3391
f 9460 10710 327
f 10709 9459 9460
f 5695 9460 9459
f 9459 10709 325
f 10708 9458 9459
f 5694 9459 9458
f 9458 10708 324
f 8914 2976 5468
f 10707 9457 9458
f 8913 2917 5467
f 5059 2750 3363
f 5693 9458 9457
f 9457 10707 321
f 481 3247 2345
f 481 2345 482
f 8920 4579 8926
f 8933 9761 2297
f 2297 9761 2236
f 8919 4533 8925
f 10706 9456 9457
f 462 8447 463
f 5692 9457 9456
f 9456 10706 319
f 10705 9455 9456
f 7326 3765 3767
f 5691 9456 9455
f 5108 8307 5094
f 8307 3153 5094
f 5107 8306 5093
f 8306 3152 5093
f 9455 10705 317
f 10704 9454 9455
f 423 4726 422
f 5690 9455 9454
f 9454 10704 315
f 10703 9453 9454
f 5689 9454 9453
f 9561 10636 8954
f 8954 5597 9561
f 9453 10703 313
f 9560 10635 8953
f 8953 5596 9560
f 6266 9321 6267
f 6491 6266 6267
f 6264 9319 6265
f 10702 9452 9453
f 8303 4914 4447
f 5688 9453 9452
f 10458 8919 8925
f 8302 2799 7270
f 8302 4915 4448
f 4915 8302 7270
f 2799 8302 4448
f 6489 6264 6265
f 9452 10702 311
f 3380 8222 9559
f 10701 9451 9452
f 5687 9452 9451
f 3379 8221 9558
f 9451 10701 310
f 10700 9450 9451
f 5686 9451 9450
f 9450 10700 308
f 10699 9449 9450
f 5193 422 4726
f 5685 9450 9449
f 6398 4092 6150
f 4092 3738 6150
f 9449 10699 305
f 6397 4091 6149
f 4091 3737 6149
f 4472 8301 7438
f 8301 3113 7438
f 4471 8300 7437
f 8300 3112 7437
f 5175 3204 2758
f 10698 9448 9449
f 5805 7669 3840
f 7669 3950 3840
f 5804 7668 3753
f 7668 3855 3753
f 5684 9449 9448
f 9448 10698 303
f 10697 9447 9448
f 5683 9448 9447
f 4460 7851 4601
f 9447 10697 301
f 3392 3394 8771
f 10696 9446 9447
f 3391 3393 8770
f 8222 3380 9549
f 8221 3379 9548
f 5682 9447 9446
f 9446 10696 299
f 10695 9445 9446
f 5681 9446 9445
f 9445 10695 297
f 10694 9444 9445
f 3247 480 3303
f 6262 9317 6263
f 6487 6262 6263
f 8777 5483 5479
f 6260 9315 6261
f 6485 6260 6261
f 5483 8777 8779
f 3100 2753 5320
f 6258 9313 6259
f 5597 5595 9561
f 5596 5594 9560
f 5782 3000 5350
f 2992 5782 5350
f 5781 2999 5349
f 2987 5781 5349
f 8483 5055 2809
f 8051 2853 8049
f 2853 8051 5930
f 8050 8048 11110
f 8050 2846 8048
f 2846 8050 5929
f 8777 3396 8779
f 6159 8921 9715
f 9715 5591 6159
f 8776 5482 5478
f 6158 8922 9714
f 9714 5590 6158
f 5136 5253 5166
f 5680 9445 9444
f 9444 10694 295
f 429 3081 428
f 5249 3081 429
f 10735 9486 9487
f 3081 3203 428
f 270 10517 9699
f 626 10516 9700
f 6858 10099 8932
f 10099 2858 8932
f 6857 10098 8931
f 10098 2851 8931
f 5724 9487 9486
f 6483 6258 6259
f 9486 10735 602
f 6300 9354 6301
f 10693 9442 9444
f 6524 6300 6301
f 5679 9444 9442
f 6256 9311 6257
f 9442 10693 293
f 3594 3487 8875
f 10691 9527 9528
f 3593 3486 8874
f 5765 9528 9527
f 3592 3485 8873
f 9527 10691 520
f 3591 3484 8872
f 10689 9484 9485
f 3590 3483 8871
f 5720 9485 9484
f 3589 3482 8870
f 9484 10689 375
f 3588 3481 8869
f 10734 9443 9486
f 3587 3480 8868
f 5723 9486 9443
f 3586 3479 8867
f 9443 10734 604
f 3585 3478 8866
f 10692 9441 9442
f 3584 3477 8865
f 5678 9442 9441
f 3583 3476 8864
f 9441 10692 291
f 3582 3475 8863
f 10690 9440 9443
f 3581 3474 8862
f 5677 9443 9440
f 3580 3473 8861
f 9440 10690 606
f 3579 3472 8860
f 10688 9439 9441
f 3578 3471 8859
f 5676 9441 9439
f 3577 3470 8858
f 9439 10688 289
f 3576 3469 8857
f 10687 9438 9440
f 3575 3468 8856
f 5675 9440 9438
f 3574 3467 8855
f 9438 10687 608
f 3573 3466 8854
f 10686 9437 9439
f 3572 3465 8853
f 5674 9439 9437
f 3571 3464 8852
f 9437 10686 288
f 3570 3463 8851
f 10681 9528 9434
f 3569 3462 8850
f 5766 9434 9528
f 3568 3461 8849
f 9528 10681 518
f 3567 3460 8848
f 10680 9485 9433
f 3566 3459 8847
f 5721 9433 9485
f 3565 3458 8846
f 9485 10680 377
f 3564 3457 8845
f 10685 9436 9438
f 3563 3456 8844
f 5673 9438 9436
f 3562 3455 8843
f 9436 10685 610
f 3561 3454 8842
f 10684 9435 9437
f 3560 3453 8841
f 5672 9437 9435
f 3559 3452 8840
f 9435 10684 285
f 3558 3451 8839
f 10683 9432 9436
f 3557 3450 8838
f 5671 9436 9432
f 3556 3449 8837
f 9432 10683 611
f 3555 3448 8836
f 10682 9431 9435
f 3554 3447 8835
f 5670 9435 9431
f 3553 3446 8834
f 9431 10682 283
f 6481 6256 6257
f 10679 9430 9432
f 3548 3444 8833
f 5669 9432 9430
f 3547 3443 8832
f 9430 10679 614
f 3546 3442 8831
f 10678 9429 9431
f 3545 3441 8830
f 5668 9431 9429
f 3544 3440 8829
f 9429 10678 281
f 3543 3439 8828
f 10677 9428 9430
f 3542 3438 8827
f 5667 9430 9428
f 3541 3437 8826
f 9428 10677 615
f 3540 3436 8825
f 10676 9427 9429
f 3539 3435 8824
f 5666 9429 9427
f 3538 3434 8823
f 9427 10676 280
f 3537 3433 8822
f 10673 9424 9428
f 3536 3432 8821
f 5665 9428 9424
f 3535 3431 8820
f 9424 10673 618
f 3534 3430 8819
f 10672 9423 9427
f 3533 3429 8818
f 5664 9427 9423
f 3532 3428 8817
f 9423 10672 278
f 3531 3427 8816
f 3037 8229 7426
f 3530 3426 8815
f 8229 5776 7426
f 3529 3425 8814
f 480 3247 481
f 3528 3424 8813
f 8062 6152 7892
f 3614 8062 7892
f 8061 6151 7891
f 3613 8061 7891
f 3061 3974 3954
f 3527 3423 8812
f 10219 8895 10227
f 3526 3422 8811
f 2499 10219 10227
f 3525 3421 8810
f 10218 8894 10226
f 3524 3420 8809
f 2374 10218 10226
f 3523 3419 8808
f 3011 6743 5120
f 3522 3418 8807
f 3011 5120 5123
f 3521 3417 8806
f 3010 6742 5119
f 3010 5119 5122
f 10671 9420 9424
f 5663 9424 9420
f 3520 3416 8805
f 9420 10671 619
f 3519 3415 8804
f 10670 9419 9423
f 3518 3414 8803
f 5662 9423 9419
f 3517 3413 8802
f 9419 10670 275
f 3516 3412 8801
f 6298 9352 6299
f 3515 3411 8800
f 6522 6298 6299
f 3514 3410 8799
f 8885 5786 4297
f 6254 9309 6255
f 3513 3409 8798
f 8884 5785 4296
f 3954 3974 4177
f 5395 7213 7721
f 3512 3408 8797
f 5394 7212 7720
f 3060 3973 3953
f 3511 3407 8796
f 3198 3197 7826
f 3510 3406 8795
f 3197 3198 7664
f 3509 3405 8794
f 3193 3192 7825
f 3508 3404 8793
f 3192 3193 7663
f 3507 3403 8792
f 5279 5298 4905
f 6479 6254 6255
f 5279 4905 3076
f 6326 9380 6327
f 4480 5023 3368
f 6550 6326 6327
f 6282 9337 6283
f 6507 6282 6283
f 3133 10667 2842
f 5482 8776 8778
f 3133 5042 7703
f 3133 2842 5042
f 8776 3395 8778
f 3132 10666 2841
f 4989 3228 469
f 3132 5041 7702
f 3498 3402 8783
f 3132 2841 5041
f 3497 3401 8782
f 4989 468 5146
f 3953 3973 4176
f 3496 3400 8781
f 499 8906 5020
f 396 8905 5019
f 3495 3399 8780
f 4460 10653 436
f 3952 5801 2991
f 3494 3398 8779
f 437 4460 436
f 3493 3397 8778
f 3951 5800 2988
f 7851 4460 437
f 3492 3396 8777
f 7671 6390 5778
f 3491 3395 8776
f 6390 6355 5778
f 415 3249 3302
f 7670 6389 5777
f 6389 6354 5777
f 7316 4098 4099
f 3249 415 414
f 4907 5278 3078
f 4099 7320 7316
f 10106 9966 4761
f 4473 10106 4761
f 9965 10105 4763
f 10105 4475 4763
f 9964 10104 4762
f 10104 4474 4762
f 480 3248 3301
f 3597 3488 8775
f 3248 480 481
f 3551 3445 8774
f 2770 3326 5175
f 3204 5175 2826
f 10458 8925 2479
f 6367 9563 3608
f 6366 9562 3607
f 11115 3100 3316
f 3204 3316 3100
f 3341 3327 3200
f 4906 5277 3077
f 3339 3325 3199
f 11115 3316 411
f 2336 5026 2333
f 5232 8088 7105
f 2333 5026 7706
f 5231 8087 7104
f 2336 2333 3055
f 4999 5079 466
f 468 4989 469
f 7560 3105 5109
f 4098 6175 4099
f 6428 7024 7026
f 3796 6211 6209
f 6454 7060 7064
f 3796 6209 3794
f 6432 7028 7032
f 4098 3748 6173
f 7359 3796 3794
f 6436 7034 7038
f 4097 3747 6172
f 3805 6217 6215
f 3805 6215 3803
f 7369 3805 3803
f 6450 7056 7058
f 3819 6228 6226
f 3819 6226 3817
f 7385 3819 3817
f 6462 7076 7078
f 3764 6186 6183
f 3764 6183 3762
f 6443 7046 7048
f 7325 3764 3762
f 3776 6198 6196
f 6410 4170 6176
f 4170 3835 6176
f 6404 7092 7094
f 3776 6196 3774
f 7335 3776 3774
f 6171 7092 6404
f 6417 7003 7006
f 3823 6232 6230
f 3823 6230 3821
f 6413 4100 6177
f 4100 3750 6177
f 6182 7003 6417
f 7389 3823 3821
f 3768 6190 6188
f 6412 7086 7088
f 6411 4106 6179
f 4106 3759 6179
f 3768 6188 3766
f 6407 7089 7091
f 7327 3768 3766
f 3772 6194 6192
f 3772 6192 3770
f 4102 3751 6180
f 7331 3772 3770
f 3828 6235 6234
f 3828 6234 3826
f 6444 7052 7050
f 7397 3828 3826
f 7320 4099 4101
f 4101 7404 7320
f 6466 4168 6237
f 4168 3831 6237
f 6236 8769 6465
f 6465 4167 6236
f 4167 3830 6236
f 4099 6178 4101
f 3801 6214 6213
f 3801 6213 3799
f 6437 7042 7040
f 7367 3801 3799
f 3810 6220 6219
f 6422 7018 7016
f 3810 6219 3808
f 7377 3810 3808
f 6195 7018 6422
f 6457 7072 7070
f 3782 6202 6201
f 6229 7072 6457
f 3782 6201 3780
f 7345 3782 3780
f 3749 6174 6177
f 6461 4163 6234
f 4163 3826 6234
f 6463 7082 7080
f 3749 6177 3750
f 7319 3749 3750
f 7343 4122 4120
f 6414 7004 7085
f 4120 7341 7343
f 4122 6200 4120
f 6459 4160 6231
f 4160 3822 6231
f 6230 8766 6458
f 6458 4159 6230
f 4159 3821 6230
f 5663 11176 11087
f 11176 5663 5657
f 4158 3818 6227
f 6426 7022 7024
f 11176 5477 11087
f 5662 11175 11086
f 6451 7062 7060
f 6457 4157 6229
f 4157 3820 6229
f 6226 8764 6456
f 6456 4156 6226
f 4156 3817 6226
f 6223 8763 6455
f 6455 4155 6223
f 4155 3814 6223
f 11175 5662 5656
f 6429 7030 7028
f 11175 5476 11086
f 7341 4120 4118
f 6433 7036 7034
f 4118 7339 7341
f 4120 6199 4118
f 6460 7074 7076
f 7395 4163 4161
f 4161 7393 7395
f 4163 6233 4161
f 7365 4140 4138
f 6221 8762 6453
f 6453 4153 6221
f 4138 7363 7365
f 4140 6212 4138
f 3792 6208 6207
f 3792 6207 3790
f 6441 7044 7046
f 7357 3792 3790
f 4151 3813 6222
f 6448 7054 7056
f 7375 4148 4146
f 4146 7373 7375
f 4148 6218 4146
f 6425 7020 7022
f 3787 6205 6204
f 3787 6204 3785
f 7351 3787 3785
f 6570 4086 8944
f 8944 5918 6570
f 6449 4148 6219
f 4148 3808 6219
f 6415 7084 7086
f 8889 6570 5918
f 3815 6224 6222
f 8297 4417 2676
f 3815 6222 3813
f 8296 4416 2615
f 6409 7087 7089
f 7383 3815 3813
f 6569 4039 8943
f 6447 4145 6216
f 4145 3804 6216
f 6215 8759 6446
f 6446 4144 6215
f 4144 3803 6215
f 8943 5917 6569
f 8888 6569 5917
f 3752 6181 6185
f 6408 7090 7092
f 3752 6185 3832
f 7403 3752 3832
f 5249 2750 3081
f 9398 6343 6345
f 6343 6565 6345
f 8295 3259 4472
f 7431 3363 5249
f 8294 3258 4471
f 5249 3363 2750
f 9397 6342 6344
f 8936 2288 8934
f 6342 6564 6344
f 5914 8731 7412
f 5916 5914 7412
f 6442 4140 6213
f 4140 3799 6213
f 7281 3027 5253
f 5913 8730 7411
f 5915 5913 7411
f 3027 5166 5253
f 5784 9284 6150
f 5095 6384 3053
f 5783 9283 6149
f 6440 4137 6210
f 4137 3795 6210
f 6209 8757 6439
f 6439 4136 6209
f 4136 3794 6209
f 6384 3038 3053
f 7421 6384 5095
f 2748 7431 431
f 432 2748 431
f 8293 3146 5044
f 8293 4991 3174
f 4991 8293 5044
f 3146 8293 3174
f 8292 3145 5043
f 8292 4990 3173
f 4990 8292 5043
f 3145 8292 3173
f 2323 8291 5460
f 2251 11157 7022
f 3323 3276 5354
f 8291 2323 3320
f 7024 11157 2252
f 5354 2769 3323
f 3322 3275 5353
f 11157 7024 7022
f 11157 2251 2252
f 5353 2768 3322
f 7083 9778 9832
f 9778 2281 9832
f 4428 5200 459
f 6206 8755 6435
f 6435 4132 6206
f 4428 458 5933
f 458 4428 459
f 4602 4726 423
f 424 4602 423
f 5252 4602 424
f 8290 4434 3072
f 7002 6178 7000
f 8289 4433 3071
f 8288 4457 7270
f 8288 5111 3182
f 5111 8288 7270
f 4457 8288 3182
f 466 5079 467
f 8287 5110 3181
f 4932 5276 4757
f 4456 8287 3181
f 4130 3790 6207
f 7000 9776 7002
f 418 3170 417
f 508 8286 506
f 3170 5136 417
f 2797 3170 418
f 6198 7019 7015
f 387 8285 390
f 7015 7019 9788
f 7083 6181 7002
f 7002 9778 7083
f 6217 7053 7049
f 6203 8752 6431
f 6431 4127 6203
f 7049 7053 9811
f 6211 7043 7039
f 7039 7043 9804
f 6232 7073 7069
f 7069 7073 9825
f 11156 4726 6467
f 4125 3785 6204
f 11156 4769 5193
f 10667 4757 5276
f 4932 4757 10490
f 6999 6174 6997
f 6997 9772 6999
f 4769 11156 6467
f 4726 11156 5193
f 7019 6199 7021
f 10614 2532 2529
f 7021 9792 7019
f 6136 9190 8942
f 6091 9189 8941
f 8060 4427 4446
f 8059 4426 4445
f 4752 7718 5448
f 4476 5448 7718
f 10614 6820 6821
f 10615 2404 2402
f 4931 5275 4756
f 10615 6775 6776
f 10616 2529 2528
f 10666 4756 5275
f 4931 4756 10489
f 7996 10986 2855
f 6349 9422 9400
f 10986 7996 8946
f 9422 3724 9400
f 10616 6819 6820
f 6348 9421 9399
f 7951 10985 2848
f 9421 3723 9399
f 10985 7951 8945
f 6427 4122 6201
f 4122 3780 6201
f 10617 2402 2400
f 6202 7029 7025
f 7025 7029 9795
f 10617 6774 6775
f 10618 2528 2526
f 6090 9240 9189
f 10618 6818 6819
f 6135 9274 9190
f 3746 3748 7312
f 10619 2400 2398
f 10619 6773 6774
f 3748 3746 6406
f 10620 2526 2523
f 10620 6817 6818
f 10470 4989 6979
f 6424 4117 6197
f 9413 273 9415
f 4117 3775 6197
f 9414 621 9416
f 10621 2398 2396
f 6196 8749 6423
f 6423 4116 6196
f 3106 5205 5147
f 4116 3774 6196
f 3748 6406 6173
f 5205 2321 5147
f 5806 9731 9535
f 9731 3603 9535
f 5807 9730 9536
f 9730 3604 9536
f 3745 3747 7311
f 4115 3771 6193
f 10621 6772 6773
f 10622 2523 2522
f 3747 3745 6405
f 3747 6405 6172
f 10622 6816 6817
f 6205 7035 7031
f 3604 9730 9404
f 3604 9404 6161
f 3603 9731 9403
f 3603 9403 6160
f 9754 6750 7416
f 3962 9754 7416
f 9753 6749 7415
f 3961 9753 7415
f 2992 9975 3740
f 3740 5782 2992
f 7838 5117 5103
f 5103 5117 5007
f 7838 5103 4998
f 7837 5116 5102
f 6422 4114 6195
f 4114 3773 6195
f 8281 3261 4917
f 8280 3260 4916
f 6192 8747 6421
f 2987 9974 3739
f 3739 5781 2987
f 6421 4113 6192
f 4113 3770 6192
f 6189 8746 6420
f 6420 4112 6189
f 4112 3767 6189
f 8275 3123 3111
f 8275 4936 3127
f 4936 8275 3111
f 3123 8275 3127
f 8274 3122 3110
f 8274 4935 3126
f 4935 8274 3110
f 3122 8274 3126
f 10623 2396 2395
f 10623 6771 6772
f 7031 7035 9799
f 10624 2522 2519
f 10624 6815 6816
f 6235 7081 7077
f 6188 8745 6419
f 6419 4111 6188
f 4111 3766 6188
f 6184 8744 6418
f 6418 4110 6184
f 4110 3763 6184
f 10625 2395 2392
f 10625 6770 6771
f 7077 7081 9831
f 10626 2519 2518
f 10626 6814 6815
f 6208 7041 7037
f 10627 2392 2391
f 10627 6769 6770
f 7037 7041 9803
f 3203 5183 427
f 10628 2518 2516
f 10628 6813 6814
f 6417 4109 6182
f 2335 3216 4769
f 4109 3761 6182
f 3216 5193 4769
f 6220 7061 7057
f 6416 4108 6183
f 4108 3762 6183
f 9727 6371 6712
f 6404 4173 6171
f 4173 3837 6171
f 9546 10498 9290
f 9290 2919 9546
f 9546 2919 5793
f 10498 9546 2852
f 3614 8271 2489
f 9545 10497 9289
f 3613 8270 2364
f 9289 2860 9545
f 9545 2860 5792
f 10497 9545 2845
f 6371 9727 5310
f 5032 8269 5197
f 8269 3119 5197
f 5031 8268 5196
f 8268 3118 5196
f 6403 4103 6170
f 4103 3756 6170
f 427 5183 426
f 5102 5116 5006
f 7837 5102 4997
f 6131 9270 10468
f 6131 10468 9271
f 10492 6589 8904
f 2495 10492 8904
f 10491 6588 8903
f 2370 10491 8903
f 10629 2375 2372
f 7281 4470 6733
f 8265 3015 4724
f 8261 2746 5060
f 8264 3014 4725
f 5060 5244 8261
f 6086 9236 10465
f 8263 3041 8066
f 8262 3040 8065
f 7057 7061 9817
f 6086 10465 9237
f 6133 9272 10469
f 6133 10469 9273
f 6088 9238 10466
f 6088 10466 9239
f 6101 9206 10467
f 6101 10467 9241
f 6056 9205 10464
f 5121 7667 5124
f 5121 3149 2745
f 2745 7667 5121
f 6056 10464 9207
f 9561 5595 8733
f 8733 10089 9561
f 10613 6776 6777
f 8260 4469 7419
f 8260 5416 3058
f 5416 8260 7419
f 8259 4468 7420
f 8259 5415 3057
f 5415 8259 7420
f 9560 5594 8732
f 4303 8258 2608
f 8732 10088 9560
f 4302 8257 2482
f 2236 8935 2234
f 6155 9684 8067
f 7996 6331 11121
f 7996 11121 8946
f 7951 6287 11120
f 7951 11120 8945
f 5079 5146 467
f 9711 4473 7841
f 3059 9711 7841
f 9711 5791 4473
f 5172 2742 4477
f 2742 4755 4477
f 3974 7843 4475
f 7213 5395 4954
f 5273 7213 4954
f 7212 5394 4953
f 5272 7212 4953
f 5902 8712 5901
f 3974 3061 7843
f 5858 8668 5857
f 3973 7842 4474
f 3973 3060 7842
f 460 3042 461
f 9967 2770 3053
f 3042 11117 461
f 10630 2500 2498
f 10613 2407 2404
f 5200 3042 460
f 6467 4726 2334
f 6148 9730 5807
f 6159 8049 8921
f 8898 7831 6571
f 6158 8048 8922
f 4988 4925 7721
f 8434 2990 7548
f 9180 8434 7548
f 3842 7548 2990
f 8433 2989 7547
f 9179 8433 7547
f 3841 7547 2989
f 7721 7213 4988
f 4987 4924 7720
f 7720 7212 4987
f 4726 4602 2334
f 6039 438 437
f 6038 457 458
f 6147 9731 5806
f 7870 5317 6040
f 5317 4731 6040
f 8468 4761 2356
f 5166 10984 5184
f 5184 10984 5244
f 8261 10984 3039
f 10984 8261 5244
f 2356 3346 8468
f 2288 8936 2287
f 4763 8470 2359
f 3349 2359 8470
f 4762 8469 2357
f 3347 2357 8469
f 3039 4483 8261
f 4483 2746 8261
f 3109 4728 6357
f 3108 4727 6356
f 8086 7722 7844
f 4952 4925 3233
f 4925 3227 3233
f 4951 4924 3232
f 4924 3226 3232
f 5910 5908 8721
f 5909 5907 8720
f 10631 2475 2472
f 6214 7051 7047
f 10631 6810 6855
f 4905 5298 3368
f 10632 2600 2597
f 2341 5278 4907
f 5278 2341 419
f 2341 420 419
f 10632 6854 6856
f 2340 5277 4906
f 5277 2340 476
f 2340 475 476
f 10633 2980 9573
f 7047 7051 9810
f 6224 7067 7063
f 5007 3023 2760
f 5006 3022 2759
f 3234 3228 4926
f 4926 7706 3234
f 3234 7706 5026
f 2341 4907 3370
f 2340 4906 3369
f 2760 11128 433
f 11128 434 433
f 11128 5101 434
f 2759 11127 462
f 11127 461 462
f 3833 4169 7318
f 11127 5100 461
f 3011 7435 8055
f 7063 7067 9821
f 7435 4485 8055
f 3010 7434 8054
f 3831 4168 7402
f 7434 4484 8054
f 10633 2998 6975
f 3830 4167 7401
f 3081 4764 3203
f 5007 2760 432
f 3829 4165 7398
f 2760 433 432
f 5006 2759 463
f 5136 3170 5253
f 2759 462 463
f 2998 10633 9573
f 3827 4166 7400
f 2980 10633 6975
f 11155 8944 9280
f 3826 4163 7395
f 5253 3170 3075
f 10511 2514 9182
f 3825 4164 7396
f 2514 10511 9178
f 10510 2388 9181
f 6186 7009 7005
f 2388 10510 9177
f 637 9684 5216
f 3824 4162 7394
f 10634 2985 9572
f 10634 3001 6976
f 7005 7009 9781
f 11154 8943 9279
f 6228 7071 7065
f 3822 4160 7392
f 2492 11153 10504
f 11153 7285 10504
f 3821 4159 7391
f 6144 9278 10463
f 6144 10463 9276
f 3820 4157 7388
f 6143 9277 10462
f 6143 10462 9275
f 7065 7071 9822
f 3074 5295 2741
f 3074 2741 5232
f 3818 4158 7390
f 2366 11152 10503
f 3073 5294 2740
f 3817 4156 7387
f 3073 2740 5231
f 11152 7284 10503
f 6194 7017 7011
f 11151 2601 10335
f 11151 10221 2599
f 7011 7017 9785
f 10221 11151 10335
f 2601 11151 2599
f 3814 4155 7386
f 11150 2477 10334
f 11150 10220 2474
f 3813 4151 7379
f 10220 11150 10334
f 2477 11150 2474
f 3812 4154 7382
f 7711 11149 5169
f 11149 3027 5169
f 7073 6233 7075
f 11148 8209 8207
f 11148 9065 9067
f 3811 4150 7378
f 3151 5120 6743
f 7848 6743 7834
f 7075 9829 7073
f 3151 6743 7848
f 3150 5119 6742
f 3809 4152 7380
f 7847 6742 7833
f 3150 6742 7847
f 3808 4148 7375
f 9065 11148 8207
f 8209 11148 9067
f 3807 4149 7376
f 11147 8210 8208
f 11147 9066 9068
f 7043 6212 7045
f 5414 4757 7863
f 3370 4757 5414
f 3806 4147 7374
f 5413 4756 7862
f 3369 4756 5413
f 7045 9808 7043
f 412 11115 411
f 9066 11147 8208
f 3804 4145 7372
f 11112 5298 475
f 5412 11112 474
f 3803 4144 7371
f 474 11112 475
f 8210 11147 9068
f 3802 4142 7368
f 11146 2372 6745
f 11146 6753 10629
f 7053 6218 7055
f 6753 11146 6745
f 2372 11146 10629
f 3800 4143 7370
f 11145 2498 6746
f 5079 4999 4439
f 3799 4140 7365
f 11085 257 10520
f 8004 10979 2854
f 3798 4141 7366
f 8003 10978 2847
f 10507 10657 3097
f 7055 9815 7053
f 11145 6754 10630
f 10506 10656 3096
f 3797 4139 7364
f 6754 11145 6746
f 10507 4730 3011
f 6190 7013 7007
f 2498 11145 10630
f 9554 11194 9411
f 3795 4137 7362
f 8256 4972 5435
f 4972 8256 6581
f 2780 8256 5435
f 4730 7435 3011
f 8255 4971 5434
f 4971 8255 6580
f 2779 8255 5434
f 10506 4729 3010
f 3794 4136 7361
f 11144 5659 5769
f 5659 11144 5657
f 3793 4134 7358
f 4729 7434 3010
f 5475 11144 5769
f 7007 7013 9782
f 4475 10105 5655
f 5655 3974 4475
f 3791 4135 7360
f 4474 10104 5654
f 5654 3973 4474
f 3974 5655 4177
f 3790 4130 7353
f 3977 11194 3975
f 3973 5654 4176
f 11143 5658 5768
f 3789 4133 7356
f 8254 4991 2313
f 4991 8254 5085
f 2290 8254 2313
f 8253 4990 2293
f 4990 8253 5084
f 2231 8253 2293
f 431 5103 5007
f 5007 432 431
f 7021 6200 7023
f 5658 11143 5656
f 5474 11143 5768
f 3788 4129 7352
f 464 5102 5006
f 5006 463 464
f 7023 9793 7021
f 6393 11142 8923
f 10444 11142 8506
f 3786 4131 7354
f 5473 9711 5235
f 9711 8898 5235
f 3785 4125 7347
f 5145 5078 428
f 5144 5077 467
f 3784 4128 7350
f 6365 5334 5655
f 5334 4177 5655
f 11180 3093 3078
f 6364 5333 5654
f 5333 4176 5654
f 3783 4124 7346
f 9838 5477 5475
f 5475 8771 9838
f 11180 5081 8079
f 3394 9838 8771
f 9837 5476 5474
f 3781 4126 7348
f 5474 8770 9837
f 3393 9837 8770
f 3780 4122 7343
f 7850 5380 8447
f 5380 2749 8447
f 3779 4123 7344
f 11142 10444 8923
f 11142 6393 8506
f 5081 11180 3078
f 3285 11141 5282
f 3093 11180 8079
f 3778 4121 7342
f 5459 11141 3274
f 11141 5459 5282
f 11179 3092 3077
f 4989 4926 3228
f 11141 3285 3274
f 3777 4119 7340
f 3310 2347 413
f 10459 8920 8926
f 11179 5080 8078
f 3309 2346 482
f 10459 8926 2604
f 3775 4117 7338
f 2345 3308 482
f 10477 9552 6038
f 3774 4116 7337
f 9932 5583 5582
f 3001 10634 9572
f 3773 4114 7334
f 2985 10634 6976
f 9931 5539 5538
f 5080 11179 3077
f 10635 3377 8953
f 9732 6604 8919
f 3771 4115 7336
f 11140 2855 10981
f 9840 5479 5477
f 3770 4113 7333
f 5477 8773 9840
f 3092 11179 8078
f 5585 11178 11103
f 9839 5478 5476
f 5476 8772 9839
f 5773 11178 8733
f 11178 5773 11103
f 11178 5585 8733
f 3767 4112 7332
f 5584 11177 11102
f 5772 11177 8732
f 3766 4111 7329
f 11177 5772 11102
f 11177 5584 8732
f 7317 11191 7323
f 5477 11176 5475
f 9842 5485 5483
f 11191 3862 7323
f 5483 8779 9842
f 3398 9842 8779
f 3763 4110 7328
f 9841 5484 5482
f 5482 8778 9841
f 3762 4108 7323
f 3397 9841 8778
f 9844 5487 5485
f 3761 4109 7324
f 5485 8781 9844
f 3400 9844 8781
f 3760 4107 7317
f 9843 5486 5484
f 5484 8780 9843
f 5476 11175 5474
f 3399 9843 8780
f 9930 5582 5581
f 3751 4102 7322
f 5581 8875 9930
f 3487 9930 8875
f 3834 4171 7314
f 9888 5538 5537
f 5537 8833 9888
f 3759 4106 7313
f 3444 9888 8833
f 9846 5489 5487
f 2364 11174 3613
f 5487 8783 9846
f 3402 9846 8783
f 3750 4100 7321
f 9845 5488 5486
f 5486 8782 9845
f 3835 4170 7310
f 3401 9845 8782
f 9929 5581 5580
f 3758 4104 7309
f 5580 8874 9929
f 3486 9929 8874
f 8951 11174 10487
f 9887 5537 5536
f 5536 8832 9887
f 11174 8951 3613
f 3443 9887 8832
f 9928 5580 5579
f 3836 4172 7306
f 5579 8873 9928
f 3485 9928 8873
f 3757 4105 7305
f 9927 5579 5578
f 5578 8872 9927
f 3748 4098 7316
f 3484 9927 8872
f 9926 5578 5577
f 3747 4097 7315
f 5577 8871 9926
f 3483 9926 8871
f 3837 4173 7302
f 9925 5577 5576
f 5576 8870 9925
f 3756 4103 7301
f 3482 9925 8870
f 9924 5576 5575
f 11174 2364 10487
f 5575 8869 9924
f 3481 9924 8869
f 2489 11173 3614
f 9923 5575 5574
f 5574 8868 9923
f 3744 4096 7308
f 3480 9923 8868
f 9922 5574 5573
f 3743 4095 7307
f 5573 8867 9922
f 3479 9922 8867
f 9921 5573 5572
f 5572 8866 9921
f 3478 9921 8866
f 9920 5572 5571
f 5571 8865 9920
f 3477 9920 8865
f 9919 5571 5570
f 5570 8864 9919
f 8936 6163 6398
f 11140 7995 7996
f 3476 9919 8864
f 9918 5570 5569
f 8935 6162 6397
f 7995 11140 10981
f 5569 8863 9918
f 3475 9918 8863
f 9917 5569 5568
f 5568 8862 9917
f 3474 9917 8862
f 9916 5568 5567
f 5567 8861 9916
f 3742 4094 7304
f 3473 9916 8861
f 9915 5567 5566
f 3741 4093 7303
f 5566 8860 9915
f 3472 9915 8860
f 9914 5566 5565
f 5565 8859 9914
f 3471 9914 8859
f 9913 5565 5564
f 5564 8858 9913
f 8258 4303 7211
f 3470 9913 8858
f 8257 4302 7210
f 8258 6726 5397
f 2608 8258 5397
f 8257 6725 5396
f 2482 8257 5396
f 9912 5564 5563
f 5563 8857 9912
f 3469 9912 8857
f 9911 5563 5562
f 5562 8856 9911
f 3468 9911 8856
f 9910 5562 5561
f 5561 8855 9910
f 3467 9910 8855
f 9909 5561 5560
f 5560 8854 9909
f 3466 9909 8854
f 9908 5560 5559
f 5559 8853 9908
f 3465 9908 8853
f 9907 5559 5558
f 5558 8852 9907
f 3464 9907 8852
f 9906 5558 5557
f 5557 8851 9906
f 3463 9906 8851
f 9905 5557 5556
f 8952 11173 10488
f 5556 8850 9905
f 3462 9905 8850
f 11173 8952 3614
f 9904 5556 5555
f 5555 8849 9904
f 3461 9904 8849
f 9903 5555 5554
f 5554 8848 9903
f 3460 9903 8848
f 9902 5554 5553
f 5553 8847 9902
f 3459 9902 8847
f 9901 5553 5552
f 5552 8846 9901
f 3458 9901 8846
f 9900 5552 5551
f 5551 8845 9900
f 3457 9900 8845
f 2855 11140 7996
f 11139 2848 10980
f 9899 5551 5550
f 11139 7950 7951
f 7950 11139 10980
f 5550 8844 9899
f 9567 6341 9396
f 3456 9899 8844
f 3718 9567 9396
f 9898 5550 5549
f 5549 8843 9898
f 3455 9898 8843
f 8252 4469 7103
f 8252 5227 3013
f 5227 8252 7103
f 8251 4468 7102
f 8251 5226 3012
f 5226 8251 7102
f 8250 3127 3121
f 8250 5046 3123
f 5046 8250 3121
f 3127 8250 3123
f 8249 3126 3120
f 8249 5045 3122
f 5045 8249 3120
f 3126 8249 3122
f 9566 6340 9395
f 3717 9566 9395
f 9938 9394 6339
f 9897 5549 5548
f 5548 8842 9897
f 9937 9393 6338
f 3454 9897 8842
f 9896 5548 5547
f 5547 8841 9896
f 2848 11139 7951
f 3097 11138 3095
f 3453 9896 8841
f 6601 11138 10657
f 11138 6601 3095
f 11138 3097 10657
f 3096 11137 3094
f 9895 5547 5546
f 6600 11137 10656
f 5546 8840 9895
f 2316 8248 5285
f 8248 5011 5285
f 2315 8247 5284
f 8247 5010 5284
f 3452 9895 8840
f 9894 5546 5545
f 11137 6600 3094
f 11137 3096 10656
f 4904 8244 4766
f 4903 8243 4765
f 5545 8839 9894
f 11136 3019 9968
f 11136 8020 6974
f 3451 9894 8839
f 7721 7697 2330
f 9893 5545 5544
f 5544 8838 9893
f 3450 9893 8838
f 7720 7696 2329
f 9892 5544 5543
f 10636 3378 8954
f 5066 8242 4950
f 8242 5066 3113
f 8242 3125 4950
f 5065 8241 4949
f 8241 5065 3112
f 8241 3124 4949
f 479 3303 480
f 3302 416 415
f 5543 8837 9892
f 3301 479 480
f 8020 11136 9968
f 3449 9892 8837
f 3019 11136 6974
f 9891 5543 5542
f 9971 6391 7875
f 5542 8836 9891
f 9553 6357 439
f 3448 9891 8836
f 9890 5542 5541
f 11135 3018 9969
f 11135 8019 6973
f 10637 2376 10531
f 5541 8835 9890
f 3447 9890 8835
f 9889 5541 5540
f 4972 8240 5076
f 4971 8239 5075
f 8019 11135 9969
f 3018 11135 6973
f 10637 6757 10533
f 9552 6356 456
f 5257 5057 3078
f 5540 8834 9889
f 11134 256 9966
f 11134 10520 257
f 6757 10637 10531
f 5256 5056 3077
f 5055 5258 3076
f 3446 9889 8834
f 8238 5239 2312
f 2289 8238 2312
f 8237 5238 2294
f 2232 8237 2294
f 10520 11134 9966
f 256 11134 257
f 11133 3140 3076
f 11133 4905 3056
f 2771 8236 5250
f 4973 8236 3304
f 8236 4973 5250
f 8236 2771 3304
f 4905 11133 3076
f 8235 4915 4457
f 2376 10637 10533
f 3140 11133 3056
f 8234 4914 4456
f 11132 2855 8625
f 10638 2501 10532
f 10638 6758 10534
f 6758 10638 10532
f 2501 10638 10534
f 11132 8713 5902
f 8713 11132 8625
f 2468 10639 10549
f 9886 5536 5535
f 5535 8831 9886
f 3442 9886 8831
f 2855 11132 5902
f 11131 2848 8624
f 6808 10639 10551
f 10639 6808 10549
f 9885 5535 5534
f 5534 8830 9885
f 11131 8669 5858
f 8669 11131 8624
f 10639 2468 10551
f 3441 9885 8830
f 9884 5534 5533
f 5533 8829 9884
f 2848 11131 5858
f 2974 11130 8729
f 2317 8228 5130
f 5002 8228 5039
f 8228 5002 5130
f 2319 8227 5131
f 5003 8227 5040
f 8227 5003 5131
f 2593 10640 10550
f 3952 8283 5801
f 3951 8282 5800
f 3440 9884 8829
f 8625 11130 2973
f 11130 8625 8729
f 6852 10640 10552
f 9883 5533 5532
f 5532 8828 9883
f 3439 9883 8828
f 8226 4968 4964
f 8225 4967 4963
f 11130 2974 2973
f 2915 11129 8728
f 10640 6852 10550
f 8491 5020 8906
f 8624 11129 2914
f 9882 5532 5531
f 11129 8624 8728
f 11129 2915 2914
f 10640 2593 10552
f 2404 10641 10613
f 8490 5019 8905
f 5531 8827 9882
f 6776 10641 10615
f 10641 6776 10613
f 10641 2404 10615
f 10642 2464 10581
f 3581 8862 3473
f 3438 9882 8827
f 3580 8861 3472
f 3579 8860 3471
f 10642 6806 10582
f 2976 8493 5780
f 5468 2976 5780
f 9881 5531 5530
f 3578 8859 3470
f 3577 8858 3469
f 4742 7437 4939
f 2917 8492 5779
f 5467 2917 5779
f 5530 8826 9881
f 3437 9881 8826
f 421 5193 3216
f 3576 8857 3468
f 3575 8856 3467
f 7437 4742 4471
f 6165 8507 6394
f 4743 7438 4940
f 9880 5530 5529
f 3574 8855 3466
f 3573 8854 3465
f 7438 4743 4472
f 3005 8216 7215
f 6806 10642 10581
f 3006 8215 7214
f 6164 8506 6393
f 5529 8825 9880
f 3436 9880 8825
f 11173 2489 10488
f 8212 5099 4964
f 8211 5098 4963
f 9879 5529 5528
f 3572 8853 3464
f 3571 8852 3463
f 2464 10642 10582
f 2529 10643 10614
f 6820 10643 10616
f 5528 8824 9879
f 3570 8851 3462
f 3569 8850 3461
f 2364 9971 7875
f 3568 8849 3460
f 3567 8848 3459
f 3435 9879 8824
f 11172 6467 2332
f 11172 6710 4769
f 9878 5528 5527
f 3566 8847 3458
f 3565 8846 3457
f 2478 8888 6729
f 6355 6390 6241
f 3730 6355 6241
f 5527 8823 9878
f 6354 6389 6240
f 3729 6354 6240
f 3434 9878 8823
f 9877 5527 5526
f 9965 498 5020
f 8888 5917 6729
f 9964 398 5019
f 5526 8822 9877
f 3433 9877 8822
f 3564 8845 3456
f 3563 8844 3455
f 2603 8889 6730
f 9876 5526 5525
f 5525 8821 9876
f 3432 9876 8821
f 3562 8843 3454
f 3561 8842 3453
f 8889 5918 6730
f 7408 3948 7300
f 3839 7408 7300
f 9875 5525 5524
f 3560 8841 3452
f 3559 8840 3451
f 10643 6820 10614
f 7407 3856 7299
f 3754 7407 7299
f 5524 8820 9875
f 3558 8839 3450
f 3557 8838 3449
f 10643 2529 10616
f 3431 9875 8820
f 9874 5524 5523
f 5523 8819 9874
f 3556 8837 3448
f 3555 8836 3447
f 3955 4174 4087
f 3430 9874 8819
f 9873 5523 5522
f 5522 8818 9873
f 3554 8835 3446
f 3956 4175 4088
f 10644 2590 10611
f 3429 9873 8818
f 9872 5522 5521
f 5521 8817 9872
f 2477 9732 8919
f 3548 8833 3443
f 9970 6392 7876
f 3428 9872 8817
f 9871 5521 5520
f 5520 8816 9871
f 3547 8832 3442
f 3546 8831 3441
f 10644 6850 10612
f 3427 9871 8816
f 9870 5520 5519
f 5519 8815 9870
f 2738 7422 5326
f 4429 7422 6352
f 6850 10644 10611
f 3426 9870 8815
f 9869 5519 5518
f 5518 8814 9869
f 3545 8830 3440
f 3544 8829 3439
f 2590 10644 10612
f 3425 9869 8814
f 5387 4992 6568
f 9868 5518 5517
f 3543 8828 3438
f 2739 7423 5327
f 9733 6605 8920
f 5517 8813 9868
f 3424 9868 8813
f 9867 5517 5516
f 3542 8827 3437
f 3541 8826 3436
f 10612 6850 6851
f 5516 8812 9867
f 3423 9867 8812
f 9866 5516 5515
f 4430 7423 6353
f 3540 8825 3435
f 10612 2592 2590
f 3539 8824 3434
f 5515 8811 9866
f 3422 9866 8811
f 3538 8823 3433
f 7424 4454 4440
f 10611 6849 6850
f 9865 5515 5514
f 7425 4455 4441
f 5514 8810 9865
f 3537 8822 3432
f 3536 8821 3431
f 10611 2590 2588
f 5057 2344 3066
f 3421 9865 8810
f 9864 5514 5513
f 3535 8820 3430
f 3534 8819 3429
f 2475 10645 2476
f 5056 2343 3065
f 5513 8809 9864
f 3420 9864 8809
f 3533 8818 3428
f 3532 8817 3427
f 6855 10645 10631
f 2342 5055 3064
f 9863 5513 5512
f 5512 8808 9863
f 3531 8816 3426
f 3530 8815 3425
f 10610 6848 6849
f 3419 9863 8808
f 3529 8814 3424
f 9862 5512 5511
f 3528 8813 3423
f 3527 8812 3422
f 10645 6855 2476
f 5511 8807 9862
f 10793 8489 8900
f 3418 9862 8807
f 6710 11172 2332
f 6467 11172 4769
f 9861 5511 5510
f 5510 8806 9861
f 10792 8488 8899
f 10645 2475 10631
f 3417 9861 8806
f 6402 4096 6167
f 4096 3744 6167
f 6401 4095 6166
f 4095 3743 6166
f 6864 8283 3952
f 3972 6864 3952
f 6863 8282 3951
f 3971 6863 3951
f 3526 8811 3421
f 3525 8810 3420
f 9860 5510 5509
f 5509 8805 9860
f 3416 9860 8805
f 3524 8809 3419
f 9859 5509 5508
f 5508 8804 9859
f 3523 8808 3418
f 5159 412 411
f 3317 5159 411
f 3415 9859 8804
f 5159 3310 412
f 5158 483 484
f 3315 5158 484
f 9858 5508 5507
f 5158 3309 483
f 483 5157 484
f 5157 3318 484
f 5507 8803 9858
f 3308 5157 483
f 4177 2796 3954
f 5334 2796 4177
f 4176 2795 3953
f 5333 2795 4176
f 3414 9858 8803
f 9857 5507 5506
f 5506 8802 9857
f 3413 9857 8802
f 10610 2588 2586
f 2600 10646 2602
f 9961 5786 3734
f 9961 4297 5786
f 3958 9961 3734
f 9960 5785 3733
f 9960 4296 5785
f 3957 9960 3733
f 7298 3740 9975
f 3738 7298 9975
f 7297 3739 9974
f 3737 7297 9974
f 4470 6710 7432
f 6390 7671 8014
f 6241 6390 8014
f 6389 7670 8013
f 6240 6389 8013
f 9856 5506 5505
f 5505 8801 9856
f 3412 9856 8801
f 9855 5505 5504
f 11171 3728 11155
f 5504 8800 9855
f 3411 9855 8800
f 6856 10646 10632
f 9854 5504 5503
f 10477 6038 3088
f 5503 8799 9854
f 3410 9854 8799
f 9853 5503 5502
f 6400 4094 6163
f 4094 3742 6163
f 6399 4093 6162
f 4093 3741 6162
f 5502 8798 9853
f 3522 8807 3417
f 3409 9853 8798
f 9852 5502 5501
f 10106 4473 5791
f 5501 8797 9852
f 3408 9852 8797
f 5395 7721 2330
f 5394 7720 2329
f 9851 5501 5500
f 5500 8796 9851
f 3407 9851 8796
f 9850 5500 5499
f 5499 8795 9850
f 3406 9850 8795
f 10474 4185 5809
f 4185 10474 6866
f 10473 4184 5808
f 4184 10473 6865
f 8284 4477 3064
f 9849 5499 5498
f 5498 8794 9849
f 6743 3011 8055
f 3405 9849 8794
f 6742 3010 8054
f 9848 5498 5497
f 11171 9280 8105
f 9280 11171 11155
f 10327 2499 8918
f 10326 2374 8917
f 3728 11171 8105
f 5172 3140 3082
f 4477 3140 5172
f 3140 3056 3082
f 4763 5262 9965
f 5497 8793 9848
f 3404 9848 8793
f 4762 5261 9964
f 9847 5497 5496
f 5496 8792 9847
f 3403 9847 8792
f 5260 4761 9966
f 2489 9970 7876
f 10646 6856 2602
f 10646 2600 10632
f 7300 3949 7302
f 3838 7300 7302
f 7299 3858 7301
f 3755 7299 7301
f 5916 7904 8010
f 10649 5789 3725
f 10649 9562 5592
f 6155 5776 3236
f 7904 3610 8010
f 9562 10649 3725
f 5789 10649 5592
f 5915 7903 8009
f 10650 5790 3726
f 2990 8434 5782
f 10650 9563 5593
f 2601 9733 8920
f 9563 10650 3726
f 5782 3740 2990
f 2989 8433 5781
f 5790 10650 5593
f 7903 3609 8009
f 5781 3739 2989
f 3521 8806 3416
f 2732 9735 6865
f 3520 8805 3415
f 5589 3218 8495
f 9735 6153 6865
f 5588 3217 8494
f 2733 9736 6866
f 9736 6154 6866
f 9737 6597 6713
f 9934 5481 5583
f 9738 6596 6714
f 4958 3307 4450
f 2372 10651 2371
f 3519 8804 3414
f 9933 5480 5539
f 10478 9553 6039
f 8420 2991 5801
f 3001 8420 5801
f 10478 6039 3089
f 7433 2747 5178
f 8419 2988 5800
f 2998 8419 5800
f 2753 5178 2747
f 4957 3306 4449
f 3518 8803 3413
f 2337 7722 8086
f 3517 8802 3412
f 3516 8801 3411
f 5157 3308 4890
f 9836 5585 5481
f 4890 3149 5157
f 5481 8775 9836
f 3488 9836 8775
f 3310 5159 4892
f 3151 4892 5159
f 9835 5584 5480
f 5480 8774 9835
f 3309 5158 4891
f 3445 9835 8774
f 3150 4891 5158
f 7698 10651 7694
f 5144 8466 4987
f 4987 8466 3226
f 3515 8800 3410
f 3514 8799 3409
f 3513 8798 3408
f 7308 3844 7304
f 3512 8797 3407
f 3744 7308 7304
f 7307 3843 7303
f 4925 4988 3227
f 3743 7307 7303
f 7312 3846 7308
f 3511 8796 3406
f 3746 7312 7308
f 7311 3845 7307
f 5145 8467 4988
f 3745 7311 7307
f 7316 3848 7312
f 4924 4987 3226
f 3748 7316 7312
f 7315 3847 7311
f 3510 8795 3405
f 3747 7315 7311
f 7306 3946 7310
f 4988 8467 3227
f 3836 7306 7310
f 7305 3860 7309
f 3509 8794 3404
f 3757 7305 7309
f 7320 3850 7316
f 3508 8793 3403
f 11170 3727 11154
f 7319 3849 7315
f 9947 5274 4603
f 3749 7319 7315
f 7310 3944 7314
f 4998 5103 430
f 3835 7310 7314
f 11189 4827 7149
f 4998 430 429
f 3758 7309 7313
f 7404 3852 7320
f 4997 5102 465
f 11170 9279 8106
f 7321 3851 7319
f 4997 465 466
f 3750 7321 7319
f 7314 3945 7318
f 5104 4999 465
f 3834 7314 7318
f 11189 7150 4828
f 465 4999 466
f 3759 7313 7317
f 7403 3854 7404
f 3968 4432 5202
f 3752 7403 7404
f 7322 3853 7321
f 5202 4432 436
f 3751 7322 7321
f 7318 3943 7402
f 437 4432 6039
f 3833 7318 7402
f 2767 11193 7711
f 4432 437 436
f 3760 7317 7323
f 7402 3942 7398
f 3967 4431 5201
f 3831 7402 7398
f 5112 11193 5173
f 5201 4431 459
f 3830 7401 7399
f 7400 3940 7396
f 458 4431 6038
f 3827 7400 7396
f 7399 3939 7403
f 4431 458 459
f 3832 7399 7403
f 7398 3938 7400
f 10651 7698 2371
f 3829 7398 7400
f 7397 3937 7401
f 10651 2372 7694
f 3828 7397 7401
f 7396 3936 7394
f 2739 9741 7423
f 3825 7396 7394
f 7395 3935 7397
f 5095 3053 2770
f 3826 7395 7397
f 7394 3934 7392
f 7560 5109 5183
f 3824 7394 7392
f 11205 10514 8285
f 2498 10652 2496
f 9279 11170 11154
f 7392 3932 7388
f 7699 10652 7695
f 3822 7392 7388
f 7391 3931 7389
f 9741 6353 7423
f 3821 7391 7389
f 7390 3930 7384
f 10652 7699 2496
f 3818 7390 7384
f 7389 3929 7393
f 3823 7389 7393
f 7388 3928 7390
f 3820 7388 7390
f 7387 3927 7385
f 4759 8104 4482
f 4758 8103 4481
f 3500 8785 3402
f 3817 7387 7385
f 7386 3926 7382
f 3499 8784 3401
f 3814 7386 7382
f 7385 3925 7391
f 3727 11170 8106
f 3819 7385 7391
f 7384 3924 7386
f 5066 8100 4940
f 8100 5066 7673
f 8100 2739 4940
f 3231 2797 419
f 5065 8099 4939
f 8099 5065 7672
f 8099 2738 4939
f 3816 7384 7386
f 7383 3923 7387
f 419 2797 418
f 3815 7383 7387
f 7382 3922 7378
f 5102 464 465
f 3812 7382 7378
f 11193 5112 7711
f 3582 8863 3474
f 11169 2975 2974
f 7380 3920 7376
f 5103 431 430
f 3809 7380 7376
f 7379 3919 7383
f 3583 8864 3475
f 3813 7379 7383
f 8096 3970 6709
f 8096 4430 6353
f 4430 8096 6709
f 7378 3918 7380
f 8095 3969 6708
f 8095 4429 6352
f 4429 8095 6708
f 464 5104 465
f 8094 3050 7691
f 8094 4754 5030
f 4754 8094 7691
f 8093 3049 7690
f 8093 4753 5029
f 4753 8093 7690
f 3811 7378 7380
f 11193 2767 5173
f 3584 8865 3476
f 3810 7377 7381
f 7376 3916 7374
f 11169 8729 7287
f 3807 7376 7374
f 7375 11207 7377
f 7713 7838 5273
f 3808 7375 7377
f 7374 3914 7372
f 7838 3085 5117
f 3806 7374 7372
f 8092 4901 5147
f 2321 8092 5147
f 8091 4902 5148
f 2323 8091 5148
f 7373 3913 7375
f 7713 3085 7838
f 8729 11169 2974
f 7372 3912 7368
f 7712 7837 5272
f 3804 7372 7368
f 3008 8090 7292
f 3970 8090 6709
f 8090 3970 7292
f 7371 3911 7369
f 3007 8089 7291
f 3969 8089 6708
f 8089 3969 7291
f 7837 3084 5116
f 3803 7371 7369
f 7370 3910 7366
f 7712 3084 7837
f 3800 7370 7366
f 7369 3909 7373
f 9289 10109 2860
f 3805 7369 7373
f 7368 3908 7370
f 10494 9289 5810
f 3802 7368 7370
f 7367 3907 7371
f 10109 9289 8620
f 3801 7367 7371
f 7366 3906 7364
f 9289 10494 8620
f 8083 4741 3137
f 3080 8083 3137
f 8082 4740 3136
f 3079 8082 3136
f 3798 7366 7364
f 7365 3905 7367
f 10652 2498 7695
f 3799 7365 7367
f 7364 3904 7362
f 9290 10110 2919
f 3797 7364 7362
f 7363 3903 7365
f 2738 9742 7422
f 2975 11169 7287
f 7362 3902 7358
f 10495 9290 5811
f 8077 3058 5143
f 8077 4773 4469
f 4773 8077 5143
f 8076 3057 5142
f 8076 4772 4468
f 4772 8076 5142
f 3795 7362 7358
f 8075 5091 5367
f 7361 3901 7359
f 3014 8075 5367
f 3794 7361 7359
f 10110 9290 8621
f 7360 3900 7356
f 3791 7360 7356
f 9290 10495 8621
f 7359 3899 7363
f 3796 7359 7363
f 4594 9703 5602
f 7358 3898 7360
f 3793 7358 7360
f 4595 9704 5603
f 7357 3897 7361
f 3792 7357 7361
f 3498 8783 3400
f 3497 8782 3399
f 8071 4446 4427
f 7356 3896 7352
f 8070 4445 4426
f 3789 7356 7352
f 3496 8781 3398
f 7355 3895 7353
f 11168 2916 2915
f 3495 8780 3397
f 7354 3894 7350
f 3786 7354 7350
f 3494 8779 3396
f 7353 3893 7357
f 3790 7353 7357
f 3493 8778 3395
f 7352 3892 7354
f 3788 7352 7354
f 10514 11205 8899
f 3787 7351 7355
f 7350 3890 7346
f 3784 7350 7346
f 11192 7349 7345
f 11168 8728 7286
f 8728 11168 2915
f 461 11117 462
f 7348 3888 7344
f 3781 7348 7344
f 2916 11168 7286
f 7347 3887 7351
f 3785 7347 7351
f 2335 4769 6710
f 7346 3886 7348
f 3783 7346 7348
f 3042 7850 11117
f 3885 11192 7345
f 3782 7345 7349
f 7344 3884 7342
f 3779 7344 7342
f 7343 3883 7345
f 3070 8066 3041
f 3069 8065 3040
f 3780 7343 7345
f 7342 3882 7340
f 3778 7342 7340
f 11191 3861 3862
f 401 5455 12
f 2250 11167 7020
f 7340 3880 7338
f 5455 401 5263
f 3777 7340 7338
f 7339 3879 7341
f 8442 3163 5072
f 4771 8442 5072
f 8441 3162 5071
f 4770 8441 5071
f 7022 11167 2251
f 7338 3878 7334
f 3775 7338 7334
f 7337 3877 7335
f 8447 11117 7850
f 9742 6352 7422
f 5455 642 12
f 11126 4423 8224
f 11126 4745 4299
f 3490 8773 3394
f 3774 7337 7335
f 3489 8772 3393
f 3392 8771 3390
f 7336 3876 7330
f 3391 8770 3389
f 4745 11126 8224
f 4423 11126 4299
f 9737 6713 6385
f 3611 9737 6385
f 9738 6714 6386
f 3612 9738 6386
f 3771 7336 7330
f 7335 3875 7339
f 3776 7335 7339
f 2733 10096 7710
f 10096 2733 6866
f 7334 3874 7336
f 2732 10095 7709
f 3773 7334 7336
f 10095 2732 6865
f 11125 4422 8223
f 11125 4744 4298
f 7333 3873 7331
f 4744 11125 8223
f 4422 11125 4298
f 6579 8271 8036
f 8271 3614 8036
f 6578 8270 8035
f 8270 3613 8035
f 3770 7333 7331
f 7332 3872 7326
f 3730 3710 5599
f 3767 7332 7326
f 7331 3871 7337
f 3772 7331 7337
f 3729 3663 5598
f 10219 6583 8895
f 7330 3870 7332
f 10218 6582 8894
f 3769 7330 7332
f 7329 3869 7327
f 3766 7329 7327
f 11191 7317 7313
f 3763 7328 7324
f 7327 3867 7333
f 3768 7327 7333
f 3861 11191 7313
f 3765 7326 7328
f 8098 11124 7857
f 9412 11124 9555
f 11124 9412 7857
f 11124 8098 9555
f 7325 3865 7329
f 8097 11123 7856
f 2502 10215 8893
f 9411 11123 9554
f 3764 7325 7329
f 2377 10214 8892
f 11123 9411 7856
f 11123 8097 9554
f 637 11122 9684
f 8067 11122 639
f 11122 8067 9684
f 11122 637 639
f 11119 5811 8921
f 11119 8049 2853
f 8049 11119 8921
f 5811 11119 2853
f 11118 5810 8922
f 11118 8048 2846
f 8048 11118 8922
f 5810 11118 2846
f 8623 5586 3385
f 8047 4607 3086
f 8622 5587 3386
f 6750 5210 3013
f 5210 6750 6373
f 6749 5209 3012
f 8046 2859 4182
f 5209 6749 6372
f 8045 2918 4183
f 6735 4605 6381
f 8044 3004 4434
f 6734 4604 6380
f 8043 3003 4433
f 2919 6732 5793
f 11116 5127 4923
f 5127 11116 7844
f 2860 6731 5792
f 8217 11114 8209
f 9678 11114 9682
f 11114 9678 8209
f 11114 8217 9682
f 8218 11113 8210
f 8041 3111 7892
f 4444 8041 7892
f 8040 3110 7891
f 4443 8040 7891
f 9679 11113 9683
f 11113 9679 8210
f 11113 8218 9683
f 5453 254 9
f 11111 6367 3608
f 11111 8049 6159
f 8050 11110 3607
f 6367 11111 6159
f 11110 6366 3607
f 11110 8048 6158
f 8051 8049 11111
f 6366 11110 6158
f 11109 5601 3724
f 11109 9422 3726
f 9422 11109 3724
f 5601 11109 3726
f 11108 5600 3723
f 11108 9421 3725
f 9421 11108 3723
f 5600 11108 3725
f 2493 11107 10783
f 8908 11107 8928
f 11107 8908 10783
f 11107 2493 8928
f 2368 11106 10782
f 8907 11106 8927
f 11106 8907 10782
f 11106 2368 8927
f 11167 7022 7020
f 11167 2250 2251
f 2269 11166 7062
f 7060 11166 2271
f 11105 5481 11103
f 5767 11105 11103
f 11104 5480 11102
f 5722 11104 11102
f 11103 5661 5767
f 11102 5660 5722
f 11101 2369 6971
f 6984 11101 6971
f 11100 2494 6972
f 6985 11100 6972
f 2603 6730 2606
f 2478 6729 2481
f 2978 6724 2780
f 2977 6723 2779
f 6722 5255 3015
f 5255 6722 5796
f 6721 5254 3014
f 5254 6721 5797
f 5597 8497 5595
f 8497 5597 8485
f 5596 8496 5594
f 8496 5596 8484
f 5589 8495 8485
f 5588 8494 8484
f 6573 4717 6037
f 6572 4716 6036
f 2492 11099 10990
f 2493 11099 10504
f 11099 2493 10990
f 11099 2492 10504
f 2366 11098 10989
f 2368 11098 10503
f 11098 2368 10989
f 11098 2366 10503
f 5582 11097 11089
f 5766 11097 10988
f 11097 5766 11089
f 11097 5582 10988
f 5538 11096 11088
f 5721 11096 10987
f 11096 5721 11088
f 11096 5538 10987
f 11095 5541 11038
f 11095 5724 11037
f 5724 11095 11038
f 5541 11095 11037
f 11094 5497 10998
f 11094 5679 10997
f 5679 11094 10998
f 5497 11094 10997
f 11093 5763 11076
f 5580 11093 11076
f 11092 5718 11036
f 5536 11092 11036
f 5765 11089 5766
f 5720 11088 5721
f 6574 4654 6091
f 2342 5264 3303
f 2342 3303 2809
f 4430 6709 4749
f 4429 6708 4748
f 6575 4699 6136
f 11166 7060 7062
f 11166 2269 2271
f 11087 5479 5483
f 11087 5665 5663
f 11086 5478 5482
f 11086 5664 5662
f 11085 5215 260
f 257 11085 260
f 11084 5483 5485
f 11084 5667 5665
f 11083 5482 5484
f 11083 5666 5664
f 11082 5485 5487
f 11082 5669 5667
f 11081 5484 5486
f 11081 5668 5666
f 11080 5487 5489
f 11080 5671 5669
f 11079 5486 5488
f 11079 5670 5668
f 11078 5489 5491
f 11078 5673 5671
f 11077 5488 5490
f 11077 5672 5670
f 11076 5579 5580
f 11076 5763 5762
f 11075 5578 5579
f 11075 5762 5761
f 11074 5577 5578
f 11074 5761 5760
f 11073 5576 5577
f 11073 5760 5759
f 11072 5575 5576
f 11072 5759 5758
f 11071 5574 5575
f 11071 5758 5757
f 11070 5573 5574
f 11070 5757 5756
f 11069 5572 5573
f 11069 5756 5755
f 11068 5571 5572
f 11068 5755 5754
f 11067 5570 5571
f 11067 5754 5753
f 11066 5569 5570
f 11066 5753 5752
f 11065 5568 5569
f 11065 5752 5751
f 11064 5567 5568
f 11064 5751 5750
f 11063 5566 5567
f 11063 5750 5749
f 11062 5565 5566
f 11062 5749 5748
f 11061 5564 5565
f 11061 5748 5747
f 11060 5563 5564
f 11060 5747 5746
f 11059 5562 5563
f 11059 5746 5745
f 11058 5561 5562
f 11058 5745 5744
f 11057 5560 5561
f 11057 5744 5743
f 11056 5559 5560
f 11056 5743 5742
f 11055 5558 5559
f 11055 5742 5741
f 11054 5557 5558
f 387 11205 8285
f 3761 7324 7322
f 7323 3863 7325
f 3762 7323 7325
f 6741 9750 8930
f 9750 3958 8930
f 6740 9749 8929
f 9749 3957 8929
f 4094 6167 3744
f 4093 6166 3743
f 11054 5741 5740
f 11053 5556 5557
f 11053 5740 5739
f 7302 3947 7306
f 11052 5555 5556
f 3837 7302 7306
f 11052 5739 5738
f 7301 3857 7305
f 3756 7301 7305
f 11051 5554 5555
f 11051 5738 5737
f 11050 5553 5554
f 11050 5737 5736
f 11049 5552 5553
f 11049 5736 5735
f 11048 5551 5552
f 11048 5735 5734
f 11047 5550 5551
f 11047 5734 5733
f 11046 5549 5550
f 11046 5733 5732
f 11045 5548 5549
f 11045 5732 5731
f 11044 5547 5548
f 11044 5731 5730
f 11043 5546 5547
f 11043 5730 5729
f 11042 5545 5546
f 11042 5729 5728
f 11041 5544 5545
f 11041 5728 5727
f 11040 5543 5544
f 11040 5727 5726
f 11039 5542 5543
f 11039 5726 5725
f 11038 5541 5542
f 11038 5725 5724
f 11037 5540 5541
f 11037 5724 5723
f 11036 5535 5536
f 11036 5718 5717
f 11035 5534 5535
f 11035 5717 5716
f 11034 5533 5534
f 11034 5716 5715
f 11033 5532 5533
f 11033 5715 5714
f 11032 5531 5532
f 11032 5714 5713
f 11031 5530 5531
f 11031 5713 5712
f 11030 5529 5530
f 11030 5712 5711
f 11029 5528 5529
f 11029 5711 5710
f 11028 5527 5528
f 11028 5710 5709
f 11027 5526 5527
f 11027 5709 5708
f 11026 5525 5526
f 11026 5708 5707
f 11025 5524 5525
f 11025 5707 5706
f 11024 5523 5524
f 11024 5706 5705
f 11023 5522 5523
f 11023 5705 5704
f 11022 5521 5522
f 11022 5704 5703
f 11021 5520 5521
f 11021 5703 5702
f 11020 5519 5520
f 11020 5702 5701
f 11019 5518 5519
f 11019 5701 5700
f 11018 5517 5518
f 11018 5700 5699
f 11017 5516 5517
f 11017 5699 5698
f 11016 5515 5516
f 11016 5698 5697
f 11015 5514 5515
f 11015 5697 5696
f 11014 5513 5514
f 11014 5696 5695
f 11013 5512 5513
f 11013 5695 5694
f 11012 5511 5512
f 11012 5694 5693
f 11011 5510 5511
f 11011 5693 5692
f 11010 5509 5510
f 11010 5692 5691
f 11009 5508 5509
f 11009 5691 5690
f 11008 5507 5508
f 11008 5690 5689
f 11007 5506 5507
f 11007 5689 5688
f 11006 5505 5506
f 11006 5688 5687
f 11005 5504 5505
f 11005 5687 5686
f 11004 5503 5504
f 11004 5686 5685
f 11003 5502 5503
f 11003 5685 5684
f 11002 5501 5502
f 11002 5684 5683
f 11001 5500 5501
f 11001 5683 5682
f 11000 5499 5500
f 11000 5682 5681
f 2253 11165 7030
f 10999 5498 5499
f 10999 5681 5680
f 7028 11165 2255
f 10998 5497 5498
f 10998 5680 5679
f 7294 2920 8621
f 4970 6596 5787
f 5470 8621 2920
f 7293 2861 8620
f 6596 4970 2844
f 5469 8620 2861
f 10997 5496 5497
f 10997 5679 5678
f 10996 5495 5540
f 10996 5723 5677
f 10995 5494 5496
f 10995 5678 5676
f 7414 2924 8725
f 10994 5491 5493
f 10994 5675 5673
f 7413 2865 8724
f 10993 5490 5492
f 10993 5674 5672
f 10992 5493 5495
f 10992 5677 5675
f 10991 5492 5494
f 10991 5676 5674
f 10990 8910 2492
f 10989 8909 2366
f 5583 10988 5582
f 5539 10987 5538
f 4969 6597 5788
f 6597 4969 2843
f 6598 4744 6346
f 6599 4745 6347
f 4598 6604 4532
f 4599 6605 4578
f 8484 10514 8496
f 10514 8484 8494
f 10986 8946 5814
f 2845 9747 5798
f 10985 8945 5813
f 494 5453 9
f 10984 5166 3039
f 8950 10983 5916
f 10983 8950 8948
f 10983 5914 5916
f 8949 10982 5915
f 10982 8949 8947
f 10982 5913 5915
f 10981 7994 7995
f 10981 5902 5901
f 10980 7949 7950
f 10980 5858 5857
f 10979 8004 8002
f 10978 8003 8001
f 10977 7906 7952
f 10977 5859 5904
f 10976 7905 7907
f 10976 5815 5903
f 10975 7954 7955
f 10975 5862 5861
f 10974 7909 7910
f 10974 5818 5817
f 10973 7953 7954
f 10973 5861 5860
f 10972 7908 7909
f 10972 5817 5816
f 10971 8000 7998
f 10971 5906 5908
f 10970 7999 7997
f 10970 5905 5907
f 10969 7956 7957
f 7304 3842 7298
f 10969 5864 5863
f 3742 7304 7298
f 7303 3841 7297
f 10968 7911 7912
f 3741 7303 7297
f 10968 5820 5819
f 10967 7958 7959
f 10967 5866 5865
f 7101 8086 7844
f 10966 7913 7914
f 10966 5822 5821
f 5453 494 5260
f 10965 7960 7961
f 2852 9748 5799
f 11165 7028 7030
f 10965 5868 5867
f 11165 2253 2255
f 2256 11164 7036
f 10964 7915 7916
f 4097 6174 3749
f 7034 11164 2258
f 10964 5824 5823
f 11164 7034 7036
f 11164 2256 2258
f 3372 4944 2488
f 10963 7962 7963
f 2267 11163 7054
f 3371 4943 2363
f 4171 6176 3835
f 10963 5870 5869
f 7056 11163 2268
f 11163 7056 7054
f 10962 7917 7918
f 4107 6179 3759
f 4101 6181 3752
f 10962 5826 5825
f 4100 6180 3751
f 11163 2267 2268
f 10961 7992 7993
f 4167 6235 3828
f 2262 11162 7044
f 10961 5900 5899
f 7046 11162 2263
f 4165 6237 3831
f 10960 7990 7991
f 11162 7046 7044
f 11162 2262 2263
f 10960 5898 5897
f 2277 11161 7074
f 7076 11161 2278
f 10959 7988 7989
f 4161 6232 3823
f 11161 7076 7074
f 10959 5896 5895
f 4159 6228 3819
f 4158 6229 3820
f 10958 7986 7987
f 11161 2277 2278
f 4157 6231 3822
f 10958 5894 5893
f 4938 3288 4482
f 3288 4938 4933
f 4156 6224 3815
f 4155 6225 3816
f 4937 3287 4481
f 3287 4937 4934
f 10957 7984 7985
f 2285 11160 7090
f 7092 11160 2286
f 10957 5892 5891
f 11160 7092 7090
f 4154 6223 3814
f 10956 7982 7983
f 4153 6220 3810
f 11160 2285 2286
f 10956 5890 5889
f 2282 11159 7084
f 7086 11159 2284
f 10955 7980 7981
f 11159 7086 7084
f 8036 4911 6579
f 8036 3614 3111
f 11159 2282 2284
f 8035 4910 6578
f 8035 3613 3110
f 10955 5888 5887
f 2237 11158 7087
f 7089 11158 2238
f 10954 7978 7979
f 4146 6217 3805
f 11158 7089 7087
f 10954 5886 5885
f 4144 6214 3801
f 11158 2237 2238
f 10953 7976 7977
f 4950 7673 5066
f 4142 6216 3804
f 10953 5884 5883
f 4481 7674 4758
f 4482 7675 4759
f 10952 7974 7975
f 317 10704 9455
f 10705 319 317
f 10952 5882 5881
f 4138 6211 3796
f 5529 9879 8825
f 8032 4956 4469
f 4956 8032 6593
f 10951 7972 7973
f 8031 4955 4468
f 4955 8031 6592
f 8028 4444 7295
f 4970 8028 7295
f 4444 8028 2737
f 8027 4443 7296
f 4969 8027 7296
f 4443 8027 2736
f 4136 6208 3792
f 10598 6836 6837
f 3091 8026 3966
f 3090 8025 3965
f 10951 5880 5879
f 319 10705 9456
f 4134 6210 3795
f 10950 7970 7971
f 10706 321 319
f 3044 7676 5321
f 10950 5878 5877
f 4132 6205 3787
f 3068 8024 5319
f 4960 8024 5106
f 8024 4960 5319
f 9879 3435 8825
f 10949 7968 7969
f 3067 8023 5318
f 5530 9880 8826
f 321 10706 9457
f 4959 8023 5105
f 10949 5876 5875
f 10707 324 321
f 8023 4959 5318
f 9880 3436 8826
f 10948 7966 7967
f 4127 6202 3782
f 4450 7406 4958
f 10948 5874 5873
f 324 10707 9458
f 8022 3161 5246
f 10708 325 324
f 5531 9881 8827
f 3161 8022 3732
f 8021 3160 5245
f 10947 7964 7965
f 9881 3437 8827
f 3160 8021 3731
f 325 10708 9459
f 10709 327 325
f 10947 5872 5871
f 5532 9882 8828
f 4449 7405 4957
f 10946 7947 7948
f 4118 6198 3776
f 3043 7681 5328
f 10946 5856 5855
f 4116 6194 3772
f 4115 6195 3773
f 10945 7945 7946
f 327 10709 9460
f 4114 6197 3775
f 10945 5854 5853
f 4113 6190 3768
f 4112 6191 3769
f 10944 7943 7944
f 10710 329 327
f 7682 3855 2988
f 10944 5852 5851
f 4111 6186 3764
f 4110 6187 3765
f 10943 7941 7942
f 9882 3438 8828
f 5533 9883 8829
f 10943 5850 5849
f 7683 3950 2991
f 4109 6184 3763
f 10942 7939 7940
f 329 10710 9461
f 10711 331 329
f 10942 5848 5847
f 4102 6182 3761
f 4172 6171 3837
f 10941 7937 7938
f 4105 6170 3756
f 2990 7298 3842
f 10941 5846 5845
f 2989 7297 3841
f 4173 6169 3838
f 10940 7935 7936
f 4103 6168 3755
f 10940 5844 5843
f 10939 7933 7934
f 10939 5842 5841
f 4092 6163 3742
f 10938 7931 7932
f 4091 6162 3741
f 10938 5840 5839
f 10937 7929 7930
f 10937 5838 5837
f 6357 440 439
f 10936 7927 7928
f 6356 455 456
f 10936 5836 5835
f 10935 7925 7926
f 10935 5834 5833
f 10934 7923 7924
f 10934 5832 5831
f 10933 7921 7922
f 10933 5830 5829
f 10932 7919 7920
f 10932 5828 5827
f 10931 7998 7906
f 10931 5904 5906
f 8485 10515 8497
f 10930 7997 7905
f 10930 5903 5905
f 10929 7952 7953
f 10515 8485 8495
f 10929 5860 5859
f 10928 7907 7908
f 10928 5816 5815
f 10927 7955 7956
f 10927 5863 5862
f 400 5454 9
f 10926 7910 7911
f 5454 494 9
f 8486 10516 8960
f 10926 5819 5818
f 5243 423 422
f 8487 10517 8959
f 10925 8002 8000
f 5242 472 473
f 8489 10793 9410
f 10925 5908 5910
f 9410 5773 8489
f 8488 10792 9409
f 10924 8001 7999
f 9409 5772 8488
f 10924 5907 5909
f 10923 7957 7958
f 510 10793 8900
f 386 10792 8899
f 10923 5865 5864
f 10922 7912 7913
f 5659 9416 8499
f 10922 5821 5820
f 8499 5769 5659
f 10921 7959 7960
f 10921 5867 5866
f 5658 9415 8498
f 8498 5768 5658
f 10920 7914 7915
f 10920 5823 5822
f 10919 7993 7994
f 10919 5901 5900
f 10918 7948 7949
f 10918 5857 5856
f 10917 7961 7962
f 9883 3439 8829
f 4594 7684 6751
f 10917 5869 5868
f 10916 7916 7917
f 3009 9947 4603
f 10916 5825 5824
f 4603 7667 3009
f 3133 7703 5028
f 10915 7963 7964
f 3132 7702 5027
f 10518 5463 10448
f 10519 5464 10449
f 10915 5871 5870
f 5534 9884 8830
f 2862 7411 8730
f 8020 4435 4180
f 10914 7918 7919
f 3585 8866 3477
f 8019 4436 4181
f 10914 5827 5826
f 3586 8867 3478
f 3587 8868 3479
f 7420 3049 5415
f 3616 8016 2844
f 3392 8615 3490
f 3615 8015 2843
f 3394 3392 3490
f 3391 8614 3489
f 3393 3391 3489
f 10913 7991 7992
f 10913 5899 5898
f 10912 7989 7990
f 10912 5897 5896
f 10911 7987 7988
f 2975 7287 8883
f 10911 5895 5894
f 10910 7985 7986
f 2916 7286 8882
f 10910 5893 5892
f 3588 8869 3480
f 3589 8870 3481
f 10909 7983 7984
f 10909 5891 5890
f 10908 7981 7982
f 10908 5889 5888
f 10907 7979 7980
f 10907 5887 5886
f 10906 7977 7978
f 10906 5885 5884
f 9753 3961 4304
f 494 5454 5261
f 10905 7975 7976
f 7673 4950 5018
f 434 7719 433
f 10905 5883 5882
f 10904 7973 7974
f 10904 5881 5880
f 10903 7971 7972
f 10903 5879 5878
f 3492 8611 3494
f 3396 3492 3494
f 3491 8610 3493
f 3395 3491 3493
f 3494 8609 3496
f 3398 3494 3496
f 3493 8608 3495
f 3397 3493 3495
f 10902 7969 7970
f 10902 5877 5876
f 3496 8511 3498
f 3400 3496 3498
f 3495 8510 3497
f 3399 3495 3497
f 3498 8513 3500
f 3402 3498 3500
f 3497 8512 3499
f 3401 3497 3499
f 3500 8515 3502
f 496 5456 12
f 3499 8514 3501
f 9753 6372 6749
f 3502 8517 3504
f 5456 401 12
f 3501 8516 3503
f 401 5456 5262
f 3504 8519 3506
f 6372 9753 4304
f 3503 8518 3505
f 9754 3962 4305
f 3593 8605 3594
f 3486 3593 3594
f 3592 8604 3593
f 3485 3592 3593
f 3591 8603 3592
f 3484 3591 3592
f 3590 8602 3591
f 3483 3590 3591
f 3589 8601 3590
f 3482 3589 3590
f 3588 8600 3589
f 3481 3588 3589
f 3587 8599 3588
f 3480 3587 3588
f 3586 8598 3587
f 3479 3586 3587
f 3585 8597 3586
f 3478 3585 3586
f 3584 8596 3585
f 3477 3584 3585
f 3583 8595 3584
f 3476 3583 3584
f 3582 8594 3583
f 3475 3582 3583
f 3581 8593 3582
f 3474 3581 3582
f 3580 8592 3581
f 3473 3580 3581
f 3579 8591 3580
f 3472 3579 3580
f 3578 8590 3579
f 3471 3578 3579
f 3577 8589 3578
f 3470 3577 3578
f 3576 8588 3577
f 3469 3576 3577
f 3575 8587 3576
f 3468 3575 3576
f 3574 8586 3575
f 3467 3574 3575
f 3573 8585 3574
f 3466 3573 3574
f 3572 8584 3573
f 3465 3572 3573
f 3571 8583 3572
f 3464 3571 3572
f 3570 8582 3571
f 3463 3570 3571
f 3569 8581 3570
f 3462 3569 3570
f 3568 8580 3569
f 3461 3568 3569
f 3567 8579 3568
f 3460 3567 3568
f 3566 8578 3567
f 3459 3566 3567
f 3565 8577 3566
f 3458 3565 3566
f 3564 8576 3565
f 3457 3564 3565
f 3563 8575 3564
f 3456 3563 3564
f 3562 8574 3563
f 3455 3562 3563
f 3561 8573 3562
f 3454 3561 3562
f 3560 8572 3561
f 3453 3560 3561
f 3559 8571 3560
f 3452 3559 3560
f 3242 4920 3244
f 3558 8570 3559
f 3451 3558 3559
f 3557 8569 3558
f 3450 3557 3558
f 3241 4919 3243
f 3556 8568 3557
f 3449 3556 3557
f 3555 8567 3556
f 3448 3555 3556
f 3554 8566 3555
f 3447 3554 3555
f 3553 8565 3554
f 3446 3553 3554
f 3547 8561 3548
f 3443 3547 3548
f 3546 8560 3547
f 3442 3546 3547
f 3545 8559 3546
f 3441 3545 3546
f 3544 8558 3545
f 3440 3544 3545
f 3543 8557 3544
f 3439 3543 3544
f 3542 8556 3543
f 3438 3542 3543
f 3541 8555 3542
f 3437 3541 3542
f 3540 8554 3541
f 3436 3540 3541
f 3539 8553 3540
f 3435 3539 3540
f 3538 8552 3539
f 3434 3538 3539
f 3537 8551 3538
f 3433 3537 3538
f 3536 8550 3537
f 3432 3536 3537
f 3535 8549 3536
f 3431 3535 3536
f 3534 8548 3535
f 3430 3534 3535
f 3533 8547 3534
f 3429 3533 3534
f 3532 8546 3533
f 3428 3532 3533
f 3531 8545 3532
f 3427 3531 3532
f 3530 8544 3531
f 3426 3530 3531
f 3529 8543 3530
f 3425 3529 3530
f 3528 8542 3529
f 3424 3528 3529
f 3527 8541 3528
f 3423 3527 3528
f 3526 8540 3527
f 3422 3526 3527
f 3525 8539 3526
f 3421 3525 3526
f 3524 8538 3525
f 3420 3524 3525
f 3523 8537 3524
f 3419 3523 3524
f 3522 8536 3523
f 3418 3522 3523
f 3521 8535 3522
f 3417 3521 3522
f 3520 8534 3521
f 3416 3520 3521
f 3519 8533 3520
f 3415 3519 3520
f 3518 8532 3519
f 3414 3518 3519
f 3517 8531 3518
f 3413 3517 3518
f 3516 8530 3517
f 3412 3516 3517
f 3515 8529 3516
f 3411 3515 3516
f 3514 8528 3515
f 3410 3514 3515
f 3513 8527 3514
f 3409 3513 3514
f 3512 8526 3513
f 3408 3512 3513
f 3511 8525 3512
f 3407 3511 3512
f 3510 8524 3511
f 3406 3510 3511
f 3509 8523 3510
f 3405 3509 3510
f 3508 8522 3509
f 3404 3508 3509
f 3507 8521 3508
f 3403 3507 3508
f 9717 5795 6872
f 4417 9717 6872
f 6872 2676 4417
f 9716 5794 6871
f 4416 9716 6871
f 6871 2615 4416
f 3506 8564 3553
f 9754 6373 6750
f 3505 8520 3507
f 6373 9754 4305
f 3594 8606 3595
f 3487 3594 3595
f 3548 8562 3549
f 3444 3548 3549
f 3595 8607 3596
f 4595 7685 6752
f 3549 8563 3550
f 331 10711 9462
f 3596 8509 3597
f 4184 6865 6153
f 3550 8508 3551
f 10654 626 627
f 3488 3597 3598
f 3966 10099 6858
f 3445 3551 3552
f 2858 10099 6748
f 10901 7967 7968
f 3965 10098 6857
f 10901 5875 5874
f 2851 10098 6747
f 9176 3980 5653
f 10900 7965 7966
f 9175 3979 5652
f 10900 5873 5872
f 10899 7946 7947
f 10899 5855 5854
f 8906 6365 8491
f 8905 6364 8490
f 3490 8613 3492
f 2921 7412 8731
f 3489 8612 3491
f 7686 4916 3190
f 10898 7944 7945
f 10898 5853 5852
f 10897 7942 7943
f 10897 5851 5850
f 10896 7940 7941
f 10896 5849 5848
f 10895 7938 7939
f 10895 5847 5846
f 7687 4917 3195
f 5101 3968 5202
f 10894 7936 7937
f 10894 5845 5844
f 5100 3967 5201
f 10893 7934 7935
f 10893 5843 5842
f 10892 7932 7933
f 10892 5841 5840
f 10891 7930 7931
f 10891 5839 5838
f 10890 7928 7929
f 10890 5837 5836
f 10889 7926 7927
f 6587 3710 10339
f 10889 5835 5834
f 10888 7924 7925
f 6586 3663 10338
f 10888 5833 5832
f 10887 7922 7923
f 10887 5831 5830
f 10886 7920 7921
f 10886 5829 5828
f 7295 2844 4970
f 8491 6365 5655
f 8490 6364 5654
f 7420 4468 4955
f 7295 4444 6152
f 7419 3050 5416
f 7294 2853 5930
f 2925 9991 6960
f 2866 9990 6959
f 7688 2670 2483
f 7296 2843 4969
f 7293 2846 5929
f 3228 3234 470
f 469 3228 470
f 3233 3227 425
f 3227 426 425
f 3232 3226 470
f 3226 469 470
f 2871 9999 6875
f 7296 4443 6151
f 8893 10439 6583
f 2872 10000 6876
f 7292 5210 3008
f 8892 10438 6582
f 5210 7292 6593
f 2873 10001 6877
f 2874 10002 6878
f 7291 5209 3007
f 5209 7291 6592
f 2875 10003 6879
f 2876 10004 6880
f 2606 9729 9542
f 2481 9728 9541
f 2877 10005 6881
f 9752 5472 6981
f 3598 9752 6981
f 2878 10006 6882
f 9751 5471 6980
f 3552 9751 6980
f 2879 10007 6883
f 2975 10101 6981
f 2916 10100 6980
f 2880 10008 6884
f 3054 8056 6993
f 7290 4467 4452
f 2881 10009 6885
f 7289 4466 4451
f 2882 10010 6886
f 3590 8871 3482
f 7689 2731 2607
f 2883 10011 6887
f 3591 8872 3483
f 7419 4469 4956
f 2884 10012 6888
f 3592 8873 3484
f 3593 8874 3485
f 2885 10013 6889
f 6140 9692 4705
f 9692 4281 4705
f 2886 10014 6890
f 6139 9691 4704
f 9691 4280 4704
f 2887 10015 6891
f 3594 8875 3486
f 4185 6866 6154
f 2888 10016 6892
f 10654 8960 10516
f 10609 6847 6848
f 2889 10017 6893
f 6146 9694 4709
f 9694 4285 4709
f 2890 10018 6894
f 6145 9693 4708
f 9693 4284 4708
f 2891 10019 6895
f 6133 9698 4695
f 9698 4273 4695
f 2892 10020 6896
f 4949 7672 5065
f 10712 334 331
f 2893 10021 6897
f 9884 3440 8830
f 5535 9885 8831
f 2894 10022 6898
f 334 10712 9463
f 10713 336 334
f 2895 10023 6899
f 9885 3441 8831
f 5536 9886 8832
f 2896 10024 6900
f 9886 3442 8832
f 5537 9887 8833
f 2897 10025 6901
f 9887 3443 8833
f 7672 4949 5017
f 2898 10026 6902
f 10598 2564 2561
f 10597 6835 6836
f 2899 10027 6903
f 336 10713 9464
f 10597 2561 2560
f 2900 10028 6904
f 10596 6834 6835
f 10714 338 336
f 2901 10029 6905
f 9878 3434 8824
f 2802 3348 2354
f 2902 10030 6906
f 5528 9878 8824
f 5541 9889 8835
f 2903 10031 6907
f 9889 3446 8835
f 5542 9890 8836
f 2904 10032 6908
f 9890 3447 8836
f 5543 9891 8837
f 2905 10033 6909
f 338 10714 9465
f 9891 3448 8837
f 2906 10034 6910
f 5544 9892 8838
f 10715 340 338
f 2907 10035 6911
f 9755 4089 4420
f 8960 10654 627
f 2908 10036 6912
f 6088 9697 4650
f 9697 4227 4650
f 2909 10037 6913
f 9892 3449 8838
f 5545 9893 8839
f 2910 10038 6914
f 9893 3450 8839
f 5546 9894 8840
f 2911 10039 6915
f 9894 3451 8840
f 5547 9895 8841
f 2912 10040 6916
f 9895 3452 8841
f 5548 9896 8842
f 340 10715 9466
f 9896 3453 8842
f 5549 9897 8843
f 3552 8876 3445
f 10716 342 340
f 2930 10043 6917
f 9897 3454 8843
f 3598 8877 3488
f 5550 9898 8844
f 2931 10044 6918
f 9898 3455 8844
f 5551 9899 8845
f 2932 10045 6919
f 9899 3456 8845
f 5552 9900 8846
f 2933 10046 6920
f 9900 3457 8846
f 5553 9901 8847
f 2934 10047 6921
f 342 10716 9467
f 9901 3458 8847
f 2935 10048 6922
f 5554 9902 8848
f 10717 343 342
f 2936 10049 6923
f 8878 5777 5921
f 5265 2343 3301
f 9902 3459 8848
f 5555 9903 8849
f 2937 10050 6924
f 9903 3460 8849
f 5556 9904 8850
f 2938 10051 6925
f 9904 3461 8850
f 5557 9905 8851
f 2939 10052 6926
f 626 10654 10516
f 6157 9756 10112
f 2940 10053 6927
f 6099 9696 4661
f 9696 4239 4661
f 2941 10054 6928
f 6054 9695 4616
f 9695 4193 4616
f 2942 10055 6929
f 9905 3462 8851
f 5558 9906 8852
f 2943 10056 6930
f 343 10717 9468
f 9906 3463 8852
f 2944 10057 6931
f 5559 9907 8853
f 10718 346 343
f 2945 10058 6932
f 9907 3464 8853
f 5560 9908 8854
f 2946 10059 6933
f 6093 9688 4655
f 9688 4233 4655
f 2947 10060 6934
f 6048 9687 4610
f 9687 4187 4610
f 2948 10061 6935
f 2949 10062 6936
f 2950 10063 6937
f 6136 9686 4698
f 9686 4276 4698
f 2951 10064 6938
f 6091 9685 4653
f 9685 4230 4653
f 2952 10065 6939
f 4476 2744 5450
f 2953 10066 6940
f 2954 10067 6941
f 10327 2502 2499
f 10326 2377 2374
f 2955 10068 6942
f 10323 2503 2502
f 10322 2379 2377
f 2956 10069 6943
f 10321 2505 2503
f 10320 2381 2379
f 2957 10070 6944
f 10325 2599 2598
f 10324 2474 2473
f 2958 10071 6945
f 10319 2507 2505
f 10318 2383 2381
f 2959 10072 6946
f 10317 2510 2507
f 10316 2385 2383
f 2960 10073 6947
f 10315 2511 2510
f 10314 2386 2385
f 2961 10074 6948
f 10271 2513 2511
f 10228 2389 2386
f 2962 10075 6949
f 10313 2598 2595
f 10312 2595 2594
f 2963 10076 6950
f 10311 2594 2591
f 10310 2591 2589
f 2964 10077 6951
f 10309 2589 2587
f 10308 2587 2585
f 2965 10078 6952
f 10307 2585 2583
f 7283 4459 5022
f 2966 10079 6953
f 7282 4458 5021
f 10306 2583 2582
f 2967 10080 6954
f 4482 7280 4938
f 3041 7280 3070
f 2968 10081 6955
f 4481 7279 4937
f 3040 7279 3069
f 2969 10082 6956
f 10305 2582 2579
f 10304 2579 2578
f 2970 10083 6957
f 10303 2578 2575
f 10302 2575 2574
f 2971 10084 6958
f 10301 2574 2571
f 10300 2571 2569
f 10299 2569 2567
f 10298 2567 2565
f 10297 2565 2563
f 10296 2563 2562
f 10295 2562 2559
f 10294 2559 2557
f 2865 9988 6961
f 10293 2557 2556
f 10292 2556 2553
f 2924 9989 6962
f 10291 2553 2551
f 10290 2551 2550
f 10289 2550 2547
f 10288 2547 2545
f 10287 2545 2543
f 10286 2543 2541
f 2864 9986 6963
f 10285 2541 2540
f 10284 2540 2537
f 2923 9987 6964
f 10283 2537 2535
f 10282 2535 2533
f 2863 9984 6965
f 10281 2533 2531
f 7276 4178 6728
f 2922 9985 6966
f 7275 4179 6727
f 10280 2531 2530
f 10279 2530 2527
f 10278 2527 2525
f 4719 7272 3033
f 4718 7271 3032
f 2862 9982 6967
f 7270 2799 5111
f 7270 4457 4915
f 2921 9983 6968
f 10277 2525 2524
f 10276 2524 2521
f 10275 2521 2520
f 10274 2520 2517
f 3301 2343 2807
f 5266 2344 3302
f 3552 9680 8876
f 3598 9681 8877
f 3015 7269 6722
f 3612 7269 6718
f 10273 2517 2515
f 10272 2515 2513
f 3014 7268 6721
f 3611 7268 6717
f 10270 2473 2471
f 10269 2471 2469
f 10268 2469 2466
f 10609 2586 2584
f 10267 2466 2465
f 10266 2465 2463
f 6583 3720 10443
f 10443 8895 6583
f 8895 10443 6585
f 6582 3719 10442
f 10442 8894 6582
f 8894 10442 6584
f 8495 8286 10515
f 11204 3933 3935
f 8494 8285 10514
f 11204 7395 7393
f 10655 270 268
f 10265 2463 2461
f 10264 2461 2458
f 407 2350 406
f 2350 2354 406
f 488 2348 489
f 2348 2352 489
f 2349 488 489
f 2353 2349 489
f 2351 407 406
f 2355 2351 406
f 10263 2458 2457
f 3302 2344 2808
f 10262 2457 2455
f 10261 2455 2453
f 8879 5778 5922
f 10260 2453 2451
f 10259 2451 2448
f 9908 3465 8854
f 10258 2448 2447
f 10257 2447 2444
f 5561 9909 8855
f 9909 3466 8855
f 4036 5975 5624
f 4083 6019 5642
f 9756 4090 4421
f 3995 5934 5606
f 10655 8959 10517
f 10608 6846 6847
f 10112 9756 4421
f 8959 10655 268
f 270 10655 10517
f 9759 6158 5590
f 9760 6159 5591
f 4003 5942 5607
f 4004 5943 5608
f 4005 5944 5609
f 4180 9762 4604
f 6380 9762 4435
f 4008 5947 5610
f 9762 6380 4604
f 4010 5949 5611
f 9762 4180 4435
f 4012 5951 5612
f 4181 9763 4605
f 4014 5953 5613
f 6381 9763 4436
f 4016 5955 5614
f 10444 2234 2296
f 4018 5957 5615
f 9763 6381 4605
f 4020 5959 5616
f 9739 8504 8896
f 4022 5961 5617
f 5245 10658 8021
f 4024 5963 5618
f 9763 4181 4436
f 4026 5965 5619
f 10445 2287 2310
f 4028 5967 5620
f 10658 5245 2798
f 2235 9764 2297
f 10658 4447 8021
f 4032 5971 5621
f 4033 5972 5622
f 4034 5973 5623
f 5562 9910 8856
f 2286 9765 2309
f 4042 5978 5626
f 2242 9781 2298
f 4044 5980 5627
f 4448 10659 2799
f 5246 10659 8022
f 2243 9782 2299
f 10659 5246 2799
f 8933 2297 9764
f 4050 5986 5628
f 4051 5987 5629
f 4052 5988 5630
f 2244 9783 2298
f 8934 2309 9765
f 4055 5991 5631
f 10659 4448 8022
f 4057 5993 5632
f 2245 9785 2300
f 4059 5995 5633
f 10660 275 273
f 4061 5997 5634
f 10660 9413 9419
f 4063 5999 5635
f 2246 9786 2299
f 4065 6001 5636
f 9413 10660 273
f 4067 6003 5637
f 275 10660 9419
f 4069 6005 5638
f 2248 9789 2300
f 10661 619 621
f 10661 9414 9420
f 2252 9795 2301
f 9414 10661 621
f 619 10661 9420
f 2254 9797 2301
f 10662 3260 4422
f 10662 4298 10090
f 4079 6015 5639
f 4080 6016 5640
f 4081 6017 5641
f 9910 3467 8856
f 2255 9799 2302
f 4298 10662 4422
f 3260 10662 10090
f 2257 9801 2302
f 3989 6028 5646
f 3990 6029 5647
f 4038 5977 5625
f 4085 6021 5643
f 3987 6030 5648
f 3988 6031 5649
f 5563 9911 8857
f 346 10718 9469
f 9911 3468 8857
f 5564 9912 8858
f 10256 2444 2443
f 7703 4952 5028
f 7702 4951 5027
f 10719 348 346
f 10255 2443 2441
f 10254 2441 2438
f 10253 2438 2437
f 8890 5770 5802
f 8891 5771 5803
f 10252 2437 2435
f 10251 2435 2433
f 10250 2433 2431
f 8899 387 386
f 7421 5095 2758
f 10249 2431 2428
f 10248 2428 2427
f 10247 2427 2425
f 10246 2425 2423
f 10245 2423 2421
f 10244 2421 2418
f 10243 2418 2417
f 10242 2417 2415
f 10241 2415 2412
f 10240 2412 2411
f 10239 2411 2409
f 10238 2409 2406
f 10237 2406 2405
f 10236 2405 2403
f 10235 2403 2401
f 10234 2401 2399
f 10233 2399 2397
f 8449 7717 2985
f 6976 8449 2985
f 8448 7716 2980
f 6975 8448 2980
f 10232 2397 2394
f 10231 2394 2393
f 10230 2393 2390
f 10229 2390 2389
f 6720 9758 8916
f 6719 9757 8915
f 4892 3151 7848
f 420 3231 419
f 8900 508 510
f 4891 3150 7847
f 8901 5777 6354
f 8902 5778 6355
f 3149 4890 7849
f 2745 3149 7849
f 3013 7416 6750
f 9912 3469 8858
f 5565 9913 8859
f 10663 3261 4423
f 9532 6037 7430
f 2496 9532 7430
f 9531 6036 7429
f 10663 4299 10091
f 2371 9531 7429
f 459 5200 460
f 5101 5202 435
f 5202 436 435
f 5100 5201 460
f 5201 459 460
f 2744 2747 7433
f 2258 9803 2303
f 4299 10663 4423
f 5791 5473 5812
f 3261 10663 10091
f 2260 9805 2303
f 3216 3231 420
f 7436 2744 7433
f 9913 3470 8859
f 421 3216 420
f 4483 7436 7433
f 8498 10664 5768
f 3227 8467 426
f 3226 8466 469
f 5101 435 434
f 5100 460 461
f 6988 6744 8430
f 3009 6988 8430
f 3027 7281 6733
f 8737 7094 10530
f 7094 2309 10530
f 2288 10530 2309
f 8736 7093 10529
f 7093 2297 10529
f 9547 5933 457
f 456 9547 457
f 2236 10529 2297
f 6039 9553 438
f 9553 439 438
f 6038 9552 457
f 8499 10665 5769
f 2263 9810 2304
f 9552 456 457
f 5475 10669 8771
f 10669 3390 8771
f 5474 10668 8770
f 10668 3389 8770
f 7395 11204 3935
f 5465 9291 9946
f 3933 11204 7393
f 5466 9292 9945
f 3338 8042 7288
f 6044 10513 9282
f 10513 7695 9282
f 8042 4760 7288
f 6043 10512 9281
f 10512 7694 9281
f 8937 3601 3735
f 8937 5774 6859
f 8938 3602 3736
f 8938 5775 6860
f 8939 6156 6580
f 3012 7415 6749
f 6156 8939 6362
f 8940 6157 6581
f 6157 8940 6363
f 6091 8941 6574
f 6136 8942 6575
f 3389 10668 9407
f 9766 2235 7093
f 8739 9768 6996
f 5806 8951 6147
f 9768 2285 6996
f 8738 9767 6995
f 5807 8952 6148
f 9767 2238 6995
f 8741 9770 6998
f 9770 2283 6998
f 8953 3377 5463
f 8740 9769 6997
f 9769 2237 6997
f 3390 10669 9408
f 9771 2283 7090
f 8954 3378 5464
f 2918 8961 7869
f 8961 5799 7869
f 8742 9773 7000
f 2859 8962 7868
f 9773 2284 7000
f 5566 9914 8860
f 10496 8460 3963
f 7094 6169 6404
f 9772 2239 6999
f 8962 5798 7868
f 2375 9281 7694
f 4173 6404 6169
f 4741 7900 4986
f 4740 7899 4985
f 7093 6168 6403
f 2265 9812 2304
f 9774 2239 7087
f 4103 6403 6168
f 9914 3471 8860
f 9776 2282 7002
f 5567 9915 8861
f 9775 2240 7001
f 9915 3472 8861
f 5568 9916 8862
f 8743 9777 7003
f 9777 2241 7003
f 2500 9282 7695
f 9285 5796 6382
f 9286 5797 6383
f 9287 3379 5467
f 8769 9834 7081
f 9834 2280 7081
f 8768 9833 7082
f 9833 2280 7082
f 8767 9832 7079
f 9832 2279 7079
f 348 10719 9470
f 5779 9287 5467
f 9916 3473 8862
f 9831 2278 7077
f 9288 3380 5468
f 5569 9917 8863
f 10720 349 348
f 9830 2277 7075
f 5780 9288 5468
f 6346 9293 6598
f 9917 3474 8863
f 9829 2276 7073
f 10608 2584 2581
f 9828 2276 7074
f 8766 9827 7071
f 9827 2275 7071
f 8765 9826 7072
f 9826 2275 7072
f 5570 9918 8864
f 9825 2274 7069
f 6347 9294 6599
f 4895 6859 5774
f 8764 9824 7067
f 9824 2273 7067
f 8763 9823 7068
f 9823 2273 7068
f 9918 3475 8864
f 9822 2272 7065
f 6859 4895 3007
f 4896 6860 5775
f 5571 9919 8865
f 9821 2271 7063
f 6860 4896 3008
f 6861 3018 3020
f 8762 9820 7061
f 9820 2270 7061
f 8761 9819 7062
f 9819 2270 7062
f 8760 9818 7059
f 9818 2269 7059
f 6861 4451 4466
f 6862 3019 3021
f 9919 3476 8865
f 9817 2268 7057
f 6862 4452 4467
f 271 9415 273
f 5572 9920 8866
f 9816 2267 7055
f 624 9416 621
f 9417 5779 8492
f 9920 3477 8866
f 9815 2266 7053
f 10607 6845 6846
f 9814 2266 7054
f 8759 9813 7051
f 9813 2265 7051
f 8758 9812 7052
f 9812 2265 7052
f 5573 9921 8867
f 9811 2264 7049
f 9418 5780 8493
f 5656 9419 9413
f 349 10720 9471
f 9810 2263 7047
f 5657 9420 9414
f 6036 9531 6572
f 9921 3478 8867
f 9809 2262 7045
f 6037 9532 6573
f 9533 5787 6358
f 5574 9922 8868
f 9808 2261 7043
f 2268 9817 2305
f 9807 2261 7044
f 8757 9806 7041
f 9806 2260 7041
f 8756 9805 7042
f 9805 2260 7042
f 10721 352 349
f 9804 2259 7039
f 9534 5788 6359
f 3615 9535 3603
f 10704 317 315
f 9803 2258 7037
f 5806 9535 7893
f 9535 3615 7893
f 8755 9802 7035
f 9802 2257 7035
f 8754 9801 7036
f 9801 2257 7036
f 8753 9800 7033
f 9800 2256 7033
f 3616 9536 3604
f 5807 9536 7894
f 9922 3479 8868
f 9799 2255 7031
f 9536 3616 7894
f 6375 9539 4448
f 8752 9798 7029
f 9798 2254 7029
f 8751 9797 7030
f 9797 2254 7030
f 8750 9796 7027
f 9796 2253 7027
f 6374 9540 4447
f 9545 5792 8500
f 315 10703 9454
f 9795 2252 7025
f 9546 5793 8501
f 9550 5797 6721
f 5575 9923 8869
f 9794 2251 7023
f 9551 5796 6722
f 6387 9556 2295
f 3059 2763 7831
f 9793 2250 7021
f 6388 9557 2311
f 6380 9564 6734
f 5274 7831 2763
f 9792 2249 7019
f 10607 2581 2580
f 9791 2249 7020
f 8749 9790 7017
f 9790 2248 7017
f 8748 9789 7018
f 9789 2248 7018
f 9923 3480 8869
f 9788 2247 7015
f 6381 9565 6735
f 3605 9568 3729
f 8747 9787 7013
f 9787 2246 7013
f 8746 9786 7014
f 9786 2246 7014
f 5576 9924 8870
f 9785 2245 7011
f 6354 9568 8901
f 9568 6354 3729
f 8745 9784 7009
f 9784 2244 7009
f 8744 9783 7010
f 9783 2244 7010
f 352 10721 9472
f 9782 2243 7007
f 9568 3605 8901
f 3606 9569 3730
f 9924 3481 8870
f 9781 2242 7005
f 10606 6844 6845
f 9780 2281 7084
f 6355 9569 8902
f 9569 6355 3730
f 5577 9925 8871
f 9779 2241 7004
f 9569 3606 8902
f 9739 8896 2370
f 5802 9570 8890
f 9570 5802 2479
f 9570 2480 8890
f 9740 8505 8897
f 5803 9571 8891
f 9571 5803 2604
f 2334 10505 5228
f 9571 2605 8891
f 9574 5802 5770
f 9575 5803 5771
f 7850 3042 8034
f 4230 9685 4654
f 9685 6091 4654
f 4276 9686 4699
f 9686 6136 4699
f 4187 9687 4611
f 9687 6048 4611
f 4233 9688 4656
f 9688 6093 4656
f 2270 9819 2305
f 10670 278 275
f 9689 3003 5383
f 7101 7832 6994
f 6376 9689 5383
f 9690 3004 5384
f 10722 353 352
f 9925 3482 8871
f 6377 9690 5384
f 4280 9691 4702
f 5578 9926 8872
f 9926 3483 8872
f 9691 6139 4702
f 4281 9692 4703
f 9692 6140 4703
f 5579 9927 8873
f 2745 4465 6988
f 9927 3484 8873
f 5580 9928 8874
f 9928 3485 8874
f 5581 9929 8875
f 353 10722 9473
f 4284 9693 4706
f 9693 6145 4706
f 9929 3486 8875
f 10599 2566 2564
f 4285 9694 4707
f 9694 6146 4707
f 10723 355 353
f 6039 4432 3089
f 6093 10511 9182
f 6038 4431 3088
f 6048 10510 9181
f 6138 10509 9184
f 6137 10508 9183
f 6385 10500 3611
f 6386 10499 3612
f 10498 5811 9290
f 5811 10498 2852
f 5933 9547 4600
f 4428 5933 4600
f 10497 5810 9289
f 8456 4308 8245
f 5927 8456 8245
f 4470 7281 3075
f 2335 4470 3075
f 8457 4309 8246
f 5928 8457 8246
f 9877 3433 8823
f 5527 9877 8823
f 10703 315 313
f 5810 10497 2845
f 10495 2853 8621
f 2853 10495 5811
f 10494 2846 8620
f 2846 10494 5810
f 5308 4932 10490
f 5307 4931 10489
f 5371 8420 3001
f 7669 2991 3950
f 10486 4448 4915
f 4448 10486 6375
f 10485 4447 4914
f 4447 10485 6374
f 4421 10484 8277
f 7550 10484 4090
f 10484 7550 8277
f 10484 4421 4090
f 4420 10483 8276
f 5804 3753 9705
f 5805 3840 9706
f 7549 10483 4089
f 10483 7549 8276
f 10483 4420 4089
f 4307 10478 7859
f 4306 10477 7858
f 2736 10476 4443
f 2737 10475 4444
f 5480 9933 8774
f 2335 6710 4470
f 10472 6727 4179
f 313 10702 9453
f 10471 6728 4178
f 10461 4472 4743
f 6591 10461 4743
f 10460 4471 4742
f 6590 10460 4742
f 10459 2601 8920
f 2601 10459 2604
f 10458 2477 8919
f 2477 10458 2479
f 10457 2728 4400
f 3840 10093 7408
f 4193 9695 4617
f 3753 10092 7407
f 9695 6054 4617
f 5597 10519 8485
f 10519 5597 8954
f 5464 10519 8954
f 5596 10518 8484
f 10518 5596 8953
f 5463 10518 8953
f 2728 10457 4399
f 10456 2667 4354
f 2667 10456 4353
f 5481 9934 8775
f 355 10723 9474
f 5370 8419 2998
f 9740 8897 2495
f 3075 7281 5253
f 2271 9821 2306
f 10724 358 355
f 9935 2479 8925
f 3231 3216 2335
f 9936 2604 8926
f 7668 2988 3855
f 7697 7721 4925
f 9876 3432 8822
f 5526 9876 8822
f 7696 7720 4924
f 10702 313 311
f 4596 7409 5004
f 358 10724 9475
f 9875 3431 8821
f 311 10701 9452
f 10725 359 358
f 5525 9875 8821
f 4597 7410 5005
f 10596 2560 2558
f 2736 7552 5268
f 9874 3430 8820
f 5524 9874 8820
f 3097 4730 10507
f 9576 9172 2983
f 2737 7551 5269
f 10701 311 310
f 3096 4729 10506
f 9577 9171 2982
f 310 10700 9451
f 4699 6239 4721
f 2272 9822 2307
f 4277 4699 4721
f 359 10725 9476
f 2273 9823 2306
f 7092 6171 6408
f 4654 6238 4720
f 4172 6408 6171
f 7091 6170 6407
f 4231 4654 4720
f 4105 6407 6170
f 6996 6173 6406
f 10726 361 359
f 9873 3429 8819
f 6995 6172 6405
f 10455 2694 4366
f 8932 2858 5922
f 5523 9873 8819
f 2694 10455 4365
f 8931 2851 5921
f 10700 310 308
f 278 10670 9423
f 308 10699 9450
f 2275 9826 2307
f 10671 618 619
f 2278 9831 2308
f 2280 9833 2308
f 10606 2580 2577
f 618 10671 9424
f 7088 6176 6412
f 4239 9696 4662
f 4171 6412 6176
f 9872 3428 8818
f 9696 6099 4662
f 5522 9872 8818
f 10605 6843 6844
f 3231 2335 2797
f 10672 280 278
f 10605 2577 2576
f 10793 510 512
f 10604 6842 6843
f 361 10726 9477
f 6399 8935 9761
f 10699 308 305
f 7085 6179 6414
f 10792 386 384
f 4107 6414 6179
f 5584 9835 8876
f 280 10672 9427
f 9835 3445 8876
f 7001 6180 6413
f 10454 2688 4360
f 4100 6413 6180
f 305 10698 9449
f 2688 10454 4359
f 10727 364 361
f 6399 9761 8933
f 10453 2686 4358
f 9935 8925 9405
f 7080 6237 6463
f 2686 10453 4357
f 4165 6463 6237
f 9935 9405 2480
f 9871 3427 8817
f 5591 9746 9760
f 10673 615 618
f 5590 9745 9759
f 5585 9836 8877
f 7081 6235 6465
f 5521 9871 8817
f 4167 6465 6235
f 9870 3426 8816
f 6994 4465 7849
f 364 10727 9478
f 9836 3488 8877
f 2745 7849 4465
f 5476 9837 8772
f 10698 305 303
f 5520 9870 8816
f 10728 366 364
f 7075 6233 6461
f 303 10697 9448
f 4163 6461 6233
f 9869 3425 8815
f 2853 7294 8621
f 2846 7293 8620
f 615 10673 9428
f 5519 9869 8815
f 9837 3393 8772
f 7070 6231 6457
f 10595 6833 6834
f 4157 6457 6231
f 10595 2558 2555
f 6560 9937 6338
f 366 10728 9479
f 10674 382 379
f 6561 9938 6339
f 5477 9838 8773
f 7071 6228 6458
f 2780 9565 8964
f 4159 6458 6228
f 9838 3394 8773
f 10653 10115 435
f 5478 9839 8776
f 7068 6225 6455
f 436 10653 435
f 4155 6455 6225
f 382 10674 9425
f 10729 368 366
f 2779 9564 8963
f 4444 7892 6152
f 3614 7892 3111
f 7067 6224 6456
f 4443 7891 6151
f 3613 7891 3110
f 9939 4308 2669
f 4156 6456 6224
f 7064 6223 6454
f 9939 7210 4302
f 4154 6454 6223
f 10675 514 515
f 7210 9939 2669
f 5479 9840 8777
f 4308 9939 4302
f 9940 4309 2730
f 368 10729 9480
f 9940 7211 4303
f 7211 9940 2730
f 10730 370 368
f 4309 9940 4303
f 9941 4288 7821
f 10604 2576 2573
f 7061 6220 6453
f 9941 7206 7823
f 4153 6453 6220
f 6341 9567 9394
f 2609 7890 7098
f 7890 4768 7098
f 2484 7889 7097
f 7889 4767 7097
f 9567 3718 9394
f 7206 9941 7821
f 514 10675 9426
f 10603 6841 6842
f 6340 9566 9393
f 9566 3717 9393
f 10676 281 280
f 370 10730 9481
f 10603 2573 2572
f 4288 9941 7823
f 9942 4289 7822
f 10731 372 370
f 7055 6218 6449
f 9942 7207 7824
f 4148 6449 6218
f 7207 9942 7822
f 4289 9942 7824
f 9936 8926 9406
f 9943 2370 8903
f 10594 6832 6833
f 10594 2555 2554
f 9936 9406 2605
f 372 10731 9482
f 10593 6831 6832
f 10593 2554 2552
f 7050 6216 6444
f 10732 374 372
f 9944 2495 8904
f 9948 4196 7734
f 7878 4933 4938
f 7878 3041 4604
f 7877 4934 4937
f 7877 3040 4605
f 4142 6444 6216
f 9948 7116 7733
f 7116 9948 7734
f 4196 9948 7733
f 281 10676 9429
f 10452 2633 4320
f 10602 6840 6841
f 7051 6214 6446
f 7874 2672 2488
f 7873 2611 2363
f 3008 7872 6860
f 2633 10452 4319
f 10677 614 615
f 4144 6446 6214
f 3007 7871 6859
f 10602 2572 2570
f 10592 6830 6831
f 3370 4907 8012
f 10592 2552 2549
f 10601 6839 6840
f 10591 6829 6830
f 614 10677 9430
f 374 10732 9483
f 3369 4906 8011
f 10591 2549 2548
f 7045 6212 6442
f 10590 6828 6829
f 4140 6442 6212
f 10733 375 374
f 10451 2627 4314
f 10590 2548 2546
f 10678 283 281
f 2627 10451 4313
f 5484 9841 8780
f 7040 6210 6437
f 10450 2625 4312
f 4134 6437 6210
f 10589 6827 6828
f 7867 2756 5292
f 2625 10450 4311
f 10589 2546 2544
f 7866 2757 5293
f 9841 3397 8780
f 10473 5808 7881
f 5485 9842 8781
f 7041 6208 6439
f 10588 6826 6827
f 4136 6439 6208
f 10588 2544 2542
f 10474 5809 7882
f 10587 6825 6826
f 283 10678 9431
f 10092 3753 3855
f 9842 3398 8781
f 10587 2542 2539
f 6870 10447 3353
f 10586 6824 6825
f 375 10733 9484
f 6869 10446 3352
f 10586 2539 2538
f 10679 611 614
f 10445 2310 8924
f 5486 9843 8782
f 7035 6205 6435
f 7865 4607 440
f 441 7865 440
f 7864 4606 455
f 454 7864 455
f 10444 2296 8923
f 4132 6435 6205
f 10585 6823 6824
f 10443 3722 6585
f 10734 602 604
f 9843 3399 8782
f 10442 3721 6584
f 5487 9844 8783
f 10585 2538 2536
f 10439 3720 6583
f 10584 6822 6823
f 10584 2536 2534
f 10438 3719 6582
f 10583 6821 6822
f 611 10679 9432
f 7209 4452 4737
f 9844 3400 8783
f 7029 6202 6431
f 7209 2607 2731
f 4127 6431 6202
f 7861 4737 4452
f 4737 7861 4978
f 7860 4736 4451
f 4736 7860 4977
f 10583 2534 2532
f 7208 4451 4736
f 10582 6806 6807
f 10680 379 377
f 10093 3840 3950
f 5488 9845 8784
f 10582 2467 2464
f 7208 2483 2670
f 7855 4964 4968
f 7855 3113 3188
f 7854 4963 4967
f 7854 3112 3187
f 10581 6805 6806
f 7023 6200 6427
f 6731 3385 5586
f 4122 6427 6200
f 602 10734 9486
f 5792 6731 5586
f 10581 2464 2462
f 9845 3401 8784
f 10885 8719 5908
f 5489 9846 8785
f 10580 6804 6805
f 6732 3386 5587
f 10735 599 602
f 379 10680 9433
f 10884 8718 5907
f 9846 3402 8785
f 7016 6197 6422
f 5793 6732 5587
f 4114 6422 6197
f 10580 2462 2460
f 2860 10332 6731
f 10579 6803 6804
f 10681 515 518
f 2919 10333 6732
f 515 10681 9434
f 7017 6194 6423
f 10579 2460 2459
f 4116 6423 6194
f 10578 6802 6803
f 8051 11111 3608
f 10682 285 283
f 7014 6191 6420
f 10883 8715 5904
f 4112 6420 6191
f 285 10682 9435
f 9703 4418 6871
f 10683 610 611
f 7013 6190 6421
f 10882 8714 5903
f 4113 6421 6190
f 610 10683 9436
f 9704 4419 6872
f 10684 288 285
f 7010 6187 6418
f 10881 8711 5900
f 4110 6418 6187
f 288 10684 9437
f 5055 2342 2809
f 2615 6871 4418
f 7009 6186 6419
f 10880 8710 5899
f 4111 6419 6186
f 7006 6184 6417
f 3195 10337 7687
f 4109 6417 6184
f 10685 608 610
f 10879 8709 5898
f 5497 9847 8793
f 2676 6872 4419
f 6992 10337 7678
f 9847 3403 8793
f 10578 2459 2456
f 10878 8708 5897
f 10577 6801 6802
f 10337 6992 7687
f 10877 8707 5896
f 4094 6400 6167
f 4093 6399 6166
f 10337 3195 7678
f 10876 8706 5895
f 3190 10336 7686
f 10875 8705 5894
f 6991 10336 7677
f 10874 8704 5893
f 10336 6991 7686
f 10873 8703 5892
f 10336 3190 7677
f 10493 8461 3964
f 608 10685 9438
f 5498 9848 8794
f 10686 289 288
f 10601 2570 2568
f 10600 6838 6839
f 9848 3404 8794
f 289 10686 9439
f 5499 9849 8795
f 10333 2919 5470
f 10332 2860 5469
f 2603 10331 8889
f 10331 2603 2602
f 2478 10330 8888
f 10330 2478 2476
f 10329 4293 4291
f 10328 4292 4290
f 3013 10225 7416
f 3012 10224 7415
f 4597 10223 4930
f 5348 10223 3329
f 10223 5348 4930
f 10223 4597 3329
f 4596 10222 4929
f 5347 10222 3328
f 7081 2308 9831
f 10222 5347 4929
f 10222 4596 3328
f 7078 2308 9833
f 10219 2499 2502
f 10218 2374 2377
f 10217 4295 4293
f 10216 4294 4292
f 10215 2502 2503
f 10214 2377 2379
f 7071 2307 9822
f 10687 606 608
f 9849 3405 8795
f 10213 2503 2505
f 7067 2306 9821
f 7066 2307 9826
f 10212 2379 2381
f 7064 2306 9823
f 10211 2598 2599
f 10210 2473 2474
f 7061 2305 9817
f 10209 2505 2507
f 10208 2381 2383
f 7058 2305 9819
f 10207 2507 2510
f 10206 2383 2385
f 10205 2510 2511
f 10204 2385 2386
f 10203 2511 2513
f 10202 2386 2389
f 7051 2304 9810
f 10201 2513 2515
f 10200 2389 2390
f 7048 2304 9812
f 10199 2595 2598
f 10198 2594 2595
f 10197 2591 2594
f 10196 2589 2591
f 10195 2587 2589
f 10194 2585 2587
f 7041 2303 9803
f 10193 2583 2585
f 10192 2582 2583
f 7038 2303 9805
f 10191 2579 2582
f 10190 2578 2579
f 7035 2302 9799
f 10189 2575 2578
f 10188 2574 2575
f 7032 2302 9801
f 10187 2571 2574
f 10186 2569 2571
f 7029 2301 9795
f 10185 2567 2569
f 10184 2565 2567
f 7026 2301 9797
f 10183 2563 2565
f 10182 2562 2563
f 10181 2559 2562
f 10180 2557 2559
f 10179 2556 2557
f 10178 2553 2556
f 10177 2551 2553
f 10176 2550 2551
f 7017 2300 9785
f 10175 2547 2550
f 10174 2545 2547
f 10173 2543 2545
f 7013 2299 9782
f 7012 2300 9789
f 10172 2541 2543
f 10171 2540 2541
f 7009 2298 9781
f 7008 2299 9786
f 10170 2537 2540
f 7006 2298 9783
f 10169 2535 2537
f 10168 2533 2535
f 10872 8702 5891
f 10167 2531 2533
f 3326 3340 5175
f 10166 2530 2531
f 10165 2527 2530
f 10164 2525 2527
f 10163 2524 2525
f 10162 2521 2524
f 4092 6398 6163
f 4091 6397 6162
f 10871 8701 5890
f 10161 2520 2521
f 10870 8700 5889
f 10160 2517 2520
f 2849 7286 8728
f 2856 7287 8729
f 9066 3984 5651
f 10869 8699 5888
f 9065 3983 5650
f 10159 2515 2517
f 10577 2456 2454
f 10868 8698 5887
f 10576 6800 6801
f 10158 2471 2473
f 9062 3988 5649
f 10867 8697 5886
f 9061 3987 5648
f 10157 2469 2471
f 9060 3990 5647
f 10866 8696 5885
f 9059 3989 5646
f 10156 2466 2469
f 5500 9850 8796
f 10865 8695 5884
f 9850 3406 8796
f 10155 2465 2466
f 9052 4081 5641
f 10864 8694 5883
f 9051 4080 5640
f 10154 2463 2465
f 9050 4079 5639
f 10863 8693 5882
f 606 10687 9440
f 10153 2461 2463
f 5501 9851 8797
f 10862 8692 5881
f 10688 291 289
f 10152 2458 2461
f 9851 3407 8797
f 10861 8691 5880
f 5502 9852 8798
f 10151 2457 2458
f 9852 3408 8798
f 10860 8690 5879
f 291 10688 9441
f 10150 2455 2457
f 5503 9853 8799
f 10859 8689 5878
f 10689 377 375
f 10149 2453 2455
f 9040 4069 5638
f 10858 8688 5877
f 9853 3409 8799
f 10148 2451 2453
f 9038 4067 5637
f 10857 8687 5876
f 5504 9854 8800
f 10147 2448 2451
f 9036 4065 5636
f 10856 8686 5875
f 9854 3410 8800
f 10146 2447 2448
f 9034 4063 5635
f 10855 8685 5874
f 377 10689 9485
f 10145 2444 2447
f 9032 4061 5634
f 10854 8684 5873
f 5505 9855 8801
f 10144 2443 2444
f 9030 4059 5633
f 10853 8683 5872
f 10690 604 606
f 10143 2441 2443
f 9028 4057 5632
f 10852 8682 5871
f 9855 3411 8801
f 10142 2438 2441
f 9026 4055 5631
f 10851 8681 5870
f 5506 9856 8802
f 10141 2437 2438
f 9856 3412 8802
f 10850 8680 5869
f 9023 4052 5630
f 10140 2435 2437
f 9022 4051 5629
f 10849 8679 5868
f 9021 4050 5628
f 10139 2433 2435
f 604 10690 9443
f 10848 8678 5867
f 10600 2568 2566
f 10138 2431 2433
f 10691 518 520
f 10847 8677 5866
f 5507 9857 8803
f 10137 2428 2431
f 9857 3413 8803
f 10846 8676 5865
f 9015 4044 5627
f 10136 2427 2428
f 10599 6837 6838
f 10845 8675 5864
f 9013 4042 5626
f 10135 2425 2427
f 5508 9858 8804
f 10844 8674 5863
f 9858 3414 8804
f 10134 2423 2425
f 9012 4034 5623
f 10843 8673 5862
f 9011 4033 5622
f 10133 2421 2423
f 9010 4032 5621
f 10842 8672 5861
f 5509 9859 8805
f 10132 2418 2421
f 518 10691 9528
f 10841 8671 5860
f 9859 3415 8805
f 10131 2417 2418
f 9006 4028 5620
f 10840 8670 5859
f 10692 293 291
f 10130 2415 2417
f 9004 4026 5619
f 10839 8667 5856
f 5510 9860 8806
f 10129 2412 2415
f 9002 4024 5618
f 10838 8666 5855
f 9860 3416 8806
f 10128 2411 2412
f 9000 4022 5617
f 10837 8665 5854
f 5511 9861 8807
f 10127 2409 2411
f 8998 4020 5616
f 10836 8664 5853
f 293 10692 9442
f 10126 2406 2409
f 8996 4018 5615
f 10835 8663 5852
f 9861 3417 8807
f 10125 2405 2406
f 8994 4016 5614
f 10834 8662 5851
f 10693 295 293
f 10124 2403 2405
f 8992 4014 5613
f 10833 8661 5850
f 5512 9862 8808
f 10123 2401 2403
f 8990 4012 5612
f 10832 8660 5849
f 9862 3418 8808
f 10122 2399 2401
f 8988 4010 5611
f 10831 8659 5848
f 5513 9863 8809
f 10121 2397 2399
f 8986 4008 5610
f 10830 8658 5847
f 295 10693 9444
f 10120 2394 2397
f 10694 297 295
f 10829 8657 5846
f 8983 4005 5609
f 10119 2393 2394
f 8982 4004 5608
f 10828 8656 5845
f 8981 4003 5607
f 10118 2390 2393
f 9708 3726 9422
f 10827 8655 5844
f 9707 3725 9421
f 10117 2495 8897
f 9863 3419 8809
f 10826 8654 5843
f 297 10694 9445
f 2495 10117 2497
f 5514 9864 8810
f 10825 8653 5842
f 10695 299 297
f 10116 2370 8896
f 9864 3420 8810
f 10824 8652 5841
f 8973 3995 5606
f 2370 10116 2373
f 5515 9865 8811
f 10823 8651 5840
f 9865 3421 8811
f 2673 10114 7687
f 599 10735 9487
f 10822 8650 5839
f 10576 2454 2452
f 3194 10114 8212
f 8970 4083 5642
f 10821 8649 5838
f 8969 4036 5624
f 10114 3194 7687
f 10575 6799 6800
f 10820 8648 5837
f 10575 2452 2450
f 10114 2673 8212
f 8966 4085 5643
f 10819 8647 5836
f 8965 4038 5625
f 2612 10113 7686
f 10818 8646 5835
f 3189 10113 8211
f 10817 8645 5834
f 10113 3189 7686
f 9280 4086 5645
f 10816 8644 5833
f 9279 4039 5644
f 10113 2612 8211
f 6748 10099 8446
f 8446 6377 6748
f 10099 3966 8446
f 6747 10098 8445
f 8445 6376 6747
f 10098 3965 8445
f 10815 8643 5832
f 10112 4421 8240
f 10814 8642 5831
f 10112 6581 6157
f 10813 8641 5830
f 6581 10112 8240
f 10502 6360 8015
f 3615 10502 8015
f 10501 6361 8016
f 3616 10501 8016
f 10574 6798 6799
f 2975 6981 5472
f 10812 8640 5829
f 10574 2450 2449
f 2916 6980 5471
f 6156 9755 10111
f 5791 9711 5473
f 10811 8639 5828
f 10111 4420 8239
f 10810 8638 5827
f 10111 6580 6156
f 10809 8637 5826
f 6580 10111 8239
f 10808 8636 5825
f 2325 7853 5367
f 7853 4725 5367
f 10111 9755 4420
f 10807 8635 5824
f 5470 10110 8621
f 10806 8634 5823
f 10110 5470 2919
f 5469 10109 8620
f 10109 5469 2860
f 3726 9708 9563
f 3731 10108 9540
f 3725 9707 9562
f 4447 10108 8021
f 10091 6978 3261
f 6978 10091 7836
f 10805 8633 5822
f 438 7851 437
f 10108 4447 9540
f 10090 6977 3260
f 6977 10090 7835
f 10804 8632 5821
f 10108 3731 8021
f 10803 8631 5820
f 3732 10107 9539
f 10802 8630 5819
f 4448 10107 8022
f 10801 8629 5818
f 10107 4448 9539
f 10800 8628 5817
f 10107 3732 8022
f 10799 8627 5816
f 10103 4425 3962
f 7846 2994 5310
f 10798 8626 5815
f 10102 4424 3961
f 7845 2993 5309
f 5057 5257 2808
f 4456 10097 7880
f 2344 5057 2808
f 10097 4456 5091
f 5175 3340 2826
f 5056 5256 2807
f 4457 10094 7879
f 2854 10795 5912
f 8725 10795 7414
f 10795 8725 5912
f 10795 2854 7414
f 10736 598 599
f 2343 5056 2807
f 2847 10794 5911
f 8724 10794 7413
f 10794 8724 5911
f 10794 2847 7413
f 10094 4457 5092
f 299 10695 9446
f 5516 9866 8812
f 10091 4299 4295
f 10090 4298 4294
f 9972 9293 9743
f 10573 6797 6798
f 7103 2319 5227
f 7103 4469 4773
f 10791 5775 7285
f 10791 8956 4896
f 8956 10791 7285
f 5775 10791 4896
f 10790 5774 7284
f 9702 4185 6154
f 4185 9702 6858
f 9702 3966 6858
f 9701 4184 6153
f 4184 9701 6857
f 9701 3965 6857
f 10790 8955 4895
f 10573 2449 2446
f 8955 10790 7284
f 10572 6796 6797
f 5774 10790 4895
f 10789 4719 4909
f 10789 5332 3169
f 5332 10789 4909
f 4719 10789 3169
f 6726 3186 4455
f 3186 4441 4455
f 6725 3185 4454
f 3185 4440 4454
f 10788 4718 4908
f 10788 5331 3168
f 5331 10788 4908
f 4718 10788 3168
f 10572 2446 2445
f 10571 6795 6796
f 7102 2317 5226
f 7102 4468 4772
f 4462 7098 4768
f 4461 7097 4767
f 9977 7840 4090
f 7840 9977 3029
f 10787 2314 3330
f 10787 2835 446
f 2835 10787 3330
f 2314 10787 446
f 10786 2292 3331
f 10786 2836 449
f 2836 10786 3331
f 2292 10786 449
f 9538 2986 2996
f 10785 7096 4438
f 9537 2979 2995
f 2674 10785 4438
f 9976 7839 4089
f 2744 7718 2747
f 10784 7095 4437
f 7839 9976 3028
f 10571 2445 2442
f 10570 6794 6795
f 2613 10784 4437
f 9973 2492 9294
f 9728 2481 4179
f 9728 4179 7275
f 9729 2606 4178
f 9729 4178 7276
f 7715 3019 6862
f 4467 7715 6862
f 7714 3018 6861
f 4466 7714 6861
f 10570 2442 2440
f 598 10736 9488
f 9972 9743 2365
f 10569 6793 6794
f 10569 2440 2439
f 9972 2366 9293
f 5110 4914 8303
f 6738 9969 3018
f 6739 9968 3019
f 6993 9967 3054
f 10737 596 598
f 10568 6792 6793
f 9418 6748 6377
f 5384 9418 6377
f 9418 5384 5780
f 9418 2858 6748
f 9417 6747 6376
f 5383 9417 6376
f 9417 5383 5779
f 7708 4964 5099
f 7708 2488 2672
f 7707 4963 5098
f 7707 2363 2611
f 9417 2851 6747
f 10568 2439 2436
f 10567 6791 6792
f 10567 2436 2434
f 10566 6790 6791
f 10566 2434 2432
f 7701 4459 5074
f 7700 4458 5073
f 10565 6789 6790
f 9967 3053 3054
f 5464 9963 3600
f 10565 2432 2430
f 596 10737 9489
f 5463 9962 3599
f 2500 7695 2498
f 6987 5310 2994
f 2375 7694 2372
f 5310 6987 6371
f 6986 5309 2993
f 10564 6788 6789
f 10564 2430 2429
f 5309 6986 6370
f 4450 6983 4783
f 4449 6982 4782
f 10738 593 596
f 2865 7413 8722
f 9959 3969 8476
f 9959 6592 7291
f 6592 9959 8476
f 10563 6787 6788
f 10563 2429 2426
f 3969 9959 7291
f 9958 3970 8475
f 9958 6593 7292
f 6593 9958 8475
f 4227 9697 4651
f 9697 6088 4651
f 3970 9958 7292
f 6974 3021 3019
f 2593 10469 9272
f 6973 3020 3018
f 2590 10468 9270
f 10696 301 299
f 9866 3422 8812
f 7297 2989 3739
f 7298 2990 3740
f 2924 7414 8723
f 10562 6786 6787
f 2849 8728 5813
f 6970 4749 6709
f 4233 9957 7769
f 10562 2426 2424
f 7152 9957 7770
f 10561 6785 6786
f 2856 8729 5814
f 6969 4748 6708
f 9957 7152 7769
f 9957 4233 7770
f 4187 9956 7724
f 10561 2424 2422
f 10560 6784 6785
f 7107 9956 7725
f 9956 7107 7724
f 9956 4187 7725
f 4276 9955 7812
f 10560 2422 2420
f 593 10738 9490
f 7195 9955 7828
f 9955 7195 7812
f 9955 4276 7828
f 4230 9954 7767
f 10739 592 593
f 10559 6783 6784
f 2468 10466 9238
f 7150 9954 7827
f 2464 10465 9236
f 9954 7150 7767
f 9954 4230 7827
f 4285 9953 7820
f 10559 2420 2419
f 10558 6782 6783
f 7203 9953 7818
f 9953 7203 7820
f 9953 4285 7818
f 4284 9952 7819
f 10558 2419 2416
f 10557 6781 6782
f 7202 9952 7817
f 9952 7202 7819
f 9952 4284 7817
f 4272 9951 7808
f 10557 2416 2414
f 9406 6369 4479
f 7191 9951 7809
f 9951 7191 7808
f 9951 4272 7809
f 592 10739 9491
f 10740 589 592
f 10556 6780 6781
f 9405 6368 4478
f 10556 2414 2413
f 589 10740 9492
f 10741 587 589
f 10555 6779 6780
f 10555 2413 2410
f 2529 10467 9206
f 2404 10464 9205
f 587 10741 9493
f 10742 586 587
f 2501 10463 9278
f 2376 10462 9277
f 5110 8303 2798
f 10554 6778 6779
f 10554 2410 2408
f 586 10742 9494
f 9973 9294 9744
f 4273 9698 4696
f 9698 6133 4696
f 5517 9867 8813
f 9973 9744 2490
f 9867 3423 8813
f 301 10696 9447
f 5518 9868 8814
f 4465 6994 7832
f 7832 6744 4465
f 4609 7556 7428
f 10783 6746 2498
f 2496 10783 2498
f 10782 6745 2372
f 2371 10782 2372
f 10781 7824 7207
f 9699 271 270
f 3059 5223 2763
f 7841 5223 3059
f 5214 5225 2765
f 5225 3061 2765
f 5225 7843 3061
f 5213 5224 2764
f 5224 3060 2764
f 5224 7842 3060
f 2809 3303 479
f 8483 2809 479
f 2366 9972 11152
f 11152 9972 2365
f 3302 2808 416
f 2808 8482 416
f 9739 2370 9943
f 9739 9943 2369
f 3301 2807 479
f 2807 8481 479
f 2480 9570 9935
f 9935 9570 2479
f 4887 10781 7207
f 10780 7823 7206
f 4886 10780 7206
f 10743 583 586
f 10553 6777 6778
f 8669 10525 2913
f 10525 8669 2914
f 8713 10526 2972
f 10526 8713 2973
f 4608 7555 7427
f 9700 624 626
f 2492 9973 11153
f 10779 5117 4777
f 11153 9973 2490
f 10778 5116 4776
f 9712 2369 2367
f 9740 2495 9944
f 8718 10527 2867
f 10527 8718 2868
f 8719 10528 2926
f 10528 8719 2927
f 9713 2494 2491
f 9740 9944 2494
f 5590 9714 2859
f 5591 9715 2918
f 2605 9571 9936
f 9718 3961 4424
f 9718 6370 6986
f 10777 512 514
f 9936 9571 2604
f 6370 9718 4424
f 9719 3962 4425
f 10776 384 382
f 520 10775 9527
f 9719 6371 6987
f 6371 9719 4425
f 10775 520 522
f 522 10774 9526
f 9722 6606 8917
f 2374 9722 8917
f 10774 522 523
f 523 10773 9525
f 9723 6607 8918
f 2499 9723 8918
f 10773 523 525
f 525 10772 9524
f 9726 2773 5309
f 9726 6370 6711
f 10772 525 527
f 527 10771 9523
f 10531 2376 2375
f 10531 6755 6757
f 10771 527 530
f 530 10770 9522
f 10532 2501 2500
f 10532 6756 6758
f 10770 530 532
f 532 10769 9521
f 6370 9726 5309
f 10553 2408 2407
f 10769 532 534
f 534 10768 9520
f 583 10743 9495
f 9727 2774 5310
f 10768 534 536
f 536 10767 9519
f 10533 2378 2376
f 10533 6757 6759
f 10767 536 538
f 7693 2602 2603
f 7692 2476 2478
f 538 10766 9518
f 10534 2504 2501
f 10534 6758 6760
f 4754 7691 6353
f 3970 7691 3050
f 10766 538 540
f 4753 7690 6352
f 3969 7690 3049
f 540 10765 9517
f 10535 2380 2378
f 10535 6759 6761
f 10765 540 542
f 542 10764 9516
f 10536 2506 2504
f 10536 6760 6762
f 10764 542 543
f 543 10763 9515
f 10537 2387 2384
f 10537 6765 6767
f 10763 543 546
f 546 10762 9514
f 10538 2512 2509
f 10538 6766 6811
f 10762 546 548
f 548 10761 9513
f 10539 2388 2387
f 10539 6767 6768
f 10761 548 549
f 549 10760 9512
f 10540 2514 2512
f 10540 6811 6812
f 10760 549 552
f 552 10759 9511
f 10541 2382 2380
f 10541 6761 6763
f 10759 552 553
f 553 10758 9510
f 10542 2508 2506
f 10542 6762 6764
f 10758 553 555
f 555 10757 9509
f 10543 2384 2382
f 10543 6763 6765
f 10757 555 557
f 557 10756 9508
f 10544 2509 2508
f 10544 6764 6766
f 10756 557 560
f 560 10755 9507
f 10545 2391 2388
f 10545 6768 6769
f 10755 560 561
f 561 10754 9506
f 10546 2516 2514
f 10546 6812 6813
f 10754 561 563
f 563 10753 9505
f 10547 2472 2470
f 10547 6809 6810
f 10753 563 566
f 566 10752 9504
f 10548 2597 2596
f 4242 9950 7778
f 10752 566 568
f 568 10751 9503
f 7161 9950 7779
f 10548 6853 6854
f 10751 568 569
f 569 10750 9502
f 10549 2470 2468
f 9950 7161 7778
f 10750 569 571
f 571 10749 9501
f 9950 4242 7779
f 4226 9949 7763
f 10749 571 573
f 573 10748 9500
f 7146 9949 7764
f 10549 6808 6809
f 10748 573 575
f 575 10747 9499
f 10550 2596 2593
f 9949 7146 7763
f 10747 575 577
f 577 10746 9498
f 3027 3083 5169
f 9949 4226 7764
f 10550 6852 6853
f 10746 577 580
f 10697 303 301
f 9868 3424 8814
f 580 10745 9497
f 10551 2468 2467
f 10551 6807 6808
f 10745 580 581
f 581 10744 9496
f 10552 2593 2592
f 10552 6851 6852
f 10744 581 583
f 11181 5794 6602
f 11181 8896 5602
f 8896 11181 6602
f 5794 11181 5602
f 11182 5795 6603
f 11182 8897 5603
f 8897 11182 6603
f 5795 11182 5603
f 5475 11183 11144
f 5657 11183 11176
f 11183 5657 11144
f 11183 5475 11176
f 5474 11184 11143
f 5656 11184 11175
f 11184 5656 11143
f 11184 5474 11175
f 11185 2761 5318
f 11185 7899 8078
f 7899 11185 5318
f 2761 11185 8078
f 11186 2762 5319
f 11186 7900 8079
f 7900 11186 5319
f 2762 11186 8079
f 11190 3859 3861
f 11190 7313 7309
f 7313 11190 3861
f 3859 11190 7309
f 3212 11187 3250
f 5154 11187 3026
f 11187 5154 3250
f 11187 3212 3026
f 4872 11188 4873
f 7195 11188 7194
f 11188 7195 4873
f 11188 4872 7194
f 4827 11189 4828
f 7150 11189 7149
f 8486 11203 10665
f 9292 11203 9945
f 11203 9292 10665
f 11203 8486 9945
f 11200 3864 7322
f 8487 11202 10664
f 7324 11200 7322
f 9291 11202 9946
f 3891 11201 7351
f 7355 11201 3895
f 11201 7355 7351
f 11201 3891 3895
f 11202 8487 9946
f 11202 9291 10664
f 11207 3915 7377
f 11207 7375 3913
f 11232 11262 369
f 284 11261 11231
f 11228 11260 323
f 330 11259 11227
f 11224 11257 277
f 376 11258 11223
f 369 11262 367
f 286 11261 284
f 11220 11246 302
f 351 11245 11219
f 11221 11256 381
f 272 11255 11222
f 323 11260 322
f 332 11259 330
f 397 11243 11217
f 11218 11244 255
f 11225 11252 335
f 318 11251 11226
f 277 11257 276
f 378 11258 376
f 11216 11242 360
f 294 11241 11215
f 381 11256 380
f 274 11255 272
f 11229 11250 290
f 363 11249 11230
f 11214 11238 314
f 339 11237 11213
f 11236 11248 394
f 259 11247 11235
f 335 11252 333
f 320 11251 318
f 11239 11253 347
f 306 11254 11240
f 385 11233 11211
f 11212 11234 267
f 365 11249 363
f 290 11250 287
f 394 11248 392
f 261 11247 259
f 11210 11232 371
f 282 11231 11209
f 347 11253 345
f 307 11254 306
f 11208 11228 326
f 328 11227 11208
f 302 11246 300
f 354 11245 351
f 399 11243 397
f 255 11244 253
f 244 11246 11220
f 11219 11245 201
f 360 11242 357
f 296 11241 294
f 373 11223 11210
f 11209 11224 279
f 11211 11221 383
f 269 11222 11212
f 11213 11225 337
f 316 11226 11214
f 314 11238 312
f 341 11237 339
f 11217 11243 166
f 159 11244 11218
f 11215 11229 292
f 362 11230 11216
f 388 11233 385
f 267 11234 266
f 258 11235 11218
f 11217 11236 395
f 11219 11239 350
f 304 11240 11220
f 371 11232 369
f 284 11231 282
f 195 11242 11216
f 11215 11241 250
f 326 11228 323
f 330 11227 328
f 233 11238 11214
f 11213 11237 212
f 383 11221 381
f 272 11222 269
f 376 11223 373
f 279 11224 277
f 337 11225 335
f 318 11226 316
f 150 11234 11212
f 11211 11233 175
f 292 11229 290
f 363 11230 362
f 395 11236 394
f 259 11235 258
f 350 11239 347
f 306 11240 304
f 188 11232 11210
f 11209 11231 138
f 223 11228 11208
f 11208 11227 222
f 204 11239 11219
f 11220 11240 242
f 244 11220 242
f 204 11219 201
f 168 11236 11217
f 11218 11235 158
f 11216 11230 193
f 252 11229 11215
f 168 11217 166
f 159 11218 158
f 11214 11226 231
f 214 11225 11213
f 177 11221 11211
f 11212 11222 148
f 11210 11223 186
f 139 11224 11209
f 195 11216 193
f 252 11215 250
f 142 11257 11224
f 11223 11258 183
f 233 11214 231
f 214 11213 212
f 150 11212 148
f 177 11211 175
f 328 11208 326
f 188 11210 186
f 139 11209 138
f 11227 11259 220
f 225 11260 11228
f 11231 11261 136
f 190 11262 11232
f 180 11256 11221
f 11222 11255 145
f 134 11261 11250
f 11249 11262 191
f 282 11209 279
f 373 11210 371
f 11233 11263 173
f 151 11264 11234
f 11237 11265 209
f 236 11266 11238
f 223 11208 222
f 197 11268 11242
f 11241 11267 248
f 162 11269 11244
f 11243 11269 164
f 385 11211 383
f 269 11212 267
f 245 11267 11246
f 11245 11268 199
f 11251 11260 227
f 217 11259 11252
f 182 11258 11256
f 11255 11257 144
f 216 11252 11225
f 11226 11251 229
f 339 11213 337
f 316 11214 314
f 11247 11264 153
f 172 11263 11248
f 294 11215 292
f 362 11216 360
f 397 11217 395
f 258 11218 255
f 11240 11254 239
f 206 11253 11239
f 169 11248 11236
f 11235 11247 156
f 208 11265 11253
f 11254 11266 237
f 351 11219 350
f 304 11220 302
f 6 11250 11229
f 11230 11249 8
f 242 11240 239
f 206 11239 204
f 169 11236 168
f 158 11235 156
f 193 11230 8
f 6 11229 252
f 231 11226 229
f 216 11225 214
f 142 11224 139
f 186 11223 183
f 180 11221 177
f 148 11222 145
f 222 11227 220
f 225 11228 223
f 138 11231 136
f 190 11232 188
f 151 11234 150
f 175 11233 173
f 236 11238 233
f 212 11237 209
f 250 11241 248
f 197 11242 195
f 166 11243 164
f 162 11244 159
f 239 11254 237
f 208 11253 206
f 201 11245 199
f 245 11246 244
f 172 11248 169
f 156 11247 153
f 134 11250 6
f 8 11249 191
f 229 11251 227
f 217 11252 216
f 145 11255 144
f 182 11256 180
f 183 11258 182
f 144 11257 142
f 220 11259 217
f 227 11260 225
f 136 11261 134
f 191 11262 190
f 173 11263 172
f 153 11264 151
f 209 11265 208
f 237 11266 236
f 248 11267 245
f 199 11268 197
f 164 11269 162
f 11233 11288 11263
f 11264 11289 11234
f 11237 11287 11265
f 11266 11286 11238
f 11268 11284 11242
f 11241 11285 11267
f 11269 11283 11244
f 11243 11282 11269
f 11261 11274 11250
f 11249 11275 11262
f 11267 11280 11246
f 11245 11281 11268
f 11251 11273 11260
f 11259 11272 11252
f 11258 11270 11256
f 11255 11271 11257
f 11247 11276 11264
f 11263 11277 11248
f 11265 11278 11253
f 11254 11279 11266
f 388 11288 11233
f 11234 11289 266
f 341 11287 11237
f 11238 11286 312
f 296 11285 11241
f 11242 11284 357
f 11244 11283 253
f 399 11282 11243
f 354 11281 11245
f 11246 11280 300
f 11263 11288 389
f 263 11289 11264
f 11265 11287 344
f 309 11286 11266
f 11248 11277 392
f 261 11276 11247
f 11267 11285 298
f 356 11284 11268
f 365 11275 11249
f 11250 11274 287
f 11253 11278 345
f 307 11279 11254
f 320 11273 11251
f 11252 11272 333
f 10 11283 11269
f 11269 11282 10
f 11256 11270 380
f 274 11271 11255
f 298 11280 11267
f 11268 11281 356
f 11257 11271 276
f 378 11270 11258
f 332 11272 11259
f 11260 11273 322
f 11262 11275 367
f 286 11274 11261
f 389 11277 11263
f 11264 11276 263
f 11266 11279 309
f 344 11278 11265
f 389 11288 388
f 266 11289 263
f 344 11287 341
f 312 11286 309
f 298 11285 296
f 357 11284 356
f 253 11283 10
f 10 11282 399
f 356 11281 354
f 300 11280 298
f 309 11279 307
f 345 11278 344
f 392 11277 389
f 263 11276 261
f 367 11275 365
f 287 11274 286
f 322 11273 320
f 333 11272 332
f 380 11270 378
f 276 11271 274
f 11314 612 11343
f 526 11313 11344
f 11310 565 11342
f 572 11309 11341
f 11306 519 11340
f 617 11305 11339
f 612 609 11343
f 528 526 11344
f 11302 544 11328
f 594 11301 11327
f 11303 623 11337
f 513 11304 11338
f 565 564 11342
f 574 572 11341
f 11300 497 11326
f 640 11299 11325
f 11307 578 11334
f 559 11308 11333
f 519 517 11340
f 620 617 11339
f 11298 601 11324
f 535 11297 11323
f 623 622 11337
f 516 513 11338
f 11311 531 11332
f 605 11312 11331
f 11296 556 11320
f 582 11295 11319
f 11317 635 11329
f 502 11318 11330
f 578 576 11334
f 562 559 11333
f 11321 590 11335
f 547 11322 11336
f 11294 509 11316
f 628 11293 11315
f 531 529 11332
f 607 605 11331
f 635 633 11329
f 504 502 11330
f 11292 613 11314
f 524 11291 11313
f 590 588 11335
f 550 547 11336
f 11290 567 11310
f 570 11290 11309
f 544 541 11328
f 595 594 11327
f 497 495 11326
f 641 640 11325
f 22 11302 11328
f 11301 63 11327
f 601 600 11324
f 537 535 11323
f 616 11292 11305
f 11291 521 11306
f 11293 625 11303
f 511 11294 11304
f 11295 579 11307
f 558 11296 11308
f 556 554 11320
f 584 582 11319
f 106 11300 11326
f 11299 99 11325
f 11297 533 11311
f 603 11298 11312
f 509 507 11316
f 630 628 11315
f 11299 638 11317
f 500 11300 11318
f 11301 591 11321
f 545 11302 11322
f 613 612 11314
f 526 524 11313
f 69 11298 11324
f 11297 16 11323
f 567 565 11310
f 572 570 11309
f 32 11296 11320
f 11295 53 11319
f 625 623 11303
f 513 511 11304
f 617 616 11305
f 521 519 11306
f 579 578 11307
f 559 558 11308
f 115 11294 11316
f 11293 90 11315
f 533 531 11311
f 605 603 11312
f 638 635 11317
f 502 500 11318
f 591 590 11321
f 547 545 11322
f 77 11292 11314
f 11291 127 11313
f 41 11290 11310
f 11290 43 11309
f 11302 24 11322
f 62 11301 11321
f 22 24 11302
f 62 63 11301
f 98 11299 11317
f 11300 107 11318
f 11298 71 11312
f 13 11297 11311
f 98 99 11299
f 106 107 11300
f 11296 33 11308
f 51 11295 11307
f 11294 117 11304
f 87 11293 11303
f 11292 79 11305
f 125 11291 11306
f 69 71 11298
f 13 16 11297
f 123 11306 11340
f 11305 81 11339
f 32 33 11296
f 51 53 11295
f 115 117 11294
f 87 90 11293
f 570 567 11290
f 77 79 11292
f 125 127 11291
f 11309 45 11341
f 39 11310 11342
f 11313 129 11344
f 76 11314 11343
f 86 11303 11337
f 11304 119 11338
f 131 11332 11344
f 11331 74 11343
f 524 521 11291
f 616 613 11292
f 11315 92 11345
f 113 11316 11346
f 11319 55 11348
f 29 11320 11347
f 41 43 11290
f 11323 18 11349
f 68 11324 11350
f 11325 101 11351
f 103 11326 11351
f 628 625 11293
f 511 509 11294
f 11327 65 11350
f 20 11328 11349
f 11333 37 11342
f 47 11334 11341
f 84 11337 11339
f 11338 121 11340
f 49 11307 11334
f 11308 35 11333
f 582 579 11295
f 558 556 11296
f 94 11329 11345
f 11330 111 11346
f 535 533 11297
f 603 601 11298
f 640 638 11299
f 500 497 11300
f 11322 26 11336
f 59 11321 11335
f 95 11317 11329
f 11318 110 11330
f 58 11335 11348
f 11336 28 11347
f 594 591 11301
f 545 544 11302
f 2 11311 11332
f 11312 3 11331
f 24 26 11322
f 59 62 11321
f 107 110 11318
f 95 98 11317
f 71 3 11312
f 2 13 11311
f 33 35 11308
f 49 51 11307
f 123 125 11306
f 79 81 11305
f 117 119 11304
f 86 87 11303
f 43 45 11309
f 39 41 11310
f 127 129 11313
f 76 77 11314
f 90 92 11315
f 113 115 11316
f 53 55 11319
f 29 32 11320
f 16 18 11323
f 68 69 11324
f 99 101 11325
f 103 106 11326
f 26 28 11336
f 58 59 11335
f 63 65 11327
f 20 22 11328
f 110 111 11330
f 94 95 11329
f 131 2 11332
f 3 74 11331
f 35 37 11333
f 47 49 11334
f 84 86 11337
f 119 121 11338
f 81 84 11339
f 121 123 11340
f 45 47 11341
f 37 39 11342
f 129 131 11344
f 74 76 11343
f 92 94 11345
f 111 113 11346
f 28 29 11347
f 55 58 11348
f 18 20 11349
f 65 68 11350
f 101 103 11351
f 11315 11345 11371
f 11346 11316 11370
f 11319 11348 11369
f 11347 11320 11368
f 11323 11349 11367
f 11350 11324 11366
f 11325 11351 11365
f 11351 11326 11364
f 11344 11332 11356
f 11331 11343 11357
f 11327 11350 11363
f 11349 11328 11362
f 11333 11342 11355
f 11341 11334 11354
f 11339 11337 11352
f 11338 11340 11353
f 11345 11329 11358
f 11330 11346 11359
f 11348 11335 11360
f 11336 11347 11361
f 630 11315 11371
f 11316 507 11370
f 584 11319 11369
f 11320 554 11368
f 537 11323 11367
f 11324 600 11366
f 641 11325 11365
f 11326 495 11364
f 595 11327 11363
f 11328 541 11362
f 11345 632 11371
f 505 11346 11370
f 11348 585 11369
f 551 11347 11368
f 11329 633 11358
f 504 11330 11359
f 11349 539 11367
f 597 11350 11366
f 607 11331 11357
f 11332 529 11356
f 11335 588 11360
f 550 11336 11361
f 562 11333 11355
f 11334 576 11354
f 11 11351 11364
f 11351 11 11365
f 11337 622 11352
f 516 11338 11353
f 11350 597 11363
f 539 11349 11362
f 620 11339 11352
f 11340 517 11353
f 574 11341 11354
f 11342 564 11355
f 11343 609 11357
f 528 11344 11356
f 632 11345 11358
f 11346 505 11359
f 11347 551 11361
f 585 11348 11360
f 632 630 11371
f 507 505 11370
f 585 584 11369
f 554 551 11368
f 539 537 11367
f 600 597 11366
f 11 641 11365
f 495 11 11364
f 597 595 11363
f 541 539 11362
f 551 550 11361
f 588 585 11360
f 505 504 11359
f 633 632 11358
f 609 607 11357
f 529 528 11356
f 564 562 11355
f 576 574 11354
f 622 620 11352
f 517 516 11353