# https://github.com/mikedh/trimesh
v 0.00000000 -0.11867678 -0.44506503
v 0.00000000 -0.11867678 -0.44506503
v 0.00000000 -0.01394798 -0.50000000
v 0.00000000 -0.01394798 -0.50000000
v 0.00000000 0.09895136 -0.46479045
v 0.00000000 0.09895136 -0.46479045
v 0.00000000 0.15388633 -0.36006165
v 0.00000000 0.15388633 -0.36006165
v 0.00000000 0.11867678 -0.24716231
v 0.00000000 0.11867678 -0.24716231
v 0.00000000 0.01394798 -0.19222733
v 0.00000000 0.01394798 -0.19222733
v 0.00000000 -0.09895136 -0.22743689
v 0.00000000 -0.09895136 -0.22743689
v 0.00000000 -0.15388633 -0.33216569
v 0.00000000 -0.15388633 -0.33216569
v 0.01441205 -0.11867678 -0.44483162
v 0.01441205 -0.11867678 -0.44483162
v 0.02880898 -0.11867678 -0.44413165
v 0.02880898 -0.11867678 -0.44413165
v 0.04317569 -0.11867678 -0.44296584
v 0.04317569 -0.11867678 -0.44296584
v 0.05749712 -0.11867678 -0.44133543
v 0.05749712 -0.11867678 -0.44133543
v 0.07175825 -0.11867678 -0.43924211
v 0.07175825 -0.11867678 -0.43924211
v 0.08594410 -0.11867678 -0.43668809
v 0.08594410 -0.11867678 -0.43668809
v 0.10003981 -0.11867678 -0.43367604
v 0.10003981 -0.11867678 -0.43367604
v 0.11403060 -0.11867678 -0.43020913
v 0.11403060 -0.11867678 -0.43020913
v 0.12790179 -0.11867678 -0.42629099
v 0.12790179 -0.11867678 -0.42629099
v 0.14163882 -0.11867678 -0.42192573
v 0.14163882 -0.11867678 -0.42192573
v 0.15522730 -0.11867678 -0.41711793
v 0.15522730 -0.11867678 -0.41711793
v 0.16865296 -0.11867678 -0.41187262
v 0.16865296 -0.11867678 -0.41187262
v 0.18190172 -0.11867678 -0.40619532
v 0.18190172 -0.11867678 -0.40619532
v 0.19495970 -0.11867678 -0.40009198
v 0.19495970 -0.11867678 -0.40009198
v 0.20781319 -0.11867678 -0.39356900
v 0.20781319 -0.11867678 -0.39356900
v 0.22044872 -0.11867678 -0.38663321
v 0.22044872 -0.11867678 -0.38663321
v 0.23285302 -0.11867678 -0.37929190
v 0.23285302 -0.11867678 -0.37929190
v 0.24501309 -0.11867678 -0.37155277
v 0.24501309 -0.11867678 -0.37155277
v 0.25691618 -0.11867678 -0.36342393
v 0.25691618 -0.11867678 -0.36342393
v 0.26854981 -0.11867678 -0.35491391
v 0.26854981 -0.11867678 -0.35491391
v 0.27990175 -0.11867678 -0.34603162
v 0.27990175 -0.11867678 -0.34603162
v 0.29096012 -0.11867678 -0.33678641
v 0.29096012 -0.11867678 -0.33678641
v 0.30171331 -0.11867678 -0.32718795
v 0.30171331 -0.11867678 -0.32718795
v 0.31215005 -0.11867678 -0.31724631
v 0.31215005 -0.11867678 -0.31724631
v 0.32225939 -0.11867678 -0.30697193
v 0.32225939 -0.11867678 -0.30697193
v 0.33203071 -0.11867678 -0.29637558
v 0.33203071 -0.11867678 -0.29637558
v 0.34145379 -0.11867678 -0.28546837
v 0.34145379 -0.11867678 -0.28546837
v 0.35051872 -0.11867678 -0.27426174
v 0.35051872 -0.11867678 -0.27426174
v 0.35921601 -0.11867678 -0.26276745
v 0.35921601 -0.11867678 -0.26276745
v 0.36753654 -0.11867678 -0.25099755
v 0.36753654 -0.11867678 -0.25099755
v 0.37547157 -0.11867678 -0.23896439
v 0.37547157 -0.11867678 -0.23896439
v 0.38301278 -0.11867678 -0.22668059
v 0.38301278 -0.11867678 -0.22668059
v 0.39015226 -0.11867678 -0.21415903
v 0.39015226 -0.11867678 -0.21415903
v 0.39688253 -0.11867678 -0.20141286
v 0.39688253 -0.11867678 -0.20141286
v 0.40319652 -0.11867678 -0.18845542
v 0.40319652 -0.11867678 -0.18845542
v 0.40908761 -0.11867678 -0.17530032
v 0.40908761 -0.11867678 -0.17530032
v 0.41454963 -0.11867678 -0.16196136
v 0.41454963 -0.11867678 -0.16196136
v 0.41957684 -0.11867678 -0.14845252
v 0.41957684 -0.11867678 -0.14845252
v 0.42416398 -0.11867678 -0.13478797
v 0.42416398 -0.11867678 -0.13478797
v 0.42830622 -0.11867678 -0.12098206
v 0.42830622 -0.11867678 -0.12098206
v 0.43199923 -0.11867678 -0.10704924
v 0.43199923 -0.11867678 -0.10704924
v 0.43523913 -0.11867678 -0.09300415
v 0.43523913 -0.11867678 -0.09300415
v 0.43802253 -0.11867678 -0.07886151
v 0.43802253 -0.11867678 -0.07886151
v 0.44034650 -0.11867678 -0.06463616
v 0.44034650 -0.11867678 -0.06463616
v 0.44220862 -0.11867678 -0.05034301
v 0.44220862 -0.11867678 -0.05034301
v 0.44360691 -0.11867678 -0.03599705
v 0.44360691 -0.11867678 -0.03599705
v 0.44453992 -0.11867678 -0.02161335
v 0.44453992 -0.11867678 -0.02161335
v 0.44500667 -0.11867678 -0.00720697
v 0.44500667 -0.11867678 -0.00720697
v 0.44500667 -0.11867678 0.00720697
v 0.44500667 -0.11867678 0.00720697
v 0.44453992 -0.11867678 0.02161335
v 0.44453992 -0.11867678 0.02161335
v 0.44360691 -0.11867678 0.03599705
v 0.44360691 -0.11867678 0.03599705
v 0.44220862 -0.11867678 0.05034301
v 0.44220862 -0.11867678 0.05034301
v 0.44034650 -0.11867678 0.06463616
v 0.44034650 -0.11867678 0.06463616
v 0.43802253 -0.11867678 0.07886151
v 0.43802253 -0.11867678 0.07886151
v 0.43523913 -0.11867678 0.09300415
v 0.43523913 -0.11867678 0.09300415
v 0.43199923 -0.11867678 0.10704924
v 0.43199923 -0.11867678 0.10704924
v 0.42830622 -0.11867678 0.12098206
v 0.42830622 -0.11867678 0.12098206
v 0.42416398 -0.11867678 0.13478797
v 0.42416398 -0.11867678 0.13478797
v 0.41957684 -0.11867678 0.14845252
v 0.41957684 -0.11867678 0.14845252
v 0.41454963 -0.11867678 0.16196136
v 0.41454963 -0.11867678 0.16196136
v 0.40908761 -0.11867678 0.17530032
v 0.40908761 -0.11867678 0.17530032
v 0.40319652 -0.11867678 0.18845542
v 0.40319652 -0.11867678 0.18845542
v 0.39688253 -0.11867678 0.20141286
v 0.39688253 -0.11867678 0.20141286
v 0.39015226 -0.11867678 0.21415903
v 0.39015226 -0.11867678 0.21415903
v 0.38301278 -0.11867678 0.22668059
v 0.38301278 -0.11867678 0.22668059
v 0.37547157 -0.11867678 0.23896439
v 0.37547157 -0.11867678 0.23896439
v 0.36753654 -0.11867678 0.25099755
v 0.36753654 -0.11867678 0.25099755
v 0.35921601 -0.11867678 0.26276745
v 0.35921601 -0.11867678 0.26276745
v 0.35051872 -0.11867678 0.27426174
v 0.35051872 -0.11867678 0.27426174
v 0.34145379 -0.11867678 0.28546837
v 0.34145379 -0.11867678 0.28546837
v 0.33203071 -0.11867678 0.29637558
v 0.33203071 -0.11867678 0.29637558
v 0.32225939 -0.11867678 0.30697193
v 0.32225939 -0.11867678 0.30697193
v 0.31215005 -0.11867678 0.31724631
v 0.31215005 -0.11867678 0.31724631
v 0.30171331 -0.11867678 0.32718795
v 0.30171331 -0.11867678 0.32718795
v 0.29096012 -0.11867678 0.33678641
v 0.29096012 -0.11867678 0.33678641
v 0.27990175 -0.11867678 0.34603162
v 0.27990175 -0.11867678 0.34603162
v 0.26854981 -0.11867678 0.35491391
v 0.26854981 -0.11867678 0.35491391
v 0.25691618 -0.11867678 0.36342393
v 0.25691618 -0.11867678 0.36342393
v 0.24501309 -0.11867678 0.37155277
v 0.24501309 -0.11867678 0.37155277
v 0.23285302 -0.11867678 0.37929190
v 0.23285302 -0.11867678 0.37929190
v 0.22044872 -0.11867678 0.38663321
v 0.22044872 -0.11867678 0.38663321
v 0.20781319 -0.11867678 0.39356900
v 0.20781319 -0.11867678 0.39356900
v 0.19495970 -0.11867678 0.40009198
v 0.19495970 -0.11867678 0.40009198
v 0.18190172 -0.11867678 0.40619532
v 0.18190172 -0.11867678 0.40619532
v 0.16865296 -0.11867678 0.41187262
v 0.16865296 -0.11867678 0.41187262
v 0.15522730 -0.11867678 0.41711793
v 0.15522730 -0.11867678 0.41711793
v 0.14163882 -0.11867678 0.42192573
v 0.14163882 -0.11867678 0.42192573
v 0.12790179 -0.11867678 0.42629099
v 0.12790179 -0.11867678 0.42629099
v 0.11403060 -0.11867678 0.43020913
v 0.11403060 -0.11867678 0.43020913
v 0.10003981 -0.11867678 0.43367604
v 0.10003981 -0.11867678 0.43367604
v 0.08594410 -0.11867678 0.43668809
v 0.08594410 -0.11867678 0.43668809
v 0.07175825 -0.11867678 0.43924211
v 0.07175825 -0.11867678 0.43924211
v 0.05749712 -0.11867678 0.44133543
v 0.05749712 -0.11867678 0.44133543
v 0.04317569 -0.11867678 0.44296584
v 0.04317569 -0.11867678 0.44296584
v 0.02880898 -0.11867678 0.44413165
v 0.02880898 -0.11867678 0.44413165
v 0.01441205 -0.11867678 0.44483162
v 0.01441205 -0.11867678 0.44483162
v 0.00000000 -0.11867678 0.44506503
v 0.00000000 -0.11867678 0.44506503
v -0.01441205 -0.11867678 0.44483162
v -0.01441205 -0.11867678 0.44483162
v -0.02880898 -0.11867678 0.44413165
v -0.02880898 -0.11867678 0.44413165
v -0.04317569 -0.11867678 0.44296584
v -0.04317569 -0.11867678 0.44296584
v -0.05749712 -0.11867678 0.44133543
v -0.05749712 -0.11867678 0.44133543
v -0.07175825 -0.11867678 0.43924211
v -0.07175825 -0.11867678 0.43924211
v -0.08594410 -0.11867678 0.43668809
v -0.08594410 -0.11867678 0.43668809
v -0.10003981 -0.11867678 0.43367604
v -0.10003981 -0.11867678 0.43367604
v -0.11403060 -0.11867678 0.43020913
v -0.11403060 -0.11867678 0.43020913
v -0.12790179 -0.11867678 0.42629099
v -0.12790179 -0.11867678 0.42629099
v -0.14163882 -0.11867678 0.42192573
v -0.14163882 -0.11867678 0.42192573
v -0.15522730 -0.11867678 0.41711793
v -0.15522730 -0.11867678 0.41711793
v -0.16865296 -0.11867678 0.41187262
v -0.16865296 -0.11867678 0.41187262
v -0.18190172 -0.11867678 0.40619532
v -0.18190172 -0.11867678 0.40619532
v -0.19495970 -0.11867678 0.40009198
v -0.19495970 -0.11867678 0.40009198
v -0.20781319 -0.11867678 0.39356900
v -0.20781319 -0.11867678 0.39356900
v -0.22044872 -0.11867678 0.38663321
v -0.22044872 -0.11867678 0.38663321
v -0.23285302 -0.11867678 0.37929190
v -0.23285302 -0.11867678 0.37929190
v -0.24501309 -0.11867678 0.37155277
v -0.24501309 -0.11867678 0.37155277
v -0.25691618 -0.11867678 0.36342393
v -0.25691618 -0.11867678 0.36342393
v -0.26854981 -0.11867678 0.35491391
v -0.26854981 -0.11867678 0.35491391
v -0.27990175 -0.11867678 0.34603162
v -0.27990175 -0.11867678 0.34603162
v -0.29096012 -0.11867678 0.33678641
v -0.29096012 -0.11867678 0.33678641
v -0.30171331 -0.11867678 0.32718795
v -0.30171331 -0.11867678 0.32718795
v -0.31215005 -0.11867678 0.31724631
v -0.31215005 -0.11867678 0.31724631
v -0.32225939 -0.11867678 0.30697193
v -0.32225939 -0.11867678 0.30697193
v -0.33203071 -0.11867678 0.29637558
v -0.33203071 -0.11867678 0.29637558
v -0.34145379 -0.11867678 0.28546837
v -0.34145379 -0.11867678 0.28546837
v -0.35051872 -0.11867678 0.27426174
v -0.35051872 -0.11867678 0.27426174
v -0.35921601 -0.11867678 0.26276745
v -0.35921601 -0.11867678 0.26276745
v -0.36753654 -0.11867678 0.25099755
v -0.36753654 -0.11867678 0.25099755
v -0.37547157 -0.11867678 0.23896439
v -0.37547157 -0.11867678 0.23896439
v -0.38301278 -0.11867678 0.22668059
v -0.38301278 -0.11867678 0.22668059
v -0.39015226 -0.11867678 0.21415903
v -0.39015226 -0.11867678 0.21415903
v -0.39688253 -0.11867678 0.20141286
v -0.39688253 -0.11867678 0.20141286
v -0.40319652 -0.11867678 0.18845542
v -0.40319652 -0.11867678 0.18845542
v -0.40908761 -0.11867678 0.17530032
v -0.40908761 -0.11867678 0.17530032
v -0.41454963 -0.11867678 0.16196136
v -0.41454963 -0.11867678 0.16196136
v -0.41957684 -0.11867678 0.14845252
v -0.41957684 -0.11867678 0.14845252
v -0.42416398 -0.11867678 0.13478797
v -0.42416398 -0.11867678 0.13478797
v -0.42830622 -0.11867678 0.12098206
v -0.42830622 -0.11867678 0.12098206
v -0.43199923 -0.11867678 0.10704924
v -0.43199923 -0.11867678 0.10704924
v -0.43523913 -0.11867678 0.09300415
v -0.43523913 -0.11867678 0.09300415
v -0.43802253 -0.11867678 0.07886151
v -0.43802253 -0.11867678 0.07886151
v -0.44034650 -0.11867678 0.06463616
v -0.44034650 -0.11867678 0.06463616
v -0.44220862 -0.11867678 0.05034301
v -0.44220862 -0.11867678 0.05034301
v -0.44360691 -0.11867678 0.03599705
v -0.44360691 -0.11867678 0.03599705
v -0.44453992 -0.11867678 0.02161335
v -0.44453992 -0.11867678 0.02161335
v -0.44500667 -0.11867678 0.00720697
v -0.44500667 -0.11867678 0.00720697
v -0.44500667 -0.11867678 -0.00720697
v -0.44500667 -0.11867678 -0.00720697
v -0.44453992 -0.11867678 -0.02161335
v -0.44453992 -0.11867678 -0.02161335
v -0.44360691 -0.11867678 -0.03599705
v -0.44360691 -0.11867678 -0.03599705
v -0.44220862 -0.11867678 -0.05034301
v -0.44220862 -0.11867678 -0.05034301
v -0.44034650 -0.11867678 -0.06463616
v -0.44034650 -0.11867678 -0.06463616
v -0.43802253 -0.11867678 -0.07886151
v -0.43802253 -0.11867678 -0.07886151
v -0.43523913 -0.11867678 -0.09300415
v -0.43523913 -0.11867678 -0.09300415
v -0.43199923 -0.11867678 -0.10704924
v -0.43199923 -0.11867678 -0.10704924
v -0.42830622 -0.11867678 -0.12098206
v -0.42830622 -0.11867678 -0.12098206
v -0.42416398 -0.11867678 -0.13478797
v -0.42416398 -0.11867678 -0.13478797
v -0.41957684 -0.11867678 -0.14845252
v -0.41957684 -0.11867678 -0.14845252
v -0.41454963 -0.11867678 -0.16196136
v -0.41454963 -0.11867678 -0.16196136
v -0.40908761 -0.11867678 -0.17530032
v -0.40908761 -0.11867678 -0.17530032
v -0.40319652 -0.11867678 -0.18845542
v -0.40319652 -0.11867678 -0.18845542
v -0.39688253 -0.11867678 -0.20141286
v -0.39688253 -0.11867678 -0.20141286
v -0.39015226 -0.11867678 -0.21415903
v -0.39015226 -0.11867678 -0.21415903
v -0.38301278 -0.11867678 -0.22668059
v -0.38301278 -0.11867678 -0.22668059
v -0.37547157 -0.11867678 -0.23896439
v -0.37547157 -0.11867678 -0.23896439
v -0.36753654 -0.11867678 -0.25099755
v -0.36753654 -0.11867678 -0.25099755
v -0.35921601 -0.11867678 -0.26276745
v -0.35921601 -0.11867678 -0.26276745
v -0.35051872 -0.11867678 -0.27426174
v -0.35051872 -0.11867678 -0.27426174
v -0.34145379 -0.11867678 -0.28546837
v -0.34145379 -0.11867678 -0.28546837
v -0.33203071 -0.11867678 -0.29637558
v -0.33203071 -0.11867678 -0.29637558
v -0.32225939 -0.11867678 -0.30697193
v -0.32225939 -0.11867678 -0.30697193
v -0.31215005 -0.11867678 -0.31724631
v -0.31215005 -0.11867678 -0.31724631
v -0.30171331 -0.11867678 -0.32718795
v -0.30171331 -0.11867678 -0.32718795
v -0.29096012 -0.11867678 -0.33678641
v -0.29096012 -0.11867678 -0.33678641
v -0.27990175 -0.11867678 -0.34603162
v -0.27990175 -0.11867678 -0.34603162
v -0.26854981 -0.11867678 -0.35491391
v -0.26854981 -0.11867678 -0.35491391
v -0.25691618 -0.11867678 -0.36342393
v -0.25691618 -0.11867678 -0.36342393
v -0.24501309 -0.11867678 -0.37155277
v -0.24501309 -0.11867678 -0.37155277
v -0.23285302 -0.11867678 -0.37929190
v -0.23285302 -0.11867678 -0.37929190
v -0.22044872 -0.11867678 -0.38663321
v -0.22044872 -0.11867678 -0.38663321
v -0.20781319 -0.11867678 -0.39356900
v -0.20781319 -0.11867678 -0.39356900
v -0.19495970 -0.11867678 -0.40009198
v -0.19495970 -0.11867678 -0.40009198
v -0.18190172 -0.11867678 -0.40619532
v -0.18190172 -0.11867678 -0.40619532
v -0.16865296 -0.11867678 -0.41187262
v -0.16865296 -0.11867678 -0.41187262
v -0.15522730 -0.11867678 -0.41711793
v -0.15522730 -0.11867678 -0.41711793
v -0.14163882 -0.11867678 -0.42192573
v -0.14163882 -0.11867678 -0.42192573
v -0.12790179 -0.11867678 -0.42629099
v -0.12790179 -0.11867678 -0.42629099
v -0.11403060 -0.11867678 -0.43020913
v -0.11403060 -0.11867678 -0.43020913
v -0.10003981 -0.11867678 -0.43367604
v -0.10003981 -0.11867678 -0.43367604
v -0.08594410 -0.11867678 -0.43668809
v -0.08594410 -0.11867678 -0.43668809
v -0.07175825 -0.11867678 -0.43924211
v -0.07175825 -0.11867678 -0.43924211
v -0.05749712 -0.11867678 -0.44133543
v -0.05749712 -0.11867678 -0.44133543
v -0.04317569 -0.11867678 -0.44296584
v -0.04317569 -0.11867678 -0.44296584
v -0.02880898 -0.11867678 -0.44413165
v -0.02880898 -0.11867678 -0.44413165
v -0.01441205 -0.11867678 -0.44483162
v -0.01441205 -0.11867678 -0.44483162
v 0.00000000 -0.10704025 -0.45116891
v 0.00000000 -0.09540372 -0.45727280
v 0.00000000 -0.08376718 -0.46337668
v 0.00000000 -0.07213065 -0.46948057
v 0.00000000 -0.06049412 -0.47558446
v 0.00000000 -0.04885758 -0.48168834
v 0.00000000 -0.03722105 -0.48779223
v 0.00000000 -0.02558451 -0.49389612
v 0.01440898 -0.01394798 -0.49979234
v 0.01440898 -0.01394798 -0.49979234
v 0.02880599 -0.01394798 -0.49916953
v 0.02880599 -0.01394798 -0.49916953
v 0.04317908 -0.01394798 -0.49813208
v 0.04317908 -0.01394798 -0.49813208
v 0.05751629 -0.01394798 -0.49668086
v 0.05751629 -0.01394798 -0.49668086
v 0.07180573 -0.01394798 -0.49481708
v 0.07180573 -0.01394798 -0.49481708
v 0.08603553 -0.01394798 -0.49254227
v 0.08603553 -0.01394798 -0.49254227
v 0.10019386 -0.01394798 -0.48985834
v 0.10019386 -0.01394798 -0.48985834
v 0.11426897 -0.01394798 -0.48676751
v 0.11426897 -0.01394798 -0.48676751
v 0.12824916 -0.01394798 -0.48327234
v 0.12824916 -0.01394798 -0.48327234
v 0.14212281 -0.01394798 -0.47937574
v 0.14212281 -0.01394798 -0.47937574
v 0.15587842 -0.01394798 -0.47508096
v 0.15587842 -0.01394798 -0.47508096
v 0.16950454 -0.01394798 -0.47039155
v 0.16950454 -0.01394798 -0.47039155
v 0.18298987 -0.01394798 -0.46531141
v 0.18298987 -0.01394798 -0.46531141
v 0.19632320 -0.01394798 -0.45984476
v 0.19632320 -0.01394798 -0.45984476
v 0.20949345 -0.01394798 -0.45399614
v 0.20949345 -0.01394798 -0.45399614
v 0.22248968 -0.01394798 -0.44777041
v 0.22248968 -0.01394798 -0.44777041
v 0.23530111 -0.01394798 -0.44117274
v 0.23530111 -0.01394798 -0.44117274
v 0.24791708 -0.01394798 -0.43420862
v 0.24791708 -0.01394798 -0.43420862
v 0.26032712 -0.01394798 -0.42688382
v 0.26032712 -0.01394798 -0.42688382
v 0.27252092 -0.01394798 -0.41920442
v 0.27252092 -0.01394798 -0.41920442
v 0.28448835 -0.01394798 -0.41117682
v 0.28448835 -0.01394798 -0.41117682
v 0.29621948 -0.01394798 -0.40280767
v 0.29621948 -0.01394798 -0.40280767
v 0.30770454 -0.01394798 -0.39410394
v 0.30770454 -0.01394798 -0.39410394
v 0.31893402 -0.01394798 -0.38507284
v 0.31893402 -0.01394798 -0.38507284
v 0.32989857 -0.01394798 -0.37572188
v 0.32989857 -0.01394798 -0.37572188
v 0.34058910 -0.01394798 -0.36605883
v 0.34058910 -0.01394798 -0.36605883
v 0.35099671 -0.01394798 -0.35609172
v 0.35099671 -0.01394798 -0.35609172
v 0.36111277 -0.01394798 -0.34582881
v 0.36111277 -0.01394798 -0.34582881
v 0.37092887 -0.01394798 -0.33527865
v 0.37092887 -0.01394798 -0.33527865
v 0.38043686 -0.01394798 -0.32444999
v 0.38043686 -0.01394798 -0.32444999
v 0.38962885 -0.01394798 -0.31335182
v 0.38962885 -0.01394798 -0.31335182
v 0.39849718 -0.01394798 -0.30199337
v 0.39849718 -0.01394798 -0.30199337
v 0.40703451 -0.01394798 -0.29038407
v 0.40703451 -0.01394798 -0.29038407
v 0.41523374 -0.01394798 -0.27853356
v 0.41523374 -0.01394798 -0.27853356
v 0.42308805 -0.01394798 -0.26645169
v 0.42308805 -0.01394798 -0.26645169
v 0.43059093 -0.01394798 -0.25414849
v 0.43059093 -0.01394798 -0.25414849
v 0.43773613 -0.01394798 -0.24163418
v 0.43773613 -0.01394798 -0.24163418
v 0.44451773 -0.01394798 -0.22891916
v 0.44451773 -0.01394798 -0.22891916
v 0.45093010 -0.01394798 -0.21601399
v 0.45093010 -0.01394798 -0.21601399
v 0.45696790 -0.01394798 -0.20292939
v 0.45696790 -0.01394798 -0.20292939
v 0.46262612 -0.01394798 -0.18967623
v 0.46262612 -0.01394798 -0.18967623
v 0.46790006 -0.01394798 -0.17626551
v 0.46790006 -0.01394798 -0.17626551
v 0.47278535 -0.01394798 -0.16270837
v 0.47278535 -0.01394798 -0.16270837
v 0.47727791 -0.01394798 -0.14901609
v 0.47727791 -0.01394798 -0.14901609
v 0.48137403 -0.01394798 -0.13520003
v 0.48137403 -0.01394798 -0.13520003
v 0.48507029 -0.01394798 -0.12127165
v 0.48507029 -0.01394798 -0.12127165
v 0.48836363 -0.01394798 -0.10724255
v 0.48836363 -0.01394798 -0.10724255
v 0.49125131 -0.01394798 -0.09312437
v 0.49125131 -0.01394798 -0.09312437
v 0.49373094 -0.01394798 -0.07892883
v 0.49373094 -0.01394798 -0.07892883
v 0.49580045 -0.01394798 -0.06466773
v 0.49580045 -0.01394798 -0.06466773
v 0.49745812 -0.01394798 -0.05035291
v 0.49745812 -0.01394798 -0.05035291
v 0.49870259 -0.01394798 -0.03599627
v 0.49870259 -0.01394798 -0.03599627
v 0.49953280 -0.01394798 -0.02160973
v 0.49953280 -0.01394798 -0.02160973
v 0.49994808 -0.01394798 -0.00720524
v 0.49994808 -0.01394798 -0.00720524
v 0.49994808 -0.01394798 0.00720524
v 0.49994808 -0.01394798 0.00720524
v 0.49953280 -0.01394798 0.02160973
v 0.49953280 -0.01394798 0.02160973
v 0.49870259 -0.01394798 0.03599627
v 0.49870259 -0.01394798 0.03599627
v 0.49745812 -0.01394798 0.05035291
v 0.49745812 -0.01394798 0.05035291
v 0.49580045 -0.01394798 0.06466773
v 0.49580045 -0.01394798 0.06466773
v 0.49373094 -0.01394798 0.07892883
v 0.49373094 -0.01394798 0.07892883
v 0.49125131 -0.01394798 0.09312437
v 0.49125131 -0.01394798 0.09312437
v 0.48836363 -0.01394798 0.10724255
v 0.48836363 -0.01394798 0.10724255
v 0.48507029 -0.01394798 0.12127165
v 0.48507029 -0.01394798 0.12127165
v 0.48137403 -0.01394798 0.13520003
v 0.48137403 -0.01394798 0.13520003
v 0.47727791 -0.01394798 0.14901609
v 0.47727791 -0.01394798 0.14901609
v 0.47278535 -0.01394798 0.16270837
v 0.47278535 -0.01394798 0.16270837
v 0.46790006 -0.01394798 0.17626551
v 0.46790006 -0.01394798 0.17626551
v 0.46262612 -0.01394798 0.18967623
v 0.46262612 -0.01394798 0.18967623
v 0.45696790 -0.01394798 0.20292939
v 0.45696790 -0.01394798 0.20292939
v 0.45093010 -0.01394798 0.21601399
v 0.45093010 -0.01394798 0.21601399
v 0.44451773 -0.01394798 0.22891916
v 0.44451773 -0.01394798 0.22891916
v 0.43773613 -0.01394798 0.24163418
v 0.43773613 -0.01394798 0.24163418
v 0.43059093 -0.01394798 0.25414849
v 0.43059093 -0.01394798 0.25414849
v 0.42308805 -0.01394798 0.26645169
v 0.42308805 -0.01394798 0.26645169
v 0.41523374 -0.01394798 0.27853356
v 0.41523374 -0.01394798 0.27853356
v 0.40703451 -0.01394798 0.29038407
v 0.40703451 -0.01394798 0.29038407
v 0.39849718 -0.01394798 0.30199337
v 0.39849718 -0.01394798 0.30199337
v 0.38962885 -0.01394798 0.31335182
v 0.38962885 -0.01394798 0.31335182
v 0.38043686 -0.01394798 0.32444999
v 0.38043686 -0.01394798 0.32444999
v 0.37092887 -0.01394798 0.33527865
v 0.37092887 -0.01394798 0.33527865
v 0.36111277 -0.01394798 0.34582881
v 0.36111277 -0.01394798 0.34582881
v 0.35099671 -0.01394798 0.35609172
v 0.35099671 -0.01394798 0.35609172
v 0.34058910 -0.01394798 0.36605883
v 0.34058910 -0.01394798 0.36605883
v 0.32989857 -0.01394798 0.37572188
v 0.32989857 -0.01394798 0.37572188
v 0.31893402 -0.01394798 0.38507284
v 0.31893402 -0.01394798 0.38507284
v 0.30770454 -0.01394798 0.39410394
v 0.30770454 -0.01394798 0.39410394
v 0.29621948 -0.01394798 0.40280767
v 0.29621948 -0.01394798 0.40280767
v 0.28448835 -0.01394798 0.41117682
v 0.28448835 -0.01394798 0.41117682
v 0.27252092 -0.01394798 0.41920442
v 0.27252092 -0.01394798 0.41920442
v 0.26032712 -0.01394798 0.42688382
v 0.26032712 -0.01394798 0.42688382
v 0.24791708 -0.01394798 0.43420862
v 0.24791708 -0.01394798 0.43420862
v 0.23530111 -0.01394798 0.44117274
v 0.23530111 -0.01394798 0.44117274
v 0.22248968 -0.01394798 0.44777041
v 0.22248968 -0.01394798 0.44777041
v 0.20949345 -0.01394798 0.45399614
v 0.20949345 -0.01394798 0.45399614
v 0.19632320 -0.01394798 0.45984476
v 0.19632320 -0.01394798 0.45984476
v 0.18298987 -0.01394798 0.46531141
v 0.18298987 -0.01394798 0.46531141
v 0.16950454 -0.01394798 0.47039155
v 0.16950454 -0.01394798 0.47039155
v 0.15587842 -0.01394798 0.47508096
v 0.15587842 -0.01394798 0.47508096
v 0.14212281 -0.01394798 0.47937574
v 0.14212281 -0.01394798 0.47937574
v 0.12824916 -0.01394798 0.48327234
v 0.12824916 -0.01394798 0.48327234
v 0.11426897 -0.01394798 0.48676751
v 0.11426897 -0.01394798 0.48676751
v 0.10019386 -0.01394798 0.48985834
v 0.10019386 -0.01394798 0.48985834
v 0.08603553 -0.01394798 0.49254227
v 0.08603553 -0.01394798 0.49254227
v 0.07180573 -0.01394798 0.49481708
v 0.07180573 -0.01394798 0.49481708
v 0.05751629 -0.01394798 0.49668086
v 0.05751629 -0.01394798 0.49668086
v 0.04317908 -0.01394798 0.49813208
v 0.04317908 -0.01394798 0.49813208
v 0.02880599 -0.01394798 0.49916953
v 0.02880599 -0.01394798 0.49916953
v 0.01440898 -0.01394798 0.49979234
v 0.01440898 -0.01394798 0.49979234
v 0.00000000 -0.01394798 0.50000000
v 0.00000000 -0.01394798 0.50000000
v -0.01440898 -0.01394798 0.49979234
v -0.01440898 -0.01394798 0.49979234
v -0.02880599 -0.01394798 0.49916953
v -0.02880599 -0.01394798 0.49916953
v -0.04317908 -0.01394798 0.49813208
v -0.04317908 -0.01394798 0.49813208
v -0.05751629 -0.01394798 0.49668086
v -0.05751629 -0.01394798 0.49668086
v -0.07180573 -0.01394798 0.49481708
v -0.07180573 -0.01394798 0.49481708
v -0.08603553 -0.01394798 0.49254227
v -0.08603553 -0.01394798 0.49254227
v -0.10019386 -0.01394798 0.48985834
v -0.10019386 -0.01394798 0.48985834
v -0.11426897 -0.01394798 0.48676751
v -0.11426897 -0.01394798 0.48676751
v -0.12824916 -0.01394798 0.48327234
v -0.12824916 -0.01394798 0.48327234
v -0.14212281 -0.01394798 0.47937574
v -0.14212281 -0.01394798 0.47937574
v -0.15587842 -0.01394798 0.47508096
v -0.15587842 -0.01394798 0.47508096
v -0.16950454 -0.01394798 0.47039155
v -0.16950454 -0.01394798 0.47039155
v -0.18298987 -0.01394798 0.46531141
v -0.18298987 -0.01394798 0.46531141
v -0.19632320 -0.01394798 0.45984476
v -0.19632320 -0.01394798 0.45984476
v -0.20949345 -0.01394798 0.45399614
v -0.20949345 -0.01394798 0.45399614
v -0.22248968 -0.01394798 0.44777041
v -0.22248968 -0.01394798 0.44777041
v -0.23530111 -0.01394798 0.44117274
v -0.23530111 -0.01394798 0.44117274
v -0.24791708 -0.01394798 0.43420862
v -0.24791708 -0.01394798 0.43420862
v -0.26032712 -0.01394798 0.42688382
v -0.26032712 -0.01394798 0.42688382
v -0.27252092 -0.01394798 0.41920442
v -0.27252092 -0.01394798 0.41920442
v -0.28448835 -0.01394798 0.41117682
v -0.28448835 -0.01394798 0.41117682
v -0.29621948 -0.01394798 0.40280767
v -0.29621948 -0.01394798 0.40280767
v -0.30770454 -0.01394798 0.39410394
v -0.30770454 -0.01394798 0.39410394
v -0.31893402 -0.01394798 0.38507284
v -0.31893402 -0.01394798 0.38507284
v -0.32989857 -0.01394798 0.37572188
v -0.32989857 -0.01394798 0.37572188
v -0.34058910 -0.01394798 0.36605883
v -0.34058910 -0.01394798 0.36605883
v -0.35099671 -0.01394798 0.35609172
v -0.35099671 -0.01394798 0.35609172
v -0.36111277 -0.01394798 0.34582881
v -0.36111277 -0.01394798 0.34582881
v -0.37092887 -0.01394798 0.33527865
v -0.37092887 -0.01394798 0.33527865
v -0.38043686 -0.01394798 0.32444999
v -0.38043686 -0.01394798 0.32444999
v -0.38962885 -0.01394798 0.31335182
v -0.38962885 -0.01394798 0.31335182
v -0.39849718 -0.01394798 0.30199337
v -0.39849718 -0.01394798 0.30199337
v -0.40703451 -0.01394798 0.29038407
v -0.40703451 -0.01394798 0.29038407
v -0.41523374 -0.01394798 0.27853356
v -0.41523374 -0.01394798 0.27853356
v -0.42308805 -0.01394798 0.26645169
v -0.42308805 -0.01394798 0.26645169
v -0.43059093 -0.01394798 0.25414849
v -0.43059093 -0.01394798 0.25414849
v -0.43773613 -0.01394798 0.24163418
v -0.43773613 -0.01394798 0.24163418
v -0.44451773 -0.01394798 0.22891916
v -0.44451773 -0.01394798 0.22891916
v -0.45093010 -0.01394798 0.21601399
v -0.45093010 -0.01394798 0.21601399
v -0.45696790 -0.01394798 0.20292939
v -0.45696790 -0.01394798 0.20292939
v -0.46262612 -0.01394798 0.18967623
v -0.46262612 -0.01394798 0.18967623
v -0.46790006 -0.01394798 0.17626551
v -0.46790006 -0.01394798 0.17626551
v -0.47278535 -0.01394798 0.16270837
v -0.47278535 -0.01394798 0.16270837
v -0.47727791 -0.01394798 0.14901609
v -0.47727791 -0.01394798 0.14901609
v -0.48137403 -0.01394798 0.13520003
v -0.48137403 -0.01394798 0.13520003
v -0.48507029 -0.01394798 0.12127165
v -0.48507029 -0.01394798 0.12127165
v -0.48836363 -0.01394798 0.10724255
v -0.48836363 -0.01394798 0.10724255
v -0.49125131 -0.01394798 0.09312437
v -0.49125131 -0.01394798 0.09312437
v -0.49373094 -0.01394798 0.07892883
v -0.49373094 -0.01394798 0.07892883
v -0.49580045 -0.01394798 0.06466773
v -0.49580045 -0.01394798 0.06466773
v -0.49745812 -0.01394798 0.05035291
v -0.49745812 -0.01394798 0.05035291
v -0.49870259 -0.01394798 0.03599627
v -0.49870259 -0.01394798 0.03599627
v -0.49953280 -0.01394798 0.02160973
v -0.49953280 -0.01394798 0.02160973
v -0.49994808 -0.01394798 0.00720524
v -0.49994808 -0.01394798 0.00720524
v -0.49994808 -0.01394798 -0.00720524
v -0.49994808 -0.01394798 -0.00720524
v -0.49953280 -0.01394798 -0.02160973
v -0.49953280 -0.01394798 -0.02160973
v -0.49870259 -0.01394798 -0.03599627
v -0.49870259 -0.01394798 -0.03599627
v -0.49745812 -0.01394798 -0.05035291
v -0.49745812 -0.01394798 -0.05035291
v -0.49580045 -0.01394798 -0.06466773
v -0.49580045 -0.01394798 -0.06466773
v -0.49373094 -0.01394798 -0.07892883
v -0.49373094 -0.01394798 -0.07892883
v -0.49125131 -0.01394798 -0.09312437
v -0.49125131 -0.01394798 -0.09312437
v -0.48836363 -0.01394798 -0.10724255
v -0.48836363 -0.01394798 -0.10724255
v -0.48507029 -0.01394798 -0.12127165
v -0.48507029 -0.01394798 -0.12127165
v -0.48137403 -0.01394798 -0.13520003
v -0.48137403 -0.01394798 -0.13520003
v -0.47727791 -0.01394798 -0.14901609
v -0.47727791 -0.01394798 -0.14901609
v -0.47278535 -0.01394798 -0.16270837
v -0.47278535 -0.01394798 -0.16270837
v -0.46790006 -0.01394798 -0.17626551
v -0.46790006 -0.01394798 -0.17626551
v -0.46262612 -0.01394798 -0.18967623
v -0.46262612 -0.01394798 -0.18967623
v -0.45696790 -0.01394798 -0.20292939
v -0.45696790 -0.01394798 -0.20292939
v -0.45093010 -0.01394798 -0.21601399
v -0.45093010 -0.01394798 -0.21601399
v -0.44451773 -0.01394798 -0.22891916
v -0.44451773 -0.01394798 -0.22891916
v -0.43773613 -0.01394798 -0.24163418
v -0.43773613 -0.01394798 -0.24163418
v -0.43059093 -0.01394798 -0.25414849
v -0.43059093 -0.01394798 -0.25414849
v -0.42308805 -0.01394798 -0.26645169
v -0.42308805 -0.01394798 -0.26645169
v -0.41523374 -0.01394798 -0.27853356
v -0.41523374 -0.01394798 -0.27853356
v -0.40703451 -0.01394798 -0.29038407
v -0.40703451 -0.01394798 -0.29038407
v -0.39849718 -0.01394798 -0.30199337
v -0.39849718 -0.01394798 -0.30199337
v -0.38962885 -0.01394798 -0.31335182
v -0.38962885 -0.01394798 -0.31335182
v -0.38043686 -0.01394798 -0.32444999
v -0.38043686 -0.01394798 -0.32444999
v -0.37092887 -0.01394798 -0.33527865
v -0.37092887 -0.01394798 -0.33527865
v -0.36111277 -0.01394798 -0.34582881
v -0.36111277 -0.01394798 -0.34582881
v -0.35099671 -0.01394798 -0.35609172
v -0.35099671 -0.01394798 -0.35609172
v -0.34058910 -0.01394798 -0.36605883
v -0.34058910 -0.01394798 -0.36605883
v -0.32989857 -0.01394798 -0.37572188
v -0.32989857 -0.01394798 -0.37572188
v -0.31893402 -0.01394798 -0.38507284
v -0.31893402 -0.01394798 -0.38507284
v -0.30770454 -0.01394798 -0.39410394
v -0.30770454 -0.01394798 -0.39410394
v -0.29621948 -0.01394798 -0.40280767
v -0.29621948 -0.01394798 -0.40280767
v -0.28448835 -0.01394798 -0.41117682
v -0.28448835 -0.01394798 -0.41117682
v -0.27252092 -0.01394798 -0.41920442
v -0.27252092 -0.01394798 -0.41920442
v -0.26032712 -0.01394798 -0.42688382
v -0.26032712 -0.01394798 -0.42688382
v -0.24791708 -0.01394798 -0.43420862
v -0.24791708 -0.01394798 -0.43420862
v -0.23530111 -0.01394798 -0.44117274
v -0.23530111 -0.01394798 -0.44117274
v -0.22248968 -0.01394798 -0.44777041
v -0.22248968 -0.01394798 -0.44777041
v -0.20949345 -0.01394798 -0.45399614
v -0.20949345 -0.01394798 -0.45399614
v -0.19632320 -0.01394798 -0.45984476
v -0.19632320 -0.01394798 -0.45984476
v -0.18298987 -0.01394798 -0.46531141
v -0.18298987 -0.01394798 -0.46531141
v -0.16950454 -0.01394798 -0.47039155
v -0.16950454 -0.01394798 -0.47039155
v -0.15587842 -0.01394798 -0.47508096
v -0.15587842 -0.01394798 -0.47508096
v -0.14212281 -0.01394798 -0.47937574
v -0.14212281 -0.01394798 -0.47937574
v -0.12824916 -0.01394798 -0.48327234
v -0.12824916 -0.01394798 -0.48327234
v -0.11426897 -0.01394798 -0.48676751
v -0.11426897 -0.01394798 -0.48676751
v -0.10019386 -0.01394798 -0.48985834
v -0.10019386 -0.01394798 -0.48985834
v -0.08603553 -0.01394798 -0.49254227
v -0.08603553 -0.01394798 -0.49254227
v -0.07180573 -0.01394798 -0.49481708
v -0.07180573 -0.01394798 -0.49481708
v -0.05751629 -0.01394798 -0.49668086
v -0.05751629 -0.01394798 -0.49668086
v -0.04317908 -0.01394798 -0.49813208
v -0.04317908 -0.01394798 -0.49813208
v -0.02880599 -0.01394798 -0.49916953
v -0.02880599 -0.01394798 -0.49916953
v -0.01440898 -0.01394798 -0.49979234
v -0.01440898 -0.01394798 -0.49979234
v 0.00000000 0.08640699 -0.46870262
v 0.00000000 0.07386262 -0.47261479
v 0.00000000 0.06131825 -0.47652696
v 0.00000000 0.04877388 -0.48043914
v 0.00000000 0.03622950 -0.48435131
v 0.00000000 0.02368513 -0.48826348
v 0.00000000 0.01114076 -0.49217566
v 0.00000000 -0.00140361 -0.49608783
v 0.01445492 0.09895136 -0.46456562
v 0.01445492 0.09895136 -0.46456562
v 0.02889585 0.09895136 -0.46389136
v 0.02889585 0.09895136 -0.46389136
v 0.04330883 0.09895136 -0.46276831
v 0.04330883 0.09895136 -0.46276831
v 0.05767992 0.09895136 -0.46119756
v 0.05767992 0.09895136 -0.46119756
v 0.07199520 0.09895136 -0.45918063
v 0.07199520 0.09895136 -0.45918063
v 0.08624082 0.09895136 -0.45671948
v 0.08624082 0.09895136 -0.45671948
v 0.10040302 0.09895136 -0.45381648
v 0.10040302 0.09895136 -0.45381648
v 0.11446808 0.09895136 -0.45047444
v 0.11446808 0.09895136 -0.45047444
v 0.12842241 0.09895136 -0.44669659
v 0.12842241 0.09895136 -0.44669659
v 0.14225249 0.09895136 -0.44248660
v 0.14225249 0.09895136 -0.44248660
v 0.15594495 0.09895136 -0.43784853
v 0.15594495 0.09895136 -0.43784853
v 0.16948655 0.09895136 -0.43278687
v 0.16948655 0.09895136 -0.43278687
v 0.18286417 0.09895136 -0.42730651
v 0.18286417 0.09895136 -0.42730651
v 0.19606489 0.09895136 -0.42141276
v 0.19606489 0.09895136 -0.42141276
v 0.20907593 0.09895136 -0.41511133
v 0.20907593 0.09895136 -0.41511133
v 0.22188470 0.09895136 -0.40840830
v 0.22188470 0.09895136 -0.40840830
v 0.23447881 0.09895136 -0.40131016
v 0.23447881 0.09895136 -0.40131016
v 0.24684608 0.09895136 -0.39382378
v 0.24684608 0.09895136 -0.39382378
v 0.25897455 0.09895136 -0.38595640
v 0.25897455 0.09895136 -0.38595640
v 0.27085247 0.09895136 -0.37771564
v 0.27085247 0.09895136 -0.37771564
v 0.28246836 0.09895136 -0.36910945
v 0.28246836 0.09895136 -0.36910945
v 0.29381097 0.09895136 -0.36014618
v 0.29381097 0.09895136 -0.36014618
v 0.30486935 0.09895136 -0.35083449
v 0.30486935 0.09895136 -0.35083449
v 0.31563278 0.09895136 -0.34118339
v 0.31563278 0.09895136 -0.34118339
v 0.32609086 0.09895136 -0.33120222
v 0.32609086 0.09895136 -0.33120222
v 0.33623347 0.09895136 -0.32090063
v 0.33623347 0.09895136 -0.32090063
v 0.34605079 0.09895136 -0.31028859
v 0.34605079 0.09895136 -0.31028859
v 0.35553334 0.09895136 -0.29937637
v 0.35553334 0.09895136 -0.29937637
v 0.36467192 0.09895136 -0.28817451
v 0.36467192 0.09895136 -0.28817451
v 0.37345771 0.09895136 -0.27669388
v 0.37345771 0.09895136 -0.27669388
v 0.38188220 0.09895136 -0.26494555
v 0.38188220 0.09895136 -0.26494555
v 0.38993725 0.09895136 -0.25294091
v 0.38993725 0.09895136 -0.25294091
v 0.39761506 0.09895136 -0.24069156
v 0.39761506 0.09895136 -0.24069156
v 0.40490820 0.09895136 -0.22820936
v 0.40490820 0.09895136 -0.22820936
v 0.41180962 0.09895136 -0.21550638
v 0.41180962 0.09895136 -0.21550638
v 0.41831264 0.09895136 -0.20259491
v 0.41831264 0.09895136 -0.20259491
v 0.42441096 0.09895136 -0.18948745
v 0.42441096 0.09895136 -0.18948745
v 0.43009870 0.09895136 -0.17619667
v 0.43009870 0.09895136 -0.17619667
v 0.43537035 0.09895136 -0.16273543
v 0.43537035 0.09895136 -0.16273543
v 0.44022080 0.09895136 -0.14911675
v 0.44022080 0.09895136 -0.14911675
v 0.44464537 0.09895136 -0.13535381
v 0.44464537 0.09895136 -0.13535381
v 0.44863977 0.09895136 -0.12145994
v 0.44863977 0.09895136 -0.12145994
v 0.45220015 0.09895136 -0.10744854
v 0.45220015 0.09895136 -0.10744854
v 0.45532304 0.09895136 -0.09333321
v 0.45532304 0.09895136 -0.09333321
v 0.45800544 0.09895136 -0.07912758
v 0.45800544 0.09895136 -0.07912758
v 0.46024476 0.09895136 -0.06484540
v 0.46024476 0.09895136 -0.06484540
v 0.46203881 0.09895136 -0.05050048
v 0.46203881 0.09895136 -0.05050048
v 0.46338587 0.09895136 -0.03610671
v 0.46338587 0.09895136 -0.03610671
v 0.46428464 0.09895136 -0.02167801
v 0.46428464 0.09895136 -0.02167801
v 0.46473424 0.09895136 -0.00722833
v 0.46473424 0.09895136 -0.00722833
v 0.46473424 0.09895136 0.00722833
v 0.46473424 0.09895136 0.00722833
v 0.46428464 0.09895136 0.02167801
v 0.46428464 0.09895136 0.02167801
v 0.46338587 0.09895136 0.03610671
v 0.46338587 0.09895136 0.03610671
v 0.46203881 0.09895136 0.05050048
v 0.46203881 0.09895136 0.05050048
v 0.46024476 0.09895136 0.06484540
v 0.46024476 0.09895136 0.06484540
v 0.45800544 0.09895136 0.07912758
v 0.45800544 0.09895136 0.07912758
v 0.45532304 0.09895136 0.09333321
v 0.45532304 0.09895136 0.09333321
v 0.45220015 0.09895136 0.10744854
v 0.45220015 0.09895136 0.10744854
v 0.44863977 0.09895136 0.12145994
v 0.44863977 0.09895136 0.12145994
v 0.44464537 0.09895136 0.13535381
v 0.44464537 0.09895136 0.13535381
v 0.44022080 0.09895136 0.14911675
v 0.44022080 0.09895136 0.14911675
v 0.43537035 0.09895136 0.16273543
v 0.43537035 0.09895136 0.16273543
v 0.43009870 0.09895136 0.17619667
v 0.43009870 0.09895136 0.17619667
v 0.42441096 0.09895136 0.18948745
v 0.42441096 0.09895136 0.18948745
v 0.41831264 0.09895136 0.20259491
v 0.41831264 0.09895136 0.20259491
v 0.41180962 0.09895136 0.21550638
v 0.41180962 0.09895136 0.21550638
v 0.40490820 0.09895136 0.22820936
v 0.40490820 0.09895136 0.22820936
v 0.39761506 0.09895136 0.24069156
v 0.39761506 0.09895136 0.24069156
v 0.38993725 0.09895136 0.25294091
v 0.38993725 0.09895136 0.25294091
v 0.38188220 0.09895136 0.26494555
v 0.38188220 0.09895136 0.26494555
v 0.37345771 0.09895136 0.27669388
v 0.37345771 0.09895136 0.27669388
v 0.36467192 0.09895136 0.28817451
v 0.36467192 0.09895136 0.28817451
v 0.35553334 0.09895136 0.29937637
v 0.35553334 0.09895136 0.29937637
v 0.34605079 0.09895136 0.31028859
v 0.34605079 0.09895136 0.31028859
v 0.33623347 0.09895136 0.32090063
v 0.33623347 0.09895136 0.32090063
v 0.32609086 0.09895136 0.33120222
v 0.32609086 0.09895136 0.33120222
v 0.31563278 0.09895136 0.34118339
v 0.31563278 0.09895136 0.34118339
v 0.30486935 0.09895136 0.35083449
v 0.30486935 0.09895136 0.35083449
v 0.29381097 0.09895136 0.36014618
v 0.29381097 0.09895136 0.36014618
v 0.28246836 0.09895136 0.36910945
v 0.28246836 0.09895136 0.36910945
v 0.27085247 0.09895136 0.37771564
v 0.27085247 0.09895136 0.37771564
v 0.25897455 0.09895136 0.38595640
v 0.25897455 0.09895136 0.38595640
v 0.24684608 0.09895136 0.39382378
v 0.24684608 0.09895136 0.39382378
v 0.23447881 0.09895136 0.40131016
v 0.23447881 0.09895136 0.40131016
v 0.22188470 0.09895136 0.40840830
v 0.22188470 0.09895136 0.40840830
v 0.20907593 0.09895136 0.41511133
v 0.20907593 0.09895136 0.41511133
v 0.19606489 0.09895136 0.42141276
v 0.19606489 0.09895136 0.42141276
v 0.18286417 0.09895136 0.42730651
v 0.18286417 0.09895136 0.42730651
v 0.16948655 0.09895136 0.43278687
v 0.16948655 0.09895136 0.43278687
v 0.15594495 0.09895136 0.43784853
v 0.15594495 0.09895136 0.43784853
v 0.14225249 0.09895136 0.44248660
v 0.14225249 0.09895136 0.44248660
v 0.12842241 0.09895136 0.44669659
v 0.12842241 0.09895136 0.44669659
v 0.11446808 0.09895136 0.45047444
v 0.11446808 0.09895136 0.45047444
v 0.10040302 0.09895136 0.45381648
v 0.10040302 0.09895136 0.45381648
v 0.08624082 0.09895136 0.45671948
v 0.08624082 0.09895136 0.45671948
v 0.07199520 0.09895136 0.45918063
v 0.07199520 0.09895136 0.45918063
v 0.05767992 0.09895136 0.46119756
v 0.05767992 0.09895136 0.46119756
v 0.04330883 0.09895136 0.46276831
v 0.04330883 0.09895136 0.46276831
v 0.02889585 0.09895136 0.46389136
v 0.02889585 0.09895136 0.46389136
v 0.01445492 0.09895136 0.46456562
v 0.01445492 0.09895136 0.46456562
v 0.00000000 0.09895136 0.46479045
v 0.00000000 0.09895136 0.46479045
v -0.01445492 0.09895136 0.46456562
v -0.01445492 0.09895136 0.46456562
v -0.02889585 0.09895136 0.46389136
v -0.02889585 0.09895136 0.46389136
v -0.04330883 0.09895136 0.46276831
v -0.04330883 0.09895136 0.46276831
v -0.05767992 0.09895136 0.46119756
v -0.05767992 0.09895136 0.46119756
v -0.07199520 0.09895136 0.45918063
v -0.07199520 0.09895136 0.45918063
v -0.08624082 0.09895136 0.45671948
v -0.08624082 0.09895136 0.45671948
v -0.10040302 0.09895136 0.45381648
v -0.10040302 0.09895136 0.45381648
v -0.11446808 0.09895136 0.45047444
v -0.11446808 0.09895136 0.45047444
v -0.12842241 0.09895136 0.44669659
v -0.12842241 0.09895136 0.44669659
v -0.14225249 0.09895136 0.44248660
v -0.14225249 0.09895136 0.44248660
v -0.15594495 0.09895136 0.43784853
v -0.15594495 0.09895136 0.43784853
v -0.16948655 0.09895136 0.43278687
v -0.16948655 0.09895136 0.43278687
v -0.18286417 0.09895136 0.42730651
v -0.18286417 0.09895136 0.42730651
v -0.19606489 0.09895136 0.42141276
v -0.19606489 0.09895136 0.42141276
v -0.20907593 0.09895136 0.41511133
v -0.20907593 0.09895136 0.41511133
v -0.22188470 0.09895136 0.40840830
v -0.22188470 0.09895136 0.40840830
v -0.23447881 0.09895136 0.40131016
v -0.23447881 0.09895136 0.40131016
v -0.24684608 0.09895136 0.39382378
v -0.24684608 0.09895136 0.39382378
v -0.25897455 0.09895136 0.38595640
v -0.25897455 0.09895136 0.38595640
v -0.27085247 0.09895136 0.37771564
v -0.27085247 0.09895136 0.37771564
v -0.28246836 0.09895136 0.36910945
v -0.28246836 0.09895136 0.36910945
v -0.29381097 0.09895136 0.36014618
v -0.29381097 0.09895136 0.36014618
v -0.30486935 0.09895136 0.35083449
v -0.30486935 0.09895136 0.35083449
v -0.31563278 0.09895136 0.34118339
v -0.31563278 0.09895136 0.34118339
v -0.32609086 0.09895136 0.33120222
v -0.32609086 0.09895136 0.33120222
v -0.33623347 0.09895136 0.32090063
v -0.33623347 0.09895136 0.32090063
v -0.34605079 0.09895136 0.31028859
v -0.34605079 0.09895136 0.31028859
v -0.35553334 0.09895136 0.29937637
v -0.35553334 0.09895136 0.29937637
v -0.36467192 0.09895136 0.28817451
v -0.36467192 0.09895136 0.28817451
v -0.37345771 0.09895136 0.27669388
v -0.37345771 0.09895136 0.27669388
v -0.38188220 0.09895136 0.26494555
v -0.38188220 0.09895136 0.26494555
v -0.38993725 0.09895136 0.25294091
v -0.38993725 0.09895136 0.25294091
v -0.39761506 0.09895136 0.24069156
v -0.39761506 0.09895136 0.24069156
v -0.40490820 0.09895136 0.22820936
v -0.40490820 0.09895136 0.22820936
v -0.41180962 0.09895136 0.21550638
v -0.41180962 0.09895136 0.21550638
v -0.41831264 0.09895136 0.20259491
v -0.41831264 0.09895136 0.20259491
v -0.42441096 0.09895136 0.18948745
v -0.42441096 0.09895136 0.18948745
v -0.43009870 0.09895136 0.17619667
v -0.43009870 0.09895136 0.17619667
v -0.43537035 0.09895136 0.16273543
v -0.43537035 0.09895136 0.16273543
v -0.44022080 0.09895136 0.14911675
v -0.44022080 0.09895136 0.14911675
v -0.44464537 0.09895136 0.13535381
v -0.44464537 0.09895136 0.13535381
v -0.44863977 0.09895136 0.12145994
v -0.44863977 0.09895136 0.12145994
v -0.45220015 0.09895136 0.10744854
v -0.45220015 0.09895136 0.10744854
v -0.45532304 0.09895136 0.09333321
v -0.45532304 0.09895136 0.09333321
v -0.45800544 0.09895136 0.07912758
v -0.45800544 0.09895136 0.07912758
v -0.46024476 0.09895136 0.06484540
v -0.46024476 0.09895136 0.06484540
v -0.46203881 0.09895136 0.05050048
v -0.46203881 0.09895136 0.05050048
v -0.46338587 0.09895136 0.03610671
v -0.46338587 0.09895136 0.03610671
v -0.46428464 0.09895136 0.02167801
v -0.46428464 0.09895136 0.02167801
v -0.46473424 0.09895136 0.00722833
v -0.46473424 0.09895136 0.00722833
v -0.46473424 0.09895136 -0.00722833
v -0.46473424 0.09895136 -0.00722833
v -0.46428464 0.09895136 -0.02167801
v -0.46428464 0.09895136 -0.02167801
v -0.46338587 0.09895136 -0.03610671
v -0.46338587 0.09895136 -0.03610671
v -0.46203881 0.09895136 -0.05050048
v -0.46203881 0.09895136 -0.05050048
v -0.46024476 0.09895136 -0.06484540
v -0.46024476 0.09895136 -0.06484540
v -0.45800544 0.09895136 -0.07912758
v -0.45800544 0.09895136 -0.07912758
v -0.45532304 0.09895136 -0.09333321
v -0.45532304 0.09895136 -0.09333321
v -0.45220015 0.09895136 -0.10744854
v -0.45220015 0.09895136 -0.10744854
v -0.44863977 0.09895136 -0.12145994
v -0.44863977 0.09895136 -0.12145994
v -0.44464537 0.09895136 -0.13535381
v -0.44464537 0.09895136 -0.13535381
v -0.44022080 0.09895136 -0.14911675
v -0.44022080 0.09895136 -0.14911675
v -0.43537035 0.09895136 -0.16273543
v -0.43537035 0.09895136 -0.16273543
v -0.43009870 0.09895136 -0.17619667
v -0.43009870 0.09895136 -0.17619667
v -0.42441096 0.09895136 -0.18948745
v -0.42441096 0.09895136 -0.18948745
v -0.41831264 0.09895136 -0.20259491
v -0.41831264 0.09895136 -0.20259491
v -0.41180962 0.09895136 -0.21550638
v -0.41180962 0.09895136 -0.21550638
v -0.40490820 0.09895136 -0.22820936
v -0.40490820 0.09895136 -0.22820936
v -0.39761506 0.09895136 -0.24069156
v -0.39761506 0.09895136 -0.24069156
v -0.38993725 0.09895136 -0.25294091
v -0.38993725 0.09895136 -0.25294091
v -0.38188220 0.09895136 -0.26494555
v -0.38188220 0.09895136 -0.26494555
v -0.37345771 0.09895136 -0.27669388
v -0.37345771 0.09895136 -0.27669388
v -0.36467192 0.09895136 -0.28817451
v -0.36467192 0.09895136 -0.28817451
v -0.35553334 0.09895136 -0.29937637
v -0.35553334 0.09895136 -0.29937637
v -0.34605079 0.09895136 -0.31028859
v -0.34605079 0.09895136 -0.31028859
v -0.33623347 0.09895136 -0.32090063
v -0.33623347 0.09895136 -0.32090063
v -0.32609086 0.09895136 -0.33120222
v -0.32609086 0.09895136 -0.33120222
v -0.31563278 0.09895136 -0.34118339
v -0.31563278 0.09895136 -0.34118339
v -0.30486935 0.09895136 -0.35083449
v -0.30486935 0.09895136 -0.35083449
v -0.29381097 0.09895136 -0.36014618
v -0.29381097 0.09895136 -0.36014618
v -0.28246836 0.09895136 -0.36910945
v -0.28246836 0.09895136 -0.36910945
v -0.27085247 0.09895136 -0.37771564
v -0.27085247 0.09895136 -0.37771564
v -0.25897455 0.09895136 -0.38595640
v -0.25897455 0.09895136 -0.38595640
v -0.24684608 0.09895136 -0.39382378
v -0.24684608 0.09895136 -0.39382378
v -0.23447881 0.09895136 -0.40131016
v -0.23447881 0.09895136 -0.40131016
v -0.22188470 0.09895136 -0.40840830
v -0.22188470 0.09895136 -0.40840830
v -0.20907593 0.09895136 -0.41511133
v -0.20907593 0.09895136 -0.41511133
v -0.19606489 0.09895136 -0.42141276
v -0.19606489 0.09895136 -0.42141276
v -0.18286417 0.09895136 -0.42730651
v -0.18286417 0.09895136 -0.42730651
v -0.16948655 0.09895136 -0.43278687
v -0.16948655 0.09895136 -0.43278687
v -0.15594495 0.09895136 -0.43784853
v -0.15594495 0.09895136 -0.43784853
v -0.14225249 0.09895136 -0.44248660
v -0.14225249 0.09895136 -0.44248660
v -0.12842241 0.09895136 -0.44669659
v -0.12842241 0.09895136 -0.44669659
v -0.11446808 0.09895136 -0.45047444
v -0.11446808 0.09895136 -0.45047444
v -0.10040302 0.09895136 -0.45381648
v -0.10040302 0.09895136 -0.45381648
v -0.08624082 0.09895136 -0.45671948
v -0.08624082 0.09895136 -0.45671948
v -0.07199520 0.09895136 -0.45918063
v -0.07199520 0.09895136 -0.45918063
v -0.05767992 0.09895136 -0.46119756
v -0.05767992 0.09895136 -0.46119756
v -0.04330883 0.09895136 -0.46276831
v -0.04330883 0.09895136 -0.46276831
v -0.02889585 0.09895136 -0.46389136
v -0.02889585 0.09895136 -0.46389136
v -0.01445492 0.09895136 -0.46456562
v -0.01445492 0.09895136 -0.46456562
v 0.00000000 0.14778245 -0.37169818
v 0.00000000 0.14167856 -0.38333471
v 0.00000000 0.13557468 -0.39497125
v 0.00000000 0.12947079 -0.40660778
v 0.00000000 0.12336690 -0.41824431
v 0.00000000 0.11726302 -0.42988085
v 0.00000000 0.11115913 -0.44151738
v 0.00000000 0.10505524 -0.45315391
v 0.01440593 0.15388633 -0.35977334
v 0.01440593 0.15388633 -0.35977334
v 0.02878878 0.15388633 -0.35890890
v 0.02878878 0.15388633 -0.35890890
v 0.04312553 0.15388633 -0.35746969
v 0.04312553 0.15388633 -0.35746969
v 0.05739322 0.15388633 -0.35545803
v 0.05739322 0.15388633 -0.35545803
v 0.07156901 0.15388633 -0.35287713
v 0.07156901 0.15388633 -0.35287713
v 0.08563017 0.15388633 -0.34973113
v 0.08563017 0.15388633 -0.34973113
v 0.09955421 0.15388633 -0.34602507
v 0.09955421 0.15388633 -0.34602507
v 0.11331883 0.15388633 -0.34176488
v 0.11331883 0.15388633 -0.34176488
v 0.12690197 0.15388633 -0.33695739
v 0.12690197 0.15388633 -0.33695739
v 0.14028189 0.15388633 -0.33161028
v 0.14028189 0.15388633 -0.33161028
v 0.15343716 0.15388633 -0.32573214
v 0.15343716 0.15388633 -0.32573214
v 0.16634672 0.15388633 -0.31933236
v 0.16634672 0.15388633 -0.31933236
v 0.17898989 0.15388633 -0.31242120
v 0.17898989 0.15388633 -0.31242120
v 0.19134642 0.15388633 -0.30500973
v 0.19134642 0.15388633 -0.30500973
v 0.20339653 0.15388633 -0.29710982
v 0.20339653 0.15388633 -0.29710982
v 0.21512091 0.15388633 -0.28873410
v 0.21512091 0.15388633 -0.28873410
v 0.22650080 0.15388633 -0.27989601
v 0.22650080 0.15388633 -0.27989601
v 0.23751797 0.15388633 -0.27060969
v 0.23751797 0.15388633 -0.27060969
v 0.24815478 0.15388633 -0.26089001
v 0.24815478 0.15388633 -0.26089001
v 0.25839418 0.15388633 -0.25075254
v 0.25839418 0.15388633 -0.25075254
v 0.26821980 0.15388633 -0.24021351
v 0.26821980 0.15388633 -0.24021351
v 0.27761588 0.15388633 -0.22928980
v 0.27761588 0.15388633 -0.22928980
v 0.28656739 0.15388633 -0.21799890
v 0.28656739 0.15388633 -0.21799890
v 0.29505998 0.15388633 -0.20635890
v 0.29505998 0.15388633 -0.20635890
v 0.30308006 0.15388633 -0.19438844
v 0.30308006 0.15388633 -0.19438844
v 0.31061479 0.15388633 -0.18210667
v 0.31061479 0.15388633 -0.18210667
v 0.31765210 0.15388633 -0.16953329
v 0.31765210 0.15388633 -0.16953329
v 0.32418071 0.15388633 -0.15668840
v 0.32418071 0.15388633 -0.15668840
v 0.33019018 0.15388633 -0.14359260
v 0.33019018 0.15388633 -0.14359260
v 0.33567088 0.15388633 -0.13026684
v 0.33567088 0.15388633 -0.13026684
v 0.34061403 0.15388633 -0.11673248
v 0.34061403 0.15388633 -0.11673248
v 0.34501172 0.15388633 -0.10301118
v 0.34501172 0.15388633 -0.10301118
v 0.34885690 0.15388633 -0.08912491
v 0.34885690 0.15388633 -0.08912491
v 0.35214343 0.15388633 -0.07509592
v 0.35214343 0.15388633 -0.07509592
v 0.35486602 0.15388633 -0.06094667
v 0.35486602 0.15388633 -0.06094667
v 0.35702033 0.15388633 -0.04669982
v 0.35702033 0.15388633 -0.04669982
v 0.35860291 0.15388633 -0.03237819
v 0.35860291 0.15388633 -0.03237819
v 0.35961121 0.15388633 -0.01800470
v 0.35961121 0.15388633 -0.01800470
v 0.36004363 0.15388633 -0.00360238
v 0.36004363 0.15388633 -0.00360238
v 0.35989947 0.15388633 0.01080570
v 0.35989947 0.15388633 0.01080570
v 0.35917896 0.15388633 0.02519649
v 0.35917896 0.15388633 0.02519649
v 0.35788326 0.15388633 0.03954692
v 0.35788326 0.15388633 0.03954692
v 0.35601445 0.15388633 0.05383403
v 0.35601445 0.15388633 0.05383403
v 0.35357551 0.15388633 0.06803492
v 0.35357551 0.15388633 0.06803492
v 0.35057035 0.15388633 0.08212686
v 0.35057035 0.15388633 0.08212686
v 0.34700378 0.15388633 0.09608728
v 0.34700378 0.15388633 0.09608728
v 0.34288152 0.15388633 0.10989383
v 0.34288152 0.15388633 0.10989383
v 0.33821016 0.15388633 0.12352439
v 0.33821016 0.15388633 0.12352439
v 0.33299719 0.15388633 0.13695714
v 0.33299719 0.15388633 0.13695714
v 0.32725096 0.15388633 0.15017056
v 0.32725096 0.15388633 0.15017056
v 0.32098066 0.15388633 0.16314351
v 0.32098066 0.15388633 0.16314351
v 0.31419634 0.15388633 0.17585519
v 0.31419634 0.15388633 0.17585519
v 0.30690887 0.15388633 0.18828525
v 0.30690887 0.15388633 0.18828525
v 0.29912991 0.15388633 0.20041379
v 0.29912991 0.15388633 0.20041379
v 0.29087192 0.15388633 0.21222139
v 0.29087192 0.15388633 0.21222139
v 0.28214812 0.15388633 0.22368913
v 0.28214812 0.15388633 0.22368913
v 0.27297249 0.15388633 0.23479866
v 0.27297249 0.15388633 0.23479866
v 0.26335971 0.15388633 0.24553218
v 0.26335971 0.15388633 0.24553218
v 0.25332520 0.15388633 0.25587250
v 0.25332520 0.15388633 0.25587250
v 0.24288500 0.15388633 0.26580306
v 0.24288500 0.15388633 0.26580306
v 0.23205584 0.15388633 0.27530796
v 0.23205584 0.15388633 0.27530796
v 0.22085507 0.15388633 0.28437199
v 0.22085507 0.15388633 0.28437199
v 0.20930062 0.15388633 0.29298061
v 0.20930062 0.15388633 0.29298061
v 0.19741099 0.15388633 0.30112006
v 0.19741099 0.15388633 0.30112006
v 0.18520523 0.15388633 0.30877729
v 0.18520523 0.15388633 0.30877729
v 0.17270288 0.15388633 0.31594003
v 0.17270288 0.15388633 0.31594003
v 0.15992396 0.15388633 0.32259683
v 0.15992396 0.15388633 0.32259683
v 0.14688894 0.15388633 0.32873703
v 0.14688894 0.15388633 0.32873703
v 0.13361868 0.15388633 0.33435077
v 0.13361868 0.15388633 0.33435077
v 0.12013445 0.15388633 0.33942909
v 0.12013445 0.15388633 0.33942909
v 0.10645783 0.15388633 0.34396383
v 0.10645783 0.15388633 0.34396383
v 0.09261073 0.15388633 0.34794776
v 0.09261073 0.15388633 0.34794776
v 0.07861533 0.15388633 0.35137447
v 0.07861533 0.15388633 0.35137447
v 0.06449402 0.15388633 0.35423849
v 0.06449402 0.15388633 0.35423849
v 0.05026944 0.15388633 0.35653523
v 0.05026944 0.15388633 0.35653523
v 0.03596436 0.15388633 0.35826101
v 0.03596436 0.15388633 0.35826101
v 0.02160168 0.15388633 0.35941307
v 0.02160168 0.15388633 0.35941307
v 0.00720441 0.15388633 0.35998957
v 0.00720441 0.15388633 0.35998957
v -0.00720441 0.15388633 0.35998957
v -0.00720441 0.15388633 0.35998957
v -0.02160168 0.15388633 0.35941307
v -0.02160168 0.15388633 0.35941307
v -0.03596436 0.15388633 0.35826101
v -0.03596436 0.15388633 0.35826101
v -0.05026944 0.15388633 0.35653523
v -0.05026944 0.15388633 0.35653523
v -0.06449402 0.15388633 0.35423849
v -0.06449402 0.15388633 0.35423849
v -0.07861533 0.15388633 0.35137447
v -0.07861533 0.15388633 0.35137447
v -0.09261073 0.15388633 0.34794776
v -0.09261073 0.15388633 0.34794776
v -0.10645783 0.15388633 0.34396383
v -0.10645783 0.15388633 0.34396383
v -0.12013445 0.15388633 0.33942909
v -0.12013445 0.15388633 0.33942909
v -0.13361868 0.15388633 0.33435077
v -0.13361868 0.15388633 0.33435077
v -0.14688894 0.15388633 0.32873703
v -0.14688894 0.15388633 0.32873703
v -0.15992396 0.15388633 0.32259683
v -0.15992396 0.15388633 0.32259683
v -0.17270288 0.15388633 0.31594003
v -0.17270288 0.15388633 0.31594003
v -0.18520523 0.15388633 0.30877729
v -0.18520523 0.15388633 0.30877729
v -0.19741099 0.15388633 0.30112006
v -0.19741099 0.15388633 0.30112006
v -0.20930062 0.15388633 0.29298061
v -0.20930062 0.15388633 0.29298061
v -0.22085507 0.15388633 0.28437199
v -0.22085507 0.15388633 0.28437199
v -0.23205584 0.15388633 0.27530796
v -0.23205584 0.15388633 0.27530796
v -0.24288500 0.15388633 0.26580306
v -0.24288500 0.15388633 0.26580306
v -0.25332520 0.15388633 0.25587250
v -0.25332520 0.15388633 0.25587250
v -0.26335971 0.15388633 0.24553218
v -0.26335971 0.15388633 0.24553218
v -0.27297249 0.15388633 0.23479866
v -0.27297249 0.15388633 0.23479866
v -0.28214812 0.15388633 0.22368913
v -0.28214812 0.15388633 0.22368913
v -0.29087192 0.15388633 0.21222139
v -0.29087192 0.15388633 0.21222139
v -0.29912991 0.15388633 0.20041379
v -0.29912991 0.15388633 0.20041379
v -0.30690887 0.15388633 0.18828525
v -0.30690887 0.15388633 0.18828525
v -0.31419634 0.15388633 0.17585519
v -0.31419634 0.15388633 0.17585519
v -0.32098066 0.15388633 0.16314351
v -0.32098066 0.15388633 0.16314351
v -0.32725096 0.15388633 0.15017056
v -0.32725096 0.15388633 0.15017056
v -0.33299719 0.15388633 0.13695714
v -0.33299719 0.15388633 0.13695714
v -0.33821016 0.15388633 0.12352439
v -0.33821016 0.15388633 0.12352439
v -0.34288152 0.15388633 0.10989383
v -0.34288152 0.15388633 0.10989383
v -0.34700378 0.15388633 0.09608728
v -0.34700378 0.15388633 0.09608728
v -0.35057035 0.15388633 0.08212686
v -0.35057035 0.15388633 0.08212686
v -0.35357551 0.15388633 0.06803492
v -0.35357551 0.15388633 0.06803492
v -0.35601445 0.15388633 0.05383403
v -0.35601445 0.15388633 0.05383403
v -0.35788326 0.15388633 0.03954692
v -0.35788326 0.15388633 0.03954692
v -0.35917896 0.15388633 0.02519649
v -0.35917896 0.15388633 0.02519649
v -0.35989947 0.15388633 0.01080570
v -0.35989947 0.15388633 0.01080570
v -0.36004363 0.15388633 -0.00360238
v -0.36004363 0.15388633 -0.00360238
v -0.35961121 0.15388633 -0.01800470
v -0.35961121 0.15388633 -0.01800470
v -0.35860291 0.15388633 -0.03237819
v -0.35860291 0.15388633 -0.03237819
v -0.35702033 0.15388633 -0.04669982
v -0.35702033 0.15388633 -0.04669982
v -0.35486602 0.15388633 -0.06094667
v -0.35486602 0.15388633 -0.06094667
v -0.35214343 0.15388633 -0.07509592
v -0.35214343 0.15388633 -0.07509592
v -0.34885690 0.15388633 -0.08912491
v -0.34885690 0.15388633 -0.08912491
v -0.34501172 0.15388633 -0.10301118
v -0.34501172 0.15388633 -0.10301118
v -0.34061403 0.15388633 -0.11673248
v -0.34061403 0.15388633 -0.11673248
v -0.33567088 0.15388633 -0.13026684
v -0.33567088 0.15388633 -0.13026684
v -0.33019018 0.15388633 -0.14359260
v -0.33019018 0.15388633 -0.14359260
v -0.32418071 0.15388633 -0.15668840
v -0.32418071 0.15388633 -0.15668840
v -0.31765210 0.15388633 -0.16953329
v -0.31765210 0.15388633 -0.16953329
v -0.31061479 0.15388633 -0.18210667
v -0.31061479 0.15388633 -0.18210667
v -0.30308006 0.15388633 -0.19438844
v -0.30308006 0.15388633 -0.19438844
v -0.29505998 0.15388633 -0.20635890
v -0.29505998 0.15388633 -0.20635890
v -0.28656739 0.15388633 -0.21799890
v -0.28656739 0.15388633 -0.21799890
v -0.27761588 0.15388633 -0.22928980
v -0.27761588 0.15388633 -0.22928980
v -0.26821980 0.15388633 -0.24021351
v -0.26821980 0.15388633 -0.24021351
v -0.25839418 0.15388633 -0.25075254
v -0.25839418 0.15388633 -0.25075254
v -0.24815478 0.15388633 -0.26089001
v -0.24815478 0.15388633 -0.26089001
v -0.23751797 0.15388633 -0.27060969
v -0.23751797 0.15388633 -0.27060969
v -0.22650080 0.15388633 -0.27989601
v -0.22650080 0.15388633 -0.27989601
v -0.21512091 0.15388633 -0.28873410
v -0.21512091 0.15388633 -0.28873410
v -0.20339653 0.15388633 -0.29710982
v -0.20339653 0.15388633 -0.29710982
v -0.19134642 0.15388633 -0.30500973
v -0.19134642 0.15388633 -0.30500973
v -0.17898989 0.15388633 -0.31242120
v -0.17898989 0.15388633 -0.31242120
v -0.16634672 0.15388633 -0.31933236
v -0.16634672 0.15388633 -0.31933236
v -0.15343716 0.15388633 -0.32573214
v -0.15343716 0.15388633 -0.32573214
v -0.14028189 0.15388633 -0.33161028
v -0.14028189 0.15388633 -0.33161028
v -0.12690197 0.15388633 -0.33695739
v -0.12690197 0.15388633 -0.33695739
v -0.11331883 0.15388633 -0.34176488
v -0.11331883 0.15388633 -0.34176488
v -0.09955421 0.15388633 -0.34602507
v -0.09955421 0.15388633 -0.34602507
v -0.08563017 0.15388633 -0.34973113
v -0.08563017 0.15388633 -0.34973113
v -0.07156901 0.15388633 -0.35287713
v -0.07156901 0.15388633 -0.35287713
v -0.05739322 0.15388633 -0.35545803
v -0.05739322 0.15388633 -0.35545803
v -0.04312553 0.15388633 -0.35746969
v -0.04312553 0.15388633 -0.35746969
v -0.02878878 0.15388633 -0.35890890
v -0.02878878 0.15388633 -0.35890890
v -0.01440593 0.15388633 -0.35977334
v -0.01440593 0.15388633 -0.35977334
v 0.00000000 0.12258895 -0.25970668
v 0.00000000 0.12650112 -0.27225105
v 0.00000000 0.13041330 -0.28479542
v 0.00000000 0.13432547 -0.29733979
v 0.00000000 0.13823764 -0.30988416
v 0.00000000 0.14214982 -0.32242853
v 0.00000000 0.14606199 -0.33497290
v 0.00000000 0.14997416 -0.34751728
v 0.01437121 0.11867678 -0.24674415
v 0.01437121 0.11867678 -0.24674415
v 0.02869379 0.11867678 -0.24549108
v 0.02869379 0.11867678 -0.24549108
v 0.04291929 0.11867678 -0.24340736
v 0.04291929 0.11867678 -0.24340736
v 0.05699955 0.11867678 -0.24050001
v 0.05699955 0.11867678 -0.24050001
v 0.07088695 0.11867678 -0.23677890
v 0.07088695 0.11867678 -0.23677890
v 0.08453449 0.11867678 -0.23225660
v 0.08453449 0.11867678 -0.23225660
v 0.09789599 0.11867678 -0.22694841
v 0.09789599 0.11867678 -0.22694841
v 0.11092624 0.11867678 -0.22087231
v 0.11092624 0.11867678 -0.22087231
v 0.12358115 0.11867678 -0.21404884
v 0.12358115 0.11867678 -0.21404884
v 0.13581791 0.11867678 -0.20650110
v 0.13581791 0.11867678 -0.20650110
v 0.14759510 0.11867678 -0.19825462
v 0.14759510 0.11867678 -0.19825462
v 0.15887287 0.11867678 -0.18933731
v 0.15887287 0.11867678 -0.18933731
v 0.16961307 0.11867678 -0.17977935
v 0.16961307 0.11867678 -0.17977935
v 0.17977935 0.11867678 -0.16961307
v 0.17977935 0.11867678 -0.16961307
v 0.18933731 0.11867678 -0.15887287
v 0.18933731 0.11867678 -0.15887287
v 0.19825462 0.11867678 -0.14759510
v 0.19825462 0.11867678 -0.14759510
v 0.20650110 0.11867678 -0.13581791
v 0.20650110 0.11867678 -0.13581791
v 0.21404884 0.11867678 -0.12358115
v 0.21404884 0.11867678 -0.12358115
v 0.22087231 0.11867678 -0.11092624
v 0.22087231 0.11867678 -0.11092624
v 0.22694841 0.11867678 -0.09789599
v 0.22694841 0.11867678 -0.09789599
v 0.23225660 0.11867678 -0.08453449
v 0.23225660 0.11867678 -0.08453449
v 0.23677890 0.11867678 -0.07088695
v 0.23677890 0.11867678 -0.07088695
v 0.24050001 0.11867678 -0.05699955
v 0.24050001 0.11867678 -0.05699955
v 0.24340736 0.11867678 -0.04291929
v 0.24340736 0.11867678 -0.04291929
v 0.24549108 0.11867678 -0.02869379
v 0.24549108 0.11867678 -0.02869379
v 0.24674415 0.11867678 -0.01437121
v 0.24674415 0.11867678 -0.01437121
v 0.24716231 0.11867678 0.00000000
v 0.24716231 0.11867678 0.00000000
v 0.24674415 0.11867678 0.01437121
v 0.24674415 0.11867678 0.01437121
v 0.24549108 0.11867678 0.02869379
v 0.24549108 0.11867678 0.02869379
v 0.24340736 0.11867678 0.04291929
v 0.24340736 0.11867678 0.04291929
v 0.24050001 0.11867678 0.05699955
v 0.24050001 0.11867678 0.05699955
v 0.23677890 0.11867678 0.07088695
v 0.23677890 0.11867678 0.07088695
v 0.23225660 0.11867678 0.08453449
v 0.23225660 0.11867678 0.08453449
v 0.22694841 0.11867678 0.09789599
v 0.22694841 0.11867678 0.09789599
v 0.22087231 0.11867678 0.11092624
v 0.22087231 0.11867678 0.11092624
v 0.21404884 0.11867678 0.12358115
v 0.21404884 0.11867678 0.12358115
v 0.20650110 0.11867678 0.13581791
v 0.20650110 0.11867678 0.13581791
v 0.19825462 0.11867678 0.14759510
v 0.19825462 0.11867678 0.14759510
v 0.18933731 0.11867678 0.15887287
v 0.18933731 0.11867678 0.15887287
v 0.17977935 0.11867678 0.16961307
v 0.17977935 0.11867678 0.16961307
v 0.16961307 0.11867678 0.17977935
v 0.16961307 0.11867678 0.17977935
v 0.15887287 0.11867678 0.18933731
v 0.15887287 0.11867678 0.18933731
v 0.14759510 0.11867678 0.19825462
v 0.14759510 0.11867678 0.19825462
v 0.13581791 0.11867678 0.20650110
v 0.13581791 0.11867678 0.20650110
v 0.12358115 0.11867678 0.21404884
v 0.12358115 0.11867678 0.21404884
v 0.11092624 0.11867678 0.22087231
v 0.11092624 0.11867678 0.22087231
v 0.09789599 0.11867678 0.22694841
v 0.09789599 0.11867678 0.22694841
v 0.08453449 0.11867678 0.23225660
v 0.08453449 0.11867678 0.23225660
v 0.07088695 0.11867678 0.23677890
v 0.07088695 0.11867678 0.23677890
v 0.05699955 0.11867678 0.24050001
v 0.05699955 0.11867678 0.24050001
v 0.04291929 0.11867678 0.24340736
v 0.04291929 0.11867678 0.24340736
v 0.02869379 0.11867678 0.24549108
v 0.02869379 0.11867678 0.24549108
v 0.01437121 0.11867678 0.24674415
v 0.01437121 0.11867678 0.24674415
v 0.00000000 0.11867678 0.24716231
v 0.00000000 0.11867678 0.24716231
v -0.01437121 0.11867678 0.24674415
v -0.01437121 0.11867678 0.24674415
v -0.02869379 0.11867678 0.24549108
v -0.02869379 0.11867678 0.24549108
v -0.04291929 0.11867678 0.24340736
v -0.04291929 0.11867678 0.24340736
v -0.05699955 0.11867678 0.24050001
v -0.05699955 0.11867678 0.24050001
v -0.07088695 0.11867678 0.23677890
v -0.07088695 0.11867678 0.23677890
v -0.08453449 0.11867678 0.23225660
v -0.08453449 0.11867678 0.23225660
v -0.09789599 0.11867678 0.22694841
v -0.09789599 0.11867678 0.22694841
v -0.11092624 0.11867678 0.22087231
v -0.11092624 0.11867678 0.22087231
v -0.12358115 0.11867678 0.21404884
v -0.12358115 0.11867678 0.21404884
v -0.13581791 0.11867678 0.20650110
v -0.13581791 0.11867678 0.20650110
v -0.14759510 0.11867678 0.19825462
v -0.14759510 0.11867678 0.19825462
v -0.15887287 0.11867678 0.18933731
v -0.15887287 0.11867678 0.18933731
v -0.16961307 0.11867678 0.17977935
v -0.16961307 0.11867678 0.17977935
v -0.17977935 0.11867678 0.16961307
v -0.17977935 0.11867678 0.16961307
v -0.18933731 0.11867678 0.15887287
v -0.18933731 0.11867678 0.15887287
v -0.19825462 0.11867678 0.14759510
v -0.19825462 0.11867678 0.14759510
v -0.20650110 0.11867678 0.13581791
v -0.20650110 0.11867678 0.13581791
v -0.21404884 0.11867678 0.12358115
v -0.21404884 0.11867678 0.12358115
v -0.22087231 0.11867678 0.11092624
v -0.22087231 0.11867678 0.11092624
v -0.22694841 0.11867678 0.09789599
v -0.22694841 0.11867678 0.09789599
v -0.23225660 0.11867678 0.08453449
v -0.23225660 0.11867678 0.08453449
v -0.23677890 0.11867678 0.07088695
v -0.23677890 0.11867678 0.07088695
v -0.24050001 0.11867678 0.05699955
v -0.24050001 0.11867678 0.05699955
v -0.24340736 0.11867678 0.04291929
v -0.24340736 0.11867678 0.04291929
v -0.24549108 0.11867678 0.02869379
v -0.24549108 0.11867678 0.02869379
v -0.24674415 0.11867678 0.01437121
v -0.24674415 0.11867678 0.01437121
v -0.24716231 0.11867678 0.00000000
v -0.24716231 0.11867678 0.00000000
v -0.24674415 0.11867678 -0.01437121
v -0.24674415 0.11867678 -0.01437121
v -0.24549108 0.11867678 -0.02869379
v -0.24549108 0.11867678 -0.02869379
v -0.24340736 0.11867678 -0.04291929
v -0.24340736 0.11867678 -0.04291929
v -0.24050001 0.11867678 -0.05699955
v -0.24050001 0.11867678 -0.05699955
v -0.23677890 0.11867678 -0.07088695
v -0.23677890 0.11867678 -0.07088695
v -0.23225660 0.11867678 -0.08453449
v -0.23225660 0.11867678 -0.08453449
v -0.22694841 0.11867678 -0.09789599
v -0.22694841 0.11867678 -0.09789599
v -0.22087231 0.11867678 -0.11092624
v -0.22087231 0.11867678 -0.11092624
v -0.21404884 0.11867678 -0.12358115
v -0.21404884 0.11867678 -0.12358115
v -0.20650110 0.11867678 -0.13581791
v -0.20650110 0.11867678 -0.13581791
v -0.19825462 0.11867678 -0.14759510
v -0.19825462 0.11867678 -0.14759510
v -0.18933731 0.11867678 -0.15887287
v -0.18933731 0.11867678 -0.15887287
v -0.17977935 0.11867678 -0.16961307
v -0.17977935 0.11867678 -0.16961307
v -0.16961307 0.11867678 -0.17977935
v -0.16961307 0.11867678 -0.17977935
v -0.15887287 0.11867678 -0.18933731
v -0.15887287 0.11867678 -0.18933731
v -0.14759510 0.11867678 -0.19825462
v -0.14759510 0.11867678 -0.19825462
v -0.13581791 0.11867678 -0.20650110
v -0.13581791 0.11867678 -0.20650110
v -0.12358115 0.11867678 -0.21404884
v -0.12358115 0.11867678 -0.21404884
v -0.11092624 0.11867678 -0.22087231
v -0.11092624 0.11867678 -0.22087231
v -0.09789599 0.11867678 -0.22694841
v -0.09789599 0.11867678 -0.22694841
v -0.08453449 0.11867678 -0.23225660
v -0.08453449 0.11867678 -0.23225660
v -0.07088695 0.11867678 -0.23677890
v -0.07088695 0.11867678 -0.23677890
v -0.05699955 0.11867678 -0.24050001
v -0.05699955 0.11867678 -0.24050001
v -0.04291929 0.11867678 -0.24340736
v -0.04291929 0.11867678 -0.24340736
v -0.02869379 0.11867678 -0.24549108
v -0.02869379 0.11867678 -0.24549108
v -0.01437121 0.11867678 -0.24674415
v -0.01437121 0.11867678 -0.24674415
v 0.00000000 0.02558451 -0.19833122
v 0.00000000 0.03722105 -0.20443510
v 0.00000000 0.04885758 -0.21053899
v 0.00000000 0.06049412 -0.21664288
v 0.00000000 0.07213065 -0.22274676
v 0.00000000 0.08376718 -0.22885065
v 0.00000000 0.09540372 -0.23495454
v 0.00000000 0.10704025 -0.24105842
v 0.01436517 0.01394798 -0.19168982
v 0.01436517 0.01394798 -0.19168982
v 0.02865000 0.01394798 -0.19008031
v 0.02865000 0.01394798 -0.19008031
v 0.04277460 0.01394798 -0.18740779
v 0.04277460 0.01394798 -0.18740779
v 0.05666000 0.01394798 -0.18368721
v 0.05666000 0.01394798 -0.18368721
v 0.07022853 0.01394798 -0.17893938
v 0.07022853 0.01394798 -0.17893938
v 0.08340431 0.01394798 -0.17319084
v 0.08340431 0.01394798 -0.17319084
v 0.09611367 0.01394798 -0.16647375
v 0.09611367 0.01394798 -0.16647375
v 0.10828551 0.01394798 -0.15882568
v 0.10828551 0.01394798 -0.15882568
v 0.11985178 0.01394798 -0.15028938
v 0.11985178 0.01394798 -0.15028938
v 0.13074779 0.01394798 -0.14091261
v 0.13074779 0.01394798 -0.14091261
v 0.14091261 0.01394798 -0.13074779
v 0.14091261 0.01394798 -0.13074779
v 0.15028938 0.01394798 -0.11985178
v 0.15028938 0.01394798 -0.11985178
v 0.15882568 0.01394798 -0.10828551
v 0.15882568 0.01394798 -0.10828551
v 0.16647375 0.01394798 -0.09611367
v 0.16647375 0.01394798 -0.09611367
v 0.17319084 0.01394798 -0.08340431
v 0.17319084 0.01394798 -0.08340431
v 0.17893938 0.01394798 -0.07022853
v 0.17893938 0.01394798 -0.07022853
v 0.18368721 0.01394798 -0.05666000
v 0.18368721 0.01394798 -0.05666000
v 0.18740779 0.01394798 -0.04277460
v 0.18740779 0.01394798 -0.04277460
v 0.19008031 0.01394798 -0.02865000
v 0.19008031 0.01394798 -0.02865000
v 0.19168982 0.01394798 -0.01436517
v 0.19168982 0.01394798 -0.01436517
v 0.19222733 0.01394798 0.00000000
v 0.19222733 0.01394798 0.00000000
v 0.19168982 0.01394798 0.01436517
v 0.19168982 0.01394798 0.01436517
v 0.19008031 0.01394798 0.02865000
v 0.19008031 0.01394798 0.02865000
v 0.18740779 0.01394798 0.04277460
v 0.18740779 0.01394798 0.04277460
v 0.18368721 0.01394798 0.05666000
v 0.18368721 0.01394798 0.05666000
v 0.17893938 0.01394798 0.07022853
v 0.17893938 0.01394798 0.07022853
v 0.17319084 0.01394798 0.08340431
v 0.17319084 0.01394798 0.08340431
v 0.16647375 0.01394798 0.09611367
v 0.16647375 0.01394798 0.09611367
v 0.15882568 0.01394798 0.10828551
v 0.15882568 0.01394798 0.10828551
v 0.15028938 0.01394798 0.11985178
v 0.15028938 0.01394798 0.11985178
v 0.14091261 0.01394798 0.13074779
v 0.14091261 0.01394798 0.13074779
v 0.13074779 0.01394798 0.14091261
v 0.13074779 0.01394798 0.14091261
v 0.11985178 0.01394798 0.15028938
v 0.11985178 0.01394798 0.15028938
v 0.10828551 0.01394798 0.15882568
v 0.10828551 0.01394798 0.15882568
v 0.09611367 0.01394798 0.16647375
v 0.09611367 0.01394798 0.16647375
v 0.08340431 0.01394798 0.17319084
v 0.08340431 0.01394798 0.17319084
v 0.07022853 0.01394798 0.17893938
v 0.07022853 0.01394798 0.17893938
v 0.05666000 0.01394798 0.18368721
v 0.05666000 0.01394798 0.18368721
v 0.04277460 0.01394798 0.18740779
v 0.04277460 0.01394798 0.18740779
v 0.02865000 0.01394798 0.19008031
v 0.02865000 0.01394798 0.19008031
v 0.01436517 0.01394798 0.19168982
v 0.01436517 0.01394798 0.19168982
v 0.00000000 0.01394798 0.19222733
v 0.00000000 0.01394798 0.19222733
v -0.01436517 0.01394798 0.19168982
v -0.01436517 0.01394798 0.19168982
v -0.02865000 0.01394798 0.19008031
v -0.02865000 0.01394798 0.19008031
v -0.04277460 0.01394798 0.18740779
v -0.04277460 0.01394798 0.18740779
v -0.05666000 0.01394798 0.18368721
v -0.05666000 0.01394798 0.18368721
v -0.07022853 0.01394798 0.17893938
v -0.07022853 0.01394798 0.17893938
v -0.08340431 0.01394798 0.17319084
v -0.08340431 0.01394798 0.17319084
v -0.09611367 0.01394798 0.16647375
v -0.09611367 0.01394798 0.16647375
v -0.10828551 0.01394798 0.15882568
v -0.10828551 0.01394798 0.15882568
v -0.11985178 0.01394798 0.15028938
v -0.11985178 0.01394798 0.15028938
v -0.13074779 0.01394798 0.14091261
v -0.13074779 0.01394798 0.14091261
v -0.14091261 0.01394798 0.13074779
v -0.14091261 0.01394798 0.13074779
v -0.15028938 0.01394798 0.11985178
v -0.15028938 0.01394798 0.11985178
v -0.15882568 0.01394798 0.10828551
v -0.15882568 0.01394798 0.10828551
v -0.16647375 0.01394798 0.09611367
v -0.16647375 0.01394798 0.09611367
v -0.17319084 0.01394798 0.08340431
v -0.17319084 0.01394798 0.08340431
v -0.17893938 0.01394798 0.07022853
v -0.17893938 0.01394798 0.07022853
v -0.18368721 0.01394798 0.05666000
v -0.18368721 0.01394798 0.05666000
v -0.18740779 0.01394798 0.04277460
v -0.18740779 0.01394798 0.04277460
v -0.19008031 0.01394798 0.02865000
v -0.19008031 0.01394798 0.02865000
v -0.19168982 0.01394798 0.01436517
v -0.19168982 0.01394798 0.01436517
v -0.19222733 0.01394798 0.00000000
v -0.19222733 0.01394798 0.00000000
v -0.19168982 0.01394798 -0.01436517
v -0.19168982 0.01394798 -0.01436517
v -0.19008031 0.01394798 -0.02865000
v -0.19008031 0.01394798 -0.02865000
v -0.18740779 0.01394798 -0.04277460
v -0.18740779 0.01394798 -0.04277460
v -0.18368721 0.01394798 -0.05666000
v -0.18368721 0.01394798 -0.05666000
v -0.17893938 0.01394798 -0.07022853
v -0.17893938 0.01394798 -0.07022853
v -0.17319084 0.01394798 -0.08340431
v -0.17319084 0.01394798 -0.08340431
v -0.16647375 0.01394798 -0.09611367
v -0.16647375 0.01394798 -0.09611367
v -0.15882568 0.01394798 -0.10828551
v -0.15882568 0.01394798 -0.10828551
v -0.15028938 0.01394798 -0.11985178
v -0.15028938 0.01394798 -0.11985178
v -0.14091261 0.01394798 -0.13074779
v -0.14091261 0.01394798 -0.13074779
v -0.13074779 0.01394798 -0.14091261
v -0.13074779 0.01394798 -0.14091261
v -0.11985178 0.01394798 -0.15028938
v -0.11985178 0.01394798 -0.15028938
v -0.10828551 0.01394798 -0.15882568
v -0.10828551 0.01394798 -0.15882568
v -0.09611367 0.01394798 -0.16647375
v -0.09611367 0.01394798 -0.16647375
v -0.08340431 0.01394798 -0.17319084
v -0.08340431 0.01394798 -0.17319084
v -0.07022853 0.01394798 -0.17893938
v -0.07022853 0.01394798 -0.17893938
v -0.05666000 0.01394798 -0.18368721
v -0.05666000 0.01394798 -0.18368721
v -0.04277460 0.01394798 -0.18740779
v -0.04277460 0.01394798 -0.18740779
v -0.02865000 0.01394798 -0.19008031
v -0.02865000 0.01394798 -0.19008031
v -0.01436517 0.01394798 -0.19168982
v -0.01436517 0.01394798 -0.19168982
v 0.00000000 0.00140361 -0.19613951
v 0.00000000 -0.01114076 -0.20005168
v 0.00000000 -0.02368513 -0.20396385
v 0.00000000 -0.03622950 -0.20787602
v 0.00000000 -0.04877388 -0.21178820
v 0.00000000 -0.06131825 -0.21570037
v 0.00000000 -0.07386262 -0.21961254
v 0.00000000 -0.08640699 -0.22352471
v 0.01442494 -0.09895136 -0.22697898
v 0.01442494 -0.09895136 -0.22697898
v 0.02879179 -0.09895136 -0.22560711
v 0.02879179 -0.09895136 -0.22560711
v 0.04304271 -0.09895136 -0.22332680
v 0.04304271 -0.09895136 -0.22332680
v 0.05712032 -0.09895136 -0.22014724
v 0.05712032 -0.09895136 -0.22014724
v 0.07096791 -0.09895136 -0.21608122
v 0.07096791 -0.09895136 -0.21608122
v 0.08452975 -0.09895136 -0.21114511
v 0.08452975 -0.09895136 -0.21114511
v 0.09775121 -0.09895136 -0.20535880
v 0.09775121 -0.09895136 -0.20535880
v 0.11057907 -0.09895136 -0.19874558
v 0.11057907 -0.09895136 -0.19874558
v 0.12296166 -0.09895136 -0.19133208
v 0.12296166 -0.09895136 -0.19133208
v 0.13484913 -0.09895136 -0.18314816
v 0.13484913 -0.09895136 -0.18314816
v 0.14619361 -0.09895136 -0.17422676
v 0.14619361 -0.09895136 -0.17422676
v 0.15694942 -0.09895136 -0.16460381
v 0.15694942 -0.09895136 -0.16460381
v 0.16707325 -0.09895136 -0.15431807
v 0.16707325 -0.09895136 -0.15431807
v 0.17652433 -0.09895136 -0.14341093
v 0.17652433 -0.09895136 -0.14341093
v 0.18526462 -0.09895136 -0.13192634
v 0.18526462 -0.09895136 -0.13192634
v 0.19325891 -0.09895136 -0.11991052
v 0.19325891 -0.09895136 -0.11991052
v 0.20047501 -0.09895136 -0.10741186
v 0.20047501 -0.09895136 -0.10741186
v 0.20688387 -0.09895136 -0.09448070
v 0.20688387 -0.09895136 -0.09448070
v 0.21245968 -0.09895136 -0.08116909
v 0.21245968 -0.09895136 -0.08116909
v 0.21717999 -0.09895136 -0.06753064
v 0.21717999 -0.09895136 -0.06753064
v 0.22102580 -0.09895136 -0.05362028
v 0.22102580 -0.09895136 -0.05362028
v 0.22398161 -0.09895136 -0.03949400
v 0.22398161 -0.09895136 -0.03949400
v 0.22603553 -0.09895136 -0.02520870
v 0.22603553 -0.09895136 -0.02520870
v 0.22717927 -0.09895136 -0.01082188
v 0.22717927 -0.09895136 -0.01082188
v 0.22740826 -0.09895136 0.00360851
v 0.22740826 -0.09895136 0.00360851
v 0.22672154 -0.09895136 0.01802436
v 0.22672154 -0.09895136 0.01802436
v 0.22512190 -0.09895136 0.03236764
v 0.22512190 -0.09895136 0.03236764
v 0.22261578 -0.09895136 0.04658059
v 0.22261578 -0.09895136 0.04658059
v 0.21921326 -0.09895136 0.06060597
v 0.21921326 -0.09895136 0.06060597
v 0.21492804 -0.09895136 0.07438732
v 0.21492804 -0.09895136 0.07438732
v 0.20977739 -0.09895136 0.08786913
v 0.20977739 -0.09895136 0.08786913
v 0.20378203 -0.09895136 0.10099712
v 0.20378203 -0.09895136 0.10099712
v 0.19696612 -0.09895136 0.11371844
v 0.19696612 -0.09895136 0.11371844
v 0.18935709 -0.09895136 0.12598186
v 0.18935709 -0.09895136 0.12598186
v 0.18098559 -0.09895136 0.13773798
v 0.18098559 -0.09895136 0.13773798
v 0.17188533 -0.09895136 0.14893949
v 0.17188533 -0.09895136 0.14893949
v 0.16209294 -0.09895136 0.15954126
v 0.16209294 -0.09895136 0.15954126
v 0.15164787 -0.09895136 0.16950062
v 0.15164787 -0.09895136 0.16950062
v 0.14059216 -0.09895136 0.17877747
v 0.14059216 -0.09895136 0.17877747
v 0.12897033 -0.09895136 0.18733444
v 0.12897033 -0.09895136 0.18733444
v 0.11682919 -0.09895136 0.19513707
v 0.11682919 -0.09895136 0.19513707
v 0.10421761 -0.09895136 0.20215397
v 0.10421761 -0.09895136 0.20215397
v 0.09118639 -0.09895136 0.20835685
v 0.09118639 -0.09895136 0.20835685
v 0.07778800 -0.09895136 0.21372076
v 0.07778800 -0.09895136 0.21372076
v 0.06407638 -0.09895136 0.21822409
v 0.06407638 -0.09895136 0.21822409
v 0.05010674 -0.09895136 0.22184871
v 0.05010674 -0.09895136 0.22184871
v 0.03593535 -0.09895136 0.22458002
v 0.03593535 -0.09895136 0.22458002
v 0.02161925 -0.09895136 0.22640703
v 0.02161925 -0.09895136 0.22640703
v 0.00721610 -0.09895136 0.22732238
v 0.00721610 -0.09895136 0.22732238
v -0.00721610 -0.09895136 0.22732238
v -0.00721610 -0.09895136 0.22732238
v -0.02161925 -0.09895136 0.22640703
v -0.02161925 -0.09895136 0.22640703
v -0.03593535 -0.09895136 0.22458002
v -0.03593535 -0.09895136 0.22458002
v -0.05010674 -0.09895136 0.22184871
v -0.05010674 -0.09895136 0.22184871
v -0.06407638 -0.09895136 0.21822409
v -0.06407638 -0.09895136 0.21822409
v -0.07778800 -0.09895136 0.21372076
v -0.07778800 -0.09895136 0.21372076
v -0.09118639 -0.09895136 0.20835685
v -0.09118639 -0.09895136 0.20835685
v -0.10421761 -0.09895136 0.20215397
v -0.10421761 -0.09895136 0.20215397
v -0.11682919 -0.09895136 0.19513707
v -0.11682919 -0.09895136 0.19513707
v -0.12897033 -0.09895136 0.18733444
v -0.12897033 -0.09895136 0.18733444
v -0.14059216 -0.09895136 0.17877747
v -0.14059216 -0.09895136 0.17877747
v -0.15164787 -0.09895136 0.16950062
v -0.15164787 -0.09895136 0.16950062
v -0.16209294 -0.09895136 0.15954126
v -0.16209294 -0.09895136 0.15954126
v -0.17188533 -0.09895136 0.14893949
v -0.17188533 -0.09895136 0.14893949
v -0.18098559 -0.09895136 0.13773798
v -0.18098559 -0.09895136 0.13773798
v -0.18935709 -0.09895136 0.12598186
v -0.18935709 -0.09895136 0.12598186
v -0.19696612 -0.09895136 0.11371844
v -0.19696612 -0.09895136 0.11371844
v -0.20378203 -0.09895136 0.10099712
v -0.20378203 -0.09895136 0.10099712
v -0.20977739 -0.09895136 0.08786913
v -0.20977739 -0.09895136 0.08786913
v -0.21492804 -0.09895136 0.07438732
v -0.21492804 -0.09895136 0.07438732
v -0.21921326 -0.09895136 0.06060597
v -0.21921326 -0.09895136 0.06060597
v -0.22261578 -0.09895136 0.04658059
v -0.22261578 -0.09895136 0.04658059
v -0.22512190 -0.09895136 0.03236764
v -0.22512190 -0.09895136 0.03236764
v -0.22672154 -0.09895136 0.01802436
v -0.22672154 -0.09895136 0.01802436
v -0.22740826 -0.09895136 0.00360851
v -0.22740826 -0.09895136 0.00360851
v -0.22717927 -0.09895136 -0.01082188
v -0.22717927 -0.09895136 -0.01082188
v -0.22603553 -0.09895136 -0.02520870
v -0.22603553 -0.09895136 -0.02520870
v -0.22398161 -0.09895136 -0.03949400
v -0.22398161 -0.09895136 -0.03949400
v -0.22102580 -0.09895136 -0.05362028
v -0.22102580 -0.09895136 -0.05362028
v -0.21717999 -0.09895136 -0.06753064
v -0.21717999 -0.09895136 -0.06753064
v -0.21245968 -0.09895136 -0.08116909
v -0.21245968 -0.09895136 -0.08116909
v -0.20688387 -0.09895136 -0.09448070
v -0.20688387 -0.09895136 -0.09448070
v -0.20047501 -0.09895136 -0.10741186
v -0.20047501 -0.09895136 -0.10741186
v -0.19325891 -0.09895136 -0.11991052
v -0.19325891 -0.09895136 -0.11991052
v -0.18526462 -0.09895136 -0.13192634
v -0.18526462 -0.09895136 -0.13192634
v -0.17652433 -0.09895136 -0.14341093
v -0.17652433 -0.09895136 -0.14341093
v -0.16707325 -0.09895136 -0.15431807
v -0.16707325 -0.09895136 -0.15431807
v -0.15694942 -0.09895136 -0.16460381
v -0.15694942 -0.09895136 -0.16460381
v -0.14619361 -0.09895136 -0.17422676
v -0.14619361 -0.09895136 -0.17422676
v -0.13484913 -0.09895136 -0.18314816
v -0.13484913 -0.09895136 -0.18314816
v -0.12296166 -0.09895136 -0.19133208
v -0.12296166 -0.09895136 -0.19133208
v -0.11057907 -0.09895136 -0.19874558
v -0.11057907 -0.09895136 -0.19874558
v -0.09775121 -0.09895136 -0.20535880
v -0.09775121 -0.09895136 -0.20535880
v -0.08452975 -0.09895136 -0.21114511
v -0.08452975 -0.09895136 -0.21114511
v -0.07096791 -0.09895136 -0.21608122
v -0.07096791 -0.09895136 -0.21608122
v -0.05712032 -0.09895136 -0.22014724
v -0.05712032 -0.09895136 -0.22014724
v -0.04304271 -0.09895136 -0.22332680
v -0.04304271 -0.09895136 -0.22332680
v -0.02879179 -0.09895136 -0.22560711
v -0.02879179 -0.09895136 -0.22560711
v -0.01442494 -0.09895136 -0.22697898
v -0.01442494 -0.09895136 -0.22697898
v 0.00000000 -0.10505524 -0.23907342
v 0.00000000 -0.11115913 -0.25070995
v 0.00000000 -0.11726302 -0.26234649
v 0.00000000 -0.12336690 -0.27398302
v 0.00000000 -0.12947079 -0.28561955
v 0.00000000 -0.13557468 -0.29725609
v 0.00000000 -0.14167856 -0.30889262
v 0.00000000 -0.14778245 -0.32052915
v 0.01438900 -0.15388633 -0.33185388
v 0.01438900 -0.15388633 -0.33185388
v 0.02875099 -0.15388633 -0.33091906
v 0.02875099 -0.15388633 -0.33091906
v 0.04305900 -0.15388633 -0.32936297
v 0.04305900 -0.15388633 -0.32936297
v 0.05728618 -0.15388633 -0.32718853
v 0.05728618 -0.15388633 -0.32718853
v 0.07140580 -0.15388633 -0.32439984
v 0.07140580 -0.15388633 -0.32439984
v 0.08539137 -0.15388633 -0.32100211
v 0.08539137 -0.15388633 -0.32100211
v 0.09921663 -0.15388633 -0.31700174
v 0.09921663 -0.15388633 -0.31700174
v 0.11285561 -0.15388633 -0.31240623
v 0.11285561 -0.15388633 -0.31240623
v 0.12628272 -0.15388633 -0.30722421
v 0.12628272 -0.15388633 -0.30722421
v 0.13947275 -0.15388633 -0.30146541
v 0.13947275 -0.15388633 -0.30146541
v 0.15240093 -0.15388633 -0.29514064
v 0.15240093 -0.15388633 -0.29514064
v 0.16504300 -0.15388633 -0.28826178
v 0.16504300 -0.15388633 -0.28826178
v 0.17737522 -0.15388633 -0.28084173
v 0.17737522 -0.15388633 -0.28084173
v 0.18937443 -0.15388633 -0.27289443
v 0.18937443 -0.15388633 -0.27289443
v 0.20101811 -0.15388633 -0.26443480
v 0.20101811 -0.15388633 -0.26443480
v 0.21228440 -0.15388633 -0.25547872
v 0.21228440 -0.15388633 -0.25547872
v 0.22315215 -0.15388633 -0.24604301
v 0.22315215 -0.15388633 -0.24604301
v 0.23360095 -0.15388633 -0.23614538
v 0.23360095 -0.15388633 -0.23614538
v 0.24361120 -0.15388633 -0.22580441
v 0.24361120 -0.15388633 -0.22580441
v 0.25316408 -0.15388633 -0.21503951
v 0.25316408 -0.15388633 -0.21503951
v 0.26224168 -0.15388633 -0.20387090
v 0.26224168 -0.15388633 -0.20387090
v 0.27082695 -0.15388633 -0.19231954
v 0.27082695 -0.15388633 -0.19231954
v 0.27890377 -0.15388633 -0.18040713
v 0.27890377 -0.15388633 -0.18040713
v 0.28645697 -0.15388633 -0.16815602
v 0.28645697 -0.15388633 -0.16815602
v 0.29347239 -0.15388633 -0.15558921
v 0.29347239 -0.15388633 -0.15558921
v 0.29993683 -0.15388633 -0.14273030
v 0.29993683 -0.15388633 -0.14273030
v 0.30583818 -0.15388633 -0.12960343
v 0.30583818 -0.15388633 -0.12960343
v 0.31116535 -0.15388633 -0.11623325
v 0.31116535 -0.15388633 -0.11623325
v 0.31590834 -0.15388633 -0.10264484
v 0.31590834 -0.15388633 -0.10264484
v 0.32005824 -0.15388633 -0.08886374
v 0.32005824 -0.15388633 -0.08886374
v 0.32360727 -0.15388633 -0.07491579
v 0.32360727 -0.15388633 -0.07491579
v 0.32654876 -0.15388633 -0.06082721
v 0.32654876 -0.15388633 -0.06082721
v 0.32887719 -0.15388633 -0.04662443
v 0.32887719 -0.15388633 -0.04662443
v 0.33058819 -0.15388633 -0.03233411
v 0.33058819 -0.15388633 -0.03233411
v 0.33167854 -0.15388633 -0.01798309
v 0.33167854 -0.15388633 -0.01798309
v 0.33214619 -0.15388633 -0.00359831
v 0.33214619 -0.15388633 -0.00359831
v 0.33199029 -0.15388633 0.01079323
v 0.33199029 -0.15388633 0.01079323
v 0.33121110 -0.15388633 0.02516450
v 0.33121110 -0.15388633 0.02516450
v 0.32981010 -0.15388633 0.03948853
v 0.32981010 -0.15388633 0.03948853
v 0.32778991 -0.15388633 0.05373843
v 0.32778991 -0.15388633 0.05373843
v 0.32515433 -0.15388633 0.06788744
v 0.32515433 -0.15388633 0.06788744
v 0.32190831 -0.15388633 0.08190899
v 0.32190831 -0.15388633 0.08190899
v 0.31805794 -0.15388633 0.09577677
v 0.31805794 -0.15388633 0.09577677
v 0.31361045 -0.15388633 0.10946474
v 0.31361045 -0.15388633 0.10946474
v 0.30857419 -0.15388633 0.12294719
v 0.30857419 -0.15388633 0.12294719
v 0.30295861 -0.15388633 0.13619883
v 0.30295861 -0.15388633 0.13619883
v 0.29677426 -0.15388633 0.14919477
v 0.29677426 -0.15388633 0.14919477
v 0.29003275 -0.15388633 0.16191062
v 0.29003275 -0.15388633 0.16191062
v 0.28274673 -0.15388633 0.17432249
v 0.28274673 -0.15388633 0.17432249
v 0.27492989 -0.15388633 0.18640709
v 0.27492989 -0.15388633 0.18640709
v 0.26659689 -0.15388633 0.19814173
v 0.26659689 -0.15388633 0.19814173
v 0.25776338 -0.15388633 0.20950438
v 0.25776338 -0.15388633 0.20950438
v 0.24844595 -0.15388633 0.22047370
v 0.24844595 -0.15388633 0.22047370
v 0.23866209 -0.15388633 0.23102911
v 0.23866209 -0.15388633 0.23102911
v 0.22843016 -0.15388633 0.24115079
v 0.22843016 -0.15388633 0.24115079
v 0.21776938 -0.15388633 0.25081973
v 0.21776938 -0.15388633 0.25081973
v 0.20669977 -0.15388633 0.26001779
v 0.20669977 -0.15388633 0.26001779
v 0.19524209 -0.15388633 0.26872768
v 0.19524209 -0.15388633 0.26872768
v 0.18341787 -0.15388633 0.27693308
v 0.18341787 -0.15388633 0.27693308
v 0.17124930 -0.15388633 0.28461855
v 0.17124930 -0.15388633 0.28461855
v 0.15875923 -0.15388633 0.29176969
v 0.15875923 -0.15388633 0.29176969
v 0.14597110 -0.15388633 0.29837306
v 0.14597110 -0.15388633 0.29837306
v 0.13290893 -0.15388633 0.30441626
v 0.13290893 -0.15388633 0.30441626
v 0.11959724 -0.15388633 0.30988795
v 0.11959724 -0.15388633 0.30988795
v 0.10606101 -0.15388633 0.31477787
v 0.10606101 -0.15388633 0.31477787
v 0.09232567 -0.15388633 0.31907681
v 0.09232567 -0.15388633 0.31907681
v 0.07841699 -0.15388633 0.32277673
v 0.07841699 -0.15388633 0.32277673
v 0.06436110 -0.15388633 0.32587067
v 0.06436110 -0.15388633 0.32587067
v 0.05018437 -0.15388633 0.32835282
v 0.05018437 -0.15388633 0.32835282
v 0.03591343 -0.15388633 0.33021852
v 0.03591343 -0.15388633 0.33021852
v 0.02157506 -0.15388633 0.33146427
v 0.02157506 -0.15388633 0.33146427
v 0.00719619 -0.15388633 0.33208773
v 0.00719619 -0.15388633 0.33208773
v -0.00719619 -0.15388633 0.33208773
v -0.00719619 -0.15388633 0.33208773
v -0.02157506 -0.15388633 0.33146427
v -0.02157506 -0.15388633 0.33146427
v -0.03591343 -0.15388633 0.33021852
v -0.03591343 -0.15388633 0.33021852
v -0.05018437 -0.15388633 0.32835282
v -0.05018437 -0.15388633 0.32835282
v -0.06436110 -0.15388633 0.32587067
v -0.06436110 -0.15388633 0.32587067
v -0.07841699 -0.15388633 0.32277673
v -0.07841699 -0.15388633 0.32277673
v -0.09232567 -0.15388633 0.31907681
v -0.09232567 -0.15388633 0.31907681
v -0.10606101 -0.15388633 0.31477787
v -0.10606101 -0.15388633 0.31477787
v -0.11959724 -0.15388633 0.30988795
v -0.11959724 -0.15388633 0.30988795
v -0.13290893 -0.15388633 0.30441626
v -0.13290893 -0.15388633 0.30441626
v -0.14597110 -0.15388633 0.29837306
v -0.14597110 -0.15388633 0.29837306
v -0.15875923 -0.15388633 0.29176969
v -0.15875923 -0.15388633 0.29176969
v -0.17124930 -0.15388633 0.28461855
v -0.17124930 -0.15388633 0.28461855
v -0.18341787 -0.15388633 0.27693308
v -0.18341787 -0.15388633 0.27693308
v -0.19524209 -0.15388633 0.26872768
v -0.19524209 -0.15388633 0.26872768
v -0.20669977 -0.15388633 0.26001779
v -0.20669977 -0.15388633 0.26001779
v -0.21776938 -0.15388633 0.25081973
v -0.21776938 -0.15388633 0.25081973
v -0.22843016 -0.15388633 0.24115079
v -0.22843016 -0.15388633 0.24115079
v -0.23866209 -0.15388633 0.23102911
v -0.23866209 -0.15388633 0.23102911
v -0.24844595 -0.15388633 0.22047370
v -0.24844595 -0.15388633 0.22047370
v -0.25776338 -0.15388633 0.20950438
v -0.25776338 -0.15388633 0.20950438
v -0.26659689 -0.15388633 0.19814173
v -0.26659689 -0.15388633 0.19814173
v -0.27492989 -0.15388633 0.18640709
v -0.27492989 -0.15388633 0.18640709
v -0.28274673 -0.15388633 0.17432249
v -0.28274673 -0.15388633 0.17432249
v -0.29003275 -0.15388633 0.16191062
v -0.29003275 -0.15388633 0.16191062
v -0.29677426 -0.15388633 0.14919477
v -0.29677426 -0.15388633 0.14919477
v -0.30295861 -0.15388633 0.13619883
v -0.30295861 -0.15388633 0.13619883
v -0.30857419 -0.15388633 0.12294719
v -0.30857419 -0.15388633 0.12294719
v -0.31361045 -0.15388633 0.10946474
v -0.31361045 -0.15388633 0.10946474
v -0.31805794 -0.15388633 0.09577677
v -0.31805794 -0.15388633 0.09577677
v -0.32190831 -0.15388633 0.08190899
v -0.32190831 -0.15388633 0.08190899
v -0.32515433 -0.15388633 0.06788744
v -0.32515433 -0.15388633 0.06788744
v -0.32778991 -0.15388633 0.05373843
v -0.32778991 -0.15388633 0.05373843
v -0.32981010 -0.15388633 0.03948853
v -0.32981010 -0.15388633 0.03948853
v -0.33121110 -0.15388633 0.02516450
v -0.33121110 -0.15388633 0.02516450
v -0.33199029 -0.15388633 0.01079323
v -0.33199029 -0.15388633 0.01079323
v -0.33214619 -0.15388633 -0.00359831
v -0.33214619 -0.15388633 -0.00359831
v -0.33167854 -0.15388633 -0.01798309
v -0.33167854 -0.15388633 -0.01798309
v -0.33058819 -0.15388633 -0.03233411
v -0.33058819 -0.15388633 -0.03233411
v -0.32887719 -0.15388633 -0.04662443
v -0.32887719 -0.15388633 -0.04662443
v -0.32654876 -0.15388633 -0.06082721
v -0.32654876 -0.15388633 -0.06082721
v -0.32360727 -0.15388633 -0.07491579
v -0.32360727 -0.15388633 -0.07491579
v -0.32005824 -0.15388633 -0.08886374
v -0.32005824 -0.15388633 -0.08886374
v -0.31590834 -0.15388633 -0.10264484
v -0.31590834 -0.15388633 -0.10264484
v -0.31116535 -0.15388633 -0.11623325
v -0.31116535 -0.15388633 -0.11623325
v -0.30583818 -0.15388633 -0.12960343
v -0.30583818 -0.15388633 -0.12960343
v -0.29993683 -0.15388633 -0.14273030
v -0.29993683 -0.15388633 -0.14273030
v -0.29347239 -0.15388633 -0.15558921
v -0.29347239 -0.15388633 -0.15558921
v -0.28645697 -0.15388633 -0.16815602
v -0.28645697 -0.15388633 -0.16815602
v -0.27890377 -0.15388633 -0.18040713
v -0.27890377 -0.15388633 -0.18040713
v -0.27082695 -0.15388633 -0.19231954
v -0.27082695 -0.15388633 -0.19231954
v -0.26224168 -0.15388633 -0.20387090
v -0.26224168 -0.15388633 -0.20387090
v -0.25316408 -0.15388633 -0.21503951
v -0.25316408 -0.15388633 -0.21503951
v -0.24361120 -0.15388633 -0.22580441
v -0.24361120 -0.15388633 -0.22580441
v -0.23360095 -0.15388633 -0.23614538
v -0.23360095 -0.15388633 -0.23614538
v -0.22315215 -0.15388633 -0.24604301
v -0.22315215 -0.15388633 -0.24604301
v -0.21228440 -0.15388633 -0.25547872
v -0.21228440 -0.15388633 -0.25547872
v -0.20101811 -0.15388633 -0.26443480
v -0.20101811 -0.15388633 -0.26443480
v -0.18937443 -0.15388633 -0.27289443
v -0.18937443 -0.15388633 -0.27289443
v -0.17737522 -0.15388633 -0.28084173
v -0.17737522 -0.15388633 -0.28084173
v -0.16504300 -0.15388633 -0.28826178
v -0.16504300 -0.15388633 -0.28826178
v -0.15240093 -0.15388633 -0.29514064
v -0.15240093 -0.15388633 -0.29514064
v -0.13947275 -0.15388633 -0.30146541
v -0.13947275 -0.15388633 -0.30146541
v -0.12628272 -0.15388633 -0.30722421
v -0.12628272 -0.15388633 -0.30722421
v -0.11285561 -0.15388633 -0.31240623
v -0.11285561 -0.15388633 -0.31240623
v -0.09921663 -0.15388633 -0.31700174
v -0.09921663 -0.15388633 -0.31700174
v -0.08539137 -0.15388633 -0.32100211
v -0.08539137 -0.15388633 -0.32100211
v -0.07140580 -0.15388633 -0.32439984
v -0.07140580 -0.15388633 -0.32439984
v -0.05728618 -0.15388633 -0.32718853
v -0.05728618 -0.15388633 -0.32718853
v -0.04305900 -0.15388633 -0.32936297
v -0.04305900 -0.15388633 -0.32936297
v -0.02875099 -0.15388633 -0.33091906
v -0.02875099 -0.15388633 -0.33091906
v -0.01438900 -0.15388633 -0.33185388
v -0.01438900 -0.15388633 -0.33185388
v 0.00000000 -0.14997416 -0.34471006
v 0.00000000 -0.14606199 -0.35725443
v 0.00000000 -0.14214982 -0.36979880
v 0.00000000 -0.13823764 -0.38234317
v 0.00000000 -0.13432547 -0.39488754
v 0.00000000 -0.13041330 -0.40743191
v 0.00000000 -0.12650112 -0.41997628
v 0.00000000 -0.12258895 -0.43252065
v 0.47322875 -0.06487723 -0.00731674
v -0.47322875 -0.06487723 0.00731674
v 0.45775777 -0.06567944 -0.11856928
v 0.45767952 -0.06565398 0.11892410
v -0.45775777 -0.06567944 0.11856928
v -0.45767952 -0.06565398 -0.11892410
v 0.41153148 -0.06604049 -0.23251585
v 0.41153055 -0.06604012 0.23251789
v -0.41153148 -0.06604049 0.23251585
v -0.41153055 -0.06604012 -0.23251789
v 0.33820652 -0.06634933 -0.32997728
v 0.33820652 -0.06634933 0.32997728
v -0.33820652 -0.06634933 0.32997728
v -0.33820652 -0.06634933 -0.32997728
v 0.24231174 -0.06634826 -0.40565282
v 0.24231086 -0.06634943 0.40565263
v -0.24231072 -0.06634937 0.40565275
v -0.24231174 -0.06634826 -0.40565282
v 0.13050696 -0.06586505 -0.45439709
v 0.13029014 -0.06635343 0.45419281
v -0.13023332 -0.06634824 0.45421194
v -0.13050696 -0.06586505 -0.45439709
v -0.01059697 -0.06530320 0.47294317
v 0.01015994 -0.06450085 0.47337372
v 0.11027528 -0.06548230 -0.45993263
v 0.11007094 -0.06635866 0.45950889
v -0.10994247 -0.06635420 0.45954205
v -0.11027528 -0.06548230 -0.45993263
v 0.22404613 -0.06635648 -0.41601496
v 0.22404304 -0.06636063 0.41601415
v -0.22404256 -0.06636044 0.41601452
v -0.22404613 -0.06635648 -0.41601496
v 0.32320601 -0.06636063 -0.34467511
v 0.32320601 -0.06636063 0.34467511
v -0.32320601 -0.06636063 0.34467511
v -0.32320601 -0.06636063 -0.34467511
v 0.40076731 -0.06623114 -0.25042527
v 0.40076698 -0.06623100 0.25042593
v -0.40076731 -0.06623114 0.25042527
v -0.40076698 -0.06623100 -0.25042593
v 0.45230967 -0.06524559 -0.13867982
v 0.45226664 -0.06523083 0.13884647
v -0.45230967 -0.06524559 0.13867982
v -0.45226664 -0.06523083 -0.13884647
v 0.47295113 -0.06498124 0.01626561
v -0.47295113 -0.06498124 -0.01626561
v 0.46108813 -0.06456688 -0.10747487
v 0.46097963 -0.06453609 0.10801010
v -0.46108813 -0.06456688 0.10747487
v -0.46097963 -0.06453609 -0.10801010
v 0.41764156 -0.06476189 -0.22278193
v 0.41763996 -0.06476126 0.22278564
v -0.41764156 -0.06476189 0.22278193
v -0.41763996 -0.06476126 -0.22278564
v 0.34659938 -0.06525283 -0.32199596
v 0.34659938 -0.06525283 0.32199596
v -0.34659938 -0.06525283 0.32199596
v -0.34659938 -0.06525283 -0.32199596
v 0.25246964 -0.06525293 -0.40008945
v 0.25246919 -0.06525352 0.40008937
v -0.25246912 -0.06525349 0.40008943
v -0.25246964 -0.06525293 -0.40008945
v 0.14168221 -0.06493166 -0.45155079
v 0.14150711 -0.06525769 0.45142647
v -0.14147115 -0.06525316 0.45144024
v -0.14168221 -0.06493166 -0.45155079
v 0.01836514 -0.06283059 -0.47400323
v 0.02192454 -0.06287922 0.47382639
v -0.02196649 -0.06459996 0.47292087
v -0.01836514 -0.06283059 -0.47400323
v 0.09834490 -0.06413294 -0.46335405
v 0.09823607 -0.06519757 0.46280626
v -0.09803301 -0.06519569 0.46285033
v -0.09834490 -0.06413294 -0.46335405
v 0.21336169 -0.06520178 -0.42227321
v 0.21335528 -0.06521041 0.42227137
v -0.21335428 -0.06521005 0.42227209
v -0.21336169 -0.06520178 -0.42227321
v 0.31448034 -0.06521021 -0.35346259
v 0.31448034 -0.06521022 0.35346259
v -0.31448034 -0.06521022 0.35346259
v -0.31448034 -0.06521021 -0.35346259
v 0.39458071 -0.06513332 -0.26110901
v 0.39458053 -0.06513325 0.26110935
v -0.39458071 -0.06513332 0.26110901
v -0.39458053 -0.06513325 -0.26110935
v 0.44944405 -0.06347355 -0.15065366
v 0.44941399 -0.06346339 0.15076008
v -0.44944405 -0.06347355 0.15065366
v -0.44941399 -0.06346339 -0.15076008
v 0.47321860 -0.06328205 0.02925552
v -0.47321860 -0.06328205 -0.02925552
v 0.46393917 -0.06348185 -0.09722554
v 0.46379444 -0.06344989 0.09799474
v -0.46393917 -0.06348185 0.09722554
v -0.46379444 -0.06344989 -0.09799474
v 0.42299653 -0.06358776 -0.21380744
v 0.42299397 -0.06358678 0.21381367
v -0.42299653 -0.06358776 0.21380744
v -0.42299397 -0.06358678 -0.21381367
v 0.35405146 -0.06432130 -0.31451974
v 0.35405145 -0.06432130 0.31451975
v -0.35405146 -0.06432130 0.31451975
v -0.35405145 -0.06432130 -0.31451975
v 0.26158958 -0.06432296 -0.39477230
v 0.26158934 -0.06432327 0.39477227
v -0.26158931 -0.06432325 0.39477230
v -0.26158958 -0.06432296 -0.39477230
v 0.15179917 -0.06411138 -0.44870527
v 0.15166854 -0.06432683 0.44863015
v -0.15164522 -0.06432320 0.44864004
v -0.15179917 -0.06411138 -0.44870527
v 0.03356402 -0.06092688 0.47417102
v -0.03230091 -0.06391754 0.47268636
v 0.46682914 -0.06535917 -0.07635648
v 0.46662141 -0.06521208 0.07808467
v -0.46682914 -0.06535917 0.07635648
v -0.46662141 -0.06521208 -0.07808467
v 0.43087370 -0.06527527 -0.19531833
v 0.43086791 -0.06527307 0.19533391
v -0.43087370 -0.06527527 0.19531833
v -0.43086791 -0.06527307 -0.19533391
v 0.36613149 -0.06678940 -0.29832583
v 0.36613147 -0.06678939 0.29832585
v -0.36613149 -0.06678940 0.29832583
v -0.36613147 -0.06678939 -0.29832585
v 0.27742414 -0.06679696 -0.38220762
v 0.27742407 -0.06679704 0.38220762
v -0.27742406 -0.06679704 0.38220763
v -0.27742414 -0.06679696 -0.38220762
v 0.17024049 -0.06671155 -0.44057612
v 0.17018153 -0.06679912 0.44054965
v -0.17017166 -0.06679707 0.44055462
v -0.17024049 -0.06671155 -0.44057612
v 0.05237765 -0.06738413 -0.46905498
v 0.05295579 -0.06638080 0.46951970
v -0.05192273 -0.06663517 0.46950082
v -0.05237765 -0.06738413 -0.46905498
v 0.47970204 -0.04301579 -0.06979297
v 0.47901942 -0.04398420 0.07094559
v -0.47970204 -0.04301579 0.06979297
v -0.47901942 -0.04398420 -0.07094559
v 0.44468242 -0.04404836 -0.19161897
v 0.44467606 -0.04404628 0.19163648
v -0.44468242 -0.04404836 0.19161897
v -0.44467606 -0.04404628 -0.19163648
v 0.38100006 -0.04662306 -0.29663642
v 0.38100004 -0.04662305 0.29663645
v -0.38100006 -0.04662306 0.29663642
v -0.38100004 -0.04662305 -0.29663645
v 0.29220924 -0.04663399 -0.38439880
v 0.29220920 -0.04663403 0.38439880
v -0.29220920 -0.04663403 0.38439880
v -0.29220924 -0.04663399 -0.38439880
v 0.18392128 -0.04658286 -0.44648352
v 0.18388011 -0.04663537 0.44647070
v -0.18387480 -0.04663403 0.44647364
v -0.18392128 -0.04658286 -0.44648352
v 0.06304038 -0.04591177 -0.47910393
v 0.06417731 -0.04676091 0.47850356
v -0.06350925 -0.04655740 0.47870038
v -0.06304038 -0.04591177 -0.47910393
v 0.47014123 -0.06549558 -0.05156835
v 0.47083104 -0.06332780 0.05556170
v -0.47014123 -0.06549558 0.05156835
v -0.47083104 -0.06332780 -0.05556170
v 0.44064582 -0.06339960 -0.17482710
v 0.44063276 -0.06339488 0.17486674
v -0.44064582 -0.06339960 0.17482710
v -0.44063276 -0.06339488 -0.17486674
v 0.37993097 -0.06611018 -0.28113997
v 0.37993093 -0.06611016 0.28114005
v -0.37993097 -0.06611018 0.28113997
v -0.37993093 -0.06611016 -0.28114005
v 0.29517448 -0.06613468 -0.36911665
v 0.29517446 -0.06613470 0.36911665
v -0.29517446 -0.06613470 0.36911666
v -0.29517448 -0.06613468 -0.36911665
v 0.19070931 -0.06610334 -0.43245876
v 0.19068606 -0.06613565 0.43245049
v -0.19068236 -0.06613465 0.43245269
v -0.19070931 -0.06610334 -0.43245876
v 0.07389695 -0.06549934 -0.46715035
v 0.07410328 -0.06604724 0.46682667
v -0.07362067 -0.06607666 0.46688740
v -0.07389695 -0.06549934 -0.46715035
v 0.04075228 -0.06380787 -0.47209058
v 0.04413673 -0.06135940 0.47307612
v -0.04221657 -0.06186842 0.47298327
v -0.04075228 -0.06380787 -0.47209058
v 0.16161207 -0.06198195 -0.44645313
v 0.16151604 -0.06212679 0.44640708
v -0.16150066 -0.06212400 0.44641421
v -0.16161207 -0.06198195 -0.44645313
v 0.27054904 -0.06212381 -0.39009155
v 0.27054890 -0.06212398 0.39009154
v -0.27054889 -0.06212397 0.39009155
v -0.27054904 -0.06212381 -0.39009155
v 0.36151239 -0.06211979 -0.30769952
v 0.36151238 -0.06211979 0.30769953
v -0.36151239 -0.06211979 0.30769952
v -0.36151238 -0.06211979 -0.30769953
v 0.42857014 -0.06102478 -0.20553230
v 0.42856625 -0.06102333 0.20554215
v -0.42857014 -0.06102478 0.20553230
v -0.42856625 -0.06102333 -0.20554215
v 0.46724460 -0.06092955 -0.08744059
v 0.46703049 -0.06093304 0.08856725
v -0.46724460 -0.06092955 0.08744059
v -0.46703049 -0.06093304 -0.08856725
v 0.47461009 -0.05978140 -0.03579912
v 0.47216285 -0.06354240 0.04152693
v -0.47461009 -0.05978140 0.03579912
v -0.47216285 -0.06354240 -0.04152693
v 0.44542531 -0.06365926 -0.16186549
v 0.44540458 -0.06365203 0.16193363
v -0.44542531 -0.06365926 0.16186549
v -0.44540458 -0.06365203 -0.16193363
v 0.38767655 -0.06595134 -0.27050487
v 0.38767645 -0.06595130 0.27050505
v -0.38767655 -0.06595134 0.27050487
v -0.38767645 -0.06595130 -0.27050505
v 0.30539304 -0.06599741 -0.36080220
v 0.30539304 -0.06599742 0.36080220
v -0.30539304 -0.06599742 0.36080221
v -0.30539304 -0.06599741 -0.36080220
v 0.20270469 -0.06598093 -0.42703879
v 0.20269227 -0.06599791 0.42703482
v -0.20269031 -0.06599731 0.42703610
v -0.20270469 -0.06598093 -0.42703879
v 0.08682784 -0.06499716 -0.46518854
v 0.08685283 -0.06595890 0.46467066
v -0.08654649 -0.06596747 0.46472325
v -0.08682784 -0.06499716 -0.46518854
v 0.02947442 -0.06254431 -0.47359274
v -0.02947442 -0.06254431 -0.47359274
v 0.47442704 -0.06176407 -0.02159595
v -0.47442704 -0.06176407 0.02159595
v 0.01280153 -0.07232019 -0.46920654
v -0.01280153 -0.07232019 -0.46920654
v 0.47510816 -0.06135658 0.00476530
v -0.47510816 -0.06135658 -0.00476530
v 0.45688592 -0.06207652 -0.12902329
v 0.45682530 -0.06206055 0.12926854
v -0.45688592 -0.06207652 0.12902329
v -0.45682530 -0.06206055 -0.12926854
v 0.40784163 -0.06270897 -0.24236764
v 0.40784105 -0.06270875 0.24236883
v -0.40784163 -0.06270897 0.24236764
v -0.40784105 -0.06270875 -0.24236883
v 0.33211362 -0.06291352 -0.33863788
v 0.33211362 -0.06291352 0.33863788
v -0.33211362 -0.06291352 0.33863788
v -0.33211362 -0.06291352 -0.33863788
v 0.23419861 -0.06291120 -0.41246482
v 0.23419689 -0.06291350 0.41246442
v -0.23419663 -0.06291338 0.41246464
v -0.23419861 -0.06291120 -0.41246482
v 0.12100100 -0.06216103 -0.45902987
v 0.12073583 -0.06291668 0.45868983
v -0.12064906 -0.06291047 0.45871603
v -0.12100100 -0.06216103 -0.45902987
v -0.00033879 -0.06129221 0.47516570
v -0.00983822 -0.03970075 -0.48639203
v 0.00983822 -0.03970075 -0.48639203
v 0.01074501 -0.10374975 -0.45276744
v -0.01074501 -0.10374975 -0.45276744
v -0.00752480 -0.02662885 -0.49329092
v 0.00752480 -0.02662885 -0.49329092
v 0.00629236 -0.11203589 -0.44850433
v -0.00629236 -0.11203589 -0.44850433
v -0.01144045 -0.05306943 -0.47934253
v 0.01144045 -0.05306943 -0.47934253
v 0.05536210 -0.08178844 -0.46110300
v 0.05470891 -0.08087149 0.46166531
v -0.05413212 -0.08120172 0.46155889
v -0.05536210 -0.08178844 -0.46110300
v 0.17040349 -0.08127152 -0.43231414
v 0.17036397 -0.08133461 0.43229414
v -0.17035615 -0.08133307 0.43229809
v -0.17040349 -0.08127152 -0.43231414
v 0.27547036 -0.08133299 -0.37419110
v 0.27547030 -0.08133307 0.37419109
v -0.27547030 -0.08133306 0.37419110
v -0.27547036 -0.08133299 -0.37419110
v 0.36217606 -0.08132415 -0.29109399
v 0.36217605 -0.08132414 0.29109401
v -0.36217606 -0.08132415 0.29109399
v -0.36217605 -0.08132414 -0.29109401
v 0.42514852 -0.08018414 -0.18897624
v 0.42514239 -0.08018162 0.18899329
v -0.42514852 -0.08018414 0.18897624
v -0.42514239 -0.08018162 -0.18899329
v 0.45931942 -0.08072087 -0.07229842
v 0.45944425 -0.08014202 0.07344946
v -0.45931942 -0.08072087 0.07229842
v -0.45944425 -0.08014202 -0.07344946
v -0.48616179 -0.03440637 -0.05505022
v -0.48699467 -0.03269738 0.05565975
v 0.48616179 -0.03440637 0.05505022
v 0.48699467 -0.03269738 -0.05565975
v -0.45562235 -0.03450523 -0.17816102
v -0.45563087 -0.03450745 0.17813603
v 0.45562235 -0.03450523 0.17816102
v 0.45563087 -0.03450745 -0.17813603
v 0.05473575 -0.09678420 -0.45325565
v 0.05295103 -0.09648824 0.45362392
v -0.05265779 -0.09670880 0.45354158
v -0.05473575 -0.09678420 -0.45325565
v 0.16698632 -0.09676004 -0.42492803
v 0.16696299 -0.09679957 0.42491492
v -0.16695767 -0.09679860 0.42491755
v -0.16698632 -0.09676004 -0.42492803
v 0.27027702 -0.09679855 -0.36794041
v 0.27027698 -0.09679860 0.36794041
v -0.27027697 -0.09679860 0.36794042
v -0.27027702 -0.09679855 -0.36794041
v 0.35554238 -0.09679230 -0.28639557
v 0.35554237 -0.09679230 0.28639559
v -0.35554238 -0.09679230 0.28639557
v -0.35554237 -0.09679230 -0.28639559
v 0.41732519 -0.09617567 -0.18592455
v 0.41732105 -0.09617383 0.18593621
v -0.41732519 -0.09617567 0.18592455
v -0.41732105 -0.09617383 -0.18593621
v 0.45095117 -0.09654510 -0.07207127
v 0.45107204 -0.09615573 0.07260735
v -0.45095117 -0.09654510 0.07207127
v -0.45107204 -0.09615573 -0.07260735
v -0.48521794 -0.03951591 -0.03649499
v -0.48726516 -0.03539189 0.03809061
v 0.48521794 -0.03951591 0.03649499
v 0.48726516 -0.03539189 -0.03809061
v -0.45925735 -0.03980641 -0.16032078
v -0.45927645 -0.03981026 0.16025995
v 0.45925735 -0.03980641 0.16032078
v 0.45927645 -0.03981026 -0.16025995
v -0.39968589 -0.04339881 -0.27393714
v -0.39968597 -0.04339884 0.27393698
v 0.39968589 -0.04339881 0.27393714
v 0.39968597 -0.04339884 -0.27393698
v -0.31609867 -0.04344035 -0.36722048
v -0.31609867 -0.04344035 0.36722048
v 0.31609867 -0.04344036 0.36722048
v 0.31609867 -0.04344035 -0.36722048
v -0.21137499 -0.04343004 -0.43599897
v -0.21136535 -0.04344025 0.43599769
v 0.21136651 -0.04344064 0.43599690
v 0.21137499 -0.04343004 -0.43599897
v -0.09279546 -0.04058415 -0.47708736
v -0.09257393 -0.04342501 0.47561236
v 0.09279546 -0.04346158 0.47554964
v 0.09279546 -0.04058415 -0.47708736
v -0.03003693 -0.04073771 -0.48501839
v -0.03306536 -0.04038609 0.48500621
v 0.03254287 -0.03846147 0.48605336
v 0.03003693 -0.04073771 -0.48501839
v -0.15562786 -0.04039212 -0.46054450
v -0.15543376 -0.04060245 0.46049360
v 0.15545131 -0.04060575 0.46048585
v 0.15562786 -0.04039212 -0.46054450
v -0.26831788 -0.04060222 -0.40524023
v -0.26831768 -0.04060243 0.40524023
v 0.26831770 -0.04060244 0.40524021
v 0.26831788 -0.04060222 -0.40524023
v -0.36326018 -0.04060116 -0.32288808
v -0.36326018 -0.04060116 0.32288807
v 0.36326018 -0.04060116 0.32288808
v 0.36326018 -0.04060116 -0.32288807
v -0.43391485 -0.04003010 -0.21959925
v -0.43391659 -0.04003072 0.21959509
v 0.43391485 -0.04003010 0.21959925
v 0.43391659 -0.04003072 -0.21959509
v -0.47581547 -0.03992674 -0.10078839
v -0.47598004 -0.03982696 0.10026259
v 0.47581547 -0.03992674 0.10078839
v 0.47598004 -0.03982696 -0.10026259
v -0.48651251 -0.03803558 0.02881299
v 0.48651251 -0.03803558 -0.02881299
v -0.01926480 -0.04305137 -0.48435099
v -0.01470498 -0.04292522 0.48457706
v 0.01329178 -0.04078356 0.48574171
v 0.01926480 -0.04305137 -0.48435099
v -0.13699801 -0.04317368 -0.46490468
v -0.13655073 -0.04374534 0.46472372
v 0.13659245 -0.04375157 0.46470806
v 0.13699801 -0.04317368 -0.46490468
v 0.45978579 -0.08989931 0.01855662
v -0.45978579 -0.08989931 -0.01855662
v -0.25114200 -0.04374514 -0.41417634
v -0.25114127 -0.04374590 0.41417631
v 0.25114136 -0.04374594 0.41417623
v 0.25114200 -0.04374514 -0.41417634
v 0.43959856 -0.08944331 -0.13682331
v 0.43957253 -0.08942547 0.13693839
v -0.43959856 -0.08944331 0.13682331
v -0.43957253 -0.08942547 -0.13693839
v -0.34894793 -0.04374577 -0.33593060
v -0.34894793 -0.04374577 0.33593060
v 0.34894793 -0.04374577 0.33593060
v 0.34894793 -0.04374577 -0.33593060
v 0.38940352 -0.09000142 -0.24507738
v 0.38940329 -0.09000133 0.24507786
v -0.38940352 -0.09000142 0.24507738
v -0.38940329 -0.09000133 -0.24507786
v -0.42342492 -0.04345296 -0.23552956
v -0.42342576 -0.04345327 0.23552772
v 0.42342492 -0.04345296 0.23552956
v 0.42342576 -0.04345327 -0.23552772
v 0.31360027 -0.09008937 -0.33661618
v 0.31360026 -0.09008937 0.33661618
v -0.31360026 -0.09008937 0.33661618
v -0.31360027 -0.09008937 -0.33661618
v -0.46990482 -0.04317489 -0.11871675
v -0.46999337 -0.04315718 0.11840374
v 0.46990482 -0.04317489 0.11871675
v 0.46999337 -0.04315718 -0.11840374
v 0.21685477 -0.09008609 -0.40574767
v 0.21685248 -0.09008938 0.40574694
v -0.21685207 -0.09008923 0.40574725
v -0.21685477 -0.09008609 -0.40574767
v -0.48695543 -0.03873468 -0.00645865
v -0.48639817 -0.03973126 0.00867421
v 0.48695543 -0.03873468 0.00645865
v 0.48639817 -0.03973126 -0.00867421
v 0.10586014 -0.08975043 -0.44789824
v 0.10574110 -0.09007597 0.44775090
v -0.10564629 -0.09008337 0.44776929
v -0.10586014 -0.08975043 -0.44789824
v -0.46774862 -0.04027425 -0.13263713
v -0.46780017 -0.04027197 0.13245962
v 0.46774862 -0.04027425 0.13263713
v 0.46780017 -0.04027197 -0.13245962
v 0.01145501 -0.08909895 0.46043746
v -0.01143301 -0.08942783 0.46026544
v -0.41750229 -0.04076384 -0.24864346
v -0.41750271 -0.04076399 0.24864261
v 0.41750229 -0.04076384 0.24864346
v 0.41750271 -0.04076399 -0.24864261
v 0.12838562 -0.08978094 -0.44195204
v 0.12829550 -0.08999593 0.44186078
v -0.12825742 -0.08999441 0.44187266
v -0.12838562 -0.08978094 -0.44195204
v -0.33982883 -0.04091622 -0.34723252
v -0.33982883 -0.04091622 0.34723252
v 0.33982883 -0.04091622 0.34723252
v 0.33982883 -0.04091622 -0.34723252
v 0.23721532 -0.08999456 -0.39424641
v 0.23721475 -0.08999535 0.39424628
v -0.23721466 -0.08999531 0.39424635
v -0.23721532 -0.08999456 -0.39424641
v -0.23942673 -0.04091443 -0.42276448
v -0.23942512 -0.04091614 0.42276436
v 0.23942532 -0.04091623 0.42276420
v 0.23942673 -0.04091443 -0.42276448
v 0.33033450 -0.08999518 -0.32028138
v 0.33033450 -0.08999518 0.32028138
v -0.33033450 -0.08999518 0.32028138
v -0.33033450 -0.08999518 -0.32028138
v -0.12377666 -0.03972645 -0.47046808
v -0.12302911 -0.04091419 0.47002013
v 0.12309739 -0.04092365 0.46999712
v 0.12377666 -0.03972645 -0.47046808
v 0.40143192 -0.08976431 -0.22508869
v 0.40143112 -0.08976397 0.22509046
v -0.40143192 -0.08976431 0.22508869
v -0.40143112 -0.08976397 -0.22509046
v -0.00106493 -0.03832213 0.48721350
v 0.44591987 -0.08958333 -0.11426005
v 0.44587981 -0.08953020 0.11452837
v -0.44591987 -0.08958333 0.11426005
v -0.44587981 -0.08953020 -0.11452837
v 0.45860819 -0.09278018 -0.00611530
v -0.45860819 -0.09278018 0.00611530
v 0.46099836 -0.08773097 -0.01661000
v -0.46099836 -0.08773097 0.01661000
v -0.11192643 -0.04398372 -0.47113225
v -0.11138167 -0.04578534 0.47029022
v 0.11149814 -0.04579974 0.47025486
v 0.11192643 -0.04398372 -0.47113225
v 0.45127018 -0.08279214 -0.10745895
v 0.45121310 -0.08271578 0.10787076
v -0.45127018 -0.08279214 0.10745895
v -0.45121310 -0.08271578 -0.10787076
v -0.22821958 -0.04578664 -0.42602104
v -0.22821621 -0.04579023 0.42602071
v 0.22821663 -0.04579041 0.42602038
v 0.22821958 -0.04578664 -0.42602104
v 0.40829919 -0.08291210 -0.22005818
v 0.40829785 -0.08291154 0.22006128
v -0.40829919 -0.08291210 0.22005818
v -0.40829785 -0.08291154 -0.22006128
v -0.32982545 -0.04579038 -0.35325824
v -0.32982545 -0.04579038 0.35325824
v 0.32982545 -0.04579038 0.35325824
v 0.32982545 -0.04579038 -0.35325824
v 0.33824425 -0.08327851 -0.31709052
v 0.33824425 -0.08327851 0.31709052
v -0.33824425 -0.08327851 0.31709052
v -0.33824425 -0.08327851 -0.31709052
v -0.40937329 -0.04568513 -0.25698849
v -0.40937356 -0.04568523 0.25698798
v 0.40937329 -0.04568513 0.25698849
v 0.40937356 -0.04568523 -0.25698798
v 0.24567142 -0.08327852 -0.39319349
v 0.24567099 -0.08327908 0.39319341
v -0.24567093 -0.08327905 0.39319347
v -0.24567142 -0.08327852 -0.39319349
v -0.46243173 -0.04469356 -0.14244139
v -0.46247077 -0.04469759 0.14230740
v 0.46243173 -0.04469356 0.14244139
v 0.46247077 -0.04469759 -0.14230740
v 0.13682442 -0.08306265 -0.44310231
v 0.13672279 -0.08328136 0.44301361
v -0.13669040 -0.08327861 0.44302512
v -0.13682442 -0.08306265 -0.44310231
v -0.48398382 -0.04386951 -0.01762980
v -0.48514397 -0.04152768 0.01943764
v 0.48398382 -0.04386951 0.01762980
v 0.48514397 -0.04152768 -0.01943764
v 0.01797460 -0.08220282 -0.46384913
v 0.01939590 -0.08205224 0.46387092
v -0.01925937 -0.08275414 0.46350812
v -0.01797460 -0.08220282 -0.46384913
v -0.47072194 -0.04670949 -0.10738382
v -0.47086045 -0.04666414 0.10688237
v 0.47072194 -0.04670949 0.10738382
v 0.47086045 -0.04666414 -0.10688237
v 0.09895249 -0.08327339 -0.45295305
v 0.09881549 -0.08372378 0.45274115
v -0.09866834 -0.08373756 0.45276585
v -0.09895249 -0.08327339 -0.45295305
v -0.42723176 -0.04688680 -0.22470793
v -0.42723330 -0.04688737 0.22470436
v 0.42723176 -0.04688680 0.22470793
v 0.42723330 -0.04688737 -0.22470436
v 0.21138296 -0.08374294 -0.41236752
v 0.21137870 -0.08374902 0.41236613
v -0.21137795 -0.08374876 0.41236667
v -0.21138296 -0.08374294 -0.41236752
v 0.31001210 -0.08374891 -0.34441157
v 0.31001210 -0.08374891 0.34441157
v -0.31001210 -0.08374891 0.34441157
v -0.31001210 -0.08374891 -0.34441157
v -0.35543159 -0.04738760 -0.32624449
v -0.35543159 -0.04738760 0.32624449
v 0.35543159 -0.04738760 0.32624450
v 0.35543159 -0.04738760 -0.32624449
v 0.38793238 -0.08367649 -0.25351628
v 0.38793221 -0.08367642 0.25351662
v -0.38793238 -0.08367649 0.25351628
v -0.38793221 -0.08367642 -0.25351662
v -0.25989747 -0.04738802 -0.40647285
v -0.25989707 -0.04738844 0.40647285
v 0.25989712 -0.04738846 0.40647280
v 0.25989747 -0.04738802 -0.40647285
v 0.44053394 -0.08278205 -0.14535117
v 0.44050866 -0.08276842 0.14545056
v -0.44053394 -0.08278205 0.14535117
v -0.44050866 -0.08276842 -0.14545056
v -0.14726191 -0.04705256 -0.45962009
v -0.14698985 -0.04738827 0.45952228
v 0.14701823 -0.04739284 0.45951069
v 0.14726191 -0.04705256 -0.45962009
v 0.46381236 -0.08134530 -0.02783864
v 0.46303795 -0.08295824 0.02659386
v -0.46381236 -0.08134530 0.02783864
v -0.46303795 -0.08295824 -0.02659386
v -0.02546371 -0.04691965 0.48203278
v 0.02435205 -0.04422353 0.48350625
v 0.45223014 -0.08554217 -0.09666358
v 0.45218726 -0.08540432 0.09720865
v -0.45223014 -0.08554217 0.09666358
v -0.45218726 -0.08540432 -0.09720865
v -0.10221428 -0.04227750 -0.47424989
v -0.10177606 -0.04455359 0.47312297
v 0.10193962 -0.04457542 0.47307605
v 0.10221428 -0.04227750 -0.47424989
v 0.41203383 -0.08551673 -0.20999148
v 0.41203166 -0.08551584 0.20999676
v -0.41203383 -0.08551673 0.20999148
v -0.41203166 -0.08551584 -0.20999676
v -0.21964827 -0.04455668 -0.43122706
v -0.21964221 -0.04456312 0.43122636
v 0.21964296 -0.04456340 0.43122581
v 0.21964827 -0.04455668 -0.43122706
v 0.34438755 -0.08602374 -0.30825250
v 0.34438754 -0.08602374 0.30825250
v -0.34438755 -0.08602374 0.30825250
v -0.34438754 -0.08602374 -0.30825250
v -0.32287417 -0.04456325 -0.36048728
v -0.32287417 -0.04456325 0.36048728
v 0.32287417 -0.04456325 0.36048728
v 0.32287417 -0.04456325 -0.36048728
v 0.25387897 -0.08602523 -0.38622161
v 0.25387875 -0.08602551 0.38622158
v -0.25387872 -0.08602549 0.38622161
v -0.25387897 -0.08602523 -0.38622161
v -0.40450773 -0.04449674 -0.26571803
v -0.40450789 -0.04449679 0.26571774
v 0.40450773 -0.04449674 0.26571803
v 0.40450789 -0.04449679 -0.26571774
v 0.14650285 -0.08588868 -0.43843448
v 0.14643105 -0.08602764 0.43838162
v -0.14641134 -0.08602536 0.43838946
v -0.14650285 -0.08588868 -0.43843448
v -0.46055891 -0.04282255 -0.15155489
v -0.46058658 -0.04282692 0.15146343
v 0.46055891 -0.04282255 0.15155489
v 0.46058658 -0.04282692 -0.15146343
v 0.03001463 -0.08500271 0.46175413
v -0.02964905 -0.08569995 0.46141126
v -0.48433684 -0.04233579 -0.02736544
v 0.48433684 -0.04233579 0.02736544
v 0.08801607 -0.08715802 -0.45312903
v 0.08783944 -0.08747158 0.45299576
v -0.08764628 -0.08750753 0.45301398
v -0.08801607 -0.08715802 -0.45312903
v 0.20077007 -0.08751845 -0.41543907
v 0.20076279 -0.08752907 0.41543640
v -0.20076148 -0.08752866 0.41543727
v -0.20077007 -0.08751845 -0.41543907
v 0.30053318 -0.08752876 -0.35010436
v 0.30053317 -0.08752876 0.35010436
v -0.30053317 -0.08752876 0.35010436
v -0.30053318 -0.08752876 -0.35010436
v 0.38022382 -0.08748671 -0.26142580
v 0.38022373 -0.08748667 0.26142598
v -0.38022382 -0.08748671 0.26142580
v -0.38022373 -0.08748667 -0.26142598
v 0.43511484 -0.08648489 -0.15515770
v 0.43509791 -0.08647624 0.15521869
v -0.43511484 -0.08648489 0.15515770
v -0.43509791 -0.08647624 -0.15521869
v 0.46008105 -0.08696413 -0.03862734
v 0.46035483 -0.08656771 0.03784352
v -0.46008105 -0.08696413 0.03862734
v -0.46035483 -0.08656771 -0.03784352
v -0.08361656 -0.04513441 -0.47635826
v -0.08369083 -0.04745812 0.47510761
v 0.08401681 -0.04750998 0.47502245
v 0.08361656 -0.04513441 -0.47635826
v -0.20262117 -0.04746845 -0.43780227
v -0.20260427 -0.04748668 0.43779956
v 0.20260631 -0.04748731 0.43779825
v 0.20262117 -0.04746845 -0.43780227
v -0.30808829 -0.04748675 -0.37121222
v -0.30808828 -0.04748675 0.37121222
v 0.30808828 -0.04748675 0.37121222
v 0.30808829 -0.04748675 -0.37121222
v -0.39296419 -0.04745549 -0.27984258
v -0.39296425 -0.04745551 0.27984247
v 0.39296419 -0.04745549 0.27984258
v 0.39296425 -0.04745551 -0.27984247
v -0.45471682 -0.04253559 -0.16870681
v -0.45473178 -0.04253936 0.16866081
v 0.45471682 -0.04253559 0.16870681
v 0.45473178 -0.04253936 -0.16866081
v -0.48291746 -0.04236193 -0.04591811
v -0.48435751 -0.03945245 0.04688859
v 0.48291746 -0.04236193 0.04591811
v 0.48435751 -0.03945245 -0.04688859
v 0.07552290 -0.09009019 -0.45381877
v 0.07517115 -0.09016773 0.45383594
v -0.07491322 -0.09025108 0.45383427
v -0.07552290 -0.09009019 -0.45381877
v 0.18863970 -0.09027250 -0.41950241
v 0.18862712 -0.09029157 0.41949709
v -0.18862473 -0.09029094 0.41949853
v -0.18863970 -0.09027250 -0.41950241
v 0.28983946 -0.09029097 -0.35714336
v 0.28983944 -0.09029099 0.35714336
v -0.28983944 -0.09029099 0.35714336
v -0.28983946 -0.09029097 -0.35714336
v 0.37168852 -0.09026870 -0.27095514
v 0.37168847 -0.09026868 0.27095522
v -0.37168852 -0.09026870 0.27095514
v -0.37168847 -0.09026868 -0.27095522
v 0.42924690 -0.08925831 -0.16674525
v 0.42923624 -0.08925328 0.16677997
v -0.42924690 -0.08925831 0.16674525
v -0.42923624 -0.08925328 -0.16677997
v 0.45709845 -0.09040651 -0.05063153
v 0.45767528 -0.08927979 0.05079215
v -0.45709845 -0.09040651 0.05063153
v -0.45767528 -0.08927979 -0.05079215
v -0.07401751 -0.03887166 -0.48126784
v -0.07480704 -0.04069647 0.48017704
v 0.07519210 -0.04080463 0.48005946
v 0.07401751 -0.03887166 -0.48126784
v -0.19531379 -0.04070877 -0.44498576
v -0.19528846 -0.04073583 0.44498138
v 0.19529131 -0.04073661 0.44497968
v 0.19531379 -0.04070877 -0.44498576
v -0.30286514 -0.04073584 -0.38002462
v -0.30286512 -0.04073586 0.38002462
v 0.30286512 -0.04073586 0.38002462
v 0.30286514 -0.04073584 -0.38002462
v -0.39018218 -0.04071868 -0.28967675
v -0.39018221 -0.04071869 0.28967670
v 0.39018218 -0.04071868 0.28967675
v 0.39018221 -0.04071869 -0.28967670
v -0.45074888 -0.03733069 -0.18630781
v -0.45075571 -0.03733271 0.18628849
v 0.45074888 -0.03733069 0.18630781
v 0.45075571 -0.03733271 -0.18628849
v -0.48352372 -0.03726172 -0.06422816
v -0.48428043 -0.03590218 0.06394616
v 0.48352372 -0.03726172 0.06422816
v 0.48428043 -0.03590218 -0.06394616
v -0.04321135 -0.04002852 -0.48439603
v -0.04378436 -0.04001469 0.48435185
v 0.04358495 -0.04127081 0.48370828
v 0.04321135 -0.04002852 -0.48439603
v -0.16609474 -0.04003542 -0.45707303
v -0.16598221 -0.04015772 0.45704566
v 0.16599322 -0.04015997 0.45704040
v 0.16609474 -0.04003542 -0.45707303
v -0.27763125 -0.04015757 -0.39920144
v -0.27763113 -0.04015768 0.39920145
v 0.27763114 -0.04015769 0.39920144
v 0.27763125 -0.04015757 -0.39920144
v -0.37071312 -0.04015472 -0.31466512
v -0.37071312 -0.04015472 0.31466511
v 0.37071312 -0.04015472 0.31466512
v 0.37071312 -0.04015472 -0.31466511
v -0.43898806 -0.03929310 -0.21017034
v -0.43899074 -0.03929403 0.21016362
v 0.43898806 -0.03929310 0.21017034
v 0.43899074 -0.03929403 -0.21016362
v 0.04211633 -0.09142846 -0.45742320
v 0.04145291 -0.08959432 0.45844982
v -0.04103869 -0.09005365 0.45824519
v -0.04211633 -0.09142846 -0.45742320
v -0.47827337 -0.03922529 -0.09039526
v -0.47852311 -0.03900384 0.08969641
v 0.47827337 -0.03922529 0.09039526
v 0.47852311 -0.03900384 -0.08969641
v 0.15684854 -0.09015871 -0.43245885
v 0.15680315 -0.09023988 0.43243001
v -0.15679212 -0.09023828 0.43243491
v -0.15684854 -0.09015871 -0.43245885
v 0.26238375 -0.09023818 -0.37780754
v 0.26238364 -0.09023831 0.37780753
v -0.26238362 -0.09023830 0.37780754
v -0.26238375 -0.09023818 -0.37780754
v 0.35044732 -0.09023431 -0.29794682
v 0.35044732 -0.09023430 0.29794683
v -0.35044732 -0.09023431 0.29794682
v -0.35044732 -0.09023430 -0.29794683
v 0.41532814 -0.08960217 -0.19847753
v 0.41532483 -0.08960081 0.19848611
v -0.41532814 -0.08960217 0.19847753
v -0.41532483 -0.08960081 -0.19848611
v 0.45236516 -0.08980573 -0.08460650
v 0.45238563 -0.08954312 0.08524407
v -0.45236516 -0.08980573 0.08460650
v -0.45238563 -0.08954312 -0.08524407
v 0.03065521 -0.08327314 -0.46262127
v -0.03065521 -0.08327314 -0.46262127
v 0.46061648 -0.08894895 0.00623050
v -0.46061648 -0.08894895 -0.00623050
v 0.44375029 -0.08785227 -0.12578699
v 0.44371407 -0.08782257 0.12597173
v -0.44375029 -0.08785227 0.12578699
v -0.44371407 -0.08782257 -0.12597173
v 0.39629283 -0.08823361 -0.23559328
v 0.39629236 -0.08823342 0.23559428
v -0.39629283 -0.08823361 0.23559328
v -0.39629236 -0.08823342 -0.23559428
v 0.32268640 -0.08838624 -0.32916846
v 0.32268640 -0.08838624 0.32916846
v -0.32268640 -0.08838624 0.32916846
v -0.32268640 -0.08838624 -0.32916846
v 0.22754344 -0.08838444 -0.40087808
v 0.22754214 -0.08838626 0.40087772
v -0.22754193 -0.08838617 0.40087790
v -0.22754344 -0.08838444 -0.40087808
v 0.11739152 -0.08806991 -0.44592669
v 0.11727836 -0.08838247 0.44578694
v -0.11721434 -0.08838338 0.44580328
v -0.11739152 -0.08806991 -0.44592669
v -0.00003239 -0.08752476 0.46140566
v 0.00990306 -0.09003574 -0.45998195
v -0.00990306 -0.09003574 -0.45998195
v -0.05439103 -0.03987151 -0.48335128
v -0.05493554 -0.04013896 0.48314851
v 0.05547053 -0.04059208 0.48284813
v 0.05439103 -0.03987151 -0.48335128
v -0.17672436 -0.04016054 -0.45299877
v -0.17665887 -0.04023152 0.45298435
v 0.17666570 -0.04023307 0.45298081
v 0.17672436 -0.04016054 -0.45299877
v -0.28691027 -0.04023143 -0.39253754
v -0.28691021 -0.04023149 0.39253755
v 0.28691022 -0.04023149 0.39253754
v 0.28691027 -0.04023143 -0.39253754
v -0.37797194 -0.04022556 -0.30584870
v -0.37797196 -0.04022556 0.30584869
v 0.37797194 -0.04022556 0.30584870
v 0.37797196 -0.04022556 -0.30584869
v -0.44365914 -0.03888224 -0.20064519
v -0.44366313 -0.03888357 0.20063467
v 0.44365914 -0.03888224 0.20064519
v 0.44366313 -0.03888357 -0.20063467
v -0.48033633 -0.03882838 -0.07997781
v -0.48073175 -0.03833708 0.07916736
v 0.48033633 -0.03882838 0.07997781
v 0.48073175 -0.03833708 -0.07916736
v -0.48459620 -0.03297359 -0.07270718
v -0.48504134 -0.03225986 0.07226172
v 0.48459620 -0.03297359 0.07270718
v 0.48504134 -0.03225986 -0.07226172
v -0.44964835 -0.03302181 -0.19470846
v -0.44965266 -0.03302313 0.19469675
v 0.44964835 -0.03302181 0.19470846
v 0.44965266 -0.03302313 -0.19469675
v -0.38631123 -0.03422497 -0.30040068
v -0.38631125 -0.03422498 0.30040065
v 0.38631123 -0.03422497 0.30040068
v 0.38631125 -0.03422498 -0.30040065
v -0.29636229 -0.03423325 -0.38941248
v -0.29636226 -0.03423327 0.38941248
v 0.29636226 -0.03423328 0.38941248
v 0.29636229 -0.03423325 -0.38941248
v -0.18662515 -0.03419452 -0.45239764
v -0.18658833 -0.03423328 0.45239083
v 0.18659212 -0.03423421 0.45238874
v 0.18662515 -0.03419452 -0.45239764
v -0.06354551 -0.03344540 -0.48563287
v -0.06453643 -0.03418386 0.48511142
v 0.06493371 -0.03438258 0.48495323
v 0.06354551 -0.03344540 -0.48563287
v 0.00814559 -0.08009131 -0.46523354
v -0.00814559 -0.08009131 -0.46523354
v 0.00851252 -0.06416899 -0.47358031
v -0.00851252 -0.06416899 -0.47358031
v 0.02379018 -0.07248557 -0.46869100
v -0.02379018 -0.07248557 -0.46869100
v 0.05040117 -0.05256806 -0.47708714
v 0.05216973 -0.05264723 0.47685520
v -0.05076808 -0.05229454 0.47719252
v -0.05040117 -0.05256806 -0.47708714
v 0.17106625 -0.05235177 -0.44832758
v 0.17098925 -0.05245648 0.44829817
v -0.17097886 -0.05245434 0.44830333
v -0.17106625 -0.05235177 -0.44832758
v 0.28020623 -0.05245422 -0.38947938
v 0.28020614 -0.05245432 0.38947937
v -0.28020613 -0.05245431 0.38947938
v -0.28020623 -0.05245422 -0.38947938
v 0.37069731 -0.05244774 -0.30462515
v 0.37069729 -0.05244773 0.30462517
v -0.37069731 -0.05244774 0.30462515
v -0.37069729 -0.05244773 -0.30462517
v 0.43669809 -0.05090374 -0.20071272
v 0.43669323 -0.05090205 0.20072542
v -0.43669809 -0.05090374 0.20071272
v -0.43669323 -0.05090205 -0.20072542
v 0.47403305 -0.05054249 -0.08040935
v 0.47364033 -0.05083051 0.08180818
v -0.47403305 -0.05054249 0.08040935
v -0.47364033 -0.05083051 -0.08180818
v 0.06260889 -0.05894594 -0.47226454
v 0.06335342 -0.05918518 0.47203862
v -0.06256305 -0.05915215 0.47216150
v -0.06260889 -0.05894594 -0.47226454
v 0.18129680 -0.05919440 -0.44041001
v 0.18125330 -0.05925447 0.44039384
v -0.18124687 -0.05925298 0.44039733
v -0.18129680 -0.05919440 -0.44041001
v 0.47338953 -0.05616674 -0.06517005
v 0.47269256 -0.05655823 0.06863175
v -0.47338953 -0.05616674 0.06517005
v -0.47269256 -0.05655823 -0.06863175
v 0.28809765 -0.05925294 -0.37920971
v 0.28809761 -0.05925299 0.37920971
v -0.28809760 -0.05925299 0.37920971
v -0.28809765 -0.05925294 -0.37920971
v 0.43913869 -0.05662760 -0.18780580
v 0.43913033 -0.05662472 0.18782920
v -0.43913869 -0.05662760 0.18780580
v -0.43913033 -0.05662472 -0.18782920
v 0.37568474 -0.05923919 -0.29269114
v 0.37568471 -0.05923918 0.29269118
v -0.37568474 -0.05923919 0.29269114
v -0.37568471 -0.05923918 -0.29269118
v -0.48867035 -0.02755351 -0.06415225
v -0.48910176 -0.02672049 0.06422305
v 0.48867035 -0.02755351 0.06415225
v 0.48910176 -0.02672049 -0.06422305
v -0.45578377 -0.02760364 -0.18748187
v -0.45578824 -0.02760485 0.18746934
v 0.45578377 -0.02760364 0.18748187
v 0.45578824 -0.02760485 -0.18746934
v 0.46209621 -0.07926301 -0.05813953
v 0.46272145 -0.07778307 0.05937744
v -0.46209621 -0.07926301 0.05813953
v -0.46272145 -0.07778307 -0.05937744
v 0.43188916 -0.07781050 -0.17633818
v 0.43187877 -0.07780624 0.17636952
v -0.43188916 -0.07781050 0.17633818
v -0.43187877 -0.07780624 -0.17636952
v 0.37162376 -0.07936676 -0.28063892
v 0.37162373 -0.07936675 0.28063898
v -0.37162376 -0.07936676 0.28063892
v -0.37162373 -0.07936675 -0.28063898
v 0.28728400 -0.07938570 -0.36649840
v 0.28728397 -0.07938574 0.36649840
v -0.28728397 -0.07938573 0.36649840
v -0.28728400 -0.07938570 -0.36649840
v 0.18377192 -0.07935075 -0.42789968
v 0.18374793 -0.07938674 0.42788943
v -0.18374358 -0.07938570 0.42789189
v -0.18377192 -0.07935075 -0.42789968
v 0.06879443 -0.07924401 -0.46064056
v 0.06854310 -0.07918014 0.46071190
v -0.06810402 -0.07931378 0.46070615
v -0.06879443 -0.07924401 -0.46064056
v 0.02249317 -0.09499532 -0.45693373
v -0.02249317 -0.09499532 -0.45693373
v 0.48036768 -0.04477307 -0.05778572
v 0.47894749 -0.04735048 0.05826811
v -0.48036768 -0.04477307 0.05778572
v -0.47894749 -0.04735048 -0.05826811
v 0.44780472 -0.04745030 -0.17946109
v 0.44779383 -0.04744704 0.17949285
v -0.44780472 -0.04745030 0.17946109
v -0.44779383 -0.04744704 -0.17949285
v 0.38472888 -0.05290758 -0.28629575
v 0.38472884 -0.05290756 0.28629582
v -0.38472888 -0.05290758 0.28629575
v -0.38472884 -0.05290756 -0.28629582
v 0.29847576 -0.05292939 -0.37534359
v 0.29847574 -0.05292941 0.37534360
v -0.29847574 -0.05292941 0.37534360
v -0.29847576 -0.05292939 -0.37534359
v 0.19229161 -0.05289495 -0.43933115
v 0.19226469 -0.05293036 0.43932265
v -0.19226092 -0.05292938 0.43932487
v -0.19229161 -0.05289495 -0.43933115
v 0.07322883 -0.05171992 -0.47457035
v 0.07388352 -0.05293783 0.47382230
v -0.07337972 -0.05287304 0.47393497
v -0.07322883 -0.05171992 -0.47457035
v -0.48590108 -0.02708781 -0.08399533
v -0.48610370 -0.02681859 0.08365142
v 0.48590108 -0.02708781 0.08399533
v 0.48610370 -0.02681859 -0.08365142
v -0.44804361 -0.02712346 -0.20589697
v -0.44804569 -0.02712411 0.20589161
v 0.44804361 -0.02712346 0.20589697
v 0.44804569 -0.02712411 -0.20589161
v -0.38085522 -0.02768685 -0.31272125
v -0.38085523 -0.02768685 0.31272124
v 0.38085522 -0.02768685 0.31272125
v 0.38085523 -0.02768685 -0.31272124
v -0.28791874 -0.02768994 -0.39993309
v -0.28791869 -0.02768999 0.39993310
v 0.28791870 -0.02768999 0.39993309
v 0.28791874 -0.02768994 -0.39993309
v -0.17577342 -0.02763695 -0.46040719
v -0.17572163 -0.02769000 0.46039717
v 0.17572635 -0.02769101 0.46039481
v 0.17577342 -0.02763695 -0.46040719
v -0.05171831 -0.02738685 -0.49023017
v -0.05202941 -0.02763718 0.49006520
v 0.05243606 -0.02788762 0.48988974
v 0.05171831 -0.02738685 -0.49023017
v 0.45267052 -0.10417742 0.00025347
v -0.45267052 -0.10417742 -0.00025347
v 0.43834696 -0.10277129 -0.11589183
v 0.43832749 -0.10273950 0.11603064
v -0.43834696 -0.10277129 0.11589183
v -0.43832749 -0.10273950 -0.11603064
v -0.49338195 -0.02652918 0.00428847
v 0.49338195 -0.02652918 -0.00428847
v 0.39383056 -0.10289947 -0.22453395
v 0.39383012 -0.10289928 0.22453493
v -0.39383056 -0.10289947 0.22453395
v -0.39383012 -0.10289928 -0.22453493
v -0.47652530 -0.02883293 -0.12319403
v -0.47657486 -0.02881730 0.12303497
v 0.47652530 -0.02883293 0.12319403
v 0.47657486 -0.02881730 -0.12303497
v 0.32313960 -0.10302099 -0.31786950
v 0.32313960 -0.10302099 0.31786950
v -0.32313960 -0.10302099 0.31786950
v -0.32313960 -0.10302099 -0.31786950
v -0.42875615 -0.02901241 -0.24151321
v -0.42875659 -0.02901257 0.24151225
v 0.42875615 -0.02901241 0.24151321
v 0.42875659 -0.02901257 -0.24151225
v 0.23089401 -0.10302045 -0.39006208
v 0.23089352 -0.10302114 0.39006195
v -0.23089344 -0.10302110 0.39006202
v -0.23089401 -0.10302045 -0.39006208
v -0.35253065 -0.02916408 -0.34322634
v -0.35253065 -0.02916408 0.34322634
v 0.35253065 -0.02916408 0.34322634
v 0.35253065 -0.02916408 -0.34322634
v 0.12331232 -0.10289558 -0.43624984
v 0.12326061 -0.10301976 0.43619677
v -0.12323448 -0.10302008 0.43620398
v -0.12331232 -0.10289558 -0.43624984
v -0.25271741 -0.02916356 -0.42215679
v -0.25271682 -0.02916417 0.42215677
v 0.25271689 -0.02916420 0.42215671
v 0.25271741 -0.02916356 -0.42215679
v 0.00788319 -0.10254416 0.45345879
v -0.00785939 -0.10265041 0.45340347
v -0.13663715 -0.02870846 -0.47291405
v -0.13600595 -0.02916360 0.47284755
v 0.13603397 -0.02916796 0.47283711
v 0.13663715 -0.02870846 -0.47291405
v 0.10743047 -0.10302087 -0.44036231
v 0.10735917 -0.10317611 0.44029589
v -0.10731009 -0.10318149 0.44030494
v -0.10743047 -0.10302087 -0.44036231
v -0.01328762 -0.02974894 0.49153211
v 0.01046730 -0.02689135 0.49309954
v 0.21654527 -0.10318318 -0.39810959
v 0.21654397 -0.10318506 0.39810917
v -0.21654375 -0.10318497 0.39810934
v -0.21654527 -0.10318318 -0.39810959
v -0.11135331 -0.03131326 -0.47809469
v -0.11067760 -0.03430591 0.47664017
v 0.11076937 -0.03432078 0.47661084
v 0.11135331 -0.03131326 -0.47809469
v 0.31133134 -0.10318501 -0.32932511
v 0.31133134 -0.10318501 0.32932511
v -0.31133134 -0.10318501 0.32932511
v -0.31133134 -0.10318501 -0.32932511
v -0.22918550 -0.03430704 -0.43232951
v -0.22918239 -0.03431029 0.43232923
v 0.22918276 -0.03431044 0.43232895
v 0.22918550 -0.03430704 -0.43232951
v 0.38533427 -0.10312251 -0.23859891
v 0.38533407 -0.10312243 0.23859931
v -0.38533427 -0.10312251 0.23859891
v -0.38533407 -0.10312243 -0.23859931
v -0.33238777 -0.03431038 -0.35909812
v -0.33238777 -0.03431038 0.35909812
v 0.33238777 -0.03431038 0.35909812
v 0.33238777 -0.03431038 -0.35909812
v 0.43380414 -0.10285126 -0.13173800
v 0.43378844 -0.10283749 0.13181455
v -0.43380414 -0.10285126 0.13173800
v -0.43378844 -0.10283749 -0.13181455
v -0.41335542 -0.03423985 -0.26192860
v -0.41335560 -0.03423992 0.26192824
v 0.41335542 -0.03423985 0.26192860
v 0.41335560 -0.03423992 -0.26192824
v 0.45325609 -0.10262903 -0.01433736
v 0.45284042 -0.10333125 0.01575610
v -0.45325609 -0.10262903 0.01433736
v -0.45284042 -0.10333125 -0.01575610
v 0.44494079 -0.09573129 -0.10473295
v 0.44491334 -0.09565201 0.10503062
v -0.44494079 -0.09573129 0.10473295
v -0.44491334 -0.09565201 -0.10503062
v -0.46739521 -0.03368999 -0.14592253
v -0.46742287 -0.03369094 0.14583221
v 0.46739521 -0.03368999 0.14592253
v 0.46742287 -0.03369094 -0.14583221
v 0.40301415 -0.09578032 -0.21563252
v 0.40301300 -0.09577984 0.21563519
v -0.40301415 -0.09578032 0.21563252
v -0.40301300 -0.09577984 -0.21563519
v -0.48958351 -0.03300892 -0.02023939
v -0.49193506 -0.02858858 0.01947351
v 0.48958351 -0.03300892 0.02023939
v 0.49193506 -0.02858858 -0.01947351
v 0.33426836 -0.09605347 -0.31153087
v 0.33426836 -0.09605347 0.31153087
v -0.33426836 -0.09605347 0.31153087
v -0.33426836 -0.09605347 -0.31153087
v -0.47632281 -0.03501625 -0.11039681
v -0.47642563 -0.03496524 0.11007117
v 0.47632281 -0.03501625 0.11039681
v 0.47642563 -0.03496524 -0.11007117
v -0.49182805 -0.02361642 -0.05531144
v -0.49220096 -0.02276282 0.05599834
v 0.49182805 -0.02361642 0.05531144
v 0.49220096 -0.02276282 -0.05599834
v 0.24326798 -0.09605380 -0.38679111
v 0.24326767 -0.09605421 0.38679104
v -0.24326763 -0.09605419 0.38679108
v -0.24326798 -0.09605380 -0.38679111
v -0.43189963 -0.03516038 -0.22904074
v -0.43190067 -0.03516075 0.22903835
v 0.43189963 -0.03516038 0.22904074
v 0.43190067 -0.03516075 -0.22903835
v -0.46109912 -0.02367784 -0.17974954
v -0.46110384 -0.02367890 0.17973591
v 0.46109912 -0.02367784 0.17974954
v 0.46110384 -0.02367890 -0.17973591
v 0.13610341 -0.09592623 -0.43626103
v 0.13604419 -0.09605506 0.43620871
v -0.13602268 -0.09605377 0.43621613
v -0.13610341 -0.09592623 -0.43626103
v -0.35883322 -0.03549950 -0.33175559
v -0.35883322 -0.03549950 0.33175559
v 0.35883322 -0.03549950 0.33175559
v 0.35883322 -0.03549950 -0.33175559
v -0.39690409 -0.02678376 -0.29288143
v -0.39690411 -0.02678377 0.29288139
v 0.39690409 -0.02678376 0.29288143
v 0.39690411 -0.02678377 -0.29288139
v 0.02027944 -0.09535502 0.45684846
v -0.02014619 -0.09572054 0.45666244
v -0.26175857 -0.03549970 -0.41268075
v -0.26175821 -0.03550009 0.41268074
v 0.26175825 -0.03550011 0.41268070
v 0.26175857 -0.03549970 -0.41268075
v -0.30852144 -0.02679378 -0.38486585
v -0.30852143 -0.02679380 0.38486585
v 0.30852143 -0.02679380 0.38486585
v 0.30852144 -0.02679378 -0.38486585
v 0.09645406 -0.09547898 -0.44694398
v 0.09631911 -0.09571834 0.44684464
v -0.09621029 -0.09573667 0.44685825
v -0.09645406 -0.09547898 -0.44694398
v -0.19951184 -0.02677895 -0.45112072
v -0.19949754 -0.02679378 0.45111854
v 0.19949904 -0.02679418 0.45111764
v 0.19951184 -0.02677895 -0.45112072
v -0.14749559 -0.03518887 -0.46607659
v -0.14718110 -0.03549986 0.46600493
v 0.14720394 -0.03550360 0.46599566
v 0.14749559 -0.03518887 -0.46607659
v 0.20748649 -0.09574205 -0.40729043
v 0.20748288 -0.09574735 0.40728915
v -0.20748223 -0.09574713 0.40728961
v -0.20748649 -0.09574205 -0.40729043
v -0.07425996 -0.02572944 -0.48820461
v -0.07721335 -0.02677432 0.48719131
v 0.07740200 -0.02684506 0.48712381
v 0.07425996 -0.02572944 -0.48820461
v -0.02421212 -0.03534929 0.48817399
v 0.02374156 -0.03047065 0.49075917
v 0.30493270 -0.09574722 -0.34051389
v 0.30493270 -0.09574722 0.34051389
v -0.30493270 -0.09574722 0.34051389
v -0.30493270 -0.09574722 -0.34051389
v -0.09862807 -0.03182613 -0.48060644
v -0.09807038 -0.03467055 0.47919770
v 0.09821624 -0.03469902 0.47915258
v 0.09862807 -0.03182613 -0.48060644
v 0.38201625 -0.09569519 -0.25104221
v 0.38201611 -0.09569513 0.25104247
v -0.38201625 -0.09569519 0.25104221
v -0.38201611 -0.09569513 -0.25104247
v -0.21763790 -0.03467341 -0.43804168
v -0.21763142 -0.03468017 0.43804094
v 0.21763218 -0.03468043 0.43804041
v 0.21763790 -0.03467341 -0.43804168
v 0.43396219 -0.09511438 -0.14461692
v 0.43394505 -0.09510355 0.14468629
v -0.43396219 -0.09511438 0.14461692
v -0.43394505 -0.09510355 -0.14468629
v -0.32268753 -0.03468024 -0.36758131
v -0.32268753 -0.03468025 0.36758131
v 0.32268753 -0.03468025 0.36758131
v 0.32268753 -0.03468024 -0.36758131
v 0.45676286 -0.09482127 -0.02730575
v 0.45644280 -0.09535338 0.02797364
v -0.45676286 -0.09482127 0.02730575
v -0.45644280 -0.09535338 -0.02797364
v -0.40615478 -0.03463924 -0.27258502
v -0.40615488 -0.03463927 0.27258485
v 0.40615478 -0.03463924 0.27258502
v 0.40615488 -0.03463927 -0.27258485
v -0.46405392 -0.03388208 -0.15590688
v -0.46407356 -0.03388448 0.15584448
v 0.46405392 -0.03388208 0.15590688
v 0.46407356 -0.03388448 -0.15584448
v -0.48875990 -0.03350356 -0.03100320
v -0.49196080 -0.02723318 0.03247225
v 0.48875990 -0.03350356 0.03100320
v 0.49196080 -0.02723318 -0.03247225
v -0.48264513 -0.02757461 -0.09978471
v -0.48275747 -0.02747838 0.09949016
v 0.48264513 -0.02757461 0.09978471
v 0.48275747 -0.02747838 -0.09949016
v -0.44082517 -0.02763498 -0.22032991
v -0.44082635 -0.02763538 0.22032707
v 0.44082517 -0.02763498 0.22032991
v 0.44082635 -0.02763538 -0.22032707
v -0.36976186 -0.02799236 -0.32552039
v -0.36976187 -0.02799236 0.32552039
v 0.36976186 -0.02799236 0.32552039
v 0.36976187 -0.02799236 -0.32552039
v -0.27391281 -0.02799340 -0.40946135
v -0.27391268 -0.02799353 0.40946135
v 0.27391270 -0.02799354 0.40946134
v 0.27391281 -0.02799340 -0.40946135
v 0.44690295 -0.09660341 -0.09381390
v 0.44689630 -0.09646360 0.09420175
v -0.44690295 -0.09660341 0.09381390
v -0.44689630 -0.09646360 -0.09420175
v -0.15986976 -0.02786917 -0.46603937
v -0.15974213 -0.02799350 0.46601419
v 0.15975188 -0.02799527 0.46600986
v 0.15986976 -0.02786917 -0.46603937
v 0.40773870 -0.09653834 -0.20567844
v 0.40773684 -0.09653757 0.20568301
v -0.40773870 -0.09653834 0.20567844
v -0.40773684 -0.09653757 -0.20568301
v -0.03549005 -0.02792438 0.49138880
v 0.03740047 -0.02766442 0.49138384
v 0.08361720 -0.10207603 -0.44600222
v 0.08339338 -0.10217827 0.44598956
v -0.08327578 -0.10221492 0.44599198
v -0.08361720 -0.10207603 -0.44600222
v 0.34134691 -0.09691432 -0.30307864
v 0.34134691 -0.09691432 0.30307864
v -0.34134691 -0.09691432 0.30307864
v -0.34134691 -0.09691432 -0.30307864
v -0.08635723 -0.03126364 -0.48326192
v -0.08642871 -0.03633915 0.48054433
v 0.08665763 -0.03639317 0.48047431
v 0.08635723 -0.03126364 -0.48326192
v 0.19474607 -0.10222424 -0.40977218
v 0.19474078 -0.10223232 0.40977000
v -0.19473976 -0.10223204 0.40977064
v -0.19474607 -0.10222424 -0.40977218
v 0.25227800 -0.09691595 -0.38043318
v 0.25227784 -0.09691615 0.38043315
v -0.25227782 -0.09691614 0.38043317
v -0.25227800 -0.09691595 -0.38043318
v -0.20669981 -0.03634533 -0.44234013
v -0.20668673 -0.03635914 0.44233825
v 0.20668821 -0.03635958 0.44233730
v 0.20669981 -0.03634533 -0.44234013
v 0.29324466 -0.10223208 -0.34618363
v 0.29324465 -0.10223208 0.34618363
v -0.29324465 -0.10223208 0.34618363
v -0.29324466 -0.10223208 -0.34618363
v 0.14641766 -0.09683002 -0.43240792
v 0.14637348 -0.09691735 0.43237452
v -0.14636027 -0.09691601 0.43237974
v -0.14641766 -0.09683002 -0.43240792
v 0.37216426 -0.10220946 -0.25949963
v 0.37216420 -0.10220944 0.25949974
v -0.37216426 -0.10220946 0.25949963
v -0.37216420 -0.10220944 -0.25949974
v -0.31320907 -0.03635919 -0.37454317
v -0.31320906 -0.03635920 0.37454318
v 0.31320906 -0.03635920 0.37454318
v 0.31320907 -0.03635919 -0.37454317
v 0.03379119 -0.10417514 -0.45140880
v 0.03122062 -0.09632285 0.45572249
v -0.03098644 -0.09670196 0.45553915
v -0.03379119 -0.10417514 -0.45140880
v 0.42652192 -0.10170512 -0.15545250
v 0.42651307 -0.10170017 0.15548434
v -0.42652192 -0.10170512 0.15545250
v -0.42651307 -0.10170017 -0.15548434
v -0.39877773 -0.03633294 -0.28173086
v -0.39877778 -0.03633296 0.28173076
v 0.39877773 -0.03633294 0.28173086
v 0.39877778 -0.03633296 -0.28173076
v 0.45197754 -0.10208523 -0.04027079
v 0.45210203 -0.10178221 0.04066284
v -0.45197754 -0.10208523 0.04027079
v -0.45210203 -0.10178221 -0.04066284
v -0.46321784 -0.02837627 -0.16708747
v -0.46322802 -0.02837805 0.16705648
v 0.46321784 -0.02837627 0.16708747
v 0.46322802 -0.02837805 -0.16705648
v -0.49069160 -0.02821639 -0.04234795
v -0.49135716 -0.02649052 0.04508105
v 0.49069160 -0.02821639 0.04234795
v 0.49135716 -0.02649052 -0.04508105
v -0.03631616 -0.02756998 -0.49151484
v 0.03631616 -0.02756998 -0.49151484
v 0.04549772 -0.10391724 -0.45051549
v 0.03922774 -0.10501162 0.45052845
v -0.03906338 -0.10520298 0.45044198
v -0.04549772 -0.10391724 -0.45051549
v 0.15305362 -0.10525936 -0.42540778
v 0.15303260 -0.10529885 0.42539332
v -0.15302686 -0.10529812 0.42539579
v -0.15305362 -0.10525936 -0.42540778
v 0.25692418 -0.10529808 -0.37197955
v 0.25692412 -0.10529815 0.37197954
v -0.25692411 -0.10529815 0.37197955
v -0.25692418 -0.10529808 -0.37197955
v 0.34366430 -0.10529587 -0.29372559
v 0.34366429 -0.10529587 0.29372559
v -0.34366430 -0.10529587 0.29372559
v -0.34366429 -0.10529587 -0.29372559
v 0.40756749 -0.10500026 -0.19598172
v 0.40756571 -0.10499951 0.19598633
v -0.40756749 -0.10500026 0.19598172
v -0.40756571 -0.10499951 -0.19598633
v 0.44418411 -0.10511973 -0.08463979
v 0.44421055 -0.10497066 0.08491833
v -0.44418411 -0.10511973 0.08463979
v -0.44421055 -0.10497066 -0.08491833
v -0.49448580 -0.02425104 -0.01042025
v 0.49448580 -0.02425104 0.01042025
v -0.47466447 -0.02507239 -0.13744976
v -0.47468850 -0.02506930 0.13737258
v 0.47466447 -0.02507239 0.13744976
v 0.47468850 -0.02506930 -0.13737258
v -0.42319732 -0.02527339 -0.25494830
v -0.42319751 -0.02527345 0.25494792
v 0.42319732 -0.02527339 0.25494830
v 0.42319751 -0.02527345 -0.25494792
v -0.34367991 -0.02534015 -0.35488607
v -0.34367991 -0.02534015 0.35488607
v 0.34367991 -0.02534015 0.35488607
v 0.34367991 -0.02534015 -0.35488607
v -0.24116821 -0.02533906 -0.43115944
v -0.24116718 -0.02534013 0.43115938
v 0.24116730 -0.02534018 0.43115928
v 0.24116821 -0.02533906 -0.43115944
v 0.48034618 -0.05141300 -0.00128822
v -0.48034618 -0.05141300 0.00128822
v -0.12456448 -0.02466039 -0.47843090
v -0.12253221 -0.02533882 0.47858808
v 0.12256842 -0.02534458 0.47857569
v 0.12456448 -0.02466039 -0.47843090
v 0.46293522 -0.05321606 -0.12456879
v 0.46286102 -0.05321132 0.12485373
v -0.46293522 -0.05321606 0.12456879
v -0.46286102 -0.05321132 -0.12485373
v -0.00209115 -0.02374919 0.49485441
v 0.41488907 -0.05369386 -0.23969401
v 0.41488834 -0.05369359 0.23969555
v -0.41488907 -0.05369386 0.23969401
v -0.41488834 -0.05369359 -0.23969555
v 0.33961490 -0.05394436 -0.33781944
v 0.33961490 -0.05394436 0.33781944
v -0.33961490 -0.05394436 0.33781944
v -0.33961490 -0.05394436 -0.33781944
v 0.24164853 -0.05394284 -0.41360247
v 0.24164731 -0.05394442 0.41360222
v -0.24164713 -0.05394434 0.41360237
v -0.24164853 -0.05394284 -0.41360247
v 0.46513886 -0.08033097 -0.00612072
v -0.46513886 -0.08033097 0.00612072
v 0.12797332 -0.05318325 -0.46202351
v 0.12760755 -0.05394984 0.46170750
v -0.12754130 -0.05394264 0.46172972
v -0.12797332 -0.05318325 -0.46202351
v 0.45101790 -0.07868386 -0.11738414
v 0.45095945 -0.07863985 0.11769994
v -0.45101790 -0.07868386 0.11738414
v -0.45095945 -0.07863985 -0.11769994
v -0.00650147 -0.05239082 0.47979095
v 0.00540586 -0.05171889 0.48015703
v 0.40542621 -0.07898080 -0.22952258
v 0.40542531 -0.07898043 0.22952456
v -0.40542621 -0.07898080 0.22952258
v -0.40542531 -0.07898043 -0.22952456
v 0.11674555 -0.05301583 -0.46507804
v 0.11638202 -0.05416372 0.46454844
v -0.11627787 -0.05415451 0.46457950
v -0.11674555 -0.05301583 -0.46507804
v 0.33306255 -0.07925418 -0.32555609
v 0.33306255 -0.07925418 0.32555609
v -0.33306255 -0.07925418 0.32555609
v -0.33306255 -0.07925418 -0.32555609
v 0.23148176 -0.05415574 -0.41924961
v 0.23147932 -0.05415892 0.41924905
v -0.23147896 -0.05415877 0.41924934
v -0.23148176 -0.05415574 -0.41924961
v 0.23848810 -0.07925319 -0.40005168
v 0.23848723 -0.07925436 0.40005148
v -0.23848710 -0.07925430 0.40005159
v -0.23848810 -0.07925319 -0.40005168
v 0.33123467 -0.05415890 -0.34588445
v 0.33123467 -0.05415890 0.34588445
v -0.33123467 -0.05415890 0.34588445
v -0.33123467 -0.05415890 -0.34588445
v 0.12818255 -0.07890970 -0.44794532
v 0.12804126 -0.07925556 0.44779704
v -0.12798925 -0.07925290 0.44781337
v -0.12818255 -0.07890970 -0.44794532
v 0.40884552 -0.05400305 -0.24955181
v 0.40884509 -0.05400288 0.24955267
v -0.40884552 -0.05400305 0.24955181
v -0.40884509 -0.05400288 -0.24955267
v 0.00974765 -0.07795786 0.46632207
v -0.00985899 -0.07843127 0.46607135
v 0.45986541 -0.05316514 -0.13555739
v 0.45981382 -0.05315756 0.13574633
v -0.45986541 -0.05316514 0.13555739
v -0.45981382 -0.05315756 -0.13574633
v 0.10897178 -0.07886216 -0.45302778
v 0.10882272 -0.07939494 0.45277619
v -0.10871017 -0.07939807 0.45280153
v -0.10897178 -0.07886216 -0.45302778
v 0.48009125 -0.05150893 -0.01407724
v 0.47979340 -0.05222387 0.01113425
v -0.48009125 -0.05150893 0.01407724
v -0.47979340 -0.05222387 -0.01113425
v 0.22111478 -0.07940084 -0.40982196
v 0.22111198 -0.07940473 0.40982115
v -0.22111152 -0.07940455 0.40982150
v -0.22111478 -0.07940084 -0.40982196
v 0.46490152 -0.05490296 -0.11333734
v 0.46479440 -0.05490559 0.11377003
v -0.46490152 -0.05490296 0.11333734
v -0.46479440 -0.05490559 -0.11377003
v 0.31877231 -0.07940470 -0.33945266
v 0.31877231 -0.07940470 0.33945266
v -0.31877231 -0.07940470 0.33945266
v -0.31877231 -0.07940470 -0.33945266
v 0.41978117 -0.05519318 -0.22938368
v 0.41977991 -0.05519271 0.22938651
v -0.41978117 -0.05519318 0.22938368
v -0.41977991 -0.05519271 -0.22938651
v 0.39513852 -0.07928454 -0.24651197
v 0.39513819 -0.07928441 0.24651262
v -0.39513852 -0.07928454 0.24651197
v -0.39513819 -0.07928441 -0.24651262
v 0.34699769 -0.05559749 -0.32897241
v 0.34699769 -0.05559749 0.32897241
v -0.34699769 -0.05559749 0.32897241
v -0.34699769 -0.05559749 -0.32897241
v 0.44566332 -0.07853693 -0.13657321
v 0.44562691 -0.07851766 0.13672640
v -0.44566332 -0.07853693 0.13657321
v -0.44562691 -0.07851766 -0.13672640
v 0.25105499 -0.05559714 -0.40694204
v 0.25105434 -0.05559797 0.40694192
v -0.25105425 -0.05559792 0.40694201
v -0.25105499 -0.05559714 -0.40694204
v 0.46569217 -0.07881575 0.01620198
v -0.46569217 -0.07881575 -0.01620198
v 0.13864605 -0.05513649 -0.45786333
v 0.13837974 -0.05560265 0.45768844
v -0.13833677 -0.05559726 0.45770438
v -0.13864605 -0.05513649 -0.45786333
v 0.45744957 -0.07397092 -0.10122473
v 0.45736066 -0.07388598 0.10183089
v -0.45744957 -0.07397092 0.10122473
v -0.45736066 -0.07388598 -0.10183089
v 0.01686514 -0.05300907 0.47921402
v -0.01766427 -0.05475440 0.47826910
v 0.41578901 -0.07405347 -0.21583671
v 0.41578688 -0.07405263 0.21584175
v -0.41578901 -0.07405347 0.21583671
v -0.41578688 -0.07405263 -0.21584175
v 0.10545026 -0.05354653 -0.46748312
v 0.10521955 -0.05504036 0.46673188
v -0.10505895 -0.05502818 0.46677461
v -0.10545026 -0.05354653 -0.46748312
v 0.34654654 -0.07461314 -0.31479598
v 0.34654653 -0.07461313 0.31479598
v -0.34654654 -0.07461314 0.31479598
v -0.34654653 -0.07461313 -0.31479598
v 0.22118313 -0.05503164 -0.42425488
v 0.22117832 -0.05503792 0.42425368
v -0.22117760 -0.05503766 0.42425420
v -0.22118313 -0.05503164 -0.42425488
v 0.25427559 -0.07461419 -0.39310865
v 0.25427526 -0.07461462 0.39310860
v -0.25427522 -0.07461460 0.39310864
v -0.25427559 -0.07461419 -0.39310865
v 0.32256023 -0.05503781 -0.35336382
v 0.32256022 -0.05503781 0.35336382
v -0.32256022 -0.05503781 0.35336382
v -0.32256023 -0.05503781 -0.35336382
v 0.14516123 -0.07439563 -0.44522586
v 0.14504419 -0.07461769 0.44514150
v -0.14501648 -0.07461437 0.44515236
v -0.14516123 -0.07439563 -0.44522586
v 0.40237295 -0.05494003 -0.25895207
v 0.40237270 -0.05493994 0.25895255
v -0.40237295 -0.05494003 0.25895207
v -0.40237270 -0.05493994 -0.25895255
v 0.02719500 -0.07279520 0.46834309
v -0.02676805 -0.07413801 0.46766217
v 0.45643855 -0.05346325 -0.14617093
v 0.45640206 -0.05345539 0.14629835
v -0.45643855 -0.05346325 0.14617093
v -0.45640206 -0.05345539 -0.14629835
v 0.09249764 -0.07498813 -0.45874944
v 0.09238967 -0.07563645 0.45842429
v -0.09216916 -0.07565490 0.45845880
v -0.09249764 -0.07498813 -0.45874944
v 0.48052537 -0.04971810 -0.02616070
v 0.47898561 -0.05296552 0.02291726
v -0.48052537 -0.04971810 0.02616070
v -0.47898561 -0.05296552 -0.02291726
v 0.20654716 -0.07566465 -0.41953917
v 0.20653918 -0.07567584 0.41953656
v -0.20653785 -0.07567541 0.41953747
v -0.20654716 -0.07566465 -0.41953917
v 0.47108196 -0.05094041 -0.09515312
v 0.47086999 -0.05103181 0.09595676
v -0.47108196 -0.05094041 0.09515312
v -0.47086999 -0.05103181 -0.09595676
v 0.30717987 -0.07567554 -0.35257628
v 0.30717986 -0.07567555 0.35257628
v -0.30717986 -0.07567555 0.35257628
v -0.30717987 -0.07567554 -0.35257628
v 0.43036398 -0.05115009 -0.21366671
v 0.43036120 -0.05114910 0.21367348
v -0.43036398 -0.05115009 0.21366671
v -0.43036120 -0.05114910 -0.21367348
v 0.38729004 -0.07561595 -0.26211671
v 0.38728990 -0.07561589 0.26211697
v -0.38729004 -0.07561595 0.26211671
v -0.38728990 -0.07561589 -0.26211697
v 0.36128946 -0.05199105 -0.31608992
v 0.36128945 -0.05199105 0.31608993
v -0.36128946 -0.05199105 0.31608992
v -0.36128945 -0.05199105 -0.31608993
v 0.44242444 -0.07417990 -0.15383259
v 0.44240071 -0.07416982 0.15391691
v -0.44242444 -0.07417990 0.15383259
v -0.44240071 -0.07416982 -0.15391691
v 0.26816999 -0.05199349 -0.39815391
v 0.26816979 -0.05199374 0.39815389
v -0.26816976 -0.05199372 0.39815392
v -0.26816999 -0.05199349 -0.39815391
v 0.46701862 -0.07384162 -0.03825856
v 0.46714651 -0.07416902 0.03439953
v -0.46701862 -0.07384162 0.03825856
v -0.46714651 -0.07416902 -0.03439953
v 0.15728673 -0.05179113 -0.45365679
v 0.15714168 -0.05199703 0.45359276
v -0.15712243 -0.05199370 0.45360127
v -0.15728673 -0.05179113 -0.45365679
v 0.03358713 -0.04863481 0.48063307
v -0.03634144 -0.05168407 0.47882861
v 0.48192610 -0.04567001 -0.03720862
v -0.48192610 -0.04567001 0.03720862
v 0.03634362 -0.05201076 -0.47865658
v -0.03634362 -0.05201076 -0.47865658
v 0.46335242 -0.07919417 -0.04744775
v 0.46524014 -0.07577830 0.04659089
v -0.46335242 -0.07919417 0.04744775
v -0.46524014 -0.07577830 -0.04659089
v 0.43754130 -0.07579874 -0.16482319
v 0.43752504 -0.07579208 0.16487624
v -0.43754130 -0.07579874 0.16482319
v -0.43752504 -0.07579208 -0.16487624
v 0.37980849 -0.07746661 -0.27117751
v 0.37980841 -0.07746658 0.27117765
v -0.37980849 -0.07746661 0.27117751
v -0.37980841 -0.07746658 -0.27117765
v 0.29762276 -0.07750218 -0.35943707
v 0.29762274 -0.07750219 0.35943708
v -0.29762274 -0.07750219 0.35943708
v -0.29762276 -0.07750218 -0.35943707
v 0.19556123 -0.07748177 -0.42372174
v 0.19554662 -0.07750279 0.42371634
v -0.19554413 -0.07750212 0.42371788
v -0.19556123 -0.07748177 -0.42372174
v 0.08094218 -0.07699614 -0.45985921
v 0.08083288 -0.07741034 0.45965784
v -0.08051680 -0.07746190 0.45968585
v -0.08094218 -0.07699614 -0.45985921
v 0.46002307 -0.07425861 -0.08799967
v 0.45993775 -0.07408149 0.08893524
v -0.46002307 -0.07425861 0.08799967
v -0.45993775 -0.07408149 -0.08893524
v 0.42163012 -0.07417776 -0.20404152
v 0.42162632 -0.07417630 0.20405114
v -0.42163012 -0.07417776 0.20404152
v -0.42162632 -0.07417630 -0.20405114
v 0.35511740 -0.07506083 -0.30473399
v 0.35511739 -0.07506083 0.30473401
v -0.35511740 -0.07506083 0.30473399
v -0.35511739 -0.07506083 -0.30473401
v 0.26514195 -0.07506490 -0.38557608
v 0.26514178 -0.07506511 0.38557607
v -0.26514176 -0.07506510 0.38557609
v -0.26514195 -0.07506490 -0.38557608
v 0.15754516 -0.07493134 -0.44069748
v 0.15746500 -0.07506751 0.44065028
v -0.15744866 -0.07506505 0.44065748
v -0.15754516 -0.07493134 -0.44069748
v 0.04245401 -0.07657074 -0.46521846
v 0.04058479 -0.07384726 0.46681925
v -0.03972635 -0.07478778 0.46639796
v -0.04245401 -0.07657074 -0.46521846
v 0.44884291 -0.10455364 -0.05720210
v 0.44900455 -0.10418359 0.05746872
v -0.44884291 -0.10455364 0.05720210
v -0.44900455 -0.10418359 -0.05746872
v 0.41923179 -0.10417248 -0.17075631
v 0.41922720 -0.10417026 0.17077068
v -0.41923179 -0.10417248 0.17075631
v -0.41922720 -0.10417026 -0.17077068
v 0.36128423 -0.10461911 -0.27235027
v 0.36128421 -0.10461910 0.27235031
v -0.36128423 -0.10461911 0.27235027
v -0.36128421 -0.10461910 -0.27235031
v 0.27943480 -0.10462831 -0.35582692
v 0.27943478 -0.10462832 0.35582692
v -0.27943478 -0.10462832 0.35582692
v -0.27943480 -0.10462831 -0.35582692
v 0.17893443 -0.10461366 -0.41555508
v 0.17892513 -0.10462874 0.41555047
v -0.17892318 -0.10462831 0.41555156
v -0.17893443 -0.10461366 -0.41555508
v 0.06730659 -0.10453963 -0.44744666
v 0.06668376 -0.10451542 0.44755275
v -0.06653515 -0.10459479 0.44753277
v -0.06730659 -0.10453963 -0.44744666
v 0.05363546 -0.10851892 -0.44718826
v 0.05191120 -0.10867377 0.44730993
v -0.05179067 -0.10877203 0.44727202
v -0.05363546 -0.10851892 -0.44718826
v 0.16460384 -0.10879732 -0.41908013
v 0.16459312 -0.10881614 0.41907374
v -0.16459055 -0.10881572 0.41907499
v -0.16460384 -0.10879732 -0.41908013
v 0.26647880 -0.10881570 -0.36290901
v 0.26647878 -0.10881573 0.36290901
v -0.26647878 -0.10881573 0.36290901
v -0.26647880 -0.10881570 -0.36290901
v 0.35057265 -0.10881217 -0.28251441
v 0.35057264 -0.10881216 0.28251442
v -0.35057265 -0.10881217 0.28251441
v -0.35057264 -0.10881216 -0.28251442
v 0.41137827 -0.10854039 -0.18333543
v 0.41137612 -0.10853943 0.18334149
v -0.41137827 -0.10854039 0.18333543
v -0.41137612 -0.10853943 -0.18334149
v 0.44457641 -0.10871441 -0.07150922
v 0.44463828 -0.10853271 0.07172446
v -0.44457641 -0.10871441 0.07150922
v -0.44463828 -0.10853271 -0.07172446
v -0.02088582 -0.02936923 -0.49146727
v 0.02088582 -0.02936923 -0.49146727
v 0.13648650 -0.07343294 -0.44848912
v 0.13633582 -0.07375315 0.44835939
v -0.13629491 -0.07374945 0.44837386
v -0.13648650 -0.07343294 -0.44848912
v 0.01768657 -0.07203707 0.46919642
v -0.01769319 -0.07304532 0.46866692
v 0.24666915 -0.07374942 -0.39845924
v 0.24666856 -0.07375020 0.39845912
v -0.24666847 -0.07375016 0.39845920
v -0.24666915 -0.07374942 -0.39845924
v 0.46642320 -0.05611125 -0.10402884
v 0.46627893 -0.05612657 0.10463690
v -0.46642320 -0.05611125 0.10402884
v -0.46627893 -0.05612657 -0.10463690
v 0.10181778 -0.07334778 -0.45765279
v 0.10167593 -0.07406228 0.45730040
v -0.10151374 -0.07406809 0.45733331
v -0.10181778 -0.07334778 -0.45765279
v 0.34056703 -0.07374960 -0.32191527
v 0.34056703 -0.07374960 0.32191528
v -0.34056703 -0.07374960 0.32191527
v -0.34056703 -0.07374960 -0.32191528
v 0.42364540 -0.05631606 -0.22089482
v 0.42364342 -0.05631533 0.22089943
v -0.42364540 -0.05631606 0.22089482
v -0.42364342 -0.05631533 -0.22089943
v 0.21531207 -0.07407334 -0.41604919
v 0.21530716 -0.07408013 0.41604772
v -0.21530636 -0.07407984 0.41604830
v -0.21531207 -0.07407334 -0.41604919
v 0.41177894 -0.07334975 -0.22416530
v 0.41177754 -0.07334920 0.22416846
v -0.41177894 -0.07334975 0.22416530
v -0.41177754 -0.07334920 -0.22416846
v 0.35290972 -0.05691005 -0.32160074
v 0.35290972 -0.05691005 0.32160074
v -0.35290972 -0.05691005 0.32160074
v -0.35290972 -0.05691005 -0.32160074
v 0.31476263 -0.07408000 -0.34695450
v 0.31476263 -0.07408000 0.34695451
v -0.31476263 -0.07408000 0.34695451
v -0.31476263 -0.07408000 -0.34695450
v 0.45576342 -0.07313865 -0.11043332
v 0.45568377 -0.07308633 0.11087768
v -0.45576342 -0.07313865 0.11043332
v -0.45568377 -0.07308633 -0.11087768
v 0.25866173 -0.05691091 -0.40133028
v 0.25866135 -0.05691139 0.40133022
v -0.25866129 -0.05691137 0.40133027
v -0.25866173 -0.05691091 -0.40133028
v 0.39318283 -0.07398829 -0.25476514
v 0.39318260 -0.07398819 0.25476559
v -0.39318283 -0.07398829 0.25476514
v -0.39318260 -0.07398819 -0.25476559
v 0.46795460 -0.07438264 -0.01796449
v -0.46795460 -0.07438264 0.01796449
v 0.14734881 -0.05660464 -0.45432768
v 0.14715631 -0.05691541 0.45421872
v -0.14712637 -0.05691112 0.45423079
v -0.14734881 -0.05660464 -0.45432768
v 0.44612297 -0.07284360 -0.14503547
v 0.44609084 -0.07283002 0.14515730
v -0.44612297 -0.07284360 0.14503547
v -0.44609084 -0.07283002 -0.14515730
v 0.02606281 -0.05393470 0.47831562
v -0.02674822 -0.05637512 0.47699567
v 0.46962989 -0.07022301 -0.02829017
v 0.46846505 -0.07284126 0.02454887
v -0.46962989 -0.07022301 0.02829017
v -0.46846505 -0.07284126 -0.02454887
v 0.09307048 -0.05237559 -0.47073048
v 0.09307862 -0.05415183 0.46977907
v -0.09282828 -0.05413222 0.46983909
v -0.09307048 -0.05237559 -0.47073048
v 0.21011977 -0.05414020 -0.43036209
v 0.21011001 -0.05415291 0.43035944
v -0.21010859 -0.05415245 0.43036040
v -0.21011977 -0.05414020 -0.43036209
v 0.31342765 -0.05415256 -0.36210323
v 0.31342764 -0.05415257 0.36210323
v -0.31342764 -0.05415257 0.36210323
v -0.31342765 -0.05415256 -0.36210323
v 0.39578472 -0.05409638 -0.26970043
v 0.39578459 -0.05409633 0.26970066
v -0.39578472 -0.05409638 0.26970043
v -0.39578459 -0.05409633 -0.26970066
v -0.00015458 -0.07250169 0.46928592
v 0.45355860 -0.05135280 -0.15826891
v 0.45353446 -0.05134674 0.15834770
v -0.45355860 -0.05135280 0.15826891
v -0.45353446 -0.05134674 -0.15834770
v 0.11940740 -0.07322503 -0.45344812
v 0.11922490 -0.07377696 0.45319678
v -0.11914164 -0.07377454 0.45321998
v -0.11940740 -0.07322503 -0.45344812
v 0.47918362 -0.05107953 0.03585039
v -0.47918362 -0.05107953 -0.03585039
v 0.23132013 -0.07377574 -0.40754570
v 0.23131835 -0.07377815 0.40754525
v -0.23131807 -0.07377803 0.40754548
v -0.23132013 -0.07377574 -0.40754570
v 0.32805958 -0.07377810 -0.33463151
v 0.32805958 -0.07377810 0.33463151
v -0.32805958 -0.07377810 0.33463151
v -0.32805958 -0.07377810 -0.33463151
v 0.40289583 -0.07357992 -0.23952813
v 0.40289523 -0.07357969 0.23952937
v -0.40289583 -0.07357992 0.23952813
v -0.40289523 -0.07357969 -0.23952937
v 0.45130162 -0.07301244 -0.12769010
v 0.45124826 -0.07298757 0.12792638
v -0.45130162 -0.07301244 0.12769010
v -0.45124826 -0.07298757 -0.12792638
v 0.46888322 -0.07321845 0.00500883
v -0.46888322 -0.07321845 -0.00500883
v 0.08213320 -0.05594528 -0.47086087
v 0.08239245 -0.05732115 0.47008288
v -0.08201875 -0.05730150 0.47015869
v -0.08213320 -0.05594528 -0.47086087
v 0.19971016 -0.05731757 -0.43345597
v 0.19969268 -0.05734083 0.43345059
v -0.19969011 -0.05734009 0.43345220
v -0.19971016 -0.05731757 -0.43345597
v 0.30414665 -0.05734016 -0.36776586
v 0.30414664 -0.05734017 0.36776587
v -0.30414664 -0.05734017 0.36776587
v -0.30414665 -0.05734016 -0.36776586
v 0.03342773 -0.07173633 -0.46849637
v -0.03342773 -0.07173633 -0.46849637
v 0.38826337 -0.05730420 -0.27753645
v 0.38826329 -0.05730417 0.27753658
v -0.38826337 -0.05730420 0.27753645
v -0.38826329 -0.05730417 -0.27753658
v 0.44849933 -0.05368026 -0.16864561
v 0.44848227 -0.05367526 0.16869843
v -0.44849933 -0.05368026 0.16864561
v -0.44848227 -0.05367526 -0.16869843
v 0.47788886 -0.05161813 -0.04746574
v 0.47688268 -0.05353243 0.04743646
v -0.47788886 -0.05161813 0.04746574
v -0.47688268 -0.05353243 -0.04743646
v 0.04140834 -0.05296783 0.47774115
v 0.02415235 -0.05237403 -0.47923558
v -0.02415235 -0.05237403 -0.47923558
v -0.48980146 -0.02310217 -0.07290956
v -0.49001556 -0.02273898 0.07276498
v 0.48980146 -0.02310217 0.07290956
v 0.49001556 -0.02273898 -0.07276498
v -0.45466832 -0.02312897 -0.19617356
v -0.45467053 -0.02312961 0.19616761
v 0.45466832 -0.02312897 0.19617356
v 0.45467053 -0.02312961 -0.19616761
v -0.39050844 -0.02331831 -0.30432246
v -0.39050845 -0.02331831 0.30432245
v 0.39050844 -0.02331831 0.30432246
v 0.39050845 -0.02331831 -0.30432245
v -0.29939872 -0.02332259 -0.39429327
v -0.29939871 -0.02332261 0.39429327
v 0.29939871 -0.02332261 0.39429327
v 0.29939872 -0.02332259 -0.39429327
v -0.18827896 -0.02330128 -0.45789614
v -0.18825823 -0.02332261 0.45789257
v 0.18826024 -0.02332307 0.45789148
v 0.18827896 -0.02330128 -0.45789614
v -0.06377372 -0.02289153 -0.49118594
v -0.06463354 -0.02329826 0.49085835
v 0.06483305 -0.02340225 0.49077702
v 0.06377372 -0.02289153 -0.49118594
v 0.06261125 -0.07057238 -0.46611157
v -0.06261125 -0.07057238 -0.46611157
v 0.06273628 -0.07033297 0.46622147
v -0.06207244 -0.07047590 0.46623469
v 0.17930681 -0.07052631 -0.43480106
v 0.17926889 -0.07058212 0.43478503
v -0.17926247 -0.07058070 0.43478848
v -0.17930681 -0.07052631 -0.43480106
v 0.28472949 -0.07058066 -0.37430628
v 0.28472945 -0.07058071 0.37430628
v -0.28472944 -0.07058071 0.37430629
v -0.28472949 -0.07058066 -0.37430628
v 0.37116308 -0.07056593 -0.28882748
v 0.37116305 -0.07056593 0.28882752
v -0.37116308 -0.07056593 0.28882748
v -0.37116305 -0.07056593 -0.28882752
v 0.43360626 -0.06865942 -0.18469058
v 0.43359736 -0.06865610 0.18471592
v -0.43360626 -0.06865942 0.18469058
v -0.43359736 -0.06865610 -0.18471592
v 0.46644234 -0.06940108 -0.06473014
v 0.46653795 -0.06860464 0.06704044
v -0.46644234 -0.06940108 0.06473014
v -0.46653795 -0.06860464 -0.06704044
v 0.44673633 -0.11099811 -0.04594586
v -0.44673633 -0.11099811 0.04594586
v 0.44680831 -0.11082984 0.04610849
v -0.44680831 -0.11082984 -0.04610849
v 0.42004808 -0.11080779 -0.15916553
v 0.42004474 -0.11080600 0.15917697
v -0.42004808 -0.11080779 0.15916553
v -0.42004474 -0.11080600 -0.15917697
v 0.36512282 -0.11104554 -0.26143327
v 0.36512281 -0.11104553 0.26143330
v -0.36512282 -0.11104554 0.26143327
v -0.36512281 -0.11104553 -0.26143330
v 0.28594796 -0.11105348 -0.34625431
v 0.28594796 -0.11105349 0.34625431
v -0.28594796 -0.11105349 0.34625431
v -0.28594796 -0.11105348 -0.34625431
v 0.18768403 -0.11104787 -0.40796524
v 0.18768038 -0.11105365 0.40796358
v -0.18767965 -0.11105348 0.40796401
v -0.18768403 -0.11104787 -0.40796524
v 0.07718468 -0.11099230 -0.44241342
v 0.07697546 -0.11101181 0.44243948
v -0.07690935 -0.11104082 0.44243554
v -0.07718468 -0.11099230 -0.44241342
v 0.45574331 -0.09029783 -0.06207264
v 0.45606932 -0.08950884 0.06274264
v -0.45574331 -0.09029783 0.06207264
v -0.45606932 -0.08950884 -0.06274264
v 0.42464959 -0.08952022 -0.17777259
v 0.42464230 -0.08951705 0.17779432
v -0.42464959 -0.08952022 0.17777259
v -0.42464230 -0.08951705 -0.17779432
v 0.36453400 -0.09047420 -0.28032989
v 0.36453397 -0.09047419 0.28032994
v -0.36453400 -0.09047420 0.28032989
v -0.36453397 -0.09047419 -0.28032994
v 0.28051890 -0.09048731 -0.36437990
v 0.28051887 -0.09048735 0.36437990
v -0.28051887 -0.09048734 0.36437990
v -0.28051890 -0.09048731 -0.36437990
v 0.17778781 -0.09045369 -0.42411234
v 0.17776603 -0.09048825 0.42410181
v -0.17776170 -0.09048732 0.42410415
v -0.17778781 -0.09045369 -0.42411234
v 0.06436304 -0.09048929 -0.45532407
v -0.06436304 -0.09048929 -0.45532407
v -0.06328895 -0.09041403 0.45551446
v 0.06363141 -0.09024460 0.45555648
v -0.49558218 -0.02092943 0.02737934
v 0.49558218 -0.02092943 -0.02737934
v -0.41383142 -0.02437221 -0.27074984
v -0.41383149 -0.02437224 0.27074971
v 0.41383142 -0.02437221 0.27074984
v 0.41383149 -0.02437224 -0.27074971
v 0.00569328 -0.01963412 0.49698475
v -0.33056165 -0.02440016 -0.36779942
v -0.33056165 -0.02440016 0.36779942
v 0.33056165 -0.02440016 0.36779942
v 0.33056165 -0.02440016 -0.36779942
v -0.22517737 -0.02439723 -0.44027729
v -0.22517456 -0.02440012 0.44027702
v 0.22517489 -0.02440023 0.44027679
v 0.22517737 -0.02439723 -0.44027729
v -0.13290417 -0.02031620 -0.47854699
v -0.13223564 -0.02059959 0.47857793
v 0.13225178 -0.02060212 0.47857210
v 0.13290417 -0.02031620 -0.47854699
v -0.10390792 -0.02275742 -0.48435891
v -0.10474665 -0.02439617 0.48329870
v 0.10481203 -0.02440961 0.48327731
v 0.10390792 -0.02275742 -0.48435891
v -0.25055485 -0.02059965 -0.42865527
v -0.25055445 -0.02060007 0.42865525
v 0.25055450 -0.02060009 0.42865521
v 0.25055485 -0.02059965 -0.42865527
v -0.35211525 -0.02060005 -0.35005388
v -0.35211525 -0.02060005 0.35005388
v 0.35211525 -0.02060005 0.35005388
v 0.35211525 -0.02060005 -0.35005388
v -0.43011557 -0.02054544 -0.24809657
v -0.43011573 -0.02054549 0.24809623
v 0.43011557 -0.02054544 0.24809657
v 0.43011573 -0.02054549 -0.24809623
v -0.47946058 -0.02045032 -0.12929971
v -0.47947916 -0.02044564 0.12924022
v 0.47946058 -0.02045032 0.12929971
v 0.47947916 -0.02044564 -0.12924022
v -0.49699667 -0.01966904 -0.00153796
v 0.49699667 -0.01966904 0.00153796
v 0.01934808 -0.02131449 0.49575853
v -0.49625626 -0.02075343 0.01314153
v 0.49625626 -0.02075343 -0.01314153
v 0.02205387 -0.10805476 -0.45009678
v -0.02205387 -0.10805476 -0.45009678
v 0.44982512 -0.10815467 -0.02614604
v -0.44982512 -0.10815467 0.02614604
v -0.09504041 -0.02274863 -0.48618134
v 0.09504041 -0.02274863 -0.48618134
v 0.13948135 -0.10691256 -0.42913725
v 0.13945528 -0.10696724 0.42911556
v -0.13944634 -0.10696659 0.42911883
v -0.13948135 -0.10691256 -0.42913725
v 0.24474848 -0.10696659 -0.37905994
v 0.24474836 -0.10696675 0.37905992
v -0.24474834 -0.10696674 0.37905993
v -0.24474848 -0.10696659 -0.37905994
v 0.33370842 -0.10696588 -0.30368945
v 0.33370841 -0.10696588 0.30368945
v -0.33370842 -0.10696588 0.30368945
v -0.33370841 -0.10696588 -0.30368945
v 0.44821494 -0.11203431 -0.01731599
v -0.44821494 -0.11203431 0.01731599
v 0.40044162 -0.10678502 -0.20813629
v 0.40044071 -0.10678464 0.20813847
v -0.40044162 -0.10678502 0.20813629
v -0.40044071 -0.10678464 -0.20813847
v 0.44045176 -0.10680190 -0.09832837
v 0.44044745 -0.10673295 0.09851350
v -0.44045176 -0.10680190 0.09832837
v -0.44044745 -0.10673295 -0.09851350
v -0.46956660 -0.02470057 -0.15459238
v -0.46957911 -0.02470140 0.15455299
v 0.46956660 -0.02470057 0.15459238
v 0.46957911 -0.02470140 -0.15455299
v -0.49367892 -0.02442333 -0.02857489
v 0.49367892 -0.02442333 0.02857489
v 0.02513144 -0.10664216 0.45067756
v -0.02503334 -0.10682538 0.45058677
v 0.01692078 -0.10580453 0.45150014
v 0.43897852 -0.10599531 -0.10651822
v 0.43896530 -0.10595031 0.10667270
v -0.43897852 -0.10599531 0.10651822
v -0.43896530 -0.10595031 -0.10667270
v 0.39689752 -0.10603540 -0.21564237
v 0.39689689 -0.10603514 0.21564382
v -0.39689752 -0.10603540 0.21564237
v -0.39689689 -0.10603514 -0.21564382
v 0.32837379 -0.10617928 -0.31005121
v 0.32837379 -0.10617928 0.31005121
v -0.32837379 -0.10617928 0.31005121
v -0.32837379 -0.10617928 -0.31005121
v 0.23796065 -0.10617940 -0.38384342
v 0.23796042 -0.10617972 0.38384337
v -0.23796038 -0.10617970 0.38384340
v -0.23796065 -0.10617940 -0.38384342
v -0.01685782 -0.10596828 0.45141655
v 0.13170795 -0.10610279 -0.43203051
v -0.13170795 -0.10610279 -0.43203051
v 0.13167375 -0.10617971 0.43199875
v -0.13165971 -0.10617930 0.43200325
v 0.09471420 -0.10758589 -0.44082244
v -0.09471420 -0.10758589 -0.44082244
v 0.09462915 -0.10768526 0.44078740
v -0.09457452 -0.10769733 0.44079265
v 0.20435083 -0.10770061 -0.40184784
v 0.20434880 -0.10770366 0.40184708
v -0.20434842 -0.10770354 0.40184734
v -0.20435083 -0.10770061 -0.40184784
v 0.30049647 -0.10770357 -0.33606758
v 0.30049647 -0.10770357 0.33606758
v -0.30049647 -0.10770357 0.33606758
v -0.30049647 -0.10770357 -0.33606758
v 0.37657994 -0.10767614 -0.24787106
v 0.37657986 -0.10767611 0.24787121
v -0.37657994 -0.10767614 0.24787106
v -0.37657986 -0.10767611 -0.24787121
v 0.42769199 -0.10740486 -0.14303986
v 0.42768349 -0.10739896 0.14307505
v -0.42769199 -0.10740486 0.14303986
v -0.42768349 -0.10739896 -0.14307505
v 0.44999827 -0.10756408 0.02840916
v -0.44999827 -0.10756408 -0.02840916
v -0.02325370 -0.02418372 0.49408399
v -0.48191836 -0.02383138 0.11223760
v 0.48191836 -0.02383138 -0.11223760
v -0.48186431 -0.02386395 -0.11239426
v 0.48186431 -0.02386395 0.11239426
v -0.43681914 -0.02394075 -0.23232490
v -0.43681969 -0.02394093 0.23232366
v 0.43681914 -0.02394075 0.23232490
v 0.43681969 -0.02394093 -0.23232366
v 0.47549364 -0.05451338 -0.05549947
v -0.47549364 -0.05451338 0.05549947
v -0.26429444 -0.02411053 -0.41814609
v -0.26429423 -0.02411075 0.41814609
v 0.26429425 -0.02411076 0.41814606
v 0.26429444 -0.02411053 -0.41814609
v -0.36269650 -0.02411038 -0.33637633
v -0.36269650 -0.02411038 0.33637632
v 0.36269650 -0.02411038 0.33637633
v 0.36269650 -0.02411038 -0.33637632
v -0.14821409 -0.02411058 0.47194306
v 0.14822629 -0.02411256 0.47193815
v -0.14843020 -0.02393249 -0.47197307
v 0.14843020 -0.02393249 -0.47197307
v -0.47228179 -0.02435240 0.14670415
v 0.47228179 -0.02435240 -0.14670415
v -0.47226548 -0.02435273 -0.14675605
v 0.47226548 -0.02435273 0.14675605
v -0.49436267 -0.02390782 -0.02021044
v 0.49436267 -0.02390782 0.02021044
v 0.03226953 -0.09346802 -0.45715065
v -0.03226953 -0.09346802 -0.45715065
v 0.09223461 -0.02504047 0.48549781
v -0.09212930 -0.02501269 0.48553264
v -0.40639868 -0.02500402 -0.28120163
v -0.40639872 -0.02500403 0.28120156
v 0.40639868 -0.02500402 0.28120163
v 0.40639872 -0.02500403 -0.28120156
v -0.32069436 -0.02502156 -0.37600569
v -0.32069436 -0.02502156 0.37600569
v 0.32069436 -0.02502156 0.37600569
v 0.32069436 -0.02502156 -0.37600569
v -0.21353344 -0.02502153 0.44567772
v 0.21353412 -0.02502173 0.44567728
v -0.21353960 -0.02501515 -0.44567849
v 0.21353960 -0.02501515 -0.44567849
v 0.11311422 -0.02450574 0.48135000
v -0.33683360 -0.02449967 -0.36199299
v -0.33683360 -0.02449967 0.36199299
v 0.33683360 -0.02449967 0.36199299
v 0.33683360 -0.02449967 -0.36199299
v -0.11306568 -0.02449722 0.48136600
v 0.23272629 -0.02449971 0.43627314
v -0.23272609 -0.02449963 0.43627329
v -0.23272783 -0.02449783 -0.43627343
v 0.23272783 -0.02449783 -0.43627343
v -0.41840416 -0.02445840 0.26354348
v 0.41840416 -0.02445840 -0.26354348
v -0.41840405 -0.02445836 -0.26354369
v 0.41840405 -0.02445836 0.26354369
v 0.48336281 0.03923866 -0.00695544
v -0.48336281 0.03923866 0.00695544
v 0.17790600 0.03995500 -0.44924548
v 0.17789379 0.03994865 0.44925244
v -0.17791317 0.03996855 0.44923810
v -0.17790600 0.03995500 -0.44924548
v 0.34789559 0.04040292 -0.33512048
v 0.34789558 0.04040292 0.33512048
v -0.34789559 0.04040292 0.33512047
v -0.34789558 0.04040292 -0.33512048
v 0.44185231 0.04219477 -0.19381445
v 0.44184009 0.04220295 0.19383597
v -0.44185231 0.04219477 0.19381445
v -0.44184009 0.04220295 -0.19383597
v 0.01290590 0.04133999 0.48258498
v -0.01160370 0.04143870 0.48258725
v 0.45131906 0.04137970 -0.17133001
v 0.45128971 0.04140605 0.17138417
v -0.45131906 0.04137970 0.17133001
v -0.45128971 0.04140605 -0.17138417
v 0.32986435 0.04121397 -0.35253693
v 0.32986435 0.04121397 0.35253693
v -0.32986435 0.04121397 0.35253692
v -0.32986435 0.04121397 -0.35253693
v 0.19982713 0.04066856 -0.43968871
v 0.19982349 0.04066597 0.43969125
v -0.19983015 0.04067288 0.43968586
v -0.19982713 0.04066856 -0.43968871
v 0.48242710 0.04106114 -0.02007200
v 0.48322322 0.03901122 0.01587100
v -0.48242710 0.04106114 0.02007200
v -0.48322322 0.03901122 -0.01587100
v 0.16490699 0.03669726 -0.45525881
v 0.16488361 0.03668628 0.45527092
v -0.16491862 0.03672259 0.45524620
v -0.16490699 0.03669726 -0.45525881
v 0.35855019 0.03697611 -0.32528827
v 0.35855018 0.03697611 0.32528827
v -0.35855019 0.03697611 0.32528827
v -0.35855018 0.03697611 -0.32528827
v 0.01800626 0.03835010 -0.48335469
v -0.01800626 0.03835010 -0.48335469
v 0.48222384 0.03947391 -0.03282117
v 0.48191453 0.04179204 0.02602143
v -0.48222384 0.03947391 0.03282117
v -0.48191453 0.04179204 -0.02602143
v 0.15367174 0.03671614 -0.45916685
v 0.15363177 0.03669853 0.45918601
v -0.15368917 0.03675849 0.45914709
v -0.15367174 0.03671614 -0.45916685
v 0.36650364 0.03691572 -0.31632896
v 0.36650363 0.03691572 0.31632897
v -0.36650364 0.03691572 0.31632896
v -0.36650363 0.03691572 -0.31632897
v 0.43132866 0.03972087 -0.21794082
v 0.43132438 0.03972264 0.21794807
v -0.43132866 0.03972087 0.21794082
v -0.43132438 0.03972264 -0.21794807
v 0.03829680 0.03797338 0.48228934
v -0.03821024 0.03943165 0.48183999
v 0.46084427 0.03755837 -0.14770735
v 0.46077525 0.03763840 0.14784085
v -0.46084427 0.03755837 0.14770735
v -0.46077525 0.03763840 -0.14784085
v 0.31150486 0.03755386 -0.37035252
v 0.31150486 0.03755385 0.37035252
v -0.31150486 0.03755386 0.37035252
v -0.31150486 0.03755386 -0.37035252
v 0.22244692 0.03889914 -0.42931078
v 0.22244605 0.03889816 0.42931156
v -0.22244808 0.03890030 0.42930977
v -0.22244692 0.03889914 -0.42931078
v 0.48104751 0.04046886 -0.04370926
v 0.48026699 0.04231316 0.04588572
v -0.48104751 0.04046886 0.04370926
v -0.48026699 0.04231316 -0.04588572
v 0.14307611 0.03848512 -0.46200052
v 0.14301000 0.03845718 0.46203011
v -0.14310161 0.03855347 0.46197030
v -0.14307611 0.03848512 -0.46200052
v 0.37319286 0.03863954 -0.30756424
v 0.37319283 0.03863953 0.30756427
v -0.37319286 0.03863954 0.30756424
v -0.37319283 0.03863953 -0.30756427
v 0.42583240 0.04088317 -0.22772607
v 0.42582969 0.04088404 0.22773058
v -0.42583240 0.04088317 0.22772607
v -0.42582969 0.04088404 -0.22773058
v 0.05471952 0.03745608 -0.48086542
v 0.04929286 0.03943393 0.48083191
v -0.04936455 0.03996449 0.48065822
v -0.05471952 0.03745608 -0.48086542
v 0.46384331 0.03861951 -0.13683600
v 0.46374282 0.03874721 0.13703571
v -0.46384331 0.03861951 0.13683600
v -0.46374282 0.03874721 -0.13703571
v 0.30259077 0.03862489 -0.37724251
v 0.30259078 0.03862488 0.37724251
v -0.30259078 0.03862489 0.37724251
v -0.30259077 0.03862489 -0.37724251
v 0.23344744 0.03960355 -0.42317877
v 0.23344702 0.03960296 0.42317921
v -0.23344814 0.03960416 0.42317817
v -0.23344744 0.03960355 -0.42317877
v 0.47897954 0.04245797 0.05741866
v -0.47897954 0.04245797 -0.05741866
v 0.42060437 0.04008647 -0.23774858
v 0.42060266 0.04008687 0.23775135
v -0.42060437 0.04008647 0.23774858
v -0.42060266 0.04008687 -0.23775135
v 0.06847361 0.03656270 -0.47938180
v 0.06046329 0.03895580 0.47970561
v -0.06163637 0.03769824 0.47995171
v -0.06847361 0.03656270 -0.47938180
v 0.46764178 0.03703631 -0.12515463
v 0.46749316 0.03724566 0.12545695
v -0.46764178 0.03703631 0.12515463
v -0.46749316 0.03724566 -0.12545695
v 0.29324840 0.03704333 -0.38516979
v 0.29324840 0.03704331 0.38516980
v -0.29324843 0.03704334 0.38516977
v -0.29324840 0.03704333 -0.38516979
v 0.40902816 0.04203146 -0.25601293
v 0.40902748 0.04203152 0.25601399
v -0.40902816 0.04203146 0.25601293
v -0.40902748 0.04203152 -0.25601399
v 0.08208406 0.04184706 -0.47556742
v 0.08164847 0.04138477 0.47578868
v -0.08261433 0.04219215 0.47536635
v -0.08208406 0.04184706 -0.47556742
v 0.47089041 0.04269882 -0.10444169
v 0.47061418 0.04306742 0.10515347
v -0.47089041 0.04269882 0.10444169
v -0.47061418 0.04306742 -0.10515347
v 0.27548453 0.04260867 -0.39595611
v 0.27548453 0.04260861 0.39595613
v -0.27548461 0.04260869 0.39595604
v -0.27548453 0.04260867 -0.39595611
v 0.41105514 0.01748607 -0.26707029
v 0.41105480 0.01748607 0.26707082
v -0.41105514 0.01748607 0.26707029
v -0.41105480 0.01748607 -0.26707082
v 0.09146943 0.01747012 -0.48159224
v 0.09118301 0.01717155 0.48174132
v -0.09156713 0.01810106 0.48137338
v -0.09146943 0.01747012 -0.48159224
v 0.47978836 0.02000877 -0.09656760
v 0.47938051 0.02100098 0.09702424
v -0.47978836 0.02000877 0.09656760
v -0.47938051 0.02100098 -0.09702424
v 0.27131412 0.02043172 -0.40716301
v 0.27131412 0.02043164 0.40716305
v -0.27131422 0.02043175 0.40716294
v -0.27131412 0.02043172 -0.40716301
v 0.39533517 0.04201482 -0.27669798
v 0.39533495 0.04201481 0.27669830
v -0.39533517 0.04201482 0.27669798
v -0.39533495 0.04201481 -0.27669830
v 0.10632004 0.04186657 -0.47073596
v 0.10601554 0.04172745 0.47084910
v -0.10641694 0.04214876 0.47062383
v -0.10632004 0.04186657 -0.47073596
v 0.47561592 0.04248202 -0.08062607
v 0.47506108 0.04270213 0.08343747
v -0.47561592 0.04248202 0.08062607
v -0.47506108 0.04270213 -0.08343747
v 0.25673467 0.04164846 -0.40871660
v 0.25673461 0.04164828 0.40871671
v -0.25673489 0.04164859 0.40871641
v -0.25673467 0.04164846 -0.40871660
v 0.28431041 0.03732061 -0.39170686
v 0.28431042 0.03732058 0.39170687
v -0.28431046 0.03732062 0.39170682
v -0.28431041 0.03732061 -0.39170686
v 0.47031155 0.03731860 -0.11434305
v 0.47009713 0.03763885 0.11480117
v -0.47031155 0.03731860 0.11434305
v -0.47009713 0.03763885 -0.11480117
v 0.07101407 0.03637892 0.47906999
v -0.07280248 0.03731594 0.47850589
v 0.41607445 0.03721913 -0.24734464
v 0.41607335 0.03721931 0.24734637
v -0.41607445 0.03721913 0.24734464
v -0.41607335 0.03721931 -0.24734637
v 0.38711772 0.04045817 -0.28889496
v 0.38711762 0.04045816 0.28889510
v -0.38711772 0.04045817 0.28889496
v -0.38711762 0.04045816 -0.28889510
v 0.12062404 0.04033821 -0.46776748
v 0.12044861 0.04026226 0.46783714
v -0.12068081 0.04051089 0.46769722
v -0.12062404 0.04033821 -0.46776748
v 0.47813145 0.04161537 -0.06604714
v 0.47718025 0.04293247 0.06981808
v -0.47813145 0.04161537 0.06604714
v -0.47718025 0.04293247 -0.06981808
v 0.24456665 0.04115465 -0.41629051
v 0.24456646 0.04115430 0.41629074
v -0.24456707 0.04115496 0.41629015
v -0.24456665 0.04115465 -0.41629051
v 0.37991657 0.03889652 -0.29908955
v 0.37991652 0.03889651 0.29908963
v -0.37991657 0.03889652 0.29908955
v -0.37991652 0.03889651 -0.29908963
v 0.13272798 0.03877002 -0.46498667
v 0.13262231 0.03872490 0.46503145
v -0.13276475 0.03887758 0.46494128
v -0.13272798 0.03877002 -0.46498667
v 0.48002129 0.04034293 -0.05417292
v -0.48002129 0.04034293 0.05417292
v 0.04155239 0.03991832 -0.48141095
v -0.04155239 0.03991832 -0.48141095
v 0.48103758 0.04259986 0.03575564
v -0.48103758 0.04259986 -0.03575564
v 0.21176996 0.03892462 -0.43466788
v 0.21176814 0.03892303 0.43466932
v -0.21177183 0.03892690 0.43466619
v -0.21176996 0.03892462 -0.43466788
v 0.32025299 0.03807548 -0.36259739
v 0.32025299 0.03807548 0.36259739
v -0.32025299 0.03807548 0.36259738
v -0.32025299 0.03807548 -0.36259739
v 0.45698044 0.03812060 -0.15872652
v 0.45693335 0.03816999 0.15881511
v -0.45698044 0.03812060 0.15872652
v -0.45693335 0.03816999 -0.15881511
v 0.02921569 0.03804561 -0.48290196
v 0.02667984 0.03830719 0.48296699
v -0.02626120 0.03956059 0.48259847
v -0.02921569 0.03804561 -0.48290196
v 0.43647247 0.04017420 -0.20711778
v 0.43646533 0.04017810 0.20712997
v -0.43647247 0.04017420 0.20711778
v -0.43646533 0.04017810 -0.20712997
v 0.01231318 0.04882260 -0.48026612
v -0.01231318 0.04882260 -0.48026612
v 0.48367223 0.03832739 0.00489984
v -0.48367223 0.03832739 -0.00489984
v 0.18972081 0.03644312 -0.44557567
v 0.18971412 0.03643905 0.44557990
v -0.18972541 0.03645080 0.44557111
v -0.18972081 0.03644312 -0.44557567
v 0.33973855 0.03684825 -0.34494494
v 0.33973855 0.03684825 0.34494494
v -0.33973856 0.03684825 0.34494494
v -0.33973855 0.03684825 -0.34494494
v 0.44791011 0.03754074 -0.18323963
v 0.44789096 0.03755599 0.18327387
v -0.44791011 0.03754074 0.18323963
v -0.44789096 0.03755599 -0.18327387
v 0.00071541 0.03723128 0.48403836
v 0.00953240 0.01335037 -0.49139410
v -0.00953240 0.01335037 -0.49139410
v -0.01031483 0.08251974 -0.46980170
v 0.01031483 0.08251974 -0.46980170
v 0.00729073 -0.00050008 -0.49575244
v -0.00729073 -0.00050008 -0.49575244
v -0.00619489 0.09170736 -0.46700852
v 0.00619489 0.09170736 -0.46700852
v 0.01123646 0.02774029 -0.48686917
v -0.01123646 0.02774029 -0.48686917
v -0.27019800 0.05857322 -0.39355764
v -0.27019808 0.05857326 0.39355757
v 0.27019799 0.05857316 0.39355767
v 0.27019800 0.05857322 -0.39355764
v -0.46638907 0.05901219 -0.10121820
v -0.46657230 0.05883251 0.10063630
v 0.46638907 0.05901219 0.10121820
v 0.46657230 0.05883251 -0.10063630
v -0.08466542 0.05843091 -0.46986032
v -0.08448381 0.05878740 0.46978005
v 0.08372020 0.05823060 0.47009311
v 0.08466542 0.05843091 -0.46986032
v -0.40289588 0.05887285 -0.25589114
v -0.40289644 0.05887280 0.25589029
v 0.40289588 0.05887285 0.25589114
v 0.40289644 0.05887280 -0.25589029
v 0.40586440 0.00629633 -0.28107014
v 0.40586429 0.00629632 0.28107031
v -0.40586440 0.00629633 0.28107014
v -0.40586429 0.00629632 -0.28107031
v 0.10623395 0.00628060 -0.48212605
v 0.10610142 0.00616214 0.48219306
v -0.10625268 0.00652224 0.48204475
v -0.10623395 0.00628060 -0.48212605
v 0.39403645 0.01306642 -0.29390706
v 0.39403638 0.01306641 0.29390716
v -0.39403645 0.01306642 0.29390706
v -0.39403638 0.01306641 -0.29390716
v 0.12256434 0.01301609 -0.47606669
v 0.12246203 0.01295054 0.47611413
v -0.12259832 0.01315252 0.47601401
v -0.12256434 0.01301609 -0.47606669
v -0.26783018 0.07562692 -0.38873121
v -0.26783023 0.07562694 0.38873116
v 0.26783017 0.07562687 0.38873123
v 0.26783018 0.07562692 -0.38873121
v 0.48624781 0.01494233 -0.06807581
v 0.48632183 0.01500061 0.06741278
v -0.48624781 0.01494233 0.06807581
v -0.48632183 0.01500061 -0.06741278
v -0.46110763 0.07588960 -0.10073417
v -0.46119970 0.07578696 0.10046226
v 0.46110763 0.07588960 0.10073417
v 0.46119970 0.07578696 -0.10046226
v 0.24640398 0.01351491 -0.42519840
v 0.24640385 0.01351465 0.42519856
v -0.24640429 0.01351512 0.42519813
v -0.24640398 0.01351491 -0.42519840
v -0.08240062 0.07526480 -0.46493196
v -0.08273193 0.07590230 0.46467118
v 0.08187254 0.07551393 0.46494635
v 0.08240062 0.07526480 -0.46493196
v 0.29952103 0.01366513 -0.38955064
v 0.29952103 0.01366512 0.38955064
v -0.29952105 0.01366513 0.38955063
v -0.29952103 0.01366513 -0.38955064
v -0.39871937 0.07599085 -0.25250877
v -0.39871974 0.07599081 0.25250819
v 0.39871937 0.07599085 0.25250877
v 0.39871974 0.07599081 -0.25250819
v 0.47407872 0.01361497 -0.12933404
v 0.47397196 0.01379746 0.12950896
v -0.47407872 0.01361497 0.12933404
v -0.47397196 0.01379746 -0.12950896
v 0.06085219 0.01116399 -0.48839201
v 0.06132681 0.01324937 0.48767716
v -0.05980216 0.01411610 0.48759415
v -0.06085219 0.01116399 -0.48839201
v 0.42782105 0.01394871 -0.24154667
v 0.42781987 0.01394897 0.24154859
v -0.42782105 0.01394871 0.24154667
v -0.42781987 0.01394897 -0.24154859
v 0.38795129 0.01212723 -0.30237053
v 0.38795125 0.01212722 0.30237058
v -0.38795129 0.01212723 0.30237053
v -0.38795125 0.01212722 -0.30237058
v 0.13266707 0.01207005 -0.47365719
v 0.13259809 0.01202978 0.47368955
v -0.13269155 0.01215579 0.47362256
v -0.13266707 0.01207005 -0.47365719
v 0.48811671 0.01318058 -0.05790654
v 0.48719370 0.01646133 0.05699640
v -0.48811671 0.01318058 0.05790654
v -0.48719370 0.01646133 -0.05699640
v 0.23703551 0.01425660 -0.43022723
v 0.23703523 0.01425617 0.43022753
v -0.23703601 0.01425701 0.43022680
v -0.23703551 0.01425660 -0.43022723
v 0.31278359 0.01531840 -0.37831537
v 0.31278359 0.01531840 0.37831537
v -0.31278360 0.01531840 0.37831537
v -0.31278359 0.01531840 -0.37831537
v 0.46869621 0.01530478 -0.14589080
v 0.46863504 0.01538908 0.14599880
v -0.46869621 0.01530478 0.14589080
v -0.46863504 0.01538908 -0.14599880
v 0.04331144 0.01347935 -0.48953408
v 0.04332366 0.01553688 0.48888881
v -0.04204313 0.01697738 0.48854969
v -0.04331144 0.01347935 -0.48953408
v 0.43565912 0.01682596 -0.22515745
v 0.43565636 0.01682702 0.22516207
v -0.43565912 0.01682596 0.22515745
v -0.43565636 0.01682702 -0.22516207
v 0.37539032 0.01349590 -0.31716955
v 0.37539031 0.01349589 0.31716957
v -0.37539032 0.01349590 0.31716955
v -0.37539031 0.01349589 -0.31716957
v 0.15106264 0.01340917 -0.46767626
v 0.15103027 0.01339182 0.46769240
v -0.15107649 0.01344680 0.46765945
v -0.15106264 0.01340917 -0.46767626
v 0.48950890 0.01490372 -0.03826374
v 0.48808864 0.01776933 0.04444947
v -0.48950890 0.01490372 0.03826374
v -0.48808864 0.01776933 -0.04444947
v 0.22576413 0.01411589 -0.43629689
v 0.22576349 0.01411517 0.43629747
v -0.22576496 0.01411674 0.43629615
v -0.22576413 0.01411589 -0.43629689
v 0.32069191 0.01098422 -0.37341885
v 0.32069191 0.01098422 0.37341885
v -0.32069191 0.01098422 0.37341884
v -0.32069191 0.01098422 -0.37341885
v 0.46715471 0.01097936 -0.15508998
v 0.46711541 0.01102879 0.15515942
v -0.46715471 0.01097936 0.15508998
v -0.46711541 0.01102879 -0.15515942
v 0.03014737 0.01178856 -0.49104907
v 0.03403877 0.01113898 0.49099774
v -0.03014737 0.01178856 -0.49104907
v 0.44102096 0.01296691 -0.21720292
v 0.44101729 0.01296867 0.21720913
v -0.44102096 0.01296691 0.21720292
v -0.44101729 0.01296867 -0.21720913
v 0.36973285 0.01032744 -0.32524488
v 0.36973285 0.01032744 0.32524489
v -0.36973285 0.01032744 0.32524488
v -0.36973285 0.01032744 -0.32524489
v -0.47167638 0.06924462 -0.04742918
v 0.47167638 0.06924462 0.04742918
v 0.16064297 0.01024444 -0.46551687
v 0.16062396 0.01023396 0.46552688
v -0.16065207 0.01026653 0.46550643
v -0.16064297 0.01024444 -0.46551687
v 0.49112416 0.01186238 -0.02850372
v 0.49029863 0.01552257 0.02237946
v -0.49112416 0.01186238 0.02850372
v -0.49029863 0.01552257 -0.02237946
v -0.03930951 0.06691673 -0.47315087
v 0.03930951 0.06691673 -0.47315087
v 0.01892463 0.01620909 -0.49022987
v -0.01994596 0.01093331 0.49183608
v -0.01892463 0.01620909 -0.49022987
v 0.44874449 0.01413721 -0.19986562
v 0.44873640 0.01414266 0.19987961
v -0.44874449 0.01413721 0.19986562
v -0.44873640 0.01414266 -0.19987961
v 0.35918362 0.01081605 -0.33663584
v 0.35918362 0.01081605 0.33663585
v -0.35918362 0.01081605 0.33663584
v -0.35918362 0.01081605 -0.33663585
v -0.47325146 0.06865503 -0.03058691
v 0.47325146 0.06865503 0.03058691
v 0.17510237 0.01074645 -0.46010553
v 0.17509303 0.01074083 0.46011096
v -0.17510794 0.01075734 0.46009978
v -0.17510237 0.01074645 -0.46010553
v -0.20781578 0.06180502 -0.42865591
v -0.20781743 0.06180702 0.42865442
v 0.20781417 0.06180367 0.42865716
v 0.20781578 0.06180502 -0.42865591
v 0.49186127 0.01192636 -0.00826212
v 0.49190371 0.01151066 0.01241263
v -0.49186127 0.01192636 0.00826212
v -0.49190371 0.01151066 -0.01241263
v 0.19389310 0.01202060 -0.45207557
v 0.19388920 0.01201786 0.45207817
v -0.19389605 0.01202525 0.45207272
v -0.19389310 0.01202060 -0.45207557
v 0.34454796 0.01187654 -0.35113780
v 0.34454796 0.01187654 0.35113781
v -0.34454796 0.01187654 0.35113780
v -0.34454796 0.01187654 -0.35113781
v -0.02510813 0.06835243 0.47366824
v 0.45543565 0.01174630 -0.18608972
v 0.45542271 0.01175715 0.18611246
v -0.45543565 0.01174630 0.18608972
v -0.45542271 0.01175715 -0.18611246
v -0.42870386 0.06867084 -0.20275804
v -0.42870895 0.06866829 0.20274914
v 0.42870386 0.06867084 0.20275804
v 0.42870895 0.06866829 -0.20274914
v 0.00127122 0.01210711 0.49187264
v -0.47503306 0.06460474 -0.02111302
v -0.47403161 0.06783266 0.02097279
v 0.47503306 0.06460474 0.02111302
v 0.47403161 0.06783266 -0.02097279
v 0.49092557 0.01510201 0.00379875
v -0.49092557 0.01510201 -0.00379875
v -0.19793510 0.06834959 -0.43106213
v -0.19793721 0.06835256 0.43106014
v 0.19793258 0.06834789 0.43106387
v 0.19793510 0.06834959 -0.43106213
v 0.18229748 0.01453171 -0.45603141
v 0.18228992 0.01452706 0.45603600
v -0.18230230 0.01454051 0.45602653
v -0.18229748 0.01453171 -0.45603141
v -0.32319407 0.07174272 -0.34573934
v -0.32319407 0.07174272 0.34573934
v 0.32319407 0.07174272 0.34573934
v 0.32319407 0.07174272 -0.34573934
v 0.35262419 0.01457822 -0.34181713
v 0.35262419 0.01457822 0.34181713
v -0.35262419 0.01457822 0.34181713
v -0.35262419 0.01457822 -0.34181713
v -0.44257018 0.07151479 -0.16789586
v -0.44258965 0.07149902 0.16785840
v 0.44257018 0.07151479 0.16789586
v 0.44258965 0.07149902 -0.16785840
v -0.01415874 0.06883639 0.47397088
v 0.01255369 0.07145365 0.47319958
v 0.01335989 0.01642907 0.49034444
v -0.01119362 0.01500854 0.49084181
v -0.43311994 0.06910933 -0.19280888
v -0.43312780 0.06910453 0.19279488
v 0.43311994 0.06910933 0.19280888
v 0.43312780 0.06910453 -0.19279488
v 0.45866571 0.01626846 -0.17404330
v 0.45864324 0.01629013 0.17408344
v -0.45866571 0.01626846 0.17404330
v -0.45864324 0.01629013 -0.17408344
v -0.34097299 0.07165246 -0.32825929
v -0.34097299 0.07165246 0.32825929
v 0.34097299 0.07165246 0.32825929
v 0.34097299 0.07165246 -0.32825929
v 0.33490419 0.01622546 -0.35849357
v 0.33490419 0.01622546 0.35849357
v -0.33490419 0.01622546 0.35849357
v -0.33490419 0.01622546 -0.35849357
v -0.17468474 0.07090833 -0.44013829
v -0.17468983 0.07091781 0.44013309
v 0.17467579 0.07090450 0.44014313
v 0.17468474 0.07090833 -0.44013829
v 0.20411339 0.01679383 -0.44591736
v 0.20411087 0.01679185 0.44591919
v -0.20411560 0.01679689 0.44591530
v -0.20411339 0.01679383 -0.44591736
v -0.47492869 0.06641674 -0.00279546
v 0.47492869 0.06641674 0.00279546
v 0.49036158 0.01564686 -0.02002657
v -0.49036158 0.01564686 0.02002657
v 0.16759067 0.01370658 -0.46191256
v 0.16757553 0.01369819 0.46192083
v -0.16759858 0.01372399 0.46190391
v -0.16759067 0.01370658 -0.46191256
v 0.36372484 0.01380972 -0.33033691
v 0.36372484 0.01380971 0.33033692
v -0.36372484 0.01380972 0.33033691
v -0.36372484 0.01380971 -0.33033692
v 0.44352935 0.01670190 -0.20931891
v 0.44352364 0.01670517 0.20932863
v -0.44352935 0.01670190 0.20931891
v -0.44352364 0.01670517 -0.20932863
v 0.02393925 0.01367848 0.49080074
v -0.03029537 0.01375975 0.49042404
v 0.46314327 0.01351632 -0.16433645
v 0.46311294 0.01354998 0.16439051
v -0.46314327 0.01351632 0.16433645
v -0.46311294 0.01354998 -0.16439051
v 0.32769639 0.01350606 -0.36623269
v 0.32769639 0.01350606 0.36623269
v -0.32769639 0.01350606 0.36623269
v -0.32769639 0.01350606 -0.36623269
v 0.21421245 0.01487887 -0.44181865
v 0.21421107 0.01487763 0.44181974
v -0.21421385 0.01488060 0.44181736
v -0.21421245 0.01487887 -0.44181865
v 0.48769737 0.02196678 0.03280416
v -0.48769737 0.02196678 -0.03280416
v -0.47701401 0.05935769 -0.01089409
v 0.47701401 0.05935769 0.01089409
v -0.16561777 0.06538583 -0.44546753
v -0.16562626 0.06540356 0.44545848
v 0.16560041 0.06537932 0.44547615
v 0.16561777 0.06538583 -0.44546753
v -0.34930382 0.06585679 -0.32205251
v -0.34930383 0.06585679 0.32205250
v 0.34930382 0.06585679 0.32205251
v 0.34930383 0.06585679 -0.32205250
v -0.01686469 0.05945979 -0.47680840
v 0.02265237 0.06597790 0.47453341
v 0.01686469 0.05945979 -0.47680840
v -0.44764654 0.06595922 -0.15910122
v -0.44767856 0.06593023 0.15903813
v 0.44764654 0.06595922 0.15910122
v 0.44767856 0.06593023 -0.15903813
v -0.31699030 0.06602115 -0.35383531
v -0.31699030 0.06602115 0.35383530
v 0.31699030 0.06602115 0.35383531
v 0.31699030 0.06602115 -0.35383531
v 0.48705471 0.01964657 -0.04909633
v -0.48705471 0.01964657 0.04909633
v 0.14015191 0.01823130 -0.46949176
v 0.14009157 0.01819945 0.46952013
v -0.14017474 0.01830115 0.46946221
v -0.14015191 0.01823130 -0.46949176
v -0.47570691 0.06100744 0.02955121
v 0.47570691 0.06100744 -0.02955121
v 0.38124064 0.01831651 -0.30772487
v 0.38124062 0.01831651 0.30772491
v -0.38124064 0.01831651 0.30772487
v -0.38124062 0.01831651 -0.30772491
v -0.15588865 0.05831064 -0.45129979
v -0.15590274 0.05834303 0.45128424
v 0.15585605 0.05829922 0.45131481
v 0.15588865 0.05831064 -0.45129979
v 0.42950649 0.02108152 -0.23392088
v 0.42950453 0.02108210 0.23392411
v -0.42950649 0.02108152 0.23392088
v -0.42950453 0.02108210 -0.23392411
v -0.35839997 0.05861473 -0.31532789
v -0.35839998 0.05861473 0.31532787
v 0.35839997 0.05861473 0.31532789
v 0.35839998 0.05861473 -0.31532787
v 0.05324628 0.01539900 -0.48795107
v 0.05366797 0.02005756 0.48644324
v -0.05222641 0.02063333 0.48641953
v -0.05324628 0.01539900 -0.48795107
v -0.42707362 0.06129896 -0.21140437
v -0.42707799 0.06129701 0.21139691
v 0.42707362 0.06129896 0.21140437
v 0.42707799 0.06129701 -0.21139691
v 0.47026886 0.01960650 -0.13598597
v 0.47017441 0.01974872 0.13615279
v -0.47026886 0.01960650 0.13598597
v -0.47017441 0.01974872 -0.13615279
v -0.03378990 0.06087846 0.47546496
v 0.03351871 0.05898224 0.47607699
v 0.30423093 0.01963525 -0.38350977
v 0.30423093 0.01963525 0.38350977
v -0.30423094 0.01963525 0.38350976
v -0.30423093 0.01963525 -0.38350977
v -0.45322493 0.05884422 -0.14966981
v -0.45327717 0.05879147 0.14956403
v 0.45322493 0.05884422 0.14966981
v 0.45327717 0.05879147 -0.14956403
v -0.31034691 0.05881724 -0.36263855
v -0.31034691 0.05881724 0.36263855
v 0.31034691 0.05881724 0.36263855
v 0.31034691 0.05881724 -0.36263855
v -0.21796963 0.06024689 -0.42412938
v -0.21797073 0.06024803 0.42412842
v 0.21796877 0.06024599 0.42413014
v 0.21796963 0.06024689 -0.42412938
v -0.47423452 0.06342082 -0.03943424
v -0.47314529 0.06625966 0.04177494
v 0.47423452 0.06342082 0.03943424
v 0.47314529 0.06625966 -0.04177494
v -0.14240344 0.06483076 -0.45360379
v -0.14242396 0.06488304 0.45358026
v 0.14234738 0.06481499 0.45362654
v 0.14240344 0.06483076 -0.45360379
v -0.36570324 0.06501447 -0.30371335
v -0.36570327 0.06501448 0.30371332
v 0.36570324 0.06501447 0.30371335
v 0.36570327 0.06501448 -0.30371332
v -0.41964675 0.06687498 -0.22209446
v -0.41964908 0.06687417 0.22209060
v 0.41964675 0.06687498 0.22209446
v 0.41964908 0.06687417 -0.22209060
v 0.25339268 0.01904115 -0.41905821
v 0.25339260 0.01904094 0.41905833
v -0.25339293 0.01904130 0.41905800
v -0.25339268 0.01904115 -0.41905821
v -0.05061623 0.06197459 -0.47362528
v -0.04661846 0.06644387 0.47263491
v 0.04628931 0.06504597 0.47310530
v 0.05061623 0.06197459 -0.47362528
v 0.48419105 0.01674547 -0.07796406
v 0.48335895 0.02025375 0.07623329
v -0.48419105 0.01674547 0.07796406
v -0.48335895 0.02025375 -0.07623329
v -0.45535118 0.06490321 -0.13663440
v -0.45542043 0.06482917 0.13648388
v 0.45535118 0.06490321 0.13663440
v 0.45542043 0.06482917 -0.13648388
v 0.11266620 0.01294976 -0.47852710
v 0.11252420 0.01284451 0.47859423
v -0.11270951 0.01316458 0.47844807
v -0.11266620 0.01294976 -0.47852710
v -0.29903734 0.06482949 -0.36961086
v -0.29903735 0.06482949 0.36961085
v 0.29903734 0.06482948 0.36961086
v 0.29903734 0.06482949 -0.36961086
v 0.40009206 0.01299193 -0.28564885
v 0.40009195 0.01299191 0.28564902
v -0.40009206 0.01299193 0.28564885
v -0.40009195 0.01299191 -0.28564902
v -0.22640846 0.06448924 -0.41818134
v -0.22640913 0.06448987 0.41818075
v 0.22640801 0.06448869 0.41818178
v 0.22640846 0.06448924 -0.41818134
v -0.47177819 0.06599830 -0.05580672
v -0.47315643 0.06174303 0.05544994
v 0.47177819 0.06599830 0.05580672
v 0.47315643 0.06174303 -0.05544994
v -0.12903215 0.06063661 -0.45894585
v -0.12906786 0.06073598 0.45890362
v 0.12892003 0.06060628 0.45898719
v 0.12903215 0.06063661 -0.45894585
v -0.37574476 0.06077715 -0.29335078
v -0.37574481 0.06077716 0.29335071
v 0.37574476 0.06077715 0.29335078
v 0.37574481 0.06077716 -0.29335071
v 0.26374605 0.01263526 -0.41498955
v 0.26374602 0.01263516 0.41498960
v -0.26374618 0.01263533 0.41498944
v -0.26374605 0.01263526 -0.41498955
v 0.48417350 0.01178152 -0.08727101
v 0.48371736 0.01333753 0.08706595
v -0.48417350 0.01178152 0.08727101
v -0.48371736 0.01333753 -0.08706595
v -0.41417307 0.06414192 -0.23388056
v -0.41417452 0.06414155 0.23387825
v 0.41417307 0.06414192 0.23388056
v 0.41417452 0.06414155 -0.23387825
v 0.09801248 0.00974181 -0.48276297
v 0.09782195 0.00954666 0.48286370
v -0.09802132 0.01014125 0.48263406
v -0.09801248 0.00974181 -0.48276297
v -0.06228010 0.06106323 -0.47251978
v -0.05978168 0.06367638 0.47202091
v 0.05921575 0.06249679 0.47246300
v 0.06228010 0.06106323 -0.47251978
v 0.40960831 0.00974659 -0.27365322
v 0.40960811 0.00974658 0.27365353
v -0.40960831 0.00974659 0.27365322
v -0.40960811 0.00974658 -0.27365353
v -0.45963275 0.06248570 -0.12437372
v -0.45973800 0.06236757 0.12412553
v 0.45963275 0.06248570 0.12437372
v 0.45973800 0.06236757 -0.12412553
v -0.28925840 0.06232521 -0.37829661
v -0.28925843 0.06232522 0.37829659
v 0.28925841 0.06232519 0.37829662
v 0.28925840 0.06232521 -0.37829661
v -0.23757663 0.06772452 -0.41077387
v -0.23757700 0.06772481 0.41077355
v 0.23757644 0.06772422 0.41077409
v 0.23757663 0.06772452 -0.41077387
v -0.46965181 0.06868118 -0.06574151
v -0.46989700 0.06774452 0.06609633
v 0.46965181 0.06868118 0.06574151
v 0.46989700 0.06774452 -0.06609633
v -0.11762839 0.06702792 -0.45994306
v -0.11767622 0.06716643 0.45988624
v 0.11745966 0.06699701 0.45999613
v 0.11762839 0.06702792 -0.45994306
v -0.38100855 0.06717263 -0.28314960
v -0.38100864 0.06717264 0.28314948
v 0.38100855 0.06717263 0.28314960
v 0.38100864 0.06717264 -0.28314948
v 0.29010975 0.01569191 -0.39582582
v 0.29010975 0.01569189 0.39582583
v -0.29010978 0.01569192 0.39582580
v -0.29010975 0.01569191 -0.39582582
v 0.47633163 0.01559787 -0.11823162
v 0.47616630 0.01591562 0.11848602
v -0.47633163 0.01559787 0.11823162
v -0.47616630 0.01591562 -0.11848602
v 0.07154664 0.01402195 -0.48603938
v 0.07193509 0.01266385 0.48641020
v -0.07092786 0.01558837 0.48563637
v -0.07154664 0.01402195 -0.48603938
v 0.42265070 0.01316349 -0.25096355
v 0.42264996 0.01316360 0.25096474
v -0.42265070 0.01316349 0.25096355
v -0.42264996 0.01316360 -0.25096474
v -0.24951509 0.06936361 -0.40303247
v -0.24951528 0.06936374 0.40303231
v 0.24951502 0.06936345 0.40303257
v 0.24951509 0.06936361 -0.40303247
v -0.46720068 0.07001084 -0.07889970
v -0.46727138 0.06986155 0.07876050
v 0.46720068 0.07001084 0.07889970
v 0.46727138 0.06986155 -0.07876050
v -0.10479094 0.06932849 -0.46230098
v -0.10485956 0.06954283 0.46221688
v 0.10451028 0.06930285 0.46237270
v 0.10479094 0.06932849 -0.46230098
v -0.38805795 0.06954326 -0.27212289
v -0.38805812 0.06954327 0.27212265
v 0.38805795 0.06954326 0.27212289
v 0.38805812 0.06954327 -0.27212265
v -0.27943216 0.06823720 -0.38333247
v -0.27943219 0.06823722 0.38333244
v 0.27943216 0.06823717 0.38333248
v 0.27943216 0.06823720 -0.38333247
v -0.46053313 0.06845962 -0.11344404
v -0.46064450 0.06833970 0.11314785
v 0.46053313 0.06845962 0.11344404
v 0.46064450 0.06833970 -0.11314785
v -0.07126897 0.06750684 -0.46921530
v -0.07066500 0.06909896 0.46880451
v 0.06978565 0.06820142 0.46921921
v 0.07126897 0.06750684 -0.46921530
v -0.40712722 0.06934930 -0.24278512
v -0.40712802 0.06934914 0.24278386
v 0.40712722 0.06934930 0.24278512
v 0.40712802 0.06934914 -0.24278386
v -0.02911603 0.06124194 -0.47566047
v 0.02911603 0.06124194 -0.47566047
v -0.47517826 0.06534758 0.00935563
v 0.47517826 0.06534758 -0.00935563
v -0.18679590 0.06685470 -0.43651190
v -0.18679941 0.06686063 0.43650839
v 0.18679058 0.06685190 0.43651514
v 0.18679590 0.06685470 -0.43651190
v -0.33293040 0.06831563 -0.33787610
v -0.33293040 0.06831563 0.33787610
v 0.33293040 0.06831563 0.33787610
v 0.33293040 0.06831563 -0.33787610
v -0.43915657 0.06768231 -0.17981053
v -0.43917065 0.06767190 0.17978473
v 0.43915657 0.06768231 0.17981053
v 0.43917065 0.06767190 -0.17978473
v 0.00023716 0.06749825 0.47459957
v -0.00913015 0.06781782 -0.47441211
v 0.00913015 0.06781782 -0.47441211
v 0.28037775 0.01434532 -0.40328952
v 0.28037775 0.01434528 0.40328954
v -0.28037780 0.01434534 0.40328948
v -0.28037775 0.01434532 -0.40328952
v 0.47957569 0.01412230 -0.10644063
v 0.47933006 0.01469417 0.10672371
v -0.47957569 0.01412230 0.10644063
v -0.47933006 0.01469417 -0.10672371
v 0.08269757 0.01261566 -0.48471169
v 0.08250830 0.01209929 0.48490730
v -0.08257122 0.01351145 0.48444984
v -0.08269757 0.01261566 -0.48471169
v 0.41727311 0.01245483 -0.26022451
v 0.41727266 0.01245486 0.26022522
v -0.41727311 0.01245483 0.26022451
v -0.41727266 0.01245486 -0.26022522
v 0.41504306 0.00585220 -0.26758620
v 0.41504280 0.00585220 0.26758659
v -0.41504306 0.00585220 0.26758620
v -0.41504280 0.00585220 -0.26758659
v 0.09035338 0.00589181 -0.48547624
v 0.09015442 0.00563386 0.48559505
v -0.09023625 0.00640613 0.48533488
v -0.09035338 0.00589181 -0.48547624
v 0.48363072 0.00674840 -0.09843001
v 0.48337764 0.00749190 0.09851082
v -0.48363072 0.00674840 0.09843001
v -0.48337764 0.00749190 -0.09851082
v 0.27432668 0.00710703 -0.41014831
v 0.27432668 0.00710698 0.41014833
v -0.27432675 0.00710706 0.41014825
v -0.27432668 0.00710703 -0.41014831
v 0.00766650 0.05723846 -0.47773780
v -0.00766650 0.05723846 -0.47773780
v 0.00830479 0.03998327 -0.48310926
v -0.00830479 0.03998327 -0.48310926
v 0.02303406 0.04908576 -0.47978927
v -0.02303406 0.04908576 -0.47978927
v 0.27987050 0.02757838 -0.39860949
v 0.27987050 0.02757833 0.39860951
v -0.27987057 0.02757841 0.39860944
v -0.27987050 0.02757838 -0.39860949
v 0.47504997 0.02747262 -0.10759499
v 0.47476837 0.02798541 0.10811281
v -0.47504997 0.02747262 0.10759499
v -0.47476837 0.02798541 -0.10811281
v 0.08016422 0.02560338 -0.48103128
v 0.07959849 0.02520825 0.48125012
v -0.08067872 0.02675712 0.48058041
v -0.08016422 0.02560338 -0.48103128
v 0.41492821 0.02575989 -0.25613350
v 0.41492749 0.02575998 0.25613461
v -0.41492821 0.02575989 0.25613350
v -0.41492749 0.02575998 -0.25613461
v 0.26841038 0.03426541 -0.40391311
v 0.26841036 0.03426531 0.40391316
v -0.26841050 0.03426547 0.40391300
v -0.26841038 0.03426541 -0.40391311
v 0.47565536 0.03423360 -0.09461254
v 0.47520718 0.03494574 0.09572003
v -0.47565536 0.03423360 0.09461254
v -0.47520718 0.03494574 -0.09572003
v 0.09443374 0.03168839 -0.47650012
v 0.09406576 0.03142033 0.47665811
v -0.09465796 0.03218169 0.47629878
v -0.09443374 0.03168839 -0.47650012
v 0.40521753 0.03181278 -0.26782674
v 0.40521713 0.03181279 0.26782734
v -0.40521753 0.03181278 0.26782674
v -0.40521713 0.03181279 -0.26782734
v 0.09888673 -0.00012391 -0.48572496
v 0.09876901 -0.00025100 0.48578935
v -0.09884917 0.00013509 0.48565017
v -0.09888673 -0.00012391 -0.48572496
v 0.41197876 -0.00013052 -0.27564990
v 0.41197863 -0.00013052 0.27565009
v -0.41197876 -0.00013052 0.27564990
v -0.41197863 -0.00013052 -0.27565009
v 0.39531704 0.05704608 -0.26846594
v 0.39531674 0.05704608 0.26846638
v -0.39531704 0.05704608 0.26846594
v -0.39531674 0.05704608 -0.26846638
v 0.09879847 0.05678523 -0.46761752
v 0.09833697 0.05667341 0.46775041
v -0.09884287 0.05707594 0.46751546
v -0.09879847 0.05678523 -0.46761752
v 0.46985712 0.05741188 -0.08645686
v 0.46968968 0.05746944 0.08726377
v -0.46985712 0.05741188 0.08645686
v -0.46968968 0.05746944 -0.08726377
v 0.25829669 0.05672199 -0.40215538
v 0.25829665 0.05672185 0.40215546
v -0.25829687 0.05672209 0.40215523
v -0.25829669 0.05672199 -0.40215538
v -0.01991102 0.07249089 -0.47262336
v 0.01991102 0.07249089 -0.47262336
v 0.40394284 0.01918849 -0.27677213
v 0.40394262 0.01918848 0.27677246
v -0.40394284 0.01918849 0.27677213
v -0.40394262 0.01918848 -0.27677246
v 0.10307162 0.01913447 -0.47871220
v 0.10284709 0.01895327 0.47881829
v -0.10315359 0.01949811 0.47857853
v -0.10307162 0.01913447 -0.47871220
v 0.48021521 0.02555519 -0.08500234
v 0.47945121 0.02743624 0.08594618
v -0.48021521 0.02555519 0.08500234
v -0.47945121 0.02743624 -0.08594618
v 0.26091380 0.02650202 -0.41166505
v 0.26091376 0.02650187 0.41166514
v -0.26091399 0.02650212 0.41166490
v -0.26091380 0.02650202 -0.41166505
v 0.42247003 -0.00002682 -0.25922264
v 0.42246971 -0.00002678 0.25922314
v -0.42247003 -0.00002682 0.25922264
v -0.42246971 -0.00002678 -0.25922314
v 0.07990622 0.00003293 -0.48915624
v 0.07961285 -0.00024925 0.48929323
v -0.07939301 0.00066112 0.48904132
v -0.07990622 0.00003293 -0.48915624
v 0.48275419 0.00072598 -0.11132392
v 0.48263357 0.00102838 0.11142723
v -0.48275419 0.00072598 0.11132392
v -0.48263357 0.00102838 -0.11142723
v 0.28608622 0.00085331 -0.40442546
v 0.28608622 0.00085328 0.40442547
v -0.28608625 0.00085331 0.40442544
v -0.28608622 0.00085331 -0.40442546
v 0.49531276 0.00100997 0.00470602
v -0.49531276 0.00100997 -0.00470602
v 0.18329351 0.00089393 -0.46021323
v 0.18328909 0.00089115 0.46021592
v -0.18329627 0.00089914 0.46021038
v -0.18329351 0.00089393 -0.46021323
v 0.35620783 0.00087885 -0.34425771
v 0.35620783 0.00087885 0.34425771
v -0.35620783 0.00087885 0.34425771
v -0.35620783 0.00087885 -0.34425771
v 0.45438239 -0.00054253 -0.19842735
v 0.45437732 -0.00053875 0.19843602
v -0.45438239 -0.00054253 0.19842735
v -0.45437732 -0.00053875 -0.19843602
v 0.01506242 0.00273472 0.49456791
v -0.01188985 0.00082489 0.49525013
v 0.46327970 0.00255802 -0.17392742
v 0.46326528 0.00257289 0.17395263
v -0.46327970 0.00255802 0.17392742
v -0.46326528 0.00257289 -0.17395263
v -0.47018627 0.08164946 -0.00024926
v 0.47018627 0.08164946 0.00024926
v 0.33657492 0.00262389 -0.36273381
v 0.33657492 0.00262389 0.36273381
v -0.33657492 0.00262389 0.36273381
v -0.33657492 0.00262389 -0.36273381
v -0.17877753 0.08329805 -0.43431620
v -0.17877995 0.08330256 0.43431369
v 0.17877333 0.08329622 0.43431855
v 0.17877753 0.08329805 -0.43431620
v 0.20787065 0.00307319 -0.44889825
v 0.20786915 0.00307202 0.44889934
v -0.20787194 0.00307501 0.44889702
v -0.20787065 0.00307319 -0.44889825
v -0.33428543 0.08398709 -0.32961100
v -0.33428543 0.08398709 0.32961100
v 0.33428543 0.08398709 0.32961100
v 0.33428543 0.08398709 -0.32961100
v 0.49442797 0.00240981 -0.02157691
v 0.49498919 0.00088221 0.01954613
v -0.49442797 0.00240981 0.02157691
v -0.49498919 0.00088221 -0.01954613
v -0.43176455 0.08345745 -0.18472859
v -0.43177036 0.08345349 0.18471815
v 0.43176455 0.08345745 0.18472859
v 0.43177036 0.08345349 -0.18471815
v 0.16885179 0.00105944 -0.46565080
v 0.16884287 0.00105430 0.46565573
v -0.16885638 0.00106990 0.46564566
v -0.16885179 0.00105944 -0.46565080
v -0.00721548 0.08334395 0.46960245
v 0.00683022 0.08369162 0.46949978
v 0.36674393 0.00109763 -0.33290943
v 0.36674392 0.00109763 0.33290943
v -0.36674393 0.00109763 0.33290943
v -0.36674392 0.00109763 -0.33290943
v -0.43700274 0.08375156 -0.17171995
v -0.43701227 0.08374408 0.17170206
v 0.43700274 0.08375156 0.17171995
v 0.43701227 0.08374408 -0.17170206
v 0.44732505 0.00246355 -0.21167968
v 0.44732151 0.00246567 0.21168561
v -0.44732505 0.00246355 0.21167968
v -0.44732151 0.00246567 -0.21168561
v -0.32453178 0.08399794 -0.33921396
v -0.32453178 0.08399794 0.33921396
v 0.32453178 0.08399794 0.33921396
v 0.32453178 0.08399794 -0.33921396
v 0.02861810 0.00035403 0.49471262
v -0.02654617 0.00011002 0.49490434
v 0.40827682 -0.00430264 -0.28339201
v 0.40827676 -0.00430265 0.28339209
v -0.40827682 -0.00430264 0.28339201
v -0.40827676 -0.00430265 -0.28339209
v -0.19316426 0.08241658 -0.42841317
v -0.19316567 0.08241883 0.42841176
v 0.19316229 0.08241545 0.42841444
v 0.19316426 0.08241658 -0.42841317
v 0.46855306 0.00026131 -0.16138856
v 0.46853296 0.00028592 0.16142332
v -0.46855306 0.00026131 0.16138856
v -0.46853296 0.00028592 -0.16142332
v 0.10739590 -0.00430806 -0.48525126
v 0.10733197 -0.00436782 0.48528449
v -0.10739525 -0.00418603 0.48521243
v -0.10739590 -0.00430806 -0.48525126
v -0.47268779 0.07314213 -0.01197632
v -0.46973960 0.08212870 0.01671450
v 0.47268779 0.07314213 0.01197632
v 0.46973960 0.08212870 -0.01671450
v 0.48813885 -0.00174424 -0.08904498
v 0.48794737 -0.00104904 0.08888644
v -0.48813885 -0.00174424 0.08904498
v -0.48794737 -0.00104904 -0.08888644
v 0.32703909 0.00027623 -0.37232923
v 0.32703909 0.00027623 0.37232923
v -0.32703909 0.00027623 0.37232923
v -0.32703909 0.00027623 -0.37232923
v -0.16543870 0.08168074 -0.44010914
v -0.16544343 0.08169094 0.44010396
v 0.16542857 0.08167732 0.44011408
v 0.16543870 0.08168074 -0.44010914
v 0.26720797 -0.00139110 -0.41797029
v 0.26720796 -0.00139115 0.41797032
v -0.26720803 -0.00139106 0.41797024
v -0.26720797 -0.00139110 -0.41797029
v 0.22104365 0.00095297 -0.44329922
v 0.22104302 0.00095238 0.44329973
v -0.22104430 0.00095376 0.44329861
v -0.22104365 0.00095297 -0.44329922
v -0.34451827 0.08202765 -0.31979909
v -0.34451827 0.08202766 0.31979908
v 0.34451827 0.08202765 0.31979909
v 0.34451827 0.08202766 -0.31979908
v 0.49414368 0.00086940 -0.03496187
v 0.49311619 0.00425632 0.03451575
v -0.49414368 0.00086940 0.03496187
v -0.49311619 0.00425632 -0.03451575
v -0.42620329 0.08227939 -0.19809403
v -0.42620678 0.08227743 0.19808796
v 0.42620329 0.08227939 0.19809403
v 0.42620678 0.08227743 -0.19808796
v 0.15573147 0.00000191 -0.47054876
v 0.15571603 -0.00000679 0.47055672
v -0.15573816 0.00002035 0.47054048
v -0.15573147 0.00000191 -0.47054876
v -0.02173533 0.08211311 0.46953893
v 0.02092097 0.08193600 0.46963121
v 0.37628066 0.00004296 -0.32259664
v 0.37628066 0.00004295 0.32259665
v -0.37628066 0.00004296 0.32259664
v -0.37628066 0.00004295 -0.32259665
v -0.44247973 0.08193899 -0.15875130
v -0.44249749 0.08192326 0.15871633
v 0.44247973 0.08193899 0.15875130
v 0.44249749 0.08192326 -0.15871633
v 0.44088816 0.00258157 -0.22469799
v 0.44088620 0.00258247 0.22470123
v -0.44088816 0.00258157 0.22469799
v -0.44088620 0.00258247 -0.22470123
v -0.31465783 0.08202309 -0.34922210
v -0.31465783 0.08202309 0.34922210
v 0.31465783 0.08202309 0.34922210
v 0.31465783 0.08202309 -0.34922210
v 0.04126678 0.00154563 0.49344550
v -0.03986724 0.00229460 0.49332620
v -0.20388857 0.07445850 -0.42616731
v -0.20388989 0.07446029 0.42616606
v 0.20388708 0.07445742 0.42616838
v 0.20388857 0.07445850 -0.42616731
v 0.47214413 0.00149951 -0.14928353
v 0.47211022 0.00154816 0.14934043
v -0.47214413 0.00149951 0.14928353
v -0.47211022 0.00154816 -0.14934043
v -0.47002803 0.08022674 -0.02379657
v -0.47145986 0.07462420 0.02942616
v 0.47002803 0.08022674 0.02379657
v 0.47145986 0.07462420 -0.02942616
v 0.31722352 0.00151241 -0.38022481
v 0.31722352 0.00151240 0.38022481
v -0.31722352 0.00151241 0.38022481
v -0.31722352 0.00151241 -0.38022481
v -0.15435864 0.07342973 -0.44683977
v -0.15436912 0.07345477 0.44682789
v 0.15433269 0.07342201 0.44685128
v 0.15435864 0.07342973 -0.44683977
v 0.23338078 0.00098481 -0.43691882
v 0.23338051 0.00098449 0.43691908
v -0.23338117 0.00098518 0.43691849
v -0.23338078 0.00098481 -0.43691882
v -0.35490710 0.07369137 -0.31217971
v -0.35490712 0.07369137 0.31217970
v 0.35490710 0.07369137 0.31217971
v 0.35490712 0.07369137 -0.31217970
v 0.49226102 0.00300080 -0.04920635
v 0.49223668 0.00275415 0.05021293
v -0.49226102 0.00300080 0.04920635
v -0.49223668 0.00275415 -0.05021293
v -0.42296887 0.07513612 -0.20996863
v -0.42297190 0.07513473 0.20996350
v 0.42296887 0.07513612 0.20996863
v 0.42297190 0.07513473 -0.20996350
v 0.14202620 0.00232326 -0.47410953
v 0.14199428 0.00230479 0.47412511
v -0.14203804 0.00236272 0.47409314
v -0.14202620 0.00232326 -0.47410953
v -0.03155935 0.07750983 -0.47041992
v -0.03401197 0.07486243 0.47107674
v 0.03332481 0.07362464 0.47151284
v 0.03155935 0.07750983 -0.47041992
v 0.38479569 0.00236523 -0.31124044
v 0.38479567 0.00236523 0.31124046
v -0.38479569 0.00236523 0.31124044
v -0.38479567 0.00236523 -0.31124046
v -0.44893299 0.07356698 -0.14802389
v -0.44897060 0.07353009 0.14794654
v 0.44893299 0.07356698 0.14802389
v 0.44897060 0.07353009 -0.14794654
v 0.03940664 -0.00097658 -0.49438663
v -0.03940664 -0.00097658 -0.49438663
v 0.43370519 0.00865266 -0.23430984
v 0.43370362 0.00865320 0.23431238
v -0.43370519 0.00865266 0.23430984
v -0.43370362 0.00865320 -0.23431238
v -0.30717760 0.07357274 -0.35929393
v -0.30717760 0.07357274 0.35929392
v 0.30717760 0.07357274 0.35929393
v 0.30717760 0.07357274 -0.35929393
v 0.05261112 0.00265371 -0.49201764
v 0.05251370 0.00784194 0.49040079
v -0.05135464 0.00866996 0.49026388
v -0.05261112 0.00265371 -0.49201764
v -0.21490114 0.07366865 -0.42099813
v -0.21490201 0.07366965 0.42099734
v 0.21490036 0.07366793 0.42099878
v 0.21490114 0.07366865 -0.42099813
v 0.47347898 0.00790951 -0.13801267
v 0.47341162 0.00801826 0.13812252
v -0.47347898 0.00790951 0.13801267
v -0.47341162 0.00801826 -0.13812252
v -0.46912001 0.08007995 -0.03823789
v -0.46815323 0.08297590 0.03897310
v 0.46912001 0.08007995 0.03823789
v 0.46815323 0.08297590 -0.03897310
v -0.14287457 0.08245858 -0.44768831
v -0.14288563 0.08248658 0.44767561
v 0.14284408 0.08245185 0.44770024
v 0.14287457 0.08245858 -0.44768831
v 0.30731248 0.00793796 -0.38572028
v 0.30731248 0.00793795 0.38572028
v -0.30731249 0.00793796 0.38572027
v -0.30731248 0.00793795 -0.38572028
v -0.36008034 0.08258236 -0.30190037
v -0.36008035 0.08258236 0.30190036
v 0.36008034 0.08258236 0.30190037
v 0.36008035 0.08258236 -0.30190036
v 0.24402205 0.00366289 -0.43010599
v 0.24402191 0.00366267 0.43010614
v -0.24402232 0.00366310 0.43010576
v -0.24402205 0.00366289 -0.43010599
v -0.41605444 0.08322794 -0.21797066
v -0.41605583 0.08322741 0.21796837
v 0.41605444 0.08322794 0.21797066
v 0.41605583 0.08322741 -0.21796837
v 0.49117561 0.00125272 -0.06346968
v 0.49008405 0.00491411 0.06300613
v -0.49117561 0.00125272 0.06346968
v -0.49008405 0.00491411 -0.06300613
v -0.04479721 0.07918857 -0.46881841
v -0.04406195 0.08303757 0.46768240
v 0.04409012 0.08189590 0.46803738
v 0.04479721 0.07918857 -0.46881841
v 0.12974900 0.00126503 -0.47795740
v 0.12970040 0.00123340 0.47798080
v -0.12976444 0.00133115 0.47793184
v -0.12974900 0.00126503 -0.47795740
v -0.44980673 0.08186588 -0.13669539
v -0.44984230 0.08182979 0.13661702
v 0.44980673 0.08186588 0.13669539
v 0.44984230 0.08182979 -0.13661702
v 0.39303151 0.00129579 -0.30132177
v 0.39303148 0.00129579 0.30132181
v -0.39303151 0.00129579 0.30132177
v -0.39303148 0.00129579 -0.30132181
v -0.29699920 0.08183563 -0.36443391
v -0.29699920 0.08183563 0.36443390
v 0.29699920 0.08183563 0.36443391
v 0.29699920 0.08183563 -0.36443391
v 0.43044603 0.00066404 -0.24531608
v 0.43044536 0.00066422 0.24531714
v -0.43044603 0.00066404 0.24531608
v -0.43044536 0.00066422 -0.24531714
v -0.22673176 0.08091956 -0.41216746
v -0.22673211 0.08091993 0.41216713
v 0.22673149 0.08091927 0.41216770
v 0.22673176 0.08091956 -0.41216746
v 0.06572410 -0.00000389 -0.49127442
v 0.06378410 0.00028218 0.49144010
v -0.06313243 0.00114112 0.49125416
v -0.06572410 -0.00000389 -0.49127442
v -0.46733556 0.08086120 -0.05388783
v -0.46761674 0.08020201 0.05323974
v 0.46733556 0.08086120 0.05388783
v 0.46761674 0.08020201 -0.05323974
v 0.47863962 0.00092126 -0.12762599
v 0.47856839 0.00105976 0.12772544
v -0.47863962 0.00092126 0.12762599
v -0.47856839 0.00105976 -0.12772544
v -0.12875202 0.07962288 -0.45287178
v -0.12877511 0.07968343 0.45284558
v 0.12868314 0.07961188 0.45289492
v 0.12875202 0.07962288 -0.45287178
v 0.29965600 0.00096675 -0.39443188
v 0.29965601 0.00096674 0.39443188
v -0.29965602 0.00096675 0.39443187
v -0.29965600 0.00096675 -0.39443188
v -0.37023844 0.07972533 -0.29079776
v -0.37023848 0.07972534 0.29079771
v 0.37023844 0.07972533 0.29079776
v 0.37023848 0.07972534 -0.29079771
v 0.25504763 0.00404982 -0.42352013
v 0.25504757 0.00404969 0.42352021
v -0.25504779 0.00404993 0.42351999
v -0.25504763 0.00404982 -0.42352013
v 0.48865869 0.00331470 -0.07653765
v 0.48830605 0.00484165 0.07570786
v -0.48865869 0.00331470 0.07653765
v -0.48830605 0.00484165 -0.07570786
v 0.11731868 0.00018678 -0.48150555
v 0.11724864 0.00013240 0.48154007
v -0.11733438 0.00029836 0.48146591
v -0.11731868 0.00018678 -0.48150555
v 0.40104650 0.00020741 -0.29114703
v 0.40104645 0.00020740 0.29114711
v -0.40104650 0.00020741 0.29114703
v -0.40104645 0.00020740 -0.29114711
v -0.23961679 0.08333269 -0.40393764
v -0.23961696 0.08333283 0.40393749
v 0.23961671 0.08333255 0.40393774
v 0.23961679 0.08333269 -0.40393764
v -0.41086869 0.07972186 -0.22984295
v -0.41086968 0.07972157 0.22984136
v 0.41086869 0.07972186 0.22984295
v 0.41086968 0.07972157 -0.22984136
v -0.46446353 0.08361271 -0.06909001
v -0.46457957 0.08329952 0.06897362
v 0.46446353 0.08361271 0.06909001
v 0.46457957 0.08329952 -0.06897362
v -0.05862439 0.07348661 -0.46908292
v -0.05709832 0.07950200 0.46738122
v 0.05695223 0.07698434 0.46819002
v 0.05862439 0.07348661 -0.46908292
v -0.11267298 0.08293923 -0.45607225
v -0.11271990 0.08304607 0.45602634
v 0.11255318 0.08293959 0.45610172
v 0.11267298 0.08293923 -0.45607225
v -0.45480097 0.07701890 -0.12486538
v -0.45486324 0.07695287 0.12471624
v 0.45480097 0.07701890 0.12486538
v 0.45486324 0.07695287 -0.12471624
v -0.37929309 0.08305944 -0.27712566
v -0.37929315 0.08305945 0.27712556
v 0.37929309 0.08305944 0.27712566
v 0.37929315 0.08305945 -0.27712556
v -0.28790665 0.07692067 -0.37359596
v -0.28790667 0.07692067 0.37359595
v 0.28790665 0.07692066 0.37359596
v 0.28790665 0.07692067 -0.37359596
v -0.27699077 0.08495647 -0.37865884
v -0.27699079 0.08495648 0.37865882
v 0.27699077 0.08495646 0.37865885
v 0.27699077 0.08495647 -0.37865884
v -0.45534065 0.08506532 -0.11286914
v -0.45538977 0.08501176 0.11274032
v 0.45534065 0.08506532 0.11286914
v 0.45538977 0.08501176 -0.11274032
v -0.06821289 0.08420827 -0.46440543
v -0.07027377 0.08518328 0.46379051
v 0.06827410 0.08494043 0.46416564
v 0.06821289 0.08420827 -0.46440543
v -0.40257447 0.08528340 -0.24071672
v -0.40257487 0.08528332 0.24071611
v 0.40257447 0.08528340 0.24071672
v 0.40257487 0.08528332 -0.24071611
v 0.49661049 -0.00335102 -0.00917100
v -0.49661049 -0.00335102 0.00917100
v 0.02954358 -0.00033201 -0.49487255
v -0.02954358 -0.00033201 -0.49487255
v 0.19682466 -0.00324410 -0.45599673
v 0.19682279 -0.00324538 0.45599797
v -0.19682599 -0.00324187 0.45599539
v -0.19682466 -0.00324410 -0.45599673
v 0.34721329 -0.00335053 -0.35517442
v 0.34721329 -0.00335053 0.35517442
v -0.34721329 -0.00335053 0.35517442
v -0.34721329 -0.00335053 -0.35517442
v 0.46046509 -0.00369392 -0.18650530
v 0.46045917 -0.00368866 0.18651554
v -0.46046509 -0.00369392 0.18650530
v -0.46045917 -0.00368866 -0.18651554
v 0.00212860 -0.00330308 0.49667565
v 0.48752988 0.02603008 -0.00149568
v -0.48752988 0.02603008 0.00149568
v 0.18570219 0.02548775 -0.45096259
v 0.18569426 0.02548303 0.45096745
v -0.18570727 0.02549687 0.45095743
v -0.18570219 0.02548775 -0.45096259
v 0.34649590 0.02563169 -0.34314628
v 0.34649590 0.02563169 0.34314628
v -0.34649590 0.02563169 0.34314628
v -0.34649590 0.02563169 -0.34314628
v 0.44843340 0.02667881 -0.19078227
v 0.44841953 0.02668930 0.19080650
v -0.44843340 0.02667881 0.19078227
v -0.44841953 0.02668930 -0.19080650
v 0.00702993 0.02670377 0.48727136
v -0.00559894 0.02623359 0.48743655
v 0.45334089 0.02672554 -0.17876862
v 0.45331879 0.02674518 0.17880796
v -0.45334089 0.02672554 0.17876862
v -0.45331879 0.02674518 -0.17880796
v 0.33733499 0.02640676 -0.35182125
v 0.33733499 0.02640676 0.35182125
v -0.33733500 0.02640676 0.35182125
v -0.33733499 0.02640676 -0.35182125
v 0.47927011 0.05252225 0.00018009
v -0.47927011 0.05252225 -0.00018009
v 0.19684413 0.02647877 -0.44587396
v 0.19683967 0.02647577 0.44587695
v -0.19684745 0.02648403 0.44587070
v -0.19684413 0.02647877 -0.44587396
v 0.17665067 0.05722542 -0.44394889
v 0.17663896 0.05722008 0.44395534
v -0.17665715 0.05723798 0.44394209
v -0.17665067 0.05722542 -0.44394889
v 0.48716346 0.02655926 -0.01408864
v 0.48771643 0.02499630 0.01160928
v -0.48716346 0.02655926 0.01408864
v -0.48771643 0.02499630 -0.01160928
v 0.34357406 0.05797560 -0.33170683
v 0.34357406 0.05797559 0.33170684
v -0.34357406 0.05797560 0.33170683
v -0.34357406 0.05797559 -0.33170684
v 0.17337779 0.02344614 -0.45652400
v 0.17336336 0.02343842 0.45653205
v -0.17338556 0.02346243 0.45651561
v -0.17337779 0.02344614 -0.45652400
v 0.43853353 0.05702475 -0.18985315
v 0.43852141 0.05703301 0.18987467
v -0.43853353 0.05702475 0.18985315
v -0.43852141 0.05703301 -0.18987467
v 0.35646748 0.02362313 -0.33369304
v 0.35646748 0.02362313 0.33369305
v -0.35646748 0.02362313 0.33369304
v -0.35646748 0.02362313 -0.33369305
v 0.01211002 0.05806202 0.47738890
v -0.00929913 0.05663558 0.47789687
v 0.44283314 0.02768579 -0.20268995
v 0.44282438 0.02769138 0.20270488
v -0.44283314 0.02768579 0.20268995
v -0.44282438 0.02769138 -0.20270488
v 0.44625965 0.05812954 -0.16993832
v 0.44623380 0.05815170 0.16998675
v -0.44625965 0.05812954 0.16993832
v -0.44623380 0.05815170 -0.16998675
v 0.01949085 0.02683112 0.48689239
v -0.01978328 0.02489248 0.48748569
v 0.32663939 0.05824107 -0.34828178
v 0.32663939 0.05824106 0.34828178
v -0.32663939 0.05824107 0.34828178
v -0.32663939 0.05824106 -0.34828178
v 0.45781912 0.02671299 -0.16697798
v 0.45778497 0.02674812 0.16703964
v -0.45781912 0.02671299 0.16697798
v -0.45778497 0.02674812 -0.16703964
v 0.19788226 0.05613472 -0.43527446
v 0.19787867 0.05613238 0.43527689
v -0.19788507 0.05613891 0.43527174
v -0.19788226 0.05613472 -0.43527446
v 0.32816053 0.02661343 -0.36030672
v 0.32816053 0.02661343 0.36030672
v -0.32816053 0.02661343 0.36030672
v -0.32816052 0.02661343 -0.36030672
v 0.47777812 0.05598555 -0.01984440
v 0.47927281 0.05129744 0.01907183
v -0.47777812 0.05598555 0.01984440
v -0.47927281 0.05129744 -0.01907183
v 0.20760210 0.02743321 -0.44063875
v 0.20759962 0.02743128 0.44064058
v -0.20760428 0.02743622 0.44063668
v -0.20760210 0.02743321 -0.44063875
v 0.48693005 0.02543577 -0.02770382
v 0.48590108 0.02945510 0.02339619
v -0.48693005 0.02543577 0.02770382
v -0.48590108 0.02945510 -0.02339619
v 0.15988826 0.02297204 -0.46157794
v 0.15986087 0.02295835 0.46159194
v -0.15990073 0.02300260 0.46156353
v -0.15988826 0.02297204 -0.46157794
v 0.36635153 0.02312300 -0.32304645
v 0.36635152 0.02312300 0.32304647
v -0.36635153 0.02312300 0.32304645
v -0.36635152 0.02312300 -0.32304647
v 0.43748311 0.02620984 -0.21503834
v 0.43747801 0.02621246 0.21504687
v -0.43748311 0.02620984 0.21503834
v -0.43747801 0.02621246 -0.21504687
v 0.03302950 0.02449724 0.48689118
v -0.03358569 0.02729308 0.48597912
v 0.46300148 0.02423894 -0.15447404
v 0.46294916 0.02430148 0.15456918
v -0.46300148 0.02423894 0.15447404
v -0.46294916 0.02430148 -0.15456918
v 0.31856414 0.02422041 -0.36980418
v 0.31856414 0.02422041 0.36980418
v -0.31856414 0.02422041 0.36980417
v -0.31856414 0.02422041 -0.36980418
v 0.47814360 0.05145990 -0.03736651
v 0.47757190 0.05488424 0.03032181
v -0.47814360 0.05145990 0.03736651
v -0.47757190 0.05488424 -0.03032181
v 0.21866852 0.02682938 -0.43546377
v 0.21866725 0.02682819 0.43546483
v -0.21866989 0.02683101 0.43546252
v -0.21866852 0.02682938 -0.43546377
v 0.14838975 0.04913326 -0.45683100
v 0.14833831 0.04911411 0.45685398
v -0.14841003 0.04918457 0.45680759
v -0.14838975 0.04913326 -0.45683100
v 0.48509458 0.02852440 -0.04016188
v 0.48420179 0.03131784 0.04038577
v -0.48509458 0.02852440 0.04016188
v -0.48420179 0.03131784 -0.04038577
v 0.36637869 0.04934610 -0.31051083
v 0.36637866 0.04934610 0.31051086
v -0.36637869 0.04934610 0.31051083
v -0.36637866 0.04934610 -0.31051086
v 0.14774832 0.02655638 -0.46443303
v 0.14769812 0.02653229 0.46445688
v -0.14776836 0.02661156 0.46440859
v -0.14774832 0.02655638 -0.46443303
v 0.42585874 0.05186185 -0.22032173
v 0.42585524 0.05186320 0.22032757
v -0.42585874 0.05186185 0.22032173
v -0.42585524 0.05186320 -0.22032757
v 0.37365112 0.02668810 -0.31284566
v 0.37365110 0.02668809 0.31284568
v -0.37365112 0.02668810 0.31284566
v -0.37365110 0.02668809 -0.31284568
v 0.04044163 0.05456803 -0.47692053
v 0.04245395 0.05001061 0.47817253
v -0.04258134 0.05129366 0.47775948
v -0.04044163 0.05456803 -0.47692053
v 0.43101737 0.02937463 -0.22560074
v 0.43101419 0.02937587 0.22560597
v -0.43101737 0.02937463 0.22560074
v -0.43101419 0.02937587 -0.22560597
v 0.45868079 0.04959649 -0.14208186
v 0.45860347 0.04968426 0.14223886
v -0.45868079 0.04959649 0.14208186
v -0.45860347 0.04968426 -0.14223886
v 0.04833825 0.02598020 -0.48514554
v 0.04539354 0.02797917 0.48480379
v -0.04489287 0.02911617 0.48449430
v -0.04833825 0.02598020 -0.48514554
v 0.30547817 0.04959899 -0.37048301
v 0.30547817 0.04959898 0.37048301
v -0.30547818 0.04959899 0.37048300
v -0.30547817 0.04959899 -0.37048301
v 0.46580848 0.02744785 -0.14240489
v 0.46572625 0.02755697 0.14255733
v -0.46580848 0.02744785 0.14240489
v -0.46572625 0.02755697 -0.14255733
v 0.30847716 0.02745556 -0.37695648
v 0.30847716 0.02745555 0.37695648
v -0.30847717 0.02745556 0.37695647
v -0.30847716 0.02745556 -0.37695648
v 0.22526294 0.05109196 -0.42353777
v 0.22526228 0.05109118 0.42353840
v -0.22526387 0.05109287 0.42353695
v -0.22526294 0.05109196 -0.42353777
v 0.23000299 0.02669932 -0.42963098
v 0.23000238 0.02669861 0.42963156
v -0.23000383 0.02670014 0.42963024
v -0.23000299 0.02669932 -0.42963098
v 0.47707463 0.05171214 -0.04839317
v 0.47564982 0.05580258 0.04977507
v -0.47707463 0.05171214 0.04839317
v -0.47564982 0.05580258 -0.04977507
v 0.48356183 0.02700358 -0.05966267
v 0.48359880 0.02980084 0.05171609
v -0.48356183 0.02700358 0.05966267
v -0.48359880 0.02980084 -0.05171609
v 0.13728652 0.05009083 -0.45997793
v 0.13720018 0.05006020 0.46001366
v -0.13731649 0.05017393 0.45994194
v -0.13728652 0.05009083 -0.45997793
v 0.12878459 0.02543474 -0.47040750
v 0.12867420 0.02537677 0.47045646
v -0.12882291 0.02556087 0.47035622
v -0.12878459 0.02543474 -0.47040750
v 0.37354267 0.05024914 -0.30140631
v 0.37354264 0.05024913 0.30140636
v -0.37354267 0.05024914 0.30140631
v -0.37354264 0.05024913 -0.30140636
v 0.38643458 0.02552505 -0.29750552
v 0.38643451 0.02552504 0.29750561
v -0.38643458 0.02552505 0.29750552
v -0.38643451 0.02552504 -0.29750561
v 0.41992097 0.05265266 -0.23092696
v 0.41991881 0.05265333 0.23093046
v -0.41992097 0.05265266 0.23092696
v -0.41991881 0.05265333 -0.23093046
v 0.42257897 0.02611223 -0.24308363
v 0.42257761 0.02611254 0.24308581
v -0.42257897 0.02611223 0.24308363
v -0.42257761 0.02611254 -0.24308581
v 0.05439576 0.05115849 0.47660133
v -0.05493018 0.05176695 0.47634902
v 0.06107926 0.02365308 -0.48443814
v 0.06468397 0.02526996 0.48346128
v -0.06133220 0.02446990 0.48414941
v -0.06107926 0.02365308 -0.48443814
v 0.46188913 0.05058421 -0.13014616
v 0.46177628 0.05072092 0.13038919
v -0.46188913 0.05058421 0.13014616
v -0.46177628 0.05072092 -0.13038919
v 0.47144211 0.02391908 -0.12677667
v 0.47130523 0.02413934 0.12702089
v -0.47144211 0.02391908 0.12677667
v -0.47130523 0.02413934 -0.12702089
v 0.29566226 0.05056824 -0.37797909
v 0.29566226 0.05056823 0.37797910
v -0.29566228 0.05056824 0.37797908
v -0.29566226 0.05056824 -0.37797909
v 0.29617217 0.02396153 -0.38807101
v 0.29617217 0.02396151 0.38807101
v -0.29617219 0.02396153 0.38807099
v -0.29617217 0.02396153 -0.38807101
v 0.23577450 0.05317593 -0.41703104
v 0.23577417 0.05317546 0.41703140
v -0.23577506 0.05317643 0.41703054
v -0.23577450 0.05317593 -0.41703104
v 0.47418394 0.05446637 -0.06533497
v 0.47432911 0.05534683 0.06219463
v -0.47418394 0.05446637 0.06533497
v -0.47432911 0.05534683 -0.06219463
v 0.12000006 0.05345955 -0.46370222
v 0.11982067 0.05340339 0.46376670
v -0.12005186 0.05361609 0.46363838
v -0.12000006 0.05345955 -0.46370222
v 0.38359208 0.05360018 -0.28676623
v 0.38359198 0.05360016 0.28676637
v -0.38359208 0.05360018 0.28676623
v -0.38359198 0.05360016 -0.28676637
v 0.03608879 0.02592839 -0.48622643
v -0.03608879 0.02592839 -0.48622643
v 0.38872118 0.05624678 -0.27835888
v 0.38872101 0.05624677 0.27835912
v -0.38872118 0.05624678 0.27835888
v -0.38872101 0.05624677 -0.27835912
v 0.11033058 0.05607209 -0.46526023
v 0.11006065 0.05599762 0.46534802
v -0.11039298 0.05628593 0.46517689
v -0.11033058 0.05607209 -0.46526023
v 0.47203918 0.05680561 -0.07483460
v 0.47227553 0.05619048 0.07456833
v -0.47203918 0.05680561 0.07483460
v -0.47227553 0.05619048 -0.07456833
v 0.24712715 0.05496486 -0.40975412
v 0.24712701 0.05496459 0.40975430
v -0.24712747 0.05496510 0.40975384
v -0.24712715 0.05496486 -0.40975412
v 0.41293381 0.05205046 -0.24357052
v 0.41293258 0.05205073 0.24357243
v -0.41293381 0.05205046 0.24357052
v -0.41293258 0.05205073 -0.24357243
v 0.07138835 0.05252659 -0.47392223
v 0.06862276 0.05097240 0.47482031
v -0.06957559 0.05150515 0.47451371
v -0.07138835 0.05252659 -0.47392223
v 0.46549521 0.05102539 -0.11602483
v 0.46532749 0.05123291 0.11642934
v -0.46549521 0.05102539 0.11602483
v -0.46532749 0.05123291 -0.11642934
v 0.28400730 0.05095379 -0.38666373
v 0.28400730 0.05095375 0.38666374
v -0.28400734 0.05095380 0.38666369
v -0.28400730 0.05095379 -0.38666373
v -0.38876217 0.08447452 -0.26289054
v -0.38876230 0.08447451 0.26289034
v 0.38876217 0.08447452 0.26289054
v 0.38876230 0.08447451 -0.26289034
v -0.09586145 0.08423396 -0.45948717
v -0.09599356 0.08445130 0.45939035
v 0.09565991 0.08428948 0.45951149
v 0.09586145 0.08423396 -0.45948717
v -0.46133117 0.08463544 -0.08587145
v -0.46138929 0.08453120 0.08573675
v 0.46133117 0.08463544 0.08587145
v 0.46138929 0.08453120 -0.08573675
v -0.25412812 0.08439823 -0.39457406
v -0.25412819 0.08439828 0.39457399
v 0.25412809 0.08439817 0.39457410
v 0.25412812 0.08439823 -0.39457406
v -0.26582034 0.08857687 -0.38521137
v -0.26582037 0.08857689 0.38521134
v 0.26582033 0.08857684 0.38521138
v 0.26582034 0.08857687 -0.38521137
v -0.45716192 0.08869861 -0.10007844
v -0.45720181 0.08864653 0.09997210
v 0.45716192 0.08869861 0.10007844
v 0.45720181 0.08864653 -0.09997210
v -0.08095513 0.08832195 -0.46105199
v -0.08145552 0.08868792 0.46084795
v 0.08082092 0.08852931 0.46100988
v 0.08095513 0.08832195 -0.46105199
v -0.39560847 0.08873030 -0.24999480
v -0.39560866 0.08873027 0.24999452
v 0.39560847 0.08873030 0.24999480
v 0.39560866 0.08873027 -0.24999452
v 0.01980511 0.00180285 -0.49469155
v -0.01980511 0.00180285 -0.49469155
v 0.47966669 0.05083103 -0.01120631
v -0.47966669 0.05083103 0.01120631
v 0.47930651 0.04979759 -0.02793507
v -0.47930651 0.04979759 0.02793507
v 0.48419057 0.03342633 0.03167499
v -0.48419057 0.03342633 -0.03167499
v 0.15788968 0.04630640 -0.45456862
v 0.15785623 0.04629283 0.45458471
v -0.15790438 0.04634094 0.45455211
v -0.15788968 0.04630640 -0.45456862
v 0.20655173 0.04952862 -0.43351128
v 0.20654938 0.04952681 0.43351303
v -0.20655388 0.04953148 0.43350927
v -0.20655173 0.04952862 -0.43351128
v 0.36062994 0.04658982 -0.31846940
v 0.36062993 0.04658982 0.31846941
v -0.36062994 0.04658982 0.31846940
v -0.36062993 0.04658982 -0.31846941
v 0.31964459 0.05158881 -0.35750011
v 0.31964459 0.05158881 0.35750011
v -0.31964459 0.05158881 0.35750011
v -0.31964459 0.05158881 -0.35750012
v 0.43098118 0.04970517 -0.21165536
v 0.43097579 0.04970777 0.21166450
v -0.43098118 0.04970517 0.21165536
v -0.43097579 0.04970777 -0.21166450
v 0.45206160 0.05158579 -0.16006315
v 0.45202065 0.05162559 0.16014157
v -0.45206160 0.05158579 0.16006315
v -0.45202065 0.05162559 -0.16014157
v 0.03288672 0.04739656 0.47974279
v -0.03253652 0.04923520 0.47919194
v 0.02346521 0.05167765 0.47895909
v -0.02182729 0.05499105 0.47800211
v 0.45641905 0.04713054 -0.15164476
v 0.45636131 0.04719250 0.15175719
v -0.45641905 0.04713054 0.15164476
v -0.45636131 0.04719250 -0.15175719
v 0.43390268 0.05545267 -0.20137814
v 0.43389485 0.05545728 0.20139160
v -0.43390268 0.05545267 0.20137814
v -0.43389485 0.05545728 -0.20139160
v 0.31347966 0.04712688 -0.36475482
v 0.31347967 0.04712687 0.36475482
v -0.31347967 0.04712688 0.36475482
v -0.31347966 0.04712688 -0.36475482
v 0.35312099 0.05106933 -0.32471522
v 0.35312099 0.05106933 0.32471523
v -0.35312099 0.05106933 0.32471522
v -0.35312099 0.05106933 -0.32471523
v 0.21532906 0.05008271 -0.42902577
v 0.21532770 0.05008147 0.42902688
v -0.21533053 0.05008443 0.42902443
v -0.21532906 0.05008271 -0.42902577
v 0.16650281 0.05064676 -0.45004187
v 0.16648109 0.05063773 0.45005290
v -0.16651316 0.05066944 0.45003050
v -0.16650281 0.05064676 -0.45004187
v 0.47780277 0.05180413 0.04023807
v -0.47780277 0.05180413 -0.04023807
v 0.48340678 0.03119727 -0.04936407
v -0.48340678 0.03119727 0.04936407
v 0.48054040 0.04810320 0.01018365
v -0.48054040 0.04810320 -0.01018365
v 0.13851399 0.02949551 -0.46631412
v 0.13843556 0.02945812 0.46634957
v -0.13854255 0.02958092 0.46627785
v -0.13851399 0.02949551 -0.46631412
v 0.37892784 0.02961314 -0.30498030
v 0.37892780 0.02961314 0.30498035
v -0.37892784 0.02961314 0.30498030
v -0.37892780 0.02961314 -0.30498035
v 0.42595463 0.03150760 -0.23363974
v 0.42595243 0.03150828 0.23364331
v -0.42595463 0.03150760 0.23363974
v -0.42595243 0.03150828 -0.23364331
v 0.04936655 0.04873316 -0.47790889
v -0.04936655 0.04873316 -0.47790889
v 0.05470526 0.03033928 0.48310079
v -0.05389641 0.03037643 0.48318004
v 0.00084632 0.05036764 0.47994135
v 0.46784569 0.02932585 -0.13344238
v 0.46773247 0.02948758 0.13365526
v -0.46784569 0.02932585 0.13344238
v -0.46773247 0.02948758 -0.13365526
v 0.44425935 0.05065690 -0.18136002
v 0.44424034 0.05067200 0.18139415
v -0.44425935 0.05065690 0.18136002
v -0.44424034 0.05067200 -0.18139415
v 0.30097070 0.02934411 -0.38222710
v 0.30097070 0.02934410 0.38222711
v -0.30097072 0.02934411 0.38222709
v -0.30097070 0.02934411 -0.38222710
v 0.33684527 0.05049957 -0.34181893
v 0.33684527 0.05049957 0.34181894
v -0.33684527 0.05049957 0.34181893
v -0.33684527 0.05049957 -0.34181894
v 0.24240119 0.02646576 -0.42284373
v 0.24240094 0.02646536 0.42284401
v -0.24240166 0.02646614 0.42284331
v -0.24240119 0.02646576 -0.42284373
v 0.18816962 0.04954692 -0.44179448
v 0.18816247 0.04954300 0.44179885
v -0.18817418 0.04955496 0.44178981
v -0.18816962 0.04954692 -0.44179448
v 0.05947592 0.04971939 -0.47644636
v -0.05947592 0.04971939 -0.47644636
v 0.47656210 0.04997597 -0.05788131
v -0.47656210 0.04997597 0.05788131
v 0.48239697 0.02846918 0.06511262
v -0.48239697 0.02846918 -0.06511262
v 0.12795175 0.04865905 -0.46312474
v 0.12782019 0.04861140 0.46317648
v -0.12799375 0.04878289 0.46307307
v -0.12795175 0.04865905 -0.46312474
v 0.38002151 0.04879623 -0.29393658
v 0.38002145 0.04879622 0.29393668
v -0.38002151 0.04879623 0.29393658
v -0.38002145 0.04879622 -0.29393668
v 0.03267096 0.04857193 -0.47939013
v -0.03267096 0.04857193 -0.47939013
v 0.25164130 0.03096241 -0.41577250
v 0.25164117 0.03096215 0.41577267
v -0.25164161 0.03096262 0.41577224
v -0.25164130 0.03096241 -0.41577250
v 0.48140960 0.02805733 -0.07291328
v 0.47955434 0.03235875 0.07612266
v -0.48140960 0.02805733 0.07291328
v -0.47955434 0.03235875 -0.07612266
v 0.11409424 0.02606534 -0.47398249
v 0.11390490 0.02595150 0.47406454
v -0.11416067 0.02629862 0.47389166
v -0.11409424 0.02606534 -0.47398249
v 0.39535747 0.02615115 -0.28520742
v 0.39535733 0.02615114 0.28520763
v -0.39535747 0.02615115 0.28520742
v -0.39535733 0.02615114 -0.28520763
v 0.07032220 0.02496027 -0.48277100
v -0.06947925 0.02836592 0.48181996
v -0.07032220 0.02496027 -0.48277100
v 0.47220773 0.02826889 -0.11843635
v 0.47201693 0.02858497 0.11879121
v -0.47220773 0.02826889 0.11843635
v -0.47201693 0.02858497 -0.11879121
v 0.28877671 0.02831916 -0.39191843
v 0.28877671 0.02831913 0.39191844
v -0.28877675 0.02831916 0.39191840
v -0.28877671 0.02831916 -0.39191843
v 0.02393352 0.02634367 -0.48684644
v -0.02393352 0.02634367 -0.48684644
v 0.41761742 -0.00444022 -0.26951683
v 0.41761728 -0.00444021 0.26951705
v -0.41761742 -0.00444022 0.26951683
v -0.41761728 -0.00444021 -0.26951705
v 0.09108062 -0.00441902 -0.48861170
v 0.09095852 -0.00455247 0.48867677
v -0.09094637 -0.00413872 0.48854778
v -0.09108062 -0.00441902 -0.48861170
v 0.48689945 -0.00443316 -0.09985176
v 0.48678756 -0.00408495 0.09985677
v -0.48689945 -0.00443316 0.09985176
v -0.48678756 -0.00408495 -0.09985677
v 0.27697062 -0.00426535 -0.41264598
v 0.27697062 -0.00426537 0.41264599
v -0.27697065 -0.00426533 0.41264595
v -0.27697062 -0.00426535 -0.41264598
v 0.26587028 0.04676355 -0.40092091
v 0.26587025 0.04676344 0.40092097
v -0.26587041 0.04676362 0.40092079
v -0.26587028 0.04676355 -0.40092091
v 0.47179987 0.04713177 -0.09337555
v 0.47146290 0.04743938 0.09457575
v -0.47179987 0.04713177 0.09337555
v -0.47146290 0.04743938 -0.09457575
v 0.09276857 0.04588731 0.47231512
v -0.09341308 0.04647719 0.47200054
v 0.09327161 0.04612363 -0.47214091
v -0.09327161 0.04612363 -0.47214091
v 0.40163497 0.04635559 -0.26502144
v 0.40163453 0.04635561 0.26502209
v -0.40163497 0.04635559 0.26502144
v -0.40163453 0.04635561 -0.26502209
v 0.38872468 0.04807999 -0.28270633
v 0.38872453 0.04807997 0.28270654
v -0.38872468 0.04807999 0.28270633
v -0.38872453 0.04807997 -0.28270654
v 0.11409880 0.04784768 0.46699129
v -0.11439754 0.04814042 0.46682420
v 0.11433085 0.04793410 -0.46690678
v -0.11433085 0.04793410 -0.46690678
v 0.47503508 0.04884234 -0.07171415
v -0.47503508 0.04884234 0.07171415
v -0.38090234 0.09135917 -0.27046292
v -0.38090239 0.09135917 0.27046284
v 0.38090234 0.09135917 0.27046292
v 0.38090239 0.09135917 -0.27046284
v -0.10587684 0.09126898 -0.45503094
v -0.10592095 0.09135002 0.45499473
v 0.10579696 0.09128294 0.45504505
v 0.10587684 0.09126898 -0.45503094
v -0.46108507 0.09153772 -0.07473501
v 0.46108507 0.09153772 0.07473501
v -0.46112814 0.09143336 0.07467262
v 0.46112814 0.09143336 -0.07467262
v -0.24379742 0.09140841 -0.39847868
v -0.24379748 0.09140846 0.39847862
v 0.24379739 0.09140836 0.39847871
v 0.24379742 0.09140841 -0.39847868
v -0.39481517 0.06918551 -0.26242447
v -0.39481548 0.06918549 0.26242401
v 0.39481517 0.06918551 0.26242447
v 0.39481548 0.06918549 -0.26242401
v -0.09332316 0.06880868 -0.46491703
v 0.09332316 0.06880868 -0.46491703
v -0.09340214 0.06915195 0.46479197
v 0.09284137 0.06880206 0.46501559
v -0.46522613 0.06940350 -0.09080641
v -0.46533897 0.06928482 0.09042067
v 0.46522613 0.06940350 0.09080641
v 0.46533897 0.06928482 -0.09042067
v -0.26003610 0.06893679 -0.39648504
v -0.26003622 0.06893687 0.39648494
v 0.26003607 0.06893670 0.39648510
v 0.26003610 0.06893679 -0.39648504
v 0.39152225 -0.00605874 -0.30701138
v 0.39152224 -0.00605874 0.30701140
v -0.39152225 -0.00605874 0.30701138
v -0.39152224 -0.00605874 -0.30701140
v 0.13555591 -0.00607692 -0.47872319
v 0.13553568 -0.00608944 0.47873298
v -0.13556277 -0.00605052 0.47871270
v -0.13555591 -0.00607692 -0.47872319
v 0.49364809 -0.00496903 0.05932256
v -0.49364809 -0.00496903 -0.05932256
v 0.49422571 -0.00591061 -0.05692663
v -0.49422571 -0.00591061 0.05692663
v -0.37196580 0.09017187 -0.28323898
v -0.37196583 0.09017188 0.28323894
v 0.37196580 0.09017187 0.28323898
v 0.37196583 0.09017188 -0.28323894
v 0.24213679 -0.00568293 -0.43450987
v 0.24213669 -0.00568306 0.43450997
v -0.24213694 -0.00568280 0.43450974
v -0.24213679 -0.00568293 -0.43450987
v -0.12109773 0.09011621 -0.45159102
v -0.12111499 0.09015806 0.45157288
v 0.12105089 0.09011354 0.45160444
v 0.12109773 0.09011621 -0.45159102
v -0.46358338 0.09059416 -0.05958360
v 0.46358338 0.09059416 0.05958360
v -0.46368412 0.09035106 0.05939413
v 0.46368412 0.09035106 -0.05939413
v -0.23070410 0.09053874 -0.40651140
v -0.23070423 0.09053887 0.40651129
v 0.23070402 0.09053863 0.40651149
v 0.23070410 0.09053874 -0.40651140
v -0.28909980 0.08881619 -0.36796698
v -0.28909981 0.08881619 0.36796697
v 0.28909980 0.08881619 0.36796698
v 0.28909980 0.08881619 -0.36796698
v -0.45007644 0.08885369 -0.12805719
v -0.45010302 0.08882615 0.12799515
v 0.45007644 0.08885369 0.12805719
v 0.45010302 0.08882615 -0.12799515
v 0.38282497 -0.00637194 -0.31794325
v 0.38282496 -0.00637194 0.31794326
v -0.38282497 -0.00637194 0.31794325
v -0.38282496 -0.00637194 -0.31794326
v 0.05216177 0.08884487 0.46502599
v -0.05054047 0.09011057 0.46480793
v 0.14895576 -0.00639270 -0.47482785
v 0.14894388 -0.00639949 0.47483380
v -0.14896040 -0.00637822 0.47482167
v -0.14895576 -0.00639270 -0.47482785
v -0.41095541 0.09021313 -0.22290469
v -0.41095600 0.09021292 0.22290373
v 0.41095541 0.09021313 0.22290469
v 0.41095600 0.09021292 -0.22290373
v 0.49543563 -0.00522137 0.04277159
v -0.49543563 -0.00522137 -0.04277159
v 0.49569318 -0.00600644 -0.04263457
v -0.49569318 -0.00600644 0.04263457
v -0.36267190 0.09005260 -0.29510465
v -0.36267191 0.09005260 0.29510464
v 0.36267190 0.09005260 0.29510465
v 0.36267191 0.09005260 -0.29510464
v 0.22807796 -0.00648955 -0.44233451
v 0.22807774 -0.00648977 0.44233470
v -0.22807822 -0.00648926 0.44233427
v -0.22807796 -0.00648955 -0.44233451
v -0.13559909 0.08999605 -0.44748971
v -0.13560749 0.09001818 0.44747995
v 0.13557446 0.08999161 0.44749861
v 0.13559909 0.08999605 -0.44748971
v -0.46553270 0.08971097 -0.04468340
v 0.46553270 0.08971097 0.04468340
v 0.32330452 -0.00652683 -0.37837169
v 0.32330452 -0.00652683 0.37837169
v -0.32330452 -0.00652683 0.37837169
v -0.32330452 -0.00652683 -0.37837169
v 0.47273377 -0.00653379 -0.15561456
v 0.47272018 -0.00651547 0.15563756
v -0.47273377 -0.00653379 0.15561456
v -0.47272018 -0.00651547 -0.15563756
v -0.03459959 -0.00637284 0.49643329
v 0.03547032 -0.00649907 0.49641131
v 0.44596603 -0.00571271 -0.22034651
v 0.44596464 -0.00571196 0.22034881
v -0.44596603 -0.00571271 0.22034651
v -0.44596464 -0.00571196 -0.22034881
v -0.00604323 -0.00759354 0.49798159
v 0.37363347 -0.00668884 -0.32884536
v 0.37363347 -0.00668884 0.32884536
v -0.37363347 -0.00668884 0.32884536
v -0.37363347 -0.00668884 -0.32884536
v 0.45865709 -0.00803310 -0.19440273
v 0.45865432 -0.00803084 0.19440747
v -0.45865709 -0.00803310 0.19440273
v -0.45865432 -0.00803084 -0.19440747
v 0.16251175 -0.00670865 -0.47046501
v 0.16250564 -0.00671211 0.47046826
v -0.16251458 -0.00670143 0.47046165
v -0.16251175 -0.00670865 -0.47046501
v -0.46535586 0.09027016 0.04470055
v 0.46535586 0.09027016 -0.04470055
v 0.35391996 -0.00759191 -0.35037458
v 0.35391996 -0.00759191 0.35037458
v -0.35391996 -0.00759191 0.35037458
v -0.35391996 -0.00759191 -0.35037458
v 0.49664022 -0.00568936 0.02792024
v -0.49664022 -0.00568936 -0.02792024
v 0.04817816 -0.00655471 -0.49535691
v -0.04817816 -0.00655471 -0.49535691
v -0.21565889 0.08770511 -0.41568504
v -0.21565926 0.08770555 0.41568470
v 0.21565855 0.08770481 0.41568532
v 0.21565889 0.08770511 -0.41568504
v 0.49675038 -0.00615419 -0.02853673
v -0.49675038 -0.00615419 0.02853673
v 0.18987727 -0.00756153 -0.46038991
v 0.18987569 -0.00756255 0.46039090
v -0.18987830 -0.00755967 0.46038886
v -0.18987727 -0.00756153 -0.46038991
v 0.36378747 -0.00647987 -0.33961014
v 0.36378747 -0.00647987 0.33961014
v -0.36378747 -0.00647987 0.33961014
v -0.36378747 -0.00647987 -0.33961014
v 0.21524619 -0.00596745 -0.44853808
v 0.21524566 -0.00596789 0.44853849
v -0.21524668 -0.00596679 0.44853762
v -0.21524619 -0.00596745 -0.44853808
v 0.49800632 -0.00755925 -0.00111607
v -0.49800632 -0.00755925 0.00111607
v 0.17618325 -0.00648565 -0.46544347
v 0.17617990 -0.00648763 0.46544540
v -0.17618509 -0.00648173 0.46544147
v -0.17618325 -0.00648565 -0.46544347
v 0.33355960 -0.00624896 -0.36924611
v 0.33355960 -0.00624896 0.36924611
v -0.33355960 -0.00624896 0.36924611
v -0.33355960 -0.00624896 -0.36924611
v 0.49750075 -0.00650095 0.01326306
v -0.49750075 -0.00650095 -0.01326306
v -0.02040916 -0.00674026 0.49733356
v -0.46676162 0.08955235 -0.02995277
v 0.46676162 0.08955235 0.02995277
v 0.46817523 -0.00626916 -0.16859098
v 0.46816654 -0.00625929 0.16860602
v -0.46817523 -0.00626916 0.16859098
v -0.46816654 -0.00625929 -0.16860602
v 0.45245359 -0.00649374 -0.20728343
v 0.45245141 -0.00649226 0.20728709
v -0.45245359 -0.00649374 0.20728343
v -0.45245141 -0.00649226 -0.20728709
v 0.02172454 -0.00620180 0.49710975
v -0.02246618 0.08637688 -0.46817328
v 0.02246618 0.08637688 -0.46817328
v 0.49237259 -0.00462184 0.06833141
v -0.49237259 -0.00462184 -0.06833141
v 0.24991671 -0.00517324 -0.42989833
v 0.24991665 -0.00517333 0.42989840
v -0.24991683 -0.00517315 0.42989823
v -0.24991671 -0.00517324 -0.42989833
v 0.49238958 -0.00583213 -0.07090731
v -0.49238958 -0.00583213 0.07090731
v -0.15369623 0.08789096 -0.44229628
v -0.15370093 0.08790235 0.44229088
v 0.15368437 0.08788771 0.44230147
v 0.15369623 0.08789096 -0.44229628
v -0.35099626 0.08803337 -0.30985249
v -0.35099626 0.08803337 0.30985249
v 0.35099626 0.08803337 0.30985249
v 0.35099626 0.08803337 -0.30985249
v -0.05452280 0.08695723 -0.46534780
v 0.05452280 0.08695723 -0.46534780
v -0.41966008 0.08845136 -0.20729280
v -0.41966161 0.08845062 0.20729022
v 0.41966008 0.08845136 0.20729280
v 0.41966161 0.08845062 -0.20729022
v 0.03246463 0.08788266 0.46711562
v -0.03275558 0.08833457 0.46695402
v -0.44454598 0.08786791 -0.14708545
v -0.44456262 0.08785187 0.14705108
v 0.44454598 0.08786791 0.14708545
v 0.44456262 0.08785187 -0.14705108
v -0.30463438 0.08788216 -0.35559668
v -0.30463438 0.08788216 0.35559668
v 0.30463438 0.08788216 0.35559668
v 0.30463438 0.08788216 -0.35559668
v -0.20549743 0.08602526 -0.42138410
v -0.20549808 0.08602617 0.42138347
v 0.20549668 0.08602472 0.42138466
v 0.20549743 0.08602526 -0.42138410
v -0.02445657 0.09208760 0.46629010
v -0.30998735 0.09195199 -0.34924478
v -0.30998735 0.09195199 0.34924478
v 0.30998735 0.09195199 0.34924478
v 0.30998735 0.09195199 -0.34924478
v -0.42219676 0.09215837 -0.19938372
v -0.42219801 0.09215769 0.19938157
v 0.42219676 0.09215837 0.19938372
v 0.42219801 0.09215769 -0.19938157
v -0.44070182 0.09192740 -0.15444464
v -0.44071048 0.09191946 0.15442744
v 0.44070182 0.09192740 0.15444464
v 0.44071048 0.09191946 -0.15442744
v 0.02418126 0.09193035 0.46635357
v -0.34448493 0.09199093 -0.31525048
v -0.34448493 0.09199093 0.31525048
v 0.34448493 0.09199093 0.31525048
v 0.34448493 0.09199093 -0.31525048
v -0.16116542 0.09186860 -0.43830820
v -0.16116776 0.09187400 0.43830554
v 0.16115997 0.09186693 0.43831075
v 0.16116542 0.09186860 -0.43830820
v -0.46846716 0.08658421 -0.01299448
v 0.46846716 0.08658421 0.01299448
v -0.46748028 0.08752631 0.02858721
v 0.46748028 0.08752631 -0.02858721
v 0.05166513 -0.00364524 0.49409307
v 0.43752382 -0.00319953 -0.23501503
v 0.43752297 -0.00319922 0.23501640
v -0.43752382 -0.00319953 0.23501503
v -0.43752297 -0.00319922 -0.23501640
v -0.05102073 -0.00315805 0.49400727
v 0.47662031 -0.00345396 0.13989658
v -0.47662031 -0.00345396 -0.13989658
v 0.47665518 -0.00351313 -0.13984330
v -0.47665518 -0.00351313 0.13984330
v 0.31020791 -0.00349577 -0.38797163
v 0.31020791 -0.00349577 0.38797163
v -0.31020791 -0.00349577 0.38797162
v -0.31020791 -0.00349577 -0.38797163
v -0.03564225 0.08848784 -0.46669462
v 0.03564225 0.08848784 -0.46669462
v 0.10449148 0.02968869 -0.47503463
v -0.10449148 0.02968869 -0.47503463
v -0.10460834 0.03003180 0.47489935
v 0.10422008 0.02951314 0.47515030
v 0.40000768 0.02979181 -0.27665673
v 0.40000743 0.02979180 0.27665710
v -0.40000768 0.02979181 0.27665673
v -0.40000743 0.02979180 -0.27665710
v 0.28414107 0.08741116 0.37236075
v -0.28414108 0.08741118 0.37236074
v -0.28414107 0.08741117 -0.37236075
v 0.28414107 0.08741117 -0.37236075
v -0.45228407 0.08743553 0.12174020
v 0.45228407 0.08743553 -0.12174020
v -0.45224941 0.08747232 -0.12182481
v 0.45224941 0.08747232 0.12182481
v 0.05876893 0.08743025 0.46468195
v -0.02964092 0.08783148 -0.46731929
v 0.02964092 0.08783148 -0.46731929
v -0.03228251 0.12391739 0.41594396
v 0.14593134 0.12401543 0.39064008
v -0.14614072 0.12396947 0.39065535
v 0.24853365 0.12389242 0.33514519
v -0.24853440 0.12389238 0.33514472
v 0.33190253 0.12328494 0.25475428
v -0.33190253 0.12328494 0.25475428
v 0.38913812 0.12334367 0.15341733
v -0.38913812 0.12334367 0.15341733
v 0.41474366 0.12419181 0.04003753
v -0.41474366 0.12419181 0.04003753
v 0.40963433 0.12420226 -0.07614739
v -0.40963433 0.12420226 -0.07614739
v 0.37264944 0.12419182 -0.18640731
v -0.37264944 0.12419182 -0.18640731
v 0.30765987 0.12363008 -0.28258498
v -0.30765987 0.12363008 -0.28258498
v 0.21765469 0.12361230 -0.35660011
v -0.21765469 0.12361230 -0.35660011
v 0.11040920 0.12375243 -0.40264606
v -0.11040920 0.12375243 -0.40264606
v 0.12226612 0.12492677 -0.39686350
v -0.12226612 0.12492677 -0.39686350
v 0.22736281 0.12483810 -0.34770133
v -0.22736281 0.12483810 -0.34770133
v 0.31448404 0.12486860 -0.27136976
v -0.31448404 0.12486860 -0.27136976
v 0.37643925 0.12528425 -0.17371693
v -0.37643925 0.12528425 -0.17371693
v 0.40977714 0.12529053 -0.06290348
v -0.40977714 0.12529053 -0.06290348
v 0.41123499 0.12527207 0.05281214
v -0.41123499 0.12527207 0.05281214
v 0.38272197 0.12430024 0.16421623
v -0.38272197 0.12430024 0.16421623
v 0.32264183 0.12427057 0.26342447
v -0.32264183 0.12427057 0.26342447
v 0.23701633 0.12507342 0.34064757
v -0.23701785 0.12507332 0.34064676
v 0.13322169 0.12520280 0.39276563
v -0.13358467 0.12512049 0.39280806
v 0.01489988 0.12611051 0.41274501
v -0.01948762 0.12503154 0.41461309
v 0.09935671 0.12658885 0.39994533
v -0.10088546 0.12630543 0.40011969
v 0.20756101 0.12629697 0.35665863
v -0.20756942 0.12629583 0.35665625
v 0.29929492 0.12538795 0.28660557
v -0.29929494 0.12538795 0.28660556
v 0.36679792 0.12535866 0.19293981
v -0.36679792 0.12535866 0.19293981
v 0.40344670 0.12637137 0.08602720
v -0.40344670 0.12637137 0.08602720
v 0.41135989 0.12644740 -0.02886848
v -0.41135989 0.12644740 -0.02886848
v 0.38735755 0.12644639 -0.14144277
v -0.38735755 0.12644639 -0.14144277
v 0.33340820 0.12630694 -0.24312596
v -0.33340820 0.12630694 -0.24312596
v 0.25365097 0.12620030 -0.32573036
v -0.25365097 0.12620030 -0.32573036
v 0.15370350 0.12622356 -0.38311578
v -0.15370350 0.12622356 -0.38311578
v 0.04165778 0.12720188 -0.40881631
v -0.04165778 0.12720188 -0.40881631
v 0.07444857 0.12618697 -0.40610032
v -0.07444857 0.12618697 -0.40610032
v 0.18452835 0.12574250 -0.37028335
v -0.18452835 0.12574250 -0.37028335
v 0.27967531 0.12574111 -0.30486780
v -0.27967531 0.12574111 -0.30486780
v 0.35190004 0.12613520 -0.21612016
v -0.35190004 0.12613520 -0.21612016
v 0.39784746 0.12617688 -0.11042349
v -0.39784746 0.12617688 -0.11042349
v 0.41287305 0.12617500 0.00384041
v -0.41287305 0.12617500 0.00384041
v 0.39620844 0.12588270 0.11814509
v -0.39620844 0.12588270 0.11814509
v 0.34928267 0.12559637 0.22224463
v -0.34928267 0.12559637 0.22224463
v 0.27444842 0.12577011 0.30950764
v -0.27444853 0.12577011 0.30950755
v 0.17775869 0.12610366 0.37281776
v -0.17780054 0.12609557 0.37281490
v 0.06568946 0.12548954 0.40895552
v -0.06778218 0.12608803 0.40745728
v 0.02174115 0.12479774 -0.41494737
v -0.02174115 0.12479774 -0.41494737
v 0.00621565 0.11500937 0.43413275
v 0.11370349 0.11541479 0.41822342
v -0.11438937 0.11535766 0.41814927
v 0.22550852 0.11534671 0.37026713
v -0.22551282 0.11534629 0.37026543
v 0.31957855 0.11488652 0.29424964
v -0.31957856 0.11488652 0.29424964
v 0.38840005 0.11487779 0.19461027
v -0.38840005 0.11487779 0.19461027
v 0.42490513 0.11583787 0.08121855
v -0.42490513 0.11583787 0.08121855
v 0.43072072 0.11588055 -0.03937128
v -0.43072072 0.11588055 -0.03937128
v 0.40306796 0.11587908 -0.15687282
v -0.40306796 0.11587908 -0.15687282
v 0.34425431 0.11574444 -0.26226693
v -0.34425431 0.11574444 -0.26226693
v 0.25861259 0.11568087 -0.34715905
v -0.25861259 0.11568087 -0.34715905
v 0.15255738 0.11570822 -0.40506911
v -0.15255738 0.11570822 -0.40506911
v 0.03235780 0.11858045 -0.42614255
v -0.03235780 0.11858045 -0.42614255
v 0.08675799 0.11550866 -0.42444937
v -0.08675799 0.11550866 -0.42444937
v 0.20119274 0.11515594 -0.38443307
v -0.20119274 0.11515594 -0.38443307
v 0.29958153 0.11515786 -0.31387105
v -0.29958153 0.11515786 -0.31387105
v 0.37388981 0.11547073 -0.21898240
v -0.37388981 0.11547073 -0.21898240
v 0.41980185 0.11549411 -0.10711988
v -0.41980185 0.11549411 -0.10711988
v 0.43306055 0.11549174 0.01306657
v -0.43306055 0.11549174 0.01306657
v 0.41316922 0.11516960 0.13242323
v -0.41316922 0.11516960 0.13242323
v 0.36109774 0.11501287 0.24106534
v -0.36109774 0.11501287 0.24106534
v 0.28050692 0.11517062 0.33099682
v -0.28050705 0.11517062 0.33099671
v 0.17790311 0.11533057 0.39538463
v -0.17795219 0.11532222 0.39538000
v 0.06032412 0.11485469 0.43026390
v -0.06170120 0.11531039 0.42919091
v -0.00661294 0.12543268 0.41425330
v 0.12068416 0.12571842 0.39576986
v -0.12129512 0.12558215 0.39585477
v 0.22601916 0.12555487 0.34694655
v -0.22602213 0.12555459 0.34694525
v 0.31409746 0.12461866 0.27254472
v -0.31409746 0.12461866 0.27254472
v 0.37708858 0.12462608 0.17530051
v -0.37708858 0.12462608 0.17530051
v 0.40846931 0.12573827 0.06572652
v -0.40846931 0.12573827 0.06572652
v 0.41066175 0.12577032 -0.04973447
v -0.41066175 0.12577032 -0.04973447
v 0.38092416 0.12576677 -0.16130397
v -0.38092416 0.12576677 -0.16130397
v 0.32197560 0.12548594 -0.26057077
v -0.32197560 0.12548594 -0.26057077
v 0.23762444 0.12543607 -0.33938003
v -0.23762444 0.12543607 -0.33938003
v 0.13447823 0.12549044 -0.39175747
v -0.13447823 0.12549044 -0.39175747
v 0.01079609 0.13039867 -0.40469488
v -0.01079609 0.13039867 -0.40469488
v 0.09588958 0.12485721 -0.40418434
v -0.09588958 0.12485721 -0.40418434
v 0.20428260 0.12462573 -0.36220884
v -0.20428260 0.12462573 -0.36220884
v 0.29639330 0.12463445 -0.29165701
v -0.29639330 0.12463445 -0.29165701
v 0.36379929 0.12539828 -0.19837831
v -0.36379929 0.12539828 -0.19837831
v 0.40442255 0.12541688 -0.09009380
v -0.40442255 0.12541688 -0.09009380
v 0.41358027 0.12541125 0.02519438
v -0.41358027 0.12541125 0.02519438
v 0.39160866 0.12477546 0.13903941
v -0.39160866 0.12477546 0.13903941
v 0.33847427 0.12466028 0.24146845
v -0.33847427 0.12466028 0.24146845
v 0.25870977 0.12508417 0.32445303
v -0.25871013 0.12508415 0.32445278
v 0.15867662 0.12524966 0.38309333
v -0.15879049 0.12522475 0.38309756
v 0.04443586 0.12448146 0.41374014
v -0.04660937 0.12519801 0.41212619
v 0.07619617 0.12317692 0.41161335
v -0.07810310 0.12355965 0.41051307
v 0.18852362 0.12356672 0.37291910
v -0.18855001 0.12356217 0.37291548
v 0.28491725 0.12314743 0.30675828
v -0.28491731 0.12314743 0.30675823
v 0.35857756 0.12304129 0.21649498
v -0.35857756 0.12304129 0.21649498
v 0.40328199 0.12345396 0.11024130
v -0.40328199 0.12345396 0.11024130
v 0.41766639 0.12365024 -0.00561725
v -0.41766639 0.12365024 -0.00561725
v 0.39984280 0.12365116 -0.12083472
v -0.39984280 0.12365116 -0.12083472
v 0.35096962 0.12359345 -0.22668823
v -0.35096962 0.12359345 -0.22668823
v 0.27548698 0.12333975 -0.31476743
v -0.27548698 0.12333975 -0.31476743
v 0.17775779 0.12334573 -0.37863470
v -0.17775779 0.12334573 -0.37863470
v 0.06566274 0.12396712 -0.41189909
v -0.06566274 0.12396712 -0.41189909
v 0.05440194 0.12426444 -0.41296533
v -0.05440194 0.12426444 -0.41296533
v 0.16717259 0.12347083 -0.38316568
v -0.16717259 0.12347083 -0.38316568
v 0.26658307 0.12345803 -0.32205042
v -0.26658307 0.12345803 -0.32205042
v 0.34464952 0.12362316 -0.23608600
v -0.34464952 0.12362316 -0.23608600
v 0.39631116 0.12371015 -0.13160097
v -0.39631116 0.12371015 -0.13160097
v 0.41724623 0.12371014 -0.01693979
v -0.41724623 0.12371014 -0.01693979
v 0.40589028 0.12358439 0.09917022
v -0.40589028 0.12358439 0.09917022
v 0.36467708 0.12294617 0.20642316
v -0.36467708 0.12294617 0.20642316
v 0.29353972 0.12300810 0.29889026
v -0.29353975 0.12300810 0.29889023
v 0.19886011 0.12359363 0.36745283
v -0.19887581 0.12359115 0.36744971
v 0.08769672 0.12357160 0.40854781
v -0.08954696 0.12359402 0.40810251
v 0.02888216 0.12370785 0.41659434
v 0.00701694 0.11304858 -0.43785909
v -0.00701694 0.11304858 -0.43785909
v -0.00856551 0.14618133 -0.37465267
v 0.00856551 0.14618133 -0.37465267
v 0.00861876 0.10633964 -0.45062290
v -0.00861876 0.10633964 -0.45062290
v -0.00576329 0.15043411 -0.36659771
v 0.00576329 0.15043411 -0.36659771
v -0.03024745 0.12981705 -0.40481922
v 0.03024745 0.12981705 -0.40481922
v 0.00996754 0.11849541 -0.42741520
v -0.00996754 0.11849541 -0.42741520
v -0.06223493 0.13365411 0.39374458
v 0.05965525 0.13300071 0.39540347
v -0.16869053 0.13366242 0.36116321
v 0.16864434 0.13367274 0.36116306
v -0.26251284 0.13334703 0.30076913
v 0.26251273 0.13334703 0.30076923
v -0.33532387 0.13313251 0.21739287
v 0.33532387 0.13313251 0.21739287
v -0.38154924 0.13336076 0.11736412
v 0.38154924 0.13336076 0.11736412
v -0.39851161 0.13368628 0.00689831
v 0.39851161 0.13368628 0.00689831
v -0.38488731 0.13368844 -0.10352568
v 0.38488731 0.13368844 -0.10352568
v -0.34133414 0.13365329 -0.20591318
v 0.34133414 0.13365329 -0.20591318
v -0.27279111 0.13328410 -0.29164342
v 0.27279111 0.13328410 -0.29164342
v -0.18156165 0.13328381 -0.35567777
v 0.18156165 0.13328381 -0.35567777
v -0.07557566 0.13360983 -0.39148897
v 0.07557566 0.13360983 -0.39148897
v -0.03829786 0.13397829 -0.39616778
v 0.03829786 0.13397829 -0.39616778
v -0.14615766 0.13377573 -0.37062261
v 0.14615766 0.13377573 -0.37062261
v -0.24295724 0.13375161 -0.31580310
v 0.24295724 0.13375161 -0.31580310
v -0.32043668 0.13383872 -0.23653299
v 0.32043668 0.13383872 -0.23653299
v -0.37305262 0.13399179 -0.13866106
v 0.37305262 0.13399179 -0.13866106
v -0.39684385 0.13399298 -0.03013807
v 0.39684385 0.13399298 -0.03013807
v -0.38981990 0.13392963 0.08080805
v 0.38981990 0.13392963 0.08080805
v -0.35657725 0.13234740 0.18371975
v 0.35657725 0.13234740 0.18371975
v -0.29201891 0.13237049 0.27493621
v 0.29201890 0.13237049 0.27493622
v -0.20305017 0.13393370 0.34242362
v 0.20304331 0.13393472 0.34242542
v -0.10046649 0.13394470 0.38519228
v 0.09931812 0.13437318 0.38464638
v 0.01068921 0.13389199 0.39803564
v 0.00096815 0.13976929 0.38697336
v -0.10644234 0.13980801 0.37197074
v 0.10589560 0.14004611 0.37165479
v -0.20514608 0.13979376 0.32806753
v 0.20514268 0.13979423 0.32806861
v -0.29183390 0.13654569 0.26339396
v 0.29183390 0.13654569 0.26339396
v -0.35320403 0.13653860 0.17262952
v 0.35320403 0.13653860 0.17262952
v -0.37967942 0.14016376 0.07079120
v 0.37967942 0.14016376 0.07079120
v -0.38438558 0.14019802 -0.03694781
v 0.38438558 0.14019802 -0.03694781
v -0.35919494 0.14019640 -0.14177020
v 0.35919494 0.14019640 -0.14177020
v -0.30627898 0.14001825 -0.23574435
v 0.30627898 0.14001825 -0.23574435
v -0.22939863 0.13996917 -0.31117651
v 0.22939863 0.13996917 -0.31117651
v -0.13439192 0.13999594 -0.36242779
v 0.13439192 0.13999594 -0.36242779
v -0.02545404 0.13714487 -0.39115047
v 0.02545404 0.13714487 -0.39115047
v -0.33533826 0.14051185 -0.19027334
v 0.33533826 0.14051185 -0.19027334
v -0.37483810 0.14052892 -0.09014992
v 0.37483810 0.14052892 -0.09014992
v -0.38515756 0.14052604 0.01698496
v 0.38515756 0.14052604 0.01698496
v -0.36578217 0.14013968 0.12412383
v 0.36578217 0.14013968 0.12412383
v -0.31775654 0.14004339 0.21994532
v 0.31775654 0.14004339 0.21994532
v -0.24550848 0.14031346 0.29778026
v 0.24550831 0.14031346 0.29778038
v -0.15339186 0.14046895 0.35382158
v 0.15333445 0.14048407 0.35381506
v -0.04954536 0.14045810 0.38246567
v -0.05854641 0.14047411 0.38116074
v 0.05395121 0.14117434 0.38049003
v -0.16166703 0.14048059 0.35009345
v 0.16162997 0.14048964 0.35009157
v -0.25262598 0.14023212 0.29197145
v 0.25262588 0.14023212 0.29197153
v -0.32322958 0.14006724 0.21173726
v 0.32322958 0.14006724 0.21173726
v -0.36857590 0.14021408 0.11508945
v 0.36857590 0.14021408 0.11508945
v -0.38556298 0.14046546 0.00806804
v 0.38556298 0.14046546 0.00806804
v -0.37276473 0.14046724 -0.09883187
v 0.37276473 0.14046724 -0.09883187
v -0.33095943 0.14044195 -0.19805135
v 0.33095943 0.14044195 -0.19805135
v 0.23816963 0.11144135 0.37113072
v -0.23817183 0.11144118 0.37112970
v 0.33179957 0.11110316 0.29144618
v -0.33179957 0.11110316 0.29144618
v 0.39936102 0.11110574 0.18851594
v -0.39936102 0.11110574 0.18851594
v -0.03517058 0.14036158 -0.38423915
v 0.03517058 0.14036158 -0.38423915
v -0.14361003 0.14069006 -0.35744929
v 0.14361003 0.14069006 -0.35744929
v -0.23686009 0.14067366 -0.30383422
v 0.23686009 0.14067366 -0.30383422
v -0.31132654 0.14074287 -0.22669818
v 0.31132654 0.14074287 -0.22669818
v -0.36166171 0.14085403 -0.13173424
v 0.36166171 0.14085403 -0.13173424
v -0.38398352 0.14085479 -0.02662035
v 0.38398352 0.14085479 -0.02662035
v -0.37646463 0.14080237 0.08064313
v 0.37646463 0.14080237 0.08064313
v -0.34567600 0.13886573 0.17774579
v 0.34567600 0.13886573 0.17774579
v -0.28317086 0.13888512 0.26621605
v 0.28317085 0.13888512 0.26621606
v -0.19526330 0.14114475 0.33105738
v 0.19525778 0.14114567 0.33105860
v -0.09611998 0.14115225 0.37212460
v 0.09554151 0.14152764 0.37153465
v 0.01103979 0.14113430 0.38421372
v -0.02756522 0.11158903 0.43983487
v 0.14798114 0.11167075 0.41494441
v -0.14815391 0.11164374 0.41493744
v 0.25709986 0.11160683 0.35788870
v -0.25710054 0.11160680 0.35788828
v 0.34620419 0.11132283 0.27350462
v -0.34620419 0.11132283 0.27350462
v 0.40817535 0.11135203 0.16734961
v -0.40817535 0.11135203 0.16734961
v 0.43616904 0.11262421 0.04728221
v -0.43616904 0.11262421 0.04728221
v 0.43223336 0.11263319 -0.07508885
v -0.43223336 0.11263319 -0.07508885
v 0.39466080 0.11262727 -0.19161620
v -0.39466080 0.11262727 -0.19161620
v 0.32682702 0.11237916 -0.29338246
v -0.32682702 0.11237916 -0.29338246
v 0.23309284 0.11236380 -0.37226687
v -0.23309284 0.11236380 -0.37226687
v 0.12101775 0.11245237 -0.42204419
v -0.12101775 0.11245237 -0.42204419
v -0.28048574 0.13818734 -0.27096176
v 0.28048574 0.13818734 -0.27096176
v -0.19469447 0.13817873 -0.33793402
v 0.19469447 0.13817873 -0.33793402
v -0.09342368 0.13832251 -0.37836968
v 0.09342368 0.13832251 -0.37836968
v -0.01336274 0.13621229 -0.39352888
v 0.01336274 0.13621229 -0.39352888
v -0.12246241 0.13914157 -0.36834751
v 0.12246241 0.13914157 -0.36834751
v -0.21961261 0.13909424 -0.32018321
v 0.21961261 0.13909424 -0.32018321
v -0.29943720 0.13912576 -0.24705810
v 0.29943720 0.13912576 -0.24705810
v -0.35550617 0.13944726 -0.15440276
v 0.35550617 0.13944726 -0.15440276
v -0.38432945 0.13945055 -0.05010845
v 0.38432945 0.13945055 -0.05010845
v -0.38324161 0.13943003 0.05810486
v 0.38324161 0.13943003 0.05810486
v -0.35597293 0.13770917 0.16151677
v 0.35597293 0.13770917 0.16151677
v -0.29759153 0.13769950 0.25349177
v 0.29759153 0.13769950 0.25349178
v -0.21581330 0.13885360 0.32330801
v 0.21581141 0.13885380 0.32330879
v -0.11799856 0.13888073 0.37032361
v 0.11762392 0.13901535 0.37017350
v -0.01072215 0.13883473 0.38860836
v 0.39842689 0.11419591 0.17639420
v -0.39842689 0.11419591 0.17639420
v 0.33430111 0.11418001 0.27951405
v -0.33430111 0.11418001 0.27951404
v 0.24388176 0.11460418 0.36014291
v -0.24388330 0.11460408 0.36014210
v 0.13450032 0.11468205 0.41347524
v -0.13483092 0.11463252 0.41346688
v -0.01503184 0.11451966 0.43485109
v 0.05262058 0.11171271 0.43730754
v -0.05383665 0.11221813 0.43618865
v 0.17226876 0.11224464 0.40427464
v -0.17232971 0.11223439 0.40426989
v 0.27747180 0.11213903 0.34102918
v -0.27747198 0.11213903 0.34102904
v 0.36097717 0.11197278 0.25152686
v -0.36097717 0.11197278 0.25152686
v 0.41611313 0.11206889 0.14233395
v -0.41611313 0.11206889 0.14233395
v 0.43849905 0.11245741 0.02183462
v -0.43849905 0.11245741 0.02183462
v 0.42745156 0.11246042 -0.10019124
v -0.42745156 0.11246042 -0.10019124
v 0.38314388 0.11244561 -0.21442642
v -0.38314388 0.11244561 -0.21442642
v 0.30959868 0.11217019 -0.31207037
v -0.30959868 0.11217019 -0.31207037
v 0.21132802 0.11216599 -0.38546955
v -0.21132802 0.11216599 -0.38546955
v 0.09632071 0.11239520 -0.42846777
v -0.09632071 0.11239520 -0.42846777
v 0.14624709 0.11259505 -0.41369023
v -0.14624709 0.11259505 -0.41369023
v 0.25493780 0.11256173 -0.35719784
v -0.25493780 0.11256173 -0.35719784
v 0.34357200 0.11260213 -0.27289973
v -0.34357200 0.11260213 -0.27289973
v -0.34233520 0.13952471 -0.18143049
v 0.34233520 0.13952471 -0.18143049
v -0.37912788 0.13953622 -0.07972114
v 0.37912788 0.13953622 -0.07972114
v -0.38640210 0.13953080 0.02819278
v 0.38640210 0.13953080 0.02819278
v 0.40532881 0.11274479 -0.16729003
v -0.40532881 0.11274479 -0.16729003
v -0.36477246 0.13857575 0.13585499
v 0.36477246 0.13857575 0.13585499
v -0.31336650 0.13851148 0.23111116
v 0.31336650 0.13851148 0.23111116
v -0.23811497 0.13928948 0.30620152
v 0.23811460 0.13928949 0.30620176
v 0.43577088 0.11274678 -0.04876271
v -0.43577088 0.11274678 -0.04876271
v -0.14405963 0.13938761 0.35994421
v 0.14395286 0.13941807 0.35992437
v -0.03884525 0.13936775 0.38578934
v 0.04066792 0.13894631 0.38640936
v -0.07011239 0.13942014 0.38124688
v 0.06977736 0.13886394 0.38238624
v 0.43232511 0.11272069 0.07357100
v -0.43232511 0.11272069 0.07357100
v -0.17279577 0.13942256 0.34699131
v 0.17277239 0.13942774 0.34699193
v -0.26291555 0.13895821 0.28604868
v 0.26291549 0.13895821 0.28604874
v -0.33163942 0.13885354 0.20277778
v 0.33163942 0.13885354 0.20277778
v -0.37374919 0.13911843 0.10498921
v 0.37374919 0.13911843 0.10498921
v -0.38788071 0.13928899 -0.00271816
v 0.38788071 0.13928899 -0.00271816
v -0.37201239 0.13928990 -0.10983744
v 0.37201239 0.13928990 -0.10983744
v -0.32722414 0.13924689 -0.20843575
v 0.32722414 0.13924689 -0.20843575
v -0.25786170 0.13908102 -0.29029969
v 0.25786170 0.13908102 -0.29029969
v -0.16756419 0.13908463 -0.35026200
v 0.16756419 0.13908463 -0.35026200
v -0.06322944 0.13943266 -0.38242444
v 0.06322944 0.13943266 -0.38242444
v -0.04840442 0.13837414 -0.38661597
v 0.04840442 0.13837414 -0.38661597
v -0.15538033 0.13792836 -0.35823851
v 0.15538033 0.13792836 -0.35823851
v -0.24837457 0.13791712 -0.30133815
v 0.24837457 0.13791712 -0.30133815
v -0.32148392 0.13803546 -0.22128388
v 0.32148392 0.13803546 -0.22128388
v -0.36997663 0.13811695 -0.12375180
v 0.36997663 0.13811695 -0.12375180
v -0.38976879 0.13811704 -0.01665447
v 0.38976879 0.13811704 -0.01665447
v -0.37933731 0.13801883 0.09190433
v 0.37933731 0.13801883 0.09190433
v -0.34215305 0.13738337 0.19031984
v 0.34215305 0.13738337 0.19031984
v 0.12592916 0.11149440 0.42251088
v -0.12632425 0.11145469 0.42247195
v -0.27634302 0.13743386 0.27721748
v 0.27634299 0.13743386 0.27721751
v -0.18720492 0.13845563 0.34153795
v 0.18719296 0.13845793 0.34153952
v -0.08547765 0.13845892 0.37997704
v 0.08485532 0.13926199 0.37854767
v -0.02475920 0.13766122 0.39020871
v 0.02374429 0.13847695 0.38871378
v -0.13182086 0.13769899 0.36802557
v 0.13159928 0.13776695 0.36796726
v -0.22850561 0.13764394 0.31731186
v 0.22850468 0.13764402 0.31731235
v -0.30877429 0.13602106 0.24492697
v 0.30877428 0.13602106 0.24492697
v -0.36427254 0.13605663 0.15027586
v 0.36427254 0.13605663 0.15027586
v -0.38796568 0.13798238 0.04336003
v 0.38796568 0.13798238 0.04336003
v -0.38481167 0.13799393 -0.06557626
v 0.38481167 0.13799393 -0.06557626
v -0.35170062 0.13798715 -0.16940198
v 0.35170062 0.13798715 -0.16940198
v -0.00436966 0.11129629 0.44123426
v -0.29205833 0.13734318 -0.26086834
v 0.29205833 0.13734318 -0.26086834
v -0.20864882 0.13732453 -0.33142703
v 0.20864882 0.13732453 -0.33142703
v -0.10874615 0.13741382 -0.37605741
v 0.10874615 0.13741382 -0.37605741
v 0.43244247 0.11364665 0.06136809
v -0.43244247 0.11364665 0.06136809
v 0.43252843 0.11366381 -0.06052357
v -0.43252843 0.11366381 -0.06052357
v 0.39896479 0.11366020 -0.17769934
v -0.39896479 0.11366020 -0.17769934
v 0.33469961 0.11345575 -0.28118809
v -0.33469961 0.11345575 -0.28118809
v 0.24407525 0.11342797 -0.36271772
v -0.24407525 0.11342797 -0.36271772
v 0.13424958 0.11348317 -0.41595904
v -0.13424958 0.11348317 -0.41595904
v 0.10730117 0.11309011 -0.42448432
v -0.10730117 0.11309011 -0.42448432
v 0.22068126 0.11293828 -0.37848884
v -0.22068126 0.11293828 -0.37848884
v 0.31664270 0.11294704 -0.30278178
v -0.31664270 0.11294704 -0.30278178
v 0.38732691 0.11324899 -0.20350235
v -0.38732691 0.11324899 -0.20350235
v 0.42846173 0.11325926 -0.08853672
v -0.42846173 0.11325926 -0.08853672
v 0.43625341 0.11325400 0.03331581
v -0.43625341 0.11325400 0.03331581
v 0.41123149 0.11261996 0.15288822
v -0.41123149 0.11261996 0.15288822
v 0.35326064 0.11255768 0.26037907
v -0.35326064 0.11255768 0.26037907
v 0.26757690 0.11279824 0.34726162
v -0.26757725 0.11279823 0.34726137
v 0.16101983 0.11288455 0.40757380
v -0.16112418 0.11286655 0.40756946
v 0.04063431 0.11203645 0.43796386
v -0.04211827 0.11283690 0.43629058
v 0.08213647 0.11199674 0.43218480
v -0.08311096 0.11217179 0.43165862
v 0.19916476 0.11217592 0.39187124
v -0.19918192 0.11217345 0.39186779
v 0.30001290 0.11195652 0.32185371
v -0.30001294 0.11195652 0.32185367
v 0.37726677 0.11189650 0.22664522
v -0.37726677 0.11189650 0.22664522
v 0.42445042 0.11218872 0.11423682
v -0.42445042 0.11218872 0.11423682
v 0.43924483 0.11231744 -0.00751863
v -0.43924483 0.11231744 -0.00751863
v 0.42006101 0.11231800 -0.12860931
v -0.42006101 0.11231800 -0.12860931
v 0.36823141 0.11227835 -0.23971575
v -0.36823141 0.11227835 -0.23971575
v 0.28810082 0.11212681 -0.33212934
v -0.28810082 0.11212681 -0.33212934
v 0.18509709 0.11213140 -0.39880240
v -0.18509709 0.11213140 -0.39880240
v 0.06704942 0.11295354 -0.43293523
v -0.06704942 0.11295354 -0.43293523
v 0.05413828 0.11091752 -0.43864974
v -0.05413828 0.11091752 -0.43864974
v 0.17604061 0.10922966 -0.40891192
v -0.17604061 0.10922966 -0.40891192
v 0.28219584 0.10922201 -0.34435121
v -0.28219584 0.10922201 -0.34435121
v 0.36610517 0.10930591 -0.25305504
v -0.36610517 0.10930591 -0.25305504
v 0.42168796 0.10935278 -0.14201966
v -0.42168796 0.10935278 -0.14201966
v 0.44451298 0.10935282 -0.01996155
v -0.44451298 0.10935282 -0.01996155
v 0.43284086 0.10928674 0.10368780
v -0.43284086 0.10928674 0.10368780
v 0.38835163 0.10890586 0.21893442
v -0.38835163 0.10890586 0.21893442
v 0.31278091 0.10893376 0.31760032
v -0.31278093 0.10893376 0.31760030
v 0.21265790 0.10914274 0.39130990
v -0.21266609 0.10914172 0.39130767
v 0.09557917 0.10908389 0.43509930
v -0.09623933 0.10914325 0.43483783
v 0.02745598 0.10986498 0.44313482
v 0.07005658 0.11190209 0.43448931
v -0.07111437 0.11219703 0.43374766
v 0.18820897 0.11220775 0.39718220
v -0.18823825 0.11220316 0.39717803
v 0.29089183 0.11204324 0.32990006
v -0.29089190 0.11204324 0.32990000
v 0.37074463 0.11194788 0.23698202
v -0.37074463 0.11194788 0.23698202
v 0.42126391 0.11213483 0.12583819
v -0.42126391 0.11213483 0.12583819
v 0.43924665 0.11233804 0.00451912
v -0.43924665 0.11233804 0.00451912
v 0.42338804 0.11233935 -0.11704017
v -0.42338804 0.11233935 -0.11704017
v 0.37460311 0.11231276 -0.22950577
v -0.37460311 0.11231276 -0.22950577
v 0.29714528 0.11210601 -0.32411655
v -0.29714528 0.11210601 -0.32411655
v 0.19601371 0.11210685 -0.39360394
v -0.19601371 0.11210685 -0.39360394
v 0.07919158 0.11257211 -0.43161892
v -0.07919158 0.11257211 -0.43161892
v 0.04261259 0.11371251 -0.43456534
v -0.04261259 0.11371251 -0.43456534
v 0.16439531 0.11247238 -0.40707159
v -0.16439531 0.11247238 -0.40707159
v 0.27051533 0.11245693 -0.34580403
v -0.27051533 0.11245693 -0.34580403
v 0.35528789 0.11253335 -0.25768503
v -0.35528789 0.11253335 -0.25768503
v 0.41250452 0.11261579 -0.14944276
v -0.41250452 0.11261579 -0.14944276
v 0.43773769 0.11261640 -0.02962806
v -0.43773769 0.11261640 -0.02962806
v 0.42897977 0.11256101 0.09252643
v -0.42897977 0.11256101 0.09252643
v 0.38840302 0.11188995 0.20700810
v -0.38840302 0.11188995 0.20700810
v 0.31613806 0.11190993 0.30615756
v -0.31613807 0.11190993 0.30615755
v 0.21896691 0.11223826 0.38102321
v -0.21897320 0.11223754 0.38102118
v 0.10440825 0.11224317 0.42686752
v -0.10513845 0.11224293 0.42668873
v 0.01656254 0.11184344 0.43990113
v -0.00760743 0.14035430 -0.38578431
v 0.00760743 0.14035430 -0.38578431
v 0.00677848 0.10853951 0.44646001
v 0.11645420 0.10871632 0.43070872
v -0.11687971 0.10869920 0.43062726
v 0.23133565 0.10869234 0.38157071
v -0.23133873 0.10869203 0.38156951
v 0.32805002 0.10843991 0.30319181
v -0.32805003 0.10843991 0.30319180
v 0.39902628 0.10843365 0.20082524
v -0.39902628 0.10843365 0.20082524
v 0.43697169 0.10941720 0.08328728
v -0.43697169 0.10941720 0.08328728
v 0.44291499 0.10944692 -0.04070567
v -0.44291499 0.10944692 -0.04070567
v 0.41442150 0.10944588 -0.16151541
v -0.41442150 0.10944588 -0.16151541
v 0.35380963 0.10935818 -0.26981458
v -0.35380963 0.10935818 -0.26981458
v 0.26563574 0.10931498 -0.35706036
v -0.26563574 0.10931498 -0.35706036
v 0.15659295 0.10933426 -0.41653377
v -0.15659295 0.10933426 -0.41653377
v 0.03058923 0.11106464 -0.44063704
v -0.03058923 0.11106464 -0.44063704
v 0.08908483 0.10941659 -0.43582791
v -0.08908483 0.10941659 -0.43582791
v 0.20644881 0.10914276 -0.39462093
v -0.20644881 0.10914276 -0.39462093
v 0.30744631 0.10914412 -0.32221305
v -0.30744631 0.10914412 -0.32221305
v 0.38405774 0.10933047 -0.22478396
v -0.38405774 0.10933047 -0.22478396
v 0.43118871 0.10934640 -0.10989740
v -0.43118871 0.10934640 -0.10989740
v 0.44477053 0.10934471 0.01353464
v -0.44477053 0.10934471 0.01353464
v 0.42415194 0.10911042 0.13600314
v -0.42415194 0.10911042 0.13600314
v 0.37046465 0.10900167 0.24767396
v -0.37046465 0.10900167 0.24767396
v 0.28765042 0.10910187 0.34010803
v -0.28765051 0.10910187 0.34010795
v 0.18233550 0.10920461 0.40619643
v -0.18237077 0.10919897 0.40619239
v 0.06211986 0.10887578 0.44152183
v -0.06298516 0.10919020 0.44079373
v -0.07401437 0.14059387 -0.37822880
v 0.07401437 0.14059387 -0.37822880
v -0.17632380 0.14035698 -0.34321040
v 0.17632380 0.14035698 -0.34321040
v -0.26432085 0.14035745 -0.28110008
v 0.26432085 0.14035745 -0.28110008
v 0.01657314 0.11198350 -0.43963352
v -0.01657314 0.11198350 -0.43963352
v -0.20555574 0.14504255 0.31593782
v 0.20555411 0.14504276 0.31593838
v -0.11018397 0.14505645 0.36042944
v 0.10991567 0.14517491 0.36027525
v -0.00602237 0.14503297 0.37689172
v -0.36712276 0.14511267 0.08479375
v 0.36712276 0.14511267 0.08479375
v -0.37616081 0.14516105 -0.02006647
v 0.37616081 0.14516105 -0.02006647
v -0.35595282 0.14516079 -0.12327845
v 0.35595282 0.14516079 -0.12327845
v -0.03887211 0.14646507 -0.37218519
v 0.03887211 0.14646507 -0.37218519
v -0.30809672 0.14509901 -0.21694504
v 0.30809672 0.14509901 -0.21694504
v -0.23643297 0.14503939 -0.29355385
v 0.23643297 0.14503939 -0.29355385
v -0.14604913 0.14504806 -0.34746453
v 0.14604913 0.14504806 -0.34746453
v 0.02031486 0.13167413 -0.40189420
v -0.02031486 0.13167413 -0.40189420
v 0.02111796 0.11772366 -0.42848258
v -0.02111796 0.11772366 -0.42848258
v -0.01597643 0.14212361 -0.38215246
v 0.01597643 0.14212361 -0.38215246
v 0.07052855 0.11817399 0.42229509
v -0.07206480 0.11856258 0.42128409
v 0.18568684 0.11857501 0.38493345
v -0.18572187 0.11856893 0.38492942
v 0.28526020 0.11830804 0.31892832
v -0.28526028 0.11830804 0.31892825
v 0.36229678 0.11818009 0.22811952
v -0.36229678 0.11818009 0.22811952
v 0.41043507 0.11845678 0.11995466
v -0.41043507 0.11845678 0.11995466
v 0.42714105 0.11869821 0.00178294
v -0.42714105 0.11869821 0.00178294
v 0.41099475 0.11869972 -0.11633364
v -0.41099475 0.11869972 -0.11633364
v 0.36290428 0.11866043 -0.22542111
v -0.36290428 0.11866043 -0.22542111
v 0.28728183 0.11837423 -0.31693823
v -0.28728183 0.11837423 -0.31693823
v 0.18850893 0.11837641 -0.38398114
v -0.18850893 0.11837641 -0.38398114
v 0.07456924 0.11893042 -0.42013581
v -0.07456924 0.11893042 -0.42013581
v 0.04421633 0.12007607 -0.42220902
v -0.04421633 0.12007607 -0.42220902
v 0.15954263 0.11932834 -0.39493543
v -0.15954263 0.11932834 -0.39493543
v 0.26251560 0.11930780 -0.33547990
v -0.26251560 0.11930780 -0.33547990
v 0.34465397 0.11941007 -0.25001757
v -0.34465397 0.11941007 -0.25001757
v 0.40010833 0.11952553 -0.14498646
v -0.40010833 0.11952553 -0.14498646
v 0.42459303 0.11952636 -0.02876046
v -0.42459303 0.11952636 -0.02876046
v 0.41613602 0.11945220 0.08976397
v -0.41613602 0.11945220 0.08976397
v 0.37731460 0.11865627 0.20038629
v -0.37731460 0.11865627 0.20038629
v 0.30733381 0.11868489 0.29668212
v -0.30733383 0.11868489 0.29668210
v 0.21288350 0.11925074 0.36909960
v -0.21289202 0.11924962 0.36909714
v 0.10143302 0.11932312 0.41369999
v -0.10257401 0.11925741 0.41354762
v 0.01771284 0.11839135 0.42736286
v 0.00529029 0.12184856 0.42110567
v 0.11112979 0.12231195 0.40529601
v -0.11204509 0.12216788 0.40532888
v 0.21972732 0.12215290 0.35859384
v -0.21973262 0.12215228 0.35859198
v 0.31118721 0.12139104 0.28505423
v -0.31118722 0.12139104 0.28505423
v 0.37778236 0.12138022 0.18812573
v -0.37778236 0.12138022 0.18812573
v 0.41282637 0.12236838 0.07809389
v -0.41282637 0.12236838 0.07809389
v 0.41823144 0.12241915 -0.03905652
v -0.41823144 0.12241915 -0.03905652
v 0.39114930 0.12241722 -0.15312825
v -0.39114930 0.12241722 -0.15312825
v 0.33389888 0.12223788 -0.25543085
v -0.33389888 0.12223788 -0.25543085
v 0.25059368 0.12216387 -0.33772007
v -0.25059368 0.12216387 -0.33772007
v 0.05749985 0.12123539 0.41837506
v -0.05934624 0.12184439 0.41694447
v 0.14743876 0.12219800 -0.39377548
v -0.14743876 0.12219800 -0.39377548
v 0.17225971 0.12187190 0.38424875
v -0.17232478 0.12185907 0.38424636
v 0.27212718 0.12165490 0.32189420
v -0.27212737 0.12165490 0.32189406
v 0.08531002 0.12185092 -0.41240318
v -0.08531002 0.12185092 -0.41240318
v 0.35054428 0.12141734 0.23488247
v -0.35054428 0.12141734 0.23488247
v 0.19653428 0.12149325 -0.37323349
v -0.19653428 0.12149325 -0.37323349
v 0.40120037 0.12160552 0.12956355
v -0.40120037 0.12160552 0.12956355
v 0.29201145 0.12149601 -0.30439094
v -0.29201145 0.12149601 -0.30439094
v 0.42061367 0.12201045 0.01350071
v -0.42061367 0.12201045 0.01350071
v 0.36357179 0.12198540 -0.21202328
v -0.36357179 0.12198540 -0.21202328
v 0.40795588 0.12201357 -0.10327202
v -0.40795588 0.12201357 -0.10327202
v 0.03402825 0.12409464 -0.41546576
v -0.03402825 0.12409464 -0.41546576
v -0.00272813 0.13294039 0.39998399
v 0.11297378 0.13324246 0.38310728
v -0.11365018 0.13302703 0.38333556
v 0.21521460 0.13300495 0.33701462
v -0.21521822 0.13300450 0.33701332
v 0.30172974 0.13147498 0.26682674
v -0.30172975 0.13147498 0.26682674
v 0.36363996 0.13147444 0.17321704
v -0.36363996 0.13147444 0.17321704
v 0.39357158 0.13326801 0.06779952
v -0.39357158 0.13326801 0.06779952
v 0.39690594 0.13330479 -0.04364676
v -0.39690594 0.13330479 -0.04364676
v 0.36938132 0.13330203 -0.15166084
v -0.36938132 0.13330203 -0.15166084
v 0.31347833 0.13304324 -0.24813132
v -0.31347833 0.13304324 -0.24813132
v 0.23291448 0.13298900 -0.32507130
v -0.23291448 0.13298900 -0.32507130
v 0.13391260 0.13303202 -0.37672579
v -0.13391260 0.13303202 -0.37672579
v 0.08892270 0.13227500 -0.39128478
v -0.08892270 0.13227500 -0.39128478
v 0.19408724 0.13204482 -0.35170089
v -0.19408724 0.13204482 -0.35170089
v 0.28370753 0.13205119 -0.28436536
v -0.28370753 0.13205119 -0.28436536
v 0.34759530 0.13374823 -0.19478827
v -0.34759530 0.13374823 -0.19478827
v 0.38785574 0.13376929 -0.09110926
v -0.38785574 0.13376929 -0.09110926
v 0.39793628 0.13376500 0.01965186
v -0.39793628 0.13376500 0.01965186
v 0.37786297 0.13317408 0.12983834
v -0.37786297 0.13317408 0.12983834
v 0.32790087 0.13304529 0.22872626
v -0.32790087 0.13304529 0.22872626
v 0.25236076 0.13347777 0.30901483
v -0.25236102 0.13347776 0.30901463
v 0.15678202 0.13367800 0.36645747
v -0.15686841 0.13365667 0.36646473
v 0.04748318 0.13188303 0.39919497
v -0.04937420 0.13363896 0.39559221
v -0.00473301 0.11808137 0.42829458
v 0.12273194 0.11836775 0.40979035
v -0.12329306 0.11828350 0.40978959
v 0.23177245 0.11826218 0.35978466
v -0.23177548 0.11826190 0.35978336
v 0.32280321 0.11766871 0.28272120
v -0.32280321 0.11766871 0.28272119
v 0.38828273 0.11767271 0.18265587
v -0.38828273 0.11767271 0.18265587
v 0.42183124 0.11845675 0.07003230
v -0.42183124 0.11845675 0.07003230
v 0.42469550 0.11848848 -0.04927592
v -0.42469550 0.11848848 -0.04927592
v 0.39454101 0.11848566 -0.16473126
v -0.39454101 0.11848566 -0.16473126
v 0.33401062 0.11828025 -0.26752738
v -0.33401062 0.11828025 -0.26752738
v 0.24726340 0.11823171 -0.34939093
v -0.24726340 0.11823171 -0.34939093
v 0.14100168 0.11827686 -0.40405205
v -0.14100168 0.11827686 -0.40405205
v 0.09603162 0.11785285 -0.41786358
v -0.09603162 0.11785285 -0.41786358
v 0.20817962 0.11760254 -0.37537010
v -0.20817962 0.11760254 -0.37537010
v 0.30377847 0.11760879 -0.30323238
v -0.30377847 0.11760879 -0.30323238
v 0.37475624 0.11804773 -0.20753637
v -0.37475624 0.11804773 -0.20753637
v 0.41748235 0.11806577 -0.09587813
v -0.41748235 0.11806577 -0.09587813
v 0.42772819 0.11806144 0.02323342
v -0.42772819 0.11806144 0.02323342
v 0.40557006 0.11755133 0.14084816
v -0.40557006 0.11755133 0.14084816
v 0.01845485 0.10516616 0.45256633
v 0.35135523 0.11743534 0.24711274
v -0.35135523 0.11743534 0.24711274
v 0.26946981 0.11770228 0.33386270
v -0.26947007 0.11770227 0.33386250
v 0.10695453 0.10510573 0.44025219
v -0.10729686 0.10511617 0.44014838
v 0.16648304 0.11784424 0.39513227
v -0.16657094 0.11782751 0.39512982
v 0.04901363 0.11717291 0.42725043
v -0.05079534 0.11780517 0.42582840
v 0.22474652 0.10511393 0.39336508
v -0.22474990 0.10511356 0.39336397
v 0.32486276 0.10497034 0.31616354
v -0.32486277 0.10497034 0.31616354
v 0.39956276 0.10496013 0.21415520
v -0.39956276 0.10496013 0.21415520
v 0.44231439 0.10537117 0.09571288
v -0.44231439 0.10537117 0.09571288
v 0.45148556 0.10539992 -0.03023519
v -0.45148556 0.10539992 -0.03023519
v 0.42555267 0.10539960 -0.15381434
v -0.42555267 0.10539960 -0.15381434
v 0.36655454 0.10535869 -0.26544732
v -0.36655454 0.10535869 -0.26544732
v 0.27906885 0.10532013 -0.35638692
v -0.27906885 0.10532013 -0.35638692
v 0.16971288 0.10532822 -0.41961248
v -0.16971288 0.10532822 -0.41961248
v 0.04535625 0.10615103 -0.44877873
v -0.04535625 0.10615103 -0.44877873
v 0.07845014 0.10603884 -0.44440759
v -0.07845014 0.10603884 -0.44440759
v 0.19866467 0.10570922 -0.40589707
v -0.19866467 0.10570922 -0.40589707
v 0.30308652 0.10570834 -0.33520169
v -0.30308652 0.10570834 -0.33520169
v 0.38364861 0.10580727 -0.23846368
v -0.38364861 0.10580727 -0.23846368
v 0.43457417 0.10582316 -0.12316295
v -0.43457417 0.10582316 -0.12316295
v 0.45168795 0.10582250 0.00171592
v -0.45168795 0.10582250 0.00171592
v 0.43382396 0.10571671 0.12650671
v -0.43382396 0.10571671 0.12650671
v 0.38236027 0.10560128 0.24126075
v -0.38236027 0.10560128 0.24126075
v 0.30084311 0.10564767 0.33737158
v -0.30084315 0.10564767 0.33737155
v 0.19580740 0.10573839 0.40722144
v -0.19582276 0.10573608 0.40721894
v 0.07511675 0.10558869 0.44585345
v -0.07565545 0.10573303 0.44548324
v 0.06412787 0.10553378 -0.44767188
v -0.06412787 0.10553378 -0.44767188
v 0.18630488 0.10493103 -0.41334446
v -0.18630488 0.10493103 -0.41334446
v 0.29327099 0.10492808 -0.34577502
v -0.29327099 0.10492808 -0.34577502
v 0.37721353 0.10499151 -0.25133356
v -0.37721353 0.10499151 -0.25133356
v 0.43193449 0.10501308 -0.13730957
v -0.43193449 0.10501308 -0.13730957
v 0.45305918 0.10501290 -0.01261041
v -0.45305918 0.10501290 -0.01261041
v 0.43900705 0.10495675 0.11309954
v -0.43900705 0.10495675 0.11309954
v -0.05298140 0.14643956 -0.37048918
v 0.05298140 0.14643956 -0.37048918
v -0.15490309 0.14604064 -0.34153202
v 0.15490309 0.14604064 -0.34153202
v 0.39115133 0.10478587 0.22981471
v -0.39115133 0.10478587 0.22981471
v -0.24329251 0.14603661 -0.28540079
v 0.24329251 0.14603661 -0.28540079
v 0.31245046 0.10481067 0.32885556
v -0.31245047 0.10481067 0.32885554
v -0.31227247 0.14611456 -0.20741099
v 0.31227247 0.14611456 -0.20741099
v -0.03015663 0.14621661 0.37346776
v 0.03036056 0.14648508 0.37293774
v 0.20931752 0.10491556 0.40221397
v -0.20932514 0.10491451 0.40221226
v -0.35737984 0.14614880 -0.11297845
v 0.35737984 0.14614880 -0.11297845
v -0.13229386 0.14623076 0.35052206
v 0.13220770 0.14625886 0.35049731
v 0.08959717 0.10484521 0.44461654
v -0.09002458 0.10491413 0.44439614
v -0.37468558 0.14614859 -0.00977216
v 0.37468558 0.14614859 -0.00977216
v -0.22411208 0.14619001 0.30033208
v 0.22411173 0.14619004 0.30033227
v 0.03653666 0.10502632 0.45173391
v -0.36287952 0.14607852 0.09435779
v 0.36287952 0.14607852 0.09435779
v -0.29822115 0.14453725 0.23207999
v 0.29822114 0.14453725 0.23207999
v -0.32400113 0.14603121 0.18888051
v 0.32400113 0.14603121 0.18888051
v -0.35063828 0.14456255 0.14075977
v 0.35063828 0.14456255 0.14075977
v -0.25926943 0.14606992 0.27088113
v 0.25926941 0.14606992 0.27088115
v -0.37278051 0.14638657 0.03434505
v 0.37278051 0.14638657 0.03434505
v -0.17320289 0.14651066 0.33161510
v 0.17319393 0.14651264 0.33161553
v -0.36773752 0.14639111 -0.07005379
v 0.36773752 0.14639111 -0.07005379
v -0.07476040 0.14651091 0.36657651
v 0.07440965 0.14664612 0.36638486
v -0.33404530 0.14638634 -0.16899394
v 0.33404530 0.14638634 -0.16899394
v -0.27478357 0.14576742 -0.25597662
v 0.27478357 0.14576742 -0.25597662
v -0.19333823 0.14576028 -0.32196364
v 0.19333823 0.14576028 -0.32196364
v -0.09666702 0.14582493 -0.36277155
v 0.09666702 0.14582493 -0.36277155
v 0.05531997 0.10538842 -0.44912461
v -0.05531997 0.10538842 -0.44912461
v 0.17874853 0.10461007 -0.41733359
v -0.17874853 0.10461007 -0.41733359
v -0.11085492 0.14612967 -0.35808241
v 0.11085492 0.14612967 -0.35808241
v 0.28711495 0.10460539 -0.35169796
v -0.28711495 0.10460539 -0.35169796
v -0.20560881 0.14609277 -0.31351168
v 0.20560881 0.14609277 -0.31351168
v 0.37297450 0.10465187 -0.25872001
v -0.37297450 0.10465187 -0.25872001
v -0.28421656 0.14610581 -0.24447264
v 0.28421656 0.14610581 -0.24447264
v 0.42989002 0.10467920 -0.14557909
v -0.42989002 0.10467920 -0.14557909
v -0.34027123 0.14639397 -0.15604427
v 0.34027123 0.14639397 -0.15604427
v 0.45337891 0.10467925 -0.02112332
v -0.45337891 0.10467925 -0.02112332
v 0.44163284 0.10464150 0.10499707
v -0.44163284 0.10464150 0.10499707
v -0.37014454 0.14639666 -0.05588828
v 0.37014454 0.14639666 -0.05588828
v 0.39603262 0.10440080 0.22279797
v -0.39603262 0.10440080 0.22279797
v -0.37118429 0.14638826 0.04862808
v 0.37118429 0.14638826 0.04862808
v -0.03661552 0.10556111 0.45070465
v 0.31907872 0.10441653 0.32348461
v -0.31907873 0.10441653 0.32348460
v -0.34265750 0.14595921 0.15277888
v 0.34265750 0.14595921 0.15277888
v 0.21717522 0.10453090 0.39886133
v -0.21718005 0.10453028 0.39886003
v 0.15970898 0.10559300 0.42298160
v -0.15977890 0.10558237 0.42297685
v -0.28714630 0.14595253 0.24147901
v 0.28714629 0.14595253 0.24147901
v 0.09814266 0.10449655 0.44348950
v -0.09850328 0.10453123 0.44334182
v 0.27047449 0.10555440 0.36239549
v -0.27047475 0.10555439 0.36239532
v -0.21349174 0.14591713 0.30860498
v 0.21349096 0.14591721 0.30860531
v 0.02783597 0.10475220 0.45287698
v -0.11982628 0.14593993 0.35556264
v 0.11967008 0.14599812 0.35549819
v 0.36016288 0.10542947 0.27383405
v -0.36016289 0.10542947 0.27383404
v -0.01672691 0.14591970 0.37487636
v 0.42170889 0.10545488 0.16376867
v -0.42170889 0.10545488 0.16376867
v 0.44944400 0.10599435 0.04158356
v -0.44944400 0.10599435 0.04158356
v 0.44342807 0.10599818 -0.08422611
v -0.44342807 0.10599818 -0.08422611
v 0.40289657 0.10599384 -0.20348053
v -0.40289657 0.10599384 -0.20348053
v 0.05094339 0.10559272 0.44925009
v -0.05153002 0.10592305 0.44854929
v 0.33126082 0.10586034 -0.30696262
v -0.33126082 0.10586034 -0.30696262
v 0.17345968 0.10594127 0.41681193
v -0.17350144 0.10593454 0.41680845
v 0.23357157 0.10585391 -0.38654260
v -0.23357157 0.10585391 -0.38654260
v 0.28198668 0.10588689 0.35270042
v -0.28198681 0.10588688 0.35270033
v 0.11757907 0.10592082 -0.43592525
v -0.11757907 0.10592082 -0.43592525
v 0.36851372 0.10579003 0.26130158
v -0.36851372 0.10579003 0.26130158
v 0.42620613 0.10583938 0.14947979
v -0.42620613 0.10583938 0.14947979
v 0.13175187 0.10598533 -0.43172451
v -0.13175187 0.10598533 -0.43172451
v 0.45038633 0.10611315 0.02601609
v -0.45038633 0.10611315 0.02601609
v 0.44003527 0.10611525 -0.09944874
v -0.44003527 0.10611525 -0.09944874
v 0.24598861 0.10594656 -0.37855110
v -0.24598861 0.10594656 -0.37855110
v 0.39543508 0.10610766 -0.21717559
v -0.39543508 0.10610766 -0.21717559
v 0.34096761 0.10595820 -0.29585874
v -0.34096761 0.10595820 -0.29585874
v 0.32034559 0.10596738 -0.31804751
v -0.32034559 0.10596738 -0.31804751
v 0.40921530 0.10606982 -0.19011067
v -0.40921530 0.10606982 -0.19011067
v 0.22000518 0.10596431 -0.39418081
v -0.22000518 0.10596431 -0.39418081
v 0.44580980 0.10607235 -0.06963112
v -0.44580980 0.10607235 -0.06963112
v 0.10237649 0.10608809 -0.43941650
v -0.10237649 0.10608809 -0.43941650
v 0.44770619 0.10606522 0.05626994
v -0.44770619 0.10606522 0.05626994
v 0.41155082 0.10680326 0.18156344
v -0.41155082 0.10680326 0.18156344
v 0.14672161 0.10614941 -0.42653849
v -0.14672161 0.10614941 -0.42653849
v 0.34543546 0.10679362 0.28814969
v -0.34543547 0.10679362 0.28814969
v 0.25891481 0.10612709 -0.36941013
v -0.25891481 0.10612709 -0.36941013
v -0.00345407 0.10465744 0.45389916
v 0.35083527 0.10614755 -0.28351389
v -0.35083527 0.10614755 -0.28351389
v 0.25229583 0.10699428 0.37196598
v -0.25229674 0.10699422 0.37196550
v 0.12859568 0.10474034 0.43515064
v -0.12879671 0.10472685 0.43511800
v 0.41535001 0.10623165 -0.17551432
v -0.41535001 0.10623165 -0.17551432
v 0.13949123 0.10703115 0.42718953
v -0.13967409 0.10700962 0.42717295
v 0.24402409 0.10471977 0.38259738
v -0.24402537 0.10471966 0.38259681
v 0.44767450 0.10623304 -0.05390792
v -0.44767450 0.10623304 -0.05390792
v -0.01605710 0.10694513 0.44926415
v 0.34039499 0.10457035 0.30053017
v -0.34039499 0.10457035 0.30053017
v 0.44516508 0.10621963 0.07190011
v -0.44516508 0.10621963 0.07190011
v 0.41015721 0.10457087 0.19482630
v -0.41015721 0.10457087 0.19482630
v 0.05537395 0.11719276 -0.42643456
v -0.05537395 0.11719276 -0.42643456
v 0.00965700 0.12465829 -0.41567024
v -0.00965700 0.12465829 -0.41567024
v 0.17175225 0.11588036 -0.39695329
v -0.17175225 0.11588036 -0.39695329
v 0.27478395 0.11586900 -0.33404082
v -0.27478395 0.11586900 -0.33404082
v 0.35598714 0.11599825 -0.24525403
v -0.35598714 0.11599825 -0.24525403
v 0.40976493 0.11606989 -0.13729908
v -0.40976493 0.11606989 -0.13729908
v 0.43175016 0.11606994 -0.01870928
v -0.43175016 0.11606994 -0.01870928
v 0.42028462 0.11596944 0.10141364
v -0.42028462 0.11596944 0.10141364
v 0.37742811 0.11543631 0.21295956
v -0.37742811 0.11543631 0.21295956
v 0.30396035 0.11548194 0.30876607
v -0.30396037 0.11548194 0.30876604
v 0.20643265 0.11586046 0.38011725
v -0.20644527 0.11585868 0.38011428
v 0.09219387 0.11579497 0.42274329
v -0.09333712 0.11586119 0.42236306
v 0.02931577 0.11613077 0.43104364
v -0.02610489 0.10510752 0.45230155
v 0.15003067 0.10515388 0.42739780
v -0.15013063 0.10514039 0.42738996
v 0.26240624 0.10512277 0.36928957
v -0.26240667 0.10512275 0.36928931
v 0.35433957 0.10498455 0.28269081
v -0.35433957 0.10498455 0.28269081
v 0.41859354 0.10499854 0.17385598
v -0.41859354 0.10499854 0.17385598
v -0.03332825 0.11731365 0.42849013
v 0.15039961 0.11739716 0.40243968
v -0.15057800 0.11736364 0.40244119
v 0.25602451 0.11729974 0.34523731
v -0.25602516 0.11729971 0.34523690
v 0.34174271 0.11689587 0.26193842
v -0.34174271 0.11689587 0.26193842
v 0.40061161 0.11694789 0.15755872
v -0.40061161 0.11694789 0.15755872
v 0.42699313 0.11776186 0.04071472
v -0.42699313 0.11776186 0.04071472
v 0.42159848 0.11777083 -0.07887248
v -0.42159848 0.11777083 -0.07887248
v 0.38339669 0.11776162 -0.19232313
v -0.38339669 0.11776162 -0.19232313
v 0.31607898 0.11737108 -0.29105762
v -0.31607898 0.11737108 -0.29105762
v 0.22340100 0.11735580 -0.36706607
v -0.22340100 0.11735580 -0.36706607
v 0.11307479 0.11748641 -0.41430142
v -0.11307479 0.11748641 -0.41430142
v 0.12198285 0.11871457 -0.40932408
v -0.12198285 0.11871457 -0.40932408
v 0.23053215 0.11861962 -0.35977161
v -0.23053215 0.11861962 -0.35977161
v 0.32088660 0.11864334 -0.28208833
v -0.32088660 0.11864334 -0.28208833
v 0.38564508 0.11899518 -0.18233816
v -0.38564508 0.11899518 -0.18233816
v 0.42100495 0.11900182 -0.06865390
v -0.42100495 0.11900182 -0.06865390
v 0.42360830 0.11898754 0.05037617
v -0.42360830 0.11898754 0.05037617
v 0.39461816 0.11833171 0.16530743
v -0.39461816 0.11833171 0.16530743
v 0.33377872 0.11829785 0.26776305
v -0.33377872 0.11829785 0.26776305
v 0.24665476 0.11882495 0.34843613
v -0.24665592 0.11882488 0.34843547
v 0.14042453 0.11892551 0.40294368
v -0.14070415 0.11887266 0.40295284
v -0.02361017 0.11879215 0.42631239
v 0.03463578 0.13136963 0.40149661
v -0.03624240 0.13162836 0.40085952
v 0.14558887 0.13170678 0.37508055
v -0.14575659 0.13166346 0.37510401
v 0.24392444 0.13156156 0.32032056
v -0.24392506 0.13156153 0.32032018
v 0.32340984 0.13075307 0.24239224
v -0.32340984 0.13075307 0.24239223
v 0.37750688 0.13082713 0.14395264
v -0.37750688 0.13082713 0.14395264
v 0.40064990 0.13185811 0.03360246
v -0.40064990 0.13185811 0.03360246
v 0.39431233 0.13186659 -0.07844910
v -0.39431233 0.13186659 -0.07844910
v 0.35728700 0.13185386 -0.18439632
v -0.35728700 0.13185386 -0.18439632
v 0.29400689 0.13092096 -0.27685600
v -0.29400689 0.13092096 -0.27685600
v 0.20609151 0.13090714 -0.34732817
v -0.20609151 0.13090714 -0.34732817
v 0.10180228 0.13106427 -0.39051888
v -0.10180228 0.13106427 -0.39051888
v 0.12252766 0.13162821 -0.38339153
v -0.12252766 0.13162821 -0.38339153
v 0.22387157 0.13155645 -0.33465469
v -0.22387157 0.13155645 -0.33465469
v 0.30751277 0.13159103 -0.25979809
v -0.30751277 0.13159103 -0.25979809
v 0.36658234 0.13201007 -0.16442021
v -0.36658234 0.13201007 -0.16442021
v 0.39773824 0.13201518 -0.05668396
v -0.39773824 0.13201518 -0.05668396
v 0.39795073 0.13199303 0.05547902
v -0.39795073 0.13199303 0.05547902
v 0.37016797 0.13053396 0.16328323
v -0.37016797 0.13053396 0.16328323
v 0.31080405 0.13051335 0.25907214
v -0.31080405 0.13051335 0.25907214
v 0.22665661 0.13168543 0.33247719
v -0.22665860 0.13168523 0.33247629
v 0.12546391 0.13184310 0.38200956
v -0.12588285 0.13172545 0.38210785
v -0.01500409 0.13164789 0.40217753
v 0.06151961 0.13097105 -0.39903322
v -0.06151961 0.13097105 -0.39903322
v 0.17042526 0.13046236 -0.36708504
v -0.17042526 0.13046236 -0.36708504
v 0.26525870 0.13045522 -0.30568781
v -0.26525870 0.13045522 -0.30568781
v 0.33858188 0.13068478 -0.22094225
v -0.33858188 0.13068478 -0.22094225
v 0.38634079 0.13074911 -0.11872156
v -0.38634079 0.13074911 -0.11872156
v 0.40410621 0.13074832 -0.00730771
v -0.40410621 0.13074832 -0.00730771
v 0.39067944 0.13056053 0.10494922
v -0.39067944 0.13056053 0.10494922
v 0.34832349 0.13008621 0.20747991
v -0.34832349 0.13008621 0.20747991
v 0.27758901 0.13019516 0.29521708
v -0.27758907 0.13019516 0.29521702
v 0.18435093 0.13077745 0.35961797
v -0.18437633 0.13077245 0.35961565
v 0.07515966 0.13007108 0.39843641
v -0.07775987 0.13077107 0.39657732
v -0.28449306 0.14221183 0.25540324
v 0.28449305 0.14221183 0.25540325
v -0.34395727 0.14220714 0.16693518
v 0.34395727 0.14220714 0.16693518
v -0.36840819 0.14675439 0.06241609
v 0.36840819 0.14675439 0.06241609
v -0.37127625 0.14676889 -0.04187673
v 0.37127625 0.14676889 -0.04187673
v -0.34523005 0.14676751 -0.14289115
v 0.34523005 0.14676751 -0.14289115
v -0.04293732 0.14657052 0.37153577
v 0.04393198 0.14693645 0.37071699
v -0.29247492 0.14662249 -0.23295229
v 0.29247492 0.14662249 -0.23295229
v -0.14401531 0.14657887 0.34515232
v 0.14396931 0.14659245 0.34514347
v -0.21676778 0.14660140 -0.30471322
v 0.21676778 0.14660140 -0.30471322
v -0.23395351 0.14650737 0.29195594
v 0.23395335 0.14650738 0.29195604
v -0.12404119 0.14662186 -0.35273648
v 0.12404119 0.14662186 -0.35273648
v -0.30371809 0.14656957 0.21826389
v 0.30371809 0.14656957 0.21826389
v -0.35205621 0.14660843 0.12603499
v 0.35205621 0.14660843 0.12603499
v -0.08157789 0.14530473 -0.36747568
v 0.08157789 0.14530473 -0.36747568
v -0.37327661 0.14663879 0.02120589
v 0.37327661 0.14663879 0.02120589
v -0.18029829 0.14518512 -0.33069257
v 0.18029829 0.14518512 -0.33069257
v -0.36458591 0.14664117 -0.08281807
v 0.36458591 0.14664117 -0.08281807
v -0.26468014 0.14518786 -0.26796554
v 0.26468014 0.14518786 -0.26796554
v -0.32749267 0.14663333 -0.18039248
v 0.32749267 0.14663333 -0.18039248
v 0.02220612 0.10522671 -0.45228221
v -0.02220612 0.10522671 -0.45228221
v -0.06178745 0.14663097 0.36875271
v 0.06085536 0.14694956 0.36829210
v -0.16134164 0.14663329 0.33728597
v 0.16132545 0.14663728 0.33728527
v -0.24876571 0.14641859 0.27966912
v 0.24876566 0.14641859 0.27966915
v -0.31623787 0.14635346 0.20046386
v 0.31623787 0.14635346 0.20046386
v -0.35888518 0.14644178 0.10614857
v 0.35888518 0.14644178 0.10614857
v -0.37404206 0.14654872 0.00246358
v 0.37404206 0.14654872 0.00246358
v -0.36014307 0.14654945 -0.10104186
v 0.36014307 0.14654945 -0.10104186
v -0.31820395 0.14653008 -0.19668850
v 0.31820395 0.14653008 -0.19668850
v -0.25271584 0.14640593 -0.27613756
v 0.25271584 0.14640593 -0.27613756
v -0.16652756 0.14640667 -0.33523837
v 0.16652756 0.14640667 -0.33523837
v -0.06681543 0.14659058 -0.36795317
v 0.06681543 0.14659058 -0.36795317
v -0.13595335 0.14668810 -0.34818316
v 0.13595335 0.14668810 -0.34818316
v -0.22693896 0.14667604 -0.29703655
v 0.22693896 0.14667604 -0.29703655
v 0.01623493 0.14676994 0.37327555
v -0.30007181 0.14670922 -0.22280404
v 0.30007181 0.14670922 -0.22280404
v -0.08799277 0.14677646 0.36310632
v 0.08768961 0.14702245 0.36269719
v -0.34982628 0.14679190 -0.13110493
v 0.34982628 0.14679190 -0.13110493
v -0.18495911 0.14677359 0.32462769
v 0.18495442 0.14677451 0.32462834
v -0.37243617 0.14679257 -0.02927933
v 0.37243617 0.14679257 -0.02927933
v -0.27093295 0.14581891 0.25990701
v 0.27093294 0.14581891 0.25990702
v -0.36605602 0.14676764 0.07486303
v 0.36605602 0.14676764 0.07486303
v -0.33219606 0.14580236 0.17500227
v 0.33219606 0.14580236 0.17500227
v 0.15860049 0.13037217 -0.37253362
v -0.15860049 0.13037217 -0.37253362
v 0.04885115 0.13095796 -0.40080655
v -0.04885115 0.13095796 -0.40080655
v 0.25542084 0.13035646 -0.31419717
v -0.25542084 0.13035646 -0.31419717
v 0.33178422 0.13049781 -0.23164786
v -0.33178422 0.13049781 -0.23164786
v 0.38269169 0.13060288 -0.13086828
v -0.38269169 0.13060288 -0.13086828
v 0.40395468 0.13060318 -0.01998973
v -0.40395468 0.13060318 -0.01998973
v 0.39392442 0.13049295 0.09258813
v -0.39392442 0.13049295 0.09258813
v 0.35579627 0.12962436 0.19621646
v -0.35579627 0.12962436 0.19621646
v 0.28783110 0.12967911 0.28663624
v -0.28783112 0.12967911 0.28663621
v 0.19626128 0.13061214 0.35361938
v -0.19627492 0.13060976 0.35361701
v 0.08766282 0.13146489 0.39315145
v -0.09086239 0.13061483 0.39408760
v 0.02256222 0.13071139 0.40361256
v 0.11317871 0.12975710 -0.38997037
v -0.11317871 0.12975710 -0.38997037
v 0.21677471 0.12964771 -0.34360508
v -0.21677471 0.12964771 -0.34360508
v 0.30320858 0.12967077 -0.27034155
v -0.30320858 0.12967077 -0.27034155
v 0.36500675 0.13026543 -0.17569948
v -0.36500675 0.13026543 -0.17569948
v 0.39933541 0.13027370 -0.06796096
v -0.39933541 0.13027370 -0.06796096
v 0.40258904 0.13025948 0.04507198
v -0.40258904 0.13025948 0.04507198
v 0.37682597 0.12901233 0.15506001
v -0.37682597 0.12901233 0.15506001
v 0.31956065 0.12896860 0.25296315
v -0.31956065 0.12896860 0.25296315
v 0.23696844 0.12997137 0.32924261
v -0.23696959 0.12997128 0.32924199
v 0.13638386 0.13010702 0.38176491
v -0.13666010 0.13003558 0.38181077
v -0.02555858 0.12997728 0.40483620
v -0.04103774 0.11941422 0.42379748
v 0.15652924 0.11947821 0.39583221
v -0.15666839 0.11945039 0.39583420
v 0.26010449 0.11935537 0.33723822
v -0.26010496 0.11935535 0.33723790
v 0.34339928 0.11896682 0.25316474
v -0.34339928 0.11896682 0.25316474
v 0.39968966 0.11904766 0.14876879
v -0.39968966 0.11904766 0.14876879
v 0.42392186 0.11973607 0.03250449
v -0.42392186 0.11973607 0.03250449
v 0.41638105 0.11974300 -0.08591783
v -0.41638105 0.11974300 -0.08591783
v 0.03846215 0.11870589 0.42539490
v 0.37644113 0.11972969 -0.19765806
v -0.37644113 0.11972969 -0.19765806
v 0.30815710 0.11923829 -0.29430143
v -0.30815710 0.11923829 -0.29430143
v 0.21487380 0.11922693 -0.36799706
v -0.21487380 0.11922693 -0.36799706
v 0.10455800 0.11940780 -0.41275471
v -0.10455800 0.11940780 -0.41275471
v 0.13082460 0.12017836 -0.40365199
v -0.13082460 0.12017836 -0.40365199
v 0.23741681 0.12011069 -0.35184195
v -0.23741681 0.12011069 -0.35184195
v 0.32526799 0.12014678 -0.27258364
v -0.32526799 0.12014678 -0.27258364
v 0.06340426 0.11946166 -0.42094097
v -0.06340426 0.11946166 -0.42094097
v 0.38736695 0.12043841 -0.17197782
v -0.38736695 0.12043841 -0.17197782
v 0.17807787 0.11864095 -0.38837380
v -0.17807787 0.11864095 -0.38837380
v 0.41980066 0.12044299 -0.05821957
v -0.41980066 0.12044299 -0.05821957
v 0.27848515 0.11863357 -0.32404318
v -0.27848515 0.11863357 -0.32404318
v 0.41958220 0.12042025 0.06008029
v -0.41958220 0.12042025 0.06008029
v 0.35659942 0.11883073 -0.23467798
v -0.35659942 0.11883073 -0.23467798
v 0.38827842 0.11982533 0.17280476
v -0.38827842 0.11982533 0.17280476
v 0.40745632 0.11888978 -0.12696508
v -0.40745632 0.11888978 -0.12696508
v 0.32556540 0.11980716 0.27323659
v -0.32556540 0.11980716 0.27323659
v 0.42667689 0.11888919 -0.00941171
v -0.42667689 0.11888919 -0.00941171
v 0.23709756 0.12046392 0.35124499
v -0.23709961 0.12046375 0.35124400
v 0.41293654 0.11873066 0.10901025
v -0.41293654 0.11873066 0.10901025
v 0.13032448 0.12057931 0.40301047
v -0.13075450 0.12049826 0.40303358
v 0.36811760 0.11830007 0.21815383
v -0.36811760 0.11830007 0.21815383
v -0.01389134 0.12037148 0.42372718
v 0.29359622 0.11838040 0.31108177
v -0.29359627 0.11838040 0.31108173
v 0.19577946 0.11875435 0.37951501
v -0.19580087 0.11875088 0.37951142
v 0.08177577 0.11854284 0.41954559
v -0.08326114 0.11874985 0.41885100
v 0.01562335 0.12141877 -0.42166892
v -0.01562335 0.12141877 -0.42166892
v 0.03406073 0.10406902 -0.45375750
v -0.03406073 0.10406902 -0.45375750
v 0.00725330 0.10325317 0.45653181
v 0.11899321 0.10329302 0.44073250
v -0.11918929 0.10328899 0.44068748
v 0.23632279 0.10328575 0.39060045
v -0.23632436 0.10328559 0.39059986
v 0.33517146 0.10317666 0.31026956
v -0.33517146 0.10317666 0.31026955
v 0.40783962 0.10317348 0.20561981
v -0.40783962 0.10317348 0.20561981
v 0.44764132 0.10378215 0.08468334
v -0.44764132 0.10378215 0.08468334
v 0.45358507 0.10379652 -0.04230406
v -0.45358507 0.10379652 -0.04230406
v 0.42423687 0.10379597 -0.16599123
v -0.42423687 0.10379597 -0.16599123
v 0.36193131 0.10375343 -0.27678446
v -0.36193131 0.10375343 -0.27678446
v 0.27143632 0.10373298 -0.36600786
v -0.27143632 0.10373298 -0.36600786
v 0.15971812 0.10374292 -0.42674615
v -0.15971812 0.10374292 -0.42674615
v 0.09132760 0.10388925 -0.44612474
v -0.09132760 0.10388925 -0.44612474
v 0.21125878 0.10374380 -0.40372064
v -0.21125878 0.10374380 -0.40372064
v 0.31458292 0.10374451 -0.32963159
v -0.31458292 0.10374451 -0.32963159
v 0.39320939 0.10382962 -0.22990852
v -0.39320939 0.10382962 -0.22990852
v 0.44141318 0.10383750 -0.11230438
v -0.44141318 0.10383750 -0.11230438
v 0.45526073 0.10383662 0.01403829
v -0.45526073 0.10383662 0.01403829
v 0.43389315 0.10371385 0.13931767
v -0.43389315 0.10371385 0.13931767
v 0.37870677 0.10365914 0.25367091
v -0.37870677 0.10365914 0.25367091
v 0.29389216 0.10370783 0.34829661
v -0.29389222 0.10370783 0.34829657
v 0.18614621 0.10375740 0.41586849
v -0.18616492 0.10375446 0.41586625
v 0.06358283 0.10359198 0.45148832
v -0.06398570 0.10374980 0.45112752
v -0.02491594 0.14583944 -0.37457459
v 0.02491594 0.14583944 -0.37457459
v 0.00365667 0.14674653 0.37365518
v -0.10003501 0.14676097 0.36000553
v 0.09975375 0.14692396 0.35976113
v -0.19567716 0.14675455 0.31832465
v 0.19567466 0.14675498 0.31832524
v 0.05497541 0.12721802 0.40720824
v -0.05709008 0.12808470 0.40524866
v 0.16686478 0.12811519 0.37362324
v -0.16693545 0.12809969 0.37362403
v 0.26408844 0.12786680 0.31318245
v -0.26408864 0.12786679 0.31318229
v 0.34037706 0.12757036 0.22898200
v -0.34037706 0.12757036 0.22898200
v 0.38976080 0.12775970 0.12680610
v -0.38976080 0.12775970 0.12680610
v 0.40877885 0.12820960 0.01381245
v -0.40877885 0.12820960 0.01381245
v 0.39666539 0.12821301 -0.09971043
v -0.39666539 0.12821301 -0.09971043
v 0.35370192 0.12818408 -0.20548887
v -0.35370192 0.12818408 -0.20548887
v -0.32456771 0.14560071 -0.18953798
v 0.32456771 0.14560071 -0.18953798
v -0.36429168 0.14561462 -0.09241471
v 0.36429168 0.14561462 -0.09241471
v -0.37564546 0.14561307 0.01190015
v 0.37564546 0.14561307 0.01190015
v -0.35770819 0.14545806 0.11626777
v 0.35770819 0.14545806 0.11626777
v -0.31208000 0.14538400 0.21020384
v 0.31208000 0.14538400 0.21020384
v -0.24261739 0.14547157 0.28738610
v 0.24261730 0.14547158 0.28738617
v -0.15348375 0.14560961 0.34307263
v 0.15345271 0.14561795 0.34306909
v -0.05262439 0.14560401 0.37214889
v 0.05225655 0.14723667 0.36905739
v 0.14318096 0.12814395 -0.38326561
v -0.14318096 0.12814395 -0.38326561
v 0.36843584 0.12703736 0.18269932
v -0.36843584 0.12703736 0.18269932
v 0.24360791 0.12810817 -0.32879222
v -0.24360791 0.12810817 -0.32879222
v 0.30371098 0.12704862 0.27724718
v -0.30371099 0.12704862 0.27724717
v 0.32471021 0.12818254 -0.24878987
v -0.32471021 0.12818254 -0.24878987
v 0.21434436 0.12818888 0.34839594
v -0.21434978 0.12818818 0.34839417
v 0.38044930 0.12838484 -0.14925172
v -0.38044930 0.12838484 -0.14925172
v 0.10870312 0.12844697 0.39383319
v -0.10967979 0.12820544 0.39404029
v 0.40687734 0.12838693 -0.03827953
v -0.40687734 0.12838693 -0.03827953
v 0.40169833 0.12833513 0.07572101
v -0.40169833 0.12833513 0.07572101
v 0.00431519 0.12804483 0.40930351
v 0.28496087 0.12744137 -0.29544613
v -0.28496087 0.12744137 -0.29544613
v 0.19222512 0.12743802 -0.36269251
v -0.19222512 0.12743802 -0.36269251
v 0.08403093 0.12775599 -0.40117064
v -0.08403093 0.12775599 -0.40117064
v -0.08273181 0.13802119 -0.38143826
v 0.08273181 0.13802119 -0.38143826
v -0.18544022 0.13780989 -0.34389857
v 0.18544022 0.13780989 -0.34389857
v -0.27325785 0.13781359 -0.27924711
v 0.27325785 0.13781359 -0.27924711
v -0.33883918 0.13708883 -0.19727741
v 0.33883918 0.13708883 -0.19727741
v -0.38012337 0.13711347 -0.09591535
v 0.38012337 0.13711347 -0.09591535
v -0.39183065 0.13711070 0.01290032
v 0.39183065 0.13711070 0.01290032
v -0.37348186 0.13672215 0.12161547
v 0.37348186 0.13672215 0.12161547
v -0.32608903 0.13657211 0.21947609
v 0.32608903 0.13657211 0.21947609
v -0.25327748 0.13684259 0.29991535
v 0.25327732 0.13684260 0.29991548
v -0.16017115 0.13706716 0.35792174
v 0.16011447 0.13708111 0.35791796
v -0.05493150 0.13705632 0.38828018
v 0.05043419 0.13625109 0.39043781
v 0.04907520 0.11547471 -0.43050195
v -0.04907520 0.11547471 -0.43050195
v 0.02275299 0.11405763 0.43539753
v -0.01595594 0.14700768 -0.37283394
v 0.01595594 0.14700768 -0.37283394
v 0.26114891 0.10250494 0.37627086
v -0.26114925 0.10250492 0.37627067
v 0.35502131 0.10242022 0.28963142
v -0.35502131 0.10242022 0.28963142
v 0.42119775 0.10242613 0.18030150
v -0.42119775 0.10242613 0.18030150
v -0.02137065 0.10248884 0.45754773
v 0.14693392 0.10252194 0.43377328
v -0.14700567 0.10251318 0.43376660
v 0.07938221 0.13491548 0.38819462
v 0.29798780 0.14105259 0.24303316
v -0.29798780 0.14105259 0.24303316
v -0.35344830 0.14107189 0.15135338
v 0.35344830 0.14107189 0.15135338
v -0.27586711 0.14835119 0.24749146
v 0.27586710 0.14835119 0.24749146
v -0.33351096 0.14834828 0.16164541
v 0.33351096 0.14834828 0.16164541
v -0.34353913 0.14973591 0.13185515
v 0.34353913 0.14973591 0.13185515
v 0.29379004 0.14971987 0.22161867
v -0.29379004 0.14971987 0.22161867
v 0.11210767 0.13726078 -0.28553208
v -0.11210767 0.13726078 -0.28553208
v 0.26149076 0.13767656 -0.16290787
v -0.26149076 0.13767656 -0.16290787
v 0.30702732 0.13767737 0.02553848
v -0.30702732 0.13767737 0.02553848
v 0.23098288 0.13767764 0.20387602
v -0.23098295 0.13767763 0.20387593
v 0.06346420 0.13768112 0.30149246
v -0.06356870 0.13762158 0.30127531
v 0.12841498 0.13725680 0.27856501
v -0.12842442 0.13725132 0.27854129
v 0.26938114 0.13725664 0.14670503
v -0.26938114 0.13725664 0.14670503
v 0.30367204 0.13725585 -0.04324698
v -0.30367204 0.13725585 -0.04324698
v 0.21771246 0.13725259 -0.21605990
v -0.21771246 0.13725259 -0.21605990
v 0.04672865 0.13595221 -0.29892562
v -0.04672865 0.13595221 -0.29892562
v 0.14474157 0.13734849 -0.27077517
v -0.14474157 0.13734849 -0.27077517
v 0.27814014 0.13747599 -0.13099086
v -0.27814014 0.13747599 -0.13099086
v 0.30131577 0.13747679 0.06108126
v -0.30131577 0.13747679 0.06108126
v 0.20517196 0.13747690 0.22896898
v -0.20517224 0.13747685 0.22896852
v 0.02777633 0.13749189 0.30623578
v -0.02834927 0.13662227 0.30338280
v 0.15822364 0.13650437 0.25996127
v -0.15822567 0.13650319 0.25995559
v 0.28217441 0.13650434 0.11398293
v -0.28217441 0.13650434 0.11398293
v 0.29438732 0.13650341 -0.07712853
v -0.29438732 0.13650341 -0.07712853
v 0.19002212 0.13648947 -0.23764911
v -0.19002212 0.13648947 -0.23764911
v 0.00959636 0.12930689 -0.28108397
v -0.00959636 0.12930689 -0.28108397
v 0.17339516 0.13649288 -0.25005254
v -0.17339516 0.13649288 -0.25005254
v 0.28850891 0.13652566 -0.09705017
v -0.28850891 0.13652566 -0.09705017
v 0.28935920 0.13652651 0.09449360
v -0.28935920 0.13652651 0.09449360
v 0.17562723 0.13652655 0.24862208
v -0.17562818 0.13652614 0.24861980
v -0.00763872 0.13658387 0.30448552
v 0.02719637 0.13670228 -0.30374592
v -0.02719637 0.13670228 -0.30374592
v 0.10937536 0.14410726 -0.30997429
v -0.10937536 0.14410726 -0.30997429
v 0.27354968 0.14440236 -0.18395800
v -0.27354968 0.14440236 -0.18395800
v 0.32927056 0.14440301 0.01588264
v -0.32927056 0.14440301 0.01588264
v 0.25457485 0.14440327 0.20943630
v -0.25457488 0.14440327 0.20943627
v 0.07904232 0.14440477 0.32004280
v -0.07908950 0.14436858 0.31991162
v 0.12655910 0.14402783 0.30308817
v -0.12656963 0.14402135 0.30306126
v 0.28255284 0.14402764 0.16746090
v -0.28255284 0.14402764 0.16746090
v 0.32663191 0.14402709 -0.03449188
v -0.32663191 0.14402709 -0.03449188
v 0.24134164 0.14402556 -0.22277585
v -0.24134164 0.14402556 -0.22277585
v 0.06038415 0.14318002 -0.32008595
v -0.06038415 0.14318002 -0.32008595
v 0.14508784 0.14437863 -0.29592117
v -0.14508784 0.14437863 -0.29592117
v 0.29340524 0.14448957 -0.15089003
v -0.29340524 0.14448957 -0.15089003
v 0.32544007 0.14449023 0.05426405
v -0.32544007 0.14449023 0.05426405
v 0.22857427 0.14449034 0.23792827
v -0.22857442 0.14449033 0.23792807
v 0.04116768 0.14449714 0.32737697
v -0.04221160 0.14431169 0.32664442
v 0.16102117 0.14419296 0.28687966
v -0.16102362 0.14419162 0.28687336
v 0.30050756 0.14419293 0.13387641
v -0.30050756 0.14419293 0.13387641
v 0.32096793 0.14419221 -0.07215089
v -0.32096793 0.14419221 -0.07215089
v 0.21429978 0.14418626 -0.24957810
v -0.21429978 0.14418626 -0.24957810
v 0.02180142 0.13994953 -0.31461886
v -0.02180142 0.13994953 -0.31461886
v 0.17794000 0.14423326 -0.27685761
v -0.17794000 0.14423326 -0.27685761
v 0.30817143 0.14426570 -0.11580864
v -0.30817143 0.14426570 -0.11580864
v 0.31632555 0.14426642 0.09121916
v -0.31632555 0.14426642 0.09121916
v 0.19918912 0.14426646 0.26211936
v -0.19918969 0.14426632 0.26211839
v 0.00315426 0.14429329 0.32928647
v 0.08985690 0.13955322 -0.30097534
v -0.08985690 0.13955322 -0.30097534
v 0.25311300 0.14016491 -0.18928874
v -0.25311300 0.14016491 -0.18928874
v 0.31606632 0.14016584 -0.00061565
v -0.31606632 0.14016584 -0.00061565
v 0.25385004 0.14016627 0.18830645
v -0.25385005 0.14016627 0.18830643
v 0.09109786 0.14016732 0.30265902
v -0.09114481 0.14014204 0.30256022
v 0.10156911 0.13860804 0.29402278
v -0.10160387 0.13859089 0.29395258
v 0.25708625 0.13860736 0.17513136
v -0.25708626 0.13860736 0.17513135
v 0.31079161 0.13860684 -0.01310985
v -0.31079161 0.13860684 -0.01310985
v 0.24142246 0.13860561 -0.19615311
v -0.24142246 0.13860561 -0.19615311
v 0.07643343 0.13766520 -0.29841564
v -0.07643343 0.13766520 -0.29841564
v 0.12396420 0.13954464 -0.28857582
v -0.12396420 0.13954464 -0.28857582
v 0.27246076 0.13981552 -0.15797031
v -0.27246076 0.13981552 -0.15797031
v 0.31287513 0.13981629 0.03605828
v -0.31287513 0.13981629 0.03605828
v 0.22938418 0.13981650 0.21581095
v -0.22938427 0.13981649 0.21581082
v 0.05504542 0.13982144 0.31011523
v -0.05498833 0.13975893 0.30992177
v 0.14052920 0.13950697 0.28074687
v -0.14053492 0.13950347 0.28073147
v 0.28040336 0.13950688 0.14121274
v -0.28040336 0.13950688 0.14121274
v 0.30922996 0.13950606 -0.05424268
v -0.30922996 0.13950606 -0.05424268
v 0.21559582 0.13950148 -0.22819876
v -0.21559582 0.13950148 -0.22819876
v 0.03822377 0.13765540 -0.30563627
v -0.03822377 0.13765540 -0.30563627
v 0.15710221 0.13958573 -0.27211176
v -0.15710221 0.13958573 -0.27211176
v 0.28873878 0.13966577 -0.12456793
v -0.28873878 0.13966577 -0.12456793
v 0.30597773 0.13966657 0.07257059
v -0.30597773 0.13966657 0.07257059
v 0.20204249 0.13966664 0.24097272
v -0.20204288 0.13966656 0.24097203
v 0.01809020 0.13968760 0.31401280
v -0.01825527 0.13781780 0.30799743
v 0.16916060 0.13773639 0.25771947
v -0.16916199 0.13773569 0.25771587
v 0.28960825 0.13773635 0.10564862
v -0.28960825 0.13773635 0.10564862
v 0.29537026 0.13773546 -0.08825656
v -0.29537026 0.13773546 -0.08825656
v 0.18415545 0.13771437 -0.24713942
v -0.18415545 0.13771437 -0.24713942
v 0.01262772 0.13586255 -0.30200453
v -0.01262772 0.13586255 -0.30200453
v 0.01002203 0.14551778 -0.33307716
v -0.01002203 0.14551778 -0.33307716
v 0.00710839 0.14976733 -0.34678122
v -0.00710839 0.14976733 -0.34678122
v 0.01130748 0.14108137 -0.31880210
v -0.01130748 0.14108137 -0.31880210
v -0.09090507 0.13093258 -0.27165397
v 0.09090507 0.13093258 -0.27165397
v -0.23848054 0.13200382 -0.16482229
v 0.23848054 0.13200382 -0.16482229
v -0.28971706 0.13200463 0.01024139
v 0.28971706 0.13200463 0.01024139
v -0.22624829 0.13200497 0.18125450
v 0.22624826 0.13200497 0.18125454
v -0.07331674 0.13197266 0.28036778
v 0.07319817 0.13200688 0.28051214
v -0.11015717 0.13202598 0.26822742
v 0.11013910 0.13203446 0.26826424
v -0.24856267 0.13203416 0.14937325
v 0.24856267 0.13203416 0.14937325
v -0.28857131 0.13203352 -0.02865619
v 0.28857131 0.13203352 -0.02865619
v -0.21432825 0.13203147 -0.19533094
v 0.21432825 0.13203147 -0.19533094
v -0.05457453 0.13089404 -0.28108796
v 0.05457453 0.13089404 -0.28108796
v -0.12338412 0.13158371 -0.26083806
v 0.12338412 0.13158371 -0.26083806
v -0.25536040 0.13184148 -0.13612089
v 0.25536040 0.13184148 -0.13612089
v -0.28611268 0.13184217 0.04334317
v 0.28611268 0.13184217 0.04334317
v -0.20358671 0.13184230 0.20564968
v 0.20358658 0.13184232 0.20564991
v -0.04129132 0.13171180 0.28599364
v 0.04045220 0.13185048 0.28656263
v -0.13723128 0.13151262 0.25356699
v 0.13722765 0.13151493 0.25357738
v -0.26151593 0.13151486 0.12141755
v 0.26151592 0.13151486 0.12141755
v -0.28226282 0.13151398 -0.05881203
v 0.28226282 0.13151398 -0.05881203
v -0.19125423 0.13150677 -0.21573051
v 0.19125423 0.13150677 -0.21573051
v -0.02118743 0.13180370 -0.28847673
v 0.02118743 0.13180370 -0.28847673
v -0.15202658 0.13145534 -0.24476660
v 0.15202658 0.13145534 -0.24476660
v -0.26828172 0.13151790 -0.10565665
v 0.26828172 0.13151790 -0.10565665
v -0.27828070 0.13151849 0.07549401
v 0.27828070 0.13151849 0.07549401
v -0.17810330 0.13151836 0.22675642
v 0.17810284 0.13151854 0.22675752
v 0.00741692 0.13154989 0.28834453
v -0.00518839 0.13207322 0.29007156
v -0.16897586 0.13202008 0.23561993
v 0.16897511 0.13202048 0.23562202
v -0.27625488 0.13202043 0.08805391
v 0.27625488 0.13202043 0.08805391
v -0.27415771 0.13201980 -0.09437482
v 0.27415771 0.13201980 -0.09437482
v -0.16349025 0.13198263 -0.23931340
v 0.16349025 0.13198263 -0.23931340
v -0.18263022 0.13199850 -0.22511257
v 0.18263022 0.13199850 -0.22511257
v -0.28096542 0.13201153 -0.07149909
v 0.28096542 0.13201153 -0.07149909
v -0.26805241 0.13201239 0.11046811
v 0.26805241 0.13201239 0.11046811
v -0.14901087 0.13201110 0.24869390
v 0.14900883 0.13201243 0.24870011
v -0.02897349 0.13214085 0.28888551
v 0.02630958 0.13244206 0.29011011
v -0.19434913 0.13242684 0.21692407
v 0.19434889 0.13242690 0.21692453
v -0.28543820 0.13242680 0.05790156
v 0.28543820 0.13242680 0.05790156
v -0.26351380 0.13242614 -0.12404351
v 0.26351380 0.13242614 -0.12404351
v -0.13717731 0.13228323 -0.25640200
v 0.13717731 0.13228323 -0.25640200
v -0.04507146 0.13157718 -0.28498529
v 0.04507146 0.13157718 -0.28498529
v -0.20671524 0.13244538 -0.20525853
v 0.20671524 0.13244538 -0.20525853
v -0.28839873 0.13244876 -0.04116733
v 0.28839873 0.13244876 -0.04116733
v -0.25589658 0.13244950 0.13923684
v 0.25589658 0.13244950 0.13923684
v -0.12208444 0.13244439 0.26449159
v 0.12207470 0.13244966 0.26451471
v -0.06010317 0.13274055 0.28601084
v 0.05988665 0.13279864 0.28624653
v -0.21899573 0.13279495 0.19379745
v 0.21899567 0.13279495 0.19379754
v -0.29139226 0.13279470 0.02463072
v 0.29139226 0.13279470 0.02463072
v -0.24841708 0.13279396 -0.15428442
v 0.24841708 0.13279396 -0.15428442
v -0.10663749 0.13223190 -0.27035601
v 0.10663749 0.13223190 -0.27035601
v -0.08524530 0.12673998 -0.25936747
v 0.08524530 0.12673998 -0.25936747
v -0.22642389 0.12838300 -0.16178665
v 0.22642389 0.12838300 -0.16178665
v -0.27823387 0.12838370 0.00546477
v 0.27823387 0.12838370 0.00546477
v -0.21989769 0.12838400 0.17055638
v 0.21989768 0.12838400 0.17055641
v -0.07459585 0.12836235 0.26803229
v 0.07450592 0.12838534 0.26813379
v -0.07718573 0.12826564 -0.26697519
v 0.07718573 0.12826564 -0.26697519
v -0.22909085 0.13123443 -0.17358700
v 0.22909085 0.13123443 -0.17358700
v -0.28742138 0.13123537 -0.00239913
v 0.28742138 0.13123537 -0.00239913
v -0.23195847 0.13123578 0.16974340
v 0.23195845 0.13123578 0.16974342
v -0.08472176 0.13121542 0.27459469
v 0.08465645 0.13123685 0.27468675
v 0.01040495 0.14668200 0.33680027
v 0.20951957 0.14666549 0.26383436
v -0.20951994 0.14666542 0.26383379
v 0.32563685 0.14666546 0.08641520
v -0.32563685 0.14666546 0.08641520
v 0.31276626 0.14666488 -0.12523168
v -0.31276626 0.14666488 -0.12523168
v 0.17598952 0.14663346 -0.28716809
v -0.17598952 0.14663346 -0.28716809
v 0.02369549 0.14477377 -0.32999259
v -0.02369549 0.14477377 -0.32999259
v 0.22470429 0.14656722 -0.25060481
v -0.22470429 0.14656722 -0.25060481
v 0.32992059 0.14657077 -0.06674472
v -0.32992059 0.14657077 -0.06674472
v 0.30445363 0.14657133 0.14356761
v -0.30445363 0.14657133 0.14356761
v 0.15838904 0.14657136 0.29701288
v -0.15839153 0.14656994 0.29700639
v 0.05005904 0.14682693 0.33369176
v -0.05036628 0.14668529 0.33318620
v 0.23948738 0.14682300 0.23768337
v -0.23948747 0.14682299 0.23768326
v 0.33404682 0.14682289 0.04754023
v -0.33404682 0.14682289 0.04754023
v 0.29628724 0.14682237 -0.16143140
v -0.29628724 0.14682237 -0.16143140
v 0.14110463 0.14671956 -0.30612638
v -0.14110463 0.14671956 -0.30612638
v 0.06998886 0.14567168 -0.32629974
v -0.06998886 0.14567168 -0.32629974
v 0.25222779 0.14623620 -0.22127481
v -0.25222779 0.14623620 -0.22127481
v 0.33446459 0.14623718 -0.02677573
v -0.33446459 0.14623718 -0.02677573
v 0.28422039 0.14623759 0.17833439
v -0.28422039 0.14623759 0.17833439
v 0.12139352 0.14623780 0.31280737
v -0.12140488 0.14623061 0.31277824
v 0.08870565 0.14649461 0.32445250
v -0.08873747 0.14647129 0.32436629
v 0.26496362 0.14649374 0.20719683
v -0.26496364 0.14649374 0.20719682
v 0.33626437 0.14649350 0.00787332
v -0.33626437 0.14649350 0.00787332
v 0.27436977 0.14649294 -0.19456555
v -0.27436977 0.14649294 -0.19456555
v 0.10372776 0.14622090 -0.31904394
v -0.10372776 0.14622090 -0.31904394
v -0.09703844 0.13017897 0.26695421
v 0.09700653 0.13019120 0.26700756
v -0.23727598 0.13019068 0.15621284
v 0.23727598 0.13019068 0.15621285
v -0.28360488 0.13019020 -0.01642397
v 0.28360488 0.13019020 -0.01642397
v -0.21765496 0.13018887 -0.18255239
v 0.21765496 0.13018887 -0.18255239
v -0.06259350 0.12840369 -0.27122256
v 0.06259350 0.12840369 -0.27122256
v -0.11024295 0.12801450 -0.25423010
v 0.11024295 0.12801450 -0.25423010
v -0.24105516 0.12838715 -0.13907737
v 0.24105516 0.12838715 -0.13907737
v -0.27640577 0.12838770 0.03241803
v 0.27640577 0.12838770 0.03241803
v -0.20233356 0.12838784 0.19108236
v 0.20233349 0.12838785 0.19108248
v -0.04853894 0.12834183 0.27388541
v 0.04815930 0.12839255 0.27411754
v -0.12386023 0.12806764 0.24807167
v 0.12385509 0.12807066 0.24808505
v -0.24750561 0.12807056 0.12500831
v 0.24750561 0.12807056 0.12500832
v -0.27317294 0.12806988 -0.04755462
v 0.27317294 0.12806988 -0.04755462
v -0.19069672 0.12806563 -0.20127619
v 0.19069672 0.12806563 -0.20127619
v -0.03260937 0.12809108 -0.27542555
v 0.03260937 0.12809108 -0.27542555
v -0.13844852 0.12791426 -0.23966732
v 0.13844852 0.12791426 -0.23966732
v -0.25439092 0.12799839 -0.10974094
v 0.25439092 0.12799839 -0.10974094
v -0.26958081 0.12799879 0.06391173
v 0.26958081 0.12799879 0.06391173
v -0.17805103 0.12799874 0.21226465
v 0.17805079 0.12799885 0.21226528
v -0.01634160 0.12836457 0.27774584
v 0.01603915 0.12801738 0.27664834
v -0.15260310 0.12829062 0.23235791
v 0.15260216 0.12829128 0.23236109
v -0.26117178 0.12829125 0.09522783
v 0.26117178 0.12829125 0.09522783
v -0.26634841 0.12829068 -0.07960240
v 0.26634841 0.12829068 -0.07960240
v -0.16606975 0.12827103 -0.22285382
v 0.16606975 0.12827103 -0.22285382
v 0.09358195 0.14624169 -0.32223535
v -0.09358195 0.14624169 -0.32223535
v 0.26826358 0.14658121 -0.20337074
v -0.26826358 0.14658121 -0.20337074
v 0.33662776 0.14658181 -0.00283562
v -0.33662776 0.14658181 -0.00283562
v 0.27165243 0.14658210 0.19882623
v -0.27165244 0.14658210 0.19882621
v 0.09907073 0.14658266 0.32173456
v -0.09909428 0.14656670 0.32167375
v 0.11129481 0.14646443 0.31731134
v -0.11131118 0.14645397 0.31727008
v 0.27881282 0.14646408 0.18797788
v -0.27881282 0.14646408 0.18797787
v 0.33588912 0.14646374 -0.01581254
v -0.33588912 0.14646374 -0.01581254
v 0.25991909 0.14646299 -0.21333540
v -0.25991909 0.14646299 -0.21333540
v 0.08093636 0.14601693 -0.32489905
v -0.08093636 0.14601693 -0.32489905
v 0.13250073 0.14738177 -0.31225542
v -0.13250073 0.14738177 -0.31225542
v 0.29308824 0.14750282 -0.17153029
v -0.29308824 0.14750282 -0.17153029
v 0.33751394 0.14750329 0.03753279
v -0.33751394 0.14750329 0.03753279
v 0.24824461 0.14750341 0.23173101
v -0.24824466 0.14750341 0.23173094
v 0.06063641 0.14750583 0.33414538
v -0.06074119 0.14743303 0.33388908
v 0.15040237 0.14729802 0.30373821
v -0.15040563 0.14729603 0.30372946
v 0.30206764 0.14729798 0.15372970
v -0.30206764 0.14729798 0.15372970
v 0.33407771 0.14729750 -0.05717264
v -0.33407771 0.14729750 -0.05717264
v 0.23375528 0.14729527 -0.24541854
v -0.23375528 0.14729527 -0.24541854
v 0.03921601 0.14628935 -0.33340351
v -0.03921601 0.14628935 -0.33340351
v 0.16853151 0.14740091 -0.29444635
v -0.16853151 0.14740091 -0.29444635
v 0.31115359 0.14744022 -0.13553782
v -0.31115359 0.14744022 -0.13553782
v 0.33049957 0.14744073 0.07718935
v -0.33049957 0.14744073 0.07718935
v 0.21892861 0.14744077 0.25934249
v -0.21892884 0.14744073 0.25934214
v 0.02063093 0.14745130 0.33880015
v -0.02025999 0.14749480 0.33896226
v 0.18616812 0.14745398 0.28382820
v -0.18616899 0.14745366 0.28382642
v 0.31885550 0.14745397 0.11639654
v -0.31885550 0.14745397 0.11639654
v 0.32523765 0.14745343 -0.09714054
v -0.32523765 0.14745343 -0.09714054
v 0.20278434 0.14744360 -0.27216341
v -0.20278434 0.14744360 -0.27216341
v -0.01839803 0.12669108 -0.27223917
v 0.01839803 0.12669108 -0.27223917
v -0.00875706 0.14532579 0.33249699
v 0.19153472 0.14528902 0.27178476
v -0.19153547 0.14528877 0.27178327
v 0.31596203 0.14528899 0.10353958
v -0.31596203 0.14528899 0.10353958
v 0.31523867 0.14528833 -0.10571483
v -0.31523867 0.14528833 -0.10571483
v 0.18964297 0.14526875 -0.27302900
v -0.18964297 0.14526875 -0.27302900
v 0.20734138 0.14525077 -0.25977013
v -0.20734138 0.14525077 -0.25977013
v 0.32148379 0.14525940 -0.08448395
v -0.32148379 0.14525940 -0.08448395
v 0.30828724 0.14526006 0.12429703
v -0.30828724 0.14526006 0.12429703
v 0.17297964 0.14526008 0.28384655
v -0.17298117 0.14525935 0.28384288
v 0.03105456 0.14625061 0.33413774
v -0.03082772 0.14533557 0.33121211
v 0.22450379 0.14624220 0.24938396
v -0.22450398 0.14624218 0.24938371
v 0.32902041 0.14624214 0.06587668
v -0.32902041 0.14624214 0.06587668
v 0.30321100 0.14624157 -0.14372206
v -0.30321100 0.14624157 -0.14372206
v 0.15725802 0.14617564 -0.29617738
v -0.15725802 0.14617564 -0.29617738
v 0.05048177 0.14506929 -0.32792695
v -0.05048177 0.14506929 -0.32792695
v 0.23848309 0.14597733 -0.23484222
v -0.23848309 0.14597733 -0.23484222
v 0.33154916 0.14597913 -0.04587015
v -0.33154916 0.14597913 -0.04587015
v 0.29329002 0.14597964 0.16127920
v -0.29329002 0.14597964 0.16127920
v 0.13885700 0.14597973 0.30454712
v -0.13886281 0.14597608 0.30453159
v 0.07029731 0.14623825 0.32809161
v -0.07035659 0.14619052 0.32792235
v 0.25237350 0.14623637 0.22110944
v -0.25237354 0.14623637 0.22110939
v 0.33447919 0.14623619 0.02655270
v -0.33447919 0.14623619 0.02655270
v 0.28409741 0.14623565 -0.17851856
v -0.28409741 0.14623565 -0.17851856
v 0.12109675 0.14604616 -0.31226341
v -0.12109675 0.14604616 -0.31226341
v 0.11380187 0.14791035 -0.32134362
v -0.11380187 0.14791035 -0.32134362
v 0.28363548 0.14808931 -0.19014486
v -0.28363548 0.14808931 -0.19014486
v 0.34105343 0.14808973 0.01695994
v -0.34105343 0.14808973 0.01695994
v 0.26337211 0.14808990 0.21734900
v -0.26337213 0.14808990 0.21734898
v 0.08135914 0.14809091 0.33164492
v -0.08139436 0.14806374 0.33154655
v 0.13209144 0.14789228 0.31420525
v -0.13209811 0.14788805 0.31418773
v 0.29363752 0.14789216 0.17306022
v -0.29363752 0.14789216 0.17306022
v 0.33886544 0.14789180 -0.03663685
v -0.33886544 0.14789180 -0.03663685
v 0.24986205 0.14789078 -0.23181622
v -0.24986205 0.14789078 -0.23181622
v 0.06164957 0.14734298 -0.33342895
v -0.06164957 0.14734298 -0.33342895
v 0.15148558 0.14815388 -0.30626413
v -0.15148558 0.14815388 -0.30626413
v 0.30460664 0.14821895 -0.15525145
v -0.30460664 0.14821895 -0.15525145
v 0.33702549 0.14821938 0.05747152
v -0.33702549 0.14821938 0.05747152
v 0.23593950 0.14821944 0.24743052
v -0.23593960 0.14821944 0.24743038
v 0.04138677 0.14822402 0.33939132
v -0.04157804 0.14795101 0.33848598
v 0.16870718 0.14787831 0.29610884
v -0.16870875 0.14787750 0.29610493
v 0.31218999 0.14787830 0.13667453
v -0.31218999 0.14787830 0.13667453
v 0.33200612 0.14787782 -0.07689873
v -0.33200612 0.14787782 -0.07689873
v 0.22030676 0.14787351 -0.25999420
v -0.22030676 0.14787351 -0.25999420
v 0.18617767 0.14790691 -0.28555724
v -0.18617767 0.14790691 -0.28555724
v 0.31994610 0.14792636 -0.11782223
v -0.31994610 0.14792636 -0.11782223
v 0.32696668 0.14792684 0.09665101
v -0.32696668 0.14792684 0.09665101
v 0.20446756 0.14792686 0.27284006
v -0.20446798 0.14792676 0.27283932
v 0.00097186 0.14794609 0.34101290
v -0.00829611 0.12494008 -0.26711677
v 0.00829611 0.12494008 -0.26711677
v -0.09593445 0.12736146 -0.25773420
v 0.09593445 0.12736146 -0.25773420
v -0.23235778 0.12814064 -0.15172553
v 0.23235778 0.12814064 -0.15172553
v -0.27698403 0.12814123 0.01707805
v 0.27698403 0.12814123 0.01707805
v -0.21195961 0.12814144 0.17912376
v 0.21195957 0.12814144 0.17912381
v -0.06318688 0.12811096 0.27012103
v 0.06302301 0.12814383 0.27026754
v -0.10773390 0.12757816 0.25378417
v 0.10772117 0.12758398 0.25380986
v -0.23798350 0.12758376 0.13923634
v 0.23798349 0.12758376 0.13923634
v -0.27403384 0.12758327 -0.03045482
v 0.27403384 0.12758327 -0.03045482
v -0.20160281 0.12758123 -0.18808171
v 0.20160281 0.12758123 -0.18808171
v -0.04722186 0.12687724 -0.26934894
v 0.04722186 0.12687724 -0.26934894
v -0.12304616 0.12697369 -0.24455601
v 0.12304616 0.12697369 -0.24455601
v -0.24513270 0.12714108 -0.12309395
v 0.24513270 0.12714108 -0.12309395
v -0.27013052 0.12714151 0.04766986
v 0.27013052 0.12714151 0.04766986
v -0.18819394 0.12714156 0.19956465
v 0.18819383 0.12714159 0.19956492
v -0.03244458 0.12714004 0.27237417
v 0.03175832 0.12715041 0.27248852
v -0.13631476 0.12700365 0.23752661
v 0.13631280 0.12700503 0.23753285
v -0.25119404 0.12700499 0.10910779
v 0.25119404 0.12700499 0.10910779
v -0.26663506 0.12700411 -0.06250728
v 0.26663506 0.12700411 -0.06250728
v -0.17652102 0.12699570 -0.20934894
v 0.17652102 0.12699570 -0.20934894
v -0.15012887 0.12695342 -0.22885311
v 0.15012887 0.12695342 -0.22885311
v -0.25719208 0.12699211 -0.09398184
v 0.25719208 0.12699211 -0.09398184
v -0.26241549 0.12699222 0.07822181
v 0.26241549 0.12699222 0.07822181
v -0.16375987 0.12699200 0.21946038
v 0.16375948 0.12699226 0.21946170
v 0.00029225 0.12702604 0.27393402
v 0.01824914 0.14927854 -0.34480419
v -0.01824914 0.14927854 -0.34480419
v -0.20374460 0.12471741 -0.17183483
v 0.20374460 0.12471741 -0.17183483
v -0.26604470 0.12471831 -0.01614998
v 0.26604470 0.12471831 -0.01614998
v -0.22303614 0.12471858 0.14593137
v 0.22303614 0.12471858 0.14593138
v -0.09176085 0.12471200 0.25021945
v 0.09174146 0.12471891 0.25025015
v -0.07699061 0.12406547 -0.25298529
v 0.07699061 0.12406547 -0.25298529
v -0.24779243 0.12311717 0.08324112
v 0.24779243 0.12311717 0.08324112
v -0.14904212 0.12311694 0.21474687
v 0.14904182 0.12311719 0.21474808
v -0.00868589 0.12314692 0.26135149
v 0.02852509 0.14230843 0.32167484
v 0.21501126 0.14229554 0.24089804
v -0.21501152 0.14229551 0.24089763
v -0.01140056 0.14100682 0.31855957
v 0.31633570 0.14229546 0.06475523
v -0.31633570 0.14229546 0.06475523
v 0.18103151 0.14094969 0.26214693
v -0.18103255 0.14094925 0.26214452
v 0.29237392 0.14229473 -0.13703106
v -0.29237392 0.14229473 -0.13703106
v 0.30177678 0.14094965 0.10209860
v -0.30177678 0.14094965 0.10209860
v 0.15255263 0.14219818 -0.28423208
v -0.15255263 0.14219818 -0.28423208
v 0.30300592 0.14094883 -0.09838231
v -0.30300592 0.14094883 -0.09838231
v 0.04766048 0.14067155 -0.31409305
v -0.04766048 0.14067155 -0.31409305
v 0.18421983 0.14092359 -0.25981371
v -0.18421983 0.14092359 -0.25981371
v 0.22830064 0.14200229 -0.22701138
v -0.22830064 0.14200229 -0.22701138
v 0.31870622 0.14200509 -0.04568879
v -0.31870622 0.14200509 -0.04568879
v 0.28288916 0.14200577 0.15374082
v -0.28288916 0.14200577 0.15374081
v 0.19625777 0.14091649 -0.25081565
v -0.19625777 0.14091649 -0.25081565
v 0.13503140 0.14200590 0.29228292
v -0.13503932 0.14200111 0.29226235
v 0.30725734 0.14093074 -0.08395024
v -0.30725734 0.14093074 -0.08395024
v 0.06614144 0.14237773 0.31631831
v -0.06619692 0.14232137 0.31612206
v 0.29656531 0.14093157 0.11621289
v -0.29656531 0.14093157 0.11621289
v 0.24199726 0.14237477 0.21415684
v -0.24199731 0.14237477 0.21415677
v 0.16842077 0.14093161 0.27035333
v -0.16842251 0.14093068 0.27034877
v 0.32200329 0.14237454 0.02718877
v -0.32200329 0.14237454 0.02718877
v -0.02640397 0.14102596 0.31772967
v 0.27447903 0.14237383 -0.17054368
v -0.27447903 0.14237383 -0.17054368
v 0.11808972 0.14208890 -0.29981502
v -0.11808972 0.14208890 -0.29981502
v -0.01452936 0.12298116 -0.26055951
v 0.01452936 0.12298116 -0.26055951
v 0.10217336 0.13946540 -0.29672245
v -0.10217336 0.13946540 -0.29672245
v 0.26026571 0.13994287 -0.17806914
v -0.26026571 0.13994287 -0.17806914
v 0.31510055 0.13994368 0.01265465
v -0.31510055 0.13994368 0.01265465
v 0.24514883 0.13994401 0.19837141
v -0.24514887 0.13994401 0.19837136
v 0.07810731 0.13994595 0.30553614
v -0.07817494 0.13990674 0.30538907
v 0.11844461 0.13926123 0.28990344
v -0.11846157 0.13925201 0.28986455
v 0.26816092 0.13926092 0.16174744
v -0.26816093 0.13926092 0.16174743
v 0.31167833 0.13926029 -0.03046087
v -0.31167833 0.13926029 -0.03046087
v 0.23176739 0.13925831 -0.21059709
v -0.23176739 0.13925831 -0.21059709
v 0.06024148 0.13818339 -0.30379493
v -0.06024148 0.13818339 -0.30379493
v 0.13610527 0.13963721 -0.28338142
v -0.13610527 0.13963721 -0.28338142
v 0.27888779 0.13982180 -0.14636861
v -0.27888779 0.13982180 -0.14636861
v 0.31109938 0.13982255 0.04920221
v -0.31109938 0.13982255 0.04920221
v 0.22010855 0.13982270 0.22529139
v -0.22010871 0.13982268 0.22529114
v 0.04194396 0.13983128 0.31218910
v -0.04115630 0.13981832 0.31225197
v 0.00398574 0.13976486 0.31475593
v 0.15317362 0.13965796 0.27460764
v -0.15317685 0.13965601 0.27459868
v 0.19114263 0.13972952 0.24996070
v -0.19114326 0.13972930 0.24995936
v 0.28687700 0.13965791 0.12873615
v -0.28687700 0.13965791 0.12873615
v 0.30260513 0.13972947 0.08628954
v -0.30260513 0.13972947 0.08628954
v 0.30696897 0.13965707 -0.06811584
v -0.30696897 0.13965707 -0.06811584
v 0.29422850 0.13972867 -0.11155151
v -0.29422850 0.13972867 -0.11155151
v 0.20549240 0.13964886 -0.23796224
v -0.20549240 0.13964886 -0.23796224
v 0.16930102 0.13968047 -0.26505482
v -0.16930102 0.13968047 -0.26505482
v 0.12684258 0.15008994 -0.32394038
v -0.12684258 0.15008994 -0.32394038
v 0.29545767 0.15018062 -0.18421071
v -0.29545767 0.15018062 -0.18421071
v 0.34698788 0.15018090 0.02878959
v -0.34698788 0.15018090 0.02878959
v 0.26105883 0.15018098 0.23038645
v -0.26105885 0.15018098 0.23038642
v 0.07170859 0.15018199 0.34071946
v -0.07174865 0.15015197 0.34061266
v 0.14563504 0.15005793 0.31582504
v -0.14563802 0.15005608 0.31581711
v 0.30546997 0.15005789 0.16626188
v -0.30546998 0.15005789 0.16626188
v 0.34429220 0.15005763 -0.04916522
v -0.34429220 0.15005763 -0.04916522
v 0.24672393 0.15005667 -0.24511121
v -0.24672393 0.15005667 -0.24511121
v 0.05092211 0.14961237 -0.34259340
v -0.05092211 0.14961237 -0.34259340
v -0.03052192 0.15001062 0.34629171
v 0.16461445 0.15016629 -0.30675544
v -0.16461445 0.15016629 -0.30675544
v 0.18233048 0.14997558 0.29584964
v -0.18233123 0.14997524 0.29584788
v 0.31534979 0.15019771 -0.14772097
v -0.31534979 0.15019771 -0.14772097
v 0.32296297 0.14997557 0.12832110
v -0.32296297 0.14997557 0.12832110
v 0.34114010 0.15019800 0.06993606
v -0.34114010 0.15019800 0.06993606
v 0.33565355 0.14997525 -0.09004094
v -0.33565355 0.14997525 -0.09004094
v 0.23178728 0.15019803 0.25988911
v -0.23178739 0.15019802 0.25988897
v 0.21537459 0.14997094 -0.27271754
v -0.21537459 0.14997094 -0.27271754
v 0.03060845 0.15020250 0.34690172
v 0.19972919 0.14998074 -0.28441372
v -0.19972919 0.14998074 -0.28441372
v 0.33010648 0.14998972 -0.10877802
v -0.33010648 0.14998972 -0.10877802
v 0.09734211 0.14300350 -0.31025370
v -0.09734211 0.14300350 -0.31025370
v 0.26431760 0.14343116 -0.19173605
v -0.26431760 0.14343116 -0.19173605
v 0.32970865 0.14999005 0.10998118
v -0.32970865 0.14999005 0.10998118
v 0.32651345 0.14343190 0.00412632
v -0.32651345 0.14343190 0.00412632
v 0.25938889 0.14343223 0.19835864
v -0.25938891 0.14343223 0.19835861
v 0.19869673 0.14999005 0.28517239
v -0.19869714 0.14998993 0.28517161
v 0.08952472 0.14343332 0.31403241
v -0.08956542 0.14340710 0.31393340
v -0.01102804 0.15000847 0.34745230
v 0.11342823 0.14293399 0.30450282
v -0.11344786 0.14292268 0.30445683
v 0.27286539 0.14293359 0.17644148
v -0.27286540 0.14293359 0.17644147
v 0.32422817 0.14293311 -0.02149913
v -0.32422817 0.14293311 -0.02149913
v 0.24717792 0.14293189 -0.21091855
v -0.24717792 0.14293189 -0.21091855
v 0.07220591 0.14219163 -0.31437706
v -0.07220591 0.14219163 -0.31437706
v 0.13188131 0.14349822 -0.29895539
v -0.13188131 0.14349822 -0.29895539
v 0.28479014 0.14367847 -0.16136792
v -0.28479014 0.14367847 -0.16136792
v 0.32479060 0.14367911 0.04071174
v -0.32479060 0.14367911 0.04071174
v 0.23615128 0.14367927 0.22666999
v -0.23615137 0.14367926 0.22666986
v 0.05397362 0.14368390 0.32286728
v -0.05406980 0.14359865 0.32257400
v 0.14890934 0.14341206 0.29053834
v -0.14891356 0.14340948 0.29052687
v 0.29297881 0.14341199 0.14404789
v -0.29297882 0.14341199 0.14404789
v 0.32100692 0.14341132 -0.05949389
v -0.32100692 0.14341132 -0.05949389
v 0.22189465 0.14340705 -0.23945520
v -0.22189465 0.14340705 -0.23945520
v 0.03439626 0.14133977 -0.31797617
v -0.03439626 0.14133977 -0.31797617
v 0.16616016 0.14350466 -0.28137391
v -0.16616016 0.14350466 -0.28137391
v 0.30147989 0.14356026 -0.12651839
v -0.30147989 0.14356026 -0.12651839
v 0.31735743 0.14356094 0.07863030
v -0.31735743 0.14356094 0.07863030
v 0.20753885 0.14356100 0.25263850
v -0.20753924 0.14356091 0.25263782
v 0.01551700 0.14358033 0.32664712
v -0.08281847 0.12679664 0.26034319
v 0.08277066 0.12681058 0.26040531
v -0.22190867 0.12680983 0.15942751
v 0.22190866 0.12680983 0.15942753
v -0.27320026 0.12680953 -0.00465770
v 0.27320026 0.12680953 -0.00465770
v -0.21634374 0.12680876 -0.16689546
v 0.21634374 0.12680876 -0.16689546
v 0.10919898 0.15013052 0.33044295
v -0.10920955 0.15012335 0.33041527
v -0.06642917 0.12354533 -0.25423802
v 0.06642917 0.12354533 -0.25423802
v 0.01174965 0.15020844 0.34807022
v 0.28498432 0.15013027 0.19975074
v -0.28498433 0.15013027 0.19975074
v 0.21735347 0.15019973 0.27208263
v -0.21735367 0.15019969 0.27208232
v 0.34787155 0.15013011 -0.01007144
v -0.34787155 0.15013011 -0.01007144
v 0.33685002 0.15019971 0.08833747
v -0.33685002 0.15019971 0.08833747
v 0.27294997 0.15012975 -0.21590176
v -0.27294997 0.15012975 -0.21590176
v 0.32290278 0.15019941 -0.13040159
v -0.32290278 0.15019941 -0.13040159
v 0.08986053 0.14992727 -0.33554262
v -0.08986053 0.14992727 -0.33554262
v 0.18102812 0.15018232 -0.29742468
v -0.18102812 0.15018232 -0.29742468
v 0.03102848 0.14997248 -0.34612390
v -0.03102848 0.14997248 -0.34612390
v 0.23314029 0.15014122 -0.25843076
v -0.23314029 0.15014122 -0.25843076
v 0.34135903 0.15014311 -0.06796378
v -0.34135903 0.15014311 -0.06796378
v 0.31434852 0.15014340 0.14943469
v -0.31434852 0.15014340 0.14943469
v 0.16280789 0.15014342 0.30763509
v -0.16280934 0.15014260 0.30763138
v 0.05309104 0.15029691 0.34448506
v -0.05319075 0.15020439 0.34416951
v 0.24837738 0.15029487 0.24452551
v -0.24837742 0.15029487 0.24452545
v 0.20829350 0.15032040 -0.27956207
v -0.20829350 0.15032040 -0.27956207
v 0.34526549 0.15029481 0.04770389
v -0.34526549 0.15029481 0.04770389
v 0.33406818 0.15032618 -0.09976225
v -0.33406818 0.15032618 -0.09976225
v 0.30537600 0.15029454 -0.16801432
v -0.30537600 0.15029454 -0.16801432
v 0.32749888 0.15032648 0.11957926
v -0.32749888 0.15032648 0.11957926
v 0.14448094 0.15024004 -0.31699652
v -0.14448094 0.15024004 -0.31699652
v 0.19118948 0.15032649 0.29154986
v -0.19118999 0.15032629 0.29154876
v -0.02085609 0.15035006 0.34809835
v 0.02115390 0.15043714 0.34836013
v 0.22507428 0.15043122 0.26670317
v -0.22507442 0.15043120 0.26670296
v 0.33982788 0.15043119 0.07941012
v -0.33982788 0.15043119 0.07941012
v 0.31995715 0.15043092 -0.13934047
v -0.31995715 0.15043092 -0.13934047
v 0.17332142 0.15040897 -0.30281827
v -0.17332142 0.15040897 -0.30281827
v 0.04108104 0.14994014 -0.34497070
v -0.04108104 0.14994014 -0.34497070
v 0.24049125 0.15034487 -0.25250703
v -0.24049125 0.15034487 -0.25250703
v 0.07473470 0.14965800 -0.33834804
v -0.07473470 0.14965800 -0.33834804
v 0.34371348 0.15034614 -0.05881941
v -0.34371348 0.15034614 -0.05881941
v 0.26269056 0.14994540 -0.22737157
v -0.26269056 0.14994540 -0.22737157
v 0.31077307 0.15034640 0.15817508
v -0.31077307 0.15034640 0.15817508
v 0.34649697 0.14994591 -0.02539970
v -0.34649697 0.14994591 -0.02539970
v 0.15471819 0.15034643 0.31250856
v -0.15472013 0.15034526 0.31250343
v 0.06249526 0.15046777 0.34346057
v -0.06255610 0.15041893 0.34329033
v 0.29303998 0.14994612 0.18663690
v -0.29303998 0.14994612 0.18663689
v 0.25530817 0.15046640 0.23808717
v -0.25530820 0.15046640 0.23808713
v 0.12349453 0.14994625 0.32473862
v -0.12350148 0.14994182 0.32472076
v 0.34697707 0.15046633 0.03839956
v -0.34697707 0.15046633 0.03839956
v 0.09448698 0.15004004 0.33464510
v -0.09450412 0.15002756 0.33459866
v 0.30118967 0.15046608 -0.17649880
v -0.30118967 0.15046608 -0.17649880
v 0.13605120 0.15039952 -0.32126026
v -0.13605120 0.15039952 -0.32126026
v 0.27569660 0.15003960 0.21190921
v -0.27569661 0.15003960 0.21190920
v 0.34768736 0.15003946 0.00522777
v -0.34768736 0.15003946 0.00522777
v 0.28194256 0.15003915 -0.20352281
v -0.28194256 0.15003915 -0.20352281
v 0.10447074 0.14988564 -0.33114487
v -0.10447074 0.14988564 -0.33114487
v 0.10104399 0.14303162 0.30916276
v -0.10107411 0.14301390 0.30909311
v 0.26571738 0.14303094 0.18757489
v -0.26571739 0.14303094 0.18757487
v 0.32514663 0.14303054 -0.00830091
v -0.32514663 0.14303054 -0.00830091
v 0.25579860 0.14302963 -0.20088407
v -0.25579860 0.14302963 -0.20088407
v 0.08508209 0.14244536 -0.31198270
v -0.08508209 0.14244536 -0.31198270
v 0.07521767 0.13248383 -0.28156066
v -0.07521767 0.13248383 -0.28156066
v 0.23164903 0.13416645 -0.18559826
v -0.23164903 0.13416645 -0.18559826
v 0.29664815 0.13416767 -0.01049641
v -0.29664815 0.13416767 -0.01049641
v 0.24418997 0.13416816 0.16876757
v -0.24418999 0.13416816 0.16876756
v 0.09504092 0.13416895 0.28121161
v -0.09508544 0.13415083 0.28113521
v 0.08513451 0.13596889 0.29038693
v -0.08520424 0.13594049 0.29027156
v 0.24172802 0.13596750 0.18203658
v -0.24172804 0.13596750 0.18203655
v 0.30259935 0.13596709 0.00161037
v -0.30259935 0.13596709 0.00161037
v 0.24365008 0.13596612 -0.17944837
v -0.24365008 0.13596612 -0.17944837
v 0.08825819 0.13526218 -0.28708296
v -0.08825819 0.13526218 -0.28708296
v 0.00872974 0.12307743 0.26112709
v -0.16291746 0.12306430 0.20420447
v 0.16291733 0.12306438 0.20420493
v -0.25262550 0.12306436 0.06649828
v 0.25262550 0.12306436 0.06649828
v -0.24234223 0.12306428 -0.09752837
v 0.24234223 0.12306428 -0.09752837
v -0.13611567 0.12303011 -0.22283811
v 0.13611567 0.12303011 -0.22283811
v -0.17483603 0.12307771 -0.19415563
v 0.17483603 0.12307771 -0.19415563
v -0.08512026 0.12311092 -0.24713201
v 0.08512026 0.12311092 -0.24713201
v -0.25619305 0.12308085 -0.05132653
v 0.25619305 0.12308085 -0.05132653
v -0.21559145 0.12381297 -0.15172968
v 0.21559145 0.12381297 -0.15172968
v -0.23614462 0.12308130 0.11182918
v 0.23614462 0.12308130 0.11182918
v -0.26353850 0.12381337 0.00704972
v 0.26353850 0.12381337 0.00704972
v -0.12262817 0.12308013 0.23071719
v 0.12262641 0.12308134 0.23072251
v -0.20717205 0.12381352 0.16304059
v 0.20717204 0.12381353 0.16304061
v -0.03941474 0.12322326 0.25875590
v 0.03917656 0.12323441 0.25882821
v -0.06886430 0.12380098 0.25443859
v 0.06880155 0.12381447 0.25450039
v -0.18598866 0.12323106 0.18419946
v 0.18598862 0.12323107 0.18419955
v -0.09844981 0.12254766 0.24018001
v 0.09844309 0.12255063 0.24019304
v -0.25918368 0.12323100 0.03667351
v 0.25918368 0.12323100 0.03667351
v -0.22240226 0.12255051 0.13386848
v 0.22240226 0.12255051 0.13386848
v -0.22979071 0.12323075 -0.12536718
v 0.22979071 0.12323075 -0.12536718
v -0.25833298 0.12255028 -0.02544092
v 0.25833298 0.12255028 -0.02544092
v -0.10948744 0.12306969 -0.23719845
v 0.10948744 0.12306969 -0.23719845
v -0.19201445 0.12254938 -0.17467715
v 0.19201445 0.12254938 -0.17467715
v -0.05356212 0.12318740 -0.25608408
v 0.05356212 0.12318740 -0.25608408
v -0.02420777 0.12302722 -0.25998742
v 0.02420777 0.12302722 -0.25998742
v -0.09724088 0.12315169 -0.24275967
v 0.09724088 0.12315169 -0.24275967
v -0.22340753 0.12348751 -0.13799090
v 0.22340753 0.12348751 -0.13799090
v -0.26160267 0.12348781 0.02273663
v 0.26160267 0.12348781 0.02273663
v -0.19625156 0.12348791 0.17446603
v 0.19625154 0.12348791 0.17446607
v -0.05335472 0.12347177 0.25705868
v 0.05322008 0.12348980 0.25714566
v -0.11032731 0.12310452 0.23693219
v 0.11032332 0.12310669 0.23694171
v -0.22999047 0.12310661 0.12416465
v 0.22999047 0.12310661 0.12416465
v -0.25862394 0.12310631 -0.03775736
v 0.25862394 0.12310631 -0.03775736
v -0.18489061 0.12310458 -0.18472828
v 0.18489061 0.12310458 -0.18472828
v -0.03683687 0.12304895 -0.25857089
v 0.03683687 0.12304895 -0.25857089
v -0.12492928 0.12303383 -0.22931030
v 0.12492928 0.12303383 -0.22931030
v -0.23729997 0.12309734 -0.10947902
v 0.23729997 0.12309734 -0.10947902
v -0.25571834 0.12309753 0.05390159
v 0.25571834 0.12309753 0.05390159
v -0.17292081 0.12309753 0.19594805
v 0.17292073 0.12309756 0.19594829
v -0.02188420 0.12317482 0.26066825
v 0.02168113 0.12310508 0.26046083
v -0.13799073 0.12312102 0.22202518
v 0.13799012 0.12312153 0.22202747
v -0.24327516 0.12312150 0.09567984
v 0.24327516 0.12312150 0.09567984
v -0.25226426 0.12311980 -0.06853697
v 0.25226426 0.12311980 -0.06853697
v -0.16140254 0.12311207 -0.20559876
v 0.16140254 0.12311207 -0.20559876
v -0.15078190 0.12310387 -0.21347765
v 0.15078190 0.12310387 -0.21347765
v -0.24846818 0.12311836 -0.08121410
v 0.24846818 0.12311836 -0.08121410
v 0.17671112 0.13382481 -0.23713295
v -0.17671112 0.13382481 -0.23713295
v 0.10659565 0.13490247 0.27955676
v -0.10662210 0.13489029 0.27950487
v 0.28342488 0.13384776 -0.08469187
v -0.28342488 0.13384776 -0.08469187
v 0.25247017 0.13490200 0.16053821
v -0.25247018 0.13490200 0.16053819
v 0.27790258 0.13384854 0.10136086
v -0.27790258 0.13384854 0.10136085
v 0.29837331 0.13490141 -0.02204444
v -0.29837331 0.13490141 -0.02204444
v 0.16234391 0.13384858 0.24728202
v -0.16234521 0.13384780 0.24727817
v 0.22613327 0.13489973 -0.19589052
v -0.22613327 0.13489973 -0.19589052
v -0.01746227 0.13393376 0.29556839
v 0.06389034 0.13361072 -0.28804742
v -0.06389034 0.13361072 -0.28804742
v 0.03517204 0.13363031 -0.29300731
v -0.03517204 0.13363031 -0.29300731
v 0.12150226 0.13531997 -0.27487209
v -0.12150226 0.13531997 -0.27487209
v 0.26242639 0.13564286 -0.14857065
v -0.26242639 0.13564286 -0.14857065
v 0.29921448 0.13564362 0.03758989
v -0.29921448 0.13564362 0.03758989
v 0.21752274 0.13564381 0.20886968
v -0.21752285 0.13564380 0.20886950
v 0.04969342 0.13565016 0.29746515
v -0.04990944 0.13554979 0.29710267
v 0.13694700 0.13530993 0.26747642
v -0.13695261 0.13530653 0.26746132
v 0.26959763 0.13530983 0.13272170
v -0.26959763 0.13530983 0.13272170
v 0.29549422 0.13530899 -0.05458459
v -0.29549422 0.13530899 -0.05458459
v 0.20438387 0.13530322 -0.22025535
v -0.20438387 0.13530322 -0.22025535
v 0.15255633 0.13528912 -0.25881381
v -0.15255633 0.13528912 -0.25881381
v 0.27715964 0.13537509 -0.11664591
v -0.27715964 0.13537509 -0.11664591
v 0.29196225 0.13537582 0.07199431
v -0.29196225 0.13537582 0.07199431
v 0.19115690 0.13537589 0.23212997
v -0.19115731 0.13537576 0.23212908
v 0.01466105 0.13540146 0.30043243
v 0.02315039 0.15175593 -0.35247105
v -0.02315039 0.15175593 -0.35247105
v 0.31352392 0.15129677 -0.15948856
v -0.31352392 0.15129677 -0.15948856
v 0.15611791 0.15126658 -0.31510782
v -0.15611791 0.15126658 -0.31510782
v 0.06328310 0.15087720 -0.34465118
v -0.06328310 0.15087720 -0.34465118
v 0.25726715 0.15113310 -0.23912033
v -0.25726715 0.15113310 -0.23912033
v 0.34916716 0.15113360 -0.03805695
v -0.34916716 0.15113360 -0.03805695
v 0.30274070 0.15113377 0.17808559
v -0.30274070 0.15113377 0.17808559
v 0.13637894 0.15113383 0.32367782
v -0.13638229 0.15113172 0.32366908
v 0.08378761 0.15121712 0.34137058
v -0.08380620 0.15120319 0.34132001
v 0.27113703 0.15121663 0.22369140
v -0.27113703 0.15121663 0.22369139
v 0.35107027 0.15121655 0.01739592
v -0.35107027 0.15121655 0.01739592
v 0.29192255 0.15121635 -0.19579000
v -0.29192255 0.15121635 -0.19579000
v 0.11709841 0.15113172 -0.33113405
v -0.11709841 0.15113172 -0.33113405
v 0.34670512 0.15129697 0.05941260
v -0.34670512 0.15129697 0.05941260
v 0.24253405 0.15129700 0.25477756
v -0.24253410 0.15129700 0.25477749
v -0.04231852 0.15118774 0.34885119
v 0.04227739 0.15129922 0.34921625
v 0.17440006 0.15115399 0.30495343
v -0.17440082 0.15115360 0.30495154
v -0.00743238 0.12157275 -0.25634050
v 0.00743238 0.12157275 -0.25634050
v 0.32204393 0.15115398 0.14035549
v -0.32204393 0.15115398 0.14035549
v 0.34210545 0.15115377 -0.07984564
v -0.34210545 0.15115377 -0.07984564
v 0.22663733 0.15115167 -0.26840687
v -0.22663733 0.15115167 -0.26840687
v 0.19239049 0.15116853 -0.29399085
v -0.19239049 0.15116853 -0.29399085
v 0.32994453 0.15117763 -0.12083809
v -0.32994453 0.15117763 -0.12083809
v 0.33678217 0.15117785 0.10021725
v -0.33678217 0.15117785 0.10021725
v 0.21019888 0.15117786 0.28157092
v -0.21019909 0.15117781 0.28157055
v 0.00034189 0.15118713 0.35140650
v 0.00264809 0.13507466 0.29973036
v 0.18106760 0.13503419 0.23870916
v -0.18106822 0.13503393 0.23870762
v 0.28779998 0.13503414 0.08329831
v -0.28779998 0.13503414 0.08329831
v 0.28057351 0.13503343 -0.10509311
v -0.28057351 0.13503343 -0.10509311
v 0.16221549 0.13498009 -0.25169374
v -0.16221549 0.13498009 -0.25169374
v 0.19482886 0.13498936 -0.22742721
v -0.19482886 0.13498936 -0.22742721
v 0.29212477 0.13499900 -0.06605328
v -0.29212477 0.13499900 -0.06605328
v 0.27374614 0.13499987 0.12150987
v -0.27374614 0.13499987 0.12150987
v 0.14697213 0.13499993 0.26096149
v -0.14697534 0.13499789 0.26095219
v 0.03723580 0.13545317 0.29864338
v -0.03794382 0.13516860 0.29763442
v 0.20822597 0.13544252 0.21724588
v -0.20822615 0.13544249 0.21724556
v 0.29676151 0.13544238 0.04986140
v -0.29676151 0.13544238 0.04986140
v 0.26778900 0.13544165 -0.13726325
v -0.26778900 0.13544165 -0.13726325
v 0.13264947 0.13523452 -0.26936402
v -0.13264947 0.13523452 -0.26936402
v 0.05410393 0.13404350 -0.29145647
v -0.05410393 0.13404350 -0.29145647
v -0.00322747 0.14259769 0.32384856
v 0.19078955 0.14255867 0.26154660
v -0.19079029 0.14255841 0.26154504
v 0.21939774 0.13517750 -0.20471375
v -0.21939774 0.13517750 -0.20471375
v 0.30924555 0.14255863 0.09578304
v -0.30924555 0.14255863 0.09578304
v 0.29824362 0.13517997 -0.03314497
v -0.29824362 0.13517997 -0.03314497
v 0.30522165 0.14255788 -0.10791379
v -0.30522165 0.14255788 -0.10791379
v 0.25899635 0.13518065 0.15155868
v -0.25899636 0.13518065 0.15155868
v 0.18029463 0.14252651 -0.26876453
v -0.18029463 0.14252651 -0.26876453
v 0.11719291 0.13518093 0.27625262
v -0.11720877 0.13517280 0.27621758
v 0.20591581 0.14250059 -0.24957046
v -0.20591581 0.14250059 -0.24957046
v 0.31424732 0.14250985 -0.07716592
v -0.31424732 0.14250985 -0.07716592
v 0.29811616 0.14251062 0.12583439
v -0.29811616 0.14251062 0.12583439
v 0.16391244 0.14251065 0.27899879
v -0.16391465 0.14250942 0.27899289
v -0.03518259 0.14262289 0.32202924
v -0.00694310 0.13245250 -0.29125137
v 0.00694310 0.13245250 -0.29125137
v -0.01953467 0.14403779 0.32790094
v 0.18008675 0.14397688 0.27448335
v -0.18008793 0.14397634 0.27448055
v 0.30839185 0.14397685 0.11254671
v -0.30839185 0.14397685 0.11254671
v 0.31454948 0.14397615 -0.09396507
v -0.31454948 0.14397615 -0.09396507
v 0.19611486 0.14396064 -0.26320549
v -0.19611486 0.14396064 -0.26320549
v 0.04295441 0.14334249 -0.32341279
v -0.04295441 0.14334249 -0.32341279
v 0.00008241 0.12298179 0.26096630
v -0.15587028 0.12296250 0.20922618
v 0.15587009 0.12296265 0.20922692
v -0.24997200 0.12296263 0.07473523
v 0.24997200 0.12296263 0.07473523
v 0.07197053 0.13568029 0.29297354
v -0.07208578 0.13563640 0.29280027
v -0.23271328 0.13567781 0.19197129
v 0.23271324 0.13567781 0.19197135
v -0.30130370 0.13567750 0.01496368
v 0.30130370 0.13567750 0.01496368
v -0.25058746 0.13567667 -0.16796475
v 0.25058746 0.13567667 -0.16796475
v -0.10006201 0.13503057 -0.28239718
v 0.10006201 0.13503057 -0.28239718
v -0.04514654 0.12294759 -0.25692019
v 0.04514654 0.12294759 -0.25692019
v -0.11712828 0.12293850 -0.23304924
v 0.11712828 0.12293850 -0.23304924
v -0.23334141 0.12303648 -0.11724661
v 0.23334141 0.12303648 -0.11724661
v -0.25718208 0.12303671 0.04530701
v 0.25718208 0.12303671 0.04530701
v -0.17922764 0.12303673 0.18992852
v 0.17922759 0.12303675 0.18992867
v 0.03033360 0.12304167 0.25939071
v -0.03060932 0.12305373 0.25939724
v -0.13017249 0.12297039 0.22614037
v 0.13017148 0.12297117 0.22614381
v -0.24513399 0.12296289 -0.08933702
v 0.24513399 0.12296289 -0.08933702
v -0.23946198 0.12297114 0.10365112
v 0.23946198 0.12297114 0.10365112
v -0.14325247 0.12294105 -0.21797700
v 0.14325247 0.12294105 -0.21797700
v -0.25396912 0.12297038 -0.05986660
v 0.25396912 0.12297038 -0.05986660
v -0.16795073 0.12296557 -0.19967178
v 0.16795073 0.12296557 -0.19967178
v 0.02394475 0.14489767 0.33037291
v 0.21654033 0.14488488 0.25060475
v -0.21654059 0.14488483 0.25060432
v 0.32336238 0.14488481 0.07161760
v -0.32336238 0.14488481 0.07161760
v 0.30210486 0.14488419 -0.13573372
v -0.30210486 0.14488419 -0.13573372
v 0.16114670 0.14481985 -0.28911262
v -0.16114670 0.14481985 -0.28911262
v 0.23065721 0.14467049 -0.23671671
v -0.23065721 0.14467049 -0.23671671
v 0.32639497 0.14467326 -0.05205531
v -0.32639497 0.14467326 -0.05205531
v 0.29285393 0.14467384 0.15323594
v -0.29285393 0.14467384 0.15323593
v 0.14331644 0.14467393 0.29783427
v -0.14332173 0.14467067 0.29782014
v 0.06278124 0.14495143 0.32541107
v -0.06285912 0.14488589 0.32518199
v 0.24473991 0.14494846 0.22345000
v -0.24473997 0.14494845 0.22344992
v 0.32975525 0.14494828 0.03299442
v -0.32975525 0.14494828 0.03299442
v 0.28415944 0.14494769 -0.17052660
v -0.28415944 0.14494769 -0.17052660
v 0.12590574 0.14475376 -0.30587888
v -0.12590574 0.14475376 -0.30587888
v 0.01611406 0.13185270 0.28896190
v -0.18546720 0.13182992 0.22207724
v 0.18546687 0.13183004 0.22207801
v -0.28139220 0.13182997 0.06734162
v 0.28139220 0.13182997 0.06734162
v -0.26590782 0.13182938 -0.11405435
v 0.26590782 0.13182938 -0.11405435
v -0.14508794 0.13173549 -0.24998145
v 0.14508794 0.13173549 -0.24998145
v -0.19831845 0.13183025 -0.21068169
v 0.19831845 0.13183025 -0.21068169
v -0.28490785 0.13183540 -0.05053768
v 0.28490785 0.13183540 -0.05053768
v -0.25869453 0.13183619 0.12963465
v 0.25869453 0.13183619 0.12963465
v -0.13006181 0.13183279 0.25846785
v 0.13005590 0.13183629 0.25848338
v 0.01258765 0.13235641 -0.29075365
v -0.01258765 0.13235641 -0.29075365
v 0.04956034 0.13217295 0.28617803
v -0.04997265 0.13208599 0.28582325
v -0.21066724 0.13216722 0.19990679
v 0.21066715 0.13216724 0.19990694
v -0.28836149 0.13216705 0.03450707
v 0.28836149 0.13216705 0.03450707
v -0.11547131 0.13178752 -0.26514919
v 0.11547131 0.13178752 -0.26514919
v -0.25188612 0.13216636 -0.14455172
v 0.25188612 0.13216636 -0.14455172
v -0.20474966 0.12253854 -0.15950297
v 0.20474966 0.12253854 -0.15950297
v -0.25948456 0.12253896 -0.00566339
v 0.25948456 0.12253896 -0.00566339
v -0.21151475 0.12253910 0.15041962
v 0.21151475 0.12253910 0.15041963
v 0.07982581 0.12253950 0.24696774
v -0.07985038 0.12253264 0.24693665
v -0.08290479 0.13173606 -0.27689184
v 0.08290479 0.13173606 -0.27689184
v 0.00993019 0.04748618 -0.20958451
v 0.10554001 0.06894202 -0.19425525
v 0.11598656 0.06909596 -0.18829929
v 0.18868631 0.06934212 -0.11560324
v 0.19470349 0.06935100 -0.10516295
v 0.22121012 0.06934473 -0.00577240
v 0.22120041 0.06935245 0.00627789
v 0.19445979 0.06934474 0.10560602
v 0.18842623 0.06935245 0.11603701
v 0.11560411 0.06934474 0.18868739
v 0.10516339 0.06935245 0.19470411
v 0.00577240 0.06934474 0.22121013
v -0.00627789 0.06935245 0.22120041
v -0.10560602 0.06934474 0.19445979
v -0.11603701 0.06935245 0.18842623
v -0.18868739 0.06934474 0.11560411
v -0.19470411 0.06935245 0.10516339
v -0.22121012 0.06934474 0.00577240
v -0.22120041 0.06935245 -0.00627789
v -0.19445943 0.06934335 -0.10560517
v -0.18842558 0.06934978 -0.11603539
v -0.11558433 0.06905324 -0.18852018
v -0.10514283 0.06888713 -0.19443778
v -0.01081336 0.04809328 -0.20985967
v 0.04231529 0.06346608 -0.21405944
v 0.07343516 0.06582365 -0.20678616
v 0.14356751 0.06737892 -0.16703386
v 0.16739261 0.06718380 -0.14299155
v 0.20787921 0.06744120 -0.07288737
v 0.21646896 0.06719762 -0.04014032
v 0.21647247 0.06744141 0.04081731
v 0.20753780 0.06719764 0.07347194
v 0.16706200 0.06744141 0.14358506
v 0.14299703 0.06719764 0.16739747
v 0.07288741 0.06744141 0.20787931
v 0.04014033 0.06719764 0.21646898
v -0.04081731 0.06744141 0.21647247
v -0.07347194 0.06719764 0.20753780
v -0.14358506 0.06744141 0.16706200
v -0.16739747 0.06719764 0.14299703
v -0.20787931 0.06744141 0.07288741
v -0.21646898 0.06719764 0.04014033
v -0.21647246 0.06744139 -0.04081729
v -0.20753774 0.06719746 -0.07347182
v -0.16705921 0.06742647 -0.14357628
v -0.14298790 0.06712719 -0.16735666
v -0.07295209 0.06577880 -0.20693213
v -0.04109291 0.06123576 -0.21310612
v 0.02473945 0.06572559 -0.21798767
v -0.02364427 0.06567197 -0.21808088
v 0.02909834 0.07962755 -0.22480382
v 0.08535840 0.08649373 -0.21387663
v 0.14336989 0.08764456 -0.18097716
v 0.18117255 0.08738374 -0.14290208
v 0.21468300 0.08771592 -0.08506558
v 0.22835463 0.08739073 -0.03317161
v 0.22845385 0.08771617 0.03367255
v 0.21434672 0.08739074 0.08544986
v 0.18101057 0.08771617 0.14338821
v 0.14290477 0.08739074 0.18117511
v 0.08506564 0.08771617 0.21468311
v 0.03317161 0.08739074 0.22835463
v -0.03367255 0.08771617 0.22845385
v -0.08544986 0.08739074 0.21434672
v -0.14338821 0.08771617 0.18101057
v -0.18117511 0.08739074 0.14290477
v -0.21468311 0.08771617 0.08506564
v -0.22835463 0.08739074 0.03317161
v -0.22845385 0.08771616 -0.03367254
v -0.21434665 0.08739052 -0.08544971
v -0.18100921 0.08770900 -0.14338386
v -0.14289508 0.08730986 -0.18112872
v -0.08497739 0.08671825 -0.21415501
v -0.02922039 0.07856411 -0.22422546
v 0.09347170 0.06817846 -0.19989974
v 0.12708880 0.06872041 -0.18075079
v 0.18113848 0.06883118 -0.12663706
v 0.20050437 0.06887264 -0.09303603
v 0.22019169 0.06883629 -0.01910226
v 0.22016028 0.06887337 0.01968061
v 0.20024273 0.06883630 0.09355281
v 0.18082409 0.06887337 0.12712405
v 0.12663889 0.06883630 0.18114048
v 0.09303623 0.06887337 0.20050470
v 0.01910226 0.06883630 0.22019169
v -0.01968061 0.06887337 0.22016028
v -0.09355281 0.06883630 0.20024273
v -0.12712405 0.06887337 0.18082409
v -0.18114048 0.06883630 0.12663889
v -0.20050470 0.06887337 0.09303623
v -0.22019169 0.06883630 0.01910226
v -0.22016028 0.06887337 -0.01968061
v -0.20024253 0.06883561 -0.09355238
v -0.18082291 0.06886805 -0.12712087
v -0.12662277 0.06866267 -0.18104061
v -0.09302305 0.06810696 -0.20006755
v 0.05439024 0.06917729 -0.21440634
v 0.06510804 0.06995863 -0.21182729
v 0.15476230 0.07207620 -0.16016251
v 0.16277865 0.07190711 -0.15187827
v 0.21412637 0.07211150 -0.06133145
v 0.21692014 0.07192849 -0.05014524
v 0.21610464 0.07211160 0.05394860
v 0.21293099 0.07192854 0.06503302
v 0.16017781 0.07211160 0.15477318
v 0.15188714 0.07192854 0.16278575
v 0.06133146 0.07211160 0.21412641
v 0.05014525 0.07192854 0.21692016
v -0.05394860 0.07211160 0.21610464
v -0.06503302 0.07192854 0.21293099
v -0.15477318 0.07211160 0.16017781
v -0.16278575 0.07192854 0.15188714
v -0.21412641 0.07211160 0.06133146
v -0.21692016 0.07192854 0.05014525
v -0.21610463 0.07211155 -0.05394856
v -0.21293096 0.07192843 -0.06503296
v -0.16017334 0.07208454 -0.15475739
v -0.15188042 0.07188289 -0.16275927
v -0.06141419 0.06943598 -0.21264224
v -0.05029668 0.06772522 -0.21462115
v 0.00875164 0.07875951 -0.22605456
v -0.00873284 0.07868487 -0.22601610
v 0.00899863 0.09097315 -0.23245639
v -0.00900324 0.09087575 -0.23240508
v 0.00904818 0.10502564 -0.23983105
v -0.00905861 0.10497300 -0.23980302
v -0.03063102 0.05433916 -0.21120467
v 0.03160841 0.05794383 -0.21297232
v 0.01854288 0.08586207 -0.22920065
v -0.01854859 0.08556407 -0.22904337
v -0.03864157 0.04871252 -0.20688514
v -0.07350706 0.05153920 -0.19879049
v -0.13526373 0.05275974 -0.16400142
v -0.16331572 0.05282960 -0.13614809
v -0.19917348 0.05283800 -0.07443202
v -0.20951541 0.05284214 -0.03625486
v -0.20970544 0.05283824 0.03512663
v -0.19957312 0.05284216 0.07336007
v -0.16404693 0.05283824 0.13527327
v -0.13615535 0.05284216 0.16331824
v -0.07443217 0.05283824 0.19917355
v -0.03625487 0.05284216 0.20951542
v 0.03512663 0.05283824 0.20970544
v 0.07336007 0.05284216 0.19957312
v 0.13527327 0.05283824 0.16404693
v 0.16331824 0.05284216 0.13615535
v 0.19917355 0.05283824 0.07443217
v 0.20951542 0.05284216 0.03625487
v 0.20970543 0.05283822 -0.03512662
v 0.19957299 0.05284191 -0.07336001
v 0.16404282 0.05282684 -0.13526885
v 0.13613640 0.05277384 -0.16328738
v 0.07433721 0.05177231 -0.19861212
v 0.03892671 0.05021848 -0.20763544
v -0.02260122 0.04304914 -0.20625761
v -0.07993267 0.04276583 -0.19131684
v -0.12549552 0.04414855 -0.16596246
v -0.16505566 0.04354410 -0.12616440
v -0.19170055 0.04424660 -0.08102449
v -0.20602788 0.04355098 -0.02673640
v -0.20653000 0.04424697 0.02568087
v -0.19179359 0.04355099 0.07985953
v -0.16601979 0.04424697 0.12550529
v -0.12616835 0.04355099 0.16505718
v -0.08102471 0.04424697 0.19170067
v -0.02673641 0.04355099 0.20602789
v 0.02568087 0.04424697 0.20653000
v 0.07985953 0.04355099 0.19179359
v 0.12550529 0.04424697 0.16601979
v 0.16505718 0.04355099 0.12616835
v 0.19170067 0.04424697 0.08102471
v 0.20602789 0.04355099 0.02673641
v 0.20653000 0.04424695 -0.02568087
v 0.19179342 0.04355062 -0.07985944
v 0.16601736 0.04424053 -0.12550291
v 0.12614637 0.04346673 -0.16501835
v 0.08092361 0.04358178 -0.19136459
v 0.02761301 0.04485228 -0.20660091
v -0.07016057 0.03649220 -0.19161168
v -0.15671426 0.03739264 -0.13141979
v -0.20143286 0.03740220 -0.03545946
v -0.19217572 0.03740221 0.07000764
v -0.13142524 0.03740221 0.15671625
v -0.03545947 0.03740221 0.20143287
v 0.07000764 0.03740221 0.19217572
v 0.15671625 0.03740221 0.13142524
v 0.20143287 0.03740221 0.03545947
v 0.19217563 0.03740202 -0.07000759
v 0.13141170 0.03735439 -0.15669487
v 0.03454727 0.03668705 -0.20121071
v 0.11763861 0.09552752 -0.20345838
v 0.20369234 0.09573714 -0.11745332
v 0.23513001 0.09573830 0.00012853
v 0.20356429 0.09573830 0.11767631
v 0.11745369 0.09573830 0.20369282
v -0.00012853 0.09573830 0.23513001
v -0.11767631 0.09573830 0.20356429
v -0.20369282 0.09573830 0.11745369
v -0.23513001 0.09573830 -0.00012853
v -0.20356403 0.09573718 -0.11767560
v -0.11743097 0.09550251 -0.20356315
v -0.09022583 0.04274892 -0.18667348
v -0.11642099 0.04343904 -0.17200023
v -0.17161013 0.04325388 -0.11682275
v -0.18687934 0.04359620 -0.09082010
v -0.20703201 0.04325770 -0.01536784
v -0.20725271 0.04359694 0.01478690
v -0.18697891 0.04325770 0.09020706
v -0.17209267 0.04359694 0.11643218
v -0.11682495 0.04325770 0.17161106
v -0.09082053 0.04359694 0.18687956
v -0.01536785 0.04325770 0.20703201
v 0.01478690 0.04359694 0.20725272
v 0.09020706 0.04325770 0.18697891
v 0.11643218 0.04359694 0.17209267
v 0.17161106 0.04325770 0.11682495
v 0.18687956 0.04359694 0.09082053
v 0.20703201 0.04325770 0.01536785
v 0.20725271 0.04359693 -0.01478690
v 0.18697857 0.04325695 -0.09020685
v 0.17209120 0.04359325 -0.11643090
v 0.11679269 0.04312066 -0.17154606
v 0.09074401 0.04315785 -0.18666067
v 0.09459667 0.09269158 -0.21351491
v 0.13812987 0.09339768 -0.18876020
v 0.18889020 0.09325745 -0.13782730
v 0.21404294 0.09348553 -0.09443228
v 0.23249944 0.09326150 -0.02491737
v 0.23258295 0.09348588 0.02524071
v 0.21380911 0.09326151 0.09467064
v 0.18880239 0.09348588 0.13815057
v 0.13782880 0.09326151 0.18889174
v 0.09443238 0.09348588 0.21404309
v 0.02491737 0.09326151 0.23249945
v -0.02524071 0.09348588 0.23258295
v -0.09467064 0.09326151 0.21380911
v -0.13815057 0.09348588 0.18880239
v -0.18889174 0.09326151 0.13782880
v -0.21404309 0.09348588 0.09443238
v -0.23249945 0.09326151 0.02491737
v -0.23258295 0.09348588 -0.02524070
v -0.21380902 0.09326119 -0.09467042
v -0.18880158 0.09348181 -0.13814806
v -0.13781763 0.09316236 -0.18883551
v -0.09436940 0.09285876 -0.21371132
v 0.10546780 0.09167239 -0.20776015
v 0.12758041 0.09198955 -0.19516283
v 0.19536258 0.09204703 -0.12732954
v 0.20813240 0.09213814 -0.10527368
v 0.23285501 0.09204950 -0.01258958
v 0.23288517 0.09213888 0.01289649
v 0.20795315 0.09204950 0.10552461
v 0.19523623 0.09213888 0.12761127
v 0.12733040 0.09204950 0.19536357
v 0.10527390 0.09213888 0.20813272
v 0.01258958 0.09204950 0.23285501
v -0.01289649 0.09213888 0.23288517
v -0.10552461 0.09204950 0.20795315
v -0.12761127 0.09213888 0.19523623
v -0.19536357 0.09204950 0.12733040
v -0.20813272 0.09213888 0.10527390
v -0.23285501 0.09204950 0.01258958
v -0.23288517 0.09213888 -0.01289649
v -0.20795296 0.09204880 -0.10552416
v -0.19523568 0.09213641 -0.12760975
v -0.12731346 0.09188157 -0.19526945
v -0.10523644 0.09171719 -0.20790377
v -0.04515287 0.03937392 -0.20054410
v -0.05940696 0.04222988 -0.19835745
v -0.13930108 0.04182120 -0.15290959
v -0.15078813 0.04393597 -0.14321039
v -0.19711009 0.04186215 -0.06279040
v -0.20220119 0.04395777 -0.04863856
v -0.20209761 0.04186226 0.04417692
v -0.19943068 0.04395782 0.05897834
v -0.15293320 0.04186226 0.13930714
v -0.14322286 0.04395782 0.15079208
v -0.06279047 0.04186226 0.19711013
v -0.04863859 0.04395782 0.20220121
v 0.04417692 0.04186226 0.20209761
v 0.05897834 0.04395782 0.19943068
v 0.13930714 0.04186226 0.15293320
v 0.15079208 0.04395782 0.14322286
v 0.19711013 0.04186226 0.06279047
v 0.20220121 0.04395782 0.04863859
v 0.20209759 0.04186223 -0.04417691
v 0.19943063 0.04395771 -0.05897832
v 0.15292791 0.04184675 -0.13930086
v 0.14321260 0.04392461 -0.15077780
v 0.06256279 0.04066645 -0.19652434
v 0.04837487 0.04209657 -0.20126048
v 0.05338886 0.09475068 -0.22845659
v 0.06627566 0.09117966 -0.22310289
v 0.16185688 0.09748395 -0.17181365
v 0.16960111 0.09294069 -0.16072853
v 0.22608979 0.09750656 -0.06787182
v 0.22725071 0.09295613 -0.05439755
v 0.22973544 0.09750662 0.05426618
v 0.22400369 0.09295616 0.06651570
v 0.17182364 0.09750662 0.16186361
v 0.16073503 0.09295616 0.16960613
v 0.06787183 0.09750662 0.22608982
v 0.05439756 0.09295616 0.22725073
v -0.05426618 0.09750662 0.22973544
v -0.06651570 0.09295616 0.22400369
v -0.16186361 0.09750662 0.17182364
v -0.16960613 0.09295616 0.16073503
v -0.22608982 0.09750662 0.06787183
v -0.22725073 0.09295616 0.05439756
v -0.22973543 0.09750660 -0.05426616
v -0.22400367 0.09295611 -0.06651565
v -0.17182149 0.09749324 -0.16185566
v -0.16073073 0.09292695 -0.16958908
v -0.06751820 0.09598449 -0.22536232
v -0.05353698 0.09005462 -0.22589114
v -0.10418915 0.04527033 -0.18078300
v -0.18071788 0.04557189 -0.10461817
v -0.20881632 0.04557374 -0.00024373
v -0.18096210 0.04557374 0.10419709
v -0.10461924 0.04557374 0.18071838
v -0.00024373 0.04557374 0.20881632
v 0.10419709 0.04557374 0.18096210
v 0.18071838 0.04557374 0.10461924
v 0.20881632 0.04557374 0.00024373
v 0.18096133 0.04557191 -0.10419651
v 0.10456653 0.04531074 -0.18058949
v 0.04110193 0.08796274 -0.22736619
v 0.07804349 0.09211775 -0.21978595
v 0.15277417 0.09368102 -0.17731294
v 0.17787068 0.09320372 -0.15173897
v 0.22098191 0.09372206 -0.07718094
v 0.22991453 0.09321273 -0.04247602
v 0.22996649 0.09372219 0.04365030
v 0.22034984 0.09321275 0.07817195
v 0.17733167 0.09372219 0.15278552
v 0.15174259 0.09321275 0.17787382
v 0.07718097 0.09372219 0.22098197
v 0.04247603 0.09321275 0.22991454
v -0.04365030 0.09372219 0.22996649
v -0.07817195 0.09321275 0.22034984
v -0.15278552 0.09372219 0.17733167
v -0.17787382 0.09321275 0.15174259
v -0.22098197 0.09372219 0.07718097
v -0.22991454 0.09321275 0.04247603
v -0.22996648 0.09372217 -0.04365030
v -0.22034981 0.09321263 -0.07817187
v -0.17733002 0.09371273 -0.15277983
v -0.15173612 0.09316402 -0.17784573
v -0.07701021 0.09253303 -0.22038089
v -0.04016093 0.08872784 -0.22794182
v 0.01800215 0.04179462 -0.20604923
v 0.02954825 0.09589542 -0.23334910
v 0.08753025 0.09837365 -0.21971929
v 0.14703664 0.09937054 -0.18591925
v 0.18590294 0.09901586 -0.14675719
v 0.22031993 0.09942092 -0.08750657
v 0.23437778 0.09902081 -0.03414474
v 0.23455603 0.09942110 0.03437705
v 0.22004948 0.09902082 0.08761868
v 0.18594295 0.09942110 0.14704942
v 0.14675911 0.09902082 0.18590474
v 0.08750661 0.09942110 0.22032001
v 0.03414474 0.09902082 0.23437778
v -0.03437705 0.09942110 0.23455603
v -0.08761868 0.09902082 0.22004948
v -0.14704942 0.09942110 0.18594295
v -0.18590474 0.09902082 0.14675911
v -0.22032001 0.09942110 0.08750661
v -0.23437778 0.09902082 0.03414474
v -0.23455603 0.09942110 -0.03437705
v -0.22004943 0.09902065 -0.08761856
v -0.18594203 0.09941616 -0.14704641
v -0.14675196 0.09896348 -0.18587206
v -0.08741276 0.09873837 -0.21997195
v -0.02957556 0.09564760 -0.23321460
v -0.01059492 0.03401706 -0.20247746
v 0.00976512 0.03415629 -0.20259229
v -0.00782309 0.06702667 -0.21993040
v 0.00780794 0.06693606 -0.21988338
v -0.03244303 0.03660387 -0.20151650
v -0.13005177 0.03940421 -0.15921616
v -0.19226084 0.03946665 -0.07288680
v -0.20294630 0.03946687 0.03300853
v -0.15925239 0.03946687 0.13005937
v -0.07288692 0.03946687 0.19226091
v 0.03300853 0.03946687 0.20294630
v 0.13005937 0.03946687 0.15925239
v 0.19226091 0.03946687 0.07288692
v 0.20294629 0.03946685 -0.03300853
v 0.15924924 0.03945821 -0.13005605
v 0.07274254 0.03869354 -0.19188184
v 0.01767616 0.09702793 -0.23514307
v -0.01769512 0.09686665 -0.23505680
v 0.01451145 0.06048960 -0.21615394
v -0.01457221 0.06100836 -0.21642258
v 0.02105270 0.05304868 -0.21169315
v -0.02154651 0.05541756 -0.21289243
v 0.03967977 0.02681333 -0.19497918
v -0.06088074 0.02891431 -0.19059035
v -0.14809725 0.02974375 -0.13517632
v -0.19584883 0.02975414 -0.04302155
v -0.19112085 0.02975417 0.06066665
v -0.13518219 0.02975417 0.14809929
v -0.04302157 0.02975417 0.19584884
v 0.06066665 0.02975417 0.19112085
v 0.14809929 0.02975417 0.13518219
v 0.19584884 0.02975417 0.04302157
v 0.19112081 0.02975408 -0.06066663
v 0.13517502 0.02973052 -0.14808904
v 0.04489116 0.07683978 -0.22069763
v 0.07362702 0.07975088 -0.21445715
v 0.14990333 0.08162387 -0.17143016
v 0.17144987 0.08121345 -0.14955348
v 0.21555937 0.08167546 -0.07352409
v 0.22326357 0.08122723 -0.04379462
v 0.22344202 0.08167563 0.04410596
v 0.21524924 0.08122725 0.07370454
v 0.17145349 0.08167563 0.14991789
v 0.14955904 0.08122725 0.17145463
v 0.07352413 0.08167563 0.21555945
v 0.04379462 0.08122725 0.22326358
v -0.04410596 0.08167563 0.22344202
v -0.07370454 0.08122725 0.21524924
v -0.14991789 0.08167563 0.17145349
v -0.17145463 0.08122725 0.14955904
v -0.21555945 0.08167563 0.07352413
v -0.22326358 0.08122725 0.04379462
v -0.22344201 0.08167561 -0.04410595
v -0.21524920 0.08122711 -0.07370444
v -0.17145089 0.08166120 -0.14990936
v -0.14955107 0.08116884 -0.17142092
v -0.07341906 0.08001449 -0.21467457
v -0.04302599 0.07564587 -0.22043078
v 0.08382801 0.07417034 -0.20752534
v 0.13869441 0.07529167 -0.17641259
v 0.17669326 0.07516215 -0.13822644
v 0.20836104 0.07538372 -0.08345593
v 0.22213854 0.07517093 -0.03136227
v 0.22217411 0.07538409 0.03190557
v 0.20805876 0.07517095 0.08390875
v 0.17645564 0.07538409 0.13871809
v 0.13822980 0.07517095 0.17669649
v 0.08345602 0.07538409 0.20836121
v 0.03136227 0.07517095 0.22213855
v -0.03190557 0.07538409 0.22217411
v -0.08390875 0.07517095 0.20805876
v -0.13871809 0.07538409 0.17645564
v -0.17669649 0.07517095 0.13822980
v -0.20836121 0.07538409 0.08345602
v -0.22213855 0.07517095 0.03136227
v -0.22217410 0.07538407 -0.03190556
v -0.20805865 0.07517061 -0.08390853
v -0.17645377 0.07537484 -0.13871262
v -0.13821755 0.07506647 -0.17663649
v -0.08342455 0.07422473 -0.20771860
v 0.03503482 0.07038285 -0.21904587
v -0.03244840 0.06596671 -0.21710200
v 0.08676049 0.05434037 -0.19498349
v 0.12631104 0.05475443 -0.17229108
v 0.17288613 0.05503886 -0.12574917
v 0.19558912 0.05487717 -0.08608778
v 0.21260164 0.05504523 -0.02245969
v 0.21242935 0.05487776 0.02324035
v 0.19534827 0.05504524 0.08685016
v 0.17234904 0.05487776 0.12634141
v 0.12575149 0.05504524 0.17288858
v 0.08608794 0.05487776 0.19558939
v 0.02245969 0.05504524 0.21260164
v -0.02324035 0.05487776 0.21242935
v -0.08685016 0.05504524 0.19534827
v -0.12634141 0.05487776 0.17234904
v -0.17288858 0.05504524 0.12575149
v -0.19558939 0.05487776 0.08608794
v -0.21260164 0.05504524 0.02245969
v -0.21242935 0.05487775 -0.02324035
v -0.19534810 0.05504467 -0.08684981
v -0.17234751 0.05487095 -0.12633746
v -0.12573814 0.05490394 -0.17280663
v -0.08612448 0.05404080 -0.19509350
v 0.09427960 0.08195890 -0.20748671
v 0.13318939 0.08265485 -0.18538202
v 0.18563121 0.08261580 -0.13280666
v 0.20809078 0.08277832 -0.09398780
v 0.22716729 0.08262088 -0.02219897
v 0.22720609 0.08277888 0.02264956
v 0.20783213 0.08262088 0.09435877
v 0.18544147 0.08277888 0.13321814
v 0.13280852 0.08262088 0.18563316
v 0.09398795 0.08277888 0.20809103
v 0.02219897 0.08262088 0.22716729
v -0.02264956 0.08277888 0.22720609
v -0.09435877 0.08262088 0.20783213
v -0.13321814 0.08277888 0.18544147
v -0.18563316 0.08262088 0.13280852
v -0.20809103 0.08277888 0.09398795
v -0.22716729 0.08262088 0.02219897
v -0.22720609 0.08277887 -0.02264955
v -0.20783198 0.08262035 -0.09435844
v -0.18544035 0.08277365 -0.13321499
v -0.13279356 0.08248082 -0.18555353
v -0.09394035 0.08202739 -0.20767996
v 0.04458461 0.10440533 -0.23549296
v 0.07722212 0.10482735 -0.22712910
v 0.15804176 0.10641655 -0.18158839
v 0.18072106 0.10552959 -0.15832769
v 0.22767248 0.10643822 -0.07824486
v 0.23567576 0.10553539 -0.04675634
v 0.23629262 0.10643829 0.04607421
v 0.22747937 0.10553541 0.07734571
v 0.18159830 0.10643829 0.15804774
v 0.15833006 0.10553541 0.18072303
v 0.07824487 0.10643829 0.22767251
v 0.04675634 0.10553541 0.23567577
v -0.04607421 0.10643829 0.23629262
v -0.07734571 0.10553541 0.22747937
v -0.15804774 0.10643829 0.18159830
v -0.18072303 0.10553541 0.15833006
v -0.22767251 0.10643829 0.07824487
v -0.23567577 0.10553541 0.04675634
v -0.23629261 0.10643829 -0.04607420
v -0.22747935 0.10553534 -0.07734566
v -0.18159739 0.10643297 -0.15804454
v -0.15832658 0.10551037 -0.18070863
v -0.07811162 0.10578846 -0.22735787
v -0.04538528 0.10374117 -0.23498516
v 0.06327929 0.10566344 -0.23185606
v 0.17126869 0.10677226 -0.16943567
v 0.23304544 0.10678168 -0.06110329
v 0.23237493 0.10678170 0.06360572
v 0.16943974 0.10678170 0.17127164
v 0.06110330 0.10678170 0.23304546
v -0.06360572 0.10678170 0.23237493
v -0.17127164 0.10678170 0.16943974
v -0.23304546 0.10678170 0.06110330
v -0.23237492 0.10678168 -0.06360570
v -0.16943780 0.10676923 -0.17126434
v -0.06062294 0.10560722 -0.23253427
v -0.05057040 0.02743811 -0.19278103
v -0.14015190 0.02856433 -0.14253127
v -0.19264818 0.02858151 -0.05336667
v -0.19352158 0.02858156 0.05010718
v -0.14254101 0.02858156 0.14015488
v -0.05336669 0.02858156 0.19264820
v 0.05010718 0.02858156 0.19352158
v 0.14015488 0.02858156 0.14254101
v 0.19264820 0.02858156 0.05336669
v 0.19352156 0.02858152 -0.05010718
v 0.14253673 0.02856843 -0.14014941
v 0.05269065 0.02748730 -0.19223910
v 0.05457236 0.10587406 -0.23417189
v 0.16525016 0.10733739 -0.17571771
v 0.23097609 0.10735081 -0.06955410
v 0.23480823 0.10735085 0.05525243
v 0.17572368 0.10735085 0.16525413
v 0.06955410 0.10735085 0.23097611
v -0.05525243 0.10735085 0.23480823
v -0.16525413 0.10735085 0.17572368
v -0.23097611 0.10735085 0.06955410
v -0.23480823 0.10735083 -0.05525242
v -0.17572241 0.10734305 -0.16524950
v -0.06930978 0.10651424 -0.23059135
v -0.09342211 0.02904710 -0.17700659
v -0.10650695 0.02932581 -0.16962852
v -0.16947277 0.02926800 -0.10669769
v -0.17709381 0.02944992 -0.09370928
v -0.20011740 0.02926963 -0.00766710
v -0.20022278 0.02945067 0.00739205
v -0.17714030 0.02926963 0.09341880
v -0.16970199 0.02945067 0.10651309
v -0.10669860 0.02926963 0.16947321
v -0.09370969 0.02945067 0.17709404
v -0.00766710 0.02926963 0.20011740
v 0.00739205 0.02945067 0.20022278
v 0.09341880 0.02926963 0.17714030
v 0.10651309 0.02945067 0.16970199
v 0.16947321 0.02926963 0.10669860
v 0.17709404 0.02945067 0.09370969
v 0.20011740 0.02926963 0.00766710
v 0.20022278 0.02945066 -0.00739205
v 0.17713999 0.02926891 -0.09341859
v 0.16970132 0.02944904 -0.10651255
v 0.10667384 0.02916151 -0.16942178
v 0.09366812 0.02925363 -0.17699911
v 0.11411625 0.10593096 -0.21167535
v 0.12642627 0.10603274 -0.20462416
v 0.20472952 0.10609243 -0.12631524
v 0.21184038 0.10612874 -0.11402864
v 0.24045910 0.10609343 -0.00702754
v 0.24047375 0.10612926 0.00716846
v 0.21175746 0.10609343 0.11414352
v 0.20467214 0.10612926 0.12644494
v 0.12631558 0.10609343 0.20472992
v 0.11402880 0.10612926 0.21184061
v 0.00702754 0.10609343 0.24045910
v -0.00716846 0.10612926 0.24047375
v -0.11414352 0.10609343 0.21175746
v -0.12644494 0.10612926 0.20467214
v -0.20472992 0.10609343 0.12631558
v -0.21184061 0.10612926 0.11402880
v -0.24045910 0.10609343 0.00702754
v -0.24047375 0.10612926 -0.00716846
v -0.21175734 0.10609295 -0.11414321
v -0.20467192 0.10612827 -0.12644432
v -0.12630416 0.10598633 -0.20467096
v -0.11400933 0.10594951 -0.21174400
v 0.10010057 0.10501873 -0.21812596
v 0.13909666 0.10540643 -0.19582859
v 0.19586612 0.10531423 -0.13896025
v 0.21840098 0.10546470 -0.10006206
v 0.23910625 0.10531635 -0.02241031
v 0.23917196 0.10546497 0.02254420
v 0.21827724 0.10531635 0.10014522
v 0.19585690 0.10546497 0.13910983
v 0.13896103 0.10531635 0.19586693
v 0.10006213 0.10546497 0.21840110
v 0.02241031 0.10531635 0.23910625
v -0.02254420 0.10546497 0.23917196
v -0.10014522 0.10531635 0.21827724
v -0.13910983 0.10546497 0.19585690
v -0.19586693 0.10531635 0.13896103
v -0.21840110 0.10546497 0.10006213
v -0.23910625 0.10531635 0.02241031
v -0.23917196 0.10546497 -0.02254420
v -0.21827717 0.10531610 -0.10014506
v -0.19585647 0.10546287 -0.13910854
v -0.13895347 0.10525066 -0.19583004
v -0.10002225 0.10514538 -0.21823497
v 0.05509647 0.08267102 -0.22152688
v 0.15938371 0.08574643 -0.16566750
v 0.22087860 0.08577662 -0.06378722
v 0.22318013 0.08577669 0.05519796
v 0.16568069 0.08577669 0.15939290
v 0.06378723 0.08577669 0.22087864
v -0.05519796 0.08577669 0.22318013
v -0.15939290 0.08577669 0.16568069
v -0.22087864 0.08577669 0.06378723
v -0.22318012 0.08577666 -0.05519793
v -0.16567709 0.08575471 -0.15938000
v -0.06347841 0.08345463 -0.21970003
v 0.11418353 0.08209423 -0.19731665
v 0.19766250 0.08238609 -0.11389075
v 0.22812705 0.08238786 0.00019885
v 0.19746440 0.08238786 0.11423573
v 0.11389132 0.08238786 0.19766324
v -0.00019884 0.08238786 0.22812705
v -0.11423573 0.08238786 0.19746440
v -0.19766324 0.08238786 0.11389132
v -0.22812705 0.08238786 -0.00019884
v -0.19746396 0.08238610 -0.11423464
v -0.11386512 0.08205459 -0.19747657
v 0.09832206 0.05653759 -0.19071441
v 0.11659171 0.05671638 -0.18023830
v 0.18068703 0.05699709 -0.11616756
v 0.19117901 0.05692248 -0.09785949
v 0.21456520 0.05700067 -0.01026088
v 0.21449626 0.05692369 0.01084066
v 0.19094936 0.05700068 0.09839642
v 0.18033888 0.05692369 0.11663641
v 0.11616878 0.05700068 0.18068848
v 0.09785985 0.05692369 0.19117954
v 0.01026088 0.05700068 0.21456520
v -0.01084066 0.05692369 0.21449626
v -0.09839642 0.05700068 0.19094936
v -0.11663641 0.05692369 0.18033888
v -0.18068848 0.05700068 0.11616878
v -0.19117954 0.05692369 0.09785985
v -0.21456520 0.05700067 0.01026088
v -0.21449626 0.05692369 -0.01084065
v -0.19094902 0.05699949 -0.09839571
v -0.18033796 0.05691996 -0.11663424
v -0.11615301 0.05676299 -0.18055039
v -0.09785503 0.05638381 -0.19086382
v 0.06108573 0.05654037 -0.20568999
v 0.15618616 0.05837739 -0.14852666
v 0.20953668 0.05840209 -0.05053960
v 0.20673392 0.05840216 0.06099976
v 0.14853695 0.05840216 0.15619430
v 0.05053962 0.05840216 0.20953671
v -0.06099976 0.05840216 0.20673392
v -0.15619430 0.05840216 0.14853695
v -0.20953671 0.05840216 0.05053962
v -0.20673388 0.05840205 -0.06099969
v -0.14853011 0.05835830 -0.15616906
v -0.05143148 0.05507312 -0.20752097
v -0.02114581 0.02721449 -0.19806060
v 0.02164636 0.02943990 -0.19918077
v -0.07935358 0.02905967 -0.18375166
v -0.11968791 0.03031467 -0.16124647
v -0.16068776 0.02946347 -0.11969102
v -0.18430134 0.03038205 -0.07983001
v -0.19900701 0.02946722 -0.02331296
v -0.19952483 0.03038236 0.02301576
v -0.18400161 0.02946723 0.07931389
v -0.16128569 0.03038236 0.11969464
v -0.11969313 0.02946723 0.16068865
v -0.07983018 0.03038236 0.18430145
v -0.02331296 0.02946723 0.19900701
v 0.02301576 0.03038236 0.19952483
v 0.07931389 0.02946723 0.18400161
v 0.11969464 0.03038236 0.16128569
v 0.16068865 0.02946723 0.11969313
v 0.18430145 0.03038236 0.07983018
v 0.19900701 0.02946723 0.02331296
v 0.19952483 0.03038236 -0.02301576
v 0.18400147 0.02946692 -0.07931381
v 0.16128423 0.03037853 -0.11969324
v 0.11967821 0.02940980 -0.16066220
v 0.07974766 0.03000489 -0.18412141
v -0.03830004 0.02621758 -0.19493643
v -0.06747451 0.02447243 -0.18588011
v -0.13011723 0.02800006 -0.15135713
v -0.15144118 0.02489916 -0.12750832
v -0.18837615 0.02803139 -0.06603378
v -0.19490828 0.02490390 -0.03470664
v -0.19615549 0.02803150 0.03700111
v -0.18614885 0.02490391 0.06739730
v -0.15137508 0.02803150 0.13012165
v -0.12751098 0.02490391 0.15144220
v -0.06603384 0.02803150 0.18837619
v -0.03470665 0.02490391 0.19490828
v 0.03700111 0.02803150 0.19615549
v 0.06739730 0.02490391 0.18614885
v 0.13012165 0.02803150 0.15137508
v 0.15144220 0.02490391 0.12751098
v 0.18837619 0.02803150 0.06603384
v 0.19490828 0.02490391 0.03470665
v 0.19615548 0.02803149 -0.03700111
v 0.18614879 0.02490380 -0.06739727
v 0.15137265 0.02802465 -0.13011896
v 0.12750359 0.02487813 -0.15143074
v 0.06584234 0.02745802 -0.18812453
v 0.14689621 0.05890619 -0.15809945
v 0.20628696 0.05895089 -0.06348022
v 0.21038994 0.05895103 0.04816800
v 0.15811903 0.05895103 0.14690968
v 0.06348025 0.05895103 0.20628703
v -0.04816800 0.05895103 0.21038994
v -0.14690968 0.05895103 0.15811903
v -0.20628703 0.05895103 0.06348025
v -0.21038992 0.05895098 -0.04816797
v -0.15811466 0.05892698 -0.14689585
v -0.06378839 0.05681140 -0.20501685
v 0.04903406 0.05629976 -0.20876147
v 0.01722791 0.07290006 -0.22248434
v -0.01707800 0.07275334 -0.22241871
v 0.10826848 0.05932054 -0.18693775
v 0.18736202 0.05963692 -0.10786561
v 0.21619420 0.05963906 0.00026651
v 0.18709641 0.05963906 0.10832790
v 0.10786630 0.05963906 0.18736292
v -0.00026651 0.05963906 0.21619420
v -0.10832790 0.05963906 0.18709641
v -0.18736292 0.05963906 0.10786630
v -0.21619420 0.05963906 -0.00026651
v -0.18709584 0.05963689 -0.10832663
v -0.10785027 0.05927150 -0.18714965
v 0.10264686 0.07856920 -0.20148379
v 0.12369685 0.07891100 -0.18950541
v 0.18981879 0.07904445 -0.12334392
v 0.20195997 0.07910524 -0.10233039
v 0.22606164 0.07904785 -0.01190991
v 0.22606821 0.07910629 0.01235922
v 0.20173007 0.07904786 0.10271653
v 0.18960120 0.07910629 0.12373751
v 0.12334510 0.07904786 0.18982017
v 0.10233070 0.07910629 0.20196043
v 0.01190991 0.07904786 0.22606164
v -0.01235922 0.07910629 0.22606821
v -0.10271653 0.07904786 0.20173007
v -0.12373751 0.07910629 0.18960120
v -0.18982017 0.07904786 0.12334510
v -0.20196043 0.07910629 0.10233070
v -0.22606164 0.07904786 0.01190991
v -0.22606821 0.07910629 -0.01235922
v -0.20172980 0.07904684 -0.10271591
v -0.18960039 0.07910280 -0.12373541
v -0.12332498 0.07882658 -0.18969481
v -0.10229896 0.07855865 -0.20165446
v 0.06291649 0.07854750 -0.21718302
v 0.16367753 0.08077678 -0.15769209
v 0.22060631 0.08079999 -0.05473133
v 0.21841637 0.08080005 0.06290444
v 0.15770190 0.08080005 0.16368503
v 0.05473134 0.08080005 0.22060634
v -0.06290444 0.08080005 0.21841637
v -0.16368503 0.08080005 0.15770190
v -0.22060634 0.08080005 0.05473134
v -0.21841634 0.08079997 -0.06290438
v -0.15769627 0.08076358 -0.16366389
v -0.05438020 0.07726326 -0.21878199
v -0.00919164 0.02294240 -0.19673070
v 0.00911558 0.02341533 -0.19698258
v 0.03359143 0.10900754 -0.23974853
v -0.03377131 0.10880303 -0.23961492
v 0.08951948 0.10911466 -0.22499158
v 0.15022152 0.10970942 -0.19031455
v 0.19014972 0.10944265 -0.15020448
v 0.22526471 0.10973548 -0.08971385
v 0.23977803 0.10944522 -0.03500644
v 0.23994194 0.10973559 0.03493788
v 0.22515708 0.10944523 0.08957255
v 0.19032688 0.10973559 0.15022806
v 0.15020548 0.10944523 0.19015065
v 0.08971388 0.10973559 0.22526476
v 0.03500644 0.10944523 0.23977803
v -0.03493788 0.10973559 0.23994194
v -0.08957255 0.10944523 0.22515708
v -0.15022806 0.10973559 0.19032688
v -0.19015065 0.10944523 0.15020548
v -0.22526476 0.10973559 0.08971388
v -0.23977803 0.10944523 0.03500644
v -0.23994194 0.10973558 -0.03493788
v -0.22515705 0.10944513 -0.08957248
v -0.19032641 0.10973311 -0.15022656
v -0.15020170 0.10941562 -0.19013384
v -0.08965932 0.10940515 -0.22509992
v 0.03753407 0.07870323 -0.22305849
v -0.00662815 0.05709600 -0.21475815
v 0.00643559 0.05685271 -0.21463634
v 0.02218011 0.10738502 -0.24021746
v -0.02222100 0.10727397 -0.24015518
v 0.03113580 0.02672207 -0.19647615
v -0.03014105 0.02599598 -0.19624589
v 0.13445917 0.06378385 -0.17206257
v 0.20252165 0.06388333 -0.08180815
v 0.21629319 0.06388376 0.03041290
v 0.17210895 0.06388376 0.13448494
v 0.08180825 0.06388376 0.20252185
v -0.03041290 0.06388376 0.21629319
v -0.13448494 0.06388376 0.17210895
v -0.20252185 0.06388376 0.08180825
v -0.21629318 0.06388374 -0.03041289
v -0.17210690 0.06387398 -0.13447923
v -0.08184330 0.06273810 -0.20185936
v 0.08240573 0.06285703 -0.20169781
v 0.17253741 0.06380857 -0.13387047
v 0.21636165 0.06381766 -0.02966781
v 0.20220860 0.06381767 0.08248775
v 0.13387391 0.06381767 0.17254079
v 0.02966781 0.06381767 0.21636166
v -0.08248775 0.06381767 0.20220860
v -0.17254079 0.06381767 0.13387391
v -0.21636166 0.06381767 0.02966781
v -0.20220847 0.06381727 -0.08248750
v -0.13386104 0.06370400 -0.17247530
v -0.03108114 0.04567617 -0.20654473
v 0.15601488 0.08963382 -0.17160984
v 0.22093499 0.08967018 -0.07061982
v 0.22664528 0.08967028 0.04930894
v 0.17162610 0.08967028 0.15602544
v 0.07061984 0.08967028 0.22093504
v -0.04930894 0.08967028 0.22664528
v -0.15602544 0.08967028 0.17162610
v -0.22093504 0.08967028 0.07061984
v -0.22664527 0.08967026 -0.04930892
v -0.17162356 0.08965547 -0.15601668
v -0.07038343 0.08799666 -0.22008896
v 0.04862357 0.08555606 -0.22458569
v -0.02706765 0.06034885 -0.21486849
v 0.08116630 -0.04352915 -0.19384561
v 0.20920712 -0.04597185 0.02678135
v 0.12788692 -0.04600141 0.16773098
v -0.12779689 -0.04597185 0.16778800
v -0.20920275 -0.04600141 0.02688783
v -0.08118689 -0.04353909 -0.19384035
v 0.16105493 -0.04434822 -0.13539877
v 0.19777327 -0.04413433 -0.07161834
v 0.03673740 -0.04438382 0.20718724
v -0.03686345 -0.04413521 0.20708610
v -0.19779782 -0.04438292 -0.07177808
v -0.16090357 -0.04409944 -0.13545818
v 0.00834249 -0.02114540 -0.20300044
v 0.17736266 -0.04664866 0.11452698
v 0.18820015 -0.04656261 0.09562066
v -0.18786460 -0.04664866 0.09633707
v -0.17690999 -0.04656261 0.11517579
v -0.00834291 -0.02114558 -0.20300048
v 0.14556779 -0.04240586 -0.15108603
v 0.20363303 -0.04256779 -0.05071248
v 0.05808490 -0.04250211 0.20163262
v -0.05789826 -0.04256805 0.20170768
v -0.20366134 -0.04250186 -0.05051332
v -0.14572399 -0.04247316 -0.15096457
v 0.09488478 -0.04788591 -0.18903411
v 0.21157491 -0.04926118 0.01243749
v 0.11663032 -0.04926953 0.17696640
v -0.11655864 -0.04926119 0.17701050
v -0.21157256 -0.04926952 0.01252162
v -0.09491804 -0.04790191 -0.18902300
v 0.06738476 -0.04464782 -0.19942452
v 0.20767079 -0.04865834 0.04137417
v 0.13979666 -0.04871315 0.15906952
v -0.13966648 -0.04865834 0.15916109
v -0.20765657 -0.04871315 0.04153269
v -0.06739652 -0.04465327 -0.19942234
v 0.17075692 -0.04720471 -0.12445588
v 0.19342233 -0.04551333 -0.08373984
v 0.02240555 -0.04722305 0.21011331
v -0.02419048 -0.04551513 0.20937912
v -0.19316562 -0.04722109 -0.08565275
v -0.16922799 -0.04549501 -0.12563453
v 0.02360516 -0.04278883 -0.20859027
v 0.19379039 -0.04753150 0.08447223
v 0.17046505 -0.04766695 0.12509916
v -0.17005029 -0.04753150 0.12559129
v -0.19357158 -0.04766695 0.08507748
v -0.02360666 -0.04278944 -0.20859029
v 0.13697053 -0.04281714 -0.15909081
v 0.20630497 -0.04304279 -0.03922524
v 0.06933906 -0.04298143 0.19820297
v -0.06918246 -0.04304292 0.19827800
v -0.20631830 -0.04298130 -0.03905211
v -0.13710989 -0.04288143 -0.15899718
v 0.11147121 -0.04217714 -0.17765477
v 0.20979565 -0.04283441 -0.00767188
v 0.09833256 -0.04281347 0.18547516
v -0.09825378 -0.04283443 0.18552430
v -0.20979248 -0.04281345 -0.00757909
v -0.11153605 -0.04220996 -0.17762616
v 0.05466540 -0.03747006 -0.20096053
v 0.20345499 -0.04416201 0.05341488
v 0.14816687 -0.04423998 0.14934488
v -0.14798614 -0.04416201 0.14948975
v -0.20341989 -0.04423998 0.05364384
v -0.05467250 -0.03747330 -0.20095964
v 0.17686379 -0.04260131 -0.11296793
v 0.00940181 -0.04261124 0.20965557
v -0.18626681 -0.04260735 -0.09668515
v 0.12323143 -0.06379860 -0.17797463
v 0.21585160 -0.06414761 -0.01778137
v 0.09259834 -0.06413655 0.19578596
v -0.09252669 -0.06414763 0.19582366
v -0.21585478 -0.06413653 -0.01770046
v -0.12329030 -0.06381612 -0.17794050
v 0.04600652 -0.06092962 -0.21061286
v 0.20756475 -0.06569166 0.06351204
v 0.15902777 -0.06580154 0.14779023
v -0.15878542 -0.06569166 0.14800033
v -0.20750398 -0.06580154 0.06382697
v -0.04601032 -0.06093118 -0.21061253
v 0.18732253 -0.06463968 -0.10901769
v 0.00075083 -0.06464488 0.21673653
v -0.18807342 -0.06464027 -0.10771748
v 0.12801628 -0.04313515 -0.16650613
v 0.20829605 -0.04345737 -0.02770268
v 0.08027703 -0.04340936 0.19417515
v -0.08015681 -0.04345742 0.19424103
v -0.20829911 -0.04340930 -0.02756563
v -0.12812653 -0.04318825 -0.16644221
v 0.03241633 -0.04035830 -0.20663644
v 0.19823603 -0.04699553 0.07295277
v 0.16261452 -0.04711859 0.13487906
v -0.16229697 -0.04699553 0.13520105
v -0.19811595 -0.04711859 0.07338878
v -0.03241883 -0.04035935 -0.20663637
v 0.18788291 -0.04518334 -0.09529532
v -0.01141340 -0.04518686 0.21036013
v -0.17646776 -0.04517583 -0.11506229
v 0.10448548 -0.04742445 -0.18373607
v 0.21164647 -0.04833528 0.00144592
v 0.10714570 -0.04832930 0.18252488
v -0.10707544 -0.04833529 0.18256826
v -0.21164403 -0.04832929 0.00152845
v -0.10453255 -0.04744697 -0.18371738
v 0.01608466 -0.03168614 -0.20583159
v -0.01608560 -0.03168651 -0.20583163
v 0.15405028 -0.04717162 -0.14460755
v 0.20222098 -0.04715484 -0.06121518
v 0.04822138 -0.04723188 0.20573155
v -0.04809666 -0.04715532 0.20573623
v -0.20227929 -0.04723140 -0.06110484
v -0.15411542 -0.04709564 -0.14450348
v 0.18407338 -0.05033535 0.10572482
v -0.18359707 -0.05033535 0.10654981
v -0.00734579 -0.03338610 -0.20685887
v 0.00734540 -0.03338595 -0.20685884
v -0.00660755 -0.06869347 -0.21790030
v 0.00660732 -0.06869338 -0.21790027
v -0.01373954 -0.04391521 -0.20982358
v 0.01373878 -0.04391491 -0.20982354
v 0.04017720 -0.01847592 -0.19831029
v -0.04018046 -0.01847742 -0.19831011
v -0.00892994 -0.05597154 -0.21384654
v 0.00892951 -0.05597138 -0.21384650
v -0.02049324 -0.05600340 -0.21305954
v 0.02049210 -0.05600295 -0.21305951
v 0.17512982 -0.02747741 -0.10683935
v 0.00496106 -0.02748470 0.20508881
v -0.18009136 -0.02748004 -0.09824734
v 0.05159316 -0.02262393 -0.19698858
v 0.19791555 -0.02952293 0.05636206
v 0.14793264 -0.02959132 0.14308026
v -0.14776875 -0.02952293 0.14321886
v -0.19787745 -0.02959132 0.05657329
v -0.05159893 -0.02262667 -0.19698795
v 0.11158133 -0.02669875 -0.17185788
v 0.20480341 -0.02726323 -0.01064242
v 0.09326724 -0.02722856 0.18263210
v -0.09318510 -0.02726325 0.18268618
v -0.20479766 -0.02722853 -0.01054425
v -0.11165601 -0.02674317 -0.17182590
v 0.17098982 -0.01133688 -0.10395976
v 0.00453719 -0.01134197 0.20006299
v -0.17552726 -0.01133834 -0.09610157
v 0.19301104 -0.01384007 0.05572197
v 0.14487179 -0.01388493 0.13919765
v -0.14476216 -0.01384007 0.13929148
v -0.19298459 -0.01388493 0.05586383
v 0.10938808 -0.01048658 -0.16725231
v 0.19966603 -0.01088142 -0.01103623
v 0.09033987 -0.01084704 0.17838929
v -0.09027536 -0.01088144 0.17843397
v -0.19965959 -0.01084702 -0.01095802
v -0.10945050 -0.01052760 -0.16722676
v -0.13313516 -0.07053937 -0.17335095
v -0.21676396 -0.07072542 -0.02853558
v -0.08359540 -0.07072566 0.20202162
v 0.08366945 -0.07072546 0.20199089
v 0.21675354 -0.07072562 -0.02861508
v 0.13307672 -0.07053567 -0.17339437
v 0.02854900 -0.01738184 -0.19997043
v -0.02855083 -0.01738265 -0.19997042
v 0.13899924 -0.01654829 -0.14621038
v 0.19614551 -0.01689993 -0.04763888
v 0.05714769 -0.01662704 0.19350016
v -0.05681630 -0.01690012 0.19368648
v -0.19614985 -0.01662686 -0.04725873
v -0.13932460 -0.01682255 -0.14601862
v -0.14808038 -0.06633081 -0.15898328
v -0.21179756 -0.06647455 -0.04862874
v -0.06365859 -0.06641738 0.20775658
v 0.06378509 -0.06647470 0.20773648
v 0.21175172 -0.06641722 -0.04874834
v 0.14800180 -0.06638677 -0.15908027
v 0.18147895 -0.01957777 0.09025381
v 0.16909559 -0.01961317 0.11176545
v -0.16890157 -0.01957777 0.11203847
v -0.18133951 -0.01961317 0.09055835
v -0.19849804 -0.07430955 0.09428382
v -0.18003634 -0.07381855 0.12574000
v 0.18090120 -0.07430955 0.12476243
v 0.19891221 -0.07381855 0.09304604
v 0.15491640 -0.01590825 -0.12891345
v 0.18913343 -0.01731474 -0.07087532
v 0.03418926 -0.01593337 0.19862533
v -0.03318697 -0.01731549 0.19923223
v -0.18910897 -0.01593265 -0.06970387
v -0.15594256 -0.01729006 -0.12834942
v -0.17207441 -0.07261491 -0.13582822
v -0.20397155 -0.07302907 -0.08069176
v -0.03159473 -0.07263204 0.21694014
v 0.03210477 -0.07302981 0.21699065
v 0.20367277 -0.07263118 -0.08110819
v 0.17186343 -0.07301246 -0.13629470
v 0.07732992 -0.01429996 -0.18556921
v 0.20007612 -0.01690188 0.02668920
v 0.12321456 -0.01692306 0.15988623
v -0.12315159 -0.01690188 0.15992640
v -0.20007282 -0.01692306 0.02676382
v -0.07734523 -0.01430830 -0.18556564
v -0.07763833 -0.07264692 -0.20502579
v -0.21692734 -0.07431597 0.03513284
v -0.13881365 -0.07428563 0.17034788
v 0.13888960 -0.07431597 0.17029817
v 0.21693241 -0.07428563 0.03504221
v 0.07762858 -0.07264285 -0.20502813
v -0.09442552 -0.07335961 -0.19810252
v -0.21905824 -0.07427001 0.01729093
v -0.12445351 -0.07425896 0.18109472
v 0.12450350 -0.07427001 0.18106454
v 0.21905939 -0.07425896 0.01723254
v 0.09440746 -0.07335227 -0.19810860
v -0.15828526 -0.07070634 -0.15081137
v -0.20985822 -0.07091737 -0.06153535
v -0.05147029 -0.07075174 0.21249774
v 0.05163799 -0.07091765 0.21251030
v 0.20976349 -0.07075143 -0.06167430
v 0.15821328 -0.07087166 -0.15096157
v -0.18954473 -0.07341279 0.11063844
v 0.19058807 -0.07341279 0.10883133
v 0.07000421 -0.02014662 -0.19039883
v 0.20099277 -0.02401489 0.03528626
v 0.13114410 -0.02405081 0.15636180
v -0.13105518 -0.02401489 0.15642172
v -0.20098534 -0.02405081 0.03539322
v -0.07001644 -0.02015291 -0.19039642
v 0.16180221 -0.02277175 -0.12371409
v 0.18830437 -0.02449751 -0.07903245
v 0.02624145 -0.02279104 0.20198755
v -0.02570819 -0.02449886 0.20259301
v -0.18804665 -0.02278966 -0.07826791
v -0.16259267 -0.02447885 -0.12355530
v 0.01779443 -0.01870262 -0.20162627
v 0.18693319 -0.02701442 0.08415381
v 0.16659073 -0.02707812 0.11950544
v -0.16634593 -0.02701442 0.11981199
v -0.18679012 -0.02707812 0.08451909
v -0.01779543 -0.01870304 -0.20162632
v -0.08450138 -0.06932277 -0.20116989
v -0.21694043 -0.07080786 0.02736759
v -0.13210307 -0.07078475 0.17423479
v 0.13217125 -0.07080786 0.17419213
v 0.21694329 -0.07078474 0.02728722
v 0.08448703 -0.06931670 -0.20117386
v 0.13477784 -0.02337767 -0.15296104
v 0.19990325 -0.02367139 -0.04047462
v 0.06512286 -0.02350612 0.19322912
v -0.06489960 -0.02367152 0.19335864
v -0.19990272 -0.02350599 -0.04021651
v -0.13499875 -0.02354522 -0.15283583
v -0.16570880 -0.06836931 -0.14149462
v -0.20560881 -0.06878952 -0.07254155
v -0.03968671 -0.06839806 0.21426387
v 0.03998168 -0.06879009 0.21433339
v 0.20540110 -0.06839743 -0.07276222
v 0.16562209 -0.06876106 -0.14178403
v -0.19393598 -0.07059917 0.10085889
v -0.18334001 -0.07019105 0.11880442
v 0.18431435 -0.07059917 0.11752404
v 0.19455765 -0.07019105 0.09937489
v 0.18263154 -0.02040388 -0.08849057
v -0.01468077 -0.02040618 0.20240955
v -0.16794888 -0.02039483 -0.11391615
v 0.19004741 -0.02357073 0.07395054
v 0.15926632 -0.02363773 0.12739490
v -0.15906675 -0.02357073 0.12761061
v -0.18996038 -0.02363773 0.07423122
v 0.12593864 -0.01939652 -0.15873533
v 0.20051283 -0.01969260 -0.02982415
v 0.07457582 -0.01959103 0.18846878
v -0.07442796 -0.01969266 0.18856130
v -0.20050664 -0.01959097 -0.02964984
v -0.12608817 -0.01950169 -0.15865848
v -0.13897645 -0.06274198 -0.16554136
v -0.21292214 -0.06289897 -0.03746629
v -0.07390640 -0.06289367 0.20316666
v 0.07401433 -0.06289905 0.20312915
v 0.21290065 -0.06289357 -0.03757851
v 0.13889392 -0.06274468 -0.16561170
v 0.16660217 -0.01737909 -0.11422166
v 0.01561899 -0.01738965 0.20139575
v -0.18222264 -0.01738724 -0.08717114
v 0.05955337 -0.01375877 -0.19183693
v 0.19735491 -0.01892155 0.04526014
v 0.13797556 -0.01896420 0.14820786
v -0.13787388 -0.01892155 0.14828430
v -0.19733956 -0.01896420 0.04538641
v -0.05956033 -0.01376228 -0.19183592
v -0.18530358 -0.07098372 -0.11618393
v -0.00796638 -0.07098980 0.21857147
v 0.19327079 -0.07098680 -0.10238627
v 0.10044685 -0.01537700 -0.17453207
v 0.20159483 -0.01609117 0.00053585
v 0.10131732 -0.01607694 0.17428073
v -0.10126147 -0.01609118 0.17431832
v -0.20159020 -0.01607693 0.00060301
v -0.10049045 -0.01540333 -0.17451644
v -0.03828780 -0.06870971 -0.21461699
v -0.20668347 -0.07204583 0.07254703
v -0.16586125 -0.07190076 0.14300823
v 0.16616930 -0.07204583 0.14271962
v 0.20677938 -0.07190076 0.07213594
v 0.03828557 -0.06870882 -0.21461710
v 0.08840788 -0.01817417 -0.18189875
v 0.20213361 -0.01960114 0.01501051
v 0.11412355 -0.01960788 0.16751114
v -0.11406629 -0.01960114 0.16754759
v -0.20213067 -0.01960787 0.01507832
v -0.08843420 -0.01818890 -0.18189106
v 0.14771424 -0.01835580 -0.13822635
v 0.19356068 -0.01894251 -0.05945039
v 0.04586319 -0.01840386 0.19704988
v -0.04529485 -0.01894292 0.19735379
v -0.19358166 -0.01840346 -0.05880625
v -0.14826060 -0.01889530 -0.13788734
v 0.17608510 -0.02128725 0.10144354
v -0.17589523 -0.02128725 0.10177240
v -0.02774359 -0.06930876 -0.21642133
v -0.20221639 -0.07083797 0.08321523
v -0.17268129 -0.07059829 0.13403256
v 0.17317470 -0.07083797 0.13351692
v 0.20241625 -0.07059829 0.08253010
v 0.02774226 -0.06930825 -0.21642134
v -0.17838519 -0.06947632 -0.12573556
v -0.19868554 -0.06984085 -0.09057813
v -0.01969811 -0.06948776 0.21735742
v 0.02089997 -0.06984236 0.21735625
v 0.19808556 -0.06948597 -0.09161947
v 0.17778335 -0.06983042 -0.12677540
v -0.06701740 -0.06835569 -0.20733294
v -0.21396597 -0.07094403 0.04526890
v -0.14607252 -0.07089442 0.16274754
v 0.14618700 -0.07094403 0.16266551
v 0.21397976 -0.07089442 0.04512874
v 0.06700985 -0.06835250 -0.20733434
v -0.10644240 -0.06981835 -0.19064965
v -0.21852309 -0.07044487 0.00320970
v -0.11199078 -0.07044410 0.18767153
v 0.11204123 -0.07044487 0.18764169
v 0.21852370 -0.07044410 0.00315110
v 0.10641196 -0.06980662 -0.19066246
v -0.19384614 -0.07072800 -0.10111834
v 0.00935221 -0.07073065 0.21843567
v 0.18449301 -0.07072376 -0.11731580
v -0.05572637 -0.06844539 -0.21067758
v -0.21158229 -0.07170007 0.05627462
v -0.15436044 -0.07162520 0.15523056
v 0.15452640 -0.07170007 0.15509832
v 0.21161383 -0.07162520 0.05606478
v 0.05572159 -0.06844340 -0.21067821
v -0.11693843 -0.07047732 -0.18464146
v -0.21849875 -0.07086900 -0.00887524
v -0.10150965 -0.07087389 0.19369288
v 0.10156319 -0.07086901 0.19366309
v 0.21849778 -0.07087388 -0.00893651
v 0.11689814 -0.07046458 -0.18466227
v -0.12571699 -0.07726611 -0.18136219
v -0.21999757 -0.07748930 -0.01813278
v -0.09424680 -0.07749134 0.19961350
v 0.09429534 -0.07748931 0.19958988
v 0.21999376 -0.07749132 -0.01818663
v 0.12567904 -0.07725967 -0.18138604
v -0.04771092 -0.07541720 -0.21486395
v -0.21106081 -0.07798849 0.06519065
v -0.16179053 -0.07789660 0.15035840
v 0.16198716 -0.07798849 0.15018870
v 0.21110946 -0.07789660 0.06493550
v 0.04770818 -0.07541611 -0.21486421
v -0.19134310 -0.07719555 -0.10988680
v 0.00050692 -0.07719893 0.22065244
v 0.19083615 -0.07719516 -0.11076463
v -0.00894539 -0.00827333 -0.19895642
v 0.00894500 -0.00827315 -0.19895639
v -0.00599464 -0.04365525 -0.21010636
v 0.00599433 -0.04365512 -0.21010633
v 0.04717512 -0.00691227 -0.19305257
v -0.04717853 -0.00691395 -0.19305228
v -0.01570449 -0.06944240 -0.21766823
v 0.01570385 -0.06944215 -0.21766820
v 0.03248458 -0.00321598 -0.19489148
v -0.03248615 -0.00321672 -0.19489145
v -0.02198894 -0.08380438 -0.22162488
v 0.02198838 -0.08380416 -0.22162487
v 0.17954012 -0.05789149 -0.11760995
v 0.01208382 -0.05790195 0.21429451
v -0.19162546 -0.05789880 -0.09668205
v 0.05738327 -0.05436218 -0.20567607
v 0.20856636 -0.05914312 0.05229286
v 0.14974552 -0.05921929 0.15434042
v -0.14957012 -0.05914312 0.15447734
v -0.20853548 -0.05921929 0.05251321
v -0.05739031 -0.05436525 -0.20567511
v 0.11244905 -0.05724135 -0.18257868
v 0.21453348 -0.05785461 -0.00609972
v 0.10205241 -0.05784485 0.18880100
v -0.10198423 -0.05785462 0.18884130
v -0.21453267 -0.05784484 -0.00602052
v -0.11250055 -0.05726254 -0.18255471
v 0.02573340 -0.03018101 -0.20437600
v -0.02573517 -0.03018177 -0.20437601
v 0.18413822 -0.05156626 -0.10638132
v 0.00005996 -0.05157261 0.21266102
v -0.18419811 -0.05156641 -0.10627768
v 0.12077205 -0.05029409 -0.17455485
v 0.21169118 -0.05073899 -0.01735072
v 0.09090825 -0.05071413 0.19195469
v -0.09081944 -0.05073902 0.19200531
v -0.21169175 -0.05071410 -0.01724849
v -0.12084901 -0.05032684 -0.17451401
v 0.04357547 -0.04406288 -0.20575533
v 0.20359980 -0.05302386 0.06296457
v 0.15657992 -0.05312997 0.14461761
v -0.15632882 -0.05302386 0.14484032
v -0.20353248 -0.05312997 0.06329338
v -0.04357979 -0.04406475 -0.20575501
v 0.12228302 -0.02957292 -0.16553104
v 0.20460848 -0.02995437 -0.02319508
v 0.08233381 -0.02989086 0.18872103
v -0.08221672 -0.02995442 0.18879369
v -0.20460410 -0.02989081 -0.02305735
v -0.12239673 -0.02964234 -0.16547391
v 0.19536533 -0.03319919 0.06821153
v 0.15698436 -0.03328530 0.13486085
v -0.15675558 -0.03319919 0.13508558
v -0.19528510 -0.03328530 0.06852202
v 0.18219034 -0.03081697 -0.09654110
v -0.00748813 -0.03082109 0.20605330
v -0.17470107 -0.03081204 -0.10950985
v 0.12998165 -0.05706640 -0.17047327
v 0.21270260 -0.05734447 -0.02740727
v 0.08271405 -0.05732691 0.19786256
v -0.08261592 -0.05734452 0.19790950
v -0.21271101 -0.05732686 -0.02729881
v -0.13006451 -0.05708881 -0.17041885
v 0.20301335 -0.06092055 0.07251715
v 0.16465471 -0.06107107 0.13922006
v -0.16430838 -0.06092055 0.13955614
v -0.20289546 -0.06107107 0.07298513
v 0.19093583 -0.05960193 -0.09919442
v -0.00956311 -0.05960560 0.21495363
v -0.18137144 -0.05959670 -0.11575717
v 0.01916670 -0.00354961 -0.19675289
v -0.01916749 -0.00354997 -0.19675292
v -0.11633704 -0.08424583 -0.19007403
v -0.22285483 -0.08449106 -0.00567988
v -0.10647935 -0.08449149 0.19585388
v 0.10650849 -0.08449106 0.19583788
v 0.22285411 -0.08449148 -0.00571312
v 0.11631667 -0.08424047 -0.19008453
v -0.06033730 -0.08316299 -0.21417622
v -0.21623594 -0.08467453 0.05444325
v -0.15517335 -0.08463279 0.16011707
v 0.15526721 -0.08467453 0.16004419
v 0.21625213 -0.08463279 0.05432553
v 0.06033422 -0.08316174 -0.21417669
v -0.19889241 -0.08411535 -0.10042966
v 0.01247167 -0.08411675 0.22246115
v 0.18642004 -0.08411209 -0.12203042
v 0.07995719 -0.00174604 -0.18017725
v 0.19607743 -0.00256799 0.02262213
v 0.11766361 -0.00257681 0.15847549
v -0.11763006 -0.00256799 0.15849697
v -0.19607561 -0.00257681 0.02266193
v -0.07996840 -0.00175248 -0.18017447
v 0.14933872 -0.00210183 -0.12883594
v 0.18596721 -0.00288129 -0.06642965
v 0.03691071 -0.00212122 0.19375432
v -0.03545388 -0.00288173 0.19426728
v -0.18625140 -0.00212084 -0.06491154
v -0.15051096 -0.00286249 -0.12783128
v 0.17584615 -0.00435298 0.09086425
v 0.16671160 -0.00437069 0.10671275
v -0.16661383 -0.00435298 0.10685511
v -0.17577176 -0.00437069 0.09102010
v 0.13824670 -0.00245093 -0.14082457
v 0.19107259 -0.00275597 -0.04972454
v 0.05284905 -0.00249453 0.19014746
v -0.05247361 -0.00275614 0.19033604
v -0.19109700 -0.00249437 -0.04930510
v -0.13859684 -0.00271319 -0.14059486
v -0.08587442 -0.08232622 -0.20499161
v -0.22073978 -0.08317721 0.02807071
v -0.13463732 -0.08316293 0.17715763
v 0.13467984 -0.08317721 0.17713091
v 0.22074167 -0.08316293 0.02802052
v 0.08586570 -0.08232272 -0.20499408
v -0.16864859 -0.08191528 -0.14455684
v -0.20964566 -0.08211222 -0.07358678
v -0.04086764 -0.08193409 0.21833797
v 0.04109487 -0.08211256 0.21835195
v 0.20951992 -0.08193370 -0.07377656
v 0.16854746 -0.08209350 -0.14476006
v -0.19714901 -0.08394204 0.10369423
v -0.18676350 -0.08272466 0.12070882
v 0.18837634 -0.08394204 0.11888893
v 0.19791865 -0.08272466 0.10138753
v 0.09163689 -0.00160324 -0.17447670
v 0.19707341 -0.00215713 0.00834435
v 0.10579311 -0.00215489 0.16647852
v -0.10576312 -0.00215714 0.16649840
v -0.19707118 -0.00215488 0.00838026
v -0.09165567 -0.00161468 -0.17447087
v 0.18372451 -0.01112404 -0.07914476
v -0.02332095 -0.01112524 0.19868284
v -0.16040120 -0.01111047 -0.11953388
v -0.15235103 -0.07767896 -0.15982180
v -0.21464838 -0.07780476 -0.05193502
v -0.06224308 -0.07773519 0.21186644
v 0.06234717 -0.07780490 0.21185849
v 0.21460321 -0.07773504 -0.05202914
v 0.15229347 -0.07774779 -0.15990630
v 0.06829423 -0.00430071 -0.18576229
v 0.19629515 -0.00877341 0.03455484
v 0.12813078 -0.00879607 0.15267987
v -0.12807294 -0.00877341 0.15271917
v -0.19629004 -0.00879607 0.03462458
v -0.06830161 -0.00430469 -0.18576090
v 0.18403421 -0.01391316 0.08061493
v 0.16198490 -0.01395428 0.11888400
v -0.16183168 -0.01391316 0.11907084
v -0.18394901 -0.01395428 0.08084104
v -0.10344124 -0.08527207 -0.19775010
v -0.22309429 -0.08564923 0.00930839
v -0.11958202 -0.08564619 0.18856676
v 0.11960845 -0.08564923 0.18855112
v 0.22309461 -0.08564619 0.00927768
v 0.10342802 -0.08526743 -0.19775538
v -0.18676638 -0.08407584 -0.12147895
v -0.01182073 -0.08408022 0.22248527
v 0.19858781 -0.08407863 -0.10100538
v 0.15821068 -0.00787769 -0.12076393
v 0.02548171 -0.00789116 0.19740036
v -0.18369426 -0.00789010 -0.07663227
v -0.13657018 -0.08554035 -0.17661011
v -0.22127122 -0.08564067 -0.02992591
v -0.08468039 -0.08563539 0.20660351
v 0.08471901 -0.08564070 0.20658946
v 0.22126407 -0.08563537 -0.02996639
v 0.13654143 -0.08554385 -0.17663372
v 0.13083655 -0.01043036 -0.15104263
v 0.19626699 -0.01069747 -0.03800852
v 0.06542982 -0.01053774 0.18885022
v -0.06521717 -0.01069758 0.18897649
v -0.19626396 -0.01053764 -0.03776122
v -0.13104988 -0.01059205 -0.15092437
v -0.20915514 -0.08472448 0.07735067
v -0.17132058 -0.08459930 0.14269144
v 0.17156521 -0.08472448 0.14245833
v 0.20923470 -0.08459930 0.07702225
v -0.07444137 -0.08406575 -0.20999023
v -0.21945818 -0.08516908 0.04036043
v -0.14462654 -0.08514641 0.16991429
v 0.14468224 -0.08516908 0.16987615
v 0.21946336 -0.08514641 0.04029311
v 0.07443645 -0.08406375 -0.20999132
v -0.17813315 -0.08433084 -0.13395089
v -0.20528947 -0.08450003 -0.08691384
v -0.02693890 -0.08433947 0.22124592
v 0.02737522 -0.08450070 0.22124302
v 0.20507380 -0.08433870 -0.08729312
v 0.17791261 -0.08449186 -0.13432703
v -0.03669242 -0.08329981 -0.21951014
v 0.03669123 -0.08329935 -0.21951019
v -0.20364111 -0.08528612 0.09130963
v -0.18034160 -0.08494059 0.13128582
v 0.18089701 -0.08528612 0.13070356
v 0.20386766 -0.08494059 0.09053750
v -0.14357508 -0.07683359 -0.16740276
v -0.21681600 -0.07695469 -0.04055826
v -0.07320482 -0.07692880 0.20806643
v 0.07328353 -0.07695477 0.20804731
v 0.21679320 -0.07692873 -0.04063598
v 0.14352167 -0.07685787 -0.16745853
v 0.16324619 -0.00279711 -0.11107210
v 0.01456895 -0.00280325 0.19691327
v -0.17781591 -0.00280164 -0.08583933
v 0.05733043 -0.00000207 -0.18803214
v 0.19259774 -0.00391082 0.04505244
v 0.13537433 -0.00393501 0.14422340
v -0.13531543 -0.00391082 0.14426832
v -0.19258829 -0.00393501 0.04512591
v -0.05733409 -0.00000397 -0.18803166
v 0.10091115 -0.00222299 -0.16950693
v 0.19737053 -0.00259339 -0.00247413
v 0.09657919 -0.00257881 0.17213922
v -0.09654261 -0.00259340 0.17216496
v -0.19736653 -0.00257880 -0.00242958
v -0.10094335 -0.00224379 -0.16949530
v 0.08816368 -0.05910409 -0.19610303
v 0.21441895 -0.06071211 0.02167140
v 0.12605107 -0.06073199 0.17481114
v -0.12597746 -0.06071211 0.17485655
v -0.21441642 -0.06073199 0.02175786
v -0.08818520 -0.05911371 -0.19609665
v 0.07974297 -0.02715283 -0.18890378
v 0.20422117 -0.02975622 0.02590188
v 0.12462168 -0.02978098 0.16385912
v -0.12454227 -0.02975622 0.16390978
v -0.20421700 -0.02978097 0.02599598
v -0.07976275 -0.02716312 -0.18889891
v -0.16048992 -0.08679921 -0.15575937
v -0.21518991 -0.08689514 -0.06103018
v -0.05464994 -0.08682302 0.21687485
v 0.05474130 -0.08689528 0.21687505
v 0.21514405 -0.08682288 -0.06110919
v 0.16044496 -0.08687111 -0.15583787
v 0.16003672 -0.05791584 -0.14303239
v 0.20376186 -0.05764609 -0.06719387
v 0.04385918 -0.05796000 0.21012449
v -0.04368942 -0.05764670 0.21006006
v -0.20390254 -0.05795942 -0.06707908
v -0.16006489 -0.05760292 -0.14285435
v 0.15696495 -0.02852586 -0.13259475
v 0.19340007 -0.02922194 -0.07003595
v 0.03635501 -0.02856048 0.20224271
v -0.03604722 -0.02922280 0.20250760
v -0.19332455 -0.02855960 -0.06963696
v -0.15734750 -0.02918801 -0.13246144
v -0.19246419 -0.08614135 0.11350685
v 0.19453191 -0.08614135 0.10992545
v 0.18399084 -0.06037784 0.11201600
v 0.18958814 -0.06028434 0.10219582
v -0.18900412 -0.06037784 0.10333273
v -0.18329825 -0.06028434 0.11309024
v 0.18388108 -0.03167727 0.09387207
v 0.17352705 -0.03172273 0.11188581
v -0.17323614 -0.03167727 0.11230965
v -0.18365948 -0.03172273 0.09433593
v 0.15155699 -0.05641821 -0.15132817
v 0.20679117 -0.05640306 -0.05572361
v 0.05529210 -0.05649409 0.20693636
v -0.05513758 -0.05640339 0.20694831
v -0.20685809 -0.05649378 -0.05558382
v -0.15164291 -0.05632855 -0.15120246
v 0.14292268 -0.02820722 -0.14748439
v 0.19920856 -0.02852439 -0.05035004
v 0.05628995 -0.02829674 0.19753847
v -0.05599991 -0.02852465 0.19769477
v -0.19921822 -0.02829647 -0.05002071
v -0.14320111 -0.02843642 -0.14731376
v -0.09447742 -0.08630845 -0.20254278
v -0.22280122 -0.08680180 0.01944157
v -0.12820996 -0.08679505 0.18324743
v 0.12823751 -0.08680180 0.18323072
v 0.22280191 -0.08679505 0.01940937
v 0.09446843 -0.08630501 -0.20254579
v 0.09746152 -0.06137743 -0.19244704
v 0.21573392 -0.06246267 0.01181606
v 0.11816213 -0.06247070 0.18088543
v -0.11809998 -0.06246267 0.18092303
v -0.21573244 -0.06247070 0.01188869
v -0.09749001 -0.06138976 -0.19243692
v 0.07618756 -0.05917485 -0.20108252
v 0.21303593 -0.06161847 0.03439102
v 0.13639971 -0.06165616 0.16723410
v -0.13630147 -0.06161848 0.16729901
v -0.21302883 -0.06165616 0.03450856
v -0.07620128 -0.05918093 -0.20107935
v 0.16891881 -0.05996756 -0.13345988
v 0.19965013 -0.05907969 -0.07978589
v 0.03112358 -0.05999206 0.21302516
v -0.03072858 -0.05908094 0.21279540
v -0.20004662 -0.05999092 -0.07955873
v -0.16891687 -0.05905651 -0.13300355
v 0.19531667 -0.06089994 0.09122382
v 0.17728734 -0.06113324 0.12276383
v -0.17666048 -0.06089994 0.12353728
v -0.19496027 -0.06113324 0.09215342
v 0.14282646 -0.05377714 -0.15848724
v 0.20867900 -0.05390468 -0.04458308
v 0.06587294 -0.05390471 0.20296635
v -0.06572945 -0.05390485 0.20301290
v -0.20871042 -0.05390454 -0.04443554
v -0.14293550 -0.05377937 -0.15838984
v 0.18791711 -0.03363169 -0.08696797
v -0.01864219 -0.03363409 0.20622572
v -0.16927211 -0.03361825 -0.11925387
v 0.19237664 -0.03599660 0.07857146
v 0.16452556 -0.03609041 0.12698720
v -0.16423321 -0.03599660 0.12731733
v -0.19223692 -0.03609041 0.07898971
v 0.13113732 -0.03200702 -0.15959228
v 0.20384875 -0.03230264 -0.03391863
v 0.07271094 -0.03220837 0.19340568
v -0.07255000 -0.03230273 0.19349754
v -0.20384967 -0.03220827 -0.03373332
v -0.13129259 -0.03210495 -0.15950412
v 0.10014907 -0.03309983 -0.18104631
v 0.20719083 -0.03415592 0.00399472
v 0.10712447 -0.03414914 0.17739073
v -0.10705494 -0.03415593 0.17743517
v -0.20718711 -0.03414913 0.00407715
v -0.10019499 -0.03312440 -0.18102966
v 0.06261108 -0.02857549 -0.19571811
v 0.20223024 -0.03360370 0.04444751
v 0.13973679 -0.03365730 0.15281755
v -0.13960780 -0.03360370 0.15291277
v -0.20221227 -0.03365730 0.04460684
v -0.06262085 -0.02858023 -0.19571653
v 0.16935331 -0.03206541 -0.11829485
v 0.01777137 -0.03208010 0.20581614
v -0.18712692 -0.03207749 -0.08751735
v 0.03318609 -0.05459424 -0.21100968
v -0.03318850 -0.05459523 -0.21100961
v 0.03594536 -0.03016974 -0.20282564
v -0.03594840 -0.03017108 -0.20282552
v 0.11845133 -0.00318740 -0.15812557
v 0.19622545 -0.00339482 -0.02357015
v 0.07778405 -0.00333549 0.18166537
v -0.07770038 -0.00339486 0.18172131
v -0.19621884 -0.00333545 -0.02346972
v -0.11853827 -0.00324949 -0.15808461
v 0.03999166 0.00457597 -0.19100850
v 0.18784381 -0.00969204 0.06748935
v 0.15248359 -0.00973172 0.12881694
v -0.15236939 -0.00969204 0.12893284
v -0.18780054 -0.00973172 0.06764619
v -0.03999297 0.00457533 -0.19100844
v 0.17540244 -0.00370392 -0.09128021
v -0.00865022 -0.00370585 0.19754367
v -0.16675147 -0.00370017 -0.10626183
v 0.16714308 0.00201161 -0.10227195
v 0.00499878 0.00200898 0.19588694
v -0.17214191 0.00201116 -0.09361399
v 0.04882877 0.00511152 -0.18877016
v 0.18833374 0.00073193 0.05552771
v 0.14231054 0.00071096 0.13528932
v -0.14225527 0.00073193 0.13533794
v -0.18831926 0.00071096 0.05559988
v -0.04883043 0.00511067 -0.18877000
v 0.10669881 0.00239980 -0.16420808
v 0.19562042 0.00220527 -0.01026370
v 0.08895743 0.00222693 0.17451826
v -0.08892159 0.00220525 0.17454411
v -0.19561596 0.00222694 -0.01021974
v -0.10673514 0.00237502 -0.16419368
v 0.07222530 -0.03281038 -0.19378793
v 0.20500022 -0.03640100 0.03477915
v 0.13272369 -0.03644073 0.16007578
v -0.13261974 -0.03640100 0.16014582
v -0.20499153 -0.03644073 0.03490419
v -0.07224016 -0.03281772 -0.19378484
v 0.16409554 -0.03498319 -0.12697893
v 0.02792310 -0.03500770 0.20560756
v -0.19202244 -0.03500615 -0.07862157
v 0.19227440 -0.03539976 -0.07832931
v -0.02830215 -0.03540122 0.20567961
v -0.16396781 -0.03537591 -0.12734360
v 0.18914248 -0.03775648 0.08738292
v 0.17058764 -0.03784138 0.11967266
v -0.17024707 -0.03775648 0.12011073
v -0.18893338 -0.03784138 0.08789690
v 0.13834257 -0.03376298 -0.15412514
v 0.20268593 -0.03402180 -0.04295439
v 0.06434686 -0.03389895 0.19690168
v -0.06414341 -0.03402197 0.19700840
v -0.20269524 -0.03389878 -0.04272483
v -0.13853363 -0.03388823 -0.15400598
v 0.18067790 -0.03803898 0.10393687
v -0.18035091 -0.03803898 0.10450322
v 0.15150827 -0.03483576 -0.14169391
v 0.19847129 -0.03509096 -0.06061430
v 0.04697102 -0.03489648 0.20207300
v -0.04674220 -0.03509149 0.20218848
v -0.19848569 -0.03489595 -0.06035840
v -0.15172141 -0.03503133 -0.14155507
v 0.08894865 -0.03396838 -0.18710398
v 0.20704316 -0.03574926 0.01683227
v 0.11817237 -0.03576179 0.17084235
v -0.11809876 -0.03574926 0.17088850
v -0.20704000 -0.03576178 0.01691910
v -0.08897796 -0.03398348 -0.18709526
v 0.19412462 -0.05577285 -0.08999553
v -0.01912402 -0.05577526 0.21311536
v -0.17499779 -0.05576007 -0.12311635
v 0.19868052 -0.05738916 0.08078109
v 0.16974307 -0.05756556 0.13118850
v -0.16929873 -0.05738916 0.13167183
v -0.19848411 -0.05756556 0.08140756
v 0.10318457 -0.05674716 -0.18779412
v 0.21451464 -0.05767157 0.00455956
v 0.11127064 -0.05767185 0.18345626
v -0.11120602 -0.05767158 0.18349534
v -0.21451310 -0.05767184 0.00463507
v -0.10322291 -0.05676391 -0.18777902
v 0.13540236 -0.05190810 -0.16412016
v 0.20988443 -0.05212858 -0.03531308
v 0.07448566 -0.05210429 0.19936687
v -0.07436021 -0.05212868 0.19942181
v -0.20989958 -0.05210420 -0.03517697
v -0.13550778 -0.05193596 -0.16404439
v 0.06702164 -0.05663434 -0.20348639
v 0.21091180 -0.06007859 0.04331546
v 0.14309856 -0.06013316 0.16090415
v -0.14296819 -0.06007859 0.16099724
v -0.21089636 -0.06013316 0.04347492
v -0.06703169 -0.05663879 -0.20348454
v 0.17433564 -0.05872354 -0.12563955
v 0.02164093 -0.05873985 0.21380381
v -0.19597939 -0.05873791 -0.08816017
v 0.00847514 0.00349536 -0.19530335
v -0.00847538 0.00349525 -0.19530338
v -0.12738691 -0.08899100 -0.18465315
v -0.22364554 -0.08910475 -0.01796656
v -0.09623979 -0.08910418 0.20267696
v 0.09626328 -0.08910476 0.20266601
v 0.22364329 -0.08910418 -0.01799238
v 0.12736919 -0.08898934 -0.18466474
v -0.04901624 -0.08795654 -0.21857945
v -0.21428625 -0.08905805 0.06644542
v -0.16457705 -0.08900628 0.15244914
v 0.16468655 -0.08905805 0.15235462
v 0.21431336 -0.08900628 0.06630334
v 0.04901482 -0.08795598 -0.21857959
v -0.19430294 -0.08865789 -0.11191057
v 0.00023411 -0.08865972 0.22422714
v 0.19406882 -0.08865772 -0.11231598
v 0.04520988 -0.03056051 -0.20108853
v -0.04521458 -0.03056264 -0.20108815
v -0.00840869 -0.08287322 -0.22226365
v 0.00840848 -0.08287315 -0.22226363
v 0.18135940 -0.03952906 -0.10368263
v -0.00088773 -0.03953530 0.20890511
v -0.18047141 -0.03952834 -0.10522021
v 0.19984379 -0.04138071 0.06281227
v -0.15431892 -0.04138071 0.14166367
v 0.15454901 -0.04147303 0.14145527
v -0.19977836 -0.04147303 0.06311573
v 0.11889324 -0.03837561 -0.17133461
v 0.20797352 -0.03884967 -0.01731626
v 0.08908757 -0.03881128 0.18870941
v -0.08899045 -0.03884971 0.18876849
v -0.20797092 -0.03881124 -0.01720261
v -0.11898181 -0.03842211 -0.17129077
v 0.11761833 -0.01786843 -0.16440947
v 0.20130533 -0.01823729 -0.01967823
v 0.08370911 -0.01817860 0.18410988
v -0.08361083 -0.01823732 0.18417465
v -0.20129838 -0.01817856 -0.01956073
v -0.11771622 -0.01793286 -0.16436412
v 0.19296675 -0.02196499 0.06439363
v -0.15224990 -0.02196499 0.13491729
v 0.15241378 -0.02202620 0.13476094
v -0.19291329 -0.02202620 0.06461373
v 0.17740335 -0.01874781 -0.09748616
v -0.00427608 -0.01875196 0.20238019
v -0.17312665 -0.01874508 -0.10489193
v -0.21374692 -0.09172752 -0.07085260
v 0.04551333 -0.09172764 0.22053660
v 0.16823180 -0.09171683 -0.14968099
v -0.16826895 -0.09165430 -0.14960988
v -0.04543278 -0.09166496 0.22053325
v 0.21370374 -0.09166482 -0.07092068
v -0.09068883 -0.09163435 -0.20608321
v -0.22392502 -0.09197043 0.02448567
v -0.13315001 -0.09196518 0.18169286
v 0.13316772 -0.09197043 0.18168192
v 0.22392564 -0.09196517 0.02446486
v 0.09068436 -0.09163261 -0.20608458
v -0.19145466 -0.09169218 0.11852420
v 0.19837230 -0.09169218 0.10654250
v -0.21882032 -0.08781485 -0.04772257
v 0.06808122 -0.08781492 0.21336525
v 0.15073415 -0.08777599 -0.16563080
v -0.15076598 -0.08774621 -0.16558927
v -0.06802784 -0.08778449 0.21337232
v 0.21879974 -0.08778442 -0.04777232
v 0.02365816 0.00528259 -0.19348879
v -0.02365874 0.00528232 -0.19348880
v 0.12755684 0.00333212 0.14820387
v -0.19212674 0.00333212 0.03636553
v 0.19212971 0.00334381 0.03633019
v -0.12752772 0.00334381 0.14822412
v 0.15695324 0.00383610 -0.11635881
v 0.02229404 0.00383039 0.19410658
v -0.17924807 0.00383102 -0.07774602
v 0.06317006 0.00589830 -0.18420733
v -0.06317278 0.00589682 -0.18420688
v 0.17966366 0.00203734 -0.07819325
v -0.02211452 0.00203663 0.19469014
v -0.15754798 0.00204456 -0.11649449
v 0.18089395 0.00064605 0.07642525
v -0.15663319 0.00064605 0.11844613
v 0.15670164 0.00062679 0.11836551
v -0.18085836 0.00062679 0.07652485
v 0.14430820 -0.08728227 -0.17105715
v -0.22031292 -0.08734039 -0.03944282
v 0.07599798 -0.08734043 0.21051800
v -0.14433715 -0.08726788 -0.17102684
v -0.07595499 -0.08732501 0.21052841
v 0.22030042 -0.08732497 -0.03948526
v 0.06466468 0.00230564 0.18487539
v -0.19243911 0.00230570 -0.03643645
v 0.12777708 0.00236545 -0.14841207
v 0.19244082 0.00220954 -0.03658831
v -0.06453402 0.00220948 0.18495281
v -0.12790820 0.00226824 -0.14833911
v 0.12334449 0.00147680 0.15247258
v -0.19371737 0.00147680 0.03058318
v 0.19371963 0.00148760 0.03054725
v -0.12331452 0.00148760 0.15249250
v 0.02834439 0.00194150 0.19391112
v -0.18210400 0.00194201 -0.07240855
v 0.15375840 0.00195114 -0.12149940
v 0.14867024 0.00390040 0.12673996
v -0.18409515 0.00390040 0.06538222
v 0.18411298 0.00391638 0.06531709
v -0.14862274 0.00391638 0.12678797
v 0.20922068 -0.12829854 0.19113772
v -0.20922118 -0.12829877 0.19113782
v 0.14433301 -0.12827503 -0.24382270
v -0.14433301 -0.12827503 -0.24382270
v 0.26822089 -0.12826916 -0.09128383
v -0.26822089 -0.12826916 -0.09128383
v 0.03489768 -0.12789329 0.28044928
v -0.03516815 -0.12818410 0.28097423
v 0.28164971 -0.12789956 -0.02344894
v -0.28164971 -0.12789956 -0.02344894
v 0.08121638 -0.12757170 -0.27005071
v -0.08121638 -0.12757170 -0.27005071
v 0.24868625 -0.12790204 0.13429159
v -0.24868627 -0.12790205 0.13429159
v 0.18314986 -0.12827666 0.21619300
v -0.18315198 -0.12827780 0.21619404
v 0.17416116 -0.12827247 -0.22348746
v -0.17416116 -0.12827247 -0.22348746
v 0.25429931 -0.12818461 -0.12456215
v -0.25429931 -0.12818461 -0.12456215
v 0.06999994 -0.12807798 0.27416929
v -0.07000645 -0.12817855 0.27436549
v 0.28272233 -0.12809077 0.01227444
v -0.28272233 -0.12809077 0.01227444
v 0.04815432 -0.12668504 -0.27614155
v -0.04815432 -0.12668504 -0.27614155
v 0.26397335 -0.12809052 0.10198232
v -0.26397335 -0.12809053 0.10198232
v 0.15395264 -0.12817073 0.23762884
v -0.15395953 -0.12817550 0.23763521
v 0.20111781 -0.12817383 -0.19930844
v -0.20111781 -0.12817383 -0.19930844
v 0.23450598 -0.12680976 -0.15399124
v -0.23450598 -0.12680976 -0.15399124
v 0.10277637 -0.12677722 0.26097619
v -0.10279283 -0.12681104 0.26103900
v 0.27648529 -0.12677495 0.04716994
v -0.27648529 -0.12677495 0.04716994
v 0.00981701 -0.11560654 -0.25900257
v -0.00981701 -0.11560654 -0.25900257
v 0.27223008 -0.12677332 0.06751414
v -0.27223008 -0.12677332 0.06751414
v 0.12181111 -0.12679068 0.25268162
v -0.12182593 -0.12680774 0.25271059
v 0.22245224 -0.12680615 -0.17093125
v -0.22245224 -0.12680615 -0.17093125
v 0.02779053 -0.12738246 -0.28026387
v -0.02779053 -0.12738246 -0.28026387
v 0.23185554 -0.13893717 0.19610273
v -0.23185576 -0.13893726 0.19610275
v 0.14459180 -0.13890995 -0.26697375
v -0.14459180 -0.13890995 -0.26697375
v 0.29094987 -0.13892166 -0.08685330
v -0.29094987 -0.13892166 -0.08685330
v 0.02536937 -0.13853987 0.30184473
v -0.02579971 -0.13865041 0.30201976
v 0.30043904 -0.13844888 -0.03721792
v -0.30043904 -0.13844888 -0.03721792
v 0.09814142 -0.13826261 -0.28601078
v -0.09814142 -0.13826261 -0.28601078
v 0.26041441 -0.13845187 0.15439098
v -0.26041444 -0.13845188 0.15439098
v 0.20539372 -0.13920232 0.22435231
v -0.20539473 -0.13920281 0.22435263
v 0.17761960 -0.13919698 -0.24691217
v -0.17761960 -0.13919698 -0.24691217
v 0.27795997 -0.13914673 -0.12326530
v -0.27795997 -0.13914673 -0.12326530
v 0.06388684 -0.13902607 0.29704328
v -0.06398054 -0.13911333 0.29719328
v 0.30383502 -0.13902807 0.00168367
v -0.30383502 -0.13902807 0.00168367
v 0.06095406 -0.13814339 -0.29594106
v -0.06095406 -0.13814339 -0.29594106
v 0.27909862 -0.13902826 0.12009468
v -0.27909862 -0.13902826 0.12009468
v 0.17484388 -0.13917081 0.24882445
v -0.17484774 -0.13917303 0.24882693
v 0.20781760 -0.13917161 -0.22202874
v -0.20781760 -0.13917161 -0.22202874
v 0.25993315 -0.13888096 -0.15678957
v -0.25993315 -0.13888096 -0.15678957
v 0.10034300 -0.13884483 0.28642221
v -0.10037176 -0.13887929 0.28648174
v 0.30089778 -0.13884705 0.03961681
v -0.30089778 -0.13884705 0.03961681
v 0.02213424 -0.13235876 -0.29028258
v -0.02213424 -0.13235876 -0.29028258
v 0.29158973 -0.13884533 0.08415700
v -0.29158973 -0.13884533 0.08415700
v 0.14204659 -0.13887344 0.26825784
v -0.14205764 -0.13888191 0.26827028
v 0.23355906 -0.13888091 -0.19390285
v -0.23355906 -0.13888091 -0.19390285
v 0.23204678 -0.13220523 0.17532214
v -0.23204692 -0.13220529 0.17532215
v 0.12426509 -0.13214017 -0.26281100
v -0.12426509 -0.13214017 -0.26281100
v 0.28281774 -0.13219360 -0.06771108
v -0.28281774 -0.13219360 -0.06771108
v 0.00653910 -0.13061407 0.28772481
v -0.00751847 -0.13069321 0.28785182
v 0.28100222 -0.12977448 -0.05428948
v -0.28100222 -0.12977448 -0.05428948
v 0.11083547 -0.12967342 -0.26365669
v -0.11083547 -0.12967342 -0.26365669
v 0.23574973 -0.12978243 0.16229704
v -0.23574982 -0.12978246 0.16229703
v 0.20720210 -0.13176090 0.20287644
v -0.20720283 -0.13176124 0.20287663
v 0.15622814 -0.13174610 -0.24427028
v -0.15622814 -0.13174610 -0.24427028
v 0.27105487 -0.13172143 -0.10284546
v -0.27105487 -0.13172143 -0.10284546
v 0.04543501 -0.13146332 0.28582953
v -0.04559585 -0.13165178 0.28616773
v 0.28906833 -0.13146318 -0.01421986
v -0.28906833 -0.13146318 -0.01421986
v 0.07382575 -0.13095429 -0.27884017
v -0.07382575 -0.13095429 -0.27884017
v 0.25918635 -0.13146464 0.12878955
v -0.25918636 -0.13146464 0.12878955
v 0.17959158 -0.13174705 0.22764690
v -0.17959448 -0.13174866 0.22764853
v 0.18610495 -0.13174527 -0.22234935
v -0.18610495 -0.13174527 -0.22234935
v 0.25553815 -0.13165191 -0.13664316
v -0.25553815 -0.13165191 -0.13664316
v 0.08154012 -0.13157726 0.27792058
v -0.08156544 -0.13164690 0.27805152
v 0.28874608 -0.13158524 0.02287255
v -0.28874608 -0.13158524 0.02287255
v 0.03909260 -0.12908519 -0.28218950
v -0.03909260 -0.12908519 -0.28218950
v 0.27374146 -0.13158428 0.09466786
v -0.27374146 -0.13158428 0.09466786
v 0.14874627 -0.13164352 0.24866921
v -0.14875519 -0.13165013 0.24867856
v 0.21299883 -0.13164874 -0.19646652
v -0.21299883 -0.13164874 -0.19646652
v 0.23161392 -0.12871932 -0.16467304
v -0.23161392 -0.12871932 -0.16467304
v 0.11381965 -0.12869678 0.26035146
v -0.11383705 -0.12872071 0.26039366
v 0.27811765 -0.12868753 0.05812357
v -0.27811765 -0.12868753 0.05812357
v -0.01288241 -0.12588636 -0.27848834
v 0.01288241 -0.12588636 -0.27848834
v -0.01008929 -0.14088931 -0.30722235
v 0.01008929 -0.14088931 -0.30722235
v -0.00712667 -0.14748106 -0.31987519
v 0.00712667 -0.14748106 -0.31987519
v -0.01144670 -0.13400333 -0.29403773
v 0.01144670 -0.13400333 -0.29403773
v 0.20516313 -0.11891198 0.16850245
v -0.20516339 -0.11891210 0.16850249
v 0.12302021 -0.11887381 -0.23518585
v -0.12302021 -0.11887381 -0.23518585
v 0.25546361 -0.11889539 -0.07215637
v -0.25546361 -0.11889539 -0.07215637
v 0.01949531 -0.11860934 0.26419482
v -0.02098381 -0.12001444 0.26676783
v 0.26460367 -0.11959039 -0.03403366
v -0.26460367 -0.11959039 -0.03403366
v 0.08787805 -0.11942858 -0.25156776
v -0.08787805 -0.11942858 -0.25156776
v 0.22881068 -0.11959431 0.13719714
v -0.22881072 -0.11959433 0.13719714
v 0.18267030 -0.11930127 0.19367800
v -0.18267144 -0.11930187 0.19367849
v 0.15221033 -0.11929231 -0.21840909
v -0.15221033 -0.11929231 -0.21840909
v 0.24492016 -0.11924871 -0.10411714
v -0.24492016 -0.11924871 -0.10411714
v 0.05200381 -0.11910619 0.26072461
v -0.05178984 -0.11926751 0.26108074
v 0.26589370 -0.11913169 -0.00284824
v -0.26589370 -0.11913169 -0.00284824
v 0.05885657 -0.11873904 -0.25854582
v -0.05885657 -0.11873904 -0.25854582
v 0.24248250 -0.11913248 0.10913573
v -0.24248250 -0.11913248 0.10913573
v 0.15648640 -0.11916583 0.21506789
v -0.15649034 -0.11916843 0.21507113
v 0.17849813 -0.11916600 -0.19718208
v -0.17849813 -0.11916600 -0.19718208
v 0.22962443 -0.11894693 -0.13339039
v -0.22962443 -0.11894693 -0.13339039
v 0.08361582 -0.11889814 0.25195113
v -0.08360320 -0.11894914 0.25205776
v 0.26374906 -0.11890257 0.03019768
v -0.26374906 -0.11890257 0.03019768
v 0.02173723 -0.11962186 -0.26595657
v -0.02173723 -0.11962186 -0.26595657
v 0.25375469 -0.11890215 0.07799739
v -0.25375469 -0.11890215 0.07799739
v 0.12830201 -0.11892575 0.23245972
v -0.12831116 -0.11893506 0.23247495
v 0.20130172 -0.11893360 -0.17316030
v -0.20130172 -0.11893360 -0.17316030
v 0.21051667 -0.11975282 -0.16438202
v -0.21051667 -0.11975282 -0.16438202
v 0.11782787 -0.11973935 0.23966974
v -0.11783866 -0.11975440 0.23969641
v 0.25868575 -0.11972432 0.06626748
v -0.25868575 -0.11972432 0.06626748
v 0.26356842 -0.11972481 0.04291711
v -0.26356842 -0.11972481 0.04291711
v 0.09599248 -0.11972594 0.24919227
v -0.09599713 -0.11976011 0.24926028
v 0.22435161 -0.11975834 -0.14495063
v -0.22435161 -0.11975834 -0.14495063
v 0.19038897 -0.12024339 -0.18865634
v -0.19038897 -0.12024339 -0.18865634
v 0.14570648 -0.12024039 0.22495717
v -0.14571268 -0.12024510 0.22496386
v 0.24993992 -0.12019846 0.09655725
v -0.24993992 -0.12019846 0.09655725
v 0.04710798 -0.11963161 -0.26267122
v -0.04710798 -0.11963161 -0.26267122
v 0.26768880 -0.12019842 0.01165903
v -0.26768880 -0.12019842 0.01165903
v 0.06638893 -0.12018593 0.25956305
v -0.06631325 -0.12028395 0.25977526
v 0.24071427 -0.12028001 -0.11803914
v -0.24071427 -0.12028001 -0.11803914
v 0.16509520 -0.12036524 -0.21144108
v -0.16509520 -0.12036524 -0.21144108
v 0.17319971 -0.12036945 0.20486561
v -0.17320178 -0.12037062 0.20486679
v 0.23621661 -0.12037928 0.12719994
v -0.23621663 -0.12037928 0.12719994
v 0.07686112 -0.12011934 -0.25652451
v -0.07686112 -0.12011934 -0.25652451
v 0.26738647 -0.12037691 -0.02191280
v -0.26738647 -0.12037691 -0.02191280
v 0.03373420 -0.12021027 0.26583328
v -0.03351072 -0.12064818 0.26670297
v 0.25398576 -0.12047313 -0.08697921
v -0.25398576 -0.12047313 -0.08697921
v 0.13722528 -0.12047920 -0.23075871
v -0.13722528 -0.12047920 -0.23075871
v 0.19787130 -0.12050138 0.18152139
v -0.19787182 -0.12050163 0.18152153
v 0.21152298 -0.11774499 0.15673755
v -0.21152312 -0.11774505 0.15673756
v 0.11025617 -0.11768405 -0.23893733
v -0.11025617 -0.11768405 -0.23893733
v 0.25658576 -0.11773497 -0.05884148
v -0.25658576 -0.11773497 -0.05884148
v 0.00631407 -0.11788856 0.26346339
v -0.23438958 -0.14261789 -0.20392566
v 0.23438958 -0.14261789 -0.20392566
v -0.15170234 -0.14261865 0.27112996
v 0.15169479 -0.14261338 0.27112267
v -0.29635837 -0.14258143 0.09301984
v 0.29635837 -0.14258143 0.09301984
v -0.02389253 -0.13984709 -0.30446504
v 0.02389253 -0.13984709 -0.30446504
v -0.30881635 -0.14258245 0.03338626
v 0.30881635 -0.14258245 0.03338626
v -0.09588339 -0.14261193 0.29550544
v 0.09585228 -0.14257936 0.29545027
v -0.26969180 -0.14261536 -0.15423195
v 0.26969180 -0.14261536 -0.15423195
v -0.20666702 -0.14283646 -0.23253385
v 0.20666702 -0.14283646 -0.23253385
v -0.18537223 -0.14283783 0.24984395
v 0.18536984 -0.14283653 0.24984265
v -0.28219596 -0.14266783 0.13018741
v 0.28219596 -0.14266783 0.13018741
v -0.07002631 -0.14214565 -0.30176460
v 0.07002631 -0.14214565 -0.30176460
v -0.31071299 -0.14266738 -0.00634235
v 0.31071299 -0.14266738 -0.00634235
v -0.05753737 -0.14274725 0.30555997
v 0.05742055 -0.14267271 0.30543736
v -0.28749159 -0.14279400 -0.11866535
v 0.28749159 -0.14279400 -0.11866535
v -0.17501974 -0.14282319 -0.25716841
v 0.17501974 -0.14282319 -0.25716841
v -0.21597323 -0.14282937 0.22389818
v 0.21597264 -0.14282910 0.22389804
v -0.26158459 -0.14188982 0.16503675
v 0.26158456 -0.14188981 0.16503675
v -0.10822917 -0.14177474 -0.28950718
v 0.10822917 -0.14177474 -0.28950718
v -0.30577047 -0.14188654 -0.04652065
v 0.30577047 -0.14188654 -0.04652065
v -0.01776283 -0.14199339 0.30898266
v 0.01736559 -0.14193517 0.30889406
v -0.29926286 -0.14222751 -0.08064742
v 0.29926286 -0.14222751 -0.08064742
v -0.14020263 -0.14220680 -0.27637116
v 0.14020263 -0.14220680 -0.27637116
v -0.24196515 -0.14223734 0.19371821
v 0.24196503 -0.14223728 0.19371821
v -0.24874605 -0.14238099 0.18538915
v 0.24874597 -0.14238096 0.18538915
v -0.13068730 -0.14233511 -0.28126553
v 0.13068730 -0.14233511 -0.28126553
v -0.30214658 -0.14237406 -0.07030629
v 0.30214658 -0.14237406 -0.07030629
v -0.00680978 -0.14219108 0.30979486
v 0.00637644 -0.14217239 0.30976843
v -0.30452426 -0.14221061 -0.05750893
v 0.30452426 -0.14221061 -0.05750893
v -0.11868397 -0.14213995 -0.28613449
v 0.11868397 -0.14213995 -0.28613449
v -0.25604577 -0.14221529 0.17460925
v 0.25604572 -0.14221527 0.17460926
v -0.22473225 -0.14386898 0.21796166
v 0.22473189 -0.14386882 0.21796159
v -0.16742401 -0.14386043 -0.26452006
v 0.16742401 -0.14386043 -0.26452006
v -0.29315643 -0.14384632 -0.10974574
v 0.29315643 -0.14384632 -0.10974574
v -0.04766641 -0.14377296 0.30923324
v 0.04750807 -0.14369851 0.30911401
v -0.31226124 -0.14368284 -0.01681415
v 0.31226124 -0.14368284 -0.01681415
v -0.08056668 -0.14336523 -0.30153023
v 0.08056668 -0.14336523 -0.30153023
v -0.27942571 -0.14368368 0.14039971
v 0.27942570 -0.14368368 0.14039971
v -0.19486773 -0.14392617 0.24516670
v 0.19486618 -0.14392537 0.24516599
v -0.20014944 -0.14392440 -0.24086974
v 0.20014944 -0.14392440 -0.24086974
v -0.27657811 -0.14381200 -0.14645274
v 0.27657811 -0.14381200 -0.14645274
v -0.08687559 -0.14380483 0.30064586
v 0.08683699 -0.14376706 0.30058207
v -0.31199681 -0.14377070 0.02350697
v 0.31199681 -0.14377070 0.02350697
v -0.03944288 -0.14234622 -0.30764731
v 0.03944288 -0.14234622 -0.30764731
v -0.29532097 -0.14377010 0.10334115
v 0.29532097 -0.14377010 0.10334115
v -0.16160846 -0.14381880 0.26801993
v 0.16160321 -0.14381540 0.26801553
v -0.22932024 -0.14381809 -0.21298675
v 0.22932024 -0.14381809 -0.21298675
v -0.25524462 -0.14388675 -0.18133740
v 0.25524462 -0.14388675 -0.18133740
v -0.12534070 -0.14388714 0.28692029
v 0.12532646 -0.14387460 0.28690042
v -0.30645474 -0.14386867 0.06400773
v 0.30645474 -0.14386867 0.06400773
v -0.00864737 -0.11699582 0.26169427
v 0.25709269 -0.11651177 -0.04449291
v -0.25709269 -0.11651177 -0.04449291
v 0.09641148 -0.11641927 -0.24225835
v -0.09641148 -0.11641927 -0.24225835
v 0.21773210 -0.11651742 0.14378675
v -0.21773217 -0.11651745 0.14378675
v 0.18198090 -0.11374548 0.17954128
v -0.18198155 -0.11374582 0.17954154
v 0.13850830 -0.11373378 -0.21483985
v -0.13850830 -0.11373378 -0.21483985
v 0.23864933 -0.11371508 -0.09148214
v -0.23864933 -0.11371508 -0.09148214
v 0.04097992 -0.11358514 0.25202495
v -0.04031428 -0.11374320 0.25243743
v 0.25505019 -0.11359021 -0.01225822
v -0.25505019 -0.11359021 -0.01225822
v 0.06502473 -0.11340395 -0.24655920
v -0.06502473 -0.11340395 -0.24655920
v 0.22876764 -0.11359148 0.11343488
v -0.22876764 -0.11359149 0.11343488
v 0.15753798 -0.11350194 0.20074048
v -0.15754029 -0.11350342 0.20074224
v 0.16424865 -0.11350041 -0.19528401
v -0.16424865 -0.11350041 -0.19528401
v 0.22482797 -0.11342317 -0.12037740
v -0.22482797 -0.11342317 -0.12037740
v 0.07186412 -0.11337069 0.24458713
v -0.07180833 -0.11342613 0.24471367
v 0.25413737 -0.11337525 0.02014818
v -0.25413737 -0.11337525 0.02014818
v 0.03360554 -0.11384614 -0.25361573
v -0.03360554 -0.11384614 -0.25361573
v 0.24091518 -0.11337529 0.08337663
v -0.24091518 -0.11337529 0.08337663
v 0.13092450 -0.11339179 0.21878436
v -0.13093025 -0.11339728 0.21879312
v 0.18736354 -0.11339603 -0.17293598
v -0.18736354 -0.11339603 -0.17293598
v 0.20859003 -0.11393638 -0.14842009
v -0.20859003 -0.11393638 -0.14842009
v 0.10259075 -0.11391894 0.23451319
v -0.10259588 -0.11393787 0.23455034
v 0.25054153 -0.11391345 0.05239163
v -0.25054153 -0.11391345 0.05239163
v 0.01881930 -0.11155731 -0.25076387
v -0.01881930 -0.11155731 -0.25076387
v -0.24338205 -0.14049446 -0.18652168
v 0.24338205 -0.14049446 -0.18652168
v -0.13283114 -0.14049528 0.27637296
v 0.13281784 -0.14048387 0.27635521
v -0.29765037 -0.14046901 0.07348246
v 0.29765037 -0.14046901 0.07348246
v -0.30217941 -0.14047075 0.05181751
v 0.30217941 -0.14047075 0.05181751
v -0.11255503 -0.14049545 0.28523269
v 0.11253395 -0.14047295 0.28519489
v -0.25621036 -0.14049558 -0.16847173
v 0.25621036 -0.14049558 -0.16847173
v -0.21925888 -0.14193086 -0.21826031
v 0.21925888 -0.14193086 -0.21826031
v -0.16882382 -0.14193180 0.25925211
v 0.16881934 -0.14192907 0.25924881
v -0.28816124 -0.14184823 0.11215027
v 0.28816124 -0.14184823 0.11215027
v -0.05079989 -0.14069600 -0.30278757
v 0.05079989 -0.14069600 -0.30278757
v -0.30896068 -0.14184851 0.01257788
v 0.30896068 -0.14184851 0.01257788
v -0.07560830 -0.14190169 0.29993500
v 0.07554939 -0.14184467 0.29983775
v -0.27821487 -0.14191785 -0.13525226
v 0.27821487 -0.14191785 -0.13525226
v -0.18943282 -0.14198933 -0.24473703
v 0.18943282 -0.14198933 -0.24473703
v -0.20084583 -0.14199253 0.23546918
v 0.20084458 -0.14199191 0.23546869
v -0.27083061 -0.14156007 0.14807405
v 0.27083061 -0.14156006 0.14807405
v -0.08984508 -0.14131788 -0.29481890
v 0.08984508 -0.14131788 -0.29481890
v -0.30745602 -0.14155840 -0.02727602
v 0.30745602 -0.14155840 -0.02727602
v -0.03663377 -0.14169122 0.30673690
v 0.03637221 -0.14159765 0.30658840
v -0.29310515 -0.14183183 -0.09841044
v 0.29310515 -0.14183183 -0.09841044
v -0.15632522 -0.14183473 -0.26676037
v 0.15632522 -0.14183473 -0.26676037
v -0.22921418 -0.14185023 0.20755191
v 0.22921391 -0.14185011 0.20755187
v -0.23999005 -0.14475933 0.20367206
v 0.23998990 -0.14475927 0.20367205
v -0.15033469 -0.14474131 -0.27650568
v 0.15033469 -0.14474131 -0.27650568
v -0.30143323 -0.14474875 -0.09056952
v 0.30143323 -0.14474875 -0.09056952
v -0.02713559 -0.14460380 0.31329639
v 0.02687216 -0.14454510 0.31320677
v -0.31199481 -0.14451139 -0.03793986
v 0.31199481 -0.14451139 -0.03793986
v -0.10109536 -0.14438002 -0.29732568
v 0.10109536 -0.14438002 -0.29732568
v -0.27072859 -0.14451333 0.15965132
v 0.27072858 -0.14451332 0.15965132
v -0.21203586 -0.14504301 0.23336470
v 0.21203517 -0.14504269 0.23336448
v -0.18509156 -0.14503942 -0.25525495
v 0.18509156 -0.14503942 -0.25525495
v -0.28766074 -0.14500079 -0.12891403
v 0.28766074 -0.14500079 -0.12891403
v -0.06748255 -0.14497661 0.30787103
v 0.06741260 -0.14492534 0.30778630
v -0.31506762 -0.14492510 0.00299773
v 0.31506762 -0.14492510 0.00299773
v -0.06155634 -0.14431050 -0.30781556
v 0.06155634 -0.14431050 -0.30781556
v -0.28992902 -0.14492518 0.12336060
v 0.28992902 -0.14492518 0.12336060
v -0.18016802 -0.14502372 0.25871718
v 0.18016539 -0.14502222 0.25871554
v -0.21642030 -0.14502284 -0.22925159
v 0.21642030 -0.14502284 -0.22925159
v -0.26810973 -0.14459496 -0.16430928
v 0.26810973 -0.14459496 -0.16430928
v -0.10605743 -0.14459360 0.29602458
v 0.10603648 -0.14457236 0.29598908
v -0.31142015 -0.14457304 0.04326172
v 0.31142015 -0.14457304 0.04326172
v -0.30270014 -0.14457206 0.08500314
v 0.30270014 -0.14457206 0.08500314
v -0.14512877 -0.14459629 0.27896164
v 0.14512075 -0.14459023 0.27895278
v -0.24340357 -0.14459568 -0.19908773
v 0.24340357 -0.14459568 -0.19908773
v -0.00845103 -0.10876198 -0.24599488
v 0.00845103 -0.10876198 -0.24599488
v 0.19104047 -0.11286729 0.16733939
v -0.19104080 -0.11286745 0.16733948
v 0.12472726 -0.11284610 -0.22118212
v -0.12472726 -0.11284610 -0.22118212
v 0.24206718 -0.11284972 -0.07671640
v -0.24206718 -0.11284972 -0.07671640
v 0.02605293 -0.11271941 0.25234314
v -0.02307406 -0.11293518 0.25304601
v 0.25195690 -0.11269195 -0.02910291
v -0.25195690 -0.11269195 -0.02910291
v 0.08044496 -0.11256837 -0.24028820
v -0.08044496 -0.11256837 -0.24028820
v 0.21918295 -0.11269459 0.12763483
v -0.21918298 -0.11269460 0.12763483
v 0.16816378 -0.11203780 0.18819978
v -0.16816496 -0.11203847 0.18820046
v 0.14979856 -0.11203283 -0.20311039
v -0.14979856 -0.11203283 -0.20311039
v 0.22947483 -0.11199213 -0.10485982
v -0.22947483 -0.11199213 -0.10485982
v 0.05578420 -0.11191478 0.24590245
v -0.05558313 -0.11199743 0.24610951
v 0.25212355 -0.11191705 0.00397318
v -0.25212355 -0.11191705 0.00397318
v 0.04900886 -0.11182076 -0.24715917
v -0.04900886 -0.11182076 -0.24715917
v 0.23258672 -0.11191747 0.09739559
v -0.23258672 -0.11191748 0.09739559
v 0.14286389 -0.11191566 0.20777546
v -0.14286739 -0.11191836 0.20777930
v 0.17413656 -0.11191678 -0.18236849
v -0.17413656 -0.11191678 -0.18236849
v 0.21447993 -0.11189784 -0.13252157
v -0.21447993 -0.11189784 -0.13252157
v 0.08583219 -0.11186945 0.23700034
v -0.08582154 -0.11189959 0.23706528
v 0.24955954 -0.11186949 0.03544559
v -0.24955954 -0.11186949 0.03544559
v 0.24284968 -0.11186976 0.06753258
v -0.24284968 -0.11186976 0.06753258
v 0.11582618 -0.11188012 0.22389925
v -0.11583233 -0.11188943 0.22391605
v 0.19546708 -0.11188831 -0.15920761
v -0.19546708 -0.11188831 -0.15920761
v -0.01830868 -0.14676616 -0.31806517
v 0.01830868 -0.14676616 -0.31806517
v 0.20482155 -0.10811043 0.13425015
v -0.20482158 -0.10811045 0.13425015
v 0.08961975 -0.10805268 -0.22779235
v -0.08961975 -0.10805268 -0.22779235
v 0.24145248 -0.10810731 -0.04089938
v -0.24145248 -0.10810731 -0.04089938
v 0.01321708 -0.11211411 0.25218442
v -0.00920970 -0.10828257 0.24505303
v 0.24433949 -0.11213178 -0.06392887
v -0.24433949 -0.11213178 -0.06392887
v 0.11268465 -0.11210795 -0.22598210
v -0.11268465 -0.11210795 -0.22598210
v 0.19824803 -0.11214233 0.15651377
v -0.19824819 -0.11214240 0.15651380
v 0.13557705 -0.10589316 -0.19884997
v -0.13557705 -0.10589316 -0.19884997
v 0.16689346 -0.10589774 0.17341634
v -0.16689391 -0.10589799 0.17341657
v 0.10247354 -0.10585756 0.21769005
v -0.10247633 -0.10586516 0.21770476
v 0.19211242 -0.10586445 -0.14487553
v -0.19211242 -0.10586445 -0.14487553
v 0.21183506 -0.13574126 -0.20898800
v -0.21183506 -0.13574126 -0.20898800
v 0.16124954 -0.13573849 0.25009103
v -0.16125581 -0.13574262 0.25009636
v 0.27764091 -0.13564765 0.10658063
v -0.27764091 -0.13564765 0.10658062
v 0.04841233 -0.13399335 -0.29023141
v -0.04841233 -0.13399335 -0.29023141
v 0.23497133 -0.13372657 -0.17625962
v -0.23497133 -0.13372657 -0.17625962
v 0.29708936 -0.13564801 0.01349940
v -0.29708936 -0.13564801 0.01349940
v 0.12448081 -0.13371044 0.26601776
v -0.12449742 -0.13372773 0.26604636
v 0.07407384 -0.13564069 0.28800882
v -0.07412337 -0.13572076 0.28815370
v 0.28583022 -0.13369501 0.06741453
v -0.28583022 -0.13369501 0.06741453
v 0.26698448 -0.13573533 -0.13138740
v -0.26698448 -0.13573533 -0.13138740
v 0.18337790 -0.13581881 -0.23454348
v -0.18337790 -0.13581881 -0.23454348
v 0.19209747 -0.13582229 0.22746563
v -0.19209933 -0.13582326 0.22746647
v 0.28892005 -0.13370051 0.05267829
v -0.28892005 -0.13370051 0.05267829
v 0.26122338 -0.13534055 0.14091973
v -0.26122340 -0.13534055 0.14091973
v 0.11068964 -0.13370525 0.27203475
v -0.11071021 -0.13373304 0.27208359
v 0.08497325 -0.13500287 -0.28371437
v -0.08497325 -0.13500287 -0.28371437
v 0.24370785 -0.13373249 -0.16398807
v -0.24370785 -0.13373249 -0.16398807
v 0.29578973 -0.13533840 -0.02453626
v -0.29578973 -0.13533840 -0.02453626
v 0.03673076 -0.13539284 0.29462868
v -0.03704681 -0.13555366 0.29489812
v 0.28155773 -0.13572781 -0.09622926
v -0.28155773 -0.13572781 -0.09622926
v 0.15186867 -0.13573380 -0.25588578
v -0.15186867 -0.13573380 -0.25588578
v 0.21948778 -0.13575408 0.20097200
v -0.21948822 -0.13575427 0.20097208
v 0.01475055 -0.10571144 -0.23987128
v -0.01475055 -0.10571144 -0.23987128
v 0.22319231 -0.13184363 0.18538676
v -0.22319259 -0.13184375 0.18538679
v 0.13588177 -0.13180392 -0.25627189
v -0.13588177 -0.13180392 -0.25627189
v 0.27872680 -0.13182531 -0.08046221
v -0.27872680 -0.13182531 -0.08046221
v 0.02201417 -0.13115612 0.28799234
v -0.02267586 -0.13136384 0.28833821
v 0.28594626 -0.13093789 -0.03766684
v -0.28594626 -0.13093789 -0.03766684
v 0.09572670 -0.13073487 -0.27165666
v -0.09572670 -0.13073487 -0.27165666
v 0.24693744 -0.13094215 0.14903233
v -0.24693748 -0.13094217 0.14903232
v 0.19779530 -0.13185676 0.21230781
v -0.19779655 -0.13185739 0.21230828
v 0.16737424 -0.13184837 -0.23701090
v -0.16737424 -0.13184837 -0.23701090
v 0.26618796 -0.13179624 -0.11521549
v -0.26618796 -0.13179624 -0.11521549
v 0.05846926 -0.13163318 0.28378116
v -0.05852748 -0.13176954 0.28403460
v 0.28976125 -0.13164421 -0.00100758
v -0.28976125 -0.13164421 -0.00100758
v 0.06140547 -0.13075797 -0.28145281
v -0.06140547 -0.13075797 -0.28145281
v 0.26511130 -0.13164474 0.11695803
v -0.26511130 -0.13164475 0.11695803
v 0.16897863 -0.13179970 0.23575557
v -0.16898311 -0.13180247 0.23575885
v 0.22252904 -0.13178411 -0.18600553
v -0.22252904 -0.13178411 -0.18600553
v 0.19621349 -0.13180026 -0.21362433
v -0.19621349 -0.13180026 -0.21362433
v 0.13655823 -0.13177458 0.25584866
v -0.13657041 -0.13178543 0.25586560
v 0.24880040 -0.13178808 -0.14906367
v -0.24880040 -0.13178808 -0.14906367
v 0.27831769 -0.13174194 0.08130104
v -0.27831769 -0.13174194 0.08130104
v 0.09505159 -0.13174125 0.27392524
v -0.09507242 -0.13178703 0.27401038
v 0.28758873 -0.13174392 0.03695287
v -0.28758873 -0.13174392 0.03695287
v -0.23716736 -0.14806148 0.21640674
v 0.23716721 -0.14806141 0.21640672
v -0.16336779 -0.14805356 -0.27637204
v 0.16336779 -0.14805356 -0.27637204
v -0.30393996 -0.14805157 -0.10338568
v 0.30393996 -0.14805157 -0.10338568
v -0.03916406 -0.14798559 0.31851770
v 0.03903244 -0.14794410 0.31845418
v -0.31967100 -0.14792895 -0.02699091
v 0.31967100 -0.14792895 -0.02699091
v -0.09190273 -0.14779601 -0.30709836
v 0.09190273 -0.14779601 -0.30709836
v -0.28215245 -0.14792978 0.15267309
v 0.28215244 -0.14792978 0.15267309
v -0.20732814 -0.14816014 0.24538966
v 0.20732747 -0.14815981 0.24538940
v -0.19782800 -0.14815855 -0.25310705
v 0.19782800 -0.14815855 -0.25310705
v -0.28815021 -0.14811314 -0.14182008
v 0.28815021 -0.14811314 -0.14182008
v -0.07997242 -0.14810400 0.31102523
v 0.07993897 -0.14807682 0.31098033
v -0.32075856 -0.14807811 0.01464716
v 0.32075856 -0.14807811 0.01464716
v -0.05092432 -0.14750254 -0.31591749
v 0.05092432 -0.14750254 -0.31591749
v -0.26690871 -0.14782063 -0.17761012
v 0.26690871 -0.14782063 -0.17761012
v -0.29981225 -0.14807795 0.11494786
v 0.29981225 -0.14807795 0.11494786
v -0.11931348 -0.14782041 0.29757290
v 0.11930236 -0.14780994 0.29755586
v -0.17387093 -0.14812190 0.27004280
v 0.17386852 -0.14812045 0.27004105
v -0.31565941 -0.14780844 0.05594501
v 0.31565941 -0.14780844 0.05594501
v -0.22879902 -0.14812143 -0.22539885
v 0.22879902 -0.14812143 -0.22539885
v -0.31166631 -0.14780799 0.07506178
v 0.31166631 -0.14780799 0.07506178
v -0.13720811 -0.14782100 0.28975851
v 0.13720110 -0.14781528 0.28974977
v -0.25559633 -0.14782067 -0.19353596
v 0.25559633 -0.14782067 -0.19353596
v 0.23696734 -0.13739005 0.18514090
v -0.23696750 -0.13739011 0.18514091
v 0.13284664 -0.13734269 -0.26968158
v -0.13284664 -0.13734269 -0.26968158
v 0.29125252 -0.13737839 -0.07476147
v -0.29125252 -0.13737839 -0.07476147
v 0.01290327 -0.13682429 0.29936042
v -0.01350416 -0.13690335 0.29948478
v 0.29524918 -0.13666443 -0.04928015
v -0.29524918 -0.13666443 -0.04928015
v 0.10883255 -0.13654096 -0.27859509
v -0.10883255 -0.13654096 -0.27859509
v 0.25082646 -0.13666959 0.16337866
v -0.25082651 -0.13666961 0.16337866
v 0.21327033 -0.13786761 0.21329518
v -0.21327101 -0.13786793 0.21329536
v 0.16519136 -0.13785674 -0.25234576
v -0.16519136 -0.13785674 -0.25234576
v 0.28077671 -0.13782971 -0.10999965
v -0.28077671 -0.13782971 -0.10999965
v 0.05034606 -0.13763335 0.29694298
v -0.05050904 -0.13775263 0.29714596
v 0.30093193 -0.13762026 -0.01161057
v -0.30093193 -0.13762026 -0.01161057
v 0.07344511 -0.13707637 -0.29099345
v -0.07344511 -0.13707637 -0.29099345
v 0.27111419 -0.13762126 0.13112236
v -0.27111419 -0.13762127 0.13112236
v 0.18418380 -0.13788227 0.23889800
v -0.18418652 -0.13788378 0.23889954
v 0.19618883 -0.13788130 -0.22913917
v -0.19618883 -0.13788130 -0.22913917
v 0.26425963 -0.13775097 -0.14495455
v -0.26425963 -0.13775097 -0.14495455
v 0.08788654 -0.13769375 0.28819298
v -0.08792194 -0.13774479 0.28828390
v 0.30008988 -0.13769846 0.02703142
v -0.30008988 -0.13769846 0.02703142
v 0.03488388 -0.13470480 -0.29353218
v -0.03488388 -0.13470480 -0.29353218
v 0.28581041 -0.13769741 0.09537214
v -0.28581041 -0.13769741 0.09537214
v 0.15187916 -0.13774811 0.26033518
v -0.15188747 -0.13775421 0.26034379
v 0.22378627 -0.13775313 -0.20190879
v -0.22378627 -0.13775313 -0.20190879
v -0.00011031 -0.14792249 0.32079611
v -0.31406919 -0.14797553 -0.06584511
v 0.31406919 -0.14797553 -0.06584511
v -0.24167635 -0.14813369 -0.21156839
v 0.24167635 -0.14813369 -0.21156839
v -0.12871463 -0.14794556 -0.29388931
v 0.12871463 -0.14794556 -0.29388931
v -0.15770164 -0.14813408 0.27982015
v 0.15769760 -0.14813130 0.27981635
v -0.30611361 -0.14811266 0.09714603
v 0.30611361 -0.14811266 0.09714603
v -0.26147072 -0.14797861 0.18604266
v 0.26147069 -0.14797860 0.18604266
v -0.03109613 -0.14789131 -0.31922570
v 0.03109613 -0.14789131 -0.31922570
v -0.31940943 -0.14811314 0.03348275
v 0.31940943 -0.14811314 0.03348275
v -0.09810476 -0.14812919 0.30584080
v 0.09808637 -0.14811174 0.30581175
v -0.27934777 -0.14813163 -0.15852744
v 0.27934777 -0.14813163 -0.15852744
v -0.21257054 -0.14827615 -0.24115752
v 0.21257054 -0.14827615 -0.24115752
v 0.00163473 -0.11109603 0.25058433
v -0.19261479 -0.14827691 0.25737844
v 0.19261353 -0.14827624 0.25737779
v 0.24476757 -0.11094564 -0.05234889
v -0.24476757 -0.11094564 -0.05234889
v -0.29115138 -0.14817646 0.13583780
v 0.29115137 -0.14817646 0.13583780
v 0.10147005 -0.11090181 -0.22872161
v -0.10147005 -0.11090181 -0.22872161
v -0.07355543 -0.14790172 -0.31220884
v 0.07355543 -0.14790172 -0.31220884
v 0.20327787 -0.11095192 0.14606734
v -0.20327795 -0.11095196 0.14606735
v -0.31480646 -0.14834286 0.06574088
v 0.31480646 -0.14834286 0.06574088
v -0.32118109 -0.14817619 -0.00796317
v 0.32118109 -0.14817619 -0.00796317
v -0.12872302 -0.14835372 0.29473492
v 0.12871483 -0.14834654 0.29472356
v -0.05798650 -0.14821791 0.31608445
v 0.05791716 -0.14818041 0.31602449
v -0.26220451 -0.14835360 -0.18624428
v 0.26220451 -0.14835360 -0.18624428
v -0.29764212 -0.14824618 -0.12130798
v 0.29764212 -0.14824618 -0.12130798
v -0.17963482 -0.14826188 -0.26656525
v 0.17963482 -0.14826188 -0.26656525
v -0.22422807 -0.14826540 0.23032973
v 0.22422776 -0.14826526 0.23032966
v -0.23590078 -0.14848988 -0.21898894
v 0.23590078 -0.14848988 -0.21898894
v -0.16614572 -0.14849028 0.27568354
v 0.16614277 -0.14848837 0.27568108
v -0.30377902 -0.14846176 0.10625030
v 0.30377902 -0.14846176 0.10625030
v -0.04113962 -0.14790660 -0.31811673
v 0.04113962 -0.14790660 -0.31811673
v -0.32091338 -0.14846207 0.02420338
v 0.32091338 -0.14846207 0.02420338
v -0.08933750 -0.14848109 0.30921408
v 0.08931463 -0.14846049 0.30917981
v -0.28444925 -0.14848578 -0.15062840
v 0.28444925 -0.14848578 -0.15062840
v -0.20575149 -0.14856136 -0.24770828
v 0.20575149 -0.14856136 -0.24770828
v -0.20042249 -0.14856239 0.25204198
v 0.20042161 -0.14856194 0.25204158
v -0.28743788 -0.14841906 0.14456106
v 0.28743787 -0.14841906 0.14456106
v -0.26965576 -0.14770616 0.17300720
v 0.26965575 -0.14770615 0.17300720
v -0.08287662 -0.14823733 -0.31052709
v 0.08287662 -0.14823733 -0.31052709
v -0.11431263 -0.14764606 -0.29917378
v 0.11431263 -0.14764606 -0.29917378
v -0.32126863 -0.14841858 -0.01744448
v 0.32126863 -0.14841858 -0.01744448
v -0.04876061 -0.14846570 0.31811641
v 0.04866971 -0.14842734 0.31805636
v -0.31635504 -0.14770417 -0.05062392
v 0.31635504 -0.14770417 -0.05062392
v -0.30154215 -0.14850760 -0.11269164
v 0.30154215 -0.14850760 -0.11269164
v -0.01550754 -0.14772716 0.32004827
v 0.01529787 -0.14770423 0.32001460
v -0.17198731 -0.14851555 -0.27213453
v 0.17198731 -0.14851555 -0.27213453
v -0.31029214 -0.14782379 -0.08067382
v 0.31029214 -0.14782379 -0.08067382
v -0.23124844 -0.14852055 0.22398019
v 0.23124824 -0.14852046 0.22398015
v -0.14244326 -0.14780941 -0.28719646
v 0.14244326 -0.14780941 -0.28719646
v -0.25207535 -0.14782886 0.19812542
v 0.25207529 -0.14782883 0.19812542
v -0.00033760 -0.13656640 0.29914653
v 0.29297003 -0.13676593 -0.06233015
v -0.29297003 -0.13676593 -0.06233015
v 0.12107302 -0.13669539 -0.27381977
v -0.12107302 -0.13669539 -0.27381977
v 0.24351489 -0.13677392 0.17443082
v -0.24351499 -0.13677396 0.17443082
v 0.22360846 -0.12268222 0.15605256
v -0.22360856 -0.12268227 0.15605256
v 0.10718742 -0.12258769 -0.25053094
v -0.10718742 -0.12258769 -0.25053094
v 0.26738181 -0.12267376 -0.05339771
v -0.26738181 -0.12267376 -0.05339771
v -0.00078466 -0.12421543 0.27559955
v 0.01302774 -0.12448505 0.27580716
v 0.26980494 -0.12543331 -0.06667969
v -0.26980494 -0.12543331 -0.06667969
v 0.12061548 -0.12538341 -0.25027969
v -0.12061548 -0.12538341 -0.25027969
v 0.22051694 -0.12544671 0.16919624
v -0.22051713 -0.12544680 0.16919626
v 0.18094591 -0.10575641 -0.15828963
v -0.18094591 -0.10575641 -0.15828963
v 0.11788790 -0.10575335 0.20951532
v -0.11789096 -0.10575703 0.20952165
v 0.22920135 -0.10574759 0.07249612
v -0.22920135 -0.10574759 0.07249612
v 0.23904172 -0.10574742 0.02545279
v -0.23904172 -0.10574742 0.02545279
v 0.07390579 -0.10574654 0.22874860
v -0.07388527 -0.10576911 0.22880043
v 0.18538184 -0.10591026 0.15353083
v -0.18538198 -0.10591033 0.15353087
v 0.20882194 -0.10576785 -0.11916759
v -0.20882194 -0.10576785 -0.11916759
v 0.11234678 -0.10589565 -0.21284485
v -0.11234678 -0.10589565 -0.21284485
v 0.15960057 -0.10578520 -0.17986408
v -0.15960057 -0.10578520 -0.17986408
v 0.23136780 -0.10590264 -0.06633317
v -0.23136780 -0.10590264 -0.06633317
v 0.14337814 -0.10578541 0.19304488
v -0.14337959 -0.10578644 0.19304626
v 0.01782712 -0.10587439 0.23997379
v -0.01828346 -0.10500277 0.23827294
v 0.21823910 -0.10580111 0.10104311
v -0.21823910 -0.10580111 0.10104311
v 0.23678137 -0.10490044 -0.03081655
v -0.23678137 -0.10490044 -0.03081655
v 0.05469583 -0.10573947 -0.23407235
v -0.05469583 -0.10573947 -0.23407235
v 0.07880375 -0.10485137 -0.22530065
v -0.07880375 -0.10485137 -0.22530065
v 0.24044048 -0.10580063 -0.00509416
v -0.24044048 -0.10580063 -0.00509416
v 0.20457543 -0.10490178 0.12314703
v -0.20457544 -0.10490179 0.12314703
v 0.04453495 -0.10582858 0.23638918
v -0.04428652 -0.10586230 0.23650125
v 0.22239889 -0.10587923 -0.09191517
v -0.22239889 -0.10587923 -0.09191517
v 0.02461625 -0.10580603 -0.23924164
v -0.02461625 -0.10580603 -0.23924164
v 0.17671056 -0.10605391 0.16383966
v -0.17671082 -0.10605405 0.16383976
v 0.12420034 -0.10604523 -0.20648573
v -0.12420034 -0.10604523 -0.20648573
v 0.22755282 -0.10604156 -0.07923652
v -0.22755282 -0.10604156 -0.07923652
v 0.03115433 -0.10598504 0.23882253
v -0.03060038 -0.10590770 0.23874548
v 0.23977578 -0.10581432 -0.01891315
v -0.23977578 -0.10581432 -0.01891315
v 0.06789937 -0.10574431 -0.23059839
v -0.06789937 -0.10574431 -0.23059839
v 0.21209157 -0.10581528 0.11343797
v -0.21209158 -0.10581528 0.11343797
v 0.15369872 -0.10581497 0.18500656
v -0.15369965 -0.10581556 0.18500724
v 0.14961977 -0.10581342 -0.18831682
v -0.14961977 -0.10581342 -0.18831682
v 0.21498322 -0.10578751 -0.10773930
v -0.21498322 -0.10578751 -0.10773930
v 0.06147875 -0.10575566 0.23241494
v -0.06141557 -0.10578874 0.23249688
v 0.24008490 -0.10575600 0.01248598
v -0.24008490 -0.10575600 0.01248598
v 0.03754870 -0.10582532 -0.23759274
v -0.03754870 -0.10582532 -0.23759274
v 0.22495949 -0.10575615 0.08479398
v -0.22495950 -0.10575615 0.08479398
v 0.12903230 -0.10575903 0.20285487
v -0.12903471 -0.10576125 0.20285835
v 0.17214179 -0.10576054 -0.16783330
v -0.17214179 -0.10576054 -0.16783330
v 0.19979280 -0.10586843 -0.13409921
v -0.19979280 -0.10586843 -0.13409921
v 0.09035685 -0.10585712 0.22299108
v -0.09035598 -0.10586929 0.22301646
v 0.23676462 -0.10585383 0.04276547
v -0.23676462 -0.10585383 0.04276547
v 0.23405784 -0.10585569 0.05572248
v -0.23405784 -0.10585569 0.05572248
v -0.01431089 -0.12470378 0.27616110
v 0.27186416 -0.12400118 -0.04266892
v -0.27186416 -0.12400118 -0.04266892
v 0.26675450 -0.12259973 0.05576239
v -0.26675450 -0.12259973 0.05576239
v 0.10919800 -0.12260815 0.24970373
v -0.10920992 -0.12263198 0.24974810
v 0.09770813 -0.12385837 -0.25697101
v -0.09770813 -0.12385837 -0.25697101
v 0.22212895 -0.12263046 -0.15798123
v -0.22212895 -0.12263046 -0.15798123
v 0.23201510 -0.12400683 0.14800567
v -0.23201516 -0.12400686 0.14800567
v 0.03625089 -0.12270871 -0.27030828
v -0.03625089 -0.12270871 -0.27030828
v 0.19598636 -0.12518888 0.19639612
v -0.19598727 -0.12518934 0.19639643
v 0.15216525 -0.12517478 -0.23197610
v -0.15216525 -0.12517478 -0.23197610
v 0.25819337 -0.12514370 -0.10134337
v -0.25819337 -0.12514370 -0.10134337
v 0.04666240 -0.12492420 0.27299260
v -0.04662259 -0.12515413 0.27344408
v 0.27683216 -0.12496616 -0.01051685
v -0.27683216 -0.12496616 -0.01051685
v 0.06806574 -0.12447603 -0.26757592
v -0.06806574 -0.12447603 -0.26757592
v 0.24944438 -0.12496751 0.12052211
v -0.24944439 -0.12496751 0.12052211
v 0.16933148 -0.12510248 0.21958499
v -0.16933486 -0.12510453 0.21958729
v 0.18030147 -0.12510107 -0.21066704
v -0.18030147 -0.12510107 -0.21066704
v 0.24296364 -0.12494708 -0.13302321
v -0.24296364 -0.12494708 -0.13302321
v 0.08055815 -0.12487817 0.26488510
v -0.08055018 -0.12494687 0.26502443
v 0.27578836 -0.12488561 0.02454336
v -0.27578836 -0.12488561 0.02454336
v 0.26252813 -0.12488489 0.08797623
v -0.26252813 -0.12488489 0.08797623
v 0.13988391 -0.12492703 0.23903519
v -0.13989310 -0.12493487 0.23904712
v 0.20537386 -0.12493335 -0.18583213
v -0.20537386 -0.12493335 -0.18583213
v -0.02316936 -0.15060753 -0.32509033
v 0.02316936 -0.15060753 -0.32509033
v -0.32433961 -0.14979042 0.00337484
v 0.32433961 -0.14979042 0.00337484
v -0.06966741 -0.14981424 0.31683353
v 0.06963233 -0.14979105 0.31679598
v -0.29594694 -0.14982656 -0.13291985
v 0.29594694 -0.14982656 -0.13291985
v -0.19065419 -0.14984651 -0.26254130
v 0.19065419 -0.14984651 -0.26254130
v -0.21803313 -0.14984824 0.24029286
v 0.21803279 -0.14984809 0.24029276
v -0.27916163 -0.14958439 0.16438283
v 0.27916162 -0.14958439 0.16438283
v -0.10392592 -0.14951895 -0.30671081
v 0.10392592 -0.14951895 -0.30671081
v -0.32161537 -0.14958343 -0.03892691
v 0.32161537 -0.14958343 -0.03892691
v -0.02786346 -0.14961784 0.32282795
v 0.02774051 -0.14959322 0.32279143
v -0.31044111 -0.14967935 -0.09325550
v 0.31044111 -0.14967935 -0.09325550
v -0.15476918 -0.14967539 -0.28480145
v 0.15476918 -0.14967539 -0.28480145
v -0.24718209 -0.14968447 0.20970837
v 0.24718202 -0.14968444 0.20970836
v -0.06296771 -0.14949748 -0.31761719
v 0.06296771 -0.14949748 -0.31761719
v -0.29858636 -0.14979045 0.12670360
v 0.29858636 -0.14979045 0.12670361
v -0.18512739 -0.14983904 0.26644994
v 0.18512611 -0.14983832 0.26644914
v -0.22298347 -0.14983862 -0.23568107
v 0.22298347 -0.14983862 -0.23568107
v -0.27604196 -0.14966398 -0.16985907
v 0.27604196 -0.14966398 -0.16985907
v -0.10986297 -0.14966317 0.30492687
v 0.10985272 -0.14965334 0.30491064
v -0.32092918 -0.14965346 0.04519652
v 0.32092918 -0.14965346 0.04519652
v -0.31219653 -0.14965307 0.08701217
v 0.31219653 -0.14965307 0.08701217
v -0.14900803 -0.14966481 0.28783484
v 0.14900416 -0.14966189 0.28783059
v -0.25130143 -0.14966454 -0.20469379
v 0.25130143 -0.14966454 -0.20469379
v 0.00751671 -0.10348628 -0.23596262
v -0.00751671 -0.10348628 -0.23596262
v 0.21252897 -0.12444201 -0.17614039
v -0.21252897 -0.12444201 -0.17614039
v 0.12893331 -0.12443148 0.24404738
v -0.12894469 -0.12444350 0.24406729
v 0.26522089 -0.12440532 0.07624485
v -0.26522089 -0.12440532 0.07624485
v 0.27355711 -0.12440637 0.03637319
v -0.27355711 -0.12440637 0.03637319
v 0.09164044 -0.12440415 0.26030019
v -0.09164519 -0.12445084 0.26039290
v 0.23615254 -0.12445004 -0.14294905
v -0.23615254 -0.12445004 -0.14294905
v 0.18940996 -0.12489691 -0.20198364
v -0.18940996 -0.12489691 -0.20198364
v 0.15896307 -0.12489583 0.22672257
v -0.15896810 -0.12489920 0.22672690
v 0.25432346 -0.12480674 0.10907766
v -0.25432346 -0.12480675 0.10907766
v 0.05673387 -0.12405794 -0.26939115
v -0.05673387 -0.12405794 -0.26939115
v 0.23365571 -0.13622152 -0.18574398
v -0.23365571 -0.13622152 -0.18574398
v 0.27672032 -0.12480625 0.00192348
v -0.27672032 -0.12480625 0.00192348
v 0.13403636 -0.13621058 0.26667889
v -0.13404974 -0.13622259 0.26669779
v 0.05874620 -0.12478550 0.27037904
v -0.05869325 -0.12493074 0.27067387
v 0.28841708 -0.13618782 0.07663596
v -0.28841708 -0.13618782 0.07663596
v 0.25298611 -0.12493065 -0.11272612
v -0.25298611 -0.12493065 -0.11272612
v 0.29497948 -0.13619056 0.04525150
v -0.29497948 -0.13619056 0.04525150
v 0.16229642 -0.12499064 -0.22457155
v -0.16229642 -0.12499064 -0.22457155
v 0.10465718 -0.13619107 0.27947818
v -0.10468019 -0.13622371 0.27953599
v 0.18664503 -0.12499861 0.20480371
v -0.18664654 -0.12499940 0.20480439
v 0.25224456 -0.13622428 -0.15959839
v -0.25224456 -0.13622428 -0.15959839
v 0.23864200 -0.12456492 0.13918843
v -0.23864203 -0.12456494 0.13918842
v 0.08789431 -0.12434257 -0.26146505
v -0.08789431 -0.12434257 -0.26146505
v 0.27440704 -0.12456119 -0.03194164
v -0.27440704 -0.12456119 -0.03194164
v -0.02535816 -0.12498287 0.27590083
v -0.00709477 -0.12050440 -0.26843215
v 0.00709477 -0.12050440 -0.26843215
v -0.24679946 -0.13846717 -0.17538508
v 0.24679946 -0.13846717 -0.17538508
v -0.12123492 -0.13846773 0.27743944
v 0.12121755 -0.13844942 0.27740894
v -0.29632291 -0.13844079 0.06190466
v 0.29632291 -0.13844079 0.06190466
v -0.04340062 -0.13793510 -0.29861862
v 0.04340062 -0.13793510 -0.29861862
v 0.16015476 -0.10567547 0.17909023
v -0.16015540 -0.10567585 0.17909063
v 0.14250775 -0.10567269 -0.19342145
v -0.14250775 -0.10567269 -0.19342145
v 0.18632511 -0.10561513 -0.15149440
v -0.18632511 -0.10561513 -0.15149440
v 0.11013543 -0.10561060 0.21338612
v -0.11013853 -0.10561575 0.21339557
v 0.26538355 -0.12497926 -0.07957426
v -0.26538355 -0.12497926 -0.07957426
v 0.13230400 -0.12496307 -0.24339073
v -0.13230400 -0.12496307 -0.24339073
v 0.21129929 -0.12500044 0.17926373
v -0.21129963 -0.12500061 0.17926380
v 0.21850701 -0.10565256 -0.09978256
v -0.21850701 -0.10565256 -0.09978256
v 0.05299194 -0.10561260 0.23421600
v -0.05286703 -0.10564996 0.23431724
v 0.24009466 -0.10560626 0.00374580
v -0.24009466 -0.10560626 0.00374580
v 0.22146503 -0.10560652 0.09280605
v -0.22146503 -0.10560652 0.09280604
v 0.13610679 -0.10560286 0.19781635
v -0.13610865 -0.10560435 0.19781852
v 0.16576002 -0.10560347 -0.17372547
v -0.16576002 -0.10560347 -0.17372547
v 0.04607475 -0.10558422 -0.23561923
v -0.04607475 -0.10558422 -0.23561923
v 0.23140767 -0.10560610 0.06410788
v -0.23140767 -0.10560610 0.06410788
v 0.20415362 -0.10562137 -0.12646981
v -0.20415362 -0.10562137 -0.12646981
v 0.23769998 -0.10560553 0.03402244
v -0.23769998 -0.10560553 0.03402244
v 0.08200045 -0.10560612 0.22568845
v -0.08199307 -0.10562234 0.22572402
v 0.02465889 -0.12447082 0.27498411
v -0.22109005 -0.13981083 -0.21058678
v 0.22109005 -0.13981083 -0.21058678
v -0.16093534 -0.13981186 0.25947757
v 0.16092923 -0.13980777 0.25947218
v -0.28679002 -0.13974085 0.10439172
v 0.28679002 -0.13974085 0.10439172
v -0.30459832 -0.13974142 0.01914878
v 0.30459832 -0.13974142 0.01914878
v -0.08114109 -0.13979302 0.29431783
v 0.08109526 -0.13973654 0.29421879
v -0.27156970 -0.13980404 -0.13953347
v 0.27156970 -0.13980404 -0.13953347
v -0.19232047 -0.13990346 -0.23737798
v 0.19232047 -0.13990346 -0.23737798
v -0.19304743 -0.13990643 0.23679447
v 0.19304558 -0.13990546 0.23679359
v -0.27070028 -0.13955139 0.14016836
v 0.27070028 -0.13955139 0.14016836
v -0.08223448 -0.13919058 -0.29282147
v 0.08223448 -0.13919058 -0.29282147
v -0.30417296 -0.13954997 -0.02007431
v 0.30417296 -0.13954997 -0.02007431
v -0.04296448 -0.13969262 0.30206636
v 0.04273894 -0.13958059 0.30188265
v -0.28721149 -0.13980892 -0.10360953
v 0.28721149 -0.13980892 -0.10360953
v -0.16022818 -0.13982143 -0.25993628
v 0.16022818 -0.13982143 -0.25993628
v -0.22172828 -0.13983536 0.20998267
v 0.22172783 -0.13983516 0.20998259
v 0.10398672 -0.10650337 -0.21833578
v -0.10398672 -0.10650337 -0.21833578
v 0.19250432 -0.10652829 0.14645416
v -0.19250441 -0.10652833 0.14645418
v 0.23505785 -0.10652282 -0.05700435
v -0.23505785 -0.10652282 -0.05700435
v 0.00799037 -0.10655811 0.24180653
v 0.19616693 -0.11937659 -0.18020716
v -0.19616693 -0.11937659 -0.18020716
v -0.13625895 -0.11937808 0.22889101
v 0.13625131 -0.11937124 0.22888038
v 0.23460858 -0.11939930 -0.12624563
v -0.23460858 -0.11939930 -0.12624563
v -0.07558976 -0.11940152 0.25547524
v 0.17209248 -0.11953318 -0.20371400
v -0.17209248 -0.11953318 -0.20371400
v -0.16419896 -0.11953675 0.21013696
v 0.16419602 -0.11953493 0.21013485
v 0.25186378 -0.11934020 0.08650874
v -0.25186378 -0.11934020 0.08650874
v 0.26542626 -0.11934047 0.02164014
v -0.26542626 -0.11934047 0.02164014
v 0.07562717 -0.11933323 0.25532839
v 0.00009499 -0.10476789 0.23852557
v 0.14507505 -0.11967002 -0.22407062
v -0.14507505 -0.11967002 -0.22407062
v -0.18969121 -0.11968466 0.18784719
v 0.18969040 -0.11968425 0.18784689
v 0.01288092 -0.12040479 -0.26802666
v -0.01288092 -0.12040479 -0.26802666
v 0.24901961 -0.11964515 -0.09601220
v -0.24901961 -0.11964515 -0.09601220
v -0.04306867 -0.11970325 0.26350206
v 0.23930267 -0.11951769 0.11761671
v -0.23930268 -0.11951769 0.11761671
v 0.26637668 -0.11951624 -0.01189345
v -0.26637668 -0.11951624 -0.01189345
v 0.04335618 -0.11945645 0.26297806
v 0.09552696 -0.10467212 -0.21836207
v -0.09552696 -0.10467212 -0.21836207
v 0.23335800 -0.10469570 -0.04871210
v -0.23335800 -0.10469570 -0.04871210
v -0.19426602 -0.10469869 0.13817475
v 0.19426598 -0.10469867 0.13817474
v 0.06722177 -0.11918459 -0.25737608
v -0.06722177 -0.11918459 -0.25737608
v 0.05101334 -0.13500312 -0.38938729
v -0.05101334 -0.13500312 -0.38938729
v -0.01468298 -0.13405125 0.39549438
v 0.03777113 -0.13403230 0.39402133
v -0.03552498 -0.13421425 0.39364442
v 0.06484758 -0.13565765 -0.38519553
v -0.06484758 -0.13565765 -0.38519553
v 0.08899197 -0.13435723 0.38462472
v -0.08845680 -0.13431787 0.38487767
v 0.11372680 -0.13458407 -0.37729061
v -0.11372680 -0.13458407 -0.37729061
v 0.13769390 -0.13430584 0.37017061
v -0.13761341 -0.13429076 0.37025212
v 0.16135772 -0.13432991 -0.36040064
v -0.16135772 -0.13432991 -0.36040064
v 0.18433525 -0.13428361 0.34937476
v -0.18432181 -0.13427913 0.34939808
v 0.20651518 -0.13419790 -0.33706215
v -0.20651518 -0.13419790 -0.33706215
v 0.22777315 -0.13424322 0.32289926
v -0.22777099 -0.13424241 0.32290396
v 0.24776926 -0.13408931 -0.30845615
v -0.24776926 -0.13408931 -0.30845615
v 0.26645344 -0.13417761 0.29208457
v -0.26645321 -0.13417753 0.29208515
v 0.28325752 -0.13442653 -0.27467348
v -0.28325752 -0.13442653 -0.27467348
v 0.29762106 -0.13525603 0.25497104
v -0.29762104 -0.13525602 0.25497108
v 0.31259916 -0.13558827 -0.23459837
v -0.31259916 -0.13558827 -0.23459837
v 0.32658438 -0.13594283 0.21262622
v -0.32658437 -0.13594282 0.21262622
v 0.33956516 -0.13598565 -0.19093391
v -0.33956516 -0.13598565 -0.19093391
v 0.35117909 -0.13602692 0.16831638
v -0.35117909 -0.13602692 0.16831638
v 0.36133716 -0.13603374 -0.14517433
v -0.36133716 -0.13603374 -0.14517433
v 0.37006962 -0.13601381 0.12140177
v -0.37006962 -0.13601381 0.12140177
v 0.37710295 -0.13603847 -0.09706536
v -0.37710295 -0.13603847 -0.09706536
v 0.38310247 -0.13590078 0.07214468
v -0.38310247 -0.13590078 0.07214468
v 0.38661960 -0.13602418 -0.04678985
v -0.38661960 -0.13602418 -0.04678985
v 0.38755396 -0.13645128 0.02002878
v -0.38755396 -0.13645128 0.02002878
v 0.02630324 -0.13698911 -0.38545016
v -0.02630324 -0.13698911 -0.38545016
v -0.00797310 -0.12744648 0.41686877
v 0.02306800 -0.13279161 -0.39913981
v -0.02306800 -0.13279161 -0.39913981
v 0.04808625 -0.12765948 0.41347524
v -0.04560668 -0.12755466 0.41409422
v 0.07521097 -0.12877531 -0.40577271
v -0.07521097 -0.12877531 -0.40577271
v 0.10111627 -0.12814040 0.40220410
v -0.10083868 -0.12807826 0.40247921
v 0.12681192 -0.12821540 -0.39460356
v -0.12681192 -0.12821540 -0.39460356
v 0.15201102 -0.12807112 0.38609531
v -0.15196731 -0.12806007 0.38615061
v 0.17667410 -0.12807496 -0.37543707
v -0.17667410 -0.12807496 -0.37543707
v 0.20058657 -0.12805591 0.36329389
v -0.20057887 -0.12805330 0.36330769
v 0.22366465 -0.12797849 -0.34985377
v -0.22366465 -0.12797849 -0.34985377
v 0.24566697 -0.12802999 0.33456562
v -0.24566581 -0.12802960 0.33456802
v 0.26656215 -0.12793345 -0.31857197
v -0.26656215 -0.12793345 -0.31857197
v 0.28584844 -0.12807799 0.30074795
v -0.28584834 -0.12807796 0.30074820
v 0.30401257 -0.12820255 -0.28178671
v -0.30401257 -0.12820255 -0.28178671
v 0.32030698 -0.12862699 0.26096815
v -0.32030698 -0.12862699 0.26096817
v 0.33617175 -0.12875028 -0.23950569
v -0.33617175 -0.12875028 -0.23950569
v 0.35066320 -0.12892201 0.21669213
v -0.35066320 -0.12892201 0.21669213
v 0.36391554 -0.12893996 -0.19348953
v -0.36391554 -0.12893996 -0.19348953
v 0.37566234 -0.12895992 0.16940413
v -0.37566234 -0.12895992 0.16940413
v 0.38583680 -0.12896548 -0.14469014
v -0.38583680 -0.12896548 -0.14469014
v 0.39449617 -0.12893934 0.11936131
v -0.39449617 -0.12893934 0.11936131
v 0.40132829 -0.12896828 -0.09345297
v -0.40132829 -0.12896828 -0.09345297
v 0.40727111 -0.12873909 0.06733721
v -0.40727111 -0.12873909 0.06733721
v 0.41001110 -0.12899385 -0.04026426
v -0.41001110 -0.12899385 -0.04026426
v 0.41135309 -0.12914049 0.01147727
v -0.41135309 -0.12914049 0.01147727
v 0.01376161 -0.13795763 -0.38299387
v -0.01376161 -0.13795763 -0.38299387
v 0.00817882 -0.13317913 0.39847935
v 0.03757353 -0.13442005 -0.39279126
v -0.03757353 -0.13442005 -0.39279126
v 0.06074177 -0.13351255 0.39282573
v -0.05921979 -0.13350286 0.39308949
v 0.08638948 -0.13437803 -0.38514927
v -0.08638948 -0.13437803 -0.38514927
v 0.11062673 -0.13370839 0.38113582
v -0.11039231 -0.13368006 0.38129836
v 0.13505790 -0.13380458 -0.37285043
v -0.13505790 -0.13380458 -0.37285043
v 0.15883722 -0.13366923 0.36383128
v -0.15880089 -0.13365994 0.36387967
v 0.18203763 -0.13365146 -0.35285978
v -0.18203763 -0.13365146 -0.35285978
v 0.20446940 -0.13364632 0.34037194
v -0.20446314 -0.13364404 0.34038424
v 0.22598627 -0.13348667 -0.32710518
v -0.22598627 -0.13348667 -0.32710518
v 0.24634639 -0.13358658 0.31165111
v -0.24634551 -0.13358625 0.31165314
v 0.26535141 -0.13348727 -0.29606535
v -0.26535141 -0.13348727 -0.29606535
v 0.28225906 -0.13375930 0.27875271
v -0.28225899 -0.13375927 0.27875292
v 0.29820279 -0.13419101 -0.25952257
v -0.29820279 -0.13419101 -0.25952257
v 0.31242319 -0.13496407 0.23814894
v -0.31242318 -0.13496407 0.23814895
v 0.32679177 -0.13511521 -0.21713997
v -0.32679177 -0.13511521 -0.21713997
v 0.33998373 -0.13526199 0.19489635
v -0.33998373 -0.13526199 0.19489635
v 0.35186246 -0.13527714 -0.17241891
v -0.35186246 -0.13527714 -0.17241891
v 0.36230243 -0.13528612 0.14916382
v -0.36230243 -0.13528612 0.14916382
v 0.37118911 -0.13529592 -0.12532722
v -0.37118911 -0.13529592 -0.12532722
v 0.37872288 -0.13524404 0.10093372
v -0.37872288 -0.13524404 0.10093372
v 0.38433369 -0.13529629 -0.07599315
v -0.38433369 -0.13529629 -0.07599315
v 0.38945251 -0.13502695 0.04991523
v -0.38945251 -0.13502695 0.04991523
v 0.39137384 -0.13518375 -0.02442835
v -0.39137384 -0.13518375 -0.02442835
v 0.39548169 -0.13411146 -0.00853457
v -0.39548169 -0.13411146 -0.00853457
v 0.39235949 -0.13467075 0.03342209
v -0.39235949 -0.13467075 0.03342209
v 0.38920925 -0.13462173 -0.06085222
v -0.38920925 -0.13462173 -0.06085222
v 0.38467354 -0.13453273 0.08624394
v -0.38467354 -0.13453273 0.08624394
v 0.37793920 -0.13462432 -0.11109565
v -0.37793920 -0.13462432 -0.11109565
v 0.36997475 -0.13460850 0.13542130
v -0.36997475 -0.13460850 0.13542130
v 0.36037565 -0.13461481 -0.15916559
v -0.36037565 -0.13461481 -0.15916559
v 0.34932037 -0.13460623 0.18221216
v -0.34932037 -0.13460623 0.18221216
v 0.33685391 -0.13452960 -0.20481481
v -0.33685391 -0.13452960 -0.20481481
v 0.32307436 -0.13445155 0.22636257
v -0.32307436 -0.13445155 0.22636257
v 0.30872506 -0.13392570 -0.24827213
v -0.30872506 -0.13392570 -0.24827213
v 0.29311905 -0.13354249 0.26834032
v -0.29311902 -0.13354248 0.26834042
v 0.27741191 -0.13300035 -0.28697146
v -0.27741191 -0.13300035 -0.28697146
v 0.25926795 -0.13298346 0.30353477
v -0.25926752 -0.13298329 0.30353583
v 0.23961730 -0.13286186 -0.31976276
v -0.23961730 -0.13286186 -0.31976276
v 0.21866096 -0.13304569 0.33373842
v -0.21865742 -0.13304437 0.33374577
v 0.19666458 -0.13302537 -0.34723044
v -0.19666458 -0.13302537 -0.34723044
v 0.17381773 -0.13307412 0.35903844
v -0.17379671 -0.13306793 0.35907068
v 0.15026025 -0.13315198 -0.36924782
v -0.15026025 -0.13315198 -0.36924782
v 0.12604313 -0.13310127 0.37837137
v -0.12591196 -0.13308117 0.37848297
v 0.10170768 -0.13351026 -0.38426943
v -0.10170768 -0.13351026 -0.38426943
v 0.07659365 -0.13311895 0.39133101
v -0.07571341 -0.13306031 0.39169378
v 0.02437865 -0.13272028 0.39929105
v -0.02539168 -0.13293642 0.39853347
v -0.01100718 -0.13433492 -0.39470378
v 0.01100718 -0.13433492 -0.39470378
v -0.00681348 -0.13141599 -0.40415936
v 0.00681348 -0.13141599 -0.40415936
v -0.00793396 -0.12791322 -0.41537266
v 0.00793396 -0.12791322 -0.41537266
v -0.00840422 -0.12318206 -0.43053685
v 0.00840422 -0.12318206 -0.43053685
v 0.01862190 -0.14176730 -0.37055770
v -0.01862190 -0.14176730 -0.37055770
v 0.37210872 -0.14140098 0.00823957
v -0.37210872 -0.14140098 0.00823957
v -0.01525817 -0.13008911 -0.40818636
v 0.01525817 -0.13008911 -0.40818636
v 0.37388425 -0.14073602 0.01830593
v -0.37388425 -0.14073602 0.01830593
v 0.37113440 -0.14099917 -0.04186648
v -0.37113440 -0.14099917 -0.04186648
v 0.36782821 -0.14091596 0.06629730
v -0.36782821 -0.14091596 0.06629730
v 0.36234018 -0.14101516 -0.09035960
v -0.36234018 -0.14101516 -0.09035960
v 0.35576704 -0.14099135 0.11376327
v -0.35576704 -0.14099135 0.11376327
v 0.34755362 -0.14101182 -0.13663723
v -0.34755362 -0.14101182 -0.13663723
v 0.33797211 -0.14100531 0.15891406
v -0.33797211 -0.14100531 0.15891406
v 0.32697326 -0.14097323 -0.18067697
v -0.32697326 -0.14097323 -0.18067697
v 0.31466555 -0.14093420 0.20158072
v -0.31466555 -0.14093420 0.20158073
v 0.30109774 -0.14061208 -0.22307482
v -0.30109774 -0.14061208 -0.22307482
v 0.28706869 -0.14016901 0.24306499
v -0.28706868 -0.14016900 0.24306504
v 0.27493478 -0.13884863 -0.26287428
v -0.27493478 -0.13884863 -0.26287428
v 0.26024741 -0.13821822 0.28018784
v -0.26024721 -0.13821814 0.28018838
v 0.24205315 -0.13836171 -0.29545308
v -0.24205315 -0.13836171 -0.29545308
v 0.22342923 -0.13840973 0.30958687
v -0.22342734 -0.13840898 0.30959120
v 0.20299480 -0.13836906 -0.32350790
v -0.20299480 -0.13836906 -0.32350790
v 0.18176327 -0.13846443 0.33554862
v -0.18175141 -0.13846037 0.33556983
v 0.15967218 -0.13850692 -0.34645573
v -0.15967218 -0.13850692 -0.34645573
v 0.13690700 -0.13848739 0.35613348
v -0.13683469 -0.13847540 0.35620242
v 0.11388475 -0.13875909 -0.36323656
v -0.11388475 -0.13875909 -0.36323656
v 0.08985775 -0.13854676 0.37061426
v -0.08938923 -0.13853986 0.37075030
v 0.06740003 -0.13991790 -0.37088088
v -0.06740003 -0.13991790 -0.37088088
v 0.03985955 -0.13844532 0.37959022
v -0.03732204 -0.13883050 0.37860706
v -0.01039437 -0.13842277 0.38160803
v -0.00111912 -0.14115554 0.37298527
v 0.02662263 -0.14508954 -0.35938785
v -0.02662263 -0.14508954 -0.35938785
v 0.04748088 -0.14160833 0.36848864
v -0.04586949 -0.14187396 0.36783436
v 0.07435799 -0.14237375 -0.36151279
v -0.07435799 -0.14237375 -0.36151279
v 0.09605102 -0.14125841 0.36006597
v -0.09573133 -0.14125574 0.36015996
v 0.11934818 -0.14140571 -0.35253018
v -0.11934818 -0.14140571 -0.35253018
v 0.14174772 -0.14120625 0.34482688
v -0.14169844 -0.14119712 0.34487877
v 0.16376276 -0.14121023 -0.33491825
v -0.16376276 -0.14121023 -0.33491825
v 0.18511705 -0.14118364 0.32370315
v -0.18510893 -0.14118064 0.32371888
v 0.20549127 -0.14107681 -0.31157820
v -0.20549127 -0.14107681 -0.31157820
v 0.22519952 -0.14110720 0.29752325
v -0.22519828 -0.14110668 0.29752628
v 0.24279451 -0.14133373 -0.28239012
v -0.24279451 -0.14133373 -0.28239012
v 0.26012030 -0.14069469 0.26937188
v -0.26012017 -0.14069464 0.26937225
v 0.27290205 -0.14195686 -0.25046679
v -0.27290205 -0.14195686 -0.25046679
v 0.28147736 -0.14453208 0.22788248
v -0.28147735 -0.14453208 0.22788251
v 0.29495126 -0.14482816 -0.20851123
v -0.29495126 -0.14482816 -0.20851123
v 0.30792295 -0.14497057 0.18795466
v -0.30792295 -0.14497057 0.18795467
v 0.31941525 -0.14499120 -0.16754004
v -0.31941525 -0.14499120 -0.16754004
v 0.32960313 -0.14500614 0.14636594
v -0.32960313 -0.14500614 0.14636594
v 0.33839422 -0.14501166 -0.12465066
v -0.33839422 -0.14501166 -0.12465066
v 0.34585605 -0.14498968 0.10238594
v -0.34585605 -0.14498968 0.10238594
v 0.35171549 -0.14501266 -0.07963884
v -0.35171549 -0.14501266 -0.07963884
v 0.00797473 -0.12439608 0.42665161
v 0.35641631 -0.14495003 0.05619990
v -0.35641631 -0.14495003 0.05619990
v -0.03613378 -0.12596939 -0.42013028
v 0.03613378 -0.12596939 -0.42013028
v 0.35914907 -0.14501796 -0.03233935
v -0.35914907 -0.14501796 -0.03233935
v -0.06289662 -0.12450771 0.42170350
v 0.06464949 -0.12531632 0.41881499
v 0.35650831 -0.14549837 -0.04274486
v -0.35650831 -0.14549837 -0.04274486
v 0.35309426 -0.14544334 0.06615501
v -0.35309426 -0.14544334 0.06615501
v 0.34780813 -0.14549957 -0.08917414
v -0.34780813 -0.14549957 -0.08917414
v 0.34132148 -0.14548371 0.11161851
v -0.34132148 -0.14548371 0.11161851
v 0.33330219 -0.14549677 -0.13356134
v -0.33330219 -0.14549677 -0.13356134
v 0.32394256 -0.14549186 0.15492416
v -0.32394256 -0.14549186 0.15492416
v 0.31321943 -0.14546538 -0.17576930
v -0.31321943 -0.14546538 -0.17576930
v 0.30124312 -0.14542973 0.19579575
v -0.30124312 -0.14542973 0.19579575
v 0.28741689 -0.14523746 -0.21660631
v -0.28741689 -0.14523746 -0.21660631
v 0.27394218 -0.14468746 0.23612494
v -0.27394217 -0.14468745 0.23612499
v 0.26230839 -0.14368005 -0.25365439
v -0.26230839 -0.14368005 -0.25365439
v 0.25219963 -0.14185059 0.27176651
v -0.25219943 -0.14185051 0.27176705
v 0.23135174 -0.14313680 -0.28442378
v -0.23135174 -0.14313680 -0.28442378
v 0.21616378 -0.14221963 0.29976467
v -0.21616208 -0.14221890 0.29976878
v 0.19621875 -0.14220977 -0.31322069
v -0.19621875 -0.14220977 -0.31322069
v 0.17576646 -0.14227639 0.32489582
v -0.17575578 -0.14227275 0.32491487
v 0.15436063 -0.14231889 -0.33544491
v -0.15436063 -0.14231889 -0.33544491
v 0.13230700 -0.14229802 0.34481119
v -0.13223998 -0.14228898 0.34486797
v 0.11007119 -0.14256370 -0.35164716
v -0.11007119 -0.14256370 -0.35164716
v 0.08667129 -0.14237355 0.35876061
v -0.08624722 -0.14238556 0.35882318
v 0.06583390 -0.14393610 -0.35806936
v -0.06583390 -0.14393610 -0.35806936
v 0.03606950 -0.14317778 0.36472340
v -0.03445686 -0.14365387 0.36334592
v -0.00999232 -0.14245764 0.36867636
v 0.03961736 -0.14358107 -0.36305430
v -0.03961736 -0.14358107 -0.36305430
v -0.41783651 -0.12695241 0.02407053
v 0.41783651 -0.12695241 0.02407053
v -0.41773008 -0.12667841 0.03747651
v 0.41773008 -0.12667841 0.03747651
v 0.27824343 -0.14266383 -0.24107151
v -0.27824343 -0.14266383 -0.24107151
v 0.26534097 -0.14138998 0.26106172
v -0.26534089 -0.14138995 0.26106195
v 0.25111543 -0.14144120 -0.27455025
v -0.25111543 -0.14144120 -0.27455025
v 0.23305479 -0.14203130 0.28760707
v -0.23305410 -0.14203100 0.28760886
v -0.07104233 -0.12660592 0.41358305
v 0.07196986 -0.12691908 0.41240338
v 0.21416492 -0.14199698 -0.30207156
v -0.21416492 -0.14199698 -0.30207156
v -0.04543509 -0.12792027 -0.41293371
v 0.04543509 -0.12792027 -0.41293371
v 0.19432132 -0.14215059 0.31462445
v -0.19431650 -0.14214867 0.31463466
v 0.17351602 -0.14215934 -0.32652834
v -0.17351602 -0.14215934 -0.32652834
v 0.01706258 -0.12642530 0.41987289
v 0.15206156 -0.14217679 0.33699327
v -0.15203221 -0.14217009 0.33703010
v 0.13002611 -0.14230070 -0.34566860
v -0.13002611 -0.14230070 -0.34566860
v 0.10725670 -0.14221260 0.35369238
v -0.10706543 -0.14220560 0.35377379
v 0.08536760 -0.14291377 -0.35729231
v -0.08536760 -0.14291377 -0.35729231
v 0.06034325 -0.14245808 0.36384030
v -0.05928554 -0.14257403 0.36363747
v 0.01179313 -0.14201447 0.37004493
v -0.41911535 -0.12676497 0.00353760
v 0.41911535 -0.12676497 0.00353760
v -0.41714092 -0.12700154 -0.03206780
v 0.41714092 -0.12700154 -0.03206780
v -0.41525834 -0.12662191 0.06012850
v 0.41525834 -0.12662191 0.06012850
v -0.40966279 -0.12691897 -0.08621422
v 0.40966279 -0.12691897 -0.08621422
v -0.40329876 -0.12688482 0.11268670
v 0.40329876 -0.12688482 0.11268670
v -0.39503905 -0.12691672 -0.13858822
v 0.39503905 -0.12691672 -0.13858822
v -0.38524263 -0.12691104 0.16390818
v 0.38524263 -0.12691104 0.16390818
v -0.37381943 -0.12690143 -0.18858055
v 0.37381943 -0.12690143 -0.18858055
v -0.36084585 -0.12689120 0.21241780
v 0.36084585 -0.12689120 0.21241780
v -0.34649765 -0.12678469 -0.23570439
v 0.34649765 -0.12678469 -0.23570439
v -0.33072242 -0.12670848 0.25776876
v 0.33072242 -0.12670848 0.25776875
v -0.31423262 -0.12638408 -0.27920123
v 0.31423262 -0.12638408 -0.27920123
v -0.29604497 -0.12626933 0.29893531
v 0.29604503 -0.12626934 0.29893517
v -0.27683384 -0.12611512 -0.31746540
v 0.27683384 -0.12611512 -0.31746540
v -0.25597770 -0.12618004 0.33424743
v 0.25597839 -0.12618026 0.33424598
v -0.23399657 -0.12612709 -0.35019210
v 0.23399657 -0.12612709 -0.35019210
v -0.21087623 -0.12619969 0.36431317
v 0.21088115 -0.12620136 0.36430414
v -0.18688429 -0.12620782 -0.37715408
v 0.18688429 -0.12620782 -0.37715408
v -0.16205833 -0.12620630 0.38847409
v 0.16208609 -0.12621388 0.38843619
v -0.13666770 -0.12630609 -0.39777846
v 0.13666770 -0.12630609 -0.39777846
v -0.11053051 -0.12621867 0.40610918
v 0.11070083 -0.12626057 0.40592352
v -0.08444832 -0.12667291 -0.41083597
v 0.08444832 -0.12667291 -0.41083597
v -0.05358889 -0.12545142 0.41993669
v 0.05633090 -0.12566494 0.41888686
v -0.02558796 -0.12820027 -0.41373750
v 0.02558796 -0.12820027 -0.41373750
v -0.00094820 -0.12534715 0.42367545
v 0.29031646 -0.14426511 0.21793816
v -0.29031646 -0.14426511 0.21793817
v 0.30346358 -0.14441555 -0.19834454
v -0.30346358 -0.14441555 -0.19834454
v 0.31566151 -0.14450610 0.17770220
v -0.31566151 -0.14450610 0.17770220
v 0.32649701 -0.14451741 -0.15682376
v -0.32649701 -0.14451741 -0.15682376
v 0.33599356 -0.14452144 0.13525147
v -0.33599356 -0.14452144 0.13525147
v 0.34404423 -0.14452937 -0.11313607
v -0.34404423 -0.14452937 -0.11313607
v 0.35080011 -0.14449338 0.09049359
v -0.35080011 -0.14449338 0.09049359
v 0.35584614 -0.14452827 -0.06739657
v -0.35584614 -0.14452827 -0.06739657
v 0.35972807 -0.14447911 0.04334397
v -0.35972807 -0.14447911 0.04334397
v 0.36156367 -0.14456849 -0.01863036
v -0.36156367 -0.14456849 -0.01863036
v 0.36382424 -0.14401074 -0.00233857
v -0.36382424 -0.14401074 -0.00233857
v 0.36332027 -0.14381591 0.02875575
v -0.36332027 -0.14381591 0.02875575
v 0.36035819 -0.14384938 -0.05377991
v -0.36035819 -0.14384938 -0.05377991
v 0.35622604 -0.14379670 0.07730741
v -0.35622604 -0.14379670 0.07730741
v 0.35022454 -0.14385360 -0.10041521
v -0.35022454 -0.14385360 -0.10041521
v 0.34299809 -0.14384047 0.12297740
v -0.34299809 -0.14384047 0.12297740
v 0.33425676 -0.14384729 -0.14500901
v -0.33425676 -0.14384729 -0.14500901
v 0.32415985 -0.14384039 0.16640826
v -0.32415985 -0.14384039 0.16640826
v 0.31270415 -0.14378851 -0.18737311
v -0.31270415 -0.14378851 -0.18737311
v 0.30006990 -0.14371595 0.20741339
v -0.30006990 -0.14371595 0.20741339
v 0.28622845 -0.14309108 -0.22934977
v -0.28622845 -0.14309108 -0.22934977
v 0.27290649 -0.14216607 0.24946877
v -0.27290645 -0.14216605 0.24946888
v 0.26219708 -0.14063429 -0.26762204
v -0.26219708 -0.14063429 -0.26762204
v 0.24636710 -0.14082481 0.28145110
v -0.24636674 -0.14082466 0.28145208
v 0.22852013 -0.14029472 -0.29826916
v -0.22852013 -0.14029472 -0.29826916
v 0.20872843 -0.14102612 0.30961501
v -0.20872558 -0.14102493 0.30962151
v 0.18821592 -0.14101709 -0.32252968
v -0.18821592 -0.14101709 -0.32252968
v 0.16706640 -0.14106553 0.33380152
v -0.16704888 -0.14106045 0.33382850
v 0.14513702 -0.14113824 -0.34365082
v -0.14513702 -0.14113824 -0.34365082
v 0.12254345 -0.14109127 0.35249985
v -0.12243094 -0.14108078 0.35257455
v 0.10009240 -0.14150720 -0.35813529
v -0.10009240 -0.14150720 -0.35813529
v 0.07596396 -0.14119856 0.36502855
v -0.07527944 -0.14123324 0.36505680
v 0.05479547 -0.14324115 -0.36217777
v -0.05479547 -0.14324115 -0.36217777
v 0.02632713 -0.14029928 0.37480904
v -0.02246635 -0.14160384 0.37086962
v -0.09598251 -0.12673721 -0.40808352
v 0.09598251 -0.12673721 -0.40808352
v -0.12191760 -0.12639881 0.40223358
v 0.12203544 -0.12642491 0.40211040
v -0.14776523 -0.12646248 -0.39325515
v 0.14776523 -0.12646248 -0.39325515
v -0.17286395 -0.12639087 0.38313864
v 0.17288336 -0.12639646 0.38311021
v -0.19731541 -0.12637709 -0.37118853
v 0.19731541 -0.12637709 -0.37118853
v -0.22088425 -0.12638143 0.35764892
v 0.22088763 -0.12638259 0.35764246
v -0.24352036 -0.12629442 -0.34297970
v 0.24352036 -0.12629442 -0.34297970
v -0.26493081 -0.12636201 0.32644544
v 0.26493124 -0.12636215 0.32644448
v -0.28516344 -0.12632638 -0.30908386
v 0.28516344 -0.12632638 -0.30908386
v -0.30362609 -0.12653990 0.28997735
v 0.30362612 -0.12653991 0.28997727
v -0.32122024 -0.12668167 -0.26965107
v 0.32122024 -0.12668167 -0.26965107
v -0.33723223 -0.12698465 0.24769867
v 0.33723223 -0.12698465 0.24769866
v -0.35240560 -0.12704103 -0.22525369
v 0.35240560 -0.12704103 -0.22525369
v -0.36613587 -0.12711380 0.20168874
v 0.36613587 -0.12711380 0.20168874
v -0.37841363 -0.12712068 -0.17753450
v 0.37841363 -0.12712068 -0.17753450
v -0.38913007 -0.12712230 0.15260682
v 0.38913007 -0.12712230 0.15260682
v -0.39818059 -0.12713047 -0.12704868
v 0.39818059 -0.12713047 -0.12704868
v -0.40574875 -0.12707926 0.10096727
v 0.40574875 -0.12707926 0.10096727
v -0.41129037 -0.12713346 -0.07430592
v 0.41129037 -0.12713346 -0.07430592
v -0.41674871 -0.12658235 0.04981872
v 0.41674871 -0.12658235 0.04981872
v -0.41674978 -0.12735552 -0.02015098
v 0.41674978 -0.12735552 -0.02015098
v -0.41941121 -0.12665993 -0.00684737
v 0.41941121 -0.12665993 -0.00684737
v -0.41791843 -0.12573374 -0.06162086
v 0.41791843 -0.12573374 -0.06162086
v -0.41326804 -0.12565064 0.08881244
v 0.41326804 -0.12565064 0.08881244
v -0.40640549 -0.12572580 -0.11536477
v 0.40640549 -0.12572580 -0.11536477
v -0.39810232 -0.12571490 0.14148680
v 0.39810232 -0.12571490 0.14148680
v -0.38807183 -0.12572096 -0.16699647
v 0.38807183 -0.12572096 -0.16699647
v -0.37644964 -0.12571694 0.19179187
v 0.37644964 -0.12571694 0.19179187
v -0.36328605 -0.12567981 -0.21592204
v 0.36328605 -0.12567981 -0.21592204
v -0.34861764 -0.12565120 0.23904467
v 0.34861764 -0.12565120 0.23904467
v -0.33283068 -0.12545227 -0.26161045
v 0.33283068 -0.12545227 -0.26161045
v -0.31555642 -0.12534445 0.28272473
v 0.31555644 -0.12534445 0.28272469
v -0.29746877 -0.12511158 -0.30274534
v 0.29746877 -0.12511158 -0.30274534
v -0.27762595 -0.12510550 0.32106510
v 0.27762615 -0.12510556 0.32106464
v -0.25660121 -0.12503263 -0.33839796
v 0.25660121 -0.12503263 -0.33839796
v -0.23426036 -0.12511083 0.35393013
v 0.23426218 -0.12511144 0.35392657
v -0.21092281 -0.12509430 -0.36837619
v 0.21092281 -0.12509430 -0.36837619
v -0.18663381 -0.12512156 0.38116016
v 0.18664469 -0.12512492 0.38114281
v -0.16160459 -0.12516051 -0.39229226
v 0.16160459 -0.12516051 -0.39229226
v -0.13582740 -0.12512594 0.40206248
v 0.13589110 -0.12514085 0.40199050
v -0.10972622 -0.12532264 -0.40930249
v 0.10972622 -0.12532264 -0.40930249
v -0.08297842 -0.12521333 0.41590881
v 0.08332673 -0.12539614 0.41524132
v -0.05658079 -0.12603827 -0.41764522
v 0.05658079 -0.12603827 -0.41764522
v -0.02757917 -0.12408135 0.42684526
v 0.02851181 -0.12502820 0.42374109
v -0.41523210 -0.12702168 -0.05062757
v 0.41523210 -0.12702168 -0.05062757
v -0.41148379 -0.12687400 0.07783540
v 0.41148379 -0.12687400 0.07783540
v -0.40516719 -0.12700454 -0.10424190
v 0.40516719 -0.12700454 -0.10424190
v -0.39760249 -0.12698666 0.13033450
v 0.39760249 -0.12698666 0.13033450
v -0.38826769 -0.12700097 -0.15583522
v 0.38826769 -0.12700097 -0.15583522
v -0.37736621 -0.12699669 0.18067273
v 0.37736621 -0.12699669 0.18067273
v -0.36490170 -0.12696951 -0.20485988
v 0.36490170 -0.12696951 -0.20485988
v -0.35092562 -0.12694736 0.22810415
v 0.35092562 -0.12694736 0.22810415
v -0.33576063 -0.12676298 -0.25087910
v 0.33576063 -0.12676298 -0.25087910
v -0.31916672 -0.12664632 0.27225330
v 0.31916673 -0.12664632 0.27225328
v -0.30193632 -0.12632886 -0.29270945
v 0.30193632 -0.12632886 -0.29270945
v -0.28287723 -0.12627470 0.31140154
v 0.28287737 -0.12627475 0.31140121
v -0.26263938 -0.12617472 -0.32906054
v 0.26263938 -0.12617472 -0.32906054
v -0.24096291 -0.12626260 0.34490574
v 0.24096432 -0.12626308 0.34490289
v -0.21823669 -0.12623160 -0.35983259
v 0.21823669 -0.12623160 -0.35983259
v -0.19449762 -0.12627849 0.37302933
v 0.19450650 -0.12628138 0.37301428
v -0.16997428 -0.12630818 -0.38471922
v 0.16997428 -0.12630818 -0.38471922
v -0.14467616 -0.12628334 0.39501384
v 0.14472721 -0.12629555 0.39495344
v -0.11898384 -0.12645274 -0.40293083
v 0.11898384 -0.12645274 -0.40293083
v -0.09253238 -0.12631864 0.41025563
v 0.09284377 -0.12641750 0.40986025
v -0.06639945 -0.12705388 -0.41289902
v 0.06639945 -0.12705388 -0.41289902
v -0.03604499 -0.12579681 0.42069334
v 0.03866709 -0.12605167 0.41963976
v -0.01832053 -0.12575439 0.42197317
v 0.00873440 -0.14431126 -0.36276298
v -0.00873440 -0.14431126 -0.36276298
v -0.00928728 -0.12404846 0.42773995
v -0.04585520 -0.12410847 0.42518280
v 0.04850565 -0.12422068 0.42452643
v -0.07660320 -0.12495672 -0.41796663
v 0.07660320 -0.12495672 -0.41796663
v -0.10319708 -0.12450807 0.41368974
v 0.10337339 -0.12456364 0.41346206
v -0.12983140 -0.12458977 -0.40584396
v 0.12983140 -0.12458977 -0.40584396
v -0.15575124 -0.12448869 0.39696773
v 0.15578097 -0.12449629 0.39692989
v -0.18113952 -0.12449833 -0.38601030
v 0.18113952 -0.12449833 -0.38601030
v -0.20572597 -0.12448441 0.37353762
v 0.20573121 -0.12448614 0.37352842
v -0.22946585 -0.12443771 -0.35962020
v 0.22946585 -0.12443771 -0.35962020
v -0.25214286 -0.12447082 0.34396902
v 0.25214365 -0.12447107 0.34396741
v -0.27372904 -0.12441160 -0.32729973
v 0.27372904 -0.12441160 -0.32729973
v -0.29384518 -0.12451061 0.30892863
v 0.29384525 -0.12451064 0.30892846
v -0.31282677 -0.12457513 -0.28938714
v 0.31282677 -0.12457513 -0.28938714
v -0.33013489 -0.12482204 0.26822062
v 0.33013489 -0.12482205 0.26822061
v -0.34659061 -0.12489354 -0.24619367
v 0.34659061 -0.12489354 -0.24619367
v -0.36159407 -0.12500250 0.22291065
v 0.36159407 -0.12500250 0.22291065
v -0.37523886 -0.12501420 -0.19900590
v 0.37523886 -0.12501420 -0.19900590
v -0.38732265 -0.12502773 0.17421792
v 0.38732265 -0.12502773 0.17421792
v -0.39778483 -0.12503153 -0.14875343
v 0.39778483 -0.12503153 -0.14875343
v -0.40664975 -0.12501329 0.12266219
v 0.40664975 -0.12501329 0.12266219
v -0.41368914 -0.12503375 -0.09599797
v 0.41368914 -0.12503375 -0.09599797
v -0.41949619 -0.12487914 0.06927176
v 0.41949619 -0.12487914 0.06927176
v -0.42251992 -0.12507805 -0.04135933
v 0.42251992 -0.12507805 -0.04135933
v -0.42459289 -0.12500415 0.01248258
v 0.42459289 -0.12500415 0.01248258
v 0.00823914 -0.14088473 -0.37376449
v -0.00823914 -0.14088473 -0.37376449
v 0.35897751 -0.14544270 0.01373499
v -0.35897751 -0.14544270 0.01373499
v 0.01682832 -0.14593062 -0.35727958
v -0.01682832 -0.14593062 -0.35727958
v -0.01726809 -0.12587225 -0.42163933
v 0.01726809 -0.12587225 -0.42163933
v 0.03327727 -0.14862751 -0.34743808
v -0.03327727 -0.14862751 -0.34743808
v 0.26166336 -0.14757250 0.23606311
v -0.26166334 -0.14757249 0.23606318
v 0.27484774 -0.14839019 -0.21635871
v -0.27484774 -0.14839019 -0.21635871
v 0.29045006 -0.14823205 0.19582172
v -0.29045006 -0.14823205 0.19582172
v 0.30245129 -0.14826923 -0.17648535
v -0.30245129 -0.14826923 -0.17648535
v 0.31325124 -0.14829417 0.15633787
v -0.31325124 -0.14829417 0.15633787
v 0.32272979 -0.14829799 -0.13566424
v -0.32272979 -0.14829799 -0.13566424
v 0.33088375 -0.14829193 0.11440650
v -0.33088375 -0.14829193 0.11440650
v 0.33759158 -0.14830094 -0.09265315
v -0.33759158 -0.14830094 -0.09265315
v 0.34303038 -0.14826777 0.07040808
v -0.34303038 -0.14826777 0.07040808
v 0.34679600 -0.14830140 -0.04779307
v -0.34679600 -0.14830140 -0.04779307
v 0.34874326 -0.14846702 0.02362728
v -0.34874326 -0.14846702 0.02362728
v 0.40206525 -0.13190809 0.02148457
v -0.40206525 -0.13190809 0.02148457
v 0.40189299 -0.13114452 -0.05077104
v -0.40189299 -0.13114452 -0.05077104
v 0.39816540 -0.13099657 0.07710104
v -0.39816540 -0.13099657 0.07710104
v 0.39183546 -0.13114205 -0.10279630
v -0.39183546 -0.13114205 -0.10279630
v 0.38439695 -0.13112037 0.12805231
v -0.38439695 -0.13112037 0.12805231
v 0.37522141 -0.13113697 -0.15272259
v -0.37522141 -0.13113697 -0.15272259
v 0.36454878 -0.13113087 0.17673520
v -0.36454878 -0.13113087 0.17673520
v 0.35237420 -0.13109002 -0.20017425
v -0.35237420 -0.13109002 -0.20017425
v 0.33876302 -0.13105236 0.22265401
v -0.33876301 -0.13105236 0.22265402
v 0.32414304 -0.13076023 -0.24500367
v -0.32414304 -0.13076023 -0.24500367
v 0.30821343 -0.13054695 0.26581240
v -0.30821341 -0.13054694 0.26581245
v 0.29207698 -0.13004729 -0.28574376
v -0.29207698 -0.13004729 -0.28574376
v 0.27385232 -0.12994403 0.30370062
v -0.27385210 -0.12994395 0.30370116
v 0.25428651 -0.12982690 -0.32074107
v -0.25428651 -0.12982690 -0.32074107
v 0.23327445 -0.12995326 0.33583924
v -0.23327241 -0.12995253 0.33584351
v 0.21116445 -0.12991535 -0.35030554
v -0.21116445 -0.12991535 -0.35030554
v 0.18808569 -0.12998085 0.36298264
v -0.18807305 -0.12997678 0.36300387
v 0.16422299 -0.13002235 -0.37423874
v -0.16422299 -0.13002235 -0.37423874
v 0.13966518 -0.13000057 0.38415433
v -0.13958999 -0.12998512 0.38423438
v 0.11472027 -0.13023995 -0.39152684
v -0.11472027 -0.13023995 -0.39152684
v 0.08932231 -0.13008973 0.39858348
v -0.08882395 -0.13000499 0.39897321
v 0.06371116 -0.13112545 -0.40010764
v -0.06371116 -0.13112545 -0.40010764
v 0.03652161 -0.12969430 0.40810647
v -0.03354225 -0.12984606 0.40787389
v -0.01888022 -0.12977825 0.40903269
v 0.00875869 -0.14906682 -0.34750908
v -0.00875869 -0.14906682 -0.34750908
v -0.00534882 -0.13129336 0.40457465
v 0.04856994 -0.13146245 0.40113808
v -0.04639450 -0.13148610 0.40131918
v 0.07504950 -0.13272237 -0.39292479
v -0.07504950 -0.13272237 -0.39292479
v 0.09990226 -0.13185801 0.39021395
v -0.09954992 -0.13181088 0.39045998
v 0.12489221 -0.13198782 -0.38251037
v -0.12489221 -0.13198782 -0.38251037
v 0.14927240 -0.13180142 0.37431453
v -0.14921852 -0.13178937 0.37437759
v 0.17317629 -0.13180563 -0.36385807
v -0.17317629 -0.13180563 -0.36385807
v 0.19634710 -0.13178157 0.35198401
v -0.19633792 -0.13177842 0.35200068
v 0.21866906 -0.13167767 -0.33896520
v -0.21866906 -0.13167767 -0.33896520
v 0.23994534 -0.13174115 0.32399944
v -0.23994394 -0.13174064 0.32400251
v 0.25998514 -0.13162689 -0.30863036
v -0.25998514 -0.13162689 -0.30863036
v 0.27838358 -0.13178080 0.29146095
v -0.27838345 -0.13178075 0.29146131
v 0.39560674 -0.13407653 0.00790836
v -0.39560674 -0.13407653 0.00790836
v 0.29543685 -0.13204280 -0.27292393
v -0.29543685 -0.13204280 -0.27292393
v 0.39678699 -0.13317218 -0.03782250
v -0.39678699 -0.13317218 -0.03782250
v 0.31047507 -0.13271095 0.25230306
v -0.31047507 -0.13271095 0.25230309
v 0.39411259 -0.13296277 0.06388617
v -0.39411259 -0.13296277 0.06388617
v 0.32561320 -0.13290893 -0.23134411
v -0.32561320 -0.13290893 -0.23134411
v 0.38833135 -0.13319121 -0.08955760
v -0.38833135 -0.13319121 -0.08955760
v 0.33955754 -0.13313188 0.20898362
v -0.33955754 -0.13313188 0.20898362
v 0.38178838 -0.13315668 0.11466351
v -0.38178838 -0.13315668 0.11466351
v 0.35231896 -0.13315716 -0.18649450
v -0.35231896 -0.13315716 -0.18649450
v 0.37343261 -0.13318839 -0.13920175
v -0.37343261 -0.13318839 -0.13920175
v 0.36363906 -0.13318116 0.16313842
v -0.36363906 -0.13318116 0.16313842
v 0.03000464 -0.14118751 -0.37167530
v -0.03000464 -0.14118751 -0.37167530
v -0.02725971 -0.12380308 -0.42775987
v 0.02725971 -0.12380308 -0.42775987
v -0.00046099 -0.12249969 0.43280664
v -0.05534492 -0.12255897 0.42906203
v 0.00366217 -0.13781764 0.38367244
v 0.05411507 -0.13813211 0.37883602
v -0.05247719 -0.13828955 0.37855673
v 0.08022770 -0.13901522 -0.37128082
v -0.08022770 -0.13901522 -0.37128082
v 0.10311802 -0.13811024 0.36859942
v -0.10282727 -0.13809518 0.36873077
v 0.12685449 -0.13823984 -0.36067833
v -0.12685449 -0.13823984 -0.36067833
v 0.14981526 -0.13806612 0.35236708
v -0.14977070 -0.13805667 0.35241896
v 0.17228892 -0.13805898 -0.34196672
v -0.17228892 -0.13805898 -0.34196672
v 0.19406423 -0.13804176 0.33016068
v -0.19405683 -0.13803902 0.33017521
v 0.21491441 -0.13788749 -0.31758135
v -0.21491441 -0.13788749 -0.31758135
v 0.23479346 -0.13796300 0.30287379
v -0.23479236 -0.13796255 0.30287645
v 0.25315756 -0.13782983 -0.28826931
v -0.25315756 -0.13782983 -0.28826931
v 0.26963737 -0.13784207 0.27286174
v -0.26963726 -0.13784203 0.27286204
v 0.28409497 -0.13863550 -0.25397332
v -0.28409497 -0.13863550 -0.25397332
v 0.29646439 -0.13999526 0.23241623
v -0.29646439 -0.13999526 0.23241625
v 0.31029967 -0.14023206 -0.21225237
v -0.31029967 -0.14023206 -0.21225237
v 0.32326689 -0.14040514 0.19083635
v -0.32326689 -0.14040514 0.19083635
v 0.33490902 -0.14042550 -0.16943116
v -0.33490902 -0.14042550 -0.16943116
v 0.34518713 -0.14043928 0.14725365
v -0.34518713 -0.14043928 0.14725365
v 0.35399352 -0.14044747 -0.12452582
v -0.35399352 -0.14044747 -0.12452582
v 0.36146705 -0.14041023 0.10123879
v -0.36146705 -0.14041023 0.10123879
v 0.36717810 -0.14044797 -0.07744103
v -0.36717810 -0.14044797 -0.07744103
v 0.37191961 -0.14032823 0.05273506
v -0.37191961 -0.14032823 0.05273506
v 0.37437625 -0.14040102 -0.02779068
v -0.37437625 -0.14040102 -0.02779068
v -0.01931337 -0.12202121 0.43391152
v -0.03677379 -0.12203977 0.43272185
v 0.00500351 -0.12827790 0.41424886
v 0.03464112 -0.13066394 -0.40514997
v -0.03464112 -0.13066394 -0.40514997
v 0.06002884 -0.12868604 0.40858424
v -0.05820700 -0.12846047 0.40957832
v 0.08532909 -0.13000893 -0.39972235
v -0.08532909 -0.13000893 -0.39972235
v 0.11073533 -0.12945363 0.39529154
v -0.11051767 -0.12941476 0.39548187
v 0.03799355 -0.12228806 0.43181725
v 0.13603219 -0.12952737 -0.38706444
v -0.13603219 -0.12952737 -0.38706444
v 0.16074027 -0.12940840 0.37788804
v -0.16070596 -0.12939960 0.37793330
v -0.06629369 -0.12280980 -0.42669333
v 0.06629369 -0.12280980 -0.42669333
v 0.18485316 -0.12939784 -0.36673414
v -0.18485316 -0.12939784 -0.36673414
v -0.09352925 -0.12242702 0.42281892
v 0.09367255 -0.12250149 0.42254262
v 0.20817490 -0.12939095 0.35404234
v -0.20816895 -0.12938888 0.35405353
v 0.23059943 -0.12928415 -0.34027646
v -0.23059943 -0.12928415 -0.34027646
v -0.12077860 -0.12248215 -0.41567176
v 0.12077860 -0.12248215 -0.41567176
v 0.25187784 -0.12935629 0.32454833
v -0.25187699 -0.12935599 0.32455019
v 0.27194151 -0.12927968 -0.30825929
v -0.27194151 -0.12927968 -0.30825929
v -0.14735841 -0.12239378 0.40730994
v 0.14738644 -0.12240053 0.40727677
v 0.29020027 -0.12949008 0.29018196
v -0.29020020 -0.12949006 0.29018215
v 0.30746932 -0.12971322 -0.27073537
v -0.30746932 -0.12971322 -0.27073537
v -0.17343107 -0.12240694 -0.39686392
v 0.17343107 -0.12240694 -0.39686392
v 0.32299551 -0.13020950 0.24941449
v -0.32299550 -0.13020950 0.24941450
v 0.33814875 -0.13032437 -0.22779072
v -0.33814875 -0.13032437 -0.22779072
v -0.19874287 -0.12239129 0.38486889
v 0.19874775 -0.12239281 0.38486087
v 0.35197420 -0.13046046 0.20491884
v -0.35197420 -0.13046046 0.20491884
v -0.22323811 -0.12236864 -0.37128218
v 0.22323811 -0.12236864 -0.37128218
v 0.36447426 -0.13047454 -0.18165709
v -0.36447426 -0.13047454 -0.18165709
v 0.37547425 -0.13048544 0.15757984
v -0.37547425 -0.13048544 0.15757984
v -0.24674674 -0.12238390 0.35603284
v 0.24674752 -0.12238415 0.35603129
v 0.38487916 -0.13049335 -0.13288983
v -0.38487916 -0.13049335 -0.13288983
v 0.39283515 -0.13045026 0.10763248
v -0.39283515 -0.13045026 0.10763248
v -0.26920430 -0.12234152 -0.33954396
v 0.26920430 -0.12234152 -0.33954396
v 0.39886648 -0.13049540 -0.08180374
v -0.39886648 -0.13049540 -0.08180374
v 0.40469069 -0.13007796 0.05570948
v -0.40469069 -0.13007796 0.05570948
v -0.29036168 -0.12239347 0.32141379
v 0.29036176 -0.12239350 0.32141360
v 0.40605620 -0.13052204 -0.02889852
v -0.40605620 -0.13052204 -0.02889852
v 0.40838760 -0.13011513 -0.00056458
v -0.40838760 -0.13011513 -0.00056458
v -0.31032566 -0.12241483 -0.30208504
v 0.31032566 -0.12241483 -0.30208504
v -0.32872141 -0.12256207 0.28123112
v 0.32872141 -0.12256207 0.28123110
v -0.34606305 -0.12261586 -0.25930650
v 0.34606305 -0.12261586 -0.25930650
v -0.36192897 -0.12270798 0.23611760
v 0.36192897 -0.12270798 0.23611760
v -0.37642525 -0.12271962 -0.21216947
v 0.37642525 -0.12271962 -0.21216947
v -0.38935173 -0.12273445 0.18728589
v 0.38935173 -0.12273445 0.18728589
v -0.40065686 -0.12273673 -0.16167416
v 0.40065686 -0.12273673 -0.16167416
v -0.41031358 -0.12272937 0.13537946
v 0.41031358 -0.12272937 0.13537946
v -0.41819624 -0.12273878 -0.10849272
v 0.41819624 -0.12273878 -0.10849272
v -0.42455005 -0.12267092 0.08126553
v 0.42455005 -0.12267092 0.08126553
v -0.42868447 -0.12275403 -0.05334936
v 0.42868447 -0.12275403 -0.05334936
v -0.43167322 -0.12268204 0.02177717
v 0.43167322 -0.12268204 0.02177717
v -0.42974203 -0.12275416 0.04402203
v 0.42974203 -0.12275416 0.04402203
v -0.42655793 -0.12260292 -0.07130012
v 0.42655793 -0.12260292 -0.07130012
v -0.42113458 -0.12256799 0.09888350
v 0.42113458 -0.12256799 0.09888350
v -0.41374385 -0.12259974 -0.12593735
v 0.41374385 -0.12259974 -0.12593735
v 0.34708057 -0.14918410 -0.01063230
v -0.34708057 -0.14918410 -0.01063230
v -0.43134088 -0.12288537 -0.01406675
v 0.43134088 -0.12288537 -0.01406675
v -0.40473021 -0.12259496 0.15248250
v 0.40473021 -0.12259496 0.15248250
v 0.34621207 -0.14896287 0.03476082
v -0.34621207 -0.14896287 0.03476082
v -0.39399694 -0.12259564 -0.17838715
v 0.39399694 -0.12259564 -0.17838715
v 0.34314273 -0.14895269 -0.05785252
v -0.34314273 -0.14895269 -0.05785252
v -0.38162632 -0.12259272 0.20353138
v 0.38162632 -0.12259272 0.20353138
v 0.33871199 -0.14892996 0.08011715
v -0.33871199 -0.14892996 0.08011715
v 0.33269880 -0.14895351 -0.10199766
v -0.33269880 -0.14895351 -0.10199766
v -0.36769031 -0.12256259 -0.22792782
v 0.36769031 -0.12256259 -0.22792782
v 0.32538680 -0.14894790 0.12340159
v -0.32538680 -0.14894790 0.12340159
v -0.35222299 -0.12254052 0.25129155
v 0.35222299 -0.12254052 0.25129155
v 0.31667597 -0.14894862 -0.14428880
v -0.31667597 -0.14894862 -0.14428880
v -0.33551693 -0.12241342 -0.27384247
v 0.33551693 -0.12241342 -0.27384247
v 0.30665328 -0.14894363 0.16455341
v -0.30665328 -0.14894363 0.16455341
v -0.31730895 -0.12235462 0.29502489
v 0.31730896 -0.12235463 0.29502486
v 0.29531875 -0.14890749 -0.18434091
v -0.29531875 -0.14890749 -0.18434091
v -0.29799877 -0.12224445 -0.31500417
v 0.29799877 -0.12224445 -0.31500417
v 0.28288624 -0.14884245 0.20326178
v -0.28288624 -0.14884245 0.20326179
v 0.26838369 -0.14786222 -0.22695765
v -0.26838369 -0.14786222 -0.22695765
v -0.27716723 -0.12225483 0.33343720
v 0.27716741 -0.12225489 0.33343680
v 0.25777489 -0.14570027 0.24902389
v -0.25777484 -0.14570025 0.24902406
v -0.42974270 -0.12308758 0.03185643
v 0.42974270 -0.12308758 0.03185643
v -0.25515851 -0.12221923 -0.35070668
v 0.25515851 -0.12221923 -0.35070668
v -0.42842384 -0.12244187 -0.06273225
v 0.42842384 -0.12244187 -0.06273225
v 0.24849289 -0.14572281 -0.25818652
v -0.24849289 -0.14572281 -0.25818652
v -0.23196607 -0.12226059 0.36630283
v 0.23196754 -0.12226108 0.36630005
v -0.42359335 -0.12239158 0.09050219
v 0.42359335 -0.12239158 0.09050219
v 0.22410134 -0.14794164 0.27044265
v -0.22410100 -0.14794147 0.27044364
v -0.41670793 -0.12243527 -0.11770779
v 0.41670793 -0.12243527 -0.11770779
v -0.20779673 -0.12225590 -0.38055170
v 0.20779673 -0.12225590 -0.38055170
v 0.20453205 -0.14814458 -0.28472897
v -0.20453205 -0.14814458 -0.28472897
v -0.40822456 -0.12242900 0.14446713
v 0.40822456 -0.12242900 0.14446713
v 0.18737469 -0.14805332 0.29664785
v -0.18737230 -0.14805229 0.29665327
v -0.18272413 -0.12226548 0.39317212
v 0.18273264 -0.12226795 0.39315943
v -0.39799586 -0.12243253 -0.17060935
v 0.39799586 -0.12243253 -0.17060935
v 0.16769800 -0.14806254 -0.30816530
v -0.16769800 -0.14806254 -0.30816530
v -0.15691844 -0.12229552 -0.40406129
v 0.15691844 -0.12229552 -0.40406129
v -0.38611866 -0.12243022 0.19602816
v 0.38611866 -0.12243022 0.19602816
v 0.14743129 -0.14807166 0.31832682
v -0.14741593 -0.14806836 0.31834559
v -0.37264301 -0.12240970 -0.22070080
v 0.37264301 -0.12240970 -0.22070080
v -0.13040199 -0.12226901 0.41347059
v 0.13045228 -0.12228136 0.41341320
v 0.12654171 -0.14814153 -0.32695260
v -0.12654171 -0.14814153 -0.32695260
v -0.35761424 -0.12239412 0.24439103
v 0.35761424 -0.12239412 0.24439103
v -0.10351401 -0.12241271 -0.42053317
v 0.10351401 -0.12241271 -0.42053317
v 0.10499835 -0.14809515 0.33464977
v -0.10489755 -0.14809431 0.33468420
v -0.34126781 -0.12228958 -0.26728580
v 0.34126781 -0.12228958 -0.26728580
v -0.02812141 -0.12170478 0.43444658
v -0.07478008 -0.12246824 0.42640008
v 0.07463984 -0.12281958 0.42528093
v -0.32343828 -0.12223448 0.28887075
v 0.32343829 -0.12223448 0.28887073
v 0.08422544 -0.14850039 -0.33913328
v -0.08422544 -0.14850039 -0.33913328
v -0.30451920 -0.12211191 -0.30930198
v 0.30451920 -0.12211191 -0.30930198
v 0.06099781 -0.14834087 0.34459005
v -0.06046240 -0.14840305 0.34448199
v -0.04748422 -0.12314438 -0.42811438
v 0.04748422 -0.12314438 -0.42811438
v -0.28406184 -0.12210764 0.32820786
v 0.28406196 -0.12210768 0.32820760
v 0.04562855 -0.14854455 -0.34630102
v -0.04562855 -0.14854455 -0.34630102
v 0.01907818 -0.12237769 0.43277775
v -0.26241069 -0.12206754 -0.34592458
v 0.26241069 -0.12206754 -0.34592458
v 0.01326801 -0.14818169 0.35020635
v -0.23952827 -0.12210802 0.36198989
v 0.23952930 -0.12210836 0.36198791
v -0.21563106 -0.12209891 -0.37674807
v 0.21563106 -0.12209891 -0.37674807
v -0.19079265 -0.12211378 0.38986232
v 0.19079880 -0.12211562 0.38985274
v -0.43154202 -0.12289369 0.00113091
v 0.43154202 -0.12289369 0.00113091
v -0.16517698 -0.12213494 -0.40131301
v 0.16517698 -0.12213494 -0.40131301
v -0.43003522 -0.12304595 -0.02963743
v 0.43003522 -0.12304595 -0.02963743
v -0.13882891 -0.12211638 0.41123443
v 0.13886479 -0.12212488 0.41119354
v -0.42781021 -0.12281957 0.05842441
v 0.42781021 -0.12281957 0.05842441
v -0.11203339 -0.12222357 -0.41897195
v 0.11203339 -0.12222357 -0.41897195
v -0.08432421 -0.12219634 0.42550457
v 0.08441041 -0.12234850 0.42499008
v -0.42281675 -0.12295135 -0.08541812
v 0.42281675 -0.12295135 -0.08541812
v -0.05698005 -0.12266731 -0.42849752
v 0.05698005 -0.12266731 -0.42849752
v -0.41645106 -0.12292934 0.11269288
v 0.41645106 -0.12292934 0.11269288
v 0.02860607 -0.12209268 0.43316841
v -0.40820922 -0.12294967 -0.13942792
v 0.40820922 -0.12294967 -0.13942792
v -0.39833040 -0.12294620 0.16558198
v 0.39833040 -0.12294620 0.16558198
v -0.38677206 -0.12294188 -0.19105976
v 0.38677206 -0.12294188 -0.19105976
v -0.37360237 -0.12293663 0.21571338
v 0.37360237 -0.12293663 0.21571337
v -0.35893565 -0.12288406 -0.23962814
v 0.35893565 -0.12288406 -0.23962814
v -0.34277336 -0.12284750 0.26241966
v 0.34277336 -0.12284750 0.26241965
v -0.32549623 -0.12268871 -0.28434088
v 0.32549623 -0.12268871 -0.28434088
v -0.30667801 -0.12263087 0.30480562
v 0.30667804 -0.12263088 0.30480554
v -0.28672137 -0.12254136 -0.32403241
v 0.28672137 -0.12254136 -0.32403241
v -0.26530336 -0.12256974 0.34167462
v 0.26530371 -0.12256985 0.34167387
v -0.24274565 -0.12254036 -0.35816683
v 0.24274565 -0.12254036 -0.35816683
v -0.21908124 -0.12257894 0.37296824
v 0.21908378 -0.12257977 0.37296364
v -0.19449981 -0.12258169 -0.38634712
v 0.19449981 -0.12258169 -0.38634712
v -0.16907450 -0.12258281 0.39812684
v 0.16908892 -0.12258666 0.39810728
v -0.14299778 -0.12263271 -0.40804952
v 0.14299778 -0.12263271 -0.40804952
v 0.00821286 -0.12132540 0.43649497
v -0.11623425 -0.12259060 0.41660431
v 0.11631979 -0.12261446 0.41650098
v -0.03659187 -0.12205408 -0.43269122
v 0.03659187 -0.12205408 -0.43269122
v -0.08924469 -0.12281809 -0.42246239
v 0.08924469 -0.12281809 -0.42246239
v -0.06447643 -0.12137770 0.43161524
v 0.06041603 -0.12237602 0.42896983
v 0.40475184 -0.12975242 -0.06251388
v -0.40475184 -0.12975242 -0.06251388
v 0.40009480 -0.12965924 0.08888761
v -0.40009480 -0.12965924 0.08888761
v 0.39318647 -0.12974918 -0.11465147
v -0.39318647 -0.12974918 -0.11465147
v 0.38495985 -0.12973524 0.13993952
v -0.38495985 -0.12973524 0.13993952
v 0.37504630 -0.12974143 -0.16462430
v -0.37504630 -0.12974143 -0.16462430
v 0.36360690 -0.12973487 0.18859517
v -0.36360690 -0.12973487 0.18859517
v 0.35069779 -0.12967438 -0.21200969
v -0.35069779 -0.12967438 -0.21200969
v 0.33636759 -0.12962159 0.23437721
v -0.33636759 -0.12962159 0.23437722
v 0.32119224 -0.12927901 -0.25654095
v -0.32119224 -0.12927901 -0.25654095
v 0.30457632 -0.12906867 0.27706667
v -0.30457630 -0.12906866 0.27706674
v 0.28743704 -0.12870763 -0.29642418
v -0.28743704 -0.12870763 -0.29642418
v 0.26828771 -0.12869524 0.31391380
v -0.26828737 -0.12869512 0.31391459
v 0.24785836 -0.12859885 -0.33066864
v -0.24785836 -0.12859885 -0.33066864
v 0.22610393 -0.12871956 0.34544576
v -0.22610109 -0.12871855 0.34545148
v 0.20333975 -0.12870007 -0.35938881
v -0.20333975 -0.12870007 -0.35938881
v 0.17967310 -0.12874013 0.37164347
v -0.17965628 -0.12873507 0.37166964
v 0.15527657 -0.12879852 -0.38227731
v -0.15527657 -0.12879852 -0.38227731
v 0.13022394 -0.12876347 0.39163917
v -0.13012185 -0.12874340 0.39174093
v 0.10486020 -0.12906251 -0.39818750
v -0.10486020 -0.12906251 -0.39818750
v 0.07954963 -0.12892154 0.40446664
v -0.07884096 -0.12876766 0.40510804
v 0.05353810 -0.13004825 -0.40507976
v -0.05353810 -0.13004825 -0.40507976
v 0.02582843 -0.12851280 0.41271846
v 0.40882445 -0.12993349 -0.01092588
v -0.40882445 -0.12993349 -0.01092588
v 0.37814243 -0.13947215 -0.01353901
v -0.37814243 -0.13947215 -0.01353901
v 0.37604073 -0.13956204 0.03937425
v -0.37604073 -0.13956204 0.03937425
v 0.37227223 -0.13962877 -0.06487373
v -0.37227223 -0.13962877 -0.06487373
v 0.36741758 -0.13957079 0.08910706
v -0.36741758 -0.13957079 0.08910706
v 0.36063003 -0.13963128 -0.11284988
v -0.36063003 -0.13963128 -0.11284988
v 0.35257580 -0.13961917 0.13604696
v -0.35257580 -0.13961917 0.13604696
v 0.34298444 -0.13961872 -0.15868598
v -0.34298444 -0.13961872 -0.15868598
v 0.33199960 -0.13960711 0.18062101
v -0.33199960 -0.13960711 0.18062101
v 0.31965699 -0.13950759 -0.20225829
v -0.31965699 -0.13950759 -0.20225829
v 0.30618610 -0.13938163 0.22281116
v -0.30618610 -0.13938163 0.22281116
v 0.29272502 -0.13847717 -0.24476854
v -0.29272502 -0.13847717 -0.24476854
v 0.27825908 -0.13775155 0.26448536
v -0.27825902 -0.13775152 0.26448553
v 0.26366356 -0.13720774 -0.28143208
v -0.26366356 -0.13720774 -0.28143208
v 0.24599192 -0.13735815 0.29637597
v -0.24599130 -0.13735790 0.29637754
v 0.22675796 -0.13718756 -0.31201478
v -0.22675796 -0.13718756 -0.31201478
v 0.20627626 -0.13746612 0.32486038
v -0.20627171 -0.13746436 0.32486997
v 0.18482759 -0.13746196 -0.33753994
v -0.18482759 -0.13746196 -0.33753994
v 0.16264870 -0.13749605 0.34864843
v -0.16262119 -0.13748899 0.34868620
v 0.13981484 -0.13760474 -0.35804200
v -0.13981484 -0.13760474 -0.35804200
v 0.11629387 -0.13752888 0.36661296
v -0.11611624 -0.13751277 0.36672343
v 0.09307549 -0.13810950 -0.37126489
v -0.09307549 -0.13810950 -0.37126489
v 0.06797070 -0.13757019 0.37842758
v -0.06688808 -0.13760901 0.37849403
v 0.01724688 -0.13709840 0.38561066
v 0.40702968 -0.13014887 0.03192524
v -0.40702968 -0.13014887 0.03192524
v 0.04829673 -0.13981633 -0.37417704
v -0.04829673 -0.13981633 -0.37417704
v 0.40477036 -0.13053088 0.04306543
v -0.40477036 -0.13053088 0.04306543
v 0.03880670 -0.13849953 -0.37952458
v -0.03880670 -0.13849953 -0.37952458
v -0.00070495 -0.14491811 0.36092160
v 0.04700380 -0.14569196 0.35534566
v -0.04573134 -0.14588299 0.35489408
v 0.34640287 -0.14943930 0.00392414
v -0.34640287 -0.14943930 0.00392414
v 0.07308281 -0.14598877 -0.34993919
v -0.07308281 -0.14598877 -0.34993919
v 0.34593604 -0.14931027 -0.02500831
v -0.34593604 -0.14931027 -0.02500831
v 0.09338012 -0.14489123 0.34872232
v -0.09311425 -0.14489783 0.34877150
v 0.34371996 -0.14924091 0.04804263
v -0.34371996 -0.14924091 0.04804263
v 0.11600075 -0.14500937 -0.34146386
v -0.11600075 -0.14500937 -0.34146386
v 0.33973376 -0.14926268 -0.07059754
v -0.33973376 -0.14926268 -0.07059754
v 0.13769375 -0.14483464 0.33391404
v -0.13765203 -0.14482842 0.33395283
v 0.33446655 -0.14924750 0.09256863
v -0.33446655 -0.14924750 0.09256863
v 0.15901884 -0.14484015 -0.32428138
v -0.15901884 -0.14484015 -0.32428138
v 0.32768966 -0.14926267 -0.11411644
v -0.32768966 -0.14926267 -0.11411644
v 0.17971616 -0.14481487 0.31337844
v -0.17970962 -0.14481248 0.31339105
v 0.31959709 -0.14925902 0.13516245
v -0.31959709 -0.14925902 0.13516245
v 0.19915913 -0.14477025 -0.30156754
v -0.19915913 -0.14477025 -0.30156754
v 0.31014608 -0.14925409 -0.15566491
v -0.31014608 -0.14925409 -0.15566491
v 0.21859639 -0.14474076 0.28790853
v -0.21859540 -0.14474030 0.28791115
v 0.29940837 -0.14924532 0.17548876
v -0.29940837 -0.14924532 0.17548876
v 0.23616888 -0.14578213 -0.26925262
v -0.23616888 -0.14578213 -0.26925262
v 0.28729181 -0.14919443 -0.19498305
v -0.28729181 -0.14919443 -0.19498305
v 0.25329565 -0.14401133 0.26117710
v -0.25329554 -0.14401128 0.26117745
v 0.27433250 -0.14906019 0.21353158
v -0.27433250 -0.14906019 0.21353159
v 0.26477797 -0.14587424 -0.24073610
v -0.26477797 -0.14587424 -0.24073610
v 0.02145180 -0.14941453 -0.34583985
v -0.02145180 -0.14941453 -0.34583985
v -0.01525873 -0.14609269 0.35682988
v 0.03184841 -0.14847908 0.34804993
v -0.02979602 -0.14862478 0.34776272
v 0.05959542 -0.14811334 -0.34557574
v -0.05959542 -0.14811334 -0.34557574
v 0.07810901 -0.14587383 0.34922938
v -0.07769065 -0.14590313 0.34922643
v 0.10109082 -0.14604428 -0.34271263
v -0.10109082 -0.14604428 -0.34271263
v 0.12263872 -0.14576214 0.33656851
v -0.12256842 -0.14575665 0.33661286
v 0.14420906 -0.14579004 -0.32780832
v -0.14420906 -0.14579004 -0.32780832
v 0.16514685 -0.14574258 0.31794667
v -0.16513612 -0.14573938 0.31796378
v 0.18518513 -0.14571326 -0.30681821
v -0.18518513 -0.14571326 -0.30681821
v 0.20482117 -0.14570260 0.29411518
v -0.20481949 -0.14570183 0.29411934
v 0.21868479 -0.14852666 -0.27243973
v -0.21868479 -0.14852666 -0.27243973
v 0.25021265 -0.14896837 -0.24176946
v -0.25021265 -0.14896837 -0.24176946
v 0.24096932 -0.14539338 0.26664758
v -0.24096910 -0.14539328 0.26664822
v 0.37871454 -0.13904720 0.02798806
v -0.37871454 -0.13904720 0.02798806
v 0.37601242 -0.13902465 -0.05364355
v -0.37601242 -0.13902465 -0.05364355
v 0.37194043 -0.13894339 0.07823855
v -0.37194043 -0.13894339 0.07823855
v 0.36573488 -0.13903257 -0.10238004
v -0.36573488 -0.13903257 -0.10238004
v 0.35836242 -0.13901466 0.12595105
v -0.35836242 -0.13901466 0.12595105
v 0.34938493 -0.13902527 -0.14896847
v -0.34938493 -0.13902527 -0.14896847
v 0.33900713 -0.13901719 0.17133383
v -0.33900713 -0.13901719 0.17133383
v 0.32723099 -0.13895692 -0.19325597
v -0.32723099 -0.13895692 -0.19325597
v 0.31419432 -0.13888523 0.21420710
v -0.31419432 -0.13888523 0.21420710
v 0.30034979 -0.13833886 -0.23606828
v -0.30034979 -0.13833886 -0.23606828
v 0.28586789 -0.13777703 0.25611999
v -0.28586786 -0.13777701 0.25612008
v 0.27235991 -0.13682351 -0.27476236
v -0.27235991 -0.13682351 -0.27476236
v 0.25572920 -0.13671245 0.29077916
v -0.25572883 -0.13671230 0.29078011
v 0.23701027 -0.13655903 -0.30685062
v -0.23701027 -0.13655903 -0.30685062
v 0.21703977 -0.13683818 0.32020560
v -0.21703681 -0.13683701 0.32021211
v 0.19590386 -0.13681428 -0.33364481
v -0.19590386 -0.13681428 -0.33364481
v 0.17398469 -0.13687675 0.34535712
v -0.17396656 -0.13687138 0.34538554
v 0.15129997 -0.13694636 -0.35563738
v -0.15129997 -0.13694636 -0.35563738
v 0.12794378 -0.13690293 0.36483926
v -0.12782934 -0.13688818 0.36492949
v 0.10453435 -0.13729402 -0.37092013
v -0.10453435 -0.13729402 -0.37092013
v 0.07990931 -0.13695834 0.37809316
v -0.07917987 -0.13695206 0.37826717
v 0.05730422 -0.13872723 -0.37643664
v -0.05730422 -0.13872723 -0.37643664
v 0.02913862 -0.13651912 0.38675751
v -0.02430521 -0.13667651 0.38658566
v 0.38133078 -0.13855329 0.00045170
v -0.38133078 -0.13855329 0.00045170
v 0.40377236 -0.13142125 -0.01858629
v -0.40377236 -0.13142125 -0.01858629
v 0.39776919 -0.13145986 -0.07111389
v -0.39776919 -0.13145986 -0.07111389
v 0.39249118 -0.13139311 0.09695984
v -0.39249118 -0.13139311 0.09695984
v 0.38514870 -0.13145865 -0.12223391
v -0.38514870 -0.13145865 -0.12223391
v 0.37643956 -0.13144752 0.14697870
v -0.37643956 -0.13144752 0.14697870
v 0.36610340 -0.13144572 -0.17112114
v -0.36610340 -0.13144572 -0.17112114
v 0.35427033 -0.13143547 0.19450771
v -0.35427033 -0.13143547 0.19450771
v 0.34104368 -0.13133692 -0.21745217
v -0.34104368 -0.13133692 -0.21745217
v 0.32648006 -0.13124627 0.23925347
v -0.32648006 -0.13124627 0.23925348
v 0.31141873 -0.13075812 -0.26099691
v -0.31141873 -0.13075812 -0.26099691
v 0.29480929 -0.13048009 0.28091596
v -0.29480925 -0.13048007 0.28091608
v 0.27751269 -0.13016026 -0.29941489
v -0.27751269 -0.13016026 -0.29941489
v 0.25819356 -0.13019674 0.31607461
v -0.25819297 -0.13019653 0.31607596
v 0.23756490 -0.13010519 -0.33221936
v -0.23756490 -0.13010519 -0.33221936
v 0.21570776 -0.13023702 0.34631176
v -0.21570338 -0.13023546 0.34632040
v 0.19288565 -0.13023037 -0.35954723
v -0.19288565 -0.13023037 -0.35954723
v 0.16923085 -0.13025767 0.37117189
v -0.16920529 -0.13025068 0.37120817
v 0.14491344 -0.13034898 -0.38101042
v -0.14491344 -0.13034898 -0.38101042
v 0.11996353 -0.13029033 0.38978322
v -0.11980288 -0.13026364 0.38992218
v 0.09487793 -0.13073939 -0.39515568
v -0.09487793 -0.13073939 -0.39515568
v 0.06979626 -0.13023163 0.40200032
v -0.06862552 -0.13007944 0.40269687
v 0.04445989 -0.13161113 -0.40113473
v -0.04445989 -0.13161113 -0.40113473
v 0.01609819 -0.12982308 0.40900776
v 0.01853538 -0.13551832 -0.39062316
v -0.01853538 -0.13551832 -0.39062316
v -0.01921060 -0.12204219 -0.43384875
v 0.01921060 -0.12204219 -0.43384875
v -0.04772340 -0.12121215 0.43432129
v 0.04952985 -0.12124766 0.43400439
v -0.00870863 -0.12118458 0.43693699
v -0.07799586 -0.12158764 -0.42869392
v 0.07799586 -0.12158764 -0.42869392
v -0.10543598 -0.12137585 0.42348241
v 0.10551769 -0.12140663 0.42336034
v -0.13266566 -0.12141164 -0.41563659
v 0.13266566 -0.12141164 -0.41563659
v -0.15925322 -0.12136377 0.40635739
v 0.15926787 -0.12136741 0.40633911
v -0.18523164 -0.12136810 -0.39517720
v 0.18523164 -0.12136810 -0.39517720
v -0.21041239 -0.12136164 0.38238789
v 0.21041496 -0.12136246 0.38238348
v -0.23471662 -0.12134005 -0.36805217
v 0.23471662 -0.12134005 -0.36805217
v -0.25798929 -0.12135560 0.35206859
v 0.25798968 -0.12135573 0.35206781
v -0.28016294 -0.12132961 -0.33480182
v 0.28016294 -0.12132961 -0.33480182
v -0.30101134 -0.12137771 0.31597639
v 0.30101138 -0.12137771 0.31597631
v -0.32065218 -0.12140645 -0.29588960
v 0.32065218 -0.12140645 -0.29588960
v -0.33878806 -0.12151704 0.27437531
v 0.33878807 -0.12151704 0.27437531
v -0.35573920 -0.12154940 -0.25182991
v 0.35573920 -0.12154940 -0.25182991
v -0.37119619 -0.12160014 0.22812343
v 0.37119619 -0.12160014 0.22812343
v -0.38517126 -0.12160585 -0.20360262
v 0.38517126 -0.12160585 -0.20360262
v -0.39753740 -0.12161239 0.17820408
v 0.39753740 -0.12161239 0.17820408
v -0.40823734 -0.12161430 -0.15208423
v 0.40823734 -0.12161430 -0.15208423
v -0.41726066 -0.12160511 0.12532575
v 0.41726066 -0.12160511 0.12532575
v -0.42447360 -0.12161549 -0.09801108
v 0.42447360 -0.12161549 -0.09801108
v -0.43012870 -0.12154464 0.07050747
v 0.43012870 -0.12154464 0.07050747
v -0.43349982 -0.12164632 -0.04214020
v 0.43349982 -0.12164632 -0.04214020
v -0.43554562 -0.12158669 0.01282545
v 0.43554562 -0.12158669 0.01282545
v 0.38216575 -0.13824362 0.01099933
v -0.38216575 -0.13824362 0.01099933
v -0.02687750 -0.12705137 0.41734736
v 0.38414950 -0.13715606 -0.03577005
v -0.38414950 -0.13715606 -0.03577005
v 0.37593791 -0.13719782 -0.08612616
v -0.37593791 -0.13719782 -0.08612616
v 0.38137192 -0.13702694 0.06103631
v -0.38137192 -0.13702694 0.06103631
v 0.36963994 -0.13716322 0.11044875
v -0.36963994 -0.13716322 0.11044875
v 0.36157463 -0.13719547 -0.13422604
v -0.36157463 -0.13719547 -0.13422604
v 0.35212564 -0.13718776 0.15741488
v -0.35212564 -0.13718776 0.15741488
v 0.34119236 -0.13716373 -0.18005310
v -0.34119236 -0.13716373 -0.18005310
v 0.32887433 -0.13713521 0.20185046
v -0.32887433 -0.13713521 0.20185046
v 0.31534165 -0.13689131 -0.22375374
v -0.31534165 -0.13689131 -0.22375374
v 0.30086981 -0.13661907 0.24425252
v -0.30086980 -0.13661906 0.24425255
v 0.26635274 -0.14893748 0.22401786
v -0.26635273 -0.14893748 0.22401788
v 0.27967067 -0.14923715 -0.20553388
v -0.27967067 -0.14923715 -0.20553388
v 0.29284460 -0.14927506 0.18605791
v -0.29284460 -0.14927506 0.18605791
v 0.30426039 -0.14929210 -0.16662296
v -0.30426039 -0.14929210 -0.16662296
v 0.31442605 -0.14930398 0.14644941
v -0.31442605 -0.14930398 0.14644941
v 0.32326361 -0.14930696 -0.12571864
v -0.32326361 -0.14930696 -0.12571864
v 0.33078146 -0.14929758 0.10444625
v -0.33078146 -0.14929758 0.10444625
v 0.33683951 -0.14930809 -0.08271137
v -0.33683951 -0.14930809 -0.08271137
v 0.34162724 -0.14927912 0.06047561
v -0.34162724 -0.14927912 0.06047561
v 0.34474350 -0.14931677 -0.03787634
v -0.34474350 -0.14931677 -0.03787634
v 0.34355803 -0.15022434 0.01550827
v -0.34355803 -0.15022434 0.01550827
v -0.06007599 -0.12856646 -0.40896483
v 0.06007599 -0.12856646 -0.40896483
v -0.08581445 -0.12757616 0.40759350
v 0.08628097 -0.12770623 0.40706866
v 0.03239728 -0.12732174 0.41608563
v 0.27143920 -0.13515560 0.28312858
v -0.27143905 -0.13515554 0.28312898
v 0.09851542 -0.13531613 0.37912033
v -0.09813954 -0.13528877 0.37930842
v 0.25370868 -0.13507900 -0.29944225
v -0.25370868 -0.13507900 -0.29944225
v 0.23450303 -0.13518873 0.31427062
v -0.23450156 -0.13518817 0.31427399
v 0.04821407 -0.13511695 0.38937600
v 0.21385585 -0.13512376 -0.32891762
v -0.21385585 -0.13512376 -0.32891762
v 0.19223441 -0.13524354 0.34156383
v -0.19222485 -0.13524020 0.34158149
v 0.28723500 -0.13562889 -0.26485635
v -0.28723500 -0.13562889 -0.26485635
v 0.16973898 -0.13527058 -0.35318639
v -0.16973898 -0.13527058 -0.35318639
v 0.14653355 -0.13526600 0.36344378
v -0.14647621 -0.13525443 0.36350689
v 0.12290367 -0.13547508 -0.37139355
v -0.12290367 -0.13547508 -0.37139355
v 0.07478855 -0.13633823 -0.38116579
v -0.07478855 -0.13633823 -0.38116579
v -0.04618322 -0.13526465 0.38914517
v -0.00373174 -0.13495283 0.39285820
v -0.40998735 -0.12841309 -0.05637847
v 0.40998735 -0.12841309 -0.05637847
v -0.40579073 -0.12829511 0.08315824
v 0.40579073 -0.12829511 0.08315824
v -0.39918632 -0.12840539 -0.10926519
v 0.39918632 -0.12840539 -0.10926519
v -0.39130265 -0.12838930 0.13495761
v 0.39130265 -0.12838930 0.13495761
v -0.38168865 -0.12840009 -0.16005142
v 0.38168865 -0.12840009 -0.16005142
v -0.37052914 -0.12839485 0.18445797
v 0.37052914 -0.12839485 0.18445797
v -0.35785067 -0.12835343 -0.20825328
v 0.35785067 -0.12835343 -0.20825328
v -0.34370346 -0.12831813 0.23105892
v 0.34370346 -0.12831813 0.23105891
v -0.32851514 -0.12806362 -0.25352454
v 0.32851514 -0.12806362 -0.25352454
v -0.31191067 -0.12790159 0.27448151
v 0.31191069 -0.12790160 0.27448146
v -0.29476140 -0.12754884 -0.29442363
v 0.29476140 -0.12754884 -0.29442363
v -0.27569215 -0.12750482 0.31253965
v 0.27569237 -0.12750489 0.31253912
v -0.25537798 -0.12740828 -0.32973837
v 0.25537798 -0.12740828 -0.32973837
v -0.23368127 -0.12751113 0.34505564
v 0.23368330 -0.12751183 0.34505153
v -0.21094632 -0.12748533 -0.35950095
v 0.21094632 -0.12748533 -0.35950095
v -0.18724480 -0.12752797 0.37224278
v 0.18725711 -0.12753182 0.37222278
v -0.16279726 -0.12757239 -0.38341060
v 0.16279726 -0.12757239 -0.38341060
v -0.13757967 -0.12753445 0.39329358
v 0.13765275 -0.12755011 0.39321480
v -0.11209655 -0.12776946 -0.40051837
v 0.11209655 -0.12776946 -0.40051837
v -0.43743546 -0.12078080 0.02780900
v 0.43743546 -0.12078080 0.02780900
v 0.03038087 -0.13371618 -0.39567659
v -0.03038087 -0.13371618 -0.39567659
v 0.23484144 -0.14988438 -0.25273125
v -0.23484144 -0.14988438 -0.25273125
v 0.22512238 -0.15039317 -0.25926912
v -0.22512238 -0.15039317 -0.25926912
v 0.04519537 -0.15005691 0.34146674
v 0.02388350 -0.14443046 0.36169824
v -0.06818801 -0.14452836 0.35569503
v 0.21954554 -0.14441995 -0.28847918
v -0.21954554 -0.14441995 -0.28847918
v 0.06886044 -0.14446784 0.35576314
v -0.08673978 -0.14949936 0.33519123
v 0.18888229 -0.14943517 -0.29041866
v -0.18888229 -0.14943517 -0.29041866
v 0.08690297 -0.14949017 0.33517941
v -0.00297108 -0.14956470 0.34601023
v -0.12954840 -0.14944218 0.32128050
v 0.12957485 -0.14944503 0.32125998
v 0.15013158 -0.14945178 -0.31215880
v -0.15013158 -0.14945178 -0.31215880
v 0.24185141 -0.14961547 -0.24723909
v -0.24185141 -0.14961547 -0.24723909
v -0.17007378 -0.14943229 0.30182911
v 0.17007773 -0.14943367 0.30182180
v -0.11426140 -0.14428433 0.34450005
v 0.17869037 -0.14423806 -0.31609087
v -0.17869037 -0.14423806 -0.31609087
v 0.10864104 -0.14955910 -0.32854444
v -0.10864104 -0.14955910 -0.32854444
v 0.11437938 -0.14429029 0.34444077
v 0.13650269 -0.14434263 -0.33610611
v -0.13650269 -0.14434263 -0.33610611
v -0.04443873 -0.15013670 0.34130806
v -0.15794103 -0.14425957 0.32687647
v 0.15795904 -0.14426414 0.32685149
v -0.20767166 -0.14939245 0.27746516
v 0.20767225 -0.14939276 0.27746351
v 0.19885449 -0.14423315 0.30382889
v -0.19885161 -0.14423193 0.30383547
v -0.23617204 -0.14404760 0.27660498
v 0.23617243 -0.14404779 0.27660388
v -0.24302224 -0.14899015 0.24889847
v 0.24302231 -0.14899019 0.24889825
v 0.06909927 -0.15007503 -0.33738321
v -0.06909927 -0.15007503 -0.33738321
v 0.09269843 -0.14474141 -0.34940119
v -0.09269843 -0.14474141 -0.34940119
v -0.23098745 -0.15001951 0.25567477
v 0.23098756 -0.15001957 0.25567440
v 0.03766446 -0.15123618 -0.33857485
v -0.03766446 -0.15123618 -0.33857485
v 0.17694075 -0.15019673 -0.29500084
v -0.17694075 -0.15019673 -0.29500084
v 0.07380999 -0.15029551 0.33566024
v -0.07359087 -0.15031564 0.33564226
v 0.25613295 -0.15009550 -0.23011487
v -0.25613295 -0.15009550 -0.23011487
v -0.11661358 -0.15021316 0.32357155
v 0.11665192 -0.15021500 0.32355147
v -0.15756641 -0.15020254 0.30576711
v 0.15757211 -0.15020412 0.30575849
v 0.26472091 -0.15100627 -0.21558573
v -0.26472091 -0.15100627 -0.21558573
v -0.19581477 -0.15018385 0.28287544
v 0.19581563 -0.15018427 0.28287321
v 0.13741163 -0.15023120 -0.31523884
v -0.13741163 -0.15023120 -0.31523884
v 0.05140000 -0.15110764 -0.33718034
v -0.05140000 -0.15110764 -0.33718034
v -0.02552011 -0.14499380 0.35977561
v 0.09576117 -0.15037529 -0.32980257
v -0.09576117 -0.15037529 -0.32980257
v -0.01533790 -0.15041097 0.34296664
v -0.25004504 -0.15000711 0.23712797
v 0.25004506 -0.15000712 0.23712788
f 4168 2716 2480
f 3263 3313 405
f 3423 3345 2664
f 3345 3423 2640
f 3312 3262 405
f 4168 2954 3045
f 2747 410 3
f 411 2747 3
f 2749 401 2745
f 2749 403 1
f 403 2749 2745
f 401 2749 1
f 17 2748 2744
f 403 2748 1
f 2748 403 2744
f 2748 17 1
f 2746 844 3
f 2747 409 410
f 3344 3422 2663
f 3422 3344 2639
f 410 2746 3
f 409 2746 410
f 3877 2480 2716
f 2745 404 403
f 3421 3343 2662
f 3314 406 407
f 404 2744 403
f 3343 3421 2638
f 406 3314 2717
f 3679 3052 3539
f 3342 3420 2661
f 3420 3342 2637
f 4167 2715 2479
f 3419 3349 2660
f 3315 406 2718
f 3349 3419 2636
f 406 3315 407
f 3313 406 405
f 3045 4181 4168
f 406 3312 405
f 3348 3418 2659
f 3418 3348 2635
f 3875 2479 2715
f 3417 3347 2658
f 3347 3417 2634
f 2962 3539 3052
f 3346 3416 2657
f 3416 3346 2633
f 4308 3745 4066
f 3415 3357 2656
f 3357 3415 2632
f 4066 3164 4332
f 3356 3414 2655
f 3414 3356 2631
f 3164 4066 3745
f 3413 3355 2654
f 3355 3413 2630
f 3313 2718 406
f 314 4308 4066
f 2717 3312 406
f 3354 3412 2653
f 3412 3354 2629
f 3744 4306 4065
f 3411 3365 2652
f 3365 3411 2628
f 3163 4065 4331
f 3364 3410 2651
f 3410 3364 2627
f 4065 3163 3744
f 3409 3363 2650
f 3363 3409 2626
f 4306 299 4065
f 3362 3408 2649
f 3408 3362 2625
f 4307 3743 4064
f 2637 3311 3168
f 3407 3361 2648
f 3361 3407 2624
f 4064 3162 4330
f 3310 2638 3167
f 3360 3406 2647
f 3406 3360 2623
f 3162 4064 3743
f 2639 3309 3166
f 3405 3359 2646
f 3359 3405 2622
f 120 4307 4064
f 3308 2640 3165
f 3358 3404 2645
f 3404 3358 2621
f 3742 4305 4063
f 2633 3307 3172
f 3403 3353 2644
f 3353 3403 2620
f 3161 4063 4329
f 3306 2634 3171
f 4181 2716 4168
f 3402 3352 2619
f 4063 3161 3742
f 2635 3305 3170
f 3401 3351 2642
f 3351 3401 2618
f 4305 105 4063
f 3304 2636 3169
f 4167 2953 3043
f 3400 3350 2617
f 2668 4241 4062
f 2629 3303 3176
f 2714 4241 2668
f 2668 4014 2714
f 4240 2665 4059
f 3302 2630 3175
f 4240 2713 2665
f 4013 2665 2713
f 4312 3737 4070
f 2631 3301 3174
f 4253 2644 2692
f 4018 2692 2644
f 2691 4252 4012
f 3300 2632 3173
f 2643 4252 2691
f 4070 3160 4336
f 3160 4070 3737
f 2625 3299 3180
f 4251 2642 2690
f 4016 2690 2642
f 2689 4250 4011
f 3298 2626 3179
f 2641 4250 2689
f 330 4312 4070
f 3736 4311 4069
f 2627 3297 3178
f 4249 2648 2696
f 4022 2696 2648
f 3159 4069 4335
f 3296 2628 3177
f 2647 4248 2695
f 2695 4021 2647
f 4069 3159 3736
f 2621 3295 3184
f 4247 2646 2694
f 4020 2694 2646
f 4311 284 4069
f 3294 2622 3183
f 2645 4246 2693
f 2693 4019 2645
f 4310 3735 4068
f 2623 3293 3182
f 4245 2652 2700
f 4026 2700 2652
f 4068 3158 4334
f 3292 2624 3181
f 2651 4244 2699
f 2699 4025 2651
f 3158 4068 3735
f 2617 3291 3188
f 4243 2650 2698
f 4024 2698 2650
f 135 4310 4068
f 3290 2618 3187
f 2649 4242 2697
f 2697 4023 2649
f 3734 4309 4067
f 2619 3289 3186
f 4239 2656 2704
f 4030 2704 2656
f 3157 4067 4333
f 3288 2620 3185
f 2655 4238 2703
f 2703 4029 2655
f 4067 3157 3734
f 4237 2654 2702
f 4028 2702 2654
f 4309 90 4067
f 2653 4236 2701
f 2701 4027 2653
f 4316 3725 4074
f 4235 2660 2708
f 4034 2708 2660
f 4074 3156 4340
f 2659 4234 2707
f 2707 4033 2659
f 3156 4074 3725
f 4233 2658 2706
f 4032 2706 2658
f 346 4316 4074
f 2657 4232 2705
f 2705 4031 2657
f 3724 4315 4073
f 4231 2664 2712
f 4038 2712 2664
f 3155 4073 4339
f 2663 4230 2711
f 2711 4037 2663
f 4073 3155 3724
f 4229 2662 2710
f 4036 2710 2662
f 4315 268 4073
f 2661 4228 2709
f 2709 4035 2661
f 2592 4178 4010
f 4314 3723 4072
f 4178 2592 2547
f 2592 3956 2547
f 4177 2591 4009
f 4072 3154 4338
f 2591 4177 2546
f 3955 2591 2546
f 4172 2590 4008
f 3154 4072 3723
f 2590 4172 2544
f 3950 2590 2544
f 2589 4171 4007
f 151 4314 4072
f 4171 2589 2543
f 2589 3949 2543
f 4170 2588 4006
f 3722 4313 4071
f 2588 4170 2542
f 3948 2588 2542
f 2587 4169 4005
f 3153 4071 4337
f 4169 2587 2541
f 2587 3947 2541
f 4162 2586 4000
f 4071 3153 3722
f 2586 4162 2540
f 3942 2586 2540
f 2585 4161 3999
f 4313 74 4071
f 4161 2585 2539
f 2585 3941 2539
f 4160 2584 3998
f 4320 3717 4078
f 2584 4160 2538
f 3940 2584 2538
f 2583 4159 3997
f 4078 3152 4344
f 4159 2583 2537
f 2583 3939 2537
f 4150 2582 3992
f 3152 4078 3717
f 2582 4150 2536
f 3934 2582 2536
f 2581 4149 3991
f 361 4320 4078
f 4149 2581 2535
f 2581 3933 2535
f 4148 2580 3990
f 3716 4319 4077
f 2580 4148 2534
f 3932 2580 2534
f 2579 4147 3989
f 3151 4077 4343
f 4147 2579 2533
f 2579 3931 2533
f 4138 2578 3984
f 4077 3151 3716
f 2578 4138 2532
f 3926 2578 2532
f 2577 4137 3983
f 4319 252 4077
f 4137 2577 2531
f 2577 3925 2531
f 4136 2576 3982
f 4318 3715 4076
f 2576 4136 2530
f 3924 2576 2530
f 2575 4135 3981
f 4076 3150 4342
f 4135 2575 2529
f 2575 3923 2529
f 4126 2574 3976
f 3150 4076 3715
f 2574 4126 2528
f 3920 2574 2528
f 2573 4125 3975
f 167 4318 4076
f 4125 2573 2527
f 2573 3919 2527
f 4124 2572 3974
f 3714 4317 4075
f 2572 4124 2526
f 3918 2572 2526
f 2571 4123 3973
f 3149 4075 4341
f 4123 2571 2525
f 2571 3917 2525
f 2691 4181 4003
f 4075 3149 3714
f 2716 4181 2691
f 3967 2716 2691
f 2689 4179 4001
f 4317 58 4075
f 2715 4179 2689
f 3965 2715 2689
f 4324 3705 4082
f 2524 4182 3912
f 4182 2524 2570
f 2524 3968 2570
f 4082 3148 4348
f 2523 4180 3911
f 4180 2523 2569
f 2523 3966 2569
f 3148 4082 3705
f 2522 4176 3906
f 4176 2522 2568
f 2522 3960 2568
f 378 4324 4082
f 4175 2521 3905
f 2521 4175 2567
f 3959 2521 2567
f 3704 4323 4081
f 2520 4174 3904
f 4174 2520 2566
f 2520 3958 2566
f 3147 4081 4347
f 4173 2519 3903
f 2519 4173 2565
f 3957 2519 2565
f 4081 3147 3704
f 2518 4166 3898
f 4166 2518 2564
f 2518 3954 2564
f 4323 235 4081
f 4165 2517 3897
f 2517 4165 2563
f 3953 2517 2563
f 4322 3703 4080
f 2516 4164 3896
f 4164 2516 2562
f 2516 3952 2562
f 4080 3146 4346
f 4163 2515 3895
f 2515 4163 2561
f 3951 2515 2561
f 3146 4080 3703
f 2514 4154 3890
f 4154 2514 2560
f 2514 3946 2560
f 184 4322 4080
f 4153 2513 3889
f 2513 4153 2559
f 3945 2513 2559
f 3702 4321 4079
f 2512 4152 3888
f 4152 2512 2558
f 2512 3944 2558
f 3145 4079 4345
f 4151 2511 3887
f 2511 4151 2557
f 3943 2511 2557
f 4079 3145 3702
f 2510 4142 3882
f 4142 2510 2556
f 2510 3938 2556
f 4321 41 4079
f 4141 2509 3881
f 2509 4141 2555
f 3937 2509 2555
f 4328 3693 4086
f 2508 4140 3880
f 4140 2508 2554
f 2508 3936 2554
f 4086 3144 4350
f 4139 2507 3879
f 2507 4139 2553
f 3935 2507 2553
f 3144 4086 3693
f 2506 4130 3874
f 4130 2506 2552
f 2506 3930 2552
f 394 4328 4086
f 4129 2505 3873
f 2505 4129 2551
f 3929 2505 2551
f 3692 4327 4085
f 2504 4128 3872
f 4128 2504 2550
f 2504 3928 2550
f 3143 4085 4351
f 4127 2503 3871
f 2503 4127 2549
f 3927 2503 2549
f 4085 3143 3692
f 4117 2502 3865
f 2502 4117 2546
f 3921 2502 2546
f 4327 219 4085
f 2501 4118 3866
f 4118 2501 2547
f 2501 3922 2547
f 4326 3691 4084
f 4116 2500 3860
f 4116 2544 2500
f 3916 2500 2544
f 4084 3142 4352
f 2499 4115 3859
f 2543 4115 2499
f 2499 3915 2543
f 3142 4084 3691
f 4114 2498 3858
f 4114 2542 2498
f 3914 2498 2542
f 199 4326 4084
f 2497 4113 3857
f 2541 4113 2497
f 2497 3913 2541
f 3690 4325 4083
f 4122 2496 3852
f 4122 2540 2496
f 3910 2496 2540
f 3141 4083 4349
f 2495 4121 3851
f 2539 4121 2495
f 2495 3909 2539
f 4083 3141 3690
f 4120 2494 3850
f 4120 2538 2494
f 3908 2494 2538
f 4325 25 4083
f 2493 4119 3849
f 2537 4119 2493
f 2493 3907 2537
f 3299 4268 3587
f 4134 2492 3844
f 4134 2536 2492
f 3902 2492 2536
f 3052 3920 2962
f 2491 4133 3843
f 2535 4133 2491
f 2491 3901 2535
f 3587 3180 3299
f 4132 2490 3842
f 4132 2534 2490
f 3900 2490 2534
f 4268 474 3587
f 2489 4131 3841
f 2533 4131 2489
f 2489 3899 2533
f 4267 3298 3586
f 4146 2488 3836
f 4146 2532 2488
f 3894 2488 2532
f 3051 3678 3538
f 2487 4145 3835
f 2531 4145 2487
f 2487 3893 2531
f 3179 3586 3298
f 4144 2486 3834
f 4144 2530 2486
f 3892 2486 2530
f 564 4267 3586
f 2485 4143 3833
f 2529 4143 2485
f 2485 3891 2529
f 3297 4266 3585
f 4158 2484 3830
f 4158 2528 2484
f 3886 2484 2528
f 3538 2961 3051
f 2483 4157 3829
f 2527 4157 2483
f 2483 3885 2527
f 3585 3178 3297
f 4156 2482 3828
f 4156 2526 2482
f 3884 2482 2526
f 4266 692 3585
f 2481 4155 3827
f 2525 4155 2481
f 2481 3883 2525
f 4265 3296 3584
f 4168 2480 3822
f 3919 3051 2961
f 3177 3584 3296
f 782 4265 3584
f 4167 2479 3821
f 3303 4272 3597
f 3677 3050 3537
f 3263 2745 3399
f 404 2745 3263
f 3263 405 404
f 2744 3262 3398
f 2744 404 3262
f 405 3262 404
f 4260 3291 3427
f 508 4260 3427
f 4260 508 510
f 3290 4259 3426
f 4259 529 3426
f 529 4259 527
f 4258 3289 3425
f 726 4258 3425
f 4258 726 727
f 3288 4257 3424
f 4257 747 3424
f 747 4257 745
f 4264 3295 3431
f 490 4264 3431
f 4264 490 492
f 3294 4263 3430
f 4263 547 3430
f 547 4263 545
f 4262 3293 3429
f 708 4262 3429
f 4262 708 710
f 3292 4261 3428
f 4261 766 3428
f 766 4261 763
f 4268 3299 3435
f 471 4268 3435
f 4268 471 474
f 3298 4267 3434
f 4267 565 3434
f 565 4267 564
f 4266 3297 3433
f 689 4266 3433
f 4266 689 692
f 3296 4265 3432
f 4265 784 3432
f 784 4265 782
f 4272 3303 3439
f 454 4272 3439
f 4272 454 456
f 3302 4271 3438
f 4271 584 3438
f 584 4271 582
f 4270 3301 3437
f 672 4270 3437
f 4270 672 673
f 3300 4269 3436
f 4269 801 3436
f 801 4269 799
f 4276 3307 3443
f 435 4276 3443
f 4276 435 437
f 3306 4275 3442
f 4275 602 3442
f 602 4275 599
f 4274 3305 3441
f 653 4274 3441
f 4274 653 655
f 3304 4273 3440
f 4273 820 3440
f 820 4273 818
f 4280 3311 3447
f 417 4280 3447
f 4280 417 419
f 3310 4279 3446
f 4279 619 3446
f 619 4279 618
f 4278 3309 3445
f 635 4278 3445
f 4278 635 637
f 3308 4277 3444
f 4277 837 3444
f 837 4277 836
f 3597 3176 3303
f 4272 456 3597
f 4271 3302 3596
f 2960 3537 3050
f 2743 2751 408
f 2751 3314 407
f 2751 407 408
f 2750 2742 408
f 3315 2750 407
f 407 2750 408
f 3175 3596 3302
f 582 4271 3596
f 3321 2616 3345
f 3301 4270 3595
f 3050 3918 2960
f 3595 3174 3301
f 2615 3320 3344
f 4270 673 3595
f 4269 3300 3594
f 3049 3676 3536
f 3319 2614 3343
f 3173 3594 3300
f 799 4269 3594
f 3307 4276 3605
f 2613 3318 3342
f 3536 2959 3049
f 3605 3172 3307
f 4276 437 3605
f 3325 2612 3349
f 4275 3306 3604
f 3917 3049 2959
f 3171 3604 3306
f 2611 3324 3348
f 599 4275 3604
f 3305 4274 3603
f 3687 3060 3547
f 3323 2610 3347
f 3603 3170 3305
f 4274 655 3603
f 4273 3304 3602
f 2609 3322 3346
f 2970 3547 3060
f 3169 3602 3304
f 818 4273 3602
f 3329 2608 3357
f 4279 3310 3616
f 3060 3926 2970
f 3167 3616 3310
f 2607 3328 3356
f 618 4279 3616
f 3309 4278 3615
f 3059 3686 3546
f 3327 2606 3355
f 3615 3166 3309
f 4278 637 3615
f 3311 4280 3617
f 2605 3326 3354
f 3546 2969 3059
f 3617 3168 3311
f 4280 419 3617
f 3333 2604 3365
f 4277 3308 3614
f 3925 3059 2969
f 3165 3614 3308
f 2603 3332 3364
f 836 4277 3614
f 3125 4239 4194
f 2820 4194 3069
f 3331 2602 3363
f 4194 2820 3125
f 4239 2704 4194
f 4238 3126 4193
f 2601 3330 3362
f 4193 2821 3070
f 2821 4193 3126
f 2703 4238 4193
f 3337 2600 3361
f 3127 4237 4192
f 2822 4192 3071
f 4192 2822 3127
f 2599 3336 3360
f 4237 2702 4192
f 4236 3128 4191
f 4191 2823 3072
f 3335 2598 3359
f 2823 4191 3128
f 2701 4236 4191
f 3129 4245 4198
f 2597 3334 3358
f 2816 4198 3077
f 4198 2816 3129
f 4245 2700 4198
f 3341 2596 3353
f 4244 3130 4197
f 4197 2817 3078
f 2817 4197 3130
f 2595 3340 3352
f 2699 4244 4197
f 3131 4243 4196
f 2818 4196 3079
f 3339 2594 3351
f 4196 2818 3131
f 4243 2698 4196
f 4242 3132 4195
f 2593 3338 3350
f 4195 2819 3080
f 2819 4195 3132
f 2697 4242 4195
f 3133 4249 4203
f 2812 4203 3085
f 4203 2812 3133
f 4249 2696 4203
f 4248 3134 4202
f 4202 2813 3086
f 2813 4202 3134
f 2695 4248 4202
f 3135 4247 4201
f 2814 4201 3087
f 4201 2814 3135
f 4247 2694 4201
f 4246 3136 4200
f 4200 2815 3088
f 2815 4200 3136
f 2693 4246 4200
f 3137 4253 4209
f 2808 4209 3091
f 4209 2808 3137
f 4253 2692 4209
f 3139 4251 4208
f 2810 4208 3092
f 4208 2810 3139
f 4251 2690 4208
f 3117 4231 4186
f 2828 4186 3053
f 4186 2828 3117
f 4231 2712 4186
f 4230 3118 4185
f 4185 2829 3054
f 2829 4185 3118
f 2711 4230 4185
f 3119 4229 4184
f 2830 4184 3055
f 4184 2830 3119
f 4229 2710 4184
f 4228 3120 4183
f 4183 2831 3056
f 2831 4183 3120
f 2709 4228 4183
f 3121 4235 4190
f 2824 4190 3061
f 4190 2824 3121
f 4235 2708 4190
f 4234 3122 4189
f 4189 2825 3062
f 2825 4189 3122
f 2707 4234 4189
f 3123 4233 4188
f 2826 4188 3063
f 4188 2826 3123
f 4233 2706 4188
f 4232 3124 4187
f 4187 2827 3064
f 2827 4187 3124
f 2705 4232 4187
f 4086 4350 2787
f 2787 4090 4086
f 2787 4350 2755
f 4351 4085 2786
f 4089 2786 4085
f 4351 2786 2754
f 4084 4352 2785
f 2785 4088 4084
f 2785 4352 2753
f 4349 4083 2784
f 4087 2784 4083
f 4349 2784 2752
f 4082 4348 2791
f 2791 4094 4082
f 2791 4348 2759
f 4347 4081 2790
f 4093 2790 4081
f 4347 2790 2758
f 4080 4346 2789
f 2789 4092 4080
f 2789 4346 2757
f 4345 4079 2788
f 4091 2788 4079
f 4345 2788 2756
f 4078 4344 2795
f 2795 4098 4078
f 2795 4344 2763
f 4343 4077 2794
f 4097 2794 4077
f 4343 2794 2762
f 4076 4342 2793
f 2793 4096 4076
f 2793 4342 2761
f 4341 4075 2792
f 4095 2792 4075
f 4341 2792 2760
f 4074 4340 2799
f 2799 4102 4074
f 2750 3315 2548
f 3315 2718 2548
f 3314 2751 2545
f 2717 3314 2545
f 3313 3263 3002
f 2718 3313 3002
f 3262 3312 2999
f 3312 2717 2999
f 3212 2755 4062
f 2787 2755 3212
f 2755 2616 4062
f 2754 3211 4061
f 2754 2786 3211
f 2615 2754 4061
f 3210 2753 4060
f 2785 2753 3210
f 2753 2614 4060
f 2752 3209 4059
f 2752 2784 3209
f 2613 2752 4059
f 3220 2759 4058
f 2791 2759 3220
f 2759 2612 4058
f 2758 3219 4057
f 2758 2790 3219
f 2611 2758 4057
f 3218 2757 4056
f 2789 2757 3218
f 2757 2610 4056
f 2756 3217 4055
f 2756 2788 3217
f 2609 2756 4055
f 3224 2763 4054
f 2795 2763 3224
f 2763 2608 4054
f 2762 3223 4053
f 2762 2794 3223
f 2607 2762 4053
f 3222 2761 4052
f 2793 2761 3222
f 2761 2606 4052
f 2760 3221 4051
f 2760 2792 3221
f 2605 2760 4051
f 3228 2767 4050
f 2799 2767 3228
f 2767 2604 4050
f 2766 3227 4049
f 2766 2798 3227
f 2603 2766 4049
f 3226 2765 4048
f 2797 2765 3226
f 2765 2602 4048
f 2764 3225 4047
f 2764 2796 3225
f 2601 2764 4047
f 3232 2771 4046
f 2803 2771 3232
f 2771 2600 4046
f 2770 3231 4045
f 2770 2802 3231
f 2599 2770 4045
f 3230 2769 4044
f 2801 2769 3230
f 2769 2598 4044
f 2768 3229 4043
f 2768 2800 3229
f 2597 2768 4043
f 3236 2775 4042
f 2807 2775 3236
f 2775 2596 4042
f 2774 3235 4041
f 2774 2806 3235
f 2595 2774 4041
f 3234 2773 4040
f 2805 2773 3234
f 2773 2594 4040
f 2772 3233 4039
f 2772 2804 3233
f 2593 2772 4039
f 3975 3214 3340
f 3212 4062 3238
f 3238 4241 3317
f 4241 3238 4062
f 2687 3975 3340
f 4059 3209 3237
f 4240 3237 3316
f 3237 4240 4059
f 2799 4340 2767
f 4339 4073 2798
f 4101 2798 4073
f 4339 2798 2766
f 3975 2687 2573
f 3973 3216 3338
f 3663 3216 2855
f 3973 2855 3216
f 2685 3973 3338
f 3973 2685 2571
f 3215 3662 2854
f 2854 3974 3215
f 4010 3190 3320
f 2667 4010 3320
f 3661 3214 2853
f 3975 2853 3214
f 4010 2667 2592
f 3205 3984 3337
f 3213 3660 2852
f 2852 3976 3213
f 3984 2684 3337
f 2684 3984 2578
f 3667 3208 2851
f 3981 2851 3208
f 3983 3206 3336
f 2683 3983 3336
f 3207 3666 2850
f 2850 3982 3207
f 3983 2683 2577
f 3207 3982 3335
f 3665 3206 2849
f 3983 2849 3206
f 3982 2682 3335
f 2682 3982 2576
f 3205 3664 2848
f 2848 3984 3205
f 3193 4008 3325
f 4008 2672 3325
f 3671 3204 2847
f 3989 2847 3204
f 2672 4008 2590
f 4005 3196 3322
f 3203 3670 2846
f 2846 3990 3203
f 2669 4005 3322
f 4005 2669 2587
f 3669 3202 2845
f 3991 2845 3202
f 3195 4006 3323
f 4006 2670 3323
f 3201 3668 2844
f 2844 3992 3201
f 2670 4006 2588
f 4007 3194 3324
f 3675 3200 2843
f 3997 2843 3200
f 2671 4007 3324
f 4007 2671 2589
f 3199 3674 2842
f 2842 3998 3199
f 3197 4000 3329
f 4000 2676 3329
f 3673 3198 2841
f 3999 2841 3198
f 2676 4000 2586
f 3999 3198 3328
f 3197 3672 2840
f 2840 4000 3197
f 2675 3999 3328
f 3999 2675 2585
f 3683 3196 2839
f 4005 2839 3196
f 3199 3998 3327
f 3998 2674 3327
f 3195 3682 2838
f 2838 4006 3195
f 2674 3998 2584
f 3997 3200 3326
f 3681 3194 2837
f 4007 2837 3194
f 2673 3997 3326
f 3997 2673 2583
f 3193 3680 2836
f 2836 4008 3193
f 3191 4254 3319
f 4254 3191 4009
f 3191 3689 2834
f 2834 4009 3191
f 3981 3208 3334
f 2681 3981 3334
f 3688 3190 2833
f 4010 2833 3190
f 4013 3192 3318
f 3755 3192 2835
f 4013 2835 3192
f 3189 4014 3321
f 3189 3754 2832
f 2832 4014 3189
f 3427 3287 3216
f 3338 3216 3287
f 4072 4338 2797
f 3286 3426 3215
f 3215 3339 3286
f 2797 4100 4072
f 3425 3285 3214
f 3340 3214 3285
f 2797 4338 2765
f 3284 3424 3213
f 3213 3341 3284
f 4337 4071 2796
f 3431 3283 3208
f 3334 3208 3283
f 4099 2796 4071
f 3282 3430 3207
f 3207 3335 3282
f 4337 2796 2764
f 3429 3281 3206
f 3336 3206 3281
f 4070 4336 2803
f 3280 3428 3205
f 3205 3337 3280
f 2803 4106 4070
f 3435 3279 3204
f 3330 3204 3279
f 2803 4336 2771
f 3278 3434 3203
f 3203 3331 3278
f 4335 4069 2802
f 3433 3277 3202
f 3332 3202 3277
f 4105 2802 4069
f 3276 3432 3201
f 3201 3333 3276
f 4335 2802 2770
f 3439 3275 3200
f 3326 3200 3275
f 4068 4334 2801
f 3274 3438 3199
f 3199 3327 3274
f 2801 4104 4068
f 3437 3273 3198
f 3328 3198 3273
f 2801 4334 2769
f 3272 3436 3197
f 3197 3329 3272
f 4333 4067 2800
f 3443 3271 3196
f 3322 3196 3271
f 4103 2800 4067
f 3270 3442 3195
f 3195 3323 3270
f 4333 2800 2768
f 3441 3269 3194
f 3324 3194 3269
f 4066 4332 2807
f 3268 3440 3193
f 3193 3325 3268
f 2807 4110 4066
f 3447 3267 3192
f 3318 3192 3267
f 2807 4332 2775
f 3266 3446 3191
f 3191 3319 3266
f 4331 4065 2806
f 3445 3265 3190
f 3320 3190 3265
f 4109 2806 4065
f 3264 3444 3189
f 3189 3321 3264
f 4331 2806 2774
f 3267 3447 3311
f 3446 3266 3310
f 3265 3445 3309
f 3444 3264 3308
f 3271 3443 3307
f 3442 3270 3306
f 3269 3441 3305
f 3440 3268 3304
f 3275 3439 3303
f 3438 3274 3302
f 3273 3437 3301
f 3436 3272 3300
f 3279 3435 3299
f 3434 3278 3298
f 3277 3433 3297
f 3432 3276 3296
f 3283 3431 3295
f 3430 3282 3294
f 3281 3429 3293
f 3428 3280 3292
f 3287 3427 3291
f 3426 3286 3290
f 3285 3425 3289
f 3424 3284 3288
f 2946 3831 3832
f 4064 4330 2805
f 2805 4108 4064
f 2805 4330 2773
f 2941 3823 3837
f 4329 4063 2804
f 4107 2804 4063
f 4329 2804 2772
f 3824 2940 3838
f 3353 2620 3341
f 2620 3284 3341
f 2619 3352 3340
f 2939 3825 3839
f 3285 2619 3340
f 3351 2618 3339
f 2618 3286 3339
f 3826 2938 3840
f 2617 3350 3338
f 3287 2617 3338
f 3361 2624 3337
f 2933 3817 3845
f 2624 3280 3337
f 2623 3360 3336
f 3281 2623 3336
f 3818 2932 3846
f 3359 2622 3335
f 2622 3282 3335
f 2621 3358 3334
f 2931 3819 3847
f 3283 2621 3334
f 3365 2628 3333
f 2628 3276 3333
f 3820 2930 3848
f 2627 3364 3332
f 3277 2627 3332
f 3363 2626 3331
f 2925 3813 3853
f 2626 3278 3331
f 2625 3362 3330
f 3279 2625 3330
f 3814 2924 3854
f 3357 2632 3329
f 2632 3272 3329
f 2631 3356 3328
f 2923 3815 3855
f 3273 2631 3328
f 3355 2630 3327
f 2630 3274 3327
f 3816 2922 3856
f 2629 3354 3326
f 3275 2629 3326
f 3349 2636 3325
f 2917 3809 3861
f 2636 3268 3325
f 2635 3348 3324
f 3269 2635 3324
f 3810 2916 3862
f 3347 2634 3323
f 2634 3270 3323
f 2633 3346 3322
f 2915 3811 3863
f 3271 2633 3322
f 3343 2638 3319
f 2638 3266 3319
f 3812 2914 3864
f 2639 3344 3320
f 3265 2639 3320
f 3397 4350 3144
f 2911 3804 3867
f 4349 3394 3141
f 3395 4352 3142
f 4351 3396 3143
f 3805 2910 3868
f 3393 4348 3148
f 4347 3392 3147
f 3391 4346 3146
f 2909 3806 3869
f 4345 3390 3145
f 3389 4344 3152
f 4343 3388 3151
f 3807 2908 3870
f 3387 4342 3150
f 4341 3386 3149
f 3385 4340 3156
f 3798 2902 3876
f 4339 3384 3155
f 3383 4338 3154
f 4337 3382 3153
f 3799 2900 3878
f 3381 4336 3160
f 4335 3380 3159
f 3379 4334 3158
f 4333 3378 3157
f 3377 4332 3164
f 4331 3376 3163
f 3375 4330 3162
f 4329 3374 3161
f 3345 2640 3321
f 4256 2858 2750
f 2640 3264 3321
f 2548 4256 2750
f 2861 4255 2751
f 2637 3342 3318
f 4255 2545 2751
f 3267 2637 3318
f 3920 3052 4042
f 2574 3920 4042
f 3051 3919 4041
f 3981 2681 2575
f 3002 3399 3238
f 3238 3317 3002
f 3213 3976 3341
f 3398 2999 3237
f 3316 3237 2999
f 3919 2573 4041
f 3918 3050 4040
f 2572 3918 4040
f 3049 3917 4039
f 3917 2571 4039
f 3926 3060 4046
f 2578 3926 4046
f 3059 3925 4045
f 3925 2577 4045
f 3924 3058 4044
f 2576 3924 4044
f 3057 3923 4043
f 3923 2575 4043
f 3934 3068 4050
f 2582 3934 4050
f 3067 3933 4049
f 3933 2581 4049
f 3932 3066 4048
f 2580 3932 4048
f 3065 3931 4047
f 3931 2579 4047
f 3942 3076 4054
f 2586 3942 4054
f 3075 3941 4053
f 3941 2585 4053
f 3940 3074 4052
f 2584 3940 4052
f 3073 3939 4051
f 3939 2583 4051
f 3950 3084 4058
f 2590 3950 4058
f 3083 3949 4057
f 3949 2589 4057
f 3948 3082 4056
f 2588 3948 4056
f 3081 3947 4055
f 3947 2587 4055
f 3755 2835 4112
f 4112 2835 2861
f 414 3755 4112
f 414 4112 411
f 2832 3754 4111
f 2832 4111 2858
f 3754 842 4111
f 4111 842 844
f 4255 2835 4013
f 4255 2861 2835
f 2832 4256 4014
f 3685 3058 3545
f 2968 3545 3058
f 3058 3924 2968
f 3057 3684 3544
f 3544 2967 3057
f 3923 3057 2967
f 3697 3068 3555
f 2978 3555 3068
f 3068 3934 2978
f 3067 3696 3554
f 3554 2977 3067
f 3933 3067 2977
f 3695 3066 3553
f 2976 3553 3066
f 3066 3932 2976
f 3065 3694 3552
f 3552 2975 3065
f 3931 3065 2975
f 3709 3076 3567
f 2986 3567 3076
f 3076 3942 2986
f 3075 3708 3566
f 3566 2985 3075
f 3941 3075 2985
f 3707 3074 3565
f 2984 3565 3074
f 3074 3940 2984
f 3073 3706 3564
f 3564 2983 3073
f 3939 3073 2983
f 3721 3084 3579
f 2994 3579 3084
f 3084 3950 2994
f 3083 3720 3578
f 3578 2993 3083
f 3949 3083 2993
f 3719 3082 3577
f 2992 3577 3082
f 3082 3948 2992
f 3081 3718 3576
f 3576 2991 3081
f 3947 3081 2991
f 3877 2716 3967
f 2996 3877 3967
f 3875 2715 3965
f 2998 3875 3965
f 3090 3732 3589
f 3589 3001 3090
f 2783 3575 3749
f 3404 2783 3136
f 3749 3136 2783
f 3574 2782 3748
f 2782 3405 3135
f 3135 3748 2782
f 2781 3573 3747
f 3406 2781 3134
f 3747 3134 2781
f 3572 2780 3746
f 2780 3407 3133
f 3133 3746 2780
f 2779 3563 3753
f 3400 2779 3140
f 3753 3140 2779
f 3562 2778 3752
f 2778 3401 3139
f 3139 3752 2778
f 2777 3561 3751
f 3402 2777 3138
f 3751 3138 2777
f 3560 2776 3750
f 2776 3403 3137
f 3137 3750 2776
f 3534 2954 2952
f 3822 2952 2954
f 3532 2953 2951
f 3821 2951 2953
f 3539 2962 2950
f 3830 2950 2962
f 2961 3538 2949
f 2949 3829 2961
f 3537 2960 2948
f 3828 2948 2960
f 2959 3536 2947
f 2947 3827 2959
f 3547 2970 2945
f 3836 2945 2970
f 2969 3546 2944
f 2944 3835 2969
f 3545 2968 2943
f 3834 2943 2968
f 2967 3544 2942
f 2942 3833 2967
f 3555 2978 2937
f 3844 2937 2978
f 2977 3554 2936
f 2936 3843 2977
f 3553 2976 2935
f 3842 2935 2976
f 2975 3552 2934
f 2934 3841 2975
f 3567 2986 2929
f 3852 2929 2986
f 2985 3566 2928
f 2928 3851 2985
f 3565 2984 2927
f 3850 2927 2984
f 2983 3564 2926
f 2926 3849 2983
f 3579 2994 2921
f 3860 2921 2994
f 2993 3578 2920
f 2920 3859 2993
f 3577 2992 2919
f 3858 2919 2992
f 2991 3576 2918
f 2918 3857 2991
f 3001 3589 2913
f 2913 3866 3001
f 3588 3000 2912
f 3865 2912 3000
f 3010 3601 2907
f 2907 3874 3010
f 3600 3009 2906
f 3873 2906 3009
f 3008 3599 2905
f 2905 3872 3008
f 3598 3007 2904
f 3871 2904 3007
f 3018 3613 2899
f 2899 3882 3018
f 3612 3017 2898
f 3881 2898 3017
f 3016 3611 2897
f 2897 3880 3016
f 3610 3015 2896
f 3879 2896 3015
f 3022 3623 2891
f 2891 3890 3022
f 3622 3021 2890
f 3889 2890 3021
f 3020 3621 2889
f 2889 3888 3020
f 3620 3019 2888
f 3887 2888 3019
f 3030 3631 2883
f 2883 3898 3030
f 3630 3029 2882
f 3897 2882 3029
f 3028 3629 2881
f 2881 3896 3028
f 3628 3027 2880
f 3895 2880 3027
f 3038 3639 2875
f 2875 3906 3038
f 3638 3037 2874
f 3905 2874 3037
f 3036 3637 2873
f 2873 3904 3036
f 3636 3035 2872
f 3903 2872 3035
f 3046 3647 2867
f 2867 3912 3046
f 3646 3045 2954
f 3043 4179 4167
f 3044 3645 2866
f 2866 3911 3044
f 3646 2954 3534
f 3644 3043 2953
f 3956 3090 3001
f 3731 3089 3588
f 3000 3588 3089
f 3089 3955 3000
f 2860 3499 2946
f 2946 3832 2860
f 3921 2860 3832
f 3487 2871 2933
f 3817 2933 2871
f 2871 3907 3817
f 2870 3486 2932
f 2932 3818 2870
f 3908 2870 3818
f 3485 2869 2931
f 3819 2931 2869
f 2869 3909 3819
f 2868 3484 2930
f 2930 3820 2868
f 3910 2868 3820
f 3493 2865 2941
f 3823 2941 2865
f 2865 3913 3823
f 2864 3492 2940
f 2940 3824 2864
f 3914 2864 3824
f 3491 2863 2939
f 3825 2939 2863
f 2863 3915 3825
f 2862 3490 2938
f 2938 3826 2862
f 3916 2862 3826
f 3463 2895 2911
f 3804 2911 2895
f 2895 3883 3804
f 2894 3462 2910
f 2910 3805 2894
f 3884 2894 3805
f 3461 2893 2909
f 3806 2909 2893
f 2893 3885 3806
f 2892 3460 2908
f 2908 3807 2892
f 3886 2892 3807
f 3471 2887 2917
f 2858 4256 2832
f 3261 4199 3866
f 4199 2501 3866
f 2501 4199 2741
f 3096 3693 3601
f 3601 3010 3096
f 3964 3096 3010
f 3692 3095 3600
f 3009 3600 3095
f 3095 3963 3009
f 3094 3691 3599
f 3599 3008 3094
f 3962 3094 3008
f 3690 3093 3598
f 3007 3598 3093
f 3093 3961 3007
f 3100 3705 3613
f 3613 3018 3100
f 3972 3100 3018
f 3704 3099 3612
f 3017 3612 3099
f 3099 3971 3017
f 3098 3703 3611
f 3611 3016 3098
f 3970 3098 3016
f 3702 3097 3610
f 3015 3610 3097
f 3097 3969 3015
f 3104 3717 3623
f 3623 3022 3104
f 3980 3104 3022
f 3716 3103 3622
f 3021 3622 3103
f 3103 3979 3021
f 3102 3715 3621
f 3621 3020 3102
f 3978 3102 3020
f 3714 3101 3620
f 3019 3620 3101
f 3101 3977 3019
f 3108 3725 3631
f 3631 3030 3108
f 3988 3108 3030
f 3724 3107 3630
f 3029 3630 3107
f 3107 3987 3029
f 3106 3723 3629
f 3629 3028 3106
f 3986 3106 3028
f 3722 3105 3628
f 3027 3628 3105
f 3105 3985 3027
f 3112 3737 3639
f 3639 3038 3112
f 3996 3112 3038
f 3736 3111 3638
f 3037 3638 3111
f 3111 3995 3037
f 3110 3735 3637
f 3637 3036 3110
f 3994 3110 3036
f 3734 3109 3636
f 3035 3636 3109
f 3109 3993 3035
f 3116 3745 3647
f 3647 3046 3116
f 4004 3116 3046
f 3744 3115 3646
f 3045 3646 3115
f 3115 4003 3045
f 3114 3743 3645
f 3645 3044 3114
f 4002 3114 3044
f 3742 3113 3644
f 3043 3644 3113
f 3113 4001 3043
f 3256 4213 3882
f 4213 2510 3882
f 2510 4213 2736
f 4212 3255 3881
f 2509 4212 3881
f 4212 2509 2735
f 3254 4211 3880
f 4211 2508 3880
f 2508 4211 2734
f 4210 3253 3879
f 2507 4210 3879
f 4210 2507 2733
f 3260 4207 3874
f 4207 2506 3874
f 2506 4207 2740
f 4206 3259 3873
f 2505 4206 3873
f 4206 2505 2739
f 3258 4205 3872
f 4205 2504 3872
f 3809 2917 2887
f 2887 3891 3809
f 2886 3470 2916
f 2916 3810 2886
f 3892 2886 3810
f 3469 2885 2915
f 3811 2915 2885
f 2885 3893 3811
f 2884 3468 2914
f 2914 3812 2884
f 3894 2884 3812
f 3479 2879 2925
f 3813 2925 2879
f 2879 3899 3813
f 2878 3478 2924
f 2924 3814 2878
f 3900 2878 3814
f 3477 2877 2923
f 3815 2923 2877
f 2877 3901 3815
f 2876 3476 2922
f 2922 3816 2876
f 3902 2876 3816
f 2903 3455 2902
f 2902 3798 2903
f 3875 2903 3798
f 2901 3454 2900
f 2900 3799 2901
f 3877 2901 3799
f 3741 3132 3180
f 3180 3587 3741
f 3408 3180 3132
f 3131 3740 3179
f 3586 3179 3740
f 3179 3409 3131
f 3739 3130 3178
f 3178 3585 3739
f 3410 3178 3130
f 3129 3738 3177
f 3584 3177 3738
f 3177 3411 3129
f 3729 3128 3176
f 3176 3597 3729
f 3412 3176 3128
f 3127 3728 3175
f 3596 3175 3728
f 3175 3413 3127
f 3727 3126 3174
f 3174 3595 3727
f 3414 3174 3126
f 3125 3726 3173
f 3594 3173 3726
f 3173 3415 3125
f 3713 3124 3172
f 3172 3605 3713
f 3416 3172 3124
f 3123 3712 3171
f 3604 3171 3712
f 3171 3417 3123
f 3711 3122 3170
f 3170 3603 3711
f 3418 3170 3122
f 3121 3710 3169
f 3602 3169 3710
f 3169 3419 3121
f 3119 3700 3167
f 3616 3167 3700
f 3167 3421 3119
f 3699 3118 3166
f 3166 3615 3699
f 3422 3166 3118
f 3701 3120 3168
f 3168 3617 3701
f 3420 3168 3120
f 3117 3698 3165
f 3614 3165 3698
f 3165 3423 3117
f 3831 2859 3922
f 3498 2859 2946
f 3831 2946 2859
f 3659 2857 2811
f 4011 2857 3965
f 4011 2811 2857
f 3657 2856 2809
f 4012 2856 3967
f 4012 2809 2856
f 3646 4400 3744
f 4400 301 3744
f 3551 2998 2857
f 3965 2857 2998
f 301 4400 304
f 3644 4399 3742
f 3549 2996 2856
f 3967 2856 2996
f 4399 108 3742
f 108 4399 110
f 3006 3559 2855
f 2855 3973 3006
f 3558 3005 2854
f 3974 2854 3005
f 3004 3557 2853
f 2853 3975 3004
f 3556 3003 2852
f 3976 2852 3003
f 3014 3571 2851
f 2851 3981 3014
f 3570 3013 2850
f 3982 2850 3013
f 3012 3569 2849
f 2849 3983 3012
f 3568 3011 2848
f 3984 2848 3011
f 3216 3663 3427
f 3662 3215 3426
f 3214 3661 3425
f 3660 3213 3424
f 3026 3583 2847
f 2847 3989 3026
f 3582 3025 2846
f 3990 2846 3025
f 3024 3581 2845
f 2845 3991 3024
f 3580 3023 2844
f 3992 2844 3023
f 3208 3667 3431
f 3666 3207 3430
f 3206 3665 3429
f 3664 3205 3428
f 2644 3377 4018
f 3377 3164 4018
f 3376 2643 4017
f 3163 3376 4017
f 2642 3375 4016
f 3375 3162 4016
f 3374 2641 4015
f 3161 3374 4015
f 3034 3593 2843
f 2843 3997 3034
f 3592 3033 2842
f 3998 2842 3033
f 3032 3591 2841
f 2841 3999 3032
f 3590 3031 2840
f 4000 2840 3031
f 3204 3671 3435
f 3670 3203 3434
f 3202 3669 3433
f 3668 3201 3432
f 3042 3609 2839
f 2839 4005 3042
f 3608 3041 2838
f 4006 2838 3041
f 3040 3607 2837
f 2837 4007 3040
f 3606 3039 2836
f 4008 2836 3039
f 3200 3675 3439
f 3674 3199 3438
f 3198 3673 3437
f 3672 3197 3436
f 2648 3381 4022
f 3381 3160 4022
f 3380 2647 4021
f 3159 3380 4021
f 2646 3379 4020
f 3379 3158 4020
f 3378 2645 4019
f 3157 3378 4019
f 3196 3683 3443
f 3682 3195 3442
f 3194 3681 3441
f 3680 3193 3440
f 3192 3755 3447
f 3754 3189 3444
f 3619 3048 2834
f 4009 2834 3048
f 3047 3618 2833
f 2833 4010 3047
f 3689 3191 3446
f 3190 3688 3445
f 2652 3385 4026
f 3385 3156 4026
f 3384 2651 4025
f 3155 3384 4025
f 2650 3383 4024
f 3383 3154 4024
f 3382 2649 4023
f 3153 3382 4023
f 3627 3056 2831
f 2504 4205 2738
f 3055 3626 2830
f 4204 3257 3871
f 3625 3054 2829
f 2503 4204 3871
f 3053 3624 2828
f 4204 2503 2737
f 3240 4227 3912
f 4227 2524 3912
f 2524 4227 2720
f 3239 4226 3911
f 3635 3064 2827
f 4226 2523 3911
f 3063 3634 2826
f 2523 4226 2719
f 3633 3062 2825
f 3244 4225 3906
f 3061 3632 2824
f 4225 2522 3906
f 2656 3389 4030
f 3389 3152 4030
f 3388 2655 4029
f 3151 3388 4029
f 2654 3387 4028
f 3387 3150 4028
f 3386 2653 4027
f 3149 3386 4027
f 3643 3072 2823
f 2522 4225 2724
f 3071 3642 2822
f 4224 3243 3905
f 3641 3070 2821
f 2521 4224 3905
f 3069 3640 2820
f 4224 2521 2723
f 2660 3393 4034
f 3393 3148 4034
f 3392 2659 4033
f 3147 3392 4033
f 2658 3391 4032
f 3391 3146 4032
f 3390 2657 4031
f 3145 3390 4031
f 3651 3080 2819
f 3242 4223 3904
f 3079 3650 2818
f 4223 2520 3904
f 3649 3078 2817
f 2520 4223 2722
f 3077 3648 2816
f 4222 3241 3903
f 3655 3088 2815
f 2519 4222 3903
f 3087 3654 2814
f 4222 2519 2721
f 3653 3086 2813
f 3248 4221 3898
f 3085 3652 2812
f 4221 2518 3898
f 2664 3397 4038
f 3397 3144 4038
f 3396 2663 4037
f 3143 3396 4037
f 2662 3395 4036
f 3395 3142 4036
f 3394 2661 4035
f 3141 3394 4035
f 3399 4398 3733
f 4398 400 3733
f 3092 3658 2810
f 2518 4221 2728
f 400 4398 401
f 4397 3398 3730
f 3091 3656 2808
f 4220 3247 3897
f 2637 3267 3311
f 3266 2638 3310
f 2639 3265 3309
f 3264 2640 3308
f 2633 3271 3307
f 3270 2634 3306
f 2635 3269 3305
f 3268 2636 3304
f 2629 3275 3303
f 3274 2630 3302
f 2631 3273 3301
f 3272 2632 3300
f 2625 3279 3299
f 3278 2626 3298
f 2627 3277 3297
f 3276 2628 3296
f 2621 3283 3295
f 3282 2622 3294
f 2623 3281 3293
f 3280 2624 3292
f 2617 3287 3291
f 3286 2618 3290
f 2619 3285 3289
f 3284 2620 3288
f 2517 4220 3897
f 4220 2517 2727
f 3246 4219 3896
f 4219 2516 3896
f 2516 4219 2726
f 4218 3245 3895
f 2515 4218 3895
f 4218 2515 2725
f 3252 4217 3890
f 4217 2514 3890
f 2514 4217 2732
f 4216 3251 3889
f 2513 4216 3889
f 4216 2513 2731
f 3250 4215 3888
f 4215 2512 3888
f 2512 4215 2730
f 4214 3249 3887
f 2511 4214 3887
f 4214 2511 2729
f 4090 395 4086
f 23 4087 4083
f 3955 3089 4060
f 2591 3955 4060
f 3090 3956 4061
f 3779 3236 3679
f 3052 3679 3236
f 3236 4042 3052
f 3956 2592 4061
f 3235 3778 3678
f 3678 3051 3235
f 4041 3235 3051
f 217 4089 4085
f 3777 3234 3677
f 3050 3677 3234
f 3234 4040 3050
f 4088 201 4084
f 3233 3776 3676
f 3676 3049 3233
f 4039 3233 3049
f 4094 379 4082
f 3775 3232 3687
f 3060 3687 3232
f 3232 4046 3060
f 234 4093 4081
f 3231 3774 3686
f 3686 3059 3231
f 4045 3231 3059
f 4092 186 4080
f 3773 3230 3685
f 3058 3685 3230
f 3230 4044 3058
f 39 4091 4079
f 3229 3772 3684
f 3684 3057 3229
f 4043 3229 3057
f 3781 2902 3455
f 19 4397 3730
f 4397 19 17
f 3780 2900 3454
f 2997 3550 3092
f 3092 3966 2997
f 4098 363 4078
f 250 4097 4077
f 4096 170 4076
f 3771 3228 3697
f 3068 3697 3228
f 3228 4050 3068
f 56 4095 4075
f 3227 3770 3696
f 3696 3067 3227
f 4049 3227 3067
f 2911 3785 3463
f 3769 3226 3695
f 3066 3695 3226
f 3226 4048 3066
f 3092 3550 3658
f 3225 3768 3694
f 3694 3065 3225
f 4047 3225 3065
f 2995 3548 3091
f 3767 3224 3709
f 3076 3709 3224
f 3224 4054 3076
f 3784 2910 3462
f 3223 3766 3708
f 3708 3075 3223
f 4053 3223 3075
f 3091 3968 2995
f 3765 3222 3707
f 3074 3707 3222
f 3222 4052 3074
f 3091 3548 3656
f 3221 3764 3706
f 3706 3073 3221
f 4051 3221 3073
f 2909 3783 3461
f 3543 2990 3088
f 3957 3088 2990
f 3782 2908 3460
f 3543 3088 3655
f 2989 3542 3087
f 2917 3789 3471
f 3087 3958 2989
f 3087 3542 3654
f 3763 3220 3721
f 3084 3721 3220
f 3220 4058 3084
f 3788 2916 3470
f 3219 3762 3720
f 3720 3083 3219
f 4057 3219 3083
f 3541 2988 3086
f 3761 3218 3719
f 3082 3719 3218
f 3218 4056 3082
f 3959 3086 2988
f 3217 3760 3718
f 3718 3081 3217
f 4055 3217 3081
f 2915 3787 3469
f 3759 3212 3733
f 3541 3086 3653
f 3211 3758 3732
f 3732 3090 3211
f 4061 3211 3090
f 2987 3540 3085
f 3757 3210 3731
f 3089 3731 3210
f 3210 4060 3089
f 3786 2914 3468
f 3209 3756 3730
f 3085 3960 2987
f 3085 3540 3652
f 4102 348 4074
f 266 4101 4073
f 4100 154 4072
f 72 4099 4071
f 2925 3793 3479
f 3531 2982 3080
f 3951 3080 2982
f 3792 2924 3478
f 3531 3080 3651
f 2981 3530 3079
f 2923 3791 3477
f 3079 3952 2981
f 3079 3530 3650
f 3790 2922 3476
f 3529 2980 3078
f 3953 3078 2980
f 4106 332 4070
f 282 4105 4069
f 4104 138 4068
f 88 4103 4067
f 2933 3797 3487
f 3529 3078 3649
f 2979 3528 3077
f 3796 2932 3486
f 3077 3954 2979
f 3077 3528 3648
f 2931 3795 3485
f 3523 2974 3072
f 3943 3072 2974
f 3794 2930 3484
f 3523 3072 3643
f 4256 2714 4014
f 2714 4256 2548
f 2973 3522 3071
f 2713 4255 4013
f 4255 2713 2545
f 4241 2714 3317
f 2713 4240 3316
f 4253 3137 3403
f 2644 4253 3403
f 3138 4252 3402
f 4179 2715 4167
f 4251 3139 3401
f 2642 4251 3401
f 3140 4250 3400
f 4499 3609 3493
f 4249 3133 3407
f 2648 4249 3407
f 3134 4248 3406
f 4248 2647 3406
f 4247 3135 3405
f 2646 4247 3405
f 3136 4246 3404
f 4246 2645 3404
f 4245 3129 3411
f 2652 4245 3411
f 3130 4244 3410
f 4244 2651 3410
f 4243 3131 3409
f 2650 4243 3409
f 3132 4242 3408
f 4242 2649 3408
f 4239 3125 3415
f 2656 4239 3415
f 3126 4238 3414
f 4238 2655 3414
f 4237 3127 3413
f 2654 4237 3413
f 3128 4236 3412
f 4236 2653 3412
f 4235 3121 3419
f 2660 4235 3419
f 3122 4234 3418
f 4234 2659 3418
f 4233 3123 3417
f 2658 4233 3417
f 3124 4232 3416
f 4232 2657 3416
f 4231 3117 3423
f 2664 4231 3423
f 3118 4230 3422
f 4230 2663 3422
f 4229 3119 3421
f 2662 4229 3421
f 3120 4228 3420
f 4228 2661 3420
f 4014 2668 3321
f 3976 2688 3341
f 4254 2666 3319
f 2665 4013 3318
f 3201 3992 3333
f 3992 2680 3333
f 2680 3992 2582
f 3991 3202 3332
f 2679 3991 3332
f 3991 2679 2581
f 3203 3990 3331
f 3990 2678 3331
f 2678 3990 2580
f 3989 3204 3330
f 2677 3989 3330
f 3989 2677 2579
f 2688 3976 2574
f 3215 3974 3339
f 3974 2686 3339
f 2686 3974 2572
f 4003 4017 2643
f 2691 4003 2643
f 4001 4015 2641
f 2689 4001 2641
f 2941 3803 3493
f 4227 3240 3822
f 3240 3449 2952
f 2952 3822 3240
f 3071 3944 2973
f 4226 3239 3821
f 3239 3448 2951
f 2951 3821 3239
f 3071 3522 3642
f 4225 3244 3830
f 3244 3453 2950
f 2950 3830 3244
f 3802 2940 3492
f 3243 4224 3829
f 3452 3243 2949
f 3829 2949 3243
f 3521 2972 3070
f 4223 3242 3828
f 3242 3451 2948
f 2948 3828 3242
f 3945 3070 2972
f 3241 4222 3827
f 3450 3241 2947
f 3827 2947 3241
f 2939 3801 3491
f 4221 3248 3836
f 3248 3459 2945
f 2945 3836 3248
f 3521 3070 3641
f 3247 4220 3835
f 3458 3247 2944
f 3835 2944 3247
f 2971 3520 3069
f 4219 3246 3834
f 3246 3457 2943
f 2943 3834 3246
f 3800 2938 3490
f 3245 4218 3833
f 3456 3245 2942
f 3833 2942 3245
f 3069 3946 2971
f 4217 3252 3844
f 3252 3467 2937
f 2937 3844 3252
f 3069 3520 3640
f 3251 4216 3843
f 3466 3251 2936
f 3843 2936 3251
f 4110 315 4066
f 4215 3250 3842
f 3250 3465 2935
f 2935 3842 3250
f 297 4109 4065
f 3249 4214 3841
f 3464 3249 2934
f 3841 2934 3249
f 4108 121 4064
f 4213 3256 3852
f 3256 3475 2929
f 2929 3852 3256
f 104 4107 4063
f 3255 4212 3851
f 3474 3255 2928
f 3851 2928 3255
f 3808 2946 3499
f 4211 3254 3850
f 3254 3473 2927
f 2927 3850 3254
f 3515 2966 3064
f 3253 4210 3849
f 3472 3253 2926
f 3849 2926 3253
f 3935 3064 2966
f 4207 3260 3860
f 3260 3483 2921
f 2921 3860 3260
f 2743 4112 2861
f 3259 4206 3859
f 3482 3259 2920
f 3859 2920 3259
f 2751 2743 2861
f 4205 3258 3858
f 3258 3481 2919
f 2919 3858 3258
f 4111 2742 2858
f 3257 4204 3857
f 3480 3257 2918
f 3857 2918 3257
f 4199 3261 3865
f 2742 2750 2858
f 3261 3488 2912
f 2912 3865 3261
f 3498 3808 630
f 3489 3261 2913
f 3866 2913 3261
f 3808 627 630
f 3497 3260 2907
f 3874 2907 3260
f 3803 3507 426
f 3259 3496 2906
f 2906 3873 3259
f 428 3803 426
f 3495 3258 2905
f 3872 2905 3258
f 558 4535 3788
f 3257 3494 2904
f 2904 3871 3257
f 3802 609 611
f 3503 3256 2899
f 3882 2899 3256
f 3530 4535 4357
f 3255 3502 2898
f 2898 3881 3255
f 646 3801 643
f 3501 3254 2897
f 3880 2897 3254
f 3504 3800 829
f 3253 3500 2896
f 2896 3879 3253
f 3800 828 829
f 3511 3252 2891
f 3890 2891 3252
f 4535 3530 3788
f 3251 3510 2890
f 2890 3889 3251
f 445 3797 444
f 3509 3250 2889
f 3888 2889 3250
f 4535 558 4357
f 3249 3508 2888
f 2888 3887 3249
f 3796 591 594
f 3519 3248 2883
f 3898 2883 3248
f 775 4534 3786
f 3247 3518 2882
f 2882 3897 3247
f 663 3795 661
f 3517 3246 2881
f 3896 2881 3246
f 3528 4534 4355
f 3245 3516 2880
f 2880 3895 3245
f 3794 809 811
f 3527 3244 2875
f 3906 2875 3244
f 4534 3528 3786
f 3243 3526 2874
f 2874 3905 3243
f 464 3793 462
f 3525 3242 2873
f 3904 2873 3242
f 4534 775 4355
f 3241 3524 2872
f 2872 3903 3241
f 3792 573 575
f 3535 3240 2867
f 3912 2867 3240
f 4533 479 3789
f 3533 3239 2866
f 3911 2866 3239
f 3755 415 3447
f 840 3754 3444
f 3140 3753 2811
f 3563 512 3753
f 3752 3139 2810
f 526 3562 3752
f 3138 3751 2809
f 3561 730 3751
f 3750 3137 2808
f 743 3560 3750
f 3136 3749 2815
f 3575 494 3749
f 3748 3135 2814
f 543 3574 3748
f 3134 3747 2813
f 3573 712 3747
f 3746 3133 2812
f 762 3572 3746
f 621 3689 3446
f 3688 633 3445
f 3132 3741 2819
f 4358 3651 4513
f 3740 3131 2818
f 3741 4513 3651
f 3130 3739 2817
f 478 4358 4513
f 3738 3129 2816
f 478 4513 476
f 3683 434 3443
f 604 3682 3442
f 3681 652 3441
f 822 3680 3440
f 3128 3729 2823
f 3650 4357 4512
f 3728 3127 2822
f 4512 3740 3650
f 3126 3727 2821
f 4357 559 4512
f 3726 3125 2820
f 4512 559 561
f 3675 452 3439
f 585 3674 3438
f 3673 669 3437
f 803 3672 3436
f 3124 3713 2827
f 4356 3649 4511
f 3712 3123 2826
f 3739 4511 3649
f 3122 3711 2825
f 695 4356 4511
f 3710 3121 2824
f 695 4511 693
f 3671 469 3435
f 567 3670 3434
f 3669 687 3433
f 786 3668 3432
f 3120 3701 2831
f 3617 422 3701
f 3700 3119 2830
f 3648 4355 4510
f 3118 3699 2829
f 4510 3738 3648
f 3698 3117 2828
f 833 3614 3698
f 3667 488 3431
f 549 3666 3430
f 3665 706 3429
f 768 3664 3428
f 3663 506 3427
f 531 3662 3426
f 3661 723 3425
f 749 3660 3424
f 2692 4018 4004
f 4018 3116 4004
f 682 3791 679
f 3115 4017 4003
f 2690 4016 4002
f 4016 3114 4002
f 4533 3531 4358
f 3113 4015 4001
f 2696 4022 3996
f 4022 3112 3996
f 4021 2695 3995
f 3111 4021 3995
f 2694 4020 3994
f 4020 3110 3994
f 4019 2693 3993
f 3109 4019 3993
f 2700 4026 3988
f 4026 3108 3988
f 4025 2699 3987
f 3107 4025 3987
f 2698 4024 3986
f 4024 3106 3986
f 4023 2697 3985
f 3105 4023 3985
f 2704 4030 3980
f 4030 3104 3980
f 4029 2703 3979
f 3103 4029 3979
f 2702 4028 3978
f 4028 3102 3978
f 4027 2701 3977
f 3101 4027 3977
f 2708 4034 3972
f 4034 3100 3972
f 4033 2707 3971
f 3099 4033 3971
f 2706 4032 3970
f 4032 3098 3970
f 4031 2705 3969
f 3097 4031 3969
f 2712 4038 3964
f 4038 3096 3964
f 4037 2711 3963
f 3095 4037 3963
f 2710 4036 3962
f 4036 3094 3962
f 4035 2709 3961
f 3093 4035 3961
f 3002 3317 2718
f 3317 2548 2718
f 3316 2999 2717
f 2545 3316 2717
f 3790 791 793
f 3531 4533 3789
f 3659 2811 3753
f 3515 3064 3635
f 514 3659 3753
f 2810 3658 3752
f 2965 3514 3063
f 3063 3936 2965
f 3657 2809 3751
f 3063 3514 3634
f 731 3657 3751
f 2808 3656 3750
f 3513 2964 3062
f 3937 3062 2964
f 3655 2815 3749
f 3513 3062 3633
f 2963 3512 3061
f 2814 3654 3748
f 3061 3938 2963
f 3061 3512 3632
f 3653 2813 3747
f 2957 3506 3055
f 3055 3928 2957
f 2812 3652 3746
f 3055 3506 3626
f 3505 2956 3054
f 3651 2819 3741
f 3929 3054 2956
f 3505 3054 3625
f 2818 3650 3740
f 3507 2958 3056
f 3927 3056 2958
f 3649 2817 3739
f 3507 3056 3627
f 2955 3504 3053
f 2816 3648 3738
f 3053 3930 2955
f 3053 3504 3624
f 3643 2823 3729
f 4430 3658 3550
f 3238 4507 3212
f 2822 3642 3728
f 4430 522 523
f 4429 3656 3548
f 3641 2821 3727
f 3733 4507 3399
f 4429 739 741
f 2820 3640 3726
f 3655 4428 3543
f 4507 3733 3212
f 3635 2827 3713
f 498 4428 496
f 4427 3654 3542
f 2826 3634 3712
f 4507 3238 3399
f 4427 539 542
f 3633 2825 3711
f 3653 4426 3541
f 4506 3237 3209
f 2824 3632 3710
f 715 4426 714
f 4425 3652 3540
f 3627 2831 3701
f 4506 3730 3398
f 4425 758 759
f 2830 3626 3700
f 4355 777 4510
f 4510 777 779
f 3625 2829 3699
f 4363 3643 4517
f 3729 4517 3643
f 2828 3624 3698
f 460 4363 4517
f 460 4517 458
f 3619 2834 3689
f 3048 3619 2860
f 624 3619 3689
f 2833 3618 3688
f 3618 3047 2859
f 430 4499 3493
f 2839 3609 3683
f 3609 3042 2865
f 4499 430 431
f 3608 2838 3682
f 3041 3608 2864
f 3606 4498 3490
f 2837 3607 3681
f 3607 3040 2863
f 4498 826 3490
f 3606 2836 3680
f 3039 3606 2862
f 826 4498 824
f 2843 3593 3675
f 3593 3034 2871
f 3608 4497 3492
f 3592 2842 3674
f 3033 3592 2870
f 4497 607 3492
f 2841 3591 3673
f 3591 3032 2869
f 607 4497 605
f 3590 2840 3672
f 3031 3590 2868
f 4496 3607 3491
f 2847 3583 3671
f 3583 3026 2879
f 648 4496 3491
f 3582 2846 3670
f 3025 3582 2878
f 4496 648 650
f 2845 3581 3669
f 3581 3024 2877
f 4491 3593 3487
f 3580 2844 3668
f 3023 3580 2876
f 448 4491 3487
f 2851 3571 3667
f 3571 3014 2887
f 3644 2953 3532
f 3570 2850 3666
f 3013 3570 2886
f 4476 3647 3745
f 2849 3569 3665
f 3569 3012 2885
f 312 4476 3745
f 3568 2848 3664
f 3011 3568 2884
f 4476 312 309
f 2855 3559 3663
f 3559 3006 2895
f 4475 3645 3743
f 3558 2854 3662
f 3005 3558 2894
f 118 4475 3743
f 2853 3557 3661
f 3557 3004 2893
f 4475 118 115
f 3556 2852 3660
f 3003 3556 2892
f 4474 3639 3737
f 3551 2857 3659
f 2998 3551 2903
f 482 3789 479
f 3642 4362 4516
f 3550 2997 2902
f 479 4533 4358
f 3549 2856 3657
f 2996 3549 2901
f 3788 556 558
f 4516 3728 3642
f 3548 2995 2900
f 4532 698 3787
f 4362 577 4516
f 2990 3543 2911
f 699 3787 698
f 4516 577 580
f 3542 2989 2910
f 4532 3529 4356
f 4361 3641 4515
f 2988 3541 2909
f 3786 774 775
f 3727 4515 3641
f 3540 2987 2908
f 3730 4506 3209
f 677 4361 4515
f 2982 3531 2917
f 499 3785 498
f 677 4515 675
f 3530 2981 2916
f 3237 4506 3398
f 3640 4360 4514
f 2980 3529 2915
f 3784 538 539
f 4514 3726 3640
f 3528 2979 2914
f 4505 522 4430
f 4360 795 4514
f 2974 3523 2925
f 717 3783 715
f 4514 795 798
f 3522 2973 2924
f 4505 3550 3781
f 4373 3625 4509
f 2972 3521 2923
f 3782 755 758
f 3699 4509 3625
f 3520 2971 2922
f 3550 4505 4430
f 3781 519 522
f 522 4505 3781
f 641 4373 4509
f 3780 737 739
f 641 4509 639
f 317 3779 319
f 4367 3635 4521
f 3778 295 293
f 3713 4521 3635
f 441 4367 4521
f 123 3777 126
f 441 4521 440
f 3634 4366 4519
f 2966 3515 2933
f 3776 102 99
f 4519 3712 3634
f 3514 2965 2932
f 4375 3627 4402
f 424 4375 4402
f 2964 3513 2931
f 333 3775 335
f 3624 4372 4401
f 3512 2963 2930
f 4372 831 4401
f 3774 280 278
f 4424 3679 3539
f 3679 4424 3779
f 139 3773 141
f 4424 319 3779
f 3678 4423 3538
f 3772 86 84
f 4423 3678 3778
f 293 4423 3778
f 350 3771 352
f 4422 3677 3537
f 3677 4422 3777
f 4422 126 3777
f 2958 3507 2941
f 3770 264 262
f 3676 4421 3536
f 3506 2957 2940
f 4421 3676 3776
f 99 4421 3776
f 2956 3505 2939
f 156 3769 158
f 4420 3687 3547
f 3504 2955 2938
f 3687 4420 3775
f 3768 70 68
f 4420 335 3775
f 3686 4419 3546
f 365 3767 368
f 4419 3686 3774
f 278 4419 3774
f 3766 248 245
f 4418 3685 3545
f 3685 4418 3773
f 171 3765 173
f 4418 141 3773
f 3684 4417 3544
f 3499 2860 3619
f 3764 53 51
f 4417 3684 3772
f 2859 3498 3618
f 84 4417 3772
f 381 3763 384
f 4414 3697 3555
f 3697 4414 3771
f 4414 352 3771
f 3696 4413 3554
f 4413 3696 3770
f 3762 231 229
f 262 4413 3770
f 4412 3695 3553
f 187 3761 189
f 3695 4412 3769
f 4412 158 3769
f 3760 38 36
f 3694 4411 3552
f 4411 3694 3768
f 3758 215 214
f 68 4411 3768
f 2865 3493 3609
f 4410 3709 3567
f 203 3757 205
f 3492 2864 3608
f 4304 2775 3377
f 2775 4304 2596
f 2863 3491 3607
f 4304 3353 2596
f 2774 4303 3376
f 3490 2862 3606
f 4303 2774 2595
f 3352 4303 2595
f 3709 4410 3767
f 4410 368 3767
f 3708 4409 3566
f 4409 3708 3766
f 245 4409 3766
f 4408 3707 3565
f 3707 4408 3765
f 4408 173 3765
f 4302 2773 3375
f 2773 4302 2594
f 3706 4407 3564
f 4302 3351 2594
f 2772 4301 3374
f 4407 3706 3764
f 4301 2772 2593
f 3350 4301 2593
f 51 4407 3764
f 4300 2771 3381
f 2771 4300 2600
f 4406 3721 3579
f 3721 4406 3763
f 4406 384 3763
f 3720 4405 3578
f 4405 3720 3762
f 229 4405 3762
f 4404 3719 3577
f 3719 4404 3761
f 4404 189 3761
f 2871 3487 3593
f 4300 3361 2600
f 2770 4299 3380
f 3486 2870 3592
f 4299 2770 2599
f 3360 4299 2599
f 2869 3485 3591
f 4298 2769 3379
f 2769 4298 2598
f 3484 2868 3590
f 4298 3359 2598
f 2768 4297 3378
f 4297 2768 2597
f 3358 4297 2597
f 3718 4403 3576
f 4296 2767 3385
f 2767 4296 2604
f 4403 3718 3760
f 4296 3365 2604
f 2766 4295 3384
f 36 4403 3760
f 4295 2766 2603
f 3364 4295 2603
f 4431 3731 3588
f 3731 4431 3757
f 4431 205 3757
f 3732 4432 3589
f 4432 3732 3758
f 214 4432 3758
f 328 4474 3737
f 4432 214 212
f 4474 328 325
f 2879 3479 3583
f 4294 2765 3383
f 2765 4294 2602
f 3478 2878 3582
f 4294 3363 2602
f 2764 4293 3382
f 2877 3477 3581
f 4293 2764 2601
f 3362 4293 2601
f 3476 2876 3580
f 4292 2763 3389
f 2763 4292 2608
f 205 4431 207
f 3658 4430 3752
f 4430 523 3752
f 3656 4429 3750
f 4429 741 3750
f 4428 3655 3749
f 496 4428 3749
f 3654 4427 3748
f 2887 3471 3571
f 4292 3357 2608
f 2762 4291 3388
f 3470 2886 3570
f 4291 2762 2607
f 3356 4291 2607
f 2885 3469 3569
f 4290 2761 3387
f 2761 4290 2606
f 3468 2884 3568
f 4290 3355 2606
f 2760 4289 3386
f 4427 542 3748
f 4426 3653 3747
f 714 4426 3747
f 3652 4425 3746
f 4425 759 3746
f 3638 4473 3736
f 319 4424 321
f 4473 285 3736
f 2895 3463 3559
f 4289 2760 2605
f 3354 4289 2605
f 3462 2894 3558
f 4288 2759 3393
f 2759 4288 2612
f 2893 3461 3557
f 4288 3349 2612
f 2758 4287 3392
f 3460 2892 3556
f 4287 2758 2611
f 3348 4287 2611
f 3455 2903 3551
f 4286 2757 3391
f 2757 4286 2610
f 3454 2901 3549
f 4286 3347 2610
f 2756 4285 3390
f 2867 3647 3535
f 4285 2756 2609
f 285 4473 288
f 4472 3637 3735
f 3346 4285 2609
f 4423 293 291
f 2866 3645 3533
f 2754 4284 3396
f 134 4472 3735
f 4472 134 132
f 4284 2754 2615
f 3636 4471 3734
f 2875 3639 3527
f 3344 4284 2615
f 4471 92 3734
f 3638 2874 3526
f 4283 2753 3395
f 92 4471 94
f 2873 3637 3525
f 2753 4283 2614
f 4470 3631 3725
f 3636 2872 3524
f 4283 3343 2614
f 344 4470 3725
f 2883 3631 3519
f 4282 2755 3397
f 4470 344 341
f 3630 2882 3518
f 2755 4282 2616
f 3630 4469 3724
f 2881 3629 3517
f 4282 3345 2616
f 4469 270 3724
f 3628 2880 3516
f 2752 4281 3394
f 270 4469 272
f 2891 3623 3511
f 4281 2752 2613
f 4468 3629 3723
f 3622 2890 3510
f 3342 4281 2613
f 150 4468 3723
f 2889 3621 3509
f 2502 3921 3832
f 4468 150 147
f 3620 2888 3508
f 126 4422 128
f 3628 4467 3722
f 3399 3002 3263
f 4467 75 3722
f 2999 3398 3262
f 4421 99 98
f 2899 3613 3503
f 2496 3910 3820
f 75 4467 77
f 3612 2898 3502
f 4466 3623 3717
f 360 4466 3717
f 2897 3611 3501
f 3909 2495 3819
f 4466 360 358
f 3610 2896 3500
f 3622 4465 3716
f 4465 254 3716
f 2907 3601 3497
f 2494 3908 3818
f 254 4465 255
f 3600 2906 3496
f 4464 3621 3715
f 166 4464 3715
f 2905 3599 3495
f 3907 2493 3817
f 4464 166 164
f 3598 2904 3494
f 3620 4463 3714
f 4463 59 3714
f 2913 3589 3489
f 59 4463 62
f 4456 3601 3693
f 3588 2912 3488
f 391 4456 3693
f 4456 391 390
f 3579 2921 3483
f 3598 4455 3690
f 4455 27 3690
f 2920 3578 3482
f 27 4455 29
f 4462 3613 3705
f 3577 2919 3481
f 375 4462 3705
f 4462 375 374
f 2918 3576 3480
f 3612 4461 3704
f 4461 238 3704
f 3567 2929 3475
f 238 4461 239
f 4460 3611 3703
f 2928 3566 3474
f 181 4460 3703
f 4460 181 179
f 3565 2927 3473
f 3610 4459 3702
f 4459 44 3702
f 2926 3564 3472
f 44 4459 45
f 4457 3599 3691
f 3555 2937 3467
f 198 4457 3691
f 4457 198 195
f 2936 3554 3466
f 3600 4458 3692
f 4458 221 3692
f 3553 2935 3465
f 221 4458 224
f 4485 3571 3471
f 2934 3552 3464
f 483 4485 3471
f 4485 483 485
f 3547 2945 3459
f 3570 4484 3470
f 4484 554 3470
f 2944 3546 3458
f 554 4484 552
f 4483 3569 3469
f 3545 2943 3457
f 701 4483 3469
f 4483 701 703
f 2942 3544 3456
f 3568 4482 3468
f 4482 772 3468
f 3539 2950 3453
f 772 4482 770
f 4479 3559 3463
f 2949 3538 3452
f 501 4479 3463
f 4479 501 503
f 3537 2948 3451
f 4478 3557 3461
f 719 4478 3461
f 2947 3536 3450
f 4478 719 721
f 3558 4481 3462
f 3240 3535 3449
f 3535 308 3449
f 3534 2952 3449
f 4481 536 3462
f 306 3534 3449
f 3239 3533 3448
f 3533 114 3448
f 3532 2951 3448
f 536 4481 533
f 112 3532 3448
f 3244 3527 3453
f 3527 323 3453
f 3526 3243 3452
f 289 3526 3452
f 3242 3525 3451
f 3525 130 3451
f 3524 3241 3450
f 95 3524 3450
f 3248 3519 3459
f 3519 339 3459
f 3518 3247 3458
f 274 3518 3458
f 3246 3517 3457
f 3517 146 3457
f 3516 3245 3456
f 79 3516 3456
f 3252 3511 3467
f 3511 356 3467
f 3510 3251 3466
f 257 3510 3466
f 3250 3509 3465
f 3509 162 3465
f 3508 3249 3464
f 64 3508 3464
f 3256 3503 3475
f 3503 371 3475
f 3502 3255 3474
f 241 3502 3474
f 3254 3501 3473
f 3501 177 3473
f 3500 3253 3472
f 48 3500 3472
f 3260 3497 3483
f 3497 388 3483
f 3496 3259 3482
f 226 3496 3482
f 3258 3495 3481
f 3495 193 3481
f 3494 3257 3480
f 31 3494 3480
f 3261 3489 3488
f 3489 209 3488
f 4504 739 4429
f 2666 4254 2591
f 4366 595 4519
f 4519 595 597
f 4365 3633 4518
f 3711 4518 3633
f 660 4365 4518
f 660 4518 657
f 3632 4364 4520
f 4520 3710 3632
f 4364 814 4520
f 4520 814 815
f 3626 4374 4508
f 4508 3700 3626
f 4504 3548 3780
f 3548 4504 4429
f 739 4504 3780
f 4503 539 4427
f 4503 3542 3784
f 3542 4503 4427
f 539 4503 3784
f 4502 758 4425
f 2484 3886 3807
f 3556 4480 3460
f 4252 3138 4012
f 2809 4012 3138
f 3885 2483 3806
f 4480 753 3460
f 4250 3140 4011
f 2811 4011 3140
f 2482 3884 3805
f 753 4480 752
f 3883 2481 3804
f 4477 3618 3498
f 2500 3916 3826
f 630 4477 3498
f 3915 2499 3825
f 4477 630 632
f 2498 3914 3824
f 3571 4485 3667
f 3913 2497 3823
f 335 4420 338
f 2488 3894 3812
f 4485 485 3667
f 3893 2487 3811
f 4419 278 275
f 2486 3892 3810
f 4484 3570 3666
f 3891 2485 3809
f 141 4418 143
f 2492 3902 3816
f 552 4484 3666
f 3901 2491 3815
f 4417 84 81
f 2490 3900 3814
f 4416 304 4400
f 3899 2489 3813
f 4416 3534 306
f 2480 3877 3799
f 3534 4416 4400
f 2479 3875 3798
f 304 4416 306
f 3693 3096 3144
f 4038 3144 3096
f 3095 3692 3143
f 3143 4037 3095
f 3691 3094 3142
f 4036 3142 3094
f 3093 3690 3141
f 3141 4035 3093
f 4502 3540 3782
f 2591 4254 4009
f 4374 613 4508
f 4508 613 615
f 4521 3713 3605
f 440 4521 3605
f 3710 4520 3602
f 4520 815 3602
f 3712 4519 3604
f 4519 597 3604
f 4518 3711 3603
f 657 4518 3603
f 4517 3729 3597
f 458 4517 3597
f 3540 4502 4425
f 758 4502 3782
f 498 4501 4428
f 3543 4501 3785
f 4501 3543 4428
f 4501 498 3785
f 715 4500 4426
f 3541 4500 3783
f 3091 4209 3968
f 4415 110 4399
f 4209 2570 3968
f 3705 3100 3148
f 4415 3532 112
f 3092 4208 3966
f 3532 4415 4399
f 4208 2569 3966
f 4034 3148 3100
f 110 4415 112
f 3085 4203 3960
f 3569 4483 3665
f 4203 2568 3960
f 4202 3086 3959
f 352 4414 353
f 2567 4202 3959
f 3087 4201 3958
f 4483 703 3665
f 4201 2566 3958
f 4200 3088 3957
f 4413 262 259
f 2565 4200 3957
f 3077 4198 3954
f 4482 3568 3664
f 4198 2564 3954
f 4197 3078 3953
f 158 4412 160
f 2563 4197 3953
f 3079 4196 3952
f 770 4482 3664
f 4196 2562 3952
f 4195 3080 3951
f 4411 68 66
f 2561 4195 3951
f 3069 4194 3946
f 4481 3558 3662
f 4194 2560 3946
f 4193 3070 3945
f 533 4481 3662
f 2559 4193 3945
f 3071 4192 3944
f 4480 3556 3660
f 4192 2558 3944
f 4191 3072 3943
f 752 4480 3660
f 2557 4191 3943
f 3061 4190 3938
f 3559 4479 3663
f 4190 2556 3938
f 4189 3062 3937
f 4479 503 3663
f 2555 4189 3937
f 3063 4188 3936
f 3557 4478 3661
f 4188 2554 3936
f 4187 3064 3935
f 4478 721 3661
f 2553 4187 3935
f 3053 4186 3930
f 3618 4477 3688
f 4186 2552 3930
f 4185 3054 3929
f 4477 632 3688
f 2551 4185 3929
f 3055 4184 3928
f 3647 4476 3535
f 4184 2550 3928
f 4183 3056 3927
f 4476 309 3535
f 2549 4183 3927
f 3047 4178 3922
f 3922 2859 3047
f 4178 2547 3922
f 4177 3048 3921
f 2860 3921 3048
f 2546 4177 3921
f 4172 3039 3916
f 2862 3916 3039
f 2544 4172 3916
f 3040 4171 3915
f 3915 2863 3040
f 4171 2543 3915
f 4170 3041 3914
f 2864 3914 3041
f 2542 4170 3914
f 3042 4169 3913
f 3913 2865 3042
f 4169 2541 3913
f 4162 3031 3910
f 2868 3910 3031
f 2540 4162 3910
f 3032 4161 3909
f 3909 2869 3032
f 4161 2539 3909
f 4160 3033 3908
f 2870 3908 3033
f 2538 4160 3908
f 3034 4159 3907
f 3907 2871 3034
f 4159 2537 3907
f 4150 3023 3902
f 2876 3902 3023
f 2536 4150 3902
f 3024 4149 3901
f 3901 2877 3024
f 4149 2535 3901
f 4148 3025 3900
f 2878 3900 3025
f 2534 4148 3900
f 3026 4147 3899
f 3899 2879 3026
f 4147 2533 3899
f 4138 3011 3894
f 2884 3894 3011
f 2532 4138 3894
f 3012 4137 3893
f 3893 2885 3012
f 4137 2531 3893
f 4136 3013 3892
f 2886 3892 3013
f 2530 4136 3892
f 3014 4135 3891
f 3891 2887 3014
f 4135 2529 3891
f 4126 3003 3886
f 2892 3886 3003
f 2528 4126 3886
f 3004 4125 3885
f 3885 2893 3004
f 4125 2527 3885
f 4124 3005 3884
f 2894 3884 3005
f 2526 4124 3884
f 3006 4123 3883
f 3883 2895 3006
f 4123 2525 3883
f 3099 3704 3147
f 3878 2900 2995
f 3147 4033 3099
f 3645 4475 3533
f 2901 3877 2996
f 3703 3098 3146
f 4032 3146 3098
f 3876 2902 2997
f 3097 3702 3145
f 4475 115 3533
f 2903 3875 2998
f 3145 4031 3097
f 3717 3104 3152
f 3870 2908 2987
f 4030 3152 3104
f 3103 3716 3151
f 2909 3869 2988
f 3151 4029 3103
f 3715 3102 3150
f 3868 2910 2989
f 4028 3150 3102
f 3101 3714 3149
f 2911 3867 2990
f 3149 4027 3101
f 3725 3108 3156
f 3864 2914 2979
f 4026 3156 3108
f 3107 3724 3155
f 2915 3863 2980
f 3155 4025 3107
f 3723 3106 3154
f 3862 2916 2981
f 4024 3154 3106
f 3105 3722 3153
f 2917 3861 2982
f 3153 4023 3105
f 3737 3112 3160
f 3856 2922 2971
f 4022 3160 3112
f 3111 3736 3159
f 2923 3855 2972
f 3159 4021 3111
f 3735 3110 3158
f 3854 2924 2973
f 4020 3158 3110
f 3109 3734 3157
f 2925 3853 2974
f 3157 4019 3109
f 3745 3116 3164
f 3848 2930 2963
f 4018 3164 3116
f 3115 3744 3163
f 2931 3847 2964
f 3163 4017 3115
f 3743 3114 3162
f 3846 2932 2965
f 4016 3162 3114
f 3113 3742 3161
f 2933 3845 2966
f 3161 4015 3113
f 2691 4012 3967
f 3840 2938 2955
f 3639 4474 3527
f 2689 4011 3965
f 2939 3839 2956
f 4474 325 3527
f 3878 2995 3968
f 3838 2940 2957
f 2524 3878 3968
f 3876 2997 3966
f 2941 3837 2958
f 2523 3876 3966
f 3870 2987 3960
f 2522 3870 3960
f 2988 3869 3959
f 3869 2521 3959
f 4473 3638 3526
f 3868 2989 3958
f 2520 3868 3958
f 2990 3867 3957
f 3867 2519 3957
f 3864 2979 3954
f 2518 3864 3954
f 2980 3863 3953
f 3863 2517 3953
f 3862 2981 3952
f 2516 3862 3952
f 2982 3861 3951
f 3861 2515 3951
f 3856 2971 3946
f 2514 3856 3946
f 2972 3855 3945
f 3855 2513 3945
f 3854 2973 3944
f 2512 3854 3944
f 2974 3853 3943
f 3853 2511 3943
f 2743 2747 4112
f 2747 411 4112
f 2746 2742 4111
f 844 2746 4111
f 2510 3848 3938
f 3848 2963 3938
f 3847 2509 3937
f 2964 3847 3937
f 2508 3846 3936
f 3846 2965 3936
f 3845 2507 3935
f 2966 3845 3935
f 2506 3840 3930
f 3840 2955 3930
f 3839 2505 3929
f 2956 3839 3929
f 2504 3838 3928
f 3838 2957 3928
f 3837 2503 3927
f 2958 3837 3927
f 2501 3831 3922
f 368 4410 370
f 3499 4359 3808
f 4359 627 3808
f 4371 3493 3803
f 428 4371 3803
f 3492 4370 3802
f 4370 609 3802
f 4369 3491 3801
f 646 4369 3801
f 3490 4368 3800
f 4368 828 3800
f 4379 3487 3797
f 445 4379 3797
f 3486 4378 3796
f 4378 591 3796
f 4377 3485 3795
f 663 4377 3795
f 3484 4376 3794
f 4376 809 3794
f 4383 3479 3793
f 464 4383 3793
f 3478 4382 3792
f 4382 573 3792
f 4381 3477 3791
f 682 4381 3791
f 3476 4380 3790
f 4380 791 3790
f 4387 3471 3789
f 482 4387 3789
f 3470 4386 3788
f 4386 556 3788
f 4385 3469 3787
f 699 4385 3787
f 3468 4384 3786
f 4384 774 3786
f 4391 3463 3785
f 499 4391 3785
f 3462 4390 3784
f 4390 538 3784
f 288 4473 3526
f 4409 245 243
f 4389 3461 3783
f 717 4389 3783
f 3637 4472 3525
f 173 4408 175
f 3460 4388 3782
f 3003 4126 3976
f 4125 3004 3975
f 3005 4124 3974
f 4123 3006 3973
f 3011 4138 3984
f 4137 3012 3983
f 3013 4136 3982
f 4135 3014 3981
f 3023 4150 3992
f 4149 3024 3991
f 3025 4148 3990
f 4147 3026 3989
f 3031 4162 4000
f 4161 3032 3999
f 3033 4160 3998
f 4159 3034 3997
f 3039 4172 4008
f 4171 3040 4007
f 3041 4170 4006
f 4169 3042 4005
f 4178 3047 4010
f 3048 4177 4009
f 4388 755 3782
f 3455 4393 3781
f 4186 2712 2552
f 4393 519 3781
f 3454 4392 3780
f 2711 4185 2551
f 4392 737 3780
f 2787 3759 4090
f 4184 2710 2550
f 3212 3759 2787
f 3759 397 4090
f 2709 4183 2549
f 3756 2784 4087
f 3756 3209 2784
f 4190 2708 2556
f 22 3756 4087
f 2807 3779 4110
f 2707 4189 2555
f 3236 3779 2807
f 3779 317 4110
f 4188 2706 2554
f 3778 2806 4109
f 3778 3235 2806
f 2705 4187 2553
f 295 3778 4109
f 2805 3777 4108
f 4194 2704 2560
f 3234 3777 2805
f 3777 123 4108
f 2703 4193 2559
f 3776 2804 4107
f 3776 3233 2804
f 4192 2702 2558
f 102 3776 4107
f 2803 3775 4106
f 2701 4191 2557
f 3232 3775 2803
f 3775 333 4106
f 4198 2700 2564
f 3774 2802 4105
f 3774 3231 2802
f 2699 4197 2563
f 280 3774 4105
f 2801 3773 4104
f 4196 2698 2562
f 3230 3773 2801
f 3773 139 4104
f 2697 4195 2561
f 3772 2800 4103
f 3772 3229 2800
f 4203 2696 2568
f 86 3772 4103
f 2799 3771 4102
f 2695 4202 2567
f 3228 3771 2799
f 3771 350 4102
f 4201 2694 2566
f 3770 2798 4101
f 3770 3227 2798
f 2693 4200 2565
f 264 3770 4101
f 2797 3769 4100
f 4209 2692 2570
f 3226 3769 2797
f 3769 156 4100
f 3768 2796 4099
f 3768 3225 2796
f 4208 2690 2569
f 70 3768 4099
f 2795 3767 4098
f 3224 3767 2795
f 3767 365 4098
f 4061 2592 2667
f 3766 2794 4097
f 3766 3223 2794
f 2591 4060 2666
f 248 3766 4097
f 2793 3765 4096
f 2590 4058 2672
f 3222 3765 2793
f 3765 171 4096
f 4057 2589 2671
f 3764 2792 4095
f 3764 3221 2792
f 2588 4056 2670
f 53 3764 4095
f 2791 3763 4094
f 4055 2587 2669
f 3220 3763 2791
f 3763 381 4094
f 2586 4054 2676
f 3762 2790 4093
f 3762 3219 2790
f 4053 2585 2675
f 231 3762 4093
f 2789 3761 4092
f 2584 4052 2674
f 3218 3761 2789
f 3761 187 4092
f 4051 2583 2673
f 3760 2788 4091
f 3760 3217 2788
f 2582 4050 2680
f 38 3760 4091
f 3758 2786 4089
f 4049 2581 2679
f 3758 3211 2786
f 215 3758 4089
f 2580 4048 2678
f 2785 3757 4088
f 3210 3757 2785
f 4047 2579 2677
f 3757 203 4088
f 4472 132 3525
f 2578 4046 2684
f 4471 3636 3524
f 94 4471 3524
f 4045 2577 2683
f 3631 4470 3519
f 4470 341 3519
f 2576 4044 2682
f 4469 3630 3518
f 272 4469 3518
f 4043 2575 2681
f 3629 4468 3517
f 4468 147 3517
f 2574 4042 2688
f 4467 3628 3516
f 77 4467 3516
f 4041 2573 2687
f 3623 4466 3511
f 4466 358 3511
f 2572 4040 2686
f 4465 3622 3510
f 255 4465 3510
f 4039 2571 2685
f 4116 2994 3950
f 2544 4116 3950
f 2993 4115 3949
f 4115 2543 3949
f 4114 2992 3948
f 2542 4114 3948
f 2991 4113 3947
f 4113 2541 3947
f 4118 3001 3866
f 3000 4117 3865
f 4122 2986 3942
f 2540 4122 3942
f 2985 4121 3941
f 4121 2539 3941
f 4120 2984 3940
f 2538 4120 3940
f 2983 4119 3939
f 4119 2537 3939
f 4130 3010 3874
f 3009 4129 3873
f 4128 3008 3872
f 3007 4127 3871
f 4134 2978 3934
f 2536 4134 3934
f 2977 4133 3933
f 4133 2535 3933
f 4132 2976 3932
f 2534 4132 3932
f 2975 4131 3931
f 4131 2533 3931
f 4142 3018 3882
f 3017 4141 3881
f 4140 3016 3880
f 3015 4139 3879
f 4146 2970 3926
f 2532 4146 3926
f 2969 4145 3925
f 4145 2531 3925
f 4144 2968 3924
f 2530 4144 3924
f 2967 4143 3923
f 4143 2529 3923
f 4154 3022 3890
f 3021 4153 3889
f 4152 3020 3888
f 3019 4151 3887
f 4158 2962 3920
f 2528 4158 3920
f 2961 4157 3919
f 4157 2527 3919
f 4156 2960 3918
f 2526 4156 3918
f 2959 4155 3917
f 4155 2525 3917
f 4166 3030 3898
f 3029 4165 3897
f 4164 3028 3896
f 3027 4163 3895
f 3621 4464 3509
f 4491 448 449
f 4464 164 3509
f 4463 3620 3508
f 3592 4490 3486
f 62 4463 3508
f 4176 3038 3906
f 3037 4175 3905
f 4174 3036 3904
f 3035 4173 3903
f 3613 4462 3503
f 4462 374 3503
f 4461 3612 3502
f 239 4461 3502
f 4182 3046 3912
f 4490 589 3486
f 589 4490 587
f 4180 3044 3911
f 4489 3591 3485
f 665 4489 3485
f 3611 4460 3501
f 4460 179 3501
f 4459 3610 3500
f 45 4459 3500
f 4458 3600 3496
f 224 4458 3496
f 3599 4457 3495
f 4457 195 3495
f 3601 4456 3497
f 4489 665 667
f 3590 4488 3484
f 4488 807 3484
f 807 4488 806
f 4495 3583 3479
f 465 4495 3479
f 4495 465 467
f 2502 4199 3865
f 4199 2502 2741
f 3582 4494 3478
f 2500 4207 3860
f 4207 2500 2740
f 4206 2499 3859
f 2499 4206 2739
f 2498 4205 3858
f 4205 2498 2738
f 4204 2497 3857
f 2497 4204 2737
f 2496 4213 3852
f 4213 2496 2736
f 4212 2495 3851
f 2495 4212 2735
f 2494 4211 3850
f 4211 2494 2734
f 4210 2493 3849
f 2493 4210 2733
f 2492 4217 3844
f 4217 2492 2732
f 4216 2491 3843
f 2491 4216 2731
f 2490 4215 3842
f 4215 2490 2730
f 4214 2489 3841
f 2489 4214 2729
f 2488 4221 3836
f 4221 2488 2728
f 4220 2487 3835
f 2487 4220 2727
f 2486 4219 3834
f 4219 2486 2726
f 4218 2485 3833
f 2485 4218 2725
f 2484 4225 3830
f 4225 2484 2724
f 4224 2483 3829
f 2483 4224 2723
f 2482 4223 3828
f 4223 2482 2722
f 4222 2481 3827
f 2481 4222 2721
f 2480 4227 3822
f 4227 2480 2720
f 2479 4226 3821
f 4226 2479 2719
f 4494 571 3478
f 571 4494 569
f 4493 3581 3477
f 684 4493 3477
f 4493 684 685
f 3580 4492 3476
f 4492 789 3476
f 789 4492 788
f 3609 4499 3683
f 4499 431 3683
f 4498 3606 3680
f 824 4498 3680
f 4497 3608 3682
f 605 4497 3682
f 3607 4496 3681
f 4496 650 3681
f 3583 4495 3671
f 4495 467 3671
f 4494 3582 3670
f 569 4494 3670
f 3581 4493 3669
f 4493 685 3669
f 3046 4182 4004
f 4492 3580 3668
f 4182 2570 4004
f 4181 3045 4003
f 788 4492 3668
f 3044 4180 4002
f 4456 390 3497
f 4180 2569 4002
f 4179 3043 4001
f 4455 3598 3494
f 3038 4176 3996
f 29 4455 3494
f 4176 2568 3996
f 4175 3037 3995
f 228 4454 4405
f 2567 4175 3995
f 3036 4174 3994
f 3593 4491 3675
f 4174 2566 3994
f 4173 3035 3993
f 4491 449 3675
f 2565 4173 3993
f 3030 4166 3988
f 4490 3592 3674
f 4166 2564 3988
f 4165 3029 3987
f 587 4490 3674
f 2563 4165 3987
f 3028 4164 3986
f 3591 4489 3673
f 4164 2562 3986
f 4163 3027 3985
f 4489 667 3673
f 2561 4163 3985
f 3022 4154 3980
f 4488 3590 3672
f 4154 2560 3980
f 4153 3021 3979
f 806 4488 3672
f 2559 4153 3979
f 3020 4152 3978
f 4487 2643 3352
f 4152 2558 3978
f 4151 3019 3977
f 4487 3402 4252
f 2557 4151 3977
f 3018 4142 3972
f 3402 4487 3352
f 4142 2556 3972
f 4141 3017 3971
f 2643 4487 4252
f 2555 4141 3971
f 3016 4140 3970
f 4486 2641 3350
f 4140 2554 3970
f 4139 3015 3969
f 4486 3400 4250
f 2553 4139 3969
f 3010 4130 3964
f 3400 4486 3350
f 4130 2552 3964
f 4129 3009 3963
f 2641 4486 4250
f 2551 4129 3963
f 3008 4128 3962
f 4396 518 3455
f 4128 2550 3962
f 4127 3007 3961
f 4396 3551 516
f 2549 4127 3961
f 3001 4118 3956
f 3578 4454 3482
f 4118 2547 3956
f 4117 3000 3955
f 4407 51 49
f 2546 4117 3955
f 4454 3578 4405
f 4454 228 3482
f 4453 191 4404
f 4453 3577 3481
f 3577 4453 4404
f 191 4453 3481
f 4452 385 4406
f 4452 3579 3483
f 3579 4452 4406
f 385 4452 3483
f 33 4451 4403
f 3576 4451 3480
f 4451 3576 4403
f 4451 33 3480
f 212 4450 4432
f 3589 4450 3489
f 4450 3589 4432
f 384 4406 385
f 4450 212 3489
f 4405 229 228
f 3551 4396 3455
f 4449 370 4410
f 518 4396 516
f 4449 3567 3475
f 4395 735 3454
f 4395 3549 733
f 3549 4395 3454
f 735 4395 733
f 4394 626 3499
f 4394 3619 624
f 3619 4394 3499
f 626 4394 624
f 4393 3455 518
f 519 4393 518
f 4392 3454 735
f 737 4392 735
f 3463 4391 501
f 4391 499 501
f 4390 3462 536
f 538 4390 536
f 3461 4389 719
f 4389 717 719
f 4388 3460 753
f 755 4388 753
f 3471 4387 483
f 2779 3369 3563
f 3369 510 3563
f 3368 2778 3562
f 527 3368 3562
f 2777 3367 3561
f 3367 727 3561
f 3366 2776 3560
f 745 3366 3560
f 2783 3373 3575
f 3373 492 3575
f 3372 2782 3574
f 545 3372 3574
f 2781 3371 3573
f 3371 710 3573
f 3370 2780 3572
f 763 3370 3572
f 4387 482 483
f 4386 3470 554
f 556 4386 554
f 3469 4385 701
f 4385 699 701
f 4384 3468 772
f 774 4384 772
f 3479 4383 465
f 4383 464 465
f 4382 3478 571
f 573 4382 571
f 3477 4381 684
f 4381 682 684
f 4380 3476 789
f 791 4380 789
f 3487 4379 448
f 4379 445 448
f 4378 3486 589
f 591 4378 589
f 3485 4377 665
f 4377 663 665
f 4376 3484 807
f 809 4376 807
f 4375 426 3507
f 3567 4449 4410
f 3627 4375 3507
f 426 4375 424
f 3529 4532 3787
f 189 4404 191
f 4374 3626 3506
f 4374 611 613
f 698 4532 4356
f 409 2747 2743
f 2743 408 409
f 2746 409 2742
f 408 2742 409
f 3403 3185 2620
f 3186 3402 2619
f 3401 3187 2618
f 3188 3400 2617
f 3407 3181 2624
f 3182 3406 2623
f 3405 3183 2622
f 3184 3404 2621
f 3411 3177 2628
f 3178 3410 2627
f 3409 3179 2626
f 3180 3408 2625
f 3415 3173 2632
f 3174 3414 2631
f 3413 3175 2630
f 3176 3412 2629
f 3419 3169 2636
f 3170 3418 2635
f 3417 3171 2634
f 3172 3416 2633
f 3423 3165 2640
f 3166 3422 2639
f 3421 3167 2638
f 3168 3420 2637
f 370 4449 3475
f 3625 4373 3505
f 643 4373 641
f 829 4372 3504
f 4403 36 33
f 4372 3624 3504
f 4372 829 831
f 3493 4371 430
f 4371 428 430
f 4370 3492 607
f 609 4370 607
f 3491 4369 648
f 4369 646 648
f 4368 3490 826
f 828 4368 826
f 4531 444 3797
f 243 4448 4409
f 3635 4367 3515
f 444 4367 441
f 4531 3515 4367
f 3566 4448 3474
f 4366 3634 3514
f 4366 594 595
f 3515 4531 3797
f 4448 3566 4409
f 3633 4365 3513
f 661 4365 660
f 444 4531 4367
f 4448 243 3474
f 4364 3632 3512
f 4364 811 814
f 811 4530 3794
f 4447 175 4408
f 3643 4363 3523
f 462 4363 460
f 3512 4530 4364
f 4447 3565 3473
f 4362 3642 3522
f 4362 575 577
f 4530 3512 3794
f 3565 4447 4408
f 3641 4361 3521
f 679 4361 677
f 4530 811 4364
f 175 4447 3473
f 4360 3640 3520
f 4360 793 795
f 4359 3499 626
f 627 4359 626
f 4529 661 3795
f 49 4446 4407
f 3651 4358 3531
f 479 4358 478
f 4529 3513 4365
f 3564 4446 3472
f 4357 3650 3530
f 4357 558 559
f 3513 4529 3795
f 4446 3564 4407
f 3649 4356 3529
f 698 4356 695
f 661 4529 4365
f 4446 49 3472
f 4355 3648 3528
f 4355 775 777
f 4445 353 4414
f 4445 3555 3467
f 3555 4445 4414
f 353 4445 3467
f 259 4444 4413
f 3554 4444 3466
f 4444 3554 4413
f 4444 259 3466
f 4443 160 4412
f 4443 3553 3465
f 3553 4443 4412
f 160 4443 3465
f 4402 3701 422
f 3701 4402 3627
f 424 4402 422
f 3698 4401 833
f 4401 3698 3624
f 4401 831 833
f 3728 4516 3596
f 4516 580 3596
f 4515 3727 3595
f 675 4515 3595
f 3726 4514 3594
f 4514 798 3594
f 4513 3741 3587
f 476 4513 3587
f 3740 4512 3586
f 4512 561 3586
f 4511 3739 3585
f 693 4511 3585
f 3738 4510 3584
f 4510 779 3584
f 4354 516 3551
f 4354 3659 514
f 3659 4354 3551
f 516 4354 514
f 4353 733 3549
f 4353 3657 731
f 3657 4353 3549
f 733 4353 731
f 4352 3395 2753
f 3396 4351 2754
f 4350 3397 2755
f 3394 4349 2752
f 4348 3393 2759
f 3392 4347 2758
f 4346 3391 2757
f 3390 4345 2756
f 4344 3389 2763
f 3388 4343 2762
f 4342 3387 2761
f 3386 4341 2760
f 4340 3385 2767
f 3384 4339 2766
f 4338 3383 2765
f 3382 4337 2764
f 4336 3381 2771
f 3380 4335 2770
f 4334 3379 2769
f 3378 4333 2768
f 4332 3377 2775
f 3376 4331 2774
f 4330 3375 2773
f 3374 4329 2772
f 4509 3699 3615
f 639 4509 3615
f 3700 4508 3616
f 4508 615 3616
f 3547 4441 4420
f 338 4441 3459
f 275 4440 4419
f 3546 4440 3458
f 3693 4328 391
f 4328 394 391
f 4327 3692 221
f 219 4327 221
f 3691 4326 198
f 4326 199 198
f 4325 3690 27
f 25 4325 27
f 3705 4324 375
f 4324 378 375
f 4323 3704 238
f 235 4323 238
f 3703 4322 181
f 4322 184 181
f 4321 3702 44
f 41 4321 44
f 3717 4320 360
f 4320 361 360
f 4319 3716 254
f 252 4319 254
f 3715 4318 166
f 4318 167 166
f 4317 3714 59
f 58 4317 59
f 3725 4316 344
f 4316 346 344
f 4315 3724 270
f 268 4315 270
f 3723 4314 150
f 4314 151 150
f 4313 3722 75
f 74 4313 75
f 3737 4312 328
f 4312 330 328
f 4311 3736 285
f 284 4311 285
f 3295 4264 3373
f 4264 492 3373
f 4263 3294 3372
f 545 4263 3372
f 3293 4262 3371
f 4262 710 3371
f 4261 3292 3370
f 763 4261 3370
f 3735 4310 134
f 4310 135 134
f 4309 3734 92
f 90 4309 92
f 3291 4260 3369
f 4260 510 3369
f 4259 3290 3368
f 527 4259 3368
f 3289 4258 3367
f 4258 727 3367
f 4257 3288 3366
f 745 4257 3366
f 3831 2741 3832
f 2740 3826 3840
f 3825 2739 3839
f 2738 3824 3838
f 3823 2737 3837
f 2736 3820 3848
f 3819 2735 3847
f 2734 3818 3846
f 3817 2733 3845
f 2732 3816 3856
f 3815 2731 3855
f 2730 3814 3854
f 3813 2729 3853
f 2728 3812 3864
f 3811 2727 3863
f 2726 3810 3862
f 3809 2725 3861
f 2724 3807 3870
f 3806 2723 3869
f 2722 3805 3868
f 3804 2721 3867
f 2720 3799 3878
f 2719 3798 3876
f 3745 4308 312
f 4308 314 312
f 3743 4307 118
f 4307 120 118
f 4306 3744 301
f 299 4306 301
f 4305 3742 108
f 105 4305 108
f 4500 3541 4426
f 4500 715 3783
f 66 4442 4411
f 3552 4442 3464
f 4442 3552 4411
f 4442 66 3464
f 4441 338 4420
f 4441 3547 3459
f 3353 4304 2644
f 4304 3377 2644
f 4303 3352 2643
f 3376 4303 2643
f 3351 4302 2642
f 4302 3375 2642
f 4301 3350 2641
f 3374 4301 2641
f 3361 4300 2648
f 4300 3381 2648
f 4299 3360 2647
f 3380 4299 2647
f 3359 4298 2646
f 4298 3379 2646
f 4297 3358 2645
f 3378 4297 2645
f 3365 4296 2652
f 4296 3385 2652
f 4295 3364 2651
f 3384 4295 2651
f 3363 4294 2650
f 4294 3383 2650
f 4293 3362 2649
f 3382 4293 2649
f 2954 4168 3822
f 2953 4167 3821
f 2962 4158 3830
f 4157 2961 3829
f 2960 4156 3828
f 4155 2959 3827
f 3357 4292 2656
f 4292 3389 2656
f 4291 3356 2655
f 3388 4291 2655
f 3355 4290 2654
f 4290 3387 2654
f 4289 3354 2653
f 3386 4289 2653
f 2970 4146 3836
f 4145 2969 3835
f 2968 4144 3834
f 4143 2967 3833
f 2978 4134 3844
f 4133 2977 3843
f 2976 4132 3842
f 4131 2975 3841
f 2986 4122 3852
f 4121 2985 3851
f 2984 4120 3850
f 4119 2983 3849
f 2994 4116 3860
f 4115 2993 3859
f 2992 4114 3858
f 4113 2991 3857
f 2688 4042 2596
f 4041 2687 2595
f 2686 4040 2594
f 4039 2685 2593
f 2684 4046 2600
f 4045 2683 2599
f 2682 4044 2598
f 4043 2681 2597
f 2680 4050 2604
f 4049 2679 2603
f 2678 4048 2602
f 4047 2677 2601
f 2676 4054 2608
f 4053 2675 2607
f 2674 4052 2606
f 4051 2673 2605
f 2672 4058 2612
f 4057 2671 2611
f 2670 4056 2610
f 4055 2669 2609
f 2668 4062 2616
f 4061 2667 2615
f 2666 4060 2614
f 4059 2665 2613
f 3349 4288 2660
f 4288 3393 2660
f 4287 3348 2659
f 3392 4287 2659
f 3347 4286 2658
f 4286 3391 2658
f 4285 3346 2657
f 3390 4285 2657
f 4284 3344 2663
f 3396 4284 2663
f 3343 4283 2662
f 4283 3395 2662
f 3345 4282 2664
f 4282 3397 2664
f 4281 3342 2661
f 3394 4281 2661
f 3316 2545 2713
f 2548 3317 2714
f 3318 2613 2665
f 2614 3319 2666
f 3320 2615 2667
f 2616 3321 2668
f 3322 2609 2669
f 2610 3323 2670
f 3324 2611 2671
f 2612 3325 2672
f 3326 2605 2673
f 2606 3327 2674
f 3328 2607 2675
f 2608 3329 2676
f 3330 2601 2677
f 2602 3331 2678
f 3332 2603 2679
f 2604 3333 2680
f 3334 2597 2681
f 2598 3335 2682
f 3336 2599 2683
f 2600 3337 2684
f 3338 2593 2685
f 2594 3339 2686
f 3340 2595 2687
f 2596 3341 2688
f 3185 3366 3288
f 3366 3185 2776
f 3367 3186 3289
f 3186 3367 2777
f 3187 3368 3290
f 3368 3187 2778
f 3369 3188 3291
f 3188 3369 2779
f 3181 3370 3292
f 3370 3181 2780
f 3371 3182 3293
f 3182 3371 2781
f 3183 3372 3294
f 3372 3183 2782
f 3373 3184 3295
f 3184 3373 2783
f 2779 3400 3188
f 3401 2778 3187
f 2777 3402 3186
f 3403 2776 3185
f 2783 3404 3184
f 3405 2782 3183
f 2781 3406 3182
f 3407 2780 3181
f 4440 3546 4419
f 4440 275 3458
f 4439 143 4418
f 4439 3545 3457
f 3545 4439 4418
f 143 4439 3457
f 81 4438 4417
f 3544 4438 3456
f 4438 3544 4417
f 4438 81 3456
f 4437 321 4424
f 4437 3539 3453
f 3539 4437 4424
f 321 4437 3453
f 291 4436 4423
f 3538 4436 3452
f 3424 747 749
f 726 3425 723
f 3426 529 531
f 315 4110 317
f 4109 297 295
f 121 4108 123
f 4107 104 102
f 332 4106 333
f 4105 282 280
f 138 4104 139
f 4103 88 86
f 348 4102 350
f 4101 266 264
f 154 4100 156
f 4099 72 70
f 363 4098 365
f 4097 250 248
f 170 4096 171
f 4095 56 53
f 379 4094 381
f 4093 234 231
f 186 4092 187
f 4091 39 38
f 395 4090 397
f 4089 217 215
f 201 4088 203
f 4087 23 22
f 508 3427 506
f 3428 766 768
f 4086 395 394
f 708 3429 706
f 3430 547 549
f 217 4085 219
f 490 3431 488
f 3432 784 786
f 4084 201 199
f 689 3433 687
f 3434 565 567
f 23 4083 25
f 471 3435 469
f 3436 801 803
f 4082 379 378
f 672 3437 669
f 3438 584 585
f 234 4081 235
f 454 3439 452
f 3440 820 822
f 4080 186 184
f 653 3441 652
f 3442 602 604
f 39 4079 41
f 435 3443 434
f 3444 837 840
f 4078 363 361
f 635 3445 633
f 3446 619 621
f 250 4077 252
f 417 3447 415
f 3448 114 112
f 4076 170 167
f 3449 308 306
f 95 3450 98
f 56 4075 58
f 3451 130 128
f 289 3452 291
f 4074 348 346
f 3453 323 321
f 79 3456 81
f 266 4073 268
f 3457 146 143
f 274 3458 275
f 4072 154 151
f 3459 339 338
f 64 3464 66
f 72 4071 74
f 3465 162 160
f 257 3466 259
f 4070 332 330
f 3467 356 353
f 48 3472 49
f 282 4069 284
f 3473 177 175
f 241 3474 243
f 4068 138 135
f 3475 371 370
f 31 3480 33
f 88 4067 90
f 3481 193 191
f 226 3482 228
f 4066 315 314
f 3483 388 385
f 3488 209 207
f 297 4065 299
f 209 3489 212
f 3494 31 29
f 4064 121 120
f 193 3495 195
f 3496 226 224
f 104 4063 105
f 388 3497 390
f 3500 48 45
f 177 3501 179
f 3502 241 239
f 371 3503 374
f 3508 64 62
f 162 3509 164
f 3510 257 255
f 356 3511 358
f 3516 79 77
f 146 3517 147
f 3518 274 272
f 339 3519 341
f 3524 95 94
f 130 3525 132
f 3526 289 288
f 323 3527 325
f 4436 3538 4423
f 114 3533 115
f 4436 291 3452
f 308 3535 309
f 4435 128 4422
f 4435 3537 3451
f 4400 3646 3534
f 2692 4004 2570
f 2690 4002 2569
f 2696 3996 2568
f 3995 2695 2567
f 2694 3994 2566
f 3993 2693 2565
f 2700 3988 2564
f 3987 2699 2563
f 2698 3986 2562
f 3985 2697 2561
f 2704 3980 2560
f 3979 2703 2559
f 2702 3978 2558
f 3977 2701 2557
f 2708 3972 2556
f 3971 2707 2555
f 2706 3970 2554
f 3969 2705 2553
f 2712 3964 2552
f 3963 2711 2551
f 2710 3962 2550
f 3961 2709 2549
f 4399 3644 3532
f 4398 3399 2745
f 2720 3878 2524
f 2719 3876 2523
f 2724 3870 2522
f 3869 2723 2521
f 2722 3868 2520
f 3867 2721 2519
f 2728 3864 2518
f 3863 2727 2517
f 2726 3862 2516
f 3861 2725 2515
f 2732 3856 2514
f 3855 2731 2513
f 2730 3854 2512
f 3853 2729 2511
f 2736 3848 2510
f 3847 2735 2509
f 2734 3846 2508
f 3845 2733 2507
f 401 4398 2745
f 3398 4397 2744
f 4397 17 2744
f 3733 400 397
f 2740 3840 2506
f 3839 2739 2505
f 2738 3838 2504
f 3837 2737 2503
f 19 3730 22
f 762 3746 759
f 3747 712 714
f 3560 743 745
f 730 3561 727
f 3562 526 527
f 512 3563 510
f 543 3748 542
f 3832 2741 2502
f 2741 3831 2501
f 3749 494 496
f 743 3750 741
f 3751 730 731
f 3572 762 763
f 712 3573 710
f 3574 543 545
f 494 3575 492
f 526 3752 523
f 3826 2740 2500
f 2739 3825 2499
f 3824 2738 2498
f 2737 3823 2497
f 3753 512 514
f 3754 840 842
f 415 3755 414
f 3584 779 782
f 693 3585 692
f 3586 561 564
f 476 3587 474
f 3756 22 3730
f 3820 2736 2496
f 2735 3819 2495
f 3818 2734 2494
f 2733 3817 2493
f 397 3759 3733
f 3594 798 799
f 675 3595 673
f 3596 580 582
f 458 3597 456
f 3689 621 624
f 633 3688 632
f 434 3683 431
f 3816 2732 2492
f 2731 3815 2491
f 3814 2730 2490
f 2729 3813 2489
f 3682 604 605
f 3602 815 818
f 657 3603 655
f 3604 597 599
f 440 3605 437
f 652 3681 650
f 3680 822 824
f 452 3675 449
f 3812 2728 2488
f 2727 3811 2487
f 3810 2726 2486
f 2725 3809 2485
f 3674 585 587
f 3614 833 836
f 639 3615 637
f 2946 3808 3498
f 3807 2724 2484
f 2723 3806 2483
f 3805 2722 2482
f 2721 3804 2481
f 3616 615 618
f 3803 2941 3507
f 422 3617 419
f 2940 3802 3506
f 669 3673 667
f 3801 2939 3505
f 3672 803 806
f 2938 3800 3504
f 3799 2720 2480
f 3798 2719 2479
f 469 3671 467
f 3797 2933 3515
f 3670 567 569
f 2932 3796 3514
f 687 3669 685
f 3795 2931 3513
f 3668 786 788
f 2930 3794 3512
f 488 3667 485
f 3793 2925 3523
f 3666 549 552
f 2924 3792 3522
f 2900 3780 3548
f 3791 2923 3521
f 706 3665 703
f 2922 3790 3520
f 2902 3781 3550
f 3789 2917 3531
f 3664 768 770
f 2916 3788 3530
f 2908 3782 3540
f 3787 2915 3529
f 506 3663 503
f 2914 3786 3528
f 3660 749 752
f 3785 2911 3543
f 723 3661 721
f 2910 3784 3542
f 3662 531 533
f 3783 2909 3541
f 207 4433 3488
f 3588 4433 4431
f 4433 3588 3488
f 4433 207 4431
f 4434 98 3450
f 4434 3536 4421
f 3536 4434 3450
f 98 4434 4421
f 128 4435 3451
f 3537 4435 4422
f 4522 611 4374
f 4522 3506 3802
f 3506 4522 4374
f 611 4522 3802
f 4523 793 4360
f 4523 3520 3790
f 3520 4523 4360
f 793 4523 3790
f 679 4524 4361
f 3521 4524 3791
f 4524 3521 4361
f 4524 679 3791
f 4525 575 4362
f 4525 3522 3792
f 3522 4525 4362
f 575 4525 3792
f 462 4526 4363
f 3523 4526 3793
f 4526 3523 4363
f 4526 462 3793
f 643 4527 4373
f 3505 4527 3801
f 4527 3505 4373
f 4527 643 3801
f 4528 594 4366
f 4528 3514 3796
f 3514 4528 4366
f 594 4528 3796
f 5798 6353 6127
f 5326 5359 847
f 5438 5384 4705
f 5384 5438 4689
f 5360 5325 847
f 5291 6127 6369
f 4792 852 4
f 843 4792 4
f 4794 854 4790
f 4794 845 6
f 845 4794 4790
f 854 4794 6
f 4793 845 4789
f 4793 1254 6
f 1254 4793 4789
f 845 4793 6
f 852 4791 4
f 4792 851 852
f 5383 5437 4704
f 4791 412 4
f 851 4791 852
f 5437 5383 4688
f 6127 5291 5798
f 4790 846 845
f 5436 5382 4703
f 5382 5436 4687
f 848 5361 849
f 846 4789 845
f 5361 848 4770
f 6353 913 6127
f 5381 5435 4702
f 5435 5381 4686
f 6352 5797 6126
f 5388 5434 4701
f 5362 848 849
f 5434 5388 4685
f 848 5362 4771
f 848 5360 847
f 5359 848 847
f 6126 5290 6368
f 5433 5387 4700
f 5387 5433 4684
f 5290 6126 5797
f 5386 5432 4699
f 5432 5386 4683
f 991 6352 6126
f 5431 5385 4698
f 5385 5431 4682
f 5796 6351 6125
f 5275 6051 5380
f 5430 5392 4681
f 5289 6125 6367
f 6051 4719 5380
f 5391 5429 4680
f 6125 5289 5796
f 4719 6051 4645
f 5428 5390 4679
f 4771 5360 848
f 6351 1116 6125
f 5359 4770 848
f 6050 5274 5379
f 5389 5427 4678
f 6350 5795 6124
f 4718 6050 5379
f 5396 5426 4677
f 6124 5288 6366
f 6050 4718 4644
f 5425 5395 4676
f 5288 6124 5795
f 5273 6049 5378
f 5394 5424 4675
f 1193 6350 6124
f 6049 4717 5378
f 5423 5393 4674
f 5326 4790 5422
f 5358 4689 5215
f 846 4790 5326
f 5326 847 846
f 4789 5325 5421
f 4688 5357 5214
f 4789 846 5325
f 847 5325 846
f 6290 4828 6035
f 5356 4687 5213
f 6294 4693 4723
f 6357 5790 6131
f 4828 6290 5187
f 4686 5355 5212
f 4692 6293 4722
f 6131 5287 6371
f 4727 6290 6035
f 4685 5354 5219
f 6292 4691 4721
f 5287 6131 5790
f 4825 6287 6032
f 5353 4684 5218
f 4690 6291 4720
f 866 6357 6131
f 6287 4825 5184
f 4683 5352 5217
f 4697 6290 4727
f 5789 6356 6130
f 6287 4724 6032
f 5351 4682 5216
f 6289 4696 4726
f 5286 6130 6373
f 4824 6294 6043
f 4681 5350 5227
f 4695 6288 4725
f 6130 5286 5789
f 6294 4824 5195
f 5349 4680 5226
f 6287 4694 4724
f 6356 1039 6130
f 6355 5788 6129
f 4679 5348 5225
f 4701 6286 4731
f 4731 6103 4701
f 4717 6049 4643
f 5347 4678 5224
f 6285 4700 4730
f 6129 5285 6372
f 5285 6129 5788
f 5346 4677 5235
f 4699 6284 4729
f 4729 6101 4699
f 6048 5272 5377
f 4676 5345 5234
f 6283 4698 4728
f 1068 6355 6129
f 5787 6354 6128
f 5344 4675 5233
f 6282 4705 4735
f 6107 4735 4705
f 5284 6128 6370
f 4674 5343 5232
f 4704 6281 4734
f 4734 6106 4704
f 6128 5284 5787
f 6280 4703 4733
f 6105 4733 4703
f 6354 1242 6128
f 4702 6279 4732
f 4732 6104 4702
f 6250 4657 6073
f 6361 5782 6135
f 4657 6250 4635
f 6069 4657 4635
f 4656 6249 6072
f 6135 5283 6377
f 6249 4656 4634
f 4656 6068 4634
f 6248 4655 6071
f 5283 6135 5782
f 4655 6248 4633
f 6067 4655 4633
f 4654 6247 6070
f 942 6361 6135
f 6247 4654 4632
f 4654 6066 4632
f 4653 6242 6065
f 5781 6359 6134
f 6242 4653 4631
f 4653 6061 4631
f 6241 4652 6064
f 5282 6134 6376
f 4652 6241 4630
f 6060 4652 4630
f 4651 6240 6063
f 6134 5282 5781
f 6240 4651 4629
f 4651 6059 4629
f 6239 4650 6062
f 6359 964 6134
f 4650 6239 4628
f 6058 4650 4628
f 6237 4648 6056
f 6360 5780 6133
f 4648 6237 4626
f 6053 4648 4626
f 4647 6236 6055
f 6133 5281 6375
f 6236 4647 4625
f 4647 6052 4625
f 6233 4645 6051
f 5281 6133 5780
f 4645 6233 4623
f 6047 4645 4623
f 4644 6232 6050
f 1144 6360 6133
f 6232 4644 4622
f 4644 6046 4622
f 6231 4643 6049
f 5779 6358 6132
f 4643 6231 4621
f 6045 4643 4621
f 4642 6230 6048
f 5280 6132 6374
f 6230 4642 4620
f 4642 6044 4620
f 6276 4723 6089
f 6132 5280 5779
f 6276 4739 4723
f 4739 6043 4723
f 4722 6275 6088
f 6358 1165 6132
f 4738 6275 4722
f 6042 4738 4722
f 6274 4721 6087
f 5774 6365 6139
f 6274 4737 4721
f 4737 6041 4721
f 4720 6273 6086
f 5279 6139 6381
f 4736 6273 4720
f 6040 4736 4720
f 4727 6272 6085
f 6139 5279 5774
f 4743 6272 4727
f 6035 4743 4727
f 6271 4726 6084
f 6365 888 6139
f 6271 4742 4726
f 4742 6034 4726
f 4725 6270 6083
f 6364 5773 6138
f 4741 6270 4725
f 6033 4741 4725
f 6269 4724 6082
f 6138 5278 6380
f 6269 4740 4724
f 4740 6032 4724
f 6266 4730 6080
f 5278 6138 5773
f 6266 4745 4730
f 4745 6026 4730
f 6265 4728 6078
f 1017 6364 6138
f 6265 4744 4728
f 4744 6024 4728
f 5772 6363 6137
f 5172 6235 6264
f 6264 4627 4649
f 4627 6057 4649
f 5277 6137 6379
f 5172 6264 5228
f 4624 6263 4646
f 6054 4624 4646
f 6137 5277 5772
f 6363 1089 6137
f 6362 5771 6136
f 6027 4611 4641
f 6136 5276 6378
f 5276 6136 5771
f 1219 6362 6136
f 6025 4609 4640
f 6235 4627 6264
f 4965 6171 6211
f 4571 6167 4585
f 4607 6019 4639
f 5933 4571 4585
f 6234 5175 6263
f 4965 6211 5148
f 6018 4606 4638
f 6166 4570 4584
f 4570 5932 4584
f 6263 5175 5231
f 4605 6017 4637
f 6171 4753 6211
f 4569 6165 4583
f 5931 4569 4583
f 6016 4604 4636
f 4624 6234 6263
f 6170 4966 6210
f 6164 4568 4582
f 6011 4603 4635
f 4568 5930 4582
f 5786 5231 5175
f 6210 4966 5149
f 4602 6010 4634
f 6175 4575 4589
f 4575 5937 4589
f 5786 5175 5706
f 6009 4601 4633
f 4752 6170 6210
f 4574 6174 4588
f 5936 4574 4588
f 4600 6008 4632
f 5228 5783 5172
f 4967 6169 6209
f 6173 4573 4587
f 4599 6007 4631
f 4573 5935 4587
f 5172 5783 5703
f 4967 6209 5150
f 6006 4598 4630
f 4572 6172 4586
f 5934 4572 4586
f 5354 6319 5548
f 4597 6005 4629
f 5134 6189 6191
f 5548 5219 5354
f 6319 750 5548
f 6004 4596 4628
f 6278 4747 5987
f 6278 4765 4747
f 6091 4747 4765
f 6318 5353 5547
f 6191 4981 5134
f 5218 5547 5353
f 5998 4595 4626
f 724 6318 5547
f 5352 6317 5546
f 5628 5121 5086
f 4594 5997 4625
f 4746 6277 5984
f 4762 6277 4746
f 4746 6090 4762
f 5546 5217 5352
f 6317 532 5546
f 6316 5351 5545
f 5991 4593 4623
f 6189 4764 6191
f 5216 5545 5351
f 505 6316 5545
f 4592 5990 4622
f 6323 5358 5560
f 5126 6183 6199
f 5215 5560 5358
f 5989 4591 4621
f 805 6323 5560
f 5357 6322 5559
f 6199 4986 5126
f 4590 5988 4620
f 5559 5214 5357
f 6322 668 5559
f 6321 5356 5558
f 4589 5983 4619
f 6169 4751 6209
f 5213 5558 5356
f 588 6321 5558
f 5982 4588 4618
f 5355 6320 5557
f 6183 4769 6199
f 5557 5212 5355
f 4587 5981 4617
f 6320 450 5557
f 6199 4769 4549
f 6182 5127 6198
f 5980 4586 4616
f 5895 4549 4769
f 4987 6198 5127
f 4768 6198 4548
f 5975 4585 4615
f 5628 5086 5568
f 4548 5894 4768
f 4768 6182 6198
f 4584 5974 4614
f 6197 4767 4547
f 5128 6181 6197
f 5893 4547 4767
f 5973 4583 4613
f 6197 4988 5128
f 4766 6196 4546
f 5120 5627 5085
f 4582 5972 4612
f 4546 5892 4766
f 6181 4767 6197
f 6191 4764 4551
f 4580 5966 4610
f 6180 5129 6196
f 5901 4551 4764
f 4989 6196 5129
f 4578 5964 4608
f 5921 4581 4567
f 4581 5921 5955
f 6168 4968 6208
f 5929 4567 4581
f 5919 4579 4565
f 4579 5919 5953
f 4766 6180 6196
f 5927 4565 4579
f 4763 6190 4550
f 4563 6171 5913
f 6294 4723 6043
f 4550 5900 4763
f 4575 5889 5937
f 6170 4562 5912
f 4761 6187 4555
f 6293 4823 6042
f 4555 5909 4761
f 4561 6169 5911
f 5889 5056 5937
f 6186 4760 4554
f 4823 6293 5194
f 6168 4560 5910
f 5908 4554 4760
f 5888 4574 5936
f 4759 6185 4553
f 6179 4559 5905
f 4722 6293 6042
f 4553 5907 4759
f 5055 5888 5936
f 4558 6178 5904
f 6184 4758 4552
f 4822 6292 6041
f 5906 4552 4758
f 6177 4557 5903
f 4573 5887 5935
f 6179 4757 4559
f 6292 4822 5193
f 4556 6176 5902
f 5917 4559 4757
f 5887 5054 5935
f 4756 6178 4558
f 4555 6187 5899
f 6292 4721 6041
f 4558 5916 4756
f 5886 4572 5934
f 6186 4554 5898
f 6177 4755 4557
f 6291 4821 6040
f 5915 4557 4755
f 4553 6185 5897
f 5053 5886 5934
f 4754 6176 4556
f 4821 6291 5192
f 6184 4552 5896
f 4556 5914 4754
f 5881 4571 5933
f 4753 6171 4563
f 6191 4551 5891
f 6208 4968 5151
f 4563 5925 4753
f 5052 5881 5933
f 4550 6190 5890
f 6170 4752 4562
f 4750 6168 6208
f 5924 4562 4752
f 6199 4549 5885
f 4570 5880 5932
f 4751 6169 4561
f 5652 5143 5093
f 4548 6198 5884
f 4561 5923 4751
f 5880 5051 5932
f 6168 4750 4560
f 6197 4547 5883
f 4720 6291 6040
f 5922 4560 4750
f 5879 4569 5931
f 4546 6196 5882
f 5153 5954 6022
f 5954 4580 4610
f 5954 4610 6022
f 4545 6207 5877
f 4575 6207 4545
f 4545 5889 4575
f 5155 5952 6020
f 6206 4544 5876
f 6206 4574 4544
f 5888 4544 4574
f 5952 4578 4608
f 4543 6205 5875
f 4573 6205 4543
f 4543 5887 4573
f 5952 4608 6020
f 6204 4542 5874
f 6204 4572 4542
f 5886 4542 4572
f 5979 5164 6047
f 6215 4541 5869
f 6215 4571 4541
f 5881 4541 4571
f 4593 5979 4623
f 4540 6214 5868
f 4570 6214 4540
f 4540 5880 4570
f 4623 5979 6047
f 6213 4539 5867
f 6213 4569 4539
f 5879 4539 4569
f 5165 5978 6046
f 4538 6212 5866
f 4568 6212 4538
f 4538 5878 4568
f 5978 4592 4622
f 4537 5837 5872
f 4566 6159 4537
f 4537 5872 4566
f 5978 4622 6046
f 4536 5836 5870
f 4564 6158 4536
f 4536 5870 4564
f 5346 6311 5442
f 6311 776 5442
f 776 6311 778
f 6310 5345 5441
f 697 6310 5441
f 6310 697 696
f 5344 6309 5440
f 6309 557 5440
f 557 6309 560
f 6308 5343 5439
f 480 6308 5439
f 6308 480 477
f 6315 5350 5446
f 834 6315 5446
f 6315 834 832
f 5349 6314 5445
f 6314 640 5445
f 640 6314 642
f 6313 5348 5444
f 616 6313 5444
f 6313 616 614
f 5347 6312 5443
f 6312 421 5443
f 421 6312 423
f 6319 5354 5450
f 751 6319 5450
f 6319 751 750
f 5353 6318 5449
f 6318 722 5449
f 722 6318 724
f 6317 5352 5448
f 534 6317 5448
f 6317 534 532
f 5351 6316 5447
f 6316 504 5447
f 504 6316 505
f 5358 6323 5454
f 6323 804 5454
f 804 6323 805
f 6322 5357 5453
f 670 6322 5453
f 6322 670 668
f 5356 6321 5452
f 6321 586 5452
f 586 6321 588
f 6320 5355 5451
f 451 6320 5451
f 6320 451 450
f 4788 4796 850
f 4796 5362 849
f 4796 849 850
f 4795 4787 850
f 5361 4795 849
f 849 4795 850
f 5977 5166 6045
f 4591 5977 4621
f 5368 4673 5384
f 4621 5977 6045
f 5167 5976 6044
f 5976 4590 4620
f 4672 5367 5383
f 5976 4620 6044
f 5986 5173 6053
f 4595 5986 4626
f 5366 4671 5382
f 4626 5986 6053
f 5174 5985 6052
f 5985 4594 4625
f 4670 5365 5381
f 5985 4625 6052
f 5180 5995 6061
f 5995 4599 4631
f 4669 5372 5388
f 5995 4631 6061
f 5994 5181 6060
f 4598 5994 4630
f 5371 4668 5387
f 4630 5994 6060
f 5182 5993 6059
f 5993 4597 4629
f 4667 5370 5386
f 5993 4629 6059
f 5992 5183 6058
f 4596 5992 4628
f 5369 4666 5385
f 4628 5992 6058
f 5171 6282 6258
f 5050 5879 5931
f 4665 5376 5392
f 6258 4844 5171
f 6282 4735 6258
f 6281 5170 6257
f 5375 4664 5391
f 4568 5878 5930
f 4843 6257 5170
f 4734 6281 6257
f 4663 5374 5390
f 5169 6280 6256
f 5878 5049 5930
f 6256 4842 5169
f 5373 4662 5389
f 6280 4733 6256
f 6279 5168 6255
f 4761 5909 5947
f 5380 4661 5396
f 4841 6255 5168
f 4732 6279 6255
f 6003 5188 6069
f 4660 5379 5395
f 4603 6003 4635
f 4635 6003 6069
f 5189 6002 6068
f 5378 4659 5394
f 6002 4602 4634
f 6002 4634 6068
f 6001 5190 6067
f 4658 5377 5393
f 4601 6001 4633
f 4633 6001 6067
f 5191 6000 6066
f 6000 4600 4632
f 6000 4632 6066
f 6286 5179 6268
f 5909 5066 5947
f 4836 6268 5179
f 4731 6286 6268
f 6284 5177 6267
f 5908 4760 5946
f 4834 6267 5177
f 4729 6284 6267
f 6381 6139 4832
f 6143 4832 6139
f 6381 4832 4800
f 6138 6380 4831
f 4831 6142 6138
f 4831 6380 4799
f 6379 6137 4830
f 6141 4830 6137
f 6379 4830 4798
f 6136 6378 4829
f 4829 6140 6136
f 4829 6378 4797
f 6135 6377 4840
f 4840 6147 6135
f 4840 6377 4804
f 6376 6134 4839
f 6146 4839 6134
f 6376 4839 4803
f 6133 6375 4838
f 4838 6145 6133
f 4838 6375 4802
f 6374 6132 4837
f 6144 4837 6132
f 6374 4837 4801
f 6131 6371 4848
f 4848 6151 6131
f 4848 6371 4808
f 6373 6130 4847
f 6150 4847 6130
f 6373 4847 4807
f 6129 6372 4846
f 4846 6149 6129
f 4846 6372 4806
f 6370 6128 4845
f 6148 4845 6128
f 6370 4845 4805
f 6369 6127 4856
f 6155 4856 6127
f 6369 4856 4812
f 6126 6368 4855
f 4855 6154 6126
f 4855 6368 4811
f 6367 6125 4854
f 6153 4854 6125
f 6367 4854 4810
f 6124 6366 4853
f 4853 6152 6124
f 4853 6366 4809
f 5963 5156 6031
f 4585 5963 4615
f 4615 5963 6031
f 5157 5962 6030
f 5362 4796 4577
f 4771 5362 4577
f 4795 5361 4576
f 5361 4770 4576
f 5325 5360 5087
f 5360 4771 5087
f 5359 5326 5089
f 4770 5359 5089
f 4800 5295 6120
f 4800 4832 5295
f 4670 4800 6120
f 5294 4799 6121
f 4831 4799 5294
f 4799 4671 6121
f 4798 5293 6122
f 4798 4830 5293
f 4672 4798 6122
f 5292 4797 6123
f 4829 4797 5292
f 4797 4673 6123
f 5299 4804 6116
f 4840 4804 5299
f 4804 4666 6116
f 4803 5298 6117
f 4803 4839 5298
f 4667 4803 6117
f 5297 4802 6118
f 4838 4802 5297
f 4802 4668 6118
f 4801 5296 6119
f 4801 4837 5296
f 4669 4801 6119
f 5303 4808 6112
f 4848 4808 5303
f 4808 4662 6112
f 4807 5302 6113
f 4807 4847 5302
f 4663 4807 6113
f 5301 4806 6114
f 4846 4806 5301
f 4806 4664 6114
f 4805 5300 6115
f 4805 4845 5300
f 4665 4805 6115
f 4812 5307 6108
f 4812 4856 5307
f 4658 4812 6108
f 5306 4811 6109
f 4855 4811 5306
f 4811 4659 6109
f 4810 5305 6110
f 4810 4854 5305
f 4660 4810 6110
f 5304 4809 6111
f 4853 4809 5304
f 4809 4661 6111
f 5309 6277 5363
f 6277 5309 5984
f 5309 5644 4947
f 4947 5984 5309
f 6278 5308 5364
f 5308 6278 5987
f 5641 5308 4946
f 5987 4946 5308
f 5962 4584 4614
f 5962 4614 6030
f 5961 5158 6029
f 4583 5961 4613
f 4716 6048 5377
f 6048 4716 4642
f 5275 5726 4868
f 4868 6051 5275
f 6055 5269 5374
f 4714 6055 5374
f 5725 5274 4867
f 6050 4867 5274
f 6055 4714 4647
f 4835 6285 6026
f 5273 5724 4866
f 4866 6049 5273
f 6285 4835 5178
f 6285 4730 6026
f 5723 5272 4865
f 6048 4865 5272
f 6297 5271 5376
f 5271 6297 6057
f 5734 5271 4864
f 6057 4864 5271
f 5270 6296 5375
f 6296 5270 6056
f 5270 5733 4863
f 4863 6056 5270
f 4833 6283 6024
f 6283 4833 5176
f 5732 5269 4862
f 6055 4862 5269
f 5268 6295 5373
f 6295 5268 6054
f 5268 5731 4861
f 4861 6054 5268
f 6301 5267 5372
f 5267 6301 6065
f 5742 5267 4860
f 6065 4860 5267
f 5266 6300 5371
f 6300 5266 6064
f 5266 5741 4859
f 4859 6064 5266
f 6299 5265 5370
f 5265 6299 6063
f 5740 5265 4858
f 6063 4858 5265
f 5264 6298 5369
f 6298 5264 6062
f 5264 5739 4857
f 4857 6062 5264
f 5263 6305 5368
f 6305 5263 6073
f 5263 5750 4852
f 4852 6073 5263
f 6304 5262 5367
f 5262 6304 6072
f 5749 5262 4851
f 6072 4851 5262
f 5261 6303 5366
f 6303 5261 6071
f 5261 5748 4850
f 4850 6071 5261
f 6302 5260 5365
f 5260 6302 6070
f 5747 5260 4849
f 6070 4849 5260
f 5342 5442 5275
f 5275 5380 5342
f 4613 5961 6029
f 5441 5341 5274
f 5379 5274 5341
f 5159 5960 6028
f 5340 5440 5273
f 5273 5378 5340
f 5960 4582 4612
f 5439 5339 5272
f 5377 5272 5339
f 5960 4612 6028
f 5446 5338 5271
f 5376 5271 5338
f 5928 4566 5872
f 5337 5445 5270
f 5270 5375 5337
f 5048 5928 5872
f 5444 5336 5269
f 5374 5269 5336
f 5926 4564 5870
f 5335 5443 5268
f 5268 5373 5335
f 5047 5926 5870
f 5450 5334 5267
f 5372 5267 5334
f 5160 5971 6039
f 5333 5449 5266
f 5266 5371 5333
f 5971 4589 4619
f 5448 5332 5265
f 5370 5265 5332
f 5971 4619 6039
f 5331 5447 5264
f 5264 5369 5331
f 5970 5161 6038
f 5330 5454 5263
f 5263 5368 5330
f 4588 5970 4618
f 5453 5329 5262
f 5367 5262 5329
f 4618 5970 6038
f 5328 5452 5261
f 5261 5366 5328
f 5162 5969 6037
f 5451 5327 5260
f 5365 5260 5327
f 5969 4587 4617
f 5454 5330 5358
f 5329 5453 5357
f 5452 5328 5356
f 5327 5451 5355
f 5334 5450 5354
f 5449 5333 5353
f 5332 5448 5352
f 5447 5331 5351
f 5338 5446 5350
f 5445 5337 5349
f 5336 5444 5348
f 5443 5335 5347
f 5442 5342 5346
f 5341 5441 5345
f 5440 5340 5344
f 5339 5439 5343
f 4990 5850 5851
f 5969 4617 6037
f 5968 5163 6036
f 4586 5968 4616
f 5849 4985 5855
f 4616 5968 6036
f 5196 6015 6077
f 6015 4607 4639
f 4984 5848 5854
f 6015 4639 6077
f 6014 5197 6076
f 4606 6014 4638
f 5847 4983 5853
f 4638 6014 6076
f 5198 6013 6075
f 6013 4605 4637
f 4982 5846 5852
f 6013 4637 6075
f 6012 5199 6074
f 4604 6012 4636
f 4980 5845 5859
f 4636 6012 6074
f 6023 5200 6081
f 4611 6023 4641
f 5844 4979 5858
f 4641 6023 6081
f 6021 5202 6079
f 4609 6021 4640
f 4978 5843 5857
f 4640 6021 6079
f 5396 4677 5380
f 4677 5342 5380
f 5842 4977 5856
f 4676 5395 5379
f 5341 4676 5379
f 5394 4675 5378
f 5841 4976 5865
f 4675 5340 5378
f 4674 5393 5377
f 5339 4674 5377
f 4975 5840 5864
f 5391 4680 5375
f 4680 5337 5375
f 4679 5390 5374
f 5839 4974 5863
f 5336 4679 5374
f 4685 5388 5372
f 5334 4685 5372
f 4973 5838 5862
f 5387 4684 5371
f 4684 5333 5371
f 4683 5386 5370
f 5837 4971 5872
f 5332 4683 5370
f 5385 4682 5369
f 4682 5331 5369
f 5836 4969 5870
f 5384 4689 5368
f 4689 5330 5368
f 4688 5383 5367
f 5329 4688 5367
f 5382 4687 5366
f 4687 5328 5366
f 4686 5381 5365
f 5327 4686 5365
f 4649 6297 5376
f 4950 6307 4796
f 6115 4649 4665
f 6307 4577 4796
f 6306 4948 4795
f 5376 4665 4649
f 4576 6306 4795
f 6295 4646 5373
f 4646 6112 4662
f 4662 5373 4646
f 4681 5392 5376
f 5338 4681 5376
f 5389 4678 5373
f 4678 5335 5373
f 6381 5417 5279
f 5418 6380 5278
f 6379 5419 5277
f 5420 6378 5276
f 5413 6377 5283
f 6376 5414 5282
f 5415 6375 5281
f 6374 5416 5280
f 6373 5410 5286
f 5411 6372 5285
f 5409 6371 5287
f 6370 5412 5284
f 6369 5405 5291
f 5644 5309 5422
f 5089 5422 5309
f 5309 5363 5089
f 5308 5641 5421
f 5421 5087 5308
f 5364 5308 5087
f 5406 6368 5290
f 6367 5407 5289
f 5408 6366 5288
f 4566 6161 5920
f 4580 6161 4566
f 4566 5928 4580
f 4564 6160 5918
f 4578 6160 4564
f 4564 5926 4578
f 5999 5125 6057
f 4627 5999 6057
f 5122 5996 6054
f 5996 4624 6054
f 6307 4927 6091
f 6157 4927 4950
f 6307 4950 4927
f 5065 5908 5946
f 4759 5907 5945
f 5907 5064 5945
f 5906 4758 5944
f 5063 5906 5944
f 5917 4757 5951
f 5070 5917 5951
f 4756 5916 5950
f 5916 5069 5950
f 5915 4755 5949
f 5068 5915 5949
f 4754 5914 5948
f 5914 5067 5948
f 5901 4764 5943
f 5062 5901 5943
f 5203 5738 5155
f 5155 6020 5203
f 5155 5738 5678
f 5201 5736 5153
f 5153 6022 5201
f 5153 5736 5676
f 4753 5925 5959
f 5925 5074 5959
f 5924 4752 5958
f 4820 5540 5766
f 5430 4820 5187
f 5766 5187 4820
f 5539 4819 5765
f 4819 5429 5186
f 5186 5765 4819
f 4818 5538 5764
f 5428 4818 5185
f 5764 5185 4818
f 5537 4817 5763
f 4817 5427 5184
f 5184 5763 4817
f 5528 4816 5770
f 4816 5426 5195
f 5195 5770 4816
f 4815 5527 5769
f 5425 4815 5194
f 5769 5194 4815
f 5526 4814 5768
f 4814 5424 5193
f 5193 5768 4814
f 4813 5525 5767
f 5423 4813 5192
f 5767 5192 4813
f 5543 5078 5046
f 5860 5046 5078
f 5541 5077 5045
f 5861 5045 5077
f 5082 5556 5040
f 5040 5866 5082
f 5555 5081 5039
f 5867 5039 5081
f 5080 5554 5038
f 5038 5868 5080
f 5553 5079 5037
f 5869 5037 5079
f 5568 5086 5032
f 5874 5032 5086
f 5085 5567 5031
f 5031 5875 5085
f 5566 5084 5030
f 5876 5030 5084
f 5083 5565 5029
f 5029 5877 5083
f 5085 5627 5567
f 5626 5119 5084
f 5652 5093 5590
f 5626 5084 5566
f 5118 5625 5083
f 5142 5651 5092
f 5083 5625 5565
f 5113 5620 5082
f 5088 5582 5018
f 5018 5890 5088
f 4827 6289 6034
f 5082 5620 5556
f 5590 5093 5016
f 5896 5016 5093
f 5092 5589 5015
f 5015 5897 5092
f 5588 5091 5014
f 5898 5014 5091
f 5090 5587 5013
f 5013 5899 5090
f 5097 5598 5008
f 5008 5902 5097
f 5597 5096 5007
f 5903 5007 5096
f 5095 5596 5006
f 5006 5904 5095
f 5595 5094 5005
f 5905 5005 5094
f 5092 5651 5589
f 5650 5141 5091
f 6289 4827 5186
f 5650 5091 5588
f 5140 5649 5090
f 6289 4726 6034
f 5090 5649 5587
f 5135 5643 5088
f 5105 5612 4994
f 4994 5918 5105
f 5073 5924 5958
f 4751 5923 5957
f 5104 5610 4992
f 4992 5920 5104
f 5923 5072 5957
f 5922 4750 5956
f 5619 5112 5081
f 6288 4826 6033
f 5619 5081 5555
f 5111 5618 5080
f 5088 5643 5582
f 5080 5618 5554
f 5617 5110 5079
f 5147 5662 5097
f 5617 5079 5553
f 5044 5488 5074
f 5074 5925 5044
f 5074 5488 5564
f 5487 5043 5073
f 5924 5073 5043
f 5487 5073 5563
f 5042 5486 5072
f 5129 5636 4989
f 5071 5922 5956
f 5635 5128 4988
f 5895 4769 5941
f 5127 5634 4987
f 5060 5895 5941
f 5633 5126 4986
f 4768 5894 5940
f 4826 6288 5185
f 5097 5662 5598
f 5642 5134 4981
f 5894 5059 5940
f 5661 5146 5096
f 4725 6288 6033
f 5661 5096 5597
f 5145 5660 5095
f 6570 5604 5532
f 5095 5660 5596
f 5659 5144 5094
f 880 6570 5532
f 5659 5094 5595
f 5604 4968 5000
f 5910 5000 4968
f 4968 6168 5910
f 4967 5603 4999
f 4999 5911 4967
f 6169 4967 5911
f 5602 4966 4998
f 5670 5151 4968
f 5912 4998 4966
f 5150 5669 4967
f 4966 6170 5912
f 5668 5149 4966
f 4965 5601 4997
f 5148 5667 4965
f 4997 5913 4965
f 5893 4767 5939
f 5058 5893 5939
f 5677 5154 4960
f 5953 4960 5154
f 4766 5892 5938
f 5892 5057 5938
f 5675 5152 4959
f 5955 4959 5152
f 4763 5900 5942
f 5900 5061 5942
f 5632 4912 4880
f 6027 4912 5967
f 6027 4880 4912
f 5630 4910 4878
f 6025 4910 5965
f 6025 4878 4910
f 4916 5624 4884
f 4916 6019 5959
f 4884 6019 4916
f 5623 4915 4883
f 6018 4915 5958
f 6018 4883 4915
f 4914 5622 4882
f 4914 6017 5957
f 4882 6017 4914
f 5621 4913 4881
f 6016 4913 5956
f 6016 4881 4913
f 4954 5468 4985
f 4985 5849 4954
f 5895 4954 5849
f 5467 4953 4984
f 5706 5175 4947
f 5984 4947 5175
f 5848 4984 4953
f 4953 5894 5848
f 4952 5466 4983
f 4983 5847 4952
f 5172 5703 4946
f 4946 5987 5172
f 5893 4952 5847
f 5465 4951 4982
f 5846 4982 4951
f 4951 5892 5846
f 5167 5698 5636
f 5636 5129 5167
f 5976 5167 5129
f 5697 5166 5635
f 5128 5635 5166
f 5166 5977 5128
f 5165 5696 5634
f 5634 5127 5165
f 5978 5165 5127
f 5695 5164 5633
f 5126 5633 5164
f 5164 5979 5126
f 5456 4996 4972
f 5873 4972 4996
f 5455 4995 4970
f 5871 4970 4995
f 5072 5923 5042
f 5072 5486 5562
f 5485 5041 5071
f 5922 5071 5041
f 5485 5071 5561
f 5730 5199 5670
f 5151 5670 5199
f 5199 6012 5151
f 5460 5004 4964
f 5881 4964 5004
f 5003 5459 4963
f 4963 5880 5003
f 5458 5002 4962
f 5879 4962 5002
f 5001 5457 4961
f 4961 5878 5001
f 5174 5705 5643
f 5643 5135 5174
f 5737 5202 4937
f 6021 4937 5202
f 5985 5174 5135
f 5704 5173 5642
f 5735 5200 4936
f 6023 4936 5200
f 5012 5464 4958
f 4958 5889 5012
f 5463 5011 4957
f 5888 4957 5011
f 5010 5462 4956
f 4956 5887 5010
f 5461 5009 4955
f 5886 4955 5009
f 5134 5642 5173
f 5173 5986 5134
f 5155 5678 5612
f 5612 5105 5155
f 5952 5155 5105
f 5153 5676 5610
f 5610 5104 5153
f 5954 5153 5104
f 5714 5183 5652
f 5143 5652 5183
f 5183 5992 5143
f 5182 5713 5651
f 5651 5142 5182
f 5993 5182 5142
f 5712 5181 5650
f 5141 5650 5181
f 5181 5994 5141
f 5180 5711 5649
f 5649 5140 5180
f 5995 5180 5140
f 5191 5722 5662
f 5662 5147 5191
f 6000 5191 5147
f 5721 5190 5661
f 5146 5661 5190
f 5190 6001 5146
f 5189 5720 5660
f 5660 5145 5189
f 6002 5189 5145
f 5719 5188 5659
f 5144 5659 5188
f 5188 6003 5144
f 5470 5020 4949
f 5901 4949 5020
f 5198 5729 5669
f 5669 5150 5198
f 5762 5179 5219
f 5219 5548 5762
f 5434 5219 5179
f 5760 5177 5217
f 5217 5546 5760
f 5432 5217 5177
f 5178 5761 5218
f 5547 5218 5761
f 6013 5198 5150
f 5728 5197 5668
f 5149 5668 5197
f 5197 6014 5149
f 5196 5727 5667
f 5667 5148 5196
f 6015 5196 5148
f 5480 5036 5070
f 4925 6306 6090
f 4925 6156 4948
f 4948 6306 4925
f 5774 5247 5730
f 5199 5730 5247
f 5247 6074 5199
f 5246 5773 5729
f 5729 5198 5246
f 6075 5246 5198
f 5772 5245 5728
f 5197 5728 5245
f 5245 6076 5197
f 5244 5771 5727
f 5727 5196 5244
f 6077 5244 5196
f 5251 5782 5738
f 5218 5433 5178
f 5176 5759 5216
f 5545 5216 5759
f 5216 5431 5176
f 5171 5758 5215
f 5560 5215 5758
f 5215 5438 5171
f 5757 5170 5214
f 5917 5070 5036
f 5480 5070 5552
f 5035 5479 5069
f 5069 5916 5035
f 5069 5479 5551
f 5478 5034 5068
f 5915 5068 5034
f 5478 5068 5550
f 5738 5203 5251
f 6078 5251 5203
f 5781 5250 5737
f 5202 5737 5250
f 5250 6079 5202
f 5249 5780 5736
f 5736 5201 5249
f 6080 5249 5201
f 5214 5559 5757
f 5437 5214 5170
f 5169 5756 5213
f 5558 5213 5756
f 5213 5436 5169
f 5755 5168 5212
f 5212 5557 5755
f 5435 5212 5168
f 5033 5477 5067
f 5067 5914 5033
f 5067 5477 5549
f 5028 5474 5066
f 5066 5909 5028
f 5066 5474 5536
f 5473 5027 5065
f 5908 5065 5027
f 5779 5248 5735
f 5200 5735 5248
f 5248 6081 5200
f 5255 5790 5746
f 5746 5207 5255
f 6082 5255 5207
f 5789 5254 5745
f 5206 5745 5254
f 5254 6083 5206
f 5253 5788 5744
f 5744 5205 5253
f 6084 5253 5205
f 5787 5252 5743
f 5204 5743 5252
f 5252 6085 5204
f 5798 5259 5754
f 5754 5211 5163
f 6036 5163 5211
f 5048 5495 4944
f 4944 5928 5048
f 5754 5163 5690
f 5210 5753 5162
f 5047 5493 4942
f 4942 5926 5047
f 5211 5754 5259
f 5259 6086 5211
f 5258 5797 5753
f 5753 5210 5258
f 6087 5258 5210
f 5796 5257 5752
f 5209 5752 5257
f 5257 6088 5209
f 5504 5052 4941
f 5933 4941 5052
f 5051 5503 4940
f 4940 5932 5051
f 5502 5050 4939
f 5931 4939 5050
f 5049 5501 4938
f 4938 5930 5049
f 5256 5795 5751
f 5751 5208 5256
f 6089 5256 5208
f 6091 4896 5999
f 5654 4896 4927
f 6091 4927 4896
f 4893 6090 5996
f 4893 5653 4925
f 5056 5510 4935
f 4935 5937 5056
f 5509 5055 4934
f 5936 4934 5055
f 5054 5508 4933
f 4933 5935 5054
f 5507 5053 4932
f 5934 4932 5053
f 4925 6090 4893
f 5820 4971 5456
f 4996 5456 4971
f 4971 5837 4996
f 5819 4969 5455
f 4995 5455 4969
f 4969 5836 4995
f 5826 4976 5460
f 5518 5060 4931
f 5941 4931 5060
f 5059 5517 4930
f 4930 5940 5059
f 5516 5058 4929
f 5939 4929 5058
f 5057 5515 4928
f 4928 5938 5057
f 6283 4728 6024
f 5062 5943 4895
f 5061 5523 4926
f 4926 5942 5061
f 5066 5536 4924
f 4924 5947 5066
f 5535 5065 4923
f 5946 4923 5065
f 5064 5534 4922
f 4922 5945 5064
f 5533 5063 4921
f 5944 4921 5063
f 5552 5070 4920
f 5951 4920 5070
f 5069 5551 4919
f 4919 5950 5069
f 5550 5068 4918
f 5949 4918 5068
f 5067 5549 4917
f 4917 5948 5067
f 5074 5564 4916
f 4916 5959 5074
f 5563 5073 4915
f 5958 4915 5073
f 5072 5562 4914
f 4914 5957 5072
f 5561 5071 4913
f 5956 4913 5071
f 5572 5076 4912
f 5967 4912 5076
f 5162 6037 5210
f 5162 5753 5689
f 5570 5075 4910
f 5965 4910 5075
f 5752 5209 5161
f 6038 5161 5209
f 5004 5460 4976
f 4976 5841 5004
f 4975 5825 5459
f 5459 5003 4975
f 5752 5161 5688
f 5208 5751 5160
f 5160 6039 5208
f 5160 5751 5687
f 5207 5746 5159
f 5159 6028 5207
f 5159 5746 5682
f 5745 5206 5158
f 6029 5158 5206
f 5745 5158 5681
f 5205 5744 5157
f 5157 6030 5205
f 5157 5744 5680
f 5743 5204 5156
f 6031 5156 5204
f 5743 5156 5679
f 5919 4993 5953
f 4993 5611 4960
f 4960 5953 4993
f 5921 4991 5955
f 4991 5609 4959
f 4959 5955 4991
f 5159 5682 5620
f 5620 5113 5159
f 5840 4975 5003
f 5824 4974 5458
f 5002 5458 4974
f 4974 5839 5002
f 5960 5159 5113
f 5681 5158 5619
f 5112 5619 5158
f 5158 5961 5112
f 5157 5680 5618
f 5618 5111 5157
f 5962 5157 5111
f 5679 5156 5617
f 5110 5617 5156
f 5156 5963 5110
f 5690 5163 5628
f 5121 5628 5163
f 5163 5968 5121
f 5162 5689 5627
f 5627 5120 5162
f 5969 5162 5120
f 5688 5161 5626
f 5119 5626 5161
f 5161 5970 5119
f 5160 5687 5625
f 5625 5118 5160
f 5971 5160 5118
f 5243 5802 5191
f 5191 6066 5243
f 5191 5802 5722
f 5801 5242 5190
f 6067 5190 5242
f 5801 5190 5721
f 5726 5275 5442
f 5274 5725 5441
f 5724 5273 5440
f 5272 5723 5439
f 5241 5800 5189
f 5189 6068 5241
f 5099 5631 4879
f 4879 6026 5099
f 5189 5800 5720
f 5799 5240 5188
f 5098 5629 4877
f 4877 6024 5098
f 4693 5408 6095
f 5408 5288 6095
f 5407 4692 6094
f 5289 5407 6094
f 4691 5406 6093
f 5406 5290 6093
f 5405 4690 6092
f 5291 5405 6092
f 5271 5734 5446
f 5733 5270 5445
f 5269 5732 5444
f 5731 5268 5443
f 5640 5103 4876
f 6035 4876 5103
f 5102 5639 4875
f 4875 6034 5102
f 5638 5101 4874
f 6033 4874 5101
f 5100 5637 4873
f 4873 6032 5100
f 5267 5742 5450
f 5741 5266 5449
f 5265 5740 5448
f 5739 5264 5447
f 5412 4697 6099
f 5284 5412 6099
f 4696 5411 6098
f 5411 5285 6098
f 5410 4695 6097
f 5286 5410 6097
f 4694 5409 6096
f 5409 5287 6096
f 5109 5648 4872
f 4872 6043 5109
f 5647 5108 4871
f 6042 4871 5108
f 5107 5646 4870
f 4870 6041 5107
f 5645 5106 4869
f 6040 4869 5106
f 5750 5263 5454
f 5262 5749 5453
f 5748 5261 5452
f 5260 5747 5451
f 5658 5117 4868
f 6051 4868 5117
f 5116 5657 4867
f 4867 6050 5116
f 5656 5115 4866
f 6049 4866 5115
f 5114 5655 4865
f 4865 6048 5114
f 5330 4689 5358
f 4688 5329 5357
f 5328 4687 5356
f 4686 5327 5355
f 4685 5334 5354
f 5333 4684 5353
f 4683 5332 5352
f 5331 4682 5351
f 4681 5338 5350
f 5337 4680 5349
f 4679 5336 5348
f 5335 4678 5347
f 5342 4677 5346
f 4676 5341 5345
f 5340 4675 5344
f 4674 5339 5343
f 5416 4701 6103
f 5280 5416 6103
f 4700 5415 6102
f 5415 5281 6102
f 5414 4699 6101
f 5282 5414 6101
f 4698 5413 6100
f 5413 5283 6100
f 5125 5666 4864
f 4864 6057 5125
f 5665 5124 4863
f 6056 4863 5124
f 5123 5664 4862
f 4862 6055 5123
f 5663 5122 4861
f 6054 4861 5122
f 5133 5674 4860
f 4860 6065 5133
f 5673 5132 4859
f 6064 4859 5132
f 5131 5672 4858
f 4858 6063 5131
f 5671 5130 4857
f 6062 4857 5130
f 4705 5420 6107
f 5420 5276 6107
f 5419 4704 6106
f 5277 5419 6106
f 4703 5418 6105
f 5418 5278 6105
f 5417 4702 6104
f 5279 5417 6104
f 5686 5139 4852
f 6073 4852 5139
f 5138 5685 4851
f 4851 6072 5138
f 5684 5137 4850
f 6071 4850 5137
f 5136 5683 4849
f 4849 6070 5136
f 6069 5188 5240
f 4973 5823 5457
f 5799 5188 5719
f 5457 5001 4973
f 5794 5239 5183
f 5838 4973 5001
f 6058 5183 5239
f 4980 5830 5464
f 5794 5183 5714
f 5464 5012 4980
f 5238 5793 5182
f 5182 6059 5238
f 5182 5793 5713
f 5845 4980 5012
f 5792 5237 5181
f 6060 5181 5237
f 5792 5181 5712
f 5236 5791 5180
f 5180 6061 5236
f 5180 5791 5711
f 5230 5785 5174
f 5174 6052 5230
f 5174 5785 5705
f 5784 5229 5173
f 6053 5173 5229
f 5784 5173 5704
f 5223 5778 5167
f 5167 6044 5223
f 5167 5778 5698
f 5777 5222 5166
f 6045 5166 5222
f 5777 5166 5697
f 5829 4979 5463
f 5011 5463 4979
f 4979 5844 5011
f 4978 5828 5462
f 5462 5010 4978
f 5843 4978 5010
f 5827 4977 5461
f 5009 5461 4977
f 4977 5842 5009
f 889 6143 6139
f 6142 1016 6138
f 1091 6141 6137
f 6140 1217 6136
f 5834 4985 5468
f 5221 5776 5165
f 5165 6046 5221
f 4984 5833 5467
f 5165 5776 5696
f 5775 5220 5164
f 5832 4983 5466
f 6047 5164 5220
f 5775 5164 5695
f 4982 5831 5465
f 5991 4900 5941
f 4900 5594 4931
f 6147 939 6135
f 966 6146 6134
f 6145 1141 6133
f 1168 6144 6132
f 5835 4990 5470
f 5020 5470 4990
f 4990 5851 5020
f 6151 863 6131
f 5307 5818 5778
f 5778 5223 5307
f 6108 5307 5223
f 1041 6150 6130
f 5817 5306 5777
f 5222 5777 5306
f 5306 6109 5222
f 6149 1066 6129
f 5305 5816 5776
f 5776 5221 5305
f 6110 5305 5221
f 1243 6148 6128
f 5815 5304 5775
f 5220 5775 5304
f 5304 6111 5220
f 915 6155 6127
f 5814 5303 5786
f 5231 5786 5303
f 5303 6112 5231
f 6154 990 6126
f 5302 5813 5785
f 5785 5230 5302
f 6113 5302 5230
f 1117 6153 6125
f 5812 5301 5784
f 5229 5784 5301
f 5301 6114 5229
f 6152 1192 6124
f 5300 5811 5783
f 5783 5228 5300
f 6115 5300 5228
f 6047 5220 6111
f 5810 5299 5794
f 5239 5794 5299
f 5299 6116 5239
f 4645 6047 6111
f 5298 5809 5793
f 5793 5238 5298
f 6117 5298 5238
f 5221 6046 6110
f 5808 5297 5792
f 5237 5792 5297
f 5297 6118 5237
f 6046 4644 6110
f 5296 5807 5791
f 5791 5236 5296
f 6119 5296 5236
f 6045 5222 6109
f 5295 5806 5802
f 5802 5243 5295
f 6120 5295 5243
f 4643 6045 6109
f 5805 5294 5801
f 5242 5801 5294
f 5294 6121 5242
f 5223 6044 6108
f 5293 5804 5800
f 5800 5241 5293
f 6122 5293 5241
f 6044 4642 6108
f 5803 5292 5799
f 5240 5799 5292
f 5292 6123 5240
f 6053 5229 6114
f 4648 6053 6114
f 5230 6052 6113
f 6052 4647 6113
f 5236 6061 6119
f 6061 4653 6119
f 6060 5237 6118
f 4652 6060 6118
f 5238 6059 6117
f 6059 4651 6117
f 6058 5239 6116
f 4650 6058 6116
f 6069 5240 6123
f 4657 6069 6123
f 5241 6068 6122
f 6068 4656 6122
f 6067 5242 6121
f 4765 6307 6091
f 6307 4765 4577
f 4655 6067 6121
f 6306 4762 6090
f 4762 6306 4576
f 4765 6278 5364
f 6277 4762 5363
f 6294 5195 5426
f 4895 5600 5062
f 5194 6293 5425
f 5524 5062 5600
f 6292 5193 5424
f 4693 6620 5396
f 5192 6291 5423
f 5426 6620 6294
f 5187 6290 5430
f 6620 5426 5396
f 6289 5186 5429
f 6620 4693 6294
f 5185 6288 5428
f 6619 4692 5395
f 6287 5184 5427
f 6619 5425 6293
f 5179 6286 5434
f 6286 4701 5434
f 6285 5178 5433
f 4700 6285 5433
f 5177 6284 5432
f 6284 4699 5432
f 6283 5176 5431
f 4698 6283 5431
f 6282 5171 5438
f 4705 6282 5438
f 5170 6281 5437
f 6281 4704 5437
f 6280 5169 5436
f 4703 6280 5436
f 5168 6279 5435
f 6279 4702 5435
f 6305 4709 5368
f 4708 6304 5367
f 6303 4707 5366
f 4706 6302 5365
f 4713 6301 5372
f 6300 4712 5371
f 4711 6299 5370
f 6298 4710 5369
f 5243 6066 6120
f 6296 4715 5375
f 5425 6619 5395
f 6066 4654 6120
f 4692 6619 6293
f 4691 6618 5394
f 5424 6618 6292
f 6618 5424 5394
f 4788 6157 4950
f 4796 4788 4950
f 5311 5476 5046
f 5046 5860 5311
f 6156 4787 4948
f 4787 4795 4948
f 5310 5475 5045
f 5045 5861 5310
f 5312 6262 5913
f 5315 6259 5866
f 5484 5315 5040
f 5866 5040 5315
f 6262 4563 5913
f 6260 5314 5867
f 5314 5483 5039
f 5039 5867 5314
f 4563 6262 4777
f 5313 6261 5868
f 5482 5313 5038
f 5868 5038 5313
f 6261 5313 5912
f 6262 5312 5869
f 5312 5481 5037
f 5037 5869 5312
f 4562 6261 5912
f 6251 5319 5874
f 5319 5492 5032
f 5032 5874 5319
f 6261 4562 4776
f 5318 6252 5875
f 5491 5318 5031
f 5875 5031 5318
f 5314 6260 5911
f 6253 5317 5876
f 5317 5490 5030
f 5030 5876 5317
f 6260 4561 5911
f 5316 6254 5877
f 5489 5316 5029
f 5877 5029 5316
f 4561 6260 4775
f 5323 6243 5882
f 5500 5323 5024
f 5882 5024 5323
f 6259 5315 5910
f 6244 5322 5883
f 5322 5499 5023
f 5023 5883 5322
f 4560 6259 5910
f 5321 6245 5884
f 5498 5321 5022
f 5884 5022 5321
f 6259 4560 4774
f 6246 5320 5885
f 5320 5497 5021
f 5021 5885 5320
f 6238 5324 5891
f 6254 5316 5905
f 5324 5505 5017
f 5017 5891 5324
f 4559 6254 5905
f 5506 5324 5018
f 5890 5018 5324
f 6254 4559 4781
f 5323 5514 5016
f 5016 5896 5323
f 5317 6253 5904
f 5513 5322 5015
f 5897 5015 5322
f 6253 4558 5904
f 5321 5512 5014
f 5014 5898 5321
f 4558 6253 4780
f 5511 5320 5013
f 5899 5013 5320
f 6252 5318 5903
f 5522 5319 5008
f 5902 5008 5319
f 4557 6252 5903
f 5318 5521 5007
f 5007 5903 5318
f 6252 4557 4779
f 5520 5317 5006
f 5904 5006 5317
f 5319 6251 5902
f 5316 5519 5005
f 5005 5905 5316
f 6251 4556 5902
f 5315 5532 5000
f 5000 5910 5315
f 4556 6251 4778
f 5531 5314 4999
f 5911 4999 5314
f 5320 6246 5899
f 5313 5530 4998
f 4998 5912 5313
f 6246 4555 5899
f 5529 5312 4997
f 5913 4997 5312
f 5311 6158 5918
f 5544 5311 4994
f 5918 4994 5311
f 5310 6159 5920
f 5542 5310 4992
f 5920 4992 5310
f 802 5750 5454
f 5749 671 5453
f 583 5748 5452
f 5747 453 5451
f 5770 5195 4824
f 780 5528 5770
f 5194 5769 4823
f 5527 694 5769
f 5768 5193 4822
f 562 5526 5768
f 5192 5767 4821
f 5525 475 5767
f 5742 754 5450
f 720 5741 5449
f 5740 535 5448
f 502 5739 5447
f 5187 5766 4828
f 5540 830 5766
f 5765 5186 4827
f 644 5539 5765
f 5185 5764 4826
f 5538 612 5764
f 5763 5184 4825
f 425 5537 5763
f 5734 835 5446
f 638 5733 5445
f 5732 617 5444
f 420 5731 5443
f 5179 5762 4836
f 5548 748 5762
f 5761 5178 4835
f 725 5547 5761
f 5177 5760 4834
f 5546 530 5760
f 5759 5176 4833
f 507 5545 5759
f 773 5726 5442
f 5725 700 5441
f 555 5724 5440
f 5723 481 5439
f 5758 5171 4844
f 808 5560 5758
f 5170 5757 4843
f 5559 666 5757
f 5756 5169 4842
f 590 5558 5756
f 5168 5755 4841
f 5557 447 5755
f 4555 6246 4785
f 6095 5256 6089
f 6245 5321 5898
f 5257 6094 6088
f 4554 6245 5898
f 6093 5258 6087
f 6245 4554 4784
f 5259 6092 6086
f 5322 6244 5897
f 5252 6099 6085
f 6244 4553 5897
f 6098 5253 6084
f 4553 6244 4783
f 5254 6097 6083
f 6243 5323 5896
f 6096 5255 6082
f 6103 4731 6081
f 5248 6103 6081
f 4552 6243 5896
f 6102 5249 6080
f 6101 4729 6079
f 5250 6101 6079
f 6243 4552 4782
f 6100 5251 6078
f 4735 6107 6077
f 6107 5244 6077
f 6106 4734 6076
f 5245 6106 6076
f 4733 6105 6075
f 6105 5246 6075
f 6104 4732 6074
f 5247 6104 6074
f 4824 5718 5770
f 4931 5941 4900
f 5718 781 5770
f 5717 4823 5769
f 4899 5990 5940
f 691 5717 5769
f 4822 5716 5768
f 5593 4899 4930
f 5716 563 5768
f 5715 4821 5767
f 5940 4930 4899
f 473 5715 5767
f 4896 5654 5666
f 5324 6238 5890
f 6238 4550 5890
f 5653 4893 5663
f 4550 6238 4786
f 5469 5835 625
f 5710 4828 5766
f 5989 4898 5939
f 827 5710 5766
f 4827 5709 5765
f 4898 5592 4929
f 5709 645 5765
f 5708 4826 5764
f 4929 5939 4898
f 610 5708 5764
f 4825 5707 5763
f 4897 5988 5938
f 5707 427 5763
f 5702 4836 5762
f 5591 4897 4928
f 5938 4928 4897
f 4835 5701 5761
f 4894 5997 5942
f 5599 4894 4926
f 5700 4834 5760
f 5942 4926 4894
f 5998 4895 5943
f 4833 5699 5759
f 6618 4691 6292
f 6617 4690 5393
f 4844 5694 5758
f 4996 5837 5873
f 5837 4537 4773
f 5693 4843 5757
f 5837 4773 5873
f 4995 5836 5871
f 4842 5692 5756
f 5836 4536 4772
f 5836 4772 5871
f 5691 4841 5755
f 4892 6007 5947
f 5608 4892 4924
f 5686 4852 5750
f 5139 5686 4888
f 5473 5065 5535
f 4851 5685 5749
f 5685 5138 4887
f 5026 5472 5064
f 5684 4850 5748
f 5137 5684 4886
f 5064 5907 5026
f 4849 5683 5747
f 5683 5136 4885
f 5064 5472 5534
f 4860 5674 5742
f 5674 5133 4892
f 5471 5025 5063
f 5673 4859 5741
f 5132 5673 4891
f 5906 5063 5025
f 4858 5672 5740
f 5672 5131 4890
f 5471 5063 5533
f 5671 4857 5739
f 5130 5671 4889
f 5019 5469 5061
f 4864 5666 5734
f 5666 5125 4896
f 5666 838 5734
f 5665 4863 5733
f 5124 5665 4895
f 5061 5900 5019
f 4862 5664 5732
f 5664 5123 4894
f 5061 5469 5523
f 5663 4861 5731
f 5122 5663 4893
f 418 5663 5731
f 5658 4868 5726
f 5117 5658 4900
f 6196 5024 5882
f 4867 5657 5725
f 5657 5116 4899
f 6196 4989 5024
f 5656 4866 5724
f 5115 5656 4898
f 5576 5024 4989
f 4865 5655 5723
f 5655 5114 4897
f 5023 6197 5883
f 4872 5648 5718
f 5648 5109 4904
f 5835 628 625
f 5647 4871 5717
f 5108 5647 4903
f 5474 5834 761
f 4870 5646 5716
f 5646 5107 4902
f 5834 764 761
f 5645 4869 5715
f 5106 5645 4901
f 5833 5473 711
f 5640 4876 5710
f 5103 5640 4908
f 709 5833 711
f 4875 5639 5709
f 5639 5102 4907
f 5472 5832 544
f 5638 4874 5708
f 5101 5638 4906
f 5832 546 544
f 4873 5637 5707
f 5637 5100 4905
f 5831 5471 493
f 5632 4880 5702
f 5947 4924 4892
f 491 5831 493
f 4879 5631 5701
f 5631 5099 4911
f 5830 5480 794
f 5630 4878 5700
f 6006 4891 5946
f 792 5830 794
f 4877 5629 5699
f 5629 5098 4909
f 5479 5829 680
f 5829 681 680
f 5828 5478 576
f 574 5828 576
f 5477 5827 461
f 5827 463 461
f 5488 5826 816
f 5826 817 816
f 5825 5487 658
f 656 5825 658
f 5486 5824 598
f 5824 600 598
f 5823 5485 439
f 4891 5607 4923
f 438 5823 439
f 4923 5946 4891
f 5495 5820 734
f 4890 6005 5945
f 5820 736 734
f 5606 4890 4922
f 5493 5819 515
f 4884 5624 5694
f 5945 4922 4890
f 5819 517 515
f 5623 4883 5693
f 6004 4889 5944
f 4889 5605 4921
f 4882 5622 5692
f 4921 5944 4889
f 861 5814 859
f 5621 4881 5691
f 6011 4888 5951
f 4888 5616 4920
f 5811 1245 1248
f 5778 5818 920
f 5818 918 920
f 5817 5777 986
f 987 5817 986
f 5776 5816 1121
f 5816 1119 1121
f 5815 5775 1188
f 1189 5815 1188
f 6631 856 6612
f 5813 1043 1045
f 5812 5784 1062
f 5364 5087 4771
f 4577 5364 4771
f 5089 5363 4770
f 5363 4576 4770
f 4920 5951 4888
f 1063 5812 1062
f 4887 6010 5950
f 6631 5644 6534
f 5615 4887 4919
f 938 5810 936
f 5950 4919 4887
f 5644 6631 6612
f 5616 4888 5686
f 6009 4886 5949
f 5809 967 969
f 4887 5615 5685
f 4886 5614 4918
f 856 6631 6534
f 5614 4886 5684
f 4918 5949 4886
f 1139 5808 1137
f 4885 5613 5683
f 4885 6008 5948
f 1252 6630 6611
f 5807 1170 1172
f 5641 6630 6533
f 5806 892 894
f 6630 5641 6611
f 1013 5805 1011
f 6630 1252 6533
f 5804 1093 1095
f 1045 6629 5813
f 1215 5803 1214
f 6339 4809 5408
f 4809 6339 4661
f 6339 5396 4661
f 5613 4885 4917
f 5948 4917 4885
f 6617 5423 6291
f 4810 6338 5407
f 5701 4835 4879
f 6338 4810 4660
f 6026 4879 4835
f 5423 6617 5393
f 5395 6338 4660
f 6337 4811 5406
f 4811 6337 4659
f 6337 5394 4659
f 4812 6336 5405
f 6336 4812 4658
f 5393 6336 4658
f 4805 6335 5412
f 6335 4805 4665
f 5392 6335 4665
f 6334 4808 5409
f 4808 6334 4662
f 4892 5608 5674
f 5699 4833 4877
f 6334 5389 4662
f 5607 4891 5673
f 6024 4877 4833
f 4545 5845 5889
f 4890 5606 5672
f 5603 6569 5531
f 5845 5012 5889
f 5605 4889 5671
f 4828 5710 4876
f 5844 4544 5888
f 4876 6035 4828
f 5011 5844 5888
f 6569 1025 5531
f 4543 5843 5887
f 5709 4827 4875
f 5843 5010 5887
f 6034 4875 4827
f 5842 4542 5886
f 5600 4895 5665
f 6568 5602 5530
f 5009 5842 5886
f 4894 5599 5664
f 4826 5708 4874
f 6333 4806 5411
f 5594 4900 5658
f 4874 6033 4826
f 4806 6333 4664
f 4899 5593 5657
f 1081 6568 5530
f 6333 5391 4664
f 5592 4898 5656
f 5707 4825 4873
f 4807 6332 5410
f 4897 5591 5655
f 6032 4873 4825
f 6332 4807 4663
f 4904 5586 5648
f 5601 6567 5529
f 5390 6332 4663
f 5585 4903 5647
f 5718 4824 4872
f 6043 4872 4824
f 4902 5584 5646
f 6567 1228 5529
f 4593 5991 5941
f 5583 4901 5645
f 4823 5717 4871
f 4871 6042 4823
f 5580 4908 5640
f 6186 5091 5141
f 5990 4592 5940
f 4907 5579 5639
f 5716 4822 4870
f 6041 4870 4822
f 5578 4906 5638
f 5141 6194 6186
f 4591 5989 5939
f 4905 5577 5637
f 4821 5715 4869
f 4869 6040 4821
f 4747 6091 5999
f 5988 4590 5938
f 6090 4746 5996
f 5841 4541 5881
f 5572 4912 5632
f 5076 5572 4945
f 5004 5841 5881
f 4911 5571 5631
f 5928 4911 5966
f 4540 5840 5880
f 5570 4910 5630
f 5075 5570 4943
f 5840 5003 5880
f 4909 5569 5629
f 5571 4911 4944
f 5839 4539 5879
f 4916 5564 5624
f 4988 6197 5023
f 5002 5839 5879
f 5563 4915 5623
f 5023 5575 4988
f 4538 5838 5878
f 4914 5562 5622
f 6198 5022 5884
f 5838 5001 5878
f 5561 4913 5621
f 6198 4987 5022
f 5928 4944 4911
f 4595 5998 5943
f 4801 6331 5416
f 5552 4920 5616
f 5574 5022 4987
f 6331 4801 4669
f 4919 5551 5615
f 5021 6199 5885
f 5388 6331 4669
f 5550 4918 5614
f 4986 6199 5021
f 6330 4802 5415
f 4917 5549 5613
f 5021 5573 4986
f 4802 6330 4668
f 4924 5536 5608
f 5017 6191 5891
f 6330 5387 4668
f 5535 4923 5607
f 4981 6191 5017
f 4803 6329 5414
f 4922 5534 5606
f 5017 5581 4981
f 6329 4803 4667
f 5533 4921 5605
f 5658 6601 5594
f 5386 6329 4667
f 4690 6617 6291
f 5062 5524 4949
f 6328 4804 5413
f 4926 5523 5599
f 6601 769 5594
f 4804 6328 4666
f 5518 4931 5594
f 5060 5518 4954
f 6328 5385 4666
f 4930 5517 5593
f 5517 5059 4953
f 5926 4909 5964
f 5516 4929 5592
f 5058 5516 4952
f 5997 4594 5942
f 4928 5515 5591
f 5515 5057 4951
f 5569 4909 4942
f 4935 5510 5586
f 5510 5056 4958
f 6007 4599 5947
f 5509 4934 5585
f 5055 5509 4957
f 5926 4942 4909
f 4933 5508 5584
f 5508 5054 4956
f 4598 6006 5946
f 5507 4932 5583
f 5053 5507 4955
f 5975 4908 5933
f 5504 4941 5580
f 5052 5504 4964
f 6005 4597 5945
f 4940 5503 5579
f 5503 5051 4963
f 4908 5580 4941
f 5502 4939 5578
f 5050 5502 4962
f 4596 6004 5944
f 4938 5501 5577
f 5501 5049 4961
f 4941 5933 4908
f 4907 5974 5932
f 4603 6011 5951
f 5579 4907 4940
f 5932 4940 4907
f 6010 4602 5950
f 5973 4906 5931
f 4906 5578 4939
f 4601 6009 5949
f 4939 5931 4906
f 4905 5972 5930
f 6008 4600 5948
f 6327 4797 5420
f 5496 4945 5572
f 5577 4905 4938
f 4797 6327 4673
f 4944 5495 5571
f 5495 5048 4971
f 6327 5384 4673
f 5494 4943 5570
f 5930 4938 4905
f 4798 6326 5419
f 4942 5493 5569
f 5493 5047 4969
f 6326 4798 4672
f 4904 5983 5937
f 5383 6326 4672
f 6325 4799 5418
f 5586 4904 4935
f 4799 6325 4671
f 6325 5382 4671
f 5937 4935 4904
f 4800 6324 5417
f 6324 4800 4670
f 5982 4903 5936
f 5381 6324 4670
f 5822 4927 6157
f 769 6601 771
f 5488 5044 4976
f 841 6157 843
f 6600 5657 5593
f 5043 5487 4975
f 841 5822 6157
f 704 6600 5593
f 5486 5042 4974
f 4925 5821 6156
f 6600 704 702
f 5041 5485 4973
f 6156 413 412
f 4903 5585 4934
f 5821 413 6156
f 4934 5936 4903
f 5737 4937 5677
f 6019 4607 5959
f 4902 5981 5935
f 5584 4902 4933
f 4606 6018 5958
f 5935 4933 4902
f 5735 4936 5675
f 6017 4605 5957
f 5980 4901 5934
f 5656 6599 5592
f 5036 5480 4980
f 4604 6016 5956
f 6599 551 5592
f 5479 5035 4979
f 4901 5583 4932
f 551 6599 553
f 5034 5478 4978
f 4611 6027 5967
f 6598 5655 5591
f 5477 5033 4977
f 4932 5934 4901
f 486 6598 5591
f 4609 6025 5965
f 4551 5901 5851
f 6598 486 484
f 5901 5020 5851
f 4945 5873 5929
f 5543 6594 5611
f 4580 5928 5966
f 4945 5496 4972
f 6594 955 5611
f 4578 5926 5964
f 4549 5895 5849
f 955 6594 954
f 5474 5028 4985
f 4972 5873 4945
f 5541 6593 5609
f 5027 5473 4984
f 5894 4548 5848
f 6593 1158 5609
f 5472 5026 4983
f 4943 5871 5927
f 1158 6593 1156
f 5025 5471 4982
f 4547 5893 5847
f 4943 5494 4970
f 4970 5871 4943
f 5422 6534 5644
f 5785 6629 6426
f 856 6534 854
f 5892 4546 5846
f 6533 5421 5641
f 6629 5785 5813
f 6533 1252 1254
f 5702 4880 4836
f 6268 4836 4880
f 6268 4880 6027
f 5470 4949 5524
f 4585 5975 5933
f 5700 4878 4834
f 5665 6602 5600
f 5469 5019 4990
f 5974 4584 5932
f 6267 4834 4878
f 6267 4878 6025
f 4884 5694 4844
f 4844 6258 4884
f 4884 6258 6019
f 4583 5973 5931
f 5693 4883 4843
f 6257 4843 4883
f 6257 4883 6018
f 4882 5692 4842
f 4842 6256 4882
f 5972 4582 5930
f 5468 4954 5518
f 4882 6256 6017
f 5983 4589 5937
f 4953 5467 5517
f 5691 4881 4841
f 4588 5982 5936
f 5466 4952 5516
f 6255 4841 4881
f 5981 4587 5935
f 4951 5465 5515
f 6255 4881 6016
f 4586 5980 5934
f 5706 4947 5644
f 6570 5670 5604
f 6171 4965 5913
f 5670 6570 6494
f 6570 882 6494
f 5247 5774 5279
f 5669 6569 5603
f 6569 5669 6493
f 5279 6104 5247
f 4946 5703 5641
f 1023 6569 6493
f 5083 6207 5118
f 4958 5464 5510
f 5773 5246 5278
f 6105 5278 5246
f 5463 4957 5509
f 5245 5772 5277
f 5277 6106 5245
f 4956 5462 5508
f 5771 5244 5276
f 6107 5276 5244
f 5461 4955 5507
f 5782 5251 5283
f 6100 5283 5251
f 6568 5668 5602
f 5668 6568 6492
f 5250 5781 5282
f 6568 1083 6492
f 5667 6567 5601
f 5282 6101 5250
f 6567 5667 6491
f 1226 6567 6491
f 5780 5249 5281
f 5628 6550 5690
f 6550 907 5690
f 6102 5281 5249
f 5460 4964 5504
f 5248 5779 5280
f 5280 6103 5248
f 4963 5459 5503
f 5790 5255 5287
f 6096 5287 5255
f 5458 4962 5502
f 5254 5789 5286
f 5286 6097 5254
f 4961 5457 5501
f 5788 5253 5285
f 6098 5285 5253
f 907 6550 905
f 6549 5627 5689
f 5252 5787 5284
f 997 6549 5689
f 6549 997 999
f 5284 6099 5252
f 5626 6548 5688
f 6548 1109 5688
f 5259 5798 5291
f 1109 6548 1107
f 6547 5625 5687
f 5291 6092 5259
f 5456 4972 5496
f 5797 5258 5290
f 6093 5290 5258
f 5455 4970 5494
f 5257 5796 5289
f 5289 6094 5257
f 1199 6547 5687
f 6547 1199 1201
f 5795 5256 5288
f 6546 5620 5682
f 872 6546 5682
f 6095 5288 5256
f 6546 872 874
f 5619 6545 5681
f 5873 4567 5929
f 6545 1034 5681
f 1034 6545 1032
f 6544 5618 5680
f 1074 6544 5680
f 6544 1074 1076
f 5617 6543 5679
f 5677 4960 5611
f 5154 5677 4937
f 5871 4565 5927
f 6543 1235 5679
f 1235 6543 1233
f 5642 6558 5704
f 5675 4959 5609
f 5152 5675 4936
f 6558 1060 5704
f 5670 4968 5604
f 6602 634 5600
f 1060 6558 1058
f 4967 5669 5603
f 634 6602 636
f 6556 5636 5698
f 5668 4966 5602
f 5686 6610 5616
f 922 6556 5698
f 4965 5667 5601
f 6610 797 5616
f 6556 922 924
f 6175 5118 6207
f 5635 6555 5697
f 6555 984 5697
f 4575 6175 6207
f 984 6555 982
f 6554 5634 5696
f 6206 5084 5119
f 1123 6554 5696
f 6554 1123 1125
f 5119 6174 6206
f 5633 6553 5695
f 6553 1186 5695
f 6174 4574 6206
f 1186 6553 1184
f 6566 5662 5722
f 5085 6205 5120
f 896 6566 5722
f 6566 896 898
f 6173 5120 6205
f 5661 6565 5721
f 6565 1010 5721
f 4573 6173 6205
f 1010 6565 1007
f 6564 5660 5720
f 6204 5086 5121
f 1098 6564 5720
f 6564 1098 1100
f 5642 4981 5581
f 5659 6563 5719
f 6563 1212 5719
f 4989 5636 5576
f 1212 6563 1210
f 5652 6562 5714
f 5635 4988 5575
f 6562 934 5714
f 934 6562 932
f 4987 5634 5574
f 6561 5651 5713
f 971 6561 5713
f 5633 4986 5573
f 6561 971 973
f 5650 6560 5712
f 797 6610 800
f 6560 1135 5712
f 1135 6560 1133
f 6609 5685 5615
f 6559 5649 5711
f 1174 6559 5711
f 676 6609 5615
f 6559 1174 1175
f 6557 5643 5705
f 6609 676 674
f 1048 6557 5705
f 6557 1048 1049
f 5422 5089 5326
f 6391 5702 6536
f 5087 5421 5325
f 746 6391 6536
f 5684 6608 5614
f 6390 5700 6535
f 528 6390 6535
f 6608 579 5614
f 5694 6401 6540
f 6401 810 6540
f 579 6608 581
f 6400 5693 6539
f 664 6400 6539
f 6607 5683 5613
f 5692 6399 6538
f 6399 592 6538
f 4994 5612 5544
f 6398 5691 6537
f 457 6607 5613
f 5611 4993 5543
f 446 6398 6537
f 6552 5786 5706
f 4992 5610 5542
f 5786 6552 5814
f 6607 457 455
f 5609 4991 5541
f 6552 859 5814
f 5783 6551 5703
f 5604 5000 5532
f 5121 6172 6204
f 6172 4572 6204
f 4999 5603 5531
f 5080 6214 5111
f 6166 5111 6214
f 5602 4998 5530
f 4570 6166 6214
f 6213 5081 5112
f 4997 5601 5529
f 5112 6165 6213
f 6165 4569 6213
f 5008 5598 5522
f 6215 5079 5110
f 5598 899 5522
f 5597 5007 5521
f 5110 6167 6215
f 1006 5597 5521
f 5006 5596 5520
f 6167 4571 6215
f 5596 1101 5520
f 5595 5005 5519
f 5082 6212 5113
f 1207 5595 5519
f 5590 5016 5514
f 6164 5113 6212
f 930 5590 5514
f 5015 5589 5513
f 4568 6164 6212
f 5589 976 5513
f 5588 5014 5512
f 6612 857 5706
f 1132 5588 5512
f 5013 5587 5511
f 6629 1045 6426
f 5587 1178 5511
f 5018 5582 5506
f 5644 6612 5706
f 5582 1051 5506
f 5581 5017 5505
f 6604 5674 5608
f 1055 5581 5505
f 5024 5576 5500
f 757 6604 5608
f 5576 926 5500
f 5575 5023 5499
f 6604 757 756
f 980 5575 5499
f 5022 5574 5498
f 6603 5672 5606
f 5574 1128 5498
f 5573 5021 5497
f 540 6603 5606
f 1182 5573 5497
f 5568 5032 5492
f 6603 540 537
f 903 5568 5492
f 5031 5567 5491
f 5673 6606 5607
f 5567 1001 5491
f 5566 5030 5490
f 6606 716 5607
f 1105 5566 5490
f 5029 5565 5489
f 716 6606 718
f 5565 1204 5489
f 5040 5556 5484
f 5671 6605 5605
f 5556 875 5484
f 5555 5039 5483
f 6605 497 5605
f 1030 5555 5483
f 5038 5554 5482
f 497 6605 500
f 5554 1078 5482
f 5553 5037 5481
f 6597 5664 5599
f 1232 5553 5481
f 5311 5544 5476
f 5544 952 5476
f 5543 5046 5476
f 5078 5543 4993
f 622 6597 5599
f 5310 5542 5475
f 5542 1153 5475
f 5541 5045 5475
f 5077 5541 4991
f 6597 622 620
f 5532 5315 5484
f 878 5532 5484
f 5314 5531 5483
f 5531 1028 5483
f 5530 5313 5482
f 1079 5530 5482
f 5312 5529 5481
f 5529 1229 5481
f 5319 5522 5492
f 5522 902 5492
f 5521 5318 5491
f 1003 5521 5491
f 5317 5520 5490
f 5520 1103 5490
f 5519 5316 5489
f 1206 5519 5489
f 5514 5323 5500
f 928 5514 5500
f 5322 5513 5499
f 5513 978 5499
f 5512 5321 5498
f 1130 5512 5498
f 5320 5511 5497
f 5511 1179 5497
f 5324 5506 5505
f 5506 1054 5505
f 4709 6305 4657
f 6304 4708 4656
f 4707 6303 4655
f 6302 4706 4654
f 6301 4713 4653
f 4712 6300 4652
f 6299 4711 4651
f 4710 6298 4650
f 6616 4695 5390
f 4715 6296 4648
f 6616 5428 6288
f 6551 5783 5811
f 5428 6616 5390
f 4695 6616 6288
f 4696 6615 5391
f 5429 6615 6289
f 6615 5429 5391
f 1248 6551 5811
f 4657 6123 4709
f 6194 4760 6186
f 874 6592 6546
f 6122 4656 4708
f 6184 5093 5143
f 5556 6592 875
f 4655 6121 4707
f 5143 6192 6184
f 6592 5556 6546
f 6120 4654 4706
f 6192 4758 6184
f 6592 874 875
f 6119 4653 4713
f 5090 6187 5140
f 6591 1032 6545
f 4652 6118 4712
f 6195 5140 6187
f 6591 5555 1030
f 6117 4651 4711
f 4761 6195 6187
f 5555 6591 6545
f 4650 6116 4710
f 5228 6264 6115
f 6264 4649 6115
f 5092 6185 5142
f 1032 6591 1030
f 4788 4792 6157
f 4648 6114 4715
f 4792 843 6157
f 4791 4787 6156
f 6113 4647 4714
f 6263 5231 6112
f 4646 6263 6112
f 412 4791 6156
f 4563 5865 5925
f 5865 5044 5925
f 4645 6111 4719
f 5864 4562 5924
f 5043 5864 5924
f 6110 4644 4718
f 4561 5863 5923
f 5863 5042 5923
f 4643 6109 4717
f 5862 4560 5922
f 5041 5862 5922
f 6108 4642 4716
f 6193 5142 6185
f 4759 6193 6185
f 5088 6190 5135
f 6188 5135 6190
f 4763 6188 6190
f 6179 5094 5144
f 5144 6203 6179
f 6203 4757 6179
f 5095 6178 5145
f 6202 5145 6178
f 4756 6202 6178
f 6177 5096 5146
f 5146 6201 6177
f 6201 4755 6177
f 5097 6176 5147
f 6200 5147 6176
f 5859 4559 5917
f 5036 5859 5917
f 6615 4696 6289
f 6614 4697 5392
f 4558 5858 5916
f 5858 5035 5916
f 6614 5430 6290
f 5430 6614 5392
f 5857 4557 5915
f 5034 5857 5915
f 4556 5856 5914
f 5856 5033 5914
f 4555 5855 5909
f 5855 5028 5909
f 5854 4554 5908
f 5027 5854 5908
f 4657 6305 6073
f 6304 4656 6072
f 4655 6303 6071
f 6302 4654 6070
f 6301 4653 6065
f 4652 6300 6064
f 6299 4651 6063
f 4650 6298 6062
f 6297 4649 6057
f 4648 6296 6056
f 4697 6614 6290
f 4646 6295 6054
f 4694 6613 5389
f 5427 6613 6287
f 6613 5427 5389
f 6613 4694 6287
f 4553 5853 5907
f 1076 6590 6544
f 5853 5026 5907
f 5554 6590 1078
f 5852 4552 5906
f 6590 5554 6544
f 5025 5852 5906
f 6590 1076 1078
f 6159 5310 5861
f 6589 1233 6543
f 4537 6159 5861
f 6589 5553 1232
f 6158 5311 5860
f 5553 6589 6543
f 4536 6158 5860
f 1233 6589 1232
f 6588 905 6550
f 6588 5568 903
f 4641 6268 6027
f 4550 5850 5900
f 5568 6588 6550
f 905 6588 903
f 999 6587 6549
f 4640 6267 6025
f 5850 5019 5900
f 5567 6587 1001
f 6587 5567 6549
f 6587 999 1001
f 6258 4639 6019
f 6586 1107 6548
f 6586 5566 1105
f 4638 6257 6018
f 5566 6586 6548
f 1107 6586 1105
f 6256 4637 6017
f 1201 6585 6547
f 5565 6585 1204
f 4636 6255 6016
f 6250 5139 6011
f 4888 6011 5139
f 4635 6250 6011
f 5138 6249 6010
f 6010 4887 5138
f 6249 4634 6010
f 6248 5137 6009
f 4886 6009 5137
f 4633 6248 6009
f 5136 6247 6008
f 6008 4885 5136
f 6247 4632 6008
f 5133 6242 6007
f 6007 4892 5133
f 6242 4631 6007
f 6241 5132 6006
f 4891 6006 5132
f 4630 6241 6006
f 5131 6240 6005
f 6005 4890 5131
f 6240 4629 6005
f 6239 5130 6004
f 4889 6004 5130
f 4628 6239 6004
f 5470 6468 5835
f 5999 4896 5125
f 6468 628 5835
f 6237 5124 5998
f 4895 5998 5124
f 4626 6237 5998
f 5123 6236 5997
f 5997 4894 5123
f 6236 4625 5997
f 5468 6476 5834
f 4893 5996 5122
f 6476 764 5834
f 6233 5117 5991
f 4900 5991 5117
f 4623 6233 5991
f 5116 6232 5990
f 5990 4899 5116
f 6232 4622 5990
f 6231 5115 5989
f 4898 5989 5115
f 4621 6231 5989
f 5114 6230 5988
f 5988 4897 5114
f 6230 4620 5988
f 5109 6229 5983
f 5983 4904 5109
f 6229 4619 5983
f 6228 5108 5982
f 4903 5982 5108
f 4618 6228 5982
f 5107 6227 5981
f 5981 4902 5107
f 6227 4617 5981
f 6226 5106 5980
f 4901 5980 5106
f 4616 6226 5980
f 6225 5103 5975
f 4908 5975 5103
f 4615 6225 5975
f 5102 6224 5974
f 5974 4907 5102
f 6224 4614 5974
f 6223 5101 5973
f 4906 5973 5101
f 4613 6223 5973
f 5100 6222 5972
f 5972 4905 5100
f 6222 4612 5972
f 6475 5467 5833
f 6585 5565 6547
f 709 6475 5833
f 5099 6219 5966
f 5966 4911 5099
f 6219 4610 5966
f 5466 6474 5832
f 6585 1201 1204
f 6474 546 5832
f 5098 6218 5964
f 5964 4909 5098
f 6218 4608 5964
f 6473 5465 5831
f 1049 6584 6557
f 491 6473 5831
f 6486 5464 5830
f 5582 6584 1051
f 792 6486 5830
f 5463 6485 5829
f 6584 5582 6557
f 6485 681 5829
f 6484 5462 5828
f 6584 1049 1051
f 574 6484 5828
f 5461 6483 5827
f 6583 932 6562
f 6483 463 5827
f 5460 6500 5826
f 6583 5590 930
f 6500 817 5826
f 6499 5459 5825
f 5590 6583 6562
f 656 6499 5825
f 5458 6498 5824
f 932 6583 930
f 6498 600 5824
f 6497 5457 5823
f 973 6582 6561
f 438 6497 5823
f 5456 6510 5820
f 5589 6582 976
f 6510 736 5820
f 5455 6509 5819
f 6582 5589 6561
f 6509 517 5819
f 4848 5814 6151
f 6582 973 976
f 5303 5814 4848
f 5814 861 6151
f 6581 1133 6560
f 5811 4845 6148
f 5811 5300 4845
f 6581 5588 1132
f 1245 5811 6148
f 5818 4856 6155
f 5588 6581 6560
f 5818 5307 4856
f 918 5818 6155
f 1133 6581 1132
f 4855 5817 6154
f 5306 5817 4855
f 1175 6580 6559
f 5817 987 6154
f 5816 4854 6153
f 5587 6580 1178
f 5816 5305 4854
f 1119 5816 6153
f 6580 5587 6559
f 4853 5815 6152
f 5304 5815 4853
f 6580 1175 1178
f 5815 1189 6152
f 5813 4847 6150
f 924 6579 6556
f 5813 5302 4847
f 1043 5813 6150
f 5576 6579 926
f 4846 5812 6149
f 5301 5812 4846
f 6579 5576 6556
f 5812 1063 6149
f 4840 5810 6147
f 6579 924 926
f 5299 5810 4840
f 5810 938 6147
f 6578 982 6555
f 5809 4839 6146
f 5809 5298 4839
f 6578 5575 980
f 967 5809 6146
f 6163 5076 5929
f 4945 5929 5076
f 4581 6163 5929
f 4838 5808 6145
f 5575 6578 6555
f 5297 5808 4838
f 6162 5075 5927
f 4943 5927 5075
f 4579 6162 5927
f 5808 1139 6145
f 982 6578 980
f 5807 4837 6144
f 1125 6577 6554
f 6596 5612 5678
f 5807 5296 4837
f 5574 6577 1128
f 947 6596 5678
f 1170 5807 6144
f 6577 5574 6554
f 6596 947 950
f 5806 4832 6143
f 6577 1125 1128
f 6595 5610 5676
f 5806 5295 4832
f 6576 1184 6553
f 1150 6595 5676
f 892 5806 6143
f 6576 5573 1182
f 6595 1150 1152
f 4831 5805 6142
f 5573 6576 6553
f 6610 5686 5750
f 5294 5805 4831
f 1184 6576 1182
f 800 6610 5750
f 5805 1013 6142
f 898 6575 6566
f 5685 6609 5749
f 5804 4830 6141
f 5598 6575 899
f 6609 674 5749
f 5804 5293 4830
f 6575 5598 6566
f 6608 5684 5748
f 1093 5804 6141
f 6575 898 899
f 581 6608 5748
f 4829 5803 6140
f 6574 1007 6565
f 4949 5901 5062
f 5292 5803 4829
f 6574 5597 1006
f 5683 6607 5747
f 5803 1215 6140
f 5597 6574 6565
f 4954 5895 5060
f 1007 6574 1006
f 1100 6573 6564
f 5894 4953 5059
f 5596 6573 1101
f 6573 5596 6564
f 4952 5893 5058
f 6573 1100 1101
f 6572 1210 6563
f 5892 4951 5057
f 6572 5595 1207
f 5595 6572 6563
f 5889 4958 5056
f 1210 6572 1207
f 6571 1058 6558
f 4957 5888 5055
f 6571 5581 1055
f 5581 6571 6558
f 5887 4956 5054
f 1058 6571 1055
f 857 6612 856
f 4955 5886 5053
f 882 6570 880
f 1249 6611 5703
f 4964 5881 5052
f 6569 1023 1025
f 969 6628 5809
f 5880 4963 5051
f 1083 6568 1081
f 6611 5641 5703
f 4962 5879 5050
f 6567 1226 1228
f 6607 455 5747
f 5878 4961 5049
f 6606 5673 5741
f 718 6606 5741
f 6605 5671 5739
f 500 6605 5739
f 5674 6604 5742
f 5872 4971 5048
f 6604 756 5742
f 5672 6603 5740
f 6603 537 5740
f 6602 5665 5733
f 636 6602 5733
f 5870 4969 5047
f 6601 5658 5726
f 771 6601 5726
f 5865 4976 5044
f 5657 6600 5725
f 6600 702 5725
f 4975 5864 5043
f 6599 5656 5724
f 5662 6566 5598
f 5863 4974 5042
f 6565 5661 5597
f 5660 6564 5596
f 4973 5862 5041
f 6563 5659 5595
f 6562 5652 5590
f 4980 5859 5036
f 5651 6561 5589
f 6560 5650 5588
f 5858 4979 5035
f 5649 6559 5587
f 6558 5642 5581
f 4978 5857 5034
f 5643 6557 5582
f 5636 6556 5576
f 5856 4977 5033
f 6555 5635 5575
f 5634 6554 5574
f 5855 4985 5028
f 6553 5633 5573
f 6552 5706 857
f 4984 5854 5027
f 859 6552 857
f 625 6532 5469
f 5853 4983 5026
f 5523 6532 623
f 6532 5523 5469
f 4982 5852 5025
f 6532 625 623
f 5703 6551 1249
f 6551 1248 1249
f 6550 5628 5568
f 5627 6549 5567
f 5850 4990 5019
f 6548 5626 5566
f 5625 6547 5565
f 5620 6546 5556
f 6545 5619 5555
f 5618 6544 5554
f 6543 5617 5553
f 728 6542 5701
f 5761 6542 725
f 6542 5761 5701
f 6542 728 725
f 509 6541 5699
f 5759 6541 507
f 6531 765 5468
f 6531 5518 767
f 5518 6531 5468
f 765 6531 767
f 707 6530 5467
f 5517 6530 705
f 6530 5517 5467
f 6530 707 705
f 6529 548 5466
f 6529 5516 550
f 5516 6529 5466
f 548 6529 550
f 489 6528 5465
f 5515 6528 487
f 6528 5515 5465
f 6528 489 487
f 761 6527 5474
f 5536 6527 760
f 6527 5536 5474
f 6527 761 760
f 6526 711 5473
f 6526 5535 713
f 5535 6526 5473
f 711 6526 713
f 544 6525 5472
f 6541 5759 5699
f 5534 6525 541
f 6541 509 507
f 5758 6540 808
f 6525 5534 5472
f 6540 5758 5694
f 6525 544 541
f 6524 493 5471
f 6524 5533 495
f 5533 6524 5471
f 6540 810 808
f 6539 5757 666
f 493 6524 495
f 5757 6539 5693
f 664 6539 666
f 5756 6538 590
f 6538 5756 5692
f 6538 592 590
f 6537 5755 447
f 5755 6537 5691
f 446 6537 447
f 6536 5762 748
f 5762 6536 5702
f 6523 957 5677
f 6523 5611 955
f 5611 6523 5677
f 746 6536 748
f 6535 5760 530
f 957 6523 955
f 5760 6535 5700
f 528 6535 530
f 6522 1160 5675
f 6522 5609 1158
f 5609 6522 5675
f 6534 5422 4790
f 854 6534 4790
f 1160 6522 1158
f 5421 6533 4789
f 6533 1254 4789
f 6521 629 5470
f 5532 878 880
f 1028 5531 1025
f 6521 5524 631
f 5530 1079 1081
f 1229 5529 1228
f 5524 6521 5470
f 5537 425 423
f 612 5538 614
f 629 6521 631
f 5539 644 642
f 830 5540 832
f 1153 5542 1152
f 952 5544 950
f 5545 507 505
f 530 5546 532
f 5547 725 724
f 748 5548 750
f 5528 780 778
f 694 5527 696
f 5526 562 560
f 475 5525 477
f 447 5557 450
f 5558 590 588
f 6520 738 5456
f 666 5559 668
f 5560 808 805
f 6520 5496 740
f 902 5522 899
f 5521 1003 1006
f 5496 6520 5456
f 5076 6163 5967
f 6163 4749 5967
f 4749 6163 4581
f 738 6520 740
f 5075 6162 5965
f 6162 4748 5965
f 4748 6162 4579
f 6519 520 5455
f 6519 5494 521
f 5494 6519 5455
f 520 6519 521
f 6518 794 5480
f 6518 5552 796
f 5552 6518 5480
f 794 6518 796
f 680 6517 5479
f 5551 6517 678
f 6517 5551 5479
f 6517 680 678
f 6516 576 5478
f 6516 5550 578
f 5550 6516 5478
f 1103 5520 1101
f 5519 1206 1207
f 576 6516 578
f 461 6515 5477
f 5549 6515 459
f 6515 5549 5477
f 6515 461 459
f 5514 928 930
f 978 5513 976
f 5512 1130 1132
f 1179 5511 1178
f 1054 5506 1051
f 5505 1054 1055
f 928 5500 926
f 5499 978 980
f 6219 5099 6026
f 4745 6219 6026
f 6219 4745 4610
f 1130 5498 1128
f 6218 5098 6024
f 4744 6218 6024
f 6218 4744 4608
f 5103 6225 6035
f 6225 4743 6035
f 4743 6225 4615
f 6224 5102 6034
f 4742 6224 6034
f 6224 4742 4614
f 5101 6223 6033
f 6223 4741 6033
f 4741 6223 4613
f 6222 5100 6032
f 4740 6222 6032
f 6222 4740 4612
f 6229 5109 6043
f 4739 6229 6043
f 6229 4739 4619
f 5108 6228 6042
f 6228 4738 6042
f 4738 6228 4618
f 6227 5107 6041
f 4737 6227 6041
f 6227 4737 4617
f 5106 6226 6040
f 6226 4736 6040
f 4736 6226 4616
f 5117 6233 6051
f 6232 5116 6050
f 5115 6231 6049
f 6230 5114 6048
f 5497 1179 1182
f 5124 6237 6056
f 6236 5123 6055
f 5492 902 903
f 6242 5133 6065
f 5132 6241 6064
f 6240 5131 6063
f 5130 6239 6062
f 5139 6250 6073
f 6249 5138 6072
f 5137 6248 6071
f 6247 5136 6070
f 1003 5491 1001
f 5490 1103 1105
f 6258 4735 4639
f 1206 5489 1204
f 878 5484 875
f 4734 6257 4638
f 5483 1028 1030
f 6514 819 5460
f 6256 4733 4637
f 6514 5504 821
f 5504 6514 5460
f 4732 6255 4636
f 819 6514 821
f 654 6513 5459
f 4731 6268 4641
f 5503 6513 651
f 6513 5503 5459
f 6513 654 651
f 6512 601 5458
f 4729 6267 4640
f 6512 5502 603
f 5502 6512 5458
f 601 6512 603
f 436 6511 5457
f 5501 6511 433
f 6511 5501 5457
f 6511 436 433
f 6510 5456 738
f 736 6510 738
f 6509 5455 520
f 517 6509 520
f 816 6508 5488
f 5564 6508 813
f 6508 5564 5488
f 6508 816 813
f 6507 658 5487
f 6507 5563 659
f 5563 6507 5487
f 658 6507 659
f 598 6506 5486
f 5104 6161 5954
f 6161 4580 5954
f 5562 6506 596
f 6506 5562 5486
f 6506 598 596
f 5105 6160 5952
f 6160 4578 5952
f 6505 439 5485
f 6611 1249 1252
f 6505 5561 442
f 5561 6505 5485
f 4754 6200 6176
f 439 6505 442
f 1079 5482 1078
f 4983 5832 5472
f 5481 1229 1232
f 5476 952 954
f 5410 6373 4807
f 5475 1153 1156
f 5454 804 802
f 5833 4984 5473
f 670 5453 671
f 5416 6374 4801
f 5452 586 583
f 4985 5834 5474
f 451 5451 453
f 6375 5415 4802
f 751 5450 754
f 4990 5835 5469
f 5449 722 720
f 534 5448 535
f 5414 6376 4803
f 5447 504 502
f 834 5446 835
f 6377 5413 4804
f 5445 640 638
f 616 5444 617
f 6378 5420 4797
f 5443 421 420
f 790 6504 5464
f 5419 6379 4798
f 5510 6504 787
f 6380 5418 4799
f 6504 5510 5464
f 5417 6381 4800
f 6504 790 787
f 472 6382 473
f 6503 683 5463
f 5442 776 773
f 697 5441 700
f 4769 6183 4593
f 5440 557 555
f 480 5439 481
f 6182 4768 4592
f 4820 5430 5227
f 5429 4819 5226
f 4767 6181 4591
f 4818 5428 5225
f 5427 4817 5224
f 6180 4766 4590
f 5715 6382 5645
f 6503 5509 686
f 6382 5715 473
f 5509 6503 5463
f 6382 472 5645
f 683 6503 686
f 6383 566 563
f 572 6502 5462
f 5426 4816 5235
f 4815 5425 5234
f 4764 6189 4595
f 6383 5716 5646
f 5716 6383 563
f 6188 4763 4594
f 5424 4814 5233
f 5508 6502 570
f 566 6383 5646
f 6502 5508 5462
f 690 6384 691
f 5717 6384 5647
f 6195 4761 4599
f 6384 5717 691
f 6384 690 5647
f 4760 6194 4598
f 6385 783 781
f 6385 5718 5648
f 6193 4759 4597
f 5718 6385 781
f 783 6385 5648
f 4758 6192 4596
f 4813 5423 5232
f 6502 572 570
f 6386 429 427
f 6501 466 5461
f 5404 5235 4816
f 6501 5507 468
f 5235 5404 5346
f 5507 6501 5461
f 6386 5707 5637
f 5707 6386 427
f 4757 6203 4603
f 429 6386 5637
f 608 6387 610
f 6202 4756 4602
f 4774 5838 4538
f 5839 4775 4539
f 4755 6201 4601
f 4776 5840 4540
f 5841 4777 4541
f 6200 4754 4600
f 5708 6387 5638
f 6387 5708 610
f 6387 608 5638
f 6388 647 645
f 6362 1219 1221
f 5771 6362 1221
f 1089 6363 1087
f 6363 5772 1087
f 6364 1017 1019
f 5773 6364 1019
f 6211 4753 4607
f 888 6365 885
f 6365 5774 885
f 4752 6210 4606
f 4725 6344 4695
f 6097 6344 6083
f 6209 4751 4605
f 6344 6097 4695
f 6344 4725 6083
f 4750 6208 4604
f 4969 5819 5493
f 835 5734 838
f 4971 5820 5495
f 5733 638 636
f 413 5821 5653
f 5821 4925 5653
f 5822 841 5654
f 4927 5822 5654
f 5152 6217 5955
f 6217 4749 5955
f 4749 6217 4611
f 466 6501 468
f 5154 6216 5953
f 6216 4748 5953
f 4748 6216 4609
f 6500 5460 819
f 6221 5077 5921
f 4567 6221 5921
f 6221 4567 4773
f 6220 5078 5919
f 4565 6220 5919
f 6220 4565 4772
f 817 6500 819
f 5459 6499 654
f 6499 656 654
f 6498 5458 601
f 600 6498 601
f 5457 6497 436
f 6497 438 436
f 734 6496 5495
f 5571 6496 732
f 6496 5571 5495
f 6496 734 732
f 515 6495 5493
f 5569 6495 513
f 6495 5569 5493
f 6495 515 513
f 6494 884 5730
f 5823 4973 5485
f 5670 6494 5730
f 884 6494 882
f 1021 6493 5729
f 5234 5403 4815
f 6493 5669 5729
f 6493 1021 1023
f 6492 1085 5728
f 6235 5172 5987
f 4747 6235 5987
f 6235 4747 4627
f 5403 5234 5345
f 5668 6492 5728
f 5175 6234 5984
f 6234 4746 5984
f 4746 6234 4624
f 4551 6238 5891
f 6238 4551 4786
f 1085 6492 1083
f 1224 6491 5727
f 5402 5233 4814
f 6491 5667 5727
f 6491 1224 1226
f 4549 6246 5885
f 6246 4549 4785
f 6245 4548 5884
f 4548 6245 4784
f 4547 6244 5883
f 6244 4547 4783
f 6243 4546 5882
f 4546 6243 4782
f 839 6490 5654
f 5666 6490 838
f 6490 5666 5654
f 6490 839 838
f 6254 4545 5877
f 4545 6254 4781
f 4544 6253 5876
f 6253 4544 4780
f 6252 4543 5875
f 4543 6252 4779
f 4542 6251 5874
f 6251 4542 4778
f 6489 416 5653
f 6489 5663 418
f 5663 6489 5653
f 416 6489 418
f 4541 6262 5869
f 6262 4541 4777
f 6261 4540 5868
f 4540 6261 4776
f 4539 6260 5867
f 6260 4539 4775
f 6259 4538 5866
f 4538 6259 4774
f 6488 740 5496
f 6266 5201 6022
f 4745 6266 6022
f 6488 5572 742
f 6265 5203 6020
f 4744 6265 6020
f 5572 6488 5496
f 740 6488 742
f 5204 6272 6031
f 6272 4743 6031
f 6271 5205 6030
f 4742 6271 6030
f 5206 6270 6029
f 6270 4741 6029
f 6269 5207 6028
f 4740 6269 6028
f 6276 5208 6039
f 4739 6276 6039
f 5209 6275 6038
f 6275 4738 6038
f 6274 5210 6037
f 4737 6274 6037
f 5211 6273 6036
f 6273 4736 6036
f 6487 521 5494
f 6487 5570 524
f 5570 6487 5494
f 521 6487 524
f 5233 5402 5344
f 5464 6486 790
f 6486 792 790
f 5232 5401 4813
f 6485 5463 683
f 681 6485 683
f 5462 6484 572
f 6484 574 572
f 6483 5461 466
f 463 6483 466
f 946 6482 5738
f 5678 6482 947
f 5208 6276 6089
f 6482 5678 5738
f 6275 5209 6088
f 6482 946 947
f 5210 6274 6087
f 1148 6481 5736
f 6273 5211 6086
f 5676 6481 1150
f 6272 5204 6085
f 6481 5676 5736
f 5205 6271 6084
f 6481 1148 1150
f 6270 5206 6083
f 6480 821 5504
f 5207 6269 6082
f 6480 5580 823
f 5580 6480 5504
f 821 6480 823
f 651 6479 5503
f 5201 6266 6080
f 5579 6479 649
f 6479 5579 5503
f 6479 651 649
f 6478 603 5502
f 5203 6265 6078
f 6478 5578 606
f 5578 6478 5502
f 603 6478 606
f 433 6477 5501
f 5577 6477 432
f 6477 5577 5501
f 6477 433 432
f 6476 5468 765
f 764 6476 765
f 5467 6475 707
f 6475 709 707
f 6474 5466 548
f 546 6474 548
f 5465 6473 489
f 5401 5232 5343
f 6473 491 489
f 787 6472 5510
f 5227 5400 4820
f 5586 6472 785
f 6472 5586 5510
f 5400 5227 5350
f 6472 787 785
f 6471 686 5509
f 5653 416 413
f 6471 5585 688
f 5585 6471 5509
f 839 5654 841
f 686 6471 688
f 570 6470 5508
f 5399 5226 4819
f 5584 6470 568
f 6470 5584 5508
f 5226 5399 5349
f 6470 570 568
f 6469 468 5507
f 5225 5398 4818
f 6469 5583 470
f 5398 5225 5348
f 5397 5224 4817
f 5224 5397 5347
f 5583 6469 5507
f 4661 5380 4719
f 468 6469 470
f 6468 5470 629
f 5379 4660 4718
f 628 6468 629
f 4659 5378 4717
f 5377 4658 4716
f 4664 5375 4715
f 6467 767 5518
f 5374 4663 4714
f 6467 5594 769
f 5594 6467 5518
f 5372 4669 4713
f 767 6467 769
f 705 6466 5517
f 4668 5371 4712
f 5593 6466 704
f 6466 5593 5517
f 5370 4667 4711
f 6466 705 704
f 6465 550 5516
f 4666 5369 4710
f 6465 5592 551
f 5592 6465 5516
f 4673 5368 4709
f 550 6465 551
f 487 6464 5515
f 5367 4672 4708
f 5591 6464 486
f 6464 5591 5515
f 4671 5366 4707
f 6464 487 486
f 623 6463 5523
f 5365 4670 4706
f 5599 6463 622
f 6463 5599 5523
f 5364 4577 4765
f 6463 623 622
f 6462 631 5524
f 4576 5363 4762
f 6462 5600 634
f 5600 6462 5524
f 5417 6324 4702
f 631 6462 634
f 6217 5152 6023
f 4936 6023 5152
f 4611 6217 6023
f 760 6461 5536
f 6324 5381 4702
f 5608 6461 757
f 6216 5154 6021
f 4937 6021 5154
f 4609 6216 6021
f 6461 5608 5536
f 6325 5418 4703
f 6461 760 757
f 5148 6211 6015
f 553 6599 5724
f 6211 4607 6015
f 6210 5149 6014
f 5655 6598 5723
f 4606 6210 6014
f 5150 6209 6013
f 6598 484 5723
f 6209 4605 6013
f 6208 5151 6012
f 5664 6597 5732
f 4604 6208 6012
f 6203 5144 6003
f 5382 6325 4703
f 4603 6203 6003
f 5145 6202 6002
f 5419 6326 4704
f 6202 4602 6002
f 6201 5146 6001
f 6326 5383 4704
f 4601 6201 6001
f 5147 6200 6000
f 6460 713 5535
f 6327 5420 4705
f 6200 4600 6000
f 5140 6195 5995
f 6460 5607 716
f 5384 6327 4705
f 6195 4599 5995
f 6194 5141 5994
f 6328 5413 4698
f 4598 6194 5994
f 5142 6193 5993
f 5385 6328 4698
f 6193 4597 5993
f 6192 5143 5992
f 5414 6329 4699
f 4596 6192 5992
f 6189 5134 5986
f 6329 5386 4699
f 4595 6189 5986
f 5135 6188 5985
f 6330 5415 4700
f 6188 4594 5985
f 6183 5126 5979
f 5387 6330 4700
f 4593 6183 5979
f 5127 6182 5978
f 5416 6331 4701
f 6182 4592 5978
f 6181 5128 5977
f 6331 5388 4701
f 4591 6181 5977
f 5129 6180 5976
f 5410 6332 4695
f 6180 4590 5976
f 5118 6175 5971
f 6332 5390 4695
f 6175 4589 5971
f 6174 5119 5970
f 6333 5411 4696
f 4588 6174 5970
f 5120 6173 5969
f 5391 6333 4696
f 6173 4587 5969
f 6172 5121 5968
f 6334 5409 4694
f 4586 6172 5968
f 6167 5110 5963
f 5389 6334 4694
f 4585 6167 5963
f 5111 6166 5962
f 5412 6335 4697
f 6166 4584 5962
f 6165 5112 5961
f 6335 5392 4697
f 4583 6165 5961
f 5113 6164 5960
f 5405 6336 4690
f 6164 4582 5960
f 6336 5393 4690
f 6337 5406 4691
f 5394 6337 4691
f 5407 6338 4692
f 617 5732 620
f 4974 5824 5486
f 5731 420 418
f 5825 4975 5487
f 6366 5408 4809
f 4976 5826 5488
f 5407 6367 4810
f 4977 5827 5477
f 6368 5406 4811
f 5828 4978 5478
f 5405 6369 4812
f 4979 5829 5479
f 6338 5395 4692
f 5412 6370 4805
f 6339 5408 4693
f 5396 6339 4693
f 6340 4720 6086
f 6340 6092 4690
f 6597 620 5732
f 5612 6596 5544
f 6596 950 5544
f 5610 6595 5542
f 6595 1152 5542
f 6594 5543 5476
f 954 6594 5476
f 6593 5541 5475
f 4991 5921 5077
f 6159 4566 5920
f 4993 5919 5078
f 6158 4564 5918
f 5607 6460 5535
f 713 6460 716
f 541 6459 5534
f 5606 6459 540
f 6459 5606 5534
f 6459 541 540
f 6458 495 5533
f 6458 5605 497
f 5605 6458 5533
f 495 6458 497
f 1156 6593 5475
f 453 5747 455
f 5748 583 581
f 5404 4816 5528
f 778 5404 5528
f 4815 5403 5527
f 5403 696 5527
f 5402 4814 5526
f 560 5402 5526
f 4813 5401 5525
f 5401 477 5525
f 4820 5400 5540
f 5400 832 5540
f 5399 4819 5539
f 642 5399 5539
f 4818 5398 5538
f 5398 614 5538
f 5397 4817 5537
f 423 5397 5537
f 671 5749 674
f 5750 802 800
f 4724 6346 6082
f 6096 6346 4694
f 6346 6096 6082
f 6346 4724 4694
f 6345 4726 4696
f 6345 6098 6084
f 6098 6345 4696
f 4726 6345 6084
f 754 5742 756
f 5741 720 718
f 535 5740 537
f 6457 796 5552
f 6457 5616 797
f 5616 6457 5552
f 851 4792 4788
f 4788 850 851
f 4791 851 4787
f 850 4787 851
f 5426 5235 4677
f 5234 5425 4676
f 5424 5233 4675
f 5232 5423 4674
f 5227 5430 4681
f 5429 5226 4680
f 5225 5428 4679
f 5427 5224 4678
f 5219 5434 4685
f 5433 5218 4684
f 5217 5432 4683
f 5431 5216 4682
f 5438 5215 4689
f 5214 5437 4688
f 5436 5213 4687
f 5212 5435 4686
f 796 6457 797
f 678 6456 5551
f 5615 6456 676
f 6456 5615 5551
f 6456 678 676
f 6455 578 5550
f 6455 5614 579
f 5614 6455 5550
f 578 6455 579
f 459 6454 5549
f 5613 6454 457
f 6454 5613 5549
f 6454 459 457
f 5739 502 500
f 425 5763 427
f 5764 612 610
f 644 5765 645
f 5766 830 827
f 5767 475 473
f 562 5768 563
f 5769 694 691
f 6453 959 5737
f 6453 5677 957
f 5677 6453 5737
f 959 6453 957
f 6452 1162 5735
f 6452 5675 1160
f 5675 6452 5735
f 1162 6452 1160
f 869 6451 5746
f 5682 6451 872
f 6451 5682 5746
f 6451 869 872
f 6450 1036 5745
f 6450 5681 1034
f 5681 6450 5745
f 1036 6450 1034
f 1071 6449 5744
f 5680 6449 1074
f 6449 5680 5744
f 6449 1071 1074
f 6448 1237 5743
f 6448 5679 1235
f 5679 6448 5743
f 1237 6448 1235
f 813 6447 5564
f 5624 6447 812
f 6447 5624 5564
f 6447 813 812
f 6446 659 5563
f 6446 5623 662
f 5623 6446 5563
f 659 6446 662
f 596 6445 5562
f 5622 6445 593
f 6445 5622 5562
f 6445 596 593
f 6444 442 5561
f 6444 5621 443
f 5621 6444 5561
f 442 6444 443
f 780 5770 781
f 6347 4727 6085
f 6347 6099 4697
f 6099 6347 6085
f 4727 6347 4697
f 4728 6348 6078
f 6100 6348 4698
f 6348 6100 6078
f 6348 4728 4698
f 4730 6349 6080
f 6102 6349 4700
f 6349 6102 6080
f 6349 4730 4700
f 6350 1193 1195
f 5795 6350 1195
f 1116 6351 1114
f 6443 910 5754
f 6443 5690 907
f 5690 6443 5754
f 910 6443 907
f 996 6442 5753
f 5689 6442 997
f 6442 5689 5753
f 6442 996 997
f 6441 1111 5752
f 6441 5688 1109
f 5688 6441 5752
f 5350 6315 5400
f 6315 832 5400
f 6314 5349 5399
f 642 6314 5399
f 5348 6313 5398
f 6313 614 5398
f 6312 5347 5397
f 423 6312 5397
f 1111 6441 1109
f 1198 6440 5751
f 5687 6440 1199
f 6440 5687 5751
f 6440 1198 1199
f 732 6439 5571
f 5631 6439 729
f 6439 5631 5571
f 6311 5346 5404
f 778 6311 5404
f 5345 6310 5403
f 6310 696 5403
f 6309 5344 5402
f 560 6309 5402
f 5343 6308 5401
f 6308 477 5401
f 6439 732 729
f 513 6438 5569
f 5629 6438 511
f 6438 5629 5569
f 6438 513 511
f 6437 742 5572
f 6437 5632 744
f 5632 6437 5572
f 742 6437 744
f 6436 524 5570
f 6436 5630 525
f 5630 6436 5570
f 524 6436 525
f 6351 5796 1114
f 6352 991 993
f 5850 4786 5851
f 4785 5849 5855
f 5848 4784 5854
f 4783 5847 5853
f 5846 4782 5852
f 5845 4781 5859
f 4780 5844 5858
f 5843 4779 5857
f 4778 5842 5856
f 4777 5841 5865
f 5840 4776 5864
f 4775 5839 5863
f 5838 4774 5862
f 5797 6352 993
f 913 6353 912
f 6353 5798 912
f 1242 6354 1239
f 6354 5787 1239
f 6355 1068 1070
f 5788 6355 1070
f 1039 6356 1038
f 6356 5789 1038
f 6357 866 868
f 5790 6357 868
f 1165 6358 1164
f 6358 5779 1164
f 964 6359 961
f 920 6435 5778
f 5698 6435 922
f 6435 5698 5778
f 6435 920 922
f 6434 986 5777
f 6434 5697 984
f 5697 6434 5777
f 986 6434 984
f 1121 6433 5776
f 5696 6433 1123
f 6433 5696 5776
f 6433 1121 1123
f 6432 1188 5775
f 6432 5695 1186
f 5695 6432 5775
f 1188 6432 1186
f 6431 823 5580
f 6431 5640 825
f 5077 6221 5861
f 6221 4773 5861
f 5078 6220 5860
f 6220 4772 5860
f 5079 6215 5869
f 6214 5080 5868
f 5081 6213 5867
f 6212 5082 5866
f 6207 5083 5877
f 5084 6206 5876
f 6205 5085 5875
f 5086 6204 5874
f 6359 5781 961
f 6360 1144 1146
f 5780 6360 1146
f 6361 942 944
f 5782 6361 944
f 6190 5088 5890
f 6187 5090 5899
f 5091 6186 5898
f 6185 5092 5897
f 5093 6184 5896
f 5094 6179 5905
f 6178 5095 5904
f 5096 6177 5903
f 6176 5097 5902
f 5830 4980 5480
f 6371 5409 4808
f 5831 4982 5471
f 6372 5411 4806
f 5640 6431 5580
f 6161 5104 5920
f 823 6431 825
f 649 6430 5579
f 6160 5105 5918
f 5639 6430 647
f 6430 5639 5579
f 6430 649 647
f 6429 606 5578
f 6429 5638 608
f 6092 6340 6086
f 4720 6340 4690
f 4721 6341 6087
f 6093 6341 4691
f 5638 6429 5578
f 606 6429 608
f 432 6428 5577
f 5637 6428 429
f 6428 5637 5577
f 6428 432 429
f 6427 1062 5784
f 6427 5704 1060
f 5704 6427 5784
f 1062 6427 1060
f 5793 6628 6420
f 5705 6426 1048
f 6426 5705 5785
f 6426 1045 1048
f 785 6425 5586
f 5648 6425 783
f 6425 5648 5586
f 6425 785 783
f 6424 688 5585
f 6424 5647 690
f 5647 6424 5585
f 688 6424 690
f 568 6423 5584
f 5646 6423 566
f 6423 5646 5584
f 6423 568 566
f 6422 470 5583
f 6422 5645 472
f 5645 6422 5583
f 470 6422 472
f 6628 5793 5809
f 6421 5714 934
f 6341 6093 6087
f 5714 6421 5794
f 6341 4721 4691
f 936 6421 934
f 6342 4722 6088
f 6628 969 6420
f 6342 6094 4692
f 5713 6420 971
f 6094 6342 6088
f 6420 5713 5793
f 4722 6342 4692
f 6420 969 971
f 481 5723 484
f 1172 6627 5807
f 5724 555 553
f 6419 5712 1135
f 4719 6111 4661
f 6110 4718 4660
f 4717 6109 4659
f 6108 4716 4658
f 5712 6419 5792
f 4715 6114 4664
f 6113 4714 4663
f 1137 6419 1135
f 6119 4713 4669
f 4712 6118 4668
f 6117 4711 4667
f 4710 6116 4666
f 4709 6123 4673
f 6122 4708 4672
f 4707 6121 4671
f 6120 4706 4670
f 5791 6627 6418
f 5711 6418 1174
f 6418 5711 5791
f 6418 1172 1174
f 6627 5791 5807
f 5722 6417 896
f 6417 5722 5802
f 6417 894 896
f 6627 1172 6418
f 6416 5721 1010
f 5721 6416 5801
f 1011 6416 1010
f 6626 936 5810
f 5720 6415 1098
f 6415 5720 5800
f 6415 1095 1098
f 6626 5794 6421
f 6414 5719 1212
f 5719 6414 5799
f 1214 6414 1212
f 6413 885 5774
f 6413 5730 884
f 5730 6413 5774
f 885 6413 884
f 1019 6412 5773
f 5729 6412 1021
f 6412 5729 5773
f 6412 1019 1021
f 6411 1087 5772
f 6411 5728 1085
f 5728 6411 5772
f 1087 6411 1085
f 1221 6410 5771
f 5727 6410 1224
f 6410 5727 5771
f 6155 915 918
f 990 6154 987
f 6153 1117 1119
f 1192 6152 1189
f 863 6151 861
f 6150 1041 1043
f 1066 6149 1063
f 6148 1243 1245
f 939 6147 938
f 6146 966 967
f 1141 6145 1139
f 6144 1168 1170
f 6143 889 892
f 1016 6142 1013
f 6141 1091 1093
f 1217 6140 1215
f 6410 1221 1224
f 944 6409 5782
f 889 6139 888
f 5738 6409 946
f 6409 5738 5782
f 6138 1016 1017
f 6409 944 946
f 1146 6408 5780
f 1091 6137 1089
f 5736 6408 1148
f 6408 5736 5780
f 6136 1217 1219
f 6408 1146 1148
f 6407 961 5781
f 6135 939 942
f 6407 5737 959
f 5737 6407 5781
f 966 6134 964
f 961 6407 959
f 6406 1164 5779
f 6133 1141 1144
f 6406 5735 1162
f 5735 6406 5779
f 1168 6132 1165
f 1164 6406 1162
f 868 6405 5790
f 6131 863 866
f 5746 6405 869
f 6405 5746 5790
f 1041 6130 1039
f 6405 868 869
f 6404 1038 5789
f 6129 1066 1068
f 6404 5745 1036
f 5745 6404 5789
f 1243 6128 1242
f 1038 6404 1036
f 1070 6403 5788
f 915 6127 913
f 5744 6403 1071
f 6403 5744 5788
f 6126 990 991
f 6403 1070 1071
f 6402 1239 5787
f 1117 6125 1116
f 6402 5743 1237
f 5743 6402 5787
f 6124 1192 1193
f 1239 6402 1237
f 812 6401 5624
f 700 5725 702
f 6401 5694 5624
f 6401 812 810
f 6400 662 5623
f 5726 773 771
f 5693 6400 5623
f 662 6400 664
f 593 6399 5622
f 4723 6343 6089
f 6399 5692 5622
f 6399 593 592
f 6398 443 5621
f 6095 6343 4693
f 5691 6398 5621
f 443 6398 446
f 6397 912 5798
f 6081 4731 4641
f 6079 4729 4640
f 4735 6077 4639
f 6076 4734 4638
f 4733 6075 4637
f 6074 4732 4636
f 4739 6039 4619
f 6038 4738 4618
f 4737 6037 4617
f 6036 4736 4616
f 6031 4743 4615
f 4742 6030 4614
f 6029 4741 4613
f 4740 6028 4612
f 4745 6022 4610
f 4744 6020 4608
f 4747 5999 4627
f 5996 4746 4624
f 5967 4749 4611
f 5965 4748 4609
f 4753 5959 4607
f 5958 4752 4606
f 4751 5957 4605
f 5956 4750 4604
f 5955 4749 4581
f 5953 4748 4579
f 5951 4757 4603
f 4756 5950 4602
f 5949 4755 4601
f 4754 5948 4600
f 6397 5754 910
f 5754 6397 5798
f 912 6397 910
f 993 6396 5797
f 4761 5947 4599
f 5946 4760 4598
f 4759 5945 4597
f 5944 4758 4596
f 5753 6396 996
f 6396 5753 5797
f 6396 993 996
f 6395 1114 5796
f 5943 4764 4595
f 4763 5942 4594
f 6395 5752 1111
f 5752 6395 5796
f 1114 6395 1111
f 1195 6394 5795
f 5941 4769 4593
f 4768 5940 4592
f 5939 4767 4591
f 4766 5938 4590
f 5751 6394 1198
f 6394 5751 5795
f 6394 1195 1198
f 729 6393 5631
f 5701 6393 728
f 6393 5701 5631
f 6393 729 728
f 511 6392 5629
f 5699 6392 509
f 6392 5699 5629
f 6392 511 509
f 6391 744 5632
f 6343 6095 6089
f 5702 6391 5632
f 744 6391 746
f 6390 525 5630
f 6343 4723 4693
f 5700 6390 5630
f 525 6390 528
f 6389 825 5640
f 6389 5710 827
f 5710 6389 5640
f 825 6389 827
f 647 6388 5639
f 5709 6388 645
f 6388 5709 5639
f 5873 4773 4567
f 5871 4772 4565
f 4777 5865 4563
f 5864 4776 4562
f 4775 5863 4561
f 5862 4774 4560
f 5861 4773 4537
f 5860 4772 4536
f 5859 4781 4559
f 4780 5858 4558
f 5857 4779 4557
f 4778 5856 4556
f 4785 5855 4555
f 5854 4784 4554
f 4783 5853 4553
f 5852 4782 4552
f 5851 4786 4551
f 4786 5850 4550
f 5849 4785 4549
f 4784 5848 4548
f 5847 4783 4547
f 4782 5846 4546
f 4781 5845 4545
f 5844 4780 4544
f 4779 5843 4543
f 5842 4778 4542
f 1011 6621 6416
f 5801 6621 5805
f 6621 5801 6416
f 6621 1011 5805
f 6622 1095 6415
f 6622 5800 5804
f 5800 6622 6415
f 1095 6622 5804
f 1214 6623 6414
f 5799 6623 5803
f 6623 5799 6414
f 6623 1214 5803
f 6624 894 6417
f 6624 5802 5806
f 5802 6624 6417
f 894 6624 5806
f 1137 6625 6419
f 5792 6625 5808
f 6625 5792 6419
f 6625 1137 5808
f 936 6626 6421
f 5794 6626 5810
f 8132 7300 7773
f 1261 6861 6857
f 6857 1260 1261
f 7975 7322 7352
f 6860 1261 6856
f 1260 6856 1261
f 6861 1262 5
f 1253 6861 5
f 6863 1263 6859
f 6863 1255 8
f 1255 6863 6859
f 1263 6863 8
f 6862 1255 6858
f 6862 1573 8
f 1573 6862 6858
f 1255 6862 8
f 1262 6860 5
f 6861 1261 1262
f 6860 853 5
f 1256 6859 7299
f 1261 6860 1262
f 6952 8213 7947
f 7299 1257 1256
f 6859 1256 1255
f 6858 1256 7298
f 7167 7773 7300
f 1257 7298 1256
f 1256 6858 1255
f 7375 7322 6743
f 1053 8132 7773
f 7375 7352 7322
f 7321 7374 6742
f 6857 6867 1260
f 6867 7798 1259
f 6867 1259 1260
f 6866 6856 1260
f 8134 7302 7779
f 7947 7102 6952
f 8092 6834 7796
f 7144 7779 7302
f 8092 6832 6834
f 7915 6834 6832
f 1072 8134 7779
f 6833 8091 7795
f 6831 8091 6833
f 6833 7914 6831
f 7301 8133 7778
f 8096 6836 7800
f 8096 6830 6836
f 7917 6836 6830
f 7102 7509 8262
f 6835 8095 7799
f 7778 7143 7301
f 6829 8095 6835
f 6835 7916 6829
f 8133 1035 7778
f 7963 7022 8242
f 7022 7963 7665
f 8100 6838 7802
f 7963 1273 7665
f 8100 6828 6838
f 7919 6838 6828
f 7021 7962 8241
f 6837 8099 7801
f 6827 8099 6837
f 6837 7918 6827
f 7962 7021 7664
f 6765 7344 7056
f 8104 6840 7804
f 8104 6826 6840
f 7921 6840 6826
f 7343 6764 7055
f 1564 7962 7664
f 6839 8103 7803
f 6825 8103 6839
f 6763 7342 7058
f 6839 7920 6825
f 7967 7020 8244
f 8108 6842 7806
f 7341 6762 7057
f 8108 6824 6842
f 7923 6842 6824
f 7020 7967 7663
f 6761 7340 7060
f 6841 8107 7805
f 6823 8107 6841
f 6841 7922 6823
f 7339 6760 7059
f 7967 1287 7663
f 8112 6844 7808
f 8112 6822 6844
f 6759 7338 7062
f 7925 6844 6822
f 7019 7966 8243
f 6843 8111 7807
f 7337 6758 7061
f 6821 8111 6843
f 6843 7924 6821
f 7966 7019 7662
f 6757 7336 7064
f 8116 6846 7810
f 8116 6820 6846
f 7927 6846 6820
f 7335 6756 7063
f 1550 7966 7662
f 6845 8115 7809
f 6819 8115 6845
f 6755 7334 7066
f 6845 7926 6819
f 7971 7018 8246
f 8120 6848 7812
f 7333 6754 7065
f 8120 6818 6848
f 7929 6848 6818
f 7018 7971 7661
f 6753 7332 7068
f 6847 8119 7811
f 6817 8119 6847
f 6847 7928 6817
f 7331 6752 7067
f 7971 1302 7661
f 8123 6850 7814
f 8123 6816 6850
f 6751 7330 7070
f 7931 6850 6816
f 7017 7970 8245
f 6849 8122 7813
f 7329 6750 7069
f 6815 8122 6849
f 6849 7930 6815
f 7970 7017 7660
f 6749 7328 7072
f 8125 6852 7816
f 8125 6814 6852
f 7933 6852 6814
f 7327 6748 7071
f 1535 7970 7660
f 6851 8124 7815
f 6813 8124 6851
f 6747 7326 7074
f 6851 7932 6813
f 7937 7040 7704
f 8127 6854 7818
f 7325 6746 7073
f 8127 6812 6854
f 7935 6854 6812
f 7040 7937 6919
f 6745 7324 7076
f 6853 8126 7817
f 6811 8126 6853
f 6853 7934 6811
f 7323 6744 7075
f 7150 8277 8039
f 8076 6855 7819
f 8076 6809 6855
f 6809 7871 6855
f 7039 7936 7703
f 7936 7039 6918
f 7934 8277 7104
f 7939 7038 7698
f 7038 7939 6921
f 8277 7934 8039
f 7037 7938 7697
f 7320 6741 7078
f 7938 7037 6920
f 8277 7150 7104
f 7941 7036 7693
f 6740 7319 7077
f 7036 7941 6923
f 1347 7941 7693
f 7035 7940 7692
f 7318 6739 7080
f 7940 7035 6922
f 7940 1489 7692
f 7943 7034 7689
f 6738 7317 7079
f 7034 7943 6925
f 1334 7943 7689
f 7033 7942 7688
f 7316 6737 7082
f 7942 7033 6924
f 7942 1503 7688
f 7945 7032 7683
f 6736 7315 7081
f 7032 7945 6927
f 1319 7945 7683
f 7031 7944 7682
f 7314 6735 7090
f 7944 7031 6926
f 7944 1517 7682
f 7949 7030 7679
f 6734 7313 7089
f 7030 7949 6929
f 1306 7949 7679
f 7029 7948 7678
f 7312 6733 7098
f 7948 7029 6928
f 7948 1532 7678
f 7953 7028 7675
f 6732 7311 7097
f 7028 7953 6931
f 1291 7953 7675
f 7027 7952 7674
f 7310 6731 7106
f 7952 7027 6930
f 7952 1545 7674
f 7957 7026 7671
f 6730 7309 7105
f 7026 7957 6933
f 1277 7957 7671
f 7025 7956 7670
f 7102 8262 6952
f 7956 7025 6932
f 7956 1559 7670
f 7443 7556 6810
f 6968 7785 7304
f 7556 7443 6765
f 8136 7304 7785
f 7555 7442 6809
f 7515 6968 6725
f 7442 7555 6764
f 7304 6725 6968
f 7447 7554 6808
f 7784 6967 7303
f 7554 7447 6763
f 6967 7514 6724
f 7553 7446 6807
f 6724 7303 6967
f 7446 7553 6762
f 1090 8136 7785
f 7449 7550 6806
f 6970 7790 7306
f 7550 7449 6761
f 7303 8135 7784
f 7549 7448 6805
f 7302 6723 7144
f 7448 7549 6760
f 7517 6970 6727
f 7453 7548 6804
f 6722 7301 7143
f 7548 7453 6759
f 7306 6727 6970
f 7547 7452 6803
f 7300 6721 7167
f 7452 7547 6758
f 8135 1018 7784
f 7457 7545 6802
f 7545 7457 6757
f 8138 7306 7790
f 7544 7456 6801
f 7456 7544 6756
f 7789 6969 7305
f 7461 7543 6800
f 7543 7461 6755
f 6969 7516 6726
f 7542 7460 6799
f 7460 7542 6754
f 1108 8138 7790
f 7465 7541 6798
f 7541 7465 6753
f 7305 8137 7789
f 7540 7464 6797
f 7464 7540 6752
f 6726 7305 6969
f 7463 7539 6796
f 7539 7463 6751
f 6972 7794 7308
f 7538 7462 6795
f 7462 7538 6750
f 8137 1000 7789
f 7459 7537 6794
f 7537 7459 6749
f 8140 7308 7794
f 7536 7458 6793
f 7458 7536 6748
f 7519 6972 6729
f 7455 7535 6792
f 7535 7455 6747
f 7308 6729 6972
f 7534 7454 6791
f 7454 7534 6746
f 1126 8140 7794
f 7451 7533 6790
f 7533 7451 6745
f 7307 8139 7793
f 7532 7450 6789
f 7450 7532 6744
f 7793 6971 7307
f 7531 7445 6786
f 7445 7531 6741
f 6971 7518 6728
f 7444 7530 6785
f 7530 7444 6740
f 8139 981 7793
f 7529 7441 6784
f 7441 7529 6739
f 8213 6952 7977
f 7440 7528 6783
f 7528 7440 6738
f 6728 7307 6971
f 7527 7439 6782
f 7439 7527 6737
f 7054 7788 7167
f 7438 7526 6781
f 7526 7438 6736
f 6952 8262 6869
f 7525 7437 6780
f 7437 7525 6735
f 6951 8212 7976
f 7436 7524 6779
f 7524 7436 6734
f 6950 8212 6951
f 7523 7435 6778
f 7435 7523 6733
f 6951 8261 6950
f 7434 7522 6777
f 7522 7434 6732
f 8261 6951 6868
f 7521 7433 6776
f 7433 7521 6731
f 8211 6954 7979
f 7432 7520 6775
f 7520 7432 6730
f 8211 6949 6954
f 7519 7431 6774
f 7431 7519 6729
f 8260 6954 6949
f 7430 7518 6773
f 7518 7430 6728
f 6954 8260 6871
f 7517 7429 6772
f 7429 7517 6727
f 6953 8210 7978
f 7428 7516 6771
f 7516 7428 6726
f 6948 8210 6953
f 7515 7427 6770
f 7427 7515 6725
f 6953 8259 6948
f 7426 7514 6769
f 7514 7426 6724
f 8259 6953 6870
f 7513 7425 6768
f 7425 7513 6723
f 8209 6956 7981
f 7424 7512 6767
f 7512 7424 6722
f 8209 6947 6956
f 7511 7423 6766
f 7423 7511 6721
f 8258 6956 6947
f 6652 7849 7851
f 6654 8043 6652
f 6652 7851 6654
f 6956 8258 6873
f 7848 6651 7850
f 8042 6653 6651
f 7850 6651 6653
f 6955 8208 7980
f 6650 7847 7853
f 6656 8045 6650
f 6650 7853 6656
f 6946 8208 6955
f 7846 6649 7852
f 8044 6655 6649
f 7852 6649 6655
f 6955 8257 6946
f 6648 7845 7855
f 6658 8047 6648
f 6648 7855 6658
f 8257 6955 6872
f 7844 6647 7854
f 8046 6657 6647
f 7854 6647 6657
f 8207 6958 7983
f 6646 7843 7857
f 6660 8049 6646
f 6646 7857 6660
f 8207 6945 6958
f 7842 6645 7856
f 8048 6659 6645
f 7856 6645 6659
f 8256 6958 6945
f 6644 7841 7859
f 6662 8051 6644
f 6644 7859 6662
f 6958 8256 6875
f 7840 6643 7858
f 8050 6661 6643
f 7858 6643 6661
f 6957 8206 7982
f 6642 7839 7861
f 6664 8053 6642
f 6642 7861 6664
f 6944 8206 6957
f 7838 6641 7860
f 8052 6663 6641
f 7860 6641 6663
f 6957 8255 6944
f 6640 7837 7863
f 6666 8055 6640
f 6640 7863 6666
f 8255 6957 6874
f 7836 6639 7862
f 8054 6665 6639
f 7862 6639 6665
f 8205 6960 7985
f 6638 7835 7865
f 6668 8057 6638
f 6638 7865 6668
f 8205 6943 6960
f 7834 6637 7864
f 8056 6667 6637
f 7864 6637 6667
f 8254 6960 6943
f 6636 7833 7867
f 6670 8059 6636
f 6636 7867 6670
f 6960 8254 6877
f 7832 6635 7866
f 8058 6669 6635
f 7866 6635 6669
f 6959 8204 7984
f 6634 7831 7869
f 6672 8061 6634
f 6634 7869 6672
f 6942 8204 6959
f 7830 6633 7868
f 8060 6671 6633
f 7868 6633 6671
f 6959 8253 6942
f 6632 7829 7870
f 6674 8062 6632
f 6632 7870 6674
f 7797 6866 1259
f 1259 6866 1260
f 8253 6959 6876
f 7798 1258 1259
f 8203 6962 7987
f 7975 7352 6861
f 1253 7975 6861
f 8203 6941 6962
f 1258 7797 1259
f 8252 6962 6941
f 6962 8252 6879
f 6961 8202 7986
f 6940 8202 6961
f 6961 8251 6940
f 7300 8132 7546
f 8132 1052 7546
f 1052 8132 1053
f 7302 8134 7552
f 8134 1069 7552
f 1069 8134 1072
f 8133 7301 7551
f 1037 8133 7551
f 8133 1037 1035
f 7304 8136 7558
f 8136 1088 7558
f 1088 8136 1090
f 8135 7303 7557
f 1020 8135 7557
f 8135 1020 1018
f 7306 8138 7560
f 8138 1106 7560
f 1106 8138 1108
f 8137 7305 7559
f 1002 8137 7559
f 8137 1002 1000
f 7308 8140 7562
f 8140 1124 7562
f 1124 8140 1126
f 8139 7307 7561
f 983 8139 7561
f 8139 983 981
f 7310 8142 7564
f 8142 1142 7564
f 1142 8142 1143
f 8141 7309 7563
f 965 8141 7563
f 8141 965 963
f 7312 8144 7566
f 8144 1159 7566
f 1159 8144 1161
f 8143 7311 7565
f 948 8143 7565
f 8143 948 945
f 7314 8146 7568
f 8146 1177 7568
f 1177 8146 1180
f 8145 7313 7567
f 929 8145 7567
f 8145 929 927
f 7316 8148 7570
f 8148 1196 7570
f 1196 8148 1197
f 8147 7315 7569
f 911 8147 7569
f 8147 911 909
f 7318 8150 7572
f 8150 1213 7572
f 1213 8150 1216
f 8149 7317 7571
f 893 8149 7571
f 8149 893 891
f 7320 8152 7574
f 8152 1231 7574
f 1231 8152 1234
f 8151 7319 7573
f 876 8151 7573
f 8151 876 873
f 8154 7324 7578
f 1244 8154 7578
f 8154 1244 1241
f 7323 8153 7577
f 8153 864 7577
f 864 8153 865
f 8156 7326 7580
f 1225 8156 7580
f 8156 1225 1223
f 7325 8155 7579
f 8155 881 7579
f 881 8155 883
f 8158 7328 7582
f 1208 8158 7582
f 8158 1208 1205
f 7327 8157 7581
f 8157 900 7581
f 900 8157 901
f 8160 7330 7584
f 1190 8160 7584
f 8160 1190 1187
f 7329 8159 7583
f 8159 917 7583
f 917 8159 919
f 8162 7332 7586
f 1171 8162 7586
f 8162 1171 1169
f 7331 8161 7585
f 8161 935 7585
f 935 8161 937
f 8164 7334 7588
f 1154 8164 7588
f 8164 1154 1151
f 7333 8163 7587
f 8163 953 7587
f 953 8163 956
f 8166 7336 7590
f 1136 8166 7590
f 8166 1136 1134
f 7335 8165 7589
f 8165 972 7589
f 972 8165 974
f 8168 7338 7592
f 1118 8168 7592
f 8168 1118 1115
f 7337 8167 7591
f 8167 989 7591
f 989 8167 992
f 8170 7340 7594
f 1099 8170 7594
f 8170 1099 1097
f 7339 8169 7593
f 8169 1008 7593
f 1008 8169 1009
f 8172 7342 7596
f 1082 8172 7596
f 8172 1082 1080
f 7341 8171 7595
f 8171 1026 7595
f 1026 8171 1027
f 8174 7344 7598
f 1064 8174 7598
f 8174 1064 1061
f 7343 8173 7597
f 8173 1044 7597
f 1044 8173 1046
f 7764 7006 7720
f 1147 7764 7720
f 7005 7763 7719
f 7763 960 7719
f 7760 7008 7722
f 1166 7760 7722
f 7007 7759 7721
f 7759 941 7721
f 7756 7010 7724
f 1183 7756 7724
f 7009 7755 7723
f 7755 923 7723
f 7752 7012 7728
f 1202 7752 7728
f 7011 7751 7727
f 7751 906 7727
f 7748 7014 7732
f 1220 7748 7732
f 7013 7747 7731
f 7747 887 7731
f 7742 7016 7736
f 1238 7742 7736
f 7015 7741 7735
f 7741 870 7735
f 8251 6961 6878
f 8201 6964 7989
f 8201 6939 6964
f 8250 6964 6939
f 6964 8250 6881
f 6963 8200 7988
f 6938 8200 6963
f 6963 8249 6938
f 8249 6963 6880
f 8199 6966 7991
f 8199 6937 6966
f 8248 6966 6937
f 7828 7004 7718
f 6966 8248 6883
f 1129 7828 7718
f 7003 7827 7717
f 6965 8198 7990
f 7827 977 7717
f 7826 7002 7715
f 6936 8198 6965
f 1112 7826 7715
f 7001 7825 7714
f 6965 8247 6936
f 7825 995 7714
f 7824 7000 7708
f 8247 6965 6882
f 1094 7824 7708
f 6999 7823 7707
f 7122 7993 7350
f 7823 1014 7707
f 7822 6998 7702
f 7350 6885 7122
f 1075 7822 7702
f 6997 7821 7701
f 7992 7121 7349
f 7821 1031 7701
f 7820 6996 7694
f 6884 7349 7121
f 1057 7820 7694
f 7639 7252 7711
f 1050 7639 7711
f 7634 7251 7706
f 1067 7634 7706
f 7250 7633 7705
f 7633 1040 7705
f 7628 7249 7700
f 1086 7628 7700
f 7248 7627 7699
f 7627 1022 7699
f 7622 7247 7696
f 1104 7622 7696
f 7246 7621 7695
f 7621 1004 7695
f 7618 7245 7691
f 1122 7618 7691
f 7244 7617 7690
f 7617 985 7690
f 7612 7243 7687
f 1140 7612 7687
f 7242 7611 7686
f 7611 968 7686
f 7610 7241 7685
f 1157 7610 7685
f 7240 7609 7684
f 7609 949 7684
f 7608 7239 7681
f 1176 7608 7681
f 7238 7607 7680
f 7607 931 7680
f 7606 7237 7677
f 1194 7606 7677
f 7236 7605 7676
f 7605 914 7676
f 7604 7235 7673
f 1211 7604 7673
f 7234 7603 7672
f 7603 895 7672
f 7602 7233 7669
f 1230 7602 7669
f 7232 7601 7668
f 7601 877 7668
f 7600 7231 7667
f 1247 7600 7667
f 7230 7599 7666
f 7599 860 7666
f 7773 7167 7788
f 7167 7511 7054
f 6718 7379 7443
f 7124 7995 7348
f 6917 6992 6909
f 7471 6917 6909
f 7378 6717 7442
f 7348 6887 7124
f 6991 6916 6908
f 6916 7472 6908
f 6716 7381 7447
f 7994 7123 7347
f 7053 7783 7144
f 7779 7144 7783
f 7380 6715 7446
f 6886 7347 7123
f 7144 7513 7053
f 7782 7052 7143
f 6714 7383 7449
f 7126 7997 7346
f 7143 7778 7782
f 7512 7143 7052
f 7382 6713 7448
f 7346 6889 7126
f 7996 7125 7345
f 6888 7345 7125
f 7401 6696 7467
f 6915 6994 6911
f 8016 6986 6923
f 8016 6923 7941
f 6695 7400 7466
f 7469 6915 6911
f 6993 6914 6910
f 6914 7470 6910
f 6712 7385 7453
f 6903 6923 6986
f 6995 6913 6912
f 6913 7468 6912
f 7384 6711 7452
f 6985 8015 6922
f 6745 7451 7399
f 7274 6745 7399
f 6710 7387 7457
f 6922 8015 7940
f 7450 6744 7398
f 6744 7273 7398
f 7386 6709 7456
f 6922 6902 6985
f 6747 7455 7397
f 7272 6747 7397
f 6708 7389 7461
f 8012 6984 6925
f 7454 6746 7396
f 6746 7271 7396
f 7388 6707 7460
f 8012 6925 7943
f 6749 7459 7395
f 7270 6749 7395
f 6706 7391 7465
f 6901 6925 6984
f 7458 6748 7394
f 6748 7269 7394
f 7390 6705 7464
f 6983 8011 6924
f 7442 6764 7378
f 6764 7253 7378
f 6704 7393 7463
f 6924 8011 7942
f 6751 7463 7393
f 7268 6751 7393
f 7392 6703 7462
f 6924 6900 6983
f 7462 6750 7392
f 6750 7267 7392
f 6702 7395 7459
f 8008 6982 6927
f 6753 7465 7391
f 7266 6753 7391
f 7394 6701 7458
f 8008 6927 7945
f 7464 6752 7390
f 6752 7265 7390
f 6700 7397 7455
f 6899 6927 6982
f 6755 7461 7389
f 7264 6755 7389
f 7396 6699 7454
f 6981 8007 6926
f 7460 6754 7388
f 6754 7263 7388
f 6698 7399 7451
f 6926 8007 7944
f 6757 7457 7387
f 7262 6757 7387
f 7398 6697 7450
f 6926 6898 6981
f 8004 6980 6929
f 8004 6929 7949
f 7403 6694 7445
f 6897 6929 6980
f 6979 8003 6928
f 6928 8003 7948
f 6693 7402 7444
f 6928 6896 6979
f 8001 6978 6931
f 8001 6931 7953
f 7405 6692 7441
f 6895 6931 6978
f 6977 8000 6930
f 6930 8000 7952
f 6691 7404 7440
f 6930 6894 6977
f 7999 6976 6933
f 7999 6933 7957
f 6893 6933 6976
f 6975 7998 6932
f 6932 7998 7956
f 6932 6892 6975
f 7016 7849 7187
f 7187 7736 7016
f 7848 7015 7186
f 7735 7186 7015
f 7014 7847 7189
f 7189 7732 7014
f 7846 7013 7188
f 7731 7188 7013
f 7012 7845 7191
f 7191 7728 7012
f 7844 7011 7190
f 7727 7190 7011
f 7010 7843 7193
f 7193 7724 7010
f 7842 7009 7192
f 7723 7192 7009
f 7008 7841 7195
f 7195 7722 7008
f 7840 7007 7194
f 7721 7194 7007
f 7006 7839 7197
f 7197 7720 7006
f 7838 7005 7196
f 7719 7196 7005
f 7456 6756 7386
f 6935 8176 6974
f 6935 7377 8176
f 1265 8176 1263
f 7407 6690 7439
f 6756 7261 7386
f 8175 6934 6973
f 7376 6934 8175
f 6689 7406 7438
f 8175 1571 1573
f 7487 6933 6893
f 6932 7488 6892
f 7485 6931 6895
f 6930 7486 6894
f 7483 6929 6897
f 6928 7484 6896
f 7481 6927 6899
f 6926 7482 6898
f 7479 6925 6901
f 6924 7480 6900
f 7477 6923 6903
f 6922 7478 6902
f 7971 8246 7350
f 7493 8246 7018
f 8245 7970 7349
f 8245 7494 7017
f 7967 8244 7348
f 7491 8244 7020
f 8243 7966 7347
f 8243 7492 7019
f 7963 8242 7346
f 7489 8242 7022
f 8241 7962 7345
f 8241 7490 7021
f 7004 7837 7199
f 7199 7718 7004
f 7836 7003 7198
f 7717 7198 7003
f 7002 7835 7201
f 7201 7715 7002
f 7834 7001 7200
f 7714 7200 7001
f 7000 7833 7203
f 7203 7708 7000
f 7409 6688 7437
f 7832 6999 7202
f 7707 7202 6999
f 6998 7831 7205
f 6687 7408 7436
f 7205 7702 6998
f 7830 6997 7204
f 7701 7204 6997
f 6996 7829 7207
f 7207 7694 6996
f 6921 6988 6905
f 7475 6921 6905
f 6987 6920 6904
f 6920 7476 6904
f 6919 6990 6907
f 7473 6919 6907
f 6989 6918 6906
f 6918 7474 6906
f 6935 6974 6891
f 6865 6935 6891
f 6973 6934 6890
f 6934 6864 6890
f 6921 7939 6988
f 7938 6920 6987
f 6919 7937 6990
f 7936 6918 6989
f 6917 8181 6992
f 6759 7453 7385
f 7260 6759 7385
f 8180 6916 6991
f 7452 6758 7384
f 6758 7259 7384
f 7411 6686 7435
f 6915 8179 6994
f 6761 7449 7383
f 7258 6761 7383
f 6685 7410 7434
f 8178 6914 6993
f 7448 6760 7382
f 6760 7257 7382
f 8177 6913 6995
f 6763 7447 7381
f 7256 6763 7381
f 7963 7346 7997
f 1271 7963 7997
f 7345 7962 7996
f 7962 1565 7996
f 7967 7348 7995
f 1285 7967 7995
f 7347 7966 7994
f 7966 1551 7994
f 7971 7350 7993
f 1300 7971 7993
f 7349 7970 7992
f 7970 1538 7992
f 6974 8176 7365
f 8175 6973 7364
f 1419 7357 8177
f 7357 6913 8177
f 8177 1417 1419
f 7356 1403 8179
f 6915 7356 8179
f 1405 8179 1403
f 1433 7355 8178
f 7413 6684 7433
f 7355 6914 8178
f 8178 1432 1433
f 7354 1389 8181
f 6683 7412 7432
f 6917 7354 8181
f 1391 8181 1389
f 1447 7353 8180
f 7353 6916 8180
f 8180 1446 1447
f 6990 7937 8014
f 8283 7937 7704
f 7936 6989 8013
f 1376 8283 7704
f 6988 7939 8018
f 8283 1376 1377
f 7938 6987 8017
f 7936 8282 7703
f 7467 6743 7401
f 6743 7276 7401
f 6742 7466 7400
f 7275 6742 7400
f 7423 6721 7422
f 6721 7297 7422
f 7425 6723 7421
f 6723 7296 7421
f 6722 7424 7420
f 7295 6722 7420
f 7427 6725 7419
f 6725 7294 7419
f 6724 7426 7418
f 7293 6724 7418
f 7429 6727 7417
f 6727 7292 7417
f 6726 7428 7416
f 7291 6726 7416
f 7431 6729 7415
f 6729 7290 7415
f 6728 7430 7414
f 7289 6728 7414
f 7415 6682 7431
f 7433 6731 7413
f 6731 7288 7413
f 6730 7432 7412
f 6681 7414 7430
f 7287 6730 7412
f 7435 6733 7411
f 6733 7286 7411
f 6732 7434 7410
f 7285 6732 7410
f 7437 6735 7409
f 6735 7284 7409
f 6734 7436 7408
f 7283 6734 7408
f 7439 6737 7407
f 6737 7282 7407
f 6736 7438 7406
f 7281 6736 7406
f 7441 6739 7405
f 6739 7280 7405
f 6738 7440 7404
f 7279 6738 7404
f 7445 6741 7403
f 6741 7278 7403
f 6740 7444 7402
f 7277 6740 7402
f 7104 7657 7977
f 7104 7977 6952
f 7657 1410 7977
f 7656 7103 7976
f 7976 7103 6951
f 1428 7656 7976
f 7108 7653 7979
f 7108 7979 6954
f 7653 1395 7979
f 7652 7107 7978
f 7417 6680 7429
f 7978 7107 6953
f 1441 7652 7978
f 7110 7649 7981
f 6679 7416 7428
f 7110 7981 6956
f 7649 1381 7981
f 7648 7109 7980
f 7419 6678 7427
f 7980 7109 6955
f 1456 7648 7980
f 7112 7645 7983
f 6677 7418 7426
f 7112 7983 6958
f 7645 1367 7983
f 7644 7111 7982
f 7421 6676 7425
f 7982 7111 6957
f 1469 7644 7982
f 7114 7641 7985
f 6675 7420 7424
f 7114 7985 6960
f 7641 1354 7985
f 7640 7113 7984
f 7422 6673 7423
f 7984 7113 6959
f 7639 7206 7252
f 7819 7252 7206
f 8076 7206 7555
f 7206 8076 7819
f 7207 8063 7556
f 8063 7207 7829
f 1484 7640 7984
f 7116 7636 7987
f 7205 8065 7554
f 8065 7205 7831
f 7116 7987 6962
f 7636 1339 7987
f 8064 7204 7553
f 7204 8064 7830
f 7635 7115 7986
f 7986 7115 6961
f 7203 8067 7550
f 8067 7203 7833
f 1497 7635 7986
f 7118 7630 7989
f 8066 7202 7549
f 7202 8066 7832
f 7118 7989 6964
f 7630 1326 7989
f 7201 8069 7548
f 8069 7201 7835
f 7629 7117 7988
f 7988 7117 6963
f 8068 7200 7547
f 7200 8068 7834
f 1511 7629 7988
f 7120 7624 7991
f 7199 8071 7545
f 8071 7199 7837
f 7120 7991 6966
f 7624 1312 7991
f 8070 7198 7544
f 7198 8070 7836
f 7623 7119 7990
f 7990 7119 6965
f 7197 8073 7543
f 8073 7197 7839
f 1525 7623 7990
f 7122 7620 7993
f 8072 7196 7542
f 7196 8072 7838
f 7620 1298 7993
f 7619 7121 7992
f 7195 8075 7541
f 8075 7195 7841
f 1540 7619 7992
f 7124 7616 7995
f 8074 7194 7540
f 7194 8074 7840
f 7616 1283 7995
f 7615 7123 7994
f 7193 8078 7539
f 8078 7193 7843
f 1554 7615 7994
f 7126 7614 7997
f 8077 7192 7538
f 7192 8077 7842
f 7614 1269 7997
f 7613 7125 7996
f 7191 8080 7537
f 8080 7191 7845
f 1567 7613 7996
f 7798 6788 1258
f 8079 7190 7536
f 7190 8079 7844
f 6788 1257 1258
f 6787 7797 1258
f 7189 8082 7535
f 8082 7189 7847
f 1257 6787 1258
f 7299 7024 1257
f 8081 7188 7534
f 7188 8081 7846
f 7024 6787 1257
f 7023 7298 1257
f 7187 8084 7533
f 8084 7187 7849
f 6788 7023 1257
f 7887 7018 7169
f 8083 7186 7532
f 7186 8083 7848
f 7661 7169 7018
f 7017 7888 7168
f 8086 7185 7531
f 7185 8086 7851
f 7742 7185 7016
f 7851 7016 7185
f 7184 8085 7530
f 8085 7184 7850
f 7184 7741 7015
f 7015 7850 7184
f 8088 7183 7529
f 7183 8088 7853
f 7748 7183 7014
f 7853 7014 7183
f 7182 8087 7528
f 8087 7182 7852
f 7182 7747 7013
f 7013 7852 7182
f 8090 7181 7527
f 7181 8090 7855
f 7752 7181 7012
f 7855 7012 7181
f 7180 8089 7526
f 8089 7180 7854
f 7180 7751 7011
f 7011 7854 7180
f 7128 8021 6891
f 6891 6974 7128
f 8021 6695 6891
f 8022 7127 6890
f 6973 6890 7127
f 6696 8022 6890
f 8094 7179 7525
f 7179 8094 7857
f 7756 7179 7010
f 7857 7010 7179
f 7178 8093 7524
f 8093 7178 7856
f 7178 7755 7009
f 7009 7856 7178
f 8098 7177 7523
f 7177 8098 7859
f 7760 7177 7008
f 7859 7008 7177
f 7176 8097 7522
f 8097 7176 7858
f 7176 7759 7007
f 7007 7858 7176
f 8102 7175 7521
f 7175 8102 7861
f 7764 7175 7006
f 7861 7006 7175
f 7174 8101 7520
f 8101 7174 7860
f 7174 7763 7005
f 7005 7860 7174
f 7104 6869 7934
f 6952 6869 7104
f 6869 6717 7934
f 6868 7103 7935
f 6868 6951 7103
f 6718 6868 7935
f 7108 6871 7932
f 6954 6871 7108
f 6871 6715 7932
f 6870 7107 7933
f 6870 6953 7107
f 6716 6870 7933
f 7110 6873 7930
f 6956 6873 7110
f 6873 6713 7930
f 6872 7109 7931
f 6872 6955 7109
f 6714 6872 7931
f 7112 6875 7928
f 6958 6875 7112
f 6875 6711 7928
f 6874 7111 7929
f 6874 6957 7111
f 6712 6874 7929
f 7114 6877 7926
f 6960 6877 7114
f 6877 6709 7926
f 6876 7113 7927
f 6876 6959 7113
f 6710 6876 7927
f 7116 6879 7924
f 6962 6879 7116
f 6879 6707 7924
f 6878 7115 7925
f 6878 6961 7115
f 6708 6878 7925
f 7118 6881 7922
f 6964 6881 7118
f 6881 6705 7922
f 6880 7117 7923
f 6880 6963 7117
f 6706 6880 7923
f 7120 6883 7920
f 6966 6883 7120
f 6883 6703 7920
f 6882 7119 7921
f 6882 6965 7119
f 6704 6882 7921
f 7122 6885 7918
f 7168 7660 7017
f 6885 6701 7918
f 6884 7121 7919
f 7889 7020 7171
f 6702 6884 7919
f 7124 6887 7916
f 7663 7171 7020
f 6887 6699 7916
f 6886 7123 7917
f 7019 7890 7170
f 6700 6886 7917
f 7126 6889 7914
f 7170 7662 7019
f 6889 6697 7914
f 6888 7125 7915
f 7891 7022 7173
f 6698 6888 7915
f 7130 8019 6893
f 6893 6976 7130
f 8019 6693 6893
f 8020 7129 6892
f 6975 6892 7129
f 6694 8020 6892
f 7132 8023 6895
f 6895 6978 7132
f 8023 6691 6895
f 8024 7131 6894
f 6977 6894 7131
f 6692 8024 6894
f 7134 8025 6897
f 6897 6980 7134
f 8025 6689 6897
f 8026 7133 6896
f 6979 6896 7133
f 6690 8026 6896
f 7136 8027 6899
f 6899 6982 7136
f 8027 6687 6899
f 8028 7135 6898
f 6981 6898 7135
f 6688 8028 6898
f 7138 8029 6901
f 6901 6984 7138
f 8029 6685 6901
f 8030 7137 6900
f 6983 6900 7137
f 6686 8030 6900
f 7140 8031 6903
f 6903 6986 7140
f 8031 6683 6903
f 8032 7139 6902
f 6985 6902 7139
f 6684 8032 6902
f 7142 8033 6905
f 6905 6988 7142
f 8033 6681 6905
f 8034 7141 6904
f 6987 6904 7141
f 6682 8034 6904
f 7600 7229 7231
f 7796 7231 7229
f 8092 7229 7399
f 7229 8092 7796
f 7228 7599 7230
f 7230 7795 7228
f 7228 8091 7398
f 8091 7228 7795
f 7146 8035 6907
f 6907 6990 7146
f 8035 6679 6907
f 8036 7145 6906
f 6989 6906 7145
f 6680 8036 6906
f 7148 8037 6909
f 6909 6992 7148
f 8037 6677 6909
f 8038 7147 6908
f 6991 6908 7147
f 6678 8038 6908
f 7602 7227 7233
f 7800 7233 7227
f 8096 7227 7397
f 7227 8096 7800
f 7226 7601 7232
f 7232 7799 7226
f 7226 8095 7396
f 8095 7226 7799
f 7150 8039 6911
f 6911 6994 7150
f 8039 6675 6911
f 8040 7149 6910
f 6993 6910 7149
f 6676 8040 6910
f 7604 7225 7235
f 7802 7235 7225
f 8100 7225 7395
f 7225 8100 7802
f 7224 7603 7234
f 7234 7801 7224
f 7224 8099 7394
f 8099 7224 7801
f 8041 7152 6912
f 6995 6912 7152
f 6673 8041 6912
f 7606 7223 7237
f 7804 7237 7223
f 8104 7223 7393
f 7223 8104 7804
f 7222 7605 7236
f 7236 7803 7222
f 7222 8103 7392
f 8103 7222 7803
f 7608 7221 7239
f 7806 7239 7221
f 8108 7221 7391
f 7221 8108 7806
f 7220 7607 7238
f 7238 7805 7220
f 7220 8107 7390
f 8107 7220 7805
f 7610 7219 7241
f 7808 7241 7219
f 8112 7219 7389
f 7219 8112 7808
f 7218 7609 7240
f 7240 7807 7218
f 7218 8111 7388
f 8111 7218 7807
f 7612 7217 7243
f 7810 7243 7217
f 8116 7217 7387
f 7217 8116 7810
f 7216 7611 7242
f 7242 7809 7216
f 7216 8115 7386
f 8115 7216 7809
f 7618 7215 7245
f 7812 7245 7215
f 8120 7215 7385
f 7215 8120 7812
f 7214 7617 7244
f 7244 7811 7214
f 7214 8119 7384
f 8119 7214 7811
f 7622 7213 7247
f 7814 7247 7213
f 8123 7213 7383
f 7213 8123 7814
f 7212 7621 7246
f 7246 7813 7212
f 7212 8122 7382
f 8122 7212 7813
f 7628 7211 7249
f 7816 7249 7211
f 8125 7211 7381
f 7211 8125 7816
f 7210 7627 7248
f 7248 7815 7210
f 7210 8124 7380
f 8124 7210 7815
f 7634 7209 7251
f 7818 7251 7209
f 8127 7209 7379
f 7209 8127 7818
f 7208 7633 7250
f 7250 7817 7208
f 7208 8126 7378
f 8126 7208 7817
f 7276 7576 7231
f 7665 7173 7022
f 7021 7892 7172
f 7575 7275 7230
f 7172 7664 7021
f 7026 7893 7173
f 7173 7671 7026
f 7894 7025 7172
f 7670 7172 7025
f 7028 7895 7171
f 7171 7675 7028
f 7896 7027 7170
f 7297 7546 7252
f 7674 7170 7027
f 7030 7897 7169
f 7296 7552 7251
f 7169 7679 7030
f 7898 7029 7168
f 7551 7295 7250
f 7678 7168 7029
f 7032 7899 7166
f 7294 7558 7249
f 7166 7683 7032
f 7900 7031 7165
f 7557 7293 7248
f 7682 7165 7031
f 7034 7901 7164
f 7292 7560 7247
f 7164 7689 7034
f 7902 7033 7163
f 7559 7291 7246
f 7688 7163 7033
f 7036 7903 7162
f 7290 7562 7245
f 7162 7693 7036
f 7904 7035 7161
f 7561 7289 7244
f 7692 7161 7035
f 7038 7905 7160
f 7288 7564 7243
f 8282 1462 7703
f 7906 7037 7159
f 7563 7287 7242
f 1462 8282 1460
f 7040 7907 7158
f 7286 7566 7241
f 8285 7939 7698
f 7908 7039 7157
f 7565 7285 7240
f 1361 8285 7698
f 7042 7909 7156
f 7284 7568 7239
f 7156 7710 7042
f 7354 7042 7710
f 7567 7283 7238
f 7910 7041 7155
f 7709 7155 7041
f 7282 7570 7237
f 7041 7353 7709
f 1279 7999 7957
f 7569 7281 7236
f 7998 1558 7956
f 7044 7911 7154
f 7280 7572 7235
f 7154 7713 7044
f 7356 7044 7713
f 7571 7279 7234
f 7912 7043 7153
f 7712 7153 7043
f 7278 7574 7233
f 7043 7355 7712
f 1294 8001 7953
f 7573 7277 7232
f 8000 1544 7952
f 1308 8004 7949
f 7578 7274 7229
f 7399 7229 7274
f 7446 6762 7380
f 7273 7577 7228
f 7228 7398 7273
f 6762 7255 7380
f 7580 7272 7227
f 7397 7227 7272
f 6765 7443 7379
f 7271 7579 7226
f 7226 7396 7271
f 7254 6765 7379
f 7582 7270 7225
f 7395 7225 7270
f 6696 6890 6864
f 7269 7581 7224
f 7224 7394 7269
f 6696 6864 7467
f 7584 7268 7223
f 7393 7223 7268
f 6891 6695 6865
f 7267 7583 7222
f 7222 7392 7267
f 6865 6695 7466
f 7586 7266 7221
f 7391 7221 7266
f 8267 1263 8176
f 7265 7585 7220
f 7220 7390 7265
f 8267 7377 6859
f 7588 7264 7219
f 7389 7219 7264
f 7377 8267 8176
f 7263 7587 7218
f 7218 7388 7263
f 1263 8267 6859
f 7590 7262 7217
f 7387 7217 7262
f 1573 8266 8175
f 7261 7589 7216
f 7216 7386 7261
f 7376 8266 6858
f 7592 7260 7215
f 7385 7215 7260
f 8266 7376 8175
f 7259 7591 7214
f 7214 7384 7259
f 8266 1573 6858
f 7594 7258 7213
f 7383 7213 7258
f 1143 7792 1145
f 7257 7593 7212
f 7212 7382 7257
f 979 7793 981
f 7596 7256 7211
f 7381 7211 7256
f 7794 1127 1126
f 7255 7595 7210
f 7210 7380 7255
f 7797 6787 6719
f 7598 7254 7209
f 7379 7209 7254
f 6788 7798 6720
f 7253 7597 7208
f 7208 7378 7253
f 6996 7820 7788
f 7667 7231 7576
f 7230 7666 7575
f 7669 7233 7574
f 7232 7668 7573
f 7673 7235 7572
f 7234 7672 7571
f 7677 7237 7570
f 7236 7676 7569
f 7681 7239 7568
f 7238 7680 7567
f 7685 7241 7566
f 7240 7684 7565
f 7687 7243 7564
f 7242 7686 7563
f 7691 7245 7562
f 7244 7690 7561
f 7696 7247 7560
f 7246 7695 7559
f 7700 7249 7558
f 7248 7699 7557
f 7706 7251 7552
f 7250 7705 7551
f 7711 7252 7546
f 7254 7598 7344
f 7597 7253 7343
f 7256 7596 7342
f 7595 7255 7341
f 7258 7594 7340
f 7593 7257 7339
f 7260 7592 7338
f 7591 7259 7337
f 7262 7590 7336
f 7589 7261 7335
f 7264 7588 7334
f 7587 7263 7333
f 7266 7586 7332
f 7585 7265 7331
f 7268 7584 7330
f 7583 7267 7329
f 7270 7582 7328
f 7581 7269 7327
f 7272 7580 7326
f 7579 7271 7325
f 7274 7578 7324
f 7577 7273 7323
f 7574 7278 7320
f 7277 7573 7319
f 7572 7280 7318
f 7279 7571 7317
f 7570 7282 7316
f 7281 7569 7315
f 7568 7284 7314
f 7283 7567 7313
f 7566 7286 7312
f 7285 7565 7311
f 7564 7288 7310
f 7287 7563 7309
f 7562 7290 7308
f 7289 7561 7307
f 7560 7292 7306
f 7291 7559 7305
f 7558 7294 7304
f 7293 7557 7303
f 7552 7296 7302
f 7295 7551 7301
f 7546 7297 7300
f 7849 7016 7851
f 8003 1530 7948
f 7015 7848 7850
f 7913 7045 7151
f 7847 7014 7853
f 7716 7151 7045
f 7013 7846 7852
f 7045 7357 7716
f 7845 7012 7855
f 1322 8008 7945
f 7011 7844 7854
f 8007 1515 7944
f 7843 7010 7857
f 1336 8012 7943
f 7009 7842 7856
f 8011 1502 7942
f 7841 7008 7859
f 1349 8016 7941
f 7007 7840 7858
f 8015 1488 7940
f 7839 7006 7861
f 8131 7322 7975
f 7005 7838 7860
f 7352 7375 6867
f 7837 7004 7863
f 1251 8131 7975
f 7003 7836 7862
f 7321 8130 7974
f 7835 7002 7865
f 7321 7974 7351
f 7001 7834 7864
f 8130 855 7974
f 7833 7000 7867
f 8176 1265 7365
f 6999 7832 7866
f 7365 1265 1267
f 7831 6998 7869
f 1571 8175 7364
f 6997 7830 7868
f 1571 7364 1570
f 7829 6996 7870
f 8182 6869 7509
f 7509 7102 7871
f 1057 8274 7820
f 7821 6997 7782
f 7101 7510 7872
f 7101 7946 6950
f 6950 7510 7101
f 7507 7100 7873
f 7951 7100 6949
f 7507 6949 7100
f 7099 7508 7874
f 7099 7950 6948
f 6948 7508 7099
f 7505 7096 7875
f 7955 7096 6947
f 7505 6947 7096
f 7095 7506 7876
f 7095 7954 6946
f 6946 7506 7095
f 7503 7094 7877
f 7959 7094 6945
f 7503 6945 7094
f 7093 7504 7878
f 7093 7958 6944
f 6944 7504 7093
f 7501 7092 7879
f 7961 7092 6943
f 7501 6943 7092
f 7091 7502 7880
f 7091 7960 6942
f 6942 7502 7091
f 7499 7088 7881
f 7965 7088 6941
f 7499 6941 7088
f 7087 7500 7882
f 7087 7964 6940
f 6940 7500 7087
f 7497 7086 7883
f 7969 7086 6939
f 7497 6939 7086
f 7085 7498 7884
f 7085 7968 6938
f 6938 7498 7085
f 7495 7084 7885
f 7973 7084 6937
f 7495 6937 7084
f 7083 7496 7886
f 7083 7972 6936
f 6936 7496 7083
f 7322 8131 7576
f 7576 7276 7322
f 8130 7321 7575
f 7275 7575 7321
f 7871 7102 7152
f 7102 7947 7626
f 7626 7152 7102
f 7101 7872 7151
f 7946 7101 7625
f 7151 7625 7101
f 7873 7100 7154
f 7100 7951 7632
f 7632 7154 7100
f 7099 7874 7153
f 7950 7099 7631
f 7153 7631 7099
f 7875 7096 7156
f 7096 7955 7638
f 7638 7156 7096
f 7095 7876 7155
f 7954 7095 7637
f 7155 7637 7095
f 7877 7094 7158
f 7094 7959 7643
f 7643 7158 7094
f 7093 7878 7157
f 7958 7093 7642
f 7157 7642 7093
f 7879 7092 7160
f 7092 7961 7647
f 7647 7160 7092
f 7091 7880 7159
f 7960 7091 7646
f 7159 7646 7091
f 7881 7088 7162
f 7088 7965 7651
f 7651 7162 7088
f 7087 7882 7161
f 7964 7087 7650
f 7161 7650 7087
f 7883 7086 7164
f 7086 7969 7655
f 7655 7164 7086
f 7085 7884 7163
f 7968 7085 7654
f 7163 7654 7085
f 7885 7084 7166
f 7084 7973 7659
f 7659 7166 7084
f 7083 7886 7165
f 7972 7083 7658
f 7165 7658 7083
f 6869 8182 6717
f 8182 7442 6717
f 6882 8197 7496
f 8197 6882 6704
f 7206 7639 7725
f 7725 7055 7206
f 7555 7206 7055
f 7463 8197 6704
f 8196 6883 7495
f 6883 8196 6703
f 8196 7462 6703
f 6880 8195 7498
f 8195 6880 6706
f 7465 8195 6706
f 8194 6881 7497
f 7694 7207 7726
f 7056 7726 7207
f 7207 7556 7056
f 6881 8194 6705
f 8194 7464 6705
f 6878 8193 7500
f 8193 6878 6708
f 7702 7205 7730
f 7058 7730 7205
f 7205 7554 7058
f 7204 7701 7729
f 7729 7057 7204
f 7553 7204 7057
f 7461 8193 6708
f 8192 6879 7499
f 6879 8192 6707
f 8192 7460 6707
f 7708 7203 7734
f 7060 7734 7203
f 7203 7550 7060
f 7202 7707 7733
f 7733 7059 7202
f 7549 7202 7059
f 6876 8191 7502
f 8191 6876 6710
f 7457 8191 6710
f 8190 6877 7501
f 7715 7201 7738
f 7062 7738 7201
f 7201 7548 7062
f 7200 7714 7737
f 7737 7061 7200
f 7547 7200 7061
f 6877 8190 6709
f 8190 7456 6709
f 6874 8189 7504
f 8189 6874 6712
f 7718 7199 7740
f 7064 7740 7199
f 7199 7545 7064
f 7198 7717 7739
f 7739 7063 7198
f 7544 7198 7063
f 7453 8189 6712
f 8188 6875 7503
f 6875 8188 6711
f 8188 7452 6711
f 6872 8187 7506
f 8187 6872 6714
f 7449 8187 6714
f 8186 6873 7505
f 7720 7197 7744
f 7066 7744 7197
f 7197 7543 7066
f 7196 7719 7743
f 7743 7065 7196
f 7542 7196 7065
f 6873 8186 6713
f 8186 7448 6713
f 6870 8185 7508
f 8185 6870 6716
f 7722 7195 7746
f 7068 7746 7195
f 7195 7541 7068
f 7194 7721 7745
f 7745 7067 7194
f 7540 7194 7067
f 7447 8185 6716
f 8184 6871 7507
f 6871 8184 6715
f 8184 7446 6715
f 7724 7193 7750
f 7070 7750 7193
f 7193 7539 7070
f 7192 7723 7749
f 7749 7069 7192
f 7538 7192 7069
f 6868 8183 7510
f 8183 6868 6718
f 7443 8183 6718
f 6888 8240 7490
f 7728 7191 7754
f 7072 7754 7191
f 7191 7537 7072
f 7190 7727 7753
f 7753 7071 7190
f 7536 7190 7071
f 8240 6888 6698
f 7451 8240 6698
f 8239 6889 7489
f 6889 8239 6697
f 8239 7450 6697
f 6886 8238 7492
f 7732 7189 7758
f 7074 7758 7189
f 7189 7535 7074
f 7188 7731 7757
f 7757 7073 7188
f 7534 7188 7073
f 7736 7187 7762
f 7076 7762 7187
f 7187 7533 7076
f 7186 7735 7761
f 7761 7075 7186
f 7532 7186 7075
f 7185 7742 7768
f 7768 7078 7185
f 7531 7185 7078
f 7741 7184 7767
f 7077 7767 7184
f 7184 7530 7077
f 7183 7748 7772
f 7772 7080 7183
f 7529 7183 7080
f 7747 7182 7771
f 7079 7771 7182
f 7182 7528 7079
f 7181 7752 7775
f 7775 7082 7181
f 7527 7181 7082
f 7751 7180 7774
f 7081 7774 7180
f 7180 7526 7081
f 7179 7756 7781
f 7781 7090 7179
f 7525 7179 7090
f 7755 7178 7780
f 7089 7780 7178
f 7178 7524 7089
f 7177 7760 7787
f 7787 7098 7177
f 7523 7177 7098
f 7759 7176 7786
f 7097 7786 7176
f 7176 7522 7097
f 7175 7764 7792
f 7792 7106 7175
f 7521 7175 7106
f 7763 7174 7791
f 7105 7791 7174
f 7174 7520 7105
f 7794 6972 7766
f 6972 7519 7047
f 7047 7766 6972
f 6971 7793 7765
f 7518 6971 7046
f 7765 7046 6971
f 7790 6970 7770
f 6970 7517 7049
f 7049 7770 6970
f 6969 7789 7769
f 7516 6969 7048
f 7769 7048 6969
f 7785 6968 7777
f 6968 7515 7051
f 7051 7777 6968
f 6967 7784 7776
f 7514 6967 7050
f 7776 7050 6967
f 1075 8276 7822
f 6998 7822 7783
f 7783 8276 1073
f 7823 6999 7776
f 7788 8274 1056
f 7000 7824 7777
f 8274 7788 7820
f 7825 7001 7769
f 8274 1057 1056
f 8238 6886 6700
f 7455 8238 6700
f 8237 6887 7491
f 6887 8237 6699
f 8237 7454 6699
f 6884 8236 7494
f 8236 6884 6702
f 7459 8236 6702
f 8235 6885 7493
f 6885 8235 6701
f 8235 7458 6701
f 8234 6912 7468
f 6912 8234 6673
f 8234 7423 6673
f 8229 6910 7470
f 6910 8229 6676
f 8229 7425 6676
f 6911 8228 7469
f 8228 6911 6675
f 7424 8228 6675
f 8225 6908 7472
f 6908 8225 6678
f 8225 7427 6678
f 6909 8224 7471
f 8224 6909 6677
f 7426 8224 6677
f 8221 6906 7474
f 6906 8221 6680
f 8221 7429 6680
f 6907 8220 7473
f 8220 6907 6679
f 7428 8220 6679
f 8217 6904 7476
f 6904 8217 6682
f 8217 7431 6682
f 6905 8216 7475
f 8216 6905 6681
f 7430 8216 6681
f 8233 6902 7478
f 6902 8233 6684
f 8233 7433 6684
f 6903 8232 7477
f 8232 6903 6683
f 7432 8232 6683
f 7371 6976 7999
f 1281 7371 7999
f 6975 7370 7998
f 7370 1555 7998
f 7369 6978 8001
f 1296 7369 8001
f 6977 7368 8000
f 7368 1542 8000
f 7367 6980 8004
f 1309 7367 8004
f 6979 7366 8003
f 7366 1527 8003
f 7363 6982 8008
f 1323 7363 8008
f 6981 7362 8007
f 7362 1513 8007
f 8231 6900 7480
f 6900 8231 6686
f 8231 7435 6686
f 6901 8230 7479
f 7361 6984 8012
f 1337 7361 8012
f 6983 7360 8011
f 7360 1499 8011
f 7359 6986 8016
f 1352 7359 8016
f 6985 7358 8015
f 7358 1485 8015
f 7142 8018 7645
f 8018 7142 6988
f 8018 1365 7645
f 8017 7141 7644
f 7141 8017 6987
f 1471 8017 7644
f 7146 8014 7649
f 8014 7146 6990
f 8014 1380 7649
f 8013 7145 7648
f 7145 8013 6989
f 1457 8013 7648
f 7148 8010 7653
f 8010 7148 6992
f 8010 1393 7653
f 8009 7147 7652
f 7147 8009 6991
f 1443 8009 7652
f 7150 8006 7657
f 8006 7150 6994
f 8006 1408 7657
f 8005 7149 7656
f 7149 8005 6993
f 1430 8005 7656
f 8002 7152 7626
f 7152 8002 6995
f 1416 8002 7626
f 7126 7914 7128
f 7128 7614 7126
f 7915 7125 7127
f 7613 7127 7125
f 7124 7916 7130
f 7130 7616 7124
f 7917 7123 7129
f 7615 7129 7123
f 7122 7918 7132
f 7132 7620 7122
f 7919 7121 7131
f 7619 7131 7121
f 7120 7920 7134
f 7134 7624 7120
f 7921 7119 7133
f 7623 7133 7119
f 7118 7922 7136
f 7136 7630 7118
f 7923 7117 7135
f 7629 7135 7117
f 7116 7924 7138
f 7138 7636 7116
f 7925 7115 7137
f 7635 7137 7115
f 7114 7926 7140
f 7140 7641 7114
f 7927 7113 7139
f 7640 7139 7113
f 7112 7928 7142
f 7142 7645 7112
f 7929 7111 7141
f 7644 7141 7111
f 7110 7930 7146
f 7146 7649 7110
f 7931 7109 7145
f 7648 7145 7109
f 7108 7932 7148
f 7148 7653 7108
f 7933 7107 7147
f 7652 7147 7107
f 8285 1361 1363
f 7150 7657 7104
f 7935 7103 7149
f 7656 7149 7103
f 7229 7600 7578
f 7599 7228 7577
f 7227 7602 7580
f 7601 7226 7579
f 7225 7604 7582
f 7603 7224 7581
f 7223 7606 7584
f 7605 7222 7583
f 7221 7608 7586
f 7607 7220 7585
f 7219 7610 7588
f 7609 7218 7587
f 7217 7612 7590
f 7611 7216 7589
f 7215 7618 7592
f 7617 7214 7591
f 7213 7622 7594
f 7621 7212 7593
f 7211 7628 7596
f 7627 7210 7595
f 7209 7634 7598
f 7633 7208 7597
f 7276 6743 7322
f 6742 7275 7321
f 6766 7468 7913
f 7468 7045 7913
f 6768 7470 7912
f 7470 7043 7912
f 7469 6767 7911
f 7044 7469 7911
f 6770 7472 7910
f 7472 7041 7910
f 7471 6769 7909
f 7042 7471 7909
f 6772 7474 7908
f 7474 7039 7908
f 7473 6771 7907
f 7040 7473 7907
f 6774 7476 7906
f 7476 7037 7906
f 7475 6773 7905
f 7038 7475 7905
f 6776 7478 7904
f 7478 7035 7904
f 7477 6775 7903
f 7036 7477 7903
f 6778 7480 7902
f 7480 7033 7902
f 7479 6777 7901
f 7034 7479 7901
f 6780 7482 7900
f 7482 7031 7900
f 7481 6779 7899
f 7032 7481 7899
f 6782 7484 7898
f 7484 7029 7898
f 7483 6781 7897
f 7030 7483 7897
f 6784 7486 7896
f 7486 7027 7896
f 7485 6783 7895
f 7028 7485 7895
f 6786 7488 7894
f 7488 7025 7894
f 7487 6785 7893
f 7026 7487 7893
f 7490 6790 7892
f 7021 7490 7892
f 6789 7489 7891
f 7489 7022 7891
f 7492 6792 7890
f 7019 7492 7890
f 6791 7491 7889
f 7491 7020 7889
f 7494 6794 7888
f 7017 7494 7888
f 6793 7493 7887
f 7493 7018 7887
f 7496 6796 7886
f 6795 7495 7885
f 7498 6798 7884
f 6797 7497 7883
f 7500 6800 7882
f 6799 7499 7881
f 7502 6802 7880
f 6801 7501 7879
f 7504 6804 7878
f 6803 7503 7877
f 7506 6806 7876
f 6805 7505 7875
f 7508 6808 7874
f 6807 7507 7873
f 7510 6810 7872
f 6809 7509 7871
f 8230 6901 6685
f 7434 8230 6685
f 8227 6898 7482
f 6898 8227 6688
f 8227 7437 6688
f 6899 8226 7481
f 8226 6899 6687
f 7436 8226 6687
f 8223 6896 7484
f 6896 8223 6690
f 8223 7439 6690
f 6897 8222 7483
f 8222 6897 6689
f 7438 8222 6689
f 6765 7254 7344
f 7253 6764 7343
f 6763 7256 7342
f 7255 6762 7341
f 6761 7258 7340
f 7257 6760 7339
f 6759 7260 7338
f 7259 6758 7337
f 6757 7262 7336
f 7261 6756 7335
f 6755 7264 7334
f 7263 6754 7333
f 6753 7266 7332
f 7265 6752 7331
f 6751 7268 7330
f 7267 6750 7329
f 6749 7270 7328
f 7269 6748 7327
f 6747 7272 7326
f 7271 6746 7325
f 6745 7274 7324
f 7273 6744 7323
f 7278 6741 7320
f 6740 7277 7319
f 7280 6739 7318
f 6738 7279 7317
f 7282 6737 7316
f 6736 7281 7315
f 7284 6735 7314
f 6734 7283 7313
f 7286 6733 7312
f 6732 7285 7311
f 7288 6731 7310
f 6730 7287 7309
f 7290 6729 7308
f 6728 7289 7307
f 7292 6727 7306
f 6726 7291 7305
f 7294 6725 7304
f 6724 7293 7303
f 7296 6723 7302
f 6722 7295 7301
f 7297 6721 7300
f 8219 6894 7486
f 6894 8219 6692
f 8219 7441 6692
f 6895 8218 7485
f 8218 6895 6691
f 7440 8218 6691
f 8215 6892 7488
f 6892 8215 6694
f 8215 7445 6694
f 6893 8214 7487
f 8214 6893 6693
f 7444 8214 6693
f 7139 8032 7927
f 8032 6846 7927
f 8031 7140 7926
f 6845 8031 7926
f 7137 8030 7925
f 8030 6844 7925
f 8029 7138 7924
f 6843 8029 7924
f 7135 8028 7923
f 8028 6842 7923
f 8027 7136 7922
f 6841 8027 7922
f 7133 8026 7921
f 8026 6840 7921
f 8025 7134 7920
f 6839 8025 7920
f 7131 8024 7919
f 8024 6838 7919
f 8023 7132 7918
f 6837 8023 7918
f 7129 8020 7917
f 8020 6836 7917
f 8019 7130 7916
f 6835 8019 7916
f 7149 8040 7935
f 8040 6854 7935
f 7938 8284 7697
f 6853 8039 7934
f 7973 1316 7659
f 1521 7972 7658
f 7969 1330 7655
f 1508 7968 7654
f 7965 1343 7651
f 1494 7964 7650
f 8289 1466 7958
f 8289 7642 1464
f 7642 8289 7958
f 1466 8289 1464
f 7955 1385 7638
f 1451 7954 7637
f 7147 8038 7933
f 8038 6852 7933
f 7951 1399 7632
f 1437 7950 7631
f 8037 7148 7932
f 6851 8037 7932
f 7947 1414 7626
f 1424 7946 7625
f 7145 8036 7931
f 8036 6850 7931
f 8035 7146 7930
f 6849 8035 7930
f 7141 8034 7929
f 8034 6848 7929
f 8033 7142 7928
f 6847 8033 7928
f 7127 8022 7915
f 8022 6834 7915
f 8021 7128 7914
f 6833 8021 7914
f 6937 8199 7973
f 8199 1314 7973
f 8198 6936 7972
f 1524 8198 7972
f 6939 8201 7969
f 8201 1327 7969
f 8200 6938 7968
f 1509 8200 7968
f 6941 8203 7965
f 8203 1341 7965
f 8202 6940 7964
f 1496 8202 7964
f 6943 8205 7961
f 8205 1355 7961
f 8204 6942 7960
f 1482 8204 7960
f 6945 8207 7959
f 8207 1370 7959
f 8206 6944 7958
f 1467 8206 7958
f 6947 8209 7955
f 8209 1383 7955
f 8208 6946 7954
f 1453 8208 7954
f 6949 8211 7951
f 8211 1398 7951
f 8210 6948 7950
f 1439 8210 7950
f 8212 6950 7946
f 1426 8212 7946
f 7002 7826 7770
f 8213 1412 7947
f 8043 7172 7892
f 6652 8043 7892
f 7173 8042 7891
f 8042 6651 7891
f 8045 7170 7890
f 6650 8045 7890
f 7171 8044 7889
f 8044 6649 7889
f 8047 7168 7888
f 6648 8047 7888
f 7169 8046 7887
f 8046 6647 7887
f 6992 8181 8010
f 8181 1391 8010
f 8180 6991 8009
f 1446 8180 8009
f 8177 6995 8002
f 1417 8177 8002
f 6994 8179 8006
f 8179 1405 8006
f 8121 7054 7511
f 6766 8121 7511
f 8118 7053 7513
f 6768 8118 7513
f 7052 8117 7512
f 8117 6767 7512
f 8114 7051 7515
f 6770 8114 7515
f 7050 8113 7514
f 8113 6769 7514
f 8110 7049 7517
f 6772 8110 7517
f 7048 8109 7516
f 8109 6771 7516
f 8106 7047 7519
f 6774 8106 7519
f 7046 8105 7518
f 8105 6773 7518
f 6776 8102 7521
f 8101 6775 7520
f 6778 8098 7523
f 8097 6777 7522
f 6780 8094 7525
f 8093 6779 7524
f 6782 8090 7527
f 8089 6781 7526
f 6784 8088 7529
f 8087 6783 7528
f 6786 8086 7531
f 8085 6785 7530
f 8084 6790 7533
f 6789 8083 7532
f 8082 6792 7535
f 6791 8081 7534
f 8080 6794 7537
f 6793 8079 7536
f 8078 6796 7539
f 6795 8077 7538
f 8075 6798 7541
f 6797 8074 7540
f 8073 6800 7543
f 6799 8072 7542
f 8071 6802 7545
f 6801 8070 7544
f 8069 6804 7548
f 6803 8068 7547
f 8067 6806 7550
f 6805 8066 7549
f 8065 6808 7554
f 6807 8064 7553
f 8063 6810 7556
f 6809 8076 7555
f 6812 8127 7379
f 8126 6811 7378
f 6814 8125 7381
f 8124 6813 7380
f 7373 7023 6788
f 6720 7373 6788
f 7024 7372 6787
f 7372 6719 6787
f 6816 8123 7383
f 8122 6815 7382
f 6818 8120 7385
f 8119 6817 7384
f 6820 8116 7387
f 8115 6819 7386
f 6822 8112 7389
f 8111 6821 7388
f 6824 8108 7391
f 8107 6823 7390
f 6826 8104 7393
f 8103 6825 7392
f 6828 8100 7395
f 8099 6827 7394
f 6830 8096 7397
f 8095 6829 7396
f 6832 8092 7399
f 8091 6831 7398
f 8178 6993 8005
f 7796 6834 7401
f 1432 8178 8005
f 6833 7795 7400
f 7152 8041 7871
f 7800 6836 7403
f 8041 6855 7871
f 6835 7799 7402
f 8049 7165 7886
f 7802 6838 7405
f 6646 8049 7886
f 6837 7801 7404
f 7166 8048 7885
f 7804 6840 7407
f 8048 6645 7885
f 6839 7803 7406
f 8051 7163 7884
f 7806 6842 7409
f 6644 8051 7884
f 6841 7805 7408
f 7164 8050 7883
f 7808 6844 7411
f 8050 6643 7883
f 6843 7807 7410
f 8053 7161 7882
f 7810 6846 7413
f 6642 8053 7882
f 6845 7809 7412
f 7162 8052 7881
f 7812 6848 7415
f 8052 6641 7881
f 6847 7811 7414
f 8055 7159 7880
f 7814 6850 7417
f 6640 8055 7880
f 6849 7813 7416
f 7160 8054 7879
f 7816 6852 7419
f 8054 6639 7879
f 6851 7815 7418
f 8057 7157 7878
f 7818 6854 7421
f 6638 8057 7878
f 6853 7817 7420
f 7158 8056 7877
f 7819 6855 7422
f 7377 7299 6859
f 1129 8273 7828
f 7298 7376 6858
f 7827 7003 7765
f 8056 6637 7877
f 8059 7155 7876
f 6636 8059 7876
f 7156 8058 7875
f 8058 6635 7875
f 8061 7153 7874
f 6634 8061 7874
f 7154 8060 7873
f 8060 6633 7873
f 8062 7151 7872
f 6632 8062 7872
f 7352 6857 6861
f 7766 8273 1127
f 6856 7351 6860
f 8273 7766 7828
f 7352 6867 6857
f 7351 7974 6860
f 6866 7351 6856
f 7974 853 6860
f 7295 7420 7817
f 7250 7295 7817
f 7421 7296 7818
f 7296 7251 7818
f 7293 7418 7815
f 7248 7293 7815
f 7419 7294 7816
f 7294 7249 7816
f 8284 1476 7697
f 7762 1241 1240
f 865 7761 867
f 1476 8284 1473
f 1163 7760 1166
f 7759 943 941
f 7940 1488 1489
f 7758 1223 1222
f 7417 7292 7814
f 7292 7247 7814
f 7291 7416 7813
f 7246 7291 7813
f 7415 7290 7812
f 7290 7245 7812
f 7289 7414 7811
f 7244 7289 7811
f 1234 7768 1236
f 7767 873 871
f 7939 8285 8018
f 7770 8271 1110
f 1112 8271 7826
f 8285 1363 8018
f 1145 7764 1147
f 7763 962 960
f 7252 8265 7297
f 7422 8265 7819
f 8265 7422 7297
f 8265 7252 7819
f 7405 7280 7802
f 7280 7235 7802
f 7279 7404 7801
f 8042 7173 7893
f 7234 7279 7801
f 7403 7278 7800
f 7172 8043 7894
f 7278 7233 7800
f 7277 7402 7799
f 8044 7171 7895
f 7232 7277 7799
f 7411 7286 7808
f 7170 8045 7896
f 7286 7241 7808
f 7285 7410 7807
f 8046 7169 7897
f 7240 7285 7807
f 7413 7288 7810
f 7168 8047 7898
f 7288 7243 7810
f 7287 7412 7809
f 8048 7166 7899
f 7242 7287 7809
f 7409 7284 7806
f 7165 8049 7900
f 7284 7239 7806
f 7283 7408 7805
f 8050 7164 7901
f 7238 7283 7805
f 7407 7282 7804
f 7163 8051 7902
f 7282 7237 7804
f 7281 7406 7803
f 8052 7162 7903
f 7236 7281 7803
f 7769 8270 7825
f 7161 8053 7904
f 995 8270 998
f 1094 8269 7824
f 8054 7160 7905
f 7777 8269 1092
f 8269 7777 7824
f 7159 8055 7906
f 8269 1094 1092
f 8268 1014 7823
f 8056 7158 7907
f 8268 7776 1015
f 7776 8268 7823
f 7157 8057 7908
f 1014 8268 1015
f 8276 1075 1073
f 8058 7156 7909
f 1180 7781 1181
f 7780 927 925
f 7155 8059 7910
f 7779 1073 1072
f 1033 7778 1035
f 8060 7154 7911
f 8270 7769 998
f 8270 995 7825
f 7153 8061 7912
f 1197 7775 1200
f 7774 909 908
f 7151 8062 7913
f 7773 1056 1053
f 1216 7772 1218
f 7788 7054 6996
f 1056 7773 7788
f 7783 7053 6998
f 1073 7779 7783
f 7052 7782 6997
f 7778 1033 7782
f 7777 7051 7000
f 1092 7785 7777
f 7050 7776 6999
f 7784 1015 7776
f 7770 7049 7002
f 1110 7790 7770
f 7048 7769 7001
f 7789 998 7769
f 7766 7047 7004
f 1127 7794 7766
f 7046 7765 7003
f 7793 979 7765
f 7764 1145 7792
f 962 7763 7791
f 7760 1163 7787
f 943 7759 7786
f 7756 1181 7781
f 925 7755 7780
f 7752 1200 7775
f 908 7751 7774
f 7748 1218 7772
f 890 7747 7771
f 7742 1236 7768
f 871 7741 7767
f 1240 7736 7762
f 7735 867 7761
f 1222 7732 7758
f 7731 886 7757
f 1203 7728 7754
f 7727 904 7753
f 1185 7724 7750
f 7723 921 7749
f 1167 7722 7746
f 7721 940 7745
f 1149 7720 7744
f 7719 958 7743
f 1131 7718 7740
f 7717 975 7739
f 1113 7715 7738
f 7714 994 7737
f 1096 7708 7734
f 7707 1012 7733
f 1077 7702 7730
f 7701 1029 7729
f 1059 7694 7726
f 7634 1065 7598
f 1042 7633 7597
f 7628 1084 7596
f 1024 7627 7595
f 7622 1102 7594
f 1005 7621 7593
f 7618 1120 7592
f 988 7617 7591
f 7612 1138 7590
f 970 7611 7589
f 7610 1155 7588
f 951 7609 7587
f 7639 1047 7725
f 7608 1173 7586
f 933 7607 7585
f 7606 1191 7584
f 916 7605 7583
f 7604 1209 7582
f 897 7603 7581
f 7602 1227 7580
f 879 7601 7579
f 7600 1246 7578
f 862 7599 7577
f 7151 7716 7625
f 7716 1421 7625
f 7713 7154 7632
f 1401 7713 7632
f 7153 7712 7631
f 7712 1436 7631
f 7710 7156 7638
f 1387 7710 7638
f 7155 7709 7637
f 7709 1450 7637
f 8284 7938 8017
f 1373 7704 7643
f 1473 8284 8017
f 7703 1464 7642
f 7937 8283 8014
f 1359 7698 7647
f 8283 1377 8014
f 7697 1477 7646
f 7693 7162 7651
f 1345 7693 7651
f 7161 7692 7650
f 7692 1492 7650
f 7689 7164 7655
f 1331 7689 7655
f 7163 7688 7654
f 7688 1506 7654
f 7683 7166 7659
f 1318 7683 7659
f 7165 7682 7658
f 7682 1519 7658
f 7679 7169 7661
f 1304 7679 7661
f 7168 7678 7660
f 7678 1533 7660
f 7675 7171 7663
f 1289 7675 7663
f 7170 7674 7662
f 7674 1547 7662
f 7671 7173 7665
f 1275 7671 7665
f 7172 7670 7664
f 7670 1562 7664
f 7140 7359 7641
f 7359 1352 7641
f 7358 7139 7640
f 1485 7358 7640
f 7138 7361 7636
f 7361 1337 7636
f 7360 7137 7635
f 1499 7360 7635
f 7136 7363 7630
f 7363 1323 7630
f 7362 7135 7629
f 1513 7362 7629
f 7134 7367 7624
f 7367 1309 7624
f 7366 7133 7623
f 1527 7366 7623
f 7132 7369 7620
f 7369 1296 7620
f 7368 7131 7619
f 1542 7368 7619
f 7130 7371 7616
f 7371 1281 7616
f 7370 7129 7615
f 1555 7370 7615
f 7128 7365 7614
f 7365 1267 7614
f 7364 7127 7613
f 1570 7364 7613
f 8131 1250 7576
f 858 8130 7575
f 7771 891 890
f 8271 1112 1110
f 8271 7770 7826
f 7231 8264 7276
f 7401 8264 7796
f 8264 7401 7276
f 8121 6766 6674
f 8118 6768 6672
f 6767 8117 6671
f 8114 6770 6670
f 6769 8113 6669
f 8110 6772 6668
f 6771 8109 6667
f 8106 6774 6666
f 6773 8105 6665
f 8102 6776 6664
f 6775 8101 6663
f 8098 6778 6662
f 6777 8097 6661
f 8094 6780 6660
f 6779 8093 6659
f 8090 6782 6658
f 6781 8089 6657
f 8088 6784 6656
f 6783 8087 6655
f 8086 6786 6654
f 6785 8085 6653
f 6790 8084 6652
f 8083 6789 6651
f 6792 8082 6650
f 8081 6791 6649
f 6794 8080 6648
f 8079 6793 6647
f 6796 8078 6646
f 8077 6795 6645
f 6798 8075 6644
f 8074 6797 6643
f 6800 8073 6642
f 8072 6799 6641
f 6802 8071 6640
f 8070 6801 6639
f 6804 8069 6638
f 8068 6803 6637
f 6806 8067 6636
f 8066 6805 6635
f 6808 8065 6634
f 8064 6807 6633
f 6810 8063 6632
f 6720 7375 6743
f 7374 6719 6742
f 7054 8121 7870
f 7870 6996 7054
f 8121 6674 7870
f 7053 8118 7869
f 7869 6998 7053
f 8118 6672 7869
f 8117 7052 7868
f 6997 7868 7052
f 6671 8117 7868
f 7051 8114 7867
f 7867 7000 7051
f 8114 6670 7867
f 8113 7050 7866
f 6999 7866 7050
f 6669 8113 7866
f 7049 8110 7865
f 7865 7002 7049
f 8110 6668 7865
f 8109 7048 7864
f 7001 7864 7048
f 6667 8109 7864
f 7047 8106 7863
f 7863 7004 7047
f 8106 6666 7863
f 8105 7046 7862
f 7003 7862 7046
f 6665 8105 7862
f 8102 6664 7861
f 6663 8101 7860
f 8098 6662 7859
f 6661 8097 7858
f 8094 6660 7857
f 6659 8093 7856
f 8090 6658 7855
f 6657 8089 7854
f 8088 6656 7853
f 6655 8087 7852
f 8086 6654 7851
f 6653 8085 7850
f 6652 8084 7849
f 8083 6651 7848
f 6650 8082 7847
f 8081 6649 7846
f 6648 8080 7845
f 8079 6647 7844
f 6646 8078 7843
f 8077 6645 7842
f 6644 8075 7841
f 8074 6643 7840
f 6642 8073 7839
f 8072 6641 7838
f 6640 8071 7837
f 8070 6639 7836
f 6638 8069 7835
f 8068 6637 7834
f 6636 8067 7833
f 8066 6635 7832
f 6634 8065 7831
f 8064 6633 7830
f 6632 8063 7829
f 8062 6674 7913
f 8061 6672 7912
f 6671 8060 7911
f 8059 6670 7910
f 6669 8058 7909
f 8057 6668 7908
f 6667 8056 7907
f 8055 6666 7906
f 6665 8054 7905
f 8053 6664 7904
f 6663 8052 7903
f 8051 6662 7902
f 6661 8050 7901
f 8049 6660 7900
f 6659 8048 7899
f 8047 6658 7898
f 6657 8046 7897
f 8045 6656 7896
f 6655 8044 7895
f 8043 6654 7894
f 6653 8042 7893
f 8264 7231 7796
f 8263 7230 7275
f 8263 7400 7795
f 7400 8263 7275
f 7230 8263 7795
f 8262 7509 6869
f 8273 1129 1127
f 7510 8261 6868
f 8261 7510 6950
f 8260 7507 6871
f 7507 8260 6949
f 7508 8259 6870
f 8259 7508 6948
f 8258 7505 6873
f 7505 8258 6947
f 7506 8257 6872
f 8257 7506 6946
f 8256 7503 6875
f 7503 8256 6945
f 7504 8255 6874
f 8255 7504 6944
f 8254 7501 6877
f 7501 8254 6943
f 7502 8253 6876
f 8253 7502 6942
f 8252 7499 6879
f 7499 8252 6941
f 7500 8251 6878
f 8251 7500 6940
f 8250 7497 6881
f 7497 8250 6939
f 7498 8249 6880
f 8249 7498 6938
f 8248 7495 6883
f 7495 8248 6937
f 7496 8247 6882
f 8247 7496 6936
f 8246 7493 6885
f 7350 8246 6885
f 8142 7310 7792
f 7106 7792 7310
f 1143 8142 7792
f 7309 8141 7791
f 7791 7105 7309
f 8141 963 7791
f 8144 7312 7787
f 7098 7787 7312
f 1161 8144 7787
f 7311 8143 7786
f 7786 7097 7311
f 8143 945 7786
f 8146 7314 7781
f 7090 7781 7314
f 1180 8146 7781
f 7313 8145 7780
f 7780 7089 7313
f 8145 927 7780
f 8148 7316 7775
f 7082 7775 7316
f 1197 8148 7775
f 7315 8147 7774
f 7774 7081 7315
f 8147 909 7774
f 8150 7318 7772
f 7080 7772 7318
f 1216 8150 7772
f 7317 8149 7771
f 7771 7079 7317
f 8149 891 7771
f 8152 7320 7768
f 7078 7768 7320
f 1234 8152 7768
f 7319 8151 7767
f 7767 7077 7319
f 8151 873 7767
f 7324 8154 7762
f 7762 7076 7324
f 8154 1241 7762
f 8153 7323 7761
f 7075 7761 7323
f 865 8153 7761
f 7326 8156 7758
f 7758 7074 7326
f 8156 1223 7758
f 8155 7325 7757
f 7073 7757 7325
f 883 8155 7757
f 7328 8158 7754
f 7754 7072 7328
f 8158 1205 7754
f 8157 7327 7753
f 7071 7753 7327
f 901 8157 7753
f 7359 7140 6986
f 7139 7358 6985
f 7330 8160 7750
f 7750 7070 7330
f 8160 1187 7750
f 8159 7329 7749
f 7069 7749 7329
f 919 8159 7749
f 7361 7138 6984
f 7137 7360 6983
f 7332 8162 7746
f 7746 7068 7332
f 8162 1169 7746
f 8161 7331 7745
f 7067 7745 7331
f 937 8161 7745
f 7334 8164 7744
f 7744 7066 7334
f 8164 1151 7744
f 8163 7333 7743
f 7065 7743 7333
f 956 8163 7743
f 7363 7136 6982
f 7135 7362 6981
f 7365 7128 6974
f 7127 7364 6973
f 7336 8166 7740
f 7740 7064 7336
f 8166 1134 7740
f 8165 7335 7739
f 7063 7739 7335
f 974 8165 7739
f 7338 8168 7738
f 7738 7062 7338
f 8168 1115 7738
f 8167 7337 7737
f 7061 7737 7337
f 992 8167 7737
f 7367 7134 6980
f 7133 7366 6979
f 7340 8170 7734
f 7734 7060 7340
f 8170 1097 7734
f 8169 7339 7733
f 7059 7733 7339
f 1009 8169 7733
f 7369 7132 6978
f 7131 7368 6977
f 7342 8172 7730
f 7730 7058 7342
f 8172 1080 7730
f 8171 7341 7729
f 7057 7729 7341
f 1027 8171 7729
f 7344 8174 7726
f 7726 7056 7344
f 8174 1061 7726
f 8173 7343 7725
f 7055 7725 7343
f 1046 8173 7725
f 7371 7130 6976
f 7129 7370 6975
f 7004 7828 7766
f 8272 977 7827
f 7872 6810 6632
f 6807 7873 6633
f 7494 8245 6884
f 8245 7349 6884
f 8244 7491 6887
f 7348 8244 6887
f 7492 8243 6886
f 8243 7347 6886
f 8242 7489 6889
f 7346 8242 6889
f 7511 7167 6721
f 7513 7144 6723
f 7143 7512 6722
f 7874 6808 6634
f 6805 7875 6635
f 7876 6806 6636
f 6803 7877 6637
f 7878 6804 6638
f 6801 7879 6639
f 7521 7106 6731
f 7105 7520 6730
f 7523 7098 6733
f 7097 7522 6732
f 7525 7090 6735
f 7089 7524 6734
f 7527 7082 6737
f 7081 7526 6736
f 7529 7080 6739
f 7079 7528 6738
f 7531 7078 6741
f 7077 7530 6740
f 7076 7533 6745
f 7532 7075 6744
f 7074 7535 6747
f 7534 7073 6746
f 7072 7537 6749
f 7536 7071 6748
f 7070 7539 6751
f 7538 7069 6750
f 7068 7541 6753
f 7540 7067 6752
f 7066 7543 6755
f 7542 7065 6754
f 7064 7545 6757
f 7544 7063 6756
f 7062 7548 6759
f 7547 7061 6758
f 7060 7550 6761
f 7549 7059 6760
f 7058 7554 6763
f 7553 7057 6762
f 7056 7556 6765
f 7555 7055 6764
f 7490 8241 6888
f 8241 7345 6888
f 7880 6802 6640
f 6799 7881 6641
f 7882 6800 6642
f 6797 7883 6643
f 7884 6798 6644
f 6795 7885 6645
f 7886 6796 6646
f 6793 7887 6647
f 7888 6794 6648
f 6791 7889 6649
f 8240 7451 6790
f 7490 8240 6790
f 7450 8239 6789
f 8239 7489 6789
f 8238 7455 6792
f 7492 8238 6792
f 7454 8237 6791
f 8237 7491 6791
f 8236 7459 6794
f 7494 8236 6794
f 7458 8235 6793
f 8235 7493 6793
f 7423 8234 6766
f 8234 7468 6766
f 7433 8233 6776
f 8233 7478 6776
f 8232 7432 6775
f 7477 8232 6775
f 7435 8231 6778
f 8231 7480 6778
f 8230 7434 6777
f 7479 8230 6777
f 7425 8229 6768
f 8229 7470 6768
f 8228 7424 6767
f 7469 8228 6767
f 7437 8227 6780
f 8227 7482 6780
f 8226 7436 6779
f 7481 8226 6779
f 7427 8225 6770
f 8225 7472 6770
f 8224 7426 6769
f 7471 8224 6769
f 7439 8223 6782
f 8223 7484 6782
f 8222 7438 6781
f 7483 8222 6781
f 7429 8221 6772
f 8221 7474 6772
f 8220 7428 6771
f 7473 8220 6771
f 7441 8219 6784
f 8219 7486 6784
f 8218 7440 6783
f 7485 8218 6783
f 7431 8217 6774
f 8217 7476 6774
f 8216 7430 6773
f 7475 8216 6773
f 7445 8215 6786
f 8215 7488 6786
f 8214 7444 6785
f 7487 8214 6785
f 1412 8213 7977
f 8212 1426 7976
f 1398 8211 7979
f 8210 1439 7978
f 1383 8209 7981
f 8208 1453 7980
f 1370 8207 7983
f 8206 1467 7982
f 1355 8205 7985
f 8204 1482 7984
f 1341 8203 7987
f 8202 1496 7986
f 1327 8201 7989
f 8200 1509 7988
f 1314 8199 7991
f 8198 1524 7990
f 8197 7463 6796
f 7496 8197 6796
f 7462 8196 6795
f 8196 7495 6795
f 8195 7465 6798
f 7498 8195 6798
f 7464 8194 6797
f 8194 7497 6797
f 8193 7461 6800
f 7500 8193 6800
f 7460 8192 6799
f 8192 7499 6799
f 8191 7457 6802
f 7502 8191 6802
f 7456 8190 6801
f 8190 7501 6801
f 8189 7453 6804
f 7504 8189 6804
f 7452 8188 6803
f 8188 7503 6803
f 8187 7449 6806
f 7506 8187 6806
f 7448 8186 6805
f 8186 7505 6805
f 8185 7447 6808
f 7508 8185 6808
f 7446 8184 6807
f 8184 7507 6807
f 8183 7443 6810
f 7510 8183 6810
f 7442 8182 6809
f 8182 7509 6809
f 7353 7041 6916
f 7042 7354 6917
f 7355 7043 6914
f 7044 7356 6915
f 7357 7045 6913
f 6719 7372 6865
f 6935 7372 7024
f 7372 6935 6865
f 7373 6720 6864
f 7373 6934 7023
f 6934 7373 6864
f 7351 7374 7321
f 7374 7351 6866
f 7023 7376 7298
f 7376 7023 6934
f 7377 7024 7299
f 7024 7377 6935
f 6717 7378 6811
f 7379 6718 6812
f 6715 7380 6813
f 7381 6716 6814
f 6713 7382 6815
f 7383 6714 6816
f 6711 7384 6817
f 7385 6712 6818
f 6709 7386 6819
f 7387 6710 6820
f 6707 7388 6821
f 7389 6708 6822
f 6705 7390 6823
f 7391 6706 6824
f 6703 7392 6825
f 7393 6704 6826
f 6701 7394 6827
f 7395 6702 6828
f 6699 7396 6829
f 7397 6700 6830
f 6697 7398 6831
f 7399 6698 6832
f 7400 6695 6833
f 6696 7401 6834
f 7402 6693 6835
f 6694 7403 6836
f 7404 6691 6837
f 6692 7405 6838
f 7406 6689 6839
f 6690 7407 6840
f 7408 6687 6841
f 6688 7409 6842
f 7410 6685 6843
f 6686 7411 6844
f 7412 6683 6845
f 6684 7413 6846
f 7414 6681 6847
f 6682 7415 6848
f 7416 6679 6849
f 6680 7417 6850
f 7418 6677 6851
f 6678 7419 6852
f 7420 6675 6853
f 6676 7421 6854
f 6673 7422 6855
f 6865 7466 6719
f 7466 6742 6719
f 7467 6864 6720
f 6743 7467 6720
f 7468 6913 7045
f 6915 7469 7044
f 7470 6914 7043
f 6917 7471 7042
f 7472 6916 7041
f 6919 7473 7040
f 7474 6918 7039
f 6921 7475 7038
f 7476 6920 7037
f 6923 7477 7036
f 7478 6922 7035
f 6925 7479 7034
f 7480 6924 7033
f 6927 7481 7032
f 7482 6926 7031
f 6929 7483 7030
f 7484 6928 7029
f 6931 7485 7028
f 7486 6930 7027
f 6933 7487 7026
f 7488 6932 7025
f 7890 6792 6650
f 6789 7891 6651
f 7892 6790 6652
f 7893 6785 6653
f 6786 7894 6654
f 7895 6783 6655
f 6784 7896 6656
f 7897 6781 6657
f 6782 7898 6658
f 7899 6779 6659
f 6780 7900 6660
f 7901 6777 6661
f 6778 7902 6662
f 7903 6775 6663
f 6776 7904 6664
f 7905 6773 6665
f 6774 7906 6666
f 7907 6771 6667
f 6772 7908 6668
f 7909 6769 6669
f 6770 7910 6670
f 7911 6767 6671
f 6768 7912 6672
f 6766 7913 6674
f 7791 963 962
f 7790 1110 1108
f 998 7789 1000
f 8272 7765 979
f 1161 7787 1163
f 7786 945 943
f 7785 1092 1090
f 7546 1052 1050
f 1037 7551 1040
f 7552 1069 1067
f 1020 7557 1022
f 7558 1088 1086
f 1002 7559 1004
f 7560 1106 1104
f 983 7561 985
f 7562 1124 1122
f 965 7563 968
f 7564 1142 1140
f 7915 6832 6698
f 6831 7914 6697
f 7917 6830 6700
f 6829 7916 6699
f 7919 6828 6702
f 6827 7918 6701
f 7921 6826 6704
f 6825 7920 6703
f 7923 6824 6706
f 6823 7922 6705
f 7925 6822 6708
f 6821 7924 6707
f 7927 6820 6710
f 6819 7926 6709
f 7929 6818 6712
f 6817 7928 6711
f 7931 6816 6714
f 6815 7930 6713
f 7933 6814 6716
f 6813 7932 6715
f 7935 6812 6718
f 6811 7934 6717
f 948 7565 949
f 7566 1159 1157
f 929 7567 931
f 7568 1177 1176
f 911 7569 914
f 7570 1196 1194
f 893 7571 895
f 7572 1213 1211
f 876 7573 877
f 7574 1231 1230
f 858 7575 860
f 7576 1250 1247
f 7577 864 862
f 1244 7578 1246
f 7579 881 879
f 1225 7580 1227
f 7581 900 897
f 1208 7582 1209
f 7583 917 916
f 1190 7584 1191
f 7585 935 933
f 1171 7586 1173
f 7587 953 951
f 1154 7588 1155
f 7589 972 970
f 1136 7590 1138
f 7591 989 988
f 1118 7592 1120
f 7593 1008 1005
f 1099 7594 1102
f 7595 1026 1024
f 1082 7596 1084
f 7597 1044 1042
f 1064 7598 1065
f 7599 862 860
f 1246 7600 1247
f 7601 879 877
f 1227 7602 1230
f 7603 897 895
f 1209 7604 1211
f 7605 916 914
f 1191 7606 1194
f 7607 933 931
f 1173 7608 1176
f 7609 951 949
f 1389 7354 7710
f 1155 7610 1157
f 7353 1447 7709
f 7611 970 968
f 1403 7356 7713
f 1138 7612 1140
f 7355 1433 7712
f 1570 7613 1567
f 7357 1419 7716
f 7614 1267 1269
f 1555 7615 1554
f 7616 1281 1283
f 7617 988 985
f 1120 7618 1122
f 1542 7619 1540
f 7620 1296 1298
f 7621 1005 1004
f 1102 7622 1104
f 1527 7623 1525
f 7624 1309 1312
f 7625 1421 1424
f 1416 7626 1414
f 7627 1024 1022
f 1084 7628 1086
f 1513 7629 1511
f 7630 1323 1326
f 7631 1436 1437
f 1401 7632 1399
f 7633 1042 1040
f 1065 7634 1067
f 1499 7635 1497
f 7636 1337 1339
f 1015 7784 1018
f 8276 7783 7822
f 1250 8131 1251
f 8130 858 855
f 8129 6720 7798
f 8129 6867 7375
f 6867 8129 7798
f 6720 8129 7375
f 6719 8128 7797
f 6866 8128 7374
f 8128 6866 7797
f 8128 6719 7374
f 6855 8041 6673
f 6854 8040 6676
f 8039 6853 6675
f 6852 8038 6678
f 8037 6851 6677
f 6850 8036 6680
f 8035 6849 6679
f 6848 8034 6682
f 8033 6847 6681
f 6846 8032 6684
f 8031 6845 6683
f 6844 8030 6686
f 8029 6843 6685
f 7637 1450 1451
f 8275 1031 7821
f 6842 8028 6688
f 8027 6841 6687
f 1387 7638 1385
f 8275 7782 1033
f 6840 8026 6690
f 8025 6839 6689
f 6838 8024 6692
f 8023 6837 6691
f 6834 8022 6696
f 8021 6833 6695
f 6836 8020 6694
f 8019 6835 6693
f 1047 7639 1050
f 1485 7640 1484
f 7641 1352 1354
f 1372 8288 7959
f 7643 8288 1373
f 1471 7644 1469
f 7645 1365 1367
f 8288 7643 7959
f 8288 1372 1373
f 1457 7648 1456
f 7649 1380 1381
f 7650 1492 1494
f 1345 7651 1343
f 1443 7652 1441
f 7653 1393 1395
f 7654 1506 1508
f 1331 7655 1330
f 1430 7656 1428
f 1365 8018 1363
f 8017 1471 1473
f 8016 1349 1352
f 1488 8015 1485
f 1380 8014 1377
f 8013 1457 1460
f 8012 1336 1337
f 1502 8011 1499
f 1393 8010 1391
f 8009 1443 1446
f 8008 1322 1323
f 1515 8007 1513
f 1408 8006 1405
f 8005 1430 1432
f 8004 1308 1309
f 1530 8003 1527
f 8002 1416 1417
f 8001 1294 1296
f 1544 8000 1542
f 7999 1279 1281
f 1558 7998 1555
f 1271 7997 1269
f 7996 1565 1567
f 1285 7995 1283
f 7994 1551 1554
f 1300 7993 1298
f 7992 1538 1540
f 1314 7991 1312
f 7990 1524 1525
f 7657 1408 1410
f 7658 1519 1521
f 1327 7989 1326
f 7988 1509 1511
f 1341 7987 1339
f 7986 1496 1497
f 1355 7985 1354
f 7984 1482 1484
f 1370 7983 1367
f 7982 1467 1469
f 1383 7981 1381
f 7980 1453 1456
f 1398 7979 1395
f 7978 1439 1441
f 1412 7977 1410
f 7976 1426 1428
f 7765 8272 7827
f 7782 8275 7821
f 7975 1253 1251
f 977 8272 979
f 1031 8275 1033
f 853 7974 855
f 1318 7659 1316
f 7660 1533 1535
f 1304 7661 1302
f 7662 1547 1550
f 1289 7663 1287
f 7664 1562 1564
f 1275 7665 1273
f 7666 860 7575
f 1247 7667 7576
f 7668 877 7573
f 1230 7669 7574
f 1562 7670 1559
f 7671 1275 1277
f 7672 895 7571
f 1211 7673 7572
f 1547 7674 1545
f 7675 1289 1291
f 7676 914 7569
f 1194 7677 7570
f 1533 7678 1532
f 7679 1304 1306
f 7680 931 7567
f 1176 7681 7568
f 1519 7682 1517
f 7683 1318 1319
f 7684 949 7565
f 1157 7685 7566
f 7686 968 7563
f 1140 7687 7564
f 1506 7688 1503
f 7689 1331 1334
f 7690 985 7561
f 1122 7691 7562
f 1492 7692 1489
f 7693 1345 1347
f 7694 1059 1057
f 7695 1004 7559
f 1104 7696 7560
f 1477 7697 1476
f 7698 1359 1361
f 7699 1022 7557
f 1086 7700 7558
f 1029 7701 1031
f 7702 1077 1075
f 1464 7703 1462
f 7704 1373 1376
f 7705 1040 7551
f 1067 7706 7552
f 1012 7707 1014
f 7708 1096 1094
f 1450 7709 1447
f 7710 1387 1389
f 1050 7711 7546
f 1436 7712 1433
f 7713 1401 1403
f 994 7714 995
f 7715 1113 1112
f 1421 7716 1419
f 975 7717 977
f 7718 1131 1129
f 958 7719 960
f 7720 1149 1147
f 940 7721 941
f 7722 1167 1166
f 1316 7973 1314
f 7972 1521 1524
f 921 7723 923
f 7724 1185 1183
f 7971 1300 1302
f 1046 7725 1047
f 7726 1061 1059
f 1538 7970 1535
f 1330 7969 1327
f 7968 1508 1509
f 904 7727 906
f 7728 1203 1202
f 7967 1285 1287
f 1027 7729 1029
f 7730 1080 1077
f 1551 7966 1550
f 1343 7965 1341
f 7964 1494 1496
f 886 7731 887
f 7732 1222 1220
f 7963 1271 1273
f 1009 7733 1012
f 7734 1097 1096
f 1565 7962 1564
f 1357 7961 1355
f 7960 1480 1482
f 1372 7959 1370
f 7958 1466 1467
f 867 7735 870
f 7736 1240 1238
f 1279 7957 1277
f 992 7737 994
f 7738 1115 1113
f 7956 1558 1559
f 1385 7955 1383
f 7954 1451 1453
f 974 7739 975
f 7740 1134 1131
f 1294 7953 1291
f 7741 871 870
f 1236 7742 1238
f 7952 1544 1545
f 1399 7951 1398
f 7950 1437 1439
f 956 7743 958
f 7744 1151 1149
f 1308 7949 1306
f 937 7745 940
f 7746 1169 1167
f 7948 1530 1532
f 1414 7947 1412
f 7946 1424 1426
f 7747 890 887
f 1218 7748 1220
f 1322 7945 1319
f 919 7749 921
f 7750 1187 1185
f 7944 1515 1517
f 7751 908 906
f 1200 7752 1202
f 1336 7943 1334
f 901 7753 904
f 7754 1205 1203
f 7942 1502 1503
f 7755 925 923
f 1181 7756 1183
f 1349 7941 1347
f 883 7757 886
f 8282 7936 8013
f 1460 8282 8013
f 7160 8281 7038
f 7698 8281 7647
f 8281 7698 7038
f 8281 7160 7647
f 8280 7159 7037
f 8280 7697 7646
f 7697 8280 7037
f 7159 8280 7646
f 8278 7158 7643
f 8278 7704 7040
f 7704 8278 7643
f 7158 8278 7040
f 7157 8279 7642
f 7703 8279 7039
f 8279 7703 7642
f 8279 7157 7039
f 1480 8286 1477
f 7646 8286 7960
f 8286 7646 1477
f 8286 1480 7960
f 8287 1357 1359
f 8287 7647 7961
f 7647 8287 1359
f 1357 8287 7961
f 8582 8451 8873
f 8453 8451 1581
f 1580 1581 8451
f 8451 8582 8455
f 1581 8450 8452
f 8450 1581 1580
f 1582 7 8453
f 8453 7 1574
f 8452 7 1582
f 1581 1582 8453
f 1264 7 8452
f 8836 9250 8881
f 8452 1582 1581
f 8622 8836 8881
f 8872 8450 8581
f 8454 8581 8450
f 8836 8622 8467
f 8880 9249 8835
f 8880 8835 8621
f 8401 9209 9207
f 8449 8340 8494
f 8453 8873 8451
f 8449 8455 8380
f 8380 8340 8449
f 8450 8872 8452
f 9082 8881 9577
f 8495 8339 8448
f 8466 8621 8835
f 9082 8561 8571
f 8379 8454 8448
f 8838 9254 8879
f 9082 9246 8561
f 9209 8401 8399
f 8624 8838 8879
f 9206 9208 8400
f 9577 8881 1677
f 8570 8560 9081
f 8398 8400 9208
f 8838 8624 8469
f 8403 9211 9205
f 8560 9245 9081
f 1677 1680 9577
f 9211 8403 8397
f 8878 9253 8837
f 9204 9210 8402
f 9084 8559 8569
f 9084 9242 8559
f 8396 8402 9210
f 8878 8837 8623
f 8405 9213 9203
f 9575 8878 9083
f 8568 8558 9083
f 9213 8405 8395
f 8468 8623 8837
f 9202 9212 8404
f 8558 9241 9083
f 1724 8878 9575
f 8394 8404 9212
f 8840 9258 8877
f 8407 9215 9201
f 9086 8557 8567
f 9086 9238 8557
f 9215 8407 8393
f 8626 8840 8877
f 9200 9214 8406
f 9575 1721 1724
f 8566 8556 9085
f 8392 8406 9214
f 8840 8626 8471
f 8409 9217 9199
f 8556 9237 9085
f 9084 8879 9576
f 9217 8409 8391
f 8876 9257 8839
f 9198 9216 8408
f 9088 8555 8565
f 9088 9234 8555
f 8390 8408 9216
f 8876 8839 8625
f 9356 8968 8438
f 9080 8438 8968
f 8968 8389 9080
f 8470 8625 8839
f 8822 8572 8389
f 8437 8972 9355
f 8972 8437 9079
f 9079 8388 8972
f 8388 8574 8821
f 8842 9262 8875
f 9354 8971 8436
f 9078 8436 8971
f 8820 8573 8387
f 8971 8387 9078
f 8628 8842 8875
f 8435 8976 9353
f 8386 8576 8819
f 8976 8435 9077
f 9077 8386 8976
f 8842 8628 8473
f 8818 8575 8385
f 9352 8975 8434
f 9076 8434 8975
f 8975 8385 9076
f 8384 8578 8817
f 8874 9261 8841
f 8433 8980 9351
f 8980 8433 9075
f 8816 8577 8383
f 9075 8384 8980
f 8874 8841 8627
f 9350 8979 8432
f 8382 8580 8815
f 9074 8432 8979
f 8979 8383 9074
f 8472 8627 8841
f 8814 8579 8381
f 8431 8984 9349
f 8984 8431 9073
f 9073 8382 8984
f 9576 8879 1656
f 9348 8983 8430
f 9072 8430 8983
f 8983 8381 9072
f 8318 8523 9356
f 9347 8982 8427
f 9069 8427 8982
f 8982 8378 9069
f 8813 8584 8378
f 8438 8318 9356
f 8426 8981 9346
f 8981 8426 9068
f 8377 8583 8812
f 9068 8377 8981
f 1656 1657 9576
f 9345 8978 8425
f 8811 8586 8376
f 9067 8425 8978
f 8978 8376 9067
f 9355 8524 8317
f 8375 8585 8810
f 8424 8977 9344
f 8977 8424 9066
f 9066 8375 8977
f 8809 8588 8374
f 9355 8317 8437
f 9343 8974 8423
f 9065 8423 8974
f 8373 8587 8808
f 8974 8374 9065
f 9086 8877 9574
f 8422 8973 9342
f 8807 8590 8372
f 8973 8422 9064
f 9064 8373 8973
f 8316 8525 9354
f 8371 8589 8806
f 9341 8970 8421
f 9063 8421 8970
f 8970 8372 9063
f 8370 8592 8805
f 8436 8316 9354
f 8420 8969 9340
f 8969 8420 9062
f 8804 8591 8369
f 9062 8371 8969
f 9574 8877 1633
f 8419 8967 9339
f 8368 8594 8803
f 8967 8419 9061
f 9061 8370 8967
f 9353 8526 8315
f 8802 8593 8367
f 9338 8966 8418
f 9060 8418 8966
f 8966 8369 9060
f 8366 8596 8801
f 9353 8315 8435
f 8417 8965 9337
f 8965 8417 9059
f 8800 8595 8365
f 9059 8368 8965
f 1633 1636 9574
f 9336 8964 8416
f 8364 8598 8799
f 9058 8416 8964
f 8964 8367 9058
f 8314 8527 9352
f 8798 8597 8363
f 8415 8963 9335
f 8963 8415 9057
f 9057 8366 8963
f 8362 8600 8797
f 8434 8314 9352
f 9334 8962 8414
f 9056 8414 8962
f 8796 8599 8361
f 8962 8365 9056
f 9573 8876 9085
f 8413 8961 9333
f 8795 8602 8360
f 8961 8413 9055
f 9055 8364 8961
f 9351 8528 8313
f 8359 8601 8794
f 9332 8960 8412
f 9054 8412 8960
f 8960 8363 9054
f 8793 8604 8358
f 9351 8313 8433
f 8411 8959 9331
f 8959 8411 9053
f 8357 8603 8792
f 9053 8362 8959
f 1745 8876 9573
f 9330 8958 8410
f 8791 8606 8356
f 9052 8410 8958
f 8958 8361 9052
f 8312 8529 9350
f 8355 8605 8790
f 9327 8957 8409
f 9051 8409 8957
f 8957 8360 9051
f 8789 8608 8354
f 8432 8312 9350
f 8408 8956 9326
f 8956 8408 9050
f 8353 8607 8788
f 9050 8359 8956
f 9573 1743 1745
f 9349 8530 8311
f 8787 8610 8352
f 9349 8311 8431
f 9088 8875 9572
f 8310 8531 9348
f 8351 8609 8786
f 9324 8955 8407
f 9049 8407 8955
f 8955 8358 9049
f 8350 8612 8785
f 8430 8310 9348
f 8406 8954 9323
f 8954 8406 9048
f 8784 8611 8349
f 9048 8357 8954
f 9572 8875 1612
f 9320 8953 8405
f 8348 8614 8783
f 9047 8405 8953
f 8953 8356 9047
f 8307 8534 9347
f 8782 8613 8347
f 8404 8952 9319
f 8952 8404 9046
f 9046 8355 8952
f 8346 8616 8781
f 8427 8307 9347
f 9316 8951 8403
f 9045 8403 8951
f 8780 8615 8345
f 8951 8354 9045
f 1612 1614 9572
f 8402 8950 9315
f 8344 8618 8779
f 8950 8402 9044
f 9044 8353 8950
f 9346 8535 8306
f 8778 8617 8343
f 9312 8949 8401
f 9043 8401 8949
f 8949 8352 9043
f 8342 8620 8777
f 9346 8306 8426
f 8400 8948 9311
f 8948 8400 9042
f 8776 8619 8341
f 9042 8351 8948
f 9571 8874 9087
f 8399 8947 9209
f 8947 8399 9040
f 9040 8350 8947
f 8305 8536 9345
f 9208 8946 8398
f 9039 8398 8946
f 8946 8349 9039
f 8425 8305 9345
f 8397 8945 9211
f 8945 8397 9036
f 9036 8348 8945
f 1767 8874 9571
f 9210 8944 8396
f 9035 8396 8944
f 8944 8347 9035
f 9344 8537 8304
f 8395 8943 9213
f 8943 8395 9034
f 9034 8346 8943
f 9344 8304 8424
f 9212 8942 8394
f 9033 8394 8942
f 8942 8345 9033
f 9571 1766 1767
f 8393 8941 9215
f 8941 8393 9030
f 9030 8344 8941
f 8303 8538 9343
f 9214 8940 8392
f 9029 8392 8940
f 8940 8343 9029
f 8423 8303 9343
f 8391 8939 9217
f 8939 8391 9028
f 9028 8342 8939
f 9578 8880 9081
f 9216 8938 8390
f 9027 8390 8938
f 8938 8341 9027
f 9342 8539 8302
f 8728 8824 8937
f 9342 8302 8422
f 8824 1575 9392
f 1701 8880 9578
f 8936 8823 8727
f 8301 8540 9341
f 9391 1575 8823
f 8329 8494 8727
f 8448 8339 8379
f 8728 8495 8328
f 9578 1700 1701
f 9370 9167 8789
f 1470 9167 9370
f 8788 9166 9369
f 9369 9166 1368
f 9372 9171 8787
f 1438 9171 9372
f 9372 1440 1438
f 8786 9170 9371
f 9371 9170 1400
f 1400 1397 9371
f 9368 9161 8791
f 1501 9161 9368
f 8790 9160 9367
f 9367 9160 1335
f 8785 9175 9374
f 9374 9175 1431
f 1431 1429 9374
f 9373 9174 8784
f 1406 9174 9373
f 9373 1407 1406
f 9366 9157 8793
f 1534 9157 9366
f 8792 9156 9365
f 9365 9156 1303
f 8783 9181 9376
f 9376 9181 1463
f 1463 1461 9376
f 9375 9180 8782
f 1374 9180 9375
f 9375 1375 1374
f 9364 9153 8795
f 1566 9153 9364
f 8794 9152 9363
f 9363 9152 1272
f 8781 9183 9378
f 9378 9183 1495
f 1495 1493 9378
f 9377 9182 8780
f 1342 9182 9377
f 9377 1344 1342
f 8797 9135 9362
f 9362 9135 1553
f 9361 9134 8796
f 1284 9134 9361
f 8779 9185 9380
f 9380 9185 1528
f 1528 1526 9380
f 9379 9184 8778
f 1310 9184 9379
f 9379 1311 1310
f 8799 9131 9360
f 9360 9131 1522
f 9359 9130 8798
f 1315 9130 9359
f 8777 9187 9382
f 9382 9187 1560
f 1560 1557 9382
f 9381 9186 8776
f 1278 9186 9381
f 9381 1280 1278
f 9384 9015 8801
f 1487 9015 9384
f 9384 1490 1487
f 8800 9014 9383
f 9383 9014 1350
f 1350 1348 9383
f 9386 9019 8803
f 1455 9019 9386
f 9386 1458 1455
f 8802 9018 9385
f 9385 9018 1382
f 1382 1379 9385
f 8804 9022 9388
f 9388 9022 1413
f 1413 1411 9388
f 9387 9005 8805
f 1423 9005 9387
f 9387 1425 1423
f 8807 9009 9390
f 9390 9009 1445
f 1445 1444 9390
f 9389 9008 8806
f 1392 9008 9389
f 9389 1394 1392
f 8809 9013 9394
f 9394 9013 1478
f 1478 1475 9394
f 9393 9012 8808
f 1360 9012 9393
f 9393 1362 1360
f 8811 9017 9396
f 9396 9017 1510
f 1510 1507 9396
f 9395 9016 8810
f 1328 9016 9395
f 9395 1329 1328
f 8813 9021 9398
f 9398 9021 1541
f 1541 1539 9398
f 9397 9020 8812
f 1295 9020 9397
f 9397 1297 1295
f 9400 9024 8815
f 1546 9024 9400
f 9400 1548 1546
f 8814 9023 9399
f 9399 9023 1292
f 1292 1290 9399
f 9402 9026 8817
f 1514 9026 9402
f 9402 1516 1514
f 8816 9025 9401
f 9401 9025 1324
f 1324 1321 9401
f 9404 9032 8819
f 1481 9032 9404
f 9404 1483 1481
f 8818 9031 9403
f 9403 9031 1356
f 1356 1353 9403
f 9406 9038 8821
f 1449 9038 9406
f 9406 1452 1449
f 8820 9037 9405
f 9405 9037 1388
f 1388 1386 9405
f 8822 9041 9407
f 9407 9041 1420
f 1420 1418 9407
f 9358 9111 8873
f 1572 9111 9358
f 8872 9110 9357
f 9357 9110 1266
f 8688 9153 9107
f 9107 9153 1563
f 9106 9152 8687
f 1274 9152 9106
f 8686 9157 9103
f 9103 9157 1531
f 9102 9156 8685
f 1305 9156 9102
f 8684 9161 9099
f 9099 9161 1500
f 9098 9160 8683
f 1338 9160 9098
f 8682 9167 9095
f 9095 9167 1468
f 9094 9166 8681
f 1369 9166 9094
f 8680 9171 9090
f 9090 9171 1435
f 9089 9170 8679
f 1402 9170 9089
f 9179 9135 8690
f 1556 9135 9179
f 8689 9134 9178
f 9178 9134 1282
f 9177 9131 8692
f 1523 9131 9177
f 8691 9130 9176
f 9176 9130 1313
f 9173 9127 8694
f 1491 9127 9173
f 8693 9126 9172
f 9172 9126 1346
f 9169 9123 8696
f 1459 9123 9169
f 8695 9122 9168
f 9168 9122 1378
f 9165 9121 8698
f 1427 9121 9165
f 8697 9120 9164
f 9164 9120 1409
f 8700 9119 9163
f 9163 9119 1442
f 9162 9118 8699
f 1396 9118 9162
f 8702 9117 9159
f 9159 9117 1474
f 9158 9116 8701
f 1364 9116 9158
f 8704 9115 9155
f 9155 9115 1505
f 9154 9114 8703
f 1332 9114 9154
f 8706 9113 9151
f 9151 9113 1537
f 9150 9112 8705
f 1299 9112 9150
f 9147 9109 8710
f 1549 9109 9147
f 8709 9108 9146
f 9146 9108 1288
f 9145 9105 8712
f 1518 9105 9145
f 8711 9104 9144
f 9144 9104 1320
f 9143 9101 8714
f 1486 9101 9143
f 8713 9100 9142
f 9142 9100 1351
f 9141 9097 8716
f 1454 9097 9141
f 8715 9096 9140
f 9140 9096 1384
f 8717 9093 9139
f 9139 9093 1415
f 8582 8873 9111
f 8421 8301 9341
f 9110 8872 8581
f 8563 8457 9580
f 9216 9198 9580
f 9340 8541 8300
f 9580 8457 9216
f 9340 8300 8420
f 9580 9198 8563
f 9579 8456 8562
f 9579 9199 9217
f 8298 8543 9338
f 9217 8456 9579
f 8418 8298 9338
f 8562 9199 9579
f 9081 9245 9578
f 9578 9245 1700
f 9337 8544 8297
f 9577 9246 9082
f 9337 8297 8417
f 1680 9246 9577
f 9576 9242 9084
f 1657 9242 9576
f 8296 8545 9336
f 9083 9241 9575
f 8416 8296 9336
f 9575 9241 1721
f 9574 9238 9086
f 1636 9238 9574
f 9335 8546 8295
f 9085 9237 9573
f 9335 8295 8415
f 9573 9237 1743
f 9572 9234 9088
f 1614 9234 9572
f 8294 8547 9334
f 9087 9233 9571
f 8414 8294 9334
f 9571 9233 1766
f 9570 8549 8634
f 9570 8479 9332
f 9339 8542 8299
f 9332 8549 9570
f 9339 8299 8419
f 8634 8479 9570
f 8633 8548 9569
f 9333 8478 9569
f 9333 8548 8293
f 9569 8548 9333
f 9333 8293 8413
f 9569 8478 8633
f 9568 8551 8632
f 9568 8477 9330
f 8292 8549 9332
f 9330 8551 9568
f 8412 8292 9332
f 8632 8477 9568
f 8631 8550 9567
f 9326 8475 8630
f 9331 8550 8291
f 8629 8474 9327
f 9331 8291 8411
f 9323 8473 8628
f 9331 8476 9567
f 8627 8472 9324
f 8290 8551 9330
f 9319 8471 8626
f 8410 8290 9330
f 8625 8470 9320
f 1574 8873 8453
f 9315 8469 8624
f 8452 8872 1264
f 8623 8468 9316
f 8380 8455 8582
f 9311 8467 8622
f 8449 1579 8455
f 8621 8466 9312
f 9463 1578 8449
f 8581 8454 8379
f 8659 8871 8888
f 8871 8659 8505
f 8662 8870 8887
f 8870 8662 8507
f 8886 8869 8661
f 8506 8661 8869
f 8664 8868 8885
f 8868 8664 8509
f 8884 8867 8663
f 8508 8663 8867
f 8465 9208 8571
f 8465 8571 8561
f 9567 8550 9331
f 8570 9209 8464
f 8560 8570 8464
f 8564 8554 9087
f 8463 9210 8569
f 8463 8569 8559
f 8554 9233 9087
f 8968 8892 9437
f 9437 8389 8968
f 8892 8968 8338
f 9408 8338 8968
f 9439 8896 8972
f 8972 8388 9439
f 8337 8972 8896
f 8972 8337 9410
f 8971 8895 9438
f 9438 8387 8971
f 8895 8971 8336
f 9409 8336 8971
f 9443 8900 8976
f 8976 8386 9443
f 8335 8976 8900
f 8976 8335 9412
f 8975 8899 9442
f 9442 8385 8975
f 8899 8975 8334
f 9411 8334 8975
f 9447 8904 8980
f 8980 8384 9447
f 8333 8980 8904
f 8980 8333 9414
f 8979 8903 9446
f 9446 8383 8979
f 8903 8979 8332
f 9413 8332 8979
f 9451 8908 8984
f 8984 8382 9451
f 8331 8984 8908
f 8984 8331 9416
f 8983 8907 9450
f 9450 8381 8983
f 8907 8983 8330
f 9415 8330 8983
f 8982 8916 9455
f 9455 8378 8982
f 8916 8982 8327
f 9418 8327 8982
f 9454 8915 8981
f 8981 8377 9454
f 8326 8981 8915
f 8981 8326 9417
f 8978 8920 9457
f 9457 8376 8978
f 8920 8978 8325
f 9420 8325 8978
f 9456 8919 8977
f 8977 8375 9456
f 8324 8977 8919
f 8977 8324 9419
f 8974 8924 9459
f 9459 8374 8974
f 8924 8974 8323
f 9422 8323 8974
f 9458 8923 8973
f 8973 8373 9458
f 8322 8973 8923
f 8973 8322 9421
f 8970 8928 9461
f 9461 8372 8970
f 8928 8970 8321
f 9424 8321 8970
f 9460 8927 8969
f 8969 8371 9460
f 8320 8969 8927
f 8969 8320 9423
f 9462 8931 8967
f 8967 8370 9462
f 8319 8967 8931
f 8967 8319 9426
f 9567 8476 8631
f 8455 1580 8451
f 8889 8966 8318
f 9425 8318 8966
f 1579 1580 8455
f 1578 1579 8449
f 8317 8965 8891
f 8965 8317 9428
f 8450 1580 8454
f 8454 1580 1579
f 8890 8964 8316
f 9427 8316 8964
f 8454 1579 8448
f 8670 9028 9197
f 8315 8963 8894
f 8963 8315 9430
f 8391 8409 9197
f 9197 9028 8391
f 8893 8962 8314
f 9429 8314 8962
f 8568 9211 8462
f 8558 8568 8462
f 8313 8961 8898
f 8961 8313 9432
f 9196 9027 8669
f 8461 9212 8567
f 8897 8960 8312
f 9431 8312 8960
f 8461 8567 8557
f 9196 8408 8390
f 8311 8959 8902
f 8959 8311 9434
f 8566 9213 8460
f 8556 8566 8460
f 8901 8958 8310
f 9433 8310 8958
f 8390 9027 9196
f 8459 9214 8565
f 8906 8957 8309
f 9436 8309 8957
f 8459 8565 8555
f 8672 9030 9195
f 8308 8956 8905
f 8956 8308 9435
f 8564 9215 8458
f 8554 8564 8458
f 8910 8955 8307
f 9441 8307 8955
f 8393 8407 9195
f 9566 8547 8636
f 8306 8954 8909
f 8954 8306 9440
f 8457 8563 8553
f 8883 8553 8563
f 8912 8953 8305
f 9445 8305 8953
f 9566 8481 9334
f 8552 8562 8456
f 8304 8952 8911
f 8952 8304 9444
f 8562 8552 8882
f 9492 9264 8844
f 8914 8951 8303
f 9449 8303 8951
f 8630 8844 9264
f 8844 8630 8475
f 8302 8950 8913
f 8950 8302 9448
f 8843 9263 9491
f 9263 8843 8629
f 8918 8949 8301
f 9453 8301 8949
f 8474 8629 8843
f 8868 9222 9480
f 8300 8948 8917
f 8948 8300 9452
f 9222 8868 8656
f 8501 8656 8868
f 8299 8947 8922
f 9479 9221 8867
f 8655 8867 9221
f 8867 8655 8500
f 8921 8946 8298
f 8870 9220 9478
f 9220 8870 8658
f 8503 8658 8870
f 8297 8945 8926
f 9477 9219 8869
f 8657 8869 9219
f 8869 8657 8502
f 8925 8944 8296
f 8871 9218 9476
f 9218 8871 8660
f 8504 8660 8871
f 8295 8943 8930
f 8846 9260 9494
f 9260 8846 8632
f 8477 8632 8846
f 8929 8942 8294
f 9493 9259 8845
f 8631 8845 9259
f 8845 8631 8476
f 8293 8941 8933
f 8848 9256 9496
f 9256 8848 8634
f 8479 8634 8848
f 8932 8940 8292
f 9495 9255 8847
f 8633 8847 9255
f 8847 8633 8478
f 8291 8939 8935
f 8850 9252 9498
f 9252 8850 8636
f 8481 8636 8850
f 8934 8938 8290
f 9497 9251 8849
f 9328 8495 8650
f 9195 9030 8393
f 8339 8495 9328
f 8649 8494 9329
f 9194 9029 8671
f 9329 8494 8340
f 9194 8406 8392
f 8392 9029 9194
f 8635 8849 9251
f 8674 9034 9193
f 8395 8405 9193
f 8849 8635 8480
f 8852 9248 9500
f 8448 1578 9464
f 9248 8852 8638
f 8448 1579 1578
f 8483 8638 8852
f 9499 9247 8851
f 8637 8851 9247
f 8851 8637 8482
f 8678 8680 9090
f 8680 8678 9189
f 9193 9034 8395
f 9192 9033 8673
f 9089 8679 8677
f 9188 8677 8679
f 9192 8404 8394
f 8394 9033 9192
f 8676 8682 9095
f 8682 8676 9191
f 8676 9036 9191
f 8397 8403 9191
f 9094 8681 8675
f 9190 8675 8681
f 9191 9036 8397
f 9190 9035 8675
f 8674 8684 9099
f 8684 8674 9193
f 9190 8402 8396
f 8396 9035 9190
f 9098 8683 8673
f 9192 8673 8683
f 8678 9040 9189
f 8399 8401 9189
f 8672 8686 9103
f 8686 8672 9195
f 9189 9040 8399
f 9188 9039 8677
f 9102 8685 8671
f 9194 8671 8685
f 9188 8400 8398
f 8398 9039 9188
f 8670 8688 9107
f 8688 8670 9197
f 8366 8894 8963
f 8751 8894 8366
f 9106 8687 8669
f 9196 8669 8687
f 8962 8893 8365
f 8365 8893 8750
f 9502 9243 8853
f 8639 8853 9243
f 8853 8639 8484
f 8854 9244 9501
f 9244 8854 8640
f 8485 8640 8854
f 9504 9240 8856
f 8642 8856 9240
f 8856 8642 8487
f 8855 9239 9503
f 9239 8855 8641
f 8486 8641 8855
f 9508 9236 8858
f 8644 8858 9236
f 8858 8644 8489
f 8857 9235 9507
f 9235 8857 8643
f 8488 8643 8857
f 9512 9232 8860
f 8646 8860 9232
f 8860 8646 8491
f 8859 9231 9511
f 9231 8859 8645
f 8490 8645 8859
f 9514 9228 8862
f 8648 8862 9228
f 8862 8648 8493
f 8668 8515 9309
f 8861 9227 9513
f 9309 8515 8326
f 9310 8514 8667
f 9227 8861 8647
f 8327 8514 9310
f 8666 8517 9313
f 8492 8647 8861
f 9313 8517 8324
f 9314 8516 8665
f 8864 9226 9510
f 8325 8516 9314
f 8664 8519 9317
f 9226 8864 8652
f 9317 8519 8322
f 9318 8518 8663
f 8497 8652 8864
f 8323 8518 9318
f 8662 8521 9321
f 9509 9225 8863
f 9321 8521 8320
f 9322 8520 8661
f 8651 8863 9225
f 8321 8520 9322
f 8863 8651 8496
f 8866 9224 9506
f 9224 8866 8654
f 8659 8522 9325
f 8499 8654 8866
f 9325 8522 8319
f 9505 9223 8865
f 8653 8865 9223
f 8865 8653 8498
f 8362 8902 8959
f 8755 8902 8362
f 8958 8901 8361
f 8361 8901 8754
f 8364 8898 8961
f 8753 8898 8364
f 8960 8897 8363
f 8363 8897 8752
f 9230 9268 8826
f 1593 9268 9230
f 8825 9267 9229
f 9229 9267 1786
f 9234 9270 8828
f 1615 9270 9234
f 8827 9269 9233
f 9233 9269 1763
f 9238 9272 8830
f 1637 9272 9238
f 8829 9271 9237
f 9237 9271 1741
f 9242 9274 8832
f 1660 9274 9242
f 8831 9273 9241
f 9241 9273 1719
f 9246 9276 8834
f 1682 9276 9246
f 8833 9275 9245
f 9245 9275 1697
f 9329 8532 8649
f 8309 8532 9329
f 8429 8309 9329
f 8650 8533 9328
f 9328 8533 8308
f 9328 8308 8428
f 8342 8935 8939
f 8775 8935 8342
f 8938 8934 8341
f 8341 8934 8774
f 8344 8933 8941
f 8773 8933 8344
f 8940 8932 8343
f 8343 8932 8772
f 8346 8930 8943
f 8771 8930 8346
f 8942 8929 8345
f 8345 8929 8770
f 8348 8926 8945
f 8769 8926 8348
f 8944 8925 8347
f 8347 8925 8768
f 8350 8922 8947
f 8767 8922 8350
f 8946 8921 8349
f 8349 8921 8766
f 8949 8918 8352
f 8352 8918 8765
f 8351 8917 8948
f 8764 8917 8351
f 8951 8914 8354
f 8354 8914 8763
f 8353 8913 8950
f 8762 8913 8353
f 8953 8912 8356
f 8356 8912 8761
f 8355 8911 8952
f 8760 8911 8355
f 8955 8910 8358
f 8358 8910 8759
f 8357 8909 8954
f 8758 8909 8357
f 8957 8906 8360
f 8360 8906 8757
f 8359 8905 8956
f 8756 8905 8359
f 8842 9284 9262
f 9284 8842 8648
f 8535 8648 8842
f 9261 9283 8841
f 8647 8841 9283
f 8841 8647 8534
f 8840 9282 9258
f 8986 8690 8775
f 9282 8840 8646
f 8537 8646 8840
f 8774 8689 8985
f 9257 9281 8839
f 8645 8839 9281
f 8988 8692 8773
f 8839 8645 8536
f 8838 9280 9254
f 8772 8691 8987
f 9280 8838 8644
f 8539 8644 8838
f 8990 8694 8771
f 9253 9279 8837
f 8643 8837 9279
f 8770 8693 8989
f 8837 8643 8538
f 8836 9278 9250
f 8992 8696 8769
f 9278 8836 8642
f 8541 8642 8836
f 8768 8695 8991
f 9249 9277 8835
f 8641 8835 9277
f 8994 8698 8767
f 8835 8641 8540
f 9501 9296 8854
f 8766 8697 8993
f 8660 8854 9296
f 8854 8660 8523
f 9093 8717 8572
f 9080 8572 8717
f 8574 8716 9097
f 8716 8574 9079
f 9096 8715 8573
f 9078 8573 8715
f 8576 8714 9101
f 8714 8576 9077
f 9100 8713 8575
f 9076 8575 8713
f 8578 8712 9105
f 8712 8578 9075
f 9104 8711 8577
f 9074 8577 8711
f 8580 8710 9109
f 8710 8580 9073
f 9108 8709 8579
f 9072 8579 8709
f 9500 9294 8852
f 9111 8708 8582
f 9071 8582 8708
f 8658 8852 9294
f 8581 8707 9110
f 8707 8581 9070
f 9113 8706 8584
f 9069 8584 8706
f 8583 8705 9112
f 8705 8583 9068
f 9115 8704 8586
f 9067 8586 8704
f 8585 8703 9114
f 8703 8585 9066
f 9117 8702 8588
f 9065 8588 8702
f 8587 8701 9116
f 8701 8587 9064
f 9119 8700 8590
f 9063 8590 8700
f 8589 8699 9118
f 8699 8589 9062
f 8592 8698 9121
f 8698 8592 9061
f 9120 8697 8591
f 9060 8591 8697
f 8594 8696 9123
f 8696 8594 9059
f 9122 8695 8593
f 9058 8593 8695
f 8596 8694 9127
f 8694 8596 9057
f 9126 8693 8595
f 9056 8595 8693
f 8598 8692 9131
f 8692 8598 9055
f 9130 8691 8597
f 9054 8597 8691
f 8600 8690 9135
f 8690 8600 9053
f 9134 8689 8599
f 9052 8599 8689
f 8765 8700 8996
f 8852 8658 8525
f 8851 9293 9499
f 8995 8699 8764
f 9293 8851 8657
f 8524 8657 8851
f 8763 8702 8998
f 9498 9292 8850
f 8656 8850 9292
f 8997 8701 8762
f 8850 8656 8527
f 8849 9291 9497
f 8761 8704 9000
f 9291 8849 8655
f 8526 8655 8849
f 8999 8703 8760
f 9496 9290 8848
f 8654 8848 9290
f 8759 8706 9002
f 8848 8654 8529
f 8847 9289 9495
f 9001 8705 8758
f 9289 8847 8653
f 8528 8653 8847
f 8757 8708 9004
f 9494 9288 8846
f 8652 8846 9288
f 9003 8707 8756
f 8846 8652 8531
f 8845 9287 9493
f 9007 8710 8755
f 9287 8845 8651
f 8530 8651 8845
f 8754 8709 9006
f 9506 9308 8866
f 8666 8866 9308
f 9011 8712 8753
f 8866 8666 8511
f 8865 9307 9505
f 8752 8711 9010
f 9307 8865 8665
f 8510 8665 8865
f 8746 8717 9022
f 9139 9022 8717
f 9510 9306 8864
f 9019 8716 8749
f 8716 9019 9141
f 8668 8864 9306
f 8748 8715 9018
f 9140 9018 8715
f 8864 8668 8513
f 9015 8714 8751
f 8714 9015 9143
f 8863 9305 9509
f 8750 8713 9014
f 9142 9014 8713
f 9305 8863 8667
f 8368 8891 8965
f 8749 8891 8368
f 8712 9011 9145
f 9144 9010 8711
f 8710 9007 9147
f 9146 9006 8709
f 9149 9004 8708
f 8707 9003 9148
f 9151 9002 8706
f 8705 9001 9150
f 9155 9000 8704
f 8703 8999 9154
f 9159 8998 8702
f 8701 8997 9158
f 9163 8996 8700
f 8699 8995 9162
f 8698 8994 9165
f 9164 8993 8697
f 8696 8992 9169
f 9168 8991 8695
f 8694 8990 9173
f 9172 8989 8693
f 9005 8718 8747
f 8512 8667 8863
f 8747 8931 9462
f 8964 8890 8367
f 8367 8890 8748
f 8692 8988 9177
f 9176 8987 8691
f 8690 8986 9179
f 9178 8985 8689
f 8745 8720 9009
f 8862 9304 9514
f 9461 8928 8745
f 9008 8719 8744
f 9304 8862 8668
f 8744 8927 9460
f 8937 9266 8728
f 8743 8722 9013
f 8515 8668 8862
f 9459 8924 8743
f 9012 8721 8742
f 9513 9303 8861
f 8742 8923 9458
f 8741 8724 9017
f 8667 8861 9303
f 9457 8920 8741
f 9016 8723 8740
f 8861 8667 8514
f 8740 8919 9456
f 8739 8726 9021
f 8860 9302 9512
f 9455 8916 8739
f 9020 8725 8738
f 9302 8860 8666
f 8738 8915 9454
f 9024 8726 8737
f 8517 8666 8860
f 8737 8908 9451
f 8736 8725 9023
f 9511 9301 8859
f 9450 8907 8736
f 9026 8724 8735
f 8665 8859 9301
f 8735 8904 9447
f 8734 8723 9025
f 8859 8665 8516
f 9446 8903 8734
f 9032 8722 8733
f 8858 9300 9508
f 8733 8900 9443
f 8732 8721 9031
f 9300 8858 8664
f 9442 8899 8732
f 9038 8720 8731
f 8519 8664 8858
f 8731 8896 9439
f 8730 8719 9037
f 9507 9299 8857
f 9438 8895 8730
f 8729 8718 9041
f 8663 8857 9299
f 9437 8892 8729
f 8857 8663 8518
f 8844 9286 9492
f 9286 8844 8650
f 8533 8650 8844
f 9491 9285 8843
f 8649 8843 9285
f 8843 8649 8532
f 8856 9298 9504
f 9298 8856 8662
f 9125 9021 8726
f 8725 9020 9124
f 9129 9017 8724
f 8723 9016 9128
f 9133 9013 8722
f 8721 9012 9132
f 9137 9009 8720
f 8719 9008 9136
f 8718 9005 9138
f 9171 8680 8610
f 9043 8610 8680
f 8609 8679 9170
f 8679 8609 9042
f 9167 8682 8608
f 9045 8608 8682
f 8607 8681 9166
f 8681 8607 9044
f 9161 8684 8606
f 9047 8606 8684
f 8605 8683 9160
f 8683 8605 9046
f 9157 8686 8604
f 9049 8604 8686
f 8603 8685 9156
f 8685 8603 9048
f 9153 8688 8602
f 9051 8602 8688
f 8601 8687 9152
f 8687 8601 9050
f 9041 8822 8729
f 8731 8821 9038
f 9037 8820 8730
f 8733 8819 9032
f 9031 8818 8732
f 8735 8817 9026
f 9025 8816 8734
f 8737 8815 9024
f 9023 8814 8736
f 9021 8813 8739
f 8738 8812 9020
f 9017 8811 8741
f 8740 8810 9016
f 9013 8809 8743
f 8742 8808 9012
f 9009 8807 8745
f 8744 8806 9008
f 9022 8804 8746
f 8747 8805 9005
f 8749 8803 9019
f 9018 8802 8748
f 8751 8801 9015
f 9014 8800 8750
f 9360 9011 8799
f 8753 8799 9011
f 8798 9010 9359
f 9010 8798 8752
f 9362 9007 8797
f 8755 8797 9007
f 8796 9006 9361
f 9006 8796 8754
f 8795 9004 9364
f 9004 8795 8757
f 9363 9003 8794
f 8756 8794 9003
f 8793 9002 9366
f 9002 8793 8759
f 9365 9001 8792
f 8758 8792 9001
f 8791 9000 9368
f 9000 8791 8761
f 9367 8999 8790
f 8760 8790 8999
f 8789 8998 9370
f 8998 8789 8763
f 9369 8997 8788
f 8762 8788 8997
f 8787 8996 9372
f 8996 8787 8765
f 9371 8995 8786
f 8764 8786 8995
f 9374 8994 8785
f 8767 8785 8994
f 8784 8993 9373
f 8993 8784 8766
f 9376 8992 8783
f 8769 8783 8992
f 8782 8991 9375
f 8991 8782 8768
f 9378 8990 8781
f 8771 8781 8990
f 8780 8989 9377
f 8989 8780 8770
f 9380 8988 8779
f 8773 8779 8988
f 8778 8987 9379
f 8987 8778 8772
f 9382 8986 8777
f 8775 8777 8986
f 8776 8985 9381
f 8985 8776 8774
f 8521 8662 8856
f 9503 9297 8855
f 8661 8855 9297
f 8855 8661 8520
f 8853 9295 9502
f 9295 8853 8659
f 8522 8659 8853
f 8650 8728 9266
f 1584 9266 8937
f 8728 8650 8495
f 8936 9265 1796
f 8640 8834 9276
f 8834 8640 8543
f 9275 8833 8639
f 8542 8639 8833
f 8638 8832 9274
f 8832 8638 8545
f 9273 8831 8637
f 8544 8637 8831
f 8636 8830 9272
f 9090 9175 8678
f 8612 8678 9175
f 8678 8612 9040
f 8677 9174 9089
f 9174 8677 8611
f 9039 8611 8677
f 9095 9181 8676
f 8614 8676 9181
f 8676 8614 9036
f 8675 9180 9094
f 9180 8675 8613
f 9035 8613 8675
f 9099 9183 8674
f 8616 8674 9183
f 8674 8616 9034
f 8673 9182 9098
f 9182 8673 8615
f 9033 8615 8673
f 9103 9185 8672
f 8618 8672 9185
f 8672 8618 9030
f 8671 9184 9102
f 9184 8671 8617
f 9029 8617 8671
f 9107 9187 8670
f 8620 8670 9187
f 8670 8620 9028
f 8669 9186 9106
f 9186 8669 8619
f 9027 8619 8669
f 1608 1610 9284
f 9285 1792 1793
f 1585 1588 9286
f 1779 1782 9287
f 9296 9218 8660
f 8830 8636 8547
f 1687 9218 9296
f 9294 9220 8658
f 9271 8829 8635
f 1665 9220 9294
f 8657 9219 9293
f 8546 8635 8829
f 9293 9219 1713
f 9292 9222 8656
f 8634 8828 9270
f 1643 9222 9292
f 8655 9221 9291
f 8828 8634 8549
f 9291 9221 1736
f 9290 9224 8654
f 9269 8827 8633
f 1622 9224 9290
f 8653 9223 9289
f 8548 8633 8827
f 9289 9223 1758
f 8632 8826 9268
f 8826 8632 8551
f 9288 9226 8652
f 9267 8825 8631
f 1600 9226 9288
f 8651 9225 9287
f 8550 8631 8825
f 9287 9225 1779
f 8650 9266 9286
f 9250 9278 1675
f 9286 9266 1585
f 9285 9265 8649
f 1703 9277 9249
f 1793 9265 9285
f 9254 9280 1653
f 1726 9279 9253
f 9258 9282 1631
f 1747 9281 9257
f 8648 9228 9284
f 9262 9284 1610
f 9284 9228 1608
f 9283 9227 8647
f 1769 9283 9261
f 1771 9227 9283
f 8916 8908 9473
f 9473 8739 8916
f 8726 8739 9473
f 9472 8907 8915
f 8646 9232 9282
f 8915 8738 9472
f 9282 9232 1629
f 9281 9231 8645
f 9472 8738 8725
f 1749 9231 9281
f 9308 9302 8666
f 8920 8904 9471
f 1625 9302 9308
f 8665 9301 9307
f 9471 8741 8920
f 9307 9301 1754
f 8644 9236 9280
f 8724 8741 9471
f 9280 9236 1651
f 9279 9235 8643
f 9470 8903 8919
f 1728 9235 9279
f 9306 9304 8668
f 8919 8740 9470
f 1603 9304 9306
f 8667 9303 9305
f 9470 8740 8723
f 9305 9303 1776
f 8642 9240 9278
f 8924 8900 9469
f 9278 9240 1673
f 9277 9239 8641
f 9469 8743 8924
f 1706 9239 9277
f 9276 9244 8640
f 8722 8743 9469
f 1684 9244 9276
f 8639 9243 9275
f 9468 8899 8923
f 9275 9243 1695
f 8923 8742 9468
f 9468 8742 8721
f 9274 9248 8638
f 8928 8896 9467
f 1661 9248 9274
f 8637 9247 9273
f 9467 8745 8928
f 9273 9247 1718
f 8720 8745 9467
f 9466 8895 8927
f 9272 9252 8636
f 8927 8744 9466
f 1639 9252 9272
f 8635 9251 9271
f 9466 8744 8719
f 9271 9251 1740
f 8885 9300 8664
f 9465 8729 8892
f 1647 9300 8885
f 8663 9299 8884
f 8718 8729 9465
f 8884 9299 1732
f 9270 9256 8634
f 8663 8508 9318
f 1618 9256 9270
f 8633 9255 9269
f 9318 8508 8335
f 9269 9255 1762
f 8887 9298 8662
f 9318 8335 8443
f 1670 9298 8887
f 8661 9297 8886
f 9317 8509 8664
f 8886 9297 1709
f 9268 9260 8632
f 8334 8509 9317
f 1595 9260 9268
f 8631 9259 9267
f 8442 8334 9317
f 9267 9259 1783
f 8888 9295 8659
f 8661 8506 9322
f 1691 9295 8888
f 9322 8506 8337
f 9322 8337 8441
f 8727 9265 8936
f 9265 8727 8649
f 8883 9230 8553
f 1592 9230 8883
f 8552 9229 8882
f 8882 9229 1788
f 8494 8649 8727
f 8966 8889 8369
f 8369 8889 8746
f 9288 1597 1600
f 1758 1760 9289
f 9290 1620 1622
f 1736 1737 9291
f 9292 1641 1643
f 1713 1715 9293
f 9264 1588 1590
f 1789 1792 9263
f 1610 1612 9262
f 9261 1767 1769
f 1595 1597 9260
f 9259 1782 1783
f 1631 1633 9258
f 8746 8804 8369
f 8368 8803 8749
f 8748 8802 8367
f 8366 8801 8751
f 8750 8800 8365
f 8364 8799 8753
f 8752 8798 8363
f 8362 8797 8755
f 8754 8796 8361
f 8757 8795 8360
f 8359 8794 8756
f 8759 8793 8358
f 8357 8792 8758
f 8761 8791 8356
f 8355 8790 8760
f 8763 8789 8354
f 8353 8788 8762
f 8765 8787 8352
f 8351 8786 8764
f 8350 8785 8767
f 8766 8784 8349
f 8348 8783 8769
f 8768 8782 8347
f 8346 8781 8771
f 8770 8780 8345
f 8344 8779 8773
f 8772 8778 8343
f 8342 8777 8775
f 8774 8776 8341
f 8729 8822 8389
f 8388 8821 8731
f 8730 8820 8387
f 8386 8819 8733
f 8732 8818 8385
f 8384 8817 8735
f 8734 8816 8383
f 8382 8815 8737
f 8736 8814 8381
f 8739 8813 8378
f 8377 8812 8738
f 8741 8811 8376
f 8375 8810 8740
f 8743 8809 8374
f 8373 8808 8742
f 8745 8807 8372
f 8371 8806 8744
f 8370 8805 8747
f 9321 8507 8662
f 8881 9250 1677
f 8336 8507 9321
f 1701 9249 8880
f 8440 8336 9321
f 8879 9254 1656
f 9325 8505 8659
f 1724 9253 8878
f 8338 8505 9325
f 8877 9258 1633
f 8439 8338 9325
f 1745 9257 8876
f 8667 8512 9310
f 8875 9262 1612
f 9310 8512 8331
f 1767 9261 8874
f 9264 9092 8630
f 9310 8331 8447
f 1590 9092 9264
f 8629 9091 9263
f 9309 8513 8668
f 9263 9091 1789
f 8330 8513 9309
f 8446 8330 9309
f 8665 8510 9314
f 9314 8510 8333
f 9314 8333 8445
f 9313 8511 8666
f 8332 8511 9313
f 8444 8332 9313
f 8329 1577 9463
f 9334 8547 9566
f 8823 1576 8329
f 1576 1577 8329
f 9464 1577 8328
f 8636 8481 9566
f 8328 1576 8824
f 8328 1577 1576
f 9257 1745 1747
f 1618 1620 9256
f 9294 1663 1665
f 9255 1760 1762
f 1653 1656 9254
f 1691 1693 9295
f 9253 1724 1726
f 1639 1641 9252
f 9251 1737 1740
f 1675 1677 9250
f 9476 8888 8871
f 9296 1686 1687
f 9297 1707 1709
f 1670 1671 9298
f 9299 1730 1732
f 1689 8888 9476
f 8935 9053 8411
f 1689 1691 8888
f 8410 9052 8934
f 9478 8887 8870
f 8933 9055 8413
f 1667 8887 9478
f 8412 9054 8932
f 1667 1670 8887
f 8930 9057 8415
f 8869 8886 9477
f 8414 9056 8929
f 9477 8886 1711
f 8926 9059 8417
f 8886 1709 1711
f 8416 9058 8925
f 9480 8885 8868
f 8922 9061 8419
f 1646 8885 9480
f 8418 9060 8921
f 1646 1647 8885
f 8421 9063 8918
f 8867 8884 9479
f 8917 9062 8420
f 9479 8884 1734
f 8423 9065 8914
f 8884 1732 1734
f 8913 9064 8422
f 1588 9264 9492
f 8425 9067 8912
f 9491 9263 1792
f 8911 9066 8424
f 8949 9312 9453
f 8427 9069 8910
f 9453 9312 8466
f 8909 9068 8426
f 9452 9311 8948
f 8429 9071 8906
f 8467 9311 9452
f 8905 9070 8428
f 8951 9316 9449
f 8902 9073 8431
f 9449 9316 8468
f 8430 9072 8901
f 9448 9315 8950
f 8898 9075 8433
f 8469 9315 9448
f 8432 9074 8897
f 8953 9320 9445
f 8894 9077 8435
f 9445 9320 8470
f 8434 9076 8893
f 9444 9319 8952
f 8891 9079 8437
f 8471 9319 9444
f 8436 9078 8890
f 8957 9327 9436
f 8438 9080 8889
f 9249 1701 1703
f 1661 1663 9248
f 9247 1715 1718
f 9246 8834 8561
f 9246 1680 1682
f 8560 8833 9245
f 1697 1700 9245
f 1684 1686 9244
f 9243 1693 1695
f 9242 8832 8559
f 9189 9043 8680
f 8401 9043 9189
f 8679 9042 9188
f 9188 9042 8400
f 9191 9045 8682
f 8403 9045 9191
f 8681 9044 9190
f 9190 9044 8402
f 9193 9047 8684
f 8405 9047 9193
f 8683 9046 9192
f 9192 9046 8404
f 9195 9049 8686
f 8407 9049 9195
f 8685 9048 9194
f 9194 9048 8406
f 9197 9051 8688
f 8409 9051 9197
f 8687 9050 9196
f 9196 9050 8408
f 9436 9327 8474
f 9435 9326 8956
f 9082 8571 8622
f 9206 8622 8571
f 8475 9326 9435
f 8955 9324 9441
f 8621 8570 9081
f 8570 8621 9207
f 9441 9324 8472
f 9440 9323 8954
f 9084 8569 8624
f 9204 8624 8569
f 8473 9323 9440
f 9489 8291 8550
f 8623 8568 9083
f 8568 8623 9205
f 8939 8291 9489
f 8550 8456 9489
f 9086 8567 8626
f 9202 8626 8567
f 8551 8290 9490
f 9490 8290 8938
f 8625 8566 9085
f 8566 8625 9203
f 9490 8457 8551
f 9487 8293 8548
f 9088 8565 8628
f 9200 8628 8565
f 8941 8293 9487
f 8548 8458 9487
f 8627 8564 9087
f 8564 8627 9201
f 8549 8292 9488
f 9488 8292 8940
f 9092 8563 8630
f 9198 8630 8563
f 9488 8459 8549
f 9485 8295 8546
f 8629 8562 9091
f 8562 8629 9199
f 8943 8295 9485
f 8931 8892 8439
f 8546 8460 9485
f 8441 8896 8928
f 8547 8294 9486
f 8927 8895 8440
f 9486 8294 8942
f 8443 8900 8924
f 9486 8461 8547
f 8923 8899 8442
f 9483 8297 8544
f 8445 8904 8920
f 8945 8297 9483
f 8919 8903 8444
f 8544 8462 9483
f 8447 8908 8916
f 8545 8296 9484
f 8915 8907 8446
f 9484 8296 8944
f 9484 8463 8545
f 8543 8298 9481
f 9481 8298 8946
f 9481 8465 8543
f 9482 8299 8542
f 1561 9187 9107
f 9106 9186 1276
f 1529 9185 9103
f 9102 9184 1307
f 1498 9183 9099
f 9098 9182 1340
f 1465 9181 9095
f 9094 9180 1371
f 1434 9175 9090
f 9089 9174 1404
f 8824 1576 1575
f 1575 1576 8823
f 8947 8299 9482
f 8542 8464 9482
f 9434 9331 8959
f 8476 9331 9434
f 8958 9330 9433
f 9433 9330 8477
f 9432 9333 8961
f 8478 9333 9432
f 8960 9332 9431
f 8824 8728 8328
f 8329 8727 8823
f 9431 9332 8479
f 9430 9335 8963
f 8480 9335 9430
f 8962 9334 9429
f 9429 9334 8481
f 9428 9337 8965
f 8482 9337 9428
f 8964 9336 9427
f 9427 9336 8483
f 8966 9338 9425
f 9425 9338 8485
f 9426 9339 8967
f 8484 9339 9426
f 8970 9341 9424
f 9424 9341 8486
f 9423 9340 8969
f 8487 9340 9423
f 8974 9343 9422
f 9422 9343 8488
f 9421 9342 8973
f 8875 9088 8628
f 8635 8546 9565
f 8627 9087 8874
f 9335 8480 9565
f 8877 9086 8626
f 9565 8546 9335
f 8625 9085 8876
f 9565 8480 8635
f 8879 9084 8624
f 9564 8545 8638
f 8623 9083 8878
f 9564 8483 9336
f 8881 9082 8622
f 9336 8545 9564
f 8621 9081 8880
f 8638 8483 9564
f 1520 9011 9360
f 9359 9010 1317
f 1552 9007 9362
f 9361 9006 1286
f 9364 9004 1568
f 1270 9003 9363
f 9366 9002 1536
f 1301 9001 9365
f 9368 9000 1504
f 1333 8999 9367
f 9370 8998 1472
f 1366 8997 9369
f 9372 8996 1440
f 1397 8995 9371
f 1429 8994 9374
f 9373 8993 1407
f 1461 8992 9376
f 9375 8991 1375
f 1493 8990 9378
f 9377 8989 1344
f 1526 8988 9380
f 9379 8987 1311
f 1557 8986 9382
f 9381 8985 1280
f 8489 9342 9421
f 8978 9345 9420
f 9420 9345 8490
f 9419 9344 8977
f 8491 9344 9419
f 8982 9347 9418
f 9418 9347 8492
f 9417 9346 8981
f 8493 9346 9417
f 9416 9349 8984
f 8496 9349 9416
f 8983 9348 9415
f 9415 9348 8497
f 9414 9351 8980
f 8498 9351 9414
f 8979 9350 9413
f 9413 9350 8499
f 9412 9353 8976
f 8500 9353 9412
f 8975 9352 9411
f 9411 9352 8501
f 9410 9355 8972
f 8502 9355 9410
f 8971 9354 9409
f 9187 8777 8620
f 8619 8776 9186
f 9185 8779 8618
f 8617 8778 9184
f 9183 8781 8616
f 8615 8780 9182
f 9181 8783 8614
f 8613 8782 9180
f 9175 8785 8612
f 8611 8784 9174
f 8610 8787 9171
f 9170 8786 8609
f 8608 8789 9167
f 9166 8788 8607
f 8606 8791 9161
f 9160 8790 8605
f 9135 8797 8600
f 8599 8796 9134
f 8604 8793 9157
f 9156 8792 8603
f 9131 8799 8598
f 8597 8798 9130
f 8801 9127 9384
f 9127 8801 8596
f 9384 9127 1490
f 9383 9126 8800
f 8595 8800 9126
f 1348 9126 9383
f 8602 8795 9153
f 9152 8794 8601
f 8803 9123 9386
f 9123 8803 8594
f 9386 9123 1458
f 9385 9122 8802
f 8593 8802 9122
f 1379 9122 9385
f 8805 9121 9387
f 9121 8805 8592
f 9387 9121 1425
f 9388 9120 8804
f 8591 8804 9120
f 1411 9120 9388
f 9390 9119 8807
f 8590 8807 9119
f 1444 9119 9390
f 8806 9118 9389
f 9118 8806 8589
f 9389 9118 1394
f 9394 9117 8809
f 8588 8809 9117
f 1475 9117 9394
f 8808 9116 9393
f 9116 8808 8587
f 9393 9116 1362
f 9396 9115 8811
f 8586 8811 9115
f 1507 9115 9396
f 8810 9114 9395
f 9114 8810 8585
f 9395 9114 1329
f 9398 9113 8813
f 8584 8813 9113
f 1539 9113 9398
f 8812 9112 9397
f 9112 8812 8583
f 9397 9112 1297
f 8815 9109 9400
f 9109 8815 8580
f 9400 9109 1548
f 9399 9108 8814
f 8579 8814 9108
f 1290 9108 9399
f 8817 9105 9402
f 9105 8817 8578
f 9402 9105 1516
f 9401 9104 8816
f 8577 8816 9104
f 1321 9104 9401
f 8819 9101 9404
f 9101 8819 8576
f 9404 9101 1483
f 9403 9100 8818
f 8575 8818 9100
f 1353 9100 9403
f 8821 9097 9406
f 9097 8821 8574
f 9406 9097 1452
f 9405 9096 8820
f 8573 8820 9096
f 1386 9096 9405
f 9407 9093 8822
f 8572 8822 9093
f 1418 9093 9407
f 9071 8380 8582
f 8340 8380 9071
f 8581 8379 9070
f 9070 8379 8339
f 8620 8342 9028
f 9027 8341 8619
f 8618 8344 9030
f 9029 8343 8617
f 8616 8346 9034
f 9033 8345 8615
f 8614 8348 9036
f 9035 8347 8613
f 8612 8350 9040
f 9039 8349 8611
f 9043 8352 8610
f 8609 8351 9042
f 9045 8354 8608
f 8607 8353 9044
f 9047 8356 8606
f 8605 8355 9046
f 9049 8358 8604
f 8603 8357 9048
f 8600 8362 9053
f 9052 8361 8599
f 9051 8360 8602
f 8601 8359 9050
f 8598 8364 9055
f 9054 8363 8597
f 8596 8366 9057
f 9056 8365 8595
f 8594 8368 9059
f 9058 8367 8593
f 8592 8370 9061
f 9060 8369 8591
f 9063 8372 8590
f 8589 8371 9062
f 9065 8374 8588
f 8587 8373 9064
f 9067 8376 8586
f 8585 8375 9066
f 9069 8378 8584
f 8583 8377 9068
f 8580 8382 9073
f 9072 8381 8579
f 8578 8384 9075
f 9074 8383 8577
f 8576 8386 9077
f 9076 8385 8575
f 8574 8388 9079
f 9078 8387 8573
f 9080 8389 8572
f 9409 9354 8503
f 8968 9356 9408
f 9408 9356 8504
f 9494 9260 1597
f 1782 9259 9493
f 9496 9256 1620
f 1760 9255 9495
f 9498 9252 1641
f 1737 9251 9497
f 9500 9248 1663
f 1715 9247 9499
f 1693 9243 9502
f 9501 9244 1686
f 1671 9240 9504
f 9503 9239 1707
f 1650 9236 9508
f 9507 9235 1730
f 1627 9232 9512
f 9511 9231 1751
f 1606 9228 9514
f 9453 8466 8540
f 8540 8301 9453
f 8541 8467 9452
f 9452 8300 8541
f 9449 8468 8538
f 8538 8303 9449
f 8539 8469 9448
f 9448 8302 8539
f 9445 8470 8536
f 8536 8305 9445
f 8537 8471 9444
f 9444 8304 8537
f 9441 8472 8534
f 8534 8307 9441
f 8535 8473 9440
f 9440 8306 8535
f 9436 8474 8532
f 8532 8309 9436
f 8533 8475 9435
f 9435 8308 8533
f 8530 8476 9434
f 9434 8311 8530
f 9433 8477 8531
f 8531 8310 9433
f 8528 8478 9432
f 9432 8313 8528
f 9431 8479 8529
f 8529 8312 9431
f 8526 8480 9430
f 9430 8315 8526
f 9429 8481 8527
f 8527 8314 9429
f 8524 8482 9428
f 9428 8317 8524
f 9427 8483 8525
f 8525 8316 9427
f 8522 8484 9426
f 9426 8319 8522
f 9425 8485 8523
f 8523 8318 9425
f 9424 8486 8520
f 8520 8321 9424
f 8521 8487 9423
f 9423 8320 8521
f 9422 8488 8518
f 8518 8323 9422
f 8519 8489 9421
f 9421 8322 8519
f 9420 8490 8516
f 8516 8325 9420
f 8517 8491 9419
f 9419 8324 8517
f 9418 8492 8514
f 8514 8327 9418
f 8515 8493 9417
f 9417 8326 8515
f 8512 8496 9416
f 9416 8331 8512
f 9415 8497 8513
f 8513 8330 9415
f 8510 8498 9414
f 9414 8333 8510
f 9413 8499 8511
f 8511 8332 9413
f 8508 8500 9412
f 9412 8335 8508
f 9411 8501 8509
f 8509 8334 9411
f 8506 8502 9410
f 9410 8337 8506
f 9409 8503 8507
f 8507 8336 9409
f 9408 8504 8505
f 8505 8338 9408
f 9513 9227 1774
f 9510 9226 1601
f 1777 9225 9509
f 9506 9224 1624
f 1756 9223 9505
f 9480 9222 1646
f 1734 9221 9479
f 9478 9220 1667
f 1711 9219 9477
f 9476 9218 1689
f 1686 9296 9501
f 1663 9294 9500
f 9499 9293 1715
f 9508 9300 1650
f 1730 9299 9507
f 1641 9292 9498
f 9497 9291 1737
f 9504 9298 1671
f 1707 9297 9503
f 1620 9290 9496
f 9495 9289 1760
f 9502 9295 1693
f 1597 9288 9494
f 9493 9287 1782
f 9492 9286 1588
f 1792 9285 9491
f 1624 9308 9506
f 9505 9307 1756
f 1601 9306 9510
f 9509 9305 1777
f 9514 9304 1606
f 1774 9303 9513
f 9512 9302 1627
f 1751 9301 9511
f 8629 9327 9199
f 9199 9327 8409
f 9198 9326 8630
f 8408 9326 9198
f 8627 9324 9201
f 9201 9324 8407
f 9200 9323 8628
f 8406 9323 9200
f 8625 9320 9203
f 9203 9320 8405
f 9202 9319 8626
f 8404 9319 9202
f 8623 9316 9205
f 9205 9316 8403
f 9204 9315 8624
f 8402 9315 9204
f 8621 9312 9207
f 9207 9312 8401
f 9206 9311 8622
f 8400 9311 9206
f 9242 1657 1660
f 8558 8831 9241
f 1719 1721 9241
f 9240 1671 1673
f 9392 8937 8824
f 1584 8937 9392
f 8823 8936 9391
f 9391 8936 1796
f 1793 1796 9265
f 9266 1584 1585
f 1706 1707 9239
f 9238 8830 8557
f 9138 9041 8718
f 1422 9041 9138
f 8720 9038 9137
f 9137 9038 1448
f 9136 9037 8719
f 1390 9037 9136
f 8722 9032 9133
f 9133 9032 1479
f 9132 9031 8721
f 1358 9031 9132
f 8724 9026 9129
f 9129 9026 1512
f 9128 9025 8723
f 1325 9025 9128
f 8726 9024 9125
f 9125 9024 1543
f 9124 9023 8725
f 1293 9023 9124
f 8708 9111 9149
f 9149 9111 1569
f 9148 9110 8707
f 1268 9110 9148
f 9541 8775 8690
f 9541 9053 8935
f 8935 8775 9541
f 8690 9053 9541
f 8689 8774 9540
f 8934 9052 9540
f 9540 8774 8934
f 9540 9052 8689
f 9539 8773 8692
f 9539 9055 8933
f 8933 8773 9539
f 8692 9055 9539
f 8691 8772 9538
f 8932 9054 9538
f 9538 8772 8932
f 9538 9054 8691
f 9537 8771 8694
f 9537 9057 8930
f 8930 8771 9537
f 8694 9057 9537
f 8693 8770 9536
f 8929 9056 9536
f 9536 8770 8929
f 9536 9056 8693
f 9535 8769 8696
f 9535 9059 8926
f 8926 8769 9535
f 8696 9059 9535
f 8695 8768 9534
f 8925 9058 9534
f 9534 8768 8925
f 9534 9058 8695
f 9533 8767 8698
f 9533 9061 8922
f 8922 8767 9533
f 8698 9061 9533
f 8697 8766 9532
f 8921 9060 9532
f 9532 8766 8921
f 9532 9060 8697
f 8700 8765 9531
f 8918 9063 9531
f 9531 8765 8918
f 9531 9063 8700
f 9530 8764 8699
f 9530 9062 8917
f 8917 8764 9530
f 8699 9062 9530
f 8702 8763 9529
f 8914 9065 9529
f 9529 8763 8914
f 9529 9065 8702
f 9528 8762 8701
f 9528 9064 8913
f 8913 8762 9528
f 8701 9064 9528
f 8704 8761 9527
f 8912 9067 9527
f 9527 8761 8912
f 9527 9067 8704
f 9526 8760 8703
f 9526 9066 8911
f 8911 8760 9526
f 8703 9066 9526
f 8706 8759 9525
f 8910 9069 9525
f 9525 8759 8910
f 9525 9069 8706
f 9524 8758 8705
f 9524 9068 8909
f 8909 8758 9524
f 8705 9068 9524
f 9523 8755 8710
f 9523 9073 8902
f 8902 8755 9523
f 8710 9073 9523
f 8709 8754 9522
f 8901 9072 9522
f 9522 8754 8901
f 9522 9072 8709
f 9521 8753 8712
f 9521 9075 8898
f 8898 8753 9521
f 8712 9075 9521
f 8711 8752 9520
f 8897 9074 9520
f 9520 8752 8897
f 9207 9209 8570
f 8571 9208 9206
f 9520 9074 8711
f 9519 8751 8714
f 9205 9211 8568
f 8569 9210 9204
f 9203 9213 8566
f 8567 9212 9202
f 9519 9077 8894
f 8894 8751 9519
f 9201 9215 8564
f 8565 9214 9200
f 8637 8544 9563
f 9337 8482 9563
f 8714 9077 9519
f 8713 8750 9518
f 8893 9076 9518
f 9518 8750 8893
f 9518 9076 8713
f 9517 8749 8716
f 9517 9079 8891
f 8891 8749 9517
f 8716 9079 9517
f 8715 8748 9516
f 9238 1636 1637
f 8556 8829 9237
f 9462 8370 8747
f 1741 1743 9237
f 9236 1650 1651
f 8745 8372 9461
f 9460 8371 8744
f 1728 1730 9235
f 8743 8374 9459
f 9458 8373 8742
f 8741 8376 9457
f 9456 8375 8740
f 8739 8378 9455
f 9454 8377 8738
f 9451 8382 8737
f 8736 8381 9450
f 9447 8384 8735
f 8734 8383 9446
f 9443 8386 8733
f 8732 8385 9442
f 9439 8388 8731
f 8730 8387 9438
f 8729 8389 9437
f 9234 8828 8555
f 1783 1786 9267
f 9268 1593 1595
f 1762 1763 9269
f 9270 1615 1618
f 1740 1741 9271
f 9272 1637 1639
f 1718 1719 9273
f 9274 1660 1661
f 1695 1697 9275
f 9276 1682 1684
f 9277 1703 1706
f 1673 1675 9278
f 9279 1726 1728
f 1651 1653 9280
f 9281 1747 1749
f 8563 9092 8883
f 8883 9092 1592
f 8882 9091 8562
f 1788 9091 8882
f 8890 9078 9516
f 9516 8748 8890
f 9516 9078 8715
f 8717 8746 9515
f 8889 9080 9515
f 9515 8746 8889
f 9515 9080 8717
f 10 1584 9392
f 9490 9216 8457
f 9391 1796 10
f 8938 9216 9490
f 8456 9217 9489
f 9489 9217 8939
f 9488 9214 8459
f 8940 9214 9488
f 8458 9215 9487
f 9487 9215 8941
f 9486 9212 8461
f 8942 9212 9486
f 8460 9213 9485
f 9485 9213 8943
f 9484 9210 8463
f 8944 9210 9484
f 8462 9211 9483
f 9483 9211 8945
f 8464 9209 9482
f 9482 9209 8947
f 9481 9208 8465
f 8946 9208 9481
f 8708 8757 9475
f 8906 9071 9475
f 9475 8757 8906
f 9475 9071 8708
f 9474 8756 8707
f 9474 9070 8905
f 8905 8756 9474
f 8707 9070 9474
f 8908 8737 9473
f 9473 8737 8726
f 9472 8736 8907
f 8725 8736 9472
f 8904 8735 9471
f 9471 8735 8724
f 9470 8734 8903
f 8723 8734 9470
f 8900 8733 9469
f 9469 8733 8722
f 9468 8732 8899
f 8721 8732 9468
f 8896 8731 9467
f 9467 8731 8720
f 9466 8730 8895
f 8719 8730 9466
f 9465 8747 8718
f 1629 1631 9282
f 9465 8892 8931
f 8931 8747 9465
f 8318 8438 8889
f 9283 1769 1771
f 8316 8436 8890
f 8891 8437 8317
f 8825 8552 8456
f 8456 8550 8825
f 8338 8439 8892
f 8314 8434 8893
f 8457 8553 8826
f 8826 8551 8457
f 8894 8435 8315
f 8336 8440 8895
f 8827 8554 8458
f 8458 8548 8827
f 8896 8441 8337
f 9464 1578 1577
f 8459 8555 8828
f 8828 8549 8459
f 1577 1578 9463
f 8312 8432 8897
f 8829 8556 8460
f 8460 8546 8829
f 8898 8433 8313
f 8334 8442 8899
f 8461 8557 8830
f 8830 8547 8461
f 8900 8443 8335
f 8310 8430 8901
f 8831 8558 8462
f 8462 8544 8831
f 8902 8431 8311
f 8332 8444 8903
f 8463 8559 8832
f 8832 8545 8463
f 8904 8445 8333
f 8905 8428 8308
f 8833 8560 8464
f 8464 8542 8833
f 8309 8429 8906
f 8330 8446 8907
f 8465 8561 8834
f 8834 8543 8465
f 8908 8447 8331
f 8909 8426 8306
f 8307 8427 8910
f 8835 8540 8466
f 8911 8424 8304
f 8305 8425 8912
f 8913 8422 8302
f 8467 8541 8836
f 8303 8423 8914
f 8915 8446 8326
f 8327 8447 8916
f 8837 8538 8468
f 8917 8420 8300
f 8301 8421 8918
f 8919 8444 8324
f 8469 8539 8838
f 8325 8445 8920
f 8298 8418 8921
f 8922 8419 8299
f 8839 8536 8470
f 8923 8442 8322
f 8323 8443 8924
f 8296 8416 8925
f 8471 8537 8840
f 8926 8417 8297
f 8927 8440 8320
f 8321 8441 8928
f 8841 8534 8472
f 8294 8414 8929
f 8930 8415 8295
f 8931 8439 8319
f 8473 8535 8842
f 8292 8412 8932
f 8933 8413 8293
f 8290 8410 8934
f 8843 8532 8474
f 8935 8411 8291
f 8985 1282 1280
f 1557 1556 8986
f 8475 8533 8844
f 8987 1313 1311
f 1526 1523 8988
f 8989 1346 1344
f 8476 8530 8845
f 1493 1491 8990
f 8991 1378 1375
f 1461 1459 8992
f 8846 8531 8477
f 8993 1409 1407
f 1429 1427 8994
f 1397 1396 8995
f 8478 8528 8847
f 8996 1442 1440
f 1366 1364 8997
f 8998 1474 1472
f 8848 8529 8479
f 1333 1332 8999
f 9000 1505 1504
f 1301 1299 9001
f 8480 8526 8849
f 9002 1537 1536
f 1270 1268 9003
f 9004 1569 1568
f 8850 8527 8481
f 1423 1422 9005
f 9006 1288 1286
f 1552 1549 9007
f 8482 8524 8851
f 1392 1390 9008
f 9009 1448 1445
f 9010 1320 1317
f 8852 8525 8483
f 9392 1575 10
f 10 1575 9391
f 1520 1518 9011
f 8484 8522 8853
f 1472 1470 9370
f 9369 1368 1366
f 1360 1358 9012
f 8854 8523 8485
f 1504 1501 9368
f 9367 1335 1333
f 9013 1479 1478
f 8855 8520 8486
f 1536 1534 9366
f 9365 1303 1301
f 9014 1351 1350
f 8487 8521 8856
f 1568 1566 9364
f 9363 1272 1270
f 1487 1486 9015
f 8857 8518 8488
f 9362 1553 1552
f 1286 1284 9361
f 1328 1325 9016
f 8489 8519 8858
f 9360 1522 1520
f 1317 1315 9359
f 9017 1512 1510
f 8859 8516 8490
f 9358 8873 1574
f 1574 1572 9358
f 9018 1384 1382
f 8491 8517 8860
f 1264 8872 9357
f 9357 1266 1264
f 1455 1454 9019
f 8861 8514 8492
f 9329 8340 8429
f 8428 8339 9328
f 1295 1293 9020
f 8493 8515 8862
f 9325 8319 8439
f 8441 8321 9322
f 9021 1543 1541
f 8496 8512 8863
f 9321 8320 8440
f 8443 8323 9318
f 9022 1415 1413
f 8864 8513 8497
f 9317 8322 8442
f 8445 8325 9314
f 9023 1293 1292
f 8498 8510 8865
f 9313 8324 8444
f 8447 8327 9310
f 1546 1543 9024
f 8866 8511 8499
f 9309 8326 8446
f 9025 1325 1324
f 1514 1512 9026
f 8500 8508 8867
f 9031 1358 1356
f 1481 1479 9032
f 9037 1390 1388
f 8868 8509 8501
f 1449 1448 9038
f 9041 1422 1420
f 8339 8428 9070
f 8502 8506 8869
f 9071 8429 8340
f 9563 8544 9337
f 9563 8482 8637
f 8870 8507 8503
f 8639 8542 9562
f 9339 8484 9562
f 9562 8542 9339
f 8871 8505 8504
f 9562 8484 8639
f 9561 8543 8640
f 9561 8485 9338
f 1404 1402 9089
f 9090 1435 1434
f 9091 1788 1789
f 1590 1592 9092
f 1418 1415 9093
f 1371 1369 9094
f 9095 1468 1465
f 1386 1384 9096
f 9097 1454 1452
f 1340 1338 9098
f 9099 1500 1498
f 1353 1351 9100
f 9101 1486 1483
f 1307 1305 9102
f 9103 1531 1529
f 1321 1320 9104
f 9105 1518 1516
f 1276 1274 9106
f 9107 1563 1561
f 1290 1288 9108
f 9109 1549 1548
f 9110 1268 1266
f 1572 1569 9111
f 9112 1299 1297
f 1539 1537 9113
f 9114 1332 1329
f 1507 1505 9115
f 9116 1364 1362
f 1475 1474 9117
f 9118 1396 1394
f 1444 1442 9119
f 1411 1409 9120
f 9121 1427 1425
f 1379 1378 9122
f 9123 1459 1458
f 9124 9020 1293
f 1543 9021 9125
f 1348 1346 9126
f 9127 1491 1490
f 9128 9016 1325
f 1512 9017 9129
f 1315 1313 9130
f 9131 1523 1522
f 9132 9012 1358
f 1479 9013 9133
f 1284 1282 9134
f 9135 1556 1553
f 9136 9008 1390
f 1448 9009 9137
f 9138 9005 1422
f 1415 9022 9139
f 1384 9018 9140
f 9141 9019 1454
f 1351 9014 9142
f 9143 9015 1486
f 1320 9010 9144
f 9145 9011 1518
f 1288 9006 9146
f 9147 9007 1549
f 9148 9003 1268
f 1569 9004 9149
f 9150 9001 1299
f 1537 9002 9151
f 9152 1274 1272
f 1566 1563 9153
f 9154 8999 1332
f 1505 9000 9155
f 9156 1305 1303
f 1534 1531 9157
f 9158 8997 1364
f 1474 8998 9159
f 9160 1338 1335
f 1501 1500 9161
f 9162 8995 1396
f 1442 8996 9163
f 1409 8993 9164
f 9165 8994 1427
f 9166 1369 1368
f 1470 1468 9167
f 1378 8991 9168
f 9169 8992 1459
f 9170 1402 1400
f 1438 1435 9171
f 1346 8989 9172
f 9173 8990 1491
f 1406 1404 9174
f 9175 1434 1431
f 1313 8987 9176
f 9177 8988 1523
f 1282 8985 9178
f 9179 8986 1556
f 1374 1371 9180
f 9181 1465 1463
f 1342 1340 9182
f 9183 1498 1495
f 1310 1307 9184
f 9185 1529 1528
f 1278 1276 9186
f 9187 1561 1560
f 1687 1689 9218
f 9219 1711 1713
f 1665 1667 9220
f 9221 1734 1736
f 1643 1646 9222
f 9223 1756 1758
f 1622 1624 9224
f 9225 1777 1779
f 1600 1601 9226
f 1771 1774 9227
f 9228 1606 1608
f 1786 1788 9229
f 8552 8825 9229
f 9230 1592 1593
f 9230 8826 8553
f 1749 1751 9231
f 9232 1627 1629
f 9308 1624 1625
f 1754 1756 9307
f 1763 1766 9233
f 8554 8827 9233
f 9306 1601 1603
f 1776 1777 9305
f 9234 1614 1615
f 1603 1606 9304
f 9303 1774 1776
f 1625 1627 9302
f 9301 1751 1754
f 1647 1650 9300
f 9338 8543 9561
f 8640 8485 9561
f 9560 8494 8329
f 9560 9463 8449
f 8449 8494 9560
f 8329 9463 9560
f 8328 8495 9559
f 8448 9464 9559
f 9559 8495 8448
f 9559 9464 8328
f 8642 8541 9558
f 9340 8487 9558
f 9558 8541 9340
f 9558 8487 8642
f 9557 8540 8641
f 9557 8486 9341
f 9341 8540 9557
f 8641 8486 9557
f 8644 8539 9556
f 9342 8489 9556
f 9556 8539 9342
f 9556 8489 8644
f 9555 8538 8643
f 9555 8488 9343
f 9343 8538 9555
f 8643 8488 9555
f 8646 8537 9554
f 9344 8491 9554
f 9554 8537 9344
f 9554 8491 8646
f 9553 8536 8645
f 9553 8490 9345
f 8660 8504 9542
f 9356 8523 9542
f 9542 8504 9356
f 9542 8523 8660
f 9543 8502 8657
f 9543 8524 9355
f 9355 8502 9543
f 8657 8524 9543
f 8658 8503 9544
f 9354 8525 9544
f 9544 8503 9354
f 9544 8525 8658
f 9545 8500 8655
f 9545 8526 9353
f 9353 8500 9545
f 8655 8526 9545
f 8656 8501 9546
f 9352 8527 9546
f 9546 8501 9352
f 9546 8527 8656
f 9547 8498 8653
f 9547 8528 9351
f 9351 8498 9547
f 8653 8528 9547
f 8654 8499 9548
f 9350 8529 9548
f 9548 8499 9350
f 9548 8529 8654
f 9549 8496 8651
f 9549 8530 9349
f 9349 8496 9549
f 8651 8530 9549
f 8652 8497 9550
f 9348 8531 9550
f 9550 8497 9348
f 9550 8531 8652
f 8647 8492 9551
f 9347 8534 9551
f 9551 8492 9347
f 9551 8534 8647
f 9552 8493 8648
f 9552 8535 9346
f 9346 8493 9552
f 8648 8535 9552
f 8645 8490 9553
f 9345 8536 9553
f 10325 9975 9958
f 9706 9704 1803
f 1802 1803 9704
f 9959 1800 10399
f 1803 9703 9705
f 9703 1803 1802
f 1804 9 9706
f 9706 9 1795
f 9705 9 1804
f 1803 1804 9706
f 1583 9 9705
f 9958 9975 10398
f 9705 1804 1803
f 9604 10398 9975
f 9959 9974 10324
f 10398 1800 9958
f 10399 9974 9959
f 9974 10399 9581
f 10288 10163 9803
f 1797 10372 9957
f 9702 1802 9704
f 1801 1802 9702
f 9703 1802 9701
f 9701 1802 1801
f 12 1806 10372
f 10372 1797 12
f 9959 1801 1800
f 9803 9757 10288
f 9701 1801 9959
f 1800 1801 9958
f 1815 10163 10288
f 9958 1801 9702
f 10286 10161 9801
f 9956 10371 1797
f 12 1797 10371
f 10371 1969 12
f 9652 10011 10034
f 9973 9955 9710
f 9801 9755 10286
f 1830 10161 10286
f 10284 10159 9799
f 9928 10011 9652
f 9709 9932 9972
f 9799 9753 10284
f 1843 10159 10284
f 10282 10157 9797
f 9797 9751 10282
f 10370 10219 9699
f 10370 9699 9700
f 10264 9700 9699
f 1858 10157 10282
f 10369 10218 9697
f 10369 9697 9698
f 10263 9698 9697
f 10280 10155 9795
f 10368 10217 9695
f 10368 9695 9696
f 10262 9696 9695
f 9795 9749 10280
f 10367 10216 9693
f 10367 9693 9694
f 10261 9694 9693
f 1872 10155 10280
f 10366 10215 9691
f 10366 9691 9692
f 10260 9692 9691
f 10278 10153 9793
f 9793 9747 10278
f 10365 10214 9689
f 10365 9689 9690
f 10259 9690 9689
f 1885 10153 10278
f 10276 10151 9791
f 10364 10213 9687
f 10364 9687 9688
f 10258 9688 9687
f 9791 9745 10276
f 10363 10212 9685
f 10363 9685 9686
f 10257 9686 9685
f 1900 10151 10276
f 10362 10211 9683
f 10362 9683 9684
f 10256 9684 9683
f 10274 10149 9789
f 10361 10210 9681
f 10361 9681 9682
f 9954 9825 9653
f 10255 9682 9681
f 9789 9743 10274
f 10360 10209 9679
f 9652 9824 9953
f 10360 9679 9680
f 10254 9680 9679
f 1913 10149 10274
f 9952 9823 9651
f 10359 10208 9677
f 10359 9677 9678
f 10253 9678 9677
f 9650 9822 9951
f 10272 10147 9787
f 9787 9741 10272
f 1927 10147 10272
f 9950 9821 9649
f 10270 10145 9785
f 9785 9739 10270
f 1942 10145 10270
f 9648 9820 9949
f 10268 10143 9783
f 9783 9737 10268
f 1955 10143 10268
f 9948 9819 9647
f 9802 10162 10287
f 10287 9756 9802
f 10287 10162 1819
f 9646 9818 9947
f 9800 10160 10285
f 10285 9754 9800
f 10285 10160 1833
f 9946 9817 9645
f 9798 10158 10283
f 10283 9752 9798
f 10283 10158 1848
f 9644 9816 9945
f 9796 10156 10281
f 10281 9750 9796
f 10281 10156 1862
f 9944 9815 9643
f 9794 10154 10279
f 10279 9748 9794
f 10279 10154 1876
f 9642 9814 9943
f 9792 10152 10277
f 10277 9746 9792
f 10277 10152 1889
f 9942 9813 9641
f 9790 10150 10275
f 10275 9744 9790
f 10081 9676 10035
f 9640 9812 9941
f 10035 9653 10081
f 10275 10150 1903
f 10034 9675 10080
f 9940 9811 9639
f 10080 9652 10034
f 9788 10148 10273
f 10079 9674 10033
f 9638 9810 9939
f 10033 9651 10079
f 10273 9742 9788
f 10032 9673 10078
f 9938 9809 9637
f 10078 9650 10032
f 10273 10148 1917
f 10077 9672 10031
f 9636 9808 9937
f 10031 9649 10077
f 9786 10146 10271
f 10030 9671 10076
f 9936 9807 9635
f 10076 9648 10030
f 10271 9740 9786
f 10075 9670 10029
f 9634 9806 9935
f 10029 9647 10075
f 10271 10146 1932
f 10028 9669 10074
f 9934 9805 9633
f 10074 9646 10028
f 9784 10144 10269
f 10073 9668 10027
f 9632 9804 9933
f 10027 9645 10073
f 10269 9738 9784
f 10026 9667 10072
f 10072 9644 10026
f 10269 10144 1946
f 10071 9666 10025
f 10025 9643 10071
f 9782 10142 10267
f 10024 9665 10070
f 10070 9642 10024
f 10267 9736 9782
f 10069 9664 10023
f 10023 9641 10069
f 10267 10142 1959
f 10022 9663 10068
f 10068 9640 10022
f 10357 10230 9846
f 10067 9662 10021
f 10021 9639 10067
f 9602 10230 10357
f 10020 9661 10066
f 10066 9638 10020
f 9781 9846 10230
f 10065 9660 10019
f 10019 9637 10065
f 10355 10229 9844
f 10018 9659 10064
f 10064 9636 10018
f 9600 10229 10355
f 10063 9658 10017
f 10017 9635 10063
f 9780 9844 10229
f 10016 9657 10062
f 10062 9634 10016
f 10353 10228 9842
f 10061 9656 10015
f 10015 9633 10061
f 9598 10228 10353
f 10014 9655 10060
f 10060 9632 10014
f 9779 9842 10228
f 10351 10227 9840
f 9603 9602 10336
f 9602 9603 10230
f 9596 10227 10351
f 9778 9840 10227
f 9601 9600 10335
f 9600 9601 10229
f 10349 10226 9838
f 9594 10226 10349
f 9599 9598 10334
f 9598 9599 10228
f 9777 9838 10226
f 10347 10225 9836
f 9597 9596 10333
f 9596 9597 10227
f 9592 10225 10347
f 9776 9836 10225
f 9595 9594 10332
f 9594 9595 10226
f 10345 10224 9834
f 9590 10224 10345
f 9593 9592 10331
f 9592 9593 10225
f 9775 9834 10224
f 10343 10223 9832
f 9591 9590 10330
f 9590 9591 10224
f 9588 10223 10343
f 9774 9832 10223
f 9589 9588 10329
f 9588 9589 10223
f 10341 10222 9830
f 9586 10222 10341
f 9587 9586 10328
f 9586 9587 10222
f 9773 9830 10222
f 10339 10221 9828
f 9585 9584 10327
f 9584 9585 10221
f 9584 10221 10339
f 9772 9828 10221
f 9583 9582 10326
f 9582 9583 10220
f 10337 10220 9826
f 9582 10220 10337
f 9771 9826 10220
f 10311 9971 9870
f 9954 10104 10396
f 10396 10104 1785
f 1785 1784 10396
f 10395 10103 9953
f 1773 10103 10395
f 10395 1775 1773
f 9952 10102 10394
f 10394 10102 1768
f 1768 1765 10394
f 10393 10101 9951
f 1755 10101 10393
f 10393 1757 1755
f 9950 10100 10392
f 10392 10100 1750
f 1750 1748 10392
f 10391 10099 9949
f 1738 10099 10391
f 10391 1739 1738
f 9948 10098 10390
f 10390 10098 1731
f 1731 1729 10390
f 10389 10097 9947
f 1720 10097 10389
f 10389 1722 1720
f 9946 10096 10388
f 10388 10096 1714
f 1714 1712 10388
f 10387 10095 9945
f 1702 10095 10387
f 10387 1704 1702
f 9944 10094 10386
f 10386 10094 1696
f 1696 1694 10386
f 10385 10093 9943
f 1683 10093 10385
f 10385 1685 1683
f 9942 10092 10384
f 10384 10092 1678
f 1678 1676 10384
f 10383 10091 9941
f 1666 10091 10383
f 10383 1668 1666
f 9940 10090 10382
f 10382 10090 1659
f 1659 1658 10382
f 10381 10089 9939
f 1648 10089 10381
f 10381 1649 1648
f 9938 10088 10380
f 10380 10088 1642
f 1642 1640 10380
f 10379 10087 9937
f 1630 10087 10379
f 10379 1632 1630
f 9936 10086 10378
f 10378 10086 1623
f 1623 1621 10378
f 10377 10085 9935
f 1611 10085 10377
f 10377 1613 1611
f 9934 10084 10376
f 10376 10084 1605
f 1605 1604 10376
f 10375 10083 9933
f 1594 10083 10375
f 10375 1596 1594
f 9781 10185 10184
f 9733 9870 9971
f 10184 10185 1780
f 9780 10183 10182
f 10309 9970 9868
f 10182 10183 1761
f 9779 10181 10180
f 9731 9868 9970
f 10180 10181 1744
f 9778 10179 10178
f 10307 9969 9866
f 10178 10179 1725
f 9777 10177 10176
f 9729 9866 9969
f 10176 10177 1708
f 9776 10175 10174
f 10305 9968 9864
f 10174 10175 1690
f 9775 10173 10172
f 9727 9864 9968
f 10172 10173 1672
f 9774 10171 10170
f 10303 9967 9862
f 10170 10171 1654
f 9773 10169 10168
f 9725 9862 9967
f 10168 10169 1635
f 9772 10167 10166
f 10301 9966 9860
f 10166 10167 1617
f 9771 10165 10164
f 9723 9860 9966
f 10164 10165 1599
f 10117 10141 9894
f 1787 10141 10117
f 10116 10140 9892
f 1770 10140 10116
f 10115 10139 9890
f 1752 10139 10115
f 10114 10138 9888
f 1733 10138 10114
f 10113 10137 9886
f 1716 10137 10113
f 10112 10136 9884
f 1698 10136 10112
f 10111 10135 9882
f 1679 10135 10111
f 10110 10134 9880
f 1662 10134 10110
f 10109 10133 9878
f 1644 10133 10109
f 10108 10132 9876
f 1626 10132 10108
f 10107 10131 9874
f 1607 10131 10107
f 10106 10130 9872
f 1589 10130 10106
f 10299 9965 9858
f 9721 9858 9965
f 10012 10035 9627
f 10297 9964 9856
f 9650 10009 10032
f 9926 10009 9650
f 9626 10034 10011
f 9719 9856 9964
f 10295 9963 9854
f 9717 9854 9963
f 10010 10033 9625
f 10293 9962 9852
f 9648 10007 10030
f 9924 10007 9648
f 9624 10032 10009
f 9715 9852 9962
f 10291 9961 9850
f 9713 9850 9961
f 10008 10031 9623
f 9770 9734 9758
f 9646 10005 10028
f 9922 10005 9646
f 9622 10030 10007
f 9758 9734 9708
f 9769 10287 10310
f 10287 9769 9756
f 10006 10029 9621
f 9769 9732 9756
f 9644 10003 10026
f 9920 10003 9644
f 9620 10028 10005
f 9768 10285 10308
f 10285 9768 9754
f 9768 9730 9754
f 10004 10027 9619
f 9767 10283 10306
f 9642 10001 10024
f 9918 10001 9642
f 9618 10026 10003
f 10283 9767 9752
f 9767 9728 9752
f 9766 10281 10304
f 10002 10025 9617
f 10281 9766 9750
f 9640 9999 10022
f 9916 9999 9640
f 9616 10024 10001
f 9766 9726 9750
f 9765 10279 10302
f 10279 9765 9748
f 10000 10023 9615
f 9765 9724 9748
f 9638 9997 10020
f 9914 9997 9638
f 9614 10022 9999
f 9764 10277 10300
f 10277 9764 9746
f 9764 9722 9746
f 9998 10021 9613
f 9763 10275 10298
f 9636 9995 10018
f 9912 9995 9636
f 9612 10020 9997
f 10275 9763 9744
f 9763 9720 9744
f 9762 10273 10296
f 9996 10019 9611
f 10273 9762 9742
f 9634 9993 10016
f 9910 9993 9634
f 9610 10018 9995
f 9762 9718 9742
f 9761 10271 10294
f 10271 9761 9740
f 9994 10017 9609
f 9761 9716 9740
f 9632 9991 10014
f 9908 9991 9632
f 9608 10016 9993
f 9760 10269 10292
f 10269 9760 9738
f 9760 9714 9738
f 9992 10015 9607
f 9759 10267 10290
f 9605 9708 9734
f 9605 10036 9708
f 9606 10014 9991
f 10267 9759 9736
f 9759 9712 9736
f 10037 9654 10013
f 10013 9654 9930
f 10230 9847 9781
f 10185 9781 9847
f 10229 9845 9780
f 10183 9780 9845
f 10228 9843 9779
f 10181 9779 9843
f 10227 9841 9778
f 10179 9778 9841
f 10226 9839 9777
f 10177 9777 9839
f 10225 9837 9776
f 10175 9776 9837
f 10224 9835 9775
f 10173 9775 9835
f 10223 9833 9774
f 10171 9774 9833
f 10222 9831 9773
f 10169 9773 9831
f 10221 9829 9772
f 10167 9772 9829
f 10220 9827 9771
f 10165 9771 9827
f 9756 9732 10039
f 9754 9730 10041
f 9752 9728 10043
f 9750 9726 10045
f 9748 9724 10047
f 9746 9722 10049
f 9744 9720 10051
f 9742 9718 10053
f 9740 9716 10055
f 9738 9714 10057
f 9736 9712 10059
f 10038 9733 9757
f 9757 9733 9971
f 10040 9731 9755
f 9755 9731 9970
f 10042 9729 9753
f 9753 9729 9969
f 10044 9727 9751
f 9751 9727 9968
f 10046 9725 9749
f 9749 9725 9967
f 10048 9723 9747
f 9747 9723 9966
f 10050 9721 9745
f 9745 9721 9965
f 10052 9719 9743
f 9743 9719 9964
f 10054 9717 9741
f 9741 9717 9963
f 10056 9715 9739
f 9739 9715 9962
f 10058 9713 9737
f 9737 9713 9961
f 10265 9956 9735
f 9604 9735 9956
f 9735 9604 9977
f 10289 9960 9848
f 9711 9848 9960
f 9971 10311 10288
f 10288 10311 1814
f 9970 10309 10286
f 10286 10309 1827
f 9969 10307 10284
f 10284 10307 1842
f 9968 10305 10282
f 10282 10305 1855
f 9967 10303 10280
f 10280 10303 1870
f 9966 10301 10278
f 10278 10301 1884
f 9965 10299 10276
f 10276 10299 1897
f 9964 10297 10274
f 10274 10297 1911
f 9963 10295 10272
f 10272 10295 1926
f 9962 10293 10270
f 10270 10293 1940
f 9961 10291 10268
f 10268 10291 1953
f 9702 10325 9958
f 9710 9704 9973
f 9702 9710 10325
f 9959 10324 9701
f 9704 9710 9702
f 9972 9703 9709
f 10402 9978 9770
f 9770 10266 10402
f 10266 9770 9758
f 10035 10012 9653
f 9653 10012 9929
f 9628 10037 10013
f 10033 10010 9651
f 10036 9990 10397
f 10397 9631 10036
f 9990 10036 9605
f 10324 9709 9701
f 9651 10010 9927
f 10031 10008 9649
f 9977 9975 9630
f 10325 9630 9975
f 9649 10008 9925
f 10029 10006 9647
f 9647 10006 9923
f 9629 9974 9976
f 9974 9629 10324
f 10027 10004 9645
f 9645 10004 9921
f 10025 10002 9643
f 9643 10002 9919
f 10023 10000 9641
f 10358 10081 9847
f 9847 10230 10358
f 9641 10000 9917
f 10021 9998 9639
f 9846 10080 10357
f 9639 9998 9915
f 9846 9781 10184
f 10019 9996 9637
f 10356 10079 9845
f 9845 10229 10356
f 9637 9996 9913
f 10017 9994 9635
f 9844 10078 10355
f 9635 9994 9911
f 9844 9780 10182
f 10015 9992 9633
f 10354 10077 9843
f 9843 10228 10354
f 9633 9992 9909
f 10129 10311 9870
f 9842 10076 10353
f 1812 10311 10129
f 9842 9779 10180
f 10128 10309 9868
f 10352 10075 9841
f 9841 10227 10352
f 1825 10309 10128
f 10127 10307 9866
f 9840 10074 10351
f 1839 10307 10127
f 9840 9778 10178
f 10126 10305 9864
f 10350 10073 9839
f 9839 10226 10350
f 1854 10305 10126
f 10125 10303 9862
f 9838 10072 10349
f 1868 10303 10125
f 9838 9777 10176
f 10124 10301 9860
f 10348 10071 9837
f 9837 10225 10348
f 1882 10301 10124
f 10123 10299 9858
f 9836 10070 10347
f 1895 10299 10123
f 9836 9776 10174
f 10122 10297 9856
f 10346 10069 9835
f 9835 10224 10346
f 1910 10297 10122
f 10121 10295 9854
f 9834 10068 10345
f 1923 10295 10121
f 9834 9775 10172
f 10120 10293 9852
f 10344 10067 9833
f 9833 10223 10344
f 1938 10293 10120
f 10119 10291 9850
f 9832 10066 10343
f 1952 10291 10119
f 9832 9774 10170
f 9956 10265 10371
f 10342 10065 9831
f 9831 10222 10342
f 10371 10265 1969
f 10372 10266 9957
f 9830 10064 10341
f 9931 9957 10266
f 9830 9773 10168
f 10266 9758 9931
f 10340 10063 9829
f 9829 10221 10340
f 1806 10266 10372
f 9803 9906 10231
f 9828 10062 10339
f 9906 9803 10163
f 9828 9772 10166
f 10232 9906 9802
f 10338 10061 9827
f 9827 10220 10338
f 10162 9802 9906
f 9801 9905 10233
f 9826 10060 10337
f 9905 9801 10161
f 9826 9771 10164
f 10234 9905 9800
f 10160 9800 9905
f 9799 9904 10235
f 9976 9931 9758
f 9904 9799 10159
f 10236 9904 9798
f 10158 9798 9904
f 10117 9894 9895
f 10219 9895 9894
f 10370 10013 9895
f 9895 10219 10370
f 10116 9892 9893
f 10218 9893 9892
f 10369 10011 9893
f 9893 10218 10369
f 10115 9890 9891
f 10217 9891 9890
f 10368 10009 9891
f 9891 10217 10368
f 10114 9888 9889
f 10216 9889 9888
f 10367 10007 9889
f 9889 10216 10367
f 10113 9886 9887
f 10215 9887 9886
f 10366 10005 9887
f 9887 10215 10366
f 10112 9884 9885
f 10214 9885 9884
f 10365 10003 9885
f 9885 10214 10365
f 10111 9882 9883
f 10213 9883 9882
f 10364 10001 9883
f 9883 10213 10364
f 10110 9880 9881
f 10212 9881 9880
f 10363 9999 9881
f 9881 10212 10363
f 10109 9878 9879
f 10211 9879 9878
f 10362 9997 9879
f 9879 10211 10362
f 10108 9876 9877
f 10210 9877 9876
f 10361 9995 9877
f 9877 10210 10361
f 10107 9874 9875
f 10209 9875 9874
f 10360 9993 9875
f 9875 10209 10360
f 10106 9872 9873
f 10208 9873 9872
f 10359 9991 9873
f 9873 10208 10359
f 10323 9734 9871
f 9770 9871 9734
f 9605 9734 10323
f 9711 10264 9848
f 9797 9903 10237
f 9628 10264 9711
f 9733 10253 9870
f 9903 9797 10157
f 9606 10253 9733
f 10312 9732 9869
f 9769 9869 9732
f 9607 9732 10312
f 9731 10254 9868
f 10238 9903 9796
f 9608 10254 9731
f 10313 9730 9867
f 9768 9867 9730
f 9609 9730 10313
f 9729 10255 9866
f 10156 9796 9903
f 9610 10255 9729
f 10314 9728 9865
f 9767 9865 9728
f 9611 9728 10314
f 9727 10256 9864
f 9795 9902 10239
f 9612 10256 9727
f 10315 9726 9863
f 9766 9863 9726
f 9613 9726 10315
f 9725 10257 9862
f 9902 9795 10155
f 9614 10257 9725
f 10316 9724 9861
f 9765 9861 9724
f 9615 9724 10316
f 9723 10258 9860
f 10240 9902 9794
f 9616 10258 9723
f 10317 9722 9859
f 9764 9859 9722
f 9617 9722 10317
f 9721 10259 9858
f 10154 9794 9902
f 9618 10259 9721
f 10318 9720 9857
f 9763 9857 9720
f 9619 9720 10318
f 9719 10260 9856
f 9793 9901 10241
f 9620 10260 9719
f 10319 9718 9855
f 9762 9855 9718
f 9621 9718 10319
f 9717 10261 9854
f 9901 9793 10153
f 9622 10261 9717
f 10320 9716 9853
f 9761 9853 9716
f 9623 9716 10320
f 9715 10262 9852
f 10242 9901 9792
f 9624 10262 9715
f 10321 9714 9851
f 9760 9851 9714
f 9625 9714 10321
f 9713 10263 9850
f 10152 9792 9901
f 9626 10263 9713
f 10322 9712 9849
f 9759 9849 9712
f 9627 9712 10322
f 10105 9895 9930
f 10013 9930 9895
f 9791 9900 10243
f 9907 9872 10082
f 9900 9791 10151
f 10397 9990 9907
f 9929 9894 10104
f 10244 9900 9790
f 10150 9790 9900
f 10103 9893 9928
f 10011 9928 9893
f 9973 9706 10401
f 9927 9892 10102
f 9789 9899 10245
f 9899 9789 10149
f 10101 9891 9926
f 10009 9926 9891
f 9706 9973 9704
f 9925 9890 10100
f 10246 9899 9788
f 10148 9788 9899
f 10099 9889 9924
f 10007 9924 9889
f 9701 9709 9703
f 9923 9888 10098
f 9787 9898 10247
f 9898 9787 10147
f 10097 9887 9922
f 10005 9922 9887
f 1878 1880 10302
f 9921 9886 10096
f 10248 9898 9786
f 10146 9786 9898
f 10095 9885 9920
f 10003 9920 9885
f 10400 9705 9972
f 9919 9884 10094
f 9785 9897 10249
f 9897 9785 10145
f 10093 9883 9918
f 10001 9918 9883
f 9703 9972 9705
f 9917 9882 10092
f 10250 9897 9784
f 10144 9784 9897
f 10091 9881 9916
f 9999 9916 9881
f 10303 1868 1870
f 9915 9880 10090
f 9783 9896 10251
f 9896 9783 10143
f 10089 9879 9914
f 9997 9914 9879
f 9955 10401 10374
f 9913 9878 10088
f 10252 9896 9782
f 10142 9782 9896
f 10087 9877 9912
f 9995 9912 9877
f 9955 9973 10401
f 9911 9876 10086
f 10310 10287 1821
f 10308 10285 1835
f 10085 9875 9910
f 9993 9910 9875
f 10374 10401 1794
f 9909 9874 10084
f 10306 10283 1849
f 10304 10281 1863
f 10083 9873 9908
f 9991 9908 9873
f 1795 1794 10401
f 10141 10104 9894
f 10140 10102 9892
f 10139 10100 9890
f 10138 10098 9888
f 10137 10096 9886
f 10136 10094 9884
f 10135 10092 9882
f 10134 10090 9880
f 10133 10088 9878
f 10132 10086 9876
f 10131 10084 9874
f 10130 10082 9872
f 10104 9954 9929
f 9928 9953 10103
f 10102 9952 9927
f 9926 9951 10101
f 10100 9950 9925
f 9924 9949 10099
f 10098 9948 9923
f 9922 9947 10097
f 10096 9946 9921
f 9920 9945 10095
f 10094 9944 9919
f 9918 9943 10093
f 10092 9942 9917
f 9916 9941 10091
f 10090 9940 9915
f 9914 9939 10089
f 10088 9938 9913
f 9912 9937 10087
f 10086 9936 9911
f 9910 9935 10085
f 10084 9934 9909
f 9908 9933 10083
f 10302 10279 1878
f 10300 10277 1891
f 10298 10275 1905
f 10296 10273 1919
f 10294 10271 1933
f 10292 10269 1948
f 10290 10267 1961
f 10118 10289 9848
f 1965 10289 10118
f 10373 10400 9932
f 10400 9972 9932
f 1586 10400 10373
f 10400 1586 1583
f 10401 9706 1795
f 1583 9705 10400
f 9711 9707 9628
f 9707 10037 9628
f 1807 9978 10402
f 1807 1810 9978
f 9733 10038 10415
f 10415 9606 9733
f 10014 9606 10415
f 9713 10058 10425
f 10425 9626 9713
f 10034 9626 10425
f 9715 10056 10424
f 10424 9624 9715
f 10032 9624 10424
f 9717 10054 10423
f 10423 9622 9717
f 10030 9622 10423
f 9719 10052 10422
f 10422 9620 9719
f 10028 9620 10422
f 9721 10050 10421
f 10421 9618 9721
f 10026 9618 10421
f 9723 10048 10420
f 10420 9616 9723
f 10024 9616 10420
f 9725 10046 10419
f 10419 9614 9725
f 10022 9614 10419
f 9727 10044 10418
f 10418 9612 9727
f 10020 9612 10418
f 9729 10042 10417
f 10417 9610 9729
f 10018 9610 10417
f 9731 10040 10416
f 10416 9608 9731
f 10016 9608 10416
f 9932 9709 9631
f 9710 9654 10325
f 9654 9710 9955
f 10325 9654 9630
f 9851 10263 10321
f 10321 10263 9697
f 9853 10262 10320
f 10320 10262 9695
f 9855 10261 10319
f 10319 10261 9693
f 9857 10260 10318
f 10318 10260 9691
f 9859 10259 10317
f 10317 10259 9689
f 9847 10207 10185
f 10207 9847 9825
f 10081 9825 9847
f 10184 10206 9846
f 9824 9846 10206
f 9846 9824 10080
f 9845 10205 10183
f 10205 9845 9823
f 10079 9823 9845
f 10182 10204 9844
f 9822 9844 10204
f 9844 9822 10078
f 9843 10203 10181
f 10203 9843 9821
f 10077 9821 9843
f 10180 10202 9842
f 9820 9842 10202
f 9842 9820 10076
f 9841 10201 10179
f 10201 9841 9819
f 10075 9819 9841
f 10178 10200 9840
f 9818 9840 10200
f 9840 9818 10074
f 9839 10199 10177
f 10199 9839 9817
f 10073 9817 9839
f 10176 10198 9838
f 9816 9838 10198
f 9838 9816 10072
f 9837 10197 10175
f 10197 9837 9815
f 10071 9815 9837
f 10174 10196 9836
f 9814 9836 10196
f 9836 9814 10070
f 9835 10195 10173
f 10195 9835 9813
f 10069 9813 9835
f 10172 10194 9834
f 9812 9834 10194
f 9834 9812 10068
f 9833 10193 10171
f 10193 9833 9811
f 10067 9811 9833
f 10170 10192 9832
f 9810 9832 10192
f 9832 9810 10066
f 9831 10191 10169
f 10191 9831 9809
f 10065 9809 9831
f 10168 10190 9830
f 9808 9830 10190
f 9830 9808 10064
f 9829 10189 10167
f 10189 9829 9807
f 10063 9807 9829
f 10166 10188 9828
f 9806 9828 10188
f 9828 9806 10062
f 9827 10187 10165
f 10187 9827 9805
f 10061 9805 9827
f 10164 10186 9826
f 9804 9826 10186
f 9826 9804 10060
f 9861 10258 10316
f 10316 10258 9687
f 9769 10310 9989
f 9989 10310 1824
f 9863 10257 10315
f 10315 10257 9685
f 9768 10308 9988
f 9988 10308 1837
f 9865 10256 10314
f 10314 10256 9683
f 9767 10306 9987
f 9987 10306 1852
f 9867 10255 10313
f 10313 10255 9681
f 9766 10304 9986
f 9986 10304 1865
f 9869 10254 10312
f 10312 10254 9679
f 9765 10302 9985
f 9985 10302 1880
f 9849 10264 10322
f 10322 10264 9699
f 9764 10300 9984
f 9984 10300 1893
f 10414 10059 9712
f 9712 9627 10414
f 9763 10298 9983
f 9983 10298 1908
f 10414 9627 10035
f 10413 10057 9714
f 9762 10296 9982
f 9982 10296 1921
f 9714 9625 10413
f 10413 9625 10033
f 9761 10294 9981
f 9981 10294 1936
f 10412 10055 9716
f 9716 9623 10412
f 9760 10292 9980
f 9980 10292 1949
f 10412 9623 10031
f 10411 10053 9718
f 9759 10290 9979
f 9979 10290 1963
f 9718 9621 10411
f 10411 9621 10029
f 10410 10051 9720
f 9720 9619 10410
f 10374 10105 9955
f 9930 9955 10105
f 9932 10082 10373
f 10082 9932 9907
f 10264 9849 9848
f 10118 9848 9849
f 10253 9871 9870
f 10129 9870 9871
f 10254 9869 9868
f 10128 9868 9869
f 10255 9867 9866
f 10127 9866 9867
f 10256 9865 9864
f 10126 9864 9865
f 10257 9863 9862
f 10125 9862 9863
f 10258 9861 9860
f 10124 9860 9861
f 10259 9859 9858
f 10123 9858 9859
f 10260 9857 9856
f 10122 9856 9857
f 10261 9855 9854
f 10121 9854 9855
f 10262 9853 9852
f 10120 9852 9853
f 10263 9851 9850
f 10119 9850 9851
f 9895 10105 10117
f 9893 10103 10116
f 9891 10101 10115
f 9889 10099 10114
f 9887 10097 10113
f 9885 10095 10112
f 9883 10093 10111
f 9881 10091 10110
f 9879 10089 10109
f 9877 10087 10108
f 9875 10085 10107
f 9873 10083 10106
f 9676 10252 10059
f 10059 10252 9782
f 10058 10251 9675
f 9783 10251 10058
f 9674 10250 10057
f 10057 10250 9784
f 10056 10249 9673
f 9785 10249 10056
f 9672 10248 10055
f 10055 10248 9786
f 10054 10247 9671
f 9787 10247 10054
f 9670 10246 10053
f 10053 10246 9788
f 10052 10245 9669
f 9789 10245 10052
f 9668 10244 10051
f 10051 10244 9790
f 10050 10243 9667
f 9791 10243 10050
f 9666 10242 10049
f 10049 10242 9792
f 10048 10241 9665
f 9793 10241 10048
f 9664 10240 10047
f 10047 10240 9794
f 10046 10239 9663
f 9795 10239 10046
f 9662 10238 10045
f 10045 10238 9796
f 10044 10237 9661
f 9797 10237 10044
f 9660 10236 10043
f 10043 10236 9798
f 10042 10235 9659
f 9799 10235 10042
f 9658 10234 10041
f 10041 10234 9800
f 10040 10233 9657
f 9801 10233 10040
f 9656 10232 10039
f 10039 10232 9802
f 10038 10231 9655
f 9803 10231 10038
f 9654 9955 9930
f 9907 9932 9631
f 9929 9954 9653
f 9652 9953 9928
f 9927 9952 9651
f 9650 9951 9926
f 9925 9950 9649
f 9648 9949 9924
f 9923 9948 9647
f 9646 9947 9922
f 9921 9946 9645
f 9644 9945 9920
f 9919 9944 9643
f 9642 9943 9918
f 9917 9942 9641
f 9640 9941 9916
f 9915 9940 9639
f 9638 9939 9914
f 9913 9938 9637
f 9636 9937 9912
f 9911 9936 9635
f 9634 9935 9910
f 9909 9934 9633
f 9632 9933 9908
f 10410 9619 10027
f 10409 10049 9722
f 9722 9617 10409
f 10409 9617 10025
f 10408 10047 9724
f 9724 9615 10408
f 10408 9615 10023
f 10407 10045 9726
f 9726 9613 10407
f 10407 9613 10021
f 10406 10043 9728
f 9728 9611 10406
f 10406 9611 10019
f 10405 10041 9730
f 9730 9609 10405
f 10405 9609 10017
f 10404 10039 9732
f 9732 9607 10404
f 10404 9607 10015
f 9871 10253 10323
f 10323 10253 9677
f 9957 9931 9581
f 10336 10251 9896
f 9602 10251 10336
f 10335 10249 9897
f 9600 10249 10335
f 10334 10247 9898
f 9598 10247 10334
f 10333 10245 9899
f 9596 10245 10333
f 10332 10243 9900
f 9594 10243 10332
f 10331 10241 9901
f 9592 10241 10331
f 10330 10239 9902
f 9590 10239 10330
f 10329 10237 9903
f 9588 10237 10329
f 10328 10235 9904
f 9586 10235 10328
f 10327 10233 9905
f 9584 10233 10327
f 10326 10231 9906
f 9582 10231 10326
f 9604 1799 10398
f 9956 1798 9604
f 1798 1799 9604
f 10399 1799 9581
f 9581 1798 9957
f 9581 1799 1798
f 9977 9604 9975
f 9974 9581 9976
f 9976 9581 9931
f 9708 10036 9629
f 9629 9976 9708
f 10324 9631 9709
f 9629 9631 10324
f 1919 1921 10296
f 10297 1910 1911
f 10283 1848 1849
f 1842 1843 10284
f 1863 1865 10304
f 9753 9969 10284
f 10305 1854 1855
f 9751 9968 10282
f 10285 1833 1835
f 1855 1858 10282
f 10281 1862 1863
f 1827 1830 10286
f 9630 10037 10439
f 9707 9977 10439
f 10439 10037 9707
f 10439 9977 9630
f 1905 1908 10298
f 10299 1895 1897
f 1891 1893 10300
f 10301 1882 1884
f 9872 9907 10438
f 9990 10208 10438
f 10438 9907 9990
f 10438 10208 9872
f 9894 9929 10437
f 10012 10219 10437
f 10437 9929 10012
f 9676 10081 10358
f 10357 10080 9675
f 9674 10079 10356
f 10355 10078 9673
f 9672 10077 10354
f 10353 10076 9671
f 9670 10075 10352
f 10351 10074 9669
f 9668 10073 10350
f 10349 10072 9667
f 9666 10071 10348
f 10347 10070 9665
f 9664 10069 10346
f 10345 10068 9663
f 9662 10067 10344
f 10343 10066 9661
f 9660 10065 10342
f 10341 10064 9659
f 9658 10063 10340
f 10339 10062 9657
f 9656 10061 10338
f 10337 10060 9655
f 10437 10219 9894
f 9892 9927 10436
f 9700 10013 10370
f 10010 10218 10436
f 10219 10012 9699
f 9698 10011 10369
f 10436 9927 10010
f 10218 10010 9697
f 9696 10009 10368
f 10436 10218 9892
f 10217 10008 9695
f 9694 10007 10367
f 9890 9925 10435
f 10216 10006 9693
f 9692 10005 10366
f 10008 10217 10435
f 10215 10004 9691
f 9690 10003 10365
f 10435 9925 10008
f 10214 10002 9689
f 9688 10001 10364
f 10435 10217 9890
f 10213 10000 9687
f 9686 9999 10363
f 9888 9923 10434
f 10212 9998 9685
f 9684 9997 10362
f 10006 10216 10434
f 10211 9996 9683
f 9682 9995 10361
f 10434 9923 10006
f 10210 9994 9681
f 9680 9993 10360
f 10434 10216 9888
f 10209 9992 9679
f 9678 9991 10359
f 9886 9921 10433
f 10208 9990 9677
f 10004 10215 10433
f 10433 9921 10004
f 10433 10215 9886
f 9884 9919 10432
f 9906 10232 10326
f 10002 10214 10432
f 10432 9919 10002
f 10432 10214 9884
f 9882 9917 10431
f 10000 10213 10431
f 10431 9917 10000
f 9905 10234 10327
f 10431 10213 9882
f 9880 9915 10430
f 9998 10212 10430
f 10430 9915 9998
f 10430 10212 9880
f 9878 9913 10429
f 9904 10236 10328
f 9996 10211 10429
f 10429 9913 9996
f 10429 10211 9878
f 9876 9911 10428
f 9994 10210 10428
f 10428 9911 9994
f 9903 10238 10329
f 10428 10210 9876
f 9874 9909 10427
f 9992 10209 10427
f 10427 9909 9992
f 10427 10209 9874
f 9707 9711 10426
f 9902 10240 10330
f 9960 9735 10426
f 10426 9711 9960
f 10426 9735 9707
f 10425 9675 10034
f 10058 9675 10425
f 10424 9673 10032
f 9901 10242 10331
f 10056 9673 10424
f 10423 9671 10030
f 10054 9671 10423
f 10422 9669 10028
f 10052 9669 10422
f 10421 9667 10026
f 9900 10244 10332
f 10050 9667 10421
f 10420 9665 10024
f 10048 9665 10420
f 10419 9663 10022
f 10046 9663 10419
f 10418 9661 10020
f 9899 10246 10333
f 10044 9661 10418
f 10417 9659 10018
f 10042 9659 10417
f 10416 9657 10016
f 10040 9657 10416
f 10415 9655 10014
f 9898 10248 10334
f 10038 9655 10415
f 10035 9676 10414
f 10414 9676 10059
f 10033 9674 10413
f 10413 9674 10057
f 10031 9672 10412
f 9897 10250 10335
f 10412 9672 10055
f 10029 9670 10411
f 10411 9670 10053
f 10027 9668 10410
f 10410 9668 10051
f 10025 9666 10409
f 9896 10252 10336
f 10409 9666 10049
f 10023 9664 10408
f 10408 9664 10047
f 10021 9662 10407
f 10407 9662 10045
f 10019 9660 10406
f 10185 10207 1781
f 1778 10206 10184
f 10183 10205 1764
f 1759 10204 10182
f 10181 10203 1746
f 1742 10202 10180
f 10179 10201 1727
f 1723 10200 10178
f 10177 10199 1710
f 1705 10198 10176
f 10175 10197 1692
f 1688 10196 10174
f 10173 10195 1674
f 1669 10194 10172
f 10171 10193 1655
f 1652 10192 10170
f 10169 10191 1638
f 1634 10190 10168
f 10167 10189 1619
f 1616 10188 10166
f 10165 10187 1602
f 1598 10186 10164
f 10117 10105 1790
f 10116 10103 1772
f 10115 10101 1753
f 10114 10099 1735
f 10113 10097 1717
f 10112 10095 1699
f 10111 10093 1681
f 10110 10091 1664
f 10109 10089 1645
f 10108 10087 1628
f 10107 10085 1609
f 10106 10083 1591
f 10163 10162 9906
f 1817 10162 10163
f 10161 10160 9905
f 1832 10160 10161
f 10159 10158 9904
f 1845 10158 10159
f 10157 10156 9903
f 1859 10156 10157
f 10155 10154 9902
f 1874 10154 10155
f 10153 10152 9901
f 1887 10152 10153
f 10151 10150 9900
f 1901 10150 10151
f 10149 10148 9899
f 1915 10148 10149
f 10147 10146 9898
f 1929 10146 10147
f 10145 10144 9897
f 1944 10144 10145
f 10143 10142 9896
f 1958 10142 10143
f 9978 10129 9871
f 1810 10129 9978
f 9989 10128 9869
f 1824 10128 9989
f 9988 10127 9867
f 1837 10127 9988
f 9987 10126 9865
f 1852 10126 9987
f 9986 10125 9863
f 1865 10125 9986
f 9985 10124 9861
f 1880 10124 9985
f 9984 10123 9859
f 1893 10123 9984
f 9983 10122 9857
f 1908 10122 9983
f 9982 10121 9855
f 1921 10121 9982
f 9981 10120 9853
f 1936 10120 9981
f 9980 10119 9851
f 1949 10119 9980
f 9979 10118 9849
f 1963 10118 9979
f 9957 1798 1797
f 1797 1798 9956
f 1791 10105 10374
f 10373 10082 1587
f 10406 9660 10043
f 10017 9658 10405
f 10358 9603 9676
f 9675 9602 10357
f 10356 9601 9674
f 9673 9600 10355
f 10354 9599 9672
f 9671 9598 10353
f 10352 9597 9670
f 9669 9596 10351
f 10350 9595 9668
f 9667 9594 10349
f 10348 9593 9666
f 9665 9592 10347
f 10346 9591 9664
f 9663 9590 10345
f 10344 9589 9662
f 9661 9588 10343
f 10342 9587 9660
f 9659 9586 10341
f 10340 9585 9658
f 9657 9584 10339
f 10338 9583 9656
f 9655 9582 10337
f 10358 10230 9603
f 10405 9658 10041
f 10356 10229 9601
f 10015 9656 10404
f 10354 10228 9599
f 10404 9656 10039
f 10352 10227 9597
f 10403 10289 1967
f 10350 10226 9595
f 10403 10265 9960
f 10348 10225 9593
f 9960 10289 10403
f 10346 10224 9591
f 1967 10265 10403
f 10344 10223 9589
f 10402 10266 1807
f 10342 10222 9587
f 9755 9970 10286
f 10340 10221 9585
f 9749 9967 10280
f 10338 10220 9583
f 9758 9708 9976
f 9977 9707 9735
f 9605 9677 9990
f 9991 9678 9606
f 9607 9679 9992
f 10336 10252 9603
f 9993 9680 9608
f 10335 10250 9601
f 9609 9681 9994
f 10334 10248 9599
f 9995 9682 9610
f 10333 10246 9597
f 9611 9683 9996
f 10332 10244 9595
f 9997 9684 9612
f 10331 10242 9593
f 9613 9685 9998
f 10330 10240 9591
f 9999 9686 9614
f 10329 10238 9589
f 9615 9687 10000
f 10328 10236 9587
f 10001 9688 9616
f 10327 10234 9585
f 9617 9689 10002
f 10326 10232 9583
f 10003 9690 9618
f 9619 9691 10004
f 10005 9692 9620
f 10396 10207 9954
f 9825 9954 10207
f 1784 10207 10396
f 9953 10206 10395
f 10206 9953 9824
f 10395 10206 1775
f 10394 10205 9952
f 9823 9952 10205
f 1765 10205 10394
f 9951 10204 10393
f 10204 9951 9822
f 10393 10204 1757
f 10392 10203 9950
f 9821 9950 10203
f 1748 10203 10392
f 9949 10202 10391
f 10202 9949 9820
f 10391 10202 1739
f 10390 10201 9948
f 9819 9948 10201
f 1729 10201 10390
f 9947 10200 10389
f 10200 9947 9818
f 10389 10200 1722
f 10388 10199 9946
f 9817 9946 10199
f 1712 10199 10388
f 9945 10198 10387
f 10198 9945 9816
f 10387 10198 1704
f 10386 10197 9944
f 9815 9944 10197
f 1694 10197 10386
f 9943 10196 10385
f 10196 9943 9814
f 10385 10196 1685
f 10384 10195 9942
f 9813 9942 10195
f 1676 10195 10384
f 9941 10194 10383
f 10194 9941 9812
f 10383 10194 1668
f 10382 10193 9940
f 9811 9940 10193
f 1658 10193 10382
f 9939 10192 10381
f 10192 9939 9810
f 10381 10192 1649
f 10380 10191 9938
f 9809 9938 10191
f 1640 10191 10380
f 9937 10190 10379
f 10190 9937 9808
f 10379 10190 1632
f 10378 10189 9936
f 9807 9936 10189
f 1621 10189 10378
f 9935 10188 10377
f 10188 9935 9806
f 10377 10188 1613
f 10376 10187 9934
f 9805 9934 10187
f 1604 10187 10376
f 9933 10186 10375
f 10186 9933 9804
f 10375 10186 1596
f 9871 9770 9978
f 9869 9769 9989
f 9867 9768 9988
f 9865 9767 9987
f 9863 9766 9986
f 9861 9765 9985
f 9859 9764 9984
f 9857 9763 9983
f 9855 9762 9982
f 9853 9761 9981
f 9851 9760 9980
f 9849 9759 9979
f 9621 9693 10006
f 10007 9694 9622
f 10287 1819 1821
f 1870 1872 10280
f 9623 9695 10008
f 10009 9696 9624
f 9625 9697 10010
f 10011 9698 9626
f 9627 9699 10012
f 10013 9700 9628
f 10081 9653 9825
f 9824 9652 10080
f 10079 9651 9823
f 9822 9650 10078
f 10077 9649 9821
f 9820 9648 10076
f 10075 9647 9819
f 9818 9646 10074
f 10073 9645 9817
f 9816 9644 10072
f 10071 9643 9815
f 9814 9642 10070
f 10069 9641 9813
f 9812 9640 10068
f 10067 9639 9811
f 9810 9638 10066
f 10065 9637 9809
f 9808 9636 10064
f 10063 9635 9807
f 9806 9634 10062
f 10061 9633 9805
f 9804 9632 10060
f 9631 9629 10036
f 10037 9630 9654
f 9757 9803 10038
f 10039 9802 9756
f 9755 9801 10040
f 10041 9800 9754
f 9753 9799 10042
f 10043 9798 9752
f 9751 9797 10044
f 10045 9796 9750
f 9749 9795 10046
f 10047 9794 9748
f 9747 9793 10048
f 10049 9792 9746
f 9745 9791 10050
f 10051 9790 9744
f 9743 9789 10052
f 10053 9788 9742
f 9741 9787 10054
f 10055 9786 9740
f 9739 9785 10056
f 10057 9784 9738
f 9737 9783 10058
f 10059 9782 9736
f 10082 1589 1587
f 1594 1591 10083
f 10084 1607 1605
f 1611 1609 10085
f 10086 1626 1623
f 1630 1628 10087
f 10088 1644 1642
f 1648 1645 10089
f 10090 1662 1659
f 1666 1664 10091
f 10092 1679 1678
f 1683 1681 10093
f 10094 1698 1696
f 1702 1699 10095
f 10096 1716 1714
f 1720 1717 10097
f 10098 1733 1731
f 1738 1735 10099
f 10100 1752 1750
f 1755 1753 10101
f 10102 1770 1768
f 1773 1772 10103
f 10104 1787 1785
f 1791 1790 10105
f 1591 1589 10106
f 1609 1607 10107
f 1628 1626 10108
f 1645 1644 10109
f 1664 1662 10110
f 1681 1679 10111
f 1699 1698 10112
f 1717 1716 10113
f 1735 1733 10114
f 1753 1752 10115
f 1772 1770 10116
f 1790 1787 10117
f 1963 1965 10118
f 1949 1952 10119
f 1936 1938 10120
f 1921 1923 10121
f 1908 1910 10122
f 1893 1895 10123
f 1880 1882 10124
f 1865 1868 10125
f 1852 1854 10126
f 1837 1839 10127
f 1824 1825 10128
f 1810 1812 10129
f 1589 10082 10130
f 1607 10084 10131
f 1626 10086 10132
f 1644 10088 10133
f 1662 10090 10134
f 1679 10092 10135
f 1698 10094 10136
f 1716 10096 10137
f 1733 10098 10138
f 1752 10100 10139
f 1770 10102 10140
f 1787 10104 10141
f 1958 1959 10142
f 10143 1955 1958
f 1944 1946 10144
f 10145 1942 1944
f 1929 1932 10146
f 10147 1927 1929
f 1915 1917 10148
f 10149 1913 1915
f 1901 1903 10150
f 10151 1900 1901
f 1887 1889 10152
f 10153 1885 1887
f 1874 1876 10154
f 10155 1872 1874
f 1859 1862 10156
f 9907 9631 10397
f 10157 1858 1859
f 10279 1876 1878
f 1845 1848 10158
f 1814 1815 10288
f 10159 1843 1845
f 9757 9971 10288
f 1832 1833 10160
f 9747 9966 10278
f 10161 1830 1832
f 1884 1885 10278
f 1817 1819 10162
f 10277 1889 1891
f 10163 1815 1817
f 10289 1965 1967
f 10164 1599 1598
f 1602 1599 10165
f 10166 1617 1616
f 9745 9965 10276
f 1619 1617 10167
f 10168 1635 1634
f 1638 1635 10169
f 1961 1963 10290
f 10170 1654 1652
f 1655 1654 10171
f 10172 1672 1669
f 10291 1952 1953
f 1674 1672 10173
f 10174 1690 1688
f 1692 1690 10175
f 1948 1949 10292
f 10264 9628 9700
f 10263 9626 9698
f 10262 9624 9696
f 10261 9622 9694
f 10260 9620 9692
f 10259 9618 9690
f 10258 9616 9688
f 10257 9614 9686
f 10256 9612 9684
f 10255 9610 9682
f 10254 9608 9680
f 10253 9606 9678
f 10176 1708 1705
f 1710 1708 10177
f 10178 1725 1723
f 1727 1725 10179
f 10180 1744 1742
f 1746 1744 10181
f 10182 1761 1759
f 1764 1761 10183
f 10184 1780 1778
f 1781 1780 10185
f 10186 1598 1596
f 1604 1602 10187
f 10188 1616 1613
f 1621 1619 10189
f 10190 1634 1632
f 1640 1638 10191
f 10192 1652 1649
f 1658 1655 10193
f 10194 1669 1668
f 1676 1674 10195
f 10196 1688 1685
f 1694 1692 10197
f 10198 1705 1704
f 1712 1710 10199
f 10200 1723 1722
f 1729 1727 10201
f 10202 1742 1739
f 1748 1746 10203
f 10204 1759 1757
f 1765 1764 10205
f 10206 1778 1775
f 1784 1781 10207
f 10231 9582 9655
f 9656 9583 10232
f 10233 9584 9657
f 9658 9585 10234
f 10235 9586 9659
f 9660 9587 10236
f 10237 9588 9661
f 9662 9589 10238
f 10239 9590 9663
f 9664 9591 10240
f 10241 9592 9665
f 9666 9593 10242
f 10243 9594 9667
f 9668 9595 10244
f 10245 9596 9669
f 9670 9597 10246
f 10247 9598 9671
f 9672 9599 10248
f 10249 9600 9673
f 9674 9601 10250
f 10251 9602 9675
f 9676 9603 10252
f 1967 1969 10265
f 9735 9960 10265
f 10266 1806 1807
f 10267 1959 1961
f 1953 1955 10268
f 9737 9961 10268
f 10269 1946 1948
f 1940 1942 10270
f 9739 9962 10270
f 10271 1932 1933
f 1926 1927 10272
f 10293 1938 1940
f 10399 1800 1799
f 1799 1800 10398
f 10374 1794 1791
f 1587 1586 10373
f 9741 9963 10272
f 1933 1936 10294
f 10273 1917 1919
f 10295 1923 1926
f 9677 9605 10323
f 9699 9627 10322
f 9697 9625 10321
f 1911 1913 10274
f 9695 9623 10320
f 9743 9964 10274
f 9693 9621 10319
f 10275 1903 1905
f 9691 9619 10318
f 1897 1900 10276
f 9689 9617 10317
f 9687 9615 10316
f 9685 9613 10315
f 9683 9611 10314
f 9681 9609 10313
f 9679 9607 10312
f 10311 1812 1814
f 1821 1824 10310
f 10309 1825 1827
f 1835 1837 10308
f 10307 1839 1842
f 1849 1852 10306
f 11158 10817 10821
f 10562 10602 10821
f 1976 1977 10558
f 10562 10821 10817
f 10820 10816 11153
f 10557 1977 1976
f 10820 10601 10561
f 10816 10820 10561
f 11069 11109 10614
f 10951 10658 10614
f 11069 10614 10658
f 11248 10979 10802
f 11071 11111 10612
f 10949 10656 10612
f 11071 10612 10656
f 11073 11113 10610
f 10947 10654 10610
f 1997 10979 11248
f 10801 10978 11247
f 1971 11242 10812
f 11073 10610 10654
f 10613 11110 11070
f 11247 10978 2024
f 11246 10977 10800
f 11242 1971 11
f 11 1970 11242
f 1974 1975 10815
f 10613 10657 10950
f 10657 10613 11070
f 2063 10977 11246
f 10799 10976 11245
f 10814 1975 1974
f 10611 11112 11072
f 10813 11241 1971
f 11241 1805 11
f 11 1971 11241
f 10611 10655 10948
f 11245 10976 2089
f 11244 10975 10798
f 10655 10611 11072
f 10609 11114 11074
f 10763 10819 10823
f 10819 10763 10566
f 2129 10975 11244
f 10822 10818 10758
f 10565 10758 10818
f 10797 10974 11243
f 10881 10538 10843
f 10843 10523 10881
f 10609 10653 10946
f 10880 10537 10842
f 10842 10522 10880
f 10653 10609 11074
f 10879 10536 10841
f 10841 10521 10879
f 11243 10974 2155
f 11144 10535 10855
f 11146 10855 10535
f 10855 10520 11144
f 10985 11152 11337
f 10854 10534 10878
f 10878 10519 10854
f 10713 11280 11152
f 10877 10533 10853
f 10853 10518 10877
f 11152 10985 10713
f 10852 10532 10876
f 10876 10517 10852
f 11337 11152 1954
f 10875 10531 10851
f 10851 10516 10875
f 1954 1951 11337
f 10850 10530 11143
f 10530 10850 11145
f 11143 10515 10850
f 11151 11279 10712
f 10849 10529 10874
f 10874 10514 10849
f 10712 10984 11151
f 10873 10528 10848
f 10848 10513 10873
f 10983 11150 11336
f 10847 10527 10872
f 10811 10731 10521
f 10872 10512 10847
f 11336 11150 1898
f 10871 10526 10846
f 10810 10730 10522
f 10846 10511 10871
f 10711 11278 11150
f 10845 10525 10870
f 10809 10729 10523
f 10870 10510 10845
f 11150 10983 10711
f 10869 10524 10844
f 10515 10743 10808
f 10844 10509 10869
f 1898 1896 11336
f 10981 11148 11335
f 10807 10742 10516
f 11149 11277 10710
f 10710 10982 11149
f 11335 11148 1841
f 10517 10741 10806
f 10469 11092 11034
f 11212 10469 10445
f 11034 10445 10469
f 10805 10740 10518
f 1841 1840 11335
f 11033 11091 10468
f 10444 10468 11211
f 10519 10739 10804
f 10468 10444 11033
f 10709 11276 11148
f 10467 11090 11032
f 10803 10738 10520
f 11210 10467 10443
f 11032 10443 10467
f 11148 10981 10709
f 10519 10831 10854
f 11031 11089 10466
f 10442 10466 11209
f 10466 10442 11031
f 10786 10831 10519
f 11334 11147 10980
f 10465 11088 11030
f 11208 10465 10441
f 10517 10829 10852
f 11030 10441 10465
f 1822 11147 11334
f 11029 11087 10464
f 10788 10829 10517
f 10440 10464 11207
f 10464 10440 11029
f 11147 11275 10708
f 10853 10830 10518
f 11198 11080 10463
f 10463 10493 11198
f 11114 10493 10463
f 10518 10830 10787
f 10708 10980 11147
f 10462 11079 11197
f 11197 10492 10462
f 10462 10492 11113
f 11334 1823 1822
f 11196 11078 10461
f 10461 10491 11196
f 11112 10491 10461
f 10855 10832 10520
f 10460 11077 11195
f 11195 10490 10460
f 10460 10490 11111
f 10707 11284 11157
f 11194 11076 10459
f 10459 10489 11194
f 11110 10489 10459
f 11157 10961 10707
f 10458 11075 11193
f 11193 10488 10458
f 10458 10488 11109
f 10520 10832 10785
f 10456 11067 11191
f 11191 10485 10456
f 10456 10485 11107
f 10515 10827 10850
f 11192 11068 10455
f 10455 10486 11192
f 11108 10486 10455
f 11156 11282 10706
f 10454 11065 11189
f 11189 10483 10454
f 10454 10483 11105
f 10706 10960 11156
f 11190 11066 10453
f 10453 10484 11190
f 11106 10484 10453
f 10790 10827 10515
f 10451 11058 11188
f 11188 10481 10451
f 10451 10481 11104
f 10961 11157 11325
f 11185 11057 10450
f 10450 10480 11185
f 11103 10480 10450
f 10705 11283 11155
f 10449 11056 11187
f 11187 10479 10449
f 10449 10479 11102
f 11155 10959 10705
f 11184 11055 10448
f 10448 10478 11184
f 11101 10478 10448
f 11157 11169 11346
f 10447 11054 11186
f 11186 10477 10447
f 10447 10477 11100
f 1920 1918 11325
f 11183 11053 10446
f 10446 10476 11183
f 11099 10476 10446
f 11154 11281 10704
f 11182 11040 10445
f 11182 10445 10475
f 11098 10475 10445
f 10704 10958 11154
f 10444 11039 11181
f 10474 10444 11181
f 10444 10474 11097
f 10959 11155 11324
f 11180 11038 10443
f 11180 10443 10473
f 11096 10473 10443
f 11346 11169 1922
f 10442 11037 11179
f 10472 10442 11179
f 10442 10472 11095
f 11161 11287 10703
f 11178 11036 10441
f 11178 10441 10471
f 11094 10471 10441
f 10703 10945 11161
f 10440 11035 11177
f 10470 10440 11177
f 10440 10470 11093
f 10802 10889 11248
f 11248 10889 1996
f 1996 1997 11248
f 11247 10888 10801
f 2026 10888 11247
f 11247 2024 2026
f 10800 10887 11246
f 11246 10887 2061
f 2061 2063 11246
f 11245 10886 10799
f 2092 10886 11245
f 11245 2089 2092
f 10798 10885 11244
f 11244 10885 2128
f 2128 2129 11244
f 11243 10884 10797
f 2158 10884 11243
f 11243 2155 2158
f 11254 10895 10808
f 1986 10895 11254
f 11254 1984 1986
f 10807 10894 11253
f 11253 10894 2036
f 2036 2038 11253
f 11252 10893 10806
f 2051 10893 11252
f 11252 2050 2051
f 10805 10892 11251
f 11251 10892 2101
f 2101 2104 11251
f 11250 10891 10804
f 2118 10891 11250
f 11250 2115 2118
f 10803 10890 11249
f 11249 10890 2167
f 2167 2170 11249
f 10811 10898 11257
f 11257 10898 2009
f 2009 2011 11257
f 10810 10897 11256
f 11256 10897 2076
f 2076 2078 11256
f 10809 10896 11255
f 11255 10896 2141
f 2141 2143 11255
f 10652 11086 10967
f 10967 11086 1991
f 10966 11085 10651
f 2029 11085 10966
f 10650 11084 10965
f 10965 11084 2058
f 10964 11083 10649
f 2096 11083 10964
f 10648 11082 10963
f 10963 11082 2124
f 10962 11081 10647
f 2162 11081 10962
f 10763 10823 11003
f 11003 10823 1982
f 11002 10822 10758
f 2171 10822 11002
f 10851 10828 10516
f 10516 10828 10789
f 10826 10843 10508
f 1864 1861 11324
f 10843 10826 10523
f 10523 10826 10782
f 10825 10842 10507
f 11323 11156 10960
f 10842 10825 10522
f 10522 10825 10783
f 10824 10841 10506
f 11160 11286 10702
f 11348 11168 11156
f 11323 1914 1912
f 10832 10855 10505
f 11259 10505 10855
f 10841 10824 10521
f 10521 10824 10784
f 10504 10854 10831
f 10702 10944 11160
f 10600 10802 10979
f 10869 10509 10600
f 10830 10853 10503
f 11322 11154 10958
f 10802 10600 10509
f 10978 10801 10599
f 10502 10852 10829
f 1909 11168 11348
f 10599 10510 10870
f 10510 10599 10801
f 10828 10851 10501
f 11159 11285 10701
f 11322 1857 1856
f 11321 11161 10945
f 10500 10850 10827
f 10850 10500 11258
f 10598 10800 10977
f 10871 10511 10598
f 10499 10849 10838
f 10701 10943 11159
f 10800 10598 10511
f 10976 10799 10597
f 10837 10848 10498
f 1945 11161 11321
f 10597 10512 10872
f 10512 10597 10799
f 10497 10847 10836
f 11237 10832 10475
f 10596 10798 10975
f 10873 10513 10596
f 10835 10846 10496
f 10475 10505 11139
f 10798 10596 10513
f 10974 10797 10595
f 10495 10845 10834
f 10505 10475 10832
f 10595 10514 10874
f 10514 10595 10797
f 10833 10844 10494
f 10474 10831 11236
f 11138 10504 10474
f 10831 10474 10504
f 11235 10830 10473
f 10473 10503 11137
f 10503 10473 10830
f 10472 10829 11234
f 11136 10502 10472
f 10829 10472 10502
f 11233 10828 10471
f 10471 10501 11135
f 10501 10471 10828
f 10470 10827 11232
f 11134 10500 10470
f 10827 10470 10500
f 11161 10584 11287
f 10584 11161 11164
f 10584 10569 11287
f 11160 10583 11286
f 10583 11160 11163
f 10583 10568 11286
f 11159 10582 11285
f 10582 11159 11162
f 10582 10567 11285
f 11284 10588 11157
f 11169 11157 10588
f 11284 10574 10588
f 11156 10587 11282
f 10587 11156 11168
f 10587 10573 11282
f 11283 10586 11155
f 11167 11155 10586
f 11283 10572 10586
f 11154 10585 11281
f 10585 11154 11166
f 10585 10571 11281
f 11280 10594 11152
f 11176 11152 10594
f 11280 10581 10594
f 11151 10593 11279
f 10593 11151 11175
f 10593 10580 11279
f 11278 10592 11150
f 11174 11150 10592
f 11278 10579 10592
f 11149 10591 11277
f 10591 11149 11173
f 10591 10578 11277
f 11276 10590 11148
f 11172 11148 10590
f 11276 10577 10590
f 11147 10589 11275
f 10589 11147 11171
f 10589 10576 11275
f 10868 10703 11287
f 10867 10702 11286
f 10866 10701 11285
f 10564 10560 10815
f 10512 10836 10847
f 10564 1976 10558
f 1975 1976 10564
f 10793 10836 10512
f 10815 1975 10564
f 10814 10559 10563
f 10557 1976 10563
f 10563 1976 1975
f 10563 1975 10814
f 10457 10678 10546
f 10545 10673 10452
f 11213 10879 10768
f 10768 11100 11213
f 11000 10633 10768
f 11100 10768 10633
f 11214 10880 10766
f 10766 11102 11214
f 10998 10631 10766
f 11102 10766 10631
f 11215 10881 10764
f 10764 11104 11215
f 10996 10629 10764
f 11104 10764 10629
f 11216 10875 10762
f 10762 11105 11216
f 11007 10622 10762
f 11105 10762 10622
f 10761 10876 11217
f 11217 11106 10761
f 10761 10621 11006
f 10621 10761 11106
f 11218 10877 10760
f 10760 11107 11218
f 11005 10620 10760
f 11107 10760 10620
f 10759 10878 11219
f 11219 11108 10759
f 10759 10619 11004
f 10619 10759 11108
f 10722 11142 10569
f 10584 10722 10569
f 10569 11142 10508
f 10721 11141 10568
f 10583 10721 10568
f 10568 11141 10507
f 10720 11140 10567
f 10582 10720 10567
f 10567 11140 10506
f 10728 11139 10575
f 10510 10834 10845
f 10575 11139 10505
f 10574 11138 10727
f 10574 10727 10588
f 10504 11138 10574
f 10726 11137 10573
f 10587 10726 10573
f 10573 11137 10503
f 10572 11136 10725
f 10572 10725 10586
f 10502 11136 10572
f 10724 11135 10571
f 10585 10724 10571
f 10571 11135 10501
f 10570 11134 10723
f 1980 1982 10823
f 10500 11134 10570
f 10581 11133 10737
f 10581 10737 10594
f 10499 11133 10581
f 10736 11132 10580
f 10593 10736 10580
f 10580 11132 10498
f 10579 11131 10735
f 10579 10735 10592
f 10497 11131 10579
f 10734 11130 10578
f 10591 10734 10578
f 10578 11130 10496
f 10577 11129 10733
f 10577 10733 10590
f 10495 11129 10577
f 10732 11128 10576
f 10589 10732 10576
f 10576 11128 10494
f 10781 10833 11220
f 11220 11087 10781
f 10781 10652 10967
f 10652 10781 11087
f 11221 10834 10780
f 10780 11088 11221
f 10966 10651 10780
f 11088 10780 10651
f 10779 10835 11222
f 11222 11089 10779
f 10779 10650 10965
f 10650 10779 11089
f 11223 10836 10778
f 10778 11090 11223
f 10964 10649 10778
f 11090 10778 10649
f 10777 10837 11224
f 11224 11091 10777
f 10777 10648 10963
f 10648 10777 11091
f 11225 10838 10776
f 10776 11092 11225
f 10962 10647 10776
f 11092 10776 10647
f 11232 10827 10775
f 10775 11093 11232
f 10995 10646 10775
f 11093 10775 10646
f 10774 10828 11233
f 11233 11094 10774
f 10774 10645 10994
f 10645 10774 11094
f 11234 10829 10773
f 10773 11095 11234
f 10993 10644 10773
f 11095 10773 10644
f 10772 10830 11235
f 11235 11096 10772
f 10772 10643 10992
f 10643 10772 11096
f 11236 10831 10771
f 10771 11097 11236
f 10991 10642 10771
f 11097 10771 10642
f 10770 10832 11237
f 11237 11098 10770
f 10770 10641 10990
f 10641 10770 11098
f 10769 10824 11238
f 11238 11099 10769
f 10769 10634 11001
f 10634 10769 11099
f 10767 10825 11239
f 11239 11101 10767
f 10767 10632 10999
f 10632 10767 11101
f 10765 10826 11240
f 11240 11103 10765
f 10765 10630 10997
f 10630 10765 11103
f 10796 10781 10889
f 10781 10796 10833
f 10795 10834 10510
f 10888 10780 10795
f 10834 10795 10780
f 10514 10838 10849
f 10794 10779 10887
f 10779 10794 10835
f 10791 10838 10514
f 10886 10778 10793
f 10836 10793 10778
f 10848 10837 10513
f 10792 10777 10885
f 10777 10792 10837
f 10513 10837 10792
f 10884 10776 10791
f 10838 10791 10776
f 10846 10835 10511
f 10895 10775 10790
f 10827 10790 10775
f 11321 1947 1945
f 10789 10774 10894
f 10774 10789 10828
f 10511 10835 10794
f 10893 10773 10788
f 10829 10788 10773
f 10844 10833 10509
f 10787 10772 10892
f 10772 10787 10830
f 10509 10833 10796
f 10891 10771 10786
f 10831 10786 10771
f 10556 1974 10815
f 10785 10770 10890
f 10770 10785 10832
f 11320 11160 10944
f 10784 10769 10898
f 10769 10784 10824
f 10452 1973 10556
f 10783 10767 10897
f 10767 10783 10825
f 1973 1974 10556
f 10782 10765 10896
f 10765 10782 10826
f 10814 1974 10555
f 10898 10811 10784
f 10897 10810 10783
f 10896 10809 10782
f 10894 10807 10789
f 10788 10806 10893
f 10892 10805 10787
f 10786 10804 10891
f 10790 10808 10895
f 10890 10803 10785
f 10889 10802 10796
f 10795 10801 10888
f 10887 10800 10794
f 10793 10799 10886
f 10885 10798 10792
f 10791 10797 10884
f 11061 11062 10660
f 10555 1973 10457
f 10822 2171 2173
f 11284 10707 10865
f 11063 11064 10659
f 11283 10705 10863
f 10864 10706 11282
f 10862 10704 11281
f 11047 11069 10658
f 11280 10713 10861
f 10860 10712 11279
f 11278 10711 10859
f 10657 11070 11048
f 10858 10710 11277
f 11276 10709 10857
f 10856 10708 11275
f 11049 11071 10656
f 10728 10817 11022
f 10817 11170 11022
f 10817 10728 10575
f 10655 11072 11050
f 11017 10816 10723
f 11017 11165 10816
f 10570 10723 10816
f 11051 11073 10654
f 11240 10826 10480
f 10480 10508 11142
f 10508 10480 10826
f 10653 11074 11052
f 11239 10825 10478
f 10478 10507 11141
f 10507 10478 10825
f 10652 11087 11029
f 11238 10824 10476
f 10476 10506 11140
f 11030 11088 10651
f 10506 10476 10824
f 10652 10926 11086
f 10650 11089 11031
f 10926 10652 10684
f 11029 10684 10652
f 11032 11090 10649
f 11085 10925 10651
f 10683 10651 10925
f 10648 11091 11033
f 10651 10683 11030
f 10650 10924 11084
f 11034 11092 10647
f 10924 10650 10682
f 11031 10682 10650
f 10763 11143 10566
f 10566 11143 10482
f 10565 11144 10758
f 10487 11144 10565
f 11083 10923 10649
f 10681 10649 10923
f 10649 10681 11032
f 10648 10922 11082
f 10922 10648 10680
f 11033 10680 10648
f 11081 10921 10647
f 10679 10647 10921
f 10647 10679 11034
f 10562 11146 10602
f 10555 1974 1973
f 10819 10558 11261
f 10601 11145 10561
f 10558 10819 10564
f 11260 10557 10818
f 10563 10818 10557
f 10819 10566 10564
f 11307 11012 10950
f 10950 11045 11307
f 10563 10565 10818
f 11307 11045 2020
f 10754 11079 11205
f 11205 11079 10462
f 10462 10551 11205
f 10752 11077 11203
f 11203 11077 10460
f 10460 10549 11203
f 10750 11075 11201
f 11201 11075 10458
f 10458 10547 11201
f 11206 11080 10755
f 10463 11080 11206
f 11206 10552 10463
f 11204 11078 10753
f 10461 11078 11204
f 11204 10550 10461
f 10768 10970 11000
f 10970 10768 10731
f 10879 10731 10768
f 10766 10969 10998
f 10969 10766 10730
f 10880 10730 10766
f 10764 10968 10996
f 10968 10764 10729
f 10881 10729 10764
f 10957 10640 10666
f 11040 10666 10640
f 10665 10639 10956
f 10639 10665 11039
f 10955 10638 10664
f 11038 10664 10638
f 10663 10637 10954
f 10637 10663 11037
f 10953 10636 10662
f 11036 10662 10636
f 10661 10635 10952
f 10635 10661 11035
f 10762 10989 11007
f 10989 10762 10742
f 10875 10742 10762
f 11006 10988 10761
f 10741 10761 10988
f 10761 10741 10876
f 10760 10987 11005
f 10987 10760 10740
f 10877 10740 10760
f 11004 10986 10759
f 10739 10759 10986
f 10759 10739 10878
f 10672 10628 10945
f 10628 10672 11058
f 10670 10626 10944
f 10626 10670 11056
f 10668 10624 10943
f 10624 10668 11054
f 10979 11013 10600
f 10600 10719 10869
f 10719 10600 11013
f 10599 11012 10978
f 10870 10718 10599
f 11012 10599 10718
f 10977 11011 10598
f 10598 10717 10871
f 10717 10598 11011
f 10597 11010 10976
f 10872 10716 10597
f 11010 10597 10716
f 10975 11009 10596
f 10596 10715 10873
f 10715 10596 11009
f 10595 11008 10974
f 10874 10714 10595
f 11008 10595 10714
f 10973 10627 10671
f 11057 10671 10627
f 10972 10625 10669
f 11055 10669 10625
f 10971 10623 10667
f 11053 10667 10623
f 10961 10618 10677
f 11068 10677 10618
f 10676 10617 10960
f 10617 10676 11067
f 10959 10616 10675
f 11066 10675 10616
f 10674 10615 10958
f 10615 10674 11065
f 10985 10608 10690
f 11080 10690 10608
f 10689 10607 10984
f 10607 10689 11079
f 10983 10606 10688
f 11078 10688 10606
f 10687 10605 10982
f 10605 10687 11077
f 10981 10604 10686
f 11076 10686 10604
f 10685 10603 10980
f 10603 10685 11075
f 11202 11076 10751
f 10459 11076 11202
f 11202 10548 10459
f 11200 11068 10757
f 10455 11068 11200
f 11200 10554 10455
f 11199 11066 10756
f 10453 11066 11199
f 11199 10553 10453
f 1956 11152 11176
f 11175 11151 1931
f 1899 11150 11174
f 11173 11149 1875
f 1844 11148 11172
f 11171 11147 1820
f 11164 11161 1943
f 11163 11160 1888
f 11162 11159 1831
f 1922 1920 11346
f 11155 11167 11345
f 11345 11167 1866
f 1866 1864 11345
f 11046 10932 10658
f 10696 10658 10932
f 10658 10696 11047
f 10657 10931 11045
f 10763 10743 11143
f 10743 10763 11003
f 11144 10738 10758
f 11002 10758 10738
f 10684 10646 10926
f 10646 10684 11093
f 10925 10645 10683
f 11094 10683 10645
f 10682 10644 10924
f 10644 10682 11095
f 10923 10643 10681
f 11096 10681 10643
f 10680 10642 10922
f 10642 10680 11097
f 10921 10641 10679
f 11098 10679 10641
f 10932 10634 10696
f 11099 10696 10634
f 10695 10633 10931
f 10633 10695 11100
f 10930 10632 10694
f 11101 10694 10632
f 10693 10631 10929
f 10631 10693 11102
f 10928 10630 10692
f 11103 10692 10630
f 10691 10629 10927
f 10629 10691 11104
f 10967 10889 10781
f 10780 10888 10966
f 10965 10887 10779
f 10778 10886 10964
f 10963 10885 10777
f 10776 10884 10962
f 10775 10895 10995
f 10994 10894 10774
f 10773 10893 10993
f 10992 10892 10772
f 10771 10891 10991
f 10990 10890 10770
f 10700 10622 10936
f 10622 10700 11105
f 10935 10621 10699
f 11106 10699 10621
f 10698 10620 10934
f 10620 10698 11107
f 10933 10619 10697
f 11108 10697 10619
f 11001 10898 10769
f 10999 10897 10767
f 10997 10896 10765
f 10861 11127 10529
f 10713 11127 10861
f 10528 11126 10860
f 10860 11126 10712
f 10859 11125 10527
f 10711 11125 10859
f 10526 11124 10858
f 10858 11124 10710
f 10857 11123 10525
f 10709 11123 10857
f 10524 11122 10856
f 10856 11122 10708
f 11306 11010 10948
f 10948 11043 11306
f 11306 11043 2086
f 11305 11008 10946
f 10946 11041 11305
f 11305 11041 2151
f 10951 11013 11304
f 11304 11046 10951
f 2001 11046 11304
f 10949 11011 11303
f 11303 11044 10949
f 2068 11044 11303
f 10865 11121 10534
f 10707 11121 10865
f 10533 11120 10864
f 10864 11120 10706
f 10863 11119 10532
f 10705 11119 10863
f 10531 11118 10862
f 10862 11118 10704
f 10538 11117 10868
f 10868 11117 10703
f 10537 11116 10867
f 10867 11116 10702
f 10536 11115 10866
f 10866 11115 10701
f 11133 10749 10737
f 10931 10657 10695
f 10942 10737 10749
f 10737 10942 11028
f 10736 10748 11132
f 11048 10695 10657
f 10748 10736 10941
f 11027 10941 10736
f 11131 10747 10735
f 11044 10930 10656
f 10940 10735 10747
f 10735 10940 11026
f 10734 10746 11130
f 10694 10656 10930
f 10746 10734 10939
f 11025 10939 10734
f 11129 10745 10733
f 10656 10694 11049
f 10938 10733 10745
f 10733 10938 11024
f 10732 10744 11128
f 10655 10929 11043
f 10744 10732 10937
f 11023 10937 10732
f 10929 10655 10693
f 11022 10957 10728
f 10666 10728 10957
f 10728 10666 11139
f 11050 10693 10655
f 10727 10956 11021
f 10956 10727 10665
f 11138 10665 10727
f 11042 10928 10654
f 11020 10955 10726
f 10664 10726 10955
f 10726 10664 11137
f 10692 10654 10928
f 10725 10954 11019
f 10954 10725 10663
f 11136 10663 10725
f 10654 10692 11051
f 11018 10953 10724
f 10662 10724 10953
f 10724 10662 11135
f 10653 10927 11041
f 10723 10952 11017
f 10952 10723 10661
f 11134 10661 10723
f 10947 11009 11302
f 1968 11158 10821
f 11302 11042 10947
f 10820 11153 1808
f 10927 10653 10691
f 11016 10973 10722
f 10671 10722 10973
f 10722 10671 11142
f 11052 10691 10653
f 11015 10972 10721
f 10669 10721 10972
f 10721 10669 11141
f 10660 10936 11060
f 11014 10971 10720
f 10667 10720 10971
f 10720 10667 11140
f 10936 10660 10700
f 11062 10700 10660
f 10659 10934 11059
f 10934 10659 10698
f 11064 10698 10659
f 10817 11158 11170
f 11170 11158 1966
f 11165 11153 10816
f 1809 11153 11165
f 2134 11042 11302
f 11046 2001 2003
f 1978 14 11261
f 10784 10811 10521
f 10783 10810 10522
f 10782 10809 10523
f 10515 10808 10790
f 10789 10807 10516
f 10517 10806 10788
f 10787 10805 10518
f 10519 10804 10786
f 10785 10803 10520
f 10796 10802 10509
f 10510 10801 10795
f 10794 10800 10511
f 10512 10799 10793
f 10792 10798 10513
f 10514 10797 10791
f 2018 2020 11045
f 11261 10558 1977
f 11044 2068 2069
f 1977 1978 11261
f 2083 2086 11043
f 11261 14 1980
f 11042 2134 2136
f 11260 14 1978
f 2149 2151 11041
f 10698 11064 11107
f 11107 11064 10456
f 10700 11062 11105
f 11105 11062 10454
f 11034 11098 10445
f 10679 11098 11034
f 10444 11097 11033
f 11033 11097 10680
f 11032 11096 10443
f 10681 11096 11032
f 10442 11095 11031
f 11031 11095 10682
f 11030 11094 10441
f 10683 11094 11030
f 10440 11093 11029
f 11029 11093 10684
f 11051 11103 10450
f 10692 11103 11051
f 11049 11101 10448
f 10694 11101 11049
f 11047 11099 10446
f 10696 11099 11047
f 10451 11104 11052
f 11052 11104 10691
f 11144 10520 10738
f 10743 10515 11143
f 10449 11102 11050
f 11050 11102 10693
f 10714 10874 11231
f 11231 10874 10529
f 11230 10873 10715
f 10528 10873 11230
f 10716 10872 11229
f 11229 10872 10527
f 11228 10871 10717
f 10526 10871 11228
f 10718 10870 11227
f 11227 10870 10525
f 11226 10869 10719
f 10524 10869 11226
f 11219 10878 10534
f 10533 10877 11218
f 11217 10876 10532
f 10531 10875 11216
f 10538 10881 11215
f 10537 10880 11214
f 10536 10879 11213
f 10447 11100 11048
f 11048 11100 10695
f 10945 10703 10672
f 11117 10672 10703
f 10944 10702 10670
f 11116 10670 10702
f 10943 10701 10668
f 11115 10668 10701
f 10677 10707 10961
f 10544 10838 11225
f 11224 10837 10543
f 10542 10836 11223
f 11222 10835 10541
f 10540 10834 11221
f 11220 10833 10539
f 11212 11040 10749
f 10707 10677 11121
f 10749 10640 10904
f 10640 10749 11040
f 10748 11039 11211
f 10960 10706 10676
f 10903 10639 10748
f 11039 10748 10639
f 11210 11038 10747
f 11120 10676 10706
f 10747 10638 10902
f 10638 10747 11038
f 10746 11037 11209
f 10675 10705 10959
f 10901 10637 10746
f 11037 10746 10637
f 11208 11036 10745
f 10705 10675 11119
f 10745 10636 10900
f 10636 10745 11036
f 10744 11035 11207
f 10958 10704 10674
f 10899 10635 10744
f 11035 10744 10635
f 11118 10674 10704
f 10755 11058 11206
f 10910 10628 10755
f 11058 10755 10628
f 10690 10713 10985
f 11205 11057 10754
f 10754 10627 10909
f 10627 10754 11057
f 10713 10690 11127
f 10753 11056 11204
f 10908 10626 10753
f 11056 10753 10626
f 10984 10712 10689
f 11203 11055 10752
f 10752 10625 10907
f 10625 10752 11055
f 11126 10689 10712
f 10751 11054 11202
f 10906 10624 10751
f 11054 10751 10624
f 10688 10711 10983
f 11201 11053 10750
f 10750 10623 10905
f 10623 10750 11053
f 10757 11067 11200
f 10711 10688 11125
f 10913 10617 10757
f 11067 10757 10617
f 10982 10710 10687
f 10757 10618 10914
f 10618 10757 11068
f 10756 11065 11199
f 11124 10687 10710
f 10911 10615 10756
f 11065 10756 10615
f 10686 10709 10981
f 10756 10616 10912
f 10616 10756 11066
f 10709 10686 11123
f 10755 10608 10920
f 10608 10755 11080
f 10980 10708 10685
f 10919 10607 10754
f 11079 10754 10607
f 11122 10685 10708
f 10753 10606 10918
f 10606 10753 11078
f 10678 10812 10883
f 10917 10605 10752
f 11077 10752 10605
f 11242 10883 10812
f 10751 10604 10916
f 10604 10751 11076
f 10812 10678 10457
f 10915 10603 10750
f 11075 10750 10603
f 10882 10813 10673
f 10813 10882 11241
f 10452 10673 10813
f 10581 10861 11274
f 11274 10499 10581
f 10849 10499 11274
f 11013 10614 10719
f 11333 11151 10984
f 10718 10613 11012
f 1934 11151 11333
f 11011 10612 10717
f 11333 1935 1934
f 10716 10611 11010
f 11332 11149 10982
f 11009 10610 10715
f 1877 11149 11332
f 10714 10609 11008
f 11332 1879 1877
f 2007 10898 11001
f 2074 10897 10999
f 2139 10896 10997
f 11007 10989 2039
f 2047 10988 11006
f 11005 10987 2105
f 2113 10986 11004
f 10995 10895 1987
f 2033 10894 10994
f 10993 10893 2053
f 2100 10892 10992
f 10991 10891 2119
f 2166 10890 10990
f 11000 10970 2013
f 10998 10969 2080
f 10996 10968 2146
f 1993 10889 10967
f 10966 10888 2028
f 2059 10887 10965
f 10964 10886 2094
f 2126 10885 10963
f 10962 10884 2160
f 10614 11013 10951
f 2173 14 11260
f 1977 10557 11260
f 10950 11012 10613
f 11260 1978 1977
f 11261 10823 10819
f 10612 11011 10949
f 1980 10823 11261
f 10818 10822 11260
f 10948 11010 10611
f 11260 10822 2173
f 11318 11022 1964
f 10610 11009 10947
f 11318 1962 10957
f 10957 11022 11318
f 10946 11008 10609
f 1964 1962 11318
f 1811 11017 11317
f 10622 11007 10936
f 11273 10860 10580
f 10936 11007 2042
f 10935 11006 10621
f 10699 10660 10935
f 2045 11006 10935
f 10620 11005 10934
f 10580 10498 11273
f 10934 11005 2108
f 10933 11004 10619
f 10697 10659 10933
f 2112 11004 10933
f 10932 11001 10634
f 11273 10498 10848
f 2006 11001 10932
f 10633 11000 10931
f 10579 10859 11272
f 10931 11000 2015
f 10930 10999 10632
f 11272 10497 10579
f 2072 10999 10930
f 10631 10998 10929
f 10847 10497 11272
f 10929 10998 2081
f 10928 10997 10630
f 11271 10858 10578
f 2137 10997 10928
f 10629 10996 10927
f 10578 10496 11271
f 10927 10996 2147
f 10646 10995 10926
f 11271 10496 10846
f 10926 10995 1989
f 10925 10994 10645
f 10577 10857 11270
f 2031 10994 10925
f 10644 10993 10924
f 11270 10495 10577
f 10924 10993 2056
f 10923 10992 10643
f 10845 10495 11270
f 2098 10992 10923
f 10642 10991 10922
f 11269 10856 10576
f 10922 10991 2121
f 10921 10990 10641
f 10576 10494 11269
f 2164 10990 10921
f 10985 10920 10608
f 11269 10494 10844
f 11337 10920 10985
f 10607 10919 10984
f 11266 10864 10573
f 1951 10920 11337
f 10983 10918 10606
f 10573 10503 11266
f 11336 10918 10983
f 10605 10917 10982
f 11266 10503 10853
f 1896 10918 11336
f 10981 10916 10604
f 11265 10862 10571
f 11335 10916 10981
f 10603 10915 10980
f 10571 10501 11265
f 1840 10916 11335
f 10973 10909 10627
f 11344 11314 1828
f 10972 10907 10625
f 11344 10905 10971
f 10971 10905 10623
f 10971 11314 11344
f 10961 10914 10618
f 11265 10501 10851
f 1890 11160 11320
f 10617 10913 10960
f 10574 10865 11268
f 11320 1892 1890
f 10959 10912 10616
f 11268 10504 10574
f 11319 11159 10943
f 10615 10911 10958
f 10854 10504 11268
f 1834 11159 11319
f 10957 10904 10640
f 1962 10904 10957
f 10639 10903 10956
f 1828 10905 11344
f 10955 10902 10638
f 11343 11316 1939
f 10637 10901 10954
f 11343 10909 10973
f 10953 10900 10636
f 10973 11316 11343
f 10635 10899 10952
f 10952 10899 1813
f 10628 10910 10945
f 10572 10863 11267
f 11319 1836 1834
f 10626 10908 10944
f 11267 10502 10572
f 11325 10914 10961
f 10624 10906 10943
f 10852 10502 11267
f 1918 10914 11325
f 10749 10904 10942
f 10942 10904 1960
f 10941 10903 10748
f 1928 10903 10941
f 10747 10902 10940
f 10940 10902 1904
f 10939 10901 10746
f 1871 10901 10939
f 10745 10900 10938
f 10938 10900 1847
f 10937 10899 10744
f 1816 10899 10937
f 10920 10910 10755
f 1950 10910 10920
f 10754 10909 10919
f 10919 10909 1937
f 10918 10908 10753
f 1894 10908 10918
f 10752 10907 10917
f 10917 10907 1881
f 10916 10906 10751
f 1838 10906 10916
f 10750 10905 10915
f 10915 10905 1826
f 10914 10913 10757
f 1916 10913 10914
f 10912 10911 10756
f 1860 10911 10912
f 1971 1972 10813
f 10812 1972 1971
f 11264 10868 10569
f 10569 10508 11264
f 10840 10546 10678
f 10487 10546 10840
f 10673 10545 10839
f 10839 10545 10482
f 10529 10493 11231
f 11230 10492 10528
f 10527 10491 11229
f 11228 10490 10526
f 10525 10489 11227
f 11226 10488 10524
f 10534 10486 11219
f 11218 10485 10533
f 10532 10484 11217
f 11216 10483 10531
f 11215 10481 10538
f 11214 10479 10537
f 11213 10477 10536
f 11264 10508 10843
f 11263 10867 10568
f 10568 10507 11263
f 11263 10507 10842
f 11262 10866 10567
f 10567 10506 11262
f 11262 10506 10841
f 10855 11146 11259
f 11259 11146 10562
f 11225 10469 10544
f 10543 10468 11224
f 11223 10467 10542
f 10541 10466 11222
f 11221 10465 10540
f 10539 10464 11220
f 11258 11145 10850
f 10883 10602 10678
f 1970 10883 11242
f 10561 11145 11258
f 10673 10601 10882
f 11241 10882 1805
f 10952 1813 11317
f 11317 11017 10952
f 11231 11114 10714
f 10609 10714 11114
f 10493 11114 11231
f 10715 11113 11230
f 11113 10715 10610
f 11230 11113 10492
f 11229 11112 10716
f 10611 10716 11112
f 10491 11112 11229
f 10717 11111 11228
f 11111 10717 10612
f 11228 11111 10490
f 11227 11110 10718
f 10613 10718 11110
f 10489 11110 11227
f 10719 11109 11226
f 11109 10719 10614
f 11226 11109 10488
f 10486 11108 11219
f 11218 11107 10485
f 10484 11106 11217
f 11216 11105 10483
f 11215 11104 10481
f 10480 11103 11240
f 11214 11102 10479
f 10478 11101 11239
f 11213 11100 10477
f 10476 11099 11238
f 10475 11098 11237
f 11236 11097 10474
f 10473 11096 11235
f 11234 11095 10472
f 10471 11094 11233
f 11232 11093 10470
f 11225 11092 10469
f 10468 11091 11224
f 11223 11090 10467
f 10466 11089 11222
f 11221 11088 10465
f 10464 11087 11220
f 10457 1972 10812
f 11317 1813 1811
f 10457 1973 1972
f 11316 11016 1941
f 1939 10909 11343
f 10973 11016 11316
f 10813 1972 10452
f 1941 1939 11316
f 1972 1973 10452
f 10749 11133 11212
f 11315 11015 1886
f 11212 11133 10469
f 11211 11132 10748
f 11342 11315 1883
f 10468 11132 11211
f 10747 11131 11210
f 10972 11015 11315
f 11210 11131 10467
f 11209 11130 10746
f 10466 11130 11209
f 10745 11129 11208
f 11208 11129 10465
f 10659 10697 11063
f 11207 11128 10744
f 10464 11128 11207
f 1886 1883 11315
f 11074 11114 10463
f 11314 11014 1829
f 10660 10699 11061
f 11072 11112 10461
f 11342 10907 10972
f 11070 11110 10459
f 10971 11014 11314
f 10462 11113 11073
f 1829 1828 11314
f 10460 11111 11071
f 11313 11020 1907
f 10458 11109 11069
f 10565 10559 10487
f 10487 10559 10546
f 10482 10560 10566
f 10545 10560 10482
f 10697 11108 11063
f 11063 11108 10455
f 10699 11106 11061
f 11061 11106 10453
f 11301 11060 10936
f 2044 11060 11301
f 11300 11059 10934
f 2110 11059 11300
f 10932 11046 11290
f 11290 11046 2003
f 10930 11044 11289
f 11289 11044 2069
f 10928 11042 11288
f 11288 11042 2136
f 11293 11045 10931
f 2018 11045 11293
f 11292 11043 10929
f 2083 11043 11292
f 11291 11041 10927
f 2149 11041 11291
f 11021 11169 10588
f 11021 10588 10727
f 1924 11169 11021
f 10587 11168 11020
f 10726 10587 11020
f 11020 11168 1907
f 11019 11167 10586
f 11019 10586 10725
f 1867 11167 11019
f 10585 11166 11018
f 10724 10585 11018
f 11018 11166 1851
f 11022 11170 1964
f 1811 11165 11017
f 11198 11127 10690
f 10584 11164 11016
f 10493 11127 11198
f 10689 11126 11197
f 10722 10584 11016
f 11197 11126 10492
f 11196 11125 10688
f 11016 11164 1941
f 10491 11125 11196
f 10687 11124 11195
f 10583 11163 11015
f 11195 11124 10490
f 11194 11123 10686
f 10721 10583 11015
f 10489 11123 11194
f 10685 11122 11193
f 11015 11163 1886
f 11193 11122 10488
f 11192 11121 10677
f 10582 11162 11014
f 10486 11121 11192
f 10676 11120 11191
f 10720 10582 11014
f 11191 11120 10485
f 11190 11119 10675
f 11014 11162 1829
f 10484 11119 11190
f 10674 11118 11189
f 11028 11176 10594
f 11189 11118 10483
f 10672 11117 11188
f 11028 10594 10737
f 11188 11117 10481
f 10670 11116 11187
f 1957 11176 11028
f 11187 11116 10479
f 10668 11115 11186
f 10593 11175 11027
f 11186 11115 10477
f 11185 11142 10671
f 10480 11142 11185
f 10736 10593 11027
f 11184 11141 10669
f 10478 11141 11184
f 11027 11175 1930
f 11183 11140 10667
f 10476 11140 11183
f 11026 11174 10592
f 11182 11139 10666
f 10475 11139 11182
f 11026 10592 10735
f 10665 11138 11181
f 11181 11138 10474
f 1902 11174 11026
f 11180 11137 10664
f 10473 11137 11180
f 10591 11173 11025
f 10663 11136 11179
f 11179 11136 10472
f 10734 10591 11025
f 11178 11135 10662
f 10471 11135 11178
f 11025 11173 1873
f 10661 11134 11177
f 11177 11134 10470
f 11024 11172 10590
f 11024 10590 10733
f 11133 10544 10469
f 1846 11172 11024
f 10468 10543 11132
f 10589 11171 11023
f 11131 10542 10467
f 10732 10589 11023
f 10466 10541 11130
f 11023 11171 1818
f 11129 10540 10465
f 10564 10566 10560
f 10464 10539 11128
f 10808 11003 11254
f 11003 10808 10743
f 11254 11003 1984
f 11249 11002 10803
f 10738 10803 11002
f 2170 11002 11249
f 10559 10565 10563
f 10560 10545 10556
f 10556 10545 10452
f 10555 10546 10559
f 10457 10546 10555
f 10560 10556 10815
f 10814 10555 10559
f 10972 11315 11342
f 10955 11020 11313
f 1907 1906 11313
f 11312 11018 1851
f 1883 10907 11342
f 11253 10989 10807
f 10742 10807 10989
f 2038 10989 11253
f 10806 10988 11252
f 10988 10806 10741
f 11252 10988 2050
f 11251 10987 10805
f 10740 10805 10987
f 2104 10987 11251
f 10804 10986 11250
f 10986 10804 10739
f 11250 10986 2115
f 11257 10970 10811
f 10731 10811 10970
f 2011 10970 11257
f 11256 10969 10810
f 10730 10810 10969
f 2078 10969 11256
f 11255 10968 10809
f 10729 10809 10968
f 2143 10968 11255
f 10953 11018 11312
f 10936 2042 11301
f 11301 2042 2044
f 10934 2108 11300
f 11300 2108 2110
f 1991 11086 11299
f 11200 11067 10456
f 10456 10554 11200
f 10926 1989 11299
f 11199 11065 10454
f 10454 10553 11199
f 11299 11086 10926
f 11206 11058 10451
f 10451 10552 11206
f 10450 11057 11205
f 11205 10551 10450
f 11204 11056 10449
f 10449 10550 11204
f 10448 11055 11203
f 11203 10549 10448
f 11202 11054 10447
f 10447 10548 11202
f 10446 11053 11201
f 11201 10547 10446
f 10445 11040 11212
f 11211 11039 10444
f 10443 11038 11210
f 11209 11037 10442
f 10441 11036 11208
f 11207 11035 10440
f 11188 11058 10672
f 11187 11056 10670
f 11186 11054 10668
f 10677 11068 11192
f 11191 11067 10676
f 10675 11066 11190
f 11189 11065 10674
f 10690 11080 11198
f 11197 11079 10689
f 10688 11078 11196
f 11195 11077 10687
f 10686 11076 11194
f 11193 11075 10685
f 10671 11057 11185
f 10669 11055 11184
f 10667 11053 11183
f 11299 1989 1991
f 11298 11085 2029
f 11298 2031 10925
f 10925 11085 11298
f 2029 2031 11298
f 2058 11084 11297
f 10924 2056 11297
f 11297 11084 10924
f 1851 1850 11312
f 1924 11021 11311
f 11341 11313 1906
f 11311 11021 10956
f 11311 1925 1924
f 1867 11019 11310
f 10739 10519 10878
f 10877 10518 10740
f 10741 10517 10876
f 10875 10516 10742
f 10881 10523 10729
f 10880 10522 10730
f 10879 10521 10731
f 11297 2056 2058
f 11296 11083 2096
f 11296 2098 10923
f 10923 11083 11296
f 2096 2098 11296
f 2124 11082 11295
f 11259 10562 10575
f 10575 10505 11259
f 10922 2121 11295
f 11295 11082 10922
f 11295 2121 2124
f 11294 11081 2162
f 10570 10561 11258
f 11258 10500 10570
f 11294 2164 10921
f 10921 11081 11294
f 2162 2164 11294
f 10931 2015 11293
f 11293 2015 2018
f 10929 2081 11292
f 11292 2081 2083
f 10927 2147 11291
f 11291 2147 2149
f 11290 2006 10932
f 2003 2006 11290
f 11289 2072 10930
f 2069 2072 11289
f 11288 2137 10928
f 2136 2137 11288
f 11287 10569 10868
f 11286 10568 10867
f 11285 10567 10866
f 10865 10574 11284
f 10863 10572 11283
f 11282 10573 10864
f 11281 10571 10862
f 10861 10581 11280
f 11279 10580 10860
f 10859 10579 11278
f 11277 10578 10858
f 10857 10577 11276
f 11275 10576 10856
f 11324 10912 10959
f 1861 10912 11324
f 10960 10913 11323
f 11323 10913 1914
f 10958 10911 11322
f 11322 10911 1857
f 10945 10910 11321
f 11321 10910 1947
f 10944 10908 11320
f 11320 10908 1892
f 10943 10906 11319
f 11319 10906 1836
f 1818 10937 11023
f 11024 10938 1846
f 10980 10915 11334
f 11334 10915 1823
f 10984 10919 11333
f 11333 10919 1935
f 10982 10917 11332
f 11332 10917 1879
f 11331 11307 2022
f 11331 10978 11012
f 11012 11307 11331
f 2022 10978 11331
f 11330 11306 2088
f 11330 10976 11010
f 11274 10529 10849
f 10861 10529 11274
f 10848 10528 11273
f 11273 10528 10860
f 11272 10527 10847
f 10859 10527 11272
f 10846 10526 11271
f 11271 10526 10858
f 11341 10902 10955
f 11310 11019 10954
f 11310 1869 1867
f 1968 10821 11309
f 10883 1970 11309
f 11309 10821 10883
f 1873 10939 11025
f 11309 1970 1968
f 10561 10570 10816
f 11308 10820 1808
f 11308 1805 10882
f 10882 10820 11308
f 1808 1805 11308
f 11026 10940 1902
f 11010 11306 11330
f 2020 2022 11307
f 2088 10976 11330
f 11270 10525 10845
f 10857 10525 11270
f 10844 10524 11269
f 11269 10524 10856
f 11268 10534 10854
f 10865 10534 11268
f 11267 10532 10852
f 10863 10532 11267
f 10853 10533 11266
f 11266 10533 10864
f 2086 2088 11306
f 10817 10575 10562
f 10851 10531 11265
f 11265 10531 10862
f 10554 11064 11063
f 10553 11062 11061
f 11052 11074 10552
f 10551 11073 11051
f 11050 11072 10550
f 10549 11071 11049
f 11048 11070 10548
f 10547 11069 11047
f 11146 10840 10602
f 10535 10840 11146
f 10601 10839 11145
f 11145 10839 10530
f 10843 10538 11264
f 10666 11040 11182
f 11264 10538 10868
f 11181 11039 10665
f 10842 10537 11263
f 10664 11038 11180
f 11263 10537 10867
f 11179 11037 10663
f 10662 11036 11178
f 11177 11035 10661
f 10841 10536 11262
f 11262 10536 10866
f 11329 11305 2153
f 2151 2153 11305
f 10494 10539 10833
f 10834 10540 10495
f 10496 10541 10835
f 10836 10542 10497
f 10498 10543 10837
f 10838 10544 10499
f 10482 10530 10839
f 10601 10673 10839
f 10840 10535 10487
f 10840 10678 10602
f 11329 10974 11008
f 11304 1999 2001
f 11008 11305 11329
f 11303 2065 2068
f 2153 10974 11329
f 11302 2131 2134
f 2044 10935 11060
f 11060 10935 10660
f 2158 2160 10884
f 10885 2126 2128
f 2092 2094 10886
f 10887 2059 2061
f 11133 10499 10544
f 10543 10498 11132
f 11131 10497 10542
f 10541 10496 11130
f 11129 10495 10540
f 10539 10494 11128
f 2026 2028 10888
f 10889 1993 1996
f 10890 2166 2167
f 2118 2119 10891
f 10892 2100 2101
f 2051 2053 10893
f 10894 2033 2036
f 1986 1987 10895
f 10896 2139 2141
f 10602 10883 10821
f 11061 10453 10553
f 10820 10882 10601
f 10553 10454 11062
f 11144 10487 10535
f 10530 10482 11143
f 10897 2074 2076
f 10898 2007 2009
f 1816 1813 10899
f 10900 1850 1847
f 1871 1869 10901
f 10902 1906 1904
f 1928 1925 10903
f 10904 1962 1960
f 10905 1828 1826
f 1838 1836 10906
f 10907 1883 1881
f 1894 1892 10908
f 10909 1939 1937
f 1950 1947 10910
f 1860 1857 10911
f 10912 1861 1860
f 1916 1914 10913
f 10914 1918 1916
f 1826 1823 10915
f 10916 1840 1838
f 1881 1879 10917
f 10918 1896 1894
f 1937 1935 10919
f 10920 1951 1950
f 10933 2110 2112
f 10935 2044 2045
f 10937 1818 1816
f 1847 1846 10938
f 10939 1873 1871
f 1904 1902 10940
f 10941 1930 1928
f 1960 1957 10942
f 11063 10455 10554
f 10554 10456 11064
f 2110 10933 11059
f 11059 10933 10659
f 10552 10451 11052
f 11051 10450 10551
f 2160 2162 10962
f 10550 10449 11050
f 11049 10448 10549
f 10963 2124 2126
f 2094 2096 10964
f 10965 2058 2059
f 2028 2029 10966
f 10967 1991 1993
f 2143 2146 10968
f 2078 2080 10969
f 2011 2013 10970
f 10548 10447 11048
f 11047 10446 10547
f 10658 10951 11046
f 2153 2155 10974
f 10975 2129 2131
f 2088 2089 10976
f 10977 2063 2065
f 2022 2024 10978
f 10979 1997 1999
f 10986 2113 2115
f 11176 1957 1956
f 1931 1930 11175
f 11174 1902 1899
f 1875 1873 11173
f 11172 1846 1844
f 1820 1818 11171
f 2104 2105 10987
f 10988 2047 2050
f 2038 2039 10989
f 10990 2164 2166
f 1966 1964 11170
f 11169 1924 1922
f 1909 1907 11168
f 11167 1867 1866
f 1853 1851 11166
f 11165 1811 1809
f 1943 1941 11164
f 1888 1886 11163
f 1831 1829 11162
f 2119 2121 10991
f 10992 2098 2100
f 11161 1945 1943
f 2053 2056 10993
f 10994 2031 2033
f 11160 1890 1888
f 1987 1989 10995
f 2146 2147 10996
f 11159 1834 1831
f 10997 2137 2139
f 11045 10950 10657
f 11158 1968 1966
f 2080 2081 10998
f 10999 2072 2074
f 11348 1912 1909
f 2013 2015 11000
f 11001 2006 2007
f 11347 11166 11154
f 2170 2171 11002
f 11003 1982 1984
f 1853 11166 11347
f 11004 2112 2113
f 2105 2108 11005
f 11347 1856 1853
f 11006 2045 2047
f 10656 10949 11044
f 1809 1808 11153
f 2039 2042 11007
f 11043 10948 10655
f 1956 1954 11152
f 10547 10458 11069
f 11070 10459 10548
f 11151 1934 1931
f 10549 10460 11071
f 11072 10461 10550
f 1899 1898 11150
f 10551 10462 11073
f 11074 10463 10552
f 11149 1877 1875
f 10654 10947 11042
f 11041 10946 10653
f 1844 1841 11148
f 11028 10942 1957
f 1930 10941 11027
f 11147 1822 1820
f 11127 10493 10529
f 10528 10492 11126
f 11125 10491 10527
f 10526 10490 11124
f 11123 10489 10525
f 10524 10488 11122
f 11121 10486 10534
f 10533 10485 11120
f 11119 10484 10532
f 10531 10483 11118
f 10538 10481 11117
f 10537 10479 11116
f 10536 10477 11115
f 11326 10979 1999
f 11326 11304 11013
f 11013 10979 11326
f 1999 11304 11326
f 11327 10975 2131
f 11327 11302 11009
f 11009 10975 11327
f 2131 11302 11327
f 11328 10977 2065
f 11328 11303 11011
f 11011 10977 11328
f 2065 11303 11328
f 11338 10901 1869
f 11338 11310 10954
f 10954 10901 11338
f 1869 11310 11338
f 11339 10903 1925
f 11339 11311 10956
f 10956 10903 11339
f 1925 11311 11339
f 1850 10900 11340
f 10953 11312 11340
f 11340 10900 10953
f 11340 11312 1850
f 1906 10902 11341
f 10955 11313 11341
f 11156 11323 11348
f 11348 11323 1912
f 11154 11322 11347
f 11347 11322 1856
f 1864 11324 11345
f 11346 11325 11157
f 11345 11324 11155
f 1920 11325 11346
f 11607 11498 11880
f 11500 11498 2181
f 2180 2181 11498
f 11498 11607 11502
f 2181 11497 11499
f 11497 2181 2180
f 2182 15 11500
f 11500 15 2183
f 2470 15 11499
f 2181 2182 11500
f 11499 15 2182
f 11842 12225 11888
f 11698 11842 11888
f 11499 2182 2181
f 11879 11497 11606
f 11842 11698 11510
f 11501 11606 11497
f 11886 12229 11844
f 11886 11844 11700
f 12194 12195 11449
f 11512 11700 11844
f 11843 12228 11885
f 11542 11396 11495
f 11500 11880 11498
f 11436 11501 11495
f 11495 11396 11436
f 11716 11582 12548
f 11699 11843 11885
f 11497 11879 11499
f 11496 11395 11541
f 11843 11699 11511
f 11496 11502 11435
f 11450 11449 12181
f 11846 12233 11884
f 11452 12197 12193
f 11502 2180 11498
f 2179 2180 11502
f 12197 11452 11448
f 11702 11846 11884
f 12192 12196 11451
f 11435 11395 11496
f 11497 2180 11501
f 11447 11451 12196
f 11846 11702 11514
f 12191 12199 11454
f 11501 2180 2179
f 12310 11528 12548
f 11446 11454 12199
f 11883 12232 11845
f 11453 12198 12190
f 11890 11840 12221
f 11890 11598 11508
f 12198 11453 11445
f 11883 11845 11701
f 12189 12201 11456
f 11840 11890 11508
f 12220 11839 11889
f 11444 11456 12201
f 11513 11701 11845
f 11455 12200 12188
f 11507 11597 11889
f 11507 11889 11839
f 12200 11455 11443
f 11848 12237 11882
f 12328 11980 11488
f 12082 11488 11980
f 11980 11442 12082
f 11704 11848 11882
f 11487 11979 12327
f 11979 11487 12081
f 12081 11441 11979
f 11848 11704 11516
f 12326 11984 11486
f 12080 11486 11984
f 11984 11440 12080
f 11881 12236 11847
f 11485 11983 12325
f 11983 11485 12079
f 12079 11439 11983
f 11881 11847 11703
f 11484 11988 12324
f 11988 11484 12078
f 12078 11438 11988
f 11441 11601 11832
f 11515 11703 11847
f 12323 11987 11483
f 12077 11483 11987
f 11831 11600 11442
f 11987 11437 12077
f 11898 11850 11706
f 12322 11992 11480
f 11439 11603 11830
f 12074 11480 11992
f 11992 11434 12074
f 11518 11706 11850
f 11829 11602 11440
f 11479 11991 12321
f 11991 11479 12073
f 12073 11433 11991
f 11828 11605 11437
f 11705 11849 11897
f 11478 11990 12320
f 11990 11478 12072
f 11438 11604 11827
f 12072 11432 11990
f 11849 11705 11517
f 12319 11989 11477
f 12071 11477 11989
f 11989 11431 12071
f 11896 11852 11708
f 11476 11986 12318
f 11986 11476 12070
f 12070 11430 11986
f 11520 11708 11852
f 12317 11985 11475
f 11433 11609 11826
f 12069 11475 11985
f 11985 11429 12069
f 11707 11851 11895
f 11825 11608 11434
f 12316 11982 11474
f 12068 11474 11982
f 11982 11428 12068
f 11824 11611 11431
f 11851 11707 11519
f 11473 11981 12315
f 11981 11473 12067
f 11432 11610 11823
f 12067 11427 11981
f 12548 11582 12310
f 12314 11978 11472
f 11822 11613 11429
f 12066 11472 11978
f 11978 11426 12066
f 11380 11562 12328
f 11430 11612 11821
f 11471 11977 12313
f 11977 11471 12065
f 12065 11425 11977
f 11427 11615 11820
f 11488 11380 12328
f 11470 11976 12312
f 11976 11470 12064
f 11819 11614 11428
f 12064 11424 11976
f 12548 11528 11716
f 12311 11975 11469
f 11425 11617 11818
f 12063 11469 11975
f 11975 11423 12063
f 12327 11561 11379
f 11817 11616 11426
f 11468 11974 12310
f 11974 11468 12062
f 12062 11422 11974
f 11816 11619 11423
f 12327 11379 11487
f 12309 11973 11467
f 12061 11467 11973
f 11424 11618 11815
f 11973 11421 12061
f 12547 11581 11715
f 12308 11972 11466
f 11814 11621 11421
f 12060 11466 11972
f 11972 11420 12060
f 11378 11564 12326
f 11422 11620 11813
f 11465 11971 12307
f 11971 11465 12059
f 12059 11419 11971
f 11419 11623 11812
f 11486 11378 12326
f 11464 11970 12306
f 11970 11464 12058
f 11811 11622 11420
f 12058 11418 11970
f 12547 11527 12309
f 12305 11969 11463
f 11810 11625 11417
f 12057 11463 11969
f 11969 11417 12057
f 12325 11563 11377
f 11418 11624 11809
f 12325 11377 11485
f 12309 11581 12547
f 12324 11566 11376
f 11808 11627 11415
f 12324 11376 11484
f 11462 11968 12304
f 11968 11462 12056
f 11416 11626 11807
f 12056 11416 11968
f 11715 11527 12547
f 12303 11967 11461
f 11413 11629 11806
f 12055 11461 11967
f 11967 11415 12055
f 11375 11565 12323
f 11805 11628 11414
f 12302 11966 11460
f 12054 11460 11966
f 11966 11414 12054
f 11411 11631 11804
f 11483 11375 12323
f 11459 11965 12301
f 11965 11459 12053
f 11803 11630 11412
f 12053 11413 11965
f 2046 11881 12546
f 12300 11964 11458
f 11802 11633 11409
f 12052 11458 11964
f 11964 11412 12052
f 11372 11570 12322
f 11410 11632 11801
f 11457 11963 12299
f 11963 11457 12051
f 12051 11411 11963
f 11800 11635 11407
f 11480 11372 12322
f 11456 11962 12296
f 11962 11456 12050
f 11408 11634 11799
f 12050 11410 11962
f 12526 12509 12106
f 12295 11961 11455
f 11405 11637 11798
f 12049 11455 11961
f 11961 11409 12049
f 12321 11569 11371
f 11797 11636 11406
f 11454 11960 12292
f 11960 11454 12048
f 12048 11408 11960
f 11796 11639 11403
f 12321 11371 11479
f 12291 11959 11453
f 12047 11453 11959
f 11404 11638 11795
f 11959 11407 12047
f 12546 11881 12117
f 12286 11958 11452
f 11794 11641 11401
f 12046 11452 11958
f 11958 11406 12046
f 11366 11576 12316
f 11402 11640 11793
f 11451 11957 12285
f 11957 11451 12045
f 12045 11405 11957
f 11399 11643 11792
f 11474 11366 12316
f 11450 11956 12284
f 11956 11450 12044
f 11791 11642 11400
f 12044 11404 11956
f 12546 2048 2046
f 12195 11955 11449
f 11397 11645 11790
f 12043 11449 11955
f 11955 11403 12043
f 12315 11575 11365
f 11789 11644 11398
f 11448 11954 12197
f 11954 11448 12042
f 12042 11402 11954
f 12315 11365 11473
f 12196 11953 11447
f 12041 11447 11953
f 11953 11401 12041
f 12545 11882 2107
f 12199 11952 11446
f 12040 11446 11952
f 11952 11400 12040
f 12320 11572 11370
f 11445 11951 12198
f 11951 11445 12039
f 12039 11399 11951
f 12320 11370 11478
f 12201 11950 11444
f 12038 11444 11950
f 11950 11398 12038
f 2075 12509 12526
f 11443 11949 12200
f 11949 11443 12037
f 12037 11397 11949
f 11369 11571 12319
f 11744 11833 11948
f 11477 11369 12319
f 11833 2175 12376
f 12118 11882 12545
f 11947 11834 11743
f 11364 11578 12314
f 12375 2175 11834
f 11744 11542 11388
f 2183 11880 11500
f 11387 11541 11743
f 11499 11879 2470
f 12342 12156 11802
f 2279 12156 12342
f 11801 12155 12341
f 12341 12155 2374
f 12344 12160 11800
f 2198 12160 12344
f 12344 2196 2198
f 11799 12159 12343
f 12343 12159 2455
f 2455 2457 12343
f 11804 12134 12340
f 12340 12134 2292
f 12339 12133 11803
f 2361 12133 12339
f 11798 12166 12346
f 12346 12166 2248
f 2248 2249 12346
f 12345 12165 11797
f 2406 12165 12345
f 12345 2404 2406
f 11806 12132 12338
f 12338 12132 2210
f 12337 12131 11805
f 2443 12131 12337
f 12348 12170 11796
f 2323 12170 12348
f 12348 2321 2323
f 11795 12169 12347
f 12347 12169 2330
f 2330 2331 12347
f 12336 12130 11808
f 2235 12130 12336
f 11807 12129 12335
f 12335 12129 2418
f 12350 12174 11794
f 2242 12174 12350
f 12350 2240 2242
f 11793 12173 12349
f 12349 12173 2412
f 2412 2413 12349
f 12334 12126 11810
f 2318 12126 12334
f 11809 12125 12333
f 12333 12125 2336
f 11792 12178 12352
f 12352 12178 2203
f 2203 2206 12352
f 12351 12177 11791
f 2450 12177 12351
f 12351 2447 2450
f 11812 12122 12332
f 12332 12122 2254
f 12331 12121 11811
f 2399 12121 12331
f 11790 12180 12354
f 12354 12180 2285
f 2285 2288 12354
f 12353 12179 11789
f 2367 12179 12353
f 12353 2365 2367
f 11814 12018 12356
f 12356 12018 2190
f 2190 2191 12356
f 12355 12017 11813
f 2464 12017 12355
f 12355 2461 2464
f 11816 12022 12358
f 12358 12022 2272
f 2272 2274 12358
f 12357 12021 11815
f 2381 12021 12357
f 12357 2380 2381
f 12360 12026 11818
f 2299 12026 12360
f 12360 2297 2299
f 11817 12025 12359
f 12359 12025 2353
f 2353 2355 12359
f 12362 12030 11820
f 2218 12030 12362
f 12362 2216 2218
f 11819 12029 12361
f 12361 12029 2436
f 2436 2437 12361
f 11822 12020 12364
f 12364 12020 2227
f 2227 2229 12364
f 12363 12019 11821
f 2425 12019 12363
f 12363 2424 2425
f 11824 12024 12366
f 12366 12024 2309
f 2309 2311 12366
f 12365 12023 11823
f 2344 12023 12365
f 12365 2342 2344
f 12368 12028 11826
f 2262 12028 12368
f 12368 2260 2262
f 11825 12027 12367
f 12367 12027 2391
f 2391 2393 12367
f 11828 12032 12370
f 12370 12032 2266
f 2266 2268 12370
f 12369 12031 11827
f 2387 12031 12369
f 12369 2385 2387
f 12372 12034 11830
f 2305 12034 12372
f 12372 2303 2305
f 11829 12033 12371
f 12371 12033 2348
f 2348 2350 12371
f 12374 12036 11832
f 2224 12036 12374
f 12374 2222 2224
f 11831 12035 12373
f 12373 12035 2429
f 2429 2432 12373
f 12330 12097 11880
f 2185 12097 12330
f 11879 12096 12329
f 12329 12096 2468
f 11659 12156 12095
f 12095 12156 2281
f 12094 12155 11658
f 2372 12155 12094
f 11657 12160 12089
f 12089 12160 2200
f 12088 12159 11656
f 2454 12159 12088
f 12085 12166 11655
f 2245 12166 12085
f 11654 12165 12084
f 12084 12165 2408
f 12083 12169 11652
f 2327 12169 12083
f 12176 12134 11661
f 2290 12134 12176
f 11660 12133 12175
f 12175 12133 2363
f 12172 12132 11663
f 2208 12132 12172
f 11662 12131 12171
f 12171 12131 2445
f 11665 12130 12168
f 12168 12130 2237
f 12167 12129 11664
f 2415 12129 12167
f 11667 12126 12164
f 12164 12126 2319
f 12163 12125 11666
f 2333 12125 12163
f 12162 12122 11669
f 2251 12122 12162
f 11668 12121 12161
f 12161 12121 2401
f 11671 12116 12158
f 12158 12116 2194
f 12157 12115 11670
f 2459 12115 12157
f 11673 12112 12154
f 12154 12112 2276
f 12153 12111 11672
f 2378 12111 12153
f 12152 12108 11675
f 2296 12108 12152
f 11674 12107 12151
f 12151 12107 2357
f 12150 12105 11677
f 2214 12105 12150
f 11676 12104 12149
f 12149 12104 2440
f 11679 12103 12148
f 12148 12103 2232
f 12147 12102 11678
f 2422 12102 12147
f 11681 12101 12146
f 12146 12101 2313
f 12145 12100 11680
f 2340 12100 12145
f 12144 12099 11683
f 2257 12099 12144
f 11682 12098 12143
f 12143 12098 2395
f 11687 12093 12140
f 12140 12093 2270
f 12139 12092 11686
f 2384 12092 12139
f 12138 12091 11689
f 2301 12091 12138
f 11688 12090 12137
f 12137 12090 2351
f 12136 12087 11691
f 2219 12087 12136
f 11690 12086 12135
f 12135 12086 2434
f 11607 11880 12097
f 11472 11364 12314
f 12096 11879 11606
f 2107 2106 12545
f 2132 11886 12544
f 12313 11577 11363
f 12110 12508 12544
f 12313 11363 11471
f 12544 11886 12110
f 12544 2133 2132
f 12543 11885 2021
f 12318 11574 11368
f 12544 12508 2133
f 12318 11368 11476
f 12109 11885 12543
f 2021 2019 12543
f 12542 11884 2163
f 11367 11573 12317
f 12543 12507 12109
f 11475 11367 12317
f 12114 11884 12542
f 2163 2161 12542
f 1990 11883 12541
f 12312 11580 11362
f 2019 12507 12543
f 12312 11362 11470
f 12541 11883 12113
f 12541 1992 1990
f 12540 11585 11711
f 11361 11579 12311
f 12540 11523 12305
f 11469 11361 12311
f 12305 11585 12540
f 11711 11523 12540
f 12539 11584 11714
f 12310 11582 11360
f 12539 11526 12308
f 12310 11360 11468
f 12308 11584 12539
f 11714 11526 12539
f 11713 11583 12538
f 11359 11581 12309
f 12307 11525 12538
f 11467 11359 12309
f 12538 11583 12307
f 12538 11525 11713
f 11718 11580 12537
f 11358 11584 12308
f 12312 11530 12537
f 11466 11358 12308
f 12537 11580 12312
f 12537 11530 11718
f 12536 11579 11717
f 12307 11583 11357
f 12536 11529 12311
f 12307 11357 11465
f 12311 11579 12536
f 11717 11529 12536
f 11712 11586 12535
f 12306 11586 11356
f 12306 11524 12535
f 12306 11356 11464
f 12535 11586 12306
f 12535 11524 11712
f 12296 11516 11704
f 11355 11585 12305
f 11703 11515 12295
f 11463 11355 12305
f 12292 11514 11702
f 11710 11588 12534
f 11701 11513 12291
f 12304 11588 11354
f 11700 11512 12286
f 12304 11354 11462
f 12285 11511 11699
f 12304 11522 12534
f 12284 11510 11698
f 11353 11587 12303
f 11461 11353 12303
f 12534 11588 12304
f 11352 11590 12302
f 11460 11352 12302
f 12534 11522 11710
f 12301 11589 11351
f 12301 11351 11459
f 12533 11587 11709
f 11350 11592 12300
f 11458 11350 12300
f 12533 11521 12303
f 12299 11591 11349
f 12299 11349 11457
f 11496 2179 11502
f 11980 11912 12398
f 12398 11442 11980
f 11912 11980 11394
f 12378 11394 11980
f 12397 11911 11979
f 11979 11441 12397
f 11393 11979 11911
f 11979 11393 12377
f 11984 11916 12402
f 12402 11440 11984
f 11916 11984 11392
f 12380 11392 11984
f 12401 11915 11983
f 11983 11439 12401
f 11391 11983 11915
f 11983 11391 12379
f 12406 11920 11988
f 11988 11438 12406
f 11390 11988 11920
f 11988 11390 12382
f 11987 11919 12405
f 12405 11437 11987
f 11919 11987 11389
f 12381 11389 11987
f 11992 11928 12410
f 12410 11434 11992
f 11928 11992 11386
f 12384 11386 11992
f 12409 11927 11991
f 11991 11433 12409
f 11385 11991 11927
f 11991 11385 12383
f 12414 11932 11990
f 11990 11432 12414
f 11384 11990 11932
f 11990 11384 12386
f 11989 11931 12413
f 12413 11431 11989
f 11931 11989 11383
f 12385 11383 11989
f 12418 11936 11986
f 11986 11430 12418
f 11382 11986 11936
f 11986 11382 12388
f 11985 11935 12417
f 12417 11429 11985
f 11935 11985 11381
f 12387 11381 11985
f 12217 11838 11892
f 11506 11596 11892
f 11904 11982 11380
f 12390 11380 11982
f 11506 11892 11838
f 11891 11837 12216
f 11379 11981 11903
f 11981 11379 12389
f 11891 11595 11505
f 11837 11891 11505
f 11906 11978 11378
f 12392 11378 11978
f 12213 11836 11894
f 11504 11594 11894
f 11377 11977 11905
f 11977 11377 12391
f 11504 11894 11836
f 11893 11835 12212
f 11376 11976 11908
f 11976 11376 12394
f 11893 11593 11503
f 11835 11893 11503
f 11907 11975 11375
f 12393 11375 11975
f 12427 2178 11496
f 11435 11502 11607
f 11374 11974 11910
f 11974 11374 12396
f 2178 2179 11496
f 11501 2179 11495
f 11909 11973 11373
f 12395 11373 11973
f 11606 11501 11436
f 11738 11878 11902
f 11914 11972 11372
f 12400 11372 11972
f 11878 11738 11550
f 11901 11877 11737
f 11371 11971 11913
f 11971 11371 12399
f 11549 11737 11877
f 11740 11876 11900
f 11370 11970 11918
f 11970 11370 12404
f 11876 11740 11552
f 11899 11875 11739
f 11917 11969 11369
f 12403 11369 11969
f 11551 11739 11875
f 11509 12195 11599
f 11368 11968 11922
f 11968 11368 12408
f 12224 11841 11887
f 11509 11599 11887
f 11921 11967 11367
f 12407 11367 11967
f 11598 12197 11508
f 11509 11887 11841
f 11924 11966 11366
f 12412 11366 11966
f 12187 12038 11646
f 11507 12196 11597
f 11365 11965 11923
f 11965 11365 12411
f 12187 11456 11444
f 11444 12038 12187
f 11926 11964 11364
f 12416 11364 11964
f 11506 12199 11596
f 11647 12037 12186
f 11363 11963 11925
f 11963 11363 12415
f 11443 11455 12186
f 11595 12198 11505
f 11362 11962 11930
f 11962 11362 12420
f 12186 12037 11443
f 12185 12040 11648
f 11929 11961 11361
f 12419 11361 11961
f 11504 12201 11594
f 12185 11454 11446
f 11360 11960 11934
f 11960 11360 12422
f 11446 12040 12185
f 11593 12200 11503
f 11933 11959 11359
f 12421 11359 11959
f 11649 12039 12184
f 11445 11453 12184
f 11938 11958 11358
f 12424 11358 11958
f 12181 12043 11653
f 11449 12043 12181
f 11357 11957 11937
f 11957 11357 12423
f 11876 12205 12443
f 12205 11876 11734
f 11356 11956 11940
f 11956 11356 12425
f 11546 11734 11876
f 12442 12204 11875
f 11939 11955 11355
f 11733 11875 12204
f 11875 11733 11545
f 11878 12203 12441
f 11354 11954 11942
f 12203 11878 11736
f 11548 11736 11878
f 12440 12202 11877
f 11941 11953 11353
f 11735 11877 12202
f 12298 11542 11730
f 12184 12039 11445
f 11396 11542 12298
f 11729 11541 12297
f 11650 12042 12183
f 12297 11541 11395
f 11877 11735 11547
f 12451 12241 11854
f 11944 11952 11352
f 11710 11854 12241
f 11854 11710 11522
f 11853 12240 12450
f 11351 11951 11943
f 12240 11853 11709
f 11521 11709 11853
f 12453 12239 11856
f 11946 11950 11350
f 11712 11856 12239
f 11856 11712 11524
f 11855 12238 12452
f 11349 11949 11945
f 12238 11855 11711
f 11448 11452 12183
f 12183 12042 11448
f 11523 11711 11855
f 12182 12041 11651
f 12182 11451 11447
f 11858 12235 12455
f 12235 11858 11714
f 11495 2178 12426
f 11526 11714 11858
f 11495 2179 2178
f 12454 12234 11857
f 11713 11857 12234
f 11857 11713 11525
f 12463 12231 11860
f 12083 11652 11653
f 12181 11653 11652
f 11716 11860 12231
f 11860 11716 11528
f 12085 11655 11651
f 12182 11651 11655
f 11447 12041 12182
f 11948 12243 11744
f 11650 11654 12084
f 11654 11650 12183
f 11730 11744 12243
f 11744 11730 11542
f 11649 11657 12089
f 11657 11649 12184
f 11743 12242 11947
f 12242 11743 11729
f 12088 11656 11648
f 12185 11648 11656
f 11541 11729 11743
f 11424 11908 11976
f 11647 11659 12095
f 11659 11647 12186
f 11761 11908 11424
f 11975 11907 11423
f 12094 11658 11646
f 12187 11646 11658
f 11423 11907 11762
f 11978 11906 11426
f 11859 12230 12462
f 12230 11859 11715
f 11527 11715 11859
f 12457 12227 11862
f 11718 11862 12227
f 11862 11718 11530
f 11861 12226 12456
f 12226 11861 11717
f 11529 11717 11861
f 11864 12223 12459
f 12223 11864 11720
f 11532 11720 11864
f 12458 12222 11863
f 11719 11863 12222
f 11863 11719 11531
f 11866 12219 12461
f 12219 11866 11722
f 11534 11722 11866
f 12288 11556 11742
f 12460 12218 11865
f 11386 11556 12288
f 11741 11555 12287
f 11721 11865 12218
f 12287 11555 11385
f 11740 11558 12290
f 11865 11721 11533
f 12290 11558 11384
f 12289 11557 11739
f 12467 12215 11868
f 11383 11557 12289
f 11738 11560 12294
f 11724 11868 12215
f 12294 11560 11382
f 12293 11559 11737
f 11868 11724 11536
f 11381 11559 12293
f 11867 12214 12466
f 12214 11867 11723
f 11535 11723 11867
f 12471 12211 11870
f 11726 11870 12211
f 11870 11726 11538
f 11869 12210 12470
f 12210 11869 11725
f 11537 11725 11869
f 11872 12209 12469
f 12209 11872 11728
f 11540 11728 11872
f 12468 12208 11871
f 11727 11871 12208
f 11871 11727 11539
f 12465 12207 11874
f 11732 11874 12207
f 11874 11732 11544
f 11873 12206 12464
f 12206 11873 11731
f 11543 11731 11873
f 11404 11940 11956
f 11781 11940 11404
f 11964 11926 11412
f 11412 11926 11773
f 11411 11925 11963
f 11774 11925 11411
f 11966 11924 11414
f 11414 11924 11771
f 11413 11923 11965
f 11772 11923 11413
f 11416 11922 11968
f 11769 11922 11416
f 11967 11921 11415
f 11415 11921 11770
f 11418 11918 11970
f 11767 11918 11418
f 11969 11917 11417
f 11417 11917 11768
f 11972 11914 11420
f 11420 11914 11765
f 11419 11913 11971
f 11766 11913 11419
f 12213 12245 11836
f 2103 12245 12213
f 11835 12244 12212
f 12212 12244 2049
f 12217 12247 11838
f 2159 12247 12217
f 11837 12246 12216
f 12216 12246 1994
f 11840 12249 12221
f 12221 12249 2135
f 12220 12248 11839
f 2017 12248 12220
f 12224 12250 11841
f 2073 12250 12224
f 11730 11568 12298
f 12298 11568 11374
f 12298 11374 11482
f 12297 11567 11729
f 11373 11567 12297
f 11481 11373 12297
f 11950 11946 11398
f 11398 11946 11787
f 11397 11945 11949
f 11788 11945 11397
f 11952 11944 11400
f 11400 11944 11785
f 11399 11943 11951
f 11786 11943 11399
f 11402 11942 11954
f 11783 11942 11402
f 11953 11941 11401
f 11401 11941 11784
f 11958 11938 11406
f 11406 11938 11779
f 11405 11937 11957
f 11780 11937 11405
f 11408 11934 11960
f 11777 11934 11408
f 11959 11933 11407
f 11407 11933 11778
f 11410 11930 11962
f 11775 11930 11410
f 11961 11929 11409
f 11409 11929 11776
f 11422 11910 11974
f 11763 11910 11422
f 11973 11909 11421
f 11421 11909 11764
f 12194 12284 11698
f 11449 11450 12194
f 11450 12284 12194
f 11955 11939 11403
f 11403 11939 11782
f 11994 11661 11788
f 12439 12261 11852
f 11722 11852 12261
f 11787 11660 11993
f 11852 11722 11576
f 11851 12260 12438
f 11996 11663 11786
f 12260 11851 11721
f 11575 11721 11851
f 11785 11662 11995
f 12437 12259 11850
f 11720 11850 12259
f 11784 11665 11998
f 11850 11720 11578
f 11849 12258 12436
f 11997 11664 11783
f 12258 11849 11719
f 11577 11719 11849
f 11782 11667 12000
f 11848 12257 12237
f 12257 11848 11718
f 11999 11666 11781
f 11580 11718 11848
f 12236 12256 11847
f 12002 11669 11780
f 11717 11847 12256
f 11847 11717 11579
f 11779 11668 12001
f 11846 12255 12233
f 12255 11846 11716
f 11778 11671 12004
f 11582 11716 11846
f 12232 12254 11845
f 12003 11670 11777
f 11715 11845 12254
f 11845 11715 11581
f 11601 11691 12087
f 11691 11601 12081
f 12086 11690 11600
f 12082 11600 11690
f 11603 11689 12091
f 11689 11603 12079
f 12090 11688 11602
f 12080 11602 11688
f 12093 11687 11605
f 12077 11605 11687
f 11604 11686 12092
f 11686 11604 12078
f 12229 12253 11844
f 12097 11685 11607
f 12075 11607 11685
f 11714 11844 12253
f 11606 11684 12096
f 11684 11606 12076
f 11609 11683 12099
f 11683 11609 12073
f 12098 11682 11608
f 12074 11608 11682
f 12101 11681 11611
f 12071 11611 11681
f 11610 11680 12100
f 11680 11610 12072
f 12103 11679 11613
f 12069 11613 11679
f 11612 11678 12102
f 11678 11612 12070
f 11615 11677 12105
f 11677 11615 12067
f 12104 11676 11614
f 12068 11614 11676
f 11617 11675 12108
f 11675 11617 12065
f 12107 11674 11616
f 12066 11616 11674
f 12112 11673 11619
f 12063 11619 11673
f 11618 11672 12111
f 11672 11618 12064
f 12116 11671 11621
f 12061 11621 11671
f 11620 11670 12115
f 11670 11620 12062
f 11623 11669 12122
f 11669 11623 12059
f 12121 11668 11622
f 12060 11622 11668
f 12126 11667 11625
f 12057 11625 11667
f 11624 11666 12125
f 11666 11624 12058
f 12130 11665 11627
f 12055 11627 11665
f 11626 11664 12129
f 11664 11626 12056
f 11629 11663 12132
f 11663 11629 12053
f 12131 11662 11628
f 12054 11628 11662
f 11631 11661 12134
f 11661 11631 12051
f 12133 11660 11630
f 12052 11630 11660
f 11776 11673 12006
f 11844 11714 11584
f 11843 12252 12228
f 12005 11672 11775
f 12252 11843 11713
f 11583 11713 11843
f 12008 11675 11774
f 11842 12251 12225
f 12251 11842 11712
f 11773 11674 12007
f 11586 11712 11842
f 12461 12275 11866
f 12010 11677 11772
f 11736 11866 12275
f 11866 11736 11562
f 11771 11676 12009
f 11865 12274 12460
f 12274 11865 11735
f 11770 11679 12012
f 11561 11735 11865
f 12459 12273 11864
f 12011 11678 11769
f 11734 11864 12273
f 11864 11734 11564
f 11768 11681 12014
f 11863 12272 12458
f 12272 11863 11733
f 12013 11680 11767
f 11563 11733 11863
f 11862 12271 12457
f 12016 11683 11766
f 12271 11862 11732
f 11566 11732 11862
f 11765 11682 12015
f 12456 12270 11861
f 11731 11861 12270
f 12030 11691 11758
f 11691 12030 12136
f 11861 11731 11565
f 11757 11690 12029
f 12135 12029 11690
f 11860 12269 12463
f 12026 11689 11760
f 11689 12026 12138
f 12269 11860 11730
f 11759 11688 12025
f 12137 12025 11688
f 11568 11730 11860
f 11762 11687 12022
f 12140 12022 11687
f 12462 12268 11859
f 12021 11686 11761
f 11686 12021 12139
f 11729 11859 12268
f 11764 11685 12018
f 11859 11729 11567
f 12455 12267 11858
f 12017 11684 11763
f 11728 11858 12267
f 11858 11728 11570
f 12142 12018 11685
f 11684 12017 12141
f 11683 12016 12144
f 12143 12015 11682
f 12146 12014 11681
f 11680 12013 12145
f 12148 12012 11679
f 11678 12011 12147
f 11677 12010 12150
f 12149 12009 11676
f 11675 12008 12152
f 12151 12007 11674
f 12154 12006 11673
f 11672 12005 12153
f 12158 12004 11671
f 11670 12003 12157
f 11669 12002 12162
f 12161 12001 11668
f 12164 12000 11667
f 11666 11999 12163
f 12168 11998 11665
f 11664 11997 12167
f 11426 11906 11759
f 11425 11905 11977
f 11663 11996 12172
f 12171 11995 11662
f 11661 11994 12176
f 12175 11993 11660
f 11760 11905 11425
f 11982 11904 11428
f 11428 11904 11757
f 11427 11903 11981
f 11756 11693 12020
f 11857 12266 12454
f 12417 11935 11756
f 12019 11692 11755
f 12266 11857 11727
f 11755 11936 12418
f 11754 11695 12024
f 11569 11727 11857
f 12413 11931 11754
f 12023 11694 11753
f 11856 12265 12453
f 11753 11932 12414
f 12028 11697 11752
f 12265 11856 11726
f 11752 11927 12409
f 11751 11696 12027
f 11572 11726 11856
f 12410 11928 11751
f 11750 11697 12032
f 12452 12264 11855
f 12405 11919 11750
f 12031 11696 11749
f 11725 11855 12264
f 11749 11920 12406
f 12034 11695 11748
f 11855 11725 11571
f 11748 11915 12401
f 11747 11694 12033
f 11854 12263 12451
f 12402 11916 11747
f 12036 11693 11746
f 12263 11854 11724
f 11746 11911 12397
f 11745 11692 12035
f 11574 11724 11854
f 12398 11912 11745
f 12450 12262 11853
f 11723 11853 12262
f 11853 11723 11573
f 11874 12283 12465
f 12283 11874 11742
f 11554 11742 11874
f 11697 12028 12120
f 12119 12027 11696
f 12124 12024 11695
f 11694 12023 12123
f 12128 12020 11693
f 11692 12019 12127
f 11638 11652 12169
f 11652 11638 12044
f 11637 11655 12166
f 11655 11637 12045
f 12165 11654 11636
f 12046 11636 11654
f 12160 11657 11635
f 12047 11635 11657
f 11634 11656 12159
f 11656 11634 12048
f 12156 11659 11633
f 12049 11633 11659
f 11632 11658 12155
f 11658 11632 12050
f 11746 11832 12036
f 12035 11831 11745
f 11748 11830 12034
f 12033 11829 11747
f 12032 11828 11750
f 11749 11827 12031
f 11752 11826 12028
f 12027 11825 11751
f 12024 11824 11754
f 11753 11823 12023
f 12020 11822 11756
f 11755 11821 12019
f 11758 11820 12030
f 12029 11819 11757
f 11760 11818 12026
f 12025 11817 11759
f 12022 11816 11762
f 11761 11815 12021
f 12018 11814 11764
f 11763 11813 12017
f 12332 12016 11812
f 11766 11812 12016
f 11811 12015 12331
f 12015 11811 11765
f 11810 12014 12334
f 12014 11810 11768
f 12333 12013 11809
f 11767 11809 12013
f 11808 12012 12336
f 12012 11808 11770
f 12335 12011 11807
f 11769 11807 12011
f 12338 12010 11806
f 11772 11806 12010
f 11805 12009 12337
f 12009 11805 11771
f 12340 12008 11804
f 11774 11804 12008
f 11803 12007 12339
f 12007 11803 11773
f 11802 12006 12342
f 12006 11802 11776
f 12341 12005 11801
f 11775 11801 12005
f 11800 12004 12344
f 12004 11800 11778
f 12343 12003 11799
f 11777 11799 12003
f 12346 12002 11798
f 11780 11798 12002
f 11797 12001 12345
f 12001 11797 11779
f 11796 12000 12348
f 12000 11796 11782
f 12347 11999 11795
f 11781 11795 11999
f 11794 11998 12350
f 11998 11794 11784
f 12349 11997 11793
f 11783 11793 11997
f 12352 11996 11792
f 11786 11792 11996
f 11791 11995 12351
f 11995 11791 11785
f 12354 11994 11790
f 11788 11790 11994
f 11789 11993 12353
f 11993 11789 11787
f 12464 12282 11873
f 11741 11873 12282
f 11873 11741 11553
f 12469 12281 11872
f 11742 11872 12281
f 11872 11742 11556
f 11871 12280 12468
f 12280 11871 11741
f 11555 11741 11871
f 11870 12279 12471
f 12279 11870 11740
f 11558 11740 11870
f 12470 12278 11869
f 11739 11869 12278
f 11653 12170 12083
f 12170 11653 11639
f 12043 11639 11653
f 11651 12174 12085
f 12174 11651 11641
f 12041 11641 11651
f 12084 12173 11650
f 11640 11650 12173
f 11650 11640 12042
f 12089 12178 11649
f 11643 11649 12178
f 11649 11643 12039
f 11648 12177 12088
f 12177 11648 11642
f 12040 11642 11648
f 12095 12180 11647
f 11645 11647 12180
f 11647 11645 12037
f 11646 12179 12094
f 12179 11646 11644
f 12038 11644 11646
f 2075 12224 12509
f 11887 12106 12509
f 12509 12224 11887
f 12117 12505 12546
f 12275 12203 11736
f 11869 11739 11557
f 2150 12203 12275
f 11735 12202 12274
f 11868 12277 12467
f 12274 12202 2004
f 12273 12205 11734
f 12277 11868 11738
f 2093 12205 12273
f 11733 12204 12272
f 11560 11738 11868
f 12272 12204 2060
f 11732 12207 12271
f 12466 12276 11867
f 12271 12207 2116
f 12270 12206 11731
f 11737 11867 12276
f 2037 12206 12270
f 11730 12243 12269
f 11867 11737 11559
f 12269 12243 2172
f 12268 12242 11729
f 11758 11903 11427
f 1981 12242 12268
f 12267 12209 11728
f 2174 12243 11948
f 2123 12209 12267
f 11727 12208 12266
f 12508 12221 2133
f 12266 12208 2030
f 11726 12211 12265
f 11947 12242 1979
f 12265 12211 2085
f 12264 12210 11725
f 11711 11841 12250
f 2067 12210 12264
f 11841 11711 11585
f 12249 11840 11710
f 11588 11710 11840
f 11709 11839 12248
f 11724 12215 12263
f 11839 11709 11587
f 12263 12215 2142
f 12262 12214 11723
f 11708 11838 12247
f 2012 12214 12262
f 11838 11708 11590
f 12246 11837 11707
f 11589 11707 11837
f 11706 11836 12245
f 12261 12219 11722
f 11836 11706 11592
f 2154 12219 12261
f 11721 12218 12260
f 12244 11835 11705
f 12260 12218 2000
f 11742 12281 12283
f 11591 11705 11835
f 12283 12281 2120
f 12282 12280 11741
f 12225 12251 2079
f 2034 12280 12282
f 12259 12223 11720
f 2130 12253 12229
f 2097 12223 12259
f 11719 12222 12258
f 12228 12252 2023
f 12258 12222 2055
f 11718 12227 12257
f 12233 12255 2165
f 12257 12227 2111
f 12256 12226 11717
f 1988 12254 12232
f 2041 12226 12256
f 12237 12257 2109
f 2043 12256 12236
f 11716 12231 12255
f 12433 11919 11927
f 12255 12231 2168
f 12254 12230 11715
f 11927 11752 12433
f 1985 12230 12254
f 12433 11752 11697
f 11928 11920 12432
f 11900 12279 11740
f 12432 11751 11928
f 2090 12279 11900
f 11739 12278 11899
f 11696 11751 12432
f 11899 12278 2064
f 12253 12235 11714
f 11931 11915 12431
f 2127 12235 12253
f 11713 12234 12252
f 12431 11754 11931
f 12252 12234 2025
f 11902 12277 11738
f 11695 11754 12431
f 2145 12277 11902
f 11737 12276 11901
f 12430 11916 11932
f 11901 12276 2008
f 11712 12239 12251
f 11932 11753 12430
f 12251 12239 2082
f 12250 12238 11711
f 12430 11753 11694
f 2071 12238 12250
f 11710 12241 12249
f 11935 11911 12429
f 12249 12241 2138
f 12248 12240 11709
f 12429 11756 11935
f 2016 12240 12248
f 12247 11896 11708
f 11693 11756 12429
f 2157 11896 12247
f 11707 11895 12246
f 12428 11912 11936
f 12246 11895 1995
f 12245 11898 11706
f 11936 11755 12428
f 2102 11898 12245
f 11705 11897 12244
f 12428 11755 11692
f 12244 11897 2052
f 12508 12110 11890
f 11890 12221 12508
f 11427 11820 11758
f 11757 11819 11428
f 11425 11818 11760
f 11759 11817 11426
f 11762 11816 11423
f 11424 11815 11761
f 11764 11814 11421
f 11422 11813 11763
f 11419 11812 11766
f 11765 11811 11420
f 11768 11810 11417
f 11418 11809 11767
f 11770 11808 11415
f 11416 11807 11769
f 11413 11806 11772
f 11771 11805 11414
f 11411 11804 11774
f 11773 11803 11412
f 11776 11802 11409
f 11410 11801 11775
f 11778 11800 11407
f 11408 11799 11777
f 11405 11798 11780
f 11779 11797 11406
f 11782 11796 11403
f 11404 11795 11781
f 11784 11794 11401
f 11402 11793 11783
f 11399 11792 11786
f 11785 11791 11400
f 11397 11790 11788
f 11787 11789 11398
f 11441 11832 11746
f 11745 11831 11442
f 11439 11830 11748
f 11747 11829 11440
f 11750 11828 11437
f 11438 11827 11749
f 11433 11826 11752
f 11751 11825 11434
f 11754 11824 11431
f 11432 11823 11753
f 11756 11822 11429
f 11430 11821 11755
f 12546 12505 2048
f 2019 12220 12507
f 11889 12109 12507
f 12507 12220 11889
f 12545 12506 12118
f 2106 12213 12506
f 12241 2140 2138
f 11894 12118 12506
f 2016 2014 12240
f 12506 12213 11894
f 12239 2084 2082
f 2106 12506 12545
f 12290 11552 11740
f 11888 12225 2077
f 2071 2070 12238
f 12505 12212 2048
f 11392 11552 12290
f 2132 12229 11886
f 11492 11392 12290
f 11885 12228 2021
f 11739 11551 12289
f 11884 12233 2163
f 12289 11551 11391
f 1990 12232 11883
f 12289 11391 11491
f 11882 12237 2107
f 12294 11550 11738
f 2046 12236 11881
f 11394 11550 12294
f 11490 11394 12294
f 11737 11549 12293
f 12293 11549 11393
f 12293 11393 11489
f 11742 11554 12288
f 12288 11554 11390
f 12288 11390 11494
f 12287 11553 11741
f 11389 11553 12287
f 11493 11389 12287
f 12426 2177 11388
f 12303 11587 12533
f 11388 2176 11833
f 11388 2177 2176
f 11387 2177 12427
f 11709 11521 12533
f 11834 2176 11387
f 2176 2177 11387
f 11850 11898 12437
f 12437 11898 2099
f 11898 2102 2099
f 12505 12117 11893
f 11893 12212 12505
f 12542 12504 12114
f 2161 12217 12504
f 12436 11897 11849
f 2054 11897 12436
f 2054 2052 11897
f 11852 11896 12439
f 12439 11896 2156
f 11896 2157 2156
f 12438 11895 11851
f 1998 11895 12438
f 1998 1995 11895
f 2109 2107 12237
f 12236 2046 2043
f 11892 12114 12504
f 2127 2125 12235
f 11458 12052 11946
f 12234 2027 2025
f 11945 12051 11457
f 12504 12217 11892
f 11460 12054 11944
f 2165 2163 12233
f 11943 12053 11459
f 12232 1990 1988
f 11942 12056 11462
f 12231 2169 2168
f 11461 12055 11941
f 1985 1983 12230
f 11940 12058 11464
f 12441 11902 11878
f 11463 12057 11939
f 2148 11902 12441
f 11466 12060 11938
f 2148 2145 11902
f 11937 12059 11465
f 11877 11901 12440
f 11934 12062 11468
f 12440 11901 2005
f 11467 12061 11933
f 11901 2008 2005
f 11930 12064 11470
f 12443 11900 11876
f 11469 12063 11929
f 2091 11900 12443
f 11472 12066 11926
f 2091 2090 11900
f 11925 12065 11471
f 11875 11899 12442
f 11474 12068 11924
f 12442 11899 2062
f 11923 12067 11473
f 11899 2064 2062
f 11922 12070 11476
f 11585 11355 12472
f 11475 12069 11921
f 12472 11355 11955
f 11918 12072 11478
f 12472 11509 11585
f 11477 12071 11917
f 11958 12286 12424
f 11480 12074 11914
f 12424 12286 11512
f 11913 12073 11479
f 12423 12285 11957
f 11910 12076 11482
f 11511 12285 12423
f 11481 12075 11909
f 12422 12292 11960
f 11908 12078 11484
f 11514 12292 12422
f 11483 12077 11907
f 11959 12291 12421
f 11486 12080 11906
f 12421 12291 11513
f 11905 12079 11485
f 12420 12296 11962
f 11488 12082 11904
f 11516 12296 12420
f 11903 12081 11487
f 12229 2132 2130
f 2023 2021 12228
f 12227 2114 2111
f 2041 2040 12226
f 2079 2077 12225
f 1981 1979 12242
f 11652 12044 12181
f 12181 12044 11450
f 11961 12295 12419
f 12183 12046 11654
f 11452 12046 12183
f 11655 12045 12182
f 12182 12045 11451
f 11656 12048 12185
f 12185 12048 11454
f 12184 12047 11657
f 11453 12047 12184
f 11658 12050 12187
f 12187 12050 11456
f 12186 12049 11659
f 11455 12049 12186
f 12419 12295 11515
f 11592 11350 12449
f 12106 11599 11698
f 12194 11698 11599
f 12449 11350 11950
f 11936 11912 11490
f 12449 11504 11592
f 11489 11911 11935
f 12448 11349 11591
f 11949 11349 12448
f 11700 11598 12110
f 11598 11700 12193
f 11591 11503 12448
f 11590 11352 12447
f 12109 11597 11699
f 12192 11699 11597
f 12447 11352 11952
f 11932 11916 11492
f 12447 11506 11590
f 11491 11915 11931
f 12446 11351 11589
f 11494 11920 11928
f 11951 11351 12446
f 11927 11919 11493
f 11589 11505 12446
f 12445 11354 11588
f 12114 11596 11702
f 12191 11702 11596
f 11954 11354 12445
f 11588 11508 12445
f 11701 11595 12113
f 11595 11701 12190
f 11587 11353 12444
f 12444 11353 11953
f 12118 11594 11704
f 12189 11704 11594
f 12444 11507 11587
f 12425 12284 11956
f 11703 11593 12117
f 11593 11703 12188
f 11510 12284 12425
f 11964 12300 12416
f 12416 12300 11518
f 12415 12299 11963
f 11517 12299 12415
f 11966 12302 12412
f 2283 12180 12095
f 12094 12179 2369
f 2201 12178 12089
f 12088 12177 2451
f 12085 12174 2243
f 2410 12173 12084
f 12083 12170 2325
f 2175 2176 11834
f 11833 2176 2175
f 12412 12302 11520
f 12411 12301 11965
f 11519 12301 12411
f 12408 12304 11968
f 11522 12304 12408
f 11967 12303 12407
f 12407 12303 11521
f 12404 12306 11970
f 11387 11743 11834
f 11833 11744 11388
f 11524 12306 12404
f 11969 12305 12403
f 12403 12305 11523
f 12396 12310 11974
f 11528 12310 12396
f 11973 12309 12395
f 12395 12309 11527
f 11972 12308 12400
f 12400 12308 11526
f 12399 12307 11971
f 11525 12307 12399
f 12394 12312 11976
f 11530 12312 12394
f 11975 12311 12393
f 12393 12311 11529
f 11978 12314 12392
f 12392 12314 11532
f 12391 12313 11977
f 11531 12313 12391
f 11982 12316 12390
f 12390 12316 11534
f 12389 12315 11981
f 11533 12315 12389
f 12388 12318 11986
f 11536 12318 12388
f 11985 12317 12387
f 12387 12317 11535
f 12386 12320 11990
f 11882 12118 11704
f 11388 11542 12532
f 11703 12117 11881
f 11495 12426 12532
f 11884 12114 11702
f 12532 11542 11495
f 11701 12113 11883
f 12532 12426 11388
f 11700 12110 11886
f 12531 11541 11387
f 11885 12109 11699
f 12531 12427 11496
f 11888 12106 11698
f 11496 11541 12531
f 2256 12016 12332
f 12331 12015 2397
f 12334 12014 2316
f 2338 12013 12333
f 12336 12012 2234
f 2420 12011 12335
f 2211 12010 12338
f 12337 12009 2441
f 2293 12008 12340
f 12339 12007 2359
f 12342 12006 2277
f 2376 12005 12341
f 12344 12004 2196
f 2457 12003 12343
f 2249 12002 12346
f 12345 12001 2404
f 12348 12000 2321
f 2331 11999 12347
f 12350 11998 2240
f 2413 11997 12349
f 2206 11996 12352
f 12351 11995 2447
f 2288 11994 12354
f 12353 11993 2365
f 11538 12320 12386
f 11989 12319 12385
f 12385 12319 11537
f 11992 12322 12384
f 12384 12322 11540
f 12383 12321 11991
f 11539 12321 12383
f 12382 12324 11988
f 11544 12324 12382
f 11987 12323 12381
f 12381 12323 11543
f 11984 12326 12380
f 12380 12326 11546
f 12379 12325 11983
f 11545 12325 12379
f 11980 12328 12378
f 12378 12328 11548
f 12377 12327 11979
f 11547 12327 12377
f 12180 11790 11645
f 11644 11789 12179
f 12178 11792 11643
f 11642 11791 12177
f 11641 11794 12174
f 12173 11793 11640
f 11639 11796 12170
f 12169 11795 11638
f 12166 11798 11637
f 11636 11797 12165
f 12134 11804 11631
f 11630 11803 12133
f 11635 11800 12160
f 12159 11799 11634
f 12132 11806 11629
f 11628 11805 12131
f 11633 11802 12156
f 12155 11801 11632
f 11627 11808 12130
f 12129 11807 11626
f 11625 11810 12126
f 12125 11809 11624
f 12122 11812 11623
f 11622 11811 12121
f 12356 12116 11814
f 11621 11814 12116
f 2191 12116 12356
f 11813 12115 12355
f 12115 11813 11620
f 12355 12115 2461
f 12358 12112 11816
f 11619 11816 12112
f 2274 12112 12358
f 11815 12111 12357
f 12111 11815 11618
f 12357 12111 2380
f 11818 12108 12360
f 12108 11818 11617
f 12360 12108 2297
f 12359 12107 11817
f 11616 11817 12107
f 2355 12107 12359
f 11820 12105 12362
f 12105 11820 11615
f 12362 12105 2216
f 12361 12104 11819
f 11614 11819 12104
f 2437 12104 12361
f 12364 12103 11822
f 11613 11822 12103
f 2229 12103 12364
f 11821 12102 12363
f 12102 11821 11612
f 12363 12102 2424
f 12366 12101 11824
f 11611 11824 12101
f 2311 12101 12366
f 11823 12100 12365
f 12100 11823 11610
f 12365 12100 2342
f 11826 12099 12368
f 12099 11826 11609
f 12368 12099 2260
f 12367 12098 11825
f 11608 11825 12098
f 2393 12098 12367
f 12370 12093 11828
f 11605 11828 12093
f 2268 12093 12370
f 11827 12092 12369
f 12092 11827 11604
f 12369 12092 2385
f 11830 12091 12372
f 12091 11830 11603
f 12372 12091 2303
f 12371 12090 11829
f 11602 11829 12090
f 2350 12090 12371
f 11832 12087 12374
f 12087 11832 11601
f 12374 12087 2222
f 12373 12086 11831
f 11600 11831 12086
f 2432 12086 12373
f 11606 11436 12076
f 12076 11436 11396
f 12075 11435 11607
f 11395 11435 12075
f 12038 11398 11644
f 11645 11397 12037
f 12040 11400 11642
f 11643 11399 12039
f 11640 11402 12042
f 12041 11401 11641
f 11638 11404 12044
f 12043 11403 11639
f 12046 11406 11636
f 11637 11405 12045
f 11634 11408 12048
f 12047 11407 11635
f 12052 11412 11630
f 11631 11411 12051
f 11632 11410 12050
f 12049 11409 11633
f 12054 11414 11628
f 11629 11413 12053
f 11626 11416 12056
f 12055 11415 11627
f 11624 11418 12058
f 12057 11417 11625
f 12060 11420 11622
f 11623 11419 12059
f 11620 11422 12062
f 12061 11421 11621
f 11618 11424 12064
f 12063 11423 11619
f 12066 11426 11616
f 11617 11425 12065
f 12068 11428 11614
f 11615 11427 12067
f 11612 11430 12070
f 12069 11429 11613
f 11610 11432 12072
f 12071 11431 11611
f 12074 11434 11608
f 11609 11433 12073
f 11604 11438 12078
f 12077 11437 11605
f 12080 11440 11602
f 11603 11439 12079
f 12082 11442 11600
f 11601 11441 12081
f 2140 12241 12451
f 12450 12240 2014
f 2084 12239 12453
f 12452 12238 2070
f 12455 12235 2125
f 2027 12234 12454
f 2169 12231 12463
f 12462 12230 1983
f 2114 12227 12457
f 12456 12226 2040
f 12459 12223 2095
f 2057 12222 12458
f 11586 11510 12425
f 12425 11356 11586
f 12461 12219 2152
f 2002 12218 12460
f 12424 11512 11584
f 11584 11358 12424
f 11583 11511 12423
f 12423 11357 11583
f 11582 11514 12422
f 12422 11360 11582
f 12421 11513 11581
f 11581 11359 12421
f 11580 11516 12420
f 12420 11362 11580
f 12419 11515 11579
f 11579 11361 12419
f 12416 11518 11578
f 11578 11364 12416
f 11577 11517 12415
f 12415 11363 11577
f 12412 11520 11576
f 11576 11366 12412
f 11575 11519 12411
f 12411 11365 11575
f 11574 11522 12408
f 12408 11368 11574
f 12407 11521 11573
f 11573 11367 12407
f 11572 11524 12404
f 12404 11370 11572
f 12403 11523 11571
f 11571 11369 12403
f 12400 11526 11570
f 11570 11372 12400
f 11569 11525 12399
f 12399 11371 11569
f 11568 11528 12396
f 12396 11374 11568
f 12395 11527 11567
f 11567 11373 12395
f 11566 11530 12394
f 12394 11376 11566
f 12393 11529 11565
f 11565 11375 12393
f 12392 11532 11564
f 11564 11378 12392
f 11563 11531 12391
f 12391 11377 11563
f 12390 11534 11562
f 11562 11380 12390
f 11561 11533 12389
f 12389 11379 11561
f 11560 11536 12388
f 12388 11382 11560
f 12387 11535 11559
f 11559 11381 12387
f 11558 11538 12386
f 12386 11384 11558
f 12385 11537 11557
f 11557 11383 12385
f 12384 11540 11556
f 11556 11386 12384
f 11555 11539 12383
f 12383 11385 11555
f 11554 11544 12382
f 12382 11390 11554
f 12381 11543 11553
f 11553 11389 12381
f 12380 11546 11552
f 11552 11392 12380
f 11551 11545 12379
f 12379 11391 11551
f 12378 11548 11550
f 11550 11394 12378
f 11549 11547 12377
f 12377 11393 11549
f 2144 12215 12467
f 12466 12214 2010
f 2087 12211 12471
f 12470 12210 2066
f 12469 12209 2122
f 2032 12208 12468
f 2117 12207 12465
f 12464 12206 2035
f 12443 12205 2091
f 2062 12204 12442
f 12441 12203 2148
f 2005 12202 12440
f 2152 12275 12461
f 12460 12274 2002
f 2095 12273 12459
f 12458 12272 2057
f 12463 12269 2169
f 1983 12268 12462
f 12471 12279 2087
f 2066 12278 12470
f 12457 12271 2114
f 2040 12270 12456
f 12467 12277 2144
f 2010 12276 12466
f 2125 12267 12455
f 12454 12266 2027
f 12453 12265 2084
f 2070 12264 12452
f 12451 12263 2140
f 2014 12262 12450
f 12465 12283 2117
f 2035 12282 12464
f 2156 12261 12439
f 12438 12260 1998
f 2099 12259 12437
f 12436 12258 2054
f 2122 12281 12469
f 12468 12280 2032
f 12189 12296 11704
f 11456 12296 12189
f 11703 12295 12188
f 12188 12295 11455
f 12191 12292 11702
f 11454 12292 12191
f 11701 12291 12190
f 12190 12291 11453
f 11700 12286 12193
f 12193 12286 11452
f 12192 12285 11699
f 11451 12285 12192
f 12243 2174 2172
f 12224 2075 2073
f 2097 2095 12223
f 12222 2057 2055
f 12376 11948 11833
f 2174 11948 12376
f 11834 11947 12375
f 12375 11947 1979
f 11685 12097 12142
f 12142 12097 2188
f 12141 12096 11684
f 2466 12096 12141
f 2135 2133 12221
f 12220 2019 2017
f 2052 2049 12244
f 12245 2103 2102
f 11693 12036 12128
f 12128 12036 2225
f 12127 12035 11692
f 2427 12035 12127
f 11695 12034 12124
f 12124 12034 2307
f 12123 12033 11694
f 2345 12033 12123
f 12120 12032 11697
f 2264 12032 12120
f 11696 12031 12119
f 12119 12031 2389
f 12502 11788 11661
f 12502 12051 11945
f 11945 11788 12502
f 11661 12051 12502
f 11660 11787 12501
f 11946 12052 12501
f 12501 11787 11946
f 12501 12052 11660
f 12500 11786 11663
f 12500 12053 11943
f 11943 11786 12500
f 11663 12053 12500
f 11662 11785 12499
f 11944 12054 12499
f 12499 11785 11944
f 12499 12054 11662
f 11665 11784 12498
f 11941 12055 12498
f 12498 11784 11941
f 12498 12055 11665
f 12497 11783 11664
f 12497 12056 11942
f 11942 11783 12497
f 11664 12056 12497
f 11667 11782 12496
f 11939 12057 12496
f 12496 11782 11939
f 12496 12057 11667
f 12495 11781 11666
f 12495 12058 11940
f 11940 11781 12495
f 11666 12058 12495
f 12494 11780 11669
f 12494 12059 11937
f 11937 11780 12494
f 11669 12059 12494
f 11668 11779 12493
f 11938 12060 12493
f 12493 11779 11938
f 12493 12060 11668
f 11671 11778 12492
f 11933 12061 12492
f 12492 11778 11933
f 12492 12061 11671
f 12491 11777 11670
f 12491 12062 11934
f 11934 11777 12491
f 11670 12062 12491
f 11673 11776 12490
f 11929 12063 12490
f 12490 11776 11929
f 12490 12063 11673
f 12489 11775 11672
f 12489 12064 11930
f 11930 11775 12489
f 11672 12064 12489
f 12488 11774 11675
f 12488 12065 11925
f 11925 11774 12488
f 11675 12065 12488
f 11674 11773 12487
f 11926 12066 12487
f 12487 11773 11926
f 12487 12066 11674
f 12486 11772 11677
f 12486 12067 11923
f 11923 11772 12486
f 11677 12067 12486
f 11676 11771 12485
f 11924 12068 12485
f 12485 11771 11924
f 12485 12068 11676
f 11679 11770 12484
f 11921 12069 12484
f 12484 11770 11921
f 12484 12069 11679
f 11599 12195 12194
f 12193 12197 11598
f 11597 12196 12192
f 12483 11769 11678
f 12483 12070 11922
f 11596 12199 12191
f 12190 12198 11595
f 11594 12201 12189
f 12188 12200 11593
f 11922 11769 12483
f 11678 12070 12483
f 11681 11768 12482
f 11917 12071 12482
f 12482 11768 11917
f 12482 12071 11681
f 12481 11767 11680
f 12481 12072 11918
f 11918 11767 12481
f 11680 12072 12481
f 12480 11766 11683
f 12480 12073 11913
f 11913 11766 12480
f 11683 12073 12480
f 11682 11765 12479
f 11914 12074 12479
f 12479 11765 11914
f 12479 12074 11682
f 11687 11762 12478
f 11907 12077 12478
f 1995 1994 12246
f 12247 2159 2157
f 12248 2017 2016
f 2138 2135 12249
f 12418 11430 11755
f 11756 11429 12417
f 12250 2073 2071
f 2082 2079 12251
f 12414 11432 11753
f 11754 11431 12413
f 11751 11434 12410
f 12409 11433 11752
f 12406 11438 11749
f 11750 11437 12405
f 11747 11440 12402
f 12401 11439 11748
f 11745 11442 12398
f 12397 11441 11746
f 11599 12106 11887
f 2161 12504 12542
f 11890 12110 11598
f 12503 12216 1992
f 11597 12109 11889
f 12503 12113 11891
f 11596 12114 11892
f 11891 12216 12503
f 11891 12113 11595
f 12113 12503 12541
f 11594 12118 11894
f 2085 2084 12265
f 11893 12117 11593
f 2030 2027 12266
f 12478 11762 11907
f 12478 12077 11687
f 12477 11761 11686
f 12477 12078 11908
f 11908 11761 12477
f 11686 12078 12477
f 12476 11760 11689
f 13 2174 12376
f 12476 12079 11905
f 12375 1979 13
f 11905 11760 12476
f 11689 12079 12476
f 11688 11759 12475
f 11906 12080 12475
f 12475 11759 11906
f 12475 12080 11688
f 12474 11758 11691
f 12474 12081 11903
f 11903 11758 12474
f 11691 12081 12474
f 11690 11757 12473
f 11904 12082 12473
f 12473 11757 11904
f 12473 12082 11690
f 12472 12195 11509
f 11955 12195 12472
f 12449 12201 11504
f 11950 12201 12449
f 11503 12200 12448
f 12448 12200 11949
f 12447 12199 11506
f 11952 12199 12447
f 11505 12198 12446
f 12446 12198 11951
f 11508 12197 12445
f 12445 12197 11954
f 12444 12196 11507
f 11953 12196 12444
f 11685 11764 12435
f 11909 12075 12435
f 12435 11764 11909
f 12435 12075 11685
f 12434 11763 11684
f 12434 12076 11910
f 11910 11763 12434
f 11684 12076 12434
f 12433 11750 11919
f 11697 11750 12433
f 11920 11749 12432
f 12432 11749 11696
f 11915 11748 12431
f 12431 11748 11695
f 12430 11747 11916
f 11694 11747 12430
f 11911 11746 12429
f 12429 11746 11693
f 2025 2023 12252
f 12428 11745 11912
f 11692 11745 12428
f 11903 11487 11379
f 12253 2130 2127
f 11380 11488 11904
f 11905 11485 11377
f 12254 1988 1985
f 11503 11591 11835
f 2177 2178 12427
f 12426 2178 2177
f 2168 2165 12255
f 11836 11592 11504
f 11378 11486 11906
f 11375 11483 11907
f 12256 2043 2041
f 11505 11589 11837
f 11908 11484 11376
f 11373 11481 11909
f 2111 2109 12257
f 11838 11590 11506
f 11910 11482 11374
f 11911 11489 11393
f 2055 2054 12258
f 11839 11587 11507
f 11394 11490 11912
f 11913 11479 11371
f 12259 2099 2097
f 11508 11588 11840
f 11372 11480 11914
f 11915 11491 11391
f 2000 1998 12260
f 11841 11585 11509
f 11392 11492 11916
f 11369 11477 11917
f 11918 11478 11370
f 11510 11586 11842
f 11389 11493 11919
f 11920 11494 11390
f 11367 11475 11921
f 11511 11583 11843
f 11922 11476 11368
f 11923 11473 11365
f 11366 11474 11924
f 11844 11584 11512
f 11925 11471 11363
f 11364 11472 11926
f 11927 11493 11385
f 11845 11581 11513
f 11386 11494 11928
f 11361 11469 11929
f 11930 11470 11362
f 11514 11582 11846
f 11383 11491 11931
f 11932 11492 11384
f 11359 11467 11933
f 11847 11579 11515
f 11934 11468 11360
f 11381 11489 11935
f 11936 11490 11382
f 11516 11580 11848
f 11937 11465 11357
f 11358 11466 11938
f 11355 11463 11939
f 11517 11577 11849
f 11940 11464 11356
f 11353 11461 11941
f 11942 11462 11354
f 11850 11578 11518
f 11943 11459 11351
f 11352 11460 11944
f 11945 11457 11349
f 11519 11575 11851
f 11350 11458 11946
f 11993 2363 2365
f 2288 2290 11994
f 11852 11576 11520
f 11995 2445 2447
f 2206 2208 11996
f 2413 2415 11997
f 11853 11573 11521
f 11998 2237 2240
f 2331 2333 11999
f 12000 2319 2321
f 11522 11574 11854
f 12001 2401 2404
f 2249 2251 12002
f 2457 2459 12003
f 11855 11571 11523
f 12004 2194 2196
f 2376 2378 12005
f 12006 2276 2277
f 11524 11572 11856
f 12007 2357 2359
f 2293 2296 12008
f 12009 2440 2441
f 11525 11569 11857
f 2211 2214 12010
f 2420 2422 12011
f 12012 2232 2234
f 11858 11570 11526
f 12376 2175 13
f 13 2175 12375
f 2338 2340 12013
f 11859 11567 11527
f 2277 2279 12342
f 12341 2374 2376
f 12014 2313 2316
f 11528 11568 11860
f 12340 2292 2293
f 2359 2361 12339
f 12015 2395 2397
f 11861 11565 11529
f 12338 2210 2211
f 2441 2443 12337
f 2256 2257 12016
f 11530 11566 11862
f 2234 2235 12336
f 12335 2418 2420
f 2464 2466 12017
f 11531 11563 11863
f 2316 2318 12334
f 12333 2336 2338
f 12018 2188 2190
f 11864 11564 11532
f 12332 2254 2256
f 2397 2399 12331
f 2425 2427 12019
f 11533 11561 11865
f 12330 11880 2183
f 2183 2185 12330
f 12020 2225 2227
f 11866 11562 11534
f 2470 11879 12329
f 12329 2468 2470
f 2381 2384 12021
f 11867 11559 11535
f 11482 11396 12298
f 12297 11395 11481
f 12022 2270 2272
f 11536 11560 11868
f 12294 11382 11490
f 11489 11381 12293
f 2344 2345 12023
f 11869 11557 11537
f 12290 11384 11492
f 11491 11383 12289
f 12024 2307 2309
f 11538 11558 11870
f 11494 11386 12288
f 12287 11385 11493
f 12025 2351 2353
f 11539 11555 11871
f 2299 2301 12026
f 12027 2389 2391
f 2262 2264 12028
f 11872 11556 11540
f 12029 2434 2436
f 2218 2219 12030
f 2387 2389 12031
f 11873 11553 11543
f 12032 2264 2266
f 12033 2345 2348
f 2305 2307 12034
f 11544 11554 11874
f 12035 2427 2429
f 2224 2225 12036
f 12075 11481 11395
f 11545 11551 11875
f 11396 11482 12076
f 2325 2327 12083
f 12084 2408 2410
f 11876 11552 11546
f 2243 2245 12085
f 2432 2434 12086
f 12087 2219 2222
f 11547 11549 11877
f 2451 2454 12088
f 12089 2200 2201
f 2350 2351 12090
f 11878 11550 11548
f 12091 2301 2303
f 12092 2384 2385
f 2268 2270 12093
f 2369 2372 12094
f 12095 2281 2283
f 12096 2466 2468
f 2185 2188 12097
f 2393 2395 12098
f 12099 2257 2260
f 12100 2340 2342
f 2311 2313 12101
f 12102 2422 2424
f 2229 2232 12103
f 2437 2440 12104
f 12105 2214 2216
f 11387 12427 12531
f 2355 2357 12107
f 12108 2296 2297
f 11705 11591 12530
f 12299 11517 12530
f 12111 2378 2380
f 2274 2276 12112
f 12530 11591 12299
f 12530 11517 11705
f 12115 2459 2461
f 2191 2194 12116
f 12529 11592 11706
f 12529 11518 12300
f 2389 12027 12119
f 12120 12028 2264
f 2399 2401 12121
f 12122 2251 2254
f 12123 12023 2345
f 2307 12024 12124
f 12125 2333 2336
f 2318 2319 12126
f 12127 12019 2427
f 2225 12020 12128
f 12129 2415 2418
f 2235 2237 12130
f 2443 2445 12131
f 12132 2208 2210
f 2361 2363 12133
f 12134 2290 2292
f 2434 12029 12135
f 12136 12030 2219
f 2351 12025 12137
f 12138 12026 2301
f 12139 12021 2384
f 2270 12022 12140
f 12141 12017 2466
f 2188 12018 12142
f 2395 12015 12143
f 12144 12016 2257
f 12145 12013 2340
f 2313 12014 12146
f 12147 12011 2422
f 2232 12012 12148
f 2440 12009 12149
f 12150 12010 2214
f 2357 12007 12151
f 12152 12008 2296
f 12153 12005 2378
f 2276 12006 12154
f 12155 2372 2374
f 2279 2281 12156
f 12157 12003 2459
f 2194 12004 12158
f 12159 2454 2455
f 2198 2200 12160
f 2401 12001 12161
f 12162 12002 2251
f 12163 11999 2333
f 2319 12000 12164
f 2406 2408 12165
f 12166 2245 2248
f 12167 11997 2415
f 2237 11998 12168
f 12169 2327 2330
f 2323 2325 12170
f 2445 11995 12171
f 12172 11996 2208
f 12173 2410 2412
f 2242 2243 12174
f 2363 11993 12175
f 12176 11994 2290
f 2450 2451 12177
f 12178 2201 2203
f 2367 2369 12179
f 12180 2283 2285
f 12202 2005 2004
f 2150 2148 12203
f 12204 2062 2060
f 2093 2091 12205
f 2037 2035 12206
f 12207 2117 2116
f 12208 2032 2030
f 2123 2122 12209
f 2067 2066 12210
f 12211 2087 2085
f 2049 2048 12212
f 12261 2156 2154
f 12213 2106 2103
f 12262 2014 2012
f 2012 2010 12214
f 12215 2144 2142
f 1994 1992 12216
f 2142 2140 12263
f 12217 2161 2159
f 12264 2070 2067
f 2120 2117 12283
f 12282 2035 2034
f 12218 2002 2000
f 2154 2152 12219
f 12281 2122 2120
f 2034 2032 12280
f 2090 2087 12279
f 12278 2066 2064
f 2145 2144 12277
f 12276 2010 2008
f 12275 2152 2150
f 2004 2002 12274
f 12273 2095 2093
f 2060 2057 12272
f 2116 2114 12271
f 12270 2040 2037
f 2172 2169 12269
f 12268 1983 1981
f 12267 2125 2123
f 12510 11547 11735
f 12510 11561 12327
f 12327 11547 12510
f 11735 11561 12510
f 11736 11548 12511
f 12328 11562 12511
f 12511 11548 12328
f 12511 11562 11736
f 11734 11546 12512
f 12326 11564 12512
f 12512 11546 12326
f 12512 11564 11734
f 12513 11545 11733
f 12513 11563 12325
f 12325 11545 12513
f 11733 11563 12513
f 11723 11535 12514
f 12317 11573 12514
f 12514 11535 12317
f 12514 11573 11723
f 12515 11536 11724
f 12515 11574 12318
f 12318 11536 12515
f 11724 11574 12515
f 12516 11538 11726
f 12516 11572 12320
f 12320 11538 12516
f 11726 11572 12516
f 12517 11533 11721
f 12517 11575 12315
f 12315 11533 12517
f 11721 11575 12517
f 11722 11534 12518
f 12316 11576 12518
f 12518 11534 12316
f 12518 11576 11722
f 11720 11532 12519
f 12314 11578 12519
f 12519 11532 12314
f 12519 11578 11720
f 12520 11531 11719
f 12520 11577 12313
f 12313 11531 12520
f 11719 11577 12520
f 11731 11543 12521
f 12323 11565 12521
f 12521 11543 12323
f 12521 11565 11731
f 12522 11544 11732
f 12522 11566 12324
f 12324 11544 12522
f 11732 11566 12522
f 12523 11539 11727
f 12523 11569 12321
f 12321 11539 12523
f 11727 11569 12523
f 11728 11540 12524
f 12322 11570 12524
f 12524 11540 12322
f 12524 11570 11728
f 11725 11537 12525
f 12319 11571 12525
f 12525 11537 12319
f 12525 11571 11725
f 2077 2075 12526
f 12106 11888 12526
f 12541 12503 1992
f 12526 11888 2077
f 12527 11519 11707
f 12527 11589 12301
f 12301 11519 12527
f 11707 11589 12527
f 11708 11520 12528
f 12302 11590 12528
f 12528 11520 12302
f 12528 11590 11708
f 11706 11518 12529
f 12300 11592 12529
f 13967 12650 12599
f 2477 12751 12749
f 12749 2476 2477
f 12753 12599 12650
f 12750 2477 12748
f 2476 12748 2477
f 12751 2478 2
f 18 12751 2
f 12602 13967 12599
f 13317 2471 16
f 12649 13966 12598
f 2469 13317 16
f 12598 12752 12649
f 2471 13316 16
f 13966 12601 12598
f 13316 2184 16
f 12750 402 2
f 12751 2477 2478
f 2478 12750 2
f 12878 13571 13870
f 13189 13238 2473
f 2477 12750 2478
f 13189 2473 2472
f 13922 12699 13745
f 13922 12697 12699
f 13237 13188 2473
f 12697 13747 12699
f 2473 13188 2472
f 13032 13571 12878
f 12698 13921 13744
f 12696 13921 12698
f 13746 12696 12698
f 12749 12747 2476
f 12747 2475 2476
f 12746 12748 2476
f 2475 12746 2476
f 12701 13796 13792
f 13238 12650 2474
f 13799 14148 13634
f 13238 2474 2473
f 12695 13796 12701
f 13749 12695 12701
f 13795 12700 13791
f 13570 12877 13869
f 13795 12694 12700
f 12694 13748 12700
f 13570 13031 12877
f 13924 12703 13702
f 13924 12693 12703
f 12693 13751 12703
f 14148 2326 13634
f 12702 13923 13701
f 12692 13923 12702
f 13750 12692 12702
f 12937 13799 13634
f 12705 13926 13704
f 12691 13926 12705
f 13753 12691 12705
f 13799 12937 12805
f 13925 12704 13703
f 13925 12690 12704
f 12690 13752 12704
f 13837 14137 14135
f 13928 12707 13706
f 13928 12689 12707
f 12689 13755 12707
f 13801 12936 13624
f 13236 12647 12939
f 12706 13927 13705
f 12688 13927 12706
f 13754 12688 12706
f 12648 13235 12938
f 12936 13801 12809
f 12709 13930 13708
f 12687 13930 12709
f 12645 13234 12941
f 13757 12687 12709
f 14137 2438 14135
f 13929 12708 13707
f 13233 12646 12940
f 13929 12686 12708
f 12686 13756 12708
f 12934 13805 13620
f 13232 12643 12943
f 13932 12711 13710
f 13932 12685 12711
f 12685 13759 12711
f 12644 13231 12942
f 13805 12934 12811
f 12710 13931 13709
f 12684 13931 12710
f 12641 13230 12945
f 13758 12684 12710
f 14177 13805 13852
f 12713 13934 13712
f 13229 12642 12944
f 12683 13934 12713
f 13761 12683 12713
f 13804 12933 13619
f 13228 12639 12947
f 13933 12712 13711
f 13933 12682 12712
f 12682 13760 12712
f 12640 13227 12946
f 12933 13804 12810
f 13936 12715 13714
f 13936 12681 12715
f 12637 13226 12949
f 12681 13763 12715
f 2463 14177 13852
f 12714 13935 13713
f 13225 12638 12948
f 12680 13935 12714
f 13762 12680 12714
f 12935 13800 13623
f 13224 12635 12951
f 12717 13938 13716
f 12679 13938 12717
f 13765 12679 12717
f 12636 13223 12950
f 13800 12935 12808
f 13937 12716 13715
f 13937 12678 12716
f 12633 13222 12953
f 12678 13764 12716
f 2438 14137 2439
f 13940 12719 13718
f 13221 12634 12952
f 13940 12677 12719
f 12677 13767 12719
f 13809 12932 13611
f 13220 12631 12955
f 12718 13939 13717
f 12676 13939 12718
f 13766 12676 12718
f 12632 13219 12954
f 12932 13809 12813
f 12721 13942 13720
f 12675 13942 12721
f 12629 13218 12957
f 13769 12675 12721
f 14136 13836 14134
f 13941 12720 13719
f 13217 12630 12956
f 13941 12674 12720
f 12674 13768 12720
f 12931 13808 13610
f 13216 12627 12959
f 13944 12723 13722
f 13944 12673 12723
f 12673 13771 12723
f 12628 13215 12958
f 13808 12931 12812
f 12722 13943 13721
f 12672 13943 12722
f 12625 13214 12961
f 13770 12672 12722
f 2215 14136 14134
f 12725 13946 13724
f 13213 12626 12960
f 12671 13946 12725
f 13773 12671 12725
f 13971 13192 13700
f 13212 12623 12963
f 13945 12724 13723
f 13945 12670 12724
f 12670 13772 12724
f 12624 13211 12962
f 13700 12983 12856
f 13948 12727 13726
f 13948 12669 12727
f 12621 13210 12965
f 12669 13775 12727
f 12983 13700 13192
f 12726 13947 13725
f 13209 12622 12964
f 12668 13947 12726
f 13774 12668 12726
f 202 13971 13700
f 13208 12619 12967
f 12729 13950 13728
f 12667 13950 12729
f 13777 12667 12729
f 12620 13207 12966
f 12930 13813 13605
f 13949 12728 13727
f 13949 12666 12728
f 12617 13206 12969
f 12666 13776 12728
f 13813 12930 12815
f 13952 12731 13730
f 13205 12618 12968
f 13952 12665 12731
f 12665 13779 12731
f 14136 2215 2213
f 13204 12615 12971
f 12730 13951 13729
f 12664 13951 12730
f 13778 12664 12730
f 12616 13203 12970
f 13812 12929 13604
f 12733 13954 13732
f 12663 13954 12733
f 12613 13202 12973
f 13781 12663 12733
f 12929 13812 12814
f 13953 12732 13731
f 13201 12614 12972
f 13953 12662 12732
f 12662 13780 12732
f 14138 13800 13849
f 13200 12611 12975
f 13956 12735 13734
f 13956 12661 12735
f 12661 13783 12735
f 12612 13199 12974
f 13817 12928 13599
f 12734 13955 13733
f 12660 13955 12734
f 12609 13198 12977
f 13782 12660 12734
f 12928 13817 12817
f 12737 13958 13736
f 13197 12610 12976
f 12659 13958 12737
f 13785 12659 12737
f 2322 14138 13849
f 13196 12607 12979
f 13957 12736 13735
f 13957 12658 12736
f 12658 13784 12736
f 12608 13195 12978
f 12927 13816 13598
f 13960 12739 13738
f 13960 12657 12739
f 12605 13194 12981
f 12657 13787 12739
f 13816 12927 12816
f 12738 13959 13737
f 13193 12606 12980
f 12656 13959 12738
f 13786 12656 12738
f 2326 14148 2328
f 13192 12603 12983
f 12741 13962 13740
f 12655 13962 12741
f 13789 12655 12741
f 12604 13191 12982
f 12925 13821 13593
f 13961 12740 13739
f 13961 12654 12740
f 12654 13788 12740
f 13821 12925 12819
f 13742 12550 13312
f 12550 13916 12555
f 12555 13312 12550
f 14165 13801 13624
f 12549 13741 13311
f 13915 12549 12554
f 13190 12600 12986
f 13311 12554 12549
f 13820 12924 13592
f 13965 12742 13743
f 13965 12651 12742
f 12651 13790 12742
f 13368 12985 13244
f 13244 13969 13368
f 13244 12985 12757
f 12984 13367 13243
f 13968 13243 13367
f 12984 13243 12756
f 12924 13820 12818
f 12699 13920 13342
f 13342 13487 12699
f 13487 13342 12648
f 2334 14165 13624
f 13919 12698 13341
f 13486 13341 12698
f 13341 13486 12647
f 13825 12923 13587
f 13485 13346 12697
f 13346 13485 12646
f 12923 13825 12821
f 13345 13484 12696
f 13484 13345 12645
f 14165 2334 2332
f 13350 13481 12695
f 13481 13350 12644
f 12922 13824 13586
f 13480 13349 12694
f 13349 13480 12643
f 13824 12922 12820
f 13479 13354 12693
f 13354 13479 12642
f 13829 14146 13583
f 13353 13478 12692
f 13478 13353 12641
f 12919 13829 13583
f 13358 13475 12691
f 13475 13358 12640
f 13829 12919 12823
f 13474 13357 12690
f 13357 13474 12639
f 14146 2444 13583
f 13473 13362 12689
f 13362 13473 12638
f 13828 12918 13582
f 13361 13472 12688
f 13472 13361 12637
f 12918 13828 12822
f 13364 13469 12687
f 13469 13364 12636
f 2444 14146 2446
f 13468 13363 12686
f 13363 13468 12635
f 13833 12915 13577
f 13467 13360 12685
f 13360 13467 12634
f 12915 13833 12825
f 13359 13466 12684
f 13466 13359 12633
f 14145 13828 13582
f 13356 13463 12683
f 13463 13356 12632
f 12914 13832 13576
f 13462 13355 12682
f 13355 13462 12631
f 13832 12914 12824
f 13459 13352 12681
f 13352 13459 12630
f 2209 14145 13582
f 13351 13458 12680
f 13458 13351 12629
f 12913 13837 13571
f 13348 13457 12679
f 13457 13348 12628
f 13837 12913 12827
f 13456 13347 12678
f 13347 13456 12627
f 14145 2209 2207
f 13453 13344 12677
f 13344 13453 12626
f 13836 12912 13570
f 13343 13452 12676
f 13452 13343 12625
f 12912 13836 12826
f 13340 13451 12675
f 13451 13340 12624
f 14155 13825 13587
f 13450 13339 12674
f 13339 13450 12623
f 13841 12911 13563
f 13447 13338 12673
f 13338 13447 12622
f 12911 13841 12829
f 13337 13446 12672
f 13446 13337 12621
f 2352 14155 13587
f 13336 13445 12671
f 13445 13336 12620
f 12910 13840 13562
f 13444 13335 12670
f 13335 13444 12619
f 13840 12910 12828
f 13441 13334 12669
f 13334 13441 12618
f 14155 2352 2349
f 13333 13440 12668
f 13440 13333 12617
f 12909 13845 13559
f 13332 13439 12667
f 13439 13332 12616
f 13845 12909 12831
f 13438 13331 12666
f 13331 13438 12615
f 13824 14156 13586
f 13435 13330 12665
f 13330 13435 12614
f 13844 12908 13558
f 13329 13434 12664
f 13434 13329 12613
f 12908 13844 12830
f 13328 13431 12663
f 13431 13328 12612
f 14156 2302 13586
f 13430 13327 12662
f 13327 13430 12611
f 12878 13870 13845
f 13429 13326 12661
f 13326 13429 12610
f 13845 12831 12878
f 13325 13428 12660
f 13428 13325 12609
f 12878 12831 12781
f 13324 13426 12659
f 13426 13324 12608
f 13869 12877 13844
f 13425 13323 12658
f 13323 13425 12607
f 12830 13844 12877
f 13424 13322 12657
f 13322 13424 12606
f 12830 12877 12780
f 13321 13423 12656
f 13423 13321 12605
f 13268 13240 14061
f 13320 13422 12655
f 13422 13320 12604
f 13268 13010 13240
f 13421 13319 12654
f 13319 13421 12603
f 12759 13240 13010
f 13418 13318 12651
f 13318 13418 12600
f 13239 13267 14060
f 13009 13267 13239
f 13192 13971 13427
f 13971 204 13427
f 204 13971 202
f 13974 13194 13433
f 26 13974 13433
f 13974 26 28
f 13193 13973 13432
f 13973 393 13432
f 393 13973 392
f 13196 13976 13437
f 13976 196 13437
f 196 13976 194
f 13975 13195 13436
f 223 13975 13436
f 13975 223 225
f 13978 13198 13443
f 34 13978 13443
f 13978 34 35
f 13197 13977 13442
f 13977 386 13442
f 386 13977 383
f 13200 13980 13449
f 13980 188 13449
f 188 13980 185
f 13979 13199 13448
f 232 13979 13448
f 13979 232 233
f 13982 13202 13455
f 42 13982 13455
f 13982 42 43
f 13201 13981 13454
f 13981 377 13454
f 377 13981 376
f 13204 13984 13461
f 13984 180 13461
f 180 13984 178
f 13983 13203 13460
f 240 13983 13460
f 13983 240 242
f 13986 13206 13465
f 50 13986 13465
f 13986 50 52
f 13205 13985 13464
f 13985 369 13464
f 369 13985 367
f 13208 13988 13471
f 13988 172 13471
f 172 13988 169
f 13987 13207 13470
f 247 13987 13470
f 13987 247 249
f 13990 13210 13477
f 57 13990 13477
f 13990 57 60
f 13209 13989 13476
f 13989 362 13476
f 362 13989 359
f 13212 13992 13483
f 13992 163 13483
f 163 13992 161
f 13991 13211 13482
f 256 13991 13482
f 13991 256 258
f 13994 13214 13489
f 65 13994 13489
f 13994 65 67
f 13213 13993 13488
f 13993 354 13488
f 354 13993 351
f 13216 13996 13491
f 13996 155 13491
f 155 13996 153
f 13995 13215 13490
f 263 13995 13490
f 13995 263 265
f 13998 13218 13493
f 73 13998 13493
f 13998 73 76
f 13217 13997 13492
f 13997 345 13492
f 345 13997 343
f 13220 14000 13495
f 14000 148 13495
f 148 14000 145
f 13999 13219 13494
f 271 13999 13494
f 13999 271 273
f 14002 13222 13497
f 82 14002 13497
f 14002 82 83
f 13221 14001 13496
f 14001 337 13496
f 337 14001 336
f 13224 14004 13499
f 14004 140 13499
f 140 14004 137
f 14003 13223 13498
f 279 14003 13498
f 14003 279 281
f 14006 13226 13501
f 89 14006 13501
f 14006 89 91
f 13225 14005 13500
f 14005 329 13500
f 329 14005 327
f 13228 14008 13503
f 14008 131 13503
f 131 14008 129
f 14007 13227 13502
f 287 14007 13502
f 14007 287 290
f 14010 13230 13505
f 97 14010 13505
f 14010 97 100
f 13229 14009 13504
f 14009 322 13504
f 322 14009 320
f 13232 14012 13507
f 14012 124 13507
f 124 14012 122
f 14011 13231 13506
f 296 14011 13506
f 14011 296 298
f 14014 13234 13509
f 106 14014 13509
f 14014 106 107
f 13233 14013 13508
f 14013 313 13508
f 313 14013 311
f 13236 14016 13511
f 14016 116 13511
f 116 14016 113
f 14015 13235 13510
f 303 14015 13510
f 14015 303 305
f 13191 13970 13370
f 13970 218 13370
f 13972 13190 13369
f 210 13972 13369
f 13972 210 211
f 13098 13523 13642
f 13523 111 13642
f 13522 13097 13641
f 307 13522 13641
f 13136 13609 13652
f 13609 32 13652
f 13608 13135 13651
f 387 13608 13651
f 13603 13134 13648
f 190 13603 13648
f 13133 13602 13647
f 13602 230 13647
f 13132 13595 13644
f 13595 40 13644
f 13594 13131 13643
f 380 13594 13643
f 13589 13130 13640
f 182 13589 13640
f 13129 13588 13639
f 13588 237 13639
f 13128 13581 13638
f 13581 47 13638
f 13580 13127 13637
f 372 13580 13637
f 13573 13126 13636
f 174 13573 13636
f 13125 13572 13635
f 13572 246 13635
f 13124 13567 13633
f 13567 55 13633
f 13566 13123 13632
f 364 13566 13632
f 13561 13122 13628
f 165 13561 13628
f 13121 13560 13627
f 13560 253 13627
f 13120 13555 13622
f 13555 63 13622
f 13554 13119 13621
f 355 13554 13621
f 13551 13118 13618
f 157 13551 13618
f 13117 13550 13617
f 13550 261 13617
f 13116 13547 13613
f 13547 71 13613
f 13546 13115 13612
f 347 13546 13612
f 13543 13114 13607
f 149 13543 13607
f 13113 13542 13606
f 13542 269 13606
f 13112 13539 13601
f 13539 80 13601
f 13538 13111 13600
f 340 13538 13600
f 13533 13110 13597
f 142 13533 13597
f 13109 13532 13596
f 13532 277 13596
f 13108 13529 13591
f 13529 87 13591
f 13528 13107 13590
f 331 13528 13590
f 13525 13106 13585
f 133 13525 13585
f 13105 13524 13584
f 13524 286 13584
f 13104 13519 13579
f 13519 96 13579
f 13518 13103 13578
f 324 13518 13578
f 13517 13102 13575
f 125 13517 13575
f 13101 13516 13574
f 13516 294 13574
f 13100 13515 13569
f 13515 103 13569
f 13514 13099 13568
f 316 13514 13568
f 13513 12907 13565
f 117 13513 13565
f 12906 13512 13564
f 13512 302 13564
f 13239 12758 13009
f 12831 13395 12781
f 12597 13270 13342
f 13342 14018 12597
f 13394 12830 12780
f 14041 12876 12833
f 13269 12596 13341
f 14017 13341 12596
f 12763 13413 12850
f 12779 12833 12876
f 13272 12595 13346
f 12875 14040 12832
f 13412 12762 12849
f 12832 12778 12875
f 12594 13271 13345
f 12874 14043 12835
f 13411 12765 12847
f 12835 12777 12874
f 12593 13274 13350
f 14042 12873 12834
f 12764 13410 12846
f 12776 12834 12873
f 13273 12592 13349
f 14045 12872 12837
f 12767 13409 12845
f 12775 12837 12872
f 13276 12591 13354
f 12871 14044 12836
f 13408 12766 12844
f 12836 12774 12871
f 12590 13275 13353
f 12870 14047 12839
f 13407 12769 12843
f 12839 12773 12870
f 12589 13278 13358
f 14046 12869 12838
f 12768 13406 12842
f 12772 12838 12869
f 13277 12588 13357
f 14049 12868 12841
f 13920 13008 12755
f 12771 13405 12841
f 13007 13919 12754
f 12771 12841 12868
f 12867 14048 12840
f 13404 12770 12840
f 13280 12587 13362
f 12840 12770 12867
f 12866 14051 12843
f 13403 12773 12839
f 12586 13279 13361
f 12843 12769 12866
f 14050 12865 12842
f 12772 13402 12838
f 12768 12842 12865
f 14053 12864 12845
f 12775 13401 12837
f 12767 12845 12864
f 12863 14052 12844
f 13400 12774 12836
f 12844 12766 12863
f 12862 14055 12847
f 13399 12777 12835
f 12847 12765 12862
f 14054 12861 12846
f 12776 13398 12834
f 12764 12846 12861
f 14057 12860 12850
f 12779 13397 12833
f 12763 12850 12860
f 12859 14056 12849
f 13396 12778 12832
f 12849 12762 12859
f 12858 14059 12854
f 13415 12761 12854
f 12854 12761 12858
f 14058 12857 12853
f 12760 13414 12853
f 12585 13282 13364
f 12760 12853 12857
f 12829 12880 12783
f 13393 12829 12783
f 13281 12584 13363
f 12879 12828 12782
f 12828 13392 12782
f 12882 12827 12785
f 12827 13391 12785
f 12826 12881 12784
f 13390 12826 12784
f 12825 12884 12787
f 13389 12825 12787
f 12883 12824 12786
f 12824 13388 12786
f 12886 12823 12789
f 12823 13387 12789
f 12822 12885 12788
f 13386 12822 12788
f 12821 12888 12791
f 13385 12821 12791
f 12887 12820 12790
f 12820 13384 12790
f 12890 12819 12793
f 12819 13383 12793
f 12818 12889 12792
f 13382 12818 12792
f 12817 12892 12795
f 13381 12817 12795
f 12891 12816 12794
f 12816 13380 12794
f 12894 12815 12797
f 12815 13379 12797
f 12814 12893 12796
f 13378 12814 12796
f 12898 12811 12801
f 12811 13375 12801
f 12810 12897 12800
f 13374 12810 12800
f 12813 12896 12799
f 13284 12583 13360
f 13377 12813 12799
f 12895 12812 12798
f 12812 13376 12798
f 12582 13283 13359
f 12899 12808 12802
f 12808 13372 12802
f 13847 13242 13317
f 2469 13847 13317
f 13241 13846 13316
f 13846 2184 13316
f 14061 13240 13803
f 13008 13803 13240
f 13240 12755 13008
f 13239 14060 13802
f 13802 13007 13239
f 12754 13239 13007
f 12809 12900 12803
f 13373 12809 12803
f 12901 12805 12804
f 12805 13371 12804
f 12829 13841 12880
f 13840 12828 12879
f 13837 12827 12882
f 12826 13836 12881
f 12825 13833 12884
f 13832 12824 12883
f 13829 12823 12886
f 12822 13828 12885
f 12821 13825 12888
f 13824 12820 12887
f 13821 12819 12890
f 12818 13820 12889
f 12817 13817 12892
f 13816 12816 12891
f 13805 12811 12898
f 12810 13804 12897
f 13813 12815 12894
f 12814 13812 12893
f 12813 13809 12896
f 12581 13286 13356
f 13808 12812 12895
f 13800 12808 12899
f 12809 13801 12900
f 13285 12580 13355
f 13799 12805 12901
f 13318 12600 13315
f 12600 13187 13315
f 12604 13320 13314
f 13185 12604 13314
f 13366 12903 13798
f 13366 12807 12903
f 13246 12903 12807
f 12902 13365 13797
f 12806 13365 12902
f 12902 13245 12806
f 13799 12901 13848
f 2302 14156 2304
f 12900 13801 13850
f 14144 13809 13611
f 13805 12898 13852
f 14177 2463 2462
f 12897 13804 13851
f 13804 14176 13851
f 13800 12899 13849
f 2339 14144 13611
f 12896 13809 13854
f 14144 2339 2337
f 13808 12895 13853
f 13821 14152 13593
f 13813 12894 13856
f 14152 2449 13593
f 12893 13812 13855
f 2449 14152 2452
f 12892 13817 13858
f 14151 13820 13592
f 13816 12891 13857
f 2204 14151 13592
f 13821 12890 13860
f 14151 2204 2202
f 13288 12579 13352
f 12889 13820 13859
f 14149 13817 13599
f 12888 13825 13862
f 12578 13287 13351
f 2346 14149 13599
f 13824 12887 13861
f 14149 2346 2343
f 13829 12886 13864
f 13816 14150 13598
f 12885 13828 13863
f 14150 2308 13598
f 12884 13833 13866
f 2308 14150 2310
f 13832 12883 13865
f 13813 14161 13605
f 13837 12882 13868
f 14161 2456 13605
f 12881 13836 13867
f 2456 14161 2458
f 12880 13841 13872
f 14160 13812 13604
f 13840 12879 13871
f 2197 14160 13604
f 13322 12606 13312
f 12606 13183 13312
f 12605 13321 13311
f 13184 12605 13311
f 13326 12610 13308
f 12610 13179 13308
f 12609 13325 13307
f 13180 12609 13307
f 12612 13328 13306
f 13177 12612 13306
f 13327 12611 13305
f 12611 13178 13305
f 13330 12614 13304
f 12614 13175 13304
f 12613 13329 13303
f 13176 12613 13303
f 12577 13290 13348
f 12616 13332 13302
f 13173 12616 13302
f 13331 12615 13301
f 13289 12576 13347
f 12615 13174 13301
f 13334 12618 13300
f 12618 13171 13300
f 12617 13333 13299
f 13172 12617 13299
f 12620 13336 13298
f 13169 12620 13298
f 13335 12619 13297
f 12619 13170 13297
f 13338 12622 13296
f 12622 13167 13296
f 12621 13337 13295
f 13168 12621 13295
f 12624 13340 13294
f 13165 12624 13294
f 13339 12623 13293
f 12623 13166 13293
f 13344 12626 13292
f 12626 13163 13292
f 12625 13343 13291
f 13164 12625 13291
f 12628 13348 13290
f 13161 12628 13290
f 13347 12627 13289
f 12627 13162 13289
f 13352 12630 13288
f 12630 13159 13288
f 13292 12575 13344
f 12629 13351 13287
f 13160 12629 13287
f 12632 13356 13286
f 12574 13291 13343
f 13157 12632 13286
f 13355 12631 13285
f 12631 13158 13285
f 13360 12634 13284
f 12634 13155 13284
f 12633 13359 13283
f 13156 12633 13283
f 12573 13294 13340
f 12636 13364 13282
f 13153 12636 13282
f 13363 12635 13281
f 13293 12572 13339
f 12635 13154 13281
f 13362 12638 13280
f 12638 13151 13280
f 13296 12571 13338
f 12637 13361 13279
f 13152 12637 13279
f 12640 13358 13278
f 12570 13295 13337
f 13149 12640 13278
f 13357 12639 13277
f 12639 13150 13277
f 12569 13298 13336
f 13354 12642 13276
f 12642 13147 13276
f 12641 13353 13275
f 13297 12568 13335
f 13148 12641 13275
f 13346 12646 13272
f 12646 13143 13272
f 13300 12567 13334
f 12645 13345 13271
f 13144 12645 13271
f 13319 12603 13313
f 12566 13299 13333
f 12603 13186 13313
f 12608 13324 13310
f 13181 12608 13310
f 12565 13302 13332
f 13323 12607 13309
f 12607 13182 13309
f 12644 13350 13274
f 13301 12564 13331
f 13145 12644 13274
f 13349 12643 13273
f 12643 13146 13273
f 13304 12563 13330
f 13767 12909 13028
f 13559 13028 12909
f 12908 13766 13027
f 12562 13303 13329
f 13027 13558 12908
f 12911 13769 13030
f 13030 13563 12911
f 12561 13306 13328
f 13768 12910 13029
f 13562 13029 12910
f 13771 12913 13032
f 13305 12560 13327
f 13571 13032 12913
f 12912 13770 13031
f 13031 13570 12912
f 13308 12559 13326
f 12915 13773 13034
f 14160 2197 2195
f 13772 12914 13033
f 12558 13307 13325
f 14168 13833 13577
f 13775 12919 13036
f 2358 14168 13577
f 12557 13310 13324
f 12918 13774 13035
f 14168 2358 2356
f 12923 13777 13038
f 13309 12556 13323
f 13832 14169 13576
f 13776 12922 13037
f 14169 2295 13576
f 13312 12555 13322
f 13779 12925 13040
f 2295 14169 2298
f 12924 13778 13039
f 12554 13311 13321
f 13808 14147 13610
f 12928 13781 13042
f 14147 2314 13610
f 12553 13314 13320
f 13780 12927 13041
f 2314 14147 2315
f 13783 12930 13044
f 13313 12552 13319
f 14174 13841 13563
f 12929 13782 13043
f 13856 14204 14161
f 13315 12551 13318
f 12932 13785 13046
f 12650 12744 2474
f 12649 13237 2474
f 12745 12649 2474
f 2474 13237 2473
f 13795 13094 13480
f 13513 13094 12907
f 13795 12907 13094
f 13093 13796 13481
f 13093 13512 12906
f 12906 13796 13093
f 13096 13523 13098
f 13098 13744 13096
f 13096 13921 13484
f 13921 13096 13744
f 13522 13095 13097
f 13745 13097 13095
f 13922 13095 13485
f 13095 13922 13745
f 13092 13515 13100
f 13100 13701 13092
f 13092 13923 13478
f 13923 13092 13701
f 13514 13091 13099
f 13702 13099 13091
f 13924 13091 13479
f 13091 13924 13702
f 13517 13090 13102
f 13703 13102 13090
f 13925 13090 13474
f 13090 13925 13703
f 13089 13516 13101
f 13101 13704 13089
f 13089 13926 13475
f 13926 13089 13704
f 13088 13519 13104
f 13104 13705 13088
f 13088 13927 13472
f 13927 13088 13705
f 13518 13087 13103
f 13706 13103 13087
f 13928 13087 13473
f 13087 13928 13706
f 13525 13086 13106
f 13707 13106 13086
f 13929 13086 13468
f 13086 13929 13707
f 13085 13524 13105
f 13105 13708 13085
f 13085 13930 13469
f 13930 13085 13708
f 13084 13529 13108
f 13108 13709 13084
f 13084 13931 13466
f 13931 13084 13709
f 13528 13083 13107
f 13710 13107 13083
f 13932 13083 13467
f 13083 13932 13710
f 13533 13082 13110
f 13711 13110 13082
f 13933 13082 13462
f 13082 13933 13711
f 13081 13532 13109
f 13109 13712 13081
f 13081 13934 13463
f 13934 13081 13712
f 13080 13539 13112
f 13112 13713 13080
f 13080 13935 13458
f 13935 13080 13713
f 13538 13079 13111
f 13714 13111 13079
f 13936 13079 13459
f 13079 13936 13714
f 13543 13078 13114
f 13715 13114 13078
f 13937 13078 13456
f 13078 13937 13715
f 13077 13542 13113
f 13113 13716 13077
f 13077 13938 13457
f 13938 13077 13716
f 13076 13547 13116
f 13116 13717 13076
f 13076 13939 13452
f 13939 13076 13717
f 13546 13075 13115
f 13718 13115 13075
f 13940 13075 13453
f 13075 13940 13718
f 13551 13074 13118
f 13719 13118 13074
f 13941 13074 13450
f 13074 13941 13719
f 13073 13550 13117
f 13117 13720 13073
f 13073 13942 13451
f 13942 13073 13720
f 13072 13555 13120
f 13120 13721 13072
f 13072 13943 13446
f 13943 13072 13721
f 13554 13071 13119
f 13722 13119 13071
f 13944 13071 13447
f 13071 13944 13722
f 13561 13070 13122
f 13723 13122 13070
f 13945 13070 13444
f 13070 13945 13723
f 13069 13560 13121
f 13121 13724 13069
f 13069 13946 13445
f 13946 13069 13724
f 13068 13567 13124
f 13124 13725 13068
f 13068 13947 13440
f 13947 13068 13725
f 13566 13067 13123
f 13726 13123 13067
f 13948 13067 13441
f 13067 13948 13726
f 13573 13066 13126
f 13727 13126 13066
f 13949 13066 13438
f 13066 13949 13727
f 13065 13572 13125
f 13125 13728 13065
f 13065 13950 13439
f 13950 13065 13728
f 13064 13581 13128
f 13128 13729 13064
f 13064 13951 13434
f 13951 13064 13729
f 13580 13063 13127
f 13730 13127 13063
f 13952 13063 13435
f 13063 13952 13730
f 13589 13062 13130
f 13731 13130 13062
f 13953 13062 13430
f 13062 13953 13731
f 13061 13588 13129
f 13129 13732 13061
f 13061 13954 13431
f 13954 13061 13732
f 13060 13595 13132
f 13132 13733 13060
f 13060 13955 13428
f 13955 13060 13733
f 13594 13059 13131
f 13734 13131 13059
f 13956 13059 13429
f 13059 13956 13734
f 13603 13058 13134
f 13735 13134 13058
f 13957 13058 13425
f 13058 13957 13735
f 13057 13602 13133
f 13133 13736 13057
f 13057 13958 13426
f 13958 13057 13736
f 13056 13609 13136
f 13136 13737 13056
f 13056 13959 13423
f 13959 13056 13737
f 13608 13055 13135
f 13738 13135 13055
f 13960 13055 13424
f 13055 13960 13738
f 13010 13874 12759
f 14174 2364 2362
f 13874 12597 12759
f 13873 13009 12758
f 13784 12931 13045
f 12596 13873 12758
f 13876 13012 12761
f 12858 12761 13012
f 12595 13876 12761
f 13011 13875 12760
f 12760 12857 13011
f 13875 12594 12760
f 13014 13878 12763
f 12763 12860 13014
f 13878 12593 12763
f 13877 13013 12762
f 12859 12762 13013
f 12592 13877 12762
f 13880 13016 12765
f 12862 12765 13016
f 12591 13880 12765
f 13015 13879 12764
f 12764 12861 13015
f 13879 12590 12764
f 13018 13882 12767
f 12767 12864 13018
f 13882 12589 12767
f 13881 13017 12766
f 12863 12766 13017
f 12588 13881 12766
f 13884 13020 12769
f 12866 12769 13020
f 12587 13884 12769
f 13019 13883 12768
f 12768 12865 13019
f 13883 12586 12768
f 13022 13886 12771
f 12771 12868 13022
f 13886 12585 12771
f 13885 13021 12770
f 12867 12770 13021
f 12584 13885 12770
f 13888 13024 12773
f 12870 12773 13024
f 12583 13888 12773
f 13023 13887 12772
f 12772 12869 13023
f 13887 12582 12772
f 13026 13890 12775
f 12775 12872 13026
f 13890 12581 12775
f 13889 13025 12774
f 12871 12774 13025
f 12580 13889 12774
f 13892 13028 12777
f 12874 12777 13028
f 12579 13892 12777
f 13027 13891 12776
f 12776 12873 13027
f 13891 12578 12776
f 13030 13894 12779
f 12779 12876 13030
f 13894 12577 12779
f 13893 13029 12778
f 12875 12778 13029
f 12576 13893 12778
f 13896 13032 12781
f 12878 12781 13032
f 12575 13896 12781
f 13031 13895 12780
f 12780 12877 13031
f 13895 12574 12780
f 13034 13898 12783
f 12783 12880 13034
f 13898 12573 12783
f 13897 13033 12782
f 12879 12782 13033
f 12572 13897 12782
f 13900 13036 12785
f 12882 12785 13036
f 12571 13900 12785
f 13035 13899 12784
f 12784 12881 13035
f 13899 12570 12784
f 13038 13902 12787
f 12787 12884 13038
f 13902 12569 12787
f 13901 13037 12786
f 12883 12786 13037
f 12568 13901 12786
f 13904 13040 12789
f 12886 12789 13040
f 12567 13904 12789
f 13039 13903 12788
f 12788 12885 13039
f 13903 12566 12788
f 13042 13906 12791
f 12791 12888 13042
f 13906 12565 12791
f 13905 13041 12790
f 12887 12790 13041
f 12564 13905 12790
f 13908 13044 12793
f 12890 12793 13044
f 12563 13908 12793
f 13043 13907 12792
f 12792 12889 13043
f 13907 12562 12792
f 13046 13910 12795
f 12795 12892 13046
f 13910 12561 12795
f 13909 13045 12794
f 12891 12794 13045
f 12560 13909 12794
f 13912 13048 12797
f 12894 12797 13048
f 12559 13912 12797
f 13047 13911 12796
f 12796 12893 13047
f 13911 12558 12796
f 13050 13914 12799
f 12799 12896 13050
f 13914 12557 12799
f 13913 13049 12798
f 12895 12798 13049
f 12556 13913 12798
f 13916 13052 12801
f 12898 12801 13052
f 12555 13916 12801
f 13051 13915 12800
f 12800 12897 13051
f 13915 12554 12800
f 13840 14175 13562
f 12803 12900 13054
f 13787 12934 13048
f 13917 13053 12802
f 12899 12802 13053
f 12552 13917 12802
f 13918 13054 12804
f 12901 12804 13054
f 12551 13918 12804
f 12985 12601 12757
f 12602 12984 12756
f 13244 12749 12751
f 14180 13872 14174
f 12933 13786 13047
f 12748 13243 12750
f 2362 14180 14174
f 12936 13789 13050
f 12601 13966 12745
f 12745 12757 12601
f 13966 12649 12745
f 13967 12602 12744
f 12756 12744 12602
f 12650 13967 12744
f 13187 13416 13141
f 14204 2458 14161
f 13788 12935 13049
f 13417 13185 13141
f 2289 14175 2291
f 13790 12937 13053
f 13186 13427 13142
f 14196 13866 14168
f 13266 2405 14059
f 13433 13184 13140
f 12858 13266 14059
f 2403 14059 2405
f 13183 13432 13139
f 2247 13265 14058
f 13265 12857 14058
f 13182 13437 13138
f 14058 2250 2247
f 2390 13264 14057
f 13436 13181 13137
f 13264 12860 14057
f 14057 2392 2390
f 13443 13180 13136
f 13263 2263 14056
f 12859 13263 14056
f 13179 13442 13135
f 2261 14056 2263
f 13262 2411 14055
f 13178 13449 13134
f 12862 13262 14055
f 2409 14055 2411
f 13448 13177 13133
f 2241 13261 14054
f 13261 12861 14054
f 13455 13176 13132
f 14054 2244 2241
f 2383 13260 14053
f 13175 13454 13131
f 13260 12864 14053
f 14053 2386 2383
f 13174 13461 13130
f 13259 2269 14052
f 12863 13259 14052
f 13460 13173 13129
f 2267 14052 2269
f 13258 2417 14051
f 13465 13172 13128
f 12866 13258 14051
f 2416 14051 2417
f 13171 13464 13127
f 2236 13257 14050
f 13257 12865 14050
f 13170 13471 13126
f 14050 2238 2236
f 2377 13256 14049
f 13470 13169 13125
f 13256 12868 14049
f 14049 2379 2377
f 13477 13168 13124
f 13255 2275 14048
f 12867 13255 14048
f 13167 13476 13123
f 2273 14048 2275
f 13254 2423 14047
f 13166 13483 13122
f 12870 13254 14047
f 2421 14047 2423
f 13482 13165 13121
f 2230 13253 14046
f 13253 12869 14046
f 13489 13164 13120
f 14046 2231 2230
f 2371 13252 14045
f 13163 13488 13119
f 13252 12872 14045
f 14045 2373 2371
f 13251 2282 14044
f 13614 13141 13416
f 13162 13491 13118
f 12871 13251 14044
f 2280 14044 2282
f 13490 13161 13117
f 13250 2430 14043
f 12874 13250 14043
f 13642 12939 13098
f 13486 13098 12939
f 12938 13641 13097
f 13097 13487 12938
f 13493 13160 13116
f 2428 14043 2430
f 2223 13249 14042
f 13159 13492 13115
f 13249 12873 14042
f 14042 2226 2223
f 13158 13495 13114
f 2366 13248 14041
f 13248 12876 14041
f 13494 13157 13113
f 14041 2368 2366
f 13247 2287 14040
f 13497 13156 13112
f 12875 13247 14040
f 2286 14040 2287
f 13155 13496 13111
f 2356 14196 14168
f 14196 2356 2354
f 13154 13499 13110
f 13054 13918 12803
f 13918 12553 12803
f 13498 13153 13109
f 13918 12743 12553
f 12648 13342 13270
f 13501 13152 13108
f 13511 12905 13236
f 13341 12647 13269
f 13151 13500 13107
f 12647 12905 13269
f 2396 13268 14061
f 13150 13503 13106
f 14061 2398 2396
f 13267 2258 14060
f 13502 13149 13105
f 2255 14060 2258
f 13315 14019 13314
f 13505 13148 13104
f 14019 13315 13187
f 13141 14019 13187
f 13147 13504 13103
f 13969 13244 12751
f 18 13969 12751
f 13146 13507 13102
f 13243 13968 12750
f 13968 402 12750
f 13506 13145 13101
f 13008 13920 13747
f 13920 12699 13747
f 13509 13144 13100
f 13919 13007 13746
f 12698 13919 13746
f 13143 13508 13099
f 14089 12801 13375
f 12801 14089 12555
f 14089 13322 12555
f 12905 12647 13236
f 12904 13510 13235
f 12800 14088 13374
f 12904 12648 13270
f 12648 12904 13235
f 13100 13569 13509
f 13568 13099 13508
f 13575 13102 13507
f 13101 13574 13506
f 13104 13579 13505
f 13578 13103 13504
f 13585 13106 13503
f 13105 13584 13502
f 13108 13591 13501
f 13590 13107 13500
f 13597 13110 13499
f 13109 13596 13498
f 13112 13601 13497
f 13600 13111 13496
f 13607 13114 13495
f 13113 13606 13494
f 13116 13613 13493
f 13612 13115 13492
f 13618 13118 13491
f 13117 13617 13490
f 13120 13622 13489
f 13621 13119 13488
f 13628 13122 13483
f 13121 13627 13482
f 13124 13633 13477
f 13632 13123 13476
f 13636 13126 13471
f 13125 13635 13470
f 13128 13638 13465
f 13637 13127 13464
f 13640 13130 13461
f 13129 13639 13460
f 13132 13644 13455
f 13643 13131 13454
f 13648 13134 13449
f 13133 13647 13448
f 13136 13652 13443
f 13651 13135 13442
f 13654 13138 13437
f 13137 13653 13436
f 13140 13658 13433
f 13657 13139 13432
f 13661 13142 13427
f 12907 13791 12905
f 12905 13565 12907
f 13792 12906 12904
f 13564 12904 12906
f 14088 12800 12554
f 13616 12917 13138
f 13739 13138 12917
f 13321 14088 12554
f 12916 13615 13137
f 13137 13740 12916
f 12763 14025 13413
f 12921 13626 13140
f 13140 13741 12921
f 14025 12763 12593
f 13625 12920 13139
f 13742 13139 12920
f 13350 14025 12593
f 13631 12926 13142
f 13743 13142 12926
f 12599 14133 12602
f 13420 14133 12653
f 13144 13509 13234
f 13508 13143 13233
f 13507 13146 13232
f 13145 13506 13231
f 13148 13505 13230
f 13504 13147 13229
f 13503 13150 13228
f 13149 13502 13227
f 13152 13501 13226
f 13500 13151 13225
f 13499 13154 13224
f 13153 13498 13223
f 13156 13497 13222
f 13496 13155 13221
f 13495 13158 13220
f 13157 13494 13219
f 13160 13493 13218
f 13492 13159 13217
f 13491 13162 13216
f 13161 13490 13215
f 13164 13489 13214
f 13488 13163 13213
f 13483 13166 13212
f 13165 13482 13211
f 13168 13477 13210
f 13476 13167 13209
f 13471 13170 13208
f 13169 13470 13207
f 13172 13465 13206
f 13464 13171 13205
f 13461 13174 13204
f 13173 13460 13203
f 13176 13455 13202
f 13454 13175 13201
f 13449 13178 13200
f 13177 13448 13199
f 13180 13443 13198
f 13442 13179 13197
f 13437 13182 13196
f 13181 13436 13195
f 13184 13433 13194
f 13432 13183 13193
f 13427 13186 13192
f 13970 13191 13417
f 13185 13417 13191
f 13190 13972 13416
f 13416 13187 13190
f 13415 13006 13747
f 13807 13006 12854
f 13415 12854 13006
f 13005 13414 13746
f 13005 13806 12853
f 12853 13414 13005
f 13004 13413 13749
f 13004 13811 12850
f 12850 13413 13004
f 13412 13003 13748
f 13810 13003 12849
f 13412 12849 13003
f 13411 13002 13751
f 13815 13002 12847
f 13411 12847 13002
f 13001 13410 13750
f 13001 13814 12846
f 12846 13410 13001
f 13000 13409 13753
f 13000 13819 12845
f 12845 13409 13000
f 13408 12999 13752
f 13818 12999 12844
f 13408 12844 12999
f 13407 12998 13755
f 13823 12998 12843
f 13407 12843 12998
f 12997 13406 13754
f 12997 13822 12842
f 12842 13406 12997
f 12996 13405 13757
f 12996 13827 12841
f 12841 13405 12996
f 13404 12995 13756
f 13826 12995 12840
f 13404 12840 12995
f 13403 12994 13759
f 13831 12994 12839
f 13403 12839 12994
f 12993 13402 13758
f 12993 13830 12838
f 12838 13402 12993
f 12992 13401 13761
f 12992 13835 12837
f 12837 13401 12992
f 13400 12991 13760
f 13834 12991 12836
f 13400 12836 12991
f 13399 12990 13763
f 13839 12990 12835
f 13399 12835 12990
f 12989 13398 13762
f 12989 13838 12834
f 12834 13398 12989
f 12988 13397 13765
f 12988 13843 12833
f 12833 13397 12988
f 13396 12987 13764
f 13842 12987 12832
f 13396 12832 12987
f 14024 12762 13412
f 12599 13366 13798
f 12762 14024 12592
f 13365 12598 13797
f 13747 13006 13008
f 13006 13807 13521
f 13521 13008 13006
f 13005 13746 13007
f 13806 13005 13520
f 13007 13520 13005
f 13004 13749 13010
f 13811 13004 13527
f 13010 13527 13004
f 13748 13003 13009
f 13003 13810 13526
f 13526 13009 13003
f 13751 13002 13012
f 13002 13815 13531
f 13531 13012 13002
f 13001 13750 13011
f 13814 13001 13530
f 13011 13530 13001
f 13000 13753 13014
f 13819 13000 13535
f 13014 13535 13000
f 13752 12999 13013
f 12999 13818 13534
f 13534 13013 12999
f 13755 12998 13016
f 12998 13823 13537
f 13537 13016 12998
f 12997 13754 13015
f 13822 12997 13536
f 13015 13536 12997
f 12996 13757 13018
f 13827 12996 13541
f 13018 13541 12996
f 13756 12995 13017
f 12995 13826 13540
f 13540 13017 12995
f 13759 12994 13020
f 12994 13831 13545
f 13545 13020 12994
f 12993 13758 13019
f 13830 12993 13544
f 13019 13544 12993
f 12992 13761 13022
f 13835 12992 13549
f 13022 13549 12992
f 13760 12991 13021
f 12991 13834 13548
f 13548 13021 12991
f 13763 12990 13024
f 12990 13839 13553
f 13553 13024 12990
f 12989 13762 13023
f 13838 12989 13552
f 13023 13552 12989
f 12988 13765 13026
f 13843 12988 13557
f 13026 13557 12988
f 13764 12987 13025
f 12987 13842 13556
f 13556 13025 12987
f 14024 13349 12592
f 14091 12804 13371
f 12804 14091 12551
f 14091 13318 12551
f 12803 14090 13373
f 14090 12803 12553
f 13320 14090 12553
f 12779 14039 13397
f 14039 12779 12577
f 13348 14039 12577
f 14038 12778 13396
f 12778 14038 12576
f 14038 13347 12576
f 14037 12777 13399
f 12777 14037 12579
f 14037 13352 12579
f 12776 14036 13398
f 14036 12776 12578
f 13351 14036 12578
f 12775 14035 13401
f 14035 12775 12581
f 13356 14035 12581
f 14034 12774 13400
f 12774 14034 12580
f 14034 13355 12580
f 14033 12773 13403
f 12773 14033 12583
f 14033 13360 12583
f 12772 14032 13402
f 14032 12772 12582
f 13359 14032 12582
f 12771 14031 13405
f 14031 12771 12585
f 13364 14031 12585
f 14030 12770 13404
f 12770 14030 12584
f 14030 13363 12584
f 14029 12769 13407
f 12769 14029 12587
f 14029 13362 12587
f 12768 14028 13406
f 14028 12768 12586
f 13361 14028 12586
f 12767 14027 13409
f 14027 12767 12589
f 13358 14027 12589
f 14026 12766 13408
f 12766 14026 12588
f 14026 13357 12588
f 14075 12802 13372
f 12802 14075 12552
f 14075 13319 12552
f 14023 12765 13411
f 12765 14023 12591
f 13523 13096 13646
f 12941 13646 13096
f 13096 13484 12941
f 13095 13522 13645
f 13645 12940 13095
f 13485 13095 12940
f 13094 13513 13650
f 13650 12943 13094
f 13480 13094 12943
f 13512 13093 13649
f 12942 13649 13093
f 13093 13481 12942
f 13515 13092 13656
f 12945 13656 13092
f 13092 13478 12945
f 13091 13514 13655
f 13655 12944 13091
f 13479 13091 12944
f 13090 13517 13660
f 13660 12947 13090
f 13474 13090 12947
f 13516 13089 13659
f 12946 13659 13089
f 13089 13475 12946
f 13519 13088 13663
f 12949 13663 13088
f 13088 13472 12949
f 13087 13518 13662
f 13662 12948 13087
f 13473 13087 12948
f 13086 13525 13665
f 13665 12951 13086
f 13468 13086 12951
f 13524 13085 13664
f 12950 13664 13085
f 13085 13469 12950
f 13529 13084 13667
f 12953 13667 13084
f 13084 13466 12953
f 13083 13528 13666
f 13666 12952 13083
f 13467 13083 12952
f 13082 13533 13669
f 13669 12955 13082
f 13462 13082 12955
f 13532 13081 13668
f 12954 13668 13081
f 13081 13463 12954
f 13539 13080 13671
f 12957 13671 13080
f 13080 13458 12957
f 13079 13538 13670
f 13670 12956 13079
f 13459 13079 12956
f 13078 13543 13673
f 13673 12959 13078
f 13456 13078 12959
f 13542 13077 13672
f 12958 13672 13077
f 13077 13457 12958
f 13547 13076 13675
f 12961 13675 13076
f 13076 13452 12961
f 13075 13546 13674
f 13674 12960 13075
f 13453 13075 12960
f 13074 13551 13677
f 13677 12963 13074
f 13450 13074 12963
f 13550 13073 13676
f 12962 13676 13073
f 13073 13451 12962
f 13555 13072 13679
f 12965 13679 13072
f 13072 13446 12965
f 13071 13554 13678
f 13678 12964 13071
f 13447 13071 12964
f 13070 13561 13681
f 13681 12967 13070
f 13444 13070 12967
f 13560 13069 13680
f 12966 13680 13069
f 13069 13445 12966
f 13567 13068 13683
f 12969 13683 13068
f 13068 13440 12969
f 13067 13566 13682
f 13682 12968 13067
f 13441 13067 12968
f 13066 13573 13685
f 13685 12971 13066
f 13438 13066 12971
f 13572 13065 13684
f 12970 13684 13065
f 13065 13439 12970
f 13581 13064 13687
f 12973 13687 13064
f 13064 13434 12973
f 13063 13580 13686
f 13686 12972 13063
f 13435 13063 12972
f 13062 13589 13689
f 13689 12975 13062
f 13430 13062 12975
f 13588 13061 13688
f 12974 13688 13061
f 13061 13431 12974
f 13595 13060 13691
f 12977 13691 13060
f 13060 13428 12977
f 13059 13594 13690
f 13690 12976 13059
f 13429 13059 12976
f 13058 13603 13694
f 13694 12979 13058
f 13425 13058 12979
f 13602 13057 13693
f 12978 13693 13057
f 13057 13426 12978
f 13609 13056 13698
f 12981 13698 13056
f 13056 13423 12981
f 13055 13608 13697
f 13697 12980 13055
f 13424 13055 12980
f 13700 12856 13616
f 12856 13421 12917
f 12917 13616 12856
f 12855 13699 13615
f 13422 12855 12916
f 13615 12916 12855
f 12852 13696 13626
f 13419 12852 12921
f 13626 12921 12852
f 13695 12851 13625
f 12851 13420 12920
f 12920 13625 12851
f 13692 12848 13631
f 12848 13418 12926
f 12926 13631 12848
f 13246 12807 13847
f 2467 13246 13847
f 12806 13245 13846
f 13245 2186 13846
f 14023 13354 12591
f 2472 13317 13189
f 13317 2472 2471
f 12764 14022 13410
f 14022 12764 12590
f 13316 2472 13188
f 2472 13316 2471
f 13353 14022 12590
f 14021 12761 13415
f 12761 14021 12595
f 14021 13346 12595
f 12760 14020 13414
f 14020 12760 12594
f 13345 14020 12594
f 12799 14070 13377
f 14070 12799 12557
f 13324 14070 12557
f 14069 12798 13376
f 12798 14069 12556
f 14069 13323 12556
f 14087 12797 13379
f 12797 14087 12559
f 14087 13326 12559
f 12796 14086 13378
f 14086 12796 12558
f 13325 14086 12558
f 12795 14085 13381
f 14085 12795 12561
f 13328 14085 12561
f 14084 12794 13380
f 12794 14084 12560
f 14084 13327 12560
f 14083 12793 13383
f 12793 14083 12563
f 14083 13330 12563
f 12792 14082 13382
f 14082 12792 12562
f 13329 14082 12562
f 12791 14079 13385
f 14079 12791 12565
f 13332 14079 12565
f 14078 12790 13384
f 12790 14078 12564
f 14078 13331 12564
f 14077 12789 13387
f 12789 14077 12567
f 14077 13334 12567
f 12788 14076 13386
f 14076 12788 12566
f 13333 14076 12566
f 12787 14074 13389
f 14074 12787 12569
f 13336 14074 12569
f 14073 12786 13388
f 12786 14073 12568
f 14073 13335 12568
f 13865 14197 14169
f 13872 13034 12880
f 14180 2362 2360
f 14197 2298 14169
f 13033 13871 12879
f 13871 14181 14175
f 2298 14197 2300
f 13845 14189 13559
f 2442 13868 13583
f 14189 2431 13559
f 2431 14189 2433
f 13867 2212 13582
f 14188 13844 13558
f 13866 13038 12884
f 2221 14188 13558
f 14139 13849 12899
f 13037 13865 12883
f 14188 2221 2220
f 13053 14139 12899
f 13040 13864 12886
f 13853 14186 14147
f 14142 13868 12882
f 13863 13039 12885
f 14186 2315 14147
f 13036 14142 12882
f 13862 13042 12888
f 13857 14191 14150
f 13867 14141 12881
f 13041 13861 12887
f 14191 2310 14150
f 14141 13035 12881
f 13044 13860 12890
f 2453 14199 13605
f 14203 13855 14160
f 13859 13043 12889
f 13860 14199 14152
f 2195 14203 14160
f 13858 13046 12892
f 14199 13860 13605
f 13848 14205 14148
f 13045 13857 12891
f 14199 2453 2452
f 14181 2291 14175
f 13048 13856 12894
f 2329 14205 13850
f 2291 14181 2294
f 13855 13047 12893
f 14205 2328 14148
f 14206 13563 13248
f 13854 13050 12896
f 14198 2199 13604
f 2366 14206 13248
f 13049 13853 12895
f 14199 2452 14152
f 13852 13052 13630
f 13052 13852 12898
f 14198 13859 14151
f 13051 13851 13629
f 13851 13051 12897
f 2202 14198 14151
f 14206 2366 2364
f 14175 13840 13871
f 2324 13849 13634
f 14187 13854 14144
f 2337 14187 14144
f 14205 13848 13850
f 13054 13848 12901
f 12651 13371 13790
f 13371 12937 13790
f 13373 12655 13789
f 12936 13373 13789
f 12654 13372 13788
f 13372 12935 13788
f 12657 13375 13787
f 13375 12934 13787
f 13374 12656 13786
f 12933 13374 13786
f 13377 12659 13785
f 12932 13377 13785
f 12658 13376 13784
f 13376 12931 13784
f 12661 13379 13783
f 13379 12930 13783
f 13378 12660 13782
f 12929 13378 13782
f 13381 12663 13781
f 12928 13381 13781
f 12662 13380 13780
f 13380 12927 13780
f 12665 13383 13779
f 13383 12925 13779
f 13382 12664 13778
f 12924 13382 13778
f 13385 12667 13777
f 12923 13385 13777
f 12666 13384 13776
f 13384 12922 13776
f 12669 13387 13775
f 13387 12919 13775
f 13386 12668 13774
f 12918 13386 13774
f 13389 12671 13773
f 12915 13389 13773
f 12670 13388 13772
f 13388 12914 13772
f 12673 13391 13771
f 13391 12913 13771
f 13390 12672 13770
f 12912 13390 13770
f 13393 12675 13769
f 12911 13393 13769
f 12674 13392 13768
f 13392 12910 13768
f 12677 13395 13767
f 13395 12909 13767
f 13394 12676 13766
f 12908 13394 13766
f 13397 12679 13765
f 12678 13396 13764
f 12681 13399 13763
f 13398 12680 13762
f 13401 12683 13761
f 12682 13400 13760
f 12685 13403 13759
f 13402 12684 13758
f 13405 12687 13757
f 12686 13404 13756
f 12689 13407 13755
f 13406 12688 13754
f 13409 12691 13753
f 12690 13408 13752
f 12693 13411 13751
f 13410 12692 13750
f 13413 12695 13749
f 12694 13412 13748
f 12697 13415 13747
f 13414 12696 13746
f 14072 12785 13391
f 12785 14072 12571
f 14072 13338 12571
f 12784 14071 13390
f 14071 12784 12570
f 13337 14071 12570
f 12783 14068 13393
f 14068 12783 12573
f 13340 14068 12573
f 14067 12782 13392
f 12782 14067 12572
f 14067 13339 12572
f 14081 12781 13395
f 12781 14081 12575
f 14081 13344 12575
f 12780 14080 13394
f 14080 12780 12574
f 13343 14080 12574
f 2398 14061 13803
f 14060 2255 13802
f 13032 13896 13771
f 13896 12723 13771
f 13895 13031 13770
f 12722 13895 13770
f 13894 13030 13769
f 12721 13894 13769
f 12604 13185 13191
f 13187 12600 13190
f 14133 13420 12602
f 14133 12599 12653
f 12645 13144 13234
f 13143 12646 13233
f 13146 12643 13232
f 12644 13145 13231
f 12641 13148 13230
f 13147 12642 13229
f 13150 12639 13228
f 12640 13149 13227
f 12637 13152 13226
f 13151 12638 13225
f 13154 12635 13224
f 12636 13153 13223
f 12633 13156 13222
f 13155 12634 13221
f 13158 12631 13220
f 12632 13157 13219
f 12629 13160 13218
f 13159 12630 13217
f 13162 12627 13216
f 12628 13161 13215
f 12625 13164 13214
f 13163 12626 13213
f 13166 12623 13212
f 12624 13165 13211
f 12621 13168 13210
f 13167 12622 13209
f 13170 12619 13208
f 12620 13169 13207
f 12617 13172 13206
f 13171 12618 13205
f 13174 12615 13204
f 12616 13173 13203
f 12613 13176 13202
f 13175 12614 13201
f 13178 12611 13200
f 12612 13177 13199
f 12609 13180 13198
f 13179 12610 13197
f 13182 12607 13196
f 12608 13181 13195
f 12605 13184 13194
f 13183 12606 13193
f 13186 12603 13192
f 13029 13893 13768
f 13893 12720 13768
f 13028 13892 13767
f 13892 12719 13767
f 13891 13027 13766
f 12718 13891 13766
f 13053 13917 13790
f 13917 12742 13790
f 13914 13050 13789
f 12741 13914 13789
f 13048 13912 13787
f 13912 12739 13787
f 13911 13047 13786
f 12738 13911 13786
f 13049 13913 13788
f 13913 12740 13788
f 13910 13046 13785
f 12737 13910 13785
f 13045 13909 13784
f 13909 12736 13784
f 14041 12833 13843
f 2368 14041 13843
f 12832 14040 13842
f 14040 2286 13842
f 2370 13843 13557
f 13842 2284 13556
f 13839 2426 13553
f 2228 13838 13552
f 2375 13835 13549
f 13834 2278 13548
f 13831 2419 13545
f 2233 13830 13544
f 2382 13827 13541
f 13826 2271 13540
f 13823 2414 13537
f 2239 13822 13536
f 2388 13819 13535
f 13818 2265 13534
f 13815 2407 13531
f 2246 13814 13530
f 2394 13811 13527
f 13810 2259 13526
f 13807 2402 13521
f 2252 13806 13520
f 13803 13008 13521
f 13044 13908 13783
f 2400 13803 13521
f 13007 13802 13520
f 13908 12735 13783
f 13802 2253 13520
f 13907 13043 13782
f 12734 13907 13782
f 13906 13042 13781
f 12733 13906 13781
f 13041 13905 13780
f 13905 12732 13780
f 12835 14043 13839
f 14043 2428 13839
f 14042 12834 13838
f 2226 14042 13838
f 13040 13904 13779
f 13904 12731 13779
f 13903 13039 13778
f 12730 13903 13778
f 13902 13038 13777
f 12729 13902 13777
f 13037 13901 13776
f 13901 12728 13776
f 14045 12837 13835
f 2373 14045 13835
f 12836 14044 13834
f 14044 2280 13834
f 13036 13900 13775
f 13900 12727 13775
f 13899 13035 13774
f 12726 13899 13774
f 13898 13034 13773
f 12725 13898 13773
f 13033 13897 13772
f 13897 12724 13772
f 12839 14047 13831
f 14047 2421 13831
f 14046 12838 13830
f 2231 14046 13830
f 14049 12841 13827
f 2379 14049 13827
f 12840 14048 13826
f 14048 2273 13826
f 12843 14051 13823
f 14051 2416 13823
f 14050 12842 13822
f 2238 14050 13822
f 14053 12845 13819
f 2386 14053 13819
f 12844 14052 13818
f 14052 2267 13818
f 12847 14055 13815
f 14055 2409 13815
f 14054 12846 13814
f 2244 14054 13814
f 14057 12850 13811
f 2392 14057 13811
f 12849 14056 13810
f 14056 2261 13810
f 12854 14059 13807
f 14059 2403 13807
f 14058 12853 13806
f 2250 14058 13806
f 14018 13342 13920
f 12755 14018 13920
f 13341 14017 13919
f 14017 12754 13919
f 13890 13026 13765
f 12717 13890 13765
f 13025 13889 13764
f 13889 12716 13764
f 13024 13888 13763
f 13888 12715 13763
f 13887 13023 13762
f 12714 13887 13762
f 13886 13022 13761
f 12713 13886 13761
f 13021 13885 13760
f 13885 12712 13760
f 13020 13884 13759
f 13884 12711 13759
f 13883 13019 13758
f 12710 13883 13758
f 13882 13018 13757
f 12709 13882 13757
f 13017 13881 13756
f 13881 12708 13756
f 13016 13880 13755
f 13880 12707 13755
f 13879 13015 13754
f 12706 13879 13754
f 13878 13014 13753
f 12705 13878 13753
f 13013 13877 13752
f 13877 12704 13752
f 13012 13876 13751
f 13876 12703 13751
f 13875 13011 13750
f 12702 13875 13750
f 13874 13010 13749
f 12701 13874 13749
f 13009 13873 13748
f 13873 12700 13748
f 13244 12757 12749
f 12747 12749 12757
f 12756 13243 12748
f 12748 12746 12756
f 12550 13794 13916
f 13794 13052 13916
f 13793 12549 13915
f 13051 13793 13915
f 13658 13140 13626
f 24 13658 13626
f 13139 13657 13625
f 13657 396 13625
f 13138 13654 13616
f 13654 197 13616
f 13653 13137 13615
f 222 13653 13615
f 13142 13661 13631
f 13661 206 13631
f 13141 13614 13417
f 13614 213 13417
f 14131 117 13565
f 14131 13511 116
f 13511 14131 13565
f 117 14131 116
f 302 14130 13564
f 13510 14130 303
f 14130 13510 13564
f 14130 302 303
f 14129 13136 13180
f 14129 13307 13737
f 13307 14129 13180
f 13136 14129 13737
f 13135 14128 13179
f 13308 14128 13738
f 14128 13308 13179
f 14128 13135 13738
f 13630 13052 12903
f 13794 12903 13052
f 13134 14127 13178
f 13305 14127 13735
f 13051 13629 12902
f 12902 13793 13051
f 14127 13305 13178
f 14127 13134 13735
f 14126 13133 13177
f 14126 13306 13736
f 13306 14126 13177
f 13133 14126 13736
f 14125 13132 13176
f 14125 13303 13733
f 13965 12926 13418
f 12651 13965 13418
f 13964 12920 13420
f 12653 13964 13420
f 12921 13963 13419
f 13963 12652 13419
f 12916 13962 13422
f 13962 12655 13422
f 13961 12917 13421
f 12654 13961 13421
f 12657 13960 13424
f 13959 12656 13423
f 13958 12659 13426
f 12658 13957 13425
f 12661 13956 13429
f 13955 12660 13428
f 13954 12663 13431
f 12662 13953 13430
f 12665 13952 13435
f 13951 12664 13434
f 13950 12667 13439
f 12666 13949 13438
f 12669 13948 13441
f 13947 12668 13440
f 13946 12671 13445
f 12670 13945 13444
f 12673 13944 13447
f 13943 12672 13446
f 13942 12675 13451
f 12674 13941 13450
f 12677 13940 13453
f 13939 12676 13452
f 13938 12679 13457
f 12678 13937 13456
f 12681 13936 13459
f 13935 12680 13458
f 13934 12683 13463
f 12682 13933 13462
f 12685 13932 13467
f 13931 12684 13466
f 13930 12687 13469
f 12686 13929 13468
f 12689 13928 13473
f 13927 12688 13472
f 13926 12691 13475
f 12690 13925 13474
f 12693 13924 13479
f 13923 12692 13478
f 13796 12695 13481
f 12694 13795 13480
f 12697 13922 13485
f 13921 12696 13484
f 13097 13745 13487
f 13745 12699 13487
f 13744 13098 13486
f 12698 13744 13486
f 13303 14125 13176
f 13702 12703 13272
f 13132 14125 13733
f 12702 13701 13271
f 13131 14124 13175
f 12705 13704 13274
f 13304 14124 13734
f 13703 12704 13273
f 14124 13304 13175
f 13706 12707 13276
f 14124 13131 13734
f 12706 13705 13275
f 13130 14123 13174
f 12709 13708 13278
f 13301 14123 13731
f 13707 12708 13277
f 14123 13301 13174
f 13710 12711 13280
f 14123 13130 13731
f 12710 13709 13279
f 14122 13129 13173
f 12713 13712 13282
f 14122 13302 13732
f 13711 12712 13281
f 13302 14122 13173
f 13714 12715 13284
f 13129 14122 13732
f 12714 13713 13283
f 14121 13128 13172
f 12717 13716 13286
f 14121 13299 13729
f 13715 12716 13285
f 13299 14121 13172
f 13718 12719 13288
f 13128 14121 13729
f 12718 13717 13287
f 13127 14120 13171
f 12721 13720 13290
f 13300 14120 13730
f 13719 12720 13289
f 14120 13300 13171
f 13722 12723 13292
f 14120 13127 13730
f 12722 13721 13291
f 13126 14119 13170
f 12725 13724 13294
f 13297 14119 13727
f 13723 12724 13293
f 14119 13297 13170
f 13726 12727 13296
f 14119 13126 13727
f 12726 13725 13295
f 14118 13125 13169
f 12729 13728 13298
f 14118 13298 13728
f 13727 12728 13297
f 13298 14118 13169
f 13730 12731 13300
f 13125 14118 13728
f 12730 13729 13299
f 14117 13124 13168
f 12733 13732 13302
f 14117 13295 13725
f 13731 12732 13301
f 13295 14117 13168
f 13734 12735 13304
f 13124 14117 13725
f 12734 13733 13303
f 13123 14116 13167
f 12737 13736 13306
f 13296 14116 13726
f 13735 12736 13305
f 14116 13296 13167
f 13738 12739 13308
f 14116 13123 13726
f 12738 13737 13307
f 13122 14115 13166
f 12741 13740 13310
f 13293 14115 13723
f 13739 12740 13309
f 14115 13293 13166
f 14115 13122 13723
f 14114 13121 13165
f 13743 12742 13313
f 14114 13294 13724
f 12743 13315 13314
f 12747 12745 2475
f 12745 2474 2475
f 12744 12746 2475
f 2474 12744 2475
f 208 13692 13631
f 13696 21 13626
f 398 13695 13625
f 200 13700 13616
f 13699 220 13615
f 30 13609 13698
f 13608 389 13697
f 13603 192 13694
f 227 13602 13693
f 37 13595 13691
f 13594 382 13690
f 13589 183 13689
f 236 13588 13688
f 46 13581 13687
f 13580 373 13686
f 13573 176 13685
f 244 13572 13684
f 54 13567 13683
f 13566 366 13682
f 13561 168 13681
f 251 13560 13680
f 61 13555 13679
f 13554 357 13678
f 13551 159 13677
f 260 13550 13676
f 69 13547 13675
f 13546 349 13674
f 13543 152 13673
f 267 13542 13672
f 109 13523 13646
f 13522 310 13645
f 78 13539 13671
f 13538 342 13670
f 13533 144 13669
f 276 13532 13668
f 85 13529 13667
f 13528 334 13666
f 13525 136 13665
f 283 13524 13664
f 93 13519 13663
f 13518 326 13662
f 13517 127 13660
f 292 13516 13659
f 101 13515 13656
f 13514 318 13655
f 13513 119 13650
f 300 13512 13649
f 13294 14114 13165
f 13121 14114 13724
f 14113 13120 13164
f 14113 13291 13721
f 13030 13248 13563
f 13562 14207 13247
f 13247 13029 13562
f 14207 2287 13247
f 13250 13028 13559
f 13859 14198 13604
f 13027 13249 13558
f 2199 14198 2202
f 13026 13252 13557
f 13252 2371 13557
f 13251 13025 13556
f 2282 13251 13556
f 13254 13024 13553
f 2423 13254 13553
f 13023 13253 13552
f 13253 2230 13552
f 13022 13256 13549
f 13256 2377 13549
f 13255 13021 13548
f 2275 13255 13548
f 13258 13020 13545
f 2417 13258 13545
f 13019 13257 13544
f 13257 2236 13544
f 13018 13260 13541
f 13260 2383 13541
f 13259 13017 13540
f 2269 13259 13540
f 13262 13016 13537
f 2411 13262 13537
f 13015 13261 13536
f 13261 2241 13536
f 13014 13264 13535
f 13264 2390 13535
f 13263 13013 13534
f 2263 13263 13534
f 13266 13012 13531
f 2405 13266 13531
f 13011 13265 13530
f 13265 2247 13530
f 13010 13268 13527
f 13268 2396 13527
f 13267 13009 13526
f 2258 13267 13526
f 216 13970 13417
f 13972 211 13416
f 13291 14113 13164
f 13964 12653 12550
f 12652 13963 12549
f 13962 12916 13740
f 12917 13961 13739
f 12920 13964 13742
f 13964 12550 13742
f 13963 12921 13741
f 12549 13963 13741
f 12926 13965 13743
f 13120 14113 13721
f 13119 14112 13163
f 12852 13368 13696
f 13368 20 13696
f 13367 12851 13695
f 399 13367 13695
f 13292 14112 13722
f 14112 13292 13163
f 13369 12848 13692
f 210 13369 13692
f 14112 13119 13722
f 13118 14111 13162
f 12855 13370 13699
f 13370 218 13699
f 13194 13974 13698
f 13698 12981 13194
f 13974 28 13698
f 13973 13193 13697
f 12980 13697 13193
f 392 13973 13697
f 13976 13196 13694
f 12979 13694 13196
f 194 13976 13694
f 13195 13975 13693
f 13693 12978 13195
f 13975 225 13693
f 13198 13978 13691
f 13691 12977 13198
f 13978 35 13691
f 13977 13197 13690
f 12976 13690 13197
f 383 13977 13690
f 13980 13200 13689
f 12975 13689 13200
f 185 13980 13689
f 13199 13979 13688
f 13688 12974 13199
f 13979 233 13688
f 13202 13982 13687
f 13687 12973 13202
f 13982 43 13687
f 13981 13201 13686
f 12972 13686 13201
f 376 13981 13686
f 13984 13204 13685
f 12971 13685 13204
f 178 13984 13685
f 13203 13983 13684
f 13684 12970 13203
f 13983 242 13684
f 13206 13986 13683
f 13683 12969 13206
f 13986 52 13683
f 13985 13205 13682
f 12968 13682 13205
f 367 13985 13682
f 13988 13208 13681
f 12967 13681 13208
f 169 13988 13681
f 13207 13987 13680
f 13680 12966 13207
f 13987 249 13680
f 13210 13990 13679
f 13679 12965 13210
f 13990 60 13679
f 13989 13209 13678
f 12964 13678 13209
f 359 13989 13678
f 13992 13212 13677
f 12963 13677 13212
f 161 13992 13677
f 13211 13991 13676
f 13676 12962 13211
f 13991 258 13676
f 13214 13994 13675
f 13675 12961 13214
f 13994 67 13675
f 13993 13213 13674
f 12960 13674 13213
f 351 13993 13674
f 13996 13216 13673
f 12959 13673 13216
f 153 13996 13673
f 13215 13995 13672
f 13672 12958 13215
f 13995 265 13672
f 13218 13998 13671
f 13671 12957 13218
f 13998 76 13671
f 13997 13217 13670
f 12956 13670 13217
f 343 13997 13670
f 14000 13220 13669
f 12955 13669 13220
f 145 14000 13669
f 13219 13999 13668
f 13668 12954 13219
f 13999 273 13668
f 13222 14002 13667
f 13667 12953 13222
f 14002 83 13667
f 14001 13221 13666
f 12952 13666 13221
f 336 14001 13666
f 14004 13224 13665
f 12951 13665 13224
f 137 14004 13665
f 13223 14003 13664
f 13664 12950 13223
f 14003 281 13664
f 13226 14006 13663
f 13663 12949 13226
f 14006 91 13663
f 14005 13225 13662
f 12948 13662 13225
f 327 14005 13662
f 14008 13228 13660
f 12947 13660 13228
f 129 14008 13660
f 13227 14007 13659
f 13659 12946 13227
f 14007 290 13659
f 13230 14010 13656
f 13656 12945 13230
f 14010 100 13656
f 14009 13229 13655
f 12944 13655 13229
f 320 14009 13655
f 14012 13232 13650
f 12943 13650 13232
f 122 14012 13650
f 13231 14011 13649
f 13649 12942 13231
f 14011 298 13649
f 13234 14014 13646
f 13646 12941 13234
f 14014 107 13646
f 14013 13233 13645
f 12940 13645 13233
f 311 14013 13645
f 14016 13236 13642
f 12939 13642 13236
f 113 14016 13642
f 13235 14015 13641
f 13641 12938 13235
f 14015 305 13641
f 13289 14111 13719
f 14111 13289 13162
f 13248 13030 12876
f 13029 13247 12875
f 13028 13250 12874
f 13249 13027 12873
f 13252 13026 12872
f 13025 13251 12871
f 13024 13254 12870
f 13253 13023 12869
f 13256 13022 12868
f 13021 13255 12867
f 13020 13258 12866
f 13257 13019 12865
f 13260 13018 12864
f 13017 13259 12863
f 13016 13262 12862
f 13261 13015 12861
f 13264 13014 12860
f 13013 13263 12859
f 13012 13266 12858
f 13265 13011 12857
f 14111 13118 13719
f 14110 13117 13161
f 13420 12984 12602
f 14132 12598 12601
f 12985 13419 12601
f 14132 13419 12652
f 13418 12986 12600
f 12982 13422 12604
f 13421 12983 12603
f 13424 12980 12606
f 12981 13423 12605
f 12978 13426 12608
f 13425 12979 12607
f 13429 12976 12610
f 12977 13428 12609
f 12974 13431 12612
f 13430 12975 12611
f 13435 12972 12614
f 12973 13434 12613
f 12970 13439 12616
f 13438 12971 12615
f 13441 12968 12618
f 12969 13440 12617
f 12966 13445 12620
f 13444 12967 12619
f 13447 12964 12622
f 12965 13446 12621
f 12962 13451 12624
f 13450 12963 12623
f 13453 12960 12626
f 12961 13452 12625
f 12958 13457 12628
f 13456 12959 12627
f 13459 12956 12630
f 12957 13458 12629
f 12954 13463 12632
f 13462 12955 12631
f 13467 12952 12634
f 12953 13466 12633
f 12950 13469 12636
f 13468 12951 12635
f 13473 12948 12638
f 12949 13472 12637
f 12946 13475 12640
f 13474 12947 12639
f 13479 12944 12642
f 12945 13478 12641
f 12942 13481 12644
f 13480 12943 12643
f 13485 12940 12646
f 12941 13484 12645
f 12938 13487 12648
f 13486 12939 12647
f 14110 13290 13720
f 13290 14110 13161
f 13117 14110 13720
f 14109 13116 13160
f 14109 13287 13717
f 13287 14109 13160
f 13116 14109 13717
f 13115 14108 13159
f 13288 14108 13718
f 14108 13288 13159
f 14108 13115 13718
f 13114 14107 13158
f 13285 14107 13715
f 14107 13285 13158
f 14107 13114 13715
f 14106 13113 13157
f 14106 13286 13716
f 13286 14106 13157
f 13113 14106 13716
f 14105 13112 13156
f 14105 13283 13713
f 13283 14105 13156
f 13112 14105 13713
f 13111 14104 13155
f 13284 14104 13714
f 14104 13284 13155
f 14104 13111 13714
f 13110 14103 13154
f 13281 14103 13711
f 14103 13281 13154
f 14103 13110 13711
f 14102 13109 13153
f 14102 13282 13712
f 13282 14102 13153
f 13109 14102 13712
f 14101 13108 13152
f 14101 13279 13709
f 13279 14101 13152
f 13108 14101 13709
f 13107 14100 13151
f 13280 14100 13710
f 14100 13280 13151
f 14100 13107 13710
f 13106 14099 13150
f 13277 14099 13707
f 12759 14018 12755
f 14018 12759 12597
f 14017 12758 12754
f 12758 14017 12596
f 13238 13189 12753
f 12650 13238 12753
f 13188 13237 12752
f 13237 12649 12752
f 14099 13277 13150
f 14099 13106 13707
f 14098 13105 13149
f 14098 13278 13708
f 13278 14098 13149
f 13105 14098 13708
f 14097 13104 13148
f 14097 13275 13705
f 13275 14097 13148
f 13104 14097 13705
f 13103 14096 13147
f 13276 14096 13706
f 14096 13276 13147
f 14096 13103 13706
f 13102 14095 13146
f 13273 14095 13703
f 14095 13273 13146
f 14095 13102 13703
f 14094 13101 13145
f 14094 13274 13704
f 13274 14094 13145
f 13101 14094 13704
f 14093 13100 13144
f 14093 13271 13701
f 13271 14093 13144
f 13100 14093 13701
f 13099 14092 13143
f 13272 14092 13702
f 14092 13272 13143
f 14092 13099 13702
f 14176 2189 13851
f 2253 13802 2255
f 13803 2400 2398
f 2189 14176 2192
f 376 13686 373
f 178 13685 176
f 13841 14174 13872
f 13684 242 244
f 14181 13871 13576
f 14173 13033 12914
f 2294 14181 13576
f 13700 200 202
f 220 13699 218
f 13806 2252 2250
f 2402 13807 2403
f 14173 13576 13871
f 13698 28 30
f 392 13697 389
f 13576 14173 12914
f 21 13696 20
f 13695 398 399
f 2259 13810 2261
f 13811 2394 2392
f 13033 14173 13871
f 194 13694 192
f 13693 225 227
f 13034 14172 12915
f 13692 208 210
f 13691 35 37
f 13814 2246 2244
f 2407 13815 2409
f 13577 14172 13872
f 383 13690 382
f 185 13689 183
f 14172 13577 12915
f 13688 233 236
f 13687 43 46
f 2265 13818 2267
f 13819 2388 2386
f 14172 13034 13872
f 13318 14091 12651
f 14091 13371 12651
f 14090 13320 12655
f 13373 14090 12655
f 13322 14089 12657
f 14089 13375 12657
f 14088 13321 12656
f 13374 14088 12656
f 13326 14087 12661
f 14087 13379 12661
f 14086 13325 12660
f 13378 14086 12660
f 14085 13328 12663
f 13381 14085 12663
f 13327 14084 12662
f 14084 13380 12662
f 13330 14083 12665
f 14083 13383 12665
f 14082 13329 12664
f 13382 14082 12664
f 13344 14081 12677
f 14081 13395 12677
f 14080 13343 12676
f 13394 14080 12676
f 14079 13332 12667
f 13385 14079 12667
f 13331 14078 12666
f 14078 13384 12666
f 13334 14077 12669
f 14077 13387 12669
f 14076 13333 12668
f 13386 14076 12668
f 13319 14075 12654
f 14075 13372 12654
f 14074 13336 12671
f 13389 14074 12671
f 12745 12747 12757
f 13335 14073 12670
f 12746 12744 12756
f 14073 13388 12670
f 13338 14072 12673
f 14072 13391 12673
f 14071 13337 12672
f 13390 14071 12672
f 14070 13324 12659
f 13377 14070 12659
f 13323 14069 12658
f 14069 13376 12658
f 14068 13340 12675
f 13393 14068 12675
f 13339 14067 12674
f 14067 13392 12674
f 13142 14066 13186
f 13313 14066 13743
f 14066 13313 13186
f 14066 13142 13743
f 13138 14065 13182
f 13309 14065 13739
f 14065 13309 13182
f 14065 13138 13739
f 14064 13137 13181
f 14064 13310 13740
f 13310 14064 13181
f 13137 14064 13740
f 14063 13140 13184
f 14063 13311 13741
f 13311 14063 13184
f 13140 14063 13741
f 13139 14062 13183
f 13312 14062 13742
f 14062 13312 13183
f 14062 13139 13742
f 14039 13348 12679
f 13397 14039 12679
f 13347 14038 12678
f 14038 13396 12678
f 13352 14037 12681
f 14037 13399 12681
f 14036 13351 12680
f 13398 14036 12680
f 14035 13356 12683
f 13401 14035 12683
f 13355 14034 12682
f 14034 13400 12682
f 13360 14033 12685
f 14033 13403 12685
f 14032 13359 12684
f 13969 20 13368
f 399 13968 13367
f 13402 14032 12684
f 14031 13364 12687
f 13405 14031 12687
f 13363 14030 12686
f 14030 13404 12686
f 13362 14029 12689
f 14029 13407 12689
f 14028 13361 12688
f 13406 14028 12688
f 14027 13358 12691
f 13409 14027 12691
f 13357 14026 12690
f 14026 13408 12690
f 14025 13350 12695
f 13413 14025 12695
f 13349 14024 12694
f 14024 13412 12694
f 13354 14023 12693
f 14023 13411 12693
f 14022 13353 12692
f 13410 14022 12692
f 13346 14021 12697
f 14021 13415 12697
f 14020 13345 12696
f 13414 14020 12696
f 13314 14019 13185
f 14019 13141 13185
f 12596 13269 12700
f 13270 12597 12701
f 13271 12594 12702
f 12595 13272 12703
f 12592 13273 12704
f 13274 12593 12705
f 13275 12590 12706
f 12591 13276 12707
f 12588 13277 12708
f 13278 12589 12709
f 13279 12586 12710
f 12587 13280 12711
f 12584 13281 12712
f 13282 12585 12713
f 13283 12582 12714
f 12583 13284 12715
f 12580 13285 12716
f 13286 12581 12717
f 13287 12578 12718
f 12579 13288 12719
f 12576 13289 12720
f 13290 12577 12721
f 13794 12550 13798
f 12903 13794 13798
f 12653 13798 12550
f 12549 13793 13797
f 13793 12902 13797
f 13797 12652 12549
f 13798 12653 12599
f 12652 13797 12598
f 13792 12904 13270
f 12701 13792 13270
f 12905 13791 13269
f 13791 12700 13269
f 13796 12906 13792
f 12907 13795 13791
f 13291 12574 12722
f 12575 13292 12723
f 12572 13293 12724
f 13294 12573 12725
f 13295 12570 12726
f 12571 13296 12727
f 12568 13297 12728
f 13298 12569 12729
f 13299 12566 12730
f 12567 13300 12731
f 12564 13301 12732
f 13302 12565 12733
f 13303 12562 12734
f 12563 13304 12735
f 12560 13305 12736
f 13306 12561 12737
f 13307 12558 12738
f 12559 13308 12739
f 12556 13309 12740
f 13310 12557 12741
f 12552 13313 12742
f 13314 12553 12743
f 12551 13315 12743
f 13316 13188 13241
f 13189 13317 13242
f 12598 13365 12752
f 13365 12806 12752
f 13366 12599 12753
f 12807 13366 12753
f 13367 12984 12851
f 12985 13368 12852
f 12986 13369 13190
f 13369 12986 12848
f 13370 12982 13191
f 12982 13370 12855
f 13371 12805 12937
f 13372 12808 12935
f 12809 13373 12936
f 12810 13374 12933
f 13375 12811 12934
f 13376 12812 12931
f 12813 13377 12932
f 12814 13378 12929
f 13379 12815 12930
f 13380 12816 12927
f 12817 13381 12928
f 12818 13382 12924
f 13383 12819 12925
f 13384 12820 12922
f 12821 13385 12923
f 12903 13246 13630
f 14197 13865 13586
f 13245 12902 13629
f 2300 14197 13586
f 12822 13386 12918
f 13387 12823 12919
f 13388 12824 12914
f 12825 13389 12915
f 12826 13390 12912
f 13391 12827 12913
f 13392 12828 12910
f 12829 13393 12911
f 12830 13394 12908
f 13395 12831 12909
f 13416 211 213
f 216 13417 213
f 13418 12848 12986
f 13419 14132 12601
f 12852 13419 12985
f 12598 14132 12652
f 13420 12851 12984
f 13421 12856 12983
f 12855 13422 12982
f 13427 204 206
f 13432 393 396
f 26 13433 24
f 223 13436 222
f 13437 196 197
f 13442 386 387
f 34 13443 32
f 232 13448 230
f 13449 188 190
f 13454 377 380
f 42 13455 40
f 240 13460 237
f 13461 180 182
f 13464 369 372
f 50 13465 47
f 247 13470 246
f 13471 172 174
f 13476 362 364
f 57 13477 55
f 256 13482 253
f 13483 163 165
f 13488 354 355
f 65 13489 63
f 263 13490 261
f 13491 155 157
f 13492 345 347
f 73 13493 71
f 271 13494 269
f 13495 148 149
f 13970 216 218
f 20 13969 18
f 13968 399 402
f 12743 13918 12551
f 13496 337 340
f 12742 13917 12552
f 13914 12741 12557
f 12740 13913 12556
f 12739 13912 12559
f 13911 12738 12558
f 13910 12737 12561
f 12736 13909 12560
f 12735 13908 12563
f 13907 12734 12562
f 13906 12733 12565
f 12732 13905 12564
f 12731 13904 12567
f 13903 12730 12566
f 13902 12729 12569
f 12728 13901 12568
f 12727 13900 12571
f 13899 12726 12570
f 13898 12725 12573
f 12724 13897 12572
f 12723 13896 12575
f 13895 12722 12574
f 13894 12721 12577
f 12720 13893 12576
f 12719 13892 12579
f 13891 12718 12578
f 13890 12717 12581
f 12716 13889 12580
f 12715 13888 12583
f 13887 12714 12582
f 13886 12713 12585
f 12712 13885 12584
f 12711 13884 12587
f 82 13497 80
f 13239 12754 12758
f 13883 12710 12586
f 13882 12709 12589
f 279 13498 277
f 12755 13240 12759
f 12708 13881 12588
f 12707 13880 12591
f 12752 13241 13188
f 13241 12752 12806
f 13879 12706 12590
f 13878 12705 12593
f 13242 12753 13189
f 12753 13242 12807
f 12704 13877 12592
f 12703 13876 12595
f 13875 12702 12594
f 13874 12701 12597
f 12700 13873 12596
f 13499 140 142
f 13500 329 331
f 89 13501 87
f 287 13502 286
f 13503 131 133
f 13504 322 324
f 97 13505 96
f 296 13506 294
f 13507 124 125
f 13508 313 316
f 106 13509 103
f 13512 300 302
f 119 13513 117
f 318 13514 316
f 13515 101 103
f 13516 292 294
f 127 13517 125
f 326 13518 324
f 13519 93 96
f 13520 2253 2252
f 2400 13521 2402
f 310 13522 307
f 13523 109 111
f 13524 283 286
f 136 13525 133
f 2258 13526 2259
f 13527 2396 2394
f 334 13528 331
f 13529 85 87
f 13530 2247 2246
f 2405 13531 2407
f 13532 276 277
f 144 13533 142
f 2263 13534 2265
f 13535 2390 2388
f 13536 2241 2239
f 2411 13537 2414
f 342 13538 340
f 13539 78 80
f 2269 13540 2271
f 13541 2383 2382
f 13542 267 269
f 152 13543 149
f 13544 2236 2233
f 2417 13545 2419
f 349 13546 347
f 13872 14180 13577
f 14180 2360 13577
f 2433 13870 2435
f 13869 2220 2217
f 13868 2442 2439
f 2212 13867 2213
f 13547 69 71
f 2275 13548 2278
f 13866 14196 13587
f 14196 2354 13587
f 13549 2377 2375
f 13550 260 261
f 14190 13858 14149
f 2343 14190 14149
f 159 13551 157
f 13552 2230 2228
f 14192 13862 14155
f 2349 14192 14155
f 2423 13553 2426
f 357 13554 355
f 13861 14193 14156
f 14193 2304 14156
f 13555 61 63
f 2282 13556 2284
f 13864 14185 14146
f 14185 2446 14146
f 13557 2371 2370
f 14195 2430 13250
f 14205 2329 2328
f 2460 14204 13620
f 14195 13559 2431
f 13560 251 253
f 13559 14195 13250
f 2430 14195 2431
f 168 13561 165
f 14184 13863 14145
f 2207 14184 14145
f 13054 14202 13848
f 14150 13816 13857
f 12904 13564 13510
f 2329 13850 2332
f 13849 2324 2322
f 13565 12905 13511
f 366 13566 364
f 13567 54 55
f 316 13568 13508
f 2287 14207 2289
f 13569 103 13509
f 13847 12807 13242
f 13847 2469 2467
f 13038 14171 12923
f 12806 13846 13241
f 2184 13846 2186
f 13587 14171 13866
f 13572 244 246
f 176 13573 174
f 13574 294 13506
f 125 13575 13507
f 2294 13576 2295
f 13577 2360 2358
f 324 13578 13504
f 13579 96 13505
f 373 13580 372
f 13581 46 47
f 13582 2212 2209
f 2442 13583 2444
f 13584 286 13502
f 133 13585 13503
f 2300 13586 2302
f 13587 2354 2352
f 13588 236 237
f 183 13589 182
f 331 13590 13500
f 13591 87 13501
f 13592 2205 2204
f 2448 13593 2449
f 382 13594 380
f 13595 37 40
f 13596 277 13498
f 142 13597 13499
f 2306 13598 2308
f 13599 2347 2346
f 340 13600 13496
f 13601 80 13497
f 13602 227 230
f 192 13603 190
f 13604 2199 2197
f 2453 13605 2456
f 13606 269 13494
f 149 13607 13495
f 389 13608 387
f 13609 30 32
f 2312 13610 2314
f 13611 2341 2339
f 347 13612 13492
f 13613 71 13493
f 213 13614 13416
f 13615 220 222
f 200 13616 197
f 13617 261 13490
f 157 13618 13491
f 13619 2193 2192
f 2460 13620 2462
f 355 13621 13488
f 13622 63 13489
f 2317 13623 2320
f 13624 2335 2334
f 398 13625 396
f 13626 21 24
f 13627 253 13482
f 165 13628 13483
f 2223 14194 13249
f 13558 14194 2221
f 208 13631 206
f 364 13632 13476
f 13633 55 13477
f 2324 13634 2326
f 13635 246 13470
f 174 13636 13471
f 372 13637 13464
f 13638 47 13465
f 13639 237 13460
f 182 13640 13461
f 13641 305 307
f 113 13642 111
f 380 13643 13454
f 13644 40 13455
f 311 13645 310
f 13646 107 109
f 13647 230 13448
f 190 13648 13449
f 13649 298 300
f 122 13650 119
f 387 13651 13442
f 13652 32 13443
f 13653 222 13436
f 197 13654 13437
f 320 13655 318
f 13656 100 101
f 396 13657 13432
f 13658 24 13433
f 13659 290 292
f 129 13660 127
f 14171 13587 12923
f 206 13661 13427
f 327 13662 326
f 14171 13038 13866
f 13843 2370 2368
f 2284 13842 2286
f 13663 91 93
f 13664 281 283
f 14170 13037 12922
f 137 13665 136
f 336 13666 334
f 14170 13586 13865
f 2426 13839 2428
f 13838 2228 2226
f 13667 83 85
f 13668 273 276
f 13586 14170 12922
f 145 13669 144
f 343 13670 342
f 13037 14170 13865
f 13835 2375 2373
f 2278 13834 2280
f 13671 76 78
f 13672 265 267
f 14169 13832 13865
f 153 13673 152
f 351 13674 349
f 14194 13558 13249
f 2419 13831 2421
f 13830 2233 2231
f 13675 67 69
f 13676 258 260
f 13833 14168 13866
f 161 13677 159
f 359 13678 357
f 14194 2223 2221
f 13827 2382 2379
f 2271 13826 2273
f 13679 60 61
f 13680 249 251
f 14167 13041 12927
f 169 13681 168
f 367 13682 366
f 14167 13598 13861
f 2414 13823 2416
f 13822 2239 2238
f 13683 52 54
f 2215 14134 2217
f 13570 14134 13836
f 13598 14167 12927
f 13041 14167 13861
f 14135 2438 2435
f 14135 13571 13837
f 13042 14166 12928
f 13599 14166 13862
f 14166 13599 12928
f 14166 13042 13862
f 13801 14165 13850
f 14165 2332 13850
f 14164 13044 12930
f 14164 13605 13860
f 13605 14164 12930
f 13044 14164 13860
f 14136 2213 13867
f 13043 14163 12929
f 13836 14136 13867
f 13604 14163 13859
f 2439 14137 13868
f 14163 13604 12929
f 14137 13837 13868
f 14163 13043 13859
f 14162 13045 12931
f 14162 13610 13857
f 13610 14162 12931
f 13045 14162 13857
f 14161 13813 13856
f 14207 13562 14175
f 13812 14160 13855
f 2289 14207 14175
f 14159 13040 12925
f 14159 13593 13864
f 13593 14159 12925
f 13040 14159 13864
f 2320 14138 2322
f 13800 14138 13623
f 13039 14158 12924
f 14138 2320 13623
f 13592 14158 13863
f 14158 13592 12924
f 14158 13039 13863
f 13046 14157 12932
f 13611 14157 13858
f 14157 13611 12932
f 14157 13046 13858
f 13634 14139 12937
f 14139 13634 13849
f 14139 13053 12937
f 14140 13050 13854
f 14140 13624 12936
f 13624 14140 13854
f 13050 14140 12936
f 14156 13824 13861
f 14141 13582 12918
f 13582 14141 13867
f 13035 14141 12918
f 2306 14193 13598
f 13583 14142 12919
f 14142 13583 13868
f 14142 13036 12919
f 13049 14143 13853
f 13623 14143 12935
f 14143 13623 13853
f 14143 13049 12935
f 14193 13861 13598
f 13825 14155 13862
f 13809 14144 13854
f 14193 2306 2304
f 14192 2347 13599
f 2435 14154 14135
f 13828 14145 13863
f 13571 14154 13870
f 13862 14192 13599
f 14154 13571 14135
f 14146 13829 13864
f 14154 2435 13870
f 13850 14202 12900
f 14153 2217 14134
f 14147 13808 13853
f 14153 13570 13869
f 13563 14206 14174
f 13570 14153 14134
f 14148 13799 13848
f 2217 14153 13869
f 2347 14192 2349
f 14152 13821 13860
f 13817 14149 13858
f 14202 13850 13848
f 14202 13054 12900
f 13820 14151 13859
f 14179 13048 12934
f 14179 13620 13856
f 13620 14179 12934
f 13048 14179 13856
f 2192 14176 13619
f 13805 14177 13620
f 14176 13804 13619
f 14177 2462 13620
f 14178 13047 13855
f 14178 13619 12933
f 13619 14178 13855
f 13047 14178 12933
f 2186 14182 2187
f 13629 14182 13245
f 14182 13629 2187
f 14182 2186 13245
f 14183 2467 2465
f 14183 13630 13246
f 13630 14183 2465
f 2467 14183 13246
f 2205 14184 2207
f 13863 14184 13592
f 2465 14201 13630
f 14184 2205 13592
f 14185 2448 2446
f 14185 13864 13593
f 13852 14201 2463
f 2448 14185 13593
f 14186 2317 2315
f 14186 13853 13623
f 14201 13852 13630
f 2317 14186 13623
f 2335 14187 2337
f 13854 14187 13624
f 14201 2465 2463
f 14187 2335 13624
f 14188 2220 13869
f 14200 2187 13629
f 13844 14188 13869
f 2312 14191 13610
f 2433 14189 13870
f 14200 13851 2189
f 14189 13845 13870
f 14191 13857 13610
f 13851 14200 13629
f 2187 14200 2189
f 14190 2341 13611
f 14191 2312 2310
f 13858 14190 13611
f 2341 14190 2343
f 2193 14203 2195
f 13855 14203 13619
f 14206 2364 14174
f 14203 2193 13619
f 14204 2460 2458
f 14204 13856 13620