# https://github.com/mikedh/trimesh
v -0.01600055 0.00000000 -0.50000000
v -0.01600055 0.00000000 -0.50000000
v 0.00000000 -0.01600055 -0.50000000
v 0.00000000 -0.01600055 -0.50000000
v 0.00000000 0.01600055 -0.50000000
v 0.00000000 0.01600055 -0.50000000
v 0.00000000 0.12000416 0.38003049
v 0.00000000 0.12000416 0.38003049
v 0.12000416 0.00000000 0.38003049
v 0.12000416 0.00000000 0.38003049
v 0.00000000 -0.12000416 0.38003049
v 0.00000000 -0.12000416 0.38003049
v 0.12000416 0.00000000 -0.50000000
v 0.12000416 0.00000000 -0.50000000
v -0.01385689 -0.00800028 -0.50000000
v -0.01385689 -0.00800028 -0.50000000
v -0.00800028 -0.01385689 -0.50000000
v -0.00800028 -0.01385689 -0.50000000
v 0.00940489 -0.01294472 -0.50000000
v 0.00940489 -0.01294472 -0.50000000
v 0.01521743 -0.00494444 -0.50000000
v 0.01521743 -0.00494444 -0.50000000
v 0.01521743 0.00494444 -0.50000000
v 0.01521743 0.00494444 -0.50000000
v 0.00940489 0.01294472 -0.50000000
v 0.00940489 0.01294472 -0.50000000
v -0.00800028 0.01385689 -0.50000000
v -0.00800028 0.01385689 -0.50000000
v -0.01385689 0.00800028 -0.50000000
v -0.01385689 0.00800028 -0.50000000
v 0.11954751 0.01045905 0.38003049
v 0.11954751 0.01045905 0.38003049
v 0.11818102 0.02083850 0.38003049
v 0.11818102 0.02083850 0.38003049
v 0.11591512 0.03105936 0.38003049
v 0.11591512 0.03105936 0.38003049
v 0.11276702 0.04104384 0.38003049
v 0.11276702 0.04104384 0.38003049
v 0.10876070 0.05071595 0.38003049
v 0.10876070 0.05071595 0.38003049
v 0.10392665 0.06000208 0.38003049
v 0.10392665 0.06000208 0.38003049
v 0.09830165 0.06883156 0.38003049
v 0.09830165 0.06883156 0.38003049
v 0.09192852 0.07713719 0.38003049
v 0.09192852 0.07713719 0.38003049
v 0.08485575 0.08485575 0.38003049
v 0.08485575 0.08485575 0.38003049
v 0.07713719 0.09192852 0.38003049
v 0.07713719 0.09192852 0.38003049
v 0.06883156 0.09830165 0.38003049
v 0.06883156 0.09830165 0.38003049
v 0.06000208 0.10392665 0.38003049
v 0.06000208 0.10392665 0.38003049
v 0.05071595 0.10876070 0.38003049
v 0.05071595 0.10876070 0.38003049
v 0.04104384 0.11276702 0.38003049
v 0.04104384 0.11276702 0.38003049
v 0.03105936 0.11591512 0.38003049
v 0.03105936 0.11591512 0.38003049
v 0.02083850 0.11818102 0.38003049
v 0.02083850 0.11818102 0.38003049
v 0.01045905 0.11954751 0.38003049
v 0.01045905 0.11954751 0.38003049
v -0.01045905 0.11954751 0.38003049
v -0.01045905 0.11954751 0.38003049
v -0.02083850 0.11818102 0.38003049
v -0.02083850 0.11818102 0.38003049
v -0.03105936 0.11591512 0.38003049
v -0.03105936 0.11591512 0.38003049
v -0.04104384 0.11276702 0.38003049
v -0.04104384 0.11276702 0.38003049
v -0.05071595 0.10876070 0.38003049
v -0.05071595 0.10876070 0.38003049
v -0.06000208 0.10392665 0.38003049
v -0.06000208 0.10392665 0.38003049
v -0.06883156 0.09830165 0.38003049
v -0.06883156 0.09830165 0.38003049
v -0.07713719 0.09192852 0.38003049
v -0.07713719 0.09192852 0.38003049
v -0.08485575 0.08485575 0.38003049
v -0.08485575 0.08485575 0.38003049
v -0.09192852 0.07713719 0.38003049
v -0.09192852 0.07713719 0.38003049
v -0.09830165 0.06883156 0.38003049
v -0.09830165 0.06883156 0.38003049
v -0.10392665 0.06000208 0.38003049
v -0.10392665 0.06000208 0.38003049
v -0.10876070 0.05071595 0.38003049
v -0.10876070 0.05071595 0.38003049
v -0.11276702 0.04104384 0.38003049
v -0.11276702 0.04104384 0.38003049
v -0.11591512 0.03105936 0.38003049
v -0.11591512 0.03105936 0.38003049
v -0.11818102 0.02083850 0.38003049
v -0.11818102 0.02083850 0.38003049
v -0.11954751 0.01045905 0.38003049
v -0.11954751 0.01045905 0.38003049
v -0.12000416 0.00000000 0.38003049
v -0.12000416 0.00000000 0.38003049
v -0.11954751 -0.01045905 0.38003049
v -0.11954751 -0.01045905 0.38003049
v -0.11818102 -0.02083850 0.38003049
v -0.11818102 -0.02083850 0.38003049
v -0.11591512 -0.03105936 0.38003049
v -0.11591512 -0.03105936 0.38003049
v -0.11276702 -0.04104384 0.38003049
v -0.11276702 -0.04104384 0.38003049
v -0.10876070 -0.05071595 0.38003049
v -0.10876070 -0.05071595 0.38003049
v -0.10392665 -0.06000208 0.38003049
v -0.10392665 -0.06000208 0.38003049
v -0.09830165 -0.06883156 0.38003049
v -0.09830165 -0.06883156 0.38003049
v -0.09192852 -0.07713719 0.38003049
v -0.09192852 -0.07713719 0.38003049
v -0.08485575 -0.08485575 0.38003049
v -0.08485575 -0.08485575 0.38003049
v -0.07713719 -0.09192852 0.38003049
v -0.07713719 -0.09192852 0.38003049
v -0.06883156 -0.09830165 0.38003049
v -0.06883156 -0.09830165 0.38003049
v -0.06000208 -0.10392665 0.38003049
v -0.06000208 -0.10392665 0.38003049
v -0.05071595 -0.10876070 0.38003049
v -0.05071595 -0.10876070 0.38003049
v -0.04104384 -0.11276702 0.38003049
v -0.04104384 -0.11276702 0.38003049
v -0.03105936 -0.11591512 0.38003049
v -0.03105936 -0.11591512 0.38003049
v -0.02083850 -0.11818102 0.38003049
v -0.02083850 -0.11818102 0.38003049
v -0.01045905 -0.11954751 0.38003049
v -0.01045905 -0.11954751 0.38003049
v 0.01045905 -0.11954751 0.38003049
v 0.01045905 -0.11954751 0.38003049
v 0.02083850 -0.11818102 0.38003049
v 0.02083850 -0.11818102 0.38003049
v 0.03105936 -0.11591512 0.38003049
v 0.03105936 -0.11591512 0.38003049
v 0.04104384 -0.11276702 0.38003049
v 0.04104384 -0.11276702 0.38003049
v 0.05071595 -0.10876070 0.38003049
v 0.05071595 -0.10876070 0.38003049
v 0.06000208 -0.10392665 0.38003049
v 0.06000208 -0.10392665 0.38003049
v 0.06883156 -0.09830165 0.38003049
v 0.06883156 -0.09830165 0.38003049
v 0.07713719 -0.09192852 0.38003049
v 0.07713719 -0.09192852 0.38003049
v 0.08485575 -0.08485575 0.38003049
v 0.08485575 -0.08485575 0.38003049
v 0.09192852 -0.07713719 0.38003049
v 0.09192852 -0.07713719 0.38003049
v 0.09830165 -0.06883156 0.38003049
v 0.09830165 -0.06883156 0.38003049
v 0.10392665 -0.06000208 0.38003049
v 0.10392665 -0.06000208 0.38003049
v 0.10876070 -0.05071595 0.38003049
v 0.10876070 -0.05071595 0.38003049
v 0.11276702 -0.04104384 0.38003049
v 0.11276702 -0.04104384 0.38003049
v 0.11591512 -0.03105936 0.38003049
v 0.11591512 -0.03105936 0.38003049
v 0.11818102 -0.02083850 0.38003049
v 0.11818102 -0.02083850 0.38003049
v 0.11954751 -0.01045905 0.38003049
v 0.11954751 -0.01045905 0.38003049
v 0.12000416 0.00000000 -0.48952345
v 0.12000416 0.00000000 -0.47904689
v 0.12000416 0.00000000 -0.46857034
v 0.12000416 0.00000000 -0.45809379
v 0.12000416 0.00000000 -0.44761723
v 0.12000416 0.00000000 -0.43714068
v 0.12000416 0.00000000 -0.42666413
v 0.12000416 0.00000000 -0.41618757
v 0.12000416 0.00000000 -0.40571102
v 0.12000416 0.00000000 -0.39523446
v 0.12000416 0.00000000 -0.38475791
v 0.12000416 0.00000000 -0.37428136
v 0.12000416 0.00000000 -0.36380481
v 0.12000416 0.00000000 -0.35332825
v 0.12000416 0.00000000 -0.34285170
v 0.12000416 0.00000000 -0.33237514
v 0.12000416 0.00000000 -0.32189859
v 0.12000416 0.00000000 -0.31142204
v 0.12000416 0.00000000 -0.30094548
v 0.12000416 0.00000000 -0.29046893
v 0.12000416 0.00000000 -0.27999238
v 0.12000416 0.00000000 -0.26951582
v 0.12000416 0.00000000 -0.25903927
v 0.12000416 0.00000000 -0.24856272
v 0.12000416 0.00000000 -0.23808616
v 0.12000416 0.00000000 -0.22760961
v 0.12000416 0.00000000 -0.21713306
v 0.12000416 0.00000000 -0.20665650
v 0.12000416 0.00000000 -0.19617995
v 0.12000416 0.00000000 -0.18570340
v 0.12000416 0.00000000 -0.17522684
v 0.12000416 0.00000000 -0.16475029
v 0.12000416 0.00000000 -0.15427373
v 0.12000416 0.00000000 -0.14379718
v 0.12000416 0.00000000 -0.13332063
v 0.12000416 0.00000000 -0.12284408
v 0.12000416 0.00000000 -0.11236752
v 0.12000416 0.00000000 -0.10189097
v 0.12000416 0.00000000 -0.09141441
v 0.12000416 0.00000000 -0.08093786
v 0.12000416 0.00000000 -0.07046131
v 0.12000416 0.00000000 -0.05998475
v 0.12000416 0.00000000 -0.04950820
v 0.12000416 0.00000000 -0.03903165
v 0.12000416 0.00000000 -0.02855509
v 0.12000416 0.00000000 -0.01807854
v 0.12000416 0.00000000 -0.00760199
v 0.12000416 0.00000000 0.00287457
v 0.12000416 0.00000000 0.01335112
v 0.12000416 0.00000000 0.02382767
v 0.12000416 0.00000000 0.03430423
v 0.12000416 0.00000000 0.04478078
v 0.12000416 0.00000000 0.05525733
v 0.12000416 0.00000000 0.06573389
v 0.12000416 0.00000000 0.07621044
v 0.12000416 0.00000000 0.08668700
v 0.12000416 0.00000000 0.09716355
v 0.12000416 0.00000000 0.10764010
v 0.12000416 0.00000000 0.11811665
v 0.12000416 0.00000000 0.12859321
v 0.12000416 0.00000000 0.13906976
v 0.12000416 0.00000000 0.14954632
v 0.12000416 0.00000000 0.16002287
v 0.12000416 0.00000000 0.17049942
v 0.12000416 0.00000000 0.18097598
v 0.12000416 0.00000000 0.19145253
v 0.12000416 0.00000000 0.20192908
v 0.12000416 0.00000000 0.21240564
v 0.12000416 0.00000000 0.22288219
v 0.12000416 0.00000000 0.23335874
v 0.12000416 0.00000000 0.24383530
v 0.12000416 0.00000000 0.25431185
v 0.12000416 0.00000000 0.26478840
v 0.12000416 0.00000000 0.27526496
v 0.12000416 0.00000000 0.28574151
v 0.12000416 0.00000000 0.29621806
v 0.12000416 0.00000000 0.30669462
v 0.12000416 0.00000000 0.31717117
v 0.12000416 0.00000000 0.32764773
v 0.12000416 0.00000000 0.33812428
v 0.12000416 0.00000000 0.34860083
v 0.12000416 0.00000000 0.35907738
v 0.12000416 0.00000000 0.36955394
v 0.11954751 0.01045905 -0.50000000
v 0.11954751 0.01045905 -0.50000000
v 0.11818102 0.02083850 -0.50000000
v 0.11818102 0.02083850 -0.50000000
v 0.11591512 0.03105936 -0.50000000
v 0.11591512 0.03105936 -0.50000000
v 0.11276702 0.04104384 -0.50000000
v 0.11276702 0.04104384 -0.50000000
v 0.10876070 0.05071595 -0.50000000
v 0.10876070 0.05071595 -0.50000000
v 0.10392665 0.06000208 -0.50000000
v 0.10392665 0.06000208 -0.50000000
v 0.09830165 0.06883156 -0.50000000
v 0.09830165 0.06883156 -0.50000000
v 0.09192852 0.07713719 -0.50000000
v 0.09192852 0.07713719 -0.50000000
v 0.08485575 0.08485575 -0.50000000
v 0.08485575 0.08485575 -0.50000000
v 0.07713719 0.09192852 -0.50000000
v 0.07713719 0.09192852 -0.50000000
v 0.06883156 0.09830165 -0.50000000
v 0.06883156 0.09830165 -0.50000000
v 0.06000208 0.10392665 -0.50000000
v 0.06000208 0.10392665 -0.50000000
v 0.05071595 0.10876070 -0.50000000
v 0.05071595 0.10876070 -0.50000000
v 0.04104384 0.11276702 -0.50000000
v 0.04104384 0.11276702 -0.50000000
v 0.03105936 0.11591512 -0.50000000
v 0.03105936 0.11591512 -0.50000000
v 0.02083850 0.11818102 -0.50000000
v 0.02083850 0.11818102 -0.50000000
v 0.01045905 0.11954751 -0.50000000
v 0.01045905 0.11954751 -0.50000000
v 0.00000000 0.12000416 -0.50000000
v 0.00000000 0.12000416 -0.50000000
v -0.01045905 0.11954751 -0.50000000
v -0.01045905 0.11954751 -0.50000000
v -0.02083850 0.11818102 -0.50000000
v -0.02083850 0.11818102 -0.50000000
v -0.03105936 0.11591512 -0.50000000
v -0.03105936 0.11591512 -0.50000000
v -0.04104384 0.11276702 -0.50000000
v -0.04104384 0.11276702 -0.50000000
v -0.05071595 0.10876070 -0.50000000
v -0.05071595 0.10876070 -0.50000000
v -0.06000208 0.10392665 -0.50000000
v -0.06000208 0.10392665 -0.50000000
v -0.06883156 0.09830165 -0.50000000
v -0.06883156 0.09830165 -0.50000000
v -0.07713719 0.09192852 -0.50000000
v -0.07713719 0.09192852 -0.50000000
v -0.08485575 0.08485575 -0.50000000
v -0.08485575 0.08485575 -0.50000000
v -0.09192852 0.07713719 -0.50000000
v -0.09192852 0.07713719 -0.50000000
v -0.09830165 0.06883156 -0.50000000
v -0.09830165 0.06883156 -0.50000000
v -0.10392665 0.06000208 -0.50000000
v -0.10392665 0.06000208 -0.50000000
v -0.10876070 0.05071595 -0.50000000
v -0.10876070 0.05071595 -0.50000000
v -0.11276702 0.04104384 -0.50000000
v -0.11276702 0.04104384 -0.50000000
v -0.11591512 0.03105936 -0.50000000
v -0.11591512 0.03105936 -0.50000000
v -0.11818102 0.02083850 -0.50000000
v -0.11818102 0.02083850 -0.50000000
v -0.11954751 0.01045905 -0.50000000
v -0.11954751 0.01045905 -0.50000000
v -0.12000416 0.00000000 -0.50000000
v -0.12000416 0.00000000 -0.50000000
v -0.11954751 -0.01045905 -0.50000000
v -0.11954751 -0.01045905 -0.50000000
v -0.11818102 -0.02083850 -0.50000000
v -0.11818102 -0.02083850 -0.50000000
v -0.11591512 -0.03105936 -0.50000000
v -0.11591512 -0.03105936 -0.50000000
v -0.11276702 -0.04104384 -0.50000000
v -0.11276702 -0.04104384 -0.50000000
v -0.10876070 -0.05071595 -0.50000000
v -0.10876070 -0.05071595 -0.50000000
v -0.10392665 -0.06000208 -0.50000000
v -0.10392665 -0.06000208 -0.50000000
v -0.09830165 -0.06883156 -0.50000000
v -0.09830165 -0.06883156 -0.50000000
v -0.09192852 -0.07713719 -0.50000000
v -0.09192852 -0.07713719 -0.50000000
v -0.08485575 -0.08485575 -0.50000000
v -0.08485575 -0.08485575 -0.50000000
v -0.07713719 -0.09192852 -0.50000000
v -0.07713719 -0.09192852 -0.50000000
v -0.06883156 -0.09830165 -0.50000000
v -0.06883156 -0.09830165 -0.50000000
v -0.06000208 -0.10392665 -0.50000000
v -0.06000208 -0.10392665 -0.50000000
v -0.05071595 -0.10876070 -0.50000000
v -0.05071595 -0.10876070 -0.50000000
v -0.04104384 -0.11276702 -0.50000000
v -0.04104384 -0.11276702 -0.50000000
v -0.03105936 -0.11591512 -0.50000000
v -0.03105936 -0.11591512 -0.50000000
v -0.02083850 -0.11818102 -0.50000000
v -0.02083850 -0.11818102 -0.50000000
v -0.01045905 -0.11954751 -0.50000000
v -0.01045905 -0.11954751 -0.50000000
v 0.00000000 -0.12000416 -0.50000000
v 0.00000000 -0.12000416 -0.50000000
v 0.01045905 -0.11954751 -0.50000000
v 0.01045905 -0.11954751 -0.50000000
v 0.02083850 -0.11818102 -0.50000000
v 0.02083850 -0.11818102 -0.50000000
v 0.03105936 -0.11591512 -0.50000000
v 0.03105936 -0.11591512 -0.50000000
v 0.04104384 -0.11276702 -0.50000000
v 0.04104384 -0.11276702 -0.50000000
v 0.05071595 -0.10876070 -0.50000000
v 0.05071595 -0.10876070 -0.50000000
v 0.06000208 -0.10392665 -0.50000000
v 0.06000208 -0.10392665 -0.50000000
v 0.06883156 -0.09830165 -0.50000000
v 0.06883156 -0.09830165 -0.50000000
v 0.07713719 -0.09192852 -0.50000000
v 0.07713719 -0.09192852 -0.50000000
v 0.08485575 -0.08485575 -0.50000000
v 0.08485575 -0.08485575 -0.50000000
v 0.09192852 -0.07713719 -0.50000000
v 0.09192852 -0.07713719 -0.50000000
v 0.09830165 -0.06883156 -0.50000000
v 0.09830165 -0.06883156 -0.50000000
v 0.10392665 -0.06000208 -0.50000000
v 0.10392665 -0.06000208 -0.50000000
v 0.10876070 -0.05071595 -0.50000000
v 0.10876070 -0.05071595 -0.50000000
v 0.11276702 -0.04104384 -0.50000000
v 0.11276702 -0.04104384 -0.50000000
v 0.11591512 -0.03105936 -0.50000000
v 0.11591512 -0.03105936 -0.50000000
v 0.11818102 -0.02083850 -0.50000000
v 0.11818102 -0.02083850 -0.50000000
v 0.11954751 -0.01045905 -0.50000000
v 0.11954751 -0.01045905 -0.50000000
v -0.00534837 -0.00590206 -0.48612274
v -0.00519138 0.00332854 -0.48523558
v -0.00308082 0.01047889 -0.48830731
v -0.01304894 -0.00459619 -0.49196147
v -0.01448390 0.00235057 -0.49361962
v 0.00735766 -0.00330460 -0.48618109
v -0.01022894 0.00644702 -0.48952038
v 0.00774707 0.00742030 -0.48812819
v -0.00992674 -0.01055335 -0.49320997
v -0.00958128 0.01119969 -0.49377233
v -0.00402906 0.01449941 -0.49456387
v 0.00299238 -0.00969993 -0.48763170
v 0.00234251 0.01430964 -0.49323504
v 0.00124118 0.00047063 -0.48405460
v 0.00019600 0.00593933 -0.48514390
v -0.01529075 -0.00272986 -0.49615831
v 0.01367227 -0.00120639 -0.49177617
v -0.01071521 0.00036112 -0.48812264
v -0.01277800 0.00742981 -0.49387314
v -0.00308189 -0.01367971 -0.49229382
v 0.01046131 -0.00906341 -0.49197295
v 0.00168460 -0.00497483 -0.48488607
v 0.00449795 -0.01396199 -0.49360867
v 0.07469478 0.00072954 0.47395150
v -0.01197594 -0.00673527 0.49924547
v -0.02450244 0.01862139 0.49602132
v -0.00892333 -0.02648959 0.49673385
v 0.00660889 0.02817082 0.49649390
v -0.00664825 0.03382415 0.49497711
v 0.00379285 -0.03155298 0.49575007
v 0.00552436 0.03800272 0.49372426
v -0.00646638 -0.03717877 0.49394679
v 0.00661669 0.04531938 0.49095105
v 0.00076196 -0.04449200 0.49147949
v -0.01073481 0.05163655 0.48782395
v -0.00562455 -0.05146508 0.48829271
v -0.00361711 0.05965034 0.48409658
v -0.00130576 -0.05912059 0.48445294
v 0.00194944 0.06722349 0.47941963
v -0.00826604 -0.06474247 0.48073344
v -0.00429734 -0.07083895 0.47680019
v -0.00485852 0.07414139 0.47426662
v -0.00030868 -0.07695610 0.47211014
v -0.00082484 0.08266484 0.46701809
v 0.00300078 -0.08221749 0.46739340
v -0.01141053 -0.08761169 0.46124004
v -0.00349076 0.09049567 0.45876642
v 0.00068318 -0.08822068 0.46137939
v 0.00428318 0.09431280 0.45410984
v -0.00620202 -0.09261572 0.45608877
v -0.00461046 0.09626343 0.45153640
v -0.00770769 -0.09806223 0.44877195
v 0.00299261 -0.10039269 0.44570659
v 0.00572799 0.10283528 0.44161858
v -0.00523109 -0.10407658 0.43954267
v -0.00463466 0.10643824 0.43526110
v 0.00618518 -0.10524850 0.43734972
v 0.00338143 -0.10977498 0.42839389
v 0.00180569 0.11038900 0.42706245
v -0.00060384 0.11363869 0.41859058
v -0.00398363 -0.11290353 0.42050173
v 0.00735494 0.11480470 0.41418871
v 0.00362683 -0.11531610 0.41304628
v 0.00043082 0.11810584 0.40128664
v -0.00002086 -0.11830092 0.40017721
v 0.00269239 0.11924921 0.39319772
v -0.00199888 -0.11917349 0.39398331
v -0.03837468 -0.00384916 0.49366836
v 0.06921882 0.00832507 0.47770570
v -0.07219217 0.00832350 0.47552922
v 0.07114018 -0.00769662 0.47636758
v -0.07872027 0.01345611 0.46960197
v 0.08342101 -0.01399457 0.46515443
v -0.09595393 0.01776084 0.44987600
v 0.08999863 -0.01629854 0.45771963
v 0.08108119 0.01682435 0.46688542
v -0.07872226 -0.01744195 0.46891008
v 0.07598456 0.02323995 0.46995963
v 0.07815631 0.03017463 0.46594953
v -0.09166266 0.02201858 0.45428773
v -0.08061253 -0.02558010 0.46516730
v 0.09167161 -0.02430336 0.45356049
v 0.08635818 0.03027781 0.45766114
v -0.08813441 -0.02660024 0.45700939
v -0.07582504 0.03142592 0.46757461
v 0.07814951 -0.03062674 0.46579560
v 0.07210596 0.03744033 0.46834782
v -0.08645718 0.03630418 0.45491814
v -0.07421433 -0.03306062 0.46834939
v 0.08736950 -0.04015285 0.45183103
v 0.08485696 0.04127390 0.45417063
v -0.07485095 0.03838118 0.46561798
v 0.07143573 -0.03839169 0.46848394
v -0.07053652 0.04460996 0.46626012
v 0.07307506 -0.04643020 0.46312844
v 0.07975295 0.04925164 0.45496206
v -0.06931835 -0.04852702 0.46512510
v 0.08071502 -0.04767706 0.45495032
v -0.07754827 -0.04924876 0.45724334
v 0.07199026 0.05071466 0.46155609
v -0.07348886 0.05119706 0.45990068
v -0.07101733 -0.05499920 0.45960828
v 0.07464942 0.05787080 0.45405368
v -0.07716797 -0.05841730 0.45097781
v 0.07329599 -0.05436706 0.45795942
v -0.06737630 0.05805741 0.46059581
v 0.06625683 0.06493336 0.45615335
v -0.06680597 -0.06223419 0.45790774
v 0.07848940 0.06722186 0.44103568
v -0.06768618 0.06540622 0.45447245
v 0.07220001 -0.06275635 0.45248598
v 0.06648101 0.07165437 0.44965035
v -0.05989991 -0.07093483 0.45606502
v -0.06215788 0.07269579 0.45250613
v 0.06558549 -0.07071492 0.45143737
v 0.06054143 0.07707950 0.44927271
v -0.05602358 -0.07794427 0.45205165
v 0.06903703 -0.07547257 0.44279017
v 0.06745786 0.07783324 0.44161314
v -0.05729254 0.07775848 0.45124974
v 0.05819070 0.08326247 0.44392260
v -0.05595853 -0.08363897 0.44540758
v 0.06012359 -0.07893602 0.44752314
v 0.06429519 0.08540570 0.43455565
v -0.05622347 0.08278742 0.44625860
v 0.06516523 -0.08298272 0.43720006
v -0.06383597 0.08379096 0.43751999
v -0.06088843 -0.08637607 0.43688796
v 0.05365034 0.09105938 0.43687087
v 0.05342896 -0.08722569 0.44278416
v -0.05415665 0.08863083 0.44013566
v -0.05237530 -0.09023803 0.43931728
v -0.05932763 0.09072918 0.43150327
v 0.05894225 -0.08959150 0.43388374
v 0.05858253 0.09424661 0.42571049
v -0.05755831 -0.09218255 0.43092661
v -0.05010989 0.09438767 0.43462871
v 0.04887072 0.09796488 0.42917855
v -0.04767782 -0.09637604 0.43331728
v -0.05457948 0.09693184 0.42504489
v -0.05426641 -0.09743061 0.42434112
v 0.05054397 -0.09454867 0.43394573
v 0.05311517 0.10021122 0.41924132
v 0.05338210 -0.09774207 0.42472766
v -0.04419040 0.10026016 0.42898053
v -0.03934072 -0.10138079 0.43077733
v 0.04311962 0.10346105 0.42289665
v 0.04369699 -0.10115507 0.42756178
v 0.04086896 -0.10620221 0.41813321
v 0.04179595 0.10654721 0.41611079
v -0.04002537 -0.10539388 0.42115346
v -0.04314487 0.10504666 0.41882117
v 0.10903693 0.00391258 0.42999685
v -0.03546709 0.10946294 0.41410318
v 0.03404149 -0.11064371 0.41165553
v -0.03599163 -0.10969797 0.41277124
v 0.03575016 0.10985379 0.41251230
v -0.03222629 0.11250366 0.40658967
v -0.03112519 -0.11288043 0.40630271
v 0.03098201 0.11319079 0.40510951
v -0.02642506 0.11504468 0.40165078
v 0.02920092 -0.11368906 0.40499248
v 0.02566192 0.11561920 0.39938677
v 0.02465867 -0.11593473 0.39879443
v -0.02467164 0.11643443 0.39537101
v -0.02507851 -0.11541465 0.40127962
v 0.01708105 0.11654887 0.40295638
v 0.01492512 -0.11736796 0.40010539
v -0.01605760 0.11788405 0.39573089
v -0.01721959 -0.11739130 0.39802399
v 0.01900678 0.11755484 0.39488310
v 0.01207864 0.11891594 0.39071243
v -0.01275378 0.11888119 0.39030678
v -0.01075942 -0.11889654 0.39223073
v 0.01249665 -0.11864278 0.39301983
v -0.09404221 0.00095315 0.45457010
v 0.10081673 -0.00944173 0.44443421
v 0.03480554 -0.01330703 0.49410282
v 0.02306912 0.00005029 0.49779641
v 0.03403477 0.01830562 0.49364183
v -0.03231625 0.01167161 0.49501063
v -0.03497583 -0.01947990 0.49315972
v -0.10424676 -0.00930176 0.43874241
v -0.11092614 -0.01719834 0.42246404
v -0.10815750 0.00926340 0.43118852
v 0.10970178 -0.01260948 0.42701472
v -0.10775180 -0.02092977 0.42853299
v -0.04526665 0.02247538 0.48887343
v -0.11131558 0.02890104 0.41430247
v 0.11132794 -0.02787871 0.41509992
v 0.05167870 -0.02541999 0.48531171
v 0.03983075 0.02701198 0.48996166
v -0.03842788 0.02877271 0.49001425
v -0.04045264 -0.02617125 0.48993794
v -0.10341971 0.03082058 0.43252292
v 0.10440471 -0.03155094 0.43008239
v 0.10666248 0.03222684 0.42458993
v -0.10278945 -0.03550765 0.43077036
v 0.03361967 0.03640247 0.48932631
v -0.04796475 0.02993770 0.48587998
v -0.03476569 -0.03370434 0.48983196
v 0.02446629 -0.01034093 0.49705811
v 0.11065914 0.03687471 0.40824055
v -0.10799828 -0.04175817 0.41155231
v -0.04180683 0.03634871 0.48648216
v 0.03599264 -0.03383963 0.48939414
v 0.04552680 0.03481789 0.48546305
v -0.04509782 -0.03381973 0.48597109
v -0.04644580 0.04384455 0.48162499
v 0.04103547 0.04300374 0.48427907
v 0.10018463 -0.04683424 0.42662010
v -0.03855910 -0.04094548 0.48603833
v 0.03984211 -0.04223858 0.48505195
v -0.10102580 0.04530961 0.42631034
v -0.04788229 0.05219881 0.47689931
v 0.10383044 0.04710739 0.41746220
v 0.03776513 0.05203515 0.48135737
v 0.04130444 -0.05000815 0.48099646
v -0.09668108 0.05375078 0.42655598
v -0.09844621 -0.05051453 0.42648072
v -0.10964282 0.00254983 0.42874340
v 0.09872923 0.05564931 0.41948542
v 0.09703220 -0.05558174 0.42357839
v 0.03774049 0.06014975 0.47677066
v -0.05099580 0.05884545 0.47134116
v -0.04785736 -0.05196301 0.47703831
v 0.03460683 -0.05634824 0.48017160
v -0.03898771 -0.05588954 0.47880962
v 0.04632042 -0.05735327 0.47471956
v -0.09702309 0.05948508 0.41809680
v -0.09645843 -0.05832483 0.42120066
v 0.05169134 0.06232668 0.46859905
v -0.03997209 0.05957827 0.47622644
v 0.09386163 0.06376440 0.41908294
v 0.04298211 0.06618248 0.47043743
v -0.09283650 -0.06579629 0.41815175
v 0.03534406 -0.06546433 0.47419108
v 0.06764115 -0.01752517 0.47759350
v 0.09465921 0.06730525 0.41020721
v -0.09159035 0.06685411 0.41930812
v 0.09307635 -0.06334106 0.42157205
v 0.05128252 0.06798479 0.46458326
v -0.03616991 0.06803551 0.47202998
v -0.04778878 -0.06405860 0.46954991
v -0.09236618 0.07023882 0.41062451
v -0.05283075 0.01684693 0.48645460
v -0.05069362 0.07029641 0.46303392
v 0.05028950 -0.07108190 0.46260971
v -0.03187628 -0.07041854 0.47182445
v 0.08768451 0.07303061 0.41716478
v -0.08650287 0.07383562 0.41832609
v -0.08854987 -0.07286797 0.41538833
v 0.08822524 -0.07029187 0.42097384
v 0.03580813 0.07273297 0.46851038
v -0.05111758 0.00776341 0.48832509
v -0.04522980 -0.00876572 0.49083855
v -0.08773845 0.07596115 0.41057333
v -0.04731085 0.07568866 0.46024214
v -0.03263816 0.07516828 0.46769735
v -0.03507443 -0.07591198 0.46610112
v 0.08541198 -0.07659894 0.41522130
v -0.03702284 -0.08168137 0.45977045
v -0.08314395 -0.08033129 0.41220139
v -0.02822762 -0.08067192 0.46426968
v 0.01905640 -0.08025860 0.46718788
v 0.04451371 -0.07712142 0.46047808
v 0.08142256 0.08144292 0.41377091
v 0.08201217 -0.08251007 0.40947689
v 0.04043648 0.08506702 0.45439103
v -0.02847040 0.08164762 0.46324167
v 0.03927121 -0.08310213 0.45718492
v -0.08125208 -0.08458120 0.40542966
v 0.02795971 0.08655968 0.45830357
v 0.02842756 -0.08340703 0.46149299
v -0.03834170 -0.08738277 0.45279837
v -0.07529674 0.08622025 0.41605087
v -0.07547420 -0.08770347 0.41185416
v -0.02848221 -0.08701455 0.45760775
v 0.07329557 0.08681477 0.41865629
v 0.07634507 -0.08383723 0.41932104
v -0.06998085 0.09151517 0.41362591
v 0.07547284 -0.08862318 0.40919862
v 0.03078599 0.09286606 0.44952233
v -0.03148062 -0.09181785 0.45059571
v 0.03275575 -0.08918262 0.45334161
v 0.07124529 0.09213098 0.40896126
v -0.07753175 -0.08896702 0.40181799
v 0.02285177 -0.09005738 0.45598089
v -0.03254662 -0.09530769 0.44528506
v 0.06453479 0.09583099 0.41247552
v -0.06760091 -0.09330535 0.41357490
v 0.01993358 0.09605207 0.44915104
v -0.02677048 0.09260646 0.45150344
v 0.06950147 -0.09054312 0.41707759
v -0.06540641 0.09701179 0.40670842
v -0.06514388 -0.09758588 0.40521520
v 0.03557487 0.09745597 0.44034435
v 0.02633644 -0.09467522 0.44890714
v 0.06519370 0.09754808 0.40523270
v 0.06692638 -0.09505762 0.40979465
v -0.03090935 0.09729598 0.44311062
v -0.02769838 -0.09910045 0.44177916
v 0.09121685 0.00272317 0.45796039
v 0.05850511 0.10197247 0.40410880
v 0.05707325 -0.10052780 0.41224545
v -0.02412767 0.10222755 0.43806826
v 0.05656188 -0.00183054 0.48585299
v -0.05795910 0.10043520 0.41092567
v -0.06034944 -0.10210582 0.39828822
v 0.02991967 0.10240385 0.43497832
v 0.02858575 -0.09995466 0.43997146
v 0.11560612 -0.00426250 0.41193744
v -0.05841299 0.10207971 0.40387694
v 0.11649873 0.00221524 0.40873826
v -0.02459903 -0.10365963 0.43526243
v 0.09896727 0.00014647 0.44790136
v -0.02777380 0.10564582 0.42971525
v 0.02571545 -0.10589961 0.43027974
v 0.05227308 -0.10524180 0.40437563
v 0.05230357 0.10531079 0.40400906
v -0.05563373 -0.10260812 0.40791347
v -0.05149357 0.10633755 0.40104798
v 0.02270969 0.10701963 0.42934647
v -0.02211063 0.10957994 0.42366940
v -0.02054585 -0.10824794 0.42758308
v 0.04790297 0.10822199 0.39988759
v -0.05102868 -0.10684112 0.39957651
v -0.02104563 -0.11180062 0.41822343
v 0.01943688 -0.11041290 0.42283466
v -0.04407286 0.11022116 0.39763378
v 0.04518917 -0.10970128 0.39804621
v -0.04429793 -0.11045564 0.39546556
v 0.04317709 0.11086845 0.39568054
v 0.01808768 0.11161985 0.42021559
v -0.01807222 0.11260075 0.41738641
v 0.04271570 0.11183931 0.38829709
v -0.01021967 0.11465660 0.41394834
v -0.01303921 -0.11404981 0.41501074
v 0.03528566 0.11362950 0.39565924
v 0.03447822 -0.11377393 0.39639332
v -0.03447086 0.11382625 0.39604118
v -0.03499526 -0.11359520 0.39653688
v 0.01606258 0.11467237 0.41154619
v 0.01360147 -0.11565742 0.40900219
v 0.02764252 -0.11611067 0.39248849
v -0.02958728 0.11593114 0.38928039
v 0.02011068 -0.11759191 0.39301897
v -0.02616190 -0.11638664 0.39309579
v 0.00836002 0.11676057 0.40645165
v -0.01062558 0.11714037 0.40382604
v -0.01242596 -0.11640835 0.40640639
v 0.00594835 -0.11738379 0.40425159
v 0.00996944 0.11818575 0.39829898
v -0.00692930 0.11882696 0.39529929
v -0.02136456 0.11781735 0.38800706
v -0.01913886 -0.11811342 0.38919138
v 0.02089838 0.11797221 0.38687256
v 0.00613930 -0.11868672 0.39666689
v -0.00753715 -0.11816894 0.39953156
v -0.01330615 -0.11913152 0.38565406
v 0.01402092 0.11908910 0.38474195
v 0.00569902 0.11972009 0.38599875
v -0.11235068 -0.00343903 0.42206019
v -0.06616984 -0.00513465 0.48001142
v 0.11317005 -0.00946677 0.41881087
v -0.00249182 0.00145107 0.50000000
v -0.11254111 0.00739382 0.42102839
v 0.11469293 0.00886483 0.41420569
v 0.00750423 -0.01143118 0.49925303
v -0.11260640 -0.01172998 0.41981998
v 0.01382505 0.02186346 0.49721349
v -0.01706934 -0.02054152 0.49702486
v -0.00951304 -0.01604372 0.49857626
v 0.00595296 0.01825825 0.49848806
v -0.09716525 0.01053830 0.44966422
v -0.09352476 -0.02008814 0.45249141
v 0.09888307 0.02563771 0.44300545
v -0.01132649 0.00841058 0.49920251
v 0.08682139 -0.00590104 0.46266355
v 0.09303591 -0.03239004 0.44855934
v -0.09211485 0.02976625 0.45095174
v 0.09373695 0.03492512 0.44632241
v -0.08990608 -0.03401772 0.45186843
v -0.11346445 0.01571686 0.41580474
v 0.11402455 -0.01662035 0.41354412
v 0.08591830 0.00989494 0.46322385
v 0.10168936 0.01694805 0.44145552
v -0.08721768 0.04368223 0.44992998
v -0.09701419 0.02359837 0.44660648
v 0.06282239 0.01737214 0.48079038
v -0.09377298 -0.02738707 0.44972679
v 0.04152623 0.01177013 0.49200386
v -0.02786257 0.02739389 0.49349524
v 0.09407440 -0.04017280 0.44277722
v -0.09284073 0.03738789 0.44624032
v -0.06746829 -0.04068839 0.47054836
v 0.02255259 0.03494176 0.49259804
v -0.02471161 -0.03370632 0.49252146
v 0.09713791 0.04188448 0.43669542
v -0.09157977 -0.04137969 0.44561909
v 0.09789193 -0.02495430 0.44480280
v -0.10552268 0.01658794 0.43471872
v -0.02508488 0.04230261 0.48949389
v -0.09862460 0.03924242 0.43601459
v 0.10701633 -0.01941797 0.43073991
v 0.02277488 0.02022256 0.49610526
v 0.06456433 -0.04584171 0.47020245
v 0.01838721 -0.04024276 0.49158061
v 0.10285006 0.04037556 0.42685652
v -0.02450850 -0.04721114 0.48760112
v 0.02050394 0.05531276 0.48453449
v -0.07501007 -0.00970731 0.47319838
v -0.05962954 0.05815670 0.46641981
v -0.06303294 -0.05600126 0.46542198
v -0.07381969 -0.00011676 0.47464359
v 0.11714643 0.00954793 0.40424927
v -0.11541247 0.00971647 0.41143989
v 0.11602495 -0.01042079 0.40885089
v 0.04850113 0.00370212 0.48973433
v 0.11511457 0.01622005 0.40980537
v -0.11359621 -0.01740218 0.41458570
v -0.01988395 0.06559711 0.47853250
v -0.11381352 0.02248365 0.41072197
v 0.11396122 -0.02286555 0.40988019
v -0.05714641 -0.06367600 0.46417711
v -0.02309943 0.05998574 0.48136719
v -0.02385589 -0.05883247 0.48186680
v -0.11576170 0.00187043 0.41160150
v -0.06213897 0.01081516 0.48212250
v -0.05874000 0.06847275 0.45916388
v 0.05964166 -0.06761208 0.45922946
v -0.11156543 0.03415577 0.40809356
v 0.11059174 -0.03443994 0.41140492
v 0.01621401 -0.06558465 0.47921092
v 0.11310969 0.03129160 0.40509105
v -0.11143344 -0.03449829 0.40819883
v -0.11572317 -0.00849153 0.41064160
v 0.11712132 0.01687899 0.39999782
v 0.10848120 0.04850130 0.39677712
v 0.10672603 -0.04725355 0.40791694
v -0.10847387 0.04151093 0.41021758
v 0.10974062 -0.04035289 0.40704230
v 0.10995893 0.04251541 0.40244637
v -0.06181745 0.04558829 0.47223303
v -0.10817838 0.04690118 0.40236246
v -0.10738143 -0.04800564 0.40381463
v -0.05599080 -0.01861203 0.48452748
v 0.01931839 0.07085373 0.47493859
v -0.02135994 -0.07163140 0.47391177
v -0.05438330 0.07441081 0.45688416
v 0.05610856 -0.07442748 0.45561738
v 0.00725029 0.00922901 0.49945937
v 0.03309798 -0.02677560 0.49222937
v 0.05210077 0.08011962 0.45260703
v -0.04723171 -0.08180361 0.45404625
v 0.05742669 0.05686258 0.46874250
v -0.10347972 0.05802585 0.39808448
v -0.10244701 -0.05950272 0.39913636
v 0.10340090 -0.05378752 0.40859893
v -0.05856987 0.00095101 0.48476665
v -0.05541640 -0.00941692 0.48605569
v -0.10494786 0.05328230 0.40343864
v -0.10382810 -0.05467004 0.40516834
v 0.09108182 0.05289912 0.43753512
v 0.05855050 -0.05409232 0.46973477
v 0.10401822 0.05607385 0.40093338
v -0.04047140 0.00502128 0.49289258
v -0.08410087 0.06370383 0.43721322
v -0.08638553 -0.06395505 0.43339986
v -0.05353006 -0.05728063 0.47088455
v -0.09043082 0.00958015 0.45833429
v -0.03023848 -0.02675615 0.49303819
v 0.05438769 -0.06295591 0.46651477
v 0.10147220 -0.05943811 0.40393660
v 0.02459272 -0.03182982 0.49309268
v 0.08549215 0.06146103 0.43760333
v 0.05848609 0.06375501 0.46319103
v 0.04957822 0.08658374 0.44671073
v 0.02859443 0.02756499 0.49327151
v 0.09866846 0.06540023 0.39973689
v -0.09726493 -0.06710924 0.40093222
v 0.00946467 -0.07820079 0.47056255
v 0.01514014 -0.01583367 0.49801807
v -0.03159886 0.03555477 0.49020476
v -0.09831639 0.06524061 0.40190623
v 0.09932297 -0.06478702 0.39843126
v 0.09495753 -0.07137757 0.39703956
v -0.01986473 0.08249408 0.46488989
v 0.02520927 0.04136328 0.48982380
v -0.02890143 -0.04053070 0.48922284
v -0.04634928 -0.08834807 0.44671902
v -0.01242352 0.08623681 0.46255241
v -0.02840435 0.04928637 0.48569526
v -0.05539137 -0.03330582 0.48114190
v -0.08122813 -0.06976497 0.43421386
v -0.02040808 -0.08433567 0.46292804
v 0.02214859 -0.04807945 0.48772824
v -0.05046119 -0.07028746 0.46318300
v -0.05947716 -0.03958828 0.47644747
v -0.10591238 0.00307590 0.43636968
v -0.05643279 0.04022223 0.47800248
v 0.07648581 0.07405674 0.43540664
v 0.05741856 0.07182598 0.45713520
v -0.07728411 0.07541423 0.43238370
v -0.07845219 -0.07580665 0.43002653
v -0.05164045 -0.07559058 0.45762125
v 0.07851888 -0.07130225 0.43617115
v 0.09221913 0.07289060 0.40418812
v -0.09064323 -0.07482689 0.40423255
v 0.09484930 -0.04688744 0.43665360
v -0.09334113 -0.04883535 0.43750692
v 0.03149845 0.04553275 0.48649933
v -0.09187584 0.07417290 0.40143627
v 0.09114290 -0.05188748 0.43835424
v 0.02544621 -0.06125725 0.48003568
v 0.08859077 0.07885050 0.39834095
v -0.06100623 -0.02501596 0.48029734
v 0.06297573 0.02755286 0.47839662
v 0.01367219 0.09280184 0.45487625
v -0.03012278 0.05639975 0.48158188
v -0.04640051 0.09172008 0.44196124
v -0.03052470 -0.05283198 0.48336501
v -0.09494392 0.04819729 0.43538093
v -0.09230231 -0.05723525 0.43107368
v -0.01622622 0.00163172 0.49892139
v -0.09005544 0.05604656 0.43615355
v -0.05399502 0.04694971 0.47636979
v 0.10980680 -0.00520252 0.42815947
v -0.02753956 -0.06489761 0.47714316
v 0.07350551 -0.07693592 0.43551745
v -0.04932944 0.08062460 0.45397154
v -0.08536871 0.07998963 0.40676700
v 0.08866022 -0.07724959 0.40396509
v -0.04952848 -0.04252576 0.48072551
v -0.04464741 -0.09312649 0.44114566
v 0.08302025 0.08328225 0.40396170
v -0.08566021 -0.08080297 0.40314338
v 0.07164106 0.08038175 0.43301475
v -0.06921457 -0.08105974 0.43516361
v 0.04970132 -0.08100988 0.45329833
v 0.09282429 0.05847867 0.42866067
v 0.03042966 0.06689437 0.47489975
v -0.07264761 0.08090325 0.43080437
v -0.11611065 0.01581128 0.40590169
v 0.11624268 -0.01702152 0.40450305
v 0.11315754 -0.02878077 0.40774398
v -0.11355087 0.02806619 0.40685375
v -0.08347308 -0.08437884 0.39773516
v 0.01209241 -0.09106942 0.45723886
v 0.08783317 0.06648848 0.42762896
v 0.01101903 -0.09704100 0.44976300
v 0.11280297 0.03608049 0.39938728
v -0.11121670 -0.03985430 0.40108939
v -0.04784720 0.08696030 0.44748084
v -0.08432289 0.07027743 0.42852513
v 0.08607368 -0.06653487 0.43068056
v -0.02745722 -0.07558557 0.46910305
v 0.02666499 0.07496653 0.46986364
v 0.07806627 0.08879137 0.40059134
v 0.08262260 -0.08492335 0.39907071
v 0.01041114 0.09786487 0.44869688
v -0.07876640 0.08626463 0.40751261
v 0.04255245 0.09190690 0.44439980
v 0.04280936 -0.08818221 0.44925660
v 0.06578664 0.08914777 0.42613679
v -0.07290872 0.09203962 0.40481001
v 0.07346720 -0.09284138 0.39962760
v -0.02275024 0.07714391 0.46909363
v 0.01761077 -0.07320292 0.47347669
v 0.07875571 0.08998431 0.39009829
v -0.07947115 -0.08925800 0.39090909
v -0.02046706 -0.07859146 0.46837912
v -0.03859533 -0.09241540 0.44614246
v -0.03837051 0.09131565 0.44778117
v 0.07204591 0.09445071 0.39704368
v -0.07234021 -0.09399199 0.39828968
v 0.02270865 0.08151441 0.46512290
v -0.01358401 -0.10143641 0.44269728
v -0.00125916 -0.00960896 0.49964270
v -0.01377872 0.10248125 0.44092991
v 0.01772238 0.08741847 0.46031079
v -0.01352859 0.01635114 0.49814321
v -0.04083798 0.09638572 0.43870800
v -0.03764189 -0.09732082 0.43929890
v 0.01136798 -0.10122596 0.44347395
v -0.01973615 -0.08909438 0.45796427
v -0.06496563 0.09935163 0.39762933
v -0.06697668 -0.09827629 0.39605838
v -0.07096487 0.09485284 0.39921185
v 0.07019042 0.09696950 0.38846955
v 0.07106961 -0.09621601 0.38965278
v -0.02260676 0.08741106 0.45908262
v 0.04413474 0.09610131 0.43675493
v 0.03597307 -0.09404281 0.44532128
v 0.07080633 0.08440278 0.42760814
v 0.07261550 -0.08185969 0.42929487
v -0.03415604 0.10136033 0.43444048
v -0.03216264 -0.10155418 0.43528727
v 0.06434164 0.09994557 0.39652395
v 0.06295712 -0.10020619 0.39993324
v 0.10368862 0.00732464 0.43999729
v -0.02348197 -0.09252303 0.45275658
v -0.03637189 0.10433236 0.42685829
v 0.03507152 -0.10518952 0.42592331
v -0.06774714 0.08678693 0.42777303
v -0.06612897 -0.08780684 0.42817523
v 0.11853003 0.00271863 0.39858413
v -0.06407511 0.09210507 0.42259848
v 0.03932567 0.10076200 0.43200653
v 0.03985059 -0.09777597 0.43706371
v 0.01410672 0.10537540 0.43569038
v -0.01461731 0.09316245 0.45424700
v 0.06583077 0.09272049 0.41837391
v -0.03536678 0.02058145 0.49284269
v 0.05004430 -0.10181089 0.41915988
v -0.01923549 -0.09757620 0.44718612
v 0.06628413 -0.08855959 0.42655588
v -0.00804555 -0.10879167 0.43003689
v 0.05608703 0.10489945 0.39588446
v -0.05759889 -0.10467508 0.39127741
v -0.05294983 0.10100340 0.41738859
v 0.01891781 -0.09876187 0.44552253
v 0.01636333 0.10101639 0.44271166
v -0.06445533 -0.10081220 0.38916333
v -0.03205677 0.10792056 0.42158185
v 0.02979764 -0.10897094 0.42050806
v 0.06038412 0.09667026 0.41757534
v -0.06265255 -0.09327323 0.42217028
v 0.03468595 -0.10229546 0.43231358
v -0.05841235 0.10353033 0.39647634
v 0.05496841 -0.10568139 0.39455342
v 0.03354627 0.10531713 0.42676322
v -0.03114388 -0.10522560 0.42859621
v -0.02037204 0.09803793 0.44617081
v -0.06101964 0.09680900 0.41616384
v -0.05951212 -0.09806656 0.41527613
v -0.06572909 -0.01553229 0.47922440
v 0.05922765 0.09946917 0.41163693
v 0.06120018 -0.09527123 0.41976623
v 0.02882679 0.10926537 0.42041727
v -0.02954417 -0.10906041 0.42045285
v 0.01452979 -0.00697120 0.49894763
v -0.01019512 0.11109461 0.42424640
v 0.01099694 -0.11108820 0.42406999
v 0.11336294 0.00068372 0.41939259
v 0.10515789 -0.00241956 0.43779693
v -0.01717613 0.10669611 0.43220251
v 0.01751946 -0.10357100 0.43805733
v -0.05327543 0.10702293 0.39046211
v 0.04999185 -0.10867595 0.38958830
v 0.05550879 -0.09898748 0.41903370
v -0.02945024 -0.00773810 0.49610720
v 0.04299331 -0.00572752 0.49192226
v 0.04554292 0.10719197 0.40895666
v -0.04583934 -0.10661068 0.41059053
v -0.01540829 -0.10493826 0.43616910
v 0.05280411 0.10331004 0.41068601
v 0.04956765 0.10871941 0.39117207
v -0.05126118 -0.10812360 0.38911765
v 0.02293702 -0.11301730 0.41322657
v -0.05123698 0.10429764 0.40999333
v 0.04883480 -0.10469307 0.41251927
v 0.00853352 0.11248953 0.42094850
v -0.02685247 0.11146687 0.41545759
v 0.05933320 0.00690082 0.48411194
v -0.05047948 -0.10217496 0.41762168
v 0.08299155 0.00166577 0.46669435
v 0.01392254 -0.10805380 0.43034486
v 0.02627051 -0.02074169 0.49527215
v -0.02067003 0.11468679 0.40867814
v -0.02144789 -0.11438171 0.40931887
v 0.01187939 0.10935537 0.42800216
v -0.04342213 0.11154918 0.38853322
v -0.04283396 -0.11180752 0.38811310
v -0.04244781 0.10889157 0.40726664
v 0.04323283 -0.10834227 0.40820624
v 0.02555299 0.11257395 0.41281995
v 0.03732601 -0.11152131 0.40392115
v -0.00088689 0.11624548 0.40981637
v -0.00571619 -0.11544549 0.41228979
v -0.04068970 -0.11040248 0.40362370
v 0.02311660 0.11476176 0.40641911
v 0.02111372 -0.11540157 0.40528292
v 0.03989041 0.11081761 0.40303508
v -0.02861468 0.00167556 0.49656113
v -0.10994711 0.01589213 0.42541849
v 0.11107237 -0.01764693 0.42189352
v -0.02789433 -0.11181848 0.41348990
v 0.01269935 -0.11336754 0.41727999
v 0.01252676 0.11355144 0.41677485
v -0.08405857 -0.01039739 0.46504255
v 0.02802575 0.11619983 0.39066789
v -0.02968307 -0.01448536 0.49539984
v -0.03600419 0.11427544 0.38679961
v -0.03382586 -0.11490747 0.38731616
v 0.03571556 0.11435671 0.38695439
v 0.03373759 -0.11492842 0.38739473
v -0.03837787 0.11157410 0.40192470
v -0.02626003 -0.11694624 0.38594528
v 0.01661173 0.00714947 0.49866410
v -0.00514278 0.11968152 0.38716372
v -0.01973122 0.11648153 0.40109540
v -0.01907137 -0.11607172 0.40379258
v 0.04267716 -0.11183038 0.38861096
v 0.02491760 -0.11720168 0.38665443
v -0.00269414 -0.11712629 0.40601459
v -0.10892956 -0.01203210 0.42892403
v -0.11810635 -0.00168345 0.40122139
v -0.11762583 0.00765980 0.40253580
v -0.10392058 -0.00250746 0.43999067
v 0.11760967 -0.00428026 0.40349627
v -0.08148857 -0.00257331 0.46808723
v -0.02145902 -0.00483692 0.49800130
v 0.00943949 0.05952402 0.48380325
v 0.08244493 0.02387157 0.46389931
v 0.00658605 -0.07071623 0.47676124
v -0.08660276 -0.01846196 0.46102504
v -0.02042737 -0.02686846 0.49519041
v 0.10791987 0.01433616 0.43051588
v 0.00306098 -0.01961570 0.49838104
v 0.01371430 0.03424367 0.49422457
v -0.02123666 0.05433272 0.48490164
v -0.02558553 -0.02023196 0.49551662
v 0.07664934 -0.02140047 0.46985196
v -0.07772178 0.02244607 0.46866737
v 0.07080424 0.02935586 0.47236679
v -0.07148969 -0.02379641 0.47343260
v -0.00452242 0.02260359 0.49779986
v 0.07299101 0.01630412 0.47387870
v -0.07037392 0.01724867 0.47569132
v 0.01501383 -0.05641568 0.48487730
v 0.07660832 0.04349743 0.46151752
v -0.07618407 -0.04132262 0.46303306
v 0.11176635 0.00872015 0.42284684
v -0.02158221 -0.05324385 0.48538844
v 0.02022410 0.06325838 0.47998228
v 0.01084428 0.00096932 0.49953974
v -0.01789716 -0.06473964 0.47947630
v 0.07941498 -0.00645947 0.46976641
v 0.00839959 -0.03929869 0.49310594
v 0.11177992 0.04176114 0.39276840
v 0.01547385 0.01463034 0.49813007
v -0.07289396 -0.01665518 0.47389248
v -0.11793262 -0.00986102 0.39992157
v -0.10407040 -0.01776274 0.43708166
v -0.02116476 0.00976343 0.49774934
v 0.02612633 0.01080883 0.49665631
v 0.11878676 0.01024235 0.39366131
v -0.00312316 0.01276692 0.49931272
v -0.08607151 0.01730489 0.46184267
v 0.11777515 -0.01073488 0.40039653
v -0.10546684 0.04214219 0.41878328
v -0.08663680 0.00323511 0.46300396
v -0.04594590 -0.01722806 0.48954381
v 0.01789552 0.07706399 0.47026291
v -0.04131231 -0.07025473 0.46811320
v 0.07808922 0.00898876 0.47070725
v 0.02239903 0.04782782 0.48778847
v -0.07951690 0.04306730 0.45891818
v -0.01631344 0.02568841 0.49611225
v -0.01607209 0.07246546 0.47432494
v -0.10611571 -0.05306023 0.39806006
v -0.10732212 0.05183017 0.39405166
v 0.05253153 -0.00897155 0.48755234
v 0.10792090 0.04276150 0.41045304
v 0.06572903 -0.00042060 0.48043227
v 0.07985427 0.03664163 0.46177206
v -0.08252247 -0.03383697 0.46031809
v -0.05888642 -0.04831558 0.47276124
v -0.06862443 0.02682567 0.47475150
v 0.03637998 -0.02087437 0.49246605
v -0.03537627 0.04318426 0.48625966
v -0.09256640 -0.01027696 0.45570641
v -0.04305705 0.01411316 0.49115163
v -0.06508876 -0.03270030 0.47539894
v 0.04752399 0.05664404 0.47454991
v -0.00892567 -0.04478039 0.49100818
v 0.11274671 0.02198293 0.41475698
v -0.11054039 -0.02386873 0.42018150
v 0.09647158 0.01086878 0.45057199
v -0.03938266 0.07994630 0.46039587
v 0.06818929 -0.02920911 0.47435995
v 0.07587951 -0.01345537 0.47202098
v 0.07939211 0.06143427 0.44578549
v -0.10048409 0.01707450 0.44337405
v 0.06516299 0.03455514 0.47469160
v -0.08469288 0.02793708 0.46032765
v 0.08611405 -0.03176732 0.45733641
v -0.10219967 0.06174895 0.39200097
v -0.08146648 0.05076609 0.45205143
v 0.06308208 -0.03831810 0.47465275
v -0.06688475 0.03701904 0.47253465
v 0.02898773 -0.04098333 0.48903084
v 0.11664774 0.02290579 0.39645083
v -0.11609550 -0.02346985 0.39931779
v 0.10222155 -0.01793239 0.44028148
v -0.01435132 0.04257583 0.49130644
v 0.10790586 -0.03339658 0.42055200
v -0.10849586 0.03573720 0.41680682
v -0.10335565 0.00991581 0.44019929
v 0.11104363 0.02989575 0.41433144
v -0.10862170 -0.03334833 0.41863376
v 0.10300106 0.06043557 0.39183391
v -0.02933443 0.06353393 0.47751859
v -0.03184171 -0.05931814 0.47937062
v -0.07963397 -0.06537271 0.44155965
v -0.07521323 0.05812645 0.45327859
v 0.08828661 -0.04889513 0.44495922
v 0.09032608 0.04588636 0.44434720
v -0.08539816 -0.04973140 0.44811088
v 0.09363935 -0.00814019 0.45463885
v 0.08947637 0.01853904 0.45782048
v -0.08418951 -0.04175470 0.45466071
v 0.11320272 -0.03391588 0.40090766
v -0.11419659 0.03120687 0.39968418
v 0.11506125 0.02921105 0.39759811
v -0.11416134 -0.03119650 0.39990423
v 0.06056870 -0.02449149 0.48069130
v -0.05083742 -0.02578850 0.48563119
v 0.03225424 -0.04880859 0.48480827
v 0.05213971 0.02524407 0.48512657
v -0.03738072 -0.01195769 0.49343549
v 0.02481087 -0.06826260 0.47555869
v -0.08851308 0.05014152 0.44368787
v -0.08580057 0.08181997 0.39859804
v 0.10272999 0.05372340 0.41103604
v -0.02001258 0.04814753 0.48811523
v 0.10245855 -0.05083109 0.41635463
v 0.09028760 -0.07801987 0.39276028
v 0.10907979 0.02376467 0.42405137
v 0.10646407 0.04858745 0.40659474
v -0.10689726 -0.02809334 0.42677167
v -0.08884412 -0.07910727 0.39583431
v -0.10288773 -0.05123813 0.41452348
v -0.04594539 0.06579772 0.46925313
v -0.10698496 0.02335403 0.42912026
v 0.10882514 -0.02541755 0.42375732
v -0.07002566 0.07156265 0.44618329
v 0.07449242 -0.06898268 0.44400914
v -0.10335662 0.05037449 0.41439353
v 0.01223095 0.08231232 0.46649484
v 0.07927328 -0.06245818 0.44495908
v -0.07655292 0.06471293 0.44600689
v 0.10401623 -0.03873550 0.42565047
v -0.10449564 0.03730784 0.42574466
v -0.04838028 -0.00138795 0.48984133
v 0.06928824 0.02282185 0.47531586
v 0.04170678 -0.02644112 0.48940329
v 0.10750429 0.03832931 0.41710730
v -0.10379278 -0.04285945 0.42235217
v -0.09629125 0.06424888 0.41167024
v 0.09903478 -0.03243070 0.43953981
v -0.09804206 0.03086885 0.44196486
v 0.06275254 0.04241639 0.47311092
v 0.02927068 0.05844429 0.48067089
v -0.05802204 0.03096952 0.48040644
v -0.04532908 -0.05867207 0.47439076
v -0.06109949 0.02125580 0.48110493
v -0.01346017 -0.05755548 0.48446798
v -0.08608869 -0.05751429 0.44070868
v -0.08295659 0.05746169 0.44497167
v 0.01280008 0.05044594 0.48816172
v -0.08260041 -0.07660661 0.42137779
v 0.02596968 -0.05434033 0.48382694
v -0.09892585 -0.06097677 0.40997223
v -0.10089476 0.05863209 0.40802199
v -0.01785843 -0.04096876 0.49140210
v 0.05448810 0.04334899 0.47776948
v -0.07979233 0.00537150 0.46950300
v -0.07476890 0.08361441 0.42268303
v 0.08684702 -0.05823705 0.43891207
v 0.09913129 0.06053527 0.41018785
v 0.09897338 -0.05871614 0.41405523
v 0.01158257 -0.04706196 0.48981215
v 0.00193656 0.05196797 0.48818121
v 0.00717494 -0.06273338 0.48207970
v 0.06410981 0.05050921 0.46800634
v 0.10178021 0.03251944 0.43465899
v -0.09717345 -0.03276129 0.44236039
v -0.01537033 -0.04934455 0.48833500
v 0.08042893 -0.05595858 0.44931847
v 0.08398269 0.05398336 0.44661655
v -0.02622508 0.07054898 0.47349752
v 0.08275687 0.07244889 0.42802483
v -0.08617335 -0.06994425 0.42566988
v -0.10221756 0.02378866 0.43822559
v 0.10302896 -0.02535608 0.43609386
v -0.06513023 0.05181366 0.46648508
v -0.09916794 -0.01439549 0.44605690
v 0.10452693 0.02362180 0.43404094
v -0.09883302 -0.02321406 0.44401595
v 0.11223954 0.01569748 0.41948772
v 0.02835580 0.05195581 0.48442178
v 0.01559654 0.04187282 0.49140559
v -0.09266758 0.04384362 0.44241202
v -0.00956891 0.06671686 0.47931943
v 0.10612812 -0.01120665 0.43491428
v -0.11161192 0.03909988 0.40040147
v -0.11088669 0.02276794 0.41986467
v 0.11203673 -0.02212422 0.41689901
v -0.10097704 0.00276203 0.44481481
v 0.09428900 -0.06810534 0.40956428
v 0.03573361 0.00382849 0.49452700
v 0.08124332 -0.06566649 0.43909344
v -0.01383341 -0.08200762 0.46654283
v -0.09391315 -0.06851173 0.40982077
v -0.07749173 0.07066123 0.43836590
v -0.05317484 0.02436033 0.48481603
v -0.10992995 -0.04661682 0.39200025
v -0.05477094 0.06424190 0.46531894
v 0.11027283 -0.04379533 0.39799912
v -0.11092328 0.04439523 0.39125937
v 0.05739851 -0.03287367 0.48015906
v 0.10999649 0.04733239 0.38786730
v -0.07530668 -0.08303367 0.42287103
v -0.09830086 0.06796050 0.39095338
v 0.09972064 -0.06611727 0.38926625
v 0.05625013 0.03569356 0.47984477
v 0.10612458 -0.05217826 0.40042657
v 0.06464237 -0.06014097 0.46130426
v -0.05673243 0.05240413 0.47187948
v 0.09388096 -0.05330710 0.43243007
v 0.05257412 -0.04467660 0.47821889
v -0.03252800 -0.04609278 0.48594736
v 0.09765405 0.04933992 0.42932813
v 0.02207171 0.09137537 0.45462525
v 0.04674386 -0.03440409 0.48506557
v -0.05026845 0.03636148 0.48275305
v -0.01473683 0.05984279 0.48299973
v -0.03979213 -0.04853075 0.48231613
v 0.10444452 -0.05786499 0.39202977
v 0.10672555 0.05402652 0.38961123
v -0.10571811 -0.05591020 0.38996672
v -0.10543542 0.05662445 0.38886456
v -0.08452334 0.00981196 0.46465039
v -0.06676924 0.00297617 0.47969999
v -0.03817603 0.05093828 0.48175993
v 0.08045664 -0.07567325 0.42694835
v 0.01188156 0.06733414 0.47865067
v -0.11938645 0.00442200 0.39135826
v 0.05687770 -0.01710612 0.48430564
v -0.11938175 -0.00567720 0.39083628
v -0.06441183 -0.07702246 0.44575457
v -0.04170632 0.08532568 0.45338653
v -0.07838351 0.08933656 0.39664379
v -0.04392258 -0.07615064 0.46171822
v 0.04499601 0.07518090 0.46203165
v -0.06362566 0.07780639 0.44559678
v 0.06702099 -0.05232697 0.46471268
v -0.07974030 0.07769635 0.42481621
v 0.04778534 0.04774856 0.47921534
v 0.01806659 0.02791940 0.49533489
v -0.01467097 -0.09318059 0.45421363
v 0.08402854 0.08458125 0.39367656
v 0.07467760 0.09351520 0.38892781
v -0.09447845 -0.07308965 0.39155112
v 0.09455011 0.07301406 0.39144193
v -0.01263741 -0.06979615 0.47682818
v 0.08907521 0.07994305 0.38873187
v -0.08801280 -0.00382293 0.46151749
v -0.09950657 -0.00548053 0.44688410
v -0.09105693 -0.06320782 0.42601315
v 0.07761931 0.08672634 0.40926714
v 0.00448539 -0.05289312 0.48765575
v -0.10077405 -0.06434106 0.39031723
v 0.10001737 0.06575218 0.38864297
v 0.07954627 -0.08935239 0.38949306
v -0.09242872 0.07588312 0.39001456
v 0.09530753 -0.07250082 0.38784742
v -0.08680365 -0.08237840 0.38897049
v 0.01828566 -0.09453898 0.45164763
v 0.05586130 0.04974880 0.47386849
v 0.08683361 0.07812084 0.40756334
v 0.00227811 0.09869392 0.44826038
v -0.04214839 0.07270436 0.46569604
v -0.06274614 -0.08219172 0.44092747
v 0.11824042 0.01796822 0.38989675
v -0.07177315 -0.09574533 0.38911033
v 0.02899739 -0.07479298 0.46928384
v -0.06962331 -0.08926895 0.41983812
v 0.07806172 0.07927918 0.42499913
v 0.06070131 0.09014698 0.43092126
v 0.03323583 0.07967294 0.46338876
v 0.09975798 -0.03956641 0.43373192
v -0.07220799 0.09532751 0.39001394
v 0.08614081 -0.08314018 0.38830512
v 0.04736830 0.10434861 0.41564803
v -0.09714509 -0.04055932 0.43763927
v -0.01284604 0.07948216 0.46901681
v 0.08240144 0.06849330 0.43406446
v -0.09099403 0.06193478 0.42783392
v 0.00826673 0.07486872 0.47345069
v 0.09164060 -0.05956843 0.42957441
v -0.06177292 0.06300196 0.46136842
v 0.06276330 0.10196985 0.38802524
v -0.03793543 -0.06356734 0.47448204
v 0.04466010 -0.09264322 0.44186663
v -0.11824869 0.01564631 0.39320009
v 0.07260144 0.07149705 0.44341977
v -0.02039707 0.03470494 0.49308147
v -0.03300266 0.08668579 0.45617113
v 0.11815290 -0.01668313 0.39278052
v -0.06318164 0.10161734 0.38914064
v 0.06249140 -0.10209916 0.38849120
v -0.07050727 0.08821542 0.42062314
v 0.00215418 -0.09491638 0.45342830
v -0.11578149 0.02334305 0.40126127
v 0.11555037 -0.02453823 0.40117254
v 0.01052959 -0.08459852 0.46448886
v 0.01399099 -0.03381233 0.49431949
v -0.01572320 -0.03313886 0.49429158
v 0.11457032 0.03432879 0.38983735
v -0.11391627 -0.03622114 0.39061866
v 0.00729293 0.08866758 0.46056540
v 0.11370727 -0.03713655 0.38964988
v -0.11410833 0.03567328 0.39040851
v -0.00002168 -0.06578270 0.48039799
v -0.08588283 0.08335891 0.38877286
v 0.06572005 0.05764578 0.46224264
v 0.05161591 0.01411301 0.48744380
v 0.10570085 0.02808327 0.42942339
v -0.10327745 -0.02646995 0.43511323
v 0.05821959 -0.09338170 0.42789840
v -0.08142449 0.08076523 0.41535791
v 0.08862104 -0.01110249 0.46018063
v 0.00579369 0.10718690 0.43368122
v 0.07979294 -0.03933029 0.46057373
v -0.00444972 0.10116332 0.44442909
v 0.04912858 0.04101556 0.48154455
v 0.10634470 -0.04184877 0.41664309
v 0.01864285 -0.08611516 0.46150209
v 0.00584038 -0.00513130 0.49978256
v 0.11961910 0.00366957 0.38890756
v -0.02693323 -0.09542310 0.44763250
v 0.06197831 -0.00895855 0.48239959
v 0.02184109 0.10321916 0.43721239
v -0.01413998 0.11905956 0.38511787
v 0.05022991 -0.07602617 0.45812002
v 0.00535681 -0.11275580 0.42075435
v 0.01574488 -0.11877123 0.38684897
v -0.02014396 -0.10153839 0.44073612
v 0.05596792 0.10592153 0.38704619
v -0.01123985 -0.07628623 0.47198197
v -0.04648590 -0.10082876 0.42556751
v 0.03668270 0.10710773 0.41982134
v -0.07178866 -0.09253046 0.40621256
v -0.10780610 -0.00361936 0.43262082
v 0.11928662 -0.00513304 0.39208669
v 0.08465239 -0.02315224 0.46187757
v -0.00092953 -0.10720566 0.43394784
v -0.11826221 -0.01634555 0.39219071
v -0.00553472 -0.08246446 0.46703611
v 0.05023897 -0.00321276 0.48896498
v -0.07071127 -0.06817316 0.44897493
v 0.00162500 -0.03820107 0.49378037
v -0.07103727 0.07692674 0.43865626
v 0.05575754 -0.10606389 0.38655324
v 0.11678101 0.02612915 0.38900051
v -0.11655312 -0.02662795 0.39039002
v -0.08046592 0.03551022 0.46167152
v -0.02074507 -0.01298756 0.49751225
v -0.04881168 0.10100822 0.42264220
v 0.04548518 -0.01691095 0.48978529
v -0.11341952 -0.02592573 0.40943913
v 0.11475849 0.02412919 0.40551126
v 0.07318736 0.06595696 0.44854537
v 0.01454255 -0.02568420 0.49634831
v 0.07398101 -0.07326501 0.43969662
v -0.10791044 0.02990087 0.42318455
v 0.02581738 0.09914649 0.44251596
v 0.03232667 -0.00511724 0.49548524
v -0.09938296 -0.04377861 0.43109377
v -0.01337043 -0.11147935 0.42239301
v -0.01159493 0.09847034 0.44763336
v 0.04397421 0.01935266 0.48999749
v 0.03442634 0.01120141 0.49444357
v 0.06564250 -0.06543079 0.45625956
v -0.11626261 -0.01697795 0.40443852
v -0.09245168 0.01547316 0.45495890
v 0.09097993 0.01053069 0.45757244
v 0.09623769 0.01962491 0.44898097
v 0.08489823 0.04769351 0.45016335
v 0.10597566 -0.02547334 0.43024270
v 0.10846804 -0.04999211 0.39171260
v 0.04032687 -0.07237607 0.46684320
v 0.11631520 -0.02748726 0.39081108
v -0.09068160 -0.07807270 0.38911342
v 0.00635345 -0.05789410 0.48495382
v 0.03640920 -0.07837920 0.46328953
v -0.07423452 -0.07315488 0.43951660
v 0.09638753 -0.01690604 0.44949004
v -0.00520082 -0.11970513 0.38671109
v 0.06969063 0.04503013 0.46672825
v 0.00539452 -0.11960343 0.38821075
v -0.00295475 0.04406604 0.49161208
v 0.09423426 0.04759555 0.43708806
v -0.11656502 0.02640628 0.39081480
v 0.04549014 -0.06607351 0.46928259
v 0.09324770 0.02588677 0.45099344
v -0.07993209 0.08922783 0.38711948
v 0.11110506 -0.04466132 0.38790648
v 0.11146965 0.04444675 -0.05350358
v 0.11616013 0.03013010 -0.05130147
v 0.09296362 0.07588652 -0.06423770
v 0.08735133 0.08228453 -0.05871455
v 0.07762548 0.09151658 -0.06161410
v 0.06435315 0.10129003 -0.05859946
v 0.07064534 0.09700636 -0.06031632
v 0.04569941 0.11096198 -0.05952855
v 0.05345272 0.10744210 -0.05833528
v 0.03725783 0.11407389 -0.05774630
v 0.01644567 0.11887194 -0.05760995
v 0.02407079 0.11756528 -0.05760168
v -0.00382959 0.11994304 -0.05742987
v 0.00376427 0.11994510 -0.05753404
v -0.02380013 0.11762037 -0.05708149
v -0.01639589 0.11887882 -0.05719280
v -0.04321282 0.11195378 -0.05740919
v -0.03594263 0.11449509 -0.05715560
v -0.06329237 0.10195623 -0.06104977
v -0.05555102 0.10637238 -0.05865724
v -0.07144064 0.09642216 -0.06105751
v -0.07970138 0.08971448 -0.05886534
v -0.08663674 0.08303658 -0.05838145
v -0.10025550 0.06595326 -0.05726240
v -0.09564088 0.07248324 -0.05717717
v -0.11077540 0.04614985 -0.05994067
v -0.10701601 0.05430074 -0.05784065
v -0.11423664 0.03675578 -0.05974300
v -0.11680070 0.02754262 -0.05734675
v -0.11984143 0.00624728 -0.05585624
v -0.11919796 0.01388684 -0.05612598
v -0.11920454 -0.01383028 -0.05558800
v -0.11983786 -0.00631557 -0.05566370
v -0.11520875 -0.03358484 -0.05543311
v -0.11709632 -0.02625737 -0.05547771
v -0.10793885 -0.05244238 -0.05571837
v -0.11105212 -0.04547993 -0.05545799
v -0.09665362 -0.07112718 -0.05952800
v -0.10157999 -0.06389447 -0.05739958
v -0.09079812 -0.07846464 -0.05812952
v -0.07494361 -0.09372541 -0.05743277
v -0.08090759 -0.08862821 -0.05762771
v -0.05802531 -0.10504314 -0.05746601
v -0.06462366 -0.10111766 -0.05733685
v -0.03781579 -0.11389014 -0.05981286
v -0.04609829 -0.11079687 -0.05839149
v -0.02893773 -0.11646289 -0.05795618
v -0.00625392 -0.11984109 -0.05947111
v -0.01510273 -0.11905001 -0.05816292
v 0.00290571 -0.11996898 -0.05762305
v 0.02380962 -0.11761845 -0.05731806
v 0.01634784 -0.11888543 -0.05732879
v 0.04415823 -0.11158427 -0.06003884
v 0.03621720 -0.11440853 -0.05788673
v 0.05265029 -0.10783759 -0.06008187
v 0.06053676 -0.10361611 -0.05830912
v 0.07850078 -0.09076687 -0.06215698
v 0.07194325 -0.09604773 -0.05921274
v 0.09344680 -0.07529073 -0.05883757
v 0.08779062 -0.08181568 -0.06455738
v 0.10255690 -0.06231437 -0.07010077
v 0.11533622 -0.03314444 -0.02572645
v 0.11836904 -0.01974254 -0.07160841
v 0.11961682 0.00963404 -0.06216408
v 0.11773925 0.02320489 -0.04891992
v 0.11459114 0.03563520 -0.05866163
v 0.11004007 0.04787672 -0.06591062
v 0.09831492 0.06881260 -0.05903160
v 0.08251470 0.08713393 -0.05988502
v 0.05908483 0.10445086 -0.05582698
v 0.03057145 0.11604475 -0.05512912
v 0.01011048 0.11957749 -0.05524591
v -0.01013341 0.11957555 -0.05500216
v -0.02993204 0.11621132 -0.05475547
v -0.04949163 0.10932327 -0.05537659
v -0.09095388 0.07828403 -0.05437407
v -0.10380214 0.06021723 -0.05495463
v -0.11822982 0.02055987 -0.05426540
v -0.12000415 -0.00004122 -0.05362253
v -0.11831094 -0.02008780 -0.05340545
v -0.11327210 -0.03962865 -0.05328723
v -0.10487773 -0.05832375 -0.05406077
v -0.08582432 -0.08387600 -0.05532737
v -0.06983131 -0.09759399 -0.05500768
v -0.05208860 -0.10811001 -0.05533266
v -0.02185989 -0.11799637 -0.05529151
v 0.00987102 -0.11959750 -0.05493441
v 0.03007903 -0.11617336 -0.05501762
v 0.06646430 -0.09991744 -0.05597961
v 0.08301083 -0.08666142 -0.06349655
v 0.09818967 -0.06899121 -0.06435167
v 0.10618604 -0.05590637 -0.06316074
v 0.10863333 -0.05098820 -0.04577166
v 0.11574133 -0.03170084 0.02839739
v 0.11709878 -0.02624638 -0.05877942
v 0.11930255 -0.01295762 -0.05045252
v 0.11694008 0.02694469 0.08139714
v 0.11849130 -0.01899499 0.06554280
v 0.11691174 -0.02706737 -0.18435406
v 0.11820258 0.02071586 -0.17134747
v 0.11862180 0.01816222 0.11281948
v 0.11937075 0.01231346 0.11595466
v 0.11912030 -0.01453796 -0.23784587
v 0.11876803 -0.01718001 0.12139267
v 0.11925396 0.01339740 -0.24817156
v 0.11930915 -0.01289672 0.13911712
v 0.11970690 -0.00844134 0.16541289
v 0.11978441 0.00725897 -0.28626066
v 0.11981941 -0.00665641 0.17843930
v 0.11976791 0.00752634 -0.29824656
v 0.11981915 0.00666097 0.22183313
v 0.11979594 -0.00706624 0.22621685
v 0.11971675 -0.00830054 -0.34670594
v 0.11994022 -0.00391685 0.33072412
v 0.11978741 0.00720935 -0.45247169
v 0.11983498 0.00636991 0.37248902
v 0.11977750 -0.00737207 0.37211891
v 0.11982192 -0.00661102 -0.49264449
v 0.11981071 0.00681111 -0.49252463
v 0.11436879 0.03634251 0.07172894
v 0.10873350 0.05077425 0.06287775
v 0.10141235 -0.06416021 0.17912427
v 0.10937150 -0.04938495 0.18581834
v 0.11609381 -0.03038461 0.10048965
v 0.10637897 -0.05553838 -0.30009168
v 0.11389634 -0.03779711 -0.19111357
v 0.10083590 0.06506243 -0.29744600
v 0.10712411 0.05408718 -0.29742772
v 0.11222821 0.04249502 -0.29310193
v 0.11405744 0.03730813 -0.21399516
v 0.09069649 0.07858209 0.12837178
v 0.08466689 0.08504420 0.12636817
v 0.07924713 0.09011599 0.12493071
v 0.06869282 0.09839865 0.12967819
v 0.05722887 0.10547917 0.13087983
v 0.05092815 0.10866150 0.12730834
v 0.03852196 0.11365323 0.12971243
v 0.03165734 0.11575323 0.12637166
v 0.01845187 0.11857709 0.12912947
v 0.01126088 0.11947464 0.12591723
v -0.00230410 0.11998204 0.12886486
v -0.00957599 0.11962148 0.12571664
v -0.02306164 0.11776739 0.12875468
v -0.03017740 0.11614785 0.12563264
v -0.04315615 0.11197564 0.12871057
v -0.04989134 0.10914143 0.12560002
v -0.06195455 0.10277467 0.12870012
v -0.06809719 0.09881179 0.12559808
v -0.07886567 0.09045000 0.12870571
v -0.08422398 0.08548286 0.12560396
v -0.09337353 0.07538157 0.12870136
v -0.09778816 0.06955913 0.12559282
v -0.10504762 0.05801720 0.12868944
v -0.10838583 0.05151223 0.12558372
v -0.11352912 0.03888620 0.12869749
v -0.11568579 0.03190289 0.12560289
v -0.11855576 0.01858846 0.12872098
v -0.11946673 0.01134460 0.12562789
v -0.11998283 -0.00226219 0.12873144
v -0.11962339 -0.00955209 0.12563115
v -0.11776970 -0.02304987 0.12872279
v -0.11614977 -0.03017001 0.12561591
v -0.11197758 -0.04315111 0.12870528
v -0.10914337 -0.04988709 0.12559606
v -0.10277562 -0.06195296 0.12869340
v -0.09881124 -0.06809800 0.12558859
v -0.09044529 -0.07887108 0.12869831
v -0.08547499 -0.08423197 0.12559933
v -0.07537382 -0.09337979 0.12870687
v -0.06955272 -0.09779273 0.12560437
v -0.05801851 -0.10504690 0.12870046
v -0.05151933 -0.10838245 0.12559207
v -0.03889591 -0.11352579 0.12868893
v -0.03191477 -0.11568252 0.12558056
v -0.01859282 -0.11855507 0.12867902
v -0.01134640 -0.11946655 0.12556484
v 0.00227008 -0.11998269 0.12864578
v 0.00956574 -0.11962230 0.12551129
v 0.02307632 -0.11776452 0.12857237
v 0.03021143 -0.11613900 0.12540974
v 0.04322256 -0.11195002 0.12847278
v 0.05000674 -0.10908861 0.12526701
v 0.06221845 -0.10261511 0.12834787
v 0.06851764 -0.09852071 0.12499868
v 0.07993657 -0.08950499 0.12764651
v 0.08561025 -0.08409449 0.12229668
v 0.09124009 -0.07795026 0.12910078
v 0.09888232 -0.06799473 0.12980134
v 0.10359242 -0.06057729 0.13081738
v 0.09853447 -0.06849786 -0.24371435
v 0.09156025 -0.07757396 -0.24849225
v 0.08434842 -0.08536007 -0.25043662
v 0.07861236 -0.09067025 -0.24692256
v 0.06815246 -0.09877368 -0.25067682
v 0.05674976 -0.10573771 -0.25175811
v 0.05038988 -0.10891216 -0.24817742
v 0.03780385 -0.11389410 -0.25032846
v 0.03081541 -0.11598021 -0.24689342
v 0.01752747 -0.11871725 -0.24939718
v 0.01022526 -0.11956773 -0.24607231
v -0.00333283 -0.11995787 -0.24871931
v -0.01073069 -0.11952343 -0.24540880
v -0.02416477 -0.11754600 -0.24828586
v -0.03140268 -0.11582258 -0.24504425
v -0.04425288 -0.11154676 -0.24811644
v -0.05107940 -0.10859048 -0.24492368
v -0.06296425 -0.10215920 -0.24807153
v -0.06917038 -0.09806353 -0.24489485
v -0.07974959 -0.08967162 -0.24806222
v -0.08514949 -0.08456100 -0.24488913
v -0.09410939 -0.07446086 -0.24806035
v -0.09853975 -0.06849026 -0.24488792
v -0.10560955 -0.05698791 -0.24805986
v -0.10893580 -0.05033874 -0.24488763
v -0.11390083 -0.03778357 -0.24805966
v -0.11602193 -0.03065792 -0.24488748
v -0.11873141 -0.01743127 -0.24805941
v -0.11958296 -0.01004560 -0.24488715
v -0.11995453 0.00345086 -0.24805897
v -0.11951063 0.01087231 -0.24488651
v -0.11753287 0.02422854 -0.24805832
v -0.11580693 0.03146033 -0.24488569
v -0.11153985 0.04427031 -0.24805781
v -0.10858424 0.05109267 -0.24488521
v -0.10215751 0.06296698 -0.24805780
v -0.09806201 0.06917255 -0.24488533
v -0.08967096 0.07975034 -0.24805814
v -0.08456000 0.08515048 -0.24488574
v -0.07445975 0.09411027 -0.24805879
v -0.06848878 0.09854078 -0.24488669
v -0.05698688 0.10561010 -0.24806066
v -0.05033817 0.10893606 -0.24488991
v -0.03778717 0.11389964 -0.24806780
v -0.03066634 0.11601971 -0.24490281
v -0.01745967 0.11872724 -0.24809704
v -0.01009472 0.11957882 -0.24495208
v 0.00333488 0.11995781 -0.24819496
v 0.01069724 0.11952643 -0.24509847
v 0.02390630 0.11759884 -0.24843713
v 0.03103571 0.11592145 -0.24540547
v 0.04371318 0.11175937 -0.24883547
v 0.05049641 0.10886280 -0.24576159
v 0.06259461 0.10238610 -0.24911869
v 0.06898284 0.09819555 -0.24572786
v 0.08040395 0.08908537 -0.24884726
v 0.08631091 0.08337521 -0.24519217
v 0.09632679 0.07156918 -0.25050846
v 0.10665385 0.05500868 -0.25561616
v 0.11582541 -0.03139221 0.23587652
v 0.11472529 0.03520095 -0.36240845
v 0.11804947 0.02157130 -0.29839652
v 0.11708941 -0.02628815 -0.31502372
v 0.11781612 0.02281139 0.18910307
v 0.11795887 0.02206136 -0.39338312
v 0.11866738 -0.01786200 0.22966841
v 0.11859224 0.01835424 -0.35111002
v 0.11816531 -0.02092745 -0.38272383
v 0.11921289 0.01375811 -0.31740965
v 0.11871007 0.01757605 0.23410926
v 0.11938515 -0.01217308 -0.33992368
v 0.11940695 0.01195734 0.21605224
v 0.11955190 0.01040873 0.25830059
v 0.11969928 0.00854867 0.28159830
v 0.11914253 0.01435464 0.03403792
v 0.11951361 -0.01083954 -0.16817324
v 0.11510897 0.03392526 0.03002972
v 0.11647256 0.02889880 0.00136378
v 0.11677425 0.02765451 -0.00891454
v 0.11914189 -0.01435995 -0.09319066
v 0.11533857 -0.03313628 -0.07555154
v 0.11576660 0.03160844 -0.10612698
v 0.11987493 0.00556776 0.09323542
v 0.11794324 0.02214477 -0.08867390
v 0.11783560 0.02271054 -0.10097390
v 0.11847590 -0.01909083 -0.00211598
v 0.11930102 -0.01297167 -0.13106735
v 0.11983161 0.00643293 0.11260235
v 0.11933338 -0.01267055 0.00091071
v 0.11986905 -0.00569285 0.15445955
v 0.11987697 -0.00552360 0.19668491
v 0.11987098 -0.00565206 -0.31638254
v 0.11989457 0.00512744 0.19677173
v 0.11978195 -0.00729946 0.24758962
v 0.11979111 -0.00714749 -0.36897782
v 0.11985202 0.00604073 -0.37010859
v 0.11979569 0.00707033 0.24596634
v 0.11976786 -0.00752718 0.30353030
v 0.11982535 0.00654844 -0.42300369
v 0.11987813 -0.00549840 0.31507827
v 0.11982488 0.00655717 -0.43351610
v 0.11341337 -0.03922252 0.22413126
v 0.10935667 0.04941777 -0.35739508
v 0.10042129 0.06570056 0.23520636
v 0.09215019 0.07687223 0.23582523
v 0.07864269 0.09064395 0.22931119
v 0.06981615 0.09760483 0.22878588
v 0.06077435 0.10347694 0.22910945
v 0.05151818 0.10838300 0.22981567
v 0.04208471 0.11238272 0.23056936
v 0.03240466 0.11554625 0.23137503
v 0.02236164 0.11790231 0.23242921
v 0.01193442 0.11940924 0.23334786
v 0.00133400 0.11999674 0.23377271
v -0.00923082 0.11964861 0.23393795
v -0.01967565 0.11838018 0.23399912
v -0.02994051 0.11620914 0.23402190
v -0.03996293 0.11315459 0.23403103
v -0.04967537 0.10923990 0.23403514
v -0.05900778 0.10449440 0.23403715
v -0.06789058 0.09895386 0.23403816
v -0.07625660 0.09266029 0.23403866
v -0.08404227 0.08566151 0.23403890
v -0.09118835 0.07801079 0.23403901
v -0.09764043 0.06976635 0.23403905
v -0.10334941 0.06099095 0.23403907
v -0.10827185 0.05175138 0.23403907
v -0.11237026 0.04211795 0.23403909
v -0.11561347 0.03216400 0.23403912
v -0.11797680 0.02196528 0.23403916
v -0.11944225 0.01159940 0.23403919
v -0.11999869 0.00114525 0.23403921
v -0.11964188 -0.00931763 0.23403922
v -0.11837453 -0.01970961 0.23403921
v -0.11620628 -0.02995162 0.23403918
v -0.11315362 -0.03996570 0.23403915
v -0.10923978 -0.04967565 0.23403912
v -0.10449454 -0.05900754 0.23403909
v -0.09895402 -0.06789036 0.23403908
v -0.09266039 -0.07625648 0.23403908
v -0.08566156 -0.08404223 0.23403909
v -0.07801078 -0.09118836 0.23403913
v -0.06976623 -0.09764052 0.23403922
v -0.06099038 -0.10334975 0.23403945
v -0.05174913 -0.10827292 0.23403996
v -0.04211013 -0.11237319 0.23404063
v -0.03214037 -0.11562004 0.23403973
v -0.02190319 -0.11798834 0.23402946
v -0.01145680 -0.11945602 0.23398476
v -0.00085943 -0.12000108 0.23383816
v 0.00980112 -0.11960324 0.23343242
v 0.02030553 -0.11827376 0.23253682
v 0.03042751 -0.11608258 0.23153360
v 0.04015005 -0.11308833 0.23085009
v 0.04948581 -0.10932590 0.23031856
v 0.05834421 -0.10486635 0.22984855
v 0.06666645 -0.09978268 0.22965970
v 0.07479237 -0.09384614 0.23067115
v 0.08359260 -0.08610038 0.23284181
v 0.10259997 -0.06224343 0.23022185
v 0.10096186 -0.06486680 -0.35486040
v 0.09253900 -0.07640375 -0.35550233
v 0.07897376 -0.09035565 -0.34866557
v 0.07024811 -0.09729440 -0.34797155
v 0.06115290 -0.10325367 -0.34798964
v 0.05162631 -0.10833154 -0.34848557
v 0.04189511 -0.11245353 -0.34930663
v 0.03207005 -0.11563957 -0.35020197
v 0.02211930 -0.11794802 -0.35114463
v 0.01191486 -0.11941120 -0.35230256
v 0.00141582 -0.11999580 -0.35328343
v -0.00917625 -0.11965281 -0.35373607
v -0.01965594 -0.11838345 -0.35390981
v -0.02994062 -0.11620911 -0.35397124
v -0.03997089 -0.11315178 -0.35399188
v -0.04968502 -0.10923551 -0.35399884
v -0.05901685 -0.10448928 -0.35400138
v -0.06789859 -0.09894837 -0.35400242
v -0.07626364 -0.09265449 -0.35400289
v -0.08404851 -0.08565539 -0.35400310
v -0.09119388 -0.07800432 -0.35400320
v -0.09764532 -0.06975951 -0.35400324
v -0.10335367 -0.06098375 -0.35400325
v -0.10827545 -0.05174385 -0.35400325
v -0.11237319 -0.04211013 -0.35400325
v -0.11561572 -0.03215592 -0.35400324
v -0.11797834 -0.02195699 -0.35400324
v -0.11944307 -0.01159094 -0.35400323
v -0.11999878 -0.00113669 -0.35400323
v -0.11964121 0.00932622 -0.35400322
v -0.11837311 0.01971815 -0.35400322
v -0.11620411 0.02996001 -0.35400323
v -0.11315073 0.03997386 -0.35400323
v -0.10923621 0.04968349 -0.35400324
v -0.10449033 0.05901499 -0.35400325
v -0.09894922 0.06789735 -0.35400326
v -0.09265505 0.07626297 -0.35400328
v -0.08565573 0.08404817 -0.35400331
v -0.07800454 0.09119370 -0.35400338
v -0.06975973 0.09764516 -0.35400350
v -0.06098403 0.10335350 -0.35400370
v -0.05174394 0.10827540 -0.35400377
v -0.04210865 0.11237375 -0.35400263
v -0.03214856 0.11561777 -0.35399631
v -0.02193391 0.11798263 -0.35397344
v -0.01153567 0.11944843 -0.35390692
v -0.00103225 0.11999972 -0.35374297
v 0.00947406 0.11962960 -0.35340077
v 0.01984470 0.11835196 -0.35282703
v 0.02995121 0.11620638 -0.35210702
v 0.03973297 0.11323555 -0.35132066
v 0.04916609 0.10947006 -0.35041174
v 0.05822705 0.10493145 -0.34945626
v 0.06706911 0.09951247 -0.34914838
v 0.07599116 0.09287810 -0.35018977
v 0.08994615 0.07943984 -0.34789017
v 0.09753420 0.06991479 -0.34664382
v 0.10300947 0.06156335 -0.35452105
v 0.10996877 0.04804027 0.23173677
v 0.10907378 -0.05003907 0.23438120
v 0.10842335 -0.05143321 -0.18017600
v 0.11151660 0.04432882 -0.16674812
v 0.10855788 -0.05114866 -0.39194143
v 0.11292765 0.04059979 -0.40747883
v 0.11060667 0.04655279 -0.38703447
v 0.10095860 0.06487187 0.29543607
v 0.09298464 0.07586076 0.29431200
v 0.08538122 0.08432701 0.29381962
v 0.07834176 0.09090416 0.29373528
v 0.07127299 0.09654615 0.29436409
v 0.06393755 0.10155288 0.29515200
v 0.05597006 0.10615249 0.29599848
v 0.04721482 0.11032569 0.29664411
v 0.03783011 0.11388538 0.29699901
v 0.02798254 0.11669608 0.29708501
v 0.01779407 0.11867758 0.29701725
v 0.00738596 0.11977665 0.29696913
v -0.00311333 0.11996377 0.29700206
v -0.01359544 0.11923155 0.29707903
v -0.02396886 0.11758611 0.29715225
v -0.03414973 0.11504258 0.29720275
v -0.04406068 0.11162282 0.29723191
v -0.05362905 0.10735420 0.29724693
v -0.06278497 0.10226947 0.29725408
v -0.07146089 0.09640716 0.29725729
v -0.07959195 0.08981157 0.29725868
v -0.08711688 0.08253271 0.29725926
v -0.09397864 0.07462583 0.29725950
v -0.10012511 0.06615104 0.29725960
v -0.10550955 0.05717283 0.29725964
v -0.11009100 0.04775950 0.29725965
v -0.11383458 0.03798270 0.29725966
v -0.11671182 0.02791683 0.29725966
v -0.11870081 0.01763849 0.29725967
v -0.11978641 0.00722592 0.29725967
v -0.11996037 -0.00324165 0.29725967
v -0.11922135 -0.01368455 0.29725967
v -0.11757499 -0.02402330 0.29725967
v -0.11503382 -0.03417922 0.29725967
v -0.11161716 -0.04407502 0.29725967
v -0.10735103 -0.05363537 0.29725967
v -0.10226790 -0.06278754 0.29725967
v -0.09640644 -0.07146185 0.29725967
v -0.08981128 -0.07959229 0.29725968
v -0.08253259 -0.08711699 0.29725971
v -0.07462576 -0.09397869 0.29725982
v -0.06615086 -0.10012523 0.29726014
v -0.05717201 -0.10551000 0.29726112
v -0.04775631 -0.11009238 0.29726400
v -0.03797218 -0.11383810 0.29727206
v -0.02788717 -0.11671891 0.29729307
v -0.01756626 -0.11871152 0.29734332
v -0.00707291 -0.11979554 0.29745213
v 0.00352368 -0.11995241 0.29766055
v 0.01413738 -0.11916850 0.29799281
v 0.02467300 -0.11744037 0.29837698
v 0.03506174 -0.11476791 0.29861149
v 0.04522314 -0.11115694 0.29853823
v 0.05506654 -0.10662398 0.29834090
v 0.06461876 -0.10112079 0.29828324
v 0.07388264 -0.09456401 0.29847558
v 0.08257658 -0.08707529 0.29887130
v 0.09046399 -0.07884963 0.29919340
v 0.09731114 -0.07022493 0.29862705
v 0.10345326 -0.06081465 0.29809929
v 0.10018083 -0.06606664 -0.41416156
v 0.09294685 -0.07590706 -0.41247961
v 0.08599063 -0.08370549 -0.41267109
v 0.07912048 -0.09022720 -0.41352596
v 0.07206463 -0.09595670 -0.41487322
v 0.06455236 -0.10116319 -0.41608323
v 0.05629304 -0.10598156 -0.41688614
v 0.04734305 -0.11027073 -0.41737635
v 0.03786589 -0.11387349 -0.41763210
v 0.02800074 -0.11669172 -0.41769668
v 0.01784142 -0.11867047 -0.41760140
v 0.00745751 -0.11977222 -0.41742524
v -0.00305395 -0.11996529 -0.41729223
v -0.01356440 -0.11923508 -0.41723237
v -0.02395878 -0.11758816 -0.41721635
v -0.03414915 -0.11504275 -0.41721696
v -0.04406264 -0.11162205 -0.41722116
v -0.05363087 -0.10735329 -0.41722468
v -0.06278612 -0.10226877 -0.41722686
v -0.07146151 -0.09640669 -0.41722803
v -0.07959228 -0.08981129 -0.41722861
v -0.08711706 -0.08253251 -0.41722887
v -0.09397875 -0.07462568 -0.41722899
v -0.10012520 -0.06615091 -0.41722904
v -0.10550962 -0.05717271 -0.41722906
v -0.11009105 -0.04775938 -0.41722907
v -0.11383463 -0.03798257 -0.41722907
v -0.11671185 -0.02791669 -0.41722908
v -0.11870083 -0.01763836 -0.41722908
v -0.11978642 -0.00722578 -0.41722908
v -0.11996036 0.00324179 -0.41722908
v -0.11922134 0.01368469 -0.41722908
v -0.11757497 0.02402344 -0.41722908
v -0.11503377 0.03417936 -0.41722908
v -0.11161711 0.04407515 -0.41722908
v -0.10735097 0.05363550 -0.41722908
v -0.10226783 0.06278766 -0.41722908
v -0.09640636 0.07146196 -0.41722908
v -0.08981118 0.07959239 -0.41722909
v -0.08253249 0.08711708 -0.41722913
v -0.07462565 0.09397878 -0.41722922
v -0.06615074 0.10012531 -0.41722946
v -0.05717186 0.10551007 -0.41723002
v -0.04775590 0.11009256 -0.41723144
v -0.03797035 0.11383870 -0.41723528
v -0.02787980 0.11672067 -0.41724636
v -0.01754196 0.11871511 -0.41727850
v -0.00700658 0.11979944 -0.41736738
v 0.00367323 0.11994793 -0.41759403
v 0.01439376 0.11913781 -0.41809287
v 0.02497473 0.11737658 -0.41882570
v 0.03532287 0.11468781 -0.41930295
v 0.04543472 0.11107063 -0.41941849
v 0.05521559 0.10654687 -0.41926185
v 0.06449933 0.10119701 -0.41875893
v 0.07324190 0.09506115 -0.41793405
v 0.08146947 0.08811199 -0.41705676
v 0.08896693 0.08053498 -0.41572907
v 0.09507069 0.07322952 -0.41375727
v 0.10097315 0.06484922 -0.41583636
v 0.10707790 0.05417861 -0.41592503
v 0.10538486 0.05740234 0.03519536
v 0.09742380 0.07006854 0.03879279
v 0.09006105 0.07930955 0.04193544
v 0.09355867 0.07515167 -0.15703307
v 0.08213235 0.08749443 0.04310847
v 0.07351973 0.09484644 0.04557934
v 0.07197522 0.09602378 -0.16238813
v 0.06286161 0.10222238 -0.16132833
v 0.05332053 0.10750776 -0.16154944
v 0.04341000 0.11187748 -0.16134573
v 0.03328287 0.11529635 -0.16146569
v 0.02302983 0.11777362 -0.16112552
v 0.01265677 0.11933484 -0.16123788
v 0.00222401 0.11998355 -0.16095584
v -0.00823321 0.11972139 -0.16112226
v -0.01861939 0.11855090 -0.16088230
v -0.02888171 0.11647680 -0.16107911
v -0.03891591 0.11351894 -0.16086007
v -0.04866792 0.10969244 -0.16106855
v -0.05804007 0.10503498 -0.16085346
v -0.07154852 0.09634213 0.04471067
v -0.06698276 0.09957062 -0.16106116
v -0.07540622 0.09335363 -0.16084798
v -0.08326487 0.08641736 -0.16106564
v -0.09047893 0.07883249 -0.16085425
v -0.09701243 0.07063701 -0.16106894
v -0.10280053 0.06191163 -0.16085035
v -0.10781522 0.05269608 -0.16107264
v -0.11400840 0.03745775 0.04460161
v -0.11200262 0.04308610 -0.16087197
v -0.11533920 0.03313409 -0.16111901
v -0.11779042 0.02294374 -0.16094942
v -0.11934308 0.01257881 -0.16120529
v -0.11998506 0.00214055 -0.16102368
v -0.11971554 -0.00831794 -0.16126080
v -0.11853869 -0.01869699 -0.16105663
v -0.11646055 -0.02894716 -0.16126762
v -0.11350108 -0.03896798 -0.16103861
v -0.10967321 -0.04871123 -0.16123033
v -0.10501495 -0.05807631 -0.16098871
v -0.09954908 -0.06701477 -0.16117866
v -0.08965826 -0.07976462 0.04463129
v -0.09333262 -0.07543222 -0.16094034
v -0.08639743 -0.08328555 -0.16113843
v -0.07881369 -0.09049530 -0.16091104
v -0.07062169 -0.09702358 -0.16110643
v -0.06189864 -0.10280835 -0.16088273
v -0.05268757 -0.10781938 -0.16108200
v -0.04306913 -0.11200914 -0.16084663
v -0.02787761 -0.11672119 0.04447483
v -0.03308253 -0.11535399 -0.16099725
v -0.02281566 -0.11781529 -0.16062917
v -0.01234038 -0.11936797 -0.16048895
v -0.00185061 -0.11998989 -0.15964578
v 0.00853805 -0.11970004 -0.15912768
v 0.01872381 -0.11853445 -0.15832414
v 0.02869691 -0.11652247 -0.15804058
v 0.03835334 -0.11371024 -0.15745393
v 0.05348770 -0.10742469 0.04314764
v 0.04768452 -0.11012349 -0.15744825
v 0.05671021 -0.10575892 -0.15728885
v 0.06549630 -0.10055463 -0.15776203
v 0.07405803 -0.09442672 -0.15797651
v 0.08591960 -0.08377840 0.03877655
v 0.08324616 -0.08643538 -0.15856456
v 0.09359986 -0.07510036 0.03763911
v 0.08868024 -0.08085056 -0.16031573
v 0.09686698 -0.07083633 -0.15819317
v 0.10494260 -0.05820695 0.03733643
v 0.10114881 -0.06457489 -0.16188093
v 0.10903863 0.05011562 -0.19731763
v 0.09498610 0.07333920 0.06620976
v 0.09642791 0.07143288 -0.18396490
v 0.10284655 0.06183514 0.06402379
v 0.08612555 0.08356667 0.06834971
v 0.08997030 0.07941248 -0.18375014
v 0.07883863 0.09047358 0.06890618
v 0.08292943 0.08673931 -0.18477427
v 0.06230666 0.10256159 0.06975013
v 0.06714869 0.09945879 -0.18620710
v 0.07080752 0.09688804 0.06954552
v 0.07536909 0.09338361 -0.18568157
v 0.04381930 0.11171780 0.06927276
v 0.04764518 0.11014052 -0.18796396
v 0.05328512 0.10752532 0.06959489
v 0.05805001 0.10502949 -0.18677751
v 0.03398429 0.11509156 0.06900288
v 0.03741548 0.11402228 -0.18690160
v 0.01355393 0.11923627 0.06863655
v 0.01710429 0.11877896 -0.18600446
v 0.02386579 0.11760707 0.06880107
v 0.02733467 0.11684954 -0.18635823
v -0.00731501 0.11978100 0.06846894
v -0.00369526 0.11994725 -0.18569691
v 0.00313006 0.11996333 0.06855309
v 0.00673565 0.11981498 -0.18583447
v -0.02795876 0.11670178 0.06835809
v -0.02443177 0.11749079 -0.18559736
v -0.01770551 0.11869083 0.06842800
v -0.01411318 0.11917137 -0.18565557
v -0.04779270 0.11007659 0.06820101
v -0.04445280 0.11146724 -0.18556824
v -0.03800852 0.11382597 0.06830303
v -0.03457233 0.11491628 -0.18560068
v -0.06639990 0.09996024 0.06817989
v -0.06313363 0.10205461 -0.18555725
v -0.05727867 0.10545213 0.06813032
v -0.05399833 0.10716892 -0.18558388
v -0.07489792 0.09376193 0.06845654
v -0.07179013 0.09616224 -0.18557385
v -0.08269055 0.08696706 0.06854846
v -0.07989891 0.08953861 -0.18556008
v -0.08988103 0.07951351 0.06846421
v -0.08740106 0.08223170 -0.18557697
v -0.10232624 0.06269242 0.06809709
v -0.10035596 0.06580031 -0.18557294
v -0.09644753 0.07140638 0.06830309
v -0.09423621 0.07430030 -0.18556600
v -0.11178924 0.04363672 0.06804609
v -0.11026117 0.04736530 -0.18557540
v -0.10746470 0.05340726 0.06796785
v -0.10571020 0.05680098 -0.18556532
v -0.11517893 0.03368697 0.06841904
v -0.11397118 0.03757084 -0.18557112
v -0.11764472 0.02367949 0.06861806
v -0.11681345 0.02748847 -0.18559840
v -0.11996340 0.00312726 0.06858900
v -0.11981234 0.00678240 -0.18561548
v -0.11924404 0.01348544 0.06864833
v -0.11876504 0.01720067 -0.18559922
v -0.11869248 -0.01769446 0.06847405
v -0.11917060 -0.01411976 -0.18562732
v -0.11978179 -0.00730202 0.06854492
v -0.11994765 -0.00368243 -0.18561607
v -0.11382337 -0.03801630 0.06835436
v -0.11491091 -0.03459017 -0.18562681
v -0.11670120 -0.02796118 0.06843156
v -0.11748774 -0.02444644 -0.18562201
v -0.10548045 -0.05722649 0.06817600
v -0.10716089 -0.05401427 -0.18561674
v -0.11007706 -0.04779162 0.06828890
v -0.11146067 -0.04446928 -0.18561579
v -0.09375559 -0.07490585 0.06814468
v -0.09615325 -0.07180216 -0.18560418
v -0.10003507 -0.06628713 0.06809705
v -0.10204645 -0.06314682 -0.18560332
v -0.08682905 -0.08283547 0.06843274
v -0.08952964 -0.07990896 -0.18558993
v -0.07133929 -0.09649717 0.06849342
v -0.07428955 -0.09424469 -0.18558164
v -0.07937781 -0.09000090 0.06855492
v -0.08222262 -0.08740960 -0.18560657
v -0.05359225 -0.10737257 0.06822501
v -0.05677212 -0.10572570 -0.18558492
v -0.06272630 -0.10230547 0.06838863
v -0.06578539 -0.10036573 -0.18560382
v -0.03390980 -0.11511353 0.06808559
v -0.03742695 -0.11401851 -0.18559036
v -0.04396892 -0.11165900 0.06809311
v -0.04730022 -0.11028911 -0.18561247
v -0.02370959 -0.11763866 0.06831055
v -0.02717788 -0.11688610 -0.18557647
v -0.00319490 -0.11996162 0.06822348
v -0.00555722 -0.11987542 -0.18476896
v -0.01350786 -0.11924150 0.06836007
v -0.01657164 -0.11885444 -0.18540403
v 0.00720329 -0.11978777 0.06803561
v 0.00495400 -0.11990186 -0.18172040
v 0.02789919 -0.11671604 0.06749794
v 0.02475601 -0.11742290 -0.17998614
v 0.01759632 -0.11870706 0.06780159
v 0.01485899 -0.11908068 -0.18065505
v 0.04793919 -0.11001287 0.06693040
v 0.04343289 -0.11186859 -0.17850399
v 0.03804574 -0.11381353 0.06717197
v 0.03441873 -0.11496238 -0.17927808
v 0.05727852 -0.10545221 0.06679530
v 0.05185407 -0.10822270 -0.17857736
v 0.06599549 -0.10022771 0.06627635
v 0.06029704 -0.10375580 -0.17960860
v 0.08203170 -0.08758880 0.06460853
v 0.07700473 -0.09203950 -0.18209578
v 0.07424421 -0.09428041 0.06539688
v 0.06880679 -0.09831898 -0.18076743
v 0.09522665 -0.07302659 0.06908357
v 0.09200977 -0.07704025 -0.18763116
v 0.08933783 -0.08012334 0.06520792
v 0.08464761 -0.08506339 -0.18394248
v 0.10531802 -0.05752489 0.07147008
v 0.10013605 -0.06613448 0.07081256
v 0.11172987 0.04378852 -0.20645113
v 0.10522078 -0.05770257 -0.19326915
v 0.11388143 0.03784200 0.26939210
v 0.10934564 -0.04944218 -0.16883533
v 0.11540337 -0.03290987 -0.30100096
v 0.11716180 -0.02596361 -0.39418352
v 0.11218852 -0.04259968 -0.09790881
v 0.11651613 0.02872261 0.19650525
v 0.10801198 -0.05229159 0.00937440
v 0.11569502 0.03186944 -0.26504732
v 0.09524090 -0.07300800 0.00830191
v 0.09782605 0.06950584 0.01893037
v 0.09801955 0.06923269 -0.13814993
v 0.09252276 0.07642340 0.01943494
v 0.08979377 0.07961204 -0.13407455
v 0.08647696 0.08320296 0.01946533
v 0.08291300 0.08675502 -0.13614301
v 0.07590426 0.09294914 0.02136125
v 0.07584045 0.09300120 -0.13804095
v 0.06849281 0.09853797 0.02158880
v 0.06869644 0.09839612 -0.13897290
v 0.06009626 0.10387221 0.02062742
v 0.05713002 0.10553274 -0.13935150
v 0.05109027 0.10858537 0.01957574
v 0.04967632 0.10923947 -0.13991069
v 0.04129781 0.11267426 0.01766492
v 0.03749775 0.11399525 -0.13995575
v 0.03089928 0.11595789 0.01873886
v 0.02968701 0.11627415 -0.14033172
v 0.02057844 0.11822659 0.01873936
v 0.01707433 0.11878327 -0.14013384
v 0.01009609 0.11957871 0.01869938
v 0.00906408 0.11966136 -0.14039972
v -0.00038951 0.12000352 0.01873589
v -0.00374803 0.11994561 -0.14011206
v -0.01079959 0.11951722 0.01877948
v -0.01179517 0.11942308 -0.14035454
v -0.02108261 0.11813772 0.01880347
v -0.02449354 0.11747793 -0.14006763
v -0.03117413 0.11588430 0.01880634
v -0.03234560 0.11556280 -0.14032821
v -0.04099292 0.11278554 0.01881352
v -0.04452572 0.11143814 -0.14007617
v -0.05043385 0.10889180 0.01889197
v -0.05192695 0.10818775 -0.14034515
v -0.05939331 0.10427575 0.01914829
v -0.06321285 0.10200556 -0.14007973
v -0.06797820 0.09889369 0.01974870
v -0.06994447 0.09751292 -0.14033743
v -0.07634884 0.09258430 0.01994028
v -0.07999207 0.08945539 -0.14008156
v -0.08427934 0.08542828 0.01943359
v -0.08583732 0.08386270 -0.14035155
v -0.09153577 0.07760284 0.01887677
v -0.09431980 0.07419416 -0.14008613
v -0.09804482 0.06919691 0.01839381
v -0.09910349 0.06767198 -0.14034129
v -0.10369992 0.06039309 0.01803526
v -0.10579231 0.05664791 -0.14007527
v -0.10844045 0.05139714 0.01757896
v -0.10938200 0.04936169 -0.14035976
v -0.11224467 0.04245152 0.01606046
v -0.11405985 0.03730080 -0.14017787
v -0.11539245 0.03294815 0.02007200
v -0.11632246 0.02949719 -0.14052486
v -0.11804676 0.02158613 0.01955052
v -0.11881565 0.01684752 -0.14041229
v -0.11952596 0.01070247 0.01913953
v -0.11967978 0.00881751 -0.14075659
v -0.12000415 -0.00005574 0.01896120
v -0.11993757 -0.00399726 -0.14059121
v -0.11953100 -0.01064597 0.01893471
v -0.11940016 -0.01202496 -0.14088690
v -0.11814510 -0.02104125 0.01893908
v -0.11744118 -0.02466914 -0.14063022
v -0.11587410 -0.03121202 0.01892988
v -0.11552335 -0.03248620 -0.14087073
v -0.11274475 -0.04110497 0.01889815
v -0.11139839 -0.04462506 -0.14053314
v -0.10879245 -0.05064781 0.01886448
v -0.10814607 -0.05201371 -0.14073861
v -0.10407411 -0.05974595 0.01889061
v -0.10195999 -0.06328632 -0.14037932
v -0.09866519 -0.06830943 0.01907782
v -0.09746691 -0.07000856 -0.14059479
v -0.09250203 -0.07644850 0.01959050
v -0.08941708 -0.08003490 -0.14026620
v -0.08539648 -0.08431156 0.01969647
v -0.08382905 -0.08587018 -0.14050044
v -0.07748223 -0.09163788 0.01921206
v -0.07416594 -0.09434199 -0.14017535
v -0.06905607 -0.09814406 0.01890238
v -0.06765000 -0.09911849 -0.14040945
v -0.06024117 -0.10378825 0.01878144
v -0.05665785 -0.10578698 -0.14011490
v -0.05113150 -0.10856596 0.01879180
v -0.04940568 -0.10936214 -0.14035708
v -0.04182031 -0.11248138 0.01897952
v -0.03740355 -0.11402619 -0.14003531
v -0.03218530 -0.11560755 0.01947614
v -0.02962083 -0.11629103 -0.14022689
v -0.02200546 -0.11796931 0.01949963
v -0.01697429 -0.11879761 -0.13978656
v -0.01155448 -0.11944661 0.01869284
v -0.00893395 -0.11967114 -0.13985476
v -0.00082630 -0.12000131 0.01682549
v 0.00384898 -0.11994242 -0.13922541
v 0.00999935 -0.11958683 0.01787127
v 0.01181737 -0.11942088 -0.13919666
v 0.02027741 -0.11827859 0.01773232
v 0.02428634 -0.11752094 -0.13852512
v 0.03025499 -0.11612766 0.01737986
v 0.03194842 -0.11567323 -0.13850734
v 0.03972183 -0.11323945 0.01678101
v 0.04381363 -0.11172002 -0.13791015
v 0.04844963 -0.10978903 0.01502396
v 0.05102428 -0.10861639 -0.13796059
v 0.05709362 -0.10555244 0.01855627
v 0.06213028 -0.10266853 -0.13742667
v 0.06650921 -0.09988755 0.01737847
v 0.06885289 -0.09828671 -0.13755196
v 0.07472374 -0.09390080 0.01628219
v 0.07915154 -0.09019995 -0.13742985
v 0.08228879 -0.08734732 0.01553650
v 0.08563375 -0.08407056 -0.13883728
v 0.08967339 -0.07974761 0.01444535
v 0.09254646 -0.07639471 -0.14132098
v 0.09821858 -0.06895005 0.01949775
v 0.09923824 -0.06747421 -0.14022917
v 0.10639208 -0.05551327 -0.12589540
v 0.11661440 -0.02832103 0.14712123
v 0.11472443 -0.03520373 -0.25082875
v 0.11894095 0.01593888 0.28191602
v 0.11739163 -0.02490387 0.03574273
v 0.11468695 -0.03532564 -0.40408884
v 0.11480890 -0.03492728 0.30898969
v 0.11434578 -0.03641483 0.10881871
v 0.11429979 0.03655893 0.09969418
v 0.11811307 -0.02122031 -0.32457666
v 0.11844298 -0.01929403 0.20726782
v 0.11845030 0.01924903 -0.32200332
v 0.11357181 -0.03876136 -0.04357565
v 0.11932931 -0.01270881 0.29474617
v 0.11939091 0.01211649 -0.41966748
v 0.11950588 -0.01092440 -0.41748287
v 0.11767278 -0.02353963 -0.25032891
v 0.11454666 -0.03577793 -0.45237548
v 0.11617682 -0.03006566 -0.43101251
v 0.11798946 -0.02189715 0.11547531
v 0.11986913 -0.00569127 -0.42265562
v 0.11475692 -0.03509769 0.17149024
v 0.11490187 -0.03462020 0.07516708
v 0.11701529 -0.02661616 -0.45128265
v 0.11644518 0.02900891 -0.17327194
v 0.11535154 -0.03309108 -0.15600963
v 0.11987149 -0.00564126 -0.43299539
v 0.11664608 -0.02819026 -0.12040839
v 0.11707930 -0.02633315 0.05904108
v 0.11960808 0.00974191 0.16761917
v 0.11872897 0.01744791 0.17470687
v 0.11908472 -0.01482661 0.17670695
v 0.11894883 -0.01587997 -0.30249023
v 0.11913307 0.01443291 -0.20079344
v 0.11885428 0.01657282 0.18554880
v 0.11914928 -0.01429850 -0.20589715
v 0.11987549 -0.00555564 -0.15054418
v 0.11976488 0.00757434 -0.13966951
v 0.11944837 -0.01153618 -0.29194719
v 0.11861078 -0.01823406 0.16517307
v 0.11837189 0.01972547 0.02291118
v 0.11503056 0.03419017 -0.01447094
v 0.11980169 0.00696795 0.05265367
v 0.11932193 -0.01277787 -0.19057848
v 0.11686457 0.02727033 0.02149049
v 0.11941927 -0.01183373 0.18958735
v 0.11982805 -0.00649901 -0.00294997
v 0.11972978 0.00811035 0.12406991
v 0.11964008 0.00934070 0.04433212
v 0.11955288 0.01039743 0.20398651
v 0.11980894 0.00684216 -0.31747368
v 0.11984248 0.00622718 -0.10993677
v 0.11627817 0.02967126 0.03971251
v 0.11974429 -0.00789315 0.00735005
v 0.11329688 0.03955773 0.21960028
v 0.11715978 -0.02597275 -0.01966074
v 0.11794194 -0.02215168 0.02267419
v 0.11823008 0.02055834 -0.12474091
v 0.11976241 0.00761330 -0.20379940
v 0.11760138 0.02389382 0.04365732
v 0.11687240 0.02723675 -0.12969201
v 0.11836386 -0.01977356 -0.18884435
v 0.11815338 0.02099467 0.08226184
v 0.11498860 -0.03433102 0.21506216
v 0.11503776 -0.03416595 -0.06233381
v 0.11916426 0.01417313 -0.03542592
v 0.11945394 -0.01147840 -0.01892527
v 0.11917033 -0.01412198 0.02590322
v 0.11650502 0.02876765 -0.03146428
v 0.11991210 -0.00469955 0.11450636
v 0.11814497 -0.02104198 -0.05120561
v 0.11879439 -0.01699682 -0.07748265
v 0.11977309 0.00744338 -0.04244715
v 0.11190343 0.04334305 0.13068358
v 0.11845221 0.01923723 -0.00667762
v 0.11904438 0.01514703 -0.14173461
v 0.11737793 -0.02496834 0.09328189
v 0.11934222 -0.01258697 -0.07052513
v 0.11981444 -0.00674515 0.27007154
v 0.11972203 0.00822393 -0.38787676
v 0.11755595 -0.02411633 -0.07940536
v 0.11866596 -0.01787139 -0.02570961
v 0.11805252 -0.02155461 -0.10189193
v 0.11905746 0.01504390 -0.09348838
v 0.11975577 0.00771716 0.27015501
v 0.11977437 -0.00742275 -0.04367692
v 0.11986450 -0.00578781 -0.07405911
v 0.11988733 -0.00529401 -0.29642519
v 0.11252180 -0.04171141 -0.22071448
v 0.11702966 -0.02655289 0.21060020
v 0.11793466 0.02219038 -0.01614666
v 0.11990787 -0.00480639 0.18742801
v 0.11988492 -0.00534818 -0.30618385
v 0.11989547 0.00510625 -0.30737384
v 0.11988731 0.00529433 0.18601391
v 0.11496131 -0.03442231 -0.35629859
v 0.11983706 0.00633065 0.33111963
v 0.11182164 -0.04355362 0.15406383
v 0.11918588 0.01399010 -0.13171106
v 0.11975022 -0.00780265 -0.26588151
v 0.11976246 0.00761259 0.14378690
v 0.11072712 0.04626557 0.16960645
v 0.11985268 -0.00602777 0.29243528
v 0.11990049 -0.00498690 -0.41357173
v 0.11979219 0.00712954 -0.41299362
v 0.11503732 0.03416742 0.24835701
v 0.11994107 -0.00389084 0.32332431
v 0.11990937 -0.00476883 -0.44200957
v 0.11987747 0.00551279 -0.44267427
v 0.10669271 -0.05493326 -0.41216249
v 0.10543493 0.05731033 0.29143242
v 0.10979319 -0.04844020 0.29588130
v 0.10717236 0.05399151 0.10157094
v 0.10311078 0.06139353 0.10048503
v 0.10477141 -0.05851452 0.10602731
v 0.09667515 -0.07109791 -0.22190354
v 0.09109150 0.07812385 0.10498127
v 0.08306572 0.08660880 0.10584211
v 0.07590613 0.09294761 0.10653192
v 0.06710760 0.09948652 0.10853318
v 0.05691991 0.10564621 0.10926852
v 0.03801906 0.11382244 0.10809076
v 0.01783076 0.11867208 0.10751479
v -0.00296725 0.11996747 0.10724539
v -0.02372317 0.11763592 0.10712191
v -0.04379376 0.11172781 0.10706100
v -0.06255689 0.10240915 0.10704986
v -0.07940075 0.08998065 0.10707689
v -0.09381250 0.07483456 0.10706259
v -0.10539097 0.05739113 0.10702296
v -0.11376556 0.03818895 0.10705094
v -0.11866540 0.01787517 0.10711629
v -0.11996772 -0.00295707 0.10713169
v -0.11763667 -0.02371945 0.10710537
v -0.11172991 -0.04378841 0.10706399
v -0.10241179 -0.06255256 0.10703526
v -0.08996813 -0.07941495 0.10705548
v -0.07481650 -0.09382691 0.10708278
v -0.05740559 -0.10538309 0.10705788
v -0.03822727 -0.11375269 0.10702730
v -0.01789484 -0.11866243 0.10701922
v 0.00295781 -0.11996770 0.10695001
v 0.02375473 -0.11762955 0.10677410
v 0.04388957 -0.11169021 0.10647323
v 0.06275008 -0.10229089 0.10588447
v 0.08013827 -0.08932444 0.10448232
v 0.09321889 -0.07557272 0.10356212
v 0.08987455 -0.07952084 -0.22728845
v 0.08272563 -0.08693371 -0.22844574
v 0.07566925 -0.09314055 -0.22882080
v 0.06681103 -0.09968593 -0.23033781
v 0.05652919 -0.10585579 -0.23073247
v 0.03704608 -0.11414283 -0.22885667
v 0.01637895 -0.11888115 -0.22808881
v -0.00466283 -0.11991353 -0.22694356
v -0.02568606 -0.11722297 -0.22617361
v -0.04579242 -0.11092363 -0.22594018
v -0.06439741 -0.10126189 -0.22588489
v -0.08100997 -0.08853465 -0.22587382
v -0.09515390 -0.07312136 -0.22587183
v -0.10640561 -0.05548732 -0.22587201
v -0.11442408 -0.03616805 -0.22587248
v -0.11896607 -0.01575028 -0.22587225
v -0.11989375 0.00514657 -0.22587085
v -0.11717847 0.02588830 -0.22586840
v -0.11090221 0.04584427 -0.22586619
v -0.10125563 0.06440726 -0.22586574
v -0.08853202 0.08101283 -0.22586599
v -0.07311830 0.09515625 -0.22586661
v -0.05548393 0.10640738 -0.22586993
v -0.03616920 0.11442372 -0.22588218
v -0.01577745 0.11896247 -0.22592790
v 0.00502366 0.11989896 -0.22607193
v 0.02550194 0.11726316 -0.22640421
v 0.04498160 0.11125490 -0.22675653
v 0.06341002 0.10188310 -0.22626055
v 0.08028259 0.08919475 -0.22400218
v 0.08821293 0.08136016 -0.22308866
v 0.09603732 0.07195715 -0.22118144
v 0.10991616 0.04816051 -0.14389699
v 0.10914180 -0.04989053 -0.10454684
v 0.10191412 0.06336016 0.01819612
v 0.11147259 0.04443939 -0.00136908
v 0.11008525 -0.04777276 -0.11770353
v 0.10408476 0.05972739 -0.23018750
v 0.11644782 -0.02899833 -0.24614916
v 0.10466064 0.05871242 -0.12615902
v 0.11284857 0.04081910 -0.10490295
v 0.10979201 -0.04844287 -0.24245562
v 0.11761070 0.02384790 0.30850626
v 0.10834741 0.05159298 -0.43178464
v 0.11554145 0.03242176 -0.43600855
v 0.10642145 0.05545695 0.31149813
v 0.09499999 -0.07332121 -0.23956357
v 0.08732958 0.08230761 0.11944911
v 0.07351293 0.09485171 0.12285859
v 0.06260809 0.10237785 0.12497868
v 0.04434947 0.11150840 0.12344967
v 0.02458783 0.11745823 0.12270828
v 0.00395210 0.11993906 0.12235915
v -0.01688022 0.11881101 0.12220728
v -0.03724346 0.11407858 0.12214244
v -0.05649801 0.10587244 0.12212077
v -0.07403510 0.09444470 0.12212704
v -0.08931024 0.08015410 0.12212821
v -0.10187389 0.06342483 0.12211052
v -0.11134524 0.04475753 0.12211089
v -0.11742541 0.02474412 0.12214145
v -0.11993746 0.00400043 0.12216265
v -0.11881290 -0.01686688 0.12215670
v -0.11408037 -0.03723798 0.12213511
v -0.10587427 -0.05649457 0.12211497
v -0.09444118 -0.07403960 0.12211528
v -0.08014353 -0.08931972 0.12212997
v -0.06342306 -0.10187499 0.12212731
v -0.04477139 -0.11133966 0.12211048
v -0.02475610 -0.11742288 0.12209966
v -0.00399841 -0.11993753 0.12207077
v 0.01688959 -0.11880968 0.12198801
v 0.03730363 -0.11405892 0.12184581
v 0.05668412 -0.10577291 0.12161713
v 0.07458439 -0.09401153 0.12110070
v 0.09554735 -0.07260649 0.12258343
v 0.08719688 -0.08244818 -0.24132000
v 0.07300581 -0.09524258 -0.24439846
v 0.06214935 -0.10265698 -0.24606825
v 0.04369502 -0.11176646 -0.24423206
v 0.02359684 -0.11766132 -0.24315332
v 0.00277808 -0.11997200 -0.24235498
v -0.01819174 -0.11861728 -0.24171824
v -0.03860326 -0.11362564 -0.24143511
v -0.05778169 -0.10517735 -0.24135445
v -0.07517478 -0.09354010 -0.24133673
v -0.09027657 -0.07906414 -0.24133328
v -0.10263437 -0.06218670 -0.24133256
v -0.11187358 -0.04342004 -0.24133243
v -0.11771367 -0.02333431 -0.24133227
v -0.11997728 -0.00253947 -0.24133176
v -0.11859552 0.01833306 -0.24133085
v -0.11361008 0.03864905 -0.24132986
v -0.10517232 0.05779083 -0.24132951
v -0.09353867 0.07517656 -0.24132975
v -0.07906272 0.09027781 -0.24133026
v -0.06218492 0.10263544 -0.24133183
v -0.04342074 0.11187331 -0.24133761
v -0.02335130 0.11771030 -0.24136068
v -0.00262049 0.11997554 -0.24144085
v 0.01807755 0.11863473 -0.24164934
v 0.03810836 0.11379258 -0.24199549
v 0.05718797 0.10550135 -0.24217524
v 0.07523239 0.09349377 -0.24165500
v 0.09228453 0.07671090 -0.24153535
v 0.09557754 0.07256674 -0.23622844
v 0.09960265 0.06693512 -0.23856057
v 0.09481768 0.07355681 0.12117551
v 0.10193603 0.06332491 -0.01760372
v 0.10701062 -0.05431137 0.11439427
v 0.10780797 -0.05271091 -0.36378239
v 0.10810244 -0.05210432 0.24346767
v 0.10155407 -0.06393566 0.24134343
v 0.10126693 -0.06438949 -0.36615322
v 0.09198736 0.07706700 0.24704698
v 0.07805340 0.09115188 0.23793217
v 0.06971923 0.09767409 0.23667074
v 0.06089977 0.10340317 0.23671793
v 0.05169301 0.10829973 0.23711185
v 0.04228828 0.11230627 0.23767032
v 0.03269058 0.11546568 0.23845668
v 0.02269518 0.11783856 0.23994175
v 0.01217157 0.11938531 0.24128488
v 0.00145561 0.11999533 0.24173794
v -0.00915845 0.11965417 0.24189567
v -0.01962739 0.11838819 0.24195319
v -0.02990488 0.11621831 0.24197567
v -0.03993400 0.11316481 0.24198552
v -0.04965008 0.10925139 0.24199037
v -0.05898471 0.10450742 0.24199292
v -0.06786917 0.09896855 0.24199425
v -0.07623671 0.09267665 0.24199493
v -0.08402394 0.08567950 0.24199527
v -0.09117166 0.07803029 0.24199542
v -0.09762551 0.06978723 0.24199549
v -0.10333637 0.06101304 0.24199552
v -0.10826078 0.05177452 0.24199553
v -0.11236126 0.04214197 0.24199555
v -0.11560660 0.03218870 0.24199557
v -0.11797211 0.02199046 0.24199559
v -0.11943978 0.01162488 0.24199561
v -0.11999845 0.00117082 0.24199562
v -0.11964386 -0.00929215 0.24199563
v -0.11837872 -0.01968442 0.24199562
v -0.11621265 -0.02992689 0.24199561
v -0.11316212 -0.03994162 0.24199558
v -0.10925035 -0.04965238 0.24199556
v -0.10450711 -0.05898527 0.24199555
v -0.09896850 -0.06786924 0.24199554
v -0.09267667 -0.07623669 0.24199554
v -0.08567951 -0.08402392 0.24199556
v -0.07803026 -0.09117169 0.24199561
v -0.06978702 -0.09762566 0.24199575
v -0.06101213 -0.10333692 0.24199613
v -0.05177101 -0.10826246 0.24199705
v -0.04213037 -0.11236561 0.24199874
v -0.03215528 -0.11561590 0.24200023
v -0.02190571 -0.11798787 0.24199533
v -0.01143356 -0.11945824 0.24196174
v -0.00078222 -0.12000161 0.24183182
v 0.01000310 -0.11958652 0.24140443
v 0.02061325 -0.11822052 0.24007457
v 0.03068990 -0.11601348 0.23859686
v 0.04032399 -0.11302643 0.23781710
v 0.04962349 -0.10926348 0.23722331
v 0.05842925 -0.10481899 0.23664553
v 0.06646110 -0.09991957 0.23627635
v 0.07398535 -0.09448368 0.23817155
v 0.08222911 -0.08740349 0.24222460
v 0.09227389 -0.07672371 -0.36685817
v 0.07834074 -0.09090504 -0.35739151
v 0.07004155 -0.09744321 -0.35600339
v 0.06116259 -0.10324793 -0.35586552
v 0.05176135 -0.10826708 -0.35613246
v 0.04211468 -0.11237149 -0.35668108
v 0.03234094 -0.11556410 -0.35737687
v 0.02246989 -0.11788173 -0.35827926
v 0.01229833 -0.11937231 -0.35985172
v 0.00168545 -0.11999232 -0.36124646
v -0.00903579 -0.11966350 -0.36171871
v -0.01957273 -0.11839724 -0.36187937
v -0.02988593 -0.11622319 -0.36193348
v -0.03993119 -0.11316580 -0.36195135
v -0.04965328 -0.10924994 -0.36195741
v -0.05898950 -0.10450472 -0.36195969
v -0.06787396 -0.09896526 -0.36196070
v -0.07624109 -0.09267305 -0.36196119
v -0.08402785 -0.08567566 -0.36196143
v -0.09117514 -0.07802622 -0.36196155
v -0.09762858 -0.06978294 -0.36196160
v -0.10333904 -0.06100854 -0.36196163
v -0.10826304 -0.05176981 -0.36196163
v -0.11236310 -0.04213707 -0.36196163
v -0.11560801 -0.03218364 -0.36196163
v -0.11797307 -0.02198527 -0.36196162
v -0.11944029 -0.01161958 -0.36196162
v -0.11999850 -0.00116545 -0.36196162
v -0.11964344 0.00929754 -0.36196162
v -0.11837783 0.01968978 -0.36196162
v -0.11621129 0.02993216 -0.36196162
v -0.11316031 0.03994674 -0.36196162
v -0.10924812 0.04965730 -0.36196162
v -0.10450447 0.05898994 -0.36196163
v -0.09896549 0.06787363 -0.36196164
v -0.09267333 0.07624075 -0.36196166
v -0.08567587 0.08402764 -0.36196169
v -0.07802637 0.09117502 -0.36196176
v -0.06978303 0.09762852 -0.36196188
v -0.06100838 0.10333912 -0.36196201
v -0.05176847 0.10826368 -0.36196182
v -0.04213136 0.11236524 -0.36195976
v -0.03216517 0.11561315 -0.36195088
v -0.02193612 0.11798222 -0.36192169
v -0.01150871 0.11945102 -0.36184004
v -0.00095258 0.12000038 -0.36163788
v 0.00963306 0.11961690 -0.36119418
v 0.02008078 0.11831213 -0.36040357
v 0.03023271 0.11613346 -0.35946415
v 0.04004603 0.11312521 -0.35858423
v 0.04948337 0.10932701 -0.35766553
v 0.05834168 0.10486775 -0.35665283
v 0.06675581 0.09972292 -0.35652857
v 0.07516142 0.09355084 -0.35819278
v 0.08962650 0.07980031 -0.35805550
v 0.10072513 0.06523377 0.24609065
v 0.10134305 0.06426962 -0.36420131
v 0.10674270 0.05483607 0.24421711
v 0.10350779 0.06072178 -0.43267419
v 0.10216052 -0.06296211 -0.43212462
v 0.09795930 0.06931791 -0.43235108
v 0.09503315 -0.07327823 -0.42876959
v 0.08764286 0.08197394 0.30958938
v 0.08161094 0.08798098 0.30661686
v 0.07511064 0.09359161 0.30691256
v 0.06823864 0.09871416 0.30716266
v 0.06120839 0.10322079 0.30931052
v 0.05283584 0.10774680 0.31092030
v 0.04364394 0.11178642 0.31191173
v 0.03393964 0.11510473 0.31246554
v 0.02389551 0.11760103 0.31277553
v 0.01362748 0.11922789 0.31299235
v 0.00322593 0.11996079 0.31321891
v -0.00724044 0.11978553 0.31346992
v -0.01768768 0.11869349 0.31366639
v -0.02800638 0.11669036 0.31378833
v -0.03810084 0.11379510 0.31385558
v -0.04789227 0.11003331 0.31389013
v -0.05730974 0.10543525 0.31390695
v -0.06628550 0.10003615 0.31391477
v -0.07475394 0.09387676 0.31391827
v -0.08265215 0.08700356 0.31391978
v -0.08992078 0.07946856 0.31392041
v -0.09650484 0.07132891 0.31392067
v -0.10235437 0.06264648 0.31392078
v -0.10742489 0.05348730 0.31392082
v -0.11167783 0.04392106 0.31392084
v -0.11508084 0.03402056 0.31392084
v -0.11760801 0.02386115 0.31392085
v -0.11924011 0.01352014 0.31392085
v -0.11996472 0.00307623 0.31392085
v -0.11977633 -0.00739109 0.31392085
v -0.11867637 -0.01780216 0.31392085
v -0.11667321 -0.02807774 0.31392085
v -0.11378210 -0.03813964 0.31392085
v -0.11002503 -0.04791127 0.31392085
v -0.10543061 -0.05731827 0.31392085
v -0.10003380 -0.06628904 0.31392085
v -0.09387567 -0.07475531 0.31392086
v -0.08700309 -0.08265265 0.31392089
v -0.07946836 -0.08992095 0.31392097
v -0.07132880 -0.09650493 0.31392120
v -0.06264621 -0.10235453 0.31392185
v -0.05348621 -0.10742543 0.31392366
v -0.04391715 -0.11167937 0.31392853
v -0.03400863 -0.11508437 0.31394086
v -0.02382987 -0.11761435 0.31396954
v -0.01344867 -0.11924819 0.31402972
v -0.00293193 -0.11996834 0.31414162
v 0.00765342 -0.11975986 0.31432112
v 0.01824477 -0.11860913 0.31455921
v 0.02880168 -0.11649662 0.31479802
v 0.03934867 -0.11336966 0.31487851
v 0.04952256 -0.10930926 0.31404801
v 0.05902420 -0.10448513 0.31415435
v 0.06836513 -0.09862660 0.31460682
v 0.07758821 -0.09154817 0.31539764
v 0.08585516 -0.08384444 0.31419307
v 0.09443606 -0.07404613 0.31312035
v 0.08933573 -0.08012568 -0.42601579
v 0.08300271 -0.08666919 -0.42641792
v 0.07639319 -0.09254771 -0.42694197
v 0.06967628 -0.09770473 -0.42927711
v 0.06172762 -0.10291112 -0.43100048
v 0.05297872 -0.10767661 -0.43207375
v 0.04367071 -0.11177597 -0.43269934
v 0.03395327 -0.11510071 -0.43306353
v 0.02393099 -0.11759382 -0.43328643
v 0.01367946 -0.11922194 -0.43345716
v 0.00325758 -0.11995994 -0.43361986
v -0.00724625 -0.11978518 -0.43373690
v -0.01770995 -0.11869017 -0.43380640
v -0.02802759 -0.11668527 -0.43384549
v -0.03811549 -0.11379019 -0.43386713
v -0.04790078 -0.11002960 -0.43387879
v -0.05731412 -0.10543287 -0.43388482
v -0.06628755 -0.10003479 -0.43388779
v -0.07475483 -0.09387605 -0.43388920
v -0.08265252 -0.08700321 -0.43388984
v -0.08992094 -0.07946838 -0.43389012
v -0.09650491 -0.07132881 -0.43389024
v -0.10235441 -0.06264642 -0.43389029
v -0.10742491 -0.05348725 -0.43389031
v -0.11167785 -0.04392102 -0.43389032
v -0.11508085 -0.03402052 -0.43389032
v -0.11760802 -0.02386110 -0.43389032
v -0.11924012 -0.01352009 -0.43389032
v -0.11996472 -0.00307618 -0.43389032
v -0.11977633 0.00739114 -0.43389032
v -0.11867636 0.01780221 -0.43389032
v -0.11667320 0.02807779 -0.43389032
v -0.11378208 0.03813969 -0.43389032
v -0.11002502 0.04791131 -0.43389032
v -0.10543059 0.05731831 -0.43389032
v -0.10003377 0.06628908 -0.43389033
v -0.09387564 0.07475535 -0.43389034
v -0.08700306 0.08265268 -0.43389036
v -0.07946831 0.08992100 -0.43389043
v -0.07132871 0.09650499 -0.43389062
v -0.06264603 0.10235464 -0.43389111
v -0.05348569 0.10742569 -0.43389241
v -0.04391544 0.11168004 -0.43389591
v -0.03400320 0.11508597 -0.43390531
v -0.02381450 0.11761746 -0.43392949
v -0.01341114 0.11925242 -0.43398698
v -0.00285419 0.11997021 -0.43410908
v 0.00778661 0.11975127 -0.43432994
v 0.01842750 0.11858088 -0.43463913
v 0.02899087 0.11644968 -0.43491666
v 0.03940773 0.11334914 -0.43498382
v 0.04955097 0.10929638 -0.43474553
v 0.05937490 0.10428623 -0.43440479
v 0.06864529 0.09843181 -0.43317951
v 0.07717376 0.09189782 -0.43262188
v 0.08542269 0.08428501 -0.43173223
v 0.09251176 0.07643672 -0.42922579
v 0.09628244 0.07162883 0.31115028
v 0.10001389 -0.06631908 0.31270662
v 0.10188703 0.06340371 0.31455592
v 0.10838377 0.05151655 0.12587925
v 0.10475485 -0.05854416 -0.10439372
v 0.09450623 0.07395655 -0.01777186
v 0.10614394 -0.05598626 0.31364963
v 0.10700021 -0.05433189 -0.23508891
v 0.11422958 0.03677773 0.31495219
v 0.10876815 0.05069997 -0.00820846
v 0.11307316 -0.04019278 0.04707840
v 0.11086326 0.04593839 -0.25443553
v 0.11249429 0.04178556 -0.35421733
v 0.11098528 -0.04564280 0.24292078
v 0.11232679 0.04223376 0.24792465
v 0.11345462 -0.03910303 -0.15080047
v 0.10948531 -0.04913211 0.08761954
v 0.10534624 -0.05747319 0.18533577
v 0.10510656 0.05791034 0.18033439
v 0.09833537 0.06878338 0.18247856
v 0.09084378 0.07841177 0.18491552
v 0.06842080 0.09858799 0.17683076
v 0.05188863 0.10820614 0.17479445
v 0.03321978 0.11531454 0.17373061
v 0.01318707 0.11927741 0.17342922
v -0.00753090 0.11976762 0.17335803
v -0.02815045 0.11665569 0.17333739
v -0.04796248 0.11000272 0.17332968
v -0.06633249 0.10000500 0.17332756
v -0.08269031 0.08696730 0.17332734
v -0.09653587 0.07128691 0.17332661
v -0.10744831 0.05344024 0.17332604
v -0.11509569 0.03397030 0.17332742
v -0.11924579 0.01346991 0.17332990
v -0.11977338 -0.00743879 0.17333098
v -0.11666238 -0.02812270 0.17332979
v -0.11000619 -0.04795453 0.17332759
v -0.10000620 -0.06633067 0.17332638
v -0.08696694 -0.08269068 0.17332673
v -0.07128587 -0.09653664 0.17332714
v -0.05343937 -0.10744874 0.17332621
v -0.03396895 -0.11509609 0.17332233
v -0.01346949 -0.11924584 0.17330659
v 0.00741160 -0.11977506 0.17326465
v 0.02795583 -0.11670248 0.17322769
v 0.04735757 -0.11026449 0.17340197
v 0.06472086 -0.10105547 0.17465537
v 0.08252065 -0.08712829 0.18013884
v 0.09700031 -0.07065365 0.18430973
v 0.09248320 -0.07647127 -0.30289233
v 0.07023778 -0.09730186 -0.29837655
v 0.04967294 -0.10924100 -0.29754109
v 0.03170980 -0.11573887 -0.29379365
v 0.01245414 -0.11935616 -0.29330978
v -0.00793984 -0.11974121 -0.29323275
v -0.02843387 -0.11658693 -0.29320209
v -0.04819075 -0.10990291 -0.29318489
v -0.06652627 -0.09987619 -0.29317827
v -0.08285438 -0.08681100 -0.29317646
v -0.09666917 -0.07110604 -0.29317599
v -0.10754779 -0.05323976 -0.29317579
v -0.11515884 -0.03375557 -0.29317564
v -0.11927091 -0.01324566 -0.29317552
v -0.11975900 0.00766675 -0.29317545
v -0.11660827 0.02834625 -0.29317543
v -0.10991443 0.04816447 -0.29317548
v -0.09988089 0.06651922 -0.29317562
v -0.08681256 0.08285274 -0.29317588
v -0.07110704 0.09666844 -0.29317643
v -0.05324433 0.10754552 -0.29317820
v -0.03377916 0.11515193 -0.29318436
v -0.01334339 0.11926002 -0.29320365
v 0.00733218 0.11977995 -0.29326757
v 0.02738316 0.11683818 -0.29352921
v 0.04580837 0.11091705 -0.29476821
v 0.06556378 0.10051064 -0.29976553
v 0.08348980 0.08620006 -0.30128488
v 0.09719390 0.07038709 -0.30352301
v 0.09909688 -0.06768166 -0.30327937
v 0.10411623 0.05967251 -0.30129041
v 0.11056994 0.04663995 -0.30273023
v 0.11613155 0.03024004 0.12800062
v 0.11450076 0.03592455 0.13961074
v 0.11041985 0.04699420 -0.34666460
v 0.10409307 0.05971289 0.07553245
v 0.08909176 0.08039687 0.07804060
v 0.08309910 0.08657677 0.08181869
v 0.07505144 0.09363909 0.08237249
v 0.06658093 0.09983976 0.08281756
v 0.05752409 0.10531846 0.08282126
v 0.04812258 0.10993278 0.08228594
v 0.03840794 0.11369181 0.08208973
v 0.02840268 0.11659453 0.08165756
v 0.01817699 0.11861954 0.08160855
v 0.00779934 0.11975044 0.08130948
v -0.00264022 0.11997511 0.08136616
v -0.01306894 0.11929040 0.08113915
v -0.02339846 0.11770093 0.08123748
v -0.03356199 0.11521541 0.08102868
v -0.04348080 0.11184998 0.08113231
v -0.05309780 0.10761794 0.08093548
v -0.06232995 0.10254743 0.08109697
v -0.07107434 0.09669248 0.08101687
v -0.07921952 0.09014026 0.08125314
v -0.08674045 0.08292824 0.08110281
v -0.09361443 0.07508220 0.08119364
v -0.09980697 0.06663008 0.08094000
v -0.10525966 0.05763160 0.08101583
v -0.10991867 0.04815480 0.08085909
v -0.11371521 0.03833860 0.08112661
v -0.11661894 0.02830233 0.08111547
v -0.11862989 0.01810931 0.08135035
v -0.11975230 0.00777077 0.08120784
v -0.11997500 -0.00264522 0.08134126
v -0.11929070 -0.01306627 0.08115078
v -0.11770135 -0.02339636 0.08126521
v -0.11521560 -0.03356136 0.08106426
v -0.11185196 -0.04347570 0.08116861
v -0.10762767 -0.05307808 0.08095779
v -0.10256836 -0.06229550 0.08106927
v -0.09670090 -0.07106289 0.08091764
v -0.09010162 -0.07926346 0.08115430
v -0.08285642 -0.08680906 0.08109339
v -0.07502478 -0.09366045 0.08127263
v -0.06662251 -0.09981202 0.08107745
v -0.05769738 -0.10522362 0.08115910
v -0.04829402 -0.10985757 0.08092676
v -0.03848983 -0.11366411 0.08104904
v -0.02839533 -0.11659633 0.08093000
v -0.01815150 -0.11862344 0.08112979
v -0.00780639 -0.11974998 0.08094088
v 0.00260218 -0.11997594 0.08099013
v 0.01302512 -0.11929520 0.08067738
v 0.02337754 -0.11770509 0.08063192
v 0.03358605 -0.11520840 0.08023473
v 0.04354829 -0.11182372 0.08013610
v 0.05313951 -0.10759735 0.07969224
v 0.06223462 -0.10260532 0.07941143
v 0.07078323 -0.09690579 0.07851839
v 0.07866383 -0.09062560 0.07766091
v 0.08531162 -0.08439743 0.07621209
v 0.09143147 -0.07772570 0.07833526
v 0.09703320 -0.07060848 0.08017025
v 0.08916918 -0.08031099 -0.20629344
v 0.08277115 -0.08689036 -0.20650275
v 0.07541488 -0.09334664 -0.20604024
v 0.06695739 -0.09958768 -0.20514920
v 0.05794902 -0.10508524 -0.20283810
v 0.04749437 -0.11020564 -0.20094778
v 0.03627800 -0.11438927 -0.20287922
v 0.02588479 -0.11717924 -0.20329606
v 0.01569898 -0.11897285 -0.20346067
v 0.00561604 -0.11987267 -0.20261995
v -0.00510923 -0.11989534 -0.19992602
v -0.01618817 -0.11890728 -0.19919243
v -0.02680694 -0.11697173 -0.19915709
v -0.03708302 -0.11413083 -0.19892848
v -0.04696818 -0.11043092 -0.19903293
v -0.05646671 -0.10588914 -0.19886278
v -0.06549098 -0.10055809 -0.19899854
v -0.07402240 -0.09445466 -0.19884669
v -0.08196831 -0.08764813 -0.19899271
v -0.08930377 -0.08016131 -0.19884576
v -0.09594448 -0.07208089 -0.19899269
v -0.10186749 -0.06343510 -0.19884965
v -0.10700358 -0.05432525 -0.19899807
v -0.11133478 -0.04478354 -0.19885517
v -0.11481060 -0.03492167 -0.19900262
v -0.11741907 -0.02477417 -0.19885786
v -0.11912988 -0.01445923 -0.19900264
v -0.11993705 -0.00401265 -0.19885483
v -0.11983101 0.00644415 -0.19899670
v -0.11881181 0.01687455 -0.19884643
v -0.11689102 0.02715671 -0.19898648
v -0.11407521 0.03725378 -0.19883386
v -0.11039724 0.04704729 -0.19897607
v -0.10587023 0.05650214 -0.19882893
v -0.10054735 0.06550747 -0.19897442
v -0.09444739 0.07403167 -0.19882908
v -0.08764180 0.08197507 -0.19897493
v -0.08015450 0.08930988 -0.19882769
v -0.07207310 0.09595033 -0.19897393
v -0.06342631 0.10187297 -0.19882880
v -0.05431560 0.10700847 -0.19897986
v -0.04477404 0.11133859 -0.19883910
v -0.03491426 0.11481286 -0.19899755
v -0.02477335 0.11741924 -0.19887161
v -0.01447347 0.11912815 -0.19905828
v -0.00405681 0.11993557 -0.19898258
v 0.00634544 0.11983628 -0.19925364
v 0.01668101 0.11883914 -0.19931542
v 0.02679259 0.11697502 -0.19980889
v 0.03652807 0.11430966 -0.20026515
v 0.04522527 0.11115607 -0.20161775
v 0.05400731 0.10716440 -0.20031497
v 0.06311193 0.10206802 -0.19967110
v 0.07168618 0.09623975 -0.19880198
v 0.07962122 0.08978562 -0.19819405
v 0.08691639 0.08274382 -0.19716441
v 0.09297260 0.07587552 -0.19543925
v 0.09822688 0.06893822 -0.19645913
v 0.09492030 -0.07342434 -0.20073203
v 0.10440361 -0.05916827 -0.20584373
v 0.10185506 -0.06345506 0.08193767
v 0.09785662 0.06946279 0.32340169
v 0.10549119 0.05720669 0.32216693
v 0.11013060 -0.04766812 -0.34037662
v 0.10961328 -0.04884596 0.33085770
v 0.10735153 0.05363439 0.22301677
v 0.10958823 -0.04890212 -0.29896664
v 0.11526278 0.03339894 -0.30679978
v 0.11454763 0.03577484 -0.09723735
v 0.11364324 -0.03855143 -0.29067698
v 0.11002799 0.04790449 0.33991318
v 0.11609269 -0.03038890 0.19092606
v 0.10818239 0.05193811 0.17560155
v 0.11774483 -0.02317655 0.10483532
v 0.11146168 -0.04446675 -0.04970810
v 0.11691115 -0.02706993 -0.35261651
v 0.11690285 -0.02710574 0.07031176
v 0.11673007 -0.02784040 0.22012282
v 0.11580361 -0.03147257 0.33313314
v 0.11144666 -0.04450439 -0.20977853
v 0.11260601 0.04148356 0.22953883
v 0.11632106 0.02950269 0.33210118
v 0.10313094 -0.06135966 -0.01099624
v 0.10374812 0.06031023 -0.21651000
v 0.11515291 0.03377581 -0.40166303
v 0.11598895 -0.03078249 -0.34381242
v 0.11007149 -0.04780444 -0.21955138
v 0.11115362 -0.04523129 -0.46108700
v 0.11412349 0.03710561 -0.17391583
v 0.11248138 -0.04182028 -0.30137364
v 0.11614040 0.03020604 0.23926658
v 0.11670386 0.02795009 0.22088364
v 0.11934870 0.01252545 -0.46148882
v 0.11932378 -0.01276062 0.33875529
v 0.11926020 -0.01334174 -0.46280362
v 0.11919834 0.01388357 0.33455699
v 0.11434073 -0.03643070 0.28203480
v 0.10663139 0.05505219 -0.09452355
v 0.11836004 -0.01979646 -0.29372608
v 0.11007864 0.04778797 0.10818559
v 0.11913719 0.01439892 -0.29224404
v 0.11432565 0.03647800 0.20351141
v 0.11089161 0.04586992 -0.23193888
v 0.11179943 0.04361060 0.04710979
v 0.10801941 0.05227623 0.07277055
v 0.11624620 -0.02979628 -0.46330255
v 0.11838998 0.01961660 -0.36201591
v 0.11190723 -0.04333323 -0.16723501
v 0.11501715 -0.03423525 0.13929940
v 0.10834723 0.05159336 -0.12524786
v 0.11399608 0.03749524 -0.25599528
v 0.11804650 0.02158754 -0.20419225
v 0.11459217 0.03563191 -0.46463547
v 0.11636169 0.02934203 -0.39035831
v 0.11238248 -0.04208534 0.11842696
v 0.11449266 0.03595037 0.35021360
v 0.11759667 -0.02391696 -0.28587763
v 0.11627234 -0.02969412 0.27155510
v 0.11899186 -0.01555427 -0.36354261
v 0.11931576 0.01283544 -0.36683321
v 0.11947137 0.01129556 0.23789383
v 0.11554187 -0.03242028 -0.41747473
v 0.11485030 -0.03479090 -0.00078375
v 0.11850577 -0.01890452 0.09503671
v 0.11411800 0.03712248 0.05377967
v 0.11065817 0.04643024 0.15880145
v 0.11806989 0.02145923 -0.41318242
v 0.11523612 0.03349081 0.10929604
v 0.11860250 0.01828781 -0.22374697
v 0.10892160 -0.05036947 0.03331148
v 0.11657380 0.02848765 -0.47060346
v 0.10833242 0.05162445 -0.15957684
v 0.11650754 -0.02875744 0.34413338
v 0.11516004 0.03375150 0.22774168
v 0.11828955 -0.02021337 0.25122635
v 0.11643290 -0.02905818 0.11554404
v 0.11483195 0.03485142 0.16287392
v 0.11495692 -0.03443698 -0.22375677
v 0.11156885 0.04419717 0.20070317
v 0.11463051 -0.03550836 -0.33494349
v 0.11469824 -0.03528896 -0.47072750
v 0.11818828 0.02079731 0.25310324
v 0.11437479 0.03632360 -0.02506252
v 0.11914505 0.01433366 -0.28136041
v 0.11872976 0.01744254 0.16155550
v 0.11883088 -0.01673975 -0.28331405
v 0.11839644 0.01957758 0.26579283
v 0.11494200 0.03448675 0.00709104
v 0.11939914 0.01203505 -0.17022746
v 0.11395453 0.03762131 0.23849590
v 0.11903473 0.01522275 0.14870375
v 0.11873608 -0.01739949 -0.17129589
v 0.11924242 -0.01349971 0.25147489
v 0.11805979 0.02151477 -0.27682738
v 0.11778690 -0.02296178 0.15523194
v 0.11375911 0.03820814 -0.26647490
v 0.11729064 -0.02537527 -0.15620889
v 0.11953808 -0.01056626 -0.38804980
v 0.11901512 -0.01537529 0.26894096
v 0.11862693 0.01812869 0.20772905
v 0.11979235 0.00712680 0.35313261
v 0.11978686 -0.00721845 0.34893344
v 0.11981327 -0.00676597 -0.47160801
v 0.11981133 0.00680025 -0.47118777
v 0.10826038 0.05177536 -0.21105666
v 0.11298912 -0.04042842 0.12986280
v 0.11439871 -0.03624821 -0.37753812
v 0.11155347 -0.04423598 -0.19701911
v 0.11512909 0.03385691 0.21556942
v 0.11981435 -0.00674681 -0.18822333
v 0.11861117 -0.01823149 0.03255859
v 0.11709338 0.02627047 -0.32886876
v 0.11880498 0.01692261 0.19626862
v 0.11362812 -0.03859597 0.02131632
v 0.11572997 -0.03174227 0.12752198
v 0.11985713 -0.00593859 -0.01295740
v 0.11733413 -0.02517341 -0.40789274
v 0.11985660 0.00594927 0.01707120
v 0.11986478 -0.00578207 -0.13767576
v 0.11989313 -0.00516104 0.01330787
v 0.11983193 0.00642702 -0.12747516
v 0.11266520 0.04132253 0.19220620
v 0.11594812 -0.03093594 -0.04973906
v 0.11547196 0.03266841 0.27869019
v 0.11525908 -0.03341170 -0.13182689
v 0.11989448 -0.00512960 -0.12925038
v 0.11914816 0.01430786 -0.25842224
v 0.11901890 -0.01534597 -0.26114790
v 0.11868319 0.01775662 0.09073003
v 0.11943487 0.01167522 0.09739000
v 0.11924679 -0.01346108 -0.22855679
v 0.11956306 0.01027968 -0.22763023
v 0.11970792 -0.00842690 -0.03102312
v 0.11976789 0.00752661 -0.24070924
v 0.11954962 -0.01043484 0.11735093
v 0.11951146 0.01086323 0.19145047
v 0.11681280 0.02749122 0.24833720
v 0.11276846 -0.04103990 -0.24489941
v 0.11978132 0.00730978 -0.08750829
v 0.11950104 -0.01097727 -0.14449482
v 0.11956774 -0.01022517 0.01753089
v 0.11974912 -0.00781959 -0.21278991
v 0.11550338 -0.03255713 -0.17739768
v 0.11779330 0.02292896 0.05395139
v 0.11921054 0.01377846 0.35804223
v 0.11985718 -0.00593757 -0.17784136
v 0.11982846 -0.00649135 0.05680170
v 0.11980277 0.00694946 -0.17892232
v 0.11504170 0.03415268 -0.15019967
v 0.11980189 0.00696458 -0.03243890
v 0.11753988 -0.02419452 -0.30407018
v 0.11696187 0.02684994 -0.14728437
v 0.11973233 0.00807263 -0.09939999
v 0.11991822 0.00454077 0.15980278
v 0.11973114 -0.00809030 -0.27863693
v 0.11982942 0.00647365 0.02790734
v 0.11980952 -0.00683209 -0.09867392
v 0.11978673 -0.00722065 -0.23310221
v 0.11923435 -0.01357087 -0.18042031
v 0.11966348 0.00903606 -0.19132759
v 0.11909786 0.01472068 0.29065724
v 0.11904297 0.01515819 -0.01799722
v 0.11937183 0.01230302 -0.10864705
v 0.11959774 -0.00986806 -0.30149432
v 0.11779120 0.02293971 0.01469921
v 0.11947006 0.01130943 -0.37712987
v 0.11992203 0.00443903 -0.23160076
v 0.11976017 -0.00764859 -0.22289298
v 0.11992437 0.00437542 -0.22396608
v 0.11986878 0.00569858 0.23624205
v 0.11983067 -0.00645046 0.23601051
v 0.11977134 -0.00747155 -0.35828399
v 0.11980152 0.00697096 -0.35975761
v 0.11938665 0.01215840 0.10727224
v 0.11983660 -0.00633941 -0.11062385
v 0.11976170 -0.00762458 -0.24361572
v 0.11987722 -0.00551809 0.12337086
v 0.11935672 0.01244880 0.02112585
v 0.11883942 0.01667899 -0.05605155
v 0.11980733 -0.00687033 -0.12134552
v 0.11986908 0.00569222 0.00445554
v 0.11990250 0.00493855 -0.11832110
v 0.11985520 0.00597733 0.10255061
v 0.11944892 -0.01153053 0.31374576
v 0.11914193 0.01435965 -0.08145550
v 0.11823940 0.02050469 -0.02668956
v 0.11985834 0.00591402 0.06080545
v 0.11995628 -0.00338953 0.06117302
v 0.11839449 0.01958936 -0.11199969
v 0.11974886 -0.00782354 -0.25461999
v 0.11984838 -0.00611265 0.13379515
v 0.11793817 0.02217171 0.00489795
v 0.11713653 -0.02607742 -0.06833237
v 0.11953675 -0.01058125 -0.08140036
v 0.11594692 0.03094041 -0.06966916
v 0.11918253 0.01401865 0.00303443
v 0.11821319 -0.02065527 -0.11296046
v 0.11637747 0.02927938 -0.09422282
v 0.11850246 -0.01892528 -0.01369168
v 0.11976742 -0.00753421 0.10603494
v 0.11821640 -0.02063685 0.21905668
v 0.11978714 0.00721386 -0.26424045
v 0.11965828 0.00910468 0.15516907
v 0.11983383 -0.00639141 0.14475692
v 0.11978539 0.00724285 -0.27523399
v 0.11913398 -0.01442546 0.21356390
v 0.11933696 0.01263673 -0.32824556
v 0.11973900 0.00797307 0.07050129
v 0.11665571 0.02815035 -0.08517441
v 0.11663143 0.02825079 -0.11835971
v 0.11924906 -0.01344099 -0.11749580
v 0.11984513 0.00617603 0.13429013
v 0.11899129 0.01555863 -0.10290180
v 0.11987611 0.00554217 0.21382420
v 0.11978060 -0.00732160 0.21532067
v 0.11975996 -0.00765175 -0.33485954
v 0.11982702 0.00651797 -0.33588285
v 0.11619524 0.02999438 0.04932876
v 0.11798435 0.02192468 -0.03838236
v 0.11723770 0.02561875 -0.05998457
v 0.11851414 -0.01885194 -0.06232033
v 0.11729474 -0.02535630 -0.04185941
v 0.11984089 -0.00625769 -0.37833193
v 0.11989495 0.00511843 -0.37883090
v 0.11990192 0.00495258 0.17531244
v 0.11880222 -0.01694197 -0.03936240
v 0.11935701 -0.01244596 -0.00828826
v 0.11774002 0.02320097 -0.07668959
v 0.11661797 0.02830629 -0.02045808
v 0.11633279 0.02945642 -0.04214982
v 0.11835287 -0.01983928 -0.12317896
v 0.11992352 -0.00439849 0.01907603
v 0.11972466 0.00818556 -0.05263332
v 0.11705570 -0.02643786 0.00525404
v 0.11990046 -0.00498780 -0.28749412
v 0.11994241 0.00384904 0.16665134
v 0.11660108 0.02837581 0.01111557
v 0.11983702 0.00633135 0.08137734
v 0.11969580 -0.00859734 0.08325439
v 0.10573850 0.05674827 -0.07459470
v 0.11538384 0.03297827 0.18051917
v 0.11991221 0.00469669 0.22845193
v 0.11995653 -0.00338053 0.22961707
v 0.11980250 0.00695407 0.36358921
v 0.11971525 -0.00832201 -0.48273053
v 0.11940062 0.01202043 -0.11897596
v 0.11874357 -0.01734825 0.01053588
v 0.11850195 -0.01892843 0.05376350
v 0.11956041 -0.01031051 -0.05984266
v 0.11878361 0.01707197 0.01307040
v 0.11774539 -0.02317371 -0.14538417
v 0.11866407 -0.01788394 -0.08448924
v 0.11931615 0.01283175 -0.02695428
v 0.11933742 -0.01263243 0.05966896
v 0.11730359 -0.02531534 -0.03161733
v 0.11851561 0.01884270 -0.19263714
v 0.11902632 0.01528835 -0.04564337
v 0.11579579 0.03150130 0.30913686
v 0.11977869 -0.00735276 0.09419743
v 0.11979124 0.00714539 -0.21585259
v 0.11986668 -0.00574250 -0.06697459
v 0.11851154 0.01886828 -0.31051993
v 0.11990400 0.00490188 -0.06599231
v 0.11984677 -0.00614405 -0.05269301
v 0.11959013 0.00995983 -0.07135668
v 0.11864418 0.01801547 -0.06695622
v 0.11555089 -0.03238813 -0.03739457
v 0.11867640 -0.01780199 0.19733119
v 0.11755319 -0.02412974 0.01350264
v 0.11868367 -0.01775345 -0.14115064
v 0.11968200 0.00878738 -0.00929789
v 0.11461618 0.03555459 -0.42596118
v 0.11895935 -0.01580094 -0.05595528
v 0.11772435 -0.02328038 -0.09097283
v 0.11092081 -0.04579927 -0.02487520
v 0.11289283 -0.04069654 -0.41524026
v 0.11035449 -0.04714749 0.05303949
v 0.11420163 -0.03686442 -0.26041215
v 0.10790473 0.05251253 0.33076479
v 0.10692719 0.05447544 -0.44384553
v 0.10342348 -0.06086527 -0.44675161
v 0.10209528 0.06306784 0.32555883
v 0.10191890 0.06335248 -0.44495771
v 0.09763417 -0.06977511 -0.43981030
v 0.09644849 0.07140509 -0.44408312
v 0.09182228 -0.07726362 -0.44280171
v 0.08488632 0.08482517 0.32107958
v 0.07922944 0.09013154 0.31673738
v 0.07132397 0.09650849 0.31850061
v 0.06316829 0.10203316 0.32122885
v 0.05447715 0.10692632 0.32382108
v 0.04496818 0.11126033 0.32497944
v 0.03515468 0.11473947 0.32561924
v 0.02509518 0.11735089 0.32602608
v 0.01487375 0.11907884 0.32635697
v 0.00455374 0.11991773 0.32675230
v -0.00588560 0.11985974 0.32727295
v -0.01638518 0.11888029 0.32759143
v -0.02676026 0.11698242 0.32775028
v -0.03690372 0.11418894 0.32782906
v -0.04674318 0.11052634 0.32786808
v -0.05621228 0.10602442 0.32788706
v -0.06524550 0.10071754 0.32789600
v -0.07377811 0.09464559 0.32790007
v -0.08174738 0.08785422 0.32790187
v -0.08909372 0.08039469 0.32790263
v -0.09576170 0.07232355 0.32790295
v -0.10170075 0.06370208 0.32790308
v -0.10686577 0.05459584 0.32790314
v -0.11121746 0.04507411 0.32790316
v -0.11472271 0.03520935 0.32790316
v -0.11735485 0.02507662 0.32790317
v -0.11909385 0.01475305 0.32790317
v -0.11992648 0.00431720 0.32790317
v -0.11984639 -0.00615151 0.32790317
v -0.11885420 -0.01657341 0.32790317
v -0.11695745 -0.02686917 0.32790317
v -0.11417059 -0.03696043 0.32790317
v -0.11051482 -0.04677041 0.32790317
v -0.10601797 -0.05622444 0.32790317
v -0.10071426 -0.06525056 0.32790317
v -0.09464405 -0.07378009 0.32790318
v -0.08785354 -0.08174810 0.32790322
v -0.08039441 -0.08909398 0.32790331
v -0.07232341 -0.09576180 0.32790356
v -0.06370185 -0.10170090 0.32790424
v -0.05459499 -0.10686620 0.32790604
v -0.04507115 -0.11121865 0.32791060
v -0.03520046 -0.11472543 0.32792151
v -0.02505348 -0.11735980 0.32794559
v -0.01469992 -0.11910042 0.32799394
v -0.00420788 -0.11993036 0.32808150
v 0.00635710 -0.11983566 0.32822427
v 0.01693538 -0.11880316 0.32843762
v 0.02748209 -0.11681495 0.32875173
v 0.03798937 -0.11383236 0.32930368
v 0.04794355 -0.11001097 0.33085455
v 0.05734549 -0.10541581 0.33169607
v 0.06653453 -0.09987069 0.33254336
v 0.07470083 -0.09391902 0.33293212
v 0.08257071 -0.08708086 0.32792539
v 0.09043540 -0.07888242 0.32286244
v 0.08686903 -0.08279354 -0.43603113
v 0.07942882 -0.08995589 -0.43869383
v 0.07153916 -0.09634909 -0.44128659
v 0.06331966 -0.10193929 -0.44385785
v 0.05428558 -0.10702371 -0.44504769
v 0.04487443 -0.11129817 -0.44572442
v 0.03513607 -0.11474517 -0.44615606
v 0.02514950 -0.11733925 -0.44648812
v 0.01497375 -0.11906631 -0.44685860
v 0.00458612 -0.11991649 -0.44733954
v -0.00595370 -0.11985638 -0.44761954
v -0.01645584 -0.11887053 -0.44775035
v -0.02680696 -0.11697173 -0.44781247
v -0.03693043 -0.11418030 -0.44784310
v -0.04675710 -0.11052046 -0.44785841
v -0.05621899 -0.10602086 -0.44786598
v -0.06524850 -0.10071560 -0.44786962
v -0.07377937 -0.09464461 -0.44787132
v -0.08174788 -0.08785375 -0.44787208
v -0.08909391 -0.08039448 -0.44787242
v -0.09576177 -0.07232345 -0.44787256
v -0.10170078 -0.06370203 -0.44787262
v -0.10686578 -0.05459581 -0.44787265
v -0.11121747 -0.04507409 -0.44787266
v -0.11472272 -0.03520933 -0.44787266
v -0.11735485 -0.02507660 -0.44787266
v -0.11909386 -0.01475303 -0.44787266
v -0.11992648 -0.00431717 -0.44787266
v -0.11984639 0.00615154 -0.44787266
v -0.11885419 0.01657343 -0.44787266
v -0.11695745 0.02686919 -0.44787266
v -0.11417059 0.03696045 -0.44787266
v -0.11051482 0.04677043 -0.44787266
v -0.10601796 0.05622446 -0.44787267
v -0.10071425 0.06525058 -0.44787267
v -0.09464404 0.07378011 -0.44787268
v -0.08785352 0.08174813 -0.44787271
v -0.08039438 0.08909401 -0.44787278
v -0.07232333 0.09576186 -0.44787298
v -0.06370163 0.10170103 -0.44787352
v -0.05459436 0.10686652 -0.44787491
v -0.04506923 0.11121943 -0.44787857
v -0.03519501 0.11472711 -0.44788783
v -0.02503954 0.11736277 -0.44790985
v -0.01466857 0.11910429 -0.44795741
v -0.00414630 0.11993251 -0.44804833
v 0.00646292 0.11983000 -0.44819729
v 0.01709764 0.11877992 -0.44839665
v 0.02771633 0.11675960 -0.44859399
v 0.03834263 0.11371385 -0.44864068
v 0.04863318 0.10970785 -0.44781150
v 0.05827907 0.10490256 -0.44801778
v 0.06738183 0.09930099 -0.44934972
v 0.07596292 0.09290120 -0.45001619
v 0.08443110 0.08527830 -0.45066554
v 0.09016250 0.07919420 -0.44074843
v 0.09172909 0.07737424 0.31990707
v 0.09752575 -0.06992657 0.32447588
v 0.10293093 -0.06169459 0.32144884
v 0.10991250 0.04816888 -0.11388403
v 0.10649187 -0.05532161 -0.01591371
v 0.10575578 0.05671608 0.13205168
v 0.10994541 -0.04809370 -0.01519271
v 0.11201748 -0.04304744 0.07909463
v 0.10582266 0.05659119 0.34285107
v 0.10793821 -0.05244370 -0.46929563
v 0.10344151 -0.06083464 -0.02360881
v 0.09775215 -0.06960974 -0.01674831
v 0.09697493 0.07068848 -0.10331855
v 0.10030959 0.06587097 0.33613562
v 0.09385933 0.07477583 0.33301885
v 0.08966099 -0.07976155 -0.10664933
v 0.09031013 0.07902581 -0.09913563
v 0.08273675 0.08692312 -0.01859563
v 0.08224121 0.08739212 -0.10273131
v 0.07587210 0.09297539 -0.01998111
v 0.07366148 0.09473640 -0.10250407
v 0.06852235 0.09851744 -0.02166592
v 0.06491900 0.10092830 -0.10552126
v 0.06060835 0.10357425 -0.01814589
v 0.05593453 0.10617121 -0.10682645
v 0.05082391 0.10871030 -0.01770321
v 0.04653343 0.11061482 -0.10785575
v 0.04006767 0.11311755 -0.01475359
v 0.03682253 0.11421514 -0.10835825
v 0.02877824 0.11650241 -0.01629679
v 0.02693256 0.11694287 -0.10887018
v 0.01915024 0.11846631 -0.01789897
v 0.01688232 0.11881071 -0.10886206
v 0.00996005 0.11959012 -0.01706406
v 0.00665625 0.11981941 -0.10899831
v -0.00006541 0.12000414 -0.01672710
v -0.00367579 0.11994785 -0.10878944
v -0.01024273 0.11956623 -0.01655141
v -0.01406452 0.11917712 -0.10880492
v -0.02039029 0.11825918 -0.01645800
v -0.02443353 0.11749043 -0.10855512
v -0.03040469 0.11608855 -0.01645536
v -0.03465687 0.11489082 -0.10875040
v -0.04023188 0.11305925 -0.01665868
v -0.04452023 0.11144033 -0.10880909
v -0.05015962 0.10901839 -0.01778153
v -0.05401029 0.10716289 -0.10900702
v -0.05981529 0.10403427 -0.01599606
v -0.06316287 0.10203651 -0.10879870
v -0.06917405 0.09806095 -0.01468791
v -0.07191300 0.09607038 -0.10888272
v -0.07852954 0.09074199 -0.01569698
v -0.08009923 0.08935945 -0.10878909
v -0.08645217 0.08322872 -0.01616824
v -0.08759813 0.08202174 -0.10901627
v -0.09339528 0.07535463 -0.01685464
v -0.09435613 0.07414795 -0.10887375
v -0.09903253 0.06777578 -0.01803428
v -0.10042949 0.06568802 -0.10886038
v -0.10387942 0.06008382 -0.01707509
v -0.10582395 0.05658878 -0.10863301
v -0.10871648 0.05081067 -0.01734862
v -0.11045503 0.04691145 -0.10881858
v -0.11299469 0.04041286 -0.01443190
v -0.11421559 0.03682117 -0.10891665
v -0.11640506 0.02916952 -0.01539522
v -0.11703956 0.02650923 -0.10946664
v -0.11855931 0.01856576 -0.01634432
v -0.11891177 0.01615513 -0.10980703
v -0.11966951 0.00895584 -0.01766202
v -0.11986252 0.00582876 -0.11029759
v -0.12000384 -0.00027549 -0.01670311
v -0.11992087 -0.00447025 -0.11037932
v -0.11955979 -0.01031765 -0.01629430
v -0.11909744 -0.01472402 -0.11058854
v -0.11824965 -0.02044548 -0.01609457
v -0.11739714 -0.02487789 -0.11044179
v -0.11607261 -0.03046550 -0.01600784
v -0.11482464 -0.03487551 -0.11044786
v -0.11304554 -0.04027038 -0.01603651
v -0.11138551 -0.04465721 -0.11008927
v -0.10918200 -0.04980249 -0.01628927
v -0.10706983 -0.05419455 -0.10988136
v -0.10431087 -0.05933162 -0.01746537
v -0.10189855 -0.06338520 -0.10945945
v -0.09852809 -0.06850703 -0.01575407
v -0.09595156 -0.07207146 -0.10948500
v -0.09182741 -0.07725751 -0.01462284
v -0.08932886 -0.08013335 -0.10932099
v -0.08391934 -0.08578195 -0.01625631
v -0.08206191 -0.08756050 -0.10929341
v -0.07660587 -0.09237174 -0.01785157
v -0.07413539 -0.09436600 -0.10890335
v -0.06921470 -0.09803225 -0.01706244
v -0.06558794 -0.10049487 -0.10895137
v -0.06074271 -0.10349551 -0.01696284
v -0.05660033 -0.10581777 -0.10889188
v -0.05134613 -0.10846461 -0.01790126
v -0.04721101 -0.11032732 -0.10901054
v -0.04142238 -0.11262852 -0.01595592
v -0.03740510 -0.11402568 -0.10876923
v -0.03100640 -0.11592930 -0.01462920
v -0.02726446 -0.11686594 -0.10883001
v -0.01969102 -0.11837762 -0.01616369
v -0.01693522 -0.11880318 -0.10863486
v -0.00938376 -0.11963671 -0.01858951
v -0.00651244 -0.11982732 -0.10870933
v 0.00096818 -0.12000025 -0.01527210
v 0.00384553 -0.11994253 -0.10854090
v 0.01221839 -0.11938052 -0.01659777
v 0.01402830 -0.11918140 -0.10851659
v 0.02160315 -0.11804365 -0.01807985
v 0.02405063 -0.11756941 -0.10806175
v 0.03034068 -0.11610530 -0.01730759
v 0.03396118 -0.11509838 -0.10785558
v 0.04003984 -0.11312740 -0.01777346
v 0.04362577 -0.11179351 -0.10742868
v 0.05005556 -0.10906621 -0.01513109
v 0.05287042 -0.10772983 -0.10724149
v 0.05995554 -0.10395350 -0.01638917
v 0.06145262 -0.10307557 -0.10661565
v 0.06856424 -0.09848828 -0.01762858
v 0.06883317 -0.09830052 -0.10562336
v 0.07594599 -0.09291504 -0.01929762
v 0.07601408 -0.09285934 -0.10647716
v 0.08311326 -0.08656318 -0.01866261
v 0.08316976 -0.08650889 -0.10669296
v 0.08883424 0.08068132 -0.01823868
v 0.09107620 -0.07814169 -0.02167966
v 0.09562133 -0.07250902 -0.10617750
v 0.10886247 0.05049713 -0.46038017
v 0.11211093 0.04280346 -0.26289982
v 0.10915716 -0.04985691 0.14892030
v 0.11154831 0.04424898 -0.02698626
v 0.11272257 -0.04116577 0.25147019
v 0.11401022 -0.03745219 0.34507525
v 0.10313692 0.06134959 -0.26225371
v 0.10626255 0.05576081 0.21124978
v 0.11760958 0.02385338 0.11981980
v 0.09871205 0.06824170 -0.02105010
v 0.10144635 0.06410644 -0.18764143
v 0.10153773 -0.06396161 -0.18713072
v 0.09117703 0.07802401 0.07051760
v 0.09754157 -0.06990450 -0.19067878
v 0.09933648 0.06732950 0.07121630
v 0.09987547 0.06652735 0.21478259
v 0.10019639 -0.06604303 -0.33481485
v 0.10059749 -0.06543043 -0.10617624
v 0.11798131 0.02194100 0.33904496
v 0.10800036 0.05231559 0.00379509
v 0.11670006 -0.02796595 -0.21165638
v 0.10722069 -0.05389547 -0.33040783
v 0.10762278 -0.05308799 -0.15155835
v 0.11161554 -0.04407913 -0.38415230
v 0.10529911 0.05755949 -0.19173519
v 0.10800841 -0.05229896 0.34250675
v 0.10933921 -0.04945640 -0.08345567
v 0.10556356 0.05707304 -0.06001294
v 0.11090882 0.04582829 0.25970724
v 0.11244751 0.04191128 -0.09377495
v 0.11913221 0.01444007 -0.47313832
v 0.11915808 -0.01422497 0.34829942
v 0.11925537 -0.01338487 -0.47391455
v 0.11907178 0.01493013 0.34733239
v 0.10066773 0.06532233 0.14362802
v 0.10075165 -0.06519282 0.14214027
v 0.09623196 0.07169664 0.14213730
v 0.08818999 -0.08138503 -0.26019513
v 0.09049074 0.07881893 0.13997065
v 0.08146058 0.08812021 0.14360418
v 0.07230359 0.09577677 0.14694137
v 0.06594187 0.10026300 0.14693254
v 0.05505162 0.10663169 0.14673420
v 0.04824076 0.10988097 0.14593639
v 0.03626091 0.11439469 0.14581353
v 0.02888908 0.11647497 0.14517210
v 0.01615136 0.11891228 0.14531638
v 0.00845516 0.11970592 0.14480038
v -0.00460883 0.11991562 0.14510479
v -0.01236590 0.11936533 0.14464976
v -0.02531497 0.11730367 0.14502442
v -0.03287658 0.11541286 0.14459350
v -0.04529078 0.11112940 0.14499596
v -0.05241603 0.10795164 0.14457484
v -0.06390340 0.10157437 0.14498958
v -0.07036933 0.09720677 0.14457286
v -0.08057326 0.08893227 0.14499086
v -0.08618134 0.08350913 0.14457359
v -0.09479233 0.07358948 0.14498828
v -0.09937371 0.06727455 0.14456905
v -0.10613210 0.05600870 0.14498400
v -0.10954755 0.04899319 0.14456713
v -0.11424628 0.03672582 0.14498839
v -0.11639094 0.02922579 0.14457529
v -0.11888737 0.01633377 0.14499871
v -0.11969718 0.00857811 0.14458493
v -0.11991788 -0.00454962 0.14500339
v -0.11936923 -0.01232821 0.14458608
v -0.11730732 -0.02529802 0.14499913
v -0.11541596 -0.03286570 0.14457924
v -0.11113160 -0.04528537 0.14499072
v -0.10795343 -0.05241235 0.14457096
v -0.10157508 -0.06390227 0.14498569
v -0.09720645 -0.07036977 0.14456862
v -0.08892991 -0.08057587 0.14498789
v -0.08350563 -0.08618473 0.14457241
v -0.07358572 -0.09479526 0.14499084
v -0.06727157 -0.09937572 0.14457339
v -0.05600826 -0.10613234 0.14498793
v -0.04899442 -0.10954700 0.14456875
v -0.03672794 -0.11424560 0.14498282
v -0.02922766 -0.11639047 0.14456344
v -0.01633306 -0.11888746 0.14497592
v -0.00857607 -0.11969732 0.14455296
v 0.00455288 -0.11991776 0.14495796
v 0.01232941 -0.11936911 0.14452981
v 0.02529019 -0.11730901 0.14493821
v 0.03284712 -0.11542125 0.14452184
v 0.04525183 -0.11114526 0.14499778
v 0.05238692 -0.10796577 0.14466105
v 0.06401028 -0.10150705 0.14538506
v 0.07071025 -0.09695905 0.14523211
v 0.08160207 -0.08798920 0.14618633
v 0.08681404 -0.08285120 0.14630947
v 0.09505959 -0.07324393 0.13855318
v 0.08182967 -0.08777757 -0.26352230
v 0.07109252 -0.09667911 -0.26621839
v 0.06554332 -0.10052399 -0.26723914
v 0.05459564 -0.10686587 -0.26763001
v 0.04761341 -0.11015426 -0.26677342
v 0.03549506 -0.11463463 -0.26633572
v 0.02811107 -0.11666519 -0.26552706
v 0.01542098 -0.11900921 -0.26544807
v 0.00773889 -0.11975436 -0.26483015
v -0.00528326 -0.11988780 -0.26498201
v -0.01304608 -0.11929291 -0.26445122
v -0.02596658 -0.11716115 -0.26474205
v -0.03353543 -0.11522314 -0.26427113
v -0.04590717 -0.11087619 -0.26465072
v -0.05302981 -0.10765146 -0.26421096
v -0.06446044 -0.10122179 -0.26462636
v -0.07091588 -0.09680876 -0.26419648
v -0.08105691 -0.08849167 -0.26462133
v -0.08664839 -0.08302442 -0.26419360
v -0.09519149 -0.07307242 -0.26462026
v -0.09974879 -0.06671713 -0.26419289
v -0.10643408 -0.05543269 -0.26461987
v -0.10981861 -0.04838256 -0.26419258
v -0.11444284 -0.03610864 -0.26461962
v -0.11655171 -0.02857790 -0.26419236
v -0.11897438 -0.01568743 -0.26461941
v -0.11974352 -0.00790488 -0.26419214
v -0.11989099 0.00521054 -0.26461919
v -0.11929701 0.01300848 -0.26419191
v -0.11716474 0.02595036 -0.26461898
v -0.11522567 0.03352674 -0.26419170
v -0.11087843 0.04590177 -0.26461890
v -0.10765316 0.05302635 -0.26419169
v -0.10122303 0.06445848 -0.26461905
v -0.09680957 0.07091478 -0.26419192
v -0.08849193 0.08105662 -0.26461939
v -0.08302439 0.08664843 -0.26419232
v -0.07307210 0.09519173 -0.26461996
v -0.06671680 0.09974902 -0.26419310
v -0.05543304 0.10643391 -0.26462140
v -0.04838424 0.10981786 -0.26419554
v -0.03611575 0.11444060 -0.26462725
v -0.02859272 0.11654808 -0.26420625
v -0.01572717 0.11896913 -0.26465277
v -0.00797439 0.11973891 -0.26424951
v 0.00506016 0.11989743 -0.26474387
v 0.01277760 0.11932196 -0.26439066
v 0.02554521 0.11725374 -0.26501286
v 0.03299341 0.11537952 -0.26478434
v 0.04522612 0.11115573 -0.26570894
v 0.05236912 0.10797441 -0.26570319
v 0.06414736 0.10142048 -0.26685999
v 0.07097357 0.09676647 -0.26676188
v 0.08201964 0.08760009 -0.26773599
v 0.08856778 0.08097374 -0.26773897
v 0.09405246 0.07453276 -0.26318594
v 0.09712351 -0.07048420 -0.25357120
v 0.10159128 -0.06387652 -0.25903140
v 0.09903591 0.06777083 -0.26232047
v 0.10558894 -0.05702608 0.14213692
v 0.10614270 -0.05598861 -0.38301334
v 0.09701862 0.07062850 0.26488575
v 0.09699538 -0.07066042 -0.38504009
v 0.10330735 0.06106217 -0.38411756
v 0.10564729 0.05691791 0.26027789
v 0.11810757 -0.02125091 -0.47102061
v 0.11156422 0.04420885 0.05817834
v 0.11244906 0.04190711 -0.19534732
v 0.10606452 -0.05613658 -0.26269211
v 0.10940620 -0.04930803 0.26655145
v 0.10591957 0.05640960 -0.26911372
v 0.10965033 -0.04876273 -0.27025691
v 0.10053032 -0.06553360 0.00661714
v 0.10003487 0.06628743 -0.12563145
v 0.11669581 -0.02798366 -0.27791106
v 0.11636693 -0.02932125 -0.47542070
v 0.11208998 -0.04285830 0.18730957
v 0.11122011 0.04506756 -0.17870893
v 0.11317921 0.03989316 -0.13952840
v 0.11305143 0.04025386 -0.38114242
v 0.11215402 -0.04269045 -0.47243276
v 0.11802995 0.02167785 -0.47634606
v 0.11826685 -0.02034579 0.35219265
v 0.10243439 0.06251556 0.20484946
v 0.10484619 0.05838042 0.01195397
v 0.10121162 0.06447640 -0.32034379
v 0.09636013 0.07152429 0.20729350
v 0.09307981 -0.07574395 0.20481917
v 0.08802651 0.08156183 0.20790236
v 0.08268431 0.08697300 0.20585531
v 0.07376791 0.09465354 0.20669239
v 0.06415504 0.10141563 0.20757799
v 0.05473290 0.10679563 0.20977571
v 0.04570979 0.11095771 0.21170686
v 0.03638180 0.11435630 0.21264067
v 0.02660606 0.11701759 0.21322695
v 0.01647400 0.11886801 0.21367510
v 0.00610983 0.11984852 0.21397991
v -0.00434891 0.11992533 0.21414901
v -0.01478531 0.11908985 0.21422805
v -0.02510805 0.11734813 0.21426166
v -0.03523789 0.11471394 0.21427505
v -0.04509943 0.11120719 0.21428044
v -0.05461842 0.10685423 0.21428265
v -0.06372254 0.10168793 0.21428361
v -0.07234225 0.09574757 0.21428405
v -0.08041170 0.08907837 0.21428424
v -0.08786932 0.08173114 0.21428431
v -0.09465827 0.07376185 0.21428432
v -0.10072683 0.06523116 0.21428431
v -0.10602879 0.05620403 0.21428432
v -0.11052381 0.04674917 0.21428436
v -0.11417767 0.03693856 0.21428446
v -0.11696257 0.02684688 0.21428458
v -0.11885733 0.01655094 0.21428472
v -0.11984754 0.00612906 0.21428482
v -0.11992567 -0.00433946 0.21428488
v -0.11909113 -0.01477500 0.21428487
v -0.11735025 -0.02509817 0.21428479
v -0.11471624 -0.03523041 0.21428467
v -0.11120914 -0.04509462 0.21428454
v -0.10685562 -0.05461569 0.21428443
v -0.10168882 -0.06372113 0.21428436
v -0.09574806 -0.07234160 0.21428433
v -0.08907859 -0.08041146 0.21428434
v -0.08173118 -0.08786929 0.21428436
v -0.07376176 -0.09465834 0.21428440
v -0.06523091 -0.10072699 0.21428442
v -0.05620334 -0.10602916 0.21428436
v -0.04674702 -0.11052472 0.21428384
v -0.03693206 -0.11417977 0.21428139
v -0.02682936 -0.11696659 0.21427219
v -0.01651048 -0.11886295 0.21424394
v -0.00605056 -0.11985153 0.21417001
v 0.00446171 -0.11992119 0.21400876
v 0.01491252 -0.11907399 0.21372280
v 0.02517116 -0.11733461 0.21334107
v 0.03512360 -0.11474899 0.21295474
v 0.04468256 -0.11137534 0.21260373
v 0.05377693 -0.10728019 0.21224368
v 0.06239916 -0.10250533 0.21175877
v 0.07080358 -0.09689092 0.21078170
v 0.07942460 -0.08995961 0.20912374
v 0.08880718 -0.08071111 0.20763860
v 0.09089186 -0.07835603 -0.32711131
v 0.08296172 -0.08670842 -0.32603966
v 0.07474692 -0.09388235 -0.32593882
v 0.06548388 -0.10056272 -0.32610430
v 0.05549143 -0.10640347 -0.32705809
v 0.04538295 -0.11109179 -0.32885108
v 0.03565233 -0.11458582 -0.33096800
v 0.02597739 -0.11715875 -0.33214602
v 0.01604400 -0.11892682 -0.33293230
v 0.00585219 -0.11986138 -0.33350393
v -0.00450170 -0.11991969 -0.33387884
v -0.01488563 -0.11907735 -0.33408055
v -0.02518170 -0.11733235 -0.33417371
v -0.03529551 -0.11469623 -0.33421168
v -0.04514608 -0.11118826 -0.33422614
v -0.05465728 -0.10683436 -0.33423131
v -0.06375586 -0.10166704 -0.33423315
v -0.07237152 -0.09572544 -0.33423379
v -0.08043782 -0.08905479 -0.33423402
v -0.08789272 -0.08170598 -0.33423410
v -0.09467912 -0.07373509 -0.33423412
v -0.10074514 -0.06520287 -0.33423412
v -0.10604453 -0.05617433 -0.33423411
v -0.11053689 -0.04671823 -0.33423409
v -0.11418802 -0.03690654 -0.33423407
v -0.11697012 -0.02681397 -0.33423405
v -0.11886200 -0.01651733 -0.33423404
v -0.11984928 -0.00609496 -0.33423403
v -0.11992443 0.00437378 -0.33423402
v -0.11908688 0.01480924 -0.33423402
v -0.11734300 0.02513200 -0.33423402
v -0.11470608 0.03526348 -0.33423403
v -0.11119617 0.04512659 -0.33423404
v -0.10684000 0.05464625 -0.33423406
v -0.10167071 0.06375002 -0.33423408
v -0.09572765 0.07236861 -0.33423412
v -0.08905607 0.08043641 -0.33423417
v -0.08170677 0.08789198 -0.33423426
v -0.07373581 0.09467855 -0.33423442
v -0.06520406 0.10074437 -0.33423472
v -0.05617689 0.10604317 -0.33423524
v -0.04672375 0.11053456 -0.33423580
v -0.03691777 0.11418440 -0.33423530
v -0.02683544 0.11696520 -0.33422985
v -0.01655741 0.11885643 -0.33420993
v -0.00617079 0.11984540 -0.33415636
v 0.00422547 0.11992974 -0.33404162
v 0.01451795 0.11912274 -0.33383495
v 0.02458418 0.11745900 -0.33351424
v 0.03431604 0.11499307 -0.33303034
v 0.04366357 0.11177876 -0.33223999
v 0.05281044 0.10775925 -0.33074562
v 0.06213671 0.10266463 -0.32857020
v 0.07166181 0.09625790 -0.32728396
v 0.08186018 0.08774913 -0.32614262
v 0.08664506 0.08302790 -0.32359792
v 0.09398016 0.07462391 -0.32412650
v 0.09678881 -0.07094310 -0.32729510
v 0.10056021 -0.06548772 0.20248384
v 0.10246985 -0.06245740 -0.32564035
v 0.09929377 0.06739247 -0.09027023
v 0.08942888 -0.08002170 -0.08791138
v 0.09100993 0.07821886 -0.08602134
v 0.07987031 0.08956412 -0.02918571
v 0.08501810 0.08469310 -0.08956441
v 0.07312298 0.09515266 -0.03019593
v 0.07804359 0.09116028 -0.09138698
v 0.06365585 0.10172969 -0.02965225
v 0.06812584 0.09879205 -0.09311918
v 0.05584705 0.10621726 -0.02854514
v 0.05990464 0.10398285 -0.09453111
v 0.04423928 0.11155216 -0.02736231
v 0.05087576 0.10868604 -0.09541474
v 0.03461709 0.11490281 -0.02707911
v 0.04130665 0.11267102 -0.09618681
v 0.02465725 0.11744368 -0.02797855
v 0.03160468 0.11576762 -0.09696941
v 0.01486048 0.11908049 -0.02837169
v 0.02188935 0.11799091 -0.09708110
v 0.00497050 0.11990117 -0.02823589
v 0.01187838 0.11941483 -0.09705263
v -0.00511731 0.11989500 -0.02807819
v 0.00167084 0.11999253 -0.09695005
v -0.01524087 0.11903241 -0.02795158
v -0.00864169 0.11969260 -0.09677163
v -0.02528185 0.11731081 -0.02786162
v -0.01900511 0.11848968 -0.09649960
v -0.03511478 0.11475169 -0.02779525
v -0.02950986 0.11631924 -0.09617646
v -0.04434471 0.11151029 -0.02768632
v -0.03968877 0.11325105 -0.09674732
v -0.05589839 0.10619024 -0.02756141
v -0.04914300 0.10948043 -0.09718742
v -0.06477617 0.10102002 -0.02766601
v -0.05838715 0.10484245 -0.09695377
v -0.07393291 0.09452472 -0.02775917
v -0.06745886 0.09924868 -0.09672561
v -0.08237763 0.08726353 -0.02762598
v -0.07609170 0.09279575 -0.09669071
v -0.08959794 0.07983236 -0.02746167
v -0.08403995 0.08566378 -0.09690149
v -0.09585403 0.07220113 -0.02799645
v -0.09110012 0.07811381 -0.09721700
v -0.10135653 0.06424836 -0.02806511
v -0.09734768 0.07017427 -0.09692156
v -0.10608429 0.05609922 -0.02757058
v -0.10307906 0.06144677 -0.09649593
v -0.11140255 0.04461467 -0.02702609
v -0.10820739 0.05188602 -0.09646520
v -0.11483225 0.03485044 -0.02669455
v -0.11250279 0.04176266 -0.09658011
v -0.11747016 0.02453078 -0.02689467
v -0.11585324 0.03128938 -0.09709553
v -0.11912678 0.01448476 -0.02761809
v -0.11818005 0.02084402 -0.09795118
v -0.11991466 0.00463385 -0.02782285
v -0.11953518 0.01059900 -0.09867816
v -0.11988830 -0.00527196 -0.02757077
v -0.12000336 0.00043849 -0.09904181
v -0.11902180 -0.01532349 -0.02736125
v -0.11960939 -0.00972586 -0.09919597
v -0.11729679 -0.02534679 -0.02723030
v -0.11835147 -0.01984761 -0.09921612
v -0.11472125 -0.03521409 -0.02716588
v -0.11623264 -0.02984914 -0.09912420
v -0.11133215 -0.04479007 -0.02715373
v -0.11326138 -0.03965928 -0.09889626
v -0.10732291 -0.05369163 -0.02713571
v -0.10942991 -0.04925538 -0.09845972
v -0.10105266 -0.06472524 -0.02713645
v -0.10464840 -0.05873424 -0.09770609
v -0.09520900 -0.07304961 -0.02698294
v -0.09898925 -0.06783897 -0.09741769
v -0.08833369 -0.08122904 -0.02700273
v -0.09269067 -0.07621967 -0.09764401
v -0.08097538 -0.08856628 -0.02793033
v -0.08582924 -0.08387097 -0.09768097
v -0.07332527 -0.09499685 -0.02829009
v -0.07836912 -0.09088058 -0.09713563
v -0.06523710 -0.10072298 -0.02811405
v -0.07000160 -0.09747191 -0.09654435
v -0.05693256 -0.10563939 -0.02786826
v -0.06110089 -0.10328446 -0.09690487
v -0.04552560 -0.11103341 -0.02753337
v -0.05210092 -0.10810408 -0.09719576
v -0.03600934 -0.11447413 -0.02711585
v -0.04255226 -0.11220652 -0.09687558
v -0.02576962 -0.11720463 -0.02686550
v -0.03245650 -0.11553170 -0.09671163
v -0.01592478 -0.11894284 -0.02757501
v -0.02216418 -0.11793959 -0.09671640
v -0.00343194 -0.11995507 -0.02750285
v -0.01173084 -0.11942941 -0.09660225
v 0.00631380 -0.11983795 -0.02719866
v -0.00121623 -0.11999799 -0.09665763
v 0.01620269 -0.11890530 -0.02798052
v 0.00898028 -0.11966767 -0.09688180
v 0.02564008 -0.11723303 -0.02820219
v 0.01879551 -0.11852311 -0.09648488
v 0.03453060 -0.11492883 -0.02783866
v 0.02868282 -0.11652594 -0.09591143
v 0.04599839 -0.11083838 -0.02752465
v 0.03859723 -0.11362769 -0.09565826
v 0.05492382 -0.10669757 -0.02744622
v 0.04817456 -0.10991001 -0.09543006
v 0.06366799 -0.10172210 -0.02791972
v 0.05717184 -0.10551009 -0.09535709
v 0.07153028 -0.09635568 -0.02892669
v 0.06534835 -0.10065084 -0.09523707
v 0.07880269 -0.09050488 -0.03011350
v 0.07292470 -0.09530470 -0.09531321
v 0.08579534 -0.08390565 -0.03197237
v 0.08011871 -0.08934198 -0.09584636
v 0.08885900 0.08065405 -0.03613192
v 0.09196870 -0.07708927 -0.03536657
v 0.11120300 -0.04510976 0.01480846
v 0.10077127 -0.06516248 0.04004261
v 0.10520658 0.05772844 -0.32298908
v 0.09325293 -0.07553071 -0.33519383
v 0.07852466 0.09074622 0.21020744
v 0.06923270 0.09801955 0.21065953
v 0.05967165 0.10411673 0.21204478
v 0.05050920 0.10885687 0.21402796
v 0.04128902 0.11267748 0.21525844
v 0.03168846 0.11574472 0.21600336
v 0.02170082 0.11802573 0.21658499
v 0.01141463 0.11946005 0.21702823
v 0.00096602 0.12000027 0.21729627
v -0.00950891 0.11962683 0.21742722
v -0.01990755 0.11834140 0.21748381
v -0.03014828 0.11615541 0.21750643
v -0.04015646 0.11308606 0.21751539
v -0.04985839 0.10915649 0.21751902
v -0.05918123 0.10439627 0.21752060
v -0.06805416 0.09884144 0.21752131
v -0.07640950 0.09253424 0.21752164
v -0.08418351 0.08552271 0.21752178
v -0.09131692 0.07786024 0.21752183
v -0.09775539 0.06960518 0.21752183
v -0.10344989 0.06082038 0.21752183
v -0.10835707 0.05157271 0.21752185
v -0.11243957 0.04193256 0.21752190
v -0.11566635 0.03197333 0.21752200
v -0.11801284 0.02177080 0.21752211
v -0.11946120 0.01140262 0.21752222
v -0.12000042 0.00094768 0.21752229
v -0.11962639 -0.00951449 0.21752231
v -0.11834195 -0.01990431 0.21752227
v -0.11615686 -0.03014271 0.21752218
v -0.11308772 -0.04015179 0.21752208
v -0.10915788 -0.04985535 0.21752198
v -0.10439723 -0.05917952 0.21752190
v -0.09884203 -0.06805330 0.21752185
v -0.09253455 -0.07640913 0.21752184
v -0.08552282 -0.08418340 0.21752186
v -0.07786022 -0.09131694 0.21752189
v -0.06960503 -0.09775550 0.21752193
v -0.06081994 -0.10345015 0.21752196
v -0.05157131 -0.10835773 0.21752185
v -0.04192807 -0.11244125 0.21752085
v -0.03196029 -0.11566995 0.21751618
v -0.02173788 -0.11801891 0.21749939
v -0.01133176 -0.11946794 0.21744986
v -0.00082023 -0.12000135 0.21732631
v 0.00969491 -0.11961190 0.21707228
v 0.02008009 -0.11831225 0.21666529
v 0.03020248 -0.11614133 0.21620100
v 0.03996912 -0.11315241 0.21578078
v 0.04931046 -0.10940510 0.21540138
v 0.05818190 -0.10495649 0.21499221
v 0.06667226 -0.09977879 0.21443741
v 0.07516363 -0.09354906 0.21349628
v 0.08404433 -0.08565949 0.21236766
v 0.08649229 -0.08318702 -0.32875436
v 0.07908007 -0.09026262 -0.32977594
v 0.07025286 -0.09729097 -0.32956707
v 0.06069839 -0.10352151 -0.33023912
v 0.05066456 -0.10878465 -0.33124930
v 0.04077995 -0.11286272 -0.33325490
v 0.03107953 -0.11590971 -0.33468626
v 0.02123109 -0.11811113 -0.33564452
v 0.01112719 -0.11948717 -0.33637322
v 0.00080826 -0.12000144 -0.33690774
v -0.00960335 -0.11961928 -0.33722103
v -0.01997486 -0.11833006 -0.33737271
v -0.03020142 -0.11614160 -0.33743632
v -0.04019987 -0.11307063 -0.33746082
v -0.04989437 -0.10914005 -0.33746967
v -0.05921168 -0.10437900 -0.33747283
v -0.06808056 -0.09882325 -0.33747397
v -0.07643286 -0.09251495 -0.33747439
v -0.08420439 -0.08550216 -0.33747454
v -0.09133558 -0.07783836 -0.33747460
v -0.09777191 -0.06958198 -0.33747461
v -0.10346425 -0.06079594 -0.33747461
v -0.10836923 -0.05154715 -0.33747460
v -0.11244947 -0.04190602 -0.33747458
v -0.11567391 -0.03194595 -0.33747457
v -0.11801801 -0.02174275 -0.33747455
v -0.11946392 -0.01137406 -0.33747454
v -0.12000064 -0.00091882 -0.33747453
v -0.11962408 0.00954343 -0.33747453
v -0.11833711 0.01993304 -0.33747453
v -0.11614952 0.03017095 -0.33747453
v -0.11307797 0.04017924 -0.33747454
v -0.10914582 0.04988174 -0.33747455
v -0.10438301 0.05920461 -0.33747457
v -0.09882578 0.06807689 -0.33747460
v -0.09251644 0.07643105 -0.33747464
v -0.08550303 0.08420350 -0.33747470
v -0.07783898 0.09133505 -0.33747480
v -0.06958274 0.09777136 -0.33747501
v -0.06079743 0.10346338 -0.33747537
v -0.05155032 0.10836772 -0.33747586
v -0.04191243 0.11244708 -0.33747581
v -0.03195794 0.11567060 -0.33747268
v -0.02176404 0.11801409 -0.33745911
v -0.01141266 0.11946024 -0.33741906
v -0.00099437 0.12000004 -0.33732408
v 0.00938508 0.11963661 -0.33713943
v 0.01960649 0.11839165 -0.33683574
v 0.02955308 0.11630827 -0.33639679
v 0.03914692 0.11343948 -0.33575084
v 0.04841565 0.10980402 -0.33471154
v 0.05762071 0.10526563 -0.33303992
v 0.06701623 0.09954809 -0.33139901
v 0.07660595 0.09237168 -0.33099299
v 0.09034667 0.07898403 -0.32798565
v 0.09229037 0.07670388 0.21424380
v 0.09673277 -0.07101950 0.20802238
v 0.11167136 0.04393753 -0.42865281
v 0.10403888 -0.05980726 0.20861220
v 0.11725262 0.02555034 0.10853207
v 0.11299383 0.04041525 -0.32462465
v 0.10372957 -0.06034214 -0.13606349
v 0.10815501 0.05199512 0.27008157
v 0.11267606 0.04129290 0.16356538
v 0.09308397 -0.07573885 -0.16408711
v 0.09734566 0.07017706 -0.16220322
v 0.08635519 0.08332934 0.04747087
v 0.08959916 0.07983099 -0.16274965
v 0.07820189 0.09102451 0.04889714
v 0.08197389 0.08764291 -0.16621272
v 0.06272525 0.10230611 0.05146824
v 0.06730962 0.09934995 -0.16639179
v 0.07053307 0.09708802 0.05161649
v 0.07504574 0.09364365 -0.16786240
v 0.04460227 0.11140752 0.05067141
v 0.04830683 0.10985194 -0.16627145
v 0.05396613 0.10718514 0.05108223
v 0.05808722 0.10500892 -0.16618911
v 0.03479013 0.11485053 0.05036811
v 0.03824294 0.11374742 -0.16615358
v 0.01432730 0.11914582 0.05009852
v 0.01772921 0.11868729 -0.16580365
v 0.02465930 0.11744325 0.05019589
v 0.02804334 0.11668149 -0.16596299
v -0.00655855 0.11982480 0.04999910
v -0.00313043 0.11996332 -0.16562812
v 0.00389207 0.11994103 0.05003926
v 0.00732178 0.11978059 -0.16569719
v -0.02718107 0.11688536 0.04991718
v -0.02389213 0.11760172 -0.16556331
v -0.01694249 0.11880215 0.04996464
v -0.01356024 0.11923555 -0.16558749
v -0.04692204 0.11045053 0.04968032
v -0.04394566 0.11166816 -0.16554490
v -0.03719816 0.11409336 0.04983726
v -0.03404695 0.11507303 -0.16555175
v -0.06618941 0.10009975 0.04814680
v -0.06267263 0.10233836 -0.16553690
v -0.05631566 0.10596954 0.04933101
v -0.05351200 0.10741259 -0.16554155
v -0.07474582 0.09388322 0.05072354
v -0.07135732 0.09648384 -0.16553475
v -0.08208718 0.08753681 0.05052315
v -0.07949905 0.08989382 -0.16553633
v -0.08925087 0.08022020 0.05019207
v -0.08703469 0.08261937 -0.16553960
v -0.10181784 0.06351476 0.04942545
v -0.10006478 0.06624227 -0.16553905
v -0.09587295 0.07217600 0.04983485
v -0.09390706 0.07471588 -0.16554073
v -0.11178501 0.04364756 0.04778305
v -0.11005724 0.04783723 -0.16554859
v -0.10702630 0.05428046 0.04888684
v -0.10546209 0.05726034 -0.16554000
v -0.11516395 0.03373814 0.05068779
v -0.11381302 0.03804727 -0.16556689
v -0.11749454 0.02441374 0.05064105
v -0.11669973 0.02796730 -0.16559906
v -0.11993799 0.00398468 0.05027389
v -0.11978389 0.00726764 -0.16566369
v -0.11914207 0.01435849 0.05044133
v -0.11869460 0.01768022 -0.16563371
v -0.11880750 -0.01690492 0.05007612
v -0.11922835 -0.01362346 -0.16569937
v -0.11982897 -0.00648188 0.05015759
v -0.11996168 -0.00319256 -0.16568585
v -0.11407858 -0.03724345 0.04993640
v -0.11505881 -0.03409500 -0.16569517
v -0.11688418 -0.02718613 0.05001022
v -0.11759005 -0.02394949 -0.16570205
v -0.10592753 -0.05639464 0.04965175
v -0.10739598 -0.05354533 -0.16566049
v -0.11041637 -0.04700236 0.04983221
v -0.11165259 -0.04398520 -0.16568019
v -0.09389154 -0.07473538 0.04807830
v -0.09646564 -0.07138192 -0.16562067
v -0.10062684 -0.06538530 0.04928041
v -0.10232074 -0.06270139 -0.16563971
v -0.08693211 -0.08272730 0.05066569
v -0.08987621 -0.07951896 -0.16560468
v -0.07205697 -0.09596245 0.05023762
v -0.07470054 -0.09391926 -0.16558095
v -0.07995805 -0.08948580 0.05049829
v -0.08260250 -0.08705070 -0.16559419
v -0.05448956 -0.10692000 0.04971457
v -0.05724672 -0.10546948 -0.16556149
v -0.06352116 -0.10181386 0.04999222
v -0.06622842 -0.10007394 -0.16557087
v -0.03418720 -0.11503145 0.04798599
v -0.03799356 -0.11383096 -0.16551370
v -0.04502204 -0.11123854 0.04926990
v -0.04781571 -0.11006659 -0.16554899
v -0.02392927 -0.11759417 0.05048522
v -0.02783733 -0.11673081 -0.16541540
v -0.00416708 -0.11993179 0.04980708
v -0.00687100 -0.11980729 -0.16458077
v -0.01436165 -0.11914168 0.05020054
v -0.01741737 -0.11873346 -0.16515714
v 0.00622790 -0.11984244 0.04947022
v 0.00359055 -0.11995043 -0.16368235
v 0.02690199 -0.11694991 0.04873493
v 0.02391011 -0.11759806 -0.16231739
v 0.01662458 -0.11884705 0.04915502
v 0.01385450 -0.11920172 -0.16290607
v 0.04770830 -0.11011319 0.04662095
v 0.04312164 -0.11198894 -0.16150325
v 0.03700598 -0.11415584 0.04806261
v 0.03369404 -0.11517686 -0.16183819
v 0.05695738 -0.10562601 0.04901318
v 0.05221126 -0.10805083 -0.16145401
v 0.06499857 -0.10087707 0.04821274
v 0.06105706 -0.10331037 -0.16172641
v 0.08161475 -0.08797745 0.04388964
v 0.07826998 -0.09096597 -0.16295062
v 0.07307924 -0.09518625 0.04677938
v 0.06970444 -0.09768464 -0.16222303
v 0.08995704 -0.07942751 0.04335142
v 0.08579546 -0.08390552 -0.16595846
v 0.09701700 -0.07063073 0.04174944
v 0.09414781 0.07441229 0.04573386
v 0.10768491 -0.05296185 0.04542667
v 0.10905551 0.05007888 -0.32774096
v 0.10662206 0.05507027 -0.39346030
v 0.10212633 -0.06301755 -0.39138609
v 0.10102087 0.06477486 -0.39501810
v 0.10256853 0.06229523 0.27058999
v 0.09130825 -0.07787041 -0.39196735
v 0.09522041 0.07303472 -0.39672752
v 0.08465256 0.08505846 0.27578782
v 0.07773183 0.09142626 0.27574852
v 0.07052488 0.09709397 0.27887042
v 0.06360920 0.10175887 0.27857014
v 0.05555312 0.10637128 0.27850782
v 0.04676625 0.11051659 0.27852131
v 0.03746210 0.11400697 0.27839448
v 0.02772923 0.11675653 0.27789753
v 0.01751741 0.11871874 0.27699036
v 0.00696068 0.11980212 0.27650384
v -0.00365217 0.11994857 0.27633833
v -0.01418813 0.11916247 0.27630470
v -0.02457480 0.11746096 0.27631364
v -0.03474760 0.11486341 0.27633003
v -0.04464045 0.11139223 0.27634297
v -0.05418538 0.10707447 0.27635099
v -0.06331398 0.10194282 0.27635536
v -0.07195896 0.09603596 0.27635755
v -0.08005558 0.08939855 0.27635860
v -0.08754266 0.08208094 0.27635907
v -0.09436340 0.07413870 0.27635928
v -0.10046594 0.06563225 0.27635937
v -0.10580387 0.05662631 0.27635941
v -0.11033656 0.04718942 0.27635943
v -0.11402953 0.03739339 0.27635944
v -0.11685466 0.02731277 0.27635944
v -0.11879045 0.01702429 0.27635944
v -0.11982218 0.00660624 0.27635944
v -0.11994200 -0.00386208 0.27635945
v -0.11914898 -0.01430102 0.27635945
v -0.11744917 -0.02463111 0.27635945
v -0.11485549 -0.03477375 0.27635944
v -0.11138770 -0.04465174 0.27635944
v -0.10707218 -0.05418991 0.27635944
v -0.10194177 -0.06331566 0.27635944
v -0.09603553 -0.07195954 0.27635944
v -0.08939839 -0.08005577 0.27635946
v -0.08208086 -0.08754273 0.27635950
v -0.07413857 -0.09436350 0.27635964
v -0.06563169 -0.10046631 0.27636008
v -0.05662402 -0.10580510 0.27636143
v -0.04718152 -0.11033994 0.27636524
v -0.03736989 -0.11403723 0.27637531
v -0.02725168 -0.11686892 0.27640014
v -0.01688369 -0.11881052 0.27645804
v -0.00631745 -0.11983776 0.27658827
v 0.00439063 -0.11992381 0.27687711
v 0.01512626 -0.11904703 0.27750073
v 0.02562172 -0.11723705 0.27853012
v 0.03577094 -0.11454884 0.27907381
v 0.04568088 -0.11096962 0.27909499
v 0.05537755 -0.10646279 0.27871654
v 0.06490154 -0.10093952 0.27798292
v 0.07447157 -0.09410092 0.27701331
v 0.08354026 -0.08615116 0.27891886
v 0.09091146 -0.07833329 0.28025575
v 0.08487704 -0.08483447 -0.39536391
v 0.07807848 -0.09113040 -0.39556398
v 0.07092582 -0.09680148 -0.39898834
v 0.06394102 -0.10155070 -0.39884812
v 0.05575974 -0.10626311 -0.39885825
v 0.04683236 -0.11048859 -0.39891892
v 0.03740834 -0.11402462 -0.39891753
v 0.02764274 -0.11677704 -0.39872389
v 0.01758999 -0.11870800 -0.39815482
v 0.00717457 -0.11978950 -0.39718405
v -0.00347795 -0.11995375 -0.39664546
v -0.01408595 -0.11917460 -0.39643329
v -0.02452380 -0.11747162 -0.39635808
v -0.03472547 -0.11487010 -0.39633402
v -0.04463226 -0.11139551 -0.39632764
v -0.05418303 -0.10707566 -0.39632674
v -0.06331374 -0.10194297 -0.39632718
v -0.07195935 -0.09603567 -0.39632772
v -0.08005608 -0.08939811 -0.39632809
v -0.08754313 -0.08208043 -0.39632830
v -0.09436381 -0.07413818 -0.39632841
v -0.10046630 -0.06563171 -0.39632846
v -0.10580417 -0.05662575 -0.39632849
v -0.11033681 -0.04718884 -0.39632850
v -0.11402972 -0.03739278 -0.39632850
v -0.11685480 -0.02731215 -0.39632850
v -0.11879054 -0.01702365 -0.39632850
v -0.11982222 -0.00660559 -0.39632850
v -0.11994197 0.00386274 -0.39632850
v -0.11914890 0.01430167 -0.39632850
v -0.11744903 0.02463176 -0.39632850
v -0.11485530 0.03477439 -0.39632850
v -0.11138745 0.04465236 -0.39632850
v -0.10707188 0.05419050 -0.39632850
v -0.10194143 0.06331622 -0.39632851
v -0.09603514 0.07196006 -0.39632851
v -0.08939796 0.08005624 -0.39632853
v -0.08208041 0.08754316 -0.39632858
v -0.07413812 0.09436386 -0.39632868
v -0.06563132 0.10046655 -0.39632888
v -0.05662391 0.10580515 -0.39632917
v -0.04718186 0.11033979 -0.39632942
v -0.03737040 0.11403706 -0.39632936
v -0.02724976 0.11686937 -0.39632916
v -0.01686981 0.11881249 -0.39633240
v -0.00626326 0.11984060 -0.39635647
v 0.00456749 0.11991720 -0.39647304
v 0.01570112 0.11897257 -0.39700756
v 0.02629355 0.11708820 -0.39986953
v 0.03618985 0.11441719 -0.40057375
v 0.04607681 0.11080580 -0.40068261
v 0.05580867 0.10623743 -0.40065189
v 0.06459995 0.10113281 -0.40086234
v 0.07278628 0.09541046 -0.39874769
v 0.08121089 0.08835037 -0.39870465
v 0.08865766 0.08087531 -0.39727688
v 0.09128440 0.07789837 0.27233419
v 0.09711223 -0.07049974 0.28047462
v 0.10235997 -0.06263733 0.27930428
v 0.11036873 -0.04711412 0.21014131
v 0.11144401 0.04451103 -0.46959035
v 0.10774664 -0.05283616 -0.21306226
v 0.10650207 -0.05530196 0.27498010
v 0.11695207 0.02689257 0.28198166
v 0.11689436 0.02714235 -0.40866322
v 0.10178866 0.06356153 0.04212682
v 0.11639390 -0.02921399 0.29477897
v 0.11255784 -0.04161406 0.21560887
v 0.10905033 -0.05009015 0.10588389
v 0.10870063 0.05084457 0.20395158
v 0.09990372 0.06648492 0.09466215
v 0.10285181 -0.06182639 0.09454251
v 0.11127163 0.04494021 0.27708807
v 0.10717253 -0.05399118 0.09591238
v 0.10068295 0.06529886 -0.20621762
v 0.09570163 -0.07240300 -0.02826181
v 0.10243167 -0.06252000 -0.03513661
v 0.09482693 0.07354489 -0.09218933
v 0.11316394 -0.03993645 0.06879005
v 0.10835766 0.05157146 0.15042520
v 0.11660037 0.02837872 -0.19528955
v 0.11361748 -0.03862727 -0.12167522
v 0.09164141 0.07747806 -0.02818916
v 0.08605269 0.08364169 -0.02811535
v 0.07318947 0.09510152 -0.09208690
v 0.06847727 0.09854878 -0.03039629
v 0.05021000 0.10899520 -0.02805872
v -0.05015605 0.10902004 -0.02746987
v -0.10885152 0.05052073 -0.02735938
v -0.10435458 -0.05925470 -0.02699191
v -0.05134320 -0.10846600 -0.02756078
v -0.00967291 -0.11961368 -0.02795895
v 0.04024059 -0.11305615 -0.02773121
v 0.08663939 -0.08303382 -0.09646132
v 0.09261147 -0.07631588 -0.09586856
v 0.10760622 -0.05312155 -0.16133637
v 0.11283872 -0.04084632 0.29157147
v 0.09685963 0.07084639 -0.02896047
v 0.09893308 -0.06792086 -0.09420601
v 0.11414551 0.03703781 -0.07698006
v 0.11379867 -0.03809017 -0.17167947
v 0.10132842 0.06429268 -0.15842956
v 0.11073961 -0.04623567 -0.14509785
v 0.11192850 -0.04327827 -0.35522106
v 0.11240602 -0.04202242 0.31407791
v 0.11196358 0.04318744 -0.27212859
v 0.10469591 -0.05864950 -0.15788423
v 0.11223323 0.04248176 0.02123970
v 0.10084542 0.06504766 -0.17641581
v 0.09825295 -0.06890106 0.06187577
v 0.09075964 0.07850915 0.06154468
v 0.09344992 0.07528685 -0.17586455
v 0.08257653 0.08707534 0.06090695
v 0.08628793 0.08339898 -0.17665595
v 0.07472845 0.09389705 0.06185442
v 0.07896827 0.09036045 -0.17799885
v 0.06666062 0.09978657 0.06241390
v 0.07127842 0.09654214 -0.17865161
v 0.05806047 0.10502371 0.06236554
v 0.06265669 0.10234812 -0.17881113
v 0.04888683 0.10959505 0.06207857
v 0.05303797 0.10764744 -0.17927690
v 0.03925604 0.11340177 0.06176602
v 0.04288872 0.11207835 -0.17928658
v 0.02927447 0.11637871 0.06153188
v 0.03272209 0.11545676 -0.17878312
v 0.01904484 0.11848330 0.06136949
v 0.02250642 0.11787476 -0.17843007
v 0.00866182 0.11969115 0.06126424
v 0.01216919 0.11938555 -0.17822289
v -0.00178569 0.11999087 0.06119478
v 0.00174628 0.11999145 -0.17808676
v -0.01221351 0.11938102 0.06114291
v -0.00869578 0.11968869 -0.17801866
v -0.02254180 0.11786800 0.06109340
v -0.01907921 0.11847777 -0.17796910
v -0.03269518 0.11546438 0.06103004
v -0.02932441 0.11636613 -0.17795332
v -0.04260726 0.11218565 0.06093476
v -0.03935065 0.11336897 -0.17793378
v -0.05223854 0.10803764 0.06078607
v -0.04908066 0.10950839 -0.17793397
v -0.06163100 0.10296901 0.06063476
v -0.05843864 0.10481375 -0.17792164
v -0.07063810 0.09701163 0.06103191
v -0.06735344 0.09932025 -0.17792473
v -0.07869046 0.09060248 0.06138258
v -0.07575560 0.09307033 -0.17791788
v -0.08612475 0.08356749 0.06131871
v -0.08358143 0.08611122 -0.17792710
v -0.09301534 0.07582312 0.06111654
v -0.09077032 0.07849680 -0.17792211
v -0.09926914 0.06742874 0.06085708
v -0.09726856 0.07028389 -0.17792840
v -0.10481804 0.05843095 0.06057689
v -0.10302639 0.06153504 -0.17792044
v -0.10963275 0.04880223 0.06039264
v -0.10800059 0.05231511 -0.17793000
v -0.11358201 0.03873145 0.06090897
v -0.11215216 0.04269533 -0.17792872
v -0.11647277 0.02889795 0.06140357
v -0.11544897 0.03274954 -0.17795111
v -0.11850401 0.01891557 0.06146329
v -0.11786523 0.02255626 -0.17796291
v -0.11969149 0.00865707 0.06139182
v -0.11938295 0.01219465 -0.17798619
v -0.11999135 -0.00175342 0.06130671
v -0.11999147 0.00174510 -0.17799231
v -0.11938384 -0.01218596 0.06123321
v -0.11968732 -0.00871462 -0.17800910
v -0.11786951 -0.02253389 0.06116962
v -0.11847350 -0.01910570 -0.17800614
v -0.11546071 -0.03270815 0.06110538
v -0.11635920 -0.02935190 -0.17801278
v -0.11217654 -0.04263124 0.06102632
v -0.11336026 -0.03937576 -0.17800006
v -0.10803812 -0.05223756 0.06091511
v -0.10949844 -0.04910284 -0.17799892
v -0.10305429 -0.06148831 0.06075177
v -0.10480294 -0.05845803 -0.17798130
v -0.09717016 -0.07041987 0.06059023
v -0.09930882 -0.06737028 -0.17797862
v -0.09043326 -0.07888487 0.06098906
v -0.09305863 -0.07576997 -0.17796190
v -0.08333557 -0.08634917 0.06136025
v -0.08609970 -0.08359330 -0.17796554
v -0.07568206 -0.09313015 0.06133291
v -0.07848515 -0.09078039 -0.17795221
v -0.06739390 -0.09929280 0.06119002
v -0.07027115 -0.09727776 -0.17795494
v -0.05854727 -0.10475312 0.06100605
v -0.06151726 -0.10303701 -0.17794546
v -0.04919600 -0.10945662 0.06077765
v -0.05228108 -0.10801707 -0.17795168
v -0.03928653 -0.11339121 0.06055365
v -0.04261899 -0.11218119 -0.17793724
v -0.02894201 -0.11646183 0.06088365
v -0.03257754 -0.11549763 -0.17790716
v -0.01886694 -0.11851176 0.06117498
v -0.02219575 -0.11793365 -0.17776597
v -0.00871385 -0.11968737 0.06105611
v -0.01151788 -0.11945014 -0.17733460
v 0.00162449 -0.11999316 0.06082429
v -0.00085959 -0.12000108 -0.17597301
v 0.01202842 -0.11939981 0.06057053
v 0.00943407 -0.11963276 -0.17446158
v 0.02238407 -0.11789806 0.06026449
v 0.01946042 -0.11841575 -0.17363380
v 0.03261977 -0.11548571 0.05986683
v 0.02930092 -0.11637205 -0.17300681
v 0.04274254 -0.11213418 0.05943818
v 0.03875130 -0.11357524 -0.17240848
v 0.05254239 -0.10789020 0.05953823
v 0.04770609 -0.11011416 -0.17214652
v 0.06141187 -0.10309986 0.05941461
v 0.05637685 -0.10593701 -0.17250566
v 0.06978753 -0.09762529 0.05859501
v 0.06497403 -0.10089288 -0.17331571
v 0.07792003 -0.09126591 0.05744143
v 0.07341547 -0.09492717 -0.17433745
v 0.08591996 -0.08377803 0.05693735
v 0.08144350 -0.08813600 -0.17585297
v 0.08900136 -0.08049693 -0.17777703
v 0.09793499 -0.06935225 -0.17975641
v 0.10497612 -0.05814647 -0.18265693
v 0.10584473 0.05654990 0.05765055
v 0.10228784 -0.06275504 0.06026625
v 0.11470373 0.03527111 -0.33610516
v 0.10107987 -0.06468274 0.15427218
v 0.09754459 -0.06990030 0.16183542
v 0.09209125 0.07694284 0.15076944
v 0.08503832 0.08467280 0.15578141
v 0.07760922 0.09153036 0.15385886
v 0.07160599 0.09629943 0.15618522
v 0.06037866 0.10370832 0.15345464
v 0.05420136 0.10706639 0.15528254
v 0.04214817 0.11235893 0.15247669
v 0.03543488 0.11465325 0.15440658
v 0.02243058 0.11788922 0.15186538
v 0.01534256 0.11901934 0.15394337
v 0.00182142 0.11999033 0.15160031
v -0.00540439 0.11988240 0.15376018
v -0.01896576 0.11849598 0.15150098
v -0.02608630 0.11713455 0.15369410
v -0.03923295 0.11340976 0.15146584
v -0.04601778 0.11083033 0.15367161
v -0.05832913 0.10487474 0.15145565
v -0.06456483 0.10115523 0.15366639
v -0.07565650 0.09315091 0.15145528
v -0.08115081 0.08840556 0.15366672
v -0.09068312 0.07859751 0.15145458
v -0.09526969 0.07297043 0.15366493
v -0.10295436 0.06165547 0.15145121
v -0.10649424 0.05531703 0.15366247
v -0.11209737 0.04283897 0.15145208
v -0.11448239 0.03598306 0.15366549
v -0.11783293 0.02272442 0.15145907
v -0.11899109 0.01556018 0.15367217
v -0.11998873 0.00192430 0.15146459
v -0.11988563 -0.00533236 0.15367528
v -0.11850093 -0.01893482 0.15146348
v -0.11713924 -0.02606524 0.15367245
v -0.11341287 -0.03922394 0.15145766
v -0.11083291 -0.04601155 0.15366683
v -0.10487617 -0.05832656 0.15145254
v -0.10115607 -0.06456352 0.15366355
v -0.09315009 -0.07565751 0.15145245
v -0.08840407 -0.08115244 0.15366484
v -0.07859470 -0.09068556 0.15145501
v -0.07296787 -0.09527165 0.15366653
v -0.06165386 -0.10295533 0.15145431
v -0.05531628 -0.10649463 0.15366468
v -0.04283971 -0.11209709 0.15145064
v -0.03598358 -0.11448222 0.15366110
v -0.02272434 -0.11783294 0.15144565
v -0.01555941 -0.11899119 0.15365472
v -0.00192420 -0.11998873 0.15143346
v 0.00532764 -0.11988584 0.15363996
v 0.01891557 -0.11850401 0.15141861
v 0.02601962 -0.11714938 0.15363704
v 0.03913436 -0.11344382 0.15147071
v 0.04585297 -0.11089862 0.15377254
v 0.05817188 -0.10496204 0.15187038
v 0.06437499 -0.10127615 0.15451638
v 0.07606057 -0.09282127 0.15320338
v 0.08200177 -0.08761682 0.15631752
v 0.09297415 -0.07587362 0.15880942
v 0.08514595 -0.08456456 -0.27617100
v 0.07886137 -0.09045376 -0.27537722
v 0.07255490 -0.09558653 -0.27522989
v 0.06019064 -0.10381756 -0.27445690
v 0.05368526 -0.10732610 -0.27655195
v 0.04129678 -0.11267464 -0.27321968
v 0.03451779 -0.11493268 -0.27489474
v 0.02165404 -0.11803432 -0.27206028
v 0.01463659 -0.11910822 -0.27402279
v 0.00120170 -0.11999814 -0.27154794
v -0.00596285 -0.11985592 -0.27365173
v -0.01951491 -0.11840678 -0.27130053
v -0.02658177 -0.11702311 -0.27347822
v -0.03974083 -0.11323279 -0.27119565
v -0.04646957 -0.11064166 -0.27341196
v -0.05878905 -0.10461762 -0.27116344
v -0.06496784 -0.10089687 -0.27339360
v -0.07605930 -0.09282231 -0.27115609
v -0.08149894 -0.08808473 -0.27338966
v -0.09102131 -0.07820562 -0.27115459
v -0.09555593 -0.07259519 -0.27338879
v -0.10321853 -0.06121219 -0.27115414
v -0.10671010 -0.05489947 -0.27338846
v -0.11227973 -0.04235870 -0.27115388
v -0.11462209 -0.03553555 -0.27338824
v -0.11792944 -0.02221813 -0.27115369
v -0.11905139 -0.01509186 -0.27338805
v -0.11999596 -0.00140241 -0.27115351
v -0.11986341 0.00581046 -0.27338790
v -0.11841647 0.01945604 -0.27115336
v -0.11703342 0.02653634 -0.27338779
v -0.11323890 0.03972340 -0.27115328
v -0.11064737 0.04645597 -0.27338778
v -0.10462056 0.05878381 -0.27115337
v -0.10089931 0.06496405 -0.27338794
v -0.09282331 0.07605807 -0.27115365
v -0.08808541 0.08149821 -0.27338825
v -0.07820569 0.09102125 -0.27115409
v -0.07259524 0.09555590 -0.27338878
v -0.06121252 0.10321834 -0.27115506
v -0.05490074 0.10670945 -0.27339018
v -0.04236389 0.11227778 -0.27115869
v -0.03554612 0.11461881 -0.27339604
v -0.02224821 0.11792377 -0.27117467
v -0.01514422 0.11904474 -0.27342102
v -0.00152392 0.11999448 -0.27123543
v 0.00561921 0.11987253 -0.27351098
v 0.01908993 0.11847604 -0.27143384
v 0.02601136 0.11715122 -0.27380530
v 0.03895248 0.11350640 -0.27204750
v 0.04550190 0.11104312 -0.27474675
v 0.05804982 0.10502960 -0.27358089
v 0.06445058 0.10122806 -0.27665100
v 0.07639703 0.09254454 -0.27498826
v 0.08223771 0.08739541 -0.27801262
v 0.09163234 0.07748879 -0.27731629
v 0.09096446 -0.07827174 -0.27092118
v 0.09643213 0.07142717 -0.27377012
v 0.10487405 0.05833037 -0.15615197
v 0.10171085 0.06368596 -0.27220525
v 0.11150807 0.04435029 0.35061218
v 0.11613711 -0.03021869 -0.32630824
v 0.11037073 -0.04710945 -0.07645047
v 0.09658695 -0.07121769 0.11187639
v 0.10003286 0.06629045 -0.22534822
v 0.11162049 -0.04406658 0.11024349
v 0.10972506 -0.04859434 -0.31896189
v 0.11379333 0.03810610 0.29359918
v 0.10910233 -0.04997678 0.36241615
v 0.11390939 -0.03775778 0.24140331
v 0.10857568 0.05111087 0.01639791
v 0.11762939 -0.02375553 -0.42003320
v 0.11774471 -0.02317716 0.29079139
v 0.10888053 0.05045818 -0.27840717
v 0.11663609 0.02823155 -0.28455491
v 0.11274927 0.04109256 0.08003906
v 0.10948344 -0.04913628 0.16279894
v 0.11703110 0.02654653 -0.24233232
v 0.11638134 0.02926402 0.35591918
v 0.11859064 -0.01836463 0.08501109
v 0.10446375 -0.05906202 -0.25146449
v 0.11686437 -0.02727116 0.16630351
v 0.11953242 -0.01063007 0.36034376
v 0.11970332 0.00849197 -0.48251822
v 0.11069030 -0.04635361 0.04259178
v 0.11692591 0.02700611 -0.36766620
v 0.11559409 -0.03223358 -0.26883673
v 0.11530635 -0.03324822 0.05292449
v 0.11743449 -0.02470097 0.24142571
v 0.11497621 0.03437250 -0.38218425
v 0.11015040 0.04762234 -0.41144343
v 0.07694392 0.09209034 -0.03987601
v 0.05945635 0.10423982 -0.03907482
v 0.06366921 0.10172134 -0.08284255
v 0.06841820 0.09858980 -0.04007528
v 0.07269832 0.09547750 -0.08136606
v 0.04572854 0.11094998 -0.08363708
v 0.05518823 0.10656105 -0.08358273
v 0.03005917 0.11617850 -0.03813545
v 0.03571659 0.11456580 -0.08502608
v 0.01006117 0.11958165 -0.03895917
v 0.01718482 0.11876733 -0.08443837
v 0.02010924 0.11830730 -0.04005783
v 0.02653392 0.11703396 -0.08644032
v -0.01013351 0.11957554 -0.03878518
v -0.00305944 0.11996515 -0.08409935
v -0.00002520 0.12000415 -0.04017546
v 0.00677031 0.11981302 -0.08613031
v -0.03014119 0.11615725 -0.03853590
v -0.02353543 0.11767362 -0.08320146
v -0.02019220 0.11829317 -0.03993187
v -0.01368780 0.11922098 -0.08562510
v -0.05009614 0.10904758 -0.03684122
v -0.04448803 0.11145319 -0.08626274
v -0.03997067 0.11315186 -0.03953505
v -0.03542374 0.11465669 -0.08344217
v -0.06263870 0.10235913 -0.08466099
v -0.05327460 0.10753053 -0.08549456
v -0.07178968 0.09616257 -0.08452031
v -0.08037597 0.08911062 -0.08448005
v -0.09241369 0.07655527 -0.03790445
v -0.08804805 0.08153857 -0.08537243
v -0.10393946 0.05997988 -0.03804642
v -0.09983813 0.06658338 -0.08386354
v -0.09842522 0.06865474 -0.03962892
v -0.09428439 0.07423915 -0.08637459
v -0.11044795 0.04692812 -0.08403267
v -0.10563668 0.05693760 -0.08438528
v -0.11444463 0.03610297 -0.08430946
v -0.11831923 0.02003889 -0.03762826
v -0.11732884 0.02519803 -0.08551383
v -0.12000405 -0.00015750 -0.03801540
v -0.11989378 0.00514594 -0.08783509
v -0.11959206 0.00993659 -0.03924103
v -0.11906753 0.01496401 -0.08732154
v -0.11828441 -0.02024343 -0.03774734
v -0.11907775 -0.01488245 -0.08808736
v -0.11956933 -0.01020653 -0.03909380
v -0.11990639 -0.00484308 -0.08805490
v -0.11317592 -0.03990250 -0.03756977
v -0.11488227 -0.03468520 -0.08788221
v -0.11615374 -0.03015472 -0.03887122
v -0.11739753 -0.02487604 -0.08805063
v -0.10443882 -0.05910611 -0.03620044
v -0.10740781 -0.05352158 -0.08680643
v -0.10936308 -0.04940360 -0.03861093
v -0.11155285 -0.04423755 -0.08756059
v -0.09575985 -0.07232599 -0.08599862
v -0.10181422 -0.06352056 -0.08438729
v -0.08516494 -0.08454543 -0.03815602
v -0.08923403 -0.08023893 -0.08613754
v -0.06953935 -0.09780224 -0.03876367
v -0.07495450 -0.09371671 -0.08383230
v -0.07762342 -0.09151832 -0.03998656
v -0.08234455 -0.08729474 -0.08672966
v -0.05142176 -0.10842878 -0.03693371
v -0.05663971 -0.10579670 -0.08630630
v -0.06099165 -0.10334900 -0.03970851
v -0.06497682 -0.10089108 -0.08370258
v -0.03770635 -0.11392642 -0.08437140
v -0.04790914 -0.11002596 -0.08534442
v -0.02094074 -0.11816295 -0.03768884
v -0.02723235 -0.11687342 -0.08484671
v -0.00631355 -0.11983796 -0.08420920
v -0.01707865 -0.11878265 -0.08480097
v 0.01071530 -0.11952481 -0.03802418
v 0.00446883 -0.11992092 -0.08510401
v 0.03034986 -0.11610290 -0.03823133
v 0.02295766 -0.11778771 -0.08353980
v 0.02056625 -0.11822871 -0.03977848
v 0.01387719 -0.11919908 -0.08607613
v 0.04328018 -0.11192776 -0.08344894
v 0.03339707 -0.11526332 -0.08393661
v 0.05293345 -0.10769887 -0.08350448
v 0.06712858 -0.09947237 -0.03871061
v 0.06162793 -0.10297085 -0.08417134
v 0.07707979 -0.09197665 -0.08435477
v 0.07437057 -0.09418076 -0.03993030
v 0.06943640 -0.09787535 -0.08439979
v 0.11009366 -0.04775337 0.06668274
v 0.11217184 -0.04264360 0.09126040
v 0.10957585 -0.04892985 0.31899665
v 0.11169918 0.04386674 -0.36521452
v 0.11802301 0.02171561 0.29641036
v 0.11186136 -0.04345153 -0.40679122
v 0.11456062 0.03573323 -0.19241330
v 0.11000076 0.04796698 0.08023855
v 0.11406441 0.03728684 0.12025643
v 0.10641564 -0.05546809 -0.48000796
v 0.11466033 -0.03541196 0.25997175
v 0.10936079 -0.04940866 0.13535041
v 0.11229656 -0.04231407 0.14328339
v 0.11022878 -0.04744063 -0.36244508
v 0.10893500 0.05034049 0.29287116
v 0.11392057 -0.03772401 0.01006206
v 0.11447530 -0.03600562 0.08608199
v 0.11233261 0.04221828 0.31999843
v 0.11780581 -0.02286457 -0.19999511
v 0.11743563 0.02469556 -0.31741559
v 0.11889890 0.01624958 -0.48162470
v 0.11876874 -0.01717510 -0.48140529
v 0.11754297 -0.02417950 -0.33634328
v 0.10631766 -0.05565568 0.29247827
v 0.10345462 -0.06081233 -0.41026964
v 0.10034308 -0.06581993 0.29430543
v 0.09720062 0.07037782 0.28921156
v 0.08908200 0.08040768 0.28968121
v 0.08180183 0.08780352 0.28989407
v 0.07472769 0.09389766 0.29046843
v 0.06752637 0.09920276 0.29127885
v 0.05989831 0.10398649 0.29193606
v 0.05151511 0.10838446 0.29251373
v 0.04243607 0.11225052 0.29288480
v 0.03282382 0.11542788 0.29298621
v 0.02280065 0.11781820 0.29285307
v 0.01247473 0.11935401 0.29266914
v 0.00198576 0.11998773 0.29259268
v -0.00853101 0.11970054 0.29261277
v -0.01897419 0.11849463 0.29266740
v -0.02925964 0.11638244 0.29271694
v -0.03931011 0.11338304 0.29274990
v -0.04905242 0.10952104 0.29276848
v -0.05841591 0.10482643 0.29277790
v -0.06733191 0.09933485 0.29278233
v -0.07573411 0.09308782 0.29278431
v -0.08355936 0.08613264 0.29278517
v -0.09074844 0.07852208 0.29278553
v -0.09724680 0.07031399 0.29278567
v -0.10300502 0.06157079 0.29278573
v -0.10797931 0.05235901 0.29278576
v -0.11213181 0.04274875 0.29278577
v -0.11543091 0.03281315 0.29278577
v -0.11785151 0.02262782 0.29278577
v -0.11937520 0.01227028 0.29278577
v -0.11999037 0.00181936 0.29278577
v -0.11969233 -0.00864541 0.29278577
v -0.11848337 -0.01904439 0.29278577
v -0.11637268 -0.02929842 0.29278577
v -0.11337632 -0.03932948 0.29278577
v -0.10951710 -0.04906122 0.29278577
v -0.10482438 -0.05841957 0.29278577
v -0.09933390 -0.06733332 0.29278578
v -0.09308741 -0.07573461 0.29278578
v -0.08613248 -0.08355953 0.29278580
v -0.07852201 -0.09074851 0.29278587
v -0.07031386 -0.09724690 0.29278607
v -0.06157024 -0.10300536 0.29278669
v -0.05235678 -0.10798039 0.29278856
v -0.04274112 -0.11213472 0.29279390
v -0.03279072 -0.11543728 0.29280823
v -0.02257065 -0.11786248 0.29284383
v -0.01214302 -0.11938821 0.29292518
v -0.00157172 -0.11999386 0.29309429
v 0.00906310 -0.11966143 0.29340326
v 0.01965209 -0.11838409 0.29384971
v 0.03009487 -0.11616926 0.29425172
v 0.04033392 -0.11302289 0.29438355
v 0.05030906 -0.10894951 0.29422982
v 0.05999921 -0.10392830 0.29402481
v 0.06944713 -0.09786774 0.29394101
v 0.07849519 -0.09077171 0.29428539
v 0.08675516 -0.08291284 0.29484446
v 0.09403037 -0.07456062 0.29488765
v 0.08239662 -0.08724561 -0.40933651
v 0.07541370 -0.09334759 -0.41057079
v 0.06816122 -0.09876764 -0.41190872
v 0.06031837 -0.10374339 -0.41272100
v 0.05171897 -0.10828733 -0.41322853
v 0.04250332 -0.11222507 -0.41351783
v 0.03283425 -0.11542491 -0.41361450
v 0.02282724 -0.11781305 -0.41351753
v 0.01254934 -0.11934619 -0.41325733
v 0.00207470 -0.11998622 -0.41298637
v -0.00846842 -0.11970499 -0.41282991
v -0.01894317 -0.11849960 -0.41276747
v -0.02924846 -0.11638525 -0.41274994
v -0.03930775 -0.11338385 -0.41274823
v -0.04905285 -0.10952085 -0.41275031
v -0.05841676 -0.10482595 -0.41275239
v -0.06733256 -0.09933441 -0.41275373
v -0.07573452 -0.09308748 -0.41275447
v -0.08355962 -0.08613239 -0.41275484
v -0.09074862 -0.07852188 -0.41275501
v -0.09724694 -0.07031381 -0.41275508
v -0.10300513 -0.06157061 -0.41275512
v -0.10797940 -0.05235883 -0.41275513
v -0.11213188 -0.04274856 -0.41275514
v -0.11543097 -0.03281296 -0.41275514
v -0.11785155 -0.02262762 -0.41275514
v -0.11937522 -0.01227008 -0.41275514
v -0.11999037 -0.00181915 -0.41275514
v -0.11969232 0.00864562 -0.41275514
v -0.11848334 0.01904459 -0.41275514
v -0.11637263 0.02929863 -0.41275514
v -0.11337625 0.03932968 -0.41275514
v -0.10951701 0.04906141 -0.41275514
v -0.10482428 0.05841975 -0.41275514
v -0.09933378 0.06733349 -0.41275514
v -0.09308728 0.07573477 -0.41275515
v -0.08613234 0.08355967 -0.41275518
v -0.07852186 0.09074864 -0.41275524
v -0.07031371 0.09724700 -0.41275539
v -0.06157011 0.10300544 -0.41275574
v -0.05235662 0.10798047 -0.41275655
v -0.04274043 0.11213498 -0.41275857
v -0.03278725 0.11543827 -0.41276423
v -0.02255710 0.11786507 -0.41278121
v -0.01210064 0.11939251 -0.41283173
v -0.00146099 0.11999526 -0.41297456
v 0.00929954 0.11964329 -0.41335001
v 0.01999513 0.11832664 -0.41416458
v 0.03043037 0.11608183 -0.41498693
v 0.04060848 0.11292453 -0.41532984
v 0.05052989 0.10884727 -0.41533480
v 0.06001334 0.10392015 -0.41508441
v 0.06894044 0.09822532 -0.41437505
v 0.07739311 0.09171317 -0.41350560
v 0.08526371 0.08444583 -0.41249493
v 0.09218959 0.07682497 -0.41110559
v 0.08933324 -0.08012846 -0.40842293
v 0.09677618 -0.07096033 -0.40813221
v 0.09802119 0.06923037 -0.41113628
v 0.10422655 0.05947962 -0.41118942
v 0.11815655 0.02097682 0.27700070
v 0.10683075 -0.05466433 -0.11364458
v 0.11448354 -0.03597938 0.12003490
v 0.11597168 0.03084747 0.15185426
v 0.11677181 -0.02766482 0.08244835
v 0.11204064 -0.04298712 0.10156130
v 0.10659311 -0.05512628 -0.08766797
v 0.11783729 0.02270178 0.19977914
v 0.11509181 0.03398345 0.08128074
v 0.10426037 0.05942031 -0.16727676
v 0.11254929 -0.04163719 -0.31213566
v 0.11305031 -0.04025698 0.16300948
v 0.11440044 0.03624274 -0.47623295
v 0.11574823 0.03167561 0.17153104
v 0.10834463 -0.05159883 -0.28838135
v 0.11537511 -0.03300882 -0.36762377
v 0.11873370 0.01741573 -0.23770828
v 0.11378560 -0.03812920 0.19458314
v 0.11758345 -0.02398187 0.30067483
v 0.11113469 0.04527779 0.30007494
v 0.11857386 0.01847260 -0.33893767
v 0.11587541 -0.03120717 -0.16657455
v 0.11772155 -0.02329453 -0.26743616
v 0.11923787 -0.01353988 -0.37557994
v 0.11892873 0.01602978 -0.38451117
v 0.11759622 -0.02391917 -0.34618599
v 0.11782600 0.02276030 0.24180510
v 0.11319009 0.03986228 0.00467930
v 0.11706910 -0.02637846 -0.29459376
v 0.11430068 -0.03655614 0.18313313
v 0.10376858 -0.06027503 -0.30947045
v 0.11552838 -0.03246830 0.22616817
v 0.11606676 -0.03048776 0.01553367
v 0.10639075 -0.05551582 -0.43447769
v 0.11923986 -0.01352234 0.07396981
v 0.11517688 -0.03369400 0.16191553
v 0.11388355 0.03783563 0.36123718
v 0.11154519 -0.04425685 -0.17587463
v 0.11658349 0.02844801 -0.48150626
v 0.11440202 0.03623778 -0.28902424
v 0.11622360 0.02988434 0.06235843
v 0.11851513 -0.01884573 0.13206425
v 0.11914834 0.01430631 0.27391879
v 0.11822480 0.02058871 -0.25079640
v 0.11947546 -0.01125222 -0.31041525
v 0.10599151 0.05627431 0.06657102
v 0.11294215 -0.04055944 -0.03186093
v 0.11839756 0.01957079 -0.40303959
v 0.11138544 0.04465738 0.14381824
v 0.11162684 0.04405049 -0.33644220
v 0.11774518 0.02317481 -0.21558329
v 0.11450781 0.03590209 -0.03604727
v 0.11879956 -0.01696063 -0.34430553
v 0.11176001 -0.04371153 -0.26118655
v 0.11001811 -0.04792716 -0.41400017
v 0.11728928 0.02538156 0.23079783
v 0.11646309 0.02893692 0.31900368
v 0.11940708 0.01195604 0.32209728
v 0.11446488 0.03603872 -0.48899755
v 0.11909850 0.01471544 -0.30163770
v 0.11805536 -0.02153902 0.18679578
v 0.11911297 0.01459789 -0.27002817
v 0.10475449 -0.05854481 0.00547220
v 0.11820870 -0.02068094 -0.37183466
v 0.11948793 0.01111904 0.22793760
v 0.10825803 0.05178027 -0.17288935
v 0.10126641 -0.06439031 -0.12721921
v 0.11439849 0.03624892 0.04250487
v 0.11900128 -0.01548204 -0.27229961
v 0.11097206 -0.04567494 -0.03976342
v 0.11084342 -0.04598624 -0.25240890
v 0.11978200 0.00729864 -0.02222032
v 0.11929128 -0.01306097 0.06652018
v 0.10953203 0.04902788 -0.26543349
v 0.11904771 0.01512089 0.13592550
v 0.11367507 0.03845746 0.33885478
v 0.11504579 -0.03413890 0.29038158
v 0.11493030 0.03452569 0.19053629
v 0.11144637 0.04450510 0.06985963
v 0.10920037 -0.04976220 -0.40374364
v 0.10734969 -0.05363806 -0.13957840
v 0.10202762 -0.06317723 0.02895835
v 0.09338353 0.07536918 0.03730002
v 0.09779820 0.06954503 -0.15123160
v 0.08959685 0.07983359 -0.15375505
v 0.08601326 0.08368224 0.03884431
v 0.08467633 0.08503480 -0.15794182
v 0.07771641 0.09143937 0.04044586
v 0.07792847 0.09125871 -0.16051765
v 0.06706528 0.09951505 0.04489748
v 0.06755402 0.09918393 -0.15801865
v 0.05873360 0.10464875 0.04434668
v 0.05819510 0.10494917 -0.15780429
v 0.04966174 0.10924609 0.04379476
v 0.04845671 0.10978591 -0.15788256
v 0.04005135 0.11312333 0.04335391
v 0.03844040 0.11368084 -0.15787610
v 0.03004029 0.11618338 0.04313440
v 0.02825249 0.11663102 -0.15781132
v 0.01977552 0.11836354 0.04304126
v 0.01793603 0.11865621 -0.15772424
v 0.00936854 0.11963791 0.04298292
v 0.00752742 0.11976784 -0.15765714
v -0.00109034 0.11999920 0.04294746
v -0.00292558 0.11996849 -0.15760666
v -0.01151619 0.11945031 0.04292255
v -0.01335655 0.11925854 -0.15757298
v -0.02183009 0.11800189 0.04289223
v -0.02369183 0.11764223 -0.15755236
v -0.03195410 0.11567166 0.04283897
v -0.03385199 0.11513054 -0.15754256
v -0.04180666 0.11248645 0.04273504
v -0.04375742 0.11174205 -0.15753853
v -0.05129259 0.10848995 0.04250352
v -0.05333193 0.10750211 -0.15753666
v -0.06022603 0.10379703 0.04185955
v -0.06250233 0.10244245 -0.15753304
v -0.06688955 0.09963326 0.03962555
v -0.07119839 0.09660117 -0.15752914
v -0.07805493 0.09115057 0.04394605
v -0.07935293 0.09002283 -0.15753297
v -0.08543066 0.08427693 0.04342523
v -0.08690160 0.08275935 -0.15753675
v -0.09239905 0.07657292 0.04299028
v -0.09378771 0.07486564 -0.15753950
v -0.09872673 0.06822046 0.04254979
v -0.09995994 0.06640037 -0.15753558
v -0.10431782 0.05931939 0.04201024
v -0.10537376 0.05742271 -0.15753753
v -0.10907372 0.05003920 0.04112116
v -0.10998672 0.04799917 -0.15755098
v -0.11218099 0.04261953 0.03907318
v -0.11375962 0.03820664 -0.15757818
v -0.11629643 0.02959965 0.04405469
v -0.11666261 0.02812178 -0.15762814
v -0.11835116 0.01984946 0.04363280
v -0.11867183 0.01783240 -0.15768283
v -0.11962464 0.00953641 0.04335478
v -0.11977441 0.00742220 -0.15772870
v -0.12000041 -0.00094861 0.04318065
v -0.11996581 -0.00303346 -0.15776295
v -0.11945837 -0.01143222 0.04307573
v -0.11924711 -0.01345826 -0.15778350
v -0.11800637 -0.02180585 0.04300583
v -0.11762451 -0.02377966 -0.15778729
v -0.11566284 -0.03198604 0.04294177
v -0.11510980 -0.03392245 -0.15777539
v -0.11245295 -0.04189666 0.04285924
v -0.11171993 -0.04381386 -0.15775168
v -0.10841036 -0.05146058 0.04272684
v -0.10747889 -0.05337871 -0.15771954
v -0.10358576 -0.06058868 0.04246627
v -0.10241794 -0.06254249 -0.15768718
v -0.09810848 -0.06910661 0.04179417
v -0.09657604 -0.07123248 -0.15765673
v -0.09335365 -0.07540619 0.03953809
v -0.08999933 -0.07937958 -0.15763056
v -0.08389804 -0.08580277 0.04388269
v -0.08273712 -0.08692277 -0.15761416
v -0.07639880 -0.09254308 0.04341785
v -0.07484674 -0.09380279 -0.15759268
v -0.06814923 -0.09877591 0.04309805
v -0.06638543 -0.09996986 -0.15757476
v -0.05937286 -0.10428740 0.04282553
v -0.05741437 -0.10537831 -0.15756011
v -0.05020519 -0.10899742 0.04247812
v -0.04799577 -0.10998820 -0.15753997
v -0.04086642 -0.11283144 0.04173859
v -0.03819112 -0.11376483 -0.15749654
v -0.03340295 -0.11526162 0.03942103
v -0.02806650 -0.11667592 -0.15739209
v -0.01973550 -0.11837021 0.04361480
v -0.01769860 -0.11869186 -0.15716018
v -0.00974701 -0.11960767 0.04296673
v -0.00721909 -0.11978682 -0.15671887
v 0.00062255 -0.12000254 0.04248254
v 0.00322381 -0.11996085 -0.15608844
v 0.01106437 -0.11949300 0.04215654
v 0.01352438 -0.11923963 -0.15548814
v 0.02140754 -0.11807928 0.04181089
v 0.02362572 -0.11765553 -0.15498162
v 0.03154454 -0.11578402 0.04123571
v 0.03347186 -0.11524163 -0.15456682
v 0.04130598 -0.11267126 0.04016156
v 0.04300222 -0.11203485 -0.15426918
v 0.04856917 -0.10973620 0.03785418
v 0.05222052 -0.10804636 -0.15415614
v 0.06044215 -0.10367133 0.04203981
v 0.06115670 -0.10325142 -0.15425516
v 0.06847890 -0.09854764 0.04064215
v 0.06982541 -0.09759820 -0.15450454
v 0.07621181 -0.09269713 0.03867066
v 0.07827401 -0.09096250 -0.15478859
v 0.08180696 -0.08779874 0.03511514
v 0.08973998 -0.07967266 0.03465903
v 0.09752556 -0.06992684 0.03234113
v 0.09260563 -0.07632296 -0.15385266
v 0.11730426 0.02531223 0.17715976
v 0.11358717 0.03871631 0.08961152
v 0.11365021 -0.03853086 -0.23442820
v 0.11901590 -0.01536925 0.24046194
v 0.11432350 0.03648472 -0.16195197
v 0.11361752 0.03862715 0.18368661
v 0.11761758 -0.02381391 -0.13396773
v 0.11450825 -0.03590068 -0.20276564
v 0.11095016 0.04572810 0.11806678
v 0.11857867 -0.01844174 0.04235506
v 0.11394444 -0.03765186 -0.48998227
v 0.10135156 0.06425619 0.25742588
v 0.09894515 0.06790328 -0.37710439
v 0.09171185 0.07739467 0.25883769
v 0.09242743 0.07653867 -0.38325710
v 0.08549364 0.08421303 0.26370993
v 0.07840021 0.09085376 0.26119595
v 0.07153120 0.09635500 0.26881029
v 0.06426099 0.10134852 0.26750256
v 0.05582748 0.10622754 0.26709666
v 0.04689592 0.11046163 0.26696999
v 0.03764725 0.11394596 0.26679591
v 0.02820552 0.11664239 0.26611897
v 0.01792317 0.11865816 0.26339418
v 0.00699861 0.11979991 0.26290822
v -0.00372685 0.11994627 0.26281485
v -0.01430149 0.11914892 0.26280570
v -0.02470033 0.11743463 0.26281547
v -0.03487461 0.11482491 0.26282707
v -0.04476453 0.11134242 0.26283596
v -0.05430463 0.10701404 0.26284168
v -0.06342735 0.10187232 0.26284496
v -0.07206565 0.09595593 0.26284672
v -0.08015483 0.08930958 0.26284760
v -0.08763375 0.08198368 0.26284802
v -0.09444566 0.07403388 0.26284821
v -0.10053875 0.06552067 0.26284830
v -0.10586667 0.05650881 0.26284833
v -0.11038888 0.04706689 0.26284835
v -0.11407097 0.03726677 0.26284836
v -0.11688490 0.02718303 0.26284837
v -0.11880928 0.01689241 0.26284838
v -0.11982944 0.00647323 0.26284838
v -0.11993764 -0.00399521 0.26284838
v -0.11913303 -0.01443325 0.26284838
v -0.11742175 -0.02476145 0.26284838
v -0.11481683 -0.03490120 0.26284838
v -0.11133807 -0.04477535 0.26284837
v -0.10701196 -0.05430872 0.26284837
v -0.10187143 -0.06342878 0.26284837
v -0.09595558 -0.07206611 0.26284837
v -0.08930946 -0.08015497 0.26284838
v -0.08198361 -0.08763381 0.26284843
v -0.07403371 -0.09444579 0.26284858
v -0.06551990 -0.10053925 0.26284904
v -0.05650581 -0.10586827 0.26285035
v -0.04705686 -0.11039316 0.26285377
v -0.03723764 -0.11408048 0.26286187
v -0.02710845 -0.11690222 0.26287934
v -0.01672141 -0.11883347 0.26291451
v -0.00611570 -0.11984822 0.26298544
v 0.00469438 -0.11991230 0.26315231
v 0.01577070 -0.11896337 0.26370929
v 0.02627617 -0.11709210 0.26649063
v 0.03601786 -0.11447145 0.26710326
v 0.04566558 -0.11097591 0.26699192
v 0.05512730 -0.10659258 0.26638832
v 0.06432736 -0.10130641 0.26510494
v 0.07323228 -0.09506856 0.26234175
v 0.08073298 -0.08878729 0.26594581
v 0.08858859 -0.08095097 0.26663416
v 0.08567574 -0.08402776 -0.38342620
v 0.07864283 -0.09064383 -0.38092998
v 0.07182645 -0.09613511 -0.38871946
v 0.06450486 -0.10119348 -0.38748684
v 0.05596657 -0.10615432 -0.38712871
v 0.04688153 -0.11046773 -0.38706621
v 0.03743369 -0.11401630 -0.38706335
v 0.02778162 -0.11674408 -0.38691982
v 0.01804804 -0.11863923 -0.38623427
v 0.00756261 -0.11976562 -0.38347558
v -0.00345223 -0.11995449 -0.38297038
v -0.01416462 -0.11916527 -0.38285581
v -0.02463563 -0.11744822 -0.38282528
v -0.03484696 -0.11483330 -0.38281674
v -0.04475445 -0.11134647 -0.38281484
v -0.05430204 -0.10701536 -0.38281495
v -0.06342753 -0.10187221 -0.38281552
v -0.07206667 -0.09595516 -0.38281605
v -0.08015600 -0.08930853 -0.38281640
v -0.08763485 -0.08198250 -0.38281661
v -0.09444664 -0.07403263 -0.38281672
v -0.10053961 -0.06551935 -0.38281677
v -0.10586740 -0.05650744 -0.38281679
v -0.11038949 -0.04706546 -0.38281680
v -0.11407145 -0.03726529 -0.38281681
v -0.11688526 -0.02718151 -0.38281681
v -0.11880950 -0.01689085 -0.38281681
v -0.11982953 -0.00647164 -0.38281680
v -0.11993758 0.00399681 -0.38281680
v -0.11913284 0.01443485 -0.38281680
v -0.11742142 0.02476303 -0.38281680
v -0.11481636 0.03490276 -0.38281680
v -0.11133747 0.04477685 -0.38281680
v -0.10701124 0.05431016 -0.38281681
v -0.10187058 0.06343013 -0.38281681
v -0.09595464 0.07206737 -0.38281682
v -0.08930842 0.08015613 -0.38281684
v -0.08198250 0.08763485 -0.38281689
v -0.07403258 0.09444667 -0.38281699
v -0.06551892 0.10053989 -0.38281714
v -0.05650535 0.10586852 -0.38281717
v -0.04705771 0.11039280 -0.38281634
v -0.03724114 0.11407934 -0.38281243
v -0.02711637 0.11690039 -0.38279986
v -0.01673533 0.11883151 -0.38276579
v -0.00613556 0.11984721 -0.38267986
v 0.00467268 0.11991315 -0.38245476
v 0.01575836 0.11896500 -0.38174042
v 0.02627172 0.11709310 -0.37862809
v 0.03603715 0.11446537 -0.37750584
v 0.04576364 0.11093551 -0.37676270
v 0.05539849 0.10645189 -0.37590186
v 0.06472990 0.10104968 -0.37414101
v 0.07082202 0.09687745 -0.38532887
v 0.07803551 0.09116720 -0.37919389
v 0.08444243 0.08526707 -0.38569388
v 0.09455463 -0.07389465 0.25969189
v 0.09186348 -0.07721463 -0.37869744
v 0.11743752 -0.02468655 0.19927899
v 0.11561709 0.03215099 0.28758517
v 0.10164230 -0.06379531 -0.37816900
v 0.10002434 -0.06630332 0.25381512
v 0.11770130 -0.02339662 -0.16812179
v 0.11832927 0.01997950 -0.14952133
v 0.11531017 -0.03323497 -0.18562212
v 0.10832449 -0.05164110 0.02116121
v 0.11938443 -0.01218017 -0.32270142
v 0.11970654 -0.00844642 0.25940679
v 0.11902377 0.01530817 -0.18123670
v 0.11498689 0.03433675 0.01714808
v 0.11686161 0.02728302 -0.34236049
v 0.10910981 0.04996046 -0.24363106
v 0.11951525 0.01082140 0.18010861
v 0.11921041 0.01377957 -0.44262343
v 0.11951780 -0.01079322 -0.44047019
v 0.11883606 0.01670297 0.04657845
v 0.10499346 -0.05811515 0.26249414
v 0.11884325 0.01665175 0.12299326
v 0.11934476 -0.01256286 -0.42902160
v 0.11920676 0.01381105 0.30412426
v 0.11880940 -0.01689151 0.30577864
v 0.11854029 0.01868683 -0.42139082
v 0.11085913 0.04594836 -0.43911710
v 0.11446256 0.03604609 -0.00369319
v 0.11859761 0.01831949 0.10230770
v 0.11081415 0.04605674 -0.39956774
v 0.11906194 0.01500839 -0.21196777
v 0.10810456 0.05209993 0.25269366
v 0.10955672 -0.04897269 -0.37374374
v 0.11963911 0.00935313 -0.40143366
v 0.11959659 -0.00988197 0.28193533
v 0.11971675 -0.00830052 -0.40581604
v 0.11613401 0.03023062 0.29857861
v 0.11869046 -0.01770796 -0.16178364
v 0.11874779 -0.01731935 -0.21816260
v 0.11293217 -0.04058722 -0.25394715
v 0.11834618 0.01987912 0.22097133
v 0.11824041 -0.02049885 -0.35381620
v 0.11670915 0.02792800 -0.45923188
v 0.11913720 -0.01439883 0.10043889
v 0.11948541 0.01114605 -0.30877689
v 0.11209037 -0.04285728 -0.05990156
v 0.11120692 0.04510009 -0.21886429
v 0.11514485 -0.03380328 -0.01379597
v 0.11731994 -0.02523947 0.33474677
v 0.11979500 0.00708207 -0.25319092
v 0.11941844 -0.01184209 0.12784850
v 0.11755440 0.02412385 0.03302403
v 0.11284010 -0.04084250 0.03408731
v 0.11977618 -0.00739355 -0.45181894
v 0.11958394 -0.01003393 0.32599884
v 0.11948292 -0.01117267 0.04847394
v 0.11817169 0.02089139 -0.28754214
v 0.11427759 0.03662828 -0.04678391
v 0.11454747 -0.03577533 -0.39010072
v 0.11497061 0.03439124 -0.41380155
v 0.11896951 0.01572428 -0.39321931
v 0.10777823 0.05277169 -0.22382857
v 0.11367540 0.03845648 0.06318100
v 0.11520414 0.03360065 -0.23479122
v 0.11590342 -0.03110296 -0.44294587
v 0.10418651 0.05954973 -0.40236769
v 0.09821637 0.06895320 -0.40320542
v 0.08870190 0.08082680 0.28148934
v 0.08157278 0.08801636 0.28259761
v 0.07446976 0.09410235 0.28366340
v 0.06729994 0.09935651 0.28473836
v 0.05971223 0.10409346 0.28498699
v 0.05130821 0.10848256 0.28524012
v 0.04224606 0.11232216 0.28538039
v 0.03267631 0.11546972 0.28526749
v 0.02267334 0.11784277 0.28485772
v 0.01231594 0.11937050 0.28442491
v 0.00177670 0.11999100 0.28421806
v -0.00877287 0.11968306 0.28417100
v -0.01922897 0.11845355 0.28418739
v -0.02951495 0.11631795 0.28421608
v -0.03955973 0.11329619 0.28423879
v -0.04929325 0.10941286 0.28425281
v -0.05864603 0.10469785 0.28426039
v -0.06754972 0.09918686 0.28426413
v -0.07593808 0.09292151 0.28426588
v -0.08374800 0.08594923 0.28426666
v -0.09092037 0.07832295 0.28426700
v -0.09740071 0.07010064 0.28426715
v -0.10313975 0.06134485 0.28426721
v -0.10809383 0.05212219 0.28426723
v -0.11222525 0.04250285 0.28426724
v -0.11550256 0.03256004 0.28426725
v -0.11790083 0.02236943 0.28426725
v -0.11940181 0.01200858 0.28426725
v -0.11999407 0.00155633 0.28426725
v -0.11967309 -0.00890776 0.28426725
v -0.11844134 -0.01930406 0.28426725
v -0.11630818 -0.02955344 0.28426725
v -0.11328984 -0.03957791 0.28426725
v -0.10940929 -0.04930116 0.28426725
v -0.10469607 -0.05864921 0.28426725
v -0.09918606 -0.06755090 0.28426725
v -0.09292117 -0.07593848 0.28426726
v -0.08594910 -0.08374814 0.28426728
v -0.07832287 -0.09092044 0.28426736
v -0.07010041 -0.09740087 0.28426760
v -0.06134389 -0.10314032 0.28426835
v -0.05211860 -0.10809556 0.28427056
v -0.04249135 -0.11222960 0.28427672
v -0.03252796 -0.11551160 0.28429274
v -0.02229084 -0.11791572 0.28433177
v -0.01183821 -0.11941882 0.28442103
v -0.00122973 -0.11999786 0.28461353
v 0.00945042 -0.11963146 0.28499773
v 0.02005435 -0.11831661 0.28562219
v 0.03044141 -0.11607893 0.28620270
v 0.04058008 -0.11293474 0.28641330
v 0.05047696 -0.10887182 0.28626514
v 0.06014361 -0.10384480 0.28589394
v 0.06964836 -0.09772463 0.28545864
v 0.07881365 -0.09049534 0.28585396
v 0.08703162 -0.08262260 0.28689549
v 0.09405466 -0.07452998 0.28730678
v 0.08198345 -0.08763397 -0.40217534
v 0.07497937 -0.09369681 -0.40369091
v 0.06778215 -0.09902817 -0.40512190
v 0.06005318 -0.10389713 -0.40551459
v 0.05148228 -0.10840006 -0.40577715
v 0.04228814 -0.11230633 -0.40592770
v 0.03265209 -0.11547657 -0.40591896
v 0.02268551 -0.11784042 -0.40567461
v 0.01242193 -0.11935951 -0.40516668
v 0.00191501 -0.11998888 -0.40465999
v -0.00867293 -0.11969034 -0.40438864
v -0.01917463 -0.11846236 -0.40428037
v -0.02949059 -0.11632413 -0.40424426
v -0.03955068 -0.11329935 -0.40423479
v -0.04929068 -0.10941401 -0.40423363
v -0.05864573 -0.10469802 -0.40423442
v -0.06755004 -0.09918665 -0.40423528
v -0.07593848 -0.09292118 -0.40423586
v -0.08374835 -0.08594889 -0.40423617
v -0.09092066 -0.07832261 -0.40423634
v -0.09740095 -0.07010030 -0.40423642
v -0.10313996 -0.06134450 -0.40423645
v -0.10809400 -0.05212182 -0.40423646
v -0.11222539 -0.04250247 -0.40423647
v -0.11550267 -0.03255965 -0.40423647
v -0.11790091 -0.02236903 -0.40423647
v -0.11940185 -0.01200817 -0.40423647
v -0.11999407 -0.00155592 -0.40423647
v -0.11967306 0.00890817 -0.40423647
v -0.11844128 0.01930447 -0.40423647
v -0.11630807 0.02955385 -0.40423647
v -0.11328970 0.03957830 -0.40423647
v -0.10940912 0.04930154 -0.40423647
v -0.10469587 0.05864957 -0.40423647
v -0.09918583 0.06755124 -0.40423648
v -0.09292092 0.07593880 -0.40423649
v -0.08594882 0.08374842 -0.40423652
v -0.07832258 0.09092068 -0.40423658
v -0.07010015 0.09740106 -0.40423673
v -0.06134371 0.10314042 -0.40423703
v -0.05211858 0.10809557 -0.40423758
v -0.04249120 0.11222966 -0.40423868
v -0.03252575 0.11551222 -0.40424161
v -0.02227964 0.11791783 -0.40425152
v -0.01179844 0.11942276 -0.40428605
v -0.00111254 0.11999900 -0.40440113
v 0.00975592 0.11960694 -0.40477657
v 0.02052951 0.11823509 -0.40600137
v 0.03087986 0.11596306 -0.40726912
v 0.04092632 0.11280973 -0.40766857
v 0.05078566 0.10872817 -0.40770545
v 0.06015248 0.10383967 -0.40760818
v 0.06887590 0.09827059 -0.40681089
v 0.07726041 0.09182498 -0.40584816
v 0.08513890 0.08457166 -0.40496562
v 0.09209233 0.07694154 -0.40387150
v 0.08885008 -0.08066388 -0.40074722
v 0.10010457 -0.06618212 0.28672716
v 0.11891979 -0.01609600 -0.24946473
v 0.10550594 -0.05717950 0.28418215
v 0.11580303 -0.03147470 -0.08742486
v 0.11384629 0.03794759 0.25690470
v 0.11806242 -0.02150030 -0.27736770
v 0.10872500 -0.05079246 0.07795926
v 0.11906271 0.01500230 0.24519640
v 0.10463908 0.05875083 0.12250051
v 0.11788383 0.02245884 0.15166859
v 0.11337712 0.03932718 -0.43505645
v 0.11207276 0.04290332 0.03506938
v 0.11661965 0.02829936 0.36853369
v 0.11695477 -0.02688083 -0.10899837
v 0.11378485 0.03813143 -0.29999316
v 0.11313959 0.04000539 0.15315512
v 0.11988388 -0.00537161 -0.16051679
v 0.11987661 -0.00553132 0.04129314
v 0.11978007 0.00733029 -0.15983983
v 0.11896666 -0.01574587 -0.33378502
v 0.10490415 0.05827621 0.14185287
v 0.11691145 0.02706863 -0.16013952
v 0.11591163 -0.03107237 -0.14476380
v 0.10964774 -0.04876854 0.30800440
v 0.11599333 0.03076598 0.09126077
v 0.11946368 -0.01137664 -0.15605946
v 0.11945777 -0.01143851 0.03610205
v 0.11612337 0.03027148 -0.22180007
v 0.11921158 -0.01376944 -0.35333086
v 0.11940236 -0.01200311 0.23096700
v 0.11924713 0.01345809 -0.35736362
v 0.11949489 0.01104398 0.01175149
v 0.08824870 0.08132136 -0.11253568
v 0.07733912 0.09175870 0.00117887
v 0.08121101 0.08835027 -0.11511624
v 0.06232874 0.10254816 -0.00465264
v 0.06554575 0.10052240 -0.11880593
v 0.07135132 0.09648828 -0.00966745
v 0.07413428 0.09436688 -0.11575281
v 0.04238477 0.11226990 -0.00124625
v 0.04681910 0.11049421 -0.12075024
v 0.05187519 0.10821258 -0.00401503
v 0.05632977 0.10596205 -0.11874640
v 0.03249146 0.11552187 -0.00395774
v 0.03700476 0.11415624 -0.12003660
v 0.01031148 0.11956033 -0.00537748
v 0.01682369 0.11881903 -0.12046781
v 0.02114854 0.11812594 -0.00595116
v 0.02697868 0.11693224 -0.12155671
v -0.01035752 0.11955634 -0.00492435
v -0.00386640 0.11994186 -0.12046522
v -0.00006888 0.12000414 -0.00507284
v 0.00648594 0.11982875 -0.12171468
v -0.03062650 0.11603023 -0.00484596
v -0.02460491 0.11745466 -0.12036708
v -0.02057163 0.11822777 -0.00483797
v -0.01430521 0.11914847 -0.12163100
v -0.05012568 0.10903400 -0.00491861
v -0.04464860 0.11138896 -0.12045579
v -0.04049949 0.11296367 -0.00491493
v -0.03480177 0.11484701 -0.12161381
v -0.06721182 0.09941614 -0.00262026
v -0.06332217 0.10193773 -0.12047057
v -0.05926011 0.10435151 -0.00406588
v -0.05421076 0.10706162 -0.12170381
v -0.07510020 0.09359999 -0.00355891
v -0.07203276 0.09598062 -0.12166720
v -0.08318718 0.08649214 -0.00424666
v -0.08014309 0.08932012 -0.12048180
v -0.09067890 0.07860239 -0.00498865
v -0.08764984 0.08196648 -0.12171107
v -0.10361456 0.06053941 -0.00547427
v -0.10054172 0.06551611 -0.12164504
v -0.09780110 0.06954095 -0.00634051
v -0.09443469 0.07404787 -0.12050838
v -0.11209357 0.04284892 -0.00145982
v -0.11047202 0.04687142 -0.12167204
v -0.10833732 0.05161418 -0.00452526
v -0.10589322 0.05645904 -0.12042934
v -0.11527680 0.03335052 -0.00339165
v -0.11418331 0.03692113 -0.12063052
v -0.11782563 0.02276222 -0.00436964
v -0.11699663 0.02669807 -0.12207614
v -0.12000409 0.00012531 -0.00513856
v -0.11985523 0.00597675 -0.12255612
v -0.11948867 0.01111108 -0.00585917
v -0.11888415 0.01635713 -0.12117691
v -0.11822721 -0.02057488 -0.00462456
v -0.11909651 -0.01473154 -0.12276695
v -0.11956005 -0.01031466 -0.00477826
v -0.11992349 -0.00439940 -0.12156077
v -0.11295516 -0.04052319 -0.00458855
v -0.11478577 -0.03500321 -0.12267955
v -0.11601885 -0.03066961 -0.00454561
v -0.11738455 -0.02493724 -0.12161882
v -0.10428820 -0.05937145 -0.00476861
v -0.10699273 -0.05434660 -0.12235637
v -0.10904204 -0.05010820 -0.00469777
v -0.11132706 -0.04480272 -0.12138762
v -0.09317923 -0.07562162 -0.00275124
v -0.09590463 -0.07213391 -0.12208705
v -0.09882276 -0.06808128 -0.00401255
v -0.10184770 -0.06346687 -0.12102448
v -0.08658590 -0.08308959 -0.00407681
v -0.08927314 -0.08019542 -0.12083252
v -0.06940566 -0.09789715 -0.00535081
v -0.07402299 -0.09445419 -0.12060086
v -0.07809517 -0.09111609 -0.00587502
v -0.08194195 -0.08767277 -0.12193582
v -0.05141675 -0.10843116 -0.00507439
v -0.05649989 -0.10587143 -0.12052564
v -0.06061767 -0.10356880 -0.00518806
v -0.06548019 -0.10056512 -0.12175618
v -0.03314200 -0.11533693 -0.00278927
v -0.03726153 -0.11407268 -0.12043878
v -0.04199852 -0.11241496 -0.00417418
v -0.04703940 -0.11040060 -0.12171552
v -0.02357696 -0.11766531 -0.00395742
v -0.02712096 -0.11689932 -0.12157524
v -0.00176968 -0.11999111 -0.00204881
v -0.00641475 -0.11983259 -0.12136224
v -0.01217344 -0.11938511 -0.00524553
v -0.01683610 -0.11881727 -0.12029417
v 0.00846044 -0.11970555 -0.00454967
v 0.00393371 -0.11993967 -0.12003353
v 0.02992934 -0.11621202 -0.00580172
v 0.02429473 -0.11751921 -0.11953675
v 0.01964812 -0.11838475 -0.00642303
v 0.01422705 -0.11915783 -0.12099700
v 0.04790726 -0.11002678 -0.00224693
v 0.04385265 -0.11170471 -0.11891321
v 0.03932152 -0.11337908 -0.00506334
v 0.03424223 -0.11501507 -0.12040177
v 0.05646895 -0.10588794 -0.00445467
v 0.05317206 -0.10758127 -0.11971580
v 0.06530041 -0.10068195 -0.00575928
v 0.06200731 -0.10274284 -0.11796360
v 0.08152213 -0.08806327 -0.00650578
v 0.07939921 -0.08998202 -0.11736532
v 0.07420498 -0.09431129 -0.00750466
v 0.07080084 -0.09689293 -0.11808945
v 0.08634531 -0.08333958 -0.11741706
v 0.08872451 -0.08080197 -0.00814011
v 0.11588928 -0.03115560 0.09179829
v 0.11940191 0.01200760 -0.15008408
v 0.11944254 -0.01159648 0.20368061
v 0.11812512 -0.02115310 0.07545676
v 0.11972704 -0.00815072 -0.19861626
v 0.11498747 0.03433482 -0.12879932
v 0.11915537 0.01424764 0.07924585
v 0.11148042 -0.04441976 -0.28153607
v 0.11522677 0.03352296 -0.24603101
v 0.10974067 -0.04855906 0.11647594
v 0.11922977 -0.01361099 0.15254310
v 0.11856575 -0.01852458 -0.31321291
v 0.11703220 -0.02654171 -0.00746568
v 0.10517900 0.05777869 -0.02430972
v 0.11983540 -0.00636206 -0.08912344
v 0.11446118 -0.03605048 0.15218053
v 0.11633562 0.02944522 0.25912847
v 0.11911460 0.01458460 0.05987390
v 0.11719441 -0.02581605 0.04746507
v 0.11258515 -0.04154014 -0.00908444
v 0.11941214 0.01190542 0.05085953
v 0.10869783 0.05085057 0.08971013
v 0.11416871 -0.03696625 -0.10220756
v 0.11598349 0.03080306 -0.13886073
v 0.11983693 0.00633301 -0.07834393
v 0.11791424 0.02229865 -0.38514400
v 0.11724248 -0.02559683 -0.36287960
v 0.11182113 -0.04355493 -0.23799365
v 0.11982312 -0.00658918 0.02735885
v 0.11988321 0.00538658 -0.14953286
v 0.11647934 -0.02887146 0.17890704
v 0.11442954 0.03615076 -0.20205510
v 0.11294949 -0.04053901 -0.02008928
v 0.11734542 -0.02512071 0.22966294
v 0.11430591 -0.03653979 -0.09436170
v 0.11515232 -0.03377783 -0.11029639
v 0.11677026 -0.02767137 -0.37440203
v 0.11807861 -0.02141120 -0.17798680
v 0.11979271 0.00712072 0.29349561
v 0.11919864 -0.01388098 -0.10580610
v 0.11454064 -0.03579721 -0.27959555
v 0.10505141 -0.05801033 -0.17035008
v 0.09050290 0.07880497 0.05156032
v 0.10025273 0.06595747 -0.16729330
v 0.09355496 0.07515629 -0.16706525
v 0.08245887 0.08718677 0.05253213
v 0.08587303 0.08382614 -0.16833219
v 0.07442265 0.09413961 0.05412042
v 0.07863394 0.09065153 -0.17030723
v 0.06673470 0.09973705 0.05475035
v 0.07135273 0.09648723 -0.17095638
v 0.05831127 0.10488467 0.05454741
v 0.06271431 0.10231282 -0.17054775
v 0.04920472 0.10945270 0.05417712
v 0.05317535 0.10757964 -0.17071180
v 0.03959477 0.11328394 0.05382863
v 0.04317451 0.11196857 -0.17066919
v 0.02961042 0.11629368 0.05359565
v 0.03302065 0.11537172 -0.17044062
v 0.01937101 0.11843041 0.05345650
v 0.02277050 0.11782403 -0.17016766
v 0.00897999 0.11966770 0.05337053
v 0.01241062 0.11936069 -0.17004273
v -0.00147156 0.11999513 0.05331524
v 0.00197782 0.11998786 -0.16990422
v -0.01189887 0.11941279 0.05327408
v -0.00847101 0.11970480 -0.16987909
v -0.02222192 0.11792873 0.05323118
v -0.01885831 0.11851313 -0.16980697
v -0.03236412 0.11555761 0.05316874
v -0.02910981 0.11642000 -0.16982407
v -0.04225414 0.11231912 0.05306071
v -0.03914178 0.11344126 -0.16977745
v -0.05184257 0.10822821 0.05285245
v -0.04888049 0.10959788 -0.16980830
v -0.06126738 0.10318579 0.05241465
v -0.05824707 0.10492033 -0.16976745
v -0.07071848 0.09695306 0.05331469
v -0.06717349 0.09944205 -0.16980026
v -0.07849070 0.09077559 0.05379275
v -0.07558741 0.09320698 -0.16976346
v -0.08585019 0.08384952 0.05358648
v -0.08342738 0.08626048 -0.16980269
v -0.09275639 0.07613968 0.05328772
v -0.09062995 0.07865882 -0.16976799
v -0.09903811 0.06776762 0.05294535
v -0.09714394 0.07045604 -0.16980457
v -0.10461244 0.05879825 0.05254070
v -0.10291769 0.06171667 -0.16976657
v -0.10949706 0.04910593 0.05202864
v -0.10791011 0.05250149 -0.16980765
v -0.11364162 0.03855619 0.05316159
v -0.11207963 0.04288536 -0.16978110
v -0.11642066 0.02910718 0.05383418
v -0.11539492 0.03293950 -0.16983977
v -0.11844585 0.01927641 0.05375728
v -0.11782858 0.02274696 -0.16983150
v -0.11966409 0.00902792 0.05360810
v -0.11936328 0.01238573 -0.16989512
v -0.11999598 -0.00140072 0.05348454
v -0.11998849 0.00193929 -0.16987974
v -0.11941763 -0.01185018 0.05339469
v -0.11970143 -0.00851858 -0.16993159
v -0.11793132 -0.02220812 0.05332525
v -0.11850540 -0.01890682 -0.16990145
v -0.11555163 -0.03238548 0.05325806
v -0.11640904 -0.02915360 -0.16993672
v -0.11230013 -0.04230459 0.05317336
v -0.11342849 -0.03917876 -0.16989074
v -0.10820251 -0.05189618 0.05304384
v -0.10958392 -0.04891179 -0.16991344
v -0.10327726 -0.06111306 0.05281511
v -0.10490546 -0.05827385 -0.16985959
v -0.09741256 -0.07008417 0.05236029
v -0.09942635 -0.06719671 -0.16988029
v -0.09035651 -0.07897278 0.05325738
v -0.09319126 -0.07560680 -0.16982860
v -0.08350997 -0.08618052 0.05375564
v -0.08624528 -0.08344310 -0.16985569
v -0.07596845 -0.09289668 0.05359592
v -0.07864425 -0.09064259 -0.16980942
v -0.06771674 -0.09907291 0.05337915
v -0.07044227 -0.09715392 -0.16983660
v -0.05890571 -0.10455198 0.05314607
v -0.06170164 -0.10292670 -0.16979315
v -0.04961748 -0.10926620 0.05283960
v -0.05247896 -0.10792107 -0.16982239
v -0.03970326 -0.11324597 0.05231476
v -0.04283561 -0.11209865 -0.16976835
v -0.02885993 -0.11648220 0.05313086
v -0.03282175 -0.11542847 -0.16974924
v -0.01914262 -0.11846754 0.05353451
v -0.02249553 -0.11787684 -0.16954977
v -0.00912122 -0.11965702 0.05325513
v -0.01193980 -0.11940871 -0.16915393
v 0.00120407 -0.11999812 0.05292869
v -0.00138022 -0.11999622 -0.16817941
v 0.01161332 -0.11944090 0.05263103
v 0.00897044 -0.11966841 -0.16715598
v 0.02196378 -0.11797707 0.05229035
v 0.01909216 -0.11847568 -0.16638266
v 0.03217530 -0.11561033 0.05180039
v 0.02899017 -0.11644985 -0.16584781
v 0.04235795 -0.11228001 0.05105770
v 0.03854574 -0.11364517 -0.16534616
v 0.05259823 -0.10786299 0.05175867
v 0.04770875 -0.11011300 -0.16516624
v 0.06108202 -0.10329562 0.05181433
v 0.05658221 -0.10582746 -0.16532626
v 0.06929007 -0.09797900 0.05079179
v 0.06528254 -0.10069353 -0.16588656
v 0.07745388 -0.09166185 0.04914098
v 0.07381478 -0.09461699 -0.16661418
v 0.08595534 -0.08374173 0.04826022
v 0.08204336 -0.08757788 -0.16807886
v 0.09405020 -0.07453562 0.04752754
v 0.08927027 -0.08019860 -0.16935094
v 0.09830946 0.06882041 0.04925795
v 0.11913690 0.01440128 0.36923890
v 0.11648427 0.02885156 -0.25404781
v 0.11905446 0.01506766 -0.49058097
v 0.11896912 -0.01572721 0.37063584
v 0.11915655 -0.01423778 -0.49096735
v 0.10748654 0.05336330 -0.23439819
v 0.10654282 -0.05522341 -0.24439551
v 0.10367557 -0.06043487 0.04864214
v 0.11396081 0.03760229 0.30459645
v 0.11143590 -0.04453133 -0.18604454
v 0.11668361 0.02803450 -0.27335752
v 0.11555255 -0.03238219 0.00751650
v 0.10565389 0.05690566 0.04689810
v 0.11923849 -0.01353441 0.09158770
v 0.11780712 0.02285781 -0.26407526
v 0.11823671 -0.02052021 0.14363489
v 0.11979906 0.00701310 0.31262285
v 0.11120734 -0.04509905 -0.29218694
v 0.11340328 0.03925168 0.01192031
v 0.11555349 0.03237882 -0.18388415
v 0.11707760 -0.02634072 0.13571295
v 0.11761280 -0.02383751 -0.44036881
v 0.11812958 0.02112820 0.28636070
v 0.11519187 -0.03364268 0.06417215
v 0.10091432 -0.06494072 0.10991057
v 0.11979666 0.00705397 0.34214445
v 0.11987062 -0.00565970 0.33852280
v 0.11987780 -0.00550550 -0.46257894
v 0.11988656 0.00531144 -0.46236248
v 0.10939101 0.04934172 0.30863682
v 0.11107623 0.04542103 0.18177872
v 0.11595379 0.03091467 -0.07913132
v 0.11697155 0.02680775 -0.30796600
v 0.11963077 0.00945915 -0.34709722
v 0.10222864 0.06285144 -0.19707766
v 0.11995973 -0.00326497 0.00922090
v 0.11616678 -0.03010445 -0.09945052
v 0.11823224 0.02054597 0.18162963
v 0.11887854 0.01639785 -0.07411450
v 0.11725048 0.02556019 -0.10936507
v 0.11898744 -0.01558804 -0.19678627
v 0.10890743 0.05040009 0.02867510
v 0.11868481 -0.01774578 -0.15084694
v 0.11395427 -0.03762208 -0.30699978
v 0.11823968 -0.02050305 -0.23076476
v 0.11553610 0.03244082 -0.16731981
v 0.11795001 0.02210867 -0.13764929
v 0.11753424 0.02422188 -0.22292314
v 0.11979650 -0.00705671 0.06689556
v 0.11129832 0.04487407 0.09788230
v 0.11624437 0.02980344 0.07362687
v 0.11358999 0.03870804 -0.22588314
v 0.11957050 0.01019284 0.08822708
v 0.11732050 0.02523686 0.14007573
v 0.11807287 -0.02144287 -0.25713892
v 0.10830530 0.05168134 -0.03195988
v 0.10273272 -0.06202408 -0.47389230
v 0.10334026 0.06100645 0.35960751
v 0.10349660 0.06074085 -0.47944129
v 0.09732892 -0.07020029 -0.47722597
v 0.09804645 0.06919459 -0.48086724
v 0.09141017 -0.07775074 -0.47762324
v 0.09217125 0.07684698 -0.48175250
v 0.08421926 -0.08548751 -0.47449201
v 0.08517119 0.08453914 0.35449073
v 0.07602427 0.09285100 0.35526205
v 0.06707312 0.09950977 0.35593802
v 0.05786429 0.10513193 0.35634528
v 0.04831963 0.10984631 0.35665354
v 0.03849310 0.11366301 0.35690963
v 0.02845672 0.11658136 0.35709618
v 0.01830300 0.11860016 0.35718897
v 0.00815210 0.11972695 0.35706031
v -0.00249459 0.11997823 0.35601826
v -0.01324699 0.11927076 0.35588232
v -0.02372679 0.11763519 0.35588928
v -0.03395224 0.11510101 0.35591184
v -0.04388419 0.11169232 0.35592838
v -0.05346514 0.10743592 0.35593794
v -0.06263109 0.10236378 0.35594288
v -0.07131670 0.09651386 0.35594525
v -0.07945797 0.08993014 0.35594633
v -0.08699386 0.08266236 0.35594681
v -0.09386744 0.07476565 0.35594701
v -0.10002653 0.06630000 0.35594709
v -0.10542434 0.05732980 0.35594713
v -0.11001979 0.04792330 0.35594714
v -0.11377793 0.03815208 0.35594714
v -0.11667014 0.02809050 0.35594714
v -0.11867442 0.01781513 0.35594715
v -0.11977552 0.00740418 0.35594715
v -0.11996506 -0.00306312 0.35594715
v -0.11924159 -0.01350710 0.35594715
v -0.11761061 -0.02384829 0.35594715
v -0.11508455 -0.03400798 0.35594715
v -0.11168263 -0.04390885 0.35594715
v -0.10743074 -0.05347555 0.35594715
v -0.10236123 -0.06263527 0.35594715
v -0.09651269 -0.07131829 0.35594716
v -0.08992964 -0.07945854 0.35594718
v -0.08266216 -0.08699406 0.35594723
v -0.07476556 -0.09386750 0.35594738
v -0.06629992 -0.10002659 0.35594776
v -0.05732952 -0.10542449 0.35594871
v -0.04792229 -0.11002023 0.35595100
v -0.03814893 -0.11377898 0.35595621
v -0.02808197 -0.11667219 0.35596743
v -0.01779473 -0.11867749 0.35599001
v -0.00736051 -0.11977822 0.35603259
v 0.00314742 -0.11996288 0.35610860
v 0.01365421 -0.11922483 0.35623924
v 0.02407817 -0.11756377 0.35645794
v 0.03432152 -0.11499144 0.35680881
v 0.04427225 -0.11153908 0.35731988
v 0.05383433 -0.10725140 0.35799457
v 0.06288395 -0.10220864 0.35897040
v 0.07114347 -0.09664163 0.36046107
v 0.07805835 -0.09114764 0.36245404
v 0.08474299 -0.08496837 0.36224932
v 0.07542769 -0.09333628 -0.47566814
v 0.06669412 -0.09976419 -0.47622949
v 0.05761343 -0.10526961 -0.47659576
v 0.04818249 -0.10990653 -0.47687821
v 0.03846154 -0.11367369 -0.47707738
v 0.02854023 -0.11656094 -0.47717494
v 0.01853866 -0.11856355 -0.47704653
v 0.00796278 -0.11973969 -0.47600347
v -0.00280542 -0.11997136 -0.47586267
v -0.01338559 -0.11925529 -0.47586496
v -0.02379209 -0.11762200 -0.47588431
v -0.03398298 -0.11509194 -0.47589907
v -0.04389829 -0.11168679 -0.47590780
v -0.05347134 -0.10743284 -0.47591243
v -0.06263369 -0.10236220 -0.47591472
v -0.07131773 -0.09651310 -0.47591580
v -0.07945836 -0.08992979 -0.47591628
v -0.08699400 -0.08266221 -0.47591650
v -0.09386749 -0.07476559 -0.47591659
v -0.10002655 -0.06629998 -0.47591663
v -0.10542435 -0.05732979 -0.47591664
v -0.11001980 -0.04792330 -0.47591665
v -0.11377793 -0.03815208 -0.47591665
v -0.11667014 -0.02809050 -0.47591665
v -0.11867442 -0.01781513 -0.47591665
v -0.11977552 -0.00740418 -0.47591665
v -0.11996506 0.00306312 -0.47591665
v -0.11924159 0.01350711 -0.47591665
v -0.11761061 0.02384830 -0.47591665
v -0.11508455 0.03400799 -0.47591665
v -0.11168263 0.04390886 -0.47591665
v -0.10743074 0.05347555 -0.47591665
v -0.10236123 0.06263527 -0.47591666
v -0.09651269 0.07131829 -0.47591666
v -0.08992963 0.07945854 -0.47591668
v -0.08266214 0.08699407 -0.47591672
v -0.07476552 0.09386754 -0.47591684
v -0.06629978 0.10002668 -0.47591714
v -0.05732915 0.10542470 -0.47591789
v -0.04792125 0.11002069 -0.47591977
v -0.03814619 0.11377990 -0.47592423
v -0.02807531 0.11667380 -0.47593423
v -0.01777993 0.11867970 -0.47595488
v -0.00733043 0.11978006 -0.47599407
v 0.00320419 0.11996137 -0.47606349
v 0.01375544 0.11921320 -0.47618300
v 0.02424925 0.11752860 -0.47639514
v 0.03457523 0.11491541 -0.47679183
v 0.04454147 0.11143184 -0.47744678
v 0.05406583 0.10713489 -0.47808627
v 0.06311610 0.10206545 -0.47881567
v 0.07150395 0.09637522 -0.47983944
v 0.07863499 0.09065063 -0.48153925
v 0.08558974 0.08411536 -0.48146808
v 0.09228618 0.07670893 0.35874170
v 0.09133573 -0.07783818 0.36138856
v 0.09825854 0.06889309 0.35954895
v 0.09747755 -0.06999375 0.36043976
v 0.10818637 0.05192983 -0.47743973
v 0.10976894 0.04849513 -0.08932357
v 0.10262815 -0.06219696 0.35925761
v 0.11101950 -0.04555949 0.35193856
v 0.10758520 0.05316410 0.35570221
v 0.10642024 -0.05545928 0.35372981
v 0.10207249 -0.06310471 -0.04620708
v 0.10077755 0.06515277 -0.07867911
v 0.09767831 -0.06971331 -0.03899566
v 0.09599838 0.07200909 -0.08221072
v 0.10966025 -0.04874041 -0.48075925
v 0.08410586 -0.08559908 -0.08583885
v 0.08068755 0.08882858 -0.08015231
v 0.08372485 0.08597178 -0.03835597
v 0.04975250 0.10920479 -0.03862310
v 0.03940315 0.11335074 -0.03791878
v -0.05992127 0.10397327 -0.03956480
v -0.06916382 0.09806816 -0.04040606
v -0.07861586 0.09066722 -0.04045483
v -0.08619942 0.08349047 -0.03819483
v -0.10891348 0.05038702 -0.03747701
v -0.11308647 0.04015530 -0.03874918
v -0.11627156 0.02969718 -0.03758436
v -0.09853024 -0.06850394 -0.03930191
v -0.09186087 -0.07721773 -0.03801752
v -0.04116814 -0.11272170 -0.03968942
v -0.03072316 -0.11600468 -0.03800056
v -0.00991691 -0.11959370 -0.03816673
v 0.00115457 -0.11999861 -0.03780626
v 0.04028065 -0.11304188 -0.03779316
v 0.05000187 -0.10909084 -0.03928800
v 0.05922224 -0.10437300 -0.03845012
v 0.08127443 -0.08829193 -0.04193764
v 0.08760934 -0.08200976 -0.04412469
v 0.08689998 0.08276105 -0.07802687
v 0.10827111 -0.05175291 -0.03605172
v 0.09399501 0.07460521 -0.03992269
v 0.09449952 -0.07396511 -0.08384421
v 0.11041886 -0.04699652 -0.43313343
v 0.10382772 0.06017310 -0.08687706
v 0.11813466 0.02109979 0.36082813
v 0.11164128 0.04401389 -0.48206269
v 0.11030491 -0.04726336 -0.03163892
v 0.10622929 0.05582414 -0.48548191
v 0.10061364 -0.06540560 -0.48349033
v 0.10098888 0.06482471 0.36624822
v 0.10100047 0.06480666 -0.48672103
v 0.09469806 -0.07371075 -0.48477367
v 0.08805172 -0.08153461 -0.48405601
v 0.09520339 0.07305691 -0.48748739
v 0.08029377 -0.08918469 -0.48348610
v 0.08081275 0.08871470 0.36339748
v 0.07213040 0.09590726 0.36375534
v 0.06319070 0.10201928 0.36410393
v 0.05390044 0.10721819 0.36434607
v 0.04426928 0.11154026 0.36453441
v 0.03435937 0.11498014 0.36467965
v 0.02424897 0.11752866 0.36476617
v 0.01402099 0.11918226 0.36473516
v 0.00359718 0.11995023 0.36437301
v -0.00701901 0.11979871 0.36400651
v -0.01757407 0.11871036 0.36394222
v -0.02792193 0.11671060 0.36394516
v -0.03801959 0.11382227 0.36395619
v -0.04780967 0.11006922 0.36396421
v -0.05722724 0.10548005 0.36396875
v -0.06620530 0.10008924 0.36397105
v -0.07467776 0.09393737 0.36397214
v -0.08258116 0.08707095 0.36397262
v -0.08985578 0.07954204 0.36397283
v -0.09644644 0.07140785 0.36397292
v -0.10230305 0.06273024 0.36397296
v -0.10738107 0.05357523 0.36397297
v -0.11164184 0.04401248 0.36397298
v -0.11505295 0.03411477 0.36397298
v -0.11758843 0.02395743 0.36397298
v -0.11922900 0.01361775 0.36397298
v -0.11996216 0.00317444 0.36397298
v -0.11978234 -0.00729303 0.36397298
v -0.11869091 -0.01770499 0.36397298
v -0.11669616 -0.02798222 0.36397298
v -0.11381329 -0.03804648 0.36397298
v -0.11006422 -0.04782118 0.36397298
v -0.10547750 -0.05723193 0.36397298
v -0.10008804 -0.06620712 0.36397298
v -0.09393684 -0.07467843 0.36397299
v -0.08707073 -0.08258139 0.36397302
v -0.07954196 -0.08985586 0.36397308
v -0.07140781 -0.09644648 0.36397325
v -0.06273014 -0.10230312 0.36397366
v -0.05357486 -0.10738125 0.36397469
v -0.04401127 -0.11164232 0.36397705
v -0.03411129 -0.11505398 0.36398227
v -0.02394861 -0.11759023 0.36399310
v -0.01359787 -0.11923127 0.36401420
v -0.00313415 -0.11996322 0.36405310
v 0.00736661 -0.11977784 0.36412169
v 0.01782542 -0.11867288 0.36423845
v 0.02815584 -0.11665439 0.36442878
v 0.03826223 -0.11374093 0.36471639
v 0.04804835 -0.10996524 0.36511577
v 0.05740997 -0.10538071 0.36567538
v 0.06618323 -0.10010383 0.36649744
v 0.07410855 -0.09438708 0.36758919
v 0.08135219 -0.08822029 0.36815577
v 0.08825455 -0.08131502 0.36785119
v 0.07179314 -0.09615999 -0.48396060
v 0.06297332 -0.10215361 -0.48427212
v 0.05376708 -0.10728513 -0.48449052
v 0.04421030 -0.11156365 -0.48464955
v 0.03437395 -0.11497578 -0.48474228
v 0.02433908 -0.11751003 -0.48471332
v 0.01402880 -0.11918134 -0.48435122
v 0.00344424 -0.11995472 -0.48398319
v -0.00716306 -0.11979019 -0.48391633
v -0.01764469 -0.11869989 -0.48391710
v -0.02795515 -0.11670265 -0.48392676
v -0.03803485 -0.11381717 -0.48393408
v -0.04781645 -0.11006628 -0.48393833
v -0.05723012 -0.10547849 -0.48394054
v -0.06620646 -0.10008847 -0.48394161
v -0.07467821 -0.09393702 -0.48394210
v -0.08258132 -0.08707080 -0.48394232
v -0.08985584 -0.07954198 -0.48394242
v -0.09644646 -0.07140783 -0.48394246
v -0.10230306 -0.06273023 -0.48394247
v -0.10738107 -0.05357522 -0.48394248
v -0.11164184 -0.04401248 -0.48394248
v -0.11505295 -0.03411477 -0.48394249
v -0.11758843 -0.02395743 -0.48394249
v -0.11922900 -0.01361775 -0.48394249
v -0.11996216 -0.00317444 -0.48394249
v -0.11978234 0.00729303 -0.48394249
v -0.11869091 0.01770500 -0.48394249
v -0.11669616 0.02798222 -0.48394249
v -0.11381328 0.03804648 -0.48394249
v -0.11006422 0.04782118 -0.48394249
v -0.10547750 0.05723194 -0.48394249
v -0.10008803 0.06620712 -0.48394249
v -0.09393684 0.07467843 -0.48394250
v -0.08707072 0.08258140 -0.48394251
v -0.07954194 0.08985588 -0.48394256
v -0.07140775 0.09644652 -0.48394270
v -0.06272998 0.10230321 -0.48394303
v -0.05357442 0.10738147 -0.48394385
v -0.04401010 0.11164278 -0.48394583
v -0.03410835 0.11505485 -0.48395037
v -0.02394183 0.11759161 -0.48396008
v -0.01358347 0.11923291 -0.48397926
v -0.00310583 0.11996396 -0.48401471
v 0.00741880 0.11977462 -0.48407773
v 0.01791554 0.11865931 -0.48419042
v 0.02829482 0.11662076 -0.48439616
v 0.03843272 0.11368344 -0.48474136
v 0.04821482 0.10989235 -0.48516954
v 0.05757041 0.10529314 -0.48563558
v 0.06639100 0.09996616 -0.48623216
v 0.07443111 0.09413293 -0.48709026
v 0.08182782 0.08777930 -0.48762296
v 0.08880430 0.08071428 -0.48770732
v 0.08865569 0.08087748 0.36446946
v 0.09473787 -0.07365958 0.36724404
v 0.09528182 0.07295459 0.36599756
v 0.10058121 -0.06545546 0.36632625
v 0.10596516 0.05632390 0.36488207
v 0.10587330 -0.05649639 0.36302715
v 0.11761295 -0.02383677 -0.48077199
v 0.11167920 0.04391758 -0.03904083
v 0.10566700 0.05688131 0.19418218
v 0.11223969 0.04246469 -0.08343457
v 0.09968559 0.06681154 0.11930936
v 0.10301048 -0.06156167 -0.24078246
v 0.11747824 0.02449205 0.09709501
v 0.11428324 -0.03661064 0.35572940
v 0.09842793 0.06865085 0.19444348
v 0.09958985 -0.06695416 -0.31390717
v 0.10592134 -0.05640628 -0.27696998
v 0.10506340 -0.05798862 -0.42768617
v 0.09942183 -0.06720341 -0.42415883
v 0.09731749 -0.07021611 0.30611768
v 0.09266777 -0.07624750 -0.42038967
v 0.09035499 -0.07897451 0.30799805
v 0.08615293 -0.08353844 -0.41975488
v 0.08511631 0.08459440 0.30130121
v 0.07840301 0.09085134 0.30055056
v 0.07150788 0.09637231 0.30094699
v 0.06433170 0.10130365 0.30193573
v 0.05648454 0.10587962 0.30327942
v 0.04772185 0.11010732 0.30425706
v 0.03830537 0.11372641 0.30483160
v 0.02843977 0.11658549 0.30510681
v 0.01826343 0.11860626 0.30522447
v 0.00788960 0.11974453 0.30532213
v -0.00257974 0.11997643 0.30545987
v -0.01305240 0.11929222 0.30560921
v -0.02343408 0.11769385 0.30572507
v -0.03363168 0.11519509 0.30579781
v -0.04356268 0.11181812 0.30583804
v -0.05315308 0.10759065 0.30585849
v -0.06233315 0.10254548 0.30586825
v -0.07103569 0.09672088 0.30587268
v -0.07919609 0.09016084 0.30587462
v -0.08675311 0.08291499 0.30587543
v -0.09364963 0.07503829 0.30587577
v -0.09983332 0.06659058 0.30587591
v -0.10525719 0.05763611 0.30587597
v -0.10987998 0.04824301 0.30587599
v -0.11366651 0.03848276 0.30587600
v -0.11658797 0.02842963 0.30587600
v -0.11862212 0.01816014 0.30587600
v -0.11975349 0.00775244 0.30587601
v -0.11997346 -0.00271427 0.30587601
v -0.11928036 -0.01316031 0.30587601
v -0.11767946 -0.02350620 0.30587601
v -0.11518296 -0.03367320 0.30587601
v -0.11180984 -0.04358392 0.30587601
v -0.10758578 -0.05316293 0.30587601
v -0.10254293 -0.06233735 0.30587601
v -0.09671966 -0.07103735 0.30587601
v -0.09016030 -0.07919670 0.30587603
v -0.08291477 -0.08675333 0.30587607
v -0.07503818 -0.09364972 0.30587620
v -0.06659040 -0.09983345 0.30587658
v -0.05763539 -0.10525759 0.30587768
v -0.04824025 -0.10988119 0.30588078
v -0.03847380 -0.11366954 0.30588911
v -0.02840466 -0.11659405 0.30590990
v -0.01809985 -0.11863133 0.30595730
v -0.00762520 -0.11976166 0.30605438
v 0.00295099 -0.11996787 0.30622868
v 0.01355465 -0.11923619 0.30648932
v 0.02411608 -0.11755600 0.30678218
v 0.03459303 -0.11491005 0.30696153
v 0.04485747 -0.11130501 0.30675206
v 0.05471016 -0.10680728 0.30649642
v 0.06421236 -0.10137934 0.30661728
v 0.07347893 -0.09487805 0.30701569
v 0.08219626 -0.08743439 0.30712433
v 0.07946214 -0.08992645 -0.42038392
v 0.07257476 -0.09557145 -0.42172468
v 0.06513000 -0.10079227 -0.42332185
v 0.05682565 -0.10569694 -0.42443509
v 0.04783689 -0.11005739 -0.42511553
v 0.03833849 -0.11371525 -0.42549781
v 0.02846394 -0.11657960 -0.42568363
v 0.01830764 -0.11859944 -0.42574580
v 0.00794223 -0.11974105 -0.42575615
v -0.00254645 -0.11997714 -0.42576751
v -0.01304495 -0.11929303 -0.42578667
v -0.02344021 -0.11769263 -0.42580649
v -0.03364043 -0.11519253 -0.42582223
v -0.04356945 -0.11181548 -0.42583277
v -0.05315719 -0.10758862 -0.42583900
v -0.06233531 -0.10254417 -0.42584235
v -0.07103671 -0.09672013 -0.42584403
v -0.07919655 -0.09016043 -0.42584483
v -0.08675332 -0.08291477 -0.42584519
v -0.09364974 -0.07503815 -0.42584534
v -0.09983339 -0.06659048 -0.42584541
v -0.10525724 -0.05763603 -0.42584544
v -0.10988001 -0.04824293 -0.42584545
v -0.11366653 -0.03848268 -0.42584546
v -0.11658799 -0.02842955 -0.42584546
v -0.11862213 -0.01816006 -0.42584546
v -0.11975349 -0.00775235 -0.42584546
v -0.11997346 0.00271435 -0.42584546
v -0.11928035 0.01316040 -0.42584546
v -0.11767945 0.02350629 -0.42584546
v -0.11518293 0.03367328 -0.42584546
v -0.11180981 0.04358400 -0.42584546
v -0.10758574 0.05316301 -0.42584546
v -0.10254289 0.06233743 -0.42584546
v -0.09671961 0.07103742 -0.42584547
v -0.09016025 0.07919677 -0.42584548
v -0.08291470 0.08675339 -0.42584552
v -0.07503810 0.09364978 -0.42584563
v -0.06659028 0.09983352 -0.42584592
v -0.05763514 0.10525772 -0.42584665
v -0.04823948 0.10988153 -0.42584859
v -0.03847102 0.11367048 -0.42585386
v -0.02839556 0.11659627 -0.42586821
v -0.01807399 0.11863528 -0.42590595
v -0.00756266 0.11976562 -0.42599820
v 0.00307684 0.11996471 -0.42620093
v 0.01375367 0.11921340 -0.42657250
v 0.02434944 0.11750788 -0.42704269
v 0.03478112 0.11485326 -0.42735296
v 0.04498556 0.11125330 -0.42737085
v 0.05487207 0.10672419 -0.42714004
v 0.06429769 0.10132524 -0.42650286
v 0.07313472 0.09514363 -0.42566986
v 0.08144284 0.08813661 -0.42483614
v 0.08904333 0.08045050 -0.42330902
v 0.09253981 0.07640275 0.30416017
v 0.10005407 0.06625844 0.30484055
v 0.10540206 -0.05737076 0.15575308
v 0.10344543 0.06082796 0.15498782
v 0.10085754 -0.06502888 -0.27943190
v 0.09814501 0.06905473 0.15283444
v 0.06649457 0.09989730 0.15613655
v 0.04881301 0.10962795 0.15511688
v 0.02960090 0.11629611 0.15435264
v 0.00924390 0.11964760 0.15399314
v -0.01155648 0.11944641 0.15385700
v -0.03208514 0.11563538 0.15380859
v -0.05167088 0.10831029 0.15379287
v -0.06969537 0.09769111 0.15379035
v -0.08560138 0.08410352 0.15379051
v -0.09890567 0.06796078 0.15378790
v -0.10920512 0.04975177 0.15378667
v -0.11618535 0.03003269 0.15379152
v -0.11963497 0.00940590 0.15379780
v -0.11945137 -0.01150513 0.15379902
v -0.11563950 -0.03207031 0.15379482
v -0.10831239 -0.05166646 0.15378936
v -0.09769130 -0.06969511 0.15378752
v -0.08410142 -0.08560344 0.15378958
v -0.06795857 -0.09890718 0.15379031
v -0.04975174 -0.10920514 0.15378758
v -0.03003302 -0.11618526 0.15378354
v -0.00940543 -0.11963501 0.15377464
v 0.01149301 -0.11945254 0.15375818
v 0.03199685 -0.11565984 0.15377434
v 0.05146454 -0.10840848 0.15401781
v 0.06963473 -0.09773434 0.15512053
v 0.08742718 -0.08220393 0.15661968
v 0.06677062 -0.09971300 -0.27656441
v 0.04804349 -0.10996736 -0.27622718
v 0.02871860 -0.11651712 -0.27467507
v 0.00858617 -0.11969660 -0.27400408
v -0.01209612 -0.11939297 -0.27370710
v -0.03257184 -0.11549923 -0.27357243
v -0.05211273 -0.10809839 -0.27352554
v -0.07008603 -0.09741122 -0.27351364
v -0.08593485 -0.08376276 -0.27351118
v -0.09917415 -0.06756839 -0.27351058
v -0.10940050 -0.04932068 -0.27351030
v -0.11630287 -0.02957432 -0.27351009
v -0.11967149 -0.00892932 -0.27350992
v -0.11940397 0.01198710 -0.27350976
v -0.11550838 0.03253938 -0.27350967
v -0.10810308 0.05210300 -0.27350971
v -0.09741306 0.07008348 -0.27350992
v -0.08376316 0.08593445 -0.27351028
v -0.06756853 0.09917405 -0.27351096
v -0.04932348 0.10939923 -0.27351316
v -0.02959274 0.11629818 -0.27352269
v -0.00901080 0.11966538 -0.27356075
v 0.01171572 0.11943090 -0.27369104
v 0.03186887 0.11569517 -0.27411191
v 0.05112165 0.10857060 -0.27540165
v 0.06989419 0.09754896 -0.27724458
v 0.08692254 0.08273736 -0.27872178
v 0.09754208 -0.06990380 -0.26761357
v 0.09267802 -0.07623505 -0.11737455
v 0.11280618 -0.04093610 0.27132414
v 0.10654401 0.05522113 -0.34833709
v 0.10386317 0.06011189 0.22931875
v 0.10441003 -0.05915694 -0.34840127
v 0.09689769 -0.07079432 -0.34990899
v 0.09643174 0.07142770 0.23014306
v 0.09407623 0.07450276 -0.34277427
v 0.08809501 -0.08148783 -0.34957452
v 0.08910855 -0.08037826 0.22806738
v 0.08328494 0.08639802 0.22480768
v 0.07426690 0.09426254 0.22446850
v 0.06520350 0.10074473 0.22466337
v 0.05598134 0.10614653 0.22545631
v 0.04665208 0.11056483 0.22638710
v 0.03711419 0.11412070 0.22720645
v 0.02726139 0.11686665 0.22805286
v 0.01703573 0.11878881 0.22895132
v 0.00653829 0.11982591 0.22952257
v -0.00402422 0.11993667 0.22978089
v -0.01452035 0.11912245 0.22988350
v -0.02487487 0.11739778 0.22992227
v -0.03502268 0.11477983 0.22993707
v -0.04489633 0.11128934 0.22994316
v -0.05442562 0.10695256 0.22994592
v -0.06354002 0.10180208 0.22994726
v -0.07217076 0.09587690 0.22994792
v -0.08025228 0.08922202 0.22994824
v -0.08772308 0.08188809 0.22994838
v -0.09452627 0.07393093 0.22994844
v -0.10061007 0.06541109 0.22994846
v -0.10592817 0.05639345 0.22994847
v -0.11044008 0.04694662 0.22994849
v -0.11411148 0.03714252 0.22994852
v -0.11691443 0.02705577 0.22994856
v -0.11882759 0.01676312 0.22994861
v -0.11983641 0.00634291 0.22994865
v -0.11993322 -0.00412558 0.22994867
v -0.11911728 -0.01456268 0.22994867
v -0.11739479 -0.02488899 0.22994864
v -0.11477885 -0.03502591 0.22994860
v -0.11128936 -0.04489630 0.22994855
v -0.10695286 -0.05442502 0.22994851
v -0.10180237 -0.06353955 0.22994849
v -0.09587710 -0.07217050 0.22994848
v -0.08922212 -0.08025217 0.22994848
v -0.08188812 -0.08772306 0.22994850
v -0.07393087 -0.09452632 0.22994856
v -0.06541082 -0.10061025 0.22994868
v -0.05639237 -0.10592874 0.22994895
v -0.04694271 -0.11044175 0.22994933
v -0.03712999 -0.11411556 0.22994886
v -0.02702086 -0.11692250 0.22994301
v -0.01667855 -0.11883949 0.22991664
v -0.00616501 -0.11984570 0.22982888
v 0.00444432 -0.11992183 0.22958706
v 0.01501307 -0.11906135 0.22903733
v 0.02532517 -0.11730146 0.22818461
v 0.03526008 -0.11470712 0.22745839
v 0.04481111 -0.11132368 0.22691354
v 0.05392979 -0.10720343 0.22644215
v 0.06256534 -0.10240399 0.22606377
v 0.07086237 -0.09684794 0.22613465
v 0.07937885 -0.08999998 0.22713941
v 0.08360987 -0.08608361 -0.34400525
v 0.07472444 -0.09390024 -0.34372774
v 0.06574655 -0.10039118 -0.34358112
v 0.05630920 -0.10597298 -0.34398567
v 0.04658825 -0.11059174 -0.34484368
v 0.03678868 -0.11422605 -0.34589731
v 0.02691113 -0.11694780 -0.34687184
v 0.01685030 -0.11881526 -0.34785300
v 0.00651862 -0.11982698 -0.34884289
v -0.00400207 -0.11993741 -0.34946348
v -0.01451190 -0.11912348 -0.34974240
v -0.02488172 -0.11739633 -0.34985097
v -0.03503658 -0.11477559 -0.34988979
v -0.04491140 -0.11128326 -0.34990309
v -0.05443941 -0.10694554 -0.34990770
v -0.06355204 -0.10179458 -0.34990943
v -0.07218123 -0.09586901 -0.34991014
v -0.08026152 -0.08921371 -0.34991046
v -0.08773130 -0.08187928 -0.34991059
v -0.09453357 -0.07392159 -0.34991065
v -0.10061647 -0.06540125 -0.34991067
v -0.10593367 -0.05638312 -0.34991068
v -0.11044466 -0.04693585 -0.34991067
v -0.11411511 -0.03713137 -0.34991066
v -0.11691708 -0.02704429 -0.34991066
v -0.11882924 -0.01675138 -0.34991065
v -0.11983704 -0.00633099 -0.34991064
v -0.11993281 0.00413759 -0.34991064
v -0.11911581 0.01457468 -0.34991064
v -0.11739227 0.02490085 -0.34991064
v -0.11477531 0.03503750 -0.34991064
v -0.11128484 0.04490750 -0.34991065
v -0.10694742 0.05443573 -0.34991066
v -0.10179606 0.06354966 -0.34991067
v -0.09586998 0.07217994 -0.34991069
v -0.08921428 0.08026088 -0.34991072
v -0.08187964 0.08773097 -0.34991077
v -0.07392189 0.09453334 -0.34991087
v -0.06540166 0.10061621 -0.34991105
v -0.05638377 0.10593332 -0.34991129
v -0.04693652 0.11044438 -0.34991110
v -0.03713057 0.11411537 -0.34990847
v -0.02703772 0.11691860 -0.34989692
v -0.01673074 0.11883215 -0.34985991
v -0.00628670 0.11983937 -0.34976251
v 0.00420330 0.11993052 -0.34954662
v 0.01462170 0.11911005 -0.34915020
v 0.02483564 0.11740608 -0.34857216
v 0.03475000 0.11486268 -0.34787937
v 0.04433191 0.11151538 -0.34704446
v 0.05359890 0.10736925 -0.34602176
v 0.06264431 0.10235569 -0.34513136
v 0.07168483 0.09624076 -0.34517464
v 0.08089322 0.08864133 -0.34644501
v 0.08570010 0.08400292 -0.34225030
v 0.08769158 0.08192182 0.23027571
v 0.09456032 -0.07388737 0.22479230
v 0.10179402 0.06355293 -0.34410134
v 0.09483627 -0.07353285 -0.00412533
v 0.09432161 0.07419186 -0.11574623
v 0.11046907 -0.04687839 0.12499946
v 0.09944596 -0.06716769 0.22293900
v 0.10652148 -0.05526457 0.22659630
v 0.10476895 0.05851892 -0.28069282
v 0.10888040 0.05045847 0.05226285
v 0.10488668 0.05830765 -0.18013839
v 0.10587715 0.05648918 -0.10714011
v 0.08828081 0.08128651 -0.04609505
v 0.08871308 -0.08081453 -0.07764343
v 0.10557148 -0.05705841 -0.04120356
v 0.09309796 -0.07572165 -0.04723242
v 0.09221455 0.07679501 -0.07507247
v 0.11614471 -0.03018949 -0.19396209
v 0.11280331 0.04094401 -0.24296174
v 0.10893130 0.05034849 0.04086843
v 0.10711482 0.05410558 -0.14906936
v 0.11313099 -0.04002971 0.20592490
v 0.10956341 0.04895771 0.24296883
v 0.11191183 -0.04332136 -0.39680302
v 0.11635407 -0.02937224 -0.23466471
v 0.10758931 -0.05315580 0.19399123
v 0.10539601 0.05738186 0.27988236
v 0.10536734 -0.05743449 -0.40070967
v 0.11493994 0.03449359 -0.45469708
v 0.09697053 -0.07069451 -0.39723057
v 0.09726350 0.07029089 0.27752410
v 0.10958930 -0.04889973 -0.09251283
v 0.10644230 0.05541692 -0.31063178
v 0.10578121 -0.05666863 0.02754555
v 0.11792421 0.02224586 0.12936298
v 0.11332829 0.03946768 -0.06788588
v 0.10733838 -0.05366069 -0.00416859
v 0.09876540 -0.06816446 0.05116115
v 0.11815231 0.02100069 0.32557543
v 0.10522784 0.05768967 0.02329664
v 0.11245091 -0.04190216 -0.33487608
v 0.11277635 0.04101819 -0.12855670
v 0.09961380 -0.06691852 -0.00417017
v 0.11806072 0.02150961 -0.48553917
v 0.09895044 0.06789557 -0.11508433
v 0.09706167 0.07056932 -0.17213451
v 0.08653253 0.08314517 0.05706078
v 0.08985473 0.07954323 -0.17240296
v 0.07858835 0.09069106 0.05786954
v 0.08249297 0.08715450 -0.17404687
v 0.06250252 0.10244234 0.05921593
v 0.06711882 0.09947895 -0.17526096
v 0.07068679 0.09697616 0.05905018
v 0.07514819 0.09356147 -0.17524301
v 0.04425491 0.11154596 0.05863242
v 0.04807189 0.10995495 -0.17569665
v 0.05365165 0.10734290 0.05897429
v 0.05799376 0.10506056 -0.17538570
v 0.03444013 0.11495597 0.05834886
v 0.03793608 0.11385013 -0.17537245
v 0.01399873 0.11918487 0.05803264
v 0.01745947 0.11872727 -0.17477858
v 0.02431977 0.11751403 0.05815841
v 0.02775080 0.11675141 -0.17502378
v -0.00687821 0.11980688 0.05789918
v -0.00338020 0.11995654 -0.17453563
v 0.00357007 0.11995104 0.05795619
v 0.00706471 0.11979602 -0.17463138
v -0.02751117 0.11680810 0.05779977
v -0.02413125 0.11755289 -0.17445235
v -0.01726492 0.11875572 0.05785570
v -0.01380503 0.11920746 -0.17448614
v -0.04730631 0.11028650 0.05758589
v -0.04417008 0.11157958 -0.17442777
v -0.03754494 0.11397972 0.05772242
v -0.03427942 0.11500400 -0.17444017
v -0.06618762 0.10010094 0.05728711
v -0.06287647 0.10221325 -0.17441804
v -0.05680008 0.10571069 0.05735821
v -0.05372701 0.10730520 -0.17442613
v -0.07474115 0.09388694 0.05811700
v -0.07154839 0.09634223 -0.17441915
v -0.08237185 0.08726899 0.05819202
v -0.07967564 0.08973734 -0.17441793
v -0.08953569 0.07990218 0.05799429
v -0.08719625 0.08244884 -0.17442274
v -0.10204663 0.06314652 0.05740710
v -0.10019329 0.06604773 -0.17442200
v -0.09612789 0.07183610 0.05772411
v -0.09405250 0.07453271 -0.17442163
v -0.11173405 0.04377786 0.05705350
v -0.11014695 0.04763031 -0.17442857
v -0.10724815 0.05384079 0.05706559
v -0.10557172 0.05705794 -0.17442166
v -0.11514401 0.03380612 0.05806919
v -0.11388251 0.03783875 -0.17443978
v -0.11756694 0.02406269 0.05828624
v -0.11674945 0.02775902 -0.17446379
v -0.11994986 0.00360943 0.05810901
v -0.11979648 0.00705696 -0.17450542
v -0.11918916 0.01396215 0.05821836
v -0.11872545 0.01747187 -0.17448477
v -0.11875926 -0.01724053 0.05794549
v -0.11920338 -0.01384026 -0.17452916
v -0.11980945 -0.00683335 0.05802028
v -0.11995581 -0.00340612 -0.17451911
v -0.11397079 -0.03757202 0.05780898
v -0.11499409 -0.03431263 -0.17452705
v -0.11680729 -0.02751462 0.05788335
v -0.11754541 -0.02416765 -0.17453019
v -0.10573097 -0.05676232 0.05755893
v -0.10729278 -0.05375182 -0.17450508
v -0.11027177 -0.04734062 0.05771329
v -0.11156826 -0.04419867 -0.17451652
v -0.09390351 -0.07472033 0.05723666
v -0.09632856 -0.07156679 -0.17447904
v -0.10032973 -0.06584029 0.05731581
v -0.10220010 -0.06289783 -0.17449047
v -0.08695103 -0.08270741 0.05807679
v -0.08972384 -0.07969084 -0.17446773
v -0.07173735 -0.09620161 0.05803818
v -0.07451956 -0.09406292 -0.17445263
v -0.07968648 -0.08972772 0.05818299
v -0.08243566 -0.08720871 -0.17446394
v -0.05409243 -0.10712146 0.05761816
v -0.05703604 -0.10558356 -0.17444318
v -0.06317487 -0.10202908 0.05785036
v -0.06603306 -0.10020296 -0.17445081
v -0.03417238 -0.11503585 0.05715908
v -0.03773684 -0.11391632 -0.17441101
v -0.04449527 -0.11145030 0.05730811
v -0.04758562 -0.11016627 -0.17444019
v -0.02392256 -0.11759553 0.05791996
v -0.02753573 -0.11680232 -0.17432734
v -0.00373042 -0.11994616 0.05768246
v -0.00635853 -0.11983558 -0.17333178
v -0.01396074 -0.11918933 0.05793022
v -0.01703440 -0.11878900 -0.17406091
v 0.00665444 -0.11981952 0.05741006
v 0.00412074 -0.11993339 -0.17186212
v 0.02734156 -0.11684792 0.05674249
v 0.02426595 -0.11752515 -0.17019577
v 0.01704592 -0.11878735 0.05711883
v 0.01428698 -0.11915066 -0.17086586
v 0.04768100 -0.11012502 0.05589069
v 0.04323468 -0.11194535 -0.16917910
v 0.03751619 -0.11398918 0.05623295
v 0.03396950 -0.11509592 -0.16962092
v 0.05701051 -0.10559735 0.05638905
v 0.05210187 -0.10810362 -0.16919601
v 0.06546504 -0.10057498 0.05585080
v 0.06079729 -0.10346346 -0.16972820
v 0.08187654 -0.08773386 0.05337969
v 0.07771742 -0.09143851 -0.17165498
v 0.07367524 -0.09472569 0.05469091
v 0.06937689 -0.09791754 -0.17052406
v 0.09001835 -0.07935802 0.05321813
v 0.08542288 -0.08428481 -0.17349346
v 0.09468669 0.07372536 0.05570591
v 0.09320052 -0.07559538 -0.17449108
v 0.11832740 -0.01999062 0.36193877
v 0.11837363 0.01971501 -0.45315770
v 0.11844880 -0.01925825 0.32950096
v 0.11069604 -0.04633989 0.19737292
v 0.11176420 0.04370083 0.21082272
v 0.10372550 -0.06034913 -0.14742999
v 0.11244673 0.04191337 -0.41818645
v 0.10095413 -0.06487881 0.19091134
v 0.09845815 -0.06860750 -0.07611810
v 0.10232967 0.06268681 0.05331435
v 0.11322080 0.03977496 -0.31132634
v 0.11875461 -0.01727255 -0.44915311
v 0.10453937 0.05892807 0.25012416
v 0.10159107 0.06387686 -0.30924306
v 0.09697591 -0.07068713 -0.37265546
v 0.09669302 0.07107361 0.25257353
v 0.09602728 0.07197055 -0.36501814
v 0.08703903 -0.08261481 -0.37219426
v 0.09037591 0.07895057 -0.36956894
v 0.08081662 0.08871117 0.24758761
v 0.07353692 0.09483311 0.24397905
v 0.06536182 0.10064209 0.24374211
v 0.05634128 0.10595593 0.24377089
v 0.04708433 0.11038145 0.24405828
v 0.03767872 0.11393556 0.24455844
v 0.02817043 0.11665087 0.24555478
v 0.01787285 0.11866575 0.24855729
v 0.00693699 0.11980349 0.24923709
v -0.00379152 0.11994425 0.24944176
v -0.01436386 0.11914142 0.24951622
v -0.02475818 0.11742244 0.24954748
v -0.03492784 0.11480873 0.24956251
v -0.04481385 0.11132258 0.24957054
v -0.05435071 0.10699065 0.24957501
v -0.06347055 0.10184541 0.24957748
v -0.07210605 0.09592558 0.24957880
v -0.08019232 0.08927592 0.24957946
v -0.08766812 0.08194692 0.24957979
v -0.09447668 0.07399429 0.24957994
v -0.10056619 0.06547854 0.24958001
v -0.10589034 0.05646445 0.24958004
v -0.11040859 0.04702064 0.24958006
v -0.11408657 0.03721898 0.24958007
v -0.11689628 0.02713407 0.24958009
v -0.11881634 0.01684266 0.24958010
v -0.11983214 0.00642308 0.24958011
v -0.11993595 -0.00404540 0.24958012
v -0.11912698 -0.01448309 0.24958012
v -0.11741139 -0.02481056 0.24958011
v -0.11480222 -0.03494923 0.24958010
v -0.11131933 -0.04482192 0.24958009
v -0.10698923 -0.05435350 0.24958007
v -0.10184487 -0.06347142 0.24958007
v -0.09592540 -0.07210628 0.24958006
v -0.08927587 -0.08019237 0.24958008
v -0.08194689 -0.08766816 0.24958012
v -0.07399414 -0.09447680 0.24958024
v -0.06547781 -0.10056667 0.24958060
v -0.05646165 -0.10589183 0.24958155
v -0.04701130 -0.11041257 0.24958370
v -0.03719177 -0.11409544 0.24958766
v -0.02706405 -0.11691251 0.24959239
v -0.01668116 -0.11883912 0.24959036
v -0.00608374 -0.11984985 0.24955374
v 0.00471030 -0.11991168 0.24938985
v 0.01575219 -0.11896582 0.24873871
v 0.02616600 -0.11711677 0.24571702
v 0.03576445 -0.11455087 0.24467353
v 0.04518784 -0.11117129 0.24402825
v 0.05426397 -0.10703467 0.24337108
v 0.06269406 -0.10232523 0.24258505
v 0.06967477 -0.09770580 0.24186205
v 0.07624936 -0.09266624 0.24802649
v 0.08471813 -0.08499316 0.25336040
v 0.07381232 -0.09461891 -0.36348927
v 0.06561287 -0.10047860 -0.36315549
v 0.05647660 -0.10588386 -0.36308597
v 0.04701916 -0.11040922 -0.36332775
v 0.03737315 -0.11403616 -0.36377325
v 0.02764387 -0.11677677 -0.36438858
v 0.01790276 -0.11866124 -0.36546800
v 0.00745992 -0.11977206 -0.36853653
v -0.00354194 -0.11995188 -0.36923691
v -0.01424372 -0.11915584 -0.36944276
v -0.02470466 -0.11743372 -0.36951056
v -0.03490748 -0.11481492 -0.36953347
v -0.04480853 -0.11132472 -0.36954139
v -0.05435136 -0.10699032 -0.36954440
v -0.06347313 -0.10184380 -0.36954575
v -0.07210899 -0.09592336 -0.36954644
v -0.08019512 -0.08927340 -0.36954682
v -0.08767066 -0.08194421 -0.36954702
v -0.09447893 -0.07399142 -0.36954712
v -0.10056817 -0.06547551 -0.36954716
v -0.10589203 -0.05646128 -0.36954718
v -0.11041000 -0.04701734 -0.36954719
v -0.11408769 -0.03721556 -0.36954719
v -0.11689710 -0.02713055 -0.36954719
v -0.11881685 -0.01683906 -0.36954718
v -0.11983234 -0.00641941 -0.36954718
v -0.11993583 0.00404909 -0.36954718
v -0.11912653 0.01448679 -0.36954718
v -0.11741062 0.02481422 -0.36954718
v -0.11480113 0.03495280 -0.36954718
v -0.11131794 0.04482537 -0.36954718
v -0.10698755 0.05435680 -0.36954719
v -0.10184293 0.06347453 -0.36954720
v -0.09592321 0.07210919 -0.36954721
v -0.08927347 0.08019504 -0.36954723
v -0.08194430 0.08767057 -0.36954728
v -0.07399146 0.09447890 -0.36954738
v -0.06547526 0.10056833 -0.36954750
v -0.05645981 0.10589282 -0.36954740
v -0.04701156 0.11041246 -0.36954607
v -0.03719725 0.11409365 -0.36954018
v -0.02708129 0.11690852 -0.36952069
v -0.01672372 0.11883314 -0.36946549
v -0.00618132 0.11984485 -0.36932392
v 0.00448168 0.11992044 -0.36898421
v 0.01514014 0.11904526 -0.36822360
v 0.02551360 0.11726063 -0.36690425
v 0.03548963 0.11463631 -0.36583469
v 0.04514688 0.11118793 -0.36492657
v 0.05434362 0.10699425 -0.36390719
v 0.06240561 0.10250140 -0.36249054
v 0.07020548 0.09732517 -0.36371866
v 0.07794510 0.09124450 -0.36683186
v 0.08468142 0.08502973 -0.36279319
v 0.08106490 -0.08848435 -0.36719046
v 0.08680532 0.08286033 0.25247242
v 0.09200947 -0.07704060 0.24905928
v 0.09694456 -0.07073012 0.24434324
v 0.10436888 0.05922951 -0.37259254
v 0.11341027 -0.03923148 0.33348750
v 0.10017104 0.06608146 0.22445374
v 0.10061663 -0.06540102 -0.34414967
v 0.10536043 -0.05744717 -0.37071504
v 0.10508493 -0.05794959 0.24872965
v 0.11422427 0.03679420 0.32566117
v 0.10806512 0.05218168 0.18497556
v 0.10906956 0.05004826 0.21410494
v 0.10673623 -0.05484865 0.05758789
v 0.11170442 -0.04385338 0.28244800
v 0.10549041 0.05720813 -0.01336361
v 0.11594309 -0.03095476 -0.28827599
v 0.11110123 -0.04535984 0.02493695
v 0.10692221 -0.05448522 -0.34185011
v 0.10920857 -0.04974420 0.25375248
v 0.11356717 0.03877495 0.17336590
v 0.09762024 -0.06979460 0.00165589
v 0.09712740 0.07047883 -0.12103613
v 0.08610898 0.08358374 -0.00548017
v 0.11294666 0.04054689 -0.34449251
v 0.11648913 -0.02883193 -0.25730440
v 0.09491370 0.07343288 -0.00350050
v 0.10334541 0.06099773 0.16926387
v 0.11371959 -0.03832562 -0.46275010
v 0.10745504 -0.05342669 -0.30979797
v 0.11184287 0.04349908 -0.15334123
v 0.10969167 -0.04866965 -0.06710256
v 0.10840296 0.05147618 -0.36873749
v 0.11224392 0.04245351 -0.01423330
v 0.11474246 -0.03514493 0.29864412
v 0.11614318 0.03019537 0.10117562
v 0.09968845 0.06680727 0.10597546
v 0.08656833 -0.08310790 -0.23280064
v 0.08709765 0.08255300 0.11062037
v 0.07969015 0.08972445 0.10923059
v 0.07223160 0.09583107 0.11267295
v 0.06216766 0.10264590 0.11437485
v 0.05338423 0.10747615 0.11321010
v 0.04398551 0.11165247 0.11292287
v 0.03420699 0.11502556 0.11216945
v 0.02413836 0.11755142 0.11218982
v 0.01386540 0.11920045 0.11166511
v 0.00346895 0.11995401 0.11184213
v -0.00697112 0.11980151 0.11143394
v -0.01736657 0.11874090 0.11168552
v -0.02764381 0.11677679 0.11132943
v -0.03771417 0.11392383 0.11161275
v -0.04750980 0.11019899 0.11128151
v -0.05694223 0.10563418 0.11158727
v -0.06594662 0.10025987 0.11127978
v -0.07443667 0.09412853 0.11160232
v -0.08235971 0.08728045 0.11129836
v -0.08964814 0.07977599 0.11160486
v -0.09626099 0.07165766 0.11127839
v -0.10214200 0.06299214 0.11157343
v -0.10725094 0.05383526 0.11125300
v -0.11153843 0.04427388 0.11157511
v -0.11497529 0.03437558 0.11128729
v -0.11753144 0.02423546 0.11162673
v -0.11919488 0.01391321 0.11133678
v -0.11995327 0.00349446 0.11165641
v -0.11980220 -0.00695913 0.11134272
v -0.11874193 -0.01735951 0.11164390
v -0.11677784 -0.02763936 0.11131677
v -0.11392538 -0.03770949 0.11161089
v -0.11020136 -0.04750431 0.11128126
v -0.10563681 -0.05693736 0.11158041
v -0.10026048 -0.06594568 0.11126368
v -0.09412306 -0.07444359 0.11158300
v -0.08726711 -0.08237384 0.11128578
v -0.07975960 -0.08966272 0.11160925
v -0.07164548 -0.09627005 0.11130055
v -0.06299289 -0.10214154 0.11160269
v -0.05385190 -0.10724258 0.11127572
v -0.04430133 -0.11152753 0.11157420
v -0.03440489 -0.11496653 0.11125473
v -0.02425768 -0.11752686 0.11156217
v -0.01392508 -0.11919350 0.11124067
v -0.00349718 -0.11995319 0.11152315
v 0.00696744 -0.11980172 0.11116260
v 0.01738296 -0.11873850 0.11139967
v 0.02768628 -0.11676672 0.11099015
v 0.03778704 -0.11389968 0.11117660
v 0.04762455 -0.11014944 0.11069555
v 0.05711772 -0.10553940 0.11077321
v 0.06621409 -0.10008342 0.11008999
v 0.07485304 -0.09379776 0.10990204
v 0.08898354 -0.08051663 0.10521015
v 0.07938552 -0.08999409 -0.23161747
v 0.07188750 -0.09608947 -0.23455412
v 0.06178334 -0.10287768 -0.23582227
v 0.05290859 -0.10771109 -0.23438302
v 0.04326990 -0.11193174 -0.23378801
v 0.03319631 -0.11532130 -0.23286803
v 0.02291043 -0.11779690 -0.23277721
v 0.01249225 -0.11935217 -0.23204277
v 0.00198921 -0.11998767 -0.23184924
v -0.00857379 -0.11969749 -0.23102347
v -0.01907798 -0.11847797 -0.23098648
v -0.02943786 -0.11633748 -0.23044435
v -0.03951983 -0.11331011 -0.23064503
v -0.04928997 -0.10941434 -0.23027045
v -0.05864997 -0.10469565 -0.23055562
v -0.06756582 -0.09917589 -0.23023003
v -0.07595055 -0.09291131 -0.23053640
v -0.08376513 -0.08593254 -0.23022211
v -0.09093207 -0.07830936 -0.23053278
v -0.09741494 -0.07008086 -0.23022068
v -0.10314892 -0.06132943 -0.23053233
v -0.10810427 -0.05210052 -0.23022075
v -0.11223139 -0.04248662 -0.23053259
v -0.11550886 -0.03253768 -0.23022095
v -0.11790389 -0.02235334 -0.23053257
v -0.11940403 -0.01198643 -0.23022055
v -0.11999427 -0.00154070 -0.23053172
v -0.11967147 0.00892962 -0.23021926
v -0.11843880 0.01931965 -0.23052999
v -0.11630261 0.02957536 -0.23021727
v -0.11328427 0.03959385 -0.23052803
v -0.10939944 0.04932301 -0.23021581
v -0.10468710 0.05866523 -0.23052725
v -0.09917174 0.06757191 -0.23021568
v -0.09290865 0.07595381 -0.23052742
v -0.08593042 0.08376731 -0.23021599
v -0.07830700 0.09093411 -0.23052787
v -0.07007814 0.09741690 -0.23021690
v -0.06132654 0.10315064 -0.23052990
v -0.05209798 0.10810549 -0.23022079
v -0.04248620 0.11223155 -0.23053766
v -0.03254196 0.11550766 -0.23023539
v -0.02237001 0.11790072 -0.23056720
v -0.01202484 0.11940017 -0.23028954
v -0.00162513 0.11999315 -0.23066614
v 0.00877473 0.11968292 -0.23045165
v 0.01904145 0.11848384 -0.23091608
v 0.02913244 0.11641434 -0.23078913
v 0.03894133 0.11351023 -0.23128640
v 0.04849533 0.10976885 -0.23103105
v 0.05780043 0.10516705 -0.23120511
v 0.06681155 0.09968558 -0.23047917
v 0.07549270 0.09328371 -0.23001793
v 0.08444573 0.08526381 -0.22717393
v 0.09276368 0.07613079 -0.22918898
v 0.09407512 -0.07450416 -0.22995084
v 0.10063166 -0.06537787 -0.22239547
v 0.09756548 -0.06987113 0.17287256
v 0.09724893 0.07031105 -0.29378969
v 0.06898494 0.09819407 0.16555424
v 0.05171748 0.10828804 0.16412821
v 0.03288328 0.11541095 0.16326544
v 0.01274031 0.11932595 0.16288086
v -0.00800942 0.11973657 0.16275115
v -0.02862467 0.11654023 0.16270753
v -0.04841305 0.10980517 0.16269298
v -0.06674393 0.09973087 0.16268966
v -0.08304857 0.08662524 0.16268954
v -0.09682942 0.07088766 0.16268817
v -0.10766832 0.05299558 0.16268707
v -0.11523521 0.03349394 0.16268955
v -0.11930038 0.01297760 0.16269380
v -0.11974176 -0.00793145 0.16269542
v -0.11654591 -0.02860157 0.16269322
v -0.10980809 -0.04840643 0.16268952
v -0.09973173 -0.06674263 0.16268767
v -0.08662424 -0.08304962 0.16268856
v -0.07088600 -0.09683064 0.16268932
v -0.05299487 -0.10766867 0.16268787
v -0.03349352 -0.11523533 0.16268447
v -0.01297779 -0.11930035 0.16267486
v 0.00791233 -0.11974303 0.16265353
v 0.02848981 -0.11657328 0.16265523
v 0.04803625 -0.10997053 0.16287631
v 0.06604820 -0.10019298 0.16412338
v 0.08351704 -0.08617367 0.16755275
v 0.06996960 -0.09749488 -0.28642039
v 0.05077942 -0.10873108 -0.28595521
v 0.03173081 -0.11573311 -0.28359101
v 0.01203969 -0.11939868 -0.28286853
v -0.00848288 -0.11970396 -0.28263355
v -0.02900551 -0.11644603 -0.28253234
v -0.04874416 -0.10965858 -0.28249286
v -0.06703348 -0.09953648 -0.28248133
v -0.08329613 -0.08638722 -0.28247870
v -0.09703090 -0.07061163 -0.28247809
v -0.10781821 -0.05268995 -0.28247782
v -0.11532969 -0.03316716 -0.28247764
v -0.11933698 -0.01263655 -0.28247749
v -0.11971830 0.00827808 -0.28247738
v -0.11646202 0.02894125 -0.28247733
v -0.10966707 0.04872507 -0.28247737
v -0.09953990 0.06702840 -0.28247753
v -0.08638826 0.08329505 -0.28247783
v -0.07061215 0.09703052 -0.28247840
v -0.05269316 0.10781664 -0.28248018
v -0.03318593 0.11532429 -0.28248738
v -0.01271823 0.11932830 -0.28251475
v 0.00799736 0.11973738 -0.28261043
v 0.02817557 0.11664963 -0.28295475
v 0.04723598 0.11031663 -0.28428378
v 0.06628569 0.10003602 -0.28727667
v 0.08387392 0.08582635 -0.28881693
v 0.09338880 -0.07536266 -0.29247483
v 0.09885884 -0.06802887 -0.29223279
v 0.09887734 0.06800199 0.17188624
v 0.11300918 -0.04037229 0.05878122
v 0.11340395 0.03924974 -0.37259412
v 0.11634036 -0.02942648 -0.48698738
v 0.08248221 0.08716469 0.09530235
v 0.07520746 0.09351383 0.09562487
v 0.06665711 0.09978892 0.09643745
v 0.05706850 0.10556602 0.09670556
v 0.04760956 0.11015593 0.09465897
v 0.03788975 0.11386555 0.09563049
v 0.02786457 0.11672431 0.09391224
v 0.01765555 0.11869827 0.09508855
v 0.00726208 0.11978422 0.09353311
v -0.00315622 0.11996264 0.09482424
v -0.01360117 0.11923089 0.09335104
v -0.02390876 0.11759834 0.09469377
v -0.03408465 0.11506187 0.09325087
v -0.04397201 0.11165778 0.09461601
v -0.05357697 0.10738019 0.09319536
v -0.06273932 0.10229749 0.09460201
v -0.07145537 0.09641124 0.09323416
v -0.07956605 0.08983453 0.09466197
v -0.08709721 0.08255346 0.09326816
v -0.09393838 0.07467649 0.09463364
v -0.10010541 0.06618084 0.09318715
v -0.10549512 0.05719945 0.09455525
v -0.11010523 0.04772668 0.09315756
v -0.11384471 0.03795233 0.09461073
v -0.11672370 0.02786710 0.09328333
v -0.11869911 0.01764993 0.09472624
v -0.11978469 0.00725438 0.09335159
v -0.11996263 -0.00315698 0.09473892
v -0.11923104 -0.01359986 0.09332500
v -0.11759880 -0.02390650 0.09469341
v -0.11506281 -0.03408151 0.09326496
v -0.11166033 -0.04396555 0.09462927
v -0.10738609 -0.05356515 0.09319788
v -0.10230414 -0.06272847 0.09457979
v -0.09640932 -0.07145797 0.09318538
v -0.08981343 -0.07958986 0.09462093
v -0.08251622 -0.08713249 0.09326422
v -0.07464707 -0.09396176 0.09467351
v -0.06617734 -0.10010773 0.09326045
v -0.05723306 -0.10547689 0.09462179
v -0.04779818 -0.11007421 0.09318450
v -0.03802752 -0.11381962 0.09456805
v -0.02792684 -0.11670942 0.09317203
v -0.01768421 -0.11869401 0.09457524
v -0.00727744 -0.11978329 0.09314644
v 0.00314230 -0.11996301 0.09447517
v 0.01359465 -0.11923164 0.09295824
v 0.02392613 -0.11759481 0.09421896
v 0.03413220 -0.11504778 0.09261900
v 0.04404936 -0.11162729 0.09381332
v 0.05365262 -0.10734242 0.09208610
v 0.06279952 -0.10226054 0.09306120
v 0.07145293 -0.09641305 0.09086906
v 0.07955929 -0.08984051 0.09105598
v 0.08697022 -0.08268723 0.08815075
v 0.08253313 -0.08711648 -0.21814535
v 0.07518644 -0.09353072 -0.21836319
v 0.06649069 -0.09989988 -0.21859581
v 0.05680127 -0.10571004 -0.21885519
v 0.04706793 -0.11038844 -0.21529824
v 0.03657784 -0.11429374 -0.21640804
v 0.02606862 -0.11713849 -0.21497610
v 0.01576310 -0.11896437 -0.21605373
v 0.00527381 -0.11988822 -0.21400062
v -0.00528755 -0.11988761 -0.21427741
v -0.01607690 -0.11892238 -0.21215470
v -0.02651213 -0.11703890 -0.21329133
v -0.03684640 -0.11420744 -0.21168917
v -0.04664108 -0.11056947 -0.21306413
v -0.05623234 -0.10601378 -0.21158053
v -0.06518748 -0.10075510 -0.21301040
v -0.07381214 -0.09461906 -0.21155600
v -0.08170328 -0.08789523 -0.21299951
v -0.08912514 -0.08035986 -0.21155184
v -0.09572625 -0.07237046 -0.21299811
v -0.10172590 -0.06366192 -0.21155265
v -0.10683891 -0.05464838 -0.21299989
v -0.11123489 -0.04503106 -0.21155496
v -0.11470491 -0.03526729 -0.21300170
v -0.11736406 -0.02503348 -0.21155606
v -0.11908608 -0.01481564 -0.21300152
v -0.11992797 -0.00427545 -0.21155438
v -0.11984968 0.00608711 -0.21299855
v -0.11884845 0.01661455 -0.21154987
v -0.11697163 0.02680739 -0.21299329
v -0.11415705 0.03700222 -0.21154367
v -0.11053835 0.04671479 -0.21298842
v -0.10599575 0.05626631 -0.21154072
v -0.10074534 0.06520256 -0.21298734
v -0.09461301 0.07381989 -0.21154063
v -0.08789070 0.08170815 -0.21298747
v -0.08035517 0.08912937 -0.21154044
v -0.07236544 0.09573004 -0.21298777
v -0.06365610 0.10172954 -0.21154228
v -0.05464267 0.10684183 -0.21299243
v -0.04502603 0.11123693 -0.21155137
v -0.03526619 0.11470525 -0.21300893
v -0.02504078 0.11736250 -0.21158312
v -0.01484227 0.11908277 -0.21306741
v -0.00433781 0.11992573 -0.21169058
v 0.00595819 0.11985616 -0.21324881
v 0.01637150 0.11888218 -0.21199225
v 0.02636907 0.11707122 -0.21369785
v 0.03621693 0.11440862 -0.21264189
v 0.04547312 0.11105491 -0.21431618
v 0.05462824 0.10684921 -0.21256917
v 0.06357987 0.10177720 -0.21340878
v 0.07213100 0.09590682 -0.21119334
v 0.08000809 0.08944106 -0.21160252
v 0.08770316 0.08190942 -0.21066999
v 0.08865466 -0.08087860 -0.21771546
v 0.09383103 -0.07481134 0.09113489
v 0.09484692 0.07351911 -0.20836532
v 0.09608271 0.07189653 0.08938199
v 0.09371900 -0.07495163 -0.21334188
v 0.10876988 0.05069627 -0.33895853
v 0.09105899 -0.07816175 0.11500927
v 0.09115595 0.07804864 0.11595724
v 0.08269818 0.08695981 0.11596998
v 0.07727616 0.09181173 0.11536579
v 0.06778474 0.09902639 0.11884941
v 0.05621873 0.10602100 0.11960353
v 0.04992003 0.10912831 0.11721057
v 0.03735595 0.11404179 0.11842972
v 0.03050408 0.11606248 0.11628854
v 0.01718157 0.11876781 0.11785424
v 0.01003626 0.11958374 0.11584351
v -0.00360926 0.11994987 0.11758888
v -0.01081375 0.11951594 0.11564218
v -0.02434882 0.11750801 0.11747219
v -0.03138307 0.11582789 0.11555233
v -0.04438422 0.11149457 0.11742091
v -0.05102913 0.10861411 0.11551484
v -0.06308770 0.10208300 0.11741109
v -0.06913234 0.09809035 0.11551771
v -0.07986328 0.08957039 0.11742387
v -0.08511724 0.08459346 0.11552835
v -0.09420150 0.07434430 0.11741433
v -0.09851288 0.06852889 0.11550747
v -0.10568573 0.05684650 0.11739303
v -0.10892432 0.05036357 0.11549411
v -0.11395654 0.03761522 0.11741101
v -0.11601741 0.03067507 0.11552934
v -0.11875507 0.01726939 0.11745128
v -0.11957935 0.01008843 0.11556639
v -0.11995061 -0.00358443 0.11746356
v -0.11951723 -0.01079947 0.11556627
v -0.11750956 -0.02434134 0.11744657
v -0.11582937 -0.03137760 0.11554135
v -0.11149658 -0.04437918 0.11741829
v -0.10861645 -0.05102416 0.11551166
v -0.10208410 -0.06308593 0.11740040
v -0.09808908 -0.06913414 0.11550248
v -0.08956189 -0.07987281 0.11741199
v -0.08458074 -0.08512989 0.11552274
v -0.07433288 -0.09421051 0.11742668
v -0.06852180 -0.09851782 0.11552877
v -0.05685411 -0.10568164 0.11741243
v -0.05038067 -0.10891642 0.11550625
v -0.03763687 -0.11394939 0.11739321
v -0.03069760 -0.11601144 0.11549043
v -0.01728040 -0.11875347 0.11738040
v -0.01009490 -0.11957881 0.11546898
v 0.00359097 -0.11995042 0.11732578
v 0.01081337 -0.11951598 0.11538504
v 0.02437775 -0.11750201 0.11719836
v 0.03143167 -0.11581472 0.11521934
v 0.04448000 -0.11145639 0.11698676
v 0.05116455 -0.10855038 0.11494101
v 0.06335796 -0.10191549 0.11658561
v 0.06949474 -0.09783394 0.11435728
v 0.08017033 -0.08929567 0.11597726
v 0.08529685 -0.08441235 0.11041075
v 0.08231967 -0.08731821 -0.23842195
v 0.07687416 -0.09214858 -0.23745589
v 0.06736169 -0.09931465 -0.24030962
v 0.05575188 -0.10626724 -0.24073131
v 0.04935968 -0.10938290 -0.23820577
v 0.03651123 -0.11431504 -0.23912267
v 0.02947692 -0.11632759 -0.23690518
v 0.01599659 -0.11893320 -0.23822726
v 0.00872827 -0.11968632 -0.23605712
v -0.00498476 -0.11990058 -0.23735699
v -0.01232081 -0.11936999 -0.23517824
v -0.02588150 -0.11717997 -0.23677419
v -0.03302040 -0.11537180 -0.23472811
v -0.04592700 -0.11086798 -0.23656737
v -0.05262230 -0.10785125 -0.23459254
v -0.06450839 -0.10119123 -0.23651487
v -0.07056823 -0.09706247 -0.23456088
v -0.08110496 -0.08844763 -0.23650397
v -0.08635351 -0.08333108 -0.23455463
v -0.09523205 -0.07301955 -0.23650187
v -0.09951208 -0.06706969 -0.23455351
v -0.10646489 -0.05537352 -0.23650162
v -0.10964665 -0.04877099 -0.23455354
v -0.11446277 -0.03604541 -0.23650168
v -0.11644968 -0.02899086 -0.23455359
v -0.11898295 -0.01562230 -0.23650142
v -0.11971471 -0.00832991 -0.23455309
v -0.11988813 0.00527585 -0.23650053
v -0.11934246 0.01258475 -0.23455185
v -0.11715053 0.02601445 -0.23649910
v -0.11534386 0.03311785 -0.23455018
v -0.11085301 0.04596313 -0.23649790
v -0.10784014 0.05264505 -0.23454918
v -0.10118686 0.06451526 -0.23649769
v -0.09705934 0.07057253 -0.23454920
v -0.08844588 0.08110687 -0.23649798
v -0.08332917 0.08635535 -0.23454957
v -0.07301748 0.09523364 -0.23649873
v -0.06706727 0.09951371 -0.23455081
v -0.05537154 0.10646591 -0.23650161
v -0.04876966 0.10964724 -0.23455564
v -0.03604898 0.11446165 -0.23651258
v -0.02900013 0.11644737 -0.23457418
v -0.01565460 0.11897870 -0.23655425
v -0.00838558 0.11971082 -0.23464030
v 0.00514444 0.11989384 -0.23668342
v 0.01238654 0.11936319 -0.23482444
v 0.02564386 0.11723221 -0.23697028
v 0.03261842 0.11548609 -0.23516778
v 0.04527834 0.11113447 -0.23729083
v 0.05187426 0.10821302 -0.23535898
v 0.06390983 0.10157033 -0.23710857
v 0.07008379 0.09741284 -0.23478927
v 0.08152132 0.08806402 -0.23579405
v 0.08769625 0.08191682 -0.23366219
v 0.09078724 -0.07847722 -0.23656929
v 0.09892473 -0.06793302 -0.23243050
v 0.09543351 0.07275605 0.11115464
v 0.09278602 -0.07610356 -0.34453071
v 0.09224021 0.07676419 0.22488068
v 0.09012958 0.07923166 -0.33770752
v 0.07876913 0.09053410 0.21980473
v 0.06963462 0.09773442 0.21998177
v 0.06036535 0.10371607 0.22076992
v 0.05109820 0.10858164 0.22196364
v 0.04171833 0.11251924 0.22296422
v 0.03204909 0.11564538 0.22376799
v 0.02202176 0.11796627 0.22455019
v 0.01167539 0.11943485 0.22519236
v 0.00116335 0.11999852 0.22554952
v -0.00935390 0.11963905 0.22570883
v -0.01977600 0.11836346 0.22577283
v -0.03002959 0.11618615 0.22579743
v -0.04004557 0.11312537 0.22580708
v -0.04975336 0.10920440 0.22581112
v -0.05908162 0.10445267 0.22581296
v -0.06796018 0.09890607 0.22581384
v -0.07632165 0.09260671 0.22581427
v -0.08410236 0.08560252 0.22581446
v -0.09124305 0.07794680 0.22581454
v -0.09768934 0.06969785 0.22581457
v -0.10339217 0.06091845 0.22581458
v -0.10830812 0.05167543 0.22581459
v -0.11239977 0.04203914 0.22581463
v -0.11563599 0.03208294 0.22581468
v -0.11799216 0.02188260 0.22581475
v -0.11945035 0.01151574 0.22581481
v -0.11999946 0.00106124 0.22581485
v -0.11963533 -0.00940134 0.22581486
v -0.11836072 -0.01979240 0.22581484
v -0.11618530 -0.03003288 0.22581479
v -0.11312563 -0.04004484 0.22581473
v -0.10920499 -0.04975207 0.22581467
v -0.10445320 -0.05908068 0.22581462
v -0.09890643 -0.06795966 0.22581460
v -0.09260692 -0.07632141 0.22581459
v -0.08560260 -0.08410228 0.22581461
v -0.07794679 -0.09124306 0.22581464
v -0.06969770 -0.09768945 0.22581471
v -0.06091791 -0.10339249 0.22581485
v -0.05167348 -0.10830905 0.22581503
v -0.04203263 -0.11240221 0.22581473
v -0.03206383 -0.11564129 0.22581131
v -0.02183379 -0.11800120 0.22579573
v -0.01140780 -0.11946071 0.22574311
v -0.00085720 -0.12000110 0.22559679
v 0.00971631 -0.11961016 0.22525691
v 0.02014818 -0.11830067 0.22464964
v 0.03027702 -0.11612192 0.22396314
v 0.04003382 -0.11312954 0.22340642
v 0.04938007 -0.10937370 0.22294312
v 0.05826708 -0.10490923 0.22251581
v 0.06675311 -0.09972472 0.22219700
v 0.07519234 -0.09352599 0.22225374
v 0.08412921 -0.08557613 0.22267288
v 0.07915990 -0.09019262 -0.33916744
v 0.07029332 -0.09726174 -0.33901500
v 0.06097361 -0.10335965 -0.33930465
v 0.05125068 -0.10850975 -0.34009321
v 0.04143678 -0.11262323 -0.34134451
v 0.03162431 -0.11576226 -0.34250147
v 0.02168691 -0.11802828 -0.34347139
v 0.01151529 -0.11945039 -0.34437857
v 0.00111488 -0.11999898 -0.34509763
v -0.00937494 -0.11963741 -0.34549290
v -0.01979792 -0.11835979 -0.34566754
v -0.03005398 -0.11617985 -0.34573574
v -0.04006921 -0.11311701 -0.34576041
v -0.04977435 -0.10919484 -0.34576903
v -0.05909970 -0.10444244 -0.34577210
v -0.06797583 -0.09889532 -0.34577326
v -0.07633540 -0.09259538 -0.34577373
v -0.08411459 -0.08559050 -0.34577393
v -0.09125395 -0.07793405 -0.34577401
v -0.09769898 -0.06968434 -0.34577404
v -0.10340055 -0.06090423 -0.34577405
v -0.10831521 -0.05166056 -0.34577405
v -0.11240555 -0.04202370 -0.34577404
v -0.11564041 -0.03206700 -0.34577403
v -0.11799519 -0.02186626 -0.34577402
v -0.11945195 -0.01149909 -0.34577401
v -0.11999961 -0.00104441 -0.34577400
v -0.11963400 0.00941822 -0.34577400
v -0.11835791 0.01980917 -0.34577400
v -0.11618104 0.03004937 -0.34577400
v -0.11311996 0.04006087 -0.34577401
v -0.10919797 0.04976748 -0.34577402
v -0.10444492 0.05909533 -0.34577403
v -0.09889698 0.06797342 -0.34577405
v -0.09259638 0.07633419 -0.34577408
v -0.08559109 0.08411399 -0.34577412
v -0.07793445 0.09125360 -0.34577421
v -0.06968481 0.09769864 -0.34577437
v -0.06090506 0.10340006 -0.34577463
v -0.05166207 0.10831449 -0.34577485
v -0.04202592 0.11240472 -0.34577404
v -0.03206891 0.11563988 -0.34576872
v -0.02186504 0.11799541 -0.34574907
v -0.01149143 0.11945269 -0.34569302
v -0.00103395 0.11999970 -0.34556044
v 0.00940311 0.11963519 -0.34529847
v 0.01969562 0.11837686 -0.34487328
v 0.02972795 0.11626369 -0.34430288
v 0.03943404 0.11333999 -0.34357858
v 0.04882412 0.10962300 -0.34260717
v 0.05801037 0.10505139 -0.34141997
v 0.06717324 0.09944221 -0.34062241
v 0.07646334 0.09248976 -0.34092358
v 0.09132617 -0.07784940 0.22126700
v 0.09792684 0.06936377 -0.33745162
v 0.09687192 -0.07082957 0.21665044
v 0.09960282 -0.06693486 0.11959312
v 0.10364338 -0.06049006 0.11862294
v 0.10445283 -0.05908133 0.19752939
v 0.11325241 0.03968488 -0.18543748
v 0.10379943 0.06022189 0.11072218
v 0.11232997 -0.04222530 -0.48267889
v 0.10346755 -0.06079032 0.21944690
v 0.11138035 -0.04467007 0.00194222
v 0.10934228 -0.04944961 -0.25974833
v 0.11706346 0.02640347 -0.39942145
v 0.11645602 -0.02896537 0.28486196
v 0.09282908 -0.07605104 0.02615131
v 0.09292424 0.07593473 -0.14519826
v 0.08747851 -0.08214930 -0.15010565
v 0.08949367 0.07994924 0.03097900
v 0.08680994 0.08285549 -0.14588359
v 0.08161047 0.08798142 0.03082639
v 0.08021051 0.08925958 -0.14821167
v 0.06379803 0.10164059 0.03288801
v 0.06301384 0.10212861 -0.14928887
v 0.07272653 0.09545601 0.03394102
v 0.07230234 0.09577771 -0.15077697
v 0.04553163 0.11103093 0.03118709
v 0.04359367 0.11180603 -0.14959894
v 0.05491935 0.10669987 0.03206995
v 0.05342836 0.10745421 -0.15076947
v 0.03560427 0.11460076 0.03081495
v 0.03348747 0.11523709 -0.15095144
v 0.01498632 0.11906472 0.03084015
v 0.01288465 0.11931045 -0.15090493
v 0.02536316 0.11729325 0.03088483
v 0.02327487 0.11772544 -0.14969205
v -0.00593519 0.11985730 0.03082056
v -0.00799693 0.11973741 -0.15083380
v 0.00451463 0.11991921 0.03083773
v 0.00248602 0.11997841 -0.14963110
v -0.02651700 0.11703780 0.03080518
v -0.02865124 0.11653371 -0.15079550
v -0.01631075 0.11889053 0.03083725
v -0.01835429 0.11859224 -0.14957352
v -0.04613254 0.11078261 0.03070397
v -0.04845340 0.10978737 -0.15079273
v -0.03649705 0.11431957 0.03078384
v -0.03866439 0.11360485 -0.14955713
v -0.06379396 0.10164315 0.03063082
v -0.06679232 0.09969847 -0.15078760
v -0.05530819 0.10649884 0.03062302
v -0.05781048 0.10516153 -0.14955844
v -0.07236664 0.09572913 0.03290542
v -0.07520798 0.09351341 -0.14954741
v -0.08098882 0.08855399 0.03179727
v -0.08310670 0.08656948 -0.15080080
v -0.08848623 0.08106285 0.03119376
v -0.09031605 0.07901904 -0.14955678
v -0.10128652 0.06435867 0.03019599
v -0.10267640 0.06211728 -0.14954409
v -0.09526448 0.07297724 0.03070007
v -0.09688712 0.07080878 -0.15081033
v -0.11107588 0.04542189 0.02872164
v -0.11192755 0.04328072 -0.14958537
v -0.10652276 0.05526210 0.02961054
v -0.10772985 0.05287038 -0.15081795
v -0.11439514 0.03625946 0.03327367
v -0.11529392 0.03329130 -0.15089519
v -0.11715240 0.02600601 0.03199750
v -0.11775691 0.02311513 -0.14973250
v -0.11990655 0.00483900 0.03116840
v -0.11998173 0.00232003 -0.14986482
v -0.11900534 0.01545080 0.03147392
v -0.11932767 0.01272419 -0.15105472
v -0.11890232 -0.01622456 0.03096605
v -0.11857062 -0.01849342 -0.14992407
v -0.11986605 -0.00575580 0.03104779
v -0.11972668 -0.00815591 -0.15115346
v -0.11429725 -0.03656688 0.03087416
v -0.11357578 -0.03874970 -0.14988737
v -0.11703644 -0.02652300 0.03094280
v -0.11650577 -0.02876461 -0.15116324
v -0.10633374 -0.05562494 0.03070064
v -0.10513021 -0.05786742 -0.14979114
v -0.11071140 -0.04630316 0.03082059
v -0.10975571 -0.04852508 -0.15109312
v -0.09563435 -0.07249186 0.03053777
v -0.09348177 -0.07524731 -0.14970083
v -0.10124482 -0.06442426 0.03057788
v -0.09966348 -0.06684451 -0.15099838
v -0.08895184 -0.08055164 0.03278673
v -0.08654115 -0.08313620 -0.15091889
v -0.07287424 -0.09534329 0.03118521
v -0.07079268 -0.09689889 -0.15085296
v -0.08099872 -0.08854494 0.03169684
v -0.07899219 -0.09033954 -0.14965368
v -0.05533536 -0.10648472 0.03069754
v -0.05288141 -0.10772443 -0.15080897
v -0.06429280 -0.10132835 0.03091502
v -0.06210412 -0.10268435 -0.14959861
v -0.03695397 -0.11417269 0.03043431
v -0.03331385 -0.11528740 -0.15069975
v -0.04613289 -0.11078247 0.03051998
v -0.04330305 -0.11191891 -0.14953926
v -0.02692243 -0.11694520 0.03259283
v -0.02312230 -0.11775550 -0.14931382
v -0.00538661 -0.11988320 0.03034307
v -0.00227931 -0.11998251 -0.14863526
v -0.01592429 -0.11894291 0.03128498
v -0.01267204 -0.11933322 -0.15027977
v 0.00519847 -0.11989151 0.02990952
v 0.00815417 -0.11972680 -0.14935472
v 0.02587209 -0.11718205 0.02944655
v 0.02839191 -0.11659716 -0.14847712
v 0.01566614 -0.11897718 0.02982118
v 0.01833286 -0.11859555 -0.14770435
v 0.04574025 -0.11094515 0.02764390
v 0.04757786 -0.11016962 -0.14791246
v 0.03580662 -0.11453770 0.02877477
v 0.03809902 -0.11379571 -0.14696763
v 0.05436306 -0.10698437 0.03174550
v 0.05669744 -0.10576577 -0.14662023
v 0.06317302 -0.10203023 0.02977062
v 0.06555259 -0.10051794 -0.14783274
v 0.07887199 -0.09044449 0.02687242
v 0.08141198 -0.08816511 -0.14773908
v 0.07144955 -0.09641555 0.02826942
v 0.07400010 -0.09447213 -0.14669797
v 0.08601326 -0.08368224 0.02736519
v 0.09538427 0.07282060 0.02913309
v 0.09635916 -0.07152560 -0.14910411
v 0.10752969 0.05327630 -0.38030190
v 0.10175377 0.06361736 -0.00597640
v 0.10730732 0.05372278 -0.40565893
v 0.10854582 0.05117423 0.28326635
v 0.10671725 0.05488558 -0.13691294
v 0.11707524 0.02635121 0.16370472
v 0.11032822 -0.04720891 0.22272776
v 0.10740700 0.05352322 0.16444466
v 0.10093454 -0.06490929 -0.40364829
v 0.10118320 0.06452099 -0.40645888
v 0.09518832 0.07307655 -0.40663393
v 0.09278311 -0.07610711 -0.40316332
v 0.09285143 0.07602375 0.28409207
v 0.08877288 0.08074883 -0.40757393
v 0.08525118 0.08445848 0.28554494
v 0.07814737 0.09107133 0.28601788
v 0.07100321 0.09674473 0.28723059
v 0.06369367 0.10170602 0.28777707
v 0.05568848 0.10630047 0.28819720
v 0.04694085 0.11044254 0.28853075
v 0.03760129 0.11396114 0.28865206
v 0.02779802 0.11674017 0.28849117
v 0.01760715 0.11870546 0.28813541
v 0.00715456 0.11979069 0.28789630
v -0.00338667 0.11995636 0.28782248
v -0.01389069 0.11919751 0.28783705
v -0.02426910 0.11752450 0.28787562
v -0.03444562 0.11495433 0.28790908
v -0.04434770 0.11150910 0.28793081
v -0.05390466 0.10721607 0.28794292
v -0.06304720 0.10210802 0.28794903
v -0.07170790 0.09622357 0.28795192
v -0.07982195 0.08960722 0.28795322
v -0.08732816 0.08230911 0.28795378
v -0.09416962 0.07438468 0.28795402
v -0.10029434 0.06589418 0.28795412
v -0.10565576 0.05690219 0.28795416
v -0.11021306 0.04747715 0.28795418
v -0.11393157 0.03769079 0.28795419
v -0.11678299 0.02761757 0.28795419
v -0.11874563 0.01733418 0.28795419
v -0.11980454 0.00691885 0.28795419
v -0.11995166 -0.00354912 0.28795419
v -0.11918588 -0.01399009 0.28795420
v -0.11751303 -0.02432459 0.28795419
v -0.11494583 -0.03447396 0.28795419
v -0.11150382 -0.04436097 0.28795419
v -0.10721320 -0.05391036 0.28795419
v -0.10210662 -0.06304947 0.28795419
v -0.09622295 -0.07170872 0.28795420
v -0.08960697 -0.07982224 0.28795421
v -0.08230900 -0.08732827 0.28795425
v -0.07438456 -0.09416972 0.28795439
v -0.06589374 -0.10029463 0.28795482
v -0.05690047 -0.10565668 0.28795612
v -0.04747118 -0.11021563 0.28795983
v -0.03767291 -0.11393748 0.28796983
v -0.02757085 -0.11679403 0.28799496
v -0.01722658 -0.11876129 0.28805386
v -0.00669989 -0.11981698 0.28818241
v 0.00394033 -0.11993945 0.28844108
v 0.01459027 -0.11911390 0.28889441
v 0.02510614 -0.11734854 0.28947224
v 0.03540387 -0.11466283 0.28982276
v 0.04546440 -0.11105848 0.28982083
v 0.05526692 -0.10652026 0.28957852
v 0.06484082 -0.10097854 0.28926409
v 0.07418426 -0.09432759 0.28917131
v 0.08293155 -0.08673728 0.28994491
v 0.07870178 -0.09059265 -0.40581058
v 0.07158865 -0.09631232 -0.40752565
v 0.06416638 -0.10140845 -0.40836626
v 0.05596818 -0.10615348 -0.40883094
v 0.04705534 -0.11039381 -0.40912441
v 0.03761453 -0.11395677 -0.40925477
v 0.02779072 -0.11674191 -0.40919103
v 0.01766359 -0.11869707 -0.40889539
v 0.00727015 -0.11978373 -0.40844661
v -0.00328272 -0.11995925 -0.40813376
v -0.01382719 -0.11920489 -0.40798868
v -0.02423882 -0.11753075 -0.40793608
v -0.03443405 -0.11495779 -0.40792137
v -0.04434443 -0.11151040 -0.40791929
v -0.05390432 -0.10721624 -0.40792036
v -0.06304761 -0.10210777 -0.40792164
v -0.07170836 -0.09622323 -0.40792251
v -0.07982233 -0.08960688 -0.40792300
v -0.08732845 -0.08230880 -0.40792325
v -0.09416985 -0.07438439 -0.40792337
v -0.10029454 -0.06589388 -0.40792343
v -0.10565592 -0.05690190 -0.40792345
v -0.11021319 -0.04747685 -0.40792346
v -0.11393167 -0.03769047 -0.40792346
v -0.11678307 -0.02761725 -0.40792347
v -0.11874568 -0.01733384 -0.40792347
v -0.11980456 -0.00691852 -0.40792347
v -0.11995165 0.00354946 -0.40792346
v -0.11918585 0.01399043 -0.40792346
v -0.11751296 0.02432493 -0.40792346
v -0.11494573 0.03447429 -0.40792346
v -0.11150370 0.04436129 -0.40792347
v -0.10721305 0.05391067 -0.40792347
v -0.10210645 0.06304975 -0.40792347
v -0.09622275 0.07170899 -0.40792348
v -0.08960675 0.07982249 -0.40792349
v -0.08230877 0.08732849 -0.40792354
v -0.07438433 0.09416990 -0.40792364
v -0.06589354 0.10029476 -0.40792387
v -0.05690034 0.10565675 -0.40792435
v -0.04747101 0.11021571 -0.40792538
v -0.03767162 0.11393791 -0.40792796
v -0.02756426 0.11679559 -0.40793569
v -0.01720244 0.11876478 -0.40796023
v -0.00662813 0.11982097 -0.40803622
v 0.00412325 0.11993330 -0.40826156
v 0.01495603 0.11906853 -0.40889882
v 0.02553405 0.11725617 -0.41018620
v 0.03574963 0.11455550 -0.41085519
v 0.04575739 0.11093809 -0.41102330
v 0.05545393 0.10642302 -0.41094110
v 0.06455455 0.10116179 -0.41058330
v 0.07313093 0.09514655 -0.40953691
v 0.08134349 0.08822831 -0.40876262
v 0.08562103 -0.08408351 -0.40478617
v 0.09060365 -0.07868912 0.29056392
v 0.09722203 -0.07034824 0.29038812
v 0.10161185 0.06384380 0.28401275
v 0.10309081 -0.06142706 0.28918276
v 0.10316519 -0.06130205 -0.11569779
v 0.11007062 -0.04780645 0.09644750
v 0.11647451 0.02889093 0.18676471
v 0.11096583 0.04569008 -0.18833664
v 0.11361267 0.03864142 -0.39172539
v 0.09410936 0.07446091 -0.33283872
v 0.08845670 -0.08109507 -0.33763306
v 0.08846772 -0.08108305 0.21774293
v 0.08328707 0.08639596 0.21467673
v 0.07409174 0.09440028 0.21530239
v 0.06475788 0.10103176 0.21594956
v 0.05542828 0.10643639 0.21733972
v 0.04619015 0.11075860 0.21871804
v 0.03672869 0.11424536 0.21964019
v 0.02690440 0.11694935 0.22036439
v 0.01673092 0.11883213 0.22099703
v 0.00631528 0.11983787 0.22142814
v -0.00418710 0.11993109 0.22165196
v -0.01465134 0.11910641 0.22175071
v -0.02498994 0.11737334 0.22179074
v -0.03512905 0.11474732 0.22180641
v -0.04499682 0.11124875 0.22181270
v -0.05452104 0.10690395 0.22181538
v -0.06363034 0.10174565 0.22181660
v -0.07225561 0.09581297 0.22181717
v -0.08033116 0.08915102 0.22181744
v -0.08779543 0.08181051 0.22181755
v -0.09459158 0.07384735 0.22181759
v -0.10066784 0.06532215 0.22181760
v -0.10597797 0.05629981 0.22181761
v -0.11048153 0.04684901 0.22181764
v -0.11414426 0.03704169 0.22181770
v -0.11693828 0.02695249 0.22181778
v -0.11884234 0.01665821 0.22181787
v -0.11984196 0.00623717 0.22181794
v -0.11992953 -0.00423134 0.22181798
v -0.11910439 -0.01466768 0.22181797
v -0.11737281 -0.02499244 0.22181792
v -0.11474793 -0.03512705 0.22181784
v -0.11124973 -0.04499439 0.22181776
v -0.10690482 -0.05451933 0.22181768
v -0.10174626 -0.06362936 0.22181764
v -0.09581333 -0.07225513 0.22181761
v -0.08915119 -0.08033096 0.22181762
v -0.08181055 -0.08779540 0.22181765
v -0.07384727 -0.09459164 0.22181769
v -0.06532185 -0.10066804 0.22181776
v -0.05629880 -0.10597850 0.22181783
v -0.04684562 -0.11048297 0.22181761
v -0.03703136 -0.11414761 0.22181555
v -0.02692484 -0.11694465 0.22180630
v -0.01659400 -0.11885132 0.22177478
v -0.00610936 -0.11984854 0.22168583
v 0.00444283 -0.11992189 0.22147469
v 0.01493702 -0.11907092 0.22106737
v 0.02521634 -0.11732491 0.22050079
v 0.03516557 -0.11473614 0.21996074
v 0.04472410 -0.11135867 0.21950816
v 0.05383847 -0.10724932 0.21908973
v 0.06250895 -0.10243842 0.21866083
v 0.07095325 -0.09678137 0.21821680
v 0.07962121 -0.08978564 0.21784229
v 0.08336101 -0.08632462 -0.33422929
v 0.07476499 -0.09386796 -0.33453200
v 0.06562308 -0.10047193 -0.33463521
v 0.05593859 -0.10616907 -0.33532167
v 0.04604790 -0.11081782 -0.33660611
v 0.03624916 -0.11439841 -0.33810874
v 0.02643424 -0.11705652 -0.33922025
v 0.01641912 -0.11887561 -0.34010883
v 0.00615991 -0.11984596 -0.34085066
v -0.00426253 -0.11992843 -0.34134360
v -0.01470079 -0.11910032 -0.34159619
v -0.02503117 -0.11736455 -0.34170617
v -0.03516507 -0.11473629 -0.34174913
v -0.04502777 -0.11123623 -0.34176486
v -0.05454740 -0.10689050 -0.34177044
v -0.06365300 -0.10173148 -0.34177246
v -0.07227543 -0.09579802 -0.34177321
v -0.08034876 -0.08913515 -0.34177351
v -0.08781115 -0.08179364 -0.34177363
v -0.09460556 -0.07382943 -0.34177367
v -0.10068012 -0.06530322 -0.34177368
v -0.10598852 -0.05627994 -0.34177368
v -0.11049030 -0.04682831 -0.34177367
v -0.11415121 -0.03702027 -0.34177366
v -0.11694335 -0.02693047 -0.34177365
v -0.11884549 -0.01663570 -0.34177364
v -0.11984315 -0.00621433 -0.34177363
v -0.11992872 0.00425433 -0.34177362
v -0.11910157 0.01469062 -0.34177362
v -0.11736798 0.02501511 -0.34177362
v -0.11474115 0.03514921 -0.34177363
v -0.11124107 0.04501581 -0.34177364
v -0.10689437 0.05453981 -0.34177365
v -0.10173415 0.06364873 -0.34177367
v -0.09579968 0.07227323 -0.34177370
v -0.08913613 0.08034767 -0.34177374
v -0.08179425 0.08781059 -0.34177381
v -0.07382998 0.09460514 -0.34177395
v -0.06530408 0.10067957 -0.34177419
v -0.05628164 0.10598762 -0.34177454
v -0.04683155 0.11048893 -0.34177457
v -0.03702575 0.11414943 -0.34177250
v -0.02693860 0.11694148 -0.34176273
v -0.01664744 0.11884385 -0.34173168
v -0.00623560 0.11984204 -0.34165258
v 0.00420074 0.11993061 -0.34148511
v 0.01454731 0.11911916 -0.34118868
v 0.02468205 0.11743847 -0.34074918
v 0.03450831 0.11493552 -0.34015647
v 0.04399508 0.11164869 -0.33932210
v 0.05324602 0.10754469 -0.33809100
v 0.06247648 0.10245822 -0.33669714
v 0.07182550 0.09613582 -0.33606610
v 0.08134732 0.08822478 -0.33653245
v 0.08608186 0.08361167 -0.33236941
v 0.08789209 0.08170666 0.21946449
v 0.09291784 -0.07594256 0.21441897
v 0.10170828 0.06369006 -0.33124673
v 0.10410743 0.05968787 -0.29160896
v 0.10647892 0.05534651 -0.11781848
v 0.11495073 0.03445761 -0.34901173
v 0.10028198 -0.06591299 0.21302580
v 0.07752294 0.09160345 -0.07213948
v 0.06259374 0.10238663 -0.04898146
v 0.03450011 0.11493799 -0.04762805
v 0.01390635 0.11919569 -0.04844919
v -0.00633752 0.11983670 -0.04833308
v -0.02634118 0.11707750 -0.04806807
v -0.04610085 0.11079580 -0.04788846
v -0.08935581 0.08010328 -0.04655675
v -0.10186722 0.06343553 -0.04790245
v -0.11743565 0.02469545 -0.04708812
v -0.11994668 0.00371384 -0.04716387
v -0.11887716 -0.01640788 -0.04693581
v -0.11443297 -0.03613990 -0.04676957
v -0.10656306 -0.05518434 -0.04677482
v -0.08857320 -0.08096780 -0.04778361
v -0.07280221 -0.09539830 -0.04828091
v -0.05534379 -0.10648034 -0.04796336
v -0.02572929 -0.11721349 -0.04763949
v 0.00598652 -0.11985475 -0.04746650
v 0.02657285 -0.11702513 -0.04802938
v 0.06327346 -0.10196797 -0.04823475
v 0.07673343 -0.09226580 -0.05108586
v 0.11126408 0.04495889 0.00944388
v 0.10949501 0.04911050 -0.42176579
v 0.08313584 0.08654149 -0.06848934
v 0.05571256 0.10628786 -0.04859744
v 0.02662820 0.11701255 -0.04815320
v 0.00631050 0.11983812 -0.04845765
v -0.01389884 0.11919656 -0.04822372
v -0.03372345 0.11516825 -0.04800748
v -0.05371923 0.10730910 -0.04817883
v -0.09426133 0.07426843 -0.04759110
v -0.10596669 0.05632104 -0.04761690
v -0.11885663 0.01655595 -0.04724912
v -0.11994217 -0.00385651 -0.04707579
v -0.11760312 -0.02388523 -0.04685712
v -0.11190552 -0.04333767 -0.04672834
v -0.10259415 -0.06225302 -0.04737273
v -0.08275446 -0.08690626 -0.04819644
v -0.06655936 -0.09985414 -0.04820396
v -0.04800069 -0.10998605 -0.04822079
v -0.01732782 -0.11874656 -0.04789596
v 0.01397438 -0.11918773 -0.04793322
v 0.03418912 -0.11503087 -0.04777403
v 0.07006859 -0.09742377 -0.04885898
v 0.08356193 -0.08613014 -0.05445446
v 0.11341859 -0.03920741 -0.13915715
v 0.11079962 -0.04609167 -0.23019085
v 0.10790967 -0.05250239 0.17519720
v 0.11623135 -0.02985417 0.30327409
v 0.11134507 0.04475794 0.28822447
v 0.10149015 -0.06403708 0.12470869
v 0.09605862 -0.07192871 0.19662592
v 0.09314356 -0.07566555 -0.31496028
v 0.09177134 0.07732411 0.19678544
v 0.09063904 0.07864835 -0.31700862
v 0.08642947 -0.08325230 -0.31867060
v 0.07792601 0.09126081 0.19879892
v 0.06841244 0.09859380 0.19832233
v 0.05808532 0.10500997 0.20073333
v 0.04947796 0.10932945 0.20457955
v 0.04066327 0.11290481 0.20585626
v 0.03119923 0.11587755 0.20643178
v 0.02128591 0.11810126 0.20683314
v 0.01106743 0.11949272 0.20711470
v 0.00067835 0.12000224 0.20730323
v -0.00975519 0.11960700 0.20740432
v -0.02013052 0.11830368 0.20745509
v -0.03035739 0.11610094 0.20747682
v -0.04035598 0.11301501 0.20748620
v -0.05004915 0.10906916 0.20748984
v -0.05936286 0.10429309 0.20749139
v -0.06822575 0.09872307 0.20749201
v -0.07656996 0.09240151 0.20749229
v -0.08433173 0.08537656 0.20749239
v -0.09145181 0.07770176 0.20749240
v -0.09787595 0.06943556 0.20749237
v -0.10355520 0.06064089 0.20749236
v -0.10844634 0.05138473 0.20749240
v -0.11251212 0.04173754 0.20749251
v -0.11572160 0.03177278 0.20749271
v -0.11805038 0.02156629 0.20749293
v -0.11948076 0.01119576 0.20749314
v -0.12000188 0.00074002 0.20749326
v -0.11960975 -0.00972136 0.20749329
v -0.11830736 -0.02010886 0.20749322
v -0.11610458 -0.03034344 0.20749305
v -0.11301814 -0.04034722 0.20749286
v -0.10907149 -0.05004407 0.20749265
v -0.10429466 -0.05936010 0.20749250
v -0.09872402 -0.06822438 0.20749242
v -0.09240199 -0.07656938 0.20749240
v -0.08537672 -0.08433157 0.20749243
v -0.07770169 -0.09145187 0.20749246
v -0.06943529 -0.09787613 0.20749245
v -0.06064030 -0.10355555 0.20749231
v -0.05138324 -0.10844704 0.20749170
v -0.04173343 -0.11251364 0.20748947
v -0.03176245 -0.11572443 0.20748250
v -0.02154290 -0.11805465 0.20746260
v -0.01115180 -0.11948487 0.20741509
v -0.00067213 -0.12000227 0.20731273
v 0.00979485 -0.11960376 0.20713507
v 0.02013514 -0.11830289 0.20687336
v 0.03022937 -0.11613433 0.20658337
v 0.03997017 -0.11315204 0.20629707
v 0.04926087 -0.10942744 0.20603220
v 0.05802290 -0.10504447 0.20567460
v 0.06626020 -0.10005291 0.20497985
v 0.07452990 -0.09405473 0.20270556
v 0.08320620 -0.08647385 0.19910580
v 0.07900339 -0.09032974 -0.31861454
v 0.07010798 -0.09739543 -0.31702927
v 0.06018642 -0.10382000 -0.31885808
v 0.04942437 -0.10935369 -0.31942351
v 0.03953017 -0.11330650 -0.32354110
v 0.03023503 -0.11613286 -0.32511358
v 0.02059537 -0.11822364 -0.32599940
v 0.01061544 -0.11953372 -0.32656225
v 0.00039130 -0.12000352 -0.32695828
v -0.00994235 -0.11959159 -0.32719631
v -0.02026219 -0.11828120 -0.32732771
v -0.03045697 -0.11607485 -0.32738805
v -0.04043598 -0.11298641 -0.32741458
v -0.05011603 -0.10903844 -0.32742454
v -0.05942064 -0.10426018 -0.32742829
v -0.06827678 -0.09868778 -0.32742948
v -0.07661570 -0.09236359 -0.32742987
v -0.08437290 -0.08533587 -0.32742996
v -0.09148874 -0.07765828 -0.32742998
v -0.09790868 -0.06938939 -0.32742997
v -0.10358367 -0.06059225 -0.32742995
v -0.10847042 -0.05133387 -0.32742992
v -0.11253168 -0.04168476 -0.32742989
v -0.11573652 -0.03171838 -0.32742987
v -0.11806054 -0.02151059 -0.32742985
v -0.11948606 -0.01113909 -0.32742983
v -0.12000221 -0.00068280 -0.32742982
v -0.11960508 0.00977868 -0.32742981
v -0.11829768 0.02016574 -0.32742981
v -0.11608996 0.03039933 -0.32742982
v -0.11299872 0.04040156 -0.32742983
v -0.10904750 0.05009631 -0.32742985
v -0.10426636 0.05940979 -0.32742988
v -0.09869170 0.06827112 -0.32742992
v -0.09236596 0.07661284 -0.32742998
v -0.08533732 0.08437144 -0.32743007
v -0.07765937 0.09148782 -0.32743024
v -0.06939078 0.09790770 -0.32743055
v -0.06059492 0.10358211 -0.32743106
v -0.05133963 0.10846769 -0.32743178
v -0.04169680 0.11252722 -0.32743204
v -0.03174254 0.11572990 -0.32742990
v -0.02155705 0.11805207 -0.32741932
v -0.01122769 0.11947777 -0.32739063
v -0.00084941 0.12000115 -0.32732393
v 0.00946687 0.11963016 -0.32720411
v 0.01960174 0.11839244 -0.32700077
v 0.02942257 0.11634135 -0.32670000
v 0.03881932 0.11355201 -0.32617215
v 0.04774078 0.11009912 -0.32517782
v 0.05675122 0.10573692 -0.32255053
v 0.06644227 0.09993209 -0.31892319
v 0.07595681 0.09290620 -0.31873653
v 0.08384608 0.08585356 -0.31423652
v 0.08504929 0.08466178 0.19757277
v 0.09035976 -0.07896905 0.19725275
v 0.09665776 0.07112155 -0.31557697
v 0.10178239 0.06357156 -0.25194405
v 0.10732116 -0.05369512 0.12485396
v 0.11342483 -0.03918937 -0.42650799
v 0.10280059 0.06191153 -0.14637092
v 0.11017050 0.04757581 -0.31607446
v 0.11705467 0.02644244 0.29018330
v 0.11254044 -0.04166108 -0.10905639
v 0.11211064 -0.04280422 0.32384108
v 0.10086506 0.06501721 0.02938160
v 0.11688983 0.02716184 -0.42083478
v 0.10005177 -0.06626191 -0.15193485
v 0.11211526 0.04279213 -0.28323245
v 0.10976345 0.04850756 -0.29043938
v 0.11802891 -0.02168351 -0.45951251
v 0.11316845 -0.03992368 -0.34482556
v 0.11508142 -0.03401859 -0.31346620
v 0.11926300 0.01331672 -0.45243541
v 0.11012943 -0.04767082 -0.30756023
v 0.11367943 -0.03844457 -0.18128867
v 0.10603533 -0.05619169 0.08490691
v 0.11670570 0.02794239 0.27199766
v 0.10940209 0.04931715 0.31905125
v 0.11244620 0.04191480 -0.45744301
v 0.11281682 -0.04090677 -0.36692695
v 0.10343952 0.06083801 0.21794518
v 0.11475148 0.03511547 -0.08713650
v 0.09632249 0.07157497 0.21929956
v 0.09684449 -0.07086708 -0.33931553
v 0.10375136 -0.06030467 -0.33754401
v 0.11047657 0.04686070 -0.13297354
v 0.10565452 0.05690448 -0.33556229
v 0.10863710 -0.05098019 -0.44357028
v 0.10717802 -0.05398027 0.21522774
v 0.11631747 0.02951684 -0.20881924
v 0.10172565 0.06366231 0.13254376
v 0.09524775 -0.07299907 0.13000968
v 0.09662340 0.07116823 0.13110055
v 0.09561584 -0.07251627 -0.24633534
v 0.10103421 -0.06475404 -0.24971278
v 0.09988273 0.06651645 0.08313237
v 0.10067018 -0.06531855 -0.19817583
v 0.11561040 0.03217503 -0.31769176
v 0.10495335 0.05818757 -0.24238959
v 0.11141088 0.04459389 0.32904060
v 0.11090532 -0.04583675 -0.13144645
v 0.10763458 0.05306407 0.11448754
v 0.10840156 0.05147912 -0.18485435
v 0.10765079 0.05303116 0.30128447
v 0.11364659 -0.03854154 -0.16172917
v 0.11525955 0.03341008 -0.37352761
v 0.10734529 -0.05364686 -0.22402631
v 0.11635844 -0.02935492 -0.38378964
v 0.11264386 -0.04138067 -0.08483549
v 0.11755141 0.02413844 -0.18294449
v 0.11427609 -0.03663296 0.09666839
v 0.11482731 -0.03486671 0.25004826
v 0.11320578 -0.03981771 -0.32435919
v 0.11167326 0.04393269 0.37029469
v 0.11614453 -0.03019017 -0.33535186
v 0.10365387 -0.06047208 -0.42058473
v 0.10385546 0.06012522 0.30317459
v 0.10038009 -0.06576348 0.30285209
v 0.09625165 -0.07167020 -0.41801524
v 0.09405297 -0.07453212 0.30332403
v 0.08945765 -0.07998954 -0.41662233
v 0.08272979 -0.08692974 -0.41701505
v 0.08181786 0.08778859 0.29765294
v 0.07492873 0.09373731 0.29782965
v 0.06783309 0.09899329 0.29847339
v 0.06033479 0.10373385 0.29960204
v 0.05198584 0.10815946 0.30060219
v 0.04288408 0.11208012 0.30125472
v 0.03324060 0.11530855 0.30157903
v 0.02321054 0.11773814 0.30167702
v 0.01291407 0.11930727 0.30169908
v 0.00246724 0.11997879 0.30176080
v -0.00802395 0.11973560 0.30187214
v -0.01846407 0.11857519 0.30198322
v -0.02876031 0.11650683 0.30206386
v -0.03882764 0.11354916 0.30211266
v -0.04858961 0.10972715 0.30213900
v -0.05797489 0.10507098 0.30215210
v -0.06691496 0.09961619 0.30215823
v -0.07534378 0.09340403 0.30216097
v -0.08319828 0.08648146 0.30216216
v -0.09041923 0.07890095 0.30216265
v -0.09695189 0.07072007 0.30216286
v -0.10274664 0.06200101 0.30216294
v -0.10775941 0.05281011 0.30216297
v -0.11195206 0.04321730 0.30216298
v -0.11529268 0.03329558 0.30216299
v -0.11775586 0.02312046 0.30216299
v -0.11932284 0.01276938 0.30216299
v -0.11998171 0.00232112 0.30216299
v -0.11972744 -0.00814481 0.30216299
v -0.11856198 -0.01854875 0.30216299
v -0.11649418 -0.02881152 0.30216299
v -0.11353980 -0.03885502 0.30216299
v -0.10972130 -0.04860281 0.30216299
v -0.10506777 -0.05798070 0.30216299
v -0.09961460 -0.06691733 0.30216300
v -0.09340331 -0.07534468 0.30216300
v -0.08648116 -0.08319860 0.30216303
v -0.07890082 -0.09041935 0.30216311
v -0.07071994 -0.09695199 0.30216333
v -0.06200056 -0.10274691 0.30216401
v -0.05280832 -0.10776028 0.30216597
v -0.04321116 -0.11195442 0.30217140
v -0.03327756 -0.11529788 0.30218554
v -0.02307461 -0.11776485 0.30221949
v -0.01266752 -0.11933370 0.30229367
v -0.00212253 -0.11998539 0.30243861
v 0.00848621 -0.11970373 0.30268262
v 0.01907580 -0.11847832 0.30300837
v 0.02957683 -0.11630223 0.30329699
v 0.03993032 -0.11316610 0.30335423
v 0.04998230 -0.10909981 0.30306757
v 0.05964723 -0.10413072 0.30298617
v 0.06905273 -0.09814641 0.30315660
v 0.07809625 -0.09111517 0.30352832
v 0.08643466 -0.08324690 0.30370410
v 0.07587418 -0.09297369 -0.41800342
v 0.06872715 -0.09837467 -0.41953147
v 0.06084094 -0.10343780 -0.42074129
v 0.05219639 -0.10805801 -0.42151923
v 0.04295229 -0.11205400 -0.42197316
v 0.03326323 -0.11530202 -0.42219804
v 0.02324316 -0.11773170 -0.42225525
v 0.01297114 -0.11930108 -0.42220718
v 0.00252352 -0.11997762 -0.42214123
v -0.00799262 -0.11973770 -0.42210760
v -0.01845556 -0.11857651 -0.42210263
v -0.02876269 -0.11650624 -0.42210958
v -0.03883250 -0.11354750 -0.42211808
v -0.04859353 -0.10972541 -0.42212445
v -0.05797728 -0.10506965 -0.42212835
v -0.06691623 -0.09961534 -0.42213047
v -0.07534440 -0.09340353 -0.42213153
v -0.08319859 -0.08648117 -0.42213203
v -0.09041939 -0.07890077 -0.42213225
v -0.09695199 -0.07071994 -0.42213235
v -0.10274671 -0.06200090 -0.42213239
v -0.10775946 -0.05281000 -0.42213241
v -0.11195210 -0.04321719 -0.42213242
v -0.11529271 -0.03329547 -0.42213242
v -0.11775588 -0.02312034 -0.42213242
v -0.11932286 -0.01276926 -0.42213242
v -0.11998171 -0.00232100 -0.42213242
v -0.11972743 0.00814492 -0.42213242
v -0.11856196 0.01854887 -0.42213242
v -0.11649415 0.02881164 -0.42213242
v -0.11353976 0.03885514 -0.42213242
v -0.10972126 0.04860292 -0.42213242
v -0.10506771 0.05798081 -0.42213242
v -0.09961453 0.06691743 -0.42213243
v -0.09340323 0.07534477 -0.42213244
v -0.08648108 0.08319869 -0.42213246
v -0.07890073 0.09041943 -0.42213253
v -0.07071983 0.09695207 -0.42213271
v -0.06200041 0.10274701 -0.42213315
v -0.05280795 0.10776047 -0.42213428
v -0.04320981 0.11195495 -0.42213728
v -0.03327258 0.11529932 -0.42214554
v -0.02305872 0.11776796 -0.42216829
v -0.01262439 0.11933827 -0.42222812
v -0.00202369 0.11998709 -0.42237403
v 0.00866984 0.11969057 -0.42269005
v 0.01932881 0.11843730 -0.42322291
v 0.02982840 0.11623796 -0.42373798
v 0.04011737 0.11309993 -0.42395982
v 0.05013241 0.10903091 -0.42387859
v 0.05975257 0.10407030 -0.42352548
v 0.06883920 0.09829630 -0.42273671
v 0.07736179 0.09173958 -0.42193738
v 0.08532509 0.08438380 -0.42085969
v 0.08885820 0.08065494 0.29881060
v 0.09252990 0.07641476 -0.41899495
v 0.09676783 0.07097173 0.29985177
v 0.09694191 0.07073376 -0.42083016
v 0.09918452 0.06755315 -0.21552452
v 0.08972657 -0.07968777 0.09750934
v 0.08682704 0.08283757 0.10157240
v 0.07932172 0.09005034 0.10250637
v 0.07148041 0.09639268 0.10396007
v 0.06204172 0.10272207 0.10506391
v 0.05041606 0.10890004 0.10679523
v 0.04362829 0.11179253 0.10361966
v 0.03093832 0.11594748 0.10588230
v 0.02370978 0.11763862 0.10291754
v 0.01045742 0.11954765 0.10543540
v 0.00301619 0.11996625 0.10257605
v -0.01039997 0.11955266 0.10522685
v -0.01781818 0.11867397 0.10241582
v -0.03098311 0.11593552 0.10512676
v -0.03814888 0.11377900 0.10233347
v -0.05065936 0.10878707 0.10507897
v -0.05735436 0.10541098 0.10230270
v -0.06880882 0.09831757 0.10508761
v -0.07481074 0.09383150 0.10233259
v -0.08483686 0.08487465 0.10510996
v -0.08995928 0.07942497 0.10233584
v -0.09828292 0.06885829 0.10507434
v -0.10238934 0.06258931 0.10228263
v -0.10876110 0.05071510 0.10504866
v -0.11171875 0.04381689 0.10228860
v -0.11592006 0.03104091 0.10510761
v -0.11762884 0.02375823 0.10237204
v -0.11954560 0.01048084 0.10516498
v -0.11996599 0.00302633 0.10240872
v -0.11955324 -0.01039329 0.10516102
v -0.11867460 -0.01781398 0.10238574
v -0.11593659 -0.03097909 0.10512357
v -0.11378059 -0.03814413 0.10233853
v -0.10879020 -0.05065264 0.10507903
v -0.10541519 -0.05734663 0.10229448
v -0.09831691 -0.06880976 0.10506367
v -0.09382353 -0.07482074 0.10230169
v -0.08485501 -0.08485650 0.10509983
v -0.07940073 -0.08998068 0.10234592
v -0.06884873 -0.09828963 0.10511060
v -0.06259608 -0.10238519 0.10233068
v -0.05074741 -0.10874603 0.10507159
v -0.04386582 -0.11169955 0.10228513
v -0.03108111 -0.11590929 0.10504973
v -0.02379357 -0.11762170 0.10227568
v -0.01049617 -0.11954425 0.10502856
v -0.00303736 -0.11996571 0.10222466
v 0.01039976 -0.11955268 0.10491290
v 0.01782999 -0.11867219 0.10205278
v 0.03103103 -0.11592270 0.10468038
v 0.03821752 -0.11375596 0.10175250
v 0.05077480 -0.10873324 0.10428805
v 0.05747879 -0.10534319 0.10121860
v 0.06903686 -0.09815758 0.10344750
v 0.07508962 -0.09360847 0.09995138
v 0.08520543 -0.08450463 0.09946988
v 0.08612676 -0.08356542 -0.22487913
v 0.07915056 -0.09020082 -0.22507851
v 0.07126815 -0.09654972 -0.22613434
v 0.06174132 -0.10290290 -0.22686871
v 0.04988364 -0.10914495 -0.22795637
v 0.04281704 -0.11210575 -0.22446146
v 0.02967312 -0.11627770 -0.22663957
v 0.02218234 -0.11793618 -0.22370708
v 0.00884660 -0.11967763 -0.22580836
v 0.00123321 -0.11999782 -0.22257584
v -0.01229416 -0.11937274 -0.22457204
v -0.01995082 -0.11833412 -0.22143563
v -0.03310260 -0.11534824 -0.22400814
v -0.04042308 -0.11299103 -0.22106933
v -0.05273645 -0.10779547 -0.22385762
v -0.05950286 -0.10421328 -0.22097782
v -0.07067998 -0.09698112 -0.22382294
v -0.07671104 -0.09228442 -0.22095773
v -0.08645113 -0.08322980 -0.22381620
v -0.09157298 -0.07755893 -0.22095415
v -0.09959089 -0.06695262 -0.22381542
v -0.10364989 -0.06047891 -0.22095446
v -0.10970390 -0.04864209 -0.22381620
v -0.11257696 -0.04156231 -0.22095559
v -0.11648355 -0.02885447 -0.22381674
v -0.11808359 -0.02138374 -0.22095583
v -0.11972433 -0.00819033 -0.22381601
v -0.12000287 -0.00055518 -0.22095430
v -0.11932773 0.01272367 -0.22381372
v -0.11827612 0.02029179 -0.22095105
v -0.11530510 0.03325255 -0.22381047
v -0.11295499 0.04052368 -0.22094735
v -0.10777822 0.05277172 -0.22380841
v -0.10420090 0.05952454 -0.22094589
v -0.09697591 0.07068713 -0.22380821
v -0.09228015 0.07671618 -0.22094594
v -0.08322670 0.08645411 -0.22380844
v -0.07755528 0.09157607 -0.22094623
v -0.06694888 0.09959340 -0.22380977
v -0.06047460 0.10365240 -0.22094886
v -0.04863914 0.10970520 -0.22381588
v -0.04156061 0.11257759 -0.22095920
v -0.02886187 0.11648172 -0.22383837
v -0.02140072 0.11808051 -0.22099680
v -0.00824435 0.11972063 -0.22391637
v -0.00064580 0.12000242 -0.22111877
v 0.01251984 0.11934928 -0.22413409
v 0.01998082 0.11832905 -0.22142890
v 0.03267663 0.11546963 -0.22455640
v 0.03969600 0.11324851 -0.22191148
v 0.05170743 0.10829284 -0.22469383
v 0.05828398 0.10489984 -0.22162749
v 0.06967018 0.09770908 -0.22375124
v 0.07559364 0.09320193 -0.22011344
v 0.08420099 0.08550551 -0.21930746
v 0.09200162 0.07704999 -0.21849888
v 0.09549784 0.07267160 0.09954523
v 0.09266817 -0.07624702 -0.22204004
v 0.09946112 -0.06714523 -0.21142196
v 0.09843720 -0.06863756 0.10049615
v 0.10400584 -0.05986470 -0.21757549
v 0.10395013 0.05996139 -0.42078946
v 0.11076140 -0.04618344 -0.15808465
v 0.11174334 -0.04375413 0.17553670
v 0.10877502 -0.05068524 0.28496527
v 0.11135442 -0.04473467 0.34077315
v 0.10444780 0.05909023 0.08952051
v 0.11542555 -0.03283202 0.04094923
v 0.11620079 0.02997288 -0.29694345
v 0.11775876 0.02310568 -0.43370494
v 0.11717524 -0.02590289 0.31327960
v 0.11554979 -0.03239202 0.20272924
v 0.10393957 -0.05997970 -0.28955895
v 0.11706371 0.02640237 -0.35447206
v 0.10576027 -0.05670771 -0.05175253
v 0.11367765 0.03844984 0.28242986
v 0.10657364 0.05516391 -0.42458782
v 0.11461587 0.03555558 -0.27625999
v 0.10318490 -0.06126886 -0.00144913
v 0.10076110 0.06517820 -0.42449625
v 0.11627498 -0.02968379 0.15655055
v 0.10338608 -0.06092879 0.30726977
v 0.11628433 0.02964713 0.34440233
v 0.11818373 0.02082313 -0.46566104
v 0.11830529 -0.02012103 0.34127141
v 0.10398516 0.05990062 0.24003055
v 0.10485867 -0.05835800 -0.35940112
v 0.09817580 -0.06901095 0.23338826
v 0.09694193 -0.07073373 -0.36098976
v 0.09651599 0.07131383 0.24114764
v 0.09319064 -0.07560756 0.23667201
v 0.08745925 -0.08216980 -0.36099748
v 0.08759126 -0.08202907 0.24037091
v 0.08269263 0.08696509 0.23522100
v 0.07405736 0.09442725 0.23352459
v 0.06533874 0.10065708 0.23328158
v 0.05623696 0.10601133 0.23366368
v 0.04691527 0.11045340 0.23426876
v 0.03739919 0.11402762 0.23497271
v 0.02761431 0.11678376 0.23596839
v 0.01735651 0.11874237 0.23741872
v 0.00673293 0.11981513 0.23815051
v -0.00390511 0.11994060 0.23842782
v -0.01443870 0.11913237 0.23853094
v -0.02481275 0.11741092 0.23856994
v -0.03497105 0.11479557 0.23858562
v -0.04485057 0.11130779 0.23859263
v -0.05438356 0.10697395 0.23859608
v -0.06350076 0.10182657 0.23859787
v -0.07213408 0.09590449 0.23859879
v -0.08021825 0.08925262 0.23859925
v -0.08769188 0.08192150 0.23859946
v -0.09449811 0.07396692 0.23859956
v -0.10058516 0.06544940 0.23859960
v -0.10590669 0.05643378 0.23859962
v -0.11042220 0.04698866 0.23859963
v -0.11409734 0.03718595 0.23859965
v -0.11690413 0.02710024 0.23859968
v -0.11882121 0.01680830 0.23859971
v -0.11983399 0.00638844 0.23859973
v -0.11993478 -0.00408004 0.23859975
v -0.11912280 -0.01451747 0.23859974
v -0.11740422 -0.02484445 0.23859973
v -0.11479213 -0.03498236 0.23859970
v -0.11130639 -0.04485405 0.23859968
v -0.10697352 -0.05438440 0.23859965
v -0.10182652 -0.06350086 0.23859964
v -0.09590454 -0.07213403 0.23859963
v -0.08925266 -0.08021821 0.23859964
v -0.08192150 -0.08769188 0.23859967
v -0.07396682 -0.09449819 0.23859975
v -0.06544894 -0.10058546 0.23859997
v -0.05643194 -0.10590767 0.23860051
v -0.04698230 -0.11042492 0.23860157
v -0.03716666 -0.11410363 0.23860264
v -0.02704889 -0.11691602 0.23860003
v -0.01668727 -0.11883826 0.23857972
v -0.00613415 -0.11984728 0.23849985
v 0.00455590 -0.11991764 0.23824729
v 0.01525804 -0.11903021 0.23753738
v 0.02560376 -0.11724097 0.23610725
v 0.03545709 -0.11464638 0.23515493
v 0.04495668 -0.11126498 0.23452514
v 0.05404337 -0.10714622 0.23397486
v 0.06255998 -0.10240726 0.23351315
v 0.07044601 -0.09715121 0.23379591
v 0.07843520 -0.09082355 0.23651250
v 0.08300593 -0.08666610 -0.35463747
v 0.07440815 -0.09415108 -0.35287484
v 0.06570467 -0.10041859 -0.35242779
v 0.05645246 -0.10589673 -0.35259080
v 0.04686427 -0.11047506 -0.35312953
v 0.03711999 -0.11411882 -0.35387285
v 0.02727561 -0.11686333 -0.35471052
v 0.01726987 -0.11875500 -0.35581653
v 0.00688661 -0.11980640 -0.35734393
v -0.00377829 -0.11994466 -0.35811417
v -0.01437538 -0.11914003 -0.35840485
v -0.02478950 -0.11741584 -0.35850924
v -0.03496774 -0.11479658 -0.35854520
v -0.04485523 -0.11130591 -0.35855733
v -0.05439043 -0.10697046 -0.35856157
v -0.06350764 -0.10182228 -0.35856323
v -0.07214036 -0.09589977 -0.35856396
v -0.08022386 -0.08924758 -0.35856432
v -0.08769687 -0.08191616 -0.35856448
v -0.09450253 -0.07396127 -0.35856456
v -0.10058903 -0.06544344 -0.35856459
v -0.10591002 -0.05642753 -0.35856460
v -0.11042498 -0.04698215 -0.35856460
v -0.11409954 -0.03717921 -0.35856460
v -0.11690574 -0.02709330 -0.35856460
v -0.11882221 -0.01680120 -0.35856459
v -0.11983438 -0.00638123 -0.35856459
v -0.11993453 0.00408731 -0.35856458
v -0.11912191 0.01452474 -0.35856458
v -0.11740270 0.02485163 -0.35856458
v -0.11478999 0.03498938 -0.35856459
v -0.11130365 0.04486084 -0.35856459
v -0.10697023 0.05439089 -0.35856460
v -0.10182270 0.06350698 -0.35856461
v -0.09590024 0.07213975 -0.35856462
v -0.08924792 0.08022348 -0.35856465
v -0.08191639 0.08769665 -0.35856470
v -0.07396144 0.09450240 -0.35856479
v -0.06544355 0.10058897 -0.35856494
v -0.05642721 0.10591019 -0.35856500
v -0.04697991 0.11042593 -0.35856419
v -0.03717056 0.11410235 -0.35855970
v -0.02706772 0.11691166 -0.35854332
v -0.01673887 0.11883101 -0.35849458
v -0.00625357 0.11984111 -0.35836904
v 0.00430398 0.11992695 -0.35808444
v 0.01480850 0.11908697 -0.35753322
v 0.02509205 0.11735155 -0.35671303
v 0.03505512 0.11476993 -0.35586502
v 0.04467805 0.11137715 -0.35499220
v 0.05389159 0.10722264 -0.35401922
v 0.06261110 0.10237601 -0.35323466
v 0.07119364 0.09660468 -0.35382547
v 0.08006865 0.08938685 -0.35613189
v 0.08523987 0.08446989 -0.35226101
v 0.08713923 0.08250910 0.24140483
v 0.09423898 0.07429679 -0.35383698
v 0.09910360 0.06767181 -0.35472044
v 0.11616483 0.03011197 0.11718099
v 0.10560959 -0.05698783 0.23745668
v 0.10563808 0.05693500 -0.36096410
v 0.11185553 0.04346652 0.31121835
v 0.11879407 -0.01699901 -0.42172467
v 0.11090751 0.04583145 -0.37583749
v 0.11066089 -0.04642376 -0.32979632
v 0.11658597 -0.02843781 0.25300227
v 0.10363624 0.06050230 -0.04283796
v 0.10584770 0.05654434 0.20355825
v 0.11735222 0.02508891 -0.23055033
v 0.11144463 0.04450947 -0.49186258
v 0.10701656 0.05429966 0.23521480
v 0.10572063 -0.05678157 -0.31853145
v 0.10209489 -0.06306846 0.16650358
v 0.08982964 0.07957157 0.16461127
v 0.08974695 0.07966481 -0.28730728
v 0.08059965 0.08890835 0.16643714
v 0.07473842 0.09388911 0.16290889
v 0.06259479 0.10238599 0.16300957
v 0.05741569 0.10537759 0.16125326
v 0.04475154 0.11134764 0.16192109
v 0.03905923 0.11346971 0.16029845
v 0.02531842 0.11730292 0.16124468
v 0.01923052 0.11845330 0.15976443
v 0.00484623 0.11990626 0.16097682
v -0.00141944 0.11999576 0.15956378
v -0.01594083 0.11894069 0.16088458
v -0.02215860 0.11794064 0.15949393
v -0.03631927 0.11437617 0.16085293
v -0.04228091 0.11230905 0.15946993
v -0.05562243 0.10633505 0.16084310
v -0.06113831 0.10326231 0.15946327
v -0.07324279 0.09506047 0.16084172
v -0.07814172 0.09107617 0.15946286
v -0.08863758 0.08089733 0.16084134
v -0.09277011 0.07612296 0.15946190
v -0.10133899 0.06427603 0.16083940
v -0.10457981 0.05885627 0.15945989
v -0.11096128 0.04570113 0.16083945
v -0.11321162 0.03980110 0.15946132
v -0.11721124 0.02573953 0.16084350
v -0.11840272 0.01953952 0.15946630
v -0.11989998 0.00499915 0.16084754
v -0.11999698 -0.00131278 0.15946961
v -0.11894711 -0.01589287 0.16084760
v -0.11794671 -0.02212625 0.15946826
v -0.11438059 -0.03630535 0.16084411
v -0.11231257 -0.04227155 0.15946402
v -0.10633709 -0.05561854 0.16084046
v -0.10326372 -0.06113593 0.15946082
v -0.09506050 -0.07324274 0.16083974
v -0.09107552 -0.07814249 0.15946110
v -0.08089568 -0.08863909 0.16084118
v -0.07612098 -0.09277173 0.15946255
v -0.06427454 -0.10133993 0.16084114
v -0.05885515 -0.10458045 0.15946166
v -0.04570087 -0.11096138 0.16083882
v -0.03980107 -0.11321163 0.15945865
v -0.02573907 -0.11721134 0.16083412
v -0.01953911 -0.11840279 0.15945216
v -0.00500207 -0.11989986 0.16082098
v 0.00130552 -0.11999706 0.15943570
v 0.01585551 -0.11895209 0.16080194
v 0.02206737 -0.11795774 0.15942349
v 0.03613616 -0.11443416 0.16084909
v 0.04204833 -0.11239633 0.15953184
v 0.05516094 -0.10657518 0.16128895
v 0.06065670 -0.10354594 0.16024030
v 0.07286555 -0.09534993 0.16337856
v 0.07826571 -0.09096965 0.16280273
v 0.08140820 -0.08816860 -0.28663342
v 0.07578028 -0.09305024 -0.28333052
v 0.06294226 -0.10217275 -0.28470294
v 0.05716122 -0.10551584 -0.28311527
v 0.04358143 -0.11181081 -0.28294640
v 0.03791495 -0.11385717 -0.28092542
v 0.02438946 -0.11749958 -0.28140799
v 0.01843059 -0.11858040 -0.27984585
v 0.00424937 -0.11992890 -0.28092520
v -0.00196835 -0.11998802 -0.27947804
v -0.01638922 -0.11887973 -0.28073607
v -0.02260152 -0.11785656 -0.27931879
v -0.03670264 -0.11425373 -0.28065406
v -0.04267077 -0.11216151 -0.27925267
v -0.05596091 -0.10615731 -0.28062567
v -0.06148358 -0.10305710 -0.27923189
v -0.07353782 -0.09483242 -0.28061833
v -0.07844077 -0.09081874 -0.27922694
v -0.08888630 -0.08062397 -0.28061674
v -0.09301849 -0.07581925 -0.27922587
v -0.10153573 -0.06396479 -0.28061631
v -0.10477097 -0.05851532 -0.27922552
v -0.11110045 -0.04536173 -0.28061608
v -0.11334028 -0.03943322 -0.27922531
v -0.11728955 -0.02538029 -0.28061590
v -0.11846588 -0.01915289 -0.27922514
v -0.11991490 -0.00462763 -0.28061576
v -0.11999198 0.00170945 -0.27922500
v -0.11889670 0.01626571 -0.28061566
v -0.11787218 0.02251992 -0.27922491
v -0.11426585 0.03666488 -0.28061562
v -0.11217086 0.04264618 -0.27922490
v -0.10616305 0.05595001 -0.28061571
v -0.10306123 0.06147667 -0.27922502
v -0.09483451 0.07353512 -0.28061593
v -0.09082011 0.07843918 -0.27922529
v -0.08062453 0.08888579 -0.28061630
v -0.07581962 0.09301818 -0.27922575
v -0.06396560 0.10153521 -0.28061714
v -0.05851680 0.10477014 -0.27922696
v -0.04536788 0.11109794 -0.28062016
v -0.03944356 0.11333668 -0.27923170
v -0.02541277 0.11728252 -0.28063263
v -0.01920274 0.11845781 -0.27925088
v -0.00475726 0.11990983 -0.28067867
v 0.00152502 0.11999447 -0.27931971
v 0.01585758 0.11895182 -0.28083796
v 0.02198451 0.11797322 -0.27955659
v 0.03567391 0.11457910 -0.28141212
v 0.04150280 0.11259892 -0.28040415
v 0.05459189 0.10686778 -0.28353372
v 0.06045664 0.10366288 -0.28290863
v 0.07335798 0.09497160 -0.28579801
v 0.07872029 0.09057656 -0.28464591
v 0.08972708 -0.07968719 0.16739335
v 0.08974082 -0.07967172 -0.28359609
v 0.09478357 0.07360076 -0.28573365
v 0.09412715 -0.07443842 0.16771827
v 0.10834345 -0.05160131 -0.20162880
v 0.11424516 0.03672931 0.12963784
v 0.10855846 -0.05114742 -0.35246604
v 0.11095519 -0.04571590 -0.49050751
v 0.10013237 0.06614005 -0.28503521
v 0.11815972 -0.02095897 0.27961993
v 0.11580814 -0.03145589 0.24435121
v 0.09438817 -0.07410716 0.05801235
v 0.09885762 0.06803065 0.05995468
v 0.11737374 -0.02498806 -0.19178891
v 0.09727810 -0.07027068 -0.16835494
v 0.10018809 0.06605562 -0.03910848
v 0.10215680 -0.06296813 -0.17832301
v 0.11347942 -0.03903099 -0.43966444
v 0.10368594 0.06041708 -0.31580193
v 0.10639877 0.05550045 -0.49266844
v 0.10097793 -0.06484177 -0.49163652
v 0.10110006 0.06465119 0.37306496
v 0.10111669 0.06462517 -0.49333640
v 0.09495176 -0.07338365 -0.49229798
v 0.09520948 0.07304898 -0.49371768
v 0.08824431 -0.08132613 -0.49203590
v 0.08093598 0.08860229 0.37178105
v 0.07260681 0.09554710 0.37189767
v 0.06384033 0.10161402 0.37206577
v 0.05465749 0.10683425 0.37218874
v 0.04509590 0.11120862 0.37228313
v 0.03522091 0.11471916 0.37235469
v 0.02510837 0.11734806 0.37239477
v 0.01483136 0.11908412 0.37236985
v 0.00440070 0.11992344 0.37220294
v -0.00613496 0.11984724 0.37203291
v -0.01662437 0.11884708 0.37199028
v -0.02695488 0.11693773 0.37198842
v -0.03706073 0.11413807 0.37199304
v -0.04687497 0.11047051 0.37199678
v -0.05632797 0.10596300 0.37199896
v -0.06535024 0.10064961 0.37200007
v -0.07387427 0.09457056 0.37200059
v -0.08183571 0.08777194 0.37200082
v -0.08917420 0.08030542 0.37200092
v -0.09583396 0.07222776 0.37200096
v -0.10176436 0.06360042 0.37200098
v -0.10692026 0.05448905 0.37200099
v -0.11126243 0.04496299 0.37200099
v -0.11475782 0.03509473 0.37200099
v -0.11737984 0.02495938 0.37200099
v -0.11910853 0.01463407 0.37200099
v -0.11993073 0.00419740 0.37200099
v -0.11984018 -0.00627123 0.37200099
v -0.11883758 -0.01669212 0.37200099
v -0.11693056 -0.02698598 0.37200099
v -0.11413361 -0.03707447 0.37200099
v -0.11046805 -0.04688079 0.37200099
v -0.10596176 -0.05633031 0.37200099
v -0.10064903 -0.06535114 0.37200099
v -0.09457030 -0.07387459 0.37200100
v -0.08777184 -0.08183582 0.37200101
v -0.08030538 -0.08917424 0.37200104
v -0.07222774 -0.09583398 0.37200112
v -0.06360038 -0.10176439 0.37200133
v -0.05448889 -0.10692034 0.37200182
v -0.04496243 -0.11126265 0.37200297
v -0.03509311 -0.11475832 0.37200551
v -0.02495523 -0.11738073 0.37201080
v -0.01462460 -0.11910969 0.37202120
v -0.00417803 -0.11993141 0.37204055
v 0.00630677 -0.11983832 0.37207495
v 0.01675033 -0.11882939 0.37213375
v 0.02706970 -0.11691120 0.37222937
v 0.03717813 -0.11409989 0.37237348
v 0.04698847 -0.11042229 0.37257530
v 0.05640838 -0.10592022 0.37285979
v 0.06531781 -0.10067066 0.37327064
v 0.07357527 -0.09480336 0.37378157
v 0.08122307 -0.08833919 0.37404990
v 0.08837558 -0.08118347 0.37392272
v 0.08067900 -0.08883635 -0.49179183
v 0.07243406 -0.09567813 -0.49197682
v 0.06372896 -0.10168391 -0.49213385
v 0.05458952 -0.10686900 -0.49224424
v 0.04506556 -0.11122092 -0.49232310
v 0.03522727 -0.11471720 -0.49236646
v 0.02514568 -0.11734007 -0.49234273
v 0.01483132 -0.11908413 -0.49217597
v 0.00433132 -0.11992597 -0.49200536
v -0.00620410 -0.11984368 -0.49196167
v -0.01666110 -0.11884194 -0.49195891
v -0.02697221 -0.11693373 -0.49196296
v -0.03706863 -0.11413551 -0.49196642
v -0.04687844 -0.11046905 -0.49196848
v -0.05632943 -0.10596223 -0.49196956
v -0.06535082 -0.10064923 -0.49197008
v -0.07387449 -0.09457039 -0.49197032
v -0.08183579 -0.08777187 -0.49197042
v -0.08917423 -0.08030539 -0.49197047
v -0.09583397 -0.07222775 -0.49197049
v -0.10176436 -0.06360041 -0.49197049
v -0.10692026 -0.05448905 -0.49197050
v -0.11126243 -0.04496298 -0.49197050
v -0.11475782 -0.03509473 -0.49197050
v -0.11737984 -0.02495938 -0.49197050
v -0.11910853 -0.01463407 -0.49197050
v -0.11993073 -0.00419739 -0.49197050
v -0.11984018 0.00627123 -0.49197050
v -0.11883758 0.01669213 -0.49197050
v -0.11693056 0.02698599 -0.49197050
v -0.11413361 0.03707447 -0.49197050
v -0.11046805 0.04688079 -0.49197050
v -0.10596176 0.05633031 -0.49197050
v -0.10064903 0.06535114 -0.49197050
v -0.09457030 0.07387460 -0.49197050
v -0.08777183 0.08183583 -0.49197051
v -0.08030537 0.08917425 -0.49197054
v -0.07222771 0.09583400 -0.49197060
v -0.06360030 0.10176443 -0.49197076
v -0.05448868 0.10692045 -0.49197116
v -0.04496187 0.11126288 -0.49197211
v -0.03509170 0.11475875 -0.49197430
v -0.02495194 0.11738142 -0.49197900
v -0.01461754 0.11911056 -0.49198838
v -0.00416400 0.11993189 -0.49200595
v 0.00633282 0.11983695 -0.49203775
v 0.01679521 0.11882306 -0.49209540
v 0.02713790 0.11689539 -0.49219983
v 0.03726152 0.11407268 -0.49236981
v 0.04707165 0.11038686 -0.49258218
v 0.05649151 0.10587590 -0.49281991
v 0.06542605 0.10060035 -0.49312405
v 0.07374028 0.09467507 -0.49352796
v 0.08145930 0.08812139 -0.49378900
v 0.08864422 0.08089005 -0.49383763
v 0.08854275 0.08100110 0.37227323
v 0.09523278 0.07301859 0.37295849
v 0.09497654 -0.07335159 0.37361698
v 0.10094058 -0.06489990 0.37305418
v 0.11078565 -0.04612525 0.37150678
v 0.10798412 -0.05234910 -0.02565688
v 0.10081267 -0.06509841 -0.17173307
v 0.10701787 0.05429708 -0.28771521
v 0.10304820 0.06149850 -0.11665805
v 0.10714420 -0.05404738 0.37096376
v 0.10241636 -0.06254508 -0.08322752
v 0.10779504 0.05273734 -0.31935907
v 0.11689344 -0.02714630 -0.17488697
v 0.10562933 -0.05695123 -0.03233152
v 0.11696009 0.02685769 0.20927846
v 0.09895368 0.06789085 -0.45458510
v 0.09422014 0.07432068 -0.46171877
v 0.08765439 0.08196161 -0.46088384
v 0.08861119 0.08092623 0.34172958
v 0.08224550 0.08738808 0.33349044
v 0.07398225 0.09448611 0.33624000
v 0.06540017 0.10061717 0.33774284
v 0.05613348 0.10606616 0.33785930
v 0.04642794 0.11065914 0.33848242
v 0.03654843 0.11430315 0.33897184
v 0.02648843 0.11704427 0.33932801
v 0.01633299 0.11888747 0.33963228
v 0.00623130 0.11984227 0.34006101
v -0.00414941 0.11993240 0.34133860
v -0.01484476 0.11908245 0.34166522
v -0.02529829 0.11730726 0.34179195
v -0.03549358 0.11463509 0.34185370
v -0.04538342 0.11109160 0.34188554
v -0.05490912 0.10670514 0.34190170
v -0.06400740 0.10150887 0.34190959
v -0.07261398 0.09554165 0.34191328
v -0.08066589 0.08884826 0.34191495
v -0.08810302 0.08147918 0.34191567
v -0.09486930 0.07349023 0.34191598
v -0.10091344 0.06494210 0.34191610
v -0.10618953 0.05589976 0.34191615
v -0.11065743 0.04643200 0.34191618
v -0.11428316 0.03661088 0.34191618
v -0.11703913 0.02651113 0.34191619
v -0.11890436 0.01620961 0.34191619
v -0.11986465 0.00578473 0.34191619
v -0.11991270 -0.00468417 0.34191619
v -0.11904815 -0.01511743 0.34191619
v -0.11727756 -0.02543563 0.34191619
v -0.11461442 -0.03556025 0.34191619
v -0.11107900 -0.04541424 0.34191619
v -0.10669820 -0.05492260 0.34191619
v -0.10150536 -0.06401296 0.34191619
v -0.09554001 -0.07261615 0.34191620
v -0.08884754 -0.08066668 0.34191623
v -0.08147888 -0.08810330 0.34191632
v -0.07349009 -0.09486940 0.34191655
v -0.06494192 -0.10091355 0.34191715
v -0.05589916 -0.10618984 0.34191867
v -0.04642996 -0.11065829 0.34192239
v -0.03660475 -0.11428513 0.34193096
v -0.02649511 -0.11704276 0.34194937
v -0.01617252 -0.11890941 0.34198587
v -0.00570743 -0.11986836 0.34205263
v 0.00483118 -0.11990687 0.34216664
v 0.01537520 -0.11901513 0.34235378
v 0.02585240 -0.11718639 0.34266276
v 0.03615847 -0.11442711 0.34319226
v 0.04611515 -0.11078985 0.34402851
v 0.05565978 -0.10631551 0.34493921
v 0.06483129 -0.10098466 0.34618551
v 0.07323732 -0.09506467 0.34863227
v 0.08086786 -0.08866447 0.35195282
v 0.08062311 -0.08888707 -0.45639910
v 0.07345889 -0.09489357 -0.45769968
v 0.06490462 -0.10093754 -0.45782406
v 0.05572079 -0.10628354 -0.45847782
v 0.04625152 -0.11073299 -0.45899429
v 0.03651136 -0.11431500 -0.45936672
v 0.02658791 -0.11702171 -0.45967404
v 0.01663062 -0.11884621 -0.46009383
v 0.00631113 -0.11983809 -0.46135442
v -0.00441103 -0.11992306 -0.46166431
v -0.01497746 -0.11906584 -0.46177779
v -0.02536675 -0.11729248 -0.46183105
v -0.03552816 -0.11462438 -0.46185830
v -0.04540019 -0.11108475 -0.46187233
v -0.05491684 -0.10670117 -0.46187938
v -0.06401075 -0.10150675 -0.46188281
v -0.07261536 -0.09554060 -0.46188441
v -0.08066642 -0.08884777 -0.46188514
v -0.08810322 -0.08147896 -0.46188545
v -0.09486937 -0.07349014 -0.46188559
v -0.10091347 -0.06494205 -0.46188565
v -0.10618953 -0.05589974 -0.46188567
v -0.11065744 -0.04643199 -0.46188568
v -0.11428317 -0.03661087 -0.46188569
v -0.11703913 -0.02651112 -0.46188569
v -0.11890436 -0.01620960 -0.46188569
v -0.11986465 -0.00578473 -0.46188569
v -0.11991270 0.00468418 -0.46188569
v -0.11904815 0.01511744 -0.46188569
v -0.11727756 0.02543564 -0.46188569
v -0.11461442 0.03556026 -0.46188569
v -0.11107900 0.04541425 -0.46188569
v -0.10669820 0.05492261 -0.46188569
v -0.10150536 0.06401297 -0.46188569
v -0.09554000 0.07261616 -0.46188570
v -0.08884752 0.08066670 -0.46188573
v -0.08147885 0.08810332 -0.46188580
v -0.07349002 0.09486946 -0.46188598
v -0.06494171 0.10091368 -0.46188645
v -0.05589857 0.10619015 -0.46188767
v -0.04642827 0.11065900 -0.46189074
v -0.03660024 0.11428657 -0.46189820
v -0.02648413 0.11704524 -0.46191508
v -0.01614847 0.11891268 -0.46194986
v -0.00566004 0.11987060 -0.46201428
v 0.00491663 0.11990340 -0.46212121
v 0.01552166 0.11899612 -0.46228396
v 0.02610712 0.11712991 -0.46253285
v 0.03665536 0.11426891 -0.46300898
v 0.04661491 0.11058051 -0.46448442
v 0.05598591 0.10614413 -0.46529826
v 0.06502964 0.10085705 -0.46623155
v 0.07362528 0.09476453 -0.46746938
v 0.08191695 0.08769613 -0.46960704
v 0.08680203 -0.08286378 -0.46168803
v 0.08660958 -0.08306491 0.34106903
v 0.09391162 -0.07471014 -0.46465518
v 0.09965893 -0.06685130 -0.45806413
v 0.09387614 -0.07475472 0.34834406
v 0.10400573 -0.05986490 -0.46145243
v 0.10443508 0.05911271 0.33149545
v 0.10455014 0.05890896 -0.45603799
v 0.09939256 -0.06724670 0.33778275
v 0.11544266 -0.03277181 0.35052670
v 0.10626688 0.05575256 0.37234000
v 0.10739041 -0.05355649 -0.48962044
v 0.11753694 0.02420881 0.08854896
v 0.11663020 0.02825589 -0.44662484
v 0.11489002 -0.03465950 -0.24219405
v 0.11703759 -0.02651794 0.32569166
v 0.11733241 0.02518140 -0.29185925
v 0.10874458 0.05075050 -0.01984354
v 0.11210732 -0.04281292 0.23294947
v 0.10383037 -0.06016853 0.34490347
v 0.11802439 0.02170808 0.07136333
v 0.10883798 0.05054989 0.34726966
v 0.11520176 -0.03360880 0.36631405
v 0.09832482 -0.06879846 -0.11687191
v 0.11885753 0.01654952 -0.16019328
v 0.09950250 -0.06708391 -0.02855024
v 0.11793267 -0.02220099 -0.24153636
v 0.11101266 -0.04557617 -0.42248232
v 0.09280763 0.07607722 -0.29712241
v 0.07959152 0.08981196 0.17765203
v 0.07450150 0.09407723 0.17246914
v 0.06394220 0.10154995 0.17115819
v 0.05796327 0.10507739 0.17033426
v 0.04658991 0.11059104 0.16994684
v 0.03993190 0.11316555 0.16935504
v 0.02740430 0.11683323 0.16918195
v 0.02026242 0.11828116 0.16881756
v 0.00706137 0.11979622 0.16893888
v -0.00031996 0.12000373 0.16866117
v -0.01371119 0.11921829 0.16886776
v -0.02105973 0.11814180 0.16861406
v -0.03416164 0.11503904 0.16884428
v -0.04122735 0.11270006 0.16859782
v -0.05360857 0.10736443 0.16883635
v -0.06016565 0.10383204 0.16859280
v -0.07143671 0.09642507 0.16883476
v -0.07728165 0.09180711 0.16859213
v -0.08709565 0.08255511 0.16883447
v -0.09204987 0.07699233 0.16859150
v -0.10010822 0.06617660 0.16883330
v -0.10402128 0.05983787 0.16859034
v -0.11007905 0.04778704 0.16883314
v -0.11283185 0.04086529 0.16859120
v -0.11670469 0.02794663 0.16883563
v -0.11821361 0.02065287 0.16859433
v -0.11978439 0.00725932 0.16883855
v -0.12000402 -0.00018512 0.16859662
v -0.11922553 -0.01364810 0.16883901
v -0.11814922 -0.02101808 0.16859595
v -0.11504457 -0.03414301 0.16883684
v -0.11270450 -0.04121521 0.16859324
v -0.10736703 -0.05360335 0.16883420
v -0.10383387 -0.06016249 0.16859103
v -0.09642563 -0.07143595 0.16883336
v -0.09180704 -0.07728173 0.16859096
v -0.08255417 -0.08709653 0.16883414
v -0.07699110 -0.09205090 0.16859178
v -0.06617539 -0.10010902 0.16883427
v -0.05983685 -0.10402187 0.16859125
v -0.04778633 -0.11007936 0.16883261
v -0.04086457 -0.11283211 0.16858862
v -0.02794553 -0.11670495 0.16882730
v -0.02065191 -0.11821377 0.16857979
v -0.00726238 -0.11978420 0.16880904
v 0.00017426 -0.12000403 0.16855359
v 0.01360216 -0.11923078 0.16877316
v 0.02093149 -0.11816459 0.16851989
v 0.03392199 -0.11510993 0.16878580
v 0.04087241 -0.11282927 0.16860292
v 0.05291929 -0.10770583 0.16916240
v 0.05923866 -0.10436369 0.16932691
v 0.07010503 -0.09739755 0.17134663
v 0.07645873 -0.09249357 0.17351152
v 0.08721827 -0.08242555 0.17590789
v 0.07571815 -0.09310080 -0.29297805
v 0.06513893 -0.10078650 -0.29369918
v 0.05793220 -0.10509452 -0.29387467
v 0.04483784 -0.11131292 -0.29125833
v 0.03827975 -0.11373503 -0.28991100
v 0.02626934 -0.11709364 -0.28924676
v 0.01934866 -0.11843406 -0.28879053
v 0.00644536 -0.11983095 -0.28885011
v -0.00084174 -0.12000121 -0.28855191
v -0.01410735 -0.11917206 -0.28873710
v -0.02142341 -0.11807640 -0.28846884
v -0.03446940 -0.11494720 -0.28868649
v -0.04152352 -0.11259127 -0.28843048
v -0.05386990 -0.10723354 -0.28866562
v -0.06042033 -0.10368405 -0.28841610
v -0.07166188 -0.09625785 -0.28865928
v -0.07750027 -0.09162263 -0.28841210
v -0.08728544 -0.08235442 -0.28865776
v -0.09223131 -0.07677488 -0.28841115
v -0.10025947 -0.06594722 -0.28865735
v -0.10416158 -0.05959331 -0.28841085
v -0.11018780 -0.04753573 -0.28865715
v -0.11292734 -0.04060067 -0.28841067
v -0.11676827 -0.02767974 -0.28865700
v -0.11826194 -0.02037430 -0.28841053
v -0.11980084 -0.00698266 -0.28865688
v -0.12000323 0.00047118 -0.28841042
v -0.11919332 0.01392664 -0.28865680
v -0.11809829 0.02130241 -0.28841036
v -0.11496415 0.03441282 -0.28865679
v -0.11260496 0.04148639 -0.28841037
v -0.10724183 0.05385339 -0.28865686
v -0.10369016 0.06040983 -0.28841048
v -0.09626100 0.07165764 -0.28865705
v -0.09162479 0.07749772 -0.28841071
v -0.08235543 0.08728449 -0.28865737
v -0.07677569 0.09223064 -0.28841114
v -0.06594842 0.10025868 -0.28865814
v -0.05959559 0.10416028 -0.28841235
v -0.04754269 0.11018480 -0.28866084
v -0.04061369 0.11292266 -0.28841677
v -0.02771430 0.11676008 -0.28867074
v -0.02043301 0.11825181 -0.28843241
v -0.00711867 0.11979283 -0.28870404
v 0.00025805 0.12000388 -0.28848485
v 0.01348862 0.11924368 -0.28882080
v 0.02066681 0.11821117 -0.28867684
v 0.03325448 0.11530454 -0.28928710
v 0.03994792 0.11315990 -0.28946810
v 0.05162417 0.10833256 -0.29142802
v 0.05859594 0.10472590 -0.29345365
v 0.07092403 0.09680279 -0.29494358
v 0.07734488 0.09175384 -0.29557305
v 0.08782281 0.08178113 -0.29603169
v 0.08067641 -0.08883870 -0.29758294
v 0.09239176 -0.07658172 0.17764697
v 0.08945375 -0.07999390 -0.12856835
v 0.08536408 0.08434436 -0.12449988
v 0.08331901 0.08636516 0.00901254
v 0.07862299 0.09066104 -0.12625983
v 0.06507856 0.10082549 0.00974829
v 0.06020969 0.10380651 -0.12909795
v 0.07256648 0.09557774 0.01127514
v 0.07155068 0.09634053 -0.12804298
v 0.04756305 0.11017602 0.00801915
v 0.04090385 0.11281787 -0.13023300
v 0.05644427 0.10590109 0.00821715
v 0.05290174 0.10771446 -0.12993640
v 0.03590317 0.11450747 0.00768231
v 0.03319381 0.11532202 -0.13073751
v 0.01559525 0.11898649 0.00661977
v 0.01274996 0.11932492 -0.13095286
v 0.02615418 0.11711941 0.00697857
v 0.02069562 0.11820613 -0.13066265
v -0.00538134 0.11988344 0.00684803
v -0.00805911 0.11973324 -0.13092521
v 0.00503689 0.11989841 0.00674212
v -0.00001941 0.12000416 -0.13070121
v -0.02587446 0.11718153 0.00695477
v -0.02871448 0.11651814 -0.13088177
v -0.01570703 0.11897179 0.00693724
v -0.02080724 0.11818653 -0.13063933
v -0.04552722 0.11103274 0.00701277
v -0.04851856 0.10975859 -0.13092484
v -0.03584865 0.11452455 0.00697108
v -0.04102481 0.11277395 -0.13065646
v -0.06351003 0.10182079 0.00794213
v -0.06686423 0.09965025 -0.13092192
v -0.05480599 0.10675814 0.00733511
v -0.05999355 0.10393158 -0.13068289
v -0.07179582 0.09615798 0.00820529
v -0.07717117 0.09189999 -0.13066637
v -0.07986160 0.08957188 0.00782743
v -0.08319499 0.08648463 -0.13094679
v -0.08753137 0.08209298 0.00723802
v -0.09197236 0.07708491 -0.13068313
v -0.10081510 0.06509466 0.00625797
v -0.10397925 0.05991089 -0.13064678
v -0.09459651 0.07384104 0.00657290
v -0.09695299 0.07071856 -0.13093711
v -0.11001787 0.04792772 0.00688382
v -0.11286377 0.04077706 -0.13075000
v -0.10600073 0.05625694 0.00645941
v -0.10780232 0.05272247 -0.13092956
v -0.11415959 0.03699440 0.00770666
v -0.11537444 0.03301118 -0.13113543
v -0.11682791 0.02742696 0.00778085
v -0.11825585 0.02040960 -0.13108498
v -0.11987495 0.00556715 0.00685574
v -0.12000353 -0.00038919 -0.13138375
v -0.11885580 0.01656191 0.00718297
v -0.11936179 0.01240005 -0.13149169
v -0.11898239 -0.01562656 0.00707759
v -0.11813849 -0.02107829 -0.13147511
v -0.11989281 -0.00516836 0.00698541
v -0.11970890 -0.00841291 -0.13171638
v -0.11450902 -0.03589821 0.00713757
v -0.11272360 -0.04116294 -0.13135672
v -0.11717907 -0.02588558 0.00715232
v -0.11646473 -0.02893035 -0.13172147
v -0.10666003 -0.05499670 0.00710544
v -0.10387228 -0.06009615 -0.13112041
v -0.11099003 -0.04563124 0.00711989
v -0.10970450 -0.04864073 -0.13153751
v -0.09586380 -0.07218815 0.00784341
v -0.09184892 -0.07723195 -0.13094971
v -0.10157840 -0.06389700 0.00735602
v -0.09958589 -0.06696005 -0.13131260
v -0.08941417 -0.08003815 0.00792144
v -0.08644596 -0.08323518 -0.13117327
v -0.07364002 -0.09475308 0.00681118
v -0.07069308 -0.09697158 -0.13102113
v -0.08194022 -0.08767438 0.00728155
v -0.07705323 -0.09199890 -0.13082533
v -0.05594788 -0.10616418 0.00686705
v -0.05278409 -0.10777216 -0.13095948
v -0.06494287 -0.10091294 0.00680386
v -0.05991175 -0.10397875 -0.13073010
v -0.03731867 -0.11405400 0.00774359
v -0.03324561 -0.11530710 -0.13085381
v -0.04668904 -0.11054923 0.00718890
v -0.04094083 -0.11280446 -0.13066031
v -0.02766563 -0.11677162 0.00787650
v -0.02069017 -0.11820708 -0.13047525
v -0.00753083 -0.11976763 0.00711177
v 0.00009640 -0.12000412 -0.13010920
v -0.01745146 -0.11872845 0.00732963
v -0.01268146 -0.11933222 -0.13062039
v 0.00488504 -0.11990469 0.00690886
v 0.00808533 -0.11973147 -0.13016587
v 0.02495031 -0.11738177 0.00582174
v 0.02835697 -0.11660566 -0.12955638
v 0.01473118 -0.11909656 0.00622692
v 0.02062494 -0.11821848 -0.12955599
v 0.04308780 -0.11200196 0.00611556
v 0.04767571 -0.11012731 -0.12894149
v 0.03459945 -0.11490812 0.00587219
v 0.04036472 -0.11301189 -0.12893745
v 0.05336091 -0.10748772 0.00657774
v 0.05890723 -0.10455112 -0.12825746
v 0.06160391 -0.10298522 0.00624657
v 0.06572639 -0.10040438 -0.12812121
v 0.07818714 -0.09103718 0.00446189
v 0.08284263 -0.08682221 -0.12787943
v 0.07021901 -0.09731541 0.00518420
v 0.07632269 -0.09260586 -0.12766044
v 0.08534636 -0.08436229 0.00377638
v 0.08991517 0.07947491 0.00816811
v 0.09574979 -0.07233930 -0.12859736
v 0.09495807 0.07337550 -0.12768698
v 0.11787233 0.02251916 0.35027501
v 0.11078629 0.04612370 0.22147005
v 0.10252336 0.06236954 -0.09837407
v 0.11924424 0.01348370 -0.42898441
v 0.09160601 -0.07751991 0.14843513
v 0.08712434 0.08252483 0.14525719
v 0.07674988 0.09225212 0.14502716
v 0.06911642 0.09810158 0.15154892
v 0.06049514 0.10364042 0.14458416
v 0.05159743 0.10834529 0.15076751
v 0.04221236 0.11233483 0.14351005
v 0.03255993 0.11550259 0.14993621
v 0.02243283 0.11788879 0.14287602
v 0.01230345 0.11937179 0.14951332
v 0.00179402 0.11999075 0.14258675
v -0.00848753 0.11970363 0.14934293
v -0.01900308 0.11849000 0.14247173
v -0.02910325 0.11642164 0.14928015
v -0.03927294 0.11339592 0.14242883
v -0.04886991 0.10960260 0.14925882
v -0.05836932 0.10485237 0.14241618
v -0.06716216 0.09944970 0.14925480
v -0.07569393 0.09312050 0.14241677
v -0.08341261 0.08627476 0.14925542
v -0.09071474 0.07856101 0.14241592
v -0.09712717 0.07047915 0.14925254
v -0.10297954 0.06161341 0.14241015
v -0.10789122 0.05254030 0.14925007
v -0.11211557 0.04279133 0.14241151
v -0.11537590 0.03300604 0.14925517
v -0.11784249 0.02267478 0.14242289
v -0.11935399 0.01247485 0.14926340
v -0.11998948 0.00187706 0.14243128
v -0.11970752 -0.00843246 0.14926595
v -0.11849392 -0.01897863 0.14242912
v -0.11642562 -0.02908734 0.14926141
v -0.11339851 -0.03926546 0.14242003
v -0.10960480 -0.04886498 0.14925447
v -0.10485371 -0.05836693 0.14241216
v -0.09945007 -0.06716161 0.14925135
v -0.09311890 -0.07569589 0.14241238
v -0.08627241 -0.08341504 0.14925368
v -0.07855663 -0.09071854 0.14241685
v -0.07047627 -0.09712926 0.14925527
v -0.06161166 -0.10298059 0.14241556
v -0.05254029 -0.10789122 0.14925223
v -0.04279410 -0.11211451 0.14240958
v -0.03300726 -0.11537556 0.14924772
v -0.02267621 -0.11784222 0.14240313
v -0.01247386 -0.11935410 0.14923956
v -0.00187388 -0.11998953 0.14238703
v 0.00842936 -0.11970774 0.14922148
v 0.01897913 -0.11849384 0.14235787
v 0.02905088 -0.11643472 0.14921786
v 0.03924965 -0.11340398 0.14236192
v 0.04875998 -0.10965155 0.14936230
v 0.05841852 -0.10482497 0.14256333
v 0.06721357 -0.09941496 0.15006352
v 0.07642868 -0.09251840 0.14310134
v 0.08450285 -0.08520720 0.15135825
v 0.07588437 -0.09296537 -0.26739060
v 0.06902076 -0.09816890 -0.27131296
v 0.06009872 -0.10387080 -0.26532208
v 0.05100627 -0.10862485 -0.27179564
v 0.04150249 -0.11259903 -0.26419025
v 0.03172370 -0.11573506 -0.27035815
v 0.02165543 -0.11803406 -0.26312437
v 0.01160052 -0.11944214 -0.26957627
v 0.00105266 -0.11999954 -0.26253464
v -0.00910098 -0.11965856 -0.26919802
v -0.01973238 -0.11837073 -0.26220229
v -0.02967671 -0.11627678 -0.26901596
v -0.03998029 -0.11314846 -0.26205759
v -0.04940117 -0.10936417 -0.26894980
v -0.05902080 -0.10448705 -0.26201410
v -0.06763679 -0.09912750 -0.26893252
v -0.07626738 -0.09265141 -0.26200436
v -0.08382102 -0.08587802 -0.26892894
v -0.09119700 -0.07800067 -0.26200241
v -0.09745974 -0.07001855 -0.26892813
v -0.10335602 -0.06097976 -0.26200186
v -0.10813759 -0.05203134 -0.26892780
v -0.11237476 -0.04210596 -0.26200159
v -0.11552984 -0.03246313 -0.26892758
v -0.11797912 -0.02195281 -0.26200137
v -0.11941183 -0.01190851 -0.26892738
v -0.11999881 -0.00113255 -0.26200113
v -0.11966559 0.00900805 -0.26892719
v -0.11837241 0.01972232 -0.26200085
v -0.11628334 0.02965104 -0.26892704
v -0.11314924 0.03997808 -0.26200065
v -0.10936780 0.04939314 -0.26892702
v -0.10448798 0.05901916 -0.26200070
v -0.09912910 0.06763445 -0.26892720
v -0.09265178 0.07626694 -0.26200099
v -0.08587835 0.08382068 -0.26892756
v -0.07800037 0.09119726 -0.26200148
v -0.07001844 0.09745982 -0.26892820
v -0.06097955 0.10335614 -0.26200261
v -0.05203285 0.10813686 -0.26893007
v -0.04210977 0.11237333 -0.26200679
v -0.03247584 0.11552626 -0.26893806
v -0.02197835 0.11797436 -0.26202496
v -0.01196927 0.11940576 -0.26897101
v -0.00123830 0.11999777 -0.26209237
v 0.00879690 0.11968130 -0.26908414
v 0.01941058 0.11842393 -0.26229427
v 0.02911682 0.11641825 -0.26942860
v 0.03937183 0.11336162 -0.26280882
v 0.04857569 0.10973332 -0.27039013
v 0.05851611 0.10477052 -0.26377498
v 0.06739919 0.09928921 -0.27187936
v 0.07674982 0.09225218 -0.26456635
v 0.08498593 0.08472537 -0.27305234
v 0.08660516 -0.08306951 -0.26770240
v 0.09311209 0.07570427 0.14242095
v 0.09273871 0.07616121 -0.27050283
v 0.09318636 -0.07561283 -0.26015866
v 0.11878596 -0.01705561 -0.43780346
v 0.11421144 0.03683401 -0.37736210
v 0.10327838 -0.06111116 0.14857561
v 0.11869477 -0.01767908 0.31833461
v 0.11432424 0.03648240 0.37202531
v 0.10159803 0.06386578 -0.10811502
v 0.10751355 -0.05330885 0.20381247
v 0.11664756 -0.02818411 0.35716968
v 0.11309792 0.04012303 -0.03178422
v 0.11716360 -0.02595553 -0.22380104
v 0.10607088 0.05612456 0.17241112
v 0.11423644 -0.03675642 0.23210575
v 0.10371306 -0.06037052 -0.09432101
v 0.10206939 -0.06310973 -0.09977424
v 0.11738416 -0.02493904 0.36935322
v 0.11703824 0.02651506 -0.49131709
v 0.10995648 -0.04806838 0.27605379
v 0.11135417 0.04473529 0.08749631
v 0.10133008 0.06429007 -0.02773191
v 0.11373641 -0.03827567 -0.05305163
v 0.11152887 -0.04429797 -0.45003947
v 0.11863267 0.01809110 0.35411944
v 0.10975255 0.04853221 0.19296623
v 0.10843568 -0.05140721 -0.30410413
v 0.11501218 -0.03425194 0.33895732
v 0.10245176 -0.06248708 -0.15478250
v 0.10162184 0.06382789 0.17829591
v 0.10231161 -0.06271629 -0.30022899
v 0.09606598 -0.07191889 -0.29956361
v 0.09365147 0.07503599 0.17575592
v 0.08702873 -0.08262565 -0.29547944
v 0.08629289 0.08339385 0.17641288
v 0.11443273 -0.03614066 -0.47970492
v 0.10859027 0.05107986 0.13745180
v 0.10361970 -0.06053062 -0.22871652
v 0.09687330 0.07082770 -0.23010153
v 0.11909615 0.01473449 -0.41195126
v 0.11877739 -0.01711514 0.28864525
v 0.11880254 -0.01693972 -0.41207176
v 0.11635418 -0.02937182 -0.30839026
v 0.11362529 0.03860430 -0.44553705
v 0.11676508 0.02769321 -0.37891522
v 0.11753832 -0.02420207 0.12461853
v 0.11280713 -0.04093347 -0.45656301
v 0.10502134 0.05806475 -0.20331913
v 0.10257529 0.06228409 -0.13464485
v 0.11748427 0.02446311 -0.06832489
v 0.11624960 -0.02978301 0.10742193
v 0.11989263 -0.00517256 -0.02190789
v 0.11320819 0.03981086 -0.23389375
v 0.09769456 0.06969053 -0.32693072
v 0.11189488 -0.04336512 0.26061400
v 0.11896107 -0.01578804 0.11092134
v 0.10657567 -0.05515999 0.30256378
v 0.10443995 0.05910410 -0.03536165
v 0.11278265 0.04100088 0.10889689
v 0.08116472 0.08839279 0.01858052
v 0.06303529 0.10211537 -0.13742734
v 0.04373914 0.11174921 -0.13829200
v 0.02353518 0.11767367 -0.13862631
v 0.00280734 0.11997132 -0.13865109
v -0.01802059 0.11864340 -0.13859889
v -0.03835061 0.11371117 -0.13859256
v -0.05752143 0.10531991 -0.13860967
v -0.07496327 0.09370969 -0.13859974
v -0.09011385 0.07924955 -0.13861319
v -0.10251949 0.06237589 -0.13859323
v -0.11183547 0.04351812 -0.13865344
v -0.11771679 0.02331857 -0.13888157
v -0.11997742 0.00253306 -0.13911192
v -0.11860958 -0.01824189 -0.13920499
v -0.11366928 -0.03847456 -0.13914047
v -0.10527374 -0.05760588 -0.13897642
v -0.09366474 -0.07501943 -0.13883621
v -0.07921849 -0.09014116 -0.13874195
v -0.06236576 -0.10252565 -0.13865849
v -0.04360336 -0.11180226 -0.13859609
v -0.02347299 -0.11768609 -0.13841116
v -0.00268566 -0.11997410 -0.13795480
v 0.01793174 -0.11865686 -0.13728311
v 0.03778407 -0.11390067 -0.13662733
v 0.05649217 -0.10587555 -0.13609376
v 0.07396222 -0.09450179 -0.13575567
v 0.09399993 0.07459900 -0.13627743
v 0.09407414 -0.07450539 0.01709908
v 0.11486209 -0.03475196 0.32178580
v 0.09521308 0.07304428 0.01009814
v 0.07812728 0.09108856 0.01228166
v 0.06586042 0.10031651 -0.13046942
v 0.04684254 0.11048427 -0.13182447
v 0.04181552 0.11248315 0.00803003
v 0.02683719 0.11696479 -0.13238298
v 0.00622202 0.11984275 -0.13248391
v -0.01460782 0.11911175 -0.13242980
v -0.03507247 0.11476463 -0.13241456
v -0.05447315 0.10692836 -0.13245327
v -0.07224698 0.09581947 -0.13243853
v -0.08781633 0.08178808 -0.13246115
v -0.10069158 0.06528555 -0.13243269
v -0.11055132 0.04668407 -0.13247296
v -0.11219565 0.04258092 0.00729778
v -0.11701757 0.02660615 -0.13274060
v -0.11986042 0.00587185 -0.13306001
v -0.11907451 -0.01490836 -0.13321007
v -0.11471443 -0.03523631 -0.13315379
v -0.10687411 -0.05457950 -0.13294586
v -0.09576260 -0.07232235 -0.13275607
v -0.08175601 -0.08784619 -0.13263536
v -0.06526677 -0.10070376 -0.13251507
v -0.04678817 -0.11050731 -0.13245770
v -0.02684942 -0.11696199 -0.13230847
v -0.00612828 -0.11984758 -0.13198028
v -0.00131133 -0.11999699 0.00719933
v 0.01454725 -0.11911916 -0.13143973
v 0.03456266 -0.11491919 -0.13080605
v 0.04822788 -0.10988662 0.00636758
v 0.05349057 -0.10742326 -0.13019382
v 0.07118603 -0.09661029 -0.12943575
v 0.09086983 -0.07838159 0.00285164
v 0.09063457 0.07865349 -0.12290866
v 0.11306293 -0.04022154 -0.22727257
v 0.11102834 -0.04553797 -0.34822232
v 0.10685556 -0.05461581 -0.09668848
v 0.11995867 -0.00330370 -0.11679524
v 0.11888552 -0.01634721 -0.39946917
v 0.11836247 0.01978189 0.03932443
v 0.10774468 -0.05284015 -0.42350386
v 0.10721752 0.05390177 -0.04622441
v 0.10962137 0.04882778 -0.07878113
v 0.10365940 0.06046261 0.36936221
v 0.10377098 -0.06027091 -0.48644126
v 0.10887861 0.05046232 -0.48825256
v 0.10376088 0.06028828 -0.48960818
v 0.09820543 0.06896878 -0.49035496
v 0.09789571 -0.06940770 0.37011862
v 0.09787341 -0.06943914 -0.48823741
v 0.09825172 0.06890281 0.36964145
v 0.09160426 -0.07752198 -0.48846447
v 0.09204797 0.07699460 -0.49075042
v 0.08444770 -0.08526186 -0.48764364
v 0.08524717 0.08446253 -0.49073750
v 0.07666278 0.09232452 0.36768735
v 0.06799203 0.09888419 0.36796520
v 0.05894885 0.10452766 0.36818005
v 0.04952615 0.10930763 0.36833940
v 0.03977341 0.11322135 0.36846533
v 0.02976181 0.11625503 0.36855366
v 0.01957122 0.11839749 0.36858090
v 0.00924958 0.11964716 0.36846196
v -0.00127598 0.11999737 0.36811069
v -0.01185108 0.11941755 0.36798079
v -0.02228839 0.11791618 0.36796431
v -0.03251657 0.11551481 0.36797086
v -0.04247724 0.11223494 0.36797818
v -0.05210497 0.10810213 0.36798286
v -0.06133162 0.10314761 0.36798537
v -0.07008945 0.09740876 0.36798660
v -0.07831297 0.09092896 0.36798717
v -0.08594013 0.08375734 0.36798742
v -0.09291310 0.07594836 0.36798752
v -0.09917889 0.06756141 0.36798757
v -0.10468986 0.05866030 0.36798758
v -0.10940407 0.04931276 0.36798759
v -0.11328564 0.03958991 0.36798760
v -0.11630504 0.02956576 0.36798760
v -0.11843929 0.01931661 0.36798760
v -0.11967215 0.00892044 0.36798760
v -0.11999423 -0.00154363 0.36798760
v -0.11940308 -0.01199594 0.36798760
v -0.11790320 -0.02235695 0.36798760
v -0.11550601 -0.03254782 0.36798760
v -0.11222974 -0.04249097 0.36798760
v -0.10809934 -0.05211075 0.36798760
v -0.10314624 -0.06133393 0.36798760
v -0.09740813 -0.07009032 0.36798760
v -0.09092869 -0.07831329 0.36798761
v -0.08375723 -0.08594024 0.36798764
v -0.07594831 -0.09291314 0.36798773
v -0.06756136 -0.09917893 0.36798794
v -0.05866015 -0.10468995 0.36798845
v -0.04931221 -0.10940431 0.36798967
v -0.03958825 -0.11328622 0.36799242
v -0.02956135 -0.11630617 0.36799827
v -0.01930617 -0.11844100 0.36800997
v -0.00889833 -0.11967380 0.36803202
v 0.00158584 -0.11999368 0.36807156
v 0.01206855 -0.11939576 0.36813976
v 0.02246823 -0.11788204 0.36825313
v 0.03269668 -0.11546395 0.36843122
v 0.04266115 -0.11216517 0.36868855
v 0.05226938 -0.10802273 0.36904188
v 0.06140762 -0.10310239 0.36955069
v 0.06990198 -0.09754338 0.37027173
v 0.07761904 -0.09152203 0.37101016
v 0.07634753 -0.09258538 -0.48781391
v 0.06778839 -0.09902390 -0.48809548
v 0.05881833 -0.10460116 -0.48828941
v 0.04945456 -0.10934004 -0.48843094
v 0.03975648 -0.11322729 -0.48852646
v 0.02980024 -0.11624519 -0.48855662
v 0.01963313 -0.11838724 -0.48843830
v 0.00918239 -0.11965234 -0.48808654
v -0.00140045 -0.11999599 -0.48795487
v -0.01192761 -0.11940992 -0.48793650
v -0.02232557 -0.11790915 -0.48794167
v -0.03253395 -0.11550991 -0.48794822
v -0.04248514 -0.11223195 -0.48795252
v -0.05210843 -0.10810046 -0.48795489
v -0.06133306 -0.10314676 -0.48795609
v -0.07009002 -0.09740835 -0.48795665
v -0.07831319 -0.09092878 -0.48795691
v -0.08594021 -0.08375726 -0.48795702
v -0.09291313 -0.07594833 -0.48795707
v -0.09917890 -0.06756140 -0.48795709
v -0.10468986 -0.05866030 -0.48795710
v -0.10940407 -0.04931275 -0.48795710
v -0.11328564 -0.03958991 -0.48795710
v -0.11630504 -0.02956576 -0.48795710
v -0.11843929 -0.01931661 -0.48795710
v -0.11967215 -0.00892044 -0.48795710
v -0.11999423 0.00154363 -0.48795710
v -0.11940308 0.01199594 -0.48795710
v -0.11790320 0.02235695 -0.48795710
v -0.11550601 0.03254782 -0.48795710
v -0.11222974 0.04249098 -0.48795710
v -0.10809934 0.05211075 -0.48795710
v -0.10314624 0.06133393 -0.48795710
v -0.09740813 0.07009033 -0.48795711
v -0.09092869 0.07831329 -0.48795712
v -0.08375722 0.08594025 -0.48795714
v -0.07594829 0.09291316 -0.48795721
v -0.06756129 0.09917898 -0.48795737
v -0.05865994 0.10469007 -0.48795778
v -0.04931165 0.10940457 -0.48795879
v -0.03958679 0.11328673 -0.48796114
v -0.02955785 0.11630706 -0.48796633
v -0.01929846 0.11844225 -0.48797693
v -0.00888269 0.11967496 -0.48799706
v 0.00161543 0.11999329 -0.48803327
v 0.01212108 0.11939044 -0.48809738
v 0.02255404 0.11786566 -0.48821283
v 0.03281621 0.11543004 -0.48841650
v 0.04279035 0.11211594 -0.48871828
v 0.05239061 0.10796398 -0.48904891
v 0.06154046 0.10302315 -0.48943790
v 0.07009776 0.09740278 -0.48996898
v 0.07791744 0.09126812 -0.49059490
v 0.08488770 0.08482380 0.36774041
v 0.08484927 -0.08486224 0.37104323
v 0.09204537 0.07699771 0.36907849
v 0.09165627 -0.07746048 0.37067566
v 0.10359960 -0.06056501 0.36877657
v 0.11247697 -0.04183215 0.36335864
v 0.10860565 0.05104715 0.36738377
v 0.10225185 -0.06281367 -0.05797011
v 0.10173740 0.06364353 -0.06709341
v 0.09792397 -0.06936781 -0.05226575
v 0.07400795 0.09446598 -0.05072463
v 0.07301563 0.09523505 -0.06911778
v 0.06806380 0.09883479 -0.05173943
v 0.06618359 0.10010360 -0.07017944
v 0.05898699 0.10450614 -0.06466868
v 0.04952758 0.10930698 -0.05075510
v 0.05119535 0.10853587 -0.07073085
v 0.04275042 0.11213117 -0.04869998
v 0.03938937 0.11335552 -0.07102469
v 0.03015813 0.11615285 -0.06455330
v 0.02024802 0.11828363 -0.05037437
v 0.02004314 0.11831851 -0.06987205
v 0.00998567 0.11958798 -0.06420676
v -0.00002352 0.12000415 -0.05038602
v -0.00015080 0.12000406 -0.06954401
v -0.01024803 0.11956578 -0.06385097
v -0.02014074 0.11830194 -0.05009959
v -0.02018037 0.11829518 -0.06895305
v -0.02979780 0.11624581 -0.06348480
v -0.03982222 0.11320419 -0.04999915
v -0.03903824 0.11347693 -0.06933684
v -0.04869609 0.10967994 -0.06478039
v -0.06074564 0.10349379 -0.05075389
v -0.05699270 0.10560696 -0.07188616
v -0.06729456 0.09936016 -0.05152503
v -0.06718831 0.09943203 -0.07254592
v -0.07434657 0.09419971 -0.05033461
v -0.07611660 0.09277532 -0.07213541
v -0.08402994 0.08567360 -0.04918040
v -0.08517797 0.08453231 -0.07137731
v -0.09161683 0.07750713 -0.06446493
v -0.09817184 0.06901658 -0.04991241
v -0.09799974 0.06926074 -0.06954256
v -0.10350156 0.06073240 -0.06417576
v -0.10947697 0.04915069 -0.04947934
v -0.10782685 0.05267228 -0.07093728
v -0.11244348 0.04192208 -0.05004936
v -0.11262185 0.04144053 -0.07166776
v -0.11522915 0.03351479 -0.04842679
v -0.11634959 0.02938999 -0.07106827
v -0.11833892 0.01992228 -0.06349203
v -0.11958040 0.01007602 -0.04912725
v -0.11961093 0.00970686 -0.06674492
v -0.12000413 -0.00007637 -0.06230522
v -0.11957576 -0.01013094 -0.04887142
v -0.11958305 -0.01004445 -0.06646801
v -0.11832062 -0.02003068 -0.06211405
v -0.11618679 -0.03002710 -0.04868175
v -0.11623521 -0.02983915 -0.06631929
v -0.11332775 -0.03946921 -0.06200317
v -0.10945100 -0.04920850 -0.04865809
v -0.10974751 -0.04854362 -0.06631981
v -0.10527541 -0.05760284 -0.06302335
v -0.09883958 -0.06805686 -0.05049602
v -0.10052012 -0.06554924 -0.06993974
v -0.09434442 -0.07416285 -0.04887610
v -0.09291294 -0.07594856 -0.07240423
v -0.08568654 -0.08401675 -0.06492847
v -0.07786932 -0.09130918 -0.05030488
v -0.07783112 -0.09134174 -0.06965857
v -0.06996002 -0.09750176 -0.06382306
v -0.06115738 -0.10325102 -0.05013574
v -0.06181664 -0.10285767 -0.06947669
v -0.05274466 -0.10779146 -0.06466405
v -0.04153307 -0.11258775 -0.05102527
v -0.04405435 -0.11162532 -0.07139026
v -0.03436683 -0.11497791 -0.04902063
v -0.03150223 -0.11579554 -0.07121846
v -0.02207657 -0.11795602 -0.06484339
v -0.01027940 -0.11956309 -0.05043666
v -0.01267437 -0.11933297 -0.07112653
v -0.00273766 -0.11997293 -0.04849505
v 0.00046028 -0.12000328 -0.07109067
v 0.01010527 -0.11957793 -0.06435773
v 0.02026973 -0.11827991 -0.05007759
v 0.01995916 -0.11833271 -0.06942787
v 0.02946909 -0.11632958 -0.06411859
v 0.04138684 -0.11264159 -0.04969804
v 0.03772940 -0.11391879 -0.07074859
v 0.04821033 -0.10989432 -0.05041887
v 0.04829516 -0.10985707 -0.07149734
v 0.05572777 -0.10627988 -0.04913046
v 0.05840765 -0.10483103 -0.07118094
v 0.06615465 -0.10012272 -0.06533412
v 0.07312542 -0.09515078 -0.07195476
v 0.09712926 0.07047627 -0.07105417
v 0.08162698 0.08796609 -0.05075219
v 0.08191068 -0.08770199 -0.07285753
v 0.08919710 -0.08027998 -0.05384130
v 0.08860260 0.08093564 -0.06890818
v 0.10689902 -0.05453071 -0.07588082
v 0.09365784 -0.07502804 -0.07089206
v 0.09325168 0.07553225 -0.05271395
v 0.10974026 0.04855999 -0.10059152
v 0.09772542 0.06964725 -0.04828868
v 0.11196972 0.04317152 -0.07459845
v 0.09863413 -0.06835428 -0.43121584
v 0.10909615 -0.04999027 -0.05623286
v 0.09033695 -0.07899515 0.31454348
v 0.09212187 0.07690617 0.31120172
v 0.11798689 -0.02191098 -0.48902256
v 0.10224857 0.06281902 -0.05067158
v 0.10465027 -0.05873090 0.17463326
v 0.11251017 -0.04174278 0.30286148
v 0.10318377 -0.06127078 0.31376872
v 0.11113304 0.04528183 -0.12368659
v 0.10875758 -0.05072264 -0.19080907
v 0.10200545 0.06321303 0.18749916
v 0.10123749 -0.06443578 -0.30672150
v 0.09469723 0.07371182 0.18687578
v 0.09615619 -0.07179823 -0.30692055
v 0.11927252 -0.01323116 0.22246559
v 0.10868533 0.05087727 -0.05641289
v 0.09451078 0.07395073 0.07851635
v 0.10797210 -0.05237388 -0.45536607
v 0.11245443 0.04189272 -0.06149043
v 0.10026727 0.06593536 0.00747105
v 0.11417365 -0.03695098 -0.21373436
v 0.11719182 -0.02582781 -0.49400249
v 0.11363844 0.03856556 -0.11775947
v 0.11638386 -0.02925398 -0.20209481
v 0.11176491 0.04369900 0.23813300
v 0.10794337 -0.05243306 -0.25219416
v 0.10472150 -0.05860380 0.33288366
v 0.10721440 0.05390798 -0.08482000
v 0.11993008 0.00421586 0.20578343
v 0.11989570 -0.00510092 -0.32564345
v 0.11990441 -0.00489190 0.20600418
v 0.11989128 0.00520382 -0.32717516
v 0.11268242 -0.04127555 -0.07102924
v 0.08725043 0.08239150 0.18862560
v 0.08852238 -0.08102336 -0.30786119
v 0.09275310 -0.07614369 0.18852186
v 0.08875809 0.08076509 -0.30558186
v 0.08741867 -0.08221297 0.18674036
v 0.07702911 -0.09201909 0.18830874
v 0.07408406 0.09440630 0.18539186
v 0.06141798 0.10309622 0.17995303
v 0.05386996 0.10723351 0.18666173
v 0.04443242 0.11147537 0.17941079
v 0.03537498 0.11467174 0.18468336
v 0.02522505 0.11732304 0.17872676
v 0.01560840 0.11898477 0.18456197
v 0.00485759 0.11990581 0.17862984
v -0.00504472 0.11989808 0.18459594
v -0.01590205 0.11894588 0.17862062
v -0.02571202 0.11721728 0.18461488
v -0.03627388 0.11439057 0.17861728
v -0.04565398 0.11098068 0.18461770
v -0.05557580 0.10635943 0.17861481
v -0.06422660 0.10137032 0.18461745
v -0.07319872 0.09509440 0.17861416
v -0.08085273 0.08867826 0.18461735
v -0.08859950 0.08093903 0.17861388
v -0.09502316 0.07329118 0.18461701
v -0.10130850 0.06432407 0.17861322
v -0.10630650 0.05567698 0.18461673
v -0.11093924 0.04575460 0.17861341
v -0.11435962 0.03637136 0.18461745
v -0.11719886 0.02579582 0.17861510
v -0.11893791 0.01596160 0.18461891
v -0.11989766 0.00505459 0.17861684
v -0.11990275 -0.00493251 0.18461971
v -0.11895414 -0.01584018 0.17861694
v -0.11722487 -0.02567740 0.18461917
v -0.11439648 -0.03625526 0.17861547
v -0.11098496 -0.04564358 0.18461787
v -0.10636217 -0.05557056 0.17861385
v -0.10137203 -0.06422390 0.18461698
v -0.09509509 -0.07319783 0.17861338
v -0.08867843 -0.08085255 0.18461700
v -0.08093850 -0.08859999 0.17861378
v -0.07329059 -0.09502362 0.18461719
v -0.06432319 -0.10130906 0.17861365
v -0.05567600 -0.10630701 0.18461639
v -0.04575338 -0.11093974 0.17861158
v -0.03636849 -0.11436053 0.18461098
v -0.02579281 -0.11719953 0.17860137
v -0.01595531 -0.11893875 0.18458397
v -0.00505740 -0.11989754 0.17856275
v 0.00491640 -0.11990341 0.18449844
v 0.01576926 -0.11896356 0.17848034
v 0.02550428 -0.11726265 0.18435966
v 0.03590908 -0.11450561 0.17843694
v 0.04494820 -0.11126840 0.18433664
v 0.05445872 -0.10693571 0.17877652
v 0.06208949 -0.10269320 0.18488489
v 0.06997949 -0.09748779 0.18096398
v 0.06420876 -0.10138162 -0.30505358
v 0.05490271 -0.10670844 -0.30698004
v 0.04159835 -0.11256365 -0.29981526
v 0.03334736 -0.11527771 -0.30417822
v 0.02401075 -0.11757756 -0.29850395
v 0.01477978 -0.11909054 -0.30424745
v 0.00428106 -0.11992777 -0.29845282
v -0.00544429 -0.11988060 -0.30441812
v -0.01623210 -0.11890129 -0.29848287
v -0.02594897 -0.11716505 -0.30449030
v -0.03650846 -0.11431592 -0.29848624
v -0.04582700 -0.11090935 -0.30450371
v -0.05576591 -0.10625987 -0.29848121
v -0.06436736 -0.10128100 -0.30450321
v -0.07335915 -0.09497069 -0.29847835
v -0.08097031 -0.08857091 -0.30450220
v -0.08873317 -0.08079246 -0.29847743
v -0.09511881 -0.07316700 -0.30450182
v -0.10141392 -0.06415773 -0.29847714
v -0.10637874 -0.05553883 -0.30450165
v -0.11101397 -0.04557298 -0.29847698
v -0.11440677 -0.03622276 -0.30450153
v -0.11724106 -0.02560334 -0.29847686
v -0.11895869 -0.01580597 -0.30450144
v -0.11990588 -0.00485569 -0.29847677
v -0.11989612 0.00509111 -0.30450139
v -0.11892742 0.01603953 -0.29847672
v -0.11719056 0.02583353 -0.30450137
v -0.11433540 0.03644742 -0.29847673
v -0.11092421 0.04579102 -0.30450141
v -0.10626934 0.05574787 -0.29847681
v -0.10128749 0.06435715 -0.30450152
v -0.09497435 0.07335442 -0.29847698
v -0.08857327 0.08096773 -0.30450174
v -0.08079383 0.08873193 -0.29847732
v -0.07316848 0.09511768 -0.30450226
v -0.06415996 0.10141251 -0.29847826
v -0.05554415 0.10637596 -0.30450385
v -0.04558421 0.11100936 -0.29848129
v -0.03624778 0.11439885 -0.30450777
v -0.02565328 0.11723015 -0.29848942
v -0.01590538 0.11894544 -0.30451276
v -0.00504047 0.11989826 -0.29850932
v 0.00475215 0.11991003 -0.30451805
v 0.01545804 0.11900440 -0.29858363
v 0.02482654 0.11740801 -0.30458226
v 0.03485494 0.11483088 -0.29895696
v 0.04301711 0.11202913 -0.30504410
v 0.05155356 0.10836618 -0.30100667
v 0.05940976 0.10426638 -0.30816440
v 0.07163418 0.09627846 -0.30621637
v 0.07567410 -0.09313661 -0.30548566
v 0.07855749 0.09071779 -0.30720947
v 0.08182059 0.08778604 0.18740901
v 0.08301031 -0.08666191 -0.30728239
v 0.09330049 0.07547196 -0.30776257
v 0.11022714 0.04744444 -0.44980742
v 0.11747569 0.02450429 -0.00233261
v 0.11821711 -0.02063279 -0.20892781
v 0.11812061 0.02117831 0.36965780
v 0.11793833 -0.02217089 0.17477727
v 0.09847098 0.06858909 -0.01318052
v 0.10221876 0.06286751 0.19524357
v 0.11078689 0.04612225 0.36104600
v 0.11776623 -0.02306759 0.26224403
v 0.10413029 -0.05964797 0.01694665
v 0.11910771 0.01464075 0.07024609
v 0.08550537 0.08420113 0.16581068
v 0.11790417 -0.02235184 0.32170171
v 0.10715269 0.05403054 0.08155444
v 0.10575730 0.05671323 -0.00423155
v 0.08588661 -0.08381222 -0.28546999
v -0.07923151 0.09012971 -0.04970879
v -0.08778951 0.08181687 -0.05212317
v 0.11988852 0.00526701 -0.16979335
v 0.11040425 -0.04703084 -0.00662588
v 0.11096253 0.04569807 0.15155000
v 0.10689969 -0.05452939 -0.18672779
v 0.09998447 0.06636341 0.16240680
v 0.11891446 -0.01613532 0.25865860
v 0.11848484 0.01903526 -0.38906440
v 0.11815333 0.02099499 -0.49185931
v 0.11869144 0.01770140 0.31514605
v 0.10601984 -0.05622091 0.16697721
v 0.10181272 -0.06352297 0.10274413
v 0.09662850 -0.07116131 0.15067426
v 0.11028666 0.04730594 0.25082360
v 0.11992227 -0.00443254 -0.16930170
v 0.11991434 -0.00464218 0.04932138
v 0.11933147 0.01268850 -0.21979939
v 0.09555776 0.07259279 0.16304402
v 0.09537855 -0.07282809 -0.28104506
v 0.09887494 0.06800547 0.13735240
v 0.09001508 0.07936172 0.09114486
v 0.11839820 0.01956691 -0.37460223
v 0.11819194 -0.02077650 0.23530475
v 0.11110084 -0.04536080 -0.44160191
v 0.11893641 -0.01597272 0.01916105
v 0.11987689 0.00552534 0.08738171
v 0.11356544 -0.03878000 0.37224809
v 0.11084442 -0.04598383 0.28871651
v -0.05489350 0.10671317 -0.01069052
v -0.10158605 -0.06388484 -0.01050015
v -0.04659057 -0.11059076 -0.01077644
v -0.09753308 0.06991635 -0.11497189
v -0.11949064 0.01108986 -0.11595941
v -0.07811446 -0.09109955 -0.11518336
v -0.01168576 -0.11943384 -0.11475015
v 0.01916742 -0.11846353 -0.11427802
v 0.02192442 0.11798440 -0.11493919
v 0.11852448 -0.01878687 0.29612725
v 0.03493817 -0.11480558 -0.01148653
v -0.10623490 0.05581347 -0.01110581
v 0.05647495 0.10588474 -0.01112919
v -0.01937049 0.11843049 -0.11483953
v -0.03969447 0.11324905 -0.11490727
v -0.05873248 0.10464939 -0.11499502
v -0.10826824 0.05175891 -0.11488824
v -0.11962034 -0.00959018 -0.11632389
v -0.11620634 -0.02995138 -0.11629700
v -0.10929796 -0.04954750 -0.11592865
v -0.09899572 -0.06782953 -0.11551399
v -0.06109991 -0.10328504 -0.11503127
v -0.04226945 -0.11231336 -0.11498352
v 0.03895560 -0.11350532 -0.11364981
v 0.00140131 0.11999598 -0.11499191
v -0.03547341 0.11464133 -0.01071873
v -0.11115906 -0.04521792 -0.01040303
v 0.05145323 0.10841385 -0.11354471
v -0.01540464 0.11901132 -0.01069293
v -0.11725000 -0.02556240 -0.01031815
v 0.06963386 0.09773497 -0.11064602
v -0.06505480 -0.10084082 -0.01114104
v 0.00503888 0.11989832 -0.01106037
v -0.11989143 -0.00520037 -0.01072855
v -0.06392521 0.10156065 -0.00934253
v -0.09567808 -0.07243413 -0.00928517
v -0.03692596 -0.11418175 -0.00938715
v 0.04437095 -0.11149985 -0.01005370
v -0.11064290 0.04646661 -0.00944140
v 0.04633773 0.11069694 -0.00942952
v 0.10423916 0.05945751 0.00260243
v -0.09109530 0.07811942 -0.11502737
v -0.08395296 0.08574905 -0.11499956
v -0.11807148 0.02145050 -0.11563168
v 0.06582889 -0.10033721 -0.11207302
v -0.07612046 0.09277215 -0.11495520
v -0.11572272 0.03176868 -0.11527249
v -0.08573249 -0.08396987 -0.11534568
v -0.02206025 -0.11795907 -0.11483357
v 0.00901690 -0.11966492 -0.11452200
v 0.05742479 -0.10537263 -0.11288414
v 0.03196427 0.11566885 -0.11470543
v -0.06433199 0.10130347 -0.04556245
v -0.00559530 -0.11987364 -0.01028899
v -0.00898649 0.11966721 -0.11492265
v -0.02965287 0.11628287 -0.11482160
v -0.04939435 0.10936725 -0.11499393
v -0.06767339 0.09910252 -0.11495480
v -0.10327192 0.06112207 -0.11489194
v -0.11244317 0.04192293 -0.11500945
v -0.12000191 0.00073465 -0.11619845
v -0.11835341 -0.01983603 -0.11635402
v -0.11318667 -0.03987198 -0.11615107
v -0.10455248 -0.05890481 -0.11568041
v -0.09270223 -0.07620561 -0.11543139
v -0.06987367 -0.09756366 -0.11505294
v -0.05188690 -0.10820697 -0.11503590
v -0.03229411 -0.11557720 -0.11490332
v -0.00128819 -0.11999724 -0.11466150
v 0.02916374 -0.11640650 -0.11396396
v 0.04842354 -0.10980054 -0.11332480
v 0.01172292 0.11943019 -0.11501071
v 0.04183439 0.11247614 -0.11425021
v -0.04529803 0.11112644 -0.01106844
v -0.10680921 -0.05470641 -0.01080526
v 0.06074120 0.10349640 -0.11247501
v -0.02552166 0.11725887 -0.01064932
v -0.11462850 -0.03551485 -0.01029463
v -0.11106851 0.04543990 -0.04393872
v 0.04500211 -0.11124661 -0.04429952
v -0.05608471 -0.10609196 -0.01128164
v -0.00518836 0.11989195 -0.01081892
v -0.11900838 -0.01542732 -0.01044792
v 0.10937386 0.04937972 -0.15147110
v 0.07788444 0.09129628 -0.10902610
v 0.11803464 0.02165227 0.16928171
v 0.11985937 -0.00589305 0.03476457
v 0.09891558 -0.06794635 0.08965630
v -0.07339751 -0.09494105 -0.01153496
v 0.01515636 0.11904320 -0.01157292
v 0.02540158 -0.11728494 -0.01190305
v -0.11990062 0.00498382 -0.01134071
v -0.10117017 0.06454141 -0.01173104
v 0.06576605 0.10037841 -0.01353297
v 0.07876294 -0.09053948 -0.01299267
v 0.11819870 -0.02073802 -0.42999404
v -0.09237489 0.07660207 -0.07600620
v -0.11862020 0.01817271 -0.07544613
v 0.09348787 0.07523973 0.13680025
v 0.01098862 -0.11949999 -0.07578984
v 0.02924084 0.11638716 -0.07601133
v -0.08484456 -0.08486694 -0.07649881
v -0.02214934 -0.11794238 -0.07536721
v 0.06689386 -0.09963036 0.13580205
v -0.02838246 0.11659946 0.13585546
v -0.04819569 0.10990075 0.13582535
v -0.06655439 0.09985745 0.13582048
v -0.08288619 0.08678063 0.13582328
v -0.09669646 0.07106893 0.13581758
v -0.10757083 0.05319318 0.13581166
v -0.11517451 0.03370207 0.13582171
v -0.11927610 0.01319886 0.13583796
v -0.11975689 -0.00769968 0.13584231
v -0.11660227 -0.02837091 0.13583357
v -0.10990270 -0.04819123 0.13582051
v -0.09985752 -0.06655429 0.13581448
v -0.08677605 -0.08289098 0.13581974
v -0.07106399 -0.09670009 0.13582350
v -0.05319543 -0.10756972 0.13581707
v -0.03370788 -0.11517281 0.13580898
v -0.01319899 -0.11927609 0.13579758
v 0.00770764 -0.11975638 0.13576496
v 0.02838574 -0.11659866 0.13571418
v 0.04824078 -0.10988096 0.13570004
v -0.00862051 -0.11969413 -0.25573630
v -0.02928512 -0.11637603 -0.25544167
v -0.04906468 -0.10951555 -0.25533479
v -0.06734082 -0.09932881 -0.25530748
v -0.08356633 -0.08612588 -0.25530191
v -0.09725221 -0.07030651 -0.25530072
v -0.10798322 -0.05235095 -0.25530034
v -0.11543328 -0.03280481 -0.25530012
v -0.11937606 -0.01226191 -0.25529987
v -0.11969173 0.00865376 -0.25529949
v -0.11637058 0.02930677 -0.25529905
v -0.10951341 0.04906945 -0.25529882
v -0.09932856 0.06734118 -0.25529895
v -0.08612553 0.08356669 -0.25529934
v -0.07030571 0.09725279 -0.25530011
v -0.05235114 0.10798313 -0.25530245
v -0.03281369 0.11543076 -0.25531206
v -0.01230997 0.11937111 -0.25535040
v 0.00848332 0.11970393 -0.25547243
v 0.02889004 0.11647473 -0.25577496
v 0.04848053 0.10977539 -0.25634266
v 0.06720151 0.09942311 -0.25691041
v -0.00773960 0.11975432 0.13593700
v 0.01222303 -0.11938005 -0.25627331
v 0.01306975 0.11929032 0.13614134
v 0.03258764 -0.11549478 -0.25710236
v 0.03335510 0.11527548 0.13661139
v 0.06584153 -0.10032892 -0.07540819
v 0.05190536 -0.10819811 -0.25837325
v 0.05243337 0.10794323 0.13754456
v 0.06850594 -0.09852885 -0.25959309
v 0.06917808 0.09805811 0.13915520
v 0.11985203 0.00604065 0.03707248
v 0.05912510 0.10442806 -0.07440085
v 0.08468879 0.08502239 -0.25705588
v -0.10314020 0.06134408 -0.07458088
v -0.12000414 -0.00006164 -0.07551805
v -0.07003939 -0.09744476 -0.07409864
v 0.00954152 0.11962423 -0.07549529
v 0.02874775 -0.11650993 -0.07435429
v -0.05384680 -0.10724514 -0.07600158
v -0.10597016 -0.05631450 -0.07476303
v -0.11833247 -0.01996058 -0.07546825
v -0.11336026 -0.03937573 -0.07524900
v -0.02964970 0.11628368 -0.07368366
v -0.01074455 0.11952219 -0.07504041
v -0.04743036 0.11023320 -0.07608412
v 0.08508594 -0.08462494 0.13548557
v 0.09119488 0.07800315 -0.01124780
v 0.11629994 0.02958586 -0.42912736
v 0.09561389 -0.07251884 -0.45135174
v 0.09865981 -0.06831720 -0.08434896
v 0.10005222 0.06626123 -0.43851652
v 0.10023489 -0.06598459 0.35046764
v 0.09049983 0.07880849 -0.25420280
v 0.07389214 -0.09455660 0.13358975
v 0.00404040 -0.11993612 -0.25400612
v -0.01587620 0.11894933 0.13385726
v -0.03627162 0.11439129 0.13379836
v -0.05558829 0.10635290 0.13377893
v -0.07321849 0.09507918 0.13377982
v -0.08861740 0.08091943 0.13378025
v -0.10132378 0.06430000 0.13377106
v -0.11095285 0.04572159 0.13377065
v -0.11720652 0.02576099 0.13378751
v -0.11989867 0.00503057 0.13380167
v -0.11895251 -0.01585240 0.13379983
v -0.11439370 -0.03626403 0.13378686
v -0.10635449 -0.05558525 0.13377407
v -0.09507733 -0.07322090 0.13377291
v -0.08091312 -0.08862316 0.13378049
v -0.06429747 -0.10132538 0.13377992
v -0.04572750 -0.11095041 0.13377060
v -0.02576654 -0.11720531 0.13376209
v -0.00502776 -0.11989879 0.13374240
v 0.01586470 -0.11895087 0.13369428
v 0.03629110 -0.11438511 0.13363403
v 0.05570734 -0.10629059 0.13362385
v -0.01683407 -0.11881756 -0.25353172
v -0.03723978 -0.11407978 -0.25330703
v -0.05649870 -0.10587207 -0.25323648
v -0.07402792 -0.09445033 -0.25322003
v -0.08930454 -0.08016044 -0.25321674
v -0.10186740 -0.06343525 -0.25321598
v -0.11133511 -0.04478270 -0.25321571
v -0.11742005 -0.02476954 -0.25321550
v -0.11993735 -0.00400369 -0.25321518
v -0.11881046 0.01688410 -0.25321469
v -0.11407345 0.03725917 -0.25321420
v -0.10587019 0.05650222 -0.25321406
v -0.09444993 0.07402843 -0.25321430
v -0.08015976 0.08930516 -0.25321479
v -0.06343437 0.10186795 -0.25321600
v -0.04478458 0.11133436 -0.25322034
v -0.02478814 0.11741612 -0.25323842
v -0.00408693 0.11993454 -0.25330391
v 0.01662858 0.11884649 -0.25348812
v 0.03673839 0.11424224 -0.25388177
v 0.05598143 0.10614649 -0.25444689
v 0.07427704 0.09425455 -0.25472461
v 0.00494975 0.11990203 0.13400513
v 0.02468668 -0.11743750 -0.25471928
v 0.02552614 0.11725790 0.13435591
v 0.04452505 -0.11143840 -0.25583645
v 0.04516282 0.11118146 0.13509376
v 0.07473012 -0.09389573 -0.25663373
v 0.07542515 0.09333833 0.13569395
v 0.06269793 -0.10232286 -0.25724514
v 0.06318632 0.10202199 0.13649834
v 0.10253270 -0.06235419 -0.26914779
v 0.10023100 0.06599049 -0.46766163
v 0.11321247 0.03979868 -0.40010875
v 0.08958119 0.07985117 -0.47134919
v 0.08762781 -0.08199003 0.35300076
v 0.11987367 0.00559472 0.30263108
v 0.11811044 0.02123494 -0.44402773
v 0.09005289 -0.07931882 0.13957683
v 0.09522134 0.07303351 0.34703202
v 0.10672204 -0.05487625 0.32356730
v 0.11978194 -0.00729965 0.07508255
v 0.05724756 -0.10546902 -0.26006571
v 0.05771727 0.10521271 0.13924822
v 0.03840966 -0.11369123 -0.25875865
v 0.03912951 0.11344549 0.13814823
v 0.01831560 -0.11859822 -0.25779244
v 0.01913988 0.11846798 0.13756382
v 0.06149523 -0.10305016 0.13714444
v -0.00243030 -0.11997955 -0.25719568
v -0.00158274 0.11999372 0.13729971
v -0.02234342 0.11790577 0.13719271
v -0.04246757 0.11223860 0.13715181
v -0.06131759 0.10315596 0.13714106
v -0.07830320 0.09093738 0.13714329
v -0.09290499 0.07595829 0.13714067
v -0.10468531 0.05866842 0.13713326
v -0.11328431 0.03959373 0.13713795
v -0.11843789 0.01932525 0.13715361
v -0.11999451 -0.00152172 0.13716202
v -0.11790912 -0.02232573 0.13715689
v -0.11224087 -0.04246158 0.13714468
v -0.10315693 -0.06131596 0.13713596
v -0.09093440 -0.07830666 0.13713825
v -0.07595284 -0.09290944 0.13714371
v -0.05866815 -0.10468546 0.13714019
v -0.03959899 -0.11328247 0.13713218
v -0.01932741 -0.11843753 0.13712355
v 0.00152675 -0.11999444 0.13709962
v 0.02233499 -0.11790736 0.13705538
v 0.04248144 -0.11223335 0.13703331
v -0.02321290 -0.11773767 -0.25684072
v -0.04331949 -0.11191255 -0.25669331
v -0.06210077 -0.10268638 -0.25665119
v -0.07898932 -0.09034205 -0.25664197
v -0.09347686 -0.07525340 -0.25664009
v -0.10512423 -0.05787828 -0.25663958
v -0.11357752 -0.03874460 -0.25663934
v -0.11857991 -0.01843373 -0.25663911
v -0.11997940 0.00243739 -0.25663879
v -0.11773337 0.02323471 -0.25663838
v -0.11190994 0.04332624 -0.25663807
v -0.10268602 0.06210135 -0.25663811
v -0.09034190 0.07898949 -0.25663843
v -0.07525276 0.09347738 -0.25663903
v -0.05787795 0.10512440 -0.25664062
v -0.03874963 0.11357581 -0.25664685
v -0.01846575 0.11857493 -0.25667272
v 0.00231212 0.11998188 -0.25676151
v 0.02289177 0.11780053 -0.25700147
v 0.04273561 0.11213682 -0.25751553
v 0.06173463 0.10290692 -0.25822219
v 0.07946467 -0.08992422 0.13720190
v 0.07969571 0.08971952 -0.25858602
v 0.10205100 0.06313946 -0.05920238
v 0.10563356 -0.05694338 -0.39176263
v 0.11989727 0.00506382 0.32213173
v 0.10905228 -0.05008590 -0.38321270
v 0.11976493 -0.00757363 -0.20598995
v 0.10582754 0.05658206 -0.46831559
v 0.09152307 0.07761782 -0.45185954
v 0.09148861 -0.07765844 -0.43399792
v 0.08339979 0.08628715 0.31350580
v 0.09319582 -0.07560118 -0.01267335
v 0.11368822 0.03841858 0.21237596
v 0.10334805 -0.06099327 0.35208963
v 0.08838802 0.08116992 0.32984510
v 0.07011787 -0.09738831 -0.30648627
v 0.09911520 -0.06765482 -0.46783307
v 0.04736542 -0.11026112 -0.30708002
v 0.06582373 0.10034059 -0.30826737
v 0.10295348 -0.06165694 -0.31688735
v 0.09435225 0.07415288 -0.43660211
v 0.11301698 -0.04035045 -0.27030399
v 0.07886221 -0.09045303 0.34050511
v 0.07912460 0.09022358 -0.45944413
v 0.07950979 0.08988432 0.34479932
v 0.08540357 -0.08430438 -0.44819443
v 0.08093521 0.08860299 -0.44122869
v 0.07679706 0.09221285 0.32611330
v 0.06691709 0.09961476 0.18618286
v 0.09535397 0.07286027 -0.45306163
v 0.11942456 0.01178017 -0.33754082
v 0.08261734 -0.08703662 0.18857343
v 0.07070827 0.09696050 0.34626581
v 0.07108242 -0.09668654 -0.21203711
v 0.06117322 -0.10324163 -0.21121290
v 0.08083762 0.08869204 0.32435517
v -0.09123420 0.07795716 -0.20558303
v 0.06202160 0.10273421 0.08969546
v -0.09043329 0.07888483 0.08754956
v -0.11799192 0.02188392 -0.20559401
v -0.11777870 0.02300381 0.08761885
v 0.06688023 -0.09963951 0.08546502
v -0.08640445 -0.08327826 0.08753321
v 0.03317261 0.11532813 0.08832250
v 0.00809878 -0.11973056 0.08727523
v 0.01059780 -0.11953529 -0.20903374
v -0.08560761 -0.08409717 -0.20559745
v 0.03150488 0.11579482 -0.20660345
v -0.02306133 -0.11776745 0.08745177
v -0.02141734 -0.11807750 -0.20594889
v -0.09768241 0.06970757 -0.20558287
v -0.11945031 0.01151618 -0.20559788
v -0.08323488 0.08644624 0.08757152
v 0.06769064 0.09909074 -0.20576880
v 0.02087350 -0.11817485 -0.20944664
v -0.07795003 -0.09124029 -0.20559873
v 0.02157314 0.11804913 -0.20620361
v -0.08409157 0.08561311 -0.20558263
v -0.11932938 0.01270812 0.08765900
v -0.09695915 0.07071012 0.08748860
v -0.11533558 0.03314669 0.08753404
v -0.01067664 -0.11952827 -0.20638764
v 0.07593055 0.09292766 -0.20494798
v 0.03123412 -0.11586815 -0.20938986
v -0.06969551 -0.09769101 -0.20560291
v 0.01134975 0.11946623 -0.20595253
v -0.10920822 -0.04974497 -0.20560202
v -0.07883550 -0.09047630 0.08757594
v 0.02304670 0.11777032 0.08806673
v -0.04973748 0.10921163 -0.20559069
v 0.01849851 -0.11856982 0.08712163
v -0.11963545 -0.00939980 -0.20560335
v -0.11618654 -0.03002807 -0.20560456
v 0.05801145 -0.10505079 0.08606274
v -0.03002752 0.11618669 -0.20561530
v -0.05162724 -0.10833109 -0.20563509
v -0.00943662 0.11963255 -0.20569971
v -0.07068498 -0.09697748 0.08757101
v 0.01273559 0.11932646 0.08788492
v -0.10973684 -0.04856773 0.08748839
v -0.02876594 0.11650544 0.08755270
v -0.11650595 -0.02876391 0.08757196
v -0.00812438 0.11972883 0.08767015
v -0.11972880 -0.00812482 0.08763899
v 0.02878319 -0.11650118 0.08692615
v -0.04857862 0.10973202 0.08746979
v -0.10338710 0.06092704 -0.20558285
v -0.05280625 -0.10776130 0.08747304
v -0.11999946 0.00106179 -0.20560112
v 0.05888693 0.10456255 -0.20649101
v -0.04003281 0.11312989 -0.20559924
v -0.06090200 -0.10340186 -0.20561307
v -0.11312784 -0.04003860 -0.20560361
v -0.11836124 -0.01978927 -0.20560452
v -0.10445737 -0.05907331 -0.20560007
v 0.00097816 0.12000017 -0.20579390
v -0.01980105 0.11835927 -0.20564510
v -0.01274196 -0.11932578 0.08744809
v -0.11563516 0.03208594 -0.20558932
v -0.10830477 0.05168244 -0.20558353
v -0.03881187 0.11355455 0.08750697
v -0.11355587 -0.03880801 0.08753177
v -0.01851191 0.11856773 0.08760536
v -0.11856806 -0.01850983 0.08760860
v -0.11998196 0.00230792 0.08765990
v -0.06199134 -0.10275248 0.08752970
v 0.00231844 0.11998176 0.08775825
v 0.04987573 0.10914857 -0.20720452
v -0.09891131 -0.06795256 -0.20559828
v -0.10507235 -0.05797240 0.08745118
v -0.10276538 0.06196995 0.08742456
v 0.04190342 -0.11245044 -0.20888332
v 0.05263164 0.10784669 0.08911793
v -0.07540044 0.09335830 0.08754154
v -0.05906581 0.10446161 -0.20558584
v -0.04192486 -0.11244245 -0.20567867
v -0.09959200 -0.06695096 0.08743802
v -0.10779903 0.05272918 0.08739693
v 0.05338971 -0.10747342 -0.20971310
v -0.07630896 0.09261718 -0.20558246
v -0.05799172 0.10506169 0.08745745
v -0.04319377 -0.11196114 0.08743209
v 0.03886633 -0.11353592 0.08670079
v -0.03324183 -0.11530819 0.08742978
v -0.03184374 -0.11570209 -0.20576652
v -0.00233705 -0.11998140 0.08738816
v -0.09334584 -0.07541587 0.08746956
v 0.04304808 0.11201723 0.08866628
v 0.00012339 -0.12000409 -0.20770600
v -0.09261217 -0.07631503 -0.20559710
v 0.04089325 0.11282172 -0.20721024
v -0.06696424 0.09958307 0.08748750
v 0.04864414 -0.10970299 0.08643194
v -0.06794570 0.09891602 -0.20558319
v -0.11200327 0.04308439 0.08743850
v -0.11239790 0.04204415 -0.20558550
v 0.07904198 -0.09029597 -0.21226288
v 0.07518420 -0.09353253 0.08452608
v 0.08364218 0.08605221 -0.20440774
v 0.10142980 0.06413263 0.34951798
v 0.07094285 0.09678900 0.08931310
v 0.09769246 0.06969348 -0.38762394
v 0.07854152 -0.09073162 -0.46590739
v 0.09285974 -0.07601359 0.33434207
v 0.11521424 0.03356599 -0.32682258
v 0.07994429 -0.08949809 -0.25437880
v 0.09069412 0.07858483 -0.20290974
v 0.09973364 -0.06673978 0.26830385
v 0.08144934 0.08813061 0.13335146
v 0.10827529 0.05174417 0.26069009
v 0.07643841 -0.09251036 -0.44857944
v 0.03944551 -0.11333600 -0.43941084
v 0.02957022 -0.11630391 -0.43974854
v 0.01945180 -0.11841717 -0.44002258
v 0.00913300 -0.11965612 -0.44031879
v -0.00134037 -0.11999667 -0.44057896
v 0.05357602 -0.10738067 0.32267549
v -0.01185302 -0.11941735 -0.44072830
v -0.00133788 0.11999670 0.32017852
v -0.02227178 -0.11791932 -0.44080367
v -0.01181126 0.11942149 0.32050017
v -0.02223160 0.11792690 0.32069911
v -0.03250166 -0.11551900 -0.44084205
v -0.03247441 0.11552667 0.32080581
v -0.04246706 -0.11223879 -0.44086186
v -0.04245118 0.11224480 0.32086071
v -0.05208978 0.10810945 0.32088806
v -0.06132252 0.10315303 0.32090120
v -0.07008344 0.09741309 0.32090728
v -0.07830849 0.09093282 0.32091000
v -0.08593646 0.08376111 0.32091117
v -0.09290993 0.07595223 0.32091167
v -0.09917614 0.06756547 0.32091187
v -0.10468748 0.05866455 0.32091195
v -0.10940207 0.04931718 0.32091199
v -0.11328404 0.03959449 0.32091200
v -0.11630385 0.02957046 0.32091201
v -0.11843852 0.01932139 0.32091201
v -0.11967179 0.00892527 0.32091201
v -0.11999429 -0.00153878 0.32091201
v -0.11940356 -0.01199112 0.32091201
v -0.11790410 -0.02235219 0.32091201
v -0.11550732 -0.03254316 0.32091201
v -0.11223146 -0.04248645 0.32091201
v -0.10810144 -0.05210639 0.32091201
v -0.10314871 -0.06132977 0.32091201
v -0.09741096 -0.07008639 0.32091202
v -0.09093185 -0.07830962 0.32091204
v -0.08376069 -0.08593686 0.32091209
v -0.07595205 -0.09291009 0.32091226
v -0.06756528 -0.09917626 0.32091271
v -0.05866394 -0.10468782 0.32091395
v -0.04931500 -0.10940306 0.32091721
v -0.03958761 -0.11328645 0.32092538
v -0.02955173 -0.11630861 0.32094438
v -0.01927672 -0.11844580 0.32098470
v -0.00883073 -0.11967880 0.32106170
v 0.00171937 -0.11999184 0.32119213
v 0.01230996 -0.11937112 0.32138556
v 0.02288931 -0.11780101 0.32163665
v 0.03344092 -0.11525061 0.32193299
v 0.04481050 -0.11132393 0.32229946
v -0.05209810 -0.10810544 -0.44087200
v -0.06132652 -0.10315065 -0.44087705
v -0.07008523 -0.09741180 -0.44087948
v -0.07830924 -0.09093218 -0.44088061
v -0.08593676 -0.08376080 -0.44088111
v -0.09291005 -0.07595209 -0.44088133
v -0.09917619 -0.06756539 -0.44088143
v -0.10468751 -0.05866450 -0.44088147
v -0.10940209 -0.04931714 -0.44088148
v -0.11328405 -0.03959445 -0.44088149
v -0.11630386 -0.02957043 -0.44088149
v -0.11843852 -0.01932135 -0.44088149
v -0.11967179 -0.00892523 -0.44088149
v -0.11999429 0.00153881 -0.44088149
v -0.11940356 0.01199115 -0.44088149
v -0.11790410 0.02235223 -0.44088149
v -0.11550731 0.03254319 -0.44088149
v -0.11223144 0.04248648 -0.44088149
v -0.10810143 0.05210642 -0.44088149
v -0.10314870 0.06132980 -0.44088149
v -0.09741094 0.07008642 -0.44088150
v -0.09093183 0.07830965 -0.44088152
v -0.08376066 0.08593690 -0.44088157
v -0.07595199 0.09291014 -0.44088171
v -0.06756514 0.09917636 -0.44088206
v -0.05866356 0.10468804 -0.44088299
v -0.04931381 0.10940359 -0.44088545
v -0.03958400 0.11328771 -0.44089190
v -0.02954172 0.11631115 -0.44090812
v -0.01925222 0.11844978 -0.44094593
v -0.00877869 0.11968263 -0.44102545
v 0.00181407 0.11999045 -0.44117116
v 0.01245624 0.11935594 -0.44139075
v 0.02308179 0.11776344 -0.44163661
v 0.03364993 0.11518976 -0.44178379
v 0.04403018 0.11163486 -0.44154538
v 0.00907887 0.11966024 0.31983013
v 0.01939138 0.11842708 0.31953773
v 0.02954925 0.11630924 0.31922159
v 0.04899791 -0.10954543 -0.43888630
v 0.03946384 0.11332962 0.31874399
v 0.05813149 -0.10498442 -0.43799494
v 0.04902714 0.10953236 0.31790814
v 0.06167713 0.10294139 0.34696338
v 0.05401591 0.10716007 -0.44124490
v 0.06291187 -0.10219146 0.32323973
v 0.06662292 -0.09981174 -0.43635551
v 0.05797243 0.10507233 0.31632019
v 0.06446229 0.10122061 -0.44123417
v 0.06857182 0.09848301 0.32840153
v 0.07432233 -0.09421884 -0.43404987
v 0.08333741 0.08634740 -0.46015014
v 0.11987428 -0.00558163 -0.14412798
v 0.06603809 0.10019964 0.31405066
v 0.07018566 -0.09733946 -0.46683729
v 0.07200270 -0.09600318 0.32400889
v 0.07243691 0.09567598 -0.44127391
v 0.11968008 -0.00881339 -0.39714237
v 0.07649602 0.09246273 -0.47461378
v 0.05223310 0.10804027 0.34734376
v 0.08607057 0.08362329 0.13615391
v 0.11929664 0.01301192 0.26704180
v 0.09601077 0.07199257 -0.24170821
v 0.06128795 -0.10317357 -0.46728647
v 0.08269648 -0.08696143 0.08326993
v 0.11640401 -0.02917370 0.26169329
v 0.07589192 -0.09295921 0.35587505
v 0.08584211 -0.08385779 -0.21216425
v 0.04248064 0.11223365 0.34775611
v 0.06838584 0.09861224 -0.47308901
v 0.05198463 -0.10816005 -0.46773483
v 0.06924110 -0.09801361 -0.45001583
v 0.03251606 0.11551495 0.34807781
v 0.06808819 -0.09881799 0.35356231
v 0.05960816 0.10415309 -0.47210794
v 0.06078859 0.10346857 0.33000291
v 0.02240514 0.11789405 0.34831343
v 0.04238087 -0.11227137 -0.46807699
v 0.01229121 0.11937305 0.34848747
v 0.00302446 0.11996604 0.34860855
v 0.05936146 -0.10429389 0.35202242
v -0.06770832 0.09907866 0.34892775
v -0.07608781 0.09279894 0.34892996
v -0.08388695 0.08581363 0.34893094
v -0.09104714 0.07817555 0.34893137
v -0.09751421 0.06994266 0.34893155
v -0.10323908 0.06117754 0.34893162
v -0.10817820 0.05194684 0.34893165
v -0.11229402 0.04232081 0.34893166
v -0.11555521 0.03237270 0.34893166
v -0.11793695 0.02217821 0.34893167
v -0.11942113 0.01181493 0.34893167
v -0.11999643 0.00136174 0.34893167
v -0.11965849 -0.00910182 0.34893167
v -0.11840988 -0.01949611 0.34893167
v -0.11626009 -0.02974203 0.34893167
v -0.11322550 -0.03976159 0.34893167
v -0.10932920 -0.04947853 0.34893167
v -0.10460082 -0.05881892 0.34893167
v -0.09907638 -0.06771166 0.34893168
v -0.09279791 -0.07608907 0.34893169
v -0.08581318 -0.08388740 0.34893174
v -0.07817536 -0.09104730 0.34893187
v -0.06994254 -0.09751430 0.34893221
v -0.06117726 -0.10323924 0.34893307
v -0.05194587 -0.10817867 0.34893519
v -0.04231775 -0.11229517 0.34894014
v -0.03236428 -0.11555757 0.34895099
v -0.02215775 -0.11794080 0.34897317
v -0.01177034 -0.11942553 0.34901528
v -0.00127359 -0.11999740 0.34909012
v 0.00926120 -0.11964626 0.34921707
v 0.01975981 -0.11836616 0.34942843
v 0.03013305 -0.11615936 0.34978044
v 0.04025722 -0.11305023 0.35033736
v 0.05002014 -0.10908246 0.35107054
v -0.07608863 -0.09279827 -0.46890041
v -0.08388726 -0.08581332 -0.46890084
v -0.09104725 -0.07817541 -0.46890103
v -0.09751425 -0.06994261 -0.46890111
v -0.10323909 -0.06117751 -0.46890115
v -0.10817821 -0.05194683 -0.46890116
v -0.11229402 -0.04232080 -0.46890117
v -0.11555521 -0.03237269 -0.46890117
v -0.11793696 -0.02217820 -0.46890117
v -0.11942113 -0.01181493 -0.46890117
v -0.11999643 -0.00136173 -0.46890117
v -0.11965849 0.00910183 -0.46890117
v -0.11840988 0.01949612 -0.46890117
v -0.11626009 0.02974203 -0.46890117
v -0.11322550 0.03976159 -0.46890117
v -0.10932919 0.04947854 -0.46890117
v -0.10460082 0.05881892 -0.46890117
v -0.09907638 0.06771166 -0.46890118
v -0.09279790 0.07608908 -0.46890119
v -0.08581317 0.08388741 -0.46890123
v -0.07817532 0.09104733 -0.46890134
v -0.06994243 0.09751438 -0.46890160
v -0.06117694 0.10323943 -0.46890229
v -0.05194496 0.10817911 -0.46890402
v -0.04231527 0.11229611 -0.46890824
v -0.03235809 0.11555930 -0.46891794
v -0.02214366 0.11794344 -0.46893851
v -0.01174128 0.11942839 -0.46897827
v -0.00121862 0.11999797 -0.46904827
v 0.00935888 0.11963866 -0.46916292
v 0.01992873 0.11833784 -0.46934874
v 0.03042864 0.11608228 -0.46968220
v 0.04063804 0.11291389 -0.47043300
v 0.05035151 0.10892990 -0.47132893
v -0.06771039 -0.09907725 -0.46889943
v -0.05881058 0.10460551 0.34892303
v -0.05881551 -0.10460274 -0.46889733
v -0.04945881 0.10933812 0.34891339
v -0.04946994 -0.10933308 -0.46889299
v -0.03971730 0.11324104 0.34889487
v -0.03974125 -0.11323264 -0.46888437
v -0.02964698 0.11628437 0.34886169
v -0.01929849 0.11844225 0.34880719
v -0.02969661 -0.11627170 -0.46886818
v -0.00869287 0.11968890 0.34872610
v -0.01939961 -0.11842573 -0.46883953
v -0.00890377 -0.11967339 -0.46879243
v 0.00176618 -0.11999116 -0.46872122
v 0.01345324 -0.11924768 -0.46861267
v 0.02261968 -0.11785308 -0.46849588
v 0.03254488 -0.11550684 -0.46832174
v 0.07903147 0.09030517 0.08877960
v 0.06174947 0.10289801 -0.45722040
v 0.05055229 0.10883687 0.33128557
v 0.05961631 -0.10414842 -0.45130185
v 0.05181733 -0.10824030 0.33787959
v -0.05086152 0.10869270 0.33488560
v -0.06015204 0.10383992 0.33489858
v -0.06897824 0.09819878 0.33490474
v -0.07727636 0.09181156 0.33490754
v -0.08498499 0.08472632 0.33490878
v -0.09204627 0.07699664 0.33490931
v -0.09840680 0.06868115 0.33490953
v -0.10401832 0.05984302 0.33490962
v -0.10883817 0.05054948 0.33490966
v -0.11282969 0.04087125 0.33490967
v -0.11596250 0.03088196 0.33490968
v -0.11821277 0.02065765 0.33490968
v -0.11956337 0.01027612 0.33490968
v -0.12000402 -0.00018362 0.33490968
v -0.11953136 -0.01064196 0.33490968
v -0.11814900 -0.02101931 0.33490968
v -0.11586746 -0.03123669 0.33490968
v -0.11270409 -0.04121634 0.33490968
v -0.10868298 -0.05088230 0.33490968
v -0.10383472 -0.06016103 0.33490968
v -0.09819622 -0.06898189 0.33490969
v -0.09181038 -0.07727775 0.33490971
v -0.08472582 -0.08498549 0.33490977
v -0.07699642 -0.09204645 0.33490993
v -0.06868097 -0.09840692 0.33491037
v -0.05984256 -0.10401858 0.33491153
v -0.05054789 -0.10883891 0.33491443
v -0.04086628 -0.11283149 0.33492137
v -0.03086848 -0.11596609 0.33493686
v -0.02062538 -0.11821841 0.33496869
v -0.01020694 -0.11956930 0.33502849
v 0.00031856 -0.12000374 0.33513126
v 0.01088558 -0.11950942 0.33529558
v 0.02143301 -0.11807465 0.33555147
v 0.03190380 -0.11568555 0.33597761
v 0.04209436 -0.11237910 0.33684475
v -0.04119408 -0.11271222 -0.45485804
v -0.05087273 -0.10868746 -0.45486903
v -0.06015719 -0.10383694 -0.45487445
v -0.06898046 -0.09819722 -0.45487704
v -0.07727727 -0.09181080 -0.45487823
v -0.08498534 -0.08472597 -0.45487877
v -0.09204640 -0.07699648 -0.45487901
v -0.09840685 -0.06868107 -0.45487911
v -0.10401834 -0.05984298 -0.45487915
v -0.10883818 -0.05054946 -0.45487916
v -0.11282970 -0.04087123 -0.45487917
v -0.11596251 -0.03088195 -0.45487918
v -0.11821277 -0.02065764 -0.45487918
v -0.11956337 -0.01027611 -0.45487918
v -0.12000402 0.00018363 -0.45487918
v -0.11953136 0.01064197 -0.45487918
v -0.11814900 0.02101932 -0.45487918
v -0.11586745 0.03123670 -0.45487918
v -0.11270408 0.04121635 -0.45487918
v -0.10868297 0.05088232 -0.45487918
v -0.10383471 0.06016104 -0.45487918
v -0.09819621 0.06898190 -0.45487919
v -0.09181037 0.07727777 -0.45487921
v -0.08472579 0.08498551 -0.45487926
v -0.07699637 0.09204649 -0.45487939
v -0.06868083 0.09840702 -0.45487973
v -0.05984216 0.10401882 -0.45488064
v -0.05054669 0.10883947 -0.45488297
v -0.04086291 0.11283271 -0.45488883
v -0.03085979 0.11596841 -0.45490274
v -0.02060533 0.11822190 -0.45493305
v -0.01016586 0.11957280 -0.45499247
v 0.00039369 0.12000351 -0.45509528
v 0.01101083 0.11949795 -0.45524978
v 0.02163301 0.11803817 -0.45545186
v 0.03224002 0.11559230 -0.45569412
v 0.04367440 0.11177452 -0.45601562
v -0.04117119 0.11272059 0.33485909
v -0.03118855 -0.11588042 -0.45483623
v -0.03114455 0.11589225 0.33480624
v -0.02092231 -0.11816622 -0.45479291
v -0.02084278 0.11818027 0.33469972
v -0.01045987 -0.11954743 -0.45470300
v -0.01032661 0.11955902 0.33446705
v 0.00013328 -0.12000409 -0.45449445
v 0.00018769 0.12000401 0.33385621
v 0.01063565 -0.11953192 -0.45391160
v 0.01050775 0.11954323 0.33320064
v 0.02085480 -0.11817815 -0.45327865
v 0.02071721 0.11820235 0.33283583
v 0.03087523 -0.11596430 -0.45292123
v 0.03085127 0.11597067 0.33248629
v 0.04073203 -0.11288002 -0.45256038
v 0.04081449 0.11285023 0.33201324
v 0.05033141 -0.10893919 -0.45206106
v 0.06115531 -0.10325224 0.33884104
v 0.05248627 0.10791751 -0.45640635
v 0.07081900 -0.09687966 0.34016245
v 0.07059917 0.09703997 -0.45826180
v 0.08395040 0.08575155 0.34362752
v 0.08260216 -0.08705102 -0.46462163
v 0.08530407 0.08440506 -0.44109373
v 0.07270609 0.09547158 0.32731386
v 0.07510005 0.09360011 0.34564180
v 0.08821911 -0.08135346 0.33154973
v 0.09432013 -0.07419374 0.27107205
v 0.11784867 0.02264264 -0.34672006
v 0.10893644 -0.05033736 -0.27928608
v 0.07486968 0.09378448 -0.45879788
v 0.08052761 -0.08897360 -0.44796670
v 0.06875192 -0.09835737 0.19304052
v 0.09596515 -0.07205337 0.25172738
v 0.07678635 -0.09222177 0.32506601
v 0.05031330 0.10894755 -0.31309865
v -0.11338401 0.03930730 0.02453194
v 0.05374324 -0.10729707 0.19325672
v 0.03531578 -0.11468999 0.19338505
v 0.01520456 -0.11903705 0.19366125
v -0.11901713 0.01535967 -0.31387705
v -0.11987618 -0.00554080 -0.31387708
v -0.11454181 0.03579345 -0.31387707
v -0.09539203 0.07281043 -0.31387726
v -0.10658619 0.05513966 -0.31387713
v -0.11709284 -0.02627288 -0.31387714
v -0.08129972 0.08826864 -0.31387756
v -0.11075173 -0.04620662 -0.31387722
v -0.08827016 -0.08129807 -0.31387748
v -0.10104566 -0.06473617 -0.31387732
v -0.07281573 -0.09538799 -0.31387771
v -0.06473890 0.10104391 -0.31387843
v -0.00572241 0.11986764 -0.31385383
v -0.05515899 -0.10657619 -0.31387662
v -0.02632336 0.11708150 -0.31387963
v -0.04621886 0.11074662 -0.31388042
v -0.03585579 -0.11452231 -0.31386183
v -0.10663957 -0.05503635 0.19397081
v -0.11457668 -0.03568169 0.19397163
v -0.00563709 -0.11987169 0.19387185
v -0.11903203 -0.01524382 0.19397233
v -0.09546172 -0.07271903 0.19397050
v -0.11070771 0.04631200 0.19397057
v -0.05504164 0.10663684 0.19397002
v -0.10098382 0.06483260 0.19397041
v -0.11987078 0.00565639 0.19397223
v -0.11706769 0.02638472 0.19397139
v -0.04630972 -0.11070866 0.19396781
v -0.03569915 0.11457124 0.19396524
v -0.02637509 -0.11706986 0.19395049
v -0.08138319 -0.08819170 0.19397060
v -0.06483196 -0.10098423 0.19397040
v -0.07272020 0.09546083 0.19397063
v -0.08819160 0.08138329 0.19397063
v -0.01529772 0.11902511 0.19393643
v 0.01477796 0.11909076 -0.31376560
v -0.01554963 -0.11899247 -0.31377756
v 0.00547929 0.11987900 0.19382839
v 0.00496672 -0.11990133 -0.31349690
v 0.02579939 0.11719808 0.19361039
v 0.03413198 0.11504784 -0.31360662
v -0.11965422 0.00915774 -0.38957265
v -0.11999706 -0.00130566 -0.38957265
v -0.09904473 0.06775794 -0.38957266
v -0.11840076 0.01955144 -0.38957265
v -0.10457333 0.05886779 -0.38957266
v -0.09276234 0.07613242 -0.38957268
v -0.11942663 -0.01175913 -0.38957265
v -0.11624619 0.02979635 -0.38957265
v -0.10930606 0.04952961 -0.38957265
v -0.11320691 0.03981449 -0.38957265
v -0.11794730 -0.02212310 -0.38957265
v -0.08577397 0.08392749 -0.38957271
v -0.11557033 -0.03231870 -0.38957265
v -0.08392741 -0.08577405 -0.38957235
v -0.07813278 0.09108384 -0.38957278
v -0.11231378 -0.04226833 -0.38957265
v -0.09108381 -0.07813281 -0.38957251
v -0.07613200 -0.09276268 -0.38957206
v -0.09754695 -0.06989700 -0.38957259
v -0.10820247 -0.05189627 -0.38957265
v -0.10326767 -0.06112926 -0.38957263
v -0.11942653 0.01176024 0.26960391
v -0.11794710 0.02212418 0.26960391
v -0.09754629 0.06989791 0.26960379
v -0.11999704 0.00130679 0.26960392
v -0.09108307 0.07813368 0.26960365
v -0.06989678 0.09754711 -0.38957292
v -0.11557003 0.03231976 0.26960390
v -0.10326711 0.06113020 0.26960385
v -0.11231340 0.04226935 0.26960389
v -0.11965431 -0.00915661 0.26960392
v -0.10820200 0.05189726 0.26960388
v -0.08392660 0.08577484 0.26960332
v -0.11840094 -0.01955032 0.26960392
v -0.07813357 -0.09108317 0.26960404
v -0.08577473 -0.08392672 0.26960394
v -0.06989751 -0.09754658 0.26960434
v -0.11624647 -0.02979524 0.26960391
v -0.09276304 -0.07613157 0.26960391
v -0.06112857 -0.10326808 0.26960522
v -0.06112808 0.10326837 -0.38957309
v -0.11320729 -0.03981341 0.26960391
v -0.09904536 -0.06775702 0.26960390
v -0.10930653 -0.04952858 0.26960391
v -0.10457388 -0.05886681 0.26960390
v -0.06775635 -0.09904583 -0.38957162
v -0.05189151 -0.10820475 0.26960770
v -0.07613123 0.09276332 0.26960262
v -0.06775600 0.09904606 0.26960115
v -0.05886268 -0.10457621 -0.38957110
v -0.05189166 0.10820468 -0.38957302
v -0.04225184 -0.11231999 0.26961405
v -0.05886390 0.10457552 0.26959825
v -0.04951521 -0.10931259 -0.38957104
v -0.04225313 0.11231950 -0.38957189
v -0.04952095 0.10930999 0.26959290
v -0.03227289 -0.11558313 0.26962917
v -0.03977788 -0.11321978 -0.38957331
v -0.03979479 0.11321383 0.26958401
v -0.02971160 -0.11626787 -0.38958353
v -0.03227538 0.11558243 -0.38956770
v -0.02201261 -0.11796797 0.26966301
v -0.02975283 0.11625733 0.26957155
v -0.01937138 -0.11843035 -0.38961812
v -0.02201414 0.11796769 -0.38955680
v -0.01152088 -0.11944985 0.26973657
v -0.01945993 0.11841583 0.26955988
v -0.00880392 -0.11968078 -0.38972624
v -0.11964707 0.00925069 -0.37618199
v -0.11999803 -0.00121244 -0.37618199
v -0.11838553 0.01964342 -0.37618199
v -0.09899206 0.06783487 -0.37618201
v -0.09270317 0.07620446 -0.37618202
v -0.10452757 0.05894901 -0.37618200
v -0.11943573 -0.01166634 -0.37618199
v -0.11622300 0.02988665 -0.37618199
v -0.10926755 0.04961452 -0.37618200
v -0.11317594 0.03990243 -0.37618199
v -0.08570875 0.08399409 -0.37618206
v -0.11796446 -0.02203146 -0.37618200
v -0.11559540 -0.03222890 -0.37618200
v -0.07806201 0.09114450 -0.37618214
v -0.11234659 -0.04218106 -0.37618200
v -0.10824276 -0.05181220 -0.37618199
v -0.10331514 -0.06104900 -0.37618198
v -0.09760123 -0.06982118 -0.37618194
v -0.06982101 0.09760135 -0.37618225
v -0.09114452 -0.07806199 -0.37618186
v -0.06104795 0.10331575 -0.37618231
v -0.11943548 0.01166895 0.25621424
v -0.11796398 0.02203402 0.25621423
v -0.11999801 0.00121508 0.25621425
v -0.11559470 0.03223139 0.25621422
v -0.11964728 -0.00924804 0.25621425
v -0.10331382 0.06105122 0.25621417
v -0.11234568 0.04218347 0.25621421
v -0.10824165 0.05181452 0.25621420
v -0.09759972 0.06982330 0.25621411
v -0.05180797 0.10824478 -0.37618174
v -0.11838597 -0.01964078 0.25621425
v -0.07806389 -0.09114289 0.25621434
v -0.08571054 -0.08399227 0.25621425
v -0.06982285 -0.09760003 0.25621461
v -0.08399410 -0.08570874 -0.37618171
v -0.11622367 -0.02988406 0.25621424
v -0.06104943 -0.10331488 0.25621538
v -0.09270482 -0.07620246 0.25621422
v -0.11317683 -0.03989990 0.25621423
v -0.09899354 -0.06783271 0.25621421
v -0.05180828 -0.10824463 0.25621734
v -0.09114280 0.07806400 0.25621399
v -0.10926865 -0.04961209 0.25621422
v -0.10452886 -0.05894671 0.25621422
v -0.04216467 -0.11235274 0.25622175
v -0.08399220 0.08571061 0.25621372
v -0.07620423 -0.09270336 -0.37618143
v -0.04216716 0.11235180 -0.37617875
v -0.07620224 0.09270499 0.25621314
v -0.03218137 -0.11560864 0.25623032
v -0.06783367 -0.09899289 -0.37618094
v -0.06783197 0.09899405 0.25621199
v -0.05894467 -0.10453001 -0.37618016
v -0.03218986 0.11560627 -0.37616829
v -0.02191500 -0.11798615 0.25624415
v -0.05894444 0.10453014 0.25620978
v -0.04960143 -0.10927349 -0.37617889
v -0.04960570 0.10927155 0.25620580
v -0.02193537 0.11798236 -0.37613796
v -0.01141174 -0.11946033 0.25626101
v -0.01151233 0.11945068 -0.38953363
v -0.03986753 -0.11318824 -0.37617661
v -0.03988327 0.11318269 0.25619902
v -0.01145520 0.11945617 -0.37605877
v -0.02980242 -0.11624463 -0.37617151
v 0.00195375 -0.11998825 -0.39006887
v -0.00897590 0.11966800 0.26956590
v -0.00083787 -0.12000123 0.26990078
v -0.00069940 -0.12000212 0.25627034
v -0.02984382 0.11623401 0.25618813
v -0.01945617 -0.11841645 -0.37615860
v -0.00079142 0.12000155 -0.37586069
v -0.01954981 0.11840103 0.25617121
v 0.01024285 -0.11956622 0.25624754
v -0.00079047 0.12000155 -0.38949103
v -0.00885949 -0.11967668 -0.37612646
v 0.01260591 -0.11934022 -0.39126218
v 0.00164669 0.11999286 0.26964131
v 0.01000593 -0.11958629 0.27030986
v 0.01002360 0.11958480 -0.37535075
v -0.00905477 0.11966206 0.25614463
v 0.02310571 -0.11775875 0.25610884
v 0.00200921 -0.11998734 -0.37605485
v 0.01018591 0.11957109 -0.38941894
v 0.02278571 -0.11782109 -0.39250820
v 0.02069125 0.11820690 -0.37387409
v 0.01236250 0.11936569 0.26994915
v 0.00160591 0.11999341 0.25610048
v 0.02071924 -0.11820199 0.27155769
v 0.03140015 -0.11582326 0.25594646
v 0.01484809 -0.11908204 -0.37587945
v 0.10866544 0.05091973 -0.46893146
v 0.03085610 0.11596939 -0.37221822
v 0.04451628 0.11144191 0.19349142
v 0.02315845 0.11774839 -0.38926317
v 0.01244596 0.11935701 0.25602420
v 0.03259541 -0.11549258 -0.39290615
v 0.02318352 -0.11774346 -0.37573056
v 0.02286551 0.11780563 0.27110026
v 0.04076609 -0.11286772 0.25563262
v 0.03095021 -0.11594431 0.27279945
v 0.06362230 -0.10175068 -0.19201431
v 0.02461525 -0.11745249 -0.31288798
v 0.03266823 -0.11547201 -0.37552973
v 0.04064692 0.11291070 -0.37125745
v 0.02511843 0.11734591 0.25586466
v 0.03158188 0.11577384 -0.38911167
v 0.04217619 -0.11234842 -0.39299150
v 0.05011854 -0.10903729 0.25508872
v 0.03278934 0.11543768 0.27230172
v 0.04082216 -0.11284746 0.27306599
v 0.07444216 -0.09412419 -0.46652813
v 0.03326154 0.11530251 0.25574362
v 0.05145653 -0.10841228 0.02324241
v 0.09404926 -0.07453681 -0.43634488
v 0.07666882 0.09231950 -0.44128517
v 0.05021045 0.10899500 -0.37037458
v 0.04120466 0.11270836 -0.38886031
v 0.05489770 -0.10671101 -0.19027906
v 0.05140441 -0.10843701 -0.39299302
v 0.05167899 -0.10830641 -0.37520484
v 0.04222890 0.11232861 0.27267042
v 0.05051176 -0.10885568 0.27279794
v 0.07208789 -0.09593922 -0.19345651
v 0.08666876 -0.08300316 -0.19611848
v 0.04244357 0.11224768 0.25560359
v 0.06624959 0.10005993 0.34672751
v 0.08918555 -0.08029281 -0.46961462
v 0.09255624 0.07638285 -0.10768402
v 0.10772801 0.05287413 -0.45251778
v 0.06088591 -0.10341133 -0.37532046
v 0.05164665 0.10832184 0.25551915
v 0.05130351 0.10848478 0.27277394
v 0.09076268 -0.07850563 -0.19769378
v 0.07990326 -0.08953473 -0.19469271
v 0.05927335 0.10434399 -0.36911015
v 0.05999447 -0.10393104 0.27204818
v 0.06009186 -0.10387476 -0.39308048
v 0.11933801 0.01262682 0.31349761
v 0.11846255 0.01917348 -0.32951383
v 0.11219289 -0.04258819 -0.37559028
v 0.06071034 0.10351450 0.25562997
v 0.09082606 -0.07843230 -0.45373822
v 0.03999808 -0.11314217 -0.19008651
v 0.05985993 0.10400859 0.27291930
v 0.09453899 0.07391467 -0.37373714
v 0.04759292 -0.11016312 -0.18767894
v 0.02039595 -0.11825820 -0.19178196
v -0.05877441 0.10462584 -0.19223745
v 0.06450833 0.10119127 0.32934403
v -0.04223550 -0.11232613 -0.19229106
v 0.02199864 0.11797058 -0.19287175
v 0.09498312 0.07334306 -0.47266987
v -0.03971613 0.11324145 -0.19225139
v 0.06784436 -0.09898556 -0.39351069
v -0.06118727 -0.10323331 -0.19226252
v 0.00133351 0.11999675 -0.19244190
v -0.07820020 -0.09102596 -0.19225690
v -0.11228315 0.04234964 -0.19223911
v -0.07605157 0.09282864 -0.19223389
v -0.01946642 0.11841476 -0.19229570
v 0.00210580 -0.11998568 -0.19222148
v -0.09282113 -0.07606073 -0.19225814
v -0.10321923 0.06121102 -0.19223540
v -0.10461916 -0.05878630 -0.19226694
v -0.11323695 -0.03972896 -0.19227510
v -0.09101827 0.07820915 -0.19223674
v -0.11841444 -0.01946842 -0.19227746
v -0.11999617 0.00138418 -0.19227077
v -0.11793262 0.02220124 -0.19225763
v -0.02170813 -0.11802438 -0.19233250
v 0.10654562 -0.05521802 0.13328967
v 0.05734827 -0.10541430 -0.21065482
v 0.04174198 0.11251047 -0.19418711
v 0.11116748 0.04519723 0.26906725
v 0.06931121 -0.09796404 0.27061073
v 0.07444135 -0.09412483 0.34055799
v 0.11840532 0.01952378 0.14409339
v 0.06752538 0.09920343 0.27343835
v 0.11791396 0.02230011 0.06188676
v 0.11791487 -0.02229534 0.27059001
v 0.10124092 -0.06443038 0.32914778
v 0.11338622 -0.03930095 -0.13102643
v 0.08402692 0.08567657 -0.37369846
v 0.10143038 -0.06413170 -0.46531048
v 0.09218078 0.07683556 0.20655628
v 0.06768218 -0.09909652 0.25234006
v 0.06580174 -0.10035501 -0.46704433
v 0.07269735 -0.09547824 -0.44939538
v 0.03034402 -0.11610443 -0.19121800
v 0.05914135 -0.10441886 0.25414636
v -0.10816297 0.05197855 -0.19223643
v -0.01086819 -0.11951100 -0.19232286
v -0.09748977 0.06997672 -0.19223561
v -0.09909746 -0.06768081 -0.19226246
v -0.10934426 -0.04944524 -0.19227144
v -0.11626792 -0.02971144 -0.19227733
v -0.11966036 -0.00907717 -0.19227522
v -0.11941897 0.01183673 -0.19226446
v -0.06767036 0.09910459 -0.19223346
v 0.10462804 0.05877050 0.35191969
v -0.08385409 0.08584573 -0.19223492
v -0.11554801 0.03239838 -0.19224747
v -0.03215542 -0.11561586 -0.19231310
v 0.01062211 -0.11953313 -0.19207659
v -0.04943234 0.10935009 -0.19224277
v -0.05192678 -0.10818783 -0.19227327
v -0.08006769 -0.08938771 -0.07917984
v 0.01172763 0.11942973 -0.19260200
v -0.08583799 -0.08386202 -0.19225874
v -0.02970121 0.11627053 -0.19226680
v -0.06996394 -0.09749895 -0.19225767
v 0.01695922 -0.11879976 -0.07870841
v 0.03204730 0.11564587 -0.19333347
v -0.00909331 0.11965914 -0.19234834
v -0.09620564 0.07173195 -0.07894672
v -0.01705266 0.11878638 -0.07820501
v 0.05700647 0.10559953 0.34712793
v 0.06156478 0.10300862 -0.38839220
v 0.09262374 0.07630099 -0.36161989
v 0.07008319 0.09741326 0.25615551
v 0.07033049 -0.09723487 -0.37585457
v 0.04230298 -0.11230074 0.17619462
v 0.02255737 -0.11786502 0.17614689
v 0.02209943 0.11795174 -0.29634299
v 0.00182649 0.11999026 -0.29619495
v -0.11998588 0.00209459 -0.29614101
v -0.11779929 0.02289813 -0.29614097
v -0.11203342 0.04300593 -0.29614100
v -0.09056807 0.07873006 -0.29614133
v -0.10286346 0.06180701 -0.29614111
v -0.11852675 -0.01877255 -0.29614109
v -0.01884892 0.11851462 -0.29615956
v -0.11346626 -0.03906925 -0.29614120
v -0.09326155 -0.07552008 -0.29614160
v -0.10495824 -0.05817873 -0.29614136
v -0.07552124 0.09326060 -0.29614179
v -0.07873290 -0.09056560 -0.29614228
v -0.06181839 -0.10285662 -0.29614469
v -0.05818231 0.10495626 -0.29614317
v -0.03908740 0.11346000 -0.29614755
v -0.04304590 -0.11201807 -0.29615133
v 0.00186229 -0.11998971 0.17621986
v -0.02302712 -0.11777415 -0.29616102
v -0.10297536 -0.06162039 0.17628706
v -0.11211199 -0.04280068 0.17628854
v -0.04281292 0.11210732 0.17629062
v -0.11339629 0.03927186 0.17628737
v -0.09070900 -0.07856765 0.17628702
v -0.06162359 0.10297345 0.17628816
v -0.11784107 -0.02268217 0.17629046
v -0.10485402 0.05836637 0.17628658
v -0.03927033 -0.11339682 0.17628338
v -0.01898281 -0.11849325 0.17626793
v -0.11998948 -0.00187654 0.17629104
v -0.05836543 -0.10485454 0.17628688
v -0.11849282 0.01898548 0.17628956
v -0.07568678 -0.09312631 0.17628747
v -0.07856779 0.09070888 0.17628775
v -0.09312562 0.07568762 0.17628725
v -0.02272358 0.11783309 0.17629674
v -0.00201068 0.11998731 0.17631124
v -0.00248771 -0.11997837 -0.29616390
v 0.01858515 0.11855627 0.17638388
v 0.10029491 0.06589331 -0.38596600
v 0.01766096 -0.11869746 -0.29621293
v 0.03826779 0.11373906 0.17679495
v 0.06016676 -0.10383140 0.17691093
v 0.04093323 0.11280722 -0.29705934
v 0.03625541 -0.11439643 -0.29692453
v 0.05668026 -0.10577498 -0.46752372
v 0.05631933 0.10596759 0.17793587
v 0.04738940 0.11025082 0.34755896
v 0.00327832 0.11995937 -0.07881724
v 0.06182586 0.10285213 0.19037065
v 0.04090765 -0.11281650 -0.31159079
v 0.07882588 -0.09048468 0.25741861
v 0.08163514 0.08795852 0.26911055
v 0.09917614 -0.06756546 -0.44899445
v 0.06622471 0.10007640 -0.45776587
v -0.11958880 -0.00997585 -0.07871931
v 0.06749046 -0.09922719 0.32359970
v 0.08188283 -0.08772799 -0.38882102
v -0.04163075 0.11255167 -0.07878147
v 0.06826054 0.09869902 -0.44125933
v -0.05937159 -0.10428812 -0.07887179
v 0.09006456 -0.07930556 0.25718643
v -0.10977849 -0.04847351 -0.07813977
v 0.02327035 0.11772633 -0.07919052
v 0.05107960 0.10859039 -0.38854193
v 0.06983919 0.09758835 0.00157644
v 0.04722316 -0.11032212 -0.46792108
v 0.03752818 0.11398523 0.34792885
v 0.09042642 0.07889272 0.35049851
v 0.07881301 0.09049589 -0.01050910
v 0.04225186 -0.11231998 -0.37532752
v 0.05824421 -0.10492192 0.32294141
v -0.11624536 -0.02979955 -0.07859387
v 0.07603896 -0.09283897 -0.37186607
v 0.07578513 0.09304629 0.25222953
v 0.03749280 -0.11399688 -0.46821071
v 0.02747995 0.11681546 0.34820386
v 0.05715442 0.10551952 -0.45673570
v 0.11780165 0.02288602 0.31705786
v 0.06751382 0.09921130 -0.39333278
v 0.02532451 -0.11730161 0.19697254
v -0.11990770 0.00481042 -0.31742303
v -0.11725071 0.02555910 -0.31742302
v -0.11892136 -0.01608442 -0.31742307
v -0.11103112 0.04553119 -0.31742306
v -0.10143790 0.06411982 -0.31742314
v -0.11432166 -0.03649050 -0.31742313
v -0.08876265 0.08076008 -0.31742332
v -0.10624843 -0.05578772 -0.31742321
v -0.09494726 -0.07338948 -0.31742331
v -0.08076277 -0.08876020 -0.31742344
v -0.01617757 0.11890872 -0.31741124
v -0.07339113 0.09494599 -0.31742381
v -0.06412994 -0.10143150 -0.31742306
v -0.05579338 0.10624545 -0.31742511
v -0.03651510 0.11431380 -0.31742595
v -0.04556529 -0.11101713 -0.31741626
v 0.00449329 0.11992001 -0.31733310
v -0.02566315 -0.11722799 -0.31736909
v 0.00473033 -0.11991089 0.19729587
v -0.01616319 -0.11891068 0.19745680
v -0.10149162 -0.06403475 0.19750865
v -0.11106962 -0.04543717 0.19750916
v -0.10620216 0.05587576 0.19750849
v -0.08882950 -0.08068654 0.19750859
v -0.11429137 0.03658526 0.19750893
v -0.06403736 0.10148997 0.19750830
v -0.03657946 -0.11429322 0.19750025
v -0.05587458 -0.10620278 0.19750772
v -0.11727236 -0.02545959 0.19750988
v -0.04544649 0.11106581 0.19750580
v -0.07346837 -0.09488623 0.19750862
v -0.09488597 0.07346870 0.19750856
v -0.08068692 0.08882916 0.19750866
v -0.11890789 0.01618369 0.19750972
v -0.11991172 -0.00470929 0.19751017
v -0.02548782 0.11726623 0.19748969
v -0.00479714 0.11990824 0.19741366
v -0.00512523 -0.11989466 -0.31716944
v 0.01587704 0.11894922 0.19718972
v 0.05154309 0.10837116 0.19636651
v -0.11961959 0.00959959 -0.07857315
v 0.04472448 -0.11135851 0.19666154
v 0.07244880 0.09566697 -0.37384286
v 0.03377245 -0.11515390 -0.31546234
v 0.02459411 0.11745692 -0.31713105
v -0.09788110 -0.06942830 -0.07818247
v 0.01514033 -0.11904524 -0.31663880
v 0.03557011 0.11461137 0.19681464
v 0.02758612 -0.11679042 -0.46841665
v 0.01734126 0.11874459 0.34840554
v 0.10348948 -0.06075299 0.27127059
v 0.04787264 0.11004185 -0.45617947
v 0.04898367 -0.10955181 0.32246938
v 0.11857393 -0.01847219 -0.39110658
v 0.07757926 0.09155575 -0.38953380
v 0.04286262 0.11208833 -0.31661987
v 0.08316941 -0.08650923 -0.37593522
v 0.08790708 0.08169053 -0.37805459
v 0.01781761 -0.11867405 -0.46856223
v 0.00742777 0.11977406 0.34855434
v 0.06185914 -0.10283212 0.19636732
v 0.08294280 0.08672653 0.25624148
v -0.01726664 -0.06561175 -0.50000000
v -0.04775924 0.04818877 -0.50000000
v -0.06502057 -0.01842934 -0.50000000
v 0.00016725 0.06783487 -0.50000000
v 0.04756234 0.04689727 -0.50000000
v 0.03331893 -0.05803738 -0.50000000
v 0.06708746 -0.00253377 -0.50000000
v -0.07725568 0.02070060 -0.50000000
v -0.05705894 -0.05692557 -0.50000000
v 0.06945384 -0.04077174 -0.50000000
v -0.04596384 0.01231597 -0.50000000
v -0.03385498 -0.03261747 -0.50000000
v -0.03342155 0.07764344 -0.50000000
v 0.00994034 -0.08396148 -0.50000000
v 0.03229871 0.07983239 -0.50000000
v -0.01815040 0.04267808 -0.50000000
v 0.07906550 0.03215494 -0.50000000
v 0.00647745 -0.04526680 -0.50000000
v 0.04023112 -0.02658618 -0.50000000
v 0.01081026 0.04189578 -0.50000000
v 0.04199552 0.02050278 -0.50000000
v -0.04161493 -0.08131341 -0.50000000
v -0.09099933 -0.00368410 -0.50000000
v -0.07716034 0.04867654 -0.50000000
v -0.08109005 -0.04151165 -0.50000000
v -0.03723169 -0.00862886 -0.50000000
v 0.08901388 -0.02194178 -0.50000000
v 0.06090026 -0.06781049 -0.50000000
v -0.05876275 0.07235543 -0.50000000
v -0.00978496 0.09317612 -0.50000000
v -0.01487187 -0.09165174 -0.50000000
v 0.03797048 -0.08523458 -0.50000000
v 0.05866794 0.07284314 -0.50000000
v 0.09269301 0.00862748 -0.50000000
v -0.02802638 0.02417414 -0.50000000
v -0.01202267 -0.03574583 -0.50000000
v 0.01540266 0.09447365 -0.50000000
v 0.07757455 0.05557863 -0.50000000
v -0.05530393 -0.03516499 -0.50000000
v -0.05864123 0.02942437 -0.50000000
v -0.03592292 -0.05476572 -0.50000000
v -0.06526777 0.00359992 -0.50000000
v 0.03681673 -0.00338198 -0.50000000
v 0.02823883 0.05767232 -0.50000000
v -0.03000411 0.05883890 -0.50000000
v 0.00291045 -0.06615875 -0.50000000
v -0.09567219 -0.02540250 -0.50000000
v -0.07689764 -0.06228168 -0.50000000
v -0.09238633 0.03545447 -0.50000000
v 0.01968543 -0.03179615 -0.50000000
v 0.06048300 -0.02112653 -0.50000000
v -0.06429122 -0.07567369 -0.50000000
v -0.09658192 0.01583463 -0.50000000
v 0.03090231 0.03529519 -0.50000000
v 0.07997788 -0.05864477 -0.50000000
v 0.04930143 -0.04295029 -0.50000000
v 0.08964151 -0.04243564 -0.50000000
v 0.05687537 0.03116362 -0.50000000
v -0.00250030 0.03355867 -0.50000000
v -0.02951443 0.00803865 -0.50000000
v -0.02203459 -0.02203459 -0.50000000
v -0.00204908 0.05043293 -0.50000000
v -0.04904689 0.08813971 -0.50000000
v -0.02635694 0.09939564 -0.50000000
v 0.00167461 -0.10084800 -0.50000000
v -0.01810767 0.06926647 -0.50000000
v 0.02698406 -0.09923030 -0.50000000
v 0.05013380 0.08910393 -0.50000000
v 0.09827929 0.02708501 -0.50000000
v -0.03363948 0.03959634 -0.50000000
v 0.01536429 0.07700934 -0.50000000
v -0.03392713 -0.09662499 -0.50000000
v -0.07609775 0.06855099 -0.50000000
v -0.00933263 -0.05111210 -0.50000000
v 0.02042934 -0.06903400 -0.50000000
v 0.03204341 0.09727060 -0.50000000
v 0.05566645 -0.08609651 -0.50000000
v 0.02569251 0.01959873 -0.50000000
v 0.09266788 0.04537345 -0.50000000
v 0.06742237 0.01691345 -0.50000000
v 0.10241342 -0.00590613 -0.50000000
v 0.00282823 -0.03141689 -0.50000000
v -0.05343781 -0.00696491 -0.50000000
v 0.03160126 -0.04185765 -0.50000000
v -0.04871273 -0.02085308 -0.50000000
v -0.04351646 0.02765412 -0.50000000
v -0.06186761 0.05658663 -0.50000000
v -0.02534931 -0.07968633 -0.50000000
v -0.02377717 -0.04449074 -0.50000000
v 0.01241879 0.05688076 -0.50000000
v 0.04299453 0.06672163 -0.50000000
v -0.04564982 0.06350363 -0.50000000
v -0.08143840 -0.01739480 -0.50000000
v -0.00778086 -0.07780694 -0.50000000
v 0.02682618 -0.01612475 -0.50000000
v 0.05190743 0.00379917 -0.50000000
v -0.01325019 0.02629292 -0.50000000
v 0.06503743 0.04508917 -0.50000000
v -0.06904784 -0.03204144 -0.50000000
v 0.04511311 -0.07114080 -0.50000000
v 0.08371617 -0.00437832 -0.50000000
v 0.01872516 -0.05201276 -0.50000000
v 0.00180993 0.10417233 -0.50000000
v -0.08222920 0.00690764 -0.50000000
v -0.04704235 -0.06777807 -0.50000000
v -0.07467230 0.03515721 -0.50000000
v 0.00234944 0.08313433 -0.50000000
v 0.07522046 0.07200568 -0.50000000
v 0.01126037 0.02691436 -0.50000000
v -0.09676868 -0.04094311 -0.50000000
v -0.10427569 -0.01292657 -0.50000000
v 0.07588794 -0.02699456 -0.50000000
v -0.01548592 0.05677509 -0.50000000
v -0.06848888 -0.04728195 -0.50000000
v -0.09188802 0.05067520 -0.50000000
v -0.05307542 -0.09068660 -0.50000000
v -0.08960231 -0.05419111 -0.50000000
v -0.10469184 0.00212721 -0.50000000
v -0.04331325 -0.04331325 -0.50000000
v -0.05916699 0.01585375 -0.50000000
v 0.10113923 -0.03043020 -0.50000000
v 0.07679571 -0.07298110 -0.50000000
v 0.06342122 -0.05405224 -0.50000000
v 0.05122102 -0.01053153 -0.50000000
v -0.02717942 -0.00705824 -0.50000000
v -0.03118837 -0.06742261 -0.50000000
v -0.06070649 0.04278479 -0.50000000
v -0.07350938 -0.00651353 -0.50000000
v -0.02029318 0.08406019 -0.50000000
v 0.05903123 0.05861202 -0.50000000
v -0.06242706 0.08450641 -0.50000000
v -0.00958932 -0.10447306 -0.50000000
v -0.01584552 0.10329716 -0.50000000
v 0.10370942 0.01472584 -0.50000000
v -0.04022102 0.00121590 -0.50000000
v -0.03408097 -0.02160149 -0.50000000
v 0.06176578 0.08416953 -0.50000000
v 0.02469416 -0.08281397 -0.50000000
v 0.03843074 -0.09669350 -0.50000000
v 0.03012244 0.00421312 -0.50000000
v 0.08355326 0.01887995 -0.50000000
v 0.04649651 0.03076748 -0.50000000
v 0.05717361 0.01524537 -0.50000000
v -0.00801428 -0.02606218 -0.50000000
v 0.05190464 -0.03169763 -0.50000000
v -0.10380136 0.02741460 -0.50000000
v -0.07534496 -0.07600644 -0.50000000
v -0.04128794 0.09934768 -0.50000000
v -0.04667166 0.07750431 -0.50000000
v 0.07303850 -0.01304678 -0.50000000
v 0.01401900 -0.10668741 -0.50000000
v 0.04919662 -0.05804577 -0.50000000
v -0.00161717 -0.09044713 -0.50000000
v 0.09208649 -0.05181603 -0.50000000
v 0.02587467 0.04577596 -0.50000000
v 0.08981329 0.05796309 -0.50000000
v 0.02212078 0.10463811 -0.50000000
v -0.02194925 0.01520446 -0.50000000
v 0.03590109 -0.07194662 -0.50000000
v 0.01691916 -0.04208422 -0.50000000
v 0.02642968 0.06941825 -0.50000000
v 0.07968667 0.00433663 -0.50000000
v -0.08418946 -0.02897376 -0.50000000
v -0.05315527 0.00260966 -0.50000000
v -0.03619667 0.01703729 -0.50000000
v 0.02267822 0.08605711 -0.50000000
v -0.02287888 -0.03213912 -0.50000000
v -0.04526630 -0.09811975 -0.50000000
v -0.08819016 0.06250382 -0.50000000
v -0.04853986 0.03591604 -0.50000000
v -0.02365347 -0.05615596 -0.50000000
v -0.02115244 0.03230302 -0.50000000
v -0.06555791 -0.06453818 -0.50000000
v -0.08794453 0.02412611 -0.50000000
v -0.02411433 -0.10765104 -0.50000000
v -0.07387685 0.08022509 -0.50000000
v -0.00930028 0.07875698 -0.50000000
v 0.07529792 0.04473118 -0.50000000
v 0.06941886 -0.08364575 -0.50000000
v -0.00237008 -0.03987028 -0.50000000
v -0.02675459 0.04822561 -0.50000000
v 0.10638106 -0.01873769 -0.50000000
v 0.05049090 -0.09670159 -0.50000000
v -0.04437712 -0.03191202 -0.50000000
v 0.02235285 0.03264914 -0.50000000
v 0.00072034 -0.05543652 -0.50000000
v 0.01112976 -0.02404119 -0.50000000
v 0.04425802 0.07807165 -0.50000000
v 0.10815247 0.00293274 -0.50000000
v 0.07912412 -0.04695299 -0.50000000
v 0.03648488 0.04967367 -0.50000000
v -0.05802678 -0.02540125 -0.50000000
v -0.03615106 0.06599044 -0.50000000
v 0.04259662 0.10046304 -0.50000000
v -0.03772400 0.04995607 -0.50000000
v 0.10079099 0.03779737 -0.50000000
v -0.00779939 -0.06219419 -0.50000000
v 0.00162902 -0.07528670 -0.50000000
v -0.06875139 0.01264175 -0.50000000
v -0.05347532 -0.04569033 -0.50000000
v 0.03724739 -0.01785256 -0.50000000
v -0.10672900 -0.02415385 -0.50000000
v 0.04103172 0.00691565 -0.50000000
v -0.08175515 0.04023824 -0.50000000
v -0.00741782 0.04223451 -0.50000000
v -0.04545594 -0.05339517 -0.50000000
v -0.06597402 0.02348276 -0.50000000
v 0.02623774 -0.00511878 -0.50000000
v -0.00488580 0.02491230 -0.50000000
v 0.06878046 0.06334517 -0.50000000
v -0.06536354 -0.08747360 -0.50000000
v -0.10797505 0.01303114 -0.50000000
v 0.00198792 0.04215934 -0.50000000
v -0.05098701 -0.07568856 -0.50000000
v -0.09060993 0.00590692 -0.50000000
v -0.03804051 0.08878823 -0.50000000
v -0.10029368 0.04352844 -0.50000000
v 0.10175157 -0.04086595 -0.50000000
v -0.08770090 -0.06522572 -0.50000000
v 0.01151192 -0.09576541 -0.50000000
v 0.06717044 0.03633219 -0.50000000
v 0.08492297 -0.03045695 -0.50000000
v -0.05063817 0.02070041 -0.50000000
v -0.09271609 -0.01424847 -0.50000000
v -0.07823855 -0.05079880 -0.50000000
v 0.06170467 -0.01073940 -0.50000000
v 0.01047464 0.06758220 -0.50000000
v -0.03363983 -0.04253122 -0.50000000
v 0.00215274 0.09354894 -0.50000000
v 0.01268819 -0.06232261 -0.50000000
v 0.01135085 0.10994825 -0.50000000
v 0.03392364 0.02450449 -0.50000000
v 0.03035800 -0.03142419 -0.50000000
v -0.06370956 -0.00908551 -0.50000000
v 0.08597270 0.06947574 -0.50000000
v 0.04926334 -0.02130769 -0.50000000
v 0.08617537 -0.06820674 -0.50000000
v 0.06307934 -0.03168834 -0.50000000
v -0.00689485 0.05915192 -0.50000000
v 0.03853333 0.08841018 -0.50000000
v 0.04052281 -0.03736491 -0.50000000
v 0.04100210 -0.05039204 -0.50000000
v 0.06807688 -0.06172472 -0.50000000
v 0.09016849 0.03464916 -0.50000000
v -0.06636332 0.06548154 -0.50000000
v -0.03286696 -0.08664956 -0.50000000
v -0.07351405 -0.02359875 -0.50000000
v 0.05658028 0.04094902 -0.50000000
v -0.08516447 0.01447940 -0.50000000
v -0.05582825 -0.06687309 -0.50000000
v 0.06218717 0.00628900 -0.50000000
v -0.08127671 0.03052860 -0.50000000
v 0.01093668 -0.03529989 -0.50000000
v -0.05586206 -0.01558668 -0.50000000
v 0.05866414 -0.04081094 -0.50000000
v 0.04016057 0.03908162 -0.50000000
v -0.02432479 0.00037040 -0.50000000
v -0.02042887 -0.01357053 -0.50000000
v -0.00598607 0.11043762 -0.50000000
v -0.10404887 -0.03418053 -0.50000000
v 0.07398447 0.08222462 -0.50000000
v -0.03531317 0.03070365 -0.50000000
v -0.05217340 0.05642605 -0.50000000
v -0.01697109 -0.07495133 -0.50000000
v -0.02650938 0.06760010 -0.50000000
v -0.01372561 -0.02016272 -0.50000000
v -0.01301890 0.03528348 -0.50000000
v -0.01503519 -0.04405317 -0.50000000
v 0.09311902 -0.00159734 -0.50000000
v -0.05142499 0.09844942 -0.50000000
v -0.03328903 0.10532520 -0.50000000
v 0.04707771 -0.08067680 -0.50000000
v -0.04654735 -0.01254348 -0.50000000
v 0.00477110 -0.11098935 -0.50000000
v 0.02391322 -0.10785794 -0.50000000
v 0.10786283 0.02522770 -0.50000000
v 0.01090032 0.08564651 -0.50000000
v 0.02850074 -0.05077299 -0.50000000
v -0.03264879 -0.00003507 -0.50000000
v -0.02920966 -0.01559463 -0.50000000
v 0.06036894 0.09440254 -0.50000000
v -0.02431379 -0.09121919 -0.50000000
v -0.07330027 0.05771374 -0.50000000
v 0.02007616 0.05436977 -0.50000000
v 0.01617339 0.01938607 -0.50000000
v 0.01076083 -0.07248082 -0.50000000
v -0.06808084 -0.05554968 -0.50000000
v -0.09845010 -0.05074825 -0.50000000
v -0.11054225 -0.00520063 -0.50000000
v -0.01925775 0.09297499 -0.50000000
v 0.00294951 0.05824740 -0.50000000
v -0.08264758 -0.00886708 -0.50000000
v 0.03402226 0.06549304 -0.50000000
v -0.02867792 0.08758386 -0.50000000
v 0.04334678 0.05616840 -0.50000000
v 0.01760603 -0.01732597 -0.50000000
v -0.06703559 0.04944866 -0.50000000
v -0.03301890 -0.07639171 -0.50000000
v 0.06772782 0.02685963 -0.50000000
v 0.07108189 -0.05115381 -0.50000000
v -0.06310675 -0.03981189 -0.50000000
v -0.05372677 0.07988861 -0.50000000
v 0.07842719 -0.03695985 -0.50000000
v -0.08229329 0.07547626 -0.50000000
v 0.02444978 -0.06018161 -0.50000000
v 0.00334962 0.02526859 -0.50000000
v -0.03292898 -0.10619632 -0.50000000
v -0.00923127 0.06969813 -0.50000000
v 0.09916397 0.05161836 -0.50000000
v 0.03355425 0.01448182 -0.50000000
v -0.00850353 -0.09557140 -0.50000000
v 0.02990517 -0.08976320 -0.50000000
v -0.01455449 0.01821048 -0.50000000
v 0.05569146 -0.07523493 -0.50000000
v -0.01591087 -0.02741791 -0.50000000
v 0.09289773 0.01813040 -0.50000000
v 0.01903617 -0.09012882 -0.50000000
v -0.04313103 0.04165468 -0.50000000
v 0.03377280 0.10621078 -0.50000000
v -0.01648709 -0.05774073 -0.50000000
v 0.00671253 0.04981740 -0.50000000
v 0.06039084 -0.09516510 -0.50000000
v 0.00960009 -0.05384418 -0.50000000
v -0.02425744 0.07634504 -0.50000000
v 0.01935215 0.06252049 -0.50000000
v 0.09285593 -0.01168258 -0.50000000
v 0.05344355 0.07983986 -0.50000000
v 0.00613347 0.07610116 -0.50000000
v 0.11246435 -0.00539238 -0.50000000
v 0.05206326 0.02209720 -0.50000000
v -0.06008989 0.09417819 -0.50000000
v 0.00623610 0.03432656 -0.50000000
v -0.03741700 0.00866513 -0.50000000
v -0.05625835 0.06397063 -0.50000000
v 0.08240675 -0.01339949 -0.50000000
v -0.00449264 -0.11185646 -0.50000000
v -0.04600525 -0.00361156 -0.50000000
v -0.01693730 -0.08364501 -0.50000000
v -0.02828823 -0.02643999 -0.50000000
v -0.01169305 0.04985945 -0.50000000
v 0.00071961 -0.02373665 -0.50000000
v -0.02367327 0.10914298 -0.50000000
v -0.08775557 -0.03714446 -0.50000000
v 0.05237398 0.06393439 -0.50000000
v 0.03448029 -0.10586303 -0.50000000
v 0.02384563 0.09497048 -0.50000000
v 0.02175271 0.01099845 -0.50000000
v 0.01696761 -0.07812140 -0.50000000
v 0.08394874 0.04890457 -0.50000000
v -0.07286992 -0.04002273 -0.50000000
v 0.06803462 0.05357990 -0.50000000
v -0.02247380 0.05536455 -0.50000000
v -0.00491500 -0.03244208 -0.50000000
v -0.03885299 0.05874469 -0.50000000
v -0.02576578 0.04055339 -0.50000000
v 0.05730962 -0.00250354 -0.50000000
v -0.09997803 -0.00527512 -0.50000000
v 0.04632296 -0.00294706 -0.50000000
v -0.04267719 -0.08948548 -0.50000000
v -0.08910427 -0.04549968 -0.50000000
v 0.07601257 0.02357936 -0.50000000
v -0.08299254 -0.07294019 -0.50000000
v -0.10468288 0.03542335 -0.50000000
v -0.06551096 0.03437382 -0.50000000
v -0.03953193 -0.06252973 -0.50000000
v -0.07387613 0.00308755 -0.50000000
v -0.08408197 0.05472737 -0.50000000
v 0.02459237 -0.03814067 -0.50000000
v -0.00452990 -0.07025573 -0.50000000
v 0.03154595 -0.02304895 -0.50000000
v -0.00585431 0.10093439 -0.50000000
v -0.02112918 0.00632276 -0.50000000
v 0.02381695 0.07783222 -0.50000000
v -0.02006997 0.02303819 -0.50000000
v -0.06750555 0.07422389 -0.50000000
v 0.05247840 -0.06604987 -0.50000000
v -0.07309091 -0.01502306 -0.50000000
v 0.06675805 0.07452380 -0.50000000
v 0.05784632 0.05000762 -0.50000000
v 0.04119120 -0.06300897 -0.50000000
v -0.00238287 -0.04750171 -0.50000000
v -0.05069332 0.07062859 -0.50000000
v -0.04100100 -0.02498726 -0.50000000
v 0.02662587 0.02745601 -0.50000000
v -0.07337948 -0.08407415 -0.50000000
v -0.00882266 -0.08624864 -0.50000000
v -0.05381102 -0.09904487 -0.50000000
v 0.08666281 0.02574647 -0.50000000
v -0.09538503 0.05859430 -0.50000000
v -0.05705719 0.04937537 -0.50000000
v 0.00448224 -0.03833392 -0.50000000
v 0.09811190 -0.02177927 -0.50000000
v 0.08249190 0.07679210 -0.50000000
v 0.04883431 0.01371203 -0.50000000
v 0.06754125 -0.07407202 -0.50000000
v -0.02468526 -0.07125739 -0.50000000
v -0.01769150 -0.10000709 -0.50000000
v -0.09511256 -0.06082172 -0.50000000
v -0.04016432 -0.01718180 -0.50000000
v -0.11279831 0.00470862 -0.50000000
v 0.00376754 0.11251830 -0.50000000
v -0.04335447 0.01938138 -0.50000000
v 0.07671828 -0.08123965 -0.50000000
v -0.02007201 0.06269284 -0.50000000
v 0.04572756 -0.08911070 -0.50000000
v -0.02918580 0.01524376 -0.50000000
v -0.02758526 -0.03839285 -0.50000000
v 0.09978469 0.00380166 -0.50000000
v 0.06936918 -0.02198071 -0.50000000
v -0.05126986 0.02874110 -0.50000000
v -0.02918846 -0.05038714 -0.50000000
v 0.08689487 0.00363786 -0.50000000
v 0.02296069 -0.02361581 -0.50000000
v -0.06566051 -0.02574536 -0.50000000
v -0.06081914 -0.09518276 -0.50000000
v -0.08829559 -0.02178898 -0.50000000
v 0.07555598 -0.00433345 -0.50000000
v -0.05959379 -0.00116524 -0.50000000
v 0.08329473 -0.07688409 -0.50000000
v 0.10021549 -0.05047174 -0.50000000
v -0.10017426 0.05198227 -0.50000000
v -0.05112895 -0.02850360 -0.50000000
v -0.00256396 0.07648962 -0.50000000
v 0.10868430 -0.02659953 -0.50000000
v 0.03760506 0.07245225 -0.50000000
v -0.10997814 0.02262080 -0.50000000
v 0.03961846 -0.07785915 -0.50000000
v -0.00539503 0.08561835 -0.50000000
v -0.11226819 -0.01477771 -0.50000000
v -0.10444986 -0.04345957 -0.50000000
v 0.08427553 0.04108090 -0.50000000
v -0.04105089 -0.07286353 -0.50000000
v 0.05276348 0.09933137 -0.50000000
v -0.07182383 0.04234382 -0.50000000
v 0.00978561 0.10108691 -0.50000000
v -0.05326143 0.01148729 -0.50000000
v -0.07734693 0.01245437 -0.50000000
v -0.04931238 -0.08351856 -0.50000000
v 0.09265946 -0.05955044 -0.50000000
v -0.04664588 0.00513156 -0.50000000
v -0.06126115 -0.04945294 -0.50000000
v 0.07947229 0.06367366 -0.50000000
v -0.08974430 0.04309478 -0.50000000
v -0.04964992 -0.06095001 -0.50000000
v -0.07346188 0.02784732 -0.50000000
v 0.10798722 0.03341635 -0.50000000
v -0.04080762 0.03485080 -0.50000000
v 0.10738548 -0.03476580 -0.50000000
v -0.07702605 -0.03349944 -0.50000000
v -0.08295559 -0.00055110 -0.50000000
v 0.09329246 -0.03300169 -0.50000000
v 0.03280631 -0.01037069 -0.50000000
v -0.01889835 -0.05033996 -0.50000000
v -0.09887078 0.00749456 -0.50000000
v 0.03062002 0.08923829 -0.50000000
v 0.05494050 -0.05044930 -0.50000000
v -0.04469410 0.05502584 -0.50000000
v 0.02196030 0.00163829 -0.50000000
v -0.01596241 -0.11058538 -0.50000000
v -0.00841380 0.03001184 -0.50000000
v -0.05991619 0.00834430 -0.50000000
v -0.06984124 0.08819396 -0.50000000
v 0.00567246 -0.01917640 -0.50000000
v -0.01123160 -0.07000141 -0.50000000
v 0.05838691 -0.06034542 -0.50000000
v -0.01501263 0.11242613 -0.50000000
v 0.02064395 -0.01031874 -0.50000000
v -0.03686310 0.02398389 -0.50000000
v -0.09984824 -0.01918285 -0.50000000
v -0.06201826 -0.03153552 -0.50000000
v 0.07107939 -0.03223216 -0.50000000
v 0.01516435 0.03369170 -0.50000000
v 0.04303234 -0.10415717 -0.50000000
v 0.03335561 0.04245661 -0.50000000
v -0.03073229 -0.05980493 -0.50000000
v -0.05655137 0.03636460 -0.50000000
v -0.02017279 -0.00554585 -0.50000000
v -0.09633026 0.02757010 -0.50000000
v -0.07245858 -0.06910522 -0.50000000
v -0.03973226 -0.03722885 -0.50000000
v -0.01993132 -0.03920301 -0.50000000
v 0.01766218 0.06989291 -0.50000000
v 0.08038798 -0.02151854 -0.50000000
v -0.09368695 -0.03332887 -0.50000000
v 0.08525945 0.01120084 -0.50000000
v 0.07153918 0.00588052 -0.50000000
v 0.11220420 -0.01352946 -0.50000000
v 0.06909642 0.09031941 -0.50000000
v -0.05697573 -0.08261399 -0.50000000
v -0.01903685 0.04998662 -0.50000000
v 0.01305563 -0.04817531 -0.50000000
v -0.04116442 -0.10489608 -0.50000000
v -0.08815670 0.07023995 -0.50000000
v -0.08310985 -0.05812433 -0.50000000
v 0.03211448 -0.08034975 -0.50000000
v 0.01608907 0.04818089 -0.50000000
v -0.04041672 0.08121637 -0.50000000
v 0.11165969 0.01059184 -0.50000000
v -0.04790837 -0.03726243 -0.50000000
v 0.07574720 -0.06522341 -0.50000000
v 0.06025248 0.02245586 -0.50000000
v 0.04953501 0.03777180 -0.50000000
v 0.03621078 0.05852240 -0.50000000
v -0.02877945 0.03346611 -0.50000000
v 0.04267351 -0.01043611 -0.50000000
v -0.05254063 0.04259457 -0.50000000
v 0.00566690 -0.09052939 -0.50000000
v -0.02423522 -0.06335519 -0.50000000
v 0.02690581 -0.07461934 -0.50000000
v 0.05168924 0.05506519 -0.50000000
v -0.01310012 0.08624453 -0.50000000
v -0.05738028 0.02285514 -0.50000000
v -0.03822391 -0.04844064 -0.50000000
v 0.08519124 -0.05237044 -0.50000000
v 0.06696319 -0.09079911 -0.50000000
v 0.05034760 0.07228214 -0.50000000
v -0.08109455 0.06205893 -0.50000000
v -0.01644468 0.07759199 -0.50000000
v 0.07725982 0.01379259 -0.50000000
v 0.01963363 0.02623636 -0.50000000
v 0.02406774 -0.04497366 -0.50000000
v -0.02613770 -0.09983865 -0.50000000
v 0.06426834 -0.04661151 -0.50000000
v 0.02041593 0.03995576 -0.50000000
v 0.06094521 0.06564598 -0.50000000
v -0.08453657 0.04738868 -0.50000000
v -0.01400291 -0.01389760 -0.50000000
v -0.00799600 -0.04458322 -0.50000000
v -0.01395835 0.06351689 -0.50000000
v -0.10297074 0.02090896 -0.50000000
v -0.09669543 0.00120347 -0.50000000
v 0.10339735 0.04542212 -0.50000000
v 0.06259579 -0.08146690 -0.50000000
v -0.04216735 0.07274780 -0.50000000
v 0.05524184 -0.01623454 -0.50000000
v 0.00647977 -0.05944051 -0.50000000
v 0.03132818 -0.06545031 -0.50000000
v -0.03432234 0.09577906 -0.50000000
v 0.00842710 0.02002650 -0.50000000
v -0.00580411 -0.01996380 -0.50000000
v -0.00872609 0.01986182 -0.50000000
v 0.10016142 -0.01403336 -0.50000000
v -0.00016407 -0.08404671 -0.50000000
v 0.01825666 -0.10008435 -0.50000000
v 0.03830923 0.03063564 -0.50000000
v -0.06758682 -0.00247155 -0.50000000
f 406 401 396
f 26 401 406
f 400 396 395
f 411 397 398
f 398 400 411
f 411 400 395
f 404 406 396
f 404 6 406
f 394 413 402
f 405 413 394
f 402 397 394
f 16 397 402
f 18 402 413
f 396 403 404
f 404 403 28
f 413 4 18
f 396 400 403
f 415 405 394
f 399 405 415
f 410 414 399
f 29 403 412
f 400 398 412
f 412 403 400
f 412 398 29
f 411 394 397
f 395 394 411
f 410 401 24
f 406 6 26
f 414 416 405
f 1 29 398
f 410 21 414
f 405 399 414
f 399 401 410
f 24 21 410
f 1 398 409
f 397 16 409
f 28 6 404
f 21 20 414
f 409 398 397
f 394 407 415
f 409 16 1
f 408 407 395
f 29 28 403
f 402 18 16
f 401 26 24
f 407 394 395
f 407 401 399
f 415 407 399
f 408 396 401
f 395 396 408
f 401 407 408
f 414 20 416
f 416 4 413
f 20 4 416
f 413 405 416
f 1123 822 1251
f 1024 712 724
f 712 1069 724
f 1024 724 1043
f 890 1267 1124
f 1124 1257 890
f 735 1067 1088
f 750 60 62
f 749 563 741
f 725 1067 735
f 1186 890 1213
f 801 890 1186
f 1066 723 734
f 69 748 67
f 1224 832 859
f 1066 734 1087
f 745 1099 458
f 1099 1073 744
f 457 747 743
f 746 457 742
f 628 635 1340
f 1340 647 628
f 737 1053 1082
f 822 639 1251
f 751 458 460
f 566 747 1094
f 747 459 1094
f 747 457 459
f 745 456 1099
f 456 1073 1099
f 953 1379 1222
f 1222 926 953
f 661 953 926
f 748 558 562
f 854 649 1239
f 558 748 739
f 1239 853 854
f 458 1099 752
f 1099 744 752
f 766 1113 972
f 563 752 744
f 752 563 567
f 754 565 750
f 62 754 750
f 753 567 749
f 735 1088 741
f 132 753 749
f 563 749 567
f 544 1048 549
f 1074 549 1048
f 1113 762 972
f 859 1219 1224
f 746 564 565
f 548 1053 555
f 1034 544 549
f 1416 1032 1010
f 1262 1328 1146
f 1146 1328 864
f 741 559 735
f 1032 687 1010
f 1071 548 555
f 733 1071 555
f 1032 1416 537
f 636 1228 626
f 1304 835 833
f 626 1197 636
f 674 1001 1028
f 565 754 755
f 755 459 565
f 755 63 7
f 748 562 566
f 1028 688 674
f 562 747 566
f 1286 610 1248
f 746 560 564
f 617 1248 610
f 755 754 63
f 804 1286 1248
f 1494 1304 1477
f 560 746 742
f 548 1071 1069
f 1082 456 737
f 1073 456 454
f 569 1354 1166
f 1083 455 1056
f 455 1083 736
f 455 1072 453
f 453 1056 455
f 1067 725 1052
f 125 1067 1052
f 1071 724 1069
f 723 1066 1042
f 747 562 743
f 1066 73 1042
f 1052 720 1013
f 124 1052 1013
f 1051 719 1012
f 599 1241 846
f 956 676 662
f 1366 660 643
f 660 1374 643
f 706 1023 980
f 1077 732 553
f 732 1077 726
f 1077 553 550
f 1217 916 1288
f 452 1036 449
f 557 738 733
f 555 557 733
f 1288 781 1217
f 556 553 732
f 956 662 871
f 1210 1457 1188
f 868 599 846
f 451 1011 454
f 949 900 1331
f 543 1047 550
f 1077 550 1047
f 1300 1231 1449
f 1282 1166 1354
f 560 742 736
f 742 455 736
f 1166 1353 569
f 745 561 737
f 456 745 737
f 646 949 1331
f 754 62 63
f 729 732 726
f 753 132 133
f 1353 1166 1084
f 1354 576 1282
f 752 567 460
f 458 752 460
f 646 1331 654
f 957 678 987
f 1390 957 987
f 870 500 896
f 987 678 691
f 1300 1449 897
f 1134 836 945
f 836 1158 596
f 596 945 836
f 1038 921 758
f 558 739 734
f 554 558 734
f 705 1038 758
f 932 1308 999
f 564 750 565
f 1465 1243 613
f 1292 1229 1462
f 1373 1021 999
f 1021 529 999
f 521 999 529
f 559 741 563
f 1243 1227 613
f 1065 716 727
f 1070 727 1033
f 716 1033 727
f 727 1056 1065
f 505 896 500
f 738 1098 1090
f 740 1098 738
f 896 635 870
f 740 557 561
f 557 740 738
f 1098 139 1090
f 626 608 1330
f 763 1100 756
f 881 885 985
f 663 881 985
f 1314 608 618
f 626 618 608
f 1069 542 548
f 1296 1140 572
f 1019 548 542
f 690 956 986
f 1093 572 1140
f 802 1242 609
f 545 1054 1014
f 656 902 930
f 869 943 1383
f 1277 895 1383
f 1053 722 1082
f 1029 714 1059
f 734 551 554
f 1383 943 1277
f 60 1085 1089
f 1083 727 736
f 502 1383 895
f 731 1064 744
f 744 1073 731
f 1096 744 1064
f 744 1096 563
f 1063 730 743
f 1072 743 730
f 743 1095 1063
f 1095 743 562
f 1029 689 714
f 902 656 645
f 728 1063 1057
f 1063 551 1057
f 724 1097 1043
f 1454 1045 1086
f 559 1096 1064
f 1097 143 1043
f 1064 552 559
f 552 735 559
f 609 1242 1158
f 1215 1086 1045
f 1209 1458 1187
f 676 956 690
f 534 1029 1059
f 1059 1437 534
f 702 714 689
f 561 751 568
f 1098 740 1433
f 568 1433 740
f 552 1064 1081
f 751 561 745
f 1098 1433 137
f 1082 1432 456
f 1037 1432 1082
f 1082 722 1037
f 644 1343 1417
f 458 751 745
f 984 960 993
f 960 693 993
f 917 1253 904
f 1203 904 1253
f 1161 776 1206
f 1458 1194 1171
f 1223 1171 1194
f 1302 839 946
f 946 1406 1302
f 1292 1462 582
f 451 1037 1061
f 1406 108 1302
f 792 802 1318
f 793 1206 776
f 1035 595 572
f 1387 1303 823
f 732 1089 1085
f 1263 1417 1343
f 1085 556 732
f 802 609 1318
f 640 1303 1228
f 630 1216 1372
f 880 1310 879
f 840 1147 854
f 650 1417 925
f 1068 545 547
f 1018 547 545
f 650 644 1417
f 906 650 925
f 564 1085 750
f 1013 1017 124
f 564 556 1085
f 556 564 560
f 1420 488 491
f 576 1354 1103
f 488 1420 486
f 718 1034 721
f 830 1137 1471
f 906 1309 878
f 996 545 538
f 1309 906 1361
f 650 906 638
f 1056 452 1065
f 638 906 878
f 1217 919 916
f 1254 919 1217
f 1057 551 547
f 1217 1183 1254
f 1394 1337 1174
f 552 1081 549
f 1067 128 1088
f 1087 734 739
f 71 1066 1087
f 663 1394 1174
f 1212 887 601
f 587 1212 601
f 835 1304 1207
f 601 594 587
f 926 1222 880
f 880 1222 1362
f 880 1295 926
f 552 1074 735
f 1074 725 735
f 549 1074 552
f 1382 435 437
f 673 1010 687
f 709 1039 994
f 1039 546 994
f 675 673 687
f 740 561 568
f 1457 1195 1172
f 963 952 1347
f 47 963 1347
f 1225 1172 1195
f 1298 1436 965
f 715 1054 1068
f 706 1054 715
f 1023 706 715
f 1407 440 437
f 885 437 440
f 1090 733 738
f 1037 722 1061
f 1089 732 729
f 711 1061 722
f 58 1089 729
f 1019 711 722
f 722 1053 1019
f 1057 717 728
f 717 1057 1018
f 1057 547 1018
f 1408 1207 1304
f 790 1114 1345
f 1419 1065 452
f 1419 1004 1065
f 731 1073 454
f 1072 730 453
f 1004 716 1065
f 1114 421 1345
f 1207 826 835
f 1471 1444 1188
f 466 1176 1117
f 895 1374 931
f 719 1077 1047
f 1471 814 830
f 902 1349 1226
f 955 1338 1218
f 902 1226 930
f 1122 783 462
f 779 1205 469
f 1023 715 1042
f 1203 1253 497
f 492 1203 497
f 1411 1218 1338
f 713 1012 719
f 733 1097 724
f 1071 733 724
f 1058 462 783
f 1218 925 955
f 1017 702 981
f 1358 851 1326
f 1358 874 851
f 111 1358 1326
f 689 969 981
f 867 1266 1295
f 833 1221 852
f 1406 1210 1452
f 1295 879 867
f 1295 880 879
f 1266 634 1295
f 1295 634 646
f 525 521 529
f 688 982 959
f 673 1331 989
f 1183 781 1152
f 1074 720 725
f 720 1052 725
f 673 661 654
f 1064 721 1081
f 654 1331 673
f 1064 731 721
f 1331 923 989
f 679 968 692
f 683 679 692
f 1447 1483 1336
f 1183 1217 781
f 1447 1199 1483
f 715 1068 723
f 1042 715 723
f 678 957 664
f 1416 535 537
f 1306 1211 584
f 888 1483 1199
f 1061 711 1041
f 1306 1175 1211
f 535 527 523
f 535 1416 527
f 1138 1100 580
f 1100 577 580
f 577 1100 763
f 1429 703 716
f 703 1025 716
f 1004 1429 716
f 1286 804 1151
f 576 1100 1138
f 1286 1151 905
f 688 959 674
f 907 1201 1264
f 610 1169 617
f 1315 1264 1386
f 1264 1315 907
f 1274 1264 1201
f 678 681 691
f 1483 888 898
f 1055 698 1008
f 1333 1101 1102
f 1255 1151 804
f 1249 1163 1251
f 1251 1301 1249
f 733 1090 1097
f 821 1102 1101
f 1090 142 1097
f 697 1050 1031
f 743 1072 457
f 1050 536 1031
f 1072 742 457
f 455 742 1072
f 688 1028 701
f 737 1076 1053
f 522 528 531
f 522 1375 528
f 933 664 957
f 957 523 933
f 1301 593 1249
f 1291 1409 1208
f 730 728 1036
f 717 1036 728
f 1341 518 520
f 1341 513 518
f 1031 683 692
f 1326 1155 1302
f 110 1326 1302
f 1406 1452 106
f 430 1107 432
f 994 1112 780
f 825 834 1291
f 1076 555 1053
f 1208 825 1291
f 447 1421 1367
f 1017 121 124
f 1367 1421 444
f 1129 1248 935
f 478 1180 1118
f 879 1310 1324
f 1324 867 879
f 1026 708 991
f 539 1026 991
f 544 1026 539
f 1310 158 1324
f 1150 1122 462
f 524 914 530
f 469 1122 1150
f 1112 546 1127
f 1227 839 856
f 658 875 1402
f 1155 856 839
f 875 438 1402
f 1405 1209 1451
f 1405 1451 35
f 696 1060 772
f 417 1060 1150
f 462 417 1150
f 981 702 689
f 1123 1118 465
f 541 1022 997
f 1008 541 542
f 997 542 541
f 936 1343 897
f 1204 696 772
f 696 1204 709
f 1340 1376 647
f 1426 1000 1441
f 1104 1441 1000
f 663 985 1394
f 9 1426 1441
f 1441 167 9
f 697 992 1012
f 697 1012 713
f 523 527 519
f 526 524 530
f 838 1233 855
f 855 1156 838
f 1265 873 632
f 1265 859 873
f 551 1091 1068
f 1068 547 551
f 1091 723 1068
f 702 1013 720
f 1200 1236 1254
f 994 546 1112
f 1196 873 859
f 32 1426 9
f 714 702 720
f 801 1133 1267
f 1267 890 801
f 575 1116 1086
f 1254 1236 861
f 1120 910 1030
f 1120 1030 1136
f 981 1371 1017
f 1371 121 1017
f 450 1061 1041
f 1061 450 451
f 1360 960 984
f 150 1360 984
f 1359 873 1196
f 42 1359 1196
f 1096 559 563
f 1095 558 554
f 558 1095 562
f 1123 1163 1118
f 1214 911 1311
f 1359 42 44
f 840 1030 910
f 1030 840 854
f 1095 554 1063
f 551 1063 554
f 1358 111 113
f 982 1378 1338
f 1338 959 982
f 1338 1378 1493
f 1145 834 1192
f 488 800 1342
f 825 1192 834
f 847 662 1340
f 830 763 756
f 1094 459 755
f 484 1160 476
f 1430 566 1094
f 1091 551 734
f 775 484 476
f 1430 1094 65
f 1434 708 1049
f 1434 695 708
f 871 662 847
f 695 991 708
f 1081 721 1034
f 549 1081 1034
f 995 1346 979
f 439 1346 443
f 439 979 1346
f 760 821 756
f 1342 498 488
f 614 760 756
f 1389 637 1149
f 727 1083 1056
f 952 1356 929
f 929 1347 952
f 532 928 525
f 529 532 525
f 922 1389 642
f 1036 452 453
f 1149 642 1389
f 1110 769 477
f 491 488 498
f 1382 881 961
f 1214 1311 600
f 911 1179 1311
f 985 686 1394
f 1022 704 711
f 1212 587 1147
f 1005 686 985
f 881 1382 885
f 1247 1311 1179
f 1179 480 1247
f 929 1366 909
f 1235 1264 1274
f 1337 1394 967
f 686 967 1394
f 947 1337 967
f 923 1331 900
f 616 1266 1221
f 542 1055 1008
f 1382 437 885
f 1044 537 1008
f 698 1044 1008
f 541 1008 537
f 1266 852 1221
f 805 470 1136
f 1030 805 1136
f 1031 536 1020
f 683 1031 1020
f 470 805 1084
f 729 726 1051
f 55 729 1051
f 729 55 58
f 989 519 1010
f 527 1010 519
f 906 1218 1361
f 925 1218 906
f 978 446 450
f 446 448 450
f 1142 759 845
f 759 771 918
f 759 1142 771
f 441 439 443
f 1223 1285 1171
f 1334 1157 1456
f 864 569 1146
f 804 1248 1129
f 1189 798 1290
f 990 694 699
f 1107 804 1129
f 1112 1285 1223
f 1223 1283 1112
f 778 758 1080
f 811 758 778
f 758 579 1080
f 1276 652 636
f 450 1041 978
f 1370 831 1141
f 809 1141 831
f 1276 1154 961
f 690 986 1002
f 690 1002 703
f 1157 1334 1428
f 961 652 1276
f 1466 721 731
f 1466 454 1011
f 454 1466 731
f 875 962 1109
f 708 1026 718
f 1049 718 1011
f 1223 1414 1283
f 449 1040 973
f 436 875 1109
f 1045 461 1215
f 649 1215 461
f 806 1314 618
f 1025 703 1002
f 540 1025 1002
f 1238 1192 1462
f 1314 806 1281
f 773 483 787
f 980 1396 1378
f 1396 78 1378
f 1238 1462 588
f 672 988 1374
f 931 1374 988
f 930 1226 941
f 1363 941 1226
f 623 1259 1233
f 1374 660 672
f 671 995 979
f 677 995 671
f 1285 761 813
f 761 809 813
f 616 1386 634
f 1266 616 634
f 1429 1004 1016
f 666 974 970
f 807 863 1162
f 447 1016 1004
f 1274 498 504
f 504 1235 1274
f 1105 1353 1084
f 677 966 682
f 1084 805 1105
f 988 672 958
f 958 672 1006
f 672 679 1006
f 1233 612 623
f 1233 1259 855
f 807 490 495
f 1218 1411 1361
f 707 1038 705
f 1411 84 1361
f 528 1020 536
f 761 1127 1038
f 955 674 959
f 546 1038 1127
f 1016 954 685
f 531 528 536
f 914 967 976
f 530 914 976
f 976 538 530
f 990 538 976
f 884 515 525
f 448 1049 1011
f 1078 574 860
f 574 1167 860
f 1406 946 1210
f 829 1210 946
f 684 1373 670
f 684 1021 1373
f 574 1078 1139
f 584 1241 1320
f 705 1104 707
f 506 1447 1336
f 1404 1260 425
f 1032 693 687
f 1104 1000 707
f 898 1256 1308
f 898 1308 932
f 1454 1086 1116
f 1404 791 1260
f 619 621 1323
f 657 965 950
f 1405 945 1209
f 828 1209 945
f 1320 1306 584
f 765 1454 1116
f 766 1454 765
f 1423 835 826
f 599 1320 1241
f 1258 624 1227
f 1103 1440 576
f 576 1440 1100
f 774 481 788
f 865 1111 1116
f 765 1116 1111
f 517 931 988
f 620 1213 1257
f 611 1213 620
f 986 531 1002
f 1162 863 619
f 1402 438 441
f 826 1191 1423
f 1287 882 1151
f 882 1287 790
f 592 882 790
f 663 652 961
f 663 961 881
f 987 691 704
f 663 1174 652
f 691 1015 704
f 987 704 1003
f 597 946 839
f 613 1227 624
f 938 1395 1144
f 1144 811 938
f 1121 421 422
f 515 521 525
f 585 1214 600
f 1137 830 1101
f 1101 1335 1137
f 600 592 585
f 426 1255 1268
f 1188 1444 1452
f 487 837 1281
f 1314 1281 837
f 960 675 693
f 675 687 693
f 1025 1438 1033
f 1452 1444 103
f 1033 716 1025
f 671 979 889
f 1227 856 1258
f 421 1121 767
f 777 760 1079
f 810 760 777
f 760 578 1079
f 1431 641 659
f 1396 1023 1042
f 764 421 767
f 1451 1187 1370
f 1451 1370 34
f 424 1287 426
f 699 1040 710
f 1308 656 670
f 665 670 656
f 75 1396 1042
f 975 419 1139
f 1034 718 1026
f 786 1007 419
f 815 1289 1154
f 1273 1170 1260
f 1154 1276 815
f 786 586 1007
f 975 1139 771
f 1193 578 893
f 1005 985 885
f 440 1005 885
f 1323 1317 605
f 614 893 578
f 419 574 1139
f 685 912 1319
f 422 1153 1121
f 1287 424 1114
f 912 685 954
f 862 1278 888
f 1278 862 1355
f 538 533 530
f 1273 1260 803
f 1367 954 447
f 1058 700 1159
f 1058 812 700
f 442 912 954
f 948 1300 897
f 668 671 655
f 1151 1255 1287
f 709 994 1173
f 696 709 1173
f 949 1297 900
f 1287 1255 426
f 1297 1232 900
f 1334 631 1428
f 629 1278 1355
f 1141 1000 1426
f 707 1000 809
f 1141 809 1000
f 1270 1365 1247
f 1247 1365 1261
f 877 796 1165
f 877 1393 796
f 712 1055 1069
f 1055 542 1069
f 889 657 671
f 914 947 967
f 524 947 914
f 1029 1021 684
f 689 1029 684
f 657 655 671
f 1176 466 1132
f 1271 770 1283
f 1077 719 726
f 719 1051 726
f 1093 845 1130
f 759 1130 845
f 1178 795 1193
f 1193 768 1178
f 607 1145 1238
f 1271 775 770
f 1271 1283 1414
f 1493 82 1411
f 1237 1377 604
f 886 1330 1165
f 1280 794 1245
f 773 1245 794
f 1206 1126 1161
f 1126 482 1161
f 1060 1132 772
f 1060 417 1132
f 794 475 773
f 915 1128 803
f 1005 440 444
f 440 442 444
f 979 439 889
f 803 1317 915
f 960 1360 953
f 953 675 960
f 924 518 513
f 948 897 1343
f 644 948 1343
f 587 575 1147
f 1126 1206 492
f 490 1126 492
f 1323 915 1317
f 1423 604 1221
f 1167 648 860
f 494 1183 1152
f 1152 487 494
f 1048 714 720
f 720 1074 1048
f 1047 713 719
f 595 1035 876
f 876 1062 595
f 1233 607 612
f 990 699 710
f 449 1036 1040
f 1036 717 1040
f 710 1040 717
f 1022 711 997
f 704 1041 711
f 1035 762 876
f 990 710 996
f 487 1281 494
f 483 1420 491
f 538 990 996
f 1273 803 1128
f 658 667 1372
f 658 1372 962
f 827 962 1216
f 1259 850 855
f 943 627 643
f 966 668 884
f 1129 1332 1107
f 1374 895 1277
f 643 1374 1277
f 590 1223 1194
f 615 1265 627
f 615 1219 1265
f 869 1177 1275
f 1275 857 869
f 1021 534 529
f 934 869 857
f 1029 534 1021
f 501 818 807
f 818 863 807
f 591 1225 1195
f 1062 1460 868
f 846 1062 868
f 1416 1010 527
f 1164 1062 846
f 864 1328 1143
f 1062 876 1460
f 627 632 643
f 1337 947 924
f 786 1153 1393
f 1388 992 983
f 51 1388 983
f 1393 877 786
f 586 786 877
f 947 518 924
f 1153 422 1393
f 955 669 674
f 947 524 518
f 810 777 937
f 993 1397 984
f 1397 993 1024
f 1397 148 984
f 1413 783 1214
f 565 459 746
f 1284 784 769
f 913 626 1330
f 626 913 1197
f 784 477 769
f 706 980 688
f 1107 1332 432
f 713 1047 1050
f 1250 1389 621
f 701 706 688
f 1198 621 1389
f 445 971 448
f 446 445 448
f 534 532 529
f 661 926 654
f 1142 1121 975
f 812 1296 1046
f 1121 1142 767
f 993 698 712
f 698 1055 712
f 712 1024 993
f 878 1259 1244
f 850 1259 878
f 878 1182 850
f 673 989 1010
f 1044 698 1032
f 693 1032 698
f 537 1044 1032
f 811 778 938
f 1031 692 697
f 459 457 746
f 618 1303 806
f 962 1372 1216
f 1053 548 1019
f 1109 962 827
f 474 1120 470
f 1136 470 1120
f 937 1391 1102
f 662 666 1376
f 666 970 1376
f 895 1392 502
f 683 1020 1006
f 1006 679 683
f 1020 528 1006
f 893 1294 1193
f 1278 898 888
f 927 1162 619
f 526 998 520
f 524 526 520
f 1193 1294 768
f 954 1016 447
f 699 973 1040
f 1204 1418 468
f 1273 1128 1252
f 1102 810 937
f 1173 994 780
f 685 1319 676
f 630 622 620
f 1323 927 619
f 908 630 620
f 630 908 1216
f 1272 784 1284
f 1272 1284 1415
f 892 1168 789
f 476 1160 472
f 453 730 1036
f 966 928 977
f 682 977 695
f 682 966 977
f 532 977 928
f 887 1168 892
f 1219 609 1224
f 1219 615 609
f 1381 793 1272
f 776 1272 793
f 1289 435 1154
f 1242 596 1158
f 1289 432 435
f 641 844 824
f 641 1431 844
f 1006 528 958
f 1133 427 1267
f 508 824 844
f 632 901 643
f 632 873 901
f 639 648 1167
f 943 643 1277
f 822 648 639
f 1108 1205 476
f 1357 1124 1267
f 870 625 849
f 472 1108 476
f 1391 937 1400
f 645 1256 1278
f 816 1400 937
f 1400 816 940
f 466 1418 772
f 1113 420 423
f 976 967 694
f 967 686 694
f 800 1316 858
f 1395 938 1401
f 953 661 675
f 661 673 675
f 800 858 1342
f 817 1401 938
f 1401 817 939
f 498 1274 491
f 973 699 1027
f 1316 1320 606
f 1306 1320 1316
f 1184 1316 800
f 1493 1378 80
f 1150 779 469
f 1316 1184 1306
f 1312 852 867
f 867 1324 1312
f 1211 1175 631
f 852 1266 867
f 597 1243 1195
f 1243 591 1195
f 596 1242 1194
f 1242 590 1194
f 1204 570 709
f 605 927 1323
f 1273 1252 429
f 927 605 601
f 631 1334 1211
f 849 1412 870
f 553 1070 550
f 870 1412 500
f 1442 1117 479
f 1288 916 797
f 1442 479 1181
f 589 1237 1191
f 771 1139 918
f 631 1117 1176
f 1117 631 1175
f 467 782 1178
f 591 1381 1272
f 1178 782 1279
f 1379 953 1360
f 1347 929 909
f 151 1379 1360
f 473 782 467
f 866 1313 858
f 1225 580 1172
f 1342 858 1313
f 1168 482 789
f 498 1342 1313
f 952 963 968
f 679 952 968
f 1301 1251 639
f 834 1145 1233
f 581 1301 639
f 1049 708 718
f 1222 154 1362
f 665 930 941
f 908 1257 1124
f 1201 483 491
f 464 417 1159
f 1038 546 921
f 1039 921 546
f 1279 782 1246
f 588 1279 1246
f 1229 1279 588
f 838 834 1233
f 1145 607 1233
f 417 464 1132
f 1163 1249 1185
f 478 1163 1185
f 1039 709 570
f 1148 1234 1385
f 1366 929 660
f 958 517 988
f 1252 1131 433
f 431 1252 433
f 1437 1059 544
f 1234 437 1385
f 1185 485 478
f 701 1014 1054
f 956 522 986
f 515 1369 521
f 986 522 531
f 583 1293 1230
f 706 701 1054
f 616 1315 1386
f 420 1404 425
f 797 916 607
f 1075 736 1070
f 553 1075 1070
f 1070 736 727
f 589 1280 1245
f 1404 420 1111
f 423 420 425
f 69 739 748
f 1174 924 651
f 1258 851 874
f 1258 874 1299
f 1357 1267 427
f 1439 684 670
f 779 1150 1060
f 1060 696 779
f 843 651 924
f 524 520 518
f 429 1357 427
f 1444 1471 1137
f 1444 1137 1335
f 466 772 1132
f 515 884 848
f 905 882 592
f 101 1444 1335
f 1001 526 533
f 505 1392 512
f 1392 895 512
f 512 509 505
f 932 1369 1336
f 526 530 533
f 1369 515 1336
f 510 1336 515
f 1168 1120 482
f 842 922 642
f 1131 922 842
f 842 1351 1131
f 853 757 854
f 836 832 1224
f 1275 496 489
f 1158 836 1224
f 1248 617 935
f 676 666 662
f 493 489 496
f 139 1098 137
f 1161 482 474
f 1120 474 482
f 435 1385 437
f 617 628 935
f 522 956 871
f 775 792 1202
f 796 1393 1190
f 484 775 1202
f 1333 1102 1391
f 423 1460 1113
f 1007 581 1167
f 581 639 1167
f 1281 806 499
f 143 1097 142
f 1415 1284 1138
f 489 493 1125
f 1199 862 888
f 98 1333 1391
f 32 1141 1426
f 1415 1138 580
f 869 934 943
f 934 627 943
f 508 1232 504
f 1118 1163 478
f 507 1231 503
f 823 507 503
f 622 858 1316
f 611 622 1316
f 1189 1290 570
f 1428 631 464
f 631 1176 464
f 1114 424 421
f 424 422 421
f 1018 710 717
f 1094 755 7
f 710 1018 996
f 65 1094 7
f 1018 545 996
f 1118 1180 1143
f 533 1028 1001
f 922 1131 820
f 1180 473 1143
f 749 1092 132
f 1092 749 741
f 1092 130 132
f 517 958 1375
f 522 517 1375
f 1019 542 997
f 711 1019 997
f 142 1090 139
f 1089 58 60
f 1389 922 1198
f 922 820 1198
f 1214 1468 1413
f 1468 785 1413
f 931 517 512
f 517 514 512
f 494 1281 499
f 498 1313 504
f 1294 569 768
f 512 895 931
f 768 569 864
f 1170 1273 429
f 427 1170 429
f 652 1368 636
f 1088 128 130
f 1087 739 69
f 71 1087 69
f 516 844 933
f 921 1290 579
f 921 1039 1290
f 1398 998 1001
f 1085 60 750
f 526 1001 998
f 844 516 508
f 516 511 508
f 1105 805 808
f 805 757 808
f 951 1148 841
f 1385 841 1148
f 1232 1297 1235
f 504 1232 1235
f 841 935 951
f 935 647 951
f 1376 951 647
f 681 678 667
f 937 777 816
f 761 1285 1127
f 1309 86 88
f 1191 583 1230
f 589 1191 1230
f 1310 156 158
f 1231 1300 1236
f 503 1231 1236
f 1290 1039 570
f 1325 832 1307
f 1325 859 832
f 1307 40 1325
f 1371 969 964
f 969 1371 981
f 119 1371 964
f 1179 1119 480
f 1330 602 1165
f 611 1316 606
f 911 1240 1119
f 1401 1479 1395
f 1240 471 1119
f 1330 608 602
f 1299 902 645
f 1190 422 1488
f 667 678 664
f 1079 795 1229
f 1229 1292 1079
f 1279 1229 795
f 461 1078 860
f 521 932 999
f 938 778 817
f 920 602 608
f 807 495 501
f 699 694 1027
f 495 497 501
f 484 489 1125
f 977 532 539
f 1488 422 424
f 1062 571 595
f 1241 584 1456
f 1334 1456 584
f 1341 520 1449
f 1241 1456 1164
f 557 1076 561
f 1076 737 561
f 1076 557 555
f 1075 556 560
f 736 1075 560
f 556 1075 553
f 1164 1456 571
f 911 1119 1179
f 1080 798 1230
f 1230 1293 1080
f 1162 490 807
f 477 1161 474
f 540 1002 531
f 536 540 531
f 1479 165 1395
f 656 1256 645
f 1256 656 1308
f 657 950 653
f 1127 1285 1112
f 655 657 653
f 1344 610 603
f 856 851 1258
f 1449 520 936
f 1107 1268 1255
f 610 905 603
f 1300 948 861
f 1384 861 948
f 861 1236 1300
f 787 1377 1245
f 1245 773 787
f 936 520 998
f 694 990 976
f 823 1303 640
f 649 854 1147
f 896 1340 635
f 586 593 581
f 622 866 858
f 1269 827 1124
f 586 581 1007
f 1418 466 468
f 1301 581 593
f 1303 1387 806
f 499 806 1387
f 625 1169 849
f 1107 1255 804
f 625 628 1169
f 128 1067 125
f 1066 71 73
f 485 1185 487
f 1169 628 617
f 428 1322 1115
f 936 1263 1343
f 430 428 1268
f 814 763 830
f 1143 473 1472
f 430 1322 428
f 1472 473 467
f 603 905 592
f 567 753 1485
f 730 1063 728
f 1191 1237 1423
f 843 640 651
f 604 1423 1237
f 1086 1215 575
f 1234 974 1407
f 437 1234 1407
f 1215 1147 575
f 1465 1381 591
f 983 992 968
f 1243 1465 591
f 1160 484 1125
f 649 461 1239
f 480 1160 1125
f 1014 701 1028
f 1101 1333 1335
f 1333 100 1335
f 1200 499 503
f 533 1014 1028
f 883 1260 791
f 917 613 624
f 594 883 791
f 1412 496 500
f 662 1376 1340
f 1330 886 913
f 886 1115 913
f 775 1271 792
f 544 1034 1026
f 802 792 1271
f 1056 453 452
f 1243 597 1227
f 1377 589 1245
f 1377 1237 589
f 878 1309 1182
f 1309 88 1182
f 839 1227 597
f 934 857 1318
f 1407 912 442
f 125 1052 124
f 440 1407 442
f 968 992 692
f 857 1275 1202
f 1436 842 965
f 950 965 842
f 1297 949 1264
f 1386 1264 949
f 845 1093 1135
f 1147 840 1212
f 1264 1235 1297
f 1485 460 567
f 495 492 497
f 1485 753 133
f 1093 1140 1135
f 1143 465 1118
f 1478 641 1491
f 1042 73 75
f 640 843 823
f 1135 767 845
f 1005 1027 686
f 507 823 843
f 514 871 847
f 676 1319 666
f 816 582 940
f 817 583 939
f 1295 654 926
f 627 1265 632
f 1295 646 654
f 604 1315 616
f 838 1156 1305
f 1156 90 1305
f 616 1221 604
f 791 1404 1111
f 1111 865 791
f 1184 486 1175
f 644 650 638
f 1454 766 418
f 1155 839 1302
f 972 418 766
f 1263 936 998
f 941 680 665
f 680 670 665
f 1306 1184 1175
f 965 657 889
f 1445 439 441
f 438 1445 441
f 1153 786 419
f 1175 486 479
f 1393 422 1190
f 809 831 813
f 987 1003 1390
f 892 789 1162
f 503 499 1387
f 789 1126 490
f 789 490 1162
f 1228 1303 618
f 923 519 989
f 626 1228 618
f 1041 704 1015
f 978 1041 1015
f 1160 480 472
f 1119 472 480
f 1485 133 12
f 1409 1291 1305
f 1107 430 1268
f 92 1409 1305
f 1251 1163 1123
f 1125 1486 480
f 910 1120 1168
f 516 933 523
f 1128 915 820
f 702 1017 1013
f 519 516 523
f 1390 1003 535
f 1486 1247 480
f 781 481 1152
f 788 481 781
f 998 1398 1263
f 598 877 1165
f 863 1250 619
f 1165 602 598
f 1250 863 637
f 863 818 637
f 824 866 641
f 1123 463 822
f 818 506 891
f 1402 441 942
f 620 622 611
f 1135 1140 799
f 876 1113 1460
f 764 1135 799
f 573 799 1140
f 1329 853 822
f 621 915 1323
f 648 822 853
f 1147 1215 649
f 1486 1125 493
f 903 1315 604
f 810 1102 821
f 760 810 821
f 463 1329 822
f 535 1003 541
f 537 535 541
f 1351 433 1131
f 1487 460 1485
f 820 1252 1128
f 1263 1398 669
f 950 642 653
f 950 842 642
f 1168 887 910
f 1187 1458 831
f 1212 910 887
f 813 831 1458
f 1117 1175 479
f 831 1370 1187
f 1219 859 1265
f 1373 999 1308
f 577 763 814
f 677 668 966
f 751 460 1487
f 568 751 1487
f 513 1341 507
f 1231 507 1341
f 516 519 511
f 519 923 511
f 875 658 962
f 911 1214 783
f 783 1240 911
f 758 921 579
f 919 1254 861
f 1373 1308 670
f 1433 568 1487
f 425 1260 1170
f 993 693 698
f 1433 1487 136
f 1345 421 764
f 692 992 697
f 1269 431 1410
f 1084 1166 1110
f 150 984 148
f 983 49 51
f 982 688 980
f 470 1084 1110
f 491 1274 1201
f 1213 890 1257
f 764 799 1345
f 1336 1483 932
f 852 1312 833
f 833 1312 1304
f 1319 912 974
f 1444 101 103
f 468 1484 1204
f 884 668 848
f 668 655 848
f 1189 1484 794
f 1483 898 932
f 1410 431 433
f 475 794 1484
f 887 892 927
f 601 887 927
f 1302 108 110
f 1355 862 917
f 1298 889 439
f 1253 917 862
f 800 486 1184
f 1188 1452 1210
f 475 1484 468
f 488 486 800
f 1015 944 978
f 1482 667 664
f 667 1482 1372
f 659 1482 664
f 420 1113 766
f 1377 787 903
f 765 420 766
f 629 1258 1299
f 604 1377 903
f 1452 103 106
f 821 1101 830
f 756 821 830
f 774 473 1180
f 782 473 774
f 1489 1202 792
f 1187 1451 1209
f 773 475 1181
f 978 944 446
f 1253 862 1199
f 1322 815 819
f 1197 819 815
f 497 1253 1199
f 1259 623 1244
f 1322 819 1115
f 1451 34 35
f 1258 629 624
f 1489 1318 857
f 510 848 899
f 506 818 501
f 1191 826 583
f 582 1462 1192
f 969 680 964
f 1318 1489 792
f 1192 825 582
f 1202 1489 857
f 868 1403 801
f 868 801 1186
f 1207 1408 1479
f 599 868 1186
f 1293 817 778
f 913 1115 819
f 930 665 656
f 1408 163 1479
f 1282 1138 1284
f 769 1282 1284
f 829 1195 1457
f 828 1194 1458
f 964 118 119
f 963 47 49
f 795 1178 1279
f 1338 1493 1411
f 1458 1171 813
f 1477 1312 1324
f 1196 859 1325
f 42 1196 1325
f 871 514 522
f 514 517 522
f 793 1381 904
f 1457 1172 814
f 1438 1025 540
f 1312 1477 1304
f 850 1182 1327
f 1182 88 1327
f 1441 1144 1395
f 167 1441 1395
f 159 1477 1324
f 1438 540 543
f 1224 609 1158
f 1368 652 1174
f 1320 599 606
f 1186 606 599
f 868 1460 1403
f 1460 423 1403
f 1230 1476 589
f 1106 418 918
f 908 1124 827
f 418 759 918
f 919 612 916
f 1058 1413 812
f 1413 785 812
f 1280 1476 798
f 490 492 495
f 1476 1280 589
f 1476 1230 798
f 1238 797 607
f 1490 1400 1208
f 1368 1174 651
f 797 788 1288
f 477 776 1161
f 477 784 776
f 1208 1409 1490
f 1481 431 1269
f 1490 94 96
f 666 1319 974
f 629 645 1278
f 513 843 924
f 1481 1124 1357
f 1124 1481 1269
f 875 436 438
f 55 1051 1435
f 817 1293 583
f 1291 834 838
f 1464 1046 1296
f 572 1464 1296
f 1464 572 595
f 866 824 1313
f 431 1481 1357
f 1246 774 788
f 55 1435 53
f 788 797 1246
f 1262 1146 1105
f 575 865 1116
f 1339 653 1149
f 1190 1488 428
f 642 1149 653
f 713 1050 697
f 1106 1078 1045
f 1078 461 1045
f 1368 640 1228
f 941 1363 964
f 964 680 941
f 944 1399 446
f 1399 445 446
f 445 1399 443
f 1283 780 1112
f 1283 770 780
f 1480 115 1363
f 489 1475 1275
f 1459 1177 502
f 1177 1459 496
f 873 1359 1350
f 1350 901 873
f 901 1350 909
f 1359 44 1350
f 874 1358 1349
f 1349 902 874
f 1358 113 1349
f 1202 1475 484
f 1459 500 496
f 1475 1202 1275
f 1475 489 484
f 1292 816 777
f 816 1292 582
f 846 1241 1164
f 432 1289 430
f 1368 1228 636
f 577 814 1172
f 580 577 1172
f 1138 1282 576
f 1104 705 811
f 705 758 811
f 1054 545 1068
f 590 1271 1414
f 1432 1037 451
f 454 1432 451
f 1480 1226 1349
f 1226 1480 1363
f 115 1480 1349
f 780 1474 1173
f 1478 1491 630
f 1421 973 1467
f 615 934 1318
f 613 917 904
f 1436 1445 436
f 1445 1436 1298
f 1445 438 436
f 1240 783 1122
f 471 1240 1122
f 591 1272 1415
f 1467 973 1027
f 1474 1205 1173
f 841 1332 1129
f 1129 935 841
f 418 972 759
f 1425 759 972
f 1400 1490 1391
f 1474 780 770
f 771 1142 975
f 975 1121 1153
f 1434 971 1009
f 695 1434 1009
f 445 1009 971
f 419 975 1153
f 760 614 578
f 1424 1402 942
f 1270 1247 1486
f 1424 681 667
f 942 681 1424
f 872 573 585
f 539 1437 544
f 799 573 872
f 1385 435 432
f 847 509 514
f 509 512 514
f 848 510 515
f 432 1332 1385
f 1332 841 1385
f 1479 1401 1207
f 779 1473 1205
f 1173 1473 696
f 1473 1173 1205
f 592 600 603
f 1105 1146 1353
f 1146 569 1353
f 1078 918 1139
f 1479 163 165
f 1043 143 1450
f 1345 799 872
f 1270 1486 493
f 913 819 1197
f 838 1305 1291
f 849 1169 1365
f 1365 1169 1344
f 1365 1270 849
f 787 483 1201
f 1201 903 787
f 1473 779 696
f 634 949 646
f 991 695 977
f 594 791 865
f 633 948 644
f 638 633 644
f 865 575 587
f 587 594 865
f 1220 886 796
f 796 1190 1220
f 1472 768 864
f 827 1269 1109
f 1410 1109 1269
f 1422 1261 1344
f 798 1189 1280
f 1189 794 1280
f 1415 1225 591
f 1420 479 486
f 1143 1472 864
f 1422 1344 603
f 1364 691 681
f 1414 1223 590
f 942 1364 681
f 606 1186 1213
f 1213 611 606
f 82 1493 80
f 768 1472 467
f 1307 832 1134
f 836 1134 832
f 814 1471 1457
f 883 594 605
f 594 601 605
f 1254 1183 1200
f 499 1200 494
f 1183 494 1200
f 1185 894 837
f 920 837 894
f 1185 837 487
f 803 883 1317
f 883 605 1317
f 1471 1188 1457
f 1470 504 1313
f 1470 824 508
f 767 1142 845
f 824 1470 1313
f 1490 96 1391
f 1148 951 970
f 1440 756 1100
f 612 919 1384
f 1262 463 465
f 620 1257 908
f 826 1207 939
f 1401 939 1207
f 504 1470 508
f 1469 785 573
f 811 1144 1104
f 1307 38 40
f 904 1203 793
f 1206 793 1203
f 623 1384 633
f 825 1208 940
f 940 582 825
f 633 1244 623
f 939 583 826
f 1469 1140 1296
f 1372 1478 630
f 761 707 809
f 641 1478 659
f 1199 1447 497
f 973 1421 449
f 1421 447 449
f 1447 501 497
f 1400 940 1208
f 1140 1469 573
f 704 1022 1003
f 1022 541 1003
f 785 1469 1296
f 426 1488 424
f 1487 1485 12
f 850 1327 1156
f 1156 855 850
f 1117 1442 466
f 1326 851 1155
f 856 1155 851
f 1442 468 466
f 1292 777 1079
f 468 1442 475
f 1177 496 1275
f 920 608 1314
f 837 920 1314
f 136 1487 12
f 1391 96 98
f 1458 1209 828
f 1468 573 785
f 1468 1214 585
f 1294 893 1103
f 1457 1210 829
f 573 1468 585
f 1050 1380 536
f 633 1384 948
f 118 1363 115
f 891 1339 1149
f 1252 431 429
f 1356 660 929
f 891 637 818
f 637 891 1149
f 1453 478 485
f 1355 624 629
f 476 1492 775
f 1242 802 590
f 612 1384 623
f 1123 465 463
f 1293 778 1080
f 1239 860 648
f 1368 651 640
f 1239 461 860
f 1369 932 521
f 1371 119 121
f 1338 955 959
f 1450 143 146
f 1351 842 1436
f 1045 1454 1106
f 1454 418 1106
f 434 1351 1436
f 1334 584 1211
f 1436 436 434
f 1194 828 596
f 38 1307 1134
f 634 1386 949
f 574 1007 1167
f 574 419 1007
f 32 1370 1141
f 503 1236 1200
f 570 1204 1484
f 785 1296 812
f 1177 869 502
f 550 1070 1033
f 597 829 946
f 596 828 945
f 1370 32 34
f 797 588 1246
f 566 1430 748
f 1430 67 748
f 462 1058 1159
f 1159 417 462
f 571 1062 1164
f 625 870 635
f 628 625 635
f 602 920 894
f 540 1380 543
f 1399 942 441
f 942 1399 944
f 443 1399 441
f 907 1315 903
f 954 1367 442
f 1166 1282 769
f 1422 1311 1261
f 1247 1261 1311
f 1311 1422 600
f 798 1080 579
f 1110 474 470
f 1389 1250 637
f 647 935 628
f 797 1238 588
f 795 1079 578
f 934 615 627
f 1252 820 1131
f 1367 444 442
f 1272 776 784
f 1260 883 803
f 607 916 612
f 469 1205 1108
f 1318 609 615
f 1256 898 1278
f 624 1355 917
f 585 592 872
f 592 790 872
f 1337 924 1174
f 815 1322 1289
f 1322 430 1289
f 570 1484 1189
f 1262 1105 808
f 463 1262 808
f 690 1463 676
f 474 1110 477
f 1204 772 1418
f 1363 118 964
f 676 1463 685
f 1440 1103 893
f 1440 893 614
f 756 1440 614
f 1423 833 835
f 833 1423 1221
f 475 1442 1181
f 671 668 677
f 1379 154 1222
f 1375 958 528
f 714 1048 1059
f 1048 544 1059
f 80 1378 78
f 1346 1009 445
f 443 1346 445
f 1157 1428 700
f 933 844 1431
f 1366 643 901
f 1250 621 619
f 781 1288 788
f 909 1366 901
f 659 664 933
f 894 1321 602
f 1285 813 1171
f 691 1364 1015
f 1321 598 602
f 1364 944 1015
f 1234 970 974
f 1190 428 1220
f 1238 1145 1192
f 420 765 1111
f 638 878 1244
f 633 638 1244
f 843 513 507
f 933 1431 659
f 1225 1415 580
f 1376 970 951
f 1395 165 167
f 1114 790 1287
f 861 1384 919
f 1478 1372 1482
f 1329 463 808
f 980 1378 982
f 156 1362 154
f 1478 1482 659
f 796 886 1165
f 774 1180 481
f 820 915 1198
f 1220 428 1115
f 1420 483 1181
f 905 1151 882
f 1345 872 790
f 86 1361 84
f 1162 927 892
f 151 1360 150
f 1357 429 431
f 465 1328 1262
f 78 1396 75
f 925 1417 955
f 757 1329 808
f 1417 1263 669
f 1453 481 1180
f 478 1453 1180
f 1356 672 660
f 588 1462 1229
f 1159 700 1428
f 154 1379 151
f 1159 1428 464
f 1033 1438 550
f 1410 433 434
f 849 1270 1412
f 1270 493 1412
f 496 1412 493
f 1339 848 655
f 848 1339 899
f 550 1438 543
f 653 1339 655
f 910 1212 840
f 847 1340 896
f 773 1181 483
f 479 1420 1181
f 1382 961 1154
f 945 1405 1134
f 1405 38 1134
f 435 1382 1154
f 472 471 1108
f 590 802 1271
f 767 1135 764
f 586 877 598
f 886 1220 1115
f 593 586 598
f 707 761 1038
f 45 1352 1350
f 1276 636 1197
f 815 1276 1197
f 1294 1103 1354
f 1427 1009 995
f 1009 1427 695
f 1427 682 695
f 908 827 1216
f 853 1239 648
f 1352 909 1350
f 569 1294 1354
f 896 505 509
f 1437 539 532
f 1492 770 775
f 1456 1157 1046
f 571 1456 1046
f 1329 757 853
f 1336 510 506
f 899 506 510
f 915 621 1198
f 487 1152 485
f 1388 51 53
f 684 1439 689
f 506 899 891
f 1169 610 1344
f 774 1246 782
f 1390 535 523
f 148 1397 146
f 523 957 1390
f 1030 757 805
f 1388 1012 992
f 1132 464 1176
f 629 1299 645
f 969 1439 680
f 1439 969 689
f 1439 670 680
f 1422 603 600
f 1437 532 534
f 1429 1016 1463
f 503 1387 823
f 53 1435 1388
f 1012 1435 1051
f 610 1286 905
f 903 1201 907
f 1413 1058 783
f 1435 1012 1388
f 444 1467 1005
f 1429 1463 703
f 1467 1027 1005
f 1467 444 1421
f 928 966 884
f 572 1093 1130
f 801 1403 1133
f 1466 1011 718
f 721 1466 718
f 137 1433 136
f 1432 454 456
f 909 1352 1347
f 47 1347 1352
f 904 1465 613
f 1465 904 1381
f 1232 508 511
f 67 1430 65
f 1046 1464 571
f 1464 595 571
f 1463 690 703
f 889 1298 965
f 723 1091 734
f 1463 1016 685
f 928 884 525
f 1392 505 1459
f 1392 1459 502
f 1195 829 597
f 1461 511 923
f 1461 900 1232
f 900 1461 923
f 511 1461 1232
f 1299 874 902
f 1351 434 433
f 971 1434 1049
f 1049 448 971
f 1427 995 677
f 682 1427 677
f 1402 1424 658
f 500 1459 505
f 759 1425 1130
f 1407 974 912
f 1425 1035 1130
f 1350 44 45
f 1455 538 545
f 1455 1014 533
f 1014 1455 545
f 538 1455 533
f 658 1424 667
f 485 1152 1453
f 1453 1152 481
f 970 1234 1148
f 1380 540 536
f 1349 113 115
f 1348 49 983
f 1348 968 963
f 968 1348 983
f 49 1348 963
f 1450 146 1397
f 1450 1024 1043
f 1024 1450 1397
f 1205 1474 1492
f 449 1419 452
f 1383 502 869
f 1206 1203 492
f 1109 434 436
f 1417 669 955
f 897 1449 936
f 1341 1449 1231
f 1398 674 669
f 674 1398 1001
f 1380 1050 1047
f 944 1364 942
f 876 762 1113
f 1380 1047 543
f 47 1352 45
f 1346 995 1009
f 899 1339 891
f 1492 476 1205
f 1448 425 427
f 768 467 1178
f 1448 1133 423
f 1133 1448 427
f 101 1335 100
f 1365 1344 1261
f 686 1027 694
f 1004 1419 447
f 1419 449 447
f 425 1448 423
f 501 1447 506
f 1411 82 84
f 1410 434 1109
f 757 1030 854
f 1321 1249 593
f 1333 98 100
f 700 1446 1157
f 1046 1446 812
f 1446 1046 1157
f 1446 700 812
f 894 1185 1249
f 1249 1321 894
f 1445 1298 439
f 1268 428 1488
f 1490 1409 94
f 92 1305 90
f 94 1409 92
f 539 991 977
f 572 1130 1035
f 163 1408 162
f 1268 1488 426
f 1327 90 1156
f 1126 789 482
f 1406 106 108
f 1443 450 448
f 1443 1011 451
f 1356 952 679
f 672 1356 679
f 1011 1443 448
f 450 1443 451
f 1035 1425 762
f 1328 465 1143
f 90 1327 88
f 1326 110 111
f 762 1425 972
f 1023 1396 980
f 1108 471 469
f 1122 469 471
f 741 1088 1092
f 1325 40 42
f 1405 35 38
f 918 1078 1106
f 159 1324 158
f 1170 427 425
f 1166 769 1110
f 1441 1104 1144
f 1403 423 1133
f 1310 880 1362
f 509 847 896
f 156 1310 1362
f 472 1119 471
f 598 1321 593
f 86 1309 1361
f 798 579 1290
f 795 578 1193
f 1092 1088 130
f 159 1494 1477
f 1494 159 162
f 1304 1494 1408
f 1494 162 1408
f 630 1491 622
f 866 1491 641
f 1491 866 622
f 1492 1474 770
f 6850 9481 8975
f 8975 9481 8201
f 8201 8977 8975
f 6239 8067 8317
f 8977 2861 8975
f 5411 7779 3447
f 3154 2405 2416
f 7779 5411 6051
f 4654 4932 3282
f 8049 3051 5417
f 3282 5717 4654
f 8318 5891 8585
f 4654 5717 3107
f 3233 3219 5404
f 4763 8585 5891
f 5404 1597 8600
f 5404 8600 2365
f 3253 3232 2406
f 1597 5404 3219
f 3253 5743 3232
f 2409 3253 2406
f 1590 3292 3307
f 1782 2453 176
f 1590 3307 2434
f 3307 3292 210
f 4387 7770 6050
f 5748 8600 1597
f 6239 8317 6660
f 3233 5404 3171
f 5918 4382 4386
f 1781 2451 244
f 3118 5098 3136
f 1595 5250 4103
f 5250 6053 4103
f 8952 6517 4347
f 7765 4351 4898
f 4351 5726 4898
f 175 1784 1782
f 8952 6379 6517
f 1595 4103 3580
f 5218 10602 5217
f 8185 6530 8184
f 1900 8185 8184
f 1613 169 13
f 3239 3235 3293
f 253 1613 13
f 3239 3314 2423
f 1612 393 13
f 2423 3235 3239
f 169 1612 13
f 3241 1767 1768
f 1611 251 10
f 3241 3252 1767
f 168 1611 10
f 1765 3241 1768
f 251 1610 10
f 3601 6050 7770
f 1610 31 10
f 2414 3262 3229
f 2414 3300 3262
f 8317 8067 2606
f 7770 3052 3601
f 245 1783 1781
f 3183 5746 5428
f 5746 3183 3313
f 2424 5750 2447
f 5746 5259 5428
f 3222 3309 3263
f 5750 2406 2447
f 5282 4922 2428
f 5229 5750 2424
f 1591 5754 4906
f 5427 1591 4906
f 8995 5755 5285
f 3266 3141 179
f 2220 3734 5577
f 4946 2422 8979
f 2844 8979 2422
f 179 3141 178
f 5737 183 182
f 5255 5282 2428
f 7199 7746 1683
f 2605 7746 7199
f 6355 8068 8071
f 6360 8068 6355
f 5104 2353 3154
f 5564 2353 5104
f 3216 5737 182
f 7623 5425 3168
f 9451 4958 5576
f 4958 3311 5224
f 7623 2856 5425
f 3055 5576 4958
f 6360 6355 7197
f 4958 5224 3055
f 2858 9305 7625
f 3309 3222 1558
f 2600 1741 9670
f 6395 9322 5551
f 6640 8181 6641
f 8182 6641 8181
f 6655 4224 3320
f 4659 3320 4224
f 7198 7628 1682
f 9327 3283 9074
f 6667 4661 4920
f 8328 8966 2366
f 9327 5882 3081
f 8328 7747 5919
f 4661 3741 4920
f 8196 3112 4914
f 8196 4914 4652
f 9670 1741 3722
f 5104 3154 5429
f 2457 1784 174
f 1784 175 174
f 8984 9070 3160
f 9070 2225 3160
f 2455 1783 246
f 1783 245 246
f 5737 1750 4918
f 8196 5751 3112
f 6653 3056 2859
f 6049 6653 2859
f 9074 5882 9327
f 5429 5277 5104
f 2376 5101 3274
f 5433 1750 5737
f 4976 3088 4761
f 3088 4976 1615
f 2359 2438 5224
f 3311 2359 5224
f 2416 5429 3154
f 7206 3738 4951
f 4951 4968 7206
f 8058 4937 7756
f 3274 3240 2376
f 8597 8826 4964
f 8826 8597 6235
f 7795 8041 8980
f 8058 4393 3139
f 8039 6791 8041
f 8980 8041 6791
f 9466 3448 5565
f 6587 8073 6644
f 8071 6644 8073
f 208 3237 5560
f 7756 4393 8058
f 3237 1763 5560
f 5578 5565 3448
f 3298 3265 3269
f 3298 3269 2430
f 2419 3269 3265
f 2435 3237 208
f 8193 4764 7800
f 8321 8193 7800
f 9001 2357 5753
f 6392 3590 3079
f 3448 3318 5578
f 4647 8320 8983
f 6392 3079 4955
f 8983 8320 5256
f 3319 4759 4952
f 4952 8601 3319
f 3319 8601 7747
f 3081 6365 8830
f 4930 3277 3312
f 4930 5715 3277
f 3277 3106 5558
f 5715 3106 3277
f 3314 3224 215
f 4969 3314 214
f 214 3314 215
f 4754 3320 6851
f 8576 10526 8574
f 5721 5553 4912
f 1599 3170 4941
f 10526 8576 9666
f 5718 4941 3170
f 8048 4662 2851
f 3304 210 3292
f 2426 3304 3292
f 6851 2851 4662
f 8320 3142 5256
f 3312 2405 4930
f 1588 4930 2405
f 2353 1588 2405
f 5584 3204 5245
f 4101 6520 3315
f 6515 5239 7761
f 3110 5247 7754
f 3076 6515 7761
f 5225 5258 7750
f 7750 4351 5225
f 8982 5247 3110
f 7201 4760 3734
f 5096 4906 4650
f 5723 4760 7201
f 3315 5413 4101
f 2421 3276 3300
f 5281 3315 6520
f 3312 3277 3290
f 4906 1614 4650
f 3072 5723 7201
f 7792 5733 4917
f 4768 4917 7627
f 4768 7792 4917
f 5562 3180 2454
f 4647 4916 4354
f 4354 4916 7626
f 3722 1741 3725
f 5571 3097 8987
f 2222 5562 5407
f 3445 6365 9296
f 5571 1748 3097
f 4908 7801 7760
f 5747 4908 7760
f 7760 7801 4636
f 3137 5718 4959
f 5714 5718 3137
f 3081 9296 6365
f 5558 2404 3242
f 5235 1760 2393
f 2393 1760 5273
f 1760 2401 5273
f 2923 4901 5757
f 2923 5418 4901
f 2922 2923 5757
f 5714 2229 5718
f 5705 5718 2229
f 7745 3725 1741
f 2404 3298 2430
f 2430 3242 2404
f 6371 5230 1620
f 9451 2388 2380
f 3242 2415 3270
f 9451 4656 2388
f 1620 5102 6371
f 4938 3261 3108
f 5284 4938 3108
f 5284 1614 4938
f 5754 4938 1614
f 9473 6392 4955
f 1782 176 175
f 2438 3061 2412
f 1781 244 245
f 5556 2388 3138
f 3138 2388 4656
f 9000 8326 8964
f 9071 5273 2408
f 5273 9071 1758
f 2389 5273 1758
f 9000 8194 8326
f 3130 3125 5562
f 5562 7765 3130
f 5562 3125 3180
f 4369 7751 2532
f 5559 9000 8964
f 8829 6518 6654
f 8045 4350 8962
f 4357 6654 6518
f 6518 3122 4357
f 1757 4940 2352
f 7457 4664 3097
f 3068 7457 3097
f 2412 8052 2438
f 2854 6661 2607
f 1903 2854 2607
f 5288 4896 7335
f 4896 2027 7335
f 2027 4896 7923
f 4929 2412 3061
f 8320 4647 7208
f 4647 4354 7208
f 4979 3987 5093
f 5401 4893 7338
f 4893 2026 7338
f 2026 4893 7921
f 5289 4781 7337
f 4781 1910 7337
f 1910 4781 7920
f 5400 4892 7447
f 4892 2025 7447
f 2025 4892 7919
f 5290 4782 7339
f 4782 1911 7339
f 1911 4782 7811
f 5399 4891 7446
f 4891 2024 7446
f 2024 4891 7918
f 4222 5093 3987
f 5398 4890 7445
f 4890 2023 7445
f 2023 4890 7917
f 5397 4889 7444
f 4889 2022 7444
f 2022 4889 7916
f 5396 4888 7443
f 4888 2021 7443
f 2021 4888 7915
f 5395 4887 7442
f 4887 2020 7442
f 2020 4887 7914
f 5394 4886 7441
f 4886 2019 7441
f 2019 4886 7913
f 5393 4885 7440
f 4885 2018 7440
f 2018 4885 7912
f 5392 4884 7439
f 4884 2017 7439
f 2017 4884 7911
f 5391 4883 7438
f 4883 2016 7438
f 2016 4883 7910
f 5390 4882 7437
f 4882 2015 7437
f 2015 4882 7909
f 5389 4881 7436
f 4881 2014 7436
f 2014 4881 7908
f 5388 4880 7435
f 4880 2013 7435
f 2401 1760 4965
f 3254 5585 3240
f 2013 4880 7907
f 3240 3274 3254
f 3289 2447 2406
f 3240 5585 2431
f 5387 4879 7434
f 4879 2012 7434
f 2012 4879 7906
f 5386 4878 7433
f 4878 2011 7433
f 1590 2434 3269
f 2011 4878 7905
f 5385 4877 7432
f 4877 2010 7432
f 2010 4877 7904
f 5384 4876 7431
f 4876 2009 7431
f 2009 4876 7903
f 5383 4875 7430
f 4875 2008 7430
f 2008 4875 7902
f 5382 4874 7429
f 4874 2007 7429
f 10681 9251 9658
f 2007 4874 7901
f 5381 4873 7428
f 4873 2006 7428
f 2006 4873 7900
f 4717 10681 9658
f 5380 4872 7427
f 4872 2005 7427
f 2005 4872 7899
f 5379 4871 7426
f 4871 2004 7426
f 2004 4871 7898
f 5378 4870 7425
f 4870 2003 7425
f 2003 4870 7897
f 5377 4869 7424
f 4869 2002 7424
f 2002 4869 7896
f 4972 5243 6388
f 5376 4868 7423
f 5757 4972 6388
f 3329 10526 9666
f 5750 5229 3195
f 4868 2001 7423
f 2001 4868 7895
f 5375 4867 7422
f 4867 2000 7422
f 2000 4867 7894
f 5374 4866 7421
f 3258 1606 9314
f 4972 2449 3255
f 4633 4907 4389
f 4972 3255 2396
f 4866 1999 7421
f 1999 4866 7893
f 5373 4865 7420
f 4865 1998 7420
f 5589 4389 4907
f 2457 174 173
f 174 2456 173
f 2455 246 247
f 1998 4865 7892
f 5372 4864 7419
f 4864 1997 7419
f 1997 4864 7891
f 5371 4863 7418
f 4863 1996 7418
f 1996 4863 7890
f 5370 4862 7417
f 4862 1995 7417
f 1995 4862 7889
f 5369 4861 7416
f 5563 5241 3187
f 4861 1994 7416
f 1994 4861 7888
f 5368 4860 7415
f 4860 1993 7415
f 1993 4860 7887
f 1759 5428 5259
f 5367 4859 7414
f 4859 1992 7414
f 1992 4859 7886
f 5366 4858 7413
f 4858 1991 7413
f 1991 4858 7885
f 5365 4857 7412
f 4857 1990 7412
f 1990 4857 7884
f 5364 4856 7411
f 4856 1989 7411
f 1989 4856 7883
f 5363 4855 7410
f 4855 1988 7410
f 1988 4855 7882
f 5362 4854 7409
f 4854 1987 7409
f 1987 4854 7881
f 5361 4853 7408
f 4853 1986 7408
f 1986 4853 7880
f 5360 4852 7407
f 4852 1985 7407
f 1985 4852 7879
f 5359 4851 7406
f 4851 1984 7406
f 1984 4851 7878
f 5358 4850 7405
f 4850 1983 7405
f 1983 4850 7877
f 5357 4849 7404
f 4849 1982 7404
f 1982 4849 7876
f 5356 4848 7403
f 4848 1981 7403
f 1981 4848 7875
f 5355 4847 7402
f 4847 1980 7402
f 1980 4847 7874
f 5354 4846 7401
f 4846 1979 7401
f 1979 4846 7873
f 5353 4845 7400
f 4845 1978 7400
f 1978 4845 7872
f 5352 4844 7399
f 4844 1977 7399
f 1977 4844 7871
f 5351 4843 7398
f 4843 1976 7398
f 1976 4843 7870
f 5350 4842 7397
f 4842 1975 7397
f 1975 4842 7869
f 5349 4841 7396
f 4841 1974 7396
f 1974 4841 7868
f 5348 4840 7395
f 9314 3249 3258
f 2453 177 176
f 177 2452 176
f 2451 243 244
f 4840 1973 7395
f 1973 4840 7867
f 5347 4839 7394
f 4839 1972 7394
f 1972 4839 7866
f 5343 4835 7392
f 4835 1964 7392
f 1964 4835 7864
f 5342 4834 7391
f 4834 1963 7391
f 1963 4834 7863
f 5341 4833 7390
f 4833 1962 7390
f 1962 4833 7862
f 5340 4832 7389
f 4832 1961 7389
f 1961 4832 7861
f 5339 4831 7388
f 4831 1960 7388
f 1960 4831 7860
f 5338 4830 7387
f 4830 1959 7387
f 1959 4830 7859
f 1767 3271 3228
f 5337 4829 7386
f 4829 1958 7386
f 1958 4829 7858
f 5336 4828 7385
f 4828 1957 7385
f 1957 4828 7857
f 5335 4827 7384
f 4827 1956 7384
f 1956 4827 7856
f 5334 4826 7383
f 4826 1955 7383
f 1955 4826 7855
f 5333 4825 7382
f 4825 1954 7382
f 1954 4825 7854
f 5332 4824 7381
f 4824 1953 7381
f 1953 4824 7853
f 5331 4823 7380
f 4823 1952 7380
f 1952 4823 7852
f 5330 4822 7379
f 4822 1951 7379
f 1951 4822 7851
f 5329 4821 7378
f 4821 1950 7378
f 1950 4821 7850
f 5560 3200 207
f 5328 4820 7377
f 4820 1949 7377
f 1949 4820 7849
f 5327 4819 7376
f 4819 1948 7376
f 1948 4819 7848
f 5326 4818 7375
f 4818 1947 7375
f 1947 4818 7847
f 5325 4817 7374
f 4817 1946 7374
f 3238 1560 3263
f 1560 1496 3263
f 1946 4817 7846
f 5324 4816 7373
f 4816 1945 7373
f 1945 4816 7845
f 5323 4815 7372
f 4815 1944 7372
f 1944 4815 7844
f 5322 4814 7371
f 4814 1943 7371
f 1943 4814 7843
f 5321 4813 7370
f 4813 1942 7370
f 1942 4813 7842
f 5320 4812 7369
f 4812 1941 7369
f 1941 4812 7841
f 5319 4811 7368
f 4811 1940 7368
f 1940 4811 7840
f 5318 4810 7367
f 4810 1939 7367
f 1939 4810 7839
f 5317 4809 7366
f 4809 1938 7366
f 1938 4809 7838
f 5316 4808 7365
f 4808 1937 7365
f 1937 4808 7837
f 5315 4807 7364
f 4807 1936 7364
f 1936 4807 7836
f 9305 9474 7625
f 4651 9474 6176
f 9474 4651 7625
f 4637 6673 9293
f 5314 4806 7363
f 4806 1935 7363
f 1935 4806 7835
f 5313 4805 7362
f 4805 1934 7362
f 1934 4805 7834
f 5312 4804 7361
f 4804 1933 7361
f 1933 4804 7833
f 5311 4803 7360
f 4803 1932 7360
f 1932 4803 7832
f 5310 4802 7359
f 4802 1931 7359
f 1931 4802 7831
f 5309 4801 7358
f 4801 1930 7358
f 1930 4801 7830
f 5308 4800 7357
f 4800 1929 7357
f 1929 4800 7829
f 5307 4799 7356
f 4799 1928 7356
f 1928 4799 7828
f 5306 4798 7355
f 4798 1927 7355
f 1927 4798 7827
f 5305 4797 7354
f 4797 1926 7354
f 1926 4797 7826
f 5304 4796 7353
f 4796 1925 7353
f 5548 3258 3249
f 3243 3302 225
f 3243 225 226
f 2418 3243 226
f 2537 4968 3181
f 5241 9071 2408
f 3181 5573 2537
f 3181 4968 5261
f 1925 4796 7825
f 5303 4795 7352
f 4795 1924 7352
f 1924 4795 7824
f 5302 4794 7351
f 5568 5580 2226
f 4794 1923 7351
f 2439 3229 3272
f 1923 4794 7823
f 5301 4793 7350
f 4793 1922 7350
f 1922 4793 7822
f 5300 4792 7349
f 4792 1921 7349
f 1921 4792 7821
f 5299 4791 7348
f 4791 1920 7348
f 1920 4791 7820
f 5298 4790 7347
f 4790 1919 7347
f 1919 4790 7819
f 5297 4789 7346
f 4789 1918 7346
f 1918 4789 7818
f 5296 4788 7345
f 9484 2927 6854
f 9293 3598 4637
f 4788 1917 7345
f 1917 4788 7817
f 5295 4787 7344
f 4787 1916 7344
f 1916 4787 7816
f 5294 4786 7343
f 4786 1915 7343
f 1915 4786 7815
f 2408 3187 5241
f 5293 4785 7342
f 4785 1914 7342
f 3175 3177 4914
f 4760 5723 4368
f 3054 4635 4973
f 1914 4785 7814
f 5292 4784 7341
f 4784 1913 7341
f 1913 4784 7813
f 5291 4783 7340
f 4783 1912 7340
f 1912 4783 7812
f 5346 4838 7448
f 4838 1971 7448
f 1971 4838 7810
f 5344 4836 7393
f 4836 1965 7393
f 1965 4836 7865
f 5402 4894 7336
f 4894 1970 7336
f 1970 4894 7809
f 5345 4837 7449
f 4837 1966 7449
f 4973 4635 3099
f 1966 4837 7808
f 8988 5724 3158
f 4939 5724 8988
f 3119 8988 3158
f 7926 9484 6854
f 8988 3119 2368
f 5549 3060 1592
f 5403 4779 7450
f 3060 2377 1592
f 4779 1967 7450
f 4902 3060 5549
f 1967 4779 7806
f 5571 9485 4922
f 8598 5229 5547
f 4922 9471 5571
f 2424 5547 5229
f 8317 3047 6660
f 3450 8580 3455
f 4914 3112 3175
f 8946 6525 5240
f 3177 1599 4914
f 3297 5277 3190
f 3155 7786 4773
f 3155 5236 4515
f 7747 8328 2367
f 5286 2367 8328
f 8328 2366 5286
f 3742 3732 3089
f 3089 3732 7758
f 6047 3732 3742
f 8047 2925 7784
f 3447 7779 5423
f 7779 3606 5423
f 7784 4358 8047
f 5420 9479 5277
f 5277 5429 5420
f 4358 2462 8047
f 8987 4660 9485
f 9485 5571 8987
f 9485 4660 3090
f 8593 9326 3597
f 3988 7775 7572
f 6647 8046 3048
f 6238 8066 8198
f 5566 5563 2391
f 7752 6647 3048
f 6238 8198 3049
f 1617 3743 6517
f 8193 8321 4663
f 3221 5434 3293
f 5434 3239 3293
f 8198 8066 2722
f 8329 3988 3752
f 3595 6377 5280
f 5280 3150 3595
f 10266 9390 9338
f 4924 4953 3074
f 7572 3752 3988
f 3074 4953 3117
f 4953 3075 3117
f 3313 5101 3294
f 5553 5721 3053
f 7769 6238 3049
f 3227 5276 8949
f 8949 5246 3227
f 3274 5101 1770
f 3313 1770 5101
f 5567 2461 5753
f 8963 5753 5096
f 5753 8963 5567
f 3083 5753 2461
f 4352 7754 5281
f 3315 5281 7754
f 3940 5904 3942
f 7769 3049 3579
f 3527 3940 3942
f 3902 5897 3904
f 4656 5576 2370
f 3166 3265 3310
f 3489 3902 3904
f 3954 5906 3956
f 3541 3954 3956
f 1602 3248 189
f 3248 190 189
f 1765 9322 2536
f 3052 1765 2536
f 3241 1765 3052
f 3248 3245 190
f 3252 5735 3271
f 1767 3252 3271
f 6390 2228 4960
f 5406 7797 5580
f 9297 5917 8326
f 4916 8051 7626
f 5101 2376 3168
f 4385 5917 4370
f 3168 5425 5101
f 3308 209 5570
f 1764 5406 2429
f 3123 7759 3069
f 2444 7759 4391
f 7759 2444 3069
f 5095 7330 4911
f 3284 7455 5095
f 3308 3306 209
f 3306 3308 1558
f 3317 2429 5406
f 3262 3300 1559
f 3300 3222 1559
f 4911 3284 5095
f 2414 3296 3193
f 2421 2414 3193
f 4225 6969 7775
f 8458 4225 3988
f 7775 3988 4225
f 3186 7763 5230
f 7946 6992 6700
f 7763 3186 4388
f 5917 4385 8326
f 9466 7205 6390
f 4956 4910 4936
f 3448 9466 6390
f 3126 8954 3575
f 6675 3126 3575
f 3448 6390 3446
f 2228 6390 7205
f 5551 3745 6395
f 6056 2919 9313
f 5551 5569 3745
f 6672 3745 3192
f 3730 4226 4228
f 4226 3730 7325
f 4226 5287 4228
f 5569 3192 3745
f 6055 2860 9312
f 7686 10266 9338
f 9332 7797 1764
f 7797 5406 1764
f 7947 7946 6874
f 5099 6672 3192
f 2232 7748 4981
f 7748 4389 4981
f 9310 9453 6049
f 6049 2859 9310
f 9453 9310 6055
f 3062 5270 3116
f 7767 8986 6382
f 6971 2603 7084
f 6382 3096 7767
f 5705 4652 4941
f 8970 3062 3116
f 5729 3144 249
f 248 5729 249
f 8583 3116 8953
f 3147 5732 171
f 5732 172 171
f 5732 1609 172
f 3145 5730 249
f 5730 248 249
f 5730 1608 248
f 5731 3146 171
f 172 5731 171
f 7946 6701 6992
f 2234 7213 2236
f 2234 8715 9065
f 8715 2234 2236
f 2345 7322 2343
f 2345 8824 9064
f 8824 2345 2343
f 3120 4911 7330
f 7330 4901 3120
f 8970 3116 3577
f 9312 7631 6055
f 7576 3869 4102
f 9031 2355 8051
f 4515 7575 6666
f 8051 8589 9031
f 8051 2355 7626
f 3316 3264 3292
f 3264 1557 2426
f 2426 3292 3264
f 7631 9312 2861
f 7631 3753 6055
f 9313 7630 6056
f 5580 5568 5740
f 5740 5406 5580
f 7630 9313 2890
f 7630 3868 6056
f 5416 2431 5740
f 2417 3262 3273
f 7198 2571 4638
f 3262 1559 3273
f 2431 3317 5740
f 6852 4757 1744
f 8583 3577 3116
f 4757 2853 1744
f 2342 7319 2344
f 2367 5286 5725
f 7630 3811 3868
f 8821 2342 2344
f 2236 7215 2238
f 3811 3989 3868
f 4913 3150 5582
f 3730 6646 7325
f 8717 2236 2238
f 7084 8037 2465
f 5252 3112 4948
f 7775 6356 7572
f 2343 7318 2341
f 5586 3741 4661
f 7947 6701 7946
f 8017 7063 6770
f 4099 7086 7771
f 5102 3151 3063
f 7771 3753 4099
f 3989 7085 7772
f 7772 3868 3989
f 3150 7796 5582
f 3276 2421 211
f 210 3276 211
f 8820 2343 2341
f 2465 6971 7084
f 2421 3193 212
f 211 2421 212
f 5579 4929 3061
f 8018 8017 6945
f 1743 4929 5579
f 2341 7320 2339
f 3105 7747 2367
f 3319 7747 3105
f 8986 5248 5413
f 5248 4101 5413
f 4780 7451 6384
f 6243 8128 8072
f 1909 4780 7922
f 8017 6771 7063
f 3238 3271 5735
f 4780 1909 7451
f 4895 7333 6383
f 3228 5742 3308
f 1969 4895 7807
f 4895 1969 7333
f 5742 3309 3308
f 5417 6524 2921
f 1623 5417 2921
f 3309 1558 3308
f 3666 1682 3607
f 6299 8128 6243
f 5889 9202 5887
f 8822 2341 2339
f 2339 7316 2337
f 2920 6386 6527
f 2355 9031 4392
f 6386 8329 6527
f 6527 8329 3752
f 8818 2339 2337
f 2338 7317 2340
f 3100 3082 3129
f 5408 3100 3129
f 3082 3100 4926
f 7455 1747 5095
f 8068 6360 1843
f 2608 8068 1843
f 7329 2528 6374
f 3280 2393 3208
f 4392 9031 7752
f 3122 3085 3165
f 3085 3122 6518
f 8018 6771 8017
f 9807 5553 5586
f 4393 3573 3139
f 7332 8956 3056
f 8956 2859 3056
f 6969 2924 6237
f 2924 1786 6237
f 3597 9326 3048
f 3260 3250 9331
f 5586 4661 9807
f 5570 3182 3228
f 9331 3250 2399
f 9807 3321 4951
f 3228 3308 5570
f 3665 8887 3664
f 2432 3228 3182
f 8819 2338 2340
f 10507 2987 2986
f 7460 3810 7571
f 3721 8941 3720
f 7195 7460 7571
f 1686 3667 3609
f 3667 8942 3609
f 3321 9807 4661
f 7571 3810 3754
f 3259 9329 5232
f 3590 3605 3079
f 3605 3590 8828
f 3719 8939 3718
f 2453 5255 177
f 7952 6998 6706
f 5232 9329 1775
f 7953 7952 6880
f 5277 3297 3291
f 3717 8937 3716
f 3291 5104 5277
f 7952 6707 6998
f 3257 9328 2398
f 7789 2532 2349
f 4899 2349 2532
f 3715 8935 3714
f 2532 2529 4899
f 7568 3865 7569
f 2398 9328 1776
f 5255 178 177
f 7569 3865 3866
f 3713 8933 3712
f 2417 3272 3229
f 3262 2417 3229
f 9330 3258 5548
f 9330 5548 1774
f 3132 8598 5421
f 5547 5421 8598
f 3711 8931 3710
f 1768 5743 1765
f 6643 8183 6533
f 8074 6533 8183
f 9478 5419 1759
f 6352 8182 8181
f 1617 6517 6379
f 3709 8929 3708
f 2858 1617 6379
f 7625 1617 2858
f 9478 1759 3189
f 9227 1515 9229
f 6531 8072 6642
f 8816 2337 2335
f 8128 6642 8072
f 6353 8182 6352
f 5752 3297 3190
f 3232 3256 3206
f 3707 8927 3706
f 5574 3275 218
f 3275 217 218
f 1688 9646 9721
f 9646 3668 9721
f 2573 1688 9721
f 2573 9721 1687
f 5421 9465 3132
f 7570 3755 7461
f 4970 3297 5752
f 3705 8925 3704
f 7461 3755 3756
f 1628 9647 9722
f 3132 9465 3191
f 9647 3612 9722
f 2410 5583 1593
f 2335 7310 2333
f 2544 1628 9722
f 1609 2457 173
f 3703 8923 3702
f 2544 9722 1627
f 1609 173 172
f 5414 5745 6373
f 3281 5756 9489
f 2335 8812 9061
f 3087 5414 6373
f 5745 5414 4395
f 7953 6707 7952
f 3701 8921 3700
f 3090 1750 5433
f 8812 2335 2333
f 1608 2455 247
f 1608 247 248
f 2334 7311 2336
f 3103 3090 5433
f 3059 3069 2444
f 3302 3282 224
f 3103 9485 3090
f 9489 5756 1766
f 3282 223 224
f 8955 5748 5260
f 3699 8919 3698
f 8600 5748 6378
f 5748 8955 6378
f 5739 3163 2402
f 3454 3871 8830
f 8009 7055 6762
f 3697 8917 3696
f 7925 7980 6908
f 3454 8830 8951
f 5739 2402 216
f 9650 1740 9670
f 3721 9650 9670
f 3695 8915 3694
f 7980 6734 7026
f 2600 9670 1740
f 8833 4519 4518
f 7925 6734 7980
f 4937 8049 5417
f 3693 8913 3692
f 4937 1623 7756
f 4937 5417 1623
f 8833 4518 3610
f 9595 1678 9671
f 3663 9595 9671
f 3691 8911 3690
f 2570 1679 9671
f 2570 9671 1678
f 8942 4575 4631
f 9637 1738 9715
f 3719 9637 9715
f 3689 8909 3688
f 2599 1739 9715
f 2599 9715 1738
f 8942 4631 3609
f 9636 1736 9714
f 8813 2334 2336
f 3717 9636 9714
f 2598 1737 9714
f 3687 8907 3686
f 2598 9714 1736
f 9635 1734 9713
f 4574 6206 8832
f 3715 9635 9713
f 2597 1735 9713
f 2333 7312 2331
f 3685 8905 3684
f 2597 9713 1734
f 9634 1732 9712
f 8814 2333 2331
f 3713 9634 9712
f 2331 7306 2329
f 8832 6206 3665
f 2596 1733 9712
f 2596 9712 1732
f 9633 1730 9711
f 8808 2331 2329
f 3683 8903 3682
f 3711 9633 9711
f 2595 1731 9711
f 4631 6234 8945
f 2595 9711 1730
f 9632 1728 9710
f 3681 8901 3680
f 3709 9632 9710
f 2594 1729 9710
f 8945 6234 3723
f 2594 9710 1728
f 9631 1726 9709
f 3679 8899 3678
f 3707 9631 9709
f 2593 1727 9709
f 5240 5275 2456
f 2593 9709 1726
f 9630 1724 9708
f 3677 8897 3676
f 3705 9630 9708
f 2592 1725 9708
f 5240 2456 2375
f 2592 9708 1724
f 9629 1722 9707
f 3675 8895 3674
f 3703 9629 9707
f 2591 1723 9707
f 3268 3279 2378
f 2591 9707 1722
f 9628 1720 9706
f 3673 8893 3672
f 3701 9628 9706
f 2590 1721 9706
f 2378 3279 3197
f 2590 9706 1720
f 9627 1718 9705
f 3671 8891 3670
f 3699 9627 9705
f 2589 1719 9705
f 9326 3444 9734
f 2589 9705 1718
f 9626 1716 9704
f 3669 8889 3668
f 3697 9626 9704
f 2588 1717 9704
f 9326 9734 3048
f 8010 8009 6937
f 2588 9704 1716
f 9625 1714 9703
f 3695 9625 9703
f 3161 217 3224
f 9326 8593 8582
f 2587 1715 9703
f 2587 9703 1714
f 9624 1712 9702
f 3663 8885 3662
f 3693 9624 9702
f 2586 1713 9702
f 2987 10507 10485
f 2586 9702 1712
f 9623 1710 9701
f 3661 8883 3660
f 3691 9623 9701
f 2585 1711 9701
f 8981 4639 2602
f 2585 9701 1710
f 9622 1708 9700
f 3659 8881 3658
f 3689 9622 9700
f 2584 1709 9700
f 8981 2602 2601
f 2584 9700 1708
f 9621 1706 9699
f 3657 8879 3656
f 3687 9621 9699
f 2583 1707 9699
f 3213 3285 4962
f 2583 9699 1706
f 9620 1704 9698
f 3655 8877 3654
f 3685 9620 9698
f 2582 1705 9698
f 4962 3285 1605
f 2582 9698 1704
f 9619 1702 9697
f 3653 8875 3652
f 3683 9619 9697
f 2581 1703 9697
f 5574 3184 3275
f 2581 9697 1702
f 9618 1700 9696
f 3651 8873 3650
f 3681 9618 9696
f 2580 1701 9696
f 3275 3184 3163
f 2580 9696 1700
f 9617 1698 9695
f 3649 8871 3648
f 3679 9617 9695
f 2579 1699 9695
f 2397 220 9648
f 2579 9695 1698
f 9616 1696 9694
f 3647 8869 3646
f 3677 9616 9694
f 2578 1697 9694
f 9648 220 219
f 2578 9694 1696
f 9615 1676 9693
f 3645 8867 3644
f 3661 9615 9693
f 2569 1677 9693
f 5563 3251 3230
f 2569 9693 1676
f 9614 1674 9692
f 5585 1763 2431
f 3643 8865 3642
f 3659 9614 9692
f 2568 1675 9692
f 5563 3230 2391
f 2568 9692 1674
f 9613 1672 9691
f 3641 8863 3640
f 3657 9613 9691
f 2567 1673 9691
f 8981 2601 6789
f 2567 9691 1672
f 9612 1670 9690
f 3639 8861 3638
f 3655 9612 9690
f 2566 1671 9690
f 8981 6789 2527
f 2566 9690 1670
f 9611 1668 9689
f 3637 8859 3636
f 4908 5747 3073
f 3653 9611 9689
f 4975 3284 5100
f 3264 2419 1589
f 5100 3165 4975
f 3123 7801 6394
f 7759 3123 6394
f 2565 1669 9689
f 4574 8832 9476
f 2565 9689 1668
f 9610 1666 9688
f 3651 9610 9688
f 2330 7307 2332
f 2564 1667 9688
f 8809 2330 2332
f 3187 2408 3261
f 3261 4938 3187
f 3261 2408 2401
f 3635 8857 3634
f 2564 9688 1666
f 9609 1664 9687
f 2400 3289 3206
f 9476 8832 3666
f 3138 2350 5719
f 5724 5719 2350
f 8191 4757 6852
f 8191 6852 3746
f 3649 9609 9687
f 2563 1665 9687
f 1753 5262 4953
f 4953 4924 1753
f 3633 8855 3632
f 2563 9687 1664
f 9608 1662 9686
f 4660 8987 7794
f 4577 4576 8888
f 3647 9608 9686
f 2562 1663 9686
f 4762 2922 8186
f 3631 8853 3630
f 2329 7308 2327
f 2562 9686 1662
f 5228 5583 3135
f 3135 5259 5228
f 3277 5558 1769
f 1769 5558 3242
f 9607 1660 9685
f 3645 9607 9685
f 2561 1661 9685
f 4577 8888 3668
f 2561 9685 1660
f 9606 1658 9684
f 3629 8851 3628
f 3643 9606 9684
f 2560 1659 9684
f 5097 9066 7624
f 2560 9684 1658
f 9605 1656 9683
f 3641 9605 9683
f 3627 8849 3626
f 2559 1657 9683
f 2559 9683 1656
f 7624 9066 2437
f 9604 1654 9682
f 3639 9604 9682
f 8810 2329 2327
f 3625 8847 3624
f 3321 2351 5261
f 3181 5261 2351
f 2558 1655 9682
f 2558 9682 1654
f 3666 8832 9732
f 9603 1652 9681
f 3637 9603 9681
f 4941 5718 5705
f 3623 8845 3622
f 2557 1653 9681
f 2557 9681 1652
f 9732 8832 3665
f 5412 7330 3128
f 9602 1650 9680
f 3635 9602 9680
f 3621 8843 3620
f 3317 2431 1763
f 1763 3295 3317
f 5284 3733 4976
f 2556 1651 9680
f 3733 5284 3108
f 8049 5736 3051
f 8590 1745 8049
f 5736 8049 1745
f 4642 5712 5258
f 3301 5258 5712
f 2556 9680 1650
f 2327 7304 2325
f 2450 5734 6662
f 9601 1648 9679
f 2392 3202 2410
f 2410 5744 2392
f 3611 8833 10048
f 3633 9601 9679
f 2555 1649 9679
f 3619 8841 3618
f 2555 9679 1648
f 9600 1646 9678
f 10048 8833 3610
f 3631 9600 9678
f 2554 1647 9678
f 3617 8839 3616
f 2554 9678 1646
f 9599 1644 9677
f 3612 8834 9722
f 3629 9599 9677
f 2553 1645 9677
f 3615 8837 3614
f 2553 9677 1644
f 9598 1642 9676
f 9722 8834 3611
f 3627 9598 9676
f 2552 1643 9676
f 3613 8835 3612
f 2552 9676 1642
f 9597 1640 9675
f 9715 9787 8940
f 6676 4384 4974
f 8806 2327 2325
f 3625 9597 9675
f 8009 6763 7055
f 9724 8836 3613
f 216 3224 217
f 2551 1641 9675
f 3722 8944 3721
f 2326 7305 2328
f 6354 8074 8183
f 8940 9787 3720
f 7780 3666 1681
f 1765 3253 9322
f 5551 9322 3253
f 4351 7765 3167
f 4351 3167 5225
f 2551 9675 1640
f 8807 2326 2328
f 2325 7300 2323
f 2325 8802 9058
f 9596 1638 9674
f 8802 2325 2323
f 2323 7302 2321
f 3623 9596 9674
f 8804 2323 2321
f 2550 1639 9674
f 6245 8074 6354
f 7782 3723 1684
f 6646 8188 6674
f 6674 7325 6646
f 1786 6674 8188
f 2322 7303 2324
f 3451 4763 5891
f 2550 9674 1638
f 3739 6663 6396
f 9638 1636 9673
f 3621 9638 9673
f 8805 2322 2324
f 2549 1637 9673
f 2321 7298 2319
f 3073 7762 4908
f 3050 7762 3073
f 3073 5721 3050
f 2549 9673 1636
f 8800 2321 2319
f 9333 7742 7631
f 9333 7631 2861
f 3755 7631 7742
f 9334 7633 7630
f 9334 7630 2890
f 3811 7630 7633
f 2430 3269 3176
f 2319 7294 2317
f 2434 3176 3269
f 6053 3172 8586
f 9639 1694 9672
f 5250 3172 6053
f 9446 7744 7632
f 3675 9639 9672
f 3867 7632 7744
f 9444 7634 7742
f 9720 8838 3615
f 3756 7742 7634
f 9443 7741 7740
f 2577 1695 9672
f 3865 7740 7741
f 9441 7740 7739
f 2375 2456 174
f 3864 7739 7740
f 9440 7739 7738
f 2577 9672 1694
f 9640 1634 9716
f 3863 7738 7739
f 3619 9640 9716
f 10507 2213 10485
f 2548 1635 9716
f 8010 6763 8009
f 2548 9716 1634
f 3862 7737 7738
f 5436 10678 5440
f 9641 1692 9717
f 3861 7736 7737
f 10261 5222 9933
f 175 2375 174
f 3860 7735 7736
f 5217 10673 5216
f 3673 9641 9717
f 3859 7734 7735
f 4345 10261 9933
f 6353 7568 7569
f 3858 7733 7734
f 10681 4717 4715
f 2576 1693 9717
f 3857 7732 7733
f 10502 2988 10485
f 6353 6352 7568
f 3856 7731 7732
f 4338 10673 4339
f 2576 9717 1692
f 3855 7730 7731
f 2209 10502 10485
f 9306 6676 2355
f 3854 7729 7730
f 6590 10504 10514
f 9642 1632 9718
f 3853 7728 7729
f 10502 2209 2207
f 4392 9306 2355
f 3852 7727 7728
f 10504 5170 10514
f 3617 9642 9718
f 3851 7726 7727
f 2989 10530 10527
f 8736 5456 8742
f 3850 7725 7726
f 10674 8720 5436
f 2547 1633 9718
f 3849 7724 7725
f 10530 2203 10527
f 2259 8736 8742
f 3848 7723 7724
f 5440 10674 5436
f 2547 9718 1632
f 3847 7722 7723
f 9388 10271 9387
f 8774 5494 8780
f 3846 7721 7722
f 10677 5877 9733
f 9644 1690 9719
f 3845 7720 7721
f 6639 10732 5218
f 2297 8774 8780
f 3844 7719 7720
f 10677 8465 5768
f 3671 9644 9719
f 3843 7718 7719
f 7683 10271 7684
f 8732 5452 8738
f 3842 7717 7718
f 8465 10677 9733
f 2575 1691 9719
f 3841 7716 7717
f 6584 10574 6583
f 2255 8732 8738
f 3840 7715 7716
f 5877 10677 5768
f 2575 9719 1690
f 37 7802 39
f 5891 8318 7203
f 3839 7714 7715
f 386 8318 384
f 9340 10658 9814
f 8770 5490 8776
f 3838 7713 7714
f 10490 5215 10501
f 9645 1630 9720
f 3837 7712 7713
f 5161 10574 5162
f 2293 8770 8776
f 3836 7711 7712
f 4337 10490 10501
f 3615 9645 9720
f 3228 2432 1767
f 2432 1768 1767
f 3835 7710 7711
f 8796 2319 2317
f 10574 6584 10570
f 2318 7295 2320
f 8740 5460 8746
f 3192 5424 5099
f 5424 5749 5099
f 2546 1631 9720
f 3834 7709 7710
f 9343 10737 10477
f 2546 9720 1630
f 3833 7708 7709
f 3106 5269 5558
f 8797 2318 2320
f 6585 10570 6584
f 3300 3276 3222
f 3276 1558 3222
f 3240 5416 2376
f 2317 7296 2315
f 9647 1628 9724
f 2263 8740 8746
f 3832 7707 7708
f 10737 7638 10477
f 3613 9647 9724
f 3831 7706 7707
f 5162 10574 10570
f 8778 5498 8784
f 3830 7705 7706
f 5773 10676 10060
f 2545 1629 9724
f 3829 7704 7705
f 2458 9072 4952
f 5162 10570 5163
f 2301 8778 8784
f 3828 7703 7704
f 8471 10676 10056
f 2545 9724 1628
f 3827 7702 7703
f 2985 10508 10518
f 8792 5512 8798
f 3826 7701 7702
f 10676 8471 10060
f 9646 1688 9723
f 3825 7700 7701
f 10508 2217 10518
f 2315 8792 8798
f 8011 7057 6764
f 3824 7699 7700
f 10676 5773 10056
f 3669 9646 9723
f 3823 7698 7699
f 2990 10573 2991
f 6245 7570 7461
f 6372 8995 5285
f 5285 5554 6372
f 3822 7697 7698
f 7638 10737 7639
f 2574 1689 9723
f 3821 7696 7697
f 10573 2990 10527
f 8595 5885 4635
f 6245 6354 7570
f 3314 3205 2423
f 8947 6852 7794
f 3820 7695 7696
f 1744 7794 6852
f 9396 10736 10486
f 2574 9723 1688
f 3819 7694 7695
f 2205 10573 10527
f 8744 5464 8748
f 3818 7693 7694
f 10732 6639 6640
f 3284 6662 5100
f 3817 7692 7693
f 10658 7635 9814
f 8748 2267 8744
f 3816 7691 7692
f 9392 7691 7690
f 3284 4911 6662
f 3815 7690 7691
f 8798 2317 2315
f 5743 1768 3232
f 2315 7290 2313
f 9391 7690 7689
f 8322 5701 6391
f 3814 7689 7690
f 9442 7689 7688
f 3120 6662 4911
f 5701 4222 6391
f 8792 2315 2313
f 3813 7688 7689
f 9342 10477 9341
f 8322 2214 2216
f 2314 7291 2316
f 3987 6391 4222
f 8322 6391 4397
f 2214 2982 2216
f 1765 5743 3253
f 3808 7685 7686
f 3214 1606 3286
f 8793 2314 2316
f 10678 3461 5440
f 9671 9786 8886
f 3265 3298 3310
f 3807 7684 7685
f 2313 7292 2311
f 10732 5219 5218
f 2394 1774 5548
f 3298 1556 3310
f 8794 2313 2311
f 2849 4771 6652
f 3298 2404 1556
f 3806 7683 7684
f 10736 7694 10486
f 3978 4752 3980
f 7801 4908 4641
f 3805 7682 7683
f 7762 4641 4908
f 3240 2431 5416
f 7637 10477 7638
f 3195 5569 5750
f 2409 5569 5551
f 1774 2394 2440
f 5569 2409 5750
f 3804 7681 7682
f 7694 10736 7695
f 3565 3978 3980
f 3803 7680 7681
f 2361 3166 3310
f 1624 2220 5577
f 5268 1624 5755
f 9386 10272 9385
f 3182 208 207
f 2394 1603 2440
f 8796 5516 8800
f 2376 5581 4369
f 3168 2376 4369
f 6592 10487 10679
f 3802 7679 7680
f 2311 7286 2309
f 5826 10675 10065
f 5268 2220 1624
f 197 5550 196
f 8788 2311 2309
f 3801 7678 7679
f 2310 7287 2312
f 7681 10272 7682
f 9718 8840 3617
f 8800 2319 8796
f 5275 5731 172
f 3293 2389 3221
f 3221 2389 1758
f 3800 7677 7678
f 8524 10675 10058
f 5758 3171 5404
f 173 5275 172
f 3799 7676 7677
f 9384 10273 9383
f 8789 2310 2312
f 2456 5275 173
f 3798 7675 7676
f 10675 8524 10065
f 2226 7797 6385
f 3797 7674 7675
f 10487 5172 10679
f 8782 5502 8786
f 3796 7673 7674
f 10675 5826 10058
f 3598 7797 4637
f 3795 7672 7673
f 7679 10273 7680
f 2309 7288 2307
f 8786 2305 8782
f 3794 7671 7672
f 8718 10674 5438
f 3598 6385 7797
f 3793 7670 7671
f 1761 3280 3235
f 3208 3235 3280
f 9372 10295 9371
f 6380 7451 2459
f 3792 7669 7670
f 10674 8718 8720
f 8946 5244 9587
f 3791 7668 7669
f 10473 6581 10483
f 7451 1909 2459
f 3790 7667 7668
f 8965 5267 2413
f 8965 2413 3166
f 10674 5440 5438
f 3099 4934 4653
f 4653 8063 3099
f 8946 9587 5725
f 3789 7666 7667
f 7667 10295 7668
f 7805 2459 1909
f 3788 7665 7666
f 5159 10473 10483
f 8190 9587 5244
f 3787 7664 7665
f 7600 4665 6520
f 4665 1907 6520
f 6970 1681 1680
f 1680 7026 6970
f 9370 10291 9369
f 6734 6970 7026
f 3786 7663 7664
f 9587 8190 4646
f 10588 2992 10531
f 2531 4925 5249
f 4932 4654 5549
f 1592 4932 5549
f 3785 7662 7663
f 8790 2309 2307
f 2201 10588 10531
f 3137 5278 4649
f 8049 4649 8590
f 8590 4649 5278
f 4649 5714 3137
f 4649 8058 5714
f 4354 4974 7208
f 4974 3080 7208
f 5430 8196 5285
f 5430 5751 8196
f 5430 7778 4948
f 5751 5430 4948
f 7033 1692 7032
f 3087 3108 4965
f 8588 6378 5097
f 3121 5097 6378
f 3784 7661 7662
f 6537 10509 10515
f 6675 2531 5249
f 3783 7660 7661
f 7665 10291 7666
f 7032 1692 1691
f 3782 7659 7660
f 10509 5115 10515
f 6644 8071 6645
f 3781 7658 7659
f 9354 10306 9353
f 7033 7032 6740
f 2307 7284 2305
f 3183 1770 3313
f 3780 7657 7658
f 9414 10692 10279
f 8068 6645 8071
f 3779 7656 7657
f 10692 7712 10279
f 3194 2381 3082
f 8786 2307 2305
f 6978 1632 6977
f 3778 7655 7656
f 7712 10692 7713
f 5557 2381 3194
f 3777 7654 7655
f 7649 10306 7650
f 6977 1632 1631
f 3776 7653 7654
f 9416 10690 10275
f 5557 3194 1746
f 3775 7652 7653
f 9360 10296 9359
f 6978 6977 6686
f 3774 7651 7652
f 10690 7714 10275
f 3129 4966 5408
f 9444 8603 9339
f 8961 4936 6397
f 3748 4936 3114
f 3748 6397 4936
f 2306 7285 2308
f 3773 7650 7651
f 7714 10690 7715
f 7079 1738 7078
f 3772 7649 7650
f 9339 8603 8604
f 8787 2306 2308
f 9412 10695 10281
f 8054 7575 5236
f 8054 4660 1744
f 1744 7575 8054
f 7634 9444 9339
f 3771 7648 7649
f 7655 10296 7656
f 2305 7280 2303
f 7078 1738 1737
f 7079 7078 6786
f 3770 7647 7648
f 10695 7710 10281
f 8782 2305 2303
f 9445 8712 9442
f 3769 7646 7647
f 9378 10301 9377
f 7035 1694 7034
f 3768 7645 7646
f 7710 10695 7711
f 9442 8712 8658
f 3767 7644 7645
f 9418 10691 10274
f 7034 1694 1693
f 3766 7643 7644
f 10691 7716 10274
f 7688 9445 9442
f 3765 7642 7643
f 7673 10301 7674
f 7035 7034 6742
f 3764 7641 7642
f 7716 10691 7717
f 1602 1604 3084
f 3763 7640 7641
f 9382 10293 9381
f 6980 1634 6979
f 3762 7639 7640
f 9422 10694 10278
f 1604 4957 3084
f 3761 7638 7639
f 10694 7720 10278
f 6979 1634 1633
f 3760 7637 7638
f 7720 10694 7721
f 1604 5266 4957
f 3759 7636 7637
f 7635 10658 7636
f 8012 8011 6939
f 3758 7635 7636
f 9339 7635 7634
f 1604 2442 5266
f 3757 7634 7635
f 9338 7687 7686
f 8587 6382 8986
f 3809 7686 7687
f 9445 7688 7633
f 2303 7282 2301
f 3812 7633 7688
f 9336 7632 7741
f 9336 7741 2917
f 8586 3172 2411
f 8586 2411 1591
f 3866 7741 7632
f 4368 7798 3299
f 3299 3095 4368
f 2429 3317 3295
f 3295 2420 2429
f 4897 5287 7327
f 9337 7743 7687
f 8011 6765 7057
f 3810 7687 7743
f 3265 3166 2419
f 3166 1589 2419
f 3166 2413 1589
f 9335 7629 7743
f 2540 8587 8986
f 3754 7743 7629
f 7575 2853 6666
f 8056 5225 3167
f 2222 8056 3167
f 6980 6979 6688
f 8784 2303 2301
f 3235 3208 3293
f 2389 3293 3208
f 2302 7283 2304
f 1616 8200 9305
f 4950 5263 5431
f 7037 1696 7036
f 5422 4950 1754
f 2858 1616 9305
f 8785 2302 2304
f 7036 1696 1695
f 7037 7036 6744
f 2301 7276 2299
f 3272 2417 3126
f 3126 2417 4949
f 3126 2390 3272
f 2372 3089 7758
f 7774 9308 6395
f 3124 3742 3089
f 6982 1636 6981
f 9308 7774 3093
f 2856 2374 5425
f 7203 3747 5891
f 8012 6765 8011
f 8778 2301 2299
f 5423 6177 4367
f 5423 4367 8979
f 6177 7332 4367
f 2299 7278 2297
f 5231 2228 3986
f 4934 7802 8950
f 7802 4934 9454
f 4635 9454 4934
f 8780 2299 2297
f 3740 6664 6398
f 2298 7279 2300
f 2411 3172 5552
f 2228 7205 3986
f 6659 5231 3986
f 3238 4387 6389
f 4387 3238 5735
f 1560 3238 6389
f 8781 2298 2300
f 6671 8199 4641
f 2297 7272 2295
f 8199 3593 4641
f 6981 1636 1635
f 8774 2297 2295
f 2295 7274 2293
f 3131 5235 3280
f 8041 3043 8039
f 2393 3280 5235
f 8776 2295 2293
f 3602 4658 4774
f 2294 7275 2296
f 8039 3043 7785
f 8777 2294 2296
f 2293 7268 2291
f 6982 6981 6690
f 7794 8987 4664
f 8987 3097 4664
f 8770 2293 2291
f 2291 7270 2289
f 7328 7627 4360
f 4106 7328 4360
f 8772 2291 2289
f 2290 7271 2292
f 7328 4768 7627
f 3599 3283 9201
f 8773 2290 2292
f 2289 7264 2287
f 3270 1769 3242
f 3270 1772 1769
f 7077 1736 7076
f 1744 2853 7575
f 4914 1599 4941
f 8029 7075 6782
f 3585 7785 3583
f 3585 3042 7785
f 4762 9001 5103
f 5103 2422 4762
f 8766 2289 2287
f 2287 7266 2285
f 4519 8201 4518
f 4518 8943 3610
f 8886 9786 3664
f 8030 8029 6957
f 4575 8312 4631
f 4631 8945 3609
f 9716 8842 3619
f 8768 2287 2285
f 4576 8257 4575
f 4575 8942 3667
f 4575 3667 4576
f 2286 7267 2288
f 4520 8203 4519
f 4519 8833 3611
f 4519 3611 4520
f 9282 1549 9284
f 4629 8310 4628
f 4628 8940 3720
f 4628 3720 4629
f 8769 2286 2288
f 4627 8308 4626
f 4626 8938 3718
f 4626 3718 4627
f 2285 7262 2283
f 4625 8306 4624
f 4624 8936 3716
f 4624 3716 4625
f 9239 1522 9241
f 4623 8304 4622
f 4622 8934 3714
f 4622 3714 4623
f 8764 2285 2283
f 4621 8302 4620
f 4620 8932 3712
f 4620 3712 4621
f 7677 10293 7678
f 4619 8300 4618
f 4618 8930 3710
f 4618 3710 4619
f 1615 4976 3733
f 4617 8298 4616
f 4616 8928 3708
f 4616 3708 4617
f 8762 2283 2281
f 4615 8296 4614
f 4614 8926 3706
f 4614 3706 4615
f 2282 7261 2284
f 4613 8294 4612
f 4612 8924 3704
f 4612 3704 4613
f 6363 1615 3733
f 4611 8292 4610
f 4610 8922 3702
f 4610 3702 4611
f 8763 2282 2284
f 4609 8290 4608
f 2443 5238 3179
f 4608 8920 3700
f 3297 4970 1592
f 4608 3700 4609
f 2281 7256 2279
f 4607 8288 4606
f 4606 8918 3698
f 4606 3698 4607
f 2281 8758 9046
f 4605 8286 4604
f 4604 8916 3696
f 4604 3696 4605
f 8758 2281 2279
f 4603 8284 4602
f 4602 8914 3694
f 4602 3694 4603
f 2279 7258 2277
f 4601 8282 4600
f 4600 8912 3692
f 4600 3692 4601
f 2443 3268 5238
f 4902 5546 4770
f 4599 8280 4598
f 4598 8910 3690
f 4598 3690 4599
f 8760 2279 2277
f 4597 8278 4596
f 4596 8908 3688
f 4596 3688 4597
f 2278 7259 2280
f 4595 8276 4594
f 4594 8906 3686
f 4594 3686 4595
f 3912 4699 3914
f 4593 8274 4592
f 4592 8904 3684
f 4592 3684 4593
f 8761 2278 2280
f 4591 8272 4590
f 2277 7252 2275
f 4590 8902 3682
f 4590 3682 4591
f 3499 3912 3914
f 4589 8270 4588
f 4588 8900 3680
f 4588 3680 4589
f 8754 2277 2275
f 4587 8268 4586
f 4586 8898 3678
f 4586 3678 4587
f 2275 7254 2273
f 4585 8266 4584
f 4584 8896 3676
f 4584 3676 4585
f 3924 4708 3926
f 4583 8264 4582
f 4582 8894 3674
f 4582 3674 4583
f 8756 2275 2273
f 4581 8262 4580
f 4580 8892 3672
f 4580 3672 4581
f 2274 7255 2276
f 3511 3924 3926
f 4579 8260 4578
f 4578 8890 3670
f 4578 3670 4579
f 8757 2274 2276
f 4577 8258 4576
f 2273 7250 2271
f 9673 9745 8844
f 9673 8844 3621
f 2377 5564 3291
f 8752 2273 2271
f 3095 3299 2382
f 4573 8256 4572
f 2271 7248 2269
f 4572 8886 3664
f 5734 2450 3056
f 4572 3664 4573
f 1496 1560 5279
f 3291 5564 5104
f 4571 8254 4570
f 4570 8884 3662
f 4570 3662 4571
f 8750 2271 2269
f 4569 8252 4568
f 4568 8882 3660
f 4568 3660 4569
f 2270 7249 2272
f 4567 8250 4566
f 4566 8880 3658
f 4566 3658 4567
f 3218 3200 5585
f 4565 8248 4564
f 4564 8878 3656
f 4564 3656 4565
f 8751 2270 2272
f 4563 8246 4562
f 4562 8876 3654
f 4562 3654 4563
f 2269 7246 2267
f 4561 8244 4560
f 4560 8874 3652
f 3263 1559 3222
f 4560 3652 4561
f 3254 3218 5585
f 4559 8242 4558
f 4558 8872 3650
f 4558 3650 4559
f 8748 2269 2267
f 4557 8240 4556
f 4556 8870 3648
f 4556 3648 4557
f 2267 7242 2265
f 4555 8238 4554
f 4554 8868 3646
f 4554 3646 4555
f 7076 1736 1735
f 4553 8236 4552
f 7324 2348 2346
f 8826 2346 2348
f 7077 7076 6784
f 7075 1734 7074
f 8714 5544 8821
f 8821 2344 8714
f 7074 1734 1733
f 7075 7074 6782
f 4552 8866 3644
f 4552 3644 4553
f 8744 2267 2265
f 4551 8234 4550
f 4550 8864 3642
f 4550 3642 4551
f 2266 7243 2268
f 4549 8232 4548
f 4548 8862 3640
f 4548 3640 4549
f 5234 3132 3191
f 4547 8230 4546
f 4546 8860 3638
f 4546 3638 4547
f 8745 2266 2268
f 4545 8228 4544
f 4544 8858 3636
f 4544 3636 4545
f 2265 7244 2263
f 4543 8226 4542
f 4542 8856 3634
f 4542 3634 4543
f 3946 4728 3948
f 4541 8224 4540
f 4540 8854 3632
f 4540 3632 4541
f 8746 2265 2263
f 4539 8222 4538
f 4538 8852 3630
f 4538 3630 4539
f 2263 7238 2261
f 4537 8220 4536
f 4536 8850 3628
f 4536 3628 4537
f 7073 1732 7072
f 4535 8218 4534
f 4534 8848 3626
f 4534 3626 4535
f 8740 2263 2261
f 4533 8216 4532
f 4532 8846 3624
f 1761 3131 3280
f 4532 3624 4533
f 2262 7239 2264
f 4531 8214 4530
f 4530 8844 3622
f 4530 3622 4531
f 3533 3946 3948
f 4529 8212 4528
f 4528 8842 3620
f 4528 3620 4529
f 8741 2262 2264
f 4527 8210 4526
f 4526 8840 3618
f 4526 3618 4527
f 2261 7240 2259
f 4525 8208 4524
f 4524 8838 3616
f 4524 3616 4525
f 3886 4677 3888
f 4523 8206 4522
f 4522 8836 3614
f 4522 3614 4523
f 8742 2261 2259
f 4521 8204 4520
f 4520 8834 3612
f 4520 3612 4521
f 6792 8314 4517
f 4517 8200 6792
f 4516 8200 4517
f 2259 7234 2257
f 8029 6783 7075
f 3473 3886 3888
f 7072 1732 1731
f 1768 3256 3232
f 8736 2259 2257
f 2258 7235 2260
f 3966 4744 3968
f 3553 3966 3968
f 4655 3724 3735
f 7783 3724 4655
f 6377 2354 5280
f 2354 6377 4759
f 6177 3606 6179
f 8716 6665 5436
f 8737 2258 2260
f 2257 7236 2255
f 4517 8314 4574
f 8844 9745 3622
f 3290 3277 1769
f 3461 10678 3459
f 8738 2257 2255
f 4632 8313 4630
f 4632 4630 8944
f 4632 8944 3722
f 2255 7230 2253
f 8594 2411 5552
f 1778 4921 3266
f 5756 5552 3172
f 4909 5561 4933
f 2370 4909 4933
f 8594 1591 2411
f 9423 10277 9422
f 7073 7072 6780
f 3102 4921 1778
f 8732 2255 2253
f 4921 3141 3266
f 7071 1730 7070
f 2254 7231 2256
f 4767 5254 7768
f 2601 2600 6789
f 7070 1730 1729
f 8030 6783 8029
f 9420 10693 10276
f 8733 2254 2256
f 2253 7232 2251
f 7999 7045 6752
f 9674 8846 3623
f 8734 2253 2251
f 2251 7226 2249
f 1589 2413 3236
f 3206 3289 3232
f 3289 2406 3232
f 9674 9746 8846
f 9284 1549 1550
f 8728 2251 2249
f 2250 7227 2252
f 9391 8659 8660
f 9282 1547 1549
f 8729 2250 2252
f 2249 7228 2247
f 8660 9392 9391
f 9280 1548 1547
f 8730 2249 2247
f 2247 7224 2245
f 9392 7690 9391
f 9277 1546 1545
f 8726 2247 2245
f 2246 7225 2248
f 9340 8605 8606
f 9274 1542 1544
f 8727 2246 2248
f 2245 7220 2243
f 2245 8722 9036
f 9272 1543 1542
f 8722 2245 2243
f 2243 7222 2241
f 10693 7718 10276
f 9269 1539 1541
f 8724 2243 2241
f 2242 7223 2244
f 10492 6583 10574
f 9267 1540 1539
f 8725 2242 2244
f 2241 7216 2239
f 4775 5708 3288
f 9264 1538 1537
f 8718 2241 2239
f 2239 7218 2237
f 1612 3288 5708
f 9261 1536 1535
f 8720 2239 2237
f 2238 7219 2240
f 393 1612 5708
f 9258 1532 1534
f 8721 2238 2240
f 2235 7212 2233
f 1775 4942 5232
f 9256 1533 1532
f 8825 2235 2233
f 2344 7211 2346
f 3207 4942 2441
f 9253 1531 1530
f 8714 2344 2346
f 4942 1775 2441
f 4756 7752 3048
f 9250 1529 1528
f 3048 8046 3597
f 9342 8607 8608
f 6524 3051 7786
f 9247 1527 1526
f 4104 6524 7786
f 6524 5417 3051
f 5722 4395 5235
f 9244 1525 1524
f 1760 4395 5414
f 4395 1760 5235
f 7781 6051 2603
f 9241 1522 1523
f 3309 5742 3271
f 8000 7999 6927
f 7781 9483 7779
f 6051 7781 7779
f 4954 6652 3065
f 9239 1520 1522
f 2849 4954 3301
f 4954 2849 6652
f 9449 5260 2384
f 9237 1521 1520
f 4339 10602 4340
f 5260 9449 3592
f 3592 8955 5260
f 9234 1519 1518
f 7071 7070 6778
f 5263 4950 4923
f 4923 3059 5263
f 3229 2439 3205
f 2439 2423 3205
f 9231 1516 1517
f 7721 10277 7722
f 5243 3580 6388
f 9393 8661 8662
f 9229 1515 1516
f 4517 9476 4516
f 9476 3607 4516
f 3571 4382 3457
f 9227 1513 1515
f 6235 3571 3457
f 5161 10492 10574
f 5249 2390 6675
f 9225 1514 1513
f 2390 3126 6675
f 4765 6359 3149
f 3574 4765 4766
f 9222 1512 1511
f 3149 4766 4765
f 7069 1728 7068
f 9368 10292 9367
f 9219 1510 1509
f 3101 8320 7208
f 9393 10659 9803
f 9344 8609 8610
f 9216 1508 1507
f 9271 1541 9270
f 1541 9271 1580
f 6535 10604 6534
f 9213 1506 1505
f 7718 10693 7719
f 9233 1517 9232
f 1517 9233 1570
f 9210 1502 1504
f 9395 8663 8664
f 5112 10604 5113
f 9243 1523 9242
f 9208 1503 1502
f 1523 9243 1572
f 7663 10292 7664
f 9346 8611 8612
f 9205 1501 1500
f 9286 1550 9285
f 1550 9286 1583
f 10659 7691 9803
f 9204 1501 1499
f 9380 10303 9379
f 9276 1544 9275
f 4634 8319 4632
f 1544 9276 1581
f 4632 3725 4634
f 8998 1598 2368
f 7999 6753 7045
f 9397 8665 8666
f 6589 10605 6588
f 9410 10697 10283
f 9260 1534 9259
f 1534 9260 1577
f 9439 8707 8708
f 8708 9440 9439
f 9212 1504 9211
f 1504 9212 1565
f 7675 10303 7676
f 9437 8705 8706
f 9279 1545 9278
f 1545 9279 1582
f 5168 10605 5169
f 9415 10275 9414
f 9266 1537 9265
f 1537 9266 1579
f 9435 8703 8704
f 4682 10657 9654
f 9255 1530 9254
f 1530 9255 1576
f 10697 7708 10283
f 9433 8701 8702
f 9236 1518 9235
f 1518 9236 1571
f 9217 10657 4680
f 7713 10275 7714
f 9224 1511 9223
f 1511 9224 1569
f 9431 8699 8700
f 10657 9217 9654
f 9207 1500 9206
f 1500 9207 1564
f 9374 10304 9373
f 9429 8697 8698
f 9263 1535 9262
f 1535 9263 1578
f 10657 4682 4680
f 7708 10697 7709
f 9252 1528 9251
f 1528 9252 1575
f 9427 8695 8696
f 5772 10656 10056
f 9249 1526 9248
f 1526 9249 1574
f 7669 10304 7670
f 9425 8693 8694
f 9246 1524 9245
f 1524 9246 1573
f 8470 10656 10047
f 9417 10274 9416
f 9221 1509 9220
f 1509 9221 1568
f 9423 8691 8692
f 10656 8470 10056
f 9218 1507 9217
f 1507 9218 1567
f 9424 10696 10277
f 9421 8689 8690
f 9215 1505 9214
f 1505 9215 1566
f 3064 9324 3133
f 1902 9324 3064
f 8829 1902 3064
f 10656 5772 10047
f 7715 10274 7716
f 5717 3282 3302
f 9419 8687 8688
f 5562 2454 5407
f 2855 5407 2454
f 2454 3133 2855
f 1742 7787 5237
f 7787 5709 5237
f 6052 1684 7783
f 1684 6052 7083
f 4511 8325 6513
f 6513 2215 4511
f 4511 2215 3585
f 8062 1968 8999
f 5744 4772 2384
f 8999 4777 2460
f 1968 4777 8999
f 8999 2847 8062
f 5577 4368 7778
f 4368 5577 4760
f 8000 6753 7999
f 4915 6375 6517
f 7922 2841 6175
f 3743 4915 6517
f 7921 2840 6173
f 6356 7775 6237
f 7920 2727 6174
f 1901 6356 6237
f 7919 2839 6172
f 5258 3301 2538
f 7918 2838 6171
f 8606 10655 9340
f 196 3185 195
f 3185 3211 195
f 9413 10279 9412
f 7917 2837 6170
f 9417 8685 8686
f 9341 10655 2863
f 5411 7202 6051
f 4639 7924 3067
f 4639 3067 2533
f 7916 2836 6169
f 10696 7722 10277
f 2602 4639 2533
f 7915 2835 6168
f 3865 7741 3866
f 7914 2834 6167
f 9415 8683 8684
f 7913 2833 6166
f 6666 4947 4515
f 7912 2832 6165
f 4947 4104 4515
f 7911 2831 6164
f 8967 5921 3188
f 7910 2830 6163
f 5704 3188 5921
f 7909 2829 6162
f 5921 9450 5704
f 7908 2828 6161
f 5544 8714 6235
f 7907 2827 6160
f 3457 5544 6235
f 7906 2826 6159
f 8044 2370 4927
f 7905 2825 6158
f 4927 3743 8044
f 7904 2824 6157
f 8044 4909 2370
f 7903 2823 6156
f 3735 6057 3738
f 7902 2822 6155
f 8053 6057 6178
f 7901 2821 6154
f 10655 9341 9340
f 7900 2820 6153
f 7711 10279 7712
f 7899 2819 6152
f 7624 5573 5097
f 7898 2818 6151
f 9675 8848 3625
f 7897 2817 6150
f 7624 2437 3070
f 7896 2816 6149
f 3755 7742 3756
f 7895 2815 6148
f 9413 8681 8682
f 7894 2814 6147
f 7787 1742 7745
f 7893 2813 6146
f 1742 3578 7745
f 7892 2812 6145
f 1742 3737 3578
f 7891 2811 6144
f 10655 8606 2863
f 7890 2810 6143
f 2846 4370 3569
f 7889 2809 6142
f 8258 8658 8257
f 7888 2808 6141
f 4576 8258 8257
f 7887 2807 6140
f 7068 1728 1727
f 7886 2806 6139
f 7069 7068 6776
f 7885 2805 6138
f 7067 1726 7066
f 7884 2804 6137
f 4964 2348 4105
f 7883 2803 6136
f 6519 4105 2348
f 7882 2802 6135
f 2348 7755 6519
f 7881 2801 6134
f 2460 9491 4384
f 7880 2800 6133
f 4384 9306 2460
f 7879 2799 6132
f 9491 2460 8045
f 7878 2798 6131
f 5426 2460 9306
f 7877 2797 6130
f 9421 10278 9420
f 7876 2796 6129
f 8204 8604 8203
f 7875 2795 6128
f 4520 8204 8203
f 7874 2794 6127
f 5260 5748 3174
f 7873 2793 6126
f 2384 5260 3185
f 7872 2792 6125
f 9411 8679 8680
f 7871 2791 6124
f 7764 4361 4359
f 7870 2790 6123
f 4359 3044 7764
f 7869 2789 6122
f 1555 8457 9293
f 7868 2788 6121
f 4904 9293 8457
f 7867 2787 6120
f 4910 4956 5922
f 7866 2786 6119
f 8197 5922 4956
f 7865 2782 6118
f 4348 4910 5922
f 7864 2781 6117
f 9309 8315 3151
f 7863 2780 6116
f 8315 9309 2221
f 7862 2779 6115
f 3063 3151 8315
f 7861 2778 6114
f 8055 9300 1587
f 7860 2777 6113
f 5825 10654 10058
f 7859 2776 6112
f 8055 1586 9300
f 7858 2775 6111
f 3810 7743 3754
f 7722 10696 7723
f 7857 2774 6110
f 4656 9451 5576
f 2223 4383 5587
f 7856 2773 6109
f 4394 5587 4383
f 9409 8677 8678
f 7855 2772 6108
f 8050 7754 5247
f 5232 4942 5557
f 7854 2771 6107
f 2381 5557 4942
f 7853 2770 6106
f 8523 10654 10051
f 7852 2769 6105
f 8326 9304 9297
f 7851 2768 6104
f 9304 1562 9297
f 7850 2767 6103
f 7066 1726 1725
f 7719 10278 7720
f 7849 2766 6102
f 9407 8675 8676
f 7989 7035 6742
f 6514 3749 4657
f 6514 4657 5707
f 3603 4657 3749
f 7848 2765 6101
f 5745 4395 4645
f 7847 2764 6100
f 4395 7599 4645
f 7846 2763 6099
f 3114 4936 4910
f 7845 2762 6098
f 7067 7066 6774
f 4910 3096 3114
f 9032 2231 9319
f 9319 6668 9032
f 7844 2761 6097
f 10654 8523 10058
f 7843 2760 6096
f 2402 2395 216
f 7842 2759 6095
f 8846 9746 3624
f 9411 10281 9410
f 7841 2758 6094
f 8451 160 8456
f 8603 8203 8604
f 7840 2757 6093
f 9405 8673 8674
f 7839 2756 6092
f 8712 8257 8658
f 7838 2755 6091
f 10654 5825 10051
f 7837 2754 6090
f 9408 10698 10282
f 7836 2753 6089
f 7065 1724 7064
f 7835 2752 6088
f 2415 3242 2430
f 7834 2751 6087
f 3176 2415 2430
f 7833 2750 6086
f 8713 8311 8314
f 8657 8311 8713
f 7832 2749 6085
f 9403 8671 8672
f 7831 2748 6084
f 7064 1724 1723
f 7830 2747 6083
f 7065 7064 6772
f 8662 10653 9393
f 8602 8202 8313
f 7829 2746 6082
f 8711 8202 8602
f 7828 2745 6081
f 7709 10281 7710
f 4978 7789 2349
f 9401 8669 8670
f 7827 2744 6080
f 9394 10653 2893
f 9425 10280 9424
f 9334 8976 9445
f 7826 2743 6079
f 7633 9334 9445
f 7825 2742 6078
f 8606 8205 8206
f 8605 8205 8606
f 9399 8667 8668
f 7824 2741 6077
f 8660 8259 8260
f 7823 2740 6076
f 8659 8259 8660
f 7822 2739 6075
f 10653 9394 9393
f 7821 2738 6074
f 8608 8207 8208
f 7820 2737 6073
f 8607 8207 8608
f 7819 2736 6072
f 10698 7706 10282
f 7818 2735 6071
f 8662 8261 8262
f 7817 2734 6070
f 8661 8261 8662
f 7816 2733 6069
f 9388 8653 8654
f 7815 2732 6068
f 8656 8255 8256
f 7814 2731 6067
f 8655 8255 8656
f 10653 8662 2893
f 7813 2730 6066
f 8664 8263 8264
f 7812 2729 6065
f 8663 8263 8664
f 7811 2728 6064
f 7723 10280 7724
f 7810 2785 6063
f 8610 8209 8210
f 7809 2784 6061
f 8609 8209 8610
f 7808 2783 6062
f 9386 8651 8652
f 8708 8307 8308
f 8707 8307 8708
f 8706 10652 9437
f 8706 8305 8306
f 8705 8305 8706
f 9409 10283 9408
f 8704 8303 8304
f 8703 8303 8704
f 9384 8649 8650
f 8702 8301 8302
f 8701 8301 8702
f 9438 10652 2915
f 8700 8299 8300
f 8699 8299 8700
f 7706 10698 7707
f 8698 8297 8298
f 8697 8297 8698
f 9382 8647 8648
f 8696 8295 8296
f 8695 8295 8696
f 10652 9438 9437
f 3281 3251 5552
f 5552 5756 3281
f 6361 1903 8187
f 1903 2607 8187
f 8694 8293 8294
f 5710 2848 6052
f 8980 6052 2848
f 2414 2421 3300
f 8693 8293 8694
f 7707 10283 7708
f 8692 8291 8292
f 4766 2446 3574
f 2446 4651 3574
f 8691 8291 8692
f 9380 8645 8646
f 8690 8289 8290
f 8689 8289 8690
f 10652 8706 2915
f 8688 8287 8288
f 8687 8287 8688
f 9419 10276 9418
f 3109 4367 7332
f 3109 7332 2450
f 7063 1722 7062
f 7062 1722 1721
f 8686 8285 8286
f 8685 8285 8686
f 9378 8643 8644
f 8684 8283 8284
f 3129 3082 2387
f 4969 3296 3205
f 3296 4969 3193
f 3205 3314 4969
f 8683 8283 8684
f 8654 10651 9388
f 8682 8281 8282
f 8681 8281 8682
f 3171 5758 4920
f 4966 3171 4920
f 4920 5408 4966
f 9426 10701 10280
f 8680 8279 8280
f 8679 8279 8680
f 9376 8641 8642
f 8678 8277 8278
f 8677 8277 8678
f 3150 5280 7796
f 9389 10651 2887
f 7796 5280 2225
f 7717 10276 7718
f 8676 8275 8276
f 8675 8275 8676
f 9374 8639 8640
f 8674 8273 8274
f 8673 8273 8674
f 10651 9389 9388
f 8672 8271 8272
f 8671 8271 8672
f 9358 10298 9357
f 8670 8269 8270
f 8669 8269 8670
f 9372 8637 8638
f 8668 8267 8268
f 8667 8267 8668
f 10651 8654 2887
f 8666 8265 8266
f 8665 8265 8666
f 10701 7724 10280
f 8654 8253 8254
f 8653 8253 8654
f 9370 8635 8636
f 8652 8251 8252
f 8651 8251 8652
f 8608 10650 9342
f 8650 8249 8250
f 8649 8249 8650
f 7653 10298 7654
f 8648 8247 8248
f 8647 8247 8648
f 9368 8633 8634
f 8646 8245 8246
f 8645 8245 8646
f 9343 10650 2864
f 8644 8243 8244
f 8643 8243 8644
f 9427 10285 9426
f 8642 8241 8242
f 8641 8241 8642
f 9366 8631 8632
f 8640 8239 8240
f 8639 8239 8640
f 10650 9343 9342
f 8638 8237 8238
f 8637 8237 8638
f 7724 10701 7725
f 8636 8235 8236
f 7807 2726 6059
f 8635 8235 8636
f 9364 8629 8630
f 8634 8233 8234
f 8633 8233 8634
f 10650 8608 2864
f 8632 8231 8232
f 3310 1556 4944
f 5578 4944 1556
f 7806 2842 6060
f 8631 8231 8632
f 3261 4965 3108
f 7725 10285 7726
f 8630 8229 8230
f 8629 8229 8630
f 9362 8627 8628
f 8628 8227 8228
f 8627 8227 8628
f 8664 10649 9395
f 8626 8225 8226
f 8625 8225 8626
f 5705 2229 3094
f 9407 10282 9406
f 8624 8223 8224
f 2417 3273 4949
f 5279 4949 3273
f 3273 1496 5279
f 8623 8223 8624
f 9360 8625 8626
f 8622 8221 8222
f 8621 8221 8622
f 9396 10649 2894
f 8620 8219 8220
f 7063 7062 6770
f 4951 3321 5261
f 7061 1720 7060
f 8619 8219 8620
f 7804 2724 6058
f 9428 10703 10285
f 8618 8217 8218
f 8617 8217 8618
f 9358 8623 8624
f 8616 8215 8216
f 8615 8215 8616
f 10649 9396 9395
f 8614 8213 8214
f 8613 8213 8614
f 7705 10282 7706
f 9356 8621 8622
f 8612 8211 8212
f 8611 8211 8612
f 10649 8664 2894
f 8710 8309 8310
f 8709 8309 8710
f 9429 10289 9428
f 9354 8619 8620
f 3302 224 225
f 10648 4228 9927
f 3314 3239 3224
f 3239 5434 3224
f 6055 3753 3750
f 3753 3587 3750
f 6793 8313 8319
f 8313 4632 8319
f 9333 8977 9444
f 7742 9333 9444
f 7060 1720 1719
f 7061 7060 6768
f 10703 7726 10285
f 10465 6580 10473
f 9311 6056 4928
f 7059 1718 7058
f 9304 8326 8194
f 5734 3165 5100
f 9352 8617 8618
f 3748 8064 3602
f 3076 3602 8064
f 3602 4774 3748
f 5289 4344 4232
f 5110 4232 4344
f 5402 4230 4288
f 5166 4288 4230
f 3570 4363 3453
f 7058 1718 1717
f 6056 3868 3870
f 3868 3588 3870
f 1751 4921 4961
f 7059 7058 6766
f 10648 5107 3730
f 4770 3449 2371
f 4770 4755 3449
f 3449 4366 2371
f 3749 8065 3603
f 3077 3603 8065
f 8045 2460 4777
f 4777 5405 8045
f 8045 5405 4350
f 6239 1844 8067
f 1844 2609 8067
f 4933 5561 8061
f 8061 5561 2350
f 5561 3092 2350
f 2393 2389 3208
f 2393 5273 2389
f 6661 5242 6651
f 2607 6661 6651
f 8455 8951 6365
f 8951 8830 6365
f 6365 7574 8455
f 4653 8828 8063
f 8828 4653 5921
f 8828 3590 8063
f 7727 10289 7728
f 9350 8615 8616
f 5543 8823 5541
f 3566 5543 5541
f 5542 8822 5538
f 3563 5542 5538
f 5539 8819 5543
f 5107 10648 9927
f 5538 8818 5536
f 3561 5538 5536
f 5537 8817 5539
f 9352 10297 9351
f 5536 8816 5532
f 3559 5536 5532
f 5535 8815 5533
f 9348 8613 8614
f 5534 8814 5528
f 4228 10648 3730
f 5533 8813 5537
f 7726 10703 7727
f 5532 8812 5534
f 9390 8655 8656
f 5531 8811 5529
f 8656 9338 9390
f 5530 8810 5526
f 3551 5530 5526
f 5529 8809 5535
f 7647 10297 7648
f 5528 8808 5530
f 4978 6519 3594
f 5527 8807 5531
f 4383 3594 4394
f 5526 8806 5522
f 3549 5526 5522
f 5525 8805 5523
f 3594 6519 4394
f 5524 8804 5520
f 3545 5524 5520
f 5523 8803 5527
f 1738 9637 1737
f 5522 8802 5524
f 7057 1716 7056
f 5521 8801 5525
f 7056 1716 1715
f 5520 8800 5516
f 3543 5520 5516
f 5519 8799 5517
f 7057 7056 6764
f 5518 8798 5512
f 1736 9636 1735
f 5517 8797 5521
f 7055 1714 7054
f 5516 8796 5518
f 7054 1714 1713
f 5515 8795 5513
f 7055 7054 6762
f 5514 8794 5508
f 1734 9635 1733
f 5513 8793 5519
f 7053 1712 7052
f 5512 8792 5514
f 7052 1712 1711
f 5511 8791 5509
f 7053 7052 6760
f 5510 8790 5506
f 3531 5510 5506
f 5509 8789 5515
f 1732 9634 1731
f 5508 8788 5510
f 7051 1710 7050
f 5507 8787 5511
f 7050 1710 1709
f 5506 8786 5502
f 3529 5506 5502
f 5505 8785 5503
f 7051 7050 6758
f 5504 8784 5498
f 1730 9633 1729
f 5503 8783 5507
f 7049 1708 7048
f 5502 8782 5504
f 7048 1708 1707
f 5501 8781 5499
f 7049 7048 6756
f 5500 8780 5494
f 4760 5577 3734
f 1728 9632 1727
f 5499 8779 5505
f 7047 1706 7046
f 5498 8778 5500
f 7046 1706 1705
f 5497 8777 5495
f 7047 7046 6754
f 1726 9631 1725
f 5496 8776 5490
f 7045 1704 7044
f 2099 7755 2097
f 5495 8775 5501
f 7044 1704 1703
f 8327 5587 8453
f 4512 5587 8327
f 5494 8774 5496
f 5234 3299 7798
f 1594 5234 7798
f 3132 5234 1594
f 7045 7044 6752
f 5493 8773 5491
f 1724 9630 1723
f 7043 1702 7042
f 5492 8772 5486
f 7042 1702 1701
f 5491 8771 5497
f 7043 7042 6750
f 1722 9629 1721
f 5490 8770 5492
f 7041 1700 7040
f 7040 1700 1699
f 5489 8769 5487
f 7041 7040 6748
f 5488 8768 5484
f 3509 5488 5484
f 5487 8767 5493
f 1720 9628 1719
f 5486 8766 5488
f 7039 1698 7038
f 5485 8765 5489
f 7038 1698 1697
f 5418 3120 4901
f 5484 8764 5482
f 3507 5484 5482
f 5483 8763 5485
f 7039 7038 6746
f 5482 8762 5478
f 3505 5482 5478
f 5481 8761 5479
f 1718 9627 1717
f 5480 8760 5474
f 7022 1676 7021
f 5479 8759 5483
f 7021 1676 1675
f 5478 8758 5480
f 7022 7021 6730
f 5477 8757 5475
f 1716 9626 1715
f 5476 8756 5472
f 3497 5476 5472
f 5475 8755 5481
f 7020 1674 7019
f 5474 8754 5476
f 7019 1674 1673
f 5473 8753 5477
f 7020 7019 6728
f 5472 8752 5470
f 3495 5472 5470
f 5471 8751 5473
f 1714 9625 1713
f 5470 8750 5468
f 3493 5470 5468
f 5469 8749 5471
f 7018 1672 7017
f 5468 8748 5464
f 3491 5468 5464
f 5467 8747 5465
f 7017 1672 1671
f 1557 2420 2426
f 5466 8746 5460
f 7018 7017 6726
f 5465 8745 5469
f 1712 9624 1711
f 5464 8744 5466
f 7016 1670 7015
f 5463 8743 5461
f 7015 1670 1669
f 5462 8742 5456
f 7016 7015 6724
f 5461 8741 5467
f 1710 9623 1709
f 5460 8740 5462
f 7014 1668 7013
f 5459 8739 5457
f 7013 1668 1667
f 5458 8738 5452
f 7014 7013 6722
f 5457 8737 5463
f 1708 9622 1707
f 5456 8736 5458
f 7012 1666 7011
f 5455 8735 5453
f 7011 1666 1665
f 5454 8734 5448
f 7012 7011 6720
f 5453 8733 5459
f 1706 9621 1705
f 5452 8732 5454
f 7010 1664 7009
f 5451 8731 5449
f 8065 5270 6516
f 5270 8589 6516
f 7009 1664 1663
f 5450 8730 5446
f 3471 5450 5446
f 5449 8729 5455
f 7010 7009 6718
f 8989 2366 8966
f 2366 8989 6670
f 5448 8728 5450
f 1704 9620 1703
f 8317 2606 4767
f 5447 8727 5451
f 3316 2419 3264
f 2419 3316 1590
f 7008 1662 7007
f 5446 8726 5442
f 3469 5446 5442
f 3057 3107 5265
f 5445 8725 5443
f 7007 1662 1661
f 5444 8724 5438
f 7008 7007 6716
f 5443 8723 5447
f 1702 9619 1701
f 5442 8722 5444
f 7006 1660 7005
f 5441 8721 5439
f 7005 1660 1659
f 9383 10708 10293
f 7691 10659 7692
f 5439 8719 5445
f 7006 7005 6714
f 10708 7678 10293
f 1700 9618 1699
f 5540 8820 5542
f 7004 1658 7003
f 5437 8717 5441
f 7003 1658 1657
f 2403 6518 8829
f 3064 2403 8829
f 7004 7003 6712
f 1698 9617 1697
f 7002 1656 7001
f 7001 1656 1655
f 6051 7084 2603
f 7002 7001 6710
f 1678 9595 1677
f 7000 1654 6999
f 6665 3569 3459
f 6999 1654 1653
f 3983 4751 3981
f 8064 5264 6515
f 5264 8587 6515
f 3566 3983 3981
f 3874 4666 3876
f 4654 3107 2425
f 3107 3057 2425
f 3461 3874 3876
f 8058 3139 2229
f 7000 6999 6708
f 6998 1652 6997
f 3976 4749 3978
f 3563 3976 3978
f 3974 5912 3976
f 3561 3974 3976
f 3972 5911 3974
f 3559 3972 3974
f 3964 4740 3966
f 3551 3964 3966
f 8598 3132 1594
f 3962 5909 3964
f 3549 3962 3964
f 2429 3236 1764
f 2413 1764 3236
f 3958 4736 3960
f 3545 3958 3960
f 3956 5907 3958
f 3543 3956 3958
f 3944 4724 3946
f 3531 3944 3946
f 3942 5905 3944
f 3529 3942 3944
f 3922 4704 3924
f 3509 3922 3924
f 3920 5903 3922
f 3507 3920 3922
f 3918 5902 3920
f 4902 4770 2371
f 3060 4902 2371
f 3505 3918 3920
f 3910 4695 3912
f 3497 3910 3912
f 3908 5900 3910
f 3495 3908 3910
f 3906 5899 3908
f 3493 3906 3908
f 3904 5898 3906
f 3253 2409 5551
f 3491 3904 3906
f 3884 4673 3886
f 3471 3884 3886
f 1624 5577 7778
f 7778 5430 1624
f 3882 5896 3884
f 3469 3882 3884
f 3453 3452 3066
f 6396 3453 3066
f 1676 9615 1675
f 6997 1652 1651
f 6998 6997 6706
f 6996 1650 6995
f 1674 9614 1673
f 6995 1650 1649
f 2395 3159 215
f 3159 214 215
f 6908 2981 2982
f 6996 6995 6704
f 2981 2216 2982
f 6064 2728 2727
f 6994 1648 6993
f 6993 1648 1647
f 9304 8194 9073
f 8194 9000 9073
f 3599 9304 9073
f 3599 9073 9315
f 3205 3296 3229
f 3296 2414 3229
f 5424 3195 5229
f 3195 5424 3192
f 6061 2784 2726
f 5424 1594 2373
f 6994 6993 6702
f 3288 3604 4775
f 3604 3288 3146
f 6992 1646 6991
f 1672 9613 1671
f 5545 8824 5540
f 3567 5545 5540
f 5435 8715 5437
f 3460 5435 5437
f 169 1613 4658
f 170 4658 3147
f 4658 170 169
f 6991 1646 1645
f 6992 6991 6700
f 6065 2729 2728
f 2728 2729 3331
f 6063 2785 2784
f 2784 2785 3386
f 5757 4901 5412
f 6990 1644 6989
f 1670 9612 1669
f 2371 5727 3060
f 6066 2730 2729
f 1590 3316 3292
f 2729 2730 3332
f 6119 2786 2785
f 2785 2786 3387
f 6067 2731 2730
f 7990 7989 6917
f 6120 2787 2786
f 7989 6743 7035
f 3072 5749 2373
f 6068 2732 2731
f 7990 6743 7989
f 6121 2788 2787
f 8015 7061 6768
f 6069 2733 2732
f 8016 8015 6943
f 6122 2789 2788
f 8015 6769 7061
f 6172 2839 2838
f 8016 6769 8015
f 6070 2734 2733
f 7964 7010 6718
f 6123 2790 2789
f 7965 7964 6892
f 6071 2735 2734
f 7964 6719 7010
f 6124 2791 2790
f 7965 6719 7964
f 6072 2736 2735
f 7934 6980 6688
f 6125 2792 2791
f 7935 7934 6862
f 6171 2838 2837
f 7934 6689 6980
f 6170 2837 2836
f 7935 6689 7934
f 6169 2836 2835
f 7970 7016 6724
f 6168 2835 2834
f 7971 7970 6898
f 6167 2834 2833
f 7970 6725 7016
f 6166 2833 2832
f 7971 6725 7970
f 6165 2832 2831
f 7974 7020 6728
f 6164 2831 2830
f 7975 7974 6902
f 6163 2830 2829
f 7974 6729 7020
f 6162 2829 2828
f 7975 6729 7974
f 6161 2828 2827
f 8027 7073 6780
f 6160 2827 2826
f 8028 8027 6955
f 6159 2826 2825
f 8027 6781 7073
f 6158 2825 2824
f 8028 6781 8027
f 6157 2824 2823
f 7997 7043 6750
f 6156 2823 2822
f 7998 7997 6925
f 6155 2822 2821
f 7997 6751 7043
f 6154 2821 2820
f 7998 6751 7997
f 6153 2820 2819
f 7972 7018 6726
f 6152 2819 2818
f 7973 7972 6900
f 6151 2818 2817
f 7972 6727 7018
f 6150 2817 2816
f 7973 6727 7972
f 6149 2816 2815
f 7954 7000 6708
f 6148 2815 2814
f 7955 7954 6882
f 6147 2814 2813
f 7954 6709 7000
f 6146 2813 2812
f 7955 6709 7954
f 6145 2812 2811
f 7944 6990 6698
f 6144 2811 2810
f 7945 7944 6872
f 6143 2810 2809
f 7944 6699 6990
f 6142 2809 2808
f 7945 6699 7944
f 6141 2808 2807
f 8007 7053 6760
f 6140 2807 2806
f 8008 8007 6935
f 6139 2806 2805
f 8007 6761 7053
f 6138 2805 2804
f 8008 6761 8007
f 6137 2804 2803
f 7932 6978 6686
f 6136 2803 2802
f 7933 7932 6860
f 6135 2802 2801
f 7932 6687 6978
f 6134 2801 2800
f 7933 6687 7932
f 6133 2800 2799
f 7962 7008 6716
f 6132 2799 2798
f 7963 7962 6890
f 6131 2798 2797
f 7962 6717 7008
f 6130 2797 2796
f 7963 6717 7962
f 6129 2796 2795
f 7936 6982 6690
f 6128 2795 2794
f 7937 7936 6864
f 6127 2794 2793
f 7936 6691 6982
f 6126 2793 2792
f 7937 6691 7936
f 6117 2781 2780
f 8005 7051 6758
f 6116 2780 2779
f 8006 8005 6933
f 6115 2779 2778
f 8005 6759 7051
f 6114 2778 2777
f 8006 6759 8005
f 6113 2777 2776
f 8025 7071 6778
f 6112 2776 2775
f 8026 8025 6953
f 6111 2775 2774
f 8025 6779 7071
f 6110 2774 2773
f 8026 6779 8025
f 6109 2773 2772
f 8585 4763 9076
f 5760 9076 4763
f 5758 5404 2365
f 7956 7002 6710
f 6108 2772 2771
f 6989 1644 1643
f 7957 7956 6884
f 5573 3181 5097
f 6107 2771 2770
f 6990 6989 6698
f 7956 6711 7002
f 6988 1642 6987
f 1668 9611 1667
f 5242 3736 4350
f 4350 3736 8962
f 3736 5242 6661
f 6106 2770 2769
f 5735 7770 4387
f 5735 3252 7770
f 7770 3252 3241
f 2222 5407 3600
f 9362 10300 9361
f 5407 2855 3600
f 6237 1786 8188
f 2029 4665 7600
f 6987 1642 1641
f 5269 5578 1556
f 5565 5578 5269
f 5565 5269 3106
f 6673 4637 9332
f 7797 9332 4637
f 6988 6987 6696
f 6673 9332 5267
f 2355 6676 7626
f 7957 6711 7956
f 6176 3574 4651
f 6105 2769 2768
f 3574 6176 3726
f 4357 3579 6654
f 3579 3049 6654
f 7938 6984 6692
f 6104 2768 2767
f 7939 7938 6866
f 7938 6693 6984
f 6103 2767 2766
f 7939 6693 7938
f 6102 2766 2765
f 8023 7069 6776
f 6101 2765 2764
f 8024 8023 6951
f 6100 2764 2763
f 8023 6777 7069
f 6099 2763 2762
f 8024 6777 8023
f 6098 2762 2761
f 7958 7004 6712
f 6097 2761 2760
f 7959 7958 6886
f 6096 2760 2759
f 7958 6713 7004
f 6095 2759 2758
f 7959 6713 7958
f 6094 2758 2757
f 8003 7049 6756
f 6093 2757 2756
f 8004 8003 6931
f 6092 2756 2755
f 8003 6757 7049
f 4769 3157 3986
f 6091 2755 2754
f 5741 2379 5095
f 8004 6757 8003
f 6090 2754 2753
f 7993 7039 6746
f 6089 2753 2752
f 6674 1786 4757
f 6986 1640 6985
f 1666 9610 1665
f 6662 3120 4107
f 7994 7993 6921
f 6088 2752 2751
f 3272 1762 2439
f 2439 1762 2423
f 7993 6747 7039
f 6087 2751 2750
f 7994 6747 7993
f 8993 1618 3057
f 3119 8993 3057
f 2425 3057 1618
f 5549 4654 4902
f 4654 2425 4902
f 3305 1745 4957
f 6086 2750 2749
f 7966 7012 6720
f 6085 2749 2748
f 7967 7966 6894
f 6084 2748 2747
f 7966 6721 7012
f 6083 2747 2746
f 7967 6721 7966
f 6677 5427 2357
f 3111 6677 2357
f 6677 3111 4103
f 6082 2746 2745
f 7991 7037 6744
f 6081 2745 2744
f 7992 7991 6919
f 6080 2744 2743
f 3092 5561 4766
f 7991 6745 7037
f 2446 4766 5561
f 6079 2743 2742
f 7992 6745 7991
f 6078 2742 2741
f 7940 6986 6694
f 6077 2741 2740
f 7941 7940 6868
f 6076 2740 2739
f 7940 6695 6986
f 6075 2739 2738
f 7941 6695 7940
f 6074 2738 2737
f 7987 7033 6740
f 6073 2737 2736
f 7988 7987 6915
f 6118 2782 2781
f 2781 2782 3384
f 6985 1640 1639
f 5575 5421 5547
f 6986 6985 6694
f 6984 1638 6983
f 5554 5705 3094
f 4652 5705 5554
f 1664 9609 1663
f 3460 3875 3458
f 5435 3460 3458
f 3567 3982 3570
f 5545 3567 3570
f 3982 5913 5914
f 3982 5914 3985
f 3570 3982 3985
f 6847 4629 6233
f 3875 5893 5915
f 3875 5915 3873
f 3458 3875 3873
f 2394 5548 3311
f 2359 3311 5548
f 6846 4627 6232
f 5548 3249 2359
f 7776 9317 8966
f 9317 3451 3071
f 3071 8966 9317
f 6983 1638 1637
f 6845 4625 6231
f 6984 6983 6692
f 7024 1678 7023
f 6968 3042 2984
f 1662 9608 1661
f 7678 10708 7679
f 6844 4623 6230
f 7023 1678 1677
f 9484 2926 2927
f 7024 7023 6732
f 2926 2104 2927
f 7987 6741 7033
f 6843 4621 6229
f 8982 4945 5255
f 7657 10300 7658
f 7988 6741 7987
f 1660 9607 1659
f 2927 2106 2928
f 6842 4619 6228
f 7995 7041 6748
f 3110 4945 8982
f 3037 2111 3038
f 7996 7995 6923
f 4945 5282 5255
f 6841 4617 6227
f 3036 2109 3037
f 7995 6749 7041
f 7031 1690 7030
f 3035 2115 3036
f 7996 6749 7995
f 6840 4615 6226
f 1658 9606 1657
f 3034 2113 3035
f 7948 6994 6702
f 7030 1690 1689
f 9356 10307 9355
f 6839 4613 6225
f 7949 7948 6876
f 7031 7030 6738
f 9406 10699 10284
f 7948 6703 6994
f 6976 1630 6975
f 6838 4611 6224
f 7651 10307 7652
f 7949 6703 7948
f 1656 9605 1655
f 9376 10305 9375
f 7960 7006 6714
f 6837 4609 6223
f 6975 1630 1629
f 10699 7704 10284
f 7961 7960 6888
f 6976 6975 6684
f 7671 10305 7672
f 6836 4607 6222
f 7960 6715 7006
f 3160 4646 8984
f 9366 10294 9365
f 7961 6715 7960
f 1654 9604 1653
f 6835 4605 6221
f 7704 10699 7705
f 8021 7067 6774
f 8984 4646 8190
f 7661 10294 7662
f 8022 8021 6949
f 6834 4603 6220
f 3046 2541 2843
f 9364 10299 9363
f 8021 6775 7067
f 3325 3046 2843
f 9430 10704 10289
f 6833 4601 6219
f 8022 6775 8021
f 1652 9603 1651
f 7659 10299 7660
f 7950 6996 6704
f 7026 1680 7025
f 6832 4599 6218
f 9405 10284 9404
f 7951 7950 6878
f 7025 1680 1679
f 10704 7728 10289
f 7950 6705 6996
f 6831 4597 6217
f 2406 5750 2409
f 7951 6705 7950
f 7703 10284 7704
f 8031 7077 6784
f 1650 9602 1649
f 5744 2410 4772
f 9431 10288 9430
f 6830 4595 6216
f 8032 8031 6959
f 7081 1740 7080
f 7728 10704 7729
f 8031 6785 7077
f 7080 1740 1739
f 6829 4593 6215
f 7729 10288 7730
f 8032 6785 8031
f 7081 7080 6788
f 9350 10302 9349
f 8001 7047 6754
f 6828 4591 6214
f 1648 9601 1647
f 9404 10702 10287
f 8002 8001 6929
f 9794 8463 8464
f 7645 10302 7646
f 8001 6755 7047
f 6827 4589 6213
f 8002 6755 8001
f 9403 10287 9402
f 7968 7014 6722
f 9794 3441 3328
f 10702 7702 10287
f 6826 4587 6212
f 7969 7968 6896
f 1646 9600 1645
f 7701 10287 7702
f 7968 6723 7014
f 3142 9470 5233
f 6825 4585 6211
f 9348 10308 9347
f 7969 6723 7968
f 9470 3142 9455
f 7702 10702 7703
f 2419 1590 3269
f 8013 7059 6766
f 7643 10308 7644
f 9401 10290 9400
f 8014 8013 6941
f 1644 9599 1643
f 6824 4583 6210
f 9381 10709 10303
f 8013 6767 7059
f 8014 6767 8013
f 7699 10290 7700
f 7930 6976 6684
f 4945 1748 5282
f 9433 10286 9432
f 6823 4581 6209
f 7931 7930 6858
f 5233 240 241
f 10709 7676 10303
f 7930 6685 6976
f 1642 9598 1641
f 7731 10286 7732
f 7931 6685 7930
f 6822 4579 6208
f 5233 1777 240
f 9346 10311 9345
f 8019 7065 6772
f 2427 5233 241
f 7676 10709 7677
f 8020 8019 6947
f 6821 4577 6207
f 4950 1607 1754
f 7641 10311 7642
f 8019 6773 7065
f 8020 6773 8019
f 1640 9597 1639
f 10269 9439 9440
f 5736 4773 7786
f 6820 4573 6206
f 5736 7786 3051
f 7976 7022 6730
f 1607 4950 5431
f 5748 1597 3174
f 7738 10269 9440
f 6819 4571 6205
f 7977 7976 6904
f 1607 5431 3215
f 9399 10310 9398
f 7976 6731 7022
f 2405 3312 3290
f 3981 4753 3979
f 6818 4569 6204
f 4925 5722 3131
f 5235 3131 5722
f 9371 10710 10291
f 7977 6731 7976
f 7201 3744 3072
f 6817 4567 6203
f 3744 1905 3072
f 1638 9596 1637
f 7199 1683 7628
f 2852 6372 3094
f 3573 2852 3094
f 6816 4565 6202
f 7207 3097 1748
f 4945 7207 1748
f 6356 1901 8185
f 1901 2721 8185
f 7697 10310 7698
f 6815 4563 6201
f 7942 6988 6696
f 3564 3981 3979
f 9676 8850 3627
f 9435 10309 9434
f 1609 3076 7761
f 4929 1743 8957
f 1743 8321 4644
f 1743 4644 8957
f 5746 3294 3140
f 7943 7942 6870
f 4901 7330 5412
f 6814 4561 6200
f 1696 9616 1695
f 2372 5286 2366
f 5286 2372 5725
f 3089 2372 2366
f 10710 7666 10291
f 8584 6045 9075
f 6813 4559 6199
f 5761 9075 6045
f 6177 6669 7332
f 7942 6697 6988
f 9327 3081 5920
f 8830 5920 3081
f 6812 4557 6198
f 5239 1609 7761
f 7733 10309 7734
f 4384 6656 3080
f 7943 6697 7942
f 5732 3076 1609
f 6811 4555 6197
f 4965 1760 5414
f 9344 10313 9343
f 5414 3087 4965
f 8033 7079 6786
f 5572 3059 2444
f 6810 4553 6196
f 10740 4346 9933
f 8034 8033 6961
f 1636 9638 1635
f 7639 10313 7640
f 8033 6787 7079
f 6809 4551 6195
f 5582 5572 4913
f 6641 10567 6640
f 8034 6787 8033
f 4913 5572 2444
f 10567 5220 6640
f 6808 4549 6194
f 3119 3158 4900
f 3158 5724 3092
f 5724 2350 3092
f 7978 7024 6732
f 2420 1557 2429
f 2386 2447 3164
f 5220 10567 5221
f 6807 4547 6193
f 8327 8453 4511
f 7979 7978 6906
f 1634 9640 1633
f 2979 2212 2980
f 7978 6733 7024
f 6806 4545 6192
f 7979 6733 7978
f 2447 2386 2424
f 2978 2208 2979
f 7985 7031 6738
f 3211 3185 5260
f 6805 4543 6191
f 2977 2206 2978
f 7986 7985 6913
f 3174 3211 5260
f 2976 2202 2977
f 7985 6739 7031
f 6804 4541 6190
f 1694 9639 1693
f 2975 2204 2976
f 7986 6739 7985
f 6525 3078 5275
f 2974 2198 2975
f 6803 4539 6189
f 1777 5098 3214
f 5240 6525 5275
f 2973 2200 2974
f 3136 5098 1777
f 6673 9300 1586
f 2972 2196 2973
f 6802 4537 6188
f 5098 5432 3214
f 1632 9642 1631
f 2971 2192 2972
f 6973 1627 6972
f 9293 6673 1586
f 6801 4535 6187
f 2970 2194 2971
f 6972 1627 1626
f 3299 5234 3203
f 2969 2190 2970
f 6973 6972 6681
f 6800 4533 6186
f 2382 3299 3203
f 2968 2186 2969
f 6244 8071 8073
f 1692 9641 1691
f 2967 2188 2968
f 6799 4531 6185
f 6355 8071 6244
f 5429 2416 5574
f 2966 2182 2967
f 6355 6244 7195
f 2416 3184 5574
f 2965 2184 2966
f 6798 4529 6184
f 6236 4764 3101
f 5264 3114 3096
f 2964 2178 2965
f 3080 6236 3101
f 1680 9663 1679
f 2963 2180 2964
f 6797 4527 6183
f 4142 5011 5013
f 3096 6382 5264
f 2962 2176 2963
f 5011 7244 5013
f 5239 8831 1784
f 6796 4525 6182
f 2961 2172 2962
f 5619 5011 4142
f 8831 1782 1784
f 2960 2174 2961
f 3261 2401 4965
f 5011 5619 4136
f 6795 4523 6181
f 1630 9645 1629
f 2959 2168 2960
f 4180 5049 5051
f 5734 8968 3165
f 2958 2170 2959
f 6794 4521 6180
f 8968 3122 3165
f 5049 7282 5051
f 8581 9793 9726
f 2957 2164 2958
f 5657 5049 4180
f 1690 9644 1689
f 2956 2166 2957
f 5049 5657 4174
f 9793 5762 9726
f 2955 2160 2956
f 4138 5007 5009
f 5762 9793 5881
f 2954 2162 2955
f 5007 7240 5009
f 8949 5276 6516
f 2953 2156 2954
f 5615 5007 4138
f 1740 9650 1739
f 2952 2158 2953
f 5007 5615 4132
f 5276 3077 6516
f 2951 2154 2952
f 4176 5045 5047
f 4961 3102 5572
f 4921 3102 4961
f 3580 5243 1595
f 2950 2152 2951
f 5045 7278 5047
f 3985 6369 5889
f 2949 2148 2950
f 5653 5045 4176
f 5889 4363 3985
f 2948 2150 2949
f 5045 5653 4170
f 3102 5263 5572
f 2947 2144 2948
f 4202 5073 5075
f 4937 8058 4649
f 2946 2146 2947
f 5073 7304 5075
f 6375 4915 8052
f 2945 2142 2946
f 5681 5073 4202
f 2412 6375 8052
f 2944 2140 2945
f 206 3218 205
f 5073 5681 4198
f 9441 8709 8710
f 2943 2138 2944
f 4136 5009 5011
f 5009 7238 5011
f 1907 5281 6520
f 5281 1907 3068
f 1623 2921 7757
f 8710 9443 9441
f 2942 2134 2943
f 9443 7740 9441
f 5617 5009 4136
f 5893 3875 3877
f 3875 3460 3877
f 2941 2136 2942
f 4926 3194 3082
f 5009 5617 4138
f 3060 5727 2377
f 5727 4662 2377
f 2940 2130 2941
f 5564 2377 4662
f 4174 5047 5049
f 5427 6053 8586
f 6053 5427 6677
f 1591 5427 8586
f 6514 5707 8960
f 2939 2132 2940
f 5047 7276 5049
f 5707 166 8960
f 8041 4349 3043
f 4776 4923 4950
f 2938 2126 2939
f 5655 5047 4174
f 2843 2841 3045
f 2937 2128 2938
f 5047 5655 4176
f 4776 2358 4636
f 4636 2358 1746
f 3264 1589 3236
f 1557 3264 3236
f 6175 2841 2843
f 6359 3098 3149
f 5913 3982 3980
f 2936 2122 2937
f 4134 5003 5005
f 3982 3567 3980
f 1499 7601 7577
f 2935 2124 2936
f 5003 7236 5005
f 7601 5893 7577
f 2934 2118 2935
f 5611 5003 4134
f 7601 1499 1563
f 2933 2120 2934
f 5003 5611 4128
f 5259 5746 3140
f 5228 5259 3140
f 2932 2116 2933
f 4172 5041 5043
f 9456 5231 6387
f 2931 2112 2932
f 5041 7274 5043
f 2228 9456 4960
f 2930 2114 2931
f 5649 5041 4172
f 2228 5231 9456
f 2929 2108 2930
f 5041 5649 4166
f 2543 1626 1625
f 2928 2110 2929
f 4194 5063 5065
f 5063 7296 5065
f 3038 2107 3039
f 5671 5063 4194
f 6391 4514 4397
f 2980 2210 2981
f 4659 2851 3320
f 2851 6851 3320
f 4514 2219 4397
f 3664 9663 3665
f 1551 7622 7598
f 7622 5913 7598
f 7805 2843 2541
f 7622 1551 1584
f 5063 5671 4188
f 9437 10314 9436
f 1785 8592 7331
f 7331 8592 1903
f 7331 4355 1785
f 3450 3322 8580
f 3322 3046 8580
f 5712 2849 3301
f 9389 10750 10271
f 6589 10514 10605
f 5220 10744 5219
f 10514 5169 10605
f 5105 7203 8318
f 386 5105 8318
f 4122 4993 4995
f 3259 5232 5422
f 3039 2105 3040
f 3113 5231 6659
f 3113 6659 5274
f 4659 3113 5274
f 1754 3259 5422
f 4390 7789 4978
f 2844 2422 5103
f 10501 5216 10673
f 6533 2611 6534
f 4338 10501 10673
f 6642 2666 6588
f 4978 3594 4390
f 7765 5562 2222
f 7666 10710 7667
f 3167 7765 2222
f 7735 10314 7736
f 4973 6652 7788
f 4771 7788 6652
f 7788 3054 4973
f 4928 8973 9311
f 8053 8973 1619
f 4928 1619 8973
f 3968 4742 3970
f 3555 3968 3970
f 3914 4697 3916
f 3501 3914 3916
f 9397 10312 9396
f 6641 2719 6532
f 6535 10525 10604
f 6586 2664 6587
f 10740 5242 4350
f 3878 4667 3880
f 7695 10312 7696
f 6534 2612 6535
f 9395 10486 9394
f 6588 2667 6589
f 10525 5113 10604
f 6639 2718 6640
f 5218 6638 6639
f 6638 2717 6639
f 9373 10713 10295
f 6637 2716 6638
f 7693 10486 7694
f 6636 2715 6637
f 2986 10518 10507
f 6635 2714 6636
f 10518 2211 10507
f 6634 2713 6635
f 8463 10536 9728
f 6633 2712 6634
f 10536 5766 9728
f 6632 2711 6633
f 5766 10536 5764
f 6631 2710 6632
f 10713 7668 10295
f 6630 2709 6631
f 7668 10713 7669
f 6629 2708 6630
f 9379 10716 10301
f 6628 2707 6629
f 10716 7674 10301
f 6627 2706 6628
f 5771 10601 10047
f 6626 2705 6627
f 8469 10601 10031
f 6625 2704 6626
f 10601 8469 10047
f 6624 2703 6625
f 10601 5771 10031
f 6623 2702 6624
f 4686 10600 9661
f 6622 2701 6623
f 9220 10600 4684
f 6621 2700 6622
f 10600 9220 9661
f 6620 2699 6621
f 10600 4686 4684
f 6619 2698 6620
f 10687 2538 4954
f 6618 2697 6619
f 10687 6392 9473
f 6617 2696 6618
f 6392 10687 4954
f 6616 2695 6617
f 2538 10687 9473
f 6615 2694 6616
f 4700 10599 9588
f 6614 2693 6615
f 9235 10599 4698
f 6613 2692 6614
f 10599 9235 9588
f 6612 2691 6613
f 10599 4700 4698
f 6611 2690 6612
f 10598 2129 2123
f 6610 2689 6611
f 10598 3029 3028
f 6609 2688 6610
f 3029 10598 2123
f 6608 2687 6609
f 2129 10598 3028
f 6607 2686 6608
f 10597 2121 2117
f 6606 2685 6607
f 10597 3033 3032
f 6605 2684 6606
f 3033 10597 2117
f 6604 2683 6605
f 2121 10597 3032
f 6603 2682 6604
f 4745 10596 9591
f 6602 2681 6603
f 9278 10596 4743
f 6601 2680 6602
f 10596 9278 9591
f 6600 2679 6601
f 10596 4745 4743
f 6599 2678 6600
f 10595 2185 2179
f 6598 2677 6599
f 10595 3001 3000
f 6597 2676 6598
f 3001 10595 2179
f 6596 2675 6597
f 2185 10595 3000
f 6595 2674 6596
f 10594 2133 2127
f 6594 2673 6595
f 10594 3027 3026
f 6593 2672 6594
f 3027 10594 2127
f 6592 2671 6593
f 2133 10594 3026
f 6591 2670 6592
f 10593 2181 2177
f 6590 2669 6591
f 10593 3003 3002
f 6589 2668 6590
f 3003 10593 2177
f 6585 2663 6586
f 2181 10593 3002
f 6584 2662 6585
f 10592 2125 2119
f 6583 2661 6584
f 10592 3031 3030
f 6582 2660 6583
f 3031 10592 2119
f 6581 2659 6582
f 2125 10592 3030
f 6580 2658 6581
f 4729 10591 9593
f 6579 2657 6580
f 9262 10591 4727
f 6578 2656 6579
f 10591 9262 9593
f 6577 2655 6578
f 10591 4729 4727
f 6576 2654 6577
f 10590 2189 2183
f 6575 2653 6576
f 10590 2999 2998
f 6574 2652 6575
f 2999 10590 2183
f 6573 2651 6574
f 2189 10590 2998
f 6572 2650 6573
f 10589 2137 2131
f 6571 2649 6572
f 10589 3025 3024
f 6570 2648 6571
f 3025 10589 2131
f 6569 2647 6570
f 2137 10589 3024
f 6568 2646 6569
f 10588 2201 2197
f 6567 2645 6568
f 10588 2993 2992
f 6566 2644 6567
f 10750 7684 10271
f 6565 2643 6566
f 7674 10716 7675
f 6564 2642 6565
f 10587 2191 2187
f 6563 2641 6564
f 10587 2997 2996
f 6562 2640 6563
f 2997 10587 2187
f 6561 2639 6562
f 2191 10587 2996
f 6560 2638 6561
f 10586 2155 2153
f 6559 2637 6560
f 10586 3015 3014
f 6558 2636 6559
f 3015 10586 2153
f 6557 2635 6558
f 2155 10586 3014
f 6556 2634 6557
f 10585 2143 2141
f 6555 2633 6556
f 10585 3021 3020
f 6554 2632 6555
f 3021 10585 2141
f 6553 2631 6554
f 2143 10585 3020
f 6552 2630 6553
f 10584 3450 9925
f 6551 2629 6552
f 10584 5761 5885
f 6550 2628 6551
f 5761 10584 9925
f 6549 2627 6550
f 3450 10584 5885
f 6548 2626 6549
f 10583 2139 2135
f 6547 2625 6548
f 10583 3023 3022
f 6546 2624 6547
f 3023 10583 2135
f 6545 2623 6546
f 2139 10583 3022
f 6544 2622 6545
f 10582 2157 2159
f 6543 2621 6544
f 10582 3013 3012
f 6542 2620 6543
f 3013 10582 2159
f 6541 2619 6542
f 2157 10582 3012
f 6540 2618 6541
f 10581 2161 2163
f 6539 2617 6540
f 10581 3011 3010
f 6538 2616 6539
f 3011 10581 2163
f 2434 3307 211
f 3307 210 211
f 6537 2615 6538
f 2161 10581 3010
f 6536 2614 6537
f 10580 2165 2167
f 6535 2613 6536
f 10664 9248 9652
f 3465 3878 3880
f 8829 6654 3049
f 3306 210 209
f 1902 8829 3049
f 7684 10750 7685
f 210 3306 1558
f 5109 4343 5221
f 8610 10647 9344
f 5112 4233 5111
f 9345 10647 2865
f 5168 4289 5167
f 10580 3009 3008
f 10744 4341 5219
f 5165 5164 6587
f 5165 4286 5164
f 9359 10712 10298
f 4341 10744 4342
f 4713 10664 9652
f 10647 9345 9344
f 3009 10580 2167
f 2165 10580 3008
f 7799 2356 4903
f 10579 2169 2171
f 10579 3007 3006
f 3007 10579 2171
f 4368 5723 7798
f 5723 2373 7798
f 1594 7798 2373
f 5751 4948 3112
f 2169 10579 3006
f 10578 2173 2175
f 10578 3005 3004
f 3005 10578 2175
f 2173 10578 3004
f 10577 2145 2147
f 10577 3019 3018
f 3019 10577 2147
f 2145 10577 3018
f 10576 2193 2195
f 10576 2995 2994
f 2995 10576 2195
f 2193 10576 2994
f 10575 2149 2151
f 10575 3017 3016
f 3017 10575 2151
f 9314 1749 3244
f 2149 10575 3016
f 10483 6582 10492
f 10573 2205 2199
f 10572 3388 10059
f 3304 2435 209
f 2435 3304 2426
f 210 3304 209
f 10572 8521 9936
f 8521 10572 10059
f 2448 3198 190
f 1746 8985 7760
f 2854 8592 4644
f 7760 4636 1746
f 4644 8592 8957
f 7800 3576 4644
f 4644 3576 2854
f 3388 10572 9936
f 5824 10571 10051
f 3198 2448 4966
f 8522 10571 10042
f 10571 8522 10051
f 10571 5824 10042
f 10570 6585 6586
f 5163 10570 6586
f 10569 4099 3753
f 10569 7631 3755
f 7631 10569 3753
f 3186 5230 1593
f 9336 8711 8602
f 5923 4967 4944
f 2361 4944 4967
f 4944 3318 5923
f 4099 10569 3755
f 5760 10568 9802
f 3165 3085 4975
f 5280 2354 2225
f 8186 3111 4762
f 3111 8186 4103
f 2225 2354 3160
f 4354 7626 6676
f 8577 10568 8579
f 10568 8577 9802
f 4354 6676 4974
f 5425 3140 3294
f 10568 5760 8579
f 3140 5425 2374
f 4919 3140 2374
f 10567 6641 6532
f 5738 3582 3596
f 10545 2993 10588
f 4369 10566 3168
f 7623 10566 7789
f 10566 7623 3168
f 3593 6660 3047
f 3152 8461 3085
f 3075 8461 3152
f 8461 2227 3085
f 2227 8461 4905
f 2454 3074 3133
f 3074 3117 3133
f 10566 4369 7789
f 10565 3444 9326
f 10565 8582 3443
f 8582 10565 9326
f 3444 10565 3443
f 2347 4979 5093
f 8320 10564 3142
f 8602 9446 9336
f 9455 10564 3101
f 10564 9455 3142
f 7196 7572 6356
f 1900 7196 6356
f 1908 7325 8191
f 7325 1908 4226
f 10564 8320 3101
f 3187 10563 5563
f 8594 10563 4938
f 3301 4954 2538
f 9446 7632 9336
f 3223 3218 3254
f 10563 8594 5563
f 10563 3187 4938
f 4759 3319 2354
f 2533 7787 2602
f 1770 3223 3254
f 10562 4234 5112
f 10562 5113 4235
f 382 8585 9076
f 5113 10562 5112
f 4234 10562 4235
f 10561 4972 5757
f 5236 3155 4918
f 10561 5412 3134
f 5412 10561 5757
f 6656 6236 3080
f 3064 3133 3117
f 2403 3064 3117
f 3117 3152 2403
f 4972 10561 3134
f 1686 3609 1685
f 3383 10560 10253
f 9675 9747 8848
f 8518 10560 9808
f 10560 8518 10253
f 2572 1686 1685
f 10560 3383 9808
f 10559 4284 5162
f 10559 5163 4285
f 5163 10559 5162
f 4925 7599 5722
f 2531 7599 4925
f 4993 7224 4995
f 5251 4665 7327
f 4284 10559 4285
f 4665 2029 7327
f 10558 3600 4106
f 9337 8657 8713
f 10558 4360 2222
f 8713 9335 9337
f 4360 10558 4106
f 9335 7743 9337
f 3600 10558 2222
f 1756 5410 3125
f 10557 2117 2113
f 4932 4970 5752
f 10557 3034 3033
f 3125 3130 1756
f 3034 10557 2113
f 5719 4939 1600
f 8587 2540 8050
f 2117 10557 3033
f 1600 4939 5272
f 10647 8610 2865
f 4939 1598 5272
f 8666 10646 9397
f 9643 9286 9285
f 9398 10646 2895
f 9643 4750 4753
f 10646 9398 9397
f 4750 9643 9285
f 10556 2988 9904
f 8808 5528 8814
f 3160 3105 4646
f 3105 2367 4646
f 10556 6912 9820
f 8814 2331 8808
f 6912 10556 9904
f 8788 5508 8794
f 2988 10556 9820
f 8794 2311 8788
f 10555 3726 1683
f 8728 5448 8734
f 10555 7746 4765
f 8734 2251 8728
f 7746 10555 1683
f 8754 5474 8760
f 3726 10555 4765
f 8760 2277 8754
f 10554 2195 2191
f 8766 5486 8772
f 10554 2996 2995
f 8772 2289 8766
f 2996 10554 2191
f 2195 10554 2995
f 10553 2159 2155
f 8750 5470 8752
f 9254 10671 9657
f 5164 4285 5163
f 8752 2271 8750
f 10553 3014 3013
f 3014 10553 2155
f 8748 5468 8750
f 2159 10553 3013
f 8750 2269 8748
f 10552 2163 2157
f 10552 3012 3011
f 3012 10552 2157
f 8816 5536 8818
f 2163 10552 3011
f 1612 169 3288
f 170 3288 169
f 8818 2337 8816
f 10551 2167 2161
f 10551 3010 3009
f 3010 10551 2161
f 8762 5482 8764
f 250 3287 251
f 3119 3057 2368
f 1610 251 3287
f 2167 10551 3009
f 8764 2283 8762
f 10550 2147 2143
f 5737 3260 183
f 10550 3020 3019
f 5601 4993 4122
f 3020 10550 2143
f 5737 3216 5433
f 2147 10550 3019
f 4993 5601 4118
f 4648 7756 7757
f 7756 1623 7757
f 10549 2171 2165
f 8818 5538 8822
f 10549 3008 3007
f 8822 2339 8818
f 2438 2359 3244
f 3061 2438 3244
f 3008 10549 2165
f 8764 5484 8768
f 2171 10549 3007
f 10548 2175 2169
f 8768 2285 8764
f 10548 3006 3005
f 3006 10548 2169
f 8752 5472 8756
f 2175 10548 3005
f 8756 2273 8752
f 10547 2151 2145
f 8800 5520 8804
f 10547 3018 3017
f 8804 2321 8800
f 3018 10547 2145
f 2151 10547 3017
f 10546 2177 2173
f 8786 5506 8790
f 10546 3004 3003
f 3004 10546 2173
f 2177 10546 3003
f 8790 2307 8786
f 10545 2197 2193
f 8726 5446 8730
f 5747 2224 3073
f 3053 3073 2224
f 10545 2994 2993
f 8730 2247 8726
f 2994 10545 2193
f 8806 5526 8810
f 2197 10545 10588
f 8810 2327 8806
f 10544 2127 2129
f 5096 5753 2357
f 4643 8451 8456
f 10544 3028 3027
f 8456 6046 4643
f 3028 10544 2129
f 5886 4643 6046
f 2127 10544 3027
f 8804 5524 8802
f 10543 2141 2139
f 8982 5255 2453
f 10543 3022 3021
f 8802 2323 8804
f 3022 10543 2139
f 8790 5510 8788
f 2141 10543 3021
f 8788 2309 8790
f 10542 2153 2149
f 8730 5450 8728
f 10542 3016 3015
f 8728 2249 8730
f 3016 10542 2149
f 8822 5542 8820
f 2153 10542 3015
f 8820 2341 8822
f 10541 2179 2181
f 8810 5530 8808
f 10541 3002 3001
f 8808 2329 8810
f 3002 10541 2181
f 9594 9271 9270
f 2179 10541 3001
f 9594 4737 4739
f 10540 2123 2125
f 4737 9594 9270
f 10540 3030 3029
f 8768 5488 8766
f 3030 10540 2125
f 8766 2287 8768
f 2404 5558 5269
f 5269 1556 2404
f 2123 10540 3029
f 8756 5476 8754
f 10539 2183 2185
f 8754 2275 8756
f 10539 3000 2999
f 232 3268 233
f 3000 10539 2185
f 3268 2443 233
f 2183 10539 2999
f 3279 3268 232
f 10538 4290 5168
f 8784 5504 8782
f 10538 5169 4291
f 8782 2303 8784
f 5169 10538 5168
f 8746 5466 8744
f 4290 10538 4291
f 8744 2265 8746
f 10537 2131 2133
f 8798 5518 8796
f 10537 3026 3025
f 8796 2317 8798
f 3026 10537 2133
f 8814 5534 8812
f 2131 10537 3025
f 8812 2333 8814
f 10536 8463 9726
f 8760 5480 8758
f 5764 10536 9726
f 8758 2279 8760
f 10535 2119 2121
f 8742 5462 8740
f 10535 3032 3031
f 8740 2261 8742
f 3032 10535 2121
f 8780 5500 8778
f 2119 10535 3031
f 8778 2299 8780
f 10534 2187 2189
f 8738 5458 8736
f 10534 2998 2997
f 8736 2257 8738
f 2998 10534 2189
f 8776 5496 8774
f 2187 10534 2997
f 8774 2295 8776
f 10533 3333 10063
f 8794 5514 8792
f 10533 8468 10037
f 8792 2313 8794
f 8468 10533 10063
f 8734 5454 8732
f 3333 10533 10037
f 8732 2253 8734
f 10532 2135 2137
f 8772 5492 8770
f 10532 3024 3023
f 8770 2291 8772
f 3024 10532 2137
f 9588 9233 9232
f 2135 10532 3023
f 9588 4696 4700
f 4696 9588 9232
f 10531 2199 2201
f 9589 9243 9242
f 10531 2992 2991
f 9589 4705 4709
f 10712 7654 10298
f 4705 9589 9242
f 5160 10483 10492
f 8724 5444 8722
f 2207 10530 10502
f 8722 2243 8724
f 10530 2989 10502
f 9591 9276 9275
f 10530 2207 2203
f 9591 4741 4745
f 10529 5109 6532
f 4741 9591 9275
f 10529 6530 5107
f 2363 8982 2453
f 6530 10529 6532
f 7456 3744 7201
f 3734 7456 7201
f 5109 10529 5107
f 10646 8666 2895
f 5757 6388 2922
f 6388 3580 2922
f 1682 3666 7780
f 8612 10645 9346
f 9592 9212 9211
f 9347 10645 2866
f 4140 5013 5015
f 10645 9347 9346
f 7794 1744 4660
f 3095 2382 5252
f 4948 3095 5252
f 5427 4906 5096
f 2357 5427 5096
f 6237 8188 1901
f 10528 4235 5113
f 3096 4348 7767
f 3096 4910 4348
f 3099 8063 4973
f 2604 7326 6657
f 10528 5114 4236
f 3453 8599 3452
f 10671 4719 9657
f 4364 3452 8599
f 5114 10528 5113
f 9592 4674 4678
f 4235 10528 4236
f 1685 3723 7782
f 5013 7242 5015
f 7800 4644 8321
f 6908 2982 6965
f 7925 6908 6965
f 6853 3742 8978
f 3124 8978 3742
f 10527 2203 2205
f 3059 5572 5263
f 4674 9592 9211
f 3254 3274 1770
f 9728 8464 8463
f 3151 5713 9309
f 5713 1904 9309
f 8259 4578 8260
f 8205 4522 8206
f 10527 2990 2989
f 5621 5013 4140
f 7980 6907 6908
f 5013 5621 4142
f 4514 6391 5711
f 6391 3987 5711
f 9593 9260 9259
f 9593 4725 4729
f 9031 6647 7752
f 4638 8040 5728
f 8035 6962 6963
f 4762 8316 2922
f 8316 2923 2922
f 5728 7198 4638
f 4762 3111 9001
f 3111 2357 9001
f 4178 5051 5053
f 8034 6961 6962
f 5051 7280 5053
f 10645 8612 2866
f 4397 2219 2214
f 8033 6960 6961
f 5659 5051 4178
f 3321 4661 6667
f 2351 3321 6667
f 9729 8575 8578
f 8032 6959 6960
f 5051 5659 4180
f 4132 5005 5007
f 5005 7234 5007
f 8031 6958 6959
f 5613 5005 4132
f 8030 6957 6958
f 5005 5613 4134
f 3176 2434 212
f 2434 211 212
f 3098 6359 5555
f 4640 3098 5555
f 7790 5411 2844
f 7202 5411 7790
f 8029 6956 6957
f 4725 9593 9259
f 3078 3604 3146
f 5240 5244 8946
f 4170 5043 5045
f 8028 6955 6956
f 5043 7272 5045
f 8027 6954 6955
f 5651 5043 4170
f 3146 5731 3078
f 8026 6953 6954
f 5043 5651 4172
f 8025 6952 6953
f 4192 5065 5067
f 5878 9729 8578
f 8024 6951 6952
f 5065 7294 5067
f 9001 5753 3083
f 5103 9001 3083
f 3078 5731 5275
f 8023 6950 6951
f 5673 5065 4192
f 8022 6949 6950
f 5065 5673 4194
f 8021 6948 6949
f 8718 5438 8724
f 4146 5017 5019
f 8020 6947 6948
f 5017 7248 5019
f 2408 5273 2401
f 2390 1762 3272
f 2856 7793 2374
f 8019 6946 6947
f 8724 2241 8718
f 5625 5017 4146
f 8018 6945 6946
f 5017 5625 4144
f 5569 3195 3192
f 8017 6944 6945
f 4214 5085 5087
f 8016 6943 6944
f 5085 7316 5087
f 8015 6942 6943
f 5693 5085 4214
f 8014 6941 6942
f 5085 5693 4212
f 8013 6940 6941
f 4160 5031 5033
f 8012 6939 6940
f 5031 7262 5033
f 7756 4648 4393
f 4648 4971 4393
f 8011 6938 6939
f 5639 5031 4160
f 8010 6937 6938
f 5031 5639 4158
f 5579 4663 1743
f 8009 6936 6937
f 4200 5069 5071
f 3305 2360 4773
f 2360 3155 4773
f 8008 6935 6936
f 5069 7302 5071
f 8007 6934 6935
f 8825 6665 8716
f 5677 5069 4200
f 8006 6933 6934
f 5069 5677 4196
f 8005 6932 6933
f 4186 5055 5057
f 8004 6931 6932
f 5055 7288 5057
f 8003 6930 6931
f 5663 5055 4186
f 8002 6929 6930
f 5579 3061 3244
f 5579 3244 1749
f 5055 5663 4182
f 8001 6928 6929
f 4126 4995 4997
f 8000 6927 6928
f 4995 7228 4997
f 7999 6926 6927
f 5603 4995 4126
f 7998 6925 6926
f 9800 8465 3456
f 9800 3442 3330
f 4995 5603 4122
f 7997 6924 6925
f 4206 5075 5077
f 7996 6923 6924
f 4920 3741 5408
f 3741 6658 3100
f 3741 3100 5408
f 5075 7308 5077
f 7995 6922 6923
f 5683 5075 4206
f 2235 8825 8716
f 9663 1680 1681
f 7994 6921 6922
f 5075 5683 4202
f 7993 6920 6921
f 4198 5071 5073
f 7992 6919 6920
f 5071 7300 5073
f 8323 2101 3586
f 6512 2101 8323
f 7991 6918 6919
f 5679 5071 4198
f 7990 6917 6918
f 5071 5679 4200
f 7989 6916 6917
f 4148 5019 5021
f 7988 6915 6916
f 5019 7250 5021
f 7987 6914 6915
f 5627 5019 4148
f 7986 6913 6914
f 5019 5627 4146
f 7985 6912 6913
f 4190 5059 5061
f 7984 6911 6912
f 5059 7292 5061
f 7983 6910 6911
f 5667 5059 4190
f 7979 6906 6907
f 5059 5667 4184
f 7978 6905 6906
f 4130 4999 5001
f 7977 6904 6905
f 4999 7232 5001
f 7976 6903 6904
f 5607 4999 4130
f 7975 6902 6903
f 4999 5607 4124
f 7974 6901 6902
f 4210 5079 5081
f 7973 6900 6901
f 5079 7312 5081
f 7972 6899 6900
f 5687 5079 4210
f 7971 6898 6899
f 5079 5687 4204
f 7970 6897 6898
f 4188 5061 5063
f 7969 6896 6897
f 5061 7290 5063
f 7968 6895 6896
f 5669 5061 4188
f 7967 6894 6895
f 5061 5669 4190
f 7966 6893 6894
f 4128 5001 5003
f 7965 6892 6893
f 5001 7230 5003
f 7964 6891 6892
f 5609 5001 4128
f 7963 6890 6891
f 5001 5609 4130
f 7962 6889 6890
f 4166 5039 5041
f 7961 6888 6889
f 5039 7268 5041
f 7960 6887 6888
f 5647 5039 4166
f 7959 6886 6887
f 5039 5647 4168
f 7958 6885 6886
f 4168 5037 5039
f 7957 6884 6885
f 5037 7270 5039
f 7956 6883 6884
f 5645 5037 4168
f 7955 6882 6883
f 5037 5645 4162
f 7954 6881 6882
f 4208 5081 5083
f 7953 6880 6881
f 5081 7310 5083
f 7952 6879 6880
f 5689 5081 4208
f 7951 6878 6879
f 5081 5689 4210
f 7950 6877 6878
f 4156 5025 5027
f 7949 6876 6877
f 5025 7258 5027
f 7948 6875 6876
f 5633 5025 4156
f 7947 6874 6875
f 5025 5633 4150
f 7946 6873 6874
f 4154 5027 5029
f 7945 6872 6873
f 5027 7256 5029
f 7944 6871 6872
f 5635 5027 4154
f 7943 6870 6871
f 5027 5635 4156
f 7942 6869 6870
f 4218 5087 5089
f 7941 6868 6869
f 5087 7320 5089
f 7940 6867 6868
f 5695 5087 4218
f 7939 6866 6867
f 5087 5695 4214
f 7938 6865 6866
f 4164 5033 5035
f 7937 6864 6865
f 5033 7266 5035
f 7936 6863 6864
f 5641 5033 4164
f 7935 6862 6863
f 5033 5641 4160
f 7934 6861 6862
f 4184 5057 5059
f 7933 6860 6861
f 5057 7286 5059
f 7932 6859 6860
f 5665 5057 4184
f 7931 6858 6859
f 5057 5665 4186
f 7930 6857 6858
f 4124 4997 4999
f 7929 6856 6857
f 4997 7226 4999
f 7928 6855 6856
f 5605 4997 4124
f 7927 6854 6855
f 4997 5605 4126
f 7982 6909 6910
f 4204 5077 5079
f 3295 1763 3237
f 7981 6964 6909
f 2420 3295 3237
f 8261 4580 8262
f 8207 4524 8208
f 8263 4582 8264
f 8209 4526 8210
f 8309 4628 8310
f 8265 4584 8266
f 8211 4528 8212
f 8307 4626 8308
f 8305 4624 8306
f 8303 4622 8304
f 8301 4620 8302
f 8299 4618 8300
f 8297 4616 8298
f 8295 4614 8296
f 8293 4612 8294
f 8291 4610 8292
f 8289 4608 8290
f 8287 4606 8288
f 8285 4604 8286
f 8283 4602 8284
f 8281 4600 8282
f 8279 4598 8280
f 8277 4596 8278
f 8275 4594 8276
f 8273 4592 8274
f 8271 4590 8272
f 8269 4588 8270
f 8267 4586 8268
f 8253 4570 8254
f 8251 4568 8252
f 8249 4566 8250
f 8247 4564 8248
f 8245 4562 8246
f 8243 4560 8244
f 8241 4558 8242
f 8239 4556 8240
f 8237 4554 8238
f 8235 4552 8236
f 8233 4550 8234
f 8231 4548 8232
f 8229 4546 8230
f 8227 4544 8228
f 8225 4542 8226
f 8223 4540 8224
f 8221 4538 8222
f 8219 4536 8220
f 8217 4534 8218
f 8215 4532 8216
f 8213 4530 8214
f 8255 4572 8256
f 5559 2604 6657
f 8964 2604 5559
f 8311 4574 8314
f 5077 7306 5079
f 8036 6963 6966
f 5242 5227 6651
f 5685 5077 4204
f 8060 2723 2725
f 3442 9800 3456
f 8202 4630 8313
f 251 1611 4657
f 250 4657 3145
f 4657 250 251
f 1622 2921 6386
f 5077 5685 4206
f 3247 229 230
f 6365 3445 7574
f 3445 3093 7574
f 4229 6380 4106
f 3731 4229 4106
f 5106 4229 3731
f 6060 2842 2783
f 2783 2842 3443
f 4118 4991 4993
f 3247 3234 229
f 1773 3247 230
f 2214 2219 2983
f 5263 3102 5431
f 5422 5232 2358
f 5557 2358 5232
f 6234 3724 3723
f 9655 9279 9278
f 5268 5283 3148
f 5283 5268 3086
f 2220 5268 3148
f 6966 3041 4362
f 7924 6966 4362
f 7654 10712 7655
f 5226 4227 3727
f 6968 2984 6964
f 8038 6968 6964
f 6362 4634 3737
f 4634 3578 3737
f 9655 4743 4747
f 7926 2465 9484
f 2465 8037 9484
f 4743 9655 9278
f 8986 5413 2540
f 2540 5413 3315
f 6177 5423 3606
f 9662 9224 9223
f 9662 4688 4692
f 4719 10671 4721
f 9651 9236 9235
f 7209 5092 7322
f 2345 7209 7322
f 8066 6238 1787
f 2720 8066 1787
f 4991 7220 4993
f 9070 8984 5257
f 8044 4651 4909
f 2446 4909 4651
f 5887 9202 9200
f 9202 1585 9200
f 1610 3287 5704
f 3188 5704 3287
f 31 1610 5704
f 2848 7795 8980
f 3148 5283 3067
f 3067 8990 3148
f 5283 2533 3067
f 5288 4231 4228
f 5599 4991 4118
f 5401 4343 4231
f 5109 4231 4343
f 3291 1592 2377
f 5290 4232 4233
f 4678 10672 9592
f 5346 4288 4289
f 9214 10672 4676
f 5400 4342 4343
f 5221 4343 4342
f 5344 4286 4287
f 5165 4287 4286
f 5291 4233 4234
f 5112 4234 4233
f 5399 4341 4342
f 10478 5214 10490
f 5398 4340 4341
f 9355 10722 10306
f 5397 4339 4340
f 8614 10644 9348
f 5396 4338 4339
f 9349 10644 2867
f 5395 4337 4338
f 10644 9349 9348
f 5394 4336 4337
f 8574 10526 9811
f 5393 4335 4336
f 10526 3329 9811
f 5392 4334 4335
f 10672 9214 9592
f 5391 4333 4334
f 10531 2991 10573
f 5390 4332 4333
f 6536 10525 6535
f 5389 4331 4332
f 5113 10525 5114
f 5388 4330 4331
f 10524 3595 3150
f 5387 4329 4330
f 10524 7768 5254
f 5386 4328 4329
f 7768 10524 3150
f 5385 4327 4328
f 3595 10524 5254
f 5384 4326 4327
f 10523 2360 3250
f 5383 4325 4326
f 10523 4918 3155
f 5382 4324 4325
f 4918 10523 3250
f 5381 4323 4324
f 2360 10523 3155
f 5380 4322 4323
f 10522 4955 5720
f 5379 4321 4322
f 10522 5245 9473
f 5378 4320 4321
f 5245 10522 5720
f 5377 4319 4320
f 4955 10522 9473
f 5376 4318 4319
f 10521 4291 5169
f 5375 4317 4318
f 10521 5170 4292
f 5374 4316 4317
f 5170 10521 5169
f 5373 4315 4316
f 4291 10521 4292
f 5372 4314 4315
f 10520 4283 5161
f 5371 4313 4314
f 10520 5162 4284
f 5370 4312 4313
f 5162 10520 5161
f 5369 4311 4312
f 4283 10520 4284
f 5368 4310 4311
f 10519 5217 6637
f 5367 4309 4310
f 10519 6638 5218
f 5366 4308 4309
f 6638 10519 6637
f 5365 4307 4308
f 5217 10519 5218
f 5364 4306 4307
f 2211 10518 2217
f 5363 4305 4306
f 2985 10518 2986
f 5362 4304 4305
f 10517 2215 10508
f 5361 4303 4304
f 10517 2984 3042
f 5360 4302 4303
f 2984 10517 10508
f 5359 4301 4302
f 2215 10517 3042
f 5358 4300 4301
f 10516 4236 5114
f 5357 4299 4300
f 10516 5115 4237
f 5356 4298 4299
f 5115 10516 5114
f 5355 4297 4298
f 4236 10516 4237
f 5354 4296 4297
f 2199 10531 10573
f 5353 4295 4296
f 10722 7650 10306
f 5352 4294 4295
f 6537 10515 6536
f 5351 4293 4294
f 5114 10515 5115
f 5350 4292 4293
f 7650 10722 7651
f 5349 4291 4292
f 9375 10720 10304
f 5348 4290 4291
f 10720 7670 10304
f 5347 4289 4290
f 5168 4290 4289
f 5343 4285 4286
f 5164 4286 4285
f 5342 4284 4285
f 7670 10720 7671
f 5341 4283 4284
f 10672 4678 4676
f 5340 4282 4283
f 9361 10714 10296
f 5339 4281 4282
f 6590 10514 6589
f 5338 4280 4281
f 5169 10514 5170
f 5337 4279 4280
f 10513 3323 9447
f 5336 4278 4279
f 10513 3572 8581
f 5335 4277 4278
f 3572 10513 9447
f 5334 4276 4277
f 3323 10513 8581
f 5333 4275 4276
f 10512 3458 3454
f 5332 4274 4275
f 10512 6358 5435
f 5331 4273 4274
f 6358 10512 3454
f 5330 4272 4273
f 3458 10512 5435
f 5329 4271 4272
f 5765 10511 5767
f 5328 4270 4271
f 8574 10511 8576
f 5327 4269 4270
f 10511 8574 5767
f 5326 4268 4269
f 10511 5765 8576
f 5325 4267 4268
f 5770 10510 10031
f 5324 4266 4267
f 8468 10510 9818
f 5323 4265 4266
f 10510 8468 10031
f 5322 4264 4265
f 10510 5770 9818
f 5321 4263 4264
f 10714 7656 10296
f 5320 4262 4263
f 5158 10465 10473
f 5319 4261 4262
f 6538 10509 6537
f 5318 4260 4261
f 5115 10509 5116
f 5317 4259 4260
f 2217 10508 2215
f 5316 4258 4259
f 2984 10508 2985
f 5315 4257 4258
f 2213 10507 2211
f 5314 4256 4257
f 10506 4282 5160
f 5313 4255 4256
f 10506 5161 4283
f 5312 4254 4255
f 5161 10506 5160
f 5311 4253 4254
f 4282 10506 4283
f 5310 4252 4253
f 10505 4237 5115
f 5309 4251 4252
f 10505 5116 4238
f 5308 4250 4251
f 5116 10505 5115
f 5307 4249 4250
f 4237 10505 4238
f 5306 4248 4249
f 7656 10714 7657
f 5305 4247 4248
f 6536 10515 10525
f 5304 4246 4247
f 6591 10504 6590
f 5303 4245 4246
f 5170 10504 5171
f 5302 4244 4245
f 10503 4292 5170
f 9651 4698 4702
f 9733 5877 5879
f 5301 4243 4244
f 10503 5171 4293
f 5300 4242 4243
f 5171 10503 5170
f 5299 4241 4242
f 4292 10503 4293
f 5298 4240 4241
f 2988 10502 2989
f 5297 4239 4240
f 5242 10740 9933
f 5296 4238 4239
f 3437 10686 10252
f 5295 4237 4238
f 5216 10501 5215
f 5294 4236 4237
f 4337 10501 4338
f 5293 4235 4236
f 10500 5216 6636
f 5292 4234 4235
f 10500 6637 5217
f 5345 4287 4345
f 6637 10500 6636
f 5403 4345 4346
f 9733 3456 8465
f 3458 4365 3454
f 5216 10500 5217
f 7212 4980 7323
f 2233 7212 7323
f 9394 10733 10659
f 4698 9651 9235
f 4336 10478 10490
f 9649 9207 9206
f 6368 8055 1587
f 8182 6353 1899
f 2719 8182 1899
f 4758 7750 5258
f 9649 4668 4672
f 8075 6246 1790
f 2612 8075 1790
f 8180 6351 1898
f 2718 8180 1898
f 8179 6350 1897
f 2717 8179 1897
f 8178 6349 1896
f 2716 8178 1896
f 8177 6348 1895
f 2715 8177 1895
f 8176 6347 1894
f 2714 8176 1894
f 4668 9649 9206
f 8175 6346 1893
f 2713 8175 1893
f 8174 6345 1892
f 2712 8174 1892
f 8173 6344 1891
f 2711 8173 1891
f 8172 6343 1890
f 2710 8172 1890
f 8171 6342 1889
f 2709 8171 1889
f 8170 6341 1888
f 2708 8170 1888
f 9656 9266 9265
f 8169 6340 1887
f 2707 8169 1887
f 8168 6339 1886
f 2706 8168 1886
f 8167 6338 1885
f 2705 8167 1885
f 9656 4731 4735
f 8166 6337 1884
f 2704 8166 1884
f 8165 6336 1883
f 2703 8165 1883
f 10671 9254 9659
f 8164 6335 1882
f 2702 8164 1882
f 8163 6334 1881
f 2701 8163 1881
f 8162 6333 1880
f 4991 5599 4120
f 9657 9255 9254
f 2700 8162 1880
f 3607 1683 3726
f 8948 3607 3726
f 2838 10499 10044
f 8061 4656 4933
f 2370 4933 4656
f 8161 6332 1879
f 2699 8161 1879
f 4152 5021 5023
f 5021 7254 5023
f 9657 4719 4723
f 2538 4758 5258
f 8160 6331 1878
f 2698 8160 1878
f 8159 6330 1877
f 5922 8197 9077
f 8197 261 9077
f 2697 8159 1877
f 259 8197 4956
f 3065 3590 6392
f 4954 3065 6392
f 8158 6329 1876
f 2696 8158 1876
f 8157 6328 1875
f 2695 8157 1875
f 8156 6327 1874
f 6375 2412 4355
f 2412 1785 4355
f 2694 8156 1874
f 8155 6326 1873
f 2693 8155 1873
f 6387 2098 4979
f 3987 4979 2098
f 2098 5711 3987
f 2095 7209 5093
f 4222 2095 5093
f 8154 6325 1872
f 4721 10671 9659
f 2097 7324 5094
f 4108 2097 5094
f 2031 7323 4980
f 4223 2031 4980
f 3326 2723 3323
f 2692 8154 1872
f 5629 5021 4152
f 5021 5629 4148
f 2033 7210 4981
f 4109 2033 4981
f 4390 8043 2856
f 7793 2856 8043
f 3091 7793 8043
f 4216 5089 5091
f 5089 7318 5091
f 2032 7212 4983
f 4110 2032 4983
f 5697 5089 4216
f 5089 5697 4218
f 2094 7319 5090
f 4217 2094 5090
f 2092 7321 5088
f 4219 2092 5088
f 4162 5035 5037
f 5035 7264 5037
f 2091 7317 5086
f 4215 2091 5086
f 5643 5035 4162
f 5035 5643 4164
f 2090 7315 5084
f 4213 2090 5084
f 4150 5023 5025
f 5023 7252 5025
f 2089 7311 5082
f 4209 2089 5082
f 2088 7314 5085
f 4212 2088 5085
f 2087 7313 5080
f 4211 2087 5080
f 5631 5023 4150
f 5023 5631 4152
f 2086 7307 5078
f 4205 2086 5078
f 6678 4358 8037
f 8037 7084 6678
f 2085 7309 5076
f 4207 2085 5076
f 8037 4358 6967
f 4111 4984 4982
f 2084 7305 5074
f 4203 2084 5074
f 4984 7213 4982
f 5592 4984 4111
f 2083 7301 5072
f 4199 2083 5072
f 4984 5592 4113
f 4120 4989 4991
f 2082 7303 5070
f 4201 2082 5070
f 4989 7222 4991
f 5597 4989 4120
f 2081 7299 5068
f 4197 2081 5068
f 4989 5597 4114
f 4113 4986 4984
f 2080 7295 5066
f 4193 2080 5066
f 2079 7298 5069
f 4196 2079 5069
f 2078 7297 5064
f 4195 2078 5064
f 4986 7215 4984
f 5594 4986 4113
f 2077 7291 5062
f 4189 2077 5062
f 4986 5594 4117
f 7793 4388 4919
f 2076 7293 5060
f 4191 2076 5060
f 3186 4919 4388
f 8459 4919 3186
f 2075 7287 5058
f 4185 2075 5058
f 7793 4919 2374
f 7598 4752 7621
f 2074 7289 5056
f 4187 2074 5056
f 1552 7598 7621
f 7598 1552 1551
f 2073 7285 5054
f 4183 2073 5054
f 4114 4987 4989
f 4987 7216 4989
f 2072 7281 5052
f 4179 2072 5052
f 2071 7284 5055
f 4182 2071 5055
f 2070 7283 5050
f 4181 2070 5050
f 5595 4987 4114
f 4987 5595 4116
f 2069 7277 5048
f 4175 2069 5048
f 7923 2840 7921
f 7923 2725 2840
f 2068 7279 5046
f 4177 2068 5046
f 2027 7923 7921
f 7515 6299 7459
f 2067 7273 5044
f 4171 2067 5044
f 6299 6243 7459
f 7515 7459 4044
f 2066 7275 5042
f 4173 2066 5042
f 5891 3747 3451
f 3747 3071 3451
f 2065 7269 5040
f 4167 2065 5040
f 7319 2094 7211
f 2096 7211 2094
f 2064 7271 5038
f 4169 2064 5038
f 4221 2096 2094
f 7028 1687 7027
f 2063 7265 5036
f 4163 2063 5036
f 7027 1687 1686
f 7028 7027 6735
f 2062 7267 5034
f 4165 2062 5034
f 2221 3583 7785
f 3043 2221 7785
f 2061 7263 5032
f 4161 2061 5032
f 2494 7026 7025
f 7980 7026 2494
f 2060 7261 5030
f 4159 2060 5030
f 6364 4396 4907
f 4396 5589 4907
f 2059 7257 5028
f 4155 2059 5028
f 2058 7260 5031
f 4158 2058 5031
f 2057 7259 5026
f 4157 2057 5026
f 6364 3582 4396
f 9000 5559 5759
f 2056 7253 5024
f 4151 2056 5024
f 5759 5559 8591
f 8821 5544 5541
f 2055 7255 5022
f 4153 2055 5022
f 5544 3568 5541
f 3439 10499 9812
f 2054 7251 5020
f 4149 2054 5020
f 9438 2915 9439
f 10499 3439 10044
f 2053 7249 5018
f 4147 2053 5018
f 9394 2893 9395
f 10499 2838 9812
f 2052 7247 5016
f 4145 2052 5016
f 9343 2864 9344
f 10498 2726 9795
f 2051 7243 5014
f 4141 2051 5014
f 2050 7246 5017
f 4144 2050 5017
f 2049 7245 5012
f 4143 2049 5012
f 9396 2894 9397
f 10498 3329 3327
f 2048 7239 5010
f 4137 2048 5010
f 9345 2865 9346
f 3329 10498 9795
f 2047 7241 5008
f 4139 2047 5008
f 9398 2895 9399
f 2726 10498 3327
f 2046 7235 5006
f 4133 2046 5006
f 9347 2866 9348
f 10497 2335 2337
f 2045 7237 5004
f 4135 2045 5004
f 9436 2914 9437
f 10497 7314 7310
f 2044 7231 5002
f 4129 2044 5002
f 9400 2896 9401
f 7314 10497 2337
f 2043 7233 5000
f 4131 2043 5000
f 9349 2867 9350
f 2335 10497 7310
f 2042 7227 4998
f 4125 2042 4998
f 9434 2913 9435
f 6593 10481 10487
f 2041 7229 4996
f 4127 2041 4996
f 9432 2912 9433
f 10733 7692 10659
f 2040 7225 4994
f 4123 2040 4994
f 9430 2911 9431
f 6539 10496 6538
f 2039 7221 4992
f 4119 2039 4992
f 9428 2910 9429
f 5116 10496 5117
f 2038 7223 4990
f 4121 2038 4990
f 9426 2909 9427
f 5823 10495 10042
f 2037 7217 4988
f 4115 2037 4988
f 9424 2908 9425
f 8521 10495 9928
f 2036 7219 4986
f 4117 2036 4986
f 9422 2907 9423
f 10495 8521 10042
f 9420 2906 9421
f 10495 5823 9928
f 2035 7218 4987
f 4116 2035 4987
f 2034 7214 4985
f 4112 2034 4985
f 2093 7322 5092
f 4220 2093 5092
f 9418 2905 9419
f 10515 5114 10525
f 8153 6324 1871
f 2691 8153 1871
f 8152 6323 1870
f 2690 8152 1870
f 8151 6322 1869
f 2689 8151 1869
f 8150 6321 1868
f 2688 8150 1868
f 8149 6320 1867
f 2687 8149 1867
f 8148 6319 1866
f 2686 8148 1866
f 8147 6318 1865
f 2685 8147 1865
f 8146 6317 1864
f 2684 8146 1864
f 6652 4973 3065
f 8145 6316 1863
f 5755 8995 3086
f 2683 8145 1863
f 5268 5755 3086
f 9660 9221 9220
f 8144 6315 1862
f 5430 5285 5755
f 1624 5430 5755
f 8589 5270 3062
f 3150 4913 7768
f 7768 2444 4391
f 4913 2444 7768
f 9660 4684 4690
f 4684 9660 9220
f 9416 2904 9417
f 7459 3811 4044
f 7087 7569 4098
f 7569 3866 4098
f 7088 7461 3990
f 7461 3756 3990
f 9659 9252 9251
f 9659 4715 4721
f 7194 7567 4097
f 7567 3864 4097
f 7193 7566 4096
f 7566 3863 4096
f 7192 7565 4095
f 7565 3862 4095
f 7191 7564 4094
f 7564 3861 4094
f 7190 7563 4093
f 7563 3860 4093
f 7189 7562 4092
f 7562 3859 4092
f 7188 7561 4091
f 7561 3858 4091
f 7187 7560 4090
f 7560 3857 4090
f 7186 7559 4089
f 7559 3856 4089
f 7185 7558 4088
f 7558 3855 4088
f 7184 7557 4087
f 7557 3854 4087
f 7183 7556 4086
f 7556 3853 4086
f 7182 7555 4085
f 7555 3852 4085
f 7181 7554 4084
f 7554 3851 4084
f 7180 7553 4083
f 7553 3850 4083
f 7179 7552 4082
f 7552 3849 4082
f 7178 7551 4081
f 7551 3848 4081
f 7177 7550 4080
f 7550 3847 4080
f 7176 7549 4079
f 7549 3846 4079
f 7175 7548 4078
f 7548 3845 4078
f 7174 7547 4077
f 7547 3844 4077
f 7173 7546 4076
f 7546 3843 4076
f 7172 7545 4075
f 7545 3842 4075
f 7171 7544 4074
f 7544 3841 4074
f 7170 7543 4073
f 7543 3840 4073
f 7169 7542 4072
f 7542 3839 4072
f 7168 7541 4071
f 7541 3838 4071
f 7167 7540 4070
f 7540 3837 4070
f 7166 7539 4069
f 7539 3836 4069
f 7165 7538 4068
f 7538 3835 4068
f 7164 7537 4067
f 7537 3834 4067
f 7163 7536 4066
f 7536 3833 4066
f 7162 7535 4065
f 7535 3832 4065
f 7161 7534 4064
f 7534 3831 4064
f 7160 7533 4063
f 7533 3830 4063
f 7159 7532 4062
f 7532 3829 4062
f 7158 7531 4061
f 7531 3828 4061
f 7157 7530 4060
f 7530 3827 4060
f 7156 7529 4059
f 7529 3826 4059
f 7155 7528 4058
f 7528 3825 4058
f 7154 7527 4057
f 7527 3824 4057
f 7153 7526 4056
f 7526 3823 4056
f 7152 7525 4055
f 7525 3822 4055
f 7151 7524 4054
f 7524 3821 4054
f 7150 7523 4053
f 7523 3820 4053
f 231 3279 232
f 7149 7522 4052
f 8570 10686 10156
f 7522 3819 4052
f 189 3278 188
f 7148 7521 4051
f 9653 9263 9262
f 7521 3818 4051
f 7147 7520 4050
f 7520 3817 4050
f 7146 7519 4049
f 7519 3816 4049
f 7145 7518 4048
f 7518 3815 4048
f 7144 7517 4047
f 7517 3814 4047
f 7143 7516 4046
f 7516 3813 4046
f 7141 7514 4043
f 7514 3809 4043
f 7140 7513 4042
f 7513 3808 4042
f 7139 7512 4041
f 7512 3807 4041
f 7138 7511 4040
f 7511 3806 4040
f 7137 7510 4039
f 7510 3805 4039
f 7136 7509 4038
f 7509 3804 4038
f 7135 7508 4037
f 7508 3803 4037
f 7134 7507 4036
f 7507 3802 4036
f 7133 7506 4035
f 7506 3801 4035
f 7132 7505 4034
f 7505 3800 4034
f 1558 3276 210
f 7131 7504 4033
f 7504 3799 4033
f 7130 7503 4032
f 7503 3798 4032
f 7129 7502 4031
f 7502 3797 4031
f 7128 7501 4030
f 7501 3796 4030
f 7127 7500 4029
f 7500 3795 4029
f 7126 7499 4028
f 7499 3794 4028
f 2682 8144 1862
f 8143 6314 1861
f 7125 7498 4027
f 7498 3793 4027
f 7124 7497 4026
f 7497 3792 4026
f 7123 7496 4025
f 7496 3791 4025
f 7122 7495 4024
f 7495 3790 4024
f 7121 7494 4023
f 7494 3789 4023
f 7120 7493 4022
f 7493 3788 4022
f 7119 7492 4021
f 7492 3787 4021
f 7118 7491 4020
f 7491 3786 4020
f 7117 7490 4019
f 7490 3785 4019
f 7116 7489 4018
f 7489 3784 4018
f 7115 7488 4017
f 7488 3783 4017
f 7114 7487 4016
f 7487 3782 4016
f 7113 7486 4015
f 7486 3781 4015
f 7112 7485 4014
f 7485 3780 4014
f 7111 7484 4013
f 7484 3779 4013
f 7110 7483 4012
f 7483 3778 4012
f 7109 7482 4011
f 7482 3777 4011
f 7108 7481 4010
f 7481 3776 4010
f 7107 7480 4009
f 7480 3775 4009
f 7106 7479 4008
f 7479 3774 4008
f 7105 7478 4007
f 7478 3773 4007
f 7104 7477 4006
f 7477 3772 4006
f 7103 7476 4005
f 7476 3771 4005
f 7102 7475 4004
f 7475 3770 4004
f 7101 7474 4003
f 7474 3769 4003
f 7100 7473 4002
f 7473 3768 4002
f 7099 7472 4001
f 7472 3767 4001
f 7098 7471 4000
f 7471 3766 4000
f 7097 7470 3999
f 7470 3765 3999
f 7096 7469 3998
f 7469 3764 3998
f 7095 7468 3997
f 7468 3763 3997
f 7094 7467 3996
f 7467 3762 3996
f 7093 7466 3995
f 7466 3761 3995
f 7092 7465 3994
f 7465 3760 3994
f 7091 7464 3993
f 7464 3759 3993
f 7090 7463 3992
f 1496 3273 1559
f 7463 3758 3992
f 7089 7462 3991
f 7462 3757 3991
f 7142 7515 4045
f 7515 3812 4045
f 9653 4727 4733
f 4727 9653 9262
f 7196 7458 8996
f 7458 3867 8996
f 7197 7571 4100
f 7571 3754 4100
f 9654 9215 9214
f 2681 8143 1861
f 2230 6357 6663
f 8142 6313 1860
f 2680 8142 1860
f 8141 6312 1859
f 2679 8141 1859
f 2851 5274 8048
f 5274 1588 8048
f 1588 5274 3157
f 9654 4676 4682
f 6175 2843 7805
f 1909 6175 7805
f 6059 9299 2724
f 6059 2724 7804
f 1969 6059 7804
f 8140 6311 1858
f 2678 8140 1858
f 8139 6310 1857
f 2677 8139 1857
f 4676 9654 9214
f 8138 6309 1856
f 2676 8138 1856
f 8137 6308 1855
f 2675 8137 1855
f 8136 6307 1854
f 2602 7787 7745
f 2674 8136 1854
f 9377 10717 10305
f 9414 2903 9415
f 8135 6306 1853
f 2673 8135 1853
f 8134 6305 1852
f 2672 8134 1852
f 6060 2783 7808
f 1967 6060 7808
f 8133 6304 1851
f 2671 8133 1851
f 384 8318 8585
f 8132 6303 1850
f 2670 8132 1850
f 3098 4640 2356
f 4640 4903 2356
f 3256 3196 3206
f 3196 2400 3206
f 3196 2432 3182
f 3256 2432 3196
f 8131 6302 1849
f 3157 5274 6659
f 3986 3157 6659
f 3152 3117 3075
f 9320 5102 3063
f 2669 8131 1849
f 8130 6301 1848
f 2668 8130 1848
f 8126 6297 1841
f 2663 8126 1841
f 8125 6296 1840
f 2662 8125 1840
f 8124 6295 1839
f 2661 8124 1839
f 8123 6294 1838
f 5418 3109 4107
f 5418 2923 4946
f 2437 9320 3063
f 9320 2437 3121
f 8588 5097 3181
f 5101 5425 3294
f 2351 8588 3181
f 3234 1600 5272
f 2660 8123 1838
f 8122 6293 1837
f 2659 8122 1837
f 6592 10679 6591
f 7455 2227 1747
f 6173 2839 7919
f 2026 6173 7919
f 8121 6292 1836
f 6064 2727 7920
f 1911 6064 7920
f 2658 8121 1836
f 6065 2728 7811
f 1912 6065 7811
f 8120 6291 1835
f 2657 8120 1835
f 6172 2838 7918
f 2025 6172 7918
f 8119 6290 1834
f 2656 8119 1834
f 6171 2837 7917
f 2024 6171 7917
f 8118 6289 1833
f 6170 2836 7916
f 2023 6170 7916
f 2655 8118 1833
f 6169 2835 7915
f 2022 6169 7915
f 4367 4946 8979
f 8117 6288 1832
f 6168 2834 7914
f 2654 8117 1832
f 2021 6168 7914
f 8116 6287 1831
f 6167 2833 7913
f 2020 6167 7913
f 2653 8116 1831
f 6166 2832 7912
f 2019 6166 7912
f 8115 6286 1830
f 2652 8115 1830
f 6165 2831 7911
f 2018 6165 7911
f 8114 6285 1829
f 6164 2830 7910
f 2017 6164 7910
f 2651 8114 1829
f 6163 2829 7909
f 2016 6163 7909
f 8113 6284 1828
f 6162 2828 7908
f 2015 6162 7908
f 2650 8113 1828
f 6161 2827 7907
f 2014 6161 7907
f 8112 6283 1827
f 6160 2826 7906
f 2013 6160 7906
f 2649 8112 1827
f 6159 2825 7905
f 2012 6159 7905
f 8111 6282 1826
f 6158 2824 7904
f 2011 6158 7904
f 2648 8111 1826
f 6157 2823 7903
f 2010 6157 7903
f 8110 6281 1825
f 6156 2822 7902
f 2009 6156 7902
f 2647 8110 1825
f 6155 2821 7901
f 2008 6155 7901
f 8109 6280 1824
f 6154 2820 7900
f 2007 6154 7900
f 2646 8109 1824
f 6153 2819 7899
f 2006 6153 7899
f 8108 6279 1823
f 6152 2818 7898
f 2005 6152 7898
f 2645 8108 1823
f 6151 2817 7897
f 2004 6151 7897
f 8107 6278 1822
f 6150 2816 7896
f 2003 6150 7896
f 2644 8107 1822
f 6149 2815 7895
f 2002 6149 7895
f 8106 6277 1821
f 6148 2814 7894
f 2001 6148 7894
f 2643 8106 1821
f 6147 2813 7893
f 2000 6147 7893
f 8105 6276 1820
f 1559 3263 1496
f 6146 2812 7892
f 1999 6146 7892
f 2642 8105 1820
f 6145 2811 7891
f 1998 6145 7891
f 8104 6275 1819
f 6144 2810 7890
f 1997 6144 7890
f 2641 8104 1819
f 6143 2809 7889
f 1996 6143 7889
f 8103 6274 1818
f 6142 2808 7888
f 1995 6142 7888
f 2640 8103 1818
f 6141 2807 7887
f 1994 6141 7887
f 8102 6273 1817
f 6140 2806 7886
f 1993 6140 7886
f 2639 8102 1817
f 6139 2805 7885
f 1992 6139 7885
f 8101 6272 1816
f 6138 2804 7884
f 1991 6138 7884
f 2638 8101 1816
f 6137 2803 7883
f 1990 6137 7883
f 8100 6271 1815
f 6136 2802 7882
f 1989 6136 7882
f 2637 8100 1815
f 6135 2801 7881
f 1988 6135 7881
f 8099 6270 1814
f 6134 2800 7880
f 1987 6134 7880
f 2636 8099 1814
f 6133 2799 7879
f 1986 6133 7879
f 8098 6269 1813
f 6132 2798 7878
f 1985 6132 7878
f 2635 8098 1813
f 6131 2797 7877
f 1984 6131 7877
f 8097 6268 1812
f 6130 2796 7876
f 1983 6130 7876
f 2634 8097 1812
f 6129 2795 7875
f 1982 6129 7875
f 8096 6267 1811
f 6128 2794 7874
f 1981 6128 7874
f 2633 8096 1811
f 6127 2793 7873
f 1980 6127 7873
f 8095 6266 1810
f 6126 2792 7872
f 1979 6126 7872
f 2632 8095 1810
f 6125 2791 7871
f 1978 6125 7871
f 8094 6265 1809
f 6124 2790 7870
f 1977 6124 7870
f 2631 8094 1809
f 6123 2789 7869
f 1976 6123 7869
f 8093 6264 1808
f 2432 3256 1768
f 6122 2788 7868
f 1975 6122 7868
f 2630 8093 1808
f 6121 2787 7867
f 1974 6121 7867
f 8092 6263 1807
f 6120 2786 7866
f 1973 6120 7866
f 2629 8092 1807
f 6118 2781 7864
f 1965 6118 7864
f 8091 6262 1806
f 6117 2780 7863
f 1964 6117 7863
f 2628 8091 1806
f 6116 2779 7862
f 1963 6116 7862
f 8090 6261 1805
f 6115 2778 7861
f 1962 6115 7861
f 2627 8090 1805
f 6114 2777 7860
f 1961 6114 7860
f 8089 6260 1804
f 6113 2776 7859
f 1960 6113 7859
f 2626 8089 1804
f 6112 2775 7858
f 1959 6112 7858
f 8088 6259 1803
f 6111 2774 7857
f 1958 6111 7857
f 2625 8088 1803
f 6110 2773 7856
f 1957 6110 7856
f 8087 6258 1802
f 6109 2772 7855
f 1956 6109 7855
f 2624 8087 1802
f 6108 2771 7854
f 1955 6108 7854
f 8086 6257 1801
f 6107 2770 7853
f 1954 6107 7853
f 2623 8086 1801
f 6106 2769 7852
f 1953 6106 7852
f 8085 6256 1800
f 6105 2768 7851
f 1952 6105 7851
f 2622 8085 1800
f 6104 2767 7850
f 1951 6104 7850
f 8084 6255 1799
f 6103 2766 7849
f 1950 6103 7849
f 2621 8084 1799
f 6102 2765 7848
f 1949 6102 7848
f 8083 6254 1798
f 6101 2764 7847
f 1948 6101 7847
f 2620 8083 1798
f 6100 2763 7846
f 1947 6100 7846
f 8082 6253 1797
f 6099 2762 7845
f 1946 6099 7845
f 2619 8082 1797
f 6098 2761 7844
f 1945 6098 7844
f 8081 6252 1796
f 6097 2760 7843
f 1944 6097 7843
f 2618 8081 1796
f 6096 2759 7842
f 1943 6096 7842
f 8080 6251 1795
f 6095 2758 7841
f 1942 6095 7841
f 2617 8080 1795
f 6094 2757 7840
f 1941 6094 7840
f 8079 6250 1794
f 6093 2756 7839
f 1940 6093 7839
f 2616 8079 1794
f 6092 2755 7838
f 1939 6092 7838
f 8078 6249 1793
f 6091 2754 7837
f 1938 6091 7837
f 2615 8078 1793
f 6090 2753 7836
f 1937 6090 7836
f 8077 6248 1792
f 6089 2752 7835
f 1936 6089 7835
f 3153 5550 197
f 198 3153 197
f 2614 8077 1792
f 9661 9218 9217
f 9661 4680 4686
f 6088 2751 7834
f 4680 9661 9217
f 9658 9249 9248
f 1935 6088 7834
f 8076 6247 1791
f 6087 2750 7833
f 1934 6087 7833
f 2613 8076 1791
f 6086 2749 7832
f 1933 6086 7832
f 8129 6300 1847
f 2667 8129 1847
f 8597 3589 3571
f 9412 2902 9413
f 8127 6298 1842
f 6085 2748 7831
f 1932 6085 7831
f 2664 8127 1842
f 6084 2747 7830
f 1931 6084 7830
f 6849 9482 6848
f 6083 2746 7829
f 8193 4663 3118
f 9658 4711 4717
f 1930 6083 7829
f 9482 6849 6178
f 6234 9482 6178
f 6082 2745 7828
f 8074 6245 1789
f 1929 6082 7828
f 2611 8074 1789
f 8128 6299 1846
f 6081 2744 7827
f 1928 6081 7827
f 2666 8128 1846
f 5171 10679 5172
f 6080 2743 7826
f 10680 2779 10033
f 1927 6080 7826
f 8460 8452 3452
f 8452 3446 3452
f 6079 2742 7825
f 1926 6079 7825
f 5405 4346 4350
f 4346 10740 4350
f 6078 2741 7824
f 9481 6850 9469
f 1925 6078 7824
f 6179 9481 9469
f 1904 2223 5587
f 6077 2740 7823
f 1924 6077 7823
f 7331 4347 4355
f 5920 3283 9327
f 6076 2739 7822
f 9289 1498 1563
f 1923 6076 7822
f 9067 8317 4391
f 8317 4767 4391
f 6075 2738 7821
f 1922 6075 7821
f 7768 4391 4767
f 8070 6241 1788
f 6074 2737 7820
f 2610 8070 1788
f 1921 6074 7820
f 9290 1554 1584
f 8069 6240 1845
f 6073 2736 7819
f 1920 6073 7819
f 2665 8069 1845
f 9410 2901 9411
f 6072 2735 7818
f 9652 9246 9245
f 1919 6072 7818
f 10494 4281 5159
f 9652 4707 4713
f 6071 2734 7817
f 1918 6071 7817
f 7210 4982 7213
f 2234 7210 7213
f 6070 2733 7816
f 7321 5090 7319
f 1917 6070 7816
f 2342 7321 7319
f 7320 5087 7316
f 6069 2732 7815
f 1916 6069 7815
f 2339 7320 7316
f 7317 5088 7321
f 6068 2731 7814
f 2340 7317 7321
f 1915 6068 7814
f 7316 5085 7314
f 2337 7316 7314
f 6067 2730 7813
f 1914 6067 7813
f 7315 5086 7317
f 2338 7315 7317
f 6066 2729 7812
f 7314 5083 7310
f 1913 6066 7812
f 10494 5160 4282
f 7313 5082 7311
f 6119 2785 7810
f 1972 6119 7810
f 2334 7313 7311
f 7312 5079 7306
f 6063 2784 7809
f 2331 7312 7306
f 1971 6063 7809
f 6062 9301 2782
f 7311 5084 7315
f 6062 2782 7865
f 1966 6062 7865
f 2336 7311 7315
f 7310 5081 7312
f 2333 7310 7312
f 7309 5078 7307
f 2330 7309 7307
f 6174 9302 2841
f 7308 5075 7304
f 6174 2841 7922
f 1910 6174 7922
f 2327 7308 7304
f 7307 5080 7313
f 6061 2726 7807
f 2332 7307 7313
f 1970 6061 7807
f 7306 5077 7308
f 2329 7306 7308
f 7305 5076 7309
f 2328 7305 7309
f 7304 5073 7300
f 2325 7304 7300
f 3725 7745 3578
f 7303 5072 7301
f 8592 1785 8957
f 2324 7303 7301
f 7302 5069 7298
f 4914 4941 4652
f 1614 5284 4976
f 2321 7302 7298
f 4976 4650 1614
f 7301 5074 7305
f 2326 7301 7305
f 10717 7672 10305
f 7300 5071 7302
f 2323 7300 7302
f 3881 4668 3879
f 7299 5070 7303
f 2322 7299 7303
f 7298 5067 7294
f 2319 7298 7294
f 7297 5066 7295
f 5727 4366 6851
f 4662 5727 6851
f 2318 7297 7295
f 7296 5063 7290
f 2315 7296 7290
f 7295 5068 7299
f 2320 7295 7299
f 7294 5065 7296
f 2317 7294 7296
f 7293 5062 7291
f 2314 7293 7291
f 7292 5059 7286
f 2311 7292 7286
f 7291 5064 7297
f 2316 7291 7297
f 7290 5061 7292
f 2313 7290 7292
f 3464 3881 3879
f 7289 5058 7287
f 2310 7289 7287
f 7288 5055 7284
f 2307 7288 7284
f 3883 4672 3881
f 7287 5060 7293
f 2312 7287 7293
f 3466 3883 3881
f 7286 5057 7288
f 2309 7286 7288
f 7285 5056 7289
f 2308 7285 7289
f 7284 5053 7280
f 2305 7284 7280
f 7283 5052 7281
f 2304 7283 7281
f 9408 2900 9409
f 4514 2218 2219
f 7282 5049 7276
f 2301 7282 7276
f 7281 5054 7285
f 2306 7281 7285
f 5271 192 191
f 7280 5051 7282
f 2303 7280 7282
f 2218 7764 3044
f 7325 6674 8191
f 7279 5048 7277
f 2300 7279 7277
f 7278 5045 7272
f 2297 7278 7272
f 6524 4104 7749
f 7277 5050 7283
f 2302 7277 7283
f 7749 2921 6524
f 6517 6375 4347
f 7276 5047 7278
f 2299 7276 7278
f 6375 4355 4347
f 7275 5044 7273
f 1904 5713 4935
f 2296 7275 7273
f 7274 5041 7268
f 2223 1904 4935
f 3245 5271 191
f 2293 7274 7268
f 7273 5046 7279
f 2451 5256 243
f 2298 7273 7279
f 7272 5043 7274
f 2295 7272 7274
f 7271 5040 7269
f 2292 7271 7269
f 7270 5037 7264
f 2289 7270 7264
f 7269 5042 7275
f 2294 7269 7275
f 7268 5039 7270
f 2291 7268 7270
f 7267 5036 7265
f 2288 7267 7265
f 3885 4671 3883
f 2360 3305 1752
f 7266 5033 7262
f 2285 7266 7262
f 3468 3885 3883
f 7265 5038 7271
f 2290 7265 7271
f 7264 5035 7266
f 2287 7264 7266
f 4928 8199 6671
f 6397 4774 5706
f 7263 5034 7267
f 2286 7263 7267
f 7262 5031 7260
f 2283 7262 7260
f 7261 5032 7263
f 2284 7261 7263
f 7260 5029 7256
f 5160 10494 5159
f 3887 4674 3885
f 7259 5028 7257
f 2280 7259 7257
f 7258 5025 7252
f 2277 7258 7252
f 3470 3887 3885
f 7257 5030 7261
f 2282 7257 7261
f 7256 5027 7258
f 3139 3094 2229
f 2279 7256 7258
f 7255 5024 7253
f 204 3169 203
f 2276 7255 7253
f 3889 4678 3887
f 7254 5021 7250
f 2273 7254 7250
f 3472 3889 3887
f 2346 7211 5094
f 7253 5026 7259
f 2278 7253 7259
f 7211 2096 5094
f 7252 5023 7254
f 2275 7252 7254
f 7251 5022 7255
f 2274 7251 7255
f 7212 2032 4980
f 7250 5019 7248
f 2271 7250 7248
f 7249 5020 7251
f 2272 7249 7251
f 7248 5017 7246
f 3891 4676 3889
f 2269 7248 7246
f 7247 5018 7249
f 7327 4226 5251
f 2270 7247 7249
f 7246 5015 7242
f 2267 7246 7242
f 7322 2093 5091
f 7245 5014 7243
f 2266 7245 7243
f 7244 5011 7238
f 2263 7244 7238
f 7321 2092 5090
f 7243 5016 7247
f 2268 7243 7247
f 7242 5013 7244
f 4281 10494 4282
f 2265 7242 7244
f 7241 5010 7239
f 2262 7241 7239
f 7240 5007 7234
f 7317 2091 5088
f 2259 7240 7234
f 7239 5012 7245
f 2264 7239 7245
f 9406 2899 9407
f 7238 5009 7240
f 2261 7238 7240
f 7237 5006 7235
f 2258 7237 7235
f 7315 2090 5086
f 7236 5003 7230
f 2255 7236 7230
f 7235 5008 7241
f 10493 4238 5116
f 2260 7235 7241
f 7234 5005 7236
f 2257 7234 7236
f 7233 5002 7231
f 7311 2089 5084
f 2254 7233 7231
f 7232 4999 7226
f 2251 7232 7226
f 7314 2088 5083
f 7231 5004 7237
f 2256 7231 7237
f 7230 5001 7232
f 2253 7230 7232
f 7313 2087 5082
f 7229 4998 7227
f 2250 7229 7227
f 7228 4995 7224
f 9404 2898 9405
f 2247 7228 7224
f 7227 5000 7233
f 2252 7227 7233
f 7226 4997 7228
f 7307 2086 5080
f 2249 7226 7228
f 7225 4996 7229
f 2248 7225 7229
f 10493 5117 4239
f 7224 4993 7220
f 2245 7224 7220
f 7223 4992 7221
f 2244 7223 7221
f 7309 2085 5078
f 7222 4989 7216
f 2241 7222 7216
f 7221 4994 7225
f 9402 2897 9403
f 2246 7221 7225
f 7220 4991 7222
f 2243 7220 7222
f 7219 4988 7217
f 7305 2084 5076
f 2240 7219 7217
f 7218 4985 7214
f 2237 7218 7214
f 5117 10493 5116
f 7217 4990 7223
f 2242 7217 7223
f 7216 4987 7218
f 2239 7216 7218
f 7301 2083 5074
f 7215 4986 7219
f 2238 7215 7219
f 7318 5089 7320
f 9383 2884 9384
f 2341 7318 7320
f 7214 4983 7212
f 2235 7214 7212
f 4238 10493 4239
f 7303 2082 5072
f 2344 7319 7211
f 7213 4984 7215
f 2236 7213 7215
f 9381 2883 9382
f 7322 5091 7318
f 2343 7322 7318
f 3474 3891 3889
f 3893 4682 3891
f 7299 2081 5070
f 5267 3058 9300
f 9300 6673 5267
f 1587 9300 3058
f 10680 3381 9942
f 3476 3893 3891
f 3895 4680 3893
f 8977 9458 8203
f 9458 8977 8201
f 7295 2080 5068
f 8203 8603 8977
f 8184 6242 1900
f 3478 3895 3893
f 7298 2079 5067
f 3980 4752 5913
f 3979 4750 3977
f 7598 5913 4752
f 3877 4670 5893
f 7297 2078 5066
f 3562 3979 3977
f 7577 5893 4670
f 7624 3070 7795
f 9379 2882 9380
f 3070 4349 7795
f 3977 4748 3975
f 4645 3591 3751
f 3560 3977 3975
f 7291 2077 5064
f 3975 4746 3973
f 5256 2427 242
f 3558 3975 3973
f 3381 10680 10033
f 9377 2881 9378
f 8976 9462 8257
f 9462 8976 8312
f 8257 8712 8976
f 7293 2076 5062
f 6385 3598 4904
f 5256 242 243
f 6383 3729 4230
f 6583 10492 6582
f 5223 4230 3729
f 3134 2449 4972
f 3246 2449 3134
f 9287 4753 4751
f 7287 2075 5060
f 3981 4751 4753
f 9203 4669 4666
f 3876 4666 4669
f 9375 2880 9376
f 6384 3728 4344
f 5108 4344 3728
f 3979 4753 4750
f 7289 2074 5058
f 3234 3220 228
f 5160 10492 5161
f 9373 2879 9374
f 3973 4747 3971
f 10491 4293 5171
f 9285 4748 4750
f 3977 4750 4748
f 3556 3973 3971
f 7285 2073 5056
f 7621 4752 4749
f 4749 7597 7621
f 3978 4749 4752
f 9371 2878 9372
f 9283 4746 4748
f 7281 2072 5054
f 3975 4748 4746
f 3971 4743 3969
f 7284 2071 5053
f 9284 5912 5911
f 3974 5911 5912
f 7283 2070 5052
f 3971 4747 4743
f 3554 3971 3969
f 10491 5172 4294
f 7620 5910 4742
f 3970 4742 5910
f 7277 2069 5050
f 5910 4380 3970
f 9369 2877 9370
f 9281 4747 4746
f 7279 2068 5048
f 3973 4746 4747
f 3969 4745 3967
f 5172 10491 5171
f 3552 3969 3967
f 3972 5910 5911
f 7273 2067 5046
f 3967 4745 4741
f 3967 4741 3965
f 9367 2876 9368
f 7596 4742 4744
f 9277 4744 7619
f 7275 2066 5044
f 4744 9277 7596
f 3968 4744 4742
f 4293 10491 4294
f 3550 3967 3965
f 9438 10745 10314
f 7269 2065 5042
f 3969 4743 4745
f 3965 4738 3963
f 9365 2875 9366
f 4742 7596 7620
f 7271 2064 5040
f 3548 3965 3963
f 9275 4738 4741
f 5775 10739 10066
f 3965 4741 4738
f 3963 4739 3961
f 7265 2063 5038
f 7619 4744 4740
f 9363 2874 9364
f 4740 7595 7619
f 3966 4740 4744
f 7267 2062 5036
f 3961 4739 4737
f 3546 3963 3961
f 5215 10490 5214
f 7618 5908 4736
f 7263 2061 5034
f 3960 4736 5908
f 9361 2873 9362
f 5908 4379 3960
f 7261 2060 5032
f 9273 4739 4738
f 3963 4738 4739
f 4336 10490 4337
f 3961 4737 3959
f 9274 5909 5908
f 7257 2059 5030
f 3962 5908 5909
f 9270 4734 4737
f 7260 2058 5029
f 3959 4737 4734
f 3544 3961 3959
f 7259 2057 5028
f 4736 7594 7618
f 9359 2872 9360
f 3955 4735 4731
f 7253 2056 5026
f 3959 4734 3957
f 6594 10474 10481
f 7617 5906 4730
f 7255 2055 5024
f 3954 4730 5906
f 9357 2871 9358
f 3542 3959 3957
f 7251 2054 5022
f 9268 4735 4734
f 10489 6540 5118
f 3957 4734 4735
f 7249 2053 5020
f 3957 4735 3955
f 9355 2870 9356
f 9269 5907 5906
f 7247 2052 5018
f 3956 5906 5907
f 6540 10489 6539
f 3951 4733 4727
f 7243 2051 5016
f 3540 3957 3955
f 7246 2050 5015
f 7593 4730 4732
f 7245 2049 5014
f 9264 4732 7616
f 9353 2869 9354
f 4732 9264 7593
f 7239 2048 5012
f 3952 4732 4730
f 5117 10489 5118
f 3955 4731 3953
f 7241 2047 5010
f 2779 10680 9942
f 9351 2868 9352
f 3953 4731 4733
f 7235 2046 5008
f 3538 3955 3953
f 10488 5215 6635
f 4730 7593 7617
f 7237 2045 5006
f 4378 4730 3954
f 9385 2885 9386
f 3947 4729 4725
f 7231 2044 5004
f 3953 4733 3951
f 10488 6636 5216
f 7592 4726 4728
f 7233 2043 5002
f 9261 4728 7615
f 9387 2886 9388
f 4728 9261 7592
f 7227 2042 5000
f 3948 4728 4726
f 6636 10488 6635
f 3536 3953 3951
f 7229 2041 4998
f 5215 10488 5216
f 9389 2887 9390
f 3949 4727 4729
f 7225 2040 4996
f 3951 4727 3949
f 7672 10717 7673
f 7616 4732 4726
f 7221 2039 4994
f 4726 7592 7616
f 9341 2863 9342
f 3950 4726 4732
f 7223 2038 4992
f 3534 3951 3949
f 3586 7784 2925
f 9259 4722 4725
f 7217 2037 4990
f 3945 4725 4722
f 2103 3586 2925
f 3949 4729 3947
f 7219 2036 4988
f 7615 4728 4724
f 8980 6791 7083
f 4724 7591 7615
f 6052 8980 7083
f 3946 4724 4728
f 7218 2035 4985
f 3941 4723 4719
f 6173 2840 2839
f 3532 3949 3947
f 7214 2034 4983
f 7614 5904 4718
f 2839 2840 3441
f 3940 4718 5904
f 7209 2095 5092
f 3947 4725 3945
f 7210 2033 4982
f 9357 10721 10307
f 3943 4722 4723
f 3530 3947 3945
f 3945 4722 3943
f 3528 3945 3943
f 9258 5905 5904
f 3942 5904 5905
f 3937 4721 4715
f 3943 4723 3941
f 7590 4718 4720
f 9253 4720 7613
f 4720 9253 7590
f 3938 4720 4718
f 3526 3943 3941
f 10679 5171 10504
f 3939 4719 4721
f 3941 4719 3939
f 4718 7590 7614
f 4377 4718 3940
f 2028 4897 8042
f 3933 4717 4711
f 3234 228 229
f 7792 4768 2459
f 7328 2459 4768
f 3524 3941 3939
f 3939 4721 3937
f 1763 5585 3200
f 1763 3200 5560
f 9450 5921 5415
f 7589 4714 4716
f 9250 4716 7612
f 4716 9250 7589
f 3092 4766 3149
f 5415 4653 4934
f 4934 8950 5415
f 8950 36 5415
f 3934 4716 4714
f 3522 3939 3937
f 3066 8059 6396
f 10481 5173 10487
f 3935 4715 4717
f 3937 4715 3935
f 7613 4720 4714
f 4714 7589 7613
f 1598 8998 3178
f 3936 4714 4720
f 3520 3937 3935
f 5761 6045 5885
f 6593 10487 6592
f 3935 4717 3933
f 3929 4713 4707
f 3518 3935 3933
f 7588 4710 4712
f 4926 3100 6658
f 2224 4926 6658
f 5267 8965 3058
f 8965 2361 3058
f 8189 4917 5733
f 9247 4712 7611
f 4765 3574 3726
f 4712 9247 7588
f 3930 4712 4710
f 3933 4711 3931
f 10670 5165 6587
f 33 9450 5415
f 8956 7332 6669
f 3931 4711 4713
f 3516 3933 3931
f 7800 4764 3576
f 7612 4716 4710
f 6366 3984 5917
f 5917 3984 4370
f 3931 4713 3929
f 3514 3931 3929
f 3929 4707 3927
f 3512 3929 3927
f 3927 4709 3925
f 3510 3927 3925
f 4710 7588 7612
f 3925 4705 3923
f 8594 4938 5754
f 3508 3925 3923
f 5172 10487 5173
f 1591 8594 5754
f 3923 4703 3921
f 3932 4710 4716
f 3506 3923 3921
f 8059 3066 6390
f 3925 4709 4705
f 4960 8059 6390
f 3921 4701 3919
f 6367 3872 5918
f 5918 3872 4382
f 4638 2571 6970
f 7587 4706 4708
f 7767 4348 3572
f 3504 3921 3919
f 3385 2783 3443
f 9244 4708 7610
f 3919 4702 3917
f 4708 9244 7587
f 3926 4708 4706
f 3502 3919 3917
f 10486 9395 9396
f 3927 4707 4709
f 3917 4698 3915
f 3297 1592 3291
f 3500 3917 3915
f 7611 4712 4706
f 4706 7587 7611
f 4775 3604 3732
f 3928 4706 4712
f 3915 4700 3913
f 9242 4703 4705
f 3923 4705 4703
f 7574 3093 2535
f 3498 3915 3913
f 7610 4708 4704
f 4704 7586 7610
f 3924 4704 4708
f 3045 2841 3442
f 3913 4696 3911
f 3442 3456 3045
f 3455 3045 3456
f 9240 4701 4703
f 3921 4703 4701
f 3496 3913 3911
f 3324 2724 3327
f 2724 9299 3327
f 10670 6644 5222
f 3237 2426 2420
f 2426 3237 2435
f 9241 5903 5902
f 3920 5902 5903
f 3917 4702 4698
f 6054 8596 9198
f 3911 4694 3909
f 7609 5901 4697
f 3916 4697 5901
f 3599 9315 1561
f 2841 9302 3442
f 10721 7652 10307
f 5901 4376 3916
f 3494 3911 3909
f 2209 10485 2213
f 5098 1749 5432
f 2495 4638 6970
f 3384 2782 3385
f 2782 9301 3385
f 2987 10485 2988
f 3442 2727 3330
f 9238 4702 4701
f 3909 4693 3907
f 5246 1781 3227
f 3919 4701 4702
f 5227 9933 5222
f 10484 4280 5158
f 3492 3909 3907
f 4345 9933 4346
f 5888 9201 3283
f 3907 4691 3905
f 5920 5888 3283
f 9929 8578 8575
f 3918 5901 5902
f 9929 3385 3443
f 10484 5159 4281
f 3913 4700 4696
f 5159 10484 5158
f 3386 9811 3329
f 3490 3907 3905
f 9925 5879 5761
f 5879 9925 9733
f 7585 4697 4699
f 9925 3455 9733
f 3202 3153 3189
f 9234 4699 7608
f 9677 8852 3629
f 1759 3202 3189
f 4699 9234 7585
f 8519 9808 8575
f 9808 3384 8575
f 3914 4699 4697
f 5419 2385 5428
f 1759 5419 5428
f 3905 4692 3903
f 1603 1601 232
f 1603 232 233
f 4280 10484 4281
f 2440 1603 233
f 3189 3153 198
f 3915 4698 4700
f 199 3189 198
f 3209 4922 9485
f 3236 2429 1557
f 3488 3905 3903
f 3103 3209 9485
f 3724 7783 3723
f 4697 7585 7609
f 7783 1684 3723
f 3177 193 192
f 3903 4688 3901
f 5271 3177 192
f 3177 3210 193
f 9232 4694 4696
f 2428 179 178
f 5255 2428 178
f 3911 4696 4694
f 2428 3267 179
f 3589 4386 3571
f 3486 3903 3901
f 1550 7597 9284
f 1523 7586 9241
f 7608 4699 4695
f 1541 7594 9269
f 3053 2224 6658
f 4695 7584 7608
f 1534 7591 9258
f 1504 7579 9210
f 3912 4695 4699
f 1544 7595 9274
f 8581 3326 3323
f 9230 4693 4694
f 2375 175 2369
f 176 2369 175
f 3909 4694 4693
f 2452 2369 176
f 9934 3611 10048
f 3901 4690 3899
f 1626 9934 10048
f 3213 3104 1780
f 9231 5900 5899
f 3104 5410 1780
f 1780 5410 1756
f 3908 5899 5900
f 8848 9747 3626
f 3104 3213 4962
f 9228 4691 4693
f 10254 3438 3439
f 10254 8572 8571
f 3907 4693 4691
f 7652 10721 7653
f 6644 10670 6587
f 3484 3901 3899
f 10253 3382 3383
f 10253 8518 8517
f 9229 5899 5898
f 6591 10679 10504
f 3382 10253 8517
f 3906 5898 5899
f 10252 3436 3437
f 10252 8570 8569
f 3903 4692 4688
f 3899 4684 3897
f 10686 8570 10252
f 6538 10496 10509
f 7607 5897 4687
f 10251 3381 3382
f 10251 8517 8516
f 3902 4687 5897
f 8517 10251 3382
f 3381 10251 8516
f 3482 3899 3897
f 10250 3390 3391
f 10250 8524 8523
f 9226 4692 4691
f 8524 10250 3391
f 3390 10250 8523
f 3905 4691 4692
f 10249 3335 3336
f 10249 8471 8470
f 3897 4686 3895
f 8471 10249 3336
f 3335 10249 8470
f 3480 3897 3895
f 10248 3391 3392
f 10248 8525 8524
f 3904 5897 5898
f 8525 10248 3392
f 3391 10248 8524
f 3899 4690 4684
f 10247 3336 3337
f 10247 8472 8471
f 3898 4689 3900
f 8472 10247 3337
f 3336 10247 8471
f 7583 4687 4689
f 10246 3392 3393
f 10246 8526 8525
f 9222 4689 7606
f 8526 10246 3393
f 3392 10246 8525
f 4689 9222 7583
f 10245 3337 3338
f 10245 8473 8472
f 3900 4689 4687
f 8473 10245 3338
f 3337 10245 8472
f 3485 3898 3900
f 10244 3393 3394
f 10244 8527 8526
f 5165 10670 5222
f 8527 10244 3394
f 3393 10244 8526
f 3901 4688 4690
f 10243 3338 3339
f 10243 8474 8473
f 3936 4720 3938
f 8474 10243 3339
f 3338 10243 8473
f 4687 7583 7607
f 10242 3394 3395
f 10242 8528 8527
f 4375 4687 3902
f 8528 10242 3395
f 3394 10242 8527
f 3895 4686 4680
f 10241 3339 3340
f 3386 2785 3387
f 3523 3936 3938
f 10241 8475 8474
f 6582 10483 6581
f 7582 4683 4685
f 8475 10241 3340
f 3339 10241 8474
f 9219 4685 7605
f 10240 3395 3396
f 10240 8529 8528
f 4685 9219 7582
f 8529 10240 3396
f 3395 10240 8528
f 3896 4685 4683
f 10239 3340 3341
f 10239 8476 8475
f 3896 4683 3898
f 8476 10239 3341
f 3340 10239 8475
f 5159 10483 5160
f 10238 3396 3397
f 10238 8530 8529
f 3897 4684 4686
f 8530 10238 3397
f 3483 3896 3898
f 3396 10238 8529
f 4656 8061 3138
f 7606 4689 4683
f 10237 3341 3342
f 1769 1772 3290
f 10237 8477 8476
f 4683 7582 7606
f 8477 10237 3342
f 3341 10237 8476
f 3898 4683 4689
f 3934 4714 3936
f 10236 3397 3398
f 10236 8531 8530
f 3891 4682 4676
f 3521 3934 3936
f 8531 10236 3398
f 7581 4679 4681
f 3397 10236 8530
f 9216 4681 7604
f 4681 9216 7581
f 10235 3342 3343
f 10235 8478 8477
f 3892 4681 4679
f 3894 4685 3896
f 8478 10235 3343
f 10644 8614 2867
f 3342 10235 8477
f 3893 4680 4682
f 3481 3894 3896
f 10234 3398 3399
f 10234 8532 8531
f 7605 4685 4679
f 4679 7581 7605
f 8532 10234 3399
f 3894 4679 4685
f 3398 10234 8531
f 3932 4716 3934
f 3887 4678 4674
f 10233 3343 3344
f 10233 8479 8478
f 3519 3932 3934
f 7580 4675 4677
f 8479 10233 3344
f 9213 4677 7603
f 3343 10233 8478
f 4677 9213 7580
f 3888 4677 4675
f 10232 3435 3436
f 10232 8569 8568
f 3892 4679 3894
f 10669 4731 9656
f 10496 5116 10509
f 3889 4676 4678
f 3435 10232 8568
f 3479 3892 3894
f 7604 4681 4675
f 10231 3434 3435
f 10231 8568 8567
f 4675 7580 7604
f 3890 4675 4681
f 8568 10231 3435
f 3930 4710 3932
f 3434 10231 8567
f 9211 4671 4674
f 3885 4674 4671
f 10230 3433 3434
f 10230 8567 8566
f 3517 3930 3932
f 7603 4677 4673
f 8567 10230 3434
f 4673 7579 7603
f 3433 10230 8566
f 3886 4673 4677
f 3881 4672 4668
f 10229 3432 3433
f 10229 8566 8565
f 3950 4732 3952
f 7602 5895 4667
f 8566 10229 3433
f 3880 4667 5895
f 3432 10229 8565
f 5895 4374 3880
f 9209 4672 4671
f 10228 3431 3432
f 10228 8565 8564
f 3883 4671 4672
f 3537 3950 3952
f 8565 10228 3432
f 9210 5896 5895
f 3431 10228 8564
f 3882 5895 5896
f 4670 9204 7577
f 10227 3430 3431
f 10227 8564 8563
f 4372 4670 3877
f 7578 4667 4669
f 8564 10227 3431
f 4669 9205 7578
f 3430 10227 8563
f 3878 4669 4667
f 4373 4669 3878
f 10226 3429 3430
f 10226 8563 8562
f 9206 4670 4668
f 3879 4668 4670
f 8563 10226 3430
f 3890 4681 3892
f 3429 10226 8562
f 4667 7578 7602
f 3477 3890 3892
f 10225 3428 3429
f 10225 8562 8561
f 6665 8825 6668
f 9032 6668 8825
f 8562 10225 3429
f 3928 4712 3930
f 3428 10225 8561
f 5892 6367 9290
f 3872 6367 5892
f 10224 3427 3428
f 10224 8561 8560
f 5892 4381 3872
f 9481 4518 8201
f 8561 10224 3428
f 4518 9481 6179
f 3427 10224 8560
f 6656 8962 6236
f 8962 3736 6236
f 10223 3426 3427
f 10223 8560 8559
f 5894 6366 9289
f 3984 6366 5894
f 8560 10223 3427
f 5894 4371 3984
f 3426 10223 8559
f 4513 6363 5716
f 5716 6363 6373
f 10222 3425 3426
f 10222 8559 8558
f 3515 3928 3930
f 3948 4726 3950
f 8559 10222 3426
f 2387 2381 3207
f 3425 10222 8558
f 3535 3948 3950
f 3207 2381 4942
f 10221 3424 3425
f 10221 8558 8557
f 3888 4675 3890
f 3475 3888 3890
f 8558 10221 3425
f 4966 3129 3198
f 3424 10221 8557
f 3198 3129 2387
f 3926 4706 3928
f 10220 3423 3424
f 10220 8557 8556
f 6848 9482 8312
f 9482 4631 8312
f 8557 10220 3424
f 4631 9482 6234
f 3423 10220 8556
f 8453 2099 8325
f 4511 8453 8325
f 10219 3422 3423
f 10219 8556 8555
f 2097 8325 2099
f 8556 10219 3423
f 3422 10219 8555
f 10218 3421 3422
f 10218 8555 8554
f 8555 10218 3422
f 3582 6364 3596
f 3421 10218 8554
f 10217 3420 3421
f 7628 7198 7199
f 7198 5728 7199
f 10217 8554 8553
f 3087 6373 6363
f 8554 10217 3421
f 3513 3926 3928
f 3733 3087 6363
f 3420 10217 8553
f 10216 3419 3420
f 3745 2528 7774
f 6395 3745 7774
f 10216 8553 8552
f 8717 5437 8715
f 8553 10216 3420
f 9280 1547 9282
f 2236 8717 8715
f 3419 10216 8552
f 10215 3418 3419
f 9237 1520 9239
f 3287 3144 3188
f 10215 8552 8551
f 9225 1513 9227
f 8552 10215 3419
f 9678 8854 3631
f 5246 2362 1781
f 3418 10215 8551
f 3331 2729 3332
f 3144 3605 3188
f 5898 9227 9229
f 10214 3417 3418
f 2451 1781 2362
f 1757 2433 4940
f 8820 5540 8824
f 9295 1497 1498
f 10214 8551 8550
f 4511 3585 3583
f 9292 1498 1497
f 3583 8327 4511
f 5709 5283 3086
f 3246 3128 2378
f 3134 3128 3246
f 3128 2379 2378
f 9294 1553 1554
f 7790 3083 2461
f 4758 5726 7750
f 9291 1554 1553
f 4351 7750 5726
f 3749 6514 8953
f 8953 8960 8596
f 8330 5924 9077
f 5881 9077 5924
f 8960 8953 6514
f 3749 8953 3116
f 4670 9206 9204
f 9206 1501 9204
f 4977 1906 6381
f 2458 4977 6381
f 2458 4952 4977
f 2365 2534 6667
f 4669 9203 9205
f 9203 1501 9205
f 9303 6047 6853
f 6047 3742 6853
f 5246 8949 8051
f 3322 7766 3046
f 2343 8820 8824
f 8051 4916 5246
f 7766 2541 3046
f 6048 4949 5279
f 7202 7790 2461
f 6048 8954 4949
f 1495 6048 5279
f 9726 8462 8581
f 8450 6044 9197
f 5883 9197 6044
f 3183 3162 1770
f 3202 3135 5583
f 8332 5926 9082
f 2410 3202 5583
f 5879 9082 5926
f 3326 8462 3328
f 9235 1519 9233
f 9726 5762 5764
f 8331 5925 9081
f 9245 1525 9243
f 5763 9081 5925
f 4510 2217 2215
f 9287 1552 9286
f 10482 4239 5117
f 9278 1546 9276
f 5918 6522 9294
f 9262 1536 9260
f 8960 164 8596
f 6522 1585 9294
f 7789 4390 7623
f 4390 2856 7623
f 9214 1506 9212
f 8449 6042 9080
f 5880 9080 6042
f 5719 5556 3138
f 8334 5928 9083
f 5765 9083 5928
f 9273 1543 9271
f 8448 6043 9195
f 5877 9195 6043
f 1600 5556 5719
f 8391 5986 9196
f 5878 9196 5986
f 9265 1538 9263
f 8336 5929 9085
f 5767 9085 5929
f 7453 4964 2349
f 8447 6041 9193
f 5768 9193 6041
f 9254 1531 9252
f 8446 6040 9084
f 5766 9084 6040
f 4964 4105 2349
f 8390 5985 9194
f 5822 9194 5985
f 9251 1529 9249
f 8392 5931 9140
f 5823 9140 5931
f 7456 3734 2100
f 8445 6039 9086
f 5876 9086 6039
f 9248 1527 9246
f 8444 6038 9192
f 5875 9192 6038
f 3734 2220 2100
f 8443 6037 9191
f 5874 9191 6037
f 9223 1512 9221
f 8442 6036 9190
f 5873 9190 6036
f 8192 6394 7801
f 8441 6035 9189
f 5872 9189 6035
f 9220 1510 9218
f 8440 6034 9188
f 5871 9188 6034
f 4641 8192 7801
f 8439 6033 9187
f 5870 9187 6033
f 9217 1508 9215
f 8438 6032 9186
f 5869 9186 6032
f 9676 9748 8850
f 8437 6031 9185
f 5868 9185 6031
f 9281 1548 9279
f 8436 6030 9184
f 5867 9184 6030
f 185 9331 2399
f 8435 6029 9183
f 5866 9183 6029
f 9268 1540 9266
f 8434 6028 9182
f 5865 9182 6028
f 2399 186 185
f 8433 6027 9181
f 5864 9181 6027
f 9257 1533 9255
f 8432 6026 9180
f 5863 9180 6026
f 8431 6025 9179
f 5862 9179 6025
f 8430 6024 9178
f 5861 9178 6024
f 8429 6023 9177
f 5860 9177 6023
f 8428 6022 9176
f 2399 2442 186
f 9238 1521 9236
f 5859 9176 6022
f 8427 6021 9175
f 5247 8831 8050
f 5858 9175 6021
f 8426 6020 9174
f 2358 5557 1746
f 5857 9174 6020
f 9226 1514 9224
f 8425 6019 9173
f 5856 9173 6019
f 8424 6018 9172
f 8831 5239 8050
f 5855 9172 6018
f 8423 6017 9171
f 5854 9171 6017
f 4899 2529 2845
f 9209 1503 9207
f 8422 6016 9170
f 5853 9170 6016
f 8421 6015 9169
f 5852 9169 6015
f 8420 6014 9168
f 5920 8830 3871
f 5851 9168 6014
f 8419 6013 9167
f 5850 9167 6013
f 8418 6012 9166
f 5849 9166 6012
f 8417 6011 9165
f 5848 9165 6011
f 8416 6010 9164
f 5847 9164 6010
f 8063 3065 4973
f 8415 6009 9163
f 5846 9163 6009
f 8414 6008 9162
f 9293 4904 3598
f 5845 9162 6008
f 9461 7326 9532
f 8413 6007 9161
f 5888 5920 3871
f 5844 9161 6007
f 9461 6657 7326
f 8412 6006 9160
f 10482 5118 4240
f 5843 9160 6006
f 1752 3250 2360
f 8411 6005 9159
f 5118 10482 5117
f 5842 9159 6005
f 9473 5245 2538
f 8410 6004 9158
f 4758 2538 5245
f 5841 9158 6004
f 3144 5729 3605
f 8409 6003 9157
f 2030 5716 6373
f 5840 9157 6003
f 5745 6393 2030
f 8408 6002 9156
f 6373 5745 2030
f 5839 9156 6002
f 8595 3054 3450
f 8407 6001 9155
f 5885 8595 3450
f 5838 9155 6001
f 3322 3450 3054
f 8406 6000 9154
f 2449 3246 230
f 5837 9154 6000
f 3246 3197 230
f 8405 5999 9153
f 6179 3606 3608
f 5836 9153 5999
f 4508 2216 2210
f 8404 5998 9152
f 2216 2981 2210
f 5835 9152 5998
f 5426 4756 2847
f 8403 5997 9151
f 2847 8999 5426
f 3202 2392 3153
f 5834 9151 5997
f 5908 9272 9274
f 8402 5996 9150
f 9272 1542 9274
f 5833 9150 5996
f 5906 9267 9269
f 8401 5995 9149
f 9267 1539 9269
f 5832 9149 5995
f 5904 9256 9258
f 8400 5994 9148
f 9256 1532 9258
f 5831 9148 5994
f 5895 9208 9210
f 8399 5993 9147
f 9208 1502 9210
f 5830 9147 5993
f 8551 10214 3418
f 8398 5992 9146
f 3209 2428 4922
f 5829 9146 5992
f 3322 7788 7766
f 8397 5991 9145
f 5911 9282 9284
f 5828 9145 5991
f 2436 3278 2387
f 8396 5990 9144
f 2387 3207 2436
f 5827 9144 5990
f 5902 9239 9241
f 8395 5989 9143
f 2387 3278 3198
f 5826 9143 5989
f 4370 3984 4371
f 8394 5988 9142
f 9463 9231 5899
f 5825 9142 5988
f 9463 5899 9229
f 8393 5987 9141
f 9463 1516 9231
f 5824 9141 5987
f 8057 2539 2723
f 8389 5984 9139
f 2539 3323 2723
f 5821 9139 5984
f 1753 4962 5262
f 8388 5983 9138
f 4962 1755 5262
f 5820 9138 5983
f 3417 10214 8550
f 8387 5982 9137
f 3569 4370 4371
f 5819 9137 5982
f 10213 3416 3417
f 8386 5981 9136
f 5729 3079 3605
f 5818 9136 5981
f 10213 8550 8549
f 8385 5980 9135
f 2855 9324 6376
f 5817 9135 5980
f 9324 1902 6376
f 8384 5979 9134
f 3243 2418 3178
f 5816 9134 5979
f 8721 5441 8717
f 8383 5978 9133
f 2418 3220 3178
f 5815 9133 5978
f 8997 6661 3576
f 8382 5977 9132
f 8997 3736 6661
f 5814 9132 5977
f 6661 2854 3576
f 8381 5976 9131
f 8717 2238 8721
f 5813 9131 5976
f 8550 10213 3417
f 8380 5975 9130
f 9679 8856 3633
f 5812 9130 5975
f 3216 182 181
f 8379 5974 9129
f 2529 2226 6385
f 5811 9129 5974
f 1779 3103 3216
f 8378 5973 9128
f 9456 6387 4979
f 5810 9128 5973
f 1779 3216 181
f 8377 5972 9127
f 8850 9748 3628
f 5809 9127 5972
f 8043 3594 4383
f 8376 5971 9126
f 2223 8043 4383
f 5808 9126 5971
f 3070 3063 4349
f 8375 5970 9125
f 4349 3063 8315
f 5807 9125 5970
f 4658 1613 5706
f 8374 5969 9124
f 5706 4774 4658
f 5806 9124 5969
f 1613 253 5706
f 8373 5968 9123
f 3243 8998 5265
f 5805 9123 5968
f 3178 8998 3243
f 8372 5967 9122
f 8603 9444 8977
f 5804 9122 5967
f 7596 1545 1582
f 8371 5966 9121
f 7596 1582 7620
f 5803 9121 5966
f 7593 1537 1579
f 8370 5965 9120
f 7593 1579 7617
f 5802 9120 5965
f 7590 1530 1576
f 8369 5964 9119
f 7590 1576 7614
f 5801 9119 5964
f 7585 1518 1571
f 8368 5963 9118
f 7585 1571 7609
f 5800 9118 5963
f 7583 1511 1569
f 8367 5962 9117
f 7583 1569 7607
f 5799 9117 5962
f 7578 1500 1564
f 8366 5961 9116
f 7578 1564 7602
f 5798 9116 5961
f 8712 9445 8976
f 8365 5960 9115
f 7592 1535 1578
f 5797 9115 5960
f 7592 1578 7616
f 8364 5959 9114
f 7589 1528 1575
f 5796 9114 5959
f 7589 1575 7613
f 8363 5958 9113
f 7588 1526 1574
f 5795 9113 5958
f 7588 1574 7612
f 8362 5957 9112
f 7587 1524 1573
f 5794 9112 5957
f 7587 1573 7611
f 8361 5956 9111
f 7582 1509 1568
f 5793 9111 5956
f 7582 1568 7606
f 8360 5955 9110
f 7581 1507 1567
f 5792 9110 5955
f 7581 1567 7605
f 8359 5954 9109
f 7580 1505 1566
f 5791 9109 5954
f 7580 1566 7604
f 8358 5953 9108
f 7594 1541 1580
f 5790 9108 5953
f 7594 1580 7618
f 8357 5952 9107
f 7595 1544 1581
f 5789 9107 5952
f 7595 1581 7619
f 8356 5951 9106
f 7591 1534 1577
f 5788 9106 5951
f 7591 1577 7615
f 8355 5950 9105
f 7579 1504 1565
f 5787 9105 5950
f 3416 10213 8549
f 8354 5949 9104
f 7579 1565 7603
f 5786 9104 5949
f 8353 5948 9103
f 5785 9103 5948
f 8352 5947 9102
f 5784 9102 5947
f 8351 5946 9101
f 5783 9101 5946
f 8350 5945 9100
f 5782 9100 5945
f 8349 5944 9099
f 5781 9099 5944
f 8348 5943 9098
f 5780 9098 5943
f 8347 5942 9097
f 5779 9097 5942
f 8346 5941 9096
f 5778 9096 5941
f 8345 5940 9095
f 5777 9095 5940
f 8344 5939 9094
f 5776 9094 5939
f 8343 5938 9093
f 5775 9093 5938
f 8342 5937 9092
f 5774 9092 5937
f 8341 5936 9091
f 5773 9091 5936
f 8340 5935 9090
f 5772 9090 5935
f 8339 5934 9089
f 5771 9089 5934
f 8338 5933 9088
f 5770 9088 5933
f 8337 5932 9087
f 5769 9087 5932
f 8335 5930 9079
f 5764 9079 5930
f 8333 5927 9078
f 5762 9078 5927
f 5890 9288 5888
f 7597 1550 1583
f 5888 3871 5890
f 3446 8452 3448
f 7597 1583 7621
f 7586 1523 1572
f 3217 3173 5250
f 1595 3217 5250
f 6398 3454 8951
f 8951 8455 6398
f 7586 1572 7610
f 7584 9464 1570
f 1592 4970 4932
f 7584 1570 7608
f 4513 5716 6523
f 5716 2030 4353
f 5716 4353 6523
f 4751 9290 9287
f 9290 4751 5892
f 9290 1551 9287
f 1551 9290 1584
f 5543 3566 3564
f 3566 3981 3564
f 9680 8858 3635
f 10212 3415 3416
f 2853 4757 1786
f 2924 2853 1786
f 5542 3563 3565
f 3563 3978 3565
f 3735 9725 6057
f 3565 3980 3567
f 3724 9725 3735
f 3564 3979 3562
f 5538 3561 3563
f 4392 5426 9306
f 2218 3044 2219
f 3561 3976 3563
f 6057 9725 6178
f 4386 8959 8958
f 3562 3977 3560
f 9677 9749 8852
f 4635 4934 3099
f 5536 3559 3561
f 9681 8860 3637
f 3106 4769 7205
f 7205 5565 3106
f 7205 4769 3986
f 3559 3974 3561
f 8852 9749 3630
f 3558 3973 3556
f 9682 8862 3639
f 3058 2361 4967
f 7802 37 8950
f 3555 3970 3557
f 3302 3243 5265
f 5265 5717 3302
f 9307 3444 2842
f 8062 9307 2842
f 9678 9750 8854
f 7600 2539 8057
f 8057 2029 7600
f 3560 3975 3558
f 183 1607 182
f 9683 8864 3641
f 2402 3184 3290
f 1772 2402 3290
f 3557 3972 3559
f 3171 4966 2448
f 3055 8052 4915
f 4927 3055 4915
f 8854 9750 3632
f 6662 5734 5100
f 9684 8866 3643
f 3554 3969 3552
f 5530 3551 3553
f 3551 3966 3553
f 9679 9751 8856
f 3556 3971 3554
f 9685 8868 3645
f 3553 3968 3555
f 2353 2405 3154
f 4356 7454 4903
f 4755 4903 7454
f 4640 4356 4903
f 4776 3069 4923
f 3069 3059 4923
f 207 3200 206
f 8856 9751 3634
f 9686 8870 3647
f 3552 3967 3550
f 4925 3131 5249
f 3589 8597 7453
f 5526 3549 3551
f 3549 3964 3551
f 7334 4228 5287
f 3050 5721 4912
f 9680 9752 8858
f 3548 3963 3546
f 5524 3545 3547
f 9687 8872 3649
f 3545 3960 3547
f 6057 8053 4912
f 4239 10482 4240
f 8053 1619 4912
f 5881 5924 5762
f 1607 3215 182
f 6386 2921 7749
f 8858 9752 3636
f 8458 6386 7749
f 6386 8458 3988
f 3550 3965 3548
f 9688 8874 3651
f 3547 3962 3549
f 9681 9753 8860
f 3546 3961 3544
f 7789 4369 2532
f 5520 3543 3545
f 3543 3958 3545
f 9689 8876 3653
f 4650 8963 5096
f 5411 3447 2844
f 3542 3957 3540
f 8860 9753 3638
f 3539 3954 3541
f 9690 8878 3655
f 3544 3959 3542
f 9682 9754 8862
f 5259 3135 1759
f 3135 3202 1759
f 2542 7782 1684
f 3541 3956 3543
f 1684 7083 2542
f 9691 8880 3657
f 4920 5758 6667
f 5758 2365 6667
f 3538 3953 3536
f 5583 5228 8459
f 1593 5583 8459
f 8862 9754 3640
f 3535 3950 3537
f 9692 8882 3659
f 3540 3955 3538
f 9683 9755 8864
f 3537 3952 3539
f 5554 5285 4652
f 9693 8884 3661
f 3534 3949 3532
f 5510 3531 3533
f 3531 3946 3533
f 9317 7776 3324
f 9317 3324 8579
f 4931 3324 7776
f 8864 9755 3642
f 8061 2350 3138
f 3536 3951 3534
f 4653 5415 5921
f 9671 8886 3663
f 3533 3948 3535
f 3668 8888 9721
f 9721 8888 3667
f 9684 9756 8866
f 10212 8549 8548
f 9723 8890 3669
f 3532 3947 3530
f 8866 9756 3644
f 9719 8892 3671
f 3443 2842 3444
f 5233 3136 1777
f 8549 10212 3416
f 3052 2536 3601
f 9685 9757 8868
f 5506 3529 3531
f 3156 2383 1747
f 1747 4905 3156
f 1747 5741 5095
f 5741 1747 2383
f 3415 10212 8548
f 9717 8894 3673
f 3118 9455 8193
f 3529 3944 3531
f 6356 8185 1900
f 8868 9757 3646
f 2427 241 242
f 9672 8896 3675
f 2447 3289 3164
f 3528 3943 3526
f 9319 2231 2530
f 7753 2530 2231
f 9686 9758 8870
f 3525 3940 3527
f 9694 8898 3677
f 3530 3945 3528
f 8870 9758 3648
f 3527 3942 3529
f 9695 8900 3679
f 7771 6241 6648
f 6241 8070 1787
f 3524 3939 3522
f 9687 9759 8872
f 7458 6242 7087
f 6242 8184 1899
f 4665 5251 1907
f 9696 8902 3681
f 7570 6354 7086
f 6354 8183 1788
f 8872 9759 3650
f 3225 3164 3289
f 10211 3414 3415
f 3162 203 3169
f 9697 8904 3683
f 3521 3936 3523
f 7568 6352 7194
f 6352 8181 1898
f 9688 9760 8874
f 3526 3941 3524
f 7567 6351 7193
f 9698 8906 3685
f 6351 8180 1897
f 3523 3938 3525
f 8874 9760 3652
f 7566 6350 7192
f 3520 3935 3518
f 6350 8179 1896
f 4348 5922 5881
f 1751 10743 3141
f 7565 6349 7191
f 9699 8908 3687
f 6349 8178 1895
f 3517 3932 3519
f 9689 9761 8876
f 7564 6348 7190
f 3522 3937 3520
f 6348 8177 1894
f 203 3162 202
f 4963 3115 1905
f 7563 6347 7189
f 6347 8176 1893
f 3519 3934 3521
f 3744 4963 1905
f 3516 3931 3514
f 7562 6346 7188
f 6346 8175 1892
f 7791 4963 3744
f 3513 3928 3515
f 7561 6345 7187
f 6345 8174 1891
f 1606 5432 9314
f 10211 8548 8547
f 7560 6344 7186
f 3518 3933 3516
f 6344 8173 1890
f 9353 10715 10297
f 3515 3930 3517
f 7559 6343 7185
f 6343 8172 1889
f 8718 2239 8720
f 9669 8582 8593
f 7558 6342 7184
f 6342 8171 1888
f 3512 3927 3510
f 5488 3509 3511
f 7557 6341 7183
f 6341 8170 1887
f 3509 3924 3511
f 9669 5883 5880
f 7556 6340 7182
f 6340 8169 1886
f 240 1756 241
f 3514 3929 3512
f 7555 6339 7181
f 6339 8168 1885
f 2541 7792 7805
f 3511 3926 3513
f 7792 2459 7805
f 7554 6338 7180
f 6338 8167 1884
f 3510 3925 3508
f 5484 3507 3509
f 7553 6337 7179
f 6337 8166 1883
f 6379 8952 7200
f 3507 3922 3509
f 8952 4102 7200
f 7552 6336 7178
f 6336 8165 1882
f 3508 3923 3506
f 5482 3505 3507
f 3505 3920 3507
f 7551 6335 7177
f 6335 8164 1881
f 3285 3213 238
f 3504 3919 3502
f 238 3213 239
f 7550 6334 7176
f 3213 1780 239
f 6334 8163 1880
f 3501 3916 3503
f 1780 1756 240
f 3506 3921 3504
f 7549 6333 7175
f 6333 8162 1879
f 4950 5422 4776
f 3503 3918 3505
f 5422 2358 4776
f 7548 6332 7174
f 6332 8161 1878
f 4509 2211 2217
f 3500 3915 3498
f 5476 3497 3499
f 7547 6331 7173
f 3497 3912 3499
f 6331 8160 1877
f 10474 5174 10481
f 3502 3917 3500
f 9700 8910 3689
f 7546 6330 7172
f 6330 8159 1876
f 3499 3914 3501
f 2602 7745 1741
f 8548 10211 3415
f 7545 6329 7171
f 6329 8158 1875
f 3498 3913 3496
f 5472 3495 3497
f 7544 6328 7170
f 6328 8157 1874
f 4507 2213 2211
f 3495 3910 3497
f 6594 10481 6593
f 7543 6327 7169
f 6327 8156 1873
f 3496 3911 3494
f 4505 2209 2213
f 7542 6326 7168
f 6326 8155 1872
f 5470 3493 3495
f 3493 3908 3495
f 7541 6325 7167
f 6325 8154 1871
f 5173 10481 5174
f 4503 2207 2209
f 7540 6324 7166
f 6324 8153 1870
f 3494 3909 3492
f 5468 3491 3493
f 7539 6323 7165
f 6323 8152 1869
f 3491 3906 3493
f 10480 4294 5172
f 7538 6322 7164
f 6322 8151 1868
f 4501 2203 2207
f 3490 3905 3488
f 7537 6321 7163
f 6321 8150 1867
f 10480 5173 4295
f 3487 3902 3489
f 7536 6320 7162
f 6320 8149 1866
f 4499 2205 2203
f 3492 3907 3490
f 7535 6319 7161
f 6319 8148 1865
f 5173 10480 5172
f 4497 2199 2205
f 3489 3904 3491
f 4294 10480 4295
f 7534 6318 7160
f 6318 8147 1864
f 3486 3901 3484
f 4495 2201 2199
f 7533 6317 7159
f 6317 8146 1863
f 3483 3898 3485
f 10479 5118 6540
f 7532 6316 7158
f 6316 8145 1862
f 3488 3903 3486
f 4493 2197 2201
f 7531 6315 7157
f 6315 8144 1861
f 10479 6541 5119
f 3485 3900 3487
f 7530 6314 7156
f 6314 8143 1860
f 4504 2212 2208
f 3482 3897 3480
f 7529 6313 7155
f 6313 8142 1859
f 2212 2979 2208
f 3479 3894 3481
f 7528 6312 7154
f 6312 8141 1858
f 4502 2208 2206
f 2208 2978 2206
f 7527 6311 7153
f 6311 8140 1857
f 3484 3899 3482
f 4498 2202 2204
f 7526 6310 7152
f 6310 8139 1856
f 2202 2976 2204
f 3481 3896 3483
f 4500 2206 2202
f 3478 3893 3476
f 2206 2977 2202
f 3475 3890 3477
f 4494 2198 2200
f 7525 6309 7151
f 2198 2974 2200
f 3480 3895 3478
f 6309 8138 1855
f 4496 2204 2198
f 3477 3892 3479
f 2204 2975 2198
f 3474 3889 3472
f 5450 3471 3473
f 4491 2193 2197
f 7524 6308 7150
f 6308 8137 1854
f 3471 3886 3473
f 6541 10479 6540
f 7523 6307 7149
f 6307 8136 1853
f 3476 3891 3474
f 4492 2200 2196
f 7522 6306 7148
f 6306 8135 1852
f 3473 3888 3475
f 2200 2973 2196
f 7521 6305 7147
f 4487 2191 2195
f 5118 10479 5119
f 4488 2192 2194
f 2192 2971 2194
f 4489 2195 2193
f 10478 4335 5213
f 4490 2196 2192
f 2196 2972 2192
f 6305 8134 1851
f 3472 3887 3470
f 4485 2187 2191
f 7520 6304 7146
f 6304 8133 1850
f 5446 3469 3471
f 3469 3884 3471
f 7519 6303 7145
f 6303 8132 1849
f 10745 7736 10314
f 4730 4378 3952
f 7518 6302 7144
f 3468 3883 3466
f 4486 2194 2190
f 6302 8131 1848
f 3465 3880 3467
f 2194 2970 2190
f 3470 3885 3468
f 4481 2183 2189
f 5214 10478 5213
f 7517 6301 7143
f 6301 8130 1847
f 3467 3882 3469
f 4482 2186 2188
f 7516 6300 7142
f 3464 3879 3462
f 2186 2968 2188
f 4483 2189 2187
f 5440 3461 3463
f 3461 3876 3463
f 4335 10478 4336
f 4484 2190 2186
f 6300 8129 1846
f 3466 3881 3464
f 2190 2969 2186
f 3414 10211 8547
f 1756 2433 241
f 3463 3878 3465
f 4477 2179 2185
f 7514 6298 7140
f 6298 8127 1841
f 10477 9342 9343
f 3462 3877 3460
f 7513 6297 7139
f 6297 8126 1840
f 2571 1682 7780
f 4478 2182 2184
f 7512 6296 7138
f 6296 8125 1839
f 7198 1682 2571
f 9484 9316 2926
f 7511 6295 7137
f 6295 8124 1838
f 3584 2926 9316
f 2182 2966 2184
f 7510 6294 7136
f 6294 8123 1837
f 9316 9484 6967
f 3584 9316 2101
f 7509 6293 7135
f 6293 8122 1836
f 4666 9289 9203
f 4479 2185 2183
f 7508 6292 7134
f 6292 8121 1835
f 9289 4666 5894
f 9289 1499 9203
f 7507 6291 7133
f 6291 8120 1834
f 1499 9289 1563
f 2392 5744 5550
f 7506 6290 7132
f 5744 2384 5550
f 3244 2359 3249
f 6290 8119 1833
f 5740 3317 5406
f 10715 7648 10297
f 3744 7456 7791
f 4480 2188 2182
f 2188 2967 2182
f 4473 2177 2181
f 10476 5214 6634
f 4657 1611 5707
f 7505 6289 7131
f 1611 168 5707
f 6289 8118 1832
f 4474 2178 2180
f 4931 6058 2724
f 7504 6288 7130
f 6288 8117 1831
f 3324 4931 2724
f 2178 2964 2180
f 7503 6287 7129
f 6287 8116 1830
f 4475 2181 2179
f 2216 6510 8322
f 7502 6286 7128
f 6286 8115 1829
f 8322 6510 5701
f 10476 6635 5215
f 7501 6285 7127
f 6285 8114 1828
f 4476 2184 2178
f 4382 3872 4381
f 7500 6284 7126
f 6284 8113 1827
f 3457 4382 4381
f 5257 2364 2452
f 7499 6283 7125
f 6283 8112 1826
f 4718 4377 3938
f 3179 1776 2443
f 1776 3179 2398
f 7498 6282 7124
f 6282 8111 1825
f 8876 9761 3654
f 2184 2965 2178
f 7497 6281 7123
f 6281 8110 1824
f 2369 2452 2364
f 2845 2529 9068
f 7496 6280 7122
f 6280 8109 1823
f 2603 1625 7781
f 4471 2173 2177
f 7495 6279 7121
f 6279 8108 1822
f 6971 1625 2603
f 6635 10476 6634
f 7494 6278 7120
f 6278 8107 1821
f 4363 3570 3985
f 4472 2180 2176
f 7493 6277 7119
f 6277 8106 1820
f 9319 7326 6668
f 9452 6668 7326
f 7492 6276 7118
f 6276 8105 1819
f 2180 2963 2176
f 4467 2169 2175
f 7491 6275 7117
f 6275 8104 1818
f 7329 6374 7748
f 4960 9456 3739
f 7490 6274 7116
f 6274 8103 1817
f 3739 9456 2347
f 5214 10476 5215
f 7489 6273 7115
f 6273 8102 1816
f 3739 8059 4960
f 4468 2172 2174
f 7488 6272 7114
f 6272 8101 1815
f 2172 2961 2174
f 4469 2175 2173
f 7487 6271 7113
f 6271 8100 1814
f 3572 10475 9793
f 4470 2176 2172
f 7486 6270 7112
f 6270 8099 1813
f 2176 2962 2172
f 4463 2165 2171
f 7485 6269 7111
f 6269 8098 1812
f 8958 2845 9068
f 5881 10475 4348
f 7484 6268 7110
f 6268 8097 1811
f 5256 3142 2427
f 4464 2168 2170
f 7483 6267 7109
f 6267 8096 1810
f 6385 4904 9068
f 4904 8958 9068
f 7482 6266 7108
f 6266 8095 1809
f 2168 2959 2170
f 4465 2171 2169
f 7481 6265 7107
f 6265 8094 1808
f 10475 5881 9793
f 4466 2174 2168
f 7480 6264 7106
f 6264 8093 1807
f 2174 2960 2168
f 4459 2161 2167
f 7479 6263 7105
f 6263 8092 1806
f 7207 4352 3068
f 5281 3068 4352
f 7478 6262 7104
f 6262 8091 1805
f 10475 3572 4348
f 4460 2164 2166
f 7477 6261 7103
f 6261 8090 1804
f 9483 3606 7779
f 3606 9483 3608
f 7476 6260 7102
f 6260 8089 1803
f 2164 2957 2166
f 4461 2167 2165
f 7475 6259 7101
f 6259 8088 1802
f 6539 10489 10496
f 218 3199 219
f 7474 6258 7100
f 6258 8087 1801
f 4462 2170 2164
f 2170 2958 2164
f 7473 6257 7099
f 6257 8086 1800
f 10210 3413 3414
f 4455 2157 2163
f 7472 6256 7098
f 6256 8085 1799
f 10474 6595 5175
f 6595 10474 6594
f 7471 6255 7097
f 6255 8084 1798
f 4456 2160 2162
f 2453 1782 2363
f 7470 6254 7096
f 6254 8083 1797
f 9204 1499 7577
f 2160 2955 2162
f 7469 6253 7095
f 6253 8082 1796
f 9205 1500 7578
f 7576 6360 7197
f 7468 6252 7094
f 6252 8081 1795
f 4457 2163 2161
f 2542 1685 7782
f 7467 6251 7093
f 6251 8080 1794
f 7082 1685 2542
f 5174 10474 5175
f 7466 6250 7092
f 6250 8079 1793
f 4458 2166 2160
f 2166 2956 2160
f 7465 6249 7091
f 6249 8078 1792
f 8831 2363 1782
f 4451 2155 2159
f 7464 6248 7090
f 6248 8077 1791
f 3568 3983 3566
f 5541 3568 3566
f 7463 6247 7089
f 6247 8076 1790
f 9070 10743 2225
f 4452 2156 2158
f 7462 6246 7088
f 6246 8075 1789
f 2156 2953 2158
f 4453 2159 2157
f 5720 245 9730
f 5584 9730 244
f 4380 3557 3970
f 7648 10715 7649
f 7460 6244 7141
f 6244 8073 1842
f 4454 2162 2156
f 2162 2954 2156
f 7459 6243 7085
f 6243 8072 1845
f 4449 2153 2155
f 6581 10473 6580
f 7571 6355 7195
f 10210 8547 8546
f 4450 2158 2154
f 2158 2952 2154
f 7772 6240 6649
f 6240 8069 1844
f 4447 2149 2153
f 4379 3547 3960
f 5158 10473 5159
f 4448 2154 2152
f 2154 2951 2152
f 4443 2145 2151
f 10472 4279 5157
f 244 9730 245
f 4444 2148 2150
f 2148 2949 2150
f 4445 2151 2149
f 10472 5158 4280
f 4378 3539 3952
f 4446 2152 2148
f 2152 2950 2148
f 9066 3121 2437
f 4439 2143 2147
f 5251 1908 7457
f 5158 10472 5157
f 4440 2144 2146
f 3142 5233 2427
f 2144 2947 2146
f 4441 2147 2145
f 4279 10472 4280
f 4442 2150 2144
f 2150 2948 2144
f 4437 2141 2143
f 7773 6239 6660
f 8547 10210 3414
f 10471 5119 6541
f 4438 2146 2142
f 2146 2946 2142
f 4435 2139 2141
f 10471 6542 5120
f 4377 3525 3938
f 4436 2142 2140
f 2142 2945 2140
f 4433 2135 2139
f 6542 10471 6541
f 4434 2140 2138
f 2140 2944 2138
f 4429 2131 2137
f 5119 10471 5120
f 4430 2134 2136
f 2134 2942 2136
f 4431 2137 2135
f 10470 4240 5118
f 4432 2138 2134
f 2138 2943 2134
f 4425 2127 2133
f 10470 5119 4241
f 4426 2130 2132
f 4376 3503 3916
f 2130 2940 2132
f 4427 2133 2131
f 5119 10470 5118
f 4428 2136 2130
f 2136 2941 2130
f 4421 2123 2129
f 4240 10470 4241
f 4422 2126 2128
f 2126 2938 2128
f 4423 2129 2127
f 10469 5213 6633
f 4424 2132 2126
f 2132 2939 2126
f 4417 2119 2125
f 10469 6634 5214
f 4419 2125 2123
f 4375 3487 3900
f 6634 10469 6633
f 4420 2128 2122
f 2128 2937 2122
f 4413 2117 2121
f 5213 10469 5214
f 4687 4375 3900
f 4415 2121 2119
f 10468 4295 5173
f 4411 2113 2117
f 10468 5174 4296
f 4407 2109 2115
f 2109 3036 2115
f 4409 2115 2113
f 2115 3035 2113
f 4405 2111 2109
f 2111 3037 2109
f 4418 2122 2124
f 2122 2936 2124
f 4416 2124 2118
f 4374 3467 3880
f 2124 2935 2118
f 4414 2118 2120
f 4372 3462 3879
f 4373 3463 3876
f 2118 2934 2120
f 4403 2107 2111
f 2107 3038 2111
f 3459 3874 3461
f 10669 9265 4733
f 4506 2210 2212
f 2210 2980 2212
f 4412 2120 2116
f 2120 2933 2116
f 4410 2116 2112
f 9063 5543 8819
f 2116 2932 2112
f 4408 2112 2114
f 2112 2931 2114
f 4406 2114 2108
f 9062 5537 8813
f 9061 5532 8816
f 2114 2930 2108
f 4404 2108 2110
f 2108 2929 2110
f 9060 5535 8809
f 4401 2105 2107
f 2105 3039 2107
f 4402 2110 2106
f 2110 2928 2106
f 8821 5541 8823
f 9059 5531 8807
f 2342 8821 8823
f 9032 2233 2231
f 2233 7323 2231
f 9058 5522 8806
f 9057 5523 8805
f 8793 5513 8795
f 8795 2314 8793
f 8741 5461 8743
f 8743 2262 8741
f 5421 5575 201
f 9056 5521 8797
f 8737 5457 8739
f 9790 2445 247
f 8739 2258 8737
f 8733 5453 8735
f 8735 2254 8733
f 8729 5449 8731
f 8731 2250 8729
f 9055 5519 8793
f 5720 9790 246
f 8809 5529 8811
f 8811 2330 8809
f 9054 5515 8789
f 8789 5509 8791
f 8791 2310 8789
f 8727 5447 8723
f 8723 2246 8727
f 9053 5511 8787
f 8807 5527 8803
f 8803 2326 8807
f 8321 1743 4663
f 246 9790 247
f 9052 5503 8785
f 8787 5507 8783
f 8783 2306 8787
f 4393 4971 3573
f 4971 2852 3573
f 8813 5533 8815
f 9807 4951 3738
f 8815 2334 8813
f 9051 5499 8781
f 8797 5517 8799
f 8799 2318 8797
f 5553 9807 3738
f 9050 5495 8777
f 8745 5465 8747
f 8747 2266 8745
f 9806 2840 2725
f 9049 5491 8773
f 8763 5483 8759
f 8759 2282 8763
f 4670 4372 3879
f 8751 5471 8749
f 9048 5487 8769
f 8749 2270 8751
f 9806 3328 3441
f 245 5720 246
f 3328 9806 2725
f 9047 5485 8763
f 2840 9806 3441
f 3870 9805 6056
f 9046 5478 8762
f 9045 5479 8761
f 8819 5539 8817
f 8817 2338 8819
f 8725 5445 8719
f 8719 2242 8725
f 8785 5505 8779
f 5174 10468 5173
f 3090 8054 1750
f 4660 8054 3090
f 9044 5475 8757
f 8779 2302 8785
f 4669 4373 3876
f 8781 5501 8775
f 8775 2298 8781
f 9043 5473 8751
f 8777 5497 8771
f 8771 2294 8777
f 8773 5493 8767
f 9042 5469 8745
f 4928 9805 8199
f 8767 2290 8773
f 8761 5481 8755
f 8755 2278 8761
f 4900 3149 3098
f 2356 4900 3098
f 9041 5467 8741
f 9805 4928 6056
f 8805 5525 8801
f 6178 6849 8053
f 8801 2322 8805
f 9040 5463 8737
f 9805 3870 8199
f 8769 5489 8765
f 8765 2286 8769
f 5559 6657 8591
f 3413 10210 8546
f 2850 8591 6657
f 8757 5477 8753
f 9028 8823 9063
f 9039 5459 8733
f 8823 5543 9063
f 9063 2340 9028
f 9804 2916 9441
f 8753 2274 8757
f 5245 3204 4758
f 3204 5726 4758
f 3204 2352 5726
f 9038 5455 8729
f 7628 1683 1682
f 1683 3607 1682
f 2460 5426 8999
f 3214 3286 238
f 3214 238 239
f 9037 5451 8727
f 9027 8817 9062
f 8817 5537 9062
f 9062 2336 9027
f 10209 3412 3413
f 1777 3214 239
f 2396 3255 228
f 9026 8815 9060
f 8815 5535 9060
f 9060 2332 9026
f 9036 5442 8726
f 1771 2396 227
f 9035 5443 8725
f 227 2396 228
f 4400 2106 2104
f 2106 2927 2104
f 5098 3118 4663
f 8812 5532 9061
f 9034 5439 8721
f 9025 8811 9059
f 8811 5531 9059
f 9059 2328 9025
f 9804 7739 9440
f 7748 4633 4389
f 9033 5436 8720
f 4399 2102 2105
f 2102 3040 2105
f 4959 5718 3170
f 3602 3076 3147
f 5732 3147 3076
f 7739 9804 9441
f 2916 9804 9440
f 4959 3170 3245
f 10209 8546 8545
f 3245 3170 5271
f 3245 3248 4959
f 8546 10209 3413
f 1601 231 232
f 3412 10209 8545
f 5405 4777 7452
f 4777 1968 7452
f 10208 3411 3412
f 4967 5923 5916
f 9024 8803 9057
f 8803 5523 9057
f 9057 2324 9024
f 1587 4967 5916
f 8802 5522 9058
f 9202 5889 6369
f 9023 8801 9056
f 8801 5521 9056
f 9056 2320 9023
f 1553 9202 6369
f 1601 1773 231
f 2398 3179 3156
f 9022 8799 9055
f 8799 5519 9055
f 9055 2316 9022
f 3143 2398 3156
f 5745 4645 6393
f 2398 3143 1755
f 4936 8961 4956
f 6393 4645 3751
f 8961 257 4956
f 10208 8545 8544
f 8545 10208 3412
f 3603 3077 3145
f 9021 8795 9054
f 8795 5515 9054
f 9054 2312 9021
f 5730 3145 3077
f 3411 10208 8544
f 5730 3077 5276
f 10207 3410 3411
f 10207 8544 8543
f 9701 8912 3691
f 3225 2400 205
f 8544 10207 3411
f 2400 206 205
f 9020 8791 9053
f 8791 5511 9053
f 9053 2308 9020
f 8990 4362 5738
f 3410 10207 8543
f 3596 8990 5738
f 8990 3067 4362
f 10206 3409 3410
f 2445 4955 3079
f 10206 8543 8542
f 8543 10206 3410
f 4382 3571 4386
f 4643 5886 5884
f 5729 2445 3079
f 9064 5545 6357
f 7766 8189 5733
f 2230 9064 6357
f 4771 8189 7766
f 7766 7788 4771
f 3409 10206 8542
f 10205 3408 3409
f 10205 8542 8541
f 2386 5547 2424
f 2983 2219 3044
f 9019 8783 9052
f 8783 5503 9052
f 9052 2304 9019
f 8542 10205 3409
f 3408 10205 8541
f 8455 7574 2535
f 8828 5921 8967
f 1757 5584 243
f 5886 3597 5884
f 2433 1757 242
f 242 1757 243
f 5166 5223 6531
f 9018 8779 9051
f 7804 4778 1969
f 7333 1969 4778
f 3071 8989 8966
f 5166 4230 5223
f 8779 5499 9051
f 1747 2227 4905
f 9051 2300 9018
f 10204 3407 3408
f 5110 5108 6643
f 10204 8541 8540
f 3094 3139 3573
f 5110 4344 5108
f 8826 6235 8714
f 8714 2346 8826
f 7331 1903 6361
f 8541 10204 3408
f 3407 10204 8540
f 10203 3406 3407
f 10203 8540 8539
f 9460 8047 5567
f 3088 9460 4761
f 8540 10203 3407
f 5567 4761 9460
f 9017 8775 9050
f 8775 5495 9050
f 7806 4779 1968
f 7452 1968 4779
f 4755 4770 7799
f 4903 4755 7799
f 9050 2296 9017
f 3406 10203 8539
f 10202 3405 3406
f 5923 3318 8452
f 7807 4895 1970
f 7336 1970 4895
f 7808 4837 1967
f 7450 1967 4837
f 7922 4780 1910
f 7337 1910 4780
f 7809 4894 1971
f 7448 1971 4894
f 7921 4893 2027
f 7335 2027 4893
f 7810 4838 1972
f 7394 1972 4838
f 7919 4892 2026
f 7338 2026 4892
f 7918 4891 2025
f 7447 2025 4891
f 7917 4890 2024
f 7446 2024 4890
f 7916 4889 2023
f 7445 2023 4889
f 7915 4888 2022
f 10202 8539 8538
f 7444 2022 4888
f 7914 4887 2021
f 7443 2021 4887
f 7913 4886 2020
f 7442 2020 4886
f 7912 4885 2019
f 7441 2019 4885
f 7911 4884 2018
f 7440 2018 4884
f 7910 4883 2017
f 7439 2017 4883
f 7909 4882 2016
f 7438 2016 4882
f 7908 4881 2015
f 7437 2015 4881
f 7907 4880 2014
f 7436 2014 4880
f 7906 4879 2013
f 7435 2013 4879
f 7905 4878 2012
f 7434 2012 4878
f 7904 4877 2011
f 7433 2011 4877
f 7903 4876 2010
f 7432 2010 4876
f 7902 4875 2009
f 7431 2009 4875
f 7901 4874 2008
f 7430 2008 4874
f 7900 4873 2007
f 7429 2007 4873
f 7899 4872 2006
f 7428 2006 4872
f 7898 4871 2005
f 7427 2005 4871
f 7897 4870 2004
f 7426 2004 4870
f 7896 4869 2003
f 7425 2003 4869
f 7895 4868 2002
f 7424 2002 4868
f 7894 4867 2001
f 3318 3448 8452
f 7423 2001 4867
f 7893 4866 2000
f 7202 2461 2462
f 7422 2000 4866
f 7892 4865 1999
f 7421 1999 4865
f 7891 4864 1998
f 7420 1998 4864
f 7890 4863 1997
f 7419 1997 4863
f 7889 4862 1996
f 7418 1996 4862
f 7888 4861 1995
f 7417 1995 4861
f 7887 4860 1994
f 7416 1994 4860
f 7886 4859 1993
f 7415 1993 4859
f 7885 4858 1992
f 7414 1992 4858
f 7884 4857 1991
f 7413 1991 4857
f 7883 4856 1990
f 7412 1990 4856
f 7882 4855 1989
f 7411 1989 4855
f 7881 4854 1988
f 7410 1988 4854
f 7880 4853 1987
f 7409 1987 4853
f 7879 4852 1986
f 7408 1986 4852
f 7878 4851 1985
f 7407 1985 4851
f 7877 4850 1984
f 2461 8047 2462
f 9277 1545 7596
f 7406 1984 4850
f 7876 4849 1983
f 7405 1983 4849
f 7875 4848 1982
f 7404 1982 4848
f 7874 4847 1981
f 7403 1981 4847
f 7873 4846 1980
f 7402 1980 4846
f 7872 4845 1979
f 7401 1979 4845
f 7871 4844 1978
f 7400 1978 4844
f 9264 1537 7593
f 7870 4843 1977
f 229 2449 230
f 7399 1977 4843
f 9261 1535 7592
f 7869 4842 1976
f 9253 1530 7590
f 7398 1976 4842
f 7868 4841 1975
f 7397 1975 4841
f 7867 4840 1974
f 7396 1974 4840
f 7866 4839 1973
f 7395 1973 4839
f 7865 4836 1966
f 7449 1966 4836
f 7864 4835 1965
f 7393 1965 4835
f 7863 4834 1964
f 7392 1964 4834
f 7862 4833 1963
f 7391 1963 4833
f 7861 4832 1962
f 7390 1962 4832
f 7860 4831 1961
f 7389 1961 4831
f 7859 4830 1960
f 7388 1960 4830
f 7858 4829 1959
f 7387 1959 4829
f 7857 4828 1958
f 7386 1958 4828
f 7856 4827 1957
f 7385 1957 4827
f 7855 4826 1956
f 7384 1956 4826
f 7854 4825 1955
f 7383 1955 4825
f 7853 4824 1954
f 7382 1954 4824
f 7852 4823 1953
f 7381 1953 4823
f 7851 4822 1952
f 7380 1952 4822
f 7850 4821 1951
f 7379 1951 4821
f 7849 4820 1950
f 7378 1950 4820
f 7848 4819 1949
f 7377 1949 4819
f 7847 4818 1948
f 7376 1948 4818
f 7846 4817 1947
f 7375 1947 4817
f 7845 4816 1946
f 7374 1946 4816
f 7844 4815 1945
f 7373 1945 4815
f 7843 4814 1944
f 3255 2449 229
f 7372 1944 4814
f 7842 4813 1943
f 7371 1943 4813
f 7841 4812 1942
f 7370 1942 4812
f 7840 4811 1941
f 7369 1941 4811
f 7839 4810 1940
f 7368 1940 4810
f 7838 4809 1939
f 7367 1939 4809
f 7837 4808 1938
f 7366 1938 4808
f 7836 4807 1937
f 7365 1937 4807
f 7835 4806 1936
f 7364 1936 4806
f 7834 4805 1935
f 7363 1935 4805
f 7833 4804 1934
f 7362 1934 4804
f 9250 1528 7589
f 7832 4803 1933
f 201 5419 200
f 7361 1933 4803
f 5421 201 200
f 7831 4802 1932
f 5420 219 220
f 7360 1932 4802
f 7830 4801 1931
f 7359 1931 4801
f 7829 4800 1930
f 7358 1930 4800
f 7828 4799 1929
f 7357 1929 4799
f 7827 4798 1928
f 7356 1928 4798
f 7826 4797 1927
f 7355 1927 4797
f 7825 4796 1926
f 7354 1926 4796
f 7824 4795 1925
f 7353 1925 4795
f 7823 4794 1924
f 7352 1924 4794
f 7822 4793 1923
f 7351 1923 4793
f 7821 4792 1922
f 7350 1922 4792
f 7820 4791 1921
f 7349 1921 4791
f 7819 4790 1920
f 7348 1920 4790
f 7818 4789 1919
f 7347 1919 4789
f 7817 4788 1918
f 7346 1918 4788
f 7816 4787 1917
f 7345 1917 4787
f 7815 4786 1916
f 7344 1916 4786
f 7814 4785 1915
f 7343 1915 4785
f 9247 1526 7588
f 7813 4784 1914
f 7342 1914 4784
f 7812 4783 1913
f 7341 1913 4783
f 7811 4782 1912
f 7340 1912 4782
f 7920 4781 1911
f 7339 1911 4781
f 7923 4896 2028
f 7334 2028 4896
f 9016 8771 9049
f 8771 5491 9049
f 9049 2292 9016
f 9244 1524 7587
f 8539 10202 3406
f 9234 1518 7585
f 9222 1511 7583
f 4396 3582 2102
f 9219 1509 7582
f 9216 1507 7581
f 9213 1505 7580
f 3582 3041 2102
f 9065 5435 6358
f 4958 2394 3311
f 9015 8767 9048
f 8767 5487 9048
f 9048 2288 9015
f 2380 2394 4958
f 8827 9065 6358
f 3873 6370 5890
f 9014 8765 9047
f 8765 5485 9047
f 9047 2284 9014
f 5890 4365 3873
f 6664 6358 6398
f 3405 10202 8538
f 6358 3454 6398
f 8597 3571 6235
f 1601 1603 2380
f 7749 4104 4225
f 4104 4947 4225
f 10201 3404 3405
f 10201 8538 8537
f 2394 2380 1603
f 4947 2924 6969
f 8538 10201 3405
f 2445 5729 248
f 247 2445 248
f 4900 3158 3149
f 3158 3092 3149
f 3404 10201 8537
f 6791 8039 2464
f 2464 7083 6791
f 5575 2386 202
f 2348 7324 7755
f 7324 2097 7755
f 9013 8759 9045
f 8759 5479 9045
f 203 2386 3164
f 9045 2280 9013
f 2386 203 202
f 10200 3403 3404
f 8758 5478 9046
f 10200 8537 8536
f 8537 10200 3404
f 3403 10200 8536
f 10199 3402 3403
f 178 5257 177
f 10199 8536 8535
f 8536 10199 3403
f 5257 2452 177
f 3402 10199 8535
f 9012 8755 9044
f 8755 5475 9044
f 9044 2276 9012
f 10198 3401 3402
f 10198 8535 8534
f 7080 1739 2599
f 9011 8753 9043
f 8753 5473 9043
f 9043 2272 9011
f 182 3215 181
f 3102 1778 3215
f 8535 10198 3402
f 3215 1778 181
f 3401 10198 8534
f 7078 1737 2598
f 3164 204 203
f 3219 3233 192
f 10197 3400 3401
f 3201 3219 193
f 193 3219 192
f 7076 1735 2597
f 9010 8749 9042
f 3198 3278 189
f 8457 1555 6522
f 8749 5469 9042
f 10197 8534 8533
f 9042 2268 9010
f 8042 4897 2029
f 7327 2029 4897
f 190 3198 189
f 8534 10197 3401
f 1604 1602 188
f 7074 1733 2596
f 1604 188 187
f 3400 10197 8533
f 2442 1604 187
f 7072 1731 2595
f 10196 3399 3400
f 10196 8533 8532
f 8533 10196 3400
f 7070 1729 2594
f 3399 10196 8532
f 2415 3176 8994
f 8994 3159 2415
f 10195 3379 3380
f 10195 8515 8514
f 1758 9071 5241
f 8515 10195 3380
f 9009 8747 9041
f 8747 5467 9041
f 9041 2264 9009
f 9690 9762 8878
f 3379 10195 8514
f 7068 1727 2593
f 10194 3378 3379
f 10194 8514 8513
f 8514 10194 3379
f 3378 10194 8513
f 10193 3377 3378
f 7066 1725 2592
f 9008 8743 9040
f 3080 3101 7208
f 10193 8513 8512
f 8513 10193 3378
f 3377 10193 8512
f 8743 5463 9040
f 4769 4930 3157
f 4930 1588 3157
f 9040 2260 9008
f 7064 1723 2591
f 209 2435 208
f 3207 2441 2436
f 4957 5266 3305
f 10192 3376 3377
f 5266 1752 3305
f 7062 1721 2590
f 3127 3248 1602
f 3084 3127 1602
f 10192 8512 8511
f 3194 4926 2224
f 2224 8985 3194
f 8985 1746 3194
f 7748 8991 7329
f 7060 1719 2589
f 8512 10192 3377
f 8991 2535 7329
f 9007 8739 9039
f 8739 5459 9039
f 9039 2256 9007
f 9702 8914 3693
f 5730 5276 1608
f 3376 10192 8511
f 4778 7804 2458
f 3227 1783 5276
f 7058 1717 2588
f 2442 2399 5266
f 10191 3375 3376
f 10191 8511 8510
f 2385 5419 201
f 8511 10191 3376
f 7056 1715 2587
f 3375 10191 8510
f 202 2385 201
f 9006 8735 9038
f 8735 5455 9038
f 9038 2252 9006
f 10190 3374 3375
f 3141 4921 1751
f 10743 9070 3141
f 7054 1713 2586
f 194 3201 193
f 10190 8510 8509
f 3211 3201 194
f 8510 10190 3375
f 3374 10190 8509
f 10189 3373 3374
f 9005 8731 9037
f 8731 5451 9037
f 9037 2248 9005
f 7052 1711 2585
f 9579 2983 3044
f 3044 4359 9579
f 10189 8509 8508
f 9579 4359 8040
f 191 2448 190
f 7050 1709 2584
f 3233 2448 191
f 8991 7748 2232
f 8509 10189 3374
f 9470 3136 5233
f 3373 10189 8508
f 7048 1707 2583
f 10188 3372 3373
f 1606 3214 5432
f 10188 8508 8507
f 1605 1755 4962
f 8508 10188 3373
f 7046 1705 2582
f 3372 10188 8507
f 3247 1773 5556
f 9004 8723 9035
f 8723 5443 9035
f 9035 2244 9004
f 10187 3371 3372
f 8722 5442 9036
f 1773 1601 5556
f 7044 1703 2581
f 1602 189 188
f 10187 8507 8506
f 8507 10187 3372
f 1781 1783 3227
f 3371 10187 8506
f 9003 8719 9034
f 8719 5439 9034
f 9034 2240 9003
f 7042 1701 2580
f 10186 3370 3371
f 3209 3103 1779
f 9002 8716 9033
f 8716 5436 9033
f 9033 2237 9002
f 10186 8506 8505
f 5238 3268 2378
f 7040 1699 2579
f 8878 9762 3656
f 3597 8046 5884
f 8506 10186 3371
f 192 3233 191
f 3370 10186 8505
f 7038 1697 2578
f 243 5584 244
f 2395 215 216
f 10185 3369 3370
f 3161 3199 218
f 7036 1695 2577
f 10185 8505 8504
f 8505 10185 3370
f 217 3161 218
f 3369 10185 8504
f 7034 1693 2576
f 1740 7081 2600
f 10184 3368 3369
f 10184 8504 8503
f 8504 10184 3369
f 3368 10184 8503
f 10183 3367 3368
f 1738 7079 2599
f 10183 8503 8502
f 8503 10183 3368
f 3367 10183 8502
f 10182 3366 3367
f 7032 1691 2575
f 1736 7077 2598
f 10182 8502 8501
f 8502 10182 3367
f 3366 10182 8501
f 241 2433 242
f 10181 3365 3366
f 1734 7075 2597
f 10181 8501 8500
f 8501 10181 3366
f 3365 10181 8500
f 10180 3364 3365
f 7030 1689 2574
f 1732 7073 2596
f 10180 8500 8499
f 3204 1757 2352
f 8500 10180 3365
f 3364 10180 8499
f 7029 1688 2573
f 1730 7071 2595
f 4295 10468 4296
f 10179 3363 3364
f 10179 8499 8498
f 5431 3102 3215
f 7025 1679 2570
f 1728 7069 2594
f 8499 10179 3364
f 3363 10179 8498
f 10178 3362 3363
f 10178 8498 8497
f 8498 10178 3363
f 1726 7067 2593
f 3362 10178 8497
f 10177 3361 3362
f 10177 8497 8496
f 8497 10177 3362
f 7023 1677 2569
f 1724 7065 2592
f 3361 10177 8496
f 10176 3360 3361
f 10176 8496 8495
f 8496 10176 3361
f 3360 10176 8495
f 1722 7063 2591
f 2362 5256 2451
f 10175 3359 3360
f 10175 8495 8494
f 8495 10175 3360
f 7021 1675 2568
f 1720 7061 2590
f 3359 10175 8494
f 10174 3358 3359
f 10174 8494 8493
f 8494 10174 3359
f 3358 10174 8493
f 10173 3357 3358
f 10173 8493 8492
f 1718 7059 2589
f 8493 10173 3358
f 7019 1673 2567
f 3357 10173 8492
f 10172 3356 3357
f 3220 2418 227
f 10172 8492 8491
f 3220 227 228
f 1716 7057 2588
f 8492 10172 3357
f 7017 1671 2566
f 3356 10172 8491
f 10171 3355 3356
f 5584 1757 3204
f 1714 7055 2587
f 3197 3279 231
f 10171 8491 8490
f 8491 10171 3356
f 230 3197 231
f 9703 8916 3695
f 1712 7053 2586
f 3355 10171 8490
f 7015 1669 2565
f 10170 3354 3355
f 10170 8490 8489
f 8490 10170 3355
f 1710 7051 2585
f 3103 5433 3216
f 3354 10170 8489
f 10169 3353 3354
f 4916 4647 9501
f 4647 8983 9501
f 1708 7049 2584
f 9501 5246 4916
f 7013 1667 2564
f 10169 8489 8488
f 8489 10169 3354
f 3353 10169 8488
f 1706 7047 2583
f 10168 3352 3353
f 10168 8488 8487
f 8488 10168 3353
f 3352 10168 8487
f 1907 9727 3068
f 1704 7045 2582
f 7457 9727 5251
f 7011 1665 2563
f 10167 3351 3352
f 9727 7457 3068
f 9727 1907 5251
f 1702 7043 2581
f 8462 9726 8463
f 10167 8487 8486
f 8487 10167 3352
f 10467 4334 5212
f 9725 3724 6234
f 1700 7041 2580
f 6178 9725 6234
f 7009 1663 2562
f 3351 10167 8486
f 10166 3350 3351
f 10166 8486 8485
f 1698 7039 2579
f 8486 10166 3351
f 3350 10166 8485
f 10165 3349 3350
f 10165 8485 8484
f 8485 10165 3350
f 1696 7037 2578
f 9691 9763 8880
f 7007 1661 2561
f 3349 10165 8484
f 10164 3348 3349
f 9704 8918 3697
f 1694 7035 2577
f 10164 8484 8483
f 8484 10164 3349
f 3348 10164 8483
f 10163 3347 3348
f 10163 8483 8482
f 1692 7033 2576
f 8483 10163 3348
f 7005 1659 2560
f 3347 10163 8482
f 10162 3346 3347
f 3721 9670 3722
f 1690 7031 2575
f 8582 9669 8578
f 10162 8482 8481
f 8482 10162 3347
f 9669 5880 8578
f 9668 2725 2723
f 1688 7029 2574
f 9668 3326 3328
f 7003 1657 2559
f 1687 7028 2573
f 3346 10162 8481
f 3326 9668 2723
f 10161 3345 3346
f 2725 9668 3328
f 10161 8481 8480
f 8481 10161 3346
f 4386 9667 5918
f 6522 9667 8457
f 3345 10161 8480
f 9667 6522 5918
f 7001 1655 2558
f 1678 7024 2570
f 9667 4386 8457
f 9666 3327 3329
f 10160 3344 3345
f 9666 8576 8577
f 10160 8480 8479
f 1676 7022 2569
f 10467 5213 4335
f 9265 10669 9656
f 8480 10160 3345
f 9665 2540 3315
f 6999 1653 2557
f 1674 7020 2568
f 9665 7754 8050
f 7754 9665 3315
f 3344 10160 8479
f 2540 9665 8050
f 10159 3380 3381
f 1672 7018 2567
f 10159 8516 8515
f 8516 10159 3381
f 3380 10159 8515
f 10158 3389 3390
f 6997 1651 2556
f 1670 7016 2566
f 10158 8523 8522
f 3569 9664 2846
f 8523 10158 3390
f 6668 9664 6665
f 3389 10158 8522
f 1668 7014 2565
f 9664 6668 2846
f 9664 3569 6665
f 10157 3334 3335
f 10157 8470 8469
f 6995 1649 2555
f 1666 7012 2564
f 3116 5270 8065
f 8470 10157 3335
f 8065 3749 3116
f 3334 10157 8469
f 4935 5713 7763
f 5713 1620 7763
f 10156 3437 3438
f 10156 8571 8570
f 4731 10669 4733
f 10686 3437 10156
f 1664 7010 2563
f 2928 10155 2927
f 6993 1647 2554
f 6854 10155 6855
f 10155 6854 2927
f 10155 2928 6855
f 1662 7008 2562
f 9224 9662 9226
f 5727 2371 4366
f 10154 5828 5827
f 10154 8525 8526
f 3114 5264 8064
f 8064 3748 3114
f 9662 4692 9226
f 9218 9661 9220
f 3745 6672 2528
f 6991 1645 2553
f 1660 7006 2561
f 5213 10467 5212
f 9221 9660 9223
f 5774 10685 10064
f 9660 4690 9223
f 8473 10739 10064
f 1658 7004 2560
f 9252 9659 9254
f 10668 2837 10044
f 10153 5829 5828
f 9249 9658 9251
f 4334 10467 4335
f 9255 9657 9257
f 6989 1643 2552
f 9657 4723 9257
f 1656 7002 2559
f 9266 9656 9268
f 9656 4735 9268
f 8989 3071 6670
f 3747 6670 3071
f 9279 9655 9281
f 10153 8526 8527
f 9655 4747 9281
f 10739 8473 10066
f 8979 2844 3447
f 9215 9654 9217
f 1654 7000 2558
f 2391 2397 5566
f 8622 10643 9356
f 6987 1641 2551
f 10489 5117 10496
f 9263 9653 9265
f 9653 4733 9265
f 9803 2892 9393
f 1652 6998 2557
f 9246 9652 9248
f 10668 3438 10036
f 4919 8459 5228
f 3140 4919 5228
f 9803 7691 9392
f 6985 1639 2550
f 9236 9651 9238
f 9651 4702 9238
f 1650 6996 2556
f 10152 5830 5829
f 3438 10668 10044
f 2892 9803 9392
f 3720 9650 3721
f 9207 9649 9209
f 9649 4672 9209
f 1648 6994 2555
f 8880 9763 3658
f 6983 1637 2549
f 9802 5763 5760
f 9648 3199 1758
f 3199 9648 219
f 9802 8577 8576
f 1646 6992 2554
f 2397 9648 1758
f 9647 3613 3612
f 10466 5175 6595
f 9646 3669 3668
f 6981 1635 2548
f 1644 6990 2553
f 9645 3615 3614
f 9644 3671 3670
f 5763 9802 8576
f 10152 8527 8528
f 9286 9643 9287
f 9801 2891 9391
f 1642 6988 2552
f 9643 4753 9287
f 9642 3617 3616
f 9801 7689 9442
f 9641 3673 3672
f 6525 5725 2372
f 9640 3619 3618
f 6979 1633 2547
f 9639 3675 3674
f 1640 6986 2551
f 9638 3621 3620
f 7689 9801 9391
f 2891 9801 9442
f 9637 3719 3718
f 9636 3717 3716
f 6977 1631 2546
f 1638 6984 2550
f 5110 10751 5111
f 9635 3715 3714
f 9634 3713 3712
f 8465 9800 8466
f 9633 3711 3710
f 9632 3709 3708
f 9631 3707 3706
f 9800 3330 8466
f 1636 6982 2549
f 9630 3705 3704
f 9629 3703 3702
f 9799 5883 9669
f 9628 3701 3700
f 6975 1629 2545
f 1634 6980 2548
f 9627 3699 3698
f 9626 3697 3696
f 9799 8593 5886
f 9625 3695 3694
f 6974 1628 2544
f 1632 6978 2547
f 9624 3693 3692
f 9623 3691 3690
f 8593 9799 9669
f 9622 3689 3688
f 9621 3687 3686
f 9620 3685 3684
f 5883 9799 5886
f 1630 6976 2546
f 2403 9798 6518
f 9619 3683 3682
f 6972 1626 2543
f 3085 9798 3152
f 9798 3085 6518
f 9618 3681 3680
f 7027 1686 2572
f 1628 6974 2545
f 9617 3679 3678
f 5244 5240 2375
f 1627 6973 2544
f 9798 2403 3152
f 2369 5244 2375
f 3087 3733 3108
f 9616 3677 3676
f 9615 3661 3660
f 5830 10152 8528
f 10151 5831 5830
f 2364 5244 2369
f 1625 6971 2543
f 10151 8528 8529
f 2397 2391 220
f 1685 7082 2572
f 9705 8920 3699
f 2571 7780 1681
f 8528 10151 5830
f 5831 10151 8529
f 9797 3570 3453
f 1681 6970 2571
f 9797 6357 5545
f 9614 3659 3658
f 9613 3657 3656
f 6357 9797 3453
f 9612 3655 3654
f 8588 2534 6378
f 8824 5545 9064
f 10150 5832 5831
f 2846 4385 4370
f 8715 5435 9065
f 6662 4107 2450
f 7332 3056 2450
f 3052 7770 3241
f 9611 3653 3652
f 4107 3109 2450
f 9610 3651 3650
f 9609 3649 3648
f 1905 3115 6672
f 3447 5423 8979
f 5724 4939 5719
f 9608 3647 3646
f 2226 2529 7751
f 2529 2532 7751
f 4759 6377 4977
f 4759 4977 4952
f 6965 2982 2983
f 9607 3645 3644
f 2982 2214 2983
f 3570 9797 5545
f 2728 9796 2727
f 1778 3266 180
f 180 3266 179
f 7451 4229 6384
f 9606 3643 3642
f 3330 9796 3331
f 9796 3330 2727
f 9605 3641 3640
f 3267 1779 180
f 3267 180 179
f 9604 3639 3638
f 9796 2728 3331
f 2784 9795 2726
f 4349 8315 3043
f 2221 3043 8315
f 9603 3637 3636
f 9602 3635 3634
f 6966 3040 3041
f 9601 3633 3632
f 3040 2102 3041
f 9294 1554 6367
f 5918 9294 6367
f 2103 6523 8323
f 8323 6523 5703
f 8323 3586 2103
f 9600 3631 3630
f 4658 3602 3147
f 6790 2542 7083
f 2464 6790 7083
f 2364 8984 8190
f 5244 2364 8190
f 9692 9764 8882
f 9706 8922 3701
f 9599 3629 3628
f 4358 7784 6967
f 9316 6967 7784
f 3586 9316 7784
f 1771 3226 3217
f 3217 1596 1771
f 2396 1771 1596
f 3203 5234 3191
f 3329 9795 3386
f 10466 6596 5176
f 3203 2407 2382
f 6596 10466 6595
f 9598 3627 3626
f 9597 3625 3624
f 213 4969 214
f 9596 3623 3622
f 9595 3663 3662
f 10150 8529 8530
f 3210 194 193
f 3210 3212 194
f 8529 10150 5831
f 2407 197 196
f 2407 3203 197
f 3303 2407 196
f 5832 10150 8530
f 9795 2784 3386
f 8597 4964 7453
f 10149 5833 5832
f 2378 2379 5238
f 2379 2383 5238
f 3078 6525 7758
f 3732 3078 7758
f 9198 9490 8451
f 9490 9198 8596
f 9490 161 8451
f 6361 7777 7331
f 7777 4347 7331
f 6396 6663 6357
f 3453 6396 6357
f 8957 1785 4929
f 2412 4929 1785
f 9794 8464 3440
f 3441 9794 3440
f 5701 2095 4222
f 9793 8581 3572
f 3740 8827 6664
f 8827 6358 6664
f 2232 8827 3740
f 8827 2232 9029
f 8047 2461 5567
f 7204 7777 6361
f 1843 7204 6361
f 8323 5703 6512
f 5703 2031 4223
f 5703 4223 6512
f 2345 9064 2230
f 5175 10466 5176
f 2230 9030 2345
f 9271 9594 9273
f 10149 8530 8531
f 9792 3185 196
f 8599 5889 4364
f 5889 5887 4364
f 4508 5699 6510
f 6510 2216 4508
f 9594 4739 9273
f 4507 5698 6509
f 6509 2213 4507
f 9260 9593 9262
f 4505 5696 6505
f 6505 2209 4505
f 10465 5157 6579
f 4504 5695 6508
f 6508 2212 4504
f 9212 9592 9214
f 4503 5694 6503
f 6503 2207 4503
f 2837 10668 10036
f 8589 3062 9031
f 6362 8454 7573
f 8454 1622 7573
f 4502 5693 6504
f 6504 2208 4502
f 9276 9591 9278
f 4501 5692 6499
f 3577 8046 6647
f 8046 3577 5884
f 6499 2203 4501
f 10743 1751 2225
f 9792 5550 2384
f 5550 9792 196
f 3125 4924 3180
f 3074 3180 4924
f 8198 2722 6376
f 2722 5253 6376
f 1908 5251 4226
f 4361 2463 4359
f 4500 5691 6502
f 6502 2206 4500
f 3185 9792 2384
f 4499 5690 6501
f 6501 2205 4499
f 1906 9791 3727
f 8530 10149 5832
f 5556 1601 2388
f 1601 2380 2388
f 4498 5689 6498
f 1764 2413 9332
f 9332 2413 5267
f 9590 1625 3610
f 9072 5919 8601
f 4952 9072 8601
f 9072 4931 5919
f 6498 2202 4498
f 9590 3608 7781
f 4497 5688 6495
f 6495 2199 4497
f 3608 8943 4518
f 8882 9764 3660
f 9707 8924 3703
f 4496 5687 6500
f 8452 5916 5923
f 3721 8944 4630
f 9693 9742 8884
f 3720 8941 4629
f 3719 8940 4628
f 3718 8939 4627
f 3717 8938 4626
f 3716 8937 4625
f 3715 8936 4624
f 3714 8935 4623
f 3713 8934 4622
f 3712 8933 4621
f 3711 8932 4620
f 3710 8931 4619
f 3709 8930 4618
f 3708 8929 4617
f 3707 8928 4616
f 3706 8927 4615
f 3705 8926 4614
f 3704 8925 4613
f 3703 8924 4612
f 3702 8923 4611
f 3701 8922 4610
f 3700 8921 4609
f 3699 8920 4608
f 3698 8919 4607
f 3697 8918 4606
f 3696 8917 4605
f 3695 8916 4604
f 3694 8915 4603
f 3693 8914 4602
f 3692 8913 4601
f 3691 8912 4600
f 3690 8911 4599
f 3689 8910 4598
f 3688 8909 4597
f 3687 8908 4596
f 3686 8907 4595
f 3685 8906 4594
f 3684 8905 4593
f 3683 8904 4592
f 3682 8903 4591
f 3681 8902 4590
f 3680 8901 4589
f 3679 8900 4588
f 3678 8899 4587
f 3677 8898 4586
f 3676 8897 4585
f 3675 8896 4584
f 3674 8895 4583
f 3673 8894 4582
f 3672 8893 4581
f 3671 8892 4580
f 3670 8891 4579
f 3669 8890 4578
f 3668 8889 4577
f 3667 8888 4576
f 3664 8887 4573
f 3663 8886 4572
f 3662 8885 4571
f 3661 8884 4570
f 6500 2204 4496
f 3660 8883 4569
f 1625 9590 7781
f 3659 8882 4568
f 4495 5686 6497
f 3658 8881 4567
f 6497 2201 4495
f 3657 8880 4566
f 3656 8879 4565
f 3655 8878 4564
f 3654 8877 4563
f 3653 8876 4562
f 3652 8875 4561
f 3651 8874 4560
f 3650 8873 4559
f 3649 8872 4558
f 3648 8871 4557
f 3647 8870 4556
f 3646 8869 4555
f 3645 8868 4554
f 3644 8867 4553
f 3643 8866 4552
f 3642 8865 4551
f 3641 8864 4550
f 3640 8863 4549
f 3639 8862 4548
f 3638 8861 4547
f 3637 8860 4546
f 3636 8859 4545
f 3635 8858 4544
f 3634 8857 4543
f 3633 8856 4542
f 3632 8855 4541
f 3631 8854 4540
f 3630 8853 4539
f 3629 8852 4538
f 3628 8851 4537
f 3627 8850 4536
f 3626 8849 4535
f 3625 8848 4534
f 3624 8847 4533
f 3623 8846 4532
f 3622 8845 4531
f 3621 8844 4530
f 3620 8843 4529
f 3619 8842 4528
f 3618 8841 4527
f 3617 8840 4526
f 3616 8839 4525
f 3615 8838 4524
f 3614 8837 4523
f 3613 8836 4522
f 3612 8835 4521
f 3611 8834 4520
f 9708 8926 3705
f 8884 9742 3662
f 4105 6519 4978
f 233 2443 234
f 5833 10149 8531
f 2442 187 186
f 4978 2349 4105
f 187 2441 186
f 10148 5778 5777
f 2440 233 234
f 4494 5685 6494
f 6494 2198 4494
f 10148 8475 8476
f 4493 5684 6493
f 6493 2197 4493
f 8475 10148 5777
f 4492 5683 6496
f 6496 2200 4492
f 7599 2531 3591
f 9243 9589 9245
f 7599 3591 4645
f 2850 3591 2531
f 4491 5682 6489
f 6489 2193 4491
f 7451 6380 4229
f 5254 9791 3595
f 2459 7328 6380
f 9791 5254 3727
f 6580 10465 6579
f 4490 5681 6492
f 6492 2196 4490
f 9233 9588 9235
f 4489 5680 6491
f 9456 4979 2347
f 6491 2195 4489
f 3055 5224 8052
f 5224 2438 8052
f 5157 10465 5158
f 3212 195 194
f 3143 5262 1755
f 5725 9587 2367
f 4488 5679 6488
f 195 3211 194
f 6488 2192 4488
f 9587 4646 2367
f 9791 1906 3595
f 4487 5678 6487
f 9790 5720 4955
f 6487 2191 4487
f 2445 9790 4955
f 4486 5677 6490
f 6490 2194 4486
f 9789 3727 4227
f 4485 5676 6483
f 6483 2187 4485
f 4775 9303 5708
f 6047 9303 4775
f 4775 3732 6047
f 8995 6372 3086
f 4968 4951 5261
f 3565 9586 5542
f 5540 9586 3567
f 4484 5675 6486
f 3581 4385 2846
f 6486 2190 4484
f 9586 5540 5542
f 5249 3131 1761
f 4483 5674 6485
f 6485 2189 4483
f 9586 3565 3567
f 4482 5673 6482
f 6482 2186 4482
f 9789 6381 1906
f 4481 5672 6479
f 6479 2183 4481
f 8601 5919 7747
f 6381 9789 4227
f 9067 7759 3047
f 7759 6394 3047
f 3607 8948 4516
f 4480 5671 6484
f 6484 2188 4480
f 3727 9789 1906
f 8462 3326 8581
f 5778 10148 8476
f 9201 9788 3599
f 4479 5670 6481
f 6481 2185 4479
f 3463 9585 5440
f 4478 5669 6478
f 6478 2182 4478
f 5438 9585 3465
f 4477 5668 6475
f 6475 2179 4477
f 9585 5438 5440
f 9585 3463 3465
f 7333 6381 4227
f 6381 7333 4778
f 3499 9584 5476
f 2458 6381 4778
f 4476 5667 6480
f 5474 9584 3501
f 9584 5474 5476
f 7458 7087 4098
f 3867 7458 4098
f 7460 7141 4043
f 3810 7460 4043
f 10147 5834 5833
f 3812 7515 4044
f 9584 3499 3501
f 3511 9583 5488
f 7568 7194 4097
f 3865 7568 4097
f 7567 7193 4096
f 3864 7567 4096
f 7566 7192 4095
f 3863 7566 4095
f 7565 7191 4094
f 3862 7565 4094
f 7564 7190 4093
f 3861 7564 4093
f 7563 7189 4092
f 3860 7563 4092
f 7562 7188 4091
f 3859 7562 4091
f 7561 7187 4090
f 3858 7561 4090
f 7560 7186 4089
f 3857 7560 4089
f 7559 7185 4088
f 3856 7559 4088
f 7558 7184 4087
f 3855 7558 4087
f 7557 7183 4086
f 3854 7557 4086
f 7556 7182 4085
f 7333 4227 6383
f 3853 7556 4085
f 7555 7181 4084
f 3852 7555 4084
f 7554 7180 4083
f 3851 7554 4083
f 7553 7179 4082
f 3850 7553 4082
f 7552 7178 4081
f 3849 7552 4081
f 7551 7177 4080
f 3848 7551 4080
f 7550 7176 4079
f 3847 7550 4079
f 7549 7175 4078
f 3846 7549 4078
f 7548 7174 4077
f 3845 7548 4077
f 7547 7173 4076
f 5715 4930 4769
f 3106 5715 4769
f 3844 7547 4076
f 6480 2184 4476
f 5486 9583 3513
f 4917 8189 5712
f 5712 4642 4917
f 8189 2849 5712
f 7546 7172 4075
f 3843 7546 4075
f 7545 7171 4074
f 3842 7545 4074
f 7544 7170 4073
f 3841 7544 4073
f 7543 7169 4072
f 3840 7543 4072
f 7542 7168 4071
f 3839 7542 4071
f 7541 7167 4070
f 3838 7541 4070
f 7540 7166 4069
f 3837 7540 4069
f 7539 7165 4068
f 3836 7539 4068
f 7538 7164 4067
f 3835 7538 4067
f 7537 7163 4066
f 3834 7537 4066
f 7536 7162 4065
f 3833 7536 4065
f 7535 7161 4064
f 3832 7535 4064
f 7534 7160 4063
f 3831 7534 4063
f 7533 7159 4062
f 3830 7533 4062
f 7532 7158 4061
f 3829 7532 4061
f 7531 7157 4060
f 3828 7531 4060
f 7530 7156 4059
f 3827 7530 4059
f 7529 7155 4058
f 3826 7529 4058
f 7528 7154 4057
f 3825 7528 4057
f 7527 7153 4056
f 3824 7527 4056
f 7526 7152 4055
f 3823 7526 4055
f 7525 7151 4054
f 3822 7525 4054
f 7524 7150 4053
f 3821 7524 4053
f 7523 7149 4052
f 3820 7523 4052
f 7522 7148 4051
f 3819 7522 4051
f 7521 7147 4050
f 3818 7521 4050
f 7520 7146 4049
f 3817 7520 4049
f 7519 7145 4048
f 3816 7519 4048
f 7518 7144 4047
f 3815 7518 4047
f 7517 7143 4046
f 3814 7517 4046
f 7516 7142 4045
f 3813 7516 4045
f 7514 7140 4042
f 3809 7514 4042
f 7513 7139 4041
f 3808 7513 4041
f 7512 7138 4040
f 3807 7512 4040
f 7511 7137 4039
f 3806 7511 4039
f 7510 7136 4038
f 3805 7510 4038
f 7509 7135 4037
f 3804 7509 4037
f 7508 7134 4036
f 3803 7508 4036
f 7507 7133 4035
f 3802 7507 4035
f 7506 7132 4034
f 3801 7506 4034
f 7505 7131 4033
f 3800 7505 4033
f 7504 7130 4032
f 3799 7504 4032
f 7503 7129 4031
f 3798 7503 4031
f 7502 7128 4030
f 3797 7502 4030
f 7501 7127 4029
f 3796 7501 4029
f 7500 7126 4028
f 3795 7500 4028
f 7499 7125 4027
f 3794 7499 4027
f 7498 7124 4026
f 3793 7498 4026
f 7497 7123 4025
f 3792 7497 4025
f 7496 7122 4024
f 3791 7496 4024
f 7495 7121 4023
f 3790 7495 4023
f 7494 7120 4022
f 3789 7494 4022
f 7493 7119 4021
f 3788 7493 4021
f 7492 7118 4020
f 3787 7492 4020
f 7491 7117 4019
f 3786 7491 4019
f 7490 7116 4018
f 3785 7490 4018
f 7489 7115 4017
f 3784 7489 4017
f 7488 7114 4016
f 3783 7488 4016
f 7487 7113 4015
f 3782 7487 4015
f 7486 7112 4014
f 3781 7486 4014
f 7485 7111 4013
f 3780 7485 4013
f 7484 7110 4012
f 3779 7484 4012
f 7483 7109 4011
f 3778 7483 4011
f 7482 7108 4010
f 3777 7482 4010
f 7481 7107 4009
f 3776 7481 4009
f 7480 7106 4008
f 3775 7480 4008
f 7479 7105 4007
f 3774 7479 4007
f 7478 7104 4006
f 3773 7478 4006
f 7477 7103 4005
f 3772 7477 4005
f 7476 7102 4004
f 3771 7476 4004
f 7475 7101 4003
f 3770 7475 4003
f 7474 7100 4002
f 3769 7474 4002
f 7473 7099 4001
f 3768 7473 4001
f 7472 7098 4000
f 3767 7472 4000
f 7471 7097 3999
f 3766 7471 3999
f 7470 7096 3998
f 3765 7470 3998
f 7469 7095 3997
f 3764 7469 3997
f 7468 7094 3996
f 3763 7468 3996
f 7467 7093 3995
f 3762 7467 3995
f 7466 7092 3994
f 3761 7466 3994
f 7465 7091 3993
f 3760 7465 3993
f 7464 7090 3992
f 3759 7464 3992
f 7463 7089 3991
f 3758 7463 3991
f 7462 7088 3990
f 3757 7462 3990
f 9583 5486 5488
f 9583 3511 3513
f 6238 7769 6648
f 7769 3587 6648
f 10147 8531 8532
f 3750 7769 3579
f 3130 7765 4898
f 7771 6648 3587
f 4475 5666 6477
f 3753 7771 3587
f 7772 6649 3588
f 3868 7772 3588
f 3065 8063 3590
f 6477 2181 4475
f 3553 9582 5530
f 4474 5665 6474
f 6474 2178 4474
f 5528 9582 3555
f 4473 5664 6473
f 6473 2177 4473
f 9582 5528 5530
f 4472 5663 6476
f 6476 2180 4472
f 9582 3553 3555
f 4471 5662 6469
f 6469 2173 4471
f 3473 9581 5450
f 5448 9581 3475
f 9581 5448 5450
f 9581 3473 3475
f 8531 10147 5833
f 5834 10147 8532
f 3533 9580 5510
f 2436 2441 187
f 188 2436 187
f 3278 2436 188
f 5508 9580 3535
f 9580 5508 5510
f 9580 3533 3535
f 4470 5661 6472
f 4927 4915 3743
f 6472 2176 4470
f 2983 9579 6965
f 9579 8040 6965
f 5746 3313 3294
f 7459 7085 3989
f 3811 7459 3989
f 7570 7086 4099
f 3755 7570 4099
f 4469 5660 6471
f 6471 2175 4469
f 9578 5420 5429
f 4510 6513 5702
f 6513 4108 5702
f 4398 6512 5588
f 6512 4223 5588
f 4396 6399 5589
f 6399 4109 5589
f 9578 5574 219
f 5574 9578 5429
f 7746 5555 6359
f 4765 7746 6359
f 7746 2605 5555
f 4400 6400 5591
f 6400 4110 5591
f 4399 6401 5590
f 6401 4111 5590
f 4468 5659 6468
f 6510 4220 5701
f 4505 6509 5696
f 6509 4219 5696
f 4506 6508 5697
f 6508 4218 5697
f 4507 6507 5698
f 6507 4217 5698
f 4508 6506 5699
f 6468 2172 4468
f 6506 4216 5699
f 5420 9578 219
f 4467 5658 6465
f 6465 2169 4467
f 9304 9788 1562
f 4503 6505 5694
f 6505 4215 5694
f 4504 6504 5695
f 6504 4214 5695
f 4501 6503 5692
f 6503 4213 5692
f 7749 4225 8458
f 4502 6502 5693
f 4466 5657 6470
f 6502 4212 5693
f 4497 6501 5688
f 6501 4211 5688
f 4498 6500 5689
f 6500 4210 5689
f 4499 6499 5690
f 6499 4209 5690
f 4500 6498 5691
f 6498 4208 5691
f 4493 6497 5684
f 6497 4207 5684
f 4494 6496 5685
f 6496 4206 5685
f 4495 6495 5686
f 6495 4205 5686
f 4496 6494 5687
f 6494 4204 5687
f 4491 6493 5682
f 6493 4203 5682
f 3086 5237 5709
f 2373 5723 3072
f 4492 6492 5683
f 6492 4202 5683
f 4487 6491 5678
f 6491 4201 5678
f 4488 6490 5679
f 6490 4200 5679
f 4489 6489 5680
f 6489 4199 5680
f 4490 6488 5681
f 6488 4198 5681
f 4485 6487 5676
f 6487 4197 5676
f 4486 6486 5677
f 6486 4196 5677
f 4481 6485 5672
f 6485 4195 5672
f 4482 6484 5673
f 6484 4194 5673
f 4483 6483 5674
f 6483 4193 5674
f 4484 6482 5675
f 6482 4192 5675
f 4477 6481 5668
f 6481 4191 5668
f 4478 6480 5669
f 6480 4190 5669
f 4479 6479 5670
f 6479 4189 5670
f 4480 6478 5671
f 6478 4188 5671
f 4473 6477 5664
f 6477 4187 5664
f 4474 6476 5665
f 6476 4186 5665
f 4475 6475 5666
f 6475 4185 5666
f 4476 6474 5667
f 6474 4184 5667
f 4471 6473 5662
f 6473 4183 5662
f 4472 6472 5663
f 6472 4182 5663
f 4467 6471 5658
f 6471 4181 5658
f 4468 6470 5659
f 6470 4180 5659
f 4469 6469 5660
f 6469 4179 5660
f 4470 6468 5661
f 6468 4178 5661
f 4463 6467 5654
f 6467 4177 5654
f 4464 6466 5655
f 6466 4176 5655
f 9788 9304 3599
f 4465 6465 5656
f 6465 4175 5656
f 4466 6464 5657
f 6464 4174 5657
f 4459 6463 5650
f 6463 4173 5650
f 4460 6462 5651
f 6462 4172 5651
f 4461 6461 5652
f 6461 4171 5652
f 4462 6460 5653
f 6460 4170 5653
f 4455 6459 5646
f 6459 4169 5646
f 4456 6458 5647
f 6458 4168 5647
f 4457 6457 5648
f 6457 4167 5648
f 4458 6456 5649
f 6456 4166 5649
f 4451 6455 5642
f 6455 4165 5642
f 4452 6454 5643
f 6454 4164 5643
f 4453 6453 5644
f 6453 4163 5644
f 4454 6452 5645
f 6452 4162 5645
f 4449 6451 5640
f 6451 4161 5640
f 4450 6450 5641
f 6450 4160 5641
f 4447 6449 5638
f 6449 4159 5638
f 4448 6448 5639
f 6448 4158 5639
f 4443 6447 5634
f 6447 4157 5634
f 4444 6446 5635
f 6446 4156 5635
f 4445 6445 5636
f 6445 4155 5636
f 4446 6444 5637
f 6444 4154 5637
f 4439 6443 5630
f 6443 4153 5630
f 4440 6442 5631
f 6442 4152 5631
f 4441 6441 5632
f 6441 4151 5632
f 4442 6440 5633
f 6440 4150 5633
f 4437 6439 5628
f 6439 4149 5628
f 4438 6438 5629
f 6438 4148 5629
f 4435 6437 5626
f 6437 4147 5626
f 4436 6436 5627
f 6436 4146 5627
f 4433 6435 5624
f 6435 4145 5624
f 4434 6434 5625
f 6434 4144 5625
f 4429 6433 5620
f 6433 4143 5620
f 4430 6432 5621
f 6432 4142 5621
f 4431 6431 5622
f 6431 4141 5622
f 4432 6430 5623
f 6430 4140 5623
f 4425 6429 5616
f 6429 4139 5616
f 4426 6428 5617
f 6470 2174 4466
f 6428 4138 5617
f 4427 6427 5618
f 6427 4137 5618
f 3579 8195 3750
f 4428 6426 5619
f 6426 4136 5619
f 4421 6425 5612
f 6425 4135 5612
f 4422 6424 5613
f 6424 4134 5613
f 4423 6423 5614
f 6423 4133 5614
f 4424 6422 5615
f 6422 4132 5615
f 4417 6421 5608
f 6421 4131 5608
f 4418 6420 5609
f 6420 4130 5609
f 4419 6419 5610
f 6419 4129 5610
f 4420 6418 5611
f 6418 4128 5611
f 4413 6417 5604
f 6417 4127 5604
f 4414 6416 5605
f 6416 4126 5605
f 4415 6415 5606
f 9788 9201 1562
f 10146 5779 5778
f 4465 5656 6467
f 10146 8476 8477
f 8476 10146 5778
f 9577 3128 7330
f 6467 2171 4465
f 9577 5095 2379
f 6415 4125 5606
f 7328 4106 6380
f 4416 6414 5607
f 6414 4124 5607
f 4411 6413 5602
f 6413 4123 5602
f 8587 5264 6382
f 4412 6412 5603
f 6412 4122 5603
f 4407 6411 5598
f 6411 4121 5598
f 4408 6410 5599
f 4464 5655 6464
f 6410 4120 5599
f 4409 6409 5600
f 6409 4119 5600
f 4410 6408 5601
f 6408 4118 5601
f 4403 6407 5594
f 5095 9577 7330
f 6407 4117 5594
f 4404 6406 5595
f 6406 4116 5595
f 6464 2168 4464
f 3128 9577 2379
f 4405 6405 5596
f 4463 5654 6461
f 6405 4115 5596
f 4406 6404 5597
f 6404 4114 5597
f 4401 6403 5592
f 6403 4113 5592
f 4402 6402 5593
f 6402 4112 5593
f 4509 6511 5700
f 6511 4221 5700
f 6461 2165 4463
f 5779 10146 8477
f 4462 5653 6466
f 5749 3072 5099
f 6466 2170 4462
f 1739 9787 9715
f 7795 2848 7624
f 1745 3084 4957
f 1745 5278 3084
f 4659 5274 2851
f 4461 5652 6463
f 6463 2167 4461
f 2354 3105 3160
f 3720 9787 9650
f 4460 5651 6460
f 9694 9765 8898
f 6460 2164 4460
f 3462 9576 5441
f 4459 5650 6457
f 6457 2161 4459
f 5437 9576 3460
f 4458 5649 6462
f 6462 2166 4458
f 9576 5437 5441
f 4457 5648 6459
f 6459 2163 4457
f 9576 3462 3460
f 9575 2528 6672
f 4456 5647 6456
f 6456 2160 4456
f 9787 1739 9650
f 9575 3115 6374
f 4455 5646 6453
f 3115 9575 6672
f 2528 9575 6374
f 4655 5710 6052
f 6453 2157 4455
f 7924 2527 6966
f 10145 5780 5779
f 4454 5645 6458
f 9307 8062 2847
f 6458 2162 4454
f 10145 8477 8478
f 4453 5644 6455
f 6455 2159 4453
f 8477 10145 5779
f 4452 5643 6452
f 6452 2156 4452
f 5780 10145 8478
f 2215 3042 3585
f 4451 5642 6451
f 6451 2155 4451
f 3515 9574 5492
f 5490 9574 3517
f 4450 5641 6454
f 9574 5490 5492
f 6454 2158 4450
f 9574 3515 3517
f 3477 9573 5454
f 4449 5640 6449
f 6449 2153 4449
f 5452 9573 3479
f 9573 5452 5454
f 4448 5639 6450
f 9573 3477 3479
f 6450 2154 4448
f 3537 9572 5514
f 5512 9572 3539
f 4447 5638 6445
f 6445 2149 4447
f 9572 5512 5514
f 9572 3537 3539
f 4446 5637 6448
f 5910 9571 5911
f 6448 2152 4446
f 9282 9571 9280
f 9571 9282 5911
f 4445 5636 6447
f 6447 2151 4445
f 9571 5910 9280
f 5901 9570 5902
f 4444 5635 6444
f 9239 9570 9237
f 6444 2148 4444
f 9570 9239 5902
f 9570 5901 9237
f 4443 5634 6441
f 6441 2145 4443
f 3519 9569 5496
f 5494 9569 3521
f 4442 5633 6446
f 9569 5494 5496
f 6446 2150 4442
f 9569 3519 3521
f 3481 9568 5458
f 4441 5632 6443
f 6443 2147 4441
f 5456 9568 3483
f 9568 5456 5458
f 4440 5631 6440
f 9568 3481 3483
f 6440 2144 4440
f 3466 9567 5445
f 5439 9567 3464
f 4439 5630 6439
f 6439 2143 4439
f 9567 5439 5445
f 9567 3466 3464
f 4438 5629 6442
f 3523 9566 5500
f 6442 2146 4438
f 5498 9566 3525
f 9566 5498 5500
f 4437 5628 6437
f 6437 2141 4437
f 9566 3523 3525
f 3485 9565 5462
f 4436 5627 6438
f 5460 9565 3487
f 6438 2142 4436
f 9565 5460 5462
f 9565 3485 3487
f 4435 5626 6435
f 6435 2139 4435
f 3470 9564 5447
f 5443 9564 3468
f 4434 5625 6436
f 9564 5443 5447
f 6436 2140 4434
f 9564 3470 3468
f 4433 5624 6431
f 3476 9563 5455
f 6431 2135 4433
f 5449 9563 3474
f 9563 5449 5455
f 4432 5623 6434
f 6434 2138 4432
f 9563 3476 3474
f 3560 9562 5537
f 4431 5622 6433
f 5533 9562 3558
f 6433 2137 4431
f 9562 5533 5537
f 4430 5621 6430
f 6430 2134 4430
f 9562 3560 3558
f 3556 9561 5535
f 4429 5620 6427
f 6427 2131 4429
f 5529 9561 3554
f 9561 5529 5535
f 4428 5619 6432
f 6432 2136 4428
f 9561 3556 3554
f 3550 9560 5527
f 4427 5618 6429
f 5523 9560 3548
f 6429 2133 4427
f 9560 5523 5527
f 9560 3550 3548
f 4426 5617 6426
f 6426 2130 4426
f 3544 9559 5521
f 5517 9559 3542
f 4425 5616 6423
f 9559 5517 5521
f 6423 2127 4425
f 9559 3544 3542
f 3540 9558 5519
f 4424 5615 6428
f 6428 2132 4424
f 5513 9558 3538
f 9558 5513 5519
f 4423 5614 6425
f 9558 3540 3538
f 6425 2129 4423
f 3536 9557 5515
f 5509 9557 3534
f 4422 5613 6422
f 6422 2126 4422
f 9557 5509 5515
f 9557 3536 3534
f 4421 5612 6419
f 3530 9556 5507
f 6419 2123 4421
f 5503 9556 3528
f 9556 5503 5507
f 4420 5611 6424
f 6424 2128 4420
f 9556 3530 3528
f 3526 9555 5505
f 4419 5610 6421
f 5499 9555 3524
f 6421 2125 4419
f 9555 5499 5505
f 9555 3526 3524
f 4418 5609 6418
f 6418 2122 4418
f 3522 9554 5501
f 5495 9554 3520
f 4417 5608 6415
f 9554 5495 5501
f 6415 2119 4417
f 9554 3522 3520
f 3518 9553 5497
f 4416 5607 6420
f 6420 2124 4416
f 5491 9553 3516
f 9553 5491 5497
f 4415 5606 6417
f 9553 3518 3516
f 6417 2121 4415
f 3514 9552 5493
f 5487 9552 3512
f 4414 5605 6414
f 6414 2118 4414
f 9552 5487 5493
f 9552 3514 3512
f 4413 5604 6413
f 3506 9551 5483
f 6413 2117 4413
f 5479 9551 3504
f 9551 5479 5483
f 4412 5603 6416
f 6416 2120 4412
f 9551 3506 3504
f 3502 9550 5481
f 4411 5602 6409
f 5475 9550 3500
f 6409 2113 4411
f 9550 5475 5481
f 9550 3502 3500
f 4410 5601 6412
f 6412 2116 4410
f 3492 9549 5469
f 5465 9549 3490
f 4409 5600 6411
f 9549 5465 5469
f 6411 2115 4409
f 9549 3492 3490
f 3488 9548 5467
f 4408 5599 6408
f 6408 2112 4408
f 5461 9548 3486
f 9548 5461 5467
f 4407 5598 6405
f 9548 3488 3486
f 6405 2109 4407
f 3484 9547 5463
f 5457 9547 3482
f 4406 5597 6410
f 6410 2114 4406
f 9547 5457 5463
f 9547 3484 3482
f 4405 5596 6407
f 3480 9546 5459
f 6407 2111 4405
f 5453 9546 3478
f 9546 5453 5459
f 4404 5595 6404
f 6404 2108 4404
f 9546 3480 3478
f 3547 9545 5524
f 4402 5593 6406
f 5522 9545 3549
f 6406 2110 4402
f 9545 5522 5524
f 9545 3547 3549
f 4403 5594 6403
f 6403 2107 4403
f 5897 9544 5898
f 9227 9544 9225
f 4509 5700 6507
f 9544 9227 5898
f 6507 2211 4509
f 9544 5897 9225
f 3472 9543 5451
f 4506 5697 6506
f 6506 2210 4506
f 5447 9543 3470
f 9543 5447 5451
f 4400 5591 6402
f 9543 3472 3470
f 6402 2106 4400
f 3562 9542 5539
f 5537 9542 3560
f 4510 5702 6511
f 6511 2217 4510
f 9542 5537 5539
f 9542 3562 3560
f 4401 5592 6401
f 3552 9541 5531
f 6401 2105 4401
f 5527 9541 3550
f 9541 5527 5531
f 4398 5588 6400
f 6400 2104 4398
f 9541 3552 3550
f 4398 2104 3584
f 3546 9540 5525
f 5521 9540 3544
f 4365 3458 3873
f 3212 3303 195
f 9540 5521 5525
f 3303 196 195
f 9540 3546 3544
f 3532 9539 5511
f 1773 230 231
f 5507 9539 3530
f 9539 5507 5511
f 4657 3603 3145
f 9539 3532 3530
f 3508 9538 5485
f 5483 9538 3506
f 6671 1619 4928
f 9538 5483 5485
f 5702 2096 4221
f 5702 4221 6511
f 9538 3508 3506
f 10144 5835 5834
f 3494 9537 5471
f 5469 9537 3492
f 5432 1749 9314
f 8055 6368 5887
f 9537 5469 5471
f 4364 5887 6368
f 6368 8460 4364
f 9537 3494 3492
f 9293 1586 1555
f 3564 9536 5543
f 5539 9536 3562
f 9536 5539 5543
f 3163 3184 2402
f 9536 3564 3562
f 5588 2032 4110
f 5588 4110 6400
f 3510 9535 5489
f 4399 5590 6399
f 6399 2102 4399
f 5485 9535 3508
f 9535 5485 5489
f 9295 1498 6366
f 9535 3510 3508
f 5917 9295 6366
f 3193 4969 213
f 3496 9534 5473
f 212 3193 213
f 1519 9234 7608
f 5471 9534 3494
f 10144 8532 8533
f 1525 9244 7610
f 9534 5471 5473
f 9272 5908 7618
f 1543 9272 7618
f 9534 3496 3494
f 1546 9277 7619
f 1536 9261 7615
f 3498 9533 5477
f 1506 9213 7603
f 6680 2543 6971
f 5473 9533 3496
f 2465 6680 6971
f 6679 2572 7082
f 9533 5473 5477
f 2496 6679 7082
f 6789 2600 7081
f 9533 3498 3496
f 2526 6789 7081
f 8532 10144 5834
f 9532 3751 3591
f 2466 6681 6972
f 5835 10144 8533
f 9532 7326 9319
f 2497 6735 7027
f 9786 1679 9663
f 9461 9532 3591
f 10143 5781 5780
f 8898 9765 3678
f 3751 9532 9319
f 2525 6788 7080
f 6787 2599 7079
f 3467 9531 5444
f 10143 8478 8479
f 3664 9786 9663
f 5442 9531 3469
f 2524 6786 7078
f 6785 2598 7077
f 9531 5442 5444
f 8478 10143 5780
f 1679 9786 9671
f 9531 3467 3469
f 2523 6784 7076
f 6783 2597 7075
f 2104 2926 3584
f 5781 10143 8479
f 9785 1737 9637
f 3503 9530 5480
f 2522 6782 7074
f 8042 2723 8060
f 8060 2028 8042
f 7774 2528 7329
f 6781 2596 7073
f 10142 5836 5835
f 9695 9766 8900
f 9709 8928 3707
f 2521 6780 7072
f 6779 2595 7071
f 10142 8533 8534
f 3718 9785 9637
f 5762 5927 5764
f 5478 9530 3505
f 2520 6778 7070
f 6777 2594 7069
f 8533 10142 5835
f 1737 9785 9714
f 9530 5478 5480
f 2519 6776 7068
f 5883 6044 5880
f 9530 3503 3505
f 6775 2593 7067
f 8056 4642 5225
f 5225 4642 5258
f 5836 10142 8534
f 6523 4353 5703
f 8062 2842 7806
f 1968 8062 7806
f 3180 3074 2454
f 9784 1735 9636
f 2518 6774 7066
f 6773 2592 7065
f 10141 5782 5781
f 7336 6383 4230
f 4895 6383 7336
f 8900 9766 3680
f 5880 6042 5878
f 8578 5880 5878
f 5764 5930 5766
f 10464 5120 6542
f 8039 7785 3042
f 2517 6772 7064
f 6771 2591 7063
f 10141 8479 8480
f 3716 9784 9636
f 2516 6770 7062
f 6769 2590 7061
f 8479 10141 5781
f 1735 9784 9713
f 2515 6768 7060
f 7337 6384 4344
f 4780 6384 7337
f 6767 2589 7059
f 7791 7456 2100
f 5782 10141 8480
f 9783 1733 9635
f 8591 2850 6675
f 6675 2850 2531
f 4940 3130 4898
f 4898 2352 4940
f 5879 5926 5761
f 10140 5837 5836
f 5763 5925 5760
f 9696 9767 8902
f 5877 6043 5879
f 3557 9529 5534
f 5765 5928 5763
f 8576 5765 5763
f 5878 5986 5822
f 3714 9783 9635
f 5766 6040 5876
f 1733 9783 9712
f 5767 5929 5765
f 10464 6543 5121
f 5768 6041 5877
f 9369 10711 10292
f 5822 5985 5821
f 8519 5822 5821
f 5876 6039 5875
f 8573 5876 5875
f 5875 6038 5874
f 10140 8534 8535
f 5874 6037 5873
f 8534 10140 5836
f 5873 6036 5872
f 5837 10140 8535
f 5872 6035 5871
f 10139 5783 5782
f 5871 6034 5870
f 10139 8480 8481
f 5870 6033 5869
f 8480 10139 5782
f 5869 6032 5868
f 5783 10139 8481
f 5868 6031 5867
f 10138 5838 5837
f 5867 6030 5866
f 10138 8535 8536
f 5866 6029 5865
f 8535 10138 5837
f 5865 6028 5864
f 5838 10138 8536
f 5864 6027 5863
f 10137 5872 5871
f 5863 6026 5862
f 10137 8569 8570
f 5862 6025 5861
f 8569 10137 5871
f 5861 6024 5860
f 5872 10137 8570
f 5860 6023 5859
f 10136 5871 5870
f 5859 6022 5858
f 10136 8568 8569
f 5858 6021 5857
f 8568 10136 5870
f 5857 6020 5856
f 5871 10136 8569
f 5856 6019 5855
f 10135 5870 5869
f 5855 6018 5854
f 10135 8567 8568
f 5854 6017 5853
f 8567 10135 5869
f 5853 6016 5852
f 5870 10135 8568
f 5852 6015 5851
f 10134 5869 5868
f 5851 6014 5850
f 10134 8566 8567
f 5850 6013 5849
f 8566 10134 5868
f 5849 6012 5848
f 5869 10134 8567
f 5848 6011 5847
f 10133 5868 5867
f 5847 6010 5846
f 10133 8565 8566
f 5846 6009 5845
f 8565 10133 5867
f 5845 6008 5844
f 5868 10133 8566
f 5844 6007 5843
f 10132 5867 5866
f 5843 6006 5842
f 10132 8564 8565
f 5842 6005 5841
f 8564 10132 5866
f 5841 6004 5840
f 5867 10132 8565
f 5840 6003 5839
f 10131 5866 5865
f 5839 6002 5838
f 10131 8563 8564
f 5838 6001 5837
f 8563 10131 5865
f 5837 6000 5836
f 5866 10131 8564
f 5836 5999 5835
f 10130 5865 5864
f 5835 5998 5834
f 10130 8562 8563
f 5834 5997 5833
f 8562 10130 5864
f 5833 5996 5832
f 5865 10130 8563
f 5832 5995 5831
f 10129 5864 5863
f 5831 5994 5830
f 10129 8561 8562
f 5830 5993 5829
f 8561 10129 5863
f 5829 5992 5828
f 5864 10129 8562
f 5828 5991 5827
f 10128 5863 5862
f 5827 5990 5826
f 10128 8560 8561
f 5826 5989 5825
f 8560 10128 5862
f 5825 5988 5824
f 5863 10128 8561
f 5824 5987 5823
f 10127 5862 5861
f 5823 5931 5767
f 10127 8559 8560
f 5821 5984 5820
f 8559 10127 5861
f 5820 5983 5819
f 5862 10127 8560
f 5819 5982 5818
f 10126 5861 5860
f 5818 5981 5817
f 10126 8558 8559
f 5817 5980 5816
f 8558 10126 5860
f 5816 5979 5815
f 5861 10126 8559
f 5815 5978 5814
f 10125 5860 5859
f 5814 5977 5813
f 10125 8557 8558
f 5813 5976 5812
f 8557 10125 5859
f 5812 5975 5811
f 5860 10125 8558
f 5811 5974 5810
f 10124 5859 5858
f 5810 5973 5809
f 10124 8556 8557
f 5809 5972 5808
f 8556 10124 5858
f 5808 5971 5807
f 5859 10124 8557
f 5807 5970 5806
f 10123 5858 5857
f 5806 5969 5805
f 10123 8555 8556
f 5805 5968 5804
f 8555 10123 5857
f 5804 5967 5803
f 5858 10123 8556
f 5803 5966 5802
f 10122 5857 5856
f 5802 5965 5801
f 10122 8554 8555
f 5801 5964 5800
f 8554 10122 5856
f 5800 5963 5799
f 5857 10122 8555
f 5799 5962 5798
f 10121 5856 5855
f 5798 5961 5797
f 10121 8553 8554
f 5797 5960 5796
f 8553 10121 5855
f 5796 5959 5795
f 5856 10121 8554
f 5795 5958 5794
f 10120 5855 5854
f 5794 5957 5793
f 10120 8552 8553
f 5793 5956 5792
f 8552 10120 5854
f 5792 5955 5791
f 5855 10120 8553
f 5791 5954 5790
f 10119 5854 5853
f 5790 5953 5789
f 10119 8551 8552
f 5789 5952 5788
f 8551 10119 5853
f 5788 5951 5787
f 5854 10119 8552
f 5787 5950 5786
f 10118 5853 5852
f 5786 5949 5785
f 10118 8550 8551
f 5785 5948 5784
f 8550 10118 5852
f 5784 5947 5783
f 5853 10118 8551
f 5783 5946 5782
f 10117 5852 5851
f 5782 5945 5781
f 10117 8549 8550
f 5781 5944 5780
f 8549 10117 5851
f 5780 5943 5779
f 5852 10117 8550
f 5779 5942 5778
f 10116 5851 5850
f 5778 5941 5777
f 10116 8548 8549
f 5777 5940 5776
f 8548 10116 5850
f 5776 5939 5775
f 5851 10116 8549
f 5775 5938 5774
f 10115 5850 5849
f 5774 5937 5773
f 10115 8547 8548
f 8060 2725 7923
f 2028 8060 7923
f 5773 5936 5772
f 8547 10115 5849
f 2354 3319 3105
f 1908 3746 7457
f 5772 5935 5771
f 5850 10115 8548
f 5771 5934 5770
f 10114 5849 5848
f 5770 5933 5769
f 2514 6766 7058
f 10114 8546 8547
f 5769 5932 5768
f 8546 10114 5848
f 9782 1731 9634
f 8902 9767 3682
f 5532 9529 3559
f 9529 5532 5534
f 3245 191 190
f 3712 9782 9634
f 6765 2588 7057
f 5849 10114 8547
f 8040 2495 6965
f 1731 9782 9711
f 2513 6764 7056
f 3143 4905 8461
f 5262 3143 8461
f 3156 4905 3143
f 6239 7773 6649
f 9529 3557 3559
f 239 1780 240
f 3541 9528 5518
f 1779 181 180
f 5516 9528 3543
f 181 1778 180
f 9528 5516 5518
f 1777 239 240
f 7773 3588 6649
f 7773 6660 3593
f 3870 7773 3593
f 9528 3541 3543
f 3527 9527 5504
f 6763 2587 7055
f 10113 5848 5847
f 9781 1729 9633
f 2512 6762 7054
f 6761 2586 7053
f 10113 8545 8546
f 9697 9768 8904
f 2511 6760 7052
f 6759 2585 7051
f 5502 9527 3529
f 9527 5502 5504
f 8545 10113 5847
f 3710 9781 9633
f 2510 6758 7050
f 6757 2584 7049
f 5848 10113 8546
f 9527 3527 3529
f 4512 3583 2221
f 1729 9781 9710
f 2509 6756 7048
f 6755 2583 7047
f 4361 7454 4356
f 5710 4655 9325
f 4655 3735 9325
f 10112 5847 5846
f 9780 1727 9632
f 2508 6754 7046
f 6753 2582 7045
f 10112 8544 8545
f 8904 9768 3684
f 2507 6752 7044
f 6751 2581 7043
f 8544 10112 5846
f 3708 9780 9632
f 2506 6750 7042
f 6749 2580 7041
f 5847 10112 8545
f 1727 9780 9709
f 2505 6748 7040
f 6747 2579 7039
f 10111 5846 5845
f 9779 1725 9631
f 2504 6746 7038
f 6745 2578 7037
f 10111 8543 8544
f 9698 9769 8906
f 2503 6744 7036
f 6743 2577 7035
f 8543 10111 5845
f 3706 9779 9631
f 2502 6742 7034
f 6741 2576 7033
f 5846 10111 8544
f 3489 9526 5466
f 5464 9526 3491
f 9526 5464 5466
f 9526 3489 3491
f 1725 9779 9708
f 2501 6740 7032
f 6739 2575 7031
f 10110 5845 5844
f 9778 1723 9630
f 2500 6738 7030
f 6737 2574 7029
f 2499 6737 7029
f 6736 2573 7028
f 2498 6736 7028
f 6733 2570 7024
f 10110 8542 8543
f 8906 9769 3686
f 2493 6732 7023
f 6731 2569 7022
f 8542 10110 5844
f 3704 9778 9630
f 2492 6730 7021
f 6729 2568 7020
f 5845 10110 8543
f 1723 9778 9707
f 2491 6728 7019
f 6727 2567 7018
f 10109 5844 5843
f 9777 1721 9629
f 2490 6726 7017
f 6725 2566 7016
f 10109 8541 8542
f 9699 9770 8908
f 2489 6724 7015
f 6723 2565 7014
f 8541 10109 5843
f 3702 9777 9629
f 2488 6722 7013
f 6721 2564 7012
f 5844 10109 8542
f 1721 9777 9706
f 2487 6720 7011
f 6719 2563 7010
f 10108 5843 5842
f 9776 1719 9628
f 2486 6718 7009
f 6717 2562 7008
f 10108 8540 8541
f 8908 9770 3688
f 2485 6716 7007
f 6715 2561 7006
f 8540 10108 5842
f 3700 9776 9628
f 2484 6714 7005
f 6713 2560 7004
f 5843 10108 8541
f 1719 9776 9705
f 2483 6712 7003
f 6711 2559 7002
f 10107 5842 5841
f 9775 1717 9627
f 2482 6710 7001
f 6709 2558 7000
f 10107 8539 8540
f 9700 9771 8910
f 2481 6708 6999
f 6707 2557 6998
f 8539 10107 5841
f 3698 9775 9627
f 2480 6706 6997
f 6705 2556 6996
f 5842 10107 8540
f 1717 9775 9704
f 2479 6704 6995
f 6703 2555 6994
f 10106 5841 5840
f 9774 1715 9626
f 2478 6702 6993
f 6701 2554 6992
f 10106 8538 8539
f 8910 9771 3690
f 2477 6700 6991
f 6699 2553 6990
f 3513 9525 5486
f 8538 10106 5840
f 3696 9774 9626
f 5492 9525 3515
f 2476 6698 6989
f 6697 2552 6988
f 9525 5492 5486
f 5841 10106 8539
f 1715 9774 9703
f 9525 3513 3515
f 6525 8946 5725
f 3475 9524 5448
f 2475 6696 6987
f 6695 2551 6986
f 3047 8317 9067
f 2858 7200 6521
f 1616 2858 6521
f 10105 5840 5839
f 9773 1713 9625
f 2474 6694 6985
f 5237 3086 6372
f 2852 5237 6372
f 6693 2550 6984
f 10105 8537 8538
f 4896 5288 7334
f 7334 5288 4228
f 9701 9772 8912
f 2473 6692 6983
f 4893 5401 7335
f 7335 5401 4231
f 6691 2549 6982
f 4781 5289 7339
f 7339 5289 4232
f 8537 10105 5839
f 4892 5400 7338
f 7338 5400 4343
f 3694 9773 9625
f 4782 5290 7340
f 7340 5290 4233
f 2472 6690 6981
f 4891 5399 7447
f 7447 5399 4342
f 6689 2548 6980
f 4890 5398 7446
f 7446 5398 4341
f 5840 10105 8538
f 4889 5397 7445
f 7445 5397 4340
f 1713 9773 9702
f 4888 5396 7444
f 7444 5396 4339
f 2471 6688 6979
f 4887 5395 7443
f 7443 5395 4338
f 6687 2547 6978
f 4886 5394 7442
f 7442 5394 4337
f 10104 5839 5838
f 4885 5393 7441
f 7441 5393 4336
f 9772 1711 9624
f 4884 5392 7440
f 7440 5392 4335
f 2470 6686 6977
f 4883 5391 7439
f 7439 5391 4334
f 6685 2546 6976
f 4882 5390 7438
f 7438 5390 4333
f 10104 8536 8537
f 4881 5389 7437
f 7437 5389 4332
f 8912 9772 3692
f 4880 5388 7436
f 7436 5388 4331
f 2469 6684 6975
f 4879 5387 7435
f 7435 5387 4330
f 6683 2545 6974
f 4878 5386 7434
f 7434 5386 4329
f 2468 6683 6974
f 4877 5385 7433
f 7433 5385 4328
f 6682 2544 6973
f 4876 5384 7432
f 7432 5384 4327
f 2467 6682 6973
f 4875 5383 7431
f 7431 5383 4326
f 3692 9772 9624
f 3159 8994 214
f 1711 9772 9701
f 9280 5910 7620
f 4874 5382 7430
f 7430 5382 4325
f 5454 9524 3477
f 1548 9280 7620
f 9267 5906 7617
f 4873 5381 7429
f 1540 9267 7617
f 7429 5381 4324
f 9256 5904 7614
f 1533 9256 7614
f 5721 3073 3053
f 4872 5380 7428
f 8056 7627 4642
f 7627 8056 4360
f 4360 8056 2222
f 7428 5380 4323
f 9237 5901 7609
f 4871 5379 7427
f 7427 5379 4322
f 1521 9237 7609
f 4870 5378 7426
f 9225 5897 7607
f 8057 2723 8042
f 2029 8057 8042
f 7426 5378 4321
f 1514 9225 7607
f 4869 5377 7425
f 7425 5377 4320
f 9208 5895 7602
f 4868 5376 7424
f 7424 5376 4319
f 1503 9208 7602
f 4867 5375 7423
f 7423 5375 4318
f 1538 9264 7616
f 4866 5374 7422
f 7422 5374 4317
f 1531 9253 7613
f 4865 5373 7421
f 7421 5373 4316
f 1529 9250 7612
f 4864 5372 7420
f 7420 5372 4315
f 1527 9247 7611
f 4863 5371 7419
f 7419 5371 4314
f 1512 9222 7606
f 4862 5370 7418
f 7418 5370 4313
f 1510 9219 7605
f 4861 5369 7417
f 7417 5369 4312
f 1508 9216 7604
f 4860 5368 7416
f 7416 5368 4311
f 7576 4102 7204
f 4859 5367 7415
f 7415 5367 4310
f 6360 7576 7204
f 4858 5366 7414
f 7414 5366 4309
f 6397 3748 4774
f 4857 5365 7413
f 7413 5365 4308
f 9524 5454 5448
f 4856 5364 7412
f 7412 5364 4307
f 9524 3475 3477
f 4855 5363 7411
f 7411 5363 4306
f 3535 9523 5508
f 4854 5362 7410
f 7410 5362 4305
f 5514 9523 3537
f 4853 5361 7409
f 7409 5361 4304
f 5699 2093 4220
f 4852 5360 7408
f 7408 5360 4303
f 5699 4220 6510
f 4851 5359 7407
f 7407 5359 4302
f 8536 10104 5838
f 4850 5358 7406
f 7406 5358 4301
f 5594 4113 6403
f 4849 5357 7405
f 7405 5357 4300
f 5839 10104 8537
f 4848 5356 7404
f 7404 5356 4299
f 5697 4216 6506
f 4847 5355 7403
f 7403 5355 4298
f 5698 2092 4219
f 4846 5354 7402
f 7402 5354 4297
f 5698 4219 6509
f 4845 5353 7401
f 7401 5353 4296
f 5696 2091 4215
f 4844 5352 7400
f 7400 5352 4295
f 5696 4215 6505
f 4843 5351 7399
f 7399 5351 4294
f 10103 5818 5817
f 4842 5350 7398
f 7398 5350 4293
f 5695 4218 6508
f 4841 5349 7397
f 7397 5349 4292
f 5694 2090 4213
f 4840 5348 7396
f 7396 5348 4291
f 5694 4213 6503
f 4839 5347 7395
f 7395 5347 4290
f 10103 8515 8516
f 4835 5343 7393
f 7393 5343 4286
f 5693 4214 6504
f 4834 5342 7392
f 7392 5342 4285
f 5692 2089 4209
f 4833 5341 7391
f 7391 5341 4284
f 5692 4209 6499
f 4832 5340 7390
f 7390 5340 4283
f 5691 2088 4212
f 4831 5339 7389
f 7389 5339 4282
f 5691 4212 6502
f 4830 5338 7388
f 7388 5338 4281
f 5690 2087 4211
f 4829 5337 7387
f 7387 5337 4280
f 5690 4211 6501
f 4828 5336 7386
f 7386 5336 4279
f 8515 10103 5817
f 4827 5335 7385
f 7385 5335 4278
f 5689 4208 6498
f 4826 5334 7384
f 7384 5334 4277
f 5688 2086 4205
f 4825 5333 7383
f 7383 5333 4276
f 5688 4205 6495
f 4824 5332 7382
f 7382 5332 4275
f 5818 10103 8516
f 4823 5331 7381
f 7381 5331 4274
f 5687 4210 6500
f 4822 5330 7380
f 7380 5330 4273
f 5686 2085 4207
f 4821 5329 7379
f 7379 5329 4272
f 5686 4207 6497
f 4820 5328 7378
f 7378 5328 4271
f 10102 5817 5816
f 4819 5327 7377
f 7377 5327 4270
f 5685 4204 6494
f 4818 5326 7376
f 7376 5326 4269
f 5684 2084 4203
f 4817 5325 7375
f 7375 5325 4268
f 5684 4203 6493
f 4816 5324 7374
f 7374 5324 4267
f 10102 8514 8515
f 4815 5323 7373
f 7373 5323 4266
f 5683 4206 6496
f 4814 5322 7372
f 7372 5322 4265
f 5682 2083 4199
f 4813 5321 7371
f 7371 5321 4264
f 5682 4199 6489
f 4812 5320 7370
f 7370 5320 4263
f 8514 10102 5816
f 4811 5319 7369
f 7369 5319 4262
f 5681 4202 6492
f 4810 5318 7368
f 7368 5318 4261
f 5680 2082 4201
f 4809 5317 7367
f 7367 5317 4260
f 5680 4201 6491
f 4808 5316 7366
f 7366 5316 4259
f 5817 10102 8515
f 4807 5315 7365
f 7365 5315 4258
f 5679 4198 6488
f 4806 5314 7364
f 7364 5314 4257
f 5678 2081 4197
f 4805 5313 7363
f 7363 5313 4256
f 5678 4197 6487
f 4804 5312 7362
f 7362 5312 4255
f 10101 5816 5815
f 4803 5311 7361
f 7361 5311 4254
f 5677 4200 6490
f 4802 5310 7360
f 7360 5310 4253
f 5676 2080 4193
f 4801 5309 7359
f 7359 5309 4252
f 5676 4193 6483
f 4800 5308 7358
f 7358 5308 4251
f 5675 2079 4196
f 4799 5307 7357
f 7357 5307 4250
f 5675 4196 6486
f 4798 5306 7356
f 7356 5306 4249
f 5674 2078 4195
f 4797 5305 7355
f 7355 5305 4248
f 5674 4195 6485
f 4796 5304 7354
f 7354 5304 4247
f 10101 8513 8514
f 4795 5303 7353
f 7353 5303 4246
f 5673 4192 6482
f 4794 5302 7352
f 7352 5302 4245
f 5672 2077 4189
f 4793 5301 7351
f 7351 5301 4244
f 5672 4189 6479
f 4792 5300 7350
f 7350 5300 4243
f 8513 10101 5815
f 4791 5299 7349
f 7349 5299 4242
f 5671 4194 6484
f 4790 5298 7348
f 7348 5298 4241
f 5670 2076 4191
f 4789 5297 7347
f 7347 5297 4240
f 5670 4191 6481
f 4788 5296 7346
f 7346 5296 4239
f 5816 10101 8514
f 4787 5295 7345
f 7345 5295 4238
f 5669 4188 6478
f 4786 5294 7344
f 7344 5294 4237
f 5668 2075 4185
f 4785 5293 7343
f 7343 5293 4236
f 5668 4185 6475
f 4784 5292 7342
f 7342 5292 4235
f 10100 5815 5814
f 4783 5291 7341
f 7341 5291 4234
f 5667 4190 6480
f 4838 5346 7394
f 7394 5346 4289
f 5666 2074 4187
f 4836 5344 7449
f 7449 5344 4287
f 5666 4187 6477
f 4894 5402 7448
f 7448 5402 4288
f 10100 8512 8513
f 4837 5345 7450
f 7450 5345 4345
f 5665 4184 6474
f 5664 2073 4183
f 4959 3127 3137
f 3127 5278 3137
f 5278 3127 3084
f 4779 5403 7452
f 7452 5403 4346
f 5664 4183 6473
f 9771 1709 9623
f 8512 10100 5814
f 9702 9773 8914
f 9523 5514 5508
f 9523 3535 3537
f 5663 4186 6476
f 5662 2072 4179
f 5662 4179 6469
f 5661 2071 4182
f 5924 8330 9078
f 8330 262 9078
f 3464 9522 5439
f 5661 4182 6472
f 5660 2070 4181
f 5660 4181 6471
f 5815 10100 8513
f 3690 9771 9623
f 5441 9522 3462
f 5659 4178 6468
f 5658 2069 4175
f 5658 4175 6465
f 10099 5814 5813
f 1709 9771 9700
f 9770 1707 9622
f 5657 4180 6470
f 5656 2068 4177
f 3731 5253 6526
f 5656 4177 6467
f 10099 8511 8512
f 5253 2722 6526
f 8511 10099 5813
f 2400 3196 206
f 5655 4174 6464
f 9522 5441 5439
f 5654 2067 4171
f 5654 4171 6461
f 5814 10099 8512
f 5653 4176 6466
f 5652 2066 4173
f 5652 4173 6463
f 10098 5813 5812
f 5651 4170 6460
f 3148 2100 2220
f 5650 2065 4167
f 9522 3464 3462
f 10098 8510 8511
f 8914 9773 3694
f 6543 10464 6542
f 8510 10098 5812
f 5650 4167 6457
f 5813 10098 8511
f 3517 9521 5490
f 5496 9521 3519
f 5649 4172 6462
f 5648 2064 4169
f 5648 4169 6459
f 10097 5812 5811
f 5647 4166 6456
f 5646 2063 4163
f 5646 4163 6453
f 10097 8509 8510
f 5645 4168 6458
f 9521 5496 5490
f 5644 2062 4165
f 9521 3517 3519
f 5644 4165 6455
f 8509 10097 5811
f 5643 4162 6452
f 5642 2061 4161
f 5642 4161 6451
f 5812 10097 8510
f 5641 4164 6454
f 3479 9520 5452
f 10096 5811 5810
f 3688 9770 9622
f 5640 2060 4159
f 5640 4159 6449
f 10096 8508 8509
f 5639 4160 6450
f 5638 2059 4155
f 5638 4155 6445
f 5458 9520 3481
f 5637 2058 4158
f 5637 4158 6448
f 5636 2057 4157
f 5636 4157 6447
f 8508 10096 5810
f 5635 4154 6444
f 5634 2056 4151
f 5634 4151 6441
f 5811 10096 8509
f 5633 4156 6446
f 5632 2055 4153
f 5632 4153 6443
f 10095 5810 5809
f 5631 4150 6440
f 5630 2054 4149
f 5630 4149 6439
f 10095 8507 8508
f 5629 4152 6442
f 5628 2053 4147
f 5628 4147 6437
f 8507 10095 5809
f 5627 4148 6438
f 5626 2052 4145
f 5626 4145 6435
f 5810 10095 8508
f 5625 4146 6436
f 5624 2051 4141
f 5624 4141 6431
f 5623 2050 4144
f 5623 4144 6434
f 5622 2049 4143
f 5622 4143 6433
f 10094 5809 5808
f 5621 4140 6430
f 5620 2048 4137
f 5620 4137 6427
f 10094 8506 8507
f 5619 4142 6432
f 5618 2047 4139
f 5618 4139 6429
f 8506 10094 5808
f 5617 4136 6426
f 5616 2046 4133
f 5616 4133 6423
f 5809 10094 8507
f 5615 4138 6428
f 5614 2045 4135
f 5614 4135 6425
f 10093 5808 5807
f 5613 4132 6422
f 5612 2044 4129
f 5612 4129 6419
f 10093 8505 8506
f 5611 4134 6424
f 5610 2043 4131
f 5610 4131 6421
f 8505 10093 5807
f 5609 4128 6418
f 5608 2042 4125
f 5608 4125 6415
f 5808 10093 8506
f 5607 4130 6420
f 5606 2041 4127
f 5606 4127 6417
f 10092 5807 5806
f 5605 4124 6414
f 5604 2040 4123
f 5604 4123 6413
f 10092 8504 8505
f 5603 4126 6416
f 5602 2039 4119
f 5602 4119 6409
f 9520 5458 5452
f 8504 10092 5806
f 3593 8199 3870
f 5601 4122 6412
f 9520 3479 3481
f 3468 9519 5443
f 5600 2038 4121
f 5600 4121 6411
f 5807 10092 8505
f 5599 4118 6408
f 5598 2037 4115
f 5598 4115 6405
f 10091 5806 5805
f 5597 4120 6410
f 5252 2382 2407
f 5596 2036 4117
f 5596 4117 6407
f 10091 8503 8504
f 5595 4114 6404
f 5593 2035 4116
f 5593 4116 6406
f 5591 2034 4112
f 5591 4112 6402
f 5700 2094 4217
f 5700 4217 6507
f 8503 10091 5805
f 5592 4111 6401
f 5445 9519 3466
f 9519 5445 5443
f 9519 3468 3466
f 7329 2535 3093
f 2231 7323 7753
f 7323 2031 7753
f 3219 3201 1597
f 3521 9518 5494
f 3201 3174 1597
f 4974 4384 3080
f 9288 5890 6370
f 1497 9288 6370
f 5500 9518 3523
f 9518 5500 5494
f 3077 8065 6516
f 4693 9230 9228
f 9230 1515 9228
f 1515 9230 1516
f 9518 3521 3523
f 1787 6238 6648
f 3483 9517 5456
f 5462 9517 3485
f 3076 8064 6515
f 5806 10091 8504
f 7741 9443 2917
f 9517 5462 5456
f 9517 3483 3485
f 3478 9516 5453
f 4746 9283 9281
f 1707 9770 9699
f 5455 9516 3476
f 9769 1705 9621
f 9516 5455 5453
f 9703 9774 8916
f 9516 3478 3476
f 3686 9769 9621
f 3558 9515 5533
f 1705 9769 9698
f 5535 9515 3556
f 9283 1547 9281
f 9768 1703 9620
f 9515 5535 5533
f 8916 9774 3696
f 9515 3558 3556
f 3684 9768 9620
f 3542 9514 5517
f 1703 9768 9697
f 5519 9514 3540
f 9767 1701 9619
f 9514 5519 5517
f 9704 9775 8918
f 9514 3542 3540
f 3682 9767 9619
f 3538 9513 5513
f 1701 9767 9696
f 5515 9513 3536
f 9766 1699 9618
f 9513 5515 5513
f 8918 9775 3698
f 9513 3538 3536
f 3680 9766 9618
f 3528 9512 5503
f 1699 9766 9695
f 5505 9512 3526
f 9765 1697 9617
f 9512 5505 5503
f 9705 9776 8920
f 9512 3528 3526
f 3678 9765 9617
f 3524 9511 5499
f 1697 9765 9694
f 5501 9511 3522
f 9764 1675 9615
f 9511 5501 5499
f 8920 9776 3700
f 9511 3524 3522
f 3660 9764 9615
f 3520 9510 5495
f 1675 9764 9692
f 5497 9510 3518
f 9763 1673 9614
f 9706 9777 8922
f 9510 5497 5495
f 3658 9763 9614
f 9510 3520 3518
f 1673 9763 9691
f 3516 9509 5491
f 9762 1671 9613
f 5493 9509 3514
f 8922 9777 3702
f 9509 5493 5491
f 3656 9762 9613
f 9509 3516 3514
f 1671 9762 9690
f 3504 9508 5479
f 9761 1669 9612
f 5481 9508 3502
f 9707 9778 8924
f 9508 5481 5479
f 3654 9761 9612
f 9508 3504 3502
f 1669 9761 9689
f 3490 9507 5465
f 9760 1667 9611
f 5467 9507 3488
f 8924 9778 3704
f 9507 5467 5465
f 3652 9760 9611
f 9507 3490 3488
f 1667 9760 9688
f 3486 9506 5461
f 9759 1665 9610
f 5463 9506 3484
f 8959 4386 3589
f 10090 5805 5804
f 4906 5754 1614
f 9708 9779 8926
f 1547 9283 1549
f 9506 5463 5461
f 4701 9240 9238
f 3650 9759 9610
f 9240 1520 9238
f 9506 3486 3484
f 1520 9240 1522
f 1665 9759 9687
f 4691 9228 9226
f 3482 9505 5457
f 7599 4395 5722
f 5459 9505 3480
f 9505 5459 5457
f 9758 1663 9609
f 8926 9779 3706
f 9505 3482 3480
f 3648 9758 9609
f 3465 9504 5438
f 1663 9758 9686
f 4516 8948 6176
f 5444 9504 3467
f 9757 1661 9608
f 9504 5444 5438
f 9709 9780 8928
f 9504 3465 3467
f 9228 1513 9226
f 1513 9228 1515
f 4651 8044 7625
f 3646 9757 9608
f 8044 1617 7625
f 220 2391 221
f 3501 9503 5474
f 5480 9503 3503
f 8928 9780 3708
f 2391 3230 221
f 9503 5480 5474
f 10090 8502 8503
f 9503 3501 3503
f 3555 9502 5528
f 8326 4385 8964
f 4385 3581 8964
f 5534 9502 3557
f 2383 3156 3179
f 5238 2383 3179
f 3203 3191 198
f 9502 5534 5528
f 3191 199 198
f 9502 3555 3557
f 9501 8983 2362
f 5246 9501 2362
f 5590 2033 4109
f 5590 4109 6399
f 8040 4638 2495
f 3474 9500 5449
f 1661 9757 9685
f 9453 3750 6049
f 6049 3750 8195
f 1844 6239 6649
f 9756 1659 9607
f 5587 4512 1904
f 4904 8457 8958
f 8502 10090 5804
f 8958 8457 4386
f 5888 9288 9201
f 8038 2464 6968
f 8038 6790 2464
f 9288 1562 9201
f 8036 2526 6963
f 8036 6789 2526
f 4694 9232 9230
f 9710 9781 8930
f 3644 9756 9607
f 9232 1516 9230
f 1516 9232 1517
f 7926 6680 2465
f 8043 4390 3594
f 7981 2496 6964
f 7981 6679 2496
f 5451 9500 3472
f 7983 2498 6910
f 7983 6736 2498
f 4748 9285 9283
f 5805 10090 8503
f 10089 5804 5803
f 9285 1549 9283
f 7982 2497 6909
f 7982 6735 2497
f 1549 9285 1550
f 7980 2494 6907
f 10089 8501 8502
f 4703 9242 9240
f 7984 2499 6911
f 7984 6737 2499
f 9242 1522 9240
f 7978 2493 6905
f 7978 6732 2493
f 1522 9242 1523
f 7985 2500 6912
f 7985 6738 2500
f 7597 4749 5912
f 8501 10089 5803
f 5804 10089 8502
f 10088 5803 5802
f 7987 2501 6914
f 7987 6740 2501
f 5912 9284 7597
f 10088 8500 8501
f 8500 10088 5802
f 7595 4740 5909
f 5803 10088 8501
f 10087 5802 5801
f 10087 8499 8500
f 7976 2492 6903
f 7976 6730 2492
f 5909 9274 7595
f 7989 2502 6916
f 7989 6742 2502
f 7594 4736 5907
f 8499 10087 5801
f 5802 10087 8500
f 10086 5801 5800
f 10086 8498 8499
f 8498 10086 5800
f 5907 9269 7594
f 7974 2491 6901
f 7974 6728 2491
f 7591 4724 5905
f 5801 10086 8499
f 10085 5800 5799
f 10085 8497 8498
f 7972 2490 6899
f 7972 6726 2490
f 5905 9258 7591
f 8497 10085 5799
f 5800 10085 8498
f 7586 4704 5903
f 7970 2489 6897
f 7970 6724 2489
f 10084 5799 5798
f 7991 2503 6918
f 7991 6744 2503
f 5903 9241 7586
f 10084 8496 8497
f 8496 10084 5798
f 7584 4695 5900
f 7993 2504 6920
f 7993 6746 2504
f 9464 7584 9231
f 5799 10084 8497
f 10083 5798 5797
f 5900 9231 7584
f 7995 2505 6922
f 7995 6748 2505
f 7579 4673 5896
f 10083 8495 8496
f 8495 10083 5797
f 5798 10083 8496
f 10082 5797 5796
f 10082 8494 8495
f 5896 9210 7579
f 7968 2488 6895
f 7968 6722 2488
f 4738 9275 9273
f 7997 2506 6924
f 7997 6750 2506
f 9275 1542 9273
f 8494 10082 5796
f 5797 10082 8495
f 1542 9275 1544
f 10081 5796 5795
f 10081 8493 8494
f 4734 9270 9268
f 7966 2487 6893
f 7966 6720 2487
f 9270 1539 9268
f 7999 2507 6926
f 7999 6752 2507
f 1539 9270 1541
f 8493 10081 5795
f 5796 10081 8494
f 10711 7664 10292
f 10080 5795 5794
f 10080 8492 8493
f 9259 1532 9257
f 7964 2486 6891
f 7964 6718 2486
f 1532 9259 1534
f 8492 10080 5794
f 5795 10080 8493
f 4671 9211 9209
f 7962 2485 6889
f 7962 6716 2485
f 9211 1502 9209
f 10079 5794 5793
f 10079 8491 8492
f 1502 9211 1504
f 7960 2484 6887
f 7960 6714 2484
f 9500 5451 5449
f 8001 2508 6928
f 8001 6754 2508
f 9452 3581 2846
f 8491 10079 5793
f 5794 10079 8492
f 9452 2846 6668
f 10078 5793 5792
f 10078 8490 8491
f 5282 9471 4922
f 7958 2483 6885
f 7958 6712 2483
f 9500 3474 3472
f 8003 2509 6930
f 8003 6756 2509
f 1659 9756 9684
f 8490 10078 5792
f 5793 10078 8491
f 3554 9499 5529
f 10077 5792 5791
f 10077 8489 8490
f 5893 7601 5915
f 7956 2482 6883
f 7956 6710 2482
f 9292 5915 7601
f 8005 2510 6932
f 8005 6758 2510
f 1498 9292 7601
f 8489 10077 5791
f 5792 10077 8490
f 5913 7622 5914
f 10076 5791 5790
f 10076 8488 8489
f 9291 5914 7622
f 7954 2481 6881
f 7954 6708 2481
f 1554 9291 7622
f 8007 2511 6934
f 8007 6760 2511
f 7082 2542 6790
f 8488 10076 5790
f 5791 10076 8489
f 3569 4371 3459
f 10075 5790 5789
f 10075 8487 8488
f 3457 4381 3568
f 7952 2480 6879
f 7952 6706 2480
f 5544 3457 3568
f 8009 2512 6936
f 8009 6762 2512
f 5531 9499 3552
f 8487 10075 5789
f 5790 10075 8488
f 9499 5531 5529
f 8011 2513 6938
f 8011 6764 2513
f 1593 5230 6371
f 10074 5789 5788
f 10074 8486 8487
f 8055 5887 9200
f 8486 10074 5788
f 5789 10074 8487
f 1586 8055 9200
f 7950 2479 6877
f 7950 6704 2479
f 9755 1657 9606
f 10073 5788 5787
f 10073 8485 8486
f 9499 3554 3552
f 7948 2478 6875
f 7948 6702 2478
f 3722 3725 4632
f 8013 2514 6940
f 8013 6766 2514
f 8930 9781 3710
f 8485 10073 5787
f 5788 10073 8486
f 6972 2543 6680
f 10072 5787 5786
f 10072 8484 8485
f 7027 2572 6679
f 7946 2477 6873
f 7946 6700 2477
f 8484 10072 5786
f 8015 2515 6942
f 8015 6768 2515
f 5787 10072 8485
f 10071 5786 5785
f 10071 8483 8484
f 7080 2599 6787
f 8017 2516 6944
f 8017 6770 2516
f 3642 9755 9606
f 8483 10071 5785
f 5786 10071 8484
f 7078 2598 6785
f 10070 5785 5784
f 3095 7778 4368
f 7778 3095 4948
f 10070 8482 8483
f 1657 9755 9683
f 7944 2476 6871
f 7944 6698 2476
f 7076 2597 6783
f 8019 2517 6946
f 8019 6772 2517
f 9754 1655 9605
f 8482 10070 5784
f 5785 10070 8483
f 7074 2596 6781
f 8021 2518 6948
f 8021 6774 2518
f 9711 9782 8932
f 10069 5784 5783
f 10069 8481 8482
f 7072 2595 6779
f 8481 10069 5783
f 5784 10069 8482
f 3640 9754 9605
f 7942 2475 6869
f 7942 6696 2475
f 7070 2594 6777
f 8023 2519 6950
f 8023 6776 2519
f 1655 9754 9682
f 10068 5819 5818
f 10068 8516 8517
f 7068 2593 6775
f 8516 10068 5818
f 5819 10068 8517
f 9753 1653 9604
f 7066 2592 6773
f 7940 2474 6867
f 8196 4652 5285
f 7940 6694 2474
f 8932 9782 3712
f 8025 2520 6952
f 8025 6778 2520
f 6853 8978 5105
f 7064 2591 6771
f 388 6853 5105
f 4909 2446 5561
f 10067 5777 5776
f 10067 8474 8475
f 3638 9753 9604
f 6533 10751 6643
f 5777 10067 8475
f 7062 2590 6769
f 7938 2473 6865
f 7938 6692 2473
f 1653 9753 9681
f 8027 2521 6954
f 8027 6780 2521
f 7060 2589 6767
f 10066 5776 5775
f 3548 9498 5523
f 2534 8600 6378
f 9752 1651 9603
f 6361 8187 1843
f 7058 2588 6765
f 10066 8473 8474
f 9712 9783 8934
f 10739 5775 10064
f 8993 3119 2356
f 4900 2356 3119
f 1618 8993 2356
f 10751 6533 5111
f 7056 2587 6763
f 3636 9752 9603
f 7936 2472 6863
f 1617 8044 3743
f 7936 6690 2472
f 7054 2586 6761
f 8029 2522 6956
f 8029 6782 2522
f 1651 9752 9680
f 10065 5827 5826
f 5554 3094 6372
f 10065 8524 8525
f 7052 2585 6759
f 9751 1649 9602
f 7664 10711 7665
f 5283 5709 2533
f 7050 2584 6757
f 8472 10685 10060
f 8934 9783 3714
f 7934 2471 6861
f 7934 6688 2471
f 7048 2583 6755
f 10064 5775 5774
f 10064 8472 8473
f 3634 9751 9602
f 7932 2470 6859
f 7932 6686 2470
f 7046 2582 6753
f 10685 8472 10064
f 10738 5828 10154
f 1649 9751 9679
f 7930 2469 6857
f 7930 6684 2469
f 7044 2581 6751
f 8031 2523 6958
f 8031 6784 2523
f 9750 1647 9601
f 7042 2580 6749
f 9713 9784 8936
f 7040 2579 6747
f 10063 3333 3334
f 10063 8469 8468
f 3632 9750 9601
f 8469 10063 3334
f 5120 10464 5121
f 7038 2578 6745
f 7928 2467 6855
f 7928 6682 2467
f 1647 9750 9678
f 8033 2524 6960
f 8033 6786 2524
f 7036 2577 6743
f 7929 2468 6856
f 7929 6683 2468
f 9749 1645 9600
f 8035 2525 6962
f 8035 6788 2525
f 7034 2576 6741
f 7927 2466 6854
f 7927 6681 2466
f 8936 9784 3716
f 7032 2575 6739
f 8579 5760 3451
f 5760 4763 3451
f 1616 2889 6792
f 3630 9749 9600
f 7030 2574 6737
f 1645 9749 9677
f 7029 2573 6736
f 2373 5749 5424
f 7025 2570 6733
f 7629 9335 2889
f 7200 4102 3869
f 3869 6521 7200
f 9748 1643 9599
f 7023 2569 6731
f 9714 9785 8938
f 7021 2568 6729
f 3628 9748 9599
f 7019 2567 6727
f 1643 9748 9676
f 7017 2566 6725
f 9747 1641 9598
f 7015 2565 6723
f 8938 9785 3718
f 7013 2564 6721
f 3626 9747 9598
f 7011 2563 6719
f 1641 9747 9675
f 7009 2562 6717
f 9746 1639 9597
f 7007 2561 6715
f 9716 9744 8842
f 7005 2560 6713
f 3624 9746 9597
f 7003 2559 6711
f 1639 9746 9674
f 7001 2558 6709
f 9745 1637 9596
f 6999 2557 6707
f 8842 9744 3620
f 6997 2556 6705
f 3622 9745 9596
f 6995 2555 6703
f 1637 9745 9673
f 6993 2554 6701
f 9744 1635 9638
f 6991 2553 6699
f 9672 9743 8896
f 6989 2552 6697
f 3620 9744 9638
f 6987 2551 6695
f 1635 9744 9716
f 6985 2550 6693
f 9743 1695 9616
f 6983 2549 6691
f 8896 9743 3676
f 6981 2548 6689
f 3676 9743 9616
f 6979 2547 6687
f 1695 9743 9672
f 6977 2546 6685
f 9742 1677 9595
f 6975 2545 6683
f 6974 2544 6682
f 9718 9741 8840
f 3662 9742 9595
f 3201 3211 3174
f 1548 9281 1547
f 1543 9273 1542
f 1540 9268 1539
f 1533 9257 1532
f 1521 9238 1520
f 1514 9226 1513
f 1503 9209 1502
f 5525 9498 3546
f 9498 5525 5523
f 4897 2028 7334
f 5287 4897 7334
f 5917 9297 9295
f 9297 1562 9295
f 9498 3548 3546
f 2214 8322 4397
f 6655 2218 4514
f 7924 4362 3067
f 1501 9206 1500
f 1501 9203 1499
f 3534 9497 5509
f 1677 9742 9693
f 9741 1633 9640
f 2386 5575 5547
f 5511 9497 3532
f 6851 4366 4754
f 4366 3449 4754
f 9497 5511 5509
f 9497 3534 3532
f 1546 9278 1545
f 1538 9265 1537
f 1536 9262 1535
f 1531 9254 1530
f 1529 9251 1528
f 1527 9248 1526
f 1525 9245 1524
f 1519 9235 1518
f 1512 9223 1511
f 1510 9220 1509
f 1508 9217 1507
f 1506 9214 1505
f 1552 9287 1551
f 3512 9496 5487
f 5489 9496 3510
f 8977 9333 2861
f 9496 5489 5487
f 9496 3512 3510
f 1615 6363 4513
f 1615 4513 4943
f 3500 9495 5475
f 8312 8976 6848
f 8976 9334 2890
f 8976 2890 6848
f 3225 205 204
f 4363 8599 3453
f 4513 2103 4943
f 6523 2103 4513
f 5477 9495 3498
f 9495 5477 5475
f 9495 3500 3498
f 1554 9290 6367
f 3539 9494 5512
f 3127 4959 3248
f 5518 9494 3541
f 9494 5518 5512
f 1498 9289 6366
f 8840 9741 3618
f 7924 4639 2527
f 8981 2527 4639
f 9710 8930 3709
f 9494 3539 3541
f 3525 9493 5498
f 5504 9493 3527
f 7744 8996 3867
f 9493 5504 5498
f 7632 4098 3866
f 8720 2237 9033
f 7634 3990 3756
f 7740 4097 3864
f 7739 4096 3863
f 7738 4095 3862
f 7737 4094 3861
f 7736 4093 3860
f 7735 4092 3859
f 7734 4091 3858
f 7733 4090 3857
f 7732 4089 3856
f 7731 4088 3855
f 7730 4087 3854
f 7729 4086 3853
f 7728 4085 3852
f 7727 4084 3851
f 7726 4083 3850
f 7725 4082 3849
f 7724 4081 3848
f 7723 4080 3847
f 7722 4079 3846
f 7721 4078 3845
f 7720 4077 3844
f 7719 4076 3843
f 7718 4075 3842
f 7717 4074 3841
f 7716 4073 3840
f 7715 4072 3839
f 7714 4071 3838
f 7713 4070 3837
f 7712 4069 3836
f 7711 4068 3835
f 7710 4067 3834
f 7709 4066 3833
f 7708 4065 3832
f 7707 4064 3831
f 7706 4063 3830
f 7705 4062 3829
f 7704 4061 3828
f 7703 4060 3827
f 7702 4059 3826
f 7701 4058 3825
f 7700 4057 3824
f 7699 4056 3823
f 7698 4055 3822
f 7697 4054 3821
f 7696 4053 3820
f 7695 4052 3819
f 7694 4051 3818
f 7693 4050 3817
f 7692 4049 3816
f 7691 4048 3815
f 7690 4047 3814
f 7689 4046 3813
f 7686 4042 3808
f 7685 4041 3807
f 7684 4040 3806
f 7683 4039 3805
f 7682 4038 3804
f 7681 4037 3803
f 7680 4036 3802
f 7679 4035 3801
f 7678 4034 3800
f 7677 4033 3799
f 7676 4032 3798
f 7675 4031 3797
f 7674 4030 3796
f 7673 4029 3795
f 7672 4028 3794
f 7671 4027 3793
f 7670 4026 3792
f 7669 4025 3791
f 7668 4024 3790
f 7667 4023 3789
f 7666 4022 3788
f 7665 4021 3787
f 7664 4020 3786
f 7663 4019 3785
f 7662 4018 3784
f 7661 4017 3783
f 7660 4016 3782
f 7659 4015 3781
f 7658 4014 3780
f 7657 4013 3779
f 7656 4012 3778
f 7655 4011 3777
f 7654 4010 3776
f 7653 4009 3775
f 7652 4008 3774
f 7651 4007 3773
f 7650 4006 3772
f 7649 4005 3771
f 7648 4004 3770
f 7647 4003 3769
f 7646 4002 3768
f 7645 4001 3767
f 7644 4000 3766
f 7643 3999 3765
f 7642 3998 3764
f 7641 3997 3763
f 7640 3996 3762
f 7639 3995 3761
f 7638 3994 3760
f 7637 3993 3759
f 7636 3992 3758
f 7635 3991 3757
f 7688 4045 3812
f 7687 4043 3809
f 7633 4044 3811
f 8819 2340 9063
f 7629 4100 3754
f 9717 9740 8894
f 3618 9741 9640
f 9493 3525 3527
f 9711 8932 3711
f 8894 9740 3674
f 3487 9492 5460
f 5466 9492 3489
f 9492 5466 5460
f 8813 2336 9062
f 8816 2335 9061
f 2103 2925 4943
f 9492 3487 3489
f 1633 9741 9718
f 7099 6256 7472
f 9740 1693 9639
f 7100 6257 7473
f 8968 6653 6049
f 4357 8968 6049
f 7101 6258 7474
f 8809 2332 9060
f 8994 3176 213
f 3176 212 213
f 7209 9030 2347
f 5093 7209 2347
f 2230 2347 9030
f 7102 6259 7475
f 7103 6260 7476
f 7104 6261 7477
f 8807 2328 9059
f 7105 6262 7478
f 7106 6263 7479
f 8806 2325 9058
f 7210 9029 2232
f 4981 7210 2232
f 8805 2324 9057
f 7107 6264 7480
f 7108 6265 7481
f 9720 9739 8838
f 10062 5873 5872
f 10062 8570 8571
f 8570 10062 5872
f 10463 5212 6632
f 3674 9740 9639
f 5873 10062 8571
f 10061 5820 5819
f 10061 8517 8518
f 8517 10061 5819
f 5820 10061 8518
f 10060 5774 5773
f 10060 8471 8472
f 9363 10723 10300
f 10685 5774 10060
f 10059 3388 3389
f 10059 8522 8521
f 8522 10059 3389
f 10463 6633 5213
f 10058 5826 5825
f 10058 8523 8524
f 9357 10643 2871
f 10723 7658 10300
f 10057 5874 5873
f 10057 8571 8572
f 8571 10057 5873
f 5874 10057 8572
f 10056 5773 5772
f 10056 8470 8471
f 10643 9357 9356
f 7658 10723 7659
f 2985 10055 2984
f 6964 10055 6909
f 10055 6964 2984
f 10055 2985 6909
f 10054 5821 5820
f 10054 8518 8519
f 8518 10054 5820
f 5821 10054 8519
f 10053 3101 4764
f 10053 8193 9455
f 8193 10053 4764
f 3101 10053 9455
f 5409 4754 3449
f 2857 5409 3449
f 3741 5586 6658
f 2981 10052 2980
f 5586 3053 6658
f 6907 10052 6908
f 10052 6907 2980
f 10052 2981 6908
f 10051 5825 5824
f 10051 8522 8523
f 6633 10463 6632
f 10643 8622 2871
f 10050 1741 2600
f 10050 2601 2602
f 2601 10050 2600
f 1741 10050 2602
f 10049 1756 3130
f 10049 4940 2433
f 4940 10049 3130
f 1756 10049 2433
f 1626 10048 1625
f 9712 8934 3713
f 10048 3610 1625
f 10047 5772 5771
f 10047 8469 8470
f 5212 10463 5213
f 8620 10642 9354
f 10046 5875 5874
f 10046 8572 8573
f 8572 10046 5874
f 5875 10046 8573
f 3141 10045 178
f 6670 3124 3089
f 6670 3747 3124
f 2366 6670 3089
f 5257 10045 9070
f 10045 5257 178
f 10045 3141 9070
f 7109 6266 7482
f 10044 2837 2838
f 10044 3439 3438
f 10462 4278 5156
f 10667 4688 9662
f 10043 2780 2781
f 10043 3383 3382
f 10462 5157 4279
f 10667 9223 4690
f 8192 4641 3593
f 10042 5824 5823
f 10042 8521 8522
f 5157 10462 5156
f 4278 10462 4279
f 10041 2730 2731
f 10041 3333 3332
f 3333 10041 2731
f 7110 6267 7483
f 2730 10041 3332
f 10040 2385 202
f 10040 3162 3183
f 3162 10040 202
f 2385 10040 3183
f 3440 10039 9809
f 8573 10039 8464
f 10039 8573 9809
f 10039 3440 8464
f 10038 2786 2787
f 10038 3388 3387
f 3388 10038 2787
f 2786 10038 3387
f 10037 3332 3333
f 10037 8468 8467
f 10461 4241 5119
f 10461 5120 4242
f 10036 2836 2837
f 10036 3438 3437
f 9223 10667 9662
f 2836 10036 3437
f 10035 2731 2732
f 10035 3334 3333
f 3334 10035 2732
f 2731 10035 3333
f 10034 2787 2788
f 10034 3389 3388
f 3389 10034 2788
f 2787 10034 3388
f 10033 2779 2780
f 10033 3382 3381
f 4688 10667 4690
f 10678 5436 6665
f 10032 2835 2836
f 10032 3437 3436
f 3437 10032 2836
f 2835 10032 3436
f 10031 5771 5770
f 10031 8468 8469
f 5120 10461 5119
f 4241 10461 4242
f 10030 2732 2733
f 10030 3335 3334
f 3335 10030 2733
f 2732 10030 3334
f 10029 2788 2789
f 10029 3390 3389
f 3390 10029 2789
f 2788 10029 3389
f 10028 2733 2734
f 10028 3336 3335
f 3336 10028 2734
f 2733 10028 3335
f 10027 2789 2790
f 10027 3391 3390
f 3391 10027 2790
f 2789 10027 3390
f 10026 2734 2735
f 10026 3337 3336
f 3337 10026 2735
f 2734 10026 3336
f 10025 2735 2736
f 10025 3338 3337
f 3338 10025 2736
f 2735 10025 3337
f 10024 2736 2737
f 10024 3339 3338
f 3339 10024 2737
f 2736 10024 3338
f 10023 2834 2835
f 10023 3436 3435
f 3436 10023 2835
f 2834 10023 3435
f 10022 2833 2834
f 10022 3435 3434
f 3435 10022 2834
f 2833 10022 3434
f 10021 2832 2833
f 10021 3434 3433
f 3434 10021 2833
f 2832 10021 3433
f 10020 2831 2832
f 10020 3433 3432
f 3433 10020 2832
f 2831 10020 3432
f 10019 2830 2831
f 10019 3432 3431
f 3432 10019 2831
f 2830 10019 3431
f 10018 2829 2830
f 10018 3431 3430
f 3431 10018 2830
f 2829 10018 3430
f 10017 2828 2829
f 10017 3430 3429
f 3430 10017 2829
f 2828 10017 3429
f 10016 2827 2828
f 10016 3429 3428
f 3429 10016 2828
f 2827 10016 3428
f 10015 2826 2827
f 10015 3428 3427
f 3428 10015 2827
f 2826 10015 3427
f 10014 2825 2826
f 10014 3427 3426
f 3427 10014 2826
f 2825 10014 3426
f 10013 2824 2825
f 10013 3426 3425
f 3426 10013 2825
f 2824 10013 3425
f 10012 2823 2824
f 10012 3425 3424
f 3425 10012 2824
f 2823 10012 3424
f 10011 2822 2823
f 10011 3424 3423
f 3424 10011 2823
f 7111 6268 7484
f 2822 10011 3423
f 10010 2821 2822
f 10010 3423 3422
f 1554 7622 1584
f 3423 10010 2822
f 8797 2320 9056
f 2821 10010 3422
f 10009 2820 2821
f 10460 4296 5174
f 1552 7621 1583
f 10009 3422 3421
f 3422 10009 2821
f 2820 10009 3421
f 1693 9740 9717
f 10460 5175 4297
f 5175 10460 5174
f 9739 1631 9642
f 10008 2819 2820
f 8838 9739 3616
f 7112 6269 7485
f 7113 6270 7486
f 7098 6255 7471
f 8793 2316 9055
f 3616 9739 9642
f 1548 7620 1582
f 8329 6386 3988
f 7114 6271 7487
f 5265 8998 3057
f 8998 2368 3057
f 4296 10460 4297
f 8579 3324 8577
f 1631 9739 9720
f 1546 7619 1581
f 7115 6272 7488
f 7116 6273 7489
f 43 8332 9082
f 5926 8332 9075
f 8332 41 9075
f 8789 2312 9054
f 380 8331 9081
f 5925 8331 9076
f 8331 382 9076
f 1621 2918 6793
f 3104 1753 5410
f 3104 4962 1753
f 1543 7618 1580
f 7117 6274 7490
f 7118 6275 7491
f 4958 9451 2380
f 7119 6276 7492
f 8787 2308 9053
f 7120 6277 7493
f 2920 1621 7573
f 7121 6278 7494
f 9738 1691 9641
f 8785 2304 9052
f 6044 8450 9080
f 1540 7617 1579
f 8450 155 9080
f 157 8450 9197
f 155 8449 9080
f 6042 8449 9196
f 8449 153 9196
f 7122 6279 7495
f 7123 6280 7496
f 9719 9738 8892
f 8781 2300 9051
f 5930 8335 9084
f 5742 3228 3271
f 8335 266 9084
f 1538 7616 1578
f 264 8335 9079
f 7627 4917 4642
f 5927 8333 9079
f 8333 264 9079
f 262 8333 9078
f 46 8448 9195
f 6043 8448 9082
f 8448 43 9082
f 1536 7615 1577
f 379 8334 9083
f 7124 6281 7497
f 5928 8334 9081
f 8334 380 9081
f 153 8391 9196
f 5986 8391 9194
f 8391 152 9194
f 266 8446 9084
f 6040 8446 9086
f 3672 9738 9641
f 8446 268 9086
f 377 8336 9085
f 5929 8336 9083
f 8336 379 9083
f 48 8447 9193
f 1533 7614 1576
f 6041 8447 9195
f 8447 46 9195
f 268 8445 9086
f 6039 8445 9192
f 8445 271 9192
f 374 8392 9140
f 7125 6282 7498
f 5931 8392 9085
f 5739 216 217
f 1531 7613 1575
f 8392 377 9085
f 152 8390 9194
f 5985 8390 9139
f 8777 2296 9050
f 8390 149 9139
f 271 8444 9192
f 6038 8444 9191
f 8444 272 9191
f 272 8443 9191
f 1529 7612 1574
f 6037 8443 9190
f 7126 6283 7499
f 8443 274 9190
f 274 8442 9190
f 6036 8442 9189
f 8442 277 9189
f 277 8441 9189
f 1527 7611 1573
f 6035 8441 9188
f 7127 6284 7500
f 8441 279 9188
f 279 8440 9188
f 6034 8440 9187
f 8440 281 9187
f 281 8439 9187
f 1525 7610 1572
f 6033 8439 9186
f 1691 9738 9719
f 8439 283 9186
f 283 8438 9186
f 6032 8438 9185
f 8773 2292 9049
f 8438 285 9185
f 285 8437 9185
f 6031 8437 9184
f 8437 287 9184
f 287 8436 9184
f 6030 8436 9183
f 8436 288 9183
f 288 8435 9183
f 6029 8435 9182
f 1521 7609 1571
f 8435 290 9182
f 290 8434 9182
f 6028 8434 9181
f 8434 292 9181
f 292 8433 9181
f 6027 8433 9180
f 8433 295 9180
f 1519 7608 1570
f 295 8432 9180
f 7128 6285 7501
f 6026 8432 9179
f 8432 297 9179
f 297 8431 9179
f 7129 6286 7502
f 6025 8431 9178
f 8431 299 9178
f 299 8430 9178
f 6024 8430 9177
f 8430 300 9177
f 300 8429 9177
f 6023 8429 9176
f 8429 303 9176
f 303 8428 9176
f 6022 8428 9175
f 8428 305 9175
f 305 8427 9175
f 6021 8427 9174
f 1514 7607 1569
f 8427 306 9174
f 306 8426 9174
f 6020 8426 9173
f 8426 309 9173
f 309 8425 9173
f 6019 8425 9172
f 8425 310 9172
f 1512 7606 1568
f 310 8424 9172
f 7130 6287 7503
f 6018 8424 9171
f 8424 313 9171
f 313 8423 9171
f 6017 8423 9170
f 8423 315 9170
f 1510 7605 1567
f 315 8422 9170
f 8769 2288 9048
f 6016 8422 9169
f 8422 316 9169
f 316 8421 9169
f 6015 8421 9168
f 8421 318 9168
f 1508 7604 1566
f 318 8420 9168
f 7131 6288 7504
f 6014 8420 9167
f 8420 320 9167
f 320 8419 9167
f 6013 8419 9166
f 8419 322 9166
f 1506 7603 1565
f 322 8418 9166
f 7132 6289 7505
f 6012 8418 9165
f 8418 324 9165
f 324 8417 9165
f 7133 6290 7506
f 6011 8417 9164
f 8417 327 9164
f 327 8416 9164
f 6010 8416 9163
f 8416 329 9163
f 1503 7602 1564
f 329 8415 9163
f 6009 8415 9162
f 8415 331 9162
f 331 8414 9162
f 6008 8414 9161
f 8414 333 9161
f 333 8413 9161
f 6007 8413 9160
f 8413 335 9160
f 8763 2284 9047
f 335 8412 9160
f 6006 8412 9159
f 8412 337 9159
f 337 8411 9159
f 6005 8411 9158
f 7134 6291 7507
f 8411 339 9158
f 1498 7601 1563
f 339 8410 9158
f 6004 8410 9157
f 8410 341 9157
f 341 8409 9157
f 6003 8409 9156
f 8409 342 9156
f 342 8408 9156
f 6002 8408 9155
f 8408 344 9155
f 344 8407 9155
f 6001 8407 9154
f 8407 346 9154
f 4629 8941 6233
f 346 8406 9154
f 4627 8939 6232
f 6000 8406 9153
f 4625 8937 6231
f 8406 348 9153
f 4623 8935 6230
f 348 8405 9153
f 4621 8933 6229
f 5999 8405 9152
f 4619 8931 6228
f 8405 350 9152
f 4617 8929 6227
f 350 8404 9152
f 4615 8927 6226
f 5998 8404 9151
f 4613 8925 6225
f 8404 352 9151
f 4611 8923 6224
f 352 8403 9151
f 4609 8921 6223
f 5997 8403 9150
f 4607 8919 6222
f 8403 354 9150
f 4605 8917 6221
f 354 8402 9150
f 4603 8915 6220
f 5996 8402 9149
f 4601 8913 6219
f 8402 357 9149
f 4599 8911 6218
f 357 8401 9149
f 4597 8909 6217
f 5995 8401 9148
f 4595 8907 6216
f 8401 359 9148
f 4593 8905 6215
f 359 8400 9148
f 4591 8903 6214
f 5994 8400 9147
f 4589 8901 6213
f 8400 360 9147
f 4587 8899 6212
f 360 8399 9147
f 4585 8897 6211
f 5993 8399 9146
f 4583 8895 6210
f 8399 362 9146
f 4581 8893 6209
f 362 8398 9146
f 4579 8891 6208
f 5992 8398 9145
f 4577 8889 6207
f 8398 364 9145
f 4573 8887 6206
f 364 8397 9145
f 4571 8885 6205
f 5991 8397 9144
f 4569 8883 6204
f 8397 366 9144
f 4567 8881 6203
f 366 8396 9144
f 4565 8879 6202
f 5990 8396 9143
f 4563 8877 6201
f 8396 369 9143
f 4561 8875 6200
f 369 8395 9143
f 4559 8873 6199
f 5989 8395 9142
f 4557 8871 6198
f 8395 371 9142
f 4555 8869 6197
f 371 8394 9142
f 4553 8867 6196
f 5988 8394 9141
f 4551 8865 6195
f 8394 373 9141
f 4549 8863 6194
f 373 8393 9141
f 4547 8861 6193
f 5987 8393 9140
f 4545 8859 6192
f 8393 374 9140
f 4543 8857 6191
f 149 8389 9139
f 4541 8855 6190
f 5984 8389 9138
f 4539 8853 6189
f 8389 147 9138
f 4537 8851 6188
f 147 8388 9138
f 4535 8849 6187
f 5983 8388 9137
f 4533 8847 6186
f 8388 145 9137
f 4531 8845 6185
f 145 8387 9137
f 4529 8843 6184
f 5982 8387 9136
f 4527 8841 6183
f 8387 144 9136
f 4525 8839 6182
f 144 8386 9136
f 4523 8837 6181
f 5981 8386 9135
f 4521 8835 6180
f 8386 141 9135
f 141 8385 9135
f 5980 8385 9134
f 8385 140 9134
f 3318 4944 5578
f 140 8384 9134
f 5979 8384 9133
f 8384 138 9133
f 1762 2390 5249
f 138 8383 9133
f 1761 1762 5249
f 5978 8383 9132
f 8383 135 9132
f 135 8382 9132
f 5977 8382 9131
f 3283 3599 1561
f 8382 11 9131
f 11 8381 9131
f 5976 8381 9130
f 8381 134 9130
f 134 8380 9130
f 5975 8380 9129
f 8380 131 9129
f 131 8379 9129
f 5974 8379 9128
f 7135 6292 7508
f 8379 129 9128
f 8762 2281 9046
f 129 8378 9128
f 5973 8378 9127
f 8378 127 9127
f 127 8377 9127
f 5972 8377 9126
f 8377 126 9126
f 126 8376 9126
f 5971 8376 9125
f 8376 123 9125
f 123 8375 9125
f 5970 8375 9124
f 8375 122 9124
f 122 8374 9124
f 5969 8374 9123
f 8761 2280 9045
f 8374 120 9123
f 120 8373 9123
f 5968 8373 9122
f 8373 117 9122
f 117 8372 9122
f 5967 8372 9121
f 8372 116 9121
f 116 8371 9121
f 5966 8371 9120
f 8371 114 9120
f 114 8370 9120
f 5965 8370 9119
f 8370 112 9119
f 112 8369 9119
f 5964 8369 9118
f 8369 109 9118
f 109 8368 9118
f 5963 8368 9117
f 8368 107 9117
f 107 8367 9117
f 5962 8367 9116
f 8367 105 9116
f 105 8366 9116
f 5961 8366 9115
f 7136 6293 7509
f 7137 6294 7510
f 7097 6254 7470
f 8366 104 9115
f 7200 2858 6379
f 104 8365 9115
f 5960 8365 9114
f 8365 102 9114
f 102 8364 9114
f 5959 8364 9113
f 8364 99 9113
f 99 8363 9113
f 5958 8363 9112
f 8363 97 9112
f 97 8362 9112
f 5957 8362 9111
f 8362 95 9111
f 95 8361 9111
f 5956 8361 9110
f 8361 93 9110
f 93 8360 9110
f 5955 8360 9109
f 8360 91 9109
f 91 8359 9109
f 5954 8359 9108
f 8359 89 9108
f 89 8358 9108
f 5953 8358 9107
f 8358 87 9107
f 87 8357 9107
f 5952 8357 9106
f 8357 85 9106
f 85 8356 9106
f 5951 8356 9105
f 8356 83 9105
f 83 8355 9105
f 5950 8355 9104
f 8355 81 9104
f 81 8354 9104
f 5949 8354 9103
f 8354 79 9103
f 79 8353 9103
f 5948 8353 9102
f 8353 77 9102
f 77 8352 9102
f 5947 8352 9101
f 8352 76 9101
f 76 8351 9101
f 5946 8351 9100
f 8351 74 9100
f 74 8350 9100
f 5945 8350 9099
f 8350 72 9099
f 72 8349 9099
f 5944 8349 9098
f 8349 70 9098
f 70 8348 9098
f 5943 8348 9097
f 8348 68 9097
f 68 8347 9097
f 5942 8347 9096
f 8347 66 9096
f 66 8346 9096
f 5941 8346 9095
f 8346 8 9095
f 8 8345 9095
f 5940 8345 9094
f 8345 64 9094
f 64 8344 9094
f 5939 8344 9093
f 8344 61 9093
f 61 8343 9093
f 5938 8343 9092
f 8343 59 9092
f 59 8342 9092
f 5937 8342 9091
f 8342 57 9091
f 57 8341 9091
f 5936 8341 9090
f 8341 56 9090
f 56 8340 9090
f 5935 8340 9089
f 8340 54 9089
f 54 8339 9089
f 5934 8339 9088
f 8339 52 9088
f 52 8338 9088
f 5933 8338 9087
f 8338 50 9087
f 50 8337 9087
f 5932 8337 9193
f 8337 48 9193
f 4634 3725 3578
f 41 8584 9075
f 6045 8584 9199
f 8584 39 9199
f 7744 9446 2918
f 7096 6253 7469
f 8757 2276 9044
f 7095 6252 7468
f 7094 6251 7467
f 7093 6250 7466
f 8751 2272 9043
f 7092 6249 7465
f 7091 6248 7464
f 7090 6247 7463
f 8745 2268 9042
f 9737 1629 9645
f 7089 6246 7462
f 7138 6295 7511
f 8741 2264 9041
f 8892 9738 3672
f 7139 6296 7512
f 7140 6297 7513
f 8737 2260 9040
f 3614 9737 9645
f 7088 6245 7461
f 7195 6244 7460
f 8733 2256 9039
f 1629 9737 9724
f 7142 6299 7515
f 7143 6300 7516
f 8729 2252 9038
f 7144 6301 7517
f 7145 6302 7518
f 7146 6303 7519
f 8727 2248 9037
f 7147 6304 7520
f 7148 6305 7521
f 8726 2245 9036
f 8725 2244 9035
f 7149 6306 7522
f 7150 6307 7523
f 7151 6308 7524
f 8721 2240 9034
f 7152 6309 7525
f 7153 6310 7526
f 7154 6311 7527
f 7155 6312 7528
f 2233 9032 8825
f 2845 7453 4899
f 7453 2349 4899
f 3303 3212 3175
f 3212 3210 3175
f 9736 1689 9644
f 7156 6313 7529
f 5266 2399 1752
f 7157 6314 7530
f 2399 3250 1752
f 3257 1605 237
f 9724 9737 8836
f 236 3257 237
f 9328 3257 236
f 3259 1607 183
f 9713 8936 3715
f 184 3259 183
f 9329 3259 184
f 6790 8038 2496
f 2496 7082 6790
f 7158 6315 7531
f 7159 6316 7532
f 7160 6317 7533
f 6789 8036 2527
f 7161 6318 7534
f 3251 3281 223
f 222 3251 223
f 3230 3251 222
f 6734 7925 2495
f 2495 6970 6734
f 6680 7926 2466
f 2466 6972 6680
f 6679 7981 2497
f 2497 7027 6679
f 8836 9737 3614
f 3670 9736 9644
f 6788 8035 2526
f 2526 7081 6788
f 6681 7927 2467
f 2467 6973 6681
f 6787 8034 2525
f 2525 7080 6787
f 10008 3421 3420
f 3421 10008 2820
f 6785 8032 2524
f 2524 7078 6785
f 2819 10008 3420
f 10007 2818 2819
f 6783 8030 2523
f 2523 7076 6783
f 10007 3420 3419
f 3420 10007 2819
f 6781 8028 2522
f 2522 7074 6781
f 2818 10007 3419
f 10006 2817 2818
f 6779 8026 2521
f 2521 7072 6779
f 10006 3419 3418
f 3419 10006 2818
f 6777 8024 2520
f 2520 7070 6777
f 2817 10006 3418
f 10005 2816 2817
f 6775 8022 2519
f 2519 7068 6775
f 10005 3418 3417
f 3418 10005 2817
f 6773 8020 2518
f 2518 7066 6773
f 2816 10005 3417
f 10004 2815 2816
f 6771 8018 2517
f 2517 7064 6771
f 7162 6319 7535
f 5094 7324 2346
f 10004 3417 3416
f 7163 6320 7536
f 3417 10004 2816
f 6769 8016 2516
f 2516 7062 6769
f 1689 9736 9723
f 6046 8456 9197
f 8456 157 9197
f 2815 10004 3416
f 10003 2814 2815
f 6767 8014 2515
f 2515 7060 6767
f 10003 3416 3415
f 3416 10003 2815
f 6765 8012 2514
f 2514 7058 6765
f 2814 10003 3415
f 7321 9028 2340
f 10002 2813 2814
f 6763 8010 2513
f 2513 7056 6763
f 10002 3415 3414
f 3415 10002 2814
f 6761 8008 2512
f 2512 7054 6761
f 7315 9027 2336
f 2813 10002 3414
f 10001 2812 2813
f 6759 8006 2511
f 2511 7052 6759
f 10001 3414 3413
f 3414 10001 2813
f 6757 8004 2510
f 7313 9026 2332
f 2510 7050 6757
f 2812 10001 3413
f 10000 2811 2812
f 6755 8002 2509
f 2509 7048 6755
f 10000 3413 3412
f 3413 10000 2812
f 7309 9025 2328
f 6753 8000 2508
f 2508 7046 6753
f 2811 10000 3412
f 9999 2810 2811
f 6751 7998 2507
f 2507 7044 6751
f 9999 3412 3411
f 7301 9024 2324
f 3412 9999 2811
f 6749 7996 2506
f 2506 7042 6749
f 2810 9999 3411
f 9998 2809 2810
f 6747 7994 2505
f 2505 7040 6747
f 9998 3411 3410
f 7299 9023 2320
f 3411 9998 2810
f 6745 7992 2504
f 2504 7038 6745
f 2809 9998 3410
f 9997 2808 2809
f 6743 7990 2503
f 2503 7036 6743
f 7297 9022 2316
f 9997 3410 3409
f 3410 9997 2809
f 6741 7988 2502
f 2502 7034 6741
f 2808 9997 3409
f 9996 2807 2808
f 6739 7986 2501
f 7293 9021 2312
f 2501 7032 6739
f 9996 3409 3408
f 3409 9996 2808
f 6737 7984 2500
f 2500 7030 6737
f 6736 7983 2499
f 2499 7029 6736
f 7289 9020 2308
f 6733 7979 2494
f 2494 7025 6733
f 2807 9996 3408
f 9995 2806 2807
f 6731 7977 2493
f 2493 7023 6731
f 9995 3408 3407
f 7281 9019 2304
f 3408 9995 2807
f 6729 7975 2492
f 2492 7021 6729
f 2806 9995 3407
f 9994 2805 2806
f 6727 7973 2491
f 2491 7019 6727
f 7277 9018 2300
f 9994 3407 3406
f 3407 9994 2806
f 6725 7971 2490
f 2490 7017 6725
f 2805 9994 3406
f 9993 2804 2805
f 6723 7969 2489
f 7273 9017 2296
f 2489 7015 6723
f 9993 3406 3405
f 3406 9993 2805
f 6721 7967 2488
f 2488 7013 6721
f 2804 9993 3405
f 9992 2803 2804
f 7269 9016 2292
f 6719 7965 2487
f 2487 7011 6719
f 9992 3405 3404
f 3405 9992 2804
f 6717 7963 2486
f 2486 7009 6717
f 2803 9992 3404
f 7265 9015 2288
f 9991 2802 2803
f 6715 7961 2485
f 2485 7007 6715
f 9991 3404 3403
f 3404 9991 2803
f 6713 7959 2484
f 2484 7005 6713
f 7263 9014 2284
f 2802 9991 3403
f 9990 2801 2802
f 6711 7957 2483
f 2483 7003 6711
f 9990 3403 3402
f 3403 9990 2802
f 6709 7955 2482
f 7257 9013 2280
f 2482 7001 6709
f 2801 9990 3402
f 9989 2800 2801
f 6707 7953 2481
f 2481 6999 6707
f 9989 3402 3401
f 3402 9989 2801
f 7253 9012 2276
f 6705 7951 2480
f 2480 6997 6705
f 2800 9989 3401
f 9988 2799 2800
f 6703 7949 2479
f 2479 6995 6703
f 9988 3401 3400
f 7251 9011 2272
f 3401 9988 2800
f 6701 7947 2478
f 2478 6993 6701
f 2799 9988 3400
f 9987 2777 2778
f 6699 7945 2477
f 2477 6991 6699
f 7247 9010 2268
f 9987 3380 3379
f 2778 10742 9987
f 6697 7943 2476
f 2476 6989 6697
f 2777 9987 3379
f 9986 2776 2777
f 6695 7941 2475
f 7245 9009 2264
f 2475 6987 6695
f 9986 3379 3378
f 3379 9986 2777
f 6693 7939 2474
f 2474 6985 6693
f 2776 9986 3378
f 9985 2775 2776
f 7241 9008 2260
f 6691 7937 2473
f 2473 6983 6691
f 9985 3378 3377
f 3378 9985 2776
f 6689 7935 2472
f 2472 6981 6689
f 2775 9985 3377
f 7237 9007 2256
f 9984 2774 2775
f 6687 7933 2471
f 2471 6979 6687
f 9984 3377 3376
f 3377 9984 2775
f 6685 7931 2470
f 2470 6977 6685
f 7233 9006 2252
f 2774 9984 3376
f 9983 2773 2774
f 6683 7929 2469
f 2469 6975 6683
f 6682 7928 2468
f 2468 6974 6682
f 6735 7982 2498
f 7229 9005 2248
f 2498 7028 6735
f 9983 3376 3375
f 261 8330 9077
f 8583 8953 6054
f 8953 8596 6054
f 7164 6321 7537
f 7165 6322 7538
f 7221 9004 2244
f 7166 6323 7539
f 8967 3605 8828
f 7167 6324 7540
f 7168 6325 7541
f 7169 6326 7542
f 7170 6327 7543
f 7171 6328 7544
f 7217 9003 2240
f 7172 6329 7545
f 7173 6330 7546
f 7777 8952 4347
f 7174 6331 7547
f 8952 7777 4102
f 7214 9002 2237
f 4931 9072 6058
f 1606 3258 237
f 9723 9736 8890
f 3258 236 237
f 3258 9330 236
f 7175 6332 7548
f 6179 3608 4518
f 7176 6333 7549
f 3260 184 183
f 6058 9072 7804
f 9072 2458 7804
f 5717 5265 3107
f 5752 3231 222
f 3260 9331 184
f 3281 9489 224
f 223 3281 224
f 249 3144 250
f 3287 250 3144
f 5752 222 223
f 171 3146 170
f 3288 170 3146
f 3147 171 170
f 3145 249 250
f 7177 6334 7550
f 3282 9735 223
f 5752 9735 4932
f 2400 3225 3289
f 9735 5752 223
f 7178 6335 7551
f 9714 8938 3717
f 2448 3233 3171
f 7179 6336 7552
f 3376 9983 2774
f 2773 9983 3375
f 4574 8311 6206
f 7180 6337 7553
f 7181 6338 7554
f 7182 6339 7555
f 1605 3257 1755
f 1755 3257 2398
f 7183 6340 7556
f 1562 9288 1497
f 7205 9466 5565
f 8890 9736 3670
f 9291 1553 6369
f 3203 198 197
f 9292 1497 6370
f 2397 1758 5241
f 7184 6341 7557
f 5241 5566 2397
f 7185 6342 7558
f 9735 3282 4932
f 1600 3234 3247
f 9734 2847 4756
f 5229 8598 5424
f 7186 6343 7559
f 8598 1594 5424
f 4902 2425 5546
f 2425 1618 5546
f 7187 6344 7560
f 7188 6345 7561
f 7189 6346 7562
f 1585 9202 1553
f 9715 8940 3719
f 4907 4633 3115
f 4630 8202 6233
f 7190 6347 7563
f 7191 6348 7564
f 7192 6349 7565
f 7193 6350 7566
f 7194 6351 7567
f 3610 8943 9590
f 1620 3151 5102
f 3739 6396 8059
f 7141 6298 7514
f 3048 9734 4756
f 2847 9734 3444
f 1607 3259 1754
f 9982 2772 2773
f 7087 6353 7569
f 6233 3721 4630
f 4628 8309 6232
f 6232 3719 4628
f 4626 8307 6231
f 6231 3717 4626
f 4624 8305 6230
f 6230 3715 4624
f 9982 3375 3374
f 5553 3053 5586
f 5581 5740 5568
f 3375 9982 2773
f 1593 8459 3186
f 4622 8303 6229
f 6229 3713 4622
f 4620 8301 6228
f 6228 3711 4620
f 3456 9733 3455
f 1681 9732 9663
f 4618 8299 6227
f 1908 8191 3746
f 9590 8943 3608
f 6227 3709 4618
f 4616 8297 6226
f 4387 9298 6389
f 7758 6525 2372
f 8454 4648 7757
f 4648 8454 6362
f 6362 3737 4648
f 6050 9298 4387
f 6226 3707 4616
f 4614 8295 6225
f 6849 8973 8053
f 6225 3705 4614
f 4612 8293 6224
f 9311 8973 2919
f 1622 8454 7757
f 7757 2921 1622
f 8189 4771 2849
f 6224 3703 4612
f 4610 8291 6223
f 6223 3701 4610
f 4608 8289 6222
f 9315 9073 1495
f 1561 9315 1495
f 8945 3723 1685
f 3118 9470 9455
f 9470 3118 3136
f 6222 3699 4608
f 4606 8287 6221
f 6221 3697 4606
f 4604 8285 6220
f 6220 3695 4604
f 4602 8283 6219
f 6219 3693 4602
f 9732 3665 9663
f 9732 1681 3666
f 4600 8281 6218
f 6515 9731 5239
f 2535 3740 8455
f 8991 3740 2535
f 3740 6398 8455
f 2772 9982 3374
f 9981 2771 2772
f 6850 8972 6669
f 9310 8972 2860
f 2859 8972 9310
f 8972 2859 6669
f 6218 3691 4600
f 8050 9731 8587
f 4598 8279 6217
f 6217 3689 4598
f 4596 8277 6216
f 9981 3374 3373
f 3739 2230 6663
f 2347 2230 3739
f 3175 3210 3177
f 9731 8050 5239
f 3374 9981 2772
f 2771 9981 3373
f 6216 3687 4596
f 5570 209 208
f 1621 2920 6527
f 9484 8037 6967
f 5738 4362 3041
f 6667 2534 2351
f 3582 5738 3041
f 3874 5894 4666
f 3983 5892 4751
f 9731 6515 8587
f 3976 5912 4749
f 3964 5909 4740
f 3958 5907 4736
f 3944 5905 4724
f 3922 5903 4704
f 3910 5900 4695
f 3884 5896 4673
f 3182 5570 208
f 4594 8275 6215
f 6215 3685 4594
f 4592 8273 6214
f 6214 3683 4592
f 3226 1771 226
f 4590 8271 6213
f 226 1771 227
f 6213 3681 4590
f 4588 8269 6212
f 3226 3173 3217
f 3226 1766 3173
f 6212 3679 4588
f 4586 8267 6211
f 6211 3677 4586
f 4584 8265 6210
f 6210 3675 4584
f 4582 8263 6209
f 6209 3673 4582
f 4580 8261 6208
f 2361 3310 4944
f 1766 3226 225
f 225 3226 226
f 6208 3671 4580
f 4578 8259 6207
f 6207 3669 4578
f 4572 8255 6205
f 5572 5582 4961
f 9730 5584 5245
f 5720 9730 5245
f 6205 3663 4572
f 4570 8253 6204
f 6204 3661 4570
f 4568 8251 6203
f 6203 3659 4568
f 4566 8249 6202
f 6202 3657 4566
f 4564 8247 6201
f 6201 3655 4564
f 4562 8245 6200
f 6200 3653 4562
f 4770 5546 7799
f 5546 1618 7799
f 2356 7799 1618
f 4560 8243 6199
f 6199 3651 4560
f 4558 8241 6198
f 6198 3649 4558
f 4556 8239 6197
f 6848 8974 6849
f 2919 8974 9313
f 6520 4101 7600
f 2539 7600 4101
f 8974 2919 6849
f 9313 8974 2890
f 6197 3647 4556
f 4554 8237 6196
f 6196 3645 4554
f 7762 3050 8969
f 4552 8235 6195
f 6195 3643 4552
f 4550 8233 6194
f 6194 3641 4550
f 4548 8231 6193
f 9312 8975 2861
f 2860 8975 9312
f 8975 2860 6850
f 5822 9729 5878
f 6193 3639 4548
f 2234 9065 8827
f 2348 4964 8826
f 4773 5736 3305
f 5736 1745 3305
f 8259 8659 6821
f 4546 8229 6192
f 6192 3637 4546
f 8659 9391 2891
f 4544 8227 6191
f 8205 8605 6794
f 8605 9340 2862
f 6191 3635 4544
f 8261 8661 6822
f 9031 3062 6647
f 8970 6647 3062
f 8661 9393 2892
f 4542 8225 6190
f 8207 8607 6795
f 8607 9342 2863
f 6190 3633 4542
f 8263 8663 6823
f 8663 9395 2893
f 4540 8223 6189
f 8209 8609 6796
f 8609 9344 2864
f 6189 3631 4540
f 8309 8709 6846
f 8709 9441 2916
f 8963 4761 5567
f 4761 8963 4650
f 4976 4761 4650
f 4538 8221 6188
f 8307 8707 6845
f 8707 9439 2915
f 6188 3629 4538
f 8305 8705 6844
f 8705 9437 2914
f 4536 8219 6187
f 8303 8703 6843
f 8703 9435 2913
f 6187 3627 4536
f 7791 6364 4963
f 8301 8701 6842
f 6364 4907 4963
f 8701 9433 2912
f 4534 8217 6186
f 8299 8699 6841
f 8699 9431 2911
f 6186 3625 4534
f 8297 8697 6840
f 8697 9429 2910
f 4532 8215 6185
f 8295 8695 6839
f 8695 9427 2909
f 6185 3623 4532
f 8293 8693 6838
f 8693 9425 2908
f 4530 8213 6184
f 8291 8691 6837
f 8691 9423 2907
f 6184 3621 4530
f 8289 8689 6836
f 8689 9421 2906
f 4528 8211 6183
f 8287 8687 6835
f 8687 9419 2905
f 6183 3619 4528
f 8285 8685 6834
f 8685 9417 2904
f 4526 8209 6182
f 8283 8683 6833
f 8683 9415 2903
f 5574 218 219
f 8281 8681 6832
f 8681 9413 2902
f 5575 202 201
f 8279 8679 6831
f 8679 9411 2901
f 6182 3617 4526
f 8277 8677 6830
f 8677 9409 2900
f 4524 8207 6181
f 8275 8675 6829
f 8675 9407 2899
f 6181 3615 4524
f 8273 8673 6828
f 8673 9405 2898
f 4522 8205 6180
f 8271 8671 6827
f 8671 9403 2897
f 6180 3613 4522
f 8269 8669 6826
f 8669 9401 2896
f 2463 7199 5728
f 3727 5254 6650
f 8968 5734 6653
f 5254 2606 6650
f 8267 8667 6825
f 3056 6653 5734
f 8667 9399 2895
f 2370 5576 4927
f 5576 3055 4927
f 2464 8039 6968
f 8265 8665 6824
f 8665 9397 2894
f 8187 6651 2608
f 8253 8653 6818
f 8653 9388 2886
f 1843 8187 2608
f 2496 8038 6964
f 2497 7981 6909
f 8251 8651 6817
f 8651 9386 2885
f 9447 5248 8986
f 9447 8986 7767
f 2466 7926 6854
f 6378 8955 3121
f 8955 3592 3121
f 5886 6046 5883
f 8249 8649 6816
f 2533 5709 7787
f 1555 1585 6522
f 6655 4754 2218
f 4754 5409 2218
f 4754 6655 3320
f 8945 1685 3609
f 8575 9729 8519
f 8649 9384 2884
f 2526 8035 6963
f 8247 8647 6815
f 8647 9382 2883
f 2525 8034 6962
f 8245 8645 6814
f 8827 9029 2234
f 9029 7210 2234
f 8645 9380 2882
f 9980 2770 2771
f 9030 7209 2345
f 8243 8643 6813
f 8643 9378 2881
f 2524 8032 6960
f 8241 8641 6812
f 8641 9376 2880
f 9980 3373 3372
f 8239 8639 6811
f 8823 9028 2342
f 9028 7321 2342
f 8639 9374 2879
f 2523 8030 6958
f 8237 8637 6810
f 8637 9372 2878
f 3373 9980 2771
f 8235 8635 6809
f 8635 9370 2877
f 2522 8028 6956
f 8233 8633 6808
f 8633 9368 2876
f 8817 9027 2338
f 9027 7315 2338
f 2770 9980 3372
f 8231 8631 6807
f 8631 9366 2875
f 2521 8026 6954
f 8229 8629 6806
f 8629 9364 2874
f 9979 2769 2770
f 8227 8627 6805
f 8627 9362 2873
f 2520 8024 6952
f 8815 9026 2334
f 9026 7313 2334
f 8225 8625 6804
f 8625 9360 2872
f 9979 3372 3371
f 8223 8623 6803
f 8623 9358 2871
f 2519 8022 6950
f 8221 8621 6802
f 8621 9356 2870
f 3372 9979 2770
f 8219 8619 6801
f 8811 9025 2330
f 9025 7309 2330
f 8619 9354 2869
f 2518 8020 6948
f 8217 8617 6800
f 8617 9352 2868
f 2769 9979 3371
f 8215 8615 6799
f 8615 9350 2867
f 2517 8018 6946
f 8213 8613 6798
f 8613 9348 2866
f 8803 9024 2326
f 9024 7301 2326
f 9978 2768 2769
f 8211 8611 6797
f 8611 9346 2865
f 2516 8016 6944
f 8255 8655 6819
f 8655 9390 2887
f 9978 3371 3370
f 8311 8657 6820
f 8657 9337 2888
f 2515 8014 6942
f 8801 9023 2322
f 9023 7299 2322
f 8202 8711 6847
f 8711 9336 2917
f 3371 9978 2769
f 2514 8012 6940
f 5568 2226 7751
f 5581 5568 7751
f 2768 9978 3370
f 2513 8010 6938
f 9977 2767 2768
f 2512 8008 6936
f 8799 9022 2318
f 9022 7297 2318
f 9977 3370 3369
f 3370 9977 2768
f 2511 8006 6934
f 2767 9977 3369
f 2510 8004 6932
f 9976 2766 2767
f 8708 8308 6846
f 9440 8708 2916
f 2916 8708 6846
f 2509 8002 6930
f 8795 9021 2314
f 9021 7293 2314
f 8706 8306 6845
f 9355 10642 2870
f 2915 8706 6845
f 9976 3369 3368
f 8704 8304 6844
f 10642 9355 9354
f 2914 8704 6844
f 2508 8000 6928
f 8702 8302 6843
f 10642 8620 2870
f 8791 9020 2310
f 9020 7289 2310
f 2913 8702 6843
f 3369 9976 2767
f 8700 8300 6842
f 8640 10641 9374
f 2912 8700 6842
f 2507 7998 6926
f 8698 8298 6841
f 9375 10641 2880
f 2911 8698 6841
f 2766 9976 3368
f 8783 9019 2306
f 9019 7281 2306
f 8696 8296 6840
f 10641 9375 9374
f 2910 8696 6840
f 2506 7996 6924
f 8694 8294 6839
f 10641 8640 2880
f 2909 8694 6839
f 9975 2765 2766
f 8692 8292 6838
f 8628 10640 9362
f 8779 9018 2302
f 9018 7277 2302
f 2908 8692 6838
f 2505 7994 6922
f 8690 8290 6837
f 9363 10640 2874
f 2907 8690 6837
f 9975 3368 3367
f 8688 8288 6836
f 10640 9363 9362
f 2906 8688 6836
f 2504 7992 6920
f 8775 9017 2298
f 9017 7273 2298
f 8686 8286 6835
f 10640 8628 2874
f 2905 8686 6835
f 3368 9975 2766
f 8684 8284 6834
f 8642 10639 9376
f 2904 8684 6834
f 2503 7990 6918
f 8682 8282 6833
f 9377 10639 2881
f 8771 9016 2294
f 9016 7269 2294
f 2903 8682 6833
f 2765 9975 3367
f 8680 8280 6832
f 10639 9377 9376
f 2902 8680 6832
f 2502 7988 6916
f 8678 8278 6831
f 10639 8642 2881
f 2901 8678 6831
f 9974 2764 2765
f 8767 9015 2290
f 9015 7265 2290
f 8676 8276 6830
f 8630 10638 9364
f 2900 8676 6830
f 2501 7986 6914
f 8674 8274 6829
f 9365 10638 2875
f 2899 8674 6829
f 9974 3367 3366
f 8672 8272 6828
f 10638 9365 9364
f 8765 9014 2286
f 9014 7263 2286
f 2898 8672 6828
f 2500 7984 6912
f 8670 8270 6827
f 10638 8630 2875
f 2897 8670 6827
f 2499 7983 6911
f 8668 8268 6826
f 8646 10637 9380
f 2896 8668 6826
f 2498 7982 6910
f 8759 9013 2282
f 9013 7257 2282
f 8666 8266 6825
f 9381 10637 2883
f 2895 8666 6825
f 9729 5822 8519
f 8654 8254 6819
f 10637 9381 9380
f 2887 8654 6819
f 2494 7979 6907
f 8652 8252 6818
f 10637 8646 2883
f 8755 9012 2278
f 9012 7253 2278
f 2886 8652 6818
f 3367 9974 2765
f 8650 8250 6817
f 8644 10636 9378
f 2885 8650 6817
f 2493 7977 6905
f 8648 8248 6816
f 9379 10636 2882
f 2884 8648 6816
f 2764 9974 3366
f 8753 9011 2274
f 9011 7251 2274
f 8646 8246 6815
f 10636 9379 9378
f 2883 8646 6815
f 2492 7975 6903
f 8644 8244 6814
f 10636 8644 2882
f 2882 8644 6814
f 9973 2763 2764
f 8642 8242 6813
f 8624 10635 9358
f 8749 9010 2270
f 9010 7247 2270
f 2881 8642 6813
f 2491 7973 6901
f 8640 8240 6812
f 9359 10635 2872
f 2880 8640 6812
f 9973 3366 3365
f 8638 8238 6811
f 10635 9359 9358
f 2879 8638 6811
f 2490 7971 6899
f 8747 9009 2266
f 9009 7245 2266
f 8636 8236 6810
f 10635 8624 2872
f 2878 8636 6810
f 3366 9973 2764
f 8634 8234 6809
f 8632 10634 9366
f 2877 8634 6809
f 2489 7969 6897
f 8632 8232 6808
f 9367 10634 2876
f 8743 9008 2262
f 9008 7241 2262
f 2876 8632 6808
f 2763 9973 3365
f 8630 8230 6807
f 10634 9367 9366
f 2875 8630 6807
f 2488 7967 6895
f 8628 8228 6806
f 10634 8632 2876
f 2874 8628 6806
f 9972 2762 2763
f 2487 7965 6893
f 8739 9007 2258
f 9007 7237 2258
f 8626 8226 6805
f 8618 10633 9352
f 2873 8626 6805
f 9972 3365 3364
f 8624 8224 6804
f 9353 10633 2869
f 2872 8624 6804
f 2486 7963 6891
f 8622 8222 6803
f 10633 9353 9352
f 8735 9006 2254
f 9006 7233 2254
f 2871 8622 6803
f 2395 2402 1772
f 3159 2395 3270
f 2395 1772 3270
f 3365 9972 2763
f 8620 8220 6802
f 10633 8618 2869
f 8978 3124 3747
f 2870 8620 6802
f 2485 7961 6889
f 8618 8218 6801
f 8638 10632 9372
f 2869 8618 6801
f 2762 9972 3364
f 8731 9005 2250
f 9005 7229 2250
f 5416 5740 5581
f 2376 5416 5581
f 8616 8216 6800
f 9373 10632 2879
f 2868 8616 6800
f 3231 3190 221
f 2484 7959 6887
f 8614 8214 6799
f 9971 2761 2762
f 10632 9373 9372
f 2867 8614 6799
f 9971 3364 3363
f 8612 8212 6798
f 10632 8638 2879
f 2866 8612 6798
f 2483 7957 6885
f 8664 8264 6824
f 8626 10631 9360
f 2894 8664 6824
f 3364 9971 2762
f 8610 8210 6797
f 9361 10631 2873
f 2865 8610 6797
f 2482 7955 6883
f 8723 9004 2246
f 9004 7221 2246
f 8608 8208 6796
f 10631 9361 9360
f 2864 8608 6796
f 2761 9971 3363
f 8662 8262 6823
f 10631 8626 2873
f 2893 8662 6823
f 2481 7953 6881
f 8606 8206 6795
f 8616 10630 9350
f 2863 8606 6795
f 8719 9003 2242
f 9003 7217 2242
f 4664 8947 7794
f 8947 4664 3746
f 9970 2760 2761
f 8660 8260 6822
f 9392 8660 2892
f 2892 8660 6822
f 2480 7951 6879
f 8656 8256 6820
f 9338 8656 2888
f 2888 8656 6820
f 9970 3363 3362
f 8710 8310 6847
f 9443 8710 2917
f 2917 8710 6847
f 2479 7949 6877
f 8604 8204 6794
f 9339 8604 2862
f 2862 8604 6794
f 3363 9970 2761
f 8658 8258 6821
f 9442 8658 2891
f 8716 9002 2235
f 9002 7214 2235
f 2891 8658 6821
f 5272 3178 3220
f 3220 3234 5272
f 2478 7947 6875
f 2760 9970 3362
f 5243 4972 2396
f 1596 5243 2396
f 2477 7945 6873
f 9969 2759 2760
f 4640 5555 4356
f 2476 7943 6871
f 9969 3362 3361
f 5876 9728 5766
f 2475 7941 6869
f 3362 9969 2760
f 2474 7939 6867
f 2759 9969 3361
f 2473 7937 6865
f 9968 2758 2759
f 2472 7935 6863
f 9968 3361 3360
f 2471 7933 6861
f 3361 9968 2759
f 8713 8314 6792
f 9335 8713 2889
f 2889 8713 6792
f 2470 7931 6859
f 8602 8313 6793
f 9446 8602 2918
f 2918 8602 6793
f 2758 9968 3360
f 2469 7929 6857
f 2468 7928 6856
f 2467 7927 6855
f 2527 8036 6966
f 2495 7925 6965
f 208 5560 207
f 1605 3285 237
f 3286 1606 237
f 5550 3153 2392
f 8464 9728 8573
f 7086 6241 7771
f 7085 6240 7772
f 8066 6526 2722
f 8067 6650 2606
f 9967 2757 2758
f 3091 2223 4935
f 3097 7207 3068
f 4365 5890 3871
f 3454 4365 3871
f 9728 5876 8573
f 4643 9198 8451
f 5884 9198 4643
f 5564 4662 8048
f 2353 5564 8048
f 8048 1588 2353
f 4756 5426 4392
f 4648 3737 4971
f 3209 1779 3267
f 2428 3209 3267
f 3737 1742 4971
f 4363 5889 8599
f 9351 10630 2868
f 1899 8184 2719
f 8183 6643 2610
f 1788 8183 2610
f 8181 6640 2718
f 1898 8181 2718
f 8180 6639 2717
f 1897 8180 2717
f 8179 6638 2716
f 1896 8179 2716
f 8178 6637 2715
f 1895 8178 2715
f 9967 3360 3359
f 6656 9491 8045
f 9491 6656 4384
f 9490 8596 164
f 161 9490 164
f 9489 1766 224
f 3223 9069 3218
f 9488 2416 2405
f 9488 3290 3184
f 3290 9488 2405
f 2416 9488 3184
f 9487 5919 7776
f 9487 8966 8328
f 8966 9487 7776
f 5919 9487 8328
f 9486 5098 4663
f 9486 5579 1749
f 5579 9486 4663
f 5098 9486 1749
f 8177 6636 2714
f 1894 8177 2714
f 8176 6635 2713
f 1893 8176 2713
f 8175 6634 2712
f 1892 8175 2712
f 8174 6633 2711
f 3608 9483 7781
f 3175 9480 3303
f 5252 9480 3112
f 9480 5252 3303
f 9480 3175 3112
f 1891 8174 2711
f 8173 6632 2710
f 1890 8173 2710
f 8172 6631 2709
f 220 9479 5420
f 3190 9479 221
f 5277 9479 3190
f 9479 220 221
f 9478 200 5419
f 9478 3189 199
f 3218 9069 205
f 200 9478 199
f 3600 9477 5253
f 6376 9477 2855
f 9477 6376 5253
f 9477 3600 2855
f 9476 3666 3607
f 9476 4517 4574
f 1783 2455 5276
f 4359 9475 8040
f 5728 9475 2463
f 9475 5728 8040
f 9475 4359 2463
f 9474 9305 8200
f 6176 9474 8200
f 6542 8083 2620
f 1889 8172 2709
f 255 9472 5706
f 6397 9472 8961
f 9472 6397 5706
f 9472 255 8961
f 8171 6630 2708
f 1888 8171 2708
f 8170 6629 2707
f 1887 8170 2707
f 1748 9471 5282
f 9471 1748 5571
f 8169 6628 2706
f 1886 8169 2706
f 8168 6627 2705
f 1885 8168 2705
f 8167 6626 2704
f 1884 8167 2704
f 8166 6625 2703
f 1883 8166 2703
f 8165 6624 2702
f 1882 8165 2702
f 8164 6623 2701
f 9469 6177 6179
f 9469 6850 6669
f 6177 9469 6669
f 1881 8164 2701
f 9468 1904 4512
f 9468 2221 9309
f 2221 9468 4512
f 1904 9468 9309
f 3109 9467 4367
f 4946 9467 5418
f 9467 4946 4367
f 9467 3109 5418
f 8163 6622 2700
f 1880 8163 2700
f 8162 6621 2699
f 1879 8162 2699
f 200 9465 5421
f 3191 9465 199
f 5276 2455 1608
f 9465 200 199
f 3360 9967 2758
f 2757 9967 3359
f 9966 2756 2757
f 9966 3359 3358
f 3359 9966 2757
f 2756 9966 3358
f 9965 2755 2756
f 9965 3358 3357
f 3358 9965 2756
f 2755 9965 3357
f 9964 2754 2755
f 9964 3357 3356
f 1517 9464 9231
f 1570 9464 1517
f 8161 6620 2698
f 1878 8161 2698
f 8160 6619 2697
f 1516 9463 9229
f 9462 4575 8257
f 4575 9462 8312
f 6657 9461 2850
f 9461 3591 2850
f 1877 8160 2697
f 8159 6618 2696
f 1876 8159 2696
f 8158 6617 2695
f 1875 8158 2695
f 8157 6616 2694
f 1874 8157 2694
f 8156 6615 2693
f 9460 3088 2925
f 8047 9460 2925
f 6516 9459 8949
f 8051 9459 8589
f 9459 8051 8949
f 9459 6516 8589
f 3357 9964 2755
f 2754 9964 3356
f 9963 2753 2754
f 9963 3356 3355
f 9458 4519 8203
f 4519 9458 8201
f 1873 8156 2693
f 3170 1599 5271
f 8155 6614 2692
f 3200 3218 206
f 4195 5064 2077
f 6543 8084 2621
f 3172 5250 3173
f 3173 5756 3172
f 1872 8155 2692
f 9457 5552 3251
f 9457 5563 8594
f 5563 9457 3251
f 5552 9457 8594
f 8154 6613 2691
f 8043 2223 3091
f 3589 7453 2845
f 1595 1596 3217
f 8316 4762 2422
f 2923 8316 2422
f 7455 3284 4975
f 2227 7455 4975
f 4636 7803 4776
f 7803 3069 4776
f 1905 6672 5099
f 1871 8154 2691
f 8153 6612 2690
f 3356 9963 2754
f 2753 9963 3355
f 7196 1900 6242
f 7085 1845 6240
f 7086 1788 6241
f 9962 2752 2753
f 7087 1899 6353
f 2077 5672 4195
f 6544 8085 2622
f 9962 3355 3354
f 7194 1898 6351
f 7193 1897 6350
f 7192 1896 6349
f 7191 1895 6348
f 7190 1894 6347
f 7189 1893 6346
f 7188 1892 6345
f 7187 1891 6344
f 7186 1890 6343
f 7185 1889 6342
f 7184 1888 6341
f 7183 1887 6340
f 7182 1886 6339
f 7181 1885 6338
f 7180 1884 6337
f 7179 1883 6336
f 7178 1882 6335
f 7177 1881 6334
f 7176 1880 6333
f 7175 1879 6332
f 7174 1878 6331
f 7173 1877 6330
f 7172 1876 6329
f 7171 1875 6328
f 7170 1874 6327
f 7169 1873 6326
f 7168 1872 6325
f 7167 1871 6324
f 7166 1870 6323
f 7165 1869 6322
f 7164 1868 6321
f 7163 1867 6320
f 7162 1866 6319
f 7161 1865 6318
f 7160 1864 6317
f 7159 1863 6316
f 7158 1862 6315
f 7157 1861 6314
f 7156 1860 6313
f 7155 1859 6312
f 7154 1858 6311
f 7153 1857 6310
f 7152 1856 6309
f 7151 1855 6308
f 7150 1854 6307
f 3049 8198 1902
f 7149 1853 6306
f 7148 1852 6305
f 7147 1851 6304
f 7146 1850 6303
f 7145 1849 6302
f 7144 1848 6301
f 7143 1847 6300
f 7142 1846 6299
f 7141 1842 6298
f 7140 1841 6297
f 7139 1840 6296
f 7138 1839 6295
f 7137 1838 6294
f 7136 1837 6293
f 7135 1836 6292
f 7134 1835 6291
f 6393 3751 2530
f 7133 1834 6290
f 7132 1833 6289
f 7131 1832 6288
f 7130 1831 6287
f 7129 1830 6286
f 7128 1829 6285
f 7127 1828 6284
f 7126 1827 6283
f 7125 1826 6282
f 7124 1825 6281
f 8990 2100 3148
f 7753 4353 2030
f 7123 1824 6280
f 7122 1823 6279
f 7121 1822 6278
f 7120 1821 6277
f 7119 1820 6276
f 7118 1819 6275
f 7117 1818 6274
f 7116 1817 6273
f 7115 1816 6272
f 7114 1815 6271
f 7113 1814 6270
f 7112 1813 6269
f 7111 1812 6268
f 7110 1811 6267
f 7109 1810 6266
f 7108 1809 6265
f 7107 1808 6264
f 7106 1807 6263
f 7105 1806 6262
f 7104 1805 6261
f 7103 1804 6260
f 7102 1803 6259
f 7101 1802 6258
f 7100 1801 6257
f 7099 1800 6256
f 7098 1799 6255
f 7097 1798 6254
f 7096 1797 6253
f 7095 1796 6252
f 1870 8153 2690
f 8152 6611 2689
f 7094 1795 6251
f 7093 1794 6250
f 7092 1793 6249
f 4975 3085 2227
f 7091 1792 6248
f 7090 1791 6247
f 7089 1790 6246
f 7088 1789 6245
f 1869 8152 2689
f 8151 6610 2688
f 2852 4971 1742
f 1868 8151 2688
f 3752 7744 6527
f 8150 6609 2687
f 10459 5176 6596
f 7632 3867 4098
f 7633 3812 4044
f 7740 3865 4097
f 7739 3864 4096
f 7738 3863 4095
f 7737 3862 4094
f 7736 3861 4093
f 7735 3860 4092
f 7734 3859 4091
f 7733 3858 4090
f 7732 3857 4089
f 7731 3856 4088
f 2352 4898 5726
f 1867 8150 2687
f 7730 3855 4087
f 7729 3854 4086
f 7728 3853 4085
f 7727 3852 4084
f 7726 3851 4083
f 7725 3850 4082
f 7724 3849 4081
f 7723 3848 4080
f 7722 3847 4079
f 7721 3846 4078
f 7720 3845 4077
f 7719 3844 4076
f 7718 3843 4075
f 7717 3842 4074
f 7716 3841 4073
f 7715 3840 4072
f 7714 3839 4071
f 7713 3838 4070
f 7712 3837 4069
f 7711 3836 4068
f 7710 3835 4067
f 7709 3834 4066
f 7708 3833 4065
f 7707 3832 4064
f 8310 4629 6847
f 7706 3831 4063
f 7705 3830 4062
f 7704 3829 4061
f 7703 3828 4060
f 7702 3827 4059
f 8308 4627 6846
f 7701 3826 4058
f 7700 3825 4057
f 7699 3824 4056
f 7698 3823 4055
f 7697 3822 4054
f 8306 4625 6845
f 7696 3821 4053
f 7695 3820 4052
f 7694 3819 4051
f 7693 3818 4050
f 7692 3817 4049
f 8304 4623 6844
f 7691 3816 4048
f 7690 3815 4047
f 7689 3814 4046
f 7688 3813 4045
f 7687 3810 4043
f 8302 4621 6843
f 7686 3809 4042
f 7685 3808 4041
f 7684 3807 4040
f 7683 3806 4039
f 7682 3805 4038
f 8300 4619 6842
f 7681 3804 4037
f 7680 3803 4036
f 7679 3802 4035
f 7678 3801 4034
f 7677 3800 4033
f 8298 4617 6841
f 7676 3799 4032
f 7675 3798 4031
f 7674 3797 4030
f 7673 3796 4029
f 7672 3795 4028
f 8296 4615 6840
f 7671 3794 4027
f 7670 3793 4026
f 7669 3792 4025
f 7668 3791 4024
f 7667 3790 4023
f 8294 4613 6839
f 7666 3789 4022
f 7665 3788 4021
f 7664 3787 4020
f 7663 3786 4019
f 7662 3785 4018
f 8292 4611 6838
f 7661 3784 4017
f 7660 3783 4016
f 7659 3782 4015
f 7658 3781 4014
f 7657 3780 4013
f 8290 4609 6837
f 7656 3779 4012
f 7655 3778 4011
f 7654 3777 4010
f 7653 3776 4009
f 7652 3775 4008
f 8288 4607 6836
f 7651 3774 4007
f 7650 3773 4006
f 7649 3772 4005
f 7648 3771 4004
f 7647 3770 4003
f 8286 4605 6835
f 7646 3769 4002
f 7645 3768 4001
f 7644 3767 4000
f 7643 3766 3999
f 7642 3765 3998
f 8284 4603 6834
f 7641 3764 3997
f 7640 3763 3996
f 7639 3762 3995
f 7638 3761 3994
f 7637 3760 3993
f 8282 4601 6833
f 7636 3759 3992
f 7635 3758 3991
f 7634 3757 3990
f 3869 7629 6521
f 7629 3869 4100
f 8280 4599 6832
f 3355 9962 2753
f 8149 6608 2686
f 1866 8149 2686
f 8148 6607 2685
f 5099 3072 1905
f 8278 4597 6831
f 1865 8148 2685
f 8147 6606 2684
f 5105 386 388
f 8325 4108 6513
f 1864 8147 2684
f 8276 4595 6830
f 8146 6605 2683
f 1863 8146 2683
f 6545 8086 2623
f 2752 9962 3354
f 4956 257 259
f 8274 4593 6829
f 36 8950 37
f 6546 8087 2624
f 8145 6604 2682
f 1862 8145 2682
f 8982 2363 5247
f 8272 4591 6828
f 2363 8831 5247
f 2422 4946 2923
f 8961 255 257
f 5556 1600 3247
f 3083 7790 5103
f 8270 4589 6827
f 7790 2844 5103
f 8144 6603 2681
f 1784 2457 5239
f 1861 8144 2681
f 4189 5062 2076
f 8268 4587 6826
f 6547 8088 2625
f 215 3224 216
f 9069 3223 204
f 5108 2610 6643
f 3223 3169 204
f 8266 4585 6825
f 5239 2457 1609
f 8994 213 214
f 2076 5670 4189
f 8143 6602 2680
f 9961 2751 2752
f 8264 4583 6824
f 3231 221 222
f 221 3230 222
f 1860 8143 2680
f 9961 3354 3353
f 3169 3223 1770
f 8262 4581 6823
f 205 9069 204
f 5223 2665 6531
f 8142 6601 2679
f 1859 8142 2679
f 9067 4391 7759
f 8260 4579 6822
f 3121 9066 5097
f 6548 8089 2626
f 4945 3110 4352
f 8141 6600 2678
f 1742 5237 2852
f 8258 4577 6821
f 1858 8141 2678
f 3091 4935 4388
f 8996 3752 7572
f 3263 8992 3238
f 3271 8992 3309
f 8256 4573 6820
f 8992 3271 3238
f 8992 3263 3309
f 8140 6599 2677
f 8039 3042 6968
f 8984 2364 5257
f 8254 4571 6819
f 2362 8983 5256
f 3354 9961 2752
f 1595 5243 1596
f 5248 2539 4101
f 1857 8140 2677
f 8252 4569 6818
f 8978 3747 7203
f 5105 8978 7203
f 2751 9961 3353
f 9960 2750 2751
f 8139 6598 2676
f 8250 4567 6817
f 2890 8974 6848
f 2919 8973 6849
f 2860 8972 6850
f 8971 2099 4394
f 8969 1619 6671
f 8248 4565 6816
f 1856 8139 2676
f 8968 4357 3122
f 2361 8965 3166
f 8138 6597 2675
f 1855 8138 2675
f 8246 4563 6815
f 8137 6596 2674
f 1854 8137 2674
f 164 8960 166
f 2859 8956 6669
f 8136 6595 2673
f 8244 4561 6814
f 3575 8954 6048
f 1853 8136 2673
f 8135 6594 2672
f 6549 8090 2627
f 8947 3746 6852
f 8242 4559 6813
f 8711 2917 6847
f 8709 2916 6846
f 8707 2915 6845
f 8705 2914 6844
f 8703 2913 6843
f 8240 4557 6812
f 8701 2912 6842
f 8699 2911 6841
f 8697 2910 6840
f 8695 2909 6839
f 8693 2908 6838
f 8238 4555 6811
f 8691 2907 6837
f 8689 2906 6836
f 8687 2905 6835
f 8685 2904 6834
f 8683 2903 6833
f 8236 4553 6810
f 8681 2902 6832
f 8679 2901 6831
f 8677 2900 6830
f 8675 2899 6829
f 8673 2898 6828
f 8234 4551 6809
f 8671 2897 6827
f 8669 2896 6826
f 8667 2895 6825
f 8665 2894 6824
f 8663 2893 6823
f 8232 4549 6808
f 8661 2892 6822
f 8659 2891 6821
f 8657 2888 6820
f 8655 2887 6819
f 8653 2886 6818
f 8230 4547 6807
f 8651 2885 6817
f 8649 2884 6816
f 8647 2883 6815
f 8645 2882 6814
f 8643 2881 6813
f 8228 4545 6806
f 8641 2880 6812
f 8639 2879 6811
f 8637 2878 6810
f 8635 2877 6809
f 8633 2876 6808
f 8226 4543 6805
f 8631 2875 6807
f 8629 2874 6806
f 8627 2873 6805
f 8625 2872 6804
f 8623 2871 6803
f 8224 4541 6804
f 8621 2870 6802
f 8619 2869 6801
f 8617 2868 6800
f 8615 2867 6799
f 8613 2866 6798
f 8222 4539 6803
f 8611 2865 6797
f 8609 2864 6796
f 8607 2863 6795
f 8605 2862 6794
f 2365 8600 2534
f 8220 4537 6802
f 3054 8595 4635
f 9960 3353 3352
f 1745 8590 5278
f 8588 2351 2534
f 1852 8135 2672
f 8218 4535 6801
f 8134 6593 2671
f 1851 8134 2671
f 384 8585 382
f 6550 8091 2628
f 39 8584 41
f 8216 4533 6800
f 3577 8583 6054
f 8133 6592 2670
f 3325 8580 3046
f 3353 9960 2751
f 7793 3091 4388
f 8214 4531 6799
f 8456 160 157
f 160 8451 161
f 8450 157 155
f 8449 155 153
f 8448 46 43
f 8212 4529 6798
f 8447 48 46
f 8446 266 268
f 8445 268 271
f 8444 271 272
f 8443 272 274
f 8210 4527 6797
f 8442 274 277
f 8441 277 279
f 8440 279 281
f 8439 281 283
f 8438 283 285
f 8208 4525 6796
f 8437 285 287
f 8436 287 288
f 8435 288 290
f 8434 290 292
f 8433 292 295
f 8432 295 297
f 8206 4523 6795
f 8431 297 299
f 8430 299 300
f 8429 300 303
f 8428 303 305
f 8427 305 306
f 8204 4521 6794
f 8426 306 309
f 8425 309 310
f 8424 310 313
f 8423 313 315
f 8422 315 316
f 8421 316 318
f 8420 318 320
f 8419 320 322
f 8418 322 324
f 8417 324 327
f 8416 327 329
f 8415 329 331
f 8414 331 333
f 8413 333 335
f 7197 4100 7576
f 8412 335 337
f 8411 337 339
f 8410 339 341
f 8409 341 342
f 8408 342 344
f 8407 344 346
f 8406 346 348
f 8405 348 350
f 8404 350 352
f 8403 352 354
f 8402 354 357
f 8401 357 359
f 8400 359 360
f 8399 360 362
f 8398 362 364
f 8397 364 366
f 8396 366 369
f 8395 369 371
f 8394 371 373
f 8393 373 374
f 8392 374 377
f 8391 153 152
f 8390 152 149
f 8389 149 147
f 8388 147 145
f 8387 145 144
f 8386 144 141
f 8385 141 140
f 8384 140 138
f 8383 138 135
f 8382 135 11
f 8381 11 134
f 8380 134 131
f 8379 131 129
f 8378 129 127
f 8377 127 126
f 8376 126 123
f 8375 123 122
f 8374 122 120
f 8373 120 117
f 2437 3063 3070
f 8372 117 116
f 8371 116 114
f 8370 114 112
f 8369 112 109
f 8368 109 107
f 8367 107 105
f 8366 105 104
f 8365 104 102
f 8364 102 99
f 8363 99 97
f 8362 97 95
f 8361 95 93
f 8360 93 91
f 8359 91 89
f 8358 89 87
f 8357 87 85
f 8356 85 83
f 8355 83 81
f 8354 81 79
f 8353 79 77
f 8352 77 76
f 8351 76 74
f 4191 5060 2075
f 8350 74 72
f 9068 2529 6385
f 8188 6646 2721
f 1901 8188 2721
f 1850 8133 2670
f 8349 72 70
f 8348 70 68
f 8132 6591 2669
f 9296 3601 2536
f 3445 9296 2536
f 8347 68 66
f 8346 66 8
f 2924 4947 6666
f 8345 8 64
f 8344 64 61
f 8343 61 59
f 8342 59 57
f 8341 57 56
f 8340 56 54
f 8339 54 52
f 8338 52 50
f 8337 50 48
f 7084 6051 6678
f 8336 377 379
f 8335 264 266
f 5587 2099 8453
f 8334 379 380
f 8333 262 264
f 8332 43 41
f 8331 380 382
f 262 8330 261
f 8324 1593 6371
f 5409 2857 7764
f 2857 4361 7764
f 8324 4772 2410
f 4772 8324 6371
f 1593 8324 2410
f 261 8197 259
f 3047 8192 3593
f 4103 8186 3580
f 1849 8132 2669
f 8131 6590 2668
f 4398 3584 2101
f 1848 8131 2668
f 8130 6589 2667
f 1847 8130 2667
f 8129 6588 2666
f 1846 8129 2666
f 8127 6586 2663
f 1841 8127 2663
f 8126 6585 2662
f 1840 8126 2662
f 8125 6584 2661
f 1839 8125 2661
f 8124 6583 2660
f 1838 8124 2660
f 8123 6582 2659
f 1837 8123 2659
f 8122 6581 2658
f 1836 8122 2658
f 8121 6580 2657
f 1835 8121 2657
f 8120 6579 2656
f 1834 8120 2656
f 8119 6578 2655
f 1833 8119 2655
f 8118 6577 2654
f 1832 8118 2654
f 8117 6576 2653
f 1831 8117 2653
f 8116 6575 2652
f 1830 8116 2652
f 8115 6574 2651
f 1829 8115 2651
f 8114 6573 2650
f 1828 8114 2650
f 8113 6572 2649
f 1827 8113 2649
f 8112 6571 2648
f 1826 8112 2648
f 8111 6570 2647
f 1825 8111 2647
f 8110 6569 2646
f 1824 8110 2646
f 8109 6568 2645
f 1823 8109 2645
f 8108 6567 2644
f 1822 8108 2644
f 8107 6566 2643
f 1821 8107 2643
f 8106 6565 2642
f 1820 8106 2642
f 8105 6564 2641
f 1819 8105 2641
f 8104 6563 2640
f 1818 8104 2640
f 8103 6562 2639
f 1817 8103 2639
f 8102 6561 2638
f 1816 8102 2638
f 8101 6560 2637
f 1815 8101 2637
f 8100 6559 2636
f 1814 8100 2636
f 8099 6558 2635
f 1813 8099 2635
f 8098 6557 2634
f 1812 8098 2634
f 8097 6556 2633
f 1811 8097 2633
f 8096 6555 2632
f 1810 8096 2632
f 8095 6554 2631
f 1809 8095 2631
f 8094 6553 2630
f 1808 8094 2630
f 8093 6552 2629
f 1807 8093 2629
f 8092 6551 2628
f 1806 8092 2628
f 8091 6550 2627
f 1805 8091 2627
f 8090 6549 2626
f 1804 8090 2626
f 8089 6548 2625
f 1803 8089 2625
f 8088 6547 2624
f 1802 8088 2624
f 8087 6546 2623
f 1801 8087 2623
f 8086 6545 2622
f 1800 8086 2622
f 8085 6544 2621
f 1799 8085 2621
f 8084 6543 2620
f 1798 8084 2620
f 8083 6542 2619
f 1797 8083 2619
f 8082 6541 2618
f 1796 8082 2618
f 8081 6540 2617
f 3452 3446 3066
f 3446 6390 3066
f 5227 2608 6651
f 1795 8081 2617
f 8080 6539 2616
f 5226 2609 6528
f 5226 3729 4227
f 3729 5226 6528
f 5106 2720 6529
f 5106 3728 4229
f 3728 5106 6529
f 1794 8080 2616
f 8186 2922 3580
f 4649 8049 4937
f 7803 4636 3123
f 6551 8092 2629
f 3069 7803 3123
f 8079 6538 2615
f 7797 2226 5580
f 7792 2541 5733
f 1793 8079 2615
f 3054 7788 3322
f 3231 5752 3190
f 8078 6537 2614
f 7773 3870 3588
f 4353 7753 2031
f 7769 3750 3587
f 7766 5733 2541
f 7763 4388 4935
f 2075 5668 4191
f 4392 7752 4756
f 6552 8093 2630
f 2537 7624 2848
f 1792 8078 2614
f 7457 3746 4664
f 8077 6536 2613
f 1791 8077 2613
f 4352 7207 4945
f 2463 4361 4356
f 2605 2463 4356
f 3738 7206 3735
f 6969 4225 4947
f 4358 6678 2462
f 8076 6535 2612
f 1790 8076 2612
f 8075 6534 2611
f 3164 3225 204
f 6677 4103 6053
f 6666 2853 2924
f 1789 8075 2611
f 8073 6587 2664
f 2848 5710 2537
f 6370 3873 5915
f 6369 3985 5914
f 2750 9960 3352
f 3577 6054 5884
f 6050 3601 5882
f 3575 6048 5759
f 2920 1622 6386
f 9073 5759 6048
f 5882 9074 6050
f 1842 8073 2664
f 9075 5761 5926
f 6048 1495 9073
f 9076 5760 5925
f 3045 3455 3325
f 8072 6531 2665
f 3325 2843 3045
f 9077 5881 5922
f 3283 1561 9074
f 9078 5762 5924
f 9079 5764 5927
f 9080 5880 6044
f 9081 5763 5928
f 9454 4635 5885
f 9082 5879 6043
f 9083 5765 5929
f 9084 5766 5930
f 9085 5767 5931
f 9086 5876 6040
f 9087 5769 5933
f 9088 5770 5934
f 9089 5771 5935
f 9090 5772 5936
f 9091 5773 5937
f 9092 5774 5938
f 9093 5775 5939
f 9094 5776 5940
f 9095 5777 5941
f 1622 2920 7573
f 9096 5778 5942
f 9097 5779 5943
f 9098 5780 5944
f 9099 5781 5945
f 9100 5782 5946
f 9101 5783 5947
f 9102 5784 5948
f 9103 5785 5949
f 9104 5786 5950
f 4967 1587 3058
f 8319 1621 6793
f 7573 8319 6362
f 8319 4634 6362
f 9105 5787 5951
f 2098 6387 3113
f 5231 3113 6387
f 3113 4224 2098
f 8200 1616 6792
f 8200 4516 6176
f 9106 5788 5952
f 9107 5789 5953
f 9108 5790 5954
f 9109 5791 5955
f 9110 5792 5956
f 9111 5793 5957
f 9959 2749 2750
f 9112 5794 5958
f 9113 5795 5959
f 9114 5796 5960
f 9115 5797 5961
f 9959 3352 3351
f 9116 5798 5962
f 6060 1967 7806
f 3352 9959 2750
f 6061 1970 7809
f 6062 1966 7808
f 6174 1910 7920
f 6063 1971 7810
f 6173 2026 7921
f 6064 1911 7811
f 6172 2025 7919
f 6171 2024 7918
f 6170 2023 7917
f 6169 2022 7916
f 6168 2021 7915
f 6167 2020 7914
f 6166 2019 7913
f 6165 2018 7912
f 6164 2017 7911
f 6163 2016 7910
f 6162 2015 7909
f 6161 2014 7908
f 6160 2013 7907
f 6159 2012 7906
f 6158 2011 7905
f 6157 2010 7904
f 6156 2009 7903
f 6155 2008 7902
f 6154 2007 7901
f 6153 2006 7900
f 6152 2005 7899
f 6151 2004 7898
f 6150 2003 7897
f 6149 2002 7896
f 6148 2001 7895
f 6147 2000 7894
f 6146 1999 7893
f 6145 1998 7892
f 6144 1997 7891
f 6143 1996 7890
f 6142 1995 7889
f 6141 1994 7888
f 6140 1993 7887
f 6139 1992 7886
f 6138 1991 7885
f 6137 1990 7884
f 6136 1989 7883
f 6135 1988 7882
f 9117 5799 5963
f 6134 1987 7881
f 6133 1986 7880
f 6132 1985 7879
f 6131 1984 7878
f 6130 1983 7877
f 6129 1982 7876
f 6128 1981 7875
f 9118 5800 5964
f 9119 5801 5965
f 9120 5802 5966
f 6127 1980 7874
f 6126 1979 7873
f 6125 1978 7872
f 6124 1977 7871
f 6123 1976 7870
f 6122 1975 7869
f 6121 1974 7868
f 6120 1973 7867
f 6119 1972 7866
f 6118 1965 7865
f 6117 1964 7864
f 6116 1963 7863
f 6115 1962 7862
f 6114 1961 7861
f 6113 1960 7860
f 6112 1959 7859
f 6111 1958 7858
f 6110 1957 7857
f 6109 1956 7856
f 6108 1955 7855
f 6107 1954 7854
f 6106 1953 7853
f 6105 1952 7852
f 6104 1951 7851
f 6103 1950 7850
f 6102 1949 7849
f 6101 1948 7848
f 6100 1947 7847
f 6099 1946 7846
f 6098 1945 7845
f 6097 1944 7844
f 6096 1943 7843
f 6095 1942 7842
f 6094 1941 7841
f 6093 1940 7840
f 6092 1939 7839
f 6091 1938 7838
f 6090 1937 7837
f 6089 1936 7836
f 6088 1935 7835
f 6087 1934 7834
f 6086 1933 7833
f 6085 1932 7832
f 6084 1931 7831
f 6083 1930 7830
f 6082 1929 7829
f 6081 1928 7828
f 6080 1927 7827
f 6079 1926 7826
f 6078 1925 7825
f 6077 1924 7824
f 6076 1923 7823
f 6075 1922 7822
f 6074 1921 7821
f 6073 1920 7820
f 6072 1919 7819
f 6071 1918 7818
f 6070 1917 7817
f 6069 1916 7816
f 6068 1915 7815
f 6067 1914 7814
f 6066 1913 7813
f 6065 1912 7812
f 9121 5803 5967
f 9122 5804 5968
f 3088 1615 4943
f 4943 2925 3088
f 9123 5805 5969
f 9124 5806 5970
f 9125 5807 5971
f 9126 5808 5972
f 9127 5809 5973
f 9128 5810 5974
f 9129 5811 5975
f 9130 5812 5976
f 9131 5813 5977
f 9132 5814 5978
f 9133 5815 5979
f 9134 5816 5980
f 9135 5817 5981
f 9136 5818 5982
f 9137 5819 5983
f 9138 5820 5984
f 9139 5821 5985
f 1619 8969 3050
f 4912 1619 3050
f 9140 5823 5987
f 9141 5824 5988
f 9142 5825 5989
f 1845 8072 2665
f 9143 5826 5990
f 9144 5827 5991
f 217 3275 3163
f 3163 5739 217
f 8461 3075 5262
f 5262 3075 4953
f 9145 5828 5992
f 3169 1770 3162
f 3740 8991 2232
f 7751 4369 5581
f 5107 2721 6646
f 10630 9351 9350
f 9146 5829 5993
f 9147 5830 5994
f 1587 5916 6368
f 9148 5831 5995
f 3126 4949 8954
f 6242 1899 7087
f 2749 9959 3351
f 6244 1842 7141
f 6553 8094 2631
f 9958 2748 2749
f 6352 1898 7194
f 6351 1897 7193
f 6350 1896 7192
f 6349 1895 7191
f 6348 1894 7190
f 6347 1893 7189
f 6346 1892 7188
f 6345 1891 7187
f 6344 1890 7186
f 6343 1889 7185
f 6342 1888 7184
f 6341 1887 7183
f 6340 1886 7182
f 6339 1885 7181
f 6338 1884 7180
f 6337 1883 7179
f 6336 1882 7178
f 6335 1881 7177
f 6334 1880 7176
f 6333 1879 7175
f 6332 1878 7174
f 6331 1877 7173
f 6330 1876 7172
f 6329 1875 7171
f 6328 1874 7170
f 6327 1873 7169
f 6326 1872 7168
f 6325 1871 7167
f 7801 3123 4636
f 6324 1870 7166
f 6323 1869 7165
f 6322 1868 7164
f 6321 1867 7163
f 6320 1866 7162
f 6319 1865 7161
f 6318 1864 7160
f 6317 1863 7159
f 6316 1862 7158
f 6315 1861 7157
f 6314 1860 7156
f 6313 1859 7155
f 6312 1858 7154
f 6311 1857 7153
f 6310 1856 7152
f 6309 1855 7151
f 6308 1854 7150
f 6307 1853 7149
f 6306 1852 7148
f 6305 1851 7147
f 6304 1850 7146
f 6303 1849 7145
f 6302 1848 7144
f 6301 1847 7143
f 6300 1846 7142
f 6298 1841 7140
f 6297 1840 7139
f 6296 1839 7138
f 6295 1838 7137
f 6294 1837 7136
f 6293 1836 7135
f 6292 1835 7134
f 6291 1834 7133
f 6290 1833 7132
f 6289 1832 7131
f 6288 1831 7130
f 6287 1830 7129
f 6286 1829 7128
f 6285 1828 7127
f 6284 1827 7126
f 6283 1826 7125
f 6282 1825 7124
f 6281 1824 7123
f 6280 1823 7122
f 6279 1822 7121
f 6278 1821 7120
f 6277 1820 7119
f 6276 1819 7118
f 6275 1818 7117
f 6274 1817 7116
f 6273 1816 7115
f 6272 1815 7114
f 6271 1814 7113
f 6270 1813 7112
f 6269 1812 7111
f 6268 1811 7110
f 6267 1810 7109
f 6266 1809 7108
f 6265 1808 7107
f 6264 1807 7106
f 6263 1806 7105
f 6262 1805 7104
f 9149 5832 5996
f 9150 5833 5997
f 6261 1804 7103
f 6260 1803 7102
f 6259 1802 7101
f 6258 1801 7100
f 6257 1800 7099
f 6256 1799 7098
f 6255 1798 7097
f 6254 1797 7096
f 6253 1796 7095
f 6252 1795 7094
f 6251 1794 7093
f 6250 1793 7092
f 6249 1792 7091
f 6248 1791 7090
f 6247 1790 7089
f 6246 1789 7088
f 6395 9308 9322
f 9151 5834 5998
f 9308 3445 9322
f 9152 5835 5999
f 9153 5836 6000
f 2463 2605 7199
f 9958 3351 3350
f 9154 5837 6001
f 6354 1788 7086
f 6243 1845 7085
f 1616 6521 2889
f 7629 2889 6521
f 9155 5838 6002
f 9156 5839 6003
f 9157 5840 6004
f 9158 5841 6005
f 7452 4346 5405
f 6232 8309 6846
f 6231 8307 6845
f 6230 8305 6844
f 6229 8303 6843
f 6228 8301 6842
f 6227 8299 6841
f 6226 8297 6840
f 6225 8295 6839
f 6224 8293 6838
f 6223 8291 6837
f 6222 8289 6836
f 6221 8287 6835
f 6220 8285 6834
f 6219 8283 6833
f 6218 8281 6832
f 6217 8279 6831
f 6216 8277 6830
f 6215 8275 6829
f 6214 8273 6828
f 6213 8271 6827
f 6212 8269 6826
f 6211 8267 6825
f 6210 8265 6824
f 6209 8263 6823
f 6208 8261 6822
f 6207 8259 6821
f 6205 8255 6819
f 5713 3151 1620
f 6204 8253 6818
f 6203 8251 6817
f 6202 8249 6816
f 6201 8247 6815
f 6200 8245 6814
f 6199 8243 6813
f 6198 8241 6812
f 6197 8239 6811
f 6196 8237 6810
f 6195 8235 6809
f 6194 8233 6808
f 6193 8231 6807
f 6192 8229 6806
f 6191 8227 6805
f 6190 8225 6804
f 6189 8223 6803
f 6188 8221 6802
f 6187 8219 6801
f 6186 8217 6800
f 6185 8215 6799
f 6184 8213 6798
f 8198 6376 1902
f 6183 8211 6797
f 6182 8209 6796
f 5708 390 393
f 6181 8207 6795
f 166 5707 168
f 6180 8205 6794
f 255 5706 253
f 6233 8202 6847
f 6206 8311 6820
f 9159 5842 6006
f 9160 5843 6007
f 9161 5844 6008
f 9162 5845 6009
f 9163 5846 6010
f 9164 5847 6011
f 9165 5848 6012
f 9166 5849 6013
f 3730 5107 6646
f 2102 6399 4396
f 3351 9958 2749
f 8591 3575 5759
f 9167 5850 6014
f 9168 5851 6015
f 5106 3731 6526
f 9169 5852 6016
f 9170 5853 6017
f 9171 5854 6018
f 9172 5855 6019
f 9286 1552 1583
f 9173 5856 6020
f 9174 5857 6021
f 9175 5858 6022
f 9176 5859 6023
f 9177 5860 6024
f 9178 5861 6025
f 9179 5862 6026
f 9180 5863 6027
f 9181 5864 6028
f 9279 1548 1582
f 9182 5865 6029
f 9183 5866 6030
f 9184 5867 6031
f 9185 5868 6032
f 9186 5869 6033
f 9276 1546 1581
f 9187 5870 6034
f 9188 5871 6035
f 9189 5872 6036
f 9190 5873 6037
f 9191 5874 6038
f 9192 5875 6039
f 9193 5768 5932
f 9271 1543 1580
f 9194 5822 5986
f 9195 5877 6041
f 9196 5878 6042
f 9197 5883 6046
f 9198 5884 6054
f 9199 5885 6045
f 9199 39 7802
f 9266 1540 1579
f 5914 9291 6369
f 5915 9292 6370
f 9296 5882 3601
f 9298 6050 9074
f 1561 9298 9074
f 9263 1538 1578
f 9299 6059 2726
f 3327 9299 2726
f 3575 8591 6675
f 9301 6062 2783
f 3385 9301 2783
f 9260 1536 1577
f 2748 9958 3350
f 9957 2747 2748
f 9302 6174 2727
f 3442 9302 2727
f 3444 9307 2847
f 3445 9308 3093
f 9957 3350 3349
f 9255 1533 1576
f 2094 5700 4221
f 4216 5091 2093
f 2093 5699 4216
f 2606 5254 4767
f 4217 5090 2092
f 9252 1531 1575
f 1621 6527 2918
f 7744 2918 6527
f 3199 3221 1758
f 8990 3596 2100
f 3596 7791 2100
f 9249 1529 1574
f 2092 5698 4217
f 3177 5271 1599
f 3178 5272 1598
f 2539 5248 3323
f 5279 1560 1495
f 9246 1527 1573
f 3350 9957 2748
f 6055 9310 2860
f 6056 9311 2919
f 2747 9957 3349
f 3249 9314 3244
f 9243 1525 1572
f 3451 9317 8579
f 1495 9318 1561
f 6389 9318 1560
f 9318 6389 1561
f 9318 1495 1560
f 9320 3121 3592
f 5102 9320 3592
f 4219 5088 2091
f 2091 5696 4219
f 9236 1521 1571
f 390 9321 388
f 9321 6853 388
f 9323 3592 4772
f 9323 6371 5102
f 6371 9323 4772
f 9233 1519 1570
f 3592 9323 5102
f 9324 2855 3133
f 9325 7206 4968
f 2537 9325 4968
f 235 9328 236
f 9328 235 1776
f 185 9329 184
f 9329 185 1775
f 9330 235 236
f 235 9330 1774
f 9331 185 184
f 9224 1514 1569
f 9956 2746 2747
f 9956 3349 3348
f 7575 4515 5236
f 3572 9447 7767
f 9448 1762 1761
f 9448 3235 2423
f 3235 9448 1761
f 1762 9448 2423
f 4215 5086 2090
f 2090 5694 4215
f 9221 1512 1568
f 4772 9449 2384
f 9449 4772 3592
f 3349 9956 2747
f 2608 5227 6645
f 3581 9452 2604
f 9218 1510 1567
f 9452 7326 2604
f 6645 8068 2608
f 2746 9956 3348
f 4213 5084 2089
f 2089 5692 4213
f 9215 1508 1566
f 3750 9453 6055
f 7802 9454 9199
f 9454 5885 9199
f 4208 5083 2088
f 2088 5691 4208
f 9212 1506 1565
f 2665 5223 6528
f 6528 8069 2665
f 6554 8095 2632
f 4209 5082 2087
f 2087 5690 4209
f 2378 3197 3246
f 5412 3128 3134
f 9207 1503 1564
f 9955 2745 2746
f 2215 6513 4510
f 2101 6512 4398
f 4185 5058 2074
f 2610 5108 6529
f 6529 8070 2610
f 9450 33 5704
f 2099 8971 7755
f 8971 6519 7755
f 8997 3576 4764
f 6236 8997 4764
f 9955 3348 3347
f 6671 4641 7762
f 8969 6671 7762
f 2105 6401 4399
f 7450 4345 5403
f 2106 6402 4402
f 3348 9955 2746
f 1906 4977 6377
f 6377 3595 1906
f 7335 4231 5288
f 6241 1787 6648
f 7449 4287 5345
f 7336 4230 5402
f 7338 4343 5401
f 7337 4344 5289
f 7448 4288 5346
f 7339 4232 5290
f 7393 4286 5344
f 7447 4342 5400
f 7446 4341 5399
f 7445 4340 5398
f 7444 4339 5397
f 7443 4338 5396
f 7442 4337 5395
f 7441 4336 5394
f 7440 4335 5393
f 7439 4334 5392
f 7438 4333 5391
f 7437 4332 5390
f 7436 4331 5389
f 7435 4330 5388
f 7434 4329 5387
f 7433 4328 5386
f 7432 4327 5385
f 7431 4326 5384
f 7430 4325 5383
f 7429 4324 5382
f 7428 4323 5381
f 7427 4322 5380
f 7426 4321 5379
f 7425 4320 5378
f 7424 4319 5377
f 7423 4318 5376
f 7422 4317 5375
f 7421 4316 5374
f 7420 4315 5373
f 7419 4314 5372
f 7418 4313 5371
f 7417 4312 5370
f 7416 4311 5369
f 7415 4310 5368
f 7414 4309 5367
f 7413 4308 5366
f 7412 4307 5365
f 7411 4306 5364
f 7410 4305 5363
f 7409 4304 5362
f 7408 4303 5361
f 7407 4302 5360
f 7406 4301 5359
f 7405 4300 5358
f 7404 4299 5357
f 7403 4298 5356
f 7402 4297 5355
f 7401 4296 5354
f 7400 4295 5353
f 7399 4294 5352
f 7398 4293 5351
f 7397 4292 5350
f 7396 4291 5349
f 7395 4290 5348
f 7394 4289 5347
f 7392 4285 5343
f 7391 4284 5342
f 7390 4283 5341
f 7389 4282 5340
f 7388 4281 5339
f 7387 4280 5338
f 7386 4279 5337
f 7385 4278 5336
f 7384 4277 5335
f 7383 4276 5334
f 7382 4275 5333
f 7381 4274 5332
f 7380 4273 5331
f 7379 4272 5330
f 7378 4271 5329
f 7377 4270 5328
f 7376 4269 5327
f 7375 4268 5326
f 7374 4267 5325
f 7373 4266 5324
f 7372 4265 5323
f 7371 4264 5322
f 7370 4263 5321
f 7369 4262 5320
f 7368 4261 5319
f 7367 4260 5318
f 7366 4259 5317
f 7365 4258 5316
f 7364 4257 5315
f 7363 4256 5314
f 7362 4255 5313
f 7361 4254 5312
f 7360 4253 5311
f 7359 4252 5310
f 7358 4251 5309
f 7357 4250 5308
f 7356 4249 5307
f 7355 4248 5306
f 7354 4247 5305
f 7353 4246 5304
f 7352 4245 5303
f 7351 4244 5302
f 7350 4243 5301
f 7349 4242 5300
f 7348 4241 5299
f 7347 4240 5298
f 7346 4239 5297
f 7345 4238 5296
f 7344 4237 5295
f 7343 4236 5294
f 7342 4235 5293
f 7341 4234 5292
f 7340 4233 5291
f 6240 1844 6649
f 5108 3728 6529
f 6555 8096 2633
f 2074 5666 4185
f 6556 8097 2634
f 2107 6403 4401
f 2745 9955 3347
f 2108 6404 4406
f 3199 3161 3221
f 5434 3161 3224
f 3161 5434 3221
f 6557 8098 2635
f 2109 6405 4405
f 2110 6406 4404
f 2111 6407 4403
f 224 1766 225
f 9954 2744 2745
f 4100 3869 7576
f 2112 6408 4410
f 7744 3752 8996
f 7196 8996 7572
f 2113 6409 4409
f 2114 6410 4408
f 2115 6411 4407
f 2418 226 227
f 2116 6412 4412
f 2117 6413 4411
f 2118 6414 4416
f 8460 6368 5916
f 2119 6415 4415
f 6558 8099 2636
f 2120 6416 4414
f 2121 6417 4413
f 2122 6418 4420
f 2123 6419 4419
f 3462 4372 3877
f 3463 4373 3878
f 2124 6420 4418
f 2125 6421 4417
f 2126 6422 4424
f 3467 4374 3882
f 4374 5895 3882
f 2127 6423 4423
f 2128 6424 4422
f 2129 6425 4421
f 2130 6426 4428
f 2131 6427 4427
f 2132 6428 4426
f 2133 6429 4425
f 2134 6430 4432
f 2135 6431 4431
f 2136 6432 4430
f 2137 6433 4429
f 2138 6434 4434
f 2139 6435 4433
f 2379 5741 2383
f 2140 6436 4436
f 2141 6437 4435
f 2142 6438 4438
f 2143 6439 4437
f 3487 4375 3902
f 2144 6440 4442
f 2145 6441 4441
f 2146 6442 4440
f 2147 6443 4439
f 2148 6444 4446
f 2149 6445 4445
f 2150 6446 4444
f 2151 6447 4443
f 2152 6448 4448
f 2153 6449 4447
f 2154 6450 4450
f 2155 6451 4449
f 3503 4376 3918
f 4376 5901 3918
f 2156 6452 4454
f 2157 6453 4453
f 2158 6454 4452
f 2159 6455 4451
f 2160 6456 4458
f 2161 6457 4457
f 2162 6458 4456
f 2163 6459 4455
f 2164 6460 4462
f 10459 6597 5177
f 2165 6461 4461
f 2166 6462 4460
f 2167 6463 4459
f 2168 6464 4466
f 2169 6465 4465
f 2170 6466 4464
f 2171 6467 4463
f 8191 6674 4757
f 2172 6468 4470
f 2173 6469 4469
f 3525 4377 3940
f 2174 6470 4468
f 2175 6471 4467
f 2176 6472 4472
f 2177 6473 4471
f 2178 6474 4476
f 2179 6475 4475
f 2180 6476 4474
f 2181 6477 4473
f 2182 6478 4480
f 4187 5056 2073
f 2183 6479 4479
f 4229 3728 6384
f 3539 4378 3954
f 4227 3729 6383
f 8058 2229 5714
f 2184 6480 4478
f 2185 6481 4477
f 2186 6482 4484
f 2187 6483 4483
f 3547 4379 3962
f 4379 5908 3962
f 2188 6484 4482
f 4211 5080 2086
f 2189 6485 4481
f 6559 8100 2637
f 2190 6486 4486
f 2191 6487 4485
f 8325 2097 4108
f 2192 6488 4490
f 2193 6489 4489
f 2194 6490 4488
f 2195 6491 4487
f 3557 4380 3972
f 4380 5910 3972
f 2196 6492 4492
f 2197 6493 4491
f 2198 6494 4496
f 2073 5664 4187
f 2086 5688 4211
f 3568 4381 3983
f 4381 5892 3983
f 3459 4371 3874
f 4371 5894 3874
f 3093 7774 7329
f 2199 6495 4495
f 6176 8948 3726
f 2101 9316 3586
f 2200 6496 4494
f 9200 1555 1586
f 6560 8101 2638
f 2201 6497 4493
f 9954 3347 3346
f 6206 8887 3665
f 6180 8835 3613
f 6181 8837 3615
f 6182 8839 3617
f 6183 8841 3619
f 6184 8843 3621
f 6185 8845 3623
f 6186 8847 3625
f 6187 8849 3627
f 6188 8851 3629
f 6189 8853 3631
f 6190 8855 3633
f 1621 8319 7573
f 6191 8857 3635
f 6192 8859 3637
f 6193 8861 3639
f 6194 8863 3641
f 6195 8865 3643
f 6196 8867 3645
f 6197 8869 3647
f 6198 8871 3649
f 6199 8873 3651
f 6200 8875 3653
f 6201 8877 3655
f 6202 8879 3657
f 6203 8881 3659
f 6204 8883 3661
f 6205 8885 3663
f 6207 8889 3669
f 6208 8891 3671
f 6209 8893 3673
f 6210 8895 3675
f 6211 8897 3677
f 6212 8899 3679
f 6213 8901 3681
f 5704 33 31
f 6214 8903 3683
f 6215 8905 3685
f 6216 8907 3687
f 6217 8909 3689
f 6218 8911 3691
f 6219 8913 3693
f 6220 8915 3695
f 6221 8917 3697
f 6222 8919 3699
f 6223 8921 3701
f 6224 8923 3703
f 6225 8925 3705
f 6226 8927 3707
f 6227 8929 3709
f 6228 8931 3711
f 6229 8933 3713
f 6230 8935 3715
f 6231 8937 3717
f 6232 8939 3719
f 6233 8941 3721
f 2202 6498 4500
f 9319 2530 3751
f 3347 9954 2745
f 2744 9954 3346
f 7796 2225 1751
f 237 3285 238
f 1751 5582 7796
f 6561 8102 2639
f 9953 2743 2744
f 3286 237 238
f 5410 1753 4924
f 3125 5410 4924
f 7204 4102 7777
f 5582 1751 4961
f 9303 390 5708
f 7791 3596 6364
f 8592 2854 1903
f 2381 2387 3082
f 9953 3346 3345
f 3196 207 206
f 3196 3182 207
f 4205 5078 2085
f 6519 8971 4394
f 3346 9953 2744
f 6562 8103 2640
f 4183 5054 2072
f 6563 8104 2641
f 9073 9000 5759
f 5919 4931 7776
f 2857 3449 4755
f 7454 2857 4755
f 8460 3452 4364
f 2537 5573 7624
f 2203 6499 4499
f 2085 5686 4205
f 2204 6500 4498
f 7204 1843 6360
f 2743 9953 3345
f 9952 2742 2743
f 2205 6501 4497
f 2206 6502 4502
f 5711 2098 4224
f 8959 3589 2845
f 8959 2845 8958
f 8041 7795 4349
f 3270 2415 3159
f 4207 5076 2084
f 5252 2407 3303
f 2207 6503 4501
f 3604 3078 3732
f 7197 6355 7571
f 7196 6242 7458
f 2208 6504 4504
f 2209 6505 4503
f 2210 6506 4508
f 2536 9322 3445
f 6052 7783 4655
f 2084 5684 4207
f 2211 6507 4507
f 4633 7748 6374
f 2212 6508 4506
f 2213 6509 4505
f 2104 6400 4400
f 3113 4659 4224
f 7763 1620 5230
f 5886 8593 3597
f 2217 6511 4509
f 9952 3345 3344
f 1553 9294 1585
f 3345 9952 2743
f 7327 5287 4226
f 1497 9295 1562
f 33 5415 36
f 4203 5074 2083
f 228 3255 229
f 8045 8962 6656
f 2072 5662 4183
f 2083 5682 4203
f 2721 5107 6530
f 6530 8185 2721
f 6564 8105 2642
f 1766 5756 3173
f 9321 390 9303
f 6853 9321 9303
f 2462 6678 7202
f 2742 9952 3344
f 6678 6051 7202
f 3120 5418 4107
f 9951 2741 2742
f 4199 5072 2082
f 6969 6237 7775
f 2082 5680 4199
f 4178 5053 2071
f 3110 7754 4352
f 2224 5747 7760
f 8985 2224 7760
f 9951 3344 3343
f 3183 5428 2385
f 3344 9951 2742
f 4109 4981 4389
f 4389 5589 4109
f 6565 8106 2643
f 2741 9951 3343
f 9325 2537 5710
f 9325 3735 7206
f 5916 8452 8460
f 1555 9200 1585
f 5241 5563 5566
f 9950 2798 2799
f 4201 5070 2081
f 2081 5678 4201
f 9950 3400 3399
f 6642 8128 2666
f 3400 9950 2799
f 4356 5555 2605
f 8192 3047 6394
f 2857 7454 4361
f 6534 8075 2612
f 4197 5068 2080
f 6535 8076 2613
f 9306 4384 6676
f 2071 5661 4178
f 6175 1909 7922
f 6059 1969 7807
f 2080 5676 4197
f 8195 3579 4357
f 6049 8195 4357
f 3115 4963 4907
f 4633 6374 3115
f 7764 2218 5409
f 1844 8069 2609
f 8069 6528 2609
f 6536 8077 2614
f 6566 8107 2644
f 4192 5067 2079
f 1787 8070 2720
f 8070 6529 2720
f 2031 5703 4353
f 3583 4512 8327
f 7753 2030 6393
f 2530 7753 6393
f 2095 5701 4220
f 4220 5092 2095
f 2033 5590 4111
f 4111 4982 2033
f 2096 5702 4108
f 4108 5094 2096
f 5223 3729 6528
f 2032 5588 4223
f 4223 4980 2032
f 2034 5591 4110
f 4110 4983 2034
f 3736 8997 6236
f 5226 3727 6650
f 2798 9950 3399
f 9949 2740 2741
f 9298 1561 6389
f 2035 5593 4112
f 6537 8078 2615
f 4112 4985 2035
f 9949 3343 3342
f 3343 9949 2741
f 2740 9949 3342
f 9948 2797 2798
f 2036 5596 4115
f 4115 4988 2036
f 9948 3399 3398
f 3399 9948 2798
f 2037 5598 4121
f 4121 4990 2037
f 6526 8066 2720
f 2720 5106 6526
f 2797 9948 3398
f 2079 5675 4192
f 9947 2739 2740
f 2038 5600 4119
f 4119 4992 2038
f 9947 3342 3341
f 3342 9947 2740
f 2039 5602 4123
f 4123 4994 2039
f 2739 9947 3341
f 9946 2738 2739
f 2040 5604 4127
f 4127 4996 2040
f 9296 3081 5882
f 9946 3341 3340
f 3341 9946 2739
f 2041 5606 4125
f 4125 4998 2041
f 2738 9946 3340
f 9945 2796 2797
f 2042 5608 4131
f 4131 5000 2042
f 6650 8067 2609
f 2609 5226 6650
f 9945 3398 3397
f 3398 9945 2797
f 2043 5610 4129
f 4129 5002 2043
f 2796 9945 3397
f 9944 2737 2738
f 2044 5612 4135
f 4135 5004 2044
f 9944 3340 3339
f 3340 9944 2738
f 2045 5614 4133
f 6538 8079 2616
f 4133 5006 2045
f 6647 8970 3577
f 2737 9944 3339
f 9943 2795 2796
f 2046 5616 4139
f 5248 9447 3323
f 6597 10459 6596
f 4193 5066 2078
f 8580 3325 3455
f 4139 5008 2046
f 9943 3397 3396
f 8964 3581 2604
f 3397 9943 2796
f 2047 5618 4137
f 4179 5052 2070
f 5176 10459 5177
f 1774 2440 234
f 2099 5587 4394
f 3188 3605 8967
f 4939 8988 1598
f 8988 2368 1598
f 1774 234 235
f 4137 5010 2047
f 6655 5711 4224
f 2441 1775 186
f 4514 5711 6655
f 186 1775 185
f 2795 9943 3396
f 6539 8080 2617
f 2078 5674 4193
f 9942 2778 2779
f 2443 1776 234
f 234 1776 235
f 2048 5620 4143
f 6651 8187 2607
f 4143 5012 2048
f 6540 8081 2618
f 9942 3381 3380
f 3459 10678 6665
f 2049 5622 4141
f 3380 10742 9942
f 4141 5014 2049
f 6541 8082 2619
f 2050 5623 4140
f 6641 8182 2719
f 4140 5015 2050
f 6533 8074 2611
f 2051 5624 4145
f 9941 2794 2795
f 4145 5016 2051
f 6639 8180 2718
f 9941 3396 3395
f 6638 8179 2717
f 3396 9941 2795
f 6637 8178 2716
f 2052 5626 4147
f 6636 8177 2715
f 4147 5018 2052
f 6635 8176 2714
f 2794 9941 3395
f 6634 8175 2713
f 9940 2793 2794
f 6633 8174 2712
f 2053 5628 4149
f 6632 8173 2711
f 4149 5020 2053
f 6631 8172 2710
f 9940 3395 3394
f 6630 8171 2709
f 3395 9940 2794
f 6629 8170 2708
f 2054 5630 4153
f 6628 8169 2707
f 4153 5022 2054
f 6627 8168 2706
f 2793 9940 3394
f 6626 8167 2705
f 9939 2792 2793
f 6625 8166 2704
f 2055 5632 4151
f 6624 8165 2703
f 4151 5024 2055
f 6623 8164 2702
f 9939 3394 3393
f 6622 8163 2701
f 3394 9939 2793
f 6621 8162 2700
f 2056 5634 4157
f 6620 8161 2699
f 4157 5026 2056
f 6619 8160 2698
f 2792 9939 3393
f 6618 8159 2697
f 9938 2791 2792
f 6617 8158 2696
f 2057 5636 4155
f 6616 8157 2695
f 4155 5028 2057
f 6615 8156 2694
f 2058 5637 4154
f 6614 8155 2693
f 4154 5029 2058
f 6613 8154 2692
f 2059 5638 4159
f 6612 8153 2691
f 4159 5030 2059
f 6611 8152 2690
f 9938 3393 3392
f 6610 8151 2689
f 3393 9938 2792
f 6609 8150 2688
f 2060 5640 4161
f 6608 8149 2687
f 4161 5032 2060
f 6607 8148 2686
f 2791 9938 3392
f 6606 8147 2685
f 9937 2790 2791
f 6605 8146 2684
f 2061 5642 4165
f 6604 8145 2683
f 4165 5034 2061
f 6603 8144 2682
f 9937 3392 3391
f 6602 8143 2681
f 3392 9937 2791
f 6601 8142 2680
f 2062 5644 4163
f 6600 8141 2679
f 4163 5036 2062
f 6599 8140 2678
f 2790 9937 3391
f 6598 8139 2677
f 9936 3387 3388
f 6597 8138 2676
f 2063 5646 4169
f 6596 8137 2675
f 4169 5038 2063
f 6595 8136 2674
f 9936 8521 8520
f 6594 8135 2673
f 10458 4333 5211
f 6593 8134 2672
f 2064 5648 4167
f 6592 8133 2671
f 4167 5040 2064
f 6591 8132 2670
f 10458 5212 4334
f 6590 8131 2669
f 9935 4106 3600
f 6589 8130 2668
f 2065 5650 4173
f 6588 8129 2667
f 4173 5042 2065
f 6586 8127 2664
f 9935 5253 3731
f 6585 8126 2663
f 5253 9935 3600
f 6584 8125 2662
f 2066 5652 4171
f 6583 8124 2661
f 4171 5044 2066
f 6582 8123 2660
f 4106 9935 3731
f 6581 8122 2659
f 1627 9934 1626
f 6580 8121 2658
f 2067 5654 4177
f 6579 8120 2657
f 4177 5046 2067
f 6578 8119 2656
f 3611 9934 9722
f 6577 8118 2655
f 9934 1627 9722
f 6576 8117 2654
f 2068 5656 4175
f 6575 8116 2653
f 4175 5048 2068
f 6574 8115 2652
f 9933 5227 5242
f 6573 8114 2651
f 10738 8526 10153
f 6572 8113 2650
f 2069 5658 4181
f 6571 8112 2649
f 4181 5050 2069
f 6570 8111 2648
f 3040 9932 3039
f 6569 8110 2647
f 6963 9932 6966
f 6568 8109 2646
f 2070 5660 4179
f 6567 8108 2645
f 5212 10458 5211
f 9932 6963 3039
f 9808 8519 8518
f 9808 3383 3384
f 4333 10458 4334
f 9932 3040 6966
f 9809 8573 8572
f 9809 3439 3440
f 10457 5156 6578
f 10457 6579 5157
f 9810 8466 8467
f 9810 5769 5768
f 1687 9931 1686
f 6579 10457 6578
f 9811 8520 8574
f 9811 3386 3387
f 5156 10457 5157
f 10456 5121 6543
f 9812 3440 3439
f 9812 2838 2839
f 3667 9931 9721
f 10456 6544 5122
f 9813 8467 8466
f 9813 3331 3332
f 2862 9814 9339
f 10666 4288 5166
f 9814 7635 9339
f 9814 2862 9340
f 9815 3328 8462
f 9815 8463 9794
f 8463 9815 8462
f 3328 9815 9794
f 9931 3667 1686
f 9931 1687 9721
f 9930 4515 4104
f 9930 7786 3155
f 9816 3250 3260
f 9816 5737 4918
f 5737 9816 3260
f 3250 9816 4918
f 2888 9817 9338
f 7687 9817 9337
f 9817 7687 9338
f 9817 2888 9337
f 7786 9930 4104
f 4515 9930 3155
f 8578 9929 8582
f 9929 3443 8582
f 9928 5823 5767
f 9928 8520 8521
f 6544 10456 6543
f 5121 10456 5122
f 10455 5211 6631
f 10455 6632 5212
f 9818 8467 8468
f 9818 5770 5769
f 9819 2987 6911
f 9819 6910 2986
f 6910 9819 6911
f 2987 9819 2986
f 6632 10455 6631
f 9820 6911 2987
f 6911 9820 6912
f 2988 9820 2987
f 3331 9821 3330
f 8466 9821 9813
f 9821 8466 3330
f 9821 3331 9813
f 9822 3020 6944
f 9822 6943 3019
f 6943 9822 6944
f 3020 9822 3019
f 9823 2930 6857
f 9823 6856 2929
f 6856 9823 6857
f 2930 9823 2929
f 9824 2946 6873
f 9824 6872 2945
f 6872 9824 6873
f 2946 9824 2945
f 9825 3014 6938
f 9825 6937 3013
f 6937 9825 6938
f 3014 9825 3013
f 9826 2952 6879
f 9826 6878 2951
f 6878 9826 6879
f 2952 9826 2951
f 9827 2979 6906
f 9827 6905 2978
f 6905 9827 6906
f 2979 9827 2978
f 9828 2963 6890
f 9828 6889 2962
f 6889 9828 6890
f 2963 9828 2962
f 9829 2933 6860
f 9829 6859 2932
f 6859 9829 6860
f 2933 9829 2932
f 9830 2973 6900
f 9830 6899 2972
f 6899 9830 6900
f 2973 9830 2972
f 9831 2993 6917
f 9831 6916 2992
f 6916 9831 6917
f 2993 9831 2992
f 9832 3003 6927
f 9832 6926 3002
f 6926 9832 6927
f 3003 9832 3002
f 9833 3033 6957
f 9833 6956 3032
f 6956 9833 6957
f 3033 9833 3032
f 9834 2970 6897
f 9834 6896 2969
f 6896 9834 6897
f 2970 9834 2969
f 9835 2996 6920
f 9835 6919 2995
f 6919 9835 6920
f 2996 9835 2995
f 9836 3019 6943
f 9836 6942 3018
f 6942 9836 6943
f 3019 9836 3018
f 9837 3013 6937
f 9837 6936 3012
f 6936 9837 6937
f 3013 9837 3012
f 9838 2945 6872
f 9838 6871 2944
f 6871 9838 6872
f 2945 9838 2944
f 9839 3037 6961
f 9839 6960 3036
f 6960 9839 6961
f 3037 9839 3036
f 9840 2992 6916
f 9840 6915 2991
f 6915 9840 6916
f 2992 9840 2991
f 9841 3002 6926
f 9841 6925 3001
f 6925 9841 6926
f 3002 9841 3001
f 9842 3032 6956
f 9842 6955 3031
f 6955 9842 6956
f 3032 9842 3031
f 9843 3021 6945
f 9843 6944 3020
f 6944 9843 6945
f 3021 9843 3020
f 9844 2953 6880
f 9844 6879 2952
f 6879 9844 6880
f 2953 9844 2952
f 9845 2947 6874
f 9845 6873 2946
f 6873 9845 6874
f 2947 9845 2946
f 9846 2951 6878
f 9846 6877 2950
f 6877 9846 6878
f 2951 9846 2950
f 9847 2995 6919
f 9847 6918 2994
f 6918 9847 6919
f 2995 9847 2994
f 9848 3038 6962
f 9848 6961 3037
f 6961 9848 6962
f 3038 9848 3037
f 9849 2991 6915
f 9849 6914 2990
f 6914 9849 6915
f 2991 9849 2990
f 9850 3001 6925
f 9850 6924 3000
f 6924 9850 6925
f 3001 9850 3000
f 9851 3031 6955
f 9851 6954 3030
f 6954 9851 6955
f 3031 9851 3030
f 9852 3007 6931
f 9852 6930 3006
f 6930 9852 6931
f 3007 9852 3006
f 9853 2964 6891
f 9853 6890 2963
f 6890 9853 6891
f 2964 9853 2963
f 9854 2934 6861
f 9854 6860 2933
f 6860 9854 6861
f 2934 9854 2933
f 9855 3025 6949
f 9855 6948 3024
f 6948 9855 6949
f 3025 9855 3024
f 9856 2974 6901
f 9856 6900 2973
f 6900 9856 6901
f 2974 9856 2973
f 9857 3011 6935
f 9857 6934 3010
f 6934 9857 6935
f 3011 9857 3010
f 9858 3009 6933
f 9858 6932 3008
f 6932 9858 6933
f 3009 9858 3008
f 9859 2978 6905
f 9859 6904 2977
f 6904 9859 6905
f 2978 9859 2977
f 9860 3027 6951
f 9860 6950 3026
f 6950 9860 6951
f 3027 9860 3026
f 9861 2999 6923
f 9861 6922 2998
f 6922 9861 6923
f 2999 9861 2998
f 9862 3029 6953
f 9862 6952 3028
f 6952 9862 6953
f 3029 9862 3028
f 9863 2965 6892
f 9863 6891 2964
f 6891 9863 6892
f 2965 9863 2964
f 9864 2935 6862
f 9864 6861 2934
f 6861 9864 6862
f 2935 9864 2934
f 9865 2959 6886
f 9865 6885 2958
f 6885 9865 6886
f 2959 9865 2958
f 9866 2939 6866
f 9866 6865 2938
f 6865 9866 6866
f 2939 9866 2938
f 9867 2957 6884
f 9867 6883 2956
f 6883 9867 6884
f 2957 9867 2956
f 9868 2937 6864
f 9868 6863 2936
f 6863 9868 6864
f 2937 9868 2936
f 9869 2955 6882
f 9869 6881 2954
f 6881 9869 6882
f 2955 9869 2954
f 9870 2975 6902
f 9870 6901 2974
f 6901 9870 6902
f 2975 9870 2974
f 9871 2941 6868
f 9871 6867 2940
f 6867 9871 6868
f 2941 9871 2940
f 9872 3018 6942
f 9872 6941 3017
f 6941 9872 6942
f 3018 9872 3017
f 9873 2967 6894
f 9873 6893 2966
f 6893 9873 6894
f 2967 9873 2966
f 9874 3012 6936
f 9874 6935 3011
f 6935 9874 6936
f 3012 9874 3011
f 9875 3036 6960
f 9875 6959 3035
f 6959 9875 6960
f 3036 9875 3035
f 9876 3026 6950
f 9876 6949 3025
f 6949 9876 6950
f 3026 9876 3025
f 9877 3000 6924
f 9877 6923 2999
f 6923 9877 6924
f 3000 9877 2999
f 9878 3008 6932
f 9878 6931 3007
f 6931 9878 6932
f 3008 9878 3007
f 9879 3010 6934
f 9879 6933 3009
f 6933 9879 6934
f 3010 9879 3009
f 9880 3006 6930
f 9880 6929 3005
f 6929 9880 6930
f 3006 9880 3005
f 9881 3030 6954
f 9881 6953 3029
f 6953 9881 6954
f 3030 9881 3029
f 9882 3028 6952
f 9882 6951 3027
f 6951 9882 6952
f 3028 9882 3027
f 9883 2971 6898
f 9883 6897 2970
f 6897 9883 6898
f 2971 9883 2970
f 9884 3015 6939
f 9884 6938 3014
f 6938 9884 6939
f 3015 9884 3014
f 9885 3017 6941
f 9885 6940 3016
f 6940 9885 6941
f 3017 9885 3016
f 9886 2940 6867
f 9886 6866 2939
f 6866 9886 6867
f 2940 9886 2939
f 9887 2958 6885
f 9887 6884 2957
f 6884 9887 6885
f 2958 9887 2957
f 9888 2938 6865
f 9888 6864 2937
f 6864 9888 6865
f 2938 9888 2937
f 9889 2956 6883
f 9889 6882 2955
f 6882 9889 6883
f 2956 9889 2955
f 9890 2954 6881
f 9890 6880 2953
f 6880 9890 6881
f 2954 9890 2953
f 9891 2966 6893
f 9891 6892 2965
f 6892 9891 6893
f 2966 9891 2965
f 9892 2936 6863
f 9892 6862 2935
f 6862 9892 6863
f 2936 9892 2935
f 9893 3035 6959
f 9893 6958 3034
f 6958 9893 6959
f 3035 9893 3034
f 9894 3005 6929
f 9894 6928 3004
f 6928 9894 6929
f 3005 9894 3004
f 9895 2960 6887
f 9895 6886 2959
f 6886 9895 6887
f 2960 9895 2959
f 9896 2948 6875
f 9896 6874 2947
f 6874 9896 6875
f 2948 9896 2947
f 9897 2990 6914
f 9897 6913 2989
f 6913 9897 6914
f 2990 9897 2989
f 9898 2931 6858
f 9898 6857 2930
f 6857 9898 6858
f 2931 9898 2930
f 9899 2944 6871
f 9899 6870 2943
f 6870 9899 6871
f 2944 9899 2943
f 9900 3024 6948
f 9900 6947 3023
f 6947 9900 6948
f 3024 9900 3023
f 9901 2998 6922
f 9901 6921 2997
f 6921 9901 6922
f 2998 9901 2997
f 9902 2961 6888
f 9902 6887 2960
f 6887 9902 6888
f 2961 9902 2960
f 9903 2949 6876
f 9903 6875 2948
f 6875 9903 6876
f 2949 9903 2948
f 9904 2989 6913
f 5211 10455 5212
f 6912 9904 6913
f 2989 9904 2988
f 9905 3022 6946
f 9905 6945 3021
f 6945 9905 6946
f 3022 9905 3021
f 9906 2942 6869
f 9906 6868 2941
f 6868 9906 6869
f 2942 9906 2941
f 9907 2968 6895
f 9907 6894 2967
f 6894 9907 6895
f 2968 9907 2967
f 9908 2976 6903
f 9908 6902 2975
f 6902 9908 6903
f 2976 9908 2975
f 9909 2969 6896
f 9909 6895 2968
f 6895 9909 6896
f 2969 9909 2968
f 9910 2997 6921
f 9910 6920 2996
f 6920 9910 6921
f 2997 9910 2996
f 9911 2972 6899
f 9911 6898 2971
f 6898 9911 6899
f 2972 9911 2971
f 9912 2962 6889
f 9912 6888 2961
f 6888 9912 6889
f 2962 9912 2961
f 9913 2932 6859
f 9913 6858 2931
f 6858 9913 6859
f 2932 9913 2931
f 9914 2994 6918
f 9914 6917 2993
f 6917 9914 6918
f 2994 9914 2993
f 9915 3004 6928
f 9915 6927 3003
f 6927 9915 6928
f 3004 9915 3003
f 9916 3034 6958
f 9916 6957 3033
f 6957 9916 6958
f 3034 9916 3033
f 9917 2943 6870
f 9917 6869 2942
f 6869 9917 6870
f 2943 9917 2942
f 9918 2977 6904
f 9918 6903 2976
f 6903 9918 6904
f 2977 9918 2976
f 9919 3023 6947
f 9919 6946 3022
f 6946 9919 6947
f 3023 9919 3022
f 9920 2950 6877
f 9920 6876 2949
f 6876 9920 6877
f 2950 9920 2949
f 9921 3016 6940
f 9921 6939 3015
f 6939 9921 6940
f 3016 9921 3015
f 9922 2986 6910
f 9922 6909 2985
f 6909 9922 6910
f 2986 9922 2985
f 9923 2980 6907
f 9923 6906 2979
f 6906 9923 6907
f 2980 9923 2979
f 9924 3039 6963
f 9924 6962 3038
f 6962 9924 6963
f 3039 9924 3038
f 3455 9925 3450
f 9927 4231 5109
f 10454 5177 6597
f 10630 8616 2868
f 9926 2929 6856
f 9926 6855 2928
f 6855 9926 6856
f 2929 9926 2928
f 4231 9927 4228
f 5107 9927 5109
f 10255 5768 8465
f 10255 8466 9810
f 8466 10255 8465
f 5768 10255 9810
f 10256 5767 8574
f 10256 8520 9928
f 8520 10256 8574
f 5767 10256 9928
f 10257 2839 3441
f 10257 3440 9812
f 3440 10257 3441
f 2839 10257 9812
f 3332 10258 9813
f 8467 10258 10037
f 10258 8467 9813
f 10258 3332 10037
f 10259 5769 9810
f 10259 8467 9818
f 8467 10259 9810
f 5769 10259 9818
f 3385 10260 3384
f 8575 10260 9929
f 10260 8575 3384
f 10260 3385 9929
f 10454 6598 5178
f 6598 10454 6597
f 5177 10454 5178
f 10453 5122 6544
f 10453 6545 5123
f 6545 10453 6544
f 5122 10453 5123
f 10452 5155 6577
f 10452 6578 5156
f 6578 10452 6577
f 5155 10452 5156
f 10451 4277 5155
f 10451 5156 4278
f 5156 10451 5155
f 4277 10451 4278
f 10450 4242 5120
f 10450 5121 4243
f 5121 10450 5120
f 4242 10450 4243
f 10449 4297 5175
f 10449 5176 4298
f 5176 10449 5175
f 4297 10449 4298
f 10448 5178 6598
f 10448 6599 5179
f 6599 10448 6598
f 5178 10448 5179
f 10447 5210 6630
f 10447 6631 5211
f 6631 10447 6630
f 5210 10447 5211
f 10446 5123 6545
f 10446 6546 5124
f 6546 10446 6545
f 5123 10446 5124
f 10445 5179 6599
f 10445 6600 5180
f 6600 10445 6599
f 5179 10445 5180
f 10444 4332 5210
f 10444 5211 4333
f 5211 10444 5210
f 4332 10444 4333
f 10443 5154 6576
f 10443 6577 5155
f 6577 10443 6576
f 5154 10443 5155
f 10442 5209 6629
f 10442 6630 5210
f 6630 10442 6629
f 5209 10442 5210
f 10441 5124 6546
f 10441 6547 5125
f 6547 10441 6546
f 5124 10441 5125
f 10440 5180 6600
f 10440 6601 5181
f 6601 10440 6600
f 5180 10440 5181
f 10439 5125 6547
f 10439 6548 5126
f 6548 10439 6547
f 5125 10439 5126
f 10438 5153 6575
f 10438 6576 5154
f 6576 10438 6575
f 5153 10438 5154
f 10437 5208 6628
f 10437 6629 5209
f 6629 10437 6628
f 5208 10437 5209
f 10436 5181 6601
f 10436 6602 5182
f 6602 10436 6601
f 5181 10436 5182
f 10435 5126 6548
f 10435 6549 5127
f 6549 10435 6548
f 5126 10435 5127
f 10434 5182 6602
f 10434 6603 5183
f 6603 10434 6602
f 5182 10434 5183
f 10433 5152 6574
f 10433 6575 5153
f 6575 10433 6574
f 5152 10433 5153
f 10432 5127 6549
f 10432 6550 5128
f 6550 10432 6549
f 5127 10432 5128
f 10431 5207 6627
f 10431 6628 5208
f 6628 10431 6627
f 5207 10431 5208
f 10430 5183 6603
f 10430 6604 5184
f 6604 10430 6603
f 5183 10430 5184
f 10429 5128 6550
f 10429 6551 5129
f 6551 10429 6550
f 5128 10429 5129
f 10428 5151 6573
f 10428 6574 5152
f 6574 10428 6573
f 5151 10428 5152
f 10427 5143 6565
f 10427 6566 5144
f 6566 10427 6565
f 5143 10427 5144
f 10426 5142 6564
f 10426 6565 5143
f 6565 10426 6564
f 5142 10426 5143
f 10425 5129 6551
f 10425 6552 5130
f 6552 10425 6551
f 5129 10425 5130
f 10424 5150 6572
f 10424 6573 5151
f 6573 10424 6572
f 5150 10424 5151
f 10423 5144 6566
f 10423 6567 5145
f 6567 10423 6566
f 5144 10423 5145
f 10422 5141 6563
f 10422 6564 5142
f 6564 10422 6563
f 5141 10422 5142
f 10421 5145 6567
f 10421 6568 5146
f 6568 10421 6567
f 5145 10421 5146
f 10420 5149 6571
f 10420 6572 5150
f 6572 10420 6571
f 5149 10420 5150
f 10419 5140 6562
f 10419 6563 5141
f 6563 10419 6562
f 5140 10419 5141
f 10418 5184 6604
f 10418 6605 5185
f 6605 10418 6604
f 5184 10418 5185
f 10417 5148 6570
f 10417 6571 5149
f 6571 10417 6570
f 5148 10417 5149
f 10416 5146 6568
f 10416 6569 5147
f 6569 10416 6568
f 5146 10416 5147
f 10415 5147 6569
f 10415 6570 5148
f 6570 10415 6569
f 5147 10415 5148
f 10414 5139 6561
f 10414 6562 5140
f 6562 10414 6561
f 5139 10414 5140
f 10413 5206 6626
f 10413 6627 5207
f 6627 10413 6626
f 5206 10413 5207
f 10412 5130 6552
f 10412 6553 5131
f 6553 10412 6552
f 5130 10412 5131
f 10411 5132 6554
f 10411 6555 5133
f 6555 10411 6554
f 5132 10411 5133
f 10410 5133 6555
f 10410 6556 5134
f 6556 10410 6555
f 5133 10410 5134
f 10409 5131 6553
f 4287 10261 4345
f 5222 10261 5165
f 10409 6554 5132
f 10261 4287 5165
f 10262 4918 1750
f 10262 8054 5236
f 8054 10262 1750
f 4918 10262 5236
f 10263 3738 6057
f 10263 4912 5553
f 4912 10263 6057
f 3738 10263 5553
f 6554 10409 6553
f 5131 10409 5132
f 10408 5138 6560
f 10408 6561 5139
f 10264 3439 9809
f 10264 8572 10254
f 8572 10264 9809
f 3439 10264 10254
f 3387 10265 9811
f 8520 10265 9936
f 10265 8520 9811
f 10265 3387 9936
f 7685 10266 7686
f 9390 10266 9389
f 6561 10408 6560
f 10751 5110 6643
f 5138 10408 5139
f 10407 5134 6556
f 10407 6557 5135
f 6557 10407 6556
f 5222 10267 5227
f 6645 10267 6644
f 10267 6645 5227
f 10267 5222 6644
f 10268 2781 3384
f 10268 3383 10043
f 3383 10268 3384
f 2781 10268 10043
f 7737 10269 7738
f 9439 10269 9438
f 5134 10407 5135
f 7736 10745 7737
f 2281 10270 7256
f 7260 10270 2283
f 10270 7260 7256
f 10270 2281 2283
f 5166 10746 5167
f 10406 5137 6559
f 10271 9388 9389
f 10406 6560 5138
f 9367 10718 10294
f 6560 10406 6559
f 10272 9386 9387
f 5137 10406 5138
f 10718 7662 10294
f 10405 5135 6557
f 10273 9384 9385
f 10405 6558 5136
f 7662 10718 7663
f 6558 10405 6557
f 10274 9417 9418
f 5135 10405 5136
f 9365 10724 10299
f 10404 5136 6558
f 10275 9415 9416
f 10404 6559 5137
f 10724 7660 10299
f 6559 10404 6558
f 10276 9419 9420
f 5136 10404 5137
f 7660 10724 7661
f 10403 5205 6625
f 10277 9423 9424
f 10403 6626 5206
f 9351 10719 10302
f 6626 10403 6625
f 10278 9421 9422
f 5205 10403 5206
f 10719 7646 10302
f 10402 5185 6605
f 10279 9413 9414
f 10402 6606 5186
f 7646 10719 7647
f 6606 10402 6605
f 10280 9425 9426
f 5185 10402 5186
f 9432 10700 10288
f 10401 5204 6624
f 10281 9411 9412
f 10401 6625 5205
f 10700 7730 10288
f 6625 10401 6624
f 10282 9407 9408
f 5204 10401 5205
f 7730 10700 7731
f 10400 5186 6606
f 10283 9409 9410
f 10400 6607 5187
f 9402 10705 10290
f 6607 10400 6606
f 10284 9405 9406
f 5186 10400 5187
f 10705 7700 10290
f 10399 5187 6607
f 10285 9427 9428
f 10399 6608 5188
f 7700 10705 7701
f 6608 10399 6607
f 10286 9433 9434
f 5187 10399 5188
f 9349 10725 10308
f 10398 5188 6608
f 10287 9403 9404
f 10398 6609 5189
f 10725 7644 10308
f 6609 10398 6608
f 10288 9431 9432
f 5188 10398 5189
f 7644 10725 7645
f 10397 5189 6609
f 10289 9429 9430
f 10397 6610 5190
f 9385 10689 10273
f 6610 10397 6609
f 10290 9401 9402
f 5189 10397 5190
f 10689 7680 10273
f 10396 5203 6623
f 10291 9370 9371
f 10396 6624 5204
f 7680 10689 7681
f 6624 10396 6623
f 10292 9368 9369
f 5203 10396 5204
f 9400 10707 10310
f 10395 5190 6610
f 10293 9382 9383
f 10395 6611 5191
f 10707 7698 10310
f 6611 10395 6610
f 10294 9366 9367
f 5190 10395 5191
f 7698 10707 7699
f 10394 5191 6611
f 10295 9372 9373
f 10394 6612 5192
f 9347 10726 10311
f 6612 10394 6611
f 10296 9360 9361
f 5191 10394 5192
f 10726 7642 10311
f 10393 5202 6622
f 10297 9352 9353
f 10393 6623 5203
f 7642 10726 7643
f 6623 10393 6622
f 10298 9358 9359
f 5202 10393 5203
f 9434 10706 10286
f 10392 5197 6617
f 10299 9364 9365
f 10392 6618 5198
f 10706 7732 10286
f 6618 10392 6617
f 10300 9362 9363
f 5197 10392 5198
f 7732 10706 7733
f 10391 5198 6618
f 10301 9378 9379
f 10391 6619 5199
f 9345 10728 10313
f 6619 10391 6618
f 10302 9350 9351
f 5198 10391 5199
f 10728 7640 10313
f 10390 5196 6616
f 10303 9380 9381
f 10390 6617 5197
f 7640 10728 7641
f 6617 10390 6616
f 10304 9374 9375
f 5196 10390 5197
f 9398 10727 10312
f 10389 5192 6612
f 10305 9376 9377
f 10389 6613 5193
f 10727 7696 10312
f 6613 10389 6612
f 10306 9354 9355
f 5192 10389 5193
f 7696 10727 7697
f 10388 5199 6619
f 10307 9356 9357
f 10388 6620 5200
f 9387 10731 10272
f 6620 10388 6619
f 10308 9348 9349
f 5199 10388 5200
f 10731 7682 10272
f 10387 5201 6621
f 10309 9435 9436
f 10387 6622 5202
f 7682 10731 7683
f 6622 10387 6621
f 10310 9399 9400
f 5201 10387 5202
f 10730 9245 9589
f 10386 5200 6620
f 10311 9346 9347
f 10386 6621 5201
f 4709 10730 9589
f 6621 10386 6620
f 10312 9397 9398
f 5200 10386 5201
f 10730 4709 4707
f 10385 5195 6615
f 10313 9344 9345
f 10385 6616 5196
f 6642 10746 6531
f 6616 10385 6615
f 10314 9437 9438
f 5195 10385 5196
f 4316 10315 4317
f 5195 10315 5194
f 10315 5195 4317
f 10315 4316 5194
f 4315 10316 4316
f 5194 10316 5193
f 10316 5194 4316
f 10316 4315 5193
f 4322 10317 4323
f 5201 10317 5200
f 10317 5201 4323
f 10317 4322 5200
f 4317 10318 4318
f 5196 10318 5195
f 10318 5196 4318
f 10318 4317 5195
f 4321 10319 4322
f 5200 10319 5199
f 10319 5200 4322
f 10319 4321 5199
f 4323 10320 4324
f 5202 10320 5201
f 10320 5202 4324
f 10320 4323 5201
f 4314 10321 4315
f 5193 10321 5192
f 10321 5193 4315
f 10321 4314 5192
f 4318 10322 4319
f 5197 10322 5196
f 10322 5197 4319
f 10322 4318 5196
f 4320 10323 4321
f 5199 10323 5198
f 10323 5199 4321
f 10323 4320 5198
f 4319 10324 4320
f 5198 10324 5197
f 10324 5198 4320
f 10324 4319 5197
f 4313 10325 4314
f 5192 10325 5191
f 10325 5192 4314
f 10325 4313 5191
f 4324 10326 4325
f 5203 10326 5202
f 10326 5203 4325
f 10326 4324 5202
f 4312 10327 4313
f 5191 10327 5190
f 10327 5191 4313
f 10327 4312 5190
f 4306 10328 4307
f 5185 10328 5184
f 10328 5185 4307
f 10328 4306 5184
f 4325 10329 4326
f 5204 10329 5203
f 10329 5204 4326
f 10329 4325 5203
f 4311 10330 4312
f 5190 10330 5189
f 10330 5190 4312
f 10330 4311 5189
f 4307 10331 4308
f 5186 10331 5185
f 10331 5186 4308
f 10331 4307 5185
f 4305 10332 4306
f 5184 10332 5183
f 10332 5184 4306
f 10332 4305 5183
f 4308 10333 4309
f 5187 10333 5186
f 10333 5187 4309
f 10333 4308 5186
f 4310 10334 4311
f 5189 10334 5188
f 10334 5189 4311
f 10334 4310 5188
f 4309 10335 4310
f 5188 10335 5187
f 10335 5188 4310
f 10335 4309 5187
f 4258 10336 4259
f 5137 10336 5136
f 10336 5137 4259
f 10336 4258 5136
f 4257 10337 4258
f 5136 10337 5135
f 10337 5136 4258
f 10337 4257 5135
f 4252 10338 4253
f 5131 10338 5130
f 10338 5131 4253
f 10338 4252 5130
f 4259 10339 4260
f 5138 10339 5137
f 10339 5138 4260
f 10339 4259 5137
f 4251 10340 4252
f 5130 10340 5129
f 10340 5130 4252
f 10340 4251 5129
f 4326 10341 4327
f 5205 10341 5204
f 10341 5205 4327
f 10341 4326 5204
f 4256 10342 4257
f 5135 10342 5134
f 10342 5135 4257
f 10342 4256 5134
f 4253 10343 4254
f 5132 10343 5131
f 10343 5132 4254
f 10343 4253 5131
f 4255 10344 4256
f 5134 10344 5133
f 10344 5134 4256
f 10344 4255 5133
f 4260 10345 4261
f 5139 10345 5138
f 10345 5139 4261
f 10345 4260 5138
f 4254 10346 4255
f 5133 10346 5132
f 10346 5133 4255
f 10346 4254 5132
f 4250 10347 4251
f 5129 10347 5128
f 10347 5129 4251
f 10347 4250 5128
f 4261 10348 4262
f 5140 10348 5139
f 10348 5140 4262
f 10348 4261 5139
f 4269 10349 4270
f 5148 10349 5147
f 10349 5148 4270
f 10349 4269 5147
f 4268 10350 4269
f 5147 10350 5146
f 10350 5147 4269
f 10350 4268 5146
f 4270 10351 4271
f 5149 10351 5148
f 10351 5149 4271
f 10351 4270 5148
f 4262 10352 4263
f 5141 10352 5140
f 10352 5141 4263
f 10352 4262 5140
f 4267 10353 4268
f 5146 10353 5145
f 10353 5146 4268
f 10353 4267 5145
f 4271 10354 4272
f 5150 10354 5149
f 10354 5150 4272
f 10354 4271 5149
f 4327 10355 4328
f 5206 10355 5205
f 10355 5206 4328
f 10355 4327 5205
f 4263 10356 4264
f 5142 10356 5141
f 10356 5142 4264
f 10356 4263 5141
f 4266 10357 4267
f 5145 10357 5144
f 10357 5145 4267
f 10357 4266 5144
f 4264 10358 4265
f 5143 10358 5142
f 10358 5143 4265
f 10358 4264 5142
f 4265 10359 4266
f 5144 10359 5143
f 10359 5144 4266
f 10359 4265 5143
f 4304 10360 4305
f 5183 10360 5182
f 10360 5183 4305
f 10360 4304 5182
f 4272 10361 4273
f 5151 10361 5150
f 10361 5151 4273
f 10361 4272 5150
f 4249 10362 4250
f 5128 10362 5127
f 10362 5128 4250
f 10362 4249 5127
f 4248 10363 4249
f 5127 10363 5126
f 10363 5127 4249
f 10363 4248 5126
f 4303 10364 4304
f 5182 10364 5181
f 10364 5182 4304
f 10364 4303 5181
f 4328 10365 4329
f 5207 10365 5206
f 10365 5207 4329
f 10365 4328 5206
f 4273 10366 4274
f 5152 10366 5151
f 10366 5152 4274
f 10366 4273 5151
f 4247 10367 4248
f 5126 10367 5125
f 10367 5126 4248
f 10367 4247 5125
f 4302 10368 4303
f 5181 10368 5180
f 10368 5181 4303
f 10368 4302 5180
f 4329 10369 4330
f 5208 10369 5207
f 10369 5208 4330
f 10369 4329 5207
f 4246 10370 4247
f 5125 10370 5124
f 10370 5125 4247
f 10370 4246 5124
f 4274 10371 4275
f 5153 10371 5152
f 10371 5153 4275
f 10371 4274 5152
f 4301 10372 4302
f 5180 10372 5179
f 10372 5180 4302
f 10372 4301 5179
f 4245 10373 4246
f 5124 10373 5123
f 10373 5124 4246
f 10373 4245 5123
f 4300 10374 4301
f 5179 10374 5178
f 10374 5179 4301
f 10374 4300 5178
f 4330 10375 4331
f 5209 10375 5208
f 10375 5209 4331
f 10375 4330 5208
f 4275 10376 4276
f 5154 10376 5153
f 10376 5154 4276
f 10376 4275 5153
f 4244 10377 4245
f 5123 10377 5122
f 10377 5123 4245
f 10377 4244 5122
f 4299 10378 4300
f 5178 10378 5177
f 10378 5178 4300
f 10378 4299 5177
f 4331 10379 4332
f 5210 10379 5209
f 10379 5210 4332
f 10379 4331 5209
f 4276 10380 4277
f 5155 10380 5154
f 10380 5155 4277
f 10380 4276 5154
f 4243 10381 4244
f 5122 10381 5121
f 10381 5122 4244
f 10381 4243 5121
f 4298 10382 4299
f 5177 10382 5176
f 10382 5177 4299
f 10382 4298 5176
f 5194 10383 5195
f 6615 10383 6614
f 10383 6615 5195
f 10383 5194 6614
f 5193 10384 5194
f 6614 10384 6613
f 10384 6614 5194
f 10384 5193 6613
f 9436 10734 10309
f 8634 10629 9368
f 10602 5218 5219
f 9369 10629 2877
f 10603 6532 2719
f 10603 8184 6530
f 8184 10603 2719
f 6532 10603 6530
f 10604 5112 5111
f 10629 9369 9368
f 5827 10684 10154
f 10629 8634 2877
f 10605 5168 5167
f 8636 10628 9370
f 8525 10684 10065
f 9371 10628 2878
f 10606 8652 2886
f 10606 9387 9386
f 9387 10606 2886
f 8652 10606 9386
f 10607 8650 2885
f 10607 9385 9384
f 9385 10607 2885
f 8650 10607 9384
f 10608 8704 2914
f 10608 9436 9435
f 9436 10608 2914
f 8704 10608 9435
f 10609 8702 2913
f 10609 9434 9433
f 9434 10609 2913
f 8702 10609 9433
f 10610 8684 2904
f 10610 9416 9415
f 9416 10610 2904
f 8684 10610 9415
f 10611 8686 2905
f 10611 9418 9417
f 9418 10611 2905
f 8686 10611 9417
f 10612 8688 2906
f 10612 9420 9419
f 9420 10612 2906
f 8688 10612 9419
f 10613 8692 2908
f 10613 9424 9423
f 9424 10613 2908
f 8692 10613 9423
f 10614 8690 2907
f 10614 9422 9421
f 9422 10614 2907
f 8690 10614 9421
f 10615 8682 2903
f 10615 9414 9413
f 9414 10615 2903
f 8682 10615 9413
f 10616 8700 2912
f 10616 9432 9431
f 9432 10616 2912
f 8700 10616 9431
f 10617 8680 2902
f 10617 9412 9411
f 9412 10617 2902
f 8680 10617 9411
f 10618 8676 2900
f 10618 9408 9407
f 9408 10618 2900
f 8676 10618 9407
f 10619 8678 2901
f 10619 9410 9409
f 9410 10619 2901
f 8678 10619 9409
f 10620 8694 2909
f 10620 9426 9425
f 9426 10620 2909
f 8694 10620 9425
f 10621 8674 2899
f 10621 9406 9405
f 9406 10621 2899
f 8674 10621 9405
f 10622 8672 2898
f 10622 9404 9403
f 9404 10622 2898
f 8672 10622 9403
f 10623 8696 2910
f 10623 9428 9427
f 9428 10623 2910
f 8696 10623 9427
f 10624 8698 2911
f 10624 9430 9429
f 9430 10624 2911
f 8698 10624 9429
f 10625 8670 2897
f 10625 9402 9401
f 9402 10625 2897
f 8670 10625 9401
f 10626 8648 2884
f 10626 9383 9382
f 9383 10626 2884
f 8648 10626 9382
f 10627 8668 2896
f 10627 9400 9399
f 9400 10627 2896
f 8668 10627 9399
f 10628 8636 2878
f 10628 9371 9370
f 10666 5167 4289
f 5167 10666 5166
f 4288 10666 4289
f 10665 2780 10043
f 10734 7734 10309
f 7734 10734 7735
f 4722 10735 4723
f 9257 10735 9259
f 10665 3382 10033
f 3382 10665 10043
f 2780 10665 10033
f 10664 4711 9658
f 7636 10658 9341
f 9248 10664 9658
f 10658 9340 9341
f 4711 10664 4713
f 10750 9389 10266
f 10663 3438 10254
f 10659 9393 9394
f 10663 8571 10156
f 10660 5164 5163
f 10660 6586 6587
f 6586 10660 5163
f 5164 10660 6587
f 4232 10661 4233
f 5111 10661 5110
f 10661 5111 4233
f 10661 4232 5110
f 8571 10663 10254
f 3438 10663 10156
f 10662 3327 9666
f 10662 8577 3324
f 3327 10662 3324
f 8577 10662 9666
f 10735 9257 4723
f 10673 5217 10602
f 10735 4722 9259
f 4339 10673 10602
f 10734 9436 10314
f 7735 10734 10314
f 7693 10733 10486
f 7685 10750 10266
f 10733 9394 10486
f 10733 7693 7692
f 10732 6640 5220
f 5219 10732 5220
f 10731 9387 10271
f 7683 10731 10271
f 9245 10730 9652
f 10730 4707 9652
f 7637 10729 10477
f 9341 10729 7636
f 10729 9341 10477
f 10729 7637 7636
f 10728 9345 10311
f 7641 10728 10311
f 10727 9398 10310
f 7697 10727 10310
f 10726 9347 10308
f 7643 10726 10308
f 10725 9349 10302
f 7645 10725 10302
f 10724 9365 10294
f 7661 10724 10294
f 10723 9363 10299
f 7659 10723 10299
f 10722 9355 10307
f 7651 10722 10307
f 10721 9357 10298
f 7653 10721 10298
f 10720 9375 10305
f 7671 10720 10305
f 10719 9351 10297
f 7647 10719 10297
f 10718 9367 10292
f 7663 10718 10292
f 10717 9377 10301
f 7673 10717 10301
f 10716 9379 10303
f 7675 10716 10303
f 10715 9353 10306
f 7649 10715 10306
f 10714 9361 10300
f 7657 10714 10300
f 10713 9373 10304
f 7669 10713 10304
f 10712 9359 10296
f 7655 10712 10296
f 10711 9369 10291
f 7665 10711 10291
f 10710 9371 10295
f 7667 10710 10295
f 10709 9381 10293
f 7677 10709 10293
f 10708 9383 10273
f 7679 10708 10273
f 10707 9400 10290
f 7699 10707 10290
f 10706 9434 10309
f 7733 10706 10309
f 10705 9402 10287
f 7701 10705 10287
f 10704 9430 10288
f 7729 10704 10288
f 10703 9428 10289
f 7727 10703 10289
f 10702 9404 10284
f 7703 10702 10284
f 10701 9426 10285
f 7725 10701 10285
f 10700 9432 10286
f 7731 10700 10286
f 10699 9406 10282
f 7705 10699 10282
f 10698 9408 10283
f 7707 10698 10283
f 10697 9410 10281
f 7709 10697 10281
f 10696 9424 10280
f 7723 10696 10280
f 10695 9412 10279
f 7711 10695 10279
f 10694 9422 10277
f 7721 10694 10277
f 10693 9420 10278
f 7719 10693 10278
f 10692 9414 10275
f 7713 10692 10275
f 10691 9418 10276
f 7717 10691 10276
f 10746 6642 5167
f 10746 5166 6531
f 5776 10749 10067
f 8474 10749 10066
f 10749 8474 10067
f 10749 5776 10066
f 10684 8525 10154
f 10684 5827 10065
f 5111 10683 10604
f 6534 10683 6533
f 10681 4715 9659
f 10683 6534 10604
f 9251 10681 9659
f 10683 5111 6533
f 10682 5167 6642
f 10682 6588 10605
f 6588 10682 6642
f 5167 10682 10605
f 10690 9416 10274
f 7715 10690 10274
f 10689 9385 10272
f 7681 10689 10272
f 10688 4340 10602
f 10688 5219 4341
f 5219 10688 10602
f 4340 10688 4341
f 7695 10736 10312
f 8526 10738 10154
f 10736 9396 10312
f 5828 10738 10153
f 7639 10737 10313
f 10737 9343 10313
f 10742 3380 9987
f 10742 2778 9942
f 10741 3436 10252
f 10741 8569 10232
f 8569 10741 10252
f 3436 10741 10232
f 10745 9438 10269
f 7737 10745 10269
f 10744 5220 5221
f 4342 10744 5221
f 5221 10747 5109
f 6532 10747 10567
f 10747 6532 5109
f 10747 5221 10567
f 10748 5829 10153
f 10748 8527 10152
f 8527 10748 10153
f 5829 10748 10152
f 10772 10983 11296
f 10893 10772 11296
f 282 280 10908
f 10990 10813 11091
f 10884 10781 11041
f 10882 10780 11126
f 10944 10764 11016
f 282 10908 10982
f 10876 10777 11030
f 10777 10876 11031
f 10891 10794 10959
f 10898 10803 11136
f 10847 10894 11002
f 296 294 10899
f 10815 10884 11041
f 10932 10821 10946
f 10980 10781 11122
f 11016 10764 11075
f 10764 10944 11285
f 265 263 10907
f 10814 10882 11082
f 10794 10891 10954
f 10905 10808 11171
f 10885 10785 11067
f 10908 10788 11186
f 363 361 10902
f 278 10945 11070
f 10993 10807 11207
f 10820 10885 11067
f 10903 10993 11207
f 10780 10882 11053
f 10883 10816 11087
f 10911 10769 11004
f 265 10907 10986
f 11248 10764 11285
f 10972 10809 10999
f 10906 10795 10942
f 10884 10815 11093
f 10811 11030 11084
f 10849 10972 10999
f 10882 10814 11053
f 10864 10990 11091
f 11031 10812 11090
f 10785 10885 11159
f 11190 10806 11265
f 10949 10765 11294
f 10887 10763 11134
f 10781 10980 11179
f 10894 10847 11145
f 10770 10896 10992
f 10781 10884 11122
f 10907 10789 11193
f 10777 10886 11030
f 10758 10901 10977
f 278 276 10945
f 10825 10937 10948
f 10890 10818 11063
f 10783 10890 11063
f 10976 10868 11111
f 254 10885 11027
f 10816 10883 11062
f 10896 10807 10992
f 11146 10994 11251
f 10818 10890 11096
f 10851 10910 11131
f 10912 10766 11176
f 10765 11258 11294
f 10834 10915 11088
f 10802 10896 10987
f 10803 10898 11230
f 10814 10899 10967
f 10914 10844 10998
f 10988 10806 11190
f 11030 10886 11084
f 10807 10896 11006
f 10887 11031 11090
f 10890 10783 11156
f 10896 10770 10987
f 10885 10820 11027
f 10808 10969 11171
f 10868 10976 11245
f 11117 10879 11201
f 11044 10912 11176
f 10779 10994 11146
f 10885 254 11249
f 10906 10805 11275
f 30 10909 11064
f 10896 10802 10989
f 10908 280 11070
f 10925 10800 11003
f 10902 10816 10971
f 10982 10908 11186
f 10769 10911 11242
f 10819 10888 11078
f 10765 10949 11037
f 10888 10784 11078
f 10919 10867 11110
f 10809 10893 11253
f 10778 11143 11202
f 10950 11117 11188
f 10917 10822 11028
f 10888 10819 11032
f 10784 10888 11129
f 10763 10887 11090
f 10755 10978 11042
f 10805 10906 11225
f 10833 10938 11004
f 10886 10777 11088
f 10957 11116 11195
f 10772 10893 11081
f 11115 10958 11196
f 10993 10903 11131
f 10901 10758 11168
f 10803 10962 11136
f 11057 10810 11083
f 10894 10831 11002
f 11131 10910 11288
f 10776 10976 11111
f 10975 10862 11108
f 10760 10924 11038
f 10986 10907 11193
f 10803 10924 11001
f 10804 10925 11000
f 10987 10952 11256
f 10796 10932 10946
f 10960 10810 11057
f 10879 11043 11201
f 10770 10952 10987
f 10788 10917 11028
f 10895 10787 11066
f 10835 10984 10992
f 10805 10936 11275
f 10939 10766 10991
f 10973 10778 11202
f 10808 10905 11265
f 10984 10770 10992
f 10765 11037 11099
f 10893 10809 11081
f 11088 10915 11191
f 10953 10798 11011
f 10925 10804 11229
f 10924 10803 11230
f 11114 10800 11229
f 11113 10799 11230
f 10835 10992 10993
f 10905 11190 11265
f 10800 10955 11003
f 10831 10894 11252
f 304 302 10927
f 10819 10939 10991
f 11004 10769 11142
f 355 353 10926
f 10810 10956 10964
f 10907 263 11060
f 11110 10867 11189
f 10950 10793 11117
f 10992 10807 10993
f 284 282 10982
f 10790 10951 11052
f 10899 10814 11021
f 11061 10891 11098
f 10777 11031 11150
f 10900 11248 11285
f 10929 10849 11102
f 11116 10856 11195
f 10857 11115 11196
f 10849 10929 10972
f 11046 10842 11095
f 10898 340 11113
f 10923 10848 11125
f 10937 10797 10948
f 10829 11061 11098
f 10897 317 11114
f 10946 10821 11069
f 10871 10950 10958
f 10951 10870 10957
f 10956 10813 10964
f 10929 10768 10972
f 10789 10929 11102
f 10816 10902 11025
f 11046 11095 11261
f 10827 10945 10991
f 370 368 10934
f 10899 294 11022
f 10827 10908 11070
f 10798 10914 11235
f 11258 10904 11294
f 10945 10819 10991
f 10913 10852 11168
f 340 10898 11136
f 14 10940 11249
f 10786 10923 11125
f 10972 10768 11050
f 10978 10841 11042
f 11160 10901 11234
f 296 10899 11021
f 10878 11115 11185
f 10981 10853 11056
f 10763 10935 11134
f 10945 10827 11070
f 10927 10882 11126
f 10938 10801 11004
f 10985 10754 11128
f 10900 10814 11248
f 11116 10877 11183
f 10902 361 11025
f 363 10902 11026
f 11031 10887 11150
f 10825 10948 11071
f 11229 10804 11281
f 11052 10951 11192
f 10787 10895 11104
f 10957 10792 11116
f 10791 10958 11115
f 10757 10993 11131
f 10754 10985 11005
f 10947 10820 10995
f 10830 10947 10995
f 10774 10975 11108
f 10985 10834 11005
f 10862 10975 11220
f 10954 10847 11109
f 10989 11160 11222
f 11107 10875 11109
f 10968 10800 11114
f 10830 10907 11060
f 10970 10799 11113
f 317 10897 11177
f 10875 10987 11256
f 267 265 10986
f 10965 10803 11001
f 10966 10804 11000
f 252 14 11249
f 11011 10798 11235
f 10956 10810 11018
f 11117 10855 11188
f 10879 10985 11128
f 10826 10981 11056
f 10909 30 11123
f 10869 10963 11205
f 10941 10808 11265
f 10863 11160 11234
f 11112 10768 11139
f 10816 10904 11258
f 10988 10873 11251
f 301 11082 11213
f 11087 356 11210
f 10789 10907 11100
f 345 343 10962
f 10814 10900 11053
f 10772 11081 11145
f 10907 10830 11100
f 11129 10961 11276
f 10801 10911 11004
f 10795 10906 11035
f 338 336 10970
f 314 312 10968
f 10788 10908 11097
f 10881 11102 11130
f 10801 10938 11164
f 10808 10941 11054
f 10848 10923 11018
f 10760 10951 10957
f 10950 10759 10958
f 10977 10901 11160
f 11050 10768 11112
f 10854 10980 11122
f 10908 10827 11097
f 10873 10988 11170
f 10904 10816 11062
f 10914 11094 11235
f 10938 10833 11092
f 10924 10760 11001
f 10925 10759 11000
f 11034 10838 11048
f 367 11096 11224
f 10865 10976 11101
f 25 11036 11098
f 11028 10822 11079
f 10847 11002 11107
f 10934 10890 11156
f 11082 10882 11213
f 10811 10909 11123
f 10923 10767 11018
f 10859 10961 11129
f 10759 10925 11003
f 10905 11171 11190
f 10883 11087 11210
f 10885 10940 11159
f 11171 383 11190
f 10912 10795 11076
f 10873 11146 11251
f 10976 10776 11101
f 27 30 11064
f 10892 11112 11139
f 10844 10975 11043
f 10919 10823 11243
f 10844 10914 11167
f 11081 10894 11145
f 10764 11045 11075
f 11045 10880 11075
f 10760 11038 11192
f 10847 10954 11145
f 10823 10919 11110
f 11247 10906 11275
f 10909 10811 11157
f 10910 10851 11178
f 10914 10998 11200
f 10975 10774 11043
f 289 286 11010
f 328 326 10953
f 10795 10912 11044
f 10802 10977 11160
f 10913 11168 11237
f 23 25 11098
f 10927 302 11213
f 10941 10806 11051
f 10989 10802 11160
f 10897 11114 11229
f 10898 11113 11230
f 10852 10913 11163
f 11096 10890 11224
f 10923 10786 11255
f 11010 286 11152
f 10963 10869 11151
f 10819 10945 11184
f 10786 10909 11157
f 11059 10817 11269
f 10973 10808 11054
f 355 10926 11210
f 10914 10798 11167
f 10824 10927 11126
f 10928 11059 11269
f 11035 10906 11247
f 328 10953 11011
f 10896 10989 11006
f 11018 10810 11211
f 10980 10858 11179
f 10911 10853 11242
f 11048 10878 11185
f 10938 11047 11164
f 10924 10799 11038
f 10872 10969 11202
f 10999 10809 11253
f 10909 10786 11125
f 10853 10911 11272
f 11094 10914 11200
f 11032 273 11239
f 10776 11094 11200
f 10820 10947 11197
f 10753 10946 11069
f 10877 11049 11183
f 10996 10838 11034
f 10918 10812 11066
f 10766 10912 11124
f 10943 10754 11005
f 11102 10849 11130
f 10858 11028 11079
f 11244 10824 11268
f 10794 10954 11109
f 321 319 10963
f 11160 10863 11222
f 270 269 11012
f 10916 10786 11157
f 11048 10838 11141
f 10997 10839 11033
f 10836 10943 11005
f 10839 11049 11147
f 10852 11077 11086
f 11103 10796 11155
f 11021 10814 11082
f 10796 11016 11155
f 10948 10752 11071
f 10787 10931 11279
f 10847 11107 11109
f 10915 10834 11169
f 10977 10875 11107
f 10942 10756 11007
f 10927 10824 11055
f 10761 10941 11051
f 10822 10917 11124
f 10832 11238 11293
f 10911 10801 11119
f 10812 10918 11090
f 10963 10804 11205
f 10837 10921 11198
f 11012 269 11144
f 387 385 10969
f 10787 10918 11066
f 10816 11025 11087
f 10919 349 11138
f 10881 10961 11102
f 10799 10924 11230
f 10800 10925 11229
f 10796 10944 11016
f 308 10920 11140
f 10882 10927 11213
f 10828 10934 11156
f 10762 10916 11084
f 10766 10917 11206
f 10844 11043 11128
f 10921 10837 11161
f 10955 10857 11003
f 11043 10879 11128
f 10835 10993 11029
f 10878 11048 11141
f 10918 10763 11090
f 10771 10964 11072
f 338 10970 11113
f 10934 368 11224
f 11049 10877 11147
f 314 10968 11114
f 11266 10828 11284
f 10917 10766 11124
f 11068 10765 11099
f 10786 10916 11219
f 10815 11022 11093
f 10867 10919 11138
f 10895 11092 11104
f 10933 391 11175
f 10926 353 11058
f 10858 10980 11028
f 10962 343 11136
f 304 10927 11055
f 10993 10757 11029
f 11260 10826 11288
f 11026 10818 11096
f 10855 10966 11000
f 10856 10965 11001
f 10784 11129 11276
f 10934 10828 11073
f 11033 10839 11089
f 275 273 11032
f 10889 11068 11099
f 10843 11014 11085
f 10932 10767 11106
f 10944 10796 11105
f 11017 10895 11066
f 10969 10808 11202
f 10811 11084 11157
f 370 10934 11073
f 10806 10994 11051
f 11207 11006 11274
f 11092 10833 11104
f 10917 10788 11097
f 10841 10978 11076
f 10863 10973 11054
f 10935 10763 11231
f 349 10919 11243
f 10767 10923 11106
f 10833 10931 11104
f 10918 10787 11232
f 10920 308 11244
f 10890 10934 11224
f 10768 10929 11182
f 10811 11008 11030
f 11015 10845 11089
f 381 378 10988
f 11009 10812 11031
f 10916 10762 11153
f 10950 10871 11212
f 19 10938 11214
f 11032 10819 11184
f 10954 10891 11061
f 375 10930 11154
f 330 328 11011
f 10813 10956 11091
f 10949 10797 11037
f 10940 10832 11159
f 10793 10950 11212
f 11062 10883 11148
f 10767 10956 11018
f 10940 14 11080
f 10980 10788 11028
f 10843 10944 11105
f 10763 10918 11158
f 10853 11029 11056
f 10767 10932 11241
f 10797 10937 11287
f 10964 10771 11083
f 10947 10830 11283
f 10941 10761 11054
f 10852 11020 11077
f 10821 10932 11106
f 10931 10787 11104
f 10814 10967 11248
f 10855 11117 11201
f 11084 10916 11157
f 10888 11032 11239
f 11027 10820 11197
f 10929 10789 11100
f 10901 11086 11234
f 10937 10769 11074
f 10990 10755 11042
f 11005 10834 11024
f 10836 11005 11024
f 10812 11009 11017
f 10922 11162 11204
f 11162 10840 11204
f 10930 375 11266
f 10920 11244 11268
f 10797 10949 11120
f 10775 11034 11048
f 10756 10942 11046
f 10782 11062 11148
f 10960 5 11292
f 256 254 11027
f 11238 10933 11293
f 10953 326 11180
f 10931 10833 11142
f 10989 10761 11006
f 10806 10941 11265
f 10874 11207 11274
f 11118 10866 11140
f 10832 10940 11080
f 10954 10772 11145
f 11143 10872 11202
f 10949 10845 11120
f 10860 11057 11083
f 10938 19 11047
f 10940 10885 11249
f 10971 10816 11258
f 10920 11118 11140
f 10936 10805 11135
f 391 10933 11238
f 5 10960 11057
f 10984 10801 11164
f 10769 10937 11132
f 11029 10757 11056
f 11034 10775 11118
f 10839 10997 11049
f 10939 10819 11078
f 10932 10796 11103
f 19 22 11218
f 10843 11085 11133
f 10826 11056 11288
f 10865 11052 11192
f 10842 10939 11267
f 10786 11013 11255
f 10930 11266 11284
f 10931 10769 11132
f 10871 10958 11263
f 10957 10870 11264
f 10797 10981 11037
f 11023 10851 11065
f 10832 11080 11238
f 10964 10813 11072
f 11002 10758 11107
f 10937 10825 11132
f 11055 10824 11244
f 2 11008 11123
f 10862 10953 11180
f 10969 10872 11199
f 10997 10773 11049
f 30 2 11123
f 10944 10843 11285
f 11047 19 11218
f 11115 10857 11185
f 10823 11058 11243
f 254 252 11249
f 10853 10981 11074
f 10822 10978 11079
f 10799 10976 11038
f 10856 11116 11183
f 10870 10951 11250
f 11089 10845 11137
f 10806 10988 11251
f 10766 10939 11176
f 10764 10967 11045
f 10768 10995 11139
f 10906 10942 11225
f 11041 10880 11045
f 10951 10790 11250
f 10815 11041 11045
f 10769 10931 11142
f 10857 10955 11185
f 10772 10954 11061
f 10939 10842 11176
f 10976 10865 11038
f 11073 10828 11266
f 10998 10850 11200
f 11019 10787 11279
f 10974 10762 11187
f 10997 10823 11110
f 11134 10935 11173
f 10836 11134 11173
f 340 338 11113
f 10846 10952 11121
f 11146 10873 11154
f 317 314 11114
f 10854 11010 11152
f 10930 11146 11154
f 10996 10824 11126
f 10845 10949 11294
f 10829 10983 11061
f 10955 10775 11185
f 11034 11118 11268
f 10942 10795 11254
f 10800 10968 11194
f 10943 10836 11173
f 10983 10772 11061
f 10809 10972 11050
f 10807 11006 11207
f 11069 10921 11257
f 10952 10770 11121
f 25 5 11290
f 10813 10990 11042
f 10753 11069 11257
f 10968 10866 11194
f 10981 10826 11037
f 11168 10758 11237
f 343 340 11136
f 11065 10851 11127
f 10922 11071 11259
f 10859 11012 11144
f 5 27 11292
f 10971 10765 11068
f 11071 10752 11259
f 10871 10974 11187
f 10796 10946 11105
f 10965 10856 11183
f 10790 10943 11173
f 258 10947 11283
f 10958 10791 11263
f 321 10963 11151
f 10792 10957 11264
f 10810 10964 11083
f 11077 10778 11086
f 334 332 11039
f 325 323 11040
f 10771 11247 11275
f 10872 11143 11175
f 10858 11174 11179
f 11063 10818 11068
f 11143 10933 11175
f 10959 10794 11203
f 11065 10779 11146
f 298 296 11021
f 10754 10943 11165
f 10956 10767 11091
f 11174 10928 11179
f 10943 10790 11221
f 10777 11024 11088
f 10773 10965 11183
f 294 293 11022
f 10946 10753 11208
f 5 11057 11290
f 361 358 11025
f 11058 10823 11273
f 11008 10876 11030
f 10876 11009 11031
f 10830 11060 11283
f 10889 11063 11068
f 11086 10901 11168
f 10994 10874 11051
f 10852 11086 11168
f 365 363 11026
f 10947 258 11197
f 10978 10755 11079
f 10798 10953 11220
f 10823 10997 11033
f 10824 10996 11034
f 10926 11058 11273
f 11039 10861 11111
f 10789 10961 11193
f 10945 276 11184
f 11033 10782 11148
f 334 11039 11149
f 11050 10831 11252
f 10755 10990 11059
f 10961 10859 11193
f 10752 10948 11215
f 10966 10855 11201
f 10953 10862 11220
f 10884 11010 11122
f 10991 10766 11206
f 10948 10797 11120
f 10874 10994 11216
f 11121 10984 11164
f 10961 10789 11102
f 10994 10779 11216
f 10962 10803 11240
f 11059 10928 11174
f 10868 11039 11111
f 11065 11146 11284
f 10862 11040 11108
f 10961 10881 11276
f 10959 22 11209
f 11040 10869 11108
f 10804 10963 11281
f 11023 10828 11156
f 11008 10811 11123
f 10867 10962 11240
f 10848 10960 11292
f 10774 10966 11201
f 10775 10955 11277
f 11053 10900 11133
f 10778 11077 11143
f 10952 10846 11203
f 10938 11092 11214
f 10915 11169 11212
f 10805 10983 11135
f 10780 11053 11133
f 10795 11035 11076
f 11040 323 11151
f 391 389 11175
f 10771 11072 11247
f 10802 10987 11286
f 11169 10793 11212
f 10838 10996 11085
f 302 301 11213
f 10897 11229 11281
f 10910 11260 11288
f 10903 11127 11131
f 11062 10782 11137
f 11127 10851 11131
f 11029 10853 11272
f 10888 11012 11129
f 10904 11062 11137
f 10799 10970 11245
f 10763 10979 11231
f 14 392 11080
f 356 355 11210
f 10967 10764 11248
f 11017 11009 11278
f 10832 11020 11159
f 10995 10768 11182
f 10959 10846 11218
f 10970 10868 11245
f 10996 10780 11085
f 22 10959 11218
f 11038 10865 11192
f 10962 10867 11166
f 10782 11033 11089
f 11039 10868 11149
f 11076 10978 11233
f 10813 11042 11072
f 10988 378 11170
f 11237 10831 11270
f 353 351 11058
f 10886 11088 11191
f 311 308 11140
f 349 347 11138
f 263 260 11060
f 10758 10977 11107
f 284 10982 11152
f 307 304 11055
f 10984 10835 11119
f 10846 10959 11203
f 10762 11084 11191
f 10963 319 11177
f 10891 10959 11209
f 368 367 11224
f 387 10969 11199
f 10966 10774 11282
f 10759 10950 11188
f 10951 10760 11192
f 11002 10831 11237
f 10979 10870 11231
f 10955 10800 11194
f 10801 10984 11119
f 11036 10829 11098
f 10869 11040 11151
f 345 10962 11166
f 10812 11017 11066
f 11143 11077 11293
f 10967 10899 11289
f 10960 10848 11211
f 280 278 11070
f 10868 10970 11149
f 10974 10837 11153
f 10973 10863 11234
f 10765 10971 11258
f 10803 10965 11240
f 10828 11023 11065
f 10760 10957 11195
f 10958 10759 11196
f 372 370 11073
f 293 291 11093
f 10778 10973 11234
f 10817 11016 11075
f 10850 11052 11101
f 10762 10974 11153
f 267 10986 11144
f 10863 11054 11222
f 10975 10844 11167
f 11083 10771 11223
f 10981 10797 11287
f 10969 385 11171
f 10965 10773 11189
f 11203 10794 11256
f 10840 10979 11158
f 10810 10960 11211
f 10979 10763 11158
f 10866 10968 11172
f 10952 11203 11256
f 11093 291 11217
f 10770 10984 11121
f 376 375 11154
f 10902 10971 11295
f 11084 10886 11191
f 358 356 11087
f 10979 10840 11162
f 11052 10865 11101
f 10970 336 11149
f 10875 10977 11286
f 10983 10829 11135
f 367 365 11096
f 10982 10854 11152
f 11020 10832 11077
f 301 298 11082
f 10788 10980 11186
f 10977 10802 11286
f 3 19 11214
f 11095 10881 11261
f 10837 10974 11161
f 10968 312 11172
f 319 317 11177
f 11008 2 11228
f 11033 11148 11273
f 15 11009 11228
f 11035 10841 11076
f 11017 17 11291
f 11022 10815 11289
f 10980 10854 11186
f 10986 10859 11144
f 10834 10985 11169
f 10804 10966 11205
f 10756 10999 11253
f 385 383 11171
f 10798 10975 11167
f 10854 10982 11186
f 11013 10786 11219
f 10836 11024 11150
f 10899 11022 11289
f 11007 10756 11253
f 10838 11014 11141
f 10999 10756 11130
f 383 381 11190
f 10808 10973 11202
f 11015 10839 11147
f 11014 10838 11085
f 10860 11223 11271
f 10921 11161 11227
f 10849 10999 11130
f 10983 10805 11296
f 10818 11026 11295
f 11173 10935 11250
f 10821 11013 11198
f 10773 11110 11189
f 10839 11015 11089
f 10884 11093 11217
f 11026 10902 11295
f 11148 10883 11210
f 10773 10997 11110
f 10833 11004 11142
f 351 349 11243
f 10926 11148 11210
f 10790 11173 11250
f 10876 11008 11228
f 10859 10986 11193
f 11009 10876 11228
f 10998 10844 11128
f 11022 293 11093
f 10895 11017 11291
f 10805 11007 11296
f 10757 11131 11288
f 11042 10841 11072
f 10787 11019 11232
f 308 307 11244
f 10754 10998 11128
f 298 11021 11082
f 10892 11067 11236
f 286 284 11152
f 11024 10834 11088
f 10780 10996 11126
f 11067 10785 11236
f 381 10988 11190
f 10995 10820 11139
f 11025 358 11087
f 11161 10791 11227
f 10987 10875 11286
f 11007 10893 11296
f 11019 10825 11204
f 10779 11065 11127
f 10976 10799 11245
f 11044 10842 11254
f 10975 10798 11220
f 10842 11046 11254
f 375 372 11266
f 260 258 11283
f 10978 10822 11233
f 11063 10889 11246
f 365 11026 11096
f 10853 11074 11242
f 10974 10871 11263
f 10815 11045 11289
f 11010 10854 11122
f 10870 10979 11264
f 22 23 11209
f 10998 10754 11165
f 10903 11207 11216
f 10783 11063 11246
f 10755 11059 11174
f 10761 10989 11222
f 269 267 11144
f 11223 10936 11271
f 10990 10864 11280
f 11037 10826 11099
f 10985 10879 11297
f 10827 10991 11206
f 11095 10842 11267
f 11014 10843 11208
f 11045 10967 11289
f 10830 10995 11182
f 11162 10922 11226
f 11012 10859 11129
f 11011 10861 11181
f 10850 10998 11165
f 11068 10818 11295
f 312 311 11172
f 10792 11162 11226
f 11069 10821 11198
f 11014 10753 11141
f 10861 11011 11235
f 10994 10806 11251
f 10845 11015 11215
f 347 345 11166
f 10752 11015 11147
f 11007 10805 11225
f 389 387 11199
f 10855 11000 11188
f 336 334 11149
f 11000 10759 11188
f 10831 11050 11112
f 10822 11124 11233
f 10942 11007 11225
f 10921 11069 11198
f 10880 11041 11262
f 330 11011 11181
f 10761 11051 11274
f 392 391 11238
f 11134 10836 11150
f 10971 11068 11295
f 10913 11237 11270
f 10825 11071 11204
f 323 321 11151
f 11041 10781 11262
f 10979 11162 11264
f 11124 10912 11233
f 10856 11001 11195
f 11071 10922 11204
f 11001 10760 11195
f 378 376 11170
f 10829 11036 11271
f 11024 10777 11150
f 10861 11039 11181
f 11040 10862 11180
f 11016 10817 11155
f 258 256 11197
f 11003 10857 11196
f 10759 11003 11196
f 11020 10852 11163
f 10783 11023 11156
f 11020 10785 11159
f 10785 11020 11163
f 11064 10848 11292
f 11187 10762 11191
f 11039 332 11181
f 325 11040 11180
f 276 275 11184
f 10851 11023 11178
f 11012 10888 11239
f 11162 10792 11264
f 10758 11002 11237
f 11046 10942 11254
f 326 325 11180
f 332 330 11181
f 10753 11014 11208
f 270 11012 11239
f 23 11098 11209
f 10841 11035 11247
f 11009 15 11278
f 10915 11187 11191
f 11015 10752 11215
f 11023 10783 11178
f 11064 10909 11125
f 11010 10884 11217
f 11098 10891 11209
f 10848 11064 11125
f 10848 11018 11211
f 11085 10780 11133
f 11013 10837 11198
f 291 289 11217
f 10790 11052 11221
f 11207 10874 11216
f 11036 10860 11271
f 10782 11089 11137
f 11161 10974 11263
f 10842 11044 11176
f 10837 11013 11219
f 10893 11007 11253
f 289 11010 11217
f 11006 10761 11274
f 11067 10892 11139
f 10793 11169 11297
f 17 11017 11278
f 10840 11019 11204
f 11094 10776 11111
f 10917 11097 11206
f 273 270 11239
f 10861 11094 11111
f 10835 11029 11272
f 10820 11067 11139
f 2 15 11228
f 256 11027 11197
f 275 11032 11184
f 10791 11161 11263
f 11013 10821 11255
f 11019 10840 11232
f 11101 10776 11200
f 11097 10827 11206
f 11047 10846 11164
f 10858 11079 11174
f 10846 11047 11218
f 11072 10841 11247
f 10864 11103 11155
f 10817 11059 11280
f 10846 11121 11164
f 10843 11105 11208
f 15 17 11278
f 11127 10903 11216
f 17 3 11291
f 11054 10761 11222
f 11135 10829 11271
f 10860 11036 11290
f 11099 10826 11260
f 10825 11019 11279
f 11169 10985 11297
f 11049 10773 11183
f 10775 11048 11185
f 11079 10755 11174
f 11105 10946 11208
f 11262 10928 11269
f 11043 10774 11201
f 11120 10845 11215
f 10887 11134 11150
f 10929 11100 11182
f 3 11092 11291
f 11100 10830 11182
f 11059 10990 11280
f 10889 11099 11260
f 10948 11120 11215
f 11052 10850 11221
f 10831 11112 11270
f 10817 11075 11269
f 11036 25 11290
f 10932 11103 11241
f 10864 11091 11241
f 11153 10837 11219
f 11051 10874 11274
f 11119 10835 11272
f 10824 11034 11268
f 11138 347 11166
f 10795 11044 11254
f 11058 351 11243
f 10894 11081 11252
f 10809 11050 11252
f 10823 11033 11273
f 311 11140 11172
f 11081 10809 11252
f 10840 11158 11232
f 11092 10895 11291
f 10912 11076 11233
f 11103 10864 11241
f 11075 10880 11269
f 307 11055 11244
f 10756 11046 11261
f 10916 11153 11219
f 11175 389 11199
f 10866 11118 11277
f 10880 11262 11269
f 11112 10892 11270
f 11108 10869 11282
f 10965 11189 11240
f 11074 10769 11242
f 11158 10918 11232
f 10867 11138 11166
f 376 11154 11170
f 11092 3 11214
f 10936 11223 11275
f 11223 10771 11275
f 11155 10817 11280
f 10850 11101 11200
f 27 11064 11292
f 11078 10784 11267
f 11140 10866 11172
f 11154 10873 11170
f 11060 260 11283
f 11080 392 11238
f 11057 10860 11290
f 372 11073 11266
f 10828 11065 11284
f 10881 11095 11276
f 10939 11078 11267
f 11095 10784 11276
f 11091 10767 11241
f 11086 10778 11234
f 11056 10757 11288
f 11194 10866 11277
f 10935 11231 11250
f 10937 11074 11287
f 10784 11095 11267
f 11074 10981 11287
f 10791 11115 11227
f 11116 10792 11226
f 11094 10861 11235
f 11231 10870 11250
f 10860 11083 11223
f 10843 11133 11285
f 11077 10832 11293
f 11115 10878 11227
f 10877 11116 11226
f 11106 10923 11255
f 10779 11127 11216
f 10794 11109 11256
f 11133 10900 11285
f 10869 11205 11282
f 10872 11175 11199
f 11187 10915 11212
f 11137 10845 11294
f 10821 11106 11255
f 11179 10928 11262
f 11118 10920 11268
f 11109 10875 11256
f 10878 11141 11257
f 10910 11178 11246
f 11147 10877 11259
f 11130 10756 11261
f 10904 11137 11294
f 11165 10943 11221
f 10881 11130 11261
f 11178 10783 11246
f 10774 11108 11282
f 10911 11119 11272
f 10850 11165 11221
f 11163 10913 11236
f 11118 10775 11277
f 11236 10913 11270
f 10785 11163 11236
f 10892 11236 11270
f 10931 11132 11279
f 10871 11187 11212
f 11141 10753 11257
f 10752 11147 11259
f 10936 11135 11271
f 11132 10825 11279
f 11246 10889 11260
f 10879 11117 11297
f 10910 11246 11260
f 10877 11226 11259
f 11227 10878 11257
f 11117 10793 11297
f 11146 10930 11284
f 10933 11143 11293
f 10963 11177 11281
f 11189 10867 11240
f 10864 11155 11280
f 11148 10926 11273
f 10921 11227 11257
f 11226 10922 11259
f 10781 11179 11262
f 11177 10897 11281
f 10955 11194 11277
f 11205 10966 11282