input params: 
Namespace(logdir='./new_log/CAD_CG_2025', model_name='model', seed=3627473, data_path='../../../ABC/00025799_98c07dd30f214de6b126b65d_trimesh_001.ply', mesh_dir='/home/runqiao/rotate_input/gt', n_samples=10000, n_points=10000, grid_res=128, nonmnfld_sample_type='gaussian', num_epochs=1, lr=5e-05, grad_clip_norm=10.0, batch_size=1, load_path=None, init_type='siren', decoder_hidden_dim=256, decoder_n_hidden_layers=4, latent_size=0, nl='sine', sphere_init_params=[1.6, 0.1], udf=False, output_any=True, loss_type='siren_wo_n_w_morse', decay_params=[10.0, 0.2, 10.0, 0.5, 0.1, 0.1], morse_type='l1', morse_decay='linear', loss_weights=[7000.0, 600.0, 100.0, 50.0, 0.0, 3.0], bidirectional_morse=False, morse_near=True, weight_for_morse=False, use_morse_nonmnfld_grad=False, use_relax_eikonal=False)
Number of parameters in the current model:264449
Weights: [7000.0, 600.0, 0, 50.0, 0.0, 3.0], lr=5.000e-05
Epoch: 0 [   0/10000 (0%)] Loss: 679.84100 = L_Mnfld: 624.91104 + L_NonMnfld: 0.46025 + L_Nrml: 0.00000 + L_Eknl: 34.72922 + L_Div: 0.00000 + L_Morse: 19.74047
Epoch: 0 [   0/10000 (0%)] Unweighted L_s : L_Mnfld: 0.08927,  L_NonMnfld: 0.00077,  L_Nrml: 0.00000,  L_Eknl: 0.69458, L_Morse: 6.58016

Weights: [7000.0, 600.0, 0, 50.0, 0.0, 10.0], lr=5.000e-05
Epoch: 0 [  10/10000 (0%)] Loss: 371.08704 = L_Mnfld: 112.35554 + L_NonMnfld: 176.85907 + L_Nrml: 0.00000 + L_Eknl: 37.88431 + L_Div: 0.00000 + L_Morse: 43.98813
Epoch: 0 [  10/10000 (0%)] Unweighted L_s : L_Mnfld: 0.01605,  L_NonMnfld: 0.29477,  L_Nrml: 0.00000,  L_Eknl: 0.75769, L_Morse: 4.39881

Weights: [7000.0, 600.0, 0, 50.0, 0.0, 10.0], lr=5.000e-05
Epoch: 0 [  20/10000 (0%)] Loss: 213.84959 = L_Mnfld: 60.70085 + L_NonMnfld: 81.34507 + L_Nrml: 0.00000 + L_Eknl: 36.92906 + L_Div: 0.00000 + L_Morse: 34.87460
Epoch: 0 [  20/10000 (0%)] Unweighted L_s : L_Mnfld: 0.00867,  L_NonMnfld: 0.13558,  L_Nrml: 0.00000,  L_Eknl: 0.73858, L_Morse: 3.48746

Weights: [7000.0, 600.0, 0, 50.0, 0.0, 10.0], lr=5.000e-05
Epoch: 0 [  30/10000 (0%)] Loss: 157.81726 = L_Mnfld: 68.30492 + L_NonMnfld: 27.06722 + L_Nrml: 0.00000 + L_Eknl: 35.24866 + L_Div: 0.00000 + L_Morse: 27.19647
Epoch: 0 [  30/10000 (0%)] Unweighted L_s : L_Mnfld: 0.00976,  L_NonMnfld: 0.04511,  L_Nrml: 0.00000,  L_Eknl: 0.70497, L_Morse: 2.71965

Weights: [7000.0, 600.0, 0, 50.0, 0.0, 10.0], lr=5.000e-05
Epoch: 0 [  40/10000 (0%)] Loss: 130.79820 = L_Mnfld: 51.03191 + L_NonMnfld: 28.60901 + L_Nrml: 0.00000 + L_Eknl: 31.94400 + L_Div: 0.00000 + L_Morse: 19.21329
Epoch: 0 [  40/10000 (0%)] Unweighted L_s : L_Mnfld: 0.00729,  L_NonMnfld: 0.04768,  L_Nrml: 0.00000,  L_Eknl: 0.63888, L_Morse: 1.92133

Weights: [7000.0, 600.0, 0, 50.0, 0.0, 10.0], lr=5.000e-05
Epoch: 0 [  50/10000 (0%)] Loss: 114.80914 = L_Mnfld: 49.41373 + L_NonMnfld: 20.87032 + L_Nrml: 0.00000 + L_Eknl: 28.40516 + L_Div: 0.00000 + L_Morse: 16.11992
Epoch: 0 [  50/10000 (0%)] Unweighted L_s : L_Mnfld: 0.00706,  L_NonMnfld: 0.03478,  L_Nrml: 0.00000,  L_Eknl: 0.56810, L_Morse: 1.61199

Weights: [7000.0, 600.0, 0, 50.0, 0.0, 10.0], lr=5.000e-05
Epoch: 0 [  60/10000 (1%)] Loss: 114.85310 = L_Mnfld: 57.63538 + L_NonMnfld: 18.23709 + L_Nrml: 0.00000 + L_Eknl: 25.11327 + L_Div: 0.00000 + L_Morse: 13.86736
Epoch: 0 [  60/10000 (1%)] Unweighted L_s : L_Mnfld: 0.00823,  L_NonMnfld: 0.03040,  L_Nrml: 0.00000,  L_Eknl: 0.50227, L_Morse: 1.38674

Weights: [7000.0, 600.0, 0, 50.0, 0.0, 10.0], lr=5.000e-05
Epoch: 0 [  70/10000 (1%)] Loss: 93.94193 = L_Mnfld: 40.85762 + L_NonMnfld: 18.18577 + L_Nrml: 0.00000 + L_Eknl: 22.93198 + L_Div: 0.00000 + L_Morse: 11.96656
Epoch: 0 [  70/10000 (1%)] Unweighted L_s : L_Mnfld: 0.00584,  L_NonMnfld: 0.03031,  L_Nrml: 0.00000,  L_Eknl: 0.45864, L_Morse: 1.19666

Weights: [7000.0, 600.0, 0, 50.0, 0.0, 10.0], lr=5.000e-05
Epoch: 0 [  80/10000 (1%)] Loss: 96.21343 = L_Mnfld: 48.49757 + L_NonMnfld: 15.99470 + L_Nrml: 0.00000 + L_Eknl: 20.84024 + L_Div: 0.00000 + L_Morse: 10.88091
Epoch: 0 [  80/10000 (1%)] Unweighted L_s : L_Mnfld: 0.00693,  L_NonMnfld: 0.02666,  L_Nrml: 0.00000,  L_Eknl: 0.41680, L_Morse: 1.08809

Weights: [7000.0, 600.0, 0, 50.0, 0.0, 10.0], lr=5.000e-05
Epoch: 0 [  90/10000 (1%)] Loss: 111.92759 = L_Mnfld: 67.28616 + L_NonMnfld: 13.80926 + L_Nrml: 0.00000 + L_Eknl: 18.57595 + L_Div: 0.00000 + L_Morse: 12.25623
Epoch: 0 [  90/10000 (1%)] Unweighted L_s : L_Mnfld: 0.00961,  L_NonMnfld: 0.02302,  L_Nrml: 0.00000,  L_Eknl: 0.37152, L_Morse: 1.22562

Weights: [7000.0, 600.0, 0, 50.0, 0.0, 10.0], lr=5.000e-05
Epoch: 0 [ 100/10000 (1%)] Loss: 70.89760 = L_Mnfld: 31.19865 + L_NonMnfld: 12.43663 + L_Nrml: 0.00000 + L_Eknl: 17.22032 + L_Div: 0.00000 + L_Morse: 10.04200
Epoch: 0 [ 100/10000 (1%)] Unweighted L_s : L_Mnfld: 0.00446,  L_NonMnfld: 0.02073,  L_Nrml: 0.00000,  L_Eknl: 0.34441, L_Morse: 1.00420

Weights: [7000.0, 600.0, 0, 50.0, 0.0, 10.0], lr=5.000e-05
Epoch: 0 [ 110/10000 (1%)] Loss: 80.23063 = L_Mnfld: 41.58232 + L_NonMnfld: 12.99276 + L_Nrml: 0.00000 + L_Eknl: 15.91714 + L_Div: 0.00000 + L_Morse: 9.73841
Epoch: 0 [ 110/10000 (1%)] Unweighted L_s : L_Mnfld: 0.00594,  L_NonMnfld: 0.02165,  L_Nrml: 0.00000,  L_Eknl: 0.31834, L_Morse: 0.97384

Weights: [7000.0, 600.0, 0, 50.0, 0.0, 10.0], lr=5.000e-05
Epoch: 0 [ 120/10000 (1%)] Loss: 82.99222 = L_Mnfld: 47.54009 + L_NonMnfld: 10.81666 + L_Nrml: 0.00000 + L_Eknl: 15.06969 + L_Div: 0.00000 + L_Morse: 9.56578
Epoch: 0 [ 120/10000 (1%)] Unweighted L_s : L_Mnfld: 0.00679,  L_NonMnfld: 0.01803,  L_Nrml: 0.00000,  L_Eknl: 0.30139, L_Morse: 0.95658

Weights: [7000.0, 600.0, 0, 50.0, 0.0, 10.0], lr=5.000e-05
Epoch: 0 [ 130/10000 (1%)] Loss: 71.67921 = L_Mnfld: 35.10048 + L_NonMnfld: 12.07207 + L_Nrml: 0.00000 + L_Eknl: 14.82015 + L_Div: 0.00000 + L_Morse: 9.68652
Epoch: 0 [ 130/10000 (1%)] Unweighted L_s : L_Mnfld: 0.00501,  L_NonMnfld: 0.02012,  L_Nrml: 0.00000,  L_Eknl: 0.29640, L_Morse: 0.96865

Weights: [7000.0, 600.0, 0, 50.0, 0.0, 10.0], lr=5.000e-05
Epoch: 0 [ 140/10000 (1%)] Loss: 58.83944 = L_Mnfld: 25.70314 + L_NonMnfld: 10.20022 + L_Nrml: 0.00000 + L_Eknl: 14.01343 + L_Div: 0.00000 + L_Morse: 8.92266
Epoch: 0 [ 140/10000 (1%)] Unweighted L_s : L_Mnfld: 0.00367,  L_NonMnfld: 0.01700,  L_Nrml: 0.00000,  L_Eknl: 0.28027, L_Morse: 0.89227

Weights: [7000.0, 600.0, 0, 50.0, 0.0, 10.0], lr=5.000e-05
Epoch: 0 [ 150/10000 (2%)] Loss: 72.84816 = L_Mnfld: 39.82532 + L_NonMnfld: 10.00646 + L_Nrml: 0.00000 + L_Eknl: 13.19356 + L_Div: 0.00000 + L_Morse: 9.82282
Epoch: 0 [ 150/10000 (2%)] Unweighted L_s : L_Mnfld: 0.00569,  L_NonMnfld: 0.01668,  L_Nrml: 0.00000,  L_Eknl: 0.26387, L_Morse: 0.98228

Weights: [7000.0, 600.0, 0, 50.0, 0.0, 10.0], lr=5.000e-05
Epoch: 0 [ 160/10000 (2%)] Loss: 73.68396 = L_Mnfld: 39.68132 + L_NonMnfld: 10.20705 + L_Nrml: 0.00000 + L_Eknl: 13.49626 + L_Div: 0.00000 + L_Morse: 10.29933
Epoch: 0 [ 160/10000 (2%)] Unweighted L_s : L_Mnfld: 0.00567,  L_NonMnfld: 0.01701,  L_Nrml: 0.00000,  L_Eknl: 0.26993, L_Morse: 1.02993

Weights: [7000.0, 600.0, 0, 50.0, 0.0, 10.0], lr=5.000e-05
Epoch: 0 [ 170/10000 (2%)] Loss: 61.11628 = L_Mnfld: 30.70477 + L_NonMnfld: 8.89401 + L_Nrml: 0.00000 + L_Eknl: 12.75120 + L_Div: 0.00000 + L_Morse: 8.76630
Epoch: 0 [ 170/10000 (2%)] Unweighted L_s : L_Mnfld: 0.00439,  L_NonMnfld: 0.01482,  L_Nrml: 0.00000,  L_Eknl: 0.25502, L_Morse: 0.87663

Weights: [7000.0, 600.0, 0, 50.0, 0.0, 10.0], lr=5.000e-05
Epoch: 0 [ 180/10000 (2%)] Loss: 53.78667 = L_Mnfld: 26.14085 + L_NonMnfld: 8.37762 + L_Nrml: 0.00000 + L_Eknl: 12.23097 + L_Div: 0.00000 + L_Morse: 7.03723
Epoch: 0 [ 180/10000 (2%)] Unweighted L_s : L_Mnfld: 0.00373,  L_NonMnfld: 0.01396,  L_Nrml: 0.00000,  L_Eknl: 0.24462, L_Morse: 0.70372

Weights: [7000.0, 600.0, 0, 50.0, 0.0, 10.0], lr=5.000e-05
Epoch: 0 [ 190/10000 (2%)] Loss: 51.58826 = L_Mnfld: 24.37039 + L_NonMnfld: 9.64013 + L_Nrml: 0.00000 + L_Eknl: 11.63356 + L_Div: 0.00000 + L_Morse: 5.94419
Epoch: 0 [ 190/10000 (2%)] Unweighted L_s : L_Mnfld: 0.00348,  L_NonMnfld: 0.01607,  L_Nrml: 0.00000,  L_Eknl: 0.23267, L_Morse: 0.59442

Weights: [7000.0, 600.0, 0, 50.0, 0.0, 10.0], lr=5.000e-05
Epoch: 0 [ 200/10000 (2%)] Loss: 48.45069 = L_Mnfld: 22.51914 + L_NonMnfld: 8.66136 + L_Nrml: 0.00000 + L_Eknl: 11.31292 + L_Div: 0.00000 + L_Morse: 5.95728
Epoch: 0 [ 200/10000 (2%)] Unweighted L_s : L_Mnfld: 0.00322,  L_NonMnfld: 0.01444,  L_Nrml: 0.00000,  L_Eknl: 0.22626, L_Morse: 0.59573

Weights: [7000.0, 600.0, 0, 50.0, 0.0, 10.0], lr=5.000e-05
Epoch: 0 [ 210/10000 (2%)] Loss: 47.62267 = L_Mnfld: 21.67572 + L_NonMnfld: 9.51908 + L_Nrml: 0.00000 + L_Eknl: 11.07084 + L_Div: 0.00000 + L_Morse: 5.35704
Epoch: 0 [ 210/10000 (2%)] Unweighted L_s : L_Mnfld: 0.00310,  L_NonMnfld: 0.01587,  L_Nrml: 0.00000,  L_Eknl: 0.22142, L_Morse: 0.53570

Weights: [7000.0, 600.0, 0, 50.0, 0.0, 10.0], lr=5.000e-05
Epoch: 0 [ 220/10000 (2%)] Loss: 46.28211 = L_Mnfld: 21.29721 + L_NonMnfld: 8.66717 + L_Nrml: 0.00000 + L_Eknl: 10.82206 + L_Div: 0.00000 + L_Morse: 5.49568
Epoch: 0 [ 220/10000 (2%)] Unweighted L_s : L_Mnfld: 0.00304,  L_NonMnfld: 0.01445,  L_Nrml: 0.00000,  L_Eknl: 0.21644, L_Morse: 0.54957

Weights: [7000.0, 600.0, 0, 50.0, 0.0, 10.0], lr=5.000e-05
Epoch: 0 [ 230/10000 (2%)] Loss: 45.38800 = L_Mnfld: 20.95882 + L_NonMnfld: 8.55320 + L_Nrml: 0.00000 + L_Eknl: 10.50560 + L_Div: 0.00000 + L_Morse: 5.37038
Epoch: 0 [ 230/10000 (2%)] Unweighted L_s : L_Mnfld: 0.00299,  L_NonMnfld: 0.01426,  L_Nrml: 0.00000,  L_Eknl: 0.21011, L_Morse: 0.53704

Weights: [7000.0, 600.0, 0, 50.0, 0.0, 10.0], lr=5.000e-05
Epoch: 0 [ 240/10000 (2%)] Loss: 45.72222 = L_Mnfld: 20.92216 + L_NonMnfld: 9.15314 + L_Nrml: 0.00000 + L_Eknl: 10.40369 + L_Div: 0.00000 + L_Morse: 5.24322
Epoch: 0 [ 240/10000 (2%)] Unweighted L_s : L_Mnfld: 0.00299,  L_NonMnfld: 0.01526,  L_Nrml: 0.00000,  L_Eknl: 0.20807, L_Morse: 0.52432

Weights: [7000.0, 600.0, 0, 50.0, 0.0, 10.0], lr=5.000e-05
Epoch: 0 [ 250/10000 (2%)] Loss: 44.56535 = L_Mnfld: 20.67280 + L_NonMnfld: 8.41394 + L_Nrml: 0.00000 + L_Eknl: 10.14275 + L_Div: 0.00000 + L_Morse: 5.33585
Epoch: 0 [ 250/10000 (2%)] Unweighted L_s : L_Mnfld: 0.00295,  L_NonMnfld: 0.01402,  L_Nrml: 0.00000,  L_Eknl: 0.20286, L_Morse: 0.53359

Weights: [7000.0, 600.0, 0, 50.0, 0.0, 10.0], lr=5.000e-05
Epoch: 0 [ 260/10000 (3%)] Loss: 44.21507 = L_Mnfld: 20.15255 + L_NonMnfld: 8.74567 + L_Nrml: 0.00000 + L_Eknl: 9.93116 + L_Div: 0.00000 + L_Morse: 5.38569
Epoch: 0 [ 260/10000 (3%)] Unweighted L_s : L_Mnfld: 0.00288,  L_NonMnfld: 0.01458,  L_Nrml: 0.00000,  L_Eknl: 0.19862, L_Morse: 0.53857

Weights: [7000.0, 600.0, 0, 50.0, 0.0, 10.0], lr=5.000e-05
Epoch: 0 [ 270/10000 (3%)] Loss: 45.49788 = L_Mnfld: 21.04326 + L_NonMnfld: 9.29973 + L_Nrml: 0.00000 + L_Eknl: 9.72904 + L_Div: 0.00000 + L_Morse: 5.42586
Epoch: 0 [ 270/10000 (3%)] Unweighted L_s : L_Mnfld: 0.00301,  L_NonMnfld: 0.01550,  L_Nrml: 0.00000,  L_Eknl: 0.19458, L_Morse: 0.54259

Weights: [7000.0, 600.0, 0, 50.0, 0.0, 10.0], lr=5.000e-05
Epoch: 0 [ 280/10000 (3%)] Loss: 42.17599 = L_Mnfld: 18.64278 + L_NonMnfld: 8.93266 + L_Nrml: 0.00000 + L_Eknl: 9.41079 + L_Div: 0.00000 + L_Morse: 5.18977
Epoch: 0 [ 280/10000 (3%)] Unweighted L_s : L_Mnfld: 0.00266,  L_NonMnfld: 0.01489,  L_Nrml: 0.00000,  L_Eknl: 0.18822, L_Morse: 0.51898

Weights: [7000.0, 600.0, 0, 50.0, 0.0, 10.0], lr=5.000e-05
Epoch: 0 [ 290/10000 (3%)] Loss: 43.23220 = L_Mnfld: 19.30318 + L_NonMnfld: 9.13868 + L_Nrml: 0.00000 + L_Eknl: 9.33722 + L_Div: 0.00000 + L_Morse: 5.45312
Epoch: 0 [ 290/10000 (3%)] Unweighted L_s : L_Mnfld: 0.00276,  L_NonMnfld: 0.01523,  L_Nrml: 0.00000,  L_Eknl: 0.18674, L_Morse: 0.54531

Weights: [7000.0, 600.0, 0, 50.0, 0.0, 10.0], lr=5.000e-05
Epoch: 0 [ 300/10000 (3%)] Loss: 41.37215 = L_Mnfld: 17.84063 + L_NonMnfld: 8.75725 + L_Nrml: 0.00000 + L_Eknl: 9.32001 + L_Div: 0.00000 + L_Morse: 5.45427
Epoch: 0 [ 300/10000 (3%)] Unweighted L_s : L_Mnfld: 0.00255,  L_NonMnfld: 0.01460,  L_Nrml: 0.00000,  L_Eknl: 0.18640, L_Morse: 0.54543

Weights: [7000.0, 600.0, 0, 50.0, 0.0, 10.0], lr=5.000e-05
Epoch: 0 [ 310/10000 (3%)] Loss: 41.34431 = L_Mnfld: 19.12454 + L_NonMnfld: 7.89549 + L_Nrml: 0.00000 + L_Eknl: 8.90904 + L_Div: 0.00000 + L_Morse: 5.41523
Epoch: 0 [ 310/10000 (3%)] Unweighted L_s : L_Mnfld: 0.00273,  L_NonMnfld: 0.01316,  L_Nrml: 0.00000,  L_Eknl: 0.17818, L_Morse: 0.54152

Weights: [7000.0, 600.0, 0, 50.0, 0.0, 10.0], lr=5.000e-05
Epoch: 0 [ 320/10000 (3%)] Loss: 41.23776 = L_Mnfld: 18.80811 + L_NonMnfld: 8.17968 + L_Nrml: 0.00000 + L_Eknl: 8.86990 + L_Div: 0.00000 + L_Morse: 5.38007
Epoch: 0 [ 320/10000 (3%)] Unweighted L_s : L_Mnfld: 0.00269,  L_NonMnfld: 0.01363,  L_Nrml: 0.00000,  L_Eknl: 0.17740, L_Morse: 0.53801

Weights: [7000.0, 600.0, 0, 50.0, 0.0, 10.0], lr=5.000e-05
Epoch: 0 [ 330/10000 (3%)] Loss: 39.35755 = L_Mnfld: 17.86075 + L_NonMnfld: 7.58603 + L_Nrml: 0.00000 + L_Eknl: 8.50865 + L_Div: 0.00000 + L_Morse: 5.40212
Epoch: 0 [ 330/10000 (3%)] Unweighted L_s : L_Mnfld: 0.00255,  L_NonMnfld: 0.01264,  L_Nrml: 0.00000,  L_Eknl: 0.17017, L_Morse: 0.54021

Weights: [7000.0, 600.0, 0, 50.0, 0.0, 10.0], lr=5.000e-05
Epoch: 0 [ 340/10000 (3%)] Loss: 39.71316 = L_Mnfld: 17.19479 + L_NonMnfld: 8.96472 + L_Nrml: 0.00000 + L_Eknl: 8.40339 + L_Div: 0.00000 + L_Morse: 5.15026
Epoch: 0 [ 340/10000 (3%)] Unweighted L_s : L_Mnfld: 0.00246,  L_NonMnfld: 0.01494,  L_Nrml: 0.00000,  L_Eknl: 0.16807, L_Morse: 0.51503

Weights: [7000.0, 600.0, 0, 50.0, 0.0, 10.0], lr=5.000e-05
Epoch: 0 [ 350/10000 (4%)] Loss: 39.89471 = L_Mnfld: 17.56605 + L_NonMnfld: 8.71558 + L_Nrml: 0.00000 + L_Eknl: 8.25743 + L_Div: 0.00000 + L_Morse: 5.35564
Epoch: 0 [ 350/10000 (4%)] Unweighted L_s : L_Mnfld: 0.00251,  L_NonMnfld: 0.01453,  L_Nrml: 0.00000,  L_Eknl: 0.16515, L_Morse: 0.53556

Weights: [7000.0, 600.0, 0, 50.0, 0.0, 10.0], lr=5.000e-05
Epoch: 0 [ 360/10000 (4%)] Loss: 39.81704 = L_Mnfld: 17.42163 + L_NonMnfld: 9.00001 + L_Nrml: 0.00000 + L_Eknl: 8.15601 + L_Div: 0.00000 + L_Morse: 5.23939
Epoch: 0 [ 360/10000 (4%)] Unweighted L_s : L_Mnfld: 0.00249,  L_NonMnfld: 0.01500,  L_Nrml: 0.00000,  L_Eknl: 0.16312, L_Morse: 0.52394

Weights: [7000.0, 600.0, 0, 50.0, 0.0, 10.0], lr=5.000e-05
Epoch: 0 [ 370/10000 (4%)] Loss: 39.57231 = L_Mnfld: 17.95234 + L_NonMnfld: 8.18186 + L_Nrml: 0.00000 + L_Eknl: 8.04862 + L_Div: 0.00000 + L_Morse: 5.38948
Epoch: 0 [ 370/10000 (4%)] Unweighted L_s : L_Mnfld: 0.00256,  L_NonMnfld: 0.01364,  L_Nrml: 0.00000,  L_Eknl: 0.16097, L_Morse: 0.53895

Weights: [7000.0, 600.0, 0, 50.0, 0.0, 10.0], lr=5.000e-05
Epoch: 0 [ 380/10000 (4%)] Loss: 38.32965 = L_Mnfld: 16.37966 + L_NonMnfld: 8.84155 + L_Nrml: 0.00000 + L_Eknl: 8.00297 + L_Div: 0.00000 + L_Morse: 5.10548
Epoch: 0 [ 380/10000 (4%)] Unweighted L_s : L_Mnfld: 0.00234,  L_NonMnfld: 0.01474,  L_Nrml: 0.00000,  L_Eknl: 0.16006, L_Morse: 0.51055

Weights: [7000.0, 600.0, 0, 50.0, 0.0, 10.0], lr=5.000e-05
Epoch: 0 [ 390/10000 (4%)] Loss: 38.30005 = L_Mnfld: 17.08079 + L_NonMnfld: 8.35115 + L_Nrml: 0.00000 + L_Eknl: 7.70712 + L_Div: 0.00000 + L_Morse: 5.16100
Epoch: 0 [ 390/10000 (4%)] Unweighted L_s : L_Mnfld: 0.00244,  L_NonMnfld: 0.01392,  L_Nrml: 0.00000,  L_Eknl: 0.15414, L_Morse: 0.51610

Weights: [7000.0, 600.0, 0, 50.0, 0.0, 10.0], lr=5.000e-05
Epoch: 0 [ 400/10000 (4%)] Loss: 37.76533 = L_Mnfld: 16.92496 + L_NonMnfld: 7.95580 + L_Nrml: 0.00000 + L_Eknl: 7.65984 + L_Div: 0.00000 + L_Morse: 5.22473
Epoch: 0 [ 400/10000 (4%)] Unweighted L_s : L_Mnfld: 0.00242,  L_NonMnfld: 0.01326,  L_Nrml: 0.00000,  L_Eknl: 0.15320, L_Morse: 0.52247

Weights: [7000.0, 600.0, 0, 50.0, 0.0, 10.0], lr=5.000e-05
Epoch: 0 [ 410/10000 (4%)] Loss: 39.10754 = L_Mnfld: 17.70034 + L_NonMnfld: 8.44698 + L_Nrml: 0.00000 + L_Eknl: 7.45463 + L_Div: 0.00000 + L_Morse: 5.50559
Epoch: 0 [ 410/10000 (4%)] Unweighted L_s : L_Mnfld: 0.00253,  L_NonMnfld: 0.01408,  L_Nrml: 0.00000,  L_Eknl: 0.14909, L_Morse: 0.55056

Weights: [7000.0, 600.0, 0, 50.0, 0.0, 10.0], lr=5.000e-05
Epoch: 0 [ 420/10000 (4%)] Loss: 37.15480 = L_Mnfld: 16.28761 + L_NonMnfld: 7.99812 + L_Nrml: 0.00000 + L_Eknl: 7.62031 + L_Div: 0.00000 + L_Morse: 5.24876
Epoch: 0 [ 420/10000 (4%)] Unweighted L_s : L_Mnfld: 0.00233,  L_NonMnfld: 0.01333,  L_Nrml: 0.00000,  L_Eknl: 0.15241, L_Morse: 0.52488

Weights: [7000.0, 600.0, 0, 50.0, 0.0, 10.0], lr=5.000e-05
Epoch: 0 [ 430/10000 (4%)] Loss: 35.76514 = L_Mnfld: 15.43166 + L_NonMnfld: 7.99526 + L_Nrml: 0.00000 + L_Eknl: 7.31539 + L_Div: 0.00000 + L_Morse: 5.02283
Epoch: 0 [ 430/10000 (4%)] Unweighted L_s : L_Mnfld: 0.00220,  L_NonMnfld: 0.01333,  L_Nrml: 0.00000,  L_Eknl: 0.14631, L_Morse: 0.50228

Weights: [7000.0, 600.0, 0, 50.0, 0.0, 10.0], lr=5.000e-05
Epoch: 0 [ 440/10000 (4%)] Loss: 37.53361 = L_Mnfld: 15.70368 + L_NonMnfld: 9.48993 + L_Nrml: 0.00000 + L_Eknl: 7.19611 + L_Div: 0.00000 + L_Morse: 5.14389
Epoch: 0 [ 440/10000 (4%)] Unweighted L_s : L_Mnfld: 0.00224,  L_NonMnfld: 0.01582,  L_Nrml: 0.00000,  L_Eknl: 0.14392, L_Morse: 0.51439

Weights: [7000.0, 600.0, 0, 50.0, 0.0, 10.0], lr=5.000e-05
Epoch: 0 [ 450/10000 (4%)] Loss: 37.93658 = L_Mnfld: 16.82771 + L_NonMnfld: 8.45640 + L_Nrml: 0.00000 + L_Eknl: 7.02181 + L_Div: 0.00000 + L_Morse: 5.63067
Epoch: 0 [ 450/10000 (4%)] Unweighted L_s : L_Mnfld: 0.00240,  L_NonMnfld: 0.01409,  L_Nrml: 0.00000,  L_Eknl: 0.14044, L_Morse: 0.56307

Weights: [7000.0, 600.0, 0, 50.0, 0.0, 10.0], lr=5.000e-05
Epoch: 0 [ 460/10000 (5%)] Loss: 36.77898 = L_Mnfld: 16.35055 + L_NonMnfld: 8.10988 + L_Nrml: 0.00000 + L_Eknl: 6.99668 + L_Div: 0.00000 + L_Morse: 5.32187
Epoch: 0 [ 460/10000 (5%)] Unweighted L_s : L_Mnfld: 0.00234,  L_NonMnfld: 0.01352,  L_Nrml: 0.00000,  L_Eknl: 0.13993, L_Morse: 0.53219

Weights: [7000.0, 600.0, 0, 50.0, 0.0, 10.0], lr=5.000e-05
Epoch: 0 [ 470/10000 (5%)] Loss: 35.98837 = L_Mnfld: 15.84187 + L_NonMnfld: 7.99755 + L_Nrml: 0.00000 + L_Eknl: 6.96205 + L_Div: 0.00000 + L_Morse: 5.18690
Epoch: 0 [ 470/10000 (5%)] Unweighted L_s : L_Mnfld: 0.00226,  L_NonMnfld: 0.01333,  L_Nrml: 0.00000,  L_Eknl: 0.13924, L_Morse: 0.51869

Weights: [7000.0, 600.0, 0, 50.0, 0.0, 10.0], lr=5.000e-05
Epoch: 0 [ 480/10000 (5%)] Loss: 36.03996 = L_Mnfld: 16.12950 + L_NonMnfld: 7.51524 + L_Nrml: 0.00000 + L_Eknl: 6.92972 + L_Div: 0.00000 + L_Morse: 5.46549
Epoch: 0 [ 480/10000 (5%)] Unweighted L_s : L_Mnfld: 0.00230,  L_NonMnfld: 0.01253,  L_Nrml: 0.00000,  L_Eknl: 0.13859, L_Morse: 0.54655

Weights: [7000.0, 600.0, 0, 50.0, 0.0, 10.0], lr=5.000e-05
Epoch: 0 [ 490/10000 (5%)] Loss: 35.54849 = L_Mnfld: 15.15362 + L_NonMnfld: 8.37925 + L_Nrml: 0.00000 + L_Eknl: 6.74462 + L_Div: 0.00000 + L_Morse: 5.27100
Epoch: 0 [ 490/10000 (5%)] Unweighted L_s : L_Mnfld: 0.00216,  L_NonMnfld: 0.01397,  L_Nrml: 0.00000,  L_Eknl: 0.13489, L_Morse: 0.52710

Weights: [7000.0, 600.0, 0, 50.0, 0.0, 10.0], lr=5.000e-05
Epoch: 0 [ 500/10000 (5%)] Loss: 36.36017 = L_Mnfld: 16.00899 + L_NonMnfld: 8.34948 + L_Nrml: 0.00000 + L_Eknl: 6.90761 + L_Div: 0.00000 + L_Morse: 5.09408
Epoch: 0 [ 500/10000 (5%)] Unweighted L_s : L_Mnfld: 0.00229,  L_NonMnfld: 0.01392,  L_Nrml: 0.00000,  L_Eknl: 0.13815, L_Morse: 0.50941

Weights: [7000.0, 600.0, 0, 50.0, 0.0, 10.0], lr=5.000e-05
Epoch: 0 [ 510/10000 (5%)] Loss: 36.42291 = L_Mnfld: 16.74181 + L_NonMnfld: 7.71792 + L_Nrml: 0.00000 + L_Eknl: 6.65163 + L_Div: 0.00000 + L_Morse: 5.31154
Epoch: 0 [ 510/10000 (5%)] Unweighted L_s : L_Mnfld: 0.00239,  L_NonMnfld: 0.01286,  L_Nrml: 0.00000,  L_Eknl: 0.13303, L_Morse: 0.53115

Weights: [7000.0, 600.0, 0, 50.0, 0.0, 10.0], lr=5.000e-05
Epoch: 0 [ 520/10000 (5%)] Loss: 37.04438 = L_Mnfld: 15.82403 + L_NonMnfld: 9.12674 + L_Nrml: 0.00000 + L_Eknl: 6.76647 + L_Div: 0.00000 + L_Morse: 5.32714
Epoch: 0 [ 520/10000 (5%)] Unweighted L_s : L_Mnfld: 0.00226,  L_NonMnfld: 0.01521,  L_Nrml: 0.00000,  L_Eknl: 0.13533, L_Morse: 0.53271

Weights: [7000.0, 600.0, 0, 50.0, 0.0, 10.0], lr=5.000e-05
Epoch: 0 [ 530/10000 (5%)] Loss: 37.39860 = L_Mnfld: 17.22541 + L_NonMnfld: 8.24343 + L_Nrml: 0.00000 + L_Eknl: 6.49399 + L_Div: 0.00000 + L_Morse: 5.43577
Epoch: 0 [ 530/10000 (5%)] Unweighted L_s : L_Mnfld: 0.00246,  L_NonMnfld: 0.01374,  L_Nrml: 0.00000,  L_Eknl: 0.12988, L_Morse: 0.54358

Weights: [7000.0, 600.0, 0, 50.0, 0.0, 10.0], lr=5.000e-05
Epoch: 0 [ 540/10000 (5%)] Loss: 36.14241 = L_Mnfld: 15.18549 + L_NonMnfld: 8.97985 + L_Nrml: 0.00000 + L_Eknl: 6.55434 + L_Div: 0.00000 + L_Morse: 5.42274
Epoch: 0 [ 540/10000 (5%)] Unweighted L_s : L_Mnfld: 0.00217,  L_NonMnfld: 0.01497,  L_Nrml: 0.00000,  L_Eknl: 0.13109, L_Morse: 0.54227

Weights: [7000.0, 600.0, 0, 50.0, 0.0, 10.0], lr=5.000e-05
Epoch: 0 [ 550/10000 (6%)] Loss: 35.83881 = L_Mnfld: 15.72646 + L_NonMnfld: 8.28648 + L_Nrml: 0.00000 + L_Eknl: 6.56889 + L_Div: 0.00000 + L_Morse: 5.25698
Epoch: 0 [ 550/10000 (6%)] Unweighted L_s : L_Mnfld: 0.00225,  L_NonMnfld: 0.01381,  L_Nrml: 0.00000,  L_Eknl: 0.13138, L_Morse: 0.52570

Weights: [7000.0, 600.0, 0, 50.0, 0.0, 10.0], lr=5.000e-05
Epoch: 0 [ 560/10000 (6%)] Loss: 36.47559 = L_Mnfld: 15.83078 + L_NonMnfld: 8.72232 + L_Nrml: 0.00000 + L_Eknl: 6.45389 + L_Div: 0.00000 + L_Morse: 5.46860
Epoch: 0 [ 560/10000 (6%)] Unweighted L_s : L_Mnfld: 0.00226,  L_NonMnfld: 0.01454,  L_Nrml: 0.00000,  L_Eknl: 0.12908, L_Morse: 0.54686

Weights: [7000.0, 600.0, 0, 50.0, 0.0, 10.0], lr=5.000e-05
Epoch: 0 [ 570/10000 (6%)] Loss: 35.69185 = L_Mnfld: 16.26728 + L_NonMnfld: 7.65341 + L_Nrml: 0.00000 + L_Eknl: 6.33035 + L_Div: 0.00000 + L_Morse: 5.44081
Epoch: 0 [ 570/10000 (6%)] Unweighted L_s : L_Mnfld: 0.00232,  L_NonMnfld: 0.01276,  L_Nrml: 0.00000,  L_Eknl: 0.12661, L_Morse: 0.54408

Weights: [7000.0, 600.0, 0, 50.0, 0.0, 10.0], lr=5.000e-05
Epoch: 0 [ 580/10000 (6%)] Loss: 35.92057 = L_Mnfld: 14.61300 + L_NonMnfld: 9.53212 + L_Nrml: 0.00000 + L_Eknl: 6.44340 + L_Div: 0.00000 + L_Morse: 5.33205
Epoch: 0 [ 580/10000 (6%)] Unweighted L_s : L_Mnfld: 0.00209,  L_NonMnfld: 0.01589,  L_Nrml: 0.00000,  L_Eknl: 0.12887, L_Morse: 0.53320

Weights: [7000.0, 600.0, 0, 50.0, 0.0, 10.0], lr=5.000e-05
Epoch: 0 [ 590/10000 (6%)] Loss: 35.36258 = L_Mnfld: 15.20542 + L_NonMnfld: 8.54821 + L_Nrml: 0.00000 + L_Eknl: 6.07214 + L_Div: 0.00000 + L_Morse: 5.53681
Epoch: 0 [ 590/10000 (6%)] Unweighted L_s : L_Mnfld: 0.00217,  L_NonMnfld: 0.01425,  L_Nrml: 0.00000,  L_Eknl: 0.12144, L_Morse: 0.55368

Weights: [7000.0, 600.0, 0, 50.0, 0.0, 10.0], lr=5.000e-05
Epoch: 0 [ 600/10000 (6%)] Loss: 35.55000 = L_Mnfld: 14.95879 + L_NonMnfld: 9.24742 + L_Nrml: 0.00000 + L_Eknl: 6.15824 + L_Div: 0.00000 + L_Morse: 5.18554
Epoch: 0 [ 600/10000 (6%)] Unweighted L_s : L_Mnfld: 0.00214,  L_NonMnfld: 0.01541,  L_Nrml: 0.00000,  L_Eknl: 0.12316, L_Morse: 0.51855

Weights: [7000.0, 600.0, 0, 50.0, 0.0, 10.0], lr=5.000e-05
Epoch: 0 [ 610/10000 (6%)] Loss: 33.39494 = L_Mnfld: 14.16146 + L_NonMnfld: 7.97549 + L_Nrml: 0.00000 + L_Eknl: 6.15934 + L_Div: 0.00000 + L_Morse: 5.09865
Epoch: 0 [ 610/10000 (6%)] Unweighted L_s : L_Mnfld: 0.00202,  L_NonMnfld: 0.01329,  L_Nrml: 0.00000,  L_Eknl: 0.12319, L_Morse: 0.50986

Weights: [7000.0, 600.0, 0, 50.0, 0.0, 10.0], lr=5.000e-05
Epoch: 0 [ 620/10000 (6%)] Loss: 34.39655 = L_Mnfld: 14.72800 + L_NonMnfld: 8.31611 + L_Nrml: 0.00000 + L_Eknl: 6.25424 + L_Div: 0.00000 + L_Morse: 5.09820
Epoch: 0 [ 620/10000 (6%)] Unweighted L_s : L_Mnfld: 0.00210,  L_NonMnfld: 0.01386,  L_Nrml: 0.00000,  L_Eknl: 0.12508, L_Morse: 0.50982

Weights: [7000.0, 600.0, 0, 50.0, 0.0, 10.0], lr=5.000e-05
Epoch: 0 [ 630/10000 (6%)] Loss: 35.18453 = L_Mnfld: 15.63944 + L_NonMnfld: 8.38419 + L_Nrml: 0.00000 + L_Eknl: 5.93282 + L_Div: 0.00000 + L_Morse: 5.22808
Epoch: 0 [ 630/10000 (6%)] Unweighted L_s : L_Mnfld: 0.00223,  L_NonMnfld: 0.01397,  L_Nrml: 0.00000,  L_Eknl: 0.11866, L_Morse: 0.52281

Weights: [7000.0, 600.0, 0, 50.0, 0.0, 10.0], lr=5.000e-05
Epoch: 0 [ 640/10000 (6%)] Loss: 33.06139 = L_Mnfld: 13.91527 + L_NonMnfld: 8.27317 + L_Nrml: 0.00000 + L_Eknl: 5.93715 + L_Div: 0.00000 + L_Morse: 4.93581
Epoch: 0 [ 640/10000 (6%)] Unweighted L_s : L_Mnfld: 0.00199,  L_NonMnfld: 0.01379,  L_Nrml: 0.00000,  L_Eknl: 0.11874, L_Morse: 0.49358

Weights: [7000.0, 600.0, 0, 50.0, 0.0, 10.0], lr=5.000e-05
Epoch: 0 [ 650/10000 (6%)] Loss: 35.62904 = L_Mnfld: 16.93070 + L_NonMnfld: 7.58453 + L_Nrml: 0.00000 + L_Eknl: 5.95337 + L_Div: 0.00000 + L_Morse: 5.16044
Epoch: 0 [ 650/10000 (6%)] Unweighted L_s : L_Mnfld: 0.00242,  L_NonMnfld: 0.01264,  L_Nrml: 0.00000,  L_Eknl: 0.11907, L_Morse: 0.51604

Weights: [7000.0, 600.0, 0, 50.0, 0.0, 10.0], lr=5.000e-05
Epoch: 0 [ 660/10000 (7%)] Loss: 36.15362 = L_Mnfld: 16.21903 + L_NonMnfld: 8.72538 + L_Nrml: 0.00000 + L_Eknl: 5.85044 + L_Div: 0.00000 + L_Morse: 5.35877
Epoch: 0 [ 660/10000 (7%)] Unweighted L_s : L_Mnfld: 0.00232,  L_NonMnfld: 0.01454,  L_Nrml: 0.00000,  L_Eknl: 0.11701, L_Morse: 0.53588

Weights: [7000.0, 600.0, 0, 50.0, 0.0, 10.0], lr=5.000e-05
Epoch: 0 [ 670/10000 (7%)] Loss: 34.92959 = L_Mnfld: 14.85867 + L_NonMnfld: 8.85806 + L_Nrml: 0.00000 + L_Eknl: 5.86195 + L_Div: 0.00000 + L_Morse: 5.35091
Epoch: 0 [ 670/10000 (7%)] Unweighted L_s : L_Mnfld: 0.00212,  L_NonMnfld: 0.01476,  L_Nrml: 0.00000,  L_Eknl: 0.11724, L_Morse: 0.53509

Weights: [7000.0, 600.0, 0, 50.0, 0.0, 10.0], lr=5.000e-05
Epoch: 0 [ 680/10000 (7%)] Loss: 41.32400 = L_Mnfld: 20.98399 + L_NonMnfld: 8.85833 + L_Nrml: 0.00000 + L_Eknl: 6.10622 + L_Div: 0.00000 + L_Morse: 5.37546
Epoch: 0 [ 680/10000 (7%)] Unweighted L_s : L_Mnfld: 0.00300,  L_NonMnfld: 0.01476,  L_Nrml: 0.00000,  L_Eknl: 0.12212, L_Morse: 0.53755

Weights: [7000.0, 600.0, 0, 50.0, 0.0, 10.0], lr=5.000e-05
Epoch: 0 [ 690/10000 (7%)] Loss: 47.60205 = L_Mnfld: 26.02642 + L_NonMnfld: 8.37572 + L_Nrml: 0.00000 + L_Eknl: 6.49409 + L_Div: 0.00000 + L_Morse: 6.70582
Epoch: 0 [ 690/10000 (7%)] Unweighted L_s : L_Mnfld: 0.00372,  L_NonMnfld: 0.01396,  L_Nrml: 0.00000,  L_Eknl: 0.12988, L_Morse: 0.67058

Weights: [7000.0, 600.0, 0, 50.0, 0.0, 10.0], lr=5.000e-05
Epoch: 0 [ 700/10000 (7%)] Loss: 56.29430 = L_Mnfld: 32.03094 + L_NonMnfld: 9.08257 + L_Nrml: 0.00000 + L_Eknl: 7.58003 + L_Div: 0.00000 + L_Morse: 7.60077
Epoch: 0 [ 700/10000 (7%)] Unweighted L_s : L_Mnfld: 0.00458,  L_NonMnfld: 0.01514,  L_Nrml: 0.00000,  L_Eknl: 0.15160, L_Morse: 0.76008

Weights: [7000.0, 600.0, 0, 50.0, 0.0, 10.0], lr=5.000e-05
Epoch: 0 [ 710/10000 (7%)] Loss: 46.89864 = L_Mnfld: 23.48022 + L_NonMnfld: 8.47292 + L_Nrml: 0.00000 + L_Eknl: 6.99928 + L_Div: 0.00000 + L_Morse: 7.94622
Epoch: 0 [ 710/10000 (7%)] Unweighted L_s : L_Mnfld: 0.00335,  L_NonMnfld: 0.01412,  L_Nrml: 0.00000,  L_Eknl: 0.13999, L_Morse: 0.79462

Weights: [7000.0, 600.0, 0, 50.0, 0.0, 10.0], lr=5.000e-05
Epoch: 0 [ 720/10000 (7%)] Loss: 58.87359 = L_Mnfld: 32.36147 + L_NonMnfld: 9.57651 + L_Nrml: 0.00000 + L_Eknl: 8.55518 + L_Div: 0.00000 + L_Morse: 8.38044
Epoch: 0 [ 720/10000 (7%)] Unweighted L_s : L_Mnfld: 0.00462,  L_NonMnfld: 0.01596,  L_Nrml: 0.00000,  L_Eknl: 0.17110, L_Morse: 0.83804

Weights: [7000.0, 600.0, 0, 50.0, 0.0, 10.0], lr=5.000e-05
Epoch: 0 [ 730/10000 (7%)] Loss: 50.30689 = L_Mnfld: 25.91677 + L_NonMnfld: 9.08537 + L_Nrml: 0.00000 + L_Eknl: 8.02044 + L_Div: 0.00000 + L_Morse: 7.28431
Epoch: 0 [ 730/10000 (7%)] Unweighted L_s : L_Mnfld: 0.00370,  L_NonMnfld: 0.01514,  L_Nrml: 0.00000,  L_Eknl: 0.16041, L_Morse: 0.72843

Weights: [7000.0, 600.0, 0, 50.0, 0.0, 10.0], lr=5.000e-05
Epoch: 0 [ 740/10000 (7%)] Loss: 48.20245 = L_Mnfld: 26.85717 + L_NonMnfld: 7.92704 + L_Nrml: 0.00000 + L_Eknl: 6.98281 + L_Div: 0.00000 + L_Morse: 6.43543
Epoch: 0 [ 740/10000 (7%)] Unweighted L_s : L_Mnfld: 0.00384,  L_NonMnfld: 0.01321,  L_Nrml: 0.00000,  L_Eknl: 0.13966, L_Morse: 0.64354

Weights: [7000.0, 600.0, 0, 50.0, 0.0, 10.0], lr=5.000e-05
Epoch: 0 [ 750/10000 (8%)] Loss: 40.08088 = L_Mnfld: 18.60236 + L_NonMnfld: 8.97501 + L_Nrml: 0.00000 + L_Eknl: 6.73262 + L_Div: 0.00000 + L_Morse: 5.77089
Epoch: 0 [ 750/10000 (8%)] Unweighted L_s : L_Mnfld: 0.00266,  L_NonMnfld: 0.01496,  L_Nrml: 0.00000,  L_Eknl: 0.13465, L_Morse: 0.57709

Weights: [7000.0, 600.0, 0, 50.0, 0.0, 10.0], lr=5.000e-05
Epoch: 0 [ 760/10000 (8%)] Loss: 35.98589 = L_Mnfld: 16.48705 + L_NonMnfld: 7.79304 + L_Nrml: 0.00000 + L_Eknl: 6.50839 + L_Div: 0.00000 + L_Morse: 5.19741
Epoch: 0 [ 760/10000 (8%)] Unweighted L_s : L_Mnfld: 0.00236,  L_NonMnfld: 0.01299,  L_Nrml: 0.00000,  L_Eknl: 0.13017, L_Morse: 0.51974

Weights: [7000.0, 600.0, 0, 50.0, 0.0, 10.0], lr=5.000e-05
Epoch: 0 [ 770/10000 (8%)] Loss: 32.99771 = L_Mnfld: 13.53843 + L_NonMnfld: 8.45093 + L_Nrml: 0.00000 + L_Eknl: 6.19985 + L_Div: 0.00000 + L_Morse: 4.80850
Epoch: 0 [ 770/10000 (8%)] Unweighted L_s : L_Mnfld: 0.00193,  L_NonMnfld: 0.01408,  L_Nrml: 0.00000,  L_Eknl: 0.12400, L_Morse: 0.48085

Weights: [7000.0, 600.0, 0, 50.0, 0.0, 10.0], lr=5.000e-05
Epoch: 0 [ 780/10000 (8%)] Loss: 32.24589 = L_Mnfld: 13.59600 + L_NonMnfld: 7.80644 + L_Nrml: 0.00000 + L_Eknl: 5.96116 + L_Div: 0.00000 + L_Morse: 4.88229
Epoch: 0 [ 780/10000 (8%)] Unweighted L_s : L_Mnfld: 0.00194,  L_NonMnfld: 0.01301,  L_Nrml: 0.00000,  L_Eknl: 0.11922, L_Morse: 0.48823

Weights: [7000.0, 600.0, 0, 50.0, 0.0, 10.0], lr=5.000e-05
Epoch: 0 [ 790/10000 (8%)] Loss: 30.98691 = L_Mnfld: 12.07166 + L_NonMnfld: 8.28160 + L_Nrml: 0.00000 + L_Eknl: 6.07505 + L_Div: 0.00000 + L_Morse: 4.55861
Epoch: 0 [ 790/10000 (8%)] Unweighted L_s : L_Mnfld: 0.00172,  L_NonMnfld: 0.01380,  L_Nrml: 0.00000,  L_Eknl: 0.12150, L_Morse: 0.45586

Weights: [7000.0, 600.0, 0, 50.0, 0.0, 10.0], lr=5.000e-05
Epoch: 0 [ 800/10000 (8%)] Loss: 30.50382 = L_Mnfld: 11.97874 + L_NonMnfld: 8.28179 + L_Nrml: 0.00000 + L_Eknl: 5.79408 + L_Div: 0.00000 + L_Morse: 4.44921
Epoch: 0 [ 800/10000 (8%)] Unweighted L_s : L_Mnfld: 0.00171,  L_NonMnfld: 0.01380,  L_Nrml: 0.00000,  L_Eknl: 0.11588, L_Morse: 0.44492

Weights: [7000.0, 600.0, 0, 50.0, 0.0, 10.0], lr=5.000e-05
Epoch: 0 [ 810/10000 (8%)] Loss: 30.68068 = L_Mnfld: 12.15026 + L_NonMnfld: 8.27580 + L_Nrml: 0.00000 + L_Eknl: 5.79492 + L_Div: 0.00000 + L_Morse: 4.45971
Epoch: 0 [ 810/10000 (8%)] Unweighted L_s : L_Mnfld: 0.00174,  L_NonMnfld: 0.01379,  L_Nrml: 0.00000,  L_Eknl: 0.11590, L_Morse: 0.44597

Weights: [7000.0, 600.0, 0, 50.0, 0.0, 10.0], lr=5.000e-05
Epoch: 0 [ 820/10000 (8%)] Loss: 30.68139 = L_Mnfld: 12.10660 + L_NonMnfld: 8.35742 + L_Nrml: 0.00000 + L_Eknl: 5.62328 + L_Div: 0.00000 + L_Morse: 4.59409
Epoch: 0 [ 820/10000 (8%)] Unweighted L_s : L_Mnfld: 0.00173,  L_NonMnfld: 0.01393,  L_Nrml: 0.00000,  L_Eknl: 0.11247, L_Morse: 0.45941

Weights: [7000.0, 600.0, 0, 50.0, 0.0, 10.0], lr=5.000e-05
Epoch: 0 [ 830/10000 (8%)] Loss: 31.23862 = L_Mnfld: 11.38871 + L_NonMnfld: 9.64504 + L_Nrml: 0.00000 + L_Eknl: 5.69683 + L_Div: 0.00000 + L_Morse: 4.50804
Epoch: 0 [ 830/10000 (8%)] Unweighted L_s : L_Mnfld: 0.00163,  L_NonMnfld: 0.01608,  L_Nrml: 0.00000,  L_Eknl: 0.11394, L_Morse: 0.45080

Weights: [7000.0, 600.0, 0, 50.0, 0.0, 10.0], lr=5.000e-05
Epoch: 0 [ 840/10000 (8%)] Loss: 30.17843 = L_Mnfld: 12.04813 + L_NonMnfld: 7.99600 + L_Nrml: 0.00000 + L_Eknl: 5.38816 + L_Div: 0.00000 + L_Morse: 4.74614
Epoch: 0 [ 840/10000 (8%)] Unweighted L_s : L_Mnfld: 0.00172,  L_NonMnfld: 0.01333,  L_Nrml: 0.00000,  L_Eknl: 0.10776, L_Morse: 0.47461

Weights: [7000.0, 600.0, 0, 50.0, 0.0, 10.0], lr=5.000e-05
Epoch: 0 [ 850/10000 (8%)] Loss: 29.39551 = L_Mnfld: 11.20206 + L_NonMnfld: 8.03160 + L_Nrml: 0.00000 + L_Eknl: 5.59539 + L_Div: 0.00000 + L_Morse: 4.56646
Epoch: 0 [ 850/10000 (8%)] Unweighted L_s : L_Mnfld: 0.00160,  L_NonMnfld: 0.01339,  L_Nrml: 0.00000,  L_Eknl: 0.11191, L_Morse: 0.45665

Weights: [7000.0, 600.0, 0, 50.0, 0.0, 10.0], lr=5.000e-05
Epoch: 0 [ 860/10000 (9%)] Loss: 30.17954 = L_Mnfld: 11.12237 + L_NonMnfld: 8.89513 + L_Nrml: 0.00000 + L_Eknl: 5.46411 + L_Div: 0.00000 + L_Morse: 4.69793
Epoch: 0 [ 860/10000 (9%)] Unweighted L_s : L_Mnfld: 0.00159,  L_NonMnfld: 0.01483,  L_Nrml: 0.00000,  L_Eknl: 0.10928, L_Morse: 0.46979

Weights: [7000.0, 600.0, 0, 50.0, 0.0, 10.0], lr=5.000e-05
Epoch: 0 [ 870/10000 (9%)] Loss: 31.27573 = L_Mnfld: 12.86052 + L_NonMnfld: 8.30948 + L_Nrml: 0.00000 + L_Eknl: 5.58820 + L_Div: 0.00000 + L_Morse: 4.51752
Epoch: 0 [ 870/10000 (9%)] Unweighted L_s : L_Mnfld: 0.00184,  L_NonMnfld: 0.01385,  L_Nrml: 0.00000,  L_Eknl: 0.11176, L_Morse: 0.45175

Weights: [7000.0, 600.0, 0, 50.0, 0.0, 10.0], lr=5.000e-05
Epoch: 0 [ 880/10000 (9%)] Loss: 30.24714 = L_Mnfld: 12.17794 + L_NonMnfld: 8.20606 + L_Nrml: 0.00000 + L_Eknl: 5.41100 + L_Div: 0.00000 + L_Morse: 4.45213
Epoch: 0 [ 880/10000 (9%)] Unweighted L_s : L_Mnfld: 0.00174,  L_NonMnfld: 0.01368,  L_Nrml: 0.00000,  L_Eknl: 0.10822, L_Morse: 0.44521

Weights: [7000.0, 600.0, 0, 50.0, 0.0, 10.0], lr=5.000e-05
Epoch: 0 [ 890/10000 (9%)] Loss: 29.25208 = L_Mnfld: 10.76279 + L_NonMnfld: 8.62487 + L_Nrml: 0.00000 + L_Eknl: 5.51226 + L_Div: 0.00000 + L_Morse: 4.35216
Epoch: 0 [ 890/10000 (9%)] Unweighted L_s : L_Mnfld: 0.00154,  L_NonMnfld: 0.01437,  L_Nrml: 0.00000,  L_Eknl: 0.11025, L_Morse: 0.43522

Weights: [7000.0, 600.0, 0, 50.0, 0.0, 10.0], lr=5.000e-05
Epoch: 0 [ 900/10000 (9%)] Loss: 29.35790 = L_Mnfld: 11.12862 + L_NonMnfld: 8.38001 + L_Nrml: 0.00000 + L_Eknl: 5.40333 + L_Div: 0.00000 + L_Morse: 4.44594
Epoch: 0 [ 900/10000 (9%)] Unweighted L_s : L_Mnfld: 0.00159,  L_NonMnfld: 0.01397,  L_Nrml: 0.00000,  L_Eknl: 0.10807, L_Morse: 0.44459

Weights: [7000.0, 600.0, 0, 50.0, 0.0, 10.0], lr=5.000e-05
Epoch: 0 [ 910/10000 (9%)] Loss: 29.71867 = L_Mnfld: 11.10177 + L_NonMnfld: 8.71890 + L_Nrml: 0.00000 + L_Eknl: 5.34421 + L_Div: 0.00000 + L_Morse: 4.55379
Epoch: 0 [ 910/10000 (9%)] Unweighted L_s : L_Mnfld: 0.00159,  L_NonMnfld: 0.01453,  L_Nrml: 0.00000,  L_Eknl: 0.10688, L_Morse: 0.45538

Weights: [7000.0, 600.0, 0, 50.0, 0.0, 10.0], lr=5.000e-05
Epoch: 0 [ 920/10000 (9%)] Loss: 29.91635 = L_Mnfld: 11.48243 + L_NonMnfld: 8.68530 + L_Nrml: 0.00000 + L_Eknl: 5.31322 + L_Div: 0.00000 + L_Morse: 4.43540
Epoch: 0 [ 920/10000 (9%)] Unweighted L_s : L_Mnfld: 0.00164,  L_NonMnfld: 0.01448,  L_Nrml: 0.00000,  L_Eknl: 0.10626, L_Morse: 0.44354

Weights: [7000.0, 600.0, 0, 50.0, 0.0, 10.0], lr=5.000e-05
Epoch: 0 [ 930/10000 (9%)] Loss: 28.56688 = L_Mnfld: 10.70909 + L_NonMnfld: 8.05467 + L_Nrml: 0.00000 + L_Eknl: 5.24720 + L_Div: 0.00000 + L_Morse: 4.55593
Epoch: 0 [ 930/10000 (9%)] Unweighted L_s : L_Mnfld: 0.00153,  L_NonMnfld: 0.01342,  L_Nrml: 0.00000,  L_Eknl: 0.10494, L_Morse: 0.45559

Weights: [7000.0, 600.0, 0, 50.0, 0.0, 10.0], lr=5.000e-05
Epoch: 0 [ 940/10000 (9%)] Loss: 29.53804 = L_Mnfld: 11.50985 + L_NonMnfld: 8.13497 + L_Nrml: 0.00000 + L_Eknl: 5.28488 + L_Div: 0.00000 + L_Morse: 4.60835
Epoch: 0 [ 940/10000 (9%)] Unweighted L_s : L_Mnfld: 0.00164,  L_NonMnfld: 0.01356,  L_Nrml: 0.00000,  L_Eknl: 0.10570, L_Morse: 0.46083

Weights: [7000.0, 600.0, 0, 50.0, 0.0, 10.0], lr=5.000e-05
Epoch: 0 [ 950/10000 (10%)] Loss: 29.88624 = L_Mnfld: 11.15719 + L_NonMnfld: 8.98301 + L_Nrml: 0.00000 + L_Eknl: 5.27338 + L_Div: 0.00000 + L_Morse: 4.47266
Epoch: 0 [ 950/10000 (10%)] Unweighted L_s : L_Mnfld: 0.00159,  L_NonMnfld: 0.01497,  L_Nrml: 0.00000,  L_Eknl: 0.10547, L_Morse: 0.44727

Weights: [7000.0, 600.0, 0, 50.0, 0.0, 10.0], lr=5.000e-05
Epoch: 0 [ 960/10000 (10%)] Loss: 28.47158 = L_Mnfld: 10.57365 + L_NonMnfld: 8.01517 + L_Nrml: 0.00000 + L_Eknl: 5.22512 + L_Div: 0.00000 + L_Morse: 4.65764
Epoch: 0 [ 960/10000 (10%)] Unweighted L_s : L_Mnfld: 0.00151,  L_NonMnfld: 0.01336,  L_Nrml: 0.00000,  L_Eknl: 0.10450, L_Morse: 0.46576

Weights: [7000.0, 600.0, 0, 50.0, 0.0, 10.0], lr=5.000e-05
Epoch: 0 [ 970/10000 (10%)] Loss: 30.71723 = L_Mnfld: 11.97648 + L_NonMnfld: 9.08864 + L_Nrml: 0.00000 + L_Eknl: 5.11656 + L_Div: 0.00000 + L_Morse: 4.53555
Epoch: 0 [ 970/10000 (10%)] Unweighted L_s : L_Mnfld: 0.00171,  L_NonMnfld: 0.01515,  L_Nrml: 0.00000,  L_Eknl: 0.10233, L_Morse: 0.45355

Weights: [7000.0, 600.0, 0, 50.0, 0.0, 10.0], lr=5.000e-05
Epoch: 0 [ 980/10000 (10%)] Loss: 29.54099 = L_Mnfld: 11.03897 + L_NonMnfld: 8.76539 + L_Nrml: 0.00000 + L_Eknl: 5.09155 + L_Div: 0.00000 + L_Morse: 4.64508
Epoch: 0 [ 980/10000 (10%)] Unweighted L_s : L_Mnfld: 0.00158,  L_NonMnfld: 0.01461,  L_Nrml: 0.00000,  L_Eknl: 0.10183, L_Morse: 0.46451

Weights: [7000.0, 600.0, 0, 50.0, 0.0, 10.0], lr=5.000e-05
Epoch: 0 [ 990/10000 (10%)] Loss: 28.70345 = L_Mnfld: 10.67011 + L_NonMnfld: 8.32536 + L_Nrml: 0.00000 + L_Eknl: 5.10692 + L_Div: 0.00000 + L_Morse: 4.60106
Epoch: 0 [ 990/10000 (10%)] Unweighted L_s : L_Mnfld: 0.00152,  L_NonMnfld: 0.01388,  L_Nrml: 0.00000,  L_Eknl: 0.10214, L_Morse: 0.46011

Weights: [7000.0, 600.0, 0, 50.0, 0.0, 10.0], lr=5.000e-05
Epoch: 0 [1000/10000 (10%)] Loss: 27.59185 = L_Mnfld: 10.03361 + L_NonMnfld: 8.20084 + L_Nrml: 0.00000 + L_Eknl: 5.04445 + L_Div: 0.00000 + L_Morse: 4.31296
Epoch: 0 [1000/10000 (10%)] Unweighted L_s : L_Mnfld: 0.00143,  L_NonMnfld: 0.01367,  L_Nrml: 0.00000,  L_Eknl: 0.10089, L_Morse: 0.43130

Weights: [7000.0, 600.0, 0, 50.0, 0.0, 10.0], lr=5.000e-05
Epoch: 0 [1010/10000 (10%)] Loss: 28.57179 = L_Mnfld: 10.45744 + L_NonMnfld: 8.41269 + L_Nrml: 0.00000 + L_Eknl: 5.11032 + L_Div: 0.00000 + L_Morse: 4.59133
Epoch: 0 [1010/10000 (10%)] Unweighted L_s : L_Mnfld: 0.00149,  L_NonMnfld: 0.01402,  L_Nrml: 0.00000,  L_Eknl: 0.10221, L_Morse: 0.45913

Weights: [7000.0, 600.0, 0, 50.0, 0.0, 10.0], lr=5.000e-05
Epoch: 0 [1020/10000 (10%)] Loss: 28.89975 = L_Mnfld: 10.99885 + L_NonMnfld: 8.05955 + L_Nrml: 0.00000 + L_Eknl: 5.02103 + L_Div: 0.00000 + L_Morse: 4.82032
Epoch: 0 [1020/10000 (10%)] Unweighted L_s : L_Mnfld: 0.00157,  L_NonMnfld: 0.01343,  L_Nrml: 0.00000,  L_Eknl: 0.10042, L_Morse: 0.48203

Weights: [7000.0, 600.0, 0, 50.0, 0.0, 10.0], lr=5.000e-05
Epoch: 0 [1030/10000 (10%)] Loss: 28.38082 = L_Mnfld: 9.98832 + L_NonMnfld: 8.66083 + L_Nrml: 0.00000 + L_Eknl: 5.17824 + L_Div: 0.00000 + L_Morse: 4.55344
Epoch: 0 [1030/10000 (10%)] Unweighted L_s : L_Mnfld: 0.00143,  L_NonMnfld: 0.01443,  L_Nrml: 0.00000,  L_Eknl: 0.10356, L_Morse: 0.45534

Weights: [7000.0, 600.0, 0, 50.0, 0.0, 10.0], lr=5.000e-05
Epoch: 0 [1040/10000 (10%)] Loss: 29.08693 = L_Mnfld: 11.24919 + L_NonMnfld: 8.37843 + L_Nrml: 0.00000 + L_Eknl: 4.90124 + L_Div: 0.00000 + L_Morse: 4.55808
Epoch: 0 [1040/10000 (10%)] Unweighted L_s : L_Mnfld: 0.00161,  L_NonMnfld: 0.01396,  L_Nrml: 0.00000,  L_Eknl: 0.09802, L_Morse: 0.45581

Weights: [7000.0, 600.0, 0, 50.0, 0.0, 10.0], lr=5.000e-05
Epoch: 0 [1050/10000 (10%)] Loss: 28.52361 = L_Mnfld: 9.96225 + L_NonMnfld: 8.74779 + L_Nrml: 0.00000 + L_Eknl: 5.10404 + L_Div: 0.00000 + L_Morse: 4.70953
Epoch: 0 [1050/10000 (10%)] Unweighted L_s : L_Mnfld: 0.00142,  L_NonMnfld: 0.01458,  L_Nrml: 0.00000,  L_Eknl: 0.10208, L_Morse: 0.47095

Weights: [7000.0, 600.0, 0, 50.0, 0.0, 10.0], lr=5.000e-05
Epoch: 0 [1060/10000 (11%)] Loss: 27.44373 = L_Mnfld: 10.20820 + L_NonMnfld: 7.67199 + L_Nrml: 0.00000 + L_Eknl: 5.00716 + L_Div: 0.00000 + L_Morse: 4.55637
Epoch: 0 [1060/10000 (11%)] Unweighted L_s : L_Mnfld: 0.00146,  L_NonMnfld: 0.01279,  L_Nrml: 0.00000,  L_Eknl: 0.10014, L_Morse: 0.45564

Weights: [7000.0, 600.0, 0, 50.0, 0.0, 10.0], lr=5.000e-05
Epoch: 0 [1070/10000 (11%)] Loss: 27.71518 = L_Mnfld: 9.07922 + L_NonMnfld: 9.25477 + L_Nrml: 0.00000 + L_Eknl: 4.96409 + L_Div: 0.00000 + L_Morse: 4.41709
Epoch: 0 [1070/10000 (11%)] Unweighted L_s : L_Mnfld: 0.00130,  L_NonMnfld: 0.01542,  L_Nrml: 0.00000,  L_Eknl: 0.09928, L_Morse: 0.44171

Weights: [7000.0, 600.0, 0, 50.0, 0.0, 10.0], lr=5.000e-05
Epoch: 0 [1080/10000 (11%)] Loss: 28.25154 = L_Mnfld: 10.45778 + L_NonMnfld: 8.14933 + L_Nrml: 0.00000 + L_Eknl: 4.95145 + L_Div: 0.00000 + L_Morse: 4.69297
Epoch: 0 [1080/10000 (11%)] Unweighted L_s : L_Mnfld: 0.00149,  L_NonMnfld: 0.01358,  L_Nrml: 0.00000,  L_Eknl: 0.09903, L_Morse: 0.46930

Weights: [7000.0, 600.0, 0, 50.0, 0.0, 10.0], lr=5.000e-05
Epoch: 0 [1090/10000 (11%)] Loss: 27.66958 = L_Mnfld: 9.83249 + L_NonMnfld: 8.33178 + L_Nrml: 0.00000 + L_Eknl: 4.89245 + L_Div: 0.00000 + L_Morse: 4.61286
Epoch: 0 [1090/10000 (11%)] Unweighted L_s : L_Mnfld: 0.00140,  L_NonMnfld: 0.01389,  L_Nrml: 0.00000,  L_Eknl: 0.09785, L_Morse: 0.46129

Weights: [7000.0, 600.0, 0, 50.0, 0.0, 10.0], lr=5.000e-05
Epoch: 0 [1100/10000 (11%)] Loss: 26.82766 = L_Mnfld: 9.31378 + L_NonMnfld: 8.27485 + L_Nrml: 0.00000 + L_Eknl: 4.80537 + L_Div: 0.00000 + L_Morse: 4.43366
Epoch: 0 [1100/10000 (11%)] Unweighted L_s : L_Mnfld: 0.00133,  L_NonMnfld: 0.01379,  L_Nrml: 0.00000,  L_Eknl: 0.09611, L_Morse: 0.44337

Weights: [7000.0, 600.0, 0, 50.0, 0.0, 10.0], lr=5.000e-05
Epoch: 0 [1110/10000 (11%)] Loss: 29.71987 = L_Mnfld: 10.62640 + L_NonMnfld: 9.44096 + L_Nrml: 0.00000 + L_Eknl: 5.10342 + L_Div: 0.00000 + L_Morse: 4.54910
Epoch: 0 [1110/10000 (11%)] Unweighted L_s : L_Mnfld: 0.00152,  L_NonMnfld: 0.01573,  L_Nrml: 0.00000,  L_Eknl: 0.10207, L_Morse: 0.45491

Weights: [7000.0, 600.0, 0, 50.0, 0.0, 10.0], lr=5.000e-05
Epoch: 0 [1120/10000 (11%)] Loss: 27.99623 = L_Mnfld: 10.21620 + L_NonMnfld: 8.22538 + L_Nrml: 0.00000 + L_Eknl: 4.86457 + L_Div: 0.00000 + L_Morse: 4.69008
Epoch: 0 [1120/10000 (11%)] Unweighted L_s : L_Mnfld: 0.00146,  L_NonMnfld: 0.01371,  L_Nrml: 0.00000,  L_Eknl: 0.09729, L_Morse: 0.46901

Weights: [7000.0, 600.0, 0, 50.0, 0.0, 10.0], lr=5.000e-05
Epoch: 0 [1130/10000 (11%)] Loss: 28.05792 = L_Mnfld: 9.90774 + L_NonMnfld: 8.61772 + L_Nrml: 0.00000 + L_Eknl: 4.87149 + L_Div: 0.00000 + L_Morse: 4.66097
Epoch: 0 [1130/10000 (11%)] Unweighted L_s : L_Mnfld: 0.00142,  L_NonMnfld: 0.01436,  L_Nrml: 0.00000,  L_Eknl: 0.09743, L_Morse: 0.46610

Weights: [7000.0, 600.0, 0, 50.0, 0.0, 10.0], lr=5.000e-05
Epoch: 0 [1140/10000 (11%)] Loss: 29.23377 = L_Mnfld: 11.10932 + L_NonMnfld: 8.94655 + L_Nrml: 0.00000 + L_Eknl: 4.83731 + L_Div: 0.00000 + L_Morse: 4.34059
Epoch: 0 [1140/10000 (11%)] Unweighted L_s : L_Mnfld: 0.00159,  L_NonMnfld: 0.01491,  L_Nrml: 0.00000,  L_Eknl: 0.09675, L_Morse: 0.43406

Weights: [7000.0, 600.0, 0, 50.0, 0.0, 10.0], lr=5.000e-05
Epoch: 0 [1150/10000 (12%)] Loss: 26.70573 = L_Mnfld: 9.61618 + L_NonMnfld: 7.46199 + L_Nrml: 0.00000 + L_Eknl: 4.89282 + L_Div: 0.00000 + L_Morse: 4.73473
Epoch: 0 [1150/10000 (12%)] Unweighted L_s : L_Mnfld: 0.00137,  L_NonMnfld: 0.01244,  L_Nrml: 0.00000,  L_Eknl: 0.09786, L_Morse: 0.47347

Weights: [7000.0, 600.0, 0, 50.0, 0.0, 10.0], lr=5.000e-05
Epoch: 0 [1160/10000 (12%)] Loss: 29.63201 = L_Mnfld: 12.21193 + L_NonMnfld: 7.86798 + L_Nrml: 0.00000 + L_Eknl: 4.89455 + L_Div: 0.00000 + L_Morse: 4.65756
Epoch: 0 [1160/10000 (12%)] Unweighted L_s : L_Mnfld: 0.00174,  L_NonMnfld: 0.01311,  L_Nrml: 0.00000,  L_Eknl: 0.09789, L_Morse: 0.46576

Weights: [7000.0, 600.0, 0, 50.0, 0.0, 10.0], lr=5.000e-05
Epoch: 0 [1170/10000 (12%)] Loss: 29.01207 = L_Mnfld: 10.98700 + L_NonMnfld: 8.59588 + L_Nrml: 0.00000 + L_Eknl: 4.84991 + L_Div: 0.00000 + L_Morse: 4.57928
Epoch: 0 [1170/10000 (12%)] Unweighted L_s : L_Mnfld: 0.00157,  L_NonMnfld: 0.01433,  L_Nrml: 0.00000,  L_Eknl: 0.09700, L_Morse: 0.45793

Weights: [7000.0, 600.0, 0, 50.0, 0.0, 10.0], lr=5.000e-05
Epoch: 0 [1180/10000 (12%)] Loss: 31.46677 = L_Mnfld: 13.93966 + L_NonMnfld: 7.70950 + L_Nrml: 0.00000 + L_Eknl: 5.01358 + L_Div: 0.00000 + L_Morse: 4.80403
Epoch: 0 [1180/10000 (12%)] Unweighted L_s : L_Mnfld: 0.00199,  L_NonMnfld: 0.01285,  L_Nrml: 0.00000,  L_Eknl: 0.10027, L_Morse: 0.48040

Weights: [7000.0, 600.0, 0, 50.0, 0.0, 10.0], lr=5.000e-05
Epoch: 0 [1190/10000 (12%)] Loss: 32.72630 = L_Mnfld: 14.07142 + L_NonMnfld: 8.79646 + L_Nrml: 0.00000 + L_Eknl: 4.91552 + L_Div: 0.00000 + L_Morse: 4.94290
Epoch: 0 [1190/10000 (12%)] Unweighted L_s : L_Mnfld: 0.00201,  L_NonMnfld: 0.01466,  L_Nrml: 0.00000,  L_Eknl: 0.09831, L_Morse: 0.49429

Weights: [7000.0, 600.0, 0, 50.0, 0.0, 10.0], lr=5.000e-05
Epoch: 0 [1200/10000 (12%)] Loss: 31.31465 = L_Mnfld: 13.09921 + L_NonMnfld: 8.59821 + L_Nrml: 0.00000 + L_Eknl: 5.00535 + L_Div: 0.00000 + L_Morse: 4.61188
Epoch: 0 [1200/10000 (12%)] Unweighted L_s : L_Mnfld: 0.00187,  L_NonMnfld: 0.01433,  L_Nrml: 0.00000,  L_Eknl: 0.10011, L_Morse: 0.46119

Weights: [7000.0, 600.0, 0, 50.0, 0.0, 10.0], lr=5.000e-05
Epoch: 0 [1210/10000 (12%)] Loss: 29.83262 = L_Mnfld: 11.26408 + L_NonMnfld: 8.90714 + L_Nrml: 0.00000 + L_Eknl: 4.83661 + L_Div: 0.00000 + L_Morse: 4.82479
Epoch: 0 [1210/10000 (12%)] Unweighted L_s : L_Mnfld: 0.00161,  L_NonMnfld: 0.01485,  L_Nrml: 0.00000,  L_Eknl: 0.09673, L_Morse: 0.48248

Weights: [7000.0, 600.0, 0, 50.0, 0.0, 10.0], lr=5.000e-05
Epoch: 0 [1220/10000 (12%)] Loss: 30.23199 = L_Mnfld: 12.16786 + L_NonMnfld: 8.68717 + L_Nrml: 0.00000 + L_Eknl: 4.76186 + L_Div: 0.00000 + L_Morse: 4.61509
Epoch: 0 [1220/10000 (12%)] Unweighted L_s : L_Mnfld: 0.00174,  L_NonMnfld: 0.01448,  L_Nrml: 0.00000,  L_Eknl: 0.09524, L_Morse: 0.46151

Weights: [7000.0, 600.0, 0, 50.0, 0.0, 10.0], lr=5.000e-05
Epoch: 0 [1230/10000 (12%)] Loss: 29.59317 = L_Mnfld: 11.78051 + L_NonMnfld: 8.23298 + L_Nrml: 0.00000 + L_Eknl: 4.87877 + L_Div: 0.00000 + L_Morse: 4.70091
Epoch: 0 [1230/10000 (12%)] Unweighted L_s : L_Mnfld: 0.00168,  L_NonMnfld: 0.01372,  L_Nrml: 0.00000,  L_Eknl: 0.09758, L_Morse: 0.47009

Weights: [7000.0, 600.0, 0, 50.0, 0.0, 10.0], lr=5.000e-05
Epoch: 0 [1240/10000 (12%)] Loss: 30.03842 = L_Mnfld: 11.13226 + L_NonMnfld: 9.31409 + L_Nrml: 0.00000 + L_Eknl: 4.74831 + L_Div: 0.00000 + L_Morse: 4.84376
Epoch: 0 [1240/10000 (12%)] Unweighted L_s : L_Mnfld: 0.00159,  L_NonMnfld: 0.01552,  L_Nrml: 0.00000,  L_Eknl: 0.09497, L_Morse: 0.48438

Weights: [7000.0, 600.0, 0, 50.0, 0.0, 10.0], lr=5.000e-05
Epoch: 0 [1250/10000 (12%)] Loss: 30.29335 = L_Mnfld: 12.40576 + L_NonMnfld: 8.57025 + L_Nrml: 0.00000 + L_Eknl: 4.77982 + L_Div: 0.00000 + L_Morse: 4.53752
Epoch: 0 [1250/10000 (12%)] Unweighted L_s : L_Mnfld: 0.00177,  L_NonMnfld: 0.01428,  L_Nrml: 0.00000,  L_Eknl: 0.09560, L_Morse: 0.45375

Weights: [7000.0, 600.0, 0, 50.0, 0.0, 10.0], lr=5.000e-05
Epoch: 0 [1260/10000 (13%)] Loss: 27.99650 = L_Mnfld: 10.86928 + L_NonMnfld: 7.91116 + L_Nrml: 0.00000 + L_Eknl: 4.63819 + L_Div: 0.00000 + L_Morse: 4.57787
Epoch: 0 [1260/10000 (13%)] Unweighted L_s : L_Mnfld: 0.00155,  L_NonMnfld: 0.01319,  L_Nrml: 0.00000,  L_Eknl: 0.09276, L_Morse: 0.45779

Weights: [7000.0, 600.0, 0, 50.0, 0.0, 10.0], lr=5.000e-05
Epoch: 0 [1270/10000 (13%)] Loss: 28.32256 = L_Mnfld: 11.35922 + L_NonMnfld: 7.70710 + L_Nrml: 0.00000 + L_Eknl: 4.66031 + L_Div: 0.00000 + L_Morse: 4.59593
Epoch: 0 [1270/10000 (13%)] Unweighted L_s : L_Mnfld: 0.00162,  L_NonMnfld: 0.01285,  L_Nrml: 0.00000,  L_Eknl: 0.09321, L_Morse: 0.45959

Weights: [7000.0, 600.0, 0, 50.0, 0.0, 10.0], lr=5.000e-05
Epoch: 0 [1280/10000 (13%)] Loss: 27.83695 = L_Mnfld: 10.39043 + L_NonMnfld: 8.21125 + L_Nrml: 0.00000 + L_Eknl: 4.69533 + L_Div: 0.00000 + L_Morse: 4.53994
Epoch: 0 [1280/10000 (13%)] Unweighted L_s : L_Mnfld: 0.00148,  L_NonMnfld: 0.01369,  L_Nrml: 0.00000,  L_Eknl: 0.09391, L_Morse: 0.45399

Weights: [7000.0, 600.0, 0, 50.0, 0.0, 10.0], lr=5.000e-05
Epoch: 0 [1290/10000 (13%)] Loss: 26.91959 = L_Mnfld: 9.59379 + L_NonMnfld: 8.11000 + L_Nrml: 0.00000 + L_Eknl: 4.69912 + L_Div: 0.00000 + L_Morse: 4.51667
Epoch: 0 [1290/10000 (13%)] Unweighted L_s : L_Mnfld: 0.00137,  L_NonMnfld: 0.01352,  L_Nrml: 0.00000,  L_Eknl: 0.09398, L_Morse: 0.45167

Weights: [7000.0, 600.0, 0, 50.0, 0.0, 10.0], lr=5.000e-05
Epoch: 0 [1300/10000 (13%)] Loss: 29.84170 = L_Mnfld: 10.66802 + L_NonMnfld: 9.87677 + L_Nrml: 0.00000 + L_Eknl: 4.63264 + L_Div: 0.00000 + L_Morse: 4.66427
Epoch: 0 [1300/10000 (13%)] Unweighted L_s : L_Mnfld: 0.00152,  L_NonMnfld: 0.01646,  L_Nrml: 0.00000,  L_Eknl: 0.09265, L_Morse: 0.46643

Weights: [7000.0, 600.0, 0, 50.0, 0.0, 10.0], lr=5.000e-05
Epoch: 0 [1310/10000 (13%)] Loss: 27.68486 = L_Mnfld: 10.21948 + L_NonMnfld: 8.57583 + L_Nrml: 0.00000 + L_Eknl: 4.58703 + L_Div: 0.00000 + L_Morse: 4.30252
Epoch: 0 [1310/10000 (13%)] Unweighted L_s : L_Mnfld: 0.00146,  L_NonMnfld: 0.01429,  L_Nrml: 0.00000,  L_Eknl: 0.09174, L_Morse: 0.43025

Weights: [7000.0, 600.0, 0, 50.0, 0.0, 10.0], lr=5.000e-05
Epoch: 0 [1320/10000 (13%)] Loss: 27.24205 = L_Mnfld: 9.50033 + L_NonMnfld: 8.69234 + L_Nrml: 0.00000 + L_Eknl: 4.62641 + L_Div: 0.00000 + L_Morse: 4.42297
Epoch: 0 [1320/10000 (13%)] Unweighted L_s : L_Mnfld: 0.00136,  L_NonMnfld: 0.01449,  L_Nrml: 0.00000,  L_Eknl: 0.09253, L_Morse: 0.44230

Weights: [7000.0, 600.0, 0, 50.0, 0.0, 10.0], lr=5.000e-05
Epoch: 0 [1330/10000 (13%)] Loss: 27.14972 = L_Mnfld: 9.41194 + L_NonMnfld: 8.59962 + L_Nrml: 0.00000 + L_Eknl: 4.54854 + L_Div: 0.00000 + L_Morse: 4.58962
Epoch: 0 [1330/10000 (13%)] Unweighted L_s : L_Mnfld: 0.00134,  L_NonMnfld: 0.01433,  L_Nrml: 0.00000,  L_Eknl: 0.09097, L_Morse: 0.45896

Weights: [7000.0, 600.0, 0, 50.0, 0.0, 10.0], lr=5.000e-05
Epoch: 0 [1340/10000 (13%)] Loss: 27.04016 = L_Mnfld: 10.85575 + L_NonMnfld: 7.08196 + L_Nrml: 0.00000 + L_Eknl: 4.60352 + L_Div: 0.00000 + L_Morse: 4.49892
Epoch: 0 [1340/10000 (13%)] Unweighted L_s : L_Mnfld: 0.00155,  L_NonMnfld: 0.01180,  L_Nrml: 0.00000,  L_Eknl: 0.09207, L_Morse: 0.44989

Weights: [7000.0, 600.0, 0, 50.0, 0.0, 10.0], lr=5.000e-05
Epoch: 0 [1350/10000 (14%)] Loss: 27.63761 = L_Mnfld: 10.43614 + L_NonMnfld: 8.19305 + L_Nrml: 0.00000 + L_Eknl: 4.51376 + L_Div: 0.00000 + L_Morse: 4.49465
Epoch: 0 [1350/10000 (14%)] Unweighted L_s : L_Mnfld: 0.00149,  L_NonMnfld: 0.01366,  L_Nrml: 0.00000,  L_Eknl: 0.09028, L_Morse: 0.44947

Weights: [7000.0, 600.0, 0, 50.0, 0.0, 10.0], lr=5.000e-05
Epoch: 0 [1360/10000 (14%)] Loss: 28.62463 = L_Mnfld: 11.30037 + L_NonMnfld: 7.99568 + L_Nrml: 0.00000 + L_Eknl: 4.63370 + L_Div: 0.00000 + L_Morse: 4.69488
Epoch: 0 [1360/10000 (14%)] Unweighted L_s : L_Mnfld: 0.00161,  L_NonMnfld: 0.01333,  L_Nrml: 0.00000,  L_Eknl: 0.09267, L_Morse: 0.46949

Weights: [7000.0, 600.0, 0, 50.0, 0.0, 10.0], lr=5.000e-05
Epoch: 0 [1370/10000 (14%)] Loss: 29.78673 = L_Mnfld: 12.37062 + L_NonMnfld: 8.42738 + L_Nrml: 0.00000 + L_Eknl: 4.54412 + L_Div: 0.00000 + L_Morse: 4.44461
Epoch: 0 [1370/10000 (14%)] Unweighted L_s : L_Mnfld: 0.00177,  L_NonMnfld: 0.01405,  L_Nrml: 0.00000,  L_Eknl: 0.09088, L_Morse: 0.44446

Weights: [7000.0, 600.0, 0, 50.0, 0.0, 10.0], lr=5.000e-05
Epoch: 0 [1380/10000 (14%)] Loss: 29.79814 = L_Mnfld: 12.84969 + L_NonMnfld: 7.55003 + L_Nrml: 0.00000 + L_Eknl: 4.64795 + L_Div: 0.00000 + L_Morse: 4.75047
Epoch: 0 [1380/10000 (14%)] Unweighted L_s : L_Mnfld: 0.00184,  L_NonMnfld: 0.01258,  L_Nrml: 0.00000,  L_Eknl: 0.09296, L_Morse: 0.47505

Weights: [7000.0, 600.0, 0, 50.0, 0.0, 10.0], lr=5.000e-05
Epoch: 0 [1390/10000 (14%)] Loss: 28.86822 = L_Mnfld: 10.89213 + L_NonMnfld: 8.78265 + L_Nrml: 0.00000 + L_Eknl: 4.58576 + L_Div: 0.00000 + L_Morse: 4.60768
Epoch: 0 [1390/10000 (14%)] Unweighted L_s : L_Mnfld: 0.00156,  L_NonMnfld: 0.01464,  L_Nrml: 0.00000,  L_Eknl: 0.09172, L_Morse: 0.46077

Weights: [7000.0, 600.0, 0, 50.0, 0.0, 10.0], lr=5.000e-05
Epoch: 0 [1400/10000 (14%)] Loss: 29.23553 = L_Mnfld: 11.80932 + L_NonMnfld: 8.39456 + L_Nrml: 0.00000 + L_Eknl: 4.47102 + L_Div: 0.00000 + L_Morse: 4.56063
Epoch: 0 [1400/10000 (14%)] Unweighted L_s : L_Mnfld: 0.00169,  L_NonMnfld: 0.01399,  L_Nrml: 0.00000,  L_Eknl: 0.08942, L_Morse: 0.45606

Weights: [7000.0, 600.0, 0, 50.0, 0.0, 10.0], lr=5.000e-05
Epoch: 0 [1410/10000 (14%)] Loss: 29.67079 = L_Mnfld: 11.87119 + L_NonMnfld: 8.56162 + L_Nrml: 0.00000 + L_Eknl: 4.72691 + L_Div: 0.00000 + L_Morse: 4.51107
Epoch: 0 [1410/10000 (14%)] Unweighted L_s : L_Mnfld: 0.00170,  L_NonMnfld: 0.01427,  L_Nrml: 0.00000,  L_Eknl: 0.09454, L_Morse: 0.45111

Weights: [7000.0, 600.0, 0, 50.0, 0.0, 10.0], lr=5.000e-05
Epoch: 0 [1420/10000 (14%)] Loss: 29.67316 = L_Mnfld: 12.66799 + L_NonMnfld: 7.96071 + L_Nrml: 0.00000 + L_Eknl: 4.51776 + L_Div: 0.00000 + L_Morse: 4.52671
Epoch: 0 [1420/10000 (14%)] Unweighted L_s : L_Mnfld: 0.00181,  L_NonMnfld: 0.01327,  L_Nrml: 0.00000,  L_Eknl: 0.09036, L_Morse: 0.45267

Weights: [7000.0, 600.0, 0, 50.0, 0.0, 10.0], lr=5.000e-05
Epoch: 0 [1430/10000 (14%)] Loss: 27.69663 = L_Mnfld: 10.23203 + L_NonMnfld: 8.33250 + L_Nrml: 0.00000 + L_Eknl: 4.45333 + L_Div: 0.00000 + L_Morse: 4.67877
Epoch: 0 [1430/10000 (14%)] Unweighted L_s : L_Mnfld: 0.00146,  L_NonMnfld: 0.01389,  L_Nrml: 0.00000,  L_Eknl: 0.08907, L_Morse: 0.46788

Weights: [7000.0, 600.0, 0, 50.0, 0.0, 10.0], lr=5.000e-05
Epoch: 0 [1440/10000 (14%)] Loss: 28.80695 = L_Mnfld: 11.40477 + L_NonMnfld: 8.31904 + L_Nrml: 0.00000 + L_Eknl: 4.49778 + L_Div: 0.00000 + L_Morse: 4.58536
Epoch: 0 [1440/10000 (14%)] Unweighted L_s : L_Mnfld: 0.00163,  L_NonMnfld: 0.01387,  L_Nrml: 0.00000,  L_Eknl: 0.08996, L_Morse: 0.45854

Weights: [7000.0, 600.0, 0, 50.0, 0.0, 10.0], lr=5.000e-05
Epoch: 0 [1450/10000 (14%)] Loss: 28.56121 = L_Mnfld: 10.53170 + L_NonMnfld: 9.12647 + L_Nrml: 0.00000 + L_Eknl: 4.41396 + L_Div: 0.00000 + L_Morse: 4.48908
Epoch: 0 [1450/10000 (14%)] Unweighted L_s : L_Mnfld: 0.00150,  L_NonMnfld: 0.01521,  L_Nrml: 0.00000,  L_Eknl: 0.08828, L_Morse: 0.44891

Weights: [7000.0, 600.0, 0, 50.0, 0.0, 10.0], lr=5.000e-05
Epoch: 0 [1460/10000 (15%)] Loss: 27.85370 = L_Mnfld: 9.91405 + L_NonMnfld: 8.80537 + L_Nrml: 0.00000 + L_Eknl: 4.49912 + L_Div: 0.00000 + L_Morse: 4.63515
Epoch: 0 [1460/10000 (15%)] Unweighted L_s : L_Mnfld: 0.00142,  L_NonMnfld: 0.01468,  L_Nrml: 0.00000,  L_Eknl: 0.08998, L_Morse: 0.46352

Weights: [7000.0, 600.0, 0, 50.0, 0.0, 10.0], lr=5.000e-05
Epoch: 0 [1470/10000 (15%)] Loss: 27.24547 = L_Mnfld: 9.39414 + L_NonMnfld: 8.83768 + L_Nrml: 0.00000 + L_Eknl: 4.47791 + L_Div: 0.00000 + L_Morse: 4.53574
Epoch: 0 [1470/10000 (15%)] Unweighted L_s : L_Mnfld: 0.00134,  L_NonMnfld: 0.01473,  L_Nrml: 0.00000,  L_Eknl: 0.08956, L_Morse: 0.45357

Weights: [7000.0, 600.0, 0, 50.0, 0.0, 10.0], lr=5.000e-05
Epoch: 0 [1480/10000 (15%)] Loss: 26.47814 = L_Mnfld: 9.62256 + L_NonMnfld: 7.83449 + L_Nrml: 0.00000 + L_Eknl: 4.41691 + L_Div: 0.00000 + L_Morse: 4.60417
Epoch: 0 [1480/10000 (15%)] Unweighted L_s : L_Mnfld: 0.00137,  L_NonMnfld: 0.01306,  L_Nrml: 0.00000,  L_Eknl: 0.08834, L_Morse: 0.46042

Weights: [7000.0, 600.0, 0, 50.0, 0.0, 10.0], lr=5.000e-05
Epoch: 0 [1490/10000 (15%)] Loss: 28.19271 = L_Mnfld: 9.93297 + L_NonMnfld: 9.35402 + L_Nrml: 0.00000 + L_Eknl: 4.34080 + L_Div: 0.00000 + L_Morse: 4.56492
Epoch: 0 [1490/10000 (15%)] Unweighted L_s : L_Mnfld: 0.00142,  L_NonMnfld: 0.01559,  L_Nrml: 0.00000,  L_Eknl: 0.08682, L_Morse: 0.45649

Weights: [7000.0, 600.0, 0, 50.0, 0.0, 10.0], lr=5.000e-05
Epoch: 0 [1500/10000 (15%)] Loss: 26.51723 = L_Mnfld: 9.77056 + L_NonMnfld: 7.78770 + L_Nrml: 0.00000 + L_Eknl: 4.42477 + L_Div: 0.00000 + L_Morse: 4.53419
Epoch: 0 [1500/10000 (15%)] Unweighted L_s : L_Mnfld: 0.00140,  L_NonMnfld: 0.01298,  L_Nrml: 0.00000,  L_Eknl: 0.08850, L_Morse: 0.45342

Weights: [7000.0, 600.0, 0, 50.0, 0.0, 10.0], lr=5.000e-05
Epoch: 0 [1510/10000 (15%)] Loss: 27.23951 = L_Mnfld: 9.57986 + L_NonMnfld: 8.51524 + L_Nrml: 0.00000 + L_Eknl: 4.39981 + L_Div: 0.00000 + L_Morse: 4.74460
Epoch: 0 [1510/10000 (15%)] Unweighted L_s : L_Mnfld: 0.00137,  L_NonMnfld: 0.01419,  L_Nrml: 0.00000,  L_Eknl: 0.08800, L_Morse: 0.47446

Weights: [7000.0, 600.0, 0, 50.0, 0.0, 10.0], lr=5.000e-05
Epoch: 0 [1520/10000 (15%)] Loss: 27.20897 = L_Mnfld: 10.48675 + L_NonMnfld: 7.80686 + L_Nrml: 0.00000 + L_Eknl: 4.41273 + L_Div: 0.00000 + L_Morse: 4.50264
Epoch: 0 [1520/10000 (15%)] Unweighted L_s : L_Mnfld: 0.00150,  L_NonMnfld: 0.01301,  L_Nrml: 0.00000,  L_Eknl: 0.08825, L_Morse: 0.45026

Weights: [7000.0, 600.0, 0, 50.0, 0.0, 10.0], lr=5.000e-05
Epoch: 0 [1530/10000 (15%)] Loss: 26.93673 = L_Mnfld: 9.54923 + L_NonMnfld: 8.53310 + L_Nrml: 0.00000 + L_Eknl: 4.50438 + L_Div: 0.00000 + L_Morse: 4.35002
Epoch: 0 [1530/10000 (15%)] Unweighted L_s : L_Mnfld: 0.00136,  L_NonMnfld: 0.01422,  L_Nrml: 0.00000,  L_Eknl: 0.09009, L_Morse: 0.43500

Weights: [7000.0, 600.0, 0, 50.0, 0.0, 10.0], lr=5.000e-05
Epoch: 0 [1540/10000 (15%)] Loss: 27.58677 = L_Mnfld: 10.65910 + L_NonMnfld: 8.00048 + L_Nrml: 0.00000 + L_Eknl: 4.30976 + L_Div: 0.00000 + L_Morse: 4.61744
Epoch: 0 [1540/10000 (15%)] Unweighted L_s : L_Mnfld: 0.00152,  L_NonMnfld: 0.01333,  L_Nrml: 0.00000,  L_Eknl: 0.08620, L_Morse: 0.46174

Weights: [7000.0, 600.0, 0, 50.0, 0.0, 10.0], lr=5.000e-05
Epoch: 0 [1550/10000 (16%)] Loss: 27.31966 = L_Mnfld: 9.13702 + L_NonMnfld: 9.21369 + L_Nrml: 0.00000 + L_Eknl: 4.48239 + L_Div: 0.00000 + L_Morse: 4.48655
Epoch: 0 [1550/10000 (16%)] Unweighted L_s : L_Mnfld: 0.00131,  L_NonMnfld: 0.01536,  L_Nrml: 0.00000,  L_Eknl: 0.08965, L_Morse: 0.44866

Weights: [7000.0, 600.0, 0, 50.0, 0.0, 10.0], lr=5.000e-05
Epoch: 0 [1560/10000 (16%)] Loss: 26.96750 = L_Mnfld: 9.66765 + L_NonMnfld: 8.07440 + L_Nrml: 0.00000 + L_Eknl: 4.45655 + L_Div: 0.00000 + L_Morse: 4.76890
Epoch: 0 [1560/10000 (16%)] Unweighted L_s : L_Mnfld: 0.00138,  L_NonMnfld: 0.01346,  L_Nrml: 0.00000,  L_Eknl: 0.08913, L_Morse: 0.47689

Weights: [7000.0, 600.0, 0, 50.0, 0.0, 10.0], lr=5.000e-05
Epoch: 0 [1570/10000 (16%)] Loss: 27.49721 = L_Mnfld: 9.32942 + L_NonMnfld: 9.34475 + L_Nrml: 0.00000 + L_Eknl: 4.35822 + L_Div: 0.00000 + L_Morse: 4.46482
Epoch: 0 [1570/10000 (16%)] Unweighted L_s : L_Mnfld: 0.00133,  L_NonMnfld: 0.01557,  L_Nrml: 0.00000,  L_Eknl: 0.08716, L_Morse: 0.44648

Weights: [7000.0, 600.0, 0, 50.0, 0.0, 10.0], lr=5.000e-05
Epoch: 0 [1580/10000 (16%)] Loss: 28.85189 = L_Mnfld: 10.93126 + L_NonMnfld: 8.78276 + L_Nrml: 0.00000 + L_Eknl: 4.49176 + L_Div: 0.00000 + L_Morse: 4.64612
Epoch: 0 [1580/10000 (16%)] Unweighted L_s : L_Mnfld: 0.00156,  L_NonMnfld: 0.01464,  L_Nrml: 0.00000,  L_Eknl: 0.08984, L_Morse: 0.46461

Weights: [7000.0, 600.0, 0, 50.0, 0.0, 10.0], lr=5.000e-05
Epoch: 0 [1590/10000 (16%)] Loss: 28.30385 = L_Mnfld: 10.38994 + L_NonMnfld: 8.78924 + L_Nrml: 0.00000 + L_Eknl: 4.58670 + L_Div: 0.00000 + L_Morse: 4.53797
Epoch: 0 [1590/10000 (16%)] Unweighted L_s : L_Mnfld: 0.00148,  L_NonMnfld: 0.01465,  L_Nrml: 0.00000,  L_Eknl: 0.09173, L_Morse: 0.45380

Weights: [7000.0, 600.0, 0, 50.0, 0.0, 10.0], lr=5.000e-05
Epoch: 0 [1600/10000 (16%)] Loss: 27.11627 = L_Mnfld: 10.55462 + L_NonMnfld: 7.96452 + L_Nrml: 0.00000 + L_Eknl: 4.30948 + L_Div: 0.00000 + L_Morse: 4.28765
Epoch: 0 [1600/10000 (16%)] Unweighted L_s : L_Mnfld: 0.00151,  L_NonMnfld: 0.01327,  L_Nrml: 0.00000,  L_Eknl: 0.08619, L_Morse: 0.42876

Weights: [7000.0, 600.0, 0, 50.0, 0.0, 10.0], lr=5.000e-05
Epoch: 0 [1610/10000 (16%)] Loss: 28.76611 = L_Mnfld: 11.42010 + L_NonMnfld: 8.27569 + L_Nrml: 0.00000 + L_Eknl: 4.67444 + L_Div: 0.00000 + L_Morse: 4.39589
Epoch: 0 [1610/10000 (16%)] Unweighted L_s : L_Mnfld: 0.00163,  L_NonMnfld: 0.01379,  L_Nrml: 0.00000,  L_Eknl: 0.09349, L_Morse: 0.43959

Weights: [7000.0, 600.0, 0, 50.0, 0.0, 10.0], lr=5.000e-05
Epoch: 0 [1620/10000 (16%)] Loss: 30.20337 = L_Mnfld: 12.13972 + L_NonMnfld: 8.83069 + L_Nrml: 0.00000 + L_Eknl: 4.70081 + L_Div: 0.00000 + L_Morse: 4.53215
Epoch: 0 [1620/10000 (16%)] Unweighted L_s : L_Mnfld: 0.00173,  L_NonMnfld: 0.01472,  L_Nrml: 0.00000,  L_Eknl: 0.09402, L_Morse: 0.45321

Weights: [7000.0, 600.0, 0, 50.0, 0.0, 10.0], lr=5.000e-05
Epoch: 0 [1630/10000 (16%)] Loss: 29.39651 = L_Mnfld: 11.79372 + L_NonMnfld: 8.57669 + L_Nrml: 0.00000 + L_Eknl: 4.42065 + L_Div: 0.00000 + L_Morse: 4.60546
Epoch: 0 [1630/10000 (16%)] Unweighted L_s : L_Mnfld: 0.00168,  L_NonMnfld: 0.01429,  L_Nrml: 0.00000,  L_Eknl: 0.08841, L_Morse: 0.46055

Weights: [7000.0, 600.0, 0, 50.0, 0.0, 10.0], lr=5.000e-05
Epoch: 0 [1640/10000 (16%)] Loss: 27.92974 = L_Mnfld: 10.76917 + L_NonMnfld: 8.07422 + L_Nrml: 0.00000 + L_Eknl: 4.30462 + L_Div: 0.00000 + L_Morse: 4.78173
Epoch: 0 [1640/10000 (16%)] Unweighted L_s : L_Mnfld: 0.00154,  L_NonMnfld: 0.01346,  L_Nrml: 0.00000,  L_Eknl: 0.08609, L_Morse: 0.47817

Weights: [7000.0, 600.0, 0, 50.0, 0.0, 10.0], lr=5.000e-05
Epoch: 0 [1650/10000 (16%)] Loss: 27.05069 = L_Mnfld: 10.52763 + L_NonMnfld: 7.44613 + L_Nrml: 0.00000 + L_Eknl: 4.43145 + L_Div: 0.00000 + L_Morse: 4.64547
Epoch: 0 [1650/10000 (16%)] Unweighted L_s : L_Mnfld: 0.00150,  L_NonMnfld: 0.01241,  L_Nrml: 0.00000,  L_Eknl: 0.08863, L_Morse: 0.46455

Weights: [7000.0, 600.0, 0, 50.0, 0.0, 10.0], lr=5.000e-05
Epoch: 0 [1660/10000 (17%)] Loss: 26.57539 = L_Mnfld: 9.50500 + L_NonMnfld: 7.89618 + L_Nrml: 0.00000 + L_Eknl: 4.34385 + L_Div: 0.00000 + L_Morse: 4.83038
Epoch: 0 [1660/10000 (17%)] Unweighted L_s : L_Mnfld: 0.00136,  L_NonMnfld: 0.01316,  L_Nrml: 0.00000,  L_Eknl: 0.08688, L_Morse: 0.48304

Weights: [7000.0, 600.0, 0, 50.0, 0.0, 10.0], lr=5.000e-05
Epoch: 0 [1670/10000 (17%)] Loss: 29.65019 = L_Mnfld: 12.28912 + L_NonMnfld: 8.28676 + L_Nrml: 0.00000 + L_Eknl: 4.44017 + L_Div: 0.00000 + L_Morse: 4.63414
Epoch: 0 [1670/10000 (17%)] Unweighted L_s : L_Mnfld: 0.00176,  L_NonMnfld: 0.01381,  L_Nrml: 0.00000,  L_Eknl: 0.08880, L_Morse: 0.46341

Weights: [7000.0, 600.0, 0, 50.0, 0.0, 10.0], lr=5.000e-05
Epoch: 0 [1680/10000 (17%)] Loss: 30.90188 = L_Mnfld: 12.83008 + L_NonMnfld: 8.39404 + L_Nrml: 0.00000 + L_Eknl: 4.62847 + L_Div: 0.00000 + L_Morse: 5.04929
Epoch: 0 [1680/10000 (17%)] Unweighted L_s : L_Mnfld: 0.00183,  L_NonMnfld: 0.01399,  L_Nrml: 0.00000,  L_Eknl: 0.09257, L_Morse: 0.50493

Weights: [7000.0, 600.0, 0, 50.0, 0.0, 10.0], lr=5.000e-05
Epoch: 0 [1690/10000 (17%)] Loss: 33.61994 = L_Mnfld: 16.28416 + L_NonMnfld: 7.75413 + L_Nrml: 0.00000 + L_Eknl: 4.86644 + L_Div: 0.00000 + L_Morse: 4.71521
Epoch: 0 [1690/10000 (17%)] Unweighted L_s : L_Mnfld: 0.00233,  L_NonMnfld: 0.01292,  L_Nrml: 0.00000,  L_Eknl: 0.09733, L_Morse: 0.47152

Weights: [7000.0, 600.0, 0, 50.0, 0.0, 10.0], lr=5.000e-05
Epoch: 0 [1700/10000 (17%)] Loss: 32.23087 = L_Mnfld: 15.11397 + L_NonMnfld: 7.59563 + L_Nrml: 0.00000 + L_Eknl: 4.58933 + L_Div: 0.00000 + L_Morse: 4.93194
Epoch: 0 [1700/10000 (17%)] Unweighted L_s : L_Mnfld: 0.00216,  L_NonMnfld: 0.01266,  L_Nrml: 0.00000,  L_Eknl: 0.09179, L_Morse: 0.49319

Weights: [7000.0, 600.0, 0, 50.0, 0.0, 10.0], lr=5.000e-05
Epoch: 0 [1710/10000 (17%)] Loss: 29.09431 = L_Mnfld: 11.57884 + L_NonMnfld: 8.28600 + L_Nrml: 0.00000 + L_Eknl: 4.47771 + L_Div: 0.00000 + L_Morse: 4.75177
Epoch: 0 [1710/10000 (17%)] Unweighted L_s : L_Mnfld: 0.00165,  L_NonMnfld: 0.01381,  L_Nrml: 0.00000,  L_Eknl: 0.08955, L_Morse: 0.47518

Weights: [7000.0, 600.0, 0, 50.0, 0.0, 10.0], lr=5.000e-05
Epoch: 0 [1720/10000 (17%)] Loss: 28.08550 = L_Mnfld: 10.59648 + L_NonMnfld: 8.11514 + L_Nrml: 0.00000 + L_Eknl: 4.51697 + L_Div: 0.00000 + L_Morse: 4.85691
Epoch: 0 [1720/10000 (17%)] Unweighted L_s : L_Mnfld: 0.00151,  L_NonMnfld: 0.01353,  L_Nrml: 0.00000,  L_Eknl: 0.09034, L_Morse: 0.48569

Weights: [7000.0, 600.0, 0, 50.0, 0.0, 10.0], lr=5.000e-05
Epoch: 0 [1730/10000 (17%)] Loss: 27.10310 = L_Mnfld: 10.16094 + L_NonMnfld: 7.79591 + L_Nrml: 0.00000 + L_Eknl: 4.56839 + L_Div: 0.00000 + L_Morse: 4.57786
Epoch: 0 [1730/10000 (17%)] Unweighted L_s : L_Mnfld: 0.00145,  L_NonMnfld: 0.01299,  L_Nrml: 0.00000,  L_Eknl: 0.09137, L_Morse: 0.45779

Weights: [7000.0, 600.0, 0, 50.0, 0.0, 10.0], lr=5.000e-05
Epoch: 0 [1740/10000 (17%)] Loss: 29.17255 = L_Mnfld: 11.48123 + L_NonMnfld: 8.54949 + L_Nrml: 0.00000 + L_Eknl: 4.57787 + L_Div: 0.00000 + L_Morse: 4.56395
Epoch: 0 [1740/10000 (17%)] Unweighted L_s : L_Mnfld: 0.00164,  L_NonMnfld: 0.01425,  L_Nrml: 0.00000,  L_Eknl: 0.09156, L_Morse: 0.45639

Weights: [7000.0, 600.0, 0, 50.0, 0.0, 10.0], lr=5.000e-05
Epoch: 0 [1750/10000 (18%)] Loss: 28.72041 = L_Mnfld: 11.38894 + L_NonMnfld: 8.18772 + L_Nrml: 0.00000 + L_Eknl: 4.57625 + L_Div: 0.00000 + L_Morse: 4.56751
Epoch: 0 [1750/10000 (18%)] Unweighted L_s : L_Mnfld: 0.00163,  L_NonMnfld: 0.01365,  L_Nrml: 0.00000,  L_Eknl: 0.09152, L_Morse: 0.45675

Weights: [7000.0, 600.0, 0, 50.0, 0.0, 10.0], lr=5.000e-05
Epoch: 0 [1760/10000 (18%)] Loss: 27.38354 = L_Mnfld: 9.87907 + L_NonMnfld: 8.64583 + L_Nrml: 0.00000 + L_Eknl: 4.21606 + L_Div: 0.00000 + L_Morse: 4.64258
Epoch: 0 [1760/10000 (18%)] Unweighted L_s : L_Mnfld: 0.00141,  L_NonMnfld: 0.01441,  L_Nrml: 0.00000,  L_Eknl: 0.08432, L_Morse: 0.46426

Weights: [7000.0, 600.0, 0, 50.0, 0.0, 10.0], lr=5.000e-05
Epoch: 0 [1770/10000 (18%)] Loss: 27.39258 = L_Mnfld: 10.08486 + L_NonMnfld: 8.71159 + L_Nrml: 0.00000 + L_Eknl: 4.24761 + L_Div: 0.00000 + L_Morse: 4.34852
Epoch: 0 [1770/10000 (18%)] Unweighted L_s : L_Mnfld: 0.00144,  L_NonMnfld: 0.01452,  L_Nrml: 0.00000,  L_Eknl: 0.08495, L_Morse: 0.43485

Weights: [7000.0, 600.0, 0, 50.0, 0.0, 10.0], lr=5.000e-05
Epoch: 0 [1780/10000 (18%)] Loss: 28.24907 = L_Mnfld: 10.96550 + L_NonMnfld: 8.83477 + L_Nrml: 0.00000 + L_Eknl: 4.06254 + L_Div: 0.00000 + L_Morse: 4.38627
Epoch: 0 [1780/10000 (18%)] Unweighted L_s : L_Mnfld: 0.00157,  L_NonMnfld: 0.01472,  L_Nrml: 0.00000,  L_Eknl: 0.08125, L_Morse: 0.43863

Weights: [7000.0, 600.0, 0, 50.0, 0.0, 10.0], lr=5.000e-05
Epoch: 0 [1790/10000 (18%)] Loss: 27.26685 = L_Mnfld: 10.09166 + L_NonMnfld: 8.55560 + L_Nrml: 0.00000 + L_Eknl: 4.25081 + L_Div: 0.00000 + L_Morse: 4.36878
Epoch: 0 [1790/10000 (18%)] Unweighted L_s : L_Mnfld: 0.00144,  L_NonMnfld: 0.01426,  L_Nrml: 0.00000,  L_Eknl: 0.08502, L_Morse: 0.43688

Weights: [7000.0, 600.0, 0, 50.0, 0.0, 10.0], lr=5.000e-05
Epoch: 0 [1800/10000 (18%)] Loss: 26.30062 = L_Mnfld: 8.87544 + L_NonMnfld: 8.55719 + L_Nrml: 0.00000 + L_Eknl: 4.32427 + L_Div: 0.00000 + L_Morse: 4.54373
Epoch: 0 [1800/10000 (18%)] Unweighted L_s : L_Mnfld: 0.00127,  L_NonMnfld: 0.01426,  L_Nrml: 0.00000,  L_Eknl: 0.08649, L_Morse: 0.45437

Weights: [7000.0, 600.0, 0, 50.0, 0.0, 10.0], lr=5.000e-05
Epoch: 0 [1810/10000 (18%)] Loss: 27.32415 = L_Mnfld: 9.51940 + L_NonMnfld: 9.00734 + L_Nrml: 0.00000 + L_Eknl: 4.12942 + L_Div: 0.00000 + L_Morse: 4.66800
Epoch: 0 [1810/10000 (18%)] Unweighted L_s : L_Mnfld: 0.00136,  L_NonMnfld: 0.01501,  L_Nrml: 0.00000,  L_Eknl: 0.08259, L_Morse: 0.46680

Weights: [7000.0, 600.0, 0, 50.0, 0.0, 10.0], lr=5.000e-05
Epoch: 0 [1820/10000 (18%)] Loss: 27.66187 = L_Mnfld: 10.28702 + L_NonMnfld: 8.33093 + L_Nrml: 0.00000 + L_Eknl: 4.33780 + L_Div: 0.00000 + L_Morse: 4.70612
Epoch: 0 [1820/10000 (18%)] Unweighted L_s : L_Mnfld: 0.00147,  L_NonMnfld: 0.01388,  L_Nrml: 0.00000,  L_Eknl: 0.08676, L_Morse: 0.47061

Weights: [7000.0, 600.0, 0, 50.0, 0.0, 10.0], lr=5.000e-05
Epoch: 0 [1830/10000 (18%)] Loss: 27.29736 = L_Mnfld: 10.78770 + L_NonMnfld: 7.81835 + L_Nrml: 0.00000 + L_Eknl: 4.18697 + L_Div: 0.00000 + L_Morse: 4.50434
Epoch: 0 [1830/10000 (18%)] Unweighted L_s : L_Mnfld: 0.00154,  L_NonMnfld: 0.01303,  L_Nrml: 0.00000,  L_Eknl: 0.08374, L_Morse: 0.45043

Weights: [7000.0, 600.0, 0, 50.0, 0.0, 10.0], lr=5.000e-05
Epoch: 0 [1840/10000 (18%)] Loss: 26.74822 = L_Mnfld: 10.17008 + L_NonMnfld: 7.84103 + L_Nrml: 0.00000 + L_Eknl: 4.29957 + L_Div: 0.00000 + L_Morse: 4.43754
Epoch: 0 [1840/10000 (18%)] Unweighted L_s : L_Mnfld: 0.00145,  L_NonMnfld: 0.01307,  L_Nrml: 0.00000,  L_Eknl: 0.08599, L_Morse: 0.44375

Weights: [7000.0, 600.0, 0, 50.0, 0.0, 10.0], lr=5.000e-05
Epoch: 0 [1850/10000 (18%)] Loss: 26.18649 = L_Mnfld: 9.67773 + L_NonMnfld: 7.79519 + L_Nrml: 0.00000 + L_Eknl: 4.17336 + L_Div: 0.00000 + L_Morse: 4.54020
Epoch: 0 [1850/10000 (18%)] Unweighted L_s : L_Mnfld: 0.00138,  L_NonMnfld: 0.01299,  L_Nrml: 0.00000,  L_Eknl: 0.08347, L_Morse: 0.45402

Weights: [7000.0, 600.0, 0, 50.0, 0.0, 10.0], lr=5.000e-05
Epoch: 0 [1860/10000 (19%)] Loss: 25.20741 = L_Mnfld: 9.06988 + L_NonMnfld: 7.35753 + L_Nrml: 0.00000 + L_Eknl: 4.16374 + L_Div: 0.00000 + L_Morse: 4.61625
Epoch: 0 [1860/10000 (19%)] Unweighted L_s : L_Mnfld: 0.00130,  L_NonMnfld: 0.01226,  L_Nrml: 0.00000,  L_Eknl: 0.08327, L_Morse: 0.46163

Weights: [7000.0, 600.0, 0, 50.0, 0.0, 10.0], lr=5.000e-05
Epoch: 0 [1870/10000 (19%)] Loss: 27.65325 = L_Mnfld: 10.48016 + L_NonMnfld: 8.50906 + L_Nrml: 0.00000 + L_Eknl: 4.13059 + L_Div: 0.00000 + L_Morse: 4.53345
Epoch: 0 [1870/10000 (19%)] Unweighted L_s : L_Mnfld: 0.00150,  L_NonMnfld: 0.01418,  L_Nrml: 0.00000,  L_Eknl: 0.08261, L_Morse: 0.45334

Weights: [7000.0, 600.0, 0, 50.0, 0.0, 10.0], lr=5.000e-05
Epoch: 0 [1880/10000 (19%)] Loss: 27.95077 = L_Mnfld: 10.52895 + L_NonMnfld: 9.04417 + L_Nrml: 0.00000 + L_Eknl: 4.13727 + L_Div: 0.00000 + L_Morse: 4.24037
Epoch: 0 [1880/10000 (19%)] Unweighted L_s : L_Mnfld: 0.00150,  L_NonMnfld: 0.01507,  L_Nrml: 0.00000,  L_Eknl: 0.08275, L_Morse: 0.42404

Weights: [7000.0, 600.0, 0, 50.0, 0.0, 10.0], lr=5.000e-05
Epoch: 0 [1890/10000 (19%)] Loss: 29.05097 = L_Mnfld: 10.83464 + L_NonMnfld: 9.41601 + L_Nrml: 0.00000 + L_Eknl: 4.14619 + L_Div: 0.00000 + L_Morse: 4.65414
Epoch: 0 [1890/10000 (19%)] Unweighted L_s : L_Mnfld: 0.00155,  L_NonMnfld: 0.01569,  L_Nrml: 0.00000,  L_Eknl: 0.08292, L_Morse: 0.46541

Weights: [7000.0, 600.0, 0, 50.0, 0.0, 10.0], lr=5.000e-05
Epoch: 0 [1900/10000 (19%)] Loss: 28.35078 = L_Mnfld: 10.95713 + L_NonMnfld: 8.75696 + L_Nrml: 0.00000 + L_Eknl: 4.15342 + L_Div: 0.00000 + L_Morse: 4.48327
Epoch: 0 [1900/10000 (19%)] Unweighted L_s : L_Mnfld: 0.00157,  L_NonMnfld: 0.01459,  L_Nrml: 0.00000,  L_Eknl: 0.08307, L_Morse: 0.44833

Weights: [7000.0, 600.0, 0, 50.0, 0.0, 10.0], lr=5.000e-05
Epoch: 0 [1910/10000 (19%)] Loss: 26.58569 = L_Mnfld: 9.50440 + L_NonMnfld: 8.11735 + L_Nrml: 0.00000 + L_Eknl: 4.24103 + L_Div: 0.00000 + L_Morse: 4.72292
Epoch: 0 [1910/10000 (19%)] Unweighted L_s : L_Mnfld: 0.00136,  L_NonMnfld: 0.01353,  L_Nrml: 0.00000,  L_Eknl: 0.08482, L_Morse: 0.47229

Weights: [7000.0, 600.0, 0, 50.0, 0.0, 10.0], lr=5.000e-05
Epoch: 0 [1920/10000 (19%)] Loss: 25.26939 = L_Mnfld: 8.16530 + L_NonMnfld: 8.25111 + L_Nrml: 0.00000 + L_Eknl: 4.21087 + L_Div: 0.00000 + L_Morse: 4.64211
Epoch: 0 [1920/10000 (19%)] Unweighted L_s : L_Mnfld: 0.00117,  L_NonMnfld: 0.01375,  L_Nrml: 0.00000,  L_Eknl: 0.08422, L_Morse: 0.46421

Weights: [7000.0, 600.0, 0, 50.0, 0.0, 10.0], lr=5.000e-05
Epoch: 0 [1930/10000 (19%)] Loss: 26.89844 = L_Mnfld: 9.82582 + L_NonMnfld: 8.49547 + L_Nrml: 0.00000 + L_Eknl: 4.15196 + L_Div: 0.00000 + L_Morse: 4.42518
Epoch: 0 [1930/10000 (19%)] Unweighted L_s : L_Mnfld: 0.00140,  L_NonMnfld: 0.01416,  L_Nrml: 0.00000,  L_Eknl: 0.08304, L_Morse: 0.44252

Weights: [7000.0, 600.0, 0, 50.0, 0.0, 10.0], lr=5.000e-05
Epoch: 0 [1940/10000 (19%)] Loss: 27.34543 = L_Mnfld: 10.19453 + L_NonMnfld: 8.44824 + L_Nrml: 0.00000 + L_Eknl: 4.26066 + L_Div: 0.00000 + L_Morse: 4.44201
Epoch: 0 [1940/10000 (19%)] Unweighted L_s : L_Mnfld: 0.00146,  L_NonMnfld: 0.01408,  L_Nrml: 0.00000,  L_Eknl: 0.08521, L_Morse: 0.44420

Weights: [7000.0, 600.0, 0, 50.0, 0.0, 10.0], lr=5.000e-05
Epoch: 0 [1950/10000 (20%)] Loss: 27.65150 = L_Mnfld: 11.23362 + L_NonMnfld: 7.59986 + L_Nrml: 0.00000 + L_Eknl: 4.20173 + L_Div: 0.00000 + L_Morse: 4.61628
Epoch: 0 [1950/10000 (20%)] Unweighted L_s : L_Mnfld: 0.00160,  L_NonMnfld: 0.01267,  L_Nrml: 0.00000,  L_Eknl: 0.08403, L_Morse: 0.46163

Weights: [7000.0, 600.0, 0, 50.0, 0.0, 10.0], lr=5.000e-05
Epoch: 0 [1960/10000 (20%)] Loss: 28.11081 = L_Mnfld: 10.95907 + L_NonMnfld: 8.47887 + L_Nrml: 0.00000 + L_Eknl: 4.22962 + L_Div: 0.00000 + L_Morse: 4.44325
Epoch: 0 [1960/10000 (20%)] Unweighted L_s : L_Mnfld: 0.00157,  L_NonMnfld: 0.01413,  L_Nrml: 0.00000,  L_Eknl: 0.08459, L_Morse: 0.44433

Weights: [7000.0, 600.0, 0, 50.0, 0.0, 10.0], lr=5.000e-05
Epoch: 0 [1970/10000 (20%)] Loss: 27.31277 = L_Mnfld: 9.81644 + L_NonMnfld: 8.95270 + L_Nrml: 0.00000 + L_Eknl: 4.14371 + L_Div: 0.00000 + L_Morse: 4.39992
Epoch: 0 [1970/10000 (20%)] Unweighted L_s : L_Mnfld: 0.00140,  L_NonMnfld: 0.01492,  L_Nrml: 0.00000,  L_Eknl: 0.08287, L_Morse: 0.43999

Weights: [7000.0, 600.0, 0, 50.0, 0.0, 10.0], lr=5.000e-05
Epoch: 0 [1980/10000 (20%)] Loss: 26.37473 = L_Mnfld: 9.24858 + L_NonMnfld: 8.63154 + L_Nrml: 0.00000 + L_Eknl: 4.06717 + L_Div: 0.00000 + L_Morse: 4.42743
Epoch: 0 [1980/10000 (20%)] Unweighted L_s : L_Mnfld: 0.00132,  L_NonMnfld: 0.01439,  L_Nrml: 0.00000,  L_Eknl: 0.08134, L_Morse: 0.44274

Weights: [7000.0, 600.0, 0, 50.0, 0.0, 10.0], lr=5.000e-05
Epoch: 0 [1990/10000 (20%)] Loss: 25.18847 = L_Mnfld: 9.15136 + L_NonMnfld: 7.82888 + L_Nrml: 0.00000 + L_Eknl: 3.93971 + L_Div: 0.00000 + L_Morse: 4.26852
Epoch: 0 [1990/10000 (20%)] Unweighted L_s : L_Mnfld: 0.00131,  L_NonMnfld: 0.01305,  L_Nrml: 0.00000,  L_Eknl: 0.07879, L_Morse: 0.42685

Weights: [7000.0, 600.0, 0, 50.0, 0.0, 10.0], lr=5.000e-05
Epoch: 0 [2000/10000 (20%)] Loss: 25.21952 = L_Mnfld: 8.95542 + L_NonMnfld: 7.92374 + L_Nrml: 0.00000 + L_Eknl: 3.97227 + L_Div: 0.00000 + L_Morse: 4.36809
Epoch: 0 [2000/10000 (20%)] Unweighted L_s : L_Mnfld: 0.00128,  L_NonMnfld: 0.01321,  L_Nrml: 0.00000,  L_Eknl: 0.07945, L_Morse: 0.43681

Weights: [7000.0, 600.0, 0, 50.0, 0.0, 9.9703], lr=5.000e-05
Epoch: 0 [2010/10000 (20%)] Loss: 25.48422 = L_Mnfld: 8.83376 + L_NonMnfld: 8.34091 + L_Nrml: 0.00000 + L_Eknl: 4.01149 + L_Div: 0.00000 + L_Morse: 4.29807
Epoch: 0 [2010/10000 (20%)] Unweighted L_s : L_Mnfld: 0.00126,  L_NonMnfld: 0.01390,  L_Nrml: 0.00000,  L_Eknl: 0.08023, L_Morse: 0.43109

Weights: [7000.0, 600.0, 0, 50.0, 0.0, 9.9373], lr=5.000e-05
Epoch: 0 [2020/10000 (20%)] Loss: 26.12715 = L_Mnfld: 8.52264 + L_NonMnfld: 9.21995 + L_Nrml: 0.00000 + L_Eknl: 4.06602 + L_Div: 0.00000 + L_Morse: 4.31854
Epoch: 0 [2020/10000 (20%)] Unweighted L_s : L_Mnfld: 0.00122,  L_NonMnfld: 0.01537,  L_Nrml: 0.00000,  L_Eknl: 0.08132, L_Morse: 0.43458

Weights: [7000.0, 600.0, 0, 50.0, 0.0, 9.904300000000001], lr=5.000e-05
Epoch: 0 [2030/10000 (20%)] Loss: 25.40693 = L_Mnfld: 8.40474 + L_NonMnfld: 8.81443 + L_Nrml: 0.00000 + L_Eknl: 3.96883 + L_Div: 0.00000 + L_Morse: 4.21893
Epoch: 0 [2030/10000 (20%)] Unweighted L_s : L_Mnfld: 0.00120,  L_NonMnfld: 0.01469,  L_Nrml: 0.00000,  L_Eknl: 0.07938, L_Morse: 0.42597

Weights: [7000.0, 600.0, 0, 50.0, 0.0, 9.8713], lr=5.000e-05
Epoch: 0 [2040/10000 (20%)] Loss: 25.84603 = L_Mnfld: 8.67727 + L_NonMnfld: 8.47492 + L_Nrml: 0.00000 + L_Eknl: 4.18399 + L_Div: 0.00000 + L_Morse: 4.50985
Epoch: 0 [2040/10000 (20%)] Unweighted L_s : L_Mnfld: 0.00124,  L_NonMnfld: 0.01412,  L_Nrml: 0.00000,  L_Eknl: 0.08368, L_Morse: 0.45687

Weights: [7000.0, 600.0, 0, 50.0, 0.0, 9.8383], lr=5.000e-05
Epoch: 0 [2050/10000 (20%)] Loss: 26.38055 = L_Mnfld: 8.65386 + L_NonMnfld: 9.17968 + L_Nrml: 0.00000 + L_Eknl: 4.28586 + L_Div: 0.00000 + L_Morse: 4.26115
Epoch: 0 [2050/10000 (20%)] Unweighted L_s : L_Mnfld: 0.00124,  L_NonMnfld: 0.01530,  L_Nrml: 0.00000,  L_Eknl: 0.08572, L_Morse: 0.43312

Weights: [7000.0, 600.0, 0, 50.0, 0.0, 9.8053], lr=5.000e-05
Epoch: 0 [2060/10000 (21%)] Loss: 25.27676 = L_Mnfld: 8.75410 + L_NonMnfld: 7.92798 + L_Nrml: 0.00000 + L_Eknl: 4.16578 + L_Div: 0.00000 + L_Morse: 4.42890
Epoch: 0 [2060/10000 (21%)] Unweighted L_s : L_Mnfld: 0.00125,  L_NonMnfld: 0.01321,  L_Nrml: 0.00000,  L_Eknl: 0.08332, L_Morse: 0.45168

Weights: [7000.0, 600.0, 0, 50.0, 0.0, 9.7723], lr=5.000e-05
Epoch: 0 [2070/10000 (21%)] Loss: 27.27938 = L_Mnfld: 10.55310 + L_NonMnfld: 8.33975 + L_Nrml: 0.00000 + L_Eknl: 4.01627 + L_Div: 0.00000 + L_Morse: 4.37027
Epoch: 0 [2070/10000 (21%)] Unweighted L_s : L_Mnfld: 0.00151,  L_NonMnfld: 0.01390,  L_Nrml: 0.00000,  L_Eknl: 0.08033, L_Morse: 0.44721

Weights: [7000.0, 600.0, 0, 50.0, 0.0, 9.7393], lr=5.000e-05
Epoch: 0 [2080/10000 (21%)] Loss: 28.67458 = L_Mnfld: 11.60072 + L_NonMnfld: 8.50710 + L_Nrml: 0.00000 + L_Eknl: 4.15602 + L_Div: 0.00000 + L_Morse: 4.41073
Epoch: 0 [2080/10000 (21%)] Unweighted L_s : L_Mnfld: 0.00166,  L_NonMnfld: 0.01418,  L_Nrml: 0.00000,  L_Eknl: 0.08312, L_Morse: 0.45288

Weights: [7000.0, 600.0, 0, 50.0, 0.0, 9.7063], lr=5.000e-05
Epoch: 0 [2090/10000 (21%)] Loss: 26.55231 = L_Mnfld: 10.11712 + L_NonMnfld: 7.99664 + L_Nrml: 0.00000 + L_Eknl: 4.08475 + L_Div: 0.00000 + L_Morse: 4.35380
Epoch: 0 [2090/10000 (21%)] Unweighted L_s : L_Mnfld: 0.00145,  L_NonMnfld: 0.01333,  L_Nrml: 0.00000,  L_Eknl: 0.08169, L_Morse: 0.44855

Weights: [7000.0, 600.0, 0, 50.0, 0.0, 9.673300000000001], lr=5.000e-05
Epoch: 0 [2100/10000 (21%)] Loss: 26.52412 = L_Mnfld: 9.52844 + L_NonMnfld: 8.64777 + L_Nrml: 0.00000 + L_Eknl: 4.05543 + L_Div: 0.00000 + L_Morse: 4.29248
Epoch: 0 [2100/10000 (21%)] Unweighted L_s : L_Mnfld: 0.00136,  L_NonMnfld: 0.01441,  L_Nrml: 0.00000,  L_Eknl: 0.08111, L_Morse: 0.44375

Weights: [7000.0, 600.0, 0, 50.0, 0.0, 9.6403], lr=5.000e-05
Epoch: 0 [2110/10000 (21%)] Loss: 25.52562 = L_Mnfld: 8.89988 + L_NonMnfld: 8.29316 + L_Nrml: 0.00000 + L_Eknl: 4.02069 + L_Div: 0.00000 + L_Morse: 4.31188
Epoch: 0 [2110/10000 (21%)] Unweighted L_s : L_Mnfld: 0.00127,  L_NonMnfld: 0.01382,  L_Nrml: 0.00000,  L_Eknl: 0.08041, L_Morse: 0.44728

Weights: [7000.0, 600.0, 0, 50.0, 0.0, 9.6073], lr=5.000e-05
Epoch: 0 [2120/10000 (21%)] Loss: 26.01579 = L_Mnfld: 9.08148 + L_NonMnfld: 8.55919 + L_Nrml: 0.00000 + L_Eknl: 4.12489 + L_Div: 0.00000 + L_Morse: 4.25022
Epoch: 0 [2120/10000 (21%)] Unweighted L_s : L_Mnfld: 0.00130,  L_NonMnfld: 0.01427,  L_Nrml: 0.00000,  L_Eknl: 0.08250, L_Morse: 0.44240

Weights: [7000.0, 600.0, 0, 50.0, 0.0, 9.574300000000001], lr=5.000e-05
Epoch: 0 [2130/10000 (21%)] Loss: 24.78235 = L_Mnfld: 8.89935 + L_NonMnfld: 7.51291 + L_Nrml: 0.00000 + L_Eknl: 4.10204 + L_Div: 0.00000 + L_Morse: 4.26805
Epoch: 0 [2130/10000 (21%)] Unweighted L_s : L_Mnfld: 0.00127,  L_NonMnfld: 0.01252,  L_Nrml: 0.00000,  L_Eknl: 0.08204, L_Morse: 0.44578

Weights: [7000.0, 600.0, 0, 50.0, 0.0, 9.5413], lr=5.000e-05
Epoch: 0 [2140/10000 (21%)] Loss: 26.44486 = L_Mnfld: 9.65049 + L_NonMnfld: 8.29694 + L_Nrml: 0.00000 + L_Eknl: 4.14774 + L_Div: 0.00000 + L_Morse: 4.34969
Epoch: 0 [2140/10000 (21%)] Unweighted L_s : L_Mnfld: 0.00138,  L_NonMnfld: 0.01383,  L_Nrml: 0.00000,  L_Eknl: 0.08295, L_Morse: 0.45588

Weights: [7000.0, 600.0, 0, 50.0, 0.0, 9.5083], lr=5.000e-05
Epoch: 0 [2150/10000 (22%)] Loss: 25.90077 = L_Mnfld: 8.77837 + L_NonMnfld: 8.75859 + L_Nrml: 0.00000 + L_Eknl: 4.12230 + L_Div: 0.00000 + L_Morse: 4.24152
Epoch: 0 [2150/10000 (22%)] Unweighted L_s : L_Mnfld: 0.00125,  L_NonMnfld: 0.01460,  L_Nrml: 0.00000,  L_Eknl: 0.08245, L_Morse: 0.44609

Weights: [7000.0, 600.0, 0, 50.0, 0.0, 9.4753], lr=5.000e-05
Epoch: 0 [2160/10000 (22%)] Loss: 25.83318 = L_Mnfld: 9.38153 + L_NonMnfld: 8.26259 + L_Nrml: 0.00000 + L_Eknl: 4.01869 + L_Div: 0.00000 + L_Morse: 4.17037
Epoch: 0 [2160/10000 (22%)] Unweighted L_s : L_Mnfld: 0.00134,  L_NonMnfld: 0.01377,  L_Nrml: 0.00000,  L_Eknl: 0.08037, L_Morse: 0.44013

Weights: [7000.0, 600.0, 0, 50.0, 0.0, 9.4423], lr=5.000e-05
Epoch: 0 [2170/10000 (22%)] Loss: 26.08967 = L_Mnfld: 9.80910 + L_NonMnfld: 8.04303 + L_Nrml: 0.00000 + L_Eknl: 3.90823 + L_Div: 0.00000 + L_Morse: 4.32932
Epoch: 0 [2170/10000 (22%)] Unweighted L_s : L_Mnfld: 0.00140,  L_NonMnfld: 0.01341,  L_Nrml: 0.00000,  L_Eknl: 0.07816, L_Morse: 0.45850

Weights: [7000.0, 600.0, 0, 50.0, 0.0, 9.4093], lr=5.000e-05
Epoch: 0 [2180/10000 (22%)] Loss: 27.47700 = L_Mnfld: 9.94060 + L_NonMnfld: 9.11291 + L_Nrml: 0.00000 + L_Eknl: 4.03163 + L_Div: 0.00000 + L_Morse: 4.39186
Epoch: 0 [2180/10000 (22%)] Unweighted L_s : L_Mnfld: 0.00142,  L_NonMnfld: 0.01519,  L_Nrml: 0.00000,  L_Eknl: 0.08063, L_Morse: 0.46676

Weights: [7000.0, 600.0, 0, 50.0, 0.0, 9.3763], lr=5.000e-05
Epoch: 0 [2190/10000 (22%)] Loss: 26.31328 = L_Mnfld: 9.40904 + L_NonMnfld: 8.49273 + L_Nrml: 0.00000 + L_Eknl: 4.04688 + L_Div: 0.00000 + L_Morse: 4.36461
Epoch: 0 [2190/10000 (22%)] Unweighted L_s : L_Mnfld: 0.00134,  L_NonMnfld: 0.01415,  L_Nrml: 0.00000,  L_Eknl: 0.08094, L_Morse: 0.46549

Weights: [7000.0, 600.0, 0, 50.0, 0.0, 9.3433], lr=5.000e-05
Epoch: 0 [2200/10000 (22%)] Loss: 29.87379 = L_Mnfld: 12.83572 + L_NonMnfld: 8.37013 + L_Nrml: 0.00000 + L_Eknl: 4.34744 + L_Div: 0.00000 + L_Morse: 4.32050
Epoch: 0 [2200/10000 (22%)] Unweighted L_s : L_Mnfld: 0.00183,  L_NonMnfld: 0.01395,  L_Nrml: 0.00000,  L_Eknl: 0.08695, L_Morse: 0.46242

Weights: [7000.0, 600.0, 0, 50.0, 0.0, 9.3103], lr=5.000e-05
Epoch: 0 [2210/10000 (22%)] Loss: 31.93650 = L_Mnfld: 14.25905 + L_NonMnfld: 8.61229 + L_Nrml: 0.00000 + L_Eknl: 4.52731 + L_Div: 0.00000 + L_Morse: 4.53784
Epoch: 0 [2210/10000 (22%)] Unweighted L_s : L_Mnfld: 0.00204,  L_NonMnfld: 0.01435,  L_Nrml: 0.00000,  L_Eknl: 0.09055, L_Morse: 0.48740

Weights: [7000.0, 600.0, 0, 50.0, 0.0, 9.2773], lr=5.000e-05
Epoch: 0 [2220/10000 (22%)] Loss: 42.05728 = L_Mnfld: 22.45927 + L_NonMnfld: 8.52527 + L_Nrml: 0.00000 + L_Eknl: 5.09238 + L_Div: 0.00000 + L_Morse: 5.98036
Epoch: 0 [2220/10000 (22%)] Unweighted L_s : L_Mnfld: 0.00321,  L_NonMnfld: 0.01421,  L_Nrml: 0.00000,  L_Eknl: 0.10185, L_Morse: 0.64462

Weights: [7000.0, 600.0, 0, 50.0, 0.0, 9.2443], lr=5.000e-05
Epoch: 0 [2230/10000 (22%)] Loss: 61.82333 = L_Mnfld: 30.20873 + L_NonMnfld: 11.27255 + L_Nrml: 0.00000 + L_Eknl: 11.85235 + L_Div: 0.00000 + L_Morse: 8.48971
Epoch: 0 [2230/10000 (22%)] Unweighted L_s : L_Mnfld: 0.00432,  L_NonMnfld: 0.01879,  L_Nrml: 0.00000,  L_Eknl: 0.23705, L_Morse: 0.91837

Weights: [7000.0, 600.0, 0, 50.0, 0.0, 9.211300000000001], lr=5.000e-05
Epoch: 0 [2240/10000 (22%)] Loss: 58.40907 = L_Mnfld: 29.17386 + L_NonMnfld: 10.70489 + L_Nrml: 0.00000 + L_Eknl: 9.45498 + L_Div: 0.00000 + L_Morse: 9.07535
Epoch: 0 [2240/10000 (22%)] Unweighted L_s : L_Mnfld: 0.00417,  L_NonMnfld: 0.01784,  L_Nrml: 0.00000,  L_Eknl: 0.18910, L_Morse: 0.98524

Weights: [7000.0, 600.0, 0, 50.0, 0.0, 9.1783], lr=5.000e-05
Epoch: 0 [2250/10000 (22%)] Loss: 60.25576 = L_Mnfld: 35.34135 + L_NonMnfld: 8.70975 + L_Nrml: 0.00000 + L_Eknl: 8.71160 + L_Div: 0.00000 + L_Morse: 7.49306
Epoch: 0 [2250/10000 (22%)] Unweighted L_s : L_Mnfld: 0.00505,  L_NonMnfld: 0.01452,  L_Nrml: 0.00000,  L_Eknl: 0.17423, L_Morse: 0.81639

Weights: [7000.0, 600.0, 0, 50.0, 0.0, 9.1453], lr=5.000e-05
Epoch: 0 [2260/10000 (23%)] Loss: 51.41556 = L_Mnfld: 27.02344 + L_NonMnfld: 9.04295 + L_Nrml: 0.00000 + L_Eknl: 7.89111 + L_Div: 0.00000 + L_Morse: 7.45805
Epoch: 0 [2260/10000 (23%)] Unweighted L_s : L_Mnfld: 0.00386,  L_NonMnfld: 0.01507,  L_Nrml: 0.00000,  L_Eknl: 0.15782, L_Morse: 0.81551

Weights: [7000.0, 600.0, 0, 50.0, 0.0, 9.112300000000001], lr=5.000e-05
Epoch: 0 [2270/10000 (23%)] Loss: 58.60483 = L_Mnfld: 32.18932 + L_NonMnfld: 9.59688 + L_Nrml: 0.00000 + L_Eknl: 9.34928 + L_Div: 0.00000 + L_Morse: 7.46934
Epoch: 0 [2270/10000 (23%)] Unweighted L_s : L_Mnfld: 0.00460,  L_NonMnfld: 0.01599,  L_Nrml: 0.00000,  L_Eknl: 0.18699, L_Morse: 0.81970

Weights: [7000.0, 600.0, 0, 50.0, 0.0, 9.0793], lr=5.000e-05
Epoch: 0 [2280/10000 (23%)] Loss: 51.18482 = L_Mnfld: 26.13121 + L_NonMnfld: 10.14874 + L_Nrml: 0.00000 + L_Eknl: 8.02113 + L_Div: 0.00000 + L_Morse: 6.88373
Epoch: 0 [2280/10000 (23%)] Unweighted L_s : L_Mnfld: 0.00373,  L_NonMnfld: 0.01691,  L_Nrml: 0.00000,  L_Eknl: 0.16042, L_Morse: 0.75818

Weights: [7000.0, 600.0, 0, 50.0, 0.0, 9.0463], lr=5.000e-05
Epoch: 0 [2290/10000 (23%)] Loss: 41.27423 = L_Mnfld: 20.23750 + L_NonMnfld: 8.85868 + L_Nrml: 0.00000 + L_Eknl: 6.81884 + L_Div: 0.00000 + L_Morse: 5.35921
Epoch: 0 [2290/10000 (23%)] Unweighted L_s : L_Mnfld: 0.00289,  L_NonMnfld: 0.01476,  L_Nrml: 0.00000,  L_Eknl: 0.13638, L_Morse: 0.59242

Weights: [7000.0, 600.0, 0, 50.0, 0.0, 9.013300000000001], lr=5.000e-05
Epoch: 0 [2300/10000 (23%)] Loss: 37.53989 = L_Mnfld: 19.60352 + L_NonMnfld: 7.46234 + L_Nrml: 0.00000 + L_Eknl: 5.71214 + L_Div: 0.00000 + L_Morse: 4.76189
Epoch: 0 [2300/10000 (23%)] Unweighted L_s : L_Mnfld: 0.00280,  L_NonMnfld: 0.01244,  L_Nrml: 0.00000,  L_Eknl: 0.11424, L_Morse: 0.52832

Weights: [7000.0, 600.0, 0, 50.0, 0.0, 8.9803], lr=5.000e-05
Epoch: 0 [2310/10000 (23%)] Loss: 34.76504 = L_Mnfld: 15.82908 + L_NonMnfld: 8.56935 + L_Nrml: 0.00000 + L_Eknl: 5.97375 + L_Div: 0.00000 + L_Morse: 4.39285
Epoch: 0 [2310/10000 (23%)] Unweighted L_s : L_Mnfld: 0.00226,  L_NonMnfld: 0.01428,  L_Nrml: 0.00000,  L_Eknl: 0.11948, L_Morse: 0.48917

Weights: [7000.0, 600.0, 0, 50.0, 0.0, 8.9473], lr=5.000e-05
Epoch: 0 [2320/10000 (23%)] Loss: 31.45981 = L_Mnfld: 13.22506 + L_NonMnfld: 8.64361 + L_Nrml: 0.00000 + L_Eknl: 5.20496 + L_Div: 0.00000 + L_Morse: 4.38619
Epoch: 0 [2320/10000 (23%)] Unweighted L_s : L_Mnfld: 0.00189,  L_NonMnfld: 0.01441,  L_Nrml: 0.00000,  L_Eknl: 0.10410, L_Morse: 0.49022

Weights: [7000.0, 600.0, 0, 50.0, 0.0, 8.9143], lr=5.000e-05
Epoch: 0 [2330/10000 (23%)] Loss: 30.81325 = L_Mnfld: 13.60853 + L_NonMnfld: 7.62172 + L_Nrml: 0.00000 + L_Eknl: 5.26250 + L_Div: 0.00000 + L_Morse: 4.32049
Epoch: 0 [2330/10000 (23%)] Unweighted L_s : L_Mnfld: 0.00194,  L_NonMnfld: 0.01270,  L_Nrml: 0.00000,  L_Eknl: 0.10525, L_Morse: 0.48467

Weights: [7000.0, 600.0, 0, 50.0, 0.0, 8.8813], lr=5.000e-05
Epoch: 0 [2340/10000 (23%)] Loss: 29.53400 = L_Mnfld: 11.67105 + L_NonMnfld: 8.53826 + L_Nrml: 0.00000 + L_Eknl: 4.96023 + L_Div: 0.00000 + L_Morse: 4.36447
Epoch: 0 [2340/10000 (23%)] Unweighted L_s : L_Mnfld: 0.00167,  L_NonMnfld: 0.01423,  L_Nrml: 0.00000,  L_Eknl: 0.09920, L_Morse: 0.49142

Weights: [7000.0, 600.0, 0, 50.0, 0.0, 8.8483], lr=5.000e-05
Epoch: 0 [2350/10000 (24%)] Loss: 27.86488 = L_Mnfld: 10.08066 + L_NonMnfld: 8.78127 + L_Nrml: 0.00000 + L_Eknl: 5.08565 + L_Div: 0.00000 + L_Morse: 3.91729
Epoch: 0 [2350/10000 (24%)] Unweighted L_s : L_Mnfld: 0.00144,  L_NonMnfld: 0.01464,  L_Nrml: 0.00000,  L_Eknl: 0.10171, L_Morse: 0.44272

Weights: [7000.0, 600.0, 0, 50.0, 0.0, 8.8153], lr=5.000e-05
Epoch: 0 [2360/10000 (24%)] Loss: 26.38727 = L_Mnfld: 9.37640 + L_NonMnfld: 8.71446 + L_Nrml: 0.00000 + L_Eknl: 4.57291 + L_Div: 0.00000 + L_Morse: 3.72349
Epoch: 0 [2360/10000 (24%)] Unweighted L_s : L_Mnfld: 0.00134,  L_NonMnfld: 0.01452,  L_Nrml: 0.00000,  L_Eknl: 0.09146, L_Morse: 0.42239

Weights: [7000.0, 600.0, 0, 50.0, 0.0, 8.7823], lr=5.000e-05
Epoch: 0 [2370/10000 (24%)] Loss: 25.90531 = L_Mnfld: 9.13063 + L_NonMnfld: 8.64916 + L_Nrml: 0.00000 + L_Eknl: 4.54550 + L_Div: 0.00000 + L_Morse: 3.58001
Epoch: 0 [2370/10000 (24%)] Unweighted L_s : L_Mnfld: 0.00130,  L_NonMnfld: 0.01442,  L_Nrml: 0.00000,  L_Eknl: 0.09091, L_Morse: 0.40764

Weights: [7000.0, 600.0, 0, 50.0, 0.0, 8.7493], lr=5.000e-05
Epoch: 0 [2380/10000 (24%)] Loss: 25.60433 = L_Mnfld: 8.47395 + L_NonMnfld: 8.98314 + L_Nrml: 0.00000 + L_Eknl: 4.39504 + L_Div: 0.00000 + L_Morse: 3.75219
Epoch: 0 [2380/10000 (24%)] Unweighted L_s : L_Mnfld: 0.00121,  L_NonMnfld: 0.01497,  L_Nrml: 0.00000,  L_Eknl: 0.08790, L_Morse: 0.42886

Weights: [7000.0, 600.0, 0, 50.0, 0.0, 8.7163], lr=5.000e-05
Epoch: 0 [2390/10000 (24%)] Loss: 25.47603 = L_Mnfld: 8.64090 + L_NonMnfld: 8.76801 + L_Nrml: 0.00000 + L_Eknl: 4.25878 + L_Div: 0.00000 + L_Morse: 3.80834
Epoch: 0 [2390/10000 (24%)] Unweighted L_s : L_Mnfld: 0.00123,  L_NonMnfld: 0.01461,  L_Nrml: 0.00000,  L_Eknl: 0.08518, L_Morse: 0.43692

Weights: [7000.0, 600.0, 0, 50.0, 0.0, 8.683300000000001], lr=5.000e-05
Epoch: 0 [2400/10000 (24%)] Loss: 24.62840 = L_Mnfld: 7.96682 + L_NonMnfld: 8.63178 + L_Nrml: 0.00000 + L_Eknl: 4.28551 + L_Div: 0.00000 + L_Morse: 3.74429
Epoch: 0 [2400/10000 (24%)] Unweighted L_s : L_Mnfld: 0.00114,  L_NonMnfld: 0.01439,  L_Nrml: 0.00000,  L_Eknl: 0.08571, L_Morse: 0.43121

Weights: [7000.0, 600.0, 0, 50.0, 0.0, 8.6503], lr=5.000e-05
Epoch: 0 [2410/10000 (24%)] Loss: 24.45733 = L_Mnfld: 7.89417 + L_NonMnfld: 8.67753 + L_Nrml: 0.00000 + L_Eknl: 4.20504 + L_Div: 0.00000 + L_Morse: 3.68059
Epoch: 0 [2410/10000 (24%)] Unweighted L_s : L_Mnfld: 0.00113,  L_NonMnfld: 0.01446,  L_Nrml: 0.00000,  L_Eknl: 0.08410, L_Morse: 0.42549

Weights: [7000.0, 600.0, 0, 50.0, 0.0, 8.6173], lr=5.000e-05
Epoch: 0 [2420/10000 (24%)] Loss: 24.86700 = L_Mnfld: 8.12497 + L_NonMnfld: 8.87512 + L_Nrml: 0.00000 + L_Eknl: 4.22108 + L_Div: 0.00000 + L_Morse: 3.64582
Epoch: 0 [2420/10000 (24%)] Unweighted L_s : L_Mnfld: 0.00116,  L_NonMnfld: 0.01479,  L_Nrml: 0.00000,  L_Eknl: 0.08442, L_Morse: 0.42308

Weights: [7000.0, 600.0, 0, 50.0, 0.0, 8.5843], lr=5.000e-05
Epoch: 0 [2430/10000 (24%)] Loss: 24.30212 = L_Mnfld: 7.94236 + L_NonMnfld: 8.63962 + L_Nrml: 0.00000 + L_Eknl: 4.17381 + L_Div: 0.00000 + L_Morse: 3.54633
Epoch: 0 [2430/10000 (24%)] Unweighted L_s : L_Mnfld: 0.00113,  L_NonMnfld: 0.01440,  L_Nrml: 0.00000,  L_Eknl: 0.08348, L_Morse: 0.41312

Weights: [7000.0, 600.0, 0, 50.0, 0.0, 8.5513], lr=5.000e-05
Epoch: 0 [2440/10000 (24%)] Loss: 23.64780 = L_Mnfld: 8.05573 + L_NonMnfld: 7.90355 + L_Nrml: 0.00000 + L_Eknl: 4.13476 + L_Div: 0.00000 + L_Morse: 3.55377
Epoch: 0 [2440/10000 (24%)] Unweighted L_s : L_Mnfld: 0.00115,  L_NonMnfld: 0.01317,  L_Nrml: 0.00000,  L_Eknl: 0.08270, L_Morse: 0.41558

Weights: [7000.0, 600.0, 0, 50.0, 0.0, 8.5183], lr=5.000e-05
Epoch: 0 [2450/10000 (24%)] Loss: 24.53180 = L_Mnfld: 8.41332 + L_NonMnfld: 8.24539 + L_Nrml: 0.00000 + L_Eknl: 4.07529 + L_Div: 0.00000 + L_Morse: 3.79781
Epoch: 0 [2450/10000 (24%)] Unweighted L_s : L_Mnfld: 0.00120,  L_NonMnfld: 0.01374,  L_Nrml: 0.00000,  L_Eknl: 0.08151, L_Morse: 0.44584

Weights: [7000.0, 600.0, 0, 50.0, 0.0, 8.4853], lr=5.000e-05
Epoch: 0 [2460/10000 (25%)] Loss: 22.73159 = L_Mnfld: 7.37693 + L_NonMnfld: 7.94132 + L_Nrml: 0.00000 + L_Eknl: 4.05606 + L_Div: 0.00000 + L_Morse: 3.35728
Epoch: 0 [2460/10000 (25%)] Unweighted L_s : L_Mnfld: 0.00105,  L_NonMnfld: 0.01324,  L_Nrml: 0.00000,  L_Eknl: 0.08112, L_Morse: 0.39566

Weights: [7000.0, 600.0, 0, 50.0, 0.0, 8.4523], lr=5.000e-05
Epoch: 0 [2470/10000 (25%)] Loss: 23.95006 = L_Mnfld: 7.83425 + L_NonMnfld: 8.38447 + L_Nrml: 0.00000 + L_Eknl: 4.19162 + L_Div: 0.00000 + L_Morse: 3.53972
Epoch: 0 [2470/10000 (25%)] Unweighted L_s : L_Mnfld: 0.00112,  L_NonMnfld: 0.01397,  L_Nrml: 0.00000,  L_Eknl: 0.08383, L_Morse: 0.41879

Weights: [7000.0, 600.0, 0, 50.0, 0.0, 8.4193], lr=5.000e-05
Epoch: 0 [2480/10000 (25%)] Loss: 23.64271 = L_Mnfld: 7.58504 + L_NonMnfld: 8.53002 + L_Nrml: 0.00000 + L_Eknl: 4.00753 + L_Div: 0.00000 + L_Morse: 3.52012
Epoch: 0 [2480/10000 (25%)] Unweighted L_s : L_Mnfld: 0.00108,  L_NonMnfld: 0.01422,  L_Nrml: 0.00000,  L_Eknl: 0.08015, L_Morse: 0.41810

Weights: [7000.0, 600.0, 0, 50.0, 0.0, 8.3863], lr=5.000e-05
Epoch: 0 [2490/10000 (25%)] Loss: 23.47265 = L_Mnfld: 7.56343 + L_NonMnfld: 8.30564 + L_Nrml: 0.00000 + L_Eknl: 4.04318 + L_Div: 0.00000 + L_Morse: 3.56040
Epoch: 0 [2490/10000 (25%)] Unweighted L_s : L_Mnfld: 0.00108,  L_NonMnfld: 0.01384,  L_Nrml: 0.00000,  L_Eknl: 0.08086, L_Morse: 0.42455

Weights: [7000.0, 600.0, 0, 50.0, 0.0, 8.3533], lr=5.000e-05
Epoch: 0 [2500/10000 (25%)] Loss: 24.09346 = L_Mnfld: 7.49214 + L_NonMnfld: 9.01605 + L_Nrml: 0.00000 + L_Eknl: 3.90931 + L_Div: 0.00000 + L_Morse: 3.67596
Epoch: 0 [2500/10000 (25%)] Unweighted L_s : L_Mnfld: 0.00107,  L_NonMnfld: 0.01503,  L_Nrml: 0.00000,  L_Eknl: 0.07819, L_Morse: 0.44006

Weights: [7000.0, 600.0, 0, 50.0, 0.0, 8.3203], lr=5.000e-05
Epoch: 0 [2510/10000 (25%)] Loss: 23.75407 = L_Mnfld: 7.77198 + L_NonMnfld: 8.66228 + L_Nrml: 0.00000 + L_Eknl: 3.90839 + L_Div: 0.00000 + L_Morse: 3.41142
Epoch: 0 [2510/10000 (25%)] Unweighted L_s : L_Mnfld: 0.00111,  L_NonMnfld: 0.01444,  L_Nrml: 0.00000,  L_Eknl: 0.07817, L_Morse: 0.41001

Weights: [7000.0, 600.0, 0, 50.0, 0.0, 8.2873], lr=5.000e-05
Epoch: 0 [2520/10000 (25%)] Loss: 23.11965 = L_Mnfld: 7.28556 + L_NonMnfld: 8.44632 + L_Nrml: 0.00000 + L_Eknl: 3.82293 + L_Div: 0.00000 + L_Morse: 3.56485
Epoch: 0 [2520/10000 (25%)] Unweighted L_s : L_Mnfld: 0.00104,  L_NonMnfld: 0.01408,  L_Nrml: 0.00000,  L_Eknl: 0.07646, L_Morse: 0.43016

Weights: [7000.0, 600.0, 0, 50.0, 0.0, 8.2543], lr=5.000e-05
Epoch: 0 [2530/10000 (25%)] Loss: 23.92267 = L_Mnfld: 7.25424 + L_NonMnfld: 9.08795 + L_Nrml: 0.00000 + L_Eknl: 3.96497 + L_Div: 0.00000 + L_Morse: 3.61551
Epoch: 0 [2530/10000 (25%)] Unweighted L_s : L_Mnfld: 0.00104,  L_NonMnfld: 0.01515,  L_Nrml: 0.00000,  L_Eknl: 0.07930, L_Morse: 0.43802

Weights: [7000.0, 600.0, 0, 50.0, 0.0, 8.2213], lr=5.000e-05
Epoch: 0 [2540/10000 (25%)] Loss: 23.52331 = L_Mnfld: 7.55805 + L_NonMnfld: 8.43402 + L_Nrml: 0.00000 + L_Eknl: 3.96804 + L_Div: 0.00000 + L_Morse: 3.56321
Epoch: 0 [2540/10000 (25%)] Unweighted L_s : L_Mnfld: 0.00108,  L_NonMnfld: 0.01406,  L_Nrml: 0.00000,  L_Eknl: 0.07936, L_Morse: 0.43341

Weights: [7000.0, 600.0, 0, 50.0, 0.0, 8.1883], lr=5.000e-05
Epoch: 0 [2550/10000 (26%)] Loss: 24.02098 = L_Mnfld: 7.28724 + L_NonMnfld: 9.37534 + L_Nrml: 0.00000 + L_Eknl: 3.89692 + L_Div: 0.00000 + L_Morse: 3.46148
Epoch: 0 [2550/10000 (26%)] Unweighted L_s : L_Mnfld: 0.00104,  L_NonMnfld: 0.01563,  L_Nrml: 0.00000,  L_Eknl: 0.07794, L_Morse: 0.42273

Weights: [7000.0, 600.0, 0, 50.0, 0.0, 8.1553], lr=5.000e-05
Epoch: 0 [2560/10000 (26%)] Loss: 24.03723 = L_Mnfld: 7.29974 + L_NonMnfld: 9.41875 + L_Nrml: 0.00000 + L_Eknl: 3.87426 + L_Div: 0.00000 + L_Morse: 3.44448
Epoch: 0 [2560/10000 (26%)] Unweighted L_s : L_Mnfld: 0.00104,  L_NonMnfld: 0.01570,  L_Nrml: 0.00000,  L_Eknl: 0.07749, L_Morse: 0.42236

Weights: [7000.0, 600.0, 0, 50.0, 0.0, 8.1223], lr=5.000e-05
Epoch: 0 [2570/10000 (26%)] Loss: 23.51868 = L_Mnfld: 7.75878 + L_NonMnfld: 8.50603 + L_Nrml: 0.00000 + L_Eknl: 3.89554 + L_Div: 0.00000 + L_Morse: 3.35832
Epoch: 0 [2570/10000 (26%)] Unweighted L_s : L_Mnfld: 0.00111,  L_NonMnfld: 0.01418,  L_Nrml: 0.00000,  L_Eknl: 0.07791, L_Morse: 0.41347

Weights: [7000.0, 600.0, 0, 50.0, 0.0, 8.0893], lr=5.000e-05
Epoch: 0 [2580/10000 (26%)] Loss: 23.52271 = L_Mnfld: 7.81605 + L_NonMnfld: 8.50889 + L_Nrml: 0.00000 + L_Eknl: 3.83601 + L_Div: 0.00000 + L_Morse: 3.36176
Epoch: 0 [2580/10000 (26%)] Unweighted L_s : L_Mnfld: 0.00112,  L_NonMnfld: 0.01418,  L_Nrml: 0.00000,  L_Eknl: 0.07672, L_Morse: 0.41558

Weights: [7000.0, 600.0, 0, 50.0, 0.0, 8.0563], lr=5.000e-05
Epoch: 0 [2590/10000 (26%)] Loss: 22.42241 = L_Mnfld: 6.56765 + L_NonMnfld: 8.63346 + L_Nrml: 0.00000 + L_Eknl: 3.84197 + L_Div: 0.00000 + L_Morse: 3.37933
Epoch: 0 [2590/10000 (26%)] Unweighted L_s : L_Mnfld: 0.00094,  L_NonMnfld: 0.01439,  L_Nrml: 0.00000,  L_Eknl: 0.07684, L_Morse: 0.41946

Weights: [7000.0, 600.0, 0, 50.0, 0.0, 8.023299999999999], lr=5.000e-05
Epoch: 0 [2600/10000 (26%)] Loss: 22.38394 = L_Mnfld: 6.82799 + L_NonMnfld: 8.24603 + L_Nrml: 0.00000 + L_Eknl: 3.80746 + L_Div: 0.00000 + L_Morse: 3.50247
Epoch: 0 [2600/10000 (26%)] Unweighted L_s : L_Mnfld: 0.00098,  L_NonMnfld: 0.01374,  L_Nrml: 0.00000,  L_Eknl: 0.07615, L_Morse: 0.43654

Weights: [7000.0, 600.0, 0, 50.0, 0.0, 7.9902999999999995], lr=5.000e-05
Epoch: 0 [2610/10000 (26%)] Loss: 22.09878 = L_Mnfld: 6.66165 + L_NonMnfld: 8.15868 + L_Nrml: 0.00000 + L_Eknl: 3.88589 + L_Div: 0.00000 + L_Morse: 3.39256
Epoch: 0 [2610/10000 (26%)] Unweighted L_s : L_Mnfld: 0.00095,  L_NonMnfld: 0.01360,  L_Nrml: 0.00000,  L_Eknl: 0.07772, L_Morse: 0.42458

Weights: [7000.0, 600.0, 0, 50.0, 0.0, 7.9573], lr=5.000e-05
Epoch: 0 [2620/10000 (26%)] Loss: 22.67855 = L_Mnfld: 7.03483 + L_NonMnfld: 8.64351 + L_Nrml: 0.00000 + L_Eknl: 3.75916 + L_Div: 0.00000 + L_Morse: 3.24105
Epoch: 0 [2620/10000 (26%)] Unweighted L_s : L_Mnfld: 0.00100,  L_NonMnfld: 0.01441,  L_Nrml: 0.00000,  L_Eknl: 0.07518, L_Morse: 0.40731

Weights: [7000.0, 600.0, 0, 50.0, 0.0, 7.9243], lr=5.000e-05
Epoch: 0 [2630/10000 (26%)] Loss: 23.18475 = L_Mnfld: 6.83416 + L_NonMnfld: 9.32735 + L_Nrml: 0.00000 + L_Eknl: 3.84131 + L_Div: 0.00000 + L_Morse: 3.18193
Epoch: 0 [2630/10000 (26%)] Unweighted L_s : L_Mnfld: 0.00098,  L_NonMnfld: 0.01555,  L_Nrml: 0.00000,  L_Eknl: 0.07683, L_Morse: 0.40154

Weights: [7000.0, 600.0, 0, 50.0, 0.0, 7.891299999999999], lr=5.000e-05
Epoch: 0 [2640/10000 (26%)] Loss: 22.87514 = L_Mnfld: 7.08617 + L_NonMnfld: 8.61761 + L_Nrml: 0.00000 + L_Eknl: 3.80578 + L_Div: 0.00000 + L_Morse: 3.36558
Epoch: 0 [2640/10000 (26%)] Unweighted L_s : L_Mnfld: 0.00101,  L_NonMnfld: 0.01436,  L_Nrml: 0.00000,  L_Eknl: 0.07612, L_Morse: 0.42649

Weights: [7000.0, 600.0, 0, 50.0, 0.0, 7.8583], lr=5.000e-05
Epoch: 0 [2650/10000 (26%)] Loss: 22.13191 = L_Mnfld: 7.07512 + L_NonMnfld: 8.06200 + L_Nrml: 0.00000 + L_Eknl: 3.71679 + L_Div: 0.00000 + L_Morse: 3.27800
Epoch: 0 [2650/10000 (26%)] Unweighted L_s : L_Mnfld: 0.00101,  L_NonMnfld: 0.01344,  L_Nrml: 0.00000,  L_Eknl: 0.07434, L_Morse: 0.41714

Weights: [7000.0, 600.0, 0, 50.0, 0.0, 7.8252999999999995], lr=5.000e-05
Epoch: 0 [2660/10000 (27%)] Loss: 22.40365 = L_Mnfld: 7.44711 + L_NonMnfld: 7.98775 + L_Nrml: 0.00000 + L_Eknl: 3.69517 + L_Div: 0.00000 + L_Morse: 3.27361
Epoch: 0 [2660/10000 (27%)] Unweighted L_s : L_Mnfld: 0.00106,  L_NonMnfld: 0.01331,  L_Nrml: 0.00000,  L_Eknl: 0.07390, L_Morse: 0.41834

Weights: [7000.0, 600.0, 0, 50.0, 0.0, 7.792299999999999], lr=5.000e-05
Epoch: 0 [2670/10000 (27%)] Loss: 22.94229 = L_Mnfld: 6.99071 + L_NonMnfld: 8.54850 + L_Nrml: 0.00000 + L_Eknl: 3.83707 + L_Div: 0.00000 + L_Morse: 3.56601
Epoch: 0 [2670/10000 (27%)] Unweighted L_s : L_Mnfld: 0.00100,  L_NonMnfld: 0.01425,  L_Nrml: 0.00000,  L_Eknl: 0.07674, L_Morse: 0.45763

Weights: [7000.0, 600.0, 0, 50.0, 0.0, 7.7593], lr=5.000e-05
Epoch: 0 [2680/10000 (27%)] Loss: 23.20745 = L_Mnfld: 8.03793 + L_NonMnfld: 8.10763 + L_Nrml: 0.00000 + L_Eknl: 3.61605 + L_Div: 0.00000 + L_Morse: 3.44583
Epoch: 0 [2680/10000 (27%)] Unweighted L_s : L_Mnfld: 0.00115,  L_NonMnfld: 0.01351,  L_Nrml: 0.00000,  L_Eknl: 0.07232, L_Morse: 0.44409

Weights: [7000.0, 600.0, 0, 50.0, 0.0, 7.726300000000001], lr=5.000e-05
Epoch: 0 [2690/10000 (27%)] Loss: 22.47954 = L_Mnfld: 7.09228 + L_NonMnfld: 8.20728 + L_Nrml: 0.00000 + L_Eknl: 3.70103 + L_Div: 0.00000 + L_Morse: 3.47896
Epoch: 0 [2690/10000 (27%)] Unweighted L_s : L_Mnfld: 0.00101,  L_NonMnfld: 0.01368,  L_Nrml: 0.00000,  L_Eknl: 0.07402, L_Morse: 0.45028

Weights: [7000.0, 600.0, 0, 50.0, 0.0, 7.693300000000001], lr=5.000e-05
Epoch: 0 [2700/10000 (27%)] Loss: 24.65339 = L_Mnfld: 8.63483 + L_NonMnfld: 9.09679 + L_Nrml: 0.00000 + L_Eknl: 3.68487 + L_Div: 0.00000 + L_Morse: 3.23691
Epoch: 0 [2700/10000 (27%)] Unweighted L_s : L_Mnfld: 0.00123,  L_NonMnfld: 0.01516,  L_Nrml: 0.00000,  L_Eknl: 0.07370, L_Morse: 0.42074

Weights: [7000.0, 600.0, 0, 50.0, 0.0, 7.660300000000001], lr=5.000e-05
Epoch: 0 [2710/10000 (27%)] Loss: 23.68389 = L_Mnfld: 8.26835 + L_NonMnfld: 8.61400 + L_Nrml: 0.00000 + L_Eknl: 3.60098 + L_Div: 0.00000 + L_Morse: 3.20056
Epoch: 0 [2710/10000 (27%)] Unweighted L_s : L_Mnfld: 0.00118,  L_NonMnfld: 0.01436,  L_Nrml: 0.00000,  L_Eknl: 0.07202, L_Morse: 0.41781

Weights: [7000.0, 600.0, 0, 50.0, 0.0, 7.627300000000001], lr=5.000e-05
Epoch: 0 [2720/10000 (27%)] Loss: 24.36468 = L_Mnfld: 8.51237 + L_NonMnfld: 8.73742 + L_Nrml: 0.00000 + L_Eknl: 3.76292 + L_Div: 0.00000 + L_Morse: 3.35197
Epoch: 0 [2720/10000 (27%)] Unweighted L_s : L_Mnfld: 0.00122,  L_NonMnfld: 0.01456,  L_Nrml: 0.00000,  L_Eknl: 0.07526, L_Morse: 0.43947

Weights: [7000.0, 600.0, 0, 50.0, 0.0, 7.5943000000000005], lr=5.000e-05
Epoch: 0 [2730/10000 (27%)] Loss: 23.49081 = L_Mnfld: 7.68345 + L_NonMnfld: 8.50986 + L_Nrml: 0.00000 + L_Eknl: 3.76793 + L_Div: 0.00000 + L_Morse: 3.52957
Epoch: 0 [2730/10000 (27%)] Unweighted L_s : L_Mnfld: 0.00110,  L_NonMnfld: 0.01418,  L_Nrml: 0.00000,  L_Eknl: 0.07536, L_Morse: 0.46477

Weights: [7000.0, 600.0, 0, 50.0, 0.0, 7.561300000000001], lr=5.000e-05
Epoch: 0 [2740/10000 (27%)] Loss: 23.25905 = L_Mnfld: 7.47640 + L_NonMnfld: 8.89907 + L_Nrml: 0.00000 + L_Eknl: 3.62255 + L_Div: 0.00000 + L_Morse: 3.26102
Epoch: 0 [2740/10000 (27%)] Unweighted L_s : L_Mnfld: 0.00107,  L_NonMnfld: 0.01483,  L_Nrml: 0.00000,  L_Eknl: 0.07245, L_Morse: 0.43128

Weights: [7000.0, 600.0, 0, 50.0, 0.0, 7.5283000000000015], lr=5.000e-05
Epoch: 0 [2750/10000 (28%)] Loss: 22.74389 = L_Mnfld: 7.24093 + L_NonMnfld: 8.82118 + L_Nrml: 0.00000 + L_Eknl: 3.58181 + L_Div: 0.00000 + L_Morse: 3.09996
Epoch: 0 [2750/10000 (28%)] Unweighted L_s : L_Mnfld: 0.00103,  L_NonMnfld: 0.01470,  L_Nrml: 0.00000,  L_Eknl: 0.07164, L_Morse: 0.41177

Weights: [7000.0, 600.0, 0, 50.0, 0.0, 7.4953], lr=5.000e-05
Epoch: 0 [2760/10000 (28%)] Loss: 23.23396 = L_Mnfld: 7.58766 + L_NonMnfld: 8.70700 + L_Nrml: 0.00000 + L_Eknl: 3.59992 + L_Div: 0.00000 + L_Morse: 3.33937
Epoch: 0 [2760/10000 (28%)] Unweighted L_s : L_Mnfld: 0.00108,  L_NonMnfld: 0.01451,  L_Nrml: 0.00000,  L_Eknl: 0.07200, L_Morse: 0.44553

Weights: [7000.0, 600.0, 0, 50.0, 0.0, 7.462300000000001], lr=5.000e-05
Epoch: 0 [2770/10000 (28%)] Loss: 22.46527 = L_Mnfld: 7.84312 + L_NonMnfld: 7.72334 + L_Nrml: 0.00000 + L_Eknl: 3.65424 + L_Div: 0.00000 + L_Morse: 3.24458
Epoch: 0 [2770/10000 (28%)] Unweighted L_s : L_Mnfld: 0.00112,  L_NonMnfld: 0.01287,  L_Nrml: 0.00000,  L_Eknl: 0.07308, L_Morse: 0.43480

Weights: [7000.0, 600.0, 0, 50.0, 0.0, 7.429300000000001], lr=5.000e-05
Epoch: 0 [2780/10000 (28%)] Loss: 23.32054 = L_Mnfld: 8.08287 + L_NonMnfld: 8.29628 + L_Nrml: 0.00000 + L_Eknl: 3.65369 + L_Div: 0.00000 + L_Morse: 3.28770
Epoch: 0 [2780/10000 (28%)] Unweighted L_s : L_Mnfld: 0.00115,  L_NonMnfld: 0.01383,  L_Nrml: 0.00000,  L_Eknl: 0.07307, L_Morse: 0.44253

Weights: [7000.0, 600.0, 0, 50.0, 0.0, 7.3963], lr=5.000e-05
Epoch: 0 [2790/10000 (28%)] Loss: 23.20223 = L_Mnfld: 8.19800 + L_NonMnfld: 8.06020 + L_Nrml: 0.00000 + L_Eknl: 3.61732 + L_Div: 0.00000 + L_Morse: 3.32672
Epoch: 0 [2790/10000 (28%)] Unweighted L_s : L_Mnfld: 0.00117,  L_NonMnfld: 0.01343,  L_Nrml: 0.00000,  L_Eknl: 0.07235, L_Morse: 0.44978

Weights: [7000.0, 600.0, 0, 50.0, 0.0, 7.363300000000001], lr=5.000e-05
Epoch: 0 [2800/10000 (28%)] Loss: 22.45036 = L_Mnfld: 7.38596 + L_NonMnfld: 8.02908 + L_Nrml: 0.00000 + L_Eknl: 3.63010 + L_Div: 0.00000 + L_Morse: 3.40521
Epoch: 0 [2800/10000 (28%)] Unweighted L_s : L_Mnfld: 0.00106,  L_NonMnfld: 0.01338,  L_Nrml: 0.00000,  L_Eknl: 0.07260, L_Morse: 0.46246

Weights: [7000.0, 600.0, 0, 50.0, 0.0, 7.330300000000001], lr=5.000e-05
Epoch: 0 [2810/10000 (28%)] Loss: 21.79083 = L_Mnfld: 7.06836 + L_NonMnfld: 7.85494 + L_Nrml: 0.00000 + L_Eknl: 3.69785 + L_Div: 0.00000 + L_Morse: 3.16968
Epoch: 0 [2810/10000 (28%)] Unweighted L_s : L_Mnfld: 0.00101,  L_NonMnfld: 0.01309,  L_Nrml: 0.00000,  L_Eknl: 0.07396, L_Morse: 0.43241

Weights: [7000.0, 600.0, 0, 50.0, 0.0, 7.2973], lr=5.000e-05
Epoch: 0 [2820/10000 (28%)] Loss: 24.48656 = L_Mnfld: 8.42245 + L_NonMnfld: 9.09863 + L_Nrml: 0.00000 + L_Eknl: 3.75268 + L_Div: 0.00000 + L_Morse: 3.21280
Epoch: 0 [2820/10000 (28%)] Unweighted L_s : L_Mnfld: 0.00120,  L_NonMnfld: 0.01516,  L_Nrml: 0.00000,  L_Eknl: 0.07505, L_Morse: 0.44027

Weights: [7000.0, 600.0, 0, 50.0, 0.0, 7.2643], lr=5.000e-05
Epoch: 0 [2830/10000 (28%)] Loss: 23.54409 = L_Mnfld: 7.87072 + L_NonMnfld: 8.84882 + L_Nrml: 0.00000 + L_Eknl: 3.63570 + L_Div: 0.00000 + L_Morse: 3.18885
Epoch: 0 [2830/10000 (28%)] Unweighted L_s : L_Mnfld: 0.00112,  L_NonMnfld: 0.01475,  L_Nrml: 0.00000,  L_Eknl: 0.07271, L_Morse: 0.43898

Weights: [7000.0, 600.0, 0, 50.0, 0.0, 7.231300000000001], lr=5.000e-05
Epoch: 0 [2840/10000 (28%)] Loss: 23.70368 = L_Mnfld: 8.39982 + L_NonMnfld: 8.34600 + L_Nrml: 0.00000 + L_Eknl: 3.64143 + L_Div: 0.00000 + L_Morse: 3.31643
Epoch: 0 [2840/10000 (28%)] Unweighted L_s : L_Mnfld: 0.00120,  L_NonMnfld: 0.01391,  L_Nrml: 0.00000,  L_Eknl: 0.07283, L_Morse: 0.45862

Weights: [7000.0, 600.0, 0, 50.0, 0.0, 7.198300000000001], lr=5.000e-05
Epoch: 0 [2850/10000 (28%)] Loss: 22.36723 = L_Mnfld: 7.09823 + L_NonMnfld: 8.63783 + L_Nrml: 0.00000 + L_Eknl: 3.52790 + L_Div: 0.00000 + L_Morse: 3.10327
Epoch: 0 [2850/10000 (28%)] Unweighted L_s : L_Mnfld: 0.00101,  L_NonMnfld: 0.01440,  L_Nrml: 0.00000,  L_Eknl: 0.07056, L_Morse: 0.43111

Weights: [7000.0, 600.0, 0, 50.0, 0.0, 7.1653], lr=5.000e-05
Epoch: 0 [2860/10000 (29%)] Loss: 22.70633 = L_Mnfld: 7.55095 + L_NonMnfld: 8.38570 + L_Nrml: 0.00000 + L_Eknl: 3.57296 + L_Div: 0.00000 + L_Morse: 3.19672
Epoch: 0 [2860/10000 (29%)] Unweighted L_s : L_Mnfld: 0.00108,  L_NonMnfld: 0.01398,  L_Nrml: 0.00000,  L_Eknl: 0.07146, L_Morse: 0.44614

Weights: [7000.0, 600.0, 0, 50.0, 0.0, 7.132300000000001], lr=5.000e-05
Epoch: 0 [2870/10000 (29%)] Loss: 22.23485 = L_Mnfld: 6.90498 + L_NonMnfld: 8.71047 + L_Nrml: 0.00000 + L_Eknl: 3.45139 + L_Div: 0.00000 + L_Morse: 3.16800
Epoch: 0 [2870/10000 (29%)] Unweighted L_s : L_Mnfld: 0.00099,  L_NonMnfld: 0.01452,  L_Nrml: 0.00000,  L_Eknl: 0.06903, L_Morse: 0.44418

Weights: [7000.0, 600.0, 0, 50.0, 0.0, 7.0993], lr=5.000e-05
Epoch: 0 [2880/10000 (29%)] Loss: 22.61485 = L_Mnfld: 7.20377 + L_NonMnfld: 8.93834 + L_Nrml: 0.00000 + L_Eknl: 3.42639 + L_Div: 0.00000 + L_Morse: 3.04636
Epoch: 0 [2880/10000 (29%)] Unweighted L_s : L_Mnfld: 0.00103,  L_NonMnfld: 0.01490,  L_Nrml: 0.00000,  L_Eknl: 0.06853, L_Morse: 0.42911

Weights: [7000.0, 600.0, 0, 50.0, 0.0, 7.0663], lr=5.000e-05
Epoch: 0 [2890/10000 (29%)] Loss: 21.95690 = L_Mnfld: 6.87402 + L_NonMnfld: 8.45412 + L_Nrml: 0.00000 + L_Eknl: 3.49756 + L_Div: 0.00000 + L_Morse: 3.13120
Epoch: 0 [2890/10000 (29%)] Unweighted L_s : L_Mnfld: 0.00098,  L_NonMnfld: 0.01409,  L_Nrml: 0.00000,  L_Eknl: 0.06995, L_Morse: 0.44312

Weights: [7000.0, 600.0, 0, 50.0, 0.0, 7.0333000000000006], lr=5.000e-05
Epoch: 0 [2900/10000 (29%)] Loss: 22.51264 = L_Mnfld: 7.18872 + L_NonMnfld: 8.78256 + L_Nrml: 0.00000 + L_Eknl: 3.37609 + L_Div: 0.00000 + L_Morse: 3.16527
Epoch: 0 [2900/10000 (29%)] Unweighted L_s : L_Mnfld: 0.00103,  L_NonMnfld: 0.01464,  L_Nrml: 0.00000,  L_Eknl: 0.06752, L_Morse: 0.45004

Weights: [7000.0, 600.0, 0, 50.0, 0.0, 7.0003], lr=5.000e-05
Epoch: 0 [2910/10000 (29%)] Loss: 23.45969 = L_Mnfld: 8.29528 + L_NonMnfld: 8.45990 + L_Nrml: 0.00000 + L_Eknl: 3.58081 + L_Div: 0.00000 + L_Morse: 3.12370
Epoch: 0 [2910/10000 (29%)] Unweighted L_s : L_Mnfld: 0.00119,  L_NonMnfld: 0.01410,  L_Nrml: 0.00000,  L_Eknl: 0.07162, L_Morse: 0.44622

Weights: [7000.0, 600.0, 0, 50.0, 0.0, 6.9673], lr=5.000e-05
Epoch: 0 [2920/10000 (29%)] Loss: 23.90557 = L_Mnfld: 7.95816 + L_NonMnfld: 9.26420 + L_Nrml: 0.00000 + L_Eknl: 3.58535 + L_Div: 0.00000 + L_Morse: 3.09786
Epoch: 0 [2920/10000 (29%)] Unweighted L_s : L_Mnfld: 0.00114,  L_NonMnfld: 0.01544,  L_Nrml: 0.00000,  L_Eknl: 0.07171, L_Morse: 0.44463

Weights: [7000.0, 600.0, 0, 50.0, 0.0, 6.9343], lr=5.000e-05
Epoch: 0 [2930/10000 (29%)] Loss: 23.44486 = L_Mnfld: 8.03403 + L_NonMnfld: 8.86243 + L_Nrml: 0.00000 + L_Eknl: 3.56370 + L_Div: 0.00000 + L_Morse: 2.98469
Epoch: 0 [2930/10000 (29%)] Unweighted L_s : L_Mnfld: 0.00115,  L_NonMnfld: 0.01477,  L_Nrml: 0.00000,  L_Eknl: 0.07127, L_Morse: 0.43042

Weights: [7000.0, 600.0, 0, 50.0, 0.0, 6.901300000000001], lr=5.000e-05
Epoch: 0 [2940/10000 (29%)] Loss: 22.32229 = L_Mnfld: 7.39932 + L_NonMnfld: 8.30076 + L_Nrml: 0.00000 + L_Eknl: 3.53160 + L_Div: 0.00000 + L_Morse: 3.09061
Epoch: 0 [2940/10000 (29%)] Unweighted L_s : L_Mnfld: 0.00106,  L_NonMnfld: 0.01383,  L_Nrml: 0.00000,  L_Eknl: 0.07063, L_Morse: 0.44783

Weights: [7000.0, 600.0, 0, 50.0, 0.0, 6.8683000000000005], lr=5.000e-05
Epoch: 0 [2950/10000 (30%)] Loss: 23.61216 = L_Mnfld: 7.11653 + L_NonMnfld: 10.04632 + L_Nrml: 0.00000 + L_Eknl: 3.51991 + L_Div: 0.00000 + L_Morse: 2.92940
Epoch: 0 [2950/10000 (30%)] Unweighted L_s : L_Mnfld: 0.00102,  L_NonMnfld: 0.01674,  L_Nrml: 0.00000,  L_Eknl: 0.07040, L_Morse: 0.42651

Weights: [7000.0, 600.0, 0, 50.0, 0.0, 6.8353], lr=5.000e-05
Epoch: 0 [2960/10000 (30%)] Loss: 22.49565 = L_Mnfld: 7.87781 + L_NonMnfld: 8.19740 + L_Nrml: 0.00000 + L_Eknl: 3.39338 + L_Div: 0.00000 + L_Morse: 3.02705
Epoch: 0 [2960/10000 (30%)] Unweighted L_s : L_Mnfld: 0.00113,  L_NonMnfld: 0.01366,  L_Nrml: 0.00000,  L_Eknl: 0.06787, L_Morse: 0.44286

Weights: [7000.0, 600.0, 0, 50.0, 0.0, 6.802300000000001], lr=5.000e-05
Epoch: 0 [2970/10000 (30%)] Loss: 22.24747 = L_Mnfld: 7.82509 + L_NonMnfld: 7.79057 + L_Nrml: 0.00000 + L_Eknl: 3.62068 + L_Div: 0.00000 + L_Morse: 3.01114
Epoch: 0 [2970/10000 (30%)] Unweighted L_s : L_Mnfld: 0.00112,  L_NonMnfld: 0.01298,  L_Nrml: 0.00000,  L_Eknl: 0.07241, L_Morse: 0.44266

Weights: [7000.0, 600.0, 0, 50.0, 0.0, 6.7693], lr=5.000e-05
Epoch: 0 [2980/10000 (30%)] Loss: 22.12321 = L_Mnfld: 7.31903 + L_NonMnfld: 8.29657 + L_Nrml: 0.00000 + L_Eknl: 3.48208 + L_Div: 0.00000 + L_Morse: 3.02552
Epoch: 0 [2980/10000 (30%)] Unweighted L_s : L_Mnfld: 0.00105,  L_NonMnfld: 0.01383,  L_Nrml: 0.00000,  L_Eknl: 0.06964, L_Morse: 0.44695

Weights: [7000.0, 600.0, 0, 50.0, 0.0, 6.7363], lr=5.000e-05
Epoch: 0 [2990/10000 (30%)] Loss: 22.39983 = L_Mnfld: 7.62533 + L_NonMnfld: 8.39506 + L_Nrml: 0.00000 + L_Eknl: 3.40840 + L_Div: 0.00000 + L_Morse: 2.97104
Epoch: 0 [2990/10000 (30%)] Unweighted L_s : L_Mnfld: 0.00109,  L_NonMnfld: 0.01399,  L_Nrml: 0.00000,  L_Eknl: 0.06817, L_Morse: 0.44105

Weights: [7000.0, 600.0, 0, 50.0, 0.0, 6.7033000000000005], lr=5.000e-05
Epoch: 0 [3000/10000 (30%)] Loss: 22.33325 = L_Mnfld: 7.61103 + L_NonMnfld: 8.11935 + L_Nrml: 0.00000 + L_Eknl: 3.46891 + L_Div: 0.00000 + L_Morse: 3.13396
Epoch: 0 [3000/10000 (30%)] Unweighted L_s : L_Mnfld: 0.00109,  L_NonMnfld: 0.01353,  L_Nrml: 0.00000,  L_Eknl: 0.06938, L_Morse: 0.46753

Weights: [7000.0, 600.0, 0, 50.0, 0.0, 6.6703], lr=5.000e-05
Epoch: 0 [3010/10000 (30%)] Loss: 21.00284 = L_Mnfld: 6.58123 + L_NonMnfld: 7.88057 + L_Nrml: 0.00000 + L_Eknl: 3.55571 + L_Div: 0.00000 + L_Morse: 2.98532
Epoch: 0 [3010/10000 (30%)] Unweighted L_s : L_Mnfld: 0.00094,  L_NonMnfld: 0.01313,  L_Nrml: 0.00000,  L_Eknl: 0.07111, L_Morse: 0.44755

Weights: [7000.0, 600.0, 0, 50.0, 0.0, 6.6373], lr=5.000e-05
Epoch: 0 [3020/10000 (30%)] Loss: 20.92787 = L_Mnfld: 6.79861 + L_NonMnfld: 7.77615 + L_Nrml: 0.00000 + L_Eknl: 3.41207 + L_Div: 0.00000 + L_Morse: 2.94105
Epoch: 0 [3020/10000 (30%)] Unweighted L_s : L_Mnfld: 0.00097,  L_NonMnfld: 0.01296,  L_Nrml: 0.00000,  L_Eknl: 0.06824, L_Morse: 0.44311

Weights: [7000.0, 600.0, 0, 50.0, 0.0, 6.6043], lr=5.000e-05
Epoch: 0 [3030/10000 (30%)] Loss: 21.98882 = L_Mnfld: 7.23062 + L_NonMnfld: 8.23910 + L_Nrml: 0.00000 + L_Eknl: 3.43188 + L_Div: 0.00000 + L_Morse: 3.08723
Epoch: 0 [3030/10000 (30%)] Unweighted L_s : L_Mnfld: 0.00103,  L_NonMnfld: 0.01373,  L_Nrml: 0.00000,  L_Eknl: 0.06864, L_Morse: 0.46746

Weights: [7000.0, 600.0, 0, 50.0, 0.0, 6.5713], lr=5.000e-05
Epoch: 0 [3040/10000 (30%)] Loss: 22.05503 = L_Mnfld: 6.77569 + L_NonMnfld: 8.79373 + L_Nrml: 0.00000 + L_Eknl: 3.39748 + L_Div: 0.00000 + L_Morse: 3.08814
Epoch: 0 [3040/10000 (30%)] Unweighted L_s : L_Mnfld: 0.00097,  L_NonMnfld: 0.01466,  L_Nrml: 0.00000,  L_Eknl: 0.06795, L_Morse: 0.46994

Weights: [7000.0, 600.0, 0, 50.0, 0.0, 6.5383], lr=5.000e-05
Epoch: 0 [3050/10000 (30%)] Loss: 21.42479 = L_Mnfld: 6.22514 + L_NonMnfld: 8.85007 + L_Nrml: 0.00000 + L_Eknl: 3.42349 + L_Div: 0.00000 + L_Morse: 2.92609
Epoch: 0 [3050/10000 (30%)] Unweighted L_s : L_Mnfld: 0.00089,  L_NonMnfld: 0.01475,  L_Nrml: 0.00000,  L_Eknl: 0.06847, L_Morse: 0.44753

Weights: [7000.0, 600.0, 0, 50.0, 0.0, 6.5053], lr=5.000e-05
Epoch: 0 [3060/10000 (31%)] Loss: 22.06826 = L_Mnfld: 7.26684 + L_NonMnfld: 8.10756 + L_Nrml: 0.00000 + L_Eknl: 3.42796 + L_Div: 0.00000 + L_Morse: 3.26591
Epoch: 0 [3060/10000 (31%)] Unweighted L_s : L_Mnfld: 0.00104,  L_NonMnfld: 0.01351,  L_Nrml: 0.00000,  L_Eknl: 0.06856, L_Morse: 0.50204

Weights: [7000.0, 600.0, 0, 50.0, 0.0, 6.4723], lr=5.000e-05
Epoch: 0 [3070/10000 (31%)] Loss: 22.10302 = L_Mnfld: 7.07580 + L_NonMnfld: 8.52192 + L_Nrml: 0.00000 + L_Eknl: 3.52764 + L_Div: 0.00000 + L_Morse: 2.97766
Epoch: 0 [3070/10000 (31%)] Unweighted L_s : L_Mnfld: 0.00101,  L_NonMnfld: 0.01420,  L_Nrml: 0.00000,  L_Eknl: 0.07055, L_Morse: 0.46006

Weights: [7000.0, 600.0, 0, 50.0, 0.0, 6.439299999999999], lr=5.000e-05
Epoch: 0 [3080/10000 (31%)] Loss: 22.47945 = L_Mnfld: 6.83449 + L_NonMnfld: 9.20134 + L_Nrml: 0.00000 + L_Eknl: 3.48380 + L_Div: 0.00000 + L_Morse: 2.95982
Epoch: 0 [3080/10000 (31%)] Unweighted L_s : L_Mnfld: 0.00098,  L_NonMnfld: 0.01534,  L_Nrml: 0.00000,  L_Eknl: 0.06968, L_Morse: 0.45965

Weights: [7000.0, 600.0, 0, 50.0, 0.0, 6.4063], lr=5.000e-05
Epoch: 0 [3090/10000 (31%)] Loss: 23.08908 = L_Mnfld: 7.72741 + L_NonMnfld: 8.90461 + L_Nrml: 0.00000 + L_Eknl: 3.61682 + L_Div: 0.00000 + L_Morse: 2.84024
Epoch: 0 [3090/10000 (31%)] Unweighted L_s : L_Mnfld: 0.00110,  L_NonMnfld: 0.01484,  L_Nrml: 0.00000,  L_Eknl: 0.07234, L_Morse: 0.44335

Weights: [7000.0, 600.0, 0, 50.0, 0.0, 6.3733], lr=5.000e-05
Epoch: 0 [3100/10000 (31%)] Loss: 22.53486 = L_Mnfld: 7.32163 + L_NonMnfld: 8.73193 + L_Nrml: 0.00000 + L_Eknl: 3.51683 + L_Div: 0.00000 + L_Morse: 2.96448
Epoch: 0 [3100/10000 (31%)] Unweighted L_s : L_Mnfld: 0.00105,  L_NonMnfld: 0.01455,  L_Nrml: 0.00000,  L_Eknl: 0.07034, L_Morse: 0.46514

Weights: [7000.0, 600.0, 0, 50.0, 0.0, 6.3403], lr=5.000e-05
Epoch: 0 [3110/10000 (31%)] Loss: 22.61057 = L_Mnfld: 7.41592 + L_NonMnfld: 8.70056 + L_Nrml: 0.00000 + L_Eknl: 3.52959 + L_Div: 0.00000 + L_Morse: 2.96450
Epoch: 0 [3110/10000 (31%)] Unweighted L_s : L_Mnfld: 0.00106,  L_NonMnfld: 0.01450,  L_Nrml: 0.00000,  L_Eknl: 0.07059, L_Morse: 0.46756

Weights: [7000.0, 600.0, 0, 50.0, 0.0, 6.3073], lr=5.000e-05
Epoch: 0 [3120/10000 (31%)] Loss: 22.04288 = L_Mnfld: 6.80829 + L_NonMnfld: 8.86631 + L_Nrml: 0.00000 + L_Eknl: 3.42160 + L_Div: 0.00000 + L_Morse: 2.94668
Epoch: 0 [3120/10000 (31%)] Unweighted L_s : L_Mnfld: 0.00097,  L_NonMnfld: 0.01478,  L_Nrml: 0.00000,  L_Eknl: 0.06843, L_Morse: 0.46719

Weights: [7000.0, 600.0, 0, 50.0, 0.0, 6.2743], lr=5.000e-05
Epoch: 0 [3130/10000 (31%)] Loss: 21.86807 = L_Mnfld: 7.36775 + L_NonMnfld: 8.32175 + L_Nrml: 0.00000 + L_Eknl: 3.34992 + L_Div: 0.00000 + L_Morse: 2.82865
Epoch: 0 [3130/10000 (31%)] Unweighted L_s : L_Mnfld: 0.00105,  L_NonMnfld: 0.01387,  L_Nrml: 0.00000,  L_Eknl: 0.06700, L_Morse: 0.45083

Weights: [7000.0, 600.0, 0, 50.0, 0.0, 6.2413], lr=5.000e-05
Epoch: 0 [3140/10000 (31%)] Loss: 21.17537 = L_Mnfld: 7.08006 + L_NonMnfld: 7.78118 + L_Nrml: 0.00000 + L_Eknl: 3.28439 + L_Div: 0.00000 + L_Morse: 3.02975
Epoch: 0 [3140/10000 (31%)] Unweighted L_s : L_Mnfld: 0.00101,  L_NonMnfld: 0.01297,  L_Nrml: 0.00000,  L_Eknl: 0.06569, L_Morse: 0.48544

Weights: [7000.0, 600.0, 0, 50.0, 0.0, 6.2082999999999995], lr=5.000e-05
Epoch: 0 [3150/10000 (32%)] Loss: 21.48279 = L_Mnfld: 7.21566 + L_NonMnfld: 8.07355 + L_Nrml: 0.00000 + L_Eknl: 3.26652 + L_Div: 0.00000 + L_Morse: 2.92706
Epoch: 0 [3150/10000 (32%)] Unweighted L_s : L_Mnfld: 0.00103,  L_NonMnfld: 0.01346,  L_Nrml: 0.00000,  L_Eknl: 0.06533, L_Morse: 0.47147

Weights: [7000.0, 600.0, 0, 50.0, 0.0, 6.1753], lr=5.000e-05
Epoch: 0 [3160/10000 (32%)] Loss: 21.71371 = L_Mnfld: 7.35441 + L_NonMnfld: 8.19827 + L_Nrml: 0.00000 + L_Eknl: 3.27889 + L_Div: 0.00000 + L_Morse: 2.88214
Epoch: 0 [3160/10000 (32%)] Unweighted L_s : L_Mnfld: 0.00105,  L_NonMnfld: 0.01366,  L_Nrml: 0.00000,  L_Eknl: 0.06558, L_Morse: 0.46672

Weights: [7000.0, 600.0, 0, 50.0, 0.0, 6.1423], lr=5.000e-05
Epoch: 0 [3170/10000 (32%)] Loss: 21.28902 = L_Mnfld: 7.29689 + L_NonMnfld: 8.02687 + L_Nrml: 0.00000 + L_Eknl: 3.19232 + L_Div: 0.00000 + L_Morse: 2.77295
Epoch: 0 [3170/10000 (32%)] Unweighted L_s : L_Mnfld: 0.00104,  L_NonMnfld: 0.01338,  L_Nrml: 0.00000,  L_Eknl: 0.06385, L_Morse: 0.45145

Weights: [7000.0, 600.0, 0, 50.0, 0.0, 6.109299999999999], lr=5.000e-05
Epoch: 0 [3180/10000 (32%)] Loss: 21.54385 = L_Mnfld: 7.20136 + L_NonMnfld: 8.07925 + L_Nrml: 0.00000 + L_Eknl: 3.32601 + L_Div: 0.00000 + L_Morse: 2.93723
Epoch: 0 [3180/10000 (32%)] Unweighted L_s : L_Mnfld: 0.00103,  L_NonMnfld: 0.01347,  L_Nrml: 0.00000,  L_Eknl: 0.06652, L_Morse: 0.48078

Weights: [7000.0, 600.0, 0, 50.0, 0.0, 6.0763], lr=5.000e-05
Epoch: 0 [3190/10000 (32%)] Loss: 22.11765 = L_Mnfld: 7.59036 + L_NonMnfld: 8.63228 + L_Nrml: 0.00000 + L_Eknl: 3.18875 + L_Div: 0.00000 + L_Morse: 2.70626
Epoch: 0 [3190/10000 (32%)] Unweighted L_s : L_Mnfld: 0.00108,  L_NonMnfld: 0.01439,  L_Nrml: 0.00000,  L_Eknl: 0.06378, L_Morse: 0.44538

Weights: [7000.0, 600.0, 0, 50.0, 0.0, 6.0432999999999995], lr=5.000e-05
Epoch: 0 [3200/10000 (32%)] Loss: 21.30004 = L_Mnfld: 6.88532 + L_NonMnfld: 8.40916 + L_Nrml: 0.00000 + L_Eknl: 3.14861 + L_Div: 0.00000 + L_Morse: 2.85695
Epoch: 0 [3200/10000 (32%)] Unweighted L_s : L_Mnfld: 0.00098,  L_NonMnfld: 0.01402,  L_Nrml: 0.00000,  L_Eknl: 0.06297, L_Morse: 0.47275

Weights: [7000.0, 600.0, 0, 50.0, 0.0, 6.010299999999999], lr=5.000e-05
Epoch: 0 [3210/10000 (32%)] Loss: 21.34794 = L_Mnfld: 7.04153 + L_NonMnfld: 8.17575 + L_Nrml: 0.00000 + L_Eknl: 3.26064 + L_Div: 0.00000 + L_Morse: 2.87002
Epoch: 0 [3210/10000 (32%)] Unweighted L_s : L_Mnfld: 0.00101,  L_NonMnfld: 0.01363,  L_Nrml: 0.00000,  L_Eknl: 0.06521, L_Morse: 0.47752

Weights: [7000.0, 600.0, 0, 50.0, 0.0, 5.9773], lr=5.000e-05
Epoch: 0 [3220/10000 (32%)] Loss: 20.37278 = L_Mnfld: 6.32222 + L_NonMnfld: 8.21863 + L_Nrml: 0.00000 + L_Eknl: 3.15791 + L_Div: 0.00000 + L_Morse: 2.67402
Epoch: 0 [3220/10000 (32%)] Unweighted L_s : L_Mnfld: 0.00090,  L_NonMnfld: 0.01370,  L_Nrml: 0.00000,  L_Eknl: 0.06316, L_Morse: 0.44736

Weights: [7000.0, 600.0, 0, 50.0, 0.0, 5.944299999999999], lr=5.000e-05
Epoch: 0 [3230/10000 (32%)] Loss: 21.45451 = L_Mnfld: 6.89717 + L_NonMnfld: 8.34955 + L_Nrml: 0.00000 + L_Eknl: 3.30501 + L_Div: 0.00000 + L_Morse: 2.90278
Epoch: 0 [3230/10000 (32%)] Unweighted L_s : L_Mnfld: 0.00099,  L_NonMnfld: 0.01392,  L_Nrml: 0.00000,  L_Eknl: 0.06610, L_Morse: 0.48833

Weights: [7000.0, 600.0, 0, 50.0, 0.0, 5.911299999999999], lr=5.000e-05
Epoch: 0 [3240/10000 (32%)] Loss: 22.55156 = L_Mnfld: 7.89732 + L_NonMnfld: 8.68099 + L_Nrml: 0.00000 + L_Eknl: 3.21606 + L_Div: 0.00000 + L_Morse: 2.75720
Epoch: 0 [3240/10000 (32%)] Unweighted L_s : L_Mnfld: 0.00113,  L_NonMnfld: 0.01447,  L_Nrml: 0.00000,  L_Eknl: 0.06432, L_Morse: 0.46643

Weights: [7000.0, 600.0, 0, 50.0, 0.0, 5.878299999999999], lr=5.000e-05
Epoch: 0 [3250/10000 (32%)] Loss: 22.60658 = L_Mnfld: 7.41311 + L_NonMnfld: 9.31034 + L_Nrml: 0.00000 + L_Eknl: 3.22006 + L_Div: 0.00000 + L_Morse: 2.66306
Epoch: 0 [3250/10000 (32%)] Unweighted L_s : L_Mnfld: 0.00106,  L_NonMnfld: 0.01552,  L_Nrml: 0.00000,  L_Eknl: 0.06440, L_Morse: 0.45303

Weights: [7000.0, 600.0, 0, 50.0, 0.0, 5.845299999999999], lr=5.000e-05
Epoch: 0 [3260/10000 (33%)] Loss: 22.53358 = L_Mnfld: 7.67120 + L_NonMnfld: 8.81535 + L_Nrml: 0.00000 + L_Eknl: 3.36260 + L_Div: 0.00000 + L_Morse: 2.68443
Epoch: 0 [3260/10000 (33%)] Unweighted L_s : L_Mnfld: 0.00110,  L_NonMnfld: 0.01469,  L_Nrml: 0.00000,  L_Eknl: 0.06725, L_Morse: 0.45925

Weights: [7000.0, 600.0, 0, 50.0, 0.0, 5.812299999999999], lr=5.000e-05
Epoch: 0 [3270/10000 (33%)] Loss: 21.30285 = L_Mnfld: 7.07015 + L_NonMnfld: 7.90241 + L_Nrml: 0.00000 + L_Eknl: 3.49497 + L_Div: 0.00000 + L_Morse: 2.83532
Epoch: 0 [3270/10000 (33%)] Unweighted L_s : L_Mnfld: 0.00101,  L_NonMnfld: 0.01317,  L_Nrml: 0.00000,  L_Eknl: 0.06990, L_Morse: 0.48781

Weights: [7000.0, 600.0, 0, 50.0, 0.0, 5.779299999999999], lr=5.000e-05
Epoch: 0 [3280/10000 (33%)] Loss: 22.07802 = L_Mnfld: 8.05403 + L_NonMnfld: 7.98129 + L_Nrml: 0.00000 + L_Eknl: 3.40632 + L_Div: 0.00000 + L_Morse: 2.63638
Epoch: 0 [3280/10000 (33%)] Unweighted L_s : L_Mnfld: 0.00115,  L_NonMnfld: 0.01330,  L_Nrml: 0.00000,  L_Eknl: 0.06813, L_Morse: 0.45618

Weights: [7000.0, 600.0, 0, 50.0, 0.0, 5.746299999999999], lr=5.000e-05
Epoch: 0 [3290/10000 (33%)] Loss: 22.98084 = L_Mnfld: 8.96948 + L_NonMnfld: 7.66854 + L_Nrml: 0.00000 + L_Eknl: 3.45928 + L_Div: 0.00000 + L_Morse: 2.88354
Epoch: 0 [3290/10000 (33%)] Unweighted L_s : L_Mnfld: 0.00128,  L_NonMnfld: 0.01278,  L_Nrml: 0.00000,  L_Eknl: 0.06919, L_Morse: 0.50181

Weights: [7000.0, 600.0, 0, 50.0, 0.0, 5.713299999999999], lr=5.000e-05
Epoch: 0 [3300/10000 (33%)] Loss: 23.77753 = L_Mnfld: 9.27073 + L_NonMnfld: 8.41624 + L_Nrml: 0.00000 + L_Eknl: 3.29544 + L_Div: 0.00000 + L_Morse: 2.79513
Epoch: 0 [3300/10000 (33%)] Unweighted L_s : L_Mnfld: 0.00132,  L_NonMnfld: 0.01403,  L_Nrml: 0.00000,  L_Eknl: 0.06591, L_Morse: 0.48923

Weights: [7000.0, 600.0, 0, 50.0, 0.0, 5.680299999999999], lr=5.000e-05
Epoch: 0 [3310/10000 (33%)] Loss: 22.42768 = L_Mnfld: 7.90490 + L_NonMnfld: 8.59122 + L_Nrml: 0.00000 + L_Eknl: 3.29789 + L_Div: 0.00000 + L_Morse: 2.63368
Epoch: 0 [3310/10000 (33%)] Unweighted L_s : L_Mnfld: 0.00113,  L_NonMnfld: 0.01432,  L_Nrml: 0.00000,  L_Eknl: 0.06596, L_Morse: 0.46365

Weights: [7000.0, 600.0, 0, 50.0, 0.0, 5.6473], lr=5.000e-05
Epoch: 0 [3320/10000 (33%)] Loss: 22.63640 = L_Mnfld: 8.67628 + L_NonMnfld: 8.15860 + L_Nrml: 0.00000 + L_Eknl: 3.16455 + L_Div: 0.00000 + L_Morse: 2.63696
Epoch: 0 [3320/10000 (33%)] Unweighted L_s : L_Mnfld: 0.00124,  L_NonMnfld: 0.01360,  L_Nrml: 0.00000,  L_Eknl: 0.06329, L_Morse: 0.46694

Weights: [7000.0, 600.0, 0, 50.0, 0.0, 5.614300000000001], lr=5.000e-05
Epoch: 0 [3330/10000 (33%)] Loss: 22.90509 = L_Mnfld: 8.77033 + L_NonMnfld: 7.96661 + L_Nrml: 0.00000 + L_Eknl: 3.28605 + L_Div: 0.00000 + L_Morse: 2.88210
Epoch: 0 [3330/10000 (33%)] Unweighted L_s : L_Mnfld: 0.00125,  L_NonMnfld: 0.01328,  L_Nrml: 0.00000,  L_Eknl: 0.06572, L_Morse: 0.51335

Weights: [7000.0, 600.0, 0, 50.0, 0.0, 5.581300000000001], lr=5.000e-05
Epoch: 0 [3340/10000 (33%)] Loss: 22.00438 = L_Mnfld: 8.07676 + L_NonMnfld: 7.91516 + L_Nrml: 0.00000 + L_Eknl: 3.27885 + L_Div: 0.00000 + L_Morse: 2.73360
Epoch: 0 [3340/10000 (33%)] Unweighted L_s : L_Mnfld: 0.00115,  L_NonMnfld: 0.01319,  L_Nrml: 0.00000,  L_Eknl: 0.06558, L_Morse: 0.48978

Weights: [7000.0, 600.0, 0, 50.0, 0.0, 5.5483], lr=5.000e-05
Epoch: 0 [3350/10000 (34%)] Loss: 22.48860 = L_Mnfld: 8.37203 + L_NonMnfld: 8.08009 + L_Nrml: 0.00000 + L_Eknl: 3.28428 + L_Div: 0.00000 + L_Morse: 2.75220
Epoch: 0 [3350/10000 (34%)] Unweighted L_s : L_Mnfld: 0.00120,  L_NonMnfld: 0.01347,  L_Nrml: 0.00000,  L_Eknl: 0.06569, L_Morse: 0.49604

Weights: [7000.0, 600.0, 0, 50.0, 0.0, 5.515300000000001], lr=5.000e-05
Epoch: 0 [3360/10000 (34%)] Loss: 21.12226 = L_Mnfld: 7.76968 + L_NonMnfld: 7.37518 + L_Nrml: 0.00000 + L_Eknl: 3.38329 + L_Div: 0.00000 + L_Morse: 2.59410
Epoch: 0 [3360/10000 (34%)] Unweighted L_s : L_Mnfld: 0.00111,  L_NonMnfld: 0.01229,  L_Nrml: 0.00000,  L_Eknl: 0.06767, L_Morse: 0.47035

Weights: [7000.0, 600.0, 0, 50.0, 0.0, 5.4823], lr=5.000e-05
Epoch: 0 [3370/10000 (34%)] Loss: 22.29108 = L_Mnfld: 8.25555 + L_NonMnfld: 8.03191 + L_Nrml: 0.00000 + L_Eknl: 3.34584 + L_Div: 0.00000 + L_Morse: 2.65778
Epoch: 0 [3370/10000 (34%)] Unweighted L_s : L_Mnfld: 0.00118,  L_NonMnfld: 0.01339,  L_Nrml: 0.00000,  L_Eknl: 0.06692, L_Morse: 0.48479

Weights: [7000.0, 600.0, 0, 50.0, 0.0, 5.4493], lr=5.000e-05
Epoch: 0 [3380/10000 (34%)] Loss: 21.99372 = L_Mnfld: 7.60583 + L_NonMnfld: 8.36686 + L_Nrml: 0.00000 + L_Eknl: 3.32738 + L_Div: 0.00000 + L_Morse: 2.69366
Epoch: 0 [3380/10000 (34%)] Unweighted L_s : L_Mnfld: 0.00109,  L_NonMnfld: 0.01394,  L_Nrml: 0.00000,  L_Eknl: 0.06655, L_Morse: 0.49431

Weights: [7000.0, 600.0, 0, 50.0, 0.0, 5.416300000000001], lr=5.000e-05
Epoch: 0 [3390/10000 (34%)] Loss: 21.97062 = L_Mnfld: 7.19855 + L_NonMnfld: 8.92670 + L_Nrml: 0.00000 + L_Eknl: 3.30107 + L_Div: 0.00000 + L_Morse: 2.54431
Epoch: 0 [3390/10000 (34%)] Unweighted L_s : L_Mnfld: 0.00103,  L_NonMnfld: 0.01488,  L_Nrml: 0.00000,  L_Eknl: 0.06602, L_Morse: 0.46975

Weights: [7000.0, 600.0, 0, 50.0, 0.0, 5.383300000000001], lr=5.000e-05
Epoch: 0 [3400/10000 (34%)] Loss: 21.39729 = L_Mnfld: 8.06144 + L_NonMnfld: 7.47985 + L_Nrml: 0.00000 + L_Eknl: 3.32841 + L_Div: 0.00000 + L_Morse: 2.52759
Epoch: 0 [3400/10000 (34%)] Unweighted L_s : L_Mnfld: 0.00115,  L_NonMnfld: 0.01247,  L_Nrml: 0.00000,  L_Eknl: 0.06657, L_Morse: 0.46952

Weights: [7000.0, 600.0, 0, 50.0, 0.0, 5.350300000000001], lr=5.000e-05
Epoch: 0 [3410/10000 (34%)] Loss: 20.79251 = L_Mnfld: 6.93613 + L_NonMnfld: 8.22407 + L_Nrml: 0.00000 + L_Eknl: 3.13114 + L_Div: 0.00000 + L_Morse: 2.50118
Epoch: 0 [3410/10000 (34%)] Unweighted L_s : L_Mnfld: 0.00099,  L_NonMnfld: 0.01371,  L_Nrml: 0.00000,  L_Eknl: 0.06262, L_Morse: 0.46748

Weights: [7000.0, 600.0, 0, 50.0, 0.0, 5.317300000000001], lr=5.000e-05
Epoch: 0 [3420/10000 (34%)] Loss: 23.70364 = L_Mnfld: 8.58728 + L_NonMnfld: 9.53983 + L_Nrml: 0.00000 + L_Eknl: 3.13161 + L_Div: 0.00000 + L_Morse: 2.44492
Epoch: 0 [3420/10000 (34%)] Unweighted L_s : L_Mnfld: 0.00123,  L_NonMnfld: 0.01590,  L_Nrml: 0.00000,  L_Eknl: 0.06263, L_Morse: 0.45981

Weights: [7000.0, 600.0, 0, 50.0, 0.0, 5.284300000000001], lr=5.000e-05
Epoch: 0 [3430/10000 (34%)] Loss: 23.20027 = L_Mnfld: 9.26247 + L_NonMnfld: 8.24676 + L_Nrml: 0.00000 + L_Eknl: 3.11948 + L_Div: 0.00000 + L_Morse: 2.57157
Epoch: 0 [3430/10000 (34%)] Unweighted L_s : L_Mnfld: 0.00132,  L_NonMnfld: 0.01374,  L_Nrml: 0.00000,  L_Eknl: 0.06239, L_Morse: 0.48664

Weights: [7000.0, 600.0, 0, 50.0, 0.0, 5.2513000000000005], lr=5.000e-05
Epoch: 0 [3440/10000 (34%)] Loss: 21.18963 = L_Mnfld: 7.79464 + L_NonMnfld: 7.79875 + L_Nrml: 0.00000 + L_Eknl: 3.09022 + L_Div: 0.00000 + L_Morse: 2.50601
Epoch: 0 [3440/10000 (34%)] Unweighted L_s : L_Mnfld: 0.00111,  L_NonMnfld: 0.01300,  L_Nrml: 0.00000,  L_Eknl: 0.06180, L_Morse: 0.47722

Weights: [7000.0, 600.0, 0, 50.0, 0.0, 5.218300000000001], lr=5.000e-05
Epoch: 0 [3450/10000 (34%)] Loss: 21.97686 = L_Mnfld: 8.30429 + L_NonMnfld: 7.86331 + L_Nrml: 0.00000 + L_Eknl: 3.19810 + L_Div: 0.00000 + L_Morse: 2.61116
Epoch: 0 [3450/10000 (34%)] Unweighted L_s : L_Mnfld: 0.00119,  L_NonMnfld: 0.01311,  L_Nrml: 0.00000,  L_Eknl: 0.06396, L_Morse: 0.50038

Weights: [7000.0, 600.0, 0, 50.0, 0.0, 5.185300000000001], lr=5.000e-05
Epoch: 0 [3460/10000 (35%)] Loss: 22.29868 = L_Mnfld: 8.53861 + L_NonMnfld: 8.00779 + L_Nrml: 0.00000 + L_Eknl: 3.24484 + L_Div: 0.00000 + L_Morse: 2.50744
Epoch: 0 [3460/10000 (35%)] Unweighted L_s : L_Mnfld: 0.00122,  L_NonMnfld: 0.01335,  L_Nrml: 0.00000,  L_Eknl: 0.06490, L_Morse: 0.48357

Weights: [7000.0, 600.0, 0, 50.0, 0.0, 5.1523], lr=5.000e-05
Epoch: 0 [3470/10000 (35%)] Loss: 21.14973 = L_Mnfld: 7.78408 + L_NonMnfld: 7.79185 + L_Nrml: 0.00000 + L_Eknl: 3.10693 + L_Div: 0.00000 + L_Morse: 2.46687
Epoch: 0 [3470/10000 (35%)] Unweighted L_s : L_Mnfld: 0.00111,  L_NonMnfld: 0.01299,  L_Nrml: 0.00000,  L_Eknl: 0.06214, L_Morse: 0.47879

Weights: [7000.0, 600.0, 0, 50.0, 0.0, 5.119300000000001], lr=5.000e-05
Epoch: 0 [3480/10000 (35%)] Loss: 20.75372 = L_Mnfld: 7.01283 + L_NonMnfld: 8.26764 + L_Nrml: 0.00000 + L_Eknl: 3.07335 + L_Div: 0.00000 + L_Morse: 2.39990
Epoch: 0 [3480/10000 (35%)] Unweighted L_s : L_Mnfld: 0.00100,  L_NonMnfld: 0.01378,  L_Nrml: 0.00000,  L_Eknl: 0.06147, L_Morse: 0.46880

Weights: [7000.0, 600.0, 0, 50.0, 0.0, 5.0863000000000005], lr=5.000e-05
Epoch: 0 [3490/10000 (35%)] Loss: 21.11899 = L_Mnfld: 6.99399 + L_NonMnfld: 8.61549 + L_Nrml: 0.00000 + L_Eknl: 3.09077 + L_Div: 0.00000 + L_Morse: 2.41875
Epoch: 0 [3490/10000 (35%)] Unweighted L_s : L_Mnfld: 0.00100,  L_NonMnfld: 0.01436,  L_Nrml: 0.00000,  L_Eknl: 0.06182, L_Morse: 0.47554

Weights: [7000.0, 600.0, 0, 50.0, 0.0, 5.0533], lr=5.000e-05
Epoch: 0 [3500/10000 (35%)] Loss: 20.81741 = L_Mnfld: 6.89199 + L_NonMnfld: 8.48613 + L_Nrml: 0.00000 + L_Eknl: 3.04660 + L_Div: 0.00000 + L_Morse: 2.39270
Epoch: 0 [3500/10000 (35%)] Unweighted L_s : L_Mnfld: 0.00098,  L_NonMnfld: 0.01414,  L_Nrml: 0.00000,  L_Eknl: 0.06093, L_Morse: 0.47349

Weights: [7000.0, 600.0, 0, 50.0, 0.0, 5.020300000000001], lr=5.000e-05
Epoch: 0 [3510/10000 (35%)] Loss: 21.50853 = L_Mnfld: 7.26511 + L_NonMnfld: 8.78050 + L_Nrml: 0.00000 + L_Eknl: 3.12956 + L_Div: 0.00000 + L_Morse: 2.33335
Epoch: 0 [3510/10000 (35%)] Unweighted L_s : L_Mnfld: 0.00104,  L_NonMnfld: 0.01463,  L_Nrml: 0.00000,  L_Eknl: 0.06259, L_Morse: 0.46478

Weights: [7000.0, 600.0, 0, 50.0, 0.0, 4.9873], lr=5.000e-05
Epoch: 0 [3520/10000 (35%)] Loss: 22.45483 = L_Mnfld: 8.09021 + L_NonMnfld: 8.80313 + L_Nrml: 0.00000 + L_Eknl: 3.12644 + L_Div: 0.00000 + L_Morse: 2.43505
Epoch: 0 [3520/10000 (35%)] Unweighted L_s : L_Mnfld: 0.00116,  L_NonMnfld: 0.01467,  L_Nrml: 0.00000,  L_Eknl: 0.06253, L_Morse: 0.48825

Weights: [7000.0, 600.0, 0, 50.0, 0.0, 4.9543], lr=5.000e-05
Epoch: 0 [3530/10000 (35%)] Loss: 20.99874 = L_Mnfld: 7.00798 + L_NonMnfld: 8.38343 + L_Nrml: 0.00000 + L_Eknl: 3.11551 + L_Div: 0.00000 + L_Morse: 2.49182
Epoch: 0 [3530/10000 (35%)] Unweighted L_s : L_Mnfld: 0.00100,  L_NonMnfld: 0.01397,  L_Nrml: 0.00000,  L_Eknl: 0.06231, L_Morse: 0.50296

Weights: [7000.0, 600.0, 0, 50.0, 0.0, 4.9213000000000005], lr=5.000e-05
Epoch: 0 [3540/10000 (35%)] Loss: 20.16450 = L_Mnfld: 6.99814 + L_NonMnfld: 7.75444 + L_Nrml: 0.00000 + L_Eknl: 2.99725 + L_Div: 0.00000 + L_Morse: 2.41467
Epoch: 0 [3540/10000 (35%)] Unweighted L_s : L_Mnfld: 0.00100,  L_NonMnfld: 0.01292,  L_Nrml: 0.00000,  L_Eknl: 0.05995, L_Morse: 0.49066

Weights: [7000.0, 600.0, 0, 50.0, 0.0, 4.8883], lr=5.000e-05
Epoch: 0 [3550/10000 (36%)] Loss: 19.34211 = L_Mnfld: 6.40396 + L_NonMnfld: 7.65850 + L_Nrml: 0.00000 + L_Eknl: 2.95540 + L_Div: 0.00000 + L_Morse: 2.32425
Epoch: 0 [3550/10000 (36%)] Unweighted L_s : L_Mnfld: 0.00091,  L_NonMnfld: 0.01276,  L_Nrml: 0.00000,  L_Eknl: 0.05911, L_Morse: 0.47547

Weights: [7000.0, 600.0, 0, 50.0, 0.0, 4.8553], lr=5.000e-05
Epoch: 0 [3560/10000 (36%)] Loss: 20.50225 = L_Mnfld: 6.43494 + L_NonMnfld: 8.49688 + L_Nrml: 0.00000 + L_Eknl: 3.04699 + L_Div: 0.00000 + L_Morse: 2.52344
Epoch: 0 [3560/10000 (36%)] Unweighted L_s : L_Mnfld: 0.00092,  L_NonMnfld: 0.01416,  L_Nrml: 0.00000,  L_Eknl: 0.06094, L_Morse: 0.51973

Weights: [7000.0, 600.0, 0, 50.0, 0.0, 4.8223], lr=5.000e-05
Epoch: 0 [3570/10000 (36%)] Loss: 21.06152 = L_Mnfld: 7.34689 + L_NonMnfld: 8.38323 + L_Nrml: 0.00000 + L_Eknl: 3.00614 + L_Div: 0.00000 + L_Morse: 2.32525
Epoch: 0 [3570/10000 (36%)] Unweighted L_s : L_Mnfld: 0.00105,  L_NonMnfld: 0.01397,  L_Nrml: 0.00000,  L_Eknl: 0.06012, L_Morse: 0.48219

Weights: [7000.0, 600.0, 0, 50.0, 0.0, 4.7893], lr=5.000e-05
Epoch: 0 [3580/10000 (36%)] Loss: 20.97511 = L_Mnfld: 7.76208 + L_NonMnfld: 7.73388 + L_Nrml: 0.00000 + L_Eknl: 3.17000 + L_Div: 0.00000 + L_Morse: 2.30913
Epoch: 0 [3580/10000 (36%)] Unweighted L_s : L_Mnfld: 0.00111,  L_NonMnfld: 0.01289,  L_Nrml: 0.00000,  L_Eknl: 0.06340, L_Morse: 0.48214

Weights: [7000.0, 600.0, 0, 50.0, 0.0, 4.7562999999999995], lr=5.000e-05
Epoch: 0 [3590/10000 (36%)] Loss: 22.22821 = L_Mnfld: 8.80708 + L_NonMnfld: 7.78320 + L_Nrml: 0.00000 + L_Eknl: 3.22938 + L_Div: 0.00000 + L_Morse: 2.40854
Epoch: 0 [3590/10000 (36%)] Unweighted L_s : L_Mnfld: 0.00126,  L_NonMnfld: 0.01297,  L_Nrml: 0.00000,  L_Eknl: 0.06459, L_Morse: 0.50639

Weights: [7000.0, 600.0, 0, 50.0, 0.0, 4.7233], lr=5.000e-05
Epoch: 0 [3600/10000 (36%)] Loss: 22.24991 = L_Mnfld: 8.64219 + L_NonMnfld: 7.90061 + L_Nrml: 0.00000 + L_Eknl: 3.17469 + L_Div: 0.00000 + L_Morse: 2.53243
Epoch: 0 [3600/10000 (36%)] Unweighted L_s : L_Mnfld: 0.00123,  L_NonMnfld: 0.01317,  L_Nrml: 0.00000,  L_Eknl: 0.06349, L_Morse: 0.53616

Weights: [7000.0, 600.0, 0, 50.0, 0.0, 4.690300000000001], lr=5.000e-05
Epoch: 0 [3610/10000 (36%)] Loss: 20.31506 = L_Mnfld: 7.70692 + L_NonMnfld: 7.09247 + L_Nrml: 0.00000 + L_Eknl: 3.04854 + L_Div: 0.00000 + L_Morse: 2.46714
Epoch: 0 [3610/10000 (36%)] Unweighted L_s : L_Mnfld: 0.00110,  L_NonMnfld: 0.01182,  L_Nrml: 0.00000,  L_Eknl: 0.06097, L_Morse: 0.52601

Weights: [7000.0, 600.0, 0, 50.0, 0.0, 4.6573], lr=5.000e-05
Epoch: 0 [3620/10000 (36%)] Loss: 19.95235 = L_Mnfld: 6.84692 + L_NonMnfld: 7.85812 + L_Nrml: 0.00000 + L_Eknl: 2.90833 + L_Div: 0.00000 + L_Morse: 2.33898
Epoch: 0 [3620/10000 (36%)] Unweighted L_s : L_Mnfld: 0.00098,  L_NonMnfld: 0.01310,  L_Nrml: 0.00000,  L_Eknl: 0.05817, L_Morse: 0.50222

Weights: [7000.0, 600.0, 0, 50.0, 0.0, 4.6243], lr=5.000e-05
Epoch: 0 [3630/10000 (36%)] Loss: 19.97213 = L_Mnfld: 7.17704 + L_NonMnfld: 7.30668 + L_Nrml: 0.00000 + L_Eknl: 3.02138 + L_Div: 0.00000 + L_Morse: 2.46703
Epoch: 0 [3630/10000 (36%)] Unweighted L_s : L_Mnfld: 0.00103,  L_NonMnfld: 0.01218,  L_Nrml: 0.00000,  L_Eknl: 0.06043, L_Morse: 0.53349

Weights: [7000.0, 600.0, 0, 50.0, 0.0, 4.5913], lr=5.000e-05
Epoch: 0 [3640/10000 (36%)] Loss: 20.70718 = L_Mnfld: 7.60604 + L_NonMnfld: 7.80174 + L_Nrml: 0.00000 + L_Eknl: 3.03618 + L_Div: 0.00000 + L_Morse: 2.26322
Epoch: 0 [3640/10000 (36%)] Unweighted L_s : L_Mnfld: 0.00109,  L_NonMnfld: 0.01300,  L_Nrml: 0.00000,  L_Eknl: 0.06072, L_Morse: 0.49294

Weights: [7000.0, 600.0, 0, 50.0, 0.0, 4.5583], lr=5.000e-05
Epoch: 0 [3650/10000 (36%)] Loss: 21.05820 = L_Mnfld: 7.90599 + L_NonMnfld: 7.75989 + L_Nrml: 0.00000 + L_Eknl: 3.10381 + L_Div: 0.00000 + L_Morse: 2.28850
Epoch: 0 [3650/10000 (36%)] Unweighted L_s : L_Mnfld: 0.00113,  L_NonMnfld: 0.01293,  L_Nrml: 0.00000,  L_Eknl: 0.06208, L_Morse: 0.50205

Weights: [7000.0, 600.0, 0, 50.0, 0.0, 4.5253], lr=5.000e-05
Epoch: 0 [3660/10000 (37%)] Loss: 21.57184 = L_Mnfld: 8.30875 + L_NonMnfld: 7.88916 + L_Nrml: 0.00000 + L_Eknl: 3.06074 + L_Div: 0.00000 + L_Morse: 2.31319
Epoch: 0 [3660/10000 (37%)] Unweighted L_s : L_Mnfld: 0.00119,  L_NonMnfld: 0.01315,  L_Nrml: 0.00000,  L_Eknl: 0.06121, L_Morse: 0.51117

Weights: [7000.0, 600.0, 0, 50.0, 0.0, 4.4923], lr=5.000e-05
Epoch: 0 [3670/10000 (37%)] Loss: 21.42200 = L_Mnfld: 8.33733 + L_NonMnfld: 7.57825 + L_Nrml: 0.00000 + L_Eknl: 3.23699 + L_Div: 0.00000 + L_Morse: 2.26943
Epoch: 0 [3670/10000 (37%)] Unweighted L_s : L_Mnfld: 0.00119,  L_NonMnfld: 0.01263,  L_Nrml: 0.00000,  L_Eknl: 0.06474, L_Morse: 0.50518

Weights: [7000.0, 600.0, 0, 50.0, 0.0, 4.4593], lr=5.000e-05
Epoch: 0 [3680/10000 (37%)] Loss: 20.67264 = L_Mnfld: 7.46893 + L_NonMnfld: 7.54083 + L_Nrml: 0.00000 + L_Eknl: 3.21659 + L_Div: 0.00000 + L_Morse: 2.44628
Epoch: 0 [3680/10000 (37%)] Unweighted L_s : L_Mnfld: 0.00107,  L_NonMnfld: 0.01257,  L_Nrml: 0.00000,  L_Eknl: 0.06433, L_Morse: 0.54858

Weights: [7000.0, 600.0, 0, 50.0, 0.0, 4.4262999999999995], lr=5.000e-05
Epoch: 0 [3690/10000 (37%)] Loss: 20.31046 = L_Mnfld: 6.89548 + L_NonMnfld: 8.25113 + L_Nrml: 0.00000 + L_Eknl: 2.96652 + L_Div: 0.00000 + L_Morse: 2.19733
Epoch: 0 [3690/10000 (37%)] Unweighted L_s : L_Mnfld: 0.00099,  L_NonMnfld: 0.01375,  L_Nrml: 0.00000,  L_Eknl: 0.05933, L_Morse: 0.49643

Weights: [7000.0, 600.0, 0, 50.0, 0.0, 4.3933], lr=5.000e-05
Epoch: 0 [3700/10000 (37%)] Loss: 20.75693 = L_Mnfld: 6.97786 + L_NonMnfld: 8.35335 + L_Nrml: 0.00000 + L_Eknl: 3.05626 + L_Div: 0.00000 + L_Morse: 2.36945
Epoch: 0 [3700/10000 (37%)] Unweighted L_s : L_Mnfld: 0.00100,  L_NonMnfld: 0.01392,  L_Nrml: 0.00000,  L_Eknl: 0.06113, L_Morse: 0.53933

Weights: [7000.0, 600.0, 0, 50.0, 0.0, 4.3603], lr=5.000e-05
Epoch: 0 [3710/10000 (37%)] Loss: 20.28108 = L_Mnfld: 7.17565 + L_NonMnfld: 7.67941 + L_Nrml: 0.00000 + L_Eknl: 3.07627 + L_Div: 0.00000 + L_Morse: 2.34974
Epoch: 0 [3710/10000 (37%)] Unweighted L_s : L_Mnfld: 0.00103,  L_NonMnfld: 0.01280,  L_Nrml: 0.00000,  L_Eknl: 0.06153, L_Morse: 0.53890

Weights: [7000.0, 600.0, 0, 50.0, 0.0, 4.327299999999999], lr=5.000e-05
Epoch: 0 [3720/10000 (37%)] Loss: 20.79286 = L_Mnfld: 8.05527 + L_NonMnfld: 7.29895 + L_Nrml: 0.00000 + L_Eknl: 3.13119 + L_Div: 0.00000 + L_Morse: 2.30745
Epoch: 0 [3720/10000 (37%)] Unweighted L_s : L_Mnfld: 0.00115,  L_NonMnfld: 0.01216,  L_Nrml: 0.00000,  L_Eknl: 0.06262, L_Morse: 0.53323

Weights: [7000.0, 600.0, 0, 50.0, 0.0, 4.2943], lr=5.000e-05
Epoch: 0 [3730/10000 (37%)] Loss: 20.68325 = L_Mnfld: 6.95591 + L_NonMnfld: 8.51282 + L_Nrml: 0.00000 + L_Eknl: 2.99415 + L_Div: 0.00000 + L_Morse: 2.22037
Epoch: 0 [3730/10000 (37%)] Unweighted L_s : L_Mnfld: 0.00099,  L_NonMnfld: 0.01419,  L_Nrml: 0.00000,  L_Eknl: 0.05988, L_Morse: 0.51705

Weights: [7000.0, 600.0, 0, 50.0, 0.0, 4.261299999999999], lr=5.000e-05
Epoch: 0 [3740/10000 (37%)] Loss: 21.51579 = L_Mnfld: 7.50789 + L_NonMnfld: 8.76319 + L_Nrml: 0.00000 + L_Eknl: 2.94865 + L_Div: 0.00000 + L_Morse: 2.29606
Epoch: 0 [3740/10000 (37%)] Unweighted L_s : L_Mnfld: 0.00107,  L_NonMnfld: 0.01461,  L_Nrml: 0.00000,  L_Eknl: 0.05897, L_Morse: 0.53882

Weights: [7000.0, 600.0, 0, 50.0, 0.0, 4.228299999999999], lr=5.000e-05
Epoch: 0 [3750/10000 (38%)] Loss: 19.75592 = L_Mnfld: 7.19109 + L_NonMnfld: 7.56598 + L_Nrml: 0.00000 + L_Eknl: 2.88546 + L_Div: 0.00000 + L_Morse: 2.11339
Epoch: 0 [3750/10000 (38%)] Unweighted L_s : L_Mnfld: 0.00103,  L_NonMnfld: 0.01261,  L_Nrml: 0.00000,  L_Eknl: 0.05771, L_Morse: 0.49982

Weights: [7000.0, 600.0, 0, 50.0, 0.0, 4.1953], lr=5.000e-05
Epoch: 0 [3760/10000 (38%)] Loss: 20.14241 = L_Mnfld: 6.67470 + L_NonMnfld: 8.41838 + L_Nrml: 0.00000 + L_Eknl: 2.83931 + L_Div: 0.00000 + L_Morse: 2.21003
Epoch: 0 [3760/10000 (38%)] Unweighted L_s : L_Mnfld: 0.00095,  L_NonMnfld: 0.01403,  L_Nrml: 0.00000,  L_Eknl: 0.05679, L_Morse: 0.52679

Weights: [7000.0, 600.0, 0, 50.0, 0.0, 4.162299999999999], lr=5.000e-05
Epoch: 0 [3770/10000 (38%)] Loss: 22.42016 = L_Mnfld: 8.63513 + L_NonMnfld: 8.45400 + L_Nrml: 0.00000 + L_Eknl: 3.09007 + L_Div: 0.00000 + L_Morse: 2.24097
Epoch: 0 [3770/10000 (38%)] Unweighted L_s : L_Mnfld: 0.00123,  L_NonMnfld: 0.01409,  L_Nrml: 0.00000,  L_Eknl: 0.06180, L_Morse: 0.53840

Weights: [7000.0, 600.0, 0, 50.0, 0.0, 4.129299999999999], lr=5.000e-05
Epoch: 0 [3780/10000 (38%)] Loss: 22.57954 = L_Mnfld: 8.49719 + L_NonMnfld: 9.03288 + L_Nrml: 0.00000 + L_Eknl: 2.87111 + L_Div: 0.00000 + L_Morse: 2.17836
Epoch: 0 [3780/10000 (38%)] Unweighted L_s : L_Mnfld: 0.00121,  L_NonMnfld: 0.01505,  L_Nrml: 0.00000,  L_Eknl: 0.05742, L_Morse: 0.52754

Weights: [7000.0, 600.0, 0, 50.0, 0.0, 4.096299999999999], lr=5.000e-05
Epoch: 0 [3790/10000 (38%)] Loss: 22.70562 = L_Mnfld: 9.56409 + L_NonMnfld: 8.01826 + L_Nrml: 0.00000 + L_Eknl: 2.95263 + L_Div: 0.00000 + L_Morse: 2.17064
Epoch: 0 [3790/10000 (38%)] Unweighted L_s : L_Mnfld: 0.00137,  L_NonMnfld: 0.01336,  L_Nrml: 0.00000,  L_Eknl: 0.05905, L_Morse: 0.52990

Weights: [7000.0, 600.0, 0, 50.0, 0.0, 4.063299999999999], lr=5.000e-05
Epoch: 0 [3800/10000 (38%)] Loss: 23.56151 = L_Mnfld: 9.80547 + L_NonMnfld: 8.66810 + L_Nrml: 0.00000 + L_Eknl: 3.04910 + L_Div: 0.00000 + L_Morse: 2.03884
Epoch: 0 [3800/10000 (38%)] Unweighted L_s : L_Mnfld: 0.00140,  L_NonMnfld: 0.01445,  L_Nrml: 0.00000,  L_Eknl: 0.06098, L_Morse: 0.50177

Weights: [7000.0, 600.0, 0, 50.0, 0.0, 4.030299999999999], lr=5.000e-05
Epoch: 0 [3810/10000 (38%)] Loss: 20.87829 = L_Mnfld: 7.95742 + L_NonMnfld: 7.45084 + L_Nrml: 0.00000 + L_Eknl: 3.25275 + L_Div: 0.00000 + L_Morse: 2.21729
Epoch: 0 [3810/10000 (38%)] Unweighted L_s : L_Mnfld: 0.00114,  L_NonMnfld: 0.01242,  L_Nrml: 0.00000,  L_Eknl: 0.06505, L_Morse: 0.55015

Weights: [7000.0, 600.0, 0, 50.0, 0.0, 3.9973], lr=5.000e-05
Epoch: 0 [3820/10000 (38%)] Loss: 21.29771 = L_Mnfld: 7.82349 + L_NonMnfld: 8.23745 + L_Nrml: 0.00000 + L_Eknl: 3.05631 + L_Div: 0.00000 + L_Morse: 2.18045
Epoch: 0 [3820/10000 (38%)] Unweighted L_s : L_Mnfld: 0.00112,  L_NonMnfld: 0.01373,  L_Nrml: 0.00000,  L_Eknl: 0.06113, L_Morse: 0.54548

Weights: [7000.0, 600.0, 0, 50.0, 0.0, 3.9642999999999997], lr=5.000e-05
Epoch: 0 [3830/10000 (38%)] Loss: 20.67156 = L_Mnfld: 7.31433 + L_NonMnfld: 8.07940 + L_Nrml: 0.00000 + L_Eknl: 3.05684 + L_Div: 0.00000 + L_Morse: 2.22099
Epoch: 0 [3830/10000 (38%)] Unweighted L_s : L_Mnfld: 0.00104,  L_NonMnfld: 0.01347,  L_Nrml: 0.00000,  L_Eknl: 0.06114, L_Morse: 0.56025

Weights: [7000.0, 600.0, 0, 50.0, 0.0, 3.9312999999999994], lr=5.000e-05
Epoch: 0 [3840/10000 (38%)] Loss: 21.39011 = L_Mnfld: 8.20829 + L_NonMnfld: 8.11981 + L_Nrml: 0.00000 + L_Eknl: 2.90440 + L_Div: 0.00000 + L_Morse: 2.15761
Epoch: 0 [3840/10000 (38%)] Unweighted L_s : L_Mnfld: 0.00117,  L_NonMnfld: 0.01353,  L_Nrml: 0.00000,  L_Eknl: 0.05809, L_Morse: 0.54883

Weights: [7000.0, 600.0, 0, 50.0, 0.0, 3.8983], lr=5.000e-05
Epoch: 0 [3850/10000 (38%)] Loss: 19.99953 = L_Mnfld: 6.85673 + L_NonMnfld: 8.15825 + L_Nrml: 0.00000 + L_Eknl: 2.89822 + L_Div: 0.00000 + L_Morse: 2.08634
Epoch: 0 [3850/10000 (38%)] Unweighted L_s : L_Mnfld: 0.00098,  L_NonMnfld: 0.01360,  L_Nrml: 0.00000,  L_Eknl: 0.05796, L_Morse: 0.53519

Weights: [7000.0, 600.0, 0, 50.0, 0.0, 3.8652999999999995], lr=5.000e-05
Epoch: 0 [3860/10000 (39%)] Loss: 21.01672 = L_Mnfld: 7.48403 + L_NonMnfld: 8.59226 + L_Nrml: 0.00000 + L_Eknl: 2.87297 + L_Div: 0.00000 + L_Morse: 2.06746
Epoch: 0 [3860/10000 (39%)] Unweighted L_s : L_Mnfld: 0.00107,  L_NonMnfld: 0.01432,  L_Nrml: 0.00000,  L_Eknl: 0.05746, L_Morse: 0.53488

Weights: [7000.0, 600.0, 0, 50.0, 0.0, 3.832299999999999], lr=5.000e-05
Epoch: 0 [3870/10000 (39%)] Loss: 19.90195 = L_Mnfld: 6.58415 + L_NonMnfld: 8.39728 + L_Nrml: 0.00000 + L_Eknl: 2.85728 + L_Div: 0.00000 + L_Morse: 2.06324
Epoch: 0 [3870/10000 (39%)] Unweighted L_s : L_Mnfld: 0.00094,  L_NonMnfld: 0.01400,  L_Nrml: 0.00000,  L_Eknl: 0.05715, L_Morse: 0.53838

Weights: [7000.0, 600.0, 0, 50.0, 0.0, 3.7992999999999997], lr=5.000e-05
Epoch: 0 [3880/10000 (39%)] Loss: 20.46356 = L_Mnfld: 7.16470 + L_NonMnfld: 8.51250 + L_Nrml: 0.00000 + L_Eknl: 2.77981 + L_Div: 0.00000 + L_Morse: 2.00656
Epoch: 0 [3880/10000 (39%)] Unweighted L_s : L_Mnfld: 0.00102,  L_NonMnfld: 0.01419,  L_Nrml: 0.00000,  L_Eknl: 0.05560, L_Morse: 0.52814

Weights: [7000.0, 600.0, 0, 50.0, 0.0, 3.7662999999999993], lr=5.000e-05
Epoch: 0 [3890/10000 (39%)] Loss: 20.03025 = L_Mnfld: 6.46905 + L_NonMnfld: 8.82998 + L_Nrml: 0.00000 + L_Eknl: 2.77812 + L_Div: 0.00000 + L_Morse: 1.95311
Epoch: 0 [3890/10000 (39%)] Unweighted L_s : L_Mnfld: 0.00092,  L_NonMnfld: 0.01472,  L_Nrml: 0.00000,  L_Eknl: 0.05556, L_Morse: 0.51857

Weights: [7000.0, 600.0, 0, 50.0, 0.0, 3.733299999999999], lr=5.000e-05
Epoch: 0 [3900/10000 (39%)] Loss: 20.72614 = L_Mnfld: 6.78208 + L_NonMnfld: 9.10715 + L_Nrml: 0.00000 + L_Eknl: 2.81653 + L_Div: 0.00000 + L_Morse: 2.02038
Epoch: 0 [3900/10000 (39%)] Unweighted L_s : L_Mnfld: 0.00097,  L_NonMnfld: 0.01518,  L_Nrml: 0.00000,  L_Eknl: 0.05633, L_Morse: 0.54118

Weights: [7000.0, 600.0, 0, 50.0, 0.0, 3.7002999999999995], lr=5.000e-05
Epoch: 0 [3910/10000 (39%)] Loss: 19.28757 = L_Mnfld: 6.39802 + L_NonMnfld: 8.18029 + L_Nrml: 0.00000 + L_Eknl: 2.69929 + L_Div: 0.00000 + L_Morse: 2.00996
Epoch: 0 [3910/10000 (39%)] Unweighted L_s : L_Mnfld: 0.00091,  L_NonMnfld: 0.01363,  L_Nrml: 0.00000,  L_Eknl: 0.05399, L_Morse: 0.54319

Weights: [7000.0, 600.0, 0, 50.0, 0.0, 3.667299999999999], lr=5.000e-05
Epoch: 0 [3920/10000 (39%)] Loss: 20.14485 = L_Mnfld: 7.38945 + L_NonMnfld: 7.85234 + L_Nrml: 0.00000 + L_Eknl: 2.89082 + L_Div: 0.00000 + L_Morse: 2.01225
Epoch: 0 [3920/10000 (39%)] Unweighted L_s : L_Mnfld: 0.00106,  L_NonMnfld: 0.01309,  L_Nrml: 0.00000,  L_Eknl: 0.05782, L_Morse: 0.54870

Weights: [7000.0, 600.0, 0, 50.0, 0.0, 3.6342999999999988], lr=5.000e-05
Epoch: 0 [3930/10000 (39%)] Loss: 21.88970 = L_Mnfld: 7.94065 + L_NonMnfld: 9.05067 + L_Nrml: 0.00000 + L_Eknl: 2.94017 + L_Div: 0.00000 + L_Morse: 1.95821
Epoch: 0 [3930/10000 (39%)] Unweighted L_s : L_Mnfld: 0.00113,  L_NonMnfld: 0.01508,  L_Nrml: 0.00000,  L_Eknl: 0.05880, L_Morse: 0.53881

Weights: [7000.0, 600.0, 0, 50.0, 0.0, 3.601300000000001], lr=5.000e-05
Epoch: 0 [3940/10000 (39%)] Loss: 22.53754 = L_Mnfld: 9.19227 + L_NonMnfld: 8.49763 + L_Nrml: 0.00000 + L_Eknl: 2.89143 + L_Div: 0.00000 + L_Morse: 1.95621
Epoch: 0 [3940/10000 (39%)] Unweighted L_s : L_Mnfld: 0.00131,  L_NonMnfld: 0.01416,  L_Nrml: 0.00000,  L_Eknl: 0.05783, L_Morse: 0.54319

Weights: [7000.0, 600.0, 0, 50.0, 0.0, 3.5683000000000007], lr=5.000e-05
Epoch: 0 [3950/10000 (40%)] Loss: 22.06105 = L_Mnfld: 8.48845 + L_NonMnfld: 8.53557 + L_Nrml: 0.00000 + L_Eknl: 2.97754 + L_Div: 0.00000 + L_Morse: 2.05949
Epoch: 0 [3950/10000 (40%)] Unweighted L_s : L_Mnfld: 0.00121,  L_NonMnfld: 0.01423,  L_Nrml: 0.00000,  L_Eknl: 0.05955, L_Morse: 0.57716

Weights: [7000.0, 600.0, 0, 50.0, 0.0, 3.535300000000001], lr=5.000e-05
Epoch: 0 [3960/10000 (40%)] Loss: 19.79630 = L_Mnfld: 7.58401 + L_NonMnfld: 7.60149 + L_Nrml: 0.00000 + L_Eknl: 2.77332 + L_Div: 0.00000 + L_Morse: 1.83748
Epoch: 0 [3960/10000 (40%)] Unweighted L_s : L_Mnfld: 0.00108,  L_NonMnfld: 0.01267,  L_Nrml: 0.00000,  L_Eknl: 0.05547, L_Morse: 0.51975

Weights: [7000.0, 600.0, 0, 50.0, 0.0, 3.502300000000001], lr=5.000e-05
Epoch: 0 [3970/10000 (40%)] Loss: 19.31973 = L_Mnfld: 6.51973 + L_NonMnfld: 8.11464 + L_Nrml: 0.00000 + L_Eknl: 2.73885 + L_Div: 0.00000 + L_Morse: 1.94651
Epoch: 0 [3970/10000 (40%)] Unweighted L_s : L_Mnfld: 0.00093,  L_NonMnfld: 0.01352,  L_Nrml: 0.00000,  L_Eknl: 0.05478, L_Morse: 0.55578

Weights: [7000.0, 600.0, 0, 50.0, 0.0, 3.4693000000000005], lr=5.000e-05
Epoch: 0 [3980/10000 (40%)] Loss: 19.68018 = L_Mnfld: 6.37970 + L_NonMnfld: 8.54030 + L_Nrml: 0.00000 + L_Eknl: 2.86086 + L_Div: 0.00000 + L_Morse: 1.89932
Epoch: 0 [3980/10000 (40%)] Unweighted L_s : L_Mnfld: 0.00091,  L_NonMnfld: 0.01423,  L_Nrml: 0.00000,  L_Eknl: 0.05722, L_Morse: 0.54746

Weights: [7000.0, 600.0, 0, 50.0, 0.0, 3.436300000000001], lr=5.000e-05
Epoch: 0 [3990/10000 (40%)] Loss: 20.20980 = L_Mnfld: 7.85299 + L_NonMnfld: 7.76041 + L_Nrml: 0.00000 + L_Eknl: 2.79261 + L_Div: 0.00000 + L_Morse: 1.80379
Epoch: 0 [3990/10000 (40%)] Unweighted L_s : L_Mnfld: 0.00112,  L_NonMnfld: 0.01293,  L_Nrml: 0.00000,  L_Eknl: 0.05585, L_Morse: 0.52492

Weights: [7000.0, 600.0, 0, 50.0, 0.0, 3.4033000000000007], lr=5.000e-05
Epoch: 0 [4000/10000 (40%)] Loss: 20.40278 = L_Mnfld: 6.94920 + L_NonMnfld: 8.61190 + L_Nrml: 0.00000 + L_Eknl: 2.84677 + L_Div: 0.00000 + L_Morse: 1.99491
Epoch: 0 [4000/10000 (40%)] Unweighted L_s : L_Mnfld: 0.00099,  L_NonMnfld: 0.01435,  L_Nrml: 0.00000,  L_Eknl: 0.05694, L_Morse: 0.58617

Weights: [7000.0, 600.0, 0, 50.0, 0.0, 3.3703000000000003], lr=5.000e-05
Epoch: 0 [4010/10000 (40%)] Loss: 20.22445 = L_Mnfld: 6.97499 + L_NonMnfld: 8.75509 + L_Nrml: 0.00000 + L_Eknl: 2.62207 + L_Div: 0.00000 + L_Morse: 1.87230
Epoch: 0 [4010/10000 (40%)] Unweighted L_s : L_Mnfld: 0.00100,  L_NonMnfld: 0.01459,  L_Nrml: 0.00000,  L_Eknl: 0.05244, L_Morse: 0.55553

Weights: [7000.0, 600.0, 0, 50.0, 0.0, 3.337300000000001], lr=5.000e-05
Epoch: 0 [4020/10000 (40%)] Loss: 21.26401 = L_Mnfld: 7.92272 + L_NonMnfld: 8.80235 + L_Nrml: 0.00000 + L_Eknl: 2.72949 + L_Div: 0.00000 + L_Morse: 1.80944
Epoch: 0 [4020/10000 (40%)] Unweighted L_s : L_Mnfld: 0.00113,  L_NonMnfld: 0.01467,  L_Nrml: 0.00000,  L_Eknl: 0.05459, L_Morse: 0.54219

Weights: [7000.0, 600.0, 0, 50.0, 0.0, 3.3043000000000005], lr=5.000e-05
Epoch: 0 [4030/10000 (40%)] Loss: 19.39701 = L_Mnfld: 7.22785 + L_NonMnfld: 7.62371 + L_Nrml: 0.00000 + L_Eknl: 2.75280 + L_Div: 0.00000 + L_Morse: 1.79265
Epoch: 0 [4030/10000 (40%)] Unweighted L_s : L_Mnfld: 0.00103,  L_NonMnfld: 0.01271,  L_Nrml: 0.00000,  L_Eknl: 0.05506, L_Morse: 0.54252

Weights: [7000.0, 600.0, 0, 50.0, 0.0, 3.2713], lr=5.000e-05
Epoch: 0 [4040/10000 (40%)] Loss: 22.05648 = L_Mnfld: 8.16558 + L_NonMnfld: 9.27469 + L_Nrml: 0.00000 + L_Eknl: 2.76817 + L_Div: 0.00000 + L_Morse: 1.84803
Epoch: 0 [4040/10000 (40%)] Unweighted L_s : L_Mnfld: 0.00117,  L_NonMnfld: 0.01546,  L_Nrml: 0.00000,  L_Eknl: 0.05536, L_Morse: 0.56492

Weights: [7000.0, 600.0, 0, 50.0, 0.0, 3.2383000000000006], lr=5.000e-05
Epoch: 0 [4050/10000 (40%)] Loss: 19.39836 = L_Mnfld: 7.17708 + L_NonMnfld: 7.70534 + L_Nrml: 0.00000 + L_Eknl: 2.72324 + L_Div: 0.00000 + L_Morse: 1.79270
Epoch: 0 [4050/10000 (40%)] Unweighted L_s : L_Mnfld: 0.00103,  L_NonMnfld: 0.01284,  L_Nrml: 0.00000,  L_Eknl: 0.05446, L_Morse: 0.55359

Weights: [7000.0, 600.0, 0, 50.0, 0.0, 3.2053000000000003], lr=5.000e-05
Epoch: 0 [4060/10000 (41%)] Loss: 19.13517 = L_Mnfld: 7.15586 + L_NonMnfld: 7.62784 + L_Nrml: 0.00000 + L_Eknl: 2.60782 + L_Div: 0.00000 + L_Morse: 1.74364
Epoch: 0 [4060/10000 (41%)] Unweighted L_s : L_Mnfld: 0.00102,  L_NonMnfld: 0.01271,  L_Nrml: 0.00000,  L_Eknl: 0.05216, L_Morse: 0.54399

Weights: [7000.0, 600.0, 0, 50.0, 0.0, 3.1723], lr=5.000e-05
Epoch: 0 [4070/10000 (41%)] Loss: 20.84268 = L_Mnfld: 6.76222 + L_NonMnfld: 9.64407 + L_Nrml: 0.00000 + L_Eknl: 2.60845 + L_Div: 0.00000 + L_Morse: 1.82794
Epoch: 0 [4070/10000 (41%)] Unweighted L_s : L_Mnfld: 0.00097,  L_NonMnfld: 0.01607,  L_Nrml: 0.00000,  L_Eknl: 0.05217, L_Morse: 0.57622

Weights: [7000.0, 600.0, 0, 50.0, 0.0, 3.1393000000000004], lr=5.000e-05
Epoch: 0 [4080/10000 (41%)] Loss: 19.39694 = L_Mnfld: 7.65818 + L_NonMnfld: 7.32063 + L_Nrml: 0.00000 + L_Eknl: 2.67155 + L_Div: 0.00000 + L_Morse: 1.74659
Epoch: 0 [4080/10000 (41%)] Unweighted L_s : L_Mnfld: 0.00109,  L_NonMnfld: 0.01220,  L_Nrml: 0.00000,  L_Eknl: 0.05343, L_Morse: 0.55636

Weights: [7000.0, 600.0, 0, 50.0, 0.0, 3.1063], lr=5.000e-05
Epoch: 0 [4090/10000 (41%)] Loss: 18.86061 = L_Mnfld: 6.39562 + L_NonMnfld: 8.13809 + L_Nrml: 0.00000 + L_Eknl: 2.62429 + L_Div: 0.00000 + L_Morse: 1.70261
Epoch: 0 [4090/10000 (41%)] Unweighted L_s : L_Mnfld: 0.00091,  L_NonMnfld: 0.01356,  L_Nrml: 0.00000,  L_Eknl: 0.05249, L_Morse: 0.54812

Weights: [7000.0, 600.0, 0, 50.0, 0.0, 3.0732999999999997], lr=5.000e-05
Epoch: 0 [4100/10000 (41%)] Loss: 18.81151 = L_Mnfld: 6.76469 + L_NonMnfld: 7.57392 + L_Nrml: 0.00000 + L_Eknl: 2.65873 + L_Div: 0.00000 + L_Morse: 1.81418
Epoch: 0 [4100/10000 (41%)] Unweighted L_s : L_Mnfld: 0.00097,  L_NonMnfld: 0.01262,  L_Nrml: 0.00000,  L_Eknl: 0.05317, L_Morse: 0.59030

Weights: [7000.0, 600.0, 0, 50.0, 0.0, 3.0403000000000002], lr=5.000e-05
Epoch: 0 [4110/10000 (41%)] Loss: 20.24917 = L_Mnfld: 7.26897 + L_NonMnfld: 8.41279 + L_Nrml: 0.00000 + L_Eknl: 2.77658 + L_Div: 0.00000 + L_Morse: 1.79083
Epoch: 0 [4110/10000 (41%)] Unweighted L_s : L_Mnfld: 0.00104,  L_NonMnfld: 0.01402,  L_Nrml: 0.00000,  L_Eknl: 0.05553, L_Morse: 0.58903

Weights: [7000.0, 600.0, 0, 50.0, 0.0, 3.0073], lr=5.000e-05
Epoch: 0 [4120/10000 (41%)] Loss: 20.48553 = L_Mnfld: 7.66446 + L_NonMnfld: 8.37732 + L_Nrml: 0.00000 + L_Eknl: 2.69479 + L_Div: 0.00000 + L_Morse: 1.74896
Epoch: 0 [4120/10000 (41%)] Unweighted L_s : L_Mnfld: 0.00109,  L_NonMnfld: 0.01396,  L_Nrml: 0.00000,  L_Eknl: 0.05390, L_Morse: 0.58157

Weights: [7000.0, 600.0, 0, 50.0, 0.0, 2.9742999999999995], lr=5.000e-05
Epoch: 0 [4130/10000 (41%)] Loss: 19.46068 = L_Mnfld: 7.40409 + L_NonMnfld: 7.83451 + L_Nrml: 0.00000 + L_Eknl: 2.60669 + L_Div: 0.00000 + L_Morse: 1.61540
Epoch: 0 [4130/10000 (41%)] Unweighted L_s : L_Mnfld: 0.00106,  L_NonMnfld: 0.01306,  L_Nrml: 0.00000,  L_Eknl: 0.05213, L_Morse: 0.54312

Weights: [7000.0, 600.0, 0, 50.0, 0.0, 2.9413], lr=5.000e-05
Epoch: 0 [4140/10000 (41%)] Loss: 19.12445 = L_Mnfld: 6.75536 + L_NonMnfld: 8.09597 + L_Nrml: 0.00000 + L_Eknl: 2.57700 + L_Div: 0.00000 + L_Morse: 1.69612
Epoch: 0 [4140/10000 (41%)] Unweighted L_s : L_Mnfld: 0.00097,  L_NonMnfld: 0.01349,  L_Nrml: 0.00000,  L_Eknl: 0.05154, L_Morse: 0.57666

Weights: [7000.0, 600.0, 0, 50.0, 0.0, 2.9082999999999997], lr=5.000e-05
Epoch: 0 [4150/10000 (42%)] Loss: 20.50797 = L_Mnfld: 7.08066 + L_NonMnfld: 9.16713 + L_Nrml: 0.00000 + L_Eknl: 2.61859 + L_Div: 0.00000 + L_Morse: 1.64160
Epoch: 0 [4150/10000 (42%)] Unweighted L_s : L_Mnfld: 0.00101,  L_NonMnfld: 0.01528,  L_Nrml: 0.00000,  L_Eknl: 0.05237, L_Morse: 0.56445

Weights: [7000.0, 600.0, 0, 50.0, 0.0, 2.8752999999999993], lr=5.000e-05
Epoch: 0 [4160/10000 (42%)] Loss: 19.40683 = L_Mnfld: 6.98983 + L_NonMnfld: 8.29594 + L_Nrml: 0.00000 + L_Eknl: 2.56868 + L_Div: 0.00000 + L_Morse: 1.55238
Epoch: 0 [4160/10000 (42%)] Unweighted L_s : L_Mnfld: 0.00100,  L_NonMnfld: 0.01383,  L_Nrml: 0.00000,  L_Eknl: 0.05137, L_Morse: 0.53990

Weights: [7000.0, 600.0, 0, 50.0, 0.0, 2.8423], lr=5.000e-05
Epoch: 0 [4170/10000 (42%)] Loss: 19.26589 = L_Mnfld: 6.70029 + L_NonMnfld: 8.26930 + L_Nrml: 0.00000 + L_Eknl: 2.65382 + L_Div: 0.00000 + L_Morse: 1.64249
Epoch: 0 [4170/10000 (42%)] Unweighted L_s : L_Mnfld: 0.00096,  L_NonMnfld: 0.01378,  L_Nrml: 0.00000,  L_Eknl: 0.05308, L_Morse: 0.57787

Weights: [7000.0, 600.0, 0, 50.0, 0.0, 2.8092999999999995], lr=5.000e-05
Epoch: 0 [4180/10000 (42%)] Loss: 19.49206 = L_Mnfld: 6.52612 + L_NonMnfld: 8.81994 + L_Nrml: 0.00000 + L_Eknl: 2.59501 + L_Div: 0.00000 + L_Morse: 1.55098
Epoch: 0 [4180/10000 (42%)] Unweighted L_s : L_Mnfld: 0.00093,  L_NonMnfld: 0.01470,  L_Nrml: 0.00000,  L_Eknl: 0.05190, L_Morse: 0.55209

Weights: [7000.0, 600.0, 0, 50.0, 0.0, 2.776299999999999], lr=5.000e-05
Epoch: 0 [4190/10000 (42%)] Loss: 18.29187 = L_Mnfld: 7.12833 + L_NonMnfld: 6.98131 + L_Nrml: 0.00000 + L_Eknl: 2.59969 + L_Div: 0.00000 + L_Morse: 1.58254
Epoch: 0 [4190/10000 (42%)] Unweighted L_s : L_Mnfld: 0.00102,  L_NonMnfld: 0.01164,  L_Nrml: 0.00000,  L_Eknl: 0.05199, L_Morse: 0.57002

Weights: [7000.0, 600.0, 0, 50.0, 0.0, 2.7432999999999996], lr=5.000e-05
Epoch: 0 [4200/10000 (42%)] Loss: 18.63968 = L_Mnfld: 7.23705 + L_NonMnfld: 7.28755 + L_Nrml: 0.00000 + L_Eknl: 2.54098 + L_Div: 0.00000 + L_Morse: 1.57409
Epoch: 0 [4200/10000 (42%)] Unweighted L_s : L_Mnfld: 0.00103,  L_NonMnfld: 0.01215,  L_Nrml: 0.00000,  L_Eknl: 0.05082, L_Morse: 0.57380

Weights: [7000.0, 600.0, 0, 50.0, 0.0, 2.7102999999999993], lr=5.000e-05
Epoch: 0 [4210/10000 (42%)] Loss: 18.77477 = L_Mnfld: 6.54807 + L_NonMnfld: 8.07753 + L_Nrml: 0.00000 + L_Eknl: 2.62275 + L_Div: 0.00000 + L_Morse: 1.52643
Epoch: 0 [4210/10000 (42%)] Unweighted L_s : L_Mnfld: 0.00094,  L_NonMnfld: 0.01346,  L_Nrml: 0.00000,  L_Eknl: 0.05245, L_Morse: 0.56319

Weights: [7000.0, 600.0, 0, 50.0, 0.0, 2.677299999999999], lr=5.000e-05
Epoch: 0 [4220/10000 (42%)] Loss: 18.37547 = L_Mnfld: 6.64493 + L_NonMnfld: 7.80196 + L_Nrml: 0.00000 + L_Eknl: 2.49659 + L_Div: 0.00000 + L_Morse: 1.43199
Epoch: 0 [4220/10000 (42%)] Unweighted L_s : L_Mnfld: 0.00095,  L_NonMnfld: 0.01300,  L_Nrml: 0.00000,  L_Eknl: 0.04993, L_Morse: 0.53486

Weights: [7000.0, 600.0, 0, 50.0, 0.0, 2.6442999999999994], lr=5.000e-05
Epoch: 0 [4230/10000 (42%)] Loss: 18.69201 = L_Mnfld: 6.38915 + L_NonMnfld: 8.23061 + L_Nrml: 0.00000 + L_Eknl: 2.59770 + L_Div: 0.00000 + L_Morse: 1.47454
Epoch: 0 [4230/10000 (42%)] Unweighted L_s : L_Mnfld: 0.00091,  L_NonMnfld: 0.01372,  L_Nrml: 0.00000,  L_Eknl: 0.05195, L_Morse: 0.55763

Weights: [7000.0, 600.0, 0, 50.0, 0.0, 2.611300000000001], lr=5.000e-05
Epoch: 0 [4240/10000 (42%)] Loss: 19.46957 = L_Mnfld: 6.57551 + L_NonMnfld: 8.79268 + L_Nrml: 0.00000 + L_Eknl: 2.59402 + L_Div: 0.00000 + L_Morse: 1.50736
Epoch: 0 [4240/10000 (42%)] Unweighted L_s : L_Mnfld: 0.00094,  L_NonMnfld: 0.01465,  L_Nrml: 0.00000,  L_Eknl: 0.05188, L_Morse: 0.57725

Weights: [7000.0, 600.0, 0, 50.0, 0.0, 2.5783000000000005], lr=5.000e-05
Epoch: 0 [4250/10000 (42%)] Loss: 20.60347 = L_Mnfld: 7.24940 + L_NonMnfld: 8.84141 + L_Nrml: 0.00000 + L_Eknl: 3.10555 + L_Div: 0.00000 + L_Morse: 1.40711
Epoch: 0 [4250/10000 (42%)] Unweighted L_s : L_Mnfld: 0.00104,  L_NonMnfld: 0.01474,  L_Nrml: 0.00000,  L_Eknl: 0.06211, L_Morse: 0.54575

Weights: [7000.0, 600.0, 0, 50.0, 0.0, 2.5453], lr=5.000e-05
Epoch: 0 [4260/10000 (43%)] Loss: 19.23001 = L_Mnfld: 7.55804 + L_NonMnfld: 7.52304 + L_Nrml: 0.00000 + L_Eknl: 2.72845 + L_Div: 0.00000 + L_Morse: 1.42048
Epoch: 0 [4260/10000 (43%)] Unweighted L_s : L_Mnfld: 0.00108,  L_NonMnfld: 0.01254,  L_Nrml: 0.00000,  L_Eknl: 0.05457, L_Morse: 0.55808

Weights: [7000.0, 600.0, 0, 50.0, 0.0, 2.5123000000000006], lr=5.000e-05
Epoch: 0 [4270/10000 (43%)] Loss: 19.88610 = L_Mnfld: 7.20194 + L_NonMnfld: 8.62674 + L_Nrml: 0.00000 + L_Eknl: 2.53435 + L_Div: 0.00000 + L_Morse: 1.52307
Epoch: 0 [4270/10000 (43%)] Unweighted L_s : L_Mnfld: 0.00103,  L_NonMnfld: 0.01438,  L_Nrml: 0.00000,  L_Eknl: 0.05069, L_Morse: 0.60624

Weights: [7000.0, 600.0, 0, 50.0, 0.0, 2.4793000000000003], lr=5.000e-05
Epoch: 0 [4280/10000 (43%)] Loss: 19.04948 = L_Mnfld: 6.63688 + L_NonMnfld: 8.34028 + L_Nrml: 0.00000 + L_Eknl: 2.60085 + L_Div: 0.00000 + L_Morse: 1.47148
Epoch: 0 [4280/10000 (43%)] Unweighted L_s : L_Mnfld: 0.00095,  L_NonMnfld: 0.01390,  L_Nrml: 0.00000,  L_Eknl: 0.05202, L_Morse: 0.59351

Weights: [7000.0, 600.0, 0, 50.0, 0.0, 2.4463], lr=5.000e-05
Epoch: 0 [4290/10000 (43%)] Loss: 19.04101 = L_Mnfld: 6.76606 + L_NonMnfld: 8.27906 + L_Nrml: 0.00000 + L_Eknl: 2.50352 + L_Div: 0.00000 + L_Morse: 1.49237
Epoch: 0 [4290/10000 (43%)] Unweighted L_s : L_Mnfld: 0.00097,  L_NonMnfld: 0.01380,  L_Nrml: 0.00000,  L_Eknl: 0.05007, L_Morse: 0.61005

Weights: [7000.0, 600.0, 0, 50.0, 0.0, 2.4133000000000004], lr=5.000e-05
Epoch: 0 [4300/10000 (43%)] Loss: 20.02890 = L_Mnfld: 8.16989 + L_NonMnfld: 7.91528 + L_Nrml: 0.00000 + L_Eknl: 2.48365 + L_Div: 0.00000 + L_Morse: 1.46008
Epoch: 0 [4300/10000 (43%)] Unweighted L_s : L_Mnfld: 0.00117,  L_NonMnfld: 0.01319,  L_Nrml: 0.00000,  L_Eknl: 0.04967, L_Morse: 0.60501

Weights: [7000.0, 600.0, 0, 50.0, 0.0, 2.3803], lr=5.000e-05
Epoch: 0 [4310/10000 (43%)] Loss: 19.69440 = L_Mnfld: 6.98088 + L_NonMnfld: 8.61591 + L_Nrml: 0.00000 + L_Eknl: 2.64836 + L_Div: 0.00000 + L_Morse: 1.44925
Epoch: 0 [4310/10000 (43%)] Unweighted L_s : L_Mnfld: 0.00100,  L_NonMnfld: 0.01436,  L_Nrml: 0.00000,  L_Eknl: 0.05297, L_Morse: 0.60885

Weights: [7000.0, 600.0, 0, 50.0, 0.0, 2.3472999999999997], lr=5.000e-05
Epoch: 0 [4320/10000 (43%)] Loss: 19.11312 = L_Mnfld: 7.18628 + L_NonMnfld: 8.03523 + L_Nrml: 0.00000 + L_Eknl: 2.52311 + L_Div: 0.00000 + L_Morse: 1.36850
Epoch: 0 [4320/10000 (43%)] Unweighted L_s : L_Mnfld: 0.00103,  L_NonMnfld: 0.01339,  L_Nrml: 0.00000,  L_Eknl: 0.05046, L_Morse: 0.58301

Weights: [7000.0, 600.0, 0, 50.0, 0.0, 2.3143000000000002], lr=5.000e-05
Epoch: 0 [4330/10000 (43%)] Loss: 18.50722 = L_Mnfld: 6.66887 + L_NonMnfld: 7.92926 + L_Nrml: 0.00000 + L_Eknl: 2.51729 + L_Div: 0.00000 + L_Morse: 1.39180
Epoch: 0 [4330/10000 (43%)] Unweighted L_s : L_Mnfld: 0.00095,  L_NonMnfld: 0.01322,  L_Nrml: 0.00000,  L_Eknl: 0.05035, L_Morse: 0.60139

Weights: [7000.0, 600.0, 0, 50.0, 0.0, 2.2813], lr=5.000e-05
Epoch: 0 [4340/10000 (43%)] Loss: 18.82195 = L_Mnfld: 6.60841 + L_NonMnfld: 8.28671 + L_Nrml: 0.00000 + L_Eknl: 2.49494 + L_Div: 0.00000 + L_Morse: 1.43188
Epoch: 0 [4340/10000 (43%)] Unweighted L_s : L_Mnfld: 0.00094,  L_NonMnfld: 0.01381,  L_Nrml: 0.00000,  L_Eknl: 0.04990, L_Morse: 0.62766

Weights: [7000.0, 600.0, 0, 50.0, 0.0, 2.2482999999999995], lr=5.000e-05
Epoch: 0 [4350/10000 (44%)] Loss: 19.72250 = L_Mnfld: 6.93724 + L_NonMnfld: 8.91073 + L_Nrml: 0.00000 + L_Eknl: 2.51857 + L_Div: 0.00000 + L_Morse: 1.35596
Epoch: 0 [4350/10000 (44%)] Unweighted L_s : L_Mnfld: 0.00099,  L_NonMnfld: 0.01485,  L_Nrml: 0.00000,  L_Eknl: 0.05037, L_Morse: 0.60311

Weights: [7000.0, 600.0, 0, 50.0, 0.0, 2.2153], lr=5.000e-05
Epoch: 0 [4360/10000 (44%)] Loss: 17.80261 = L_Mnfld: 6.27382 + L_NonMnfld: 7.72689 + L_Nrml: 0.00000 + L_Eknl: 2.45694 + L_Div: 0.00000 + L_Morse: 1.34495
Epoch: 0 [4360/10000 (44%)] Unweighted L_s : L_Mnfld: 0.00090,  L_NonMnfld: 0.01288,  L_Nrml: 0.00000,  L_Eknl: 0.04914, L_Morse: 0.60712

Weights: [7000.0, 600.0, 0, 50.0, 0.0, 2.1822999999999997], lr=5.000e-05
Epoch: 0 [4370/10000 (44%)] Loss: 19.50469 = L_Mnfld: 7.28674 + L_NonMnfld: 8.40379 + L_Nrml: 0.00000 + L_Eknl: 2.47287 + L_Div: 0.00000 + L_Morse: 1.34129
Epoch: 0 [4370/10000 (44%)] Unweighted L_s : L_Mnfld: 0.00104,  L_NonMnfld: 0.01401,  L_Nrml: 0.00000,  L_Eknl: 0.04946, L_Morse: 0.61462

Weights: [7000.0, 600.0, 0, 50.0, 0.0, 2.1492999999999993], lr=5.000e-05
Epoch: 0 [4380/10000 (44%)] Loss: 19.25338 = L_Mnfld: 7.78195 + L_NonMnfld: 7.78641 + L_Nrml: 0.00000 + L_Eknl: 2.41975 + L_Div: 0.00000 + L_Morse: 1.26527
Epoch: 0 [4380/10000 (44%)] Unweighted L_s : L_Mnfld: 0.00111,  L_NonMnfld: 0.01298,  L_Nrml: 0.00000,  L_Eknl: 0.04840, L_Morse: 0.58869

Weights: [7000.0, 600.0, 0, 50.0, 0.0, 2.1163], lr=5.000e-05
Epoch: 0 [4390/10000 (44%)] Loss: 19.73524 = L_Mnfld: 7.36265 + L_NonMnfld: 8.57552 + L_Nrml: 0.00000 + L_Eknl: 2.48458 + L_Div: 0.00000 + L_Morse: 1.31249
Epoch: 0 [4390/10000 (44%)] Unweighted L_s : L_Mnfld: 0.00105,  L_NonMnfld: 0.01429,  L_Nrml: 0.00000,  L_Eknl: 0.04969, L_Morse: 0.62018

Weights: [7000.0, 600.0, 0, 50.0, 0.0, 2.0832999999999995], lr=5.000e-05
Epoch: 0 [4400/10000 (44%)] Loss: 20.07556 = L_Mnfld: 6.94687 + L_NonMnfld: 9.28736 + L_Nrml: 0.00000 + L_Eknl: 2.57277 + L_Div: 0.00000 + L_Morse: 1.26856
Epoch: 0 [4400/10000 (44%)] Unweighted L_s : L_Mnfld: 0.00099,  L_NonMnfld: 0.01548,  L_Nrml: 0.00000,  L_Eknl: 0.05146, L_Morse: 0.60892

Weights: [7000.0, 600.0, 0, 50.0, 0.0, 2.050299999999999], lr=5.000e-05
Epoch: 0 [4410/10000 (44%)] Loss: 19.18414 = L_Mnfld: 6.61702 + L_NonMnfld: 8.83443 + L_Nrml: 0.00000 + L_Eknl: 2.44300 + L_Div: 0.00000 + L_Morse: 1.28969
Epoch: 0 [4410/10000 (44%)] Unweighted L_s : L_Mnfld: 0.00095,  L_NonMnfld: 0.01472,  L_Nrml: 0.00000,  L_Eknl: 0.04886, L_Morse: 0.62902

Weights: [7000.0, 600.0, 0, 50.0, 0.0, 2.0172999999999996], lr=5.000e-05
Epoch: 0 [4420/10000 (44%)] Loss: 18.10396 = L_Mnfld: 6.20466 + L_NonMnfld: 8.26142 + L_Nrml: 0.00000 + L_Eknl: 2.40547 + L_Div: 0.00000 + L_Morse: 1.23240
Epoch: 0 [4420/10000 (44%)] Unweighted L_s : L_Mnfld: 0.00089,  L_NonMnfld: 0.01377,  L_Nrml: 0.00000,  L_Eknl: 0.04811, L_Morse: 0.61092

Weights: [7000.0, 600.0, 0, 50.0, 0.0, 1.9842999999999993], lr=5.000e-05
Epoch: 0 [4430/10000 (44%)] Loss: 18.08765 = L_Mnfld: 6.82707 + L_NonMnfld: 7.48763 + L_Nrml: 0.00000 + L_Eknl: 2.52789 + L_Div: 0.00000 + L_Morse: 1.24506
Epoch: 0 [4430/10000 (44%)] Unweighted L_s : L_Mnfld: 0.00098,  L_NonMnfld: 0.01248,  L_Nrml: 0.00000,  L_Eknl: 0.05056, L_Morse: 0.62745

Weights: [7000.0, 600.0, 0, 50.0, 0.0, 1.9512999999999998], lr=5.000e-05
Epoch: 0 [4440/10000 (44%)] Loss: 19.98701 = L_Mnfld: 7.08039 + L_NonMnfld: 8.67778 + L_Nrml: 0.00000 + L_Eknl: 2.99639 + L_Div: 0.00000 + L_Morse: 1.23245
Epoch: 0 [4440/10000 (44%)] Unweighted L_s : L_Mnfld: 0.00101,  L_NonMnfld: 0.01446,  L_Nrml: 0.00000,  L_Eknl: 0.05993, L_Morse: 0.63160

Weights: [7000.0, 600.0, 0, 50.0, 0.0, 1.9182999999999986], lr=5.000e-05
Epoch: 0 [4450/10000 (44%)] Loss: 20.38262 = L_Mnfld: 7.99485 + L_NonMnfld: 8.44410 + L_Nrml: 0.00000 + L_Eknl: 2.69720 + L_Div: 0.00000 + L_Morse: 1.24647
Epoch: 0 [4450/10000 (44%)] Unweighted L_s : L_Mnfld: 0.00114,  L_NonMnfld: 0.01407,  L_Nrml: 0.00000,  L_Eknl: 0.05394, L_Morse: 0.64978

Weights: [7000.0, 600.0, 0, 50.0, 0.0, 1.885299999999999], lr=5.000e-05
Epoch: 0 [4460/10000 (45%)] Loss: 21.60521 = L_Mnfld: 8.79581 + L_NonMnfld: 8.64298 + L_Nrml: 0.00000 + L_Eknl: 2.91444 + L_Div: 0.00000 + L_Morse: 1.25198
Epoch: 0 [4460/10000 (45%)] Unweighted L_s : L_Mnfld: 0.00126,  L_NonMnfld: 0.01440,  L_Nrml: 0.00000,  L_Eknl: 0.05829, L_Morse: 0.66407

Weights: [7000.0, 600.0, 0, 50.0, 0.0, 1.8522999999999996], lr=5.000e-05
Epoch: 0 [4470/10000 (45%)] Loss: 20.02062 = L_Mnfld: 8.68346 + L_NonMnfld: 7.50480 + L_Nrml: 0.00000 + L_Eknl: 2.61315 + L_Div: 0.00000 + L_Morse: 1.21921
Epoch: 0 [4470/10000 (45%)] Unweighted L_s : L_Mnfld: 0.00124,  L_NonMnfld: 0.01251,  L_Nrml: 0.00000,  L_Eknl: 0.05226, L_Morse: 0.65822

Weights: [7000.0, 600.0, 0, 50.0, 0.0, 1.8192999999999984], lr=5.000e-05
Epoch: 0 [4480/10000 (45%)] Loss: 20.58396 = L_Mnfld: 8.44556 + L_NonMnfld: 8.36118 + L_Nrml: 0.00000 + L_Eknl: 2.57632 + L_Div: 0.00000 + L_Morse: 1.20090
Epoch: 0 [4480/10000 (45%)] Unweighted L_s : L_Mnfld: 0.00121,  L_NonMnfld: 0.01394,  L_Nrml: 0.00000,  L_Eknl: 0.05153, L_Morse: 0.66009

Weights: [7000.0, 600.0, 0, 50.0, 0.0, 1.7862999999999989], lr=5.000e-05
Epoch: 0 [4490/10000 (45%)] Loss: 18.30022 = L_Mnfld: 6.62379 + L_NonMnfld: 8.08130 + L_Nrml: 0.00000 + L_Eknl: 2.47015 + L_Div: 0.00000 + L_Morse: 1.12497
Epoch: 0 [4490/10000 (45%)] Unweighted L_s : L_Mnfld: 0.00095,  L_NonMnfld: 0.01347,  L_Nrml: 0.00000,  L_Eknl: 0.04940, L_Morse: 0.62978

Weights: [7000.0, 600.0, 0, 50.0, 0.0, 1.7532999999999994], lr=5.000e-05
Epoch: 0 [4500/10000 (45%)] Loss: 19.38280 = L_Mnfld: 7.60324 + L_NonMnfld: 8.28911 + L_Nrml: 0.00000 + L_Eknl: 2.44498 + L_Div: 0.00000 + L_Morse: 1.04547
Epoch: 0 [4500/10000 (45%)] Unweighted L_s : L_Mnfld: 0.00109,  L_NonMnfld: 0.01382,  L_Nrml: 0.00000,  L_Eknl: 0.04890, L_Morse: 0.59628

Weights: [7000.0, 600.0, 0, 50.0, 0.0, 1.7202999999999982], lr=5.000e-05
Epoch: 0 [4510/10000 (45%)] Loss: 18.68418 = L_Mnfld: 6.99077 + L_NonMnfld: 8.11059 + L_Nrml: 0.00000 + L_Eknl: 2.40802 + L_Div: 0.00000 + L_Morse: 1.17480
Epoch: 0 [4510/10000 (45%)] Unweighted L_s : L_Mnfld: 0.00100,  L_NonMnfld: 0.01352,  L_Nrml: 0.00000,  L_Eknl: 0.04816, L_Morse: 0.68290

Weights: [7000.0, 600.0, 0, 50.0, 0.0, 1.6872999999999987], lr=5.000e-05
Epoch: 0 [4520/10000 (45%)] Loss: 18.33455 = L_Mnfld: 7.47333 + L_NonMnfld: 7.22250 + L_Nrml: 0.00000 + L_Eknl: 2.54127 + L_Div: 0.00000 + L_Morse: 1.09745
Epoch: 0 [4520/10000 (45%)] Unweighted L_s : L_Mnfld: 0.00107,  L_NonMnfld: 0.01204,  L_Nrml: 0.00000,  L_Eknl: 0.05083, L_Morse: 0.65042

Weights: [7000.0, 600.0, 0, 50.0, 0.0, 1.6542999999999992], lr=5.000e-05
Epoch: 0 [4530/10000 (45%)] Loss: 18.84549 = L_Mnfld: 7.90987 + L_NonMnfld: 7.50635 + L_Nrml: 0.00000 + L_Eknl: 2.39955 + L_Div: 0.00000 + L_Morse: 1.02971
Epoch: 0 [4530/10000 (45%)] Unweighted L_s : L_Mnfld: 0.00113,  L_NonMnfld: 0.01251,  L_Nrml: 0.00000,  L_Eknl: 0.04799, L_Morse: 0.62244

Weights: [7000.0, 600.0, 0, 50.0, 0.0, 1.621299999999998], lr=5.000e-05
Epoch: 0 [4540/10000 (45%)] Loss: 19.02113 = L_Mnfld: 7.91742 + L_NonMnfld: 7.58901 + L_Nrml: 0.00000 + L_Eknl: 2.45441 + L_Div: 0.00000 + L_Morse: 1.06029
Epoch: 0 [4540/10000 (45%)] Unweighted L_s : L_Mnfld: 0.00113,  L_NonMnfld: 0.01265,  L_Nrml: 0.00000,  L_Eknl: 0.04909, L_Morse: 0.65397

Weights: [7000.0, 600.0, 0, 50.0, 0.0, 1.5882999999999985], lr=5.000e-05
Epoch: 0 [4550/10000 (46%)] Loss: 18.37897 = L_Mnfld: 7.21834 + L_NonMnfld: 7.66861 + L_Nrml: 0.00000 + L_Eknl: 2.44513 + L_Div: 0.00000 + L_Morse: 1.04689
Epoch: 0 [4550/10000 (46%)] Unweighted L_s : L_Mnfld: 0.00103,  L_NonMnfld: 0.01278,  L_Nrml: 0.00000,  L_Eknl: 0.04890, L_Morse: 0.65913

Weights: [7000.0, 600.0, 0, 50.0, 0.0, 1.555299999999999], lr=5.000e-05
Epoch: 0 [4560/10000 (46%)] Loss: 18.21955 = L_Mnfld: 7.54003 + L_NonMnfld: 7.33510 + L_Nrml: 0.00000 + L_Eknl: 2.36126 + L_Div: 0.00000 + L_Morse: 0.98316
Epoch: 0 [4560/10000 (46%)] Unweighted L_s : L_Mnfld: 0.00108,  L_NonMnfld: 0.01223,  L_Nrml: 0.00000,  L_Eknl: 0.04723, L_Morse: 0.63213

Weights: [7000.0, 600.0, 0, 50.0, 0.0, 1.5223000000000013], lr=5.000e-05
Epoch: 0 [4570/10000 (46%)] Loss: 18.04096 = L_Mnfld: 6.47099 + L_NonMnfld: 8.16381 + L_Nrml: 0.00000 + L_Eknl: 2.41456 + L_Div: 0.00000 + L_Morse: 0.99159
Epoch: 0 [4570/10000 (46%)] Unweighted L_s : L_Mnfld: 0.00092,  L_NonMnfld: 0.01361,  L_Nrml: 0.00000,  L_Eknl: 0.04829, L_Morse: 0.65138

Weights: [7000.0, 600.0, 0, 50.0, 0.0, 1.4893000000000018], lr=5.000e-05
Epoch: 0 [4580/10000 (46%)] Loss: 17.84995 = L_Mnfld: 6.31508 + L_NonMnfld: 8.10496 + L_Nrml: 0.00000 + L_Eknl: 2.42586 + L_Div: 0.00000 + L_Morse: 1.00405
Epoch: 0 [4580/10000 (46%)] Unweighted L_s : L_Mnfld: 0.00090,  L_NonMnfld: 0.01351,  L_Nrml: 0.00000,  L_Eknl: 0.04852, L_Morse: 0.67417

Weights: [7000.0, 600.0, 0, 50.0, 0.0, 1.4563000000000006], lr=5.000e-05
Epoch: 0 [4590/10000 (46%)] Loss: 19.69213 = L_Mnfld: 7.72002 + L_NonMnfld: 8.47977 + L_Nrml: 0.00000 + L_Eknl: 2.50916 + L_Div: 0.00000 + L_Morse: 0.98317
Epoch: 0 [4590/10000 (46%)] Unweighted L_s : L_Mnfld: 0.00110,  L_NonMnfld: 0.01413,  L_Nrml: 0.00000,  L_Eknl: 0.05018, L_Morse: 0.67512

Weights: [7000.0, 600.0, 0, 50.0, 0.0, 1.4233000000000011], lr=5.000e-05
Epoch: 0 [4600/10000 (46%)] Loss: 20.10065 = L_Mnfld: 8.06223 + L_NonMnfld: 8.51257 + L_Nrml: 0.00000 + L_Eknl: 2.50561 + L_Div: 0.00000 + L_Morse: 1.02024
Epoch: 0 [4600/10000 (46%)] Unweighted L_s : L_Mnfld: 0.00115,  L_NonMnfld: 0.01419,  L_Nrml: 0.00000,  L_Eknl: 0.05011, L_Morse: 0.71681

Weights: [7000.0, 600.0, 0, 50.0, 0.0, 1.3903000000000016], lr=5.000e-05
Epoch: 0 [4610/10000 (46%)] Loss: 18.02600 = L_Mnfld: 6.26697 + L_NonMnfld: 8.33624 + L_Nrml: 0.00000 + L_Eknl: 2.51114 + L_Div: 0.00000 + L_Morse: 0.91166
Epoch: 0 [4610/10000 (46%)] Unweighted L_s : L_Mnfld: 0.00090,  L_NonMnfld: 0.01389,  L_Nrml: 0.00000,  L_Eknl: 0.05022, L_Morse: 0.65573

Weights: [7000.0, 600.0, 0, 50.0, 0.0, 1.3573000000000004], lr=5.000e-05
Epoch: 0 [4620/10000 (46%)] Loss: 18.70674 = L_Mnfld: 6.89971 + L_NonMnfld: 8.45788 + L_Nrml: 0.00000 + L_Eknl: 2.42588 + L_Div: 0.00000 + L_Morse: 0.92327
Epoch: 0 [4620/10000 (46%)] Unweighted L_s : L_Mnfld: 0.00099,  L_NonMnfld: 0.01410,  L_Nrml: 0.00000,  L_Eknl: 0.04852, L_Morse: 0.68023

Weights: [7000.0, 600.0, 0, 50.0, 0.0, 1.324300000000001], lr=5.000e-05
Epoch: 0 [4630/10000 (46%)] Loss: 19.82365 = L_Mnfld: 7.86934 + L_NonMnfld: 8.54738 + L_Nrml: 0.00000 + L_Eknl: 2.44528 + L_Div: 0.00000 + L_Morse: 0.96165
Epoch: 0 [4630/10000 (46%)] Unweighted L_s : L_Mnfld: 0.00112,  L_NonMnfld: 0.01425,  L_Nrml: 0.00000,  L_Eknl: 0.04891, L_Morse: 0.72616

Weights: [7000.0, 600.0, 0, 50.0, 0.0, 1.2913000000000014], lr=5.000e-05
Epoch: 0 [4640/10000 (46%)] Loss: 18.68952 = L_Mnfld: 7.35808 + L_NonMnfld: 8.09279 + L_Nrml: 0.00000 + L_Eknl: 2.34934 + L_Div: 0.00000 + L_Morse: 0.88931
Epoch: 0 [4640/10000 (46%)] Unweighted L_s : L_Mnfld: 0.00105,  L_NonMnfld: 0.01349,  L_Nrml: 0.00000,  L_Eknl: 0.04699, L_Morse: 0.68869

Weights: [7000.0, 600.0, 0, 50.0, 0.0, 1.2583000000000002], lr=5.000e-05
Epoch: 0 [4650/10000 (46%)] Loss: 18.18500 = L_Mnfld: 7.04155 + L_NonMnfld: 8.00520 + L_Nrml: 0.00000 + L_Eknl: 2.25919 + L_Div: 0.00000 + L_Morse: 0.87905
Epoch: 0 [4650/10000 (46%)] Unweighted L_s : L_Mnfld: 0.00101,  L_NonMnfld: 0.01334,  L_Nrml: 0.00000,  L_Eknl: 0.04518, L_Morse: 0.69860

Weights: [7000.0, 600.0, 0, 50.0, 0.0, 1.2253000000000007], lr=5.000e-05
Epoch: 0 [4660/10000 (47%)] Loss: 19.57320 = L_Mnfld: 7.93687 + L_NonMnfld: 8.52369 + L_Nrml: 0.00000 + L_Eknl: 2.27418 + L_Div: 0.00000 + L_Morse: 0.83846
Epoch: 0 [4660/10000 (47%)] Unweighted L_s : L_Mnfld: 0.00113,  L_NonMnfld: 0.01421,  L_Nrml: 0.00000,  L_Eknl: 0.04548, L_Morse: 0.68429

Weights: [7000.0, 600.0, 0, 50.0, 0.0, 1.1923000000000012], lr=5.000e-05
Epoch: 0 [4670/10000 (47%)] Loss: 18.59897 = L_Mnfld: 7.50992 + L_NonMnfld: 7.92288 + L_Nrml: 0.00000 + L_Eknl: 2.35892 + L_Div: 0.00000 + L_Morse: 0.80726
Epoch: 0 [4670/10000 (47%)] Unweighted L_s : L_Mnfld: 0.00107,  L_NonMnfld: 0.01320,  L_Nrml: 0.00000,  L_Eknl: 0.04718, L_Morse: 0.67706

Weights: [7000.0, 600.0, 0, 50.0, 0.0, 1.1593], lr=5.000e-05
Epoch: 0 [4680/10000 (47%)] Loss: 18.81464 = L_Mnfld: 6.98549 + L_NonMnfld: 8.63751 + L_Nrml: 0.00000 + L_Eknl: 2.42951 + L_Div: 0.00000 + L_Morse: 0.76212
Epoch: 0 [4680/10000 (47%)] Unweighted L_s : L_Mnfld: 0.00100,  L_NonMnfld: 0.01440,  L_Nrml: 0.00000,  L_Eknl: 0.04859, L_Morse: 0.65739

Weights: [7000.0, 600.0, 0, 50.0, 0.0, 1.1263000000000005], lr=5.000e-05
Epoch: 0 [4690/10000 (47%)] Loss: 18.95199 = L_Mnfld: 7.04443 + L_NonMnfld: 8.65654 + L_Nrml: 0.00000 + L_Eknl: 2.45739 + L_Div: 0.00000 + L_Morse: 0.79363
Epoch: 0 [4690/10000 (47%)] Unweighted L_s : L_Mnfld: 0.00101,  L_NonMnfld: 0.01443,  L_Nrml: 0.00000,  L_Eknl: 0.04915, L_Morse: 0.70464

Weights: [7000.0, 600.0, 0, 50.0, 0.0, 1.093300000000001], lr=5.000e-05
Epoch: 0 [4700/10000 (47%)] Loss: 18.76329 = L_Mnfld: 7.09407 + L_NonMnfld: 8.57573 + L_Nrml: 0.00000 + L_Eknl: 2.35912 + L_Div: 0.00000 + L_Morse: 0.73436
Epoch: 0 [4700/10000 (47%)] Unweighted L_s : L_Mnfld: 0.00101,  L_NonMnfld: 0.01429,  L_Nrml: 0.00000,  L_Eknl: 0.04718, L_Morse: 0.67169

Weights: [7000.0, 600.0, 0, 50.0, 0.0, 1.0602999999999998], lr=5.000e-05
Epoch: 0 [4710/10000 (47%)] Loss: 18.79730 = L_Mnfld: 6.79665 + L_NonMnfld: 8.70349 + L_Nrml: 0.00000 + L_Eknl: 2.58803 + L_Div: 0.00000 + L_Morse: 0.70913
Epoch: 0 [4710/10000 (47%)] Unweighted L_s : L_Mnfld: 0.00097,  L_NonMnfld: 0.01451,  L_Nrml: 0.00000,  L_Eknl: 0.05176, L_Morse: 0.66880

Weights: [7000.0, 600.0, 0, 50.0, 0.0, 1.0273000000000003], lr=5.000e-05
Epoch: 0 [4720/10000 (47%)] Loss: 18.92208 = L_Mnfld: 7.07848 + L_NonMnfld: 8.66361 + L_Nrml: 0.00000 + L_Eknl: 2.46857 + L_Div: 0.00000 + L_Morse: 0.71142
Epoch: 0 [4720/10000 (47%)] Unweighted L_s : L_Mnfld: 0.00101,  L_NonMnfld: 0.01444,  L_Nrml: 0.00000,  L_Eknl: 0.04937, L_Morse: 0.69252

Weights: [7000.0, 600.0, 0, 50.0, 0.0, 0.9943000000000008], lr=5.000e-05
Epoch: 0 [4730/10000 (47%)] Loss: 18.80209 = L_Mnfld: 7.00561 + L_NonMnfld: 8.76320 + L_Nrml: 0.00000 + L_Eknl: 2.32753 + L_Div: 0.00000 + L_Morse: 0.70575
Epoch: 0 [4730/10000 (47%)] Unweighted L_s : L_Mnfld: 0.00100,  L_NonMnfld: 0.01461,  L_Nrml: 0.00000,  L_Eknl: 0.04655, L_Morse: 0.70980

Weights: [7000.0, 600.0, 0, 50.0, 0.0, 0.9612999999999996], lr=5.000e-05
Epoch: 0 [4740/10000 (47%)] Loss: 17.67832 = L_Mnfld: 6.45922 + L_NonMnfld: 8.21177 + L_Nrml: 0.00000 + L_Eknl: 2.30696 + L_Div: 0.00000 + L_Morse: 0.70037
Epoch: 0 [4740/10000 (47%)] Unweighted L_s : L_Mnfld: 0.00092,  L_NonMnfld: 0.01369,  L_Nrml: 0.00000,  L_Eknl: 0.04614, L_Morse: 0.72856

Weights: [7000.0, 600.0, 0, 50.0, 0.0, 0.9283000000000001], lr=5.000e-05
Epoch: 0 [4750/10000 (48%)] Loss: 16.28308 = L_Mnfld: 5.43045 + L_NonMnfld: 7.88024 + L_Nrml: 0.00000 + L_Eknl: 2.31264 + L_Div: 0.00000 + L_Morse: 0.65976
Epoch: 0 [4750/10000 (48%)] Unweighted L_s : L_Mnfld: 0.00078,  L_NonMnfld: 0.01313,  L_Nrml: 0.00000,  L_Eknl: 0.04625, L_Morse: 0.71071

Weights: [7000.0, 600.0, 0, 50.0, 0.0, 0.8953000000000007], lr=5.000e-05
Epoch: 0 [4760/10000 (48%)] Loss: 17.64986 = L_Mnfld: 6.85246 + L_NonMnfld: 7.71903 + L_Nrml: 0.00000 + L_Eknl: 2.44346 + L_Div: 0.00000 + L_Morse: 0.63490
Epoch: 0 [4760/10000 (48%)] Unweighted L_s : L_Mnfld: 0.00098,  L_NonMnfld: 0.01287,  L_Nrml: 0.00000,  L_Eknl: 0.04887, L_Morse: 0.70915

Weights: [7000.0, 600.0, 0, 50.0, 0.0, 0.8622999999999994], lr=5.000e-05
Epoch: 0 [4770/10000 (48%)] Loss: 18.44171 = L_Mnfld: 6.96506 + L_NonMnfld: 8.58668 + L_Nrml: 0.00000 + L_Eknl: 2.26119 + L_Div: 0.00000 + L_Morse: 0.62879
Epoch: 0 [4770/10000 (48%)] Unweighted L_s : L_Mnfld: 0.00100,  L_NonMnfld: 0.01431,  L_Nrml: 0.00000,  L_Eknl: 0.04522, L_Morse: 0.72921

Weights: [7000.0, 600.0, 0, 50.0, 0.0, 0.8292999999999999], lr=5.000e-05
Epoch: 0 [4780/10000 (48%)] Loss: 17.12177 = L_Mnfld: 6.54414 + L_NonMnfld: 7.55762 + L_Nrml: 0.00000 + L_Eknl: 2.41113 + L_Div: 0.00000 + L_Morse: 0.60888
Epoch: 0 [4780/10000 (48%)] Unweighted L_s : L_Mnfld: 0.00093,  L_NonMnfld: 0.01260,  L_Nrml: 0.00000,  L_Eknl: 0.04822, L_Morse: 0.73421

Weights: [7000.0, 600.0, 0, 50.0, 0.0, 0.7963000000000005], lr=5.000e-05
Epoch: 0 [4790/10000 (48%)] Loss: 16.41684 = L_Mnfld: 6.07395 + L_NonMnfld: 7.51064 + L_Nrml: 0.00000 + L_Eknl: 2.26626 + L_Div: 0.00000 + L_Morse: 0.56599
Epoch: 0 [4790/10000 (48%)] Unweighted L_s : L_Mnfld: 0.00087,  L_NonMnfld: 0.01252,  L_Nrml: 0.00000,  L_Eknl: 0.04533, L_Morse: 0.71078

Weights: [7000.0, 600.0, 0, 50.0, 0.0, 0.7632999999999992], lr=5.000e-05
Epoch: 0 [4800/10000 (48%)] Loss: 18.09689 = L_Mnfld: 6.78138 + L_NonMnfld: 8.29364 + L_Nrml: 0.00000 + L_Eknl: 2.45880 + L_Div: 0.00000 + L_Morse: 0.56307
Epoch: 0 [4800/10000 (48%)] Unweighted L_s : L_Mnfld: 0.00097,  L_NonMnfld: 0.01382,  L_Nrml: 0.00000,  L_Eknl: 0.04918, L_Morse: 0.73768

Weights: [7000.0, 600.0, 0, 50.0, 0.0, 0.7302999999999997], lr=5.000e-05
Epoch: 0 [4810/10000 (48%)] Loss: 17.39298 = L_Mnfld: 6.47363 + L_NonMnfld: 8.06619 + L_Nrml: 0.00000 + L_Eknl: 2.28439 + L_Div: 0.00000 + L_Morse: 0.56877
Epoch: 0 [4810/10000 (48%)] Unweighted L_s : L_Mnfld: 0.00092,  L_NonMnfld: 0.01344,  L_Nrml: 0.00000,  L_Eknl: 0.04569, L_Morse: 0.77882

Weights: [7000.0, 600.0, 0, 50.0, 0.0, 0.6973000000000003], lr=5.000e-05
Epoch: 0 [4820/10000 (48%)] Loss: 17.12843 = L_Mnfld: 6.49017 + L_NonMnfld: 7.99197 + L_Nrml: 0.00000 + L_Eknl: 2.13661 + L_Div: 0.00000 + L_Morse: 0.50969
Epoch: 0 [4820/10000 (48%)] Unweighted L_s : L_Mnfld: 0.00093,  L_NonMnfld: 0.01332,  L_Nrml: 0.00000,  L_Eknl: 0.04273, L_Morse: 0.73094

Weights: [7000.0, 600.0, 0, 50.0, 0.0, 0.664299999999999], lr=5.000e-05
Epoch: 0 [4830/10000 (48%)] Loss: 16.78371 = L_Mnfld: 5.92733 + L_NonMnfld: 8.18719 + L_Nrml: 0.00000 + L_Eknl: 2.19730 + L_Div: 0.00000 + L_Morse: 0.47189
Epoch: 0 [4830/10000 (48%)] Unweighted L_s : L_Mnfld: 0.00085,  L_NonMnfld: 0.01365,  L_Nrml: 0.00000,  L_Eknl: 0.04395, L_Morse: 0.71035

Weights: [7000.0, 600.0, 0, 50.0, 0.0, 0.6312999999999995], lr=5.000e-05
Epoch: 0 [4840/10000 (48%)] Loss: 17.07340 = L_Mnfld: 6.04129 + L_NonMnfld: 8.25618 + L_Nrml: 0.00000 + L_Eknl: 2.30307 + L_Div: 0.00000 + L_Morse: 0.47285
Epoch: 0 [4840/10000 (48%)] Unweighted L_s : L_Mnfld: 0.00086,  L_NonMnfld: 0.01376,  L_Nrml: 0.00000,  L_Eknl: 0.04606, L_Morse: 0.74901

Weights: [7000.0, 600.0, 0, 50.0, 0.0, 0.5983], lr=5.000e-05
Epoch: 0 [4850/10000 (48%)] Loss: 16.83294 = L_Mnfld: 6.16941 + L_NonMnfld: 7.89848 + L_Nrml: 0.00000 + L_Eknl: 2.29864 + L_Div: 0.00000 + L_Morse: 0.46642
Epoch: 0 [4850/10000 (48%)] Unweighted L_s : L_Mnfld: 0.00088,  L_NonMnfld: 0.01316,  L_Nrml: 0.00000,  L_Eknl: 0.04597, L_Morse: 0.77957

Weights: [7000.0, 600.0, 0, 50.0, 0.0, 0.5652999999999988], lr=5.000e-05
Epoch: 0 [4860/10000 (49%)] Loss: 16.47580 = L_Mnfld: 6.65263 + L_NonMnfld: 7.01567 + L_Nrml: 0.00000 + L_Eknl: 2.39327 + L_Div: 0.00000 + L_Morse: 0.41423
Epoch: 0 [4860/10000 (49%)] Unweighted L_s : L_Mnfld: 0.00095,  L_NonMnfld: 0.01169,  L_Nrml: 0.00000,  L_Eknl: 0.04787, L_Morse: 0.73276

Weights: [7000.0, 600.0, 0, 50.0, 0.0, 0.5322999999999993], lr=5.000e-05
Epoch: 0 [4870/10000 (49%)] Loss: 17.35724 = L_Mnfld: 6.53066 + L_NonMnfld: 8.08741 + L_Nrml: 0.00000 + L_Eknl: 2.31923 + L_Div: 0.00000 + L_Morse: 0.41994
Epoch: 0 [4870/10000 (49%)] Unweighted L_s : L_Mnfld: 0.00093,  L_NonMnfld: 0.01348,  L_Nrml: 0.00000,  L_Eknl: 0.04638, L_Morse: 0.78891

Weights: [7000.0, 600.0, 0, 50.0, 0.0, 0.49929999999999986], lr=5.000e-05
Epoch: 0 [4880/10000 (49%)] Loss: 16.42039 = L_Mnfld: 6.13383 + L_NonMnfld: 7.37045 + L_Nrml: 0.00000 + L_Eknl: 2.53347 + L_Div: 0.00000 + L_Morse: 0.38264
Epoch: 0 [4880/10000 (49%)] Unweighted L_s : L_Mnfld: 0.00088,  L_NonMnfld: 0.01228,  L_Nrml: 0.00000,  L_Eknl: 0.05067, L_Morse: 0.76636

Weights: [7000.0, 600.0, 0, 50.0, 0.0, 0.4662999999999986], lr=5.000e-05
Epoch: 0 [4890/10000 (49%)] Loss: 18.37952 = L_Mnfld: 6.60059 + L_NonMnfld: 9.18233 + L_Nrml: 0.00000 + L_Eknl: 2.23405 + L_Div: 0.00000 + L_Morse: 0.36255
Epoch: 0 [4890/10000 (49%)] Unweighted L_s : L_Mnfld: 0.00094,  L_NonMnfld: 0.01530,  L_Nrml: 0.00000,  L_Eknl: 0.04468, L_Morse: 0.77751

Weights: [7000.0, 600.0, 0, 50.0, 0.0, 0.43329999999999913], lr=5.000e-05
Epoch: 0 [4900/10000 (49%)] Loss: 17.13277 = L_Mnfld: 6.76734 + L_NonMnfld: 7.81828 + L_Nrml: 0.00000 + L_Eknl: 2.21592 + L_Div: 0.00000 + L_Morse: 0.33123
Epoch: 0 [4900/10000 (49%)] Unweighted L_s : L_Mnfld: 0.00097,  L_NonMnfld: 0.01303,  L_Nrml: 0.00000,  L_Eknl: 0.04432, L_Morse: 0.76443

Weights: [7000.0, 600.0, 0, 50.0, 0.0, 0.40029999999999966], lr=5.000e-05
Epoch: 0 [4910/10000 (49%)] Loss: 17.28672 = L_Mnfld: 6.29929 + L_NonMnfld: 8.62109 + L_Nrml: 0.00000 + L_Eknl: 2.07041 + L_Div: 0.00000 + L_Morse: 0.29592
Epoch: 0 [4910/10000 (49%)] Unweighted L_s : L_Mnfld: 0.00090,  L_NonMnfld: 0.01437,  L_Nrml: 0.00000,  L_Eknl: 0.04141, L_Morse: 0.73926

Weights: [7000.0, 600.0, 0, 50.0, 0.0, 0.3672999999999984], lr=5.000e-05
Epoch: 0 [4920/10000 (49%)] Loss: 15.99949 = L_Mnfld: 6.04981 + L_NonMnfld: 7.60492 + L_Nrml: 0.00000 + L_Eknl: 2.06292 + L_Div: 0.00000 + L_Morse: 0.28183
Epoch: 0 [4920/10000 (49%)] Unweighted L_s : L_Mnfld: 0.00086,  L_NonMnfld: 0.01267,  L_Nrml: 0.00000,  L_Eknl: 0.04126, L_Morse: 0.76729

Weights: [7000.0, 600.0, 0, 50.0, 0.0, 0.33429999999999893], lr=5.000e-05
Epoch: 0 [4930/10000 (49%)] Loss: 17.13536 = L_Mnfld: 6.37870 + L_NonMnfld: 8.42266 + L_Nrml: 0.00000 + L_Eknl: 2.07673 + L_Div: 0.00000 + L_Morse: 0.25727
Epoch: 0 [4930/10000 (49%)] Unweighted L_s : L_Mnfld: 0.00091,  L_NonMnfld: 0.01404,  L_Nrml: 0.00000,  L_Eknl: 0.04153, L_Morse: 0.76958

Weights: [7000.0, 600.0, 0, 50.0, 0.0, 0.30129999999999946], lr=5.000e-05
Epoch: 0 [4940/10000 (49%)] Loss: 16.45963 = L_Mnfld: 6.20487 + L_NonMnfld: 7.77847 + L_Nrml: 0.00000 + L_Eknl: 2.24788 + L_Div: 0.00000 + L_Morse: 0.22842
Epoch: 0 [4940/10000 (49%)] Unweighted L_s : L_Mnfld: 0.00089,  L_NonMnfld: 0.01296,  L_Nrml: 0.00000,  L_Eknl: 0.04496, L_Morse: 0.75810

Weights: [7000.0, 600.0, 0, 50.0, 0.0, 0.2682999999999982], lr=5.000e-05
Epoch: 0 [4950/10000 (50%)] Loss: 16.41125 = L_Mnfld: 6.15110 + L_NonMnfld: 7.74263 + L_Nrml: 0.00000 + L_Eknl: 2.30545 + L_Div: 0.00000 + L_Morse: 0.21208
Epoch: 0 [4950/10000 (50%)] Unweighted L_s : L_Mnfld: 0.00088,  L_NonMnfld: 0.01290,  L_Nrml: 0.00000,  L_Eknl: 0.04611, L_Morse: 0.79044

Weights: [7000.0, 600.0, 0, 50.0, 0.0, 0.2353000000000005], lr=5.000e-05
Epoch: 0 [4960/10000 (50%)] Loss: 18.53756 = L_Mnfld: 7.00100 + L_NonMnfld: 8.82720 + L_Nrml: 0.00000 + L_Eknl: 2.53535 + L_Div: 0.00000 + L_Morse: 0.17400
Epoch: 0 [4960/10000 (50%)] Unweighted L_s : L_Mnfld: 0.00100,  L_NonMnfld: 0.01471,  L_Nrml: 0.00000,  L_Eknl: 0.05071, L_Morse: 0.73950

Weights: [7000.0, 600.0, 0, 50.0, 0.0, 0.20229999999999926], lr=5.000e-05
Epoch: 0 [4970/10000 (50%)] Loss: 19.04367 = L_Mnfld: 8.18322 + L_NonMnfld: 8.38023 + L_Nrml: 0.00000 + L_Eknl: 2.31583 + L_Div: 0.00000 + L_Morse: 0.16439
Epoch: 0 [4970/10000 (50%)] Unweighted L_s : L_Mnfld: 0.00117,  L_NonMnfld: 0.01397,  L_Nrml: 0.00000,  L_Eknl: 0.04632, L_Morse: 0.81259

Weights: [7000.0, 600.0, 0, 50.0, 0.0, 0.16929999999999978], lr=5.000e-05
Epoch: 0 [4980/10000 (50%)] Loss: 16.99619 = L_Mnfld: 6.87072 + L_NonMnfld: 7.88784 + L_Nrml: 0.00000 + L_Eknl: 2.09716 + L_Div: 0.00000 + L_Morse: 0.14046
Epoch: 0 [4980/10000 (50%)] Unweighted L_s : L_Mnfld: 0.00098,  L_NonMnfld: 0.01315,  L_Nrml: 0.00000,  L_Eknl: 0.04194, L_Morse: 0.82965

Weights: [7000.0, 600.0, 0, 50.0, 0.0, 0.1363000000000003], lr=5.000e-05
Epoch: 0 [4990/10000 (50%)] Loss: 16.78148 = L_Mnfld: 6.70099 + L_NonMnfld: 7.87672 + L_Nrml: 0.00000 + L_Eknl: 2.09920 + L_Div: 0.00000 + L_Morse: 0.10457
Epoch: 0 [4990/10000 (50%)] Unweighted L_s : L_Mnfld: 0.00096,  L_NonMnfld: 0.01313,  L_Nrml: 0.00000,  L_Eknl: 0.04198, L_Morse: 0.76720

Weights: [7000.0, 600.0, 0, 50.0, 0.0, 0.10329999999999906], lr=5.000e-05
Epoch: 0 [5000/10000 (50%)] Loss: 16.99164 = L_Mnfld: 6.49697 + L_NonMnfld: 8.33794 + L_Nrml: 0.00000 + L_Eknl: 2.07358 + L_Div: 0.00000 + L_Morse: 0.08316
Epoch: 0 [5000/10000 (50%)] Unweighted L_s : L_Mnfld: 0.00093,  L_NonMnfld: 0.01390,  L_Nrml: 0.00000,  L_Eknl: 0.04147, L_Morse: 0.80500

Weights: [7000.0, 600.0, 0, 50.0, 0.0, 0.1], lr=5.000e-05
Epoch: 0 [5010/10000 (50%)] Loss: 16.13562 = L_Mnfld: 6.43001 + L_NonMnfld: 7.49522 + L_Nrml: 0.00000 + L_Eknl: 2.12811 + L_Div: 0.00000 + L_Morse: 0.08228
Epoch: 0 [5010/10000 (50%)] Unweighted L_s : L_Mnfld: 0.00092,  L_NonMnfld: 0.01249,  L_Nrml: 0.00000,  L_Eknl: 0.04256, L_Morse: 0.82284

Weights: [7000.0, 600.0, 0, 50.0, 0.0, 0.1], lr=5.000e-05
Epoch: 0 [5020/10000 (50%)] Loss: 16.55192 = L_Mnfld: 6.34242 + L_NonMnfld: 8.11155 + L_Nrml: 0.00000 + L_Eknl: 2.01141 + L_Div: 0.00000 + L_Morse: 0.08654
Epoch: 0 [5020/10000 (50%)] Unweighted L_s : L_Mnfld: 0.00091,  L_NonMnfld: 0.01352,  L_Nrml: 0.00000,  L_Eknl: 0.04023, L_Morse: 0.86538

Weights: [7000.0, 600.0, 0, 50.0, 0.0, 0.1], lr=5.000e-05
Epoch: 0 [5030/10000 (50%)] Loss: 16.23404 = L_Mnfld: 6.11717 + L_NonMnfld: 8.00672 + L_Nrml: 0.00000 + L_Eknl: 2.03036 + L_Div: 0.00000 + L_Morse: 0.07979
Epoch: 0 [5030/10000 (50%)] Unweighted L_s : L_Mnfld: 0.00087,  L_NonMnfld: 0.01334,  L_Nrml: 0.00000,  L_Eknl: 0.04061, L_Morse: 0.79792

Weights: [7000.0, 600.0, 0, 50.0, 0.0, 0.1], lr=5.000e-05
Epoch: 0 [5040/10000 (50%)] Loss: 15.76332 = L_Mnfld: 6.28279 + L_NonMnfld: 7.38792 + L_Nrml: 0.00000 + L_Eknl: 2.01321 + L_Div: 0.00000 + L_Morse: 0.07940
Epoch: 0 [5040/10000 (50%)] Unweighted L_s : L_Mnfld: 0.00090,  L_NonMnfld: 0.01231,  L_Nrml: 0.00000,  L_Eknl: 0.04026, L_Morse: 0.79402

Weights: [7000.0, 600.0, 0, 50.0, 0.0, 0.1], lr=5.000e-05
Epoch: 0 [5050/10000 (50%)] Loss: 16.19041 = L_Mnfld: 5.89213 + L_NonMnfld: 8.11489 + L_Nrml: 0.00000 + L_Eknl: 2.09982 + L_Div: 0.00000 + L_Morse: 0.08358
Epoch: 0 [5050/10000 (50%)] Unweighted L_s : L_Mnfld: 0.00084,  L_NonMnfld: 0.01352,  L_Nrml: 0.00000,  L_Eknl: 0.04200, L_Morse: 0.83579

Weights: [7000.0, 600.0, 0, 50.0, 0.0, 0.1], lr=5.000e-05
Epoch: 0 [5060/10000 (51%)] Loss: 15.06109 = L_Mnfld: 6.11828 + L_NonMnfld: 6.81012 + L_Nrml: 0.00000 + L_Eknl: 2.04451 + L_Div: 0.00000 + L_Morse: 0.08819
Epoch: 0 [5060/10000 (51%)] Unweighted L_s : L_Mnfld: 0.00087,  L_NonMnfld: 0.01135,  L_Nrml: 0.00000,  L_Eknl: 0.04089, L_Morse: 0.88186

Weights: [7000.0, 600.0, 0, 50.0, 0.0, 0.1], lr=5.000e-05
Epoch: 0 [5070/10000 (51%)] Loss: 15.82921 = L_Mnfld: 5.62334 + L_NonMnfld: 8.00418 + L_Nrml: 0.00000 + L_Eknl: 2.11836 + L_Div: 0.00000 + L_Morse: 0.08333
Epoch: 0 [5070/10000 (51%)] Unweighted L_s : L_Mnfld: 0.00080,  L_NonMnfld: 0.01334,  L_Nrml: 0.00000,  L_Eknl: 0.04237, L_Morse: 0.83333

Weights: [7000.0, 600.0, 0, 50.0, 0.0, 0.1], lr=5.000e-05
Epoch: 0 [5080/10000 (51%)] Loss: 15.88678 = L_Mnfld: 5.94262 + L_NonMnfld: 7.65140 + L_Nrml: 0.00000 + L_Eknl: 2.20648 + L_Div: 0.00000 + L_Morse: 0.08629
Epoch: 0 [5080/10000 (51%)] Unweighted L_s : L_Mnfld: 0.00085,  L_NonMnfld: 0.01275,  L_Nrml: 0.00000,  L_Eknl: 0.04413, L_Morse: 0.86287

Weights: [7000.0, 600.0, 0, 50.0, 0.0, 0.1], lr=5.000e-05
Epoch: 0 [5090/10000 (51%)] Loss: 17.19995 = L_Mnfld: 6.42330 + L_NonMnfld: 8.61577 + L_Nrml: 0.00000 + L_Eknl: 2.07616 + L_Div: 0.00000 + L_Morse: 0.08472
Epoch: 0 [5090/10000 (51%)] Unweighted L_s : L_Mnfld: 0.00092,  L_NonMnfld: 0.01436,  L_Nrml: 0.00000,  L_Eknl: 0.04152, L_Morse: 0.84721

Weights: [7000.0, 600.0, 0, 50.0, 0.0, 0.1], lr=5.000e-05
Epoch: 0 [5100/10000 (51%)] Loss: 15.98021 = L_Mnfld: 6.24258 + L_NonMnfld: 7.65754 + L_Nrml: 0.00000 + L_Eknl: 1.99673 + L_Div: 0.00000 + L_Morse: 0.08337
Epoch: 0 [5100/10000 (51%)] Unweighted L_s : L_Mnfld: 0.00089,  L_NonMnfld: 0.01276,  L_Nrml: 0.00000,  L_Eknl: 0.03993, L_Morse: 0.83366

Weights: [7000.0, 600.0, 0, 50.0, 0.0, 0.1], lr=5.000e-05
Epoch: 0 [5110/10000 (51%)] Loss: 16.24850 = L_Mnfld: 6.45121 + L_NonMnfld: 7.48532 + L_Nrml: 0.00000 + L_Eknl: 2.22969 + L_Div: 0.00000 + L_Morse: 0.08227
Epoch: 0 [5110/10000 (51%)] Unweighted L_s : L_Mnfld: 0.00092,  L_NonMnfld: 0.01248,  L_Nrml: 0.00000,  L_Eknl: 0.04459, L_Morse: 0.82267

Weights: [7000.0, 600.0, 0, 50.0, 0.0, 0.1], lr=5.000e-05
Epoch: 0 [5120/10000 (51%)] Loss: 17.36050 = L_Mnfld: 7.95806 + L_NonMnfld: 7.04647 + L_Nrml: 0.00000 + L_Eknl: 2.26696 + L_Div: 0.00000 + L_Morse: 0.08901
Epoch: 0 [5120/10000 (51%)] Unweighted L_s : L_Mnfld: 0.00114,  L_NonMnfld: 0.01174,  L_Nrml: 0.00000,  L_Eknl: 0.04534, L_Morse: 0.89009

Weights: [7000.0, 600.0, 0, 50.0, 0.0, 0.1], lr=5.000e-05
Epoch: 0 [5130/10000 (51%)] Loss: 19.17840 = L_Mnfld: 7.92301 + L_NonMnfld: 8.90853 + L_Nrml: 0.00000 + L_Eknl: 2.25872 + L_Div: 0.00000 + L_Morse: 0.08814
Epoch: 0 [5130/10000 (51%)] Unweighted L_s : L_Mnfld: 0.00113,  L_NonMnfld: 0.01485,  L_Nrml: 0.00000,  L_Eknl: 0.04517, L_Morse: 0.88139

Weights: [7000.0, 600.0, 0, 50.0, 0.0, 0.1], lr=5.000e-05
Epoch: 0 [5140/10000 (51%)] Loss: 17.95966 = L_Mnfld: 7.51082 + L_NonMnfld: 8.01956 + L_Nrml: 0.00000 + L_Eknl: 2.34031 + L_Div: 0.00000 + L_Morse: 0.08898
Epoch: 0 [5140/10000 (51%)] Unweighted L_s : L_Mnfld: 0.00107,  L_NonMnfld: 0.01337,  L_Nrml: 0.00000,  L_Eknl: 0.04681, L_Morse: 0.88979

Weights: [7000.0, 600.0, 0, 50.0, 0.0, 0.1], lr=5.000e-05
Epoch: 0 [5150/10000 (52%)] Loss: 17.44868 = L_Mnfld: 7.21353 + L_NonMnfld: 7.94576 + L_Nrml: 0.00000 + L_Eknl: 2.20096 + L_Div: 0.00000 + L_Morse: 0.08843
Epoch: 0 [5150/10000 (52%)] Unweighted L_s : L_Mnfld: 0.00103,  L_NonMnfld: 0.01324,  L_Nrml: 0.00000,  L_Eknl: 0.04402, L_Morse: 0.88432

Weights: [7000.0, 600.0, 0, 50.0, 0.0, 0.1], lr=5.000e-05
Epoch: 0 [5160/10000 (52%)] Loss: 18.14236 = L_Mnfld: 7.66409 + L_NonMnfld: 8.22097 + L_Nrml: 0.00000 + L_Eknl: 2.16806 + L_Div: 0.00000 + L_Morse: 0.08924
Epoch: 0 [5160/10000 (52%)] Unweighted L_s : L_Mnfld: 0.00109,  L_NonMnfld: 0.01370,  L_Nrml: 0.00000,  L_Eknl: 0.04336, L_Morse: 0.89244

Weights: [7000.0, 600.0, 0, 50.0, 0.0, 0.1], lr=5.000e-05
Epoch: 0 [5170/10000 (52%)] Loss: 17.24867 = L_Mnfld: 7.44774 + L_NonMnfld: 7.47784 + L_Nrml: 0.00000 + L_Eknl: 2.23437 + L_Div: 0.00000 + L_Morse: 0.08872
Epoch: 0 [5170/10000 (52%)] Unweighted L_s : L_Mnfld: 0.00106,  L_NonMnfld: 0.01246,  L_Nrml: 0.00000,  L_Eknl: 0.04469, L_Morse: 0.88721

Weights: [7000.0, 600.0, 0, 50.0, 0.0, 0.1], lr=5.000e-05
Epoch: 0 [5180/10000 (52%)] Loss: 18.90288 = L_Mnfld: 8.14240 + L_NonMnfld: 8.37107 + L_Nrml: 0.00000 + L_Eknl: 2.30103 + L_Div: 0.00000 + L_Morse: 0.08838
Epoch: 0 [5180/10000 (52%)] Unweighted L_s : L_Mnfld: 0.00116,  L_NonMnfld: 0.01395,  L_Nrml: 0.00000,  L_Eknl: 0.04602, L_Morse: 0.88385

Weights: [7000.0, 600.0, 0, 50.0, 0.0, 0.1], lr=5.000e-05
Epoch: 0 [5190/10000 (52%)] Loss: 17.55575 = L_Mnfld: 7.42784 + L_NonMnfld: 7.82253 + L_Nrml: 0.00000 + L_Eknl: 2.21275 + L_Div: 0.00000 + L_Morse: 0.09262
Epoch: 0 [5190/10000 (52%)] Unweighted L_s : L_Mnfld: 0.00106,  L_NonMnfld: 0.01304,  L_Nrml: 0.00000,  L_Eknl: 0.04426, L_Morse: 0.92616

Weights: [7000.0, 600.0, 0, 50.0, 0.0, 0.1], lr=5.000e-05
Epoch: 0 [5200/10000 (52%)] Loss: 17.65925 = L_Mnfld: 6.64184 + L_NonMnfld: 8.78273 + L_Nrml: 0.00000 + L_Eknl: 2.14397 + L_Div: 0.00000 + L_Morse: 0.09070
Epoch: 0 [5200/10000 (52%)] Unweighted L_s : L_Mnfld: 0.00095,  L_NonMnfld: 0.01464,  L_Nrml: 0.00000,  L_Eknl: 0.04288, L_Morse: 0.90704

Weights: [7000.0, 600.0, 0, 50.0, 0.0, 0.1], lr=5.000e-05
Epoch: 0 [5210/10000 (52%)] Loss: 16.84902 = L_Mnfld: 6.34271 + L_NonMnfld: 8.31631 + L_Nrml: 0.00000 + L_Eknl: 2.10108 + L_Div: 0.00000 + L_Morse: 0.08893
Epoch: 0 [5210/10000 (52%)] Unweighted L_s : L_Mnfld: 0.00091,  L_NonMnfld: 0.01386,  L_Nrml: 0.00000,  L_Eknl: 0.04202, L_Morse: 0.88928

Weights: [7000.0, 600.0, 0, 50.0, 0.0, 0.1], lr=5.000e-05
Epoch: 0 [5220/10000 (52%)] Loss: 16.10533 = L_Mnfld: 6.16146 + L_NonMnfld: 7.83937 + L_Nrml: 0.00000 + L_Eknl: 2.02101 + L_Div: 0.00000 + L_Morse: 0.08350
Epoch: 0 [5220/10000 (52%)] Unweighted L_s : L_Mnfld: 0.00088,  L_NonMnfld: 0.01307,  L_Nrml: 0.00000,  L_Eknl: 0.04042, L_Morse: 0.83496

Weights: [7000.0, 600.0, 0, 50.0, 0.0, 0.1], lr=5.000e-05
Epoch: 0 [5230/10000 (52%)] Loss: 16.76250 = L_Mnfld: 6.22555 + L_NonMnfld: 8.40162 + L_Nrml: 0.00000 + L_Eknl: 2.04520 + L_Div: 0.00000 + L_Morse: 0.09013
Epoch: 0 [5230/10000 (52%)] Unweighted L_s : L_Mnfld: 0.00089,  L_NonMnfld: 0.01400,  L_Nrml: 0.00000,  L_Eknl: 0.04090, L_Morse: 0.90128

Weights: [7000.0, 600.0, 0, 50.0, 0.0, 0.1], lr=5.000e-05
Epoch: 0 [5240/10000 (52%)] Loss: 17.14203 = L_Mnfld: 6.27261 + L_NonMnfld: 8.73522 + L_Nrml: 0.00000 + L_Eknl: 2.04386 + L_Div: 0.00000 + L_Morse: 0.09034
Epoch: 0 [5240/10000 (52%)] Unweighted L_s : L_Mnfld: 0.00090,  L_NonMnfld: 0.01456,  L_Nrml: 0.00000,  L_Eknl: 0.04088, L_Morse: 0.90342

Weights: [7000.0, 600.0, 0, 50.0, 0.0, 0.1], lr=5.000e-05
Epoch: 0 [5250/10000 (52%)] Loss: 16.81668 = L_Mnfld: 5.99856 + L_NonMnfld: 8.61052 + L_Nrml: 0.00000 + L_Eknl: 2.11902 + L_Div: 0.00000 + L_Morse: 0.08859
Epoch: 0 [5250/10000 (52%)] Unweighted L_s : L_Mnfld: 0.00086,  L_NonMnfld: 0.01435,  L_Nrml: 0.00000,  L_Eknl: 0.04238, L_Morse: 0.88590

Weights: [7000.0, 600.0, 0, 50.0, 0.0, 0.1], lr=5.000e-05
Epoch: 0 [5260/10000 (53%)] Loss: 16.51354 = L_Mnfld: 6.18420 + L_NonMnfld: 8.11184 + L_Nrml: 0.00000 + L_Eknl: 2.13002 + L_Div: 0.00000 + L_Morse: 0.08748
Epoch: 0 [5260/10000 (53%)] Unweighted L_s : L_Mnfld: 0.00088,  L_NonMnfld: 0.01352,  L_Nrml: 0.00000,  L_Eknl: 0.04260, L_Morse: 0.87476

Weights: [7000.0, 600.0, 0, 50.0, 0.0, 0.1], lr=5.000e-05
Epoch: 0 [5270/10000 (53%)] Loss: 17.04860 = L_Mnfld: 6.62730 + L_NonMnfld: 8.21574 + L_Nrml: 0.00000 + L_Eknl: 2.11849 + L_Div: 0.00000 + L_Morse: 0.08706
Epoch: 0 [5270/10000 (53%)] Unweighted L_s : L_Mnfld: 0.00095,  L_NonMnfld: 0.01369,  L_Nrml: 0.00000,  L_Eknl: 0.04237, L_Morse: 0.87065

Weights: [7000.0, 600.0, 0, 50.0, 0.0, 0.1], lr=5.000e-05
Epoch: 0 [5280/10000 (53%)] Loss: 17.58088 = L_Mnfld: 6.99076 + L_NonMnfld: 8.40725 + L_Nrml: 0.00000 + L_Eknl: 2.09232 + L_Div: 0.00000 + L_Morse: 0.09054
Epoch: 0 [5280/10000 (53%)] Unweighted L_s : L_Mnfld: 0.00100,  L_NonMnfld: 0.01401,  L_Nrml: 0.00000,  L_Eknl: 0.04185, L_Morse: 0.90545

Weights: [7000.0, 600.0, 0, 50.0, 0.0, 0.1], lr=5.000e-05
Epoch: 0 [5290/10000 (53%)] Loss: 16.95474 = L_Mnfld: 5.83796 + L_NonMnfld: 8.96538 + L_Nrml: 0.00000 + L_Eknl: 2.05945 + L_Div: 0.00000 + L_Morse: 0.09195
Epoch: 0 [5290/10000 (53%)] Unweighted L_s : L_Mnfld: 0.00083,  L_NonMnfld: 0.01494,  L_Nrml: 0.00000,  L_Eknl: 0.04119, L_Morse: 0.91947

Weights: [7000.0, 600.0, 0, 50.0, 0.0, 0.1], lr=5.000e-05
Epoch: 0 [5300/10000 (53%)] Loss: 17.37254 = L_Mnfld: 6.11811 + L_NonMnfld: 8.96716 + L_Nrml: 0.00000 + L_Eknl: 2.19556 + L_Div: 0.00000 + L_Morse: 0.09172
Epoch: 0 [5300/10000 (53%)] Unweighted L_s : L_Mnfld: 0.00087,  L_NonMnfld: 0.01495,  L_Nrml: 0.00000,  L_Eknl: 0.04391, L_Morse: 0.91720

Weights: [7000.0, 600.0, 0, 50.0, 0.0, 0.1], lr=5.000e-05
Epoch: 0 [5310/10000 (53%)] Loss: 16.75572 = L_Mnfld: 6.83476 + L_NonMnfld: 7.79567 + L_Nrml: 0.00000 + L_Eknl: 2.03570 + L_Div: 0.00000 + L_Morse: 0.08958
Epoch: 0 [5310/10000 (53%)] Unweighted L_s : L_Mnfld: 0.00098,  L_NonMnfld: 0.01299,  L_Nrml: 0.00000,  L_Eknl: 0.04071, L_Morse: 0.89582

Weights: [7000.0, 600.0, 0, 50.0, 0.0, 0.1], lr=5.000e-05
Epoch: 0 [5320/10000 (53%)] Loss: 17.14283 = L_Mnfld: 6.65003 + L_NonMnfld: 8.30206 + L_Nrml: 0.00000 + L_Eknl: 2.10537 + L_Div: 0.00000 + L_Morse: 0.08537
Epoch: 0 [5320/10000 (53%)] Unweighted L_s : L_Mnfld: 0.00095,  L_NonMnfld: 0.01384,  L_Nrml: 0.00000,  L_Eknl: 0.04211, L_Morse: 0.85374

Weights: [7000.0, 600.0, 0, 50.0, 0.0, 0.1], lr=5.000e-05
Epoch: 0 [5330/10000 (53%)] Loss: 16.73437 = L_Mnfld: 6.49605 + L_NonMnfld: 8.17905 + L_Nrml: 0.00000 + L_Eknl: 1.96930 + L_Div: 0.00000 + L_Morse: 0.08998
Epoch: 0 [5330/10000 (53%)] Unweighted L_s : L_Mnfld: 0.00093,  L_NonMnfld: 0.01363,  L_Nrml: 0.00000,  L_Eknl: 0.03939, L_Morse: 0.89979

Weights: [7000.0, 600.0, 0, 50.0, 0.0, 0.1], lr=5.000e-05
Epoch: 0 [5340/10000 (53%)] Loss: 16.51404 = L_Mnfld: 6.42031 + L_NonMnfld: 7.97807 + L_Nrml: 0.00000 + L_Eknl: 2.02563 + L_Div: 0.00000 + L_Morse: 0.09003
Epoch: 0 [5340/10000 (53%)] Unweighted L_s : L_Mnfld: 0.00092,  L_NonMnfld: 0.01330,  L_Nrml: 0.00000,  L_Eknl: 0.04051, L_Morse: 0.90026

Weights: [7000.0, 600.0, 0, 50.0, 0.0, 0.1], lr=5.000e-05
Epoch: 0 [5350/10000 (54%)] Loss: 16.75938 = L_Mnfld: 6.86975 + L_NonMnfld: 7.65143 + L_Nrml: 0.00000 + L_Eknl: 2.14390 + L_Div: 0.00000 + L_Morse: 0.09430
Epoch: 0 [5350/10000 (54%)] Unweighted L_s : L_Mnfld: 0.00098,  L_NonMnfld: 0.01275,  L_Nrml: 0.00000,  L_Eknl: 0.04288, L_Morse: 0.94297

Weights: [7000.0, 600.0, 0, 50.0, 0.0, 0.1], lr=5.000e-05
Epoch: 0 [5360/10000 (54%)] Loss: 17.64057 = L_Mnfld: 6.78164 + L_NonMnfld: 8.68696 + L_Nrml: 0.00000 + L_Eknl: 2.08219 + L_Div: 0.00000 + L_Morse: 0.08978
Epoch: 0 [5360/10000 (54%)] Unweighted L_s : L_Mnfld: 0.00097,  L_NonMnfld: 0.01448,  L_Nrml: 0.00000,  L_Eknl: 0.04164, L_Morse: 0.89778

Weights: [7000.0, 600.0, 0, 50.0, 0.0, 0.1], lr=5.000e-05
Epoch: 0 [5370/10000 (54%)] Loss: 15.84834 = L_Mnfld: 6.37199 + L_NonMnfld: 7.37808 + L_Nrml: 0.00000 + L_Eknl: 2.00847 + L_Div: 0.00000 + L_Morse: 0.08980
Epoch: 0 [5370/10000 (54%)] Unweighted L_s : L_Mnfld: 0.00091,  L_NonMnfld: 0.01230,  L_Nrml: 0.00000,  L_Eknl: 0.04017, L_Morse: 0.89798

Weights: [7000.0, 600.0, 0, 50.0, 0.0, 0.1], lr=5.000e-05
Epoch: 0 [5380/10000 (54%)] Loss: 17.70136 = L_Mnfld: 6.80611 + L_NonMnfld: 8.54787 + L_Nrml: 0.00000 + L_Eknl: 2.25352 + L_Div: 0.00000 + L_Morse: 0.09386
Epoch: 0 [5380/10000 (54%)] Unweighted L_s : L_Mnfld: 0.00097,  L_NonMnfld: 0.01425,  L_Nrml: 0.00000,  L_Eknl: 0.04507, L_Morse: 0.93863

Weights: [7000.0, 600.0, 0, 50.0, 0.0, 0.1], lr=5.000e-05
Epoch: 0 [5390/10000 (54%)] Loss: 16.53522 = L_Mnfld: 6.36353 + L_NonMnfld: 7.97777 + L_Nrml: 0.00000 + L_Eknl: 2.10282 + L_Div: 0.00000 + L_Morse: 0.09110
Epoch: 0 [5390/10000 (54%)] Unweighted L_s : L_Mnfld: 0.00091,  L_NonMnfld: 0.01330,  L_Nrml: 0.00000,  L_Eknl: 0.04206, L_Morse: 0.91098

Weights: [7000.0, 600.0, 0, 50.0, 0.0, 0.1], lr=5.000e-05
Epoch: 0 [5400/10000 (54%)] Loss: 16.91762 = L_Mnfld: 6.52955 + L_NonMnfld: 8.25293 + L_Nrml: 0.00000 + L_Eknl: 2.03852 + L_Div: 0.00000 + L_Morse: 0.09662
Epoch: 0 [5400/10000 (54%)] Unweighted L_s : L_Mnfld: 0.00093,  L_NonMnfld: 0.01375,  L_Nrml: 0.00000,  L_Eknl: 0.04077, L_Morse: 0.96616

Weights: [7000.0, 600.0, 0, 50.0, 0.0, 0.1], lr=5.000e-05
Epoch: 0 [5410/10000 (54%)] Loss: 16.90158 = L_Mnfld: 6.49076 + L_NonMnfld: 8.22255 + L_Nrml: 0.00000 + L_Eknl: 2.09238 + L_Div: 0.00000 + L_Morse: 0.09588
Epoch: 0 [5410/10000 (54%)] Unweighted L_s : L_Mnfld: 0.00093,  L_NonMnfld: 0.01370,  L_Nrml: 0.00000,  L_Eknl: 0.04185, L_Morse: 0.95880

Weights: [7000.0, 600.0, 0, 50.0, 0.0, 0.1], lr=5.000e-05
Epoch: 0 [5420/10000 (54%)] Loss: 16.06492 = L_Mnfld: 6.44968 + L_NonMnfld: 7.46655 + L_Nrml: 0.00000 + L_Eknl: 2.05348 + L_Div: 0.00000 + L_Morse: 0.09521
Epoch: 0 [5420/10000 (54%)] Unweighted L_s : L_Mnfld: 0.00092,  L_NonMnfld: 0.01244,  L_Nrml: 0.00000,  L_Eknl: 0.04107, L_Morse: 0.95211

Weights: [7000.0, 600.0, 0, 50.0, 0.0, 0.1], lr=5.000e-05
Epoch: 0 [5430/10000 (54%)] Loss: 15.33959 = L_Mnfld: 6.11284 + L_NonMnfld: 7.13448 + L_Nrml: 0.00000 + L_Eknl: 2.00143 + L_Div: 0.00000 + L_Morse: 0.09083
Epoch: 0 [5430/10000 (54%)] Unweighted L_s : L_Mnfld: 0.00087,  L_NonMnfld: 0.01189,  L_Nrml: 0.00000,  L_Eknl: 0.04003, L_Morse: 0.90828

Weights: [7000.0, 600.0, 0, 50.0, 0.0, 0.1], lr=5.000e-05
Epoch: 0 [5440/10000 (54%)] Loss: 16.61169 = L_Mnfld: 6.81463 + L_NonMnfld: 7.67557 + L_Nrml: 0.00000 + L_Eknl: 2.02799 + L_Div: 0.00000 + L_Morse: 0.09350
Epoch: 0 [5440/10000 (54%)] Unweighted L_s : L_Mnfld: 0.00097,  L_NonMnfld: 0.01279,  L_Nrml: 0.00000,  L_Eknl: 0.04056, L_Morse: 0.93500

Weights: [7000.0, 600.0, 0, 50.0, 0.0, 0.1], lr=5.000e-05
Epoch: 0 [5450/10000 (54%)] Loss: 16.68365 = L_Mnfld: 6.18876 + L_NonMnfld: 8.47590 + L_Nrml: 0.00000 + L_Eknl: 1.93079 + L_Div: 0.00000 + L_Morse: 0.08819
Epoch: 0 [5450/10000 (54%)] Unweighted L_s : L_Mnfld: 0.00088,  L_NonMnfld: 0.01413,  L_Nrml: 0.00000,  L_Eknl: 0.03862, L_Morse: 0.88193

Weights: [7000.0, 600.0, 0, 50.0, 0.0, 0.1], lr=5.000e-05
Epoch: 0 [5460/10000 (55%)] Loss: 16.60138 = L_Mnfld: 6.25354 + L_NonMnfld: 8.21673 + L_Nrml: 0.00000 + L_Eknl: 2.03618 + L_Div: 0.00000 + L_Morse: 0.09493
Epoch: 0 [5460/10000 (55%)] Unweighted L_s : L_Mnfld: 0.00089,  L_NonMnfld: 0.01369,  L_Nrml: 0.00000,  L_Eknl: 0.04072, L_Morse: 0.94932

Weights: [7000.0, 600.0, 0, 50.0, 0.0, 0.1], lr=5.000e-05
Epoch: 0 [5470/10000 (55%)] Loss: 16.93186 = L_Mnfld: 6.11125 + L_NonMnfld: 8.67867 + L_Nrml: 0.00000 + L_Eknl: 2.04687 + L_Div: 0.00000 + L_Morse: 0.09507
Epoch: 0 [5470/10000 (55%)] Unweighted L_s : L_Mnfld: 0.00087,  L_NonMnfld: 0.01446,  L_Nrml: 0.00000,  L_Eknl: 0.04094, L_Morse: 0.95074

Weights: [7000.0, 600.0, 0, 50.0, 0.0, 0.1], lr=5.000e-05
Epoch: 0 [5480/10000 (55%)] Loss: 16.54772 = L_Mnfld: 6.11972 + L_NonMnfld: 8.37257 + L_Nrml: 0.00000 + L_Eknl: 1.96039 + L_Div: 0.00000 + L_Morse: 0.09504
Epoch: 0 [5480/10000 (55%)] Unweighted L_s : L_Mnfld: 0.00087,  L_NonMnfld: 0.01395,  L_Nrml: 0.00000,  L_Eknl: 0.03921, L_Morse: 0.95036

Weights: [7000.0, 600.0, 0, 50.0, 0.0, 0.1], lr=5.000e-05
Epoch: 0 [5490/10000 (55%)] Loss: 17.09496 = L_Mnfld: 5.72809 + L_NonMnfld: 9.33026 + L_Nrml: 0.00000 + L_Eknl: 1.93946 + L_Div: 0.00000 + L_Morse: 0.09714
Epoch: 0 [5490/10000 (55%)] Unweighted L_s : L_Mnfld: 0.00082,  L_NonMnfld: 0.01555,  L_Nrml: 0.00000,  L_Eknl: 0.03879, L_Morse: 0.97138

Weights: [7000.0, 600.0, 0, 50.0, 0.0, 0.1], lr=5.000e-05
Epoch: 0 [5500/10000 (55%)] Loss: 16.80672 = L_Mnfld: 5.85750 + L_NonMnfld: 8.71918 + L_Nrml: 0.00000 + L_Eknl: 2.13725 + L_Div: 0.00000 + L_Morse: 0.09279
Epoch: 0 [5500/10000 (55%)] Unweighted L_s : L_Mnfld: 0.00084,  L_NonMnfld: 0.01453,  L_Nrml: 0.00000,  L_Eknl: 0.04274, L_Morse: 0.92792

Weights: [7000.0, 600.0, 0, 50.0, 0.0, 0.1], lr=5.000e-05
Epoch: 0 [5510/10000 (55%)] Loss: 17.09284 = L_Mnfld: 6.37720 + L_NonMnfld: 8.65002 + L_Nrml: 0.00000 + L_Eknl: 1.97120 + L_Div: 0.00000 + L_Morse: 0.09442
Epoch: 0 [5510/10000 (55%)] Unweighted L_s : L_Mnfld: 0.00091,  L_NonMnfld: 0.01442,  L_Nrml: 0.00000,  L_Eknl: 0.03942, L_Morse: 0.94424

Weights: [7000.0, 600.0, 0, 50.0, 0.0, 0.1], lr=5.000e-05
Epoch: 0 [5520/10000 (55%)] Loss: 16.62252 = L_Mnfld: 6.37302 + L_NonMnfld: 8.12080 + L_Nrml: 0.00000 + L_Eknl: 2.03754 + L_Div: 0.00000 + L_Morse: 0.09116
Epoch: 0 [5520/10000 (55%)] Unweighted L_s : L_Mnfld: 0.00091,  L_NonMnfld: 0.01353,  L_Nrml: 0.00000,  L_Eknl: 0.04075, L_Morse: 0.91158

Weights: [7000.0, 600.0, 0, 50.0, 0.0, 0.1], lr=5.000e-05
Epoch: 0 [5530/10000 (55%)] Loss: 16.92059 = L_Mnfld: 6.56894 + L_NonMnfld: 8.11429 + L_Nrml: 0.00000 + L_Eknl: 2.14433 + L_Div: 0.00000 + L_Morse: 0.09303
Epoch: 0 [5530/10000 (55%)] Unweighted L_s : L_Mnfld: 0.00094,  L_NonMnfld: 0.01352,  L_Nrml: 0.00000,  L_Eknl: 0.04289, L_Morse: 0.93030

Weights: [7000.0, 600.0, 0, 50.0, 0.0, 0.1], lr=5.000e-05
Epoch: 0 [5540/10000 (55%)] Loss: 17.32195 = L_Mnfld: 6.43314 + L_NonMnfld: 8.60242 + L_Nrml: 0.00000 + L_Eknl: 2.19386 + L_Div: 0.00000 + L_Morse: 0.09252
Epoch: 0 [5540/10000 (55%)] Unweighted L_s : L_Mnfld: 0.00092,  L_NonMnfld: 0.01434,  L_Nrml: 0.00000,  L_Eknl: 0.04388, L_Morse: 0.92520

Weights: [7000.0, 600.0, 0, 50.0, 0.0, 0.1], lr=5.000e-05
Epoch: 0 [5550/10000 (56%)] Loss: 17.07755 = L_Mnfld: 6.19776 + L_NonMnfld: 8.79997 + L_Nrml: 0.00000 + L_Eknl: 1.98778 + L_Div: 0.00000 + L_Morse: 0.09204
Epoch: 0 [5550/10000 (56%)] Unweighted L_s : L_Mnfld: 0.00089,  L_NonMnfld: 0.01467,  L_Nrml: 0.00000,  L_Eknl: 0.03976, L_Morse: 0.92044

Weights: [7000.0, 600.0, 0, 50.0, 0.0, 0.1], lr=5.000e-05
Epoch: 0 [5560/10000 (56%)] Loss: 16.44403 = L_Mnfld: 6.54832 + L_NonMnfld: 7.68394 + L_Nrml: 0.00000 + L_Eknl: 2.11184 + L_Div: 0.00000 + L_Morse: 0.09993
Epoch: 0 [5560/10000 (56%)] Unweighted L_s : L_Mnfld: 0.00094,  L_NonMnfld: 0.01281,  L_Nrml: 0.00000,  L_Eknl: 0.04224, L_Morse: 0.99926

Weights: [7000.0, 600.0, 0, 50.0, 0.0, 0.1], lr=5.000e-05
Epoch: 0 [5570/10000 (56%)] Loss: 16.29418 = L_Mnfld: 6.18284 + L_NonMnfld: 7.90563 + L_Nrml: 0.00000 + L_Eknl: 2.10727 + L_Div: 0.00000 + L_Morse: 0.09845
Epoch: 0 [5570/10000 (56%)] Unweighted L_s : L_Mnfld: 0.00088,  L_NonMnfld: 0.01318,  L_Nrml: 0.00000,  L_Eknl: 0.04215, L_Morse: 0.98446

Weights: [7000.0, 600.0, 0, 50.0, 0.0, 0.1], lr=5.000e-05
Epoch: 0 [5580/10000 (56%)] Loss: 16.02559 = L_Mnfld: 6.24955 + L_NonMnfld: 7.67505 + L_Nrml: 0.00000 + L_Eknl: 2.00529 + L_Div: 0.00000 + L_Morse: 0.09569
Epoch: 0 [5580/10000 (56%)] Unweighted L_s : L_Mnfld: 0.00089,  L_NonMnfld: 0.01279,  L_Nrml: 0.00000,  L_Eknl: 0.04011, L_Morse: 0.95690

Weights: [7000.0, 600.0, 0, 50.0, 0.0, 0.1], lr=5.000e-05
Epoch: 0 [5590/10000 (56%)] Loss: 16.67060 = L_Mnfld: 6.23472 + L_NonMnfld: 8.39212 + L_Nrml: 0.00000 + L_Eknl: 1.95074 + L_Div: 0.00000 + L_Morse: 0.09303
Epoch: 0 [5590/10000 (56%)] Unweighted L_s : L_Mnfld: 0.00089,  L_NonMnfld: 0.01399,  L_Nrml: 0.00000,  L_Eknl: 0.03901, L_Morse: 0.93031

Weights: [7000.0, 600.0, 0, 50.0, 0.0, 0.1], lr=5.000e-05
Epoch: 0 [5600/10000 (56%)] Loss: 16.15641 = L_Mnfld: 6.09569 + L_NonMnfld: 7.93187 + L_Nrml: 0.00000 + L_Eknl: 2.03207 + L_Div: 0.00000 + L_Morse: 0.09678
Epoch: 0 [5600/10000 (56%)] Unweighted L_s : L_Mnfld: 0.00087,  L_NonMnfld: 0.01322,  L_Nrml: 0.00000,  L_Eknl: 0.04064, L_Morse: 0.96783

Weights: [7000.0, 600.0, 0, 50.0, 0.0, 0.1], lr=5.000e-05
Epoch: 0 [5610/10000 (56%)] Loss: 16.26454 = L_Mnfld: 5.90761 + L_NonMnfld: 8.32318 + L_Nrml: 0.00000 + L_Eknl: 1.94021 + L_Div: 0.00000 + L_Morse: 0.09354
Epoch: 0 [5610/10000 (56%)] Unweighted L_s : L_Mnfld: 0.00084,  L_NonMnfld: 0.01387,  L_Nrml: 0.00000,  L_Eknl: 0.03880, L_Morse: 0.93538

Weights: [7000.0, 600.0, 0, 50.0, 0.0, 0.1], lr=5.000e-05
Epoch: 0 [5620/10000 (56%)] Loss: 16.02904 = L_Mnfld: 6.09996 + L_NonMnfld: 7.99207 + L_Nrml: 0.00000 + L_Eknl: 1.84476 + L_Div: 0.00000 + L_Morse: 0.09225
Epoch: 0 [5620/10000 (56%)] Unweighted L_s : L_Mnfld: 0.00087,  L_NonMnfld: 0.01332,  L_Nrml: 0.00000,  L_Eknl: 0.03690, L_Morse: 0.92254

Weights: [7000.0, 600.0, 0, 50.0, 0.0, 0.1], lr=5.000e-05
Epoch: 0 [5630/10000 (56%)] Loss: 16.28793 = L_Mnfld: 5.90250 + L_NonMnfld: 8.32555 + L_Nrml: 0.00000 + L_Eknl: 1.96024 + L_Div: 0.00000 + L_Morse: 0.09964
Epoch: 0 [5630/10000 (56%)] Unweighted L_s : L_Mnfld: 0.00084,  L_NonMnfld: 0.01388,  L_Nrml: 0.00000,  L_Eknl: 0.03920, L_Morse: 0.99643

Weights: [7000.0, 600.0, 0, 50.0, 0.0, 0.1], lr=5.000e-05
Epoch: 0 [5640/10000 (56%)] Loss: 15.50206 = L_Mnfld: 5.84118 + L_NonMnfld: 7.66714 + L_Nrml: 0.00000 + L_Eknl: 1.90057 + L_Div: 0.00000 + L_Morse: 0.09318
Epoch: 0 [5640/10000 (56%)] Unweighted L_s : L_Mnfld: 0.00083,  L_NonMnfld: 0.01278,  L_Nrml: 0.00000,  L_Eknl: 0.03801, L_Morse: 0.93178

Weights: [7000.0, 600.0, 0, 50.0, 0.0, 0.1], lr=5.000e-05
Epoch: 0 [5650/10000 (56%)] Loss: 15.85049 = L_Mnfld: 5.85706 + L_NonMnfld: 7.94623 + L_Nrml: 0.00000 + L_Eknl: 1.95514 + L_Div: 0.00000 + L_Morse: 0.09207
Epoch: 0 [5650/10000 (56%)] Unweighted L_s : L_Mnfld: 0.00084,  L_NonMnfld: 0.01324,  L_Nrml: 0.00000,  L_Eknl: 0.03910, L_Morse: 0.92071

Weights: [7000.0, 600.0, 0, 50.0, 0.0, 0.1], lr=5.000e-05
Epoch: 0 [5660/10000 (57%)] Loss: 15.20337 = L_Mnfld: 5.79182 + L_NonMnfld: 7.37622 + L_Nrml: 0.00000 + L_Eknl: 1.93907 + L_Div: 0.00000 + L_Morse: 0.09626
Epoch: 0 [5660/10000 (57%)] Unweighted L_s : L_Mnfld: 0.00083,  L_NonMnfld: 0.01229,  L_Nrml: 0.00000,  L_Eknl: 0.03878, L_Morse: 0.96256

Weights: [7000.0, 600.0, 0, 50.0, 0.0, 0.1], lr=5.000e-05
Epoch: 0 [5670/10000 (57%)] Loss: 16.13692 = L_Mnfld: 6.04009 + L_NonMnfld: 8.07614 + L_Nrml: 0.00000 + L_Eknl: 1.92510 + L_Div: 0.00000 + L_Morse: 0.09559
Epoch: 0 [5670/10000 (57%)] Unweighted L_s : L_Mnfld: 0.00086,  L_NonMnfld: 0.01346,  L_Nrml: 0.00000,  L_Eknl: 0.03850, L_Morse: 0.95589

Weights: [7000.0, 600.0, 0, 50.0, 0.0, 0.1], lr=5.000e-05
Epoch: 0 [5680/10000 (57%)] Loss: 15.74223 = L_Mnfld: 5.99134 + L_NonMnfld: 7.50661 + L_Nrml: 0.00000 + L_Eknl: 2.14795 + L_Div: 0.00000 + L_Morse: 0.09633
Epoch: 0 [5680/10000 (57%)] Unweighted L_s : L_Mnfld: 0.00086,  L_NonMnfld: 0.01251,  L_Nrml: 0.00000,  L_Eknl: 0.04296, L_Morse: 0.96328

Weights: [7000.0, 600.0, 0, 50.0, 0.0, 0.1], lr=5.000e-05
Epoch: 0 [5690/10000 (57%)] Loss: 16.03369 = L_Mnfld: 6.29752 + L_NonMnfld: 7.58106 + L_Nrml: 0.00000 + L_Eknl: 2.06033 + L_Div: 0.00000 + L_Morse: 0.09478
Epoch: 0 [5690/10000 (57%)] Unweighted L_s : L_Mnfld: 0.00090,  L_NonMnfld: 0.01264,  L_Nrml: 0.00000,  L_Eknl: 0.04121, L_Morse: 0.94783

Weights: [7000.0, 600.0, 0, 50.0, 0.0, 0.1], lr=5.000e-05
Epoch: 0 [5700/10000 (57%)] Loss: 16.94503 = L_Mnfld: 6.69585 + L_NonMnfld: 8.10502 + L_Nrml: 0.00000 + L_Eknl: 2.04625 + L_Div: 0.00000 + L_Morse: 0.09791
Epoch: 0 [5700/10000 (57%)] Unweighted L_s : L_Mnfld: 0.00096,  L_NonMnfld: 0.01351,  L_Nrml: 0.00000,  L_Eknl: 0.04092, L_Morse: 0.97909

Weights: [7000.0, 600.0, 0, 50.0, 0.0, 0.1], lr=5.000e-05
Epoch: 0 [5710/10000 (57%)] Loss: 16.48153 = L_Mnfld: 6.50406 + L_NonMnfld: 7.94057 + L_Nrml: 0.00000 + L_Eknl: 1.94268 + L_Div: 0.00000 + L_Morse: 0.09422
Epoch: 0 [5710/10000 (57%)] Unweighted L_s : L_Mnfld: 0.00093,  L_NonMnfld: 0.01323,  L_Nrml: 0.00000,  L_Eknl: 0.03885, L_Morse: 0.94219

Weights: [7000.0, 600.0, 0, 50.0, 0.0, 0.1], lr=5.000e-05
Epoch: 0 [5720/10000 (57%)] Loss: 16.56395 = L_Mnfld: 6.62259 + L_NonMnfld: 7.71707 + L_Nrml: 0.00000 + L_Eknl: 2.12717 + L_Div: 0.00000 + L_Morse: 0.09711
Epoch: 0 [5720/10000 (57%)] Unweighted L_s : L_Mnfld: 0.00095,  L_NonMnfld: 0.01286,  L_Nrml: 0.00000,  L_Eknl: 0.04254, L_Morse: 0.97115

Weights: [7000.0, 600.0, 0, 50.0, 0.0, 0.1], lr=5.000e-05
Epoch: 0 [5730/10000 (57%)] Loss: 17.23662 = L_Mnfld: 6.75454 + L_NonMnfld: 8.42140 + L_Nrml: 0.00000 + L_Eknl: 1.96608 + L_Div: 0.00000 + L_Morse: 0.09460
Epoch: 0 [5730/10000 (57%)] Unweighted L_s : L_Mnfld: 0.00096,  L_NonMnfld: 0.01404,  L_Nrml: 0.00000,  L_Eknl: 0.03932, L_Morse: 0.94602

Weights: [7000.0, 600.0, 0, 50.0, 0.0, 0.1], lr=5.000e-05
Epoch: 0 [5740/10000 (57%)] Loss: 15.65880 = L_Mnfld: 6.11750 + L_NonMnfld: 7.38632 + L_Nrml: 0.00000 + L_Eknl: 2.04988 + L_Div: 0.00000 + L_Morse: 0.10511
Epoch: 0 [5740/10000 (57%)] Unweighted L_s : L_Mnfld: 0.00087,  L_NonMnfld: 0.01231,  L_Nrml: 0.00000,  L_Eknl: 0.04100, L_Morse: 1.05107

Weights: [7000.0, 600.0, 0, 50.0, 0.0, 0.1], lr=5.000e-05
Epoch: 0 [5750/10000 (58%)] Loss: 15.41096 = L_Mnfld: 5.76517 + L_NonMnfld: 7.57107 + L_Nrml: 0.00000 + L_Eknl: 1.97937 + L_Div: 0.00000 + L_Morse: 0.09535
Epoch: 0 [5750/10000 (58%)] Unweighted L_s : L_Mnfld: 0.00082,  L_NonMnfld: 0.01262,  L_Nrml: 0.00000,  L_Eknl: 0.03959, L_Morse: 0.95347

Weights: [7000.0, 600.0, 0, 50.0, 0.0, 0.1], lr=5.000e-05
Epoch: 0 [5760/10000 (58%)] Loss: 15.13848 = L_Mnfld: 6.05562 + L_NonMnfld: 7.01615 + L_Nrml: 0.00000 + L_Eknl: 1.96710 + L_Div: 0.00000 + L_Morse: 0.09962
Epoch: 0 [5760/10000 (58%)] Unweighted L_s : L_Mnfld: 0.00087,  L_NonMnfld: 0.01169,  L_Nrml: 0.00000,  L_Eknl: 0.03934, L_Morse: 0.99616

Weights: [7000.0, 600.0, 0, 50.0, 0.0, 0.1], lr=5.000e-05
Epoch: 0 [5770/10000 (58%)] Loss: 16.28925 = L_Mnfld: 6.22096 + L_NonMnfld: 8.07096 + L_Nrml: 0.00000 + L_Eknl: 1.89962 + L_Div: 0.00000 + L_Morse: 0.09771
Epoch: 0 [5770/10000 (58%)] Unweighted L_s : L_Mnfld: 0.00089,  L_NonMnfld: 0.01345,  L_Nrml: 0.00000,  L_Eknl: 0.03799, L_Morse: 0.97709

Weights: [7000.0, 600.0, 0, 50.0, 0.0, 0.1], lr=5.000e-05
Epoch: 0 [5780/10000 (58%)] Loss: 15.99743 = L_Mnfld: 5.92225 + L_NonMnfld: 8.05763 + L_Nrml: 0.00000 + L_Eknl: 1.92323 + L_Div: 0.00000 + L_Morse: 0.09431
Epoch: 0 [5780/10000 (58%)] Unweighted L_s : L_Mnfld: 0.00085,  L_NonMnfld: 0.01343,  L_Nrml: 0.00000,  L_Eknl: 0.03846, L_Morse: 0.94314

Weights: [7000.0, 600.0, 0, 50.0, 0.0, 0.1], lr=5.000e-05
Epoch: 0 [5790/10000 (58%)] Loss: 15.98357 = L_Mnfld: 5.86987 + L_NonMnfld: 8.04937 + L_Nrml: 0.00000 + L_Eknl: 1.96145 + L_Div: 0.00000 + L_Morse: 0.10287
Epoch: 0 [5790/10000 (58%)] Unweighted L_s : L_Mnfld: 0.00084,  L_NonMnfld: 0.01342,  L_Nrml: 0.00000,  L_Eknl: 0.03923, L_Morse: 1.02874

Weights: [7000.0, 600.0, 0, 50.0, 0.0, 0.1], lr=5.000e-05
Epoch: 0 [5800/10000 (58%)] Loss: 16.36837 = L_Mnfld: 5.99367 + L_NonMnfld: 8.34912 + L_Nrml: 0.00000 + L_Eknl: 1.93021 + L_Div: 0.00000 + L_Morse: 0.09538
Epoch: 0 [5800/10000 (58%)] Unweighted L_s : L_Mnfld: 0.00086,  L_NonMnfld: 0.01392,  L_Nrml: 0.00000,  L_Eknl: 0.03860, L_Morse: 0.95382

Weights: [7000.0, 600.0, 0, 50.0, 0.0, 0.1], lr=5.000e-05
Epoch: 0 [5810/10000 (58%)] Loss: 16.45395 = L_Mnfld: 6.40462 + L_NonMnfld: 7.91809 + L_Nrml: 0.00000 + L_Eknl: 2.03427 + L_Div: 0.00000 + L_Morse: 0.09697
Epoch: 0 [5810/10000 (58%)] Unweighted L_s : L_Mnfld: 0.00091,  L_NonMnfld: 0.01320,  L_Nrml: 0.00000,  L_Eknl: 0.04069, L_Morse: 0.96971

Weights: [7000.0, 600.0, 0, 50.0, 0.0, 0.1], lr=5.000e-05
Epoch: 0 [5820/10000 (58%)] Loss: 16.01904 = L_Mnfld: 5.91531 + L_NonMnfld: 7.94422 + L_Nrml: 0.00000 + L_Eknl: 2.05885 + L_Div: 0.00000 + L_Morse: 0.10067
Epoch: 0 [5820/10000 (58%)] Unweighted L_s : L_Mnfld: 0.00085,  L_NonMnfld: 0.01324,  L_Nrml: 0.00000,  L_Eknl: 0.04118, L_Morse: 1.00671

Weights: [7000.0, 600.0, 0, 50.0, 0.0, 0.1], lr=5.000e-05
Epoch: 0 [5830/10000 (58%)] Loss: 15.29736 = L_Mnfld: 6.07046 + L_NonMnfld: 7.11781 + L_Nrml: 0.00000 + L_Eknl: 2.00953 + L_Div: 0.00000 + L_Morse: 0.09956
Epoch: 0 [5830/10000 (58%)] Unweighted L_s : L_Mnfld: 0.00087,  L_NonMnfld: 0.01186,  L_Nrml: 0.00000,  L_Eknl: 0.04019, L_Morse: 0.99557

Weights: [7000.0, 600.0, 0, 50.0, 0.0, 0.1], lr=5.000e-05
Epoch: 0 [5840/10000 (58%)] Loss: 17.67376 = L_Mnfld: 7.28945 + L_NonMnfld: 8.26061 + L_Nrml: 0.00000 + L_Eknl: 2.02434 + L_Div: 0.00000 + L_Morse: 0.09936
Epoch: 0 [5840/10000 (58%)] Unweighted L_s : L_Mnfld: 0.00104,  L_NonMnfld: 0.01377,  L_Nrml: 0.00000,  L_Eknl: 0.04049, L_Morse: 0.99364

Weights: [7000.0, 600.0, 0, 50.0, 0.0, 0.1], lr=5.000e-05
Epoch: 0 [5850/10000 (58%)] Loss: 16.55067 = L_Mnfld: 6.37389 + L_NonMnfld: 8.09985 + L_Nrml: 0.00000 + L_Eknl: 1.97779 + L_Div: 0.00000 + L_Morse: 0.09913
Epoch: 0 [5850/10000 (58%)] Unweighted L_s : L_Mnfld: 0.00091,  L_NonMnfld: 0.01350,  L_Nrml: 0.00000,  L_Eknl: 0.03956, L_Morse: 0.99132

Weights: [7000.0, 600.0, 0, 50.0, 0.0, 0.1], lr=5.000e-05
Epoch: 0 [5860/10000 (59%)] Loss: 17.74216 = L_Mnfld: 6.69636 + L_NonMnfld: 8.96310 + L_Nrml: 0.00000 + L_Eknl: 1.98646 + L_Div: 0.00000 + L_Morse: 0.09624
Epoch: 0 [5860/10000 (59%)] Unweighted L_s : L_Mnfld: 0.00096,  L_NonMnfld: 0.01494,  L_Nrml: 0.00000,  L_Eknl: 0.03973, L_Morse: 0.96245

Weights: [7000.0, 600.0, 0, 50.0, 0.0, 0.1], lr=5.000e-05
Epoch: 0 [5870/10000 (59%)] Loss: 16.95688 = L_Mnfld: 6.62109 + L_NonMnfld: 8.29408 + L_Nrml: 0.00000 + L_Eknl: 1.94493 + L_Div: 0.00000 + L_Morse: 0.09677
Epoch: 0 [5870/10000 (59%)] Unweighted L_s : L_Mnfld: 0.00095,  L_NonMnfld: 0.01382,  L_Nrml: 0.00000,  L_Eknl: 0.03890, L_Morse: 0.96772

Weights: [7000.0, 600.0, 0, 50.0, 0.0, 0.1], lr=5.000e-05
Epoch: 0 [5880/10000 (59%)] Loss: 15.96790 = L_Mnfld: 5.82515 + L_NonMnfld: 8.03006 + L_Nrml: 0.00000 + L_Eknl: 2.01060 + L_Div: 0.00000 + L_Morse: 0.10208
Epoch: 0 [5880/10000 (59%)] Unweighted L_s : L_Mnfld: 0.00083,  L_NonMnfld: 0.01338,  L_Nrml: 0.00000,  L_Eknl: 0.04021, L_Morse: 1.02085

Weights: [7000.0, 600.0, 0, 50.0, 0.0, 0.1], lr=5.000e-05
Epoch: 0 [5890/10000 (59%)] Loss: 16.46612 = L_Mnfld: 6.59449 + L_NonMnfld: 7.86287 + L_Nrml: 0.00000 + L_Eknl: 1.90673 + L_Div: 0.00000 + L_Morse: 0.10202
Epoch: 0 [5890/10000 (59%)] Unweighted L_s : L_Mnfld: 0.00094,  L_NonMnfld: 0.01310,  L_Nrml: 0.00000,  L_Eknl: 0.03813, L_Morse: 1.02022

Weights: [7000.0, 600.0, 0, 50.0, 0.0, 0.1], lr=5.000e-05
Epoch: 0 [5900/10000 (59%)] Loss: 16.38565 = L_Mnfld: 6.32160 + L_NonMnfld: 7.98059 + L_Nrml: 0.00000 + L_Eknl: 1.98986 + L_Div: 0.00000 + L_Morse: 0.09360
Epoch: 0 [5900/10000 (59%)] Unweighted L_s : L_Mnfld: 0.00090,  L_NonMnfld: 0.01330,  L_Nrml: 0.00000,  L_Eknl: 0.03980, L_Morse: 0.93604

Weights: [7000.0, 600.0, 0, 50.0, 0.0, 0.1], lr=5.000e-05
Epoch: 0 [5910/10000 (59%)] Loss: 17.37842 = L_Mnfld: 6.69995 + L_NonMnfld: 8.59297 + L_Nrml: 0.00000 + L_Eknl: 1.98997 + L_Div: 0.00000 + L_Morse: 0.09554
Epoch: 0 [5910/10000 (59%)] Unweighted L_s : L_Mnfld: 0.00096,  L_NonMnfld: 0.01432,  L_Nrml: 0.00000,  L_Eknl: 0.03980, L_Morse: 0.95544

Weights: [7000.0, 600.0, 0, 50.0, 0.0, 0.1], lr=5.000e-05
Epoch: 0 [5920/10000 (59%)] Loss: 17.17884 = L_Mnfld: 6.95518 + L_NonMnfld: 8.06902 + L_Nrml: 0.00000 + L_Eknl: 2.06009 + L_Div: 0.00000 + L_Morse: 0.09455
Epoch: 0 [5920/10000 (59%)] Unweighted L_s : L_Mnfld: 0.00099,  L_NonMnfld: 0.01345,  L_Nrml: 0.00000,  L_Eknl: 0.04120, L_Morse: 0.94554

Weights: [7000.0, 600.0, 0, 50.0, 0.0, 0.1], lr=5.000e-05
Epoch: 0 [5930/10000 (59%)] Loss: 15.68941 = L_Mnfld: 5.62386 + L_NonMnfld: 8.09108 + L_Nrml: 0.00000 + L_Eknl: 1.87642 + L_Div: 0.00000 + L_Morse: 0.09804
Epoch: 0 [5930/10000 (59%)] Unweighted L_s : L_Mnfld: 0.00080,  L_NonMnfld: 0.01349,  L_Nrml: 0.00000,  L_Eknl: 0.03753, L_Morse: 0.98043

Weights: [7000.0, 600.0, 0, 50.0, 0.0, 0.1], lr=5.000e-05
Epoch: 0 [5940/10000 (59%)] Loss: 15.20476 = L_Mnfld: 6.24172 + L_NonMnfld: 6.92179 + L_Nrml: 0.00000 + L_Eknl: 1.94304 + L_Div: 0.00000 + L_Morse: 0.09821
Epoch: 0 [5940/10000 (59%)] Unweighted L_s : L_Mnfld: 0.00089,  L_NonMnfld: 0.01154,  L_Nrml: 0.00000,  L_Eknl: 0.03886, L_Morse: 0.98210

Weights: [7000.0, 600.0, 0, 50.0, 0.0, 0.1], lr=5.000e-05
Epoch: 0 [5950/10000 (60%)] Loss: 16.37431 = L_Mnfld: 6.32501 + L_NonMnfld: 7.97746 + L_Nrml: 0.00000 + L_Eknl: 1.97470 + L_Div: 0.00000 + L_Morse: 0.09714
Epoch: 0 [5950/10000 (60%)] Unweighted L_s : L_Mnfld: 0.00090,  L_NonMnfld: 0.01330,  L_Nrml: 0.00000,  L_Eknl: 0.03949, L_Morse: 0.97143

Weights: [7000.0, 600.0, 0, 50.0, 0.0, 0.1], lr=5.000e-05
Epoch: 0 [5960/10000 (60%)] Loss: 14.61453 = L_Mnfld: 5.84632 + L_NonMnfld: 6.75857 + L_Nrml: 0.00000 + L_Eknl: 1.91127 + L_Div: 0.00000 + L_Morse: 0.09837
Epoch: 0 [5960/10000 (60%)] Unweighted L_s : L_Mnfld: 0.00084,  L_NonMnfld: 0.01126,  L_Nrml: 0.00000,  L_Eknl: 0.03823, L_Morse: 0.98373

Weights: [7000.0, 600.0, 0, 50.0, 0.0, 0.1], lr=5.000e-05
Epoch: 0 [5970/10000 (60%)] Loss: 16.71566 = L_Mnfld: 6.02771 + L_NonMnfld: 8.49567 + L_Nrml: 0.00000 + L_Eknl: 2.09214 + L_Div: 0.00000 + L_Morse: 0.10014
Epoch: 0 [5970/10000 (60%)] Unweighted L_s : L_Mnfld: 0.00086,  L_NonMnfld: 0.01416,  L_Nrml: 0.00000,  L_Eknl: 0.04184, L_Morse: 1.00137

Weights: [7000.0, 600.0, 0, 50.0, 0.0, 0.1], lr=5.000e-05
Epoch: 0 [5980/10000 (60%)] Loss: 16.06184 = L_Mnfld: 5.90371 + L_NonMnfld: 8.10614 + L_Nrml: 0.00000 + L_Eknl: 1.94977 + L_Div: 0.00000 + L_Morse: 0.10221
Epoch: 0 [5980/10000 (60%)] Unweighted L_s : L_Mnfld: 0.00084,  L_NonMnfld: 0.01351,  L_Nrml: 0.00000,  L_Eknl: 0.03900, L_Morse: 1.02213

Weights: [7000.0, 600.0, 0, 50.0, 0.0, 0.1], lr=5.000e-05
Epoch: 0 [5990/10000 (60%)] Loss: 15.93753 = L_Mnfld: 5.88587 + L_NonMnfld: 8.00702 + L_Nrml: 0.00000 + L_Eknl: 1.94320 + L_Div: 0.00000 + L_Morse: 0.10143
Epoch: 0 [5990/10000 (60%)] Unweighted L_s : L_Mnfld: 0.00084,  L_NonMnfld: 0.01335,  L_Nrml: 0.00000,  L_Eknl: 0.03886, L_Morse: 1.01432

Weights: [7000.0, 600.0, 0, 50.0, 0.0, 0.1], lr=5.000e-05
Epoch: 0 [6000/10000 (60%)] Loss: 15.74666 = L_Mnfld: 6.10476 + L_NonMnfld: 7.71044 + L_Nrml: 0.00000 + L_Eknl: 1.83519 + L_Div: 0.00000 + L_Morse: 0.09628
Epoch: 0 [6000/10000 (60%)] Unweighted L_s : L_Mnfld: 0.00087,  L_NonMnfld: 0.01285,  L_Nrml: 0.00000,  L_Eknl: 0.03670, L_Morse: 0.96281

Weights: [7000.0, 600.0, 0, 50.0, 0.0, 0.1], lr=5.000e-05
Epoch: 0 [6010/10000 (60%)] Loss: 15.49527 = L_Mnfld: 5.74274 + L_NonMnfld: 7.76268 + L_Nrml: 0.00000 + L_Eknl: 1.88808 + L_Div: 0.00000 + L_Morse: 0.10176
Epoch: 0 [6010/10000 (60%)] Unweighted L_s : L_Mnfld: 0.00082,  L_NonMnfld: 0.01294,  L_Nrml: 0.00000,  L_Eknl: 0.03776, L_Morse: 1.01761

Weights: [7000.0, 600.0, 0, 50.0, 0.0, 0.1], lr=5.000e-05
Epoch: 0 [6020/10000 (60%)] Loss: 16.21070 = L_Mnfld: 5.94187 + L_NonMnfld: 8.31727 + L_Nrml: 0.00000 + L_Eknl: 1.85265 + L_Div: 0.00000 + L_Morse: 0.09891
Epoch: 0 [6020/10000 (60%)] Unweighted L_s : L_Mnfld: 0.00085,  L_NonMnfld: 0.01386,  L_Nrml: 0.00000,  L_Eknl: 0.03705, L_Morse: 0.98909

Weights: [7000.0, 600.0, 0, 50.0, 0.0, 0.1], lr=5.000e-05
Epoch: 0 [6030/10000 (60%)] Loss: 15.94645 = L_Mnfld: 5.65190 + L_NonMnfld: 8.23763 + L_Nrml: 0.00000 + L_Eknl: 1.95553 + L_Div: 0.00000 + L_Morse: 0.10139
Epoch: 0 [6030/10000 (60%)] Unweighted L_s : L_Mnfld: 0.00081,  L_NonMnfld: 0.01373,  L_Nrml: 0.00000,  L_Eknl: 0.03911, L_Morse: 1.01385

Weights: [7000.0, 600.0, 0, 50.0, 0.0, 0.1], lr=5.000e-05
Epoch: 0 [6040/10000 (60%)] Loss: 16.01438 = L_Mnfld: 5.83371 + L_NonMnfld: 7.96320 + L_Nrml: 0.00000 + L_Eknl: 2.11565 + L_Div: 0.00000 + L_Morse: 0.10182
Epoch: 0 [6040/10000 (60%)] Unweighted L_s : L_Mnfld: 0.00083,  L_NonMnfld: 0.01327,  L_Nrml: 0.00000,  L_Eknl: 0.04231, L_Morse: 1.01824

Weights: [7000.0, 600.0, 0, 50.0, 0.0, 0.1], lr=5.000e-05
Epoch: 0 [6050/10000 (60%)] Loss: 15.50301 = L_Mnfld: 5.85712 + L_NonMnfld: 7.64248 + L_Nrml: 0.00000 + L_Eknl: 1.90612 + L_Div: 0.00000 + L_Morse: 0.09729
Epoch: 0 [6050/10000 (60%)] Unweighted L_s : L_Mnfld: 0.00084,  L_NonMnfld: 0.01274,  L_Nrml: 0.00000,  L_Eknl: 0.03812, L_Morse: 0.97289

Weights: [7000.0, 600.0, 0, 50.0, 0.0, 0.1], lr=5.000e-05
Epoch: 0 [6060/10000 (61%)] Loss: 16.63219 = L_Mnfld: 5.90649 + L_NonMnfld: 8.61271 + L_Nrml: 0.00000 + L_Eknl: 2.01516 + L_Div: 0.00000 + L_Morse: 0.09784
Epoch: 0 [6060/10000 (61%)] Unweighted L_s : L_Mnfld: 0.00084,  L_NonMnfld: 0.01435,  L_Nrml: 0.00000,  L_Eknl: 0.04030, L_Morse: 0.97838

Weights: [7000.0, 600.0, 0, 50.0, 0.0, 0.1], lr=5.000e-05
Epoch: 0 [6070/10000 (61%)] Loss: 15.83195 = L_Mnfld: 6.06162 + L_NonMnfld: 7.80442 + L_Nrml: 0.00000 + L_Eknl: 1.86795 + L_Div: 0.00000 + L_Morse: 0.09796
Epoch: 0 [6070/10000 (61%)] Unweighted L_s : L_Mnfld: 0.00087,  L_NonMnfld: 0.01301,  L_Nrml: 0.00000,  L_Eknl: 0.03736, L_Morse: 0.97962

Weights: [7000.0, 600.0, 0, 50.0, 0.0, 0.1], lr=5.000e-05
Epoch: 0 [6080/10000 (61%)] Loss: 15.81861 = L_Mnfld: 5.67641 + L_NonMnfld: 8.14993 + L_Nrml: 0.00000 + L_Eknl: 1.88994 + L_Div: 0.00000 + L_Morse: 0.10233
Epoch: 0 [6080/10000 (61%)] Unweighted L_s : L_Mnfld: 0.00081,  L_NonMnfld: 0.01358,  L_Nrml: 0.00000,  L_Eknl: 0.03780, L_Morse: 1.02333

Weights: [7000.0, 600.0, 0, 50.0, 0.0, 0.1], lr=5.000e-05
Epoch: 0 [6090/10000 (61%)] Loss: 16.27707 = L_Mnfld: 6.39479 + L_NonMnfld: 7.97157 + L_Nrml: 0.00000 + L_Eknl: 1.80862 + L_Div: 0.00000 + L_Morse: 0.10209
Epoch: 0 [6090/10000 (61%)] Unweighted L_s : L_Mnfld: 0.00091,  L_NonMnfld: 0.01329,  L_Nrml: 0.00000,  L_Eknl: 0.03617, L_Morse: 1.02087

Weights: [7000.0, 600.0, 0, 50.0, 0.0, 0.1], lr=5.000e-05
Epoch: 0 [6100/10000 (61%)] Loss: 17.63331 = L_Mnfld: 6.61303 + L_NonMnfld: 8.94874 + L_Nrml: 0.00000 + L_Eknl: 1.97189 + L_Div: 0.00000 + L_Morse: 0.09965
Epoch: 0 [6100/10000 (61%)] Unweighted L_s : L_Mnfld: 0.00094,  L_NonMnfld: 0.01491,  L_Nrml: 0.00000,  L_Eknl: 0.03944, L_Morse: 0.99653

Weights: [7000.0, 600.0, 0, 50.0, 0.0, 0.1], lr=5.000e-05
Epoch: 0 [6110/10000 (61%)] Loss: 16.49850 = L_Mnfld: 5.93170 + L_NonMnfld: 8.64661 + L_Nrml: 0.00000 + L_Eknl: 1.82300 + L_Div: 0.00000 + L_Morse: 0.09719
Epoch: 0 [6110/10000 (61%)] Unweighted L_s : L_Mnfld: 0.00085,  L_NonMnfld: 0.01441,  L_Nrml: 0.00000,  L_Eknl: 0.03646, L_Morse: 0.97192

Weights: [7000.0, 600.0, 0, 50.0, 0.0, 0.1], lr=5.000e-05
Epoch: 0 [6120/10000 (61%)] Loss: 16.19291 = L_Mnfld: 6.27553 + L_NonMnfld: 7.99390 + L_Nrml: 0.00000 + L_Eknl: 1.82684 + L_Div: 0.00000 + L_Morse: 0.09664
Epoch: 0 [6120/10000 (61%)] Unweighted L_s : L_Mnfld: 0.00090,  L_NonMnfld: 0.01332,  L_Nrml: 0.00000,  L_Eknl: 0.03654, L_Morse: 0.96639

Weights: [7000.0, 600.0, 0, 50.0, 0.0, 0.1], lr=5.000e-05
Epoch: 0 [6130/10000 (61%)] Loss: 16.16441 = L_Mnfld: 5.90786 + L_NonMnfld: 8.28900 + L_Nrml: 0.00000 + L_Eknl: 1.86675 + L_Div: 0.00000 + L_Morse: 0.10081
Epoch: 0 [6130/10000 (61%)] Unweighted L_s : L_Mnfld: 0.00084,  L_NonMnfld: 0.01381,  L_Nrml: 0.00000,  L_Eknl: 0.03734, L_Morse: 1.00808

Weights: [7000.0, 600.0, 0, 50.0, 0.0, 0.1], lr=5.000e-05
Epoch: 0 [6140/10000 (61%)] Loss: 16.10106 = L_Mnfld: 5.59827 + L_NonMnfld: 8.54968 + L_Nrml: 0.00000 + L_Eknl: 1.85240 + L_Div: 0.00000 + L_Morse: 0.10071
Epoch: 0 [6140/10000 (61%)] Unweighted L_s : L_Mnfld: 0.00080,  L_NonMnfld: 0.01425,  L_Nrml: 0.00000,  L_Eknl: 0.03705, L_Morse: 1.00712

Weights: [7000.0, 600.0, 0, 50.0, 0.0, 0.1], lr=5.000e-05
Epoch: 0 [6150/10000 (62%)] Loss: 16.44553 = L_Mnfld: 6.10789 + L_NonMnfld: 8.28301 + L_Nrml: 0.00000 + L_Eknl: 1.95065 + L_Div: 0.00000 + L_Morse: 0.10398
Epoch: 0 [6150/10000 (62%)] Unweighted L_s : L_Mnfld: 0.00087,  L_NonMnfld: 0.01381,  L_Nrml: 0.00000,  L_Eknl: 0.03901, L_Morse: 1.03978

Weights: [7000.0, 600.0, 0, 50.0, 0.0, 0.1], lr=5.000e-05
Epoch: 0 [6160/10000 (62%)] Loss: 16.84523 = L_Mnfld: 5.93381 + L_NonMnfld: 8.92780 + L_Nrml: 0.00000 + L_Eknl: 1.88531 + L_Div: 0.00000 + L_Morse: 0.09831
Epoch: 0 [6160/10000 (62%)] Unweighted L_s : L_Mnfld: 0.00085,  L_NonMnfld: 0.01488,  L_Nrml: 0.00000,  L_Eknl: 0.03771, L_Morse: 0.98308

Weights: [7000.0, 600.0, 0, 50.0, 0.0, 0.1], lr=5.000e-05
Epoch: 0 [6170/10000 (62%)] Loss: 16.52046 = L_Mnfld: 6.14973 + L_NonMnfld: 8.11060 + L_Nrml: 0.00000 + L_Eknl: 2.15535 + L_Div: 0.00000 + L_Morse: 0.10479
Epoch: 0 [6170/10000 (62%)] Unweighted L_s : L_Mnfld: 0.00088,  L_NonMnfld: 0.01352,  L_Nrml: 0.00000,  L_Eknl: 0.04311, L_Morse: 1.04785

Weights: [7000.0, 600.0, 0, 50.0, 0.0, 0.1], lr=5.000e-05
Epoch: 0 [6180/10000 (62%)] Loss: 17.01253 = L_Mnfld: 6.68258 + L_NonMnfld: 8.13855 + L_Nrml: 0.00000 + L_Eknl: 2.09099 + L_Div: 0.00000 + L_Morse: 0.10040
Epoch: 0 [6180/10000 (62%)] Unweighted L_s : L_Mnfld: 0.00095,  L_NonMnfld: 0.01356,  L_Nrml: 0.00000,  L_Eknl: 0.04182, L_Morse: 1.00404

Weights: [7000.0, 600.0, 0, 50.0, 0.0, 0.1], lr=5.000e-05
Epoch: 0 [6190/10000 (62%)] Loss: 18.01585 = L_Mnfld: 6.90615 + L_NonMnfld: 9.00850 + L_Nrml: 0.00000 + L_Eknl: 2.00261 + L_Div: 0.00000 + L_Morse: 0.09860
Epoch: 0 [6190/10000 (62%)] Unweighted L_s : L_Mnfld: 0.00099,  L_NonMnfld: 0.01501,  L_Nrml: 0.00000,  L_Eknl: 0.04005, L_Morse: 0.98596

Weights: [7000.0, 600.0, 0, 50.0, 0.0, 0.1], lr=5.000e-05
Epoch: 0 [6200/10000 (62%)] Loss: 16.38698 = L_Mnfld: 6.04465 + L_NonMnfld: 8.31132 + L_Nrml: 0.00000 + L_Eknl: 1.93167 + L_Div: 0.00000 + L_Morse: 0.09934
Epoch: 0 [6200/10000 (62%)] Unweighted L_s : L_Mnfld: 0.00086,  L_NonMnfld: 0.01385,  L_Nrml: 0.00000,  L_Eknl: 0.03863, L_Morse: 0.99336

Weights: [7000.0, 600.0, 0, 50.0, 0.0, 0.1], lr=5.000e-05
Epoch: 0 [6210/10000 (62%)] Loss: 18.21750 = L_Mnfld: 7.18574 + L_NonMnfld: 8.81080 + L_Nrml: 0.00000 + L_Eknl: 2.12058 + L_Div: 0.00000 + L_Morse: 0.10037
Epoch: 0 [6210/10000 (62%)] Unweighted L_s : L_Mnfld: 0.00103,  L_NonMnfld: 0.01468,  L_Nrml: 0.00000,  L_Eknl: 0.04241, L_Morse: 1.00370

Weights: [7000.0, 600.0, 0, 50.0, 0.0, 0.1], lr=5.000e-05
Epoch: 0 [6220/10000 (62%)] Loss: 17.24764 = L_Mnfld: 7.39795 + L_NonMnfld: 7.74744 + L_Nrml: 0.00000 + L_Eknl: 2.00113 + L_Div: 0.00000 + L_Morse: 0.10112
Epoch: 0 [6220/10000 (62%)] Unweighted L_s : L_Mnfld: 0.00106,  L_NonMnfld: 0.01291,  L_Nrml: 0.00000,  L_Eknl: 0.04002, L_Morse: 1.01125

Weights: [7000.0, 600.0, 0, 50.0, 0.0, 0.1], lr=5.000e-05
Epoch: 0 [6230/10000 (62%)] Loss: 18.50844 = L_Mnfld: 7.02930 + L_NonMnfld: 9.22573 + L_Nrml: 0.00000 + L_Eknl: 2.15394 + L_Div: 0.00000 + L_Morse: 0.09947
Epoch: 0 [6230/10000 (62%)] Unweighted L_s : L_Mnfld: 0.00100,  L_NonMnfld: 0.01538,  L_Nrml: 0.00000,  L_Eknl: 0.04308, L_Morse: 0.99472

Weights: [7000.0, 600.0, 0, 50.0, 0.0, 0.1], lr=5.000e-05
Epoch: 0 [6240/10000 (62%)] Loss: 18.81424 = L_Mnfld: 7.62895 + L_NonMnfld: 8.79219 + L_Nrml: 0.00000 + L_Eknl: 2.28957 + L_Div: 0.00000 + L_Morse: 0.10353
Epoch: 0 [6240/10000 (62%)] Unweighted L_s : L_Mnfld: 0.00109,  L_NonMnfld: 0.01465,  L_Nrml: 0.00000,  L_Eknl: 0.04579, L_Morse: 1.03534

Weights: [7000.0, 600.0, 0, 50.0, 0.0, 0.1], lr=5.000e-05
Epoch: 0 [6250/10000 (62%)] Loss: 17.11241 = L_Mnfld: 6.96545 + L_NonMnfld: 7.78393 + L_Nrml: 0.00000 + L_Eknl: 2.26515 + L_Div: 0.00000 + L_Morse: 0.09788
Epoch: 0 [6250/10000 (62%)] Unweighted L_s : L_Mnfld: 0.00100,  L_NonMnfld: 0.01297,  L_Nrml: 0.00000,  L_Eknl: 0.04530, L_Morse: 0.97883

Weights: [7000.0, 600.0, 0, 50.0, 0.0, 0.1], lr=5.000e-05
Epoch: 0 [6260/10000 (63%)] Loss: 16.39660 = L_Mnfld: 6.35671 + L_NonMnfld: 7.55920 + L_Nrml: 0.00000 + L_Eknl: 2.37093 + L_Div: 0.00000 + L_Morse: 0.10977
Epoch: 0 [6260/10000 (63%)] Unweighted L_s : L_Mnfld: 0.00091,  L_NonMnfld: 0.01260,  L_Nrml: 0.00000,  L_Eknl: 0.04742, L_Morse: 1.09770

Weights: [7000.0, 600.0, 0, 50.0, 0.0, 0.1], lr=5.000e-05
Epoch: 0 [6270/10000 (63%)] Loss: 17.39747 = L_Mnfld: 6.85136 + L_NonMnfld: 8.27871 + L_Nrml: 0.00000 + L_Eknl: 2.16612 + L_Div: 0.00000 + L_Morse: 0.10128
Epoch: 0 [6270/10000 (63%)] Unweighted L_s : L_Mnfld: 0.00098,  L_NonMnfld: 0.01380,  L_Nrml: 0.00000,  L_Eknl: 0.04332, L_Morse: 1.01283

Weights: [7000.0, 600.0, 0, 50.0, 0.0, 0.1], lr=5.000e-05
Epoch: 0 [6280/10000 (63%)] Loss: 18.07193 = L_Mnfld: 7.08904 + L_NonMnfld: 8.73573 + L_Nrml: 0.00000 + L_Eknl: 2.14357 + L_Div: 0.00000 + L_Morse: 0.10358
Epoch: 0 [6280/10000 (63%)] Unweighted L_s : L_Mnfld: 0.00101,  L_NonMnfld: 0.01456,  L_Nrml: 0.00000,  L_Eknl: 0.04287, L_Morse: 1.03583

Weights: [7000.0, 600.0, 0, 50.0, 0.0, 0.1], lr=5.000e-05
Epoch: 0 [6290/10000 (63%)] Loss: 17.09118 = L_Mnfld: 7.09440 + L_NonMnfld: 7.79249 + L_Nrml: 0.00000 + L_Eknl: 2.10042 + L_Div: 0.00000 + L_Morse: 0.10388
Epoch: 0 [6290/10000 (63%)] Unweighted L_s : L_Mnfld: 0.00101,  L_NonMnfld: 0.01299,  L_Nrml: 0.00000,  L_Eknl: 0.04201, L_Morse: 1.03877

Weights: [7000.0, 600.0, 0, 50.0, 0.0, 0.1], lr=5.000e-05
Epoch: 0 [6300/10000 (63%)] Loss: 16.49444 = L_Mnfld: 6.40886 + L_NonMnfld: 7.98723 + L_Nrml: 0.00000 + L_Eknl: 1.99451 + L_Div: 0.00000 + L_Morse: 0.10383
Epoch: 0 [6300/10000 (63%)] Unweighted L_s : L_Mnfld: 0.00092,  L_NonMnfld: 0.01331,  L_Nrml: 0.00000,  L_Eknl: 0.03989, L_Morse: 1.03833

Weights: [7000.0, 600.0, 0, 50.0, 0.0, 0.1], lr=5.000e-05
Epoch: 0 [6310/10000 (63%)] Loss: 17.28744 = L_Mnfld: 6.84337 + L_NonMnfld: 8.46297 + L_Nrml: 0.00000 + L_Eknl: 1.88229 + L_Div: 0.00000 + L_Morse: 0.09881
Epoch: 0 [6310/10000 (63%)] Unweighted L_s : L_Mnfld: 0.00098,  L_NonMnfld: 0.01410,  L_Nrml: 0.00000,  L_Eknl: 0.03765, L_Morse: 0.98806

Weights: [7000.0, 600.0, 0, 50.0, 0.0, 0.1], lr=5.000e-05
Epoch: 0 [6320/10000 (63%)] Loss: 16.96942 = L_Mnfld: 6.93754 + L_NonMnfld: 7.96135 + L_Nrml: 0.00000 + L_Eknl: 1.97029 + L_Div: 0.00000 + L_Morse: 0.10024
Epoch: 0 [6320/10000 (63%)] Unweighted L_s : L_Mnfld: 0.00099,  L_NonMnfld: 0.01327,  L_Nrml: 0.00000,  L_Eknl: 0.03941, L_Morse: 1.00241

Weights: [7000.0, 600.0, 0, 50.0, 0.0, 0.1], lr=5.000e-05
Epoch: 0 [6330/10000 (63%)] Loss: 16.64933 = L_Mnfld: 6.31885 + L_NonMnfld: 8.31478 + L_Nrml: 0.00000 + L_Eknl: 1.91182 + L_Div: 0.00000 + L_Morse: 0.10388
Epoch: 0 [6330/10000 (63%)] Unweighted L_s : L_Mnfld: 0.00090,  L_NonMnfld: 0.01386,  L_Nrml: 0.00000,  L_Eknl: 0.03824, L_Morse: 1.03882

Weights: [7000.0, 600.0, 0, 50.0, 0.0, 0.1], lr=5.000e-05
Epoch: 0 [6340/10000 (63%)] Loss: 16.53225 = L_Mnfld: 5.88012 + L_NonMnfld: 8.64094 + L_Nrml: 0.00000 + L_Eknl: 1.90513 + L_Div: 0.00000 + L_Morse: 0.10605
Epoch: 0 [6340/10000 (63%)] Unweighted L_s : L_Mnfld: 0.00084,  L_NonMnfld: 0.01440,  L_Nrml: 0.00000,  L_Eknl: 0.03810, L_Morse: 1.06053

Weights: [7000.0, 600.0, 0, 50.0, 0.0, 0.1], lr=5.000e-05
Epoch: 0 [6350/10000 (64%)] Loss: 16.04044 = L_Mnfld: 5.93559 + L_NonMnfld: 8.10108 + L_Nrml: 0.00000 + L_Eknl: 1.89878 + L_Div: 0.00000 + L_Morse: 0.10499
Epoch: 0 [6350/10000 (64%)] Unweighted L_s : L_Mnfld: 0.00085,  L_NonMnfld: 0.01350,  L_Nrml: 0.00000,  L_Eknl: 0.03798, L_Morse: 1.04993

Weights: [7000.0, 600.0, 0, 50.0, 0.0, 0.1], lr=5.000e-05
Epoch: 0 [6360/10000 (64%)] Loss: 16.62014 = L_Mnfld: 6.30583 + L_NonMnfld: 8.37790 + L_Nrml: 0.00000 + L_Eknl: 1.83512 + L_Div: 0.00000 + L_Morse: 0.10130
Epoch: 0 [6360/10000 (64%)] Unweighted L_s : L_Mnfld: 0.00090,  L_NonMnfld: 0.01396,  L_Nrml: 0.00000,  L_Eknl: 0.03670, L_Morse: 1.01300

Weights: [7000.0, 600.0, 0, 50.0, 0.0, 0.1], lr=5.000e-05
Epoch: 0 [6370/10000 (64%)] Loss: 15.97914 = L_Mnfld: 5.75961 + L_NonMnfld: 8.20795 + L_Nrml: 0.00000 + L_Eknl: 1.90509 + L_Div: 0.00000 + L_Morse: 0.10648
Epoch: 0 [6370/10000 (64%)] Unweighted L_s : L_Mnfld: 0.00082,  L_NonMnfld: 0.01368,  L_Nrml: 0.00000,  L_Eknl: 0.03810, L_Morse: 1.06484

Weights: [7000.0, 600.0, 0, 50.0, 0.0, 0.1], lr=5.000e-05
Epoch: 0 [6380/10000 (64%)] Loss: 15.73505 = L_Mnfld: 5.60115 + L_NonMnfld: 8.00001 + L_Nrml: 0.00000 + L_Eknl: 2.03129 + L_Div: 0.00000 + L_Morse: 0.10260
Epoch: 0 [6380/10000 (64%)] Unweighted L_s : L_Mnfld: 0.00080,  L_NonMnfld: 0.01333,  L_Nrml: 0.00000,  L_Eknl: 0.04063, L_Morse: 1.02601

Weights: [7000.0, 600.0, 0, 50.0, 0.0, 0.1], lr=5.000e-05
Epoch: 0 [6390/10000 (64%)] Loss: 15.54178 = L_Mnfld: 5.55143 + L_NonMnfld: 7.87951 + L_Nrml: 0.00000 + L_Eknl: 2.01330 + L_Div: 0.00000 + L_Morse: 0.09754
Epoch: 0 [6390/10000 (64%)] Unweighted L_s : L_Mnfld: 0.00079,  L_NonMnfld: 0.01313,  L_Nrml: 0.00000,  L_Eknl: 0.04027, L_Morse: 0.97541

Weights: [7000.0, 600.0, 0, 50.0, 0.0, 0.1], lr=5.000e-05
Epoch: 0 [6400/10000 (64%)] Loss: 17.04677 = L_Mnfld: 5.98250 + L_NonMnfld: 8.87158 + L_Nrml: 0.00000 + L_Eknl: 2.08876 + L_Div: 0.00000 + L_Morse: 0.10393
Epoch: 0 [6400/10000 (64%)] Unweighted L_s : L_Mnfld: 0.00085,  L_NonMnfld: 0.01479,  L_Nrml: 0.00000,  L_Eknl: 0.04178, L_Morse: 1.03930

Weights: [7000.0, 600.0, 0, 50.0, 0.0, 0.1], lr=5.000e-05
Epoch: 0 [6410/10000 (64%)] Loss: 17.57228 = L_Mnfld: 6.16181 + L_NonMnfld: 8.48400 + L_Nrml: 0.00000 + L_Eknl: 2.82077 + L_Div: 0.00000 + L_Morse: 0.10570
Epoch: 0 [6410/10000 (64%)] Unweighted L_s : L_Mnfld: 0.00088,  L_NonMnfld: 0.01414,  L_Nrml: 0.00000,  L_Eknl: 0.05642, L_Morse: 1.05703

Weights: [7000.0, 600.0, 0, 50.0, 0.0, 0.1], lr=5.000e-05
Epoch: 0 [6420/10000 (64%)] Loss: 16.67982 = L_Mnfld: 6.47040 + L_NonMnfld: 8.00576 + L_Nrml: 0.00000 + L_Eknl: 2.10039 + L_Div: 0.00000 + L_Morse: 0.10327
Epoch: 0 [6420/10000 (64%)] Unweighted L_s : L_Mnfld: 0.00092,  L_NonMnfld: 0.01334,  L_Nrml: 0.00000,  L_Eknl: 0.04201, L_Morse: 1.03274

Weights: [7000.0, 600.0, 0, 50.0, 0.0, 0.1], lr=5.000e-05
Epoch: 0 [6430/10000 (64%)] Loss: 18.10237 = L_Mnfld: 7.29499 + L_NonMnfld: 8.53971 + L_Nrml: 0.00000 + L_Eknl: 2.16608 + L_Div: 0.00000 + L_Morse: 0.10159
Epoch: 0 [6430/10000 (64%)] Unweighted L_s : L_Mnfld: 0.00104,  L_NonMnfld: 0.01423,  L_Nrml: 0.00000,  L_Eknl: 0.04332, L_Morse: 1.01592

Weights: [7000.0, 600.0, 0, 50.0, 0.0, 0.1], lr=5.000e-05
Epoch: 0 [6440/10000 (64%)] Loss: 19.22447 = L_Mnfld: 7.81600 + L_NonMnfld: 8.78260 + L_Nrml: 0.00000 + L_Eknl: 2.51925 + L_Div: 0.00000 + L_Morse: 0.10662
Epoch: 0 [6440/10000 (64%)] Unweighted L_s : L_Mnfld: 0.00112,  L_NonMnfld: 0.01464,  L_Nrml: 0.00000,  L_Eknl: 0.05039, L_Morse: 1.06619

Weights: [7000.0, 600.0, 0, 50.0, 0.0, 0.1], lr=5.000e-05
Epoch: 0 [6450/10000 (64%)] Loss: 17.80245 = L_Mnfld: 7.51741 + L_NonMnfld: 7.76279 + L_Nrml: 0.00000 + L_Eknl: 2.42199 + L_Div: 0.00000 + L_Morse: 0.10025
Epoch: 0 [6450/10000 (64%)] Unweighted L_s : L_Mnfld: 0.00107,  L_NonMnfld: 0.01294,  L_Nrml: 0.00000,  L_Eknl: 0.04844, L_Morse: 1.00255

Weights: [7000.0, 600.0, 0, 50.0, 0.0, 0.1], lr=5.000e-05
Epoch: 0 [6460/10000 (65%)] Loss: 18.30047 = L_Mnfld: 7.09004 + L_NonMnfld: 8.88207 + L_Nrml: 0.00000 + L_Eknl: 2.22797 + L_Div: 0.00000 + L_Morse: 0.10039
Epoch: 0 [6460/10000 (65%)] Unweighted L_s : L_Mnfld: 0.00101,  L_NonMnfld: 0.01480,  L_Nrml: 0.00000,  L_Eknl: 0.04456, L_Morse: 1.00391

Weights: [7000.0, 600.0, 0, 50.0, 0.0, 0.1], lr=5.000e-05
Epoch: 0 [6470/10000 (65%)] Loss: 17.70842 = L_Mnfld: 7.06683 + L_NonMnfld: 8.29649 + L_Nrml: 0.00000 + L_Eknl: 2.23629 + L_Div: 0.00000 + L_Morse: 0.10880
Epoch: 0 [6470/10000 (65%)] Unweighted L_s : L_Mnfld: 0.00101,  L_NonMnfld: 0.01383,  L_Nrml: 0.00000,  L_Eknl: 0.04473, L_Morse: 1.08802

Weights: [7000.0, 600.0, 0, 50.0, 0.0, 0.1], lr=5.000e-05
Epoch: 0 [6480/10000 (65%)] Loss: 17.33935 = L_Mnfld: 7.06353 + L_NonMnfld: 7.69222 + L_Nrml: 0.00000 + L_Eknl: 2.47504 + L_Div: 0.00000 + L_Morse: 0.10856
Epoch: 0 [6480/10000 (65%)] Unweighted L_s : L_Mnfld: 0.00101,  L_NonMnfld: 0.01282,  L_Nrml: 0.00000,  L_Eknl: 0.04950, L_Morse: 1.08561

Weights: [7000.0, 600.0, 0, 50.0, 0.0, 0.1], lr=5.000e-05
Epoch: 0 [6490/10000 (65%)] Loss: 17.09170 = L_Mnfld: 6.32105 + L_NonMnfld: 8.48482 + L_Nrml: 0.00000 + L_Eknl: 2.18333 + L_Div: 0.00000 + L_Morse: 0.10251
Epoch: 0 [6490/10000 (65%)] Unweighted L_s : L_Mnfld: 0.00090,  L_NonMnfld: 0.01414,  L_Nrml: 0.00000,  L_Eknl: 0.04367, L_Morse: 1.02506

Weights: [7000.0, 600.0, 0, 50.0, 0.0, 0.1], lr=5.000e-05
Epoch: 0 [6500/10000 (65%)] Loss: 16.72287 = L_Mnfld: 6.22378 + L_NonMnfld: 8.45481 + L_Nrml: 0.00000 + L_Eknl: 1.94366 + L_Div: 0.00000 + L_Morse: 0.10062
Epoch: 0 [6500/10000 (65%)] Unweighted L_s : L_Mnfld: 0.00089,  L_NonMnfld: 0.01409,  L_Nrml: 0.00000,  L_Eknl: 0.03887, L_Morse: 1.00624

Weights: [7000.0, 600.0, 0, 50.0, 0.0, 0.1], lr=5.000e-05
Epoch: 0 [6510/10000 (65%)] Loss: 16.96480 = L_Mnfld: 6.79026 + L_NonMnfld: 8.15142 + L_Nrml: 0.00000 + L_Eknl: 1.91808 + L_Div: 0.00000 + L_Morse: 0.10505
Epoch: 0 [6510/10000 (65%)] Unweighted L_s : L_Mnfld: 0.00097,  L_NonMnfld: 0.01359,  L_Nrml: 0.00000,  L_Eknl: 0.03836, L_Morse: 1.05045

Weights: [7000.0, 600.0, 0, 50.0, 0.0, 0.1], lr=5.000e-05
Epoch: 0 [6520/10000 (65%)] Loss: 16.97177 = L_Mnfld: 5.95023 + L_NonMnfld: 8.91015 + L_Nrml: 0.00000 + L_Eknl: 2.00293 + L_Div: 0.00000 + L_Morse: 0.10847
Epoch: 0 [6520/10000 (65%)] Unweighted L_s : L_Mnfld: 0.00085,  L_NonMnfld: 0.01485,  L_Nrml: 0.00000,  L_Eknl: 0.04006, L_Morse: 1.08469

Weights: [7000.0, 600.0, 0, 50.0, 0.0, 0.1], lr=5.000e-05
Epoch: 0 [6530/10000 (65%)] Loss: 16.28921 = L_Mnfld: 5.79175 + L_NonMnfld: 8.48286 + L_Nrml: 0.00000 + L_Eknl: 1.91714 + L_Div: 0.00000 + L_Morse: 0.09746
Epoch: 0 [6530/10000 (65%)] Unweighted L_s : L_Mnfld: 0.00083,  L_NonMnfld: 0.01414,  L_Nrml: 0.00000,  L_Eknl: 0.03834, L_Morse: 0.97465

Weights: [7000.0, 600.0, 0, 50.0, 0.0, 0.1], lr=5.000e-05
Epoch: 0 [6540/10000 (65%)] Loss: 16.23992 = L_Mnfld: 6.04501 + L_NonMnfld: 8.28349 + L_Nrml: 0.00000 + L_Eknl: 1.80190 + L_Div: 0.00000 + L_Morse: 0.10951
Epoch: 0 [6540/10000 (65%)] Unweighted L_s : L_Mnfld: 0.00086,  L_NonMnfld: 0.01381,  L_Nrml: 0.00000,  L_Eknl: 0.03604, L_Morse: 1.09514

Weights: [7000.0, 600.0, 0, 50.0, 0.0, 0.1], lr=5.000e-05
Epoch: 0 [6550/10000 (66%)] Loss: 15.34481 = L_Mnfld: 5.46811 + L_NonMnfld: 8.02595 + L_Nrml: 0.00000 + L_Eknl: 1.74957 + L_Div: 0.00000 + L_Morse: 0.10118
Epoch: 0 [6550/10000 (66%)] Unweighted L_s : L_Mnfld: 0.00078,  L_NonMnfld: 0.01338,  L_Nrml: 0.00000,  L_Eknl: 0.03499, L_Morse: 1.01179

Weights: [7000.0, 600.0, 0, 50.0, 0.0, 0.1], lr=5.000e-05
Epoch: 0 [6560/10000 (66%)] Loss: 15.69138 = L_Mnfld: 5.93413 + L_NonMnfld: 7.79919 + L_Nrml: 0.00000 + L_Eknl: 1.85300 + L_Div: 0.00000 + L_Morse: 0.10507
Epoch: 0 [6560/10000 (66%)] Unweighted L_s : L_Mnfld: 0.00085,  L_NonMnfld: 0.01300,  L_Nrml: 0.00000,  L_Eknl: 0.03706, L_Morse: 1.05067

Weights: [7000.0, 600.0, 0, 50.0, 0.0, 0.1], lr=5.000e-05
Epoch: 0 [6570/10000 (66%)] Loss: 15.03547 = L_Mnfld: 5.39356 + L_NonMnfld: 7.62072 + L_Nrml: 0.00000 + L_Eknl: 1.91339 + L_Div: 0.00000 + L_Morse: 0.10780
Epoch: 0 [6570/10000 (66%)] Unweighted L_s : L_Mnfld: 0.00077,  L_NonMnfld: 0.01270,  L_Nrml: 0.00000,  L_Eknl: 0.03827, L_Morse: 1.07799

Weights: [7000.0, 600.0, 0, 50.0, 0.0, 0.1], lr=5.000e-05
Epoch: 0 [6580/10000 (66%)] Loss: 15.36993 = L_Mnfld: 5.75065 + L_NonMnfld: 7.70211 + L_Nrml: 0.00000 + L_Eknl: 1.80936 + L_Div: 0.00000 + L_Morse: 0.10781
Epoch: 0 [6580/10000 (66%)] Unweighted L_s : L_Mnfld: 0.00082,  L_NonMnfld: 0.01284,  L_Nrml: 0.00000,  L_Eknl: 0.03619, L_Morse: 1.07810

Weights: [7000.0, 600.0, 0, 50.0, 0.0, 0.1], lr=5.000e-05
Epoch: 0 [6590/10000 (66%)] Loss: 15.11110 = L_Mnfld: 5.57908 + L_NonMnfld: 7.57434 + L_Nrml: 0.00000 + L_Eknl: 1.85489 + L_Div: 0.00000 + L_Morse: 0.10279
Epoch: 0 [6590/10000 (66%)] Unweighted L_s : L_Mnfld: 0.00080,  L_NonMnfld: 0.01262,  L_Nrml: 0.00000,  L_Eknl: 0.03710, L_Morse: 1.02795

Weights: [7000.0, 600.0, 0, 50.0, 0.0, 0.1], lr=5.000e-05
Epoch: 0 [6600/10000 (66%)] Loss: 14.53544 = L_Mnfld: 5.49695 + L_NonMnfld: 7.14121 + L_Nrml: 0.00000 + L_Eknl: 1.79316 + L_Div: 0.00000 + L_Morse: 0.10412
Epoch: 0 [6600/10000 (66%)] Unweighted L_s : L_Mnfld: 0.00079,  L_NonMnfld: 0.01190,  L_Nrml: 0.00000,  L_Eknl: 0.03586, L_Morse: 1.04123

Weights: [7000.0, 600.0, 0, 50.0, 0.0, 0.1], lr=5.000e-05
Epoch: 0 [6610/10000 (66%)] Loss: 14.88013 = L_Mnfld: 5.58193 + L_NonMnfld: 7.30178 + L_Nrml: 0.00000 + L_Eknl: 1.89161 + L_Div: 0.00000 + L_Morse: 0.10482
Epoch: 0 [6610/10000 (66%)] Unweighted L_s : L_Mnfld: 0.00080,  L_NonMnfld: 0.01217,  L_Nrml: 0.00000,  L_Eknl: 0.03783, L_Morse: 1.04821

Weights: [7000.0, 600.0, 0, 50.0, 0.0, 0.1], lr=5.000e-05
Epoch: 0 [6620/10000 (66%)] Loss: 15.62508 = L_Mnfld: 5.36806 + L_NonMnfld: 8.36358 + L_Nrml: 0.00000 + L_Eknl: 1.78978 + L_Div: 0.00000 + L_Morse: 0.10367
Epoch: 0 [6620/10000 (66%)] Unweighted L_s : L_Mnfld: 0.00077,  L_NonMnfld: 0.01394,  L_Nrml: 0.00000,  L_Eknl: 0.03580, L_Morse: 1.03665

Weights: [7000.0, 600.0, 0, 50.0, 0.0, 0.1], lr=5.000e-05
Epoch: 0 [6630/10000 (66%)] Loss: 16.63378 = L_Mnfld: 6.00574 + L_NonMnfld: 8.69390 + L_Nrml: 0.00000 + L_Eknl: 1.83509 + L_Div: 0.00000 + L_Morse: 0.09905
Epoch: 0 [6630/10000 (66%)] Unweighted L_s : L_Mnfld: 0.00086,  L_NonMnfld: 0.01449,  L_Nrml: 0.00000,  L_Eknl: 0.03670, L_Morse: 0.99050

Weights: [7000.0, 600.0, 0, 50.0, 0.0, 0.1], lr=5.000e-05
Epoch: 0 [6640/10000 (66%)] Loss: 15.24315 = L_Mnfld: 5.96639 + L_NonMnfld: 7.37574 + L_Nrml: 0.00000 + L_Eknl: 1.79831 + L_Div: 0.00000 + L_Morse: 0.10271
Epoch: 0 [6640/10000 (66%)] Unweighted L_s : L_Mnfld: 0.00085,  L_NonMnfld: 0.01229,  L_Nrml: 0.00000,  L_Eknl: 0.03597, L_Morse: 1.02713

Weights: [7000.0, 600.0, 0, 50.0, 0.0, 0.1], lr=5.000e-05
Epoch: 0 [6650/10000 (66%)] Loss: 14.65254 = L_Mnfld: 5.35791 + L_NonMnfld: 7.42566 + L_Nrml: 0.00000 + L_Eknl: 1.76395 + L_Div: 0.00000 + L_Morse: 0.10502
Epoch: 0 [6650/10000 (66%)] Unweighted L_s : L_Mnfld: 0.00077,  L_NonMnfld: 0.01238,  L_Nrml: 0.00000,  L_Eknl: 0.03528, L_Morse: 1.05023

Weights: [7000.0, 600.0, 0, 50.0, 0.0, 0.1], lr=5.000e-05
Epoch: 0 [6660/10000 (67%)] Loss: 14.62871 = L_Mnfld: 5.39437 + L_NonMnfld: 7.33816 + L_Nrml: 0.00000 + L_Eknl: 1.79352 + L_Div: 0.00000 + L_Morse: 0.10266
Epoch: 0 [6660/10000 (67%)] Unweighted L_s : L_Mnfld: 0.00077,  L_NonMnfld: 0.01223,  L_Nrml: 0.00000,  L_Eknl: 0.03587, L_Morse: 1.02665

Weights: [7000.0, 600.0, 0, 50.0, 0.0, 0.1], lr=5.000e-05
Epoch: 0 [6670/10000 (67%)] Loss: 14.75947 = L_Mnfld: 5.61781 + L_NonMnfld: 7.30102 + L_Nrml: 0.00000 + L_Eknl: 1.74006 + L_Div: 0.00000 + L_Morse: 0.10057
Epoch: 0 [6670/10000 (67%)] Unweighted L_s : L_Mnfld: 0.00080,  L_NonMnfld: 0.01217,  L_Nrml: 0.00000,  L_Eknl: 0.03480, L_Morse: 1.00572

Weights: [7000.0, 600.0, 0, 50.0, 0.0, 0.1], lr=5.000e-05
Epoch: 0 [6680/10000 (67%)] Loss: 16.11434 = L_Mnfld: 5.94494 + L_NonMnfld: 8.32552 + L_Nrml: 0.00000 + L_Eknl: 1.73702 + L_Div: 0.00000 + L_Morse: 0.10687
Epoch: 0 [6680/10000 (67%)] Unweighted L_s : L_Mnfld: 0.00085,  L_NonMnfld: 0.01388,  L_Nrml: 0.00000,  L_Eknl: 0.03474, L_Morse: 1.06865

Weights: [7000.0, 600.0, 0, 50.0, 0.0, 0.1], lr=5.000e-05
Epoch: 0 [6690/10000 (67%)] Loss: 15.28172 = L_Mnfld: 5.65736 + L_NonMnfld: 7.75418 + L_Nrml: 0.00000 + L_Eknl: 1.76525 + L_Div: 0.00000 + L_Morse: 0.10494
Epoch: 0 [6690/10000 (67%)] Unweighted L_s : L_Mnfld: 0.00081,  L_NonMnfld: 0.01292,  L_Nrml: 0.00000,  L_Eknl: 0.03531, L_Morse: 1.04937

Weights: [7000.0, 600.0, 0, 50.0, 0.0, 0.1], lr=5.000e-05
Epoch: 0 [6700/10000 (67%)] Loss: 15.27315 = L_Mnfld: 5.94234 + L_NonMnfld: 7.44709 + L_Nrml: 0.00000 + L_Eknl: 1.77883 + L_Div: 0.00000 + L_Morse: 0.10488
Epoch: 0 [6700/10000 (67%)] Unweighted L_s : L_Mnfld: 0.00085,  L_NonMnfld: 0.01241,  L_Nrml: 0.00000,  L_Eknl: 0.03558, L_Morse: 1.04880

Weights: [7000.0, 600.0, 0, 50.0, 0.0, 0.1], lr=5.000e-05
Epoch: 0 [6710/10000 (67%)] Loss: 15.42502 = L_Mnfld: 5.31923 + L_NonMnfld: 8.20489 + L_Nrml: 0.00000 + L_Eknl: 1.79689 + L_Div: 0.00000 + L_Morse: 0.10401
Epoch: 0 [6710/10000 (67%)] Unweighted L_s : L_Mnfld: 0.00076,  L_NonMnfld: 0.01367,  L_Nrml: 0.00000,  L_Eknl: 0.03594, L_Morse: 1.04013

Weights: [7000.0, 600.0, 0, 50.0, 0.0, 0.1], lr=5.000e-05
Epoch: 0 [6720/10000 (67%)] Loss: 15.76049 = L_Mnfld: 5.90855 + L_NonMnfld: 7.84021 + L_Nrml: 0.00000 + L_Eknl: 1.91043 + L_Div: 0.00000 + L_Morse: 0.10129
Epoch: 0 [6720/10000 (67%)] Unweighted L_s : L_Mnfld: 0.00084,  L_NonMnfld: 0.01307,  L_Nrml: 0.00000,  L_Eknl: 0.03821, L_Morse: 1.01291

Weights: [7000.0, 600.0, 0, 50.0, 0.0, 0.1], lr=5.000e-05
Epoch: 0 [6730/10000 (67%)] Loss: 15.19463 = L_Mnfld: 5.37251 + L_NonMnfld: 7.85004 + L_Nrml: 0.00000 + L_Eknl: 1.86863 + L_Div: 0.00000 + L_Morse: 0.10346
Epoch: 0 [6730/10000 (67%)] Unweighted L_s : L_Mnfld: 0.00077,  L_NonMnfld: 0.01308,  L_Nrml: 0.00000,  L_Eknl: 0.03737, L_Morse: 1.03455

Weights: [7000.0, 600.0, 0, 50.0, 0.0, 0.1], lr=5.000e-05
Epoch: 0 [6740/10000 (67%)] Loss: 14.70914 = L_Mnfld: 5.58392 + L_NonMnfld: 7.14534 + L_Nrml: 0.00000 + L_Eknl: 1.86724 + L_Div: 0.00000 + L_Morse: 0.11265
Epoch: 0 [6740/10000 (67%)] Unweighted L_s : L_Mnfld: 0.00080,  L_NonMnfld: 0.01191,  L_Nrml: 0.00000,  L_Eknl: 0.03734, L_Morse: 1.12647

Weights: [7000.0, 600.0, 0, 50.0, 0.0, 0.1], lr=5.000e-05
Epoch: 0 [6750/10000 (68%)] Loss: 15.42207 = L_Mnfld: 5.43902 + L_NonMnfld: 8.13116 + L_Nrml: 0.00000 + L_Eknl: 1.74756 + L_Div: 0.00000 + L_Morse: 0.10433
Epoch: 0 [6750/10000 (68%)] Unweighted L_s : L_Mnfld: 0.00078,  L_NonMnfld: 0.01355,  L_Nrml: 0.00000,  L_Eknl: 0.03495, L_Morse: 1.04330

Weights: [7000.0, 600.0, 0, 50.0, 0.0, 0.1], lr=5.000e-05
Epoch: 0 [6760/10000 (68%)] Loss: 15.90749 = L_Mnfld: 5.67090 + L_NonMnfld: 8.30866 + L_Nrml: 0.00000 + L_Eknl: 1.82755 + L_Div: 0.00000 + L_Morse: 0.10038
Epoch: 0 [6760/10000 (68%)] Unweighted L_s : L_Mnfld: 0.00081,  L_NonMnfld: 0.01385,  L_Nrml: 0.00000,  L_Eknl: 0.03655, L_Morse: 1.00382

Weights: [7000.0, 600.0, 0, 50.0, 0.0, 0.1], lr=5.000e-05
Epoch: 0 [6770/10000 (68%)] Loss: 14.91565 = L_Mnfld: 5.26659 + L_NonMnfld: 7.78848 + L_Nrml: 0.00000 + L_Eknl: 1.75503 + L_Div: 0.00000 + L_Morse: 0.10554
Epoch: 0 [6770/10000 (68%)] Unweighted L_s : L_Mnfld: 0.00075,  L_NonMnfld: 0.01298,  L_Nrml: 0.00000,  L_Eknl: 0.03510, L_Morse: 1.05544

Weights: [7000.0, 600.0, 0, 50.0, 0.0, 0.1], lr=5.000e-05
Epoch: 0 [6780/10000 (68%)] Loss: 16.69215 = L_Mnfld: 5.87437 + L_NonMnfld: 8.89306 + L_Nrml: 0.00000 + L_Eknl: 1.82117 + L_Div: 0.00000 + L_Morse: 0.10356
Epoch: 0 [6780/10000 (68%)] Unweighted L_s : L_Mnfld: 0.00084,  L_NonMnfld: 0.01482,  L_Nrml: 0.00000,  L_Eknl: 0.03642, L_Morse: 1.03556

Weights: [7000.0, 600.0, 0, 50.0, 0.0, 0.1], lr=5.000e-05
Epoch: 0 [6790/10000 (68%)] Loss: 14.84765 = L_Mnfld: 5.46311 + L_NonMnfld: 7.56032 + L_Nrml: 0.00000 + L_Eknl: 1.72247 + L_Div: 0.00000 + L_Morse: 0.10176
Epoch: 0 [6790/10000 (68%)] Unweighted L_s : L_Mnfld: 0.00078,  L_NonMnfld: 0.01260,  L_Nrml: 0.00000,  L_Eknl: 0.03445, L_Morse: 1.01756

Weights: [7000.0, 600.0, 0, 50.0, 0.0, 0.1], lr=5.000e-05
Epoch: 0 [6800/10000 (68%)] Loss: 15.37335 = L_Mnfld: 5.54765 + L_NonMnfld: 7.93667 + L_Nrml: 0.00000 + L_Eknl: 1.78116 + L_Div: 0.00000 + L_Morse: 0.10788
Epoch: 0 [6800/10000 (68%)] Unweighted L_s : L_Mnfld: 0.00079,  L_NonMnfld: 0.01323,  L_Nrml: 0.00000,  L_Eknl: 0.03562, L_Morse: 1.07878

Weights: [7000.0, 600.0, 0, 50.0, 0.0, 0.1], lr=5.000e-05
Epoch: 0 [6810/10000 (68%)] Loss: 15.53380 = L_Mnfld: 5.41206 + L_NonMnfld: 8.26785 + L_Nrml: 0.00000 + L_Eknl: 1.74594 + L_Div: 0.00000 + L_Morse: 0.10795
Epoch: 0 [6810/10000 (68%)] Unweighted L_s : L_Mnfld: 0.00077,  L_NonMnfld: 0.01378,  L_Nrml: 0.00000,  L_Eknl: 0.03492, L_Morse: 1.07948

Weights: [7000.0, 600.0, 0, 50.0, 0.0, 0.1], lr=5.000e-05
Epoch: 0 [6820/10000 (68%)] Loss: 15.71478 = L_Mnfld: 5.76472 + L_NonMnfld: 8.10058 + L_Nrml: 0.00000 + L_Eknl: 1.74814 + L_Div: 0.00000 + L_Morse: 0.10133
Epoch: 0 [6820/10000 (68%)] Unweighted L_s : L_Mnfld: 0.00082,  L_NonMnfld: 0.01350,  L_Nrml: 0.00000,  L_Eknl: 0.03496, L_Morse: 1.01335

Weights: [7000.0, 600.0, 0, 50.0, 0.0, 0.1], lr=5.000e-05
Epoch: 0 [6830/10000 (68%)] Loss: 14.97173 = L_Mnfld: 5.03194 + L_NonMnfld: 7.98503 + L_Nrml: 0.00000 + L_Eknl: 1.85123 + L_Div: 0.00000 + L_Morse: 0.10353
Epoch: 0 [6830/10000 (68%)] Unweighted L_s : L_Mnfld: 0.00072,  L_NonMnfld: 0.01331,  L_Nrml: 0.00000,  L_Eknl: 0.03702, L_Morse: 1.03529

Weights: [7000.0, 600.0, 0, 50.0, 0.0, 0.1], lr=5.000e-05
Epoch: 0 [6840/10000 (68%)] Loss: 16.12630 = L_Mnfld: 5.68077 + L_NonMnfld: 8.32707 + L_Nrml: 0.00000 + L_Eknl: 2.01061 + L_Div: 0.00000 + L_Morse: 0.10785
Epoch: 0 [6840/10000 (68%)] Unweighted L_s : L_Mnfld: 0.00081,  L_NonMnfld: 0.01388,  L_Nrml: 0.00000,  L_Eknl: 0.04021, L_Morse: 1.07848

Weights: [7000.0, 600.0, 0, 50.0, 0.0, 0.1], lr=5.000e-05
Epoch: 0 [6850/10000 (68%)] Loss: 15.90736 = L_Mnfld: 5.99146 + L_NonMnfld: 7.95406 + L_Nrml: 0.00000 + L_Eknl: 1.86039 + L_Div: 0.00000 + L_Morse: 0.10145
Epoch: 0 [6850/10000 (68%)] Unweighted L_s : L_Mnfld: 0.00086,  L_NonMnfld: 0.01326,  L_Nrml: 0.00000,  L_Eknl: 0.03721, L_Morse: 1.01450

Weights: [7000.0, 600.0, 0, 50.0, 0.0, 0.1], lr=5.000e-05
Epoch: 0 [6860/10000 (69%)] Loss: 15.20928 = L_Mnfld: 5.31799 + L_NonMnfld: 7.82747 + L_Nrml: 0.00000 + L_Eknl: 1.96060 + L_Div: 0.00000 + L_Morse: 0.10321
Epoch: 0 [6860/10000 (69%)] Unweighted L_s : L_Mnfld: 0.00076,  L_NonMnfld: 0.01305,  L_Nrml: 0.00000,  L_Eknl: 0.03921, L_Morse: 1.03211

Weights: [7000.0, 600.0, 0, 50.0, 0.0, 0.1], lr=5.000e-05
Epoch: 0 [6870/10000 (69%)] Loss: 15.29838 = L_Mnfld: 6.46327 + L_NonMnfld: 6.88234 + L_Nrml: 0.00000 + L_Eknl: 1.85041 + L_Div: 0.00000 + L_Morse: 0.10236
Epoch: 0 [6870/10000 (69%)] Unweighted L_s : L_Mnfld: 0.00092,  L_NonMnfld: 0.01147,  L_Nrml: 0.00000,  L_Eknl: 0.03701, L_Morse: 1.02363

Weights: [7000.0, 600.0, 0, 50.0, 0.0, 0.1], lr=5.000e-05
Epoch: 0 [6880/10000 (69%)] Loss: 15.75506 = L_Mnfld: 5.73969 + L_NonMnfld: 8.06015 + L_Nrml: 0.00000 + L_Eknl: 1.84900 + L_Div: 0.00000 + L_Morse: 0.10621
Epoch: 0 [6880/10000 (69%)] Unweighted L_s : L_Mnfld: 0.00082,  L_NonMnfld: 0.01343,  L_Nrml: 0.00000,  L_Eknl: 0.03698, L_Morse: 1.06212

Weights: [7000.0, 600.0, 0, 50.0, 0.0, 0.1], lr=5.000e-05
Epoch: 0 [6890/10000 (69%)] Loss: 16.59571 = L_Mnfld: 5.10812 + L_NonMnfld: 9.57747 + L_Nrml: 0.00000 + L_Eknl: 1.80175 + L_Div: 0.00000 + L_Morse: 0.10837
Epoch: 0 [6890/10000 (69%)] Unweighted L_s : L_Mnfld: 0.00073,  L_NonMnfld: 0.01596,  L_Nrml: 0.00000,  L_Eknl: 0.03603, L_Morse: 1.08375

Weights: [7000.0, 600.0, 0, 50.0, 0.0, 0.1], lr=5.000e-05
Epoch: 0 [6900/10000 (69%)] Loss: 16.19101 = L_Mnfld: 6.26162 + L_NonMnfld: 8.09022 + L_Nrml: 0.00000 + L_Eknl: 1.73962 + L_Div: 0.00000 + L_Morse: 0.09955
Epoch: 0 [6900/10000 (69%)] Unweighted L_s : L_Mnfld: 0.00089,  L_NonMnfld: 0.01348,  L_Nrml: 0.00000,  L_Eknl: 0.03479, L_Morse: 0.99554

Weights: [7000.0, 600.0, 0, 50.0, 0.0, 0.1], lr=5.000e-05
Epoch: 0 [6910/10000 (69%)] Loss: 16.13623 = L_Mnfld: 6.14563 + L_NonMnfld: 8.10176 + L_Nrml: 0.00000 + L_Eknl: 1.78057 + L_Div: 0.00000 + L_Morse: 0.10828
Epoch: 0 [6910/10000 (69%)] Unweighted L_s : L_Mnfld: 0.00088,  L_NonMnfld: 0.01350,  L_Nrml: 0.00000,  L_Eknl: 0.03561, L_Morse: 1.08282

Weights: [7000.0, 600.0, 0, 50.0, 0.0, 0.1], lr=5.000e-05
Epoch: 0 [6920/10000 (69%)] Loss: 15.83097 = L_Mnfld: 5.62478 + L_NonMnfld: 8.35498 + L_Nrml: 0.00000 + L_Eknl: 1.75010 + L_Div: 0.00000 + L_Morse: 0.10111
Epoch: 0 [6920/10000 (69%)] Unweighted L_s : L_Mnfld: 0.00080,  L_NonMnfld: 0.01392,  L_Nrml: 0.00000,  L_Eknl: 0.03500, L_Morse: 1.01108

Weights: [7000.0, 600.0, 0, 50.0, 0.0, 0.1], lr=5.000e-05
Epoch: 0 [6930/10000 (69%)] Loss: 15.27539 = L_Mnfld: 5.68103 + L_NonMnfld: 7.71743 + L_Nrml: 0.00000 + L_Eknl: 1.77034 + L_Div: 0.00000 + L_Morse: 0.10660
Epoch: 0 [6930/10000 (69%)] Unweighted L_s : L_Mnfld: 0.00081,  L_NonMnfld: 0.01286,  L_Nrml: 0.00000,  L_Eknl: 0.03541, L_Morse: 1.06598

Weights: [7000.0, 600.0, 0, 50.0, 0.0, 0.1], lr=5.000e-05
Epoch: 0 [6940/10000 (69%)] Loss: 14.41010 = L_Mnfld: 5.12325 + L_NonMnfld: 7.45650 + L_Nrml: 0.00000 + L_Eknl: 1.72271 + L_Div: 0.00000 + L_Morse: 0.10764
Epoch: 0 [6940/10000 (69%)] Unweighted L_s : L_Mnfld: 0.00073,  L_NonMnfld: 0.01243,  L_Nrml: 0.00000,  L_Eknl: 0.03445, L_Morse: 1.07636

Weights: [7000.0, 600.0, 0, 50.0, 0.0, 0.1], lr=5.000e-05
Epoch: 0 [6950/10000 (70%)] Loss: 15.24657 = L_Mnfld: 4.97636 + L_NonMnfld: 8.48011 + L_Nrml: 0.00000 + L_Eknl: 1.68745 + L_Div: 0.00000 + L_Morse: 0.10265
Epoch: 0 [6950/10000 (70%)] Unweighted L_s : L_Mnfld: 0.00071,  L_NonMnfld: 0.01413,  L_Nrml: 0.00000,  L_Eknl: 0.03375, L_Morse: 1.02652

Weights: [7000.0, 600.0, 0, 50.0, 0.0, 0.1], lr=5.000e-05
Epoch: 0 [6960/10000 (70%)] Loss: 15.57379 = L_Mnfld: 5.45966 + L_NonMnfld: 8.26866 + L_Nrml: 0.00000 + L_Eknl: 1.73828 + L_Div: 0.00000 + L_Morse: 0.10720
Epoch: 0 [6960/10000 (70%)] Unweighted L_s : L_Mnfld: 0.00078,  L_NonMnfld: 0.01378,  L_Nrml: 0.00000,  L_Eknl: 0.03477, L_Morse: 1.07204

Weights: [7000.0, 600.0, 0, 50.0, 0.0, 0.1], lr=5.000e-05
Epoch: 0 [6970/10000 (70%)] Loss: 16.22468 = L_Mnfld: 5.32454 + L_NonMnfld: 9.14097 + L_Nrml: 0.00000 + L_Eknl: 1.65248 + L_Div: 0.00000 + L_Morse: 0.10670
Epoch: 0 [6970/10000 (70%)] Unweighted L_s : L_Mnfld: 0.00076,  L_NonMnfld: 0.01523,  L_Nrml: 0.00000,  L_Eknl: 0.03305, L_Morse: 1.06695

Weights: [7000.0, 600.0, 0, 50.0, 0.0, 0.1], lr=5.000e-05
Epoch: 0 [6980/10000 (70%)] Loss: 15.53003 = L_Mnfld: 5.83941 + L_NonMnfld: 7.80290 + L_Nrml: 0.00000 + L_Eknl: 1.78273 + L_Div: 0.00000 + L_Morse: 0.10498
Epoch: 0 [6980/10000 (70%)] Unweighted L_s : L_Mnfld: 0.00083,  L_NonMnfld: 0.01300,  L_Nrml: 0.00000,  L_Eknl: 0.03565, L_Morse: 1.04983

Weights: [7000.0, 600.0, 0, 50.0, 0.0, 0.1], lr=5.000e-05
Epoch: 0 [6990/10000 (70%)] Loss: 16.33445 = L_Mnfld: 5.30272 + L_NonMnfld: 9.13462 + L_Nrml: 0.00000 + L_Eknl: 1.79128 + L_Div: 0.00000 + L_Morse: 0.10583
Epoch: 0 [6990/10000 (70%)] Unweighted L_s : L_Mnfld: 0.00076,  L_NonMnfld: 0.01522,  L_Nrml: 0.00000,  L_Eknl: 0.03583, L_Morse: 1.05829

Weights: [7000.0, 600.0, 0, 50.0, 0.0, 0.1], lr=5.000e-05
Epoch: 0 [7000/10000 (70%)] Loss: 15.65339 = L_Mnfld: 5.67117 + L_NonMnfld: 8.04747 + L_Nrml: 0.00000 + L_Eknl: 1.83311 + L_Div: 0.00000 + L_Morse: 0.10164
Epoch: 0 [7000/10000 (70%)] Unweighted L_s : L_Mnfld: 0.00081,  L_NonMnfld: 0.01341,  L_Nrml: 0.00000,  L_Eknl: 0.03666, L_Morse: 1.01637

Weights: [7000.0, 600.0, 0, 50.0, 0.0, 0.1], lr=5.000e-05
Epoch: 0 [7010/10000 (70%)] Loss: 15.55496 = L_Mnfld: 5.78857 + L_NonMnfld: 7.92141 + L_Nrml: 0.00000 + L_Eknl: 1.74187 + L_Div: 0.00000 + L_Morse: 0.10310
Epoch: 0 [7010/10000 (70%)] Unweighted L_s : L_Mnfld: 0.00083,  L_NonMnfld: 0.01320,  L_Nrml: 0.00000,  L_Eknl: 0.03484, L_Morse: 1.03098

Weights: [7000.0, 600.0, 0, 50.0, 0.0, 0.1], lr=5.000e-05
Epoch: 0 [7020/10000 (70%)] Loss: 16.40361 = L_Mnfld: 6.26816 + L_NonMnfld: 8.20056 + L_Nrml: 0.00000 + L_Eknl: 1.82482 + L_Div: 0.00000 + L_Morse: 0.11007
Epoch: 0 [7020/10000 (70%)] Unweighted L_s : L_Mnfld: 0.00090,  L_NonMnfld: 0.01367,  L_Nrml: 0.00000,  L_Eknl: 0.03650, L_Morse: 1.10065

Weights: [7000.0, 600.0, 0, 50.0, 0.0, 0.1], lr=5.000e-05
Epoch: 0 [7030/10000 (70%)] Loss: 16.17607 = L_Mnfld: 6.52747 + L_NonMnfld: 7.70415 + L_Nrml: 0.00000 + L_Eknl: 1.83949 + L_Div: 0.00000 + L_Morse: 0.10496
Epoch: 0 [7030/10000 (70%)] Unweighted L_s : L_Mnfld: 0.00093,  L_NonMnfld: 0.01284,  L_Nrml: 0.00000,  L_Eknl: 0.03679, L_Morse: 1.04958

Weights: [7000.0, 600.0, 0, 50.0, 0.0, 0.1], lr=5.000e-05
Epoch: 0 [7040/10000 (70%)] Loss: 15.83151 = L_Mnfld: 5.52511 + L_NonMnfld: 8.43935 + L_Nrml: 0.00000 + L_Eknl: 1.76506 + L_Div: 0.00000 + L_Morse: 0.10199
Epoch: 0 [7040/10000 (70%)] Unweighted L_s : L_Mnfld: 0.00079,  L_NonMnfld: 0.01407,  L_Nrml: 0.00000,  L_Eknl: 0.03530, L_Morse: 1.01993

Weights: [7000.0, 600.0, 0, 50.0, 0.0, 0.1], lr=5.000e-05
Epoch: 0 [7050/10000 (70%)] Loss: 16.15345 = L_Mnfld: 5.94360 + L_NonMnfld: 8.26082 + L_Nrml: 0.00000 + L_Eknl: 1.84069 + L_Div: 0.00000 + L_Morse: 0.10834
Epoch: 0 [7050/10000 (70%)] Unweighted L_s : L_Mnfld: 0.00085,  L_NonMnfld: 0.01377,  L_Nrml: 0.00000,  L_Eknl: 0.03681, L_Morse: 1.08342

Weights: [7000.0, 600.0, 0, 50.0, 0.0, 0.1], lr=5.000e-05
Epoch: 0 [7060/10000 (71%)] Loss: 16.54499 = L_Mnfld: 6.17384 + L_NonMnfld: 8.39112 + L_Nrml: 0.00000 + L_Eknl: 1.87731 + L_Div: 0.00000 + L_Morse: 0.10272
Epoch: 0 [7060/10000 (71%)] Unweighted L_s : L_Mnfld: 0.00088,  L_NonMnfld: 0.01399,  L_Nrml: 0.00000,  L_Eknl: 0.03755, L_Morse: 1.02718

Weights: [7000.0, 600.0, 0, 50.0, 0.0, 0.1], lr=5.000e-05
Epoch: 0 [7070/10000 (71%)] Loss: 15.82233 = L_Mnfld: 5.19686 + L_NonMnfld: 8.69591 + L_Nrml: 0.00000 + L_Eknl: 1.82521 + L_Div: 0.00000 + L_Morse: 0.10435
Epoch: 0 [7070/10000 (71%)] Unweighted L_s : L_Mnfld: 0.00074,  L_NonMnfld: 0.01449,  L_Nrml: 0.00000,  L_Eknl: 0.03650, L_Morse: 1.04346

Weights: [7000.0, 600.0, 0, 50.0, 0.0, 0.1], lr=5.000e-05
Epoch: 0 [7080/10000 (71%)] Loss: 15.43573 = L_Mnfld: 5.46782 + L_NonMnfld: 8.04410 + L_Nrml: 0.00000 + L_Eknl: 1.81968 + L_Div: 0.00000 + L_Morse: 0.10412
Epoch: 0 [7080/10000 (71%)] Unweighted L_s : L_Mnfld: 0.00078,  L_NonMnfld: 0.01341,  L_Nrml: 0.00000,  L_Eknl: 0.03639, L_Morse: 1.04121

Weights: [7000.0, 600.0, 0, 50.0, 0.0, 0.1], lr=5.000e-05
Epoch: 0 [7090/10000 (71%)] Loss: 15.70976 = L_Mnfld: 5.65517 + L_NonMnfld: 8.11916 + L_Nrml: 0.00000 + L_Eknl: 1.82947 + L_Div: 0.00000 + L_Morse: 0.10597
Epoch: 0 [7090/10000 (71%)] Unweighted L_s : L_Mnfld: 0.00081,  L_NonMnfld: 0.01353,  L_Nrml: 0.00000,  L_Eknl: 0.03659, L_Morse: 1.05973

Weights: [7000.0, 600.0, 0, 50.0, 0.0, 0.1], lr=5.000e-05
Epoch: 0 [7100/10000 (71%)] Loss: 16.30254 = L_Mnfld: 6.34906 + L_NonMnfld: 8.00510 + L_Nrml: 0.00000 + L_Eknl: 1.84072 + L_Div: 0.00000 + L_Morse: 0.10765
Epoch: 0 [7100/10000 (71%)] Unweighted L_s : L_Mnfld: 0.00091,  L_NonMnfld: 0.01334,  L_Nrml: 0.00000,  L_Eknl: 0.03681, L_Morse: 1.07653

Weights: [7000.0, 600.0, 0, 50.0, 0.0, 0.1], lr=5.000e-05
Epoch: 0 [7110/10000 (71%)] Loss: 17.39553 = L_Mnfld: 6.51599 + L_NonMnfld: 8.94309 + L_Nrml: 0.00000 + L_Eknl: 1.82541 + L_Div: 0.00000 + L_Morse: 0.11104
Epoch: 0 [7110/10000 (71%)] Unweighted L_s : L_Mnfld: 0.00093,  L_NonMnfld: 0.01491,  L_Nrml: 0.00000,  L_Eknl: 0.03651, L_Morse: 1.11036

Weights: [7000.0, 600.0, 0, 50.0, 0.0, 0.1], lr=5.000e-05
Epoch: 0 [7120/10000 (71%)] Loss: 16.72293 = L_Mnfld: 6.03045 + L_NonMnfld: 8.77323 + L_Nrml: 0.00000 + L_Eknl: 1.81528 + L_Div: 0.00000 + L_Morse: 0.10398
Epoch: 0 [7120/10000 (71%)] Unweighted L_s : L_Mnfld: 0.00086,  L_NonMnfld: 0.01462,  L_Nrml: 0.00000,  L_Eknl: 0.03631, L_Morse: 1.03978

Weights: [7000.0, 600.0, 0, 50.0, 0.0, 0.1], lr=5.000e-05
Epoch: 0 [7130/10000 (71%)] Loss: 15.13519 = L_Mnfld: 5.92938 + L_NonMnfld: 7.32529 + L_Nrml: 0.00000 + L_Eknl: 1.77354 + L_Div: 0.00000 + L_Morse: 0.10697
Epoch: 0 [7130/10000 (71%)] Unweighted L_s : L_Mnfld: 0.00085,  L_NonMnfld: 0.01221,  L_Nrml: 0.00000,  L_Eknl: 0.03547, L_Morse: 1.06968

Weights: [7000.0, 600.0, 0, 50.0, 0.0, 0.1], lr=5.000e-05
Epoch: 0 [7140/10000 (71%)] Loss: 15.67784 = L_Mnfld: 5.84197 + L_NonMnfld: 7.87533 + L_Nrml: 0.00000 + L_Eknl: 1.84622 + L_Div: 0.00000 + L_Morse: 0.11432
Epoch: 0 [7140/10000 (71%)] Unweighted L_s : L_Mnfld: 0.00083,  L_NonMnfld: 0.01313,  L_Nrml: 0.00000,  L_Eknl: 0.03692, L_Morse: 1.14318

Weights: [7000.0, 600.0, 0, 50.0, 0.0, 0.1], lr=5.000e-05
Epoch: 0 [7150/10000 (72%)] Loss: 16.25699 = L_Mnfld: 5.64428 + L_NonMnfld: 8.63736 + L_Nrml: 0.00000 + L_Eknl: 1.86710 + L_Div: 0.00000 + L_Morse: 0.10825
Epoch: 0 [7150/10000 (72%)] Unweighted L_s : L_Mnfld: 0.00081,  L_NonMnfld: 0.01440,  L_Nrml: 0.00000,  L_Eknl: 0.03734, L_Morse: 1.08248

Weights: [7000.0, 600.0, 0, 50.0, 0.0, 0.1], lr=5.000e-05
Epoch: 0 [7160/10000 (72%)] Loss: 15.70574 = L_Mnfld: 5.14507 + L_NonMnfld: 8.53758 + L_Nrml: 0.00000 + L_Eknl: 1.92181 + L_Div: 0.00000 + L_Morse: 0.10129
Epoch: 0 [7160/10000 (72%)] Unweighted L_s : L_Mnfld: 0.00074,  L_NonMnfld: 0.01423,  L_Nrml: 0.00000,  L_Eknl: 0.03844, L_Morse: 1.01288

Weights: [7000.0, 600.0, 0, 50.0, 0.0, 0.1], lr=5.000e-05
Epoch: 0 [7170/10000 (72%)] Loss: 14.76608 = L_Mnfld: 5.34343 + L_NonMnfld: 7.54003 + L_Nrml: 0.00000 + L_Eknl: 1.77551 + L_Div: 0.00000 + L_Morse: 0.10711
Epoch: 0 [7170/10000 (72%)] Unweighted L_s : L_Mnfld: 0.00076,  L_NonMnfld: 0.01257,  L_Nrml: 0.00000,  L_Eknl: 0.03551, L_Morse: 1.07115

Weights: [7000.0, 600.0, 0, 50.0, 0.0, 0.1], lr=5.000e-05
Epoch: 0 [7180/10000 (72%)] Loss: 15.01203 = L_Mnfld: 5.33957 + L_NonMnfld: 7.80787 + L_Nrml: 0.00000 + L_Eknl: 1.76276 + L_Div: 0.00000 + L_Morse: 0.10182
Epoch: 0 [7180/10000 (72%)] Unweighted L_s : L_Mnfld: 0.00076,  L_NonMnfld: 0.01301,  L_Nrml: 0.00000,  L_Eknl: 0.03526, L_Morse: 1.01816

Weights: [7000.0, 600.0, 0, 50.0, 0.0, 0.1], lr=5.000e-05
Epoch: 0 [7190/10000 (72%)] Loss: 14.80290 = L_Mnfld: 5.60633 + L_NonMnfld: 7.37734 + L_Nrml: 0.00000 + L_Eknl: 1.70652 + L_Div: 0.00000 + L_Morse: 0.11271
Epoch: 0 [7190/10000 (72%)] Unweighted L_s : L_Mnfld: 0.00080,  L_NonMnfld: 0.01230,  L_Nrml: 0.00000,  L_Eknl: 0.03413, L_Morse: 1.12706

Weights: [7000.0, 600.0, 0, 50.0, 0.0, 0.1], lr=5.000e-05
Epoch: 0 [7200/10000 (72%)] Loss: 16.00305 = L_Mnfld: 5.45518 + L_NonMnfld: 8.49126 + L_Nrml: 0.00000 + L_Eknl: 1.94640 + L_Div: 0.00000 + L_Morse: 0.11021
Epoch: 0 [7200/10000 (72%)] Unweighted L_s : L_Mnfld: 0.00078,  L_NonMnfld: 0.01415,  L_Nrml: 0.00000,  L_Eknl: 0.03893, L_Morse: 1.10207

Weights: [7000.0, 600.0, 0, 50.0, 0.0, 0.1], lr=5.000e-05
Epoch: 0 [7210/10000 (72%)] Loss: 15.59221 = L_Mnfld: 5.71221 + L_NonMnfld: 7.91188 + L_Nrml: 0.00000 + L_Eknl: 1.85988 + L_Div: 0.00000 + L_Morse: 0.10824
Epoch: 0 [7210/10000 (72%)] Unweighted L_s : L_Mnfld: 0.00082,  L_NonMnfld: 0.01319,  L_Nrml: 0.00000,  L_Eknl: 0.03720, L_Morse: 1.08241

Weights: [7000.0, 600.0, 0, 50.0, 0.0, 0.1], lr=5.000e-05
Epoch: 0 [7220/10000 (72%)] Loss: 14.52952 = L_Mnfld: 5.64018 + L_NonMnfld: 6.95268 + L_Nrml: 0.00000 + L_Eknl: 1.83034 + L_Div: 0.00000 + L_Morse: 0.10633
Epoch: 0 [7220/10000 (72%)] Unweighted L_s : L_Mnfld: 0.00081,  L_NonMnfld: 0.01159,  L_Nrml: 0.00000,  L_Eknl: 0.03661, L_Morse: 1.06330

Weights: [7000.0, 600.0, 0, 50.0, 0.0, 0.1], lr=5.000e-05
Epoch: 0 [7230/10000 (72%)] Loss: 15.92944 = L_Mnfld: 5.35788 + L_NonMnfld: 8.69854 + L_Nrml: 0.00000 + L_Eknl: 1.76636 + L_Div: 0.00000 + L_Morse: 0.10666
Epoch: 0 [7230/10000 (72%)] Unweighted L_s : L_Mnfld: 0.00077,  L_NonMnfld: 0.01450,  L_Nrml: 0.00000,  L_Eknl: 0.03533, L_Morse: 1.06660

Weights: [7000.0, 600.0, 0, 50.0, 0.0, 0.1], lr=5.000e-05
Epoch: 0 [7240/10000 (72%)] Loss: 16.05689 = L_Mnfld: 5.59115 + L_NonMnfld: 8.54113 + L_Nrml: 0.00000 + L_Eknl: 1.81896 + L_Div: 0.00000 + L_Morse: 0.10565
Epoch: 0 [7240/10000 (72%)] Unweighted L_s : L_Mnfld: 0.00080,  L_NonMnfld: 0.01424,  L_Nrml: 0.00000,  L_Eknl: 0.03638, L_Morse: 1.05649

Weights: [7000.0, 600.0, 0, 50.0, 0.0, 0.1], lr=5.000e-05
Epoch: 0 [7250/10000 (72%)] Loss: 14.79849 = L_Mnfld: 5.30734 + L_NonMnfld: 7.61800 + L_Nrml: 0.00000 + L_Eknl: 1.76877 + L_Div: 0.00000 + L_Morse: 0.10438
Epoch: 0 [7250/10000 (72%)] Unweighted L_s : L_Mnfld: 0.00076,  L_NonMnfld: 0.01270,  L_Nrml: 0.00000,  L_Eknl: 0.03538, L_Morse: 1.04379

Weights: [7000.0, 600.0, 0, 50.0, 0.0, 0.1], lr=5.000e-05
Epoch: 0 [7260/10000 (73%)] Loss: 15.96591 = L_Mnfld: 5.60540 + L_NonMnfld: 8.40581 + L_Nrml: 0.00000 + L_Eknl: 1.84555 + L_Div: 0.00000 + L_Morse: 0.10914
Epoch: 0 [7260/10000 (73%)] Unweighted L_s : L_Mnfld: 0.00080,  L_NonMnfld: 0.01401,  L_Nrml: 0.00000,  L_Eknl: 0.03691, L_Morse: 1.09145

Weights: [7000.0, 600.0, 0, 50.0, 0.0, 0.1], lr=5.000e-05
Epoch: 0 [7270/10000 (73%)] Loss: 15.23495 = L_Mnfld: 5.43315 + L_NonMnfld: 7.81915 + L_Nrml: 0.00000 + L_Eknl: 1.87872 + L_Div: 0.00000 + L_Morse: 0.10392
Epoch: 0 [7270/10000 (73%)] Unweighted L_s : L_Mnfld: 0.00078,  L_NonMnfld: 0.01303,  L_Nrml: 0.00000,  L_Eknl: 0.03757, L_Morse: 1.03920

Weights: [7000.0, 600.0, 0, 50.0, 0.0, 0.1], lr=5.000e-05
Epoch: 0 [7280/10000 (73%)] Loss: 15.78198 = L_Mnfld: 5.49083 + L_NonMnfld: 8.49244 + L_Nrml: 0.00000 + L_Eknl: 1.69511 + L_Div: 0.00000 + L_Morse: 0.10359
Epoch: 0 [7280/10000 (73%)] Unweighted L_s : L_Mnfld: 0.00078,  L_NonMnfld: 0.01415,  L_Nrml: 0.00000,  L_Eknl: 0.03390, L_Morse: 1.03594

Weights: [7000.0, 600.0, 0, 50.0, 0.0, 0.1], lr=5.000e-05
Epoch: 0 [7290/10000 (73%)] Loss: 16.21788 = L_Mnfld: 5.67327 + L_NonMnfld: 8.64629 + L_Nrml: 0.00000 + L_Eknl: 1.79623 + L_Div: 0.00000 + L_Morse: 0.10209
Epoch: 0 [7290/10000 (73%)] Unweighted L_s : L_Mnfld: 0.00081,  L_NonMnfld: 0.01441,  L_Nrml: 0.00000,  L_Eknl: 0.03592, L_Morse: 1.02091

Weights: [7000.0, 600.0, 0, 50.0, 0.0, 0.1], lr=5.000e-05
Epoch: 0 [7300/10000 (73%)] Loss: 16.11037 = L_Mnfld: 5.70857 + L_NonMnfld: 8.44145 + L_Nrml: 0.00000 + L_Eknl: 1.84636 + L_Div: 0.00000 + L_Morse: 0.11398
Epoch: 0 [7300/10000 (73%)] Unweighted L_s : L_Mnfld: 0.00082,  L_NonMnfld: 0.01407,  L_Nrml: 0.00000,  L_Eknl: 0.03693, L_Morse: 1.13982

Weights: [7000.0, 600.0, 0, 50.0, 0.0, 0.1], lr=5.000e-05
Epoch: 0 [7310/10000 (73%)] Loss: 16.22896 = L_Mnfld: 6.22870 + L_NonMnfld: 8.08005 + L_Nrml: 0.00000 + L_Eknl: 1.81150 + L_Div: 0.00000 + L_Morse: 0.10870
Epoch: 0 [7310/10000 (73%)] Unweighted L_s : L_Mnfld: 0.00089,  L_NonMnfld: 0.01347,  L_Nrml: 0.00000,  L_Eknl: 0.03623, L_Morse: 1.08704

Weights: [7000.0, 600.0, 0, 50.0, 0.0, 0.1], lr=5.000e-05
Epoch: 0 [7320/10000 (73%)] Loss: 15.20786 = L_Mnfld: 6.13724 + L_NonMnfld: 7.15823 + L_Nrml: 0.00000 + L_Eknl: 1.80626 + L_Div: 0.00000 + L_Morse: 0.10613
Epoch: 0 [7320/10000 (73%)] Unweighted L_s : L_Mnfld: 0.00088,  L_NonMnfld: 0.01193,  L_Nrml: 0.00000,  L_Eknl: 0.03613, L_Morse: 1.06125

Weights: [7000.0, 600.0, 0, 50.0, 0.0, 0.1], lr=5.000e-05
Epoch: 0 [7330/10000 (73%)] Loss: 15.63895 = L_Mnfld: 6.04261 + L_NonMnfld: 7.61741 + L_Nrml: 0.00000 + L_Eknl: 1.86905 + L_Div: 0.00000 + L_Morse: 0.10988
Epoch: 0 [7330/10000 (73%)] Unweighted L_s : L_Mnfld: 0.00086,  L_NonMnfld: 0.01270,  L_Nrml: 0.00000,  L_Eknl: 0.03738, L_Morse: 1.09882

Weights: [7000.0, 600.0, 0, 50.0, 0.0, 0.1], lr=5.000e-05
Epoch: 0 [7340/10000 (73%)] Loss: 15.53298 = L_Mnfld: 5.97456 + L_NonMnfld: 7.65315 + L_Nrml: 0.00000 + L_Eknl: 1.79515 + L_Div: 0.00000 + L_Morse: 0.11012
Epoch: 0 [7340/10000 (73%)] Unweighted L_s : L_Mnfld: 0.00085,  L_NonMnfld: 0.01276,  L_Nrml: 0.00000,  L_Eknl: 0.03590, L_Morse: 1.10124

Weights: [7000.0, 600.0, 0, 50.0, 0.0, 0.1], lr=5.000e-05
Epoch: 0 [7350/10000 (74%)] Loss: 16.05289 = L_Mnfld: 5.47607 + L_NonMnfld: 8.71686 + L_Nrml: 0.00000 + L_Eknl: 1.75044 + L_Div: 0.00000 + L_Morse: 0.10953
Epoch: 0 [7350/10000 (74%)] Unweighted L_s : L_Mnfld: 0.00078,  L_NonMnfld: 0.01453,  L_Nrml: 0.00000,  L_Eknl: 0.03501, L_Morse: 1.09532

Weights: [7000.0, 600.0, 0, 50.0, 0.0, 0.1], lr=5.000e-05
Epoch: 0 [7360/10000 (74%)] Loss: 15.82876 = L_Mnfld: 5.42501 + L_NonMnfld: 8.46750 + L_Nrml: 0.00000 + L_Eknl: 1.82672 + L_Div: 0.00000 + L_Morse: 0.10952
Epoch: 0 [7360/10000 (74%)] Unweighted L_s : L_Mnfld: 0.00078,  L_NonMnfld: 0.01411,  L_Nrml: 0.00000,  L_Eknl: 0.03653, L_Morse: 1.09518

Weights: [7000.0, 600.0, 0, 50.0, 0.0, 0.1], lr=5.000e-05
Epoch: 0 [7370/10000 (74%)] Loss: 15.63393 = L_Mnfld: 5.81515 + L_NonMnfld: 7.87422 + L_Nrml: 0.00000 + L_Eknl: 1.83502 + L_Div: 0.00000 + L_Morse: 0.10954
Epoch: 0 [7370/10000 (74%)] Unweighted L_s : L_Mnfld: 0.00083,  L_NonMnfld: 0.01312,  L_Nrml: 0.00000,  L_Eknl: 0.03670, L_Morse: 1.09545

Weights: [7000.0, 600.0, 0, 50.0, 0.0, 0.1], lr=5.000e-05
Epoch: 0 [7380/10000 (74%)] Loss: 15.82192 = L_Mnfld: 5.67999 + L_NonMnfld: 8.21896 + L_Nrml: 0.00000 + L_Eknl: 1.80841 + L_Div: 0.00000 + L_Morse: 0.11456
Epoch: 0 [7380/10000 (74%)] Unweighted L_s : L_Mnfld: 0.00081,  L_NonMnfld: 0.01370,  L_Nrml: 0.00000,  L_Eknl: 0.03617, L_Morse: 1.14557

Weights: [7000.0, 600.0, 0, 50.0, 0.0, 0.1], lr=5.000e-05
Epoch: 0 [7390/10000 (74%)] Loss: 15.46187 = L_Mnfld: 5.53483 + L_NonMnfld: 8.10086 + L_Nrml: 0.00000 + L_Eknl: 1.72210 + L_Div: 0.00000 + L_Morse: 0.10408
Epoch: 0 [7390/10000 (74%)] Unweighted L_s : L_Mnfld: 0.00079,  L_NonMnfld: 0.01350,  L_Nrml: 0.00000,  L_Eknl: 0.03444, L_Morse: 1.04076

Weights: [7000.0, 600.0, 0, 50.0, 0.0, 0.1], lr=5.000e-05
Epoch: 0 [7400/10000 (74%)] Loss: 15.69170 = L_Mnfld: 5.23801 + L_NonMnfld: 8.60054 + L_Nrml: 0.00000 + L_Eknl: 1.75045 + L_Div: 0.00000 + L_Morse: 0.10270
Epoch: 0 [7400/10000 (74%)] Unweighted L_s : L_Mnfld: 0.00075,  L_NonMnfld: 0.01433,  L_Nrml: 0.00000,  L_Eknl: 0.03501, L_Morse: 1.02698

Weights: [7000.0, 600.0, 0, 50.0, 0.0, 0.1], lr=5.000e-05
Epoch: 0 [7410/10000 (74%)] Loss: 15.36065 = L_Mnfld: 5.38394 + L_NonMnfld: 8.21319 + L_Nrml: 0.00000 + L_Eknl: 1.65898 + L_Div: 0.00000 + L_Morse: 0.10454
Epoch: 0 [7410/10000 (74%)] Unweighted L_s : L_Mnfld: 0.00077,  L_NonMnfld: 0.01369,  L_Nrml: 0.00000,  L_Eknl: 0.03318, L_Morse: 1.04538

Weights: [7000.0, 600.0, 0, 50.0, 0.0, 0.1], lr=5.000e-05
Epoch: 0 [7420/10000 (74%)] Loss: 15.38570 = L_Mnfld: 5.44623 + L_NonMnfld: 7.98803 + L_Nrml: 0.00000 + L_Eknl: 1.84246 + L_Div: 0.00000 + L_Morse: 0.10898
Epoch: 0 [7420/10000 (74%)] Unweighted L_s : L_Mnfld: 0.00078,  L_NonMnfld: 0.01331,  L_Nrml: 0.00000,  L_Eknl: 0.03685, L_Morse: 1.08983

Weights: [7000.0, 600.0, 0, 50.0, 0.0, 0.1], lr=5.000e-05
Epoch: 0 [7430/10000 (74%)] Loss: 15.57301 = L_Mnfld: 5.84766 + L_NonMnfld: 7.78529 + L_Nrml: 0.00000 + L_Eknl: 1.83353 + L_Div: 0.00000 + L_Morse: 0.10652
Epoch: 0 [7430/10000 (74%)] Unweighted L_s : L_Mnfld: 0.00084,  L_NonMnfld: 0.01298,  L_Nrml: 0.00000,  L_Eknl: 0.03667, L_Morse: 1.06523

Weights: [7000.0, 600.0, 0, 50.0, 0.0, 0.1], lr=5.000e-05
Epoch: 0 [7440/10000 (74%)] Loss: 15.79113 = L_Mnfld: 5.93476 + L_NonMnfld: 7.94142 + L_Nrml: 0.00000 + L_Eknl: 1.81054 + L_Div: 0.00000 + L_Morse: 0.10442
Epoch: 0 [7440/10000 (74%)] Unweighted L_s : L_Mnfld: 0.00085,  L_NonMnfld: 0.01324,  L_Nrml: 0.00000,  L_Eknl: 0.03621, L_Morse: 1.04416

Weights: [7000.0, 600.0, 0, 50.0, 0.0, 0.1], lr=5.000e-05
Epoch: 0 [7450/10000 (74%)] Loss: 16.59632 = L_Mnfld: 5.94396 + L_NonMnfld: 8.72352 + L_Nrml: 0.00000 + L_Eknl: 1.82074 + L_Div: 0.00000 + L_Morse: 0.10810
Epoch: 0 [7450/10000 (74%)] Unweighted L_s : L_Mnfld: 0.00085,  L_NonMnfld: 0.01454,  L_Nrml: 0.00000,  L_Eknl: 0.03641, L_Morse: 1.08096

Weights: [7000.0, 600.0, 0, 50.0, 0.0, 0.1], lr=5.000e-05
Epoch: 0 [7460/10000 (75%)] Loss: 14.74153 = L_Mnfld: 5.44801 + L_NonMnfld: 7.37959 + L_Nrml: 0.00000 + L_Eknl: 1.80171 + L_Div: 0.00000 + L_Morse: 0.11222
Epoch: 0 [7460/10000 (75%)] Unweighted L_s : L_Mnfld: 0.00078,  L_NonMnfld: 0.01230,  L_Nrml: 0.00000,  L_Eknl: 0.03603, L_Morse: 1.12225

Weights: [7000.0, 600.0, 0, 50.0, 0.0, 0.1], lr=5.000e-05
Epoch: 0 [7470/10000 (75%)] Loss: 15.25774 = L_Mnfld: 5.57412 + L_NonMnfld: 7.75925 + L_Nrml: 0.00000 + L_Eknl: 1.81656 + L_Div: 0.00000 + L_Morse: 0.10781
Epoch: 0 [7470/10000 (75%)] Unweighted L_s : L_Mnfld: 0.00080,  L_NonMnfld: 0.01293,  L_Nrml: 0.00000,  L_Eknl: 0.03633, L_Morse: 1.07812

Weights: [7000.0, 600.0, 0, 50.0, 0.0, 0.1], lr=5.000e-05
Epoch: 0 [7480/10000 (75%)] Loss: 15.49389 = L_Mnfld: 5.72502 + L_NonMnfld: 7.92969 + L_Nrml: 0.00000 + L_Eknl: 1.73221 + L_Div: 0.00000 + L_Morse: 0.10698
Epoch: 0 [7480/10000 (75%)] Unweighted L_s : L_Mnfld: 0.00082,  L_NonMnfld: 0.01322,  L_Nrml: 0.00000,  L_Eknl: 0.03464, L_Morse: 1.06982

Weights: [7000.0, 600.0, 0, 50.0, 0.0, 0.1], lr=5.000e-05
Epoch: 0 [7490/10000 (75%)] Loss: 15.48968 = L_Mnfld: 5.27305 + L_NonMnfld: 8.32753 + L_Nrml: 0.00000 + L_Eknl: 1.78075 + L_Div: 0.00000 + L_Morse: 0.10836
Epoch: 0 [7490/10000 (75%)] Unweighted L_s : L_Mnfld: 0.00075,  L_NonMnfld: 0.01388,  L_Nrml: 0.00000,  L_Eknl: 0.03561, L_Morse: 1.08356

Weights: [7000.0, 600.0, 0, 50.0, 0.0, 0.1], lr=5.000e-05
Epoch: 0 [7500/10000 (75%)] Loss: 15.66464 = L_Mnfld: 5.67495 + L_NonMnfld: 8.15001 + L_Nrml: 0.00000 + L_Eknl: 1.73409 + L_Div: 0.00000 + L_Morse: 0.10559
Epoch: 0 [7500/10000 (75%)] Unweighted L_s : L_Mnfld: 0.00081,  L_NonMnfld: 0.01358,  L_Nrml: 0.00000,  L_Eknl: 0.03468, L_Morse: 1.05589

Weights: [7000.0, 600.0, 0, 50.0, 0.0, 0.1], lr=5.000e-05
Epoch: 0 [7510/10000 (75%)] Loss: 15.58793 = L_Mnfld: 5.90387 + L_NonMnfld: 7.77273 + L_Nrml: 0.00000 + L_Eknl: 1.80376 + L_Div: 0.00000 + L_Morse: 0.10757
Epoch: 0 [7510/10000 (75%)] Unweighted L_s : L_Mnfld: 0.00084,  L_NonMnfld: 0.01295,  L_Nrml: 0.00000,  L_Eknl: 0.03608, L_Morse: 1.07574

Weights: [7000.0, 600.0, 0, 50.0, 0.0, 0.1], lr=5.000e-05
Epoch: 0 [7520/10000 (75%)] Loss: 15.68643 = L_Mnfld: 6.01419 + L_NonMnfld: 7.69259 + L_Nrml: 0.00000 + L_Eknl: 1.86889 + L_Div: 0.00000 + L_Morse: 0.11076
Epoch: 0 [7520/10000 (75%)] Unweighted L_s : L_Mnfld: 0.00086,  L_NonMnfld: 0.01282,  L_Nrml: 0.00000,  L_Eknl: 0.03738, L_Morse: 1.10758

Weights: [7000.0, 600.0, 0, 50.0, 0.0, 0.1], lr=5.000e-05
Epoch: 0 [7530/10000 (75%)] Loss: 15.48375 = L_Mnfld: 6.11852 + L_NonMnfld: 7.36640 + L_Nrml: 0.00000 + L_Eknl: 1.89217 + L_Div: 0.00000 + L_Morse: 0.10666
Epoch: 0 [7530/10000 (75%)] Unweighted L_s : L_Mnfld: 0.00087,  L_NonMnfld: 0.01228,  L_Nrml: 0.00000,  L_Eknl: 0.03784, L_Morse: 1.06655

Weights: [7000.0, 600.0, 0, 50.0, 0.0, 0.1], lr=5.000e-05
Epoch: 0 [7540/10000 (75%)] Loss: 16.67836 = L_Mnfld: 6.05898 + L_NonMnfld: 8.65321 + L_Nrml: 0.00000 + L_Eknl: 1.85560 + L_Div: 0.00000 + L_Morse: 0.11057
Epoch: 0 [7540/10000 (75%)] Unweighted L_s : L_Mnfld: 0.00087,  L_NonMnfld: 0.01442,  L_Nrml: 0.00000,  L_Eknl: 0.03711, L_Morse: 1.10570

Weights: [7000.0, 600.0, 0, 50.0, 0.0, 0.1], lr=5.000e-05
Epoch: 0 [7550/10000 (76%)] Loss: 15.65820 = L_Mnfld: 5.53249 + L_NonMnfld: 8.30452 + L_Nrml: 0.00000 + L_Eknl: 1.71443 + L_Div: 0.00000 + L_Morse: 0.10675
Epoch: 0 [7550/10000 (76%)] Unweighted L_s : L_Mnfld: 0.00079,  L_NonMnfld: 0.01384,  L_Nrml: 0.00000,  L_Eknl: 0.03429, L_Morse: 1.06753

Weights: [7000.0, 600.0, 0, 50.0, 0.0, 0.1], lr=5.000e-05
Epoch: 0 [7560/10000 (76%)] Loss: 16.27821 = L_Mnfld: 5.83342 + L_NonMnfld: 8.49848 + L_Nrml: 0.00000 + L_Eknl: 1.83407 + L_Div: 0.00000 + L_Morse: 0.11223
Epoch: 0 [7560/10000 (76%)] Unweighted L_s : L_Mnfld: 0.00083,  L_NonMnfld: 0.01416,  L_Nrml: 0.00000,  L_Eknl: 0.03668, L_Morse: 1.12233

Weights: [7000.0, 600.0, 0, 50.0, 0.0, 0.1], lr=5.000e-05
Epoch: 0 [7570/10000 (76%)] Loss: 15.75873 = L_Mnfld: 6.18411 + L_NonMnfld: 7.66579 + L_Nrml: 0.00000 + L_Eknl: 1.80445 + L_Div: 0.00000 + L_Morse: 0.10439
Epoch: 0 [7570/10000 (76%)] Unweighted L_s : L_Mnfld: 0.00088,  L_NonMnfld: 0.01278,  L_Nrml: 0.00000,  L_Eknl: 0.03609, L_Morse: 1.04386

Weights: [7000.0, 600.0, 0, 50.0, 0.0, 0.1], lr=5.000e-05
Epoch: 0 [7580/10000 (76%)] Loss: 15.95109 = L_Mnfld: 5.99504 + L_NonMnfld: 7.98685 + L_Nrml: 0.00000 + L_Eknl: 1.86262 + L_Div: 0.00000 + L_Morse: 0.10659
Epoch: 0 [7580/10000 (76%)] Unweighted L_s : L_Mnfld: 0.00086,  L_NonMnfld: 0.01331,  L_Nrml: 0.00000,  L_Eknl: 0.03725, L_Morse: 1.06586

Weights: [7000.0, 600.0, 0, 50.0, 0.0, 0.1], lr=5.000e-05
Epoch: 0 [7590/10000 (76%)] Loss: 16.00982 = L_Mnfld: 5.62729 + L_NonMnfld: 8.57025 + L_Nrml: 0.00000 + L_Eknl: 1.70199 + L_Div: 0.00000 + L_Morse: 0.11028
Epoch: 0 [7590/10000 (76%)] Unweighted L_s : L_Mnfld: 0.00080,  L_NonMnfld: 0.01428,  L_Nrml: 0.00000,  L_Eknl: 0.03404, L_Morse: 1.10283

Weights: [7000.0, 600.0, 0, 50.0, 0.0, 0.1], lr=5.000e-05
Epoch: 0 [7600/10000 (76%)] Loss: 15.46193 = L_Mnfld: 5.34121 + L_NonMnfld: 8.16979 + L_Nrml: 0.00000 + L_Eknl: 1.83409 + L_Div: 0.00000 + L_Morse: 0.11684
Epoch: 0 [7600/10000 (76%)] Unweighted L_s : L_Mnfld: 0.00076,  L_NonMnfld: 0.01362,  L_Nrml: 0.00000,  L_Eknl: 0.03668, L_Morse: 1.16838

Weights: [7000.0, 600.0, 0, 50.0, 0.0, 0.1], lr=5.000e-05
Epoch: 0 [7610/10000 (76%)] Loss: 15.25021 = L_Mnfld: 5.52103 + L_NonMnfld: 7.82938 + L_Nrml: 0.00000 + L_Eknl: 1.79351 + L_Div: 0.00000 + L_Morse: 0.10630
Epoch: 0 [7610/10000 (76%)] Unweighted L_s : L_Mnfld: 0.00079,  L_NonMnfld: 0.01305,  L_Nrml: 0.00000,  L_Eknl: 0.03587, L_Morse: 1.06302

Weights: [7000.0, 600.0, 0, 50.0, 0.0, 0.1], lr=5.000e-05
Epoch: 0 [7620/10000 (76%)] Loss: 16.90155 = L_Mnfld: 5.77160 + L_NonMnfld: 9.24109 + L_Nrml: 0.00000 + L_Eknl: 1.78377 + L_Div: 0.00000 + L_Morse: 0.10509
Epoch: 0 [7620/10000 (76%)] Unweighted L_s : L_Mnfld: 0.00082,  L_NonMnfld: 0.01540,  L_Nrml: 0.00000,  L_Eknl: 0.03568, L_Morse: 1.05087

Weights: [7000.0, 600.0, 0, 50.0, 0.0, 0.1], lr=5.000e-05
Epoch: 0 [7630/10000 (76%)] Loss: 16.07567 = L_Mnfld: 5.84659 + L_NonMnfld: 8.43298 + L_Nrml: 0.00000 + L_Eknl: 1.68980 + L_Div: 0.00000 + L_Morse: 0.10630
Epoch: 0 [7630/10000 (76%)] Unweighted L_s : L_Mnfld: 0.00084,  L_NonMnfld: 0.01405,  L_Nrml: 0.00000,  L_Eknl: 0.03380, L_Morse: 1.06298

Weights: [7000.0, 600.0, 0, 50.0, 0.0, 0.1], lr=5.000e-05
Epoch: 0 [7640/10000 (76%)] Loss: 15.27895 = L_Mnfld: 5.39475 + L_NonMnfld: 7.96303 + L_Nrml: 0.00000 + L_Eknl: 1.81624 + L_Div: 0.00000 + L_Morse: 0.10493
Epoch: 0 [7640/10000 (76%)] Unweighted L_s : L_Mnfld: 0.00077,  L_NonMnfld: 0.01327,  L_Nrml: 0.00000,  L_Eknl: 0.03632, L_Morse: 1.04930

Weights: [7000.0, 600.0, 0, 50.0, 0.0, 0.1], lr=5.000e-05
Epoch: 0 [7650/10000 (76%)] Loss: 15.22946 = L_Mnfld: 5.40988 + L_NonMnfld: 7.85191 + L_Nrml: 0.00000 + L_Eknl: 1.86098 + L_Div: 0.00000 + L_Morse: 0.10669
Epoch: 0 [7650/10000 (76%)] Unweighted L_s : L_Mnfld: 0.00077,  L_NonMnfld: 0.01309,  L_Nrml: 0.00000,  L_Eknl: 0.03722, L_Morse: 1.06693

Weights: [7000.0, 600.0, 0, 50.0, 0.0, 0.1], lr=5.000e-05
Epoch: 0 [7660/10000 (77%)] Loss: 15.25243 = L_Mnfld: 5.43631 + L_NonMnfld: 7.85758 + L_Nrml: 0.00000 + L_Eknl: 1.85258 + L_Div: 0.00000 + L_Morse: 0.10596
Epoch: 0 [7660/10000 (77%)] Unweighted L_s : L_Mnfld: 0.00078,  L_NonMnfld: 0.01310,  L_Nrml: 0.00000,  L_Eknl: 0.03705, L_Morse: 1.05964

Weights: [7000.0, 600.0, 0, 50.0, 0.0, 0.1], lr=5.000e-05
Epoch: 0 [7670/10000 (77%)] Loss: 16.71384 = L_Mnfld: 5.57993 + L_NonMnfld: 9.28196 + L_Nrml: 0.00000 + L_Eknl: 1.74085 + L_Div: 0.00000 + L_Morse: 0.11111
Epoch: 0 [7670/10000 (77%)] Unweighted L_s : L_Mnfld: 0.00080,  L_NonMnfld: 0.01547,  L_Nrml: 0.00000,  L_Eknl: 0.03482, L_Morse: 1.11107

Weights: [7000.0, 600.0, 0, 50.0, 0.0, 0.1], lr=5.000e-05
Epoch: 0 [7680/10000 (77%)] Loss: 14.82856 = L_Mnfld: 5.16043 + L_NonMnfld: 7.80931 + L_Nrml: 0.00000 + L_Eknl: 1.74848 + L_Div: 0.00000 + L_Morse: 0.11034
Epoch: 0 [7680/10000 (77%)] Unweighted L_s : L_Mnfld: 0.00074,  L_NonMnfld: 0.01302,  L_Nrml: 0.00000,  L_Eknl: 0.03497, L_Morse: 1.10335

Weights: [7000.0, 600.0, 0, 50.0, 0.0, 0.1], lr=5.000e-05
Epoch: 0 [7690/10000 (77%)] Loss: 15.09435 = L_Mnfld: 5.21186 + L_NonMnfld: 7.96848 + L_Nrml: 0.00000 + L_Eknl: 1.80354 + L_Div: 0.00000 + L_Morse: 0.11047
Epoch: 0 [7690/10000 (77%)] Unweighted L_s : L_Mnfld: 0.00074,  L_NonMnfld: 0.01328,  L_Nrml: 0.00000,  L_Eknl: 0.03607, L_Morse: 1.10470

Weights: [7000.0, 600.0, 0, 50.0, 0.0, 0.1], lr=5.000e-05
Epoch: 0 [7700/10000 (77%)] Loss: 15.50308 = L_Mnfld: 5.29936 + L_NonMnfld: 8.29111 + L_Nrml: 0.00000 + L_Eknl: 1.80379 + L_Div: 0.00000 + L_Morse: 0.10882
Epoch: 0 [7700/10000 (77%)] Unweighted L_s : L_Mnfld: 0.00076,  L_NonMnfld: 0.01382,  L_Nrml: 0.00000,  L_Eknl: 0.03608, L_Morse: 1.08821

Weights: [7000.0, 600.0, 0, 50.0, 0.0, 0.1], lr=5.000e-05
Epoch: 0 [7710/10000 (77%)] Loss: 14.88154 = L_Mnfld: 5.21726 + L_NonMnfld: 7.90816 + L_Nrml: 0.00000 + L_Eknl: 1.64975 + L_Div: 0.00000 + L_Morse: 0.10637
Epoch: 0 [7710/10000 (77%)] Unweighted L_s : L_Mnfld: 0.00075,  L_NonMnfld: 0.01318,  L_Nrml: 0.00000,  L_Eknl: 0.03300, L_Morse: 1.06366

Weights: [7000.0, 600.0, 0, 50.0, 0.0, 0.1], lr=5.000e-05
Epoch: 0 [7720/10000 (77%)] Loss: 14.33921 = L_Mnfld: 5.23039 + L_NonMnfld: 7.32185 + L_Nrml: 0.00000 + L_Eknl: 1.68170 + L_Div: 0.00000 + L_Morse: 0.10527
Epoch: 0 [7720/10000 (77%)] Unweighted L_s : L_Mnfld: 0.00075,  L_NonMnfld: 0.01220,  L_Nrml: 0.00000,  L_Eknl: 0.03363, L_Morse: 1.05268

Weights: [7000.0, 600.0, 0, 50.0, 0.0, 0.1], lr=5.000e-05
Epoch: 0 [7730/10000 (77%)] Loss: 15.91840 = L_Mnfld: 5.80919 + L_NonMnfld: 8.24296 + L_Nrml: 0.00000 + L_Eknl: 1.76338 + L_Div: 0.00000 + L_Morse: 0.10287
Epoch: 0 [7730/10000 (77%)] Unweighted L_s : L_Mnfld: 0.00083,  L_NonMnfld: 0.01374,  L_Nrml: 0.00000,  L_Eknl: 0.03527, L_Morse: 1.02866

Weights: [7000.0, 600.0, 0, 50.0, 0.0, 0.1], lr=5.000e-05
Epoch: 0 [7740/10000 (77%)] Loss: 15.66227 = L_Mnfld: 5.40914 + L_NonMnfld: 8.44835 + L_Nrml: 0.00000 + L_Eknl: 1.69925 + L_Div: 0.00000 + L_Morse: 0.10552
Epoch: 0 [7740/10000 (77%)] Unweighted L_s : L_Mnfld: 0.00077,  L_NonMnfld: 0.01408,  L_Nrml: 0.00000,  L_Eknl: 0.03399, L_Morse: 1.05523

Weights: [7000.0, 600.0, 0, 50.0, 0.0, 0.1], lr=5.000e-05
Epoch: 0 [7750/10000 (78%)] Loss: 15.15919 = L_Mnfld: 5.06253 + L_NonMnfld: 8.34212 + L_Nrml: 0.00000 + L_Eknl: 1.64827 + L_Div: 0.00000 + L_Morse: 0.10626
Epoch: 0 [7750/10000 (78%)] Unweighted L_s : L_Mnfld: 0.00072,  L_NonMnfld: 0.01390,  L_Nrml: 0.00000,  L_Eknl: 0.03297, L_Morse: 1.06263

Weights: [7000.0, 600.0, 0, 50.0, 0.0, 0.1], lr=5.000e-05
Epoch: 0 [7760/10000 (78%)] Loss: 15.39206 = L_Mnfld: 4.79900 + L_NonMnfld: 8.82923 + L_Nrml: 0.00000 + L_Eknl: 1.66227 + L_Div: 0.00000 + L_Morse: 0.10155
Epoch: 0 [7760/10000 (78%)] Unweighted L_s : L_Mnfld: 0.00069,  L_NonMnfld: 0.01472,  L_Nrml: 0.00000,  L_Eknl: 0.03325, L_Morse: 1.01553

Weights: [7000.0, 600.0, 0, 50.0, 0.0, 0.1], lr=5.000e-05
Epoch: 0 [7770/10000 (78%)] Loss: 15.21228 = L_Mnfld: 5.61350 + L_NonMnfld: 7.62004 + L_Nrml: 0.00000 + L_Eknl: 1.86925 + L_Div: 0.00000 + L_Morse: 0.10950
Epoch: 0 [7770/10000 (78%)] Unweighted L_s : L_Mnfld: 0.00080,  L_NonMnfld: 0.01270,  L_Nrml: 0.00000,  L_Eknl: 0.03738, L_Morse: 1.09496

Weights: [7000.0, 600.0, 0, 50.0, 0.0, 0.1], lr=5.000e-05
Epoch: 0 [7780/10000 (78%)] Loss: 15.75977 = L_Mnfld: 5.07874 + L_NonMnfld: 8.77162 + L_Nrml: 0.00000 + L_Eknl: 1.79542 + L_Div: 0.00000 + L_Morse: 0.11399
Epoch: 0 [7780/10000 (78%)] Unweighted L_s : L_Mnfld: 0.00073,  L_NonMnfld: 0.01462,  L_Nrml: 0.00000,  L_Eknl: 0.03591, L_Morse: 1.13993

Weights: [7000.0, 600.0, 0, 50.0, 0.0, 0.1], lr=5.000e-05
Epoch: 0 [7790/10000 (78%)] Loss: 16.06839 = L_Mnfld: 5.45874 + L_NonMnfld: 8.73141 + L_Nrml: 0.00000 + L_Eknl: 1.77169 + L_Div: 0.00000 + L_Morse: 0.10656
Epoch: 0 [7790/10000 (78%)] Unweighted L_s : L_Mnfld: 0.00078,  L_NonMnfld: 0.01455,  L_Nrml: 0.00000,  L_Eknl: 0.03543, L_Morse: 1.06563

Weights: [7000.0, 600.0, 0, 50.0, 0.0, 0.1], lr=5.000e-05
Epoch: 0 [7800/10000 (78%)] Loss: 15.01525 = L_Mnfld: 5.12826 + L_NonMnfld: 8.05242 + L_Nrml: 0.00000 + L_Eknl: 1.72858 + L_Div: 0.00000 + L_Morse: 0.10600
Epoch: 0 [7800/10000 (78%)] Unweighted L_s : L_Mnfld: 0.00073,  L_NonMnfld: 0.01342,  L_Nrml: 0.00000,  L_Eknl: 0.03457, L_Morse: 1.06003

Weights: [7000.0, 600.0, 0, 50.0, 0.0, 0.1], lr=5.000e-05
Epoch: 0 [7810/10000 (78%)] Loss: 15.66525 = L_Mnfld: 5.45810 + L_NonMnfld: 8.32625 + L_Nrml: 0.00000 + L_Eknl: 1.77592 + L_Div: 0.00000 + L_Morse: 0.10499
Epoch: 0 [7810/10000 (78%)] Unweighted L_s : L_Mnfld: 0.00078,  L_NonMnfld: 0.01388,  L_Nrml: 0.00000,  L_Eknl: 0.03552, L_Morse: 1.04987

Weights: [7000.0, 600.0, 0, 50.0, 0.0, 0.1], lr=5.000e-05
Epoch: 0 [7820/10000 (78%)] Loss: 15.12510 = L_Mnfld: 5.49022 + L_NonMnfld: 7.57987 + L_Nrml: 0.00000 + L_Eknl: 1.94892 + L_Div: 0.00000 + L_Morse: 0.10608
Epoch: 0 [7820/10000 (78%)] Unweighted L_s : L_Mnfld: 0.00078,  L_NonMnfld: 0.01263,  L_Nrml: 0.00000,  L_Eknl: 0.03898, L_Morse: 1.06084

Weights: [7000.0, 600.0, 0, 50.0, 0.0, 0.1], lr=5.000e-05
Epoch: 0 [7830/10000 (78%)] Loss: 14.36081 = L_Mnfld: 5.08857 + L_NonMnfld: 7.37447 + L_Nrml: 0.00000 + L_Eknl: 1.79061 + L_Div: 0.00000 + L_Morse: 0.10716
Epoch: 0 [7830/10000 (78%)] Unweighted L_s : L_Mnfld: 0.00073,  L_NonMnfld: 0.01229,  L_Nrml: 0.00000,  L_Eknl: 0.03581, L_Morse: 1.07161

Weights: [7000.0, 600.0, 0, 50.0, 0.0, 0.1], lr=5.000e-05
Epoch: 0 [7840/10000 (78%)] Loss: 15.05667 = L_Mnfld: 5.66478 + L_NonMnfld: 7.50465 + L_Nrml: 0.00000 + L_Eknl: 1.77851 + L_Div: 0.00000 + L_Morse: 0.10873
Epoch: 0 [7840/10000 (78%)] Unweighted L_s : L_Mnfld: 0.00081,  L_NonMnfld: 0.01251,  L_Nrml: 0.00000,  L_Eknl: 0.03557, L_Morse: 1.08735

Weights: [7000.0, 600.0, 0, 50.0, 0.0, 0.1], lr=5.000e-05
Epoch: 0 [7850/10000 (78%)] Loss: 14.92280 = L_Mnfld: 5.35825 + L_NonMnfld: 7.66746 + L_Nrml: 0.00000 + L_Eknl: 1.78873 + L_Div: 0.00000 + L_Morse: 0.10836
Epoch: 0 [7850/10000 (78%)] Unweighted L_s : L_Mnfld: 0.00077,  L_NonMnfld: 0.01278,  L_Nrml: 0.00000,  L_Eknl: 0.03577, L_Morse: 1.08361

Weights: [7000.0, 600.0, 0, 50.0, 0.0, 0.1], lr=5.000e-05
Epoch: 0 [7860/10000 (79%)] Loss: 16.13241 = L_Mnfld: 5.53719 + L_NonMnfld: 8.69743 + L_Nrml: 0.00000 + L_Eknl: 1.78970 + L_Div: 0.00000 + L_Morse: 0.10809
Epoch: 0 [7860/10000 (79%)] Unweighted L_s : L_Mnfld: 0.00079,  L_NonMnfld: 0.01450,  L_Nrml: 0.00000,  L_Eknl: 0.03579, L_Morse: 1.08092

Weights: [7000.0, 600.0, 0, 50.0, 0.0, 0.1], lr=5.000e-05
Epoch: 0 [7870/10000 (79%)] Loss: 14.85368 = L_Mnfld: 5.00500 + L_NonMnfld: 8.02467 + L_Nrml: 0.00000 + L_Eknl: 1.71395 + L_Div: 0.00000 + L_Morse: 0.11005
Epoch: 0 [7870/10000 (79%)] Unweighted L_s : L_Mnfld: 0.00071,  L_NonMnfld: 0.01337,  L_Nrml: 0.00000,  L_Eknl: 0.03428, L_Morse: 1.10054

Weights: [7000.0, 600.0, 0, 50.0, 0.0, 0.1], lr=5.000e-05
Epoch: 0 [7880/10000 (79%)] Loss: 14.84197 = L_Mnfld: 5.19857 + L_NonMnfld: 7.83601 + L_Nrml: 0.00000 + L_Eknl: 1.70225 + L_Div: 0.00000 + L_Morse: 0.10514
Epoch: 0 [7880/10000 (79%)] Unweighted L_s : L_Mnfld: 0.00074,  L_NonMnfld: 0.01306,  L_Nrml: 0.00000,  L_Eknl: 0.03404, L_Morse: 1.05142

Weights: [7000.0, 600.0, 0, 50.0, 0.0, 0.1], lr=5.000e-05
Epoch: 0 [7890/10000 (79%)] Loss: 15.67839 = L_Mnfld: 5.18024 + L_NonMnfld: 8.70463 + L_Nrml: 0.00000 + L_Eknl: 1.68468 + L_Div: 0.00000 + L_Morse: 0.10884
Epoch: 0 [7890/10000 (79%)] Unweighted L_s : L_Mnfld: 0.00074,  L_NonMnfld: 0.01451,  L_Nrml: 0.00000,  L_Eknl: 0.03369, L_Morse: 1.08837

Weights: [7000.0, 600.0, 0, 50.0, 0.0, 0.1], lr=5.000e-05
Epoch: 0 [7900/10000 (79%)] Loss: 14.19188 = L_Mnfld: 4.90428 + L_NonMnfld: 7.45428 + L_Nrml: 0.00000 + L_Eknl: 1.72052 + L_Div: 0.00000 + L_Morse: 0.11279
Epoch: 0 [7900/10000 (79%)] Unweighted L_s : L_Mnfld: 0.00070,  L_NonMnfld: 0.01242,  L_Nrml: 0.00000,  L_Eknl: 0.03441, L_Morse: 1.12792

Weights: [7000.0, 600.0, 0, 50.0, 0.0, 0.1], lr=5.000e-05
Epoch: 0 [7910/10000 (79%)] Loss: 14.35389 = L_Mnfld: 5.32192 + L_NonMnfld: 7.07882 + L_Nrml: 0.00000 + L_Eknl: 1.84239 + L_Div: 0.00000 + L_Morse: 0.11077
Epoch: 0 [7910/10000 (79%)] Unweighted L_s : L_Mnfld: 0.00076,  L_NonMnfld: 0.01180,  L_Nrml: 0.00000,  L_Eknl: 0.03685, L_Morse: 1.10769

Weights: [7000.0, 600.0, 0, 50.0, 0.0, 0.1], lr=5.000e-05
Epoch: 0 [7920/10000 (79%)] Loss: 16.05237 = L_Mnfld: 5.05295 + L_NonMnfld: 9.05918 + L_Nrml: 0.00000 + L_Eknl: 1.83237 + L_Div: 0.00000 + L_Morse: 0.10787
Epoch: 0 [7920/10000 (79%)] Unweighted L_s : L_Mnfld: 0.00072,  L_NonMnfld: 0.01510,  L_Nrml: 0.00000,  L_Eknl: 0.03665, L_Morse: 1.07866

Weights: [7000.0, 600.0, 0, 50.0, 0.0, 0.1], lr=5.000e-05
Epoch: 0 [7930/10000 (79%)] Loss: 15.19683 = L_Mnfld: 5.34249 + L_NonMnfld: 7.89979 + L_Nrml: 0.00000 + L_Eknl: 1.84580 + L_Div: 0.00000 + L_Morse: 0.10876
Epoch: 0 [7930/10000 (79%)] Unweighted L_s : L_Mnfld: 0.00076,  L_NonMnfld: 0.01317,  L_Nrml: 0.00000,  L_Eknl: 0.03692, L_Morse: 1.08755

Weights: [7000.0, 600.0, 0, 50.0, 0.0, 0.1], lr=5.000e-05
Epoch: 0 [7940/10000 (79%)] Loss: 15.29667 = L_Mnfld: 5.53260 + L_NonMnfld: 7.91629 + L_Nrml: 0.00000 + L_Eknl: 1.73637 + L_Div: 0.00000 + L_Morse: 0.11141
Epoch: 0 [7940/10000 (79%)] Unweighted L_s : L_Mnfld: 0.00079,  L_NonMnfld: 0.01319,  L_Nrml: 0.00000,  L_Eknl: 0.03473, L_Morse: 1.11410

Weights: [7000.0, 600.0, 0, 50.0, 0.0, 0.1], lr=5.000e-05
Epoch: 0 [7950/10000 (80%)] Loss: 15.51959 = L_Mnfld: 5.15324 + L_NonMnfld: 8.55823 + L_Nrml: 0.00000 + L_Eknl: 1.69722 + L_Div: 0.00000 + L_Morse: 0.11090
Epoch: 0 [7950/10000 (80%)] Unweighted L_s : L_Mnfld: 0.00074,  L_NonMnfld: 0.01426,  L_Nrml: 0.00000,  L_Eknl: 0.03394, L_Morse: 1.10900

Weights: [7000.0, 600.0, 0, 50.0, 0.0, 0.1], lr=5.000e-05
Epoch: 0 [7960/10000 (80%)] Loss: 15.48411 = L_Mnfld: 5.32480 + L_NonMnfld: 8.37105 + L_Nrml: 0.00000 + L_Eknl: 1.67192 + L_Div: 0.00000 + L_Morse: 0.11634
Epoch: 0 [7960/10000 (80%)] Unweighted L_s : L_Mnfld: 0.00076,  L_NonMnfld: 0.01395,  L_Nrml: 0.00000,  L_Eknl: 0.03344, L_Morse: 1.16339

Weights: [7000.0, 600.0, 0, 50.0, 0.0, 0.1], lr=5.000e-05
Epoch: 0 [7970/10000 (80%)] Loss: 15.38069 = L_Mnfld: 4.77919 + L_NonMnfld: 8.81710 + L_Nrml: 0.00000 + L_Eknl: 1.67565 + L_Div: 0.00000 + L_Morse: 0.10874
Epoch: 0 [7970/10000 (80%)] Unweighted L_s : L_Mnfld: 0.00068,  L_NonMnfld: 0.01470,  L_Nrml: 0.00000,  L_Eknl: 0.03351, L_Morse: 1.08744

Weights: [7000.0, 600.0, 0, 50.0, 0.0, 0.1], lr=5.000e-05
Epoch: 0 [7980/10000 (80%)] Loss: 15.15382 = L_Mnfld: 5.20179 + L_NonMnfld: 8.31041 + L_Nrml: 0.00000 + L_Eknl: 1.53232 + L_Div: 0.00000 + L_Morse: 0.10930
Epoch: 0 [7980/10000 (80%)] Unweighted L_s : L_Mnfld: 0.00074,  L_NonMnfld: 0.01385,  L_Nrml: 0.00000,  L_Eknl: 0.03065, L_Morse: 1.09300

Weights: [7000.0, 600.0, 0, 50.0, 0.0, 0.1], lr=5.000e-05
Epoch: 0 [7990/10000 (80%)] Loss: 16.02946 = L_Mnfld: 5.58510 + L_NonMnfld: 8.67178 + L_Nrml: 0.00000 + L_Eknl: 1.66778 + L_Div: 0.00000 + L_Morse: 0.10480
Epoch: 0 [7990/10000 (80%)] Unweighted L_s : L_Mnfld: 0.00080,  L_NonMnfld: 0.01445,  L_Nrml: 0.00000,  L_Eknl: 0.03336, L_Morse: 1.04802

Weights: [7000.0, 600.0, 0, 50.0, 0.0, 0.1], lr=5.000e-05
Epoch: 0 [8000/10000 (80%)] Loss: 15.09520 = L_Mnfld: 5.17552 + L_NonMnfld: 8.08168 + L_Nrml: 0.00000 + L_Eknl: 1.72926 + L_Div: 0.00000 + L_Morse: 0.10874
Epoch: 0 [8000/10000 (80%)] Unweighted L_s : L_Mnfld: 0.00074,  L_NonMnfld: 0.01347,  L_Nrml: 0.00000,  L_Eknl: 0.03459, L_Morse: 1.08739

Weights: [7000.0, 600.0, 0, 50.0, 0.0, 0.1], lr=5.000e-05
Epoch: 0 [8010/10000 (80%)] Loss: 16.56195 = L_Mnfld: 5.88996 + L_NonMnfld: 8.72083 + L_Nrml: 0.00000 + L_Eknl: 1.84668 + L_Div: 0.00000 + L_Morse: 0.10449
Epoch: 0 [8010/10000 (80%)] Unweighted L_s : L_Mnfld: 0.00084,  L_NonMnfld: 0.01453,  L_Nrml: 0.00000,  L_Eknl: 0.03693, L_Morse: 1.04489

Weights: [7000.0, 600.0, 0, 50.0, 0.0, 0.1], lr=5.000e-05
Epoch: 0 [8020/10000 (80%)] Loss: 15.70355 = L_Mnfld: 5.27705 + L_NonMnfld: 8.29854 + L_Nrml: 0.00000 + L_Eknl: 2.01776 + L_Div: 0.00000 + L_Morse: 0.11020
Epoch: 0 [8020/10000 (80%)] Unweighted L_s : L_Mnfld: 0.00075,  L_NonMnfld: 0.01383,  L_Nrml: 0.00000,  L_Eknl: 0.04036, L_Morse: 1.10197

Weights: [7000.0, 600.0, 0, 50.0, 0.0, 0.1], lr=5.000e-05
Epoch: 0 [8030/10000 (80%)] Loss: 16.71645 = L_Mnfld: 6.20560 + L_NonMnfld: 8.40758 + L_Nrml: 0.00000 + L_Eknl: 1.99748 + L_Div: 0.00000 + L_Morse: 0.10578
Epoch: 0 [8030/10000 (80%)] Unweighted L_s : L_Mnfld: 0.00089,  L_NonMnfld: 0.01401,  L_Nrml: 0.00000,  L_Eknl: 0.03995, L_Morse: 1.05781

Weights: [7000.0, 600.0, 0, 50.0, 0.0, 0.1], lr=5.000e-05
Epoch: 0 [8040/10000 (80%)] Loss: 16.92312 = L_Mnfld: 5.69329 + L_NonMnfld: 9.05729 + L_Nrml: 0.00000 + L_Eknl: 2.06409 + L_Div: 0.00000 + L_Morse: 0.10845
Epoch: 0 [8040/10000 (80%)] Unweighted L_s : L_Mnfld: 0.00081,  L_NonMnfld: 0.01510,  L_Nrml: 0.00000,  L_Eknl: 0.04128, L_Morse: 1.08450

Weights: [7000.0, 600.0, 0, 50.0, 0.0, 0.1], lr=5.000e-05
Epoch: 0 [8050/10000 (80%)] Loss: 16.06160 = L_Mnfld: 5.67371 + L_NonMnfld: 8.31945 + L_Nrml: 0.00000 + L_Eknl: 1.95077 + L_Div: 0.00000 + L_Morse: 0.11767
Epoch: 0 [8050/10000 (80%)] Unweighted L_s : L_Mnfld: 0.00081,  L_NonMnfld: 0.01387,  L_Nrml: 0.00000,  L_Eknl: 0.03902, L_Morse: 1.17667

Weights: [7000.0, 600.0, 0, 50.0, 0.0, 0.1], lr=5.000e-05
Epoch: 0 [8060/10000 (81%)] Loss: 16.21551 = L_Mnfld: 5.81019 + L_NonMnfld: 8.38276 + L_Nrml: 0.00000 + L_Eknl: 1.91010 + L_Div: 0.00000 + L_Morse: 0.11246
Epoch: 0 [8060/10000 (81%)] Unweighted L_s : L_Mnfld: 0.00083,  L_NonMnfld: 0.01397,  L_Nrml: 0.00000,  L_Eknl: 0.03820, L_Morse: 1.12462

Weights: [7000.0, 600.0, 0, 50.0, 0.0, 0.1], lr=5.000e-05
Epoch: 0 [8070/10000 (81%)] Loss: 16.21538 = L_Mnfld: 5.65704 + L_NonMnfld: 8.59653 + L_Nrml: 0.00000 + L_Eknl: 1.84625 + L_Div: 0.00000 + L_Morse: 0.11556
Epoch: 0 [8070/10000 (81%)] Unweighted L_s : L_Mnfld: 0.00081,  L_NonMnfld: 0.01433,  L_Nrml: 0.00000,  L_Eknl: 0.03693, L_Morse: 1.15559

Weights: [7000.0, 600.0, 0, 50.0, 0.0, 0.1], lr=5.000e-05
Epoch: 0 [8080/10000 (81%)] Loss: 15.57066 = L_Mnfld: 5.40658 + L_NonMnfld: 7.87784 + L_Nrml: 0.00000 + L_Eknl: 2.18231 + L_Div: 0.00000 + L_Morse: 0.10393
Epoch: 0 [8080/10000 (81%)] Unweighted L_s : L_Mnfld: 0.00077,  L_NonMnfld: 0.01313,  L_Nrml: 0.00000,  L_Eknl: 0.04365, L_Morse: 1.03932

Weights: [7000.0, 600.0, 0, 50.0, 0.0, 0.1], lr=5.000e-05
Epoch: 0 [8090/10000 (81%)] Loss: 16.69950 = L_Mnfld: 6.35662 + L_NonMnfld: 7.97817 + L_Nrml: 0.00000 + L_Eknl: 2.24903 + L_Div: 0.00000 + L_Morse: 0.11568
Epoch: 0 [8090/10000 (81%)] Unweighted L_s : L_Mnfld: 0.00091,  L_NonMnfld: 0.01330,  L_Nrml: 0.00000,  L_Eknl: 0.04498, L_Morse: 1.15683

Weights: [7000.0, 600.0, 0, 50.0, 0.0, 0.1], lr=5.000e-05
Epoch: 0 [8100/10000 (81%)] Loss: 16.52885 = L_Mnfld: 6.04750 + L_NonMnfld: 8.31343 + L_Nrml: 0.00000 + L_Eknl: 2.05963 + L_Div: 0.00000 + L_Morse: 0.10829
Epoch: 0 [8100/10000 (81%)] Unweighted L_s : L_Mnfld: 0.00086,  L_NonMnfld: 0.01386,  L_Nrml: 0.00000,  L_Eknl: 0.04119, L_Morse: 1.08288

Weights: [7000.0, 600.0, 0, 50.0, 0.0, 0.1], lr=5.000e-05
Epoch: 0 [8110/10000 (81%)] Loss: 16.17398 = L_Mnfld: 6.22725 + L_NonMnfld: 7.81175 + L_Nrml: 0.00000 + L_Eknl: 2.02442 + L_Div: 0.00000 + L_Morse: 0.11056
Epoch: 0 [8110/10000 (81%)] Unweighted L_s : L_Mnfld: 0.00089,  L_NonMnfld: 0.01302,  L_Nrml: 0.00000,  L_Eknl: 0.04049, L_Morse: 1.10562

Weights: [7000.0, 600.0, 0, 50.0, 0.0, 0.1], lr=5.000e-05
Epoch: 0 [8120/10000 (81%)] Loss: 15.28834 = L_Mnfld: 5.52479 + L_NonMnfld: 7.67625 + L_Nrml: 0.00000 + L_Eknl: 1.98112 + L_Div: 0.00000 + L_Morse: 0.10618
Epoch: 0 [8120/10000 (81%)] Unweighted L_s : L_Mnfld: 0.00079,  L_NonMnfld: 0.01279,  L_Nrml: 0.00000,  L_Eknl: 0.03962, L_Morse: 1.06178

Weights: [7000.0, 600.0, 0, 50.0, 0.0, 0.1], lr=5.000e-05
Epoch: 0 [8130/10000 (81%)] Loss: 16.13753 = L_Mnfld: 5.67766 + L_NonMnfld: 8.32131 + L_Nrml: 0.00000 + L_Eknl: 2.02857 + L_Div: 0.00000 + L_Morse: 0.10999
Epoch: 0 [8130/10000 (81%)] Unweighted L_s : L_Mnfld: 0.00081,  L_NonMnfld: 0.01387,  L_Nrml: 0.00000,  L_Eknl: 0.04057, L_Morse: 1.09988

Weights: [7000.0, 600.0, 0, 50.0, 0.0, 0.1], lr=5.000e-05
Epoch: 0 [8140/10000 (81%)] Loss: 15.95978 = L_Mnfld: 5.47443 + L_NonMnfld: 8.30679 + L_Nrml: 0.00000 + L_Eknl: 2.06892 + L_Div: 0.00000 + L_Morse: 0.10964
Epoch: 0 [8140/10000 (81%)] Unweighted L_s : L_Mnfld: 0.00078,  L_NonMnfld: 0.01384,  L_Nrml: 0.00000,  L_Eknl: 0.04138, L_Morse: 1.09643

Weights: [7000.0, 600.0, 0, 50.0, 0.0, 0.1], lr=5.000e-05
Epoch: 0 [8150/10000 (82%)] Loss: 16.15288 = L_Mnfld: 5.79839 + L_NonMnfld: 8.41551 + L_Nrml: 0.00000 + L_Eknl: 1.83772 + L_Div: 0.00000 + L_Morse: 0.10127
Epoch: 0 [8150/10000 (82%)] Unweighted L_s : L_Mnfld: 0.00083,  L_NonMnfld: 0.01403,  L_Nrml: 0.00000,  L_Eknl: 0.03675, L_Morse: 1.01270

Weights: [7000.0, 600.0, 0, 50.0, 0.0, 0.1], lr=5.000e-05
Epoch: 0 [8160/10000 (82%)] Loss: 15.58070 = L_Mnfld: 5.59330 + L_NonMnfld: 7.97225 + L_Nrml: 0.00000 + L_Eknl: 1.90259 + L_Div: 0.00000 + L_Morse: 0.11256
Epoch: 0 [8160/10000 (82%)] Unweighted L_s : L_Mnfld: 0.00080,  L_NonMnfld: 0.01329,  L_Nrml: 0.00000,  L_Eknl: 0.03805, L_Morse: 1.12555

Weights: [7000.0, 600.0, 0, 50.0, 0.0, 0.1], lr=5.000e-05
Epoch: 0 [8170/10000 (82%)] Loss: 14.99949 = L_Mnfld: 5.01158 + L_NonMnfld: 7.99972 + L_Nrml: 0.00000 + L_Eknl: 1.87690 + L_Div: 0.00000 + L_Morse: 0.11129
Epoch: 0 [8170/10000 (82%)] Unweighted L_s : L_Mnfld: 0.00072,  L_NonMnfld: 0.01333,  L_Nrml: 0.00000,  L_Eknl: 0.03754, L_Morse: 1.11289

Weights: [7000.0, 600.0, 0, 50.0, 0.0, 0.1], lr=5.000e-05
Epoch: 0 [8180/10000 (82%)] Loss: 15.22966 = L_Mnfld: 5.60520 + L_NonMnfld: 7.70754 + L_Nrml: 0.00000 + L_Eknl: 1.79733 + L_Div: 0.00000 + L_Morse: 0.11958
Epoch: 0 [8180/10000 (82%)] Unweighted L_s : L_Mnfld: 0.00080,  L_NonMnfld: 0.01285,  L_Nrml: 0.00000,  L_Eknl: 0.03595, L_Morse: 1.19582

Weights: [7000.0, 600.0, 0, 50.0, 0.0, 0.1], lr=5.000e-05
Epoch: 0 [8190/10000 (82%)] Loss: 14.91508 = L_Mnfld: 5.36059 + L_NonMnfld: 7.66563 + L_Nrml: 0.00000 + L_Eknl: 1.78268 + L_Div: 0.00000 + L_Morse: 0.10619
Epoch: 0 [8190/10000 (82%)] Unweighted L_s : L_Mnfld: 0.00077,  L_NonMnfld: 0.01278,  L_Nrml: 0.00000,  L_Eknl: 0.03565, L_Morse: 1.06187

Weights: [7000.0, 600.0, 0, 50.0, 0.0, 0.1], lr=5.000e-05
Epoch: 0 [8200/10000 (82%)] Loss: 16.07753 = L_Mnfld: 5.37078 + L_NonMnfld: 8.85583 + L_Nrml: 0.00000 + L_Eknl: 1.74089 + L_Div: 0.00000 + L_Morse: 0.11003
Epoch: 0 [8200/10000 (82%)] Unweighted L_s : L_Mnfld: 0.00077,  L_NonMnfld: 0.01476,  L_Nrml: 0.00000,  L_Eknl: 0.03482, L_Morse: 1.10026

Weights: [7000.0, 600.0, 0, 50.0, 0.0, 0.1], lr=5.000e-05
Epoch: 0 [8210/10000 (82%)] Loss: 14.73191 = L_Mnfld: 5.03240 + L_NonMnfld: 7.86517 + L_Nrml: 0.00000 + L_Eknl: 1.72161 + L_Div: 0.00000 + L_Morse: 0.11274
Epoch: 0 [8210/10000 (82%)] Unweighted L_s : L_Mnfld: 0.00072,  L_NonMnfld: 0.01311,  L_Nrml: 0.00000,  L_Eknl: 0.03443, L_Morse: 1.12739

Weights: [7000.0, 600.0, 0, 50.0, 0.0, 0.1], lr=5.000e-05
Epoch: 0 [8220/10000 (82%)] Loss: 15.46382 = L_Mnfld: 5.53987 + L_NonMnfld: 8.15364 + L_Nrml: 0.00000 + L_Eknl: 1.66103 + L_Div: 0.00000 + L_Morse: 0.10928
Epoch: 0 [8220/10000 (82%)] Unweighted L_s : L_Mnfld: 0.00079,  L_NonMnfld: 0.01359,  L_Nrml: 0.00000,  L_Eknl: 0.03322, L_Morse: 1.09283

Weights: [7000.0, 600.0, 0, 50.0, 0.0, 0.1], lr=5.000e-05
Epoch: 0 [8230/10000 (82%)] Loss: 15.14032 = L_Mnfld: 5.48979 + L_NonMnfld: 7.79609 + L_Nrml: 0.00000 + L_Eknl: 1.74390 + L_Div: 0.00000 + L_Morse: 0.11054
Epoch: 0 [8230/10000 (82%)] Unweighted L_s : L_Mnfld: 0.00078,  L_NonMnfld: 0.01299,  L_Nrml: 0.00000,  L_Eknl: 0.03488, L_Morse: 1.10541

Weights: [7000.0, 600.0, 0, 50.0, 0.0, 0.1], lr=5.000e-05
Epoch: 0 [8240/10000 (82%)] Loss: 16.06168 = L_Mnfld: 5.50324 + L_NonMnfld: 8.63966 + L_Nrml: 0.00000 + L_Eknl: 1.80787 + L_Div: 0.00000 + L_Morse: 0.11091
Epoch: 0 [8240/10000 (82%)] Unweighted L_s : L_Mnfld: 0.00079,  L_NonMnfld: 0.01440,  L_Nrml: 0.00000,  L_Eknl: 0.03616, L_Morse: 1.10912

Weights: [7000.0, 600.0, 0, 50.0, 0.0, 0.1], lr=5.000e-05
Epoch: 0 [8250/10000 (82%)] Loss: 15.31546 = L_Mnfld: 5.76130 + L_NonMnfld: 7.72515 + L_Nrml: 0.00000 + L_Eknl: 1.71660 + L_Div: 0.00000 + L_Morse: 0.11242
Epoch: 0 [8250/10000 (82%)] Unweighted L_s : L_Mnfld: 0.00082,  L_NonMnfld: 0.01288,  L_Nrml: 0.00000,  L_Eknl: 0.03433, L_Morse: 1.12416

Weights: [7000.0, 600.0, 0, 50.0, 0.0, 0.1], lr=5.000e-05
Epoch: 0 [8260/10000 (83%)] Loss: 16.27099 = L_Mnfld: 5.73073 + L_NonMnfld: 8.66917 + L_Nrml: 0.00000 + L_Eknl: 1.75849 + L_Div: 0.00000 + L_Morse: 0.11259
Epoch: 0 [8260/10000 (83%)] Unweighted L_s : L_Mnfld: 0.00082,  L_NonMnfld: 0.01445,  L_Nrml: 0.00000,  L_Eknl: 0.03517, L_Morse: 1.12592

Weights: [7000.0, 600.0, 0, 50.0, 0.0, 0.1], lr=5.000e-05
Epoch: 0 [8270/10000 (83%)] Loss: 15.40516 = L_Mnfld: 5.66246 + L_NonMnfld: 7.86941 + L_Nrml: 0.00000 + L_Eknl: 1.76041 + L_Div: 0.00000 + L_Morse: 0.11289
Epoch: 0 [8270/10000 (83%)] Unweighted L_s : L_Mnfld: 0.00081,  L_NonMnfld: 0.01312,  L_Nrml: 0.00000,  L_Eknl: 0.03521, L_Morse: 1.12893

Weights: [7000.0, 600.0, 0, 50.0, 0.0, 0.1], lr=5.000e-05
Epoch: 0 [8280/10000 (83%)] Loss: 15.04242 = L_Mnfld: 5.65355 + L_NonMnfld: 7.43453 + L_Nrml: 0.00000 + L_Eknl: 1.85000 + L_Div: 0.00000 + L_Morse: 0.10434
Epoch: 0 [8280/10000 (83%)] Unweighted L_s : L_Mnfld: 0.00081,  L_NonMnfld: 0.01239,  L_Nrml: 0.00000,  L_Eknl: 0.03700, L_Morse: 1.04337

Weights: [7000.0, 600.0, 0, 50.0, 0.0, 0.1], lr=5.000e-05
Epoch: 0 [8290/10000 (83%)] Loss: 15.54405 = L_Mnfld: 5.48574 + L_NonMnfld: 8.22815 + L_Nrml: 0.00000 + L_Eknl: 1.72234 + L_Div: 0.00000 + L_Morse: 0.10781
Epoch: 0 [8290/10000 (83%)] Unweighted L_s : L_Mnfld: 0.00078,  L_NonMnfld: 0.01371,  L_Nrml: 0.00000,  L_Eknl: 0.03445, L_Morse: 1.07809

Weights: [7000.0, 600.0, 0, 50.0, 0.0, 0.1], lr=5.000e-05
Epoch: 0 [8300/10000 (83%)] Loss: 15.70157 = L_Mnfld: 5.70948 + L_NonMnfld: 8.11161 + L_Nrml: 0.00000 + L_Eknl: 1.77201 + L_Div: 0.00000 + L_Morse: 0.10846
Epoch: 0 [8300/10000 (83%)] Unweighted L_s : L_Mnfld: 0.00082,  L_NonMnfld: 0.01352,  L_Nrml: 0.00000,  L_Eknl: 0.03544, L_Morse: 1.08460

Weights: [7000.0, 600.0, 0, 50.0, 0.0, 0.1], lr=5.000e-05
Epoch: 0 [8310/10000 (83%)] Loss: 15.41488 = L_Mnfld: 5.15968 + L_NonMnfld: 8.51728 + L_Nrml: 0.00000 + L_Eknl: 1.62882 + L_Div: 0.00000 + L_Morse: 0.10910
Epoch: 0 [8310/10000 (83%)] Unweighted L_s : L_Mnfld: 0.00074,  L_NonMnfld: 0.01420,  L_Nrml: 0.00000,  L_Eknl: 0.03258, L_Morse: 1.09098

Weights: [7000.0, 600.0, 0, 50.0, 0.0, 0.1], lr=5.000e-05
Epoch: 0 [8320/10000 (83%)] Loss: 14.61074 = L_Mnfld: 5.17614 + L_NonMnfld: 7.69600 + L_Nrml: 0.00000 + L_Eknl: 1.63065 + L_Div: 0.00000 + L_Morse: 0.10794
Epoch: 0 [8320/10000 (83%)] Unweighted L_s : L_Mnfld: 0.00074,  L_NonMnfld: 0.01283,  L_Nrml: 0.00000,  L_Eknl: 0.03261, L_Morse: 1.07938

Weights: [7000.0, 600.0, 0, 50.0, 0.0, 0.1], lr=5.000e-05
Epoch: 0 [8330/10000 (83%)] Loss: 15.31764 = L_Mnfld: 5.54678 + L_NonMnfld: 7.98744 + L_Nrml: 0.00000 + L_Eknl: 1.67847 + L_Div: 0.00000 + L_Morse: 0.10495
Epoch: 0 [8330/10000 (83%)] Unweighted L_s : L_Mnfld: 0.00079,  L_NonMnfld: 0.01331,  L_Nrml: 0.00000,  L_Eknl: 0.03357, L_Morse: 1.04946

Weights: [7000.0, 600.0, 0, 50.0, 0.0, 0.1], lr=5.000e-05
Epoch: 0 [8340/10000 (83%)] Loss: 14.87024 = L_Mnfld: 5.33904 + L_NonMnfld: 7.66498 + L_Nrml: 0.00000 + L_Eknl: 1.75178 + L_Div: 0.00000 + L_Morse: 0.11444
Epoch: 0 [8340/10000 (83%)] Unweighted L_s : L_Mnfld: 0.00076,  L_NonMnfld: 0.01277,  L_Nrml: 0.00000,  L_Eknl: 0.03504, L_Morse: 1.14441

Weights: [7000.0, 600.0, 0, 50.0, 0.0, 0.1], lr=5.000e-05
Epoch: 0 [8350/10000 (84%)] Loss: 15.08439 = L_Mnfld: 5.31096 + L_NonMnfld: 7.93567 + L_Nrml: 0.00000 + L_Eknl: 1.73091 + L_Div: 0.00000 + L_Morse: 0.10685
Epoch: 0 [8350/10000 (84%)] Unweighted L_s : L_Mnfld: 0.00076,  L_NonMnfld: 0.01323,  L_Nrml: 0.00000,  L_Eknl: 0.03462, L_Morse: 1.06853

Weights: [7000.0, 600.0, 0, 50.0, 0.0, 0.1], lr=5.000e-05
Epoch: 0 [8360/10000 (84%)] Loss: 14.75332 = L_Mnfld: 5.03979 + L_NonMnfld: 7.95533 + L_Nrml: 0.00000 + L_Eknl: 1.64829 + L_Div: 0.00000 + L_Morse: 0.10991
Epoch: 0 [8360/10000 (84%)] Unweighted L_s : L_Mnfld: 0.00072,  L_NonMnfld: 0.01326,  L_Nrml: 0.00000,  L_Eknl: 0.03297, L_Morse: 1.09907

Weights: [7000.0, 600.0, 0, 50.0, 0.0, 0.1], lr=5.000e-05
Epoch: 0 [8370/10000 (84%)] Loss: 15.17253 = L_Mnfld: 5.43891 + L_NonMnfld: 7.95349 + L_Nrml: 0.00000 + L_Eknl: 1.66656 + L_Div: 0.00000 + L_Morse: 0.11358
Epoch: 0 [8370/10000 (84%)] Unweighted L_s : L_Mnfld: 0.00078,  L_NonMnfld: 0.01326,  L_Nrml: 0.00000,  L_Eknl: 0.03333, L_Morse: 1.13576

Weights: [7000.0, 600.0, 0, 50.0, 0.0, 0.1], lr=5.000e-05
Epoch: 0 [8380/10000 (84%)] Loss: 15.58625 = L_Mnfld: 5.36084 + L_NonMnfld: 8.49745 + L_Nrml: 0.00000 + L_Eknl: 1.62267 + L_Div: 0.00000 + L_Morse: 0.10529
Epoch: 0 [8380/10000 (84%)] Unweighted L_s : L_Mnfld: 0.00077,  L_NonMnfld: 0.01416,  L_Nrml: 0.00000,  L_Eknl: 0.03245, L_Morse: 1.05289

Weights: [7000.0, 600.0, 0, 50.0, 0.0, 0.1], lr=5.000e-05
Epoch: 0 [8390/10000 (84%)] Loss: 14.66640 = L_Mnfld: 5.03327 + L_NonMnfld: 7.80837 + L_Nrml: 0.00000 + L_Eknl: 1.71402 + L_Div: 0.00000 + L_Morse: 0.11074
Epoch: 0 [8390/10000 (84%)] Unweighted L_s : L_Mnfld: 0.00072,  L_NonMnfld: 0.01301,  L_Nrml: 0.00000,  L_Eknl: 0.03428, L_Morse: 1.10740

Weights: [7000.0, 600.0, 0, 50.0, 0.0, 0.1], lr=5.000e-05
Epoch: 0 [8400/10000 (84%)] Loss: 14.94224 = L_Mnfld: 5.14426 + L_NonMnfld: 8.02365 + L_Nrml: 0.00000 + L_Eknl: 1.66792 + L_Div: 0.00000 + L_Morse: 0.10640
Epoch: 0 [8400/10000 (84%)] Unweighted L_s : L_Mnfld: 0.00073,  L_NonMnfld: 0.01337,  L_Nrml: 0.00000,  L_Eknl: 0.03336, L_Morse: 1.06405

Weights: [7000.0, 600.0, 0, 50.0, 0.0, 0.1], lr=5.000e-05
Epoch: 0 [8410/10000 (84%)] Loss: 15.45908 = L_Mnfld: 5.58892 + L_NonMnfld: 8.06554 + L_Nrml: 0.00000 + L_Eknl: 1.69103 + L_Div: 0.00000 + L_Morse: 0.11359
Epoch: 0 [8410/10000 (84%)] Unweighted L_s : L_Mnfld: 0.00080,  L_NonMnfld: 0.01344,  L_Nrml: 0.00000,  L_Eknl: 0.03382, L_Morse: 1.13594

Weights: [7000.0, 600.0, 0, 50.0, 0.0, 0.1], lr=5.000e-05
Epoch: 0 [8420/10000 (84%)] Loss: 15.18559 = L_Mnfld: 5.47374 + L_NonMnfld: 7.95663 + L_Nrml: 0.00000 + L_Eknl: 1.64460 + L_Div: 0.00000 + L_Morse: 0.11062
Epoch: 0 [8420/10000 (84%)] Unweighted L_s : L_Mnfld: 0.00078,  L_NonMnfld: 0.01326,  L_Nrml: 0.00000,  L_Eknl: 0.03289, L_Morse: 1.10621

Weights: [7000.0, 600.0, 0, 50.0, 0.0, 0.1], lr=5.000e-05
Epoch: 0 [8430/10000 (84%)] Loss: 14.45674 = L_Mnfld: 5.19538 + L_NonMnfld: 7.49498 + L_Nrml: 0.00000 + L_Eknl: 1.65531 + L_Div: 0.00000 + L_Morse: 0.11107
Epoch: 0 [8430/10000 (84%)] Unweighted L_s : L_Mnfld: 0.00074,  L_NonMnfld: 0.01249,  L_Nrml: 0.00000,  L_Eknl: 0.03311, L_Morse: 1.11071

Weights: [7000.0, 600.0, 0, 50.0, 0.0, 0.1], lr=5.000e-05
Epoch: 0 [8440/10000 (84%)] Loss: 15.51324 = L_Mnfld: 5.38834 + L_NonMnfld: 8.35598 + L_Nrml: 0.00000 + L_Eknl: 1.65785 + L_Div: 0.00000 + L_Morse: 0.11107
Epoch: 0 [8440/10000 (84%)] Unweighted L_s : L_Mnfld: 0.00077,  L_NonMnfld: 0.01393,  L_Nrml: 0.00000,  L_Eknl: 0.03316, L_Morse: 1.11072

Weights: [7000.0, 600.0, 0, 50.0, 0.0, 0.1], lr=5.000e-05
Epoch: 0 [8450/10000 (84%)] Loss: 14.81747 = L_Mnfld: 5.17710 + L_NonMnfld: 7.91760 + L_Nrml: 0.00000 + L_Eknl: 1.61493 + L_Div: 0.00000 + L_Morse: 0.10784
Epoch: 0 [8450/10000 (84%)] Unweighted L_s : L_Mnfld: 0.00074,  L_NonMnfld: 0.01320,  L_Nrml: 0.00000,  L_Eknl: 0.03230, L_Morse: 1.07838

Weights: [7000.0, 600.0, 0, 50.0, 0.0, 0.1], lr=5.000e-05
Epoch: 0 [8460/10000 (85%)] Loss: 14.53459 = L_Mnfld: 5.07475 + L_NonMnfld: 7.66519 + L_Nrml: 0.00000 + L_Eknl: 1.68309 + L_Div: 0.00000 + L_Morse: 0.11156
Epoch: 0 [8460/10000 (85%)] Unweighted L_s : L_Mnfld: 0.00072,  L_NonMnfld: 0.01278,  L_Nrml: 0.00000,  L_Eknl: 0.03366, L_Morse: 1.11558

Weights: [7000.0, 600.0, 0, 50.0, 0.0, 0.1], lr=5.000e-05
Epoch: 0 [8470/10000 (85%)] Loss: 13.70421 = L_Mnfld: 4.89749 + L_NonMnfld: 7.04468 + L_Nrml: 0.00000 + L_Eknl: 1.65192 + L_Div: 0.00000 + L_Morse: 0.11012
Epoch: 0 [8470/10000 (85%)] Unweighted L_s : L_Mnfld: 0.00070,  L_NonMnfld: 0.01174,  L_Nrml: 0.00000,  L_Eknl: 0.03304, L_Morse: 1.10122

Weights: [7000.0, 600.0, 0, 50.0, 0.0, 0.1], lr=5.000e-05
Epoch: 0 [8480/10000 (85%)] Loss: 14.46652 = L_Mnfld: 5.03737 + L_NonMnfld: 7.59595 + L_Nrml: 0.00000 + L_Eknl: 1.72200 + L_Div: 0.00000 + L_Morse: 0.11120
Epoch: 0 [8480/10000 (85%)] Unweighted L_s : L_Mnfld: 0.00072,  L_NonMnfld: 0.01266,  L_Nrml: 0.00000,  L_Eknl: 0.03444, L_Morse: 1.11199

Weights: [7000.0, 600.0, 0, 50.0, 0.0, 0.1], lr=5.000e-05
Epoch: 0 [8490/10000 (85%)] Loss: 14.48927 = L_Mnfld: 5.35558 + L_NonMnfld: 7.38442 + L_Nrml: 0.00000 + L_Eknl: 1.64107 + L_Div: 0.00000 + L_Morse: 0.10821
Epoch: 0 [8490/10000 (85%)] Unweighted L_s : L_Mnfld: 0.00077,  L_NonMnfld: 0.01231,  L_Nrml: 0.00000,  L_Eknl: 0.03282, L_Morse: 1.08212

Weights: [7000.0, 600.0, 0, 50.0, 0.0, 0.1], lr=5.000e-05
Epoch: 0 [8500/10000 (85%)] Loss: 14.32997 = L_Mnfld: 4.83648 + L_NonMnfld: 7.61004 + L_Nrml: 0.00000 + L_Eknl: 1.77270 + L_Div: 0.00000 + L_Morse: 0.11076
Epoch: 0 [8500/10000 (85%)] Unweighted L_s : L_Mnfld: 0.00069,  L_NonMnfld: 0.01268,  L_Nrml: 0.00000,  L_Eknl: 0.03545, L_Morse: 1.10755

Weights: [7000.0, 600.0, 0, 50.0, 0.0, 0.1], lr=5.000e-05
Epoch: 0 [8510/10000 (85%)] Loss: 15.78100 = L_Mnfld: 5.78444 + L_NonMnfld: 8.20112 + L_Nrml: 0.00000 + L_Eknl: 1.68456 + L_Div: 0.00000 + L_Morse: 0.11087
Epoch: 0 [8510/10000 (85%)] Unweighted L_s : L_Mnfld: 0.00083,  L_NonMnfld: 0.01367,  L_Nrml: 0.00000,  L_Eknl: 0.03369, L_Morse: 1.10873

Weights: [7000.0, 600.0, 0, 50.0, 0.0, 0.1], lr=5.000e-05
Epoch: 0 [8520/10000 (85%)] Loss: 15.04296 = L_Mnfld: 5.16575 + L_NonMnfld: 8.09354 + L_Nrml: 0.00000 + L_Eknl: 1.67406 + L_Div: 0.00000 + L_Morse: 0.10962
Epoch: 0 [8520/10000 (85%)] Unweighted L_s : L_Mnfld: 0.00074,  L_NonMnfld: 0.01349,  L_Nrml: 0.00000,  L_Eknl: 0.03348, L_Morse: 1.09619

Weights: [7000.0, 600.0, 0, 50.0, 0.0, 0.1], lr=5.000e-05
Epoch: 0 [8530/10000 (85%)] Loss: 14.76427 = L_Mnfld: 5.19902 + L_NonMnfld: 7.74178 + L_Nrml: 0.00000 + L_Eknl: 1.71535 + L_Div: 0.00000 + L_Morse: 0.10812
Epoch: 0 [8530/10000 (85%)] Unweighted L_s : L_Mnfld: 0.00074,  L_NonMnfld: 0.01290,  L_Nrml: 0.00000,  L_Eknl: 0.03431, L_Morse: 1.08123

Weights: [7000.0, 600.0, 0, 50.0, 0.0, 0.1], lr=5.000e-05
Epoch: 0 [8540/10000 (85%)] Loss: 14.42239 = L_Mnfld: 4.74102 + L_NonMnfld: 7.90615 + L_Nrml: 0.00000 + L_Eknl: 1.66800 + L_Div: 0.00000 + L_Morse: 0.10722
Epoch: 0 [8540/10000 (85%)] Unweighted L_s : L_Mnfld: 0.00068,  L_NonMnfld: 0.01318,  L_Nrml: 0.00000,  L_Eknl: 0.03336, L_Morse: 1.07221

Weights: [7000.0, 600.0, 0, 50.0, 0.0, 0.1], lr=5.000e-05
Epoch: 0 [8550/10000 (86%)] Loss: 15.56151 = L_Mnfld: 5.22057 + L_NonMnfld: 8.60225 + L_Nrml: 0.00000 + L_Eknl: 1.62676 + L_Div: 0.00000 + L_Morse: 0.11192
Epoch: 0 [8550/10000 (86%)] Unweighted L_s : L_Mnfld: 0.00075,  L_NonMnfld: 0.01434,  L_Nrml: 0.00000,  L_Eknl: 0.03254, L_Morse: 1.11923

Weights: [7000.0, 600.0, 0, 50.0, 0.0, 0.1], lr=5.000e-05
Epoch: 0 [8560/10000 (86%)] Loss: 14.25794 = L_Mnfld: 5.04648 + L_NonMnfld: 7.44508 + L_Nrml: 0.00000 + L_Eknl: 1.64775 + L_Div: 0.00000 + L_Morse: 0.11863
Epoch: 0 [8560/10000 (86%)] Unweighted L_s : L_Mnfld: 0.00072,  L_NonMnfld: 0.01241,  L_Nrml: 0.00000,  L_Eknl: 0.03295, L_Morse: 1.18625

Weights: [7000.0, 600.0, 0, 50.0, 0.0, 0.1], lr=5.000e-05
Epoch: 0 [8570/10000 (86%)] Loss: 16.24003 = L_Mnfld: 5.83618 + L_NonMnfld: 8.59690 + L_Nrml: 0.00000 + L_Eknl: 1.70205 + L_Div: 0.00000 + L_Morse: 0.10489
Epoch: 0 [8570/10000 (86%)] Unweighted L_s : L_Mnfld: 0.00083,  L_NonMnfld: 0.01433,  L_Nrml: 0.00000,  L_Eknl: 0.03404, L_Morse: 1.04895

Weights: [7000.0, 600.0, 0, 50.0, 0.0, 0.1], lr=5.000e-05
Epoch: 0 [8580/10000 (86%)] Loss: 15.27520 = L_Mnfld: 5.14936 + L_NonMnfld: 8.26930 + L_Nrml: 0.00000 + L_Eknl: 1.74734 + L_Div: 0.00000 + L_Morse: 0.10920
Epoch: 0 [8580/10000 (86%)] Unweighted L_s : L_Mnfld: 0.00074,  L_NonMnfld: 0.01378,  L_Nrml: 0.00000,  L_Eknl: 0.03495, L_Morse: 1.09199

Weights: [7000.0, 600.0, 0, 50.0, 0.0, 0.1], lr=5.000e-05
Epoch: 0 [8590/10000 (86%)] Loss: 15.61722 = L_Mnfld: 5.63170 + L_NonMnfld: 8.13647 + L_Nrml: 0.00000 + L_Eknl: 1.74157 + L_Div: 0.00000 + L_Morse: 0.10747
Epoch: 0 [8590/10000 (86%)] Unweighted L_s : L_Mnfld: 0.00080,  L_NonMnfld: 0.01356,  L_Nrml: 0.00000,  L_Eknl: 0.03483, L_Morse: 1.07474

Weights: [7000.0, 600.0, 0, 50.0, 0.0, 0.1], lr=5.000e-05
Epoch: 0 [8600/10000 (86%)] Loss: 15.69721 = L_Mnfld: 5.54679 + L_NonMnfld: 8.28983 + L_Nrml: 0.00000 + L_Eknl: 1.75463 + L_Div: 0.00000 + L_Morse: 0.10597
Epoch: 0 [8600/10000 (86%)] Unweighted L_s : L_Mnfld: 0.00079,  L_NonMnfld: 0.01382,  L_Nrml: 0.00000,  L_Eknl: 0.03509, L_Morse: 1.05969

Weights: [7000.0, 600.0, 0, 50.0, 0.0, 0.1], lr=5.000e-05
Epoch: 0 [8610/10000 (86%)] Loss: 15.93106 = L_Mnfld: 5.58228 + L_NonMnfld: 8.49285 + L_Nrml: 0.00000 + L_Eknl: 1.74552 + L_Div: 0.00000 + L_Morse: 0.11041
Epoch: 0 [8610/10000 (86%)] Unweighted L_s : L_Mnfld: 0.00080,  L_NonMnfld: 0.01415,  L_Nrml: 0.00000,  L_Eknl: 0.03491, L_Morse: 1.10408

Weights: [7000.0, 600.0, 0, 50.0, 0.0, 0.1], lr=5.000e-05
Epoch: 0 [8620/10000 (86%)] Loss: 15.93337 = L_Mnfld: 5.73527 + L_NonMnfld: 8.34890 + L_Nrml: 0.00000 + L_Eknl: 1.74195 + L_Div: 0.00000 + L_Morse: 0.10725
Epoch: 0 [8620/10000 (86%)] Unweighted L_s : L_Mnfld: 0.00082,  L_NonMnfld: 0.01391,  L_Nrml: 0.00000,  L_Eknl: 0.03484, L_Morse: 1.07253

Weights: [7000.0, 600.0, 0, 50.0, 0.0, 0.1], lr=5.000e-05
Epoch: 0 [8630/10000 (86%)] Loss: 15.07672 = L_Mnfld: 5.21444 + L_NonMnfld: 8.01589 + L_Nrml: 0.00000 + L_Eknl: 1.74026 + L_Div: 0.00000 + L_Morse: 0.10613
Epoch: 0 [8630/10000 (86%)] Unweighted L_s : L_Mnfld: 0.00074,  L_NonMnfld: 0.01336,  L_Nrml: 0.00000,  L_Eknl: 0.03481, L_Morse: 1.06126

Weights: [7000.0, 600.0, 0, 50.0, 0.0, 0.1], lr=5.000e-05
Epoch: 0 [8640/10000 (86%)] Loss: 16.51427 = L_Mnfld: 5.50982 + L_NonMnfld: 9.20770 + L_Nrml: 0.00000 + L_Eknl: 1.68961 + L_Div: 0.00000 + L_Morse: 0.10714
Epoch: 0 [8640/10000 (86%)] Unweighted L_s : L_Mnfld: 0.00079,  L_NonMnfld: 0.01535,  L_Nrml: 0.00000,  L_Eknl: 0.03379, L_Morse: 1.07137

Weights: [7000.0, 600.0, 0, 50.0, 0.0, 0.1], lr=5.000e-05
Epoch: 0 [8650/10000 (86%)] Loss: 15.72337 = L_Mnfld: 5.46961 + L_NonMnfld: 8.47700 + L_Nrml: 0.00000 + L_Eknl: 1.66693 + L_Div: 0.00000 + L_Morse: 0.10983
Epoch: 0 [8650/10000 (86%)] Unweighted L_s : L_Mnfld: 0.00078,  L_NonMnfld: 0.01413,  L_Nrml: 0.00000,  L_Eknl: 0.03334, L_Morse: 1.09830

Weights: [7000.0, 600.0, 0, 50.0, 0.0, 0.1], lr=5.000e-05
Epoch: 0 [8660/10000 (87%)] Loss: 14.61966 = L_Mnfld: 5.15882 + L_NonMnfld: 7.71381 + L_Nrml: 0.00000 + L_Eknl: 1.64523 + L_Div: 0.00000 + L_Morse: 0.10180
Epoch: 0 [8660/10000 (87%)] Unweighted L_s : L_Mnfld: 0.00074,  L_NonMnfld: 0.01286,  L_Nrml: 0.00000,  L_Eknl: 0.03290, L_Morse: 1.01804

Weights: [7000.0, 600.0, 0, 50.0, 0.0, 0.1], lr=5.000e-05
Epoch: 0 [8670/10000 (87%)] Loss: 14.85686 = L_Mnfld: 5.19936 + L_NonMnfld: 7.86257 + L_Nrml: 0.00000 + L_Eknl: 1.68711 + L_Div: 0.00000 + L_Morse: 0.10783
Epoch: 0 [8670/10000 (87%)] Unweighted L_s : L_Mnfld: 0.00074,  L_NonMnfld: 0.01310,  L_Nrml: 0.00000,  L_Eknl: 0.03374, L_Morse: 1.07829

Weights: [7000.0, 600.0, 0, 50.0, 0.0, 0.1], lr=5.000e-05
Epoch: 0 [8680/10000 (87%)] Loss: 15.18241 = L_Mnfld: 5.06675 + L_NonMnfld: 8.31893 + L_Nrml: 0.00000 + L_Eknl: 1.68508 + L_Div: 0.00000 + L_Morse: 0.11166
Epoch: 0 [8680/10000 (87%)] Unweighted L_s : L_Mnfld: 0.00072,  L_NonMnfld: 0.01386,  L_Nrml: 0.00000,  L_Eknl: 0.03370, L_Morse: 1.11656

Weights: [7000.0, 600.0, 0, 50.0, 0.0, 0.1], lr=5.000e-05
Epoch: 0 [8690/10000 (87%)] Loss: 15.44981 = L_Mnfld: 5.44105 + L_NonMnfld: 8.12562 + L_Nrml: 0.00000 + L_Eknl: 1.77594 + L_Div: 0.00000 + L_Morse: 0.10721
Epoch: 0 [8690/10000 (87%)] Unweighted L_s : L_Mnfld: 0.00078,  L_NonMnfld: 0.01354,  L_Nrml: 0.00000,  L_Eknl: 0.03552, L_Morse: 1.07211

Weights: [7000.0, 600.0, 0, 50.0, 0.0, 0.1], lr=5.000e-05
Epoch: 0 [8700/10000 (87%)] Loss: 15.56664 = L_Mnfld: 5.29308 + L_NonMnfld: 8.40736 + L_Nrml: 0.00000 + L_Eknl: 1.75609 + L_Div: 0.00000 + L_Morse: 0.11012
Epoch: 0 [8700/10000 (87%)] Unweighted L_s : L_Mnfld: 0.00076,  L_NonMnfld: 0.01401,  L_Nrml: 0.00000,  L_Eknl: 0.03512, L_Morse: 1.10117

Weights: [7000.0, 600.0, 0, 50.0, 0.0, 0.1], lr=5.000e-05
Epoch: 0 [8710/10000 (87%)] Loss: 15.23573 = L_Mnfld: 5.23333 + L_NonMnfld: 8.16861 + L_Nrml: 0.00000 + L_Eknl: 1.71597 + L_Div: 0.00000 + L_Morse: 0.11783
Epoch: 0 [8710/10000 (87%)] Unweighted L_s : L_Mnfld: 0.00075,  L_NonMnfld: 0.01361,  L_Nrml: 0.00000,  L_Eknl: 0.03432, L_Morse: 1.17833

Weights: [7000.0, 600.0, 0, 50.0, 0.0, 0.1], lr=5.000e-05
Epoch: 0 [8720/10000 (87%)] Loss: 15.83244 = L_Mnfld: 5.17143 + L_NonMnfld: 8.82097 + L_Nrml: 0.00000 + L_Eknl: 1.72110 + L_Div: 0.00000 + L_Morse: 0.11894
Epoch: 0 [8720/10000 (87%)] Unweighted L_s : L_Mnfld: 0.00074,  L_NonMnfld: 0.01470,  L_Nrml: 0.00000,  L_Eknl: 0.03442, L_Morse: 1.18943

Weights: [7000.0, 600.0, 0, 50.0, 0.0, 0.1], lr=5.000e-05
Epoch: 0 [8730/10000 (87%)] Loss: 14.63129 = L_Mnfld: 4.87340 + L_NonMnfld: 7.97990 + L_Nrml: 0.00000 + L_Eknl: 1.66999 + L_Div: 0.00000 + L_Morse: 0.10800
Epoch: 0 [8730/10000 (87%)] Unweighted L_s : L_Mnfld: 0.00070,  L_NonMnfld: 0.01330,  L_Nrml: 0.00000,  L_Eknl: 0.03340, L_Morse: 1.08003

Weights: [7000.0, 600.0, 0, 50.0, 0.0, 0.1], lr=5.000e-05
Epoch: 0 [8740/10000 (87%)] Loss: 14.44701 = L_Mnfld: 5.35932 + L_NonMnfld: 7.29508 + L_Nrml: 0.00000 + L_Eknl: 1.68523 + L_Div: 0.00000 + L_Morse: 0.10737
Epoch: 0 [8740/10000 (87%)] Unweighted L_s : L_Mnfld: 0.00077,  L_NonMnfld: 0.01216,  L_Nrml: 0.00000,  L_Eknl: 0.03370, L_Morse: 1.07371

Weights: [7000.0, 600.0, 0, 50.0, 0.0, 0.1], lr=5.000e-05
Epoch: 0 [8750/10000 (88%)] Loss: 16.07016 = L_Mnfld: 5.50248 + L_NonMnfld: 8.73323 + L_Nrml: 0.00000 + L_Eknl: 1.72095 + L_Div: 0.00000 + L_Morse: 0.11349
Epoch: 0 [8750/10000 (88%)] Unweighted L_s : L_Mnfld: 0.00079,  L_NonMnfld: 0.01456,  L_Nrml: 0.00000,  L_Eknl: 0.03442, L_Morse: 1.13494

Weights: [7000.0, 600.0, 0, 50.0, 0.0, 0.1], lr=5.000e-05
Epoch: 0 [8760/10000 (88%)] Loss: 15.29887 = L_Mnfld: 5.37431 + L_NonMnfld: 8.01098 + L_Nrml: 0.00000 + L_Eknl: 1.80440 + L_Div: 0.00000 + L_Morse: 0.10918
Epoch: 0 [8760/10000 (88%)] Unweighted L_s : L_Mnfld: 0.00077,  L_NonMnfld: 0.01335,  L_Nrml: 0.00000,  L_Eknl: 0.03609, L_Morse: 1.09184

Weights: [7000.0, 600.0, 0, 50.0, 0.0, 0.1], lr=5.000e-05
Epoch: 0 [8770/10000 (88%)] Loss: 14.60580 = L_Mnfld: 5.47139 + L_NonMnfld: 7.27990 + L_Nrml: 0.00000 + L_Eknl: 1.74355 + L_Div: 0.00000 + L_Morse: 0.11096
Epoch: 0 [8770/10000 (88%)] Unweighted L_s : L_Mnfld: 0.00078,  L_NonMnfld: 0.01213,  L_Nrml: 0.00000,  L_Eknl: 0.03487, L_Morse: 1.10962

Weights: [7000.0, 600.0, 0, 50.0, 0.0, 0.1], lr=5.000e-05
Epoch: 0 [8780/10000 (88%)] Loss: 14.94384 = L_Mnfld: 5.14430 + L_NonMnfld: 7.96577 + L_Nrml: 0.00000 + L_Eknl: 1.72301 + L_Div: 0.00000 + L_Morse: 0.11075
Epoch: 0 [8780/10000 (88%)] Unweighted L_s : L_Mnfld: 0.00073,  L_NonMnfld: 0.01328,  L_Nrml: 0.00000,  L_Eknl: 0.03446, L_Morse: 1.10751

Weights: [7000.0, 600.0, 0, 50.0, 0.0, 0.1], lr=5.000e-05
Epoch: 0 [8790/10000 (88%)] Loss: 14.93538 = L_Mnfld: 5.03957 + L_NonMnfld: 8.10463 + L_Nrml: 0.00000 + L_Eknl: 1.67104 + L_Div: 0.00000 + L_Morse: 0.12014
Epoch: 0 [8790/10000 (88%)] Unweighted L_s : L_Mnfld: 0.00072,  L_NonMnfld: 0.01351,  L_Nrml: 0.00000,  L_Eknl: 0.03342, L_Morse: 1.20137

Weights: [7000.0, 600.0, 0, 50.0, 0.0, 0.1], lr=5.000e-05
Epoch: 0 [8800/10000 (88%)] Loss: 14.17174 = L_Mnfld: 5.03688 + L_NonMnfld: 7.31859 + L_Nrml: 0.00000 + L_Eknl: 1.70846 + L_Div: 0.00000 + L_Morse: 0.10781
Epoch: 0 [8800/10000 (88%)] Unweighted L_s : L_Mnfld: 0.00072,  L_NonMnfld: 0.01220,  L_Nrml: 0.00000,  L_Eknl: 0.03417, L_Morse: 1.07805

Weights: [7000.0, 600.0, 0, 50.0, 0.0, 0.1], lr=5.000e-05
Epoch: 0 [8810/10000 (88%)] Loss: 14.35425 = L_Mnfld: 5.00367 + L_NonMnfld: 7.69759 + L_Nrml: 0.00000 + L_Eknl: 1.54695 + L_Div: 0.00000 + L_Morse: 0.10604
Epoch: 0 [8810/10000 (88%)] Unweighted L_s : L_Mnfld: 0.00071,  L_NonMnfld: 0.01283,  L_Nrml: 0.00000,  L_Eknl: 0.03094, L_Morse: 1.06038

Weights: [7000.0, 600.0, 0, 50.0, 0.0, 0.1], lr=5.000e-05
Epoch: 0 [8820/10000 (88%)] Loss: 13.61561 = L_Mnfld: 4.78832 + L_NonMnfld: 7.12143 + L_Nrml: 0.00000 + L_Eknl: 1.59927 + L_Div: 0.00000 + L_Morse: 0.10659
Epoch: 0 [8820/10000 (88%)] Unweighted L_s : L_Mnfld: 0.00068,  L_NonMnfld: 0.01187,  L_Nrml: 0.00000,  L_Eknl: 0.03199, L_Morse: 1.06591

Weights: [7000.0, 600.0, 0, 50.0, 0.0, 0.1], lr=5.000e-05
Epoch: 0 [8830/10000 (88%)] Loss: 15.69618 = L_Mnfld: 5.38483 + L_NonMnfld: 8.61024 + L_Nrml: 0.00000 + L_Eknl: 1.59422 + L_Div: 0.00000 + L_Morse: 0.10689
Epoch: 0 [8830/10000 (88%)] Unweighted L_s : L_Mnfld: 0.00077,  L_NonMnfld: 0.01435,  L_Nrml: 0.00000,  L_Eknl: 0.03188, L_Morse: 1.06886

Weights: [7000.0, 600.0, 0, 50.0, 0.0, 0.1], lr=5.000e-05
Epoch: 0 [8840/10000 (88%)] Loss: 15.85170 = L_Mnfld: 5.18809 + L_NonMnfld: 8.91732 + L_Nrml: 0.00000 + L_Eknl: 1.63326 + L_Div: 0.00000 + L_Morse: 0.11304
Epoch: 0 [8840/10000 (88%)] Unweighted L_s : L_Mnfld: 0.00074,  L_NonMnfld: 0.01486,  L_Nrml: 0.00000,  L_Eknl: 0.03267, L_Morse: 1.13035

Weights: [7000.0, 600.0, 0, 50.0, 0.0, 0.1], lr=5.000e-05
Epoch: 0 [8850/10000 (88%)] Loss: 14.31946 = L_Mnfld: 4.86255 + L_NonMnfld: 7.81992 + L_Nrml: 0.00000 + L_Eknl: 1.53007 + L_Div: 0.00000 + L_Morse: 0.10692
Epoch: 0 [8850/10000 (88%)] Unweighted L_s : L_Mnfld: 0.00069,  L_NonMnfld: 0.01303,  L_Nrml: 0.00000,  L_Eknl: 0.03060, L_Morse: 1.06920

Weights: [7000.0, 600.0, 0, 50.0, 0.0, 0.1], lr=5.000e-05
Epoch: 0 [8860/10000 (89%)] Loss: 14.19646 = L_Mnfld: 5.23064 + L_NonMnfld: 7.25763 + L_Nrml: 0.00000 + L_Eknl: 1.59615 + L_Div: 0.00000 + L_Morse: 0.11205
Epoch: 0 [8860/10000 (89%)] Unweighted L_s : L_Mnfld: 0.00075,  L_NonMnfld: 0.01210,  L_Nrml: 0.00000,  L_Eknl: 0.03192, L_Morse: 1.12046

Weights: [7000.0, 600.0, 0, 50.0, 0.0, 0.1], lr=5.000e-05
Epoch: 0 [8870/10000 (89%)] Loss: 13.91178 = L_Mnfld: 4.79720 + L_NonMnfld: 7.41378 + L_Nrml: 0.00000 + L_Eknl: 1.59423 + L_Div: 0.00000 + L_Morse: 0.10656
Epoch: 0 [8870/10000 (89%)] Unweighted L_s : L_Mnfld: 0.00069,  L_NonMnfld: 0.01236,  L_Nrml: 0.00000,  L_Eknl: 0.03188, L_Morse: 1.06563

Weights: [7000.0, 600.0, 0, 50.0, 0.0, 0.1], lr=5.000e-05
Epoch: 0 [8880/10000 (89%)] Loss: 14.67326 = L_Mnfld: 4.82197 + L_NonMnfld: 8.09124 + L_Nrml: 0.00000 + L_Eknl: 1.65166 + L_Div: 0.00000 + L_Morse: 0.10838
Epoch: 0 [8880/10000 (89%)] Unweighted L_s : L_Mnfld: 0.00069,  L_NonMnfld: 0.01349,  L_Nrml: 0.00000,  L_Eknl: 0.03303, L_Morse: 1.08382

Weights: [7000.0, 600.0, 0, 50.0, 0.0, 0.1], lr=5.000e-05
Epoch: 0 [8890/10000 (89%)] Loss: 14.58491 = L_Mnfld: 5.14283 + L_NonMnfld: 7.64921 + L_Nrml: 0.00000 + L_Eknl: 1.67549 + L_Div: 0.00000 + L_Morse: 0.11738
Epoch: 0 [8890/10000 (89%)] Unweighted L_s : L_Mnfld: 0.00073,  L_NonMnfld: 0.01275,  L_Nrml: 0.00000,  L_Eknl: 0.03351, L_Morse: 1.17376

Weights: [7000.0, 600.0, 0, 50.0, 0.0, 0.1], lr=5.000e-05
Epoch: 0 [8900/10000 (89%)] Loss: 15.42304 = L_Mnfld: 5.39098 + L_NonMnfld: 8.21510 + L_Nrml: 0.00000 + L_Eknl: 1.70866 + L_Div: 0.00000 + L_Morse: 0.10830
Epoch: 0 [8900/10000 (89%)] Unweighted L_s : L_Mnfld: 0.00077,  L_NonMnfld: 0.01369,  L_Nrml: 0.00000,  L_Eknl: 0.03417, L_Morse: 1.08303

Weights: [7000.0, 600.0, 0, 50.0, 0.0, 0.1], lr=5.000e-05
Epoch: 0 [8910/10000 (89%)] Loss: 14.86722 = L_Mnfld: 5.21032 + L_NonMnfld: 7.84734 + L_Nrml: 0.00000 + L_Eknl: 1.70465 + L_Div: 0.00000 + L_Morse: 0.10491
Epoch: 0 [8910/10000 (89%)] Unweighted L_s : L_Mnfld: 0.00074,  L_NonMnfld: 0.01308,  L_Nrml: 0.00000,  L_Eknl: 0.03409, L_Morse: 1.04909

Weights: [7000.0, 600.0, 0, 50.0, 0.0, 0.1], lr=5.000e-05
Epoch: 0 [8920/10000 (89%)] Loss: 14.83034 = L_Mnfld: 5.21963 + L_NonMnfld: 7.82540 + L_Nrml: 0.00000 + L_Eknl: 1.67749 + L_Div: 0.00000 + L_Morse: 0.10782
Epoch: 0 [8920/10000 (89%)] Unweighted L_s : L_Mnfld: 0.00075,  L_NonMnfld: 0.01304,  L_Nrml: 0.00000,  L_Eknl: 0.03355, L_Morse: 1.07821

Weights: [7000.0, 600.0, 0, 50.0, 0.0, 0.1], lr=5.000e-05
Epoch: 0 [8930/10000 (89%)] Loss: 15.40482 = L_Mnfld: 5.33050 + L_NonMnfld: 8.17785 + L_Nrml: 0.00000 + L_Eknl: 1.78597 + L_Div: 0.00000 + L_Morse: 0.11050
Epoch: 0 [8930/10000 (89%)] Unweighted L_s : L_Mnfld: 0.00076,  L_NonMnfld: 0.01363,  L_Nrml: 0.00000,  L_Eknl: 0.03572, L_Morse: 1.10501

Weights: [7000.0, 600.0, 0, 50.0, 0.0, 0.1], lr=5.000e-05
Epoch: 0 [8940/10000 (89%)] Loss: 15.11554 = L_Mnfld: 5.26758 + L_NonMnfld: 8.05332 + L_Nrml: 0.00000 + L_Eknl: 1.68654 + L_Div: 0.00000 + L_Morse: 0.10811
Epoch: 0 [8940/10000 (89%)] Unweighted L_s : L_Mnfld: 0.00075,  L_NonMnfld: 0.01342,  L_Nrml: 0.00000,  L_Eknl: 0.03373, L_Morse: 1.08111

Weights: [7000.0, 600.0, 0, 50.0, 0.0, 0.1], lr=5.000e-05
Epoch: 0 [8950/10000 (90%)] Loss: 15.68475 = L_Mnfld: 5.02442 + L_NonMnfld: 8.89301 + L_Nrml: 0.00000 + L_Eknl: 1.65736 + L_Div: 0.00000 + L_Morse: 0.10997
Epoch: 0 [8950/10000 (90%)] Unweighted L_s : L_Mnfld: 0.00072,  L_NonMnfld: 0.01482,  L_Nrml: 0.00000,  L_Eknl: 0.03315, L_Morse: 1.09965

Weights: [7000.0, 600.0, 0, 50.0, 0.0, 0.1], lr=5.000e-05
Epoch: 0 [8960/10000 (90%)] Loss: 14.42482 = L_Mnfld: 5.21726 + L_NonMnfld: 7.23752 + L_Nrml: 0.00000 + L_Eknl: 1.85862 + L_Div: 0.00000 + L_Morse: 0.11142
Epoch: 0 [8960/10000 (90%)] Unweighted L_s : L_Mnfld: 0.00075,  L_NonMnfld: 0.01206,  L_Nrml: 0.00000,  L_Eknl: 0.03717, L_Morse: 1.11424

Weights: [7000.0, 600.0, 0, 50.0, 0.0, 0.1], lr=5.000e-05
Epoch: 0 [8970/10000 (90%)] Loss: 14.67153 = L_Mnfld: 4.80967 + L_NonMnfld: 8.03827 + L_Nrml: 0.00000 + L_Eknl: 1.71047 + L_Div: 0.00000 + L_Morse: 0.11312
Epoch: 0 [8970/10000 (90%)] Unweighted L_s : L_Mnfld: 0.00069,  L_NonMnfld: 0.01340,  L_Nrml: 0.00000,  L_Eknl: 0.03421, L_Morse: 1.13122

Weights: [7000.0, 600.0, 0, 50.0, 0.0, 0.1], lr=5.000e-05
Epoch: 0 [8980/10000 (90%)] Loss: 14.99213 = L_Mnfld: 5.04577 + L_NonMnfld: 8.12206 + L_Nrml: 0.00000 + L_Eknl: 1.71631 + L_Div: 0.00000 + L_Morse: 0.10799
Epoch: 0 [8980/10000 (90%)] Unweighted L_s : L_Mnfld: 0.00072,  L_NonMnfld: 0.01354,  L_Nrml: 0.00000,  L_Eknl: 0.03433, L_Morse: 1.07992

Weights: [7000.0, 600.0, 0, 50.0, 0.0, 0.1], lr=5.000e-05
Epoch: 0 [8990/10000 (90%)] Loss: 14.67336 = L_Mnfld: 5.08936 + L_NonMnfld: 7.79809 + L_Nrml: 0.00000 + L_Eknl: 1.67391 + L_Div: 0.00000 + L_Morse: 0.11201
Epoch: 0 [8990/10000 (90%)] Unweighted L_s : L_Mnfld: 0.00073,  L_NonMnfld: 0.01300,  L_Nrml: 0.00000,  L_Eknl: 0.03348, L_Morse: 1.12007

Weights: [7000.0, 600.0, 0, 50.0, 0.0, 0.1], lr=5.000e-05
Epoch: 0 [9000/10000 (90%)] Loss: 13.99967 = L_Mnfld: 4.68588 + L_NonMnfld: 7.47413 + L_Nrml: 0.00000 + L_Eknl: 1.72594 + L_Div: 0.00000 + L_Morse: 0.11372
Epoch: 0 [9000/10000 (90%)] Unweighted L_s : L_Mnfld: 0.00067,  L_NonMnfld: 0.01246,  L_Nrml: 0.00000,  L_Eknl: 0.03452, L_Morse: 1.13722

Weights: [7000.0, 600.0, 0, 50.0, 0.0, 0.1], lr=5.000e-05
Epoch: 0 [9010/10000 (90%)] Loss: 16.74503 = L_Mnfld: 5.82602 + L_NonMnfld: 9.13935 + L_Nrml: 0.00000 + L_Eknl: 1.67235 + L_Div: 0.00000 + L_Morse: 0.10731
Epoch: 0 [9010/10000 (90%)] Unweighted L_s : L_Mnfld: 0.00083,  L_NonMnfld: 0.01523,  L_Nrml: 0.00000,  L_Eknl: 0.03345, L_Morse: 1.07315

Weights: [7000.0, 600.0, 0, 50.0, 0.0, 0.1], lr=5.000e-05
Epoch: 0 [9020/10000 (90%)] Loss: 15.66892 = L_Mnfld: 5.48639 + L_NonMnfld: 8.34168 + L_Nrml: 0.00000 + L_Eknl: 1.73348 + L_Div: 0.00000 + L_Morse: 0.10738
Epoch: 0 [9020/10000 (90%)] Unweighted L_s : L_Mnfld: 0.00078,  L_NonMnfld: 0.01390,  L_Nrml: 0.00000,  L_Eknl: 0.03467, L_Morse: 1.07376

Weights: [7000.0, 600.0, 0, 50.0, 0.0, 0.1], lr=5.000e-05
Epoch: 0 [9030/10000 (90%)] Loss: 14.55629 = L_Mnfld: 5.03054 + L_NonMnfld: 7.77244 + L_Nrml: 0.00000 + L_Eknl: 1.64155 + L_Div: 0.00000 + L_Morse: 0.11175
Epoch: 0 [9030/10000 (90%)] Unweighted L_s : L_Mnfld: 0.00072,  L_NonMnfld: 0.01295,  L_Nrml: 0.00000,  L_Eknl: 0.03283, L_Morse: 1.11755

Weights: [7000.0, 600.0, 0, 50.0, 0.0, 0.1], lr=5.000e-05
Epoch: 0 [9040/10000 (90%)] Loss: 16.51454 = L_Mnfld: 6.02136 + L_NonMnfld: 8.62348 + L_Nrml: 0.00000 + L_Eknl: 1.75887 + L_Div: 0.00000 + L_Morse: 0.11083
Epoch: 0 [9040/10000 (90%)] Unweighted L_s : L_Mnfld: 0.00086,  L_NonMnfld: 0.01437,  L_Nrml: 0.00000,  L_Eknl: 0.03518, L_Morse: 1.10827

Weights: [7000.0, 600.0, 0, 50.0, 0.0, 0.1], lr=5.000e-05
Epoch: 0 [9050/10000 (90%)] Loss: 15.67404 = L_Mnfld: 5.56930 + L_NonMnfld: 8.29993 + L_Nrml: 0.00000 + L_Eknl: 1.68779 + L_Div: 0.00000 + L_Morse: 0.11702
Epoch: 0 [9050/10000 (90%)] Unweighted L_s : L_Mnfld: 0.00080,  L_NonMnfld: 0.01383,  L_Nrml: 0.00000,  L_Eknl: 0.03376, L_Morse: 1.17022

Weights: [7000.0, 600.0, 0, 50.0, 0.0, 0.1], lr=5.000e-05
Epoch: 0 [9060/10000 (91%)] Loss: 15.29705 = L_Mnfld: 5.20033 + L_NonMnfld: 8.26451 + L_Nrml: 0.00000 + L_Eknl: 1.72300 + L_Div: 0.00000 + L_Morse: 0.10921
Epoch: 0 [9060/10000 (91%)] Unweighted L_s : L_Mnfld: 0.00074,  L_NonMnfld: 0.01377,  L_Nrml: 0.00000,  L_Eknl: 0.03446, L_Morse: 1.09206

Weights: [7000.0, 600.0, 0, 50.0, 0.0, 0.1], lr=5.000e-05
Epoch: 0 [9070/10000 (91%)] Loss: 14.79927 = L_Mnfld: 5.10791 + L_NonMnfld: 7.82907 + L_Nrml: 0.00000 + L_Eknl: 1.74436 + L_Div: 0.00000 + L_Morse: 0.11792
Epoch: 0 [9070/10000 (91%)] Unweighted L_s : L_Mnfld: 0.00073,  L_NonMnfld: 0.01305,  L_Nrml: 0.00000,  L_Eknl: 0.03489, L_Morse: 1.17917

Weights: [7000.0, 600.0, 0, 50.0, 0.0, 0.1], lr=5.000e-05
Epoch: 0 [9080/10000 (91%)] Loss: 15.73901 = L_Mnfld: 5.47922 + L_NonMnfld: 8.39035 + L_Nrml: 0.00000 + L_Eknl: 1.75556 + L_Div: 0.00000 + L_Morse: 0.11389
Epoch: 0 [9080/10000 (91%)] Unweighted L_s : L_Mnfld: 0.00078,  L_NonMnfld: 0.01398,  L_Nrml: 0.00000,  L_Eknl: 0.03511, L_Morse: 1.13887

Weights: [7000.0, 600.0, 0, 50.0, 0.0, 0.1], lr=5.000e-05
Epoch: 0 [9090/10000 (91%)] Loss: 15.02637 = L_Mnfld: 5.14844 + L_NonMnfld: 8.11707 + L_Nrml: 0.00000 + L_Eknl: 1.65221 + L_Div: 0.00000 + L_Morse: 0.10866
Epoch: 0 [9090/10000 (91%)] Unweighted L_s : L_Mnfld: 0.00074,  L_NonMnfld: 0.01353,  L_Nrml: 0.00000,  L_Eknl: 0.03304, L_Morse: 1.08662

Weights: [7000.0, 600.0, 0, 50.0, 0.0, 0.1], lr=5.000e-05
Epoch: 0 [9100/10000 (91%)] Loss: 15.82549 = L_Mnfld: 5.75958 + L_NonMnfld: 8.21329 + L_Nrml: 0.00000 + L_Eknl: 1.73472 + L_Div: 0.00000 + L_Morse: 0.11790
Epoch: 0 [9100/10000 (91%)] Unweighted L_s : L_Mnfld: 0.00082,  L_NonMnfld: 0.01369,  L_Nrml: 0.00000,  L_Eknl: 0.03469, L_Morse: 1.17897

Weights: [7000.0, 600.0, 0, 50.0, 0.0, 0.1], lr=5.000e-05
Epoch: 0 [9110/10000 (91%)] Loss: 15.39737 = L_Mnfld: 5.04050 + L_NonMnfld: 8.56624 + L_Nrml: 0.00000 + L_Eknl: 1.68055 + L_Div: 0.00000 + L_Morse: 0.11008
Epoch: 0 [9110/10000 (91%)] Unweighted L_s : L_Mnfld: 0.00072,  L_NonMnfld: 0.01428,  L_Nrml: 0.00000,  L_Eknl: 0.03361, L_Morse: 1.10080

Weights: [7000.0, 600.0, 0, 50.0, 0.0, 0.1], lr=5.000e-05
Epoch: 0 [9120/10000 (91%)] Loss: 15.62200 = L_Mnfld: 5.02888 + L_NonMnfld: 8.74456 + L_Nrml: 0.00000 + L_Eknl: 1.73857 + L_Div: 0.00000 + L_Morse: 0.10999
Epoch: 0 [9120/10000 (91%)] Unweighted L_s : L_Mnfld: 0.00072,  L_NonMnfld: 0.01457,  L_Nrml: 0.00000,  L_Eknl: 0.03477, L_Morse: 1.09987

Weights: [7000.0, 600.0, 0, 50.0, 0.0, 0.1], lr=5.000e-05
Epoch: 0 [9130/10000 (91%)] Loss: 15.05617 = L_Mnfld: 5.42922 + L_NonMnfld: 7.87139 + L_Nrml: 0.00000 + L_Eknl: 1.64619 + L_Div: 0.00000 + L_Morse: 0.10937
Epoch: 0 [9130/10000 (91%)] Unweighted L_s : L_Mnfld: 0.00078,  L_NonMnfld: 0.01312,  L_Nrml: 0.00000,  L_Eknl: 0.03292, L_Morse: 1.09372

Weights: [7000.0, 600.0, 0, 50.0, 0.0, 0.1], lr=5.000e-05
Epoch: 0 [9140/10000 (91%)] Loss: 15.49259 = L_Mnfld: 4.76526 + L_NonMnfld: 9.00923 + L_Nrml: 0.00000 + L_Eknl: 1.61295 + L_Div: 0.00000 + L_Morse: 0.10515
Epoch: 0 [9140/10000 (91%)] Unweighted L_s : L_Mnfld: 0.00068,  L_NonMnfld: 0.01502,  L_Nrml: 0.00000,  L_Eknl: 0.03226, L_Morse: 1.05149

Weights: [7000.0, 600.0, 0, 50.0, 0.0, 0.1], lr=5.000e-05
Epoch: 0 [9150/10000 (92%)] Loss: 14.66435 = L_Mnfld: 5.13400 + L_NonMnfld: 7.79004 + L_Nrml: 0.00000 + L_Eknl: 1.63376 + L_Div: 0.00000 + L_Morse: 0.10656
Epoch: 0 [9150/10000 (92%)] Unweighted L_s : L_Mnfld: 0.00073,  L_NonMnfld: 0.01298,  L_Nrml: 0.00000,  L_Eknl: 0.03268, L_Morse: 1.06556

Weights: [7000.0, 600.0, 0, 50.0, 0.0, 0.1], lr=5.000e-05
Epoch: 0 [9160/10000 (92%)] Loss: 14.38665 = L_Mnfld: 4.83476 + L_NonMnfld: 7.67967 + L_Nrml: 0.00000 + L_Eknl: 1.76568 + L_Div: 0.00000 + L_Morse: 0.10654
Epoch: 0 [9160/10000 (92%)] Unweighted L_s : L_Mnfld: 0.00069,  L_NonMnfld: 0.01280,  L_Nrml: 0.00000,  L_Eknl: 0.03531, L_Morse: 1.06542

Weights: [7000.0, 600.0, 0, 50.0, 0.0, 0.1], lr=5.000e-05
Epoch: 0 [9170/10000 (92%)] Loss: 15.35046 = L_Mnfld: 4.99412 + L_NonMnfld: 8.61263 + L_Nrml: 0.00000 + L_Eknl: 1.62885 + L_Div: 0.00000 + L_Morse: 0.11486
Epoch: 0 [9170/10000 (92%)] Unweighted L_s : L_Mnfld: 0.00071,  L_NonMnfld: 0.01435,  L_Nrml: 0.00000,  L_Eknl: 0.03258, L_Morse: 1.14862

Weights: [7000.0, 600.0, 0, 50.0, 0.0, 0.1], lr=5.000e-05
Epoch: 0 [9180/10000 (92%)] Loss: 14.56861 = L_Mnfld: 5.27948 + L_NonMnfld: 7.40122 + L_Nrml: 0.00000 + L_Eknl: 1.77425 + L_Div: 0.00000 + L_Morse: 0.11366
Epoch: 0 [9180/10000 (92%)] Unweighted L_s : L_Mnfld: 0.00075,  L_NonMnfld: 0.01234,  L_Nrml: 0.00000,  L_Eknl: 0.03548, L_Morse: 1.13656

Weights: [7000.0, 600.0, 0, 50.0, 0.0, 0.1], lr=5.000e-05
Epoch: 0 [9190/10000 (92%)] Loss: 15.30510 = L_Mnfld: 5.94087 + L_NonMnfld: 7.40660 + L_Nrml: 0.00000 + L_Eknl: 1.85048 + L_Div: 0.00000 + L_Morse: 0.10715
Epoch: 0 [9190/10000 (92%)] Unweighted L_s : L_Mnfld: 0.00085,  L_NonMnfld: 0.01234,  L_Nrml: 0.00000,  L_Eknl: 0.03701, L_Morse: 1.07153

Weights: [7000.0, 600.0, 0, 50.0, 0.0, 0.1], lr=5.000e-05
Epoch: 0 [9200/10000 (92%)] Loss: 14.74324 = L_Mnfld: 5.17119 + L_NonMnfld: 7.80339 + L_Nrml: 0.00000 + L_Eknl: 1.65921 + L_Div: 0.00000 + L_Morse: 0.10945
Epoch: 0 [9200/10000 (92%)] Unweighted L_s : L_Mnfld: 0.00074,  L_NonMnfld: 0.01301,  L_Nrml: 0.00000,  L_Eknl: 0.03318, L_Morse: 1.09446

Weights: [7000.0, 600.0, 0, 50.0, 0.0, 0.1], lr=5.000e-05
Epoch: 0 [9210/10000 (92%)] Loss: 15.72551 = L_Mnfld: 5.45809 + L_NonMnfld: 8.49019 + L_Nrml: 0.00000 + L_Eknl: 1.66778 + L_Div: 0.00000 + L_Morse: 0.10945
Epoch: 0 [9210/10000 (92%)] Unweighted L_s : L_Mnfld: 0.00078,  L_NonMnfld: 0.01415,  L_Nrml: 0.00000,  L_Eknl: 0.03336, L_Morse: 1.09454

Weights: [7000.0, 600.0, 0, 50.0, 0.0, 0.1], lr=5.000e-05
Epoch: 0 [9220/10000 (92%)] Loss: 15.33967 = L_Mnfld: 5.20394 + L_NonMnfld: 8.40036 + L_Nrml: 0.00000 + L_Eknl: 1.62581 + L_Div: 0.00000 + L_Morse: 0.10956
Epoch: 0 [9220/10000 (92%)] Unweighted L_s : L_Mnfld: 0.00074,  L_NonMnfld: 0.01400,  L_Nrml: 0.00000,  L_Eknl: 0.03252, L_Morse: 1.09559

Weights: [7000.0, 600.0, 0, 50.0, 0.0, 0.1], lr=5.000e-05
Epoch: 0 [9230/10000 (92%)] Loss: 15.21787 = L_Mnfld: 4.96383 + L_NonMnfld: 8.51162 + L_Nrml: 0.00000 + L_Eknl: 1.63311 + L_Div: 0.00000 + L_Morse: 0.10931
Epoch: 0 [9230/10000 (92%)] Unweighted L_s : L_Mnfld: 0.00071,  L_NonMnfld: 0.01419,  L_Nrml: 0.00000,  L_Eknl: 0.03266, L_Morse: 1.09313

Weights: [7000.0, 600.0, 0, 50.0, 0.0, 0.1], lr=5.000e-05
Epoch: 0 [9240/10000 (92%)] Loss: 13.88118 = L_Mnfld: 4.71446 + L_NonMnfld: 7.45412 + L_Nrml: 0.00000 + L_Eknl: 1.60058 + L_Div: 0.00000 + L_Morse: 0.11202
Epoch: 0 [9240/10000 (92%)] Unweighted L_s : L_Mnfld: 0.00067,  L_NonMnfld: 0.01242,  L_Nrml: 0.00000,  L_Eknl: 0.03201, L_Morse: 1.12021

Weights: [7000.0, 600.0, 0, 50.0, 0.0, 0.1], lr=5.000e-05
Epoch: 0 [9250/10000 (92%)] Loss: 13.65922 = L_Mnfld: 5.00529 + L_NonMnfld: 6.92081 + L_Nrml: 0.00000 + L_Eknl: 1.62342 + L_Div: 0.00000 + L_Morse: 0.10970
Epoch: 0 [9250/10000 (92%)] Unweighted L_s : L_Mnfld: 0.00072,  L_NonMnfld: 0.01153,  L_Nrml: 0.00000,  L_Eknl: 0.03247, L_Morse: 1.09696

Weights: [7000.0, 600.0, 0, 50.0, 0.0, 0.1], lr=5.000e-05
Epoch: 0 [9260/10000 (93%)] Loss: 14.33265 = L_Mnfld: 4.87905 + L_NonMnfld: 7.70098 + L_Nrml: 0.00000 + L_Eknl: 1.64588 + L_Div: 0.00000 + L_Morse: 0.10673
Epoch: 0 [9260/10000 (93%)] Unweighted L_s : L_Mnfld: 0.00070,  L_NonMnfld: 0.01283,  L_Nrml: 0.00000,  L_Eknl: 0.03292, L_Morse: 1.06731

Weights: [7000.0, 600.0, 0, 50.0, 0.0, 0.1], lr=5.000e-05
Epoch: 0 [9270/10000 (93%)] Loss: 14.49912 = L_Mnfld: 5.10488 + L_NonMnfld: 7.45387 + L_Nrml: 0.00000 + L_Eknl: 1.82505 + L_Div: 0.00000 + L_Morse: 0.11531
Epoch: 0 [9270/10000 (93%)] Unweighted L_s : L_Mnfld: 0.00073,  L_NonMnfld: 0.01242,  L_Nrml: 0.00000,  L_Eknl: 0.03650, L_Morse: 1.15310

Weights: [7000.0, 600.0, 0, 50.0, 0.0, 0.1], lr=5.000e-05
Epoch: 0 [9280/10000 (93%)] Loss: 15.18465 = L_Mnfld: 5.02004 + L_NonMnfld: 8.40352 + L_Nrml: 0.00000 + L_Eknl: 1.64930 + L_Div: 0.00000 + L_Morse: 0.11178
Epoch: 0 [9280/10000 (93%)] Unweighted L_s : L_Mnfld: 0.00072,  L_NonMnfld: 0.01401,  L_Nrml: 0.00000,  L_Eknl: 0.03299, L_Morse: 1.11778

Weights: [7000.0, 600.0, 0, 50.0, 0.0, 0.1], lr=5.000e-05
Epoch: 0 [9290/10000 (93%)] Loss: 14.18141 = L_Mnfld: 5.07752 + L_NonMnfld: 7.32342 + L_Nrml: 0.00000 + L_Eknl: 1.66873 + L_Div: 0.00000 + L_Morse: 0.11174
Epoch: 0 [9290/10000 (93%)] Unweighted L_s : L_Mnfld: 0.00073,  L_NonMnfld: 0.01221,  L_Nrml: 0.00000,  L_Eknl: 0.03337, L_Morse: 1.11743

Weights: [7000.0, 600.0, 0, 50.0, 0.0, 0.1], lr=5.000e-05
Epoch: 0 [9300/10000 (93%)] Loss: 14.01576 = L_Mnfld: 4.53404 + L_NonMnfld: 7.79700 + L_Nrml: 0.00000 + L_Eknl: 1.57238 + L_Div: 0.00000 + L_Morse: 0.11234
Epoch: 0 [9300/10000 (93%)] Unweighted L_s : L_Mnfld: 0.00065,  L_NonMnfld: 0.01300,  L_Nrml: 0.00000,  L_Eknl: 0.03145, L_Morse: 1.12339

Weights: [7000.0, 600.0, 0, 50.0, 0.0, 0.1], lr=5.000e-05
Epoch: 0 [9310/10000 (93%)] Loss: 15.10503 = L_Mnfld: 5.20942 + L_NonMnfld: 8.08458 + L_Nrml: 0.00000 + L_Eknl: 1.70044 + L_Div: 0.00000 + L_Morse: 0.11059
Epoch: 0 [9310/10000 (93%)] Unweighted L_s : L_Mnfld: 0.00074,  L_NonMnfld: 0.01347,  L_Nrml: 0.00000,  L_Eknl: 0.03401, L_Morse: 1.10590

Weights: [7000.0, 600.0, 0, 50.0, 0.0, 0.1], lr=5.000e-05
Epoch: 0 [9320/10000 (93%)] Loss: 15.32337 = L_Mnfld: 5.00118 + L_NonMnfld: 8.13188 + L_Nrml: 0.00000 + L_Eknl: 2.07886 + L_Div: 0.00000 + L_Morse: 0.11146
Epoch: 0 [9320/10000 (93%)] Unweighted L_s : L_Mnfld: 0.00071,  L_NonMnfld: 0.01355,  L_Nrml: 0.00000,  L_Eknl: 0.04158, L_Morse: 1.11458

Weights: [7000.0, 600.0, 0, 50.0, 0.0, 0.1], lr=5.000e-05
Epoch: 0 [9330/10000 (93%)] Loss: 15.43178 = L_Mnfld: 5.26485 + L_NonMnfld: 8.20685 + L_Nrml: 0.00000 + L_Eknl: 1.85007 + L_Div: 0.00000 + L_Morse: 0.11001
Epoch: 0 [9330/10000 (93%)] Unweighted L_s : L_Mnfld: 0.00075,  L_NonMnfld: 0.01368,  L_Nrml: 0.00000,  L_Eknl: 0.03700, L_Morse: 1.10007

Weights: [7000.0, 600.0, 0, 50.0, 0.0, 0.1], lr=5.000e-05
Epoch: 0 [9340/10000 (93%)] Loss: 14.09387 = L_Mnfld: 5.10737 + L_NonMnfld: 6.90439 + L_Nrml: 0.00000 + L_Eknl: 1.96908 + L_Div: 0.00000 + L_Morse: 0.11304
Epoch: 0 [9340/10000 (93%)] Unweighted L_s : L_Mnfld: 0.00073,  L_NonMnfld: 0.01151,  L_Nrml: 0.00000,  L_Eknl: 0.03938, L_Morse: 1.13035

Weights: [7000.0, 600.0, 0, 50.0, 0.0, 0.1], lr=5.000e-05
Epoch: 0 [9350/10000 (94%)] Loss: 15.80229 = L_Mnfld: 5.37356 + L_NonMnfld: 8.55883 + L_Nrml: 0.00000 + L_Eknl: 1.76239 + L_Div: 0.00000 + L_Morse: 0.10752
Epoch: 0 [9350/10000 (94%)] Unweighted L_s : L_Mnfld: 0.00077,  L_NonMnfld: 0.01426,  L_Nrml: 0.00000,  L_Eknl: 0.03525, L_Morse: 1.07520

Weights: [7000.0, 600.0, 0, 50.0, 0.0, 0.1], lr=5.000e-05
Epoch: 0 [9360/10000 (94%)] Loss: 15.07196 = L_Mnfld: 5.21839 + L_NonMnfld: 8.00466 + L_Nrml: 0.00000 + L_Eknl: 1.73450 + L_Div: 0.00000 + L_Morse: 0.11441
Epoch: 0 [9360/10000 (94%)] Unweighted L_s : L_Mnfld: 0.00075,  L_NonMnfld: 0.01334,  L_Nrml: 0.00000,  L_Eknl: 0.03469, L_Morse: 1.14408

Weights: [7000.0, 600.0, 0, 50.0, 0.0, 0.1], lr=5.000e-05
Epoch: 0 [9370/10000 (94%)] Loss: 14.36996 = L_Mnfld: 4.66103 + L_NonMnfld: 7.95498 + L_Nrml: 0.00000 + L_Eknl: 1.64189 + L_Div: 0.00000 + L_Morse: 0.11206
Epoch: 0 [9370/10000 (94%)] Unweighted L_s : L_Mnfld: 0.00067,  L_NonMnfld: 0.01326,  L_Nrml: 0.00000,  L_Eknl: 0.03284, L_Morse: 1.12057

Weights: [7000.0, 600.0, 0, 50.0, 0.0, 0.1], lr=5.000e-05
Epoch: 0 [9380/10000 (94%)] Loss: 14.27329 = L_Mnfld: 5.28438 + L_NonMnfld: 7.17494 + L_Nrml: 0.00000 + L_Eknl: 1.70721 + L_Div: 0.00000 + L_Morse: 0.10675
Epoch: 0 [9380/10000 (94%)] Unweighted L_s : L_Mnfld: 0.00075,  L_NonMnfld: 0.01196,  L_Nrml: 0.00000,  L_Eknl: 0.03414, L_Morse: 1.06754

Weights: [7000.0, 600.0, 0, 50.0, 0.0, 0.1], lr=5.000e-05
Epoch: 0 [9390/10000 (94%)] Loss: 14.79722 = L_Mnfld: 4.58399 + L_NonMnfld: 8.47343 + L_Nrml: 0.00000 + L_Eknl: 1.63111 + L_Div: 0.00000 + L_Morse: 0.10869
Epoch: 0 [9390/10000 (94%)] Unweighted L_s : L_Mnfld: 0.00065,  L_NonMnfld: 0.01412,  L_Nrml: 0.00000,  L_Eknl: 0.03262, L_Morse: 1.08688

Weights: [7000.0, 600.0, 0, 50.0, 0.0, 0.1], lr=5.000e-05
Epoch: 0 [9400/10000 (94%)] Loss: 14.49917 = L_Mnfld: 5.06268 + L_NonMnfld: 7.57442 + L_Nrml: 0.00000 + L_Eknl: 1.74691 + L_Div: 0.00000 + L_Morse: 0.11515
Epoch: 0 [9400/10000 (94%)] Unweighted L_s : L_Mnfld: 0.00072,  L_NonMnfld: 0.01262,  L_Nrml: 0.00000,  L_Eknl: 0.03494, L_Morse: 1.15153

Weights: [7000.0, 600.0, 0, 50.0, 0.0, 0.1], lr=5.000e-05
Epoch: 0 [9410/10000 (94%)] Loss: 15.27093 = L_Mnfld: 4.93904 + L_NonMnfld: 8.58231 + L_Nrml: 0.00000 + L_Eknl: 1.63773 + L_Div: 0.00000 + L_Morse: 0.11185
Epoch: 0 [9410/10000 (94%)] Unweighted L_s : L_Mnfld: 0.00071,  L_NonMnfld: 0.01430,  L_Nrml: 0.00000,  L_Eknl: 0.03275, L_Morse: 1.11855

Weights: [7000.0, 600.0, 0, 50.0, 0.0, 0.1], lr=5.000e-05
Epoch: 0 [9420/10000 (94%)] Loss: 14.38598 = L_Mnfld: 4.94524 + L_NonMnfld: 7.67173 + L_Nrml: 0.00000 + L_Eknl: 1.66117 + L_Div: 0.00000 + L_Morse: 0.10784
Epoch: 0 [9420/10000 (94%)] Unweighted L_s : L_Mnfld: 0.00071,  L_NonMnfld: 0.01279,  L_Nrml: 0.00000,  L_Eknl: 0.03322, L_Morse: 1.07843

Weights: [7000.0, 600.0, 0, 50.0, 0.0, 0.1], lr=5.000e-05
Epoch: 0 [9430/10000 (94%)] Loss: 14.79420 = L_Mnfld: 4.95483 + L_NonMnfld: 8.14052 + L_Nrml: 0.00000 + L_Eknl: 1.59109 + L_Div: 0.00000 + L_Morse: 0.10776
Epoch: 0 [9430/10000 (94%)] Unweighted L_s : L_Mnfld: 0.00071,  L_NonMnfld: 0.01357,  L_Nrml: 0.00000,  L_Eknl: 0.03182, L_Morse: 1.07762

Weights: [7000.0, 600.0, 0, 50.0, 0.0, 0.1], lr=5.000e-05
Epoch: 0 [9440/10000 (94%)] Loss: 15.27981 = L_Mnfld: 4.90262 + L_NonMnfld: 8.61485 + L_Nrml: 0.00000 + L_Eknl: 1.65434 + L_Div: 0.00000 + L_Morse: 0.10801
Epoch: 0 [9440/10000 (94%)] Unweighted L_s : L_Mnfld: 0.00070,  L_NonMnfld: 0.01436,  L_Nrml: 0.00000,  L_Eknl: 0.03309, L_Morse: 1.08006

Weights: [7000.0, 600.0, 0, 50.0, 0.0, 0.1], lr=5.000e-05
Epoch: 0 [9450/10000 (94%)] Loss: 15.06117 = L_Mnfld: 5.09654 + L_NonMnfld: 8.16197 + L_Nrml: 0.00000 + L_Eknl: 1.68691 + L_Div: 0.00000 + L_Morse: 0.11575
Epoch: 0 [9450/10000 (94%)] Unweighted L_s : L_Mnfld: 0.00073,  L_NonMnfld: 0.01360,  L_Nrml: 0.00000,  L_Eknl: 0.03374, L_Morse: 1.15746

Weights: [7000.0, 600.0, 0, 50.0, 0.0, 0.1], lr=5.000e-05
Epoch: 0 [9460/10000 (95%)] Loss: 14.52811 = L_Mnfld: 4.82270 + L_NonMnfld: 7.93888 + L_Nrml: 0.00000 + L_Eknl: 1.65386 + L_Div: 0.00000 + L_Morse: 0.11267
Epoch: 0 [9460/10000 (95%)] Unweighted L_s : L_Mnfld: 0.00069,  L_NonMnfld: 0.01323,  L_Nrml: 0.00000,  L_Eknl: 0.03308, L_Morse: 1.12673

Weights: [7000.0, 600.0, 0, 50.0, 0.0, 0.1], lr=5.000e-05
Epoch: 0 [9470/10000 (95%)] Loss: 15.32233 = L_Mnfld: 5.05695 + L_NonMnfld: 8.48543 + L_Nrml: 0.00000 + L_Eknl: 1.66955 + L_Div: 0.00000 + L_Morse: 0.11040
Epoch: 0 [9470/10000 (95%)] Unweighted L_s : L_Mnfld: 0.00072,  L_NonMnfld: 0.01414,  L_Nrml: 0.00000,  L_Eknl: 0.03339, L_Morse: 1.10397

Weights: [7000.0, 600.0, 0, 50.0, 0.0, 0.1], lr=5.000e-05
Epoch: 0 [9480/10000 (95%)] Loss: 14.17625 = L_Mnfld: 4.79103 + L_NonMnfld: 7.46950 + L_Nrml: 0.00000 + L_Eknl: 1.80300 + L_Div: 0.00000 + L_Morse: 0.11272
Epoch: 0 [9480/10000 (95%)] Unweighted L_s : L_Mnfld: 0.00068,  L_NonMnfld: 0.01245,  L_Nrml: 0.00000,  L_Eknl: 0.03606, L_Morse: 1.12720

Weights: [7000.0, 600.0, 0, 50.0, 0.0, 0.1], lr=5.000e-05
Epoch: 0 [9490/10000 (95%)] Loss: 14.22692 = L_Mnfld: 4.91828 + L_NonMnfld: 7.49839 + L_Nrml: 0.00000 + L_Eknl: 1.70272 + L_Div: 0.00000 + L_Morse: 0.10754
Epoch: 0 [9490/10000 (95%)] Unweighted L_s : L_Mnfld: 0.00070,  L_NonMnfld: 0.01250,  L_Nrml: 0.00000,  L_Eknl: 0.03405, L_Morse: 1.07536

Weights: [7000.0, 600.0, 0, 50.0, 0.0, 0.1], lr=5.000e-05
Epoch: 0 [9500/10000 (95%)] Loss: 15.31810 = L_Mnfld: 5.07165 + L_NonMnfld: 8.53556 + L_Nrml: 0.00000 + L_Eknl: 1.60232 + L_Div: 0.00000 + L_Morse: 0.10857
Epoch: 0 [9500/10000 (95%)] Unweighted L_s : L_Mnfld: 0.00072,  L_NonMnfld: 0.01423,  L_Nrml: 0.00000,  L_Eknl: 0.03205, L_Morse: 1.08569

Weights: [7000.0, 600.0, 0, 50.0, 0.0, 0.1], lr=5.000e-05
Epoch: 0 [9510/10000 (95%)] Loss: 14.27572 = L_Mnfld: 4.88359 + L_NonMnfld: 7.65990 + L_Nrml: 0.00000 + L_Eknl: 1.62063 + L_Div: 0.00000 + L_Morse: 0.11160
Epoch: 0 [9510/10000 (95%)] Unweighted L_s : L_Mnfld: 0.00070,  L_NonMnfld: 0.01277,  L_Nrml: 0.00000,  L_Eknl: 0.03241, L_Morse: 1.11597

Weights: [7000.0, 600.0, 0, 50.0, 0.0, 0.1], lr=5.000e-05
Epoch: 0 [9520/10000 (95%)] Loss: 13.61816 = L_Mnfld: 4.89830 + L_NonMnfld: 6.96812 + L_Nrml: 0.00000 + L_Eknl: 1.63780 + L_Div: 0.00000 + L_Morse: 0.11394
Epoch: 0 [9520/10000 (95%)] Unweighted L_s : L_Mnfld: 0.00070,  L_NonMnfld: 0.01161,  L_Nrml: 0.00000,  L_Eknl: 0.03276, L_Morse: 1.13942

Weights: [7000.0, 600.0, 0, 50.0, 0.0, 0.1], lr=5.000e-05
Epoch: 0 [9530/10000 (95%)] Loss: 14.65874 = L_Mnfld: 4.77438 + L_NonMnfld: 8.17878 + L_Nrml: 0.00000 + L_Eknl: 1.59737 + L_Div: 0.00000 + L_Morse: 0.10823
Epoch: 0 [9530/10000 (95%)] Unweighted L_s : L_Mnfld: 0.00068,  L_NonMnfld: 0.01363,  L_Nrml: 0.00000,  L_Eknl: 0.03195, L_Morse: 1.08228

Weights: [7000.0, 600.0, 0, 50.0, 0.0, 0.1], lr=5.000e-05
Epoch: 0 [9540/10000 (95%)] Loss: 13.89610 = L_Mnfld: 4.51811 + L_NonMnfld: 7.63860 + L_Nrml: 0.00000 + L_Eknl: 1.62544 + L_Div: 0.00000 + L_Morse: 0.11395
Epoch: 0 [9540/10000 (95%)] Unweighted L_s : L_Mnfld: 0.00065,  L_NonMnfld: 0.01273,  L_Nrml: 0.00000,  L_Eknl: 0.03251, L_Morse: 1.13955

Weights: [7000.0, 600.0, 0, 50.0, 0.0, 0.1], lr=5.000e-05
Epoch: 0 [9550/10000 (96%)] Loss: 14.72496 = L_Mnfld: 4.75882 + L_NonMnfld: 8.25366 + L_Nrml: 0.00000 + L_Eknl: 1.60553 + L_Div: 0.00000 + L_Morse: 0.10695
Epoch: 0 [9550/10000 (96%)] Unweighted L_s : L_Mnfld: 0.00068,  L_NonMnfld: 0.01376,  L_Nrml: 0.00000,  L_Eknl: 0.03211, L_Morse: 1.06951

Weights: [7000.0, 600.0, 0, 50.0, 0.0, 0.1], lr=5.000e-05
Epoch: 0 [9560/10000 (96%)] Loss: 14.03658 = L_Mnfld: 4.63104 + L_NonMnfld: 7.76205 + L_Nrml: 0.00000 + L_Eknl: 1.53801 + L_Div: 0.00000 + L_Morse: 0.10548
Epoch: 0 [9560/10000 (96%)] Unweighted L_s : L_Mnfld: 0.00066,  L_NonMnfld: 0.01294,  L_Nrml: 0.00000,  L_Eknl: 0.03076, L_Morse: 1.05481

Weights: [7000.0, 600.0, 0, 50.0, 0.0, 0.1], lr=5.000e-05
Epoch: 0 [9570/10000 (96%)] Loss: 14.08190 = L_Mnfld: 4.86478 + L_NonMnfld: 7.56403 + L_Nrml: 0.00000 + L_Eknl: 1.54825 + L_Div: 0.00000 + L_Morse: 0.10483
Epoch: 0 [9570/10000 (96%)] Unweighted L_s : L_Mnfld: 0.00069,  L_NonMnfld: 0.01261,  L_Nrml: 0.00000,  L_Eknl: 0.03097, L_Morse: 1.04831

Weights: [7000.0, 600.0, 0, 50.0, 0.0, 0.1], lr=5.000e-05
Epoch: 0 [9580/10000 (96%)] Loss: 14.67962 = L_Mnfld: 4.44780 + L_NonMnfld: 8.55348 + L_Nrml: 0.00000 + L_Eknl: 1.57044 + L_Div: 0.00000 + L_Morse: 0.10791
Epoch: 0 [9580/10000 (96%)] Unweighted L_s : L_Mnfld: 0.00064,  L_NonMnfld: 0.01426,  L_Nrml: 0.00000,  L_Eknl: 0.03141, L_Morse: 1.07909

Weights: [7000.0, 600.0, 0, 50.0, 0.0, 0.1], lr=5.000e-05
Epoch: 0 [9590/10000 (96%)] Loss: 13.89021 = L_Mnfld: 4.72658 + L_NonMnfld: 7.45836 + L_Nrml: 0.00000 + L_Eknl: 1.59090 + L_Div: 0.00000 + L_Morse: 0.11437
Epoch: 0 [9590/10000 (96%)] Unweighted L_s : L_Mnfld: 0.00068,  L_NonMnfld: 0.01243,  L_Nrml: 0.00000,  L_Eknl: 0.03182, L_Morse: 1.14366

Weights: [7000.0, 600.0, 0, 50.0, 0.0, 0.1], lr=5.000e-05
Epoch: 0 [9600/10000 (96%)] Loss: 13.41687 = L_Mnfld: 4.89483 + L_NonMnfld: 6.83033 + L_Nrml: 0.00000 + L_Eknl: 1.58087 + L_Div: 0.00000 + L_Morse: 0.11083
Epoch: 0 [9600/10000 (96%)] Unweighted L_s : L_Mnfld: 0.00070,  L_NonMnfld: 0.01138,  L_Nrml: 0.00000,  L_Eknl: 0.03162, L_Morse: 1.10831

Weights: [7000.0, 600.0, 0, 50.0, 0.0, 0.1], lr=5.000e-05
Epoch: 0 [9610/10000 (96%)] Loss: 13.90789 = L_Mnfld: 4.86392 + L_NonMnfld: 7.36232 + L_Nrml: 0.00000 + L_Eknl: 1.57131 + L_Div: 0.00000 + L_Morse: 0.11034
Epoch: 0 [9610/10000 (96%)] Unweighted L_s : L_Mnfld: 0.00069,  L_NonMnfld: 0.01227,  L_Nrml: 0.00000,  L_Eknl: 0.03143, L_Morse: 1.10342

Weights: [7000.0, 600.0, 0, 50.0, 0.0, 0.1], lr=5.000e-05
Epoch: 0 [9620/10000 (96%)] Loss: 14.09157 = L_Mnfld: 4.73435 + L_NonMnfld: 7.66034 + L_Nrml: 0.00000 + L_Eknl: 1.58715 + L_Div: 0.00000 + L_Morse: 0.10972
Epoch: 0 [9620/10000 (96%)] Unweighted L_s : L_Mnfld: 0.00068,  L_NonMnfld: 0.01277,  L_Nrml: 0.00000,  L_Eknl: 0.03174, L_Morse: 1.09723

Weights: [7000.0, 600.0, 0, 50.0, 0.0, 0.1], lr=5.000e-05
Epoch: 0 [9630/10000 (96%)] Loss: 15.05586 = L_Mnfld: 5.22625 + L_NonMnfld: 8.12459 + L_Nrml: 0.00000 + L_Eknl: 1.59273 + L_Div: 0.00000 + L_Morse: 0.11229
Epoch: 0 [9630/10000 (96%)] Unweighted L_s : L_Mnfld: 0.00075,  L_NonMnfld: 0.01354,  L_Nrml: 0.00000,  L_Eknl: 0.03185, L_Morse: 1.12289

Weights: [7000.0, 600.0, 0, 50.0, 0.0, 0.1], lr=5.000e-05
Epoch: 0 [9640/10000 (96%)] Loss: 14.97289 = L_Mnfld: 5.19896 + L_NonMnfld: 8.03724 + L_Nrml: 0.00000 + L_Eknl: 1.62809 + L_Div: 0.00000 + L_Morse: 0.10860
Epoch: 0 [9640/10000 (96%)] Unweighted L_s : L_Mnfld: 0.00074,  L_NonMnfld: 0.01340,  L_Nrml: 0.00000,  L_Eknl: 0.03256, L_Morse: 1.08600

Weights: [7000.0, 600.0, 0, 50.0, 0.0, 0.1], lr=5.000e-05
Epoch: 0 [9650/10000 (96%)] Loss: 15.44644 = L_Mnfld: 5.32883 + L_NonMnfld: 8.40467 + L_Nrml: 0.00000 + L_Eknl: 1.60215 + L_Div: 0.00000 + L_Morse: 0.11079
Epoch: 0 [9650/10000 (96%)] Unweighted L_s : L_Mnfld: 0.00076,  L_NonMnfld: 0.01401,  L_Nrml: 0.00000,  L_Eknl: 0.03204, L_Morse: 1.10787

Weights: [7000.0, 600.0, 0, 50.0, 0.0, 0.1], lr=5.000e-05
Epoch: 0 [9660/10000 (97%)] Loss: 13.64153 = L_Mnfld: 5.15677 + L_NonMnfld: 6.60257 + L_Nrml: 0.00000 + L_Eknl: 1.77080 + L_Div: 0.00000 + L_Morse: 0.11139
Epoch: 0 [9660/10000 (97%)] Unweighted L_s : L_Mnfld: 0.00074,  L_NonMnfld: 0.01100,  L_Nrml: 0.00000,  L_Eknl: 0.03542, L_Morse: 1.11389

Weights: [7000.0, 600.0, 0, 50.0, 0.0, 0.1], lr=5.000e-05
Epoch: 0 [9670/10000 (97%)] Loss: 14.63576 = L_Mnfld: 5.16176 + L_NonMnfld: 7.65346 + L_Nrml: 0.00000 + L_Eknl: 1.70949 + L_Div: 0.00000 + L_Morse: 0.11105
Epoch: 0 [9670/10000 (97%)] Unweighted L_s : L_Mnfld: 0.00074,  L_NonMnfld: 0.01276,  L_Nrml: 0.00000,  L_Eknl: 0.03419, L_Morse: 1.11047

Weights: [7000.0, 600.0, 0, 50.0, 0.0, 0.1], lr=5.000e-05
Epoch: 0 [9680/10000 (97%)] Loss: 13.94387 = L_Mnfld: 5.06038 + L_NonMnfld: 6.89339 + L_Nrml: 0.00000 + L_Eknl: 1.88055 + L_Div: 0.00000 + L_Morse: 0.10955
Epoch: 0 [9680/10000 (97%)] Unweighted L_s : L_Mnfld: 0.00072,  L_NonMnfld: 0.01149,  L_Nrml: 0.00000,  L_Eknl: 0.03761, L_Morse: 1.09548

Weights: [7000.0, 600.0, 0, 50.0, 0.0, 0.1], lr=5.000e-05
Epoch: 0 [9690/10000 (97%)] Loss: 15.56352 = L_Mnfld: 5.38756 + L_NonMnfld: 8.37118 + L_Nrml: 0.00000 + L_Eknl: 1.69380 + L_Div: 0.00000 + L_Morse: 0.11098
Epoch: 0 [9690/10000 (97%)] Unweighted L_s : L_Mnfld: 0.00077,  L_NonMnfld: 0.01395,  L_Nrml: 0.00000,  L_Eknl: 0.03388, L_Morse: 1.10983

Weights: [7000.0, 600.0, 0, 50.0, 0.0, 0.1], lr=5.000e-05
Epoch: 0 [9700/10000 (97%)] Loss: 14.24852 = L_Mnfld: 4.62313 + L_NonMnfld: 7.89235 + L_Nrml: 0.00000 + L_Eknl: 1.62856 + L_Div: 0.00000 + L_Morse: 0.10449
Epoch: 0 [9700/10000 (97%)] Unweighted L_s : L_Mnfld: 0.00066,  L_NonMnfld: 0.01315,  L_Nrml: 0.00000,  L_Eknl: 0.03257, L_Morse: 1.04487

Weights: [7000.0, 600.0, 0, 50.0, 0.0, 0.1], lr=5.000e-05
Epoch: 0 [9710/10000 (97%)] Loss: 14.80174 = L_Mnfld: 5.14538 + L_NonMnfld: 7.91881 + L_Nrml: 0.00000 + L_Eknl: 1.62715 + L_Div: 0.00000 + L_Morse: 0.11039
Epoch: 0 [9710/10000 (97%)] Unweighted L_s : L_Mnfld: 0.00074,  L_NonMnfld: 0.01320,  L_Nrml: 0.00000,  L_Eknl: 0.03254, L_Morse: 1.10389

Weights: [7000.0, 600.0, 0, 50.0, 0.0, 0.1], lr=5.000e-05
Epoch: 0 [9720/10000 (97%)] Loss: 15.54017 = L_Mnfld: 4.99710 + L_NonMnfld: 8.83562 + L_Nrml: 0.00000 + L_Eknl: 1.59724 + L_Div: 0.00000 + L_Morse: 0.11020
Epoch: 0 [9720/10000 (97%)] Unweighted L_s : L_Mnfld: 0.00071,  L_NonMnfld: 0.01473,  L_Nrml: 0.00000,  L_Eknl: 0.03194, L_Morse: 1.10202

Weights: [7000.0, 600.0, 0, 50.0, 0.0, 0.1], lr=5.000e-05
Epoch: 0 [9730/10000 (97%)] Loss: 15.01970 = L_Mnfld: 4.84103 + L_NonMnfld: 8.50407 + L_Nrml: 0.00000 + L_Eknl: 1.55972 + L_Div: 0.00000 + L_Morse: 0.11488
Epoch: 0 [9730/10000 (97%)] Unweighted L_s : L_Mnfld: 0.00069,  L_NonMnfld: 0.01417,  L_Nrml: 0.00000,  L_Eknl: 0.03119, L_Morse: 1.14881

Weights: [7000.0, 600.0, 0, 50.0, 0.0, 0.1], lr=5.000e-05
Epoch: 0 [9740/10000 (97%)] Loss: 15.07593 = L_Mnfld: 5.44509 + L_NonMnfld: 7.90528 + L_Nrml: 0.00000 + L_Eknl: 1.61130 + L_Div: 0.00000 + L_Morse: 0.11426
Epoch: 0 [9740/10000 (97%)] Unweighted L_s : L_Mnfld: 0.00078,  L_NonMnfld: 0.01318,  L_Nrml: 0.00000,  L_Eknl: 0.03223, L_Morse: 1.14264

Weights: [7000.0, 600.0, 0, 50.0, 0.0, 0.1], lr=5.000e-05
Epoch: 0 [9750/10000 (98%)] Loss: 14.25720 = L_Mnfld: 5.00721 + L_NonMnfld: 7.52169 + L_Nrml: 0.00000 + L_Eknl: 1.62221 + L_Div: 0.00000 + L_Morse: 0.10610
Epoch: 0 [9750/10000 (98%)] Unweighted L_s : L_Mnfld: 0.00072,  L_NonMnfld: 0.01254,  L_Nrml: 0.00000,  L_Eknl: 0.03244, L_Morse: 1.06097

Weights: [7000.0, 600.0, 0, 50.0, 0.0, 0.1], lr=5.000e-05
Epoch: 0 [9760/10000 (98%)] Loss: 15.96978 = L_Mnfld: 5.65739 + L_NonMnfld: 8.60824 + L_Nrml: 0.00000 + L_Eknl: 1.59723 + L_Div: 0.00000 + L_Morse: 0.10692
Epoch: 0 [9760/10000 (98%)] Unweighted L_s : L_Mnfld: 0.00081,  L_NonMnfld: 0.01435,  L_Nrml: 0.00000,  L_Eknl: 0.03194, L_Morse: 1.06917

Weights: [7000.0, 600.0, 0, 50.0, 0.0, 0.1], lr=5.000e-05
Epoch: 0 [9770/10000 (98%)] Loss: 14.58063 = L_Mnfld: 5.28800 + L_NonMnfld: 7.42991 + L_Nrml: 0.00000 + L_Eknl: 1.74468 + L_Div: 0.00000 + L_Morse: 0.11804
Epoch: 0 [9770/10000 (98%)] Unweighted L_s : L_Mnfld: 0.00076,  L_NonMnfld: 0.01238,  L_Nrml: 0.00000,  L_Eknl: 0.03489, L_Morse: 1.18038

Weights: [7000.0, 600.0, 0, 50.0, 0.0, 0.1], lr=5.000e-05
Epoch: 0 [9780/10000 (98%)] Loss: 15.04481 = L_Mnfld: 4.99419 + L_NonMnfld: 8.20637 + L_Nrml: 0.00000 + L_Eknl: 1.72778 + L_Div: 0.00000 + L_Morse: 0.11646
Epoch: 0 [9780/10000 (98%)] Unweighted L_s : L_Mnfld: 0.00071,  L_NonMnfld: 0.01368,  L_Nrml: 0.00000,  L_Eknl: 0.03456, L_Morse: 1.16462

Weights: [7000.0, 600.0, 0, 50.0, 0.0, 0.1], lr=5.000e-05
Epoch: 0 [9790/10000 (98%)] Loss: 14.94299 = L_Mnfld: 5.43236 + L_NonMnfld: 7.66223 + L_Nrml: 0.00000 + L_Eknl: 1.73210 + L_Div: 0.00000 + L_Morse: 0.11630
Epoch: 0 [9790/10000 (98%)] Unweighted L_s : L_Mnfld: 0.00078,  L_NonMnfld: 0.01277,  L_Nrml: 0.00000,  L_Eknl: 0.03464, L_Morse: 1.16297

Weights: [7000.0, 600.0, 0, 50.0, 0.0, 0.1], lr=5.000e-05
Epoch: 0 [9800/10000 (98%)] Loss: 15.72615 = L_Mnfld: 5.02822 + L_NonMnfld: 8.80074 + L_Nrml: 0.00000 + L_Eknl: 1.78338 + L_Div: 0.00000 + L_Morse: 0.11382
Epoch: 0 [9800/10000 (98%)] Unweighted L_s : L_Mnfld: 0.00072,  L_NonMnfld: 0.01467,  L_Nrml: 0.00000,  L_Eknl: 0.03567, L_Morse: 1.13822

Weights: [7000.0, 600.0, 0, 50.0, 0.0, 0.1], lr=5.000e-05
Epoch: 0 [9810/10000 (98%)] Loss: 14.95634 = L_Mnfld: 5.03955 + L_NonMnfld: 8.12358 + L_Nrml: 0.00000 + L_Eknl: 1.68638 + L_Div: 0.00000 + L_Morse: 0.10682
Epoch: 0 [9810/10000 (98%)] Unweighted L_s : L_Mnfld: 0.00072,  L_NonMnfld: 0.01354,  L_Nrml: 0.00000,  L_Eknl: 0.03373, L_Morse: 1.06821

Weights: [7000.0, 600.0, 0, 50.0, 0.0, 0.1], lr=5.000e-05
Epoch: 0 [9820/10000 (98%)] Loss: 14.97276 = L_Mnfld: 5.17337 + L_NonMnfld: 8.04510 + L_Nrml: 0.00000 + L_Eknl: 1.64537 + L_Div: 0.00000 + L_Morse: 0.10891
Epoch: 0 [9820/10000 (98%)] Unweighted L_s : L_Mnfld: 0.00074,  L_NonMnfld: 0.01341,  L_Nrml: 0.00000,  L_Eknl: 0.03291, L_Morse: 1.08912

Weights: [7000.0, 600.0, 0, 50.0, 0.0, 0.1], lr=5.000e-05
Epoch: 0 [9830/10000 (98%)] Loss: 15.70174 = L_Mnfld: 5.37243 + L_NonMnfld: 8.57335 + L_Nrml: 0.00000 + L_Eknl: 1.65006 + L_Div: 0.00000 + L_Morse: 0.10590
Epoch: 0 [9830/10000 (98%)] Unweighted L_s : L_Mnfld: 0.00077,  L_NonMnfld: 0.01429,  L_Nrml: 0.00000,  L_Eknl: 0.03300, L_Morse: 1.05895

Weights: [7000.0, 600.0, 0, 50.0, 0.0, 0.1], lr=5.000e-05
Epoch: 0 [9840/10000 (98%)] Loss: 15.11703 = L_Mnfld: 5.26579 + L_NonMnfld: 8.12779 + L_Nrml: 0.00000 + L_Eknl: 1.61122 + L_Div: 0.00000 + L_Morse: 0.11223
Epoch: 0 [9840/10000 (98%)] Unweighted L_s : L_Mnfld: 0.00075,  L_NonMnfld: 0.01355,  L_Nrml: 0.00000,  L_Eknl: 0.03222, L_Morse: 1.12229

Weights: [7000.0, 600.0, 0, 50.0, 0.0, 0.1], lr=5.000e-05
Epoch: 0 [9850/10000 (98%)] Loss: 14.75433 = L_Mnfld: 5.16998 + L_NonMnfld: 7.88671 + L_Nrml: 0.00000 + L_Eknl: 1.59318 + L_Div: 0.00000 + L_Morse: 0.10446
Epoch: 0 [9850/10000 (98%)] Unweighted L_s : L_Mnfld: 0.00074,  L_NonMnfld: 0.01314,  L_Nrml: 0.00000,  L_Eknl: 0.03186, L_Morse: 1.04463

Weights: [7000.0, 600.0, 0, 50.0, 0.0, 0.1], lr=5.000e-05
Epoch: 0 [9860/10000 (99%)] Loss: 15.25690 = L_Mnfld: 5.27313 + L_NonMnfld: 8.25792 + L_Nrml: 0.00000 + L_Eknl: 1.60994 + L_Div: 0.00000 + L_Morse: 0.11591
Epoch: 0 [9860/10000 (99%)] Unweighted L_s : L_Mnfld: 0.00075,  L_NonMnfld: 0.01376,  L_Nrml: 0.00000,  L_Eknl: 0.03220, L_Morse: 1.15913

Weights: [7000.0, 600.0, 0, 50.0, 0.0, 0.1], lr=5.000e-05
Epoch: 0 [9870/10000 (99%)] Loss: 14.33073 = L_Mnfld: 5.04214 + L_NonMnfld: 7.61348 + L_Nrml: 0.00000 + L_Eknl: 1.56838 + L_Div: 0.00000 + L_Morse: 0.10673
Epoch: 0 [9870/10000 (99%)] Unweighted L_s : L_Mnfld: 0.00072,  L_NonMnfld: 0.01269,  L_Nrml: 0.00000,  L_Eknl: 0.03137, L_Morse: 1.06730

Weights: [7000.0, 600.0, 0, 50.0, 0.0, 0.1], lr=5.000e-05
Epoch: 0 [9880/10000 (99%)] Loss: 14.61534 = L_Mnfld: 4.68183 + L_NonMnfld: 8.27747 + L_Nrml: 0.00000 + L_Eknl: 1.54517 + L_Div: 0.00000 + L_Morse: 0.11087
Epoch: 0 [9880/10000 (99%)] Unweighted L_s : L_Mnfld: 0.00067,  L_NonMnfld: 0.01380,  L_Nrml: 0.00000,  L_Eknl: 0.03090, L_Morse: 1.10872

Weights: [7000.0, 600.0, 0, 50.0, 0.0, 0.1], lr=5.000e-05
Epoch: 0 [9890/10000 (99%)] Loss: 13.98578 = L_Mnfld: 5.16496 + L_NonMnfld: 7.09382 + L_Nrml: 0.00000 + L_Eknl: 1.61106 + L_Div: 0.00000 + L_Morse: 0.11595
Epoch: 0 [9890/10000 (99%)] Unweighted L_s : L_Mnfld: 0.00074,  L_NonMnfld: 0.01182,  L_Nrml: 0.00000,  L_Eknl: 0.03222, L_Morse: 1.15949

Weights: [7000.0, 600.0, 0, 50.0, 0.0, 0.1], lr=5.000e-05
Epoch: 0 [9900/10000 (99%)] Loss: 14.40865 = L_Mnfld: 4.98633 + L_NonMnfld: 7.75298 + L_Nrml: 0.00000 + L_Eknl: 1.56576 + L_Div: 0.00000 + L_Morse: 0.10358
Epoch: 0 [9900/10000 (99%)] Unweighted L_s : L_Mnfld: 0.00071,  L_NonMnfld: 0.01292,  L_Nrml: 0.00000,  L_Eknl: 0.03132, L_Morse: 1.03583

Weights: [7000.0, 600.0, 0, 50.0, 0.0, 0.1], lr=5.000e-05
Epoch: 0 [9910/10000 (99%)] Loss: 14.33960 = L_Mnfld: 4.84101 + L_NonMnfld: 7.80670 + L_Nrml: 0.00000 + L_Eknl: 1.58435 + L_Div: 0.00000 + L_Morse: 0.10755
Epoch: 0 [9910/10000 (99%)] Unweighted L_s : L_Mnfld: 0.00069,  L_NonMnfld: 0.01301,  L_Nrml: 0.00000,  L_Eknl: 0.03169, L_Morse: 1.07547

Weights: [7000.0, 600.0, 0, 50.0, 0.0, 0.1], lr=5.000e-05
Epoch: 0 [9920/10000 (99%)] Loss: 14.60707 = L_Mnfld: 5.11731 + L_NonMnfld: 7.72568 + L_Nrml: 0.00000 + L_Eknl: 1.65692 + L_Div: 0.00000 + L_Morse: 0.10716
Epoch: 0 [9920/10000 (99%)] Unweighted L_s : L_Mnfld: 0.00073,  L_NonMnfld: 0.01288,  L_Nrml: 0.00000,  L_Eknl: 0.03314, L_Morse: 1.07162

Weights: [7000.0, 600.0, 0, 50.0, 0.0, 0.1], lr=5.000e-05
Epoch: 0 [9930/10000 (99%)] Loss: 14.05290 = L_Mnfld: 4.68864 + L_NonMnfld: 7.64460 + L_Nrml: 0.00000 + L_Eknl: 1.61091 + L_Div: 0.00000 + L_Morse: 0.10875
Epoch: 0 [9930/10000 (99%)] Unweighted L_s : L_Mnfld: 0.00067,  L_NonMnfld: 0.01274,  L_Nrml: 0.00000,  L_Eknl: 0.03222, L_Morse: 1.08752

Weights: [7000.0, 600.0, 0, 50.0, 0.0, 0.1], lr=5.000e-05
Epoch: 0 [9940/10000 (99%)] Loss: 14.42549 = L_Mnfld: 4.85192 + L_NonMnfld: 7.81382 + L_Nrml: 0.00000 + L_Eknl: 1.65294 + L_Div: 0.00000 + L_Morse: 0.10681
Epoch: 0 [9940/10000 (99%)] Unweighted L_s : L_Mnfld: 0.00069,  L_NonMnfld: 0.01302,  L_Nrml: 0.00000,  L_Eknl: 0.03306, L_Morse: 1.06807

Weights: [7000.0, 600.0, 0, 50.0, 0.0, 0.1], lr=5.000e-05
Epoch: 0 [9950/10000 (100%)] Loss: 14.94585 = L_Mnfld: 5.00621 + L_NonMnfld: 8.09773 + L_Nrml: 0.00000 + L_Eknl: 1.73019 + L_Div: 0.00000 + L_Morse: 0.11171
Epoch: 0 [9950/10000 (100%)] Unweighted L_s : L_Mnfld: 0.00072,  L_NonMnfld: 0.01350,  L_Nrml: 0.00000,  L_Eknl: 0.03460, L_Morse: 1.11713

Weights: [7000.0, 600.0, 0, 50.0, 0.0, 0.1], lr=5.000e-05
Epoch: 0 [9960/10000 (100%)] Loss: 14.14419 = L_Mnfld: 4.32584 + L_NonMnfld: 7.86883 + L_Nrml: 0.00000 + L_Eknl: 1.83225 + L_Div: 0.00000 + L_Morse: 0.11727
Epoch: 0 [9960/10000 (100%)] Unweighted L_s : L_Mnfld: 0.00062,  L_NonMnfld: 0.01311,  L_Nrml: 0.00000,  L_Eknl: 0.03664, L_Morse: 1.17271

Weights: [7000.0, 600.0, 0, 50.0, 0.0, 0.1], lr=5.000e-05
Epoch: 0 [9970/10000 (100%)] Loss: 14.58864 = L_Mnfld: 5.17074 + L_NonMnfld: 7.62350 + L_Nrml: 0.00000 + L_Eknl: 1.68451 + L_Div: 0.00000 + L_Morse: 0.10989
Epoch: 0 [9970/10000 (100%)] Unweighted L_s : L_Mnfld: 0.00074,  L_NonMnfld: 0.01271,  L_Nrml: 0.00000,  L_Eknl: 0.03369, L_Morse: 1.09891

Weights: [7000.0, 600.0, 0, 50.0, 0.0, 0.1], lr=5.000e-05
Epoch: 0 [9980/10000 (100%)] Loss: 15.48330 = L_Mnfld: 5.07456 + L_NonMnfld: 8.55987 + L_Nrml: 0.00000 + L_Eknl: 1.74011 + L_Div: 0.00000 + L_Morse: 0.10876
Epoch: 0 [9980/10000 (100%)] Unweighted L_s : L_Mnfld: 0.00072,  L_NonMnfld: 0.01427,  L_Nrml: 0.00000,  L_Eknl: 0.03480, L_Morse: 1.08765

Weights: [7000.0, 600.0, 0, 50.0, 0.0, 0.1], lr=5.000e-05
Epoch: 0 [9990/10000 (100%)] Loss: 15.44358 = L_Mnfld: 5.62445 + L_NonMnfld: 8.04004 + L_Nrml: 0.00000 + L_Eknl: 1.66911 + L_Div: 0.00000 + L_Morse: 0.10998
Epoch: 0 [9990/10000 (100%)] Unweighted L_s : L_Mnfld: 0.00080,  L_NonMnfld: 0.01340,  L_Nrml: 0.00000,  L_Eknl: 0.03338, L_Morse: 1.09983

