input params: 
Namespace(logdir='./new_log/CAD_CG_2025', model_name='model', seed=3627473, data_path='../../../ABC/00026851_97ccae92e44b4d7b897ca70f_trimesh_000.ply', mesh_dir='/home/runqiao/rotate_input/gt', n_samples=10000, n_points=10000, grid_res=128, nonmnfld_sample_type='gaussian', num_epochs=1, lr=5e-05, grad_clip_norm=10.0, batch_size=1, load_path=None, init_type='siren', decoder_hidden_dim=256, decoder_n_hidden_layers=4, latent_size=0, nl='sine', sphere_init_params=[1.6, 0.1], udf=False, output_any=True, loss_type='siren_wo_n_w_morse', decay_params=[10.0, 0.2, 10.0, 0.5, 0.1, 0.1], morse_type='l1', morse_decay='linear', loss_weights=[7000.0, 600.0, 100.0, 50.0, 0.0, 3.0], bidirectional_morse=False, morse_near=True, weight_for_morse=False, use_morse_nonmnfld_grad=False, use_relax_eikonal=False)
Number of parameters in the current model:264449
Weights: [7000.0, 600.0, 0, 50.0, 0.0, 3.0], lr=5.000e-05
Epoch: 0 [   0/10000 (0%)] Loss: 685.36987 = L_Mnfld: 630.76492 + L_NonMnfld: 0.46025 + L_Nrml: 0.00000 + L_Eknl: 34.73736 + L_Div: 0.00000 + L_Morse: 19.40734
Epoch: 0 [   0/10000 (0%)] Unweighted L_s : L_Mnfld: 0.09011,  L_NonMnfld: 0.00077,  L_Nrml: 0.00000,  L_Eknl: 0.69475, L_Morse: 6.46911

Weights: [7000.0, 600.0, 0, 50.0, 0.0, 10.0], lr=5.000e-05
Epoch: 0 [  10/10000 (0%)] Loss: 261.14383 = L_Mnfld: 61.44645 + L_NonMnfld: 122.97100 + L_Nrml: 0.00000 + L_Eknl: 38.72342 + L_Div: 0.00000 + L_Morse: 38.00297
Epoch: 0 [  10/10000 (0%)] Unweighted L_s : L_Mnfld: 0.00878,  L_NonMnfld: 0.20495,  L_Nrml: 0.00000,  L_Eknl: 0.77447, L_Morse: 3.80030

Weights: [7000.0, 600.0, 0, 50.0, 0.0, 10.0], lr=5.000e-05
Epoch: 0 [  20/10000 (0%)] Loss: 158.91879 = L_Mnfld: 53.19361 + L_NonMnfld: 38.81022 + L_Nrml: 0.00000 + L_Eknl: 38.38039 + L_Div: 0.00000 + L_Morse: 28.53458
Epoch: 0 [  20/10000 (0%)] Unweighted L_s : L_Mnfld: 0.00760,  L_NonMnfld: 0.06468,  L_Nrml: 0.00000,  L_Eknl: 0.76761, L_Morse: 2.85346

Weights: [7000.0, 600.0, 0, 50.0, 0.0, 10.0], lr=5.000e-05
Epoch: 0 [  30/10000 (0%)] Loss: 150.56700 = L_Mnfld: 37.46400 + L_NonMnfld: 54.99713 + L_Nrml: 0.00000 + L_Eknl: 37.23677 + L_Div: 0.00000 + L_Morse: 20.86911
Epoch: 0 [  30/10000 (0%)] Unweighted L_s : L_Mnfld: 0.00535,  L_NonMnfld: 0.09166,  L_Nrml: 0.00000,  L_Eknl: 0.74474, L_Morse: 2.08691

Weights: [7000.0, 600.0, 0, 50.0, 0.0, 10.0], lr=5.000e-05
Epoch: 0 [  40/10000 (0%)] Loss: 122.75333 = L_Mnfld: 40.38542 + L_NonMnfld: 29.61167 + L_Nrml: 0.00000 + L_Eknl: 36.34890 + L_Div: 0.00000 + L_Morse: 16.40734
Epoch: 0 [  40/10000 (0%)] Unweighted L_s : L_Mnfld: 0.00577,  L_NonMnfld: 0.04935,  L_Nrml: 0.00000,  L_Eknl: 0.72698, L_Morse: 1.64073

Weights: [7000.0, 600.0, 0, 50.0, 0.0, 10.0], lr=5.000e-05
Epoch: 0 [  50/10000 (0%)] Loss: 123.57262 = L_Mnfld: 29.69299 + L_NonMnfld: 45.06851 + L_Nrml: 0.00000 + L_Eknl: 35.46174 + L_Div: 0.00000 + L_Morse: 13.34938
Epoch: 0 [  50/10000 (0%)] Unweighted L_s : L_Mnfld: 0.00424,  L_NonMnfld: 0.07511,  L_Nrml: 0.00000,  L_Eknl: 0.70923, L_Morse: 1.33494

Weights: [7000.0, 600.0, 0, 50.0, 0.0, 10.0], lr=5.000e-05
Epoch: 0 [  60/10000 (1%)] Loss: 113.15771 = L_Mnfld: 33.48398 + L_NonMnfld: 32.80051 + L_Nrml: 0.00000 + L_Eknl: 34.42958 + L_Div: 0.00000 + L_Morse: 12.44365
Epoch: 0 [  60/10000 (1%)] Unweighted L_s : L_Mnfld: 0.00478,  L_NonMnfld: 0.05467,  L_Nrml: 0.00000,  L_Eknl: 0.68859, L_Morse: 1.24436

Weights: [7000.0, 600.0, 0, 50.0, 0.0, 10.0], lr=5.000e-05
Epoch: 0 [  70/10000 (1%)] Loss: 112.21541 = L_Mnfld: 28.76354 + L_NonMnfld: 38.60816 + L_Nrml: 0.00000 + L_Eknl: 33.30779 + L_Div: 0.00000 + L_Morse: 11.53592
Epoch: 0 [  70/10000 (1%)] Unweighted L_s : L_Mnfld: 0.00411,  L_NonMnfld: 0.06435,  L_Nrml: 0.00000,  L_Eknl: 0.66616, L_Morse: 1.15359

Weights: [7000.0, 600.0, 0, 50.0, 0.0, 10.0], lr=5.000e-05
Epoch: 0 [  80/10000 (1%)] Loss: 107.57062 = L_Mnfld: 33.95960 + L_NonMnfld: 30.40478 + L_Nrml: 0.00000 + L_Eknl: 31.79353 + L_Div: 0.00000 + L_Morse: 11.41271
Epoch: 0 [  80/10000 (1%)] Unweighted L_s : L_Mnfld: 0.00485,  L_NonMnfld: 0.05067,  L_Nrml: 0.00000,  L_Eknl: 0.63587, L_Morse: 1.14127

Weights: [7000.0, 600.0, 0, 50.0, 0.0, 10.0], lr=5.000e-05
Epoch: 0 [  90/10000 (1%)] Loss: 108.00772 = L_Mnfld: 29.03326 + L_NonMnfld: 37.25585 + L_Nrml: 0.00000 + L_Eknl: 30.46167 + L_Div: 0.00000 + L_Morse: 11.25696
Epoch: 0 [  90/10000 (1%)] Unweighted L_s : L_Mnfld: 0.00415,  L_NonMnfld: 0.06209,  L_Nrml: 0.00000,  L_Eknl: 0.60923, L_Morse: 1.12570

Weights: [7000.0, 600.0, 0, 50.0, 0.0, 10.0], lr=5.000e-05
Epoch: 0 [ 100/10000 (1%)] Loss: 104.89811 = L_Mnfld: 38.48921 + L_NonMnfld: 25.54570 + L_Nrml: 0.00000 + L_Eknl: 29.01222 + L_Div: 0.00000 + L_Morse: 11.85097
Epoch: 0 [ 100/10000 (1%)] Unweighted L_s : L_Mnfld: 0.00550,  L_NonMnfld: 0.04258,  L_Nrml: 0.00000,  L_Eknl: 0.58024, L_Morse: 1.18510

Weights: [7000.0, 600.0, 0, 50.0, 0.0, 10.0], lr=5.000e-05
Epoch: 0 [ 110/10000 (1%)] Loss: 103.21614 = L_Mnfld: 30.50453 + L_NonMnfld: 33.65936 + L_Nrml: 0.00000 + L_Eknl: 27.84733 + L_Div: 0.00000 + L_Morse: 11.20491
Epoch: 0 [ 110/10000 (1%)] Unweighted L_s : L_Mnfld: 0.00436,  L_NonMnfld: 0.05610,  L_Nrml: 0.00000,  L_Eknl: 0.55695, L_Morse: 1.12049

Weights: [7000.0, 600.0, 0, 50.0, 0.0, 10.0], lr=5.000e-05
Epoch: 0 [ 120/10000 (1%)] Loss: 95.51295 = L_Mnfld: 31.23573 + L_NonMnfld: 26.16164 + L_Nrml: 0.00000 + L_Eknl: 26.37449 + L_Div: 0.00000 + L_Morse: 11.74109
Epoch: 0 [ 120/10000 (1%)] Unweighted L_s : L_Mnfld: 0.00446,  L_NonMnfld: 0.04360,  L_Nrml: 0.00000,  L_Eknl: 0.52749, L_Morse: 1.17411

Weights: [7000.0, 600.0, 0, 50.0, 0.0, 10.0], lr=5.000e-05
Epoch: 0 [ 130/10000 (1%)] Loss: 98.09023 = L_Mnfld: 28.96362 + L_NonMnfld: 31.46711 + L_Nrml: 0.00000 + L_Eknl: 25.60960 + L_Div: 0.00000 + L_Morse: 12.04990
Epoch: 0 [ 130/10000 (1%)] Unweighted L_s : L_Mnfld: 0.00414,  L_NonMnfld: 0.05245,  L_Nrml: 0.00000,  L_Eknl: 0.51219, L_Morse: 1.20499

Weights: [7000.0, 600.0, 0, 50.0, 0.0, 10.0], lr=5.000e-05
Epoch: 0 [ 140/10000 (1%)] Loss: 95.90065 = L_Mnfld: 34.15739 + L_NonMnfld: 25.13366 + L_Nrml: 0.00000 + L_Eknl: 24.37842 + L_Div: 0.00000 + L_Morse: 12.23118
Epoch: 0 [ 140/10000 (1%)] Unweighted L_s : L_Mnfld: 0.00488,  L_NonMnfld: 0.04189,  L_Nrml: 0.00000,  L_Eknl: 0.48757, L_Morse: 1.22312

Weights: [7000.0, 600.0, 0, 50.0, 0.0, 10.0], lr=5.000e-05
Epoch: 0 [ 150/10000 (2%)] Loss: 92.69039 = L_Mnfld: 29.10898 + L_NonMnfld: 28.57058 + L_Nrml: 0.00000 + L_Eknl: 23.31422 + L_Div: 0.00000 + L_Morse: 11.69661
Epoch: 0 [ 150/10000 (2%)] Unweighted L_s : L_Mnfld: 0.00416,  L_NonMnfld: 0.04762,  L_Nrml: 0.00000,  L_Eknl: 0.46628, L_Morse: 1.16966

Weights: [7000.0, 600.0, 0, 50.0, 0.0, 10.0], lr=5.000e-05
Epoch: 0 [ 160/10000 (2%)] Loss: 91.77245 = L_Mnfld: 31.34782 + L_NonMnfld: 26.29621 + L_Nrml: 0.00000 + L_Eknl: 22.08533 + L_Div: 0.00000 + L_Morse: 12.04309
Epoch: 0 [ 160/10000 (2%)] Unweighted L_s : L_Mnfld: 0.00448,  L_NonMnfld: 0.04383,  L_Nrml: 0.00000,  L_Eknl: 0.44171, L_Morse: 1.20431

Weights: [7000.0, 600.0, 0, 50.0, 0.0, 10.0], lr=5.000e-05
Epoch: 0 [ 170/10000 (2%)] Loss: 88.30841 = L_Mnfld: 28.62673 + L_NonMnfld: 26.43186 + L_Nrml: 0.00000 + L_Eknl: 20.81398 + L_Div: 0.00000 + L_Morse: 12.43582
Epoch: 0 [ 170/10000 (2%)] Unweighted L_s : L_Mnfld: 0.00409,  L_NonMnfld: 0.04405,  L_Nrml: 0.00000,  L_Eknl: 0.41628, L_Morse: 1.24358

Weights: [7000.0, 600.0, 0, 50.0, 0.0, 10.0], lr=5.000e-05
Epoch: 0 [ 180/10000 (2%)] Loss: 85.07959 = L_Mnfld: 30.20597 + L_NonMnfld: 23.27523 + L_Nrml: 0.00000 + L_Eknl: 19.84352 + L_Div: 0.00000 + L_Morse: 11.75487
Epoch: 0 [ 180/10000 (2%)] Unweighted L_s : L_Mnfld: 0.00432,  L_NonMnfld: 0.03879,  L_Nrml: 0.00000,  L_Eknl: 0.39687, L_Morse: 1.17549

Weights: [7000.0, 600.0, 0, 50.0, 0.0, 10.0], lr=5.000e-05
Epoch: 0 [ 190/10000 (2%)] Loss: 83.42490 = L_Mnfld: 27.57447 + L_NonMnfld: 25.02813 + L_Nrml: 0.00000 + L_Eknl: 19.30220 + L_Div: 0.00000 + L_Morse: 11.52011
Epoch: 0 [ 190/10000 (2%)] Unweighted L_s : L_Mnfld: 0.00394,  L_NonMnfld: 0.04171,  L_Nrml: 0.00000,  L_Eknl: 0.38604, L_Morse: 1.15201

Weights: [7000.0, 600.0, 0, 50.0, 0.0, 10.0], lr=5.000e-05
Epoch: 0 [ 200/10000 (2%)] Loss: 84.16472 = L_Mnfld: 29.76607 + L_NonMnfld: 24.04545 + L_Nrml: 0.00000 + L_Eknl: 18.23790 + L_Div: 0.00000 + L_Morse: 12.11530
Epoch: 0 [ 200/10000 (2%)] Unweighted L_s : L_Mnfld: 0.00425,  L_NonMnfld: 0.04008,  L_Nrml: 0.00000,  L_Eknl: 0.36476, L_Morse: 1.21153

Weights: [7000.0, 600.0, 0, 50.0, 0.0, 10.0], lr=5.000e-05
Epoch: 0 [ 210/10000 (2%)] Loss: 80.95626 = L_Mnfld: 27.31386 + L_NonMnfld: 23.86632 + L_Nrml: 0.00000 + L_Eknl: 17.98056 + L_Div: 0.00000 + L_Morse: 11.79552
Epoch: 0 [ 210/10000 (2%)] Unweighted L_s : L_Mnfld: 0.00390,  L_NonMnfld: 0.03978,  L_Nrml: 0.00000,  L_Eknl: 0.35961, L_Morse: 1.17955

Weights: [7000.0, 600.0, 0, 50.0, 0.0, 10.0], lr=5.000e-05
Epoch: 0 [ 220/10000 (2%)] Loss: 78.48209 = L_Mnfld: 26.71865 + L_NonMnfld: 23.63782 + L_Nrml: 0.00000 + L_Eknl: 17.41858 + L_Div: 0.00000 + L_Morse: 10.70704
Epoch: 0 [ 220/10000 (2%)] Unweighted L_s : L_Mnfld: 0.00382,  L_NonMnfld: 0.03940,  L_Nrml: 0.00000,  L_Eknl: 0.34837, L_Morse: 1.07070

Weights: [7000.0, 600.0, 0, 50.0, 0.0, 10.0], lr=5.000e-05
Epoch: 0 [ 230/10000 (2%)] Loss: 78.17278 = L_Mnfld: 26.04396 + L_NonMnfld: 24.20487 + L_Nrml: 0.00000 + L_Eknl: 16.76931 + L_Div: 0.00000 + L_Morse: 11.15464
Epoch: 0 [ 230/10000 (2%)] Unweighted L_s : L_Mnfld: 0.00372,  L_NonMnfld: 0.04034,  L_Nrml: 0.00000,  L_Eknl: 0.33539, L_Morse: 1.11546

Weights: [7000.0, 600.0, 0, 50.0, 0.0, 10.0], lr=5.000e-05
Epoch: 0 [ 240/10000 (2%)] Loss: 76.21473 = L_Mnfld: 25.10259 + L_NonMnfld: 24.00671 + L_Nrml: 0.00000 + L_Eknl: 16.33935 + L_Div: 0.00000 + L_Morse: 10.76609
Epoch: 0 [ 240/10000 (2%)] Unweighted L_s : L_Mnfld: 0.00359,  L_NonMnfld: 0.04001,  L_Nrml: 0.00000,  L_Eknl: 0.32679, L_Morse: 1.07661

Weights: [7000.0, 600.0, 0, 50.0, 0.0, 10.0], lr=5.000e-05
Epoch: 0 [ 250/10000 (2%)] Loss: 73.05035 = L_Mnfld: 23.11559 + L_NonMnfld: 23.61323 + L_Nrml: 0.00000 + L_Eknl: 15.96473 + L_Div: 0.00000 + L_Morse: 10.35681
Epoch: 0 [ 250/10000 (2%)] Unweighted L_s : L_Mnfld: 0.00330,  L_NonMnfld: 0.03936,  L_Nrml: 0.00000,  L_Eknl: 0.31929, L_Morse: 1.03568

Weights: [7000.0, 600.0, 0, 50.0, 0.0, 10.0], lr=5.000e-05
Epoch: 0 [ 260/10000 (3%)] Loss: 71.64075 = L_Mnfld: 24.14732 + L_NonMnfld: 21.44889 + L_Nrml: 0.00000 + L_Eknl: 15.71201 + L_Div: 0.00000 + L_Morse: 10.33252
Epoch: 0 [ 260/10000 (3%)] Unweighted L_s : L_Mnfld: 0.00345,  L_NonMnfld: 0.03575,  L_Nrml: 0.00000,  L_Eknl: 0.31424, L_Morse: 1.03325

Weights: [7000.0, 600.0, 0, 50.0, 0.0, 10.0], lr=5.000e-05
Epoch: 0 [ 270/10000 (3%)] Loss: 71.07493 = L_Mnfld: 23.17140 + L_NonMnfld: 22.65393 + L_Nrml: 0.00000 + L_Eknl: 15.32792 + L_Div: 0.00000 + L_Morse: 9.92167
Epoch: 0 [ 270/10000 (3%)] Unweighted L_s : L_Mnfld: 0.00331,  L_NonMnfld: 0.03776,  L_Nrml: 0.00000,  L_Eknl: 0.30656, L_Morse: 0.99217

Weights: [7000.0, 600.0, 0, 50.0, 0.0, 10.0], lr=5.000e-05
Epoch: 0 [ 280/10000 (3%)] Loss: 70.39714 = L_Mnfld: 23.32796 + L_NonMnfld: 21.77339 + L_Nrml: 0.00000 + L_Eknl: 15.24660 + L_Div: 0.00000 + L_Morse: 10.04919
Epoch: 0 [ 280/10000 (3%)] Unweighted L_s : L_Mnfld: 0.00333,  L_NonMnfld: 0.03629,  L_Nrml: 0.00000,  L_Eknl: 0.30493, L_Morse: 1.00492

Weights: [7000.0, 600.0, 0, 50.0, 0.0, 10.0], lr=5.000e-05
Epoch: 0 [ 290/10000 (3%)] Loss: 68.42934 = L_Mnfld: 21.15610 + L_NonMnfld: 22.29476 + L_Nrml: 0.00000 + L_Eknl: 15.08032 + L_Div: 0.00000 + L_Morse: 9.89816
Epoch: 0 [ 290/10000 (3%)] Unweighted L_s : L_Mnfld: 0.00302,  L_NonMnfld: 0.03716,  L_Nrml: 0.00000,  L_Eknl: 0.30161, L_Morse: 0.98982

Weights: [7000.0, 600.0, 0, 50.0, 0.0, 10.0], lr=5.000e-05
Epoch: 0 [ 300/10000 (3%)] Loss: 68.86704 = L_Mnfld: 22.86678 + L_NonMnfld: 21.18149 + L_Nrml: 0.00000 + L_Eknl: 14.90159 + L_Div: 0.00000 + L_Morse: 9.91718
Epoch: 0 [ 300/10000 (3%)] Unweighted L_s : L_Mnfld: 0.00327,  L_NonMnfld: 0.03530,  L_Nrml: 0.00000,  L_Eknl: 0.29803, L_Morse: 0.99172

Weights: [7000.0, 600.0, 0, 50.0, 0.0, 10.0], lr=5.000e-05
Epoch: 0 [ 310/10000 (3%)] Loss: 68.59307 = L_Mnfld: 20.71656 + L_NonMnfld: 23.49540 + L_Nrml: 0.00000 + L_Eknl: 14.71091 + L_Div: 0.00000 + L_Morse: 9.67020
Epoch: 0 [ 310/10000 (3%)] Unweighted L_s : L_Mnfld: 0.00296,  L_NonMnfld: 0.03916,  L_Nrml: 0.00000,  L_Eknl: 0.29422, L_Morse: 0.96702

Weights: [7000.0, 600.0, 0, 50.0, 0.0, 10.0], lr=5.000e-05
Epoch: 0 [ 320/10000 (3%)] Loss: 66.58379 = L_Mnfld: 21.71635 + L_NonMnfld: 20.96205 + L_Nrml: 0.00000 + L_Eknl: 14.59904 + L_Div: 0.00000 + L_Morse: 9.30635
Epoch: 0 [ 320/10000 (3%)] Unweighted L_s : L_Mnfld: 0.00310,  L_NonMnfld: 0.03494,  L_Nrml: 0.00000,  L_Eknl: 0.29198, L_Morse: 0.93063

Weights: [7000.0, 600.0, 0, 50.0, 0.0, 10.0], lr=5.000e-05
Epoch: 0 [ 330/10000 (3%)] Loss: 64.88988 = L_Mnfld: 19.29115 + L_NonMnfld: 21.75137 + L_Nrml: 0.00000 + L_Eknl: 14.50454 + L_Div: 0.00000 + L_Morse: 9.34282
Epoch: 0 [ 330/10000 (3%)] Unweighted L_s : L_Mnfld: 0.00276,  L_NonMnfld: 0.03625,  L_Nrml: 0.00000,  L_Eknl: 0.29009, L_Morse: 0.93428

Weights: [7000.0, 600.0, 0, 50.0, 0.0, 10.0], lr=5.000e-05
Epoch: 0 [ 340/10000 (3%)] Loss: 68.19234 = L_Mnfld: 22.42350 + L_NonMnfld: 21.65199 + L_Nrml: 0.00000 + L_Eknl: 14.33015 + L_Div: 0.00000 + L_Morse: 9.78670
Epoch: 0 [ 340/10000 (3%)] Unweighted L_s : L_Mnfld: 0.00320,  L_NonMnfld: 0.03609,  L_Nrml: 0.00000,  L_Eknl: 0.28660, L_Morse: 0.97867

Weights: [7000.0, 600.0, 0, 50.0, 0.0, 10.0], lr=5.000e-05
Epoch: 0 [ 350/10000 (4%)] Loss: 68.45592 = L_Mnfld: 22.76025 + L_NonMnfld: 21.95360 + L_Nrml: 0.00000 + L_Eknl: 14.28029 + L_Div: 0.00000 + L_Morse: 9.46178
Epoch: 0 [ 350/10000 (4%)] Unweighted L_s : L_Mnfld: 0.00325,  L_NonMnfld: 0.03659,  L_Nrml: 0.00000,  L_Eknl: 0.28561, L_Morse: 0.94618

Weights: [7000.0, 600.0, 0, 50.0, 0.0, 10.0], lr=5.000e-05
Epoch: 0 [ 360/10000 (4%)] Loss: 66.74292 = L_Mnfld: 21.88769 + L_NonMnfld: 20.22279 + L_Nrml: 0.00000 + L_Eknl: 14.22012 + L_Div: 0.00000 + L_Morse: 10.41231
Epoch: 0 [ 360/10000 (4%)] Unweighted L_s : L_Mnfld: 0.00313,  L_NonMnfld: 0.03370,  L_Nrml: 0.00000,  L_Eknl: 0.28440, L_Morse: 1.04123

Weights: [7000.0, 600.0, 0, 50.0, 0.0, 10.0], lr=5.000e-05
Epoch: 0 [ 370/10000 (4%)] Loss: 66.23188 = L_Mnfld: 20.37870 + L_NonMnfld: 22.18455 + L_Nrml: 0.00000 + L_Eknl: 14.01593 + L_Div: 0.00000 + L_Morse: 9.65270
Epoch: 0 [ 370/10000 (4%)] Unweighted L_s : L_Mnfld: 0.00291,  L_NonMnfld: 0.03697,  L_Nrml: 0.00000,  L_Eknl: 0.28032, L_Morse: 0.96527

Weights: [7000.0, 600.0, 0, 50.0, 0.0, 10.0], lr=5.000e-05
Epoch: 0 [ 380/10000 (4%)] Loss: 65.56139 = L_Mnfld: 20.90873 + L_NonMnfld: 21.16192 + L_Nrml: 0.00000 + L_Eknl: 13.92602 + L_Div: 0.00000 + L_Morse: 9.56471
Epoch: 0 [ 380/10000 (4%)] Unweighted L_s : L_Mnfld: 0.00299,  L_NonMnfld: 0.03527,  L_Nrml: 0.00000,  L_Eknl: 0.27852, L_Morse: 0.95647

Weights: [7000.0, 600.0, 0, 50.0, 0.0, 10.0], lr=5.000e-05
Epoch: 0 [ 390/10000 (4%)] Loss: 64.60597 = L_Mnfld: 20.88660 + L_NonMnfld: 20.69200 + L_Nrml: 0.00000 + L_Eknl: 13.83649 + L_Div: 0.00000 + L_Morse: 9.19087
Epoch: 0 [ 390/10000 (4%)] Unweighted L_s : L_Mnfld: 0.00298,  L_NonMnfld: 0.03449,  L_Nrml: 0.00000,  L_Eknl: 0.27673, L_Morse: 0.91909

Weights: [7000.0, 600.0, 0, 50.0, 0.0, 10.0], lr=5.000e-05
Epoch: 0 [ 400/10000 (4%)] Loss: 64.68420 = L_Mnfld: 19.59743 + L_NonMnfld: 21.77739 + L_Nrml: 0.00000 + L_Eknl: 13.79822 + L_Div: 0.00000 + L_Morse: 9.51115
Epoch: 0 [ 400/10000 (4%)] Unweighted L_s : L_Mnfld: 0.00280,  L_NonMnfld: 0.03630,  L_Nrml: 0.00000,  L_Eknl: 0.27596, L_Morse: 0.95111

Weights: [7000.0, 600.0, 0, 50.0, 0.0, 10.0], lr=5.000e-05
Epoch: 0 [ 410/10000 (4%)] Loss: 61.48733 = L_Mnfld: 18.71857 + L_NonMnfld: 20.29089 + L_Nrml: 0.00000 + L_Eknl: 13.48590 + L_Div: 0.00000 + L_Morse: 8.99196
Epoch: 0 [ 410/10000 (4%)] Unweighted L_s : L_Mnfld: 0.00267,  L_NonMnfld: 0.03382,  L_Nrml: 0.00000,  L_Eknl: 0.26972, L_Morse: 0.89920

Weights: [7000.0, 600.0, 0, 50.0, 0.0, 10.0], lr=5.000e-05
Epoch: 0 [ 420/10000 (4%)] Loss: 62.63367 = L_Mnfld: 19.59438 + L_NonMnfld: 20.69082 + L_Nrml: 0.00000 + L_Eknl: 13.42628 + L_Div: 0.00000 + L_Morse: 8.92220
Epoch: 0 [ 420/10000 (4%)] Unweighted L_s : L_Mnfld: 0.00280,  L_NonMnfld: 0.03448,  L_Nrml: 0.00000,  L_Eknl: 0.26853, L_Morse: 0.89222

Weights: [7000.0, 600.0, 0, 50.0, 0.0, 10.0], lr=5.000e-05
Epoch: 0 [ 430/10000 (4%)] Loss: 61.33089 = L_Mnfld: 18.16147 + L_NonMnfld: 21.02136 + L_Nrml: 0.00000 + L_Eknl: 13.20490 + L_Div: 0.00000 + L_Morse: 8.94315
Epoch: 0 [ 430/10000 (4%)] Unweighted L_s : L_Mnfld: 0.00259,  L_NonMnfld: 0.03504,  L_Nrml: 0.00000,  L_Eknl: 0.26410, L_Morse: 0.89432

Weights: [7000.0, 600.0, 0, 50.0, 0.0, 10.0], lr=5.000e-05
Epoch: 0 [ 440/10000 (4%)] Loss: 63.97813 = L_Mnfld: 19.98774 + L_NonMnfld: 21.89098 + L_Nrml: 0.00000 + L_Eknl: 13.20892 + L_Div: 0.00000 + L_Morse: 8.89050
Epoch: 0 [ 440/10000 (4%)] Unweighted L_s : L_Mnfld: 0.00286,  L_NonMnfld: 0.03648,  L_Nrml: 0.00000,  L_Eknl: 0.26418, L_Morse: 0.88905

Weights: [7000.0, 600.0, 0, 50.0, 0.0, 10.0], lr=5.000e-05
Epoch: 0 [ 450/10000 (4%)] Loss: 60.53524 = L_Mnfld: 18.05371 + L_NonMnfld: 20.29134 + L_Nrml: 0.00000 + L_Eknl: 12.95772 + L_Div: 0.00000 + L_Morse: 9.23248
Epoch: 0 [ 450/10000 (4%)] Unweighted L_s : L_Mnfld: 0.00258,  L_NonMnfld: 0.03382,  L_Nrml: 0.00000,  L_Eknl: 0.25915, L_Morse: 0.92325

Weights: [7000.0, 600.0, 0, 50.0, 0.0, 10.0], lr=5.000e-05
Epoch: 0 [ 460/10000 (5%)] Loss: 62.77127 = L_Mnfld: 18.70226 + L_NonMnfld: 21.83411 + L_Nrml: 0.00000 + L_Eknl: 12.93326 + L_Div: 0.00000 + L_Morse: 9.30163
Epoch: 0 [ 460/10000 (5%)] Unweighted L_s : L_Mnfld: 0.00267,  L_NonMnfld: 0.03639,  L_Nrml: 0.00000,  L_Eknl: 0.25867, L_Morse: 0.93016

Weights: [7000.0, 600.0, 0, 50.0, 0.0, 10.0], lr=5.000e-05
Epoch: 0 [ 470/10000 (5%)] Loss: 62.02436 = L_Mnfld: 18.07689 + L_NonMnfld: 21.98707 + L_Nrml: 0.00000 + L_Eknl: 12.96405 + L_Div: 0.00000 + L_Morse: 8.99636
Epoch: 0 [ 470/10000 (5%)] Unweighted L_s : L_Mnfld: 0.00258,  L_NonMnfld: 0.03665,  L_Nrml: 0.00000,  L_Eknl: 0.25928, L_Morse: 0.89964

Weights: [7000.0, 600.0, 0, 50.0, 0.0, 10.0], lr=5.000e-05
Epoch: 0 [ 480/10000 (5%)] Loss: 62.63564 = L_Mnfld: 19.04194 + L_NonMnfld: 21.83488 + L_Nrml: 0.00000 + L_Eknl: 12.79422 + L_Div: 0.00000 + L_Morse: 8.96459
Epoch: 0 [ 480/10000 (5%)] Unweighted L_s : L_Mnfld: 0.00272,  L_NonMnfld: 0.03639,  L_Nrml: 0.00000,  L_Eknl: 0.25588, L_Morse: 0.89646

Weights: [7000.0, 600.0, 0, 50.0, 0.0, 10.0], lr=5.000e-05
Epoch: 0 [ 490/10000 (5%)] Loss: 58.86222 = L_Mnfld: 17.02855 + L_NonMnfld: 20.30099 + L_Nrml: 0.00000 + L_Eknl: 12.70536 + L_Div: 0.00000 + L_Morse: 8.82732
Epoch: 0 [ 490/10000 (5%)] Unweighted L_s : L_Mnfld: 0.00243,  L_NonMnfld: 0.03383,  L_Nrml: 0.00000,  L_Eknl: 0.25411, L_Morse: 0.88273

Weights: [7000.0, 600.0, 0, 50.0, 0.0, 10.0], lr=5.000e-05
Epoch: 0 [ 500/10000 (5%)] Loss: 59.45906 = L_Mnfld: 17.61756 + L_NonMnfld: 20.19435 + L_Nrml: 0.00000 + L_Eknl: 12.75860 + L_Div: 0.00000 + L_Morse: 8.88855
Epoch: 0 [ 500/10000 (5%)] Unweighted L_s : L_Mnfld: 0.00252,  L_NonMnfld: 0.03366,  L_Nrml: 0.00000,  L_Eknl: 0.25517, L_Morse: 0.88885

Weights: [7000.0, 600.0, 0, 50.0, 0.0, 10.0], lr=5.000e-05
Epoch: 0 [ 510/10000 (5%)] Loss: 57.17614 = L_Mnfld: 16.09029 + L_NonMnfld: 19.74153 + L_Nrml: 0.00000 + L_Eknl: 12.50519 + L_Div: 0.00000 + L_Morse: 8.83912
Epoch: 0 [ 510/10000 (5%)] Unweighted L_s : L_Mnfld: 0.00230,  L_NonMnfld: 0.03290,  L_Nrml: 0.00000,  L_Eknl: 0.25010, L_Morse: 0.88391

Weights: [7000.0, 600.0, 0, 50.0, 0.0, 10.0], lr=5.000e-05
Epoch: 0 [ 520/10000 (5%)] Loss: 58.62675 = L_Mnfld: 16.82050 + L_NonMnfld: 20.75523 + L_Nrml: 0.00000 + L_Eknl: 12.47279 + L_Div: 0.00000 + L_Morse: 8.57823
Epoch: 0 [ 520/10000 (5%)] Unweighted L_s : L_Mnfld: 0.00240,  L_NonMnfld: 0.03459,  L_Nrml: 0.00000,  L_Eknl: 0.24946, L_Morse: 0.85782

Weights: [7000.0, 600.0, 0, 50.0, 0.0, 10.0], lr=5.000e-05
Epoch: 0 [ 530/10000 (5%)] Loss: 58.45440 = L_Mnfld: 17.60958 + L_NonMnfld: 19.91318 + L_Nrml: 0.00000 + L_Eknl: 12.45148 + L_Div: 0.00000 + L_Morse: 8.48015
Epoch: 0 [ 530/10000 (5%)] Unweighted L_s : L_Mnfld: 0.00252,  L_NonMnfld: 0.03319,  L_Nrml: 0.00000,  L_Eknl: 0.24903, L_Morse: 0.84801

Weights: [7000.0, 600.0, 0, 50.0, 0.0, 10.0], lr=5.000e-05
Epoch: 0 [ 540/10000 (5%)] Loss: 61.07869 = L_Mnfld: 18.63186 + L_NonMnfld: 20.81062 + L_Nrml: 0.00000 + L_Eknl: 12.40663 + L_Div: 0.00000 + L_Morse: 9.22958
Epoch: 0 [ 540/10000 (5%)] Unweighted L_s : L_Mnfld: 0.00266,  L_NonMnfld: 0.03468,  L_Nrml: 0.00000,  L_Eknl: 0.24813, L_Morse: 0.92296

Weights: [7000.0, 600.0, 0, 50.0, 0.0, 10.0], lr=5.000e-05
Epoch: 0 [ 550/10000 (6%)] Loss: 60.52031 = L_Mnfld: 19.05414 + L_NonMnfld: 20.03866 + L_Nrml: 0.00000 + L_Eknl: 12.23908 + L_Div: 0.00000 + L_Morse: 9.18843
Epoch: 0 [ 550/10000 (6%)] Unweighted L_s : L_Mnfld: 0.00272,  L_NonMnfld: 0.03340,  L_Nrml: 0.00000,  L_Eknl: 0.24478, L_Morse: 0.91884

Weights: [7000.0, 600.0, 0, 50.0, 0.0, 10.0], lr=5.000e-05
Epoch: 0 [ 560/10000 (6%)] Loss: 62.23896 = L_Mnfld: 20.36644 + L_NonMnfld: 20.23893 + L_Nrml: 0.00000 + L_Eknl: 12.32790 + L_Div: 0.00000 + L_Morse: 9.30568
Epoch: 0 [ 560/10000 (6%)] Unweighted L_s : L_Mnfld: 0.00291,  L_NonMnfld: 0.03373,  L_Nrml: 0.00000,  L_Eknl: 0.24656, L_Morse: 0.93057

Weights: [7000.0, 600.0, 0, 50.0, 0.0, 10.0], lr=5.000e-05
Epoch: 0 [ 570/10000 (6%)] Loss: 64.25363 = L_Mnfld: 21.29563 + L_NonMnfld: 21.19318 + L_Nrml: 0.00000 + L_Eknl: 12.30472 + L_Div: 0.00000 + L_Morse: 9.46011
Epoch: 0 [ 570/10000 (6%)] Unweighted L_s : L_Mnfld: 0.00304,  L_NonMnfld: 0.03532,  L_Nrml: 0.00000,  L_Eknl: 0.24609, L_Morse: 0.94601

Weights: [7000.0, 600.0, 0, 50.0, 0.0, 10.0], lr=5.000e-05
Epoch: 0 [ 580/10000 (6%)] Loss: 60.09494 = L_Mnfld: 18.71243 + L_NonMnfld: 19.73423 + L_Nrml: 0.00000 + L_Eknl: 12.38114 + L_Div: 0.00000 + L_Morse: 9.26714
Epoch: 0 [ 580/10000 (6%)] Unweighted L_s : L_Mnfld: 0.00267,  L_NonMnfld: 0.03289,  L_Nrml: 0.00000,  L_Eknl: 0.24762, L_Morse: 0.92671

Weights: [7000.0, 600.0, 0, 50.0, 0.0, 10.0], lr=5.000e-05
Epoch: 0 [ 590/10000 (6%)] Loss: 63.33389 = L_Mnfld: 22.56365 + L_NonMnfld: 18.88848 + L_Nrml: 0.00000 + L_Eknl: 12.11062 + L_Div: 0.00000 + L_Morse: 9.77114
Epoch: 0 [ 590/10000 (6%)] Unweighted L_s : L_Mnfld: 0.00322,  L_NonMnfld: 0.03148,  L_Nrml: 0.00000,  L_Eknl: 0.24221, L_Morse: 0.97711

Weights: [7000.0, 600.0, 0, 50.0, 0.0, 10.0], lr=5.000e-05
Epoch: 0 [ 600/10000 (6%)] Loss: 67.88996 = L_Mnfld: 24.34453 + L_NonMnfld: 19.97258 + L_Nrml: 0.00000 + L_Eknl: 12.35116 + L_Div: 0.00000 + L_Morse: 11.22170
Epoch: 0 [ 600/10000 (6%)] Unweighted L_s : L_Mnfld: 0.00348,  L_NonMnfld: 0.03329,  L_Nrml: 0.00000,  L_Eknl: 0.24702, L_Morse: 1.12217

Weights: [7000.0, 600.0, 0, 50.0, 0.0, 10.0], lr=5.000e-05
Epoch: 0 [ 610/10000 (6%)] Loss: 72.32546 = L_Mnfld: 27.29315 + L_NonMnfld: 20.74868 + L_Nrml: 0.00000 + L_Eknl: 12.72011 + L_Div: 0.00000 + L_Morse: 11.56352
Epoch: 0 [ 610/10000 (6%)] Unweighted L_s : L_Mnfld: 0.00390,  L_NonMnfld: 0.03458,  L_Nrml: 0.00000,  L_Eknl: 0.25440, L_Morse: 1.15635

Weights: [7000.0, 600.0, 0, 50.0, 0.0, 10.0], lr=5.000e-05
Epoch: 0 [ 620/10000 (6%)] Loss: 76.50768 = L_Mnfld: 30.10049 + L_NonMnfld: 21.28409 + L_Nrml: 0.00000 + L_Eknl: 13.05662 + L_Div: 0.00000 + L_Morse: 12.06648
Epoch: 0 [ 620/10000 (6%)] Unweighted L_s : L_Mnfld: 0.00430,  L_NonMnfld: 0.03547,  L_Nrml: 0.00000,  L_Eknl: 0.26113, L_Morse: 1.20665

Weights: [7000.0, 600.0, 0, 50.0, 0.0, 10.0], lr=5.000e-05
Epoch: 0 [ 630/10000 (6%)] Loss: 69.55701 = L_Mnfld: 24.49150 + L_NonMnfld: 19.50963 + L_Nrml: 0.00000 + L_Eknl: 12.82372 + L_Div: 0.00000 + L_Morse: 12.73215
Epoch: 0 [ 630/10000 (6%)] Unweighted L_s : L_Mnfld: 0.00350,  L_NonMnfld: 0.03252,  L_Nrml: 0.00000,  L_Eknl: 0.25647, L_Morse: 1.27322

Weights: [7000.0, 600.0, 0, 50.0, 0.0, 10.0], lr=5.000e-05
Epoch: 0 [ 640/10000 (6%)] Loss: 74.82581 = L_Mnfld: 27.74499 + L_NonMnfld: 20.60522 + L_Nrml: 0.00000 + L_Eknl: 13.61782 + L_Div: 0.00000 + L_Morse: 12.85779
Epoch: 0 [ 640/10000 (6%)] Unweighted L_s : L_Mnfld: 0.00396,  L_NonMnfld: 0.03434,  L_Nrml: 0.00000,  L_Eknl: 0.27236, L_Morse: 1.28578

Weights: [7000.0, 600.0, 0, 50.0, 0.0, 10.0], lr=5.000e-05
Epoch: 0 [ 650/10000 (6%)] Loss: 68.41944 = L_Mnfld: 23.99459 + L_NonMnfld: 20.57394 + L_Nrml: 0.00000 + L_Eknl: 12.84255 + L_Div: 0.00000 + L_Morse: 11.00836
Epoch: 0 [ 650/10000 (6%)] Unweighted L_s : L_Mnfld: 0.00343,  L_NonMnfld: 0.03429,  L_Nrml: 0.00000,  L_Eknl: 0.25685, L_Morse: 1.10084

Weights: [7000.0, 600.0, 0, 50.0, 0.0, 10.0], lr=5.000e-05
Epoch: 0 [ 660/10000 (7%)] Loss: 60.42739 = L_Mnfld: 18.21370 + L_NonMnfld: 20.38121 + L_Nrml: 0.00000 + L_Eknl: 12.76528 + L_Div: 0.00000 + L_Morse: 9.06719
Epoch: 0 [ 660/10000 (7%)] Unweighted L_s : L_Mnfld: 0.00260,  L_NonMnfld: 0.03397,  L_Nrml: 0.00000,  L_Eknl: 0.25531, L_Morse: 0.90672

Weights: [7000.0, 600.0, 0, 50.0, 0.0, 10.0], lr=5.000e-05
Epoch: 0 [ 670/10000 (7%)] Loss: 54.54630 = L_Mnfld: 14.83015 + L_NonMnfld: 19.13075 + L_Nrml: 0.00000 + L_Eknl: 12.40150 + L_Div: 0.00000 + L_Morse: 8.18389
Epoch: 0 [ 670/10000 (7%)] Unweighted L_s : L_Mnfld: 0.00212,  L_NonMnfld: 0.03188,  L_Nrml: 0.00000,  L_Eknl: 0.24803, L_Morse: 0.81839

Weights: [7000.0, 600.0, 0, 50.0, 0.0, 10.0], lr=5.000e-05
Epoch: 0 [ 680/10000 (7%)] Loss: 54.81989 = L_Mnfld: 16.06326 + L_NonMnfld: 18.21787 + L_Nrml: 0.00000 + L_Eknl: 12.03306 + L_Div: 0.00000 + L_Morse: 8.50569
Epoch: 0 [ 680/10000 (7%)] Unweighted L_s : L_Mnfld: 0.00229,  L_NonMnfld: 0.03036,  L_Nrml: 0.00000,  L_Eknl: 0.24066, L_Morse: 0.85057

Weights: [7000.0, 600.0, 0, 50.0, 0.0, 10.0], lr=5.000e-05
Epoch: 0 [ 690/10000 (7%)] Loss: 54.47029 = L_Mnfld: 15.27440 + L_NonMnfld: 18.87897 + L_Nrml: 0.00000 + L_Eknl: 11.93800 + L_Div: 0.00000 + L_Morse: 8.37892
Epoch: 0 [ 690/10000 (7%)] Unweighted L_s : L_Mnfld: 0.00218,  L_NonMnfld: 0.03146,  L_Nrml: 0.00000,  L_Eknl: 0.23876, L_Morse: 0.83789

Weights: [7000.0, 600.0, 0, 50.0, 0.0, 10.0], lr=5.000e-05
Epoch: 0 [ 700/10000 (7%)] Loss: 54.36249 = L_Mnfld: 15.61387 + L_NonMnfld: 19.38080 + L_Nrml: 0.00000 + L_Eknl: 11.91401 + L_Div: 0.00000 + L_Morse: 7.45380
Epoch: 0 [ 700/10000 (7%)] Unweighted L_s : L_Mnfld: 0.00223,  L_NonMnfld: 0.03230,  L_Nrml: 0.00000,  L_Eknl: 0.23828, L_Morse: 0.74538

Weights: [7000.0, 600.0, 0, 50.0, 0.0, 10.0], lr=5.000e-05
Epoch: 0 [ 710/10000 (7%)] Loss: 54.06213 = L_Mnfld: 15.01009 + L_NonMnfld: 19.64460 + L_Nrml: 0.00000 + L_Eknl: 11.49075 + L_Div: 0.00000 + L_Morse: 7.91668
Epoch: 0 [ 710/10000 (7%)] Unweighted L_s : L_Mnfld: 0.00214,  L_NonMnfld: 0.03274,  L_Nrml: 0.00000,  L_Eknl: 0.22982, L_Morse: 0.79167

Weights: [7000.0, 600.0, 0, 50.0, 0.0, 10.0], lr=5.000e-05
Epoch: 0 [ 720/10000 (7%)] Loss: 51.74654 = L_Mnfld: 12.92339 + L_NonMnfld: 19.50095 + L_Nrml: 0.00000 + L_Eknl: 11.49225 + L_Div: 0.00000 + L_Morse: 7.82995
Epoch: 0 [ 720/10000 (7%)] Unweighted L_s : L_Mnfld: 0.00185,  L_NonMnfld: 0.03250,  L_Nrml: 0.00000,  L_Eknl: 0.22984, L_Morse: 0.78299

Weights: [7000.0, 600.0, 0, 50.0, 0.0, 10.0], lr=5.000e-05
Epoch: 0 [ 730/10000 (7%)] Loss: 50.84727 = L_Mnfld: 12.65679 + L_NonMnfld: 18.62126 + L_Nrml: 0.00000 + L_Eknl: 11.33554 + L_Div: 0.00000 + L_Morse: 8.23368
Epoch: 0 [ 730/10000 (7%)] Unweighted L_s : L_Mnfld: 0.00181,  L_NonMnfld: 0.03104,  L_Nrml: 0.00000,  L_Eknl: 0.22671, L_Morse: 0.82337

Weights: [7000.0, 600.0, 0, 50.0, 0.0, 10.0], lr=5.000e-05
Epoch: 0 [ 740/10000 (7%)] Loss: 51.01630 = L_Mnfld: 12.52107 + L_NonMnfld: 19.74716 + L_Nrml: 0.00000 + L_Eknl: 11.20502 + L_Div: 0.00000 + L_Morse: 7.54306
Epoch: 0 [ 740/10000 (7%)] Unweighted L_s : L_Mnfld: 0.00179,  L_NonMnfld: 0.03291,  L_Nrml: 0.00000,  L_Eknl: 0.22410, L_Morse: 0.75431

Weights: [7000.0, 600.0, 0, 50.0, 0.0, 10.0], lr=5.000e-05
Epoch: 0 [ 750/10000 (8%)] Loss: 51.58387 = L_Mnfld: 13.07150 + L_NonMnfld: 19.47192 + L_Nrml: 0.00000 + L_Eknl: 11.15331 + L_Div: 0.00000 + L_Morse: 7.88714
Epoch: 0 [ 750/10000 (8%)] Unweighted L_s : L_Mnfld: 0.00187,  L_NonMnfld: 0.03245,  L_Nrml: 0.00000,  L_Eknl: 0.22307, L_Morse: 0.78871

Weights: [7000.0, 600.0, 0, 50.0, 0.0, 10.0], lr=5.000e-05
Epoch: 0 [ 760/10000 (8%)] Loss: 51.71446 = L_Mnfld: 12.48242 + L_NonMnfld: 20.00337 + L_Nrml: 0.00000 + L_Eknl: 11.46588 + L_Div: 0.00000 + L_Morse: 7.76278
Epoch: 0 [ 760/10000 (8%)] Unweighted L_s : L_Mnfld: 0.00178,  L_NonMnfld: 0.03334,  L_Nrml: 0.00000,  L_Eknl: 0.22932, L_Morse: 0.77628

Weights: [7000.0, 600.0, 0, 50.0, 0.0, 10.0], lr=5.000e-05
Epoch: 0 [ 770/10000 (8%)] Loss: 52.92642 = L_Mnfld: 12.97605 + L_NonMnfld: 20.61197 + L_Nrml: 0.00000 + L_Eknl: 11.06286 + L_Div: 0.00000 + L_Morse: 8.27554
Epoch: 0 [ 770/10000 (8%)] Unweighted L_s : L_Mnfld: 0.00185,  L_NonMnfld: 0.03435,  L_Nrml: 0.00000,  L_Eknl: 0.22126, L_Morse: 0.82755

Weights: [7000.0, 600.0, 0, 50.0, 0.0, 10.0], lr=5.000e-05
Epoch: 0 [ 780/10000 (8%)] Loss: 50.61817 = L_Mnfld: 11.52957 + L_NonMnfld: 20.12759 + L_Nrml: 0.00000 + L_Eknl: 11.08585 + L_Div: 0.00000 + L_Morse: 7.87516
Epoch: 0 [ 780/10000 (8%)] Unweighted L_s : L_Mnfld: 0.00165,  L_NonMnfld: 0.03355,  L_Nrml: 0.00000,  L_Eknl: 0.22172, L_Morse: 0.78752

Weights: [7000.0, 600.0, 0, 50.0, 0.0, 10.0], lr=5.000e-05
Epoch: 0 [ 790/10000 (8%)] Loss: 49.32925 = L_Mnfld: 12.28135 + L_NonMnfld: 18.71959 + L_Nrml: 0.00000 + L_Eknl: 10.82420 + L_Div: 0.00000 + L_Morse: 7.50410
Epoch: 0 [ 790/10000 (8%)] Unweighted L_s : L_Mnfld: 0.00175,  L_NonMnfld: 0.03120,  L_Nrml: 0.00000,  L_Eknl: 0.21648, L_Morse: 0.75041

Weights: [7000.0, 600.0, 0, 50.0, 0.0, 10.0], lr=5.000e-05
Epoch: 0 [ 800/10000 (8%)] Loss: 48.73922 = L_Mnfld: 11.42044 + L_NonMnfld: 18.52958 + L_Nrml: 0.00000 + L_Eknl: 10.81500 + L_Div: 0.00000 + L_Morse: 7.97420
Epoch: 0 [ 800/10000 (8%)] Unweighted L_s : L_Mnfld: 0.00163,  L_NonMnfld: 0.03088,  L_Nrml: 0.00000,  L_Eknl: 0.21630, L_Morse: 0.79742

Weights: [7000.0, 600.0, 0, 50.0, 0.0, 10.0], lr=5.000e-05
Epoch: 0 [ 810/10000 (8%)] Loss: 52.03854 = L_Mnfld: 14.10042 + L_NonMnfld: 19.25879 + L_Nrml: 0.00000 + L_Eknl: 10.75641 + L_Div: 0.00000 + L_Morse: 7.92292
Epoch: 0 [ 810/10000 (8%)] Unweighted L_s : L_Mnfld: 0.00201,  L_NonMnfld: 0.03210,  L_Nrml: 0.00000,  L_Eknl: 0.21513, L_Morse: 0.79229

Weights: [7000.0, 600.0, 0, 50.0, 0.0, 10.0], lr=5.000e-05
Epoch: 0 [ 820/10000 (8%)] Loss: 50.11393 = L_Mnfld: 13.13500 + L_NonMnfld: 18.55953 + L_Nrml: 0.00000 + L_Eknl: 10.62691 + L_Div: 0.00000 + L_Morse: 7.79248
Epoch: 0 [ 820/10000 (8%)] Unweighted L_s : L_Mnfld: 0.00188,  L_NonMnfld: 0.03093,  L_Nrml: 0.00000,  L_Eknl: 0.21254, L_Morse: 0.77925

Weights: [7000.0, 600.0, 0, 50.0, 0.0, 10.0], lr=5.000e-05
Epoch: 0 [ 830/10000 (8%)] Loss: 50.28542 = L_Mnfld: 12.37080 + L_NonMnfld: 19.37635 + L_Nrml: 0.00000 + L_Eknl: 10.67971 + L_Div: 0.00000 + L_Morse: 7.85857
Epoch: 0 [ 830/10000 (8%)] Unweighted L_s : L_Mnfld: 0.00177,  L_NonMnfld: 0.03229,  L_Nrml: 0.00000,  L_Eknl: 0.21359, L_Morse: 0.78586

Weights: [7000.0, 600.0, 0, 50.0, 0.0, 10.0], lr=5.000e-05
Epoch: 0 [ 840/10000 (8%)] Loss: 49.55992 = L_Mnfld: 11.38617 + L_NonMnfld: 20.03940 + L_Nrml: 0.00000 + L_Eknl: 10.80592 + L_Div: 0.00000 + L_Morse: 7.32842
Epoch: 0 [ 840/10000 (8%)] Unweighted L_s : L_Mnfld: 0.00163,  L_NonMnfld: 0.03340,  L_Nrml: 0.00000,  L_Eknl: 0.21612, L_Morse: 0.73284

Weights: [7000.0, 600.0, 0, 50.0, 0.0, 10.0], lr=5.000e-05
Epoch: 0 [ 850/10000 (8%)] Loss: 50.54652 = L_Mnfld: 13.35535 + L_NonMnfld: 18.85484 + L_Nrml: 0.00000 + L_Eknl: 10.53317 + L_Div: 0.00000 + L_Morse: 7.80316
Epoch: 0 [ 850/10000 (8%)] Unweighted L_s : L_Mnfld: 0.00191,  L_NonMnfld: 0.03142,  L_Nrml: 0.00000,  L_Eknl: 0.21066, L_Morse: 0.78032

Weights: [7000.0, 600.0, 0, 50.0, 0.0, 10.0], lr=5.000e-05
Epoch: 0 [ 860/10000 (9%)] Loss: 49.83368 = L_Mnfld: 11.38185 + L_NonMnfld: 20.14657 + L_Nrml: 0.00000 + L_Eknl: 10.39267 + L_Div: 0.00000 + L_Morse: 7.91259
Epoch: 0 [ 860/10000 (9%)] Unweighted L_s : L_Mnfld: 0.00163,  L_NonMnfld: 0.03358,  L_Nrml: 0.00000,  L_Eknl: 0.20785, L_Morse: 0.79126

Weights: [7000.0, 600.0, 0, 50.0, 0.0, 10.0], lr=5.000e-05
Epoch: 0 [ 870/10000 (9%)] Loss: 48.73333 = L_Mnfld: 11.51852 + L_NonMnfld: 18.92583 + L_Nrml: 0.00000 + L_Eknl: 10.38744 + L_Div: 0.00000 + L_Morse: 7.90154
Epoch: 0 [ 870/10000 (9%)] Unweighted L_s : L_Mnfld: 0.00165,  L_NonMnfld: 0.03154,  L_Nrml: 0.00000,  L_Eknl: 0.20775, L_Morse: 0.79015

Weights: [7000.0, 600.0, 0, 50.0, 0.0, 10.0], lr=5.000e-05
Epoch: 0 [ 880/10000 (9%)] Loss: 48.68938 = L_Mnfld: 12.34258 + L_NonMnfld: 17.62816 + L_Nrml: 0.00000 + L_Eknl: 10.59688 + L_Div: 0.00000 + L_Morse: 8.12175
Epoch: 0 [ 880/10000 (9%)] Unweighted L_s : L_Mnfld: 0.00176,  L_NonMnfld: 0.02938,  L_Nrml: 0.00000,  L_Eknl: 0.21194, L_Morse: 0.81218

Weights: [7000.0, 600.0, 0, 50.0, 0.0, 10.0], lr=5.000e-05
Epoch: 0 [ 890/10000 (9%)] Loss: 50.07022 = L_Mnfld: 12.07120 + L_NonMnfld: 19.97279 + L_Nrml: 0.00000 + L_Eknl: 10.34919 + L_Div: 0.00000 + L_Morse: 7.67703
Epoch: 0 [ 890/10000 (9%)] Unweighted L_s : L_Mnfld: 0.00172,  L_NonMnfld: 0.03329,  L_Nrml: 0.00000,  L_Eknl: 0.20698, L_Morse: 0.76770

Weights: [7000.0, 600.0, 0, 50.0, 0.0, 10.0], lr=5.000e-05
Epoch: 0 [ 900/10000 (9%)] Loss: 48.52254 = L_Mnfld: 11.65996 + L_NonMnfld: 18.86228 + L_Nrml: 0.00000 + L_Eknl: 10.26744 + L_Div: 0.00000 + L_Morse: 7.73287
Epoch: 0 [ 900/10000 (9%)] Unweighted L_s : L_Mnfld: 0.00167,  L_NonMnfld: 0.03144,  L_Nrml: 0.00000,  L_Eknl: 0.20535, L_Morse: 0.77329

Weights: [7000.0, 600.0, 0, 50.0, 0.0, 10.0], lr=5.000e-05
Epoch: 0 [ 910/10000 (9%)] Loss: 48.95969 = L_Mnfld: 11.84040 + L_NonMnfld: 18.99446 + L_Nrml: 0.00000 + L_Eknl: 10.13177 + L_Div: 0.00000 + L_Morse: 7.99307
Epoch: 0 [ 910/10000 (9%)] Unweighted L_s : L_Mnfld: 0.00169,  L_NonMnfld: 0.03166,  L_Nrml: 0.00000,  L_Eknl: 0.20264, L_Morse: 0.79931

Weights: [7000.0, 600.0, 0, 50.0, 0.0, 10.0], lr=5.000e-05
Epoch: 0 [ 920/10000 (9%)] Loss: 48.66299 = L_Mnfld: 12.22580 + L_NonMnfld: 18.32651 + L_Nrml: 0.00000 + L_Eknl: 10.13812 + L_Div: 0.00000 + L_Morse: 7.97256
Epoch: 0 [ 920/10000 (9%)] Unweighted L_s : L_Mnfld: 0.00175,  L_NonMnfld: 0.03054,  L_Nrml: 0.00000,  L_Eknl: 0.20276, L_Morse: 0.79726

Weights: [7000.0, 600.0, 0, 50.0, 0.0, 10.0], lr=5.000e-05
Epoch: 0 [ 930/10000 (9%)] Loss: 49.17835 = L_Mnfld: 11.72211 + L_NonMnfld: 19.36049 + L_Nrml: 0.00000 + L_Eknl: 10.12542 + L_Div: 0.00000 + L_Morse: 7.97034
Epoch: 0 [ 930/10000 (9%)] Unweighted L_s : L_Mnfld: 0.00167,  L_NonMnfld: 0.03227,  L_Nrml: 0.00000,  L_Eknl: 0.20251, L_Morse: 0.79703

Weights: [7000.0, 600.0, 0, 50.0, 0.0, 10.0], lr=5.000e-05
Epoch: 0 [ 940/10000 (9%)] Loss: 46.92666 = L_Mnfld: 11.46783 + L_NonMnfld: 17.47888 + L_Nrml: 0.00000 + L_Eknl: 10.00351 + L_Div: 0.00000 + L_Morse: 7.97644
Epoch: 0 [ 940/10000 (9%)] Unweighted L_s : L_Mnfld: 0.00164,  L_NonMnfld: 0.02913,  L_Nrml: 0.00000,  L_Eknl: 0.20007, L_Morse: 0.79764

Weights: [7000.0, 600.0, 0, 50.0, 0.0, 10.0], lr=5.000e-05
Epoch: 0 [ 950/10000 (10%)] Loss: 50.97649 = L_Mnfld: 14.58957 + L_NonMnfld: 18.13794 + L_Nrml: 0.00000 + L_Eknl: 10.09343 + L_Div: 0.00000 + L_Morse: 8.15556
Epoch: 0 [ 950/10000 (10%)] Unweighted L_s : L_Mnfld: 0.00208,  L_NonMnfld: 0.03023,  L_Nrml: 0.00000,  L_Eknl: 0.20187, L_Morse: 0.81556

Weights: [7000.0, 600.0, 0, 50.0, 0.0, 10.0], lr=5.000e-05
Epoch: 0 [ 960/10000 (10%)] Loss: 52.30650 = L_Mnfld: 14.47524 + L_NonMnfld: 19.69925 + L_Nrml: 0.00000 + L_Eknl: 10.10388 + L_Div: 0.00000 + L_Morse: 8.02812
Epoch: 0 [ 960/10000 (10%)] Unweighted L_s : L_Mnfld: 0.00207,  L_NonMnfld: 0.03283,  L_Nrml: 0.00000,  L_Eknl: 0.20208, L_Morse: 0.80281

Weights: [7000.0, 600.0, 0, 50.0, 0.0, 10.0], lr=5.000e-05
Epoch: 0 [ 970/10000 (10%)] Loss: 50.78277 = L_Mnfld: 14.06955 + L_NonMnfld: 18.63279 + L_Nrml: 0.00000 + L_Eknl: 9.96948 + L_Div: 0.00000 + L_Morse: 8.11095
Epoch: 0 [ 970/10000 (10%)] Unweighted L_s : L_Mnfld: 0.00201,  L_NonMnfld: 0.03105,  L_Nrml: 0.00000,  L_Eknl: 0.19939, L_Morse: 0.81110

Weights: [7000.0, 600.0, 0, 50.0, 0.0, 10.0], lr=5.000e-05
Epoch: 0 [ 980/10000 (10%)] Loss: 52.24343 = L_Mnfld: 13.96270 + L_NonMnfld: 20.32395 + L_Nrml: 0.00000 + L_Eknl: 9.97082 + L_Div: 0.00000 + L_Morse: 7.98597
Epoch: 0 [ 980/10000 (10%)] Unweighted L_s : L_Mnfld: 0.00199,  L_NonMnfld: 0.03387,  L_Nrml: 0.00000,  L_Eknl: 0.19942, L_Morse: 0.79860

Weights: [7000.0, 600.0, 0, 50.0, 0.0, 10.0], lr=5.000e-05
Epoch: 0 [ 990/10000 (10%)] Loss: 50.30970 = L_Mnfld: 13.33332 + L_NonMnfld: 18.96079 + L_Nrml: 0.00000 + L_Eknl: 9.80371 + L_Div: 0.00000 + L_Morse: 8.21189
Epoch: 0 [ 990/10000 (10%)] Unweighted L_s : L_Mnfld: 0.00190,  L_NonMnfld: 0.03160,  L_Nrml: 0.00000,  L_Eknl: 0.19607, L_Morse: 0.82119

Weights: [7000.0, 600.0, 0, 50.0, 0.0, 10.0], lr=5.000e-05
Epoch: 0 [1000/10000 (10%)] Loss: 48.02143 = L_Mnfld: 11.52460 + L_NonMnfld: 18.56521 + L_Nrml: 0.00000 + L_Eknl: 9.80531 + L_Div: 0.00000 + L_Morse: 8.12631
Epoch: 0 [1000/10000 (10%)] Unweighted L_s : L_Mnfld: 0.00165,  L_NonMnfld: 0.03094,  L_Nrml: 0.00000,  L_Eknl: 0.19611, L_Morse: 0.81263

Weights: [7000.0, 600.0, 0, 50.0, 0.0, 10.0], lr=5.000e-05
Epoch: 0 [1010/10000 (10%)] Loss: 48.94204 = L_Mnfld: 12.81774 + L_NonMnfld: 18.29706 + L_Nrml: 0.00000 + L_Eknl: 9.77725 + L_Div: 0.00000 + L_Morse: 8.04999
Epoch: 0 [1010/10000 (10%)] Unweighted L_s : L_Mnfld: 0.00183,  L_NonMnfld: 0.03050,  L_Nrml: 0.00000,  L_Eknl: 0.19554, L_Morse: 0.80500

Weights: [7000.0, 600.0, 0, 50.0, 0.0, 10.0], lr=5.000e-05
Epoch: 0 [1020/10000 (10%)] Loss: 49.19727 = L_Mnfld: 12.59682 + L_NonMnfld: 18.96323 + L_Nrml: 0.00000 + L_Eknl: 9.70150 + L_Div: 0.00000 + L_Morse: 7.93572
Epoch: 0 [1020/10000 (10%)] Unweighted L_s : L_Mnfld: 0.00180,  L_NonMnfld: 0.03161,  L_Nrml: 0.00000,  L_Eknl: 0.19403, L_Morse: 0.79357

Weights: [7000.0, 600.0, 0, 50.0, 0.0, 10.0], lr=5.000e-05
Epoch: 0 [1030/10000 (10%)] Loss: 48.36984 = L_Mnfld: 12.07090 + L_NonMnfld: 18.71007 + L_Nrml: 0.00000 + L_Eknl: 9.66178 + L_Div: 0.00000 + L_Morse: 7.92709
Epoch: 0 [1030/10000 (10%)] Unweighted L_s : L_Mnfld: 0.00172,  L_NonMnfld: 0.03118,  L_Nrml: 0.00000,  L_Eknl: 0.19324, L_Morse: 0.79271

Weights: [7000.0, 600.0, 0, 50.0, 0.0, 10.0], lr=5.000e-05
Epoch: 0 [1040/10000 (10%)] Loss: 47.73543 = L_Mnfld: 10.58472 + L_NonMnfld: 19.67779 + L_Nrml: 0.00000 + L_Eknl: 9.76011 + L_Div: 0.00000 + L_Morse: 7.71280
Epoch: 0 [1040/10000 (10%)] Unweighted L_s : L_Mnfld: 0.00151,  L_NonMnfld: 0.03280,  L_Nrml: 0.00000,  L_Eknl: 0.19520, L_Morse: 0.77128

Weights: [7000.0, 600.0, 0, 50.0, 0.0, 10.0], lr=5.000e-05
Epoch: 0 [1050/10000 (10%)] Loss: 48.52796 = L_Mnfld: 11.86915 + L_NonMnfld: 18.95079 + L_Nrml: 0.00000 + L_Eknl: 9.70869 + L_Div: 0.00000 + L_Morse: 7.99933
Epoch: 0 [1050/10000 (10%)] Unweighted L_s : L_Mnfld: 0.00170,  L_NonMnfld: 0.03158,  L_Nrml: 0.00000,  L_Eknl: 0.19417, L_Morse: 0.79993

Weights: [7000.0, 600.0, 0, 50.0, 0.0, 10.0], lr=5.000e-05
Epoch: 0 [1060/10000 (11%)] Loss: 47.30685 = L_Mnfld: 11.13973 + L_NonMnfld: 18.68532 + L_Nrml: 0.00000 + L_Eknl: 9.45031 + L_Div: 0.00000 + L_Morse: 8.03149
Epoch: 0 [1060/10000 (11%)] Unweighted L_s : L_Mnfld: 0.00159,  L_NonMnfld: 0.03114,  L_Nrml: 0.00000,  L_Eknl: 0.18901, L_Morse: 0.80315

Weights: [7000.0, 600.0, 0, 50.0, 0.0, 10.0], lr=5.000e-05
Epoch: 0 [1070/10000 (11%)] Loss: 50.39953 = L_Mnfld: 12.71389 + L_NonMnfld: 20.04177 + L_Nrml: 0.00000 + L_Eknl: 9.57489 + L_Div: 0.00000 + L_Morse: 8.06899
Epoch: 0 [1070/10000 (11%)] Unweighted L_s : L_Mnfld: 0.00182,  L_NonMnfld: 0.03340,  L_Nrml: 0.00000,  L_Eknl: 0.19150, L_Morse: 0.80690

Weights: [7000.0, 600.0, 0, 50.0, 0.0, 10.0], lr=5.000e-05
Epoch: 0 [1080/10000 (11%)] Loss: 47.88872 = L_Mnfld: 12.45571 + L_NonMnfld: 18.24354 + L_Nrml: 0.00000 + L_Eknl: 9.44730 + L_Div: 0.00000 + L_Morse: 7.74218
Epoch: 0 [1080/10000 (11%)] Unweighted L_s : L_Mnfld: 0.00178,  L_NonMnfld: 0.03041,  L_Nrml: 0.00000,  L_Eknl: 0.18895, L_Morse: 0.77422

Weights: [7000.0, 600.0, 0, 50.0, 0.0, 10.0], lr=5.000e-05
Epoch: 0 [1090/10000 (11%)] Loss: 51.00286 = L_Mnfld: 13.62422 + L_NonMnfld: 18.98782 + L_Nrml: 0.00000 + L_Eknl: 9.66769 + L_Div: 0.00000 + L_Morse: 8.72312
Epoch: 0 [1090/10000 (11%)] Unweighted L_s : L_Mnfld: 0.00195,  L_NonMnfld: 0.03165,  L_Nrml: 0.00000,  L_Eknl: 0.19335, L_Morse: 0.87231

Weights: [7000.0, 600.0, 0, 50.0, 0.0, 10.0], lr=5.000e-05
Epoch: 0 [1100/10000 (11%)] Loss: 49.18253 = L_Mnfld: 11.86114 + L_NonMnfld: 19.97606 + L_Nrml: 0.00000 + L_Eknl: 9.33957 + L_Div: 0.00000 + L_Morse: 8.00576
Epoch: 0 [1100/10000 (11%)] Unweighted L_s : L_Mnfld: 0.00169,  L_NonMnfld: 0.03329,  L_Nrml: 0.00000,  L_Eknl: 0.18679, L_Morse: 0.80058

Weights: [7000.0, 600.0, 0, 50.0, 0.0, 10.0], lr=5.000e-05
Epoch: 0 [1110/10000 (11%)] Loss: 47.44387 = L_Mnfld: 11.05311 + L_NonMnfld: 18.77055 + L_Nrml: 0.00000 + L_Eknl: 9.40970 + L_Div: 0.00000 + L_Morse: 8.21051
Epoch: 0 [1110/10000 (11%)] Unweighted L_s : L_Mnfld: 0.00158,  L_NonMnfld: 0.03128,  L_Nrml: 0.00000,  L_Eknl: 0.18819, L_Morse: 0.82105

Weights: [7000.0, 600.0, 0, 50.0, 0.0, 10.0], lr=5.000e-05
Epoch: 0 [1120/10000 (11%)] Loss: 47.22159 = L_Mnfld: 12.14783 + L_NonMnfld: 17.68583 + L_Nrml: 0.00000 + L_Eknl: 9.35179 + L_Div: 0.00000 + L_Morse: 8.03614
Epoch: 0 [1120/10000 (11%)] Unweighted L_s : L_Mnfld: 0.00174,  L_NonMnfld: 0.02948,  L_Nrml: 0.00000,  L_Eknl: 0.18704, L_Morse: 0.80361

Weights: [7000.0, 600.0, 0, 50.0, 0.0, 10.0], lr=5.000e-05
Epoch: 0 [1130/10000 (11%)] Loss: 52.58685 = L_Mnfld: 15.55811 + L_NonMnfld: 18.95467 + L_Nrml: 0.00000 + L_Eknl: 9.30932 + L_Div: 0.00000 + L_Morse: 8.76475
Epoch: 0 [1130/10000 (11%)] Unweighted L_s : L_Mnfld: 0.00222,  L_NonMnfld: 0.03159,  L_Nrml: 0.00000,  L_Eknl: 0.18619, L_Morse: 0.87648

Weights: [7000.0, 600.0, 0, 50.0, 0.0, 10.0], lr=5.000e-05
Epoch: 0 [1140/10000 (11%)] Loss: 50.58680 = L_Mnfld: 13.92645 + L_NonMnfld: 19.29272 + L_Nrml: 0.00000 + L_Eknl: 9.57038 + L_Div: 0.00000 + L_Morse: 7.79725
Epoch: 0 [1140/10000 (11%)] Unweighted L_s : L_Mnfld: 0.00199,  L_NonMnfld: 0.03215,  L_Nrml: 0.00000,  L_Eknl: 0.19141, L_Morse: 0.77972

Weights: [7000.0, 600.0, 0, 50.0, 0.0, 10.0], lr=5.000e-05
Epoch: 0 [1150/10000 (12%)] Loss: 48.75332 = L_Mnfld: 11.79849 + L_NonMnfld: 19.14201 + L_Nrml: 0.00000 + L_Eknl: 9.45381 + L_Div: 0.00000 + L_Morse: 8.35901
Epoch: 0 [1150/10000 (12%)] Unweighted L_s : L_Mnfld: 0.00169,  L_NonMnfld: 0.03190,  L_Nrml: 0.00000,  L_Eknl: 0.18908, L_Morse: 0.83590

Weights: [7000.0, 600.0, 0, 50.0, 0.0, 10.0], lr=5.000e-05
Epoch: 0 [1160/10000 (12%)] Loss: 49.91902 = L_Mnfld: 14.65542 + L_NonMnfld: 17.56818 + L_Nrml: 0.00000 + L_Eknl: 9.47046 + L_Div: 0.00000 + L_Morse: 8.22496
Epoch: 0 [1160/10000 (12%)] Unweighted L_s : L_Mnfld: 0.00209,  L_NonMnfld: 0.02928,  L_Nrml: 0.00000,  L_Eknl: 0.18941, L_Morse: 0.82250

Weights: [7000.0, 600.0, 0, 50.0, 0.0, 10.0], lr=5.000e-05
Epoch: 0 [1170/10000 (12%)] Loss: 50.72234 = L_Mnfld: 13.60136 + L_NonMnfld: 19.51686 + L_Nrml: 0.00000 + L_Eknl: 9.33862 + L_Div: 0.00000 + L_Morse: 8.26550
Epoch: 0 [1170/10000 (12%)] Unweighted L_s : L_Mnfld: 0.00194,  L_NonMnfld: 0.03253,  L_Nrml: 0.00000,  L_Eknl: 0.18677, L_Morse: 0.82655

Weights: [7000.0, 600.0, 0, 50.0, 0.0, 10.0], lr=5.000e-05
Epoch: 0 [1180/10000 (12%)] Loss: 49.69367 = L_Mnfld: 13.06228 + L_NonMnfld: 18.83999 + L_Nrml: 0.00000 + L_Eknl: 9.21753 + L_Div: 0.00000 + L_Morse: 8.57387
Epoch: 0 [1180/10000 (12%)] Unweighted L_s : L_Mnfld: 0.00187,  L_NonMnfld: 0.03140,  L_Nrml: 0.00000,  L_Eknl: 0.18435, L_Morse: 0.85739

Weights: [7000.0, 600.0, 0, 50.0, 0.0, 10.0], lr=5.000e-05
Epoch: 0 [1190/10000 (12%)] Loss: 51.62502 = L_Mnfld: 13.95617 + L_NonMnfld: 19.49339 + L_Nrml: 0.00000 + L_Eknl: 9.40246 + L_Div: 0.00000 + L_Morse: 8.77300
Epoch: 0 [1190/10000 (12%)] Unweighted L_s : L_Mnfld: 0.00199,  L_NonMnfld: 0.03249,  L_Nrml: 0.00000,  L_Eknl: 0.18805, L_Morse: 0.87730

Weights: [7000.0, 600.0, 0, 50.0, 0.0, 10.0], lr=5.000e-05
Epoch: 0 [1200/10000 (12%)] Loss: 48.93087 = L_Mnfld: 12.22000 + L_NonMnfld: 19.01097 + L_Nrml: 0.00000 + L_Eknl: 9.28086 + L_Div: 0.00000 + L_Morse: 8.41904
Epoch: 0 [1200/10000 (12%)] Unweighted L_s : L_Mnfld: 0.00175,  L_NonMnfld: 0.03168,  L_Nrml: 0.00000,  L_Eknl: 0.18562, L_Morse: 0.84190

Weights: [7000.0, 600.0, 0, 50.0, 0.0, 10.0], lr=5.000e-05
Epoch: 0 [1210/10000 (12%)] Loss: 49.51900 = L_Mnfld: 12.96223 + L_NonMnfld: 18.96188 + L_Nrml: 0.00000 + L_Eknl: 9.21935 + L_Div: 0.00000 + L_Morse: 8.37553
Epoch: 0 [1210/10000 (12%)] Unweighted L_s : L_Mnfld: 0.00185,  L_NonMnfld: 0.03160,  L_Nrml: 0.00000,  L_Eknl: 0.18439, L_Morse: 0.83755

Weights: [7000.0, 600.0, 0, 50.0, 0.0, 10.0], lr=5.000e-05
Epoch: 0 [1220/10000 (12%)] Loss: 47.78416 = L_Mnfld: 11.22086 + L_NonMnfld: 19.22858 + L_Nrml: 0.00000 + L_Eknl: 9.23413 + L_Div: 0.00000 + L_Morse: 8.10060
Epoch: 0 [1220/10000 (12%)] Unweighted L_s : L_Mnfld: 0.00160,  L_NonMnfld: 0.03205,  L_Nrml: 0.00000,  L_Eknl: 0.18468, L_Morse: 0.81006

Weights: [7000.0, 600.0, 0, 50.0, 0.0, 10.0], lr=5.000e-05
Epoch: 0 [1230/10000 (12%)] Loss: 45.99925 = L_Mnfld: 11.00725 + L_NonMnfld: 17.91864 + L_Nrml: 0.00000 + L_Eknl: 9.04068 + L_Div: 0.00000 + L_Morse: 8.03268
Epoch: 0 [1230/10000 (12%)] Unweighted L_s : L_Mnfld: 0.00157,  L_NonMnfld: 0.02986,  L_Nrml: 0.00000,  L_Eknl: 0.18081, L_Morse: 0.80327

Weights: [7000.0, 600.0, 0, 50.0, 0.0, 10.0], lr=5.000e-05
Epoch: 0 [1240/10000 (12%)] Loss: 46.03015 = L_Mnfld: 10.81544 + L_NonMnfld: 18.45297 + L_Nrml: 0.00000 + L_Eknl: 8.98770 + L_Div: 0.00000 + L_Morse: 7.77404
Epoch: 0 [1240/10000 (12%)] Unweighted L_s : L_Mnfld: 0.00155,  L_NonMnfld: 0.03075,  L_Nrml: 0.00000,  L_Eknl: 0.17975, L_Morse: 0.77740

Weights: [7000.0, 600.0, 0, 50.0, 0.0, 10.0], lr=5.000e-05
Epoch: 0 [1250/10000 (12%)] Loss: 47.67654 = L_Mnfld: 11.42849 + L_NonMnfld: 19.26964 + L_Nrml: 0.00000 + L_Eknl: 8.95857 + L_Div: 0.00000 + L_Morse: 8.01983
Epoch: 0 [1250/10000 (12%)] Unweighted L_s : L_Mnfld: 0.00163,  L_NonMnfld: 0.03212,  L_Nrml: 0.00000,  L_Eknl: 0.17917, L_Morse: 0.80198

Weights: [7000.0, 600.0, 0, 50.0, 0.0, 10.0], lr=5.000e-05
Epoch: 0 [1260/10000 (13%)] Loss: 45.82611 = L_Mnfld: 10.95644 + L_NonMnfld: 17.97494 + L_Nrml: 0.00000 + L_Eknl: 8.97615 + L_Div: 0.00000 + L_Morse: 7.91858
Epoch: 0 [1260/10000 (13%)] Unweighted L_s : L_Mnfld: 0.00157,  L_NonMnfld: 0.02996,  L_Nrml: 0.00000,  L_Eknl: 0.17952, L_Morse: 0.79186

Weights: [7000.0, 600.0, 0, 50.0, 0.0, 10.0], lr=5.000e-05
Epoch: 0 [1270/10000 (13%)] Loss: 45.84980 = L_Mnfld: 11.43633 + L_NonMnfld: 17.67457 + L_Nrml: 0.00000 + L_Eknl: 8.99216 + L_Div: 0.00000 + L_Morse: 7.74674
Epoch: 0 [1270/10000 (13%)] Unweighted L_s : L_Mnfld: 0.00163,  L_NonMnfld: 0.02946,  L_Nrml: 0.00000,  L_Eknl: 0.17984, L_Morse: 0.77467

Weights: [7000.0, 600.0, 0, 50.0, 0.0, 10.0], lr=5.000e-05
Epoch: 0 [1280/10000 (13%)] Loss: 44.52516 = L_Mnfld: 9.59161 + L_NonMnfld: 18.60285 + L_Nrml: 0.00000 + L_Eknl: 8.76893 + L_Div: 0.00000 + L_Morse: 7.56176
Epoch: 0 [1280/10000 (13%)] Unweighted L_s : L_Mnfld: 0.00137,  L_NonMnfld: 0.03100,  L_Nrml: 0.00000,  L_Eknl: 0.17538, L_Morse: 0.75618

Weights: [7000.0, 600.0, 0, 50.0, 0.0, 10.0], lr=5.000e-05
Epoch: 0 [1290/10000 (13%)] Loss: 45.25771 = L_Mnfld: 11.63082 + L_NonMnfld: 16.77673 + L_Nrml: 0.00000 + L_Eknl: 8.90389 + L_Div: 0.00000 + L_Morse: 7.94627
Epoch: 0 [1290/10000 (13%)] Unweighted L_s : L_Mnfld: 0.00166,  L_NonMnfld: 0.02796,  L_Nrml: 0.00000,  L_Eknl: 0.17808, L_Morse: 0.79463

Weights: [7000.0, 600.0, 0, 50.0, 0.0, 10.0], lr=5.000e-05
Epoch: 0 [1300/10000 (13%)] Loss: 47.02999 = L_Mnfld: 11.27916 + L_NonMnfld: 19.22050 + L_Nrml: 0.00000 + L_Eknl: 8.75707 + L_Div: 0.00000 + L_Morse: 7.77325
Epoch: 0 [1300/10000 (13%)] Unweighted L_s : L_Mnfld: 0.00161,  L_NonMnfld: 0.03203,  L_Nrml: 0.00000,  L_Eknl: 0.17514, L_Morse: 0.77732

Weights: [7000.0, 600.0, 0, 50.0, 0.0, 10.0], lr=5.000e-05
Epoch: 0 [1310/10000 (13%)] Loss: 46.45591 = L_Mnfld: 11.13337 + L_NonMnfld: 18.34616 + L_Nrml: 0.00000 + L_Eknl: 8.81708 + L_Div: 0.00000 + L_Morse: 8.15930
Epoch: 0 [1310/10000 (13%)] Unweighted L_s : L_Mnfld: 0.00159,  L_NonMnfld: 0.03058,  L_Nrml: 0.00000,  L_Eknl: 0.17634, L_Morse: 0.81593

Weights: [7000.0, 600.0, 0, 50.0, 0.0, 10.0], lr=5.000e-05
Epoch: 0 [1320/10000 (13%)] Loss: 45.21725 = L_Mnfld: 10.69441 + L_NonMnfld: 17.58666 + L_Nrml: 0.00000 + L_Eknl: 8.78953 + L_Div: 0.00000 + L_Morse: 8.14665
Epoch: 0 [1320/10000 (13%)] Unweighted L_s : L_Mnfld: 0.00153,  L_NonMnfld: 0.02931,  L_Nrml: 0.00000,  L_Eknl: 0.17579, L_Morse: 0.81467

Weights: [7000.0, 600.0, 0, 50.0, 0.0, 10.0], lr=5.000e-05
Epoch: 0 [1330/10000 (13%)] Loss: 47.16317 = L_Mnfld: 12.44228 + L_NonMnfld: 17.86910 + L_Nrml: 0.00000 + L_Eknl: 8.75111 + L_Div: 0.00000 + L_Morse: 8.10067
Epoch: 0 [1330/10000 (13%)] Unweighted L_s : L_Mnfld: 0.00178,  L_NonMnfld: 0.02978,  L_Nrml: 0.00000,  L_Eknl: 0.17502, L_Morse: 0.81007

Weights: [7000.0, 600.0, 0, 50.0, 0.0, 10.0], lr=5.000e-05
Epoch: 0 [1340/10000 (13%)] Loss: 46.15668 = L_Mnfld: 11.41263 + L_NonMnfld: 18.37364 + L_Nrml: 0.00000 + L_Eknl: 8.72368 + L_Div: 0.00000 + L_Morse: 7.64674
Epoch: 0 [1340/10000 (13%)] Unweighted L_s : L_Mnfld: 0.00163,  L_NonMnfld: 0.03062,  L_Nrml: 0.00000,  L_Eknl: 0.17447, L_Morse: 0.76467

Weights: [7000.0, 600.0, 0, 50.0, 0.0, 10.0], lr=5.000e-05
Epoch: 0 [1350/10000 (14%)] Loss: 46.40284 = L_Mnfld: 10.89707 + L_NonMnfld: 18.92188 + L_Nrml: 0.00000 + L_Eknl: 8.71816 + L_Div: 0.00000 + L_Morse: 7.86572
Epoch: 0 [1350/10000 (14%)] Unweighted L_s : L_Mnfld: 0.00156,  L_NonMnfld: 0.03154,  L_Nrml: 0.00000,  L_Eknl: 0.17436, L_Morse: 0.78657

Weights: [7000.0, 600.0, 0, 50.0, 0.0, 10.0], lr=5.000e-05
Epoch: 0 [1360/10000 (14%)] Loss: 46.11831 = L_Mnfld: 9.93615 + L_NonMnfld: 19.79352 + L_Nrml: 0.00000 + L_Eknl: 9.08430 + L_Div: 0.00000 + L_Morse: 7.30434
Epoch: 0 [1360/10000 (14%)] Unweighted L_s : L_Mnfld: 0.00142,  L_NonMnfld: 0.03299,  L_Nrml: 0.00000,  L_Eknl: 0.18169, L_Morse: 0.73043

Weights: [7000.0, 600.0, 0, 50.0, 0.0, 10.0], lr=5.000e-05
Epoch: 0 [1370/10000 (14%)] Loss: 48.64555 = L_Mnfld: 13.35308 + L_NonMnfld: 18.63364 + L_Nrml: 0.00000 + L_Eknl: 8.85822 + L_Div: 0.00000 + L_Morse: 7.80060
Epoch: 0 [1370/10000 (14%)] Unweighted L_s : L_Mnfld: 0.00191,  L_NonMnfld: 0.03106,  L_Nrml: 0.00000,  L_Eknl: 0.17716, L_Morse: 0.78006

Weights: [7000.0, 600.0, 0, 50.0, 0.0, 10.0], lr=5.000e-05
Epoch: 0 [1380/10000 (14%)] Loss: 46.96156 = L_Mnfld: 12.73040 + L_NonMnfld: 17.41505 + L_Nrml: 0.00000 + L_Eknl: 8.97109 + L_Div: 0.00000 + L_Morse: 7.84503
Epoch: 0 [1380/10000 (14%)] Unweighted L_s : L_Mnfld: 0.00182,  L_NonMnfld: 0.02903,  L_Nrml: 0.00000,  L_Eknl: 0.17942, L_Morse: 0.78450

Weights: [7000.0, 600.0, 0, 50.0, 0.0, 10.0], lr=5.000e-05
Epoch: 0 [1390/10000 (14%)] Loss: 44.23091 = L_Mnfld: 10.11890 + L_NonMnfld: 17.49112 + L_Nrml: 0.00000 + L_Eknl: 8.60268 + L_Div: 0.00000 + L_Morse: 8.01820
Epoch: 0 [1390/10000 (14%)] Unweighted L_s : L_Mnfld: 0.00145,  L_NonMnfld: 0.02915,  L_Nrml: 0.00000,  L_Eknl: 0.17205, L_Morse: 0.80182

Weights: [7000.0, 600.0, 0, 50.0, 0.0, 10.0], lr=5.000e-05
Epoch: 0 [1400/10000 (14%)] Loss: 46.38446 = L_Mnfld: 11.16978 + L_NonMnfld: 18.46387 + L_Nrml: 0.00000 + L_Eknl: 8.65121 + L_Div: 0.00000 + L_Morse: 8.09959
Epoch: 0 [1400/10000 (14%)] Unweighted L_s : L_Mnfld: 0.00160,  L_NonMnfld: 0.03077,  L_Nrml: 0.00000,  L_Eknl: 0.17302, L_Morse: 0.80996

Weights: [7000.0, 600.0, 0, 50.0, 0.0, 10.0], lr=5.000e-05
Epoch: 0 [1410/10000 (14%)] Loss: 48.77636 = L_Mnfld: 13.63885 + L_NonMnfld: 17.93347 + L_Nrml: 0.00000 + L_Eknl: 8.78926 + L_Div: 0.00000 + L_Morse: 8.41478
Epoch: 0 [1410/10000 (14%)] Unweighted L_s : L_Mnfld: 0.00195,  L_NonMnfld: 0.02989,  L_Nrml: 0.00000,  L_Eknl: 0.17579, L_Morse: 0.84148

Weights: [7000.0, 600.0, 0, 50.0, 0.0, 10.0], lr=5.000e-05
Epoch: 0 [1420/10000 (14%)] Loss: 50.73170 = L_Mnfld: 15.21811 + L_NonMnfld: 18.47775 + L_Nrml: 0.00000 + L_Eknl: 9.22616 + L_Div: 0.00000 + L_Morse: 7.80969
Epoch: 0 [1420/10000 (14%)] Unweighted L_s : L_Mnfld: 0.00217,  L_NonMnfld: 0.03080,  L_Nrml: 0.00000,  L_Eknl: 0.18452, L_Morse: 0.78097

Weights: [7000.0, 600.0, 0, 50.0, 0.0, 10.0], lr=5.000e-05
Epoch: 0 [1430/10000 (14%)] Loss: 53.15027 = L_Mnfld: 15.83386 + L_NonMnfld: 19.78445 + L_Nrml: 0.00000 + L_Eknl: 8.92250 + L_Div: 0.00000 + L_Morse: 8.60946
Epoch: 0 [1430/10000 (14%)] Unweighted L_s : L_Mnfld: 0.00226,  L_NonMnfld: 0.03297,  L_Nrml: 0.00000,  L_Eknl: 0.17845, L_Morse: 0.86095

Weights: [7000.0, 600.0, 0, 50.0, 0.0, 10.0], lr=5.000e-05
Epoch: 0 [1440/10000 (14%)] Loss: 56.72559 = L_Mnfld: 20.51146 + L_NonMnfld: 18.32913 + L_Nrml: 0.00000 + L_Eknl: 9.13628 + L_Div: 0.00000 + L_Morse: 8.74872
Epoch: 0 [1440/10000 (14%)] Unweighted L_s : L_Mnfld: 0.00293,  L_NonMnfld: 0.03055,  L_Nrml: 0.00000,  L_Eknl: 0.18273, L_Morse: 0.87487

Weights: [7000.0, 600.0, 0, 50.0, 0.0, 10.0], lr=5.000e-05
Epoch: 0 [1450/10000 (14%)] Loss: 64.58802 = L_Mnfld: 26.15299 + L_NonMnfld: 18.34370 + L_Nrml: 0.00000 + L_Eknl: 9.73171 + L_Div: 0.00000 + L_Morse: 10.35962
Epoch: 0 [1450/10000 (14%)] Unweighted L_s : L_Mnfld: 0.00374,  L_NonMnfld: 0.03057,  L_Nrml: 0.00000,  L_Eknl: 0.19463, L_Morse: 1.03596

Weights: [7000.0, 600.0, 0, 50.0, 0.0, 10.0], lr=5.000e-05
Epoch: 0 [1460/10000 (15%)] Loss: 82.12889 = L_Mnfld: 35.82657 + L_NonMnfld: 21.48147 + L_Nrml: 0.00000 + L_Eknl: 11.67991 + L_Div: 0.00000 + L_Morse: 13.14094
Epoch: 0 [1460/10000 (15%)] Unweighted L_s : L_Mnfld: 0.00512,  L_NonMnfld: 0.03580,  L_Nrml: 0.00000,  L_Eknl: 0.23360, L_Morse: 1.31409

Weights: [7000.0, 600.0, 0, 50.0, 0.0, 10.0], lr=5.000e-05
Epoch: 0 [1470/10000 (15%)] Loss: 65.66750 = L_Mnfld: 22.98866 + L_NonMnfld: 20.03288 + L_Nrml: 0.00000 + L_Eknl: 11.85702 + L_Div: 0.00000 + L_Morse: 10.78894
Epoch: 0 [1470/10000 (15%)] Unweighted L_s : L_Mnfld: 0.00328,  L_NonMnfld: 0.03339,  L_Nrml: 0.00000,  L_Eknl: 0.23714, L_Morse: 1.07889

Weights: [7000.0, 600.0, 0, 50.0, 0.0, 10.0], lr=5.000e-05
Epoch: 0 [1480/10000 (15%)] Loss: 77.54034 = L_Mnfld: 36.46547 + L_NonMnfld: 18.35115 + L_Nrml: 0.00000 + L_Eknl: 10.63410 + L_Div: 0.00000 + L_Morse: 12.08962
Epoch: 0 [1480/10000 (15%)] Unweighted L_s : L_Mnfld: 0.00521,  L_NonMnfld: 0.03059,  L_Nrml: 0.00000,  L_Eknl: 0.21268, L_Morse: 1.20896

Weights: [7000.0, 600.0, 0, 50.0, 0.0, 10.0], lr=5.000e-05
Epoch: 0 [1490/10000 (15%)] Loss: 82.58200 = L_Mnfld: 38.49268 + L_NonMnfld: 18.86571 + L_Nrml: 0.00000 + L_Eknl: 11.37976 + L_Div: 0.00000 + L_Morse: 13.84385
Epoch: 0 [1490/10000 (15%)] Unweighted L_s : L_Mnfld: 0.00550,  L_NonMnfld: 0.03144,  L_Nrml: 0.00000,  L_Eknl: 0.22760, L_Morse: 1.38438

Weights: [7000.0, 600.0, 0, 50.0, 0.0, 10.0], lr=5.000e-05
Epoch: 0 [1500/10000 (15%)] Loss: 77.83717 = L_Mnfld: 34.47938 + L_NonMnfld: 20.48801 + L_Nrml: 0.00000 + L_Eknl: 12.21097 + L_Div: 0.00000 + L_Morse: 10.65880
Epoch: 0 [1500/10000 (15%)] Unweighted L_s : L_Mnfld: 0.00493,  L_NonMnfld: 0.03415,  L_Nrml: 0.00000,  L_Eknl: 0.24422, L_Morse: 1.06588

Weights: [7000.0, 600.0, 0, 50.0, 0.0, 10.0], lr=5.000e-05
Epoch: 0 [1510/10000 (15%)] Loss: 67.30317 = L_Mnfld: 25.13974 + L_NonMnfld: 19.75627 + L_Nrml: 0.00000 + L_Eknl: 11.25436 + L_Div: 0.00000 + L_Morse: 11.15281
Epoch: 0 [1510/10000 (15%)] Unweighted L_s : L_Mnfld: 0.00359,  L_NonMnfld: 0.03293,  L_Nrml: 0.00000,  L_Eknl: 0.22509, L_Morse: 1.11528

Weights: [7000.0, 600.0, 0, 50.0, 0.0, 10.0], lr=5.000e-05
Epoch: 0 [1520/10000 (15%)] Loss: 66.72550 = L_Mnfld: 25.38746 + L_NonMnfld: 19.07921 + L_Nrml: 0.00000 + L_Eknl: 11.39849 + L_Div: 0.00000 + L_Morse: 10.86033
Epoch: 0 [1520/10000 (15%)] Unweighted L_s : L_Mnfld: 0.00363,  L_NonMnfld: 0.03180,  L_Nrml: 0.00000,  L_Eknl: 0.22797, L_Morse: 1.08603

Weights: [7000.0, 600.0, 0, 50.0, 0.0, 10.0], lr=5.000e-05
Epoch: 0 [1530/10000 (15%)] Loss: 66.73501 = L_Mnfld: 25.60922 + L_NonMnfld: 18.88614 + L_Nrml: 0.00000 + L_Eknl: 11.73302 + L_Div: 0.00000 + L_Morse: 10.50662
Epoch: 0 [1530/10000 (15%)] Unweighted L_s : L_Mnfld: 0.00366,  L_NonMnfld: 0.03148,  L_Nrml: 0.00000,  L_Eknl: 0.23466, L_Morse: 1.05066

Weights: [7000.0, 600.0, 0, 50.0, 0.0, 10.0], lr=5.000e-05
Epoch: 0 [1540/10000 (15%)] Loss: 57.96883 = L_Mnfld: 18.93720 + L_NonMnfld: 18.32980 + L_Nrml: 0.00000 + L_Eknl: 10.90201 + L_Div: 0.00000 + L_Morse: 9.79982
Epoch: 0 [1540/10000 (15%)] Unweighted L_s : L_Mnfld: 0.00271,  L_NonMnfld: 0.03055,  L_Nrml: 0.00000,  L_Eknl: 0.21804, L_Morse: 0.97998

Weights: [7000.0, 600.0, 0, 50.0, 0.0, 10.0], lr=5.000e-05
Epoch: 0 [1550/10000 (16%)] Loss: 51.63143 = L_Mnfld: 13.78982 + L_NonMnfld: 19.39722 + L_Nrml: 0.00000 + L_Eknl: 10.26195 + L_Div: 0.00000 + L_Morse: 8.18244
Epoch: 0 [1550/10000 (16%)] Unweighted L_s : L_Mnfld: 0.00197,  L_NonMnfld: 0.03233,  L_Nrml: 0.00000,  L_Eknl: 0.20524, L_Morse: 0.81824

Weights: [7000.0, 600.0, 0, 50.0, 0.0, 10.0], lr=5.000e-05
Epoch: 0 [1560/10000 (16%)] Loss: 48.20874 = L_Mnfld: 12.51820 + L_NonMnfld: 17.61673 + L_Nrml: 0.00000 + L_Eknl: 10.05858 + L_Div: 0.00000 + L_Morse: 8.01523
Epoch: 0 [1560/10000 (16%)] Unweighted L_s : L_Mnfld: 0.00179,  L_NonMnfld: 0.02936,  L_Nrml: 0.00000,  L_Eknl: 0.20117, L_Morse: 0.80152

Weights: [7000.0, 600.0, 0, 50.0, 0.0, 10.0], lr=5.000e-05
Epoch: 0 [1570/10000 (16%)] Loss: 48.81229 = L_Mnfld: 11.76100 + L_NonMnfld: 19.77651 + L_Nrml: 0.00000 + L_Eknl: 10.00518 + L_Div: 0.00000 + L_Morse: 7.26960
Epoch: 0 [1570/10000 (16%)] Unweighted L_s : L_Mnfld: 0.00168,  L_NonMnfld: 0.03296,  L_Nrml: 0.00000,  L_Eknl: 0.20010, L_Morse: 0.72696

Weights: [7000.0, 600.0, 0, 50.0, 0.0, 10.0], lr=5.000e-05
Epoch: 0 [1580/10000 (16%)] Loss: 46.32933 = L_Mnfld: 9.98576 + L_NonMnfld: 19.58663 + L_Nrml: 0.00000 + L_Eknl: 9.50159 + L_Div: 0.00000 + L_Morse: 7.25535
Epoch: 0 [1580/10000 (16%)] Unweighted L_s : L_Mnfld: 0.00143,  L_NonMnfld: 0.03264,  L_Nrml: 0.00000,  L_Eknl: 0.19003, L_Morse: 0.72554

Weights: [7000.0, 600.0, 0, 50.0, 0.0, 10.0], lr=5.000e-05
Epoch: 0 [1590/10000 (16%)] Loss: 46.69188 = L_Mnfld: 9.50111 + L_NonMnfld: 20.40713 + L_Nrml: 0.00000 + L_Eknl: 9.37110 + L_Div: 0.00000 + L_Morse: 7.41254
Epoch: 0 [1590/10000 (16%)] Unweighted L_s : L_Mnfld: 0.00136,  L_NonMnfld: 0.03401,  L_Nrml: 0.00000,  L_Eknl: 0.18742, L_Morse: 0.74125

Weights: [7000.0, 600.0, 0, 50.0, 0.0, 10.0], lr=5.000e-05
Epoch: 0 [1600/10000 (16%)] Loss: 44.84477 = L_Mnfld: 9.36700 + L_NonMnfld: 19.20620 + L_Nrml: 0.00000 + L_Eknl: 9.21932 + L_Div: 0.00000 + L_Morse: 7.05225
Epoch: 0 [1600/10000 (16%)] Unweighted L_s : L_Mnfld: 0.00134,  L_NonMnfld: 0.03201,  L_Nrml: 0.00000,  L_Eknl: 0.18439, L_Morse: 0.70522

Weights: [7000.0, 600.0, 0, 50.0, 0.0, 10.0], lr=5.000e-05
Epoch: 0 [1610/10000 (16%)] Loss: 43.02664 = L_Mnfld: 9.07283 + L_NonMnfld: 17.87526 + L_Nrml: 0.00000 + L_Eknl: 9.14414 + L_Div: 0.00000 + L_Morse: 6.93441
Epoch: 0 [1610/10000 (16%)] Unweighted L_s : L_Mnfld: 0.00130,  L_NonMnfld: 0.02979,  L_Nrml: 0.00000,  L_Eknl: 0.18288, L_Morse: 0.69344

Weights: [7000.0, 600.0, 0, 50.0, 0.0, 10.0], lr=5.000e-05
Epoch: 0 [1620/10000 (16%)] Loss: 42.87861 = L_Mnfld: 8.95097 + L_NonMnfld: 17.49473 + L_Nrml: 0.00000 + L_Eknl: 9.12441 + L_Div: 0.00000 + L_Morse: 7.30850
Epoch: 0 [1620/10000 (16%)] Unweighted L_s : L_Mnfld: 0.00128,  L_NonMnfld: 0.02916,  L_Nrml: 0.00000,  L_Eknl: 0.18249, L_Morse: 0.73085

Weights: [7000.0, 600.0, 0, 50.0, 0.0, 10.0], lr=5.000e-05
Epoch: 0 [1630/10000 (16%)] Loss: 43.26728 = L_Mnfld: 8.84877 + L_NonMnfld: 18.33848 + L_Nrml: 0.00000 + L_Eknl: 9.08408 + L_Div: 0.00000 + L_Morse: 6.99594
Epoch: 0 [1630/10000 (16%)] Unweighted L_s : L_Mnfld: 0.00126,  L_NonMnfld: 0.03056,  L_Nrml: 0.00000,  L_Eknl: 0.18168, L_Morse: 0.69959

Weights: [7000.0, 600.0, 0, 50.0, 0.0, 10.0], lr=5.000e-05
Epoch: 0 [1640/10000 (16%)] Loss: 43.16446 = L_Mnfld: 9.58668 + L_NonMnfld: 17.33436 + L_Nrml: 0.00000 + L_Eknl: 8.96977 + L_Div: 0.00000 + L_Morse: 7.27364
Epoch: 0 [1640/10000 (16%)] Unweighted L_s : L_Mnfld: 0.00137,  L_NonMnfld: 0.02889,  L_Nrml: 0.00000,  L_Eknl: 0.17940, L_Morse: 0.72736

Weights: [7000.0, 600.0, 0, 50.0, 0.0, 10.0], lr=5.000e-05
Epoch: 0 [1650/10000 (16%)] Loss: 42.21146 = L_Mnfld: 8.11729 + L_NonMnfld: 18.17334 + L_Nrml: 0.00000 + L_Eknl: 8.96190 + L_Div: 0.00000 + L_Morse: 6.95893
Epoch: 0 [1650/10000 (16%)] Unweighted L_s : L_Mnfld: 0.00116,  L_NonMnfld: 0.03029,  L_Nrml: 0.00000,  L_Eknl: 0.17924, L_Morse: 0.69589

Weights: [7000.0, 600.0, 0, 50.0, 0.0, 10.0], lr=5.000e-05
Epoch: 0 [1660/10000 (17%)] Loss: 43.80131 = L_Mnfld: 10.17977 + L_NonMnfld: 17.73968 + L_Nrml: 0.00000 + L_Eknl: 8.97151 + L_Div: 0.00000 + L_Morse: 6.91035
Epoch: 0 [1660/10000 (17%)] Unweighted L_s : L_Mnfld: 0.00145,  L_NonMnfld: 0.02957,  L_Nrml: 0.00000,  L_Eknl: 0.17943, L_Morse: 0.69103

Weights: [7000.0, 600.0, 0, 50.0, 0.0, 10.0], lr=5.000e-05
Epoch: 0 [1670/10000 (17%)] Loss: 42.75485 = L_Mnfld: 8.46416 + L_NonMnfld: 18.56983 + L_Nrml: 0.00000 + L_Eknl: 8.81129 + L_Div: 0.00000 + L_Morse: 6.90956
Epoch: 0 [1670/10000 (17%)] Unweighted L_s : L_Mnfld: 0.00121,  L_NonMnfld: 0.03095,  L_Nrml: 0.00000,  L_Eknl: 0.17623, L_Morse: 0.69096

Weights: [7000.0, 600.0, 0, 50.0, 0.0, 10.0], lr=5.000e-05
Epoch: 0 [1680/10000 (17%)] Loss: 43.17439 = L_Mnfld: 9.14085 + L_NonMnfld: 18.04403 + L_Nrml: 0.00000 + L_Eknl: 8.91314 + L_Div: 0.00000 + L_Morse: 7.07637
Epoch: 0 [1680/10000 (17%)] Unweighted L_s : L_Mnfld: 0.00131,  L_NonMnfld: 0.03007,  L_Nrml: 0.00000,  L_Eknl: 0.17826, L_Morse: 0.70764

Weights: [7000.0, 600.0, 0, 50.0, 0.0, 10.0], lr=5.000e-05
Epoch: 0 [1690/10000 (17%)] Loss: 42.43624 = L_Mnfld: 8.13704 + L_NonMnfld: 18.40426 + L_Nrml: 0.00000 + L_Eknl: 8.89410 + L_Div: 0.00000 + L_Morse: 7.00084
Epoch: 0 [1690/10000 (17%)] Unweighted L_s : L_Mnfld: 0.00116,  L_NonMnfld: 0.03067,  L_Nrml: 0.00000,  L_Eknl: 0.17788, L_Morse: 0.70008

Weights: [7000.0, 600.0, 0, 50.0, 0.0, 10.0], lr=5.000e-05
Epoch: 0 [1700/10000 (17%)] Loss: 41.72312 = L_Mnfld: 8.24846 + L_NonMnfld: 17.36984 + L_Nrml: 0.00000 + L_Eknl: 8.88208 + L_Div: 0.00000 + L_Morse: 7.22274
Epoch: 0 [1700/10000 (17%)] Unweighted L_s : L_Mnfld: 0.00118,  L_NonMnfld: 0.02895,  L_Nrml: 0.00000,  L_Eknl: 0.17764, L_Morse: 0.72227

Weights: [7000.0, 600.0, 0, 50.0, 0.0, 10.0], lr=5.000e-05
Epoch: 0 [1710/10000 (17%)] Loss: 42.32761 = L_Mnfld: 8.39250 + L_NonMnfld: 18.25574 + L_Nrml: 0.00000 + L_Eknl: 8.84096 + L_Div: 0.00000 + L_Morse: 6.83841
Epoch: 0 [1710/10000 (17%)] Unweighted L_s : L_Mnfld: 0.00120,  L_NonMnfld: 0.03043,  L_Nrml: 0.00000,  L_Eknl: 0.17682, L_Morse: 0.68384

Weights: [7000.0, 600.0, 0, 50.0, 0.0, 10.0], lr=5.000e-05
Epoch: 0 [1720/10000 (17%)] Loss: 42.57252 = L_Mnfld: 9.62931 + L_NonMnfld: 17.01252 + L_Nrml: 0.00000 + L_Eknl: 8.63998 + L_Div: 0.00000 + L_Morse: 7.29070
Epoch: 0 [1720/10000 (17%)] Unweighted L_s : L_Mnfld: 0.00138,  L_NonMnfld: 0.02835,  L_Nrml: 0.00000,  L_Eknl: 0.17280, L_Morse: 0.72907

Weights: [7000.0, 600.0, 0, 50.0, 0.0, 10.0], lr=5.000e-05
Epoch: 0 [1730/10000 (17%)] Loss: 43.32851 = L_Mnfld: 9.00545 + L_NonMnfld: 18.91154 + L_Nrml: 0.00000 + L_Eknl: 8.47752 + L_Div: 0.00000 + L_Morse: 6.93401
Epoch: 0 [1730/10000 (17%)] Unweighted L_s : L_Mnfld: 0.00129,  L_NonMnfld: 0.03152,  L_Nrml: 0.00000,  L_Eknl: 0.16955, L_Morse: 0.69340

Weights: [7000.0, 600.0, 0, 50.0, 0.0, 10.0], lr=5.000e-05
Epoch: 0 [1740/10000 (17%)] Loss: 41.36539 = L_Mnfld: 8.44911 + L_NonMnfld: 17.17516 + L_Nrml: 0.00000 + L_Eknl: 8.52433 + L_Div: 0.00000 + L_Morse: 7.21678
Epoch: 0 [1740/10000 (17%)] Unweighted L_s : L_Mnfld: 0.00121,  L_NonMnfld: 0.02863,  L_Nrml: 0.00000,  L_Eknl: 0.17049, L_Morse: 0.72168

Weights: [7000.0, 600.0, 0, 50.0, 0.0, 10.0], lr=5.000e-05
Epoch: 0 [1750/10000 (18%)] Loss: 42.87091 = L_Mnfld: 9.15016 + L_NonMnfld: 18.15180 + L_Nrml: 0.00000 + L_Eknl: 8.53912 + L_Div: 0.00000 + L_Morse: 7.02983
Epoch: 0 [1750/10000 (18%)] Unweighted L_s : L_Mnfld: 0.00131,  L_NonMnfld: 0.03025,  L_Nrml: 0.00000,  L_Eknl: 0.17078, L_Morse: 0.70298

Weights: [7000.0, 600.0, 0, 50.0, 0.0, 10.0], lr=5.000e-05
Epoch: 0 [1760/10000 (18%)] Loss: 41.34315 = L_Mnfld: 8.65457 + L_NonMnfld: 17.21266 + L_Nrml: 0.00000 + L_Eknl: 8.41897 + L_Div: 0.00000 + L_Morse: 7.05694
Epoch: 0 [1760/10000 (18%)] Unweighted L_s : L_Mnfld: 0.00124,  L_NonMnfld: 0.02869,  L_Nrml: 0.00000,  L_Eknl: 0.16838, L_Morse: 0.70569

Weights: [7000.0, 600.0, 0, 50.0, 0.0, 10.0], lr=5.000e-05
Epoch: 0 [1770/10000 (18%)] Loss: 42.48850 = L_Mnfld: 8.40459 + L_NonMnfld: 18.65588 + L_Nrml: 0.00000 + L_Eknl: 8.49077 + L_Div: 0.00000 + L_Morse: 6.93726
Epoch: 0 [1770/10000 (18%)] Unweighted L_s : L_Mnfld: 0.00120,  L_NonMnfld: 0.03109,  L_Nrml: 0.00000,  L_Eknl: 0.16982, L_Morse: 0.69373

Weights: [7000.0, 600.0, 0, 50.0, 0.0, 10.0], lr=5.000e-05
Epoch: 0 [1780/10000 (18%)] Loss: 40.59967 = L_Mnfld: 8.16618 + L_NonMnfld: 16.93887 + L_Nrml: 0.00000 + L_Eknl: 8.39382 + L_Div: 0.00000 + L_Morse: 7.10080
Epoch: 0 [1780/10000 (18%)] Unweighted L_s : L_Mnfld: 0.00117,  L_NonMnfld: 0.02823,  L_Nrml: 0.00000,  L_Eknl: 0.16788, L_Morse: 0.71008

Weights: [7000.0, 600.0, 0, 50.0, 0.0, 10.0], lr=5.000e-05
Epoch: 0 [1790/10000 (18%)] Loss: 43.08930 = L_Mnfld: 8.28716 + L_NonMnfld: 18.75757 + L_Nrml: 0.00000 + L_Eknl: 8.81453 + L_Div: 0.00000 + L_Morse: 7.23004
Epoch: 0 [1790/10000 (18%)] Unweighted L_s : L_Mnfld: 0.00118,  L_NonMnfld: 0.03126,  L_Nrml: 0.00000,  L_Eknl: 0.17629, L_Morse: 0.72300

Weights: [7000.0, 600.0, 0, 50.0, 0.0, 10.0], lr=5.000e-05
Epoch: 0 [1800/10000 (18%)] Loss: 42.38968 = L_Mnfld: 8.46342 + L_NonMnfld: 18.58774 + L_Nrml: 0.00000 + L_Eknl: 8.47983 + L_Div: 0.00000 + L_Morse: 6.85869
Epoch: 0 [1800/10000 (18%)] Unweighted L_s : L_Mnfld: 0.00121,  L_NonMnfld: 0.03098,  L_Nrml: 0.00000,  L_Eknl: 0.16960, L_Morse: 0.68587

Weights: [7000.0, 600.0, 0, 50.0, 0.0, 10.0], lr=5.000e-05
Epoch: 0 [1810/10000 (18%)] Loss: 40.78909 = L_Mnfld: 7.80017 + L_NonMnfld: 17.82041 + L_Nrml: 0.00000 + L_Eknl: 8.33466 + L_Div: 0.00000 + L_Morse: 6.83385
Epoch: 0 [1810/10000 (18%)] Unweighted L_s : L_Mnfld: 0.00111,  L_NonMnfld: 0.02970,  L_Nrml: 0.00000,  L_Eknl: 0.16669, L_Morse: 0.68338

Weights: [7000.0, 600.0, 0, 50.0, 0.0, 10.0], lr=5.000e-05
Epoch: 0 [1820/10000 (18%)] Loss: 41.58696 = L_Mnfld: 8.53782 + L_NonMnfld: 17.94482 + L_Nrml: 0.00000 + L_Eknl: 8.29746 + L_Div: 0.00000 + L_Morse: 6.80686
Epoch: 0 [1820/10000 (18%)] Unweighted L_s : L_Mnfld: 0.00122,  L_NonMnfld: 0.02991,  L_Nrml: 0.00000,  L_Eknl: 0.16595, L_Morse: 0.68069

Weights: [7000.0, 600.0, 0, 50.0, 0.0, 10.0], lr=5.000e-05
Epoch: 0 [1830/10000 (18%)] Loss: 40.39413 = L_Mnfld: 7.01042 + L_NonMnfld: 18.00471 + L_Nrml: 0.00000 + L_Eknl: 8.25573 + L_Div: 0.00000 + L_Morse: 7.12327
Epoch: 0 [1830/10000 (18%)] Unweighted L_s : L_Mnfld: 0.00100,  L_NonMnfld: 0.03001,  L_Nrml: 0.00000,  L_Eknl: 0.16511, L_Morse: 0.71233

Weights: [7000.0, 600.0, 0, 50.0, 0.0, 10.0], lr=5.000e-05
Epoch: 0 [1840/10000 (18%)] Loss: 43.23667 = L_Mnfld: 9.84810 + L_NonMnfld: 17.69477 + L_Nrml: 0.00000 + L_Eknl: 8.51348 + L_Div: 0.00000 + L_Morse: 7.18032
Epoch: 0 [1840/10000 (18%)] Unweighted L_s : L_Mnfld: 0.00141,  L_NonMnfld: 0.02949,  L_Nrml: 0.00000,  L_Eknl: 0.17027, L_Morse: 0.71803

Weights: [7000.0, 600.0, 0, 50.0, 0.0, 10.0], lr=5.000e-05
Epoch: 0 [1850/10000 (18%)] Loss: 41.51596 = L_Mnfld: 8.62255 + L_NonMnfld: 17.39408 + L_Nrml: 0.00000 + L_Eknl: 8.31260 + L_Div: 0.00000 + L_Morse: 7.18672
Epoch: 0 [1850/10000 (18%)] Unweighted L_s : L_Mnfld: 0.00123,  L_NonMnfld: 0.02899,  L_Nrml: 0.00000,  L_Eknl: 0.16625, L_Morse: 0.71867

Weights: [7000.0, 600.0, 0, 50.0, 0.0, 10.0], lr=5.000e-05
Epoch: 0 [1860/10000 (19%)] Loss: 40.95649 = L_Mnfld: 7.82255 + L_NonMnfld: 18.02624 + L_Nrml: 0.00000 + L_Eknl: 8.15188 + L_Div: 0.00000 + L_Morse: 6.95583
Epoch: 0 [1860/10000 (19%)] Unweighted L_s : L_Mnfld: 0.00112,  L_NonMnfld: 0.03004,  L_Nrml: 0.00000,  L_Eknl: 0.16304, L_Morse: 0.69558

Weights: [7000.0, 600.0, 0, 50.0, 0.0, 10.0], lr=5.000e-05
Epoch: 0 [1870/10000 (19%)] Loss: 42.23331 = L_Mnfld: 8.95053 + L_NonMnfld: 17.94356 + L_Nrml: 0.00000 + L_Eknl: 8.48917 + L_Div: 0.00000 + L_Morse: 6.85006
Epoch: 0 [1870/10000 (19%)] Unweighted L_s : L_Mnfld: 0.00128,  L_NonMnfld: 0.02991,  L_Nrml: 0.00000,  L_Eknl: 0.16978, L_Morse: 0.68501

Weights: [7000.0, 600.0, 0, 50.0, 0.0, 10.0], lr=5.000e-05
Epoch: 0 [1880/10000 (19%)] Loss: 43.28782 = L_Mnfld: 9.15604 + L_NonMnfld: 18.39089 + L_Nrml: 0.00000 + L_Eknl: 8.42767 + L_Div: 0.00000 + L_Morse: 7.31322
Epoch: 0 [1880/10000 (19%)] Unweighted L_s : L_Mnfld: 0.00131,  L_NonMnfld: 0.03065,  L_Nrml: 0.00000,  L_Eknl: 0.16855, L_Morse: 0.73132

Weights: [7000.0, 600.0, 0, 50.0, 0.0, 10.0], lr=5.000e-05
Epoch: 0 [1890/10000 (19%)] Loss: 42.07520 = L_Mnfld: 8.34150 + L_NonMnfld: 18.25275 + L_Nrml: 0.00000 + L_Eknl: 8.29020 + L_Div: 0.00000 + L_Morse: 7.19075
Epoch: 0 [1890/10000 (19%)] Unweighted L_s : L_Mnfld: 0.00119,  L_NonMnfld: 0.03042,  L_Nrml: 0.00000,  L_Eknl: 0.16580, L_Morse: 0.71907

Weights: [7000.0, 600.0, 0, 50.0, 0.0, 10.0], lr=5.000e-05
Epoch: 0 [1900/10000 (19%)] Loss: 43.21347 = L_Mnfld: 9.51519 + L_NonMnfld: 18.66819 + L_Nrml: 0.00000 + L_Eknl: 8.35897 + L_Div: 0.00000 + L_Morse: 6.67113
Epoch: 0 [1900/10000 (19%)] Unweighted L_s : L_Mnfld: 0.00136,  L_NonMnfld: 0.03111,  L_Nrml: 0.00000,  L_Eknl: 0.16718, L_Morse: 0.66711

Weights: [7000.0, 600.0, 0, 50.0, 0.0, 10.0], lr=5.000e-05
Epoch: 0 [1910/10000 (19%)] Loss: 42.34753 = L_Mnfld: 9.13781 + L_NonMnfld: 18.00342 + L_Nrml: 0.00000 + L_Eknl: 8.49526 + L_Div: 0.00000 + L_Morse: 6.71103
Epoch: 0 [1910/10000 (19%)] Unweighted L_s : L_Mnfld: 0.00131,  L_NonMnfld: 0.03001,  L_Nrml: 0.00000,  L_Eknl: 0.16991, L_Morse: 0.67110

Weights: [7000.0, 600.0, 0, 50.0, 0.0, 10.0], lr=5.000e-05
Epoch: 0 [1920/10000 (19%)] Loss: 43.05542 = L_Mnfld: 10.10909 + L_NonMnfld: 17.31000 + L_Nrml: 0.00000 + L_Eknl: 8.50546 + L_Div: 0.00000 + L_Morse: 7.13089
Epoch: 0 [1920/10000 (19%)] Unweighted L_s : L_Mnfld: 0.00144,  L_NonMnfld: 0.02885,  L_Nrml: 0.00000,  L_Eknl: 0.17011, L_Morse: 0.71309

Weights: [7000.0, 600.0, 0, 50.0, 0.0, 10.0], lr=5.000e-05
Epoch: 0 [1930/10000 (19%)] Loss: 43.99730 = L_Mnfld: 9.64345 + L_NonMnfld: 18.61115 + L_Nrml: 0.00000 + L_Eknl: 8.40505 + L_Div: 0.00000 + L_Morse: 7.33765
Epoch: 0 [1930/10000 (19%)] Unweighted L_s : L_Mnfld: 0.00138,  L_NonMnfld: 0.03102,  L_Nrml: 0.00000,  L_Eknl: 0.16810, L_Morse: 0.73376

Weights: [7000.0, 600.0, 0, 50.0, 0.0, 10.0], lr=5.000e-05
Epoch: 0 [1940/10000 (19%)] Loss: 42.28518 = L_Mnfld: 9.07277 + L_NonMnfld: 17.63619 + L_Nrml: 0.00000 + L_Eknl: 8.30529 + L_Div: 0.00000 + L_Morse: 7.27094
Epoch: 0 [1940/10000 (19%)] Unweighted L_s : L_Mnfld: 0.00130,  L_NonMnfld: 0.02939,  L_Nrml: 0.00000,  L_Eknl: 0.16611, L_Morse: 0.72709

Weights: [7000.0, 600.0, 0, 50.0, 0.0, 10.0], lr=5.000e-05
Epoch: 0 [1950/10000 (20%)] Loss: 40.98451 = L_Mnfld: 8.04529 + L_NonMnfld: 17.88315 + L_Nrml: 0.00000 + L_Eknl: 8.12524 + L_Div: 0.00000 + L_Morse: 6.93084
Epoch: 0 [1950/10000 (20%)] Unweighted L_s : L_Mnfld: 0.00115,  L_NonMnfld: 0.02981,  L_Nrml: 0.00000,  L_Eknl: 0.16250, L_Morse: 0.69308

Weights: [7000.0, 600.0, 0, 50.0, 0.0, 10.0], lr=5.000e-05
Epoch: 0 [1960/10000 (20%)] Loss: 42.17736 = L_Mnfld: 9.27929 + L_NonMnfld: 18.02113 + L_Nrml: 0.00000 + L_Eknl: 8.02785 + L_Div: 0.00000 + L_Morse: 6.84909
Epoch: 0 [1960/10000 (20%)] Unweighted L_s : L_Mnfld: 0.00133,  L_NonMnfld: 0.03004,  L_Nrml: 0.00000,  L_Eknl: 0.16056, L_Morse: 0.68491

Weights: [7000.0, 600.0, 0, 50.0, 0.0, 10.0], lr=5.000e-05
Epoch: 0 [1970/10000 (20%)] Loss: 41.90037 = L_Mnfld: 8.89742 + L_NonMnfld: 18.13434 + L_Nrml: 0.00000 + L_Eknl: 8.10721 + L_Div: 0.00000 + L_Morse: 6.76140
Epoch: 0 [1970/10000 (20%)] Unweighted L_s : L_Mnfld: 0.00127,  L_NonMnfld: 0.03022,  L_Nrml: 0.00000,  L_Eknl: 0.16214, L_Morse: 0.67614

Weights: [7000.0, 600.0, 0, 50.0, 0.0, 10.0], lr=5.000e-05
Epoch: 0 [1980/10000 (20%)] Loss: 41.59688 = L_Mnfld: 8.88951 + L_NonMnfld: 17.77167 + L_Nrml: 0.00000 + L_Eknl: 8.12773 + L_Div: 0.00000 + L_Morse: 6.80798
Epoch: 0 [1980/10000 (20%)] Unweighted L_s : L_Mnfld: 0.00127,  L_NonMnfld: 0.02962,  L_Nrml: 0.00000,  L_Eknl: 0.16255, L_Morse: 0.68080

Weights: [7000.0, 600.0, 0, 50.0, 0.0, 10.0], lr=5.000e-05
Epoch: 0 [1990/10000 (20%)] Loss: 39.27583 = L_Mnfld: 8.26092 + L_NonMnfld: 15.86078 + L_Nrml: 0.00000 + L_Eknl: 8.05749 + L_Div: 0.00000 + L_Morse: 7.09664
Epoch: 0 [1990/10000 (20%)] Unweighted L_s : L_Mnfld: 0.00118,  L_NonMnfld: 0.02643,  L_Nrml: 0.00000,  L_Eknl: 0.16115, L_Morse: 0.70966

Weights: [7000.0, 600.0, 0, 50.0, 0.0, 10.0], lr=5.000e-05
Epoch: 0 [2000/10000 (20%)] Loss: 42.43751 = L_Mnfld: 9.39563 + L_NonMnfld: 17.79662 + L_Nrml: 0.00000 + L_Eknl: 8.14346 + L_Div: 0.00000 + L_Morse: 7.10181
Epoch: 0 [2000/10000 (20%)] Unweighted L_s : L_Mnfld: 0.00134,  L_NonMnfld: 0.02966,  L_Nrml: 0.00000,  L_Eknl: 0.16287, L_Morse: 0.71018

Weights: [7000.0, 600.0, 0, 50.0, 0.0, 9.9703], lr=5.000e-05
Epoch: 0 [2010/10000 (20%)] Loss: 41.62221 = L_Mnfld: 8.54589 + L_NonMnfld: 17.75576 + L_Nrml: 0.00000 + L_Eknl: 8.19943 + L_Div: 0.00000 + L_Morse: 7.12114
Epoch: 0 [2010/10000 (20%)] Unweighted L_s : L_Mnfld: 0.00122,  L_NonMnfld: 0.02959,  L_Nrml: 0.00000,  L_Eknl: 0.16399, L_Morse: 0.71423

Weights: [7000.0, 600.0, 0, 50.0, 0.0, 9.9373], lr=5.000e-05
Epoch: 0 [2020/10000 (20%)] Loss: 43.43131 = L_Mnfld: 8.71468 + L_NonMnfld: 19.53847 + L_Nrml: 0.00000 + L_Eknl: 8.11397 + L_Div: 0.00000 + L_Morse: 7.06419
Epoch: 0 [2020/10000 (20%)] Unweighted L_s : L_Mnfld: 0.00124,  L_NonMnfld: 0.03256,  L_Nrml: 0.00000,  L_Eknl: 0.16228, L_Morse: 0.71088

Weights: [7000.0, 600.0, 0, 50.0, 0.0, 9.904300000000001], lr=5.000e-05
Epoch: 0 [2030/10000 (20%)] Loss: 41.68111 = L_Mnfld: 8.50686 + L_NonMnfld: 17.79041 + L_Nrml: 0.00000 + L_Eknl: 8.06830 + L_Div: 0.00000 + L_Morse: 7.31555
Epoch: 0 [2030/10000 (20%)] Unweighted L_s : L_Mnfld: 0.00122,  L_NonMnfld: 0.02965,  L_Nrml: 0.00000,  L_Eknl: 0.16137, L_Morse: 0.73862

Weights: [7000.0, 600.0, 0, 50.0, 0.0, 9.8713], lr=5.000e-05
Epoch: 0 [2040/10000 (20%)] Loss: 42.31838 = L_Mnfld: 9.14255 + L_NonMnfld: 18.04257 + L_Nrml: 0.00000 + L_Eknl: 8.06464 + L_Div: 0.00000 + L_Morse: 7.06862
Epoch: 0 [2040/10000 (20%)] Unweighted L_s : L_Mnfld: 0.00131,  L_NonMnfld: 0.03007,  L_Nrml: 0.00000,  L_Eknl: 0.16129, L_Morse: 0.71608

Weights: [7000.0, 600.0, 0, 50.0, 0.0, 9.8383], lr=5.000e-05
Epoch: 0 [2050/10000 (20%)] Loss: 41.97998 = L_Mnfld: 8.93097 + L_NonMnfld: 17.64982 + L_Nrml: 0.00000 + L_Eknl: 8.23116 + L_Div: 0.00000 + L_Morse: 7.16804
Epoch: 0 [2050/10000 (20%)] Unweighted L_s : L_Mnfld: 0.00128,  L_NonMnfld: 0.02942,  L_Nrml: 0.00000,  L_Eknl: 0.16462, L_Morse: 0.72858

Weights: [7000.0, 600.0, 0, 50.0, 0.0, 9.8053], lr=5.000e-05
Epoch: 0 [2060/10000 (21%)] Loss: 39.92851 = L_Mnfld: 8.14197 + L_NonMnfld: 17.04214 + L_Nrml: 0.00000 + L_Eknl: 8.01821 + L_Div: 0.00000 + L_Morse: 6.72619
Epoch: 0 [2060/10000 (21%)] Unweighted L_s : L_Mnfld: 0.00116,  L_NonMnfld: 0.02840,  L_Nrml: 0.00000,  L_Eknl: 0.16036, L_Morse: 0.68597

Weights: [7000.0, 600.0, 0, 50.0, 0.0, 9.7723], lr=5.000e-05
Epoch: 0 [2070/10000 (21%)] Loss: 41.18801 = L_Mnfld: 9.20396 + L_NonMnfld: 17.22219 + L_Nrml: 0.00000 + L_Eknl: 7.93232 + L_Div: 0.00000 + L_Morse: 6.82955
Epoch: 0 [2070/10000 (21%)] Unweighted L_s : L_Mnfld: 0.00131,  L_NonMnfld: 0.02870,  L_Nrml: 0.00000,  L_Eknl: 0.15865, L_Morse: 0.69887

Weights: [7000.0, 600.0, 0, 50.0, 0.0, 9.7393], lr=5.000e-05
Epoch: 0 [2080/10000 (21%)] Loss: 42.60828 = L_Mnfld: 8.98228 + L_NonMnfld: 18.31760 + L_Nrml: 0.00000 + L_Eknl: 8.02858 + L_Div: 0.00000 + L_Morse: 7.27982
Epoch: 0 [2080/10000 (21%)] Unweighted L_s : L_Mnfld: 0.00128,  L_NonMnfld: 0.03053,  L_Nrml: 0.00000,  L_Eknl: 0.16057, L_Morse: 0.74747

Weights: [7000.0, 600.0, 0, 50.0, 0.0, 9.7063], lr=5.000e-05
Epoch: 0 [2090/10000 (21%)] Loss: 40.69592 = L_Mnfld: 9.21676 + L_NonMnfld: 16.78340 + L_Nrml: 0.00000 + L_Eknl: 7.97621 + L_Div: 0.00000 + L_Morse: 6.71955
Epoch: 0 [2090/10000 (21%)] Unweighted L_s : L_Mnfld: 0.00132,  L_NonMnfld: 0.02797,  L_Nrml: 0.00000,  L_Eknl: 0.15952, L_Morse: 0.69229

Weights: [7000.0, 600.0, 0, 50.0, 0.0, 9.673300000000001], lr=5.000e-05
Epoch: 0 [2100/10000 (21%)] Loss: 40.41545 = L_Mnfld: 9.25176 + L_NonMnfld: 16.26718 + L_Nrml: 0.00000 + L_Eknl: 8.07594 + L_Div: 0.00000 + L_Morse: 6.82057
Epoch: 0 [2100/10000 (21%)] Unweighted L_s : L_Mnfld: 0.00132,  L_NonMnfld: 0.02711,  L_Nrml: 0.00000,  L_Eknl: 0.16152, L_Morse: 0.70509

Weights: [7000.0, 600.0, 0, 50.0, 0.0, 9.6403], lr=5.000e-05
Epoch: 0 [2110/10000 (21%)] Loss: 40.27411 = L_Mnfld: 8.43627 + L_NonMnfld: 16.80685 + L_Nrml: 0.00000 + L_Eknl: 7.93048 + L_Div: 0.00000 + L_Morse: 7.10051
Epoch: 0 [2110/10000 (21%)] Unweighted L_s : L_Mnfld: 0.00121,  L_NonMnfld: 0.02801,  L_Nrml: 0.00000,  L_Eknl: 0.15861, L_Morse: 0.73654

Weights: [7000.0, 600.0, 0, 50.0, 0.0, 9.6073], lr=5.000e-05
Epoch: 0 [2120/10000 (21%)] Loss: 41.86706 = L_Mnfld: 8.56192 + L_NonMnfld: 18.35408 + L_Nrml: 0.00000 + L_Eknl: 8.12347 + L_Div: 0.00000 + L_Morse: 6.82759
Epoch: 0 [2120/10000 (21%)] Unweighted L_s : L_Mnfld: 0.00122,  L_NonMnfld: 0.03059,  L_Nrml: 0.00000,  L_Eknl: 0.16247, L_Morse: 0.71067

Weights: [7000.0, 600.0, 0, 50.0, 0.0, 9.574300000000001], lr=5.000e-05
Epoch: 0 [2130/10000 (21%)] Loss: 41.02603 = L_Mnfld: 9.04326 + L_NonMnfld: 17.19297 + L_Nrml: 0.00000 + L_Eknl: 7.93881 + L_Div: 0.00000 + L_Morse: 6.85099
Epoch: 0 [2130/10000 (21%)] Unweighted L_s : L_Mnfld: 0.00129,  L_NonMnfld: 0.02865,  L_Nrml: 0.00000,  L_Eknl: 0.15878, L_Morse: 0.71556

Weights: [7000.0, 600.0, 0, 50.0, 0.0, 9.5413], lr=5.000e-05
Epoch: 0 [2140/10000 (21%)] Loss: 41.66626 = L_Mnfld: 9.41249 + L_NonMnfld: 17.37160 + L_Nrml: 0.00000 + L_Eknl: 8.02404 + L_Div: 0.00000 + L_Morse: 6.85814
Epoch: 0 [2140/10000 (21%)] Unweighted L_s : L_Mnfld: 0.00134,  L_NonMnfld: 0.02895,  L_Nrml: 0.00000,  L_Eknl: 0.16048, L_Morse: 0.71878

Weights: [7000.0, 600.0, 0, 50.0, 0.0, 9.5083], lr=5.000e-05
Epoch: 0 [2150/10000 (22%)] Loss: 39.24471 = L_Mnfld: 7.30778 + L_NonMnfld: 17.12646 + L_Nrml: 0.00000 + L_Eknl: 7.93988 + L_Div: 0.00000 + L_Morse: 6.87060
Epoch: 0 [2150/10000 (22%)] Unweighted L_s : L_Mnfld: 0.00104,  L_NonMnfld: 0.02854,  L_Nrml: 0.00000,  L_Eknl: 0.15880, L_Morse: 0.72259

Weights: [7000.0, 600.0, 0, 50.0, 0.0, 9.4753], lr=5.000e-05
Epoch: 0 [2160/10000 (22%)] Loss: 39.71109 = L_Mnfld: 7.56464 + L_NonMnfld: 17.25896 + L_Nrml: 0.00000 + L_Eknl: 7.97498 + L_Div: 0.00000 + L_Morse: 6.91250
Epoch: 0 [2160/10000 (22%)] Unweighted L_s : L_Mnfld: 0.00108,  L_NonMnfld: 0.02876,  L_Nrml: 0.00000,  L_Eknl: 0.15950, L_Morse: 0.72953

Weights: [7000.0, 600.0, 0, 50.0, 0.0, 9.4423], lr=5.000e-05
Epoch: 0 [2170/10000 (22%)] Loss: 42.06371 = L_Mnfld: 8.87582 + L_NonMnfld: 18.35562 + L_Nrml: 0.00000 + L_Eknl: 7.78132 + L_Div: 0.00000 + L_Morse: 7.05094
Epoch: 0 [2170/10000 (22%)] Unweighted L_s : L_Mnfld: 0.00127,  L_NonMnfld: 0.03059,  L_Nrml: 0.00000,  L_Eknl: 0.15563, L_Morse: 0.74674

Weights: [7000.0, 600.0, 0, 50.0, 0.0, 9.4093], lr=5.000e-05
Epoch: 0 [2180/10000 (22%)] Loss: 40.98545 = L_Mnfld: 8.25220 + L_NonMnfld: 18.17846 + L_Nrml: 0.00000 + L_Eknl: 7.85706 + L_Div: 0.00000 + L_Morse: 6.69773
Epoch: 0 [2180/10000 (22%)] Unweighted L_s : L_Mnfld: 0.00118,  L_NonMnfld: 0.03030,  L_Nrml: 0.00000,  L_Eknl: 0.15714, L_Morse: 0.71182

Weights: [7000.0, 600.0, 0, 50.0, 0.0, 9.3763], lr=5.000e-05
Epoch: 0 [2190/10000 (22%)] Loss: 39.27098 = L_Mnfld: 7.65179 + L_NonMnfld: 17.04266 + L_Nrml: 0.00000 + L_Eknl: 7.81418 + L_Div: 0.00000 + L_Morse: 6.76234
Epoch: 0 [2190/10000 (22%)] Unweighted L_s : L_Mnfld: 0.00109,  L_NonMnfld: 0.02840,  L_Nrml: 0.00000,  L_Eknl: 0.15628, L_Morse: 0.72122

Weights: [7000.0, 600.0, 0, 50.0, 0.0, 9.3433], lr=5.000e-05
Epoch: 0 [2200/10000 (22%)] Loss: 41.13754 = L_Mnfld: 8.84264 + L_NonMnfld: 17.69023 + L_Nrml: 0.00000 + L_Eknl: 7.82338 + L_Div: 0.00000 + L_Morse: 6.78129
Epoch: 0 [2200/10000 (22%)] Unweighted L_s : L_Mnfld: 0.00126,  L_NonMnfld: 0.02948,  L_Nrml: 0.00000,  L_Eknl: 0.15647, L_Morse: 0.72579

Weights: [7000.0, 600.0, 0, 50.0, 0.0, 9.3103], lr=5.000e-05
Epoch: 0 [2210/10000 (22%)] Loss: 40.98603 = L_Mnfld: 8.39982 + L_NonMnfld: 17.64803 + L_Nrml: 0.00000 + L_Eknl: 7.95095 + L_Div: 0.00000 + L_Morse: 6.98723
Epoch: 0 [2210/10000 (22%)] Unweighted L_s : L_Mnfld: 0.00120,  L_NonMnfld: 0.02941,  L_Nrml: 0.00000,  L_Eknl: 0.15902, L_Morse: 0.75048

Weights: [7000.0, 600.0, 0, 50.0, 0.0, 9.2773], lr=5.000e-05
Epoch: 0 [2220/10000 (22%)] Loss: 40.50424 = L_Mnfld: 8.51751 + L_NonMnfld: 17.52882 + L_Nrml: 0.00000 + L_Eknl: 7.79381 + L_Div: 0.00000 + L_Morse: 6.66411
Epoch: 0 [2220/10000 (22%)] Unweighted L_s : L_Mnfld: 0.00122,  L_NonMnfld: 0.02921,  L_Nrml: 0.00000,  L_Eknl: 0.15588, L_Morse: 0.71832

Weights: [7000.0, 600.0, 0, 50.0, 0.0, 9.2443], lr=5.000e-05
Epoch: 0 [2230/10000 (22%)] Loss: 40.57246 = L_Mnfld: 8.90574 + L_NonMnfld: 16.96558 + L_Nrml: 0.00000 + L_Eknl: 8.01895 + L_Div: 0.00000 + L_Morse: 6.68219
Epoch: 0 [2230/10000 (22%)] Unweighted L_s : L_Mnfld: 0.00127,  L_NonMnfld: 0.02828,  L_Nrml: 0.00000,  L_Eknl: 0.16038, L_Morse: 0.72284

Weights: [7000.0, 600.0, 0, 50.0, 0.0, 9.211300000000001], lr=5.000e-05
Epoch: 0 [2240/10000 (22%)] Loss: 41.84040 = L_Mnfld: 9.40254 + L_NonMnfld: 17.74609 + L_Nrml: 0.00000 + L_Eknl: 7.98002 + L_Div: 0.00000 + L_Morse: 6.71175
Epoch: 0 [2240/10000 (22%)] Unweighted L_s : L_Mnfld: 0.00134,  L_NonMnfld: 0.02958,  L_Nrml: 0.00000,  L_Eknl: 0.15960, L_Morse: 0.72864

Weights: [7000.0, 600.0, 0, 50.0, 0.0, 9.1783], lr=5.000e-05
Epoch: 0 [2250/10000 (22%)] Loss: 39.92899 = L_Mnfld: 7.71211 + L_NonMnfld: 18.05353 + L_Nrml: 0.00000 + L_Eknl: 7.70911 + L_Div: 0.00000 + L_Morse: 6.45424
Epoch: 0 [2250/10000 (22%)] Unweighted L_s : L_Mnfld: 0.00110,  L_NonMnfld: 0.03009,  L_Nrml: 0.00000,  L_Eknl: 0.15418, L_Morse: 0.70321

Weights: [7000.0, 600.0, 0, 50.0, 0.0, 9.1453], lr=5.000e-05
Epoch: 0 [2260/10000 (23%)] Loss: 38.58932 = L_Mnfld: 8.35725 + L_NonMnfld: 15.97786 + L_Nrml: 0.00000 + L_Eknl: 7.73386 + L_Div: 0.00000 + L_Morse: 6.52034
Epoch: 0 [2260/10000 (23%)] Unweighted L_s : L_Mnfld: 0.00119,  L_NonMnfld: 0.02663,  L_Nrml: 0.00000,  L_Eknl: 0.15468, L_Morse: 0.71297

Weights: [7000.0, 600.0, 0, 50.0, 0.0, 9.112300000000001], lr=5.000e-05
Epoch: 0 [2270/10000 (23%)] Loss: 39.89452 = L_Mnfld: 8.16590 + L_NonMnfld: 17.94888 + L_Nrml: 0.00000 + L_Eknl: 7.59153 + L_Div: 0.00000 + L_Morse: 6.18821
Epoch: 0 [2270/10000 (23%)] Unweighted L_s : L_Mnfld: 0.00117,  L_NonMnfld: 0.02991,  L_Nrml: 0.00000,  L_Eknl: 0.15183, L_Morse: 0.67911

Weights: [7000.0, 600.0, 0, 50.0, 0.0, 9.0793], lr=5.000e-05
Epoch: 0 [2280/10000 (23%)] Loss: 38.70599 = L_Mnfld: 8.03435 + L_NonMnfld: 16.59033 + L_Nrml: 0.00000 + L_Eknl: 7.73172 + L_Div: 0.00000 + L_Morse: 6.34959
Epoch: 0 [2280/10000 (23%)] Unweighted L_s : L_Mnfld: 0.00115,  L_NonMnfld: 0.02765,  L_Nrml: 0.00000,  L_Eknl: 0.15463, L_Morse: 0.69935

Weights: [7000.0, 600.0, 0, 50.0, 0.0, 9.0463], lr=5.000e-05
Epoch: 0 [2290/10000 (23%)] Loss: 38.32132 = L_Mnfld: 8.46013 + L_NonMnfld: 15.98298 + L_Nrml: 0.00000 + L_Eknl: 7.49129 + L_Div: 0.00000 + L_Morse: 6.38692
Epoch: 0 [2290/10000 (23%)] Unweighted L_s : L_Mnfld: 0.00121,  L_NonMnfld: 0.02664,  L_Nrml: 0.00000,  L_Eknl: 0.14983, L_Morse: 0.70603

Weights: [7000.0, 600.0, 0, 50.0, 0.0, 9.013300000000001], lr=5.000e-05
Epoch: 0 [2300/10000 (23%)] Loss: 42.18982 = L_Mnfld: 10.13920 + L_NonMnfld: 17.87105 + L_Nrml: 0.00000 + L_Eknl: 7.80897 + L_Div: 0.00000 + L_Morse: 6.37061
Epoch: 0 [2300/10000 (23%)] Unweighted L_s : L_Mnfld: 0.00145,  L_NonMnfld: 0.02979,  L_Nrml: 0.00000,  L_Eknl: 0.15618, L_Morse: 0.70680

Weights: [7000.0, 600.0, 0, 50.0, 0.0, 8.9803], lr=5.000e-05
Epoch: 0 [2310/10000 (23%)] Loss: 40.40084 = L_Mnfld: 9.55105 + L_NonMnfld: 16.77691 + L_Nrml: 0.00000 + L_Eknl: 7.71034 + L_Div: 0.00000 + L_Morse: 6.36255
Epoch: 0 [2310/10000 (23%)] Unweighted L_s : L_Mnfld: 0.00136,  L_NonMnfld: 0.02796,  L_Nrml: 0.00000,  L_Eknl: 0.15421, L_Morse: 0.70850

Weights: [7000.0, 600.0, 0, 50.0, 0.0, 8.9473], lr=5.000e-05
Epoch: 0 [2320/10000 (23%)] Loss: 41.33700 = L_Mnfld: 10.72869 + L_NonMnfld: 16.32004 + L_Nrml: 0.00000 + L_Eknl: 7.74332 + L_Div: 0.00000 + L_Morse: 6.54494
Epoch: 0 [2320/10000 (23%)] Unweighted L_s : L_Mnfld: 0.00153,  L_NonMnfld: 0.02720,  L_Nrml: 0.00000,  L_Eknl: 0.15487, L_Morse: 0.73150

Weights: [7000.0, 600.0, 0, 50.0, 0.0, 8.9143], lr=5.000e-05
Epoch: 0 [2330/10000 (23%)] Loss: 41.89669 = L_Mnfld: 9.37272 + L_NonMnfld: 18.24920 + L_Nrml: 0.00000 + L_Eknl: 7.58522 + L_Div: 0.00000 + L_Morse: 6.68955
Epoch: 0 [2330/10000 (23%)] Unweighted L_s : L_Mnfld: 0.00134,  L_NonMnfld: 0.03042,  L_Nrml: 0.00000,  L_Eknl: 0.15170, L_Morse: 0.75043

Weights: [7000.0, 600.0, 0, 50.0, 0.0, 8.8813], lr=5.000e-05
Epoch: 0 [2340/10000 (23%)] Loss: 41.78817 = L_Mnfld: 10.18296 + L_NonMnfld: 16.81886 + L_Nrml: 0.00000 + L_Eknl: 8.09975 + L_Div: 0.00000 + L_Morse: 6.68660
Epoch: 0 [2340/10000 (23%)] Unweighted L_s : L_Mnfld: 0.00145,  L_NonMnfld: 0.02803,  L_Nrml: 0.00000,  L_Eknl: 0.16199, L_Morse: 0.75289

Weights: [7000.0, 600.0, 0, 50.0, 0.0, 8.8483], lr=5.000e-05
Epoch: 0 [2350/10000 (24%)] Loss: 41.53546 = L_Mnfld: 9.53044 + L_NonMnfld: 17.27770 + L_Nrml: 0.00000 + L_Eknl: 8.25317 + L_Div: 0.00000 + L_Morse: 6.47415
Epoch: 0 [2350/10000 (24%)] Unweighted L_s : L_Mnfld: 0.00136,  L_NonMnfld: 0.02880,  L_Nrml: 0.00000,  L_Eknl: 0.16506, L_Morse: 0.73168

Weights: [7000.0, 600.0, 0, 50.0, 0.0, 8.8153], lr=5.000e-05
Epoch: 0 [2360/10000 (24%)] Loss: 40.71096 = L_Mnfld: 9.17334 + L_NonMnfld: 17.16375 + L_Nrml: 0.00000 + L_Eknl: 7.72499 + L_Div: 0.00000 + L_Morse: 6.64889
Epoch: 0 [2360/10000 (24%)] Unweighted L_s : L_Mnfld: 0.00131,  L_NonMnfld: 0.02861,  L_Nrml: 0.00000,  L_Eknl: 0.15450, L_Morse: 0.75424

Weights: [7000.0, 600.0, 0, 50.0, 0.0, 8.7823], lr=5.000e-05
Epoch: 0 [2370/10000 (24%)] Loss: 40.76084 = L_Mnfld: 9.65208 + L_NonMnfld: 16.89795 + L_Nrml: 0.00000 + L_Eknl: 7.75287 + L_Div: 0.00000 + L_Morse: 6.45795
Epoch: 0 [2370/10000 (24%)] Unweighted L_s : L_Mnfld: 0.00138,  L_NonMnfld: 0.02816,  L_Nrml: 0.00000,  L_Eknl: 0.15506, L_Morse: 0.73534

Weights: [7000.0, 600.0, 0, 50.0, 0.0, 8.7493], lr=5.000e-05
Epoch: 0 [2380/10000 (24%)] Loss: 43.20766 = L_Mnfld: 12.09953 + L_NonMnfld: 16.58364 + L_Nrml: 0.00000 + L_Eknl: 7.90091 + L_Div: 0.00000 + L_Morse: 6.62357
Epoch: 0 [2380/10000 (24%)] Unweighted L_s : L_Mnfld: 0.00173,  L_NonMnfld: 0.02764,  L_Nrml: 0.00000,  L_Eknl: 0.15802, L_Morse: 0.75704

Weights: [7000.0, 600.0, 0, 50.0, 0.0, 8.7163], lr=5.000e-05
Epoch: 0 [2390/10000 (24%)] Loss: 44.00885 = L_Mnfld: 11.01766 + L_NonMnfld: 17.31223 + L_Nrml: 0.00000 + L_Eknl: 8.66291 + L_Div: 0.00000 + L_Morse: 7.01605
Epoch: 0 [2390/10000 (24%)] Unweighted L_s : L_Mnfld: 0.00157,  L_NonMnfld: 0.02885,  L_Nrml: 0.00000,  L_Eknl: 0.17326, L_Morse: 0.80493

Weights: [7000.0, 600.0, 0, 50.0, 0.0, 8.683300000000001], lr=5.000e-05
Epoch: 0 [2400/10000 (24%)] Loss: 41.91375 = L_Mnfld: 10.34818 + L_NonMnfld: 16.81104 + L_Nrml: 0.00000 + L_Eknl: 7.96511 + L_Div: 0.00000 + L_Morse: 6.78942
Epoch: 0 [2400/10000 (24%)] Unweighted L_s : L_Mnfld: 0.00148,  L_NonMnfld: 0.02802,  L_Nrml: 0.00000,  L_Eknl: 0.15930, L_Morse: 0.78189

Weights: [7000.0, 600.0, 0, 50.0, 0.0, 8.6503], lr=5.000e-05
Epoch: 0 [2410/10000 (24%)] Loss: 42.24442 = L_Mnfld: 9.79270 + L_NonMnfld: 17.99727 + L_Nrml: 0.00000 + L_Eknl: 8.16761 + L_Div: 0.00000 + L_Morse: 6.28684
Epoch: 0 [2410/10000 (24%)] Unweighted L_s : L_Mnfld: 0.00140,  L_NonMnfld: 0.03000,  L_Nrml: 0.00000,  L_Eknl: 0.16335, L_Morse: 0.72678

Weights: [7000.0, 600.0, 0, 50.0, 0.0, 8.6173], lr=5.000e-05
Epoch: 0 [2420/10000 (24%)] Loss: 39.83633 = L_Mnfld: 9.12768 + L_NonMnfld: 16.86810 + L_Nrml: 0.00000 + L_Eknl: 7.66622 + L_Div: 0.00000 + L_Morse: 6.17434
Epoch: 0 [2420/10000 (24%)] Unweighted L_s : L_Mnfld: 0.00130,  L_NonMnfld: 0.02811,  L_Nrml: 0.00000,  L_Eknl: 0.15332, L_Morse: 0.71651

Weights: [7000.0, 600.0, 0, 50.0, 0.0, 8.5843], lr=5.000e-05
Epoch: 0 [2430/10000 (24%)] Loss: 39.05975 = L_Mnfld: 9.18855 + L_NonMnfld: 15.71890 + L_Nrml: 0.00000 + L_Eknl: 7.71956 + L_Div: 0.00000 + L_Morse: 6.43273
Epoch: 0 [2430/10000 (24%)] Unweighted L_s : L_Mnfld: 0.00131,  L_NonMnfld: 0.02620,  L_Nrml: 0.00000,  L_Eknl: 0.15439, L_Morse: 0.74936

Weights: [7000.0, 600.0, 0, 50.0, 0.0, 8.5513], lr=5.000e-05
Epoch: 0 [2440/10000 (24%)] Loss: 39.17264 = L_Mnfld: 9.45247 + L_NonMnfld: 15.94851 + L_Nrml: 0.00000 + L_Eknl: 7.59662 + L_Div: 0.00000 + L_Morse: 6.17503
Epoch: 0 [2440/10000 (24%)] Unweighted L_s : L_Mnfld: 0.00135,  L_NonMnfld: 0.02658,  L_Nrml: 0.00000,  L_Eknl: 0.15193, L_Morse: 0.72212

Weights: [7000.0, 600.0, 0, 50.0, 0.0, 8.5183], lr=5.000e-05
Epoch: 0 [2450/10000 (24%)] Loss: 38.31010 = L_Mnfld: 8.25539 + L_NonMnfld: 16.27158 + L_Nrml: 0.00000 + L_Eknl: 7.65611 + L_Div: 0.00000 + L_Morse: 6.12702
Epoch: 0 [2450/10000 (24%)] Unweighted L_s : L_Mnfld: 0.00118,  L_NonMnfld: 0.02712,  L_Nrml: 0.00000,  L_Eknl: 0.15312, L_Morse: 0.71928

Weights: [7000.0, 600.0, 0, 50.0, 0.0, 8.4853], lr=5.000e-05
Epoch: 0 [2460/10000 (25%)] Loss: 38.62852 = L_Mnfld: 8.50166 + L_NonMnfld: 16.33778 + L_Nrml: 0.00000 + L_Eknl: 7.64306 + L_Div: 0.00000 + L_Morse: 6.14603
Epoch: 0 [2460/10000 (25%)] Unweighted L_s : L_Mnfld: 0.00121,  L_NonMnfld: 0.02723,  L_Nrml: 0.00000,  L_Eknl: 0.15286, L_Morse: 0.72431

Weights: [7000.0, 600.0, 0, 50.0, 0.0, 8.4523], lr=5.000e-05
Epoch: 0 [2470/10000 (25%)] Loss: 39.18043 = L_Mnfld: 8.10539 + L_NonMnfld: 17.53455 + L_Nrml: 0.00000 + L_Eknl: 7.60833 + L_Div: 0.00000 + L_Morse: 5.93216
Epoch: 0 [2470/10000 (25%)] Unweighted L_s : L_Mnfld: 0.00116,  L_NonMnfld: 0.02922,  L_Nrml: 0.00000,  L_Eknl: 0.15217, L_Morse: 0.70184

Weights: [7000.0, 600.0, 0, 50.0, 0.0, 8.4193], lr=5.000e-05
Epoch: 0 [2480/10000 (25%)] Loss: 45.95860 = L_Mnfld: 14.47291 + L_NonMnfld: 16.67564 + L_Nrml: 0.00000 + L_Eknl: 7.92506 + L_Div: 0.00000 + L_Morse: 6.88499
Epoch: 0 [2480/10000 (25%)] Unweighted L_s : L_Mnfld: 0.00207,  L_NonMnfld: 0.02779,  L_Nrml: 0.00000,  L_Eknl: 0.15850, L_Morse: 0.81776

Weights: [7000.0, 600.0, 0, 50.0, 0.0, 8.3863], lr=5.000e-05
Epoch: 0 [2490/10000 (25%)] Loss: 43.58227 = L_Mnfld: 11.66056 + L_NonMnfld: 16.95952 + L_Nrml: 0.00000 + L_Eknl: 8.11834 + L_Div: 0.00000 + L_Morse: 6.84385
Epoch: 0 [2490/10000 (25%)] Unweighted L_s : L_Mnfld: 0.00167,  L_NonMnfld: 0.02827,  L_Nrml: 0.00000,  L_Eknl: 0.16237, L_Morse: 0.81608

Weights: [7000.0, 600.0, 0, 50.0, 0.0, 8.3533], lr=5.000e-05
Epoch: 0 [2500/10000 (25%)] Loss: 41.45654 = L_Mnfld: 9.80142 + L_NonMnfld: 17.16746 + L_Nrml: 0.00000 + L_Eknl: 7.76304 + L_Div: 0.00000 + L_Morse: 6.72462
Epoch: 0 [2500/10000 (25%)] Unweighted L_s : L_Mnfld: 0.00140,  L_NonMnfld: 0.02861,  L_Nrml: 0.00000,  L_Eknl: 0.15526, L_Morse: 0.80502

Weights: [7000.0, 600.0, 0, 50.0, 0.0, 8.3203], lr=5.000e-05
Epoch: 0 [2510/10000 (25%)] Loss: 43.49289 = L_Mnfld: 12.27853 + L_NonMnfld: 17.62324 + L_Nrml: 0.00000 + L_Eknl: 7.70589 + L_Div: 0.00000 + L_Morse: 5.88523
Epoch: 0 [2510/10000 (25%)] Unweighted L_s : L_Mnfld: 0.00175,  L_NonMnfld: 0.02937,  L_Nrml: 0.00000,  L_Eknl: 0.15412, L_Morse: 0.70733

Weights: [7000.0, 600.0, 0, 50.0, 0.0, 8.2873], lr=5.000e-05
Epoch: 0 [2520/10000 (25%)] Loss: 41.42447 = L_Mnfld: 11.37829 + L_NonMnfld: 15.97060 + L_Nrml: 0.00000 + L_Eknl: 7.64007 + L_Div: 0.00000 + L_Morse: 6.43550
Epoch: 0 [2520/10000 (25%)] Unweighted L_s : L_Mnfld: 0.00163,  L_NonMnfld: 0.02662,  L_Nrml: 0.00000,  L_Eknl: 0.15280, L_Morse: 0.77655

Weights: [7000.0, 600.0, 0, 50.0, 0.0, 8.2543], lr=5.000e-05
Epoch: 0 [2530/10000 (25%)] Loss: 41.21432 = L_Mnfld: 10.57402 + L_NonMnfld: 16.85940 + L_Nrml: 0.00000 + L_Eknl: 7.66343 + L_Div: 0.00000 + L_Morse: 6.11748
Epoch: 0 [2530/10000 (25%)] Unweighted L_s : L_Mnfld: 0.00151,  L_NonMnfld: 0.02810,  L_Nrml: 0.00000,  L_Eknl: 0.15327, L_Morse: 0.74113

Weights: [7000.0, 600.0, 0, 50.0, 0.0, 8.2213], lr=5.000e-05
Epoch: 0 [2540/10000 (25%)] Loss: 39.05235 = L_Mnfld: 9.52897 + L_NonMnfld: 15.87880 + L_Nrml: 0.00000 + L_Eknl: 7.60891 + L_Div: 0.00000 + L_Morse: 6.03568
Epoch: 0 [2540/10000 (25%)] Unweighted L_s : L_Mnfld: 0.00136,  L_NonMnfld: 0.02646,  L_Nrml: 0.00000,  L_Eknl: 0.15218, L_Morse: 0.73415

Weights: [7000.0, 600.0, 0, 50.0, 0.0, 8.1883], lr=5.000e-05
Epoch: 0 [2550/10000 (26%)] Loss: 38.89921 = L_Mnfld: 8.60047 + L_NonMnfld: 16.96298 + L_Nrml: 0.00000 + L_Eknl: 7.52072 + L_Div: 0.00000 + L_Morse: 5.81504
Epoch: 0 [2550/10000 (26%)] Unweighted L_s : L_Mnfld: 0.00123,  L_NonMnfld: 0.02827,  L_Nrml: 0.00000,  L_Eknl: 0.15041, L_Morse: 0.71016

Weights: [7000.0, 600.0, 0, 50.0, 0.0, 8.1553], lr=5.000e-05
Epoch: 0 [2560/10000 (26%)] Loss: 38.09224 = L_Mnfld: 8.58132 + L_NonMnfld: 16.25207 + L_Nrml: 0.00000 + L_Eknl: 7.46898 + L_Div: 0.00000 + L_Morse: 5.78987
Epoch: 0 [2560/10000 (26%)] Unweighted L_s : L_Mnfld: 0.00123,  L_NonMnfld: 0.02709,  L_Nrml: 0.00000,  L_Eknl: 0.14938, L_Morse: 0.70995

Weights: [7000.0, 600.0, 0, 50.0, 0.0, 8.1223], lr=5.000e-05
Epoch: 0 [2570/10000 (26%)] Loss: 40.17882 = L_Mnfld: 8.58621 + L_NonMnfld: 18.04201 + L_Nrml: 0.00000 + L_Eknl: 7.46999 + L_Div: 0.00000 + L_Morse: 6.08061
Epoch: 0 [2570/10000 (26%)] Unweighted L_s : L_Mnfld: 0.00123,  L_NonMnfld: 0.03007,  L_Nrml: 0.00000,  L_Eknl: 0.14940, L_Morse: 0.74863

Weights: [7000.0, 600.0, 0, 50.0, 0.0, 8.0893], lr=5.000e-05
Epoch: 0 [2580/10000 (26%)] Loss: 42.58104 = L_Mnfld: 11.51610 + L_NonMnfld: 17.22198 + L_Nrml: 0.00000 + L_Eknl: 7.48141 + L_Div: 0.00000 + L_Morse: 6.36154
Epoch: 0 [2580/10000 (26%)] Unweighted L_s : L_Mnfld: 0.00165,  L_NonMnfld: 0.02870,  L_Nrml: 0.00000,  L_Eknl: 0.14963, L_Morse: 0.78641

Weights: [7000.0, 600.0, 0, 50.0, 0.0, 8.0563], lr=5.000e-05
Epoch: 0 [2590/10000 (26%)] Loss: 42.26463 = L_Mnfld: 11.46685 + L_NonMnfld: 17.19558 + L_Nrml: 0.00000 + L_Eknl: 7.72323 + L_Div: 0.00000 + L_Morse: 5.87896
Epoch: 0 [2590/10000 (26%)] Unweighted L_s : L_Mnfld: 0.00164,  L_NonMnfld: 0.02866,  L_Nrml: 0.00000,  L_Eknl: 0.15446, L_Morse: 0.72973

Weights: [7000.0, 600.0, 0, 50.0, 0.0, 8.023299999999999], lr=5.000e-05
Epoch: 0 [2600/10000 (26%)] Loss: 41.99899 = L_Mnfld: 10.56845 + L_NonMnfld: 17.43947 + L_Nrml: 0.00000 + L_Eknl: 7.68509 + L_Div: 0.00000 + L_Morse: 6.30598
Epoch: 0 [2600/10000 (26%)] Unweighted L_s : L_Mnfld: 0.00151,  L_NonMnfld: 0.02907,  L_Nrml: 0.00000,  L_Eknl: 0.15370, L_Morse: 0.78596

Weights: [7000.0, 600.0, 0, 50.0, 0.0, 7.9902999999999995], lr=5.000e-05
Epoch: 0 [2610/10000 (26%)] Loss: 40.15291 = L_Mnfld: 9.78700 + L_NonMnfld: 16.33120 + L_Nrml: 0.00000 + L_Eknl: 8.06414 + L_Div: 0.00000 + L_Morse: 5.97058
Epoch: 0 [2610/10000 (26%)] Unweighted L_s : L_Mnfld: 0.00140,  L_NonMnfld: 0.02722,  L_Nrml: 0.00000,  L_Eknl: 0.16128, L_Morse: 0.74723

Weights: [7000.0, 600.0, 0, 50.0, 0.0, 7.9573], lr=5.000e-05
Epoch: 0 [2620/10000 (26%)] Loss: 40.50416 = L_Mnfld: 9.64803 + L_NonMnfld: 16.91128 + L_Nrml: 0.00000 + L_Eknl: 7.50226 + L_Div: 0.00000 + L_Morse: 6.44259
Epoch: 0 [2620/10000 (26%)] Unweighted L_s : L_Mnfld: 0.00138,  L_NonMnfld: 0.02819,  L_Nrml: 0.00000,  L_Eknl: 0.15005, L_Morse: 0.80965

Weights: [7000.0, 600.0, 0, 50.0, 0.0, 7.9243], lr=5.000e-05
Epoch: 0 [2630/10000 (26%)] Loss: 40.09098 = L_Mnfld: 9.01264 + L_NonMnfld: 17.58196 + L_Nrml: 0.00000 + L_Eknl: 7.38472 + L_Div: 0.00000 + L_Morse: 6.11167
Epoch: 0 [2630/10000 (26%)] Unweighted L_s : L_Mnfld: 0.00129,  L_NonMnfld: 0.02930,  L_Nrml: 0.00000,  L_Eknl: 0.14769, L_Morse: 0.77126

Weights: [7000.0, 600.0, 0, 50.0, 0.0, 7.891299999999999], lr=5.000e-05
Epoch: 0 [2640/10000 (26%)] Loss: 39.56194 = L_Mnfld: 9.70756 + L_NonMnfld: 16.63892 + L_Nrml: 0.00000 + L_Eknl: 7.34286 + L_Div: 0.00000 + L_Morse: 5.87259
Epoch: 0 [2640/10000 (26%)] Unweighted L_s : L_Mnfld: 0.00139,  L_NonMnfld: 0.02773,  L_Nrml: 0.00000,  L_Eknl: 0.14686, L_Morse: 0.74419

Weights: [7000.0, 600.0, 0, 50.0, 0.0, 7.8583], lr=5.000e-05
Epoch: 0 [2650/10000 (26%)] Loss: 38.44041 = L_Mnfld: 8.58756 + L_NonMnfld: 16.50856 + L_Nrml: 0.00000 + L_Eknl: 7.47621 + L_Div: 0.00000 + L_Morse: 5.86809
Epoch: 0 [2650/10000 (26%)] Unweighted L_s : L_Mnfld: 0.00123,  L_NonMnfld: 0.02751,  L_Nrml: 0.00000,  L_Eknl: 0.14952, L_Morse: 0.74674

Weights: [7000.0, 600.0, 0, 50.0, 0.0, 7.8252999999999995], lr=5.000e-05
Epoch: 0 [2660/10000 (27%)] Loss: 39.26565 = L_Mnfld: 8.87376 + L_NonMnfld: 17.20626 + L_Nrml: 0.00000 + L_Eknl: 7.42361 + L_Div: 0.00000 + L_Morse: 5.76203
Epoch: 0 [2660/10000 (27%)] Unweighted L_s : L_Mnfld: 0.00127,  L_NonMnfld: 0.02868,  L_Nrml: 0.00000,  L_Eknl: 0.14847, L_Morse: 0.73633

Weights: [7000.0, 600.0, 0, 50.0, 0.0, 7.792299999999999], lr=5.000e-05
Epoch: 0 [2670/10000 (27%)] Loss: 39.41955 = L_Mnfld: 8.12289 + L_NonMnfld: 18.00115 + L_Nrml: 0.00000 + L_Eknl: 7.37109 + L_Div: 0.00000 + L_Morse: 5.92442
Epoch: 0 [2670/10000 (27%)] Unweighted L_s : L_Mnfld: 0.00116,  L_NonMnfld: 0.03000,  L_Nrml: 0.00000,  L_Eknl: 0.14742, L_Morse: 0.76029

Weights: [7000.0, 600.0, 0, 50.0, 0.0, 7.7593], lr=5.000e-05
Epoch: 0 [2680/10000 (27%)] Loss: 38.68164 = L_Mnfld: 9.55939 + L_NonMnfld: 16.03076 + L_Nrml: 0.00000 + L_Eknl: 7.30876 + L_Div: 0.00000 + L_Morse: 5.78271
Epoch: 0 [2680/10000 (27%)] Unweighted L_s : L_Mnfld: 0.00137,  L_NonMnfld: 0.02672,  L_Nrml: 0.00000,  L_Eknl: 0.14618, L_Morse: 0.74526

Weights: [7000.0, 600.0, 0, 50.0, 0.0, 7.726300000000001], lr=5.000e-05
Epoch: 0 [2690/10000 (27%)] Loss: 39.17484 = L_Mnfld: 8.71750 + L_NonMnfld: 17.34539 + L_Nrml: 0.00000 + L_Eknl: 7.38050 + L_Div: 0.00000 + L_Morse: 5.73145
Epoch: 0 [2690/10000 (27%)] Unweighted L_s : L_Mnfld: 0.00125,  L_NonMnfld: 0.02891,  L_Nrml: 0.00000,  L_Eknl: 0.14761, L_Morse: 0.74181

Weights: [7000.0, 600.0, 0, 50.0, 0.0, 7.693300000000001], lr=5.000e-05
Epoch: 0 [2700/10000 (27%)] Loss: 40.20258 = L_Mnfld: 10.39683 + L_NonMnfld: 16.50149 + L_Nrml: 0.00000 + L_Eknl: 7.58090 + L_Div: 0.00000 + L_Morse: 5.72336
Epoch: 0 [2700/10000 (27%)] Unweighted L_s : L_Mnfld: 0.00149,  L_NonMnfld: 0.02750,  L_Nrml: 0.00000,  L_Eknl: 0.15162, L_Morse: 0.74394

Weights: [7000.0, 600.0, 0, 50.0, 0.0, 7.660300000000001], lr=5.000e-05
Epoch: 0 [2710/10000 (27%)] Loss: 40.16295 = L_Mnfld: 10.05719 + L_NonMnfld: 17.12091 + L_Nrml: 0.00000 + L_Eknl: 7.29153 + L_Div: 0.00000 + L_Morse: 5.69333
Epoch: 0 [2710/10000 (27%)] Unweighted L_s : L_Mnfld: 0.00144,  L_NonMnfld: 0.02853,  L_Nrml: 0.00000,  L_Eknl: 0.14583, L_Morse: 0.74323

Weights: [7000.0, 600.0, 0, 50.0, 0.0, 7.627300000000001], lr=5.000e-05
Epoch: 0 [2720/10000 (27%)] Loss: 55.09440 = L_Mnfld: 22.43478 + L_NonMnfld: 17.94104 + L_Nrml: 0.00000 + L_Eknl: 8.37154 + L_Div: 0.00000 + L_Morse: 6.34704
Epoch: 0 [2720/10000 (27%)] Unweighted L_s : L_Mnfld: 0.00320,  L_NonMnfld: 0.02990,  L_Nrml: 0.00000,  L_Eknl: 0.16743, L_Morse: 0.83215

Weights: [7000.0, 600.0, 0, 50.0, 0.0, 7.5943000000000005], lr=5.000e-05
Epoch: 0 [2730/10000 (27%)] Loss: 53.19749 = L_Mnfld: 20.11548 + L_NonMnfld: 16.62820 + L_Nrml: 0.00000 + L_Eknl: 8.98713 + L_Div: 0.00000 + L_Morse: 7.46669
Epoch: 0 [2730/10000 (27%)] Unweighted L_s : L_Mnfld: 0.00287,  L_NonMnfld: 0.02771,  L_Nrml: 0.00000,  L_Eknl: 0.17974, L_Morse: 0.98320

Weights: [7000.0, 600.0, 0, 50.0, 0.0, 7.561300000000001], lr=5.000e-05
Epoch: 0 [2740/10000 (27%)] Loss: 73.50885 = L_Mnfld: 32.01462 + L_NonMnfld: 20.24237 + L_Nrml: 0.00000 + L_Eknl: 12.41335 + L_Div: 0.00000 + L_Morse: 8.83851
Epoch: 0 [2740/10000 (27%)] Unweighted L_s : L_Mnfld: 0.00457,  L_NonMnfld: 0.03374,  L_Nrml: 0.00000,  L_Eknl: 0.24827, L_Morse: 1.16891

Weights: [7000.0, 600.0, 0, 50.0, 0.0, 7.5283000000000015], lr=5.000e-05
Epoch: 0 [2750/10000 (28%)] Loss: 78.72009 = L_Mnfld: 37.09816 + L_NonMnfld: 19.12942 + L_Nrml: 0.00000 + L_Eknl: 12.36218 + L_Div: 0.00000 + L_Morse: 10.13033
Epoch: 0 [2750/10000 (28%)] Unweighted L_s : L_Mnfld: 0.00530,  L_NonMnfld: 0.03188,  L_Nrml: 0.00000,  L_Eknl: 0.24724, L_Morse: 1.34563

Weights: [7000.0, 600.0, 0, 50.0, 0.0, 7.4953], lr=5.000e-05
Epoch: 0 [2760/10000 (28%)] Loss: 76.86871 = L_Mnfld: 36.15757 + L_NonMnfld: 20.01287 + L_Nrml: 0.00000 + L_Eknl: 12.20105 + L_Div: 0.00000 + L_Morse: 8.49722
Epoch: 0 [2760/10000 (28%)] Unweighted L_s : L_Mnfld: 0.00517,  L_NonMnfld: 0.03335,  L_Nrml: 0.00000,  L_Eknl: 0.24402, L_Morse: 1.13367

Weights: [7000.0, 600.0, 0, 50.0, 0.0, 7.462300000000001], lr=5.000e-05
Epoch: 0 [2770/10000 (28%)] Loss: 65.77628 = L_Mnfld: 26.70554 + L_NonMnfld: 18.62341 + L_Nrml: 0.00000 + L_Eknl: 12.27743 + L_Div: 0.00000 + L_Morse: 8.16990
Epoch: 0 [2770/10000 (28%)] Unweighted L_s : L_Mnfld: 0.00382,  L_NonMnfld: 0.03104,  L_Nrml: 0.00000,  L_Eknl: 0.24555, L_Morse: 1.09482

Weights: [7000.0, 600.0, 0, 50.0, 0.0, 7.429300000000001], lr=5.000e-05
Epoch: 0 [2780/10000 (28%)] Loss: 73.80553 = L_Mnfld: 29.56223 + L_NonMnfld: 21.75385 + L_Nrml: 0.00000 + L_Eknl: 13.48119 + L_Div: 0.00000 + L_Morse: 9.00826
Epoch: 0 [2780/10000 (28%)] Unweighted L_s : L_Mnfld: 0.00422,  L_NonMnfld: 0.03626,  L_Nrml: 0.00000,  L_Eknl: 0.26962, L_Morse: 1.21253

Weights: [7000.0, 600.0, 0, 50.0, 0.0, 7.3963], lr=5.000e-05
Epoch: 0 [2790/10000 (28%)] Loss: 57.49213 = L_Mnfld: 21.36951 + L_NonMnfld: 16.87664 + L_Nrml: 0.00000 + L_Eknl: 10.29781 + L_Div: 0.00000 + L_Morse: 8.94816
Epoch: 0 [2790/10000 (28%)] Unweighted L_s : L_Mnfld: 0.00305,  L_NonMnfld: 0.02813,  L_Nrml: 0.00000,  L_Eknl: 0.20596, L_Morse: 1.20982

Weights: [7000.0, 600.0, 0, 50.0, 0.0, 7.363300000000001], lr=5.000e-05
Epoch: 0 [2800/10000 (28%)] Loss: 66.69836 = L_Mnfld: 30.10875 + L_NonMnfld: 18.18588 + L_Nrml: 0.00000 + L_Eknl: 10.71565 + L_Div: 0.00000 + L_Morse: 7.68808
Epoch: 0 [2800/10000 (28%)] Unweighted L_s : L_Mnfld: 0.00430,  L_NonMnfld: 0.03031,  L_Nrml: 0.00000,  L_Eknl: 0.21431, L_Morse: 1.04411

Weights: [7000.0, 600.0, 0, 50.0, 0.0, 7.330300000000001], lr=5.000e-05
Epoch: 0 [2810/10000 (28%)] Loss: 68.26588 = L_Mnfld: 32.31804 + L_NonMnfld: 17.29715 + L_Nrml: 0.00000 + L_Eknl: 10.70699 + L_Div: 0.00000 + L_Morse: 7.94369
Epoch: 0 [2810/10000 (28%)] Unweighted L_s : L_Mnfld: 0.00462,  L_NonMnfld: 0.02883,  L_Nrml: 0.00000,  L_Eknl: 0.21414, L_Morse: 1.08368

Weights: [7000.0, 600.0, 0, 50.0, 0.0, 7.2973], lr=5.000e-05
Epoch: 0 [2820/10000 (28%)] Loss: 70.87692 = L_Mnfld: 32.87623 + L_NonMnfld: 19.04819 + L_Nrml: 0.00000 + L_Eknl: 12.04754 + L_Div: 0.00000 + L_Morse: 6.90496
Epoch: 0 [2820/10000 (28%)] Unweighted L_s : L_Mnfld: 0.00470,  L_NonMnfld: 0.03175,  L_Nrml: 0.00000,  L_Eknl: 0.24095, L_Morse: 0.94624

Weights: [7000.0, 600.0, 0, 50.0, 0.0, 7.2643], lr=5.000e-05
Epoch: 0 [2830/10000 (28%)] Loss: 66.19327 = L_Mnfld: 30.11140 + L_NonMnfld: 18.47676 + L_Nrml: 0.00000 + L_Eknl: 10.31341 + L_Div: 0.00000 + L_Morse: 7.29170
Epoch: 0 [2830/10000 (28%)] Unweighted L_s : L_Mnfld: 0.00430,  L_NonMnfld: 0.03079,  L_Nrml: 0.00000,  L_Eknl: 0.20627, L_Morse: 1.00377

Weights: [7000.0, 600.0, 0, 50.0, 0.0, 7.231300000000001], lr=5.000e-05
Epoch: 0 [2840/10000 (28%)] Loss: 57.44367 = L_Mnfld: 22.26571 + L_NonMnfld: 17.68698 + L_Nrml: 0.00000 + L_Eknl: 10.34841 + L_Div: 0.00000 + L_Morse: 7.14257
Epoch: 0 [2840/10000 (28%)] Unweighted L_s : L_Mnfld: 0.00318,  L_NonMnfld: 0.02948,  L_Nrml: 0.00000,  L_Eknl: 0.20697, L_Morse: 0.98773

Weights: [7000.0, 600.0, 0, 50.0, 0.0, 7.198300000000001], lr=5.000e-05
Epoch: 0 [2850/10000 (28%)] Loss: 60.96133 = L_Mnfld: 25.78767 + L_NonMnfld: 17.65054 + L_Nrml: 0.00000 + L_Eknl: 10.23645 + L_Div: 0.00000 + L_Morse: 7.28667
Epoch: 0 [2850/10000 (28%)] Unweighted L_s : L_Mnfld: 0.00368,  L_NonMnfld: 0.02942,  L_Nrml: 0.00000,  L_Eknl: 0.20473, L_Morse: 1.01228

Weights: [7000.0, 600.0, 0, 50.0, 0.0, 7.1653], lr=5.000e-05
Epoch: 0 [2860/10000 (29%)] Loss: 50.51075 = L_Mnfld: 16.77722 + L_NonMnfld: 17.57392 + L_Nrml: 0.00000 + L_Eknl: 9.65306 + L_Div: 0.00000 + L_Morse: 6.50655
Epoch: 0 [2860/10000 (29%)] Unweighted L_s : L_Mnfld: 0.00240,  L_NonMnfld: 0.02929,  L_Nrml: 0.00000,  L_Eknl: 0.19306, L_Morse: 0.90806

Weights: [7000.0, 600.0, 0, 50.0, 0.0, 7.132300000000001], lr=5.000e-05
Epoch: 0 [2870/10000 (29%)] Loss: 55.99030 = L_Mnfld: 18.30690 + L_NonMnfld: 19.09903 + L_Nrml: 0.00000 + L_Eknl: 12.09192 + L_Div: 0.00000 + L_Morse: 6.49245
Epoch: 0 [2870/10000 (29%)] Unweighted L_s : L_Mnfld: 0.00262,  L_NonMnfld: 0.03183,  L_Nrml: 0.00000,  L_Eknl: 0.24184, L_Morse: 0.91029

Weights: [7000.0, 600.0, 0, 50.0, 0.0, 7.0993], lr=5.000e-05
Epoch: 0 [2880/10000 (29%)] Loss: 68.30566 = L_Mnfld: 32.45297 + L_NonMnfld: 17.75748 + L_Nrml: 0.00000 + L_Eknl: 11.15542 + L_Div: 0.00000 + L_Morse: 6.93978
Epoch: 0 [2880/10000 (29%)] Unweighted L_s : L_Mnfld: 0.00464,  L_NonMnfld: 0.02960,  L_Nrml: 0.00000,  L_Eknl: 0.22311, L_Morse: 0.97753

Weights: [7000.0, 600.0, 0, 50.0, 0.0, 7.0663], lr=5.000e-05
Epoch: 0 [2890/10000 (29%)] Loss: 59.18692 = L_Mnfld: 23.40485 + L_NonMnfld: 18.62965 + L_Nrml: 0.00000 + L_Eknl: 10.56545 + L_Div: 0.00000 + L_Morse: 6.58697
Epoch: 0 [2890/10000 (29%)] Unweighted L_s : L_Mnfld: 0.00334,  L_NonMnfld: 0.03105,  L_Nrml: 0.00000,  L_Eknl: 0.21131, L_Morse: 0.93217

Weights: [7000.0, 600.0, 0, 50.0, 0.0, 7.0333000000000006], lr=5.000e-05
Epoch: 0 [2900/10000 (29%)] Loss: 54.82093 = L_Mnfld: 21.67126 + L_NonMnfld: 16.74067 + L_Nrml: 0.00000 + L_Eknl: 10.07393 + L_Div: 0.00000 + L_Morse: 6.33509
Epoch: 0 [2900/10000 (29%)] Unweighted L_s : L_Mnfld: 0.00310,  L_NonMnfld: 0.02790,  L_Nrml: 0.00000,  L_Eknl: 0.20148, L_Morse: 0.90073

Weights: [7000.0, 600.0, 0, 50.0, 0.0, 7.0003], lr=5.000e-05
Epoch: 0 [2910/10000 (29%)] Loss: 55.24202 = L_Mnfld: 20.40538 + L_NonMnfld: 18.61431 + L_Nrml: 0.00000 + L_Eknl: 9.80136 + L_Div: 0.00000 + L_Morse: 6.42097
Epoch: 0 [2910/10000 (29%)] Unweighted L_s : L_Mnfld: 0.00292,  L_NonMnfld: 0.03102,  L_Nrml: 0.00000,  L_Eknl: 0.19603, L_Morse: 0.91724

Weights: [7000.0, 600.0, 0, 50.0, 0.0, 6.9673], lr=5.000e-05
Epoch: 0 [2920/10000 (29%)] Loss: 50.04868 = L_Mnfld: 15.52314 + L_NonMnfld: 19.31099 + L_Nrml: 0.00000 + L_Eknl: 9.54928 + L_Div: 0.00000 + L_Morse: 5.66528
Epoch: 0 [2920/10000 (29%)] Unweighted L_s : L_Mnfld: 0.00222,  L_NonMnfld: 0.03218,  L_Nrml: 0.00000,  L_Eknl: 0.19099, L_Morse: 0.81312

Weights: [7000.0, 600.0, 0, 50.0, 0.0, 6.9343], lr=5.000e-05
Epoch: 0 [2930/10000 (29%)] Loss: 45.78751 = L_Mnfld: 14.12808 + L_NonMnfld: 17.30786 + L_Nrml: 0.00000 + L_Eknl: 8.65012 + L_Div: 0.00000 + L_Morse: 5.70145
Epoch: 0 [2930/10000 (29%)] Unweighted L_s : L_Mnfld: 0.00202,  L_NonMnfld: 0.02885,  L_Nrml: 0.00000,  L_Eknl: 0.17300, L_Morse: 0.82221

Weights: [7000.0, 600.0, 0, 50.0, 0.0, 6.901300000000001], lr=5.000e-05
Epoch: 0 [2940/10000 (29%)] Loss: 45.25137 = L_Mnfld: 13.05769 + L_NonMnfld: 18.03833 + L_Nrml: 0.00000 + L_Eknl: 8.71493 + L_Div: 0.00000 + L_Morse: 5.44043
Epoch: 0 [2940/10000 (29%)] Unweighted L_s : L_Mnfld: 0.00187,  L_NonMnfld: 0.03006,  L_Nrml: 0.00000,  L_Eknl: 0.17430, L_Morse: 0.78832

Weights: [7000.0, 600.0, 0, 50.0, 0.0, 6.8683000000000005], lr=5.000e-05
Epoch: 0 [2950/10000 (30%)] Loss: 40.52501 = L_Mnfld: 10.76708 + L_NonMnfld: 16.00744 + L_Nrml: 0.00000 + L_Eknl: 8.29381 + L_Div: 0.00000 + L_Morse: 5.45668
Epoch: 0 [2950/10000 (30%)] Unweighted L_s : L_Mnfld: 0.00154,  L_NonMnfld: 0.02668,  L_Nrml: 0.00000,  L_Eknl: 0.16588, L_Morse: 0.79447

Weights: [7000.0, 600.0, 0, 50.0, 0.0, 6.8353], lr=5.000e-05
Epoch: 0 [2960/10000 (30%)] Loss: 39.61387 = L_Mnfld: 9.20818 + L_NonMnfld: 17.14599 + L_Nrml: 0.00000 + L_Eknl: 8.25933 + L_Div: 0.00000 + L_Morse: 5.00037
Epoch: 0 [2960/10000 (30%)] Unweighted L_s : L_Mnfld: 0.00132,  L_NonMnfld: 0.02858,  L_Nrml: 0.00000,  L_Eknl: 0.16519, L_Morse: 0.73155

Weights: [7000.0, 600.0, 0, 50.0, 0.0, 6.802300000000001], lr=5.000e-05
Epoch: 0 [2970/10000 (30%)] Loss: 38.73540 = L_Mnfld: 7.95699 + L_NonMnfld: 17.46492 + L_Nrml: 0.00000 + L_Eknl: 8.12147 + L_Div: 0.00000 + L_Morse: 5.19202
Epoch: 0 [2970/10000 (30%)] Unweighted L_s : L_Mnfld: 0.00114,  L_NonMnfld: 0.02911,  L_Nrml: 0.00000,  L_Eknl: 0.16243, L_Morse: 0.76327

Weights: [7000.0, 600.0, 0, 50.0, 0.0, 6.7693], lr=5.000e-05
Epoch: 0 [2980/10000 (30%)] Loss: 36.40716 = L_Mnfld: 7.03623 + L_NonMnfld: 16.52498 + L_Nrml: 0.00000 + L_Eknl: 7.93064 + L_Div: 0.00000 + L_Morse: 4.91530
Epoch: 0 [2980/10000 (30%)] Unweighted L_s : L_Mnfld: 0.00101,  L_NonMnfld: 0.02754,  L_Nrml: 0.00000,  L_Eknl: 0.15861, L_Morse: 0.72612

Weights: [7000.0, 600.0, 0, 50.0, 0.0, 6.7363], lr=5.000e-05
Epoch: 0 [2990/10000 (30%)] Loss: 37.33074 = L_Mnfld: 7.02770 + L_NonMnfld: 17.46429 + L_Nrml: 0.00000 + L_Eknl: 7.85519 + L_Div: 0.00000 + L_Morse: 4.98356
Epoch: 0 [2990/10000 (30%)] Unweighted L_s : L_Mnfld: 0.00100,  L_NonMnfld: 0.02911,  L_Nrml: 0.00000,  L_Eknl: 0.15710, L_Morse: 0.73981

Weights: [7000.0, 600.0, 0, 50.0, 0.0, 6.7033000000000005], lr=5.000e-05
Epoch: 0 [3000/10000 (30%)] Loss: 36.14344 = L_Mnfld: 6.42454 + L_NonMnfld: 16.89751 + L_Nrml: 0.00000 + L_Eknl: 7.78563 + L_Div: 0.00000 + L_Morse: 5.03576
Epoch: 0 [3000/10000 (30%)] Unweighted L_s : L_Mnfld: 0.00092,  L_NonMnfld: 0.02816,  L_Nrml: 0.00000,  L_Eknl: 0.15571, L_Morse: 0.75124

Weights: [7000.0, 600.0, 0, 50.0, 0.0, 6.6703], lr=5.000e-05
Epoch: 0 [3010/10000 (30%)] Loss: 35.64072 = L_Mnfld: 6.84363 + L_NonMnfld: 16.27063 + L_Nrml: 0.00000 + L_Eknl: 7.70967 + L_Div: 0.00000 + L_Morse: 4.81679
Epoch: 0 [3010/10000 (30%)] Unweighted L_s : L_Mnfld: 0.00098,  L_NonMnfld: 0.02712,  L_Nrml: 0.00000,  L_Eknl: 0.15419, L_Morse: 0.72213

Weights: [7000.0, 600.0, 0, 50.0, 0.0, 6.6373], lr=5.000e-05
Epoch: 0 [3020/10000 (30%)] Loss: 34.66057 = L_Mnfld: 6.48850 + L_NonMnfld: 15.65180 + L_Nrml: 0.00000 + L_Eknl: 7.75614 + L_Div: 0.00000 + L_Morse: 4.76412
Epoch: 0 [3020/10000 (30%)] Unweighted L_s : L_Mnfld: 0.00093,  L_NonMnfld: 0.02609,  L_Nrml: 0.00000,  L_Eknl: 0.15512, L_Morse: 0.71778

Weights: [7000.0, 600.0, 0, 50.0, 0.0, 6.6043], lr=5.000e-05
Epoch: 0 [3030/10000 (30%)] Loss: 34.82563 = L_Mnfld: 6.66454 + L_NonMnfld: 15.74823 + L_Nrml: 0.00000 + L_Eknl: 7.53838 + L_Div: 0.00000 + L_Morse: 4.87448
Epoch: 0 [3030/10000 (30%)] Unweighted L_s : L_Mnfld: 0.00095,  L_NonMnfld: 0.02625,  L_Nrml: 0.00000,  L_Eknl: 0.15077, L_Morse: 0.73808

Weights: [7000.0, 600.0, 0, 50.0, 0.0, 6.5713], lr=5.000e-05
Epoch: 0 [3040/10000 (30%)] Loss: 34.89379 = L_Mnfld: 6.60609 + L_NonMnfld: 15.41059 + L_Nrml: 0.00000 + L_Eknl: 7.76899 + L_Div: 0.00000 + L_Morse: 5.10811
Epoch: 0 [3040/10000 (30%)] Unweighted L_s : L_Mnfld: 0.00094,  L_NonMnfld: 0.02568,  L_Nrml: 0.00000,  L_Eknl: 0.15538, L_Morse: 0.77734

Weights: [7000.0, 600.0, 0, 50.0, 0.0, 6.5383], lr=5.000e-05
Epoch: 0 [3050/10000 (30%)] Loss: 34.73392 = L_Mnfld: 6.79723 + L_NonMnfld: 15.69936 + L_Nrml: 0.00000 + L_Eknl: 7.45013 + L_Div: 0.00000 + L_Morse: 4.78720
Epoch: 0 [3050/10000 (30%)] Unweighted L_s : L_Mnfld: 0.00097,  L_NonMnfld: 0.02617,  L_Nrml: 0.00000,  L_Eknl: 0.14900, L_Morse: 0.73218

Weights: [7000.0, 600.0, 0, 50.0, 0.0, 6.5053], lr=5.000e-05
Epoch: 0 [3060/10000 (31%)] Loss: 36.65550 = L_Mnfld: 6.25567 + L_NonMnfld: 17.86109 + L_Nrml: 0.00000 + L_Eknl: 7.59108 + L_Div: 0.00000 + L_Morse: 4.94766
Epoch: 0 [3060/10000 (31%)] Unweighted L_s : L_Mnfld: 0.00089,  L_NonMnfld: 0.02977,  L_Nrml: 0.00000,  L_Eknl: 0.15182, L_Morse: 0.76056

Weights: [7000.0, 600.0, 0, 50.0, 0.0, 6.4723], lr=5.000e-05
Epoch: 0 [3070/10000 (31%)] Loss: 35.72688 = L_Mnfld: 7.00838 + L_NonMnfld: 16.28098 + L_Nrml: 0.00000 + L_Eknl: 7.45419 + L_Div: 0.00000 + L_Morse: 4.98333
Epoch: 0 [3070/10000 (31%)] Unweighted L_s : L_Mnfld: 0.00100,  L_NonMnfld: 0.02713,  L_Nrml: 0.00000,  L_Eknl: 0.14908, L_Morse: 0.76995

Weights: [7000.0, 600.0, 0, 50.0, 0.0, 6.439299999999999], lr=5.000e-05
Epoch: 0 [3080/10000 (31%)] Loss: 33.58549 = L_Mnfld: 5.94965 + L_NonMnfld: 15.64851 + L_Nrml: 0.00000 + L_Eknl: 7.41678 + L_Div: 0.00000 + L_Morse: 4.57056
Epoch: 0 [3080/10000 (31%)] Unweighted L_s : L_Mnfld: 0.00085,  L_NonMnfld: 0.02608,  L_Nrml: 0.00000,  L_Eknl: 0.14834, L_Morse: 0.70979

Weights: [7000.0, 600.0, 0, 50.0, 0.0, 6.4063], lr=5.000e-05
Epoch: 0 [3090/10000 (31%)] Loss: 34.46215 = L_Mnfld: 6.52339 + L_NonMnfld: 15.74121 + L_Nrml: 0.00000 + L_Eknl: 7.42258 + L_Div: 0.00000 + L_Morse: 4.77498
Epoch: 0 [3090/10000 (31%)] Unweighted L_s : L_Mnfld: 0.00093,  L_NonMnfld: 0.02624,  L_Nrml: 0.00000,  L_Eknl: 0.14845, L_Morse: 0.74536

Weights: [7000.0, 600.0, 0, 50.0, 0.0, 6.3733], lr=5.000e-05
Epoch: 0 [3100/10000 (31%)] Loss: 34.89097 = L_Mnfld: 6.20355 + L_NonMnfld: 16.43363 + L_Nrml: 0.00000 + L_Eknl: 7.48725 + L_Div: 0.00000 + L_Morse: 4.76654
Epoch: 0 [3100/10000 (31%)] Unweighted L_s : L_Mnfld: 0.00089,  L_NonMnfld: 0.02739,  L_Nrml: 0.00000,  L_Eknl: 0.14975, L_Morse: 0.74789

Weights: [7000.0, 600.0, 0, 50.0, 0.0, 6.3403], lr=5.000e-05
Epoch: 0 [3110/10000 (31%)] Loss: 36.65179 = L_Mnfld: 7.51877 + L_NonMnfld: 17.07202 + L_Nrml: 0.00000 + L_Eknl: 7.43583 + L_Div: 0.00000 + L_Morse: 4.62515
Epoch: 0 [3110/10000 (31%)] Unweighted L_s : L_Mnfld: 0.00107,  L_NonMnfld: 0.02845,  L_Nrml: 0.00000,  L_Eknl: 0.14872, L_Morse: 0.72948

Weights: [7000.0, 600.0, 0, 50.0, 0.0, 6.3073], lr=5.000e-05
Epoch: 0 [3120/10000 (31%)] Loss: 34.86734 = L_Mnfld: 5.82705 + L_NonMnfld: 16.93879 + L_Nrml: 0.00000 + L_Eknl: 7.38595 + L_Div: 0.00000 + L_Morse: 4.71556
Epoch: 0 [3120/10000 (31%)] Unweighted L_s : L_Mnfld: 0.00083,  L_NonMnfld: 0.02823,  L_Nrml: 0.00000,  L_Eknl: 0.14772, L_Morse: 0.74764

Weights: [7000.0, 600.0, 0, 50.0, 0.0, 6.2743], lr=5.000e-05
Epoch: 0 [3130/10000 (31%)] Loss: 35.26545 = L_Mnfld: 7.24012 + L_NonMnfld: 15.73180 + L_Nrml: 0.00000 + L_Eknl: 7.47834 + L_Div: 0.00000 + L_Morse: 4.81519
Epoch: 0 [3130/10000 (31%)] Unweighted L_s : L_Mnfld: 0.00103,  L_NonMnfld: 0.02622,  L_Nrml: 0.00000,  L_Eknl: 0.14957, L_Morse: 0.76745

Weights: [7000.0, 600.0, 0, 50.0, 0.0, 6.2413], lr=5.000e-05
Epoch: 0 [3140/10000 (31%)] Loss: 34.53548 = L_Mnfld: 6.05673 + L_NonMnfld: 16.48919 + L_Nrml: 0.00000 + L_Eknl: 7.36422 + L_Div: 0.00000 + L_Morse: 4.62535
Epoch: 0 [3140/10000 (31%)] Unweighted L_s : L_Mnfld: 0.00087,  L_NonMnfld: 0.02748,  L_Nrml: 0.00000,  L_Eknl: 0.14728, L_Morse: 0.74109

Weights: [7000.0, 600.0, 0, 50.0, 0.0, 6.2082999999999995], lr=5.000e-05
Epoch: 0 [3150/10000 (32%)] Loss: 35.73567 = L_Mnfld: 7.10871 + L_NonMnfld: 16.68466 + L_Nrml: 0.00000 + L_Eknl: 7.32658 + L_Div: 0.00000 + L_Morse: 4.61572
Epoch: 0 [3150/10000 (32%)] Unweighted L_s : L_Mnfld: 0.00102,  L_NonMnfld: 0.02781,  L_Nrml: 0.00000,  L_Eknl: 0.14653, L_Morse: 0.74348

Weights: [7000.0, 600.0, 0, 50.0, 0.0, 6.1753], lr=5.000e-05
Epoch: 0 [3160/10000 (32%)] Loss: 33.27105 = L_Mnfld: 6.24767 + L_NonMnfld: 14.96921 + L_Nrml: 0.00000 + L_Eknl: 7.40083 + L_Div: 0.00000 + L_Morse: 4.65334
Epoch: 0 [3160/10000 (32%)] Unweighted L_s : L_Mnfld: 0.00089,  L_NonMnfld: 0.02495,  L_Nrml: 0.00000,  L_Eknl: 0.14802, L_Morse: 0.75354

Weights: [7000.0, 600.0, 0, 50.0, 0.0, 6.1423], lr=5.000e-05
Epoch: 0 [3170/10000 (32%)] Loss: 35.55566 = L_Mnfld: 7.56755 + L_NonMnfld: 15.84898 + L_Nrml: 0.00000 + L_Eknl: 7.43732 + L_Div: 0.00000 + L_Morse: 4.70180
Epoch: 0 [3170/10000 (32%)] Unweighted L_s : L_Mnfld: 0.00108,  L_NonMnfld: 0.02641,  L_Nrml: 0.00000,  L_Eknl: 0.14875, L_Morse: 0.76548

Weights: [7000.0, 600.0, 0, 50.0, 0.0, 6.109299999999999], lr=5.000e-05
Epoch: 0 [3180/10000 (32%)] Loss: 35.34764 = L_Mnfld: 6.71911 + L_NonMnfld: 16.78785 + L_Nrml: 0.00000 + L_Eknl: 7.19498 + L_Div: 0.00000 + L_Morse: 4.64570
Epoch: 0 [3180/10000 (32%)] Unweighted L_s : L_Mnfld: 0.00096,  L_NonMnfld: 0.02798,  L_Nrml: 0.00000,  L_Eknl: 0.14390, L_Morse: 0.76043

Weights: [7000.0, 600.0, 0, 50.0, 0.0, 6.0763], lr=5.000e-05
Epoch: 0 [3190/10000 (32%)] Loss: 35.69534 = L_Mnfld: 6.72150 + L_NonMnfld: 16.78713 + L_Nrml: 0.00000 + L_Eknl: 7.27686 + L_Div: 0.00000 + L_Morse: 4.90985
Epoch: 0 [3190/10000 (32%)] Unweighted L_s : L_Mnfld: 0.00096,  L_NonMnfld: 0.02798,  L_Nrml: 0.00000,  L_Eknl: 0.14554, L_Morse: 0.80803

Weights: [7000.0, 600.0, 0, 50.0, 0.0, 6.0432999999999995], lr=5.000e-05
Epoch: 0 [3200/10000 (32%)] Loss: 34.58852 = L_Mnfld: 6.07419 + L_NonMnfld: 16.76217 + L_Nrml: 0.00000 + L_Eknl: 7.18081 + L_Div: 0.00000 + L_Morse: 4.57134
Epoch: 0 [3200/10000 (32%)] Unweighted L_s : L_Mnfld: 0.00087,  L_NonMnfld: 0.02794,  L_Nrml: 0.00000,  L_Eknl: 0.14362, L_Morse: 0.75643

Weights: [7000.0, 600.0, 0, 50.0, 0.0, 6.010299999999999], lr=5.000e-05
Epoch: 0 [3210/10000 (32%)] Loss: 33.11337 = L_Mnfld: 6.18832 + L_NonMnfld: 15.29429 + L_Nrml: 0.00000 + L_Eknl: 7.07570 + L_Div: 0.00000 + L_Morse: 4.55506
Epoch: 0 [3210/10000 (32%)] Unweighted L_s : L_Mnfld: 0.00088,  L_NonMnfld: 0.02549,  L_Nrml: 0.00000,  L_Eknl: 0.14151, L_Morse: 0.75788

Weights: [7000.0, 600.0, 0, 50.0, 0.0, 5.9773], lr=5.000e-05
Epoch: 0 [3220/10000 (32%)] Loss: 35.41013 = L_Mnfld: 6.52893 + L_NonMnfld: 17.14924 + L_Nrml: 0.00000 + L_Eknl: 7.15238 + L_Div: 0.00000 + L_Morse: 4.57958
Epoch: 0 [3220/10000 (32%)] Unweighted L_s : L_Mnfld: 0.00093,  L_NonMnfld: 0.02858,  L_Nrml: 0.00000,  L_Eknl: 0.14305, L_Morse: 0.76616

Weights: [7000.0, 600.0, 0, 50.0, 0.0, 5.944299999999999], lr=5.000e-05
Epoch: 0 [3230/10000 (32%)] Loss: 32.56900 = L_Mnfld: 6.51867 + L_NonMnfld: 14.70169 + L_Nrml: 0.00000 + L_Eknl: 7.03430 + L_Div: 0.00000 + L_Morse: 4.31435
Epoch: 0 [3230/10000 (32%)] Unweighted L_s : L_Mnfld: 0.00093,  L_NonMnfld: 0.02450,  L_Nrml: 0.00000,  L_Eknl: 0.14069, L_Morse: 0.72580

Weights: [7000.0, 600.0, 0, 50.0, 0.0, 5.911299999999999], lr=5.000e-05
Epoch: 0 [3240/10000 (32%)] Loss: 33.76460 = L_Mnfld: 6.68843 + L_NonMnfld: 15.38103 + L_Nrml: 0.00000 + L_Eknl: 7.15517 + L_Div: 0.00000 + L_Morse: 4.53996
Epoch: 0 [3240/10000 (32%)] Unweighted L_s : L_Mnfld: 0.00096,  L_NonMnfld: 0.02564,  L_Nrml: 0.00000,  L_Eknl: 0.14310, L_Morse: 0.76801

Weights: [7000.0, 600.0, 0, 50.0, 0.0, 5.878299999999999], lr=5.000e-05
Epoch: 0 [3250/10000 (32%)] Loss: 33.86903 = L_Mnfld: 6.33242 + L_NonMnfld: 16.08885 + L_Nrml: 0.00000 + L_Eknl: 7.06192 + L_Div: 0.00000 + L_Morse: 4.38583
Epoch: 0 [3250/10000 (32%)] Unweighted L_s : L_Mnfld: 0.00090,  L_NonMnfld: 0.02681,  L_Nrml: 0.00000,  L_Eknl: 0.14124, L_Morse: 0.74611

Weights: [7000.0, 600.0, 0, 50.0, 0.0, 5.845299999999999], lr=5.000e-05
Epoch: 0 [3260/10000 (33%)] Loss: 32.97612 = L_Mnfld: 5.72921 + L_NonMnfld: 15.52595 + L_Nrml: 0.00000 + L_Eknl: 7.13665 + L_Div: 0.00000 + L_Morse: 4.58431
Epoch: 0 [3260/10000 (33%)] Unweighted L_s : L_Mnfld: 0.00082,  L_NonMnfld: 0.02588,  L_Nrml: 0.00000,  L_Eknl: 0.14273, L_Morse: 0.78427

Weights: [7000.0, 600.0, 0, 50.0, 0.0, 5.812299999999999], lr=5.000e-05
Epoch: 0 [3270/10000 (33%)] Loss: 35.96530 = L_Mnfld: 7.28369 + L_NonMnfld: 17.24049 + L_Nrml: 0.00000 + L_Eknl: 7.07102 + L_Div: 0.00000 + L_Morse: 4.37010
Epoch: 0 [3270/10000 (33%)] Unweighted L_s : L_Mnfld: 0.00104,  L_NonMnfld: 0.02873,  L_Nrml: 0.00000,  L_Eknl: 0.14142, L_Morse: 0.75187

Weights: [7000.0, 600.0, 0, 50.0, 0.0, 5.779299999999999], lr=5.000e-05
Epoch: 0 [3280/10000 (33%)] Loss: 34.30139 = L_Mnfld: 6.47262 + L_NonMnfld: 16.44374 + L_Nrml: 0.00000 + L_Eknl: 7.03590 + L_Div: 0.00000 + L_Morse: 4.34912
Epoch: 0 [3280/10000 (33%)] Unweighted L_s : L_Mnfld: 0.00092,  L_NonMnfld: 0.02741,  L_Nrml: 0.00000,  L_Eknl: 0.14072, L_Morse: 0.75253

Weights: [7000.0, 600.0, 0, 50.0, 0.0, 5.746299999999999], lr=5.000e-05
Epoch: 0 [3290/10000 (33%)] Loss: 33.25605 = L_Mnfld: 6.39777 + L_NonMnfld: 15.34186 + L_Nrml: 0.00000 + L_Eknl: 7.03161 + L_Div: 0.00000 + L_Morse: 4.48481
Epoch: 0 [3290/10000 (33%)] Unweighted L_s : L_Mnfld: 0.00091,  L_NonMnfld: 0.02557,  L_Nrml: 0.00000,  L_Eknl: 0.14063, L_Morse: 0.78047

Weights: [7000.0, 600.0, 0, 50.0, 0.0, 5.713299999999999], lr=5.000e-05
Epoch: 0 [3300/10000 (33%)] Loss: 32.57764 = L_Mnfld: 5.90169 + L_NonMnfld: 15.50400 + L_Nrml: 0.00000 + L_Eknl: 7.01035 + L_Div: 0.00000 + L_Morse: 4.16161
Epoch: 0 [3300/10000 (33%)] Unweighted L_s : L_Mnfld: 0.00084,  L_NonMnfld: 0.02584,  L_Nrml: 0.00000,  L_Eknl: 0.14021, L_Morse: 0.72841

Weights: [7000.0, 600.0, 0, 50.0, 0.0, 5.680299999999999], lr=5.000e-05
Epoch: 0 [3310/10000 (33%)] Loss: 34.10436 = L_Mnfld: 6.35383 + L_NonMnfld: 16.66173 + L_Nrml: 0.00000 + L_Eknl: 6.92249 + L_Div: 0.00000 + L_Morse: 4.16631
Epoch: 0 [3310/10000 (33%)] Unweighted L_s : L_Mnfld: 0.00091,  L_NonMnfld: 0.02777,  L_Nrml: 0.00000,  L_Eknl: 0.13845, L_Morse: 0.73347

Weights: [7000.0, 600.0, 0, 50.0, 0.0, 5.6473], lr=5.000e-05
Epoch: 0 [3320/10000 (33%)] Loss: 34.19821 = L_Mnfld: 6.34364 + L_NonMnfld: 16.48385 + L_Nrml: 0.00000 + L_Eknl: 6.97053 + L_Div: 0.00000 + L_Morse: 4.40019
Epoch: 0 [3320/10000 (33%)] Unweighted L_s : L_Mnfld: 0.00091,  L_NonMnfld: 0.02747,  L_Nrml: 0.00000,  L_Eknl: 0.13941, L_Morse: 0.77917

Weights: [7000.0, 600.0, 0, 50.0, 0.0, 5.614300000000001], lr=5.000e-05
Epoch: 0 [3330/10000 (33%)] Loss: 32.47840 = L_Mnfld: 6.19484 + L_NonMnfld: 15.01424 + L_Nrml: 0.00000 + L_Eknl: 7.01665 + L_Div: 0.00000 + L_Morse: 4.25267
Epoch: 0 [3330/10000 (33%)] Unweighted L_s : L_Mnfld: 0.00088,  L_NonMnfld: 0.02502,  L_Nrml: 0.00000,  L_Eknl: 0.14033, L_Morse: 0.75747

Weights: [7000.0, 600.0, 0, 50.0, 0.0, 5.581300000000001], lr=5.000e-05
Epoch: 0 [3340/10000 (33%)] Loss: 32.95587 = L_Mnfld: 5.65009 + L_NonMnfld: 15.99165 + L_Nrml: 0.00000 + L_Eknl: 6.90995 + L_Div: 0.00000 + L_Morse: 4.40419
Epoch: 0 [3340/10000 (33%)] Unweighted L_s : L_Mnfld: 0.00081,  L_NonMnfld: 0.02665,  L_Nrml: 0.00000,  L_Eknl: 0.13820, L_Morse: 0.78910

Weights: [7000.0, 600.0, 0, 50.0, 0.0, 5.5483], lr=5.000e-05
Epoch: 0 [3350/10000 (34%)] Loss: 33.88182 = L_Mnfld: 6.19555 + L_NonMnfld: 16.49491 + L_Nrml: 0.00000 + L_Eknl: 6.87696 + L_Div: 0.00000 + L_Morse: 4.31440
Epoch: 0 [3350/10000 (34%)] Unweighted L_s : L_Mnfld: 0.00089,  L_NonMnfld: 0.02749,  L_Nrml: 0.00000,  L_Eknl: 0.13754, L_Morse: 0.77761

Weights: [7000.0, 600.0, 0, 50.0, 0.0, 5.515300000000001], lr=5.000e-05
Epoch: 0 [3360/10000 (34%)] Loss: 33.36118 = L_Mnfld: 5.38303 + L_NonMnfld: 16.64445 + L_Nrml: 0.00000 + L_Eknl: 6.91099 + L_Div: 0.00000 + L_Morse: 4.42271
Epoch: 0 [3360/10000 (34%)] Unweighted L_s : L_Mnfld: 0.00077,  L_NonMnfld: 0.02774,  L_Nrml: 0.00000,  L_Eknl: 0.13822, L_Morse: 0.80190

Weights: [7000.0, 600.0, 0, 50.0, 0.0, 5.4823], lr=5.000e-05
Epoch: 0 [3370/10000 (34%)] Loss: 33.49409 = L_Mnfld: 6.53575 + L_NonMnfld: 15.57230 + L_Nrml: 0.00000 + L_Eknl: 6.85021 + L_Div: 0.00000 + L_Morse: 4.53583
Epoch: 0 [3370/10000 (34%)] Unweighted L_s : L_Mnfld: 0.00093,  L_NonMnfld: 0.02595,  L_Nrml: 0.00000,  L_Eknl: 0.13700, L_Morse: 0.82736

Weights: [7000.0, 600.0, 0, 50.0, 0.0, 5.4493], lr=5.000e-05
Epoch: 0 [3380/10000 (34%)] Loss: 31.60276 = L_Mnfld: 5.88818 + L_NonMnfld: 14.55889 + L_Nrml: 0.00000 + L_Eknl: 6.90006 + L_Div: 0.00000 + L_Morse: 4.25564
Epoch: 0 [3380/10000 (34%)] Unweighted L_s : L_Mnfld: 0.00084,  L_NonMnfld: 0.02426,  L_Nrml: 0.00000,  L_Eknl: 0.13800, L_Morse: 0.78095

Weights: [7000.0, 600.0, 0, 50.0, 0.0, 5.416300000000001], lr=5.000e-05
Epoch: 0 [3390/10000 (34%)] Loss: 32.78064 = L_Mnfld: 7.00435 + L_NonMnfld: 14.70154 + L_Nrml: 0.00000 + L_Eknl: 6.87071 + L_Div: 0.00000 + L_Morse: 4.20405
Epoch: 0 [3390/10000 (34%)] Unweighted L_s : L_Mnfld: 0.00100,  L_NonMnfld: 0.02450,  L_Nrml: 0.00000,  L_Eknl: 0.13741, L_Morse: 0.77619

Weights: [7000.0, 600.0, 0, 50.0, 0.0, 5.383300000000001], lr=5.000e-05
Epoch: 0 [3400/10000 (34%)] Loss: 33.53562 = L_Mnfld: 6.04513 + L_NonMnfld: 16.51182 + L_Nrml: 0.00000 + L_Eknl: 6.75566 + L_Div: 0.00000 + L_Morse: 4.22302
Epoch: 0 [3400/10000 (34%)] Unweighted L_s : L_Mnfld: 0.00086,  L_NonMnfld: 0.02752,  L_Nrml: 0.00000,  L_Eknl: 0.13511, L_Morse: 0.78447

Weights: [7000.0, 600.0, 0, 50.0, 0.0, 5.350300000000001], lr=5.000e-05
Epoch: 0 [3410/10000 (34%)] Loss: 33.08817 = L_Mnfld: 5.91123 + L_NonMnfld: 15.94302 + L_Nrml: 0.00000 + L_Eknl: 6.81255 + L_Div: 0.00000 + L_Morse: 4.42137
Epoch: 0 [3410/10000 (34%)] Unweighted L_s : L_Mnfld: 0.00084,  L_NonMnfld: 0.02657,  L_Nrml: 0.00000,  L_Eknl: 0.13625, L_Morse: 0.82638

Weights: [7000.0, 600.0, 0, 50.0, 0.0, 5.317300000000001], lr=5.000e-05
Epoch: 0 [3420/10000 (34%)] Loss: 33.09579 = L_Mnfld: 6.02445 + L_NonMnfld: 16.01253 + L_Nrml: 0.00000 + L_Eknl: 6.89926 + L_Div: 0.00000 + L_Morse: 4.15955
Epoch: 0 [3420/10000 (34%)] Unweighted L_s : L_Mnfld: 0.00086,  L_NonMnfld: 0.02669,  L_Nrml: 0.00000,  L_Eknl: 0.13799, L_Morse: 0.78227

Weights: [7000.0, 600.0, 0, 50.0, 0.0, 5.284300000000001], lr=5.000e-05
Epoch: 0 [3430/10000 (34%)] Loss: 33.05992 = L_Mnfld: 7.22874 + L_NonMnfld: 14.73771 + L_Nrml: 0.00000 + L_Eknl: 6.70509 + L_Div: 0.00000 + L_Morse: 4.38838
Epoch: 0 [3430/10000 (34%)] Unweighted L_s : L_Mnfld: 0.00103,  L_NonMnfld: 0.02456,  L_Nrml: 0.00000,  L_Eknl: 0.13410, L_Morse: 0.83046

Weights: [7000.0, 600.0, 0, 50.0, 0.0, 5.2513000000000005], lr=5.000e-05
Epoch: 0 [3440/10000 (34%)] Loss: 32.49370 = L_Mnfld: 5.94543 + L_NonMnfld: 15.66114 + L_Nrml: 0.00000 + L_Eknl: 6.65897 + L_Div: 0.00000 + L_Morse: 4.22816
Epoch: 0 [3440/10000 (34%)] Unweighted L_s : L_Mnfld: 0.00085,  L_NonMnfld: 0.02610,  L_Nrml: 0.00000,  L_Eknl: 0.13318, L_Morse: 0.80516

Weights: [7000.0, 600.0, 0, 50.0, 0.0, 5.218300000000001], lr=5.000e-05
Epoch: 0 [3450/10000 (34%)] Loss: 34.38055 = L_Mnfld: 6.51369 + L_NonMnfld: 16.97922 + L_Nrml: 0.00000 + L_Eknl: 6.80217 + L_Div: 0.00000 + L_Morse: 4.08547
Epoch: 0 [3450/10000 (34%)] Unweighted L_s : L_Mnfld: 0.00093,  L_NonMnfld: 0.02830,  L_Nrml: 0.00000,  L_Eknl: 0.13604, L_Morse: 0.78291

Weights: [7000.0, 600.0, 0, 50.0, 0.0, 5.185300000000001], lr=5.000e-05
Epoch: 0 [3460/10000 (35%)] Loss: 32.17951 = L_Mnfld: 6.18083 + L_NonMnfld: 15.19696 + L_Nrml: 0.00000 + L_Eknl: 6.65521 + L_Div: 0.00000 + L_Morse: 4.14651
Epoch: 0 [3460/10000 (35%)] Unweighted L_s : L_Mnfld: 0.00088,  L_NonMnfld: 0.02533,  L_Nrml: 0.00000,  L_Eknl: 0.13310, L_Morse: 0.79967

Weights: [7000.0, 600.0, 0, 50.0, 0.0, 5.1523], lr=5.000e-05
Epoch: 0 [3470/10000 (35%)] Loss: 32.82211 = L_Mnfld: 6.07017 + L_NonMnfld: 16.01917 + L_Nrml: 0.00000 + L_Eknl: 6.53911 + L_Div: 0.00000 + L_Morse: 4.19366
Epoch: 0 [3470/10000 (35%)] Unweighted L_s : L_Mnfld: 0.00087,  L_NonMnfld: 0.02670,  L_Nrml: 0.00000,  L_Eknl: 0.13078, L_Morse: 0.81394

Weights: [7000.0, 600.0, 0, 50.0, 0.0, 5.119300000000001], lr=5.000e-05
Epoch: 0 [3480/10000 (35%)] Loss: 31.67581 = L_Mnfld: 5.66053 + L_NonMnfld: 15.31726 + L_Nrml: 0.00000 + L_Eknl: 6.56327 + L_Div: 0.00000 + L_Morse: 4.13475
Epoch: 0 [3480/10000 (35%)] Unweighted L_s : L_Mnfld: 0.00081,  L_NonMnfld: 0.02553,  L_Nrml: 0.00000,  L_Eknl: 0.13127, L_Morse: 0.80768

Weights: [7000.0, 600.0, 0, 50.0, 0.0, 5.0863000000000005], lr=5.000e-05
Epoch: 0 [3490/10000 (35%)] Loss: 32.42641 = L_Mnfld: 5.90813 + L_NonMnfld: 15.62673 + L_Nrml: 0.00000 + L_Eknl: 6.65859 + L_Div: 0.00000 + L_Morse: 4.23296
Epoch: 0 [3490/10000 (35%)] Unweighted L_s : L_Mnfld: 0.00084,  L_NonMnfld: 0.02604,  L_Nrml: 0.00000,  L_Eknl: 0.13317, L_Morse: 0.83223

Weights: [7000.0, 600.0, 0, 50.0, 0.0, 5.0533], lr=5.000e-05
Epoch: 0 [3500/10000 (35%)] Loss: 31.55094 = L_Mnfld: 5.70896 + L_NonMnfld: 15.31088 + L_Nrml: 0.00000 + L_Eknl: 6.55056 + L_Div: 0.00000 + L_Morse: 3.98054
Epoch: 0 [3500/10000 (35%)] Unweighted L_s : L_Mnfld: 0.00082,  L_NonMnfld: 0.02552,  L_Nrml: 0.00000,  L_Eknl: 0.13101, L_Morse: 0.78771

Weights: [7000.0, 600.0, 0, 50.0, 0.0, 5.020300000000001], lr=5.000e-05
Epoch: 0 [3510/10000 (35%)] Loss: 33.06447 = L_Mnfld: 5.60788 + L_NonMnfld: 16.58958 + L_Nrml: 0.00000 + L_Eknl: 6.61068 + L_Div: 0.00000 + L_Morse: 4.25632
Epoch: 0 [3510/10000 (35%)] Unweighted L_s : L_Mnfld: 0.00080,  L_NonMnfld: 0.02765,  L_Nrml: 0.00000,  L_Eknl: 0.13221, L_Morse: 0.84782

Weights: [7000.0, 600.0, 0, 50.0, 0.0, 4.9873], lr=5.000e-05
Epoch: 0 [3520/10000 (35%)] Loss: 32.96550 = L_Mnfld: 5.32533 + L_NonMnfld: 17.21248 + L_Nrml: 0.00000 + L_Eknl: 6.38487 + L_Div: 0.00000 + L_Morse: 4.04282
Epoch: 0 [3520/10000 (35%)] Unweighted L_s : L_Mnfld: 0.00076,  L_NonMnfld: 0.02869,  L_Nrml: 0.00000,  L_Eknl: 0.12770, L_Morse: 0.81062

Weights: [7000.0, 600.0, 0, 50.0, 0.0, 4.9543], lr=5.000e-05
Epoch: 0 [3530/10000 (35%)] Loss: 32.02807 = L_Mnfld: 6.12465 + L_NonMnfld: 15.38026 + L_Nrml: 0.00000 + L_Eknl: 6.66908 + L_Div: 0.00000 + L_Morse: 3.85409
Epoch: 0 [3530/10000 (35%)] Unweighted L_s : L_Mnfld: 0.00087,  L_NonMnfld: 0.02563,  L_Nrml: 0.00000,  L_Eknl: 0.13338, L_Morse: 0.77793

Weights: [7000.0, 600.0, 0, 50.0, 0.0, 4.9213000000000005], lr=5.000e-05
Epoch: 0 [3540/10000 (35%)] Loss: 31.71901 = L_Mnfld: 5.36788 + L_NonMnfld: 16.02957 + L_Nrml: 0.00000 + L_Eknl: 6.50688 + L_Div: 0.00000 + L_Morse: 3.81468
Epoch: 0 [3540/10000 (35%)] Unweighted L_s : L_Mnfld: 0.00077,  L_NonMnfld: 0.02672,  L_Nrml: 0.00000,  L_Eknl: 0.13014, L_Morse: 0.77514

Weights: [7000.0, 600.0, 0, 50.0, 0.0, 4.8883], lr=5.000e-05
Epoch: 0 [3550/10000 (36%)] Loss: 32.11612 = L_Mnfld: 7.13114 + L_NonMnfld: 14.44887 + L_Nrml: 0.00000 + L_Eknl: 6.57254 + L_Div: 0.00000 + L_Morse: 3.96357
Epoch: 0 [3550/10000 (36%)] Unweighted L_s : L_Mnfld: 0.00102,  L_NonMnfld: 0.02408,  L_Nrml: 0.00000,  L_Eknl: 0.13145, L_Morse: 0.81083

Weights: [7000.0, 600.0, 0, 50.0, 0.0, 4.8553], lr=5.000e-05
Epoch: 0 [3560/10000 (36%)] Loss: 31.64687 = L_Mnfld: 6.11964 + L_NonMnfld: 14.86142 + L_Nrml: 0.00000 + L_Eknl: 6.57714 + L_Div: 0.00000 + L_Morse: 4.08868
Epoch: 0 [3560/10000 (36%)] Unweighted L_s : L_Mnfld: 0.00087,  L_NonMnfld: 0.02477,  L_Nrml: 0.00000,  L_Eknl: 0.13154, L_Morse: 0.84211

Weights: [7000.0, 600.0, 0, 50.0, 0.0, 4.8223], lr=5.000e-05
Epoch: 0 [3570/10000 (36%)] Loss: 31.41069 = L_Mnfld: 5.86199 + L_NonMnfld: 15.37058 + L_Nrml: 0.00000 + L_Eknl: 6.33286 + L_Div: 0.00000 + L_Morse: 3.84526
Epoch: 0 [3570/10000 (36%)] Unweighted L_s : L_Mnfld: 0.00084,  L_NonMnfld: 0.02562,  L_Nrml: 0.00000,  L_Eknl: 0.12666, L_Morse: 0.79739

Weights: [7000.0, 600.0, 0, 50.0, 0.0, 4.7893], lr=5.000e-05
Epoch: 0 [3580/10000 (36%)] Loss: 32.24716 = L_Mnfld: 6.41480 + L_NonMnfld: 15.49418 + L_Nrml: 0.00000 + L_Eknl: 6.43420 + L_Div: 0.00000 + L_Morse: 3.90397
Epoch: 0 [3580/10000 (36%)] Unweighted L_s : L_Mnfld: 0.00092,  L_NonMnfld: 0.02582,  L_Nrml: 0.00000,  L_Eknl: 0.12868, L_Morse: 0.81514

Weights: [7000.0, 600.0, 0, 50.0, 0.0, 4.7562999999999995], lr=5.000e-05
Epoch: 0 [3590/10000 (36%)] Loss: 31.09959 = L_Mnfld: 5.50278 + L_NonMnfld: 15.15553 + L_Nrml: 0.00000 + L_Eknl: 6.40272 + L_Div: 0.00000 + L_Morse: 4.03856
Epoch: 0 [3590/10000 (36%)] Unweighted L_s : L_Mnfld: 0.00079,  L_NonMnfld: 0.02526,  L_Nrml: 0.00000,  L_Eknl: 0.12805, L_Morse: 0.84910

Weights: [7000.0, 600.0, 0, 50.0, 0.0, 4.7233], lr=5.000e-05
Epoch: 0 [3600/10000 (36%)] Loss: 32.11549 = L_Mnfld: 6.21318 + L_NonMnfld: 15.44371 + L_Nrml: 0.00000 + L_Eknl: 6.51376 + L_Div: 0.00000 + L_Morse: 3.94483
Epoch: 0 [3600/10000 (36%)] Unweighted L_s : L_Mnfld: 0.00089,  L_NonMnfld: 0.02574,  L_Nrml: 0.00000,  L_Eknl: 0.13028, L_Morse: 0.83519

Weights: [7000.0, 600.0, 0, 50.0, 0.0, 4.690300000000001], lr=5.000e-05
Epoch: 0 [3610/10000 (36%)] Loss: 32.22630 = L_Mnfld: 6.60867 + L_NonMnfld: 14.94632 + L_Nrml: 0.00000 + L_Eknl: 6.52817 + L_Div: 0.00000 + L_Morse: 4.14313
Epoch: 0 [3610/10000 (36%)] Unweighted L_s : L_Mnfld: 0.00094,  L_NonMnfld: 0.02491,  L_Nrml: 0.00000,  L_Eknl: 0.13056, L_Morse: 0.88334

Weights: [7000.0, 600.0, 0, 50.0, 0.0, 4.6573], lr=5.000e-05
Epoch: 0 [3620/10000 (36%)] Loss: 31.76848 = L_Mnfld: 5.72010 + L_NonMnfld: 15.71597 + L_Nrml: 0.00000 + L_Eknl: 6.45986 + L_Div: 0.00000 + L_Morse: 3.87254
Epoch: 0 [3620/10000 (36%)] Unweighted L_s : L_Mnfld: 0.00082,  L_NonMnfld: 0.02619,  L_Nrml: 0.00000,  L_Eknl: 0.12920, L_Morse: 0.83150

Weights: [7000.0, 600.0, 0, 50.0, 0.0, 4.6243], lr=5.000e-05
Epoch: 0 [3630/10000 (36%)] Loss: 32.43537 = L_Mnfld: 6.28591 + L_NonMnfld: 15.90541 + L_Nrml: 0.00000 + L_Eknl: 6.41821 + L_Div: 0.00000 + L_Morse: 3.82583
Epoch: 0 [3630/10000 (36%)] Unweighted L_s : L_Mnfld: 0.00090,  L_NonMnfld: 0.02651,  L_Nrml: 0.00000,  L_Eknl: 0.12836, L_Morse: 0.82733

Weights: [7000.0, 600.0, 0, 50.0, 0.0, 4.5913], lr=5.000e-05
Epoch: 0 [3640/10000 (36%)] Loss: 31.28496 = L_Mnfld: 5.20746 + L_NonMnfld: 16.10671 + L_Nrml: 0.00000 + L_Eknl: 6.38118 + L_Div: 0.00000 + L_Morse: 3.58961
Epoch: 0 [3640/10000 (36%)] Unweighted L_s : L_Mnfld: 0.00074,  L_NonMnfld: 0.02684,  L_Nrml: 0.00000,  L_Eknl: 0.12762, L_Morse: 0.78183

Weights: [7000.0, 600.0, 0, 50.0, 0.0, 4.5583], lr=5.000e-05
Epoch: 0 [3650/10000 (36%)] Loss: 31.64175 = L_Mnfld: 6.05800 + L_NonMnfld: 15.33522 + L_Nrml: 0.00000 + L_Eknl: 6.42937 + L_Div: 0.00000 + L_Morse: 3.81917
Epoch: 0 [3650/10000 (36%)] Unweighted L_s : L_Mnfld: 0.00087,  L_NonMnfld: 0.02556,  L_Nrml: 0.00000,  L_Eknl: 0.12859, L_Morse: 0.83785

Weights: [7000.0, 600.0, 0, 50.0, 0.0, 4.5253], lr=5.000e-05
Epoch: 0 [3660/10000 (37%)] Loss: 31.11953 = L_Mnfld: 5.52823 + L_NonMnfld: 15.44473 + L_Nrml: 0.00000 + L_Eknl: 6.37616 + L_Div: 0.00000 + L_Morse: 3.77040
Epoch: 0 [3660/10000 (37%)] Unweighted L_s : L_Mnfld: 0.00079,  L_NonMnfld: 0.02574,  L_Nrml: 0.00000,  L_Eknl: 0.12752, L_Morse: 0.83318

Weights: [7000.0, 600.0, 0, 50.0, 0.0, 4.4923], lr=5.000e-05
Epoch: 0 [3670/10000 (37%)] Loss: 32.88972 = L_Mnfld: 6.60636 + L_NonMnfld: 16.13098 + L_Nrml: 0.00000 + L_Eknl: 6.42764 + L_Div: 0.00000 + L_Morse: 3.72474
Epoch: 0 [3670/10000 (37%)] Unweighted L_s : L_Mnfld: 0.00094,  L_NonMnfld: 0.02688,  L_Nrml: 0.00000,  L_Eknl: 0.12855, L_Morse: 0.82914

Weights: [7000.0, 600.0, 0, 50.0, 0.0, 4.4593], lr=5.000e-05
Epoch: 0 [3680/10000 (37%)] Loss: 32.48124 = L_Mnfld: 6.00433 + L_NonMnfld: 16.14179 + L_Nrml: 0.00000 + L_Eknl: 6.48540 + L_Div: 0.00000 + L_Morse: 3.84972
Epoch: 0 [3680/10000 (37%)] Unweighted L_s : L_Mnfld: 0.00086,  L_NonMnfld: 0.02690,  L_Nrml: 0.00000,  L_Eknl: 0.12971, L_Morse: 0.86330

Weights: [7000.0, 600.0, 0, 50.0, 0.0, 4.4262999999999995], lr=5.000e-05
Epoch: 0 [3690/10000 (37%)] Loss: 31.42445 = L_Mnfld: 5.94911 + L_NonMnfld: 15.06464 + L_Nrml: 0.00000 + L_Eknl: 6.55143 + L_Div: 0.00000 + L_Morse: 3.85926
Epoch: 0 [3690/10000 (37%)] Unweighted L_s : L_Mnfld: 0.00085,  L_NonMnfld: 0.02511,  L_Nrml: 0.00000,  L_Eknl: 0.13103, L_Morse: 0.87189

Weights: [7000.0, 600.0, 0, 50.0, 0.0, 4.3933], lr=5.000e-05
Epoch: 0 [3700/10000 (37%)] Loss: 30.77740 = L_Mnfld: 6.68301 + L_NonMnfld: 13.95110 + L_Nrml: 0.00000 + L_Eknl: 6.42149 + L_Div: 0.00000 + L_Morse: 3.72180
Epoch: 0 [3700/10000 (37%)] Unweighted L_s : L_Mnfld: 0.00095,  L_NonMnfld: 0.02325,  L_Nrml: 0.00000,  L_Eknl: 0.12843, L_Morse: 0.84715

Weights: [7000.0, 600.0, 0, 50.0, 0.0, 4.3603], lr=5.000e-05
Epoch: 0 [3710/10000 (37%)] Loss: 31.73509 = L_Mnfld: 6.47520 + L_NonMnfld: 14.96785 + L_Nrml: 0.00000 + L_Eknl: 6.33783 + L_Div: 0.00000 + L_Morse: 3.95420
Epoch: 0 [3710/10000 (37%)] Unweighted L_s : L_Mnfld: 0.00093,  L_NonMnfld: 0.02495,  L_Nrml: 0.00000,  L_Eknl: 0.12676, L_Morse: 0.90686

Weights: [7000.0, 600.0, 0, 50.0, 0.0, 4.327299999999999], lr=5.000e-05
Epoch: 0 [3720/10000 (37%)] Loss: 31.80371 = L_Mnfld: 6.44286 + L_NonMnfld: 15.17160 + L_Nrml: 0.00000 + L_Eknl: 6.37079 + L_Div: 0.00000 + L_Morse: 3.81846
Epoch: 0 [3720/10000 (37%)] Unweighted L_s : L_Mnfld: 0.00092,  L_NonMnfld: 0.02529,  L_Nrml: 0.00000,  L_Eknl: 0.12742, L_Morse: 0.88241

Weights: [7000.0, 600.0, 0, 50.0, 0.0, 4.2943], lr=5.000e-05
Epoch: 0 [3730/10000 (37%)] Loss: 32.37649 = L_Mnfld: 6.03470 + L_NonMnfld: 16.08980 + L_Nrml: 0.00000 + L_Eknl: 6.53968 + L_Div: 0.00000 + L_Morse: 3.71231
Epoch: 0 [3730/10000 (37%)] Unweighted L_s : L_Mnfld: 0.00086,  L_NonMnfld: 0.02682,  L_Nrml: 0.00000,  L_Eknl: 0.13079, L_Morse: 0.86447

Weights: [7000.0, 600.0, 0, 50.0, 0.0, 4.261299999999999], lr=5.000e-05
Epoch: 0 [3740/10000 (37%)] Loss: 32.16635 = L_Mnfld: 5.51900 + L_NonMnfld: 16.68657 + L_Nrml: 0.00000 + L_Eknl: 6.31389 + L_Div: 0.00000 + L_Morse: 3.64690
Epoch: 0 [3740/10000 (37%)] Unweighted L_s : L_Mnfld: 0.00079,  L_NonMnfld: 0.02781,  L_Nrml: 0.00000,  L_Eknl: 0.12628, L_Morse: 0.85582

Weights: [7000.0, 600.0, 0, 50.0, 0.0, 4.228299999999999], lr=5.000e-05
Epoch: 0 [3750/10000 (38%)] Loss: 31.73947 = L_Mnfld: 6.26793 + L_NonMnfld: 15.64896 + L_Nrml: 0.00000 + L_Eknl: 6.18105 + L_Div: 0.00000 + L_Morse: 3.64154
Epoch: 0 [3750/10000 (38%)] Unweighted L_s : L_Mnfld: 0.00090,  L_NonMnfld: 0.02608,  L_Nrml: 0.00000,  L_Eknl: 0.12362, L_Morse: 0.86123

Weights: [7000.0, 600.0, 0, 50.0, 0.0, 4.1953], lr=5.000e-05
Epoch: 0 [3760/10000 (38%)] Loss: 32.17090 = L_Mnfld: 5.91354 + L_NonMnfld: 16.28408 + L_Nrml: 0.00000 + L_Eknl: 6.23296 + L_Div: 0.00000 + L_Morse: 3.74032
Epoch: 0 [3760/10000 (38%)] Unweighted L_s : L_Mnfld: 0.00084,  L_NonMnfld: 0.02714,  L_Nrml: 0.00000,  L_Eknl: 0.12466, L_Morse: 0.89155

Weights: [7000.0, 600.0, 0, 50.0, 0.0, 4.162299999999999], lr=5.000e-05
Epoch: 0 [3770/10000 (38%)] Loss: 31.15250 = L_Mnfld: 6.29437 + L_NonMnfld: 15.29218 + L_Nrml: 0.00000 + L_Eknl: 6.21682 + L_Div: 0.00000 + L_Morse: 3.34914
Epoch: 0 [3770/10000 (38%)] Unweighted L_s : L_Mnfld: 0.00090,  L_NonMnfld: 0.02549,  L_Nrml: 0.00000,  L_Eknl: 0.12434, L_Morse: 0.80464

Weights: [7000.0, 600.0, 0, 50.0, 0.0, 4.129299999999999], lr=5.000e-05
Epoch: 0 [3780/10000 (38%)] Loss: 30.97934 = L_Mnfld: 5.45122 + L_NonMnfld: 15.71925 + L_Nrml: 0.00000 + L_Eknl: 6.21406 + L_Div: 0.00000 + L_Morse: 3.59483
Epoch: 0 [3780/10000 (38%)] Unweighted L_s : L_Mnfld: 0.00078,  L_NonMnfld: 0.02620,  L_Nrml: 0.00000,  L_Eknl: 0.12428, L_Morse: 0.87057

Weights: [7000.0, 600.0, 0, 50.0, 0.0, 4.096299999999999], lr=5.000e-05
Epoch: 0 [3790/10000 (38%)] Loss: 29.77899 = L_Mnfld: 5.75772 + L_NonMnfld: 14.39798 + L_Nrml: 0.00000 + L_Eknl: 6.10844 + L_Div: 0.00000 + L_Morse: 3.51484
Epoch: 0 [3790/10000 (38%)] Unweighted L_s : L_Mnfld: 0.00082,  L_NonMnfld: 0.02400,  L_Nrml: 0.00000,  L_Eknl: 0.12217, L_Morse: 0.85805

Weights: [7000.0, 600.0, 0, 50.0, 0.0, 4.063299999999999], lr=5.000e-05
Epoch: 0 [3800/10000 (38%)] Loss: 31.94921 = L_Mnfld: 6.21016 + L_NonMnfld: 16.05801 + L_Nrml: 0.00000 + L_Eknl: 6.15497 + L_Div: 0.00000 + L_Morse: 3.52607
Epoch: 0 [3800/10000 (38%)] Unweighted L_s : L_Mnfld: 0.00089,  L_NonMnfld: 0.02676,  L_Nrml: 0.00000,  L_Eknl: 0.12310, L_Morse: 0.86778

Weights: [7000.0, 600.0, 0, 50.0, 0.0, 4.030299999999999], lr=5.000e-05
Epoch: 0 [3810/10000 (38%)] Loss: 30.41573 = L_Mnfld: 6.13137 + L_NonMnfld: 14.44389 + L_Nrml: 0.00000 + L_Eknl: 6.30469 + L_Div: 0.00000 + L_Morse: 3.53578
Epoch: 0 [3810/10000 (38%)] Unweighted L_s : L_Mnfld: 0.00088,  L_NonMnfld: 0.02407,  L_Nrml: 0.00000,  L_Eknl: 0.12609, L_Morse: 0.87730

Weights: [7000.0, 600.0, 0, 50.0, 0.0, 3.9973], lr=5.000e-05
Epoch: 0 [3820/10000 (38%)] Loss: 31.65379 = L_Mnfld: 5.68503 + L_NonMnfld: 15.85873 + L_Nrml: 0.00000 + L_Eknl: 6.52106 + L_Div: 0.00000 + L_Morse: 3.58896
Epoch: 0 [3820/10000 (38%)] Unweighted L_s : L_Mnfld: 0.00081,  L_NonMnfld: 0.02643,  L_Nrml: 0.00000,  L_Eknl: 0.13042, L_Morse: 0.89785

Weights: [7000.0, 600.0, 0, 50.0, 0.0, 3.9642999999999997], lr=5.000e-05
Epoch: 0 [3830/10000 (38%)] Loss: 32.00400 = L_Mnfld: 6.45304 + L_NonMnfld: 15.91412 + L_Nrml: 0.00000 + L_Eknl: 6.19411 + L_Div: 0.00000 + L_Morse: 3.44273
Epoch: 0 [3830/10000 (38%)] Unweighted L_s : L_Mnfld: 0.00092,  L_NonMnfld: 0.02652,  L_Nrml: 0.00000,  L_Eknl: 0.12388, L_Morse: 0.86843

Weights: [7000.0, 600.0, 0, 50.0, 0.0, 3.9312999999999994], lr=5.000e-05
Epoch: 0 [3840/10000 (38%)] Loss: 31.23929 = L_Mnfld: 6.33012 + L_NonMnfld: 15.20314 + L_Nrml: 0.00000 + L_Eknl: 6.26000 + L_Div: 0.00000 + L_Morse: 3.44603
Epoch: 0 [3840/10000 (38%)] Unweighted L_s : L_Mnfld: 0.00090,  L_NonMnfld: 0.02534,  L_Nrml: 0.00000,  L_Eknl: 0.12520, L_Morse: 0.87656

Weights: [7000.0, 600.0, 0, 50.0, 0.0, 3.8983], lr=5.000e-05
Epoch: 0 [3850/10000 (38%)] Loss: 30.28035 = L_Mnfld: 5.96164 + L_NonMnfld: 14.72539 + L_Nrml: 0.00000 + L_Eknl: 6.16339 + L_Div: 0.00000 + L_Morse: 3.42994
Epoch: 0 [3850/10000 (38%)] Unweighted L_s : L_Mnfld: 0.00085,  L_NonMnfld: 0.02454,  L_Nrml: 0.00000,  L_Eknl: 0.12327, L_Morse: 0.87986

Weights: [7000.0, 600.0, 0, 50.0, 0.0, 3.8652999999999995], lr=5.000e-05
Epoch: 0 [3860/10000 (39%)] Loss: 31.35870 = L_Mnfld: 7.04369 + L_NonMnfld: 14.72224 + L_Nrml: 0.00000 + L_Eknl: 6.30195 + L_Div: 0.00000 + L_Morse: 3.29082
Epoch: 0 [3860/10000 (39%)] Unweighted L_s : L_Mnfld: 0.00101,  L_NonMnfld: 0.02454,  L_Nrml: 0.00000,  L_Eknl: 0.12604, L_Morse: 0.85137

Weights: [7000.0, 600.0, 0, 50.0, 0.0, 3.832299999999999], lr=5.000e-05
Epoch: 0 [3870/10000 (39%)] Loss: 30.53332 = L_Mnfld: 6.35611 + L_NonMnfld: 14.57967 + L_Nrml: 0.00000 + L_Eknl: 6.06431 + L_Div: 0.00000 + L_Morse: 3.53323
Epoch: 0 [3870/10000 (39%)] Unweighted L_s : L_Mnfld: 0.00091,  L_NonMnfld: 0.02430,  L_Nrml: 0.00000,  L_Eknl: 0.12129, L_Morse: 0.92196

Weights: [7000.0, 600.0, 0, 50.0, 0.0, 3.7992999999999997], lr=5.000e-05
Epoch: 0 [3880/10000 (39%)] Loss: 31.04187 = L_Mnfld: 6.19551 + L_NonMnfld: 15.38142 + L_Nrml: 0.00000 + L_Eknl: 6.03699 + L_Div: 0.00000 + L_Morse: 3.42795
Epoch: 0 [3880/10000 (39%)] Unweighted L_s : L_Mnfld: 0.00089,  L_NonMnfld: 0.02564,  L_Nrml: 0.00000,  L_Eknl: 0.12074, L_Morse: 0.90226

Weights: [7000.0, 600.0, 0, 50.0, 0.0, 3.7662999999999993], lr=5.000e-05
Epoch: 0 [3890/10000 (39%)] Loss: 32.08258 = L_Mnfld: 6.62253 + L_NonMnfld: 15.93410 + L_Nrml: 0.00000 + L_Eknl: 6.12885 + L_Div: 0.00000 + L_Morse: 3.39711
Epoch: 0 [3890/10000 (39%)] Unweighted L_s : L_Mnfld: 0.00095,  L_NonMnfld: 0.02656,  L_Nrml: 0.00000,  L_Eknl: 0.12258, L_Morse: 0.90197

Weights: [7000.0, 600.0, 0, 50.0, 0.0, 3.733299999999999], lr=5.000e-05
Epoch: 0 [3900/10000 (39%)] Loss: 32.67994 = L_Mnfld: 6.39406 + L_NonMnfld: 16.74939 + L_Nrml: 0.00000 + L_Eknl: 6.07890 + L_Div: 0.00000 + L_Morse: 3.45758
Epoch: 0 [3900/10000 (39%)] Unweighted L_s : L_Mnfld: 0.00091,  L_NonMnfld: 0.02792,  L_Nrml: 0.00000,  L_Eknl: 0.12158, L_Morse: 0.92615

Weights: [7000.0, 600.0, 0, 50.0, 0.0, 3.7002999999999995], lr=5.000e-05
Epoch: 0 [3910/10000 (39%)] Loss: 32.95583 = L_Mnfld: 6.91034 + L_NonMnfld: 16.29445 + L_Nrml: 0.00000 + L_Eknl: 6.27832 + L_Div: 0.00000 + L_Morse: 3.47273
Epoch: 0 [3910/10000 (39%)] Unweighted L_s : L_Mnfld: 0.00099,  L_NonMnfld: 0.02716,  L_Nrml: 0.00000,  L_Eknl: 0.12557, L_Morse: 0.93850

Weights: [7000.0, 600.0, 0, 50.0, 0.0, 3.667299999999999], lr=5.000e-05
Epoch: 0 [3920/10000 (39%)] Loss: 31.44072 = L_Mnfld: 6.84812 + L_NonMnfld: 15.16729 + L_Nrml: 0.00000 + L_Eknl: 6.10376 + L_Div: 0.00000 + L_Morse: 3.32156
Epoch: 0 [3920/10000 (39%)] Unweighted L_s : L_Mnfld: 0.00098,  L_NonMnfld: 0.02528,  L_Nrml: 0.00000,  L_Eknl: 0.12208, L_Morse: 0.90572

Weights: [7000.0, 600.0, 0, 50.0, 0.0, 3.6342999999999988], lr=5.000e-05
Epoch: 0 [3930/10000 (39%)] Loss: 33.55784 = L_Mnfld: 7.06145 + L_NonMnfld: 16.74488 + L_Nrml: 0.00000 + L_Eknl: 6.38144 + L_Div: 0.00000 + L_Morse: 3.37008
Epoch: 0 [3930/10000 (39%)] Unweighted L_s : L_Mnfld: 0.00101,  L_NonMnfld: 0.02791,  L_Nrml: 0.00000,  L_Eknl: 0.12763, L_Morse: 0.92730

Weights: [7000.0, 600.0, 0, 50.0, 0.0, 3.601300000000001], lr=5.000e-05
Epoch: 0 [3940/10000 (39%)] Loss: 33.24758 = L_Mnfld: 6.91021 + L_NonMnfld: 16.88188 + L_Nrml: 0.00000 + L_Eknl: 6.15237 + L_Div: 0.00000 + L_Morse: 3.30311
Epoch: 0 [3940/10000 (39%)] Unweighted L_s : L_Mnfld: 0.00099,  L_NonMnfld: 0.02814,  L_Nrml: 0.00000,  L_Eknl: 0.12305, L_Morse: 0.91720

Weights: [7000.0, 600.0, 0, 50.0, 0.0, 3.5683000000000007], lr=5.000e-05
Epoch: 0 [3950/10000 (40%)] Loss: 32.72704 = L_Mnfld: 6.93455 + L_NonMnfld: 16.14051 + L_Nrml: 0.00000 + L_Eknl: 6.17604 + L_Div: 0.00000 + L_Morse: 3.47593
Epoch: 0 [3950/10000 (40%)] Unweighted L_s : L_Mnfld: 0.00099,  L_NonMnfld: 0.02690,  L_Nrml: 0.00000,  L_Eknl: 0.12352, L_Morse: 0.97411

Weights: [7000.0, 600.0, 0, 50.0, 0.0, 3.535300000000001], lr=5.000e-05
Epoch: 0 [3960/10000 (40%)] Loss: 31.91312 = L_Mnfld: 6.68053 + L_NonMnfld: 15.50752 + L_Nrml: 0.00000 + L_Eknl: 6.38064 + L_Div: 0.00000 + L_Morse: 3.34443
Epoch: 0 [3960/10000 (40%)] Unweighted L_s : L_Mnfld: 0.00095,  L_NonMnfld: 0.02585,  L_Nrml: 0.00000,  L_Eknl: 0.12761, L_Morse: 0.94601

Weights: [7000.0, 600.0, 0, 50.0, 0.0, 3.502300000000001], lr=5.000e-05
Epoch: 0 [3970/10000 (40%)] Loss: 32.69647 = L_Mnfld: 6.81559 + L_NonMnfld: 16.44359 + L_Nrml: 0.00000 + L_Eknl: 6.14159 + L_Div: 0.00000 + L_Morse: 3.29570
Epoch: 0 [3970/10000 (40%)] Unweighted L_s : L_Mnfld: 0.00097,  L_NonMnfld: 0.02741,  L_Nrml: 0.00000,  L_Eknl: 0.12283, L_Morse: 0.94101

Weights: [7000.0, 600.0, 0, 50.0, 0.0, 3.4693000000000005], lr=5.000e-05
Epoch: 0 [3980/10000 (40%)] Loss: 31.12083 = L_Mnfld: 5.74671 + L_NonMnfld: 15.93360 + L_Nrml: 0.00000 + L_Eknl: 6.07100 + L_Div: 0.00000 + L_Morse: 3.36952
Epoch: 0 [3980/10000 (40%)] Unweighted L_s : L_Mnfld: 0.00082,  L_NonMnfld: 0.02656,  L_Nrml: 0.00000,  L_Eknl: 0.12142, L_Morse: 0.97124

Weights: [7000.0, 600.0, 0, 50.0, 0.0, 3.436300000000001], lr=5.000e-05
Epoch: 0 [3990/10000 (40%)] Loss: 31.74887 = L_Mnfld: 6.88459 + L_NonMnfld: 15.48138 + L_Nrml: 0.00000 + L_Eknl: 6.08038 + L_Div: 0.00000 + L_Morse: 3.30252
Epoch: 0 [3990/10000 (40%)] Unweighted L_s : L_Mnfld: 0.00098,  L_NonMnfld: 0.02580,  L_Nrml: 0.00000,  L_Eknl: 0.12161, L_Morse: 0.96107

Weights: [7000.0, 600.0, 0, 50.0, 0.0, 3.4033000000000007], lr=5.000e-05
Epoch: 0 [4000/10000 (40%)] Loss: 33.17909 = L_Mnfld: 8.46317 + L_NonMnfld: 15.05695 + L_Nrml: 0.00000 + L_Eknl: 6.27689 + L_Div: 0.00000 + L_Morse: 3.38208
Epoch: 0 [4000/10000 (40%)] Unweighted L_s : L_Mnfld: 0.00121,  L_NonMnfld: 0.02509,  L_Nrml: 0.00000,  L_Eknl: 0.12554, L_Morse: 0.99376

Weights: [7000.0, 600.0, 0, 50.0, 0.0, 3.3703000000000003], lr=5.000e-05
Epoch: 0 [4010/10000 (40%)] Loss: 35.38706 = L_Mnfld: 9.75897 + L_NonMnfld: 15.65742 + L_Nrml: 0.00000 + L_Eknl: 6.58492 + L_Div: 0.00000 + L_Morse: 3.38575
Epoch: 0 [4010/10000 (40%)] Unweighted L_s : L_Mnfld: 0.00139,  L_NonMnfld: 0.02610,  L_Nrml: 0.00000,  L_Eknl: 0.13170, L_Morse: 1.00459

Weights: [7000.0, 600.0, 0, 50.0, 0.0, 3.337300000000001], lr=5.000e-05
Epoch: 0 [4020/10000 (40%)] Loss: 34.20110 = L_Mnfld: 7.84548 + L_NonMnfld: 16.87676 + L_Nrml: 0.00000 + L_Eknl: 6.19064 + L_Div: 0.00000 + L_Morse: 3.28822
Epoch: 0 [4020/10000 (40%)] Unweighted L_s : L_Mnfld: 0.00112,  L_NonMnfld: 0.02813,  L_Nrml: 0.00000,  L_Eknl: 0.12381, L_Morse: 0.98529

Weights: [7000.0, 600.0, 0, 50.0, 0.0, 3.3043000000000005], lr=5.000e-05
Epoch: 0 [4030/10000 (40%)] Loss: 32.70166 = L_Mnfld: 7.23632 + L_NonMnfld: 16.12009 + L_Nrml: 0.00000 + L_Eknl: 6.09279 + L_Div: 0.00000 + L_Morse: 3.25246
Epoch: 0 [4030/10000 (40%)] Unweighted L_s : L_Mnfld: 0.00103,  L_NonMnfld: 0.02687,  L_Nrml: 0.00000,  L_Eknl: 0.12186, L_Morse: 0.98431

Weights: [7000.0, 600.0, 0, 50.0, 0.0, 3.2713], lr=5.000e-05
Epoch: 0 [4040/10000 (40%)] Loss: 32.85712 = L_Mnfld: 7.78692 + L_NonMnfld: 15.79026 + L_Nrml: 0.00000 + L_Eknl: 6.05463 + L_Div: 0.00000 + L_Morse: 3.22531
Epoch: 0 [4040/10000 (40%)] Unweighted L_s : L_Mnfld: 0.00111,  L_NonMnfld: 0.02632,  L_Nrml: 0.00000,  L_Eknl: 0.12109, L_Morse: 0.98594

Weights: [7000.0, 600.0, 0, 50.0, 0.0, 3.2383000000000006], lr=5.000e-05
Epoch: 0 [4050/10000 (40%)] Loss: 30.54115 = L_Mnfld: 6.17614 + L_NonMnfld: 15.18255 + L_Nrml: 0.00000 + L_Eknl: 6.10332 + L_Div: 0.00000 + L_Morse: 3.07915
Epoch: 0 [4050/10000 (40%)] Unweighted L_s : L_Mnfld: 0.00088,  L_NonMnfld: 0.02530,  L_Nrml: 0.00000,  L_Eknl: 0.12207, L_Morse: 0.95085

Weights: [7000.0, 600.0, 0, 50.0, 0.0, 3.2053000000000003], lr=5.000e-05
Epoch: 0 [4060/10000 (41%)] Loss: 30.07697 = L_Mnfld: 6.05473 + L_NonMnfld: 14.79210 + L_Nrml: 0.00000 + L_Eknl: 6.05098 + L_Div: 0.00000 + L_Morse: 3.17915
Epoch: 0 [4060/10000 (41%)] Unweighted L_s : L_Mnfld: 0.00086,  L_NonMnfld: 0.02465,  L_Nrml: 0.00000,  L_Eknl: 0.12102, L_Morse: 0.99184

Weights: [7000.0, 600.0, 0, 50.0, 0.0, 3.1723], lr=5.000e-05
Epoch: 0 [4070/10000 (41%)] Loss: 30.93547 = L_Mnfld: 6.83305 + L_NonMnfld: 14.81087 + L_Nrml: 0.00000 + L_Eknl: 6.19434 + L_Div: 0.00000 + L_Morse: 3.09721
Epoch: 0 [4070/10000 (41%)] Unweighted L_s : L_Mnfld: 0.00098,  L_NonMnfld: 0.02468,  L_Nrml: 0.00000,  L_Eknl: 0.12389, L_Morse: 0.97633

Weights: [7000.0, 600.0, 0, 50.0, 0.0, 3.1393000000000004], lr=5.000e-05
Epoch: 0 [4080/10000 (41%)] Loss: 31.24871 = L_Mnfld: 7.47549 + L_NonMnfld: 15.02497 + L_Nrml: 0.00000 + L_Eknl: 5.80397 + L_Div: 0.00000 + L_Morse: 2.94428
Epoch: 0 [4080/10000 (41%)] Unweighted L_s : L_Mnfld: 0.00107,  L_NonMnfld: 0.02504,  L_Nrml: 0.00000,  L_Eknl: 0.11608, L_Morse: 0.93788

Weights: [7000.0, 600.0, 0, 50.0, 0.0, 3.1063], lr=5.000e-05
Epoch: 0 [4090/10000 (41%)] Loss: 30.59215 = L_Mnfld: 6.88413 + L_NonMnfld: 14.58589 + L_Nrml: 0.00000 + L_Eknl: 6.05675 + L_Div: 0.00000 + L_Morse: 3.06537
Epoch: 0 [4090/10000 (41%)] Unweighted L_s : L_Mnfld: 0.00098,  L_NonMnfld: 0.02431,  L_Nrml: 0.00000,  L_Eknl: 0.12113, L_Morse: 0.98682

Weights: [7000.0, 600.0, 0, 50.0, 0.0, 3.0732999999999997], lr=5.000e-05
Epoch: 0 [4100/10000 (41%)] Loss: 30.70604 = L_Mnfld: 6.31063 + L_NonMnfld: 15.61553 + L_Nrml: 0.00000 + L_Eknl: 5.88094 + L_Div: 0.00000 + L_Morse: 2.89894
Epoch: 0 [4100/10000 (41%)] Unweighted L_s : L_Mnfld: 0.00090,  L_NonMnfld: 0.02603,  L_Nrml: 0.00000,  L_Eknl: 0.11762, L_Morse: 0.94327

Weights: [7000.0, 600.0, 0, 50.0, 0.0, 3.0403000000000002], lr=5.000e-05
Epoch: 0 [4110/10000 (41%)] Loss: 31.93919 = L_Mnfld: 6.56927 + L_NonMnfld: 16.50893 + L_Nrml: 0.00000 + L_Eknl: 5.83174 + L_Div: 0.00000 + L_Morse: 3.02925
Epoch: 0 [4110/10000 (41%)] Unweighted L_s : L_Mnfld: 0.00094,  L_NonMnfld: 0.02751,  L_Nrml: 0.00000,  L_Eknl: 0.11663, L_Morse: 0.99636

Weights: [7000.0, 600.0, 0, 50.0, 0.0, 3.0073], lr=5.000e-05
Epoch: 0 [4120/10000 (41%)] Loss: 29.59907 = L_Mnfld: 6.24445 + L_NonMnfld: 14.71820 + L_Nrml: 0.00000 + L_Eknl: 5.85550 + L_Div: 0.00000 + L_Morse: 2.78092
Epoch: 0 [4120/10000 (41%)] Unweighted L_s : L_Mnfld: 0.00089,  L_NonMnfld: 0.02453,  L_Nrml: 0.00000,  L_Eknl: 0.11711, L_Morse: 0.92472

Weights: [7000.0, 600.0, 0, 50.0, 0.0, 2.9742999999999995], lr=5.000e-05
Epoch: 0 [4130/10000 (41%)] Loss: 28.82007 = L_Mnfld: 6.13916 + L_NonMnfld: 13.87413 + L_Nrml: 0.00000 + L_Eknl: 5.81759 + L_Div: 0.00000 + L_Morse: 2.98919
Epoch: 0 [4130/10000 (41%)] Unweighted L_s : L_Mnfld: 0.00088,  L_NonMnfld: 0.02312,  L_Nrml: 0.00000,  L_Eknl: 0.11635, L_Morse: 1.00501

Weights: [7000.0, 600.0, 0, 50.0, 0.0, 2.9413], lr=5.000e-05
Epoch: 0 [4140/10000 (41%)] Loss: 30.05502 = L_Mnfld: 6.16886 + L_NonMnfld: 14.94158 + L_Nrml: 0.00000 + L_Eknl: 5.98179 + L_Div: 0.00000 + L_Morse: 2.96279
Epoch: 0 [4140/10000 (41%)] Unweighted L_s : L_Mnfld: 0.00088,  L_NonMnfld: 0.02490,  L_Nrml: 0.00000,  L_Eknl: 0.11964, L_Morse: 1.00731

Weights: [7000.0, 600.0, 0, 50.0, 0.0, 2.9082999999999997], lr=5.000e-05
Epoch: 0 [4150/10000 (42%)] Loss: 28.92718 = L_Mnfld: 5.79116 + L_NonMnfld: 14.19908 + L_Nrml: 0.00000 + L_Eknl: 6.05831 + L_Div: 0.00000 + L_Morse: 2.87863
Epoch: 0 [4150/10000 (42%)] Unweighted L_s : L_Mnfld: 0.00083,  L_NonMnfld: 0.02367,  L_Nrml: 0.00000,  L_Eknl: 0.12117, L_Morse: 0.98980

Weights: [7000.0, 600.0, 0, 50.0, 0.0, 2.8752999999999993], lr=5.000e-05
Epoch: 0 [4160/10000 (42%)] Loss: 29.64764 = L_Mnfld: 5.84121 + L_NonMnfld: 15.10086 + L_Nrml: 0.00000 + L_Eknl: 5.90531 + L_Div: 0.00000 + L_Morse: 2.80026
Epoch: 0 [4160/10000 (42%)] Unweighted L_s : L_Mnfld: 0.00083,  L_NonMnfld: 0.02517,  L_Nrml: 0.00000,  L_Eknl: 0.11811, L_Morse: 0.97390

Weights: [7000.0, 600.0, 0, 50.0, 0.0, 2.8423], lr=5.000e-05
Epoch: 0 [4170/10000 (42%)] Loss: 29.68894 = L_Mnfld: 5.74913 + L_NonMnfld: 15.43043 + L_Nrml: 0.00000 + L_Eknl: 5.68274 + L_Div: 0.00000 + L_Morse: 2.82665
Epoch: 0 [4170/10000 (42%)] Unweighted L_s : L_Mnfld: 0.00082,  L_NonMnfld: 0.02572,  L_Nrml: 0.00000,  L_Eknl: 0.11365, L_Morse: 0.99449

Weights: [7000.0, 600.0, 0, 50.0, 0.0, 2.8092999999999995], lr=5.000e-05
Epoch: 0 [4180/10000 (42%)] Loss: 31.06722 = L_Mnfld: 6.25956 + L_NonMnfld: 16.23589 + L_Nrml: 0.00000 + L_Eknl: 5.77442 + L_Div: 0.00000 + L_Morse: 2.79734
Epoch: 0 [4180/10000 (42%)] Unweighted L_s : L_Mnfld: 0.00089,  L_NonMnfld: 0.02706,  L_Nrml: 0.00000,  L_Eknl: 0.11549, L_Morse: 0.99574

Weights: [7000.0, 600.0, 0, 50.0, 0.0, 2.776299999999999], lr=5.000e-05
Epoch: 0 [4190/10000 (42%)] Loss: 30.79994 = L_Mnfld: 6.44585 + L_NonMnfld: 15.74201 + L_Nrml: 0.00000 + L_Eknl: 5.86021 + L_Div: 0.00000 + L_Morse: 2.75188
Epoch: 0 [4190/10000 (42%)] Unweighted L_s : L_Mnfld: 0.00092,  L_NonMnfld: 0.02624,  L_Nrml: 0.00000,  L_Eknl: 0.11720, L_Morse: 0.99120

Weights: [7000.0, 600.0, 0, 50.0, 0.0, 2.7432999999999996], lr=5.000e-05
Epoch: 0 [4200/10000 (42%)] Loss: 27.95415 = L_Mnfld: 5.58687 + L_NonMnfld: 13.70916 + L_Nrml: 0.00000 + L_Eknl: 5.81937 + L_Div: 0.00000 + L_Morse: 2.83875
Epoch: 0 [4200/10000 (42%)] Unweighted L_s : L_Mnfld: 0.00080,  L_NonMnfld: 0.02285,  L_Nrml: 0.00000,  L_Eknl: 0.11639, L_Morse: 1.03479

Weights: [7000.0, 600.0, 0, 50.0, 0.0, 2.7102999999999993], lr=5.000e-05
Epoch: 0 [4210/10000 (42%)] Loss: 28.94421 = L_Mnfld: 6.41168 + L_NonMnfld: 13.93433 + L_Nrml: 0.00000 + L_Eknl: 5.88644 + L_Div: 0.00000 + L_Morse: 2.71176
Epoch: 0 [4210/10000 (42%)] Unweighted L_s : L_Mnfld: 0.00092,  L_NonMnfld: 0.02322,  L_Nrml: 0.00000,  L_Eknl: 0.11773, L_Morse: 1.00054

Weights: [7000.0, 600.0, 0, 50.0, 0.0, 2.677299999999999], lr=5.000e-05
Epoch: 0 [4220/10000 (42%)] Loss: 33.00917 = L_Mnfld: 8.00264 + L_NonMnfld: 16.23397 + L_Nrml: 0.00000 + L_Eknl: 6.00007 + L_Div: 0.00000 + L_Morse: 2.77248
Epoch: 0 [4220/10000 (42%)] Unweighted L_s : L_Mnfld: 0.00114,  L_NonMnfld: 0.02706,  L_Nrml: 0.00000,  L_Eknl: 0.12000, L_Morse: 1.03555

Weights: [7000.0, 600.0, 0, 50.0, 0.0, 2.6442999999999994], lr=5.000e-05
Epoch: 0 [4230/10000 (42%)] Loss: 31.62584 = L_Mnfld: 7.19228 + L_NonMnfld: 15.63888 + L_Nrml: 0.00000 + L_Eknl: 6.06627 + L_Div: 0.00000 + L_Morse: 2.72841
Epoch: 0 [4230/10000 (42%)] Unweighted L_s : L_Mnfld: 0.00103,  L_NonMnfld: 0.02606,  L_Nrml: 0.00000,  L_Eknl: 0.12133, L_Morse: 1.03181

Weights: [7000.0, 600.0, 0, 50.0, 0.0, 2.611300000000001], lr=5.000e-05
Epoch: 0 [4240/10000 (42%)] Loss: 31.05194 = L_Mnfld: 6.36926 + L_NonMnfld: 15.87454 + L_Nrml: 0.00000 + L_Eknl: 5.99678 + L_Div: 0.00000 + L_Morse: 2.81135
Epoch: 0 [4240/10000 (42%)] Unweighted L_s : L_Mnfld: 0.00091,  L_NonMnfld: 0.02646,  L_Nrml: 0.00000,  L_Eknl: 0.11994, L_Morse: 1.07661

Weights: [7000.0, 600.0, 0, 50.0, 0.0, 2.5783000000000005], lr=5.000e-05
Epoch: 0 [4250/10000 (42%)] Loss: 30.61511 = L_Mnfld: 7.22028 + L_NonMnfld: 14.39437 + L_Nrml: 0.00000 + L_Eknl: 6.23553 + L_Div: 0.00000 + L_Morse: 2.76494
Epoch: 0 [4250/10000 (42%)] Unweighted L_s : L_Mnfld: 0.00103,  L_NonMnfld: 0.02399,  L_Nrml: 0.00000,  L_Eknl: 0.12471, L_Morse: 1.07239

Weights: [7000.0, 600.0, 0, 50.0, 0.0, 2.5453], lr=5.000e-05
Epoch: 0 [4260/10000 (43%)] Loss: 28.51927 = L_Mnfld: 6.87133 + L_NonMnfld: 13.01572 + L_Nrml: 0.00000 + L_Eknl: 5.83412 + L_Div: 0.00000 + L_Morse: 2.79810
Epoch: 0 [4260/10000 (43%)] Unweighted L_s : L_Mnfld: 0.00098,  L_NonMnfld: 0.02169,  L_Nrml: 0.00000,  L_Eknl: 0.11668, L_Morse: 1.09932

Weights: [7000.0, 600.0, 0, 50.0, 0.0, 2.5123000000000006], lr=5.000e-05
Epoch: 0 [4270/10000 (43%)] Loss: 30.70726 = L_Mnfld: 7.14026 + L_NonMnfld: 15.09362 + L_Nrml: 0.00000 + L_Eknl: 5.75763 + L_Div: 0.00000 + L_Morse: 2.71574
Epoch: 0 [4270/10000 (43%)] Unweighted L_s : L_Mnfld: 0.00102,  L_NonMnfld: 0.02516,  L_Nrml: 0.00000,  L_Eknl: 0.11515, L_Morse: 1.08098

Weights: [7000.0, 600.0, 0, 50.0, 0.0, 2.4793000000000003], lr=5.000e-05
Epoch: 0 [4280/10000 (43%)] Loss: 30.25304 = L_Mnfld: 7.53329 + L_NonMnfld: 13.71983 + L_Nrml: 0.00000 + L_Eknl: 6.23121 + L_Div: 0.00000 + L_Morse: 2.76872
Epoch: 0 [4280/10000 (43%)] Unweighted L_s : L_Mnfld: 0.00108,  L_NonMnfld: 0.02287,  L_Nrml: 0.00000,  L_Eknl: 0.12462, L_Morse: 1.11673

Weights: [7000.0, 600.0, 0, 50.0, 0.0, 2.4463], lr=5.000e-05
Epoch: 0 [4290/10000 (43%)] Loss: 28.83147 = L_Mnfld: 6.99522 + L_NonMnfld: 13.37289 + L_Nrml: 0.00000 + L_Eknl: 5.98765 + L_Div: 0.00000 + L_Morse: 2.47571
Epoch: 0 [4290/10000 (43%)] Unweighted L_s : L_Mnfld: 0.00100,  L_NonMnfld: 0.02229,  L_Nrml: 0.00000,  L_Eknl: 0.11975, L_Morse: 1.01202

Weights: [7000.0, 600.0, 0, 50.0, 0.0, 2.4133000000000004], lr=5.000e-05
Epoch: 0 [4300/10000 (43%)] Loss: 28.16181 = L_Mnfld: 6.04855 + L_NonMnfld: 13.95599 + L_Nrml: 0.00000 + L_Eknl: 5.56088 + L_Div: 0.00000 + L_Morse: 2.59639
Epoch: 0 [4300/10000 (43%)] Unweighted L_s : L_Mnfld: 0.00086,  L_NonMnfld: 0.02326,  L_Nrml: 0.00000,  L_Eknl: 0.11122, L_Morse: 1.07587

Weights: [7000.0, 600.0, 0, 50.0, 0.0, 2.3803], lr=5.000e-05
Epoch: 0 [4310/10000 (43%)] Loss: 29.34922 = L_Mnfld: 6.47972 + L_NonMnfld: 14.73527 + L_Nrml: 0.00000 + L_Eknl: 5.69237 + L_Div: 0.00000 + L_Morse: 2.44186
Epoch: 0 [4310/10000 (43%)] Unweighted L_s : L_Mnfld: 0.00093,  L_NonMnfld: 0.02456,  L_Nrml: 0.00000,  L_Eknl: 0.11385, L_Morse: 1.02586

Weights: [7000.0, 600.0, 0, 50.0, 0.0, 2.3472999999999997], lr=5.000e-05
Epoch: 0 [4320/10000 (43%)] Loss: 27.82516 = L_Mnfld: 6.60028 + L_NonMnfld: 13.00266 + L_Nrml: 0.00000 + L_Eknl: 5.63745 + L_Div: 0.00000 + L_Morse: 2.58478
Epoch: 0 [4320/10000 (43%)] Unweighted L_s : L_Mnfld: 0.00094,  L_NonMnfld: 0.02167,  L_Nrml: 0.00000,  L_Eknl: 0.11275, L_Morse: 1.10117

Weights: [7000.0, 600.0, 0, 50.0, 0.0, 2.3143000000000002], lr=5.000e-05
Epoch: 0 [4330/10000 (43%)] Loss: 28.86519 = L_Mnfld: 6.24571 + L_NonMnfld: 14.78823 + L_Nrml: 0.00000 + L_Eknl: 5.41987 + L_Div: 0.00000 + L_Morse: 2.41138
Epoch: 0 [4330/10000 (43%)] Unweighted L_s : L_Mnfld: 0.00089,  L_NonMnfld: 0.02465,  L_Nrml: 0.00000,  L_Eknl: 0.10840, L_Morse: 1.04195

Weights: [7000.0, 600.0, 0, 50.0, 0.0, 2.2813], lr=5.000e-05
Epoch: 0 [4340/10000 (43%)] Loss: 28.17473 = L_Mnfld: 6.12828 + L_NonMnfld: 14.22998 + L_Nrml: 0.00000 + L_Eknl: 5.34094 + L_Div: 0.00000 + L_Morse: 2.47553
Epoch: 0 [4340/10000 (43%)] Unweighted L_s : L_Mnfld: 0.00088,  L_NonMnfld: 0.02372,  L_Nrml: 0.00000,  L_Eknl: 0.10682, L_Morse: 1.08514

Weights: [7000.0, 600.0, 0, 50.0, 0.0, 2.2482999999999995], lr=5.000e-05
Epoch: 0 [4350/10000 (44%)] Loss: 28.50538 = L_Mnfld: 5.73137 + L_NonMnfld: 14.68297 + L_Nrml: 0.00000 + L_Eknl: 5.56685 + L_Div: 0.00000 + L_Morse: 2.52419
Epoch: 0 [4350/10000 (44%)] Unweighted L_s : L_Mnfld: 0.00082,  L_NonMnfld: 0.02447,  L_Nrml: 0.00000,  L_Eknl: 0.11134, L_Morse: 1.12271

Weights: [7000.0, 600.0, 0, 50.0, 0.0, 2.2153], lr=5.000e-05
Epoch: 0 [4360/10000 (44%)] Loss: 29.38830 = L_Mnfld: 6.33823 + L_NonMnfld: 15.07090 + L_Nrml: 0.00000 + L_Eknl: 5.59595 + L_Div: 0.00000 + L_Morse: 2.38323
Epoch: 0 [4360/10000 (44%)] Unweighted L_s : L_Mnfld: 0.00091,  L_NonMnfld: 0.02512,  L_Nrml: 0.00000,  L_Eknl: 0.11192, L_Morse: 1.07580

Weights: [7000.0, 600.0, 0, 50.0, 0.0, 2.1822999999999997], lr=5.000e-05
Epoch: 0 [4370/10000 (44%)] Loss: 30.66092 = L_Mnfld: 7.46327 + L_NonMnfld: 15.32091 + L_Nrml: 0.00000 + L_Eknl: 5.53737 + L_Div: 0.00000 + L_Morse: 2.33937
Epoch: 0 [4370/10000 (44%)] Unweighted L_s : L_Mnfld: 0.00107,  L_NonMnfld: 0.02553,  L_Nrml: 0.00000,  L_Eknl: 0.11075, L_Morse: 1.07197

Weights: [7000.0, 600.0, 0, 50.0, 0.0, 2.1492999999999993], lr=5.000e-05
Epoch: 0 [4380/10000 (44%)] Loss: 28.34479 = L_Mnfld: 5.78722 + L_NonMnfld: 14.76645 + L_Nrml: 0.00000 + L_Eknl: 5.42120 + L_Div: 0.00000 + L_Morse: 2.36991
Epoch: 0 [4380/10000 (44%)] Unweighted L_s : L_Mnfld: 0.00083,  L_NonMnfld: 0.02461,  L_Nrml: 0.00000,  L_Eknl: 0.10842, L_Morse: 1.10265

Weights: [7000.0, 600.0, 0, 50.0, 0.0, 2.1163], lr=5.000e-05
Epoch: 0 [4390/10000 (44%)] Loss: 28.62521 = L_Mnfld: 6.25778 + L_NonMnfld: 14.43389 + L_Nrml: 0.00000 + L_Eknl: 5.63740 + L_Div: 0.00000 + L_Morse: 2.29613
Epoch: 0 [4390/10000 (44%)] Unweighted L_s : L_Mnfld: 0.00089,  L_NonMnfld: 0.02406,  L_Nrml: 0.00000,  L_Eknl: 0.11275, L_Morse: 1.08497

Weights: [7000.0, 600.0, 0, 50.0, 0.0, 2.0832999999999995], lr=5.000e-05
Epoch: 0 [4400/10000 (44%)] Loss: 31.71219 = L_Mnfld: 8.38952 + L_NonMnfld: 15.41749 + L_Nrml: 0.00000 + L_Eknl: 5.62287 + L_Div: 0.00000 + L_Morse: 2.28231
Epoch: 0 [4400/10000 (44%)] Unweighted L_s : L_Mnfld: 0.00120,  L_NonMnfld: 0.02570,  L_Nrml: 0.00000,  L_Eknl: 0.11246, L_Morse: 1.09552

Weights: [7000.0, 600.0, 0, 50.0, 0.0, 2.050299999999999], lr=5.000e-05
Epoch: 0 [4410/10000 (44%)] Loss: 30.25290 = L_Mnfld: 7.70283 + L_NonMnfld: 14.52258 + L_Nrml: 0.00000 + L_Eknl: 5.72746 + L_Div: 0.00000 + L_Morse: 2.30003
Epoch: 0 [4410/10000 (44%)] Unweighted L_s : L_Mnfld: 0.00110,  L_NonMnfld: 0.02420,  L_Nrml: 0.00000,  L_Eknl: 0.11455, L_Morse: 1.12180

Weights: [7000.0, 600.0, 0, 50.0, 0.0, 2.0172999999999996], lr=5.000e-05
Epoch: 0 [4420/10000 (44%)] Loss: 30.87005 = L_Mnfld: 7.16085 + L_NonMnfld: 15.59492 + L_Nrml: 0.00000 + L_Eknl: 5.88589 + L_Div: 0.00000 + L_Morse: 2.22840
Epoch: 0 [4420/10000 (44%)] Unweighted L_s : L_Mnfld: 0.00102,  L_NonMnfld: 0.02599,  L_Nrml: 0.00000,  L_Eknl: 0.11772, L_Morse: 1.10465

Weights: [7000.0, 600.0, 0, 50.0, 0.0, 1.9842999999999993], lr=5.000e-05
Epoch: 0 [4430/10000 (44%)] Loss: 30.52392 = L_Mnfld: 8.16948 + L_NonMnfld: 14.56274 + L_Nrml: 0.00000 + L_Eknl: 5.58243 + L_Div: 0.00000 + L_Morse: 2.20927
Epoch: 0 [4430/10000 (44%)] Unweighted L_s : L_Mnfld: 0.00117,  L_NonMnfld: 0.02427,  L_Nrml: 0.00000,  L_Eknl: 0.11165, L_Morse: 1.11338

Weights: [7000.0, 600.0, 0, 50.0, 0.0, 1.9512999999999998], lr=5.000e-05
Epoch: 0 [4440/10000 (44%)] Loss: 32.76136 = L_Mnfld: 9.29634 + L_NonMnfld: 15.37218 + L_Nrml: 0.00000 + L_Eknl: 5.88785 + L_Div: 0.00000 + L_Morse: 2.20499
Epoch: 0 [4440/10000 (44%)] Unweighted L_s : L_Mnfld: 0.00133,  L_NonMnfld: 0.02562,  L_Nrml: 0.00000,  L_Eknl: 0.11776, L_Morse: 1.13001

Weights: [7000.0, 600.0, 0, 50.0, 0.0, 1.9182999999999986], lr=5.000e-05
Epoch: 0 [4450/10000 (44%)] Loss: 31.80190 = L_Mnfld: 9.09141 + L_NonMnfld: 14.45004 + L_Nrml: 0.00000 + L_Eknl: 6.06385 + L_Div: 0.00000 + L_Morse: 2.19661
Epoch: 0 [4450/10000 (44%)] Unweighted L_s : L_Mnfld: 0.00130,  L_NonMnfld: 0.02408,  L_Nrml: 0.00000,  L_Eknl: 0.12128, L_Morse: 1.14508

Weights: [7000.0, 600.0, 0, 50.0, 0.0, 1.885299999999999], lr=5.000e-05
Epoch: 0 [4460/10000 (45%)] Loss: 29.84389 = L_Mnfld: 7.25125 + L_NonMnfld: 14.48776 + L_Nrml: 0.00000 + L_Eknl: 6.02569 + L_Div: 0.00000 + L_Morse: 2.07919
Epoch: 0 [4460/10000 (45%)] Unweighted L_s : L_Mnfld: 0.00104,  L_NonMnfld: 0.02415,  L_Nrml: 0.00000,  L_Eknl: 0.12051, L_Morse: 1.10284

Weights: [7000.0, 600.0, 0, 50.0, 0.0, 1.8522999999999996], lr=5.000e-05
Epoch: 0 [4470/10000 (45%)] Loss: 29.70643 = L_Mnfld: 7.97767 + L_NonMnfld: 13.23241 + L_Nrml: 0.00000 + L_Eknl: 6.22336 + L_Div: 0.00000 + L_Morse: 2.27299
Epoch: 0 [4470/10000 (45%)] Unweighted L_s : L_Mnfld: 0.00114,  L_NonMnfld: 0.02205,  L_Nrml: 0.00000,  L_Eknl: 0.12447, L_Morse: 1.22712

Weights: [7000.0, 600.0, 0, 50.0, 0.0, 1.8192999999999984], lr=5.000e-05
Epoch: 0 [4480/10000 (45%)] Loss: 49.59614 = L_Mnfld: 20.87054 + L_NonMnfld: 17.69879 + L_Nrml: 0.00000 + L_Eknl: 8.95108 + L_Div: 0.00000 + L_Morse: 2.07572
Epoch: 0 [4480/10000 (45%)] Unweighted L_s : L_Mnfld: 0.00298,  L_NonMnfld: 0.02950,  L_Nrml: 0.00000,  L_Eknl: 0.17902, L_Morse: 1.14095

Weights: [7000.0, 600.0, 0, 50.0, 0.0, 1.7862999999999989], lr=5.000e-05
Epoch: 0 [4490/10000 (45%)] Loss: 48.12033 = L_Mnfld: 20.02028 + L_NonMnfld: 16.41680 + L_Nrml: 0.00000 + L_Eknl: 9.10165 + L_Div: 0.00000 + L_Morse: 2.58161
Epoch: 0 [4490/10000 (45%)] Unweighted L_s : L_Mnfld: 0.00286,  L_NonMnfld: 0.02736,  L_Nrml: 0.00000,  L_Eknl: 0.18203, L_Morse: 1.44523

Weights: [7000.0, 600.0, 0, 50.0, 0.0, 1.7532999999999994], lr=5.000e-05
Epoch: 0 [4500/10000 (45%)] Loss: 51.40272 = L_Mnfld: 22.73284 + L_NonMnfld: 16.32433 + L_Nrml: 0.00000 + L_Eknl: 9.66120 + L_Div: 0.00000 + L_Morse: 2.68435
Epoch: 0 [4500/10000 (45%)] Unweighted L_s : L_Mnfld: 0.00325,  L_NonMnfld: 0.02721,  L_Nrml: 0.00000,  L_Eknl: 0.19322, L_Morse: 1.53103

Weights: [7000.0, 600.0, 0, 50.0, 0.0, 1.7202999999999982], lr=5.000e-05
Epoch: 0 [4510/10000 (45%)] Loss: 48.19756 = L_Mnfld: 20.58074 + L_NonMnfld: 16.83481 + L_Nrml: 0.00000 + L_Eknl: 8.17874 + L_Div: 0.00000 + L_Morse: 2.60327
Epoch: 0 [4510/10000 (45%)] Unweighted L_s : L_Mnfld: 0.00294,  L_NonMnfld: 0.02806,  L_Nrml: 0.00000,  L_Eknl: 0.16357, L_Morse: 1.51326

Weights: [7000.0, 600.0, 0, 50.0, 0.0, 1.6872999999999987], lr=5.000e-05
Epoch: 0 [4520/10000 (45%)] Loss: 42.40174 = L_Mnfld: 15.90828 + L_NonMnfld: 16.21414 + L_Nrml: 0.00000 + L_Eknl: 7.91048 + L_Div: 0.00000 + L_Morse: 2.36883
Epoch: 0 [4520/10000 (45%)] Unweighted L_s : L_Mnfld: 0.00227,  L_NonMnfld: 0.02702,  L_Nrml: 0.00000,  L_Eknl: 0.15821, L_Morse: 1.40392

Weights: [7000.0, 600.0, 0, 50.0, 0.0, 1.6542999999999992], lr=5.000e-05
Epoch: 0 [4530/10000 (45%)] Loss: 36.42699 = L_Mnfld: 12.88915 + L_NonMnfld: 14.15474 + L_Nrml: 0.00000 + L_Eknl: 6.97479 + L_Div: 0.00000 + L_Morse: 2.40832
Epoch: 0 [4530/10000 (45%)] Unweighted L_s : L_Mnfld: 0.00184,  L_NonMnfld: 0.02359,  L_Nrml: 0.00000,  L_Eknl: 0.13950, L_Morse: 1.45579

Weights: [7000.0, 600.0, 0, 50.0, 0.0, 1.621299999999998], lr=5.000e-05
Epoch: 0 [4540/10000 (45%)] Loss: 33.46837 = L_Mnfld: 10.07726 + L_NonMnfld: 14.45942 + L_Nrml: 0.00000 + L_Eknl: 6.71687 + L_Div: 0.00000 + L_Morse: 2.21482
Epoch: 0 [4540/10000 (45%)] Unweighted L_s : L_Mnfld: 0.00144,  L_NonMnfld: 0.02410,  L_Nrml: 0.00000,  L_Eknl: 0.13434, L_Morse: 1.36607

Weights: [7000.0, 600.0, 0, 50.0, 0.0, 1.5882999999999985], lr=5.000e-05
Epoch: 0 [4550/10000 (46%)] Loss: 31.75889 = L_Mnfld: 8.75060 + L_NonMnfld: 14.65410 + L_Nrml: 0.00000 + L_Eknl: 6.24907 + L_Div: 0.00000 + L_Morse: 2.10512
Epoch: 0 [4550/10000 (46%)] Unweighted L_s : L_Mnfld: 0.00125,  L_NonMnfld: 0.02442,  L_Nrml: 0.00000,  L_Eknl: 0.12498, L_Morse: 1.32539

Weights: [7000.0, 600.0, 0, 50.0, 0.0, 1.555299999999999], lr=5.000e-05
Epoch: 0 [4560/10000 (46%)] Loss: 31.12504 = L_Mnfld: 7.76165 + L_NonMnfld: 15.21410 + L_Nrml: 0.00000 + L_Eknl: 6.17865 + L_Div: 0.00000 + L_Morse: 1.97065
Epoch: 0 [4560/10000 (46%)] Unweighted L_s : L_Mnfld: 0.00111,  L_NonMnfld: 0.02536,  L_Nrml: 0.00000,  L_Eknl: 0.12357, L_Morse: 1.26705

Weights: [7000.0, 600.0, 0, 50.0, 0.0, 1.5223000000000013], lr=5.000e-05
Epoch: 0 [4570/10000 (46%)] Loss: 29.62880 = L_Mnfld: 6.94015 + L_NonMnfld: 14.76225 + L_Nrml: 0.00000 + L_Eknl: 5.99582 + L_Div: 0.00000 + L_Morse: 1.93058
Epoch: 0 [4570/10000 (46%)] Unweighted L_s : L_Mnfld: 0.00099,  L_NonMnfld: 0.02460,  L_Nrml: 0.00000,  L_Eknl: 0.11992, L_Morse: 1.26820

Weights: [7000.0, 600.0, 0, 50.0, 0.0, 1.4893000000000018], lr=5.000e-05
Epoch: 0 [4580/10000 (46%)] Loss: 30.08349 = L_Mnfld: 6.82998 + L_NonMnfld: 15.60845 + L_Nrml: 0.00000 + L_Eknl: 5.70207 + L_Div: 0.00000 + L_Morse: 1.94299
Epoch: 0 [4580/10000 (46%)] Unweighted L_s : L_Mnfld: 0.00098,  L_NonMnfld: 0.02601,  L_Nrml: 0.00000,  L_Eknl: 0.11404, L_Morse: 1.30463

Weights: [7000.0, 600.0, 0, 50.0, 0.0, 1.4563000000000006], lr=5.000e-05
Epoch: 0 [4590/10000 (46%)] Loss: 28.63442 = L_Mnfld: 6.40292 + L_NonMnfld: 14.78907 + L_Nrml: 0.00000 + L_Eknl: 5.57548 + L_Div: 0.00000 + L_Morse: 1.86696
Epoch: 0 [4590/10000 (46%)] Unweighted L_s : L_Mnfld: 0.00091,  L_NonMnfld: 0.02465,  L_Nrml: 0.00000,  L_Eknl: 0.11151, L_Morse: 1.28199

Weights: [7000.0, 600.0, 0, 50.0, 0.0, 1.4233000000000011], lr=5.000e-05
Epoch: 0 [4600/10000 (46%)] Loss: 27.15371 = L_Mnfld: 5.77974 + L_NonMnfld: 14.16144 + L_Nrml: 0.00000 + L_Eknl: 5.46405 + L_Div: 0.00000 + L_Morse: 1.74848
Epoch: 0 [4600/10000 (46%)] Unweighted L_s : L_Mnfld: 0.00083,  L_NonMnfld: 0.02360,  L_Nrml: 0.00000,  L_Eknl: 0.10928, L_Morse: 1.22847

Weights: [7000.0, 600.0, 0, 50.0, 0.0, 1.3903000000000016], lr=5.000e-05
Epoch: 0 [4610/10000 (46%)] Loss: 28.47261 = L_Mnfld: 6.48313 + L_NonMnfld: 14.76888 + L_Nrml: 0.00000 + L_Eknl: 5.45845 + L_Div: 0.00000 + L_Morse: 1.76216
Epoch: 0 [4610/10000 (46%)] Unweighted L_s : L_Mnfld: 0.00093,  L_NonMnfld: 0.02461,  L_Nrml: 0.00000,  L_Eknl: 0.10917, L_Morse: 1.26746

Weights: [7000.0, 600.0, 0, 50.0, 0.0, 1.3573000000000004], lr=5.000e-05
Epoch: 0 [4620/10000 (46%)] Loss: 29.04725 = L_Mnfld: 5.61300 + L_NonMnfld: 16.27245 + L_Nrml: 0.00000 + L_Eknl: 5.48552 + L_Div: 0.00000 + L_Morse: 1.67628
Epoch: 0 [4620/10000 (46%)] Unweighted L_s : L_Mnfld: 0.00080,  L_NonMnfld: 0.02712,  L_Nrml: 0.00000,  L_Eknl: 0.10971, L_Morse: 1.23501

Weights: [7000.0, 600.0, 0, 50.0, 0.0, 1.324300000000001], lr=5.000e-05
Epoch: 0 [4630/10000 (46%)] Loss: 29.78570 = L_Mnfld: 7.63598 + L_NonMnfld: 14.99258 + L_Nrml: 0.00000 + L_Eknl: 5.53819 + L_Div: 0.00000 + L_Morse: 1.61895
Epoch: 0 [4630/10000 (46%)] Unweighted L_s : L_Mnfld: 0.00109,  L_NonMnfld: 0.02499,  L_Nrml: 0.00000,  L_Eknl: 0.11076, L_Morse: 1.22249

Weights: [7000.0, 600.0, 0, 50.0, 0.0, 1.2913000000000014], lr=5.000e-05
Epoch: 0 [4640/10000 (46%)] Loss: 28.13414 = L_Mnfld: 6.30442 + L_NonMnfld: 14.64574 + L_Nrml: 0.00000 + L_Eknl: 5.51354 + L_Div: 0.00000 + L_Morse: 1.67044
Epoch: 0 [4640/10000 (46%)] Unweighted L_s : L_Mnfld: 0.00090,  L_NonMnfld: 0.02441,  L_Nrml: 0.00000,  L_Eknl: 0.11027, L_Morse: 1.29361

Weights: [7000.0, 600.0, 0, 50.0, 0.0, 1.2583000000000002], lr=5.000e-05
Epoch: 0 [4650/10000 (46%)] Loss: 30.51841 = L_Mnfld: 8.55022 + L_NonMnfld: 14.86254 + L_Nrml: 0.00000 + L_Eknl: 5.46134 + L_Div: 0.00000 + L_Morse: 1.64430
Epoch: 0 [4650/10000 (46%)] Unweighted L_s : L_Mnfld: 0.00122,  L_NonMnfld: 0.02477,  L_Nrml: 0.00000,  L_Eknl: 0.10923, L_Morse: 1.30676

Weights: [7000.0, 600.0, 0, 50.0, 0.0, 1.2253000000000007], lr=5.000e-05
Epoch: 0 [4660/10000 (47%)] Loss: 28.52516 = L_Mnfld: 7.51391 + L_NonMnfld: 13.84086 + L_Nrml: 0.00000 + L_Eknl: 5.55899 + L_Div: 0.00000 + L_Morse: 1.61140
Epoch: 0 [4660/10000 (47%)] Unweighted L_s : L_Mnfld: 0.00107,  L_NonMnfld: 0.02307,  L_Nrml: 0.00000,  L_Eknl: 0.11118, L_Morse: 1.31511

Weights: [7000.0, 600.0, 0, 50.0, 0.0, 1.1923000000000012], lr=5.000e-05
Epoch: 0 [4670/10000 (47%)] Loss: 28.33271 = L_Mnfld: 6.55585 + L_NonMnfld: 14.61433 + L_Nrml: 0.00000 + L_Eknl: 5.56889 + L_Div: 0.00000 + L_Morse: 1.59364
Epoch: 0 [4670/10000 (47%)] Unweighted L_s : L_Mnfld: 0.00094,  L_NonMnfld: 0.02436,  L_Nrml: 0.00000,  L_Eknl: 0.11138, L_Morse: 1.33661

Weights: [7000.0, 600.0, 0, 50.0, 0.0, 1.1593], lr=5.000e-05
Epoch: 0 [4680/10000 (47%)] Loss: 29.00426 = L_Mnfld: 6.99410 + L_NonMnfld: 14.97479 + L_Nrml: 0.00000 + L_Eknl: 5.45874 + L_Div: 0.00000 + L_Morse: 1.57663
Epoch: 0 [4680/10000 (47%)] Unweighted L_s : L_Mnfld: 0.00100,  L_NonMnfld: 0.02496,  L_Nrml: 0.00000,  L_Eknl: 0.10917, L_Morse: 1.35999

Weights: [7000.0, 600.0, 0, 50.0, 0.0, 1.1263000000000005], lr=5.000e-05
Epoch: 0 [4690/10000 (47%)] Loss: 27.36047 = L_Mnfld: 6.02012 + L_NonMnfld: 14.67560 + L_Nrml: 0.00000 + L_Eknl: 5.15056 + L_Div: 0.00000 + L_Morse: 1.51419
Epoch: 0 [4690/10000 (47%)] Unweighted L_s : L_Mnfld: 0.00086,  L_NonMnfld: 0.02446,  L_Nrml: 0.00000,  L_Eknl: 0.10301, L_Morse: 1.34440

Weights: [7000.0, 600.0, 0, 50.0, 0.0, 1.093300000000001], lr=5.000e-05
Epoch: 0 [4700/10000 (47%)] Loss: 26.36019 = L_Mnfld: 6.05377 + L_NonMnfld: 13.66296 + L_Nrml: 0.00000 + L_Eknl: 5.20252 + L_Div: 0.00000 + L_Morse: 1.44094
Epoch: 0 [4700/10000 (47%)] Unweighted L_s : L_Mnfld: 0.00086,  L_NonMnfld: 0.02277,  L_Nrml: 0.00000,  L_Eknl: 0.10405, L_Morse: 1.31797

Weights: [7000.0, 600.0, 0, 50.0, 0.0, 1.0602999999999998], lr=5.000e-05
Epoch: 0 [4710/10000 (47%)] Loss: 27.80765 = L_Mnfld: 6.86316 + L_NonMnfld: 14.26356 + L_Nrml: 0.00000 + L_Eknl: 5.32824 + L_Div: 0.00000 + L_Morse: 1.35270
Epoch: 0 [4710/10000 (47%)] Unweighted L_s : L_Mnfld: 0.00098,  L_NonMnfld: 0.02377,  L_Nrml: 0.00000,  L_Eknl: 0.10656, L_Morse: 1.27577

Weights: [7000.0, 600.0, 0, 50.0, 0.0, 1.0273000000000003], lr=5.000e-05
Epoch: 0 [4720/10000 (47%)] Loss: 27.69705 = L_Mnfld: 5.51206 + L_NonMnfld: 15.63191 + L_Nrml: 0.00000 + L_Eknl: 5.13811 + L_Div: 0.00000 + L_Morse: 1.41497
Epoch: 0 [4720/10000 (47%)] Unweighted L_s : L_Mnfld: 0.00079,  L_NonMnfld: 0.02605,  L_Nrml: 0.00000,  L_Eknl: 0.10276, L_Morse: 1.37737

Weights: [7000.0, 600.0, 0, 50.0, 0.0, 0.9943000000000008], lr=5.000e-05
Epoch: 0 [4730/10000 (47%)] Loss: 27.05989 = L_Mnfld: 6.32141 + L_NonMnfld: 14.21895 + L_Nrml: 0.00000 + L_Eknl: 5.19959 + L_Div: 0.00000 + L_Morse: 1.31995
Epoch: 0 [4730/10000 (47%)] Unweighted L_s : L_Mnfld: 0.00090,  L_NonMnfld: 0.02370,  L_Nrml: 0.00000,  L_Eknl: 0.10399, L_Morse: 1.32752

Weights: [7000.0, 600.0, 0, 50.0, 0.0, 0.9612999999999996], lr=5.000e-05
Epoch: 0 [4740/10000 (47%)] Loss: 28.19649 = L_Mnfld: 5.88090 + L_NonMnfld: 15.95787 + L_Nrml: 0.00000 + L_Eknl: 5.07612 + L_Div: 0.00000 + L_Morse: 1.28160
Epoch: 0 [4740/10000 (47%)] Unweighted L_s : L_Mnfld: 0.00084,  L_NonMnfld: 0.02660,  L_Nrml: 0.00000,  L_Eknl: 0.10152, L_Morse: 1.33320

Weights: [7000.0, 600.0, 0, 50.0, 0.0, 0.9283000000000001], lr=5.000e-05
Epoch: 0 [4750/10000 (48%)] Loss: 26.46561 = L_Mnfld: 5.47448 + L_NonMnfld: 14.55005 + L_Nrml: 0.00000 + L_Eknl: 5.16777 + L_Div: 0.00000 + L_Morse: 1.27330
Epoch: 0 [4750/10000 (48%)] Unweighted L_s : L_Mnfld: 0.00078,  L_NonMnfld: 0.02425,  L_Nrml: 0.00000,  L_Eknl: 0.10336, L_Morse: 1.37165

Weights: [7000.0, 600.0, 0, 50.0, 0.0, 0.8953000000000007], lr=5.000e-05
Epoch: 0 [4760/10000 (48%)] Loss: 25.90633 = L_Mnfld: 5.07314 + L_NonMnfld: 14.61695 + L_Nrml: 0.00000 + L_Eknl: 5.00127 + L_Div: 0.00000 + L_Morse: 1.21499
Epoch: 0 [4760/10000 (48%)] Unweighted L_s : L_Mnfld: 0.00072,  L_NonMnfld: 0.02436,  L_Nrml: 0.00000,  L_Eknl: 0.10003, L_Morse: 1.35707

Weights: [7000.0, 600.0, 0, 50.0, 0.0, 0.8622999999999994], lr=5.000e-05
Epoch: 0 [4770/10000 (48%)] Loss: 24.93880 = L_Mnfld: 5.64543 + L_NonMnfld: 13.14647 + L_Nrml: 0.00000 + L_Eknl: 4.98538 + L_Div: 0.00000 + L_Morse: 1.16153
Epoch: 0 [4770/10000 (48%)] Unweighted L_s : L_Mnfld: 0.00081,  L_NonMnfld: 0.02191,  L_Nrml: 0.00000,  L_Eknl: 0.09971, L_Morse: 1.34701

Weights: [7000.0, 600.0, 0, 50.0, 0.0, 0.8292999999999999], lr=5.000e-05
Epoch: 0 [4780/10000 (48%)] Loss: 25.43838 = L_Mnfld: 5.26106 + L_NonMnfld: 14.04929 + L_Nrml: 0.00000 + L_Eknl: 4.97400 + L_Div: 0.00000 + L_Morse: 1.15403
Epoch: 0 [4780/10000 (48%)] Unweighted L_s : L_Mnfld: 0.00075,  L_NonMnfld: 0.02342,  L_Nrml: 0.00000,  L_Eknl: 0.09948, L_Morse: 1.39157

Weights: [7000.0, 600.0, 0, 50.0, 0.0, 0.7963000000000005], lr=5.000e-05
Epoch: 0 [4790/10000 (48%)] Loss: 26.48707 = L_Mnfld: 5.72978 + L_NonMnfld: 14.57758 + L_Nrml: 0.00000 + L_Eknl: 5.08499 + L_Div: 0.00000 + L_Morse: 1.09472
Epoch: 0 [4790/10000 (48%)] Unweighted L_s : L_Mnfld: 0.00082,  L_NonMnfld: 0.02430,  L_Nrml: 0.00000,  L_Eknl: 0.10170, L_Morse: 1.37475

Weights: [7000.0, 600.0, 0, 50.0, 0.0, 0.7632999999999992], lr=5.000e-05
Epoch: 0 [4800/10000 (48%)] Loss: 24.52752 = L_Mnfld: 5.50874 + L_NonMnfld: 12.86038 + L_Nrml: 0.00000 + L_Eknl: 5.06870 + L_Div: 0.00000 + L_Morse: 1.08970
Epoch: 0 [4800/10000 (48%)] Unweighted L_s : L_Mnfld: 0.00079,  L_NonMnfld: 0.02143,  L_Nrml: 0.00000,  L_Eknl: 0.10137, L_Morse: 1.42762

Weights: [7000.0, 600.0, 0, 50.0, 0.0, 0.7302999999999997], lr=5.000e-05
Epoch: 0 [4810/10000 (48%)] Loss: 27.22593 = L_Mnfld: 6.09425 + L_NonMnfld: 15.31526 + L_Nrml: 0.00000 + L_Eknl: 4.84381 + L_Div: 0.00000 + L_Morse: 0.97261
Epoch: 0 [4810/10000 (48%)] Unweighted L_s : L_Mnfld: 0.00087,  L_NonMnfld: 0.02553,  L_Nrml: 0.00000,  L_Eknl: 0.09688, L_Morse: 1.33180

Weights: [7000.0, 600.0, 0, 50.0, 0.0, 0.6973000000000003], lr=5.000e-05
Epoch: 0 [4820/10000 (48%)] Loss: 26.11823 = L_Mnfld: 5.23902 + L_NonMnfld: 14.95423 + L_Nrml: 0.00000 + L_Eknl: 4.95012 + L_Div: 0.00000 + L_Morse: 0.97486
Epoch: 0 [4820/10000 (48%)] Unweighted L_s : L_Mnfld: 0.00075,  L_NonMnfld: 0.02492,  L_Nrml: 0.00000,  L_Eknl: 0.09900, L_Morse: 1.39805

Weights: [7000.0, 600.0, 0, 50.0, 0.0, 0.664299999999999], lr=5.000e-05
Epoch: 0 [4830/10000 (48%)] Loss: 26.29614 = L_Mnfld: 5.88786 + L_NonMnfld: 14.47298 + L_Nrml: 0.00000 + L_Eknl: 5.01740 + L_Div: 0.00000 + L_Morse: 0.91790
Epoch: 0 [4830/10000 (48%)] Unweighted L_s : L_Mnfld: 0.00084,  L_NonMnfld: 0.02412,  L_Nrml: 0.00000,  L_Eknl: 0.10035, L_Morse: 1.38176

Weights: [7000.0, 600.0, 0, 50.0, 0.0, 0.6312999999999995], lr=5.000e-05
Epoch: 0 [4840/10000 (48%)] Loss: 24.68257 = L_Mnfld: 5.09081 + L_NonMnfld: 13.79908 + L_Nrml: 0.00000 + L_Eknl: 4.92103 + L_Div: 0.00000 + L_Morse: 0.87164
Epoch: 0 [4840/10000 (48%)] Unweighted L_s : L_Mnfld: 0.00073,  L_NonMnfld: 0.02300,  L_Nrml: 0.00000,  L_Eknl: 0.09842, L_Morse: 1.38070

Weights: [7000.0, 600.0, 0, 50.0, 0.0, 0.5983], lr=5.000e-05
Epoch: 0 [4850/10000 (48%)] Loss: 25.46751 = L_Mnfld: 5.47919 + L_NonMnfld: 13.95497 + L_Nrml: 0.00000 + L_Eknl: 5.13474 + L_Div: 0.00000 + L_Morse: 0.89862
Epoch: 0 [4850/10000 (48%)] Unweighted L_s : L_Mnfld: 0.00078,  L_NonMnfld: 0.02326,  L_Nrml: 0.00000,  L_Eknl: 0.10269, L_Morse: 1.50195

Weights: [7000.0, 600.0, 0, 50.0, 0.0, 0.5652999999999988], lr=5.000e-05
Epoch: 0 [4860/10000 (49%)] Loss: 24.64397 = L_Mnfld: 5.78734 + L_NonMnfld: 12.93841 + L_Nrml: 0.00000 + L_Eknl: 5.10580 + L_Div: 0.00000 + L_Morse: 0.81241
Epoch: 0 [4860/10000 (49%)] Unweighted L_s : L_Mnfld: 0.00083,  L_NonMnfld: 0.02156,  L_Nrml: 0.00000,  L_Eknl: 0.10212, L_Morse: 1.43714

Weights: [7000.0, 600.0, 0, 50.0, 0.0, 0.5322999999999993], lr=5.000e-05
Epoch: 0 [4870/10000 (49%)] Loss: 25.20777 = L_Mnfld: 5.87329 + L_NonMnfld: 13.51430 + L_Nrml: 0.00000 + L_Eknl: 5.04007 + L_Div: 0.00000 + L_Morse: 0.78011
Epoch: 0 [4870/10000 (49%)] Unweighted L_s : L_Mnfld: 0.00084,  L_NonMnfld: 0.02252,  L_Nrml: 0.00000,  L_Eknl: 0.10080, L_Morse: 1.46554

Weights: [7000.0, 600.0, 0, 50.0, 0.0, 0.49929999999999986], lr=5.000e-05
Epoch: 0 [4880/10000 (49%)] Loss: 24.36755 = L_Mnfld: 5.35147 + L_NonMnfld: 13.25309 + L_Nrml: 0.00000 + L_Eknl: 5.04820 + L_Div: 0.00000 + L_Morse: 0.71478
Epoch: 0 [4880/10000 (49%)] Unweighted L_s : L_Mnfld: 0.00076,  L_NonMnfld: 0.02209,  L_Nrml: 0.00000,  L_Eknl: 0.10096, L_Morse: 1.43157

Weights: [7000.0, 600.0, 0, 50.0, 0.0, 0.4662999999999986], lr=5.000e-05
Epoch: 0 [4890/10000 (49%)] Loss: 24.49138 = L_Mnfld: 5.55461 + L_NonMnfld: 13.14094 + L_Nrml: 0.00000 + L_Eknl: 5.09530 + L_Div: 0.00000 + L_Morse: 0.70052
Epoch: 0 [4890/10000 (49%)] Unweighted L_s : L_Mnfld: 0.00079,  L_NonMnfld: 0.02190,  L_Nrml: 0.00000,  L_Eknl: 0.10191, L_Morse: 1.50230

Weights: [7000.0, 600.0, 0, 50.0, 0.0, 0.43329999999999913], lr=5.000e-05
Epoch: 0 [4900/10000 (49%)] Loss: 26.07286 = L_Mnfld: 5.65691 + L_NonMnfld: 14.88172 + L_Nrml: 0.00000 + L_Eknl: 4.87891 + L_Div: 0.00000 + L_Morse: 0.65532
Epoch: 0 [4900/10000 (49%)] Unweighted L_s : L_Mnfld: 0.00081,  L_NonMnfld: 0.02480,  L_Nrml: 0.00000,  L_Eknl: 0.09758, L_Morse: 1.51239

Weights: [7000.0, 600.0, 0, 50.0, 0.0, 0.40029999999999966], lr=5.000e-05
Epoch: 0 [4910/10000 (49%)] Loss: 26.35260 = L_Mnfld: 5.46937 + L_NonMnfld: 15.27421 + L_Nrml: 0.00000 + L_Eknl: 5.03087 + L_Div: 0.00000 + L_Morse: 0.57816
Epoch: 0 [4910/10000 (49%)] Unweighted L_s : L_Mnfld: 0.00078,  L_NonMnfld: 0.02546,  L_Nrml: 0.00000,  L_Eknl: 0.10062, L_Morse: 1.44431

Weights: [7000.0, 600.0, 0, 50.0, 0.0, 0.3672999999999984], lr=5.000e-05
Epoch: 0 [4920/10000 (49%)] Loss: 25.63258 = L_Mnfld: 5.30835 + L_NonMnfld: 14.70729 + L_Nrml: 0.00000 + L_Eknl: 5.06003 + L_Div: 0.00000 + L_Morse: 0.55690
Epoch: 0 [4920/10000 (49%)] Unweighted L_s : L_Mnfld: 0.00076,  L_NonMnfld: 0.02451,  L_Nrml: 0.00000,  L_Eknl: 0.10120, L_Morse: 1.51620

Weights: [7000.0, 600.0, 0, 50.0, 0.0, 0.33429999999999893], lr=5.000e-05
Epoch: 0 [4930/10000 (49%)] Loss: 25.67553 = L_Mnfld: 6.12336 + L_NonMnfld: 14.15344 + L_Nrml: 0.00000 + L_Eknl: 4.89362 + L_Div: 0.00000 + L_Morse: 0.50512
Epoch: 0 [4930/10000 (49%)] Unweighted L_s : L_Mnfld: 0.00087,  L_NonMnfld: 0.02359,  L_Nrml: 0.00000,  L_Eknl: 0.09787, L_Morse: 1.51098

Weights: [7000.0, 600.0, 0, 50.0, 0.0, 0.30129999999999946], lr=5.000e-05
Epoch: 0 [4940/10000 (49%)] Loss: 24.82298 = L_Mnfld: 5.10889 + L_NonMnfld: 14.16838 + L_Nrml: 0.00000 + L_Eknl: 5.09745 + L_Div: 0.00000 + L_Morse: 0.44826
Epoch: 0 [4940/10000 (49%)] Unweighted L_s : L_Mnfld: 0.00073,  L_NonMnfld: 0.02361,  L_Nrml: 0.00000,  L_Eknl: 0.10195, L_Morse: 1.48774

Weights: [7000.0, 600.0, 0, 50.0, 0.0, 0.2682999999999982], lr=5.000e-05
Epoch: 0 [4950/10000 (50%)] Loss: 25.83699 = L_Mnfld: 6.40769 + L_NonMnfld: 13.99927 + L_Nrml: 0.00000 + L_Eknl: 5.03211 + L_Div: 0.00000 + L_Morse: 0.39792
Epoch: 0 [4950/10000 (50%)] Unweighted L_s : L_Mnfld: 0.00092,  L_NonMnfld: 0.02333,  L_Nrml: 0.00000,  L_Eknl: 0.10064, L_Morse: 1.48311

Weights: [7000.0, 600.0, 0, 50.0, 0.0, 0.2353000000000005], lr=5.000e-05
Epoch: 0 [4960/10000 (50%)] Loss: 24.78379 = L_Mnfld: 5.72556 + L_NonMnfld: 13.75884 + L_Nrml: 0.00000 + L_Eknl: 4.92233 + L_Div: 0.00000 + L_Morse: 0.37705
Epoch: 0 [4960/10000 (50%)] Unweighted L_s : L_Mnfld: 0.00082,  L_NonMnfld: 0.02293,  L_Nrml: 0.00000,  L_Eknl: 0.09845, L_Morse: 1.60241

Weights: [7000.0, 600.0, 0, 50.0, 0.0, 0.20229999999999926], lr=5.000e-05
Epoch: 0 [4970/10000 (50%)] Loss: 26.47005 = L_Mnfld: 6.52439 + L_NonMnfld: 14.70832 + L_Nrml: 0.00000 + L_Eknl: 4.92442 + L_Div: 0.00000 + L_Morse: 0.31291
Epoch: 0 [4970/10000 (50%)] Unweighted L_s : L_Mnfld: 0.00093,  L_NonMnfld: 0.02451,  L_Nrml: 0.00000,  L_Eknl: 0.09849, L_Morse: 1.54675

Weights: [7000.0, 600.0, 0, 50.0, 0.0, 0.16929999999999978], lr=5.000e-05
Epoch: 0 [4980/10000 (50%)] Loss: 25.01259 = L_Mnfld: 6.09529 + L_NonMnfld: 13.80045 + L_Nrml: 0.00000 + L_Eknl: 4.86578 + L_Div: 0.00000 + L_Morse: 0.25106
Epoch: 0 [4980/10000 (50%)] Unweighted L_s : L_Mnfld: 0.00087,  L_NonMnfld: 0.02300,  L_Nrml: 0.00000,  L_Eknl: 0.09732, L_Morse: 1.48292

Weights: [7000.0, 600.0, 0, 50.0, 0.0, 0.1363000000000003], lr=5.000e-05
Epoch: 0 [4990/10000 (50%)] Loss: 23.50651 = L_Mnfld: 5.12621 + L_NonMnfld: 13.49575 + L_Nrml: 0.00000 + L_Eknl: 4.66745 + L_Div: 0.00000 + L_Morse: 0.21710
Epoch: 0 [4990/10000 (50%)] Unweighted L_s : L_Mnfld: 0.00073,  L_NonMnfld: 0.02249,  L_Nrml: 0.00000,  L_Eknl: 0.09335, L_Morse: 1.59285

Weights: [7000.0, 600.0, 0, 50.0, 0.0, 0.10329999999999906], lr=5.000e-05
Epoch: 0 [5000/10000 (50%)] Loss: 24.47152 = L_Mnfld: 6.19705 + L_NonMnfld: 12.84665 + L_Nrml: 0.00000 + L_Eknl: 5.25564 + L_Div: 0.00000 + L_Morse: 0.17217
Epoch: 0 [5000/10000 (50%)] Unweighted L_s : L_Mnfld: 0.00089,  L_NonMnfld: 0.02141,  L_Nrml: 0.00000,  L_Eknl: 0.10511, L_Morse: 1.66671

Weights: [7000.0, 600.0, 0, 50.0, 0.0, 0.1], lr=5.000e-05
Epoch: 0 [5010/10000 (50%)] Loss: 25.89698 = L_Mnfld: 6.62156 + L_NonMnfld: 14.06101 + L_Nrml: 0.00000 + L_Eknl: 5.04614 + L_Div: 0.00000 + L_Morse: 0.16827
Epoch: 0 [5010/10000 (50%)] Unweighted L_s : L_Mnfld: 0.00095,  L_NonMnfld: 0.02344,  L_Nrml: 0.00000,  L_Eknl: 0.10092, L_Morse: 1.68271

Weights: [7000.0, 600.0, 0, 50.0, 0.0, 0.1], lr=5.000e-05
Epoch: 0 [5020/10000 (50%)] Loss: 23.21456 = L_Mnfld: 5.42440 + L_NonMnfld: 12.83646 + L_Nrml: 0.00000 + L_Eknl: 4.78056 + L_Div: 0.00000 + L_Morse: 0.17315
Epoch: 0 [5020/10000 (50%)] Unweighted L_s : L_Mnfld: 0.00077,  L_NonMnfld: 0.02139,  L_Nrml: 0.00000,  L_Eknl: 0.09561, L_Morse: 1.73154

Weights: [7000.0, 600.0, 0, 50.0, 0.0, 0.1], lr=5.000e-05
Epoch: 0 [5030/10000 (50%)] Loss: 25.88619 = L_Mnfld: 6.41514 + L_NonMnfld: 14.36091 + L_Nrml: 0.00000 + L_Eknl: 4.93775 + L_Div: 0.00000 + L_Morse: 0.17239
Epoch: 0 [5030/10000 (50%)] Unweighted L_s : L_Mnfld: 0.00092,  L_NonMnfld: 0.02393,  L_Nrml: 0.00000,  L_Eknl: 0.09876, L_Morse: 1.72390

Weights: [7000.0, 600.0, 0, 50.0, 0.0, 0.1], lr=5.000e-05
Epoch: 0 [5040/10000 (50%)] Loss: 25.80080 = L_Mnfld: 6.27036 + L_NonMnfld: 14.47159 + L_Nrml: 0.00000 + L_Eknl: 4.88793 + L_Div: 0.00000 + L_Morse: 0.17091
Epoch: 0 [5040/10000 (50%)] Unweighted L_s : L_Mnfld: 0.00090,  L_NonMnfld: 0.02412,  L_Nrml: 0.00000,  L_Eknl: 0.09776, L_Morse: 1.70913

Weights: [7000.0, 600.0, 0, 50.0, 0.0, 0.1], lr=5.000e-05
Epoch: 0 [5050/10000 (50%)] Loss: 25.39186 = L_Mnfld: 6.01307 + L_NonMnfld: 14.16865 + L_Nrml: 0.00000 + L_Eknl: 5.03554 + L_Div: 0.00000 + L_Morse: 0.17459
Epoch: 0 [5050/10000 (50%)] Unweighted L_s : L_Mnfld: 0.00086,  L_NonMnfld: 0.02361,  L_Nrml: 0.00000,  L_Eknl: 0.10071, L_Morse: 1.74593

Weights: [7000.0, 600.0, 0, 50.0, 0.0, 0.1], lr=5.000e-05
Epoch: 0 [5060/10000 (51%)] Loss: 25.05442 = L_Mnfld: 6.22148 + L_NonMnfld: 13.79469 + L_Nrml: 0.00000 + L_Eknl: 4.85251 + L_Div: 0.00000 + L_Morse: 0.18574
Epoch: 0 [5060/10000 (51%)] Unweighted L_s : L_Mnfld: 0.00089,  L_NonMnfld: 0.02299,  L_Nrml: 0.00000,  L_Eknl: 0.09705, L_Morse: 1.85740

Weights: [7000.0, 600.0, 0, 50.0, 0.0, 0.1], lr=5.000e-05
Epoch: 0 [5070/10000 (51%)] Loss: 24.85345 = L_Mnfld: 5.74551 + L_NonMnfld: 14.07912 + L_Nrml: 0.00000 + L_Eknl: 4.85718 + L_Div: 0.00000 + L_Morse: 0.17165
Epoch: 0 [5070/10000 (51%)] Unweighted L_s : L_Mnfld: 0.00082,  L_NonMnfld: 0.02347,  L_Nrml: 0.00000,  L_Eknl: 0.09714, L_Morse: 1.71648

Weights: [7000.0, 600.0, 0, 50.0, 0.0, 0.1], lr=5.000e-05
Epoch: 0 [5080/10000 (51%)] Loss: 25.29602 = L_Mnfld: 5.97695 + L_NonMnfld: 14.28005 + L_Nrml: 0.00000 + L_Eknl: 4.86309 + L_Div: 0.00000 + L_Morse: 0.17593
Epoch: 0 [5080/10000 (51%)] Unweighted L_s : L_Mnfld: 0.00085,  L_NonMnfld: 0.02380,  L_Nrml: 0.00000,  L_Eknl: 0.09726, L_Morse: 1.75933

Weights: [7000.0, 600.0, 0, 50.0, 0.0, 0.1], lr=5.000e-05
Epoch: 0 [5090/10000 (51%)] Loss: 24.90062 = L_Mnfld: 6.10225 + L_NonMnfld: 13.80218 + L_Nrml: 0.00000 + L_Eknl: 4.81219 + L_Div: 0.00000 + L_Morse: 0.18400
Epoch: 0 [5090/10000 (51%)] Unweighted L_s : L_Mnfld: 0.00087,  L_NonMnfld: 0.02300,  L_Nrml: 0.00000,  L_Eknl: 0.09624, L_Morse: 1.83999

Weights: [7000.0, 600.0, 0, 50.0, 0.0, 0.1], lr=5.000e-05
Epoch: 0 [5100/10000 (51%)] Loss: 23.86434 = L_Mnfld: 5.83347 + L_NonMnfld: 12.83150 + L_Nrml: 0.00000 + L_Eknl: 5.00412 + L_Div: 0.00000 + L_Morse: 0.19524
Epoch: 0 [5100/10000 (51%)] Unweighted L_s : L_Mnfld: 0.00083,  L_NonMnfld: 0.02139,  L_Nrml: 0.00000,  L_Eknl: 0.10008, L_Morse: 1.95243

Weights: [7000.0, 600.0, 0, 50.0, 0.0, 0.1], lr=5.000e-05
Epoch: 0 [5110/10000 (51%)] Loss: 24.40551 = L_Mnfld: 5.70174 + L_NonMnfld: 13.44288 + L_Nrml: 0.00000 + L_Eknl: 5.06432 + L_Div: 0.00000 + L_Morse: 0.19657
Epoch: 0 [5110/10000 (51%)] Unweighted L_s : L_Mnfld: 0.00081,  L_NonMnfld: 0.02240,  L_Nrml: 0.00000,  L_Eknl: 0.10129, L_Morse: 1.96567

Weights: [7000.0, 600.0, 0, 50.0, 0.0, 0.1], lr=5.000e-05
Epoch: 0 [5120/10000 (51%)] Loss: 26.62768 = L_Mnfld: 6.90788 + L_NonMnfld: 14.40688 + L_Nrml: 0.00000 + L_Eknl: 5.11854 + L_Div: 0.00000 + L_Morse: 0.19437
Epoch: 0 [5120/10000 (51%)] Unweighted L_s : L_Mnfld: 0.00099,  L_NonMnfld: 0.02401,  L_Nrml: 0.00000,  L_Eknl: 0.10237, L_Morse: 1.94375

Weights: [7000.0, 600.0, 0, 50.0, 0.0, 0.1], lr=5.000e-05
Epoch: 0 [5130/10000 (51%)] Loss: 26.10609 = L_Mnfld: 6.59394 + L_NonMnfld: 14.27058 + L_Nrml: 0.00000 + L_Eknl: 5.04695 + L_Div: 0.00000 + L_Morse: 0.19462
Epoch: 0 [5130/10000 (51%)] Unweighted L_s : L_Mnfld: 0.00094,  L_NonMnfld: 0.02378,  L_Nrml: 0.00000,  L_Eknl: 0.10094, L_Morse: 1.94622

Weights: [7000.0, 600.0, 0, 50.0, 0.0, 0.1], lr=5.000e-05
Epoch: 0 [5140/10000 (51%)] Loss: 24.75096 = L_Mnfld: 5.90214 + L_NonMnfld: 13.62473 + L_Nrml: 0.00000 + L_Eknl: 5.03156 + L_Div: 0.00000 + L_Morse: 0.19254
Epoch: 0 [5140/10000 (51%)] Unweighted L_s : L_Mnfld: 0.00084,  L_NonMnfld: 0.02271,  L_Nrml: 0.00000,  L_Eknl: 0.10063, L_Morse: 1.92543

Weights: [7000.0, 600.0, 0, 50.0, 0.0, 0.1], lr=5.000e-05
Epoch: 0 [5150/10000 (52%)] Loss: 27.06148 = L_Mnfld: 7.65073 + L_NonMnfld: 14.20206 + L_Nrml: 0.00000 + L_Eknl: 5.00570 + L_Div: 0.00000 + L_Morse: 0.20298
Epoch: 0 [5150/10000 (52%)] Unweighted L_s : L_Mnfld: 0.00109,  L_NonMnfld: 0.02367,  L_Nrml: 0.00000,  L_Eknl: 0.10011, L_Morse: 2.02978

Weights: [7000.0, 600.0, 0, 50.0, 0.0, 0.1], lr=5.000e-05
Epoch: 0 [5160/10000 (52%)] Loss: 25.48418 = L_Mnfld: 6.07450 + L_NonMnfld: 14.31036 + L_Nrml: 0.00000 + L_Eknl: 4.90756 + L_Div: 0.00000 + L_Morse: 0.19177
Epoch: 0 [5160/10000 (52%)] Unweighted L_s : L_Mnfld: 0.00087,  L_NonMnfld: 0.02385,  L_Nrml: 0.00000,  L_Eknl: 0.09815, L_Morse: 1.91765

Weights: [7000.0, 600.0, 0, 50.0, 0.0, 0.1], lr=5.000e-05
Epoch: 0 [5170/10000 (52%)] Loss: 25.55695 = L_Mnfld: 6.16155 + L_NonMnfld: 14.05423 + L_Nrml: 0.00000 + L_Eknl: 5.14697 + L_Div: 0.00000 + L_Morse: 0.19419
Epoch: 0 [5170/10000 (52%)] Unweighted L_s : L_Mnfld: 0.00088,  L_NonMnfld: 0.02342,  L_Nrml: 0.00000,  L_Eknl: 0.10294, L_Morse: 1.94194

Weights: [7000.0, 600.0, 0, 50.0, 0.0, 0.1], lr=5.000e-05
Epoch: 0 [5180/10000 (52%)] Loss: 25.70476 = L_Mnfld: 6.77747 + L_NonMnfld: 13.59529 + L_Nrml: 0.00000 + L_Eknl: 5.13698 + L_Div: 0.00000 + L_Morse: 0.19502
Epoch: 0 [5180/10000 (52%)] Unweighted L_s : L_Mnfld: 0.00097,  L_NonMnfld: 0.02266,  L_Nrml: 0.00000,  L_Eknl: 0.10274, L_Morse: 1.95022

Weights: [7000.0, 600.0, 0, 50.0, 0.0, 0.1], lr=5.000e-05
Epoch: 0 [5190/10000 (52%)] Loss: 25.97236 = L_Mnfld: 6.88642 + L_NonMnfld: 13.96359 + L_Nrml: 0.00000 + L_Eknl: 4.94049 + L_Div: 0.00000 + L_Morse: 0.18185
Epoch: 0 [5190/10000 (52%)] Unweighted L_s : L_Mnfld: 0.00098,  L_NonMnfld: 0.02327,  L_Nrml: 0.00000,  L_Eknl: 0.09881, L_Morse: 1.81847

Weights: [7000.0, 600.0, 0, 50.0, 0.0, 0.1], lr=5.000e-05
Epoch: 0 [5200/10000 (52%)] Loss: 24.13689 = L_Mnfld: 5.63526 + L_NonMnfld: 13.40702 + L_Nrml: 0.00000 + L_Eknl: 4.90151 + L_Div: 0.00000 + L_Morse: 0.19310
Epoch: 0 [5200/10000 (52%)] Unweighted L_s : L_Mnfld: 0.00081,  L_NonMnfld: 0.02235,  L_Nrml: 0.00000,  L_Eknl: 0.09803, L_Morse: 1.93099

Weights: [7000.0, 600.0, 0, 50.0, 0.0, 0.1], lr=5.000e-05
Epoch: 0 [5210/10000 (52%)] Loss: 24.40286 = L_Mnfld: 5.96814 + L_NonMnfld: 13.25667 + L_Nrml: 0.00000 + L_Eknl: 4.98890 + L_Div: 0.00000 + L_Morse: 0.18914
Epoch: 0 [5210/10000 (52%)] Unweighted L_s : L_Mnfld: 0.00085,  L_NonMnfld: 0.02209,  L_Nrml: 0.00000,  L_Eknl: 0.09978, L_Morse: 1.89145

Weights: [7000.0, 600.0, 0, 50.0, 0.0, 0.1], lr=5.000e-05
Epoch: 0 [5220/10000 (52%)] Loss: 25.26428 = L_Mnfld: 6.35441 + L_NonMnfld: 13.83729 + L_Nrml: 0.00000 + L_Eknl: 4.87732 + L_Div: 0.00000 + L_Morse: 0.19525
Epoch: 0 [5220/10000 (52%)] Unweighted L_s : L_Mnfld: 0.00091,  L_NonMnfld: 0.02306,  L_Nrml: 0.00000,  L_Eknl: 0.09755, L_Morse: 1.95249

Weights: [7000.0, 600.0, 0, 50.0, 0.0, 0.1], lr=5.000e-05
Epoch: 0 [5230/10000 (52%)] Loss: 24.44538 = L_Mnfld: 6.41854 + L_NonMnfld: 12.44511 + L_Nrml: 0.00000 + L_Eknl: 5.38110 + L_Div: 0.00000 + L_Morse: 0.20063
Epoch: 0 [5230/10000 (52%)] Unweighted L_s : L_Mnfld: 0.00092,  L_NonMnfld: 0.02074,  L_Nrml: 0.00000,  L_Eknl: 0.10762, L_Morse: 2.00635

Weights: [7000.0, 600.0, 0, 50.0, 0.0, 0.1], lr=5.000e-05
Epoch: 0 [5240/10000 (52%)] Loss: 24.91991 = L_Mnfld: 5.89467 + L_NonMnfld: 13.92937 + L_Nrml: 0.00000 + L_Eknl: 4.90070 + L_Div: 0.00000 + L_Morse: 0.19518
Epoch: 0 [5240/10000 (52%)] Unweighted L_s : L_Mnfld: 0.00084,  L_NonMnfld: 0.02322,  L_Nrml: 0.00000,  L_Eknl: 0.09801, L_Morse: 1.95178

Weights: [7000.0, 600.0, 0, 50.0, 0.0, 0.1], lr=5.000e-05
Epoch: 0 [5250/10000 (52%)] Loss: 25.58043 = L_Mnfld: 6.22203 + L_NonMnfld: 14.12135 + L_Nrml: 0.00000 + L_Eknl: 5.03105 + L_Div: 0.00000 + L_Morse: 0.20600
Epoch: 0 [5250/10000 (52%)] Unweighted L_s : L_Mnfld: 0.00089,  L_NonMnfld: 0.02354,  L_Nrml: 0.00000,  L_Eknl: 0.10062, L_Morse: 2.06004

Weights: [7000.0, 600.0, 0, 50.0, 0.0, 0.1], lr=5.000e-05
Epoch: 0 [5260/10000 (53%)] Loss: 24.36161 = L_Mnfld: 5.39615 + L_NonMnfld: 13.80755 + L_Nrml: 0.00000 + L_Eknl: 4.96150 + L_Div: 0.00000 + L_Morse: 0.19642
Epoch: 0 [5260/10000 (53%)] Unweighted L_s : L_Mnfld: 0.00077,  L_NonMnfld: 0.02301,  L_Nrml: 0.00000,  L_Eknl: 0.09923, L_Morse: 1.96422

Weights: [7000.0, 600.0, 0, 50.0, 0.0, 0.1], lr=5.000e-05
Epoch: 0 [5270/10000 (53%)] Loss: 24.25438 = L_Mnfld: 5.52620 + L_NonMnfld: 13.45612 + L_Nrml: 0.00000 + L_Eknl: 5.06505 + L_Div: 0.00000 + L_Morse: 0.20701
Epoch: 0 [5270/10000 (53%)] Unweighted L_s : L_Mnfld: 0.00079,  L_NonMnfld: 0.02243,  L_Nrml: 0.00000,  L_Eknl: 0.10130, L_Morse: 2.07009

Weights: [7000.0, 600.0, 0, 50.0, 0.0, 0.1], lr=5.000e-05
Epoch: 0 [5280/10000 (53%)] Loss: 23.71641 = L_Mnfld: 5.54455 + L_NonMnfld: 13.02334 + L_Nrml: 0.00000 + L_Eknl: 4.94627 + L_Div: 0.00000 + L_Morse: 0.20225
Epoch: 0 [5280/10000 (53%)] Unweighted L_s : L_Mnfld: 0.00079,  L_NonMnfld: 0.02171,  L_Nrml: 0.00000,  L_Eknl: 0.09893, L_Morse: 2.02251

Weights: [7000.0, 600.0, 0, 50.0, 0.0, 0.1], lr=5.000e-05
Epoch: 0 [5290/10000 (53%)] Loss: 25.65447 = L_Mnfld: 6.08592 + L_NonMnfld: 14.71084 + L_Nrml: 0.00000 + L_Eknl: 4.65401 + L_Div: 0.00000 + L_Morse: 0.20370
Epoch: 0 [5290/10000 (53%)] Unweighted L_s : L_Mnfld: 0.00087,  L_NonMnfld: 0.02452,  L_Nrml: 0.00000,  L_Eknl: 0.09308, L_Morse: 2.03703

Weights: [7000.0, 600.0, 0, 50.0, 0.0, 0.1], lr=5.000e-05
Epoch: 0 [5300/10000 (53%)] Loss: 24.22252 = L_Mnfld: 5.62320 + L_NonMnfld: 13.64588 + L_Nrml: 0.00000 + L_Eknl: 4.74863 + L_Div: 0.00000 + L_Morse: 0.20481
Epoch: 0 [5300/10000 (53%)] Unweighted L_s : L_Mnfld: 0.00080,  L_NonMnfld: 0.02274,  L_Nrml: 0.00000,  L_Eknl: 0.09497, L_Morse: 2.04808

Weights: [7000.0, 600.0, 0, 50.0, 0.0, 0.1], lr=5.000e-05
Epoch: 0 [5310/10000 (53%)] Loss: 25.07455 = L_Mnfld: 6.35437 + L_NonMnfld: 13.55843 + L_Nrml: 0.00000 + L_Eknl: 4.94934 + L_Div: 0.00000 + L_Morse: 0.21241
Epoch: 0 [5310/10000 (53%)] Unweighted L_s : L_Mnfld: 0.00091,  L_NonMnfld: 0.02260,  L_Nrml: 0.00000,  L_Eknl: 0.09899, L_Morse: 2.12412

Weights: [7000.0, 600.0, 0, 50.0, 0.0, 0.1], lr=5.000e-05
Epoch: 0 [5320/10000 (53%)] Loss: 24.46817 = L_Mnfld: 5.81928 + L_NonMnfld: 13.72026 + L_Nrml: 0.00000 + L_Eknl: 4.72383 + L_Div: 0.00000 + L_Morse: 0.20480
Epoch: 0 [5320/10000 (53%)] Unweighted L_s : L_Mnfld: 0.00083,  L_NonMnfld: 0.02287,  L_Nrml: 0.00000,  L_Eknl: 0.09448, L_Morse: 2.04800

Weights: [7000.0, 600.0, 0, 50.0, 0.0, 0.1], lr=5.000e-05
Epoch: 0 [5330/10000 (53%)] Loss: 24.87340 = L_Mnfld: 5.61556 + L_NonMnfld: 14.20903 + L_Nrml: 0.00000 + L_Eknl: 4.83269 + L_Div: 0.00000 + L_Morse: 0.21613
Epoch: 0 [5330/10000 (53%)] Unweighted L_s : L_Mnfld: 0.00080,  L_NonMnfld: 0.02368,  L_Nrml: 0.00000,  L_Eknl: 0.09665, L_Morse: 2.16129

Weights: [7000.0, 600.0, 0, 50.0, 0.0, 0.1], lr=5.000e-05
Epoch: 0 [5340/10000 (53%)] Loss: 24.44826 = L_Mnfld: 5.53095 + L_NonMnfld: 13.99775 + L_Nrml: 0.00000 + L_Eknl: 4.71369 + L_Div: 0.00000 + L_Morse: 0.20586
Epoch: 0 [5340/10000 (53%)] Unweighted L_s : L_Mnfld: 0.00079,  L_NonMnfld: 0.02333,  L_Nrml: 0.00000,  L_Eknl: 0.09427, L_Morse: 2.05860

Weights: [7000.0, 600.0, 0, 50.0, 0.0, 0.1], lr=5.000e-05
Epoch: 0 [5350/10000 (54%)] Loss: 25.01485 = L_Mnfld: 5.94359 + L_NonMnfld: 14.38336 + L_Nrml: 0.00000 + L_Eknl: 4.48766 + L_Div: 0.00000 + L_Morse: 0.20024
Epoch: 0 [5350/10000 (54%)] Unweighted L_s : L_Mnfld: 0.00085,  L_NonMnfld: 0.02397,  L_Nrml: 0.00000,  L_Eknl: 0.08975, L_Morse: 2.00243

Weights: [7000.0, 600.0, 0, 50.0, 0.0, 0.1], lr=5.000e-05
Epoch: 0 [5360/10000 (54%)] Loss: 24.92844 = L_Mnfld: 5.22479 + L_NonMnfld: 14.67905 + L_Nrml: 0.00000 + L_Eknl: 4.81723 + L_Div: 0.00000 + L_Morse: 0.20737
Epoch: 0 [5360/10000 (54%)] Unweighted L_s : L_Mnfld: 0.00075,  L_NonMnfld: 0.02447,  L_Nrml: 0.00000,  L_Eknl: 0.09634, L_Morse: 2.07373

Weights: [7000.0, 600.0, 0, 50.0, 0.0, 0.1], lr=5.000e-05
Epoch: 0 [5370/10000 (54%)] Loss: 24.64609 = L_Mnfld: 5.42623 + L_NonMnfld: 14.24109 + L_Nrml: 0.00000 + L_Eknl: 4.76832 + L_Div: 0.00000 + L_Morse: 0.21044
Epoch: 0 [5370/10000 (54%)] Unweighted L_s : L_Mnfld: 0.00078,  L_NonMnfld: 0.02374,  L_Nrml: 0.00000,  L_Eknl: 0.09537, L_Morse: 2.10442

Weights: [7000.0, 600.0, 0, 50.0, 0.0, 0.1], lr=5.000e-05
Epoch: 0 [5380/10000 (54%)] Loss: 23.23822 = L_Mnfld: 5.27179 + L_NonMnfld: 13.00804 + L_Nrml: 0.00000 + L_Eknl: 4.75546 + L_Div: 0.00000 + L_Morse: 0.20293
Epoch: 0 [5380/10000 (54%)] Unweighted L_s : L_Mnfld: 0.00075,  L_NonMnfld: 0.02168,  L_Nrml: 0.00000,  L_Eknl: 0.09511, L_Morse: 2.02928

Weights: [7000.0, 600.0, 0, 50.0, 0.0, 0.1], lr=5.000e-05
Epoch: 0 [5390/10000 (54%)] Loss: 24.24230 = L_Mnfld: 5.30188 + L_NonMnfld: 14.24714 + L_Nrml: 0.00000 + L_Eknl: 4.48557 + L_Div: 0.00000 + L_Morse: 0.20772
Epoch: 0 [5390/10000 (54%)] Unweighted L_s : L_Mnfld: 0.00076,  L_NonMnfld: 0.02375,  L_Nrml: 0.00000,  L_Eknl: 0.08971, L_Morse: 2.07720

Weights: [7000.0, 600.0, 0, 50.0, 0.0, 0.1], lr=5.000e-05
Epoch: 0 [5400/10000 (54%)] Loss: 25.66905 = L_Mnfld: 5.64553 + L_NonMnfld: 15.35219 + L_Nrml: 0.00000 + L_Eknl: 4.46556 + L_Div: 0.00000 + L_Morse: 0.20576
Epoch: 0 [5400/10000 (54%)] Unweighted L_s : L_Mnfld: 0.00081,  L_NonMnfld: 0.02559,  L_Nrml: 0.00000,  L_Eknl: 0.08931, L_Morse: 2.05762

Weights: [7000.0, 600.0, 0, 50.0, 0.0, 0.1], lr=5.000e-05
Epoch: 0 [5410/10000 (54%)] Loss: 25.56990 = L_Mnfld: 6.12067 + L_NonMnfld: 14.34549 + L_Nrml: 0.00000 + L_Eknl: 4.89038 + L_Div: 0.00000 + L_Morse: 0.21336
Epoch: 0 [5410/10000 (54%)] Unweighted L_s : L_Mnfld: 0.00087,  L_NonMnfld: 0.02391,  L_Nrml: 0.00000,  L_Eknl: 0.09781, L_Morse: 2.13362

Weights: [7000.0, 600.0, 0, 50.0, 0.0, 0.1], lr=5.000e-05
Epoch: 0 [5420/10000 (54%)] Loss: 24.32798 = L_Mnfld: 5.87436 + L_NonMnfld: 13.30708 + L_Nrml: 0.00000 + L_Eknl: 4.93209 + L_Div: 0.00000 + L_Morse: 0.21444
Epoch: 0 [5420/10000 (54%)] Unweighted L_s : L_Mnfld: 0.00084,  L_NonMnfld: 0.02218,  L_Nrml: 0.00000,  L_Eknl: 0.09864, L_Morse: 2.14442

Weights: [7000.0, 600.0, 0, 50.0, 0.0, 0.1], lr=5.000e-05
Epoch: 0 [5430/10000 (54%)] Loss: 24.34900 = L_Mnfld: 6.16975 + L_NonMnfld: 13.25237 + L_Nrml: 0.00000 + L_Eknl: 4.71755 + L_Div: 0.00000 + L_Morse: 0.20933
Epoch: 0 [5430/10000 (54%)] Unweighted L_s : L_Mnfld: 0.00088,  L_NonMnfld: 0.02209,  L_Nrml: 0.00000,  L_Eknl: 0.09435, L_Morse: 2.09334

Weights: [7000.0, 600.0, 0, 50.0, 0.0, 0.1], lr=5.000e-05
Epoch: 0 [5440/10000 (54%)] Loss: 25.01207 = L_Mnfld: 5.58393 + L_NonMnfld: 14.59705 + L_Nrml: 0.00000 + L_Eknl: 4.62683 + L_Div: 0.00000 + L_Morse: 0.20425
Epoch: 0 [5440/10000 (54%)] Unweighted L_s : L_Mnfld: 0.00080,  L_NonMnfld: 0.02433,  L_Nrml: 0.00000,  L_Eknl: 0.09254, L_Morse: 2.04248

Weights: [7000.0, 600.0, 0, 50.0, 0.0, 0.1], lr=5.000e-05
Epoch: 0 [5450/10000 (54%)] Loss: 24.83807 = L_Mnfld: 5.46385 + L_NonMnfld: 14.48702 + L_Nrml: 0.00000 + L_Eknl: 4.67862 + L_Div: 0.00000 + L_Morse: 0.20858
Epoch: 0 [5450/10000 (54%)] Unweighted L_s : L_Mnfld: 0.00078,  L_NonMnfld: 0.02415,  L_Nrml: 0.00000,  L_Eknl: 0.09357, L_Morse: 2.08577

Weights: [7000.0, 600.0, 0, 50.0, 0.0, 0.1], lr=5.000e-05
Epoch: 0 [5460/10000 (55%)] Loss: 24.28229 = L_Mnfld: 5.54939 + L_NonMnfld: 13.74469 + L_Nrml: 0.00000 + L_Eknl: 4.78185 + L_Div: 0.00000 + L_Morse: 0.20636
Epoch: 0 [5460/10000 (55%)] Unweighted L_s : L_Mnfld: 0.00079,  L_NonMnfld: 0.02291,  L_Nrml: 0.00000,  L_Eknl: 0.09564, L_Morse: 2.06359

Weights: [7000.0, 600.0, 0, 50.0, 0.0, 0.1], lr=5.000e-05
Epoch: 0 [5470/10000 (55%)] Loss: 22.65621 = L_Mnfld: 5.34185 + L_NonMnfld: 12.48579 + L_Nrml: 0.00000 + L_Eknl: 4.62053 + L_Div: 0.00000 + L_Morse: 0.20803
Epoch: 0 [5470/10000 (55%)] Unweighted L_s : L_Mnfld: 0.00076,  L_NonMnfld: 0.02081,  L_Nrml: 0.00000,  L_Eknl: 0.09241, L_Morse: 2.08033

Weights: [7000.0, 600.0, 0, 50.0, 0.0, 0.1], lr=5.000e-05
Epoch: 0 [5480/10000 (55%)] Loss: 24.24678 = L_Mnfld: 5.89426 + L_NonMnfld: 13.37253 + L_Nrml: 0.00000 + L_Eknl: 4.75779 + L_Div: 0.00000 + L_Morse: 0.22221
Epoch: 0 [5480/10000 (55%)] Unweighted L_s : L_Mnfld: 0.00084,  L_NonMnfld: 0.02229,  L_Nrml: 0.00000,  L_Eknl: 0.09516, L_Morse: 2.22205

Weights: [7000.0, 600.0, 0, 50.0, 0.0, 0.1], lr=5.000e-05
Epoch: 0 [5490/10000 (55%)] Loss: 23.32537 = L_Mnfld: 5.19856 + L_NonMnfld: 13.37932 + L_Nrml: 0.00000 + L_Eknl: 4.52609 + L_Div: 0.00000 + L_Morse: 0.22140
Epoch: 0 [5490/10000 (55%)] Unweighted L_s : L_Mnfld: 0.00074,  L_NonMnfld: 0.02230,  L_Nrml: 0.00000,  L_Eknl: 0.09052, L_Morse: 2.21401

Weights: [7000.0, 600.0, 0, 50.0, 0.0, 0.1], lr=5.000e-05
Epoch: 0 [5500/10000 (55%)] Loss: 24.45338 = L_Mnfld: 5.77452 + L_NonMnfld: 13.69359 + L_Nrml: 0.00000 + L_Eknl: 4.77345 + L_Div: 0.00000 + L_Morse: 0.21182
Epoch: 0 [5500/10000 (55%)] Unweighted L_s : L_Mnfld: 0.00082,  L_NonMnfld: 0.02282,  L_Nrml: 0.00000,  L_Eknl: 0.09547, L_Morse: 2.11816

Weights: [7000.0, 600.0, 0, 50.0, 0.0, 0.1], lr=5.000e-05
Epoch: 0 [5510/10000 (55%)] Loss: 23.88605 = L_Mnfld: 6.06343 + L_NonMnfld: 13.05313 + L_Nrml: 0.00000 + L_Eknl: 4.55588 + L_Div: 0.00000 + L_Morse: 0.21361
Epoch: 0 [5510/10000 (55%)] Unweighted L_s : L_Mnfld: 0.00087,  L_NonMnfld: 0.02176,  L_Nrml: 0.00000,  L_Eknl: 0.09112, L_Morse: 2.13606

Weights: [7000.0, 600.0, 0, 50.0, 0.0, 0.1], lr=5.000e-05
Epoch: 0 [5520/10000 (55%)] Loss: 24.36188 = L_Mnfld: 5.64208 + L_NonMnfld: 13.89876 + L_Nrml: 0.00000 + L_Eknl: 4.60676 + L_Div: 0.00000 + L_Morse: 0.21427
Epoch: 0 [5520/10000 (55%)] Unweighted L_s : L_Mnfld: 0.00081,  L_NonMnfld: 0.02316,  L_Nrml: 0.00000,  L_Eknl: 0.09214, L_Morse: 2.14275

Weights: [7000.0, 600.0, 0, 50.0, 0.0, 0.1], lr=5.000e-05
Epoch: 0 [5530/10000 (55%)] Loss: 22.94199 = L_Mnfld: 5.00279 + L_NonMnfld: 13.09635 + L_Nrml: 0.00000 + L_Eknl: 4.62244 + L_Div: 0.00000 + L_Morse: 0.22040
Epoch: 0 [5530/10000 (55%)] Unweighted L_s : L_Mnfld: 0.00071,  L_NonMnfld: 0.02183,  L_Nrml: 0.00000,  L_Eknl: 0.09245, L_Morse: 2.20404

Weights: [7000.0, 600.0, 0, 50.0, 0.0, 0.1], lr=5.000e-05
Epoch: 0 [5540/10000 (55%)] Loss: 23.58097 = L_Mnfld: 5.92007 + L_NonMnfld: 12.52715 + L_Nrml: 0.00000 + L_Eknl: 4.91969 + L_Div: 0.00000 + L_Morse: 0.21406
Epoch: 0 [5540/10000 (55%)] Unweighted L_s : L_Mnfld: 0.00085,  L_NonMnfld: 0.02088,  L_Nrml: 0.00000,  L_Eknl: 0.09839, L_Morse: 2.14061

Weights: [7000.0, 600.0, 0, 50.0, 0.0, 0.1], lr=5.000e-05
Epoch: 0 [5550/10000 (56%)] Loss: 26.44155 = L_Mnfld: 7.30476 + L_NonMnfld: 14.17881 + L_Nrml: 0.00000 + L_Eknl: 4.73430 + L_Div: 0.00000 + L_Morse: 0.22368
Epoch: 0 [5550/10000 (56%)] Unweighted L_s : L_Mnfld: 0.00104,  L_NonMnfld: 0.02363,  L_Nrml: 0.00000,  L_Eknl: 0.09469, L_Morse: 2.23679

Weights: [7000.0, 600.0, 0, 50.0, 0.0, 0.1], lr=5.000e-05
Epoch: 0 [5560/10000 (56%)] Loss: 25.35680 = L_Mnfld: 6.40522 + L_NonMnfld: 13.95329 + L_Nrml: 0.00000 + L_Eknl: 4.76996 + L_Div: 0.00000 + L_Morse: 0.22832
Epoch: 0 [5560/10000 (56%)] Unweighted L_s : L_Mnfld: 0.00092,  L_NonMnfld: 0.02326,  L_Nrml: 0.00000,  L_Eknl: 0.09540, L_Morse: 2.28321

Weights: [7000.0, 600.0, 0, 50.0, 0.0, 0.1], lr=5.000e-05
Epoch: 0 [5570/10000 (56%)] Loss: 24.78313 = L_Mnfld: 6.05763 + L_NonMnfld: 13.93234 + L_Nrml: 0.00000 + L_Eknl: 4.56823 + L_Div: 0.00000 + L_Morse: 0.22493
Epoch: 0 [5570/10000 (56%)] Unweighted L_s : L_Mnfld: 0.00087,  L_NonMnfld: 0.02322,  L_Nrml: 0.00000,  L_Eknl: 0.09136, L_Morse: 2.24929

Weights: [7000.0, 600.0, 0, 50.0, 0.0, 0.1], lr=5.000e-05
Epoch: 0 [5580/10000 (56%)] Loss: 23.60184 = L_Mnfld: 5.48178 + L_NonMnfld: 12.89804 + L_Nrml: 0.00000 + L_Eknl: 4.99235 + L_Div: 0.00000 + L_Morse: 0.22967
Epoch: 0 [5580/10000 (56%)] Unweighted L_s : L_Mnfld: 0.00078,  L_NonMnfld: 0.02150,  L_Nrml: 0.00000,  L_Eknl: 0.09985, L_Morse: 2.29674

Weights: [7000.0, 600.0, 0, 50.0, 0.0, 0.1], lr=5.000e-05
Epoch: 0 [5590/10000 (56%)] Loss: 24.68979 = L_Mnfld: 6.28937 + L_NonMnfld: 13.65313 + L_Nrml: 0.00000 + L_Eknl: 4.52521 + L_Div: 0.00000 + L_Morse: 0.22209
Epoch: 0 [5590/10000 (56%)] Unweighted L_s : L_Mnfld: 0.00090,  L_NonMnfld: 0.02276,  L_Nrml: 0.00000,  L_Eknl: 0.09050, L_Morse: 2.22086

Weights: [7000.0, 600.0, 0, 50.0, 0.0, 0.1], lr=5.000e-05
Epoch: 0 [5600/10000 (56%)] Loss: 25.66425 = L_Mnfld: 7.38240 + L_NonMnfld: 13.55962 + L_Nrml: 0.00000 + L_Eknl: 4.49186 + L_Div: 0.00000 + L_Morse: 0.23037
Epoch: 0 [5600/10000 (56%)] Unweighted L_s : L_Mnfld: 0.00105,  L_NonMnfld: 0.02260,  L_Nrml: 0.00000,  L_Eknl: 0.08984, L_Morse: 2.30370

Weights: [7000.0, 600.0, 0, 50.0, 0.0, 0.1], lr=5.000e-05
Epoch: 0 [5610/10000 (56%)] Loss: 27.23813 = L_Mnfld: 7.00750 + L_NonMnfld: 14.87481 + L_Nrml: 0.00000 + L_Eknl: 5.11544 + L_Div: 0.00000 + L_Morse: 0.24039
Epoch: 0 [5610/10000 (56%)] Unweighted L_s : L_Mnfld: 0.00100,  L_NonMnfld: 0.02479,  L_Nrml: 0.00000,  L_Eknl: 0.10231, L_Morse: 2.40388

Weights: [7000.0, 600.0, 0, 50.0, 0.0, 0.1], lr=5.000e-05
Epoch: 0 [5620/10000 (56%)] Loss: 26.49298 = L_Mnfld: 6.75958 + L_NonMnfld: 14.00765 + L_Nrml: 0.00000 + L_Eknl: 5.48755 + L_Div: 0.00000 + L_Morse: 0.23819
Epoch: 0 [5620/10000 (56%)] Unweighted L_s : L_Mnfld: 0.00097,  L_NonMnfld: 0.02335,  L_Nrml: 0.00000,  L_Eknl: 0.10975, L_Morse: 2.38188

Weights: [7000.0, 600.0, 0, 50.0, 0.0, 0.1], lr=5.000e-05
Epoch: 0 [5630/10000 (56%)] Loss: 25.19209 = L_Mnfld: 7.25900 + L_NonMnfld: 12.95068 + L_Nrml: 0.00000 + L_Eknl: 4.74786 + L_Div: 0.00000 + L_Morse: 0.23455
Epoch: 0 [5630/10000 (56%)] Unweighted L_s : L_Mnfld: 0.00104,  L_NonMnfld: 0.02158,  L_Nrml: 0.00000,  L_Eknl: 0.09496, L_Morse: 2.34546

Weights: [7000.0, 600.0, 0, 50.0, 0.0, 0.1], lr=5.000e-05
Epoch: 0 [5640/10000 (56%)] Loss: 26.34419 = L_Mnfld: 6.94891 + L_NonMnfld: 14.14371 + L_Nrml: 0.00000 + L_Eknl: 5.02022 + L_Div: 0.00000 + L_Morse: 0.23135
Epoch: 0 [5640/10000 (56%)] Unweighted L_s : L_Mnfld: 0.00099,  L_NonMnfld: 0.02357,  L_Nrml: 0.00000,  L_Eknl: 0.10040, L_Morse: 2.31353

Weights: [7000.0, 600.0, 0, 50.0, 0.0, 0.1], lr=5.000e-05
Epoch: 0 [5650/10000 (56%)] Loss: 25.40236 = L_Mnfld: 6.26663 + L_NonMnfld: 14.25375 + L_Nrml: 0.00000 + L_Eknl: 4.65567 + L_Div: 0.00000 + L_Morse: 0.22631
Epoch: 0 [5650/10000 (56%)] Unweighted L_s : L_Mnfld: 0.00090,  L_NonMnfld: 0.02376,  L_Nrml: 0.00000,  L_Eknl: 0.09311, L_Morse: 2.26314

Weights: [7000.0, 600.0, 0, 50.0, 0.0, 0.1], lr=5.000e-05
Epoch: 0 [5660/10000 (57%)] Loss: 24.17299 = L_Mnfld: 6.06595 + L_NonMnfld: 13.17096 + L_Nrml: 0.00000 + L_Eknl: 4.70698 + L_Div: 0.00000 + L_Morse: 0.22909
Epoch: 0 [5660/10000 (57%)] Unweighted L_s : L_Mnfld: 0.00087,  L_NonMnfld: 0.02195,  L_Nrml: 0.00000,  L_Eknl: 0.09414, L_Morse: 2.29091

Weights: [7000.0, 600.0, 0, 50.0, 0.0, 0.1], lr=5.000e-05
Epoch: 0 [5670/10000 (57%)] Loss: 24.74194 = L_Mnfld: 6.25893 + L_NonMnfld: 13.56786 + L_Nrml: 0.00000 + L_Eknl: 4.68629 + L_Div: 0.00000 + L_Morse: 0.22886
Epoch: 0 [5670/10000 (57%)] Unweighted L_s : L_Mnfld: 0.00089,  L_NonMnfld: 0.02261,  L_Nrml: 0.00000,  L_Eknl: 0.09373, L_Morse: 2.28860

Weights: [7000.0, 600.0, 0, 50.0, 0.0, 0.1], lr=5.000e-05
Epoch: 0 [5680/10000 (57%)] Loss: 23.46921 = L_Mnfld: 6.16928 + L_NonMnfld: 12.55823 + L_Nrml: 0.00000 + L_Eknl: 4.50872 + L_Div: 0.00000 + L_Morse: 0.23297
Epoch: 0 [5680/10000 (57%)] Unweighted L_s : L_Mnfld: 0.00088,  L_NonMnfld: 0.02093,  L_Nrml: 0.00000,  L_Eknl: 0.09017, L_Morse: 2.32974

Weights: [7000.0, 600.0, 0, 50.0, 0.0, 0.1], lr=5.000e-05
Epoch: 0 [5690/10000 (57%)] Loss: 23.95997 = L_Mnfld: 5.51137 + L_NonMnfld: 13.48958 + L_Nrml: 0.00000 + L_Eknl: 4.72061 + L_Div: 0.00000 + L_Morse: 0.23841
Epoch: 0 [5690/10000 (57%)] Unweighted L_s : L_Mnfld: 0.00079,  L_NonMnfld: 0.02248,  L_Nrml: 0.00000,  L_Eknl: 0.09441, L_Morse: 2.38412

Weights: [7000.0, 600.0, 0, 50.0, 0.0, 0.1], lr=5.000e-05
Epoch: 0 [5700/10000 (57%)] Loss: 24.80125 = L_Mnfld: 6.28530 + L_NonMnfld: 13.61784 + L_Nrml: 0.00000 + L_Eknl: 4.66941 + L_Div: 0.00000 + L_Morse: 0.22870
Epoch: 0 [5700/10000 (57%)] Unweighted L_s : L_Mnfld: 0.00090,  L_NonMnfld: 0.02270,  L_Nrml: 0.00000,  L_Eknl: 0.09339, L_Morse: 2.28698

Weights: [7000.0, 600.0, 0, 50.0, 0.0, 0.1], lr=5.000e-05
Epoch: 0 [5710/10000 (57%)] Loss: 23.45380 = L_Mnfld: 5.78211 + L_NonMnfld: 12.70676 + L_Nrml: 0.00000 + L_Eknl: 4.73169 + L_Div: 0.00000 + L_Morse: 0.23324
Epoch: 0 [5710/10000 (57%)] Unweighted L_s : L_Mnfld: 0.00083,  L_NonMnfld: 0.02118,  L_Nrml: 0.00000,  L_Eknl: 0.09463, L_Morse: 2.33242

Weights: [7000.0, 600.0, 0, 50.0, 0.0, 0.1], lr=5.000e-05
Epoch: 0 [5720/10000 (57%)] Loss: 25.02871 = L_Mnfld: 6.15702 + L_NonMnfld: 14.07228 + L_Nrml: 0.00000 + L_Eknl: 4.56920 + L_Div: 0.00000 + L_Morse: 0.23020
Epoch: 0 [5720/10000 (57%)] Unweighted L_s : L_Mnfld: 0.00088,  L_NonMnfld: 0.02345,  L_Nrml: 0.00000,  L_Eknl: 0.09138, L_Morse: 2.30202

Weights: [7000.0, 600.0, 0, 50.0, 0.0, 0.1], lr=5.000e-05
Epoch: 0 [5730/10000 (57%)] Loss: 24.10315 = L_Mnfld: 5.90280 + L_NonMnfld: 13.26603 + L_Nrml: 0.00000 + L_Eknl: 4.70838 + L_Div: 0.00000 + L_Morse: 0.22594
Epoch: 0 [5730/10000 (57%)] Unweighted L_s : L_Mnfld: 0.00084,  L_NonMnfld: 0.02211,  L_Nrml: 0.00000,  L_Eknl: 0.09417, L_Morse: 2.25940

Weights: [7000.0, 600.0, 0, 50.0, 0.0, 0.1], lr=5.000e-05
Epoch: 0 [5740/10000 (57%)] Loss: 23.47238 = L_Mnfld: 5.60835 + L_NonMnfld: 12.88273 + L_Nrml: 0.00000 + L_Eknl: 4.75065 + L_Div: 0.00000 + L_Morse: 0.23065
Epoch: 0 [5740/10000 (57%)] Unweighted L_s : L_Mnfld: 0.00080,  L_NonMnfld: 0.02147,  L_Nrml: 0.00000,  L_Eknl: 0.09501, L_Morse: 2.30652

Weights: [7000.0, 600.0, 0, 50.0, 0.0, 0.1], lr=5.000e-05
Epoch: 0 [5750/10000 (58%)] Loss: 25.14200 = L_Mnfld: 7.30978 + L_NonMnfld: 12.85427 + L_Nrml: 0.00000 + L_Eknl: 4.75159 + L_Div: 0.00000 + L_Morse: 0.22636
Epoch: 0 [5750/10000 (58%)] Unweighted L_s : L_Mnfld: 0.00104,  L_NonMnfld: 0.02142,  L_Nrml: 0.00000,  L_Eknl: 0.09503, L_Morse: 2.26356

Weights: [7000.0, 600.0, 0, 50.0, 0.0, 0.1], lr=5.000e-05
Epoch: 0 [5760/10000 (58%)] Loss: 24.90308 = L_Mnfld: 6.37566 + L_NonMnfld: 13.44121 + L_Nrml: 0.00000 + L_Eknl: 4.85023 + L_Div: 0.00000 + L_Morse: 0.23598
Epoch: 0 [5760/10000 (58%)] Unweighted L_s : L_Mnfld: 0.00091,  L_NonMnfld: 0.02240,  L_Nrml: 0.00000,  L_Eknl: 0.09700, L_Morse: 2.35976

Weights: [7000.0, 600.0, 0, 50.0, 0.0, 0.1], lr=5.000e-05
Epoch: 0 [5770/10000 (58%)] Loss: 23.60173 = L_Mnfld: 5.62177 + L_NonMnfld: 13.17941 + L_Nrml: 0.00000 + L_Eknl: 4.56257 + L_Div: 0.00000 + L_Morse: 0.23798
Epoch: 0 [5770/10000 (58%)] Unweighted L_s : L_Mnfld: 0.00080,  L_NonMnfld: 0.02197,  L_Nrml: 0.00000,  L_Eknl: 0.09125, L_Morse: 2.37983

Weights: [7000.0, 600.0, 0, 50.0, 0.0, 0.1], lr=5.000e-05
Epoch: 0 [5780/10000 (58%)] Loss: 25.27530 = L_Mnfld: 6.49757 + L_NonMnfld: 13.99867 + L_Nrml: 0.00000 + L_Eknl: 4.54600 + L_Div: 0.00000 + L_Morse: 0.23305
Epoch: 0 [5780/10000 (58%)] Unweighted L_s : L_Mnfld: 0.00093,  L_NonMnfld: 0.02333,  L_Nrml: 0.00000,  L_Eknl: 0.09092, L_Morse: 2.33051

Weights: [7000.0, 600.0, 0, 50.0, 0.0, 0.1], lr=5.000e-05
Epoch: 0 [5790/10000 (58%)] Loss: 25.14889 = L_Mnfld: 6.19085 + L_NonMnfld: 13.98523 + L_Nrml: 0.00000 + L_Eknl: 4.73330 + L_Div: 0.00000 + L_Morse: 0.23951
Epoch: 0 [5790/10000 (58%)] Unweighted L_s : L_Mnfld: 0.00088,  L_NonMnfld: 0.02331,  L_Nrml: 0.00000,  L_Eknl: 0.09467, L_Morse: 2.39508

Weights: [7000.0, 600.0, 0, 50.0, 0.0, 0.1], lr=5.000e-05
Epoch: 0 [5800/10000 (58%)] Loss: 24.70300 = L_Mnfld: 6.28448 + L_NonMnfld: 13.31103 + L_Nrml: 0.00000 + L_Eknl: 4.87859 + L_Div: 0.00000 + L_Morse: 0.22890
Epoch: 0 [5800/10000 (58%)] Unweighted L_s : L_Mnfld: 0.00090,  L_NonMnfld: 0.02219,  L_Nrml: 0.00000,  L_Eknl: 0.09757, L_Morse: 2.28905

Weights: [7000.0, 600.0, 0, 50.0, 0.0, 0.1], lr=5.000e-05
Epoch: 0 [5810/10000 (58%)] Loss: 24.44792 = L_Mnfld: 6.67466 + L_NonMnfld: 12.57671 + L_Nrml: 0.00000 + L_Eknl: 4.95629 + L_Div: 0.00000 + L_Morse: 0.24027
Epoch: 0 [5810/10000 (58%)] Unweighted L_s : L_Mnfld: 0.00095,  L_NonMnfld: 0.02096,  L_Nrml: 0.00000,  L_Eknl: 0.09913, L_Morse: 2.40267

Weights: [7000.0, 600.0, 0, 50.0, 0.0, 0.1], lr=5.000e-05
Epoch: 0 [5820/10000 (58%)] Loss: 24.94767 = L_Mnfld: 6.30141 + L_NonMnfld: 13.53577 + L_Nrml: 0.00000 + L_Eknl: 4.86845 + L_Div: 0.00000 + L_Morse: 0.24204
Epoch: 0 [5820/10000 (58%)] Unweighted L_s : L_Mnfld: 0.00090,  L_NonMnfld: 0.02256,  L_Nrml: 0.00000,  L_Eknl: 0.09737, L_Morse: 2.42038

Weights: [7000.0, 600.0, 0, 50.0, 0.0, 0.1], lr=5.000e-05
Epoch: 0 [5830/10000 (58%)] Loss: 23.56553 = L_Mnfld: 5.75557 + L_NonMnfld: 12.99996 + L_Nrml: 0.00000 + L_Eknl: 4.57389 + L_Div: 0.00000 + L_Morse: 0.23610
Epoch: 0 [5830/10000 (58%)] Unweighted L_s : L_Mnfld: 0.00082,  L_NonMnfld: 0.02167,  L_Nrml: 0.00000,  L_Eknl: 0.09148, L_Morse: 2.36100

Weights: [7000.0, 600.0, 0, 50.0, 0.0, 0.1], lr=5.000e-05
Epoch: 0 [5840/10000 (58%)] Loss: 24.32374 = L_Mnfld: 6.24031 + L_NonMnfld: 13.30923 + L_Nrml: 0.00000 + L_Eknl: 4.53005 + L_Div: 0.00000 + L_Morse: 0.24415
Epoch: 0 [5840/10000 (58%)] Unweighted L_s : L_Mnfld: 0.00089,  L_NonMnfld: 0.02218,  L_Nrml: 0.00000,  L_Eknl: 0.09060, L_Morse: 2.44152

Weights: [7000.0, 600.0, 0, 50.0, 0.0, 0.1], lr=5.000e-05
Epoch: 0 [5850/10000 (58%)] Loss: 24.88647 = L_Mnfld: 5.58058 + L_NonMnfld: 14.47015 + L_Nrml: 0.00000 + L_Eknl: 4.58929 + L_Div: 0.00000 + L_Morse: 0.24645
Epoch: 0 [5850/10000 (58%)] Unweighted L_s : L_Mnfld: 0.00080,  L_NonMnfld: 0.02412,  L_Nrml: 0.00000,  L_Eknl: 0.09179, L_Morse: 2.46453

Weights: [7000.0, 600.0, 0, 50.0, 0.0, 0.1], lr=5.000e-05
Epoch: 0 [5860/10000 (59%)] Loss: 23.06760 = L_Mnfld: 5.26001 + L_NonMnfld: 13.16348 + L_Nrml: 0.00000 + L_Eknl: 4.41194 + L_Div: 0.00000 + L_Morse: 0.23217
Epoch: 0 [5860/10000 (59%)] Unweighted L_s : L_Mnfld: 0.00075,  L_NonMnfld: 0.02194,  L_Nrml: 0.00000,  L_Eknl: 0.08824, L_Morse: 2.32166

Weights: [7000.0, 600.0, 0, 50.0, 0.0, 0.1], lr=5.000e-05
Epoch: 0 [5870/10000 (59%)] Loss: 25.07913 = L_Mnfld: 6.08147 + L_NonMnfld: 14.24090 + L_Nrml: 0.00000 + L_Eknl: 4.52385 + L_Div: 0.00000 + L_Morse: 0.23292
Epoch: 0 [5870/10000 (59%)] Unweighted L_s : L_Mnfld: 0.00087,  L_NonMnfld: 0.02373,  L_Nrml: 0.00000,  L_Eknl: 0.09048, L_Morse: 2.32919

Weights: [7000.0, 600.0, 0, 50.0, 0.0, 0.1], lr=5.000e-05
Epoch: 0 [5880/10000 (59%)] Loss: 23.24658 = L_Mnfld: 4.89098 + L_NonMnfld: 13.60089 + L_Nrml: 0.00000 + L_Eknl: 4.51797 + L_Div: 0.00000 + L_Morse: 0.23674
Epoch: 0 [5880/10000 (59%)] Unweighted L_s : L_Mnfld: 0.00070,  L_NonMnfld: 0.02267,  L_Nrml: 0.00000,  L_Eknl: 0.09036, L_Morse: 2.36744

Weights: [7000.0, 600.0, 0, 50.0, 0.0, 0.1], lr=5.000e-05
Epoch: 0 [5890/10000 (59%)] Loss: 23.44894 = L_Mnfld: 5.94406 + L_NonMnfld: 12.87068 + L_Nrml: 0.00000 + L_Eknl: 4.39472 + L_Div: 0.00000 + L_Morse: 0.23948
Epoch: 0 [5890/10000 (59%)] Unweighted L_s : L_Mnfld: 0.00085,  L_NonMnfld: 0.02145,  L_Nrml: 0.00000,  L_Eknl: 0.08789, L_Morse: 2.39483

Weights: [7000.0, 600.0, 0, 50.0, 0.0, 0.1], lr=5.000e-05
Epoch: 0 [5900/10000 (59%)] Loss: 23.53959 = L_Mnfld: 5.26448 + L_NonMnfld: 13.55767 + L_Nrml: 0.00000 + L_Eknl: 4.48108 + L_Div: 0.00000 + L_Morse: 0.23636
Epoch: 0 [5900/10000 (59%)] Unweighted L_s : L_Mnfld: 0.00075,  L_NonMnfld: 0.02260,  L_Nrml: 0.00000,  L_Eknl: 0.08962, L_Morse: 2.36360

Weights: [7000.0, 600.0, 0, 50.0, 0.0, 0.1], lr=5.000e-05
Epoch: 0 [5910/10000 (59%)] Loss: 23.93872 = L_Mnfld: 5.96181 + L_NonMnfld: 13.10964 + L_Nrml: 0.00000 + L_Eknl: 4.61875 + L_Div: 0.00000 + L_Morse: 0.24853
Epoch: 0 [5910/10000 (59%)] Unweighted L_s : L_Mnfld: 0.00085,  L_NonMnfld: 0.02185,  L_Nrml: 0.00000,  L_Eknl: 0.09237, L_Morse: 2.48526

Weights: [7000.0, 600.0, 0, 50.0, 0.0, 0.1], lr=5.000e-05
Epoch: 0 [5920/10000 (59%)] Loss: 25.34141 = L_Mnfld: 5.87872 + L_NonMnfld: 14.68001 + L_Nrml: 0.00000 + L_Eknl: 4.54213 + L_Div: 0.00000 + L_Morse: 0.24054
Epoch: 0 [5920/10000 (59%)] Unweighted L_s : L_Mnfld: 0.00084,  L_NonMnfld: 0.02447,  L_Nrml: 0.00000,  L_Eknl: 0.09084, L_Morse: 2.40539

Weights: [7000.0, 600.0, 0, 50.0, 0.0, 0.1], lr=5.000e-05
Epoch: 0 [5930/10000 (59%)] Loss: 25.03996 = L_Mnfld: 6.06211 + L_NonMnfld: 14.10268 + L_Nrml: 0.00000 + L_Eknl: 4.63103 + L_Div: 0.00000 + L_Morse: 0.24414
Epoch: 0 [5930/10000 (59%)] Unweighted L_s : L_Mnfld: 0.00087,  L_NonMnfld: 0.02350,  L_Nrml: 0.00000,  L_Eknl: 0.09262, L_Morse: 2.44139

Weights: [7000.0, 600.0, 0, 50.0, 0.0, 0.1], lr=5.000e-05
Epoch: 0 [5940/10000 (59%)] Loss: 24.74954 = L_Mnfld: 6.28712 + L_NonMnfld: 13.55590 + L_Nrml: 0.00000 + L_Eknl: 4.66323 + L_Div: 0.00000 + L_Morse: 0.24329
Epoch: 0 [5940/10000 (59%)] Unweighted L_s : L_Mnfld: 0.00090,  L_NonMnfld: 0.02259,  L_Nrml: 0.00000,  L_Eknl: 0.09326, L_Morse: 2.43292

Weights: [7000.0, 600.0, 0, 50.0, 0.0, 0.1], lr=5.000e-05
Epoch: 0 [5950/10000 (60%)] Loss: 23.90531 = L_Mnfld: 5.67099 + L_NonMnfld: 13.57711 + L_Nrml: 0.00000 + L_Eknl: 4.41722 + L_Div: 0.00000 + L_Morse: 0.24000
Epoch: 0 [5950/10000 (60%)] Unweighted L_s : L_Mnfld: 0.00081,  L_NonMnfld: 0.02263,  L_Nrml: 0.00000,  L_Eknl: 0.08834, L_Morse: 2.39998

Weights: [7000.0, 600.0, 0, 50.0, 0.0, 0.1], lr=5.000e-05
Epoch: 0 [5960/10000 (60%)] Loss: 24.31783 = L_Mnfld: 6.08436 + L_NonMnfld: 13.49136 + L_Nrml: 0.00000 + L_Eknl: 4.48063 + L_Div: 0.00000 + L_Morse: 0.26148
Epoch: 0 [5960/10000 (60%)] Unweighted L_s : L_Mnfld: 0.00087,  L_NonMnfld: 0.02249,  L_Nrml: 0.00000,  L_Eknl: 0.08961, L_Morse: 2.61485

Weights: [7000.0, 600.0, 0, 50.0, 0.0, 0.1], lr=5.000e-05
Epoch: 0 [5970/10000 (60%)] Loss: 24.14719 = L_Mnfld: 6.20229 + L_NonMnfld: 13.34316 + L_Nrml: 0.00000 + L_Eknl: 4.35333 + L_Div: 0.00000 + L_Morse: 0.24840
Epoch: 0 [5970/10000 (60%)] Unweighted L_s : L_Mnfld: 0.00089,  L_NonMnfld: 0.02224,  L_Nrml: 0.00000,  L_Eknl: 0.08707, L_Morse: 2.48401

Weights: [7000.0, 600.0, 0, 50.0, 0.0, 0.1], lr=5.000e-05
Epoch: 0 [5980/10000 (60%)] Loss: 25.23221 = L_Mnfld: 6.17184 + L_NonMnfld: 14.17945 + L_Nrml: 0.00000 + L_Eknl: 4.62351 + L_Div: 0.00000 + L_Morse: 0.25742
Epoch: 0 [5980/10000 (60%)] Unweighted L_s : L_Mnfld: 0.00088,  L_NonMnfld: 0.02363,  L_Nrml: 0.00000,  L_Eknl: 0.09247, L_Morse: 2.57424

Weights: [7000.0, 600.0, 0, 50.0, 0.0, 0.1], lr=5.000e-05
Epoch: 0 [5990/10000 (60%)] Loss: 22.08162 = L_Mnfld: 5.88928 + L_NonMnfld: 11.40333 + L_Nrml: 0.00000 + L_Eknl: 4.54629 + L_Div: 0.00000 + L_Morse: 0.24271
Epoch: 0 [5990/10000 (60%)] Unweighted L_s : L_Mnfld: 0.00084,  L_NonMnfld: 0.01901,  L_Nrml: 0.00000,  L_Eknl: 0.09093, L_Morse: 2.42711

Weights: [7000.0, 600.0, 0, 50.0, 0.0, 0.1], lr=5.000e-05
Epoch: 0 [6000/10000 (60%)] Loss: 23.80641 = L_Mnfld: 6.81271 + L_NonMnfld: 12.29443 + L_Nrml: 0.00000 + L_Eknl: 4.45205 + L_Div: 0.00000 + L_Morse: 0.24722
Epoch: 0 [6000/10000 (60%)] Unweighted L_s : L_Mnfld: 0.00097,  L_NonMnfld: 0.02049,  L_Nrml: 0.00000,  L_Eknl: 0.08904, L_Morse: 2.47223

Weights: [7000.0, 600.0, 0, 50.0, 0.0, 0.1], lr=5.000e-05
Epoch: 0 [6010/10000 (60%)] Loss: 25.21802 = L_Mnfld: 6.43067 + L_NonMnfld: 14.00412 + L_Nrml: 0.00000 + L_Eknl: 4.52282 + L_Div: 0.00000 + L_Morse: 0.26042
Epoch: 0 [6010/10000 (60%)] Unweighted L_s : L_Mnfld: 0.00092,  L_NonMnfld: 0.02334,  L_Nrml: 0.00000,  L_Eknl: 0.09046, L_Morse: 2.60421

Weights: [7000.0, 600.0, 0, 50.0, 0.0, 0.1], lr=5.000e-05
Epoch: 0 [6020/10000 (60%)] Loss: 23.73903 = L_Mnfld: 5.45185 + L_NonMnfld: 13.50613 + L_Nrml: 0.00000 + L_Eknl: 4.53885 + L_Div: 0.00000 + L_Morse: 0.24219
Epoch: 0 [6020/10000 (60%)] Unweighted L_s : L_Mnfld: 0.00078,  L_NonMnfld: 0.02251,  L_Nrml: 0.00000,  L_Eknl: 0.09078, L_Morse: 2.42195

Weights: [7000.0, 600.0, 0, 50.0, 0.0, 0.1], lr=5.000e-05
Epoch: 0 [6030/10000 (60%)] Loss: 24.88805 = L_Mnfld: 6.25710 + L_NonMnfld: 13.54421 + L_Nrml: 0.00000 + L_Eknl: 4.82411 + L_Div: 0.00000 + L_Morse: 0.26264
Epoch: 0 [6030/10000 (60%)] Unweighted L_s : L_Mnfld: 0.00089,  L_NonMnfld: 0.02257,  L_Nrml: 0.00000,  L_Eknl: 0.09648, L_Morse: 2.62639

Weights: [7000.0, 600.0, 0, 50.0, 0.0, 0.1], lr=5.000e-05
Epoch: 0 [6040/10000 (60%)] Loss: 24.26738 = L_Mnfld: 6.32363 + L_NonMnfld: 12.45845 + L_Nrml: 0.00000 + L_Eknl: 5.23269 + L_Div: 0.00000 + L_Morse: 0.25261
Epoch: 0 [6040/10000 (60%)] Unweighted L_s : L_Mnfld: 0.00090,  L_NonMnfld: 0.02076,  L_Nrml: 0.00000,  L_Eknl: 0.10465, L_Morse: 2.52607

Weights: [7000.0, 600.0, 0, 50.0, 0.0, 0.1], lr=5.000e-05
Epoch: 0 [6050/10000 (60%)] Loss: 25.07614 = L_Mnfld: 7.56644 + L_NonMnfld: 11.88042 + L_Nrml: 0.00000 + L_Eknl: 5.36675 + L_Div: 0.00000 + L_Morse: 0.26254
Epoch: 0 [6050/10000 (60%)] Unweighted L_s : L_Mnfld: 0.00108,  L_NonMnfld: 0.01980,  L_Nrml: 0.00000,  L_Eknl: 0.10733, L_Morse: 2.62535

Weights: [7000.0, 600.0, 0, 50.0, 0.0, 0.1], lr=5.000e-05
Epoch: 0 [6060/10000 (61%)] Loss: 25.33505 = L_Mnfld: 6.92065 + L_NonMnfld: 13.54612 + L_Nrml: 0.00000 + L_Eknl: 4.62088 + L_Div: 0.00000 + L_Morse: 0.24740
Epoch: 0 [6060/10000 (61%)] Unweighted L_s : L_Mnfld: 0.00099,  L_NonMnfld: 0.02258,  L_Nrml: 0.00000,  L_Eknl: 0.09242, L_Morse: 2.47399

Weights: [7000.0, 600.0, 0, 50.0, 0.0, 0.1], lr=5.000e-05
Epoch: 0 [6070/10000 (61%)] Loss: 24.64855 = L_Mnfld: 7.22067 + L_NonMnfld: 12.36498 + L_Nrml: 0.00000 + L_Eknl: 4.81804 + L_Div: 0.00000 + L_Morse: 0.24487
Epoch: 0 [6070/10000 (61%)] Unweighted L_s : L_Mnfld: 0.00103,  L_NonMnfld: 0.02061,  L_Nrml: 0.00000,  L_Eknl: 0.09636, L_Morse: 2.44866

Weights: [7000.0, 600.0, 0, 50.0, 0.0, 0.1], lr=5.000e-05
Epoch: 0 [6080/10000 (61%)] Loss: 31.01005 = L_Mnfld: 11.62691 + L_NonMnfld: 13.65247 + L_Nrml: 0.00000 + L_Eknl: 5.47598 + L_Div: 0.00000 + L_Morse: 0.25469
Epoch: 0 [6080/10000 (61%)] Unweighted L_s : L_Mnfld: 0.00166,  L_NonMnfld: 0.02275,  L_Nrml: 0.00000,  L_Eknl: 0.10952, L_Morse: 2.54689

Weights: [7000.0, 600.0, 0, 50.0, 0.0, 0.1], lr=5.000e-05
Epoch: 0 [6090/10000 (61%)] Loss: 32.73684 = L_Mnfld: 12.85193 + L_NonMnfld: 14.00414 + L_Nrml: 0.00000 + L_Eknl: 5.62600 + L_Div: 0.00000 + L_Morse: 0.25476
Epoch: 0 [6090/10000 (61%)] Unweighted L_s : L_Mnfld: 0.00184,  L_NonMnfld: 0.02334,  L_Nrml: 0.00000,  L_Eknl: 0.11252, L_Morse: 2.54756

Weights: [7000.0, 600.0, 0, 50.0, 0.0, 0.1], lr=5.000e-05
Epoch: 0 [6100/10000 (61%)] Loss: 30.41396 = L_Mnfld: 10.63146 + L_NonMnfld: 13.72031 + L_Nrml: 0.00000 + L_Eknl: 5.79341 + L_Div: 0.00000 + L_Morse: 0.26878
Epoch: 0 [6100/10000 (61%)] Unweighted L_s : L_Mnfld: 0.00152,  L_NonMnfld: 0.02287,  L_Nrml: 0.00000,  L_Eknl: 0.11587, L_Morse: 2.68783

Weights: [7000.0, 600.0, 0, 50.0, 0.0, 0.1], lr=5.000e-05
Epoch: 0 [6110/10000 (61%)] Loss: 27.43295 = L_Mnfld: 9.40774 + L_NonMnfld: 12.37095 + L_Nrml: 0.00000 + L_Eknl: 5.38934 + L_Div: 0.00000 + L_Morse: 0.26492
Epoch: 0 [6110/10000 (61%)] Unweighted L_s : L_Mnfld: 0.00134,  L_NonMnfld: 0.02062,  L_Nrml: 0.00000,  L_Eknl: 0.10779, L_Morse: 2.64925

Weights: [7000.0, 600.0, 0, 50.0, 0.0, 0.1], lr=5.000e-05
Epoch: 0 [6120/10000 (61%)] Loss: 29.48209 = L_Mnfld: 9.89699 + L_NonMnfld: 14.14673 + L_Nrml: 0.00000 + L_Eknl: 5.17420 + L_Div: 0.00000 + L_Morse: 0.26417
Epoch: 0 [6120/10000 (61%)] Unweighted L_s : L_Mnfld: 0.00141,  L_NonMnfld: 0.02358,  L_Nrml: 0.00000,  L_Eknl: 0.10348, L_Morse: 2.64168

Weights: [7000.0, 600.0, 0, 50.0, 0.0, 0.1], lr=5.000e-05
Epoch: 0 [6130/10000 (61%)] Loss: 25.78941 = L_Mnfld: 7.68967 + L_NonMnfld: 12.89557 + L_Nrml: 0.00000 + L_Eknl: 4.94247 + L_Div: 0.00000 + L_Morse: 0.26170
Epoch: 0 [6130/10000 (61%)] Unweighted L_s : L_Mnfld: 0.00110,  L_NonMnfld: 0.02149,  L_Nrml: 0.00000,  L_Eknl: 0.09885, L_Morse: 2.61699

Weights: [7000.0, 600.0, 0, 50.0, 0.0, 0.1], lr=5.000e-05
Epoch: 0 [6140/10000 (61%)] Loss: 25.46830 = L_Mnfld: 6.83837 + L_NonMnfld: 13.64408 + L_Nrml: 0.00000 + L_Eknl: 4.72670 + L_Div: 0.00000 + L_Morse: 0.25915
Epoch: 0 [6140/10000 (61%)] Unweighted L_s : L_Mnfld: 0.00098,  L_NonMnfld: 0.02274,  L_Nrml: 0.00000,  L_Eknl: 0.09453, L_Morse: 2.59151

Weights: [7000.0, 600.0, 0, 50.0, 0.0, 0.1], lr=5.000e-05
Epoch: 0 [6150/10000 (62%)] Loss: 24.81358 = L_Mnfld: 6.70014 + L_NonMnfld: 13.20603 + L_Nrml: 0.00000 + L_Eknl: 4.64210 + L_Div: 0.00000 + L_Morse: 0.26532
Epoch: 0 [6150/10000 (62%)] Unweighted L_s : L_Mnfld: 0.00096,  L_NonMnfld: 0.02201,  L_Nrml: 0.00000,  L_Eknl: 0.09284, L_Morse: 2.65316

Weights: [7000.0, 600.0, 0, 50.0, 0.0, 0.1], lr=5.000e-05
Epoch: 0 [6160/10000 (62%)] Loss: 23.71833 = L_Mnfld: 5.79264 + L_NonMnfld: 13.03569 + L_Nrml: 0.00000 + L_Eknl: 4.63807 + L_Div: 0.00000 + L_Morse: 0.25193
Epoch: 0 [6160/10000 (62%)] Unweighted L_s : L_Mnfld: 0.00083,  L_NonMnfld: 0.02173,  L_Nrml: 0.00000,  L_Eknl: 0.09276, L_Morse: 2.51934

Weights: [7000.0, 600.0, 0, 50.0, 0.0, 0.1], lr=5.000e-05
Epoch: 0 [6170/10000 (62%)] Loss: 24.19285 = L_Mnfld: 6.40840 + L_NonMnfld: 12.95905 + L_Nrml: 0.00000 + L_Eknl: 4.55828 + L_Div: 0.00000 + L_Morse: 0.26712
Epoch: 0 [6170/10000 (62%)] Unweighted L_s : L_Mnfld: 0.00092,  L_NonMnfld: 0.02160,  L_Nrml: 0.00000,  L_Eknl: 0.09117, L_Morse: 2.67117

Weights: [7000.0, 600.0, 0, 50.0, 0.0, 0.1], lr=5.000e-05
Epoch: 0 [6180/10000 (62%)] Loss: 23.52921 = L_Mnfld: 5.50816 + L_NonMnfld: 13.02796 + L_Nrml: 0.00000 + L_Eknl: 4.73687 + L_Div: 0.00000 + L_Morse: 0.25623
Epoch: 0 [6180/10000 (62%)] Unweighted L_s : L_Mnfld: 0.00079,  L_NonMnfld: 0.02171,  L_Nrml: 0.00000,  L_Eknl: 0.09474, L_Morse: 2.56228

Weights: [7000.0, 600.0, 0, 50.0, 0.0, 0.1], lr=5.000e-05
Epoch: 0 [6190/10000 (62%)] Loss: 23.95420 = L_Mnfld: 5.72286 + L_NonMnfld: 13.49711 + L_Nrml: 0.00000 + L_Eknl: 4.49034 + L_Div: 0.00000 + L_Morse: 0.24389
Epoch: 0 [6190/10000 (62%)] Unweighted L_s : L_Mnfld: 0.00082,  L_NonMnfld: 0.02250,  L_Nrml: 0.00000,  L_Eknl: 0.08981, L_Morse: 2.43885

Weights: [7000.0, 600.0, 0, 50.0, 0.0, 0.1], lr=5.000e-05
Epoch: 0 [6200/10000 (62%)] Loss: 24.15802 = L_Mnfld: 5.49137 + L_NonMnfld: 13.88574 + L_Nrml: 0.00000 + L_Eknl: 4.52492 + L_Div: 0.00000 + L_Morse: 0.25598
Epoch: 0 [6200/10000 (62%)] Unweighted L_s : L_Mnfld: 0.00078,  L_NonMnfld: 0.02314,  L_Nrml: 0.00000,  L_Eknl: 0.09050, L_Morse: 2.55981

Weights: [7000.0, 600.0, 0, 50.0, 0.0, 0.1], lr=5.000e-05
Epoch: 0 [6210/10000 (62%)] Loss: 24.21711 = L_Mnfld: 5.79452 + L_NonMnfld: 13.72932 + L_Nrml: 0.00000 + L_Eknl: 4.44270 + L_Div: 0.00000 + L_Morse: 0.25057
Epoch: 0 [6210/10000 (62%)] Unweighted L_s : L_Mnfld: 0.00083,  L_NonMnfld: 0.02288,  L_Nrml: 0.00000,  L_Eknl: 0.08885, L_Morse: 2.50571

Weights: [7000.0, 600.0, 0, 50.0, 0.0, 0.1], lr=5.000e-05
Epoch: 0 [6220/10000 (62%)] Loss: 23.80499 = L_Mnfld: 5.76729 + L_NonMnfld: 13.39563 + L_Nrml: 0.00000 + L_Eknl: 4.39038 + L_Div: 0.00000 + L_Morse: 0.25169
Epoch: 0 [6220/10000 (62%)] Unweighted L_s : L_Mnfld: 0.00082,  L_NonMnfld: 0.02233,  L_Nrml: 0.00000,  L_Eknl: 0.08781, L_Morse: 2.51687

Weights: [7000.0, 600.0, 0, 50.0, 0.0, 0.1], lr=5.000e-05
Epoch: 0 [6230/10000 (62%)] Loss: 24.16331 = L_Mnfld: 5.74614 + L_NonMnfld: 13.52614 + L_Nrml: 0.00000 + L_Eknl: 4.63108 + L_Div: 0.00000 + L_Morse: 0.25996
Epoch: 0 [6230/10000 (62%)] Unweighted L_s : L_Mnfld: 0.00082,  L_NonMnfld: 0.02254,  L_Nrml: 0.00000,  L_Eknl: 0.09262, L_Morse: 2.59957

Weights: [7000.0, 600.0, 0, 50.0, 0.0, 0.1], lr=5.000e-05
Epoch: 0 [6240/10000 (62%)] Loss: 23.73677 = L_Mnfld: 6.01866 + L_NonMnfld: 12.96562 + L_Nrml: 0.00000 + L_Eknl: 4.49548 + L_Div: 0.00000 + L_Morse: 0.25700
Epoch: 0 [6240/10000 (62%)] Unweighted L_s : L_Mnfld: 0.00086,  L_NonMnfld: 0.02161,  L_Nrml: 0.00000,  L_Eknl: 0.08991, L_Morse: 2.57004

Weights: [7000.0, 600.0, 0, 50.0, 0.0, 0.1], lr=5.000e-05
Epoch: 0 [6250/10000 (62%)] Loss: 22.74034 = L_Mnfld: 5.43676 + L_NonMnfld: 12.62153 + L_Nrml: 0.00000 + L_Eknl: 4.43150 + L_Div: 0.00000 + L_Morse: 0.25056
Epoch: 0 [6250/10000 (62%)] Unweighted L_s : L_Mnfld: 0.00078,  L_NonMnfld: 0.02104,  L_Nrml: 0.00000,  L_Eknl: 0.08863, L_Morse: 2.50559

Weights: [7000.0, 600.0, 0, 50.0, 0.0, 0.1], lr=5.000e-05
Epoch: 0 [6260/10000 (63%)] Loss: 24.59821 = L_Mnfld: 5.93434 + L_NonMnfld: 13.83090 + L_Nrml: 0.00000 + L_Eknl: 4.58587 + L_Div: 0.00000 + L_Morse: 0.24710
Epoch: 0 [6260/10000 (63%)] Unweighted L_s : L_Mnfld: 0.00085,  L_NonMnfld: 0.02305,  L_Nrml: 0.00000,  L_Eknl: 0.09172, L_Morse: 2.47103

Weights: [7000.0, 600.0, 0, 50.0, 0.0, 0.1], lr=5.000e-05
Epoch: 0 [6270/10000 (63%)] Loss: 24.70356 = L_Mnfld: 5.81651 + L_NonMnfld: 14.30530 + L_Nrml: 0.00000 + L_Eknl: 4.33825 + L_Div: 0.00000 + L_Morse: 0.24350
Epoch: 0 [6270/10000 (63%)] Unweighted L_s : L_Mnfld: 0.00083,  L_NonMnfld: 0.02384,  L_Nrml: 0.00000,  L_Eknl: 0.08676, L_Morse: 2.43497

Weights: [7000.0, 600.0, 0, 50.0, 0.0, 0.1], lr=5.000e-05
Epoch: 0 [6280/10000 (63%)] Loss: 24.25595 = L_Mnfld: 5.48312 + L_NonMnfld: 14.16742 + L_Nrml: 0.00000 + L_Eknl: 4.34115 + L_Div: 0.00000 + L_Morse: 0.26426
Epoch: 0 [6280/10000 (63%)] Unweighted L_s : L_Mnfld: 0.00078,  L_NonMnfld: 0.02361,  L_Nrml: 0.00000,  L_Eknl: 0.08682, L_Morse: 2.64262

Weights: [7000.0, 600.0, 0, 50.0, 0.0, 0.1], lr=5.000e-05
Epoch: 0 [6290/10000 (63%)] Loss: 24.62577 = L_Mnfld: 6.52409 + L_NonMnfld: 13.29917 + L_Nrml: 0.00000 + L_Eknl: 4.54987 + L_Div: 0.00000 + L_Morse: 0.25264
Epoch: 0 [6290/10000 (63%)] Unweighted L_s : L_Mnfld: 0.00093,  L_NonMnfld: 0.02217,  L_Nrml: 0.00000,  L_Eknl: 0.09100, L_Morse: 2.52636

Weights: [7000.0, 600.0, 0, 50.0, 0.0, 0.1], lr=5.000e-05
Epoch: 0 [6300/10000 (63%)] Loss: 24.17647 = L_Mnfld: 5.90667 + L_NonMnfld: 13.63711 + L_Nrml: 0.00000 + L_Eknl: 4.39064 + L_Div: 0.00000 + L_Morse: 0.24204
Epoch: 0 [6300/10000 (63%)] Unweighted L_s : L_Mnfld: 0.00084,  L_NonMnfld: 0.02273,  L_Nrml: 0.00000,  L_Eknl: 0.08781, L_Morse: 2.42044

Weights: [7000.0, 600.0, 0, 50.0, 0.0, 0.1], lr=5.000e-05
Epoch: 0 [6310/10000 (63%)] Loss: 23.70831 = L_Mnfld: 6.05825 + L_NonMnfld: 12.89728 + L_Nrml: 0.00000 + L_Eknl: 4.50202 + L_Div: 0.00000 + L_Morse: 0.25077
Epoch: 0 [6310/10000 (63%)] Unweighted L_s : L_Mnfld: 0.00087,  L_NonMnfld: 0.02150,  L_Nrml: 0.00000,  L_Eknl: 0.09004, L_Morse: 2.50765

Weights: [7000.0, 600.0, 0, 50.0, 0.0, 0.1], lr=5.000e-05
Epoch: 0 [6320/10000 (63%)] Loss: 23.92740 = L_Mnfld: 6.38344 + L_NonMnfld: 12.71205 + L_Nrml: 0.00000 + L_Eknl: 4.57066 + L_Div: 0.00000 + L_Morse: 0.26126
Epoch: 0 [6320/10000 (63%)] Unweighted L_s : L_Mnfld: 0.00091,  L_NonMnfld: 0.02119,  L_Nrml: 0.00000,  L_Eknl: 0.09141, L_Morse: 2.61258

Weights: [7000.0, 600.0, 0, 50.0, 0.0, 0.1], lr=5.000e-05
Epoch: 0 [6330/10000 (63%)] Loss: 24.08957 = L_Mnfld: 5.74500 + L_NonMnfld: 13.62261 + L_Nrml: 0.00000 + L_Eknl: 4.45623 + L_Div: 0.00000 + L_Morse: 0.26573
Epoch: 0 [6330/10000 (63%)] Unweighted L_s : L_Mnfld: 0.00082,  L_NonMnfld: 0.02270,  L_Nrml: 0.00000,  L_Eknl: 0.08912, L_Morse: 2.65734

Weights: [7000.0, 600.0, 0, 50.0, 0.0, 0.1], lr=5.000e-05
Epoch: 0 [6340/10000 (63%)] Loss: 22.75815 = L_Mnfld: 5.26256 + L_NonMnfld: 12.88966 + L_Nrml: 0.00000 + L_Eknl: 4.34394 + L_Div: 0.00000 + L_Morse: 0.26199
Epoch: 0 [6340/10000 (63%)] Unweighted L_s : L_Mnfld: 0.00075,  L_NonMnfld: 0.02148,  L_Nrml: 0.00000,  L_Eknl: 0.08688, L_Morse: 2.61992

Weights: [7000.0, 600.0, 0, 50.0, 0.0, 0.1], lr=5.000e-05
Epoch: 0 [6350/10000 (64%)] Loss: 23.15857 = L_Mnfld: 5.78718 + L_NonMnfld: 12.85823 + L_Nrml: 0.00000 + L_Eknl: 4.25807 + L_Div: 0.00000 + L_Morse: 0.25508
Epoch: 0 [6350/10000 (64%)] Unweighted L_s : L_Mnfld: 0.00083,  L_NonMnfld: 0.02143,  L_Nrml: 0.00000,  L_Eknl: 0.08516, L_Morse: 2.55083

Weights: [7000.0, 600.0, 0, 50.0, 0.0, 0.1], lr=5.000e-05
Epoch: 0 [6360/10000 (64%)] Loss: 23.57271 = L_Mnfld: 6.12658 + L_NonMnfld: 12.87718 + L_Nrml: 0.00000 + L_Eknl: 4.31004 + L_Div: 0.00000 + L_Morse: 0.25891
Epoch: 0 [6360/10000 (64%)] Unweighted L_s : L_Mnfld: 0.00088,  L_NonMnfld: 0.02146,  L_Nrml: 0.00000,  L_Eknl: 0.08620, L_Morse: 2.58912

Weights: [7000.0, 600.0, 0, 50.0, 0.0, 0.1], lr=5.000e-05
Epoch: 0 [6370/10000 (64%)] Loss: 24.19692 = L_Mnfld: 5.40542 + L_NonMnfld: 13.96895 + L_Nrml: 0.00000 + L_Eknl: 4.55966 + L_Div: 0.00000 + L_Morse: 0.26289
Epoch: 0 [6370/10000 (64%)] Unweighted L_s : L_Mnfld: 0.00077,  L_NonMnfld: 0.02328,  L_Nrml: 0.00000,  L_Eknl: 0.09119, L_Morse: 2.62894

Weights: [7000.0, 600.0, 0, 50.0, 0.0, 0.1], lr=5.000e-05
Epoch: 0 [6380/10000 (64%)] Loss: 24.84701 = L_Mnfld: 6.28047 + L_NonMnfld: 13.77827 + L_Nrml: 0.00000 + L_Eknl: 4.52713 + L_Div: 0.00000 + L_Morse: 0.26114
Epoch: 0 [6380/10000 (64%)] Unweighted L_s : L_Mnfld: 0.00090,  L_NonMnfld: 0.02296,  L_Nrml: 0.00000,  L_Eknl: 0.09054, L_Morse: 2.61135

Weights: [7000.0, 600.0, 0, 50.0, 0.0, 0.1], lr=5.000e-05
Epoch: 0 [6390/10000 (64%)] Loss: 24.13467 = L_Mnfld: 6.23594 + L_NonMnfld: 13.27173 + L_Nrml: 0.00000 + L_Eknl: 4.35421 + L_Div: 0.00000 + L_Morse: 0.27278
Epoch: 0 [6390/10000 (64%)] Unweighted L_s : L_Mnfld: 0.00089,  L_NonMnfld: 0.02212,  L_Nrml: 0.00000,  L_Eknl: 0.08708, L_Morse: 2.72781

Weights: [7000.0, 600.0, 0, 50.0, 0.0, 0.1], lr=5.000e-05
Epoch: 0 [6400/10000 (64%)] Loss: 22.02454 = L_Mnfld: 5.08188 + L_NonMnfld: 12.34391 + L_Nrml: 0.00000 + L_Eknl: 4.34181 + L_Div: 0.00000 + L_Morse: 0.25695
Epoch: 0 [6400/10000 (64%)] Unweighted L_s : L_Mnfld: 0.00073,  L_NonMnfld: 0.02057,  L_Nrml: 0.00000,  L_Eknl: 0.08684, L_Morse: 2.56951

Weights: [7000.0, 600.0, 0, 50.0, 0.0, 0.1], lr=5.000e-05
Epoch: 0 [6410/10000 (64%)] Loss: 23.25261 = L_Mnfld: 5.66712 + L_NonMnfld: 13.02262 + L_Nrml: 0.00000 + L_Eknl: 4.29855 + L_Div: 0.00000 + L_Morse: 0.26433
Epoch: 0 [6410/10000 (64%)] Unweighted L_s : L_Mnfld: 0.00081,  L_NonMnfld: 0.02170,  L_Nrml: 0.00000,  L_Eknl: 0.08597, L_Morse: 2.64328

Weights: [7000.0, 600.0, 0, 50.0, 0.0, 0.1], lr=5.000e-05
Epoch: 0 [6420/10000 (64%)] Loss: 24.02621 = L_Mnfld: 5.41673 + L_NonMnfld: 14.03678 + L_Nrml: 0.00000 + L_Eknl: 4.31459 + L_Div: 0.00000 + L_Morse: 0.25812
Epoch: 0 [6420/10000 (64%)] Unweighted L_s : L_Mnfld: 0.00077,  L_NonMnfld: 0.02339,  L_Nrml: 0.00000,  L_Eknl: 0.08629, L_Morse: 2.58119

Weights: [7000.0, 600.0, 0, 50.0, 0.0, 0.1], lr=5.000e-05
Epoch: 0 [6430/10000 (64%)] Loss: 23.77808 = L_Mnfld: 5.49577 + L_NonMnfld: 13.77546 + L_Nrml: 0.00000 + L_Eknl: 4.25650 + L_Div: 0.00000 + L_Morse: 0.25034
Epoch: 0 [6430/10000 (64%)] Unweighted L_s : L_Mnfld: 0.00079,  L_NonMnfld: 0.02296,  L_Nrml: 0.00000,  L_Eknl: 0.08513, L_Morse: 2.50340

Weights: [7000.0, 600.0, 0, 50.0, 0.0, 0.1], lr=5.000e-05
Epoch: 0 [6440/10000 (64%)] Loss: 22.98776 = L_Mnfld: 5.11763 + L_NonMnfld: 13.18519 + L_Nrml: 0.00000 + L_Eknl: 4.42537 + L_Div: 0.00000 + L_Morse: 0.25958
Epoch: 0 [6440/10000 (64%)] Unweighted L_s : L_Mnfld: 0.00073,  L_NonMnfld: 0.02198,  L_Nrml: 0.00000,  L_Eknl: 0.08851, L_Morse: 2.59576

Weights: [7000.0, 600.0, 0, 50.0, 0.0, 0.1], lr=5.000e-05
Epoch: 0 [6450/10000 (64%)] Loss: 22.83768 = L_Mnfld: 5.35036 + L_NonMnfld: 12.99174 + L_Nrml: 0.00000 + L_Eknl: 4.24690 + L_Div: 0.00000 + L_Morse: 0.24869
Epoch: 0 [6450/10000 (64%)] Unweighted L_s : L_Mnfld: 0.00076,  L_NonMnfld: 0.02165,  L_Nrml: 0.00000,  L_Eknl: 0.08494, L_Morse: 2.48688

Weights: [7000.0, 600.0, 0, 50.0, 0.0, 0.1], lr=5.000e-05
Epoch: 0 [6460/10000 (65%)] Loss: 23.62348 = L_Mnfld: 5.60097 + L_NonMnfld: 13.56428 + L_Nrml: 0.00000 + L_Eknl: 4.20929 + L_Div: 0.00000 + L_Morse: 0.24895
Epoch: 0 [6460/10000 (65%)] Unweighted L_s : L_Mnfld: 0.00080,  L_NonMnfld: 0.02261,  L_Nrml: 0.00000,  L_Eknl: 0.08419, L_Morse: 2.48947

Weights: [7000.0, 600.0, 0, 50.0, 0.0, 0.1], lr=5.000e-05
Epoch: 0 [6470/10000 (65%)] Loss: 23.31368 = L_Mnfld: 5.11551 + L_NonMnfld: 13.81416 + L_Nrml: 0.00000 + L_Eknl: 4.13408 + L_Div: 0.00000 + L_Morse: 0.24993
Epoch: 0 [6470/10000 (65%)] Unweighted L_s : L_Mnfld: 0.00073,  L_NonMnfld: 0.02302,  L_Nrml: 0.00000,  L_Eknl: 0.08268, L_Morse: 2.49928

Weights: [7000.0, 600.0, 0, 50.0, 0.0, 0.1], lr=5.000e-05
Epoch: 0 [6480/10000 (65%)] Loss: 22.43061 = L_Mnfld: 5.06195 + L_NonMnfld: 12.96527 + L_Nrml: 0.00000 + L_Eknl: 4.15089 + L_Div: 0.00000 + L_Morse: 0.25249
Epoch: 0 [6480/10000 (65%)] Unweighted L_s : L_Mnfld: 0.00072,  L_NonMnfld: 0.02161,  L_Nrml: 0.00000,  L_Eknl: 0.08302, L_Morse: 2.52492

Weights: [7000.0, 600.0, 0, 50.0, 0.0, 0.1], lr=5.000e-05
Epoch: 0 [6490/10000 (65%)] Loss: 23.38150 = L_Mnfld: 5.83730 + L_NonMnfld: 13.08725 + L_Nrml: 0.00000 + L_Eknl: 4.20050 + L_Div: 0.00000 + L_Morse: 0.25645
Epoch: 0 [6490/10000 (65%)] Unweighted L_s : L_Mnfld: 0.00083,  L_NonMnfld: 0.02181,  L_Nrml: 0.00000,  L_Eknl: 0.08401, L_Morse: 2.56452

Weights: [7000.0, 600.0, 0, 50.0, 0.0, 0.1], lr=5.000e-05
Epoch: 0 [6500/10000 (65%)] Loss: 23.40817 = L_Mnfld: 5.08226 + L_NonMnfld: 13.86924 + L_Nrml: 0.00000 + L_Eknl: 4.20367 + L_Div: 0.00000 + L_Morse: 0.25299
Epoch: 0 [6500/10000 (65%)] Unweighted L_s : L_Mnfld: 0.00073,  L_NonMnfld: 0.02312,  L_Nrml: 0.00000,  L_Eknl: 0.08407, L_Morse: 2.52993

Weights: [7000.0, 600.0, 0, 50.0, 0.0, 0.1], lr=5.000e-05
Epoch: 0 [6510/10000 (65%)] Loss: 24.29097 = L_Mnfld: 6.09640 + L_NonMnfld: 13.46314 + L_Nrml: 0.00000 + L_Eknl: 4.48202 + L_Div: 0.00000 + L_Morse: 0.24942
Epoch: 0 [6510/10000 (65%)] Unweighted L_s : L_Mnfld: 0.00087,  L_NonMnfld: 0.02244,  L_Nrml: 0.00000,  L_Eknl: 0.08964, L_Morse: 2.49418

Weights: [7000.0, 600.0, 0, 50.0, 0.0, 0.1], lr=5.000e-05
Epoch: 0 [6520/10000 (65%)] Loss: 24.45675 = L_Mnfld: 5.81192 + L_NonMnfld: 13.96081 + L_Nrml: 0.00000 + L_Eknl: 4.42027 + L_Div: 0.00000 + L_Morse: 0.26375
Epoch: 0 [6520/10000 (65%)] Unweighted L_s : L_Mnfld: 0.00083,  L_NonMnfld: 0.02327,  L_Nrml: 0.00000,  L_Eknl: 0.08841, L_Morse: 2.63755

Weights: [7000.0, 600.0, 0, 50.0, 0.0, 0.1], lr=5.000e-05
Epoch: 0 [6530/10000 (65%)] Loss: 24.14870 = L_Mnfld: 6.25438 + L_NonMnfld: 13.17386 + L_Nrml: 0.00000 + L_Eknl: 4.45086 + L_Div: 0.00000 + L_Morse: 0.26960
Epoch: 0 [6530/10000 (65%)] Unweighted L_s : L_Mnfld: 0.00089,  L_NonMnfld: 0.02196,  L_Nrml: 0.00000,  L_Eknl: 0.08902, L_Morse: 2.69604

Weights: [7000.0, 600.0, 0, 50.0, 0.0, 0.1], lr=5.000e-05
Epoch: 0 [6540/10000 (65%)] Loss: 24.88903 = L_Mnfld: 5.62659 + L_NonMnfld: 14.26666 + L_Nrml: 0.00000 + L_Eknl: 4.73669 + L_Div: 0.00000 + L_Morse: 0.25908
Epoch: 0 [6540/10000 (65%)] Unweighted L_s : L_Mnfld: 0.00080,  L_NonMnfld: 0.02378,  L_Nrml: 0.00000,  L_Eknl: 0.09473, L_Morse: 2.59083

Weights: [7000.0, 600.0, 0, 50.0, 0.0, 0.1], lr=5.000e-05
Epoch: 0 [6550/10000 (66%)] Loss: 24.19844 = L_Mnfld: 5.96799 + L_NonMnfld: 13.46242 + L_Nrml: 0.00000 + L_Eknl: 4.44746 + L_Div: 0.00000 + L_Morse: 0.32057
Epoch: 0 [6550/10000 (66%)] Unweighted L_s : L_Mnfld: 0.00085,  L_NonMnfld: 0.02244,  L_Nrml: 0.00000,  L_Eknl: 0.08895, L_Morse: 3.20566

Weights: [7000.0, 600.0, 0, 50.0, 0.0, 0.1], lr=5.000e-05
Epoch: 0 [6560/10000 (66%)] Loss: 24.87315 = L_Mnfld: 6.37002 + L_NonMnfld: 13.71246 + L_Nrml: 0.00000 + L_Eknl: 4.53678 + L_Div: 0.00000 + L_Morse: 0.25389
Epoch: 0 [6560/10000 (66%)] Unweighted L_s : L_Mnfld: 0.00091,  L_NonMnfld: 0.02285,  L_Nrml: 0.00000,  L_Eknl: 0.09074, L_Morse: 2.53886

Weights: [7000.0, 600.0, 0, 50.0, 0.0, 0.1], lr=5.000e-05
Epoch: 0 [6570/10000 (66%)] Loss: 22.55842 = L_Mnfld: 5.18221 + L_NonMnfld: 12.45517 + L_Nrml: 0.00000 + L_Eknl: 4.65484 + L_Div: 0.00000 + L_Morse: 0.26620
Epoch: 0 [6570/10000 (66%)] Unweighted L_s : L_Mnfld: 0.00074,  L_NonMnfld: 0.02076,  L_Nrml: 0.00000,  L_Eknl: 0.09310, L_Morse: 2.66200

Weights: [7000.0, 600.0, 0, 50.0, 0.0, 0.1], lr=5.000e-05
Epoch: 0 [6580/10000 (66%)] Loss: 24.12712 = L_Mnfld: 5.75213 + L_NonMnfld: 13.59792 + L_Nrml: 0.00000 + L_Eknl: 4.52246 + L_Div: 0.00000 + L_Morse: 0.25461
Epoch: 0 [6580/10000 (66%)] Unweighted L_s : L_Mnfld: 0.00082,  L_NonMnfld: 0.02266,  L_Nrml: 0.00000,  L_Eknl: 0.09045, L_Morse: 2.54613

Weights: [7000.0, 600.0, 0, 50.0, 0.0, 0.1], lr=5.000e-05
Epoch: 0 [6590/10000 (66%)] Loss: 25.52884 = L_Mnfld: 6.64121 + L_NonMnfld: 13.98909 + L_Nrml: 0.00000 + L_Eknl: 4.63320 + L_Div: 0.00000 + L_Morse: 0.26534
Epoch: 0 [6590/10000 (66%)] Unweighted L_s : L_Mnfld: 0.00095,  L_NonMnfld: 0.02332,  L_Nrml: 0.00000,  L_Eknl: 0.09266, L_Morse: 2.65342

Weights: [7000.0, 600.0, 0, 50.0, 0.0, 0.1], lr=5.000e-05
Epoch: 0 [6600/10000 (66%)] Loss: 23.52144 = L_Mnfld: 5.78537 + L_NonMnfld: 13.09187 + L_Nrml: 0.00000 + L_Eknl: 4.38748 + L_Div: 0.00000 + L_Morse: 0.25673
Epoch: 0 [6600/10000 (66%)] Unweighted L_s : L_Mnfld: 0.00083,  L_NonMnfld: 0.02182,  L_Nrml: 0.00000,  L_Eknl: 0.08775, L_Morse: 2.56727

Weights: [7000.0, 600.0, 0, 50.0, 0.0, 0.1], lr=5.000e-05
Epoch: 0 [6610/10000 (66%)] Loss: 23.27171 = L_Mnfld: 6.10783 + L_NonMnfld: 12.47515 + L_Nrml: 0.00000 + L_Eknl: 4.41878 + L_Div: 0.00000 + L_Morse: 0.26994
Epoch: 0 [6610/10000 (66%)] Unweighted L_s : L_Mnfld: 0.00087,  L_NonMnfld: 0.02079,  L_Nrml: 0.00000,  L_Eknl: 0.08838, L_Morse: 2.69944

Weights: [7000.0, 600.0, 0, 50.0, 0.0, 0.1], lr=5.000e-05
Epoch: 0 [6620/10000 (66%)] Loss: 23.37124 = L_Mnfld: 5.67008 + L_NonMnfld: 12.83871 + L_Nrml: 0.00000 + L_Eknl: 4.61012 + L_Div: 0.00000 + L_Morse: 0.25233
Epoch: 0 [6620/10000 (66%)] Unweighted L_s : L_Mnfld: 0.00081,  L_NonMnfld: 0.02140,  L_Nrml: 0.00000,  L_Eknl: 0.09220, L_Morse: 2.52327

Weights: [7000.0, 600.0, 0, 50.0, 0.0, 0.1], lr=5.000e-05
Epoch: 0 [6630/10000 (66%)] Loss: 23.88297 = L_Mnfld: 6.19540 + L_NonMnfld: 13.00377 + L_Nrml: 0.00000 + L_Eknl: 4.41636 + L_Div: 0.00000 + L_Morse: 0.26745
Epoch: 0 [6630/10000 (66%)] Unweighted L_s : L_Mnfld: 0.00089,  L_NonMnfld: 0.02167,  L_Nrml: 0.00000,  L_Eknl: 0.08833, L_Morse: 2.67447

Weights: [7000.0, 600.0, 0, 50.0, 0.0, 0.1], lr=5.000e-05
Epoch: 0 [6640/10000 (66%)] Loss: 23.46166 = L_Mnfld: 5.70868 + L_NonMnfld: 13.22727 + L_Nrml: 0.00000 + L_Eknl: 4.27137 + L_Div: 0.00000 + L_Morse: 0.25432
Epoch: 0 [6640/10000 (66%)] Unweighted L_s : L_Mnfld: 0.00082,  L_NonMnfld: 0.02205,  L_Nrml: 0.00000,  L_Eknl: 0.08543, L_Morse: 2.54323

Weights: [7000.0, 600.0, 0, 50.0, 0.0, 0.1], lr=5.000e-05
Epoch: 0 [6650/10000 (66%)] Loss: 23.51575 = L_Mnfld: 5.87129 + L_NonMnfld: 13.07418 + L_Nrml: 0.00000 + L_Eknl: 4.30971 + L_Div: 0.00000 + L_Morse: 0.26057
Epoch: 0 [6650/10000 (66%)] Unweighted L_s : L_Mnfld: 0.00084,  L_NonMnfld: 0.02179,  L_Nrml: 0.00000,  L_Eknl: 0.08619, L_Morse: 2.60571

Weights: [7000.0, 600.0, 0, 50.0, 0.0, 0.1], lr=5.000e-05
Epoch: 0 [6660/10000 (67%)] Loss: 23.96584 = L_Mnfld: 5.84918 + L_NonMnfld: 13.55648 + L_Nrml: 0.00000 + L_Eknl: 4.29501 + L_Div: 0.00000 + L_Morse: 0.26517
Epoch: 0 [6660/10000 (67%)] Unweighted L_s : L_Mnfld: 0.00084,  L_NonMnfld: 0.02259,  L_Nrml: 0.00000,  L_Eknl: 0.08590, L_Morse: 2.65166

Weights: [7000.0, 600.0, 0, 50.0, 0.0, 0.1], lr=5.000e-05
Epoch: 0 [6670/10000 (67%)] Loss: 24.25714 = L_Mnfld: 5.82057 + L_NonMnfld: 13.92197 + L_Nrml: 0.00000 + L_Eknl: 4.26218 + L_Div: 0.00000 + L_Morse: 0.25241
Epoch: 0 [6670/10000 (67%)] Unweighted L_s : L_Mnfld: 0.00083,  L_NonMnfld: 0.02320,  L_Nrml: 0.00000,  L_Eknl: 0.08524, L_Morse: 2.52414

Weights: [7000.0, 600.0, 0, 50.0, 0.0, 0.1], lr=5.000e-05
Epoch: 0 [6680/10000 (67%)] Loss: 24.02502 = L_Mnfld: 5.35475 + L_NonMnfld: 13.92104 + L_Nrml: 0.00000 + L_Eknl: 4.47734 + L_Div: 0.00000 + L_Morse: 0.27190
Epoch: 0 [6680/10000 (67%)] Unweighted L_s : L_Mnfld: 0.00076,  L_NonMnfld: 0.02320,  L_Nrml: 0.00000,  L_Eknl: 0.08955, L_Morse: 2.71900

Weights: [7000.0, 600.0, 0, 50.0, 0.0, 0.1], lr=5.000e-05
Epoch: 0 [6690/10000 (67%)] Loss: 24.06189 = L_Mnfld: 5.95678 + L_NonMnfld: 13.35390 + L_Nrml: 0.00000 + L_Eknl: 4.48363 + L_Div: 0.00000 + L_Morse: 0.26759
Epoch: 0 [6690/10000 (67%)] Unweighted L_s : L_Mnfld: 0.00085,  L_NonMnfld: 0.02226,  L_Nrml: 0.00000,  L_Eknl: 0.08967, L_Morse: 2.67589

Weights: [7000.0, 600.0, 0, 50.0, 0.0, 0.1], lr=5.000e-05
Epoch: 0 [6700/10000 (67%)] Loss: 22.64332 = L_Mnfld: 6.16489 + L_NonMnfld: 11.78903 + L_Nrml: 0.00000 + L_Eknl: 4.42233 + L_Div: 0.00000 + L_Morse: 0.26708
Epoch: 0 [6700/10000 (67%)] Unweighted L_s : L_Mnfld: 0.00088,  L_NonMnfld: 0.01965,  L_Nrml: 0.00000,  L_Eknl: 0.08845, L_Morse: 2.67081

Weights: [7000.0, 600.0, 0, 50.0, 0.0, 0.1], lr=5.000e-05
Epoch: 0 [6710/10000 (67%)] Loss: 22.44337 = L_Mnfld: 5.26238 + L_NonMnfld: 12.46791 + L_Nrml: 0.00000 + L_Eknl: 4.44654 + L_Div: 0.00000 + L_Morse: 0.26653
Epoch: 0 [6710/10000 (67%)] Unweighted L_s : L_Mnfld: 0.00075,  L_NonMnfld: 0.02078,  L_Nrml: 0.00000,  L_Eknl: 0.08893, L_Morse: 2.66533

Weights: [7000.0, 600.0, 0, 50.0, 0.0, 0.1], lr=5.000e-05
Epoch: 0 [6720/10000 (67%)] Loss: 23.62585 = L_Mnfld: 6.32503 + L_NonMnfld: 12.74432 + L_Nrml: 0.00000 + L_Eknl: 4.29128 + L_Div: 0.00000 + L_Morse: 0.26521
Epoch: 0 [6720/10000 (67%)] Unweighted L_s : L_Mnfld: 0.00090,  L_NonMnfld: 0.02124,  L_Nrml: 0.00000,  L_Eknl: 0.08583, L_Morse: 2.65213

Weights: [7000.0, 600.0, 0, 50.0, 0.0, 0.1], lr=5.000e-05
Epoch: 0 [6730/10000 (67%)] Loss: 23.51294 = L_Mnfld: 6.31172 + L_NonMnfld: 12.67369 + L_Nrml: 0.00000 + L_Eknl: 4.27751 + L_Div: 0.00000 + L_Morse: 0.25001
Epoch: 0 [6730/10000 (67%)] Unweighted L_s : L_Mnfld: 0.00090,  L_NonMnfld: 0.02112,  L_Nrml: 0.00000,  L_Eknl: 0.08555, L_Morse: 2.50007

Weights: [7000.0, 600.0, 0, 50.0, 0.0, 0.1], lr=5.000e-05
Epoch: 0 [6740/10000 (67%)] Loss: 24.30189 = L_Mnfld: 5.40228 + L_NonMnfld: 14.22429 + L_Nrml: 0.00000 + L_Eknl: 4.39752 + L_Div: 0.00000 + L_Morse: 0.27780
Epoch: 0 [6740/10000 (67%)] Unweighted L_s : L_Mnfld: 0.00077,  L_NonMnfld: 0.02371,  L_Nrml: 0.00000,  L_Eknl: 0.08795, L_Morse: 2.77795

Weights: [7000.0, 600.0, 0, 50.0, 0.0, 0.1], lr=5.000e-05
Epoch: 0 [6750/10000 (68%)] Loss: 25.16958 = L_Mnfld: 7.26886 + L_NonMnfld: 13.21597 + L_Nrml: 0.00000 + L_Eknl: 4.42962 + L_Div: 0.00000 + L_Morse: 0.25513
Epoch: 0 [6750/10000 (68%)] Unweighted L_s : L_Mnfld: 0.00104,  L_NonMnfld: 0.02203,  L_Nrml: 0.00000,  L_Eknl: 0.08859, L_Morse: 2.55129

Weights: [7000.0, 600.0, 0, 50.0, 0.0, 0.1], lr=5.000e-05
Epoch: 0 [6760/10000 (68%)] Loss: 24.79228 = L_Mnfld: 6.59134 + L_NonMnfld: 13.31428 + L_Nrml: 0.00000 + L_Eknl: 4.62198 + L_Div: 0.00000 + L_Morse: 0.26468
Epoch: 0 [6760/10000 (68%)] Unweighted L_s : L_Mnfld: 0.00094,  L_NonMnfld: 0.02219,  L_Nrml: 0.00000,  L_Eknl: 0.09244, L_Morse: 2.64684

Weights: [7000.0, 600.0, 0, 50.0, 0.0, 0.1], lr=5.000e-05
Epoch: 0 [6770/10000 (68%)] Loss: 23.42015 = L_Mnfld: 5.56588 + L_NonMnfld: 13.12237 + L_Nrml: 0.00000 + L_Eknl: 4.47601 + L_Div: 0.00000 + L_Morse: 0.25589
Epoch: 0 [6770/10000 (68%)] Unweighted L_s : L_Mnfld: 0.00080,  L_NonMnfld: 0.02187,  L_Nrml: 0.00000,  L_Eknl: 0.08952, L_Morse: 2.55888

Weights: [7000.0, 600.0, 0, 50.0, 0.0, 0.1], lr=5.000e-05
Epoch: 0 [6780/10000 (68%)] Loss: 24.06871 = L_Mnfld: 6.17026 + L_NonMnfld: 13.22053 + L_Nrml: 0.00000 + L_Eknl: 4.42120 + L_Div: 0.00000 + L_Morse: 0.25672
Epoch: 0 [6780/10000 (68%)] Unweighted L_s : L_Mnfld: 0.00088,  L_NonMnfld: 0.02203,  L_Nrml: 0.00000,  L_Eknl: 0.08842, L_Morse: 2.56722

Weights: [7000.0, 600.0, 0, 50.0, 0.0, 0.1], lr=5.000e-05
Epoch: 0 [6790/10000 (68%)] Loss: 24.10191 = L_Mnfld: 6.51222 + L_NonMnfld: 12.97436 + L_Nrml: 0.00000 + L_Eknl: 4.35368 + L_Div: 0.00000 + L_Morse: 0.26164
Epoch: 0 [6790/10000 (68%)] Unweighted L_s : L_Mnfld: 0.00093,  L_NonMnfld: 0.02162,  L_Nrml: 0.00000,  L_Eknl: 0.08707, L_Morse: 2.61642

Weights: [7000.0, 600.0, 0, 50.0, 0.0, 0.1], lr=5.000e-05
Epoch: 0 [6800/10000 (68%)] Loss: 24.74840 = L_Mnfld: 6.38360 + L_NonMnfld: 13.76257 + L_Nrml: 0.00000 + L_Eknl: 4.34112 + L_Div: 0.00000 + L_Morse: 0.26110
Epoch: 0 [6800/10000 (68%)] Unweighted L_s : L_Mnfld: 0.00091,  L_NonMnfld: 0.02294,  L_Nrml: 0.00000,  L_Eknl: 0.08682, L_Morse: 2.61101

Weights: [7000.0, 600.0, 0, 50.0, 0.0, 0.1], lr=5.000e-05
Epoch: 0 [6810/10000 (68%)] Loss: 24.58379 = L_Mnfld: 6.07028 + L_NonMnfld: 13.83130 + L_Nrml: 0.00000 + L_Eknl: 4.40815 + L_Div: 0.00000 + L_Morse: 0.27405
Epoch: 0 [6810/10000 (68%)] Unweighted L_s : L_Mnfld: 0.00087,  L_NonMnfld: 0.02305,  L_Nrml: 0.00000,  L_Eknl: 0.08816, L_Morse: 2.74050

Weights: [7000.0, 600.0, 0, 50.0, 0.0, 0.1], lr=5.000e-05
Epoch: 0 [6820/10000 (68%)] Loss: 24.18480 = L_Mnfld: 6.05055 + L_NonMnfld: 13.58212 + L_Nrml: 0.00000 + L_Eknl: 4.27764 + L_Div: 0.00000 + L_Morse: 0.27448
Epoch: 0 [6820/10000 (68%)] Unweighted L_s : L_Mnfld: 0.00086,  L_NonMnfld: 0.02264,  L_Nrml: 0.00000,  L_Eknl: 0.08555, L_Morse: 2.74483

Weights: [7000.0, 600.0, 0, 50.0, 0.0, 0.1], lr=5.000e-05
Epoch: 0 [6830/10000 (68%)] Loss: 24.11994 = L_Mnfld: 6.68378 + L_NonMnfld: 12.81242 + L_Nrml: 0.00000 + L_Eknl: 4.34882 + L_Div: 0.00000 + L_Morse: 0.27492
Epoch: 0 [6830/10000 (68%)] Unweighted L_s : L_Mnfld: 0.00095,  L_NonMnfld: 0.02135,  L_Nrml: 0.00000,  L_Eknl: 0.08698, L_Morse: 2.74920

Weights: [7000.0, 600.0, 0, 50.0, 0.0, 0.1], lr=5.000e-05
Epoch: 0 [6840/10000 (68%)] Loss: 24.86917 = L_Mnfld: 6.35887 + L_NonMnfld: 13.65436 + L_Nrml: 0.00000 + L_Eknl: 4.59030 + L_Div: 0.00000 + L_Morse: 0.26564
Epoch: 0 [6840/10000 (68%)] Unweighted L_s : L_Mnfld: 0.00091,  L_NonMnfld: 0.02276,  L_Nrml: 0.00000,  L_Eknl: 0.09181, L_Morse: 2.65642

Weights: [7000.0, 600.0, 0, 50.0, 0.0, 0.1], lr=5.000e-05
Epoch: 0 [6850/10000 (68%)] Loss: 24.91325 = L_Mnfld: 6.81636 + L_NonMnfld: 13.40867 + L_Nrml: 0.00000 + L_Eknl: 4.41321 + L_Div: 0.00000 + L_Morse: 0.27501
Epoch: 0 [6850/10000 (68%)] Unweighted L_s : L_Mnfld: 0.00097,  L_NonMnfld: 0.02235,  L_Nrml: 0.00000,  L_Eknl: 0.08826, L_Morse: 2.75011

Weights: [7000.0, 600.0, 0, 50.0, 0.0, 0.1], lr=5.000e-05
Epoch: 0 [6860/10000 (69%)] Loss: 23.74062 = L_Mnfld: 6.07560 + L_NonMnfld: 12.64212 + L_Nrml: 0.00000 + L_Eknl: 4.73930 + L_Div: 0.00000 + L_Morse: 0.28361
Epoch: 0 [6860/10000 (69%)] Unweighted L_s : L_Mnfld: 0.00087,  L_NonMnfld: 0.02107,  L_Nrml: 0.00000,  L_Eknl: 0.09479, L_Morse: 2.83612

Weights: [7000.0, 600.0, 0, 50.0, 0.0, 0.1], lr=5.000e-05
Epoch: 0 [6870/10000 (69%)] Loss: 24.46607 = L_Mnfld: 6.36834 + L_NonMnfld: 13.43399 + L_Nrml: 0.00000 + L_Eknl: 4.38837 + L_Div: 0.00000 + L_Morse: 0.27537
Epoch: 0 [6870/10000 (69%)] Unweighted L_s : L_Mnfld: 0.00091,  L_NonMnfld: 0.02239,  L_Nrml: 0.00000,  L_Eknl: 0.08777, L_Morse: 2.75372

Weights: [7000.0, 600.0, 0, 50.0, 0.0, 0.1], lr=5.000e-05
Epoch: 0 [6880/10000 (69%)] Loss: 23.64008 = L_Mnfld: 6.00708 + L_NonMnfld: 13.09228 + L_Nrml: 0.00000 + L_Eknl: 4.26695 + L_Div: 0.00000 + L_Morse: 0.27377
Epoch: 0 [6880/10000 (69%)] Unweighted L_s : L_Mnfld: 0.00086,  L_NonMnfld: 0.02182,  L_Nrml: 0.00000,  L_Eknl: 0.08534, L_Morse: 2.73773

Weights: [7000.0, 600.0, 0, 50.0, 0.0, 0.1], lr=5.000e-05
Epoch: 0 [6890/10000 (69%)] Loss: 23.26866 = L_Mnfld: 5.52959 + L_NonMnfld: 13.14670 + L_Nrml: 0.00000 + L_Eknl: 4.30094 + L_Div: 0.00000 + L_Morse: 0.29144
Epoch: 0 [6890/10000 (69%)] Unweighted L_s : L_Mnfld: 0.00079,  L_NonMnfld: 0.02191,  L_Nrml: 0.00000,  L_Eknl: 0.08602, L_Morse: 2.91436

Weights: [7000.0, 600.0, 0, 50.0, 0.0, 0.1], lr=5.000e-05
Epoch: 0 [6900/10000 (69%)] Loss: 23.44520 = L_Mnfld: 5.80278 + L_NonMnfld: 13.02663 + L_Nrml: 0.00000 + L_Eknl: 4.35297 + L_Div: 0.00000 + L_Morse: 0.26282
Epoch: 0 [6900/10000 (69%)] Unweighted L_s : L_Mnfld: 0.00083,  L_NonMnfld: 0.02171,  L_Nrml: 0.00000,  L_Eknl: 0.08706, L_Morse: 2.62822

Weights: [7000.0, 600.0, 0, 50.0, 0.0, 0.1], lr=5.000e-05
Epoch: 0 [6910/10000 (69%)] Loss: 22.22233 = L_Mnfld: 5.50684 + L_NonMnfld: 12.00985 + L_Nrml: 0.00000 + L_Eknl: 4.42549 + L_Div: 0.00000 + L_Morse: 0.28015
Epoch: 0 [6910/10000 (69%)] Unweighted L_s : L_Mnfld: 0.00079,  L_NonMnfld: 0.02002,  L_Nrml: 0.00000,  L_Eknl: 0.08851, L_Morse: 2.80146

Weights: [7000.0, 600.0, 0, 50.0, 0.0, 0.1], lr=5.000e-05
Epoch: 0 [6920/10000 (69%)] Loss: 22.71126 = L_Mnfld: 6.00982 + L_NonMnfld: 12.00538 + L_Nrml: 0.00000 + L_Eknl: 4.43041 + L_Div: 0.00000 + L_Morse: 0.26565
Epoch: 0 [6920/10000 (69%)] Unweighted L_s : L_Mnfld: 0.00086,  L_NonMnfld: 0.02001,  L_Nrml: 0.00000,  L_Eknl: 0.08861, L_Morse: 2.65645

Weights: [7000.0, 600.0, 0, 50.0, 0.0, 0.1], lr=5.000e-05
Epoch: 0 [6930/10000 (69%)] Loss: 23.77179 = L_Mnfld: 6.34201 + L_NonMnfld: 12.72433 + L_Nrml: 0.00000 + L_Eknl: 4.43653 + L_Div: 0.00000 + L_Morse: 0.26891
Epoch: 0 [6930/10000 (69%)] Unweighted L_s : L_Mnfld: 0.00091,  L_NonMnfld: 0.02121,  L_Nrml: 0.00000,  L_Eknl: 0.08873, L_Morse: 2.68915

Weights: [7000.0, 600.0, 0, 50.0, 0.0, 0.1], lr=5.000e-05
Epoch: 0 [6940/10000 (69%)] Loss: 22.31620 = L_Mnfld: 5.86793 + L_NonMnfld: 11.94801 + L_Nrml: 0.00000 + L_Eknl: 4.22239 + L_Div: 0.00000 + L_Morse: 0.27787
Epoch: 0 [6940/10000 (69%)] Unweighted L_s : L_Mnfld: 0.00084,  L_NonMnfld: 0.01991,  L_Nrml: 0.00000,  L_Eknl: 0.08445, L_Morse: 2.77867

Weights: [7000.0, 600.0, 0, 50.0, 0.0, 0.1], lr=5.000e-05
Epoch: 0 [6950/10000 (70%)] Loss: 24.12061 = L_Mnfld: 6.13296 + L_NonMnfld: 12.99391 + L_Nrml: 0.00000 + L_Eknl: 4.71589 + L_Div: 0.00000 + L_Morse: 0.27784
Epoch: 0 [6950/10000 (70%)] Unweighted L_s : L_Mnfld: 0.00088,  L_NonMnfld: 0.02166,  L_Nrml: 0.00000,  L_Eknl: 0.09432, L_Morse: 2.77843

Weights: [7000.0, 600.0, 0, 50.0, 0.0, 0.1], lr=5.000e-05
Epoch: 0 [6960/10000 (70%)] Loss: 25.00563 = L_Mnfld: 6.28449 + L_NonMnfld: 13.79243 + L_Nrml: 0.00000 + L_Eknl: 4.64049 + L_Div: 0.00000 + L_Morse: 0.28821
Epoch: 0 [6960/10000 (70%)] Unweighted L_s : L_Mnfld: 0.00090,  L_NonMnfld: 0.02299,  L_Nrml: 0.00000,  L_Eknl: 0.09281, L_Morse: 2.88212

Weights: [7000.0, 600.0, 0, 50.0, 0.0, 0.1], lr=5.000e-05
Epoch: 0 [6970/10000 (70%)] Loss: 23.07953 = L_Mnfld: 6.41450 + L_NonMnfld: 12.01811 + L_Nrml: 0.00000 + L_Eknl: 4.36276 + L_Div: 0.00000 + L_Morse: 0.28416
Epoch: 0 [6970/10000 (70%)] Unweighted L_s : L_Mnfld: 0.00092,  L_NonMnfld: 0.02003,  L_Nrml: 0.00000,  L_Eknl: 0.08726, L_Morse: 2.84158

Weights: [7000.0, 600.0, 0, 50.0, 0.0, 0.1], lr=5.000e-05
Epoch: 0 [6980/10000 (70%)] Loss: 23.00248 = L_Mnfld: 5.72007 + L_NonMnfld: 12.72428 + L_Nrml: 0.00000 + L_Eknl: 4.26592 + L_Div: 0.00000 + L_Morse: 0.29221
Epoch: 0 [6980/10000 (70%)] Unweighted L_s : L_Mnfld: 0.00082,  L_NonMnfld: 0.02121,  L_Nrml: 0.00000,  L_Eknl: 0.08532, L_Morse: 2.92212

Weights: [7000.0, 600.0, 0, 50.0, 0.0, 0.1], lr=5.000e-05
Epoch: 0 [6990/10000 (70%)] Loss: 23.56209 = L_Mnfld: 5.48370 + L_NonMnfld: 13.40244 + L_Nrml: 0.00000 + L_Eknl: 4.39098 + L_Div: 0.00000 + L_Morse: 0.28497
Epoch: 0 [6990/10000 (70%)] Unweighted L_s : L_Mnfld: 0.00078,  L_NonMnfld: 0.02234,  L_Nrml: 0.00000,  L_Eknl: 0.08782, L_Morse: 2.84966

Weights: [7000.0, 600.0, 0, 50.0, 0.0, 0.1], lr=5.000e-05
Epoch: 0 [7000/10000 (70%)] Loss: 23.57173 = L_Mnfld: 6.10703 + L_NonMnfld: 12.71413 + L_Nrml: 0.00000 + L_Eknl: 4.45712 + L_Div: 0.00000 + L_Morse: 0.29344
Epoch: 0 [7000/10000 (70%)] Unweighted L_s : L_Mnfld: 0.00087,  L_NonMnfld: 0.02119,  L_Nrml: 0.00000,  L_Eknl: 0.08914, L_Morse: 2.93443

Weights: [7000.0, 600.0, 0, 50.0, 0.0, 0.1], lr=5.000e-05
Epoch: 0 [7010/10000 (70%)] Loss: 24.56382 = L_Mnfld: 6.59976 + L_NonMnfld: 13.15488 + L_Nrml: 0.00000 + L_Eknl: 4.52490 + L_Div: 0.00000 + L_Morse: 0.28428
Epoch: 0 [7010/10000 (70%)] Unweighted L_s : L_Mnfld: 0.00094,  L_NonMnfld: 0.02192,  L_Nrml: 0.00000,  L_Eknl: 0.09050, L_Morse: 2.84283

Weights: [7000.0, 600.0, 0, 50.0, 0.0, 0.1], lr=5.000e-05
Epoch: 0 [7020/10000 (70%)] Loss: 23.78129 = L_Mnfld: 5.70624 + L_NonMnfld: 13.27002 + L_Nrml: 0.00000 + L_Eknl: 4.51920 + L_Div: 0.00000 + L_Morse: 0.28582
Epoch: 0 [7020/10000 (70%)] Unweighted L_s : L_Mnfld: 0.00082,  L_NonMnfld: 0.02212,  L_Nrml: 0.00000,  L_Eknl: 0.09038, L_Morse: 2.85825

Weights: [7000.0, 600.0, 0, 50.0, 0.0, 0.1], lr=5.000e-05
Epoch: 0 [7030/10000 (70%)] Loss: 23.79735 = L_Mnfld: 5.89281 + L_NonMnfld: 13.22416 + L_Nrml: 0.00000 + L_Eknl: 4.39682 + L_Div: 0.00000 + L_Morse: 0.28355
Epoch: 0 [7030/10000 (70%)] Unweighted L_s : L_Mnfld: 0.00084,  L_NonMnfld: 0.02204,  L_Nrml: 0.00000,  L_Eknl: 0.08794, L_Morse: 2.83548

Weights: [7000.0, 600.0, 0, 50.0, 0.0, 0.1], lr=5.000e-05
Epoch: 0 [7040/10000 (70%)] Loss: 23.80306 = L_Mnfld: 6.14029 + L_NonMnfld: 13.00620 + L_Nrml: 0.00000 + L_Eknl: 4.37468 + L_Div: 0.00000 + L_Morse: 0.28189
Epoch: 0 [7040/10000 (70%)] Unweighted L_s : L_Mnfld: 0.00088,  L_NonMnfld: 0.02168,  L_Nrml: 0.00000,  L_Eknl: 0.08749, L_Morse: 2.81887

Weights: [7000.0, 600.0, 0, 50.0, 0.0, 0.1], lr=5.000e-05
Epoch: 0 [7050/10000 (70%)] Loss: 24.85005 = L_Mnfld: 6.17279 + L_NonMnfld: 13.92322 + L_Nrml: 0.00000 + L_Eknl: 4.46741 + L_Div: 0.00000 + L_Morse: 0.28663
Epoch: 0 [7050/10000 (70%)] Unweighted L_s : L_Mnfld: 0.00088,  L_NonMnfld: 0.02321,  L_Nrml: 0.00000,  L_Eknl: 0.08935, L_Morse: 2.86625

Weights: [7000.0, 600.0, 0, 50.0, 0.0, 0.1], lr=5.000e-05
Epoch: 0 [7060/10000 (71%)] Loss: 24.45240 = L_Mnfld: 6.21279 + L_NonMnfld: 13.20816 + L_Nrml: 0.00000 + L_Eknl: 4.74600 + L_Div: 0.00000 + L_Morse: 0.28545
Epoch: 0 [7060/10000 (71%)] Unweighted L_s : L_Mnfld: 0.00089,  L_NonMnfld: 0.02201,  L_Nrml: 0.00000,  L_Eknl: 0.09492, L_Morse: 2.85448

Weights: [7000.0, 600.0, 0, 50.0, 0.0, 0.1], lr=5.000e-05
Epoch: 0 [7070/10000 (71%)] Loss: 23.57419 = L_Mnfld: 6.22681 + L_NonMnfld: 12.50354 + L_Nrml: 0.00000 + L_Eknl: 4.56618 + L_Div: 0.00000 + L_Morse: 0.27766
Epoch: 0 [7070/10000 (71%)] Unweighted L_s : L_Mnfld: 0.00089,  L_NonMnfld: 0.02084,  L_Nrml: 0.00000,  L_Eknl: 0.09132, L_Morse: 2.77662

Weights: [7000.0, 600.0, 0, 50.0, 0.0, 0.1], lr=5.000e-05
Epoch: 0 [7080/10000 (71%)] Loss: 23.60033 = L_Mnfld: 6.15371 + L_NonMnfld: 12.62971 + L_Nrml: 0.00000 + L_Eknl: 4.52275 + L_Div: 0.00000 + L_Morse: 0.29417
Epoch: 0 [7080/10000 (71%)] Unweighted L_s : L_Mnfld: 0.00088,  L_NonMnfld: 0.02105,  L_Nrml: 0.00000,  L_Eknl: 0.09045, L_Morse: 2.94167

Weights: [7000.0, 600.0, 0, 50.0, 0.0, 0.1], lr=5.000e-05
Epoch: 0 [7090/10000 (71%)] Loss: 23.58594 = L_Mnfld: 6.34411 + L_NonMnfld: 12.58551 + L_Nrml: 0.00000 + L_Eknl: 4.37033 + L_Div: 0.00000 + L_Morse: 0.28599
Epoch: 0 [7090/10000 (71%)] Unweighted L_s : L_Mnfld: 0.00091,  L_NonMnfld: 0.02098,  L_Nrml: 0.00000,  L_Eknl: 0.08741, L_Morse: 2.85990

Weights: [7000.0, 600.0, 0, 50.0, 0.0, 0.1], lr=5.000e-05
Epoch: 0 [7100/10000 (71%)] Loss: 24.05255 = L_Mnfld: 6.16502 + L_NonMnfld: 13.02211 + L_Nrml: 0.00000 + L_Eknl: 4.58895 + L_Div: 0.00000 + L_Morse: 0.27647
Epoch: 0 [7100/10000 (71%)] Unweighted L_s : L_Mnfld: 0.00088,  L_NonMnfld: 0.02170,  L_Nrml: 0.00000,  L_Eknl: 0.09178, L_Morse: 2.76470

Weights: [7000.0, 600.0, 0, 50.0, 0.0, 0.1], lr=5.000e-05
Epoch: 0 [7110/10000 (71%)] Loss: 24.10295 = L_Mnfld: 6.20986 + L_NonMnfld: 13.20187 + L_Nrml: 0.00000 + L_Eknl: 4.41324 + L_Div: 0.00000 + L_Morse: 0.27798
Epoch: 0 [7110/10000 (71%)] Unweighted L_s : L_Mnfld: 0.00089,  L_NonMnfld: 0.02200,  L_Nrml: 0.00000,  L_Eknl: 0.08826, L_Morse: 2.77984

Weights: [7000.0, 600.0, 0, 50.0, 0.0, 0.1], lr=5.000e-05
Epoch: 0 [7120/10000 (71%)] Loss: 22.35572 = L_Mnfld: 6.22123 + L_NonMnfld: 11.59240 + L_Nrml: 0.00000 + L_Eknl: 4.26974 + L_Div: 0.00000 + L_Morse: 0.27235
Epoch: 0 [7120/10000 (71%)] Unweighted L_s : L_Mnfld: 0.00089,  L_NonMnfld: 0.01932,  L_Nrml: 0.00000,  L_Eknl: 0.08539, L_Morse: 2.72347

Weights: [7000.0, 600.0, 0, 50.0, 0.0, 0.1], lr=5.000e-05
Epoch: 0 [7130/10000 (71%)] Loss: 23.47560 = L_Mnfld: 6.05252 + L_NonMnfld: 12.71159 + L_Nrml: 0.00000 + L_Eknl: 4.43661 + L_Div: 0.00000 + L_Morse: 0.27488
Epoch: 0 [7130/10000 (71%)] Unweighted L_s : L_Mnfld: 0.00086,  L_NonMnfld: 0.02119,  L_Nrml: 0.00000,  L_Eknl: 0.08873, L_Morse: 2.74876

Weights: [7000.0, 600.0, 0, 50.0, 0.0, 0.1], lr=5.000e-05
Epoch: 0 [7140/10000 (71%)] Loss: 22.34929 = L_Mnfld: 5.14576 + L_NonMnfld: 12.72382 + L_Nrml: 0.00000 + L_Eknl: 4.19725 + L_Div: 0.00000 + L_Morse: 0.28246
Epoch: 0 [7140/10000 (71%)] Unweighted L_s : L_Mnfld: 0.00074,  L_NonMnfld: 0.02121,  L_Nrml: 0.00000,  L_Eknl: 0.08394, L_Morse: 2.82463

Weights: [7000.0, 600.0, 0, 50.0, 0.0, 0.1], lr=5.000e-05
Epoch: 0 [7150/10000 (72%)] Loss: 22.16896 = L_Mnfld: 5.85722 + L_NonMnfld: 11.99994 + L_Nrml: 0.00000 + L_Eknl: 4.04120 + L_Div: 0.00000 + L_Morse: 0.27060
Epoch: 0 [7150/10000 (72%)] Unweighted L_s : L_Mnfld: 0.00084,  L_NonMnfld: 0.02000,  L_Nrml: 0.00000,  L_Eknl: 0.08082, L_Morse: 2.70597

Weights: [7000.0, 600.0, 0, 50.0, 0.0, 0.1], lr=5.000e-05
Epoch: 0 [7160/10000 (72%)] Loss: 22.87630 = L_Mnfld: 5.59724 + L_NonMnfld: 12.77169 + L_Nrml: 0.00000 + L_Eknl: 4.23211 + L_Div: 0.00000 + L_Morse: 0.27527
Epoch: 0 [7160/10000 (72%)] Unweighted L_s : L_Mnfld: 0.00080,  L_NonMnfld: 0.02129,  L_Nrml: 0.00000,  L_Eknl: 0.08464, L_Morse: 2.75267

Weights: [7000.0, 600.0, 0, 50.0, 0.0, 0.1], lr=5.000e-05
Epoch: 0 [7170/10000 (72%)] Loss: 22.60124 = L_Mnfld: 5.64124 + L_NonMnfld: 12.34217 + L_Nrml: 0.00000 + L_Eknl: 4.32775 + L_Div: 0.00000 + L_Morse: 0.29008
Epoch: 0 [7170/10000 (72%)] Unweighted L_s : L_Mnfld: 0.00081,  L_NonMnfld: 0.02057,  L_Nrml: 0.00000,  L_Eknl: 0.08656, L_Morse: 2.90076

Weights: [7000.0, 600.0, 0, 50.0, 0.0, 0.1], lr=5.000e-05
Epoch: 0 [7180/10000 (72%)] Loss: 23.34533 = L_Mnfld: 5.37829 + L_NonMnfld: 13.46584 + L_Nrml: 0.00000 + L_Eknl: 4.21961 + L_Div: 0.00000 + L_Morse: 0.28159
Epoch: 0 [7180/10000 (72%)] Unweighted L_s : L_Mnfld: 0.00077,  L_NonMnfld: 0.02244,  L_Nrml: 0.00000,  L_Eknl: 0.08439, L_Morse: 2.81589

Weights: [7000.0, 600.0, 0, 50.0, 0.0, 0.1], lr=5.000e-05
Epoch: 0 [7190/10000 (72%)] Loss: 23.98862 = L_Mnfld: 5.84225 + L_NonMnfld: 13.59330 + L_Nrml: 0.00000 + L_Eknl: 4.27382 + L_Div: 0.00000 + L_Morse: 0.27925
Epoch: 0 [7190/10000 (72%)] Unweighted L_s : L_Mnfld: 0.00083,  L_NonMnfld: 0.02266,  L_Nrml: 0.00000,  L_Eknl: 0.08548, L_Morse: 2.79253

Weights: [7000.0, 600.0, 0, 50.0, 0.0, 0.1], lr=5.000e-05
Epoch: 0 [7200/10000 (72%)] Loss: 24.20476 = L_Mnfld: 5.68500 + L_NonMnfld: 13.95780 + L_Nrml: 0.00000 + L_Eknl: 4.28193 + L_Div: 0.00000 + L_Morse: 0.28003
Epoch: 0 [7200/10000 (72%)] Unweighted L_s : L_Mnfld: 0.00081,  L_NonMnfld: 0.02326,  L_Nrml: 0.00000,  L_Eknl: 0.08564, L_Morse: 2.80026

Weights: [7000.0, 600.0, 0, 50.0, 0.0, 0.1], lr=5.000e-05
Epoch: 0 [7210/10000 (72%)] Loss: 23.25763 = L_Mnfld: 5.66322 + L_NonMnfld: 13.10875 + L_Nrml: 0.00000 + L_Eknl: 4.21598 + L_Div: 0.00000 + L_Morse: 0.26967
Epoch: 0 [7210/10000 (72%)] Unweighted L_s : L_Mnfld: 0.00081,  L_NonMnfld: 0.02185,  L_Nrml: 0.00000,  L_Eknl: 0.08432, L_Morse: 2.69675

Weights: [7000.0, 600.0, 0, 50.0, 0.0, 0.1], lr=5.000e-05
Epoch: 0 [7220/10000 (72%)] Loss: 23.08615 = L_Mnfld: 5.66775 + L_NonMnfld: 13.04222 + L_Nrml: 0.00000 + L_Eknl: 4.10627 + L_Div: 0.00000 + L_Morse: 0.26990
Epoch: 0 [7220/10000 (72%)] Unweighted L_s : L_Mnfld: 0.00081,  L_NonMnfld: 0.02174,  L_Nrml: 0.00000,  L_Eknl: 0.08213, L_Morse: 2.69897

Weights: [7000.0, 600.0, 0, 50.0, 0.0, 0.1], lr=5.000e-05
Epoch: 0 [7230/10000 (72%)] Loss: 23.25455 = L_Mnfld: 6.13838 + L_NonMnfld: 12.64725 + L_Nrml: 0.00000 + L_Eknl: 4.18395 + L_Div: 0.00000 + L_Morse: 0.28497
Epoch: 0 [7230/10000 (72%)] Unweighted L_s : L_Mnfld: 0.00088,  L_NonMnfld: 0.02108,  L_Nrml: 0.00000,  L_Eknl: 0.08368, L_Morse: 2.84972

Weights: [7000.0, 600.0, 0, 50.0, 0.0, 0.1], lr=5.000e-05
Epoch: 0 [7240/10000 (72%)] Loss: 22.30144 = L_Mnfld: 5.50944 + L_NonMnfld: 12.13015 + L_Nrml: 0.00000 + L_Eknl: 4.37616 + L_Div: 0.00000 + L_Morse: 0.28569
Epoch: 0 [7240/10000 (72%)] Unweighted L_s : L_Mnfld: 0.00079,  L_NonMnfld: 0.02022,  L_Nrml: 0.00000,  L_Eknl: 0.08752, L_Morse: 2.85688

Weights: [7000.0, 600.0, 0, 50.0, 0.0, 0.1], lr=5.000e-05
Epoch: 0 [7250/10000 (72%)] Loss: 22.90200 = L_Mnfld: 5.44844 + L_NonMnfld: 12.65891 + L_Nrml: 0.00000 + L_Eknl: 4.51753 + L_Div: 0.00000 + L_Morse: 0.27711
Epoch: 0 [7250/10000 (72%)] Unweighted L_s : L_Mnfld: 0.00078,  L_NonMnfld: 0.02110,  L_Nrml: 0.00000,  L_Eknl: 0.09035, L_Morse: 2.77108

Weights: [7000.0, 600.0, 0, 50.0, 0.0, 0.1], lr=5.000e-05
Epoch: 0 [7260/10000 (73%)] Loss: 22.56920 = L_Mnfld: 5.30694 + L_NonMnfld: 12.87057 + L_Nrml: 0.00000 + L_Eknl: 4.12049 + L_Div: 0.00000 + L_Morse: 0.27119
Epoch: 0 [7260/10000 (73%)] Unweighted L_s : L_Mnfld: 0.00076,  L_NonMnfld: 0.02145,  L_Nrml: 0.00000,  L_Eknl: 0.08241, L_Morse: 2.71194

Weights: [7000.0, 600.0, 0, 50.0, 0.0, 0.1], lr=5.000e-05
Epoch: 0 [7270/10000 (73%)] Loss: 21.99387 = L_Mnfld: 5.17128 + L_NonMnfld: 12.47958 + L_Nrml: 0.00000 + L_Eknl: 4.06746 + L_Div: 0.00000 + L_Morse: 0.27555
Epoch: 0 [7270/10000 (73%)] Unweighted L_s : L_Mnfld: 0.00074,  L_NonMnfld: 0.02080,  L_Nrml: 0.00000,  L_Eknl: 0.08135, L_Morse: 2.75554

Weights: [7000.0, 600.0, 0, 50.0, 0.0, 0.1], lr=5.000e-05
Epoch: 0 [7280/10000 (73%)] Loss: 24.32890 = L_Mnfld: 5.72682 + L_NonMnfld: 14.13348 + L_Nrml: 0.00000 + L_Eknl: 4.19866 + L_Div: 0.00000 + L_Morse: 0.26993
Epoch: 0 [7280/10000 (73%)] Unweighted L_s : L_Mnfld: 0.00082,  L_NonMnfld: 0.02356,  L_Nrml: 0.00000,  L_Eknl: 0.08397, L_Morse: 2.69932

Weights: [7000.0, 600.0, 0, 50.0, 0.0, 0.1], lr=5.000e-05
Epoch: 0 [7290/10000 (73%)] Loss: 23.54260 = L_Mnfld: 5.81521 + L_NonMnfld: 13.08301 + L_Nrml: 0.00000 + L_Eknl: 4.36085 + L_Div: 0.00000 + L_Morse: 0.28353
Epoch: 0 [7290/10000 (73%)] Unweighted L_s : L_Mnfld: 0.00083,  L_NonMnfld: 0.02181,  L_Nrml: 0.00000,  L_Eknl: 0.08722, L_Morse: 2.83532

Weights: [7000.0, 600.0, 0, 50.0, 0.0, 0.1], lr=5.000e-05
Epoch: 0 [7300/10000 (73%)] Loss: 23.29539 = L_Mnfld: 5.33818 + L_NonMnfld: 13.45638 + L_Nrml: 0.00000 + L_Eknl: 4.22820 + L_Div: 0.00000 + L_Morse: 0.27264
Epoch: 0 [7300/10000 (73%)] Unweighted L_s : L_Mnfld: 0.00076,  L_NonMnfld: 0.02243,  L_Nrml: 0.00000,  L_Eknl: 0.08456, L_Morse: 2.72641

Weights: [7000.0, 600.0, 0, 50.0, 0.0, 0.1], lr=5.000e-05
Epoch: 0 [7310/10000 (73%)] Loss: 23.71830 = L_Mnfld: 5.93155 + L_NonMnfld: 13.05658 + L_Nrml: 0.00000 + L_Eknl: 4.46280 + L_Div: 0.00000 + L_Morse: 0.26737
Epoch: 0 [7310/10000 (73%)] Unweighted L_s : L_Mnfld: 0.00085,  L_NonMnfld: 0.02176,  L_Nrml: 0.00000,  L_Eknl: 0.08926, L_Morse: 2.67368

Weights: [7000.0, 600.0, 0, 50.0, 0.0, 0.1], lr=5.000e-05
Epoch: 0 [7320/10000 (73%)] Loss: 23.24611 = L_Mnfld: 5.48260 + L_NonMnfld: 13.34843 + L_Nrml: 0.00000 + L_Eknl: 4.13988 + L_Div: 0.00000 + L_Morse: 0.27519
Epoch: 0 [7320/10000 (73%)] Unweighted L_s : L_Mnfld: 0.00078,  L_NonMnfld: 0.02225,  L_Nrml: 0.00000,  L_Eknl: 0.08280, L_Morse: 2.75193

Weights: [7000.0, 600.0, 0, 50.0, 0.0, 0.1], lr=5.000e-05
Epoch: 0 [7330/10000 (73%)] Loss: 23.65101 = L_Mnfld: 6.12749 + L_NonMnfld: 13.02922 + L_Nrml: 0.00000 + L_Eknl: 4.20906 + L_Div: 0.00000 + L_Morse: 0.28524
Epoch: 0 [7330/10000 (73%)] Unweighted L_s : L_Mnfld: 0.00088,  L_NonMnfld: 0.02172,  L_Nrml: 0.00000,  L_Eknl: 0.08418, L_Morse: 2.85242

Weights: [7000.0, 600.0, 0, 50.0, 0.0, 0.1], lr=5.000e-05
Epoch: 0 [7340/10000 (73%)] Loss: 23.50077 = L_Mnfld: 5.44666 + L_NonMnfld: 13.21840 + L_Nrml: 0.00000 + L_Eknl: 4.57234 + L_Div: 0.00000 + L_Morse: 0.26338
Epoch: 0 [7340/10000 (73%)] Unweighted L_s : L_Mnfld: 0.00078,  L_NonMnfld: 0.02203,  L_Nrml: 0.00000,  L_Eknl: 0.09145, L_Morse: 2.63377

Weights: [7000.0, 600.0, 0, 50.0, 0.0, 0.1], lr=5.000e-05
Epoch: 0 [7350/10000 (74%)] Loss: 24.59622 = L_Mnfld: 6.33455 + L_NonMnfld: 13.51737 + L_Nrml: 0.00000 + L_Eknl: 4.46193 + L_Div: 0.00000 + L_Morse: 0.28236
Epoch: 0 [7350/10000 (74%)] Unweighted L_s : L_Mnfld: 0.00090,  L_NonMnfld: 0.02253,  L_Nrml: 0.00000,  L_Eknl: 0.08924, L_Morse: 2.82361

Weights: [7000.0, 600.0, 0, 50.0, 0.0, 0.1], lr=5.000e-05
Epoch: 0 [7360/10000 (74%)] Loss: 24.20266 = L_Mnfld: 5.94180 + L_NonMnfld: 13.61993 + L_Nrml: 0.00000 + L_Eknl: 4.38151 + L_Div: 0.00000 + L_Morse: 0.25942
Epoch: 0 [7360/10000 (74%)] Unweighted L_s : L_Mnfld: 0.00085,  L_NonMnfld: 0.02270,  L_Nrml: 0.00000,  L_Eknl: 0.08763, L_Morse: 2.59417

Weights: [7000.0, 600.0, 0, 50.0, 0.0, 0.1], lr=5.000e-05
Epoch: 0 [7370/10000 (74%)] Loss: 23.60830 = L_Mnfld: 6.51562 + L_NonMnfld: 12.53848 + L_Nrml: 0.00000 + L_Eknl: 4.28779 + L_Div: 0.00000 + L_Morse: 0.26640
Epoch: 0 [7370/10000 (74%)] Unweighted L_s : L_Mnfld: 0.00093,  L_NonMnfld: 0.02090,  L_Nrml: 0.00000,  L_Eknl: 0.08576, L_Morse: 2.66404

Weights: [7000.0, 600.0, 0, 50.0, 0.0, 0.1], lr=5.000e-05
Epoch: 0 [7380/10000 (74%)] Loss: 24.01452 = L_Mnfld: 5.96038 + L_NonMnfld: 13.32582 + L_Nrml: 0.00000 + L_Eknl: 4.43725 + L_Div: 0.00000 + L_Morse: 0.29107
Epoch: 0 [7380/10000 (74%)] Unweighted L_s : L_Mnfld: 0.00085,  L_NonMnfld: 0.02221,  L_Nrml: 0.00000,  L_Eknl: 0.08874, L_Morse: 2.91070

Weights: [7000.0, 600.0, 0, 50.0, 0.0, 0.1], lr=5.000e-05
Epoch: 0 [7390/10000 (74%)] Loss: 23.72772 = L_Mnfld: 5.92804 + L_NonMnfld: 13.31710 + L_Nrml: 0.00000 + L_Eknl: 4.21539 + L_Div: 0.00000 + L_Morse: 0.26719
Epoch: 0 [7390/10000 (74%)] Unweighted L_s : L_Mnfld: 0.00085,  L_NonMnfld: 0.02220,  L_Nrml: 0.00000,  L_Eknl: 0.08431, L_Morse: 2.67187

Weights: [7000.0, 600.0, 0, 50.0, 0.0, 0.1], lr=5.000e-05
Epoch: 0 [7400/10000 (74%)] Loss: 23.80550 = L_Mnfld: 6.60646 + L_NonMnfld: 12.55757 + L_Nrml: 0.00000 + L_Eknl: 4.36444 + L_Div: 0.00000 + L_Morse: 0.27703
Epoch: 0 [7400/10000 (74%)] Unweighted L_s : L_Mnfld: 0.00094,  L_NonMnfld: 0.02093,  L_Nrml: 0.00000,  L_Eknl: 0.08729, L_Morse: 2.77026

Weights: [7000.0, 600.0, 0, 50.0, 0.0, 0.1], lr=5.000e-05
Epoch: 0 [7410/10000 (74%)] Loss: 23.58646 = L_Mnfld: 6.42551 + L_NonMnfld: 12.43621 + L_Nrml: 0.00000 + L_Eknl: 4.44381 + L_Div: 0.00000 + L_Morse: 0.28093
Epoch: 0 [7410/10000 (74%)] Unweighted L_s : L_Mnfld: 0.00092,  L_NonMnfld: 0.02073,  L_Nrml: 0.00000,  L_Eknl: 0.08888, L_Morse: 2.80934

Weights: [7000.0, 600.0, 0, 50.0, 0.0, 0.1], lr=5.000e-05
Epoch: 0 [7420/10000 (74%)] Loss: 23.92972 = L_Mnfld: 5.80600 + L_NonMnfld: 13.59031 + L_Nrml: 0.00000 + L_Eknl: 4.26444 + L_Div: 0.00000 + L_Morse: 0.26896
Epoch: 0 [7420/10000 (74%)] Unweighted L_s : L_Mnfld: 0.00083,  L_NonMnfld: 0.02265,  L_Nrml: 0.00000,  L_Eknl: 0.08529, L_Morse: 2.68959

Weights: [7000.0, 600.0, 0, 50.0, 0.0, 0.1], lr=5.000e-05
Epoch: 0 [7430/10000 (74%)] Loss: 23.48073 = L_Mnfld: 5.63646 + L_NonMnfld: 13.31674 + L_Nrml: 0.00000 + L_Eknl: 4.24199 + L_Div: 0.00000 + L_Morse: 0.28554
Epoch: 0 [7430/10000 (74%)] Unweighted L_s : L_Mnfld: 0.00081,  L_NonMnfld: 0.02219,  L_Nrml: 0.00000,  L_Eknl: 0.08484, L_Morse: 2.85537

Weights: [7000.0, 600.0, 0, 50.0, 0.0, 0.1], lr=5.000e-05
Epoch: 0 [7440/10000 (74%)] Loss: 24.06929 = L_Mnfld: 6.96588 + L_NonMnfld: 11.71667 + L_Nrml: 0.00000 + L_Eknl: 5.09428 + L_Div: 0.00000 + L_Morse: 0.29245
Epoch: 0 [7440/10000 (74%)] Unweighted L_s : L_Mnfld: 0.00100,  L_NonMnfld: 0.01953,  L_Nrml: 0.00000,  L_Eknl: 0.10189, L_Morse: 2.92454

Weights: [7000.0, 600.0, 0, 50.0, 0.0, 0.1], lr=5.000e-05
Epoch: 0 [7450/10000 (74%)] Loss: 24.97035 = L_Mnfld: 6.78288 + L_NonMnfld: 13.47052 + L_Nrml: 0.00000 + L_Eknl: 4.43129 + L_Div: 0.00000 + L_Morse: 0.28566
Epoch: 0 [7450/10000 (74%)] Unweighted L_s : L_Mnfld: 0.00097,  L_NonMnfld: 0.02245,  L_Nrml: 0.00000,  L_Eknl: 0.08863, L_Morse: 2.85658

Weights: [7000.0, 600.0, 0, 50.0, 0.0, 0.1], lr=5.000e-05
Epoch: 0 [7460/10000 (75%)] Loss: 22.90145 = L_Mnfld: 5.90295 + L_NonMnfld: 12.31986 + L_Nrml: 0.00000 + L_Eknl: 4.37914 + L_Div: 0.00000 + L_Morse: 0.29949
Epoch: 0 [7460/10000 (75%)] Unweighted L_s : L_Mnfld: 0.00084,  L_NonMnfld: 0.02053,  L_Nrml: 0.00000,  L_Eknl: 0.08758, L_Morse: 2.99487

Weights: [7000.0, 600.0, 0, 50.0, 0.0, 0.1], lr=5.000e-05
Epoch: 0 [7470/10000 (75%)] Loss: 23.32420 = L_Mnfld: 5.82314 + L_NonMnfld: 12.99041 + L_Nrml: 0.00000 + L_Eknl: 4.23086 + L_Div: 0.00000 + L_Morse: 0.27979
Epoch: 0 [7470/10000 (75%)] Unweighted L_s : L_Mnfld: 0.00083,  L_NonMnfld: 0.02165,  L_Nrml: 0.00000,  L_Eknl: 0.08462, L_Morse: 2.79787

Weights: [7000.0, 600.0, 0, 50.0, 0.0, 0.1], lr=5.000e-05
Epoch: 0 [7480/10000 (75%)] Loss: 23.22203 = L_Mnfld: 6.58734 + L_NonMnfld: 12.11472 + L_Nrml: 0.00000 + L_Eknl: 4.24283 + L_Div: 0.00000 + L_Morse: 0.27714
Epoch: 0 [7480/10000 (75%)] Unweighted L_s : L_Mnfld: 0.00094,  L_NonMnfld: 0.02019,  L_Nrml: 0.00000,  L_Eknl: 0.08486, L_Morse: 2.77138

Weights: [7000.0, 600.0, 0, 50.0, 0.0, 0.1], lr=5.000e-05
Epoch: 0 [7490/10000 (75%)] Loss: 24.57094 = L_Mnfld: 6.06334 + L_NonMnfld: 13.71014 + L_Nrml: 0.00000 + L_Eknl: 4.51884 + L_Div: 0.00000 + L_Morse: 0.27861
Epoch: 0 [7490/10000 (75%)] Unweighted L_s : L_Mnfld: 0.00087,  L_NonMnfld: 0.02285,  L_Nrml: 0.00000,  L_Eknl: 0.09038, L_Morse: 2.78614

Weights: [7000.0, 600.0, 0, 50.0, 0.0, 0.1], lr=5.000e-05
Epoch: 0 [7500/10000 (75%)] Loss: 24.23930 = L_Mnfld: 6.14302 + L_NonMnfld: 13.38285 + L_Nrml: 0.00000 + L_Eknl: 4.42848 + L_Div: 0.00000 + L_Morse: 0.28496
Epoch: 0 [7500/10000 (75%)] Unweighted L_s : L_Mnfld: 0.00088,  L_NonMnfld: 0.02230,  L_Nrml: 0.00000,  L_Eknl: 0.08857, L_Morse: 2.84956

Weights: [7000.0, 600.0, 0, 50.0, 0.0, 0.1], lr=5.000e-05
Epoch: 0 [7510/10000 (75%)] Loss: 24.59284 = L_Mnfld: 6.35806 + L_NonMnfld: 13.66303 + L_Nrml: 0.00000 + L_Eknl: 4.28901 + L_Div: 0.00000 + L_Morse: 0.28274
Epoch: 0 [7510/10000 (75%)] Unweighted L_s : L_Mnfld: 0.00091,  L_NonMnfld: 0.02277,  L_Nrml: 0.00000,  L_Eknl: 0.08578, L_Morse: 2.82739

Weights: [7000.0, 600.0, 0, 50.0, 0.0, 0.1], lr=5.000e-05
Epoch: 0 [7520/10000 (75%)] Loss: 22.86118 = L_Mnfld: 5.56035 + L_NonMnfld: 12.79197 + L_Nrml: 0.00000 + L_Eknl: 4.22372 + L_Div: 0.00000 + L_Morse: 0.28514
Epoch: 0 [7520/10000 (75%)] Unweighted L_s : L_Mnfld: 0.00079,  L_NonMnfld: 0.02132,  L_Nrml: 0.00000,  L_Eknl: 0.08447, L_Morse: 2.85141

Weights: [7000.0, 600.0, 0, 50.0, 0.0, 0.1], lr=5.000e-05
Epoch: 0 [7530/10000 (75%)] Loss: 21.25462 = L_Mnfld: 5.33933 + L_NonMnfld: 11.62471 + L_Nrml: 0.00000 + L_Eknl: 4.00219 + L_Div: 0.00000 + L_Morse: 0.28839
Epoch: 0 [7530/10000 (75%)] Unweighted L_s : L_Mnfld: 0.00076,  L_NonMnfld: 0.01937,  L_Nrml: 0.00000,  L_Eknl: 0.08004, L_Morse: 2.88387

Weights: [7000.0, 600.0, 0, 50.0, 0.0, 0.1], lr=5.000e-05
Epoch: 0 [7540/10000 (75%)] Loss: 24.64126 = L_Mnfld: 6.71439 + L_NonMnfld: 13.01684 + L_Nrml: 0.00000 + L_Eknl: 4.63437 + L_Div: 0.00000 + L_Morse: 0.27567
Epoch: 0 [7540/10000 (75%)] Unweighted L_s : L_Mnfld: 0.00096,  L_NonMnfld: 0.02169,  L_Nrml: 0.00000,  L_Eknl: 0.09269, L_Morse: 2.75672

Weights: [7000.0, 600.0, 0, 50.0, 0.0, 0.1], lr=5.000e-05
Epoch: 0 [7550/10000 (76%)] Loss: 23.31501 = L_Mnfld: 5.73755 + L_NonMnfld: 12.99872 + L_Nrml: 0.00000 + L_Eknl: 4.29694 + L_Div: 0.00000 + L_Morse: 0.28181
Epoch: 0 [7550/10000 (76%)] Unweighted L_s : L_Mnfld: 0.00082,  L_NonMnfld: 0.02166,  L_Nrml: 0.00000,  L_Eknl: 0.08594, L_Morse: 2.81805

Weights: [7000.0, 600.0, 0, 50.0, 0.0, 0.1], lr=5.000e-05
Epoch: 0 [7560/10000 (76%)] Loss: 23.51808 = L_Mnfld: 5.63443 + L_NonMnfld: 13.36900 + L_Nrml: 0.00000 + L_Eknl: 4.23145 + L_Div: 0.00000 + L_Morse: 0.28319
Epoch: 0 [7560/10000 (76%)] Unweighted L_s : L_Mnfld: 0.00080,  L_NonMnfld: 0.02228,  L_Nrml: 0.00000,  L_Eknl: 0.08463, L_Morse: 2.83187

Weights: [7000.0, 600.0, 0, 50.0, 0.0, 0.1], lr=5.000e-05
Epoch: 0 [7570/10000 (76%)] Loss: 24.00401 = L_Mnfld: 6.19942 + L_NonMnfld: 13.26762 + L_Nrml: 0.00000 + L_Eknl: 4.24304 + L_Div: 0.00000 + L_Morse: 0.29393
Epoch: 0 [7570/10000 (76%)] Unweighted L_s : L_Mnfld: 0.00089,  L_NonMnfld: 0.02211,  L_Nrml: 0.00000,  L_Eknl: 0.08486, L_Morse: 2.93933

Weights: [7000.0, 600.0, 0, 50.0, 0.0, 0.1], lr=5.000e-05
Epoch: 0 [7580/10000 (76%)] Loss: 22.77011 = L_Mnfld: 5.80296 + L_NonMnfld: 12.39326 + L_Nrml: 0.00000 + L_Eknl: 4.27765 + L_Div: 0.00000 + L_Morse: 0.29625
Epoch: 0 [7580/10000 (76%)] Unweighted L_s : L_Mnfld: 0.00083,  L_NonMnfld: 0.02066,  L_Nrml: 0.00000,  L_Eknl: 0.08555, L_Morse: 2.96246

Weights: [7000.0, 600.0, 0, 50.0, 0.0, 0.1], lr=5.000e-05
Epoch: 0 [7590/10000 (76%)] Loss: 22.33179 = L_Mnfld: 5.40494 + L_NonMnfld: 12.38894 + L_Nrml: 0.00000 + L_Eknl: 4.24869 + L_Div: 0.00000 + L_Morse: 0.28922
Epoch: 0 [7590/10000 (76%)] Unweighted L_s : L_Mnfld: 0.00077,  L_NonMnfld: 0.02065,  L_Nrml: 0.00000,  L_Eknl: 0.08497, L_Morse: 2.89216

Weights: [7000.0, 600.0, 0, 50.0, 0.0, 0.1], lr=5.000e-05
Epoch: 0 [7600/10000 (76%)] Loss: 23.85825 = L_Mnfld: 6.06844 + L_NonMnfld: 13.32427 + L_Nrml: 0.00000 + L_Eknl: 4.19082 + L_Div: 0.00000 + L_Morse: 0.27473
Epoch: 0 [7600/10000 (76%)] Unweighted L_s : L_Mnfld: 0.00087,  L_NonMnfld: 0.02221,  L_Nrml: 0.00000,  L_Eknl: 0.08382, L_Morse: 2.74729

Weights: [7000.0, 600.0, 0, 50.0, 0.0, 0.1], lr=5.000e-05
Epoch: 0 [7610/10000 (76%)] Loss: 24.37024 = L_Mnfld: 6.04546 + L_NonMnfld: 13.78002 + L_Nrml: 0.00000 + L_Eknl: 4.24629 + L_Div: 0.00000 + L_Morse: 0.29847
Epoch: 0 [7610/10000 (76%)] Unweighted L_s : L_Mnfld: 0.00086,  L_NonMnfld: 0.02297,  L_Nrml: 0.00000,  L_Eknl: 0.08493, L_Morse: 2.98470

Weights: [7000.0, 600.0, 0, 50.0, 0.0, 0.1], lr=5.000e-05
Epoch: 0 [7620/10000 (76%)] Loss: 22.81751 = L_Mnfld: 5.84209 + L_NonMnfld: 12.46923 + L_Nrml: 0.00000 + L_Eknl: 4.24160 + L_Div: 0.00000 + L_Morse: 0.26460
Epoch: 0 [7620/10000 (76%)] Unweighted L_s : L_Mnfld: 0.00083,  L_NonMnfld: 0.02078,  L_Nrml: 0.00000,  L_Eknl: 0.08483, L_Morse: 2.64601

Weights: [7000.0, 600.0, 0, 50.0, 0.0, 0.1], lr=5.000e-05
Epoch: 0 [7630/10000 (76%)] Loss: 23.61816 = L_Mnfld: 6.27299 + L_NonMnfld: 12.86689 + L_Nrml: 0.00000 + L_Eknl: 4.18899 + L_Div: 0.00000 + L_Morse: 0.28929
Epoch: 0 [7630/10000 (76%)] Unweighted L_s : L_Mnfld: 0.00090,  L_NonMnfld: 0.02144,  L_Nrml: 0.00000,  L_Eknl: 0.08378, L_Morse: 2.89288

Weights: [7000.0, 600.0, 0, 50.0, 0.0, 0.1], lr=5.000e-05
Epoch: 0 [7640/10000 (76%)] Loss: 22.02209 = L_Mnfld: 5.22251 + L_NonMnfld: 12.28470 + L_Nrml: 0.00000 + L_Eknl: 4.22733 + L_Div: 0.00000 + L_Morse: 0.28755
Epoch: 0 [7640/10000 (76%)] Unweighted L_s : L_Mnfld: 0.00075,  L_NonMnfld: 0.02047,  L_Nrml: 0.00000,  L_Eknl: 0.08455, L_Morse: 2.87553

Weights: [7000.0, 600.0, 0, 50.0, 0.0, 0.1], lr=5.000e-05
Epoch: 0 [7650/10000 (76%)] Loss: 21.89778 = L_Mnfld: 4.92144 + L_NonMnfld: 12.26041 + L_Nrml: 0.00000 + L_Eknl: 4.43008 + L_Div: 0.00000 + L_Morse: 0.28585
Epoch: 0 [7650/10000 (76%)] Unweighted L_s : L_Mnfld: 0.00070,  L_NonMnfld: 0.02043,  L_Nrml: 0.00000,  L_Eknl: 0.08860, L_Morse: 2.85845

Weights: [7000.0, 600.0, 0, 50.0, 0.0, 0.1], lr=5.000e-05
Epoch: 0 [7660/10000 (77%)] Loss: 23.13849 = L_Mnfld: 6.19438 + L_NonMnfld: 12.07715 + L_Nrml: 0.00000 + L_Eknl: 4.57786 + L_Div: 0.00000 + L_Morse: 0.28910
Epoch: 0 [7660/10000 (77%)] Unweighted L_s : L_Mnfld: 0.00088,  L_NonMnfld: 0.02013,  L_Nrml: 0.00000,  L_Eknl: 0.09156, L_Morse: 2.89096

Weights: [7000.0, 600.0, 0, 50.0, 0.0, 0.1], lr=5.000e-05
Epoch: 0 [7670/10000 (77%)] Loss: 24.86679 = L_Mnfld: 6.66913 + L_NonMnfld: 13.44220 + L_Nrml: 0.00000 + L_Eknl: 4.46622 + L_Div: 0.00000 + L_Morse: 0.28925
Epoch: 0 [7670/10000 (77%)] Unweighted L_s : L_Mnfld: 0.00095,  L_NonMnfld: 0.02240,  L_Nrml: 0.00000,  L_Eknl: 0.08932, L_Morse: 2.89249

Weights: [7000.0, 600.0, 0, 50.0, 0.0, 0.1], lr=5.000e-05
Epoch: 0 [7680/10000 (77%)] Loss: 22.55567 = L_Mnfld: 5.44622 + L_NonMnfld: 12.50796 + L_Nrml: 0.00000 + L_Eknl: 4.31724 + L_Div: 0.00000 + L_Morse: 0.28425
Epoch: 0 [7680/10000 (77%)] Unweighted L_s : L_Mnfld: 0.00078,  L_NonMnfld: 0.02085,  L_Nrml: 0.00000,  L_Eknl: 0.08634, L_Morse: 2.84249

Weights: [7000.0, 600.0, 0, 50.0, 0.0, 0.1], lr=5.000e-05
Epoch: 0 [7690/10000 (77%)] Loss: 23.28007 = L_Mnfld: 6.32414 + L_NonMnfld: 12.26586 + L_Nrml: 0.00000 + L_Eknl: 4.38731 + L_Div: 0.00000 + L_Morse: 0.30276
Epoch: 0 [7690/10000 (77%)] Unweighted L_s : L_Mnfld: 0.00090,  L_NonMnfld: 0.02044,  L_Nrml: 0.00000,  L_Eknl: 0.08775, L_Morse: 3.02757

Weights: [7000.0, 600.0, 0, 50.0, 0.0, 0.1], lr=5.000e-05
Epoch: 0 [7700/10000 (77%)] Loss: 22.35160 = L_Mnfld: 5.58052 + L_NonMnfld: 12.20513 + L_Nrml: 0.00000 + L_Eknl: 4.28001 + L_Div: 0.00000 + L_Morse: 0.28593
Epoch: 0 [7700/10000 (77%)] Unweighted L_s : L_Mnfld: 0.00080,  L_NonMnfld: 0.02034,  L_Nrml: 0.00000,  L_Eknl: 0.08560, L_Morse: 2.85935

Weights: [7000.0, 600.0, 0, 50.0, 0.0, 0.1], lr=5.000e-05
Epoch: 0 [7710/10000 (77%)] Loss: 23.11912 = L_Mnfld: 5.01399 + L_NonMnfld: 13.61752 + L_Nrml: 0.00000 + L_Eknl: 4.19661 + L_Div: 0.00000 + L_Morse: 0.29100
Epoch: 0 [7710/10000 (77%)] Unweighted L_s : L_Mnfld: 0.00072,  L_NonMnfld: 0.02270,  L_Nrml: 0.00000,  L_Eknl: 0.08393, L_Morse: 2.90999

Weights: [7000.0, 600.0, 0, 50.0, 0.0, 0.1], lr=5.000e-05
Epoch: 0 [7720/10000 (77%)] Loss: 21.85474 = L_Mnfld: 5.87396 + L_NonMnfld: 11.57884 + L_Nrml: 0.00000 + L_Eknl: 4.12151 + L_Div: 0.00000 + L_Morse: 0.28044
Epoch: 0 [7720/10000 (77%)] Unweighted L_s : L_Mnfld: 0.00084,  L_NonMnfld: 0.01930,  L_Nrml: 0.00000,  L_Eknl: 0.08243, L_Morse: 2.80438

Weights: [7000.0, 600.0, 0, 50.0, 0.0, 0.1], lr=5.000e-05
Epoch: 0 [7730/10000 (77%)] Loss: 21.80527 = L_Mnfld: 5.17387 + L_NonMnfld: 12.19273 + L_Nrml: 0.00000 + L_Eknl: 4.13672 + L_Div: 0.00000 + L_Morse: 0.30195
Epoch: 0 [7730/10000 (77%)] Unweighted L_s : L_Mnfld: 0.00074,  L_NonMnfld: 0.02032,  L_Nrml: 0.00000,  L_Eknl: 0.08273, L_Morse: 3.01951

Weights: [7000.0, 600.0, 0, 50.0, 0.0, 0.1], lr=5.000e-05
Epoch: 0 [7740/10000 (77%)] Loss: 23.08448 = L_Mnfld: 5.35381 + L_NonMnfld: 13.34912 + L_Nrml: 0.00000 + L_Eknl: 4.09525 + L_Div: 0.00000 + L_Morse: 0.28630
Epoch: 0 [7740/10000 (77%)] Unweighted L_s : L_Mnfld: 0.00076,  L_NonMnfld: 0.02225,  L_Nrml: 0.00000,  L_Eknl: 0.08191, L_Morse: 2.86296

Weights: [7000.0, 600.0, 0, 50.0, 0.0, 0.1], lr=5.000e-05
Epoch: 0 [7750/10000 (78%)] Loss: 22.93051 = L_Mnfld: 5.87044 + L_NonMnfld: 12.23860 + L_Nrml: 0.00000 + L_Eknl: 4.51896 + L_Div: 0.00000 + L_Morse: 0.30251
Epoch: 0 [7750/10000 (78%)] Unweighted L_s : L_Mnfld: 0.00084,  L_NonMnfld: 0.02040,  L_Nrml: 0.00000,  L_Eknl: 0.09038, L_Morse: 3.02506

Weights: [7000.0, 600.0, 0, 50.0, 0.0, 0.1], lr=5.000e-05
Epoch: 0 [7760/10000 (78%)] Loss: 23.22773 = L_Mnfld: 5.38250 + L_NonMnfld: 13.35107 + L_Nrml: 0.00000 + L_Eknl: 4.20795 + L_Div: 0.00000 + L_Morse: 0.28621
Epoch: 0 [7760/10000 (78%)] Unweighted L_s : L_Mnfld: 0.00077,  L_NonMnfld: 0.02225,  L_Nrml: 0.00000,  L_Eknl: 0.08416, L_Morse: 2.86210

Weights: [7000.0, 600.0, 0, 50.0, 0.0, 0.1], lr=5.000e-05
Epoch: 0 [7770/10000 (78%)] Loss: 22.52811 = L_Mnfld: 5.76207 + L_NonMnfld: 12.36678 + L_Nrml: 0.00000 + L_Eknl: 4.11582 + L_Div: 0.00000 + L_Morse: 0.28345
Epoch: 0 [7770/10000 (78%)] Unweighted L_s : L_Mnfld: 0.00082,  L_NonMnfld: 0.02061,  L_Nrml: 0.00000,  L_Eknl: 0.08232, L_Morse: 2.83452

Weights: [7000.0, 600.0, 0, 50.0, 0.0, 0.1], lr=5.000e-05
Epoch: 0 [7780/10000 (78%)] Loss: 21.85566 = L_Mnfld: 5.08717 + L_NonMnfld: 12.24679 + L_Nrml: 0.00000 + L_Eknl: 4.25171 + L_Div: 0.00000 + L_Morse: 0.26999
Epoch: 0 [7780/10000 (78%)] Unweighted L_s : L_Mnfld: 0.00073,  L_NonMnfld: 0.02041,  L_Nrml: 0.00000,  L_Eknl: 0.08503, L_Morse: 2.69989

Weights: [7000.0, 600.0, 0, 50.0, 0.0, 0.1], lr=5.000e-05
Epoch: 0 [7790/10000 (78%)] Loss: 22.92061 = L_Mnfld: 6.04186 + L_NonMnfld: 11.92106 + L_Nrml: 0.00000 + L_Eknl: 4.67175 + L_Div: 0.00000 + L_Morse: 0.28594
Epoch: 0 [7790/10000 (78%)] Unweighted L_s : L_Mnfld: 0.00086,  L_NonMnfld: 0.01987,  L_Nrml: 0.00000,  L_Eknl: 0.09343, L_Morse: 2.85944

Weights: [7000.0, 600.0, 0, 50.0, 0.0, 0.1], lr=5.000e-05
Epoch: 0 [7800/10000 (78%)] Loss: 23.22503 = L_Mnfld: 5.95571 + L_NonMnfld: 12.70310 + L_Nrml: 0.00000 + L_Eknl: 4.27437 + L_Div: 0.00000 + L_Morse: 0.29186
Epoch: 0 [7800/10000 (78%)] Unweighted L_s : L_Mnfld: 0.00085,  L_NonMnfld: 0.02117,  L_Nrml: 0.00000,  L_Eknl: 0.08549, L_Morse: 2.91861

Weights: [7000.0, 600.0, 0, 50.0, 0.0, 0.1], lr=5.000e-05
Epoch: 0 [7810/10000 (78%)] Loss: 24.97371 = L_Mnfld: 6.07187 + L_NonMnfld: 14.13236 + L_Nrml: 0.00000 + L_Eknl: 4.47260 + L_Div: 0.00000 + L_Morse: 0.29688
Epoch: 0 [7810/10000 (78%)] Unweighted L_s : L_Mnfld: 0.00087,  L_NonMnfld: 0.02355,  L_Nrml: 0.00000,  L_Eknl: 0.08945, L_Morse: 2.96882

Weights: [7000.0, 600.0, 0, 50.0, 0.0, 0.1], lr=5.000e-05
Epoch: 0 [7820/10000 (78%)] Loss: 23.09290 = L_Mnfld: 6.25142 + L_NonMnfld: 12.34926 + L_Nrml: 0.00000 + L_Eknl: 4.21483 + L_Div: 0.00000 + L_Morse: 0.27738
Epoch: 0 [7820/10000 (78%)] Unweighted L_s : L_Mnfld: 0.00089,  L_NonMnfld: 0.02058,  L_Nrml: 0.00000,  L_Eknl: 0.08430, L_Morse: 2.77385

Weights: [7000.0, 600.0, 0, 50.0, 0.0, 0.1], lr=5.000e-05
Epoch: 0 [7830/10000 (78%)] Loss: 23.71009 = L_Mnfld: 6.14961 + L_NonMnfld: 12.73727 + L_Nrml: 0.00000 + L_Eknl: 4.53901 + L_Div: 0.00000 + L_Morse: 0.28421
Epoch: 0 [7830/10000 (78%)] Unweighted L_s : L_Mnfld: 0.00088,  L_NonMnfld: 0.02123,  L_Nrml: 0.00000,  L_Eknl: 0.09078, L_Morse: 2.84214

Weights: [7000.0, 600.0, 0, 50.0, 0.0, 0.1], lr=5.000e-05
Epoch: 0 [7840/10000 (78%)] Loss: 22.27044 = L_Mnfld: 5.52598 + L_NonMnfld: 12.27390 + L_Nrml: 0.00000 + L_Eknl: 4.16935 + L_Div: 0.00000 + L_Morse: 0.30122
Epoch: 0 [7840/10000 (78%)] Unweighted L_s : L_Mnfld: 0.00079,  L_NonMnfld: 0.02046,  L_Nrml: 0.00000,  L_Eknl: 0.08339, L_Morse: 3.01220

Weights: [7000.0, 600.0, 0, 50.0, 0.0, 0.1], lr=5.000e-05
Epoch: 0 [7850/10000 (78%)] Loss: 24.20031 = L_Mnfld: 6.42289 + L_NonMnfld: 13.18495 + L_Nrml: 0.00000 + L_Eknl: 4.31204 + L_Div: 0.00000 + L_Morse: 0.28042
Epoch: 0 [7850/10000 (78%)] Unweighted L_s : L_Mnfld: 0.00092,  L_NonMnfld: 0.02197,  L_Nrml: 0.00000,  L_Eknl: 0.08624, L_Morse: 2.80422

Weights: [7000.0, 600.0, 0, 50.0, 0.0, 0.1], lr=5.000e-05
Epoch: 0 [7860/10000 (79%)] Loss: 25.74227 = L_Mnfld: 5.81799 + L_NonMnfld: 15.33857 + L_Nrml: 0.00000 + L_Eknl: 4.30317 + L_Div: 0.00000 + L_Morse: 0.28255
Epoch: 0 [7860/10000 (79%)] Unweighted L_s : L_Mnfld: 0.00083,  L_NonMnfld: 0.02556,  L_Nrml: 0.00000,  L_Eknl: 0.08606, L_Morse: 2.82546

Weights: [7000.0, 600.0, 0, 50.0, 0.0, 0.1], lr=5.000e-05
Epoch: 0 [7870/10000 (79%)] Loss: 22.75102 = L_Mnfld: 6.36589 + L_NonMnfld: 11.75843 + L_Nrml: 0.00000 + L_Eknl: 4.33143 + L_Div: 0.00000 + L_Morse: 0.29528
Epoch: 0 [7870/10000 (79%)] Unweighted L_s : L_Mnfld: 0.00091,  L_NonMnfld: 0.01960,  L_Nrml: 0.00000,  L_Eknl: 0.08663, L_Morse: 2.95278

Weights: [7000.0, 600.0, 0, 50.0, 0.0, 0.1], lr=5.000e-05
Epoch: 0 [7880/10000 (79%)] Loss: 23.35831 = L_Mnfld: 6.12306 + L_NonMnfld: 12.76880 + L_Nrml: 0.00000 + L_Eknl: 4.18820 + L_Div: 0.00000 + L_Morse: 0.27826
Epoch: 0 [7880/10000 (79%)] Unweighted L_s : L_Mnfld: 0.00087,  L_NonMnfld: 0.02128,  L_Nrml: 0.00000,  L_Eknl: 0.08376, L_Morse: 2.78260

Weights: [7000.0, 600.0, 0, 50.0, 0.0, 0.1], lr=5.000e-05
Epoch: 0 [7890/10000 (79%)] Loss: 23.54706 = L_Mnfld: 5.55816 + L_NonMnfld: 13.41334 + L_Nrml: 0.00000 + L_Eknl: 4.28944 + L_Div: 0.00000 + L_Morse: 0.28611
Epoch: 0 [7890/10000 (79%)] Unweighted L_s : L_Mnfld: 0.00079,  L_NonMnfld: 0.02236,  L_Nrml: 0.00000,  L_Eknl: 0.08579, L_Morse: 2.86110

Weights: [7000.0, 600.0, 0, 50.0, 0.0, 0.1], lr=5.000e-05
Epoch: 0 [7900/10000 (79%)] Loss: 24.63562 = L_Mnfld: 6.34966 + L_NonMnfld: 13.44291 + L_Nrml: 0.00000 + L_Eknl: 4.56827 + L_Div: 0.00000 + L_Morse: 0.27479
Epoch: 0 [7900/10000 (79%)] Unweighted L_s : L_Mnfld: 0.00091,  L_NonMnfld: 0.02240,  L_Nrml: 0.00000,  L_Eknl: 0.09137, L_Morse: 2.74785

Weights: [7000.0, 600.0, 0, 50.0, 0.0, 0.1], lr=5.000e-05
Epoch: 0 [7910/10000 (79%)] Loss: 24.81681 = L_Mnfld: 6.97001 + L_NonMnfld: 13.29249 + L_Nrml: 0.00000 + L_Eknl: 4.25491 + L_Div: 0.00000 + L_Morse: 0.29941
Epoch: 0 [7910/10000 (79%)] Unweighted L_s : L_Mnfld: 0.00100,  L_NonMnfld: 0.02215,  L_Nrml: 0.00000,  L_Eknl: 0.08510, L_Morse: 2.99409

Weights: [7000.0, 600.0, 0, 50.0, 0.0, 0.1], lr=5.000e-05
Epoch: 0 [7920/10000 (79%)] Loss: 21.84057 = L_Mnfld: 5.81267 + L_NonMnfld: 11.44797 + L_Nrml: 0.00000 + L_Eknl: 4.26756 + L_Div: 0.00000 + L_Morse: 0.31237
Epoch: 0 [7920/10000 (79%)] Unweighted L_s : L_Mnfld: 0.00083,  L_NonMnfld: 0.01908,  L_Nrml: 0.00000,  L_Eknl: 0.08535, L_Morse: 3.12371

Weights: [7000.0, 600.0, 0, 50.0, 0.0, 0.1], lr=5.000e-05
Epoch: 0 [7930/10000 (79%)] Loss: 21.24516 = L_Mnfld: 5.02471 + L_NonMnfld: 11.66254 + L_Nrml: 0.00000 + L_Eknl: 4.27390 + L_Div: 0.00000 + L_Morse: 0.28402
Epoch: 0 [7930/10000 (79%)] Unweighted L_s : L_Mnfld: 0.00072,  L_NonMnfld: 0.01944,  L_Nrml: 0.00000,  L_Eknl: 0.08548, L_Morse: 2.84020

Weights: [7000.0, 600.0, 0, 50.0, 0.0, 0.1], lr=5.000e-05
Epoch: 0 [7940/10000 (79%)] Loss: 22.42810 = L_Mnfld: 5.45204 + L_NonMnfld: 12.58591 + L_Nrml: 0.00000 + L_Eknl: 4.11488 + L_Div: 0.00000 + L_Morse: 0.27527
Epoch: 0 [7940/10000 (79%)] Unweighted L_s : L_Mnfld: 0.00078,  L_NonMnfld: 0.02098,  L_Nrml: 0.00000,  L_Eknl: 0.08230, L_Morse: 2.75275

Weights: [7000.0, 600.0, 0, 50.0, 0.0, 0.1], lr=5.000e-05
Epoch: 0 [7950/10000 (80%)] Loss: 23.28671 = L_Mnfld: 5.46204 + L_NonMnfld: 13.43902 + L_Nrml: 0.00000 + L_Eknl: 4.10303 + L_Div: 0.00000 + L_Morse: 0.28262
Epoch: 0 [7950/10000 (80%)] Unweighted L_s : L_Mnfld: 0.00078,  L_NonMnfld: 0.02240,  L_Nrml: 0.00000,  L_Eknl: 0.08206, L_Morse: 2.82617

Weights: [7000.0, 600.0, 0, 50.0, 0.0, 0.1], lr=5.000e-05
Epoch: 0 [7960/10000 (80%)] Loss: 22.22432 = L_Mnfld: 4.86310 + L_NonMnfld: 13.04594 + L_Nrml: 0.00000 + L_Eknl: 4.04093 + L_Div: 0.00000 + L_Morse: 0.27436
Epoch: 0 [7960/10000 (80%)] Unweighted L_s : L_Mnfld: 0.00069,  L_NonMnfld: 0.02174,  L_Nrml: 0.00000,  L_Eknl: 0.08082, L_Morse: 2.74356

Weights: [7000.0, 600.0, 0, 50.0, 0.0, 0.1], lr=5.000e-05
Epoch: 0 [7970/10000 (80%)] Loss: 22.50739 = L_Mnfld: 5.77373 + L_NonMnfld: 12.28269 + L_Nrml: 0.00000 + L_Eknl: 4.14853 + L_Div: 0.00000 + L_Morse: 0.30244
Epoch: 0 [7970/10000 (80%)] Unweighted L_s : L_Mnfld: 0.00082,  L_NonMnfld: 0.02047,  L_Nrml: 0.00000,  L_Eknl: 0.08297, L_Morse: 3.02436

Weights: [7000.0, 600.0, 0, 50.0, 0.0, 0.1], lr=5.000e-05
Epoch: 0 [7980/10000 (80%)] Loss: 23.34143 = L_Mnfld: 5.55301 + L_NonMnfld: 13.33030 + L_Nrml: 0.00000 + L_Eknl: 4.17412 + L_Div: 0.00000 + L_Morse: 0.28399
Epoch: 0 [7980/10000 (80%)] Unweighted L_s : L_Mnfld: 0.00079,  L_NonMnfld: 0.02222,  L_Nrml: 0.00000,  L_Eknl: 0.08348, L_Morse: 2.83994

Weights: [7000.0, 600.0, 0, 50.0, 0.0, 0.1], lr=5.000e-05
Epoch: 0 [7990/10000 (80%)] Loss: 22.12322 = L_Mnfld: 5.55293 + L_NonMnfld: 12.05736 + L_Nrml: 0.00000 + L_Eknl: 4.23573 + L_Div: 0.00000 + L_Morse: 0.27720
Epoch: 0 [7990/10000 (80%)] Unweighted L_s : L_Mnfld: 0.00079,  L_NonMnfld: 0.02010,  L_Nrml: 0.00000,  L_Eknl: 0.08471, L_Morse: 2.77201

Weights: [7000.0, 600.0, 0, 50.0, 0.0, 0.1], lr=5.000e-05
Epoch: 0 [8000/10000 (80%)] Loss: 22.72447 = L_Mnfld: 5.50556 + L_NonMnfld: 12.69914 + L_Nrml: 0.00000 + L_Eknl: 4.23435 + L_Div: 0.00000 + L_Morse: 0.28541
Epoch: 0 [8000/10000 (80%)] Unweighted L_s : L_Mnfld: 0.00079,  L_NonMnfld: 0.02117,  L_Nrml: 0.00000,  L_Eknl: 0.08469, L_Morse: 2.85415

Weights: [7000.0, 600.0, 0, 50.0, 0.0, 0.1], lr=5.000e-05
Epoch: 0 [8010/10000 (80%)] Loss: 23.08097 = L_Mnfld: 5.41115 + L_NonMnfld: 13.28859 + L_Nrml: 0.00000 + L_Eknl: 4.09652 + L_Div: 0.00000 + L_Morse: 0.28471
Epoch: 0 [8010/10000 (80%)] Unweighted L_s : L_Mnfld: 0.00077,  L_NonMnfld: 0.02215,  L_Nrml: 0.00000,  L_Eknl: 0.08193, L_Morse: 2.84706

Weights: [7000.0, 600.0, 0, 50.0, 0.0, 0.1], lr=5.000e-05
Epoch: 0 [8020/10000 (80%)] Loss: 24.29788 = L_Mnfld: 6.01919 + L_NonMnfld: 13.88475 + L_Nrml: 0.00000 + L_Eknl: 4.11834 + L_Div: 0.00000 + L_Morse: 0.27560
Epoch: 0 [8020/10000 (80%)] Unweighted L_s : L_Mnfld: 0.00086,  L_NonMnfld: 0.02314,  L_Nrml: 0.00000,  L_Eknl: 0.08237, L_Morse: 2.75600

Weights: [7000.0, 600.0, 0, 50.0, 0.0, 0.1], lr=5.000e-05
Epoch: 0 [8030/10000 (80%)] Loss: 23.75368 = L_Mnfld: 6.45804 + L_NonMnfld: 12.55066 + L_Nrml: 0.00000 + L_Eknl: 4.47027 + L_Div: 0.00000 + L_Morse: 0.27471
Epoch: 0 [8030/10000 (80%)] Unweighted L_s : L_Mnfld: 0.00092,  L_NonMnfld: 0.02092,  L_Nrml: 0.00000,  L_Eknl: 0.08941, L_Morse: 2.74707

Weights: [7000.0, 600.0, 0, 50.0, 0.0, 0.1], lr=5.000e-05
Epoch: 0 [8040/10000 (80%)] Loss: 24.31282 = L_Mnfld: 5.76993 + L_NonMnfld: 13.68181 + L_Nrml: 0.00000 + L_Eknl: 4.57809 + L_Div: 0.00000 + L_Morse: 0.28298
Epoch: 0 [8040/10000 (80%)] Unweighted L_s : L_Mnfld: 0.00082,  L_NonMnfld: 0.02280,  L_Nrml: 0.00000,  L_Eknl: 0.09156, L_Morse: 2.82984

Weights: [7000.0, 600.0, 0, 50.0, 0.0, 0.1], lr=5.000e-05
Epoch: 0 [8050/10000 (80%)] Loss: 24.14025 = L_Mnfld: 6.80729 + L_NonMnfld: 12.59903 + L_Nrml: 0.00000 + L_Eknl: 4.44954 + L_Div: 0.00000 + L_Morse: 0.28438
Epoch: 0 [8050/10000 (80%)] Unweighted L_s : L_Mnfld: 0.00097,  L_NonMnfld: 0.02100,  L_Nrml: 0.00000,  L_Eknl: 0.08899, L_Morse: 2.84382

Weights: [7000.0, 600.0, 0, 50.0, 0.0, 0.1], lr=5.000e-05
Epoch: 0 [8060/10000 (81%)] Loss: 23.79551 = L_Mnfld: 6.76846 + L_NonMnfld: 12.11386 + L_Nrml: 0.00000 + L_Eknl: 4.62125 + L_Div: 0.00000 + L_Morse: 0.29194
Epoch: 0 [8060/10000 (81%)] Unweighted L_s : L_Mnfld: 0.00097,  L_NonMnfld: 0.02019,  L_Nrml: 0.00000,  L_Eknl: 0.09243, L_Morse: 2.91936

Weights: [7000.0, 600.0, 0, 50.0, 0.0, 0.1], lr=5.000e-05
Epoch: 0 [8070/10000 (81%)] Loss: 23.72031 = L_Mnfld: 6.68466 + L_NonMnfld: 12.23725 + L_Nrml: 0.00000 + L_Eknl: 4.49667 + L_Div: 0.00000 + L_Morse: 0.30173
Epoch: 0 [8070/10000 (81%)] Unweighted L_s : L_Mnfld: 0.00095,  L_NonMnfld: 0.02040,  L_Nrml: 0.00000,  L_Eknl: 0.08993, L_Morse: 3.01729

Weights: [7000.0, 600.0, 0, 50.0, 0.0, 0.1], lr=5.000e-05
Epoch: 0 [8080/10000 (81%)] Loss: 25.28279 = L_Mnfld: 6.95815 + L_NonMnfld: 13.43161 + L_Nrml: 0.00000 + L_Eknl: 4.59535 + L_Div: 0.00000 + L_Morse: 0.29767
Epoch: 0 [8080/10000 (81%)] Unweighted L_s : L_Mnfld: 0.00099,  L_NonMnfld: 0.02239,  L_Nrml: 0.00000,  L_Eknl: 0.09191, L_Morse: 2.97672

Weights: [7000.0, 600.0, 0, 50.0, 0.0, 0.1], lr=5.000e-05
Epoch: 0 [8090/10000 (81%)] Loss: 23.20640 = L_Mnfld: 6.11781 + L_NonMnfld: 12.39645 + L_Nrml: 0.00000 + L_Eknl: 4.39289 + L_Div: 0.00000 + L_Morse: 0.29925
Epoch: 0 [8090/10000 (81%)] Unweighted L_s : L_Mnfld: 0.00087,  L_NonMnfld: 0.02066,  L_Nrml: 0.00000,  L_Eknl: 0.08786, L_Morse: 2.99247

Weights: [7000.0, 600.0, 0, 50.0, 0.0, 0.1], lr=5.000e-05
Epoch: 0 [8100/10000 (81%)] Loss: 25.14415 = L_Mnfld: 7.30775 + L_NonMnfld: 12.35932 + L_Nrml: 0.00000 + L_Eknl: 5.19050 + L_Div: 0.00000 + L_Morse: 0.28658
Epoch: 0 [8100/10000 (81%)] Unweighted L_s : L_Mnfld: 0.00104,  L_NonMnfld: 0.02060,  L_Nrml: 0.00000,  L_Eknl: 0.10381, L_Morse: 2.86580

Weights: [7000.0, 600.0, 0, 50.0, 0.0, 0.1], lr=5.000e-05
Epoch: 0 [8110/10000 (81%)] Loss: 22.95279 = L_Mnfld: 6.21886 + L_NonMnfld: 12.04153 + L_Nrml: 0.00000 + L_Eknl: 4.39846 + L_Div: 0.00000 + L_Morse: 0.29394
Epoch: 0 [8110/10000 (81%)] Unweighted L_s : L_Mnfld: 0.00089,  L_NonMnfld: 0.02007,  L_Nrml: 0.00000,  L_Eknl: 0.08797, L_Morse: 2.93944

Weights: [7000.0, 600.0, 0, 50.0, 0.0, 0.1], lr=5.000e-05
Epoch: 0 [8120/10000 (81%)] Loss: 24.09887 = L_Mnfld: 6.16226 + L_NonMnfld: 13.23049 + L_Nrml: 0.00000 + L_Eknl: 4.41075 + L_Div: 0.00000 + L_Morse: 0.29536
Epoch: 0 [8120/10000 (81%)] Unweighted L_s : L_Mnfld: 0.00088,  L_NonMnfld: 0.02205,  L_Nrml: 0.00000,  L_Eknl: 0.08821, L_Morse: 2.95364

Weights: [7000.0, 600.0, 0, 50.0, 0.0, 0.1], lr=5.000e-05
Epoch: 0 [8130/10000 (81%)] Loss: 22.74497 = L_Mnfld: 5.90044 + L_NonMnfld: 12.19381 + L_Nrml: 0.00000 + L_Eknl: 4.35580 + L_Div: 0.00000 + L_Morse: 0.29493
Epoch: 0 [8130/10000 (81%)] Unweighted L_s : L_Mnfld: 0.00084,  L_NonMnfld: 0.02032,  L_Nrml: 0.00000,  L_Eknl: 0.08712, L_Morse: 2.94931

Weights: [7000.0, 600.0, 0, 50.0, 0.0, 0.1], lr=5.000e-05
Epoch: 0 [8140/10000 (81%)] Loss: 24.22508 = L_Mnfld: 6.57446 + L_NonMnfld: 12.75024 + L_Nrml: 0.00000 + L_Eknl: 4.59930 + L_Div: 0.00000 + L_Morse: 0.30108
Epoch: 0 [8140/10000 (81%)] Unweighted L_s : L_Mnfld: 0.00094,  L_NonMnfld: 0.02125,  L_Nrml: 0.00000,  L_Eknl: 0.09199, L_Morse: 3.01076

Weights: [7000.0, 600.0, 0, 50.0, 0.0, 0.1], lr=5.000e-05
Epoch: 0 [8150/10000 (82%)] Loss: 24.26317 = L_Mnfld: 5.61103 + L_NonMnfld: 14.01746 + L_Nrml: 0.00000 + L_Eknl: 4.33629 + L_Div: 0.00000 + L_Morse: 0.29839
Epoch: 0 [8150/10000 (82%)] Unweighted L_s : L_Mnfld: 0.00080,  L_NonMnfld: 0.02336,  L_Nrml: 0.00000,  L_Eknl: 0.08673, L_Morse: 2.98387

Weights: [7000.0, 600.0, 0, 50.0, 0.0, 0.1], lr=5.000e-05
Epoch: 0 [8160/10000 (82%)] Loss: 23.89084 = L_Mnfld: 6.15492 + L_NonMnfld: 13.38335 + L_Nrml: 0.00000 + L_Eknl: 4.06839 + L_Div: 0.00000 + L_Morse: 0.28419
Epoch: 0 [8160/10000 (82%)] Unweighted L_s : L_Mnfld: 0.00088,  L_NonMnfld: 0.02231,  L_Nrml: 0.00000,  L_Eknl: 0.08137, L_Morse: 2.84190

Weights: [7000.0, 600.0, 0, 50.0, 0.0, 0.1], lr=5.000e-05
Epoch: 0 [8170/10000 (82%)] Loss: 22.85064 = L_Mnfld: 5.86246 + L_NonMnfld: 12.30440 + L_Nrml: 0.00000 + L_Eknl: 4.38002 + L_Div: 0.00000 + L_Morse: 0.30376
Epoch: 0 [8170/10000 (82%)] Unweighted L_s : L_Mnfld: 0.00084,  L_NonMnfld: 0.02051,  L_Nrml: 0.00000,  L_Eknl: 0.08760, L_Morse: 3.03757

Weights: [7000.0, 600.0, 0, 50.0, 0.0, 0.1], lr=5.000e-05
Epoch: 0 [8180/10000 (82%)] Loss: 21.97048 = L_Mnfld: 5.44756 + L_NonMnfld: 12.11145 + L_Nrml: 0.00000 + L_Eknl: 4.11426 + L_Div: 0.00000 + L_Morse: 0.29721
Epoch: 0 [8180/10000 (82%)] Unweighted L_s : L_Mnfld: 0.00078,  L_NonMnfld: 0.02019,  L_Nrml: 0.00000,  L_Eknl: 0.08229, L_Morse: 2.97211

Weights: [7000.0, 600.0, 0, 50.0, 0.0, 0.1], lr=5.000e-05
Epoch: 0 [8190/10000 (82%)] Loss: 23.86507 = L_Mnfld: 5.55402 + L_NonMnfld: 13.81674 + L_Nrml: 0.00000 + L_Eknl: 4.20375 + L_Div: 0.00000 + L_Morse: 0.29056
Epoch: 0 [8190/10000 (82%)] Unweighted L_s : L_Mnfld: 0.00079,  L_NonMnfld: 0.02303,  L_Nrml: 0.00000,  L_Eknl: 0.08407, L_Morse: 2.90560

Weights: [7000.0, 600.0, 0, 50.0, 0.0, 0.1], lr=5.000e-05
Epoch: 0 [8200/10000 (82%)] Loss: 22.26931 = L_Mnfld: 4.95026 + L_NonMnfld: 12.99285 + L_Nrml: 0.00000 + L_Eknl: 4.03851 + L_Div: 0.00000 + L_Morse: 0.28769
Epoch: 0 [8200/10000 (82%)] Unweighted L_s : L_Mnfld: 0.00071,  L_NonMnfld: 0.02165,  L_Nrml: 0.00000,  L_Eknl: 0.08077, L_Morse: 2.87692

Weights: [7000.0, 600.0, 0, 50.0, 0.0, 0.1], lr=5.000e-05
Epoch: 0 [8210/10000 (82%)] Loss: 22.43655 = L_Mnfld: 5.70636 + L_NonMnfld: 12.25846 + L_Nrml: 0.00000 + L_Eknl: 4.18397 + L_Div: 0.00000 + L_Morse: 0.28777
Epoch: 0 [8210/10000 (82%)] Unweighted L_s : L_Mnfld: 0.00082,  L_NonMnfld: 0.02043,  L_Nrml: 0.00000,  L_Eknl: 0.08368, L_Morse: 2.87765

Weights: [7000.0, 600.0, 0, 50.0, 0.0, 0.1], lr=5.000e-05
Epoch: 0 [8220/10000 (82%)] Loss: 22.42068 = L_Mnfld: 5.57188 + L_NonMnfld: 12.43342 + L_Nrml: 0.00000 + L_Eknl: 4.11779 + L_Div: 0.00000 + L_Morse: 0.29760
Epoch: 0 [8220/10000 (82%)] Unweighted L_s : L_Mnfld: 0.00080,  L_NonMnfld: 0.02072,  L_Nrml: 0.00000,  L_Eknl: 0.08236, L_Morse: 2.97599

Weights: [7000.0, 600.0, 0, 50.0, 0.0, 0.1], lr=5.000e-05
Epoch: 0 [8230/10000 (82%)] Loss: 24.23216 = L_Mnfld: 5.45383 + L_NonMnfld: 14.33432 + L_Nrml: 0.00000 + L_Eknl: 4.14677 + L_Div: 0.00000 + L_Morse: 0.29725
Epoch: 0 [8230/10000 (82%)] Unweighted L_s : L_Mnfld: 0.00078,  L_NonMnfld: 0.02389,  L_Nrml: 0.00000,  L_Eknl: 0.08294, L_Morse: 2.97246

Weights: [7000.0, 600.0, 0, 50.0, 0.0, 0.1], lr=5.000e-05
Epoch: 0 [8240/10000 (82%)] Loss: 21.45483 = L_Mnfld: 4.94995 + L_NonMnfld: 11.93532 + L_Nrml: 0.00000 + L_Eknl: 4.28819 + L_Div: 0.00000 + L_Morse: 0.28138
Epoch: 0 [8240/10000 (82%)] Unweighted L_s : L_Mnfld: 0.00071,  L_NonMnfld: 0.01989,  L_Nrml: 0.00000,  L_Eknl: 0.08576, L_Morse: 2.81377

Weights: [7000.0, 600.0, 0, 50.0, 0.0, 0.1], lr=5.000e-05
Epoch: 0 [8250/10000 (82%)] Loss: 23.08426 = L_Mnfld: 5.23461 + L_NonMnfld: 13.47000 + L_Nrml: 0.00000 + L_Eknl: 4.08112 + L_Div: 0.00000 + L_Morse: 0.29853
Epoch: 0 [8250/10000 (82%)] Unweighted L_s : L_Mnfld: 0.00075,  L_NonMnfld: 0.02245,  L_Nrml: 0.00000,  L_Eknl: 0.08162, L_Morse: 2.98526

Weights: [7000.0, 600.0, 0, 50.0, 0.0, 0.1], lr=5.000e-05
Epoch: 0 [8260/10000 (83%)] Loss: 24.09635 = L_Mnfld: 6.73086 + L_NonMnfld: 12.45763 + L_Nrml: 0.00000 + L_Eknl: 4.61326 + L_Div: 0.00000 + L_Morse: 0.29461
Epoch: 0 [8260/10000 (83%)] Unweighted L_s : L_Mnfld: 0.00096,  L_NonMnfld: 0.02076,  L_Nrml: 0.00000,  L_Eknl: 0.09227, L_Morse: 2.94610

Weights: [7000.0, 600.0, 0, 50.0, 0.0, 0.1], lr=5.000e-05
Epoch: 0 [8270/10000 (83%)] Loss: 23.48999 = L_Mnfld: 5.61962 + L_NonMnfld: 13.23169 + L_Nrml: 0.00000 + L_Eknl: 4.34422 + L_Div: 0.00000 + L_Morse: 0.29445
Epoch: 0 [8270/10000 (83%)] Unweighted L_s : L_Mnfld: 0.00080,  L_NonMnfld: 0.02205,  L_Nrml: 0.00000,  L_Eknl: 0.08688, L_Morse: 2.94453

Weights: [7000.0, 600.0, 0, 50.0, 0.0, 0.1], lr=5.000e-05
Epoch: 0 [8280/10000 (83%)] Loss: 22.77871 = L_Mnfld: 5.55089 + L_NonMnfld: 12.58560 + L_Nrml: 0.00000 + L_Eknl: 4.34322 + L_Div: 0.00000 + L_Morse: 0.29900
Epoch: 0 [8280/10000 (83%)] Unweighted L_s : L_Mnfld: 0.00079,  L_NonMnfld: 0.02098,  L_Nrml: 0.00000,  L_Eknl: 0.08686, L_Morse: 2.99001

Weights: [7000.0, 600.0, 0, 50.0, 0.0, 0.1], lr=5.000e-05
Epoch: 0 [8290/10000 (83%)] Loss: 22.73852 = L_Mnfld: 6.20613 + L_NonMnfld: 11.97313 + L_Nrml: 0.00000 + L_Eknl: 4.26664 + L_Div: 0.00000 + L_Morse: 0.29262
Epoch: 0 [8290/10000 (83%)] Unweighted L_s : L_Mnfld: 0.00089,  L_NonMnfld: 0.01996,  L_Nrml: 0.00000,  L_Eknl: 0.08533, L_Morse: 2.92620

Weights: [7000.0, 600.0, 0, 50.0, 0.0, 0.1], lr=5.000e-05
Epoch: 0 [8300/10000 (83%)] Loss: 22.28044 = L_Mnfld: 5.16581 + L_NonMnfld: 12.63668 + L_Nrml: 0.00000 + L_Eknl: 4.18341 + L_Div: 0.00000 + L_Morse: 0.29453
Epoch: 0 [8300/10000 (83%)] Unweighted L_s : L_Mnfld: 0.00074,  L_NonMnfld: 0.02106,  L_Nrml: 0.00000,  L_Eknl: 0.08367, L_Morse: 2.94533

Weights: [7000.0, 600.0, 0, 50.0, 0.0, 0.1], lr=5.000e-05
Epoch: 0 [8310/10000 (83%)] Loss: 21.34401 = L_Mnfld: 5.33861 + L_NonMnfld: 11.57381 + L_Nrml: 0.00000 + L_Eknl: 4.13988 + L_Div: 0.00000 + L_Morse: 0.29171
Epoch: 0 [8310/10000 (83%)] Unweighted L_s : L_Mnfld: 0.00076,  L_NonMnfld: 0.01929,  L_Nrml: 0.00000,  L_Eknl: 0.08280, L_Morse: 2.91712

Weights: [7000.0, 600.0, 0, 50.0, 0.0, 0.1], lr=5.000e-05
Epoch: 0 [8320/10000 (83%)] Loss: 22.38519 = L_Mnfld: 5.44810 + L_NonMnfld: 12.51942 + L_Nrml: 0.00000 + L_Eknl: 4.13770 + L_Div: 0.00000 + L_Morse: 0.27996
Epoch: 0 [8320/10000 (83%)] Unweighted L_s : L_Mnfld: 0.00078,  L_NonMnfld: 0.02087,  L_Nrml: 0.00000,  L_Eknl: 0.08275, L_Morse: 2.79964

Weights: [7000.0, 600.0, 0, 50.0, 0.0, 0.1], lr=5.000e-05
Epoch: 0 [8330/10000 (83%)] Loss: 22.14906 = L_Mnfld: 5.83476 + L_NonMnfld: 11.89451 + L_Nrml: 0.00000 + L_Eknl: 4.13302 + L_Div: 0.00000 + L_Morse: 0.28676
Epoch: 0 [8330/10000 (83%)] Unweighted L_s : L_Mnfld: 0.00083,  L_NonMnfld: 0.01982,  L_Nrml: 0.00000,  L_Eknl: 0.08266, L_Morse: 2.86762

Weights: [7000.0, 600.0, 0, 50.0, 0.0, 0.1], lr=5.000e-05
Epoch: 0 [8340/10000 (83%)] Loss: 23.10805 = L_Mnfld: 5.23739 + L_NonMnfld: 13.01848 + L_Nrml: 0.00000 + L_Eknl: 4.56126 + L_Div: 0.00000 + L_Morse: 0.29091
Epoch: 0 [8340/10000 (83%)] Unweighted L_s : L_Mnfld: 0.00075,  L_NonMnfld: 0.02170,  L_Nrml: 0.00000,  L_Eknl: 0.09123, L_Morse: 2.90914

Weights: [7000.0, 600.0, 0, 50.0, 0.0, 0.1], lr=5.000e-05
Epoch: 0 [8350/10000 (84%)] Loss: 21.58606 = L_Mnfld: 5.95109 + L_NonMnfld: 11.01686 + L_Nrml: 0.00000 + L_Eknl: 4.31817 + L_Div: 0.00000 + L_Morse: 0.29994
Epoch: 0 [8350/10000 (84%)] Unweighted L_s : L_Mnfld: 0.00085,  L_NonMnfld: 0.01836,  L_Nrml: 0.00000,  L_Eknl: 0.08636, L_Morse: 2.99937

Weights: [7000.0, 600.0, 0, 50.0, 0.0, 0.1], lr=5.000e-05
Epoch: 0 [8360/10000 (84%)] Loss: 23.99157 = L_Mnfld: 6.13022 + L_NonMnfld: 13.25540 + L_Nrml: 0.00000 + L_Eknl: 4.31051 + L_Div: 0.00000 + L_Morse: 0.29544
Epoch: 0 [8360/10000 (84%)] Unweighted L_s : L_Mnfld: 0.00088,  L_NonMnfld: 0.02209,  L_Nrml: 0.00000,  L_Eknl: 0.08621, L_Morse: 2.95441

Weights: [7000.0, 600.0, 0, 50.0, 0.0, 0.1], lr=5.000e-05
Epoch: 0 [8370/10000 (84%)] Loss: 22.02605 = L_Mnfld: 5.42493 + L_NonMnfld: 12.09367 + L_Nrml: 0.00000 + L_Eknl: 4.21929 + L_Div: 0.00000 + L_Morse: 0.28815
Epoch: 0 [8370/10000 (84%)] Unweighted L_s : L_Mnfld: 0.00077,  L_NonMnfld: 0.02016,  L_Nrml: 0.00000,  L_Eknl: 0.08439, L_Morse: 2.88151

Weights: [7000.0, 600.0, 0, 50.0, 0.0, 0.1], lr=5.000e-05
Epoch: 0 [8380/10000 (84%)] Loss: 23.62320 = L_Mnfld: 6.04325 + L_NonMnfld: 12.43457 + L_Nrml: 0.00000 + L_Eknl: 4.83469 + L_Div: 0.00000 + L_Morse: 0.31068
Epoch: 0 [8380/10000 (84%)] Unweighted L_s : L_Mnfld: 0.00086,  L_NonMnfld: 0.02072,  L_Nrml: 0.00000,  L_Eknl: 0.09669, L_Morse: 3.10684

Weights: [7000.0, 600.0, 0, 50.0, 0.0, 0.1], lr=5.000e-05
Epoch: 0 [8390/10000 (84%)] Loss: 24.08628 = L_Mnfld: 6.05065 + L_NonMnfld: 13.32723 + L_Nrml: 0.00000 + L_Eknl: 4.40255 + L_Div: 0.00000 + L_Morse: 0.30585
Epoch: 0 [8390/10000 (84%)] Unweighted L_s : L_Mnfld: 0.00086,  L_NonMnfld: 0.02221,  L_Nrml: 0.00000,  L_Eknl: 0.08805, L_Morse: 3.05851

Weights: [7000.0, 600.0, 0, 50.0, 0.0, 0.1], lr=5.000e-05
Epoch: 0 [8400/10000 (84%)] Loss: 22.48364 = L_Mnfld: 5.31702 + L_NonMnfld: 12.59765 + L_Nrml: 0.00000 + L_Eknl: 4.25935 + L_Div: 0.00000 + L_Morse: 0.30961
Epoch: 0 [8400/10000 (84%)] Unweighted L_s : L_Mnfld: 0.00076,  L_NonMnfld: 0.02100,  L_Nrml: 0.00000,  L_Eknl: 0.08519, L_Morse: 3.09613

Weights: [7000.0, 600.0, 0, 50.0, 0.0, 0.1], lr=5.000e-05
Epoch: 0 [8410/10000 (84%)] Loss: 22.36655 = L_Mnfld: 5.43526 + L_NonMnfld: 12.35007 + L_Nrml: 0.00000 + L_Eknl: 4.27395 + L_Div: 0.00000 + L_Morse: 0.30726
Epoch: 0 [8410/10000 (84%)] Unweighted L_s : L_Mnfld: 0.00078,  L_NonMnfld: 0.02058,  L_Nrml: 0.00000,  L_Eknl: 0.08548, L_Morse: 3.07262

Weights: [7000.0, 600.0, 0, 50.0, 0.0, 0.1], lr=5.000e-05
Epoch: 0 [8420/10000 (84%)] Loss: 22.68138 = L_Mnfld: 5.72103 + L_NonMnfld: 12.25702 + L_Nrml: 0.00000 + L_Eknl: 4.41093 + L_Div: 0.00000 + L_Morse: 0.29240
Epoch: 0 [8420/10000 (84%)] Unweighted L_s : L_Mnfld: 0.00082,  L_NonMnfld: 0.02043,  L_Nrml: 0.00000,  L_Eknl: 0.08822, L_Morse: 2.92395

Weights: [7000.0, 600.0, 0, 50.0, 0.0, 0.1], lr=5.000e-05
Epoch: 0 [8430/10000 (84%)] Loss: 22.80437 = L_Mnfld: 5.21150 + L_NonMnfld: 13.17016 + L_Nrml: 0.00000 + L_Eknl: 4.13105 + L_Div: 0.00000 + L_Morse: 0.29166
Epoch: 0 [8430/10000 (84%)] Unweighted L_s : L_Mnfld: 0.00074,  L_NonMnfld: 0.02195,  L_Nrml: 0.00000,  L_Eknl: 0.08262, L_Morse: 2.91659

Weights: [7000.0, 600.0, 0, 50.0, 0.0, 0.1], lr=5.000e-05
Epoch: 0 [8440/10000 (84%)] Loss: 24.34839 = L_Mnfld: 5.93614 + L_NonMnfld: 13.77334 + L_Nrml: 0.00000 + L_Eknl: 4.34015 + L_Div: 0.00000 + L_Morse: 0.29876
Epoch: 0 [8440/10000 (84%)] Unweighted L_s : L_Mnfld: 0.00085,  L_NonMnfld: 0.02296,  L_Nrml: 0.00000,  L_Eknl: 0.08680, L_Morse: 2.98760

Weights: [7000.0, 600.0, 0, 50.0, 0.0, 0.1], lr=5.000e-05
Epoch: 0 [8450/10000 (84%)] Loss: 22.65566 = L_Mnfld: 5.88344 + L_NonMnfld: 12.10630 + L_Nrml: 0.00000 + L_Eknl: 4.36524 + L_Div: 0.00000 + L_Morse: 0.30068
Epoch: 0 [8450/10000 (84%)] Unweighted L_s : L_Mnfld: 0.00084,  L_NonMnfld: 0.02018,  L_Nrml: 0.00000,  L_Eknl: 0.08730, L_Morse: 3.00682

Weights: [7000.0, 600.0, 0, 50.0, 0.0, 0.1], lr=5.000e-05
Epoch: 0 [8460/10000 (85%)] Loss: 21.73282 = L_Mnfld: 5.22755 + L_NonMnfld: 11.99691 + L_Nrml: 0.00000 + L_Eknl: 4.20869 + L_Div: 0.00000 + L_Morse: 0.29967
Epoch: 0 [8460/10000 (85%)] Unweighted L_s : L_Mnfld: 0.00075,  L_NonMnfld: 0.01999,  L_Nrml: 0.00000,  L_Eknl: 0.08417, L_Morse: 2.99674

Weights: [7000.0, 600.0, 0, 50.0, 0.0, 0.1], lr=5.000e-05
Epoch: 0 [8470/10000 (85%)] Loss: 22.15955 = L_Mnfld: 5.68256 + L_NonMnfld: 11.92494 + L_Nrml: 0.00000 + L_Eknl: 4.24544 + L_Div: 0.00000 + L_Morse: 0.30661
Epoch: 0 [8470/10000 (85%)] Unweighted L_s : L_Mnfld: 0.00081,  L_NonMnfld: 0.01987,  L_Nrml: 0.00000,  L_Eknl: 0.08491, L_Morse: 3.06613

Weights: [7000.0, 600.0, 0, 50.0, 0.0, 0.1], lr=5.000e-05
Epoch: 0 [8480/10000 (85%)] Loss: 22.44395 = L_Mnfld: 5.58017 + L_NonMnfld: 12.19338 + L_Nrml: 0.00000 + L_Eknl: 4.36322 + L_Div: 0.00000 + L_Morse: 0.30719
Epoch: 0 [8480/10000 (85%)] Unweighted L_s : L_Mnfld: 0.00080,  L_NonMnfld: 0.02032,  L_Nrml: 0.00000,  L_Eknl: 0.08726, L_Morse: 3.07187

Weights: [7000.0, 600.0, 0, 50.0, 0.0, 0.1], lr=5.000e-05
Epoch: 0 [8490/10000 (85%)] Loss: 22.29108 = L_Mnfld: 5.22950 + L_NonMnfld: 12.75555 + L_Nrml: 0.00000 + L_Eknl: 4.01726 + L_Div: 0.00000 + L_Morse: 0.28878
Epoch: 0 [8490/10000 (85%)] Unweighted L_s : L_Mnfld: 0.00075,  L_NonMnfld: 0.02126,  L_Nrml: 0.00000,  L_Eknl: 0.08035, L_Morse: 2.88778

Weights: [7000.0, 600.0, 0, 50.0, 0.0, 0.1], lr=5.000e-05
Epoch: 0 [8500/10000 (85%)] Loss: 22.24562 = L_Mnfld: 5.36017 + L_NonMnfld: 12.45383 + L_Nrml: 0.00000 + L_Eknl: 4.14455 + L_Div: 0.00000 + L_Morse: 0.28708
Epoch: 0 [8500/10000 (85%)] Unweighted L_s : L_Mnfld: 0.00077,  L_NonMnfld: 0.02076,  L_Nrml: 0.00000,  L_Eknl: 0.08289, L_Morse: 2.87075

Weights: [7000.0, 600.0, 0, 50.0, 0.0, 0.1], lr=5.000e-05
Epoch: 0 [8510/10000 (85%)] Loss: 23.55692 = L_Mnfld: 5.58963 + L_NonMnfld: 13.54158 + L_Nrml: 0.00000 + L_Eknl: 4.13902 + L_Div: 0.00000 + L_Morse: 0.28669
Epoch: 0 [8510/10000 (85%)] Unweighted L_s : L_Mnfld: 0.00080,  L_NonMnfld: 0.02257,  L_Nrml: 0.00000,  L_Eknl: 0.08278, L_Morse: 2.86685

Weights: [7000.0, 600.0, 0, 50.0, 0.0, 0.1], lr=5.000e-05
Epoch: 0 [8520/10000 (85%)] Loss: 21.04274 = L_Mnfld: 4.86071 + L_NonMnfld: 11.54723 + L_Nrml: 0.00000 + L_Eknl: 4.33283 + L_Div: 0.00000 + L_Morse: 0.30196
Epoch: 0 [8520/10000 (85%)] Unweighted L_s : L_Mnfld: 0.00069,  L_NonMnfld: 0.01925,  L_Nrml: 0.00000,  L_Eknl: 0.08666, L_Morse: 3.01963

Weights: [7000.0, 600.0, 0, 50.0, 0.0, 0.1], lr=5.000e-05
Epoch: 0 [8530/10000 (85%)] Loss: 22.09727 = L_Mnfld: 5.50511 + L_NonMnfld: 12.33484 + L_Nrml: 0.00000 + L_Eknl: 3.97272 + L_Div: 0.00000 + L_Morse: 0.28459
Epoch: 0 [8530/10000 (85%)] Unweighted L_s : L_Mnfld: 0.00079,  L_NonMnfld: 0.02056,  L_Nrml: 0.00000,  L_Eknl: 0.07945, L_Morse: 2.84594

Weights: [7000.0, 600.0, 0, 50.0, 0.0, 0.1], lr=5.000e-05
Epoch: 0 [8540/10000 (85%)] Loss: 22.23383 = L_Mnfld: 4.97676 + L_NonMnfld: 12.54935 + L_Nrml: 0.00000 + L_Eknl: 4.40981 + L_Div: 0.00000 + L_Morse: 0.29792
Epoch: 0 [8540/10000 (85%)] Unweighted L_s : L_Mnfld: 0.00071,  L_NonMnfld: 0.02092,  L_Nrml: 0.00000,  L_Eknl: 0.08820, L_Morse: 2.97917

Weights: [7000.0, 600.0, 0, 50.0, 0.0, 0.1], lr=5.000e-05
Epoch: 0 [8550/10000 (86%)] Loss: 22.84905 = L_Mnfld: 5.50096 + L_NonMnfld: 12.86692 + L_Nrml: 0.00000 + L_Eknl: 4.19456 + L_Div: 0.00000 + L_Morse: 0.28662
Epoch: 0 [8550/10000 (86%)] Unweighted L_s : L_Mnfld: 0.00079,  L_NonMnfld: 0.02144,  L_Nrml: 0.00000,  L_Eknl: 0.08389, L_Morse: 2.86616

Weights: [7000.0, 600.0, 0, 50.0, 0.0, 0.1], lr=5.000e-05
Epoch: 0 [8560/10000 (86%)] Loss: 21.75130 = L_Mnfld: 5.34714 + L_NonMnfld: 12.06412 + L_Nrml: 0.00000 + L_Eknl: 4.06167 + L_Div: 0.00000 + L_Morse: 0.27836
Epoch: 0 [8560/10000 (86%)] Unweighted L_s : L_Mnfld: 0.00076,  L_NonMnfld: 0.02011,  L_Nrml: 0.00000,  L_Eknl: 0.08123, L_Morse: 2.78364

Weights: [7000.0, 600.0, 0, 50.0, 0.0, 0.1], lr=5.000e-05
Epoch: 0 [8570/10000 (86%)] Loss: 22.89606 = L_Mnfld: 5.43346 + L_NonMnfld: 13.09876 + L_Nrml: 0.00000 + L_Eknl: 4.07548 + L_Div: 0.00000 + L_Morse: 0.28836
Epoch: 0 [8570/10000 (86%)] Unweighted L_s : L_Mnfld: 0.00078,  L_NonMnfld: 0.02183,  L_Nrml: 0.00000,  L_Eknl: 0.08151, L_Morse: 2.88364

Weights: [7000.0, 600.0, 0, 50.0, 0.0, 0.1], lr=5.000e-05
Epoch: 0 [8580/10000 (86%)] Loss: 21.92320 = L_Mnfld: 5.50113 + L_NonMnfld: 11.74152 + L_Nrml: 0.00000 + L_Eknl: 4.38070 + L_Div: 0.00000 + L_Morse: 0.29985
Epoch: 0 [8580/10000 (86%)] Unweighted L_s : L_Mnfld: 0.00079,  L_NonMnfld: 0.01957,  L_Nrml: 0.00000,  L_Eknl: 0.08761, L_Morse: 2.99848

Weights: [7000.0, 600.0, 0, 50.0, 0.0, 0.1], lr=5.000e-05
Epoch: 0 [8590/10000 (86%)] Loss: 22.25736 = L_Mnfld: 5.65101 + L_NonMnfld: 12.01719 + L_Nrml: 0.00000 + L_Eknl: 4.28688 + L_Div: 0.00000 + L_Morse: 0.30229
Epoch: 0 [8590/10000 (86%)] Unweighted L_s : L_Mnfld: 0.00081,  L_NonMnfld: 0.02003,  L_Nrml: 0.00000,  L_Eknl: 0.08574, L_Morse: 3.02285

Weights: [7000.0, 600.0, 0, 50.0, 0.0, 0.1], lr=5.000e-05
Epoch: 0 [8600/10000 (86%)] Loss: 23.80963 = L_Mnfld: 5.32080 + L_NonMnfld: 14.17193 + L_Nrml: 0.00000 + L_Eknl: 4.03909 + L_Div: 0.00000 + L_Morse: 0.27781
Epoch: 0 [8600/10000 (86%)] Unweighted L_s : L_Mnfld: 0.00076,  L_NonMnfld: 0.02362,  L_Nrml: 0.00000,  L_Eknl: 0.08078, L_Morse: 2.77811

Weights: [7000.0, 600.0, 0, 50.0, 0.0, 0.1], lr=5.000e-05
Epoch: 0 [8610/10000 (86%)] Loss: 23.65648 = L_Mnfld: 6.07272 + L_NonMnfld: 12.88049 + L_Nrml: 0.00000 + L_Eknl: 4.39051 + L_Div: 0.00000 + L_Morse: 0.31276
Epoch: 0 [8610/10000 (86%)] Unweighted L_s : L_Mnfld: 0.00087,  L_NonMnfld: 0.02147,  L_Nrml: 0.00000,  L_Eknl: 0.08781, L_Morse: 3.12759

Weights: [7000.0, 600.0, 0, 50.0, 0.0, 0.1], lr=5.000e-05
Epoch: 0 [8620/10000 (86%)] Loss: 21.98713 = L_Mnfld: 4.71938 + L_NonMnfld: 12.81176 + L_Nrml: 0.00000 + L_Eknl: 4.17373 + L_Div: 0.00000 + L_Morse: 0.28227
Epoch: 0 [8620/10000 (86%)] Unweighted L_s : L_Mnfld: 0.00067,  L_NonMnfld: 0.02135,  L_Nrml: 0.00000,  L_Eknl: 0.08347, L_Morse: 2.82265

Weights: [7000.0, 600.0, 0, 50.0, 0.0, 0.1], lr=5.000e-05
Epoch: 0 [8630/10000 (86%)] Loss: 21.73508 = L_Mnfld: 5.36508 + L_NonMnfld: 11.89683 + L_Nrml: 0.00000 + L_Eknl: 4.17543 + L_Div: 0.00000 + L_Morse: 0.29775
Epoch: 0 [8630/10000 (86%)] Unweighted L_s : L_Mnfld: 0.00077,  L_NonMnfld: 0.01983,  L_Nrml: 0.00000,  L_Eknl: 0.08351, L_Morse: 2.97750

Weights: [7000.0, 600.0, 0, 50.0, 0.0, 0.1], lr=5.000e-05
Epoch: 0 [8640/10000 (86%)] Loss: 23.63210 = L_Mnfld: 6.00138 + L_NonMnfld: 13.22766 + L_Nrml: 0.00000 + L_Eknl: 4.11685 + L_Div: 0.00000 + L_Morse: 0.28620
Epoch: 0 [8640/10000 (86%)] Unweighted L_s : L_Mnfld: 0.00086,  L_NonMnfld: 0.02205,  L_Nrml: 0.00000,  L_Eknl: 0.08234, L_Morse: 2.86203

Weights: [7000.0, 600.0, 0, 50.0, 0.0, 0.1], lr=5.000e-05
Epoch: 0 [8650/10000 (86%)] Loss: 21.08618 = L_Mnfld: 5.30214 + L_NonMnfld: 11.18245 + L_Nrml: 0.00000 + L_Eknl: 4.32428 + L_Div: 0.00000 + L_Morse: 0.27731
Epoch: 0 [8650/10000 (86%)] Unweighted L_s : L_Mnfld: 0.00076,  L_NonMnfld: 0.01864,  L_Nrml: 0.00000,  L_Eknl: 0.08649, L_Morse: 2.77308

Weights: [7000.0, 600.0, 0, 50.0, 0.0, 0.1], lr=5.000e-05
Epoch: 0 [8660/10000 (87%)] Loss: 23.56412 = L_Mnfld: 5.79985 + L_NonMnfld: 13.11661 + L_Nrml: 0.00000 + L_Eknl: 4.34398 + L_Div: 0.00000 + L_Morse: 0.30369
Epoch: 0 [8660/10000 (87%)] Unweighted L_s : L_Mnfld: 0.00083,  L_NonMnfld: 0.02186,  L_Nrml: 0.00000,  L_Eknl: 0.08688, L_Morse: 3.03685

Weights: [7000.0, 600.0, 0, 50.0, 0.0, 0.1], lr=5.000e-05
Epoch: 0 [8670/10000 (87%)] Loss: 21.71004 = L_Mnfld: 5.35357 + L_NonMnfld: 11.85863 + L_Nrml: 0.00000 + L_Eknl: 4.21238 + L_Div: 0.00000 + L_Morse: 0.28546
Epoch: 0 [8670/10000 (87%)] Unweighted L_s : L_Mnfld: 0.00076,  L_NonMnfld: 0.01976,  L_Nrml: 0.00000,  L_Eknl: 0.08425, L_Morse: 2.85456

Weights: [7000.0, 600.0, 0, 50.0, 0.0, 0.1], lr=5.000e-05
Epoch: 0 [8680/10000 (87%)] Loss: 23.51017 = L_Mnfld: 5.28013 + L_NonMnfld: 13.82144 + L_Nrml: 0.00000 + L_Eknl: 4.11476 + L_Div: 0.00000 + L_Morse: 0.29384
Epoch: 0 [8680/10000 (87%)] Unweighted L_s : L_Mnfld: 0.00075,  L_NonMnfld: 0.02304,  L_Nrml: 0.00000,  L_Eknl: 0.08230, L_Morse: 2.93842

Weights: [7000.0, 600.0, 0, 50.0, 0.0, 0.1], lr=5.000e-05
Epoch: 0 [8690/10000 (87%)] Loss: 22.17069 = L_Mnfld: 6.15477 + L_NonMnfld: 11.67279 + L_Nrml: 0.00000 + L_Eknl: 4.04566 + L_Div: 0.00000 + L_Morse: 0.29746
Epoch: 0 [8690/10000 (87%)] Unweighted L_s : L_Mnfld: 0.00088,  L_NonMnfld: 0.01945,  L_Nrml: 0.00000,  L_Eknl: 0.08091, L_Morse: 2.97464

Weights: [7000.0, 600.0, 0, 50.0, 0.0, 0.1], lr=5.000e-05
Epoch: 0 [8700/10000 (87%)] Loss: 22.73836 = L_Mnfld: 5.30056 + L_NonMnfld: 12.91064 + L_Nrml: 0.00000 + L_Eknl: 4.23476 + L_Div: 0.00000 + L_Morse: 0.29240
Epoch: 0 [8700/10000 (87%)] Unweighted L_s : L_Mnfld: 0.00076,  L_NonMnfld: 0.02152,  L_Nrml: 0.00000,  L_Eknl: 0.08470, L_Morse: 2.92396

Weights: [7000.0, 600.0, 0, 50.0, 0.0, 0.1], lr=5.000e-05
Epoch: 0 [8710/10000 (87%)] Loss: 21.24819 = L_Mnfld: 5.18602 + L_NonMnfld: 11.55639 + L_Nrml: 0.00000 + L_Eknl: 4.22024 + L_Div: 0.00000 + L_Morse: 0.28555
Epoch: 0 [8710/10000 (87%)] Unweighted L_s : L_Mnfld: 0.00074,  L_NonMnfld: 0.01926,  L_Nrml: 0.00000,  L_Eknl: 0.08440, L_Morse: 2.85548

Weights: [7000.0, 600.0, 0, 50.0, 0.0, 0.1], lr=5.000e-05
Epoch: 0 [8720/10000 (87%)] Loss: 21.67229 = L_Mnfld: 5.29126 + L_NonMnfld: 11.75215 + L_Nrml: 0.00000 + L_Eknl: 4.32822 + L_Div: 0.00000 + L_Morse: 0.30066
Epoch: 0 [8720/10000 (87%)] Unweighted L_s : L_Mnfld: 0.00076,  L_NonMnfld: 0.01959,  L_Nrml: 0.00000,  L_Eknl: 0.08656, L_Morse: 3.00661

Weights: [7000.0, 600.0, 0, 50.0, 0.0, 0.1], lr=5.000e-05
Epoch: 0 [8730/10000 (87%)] Loss: 22.45288 = L_Mnfld: 5.26814 + L_NonMnfld: 12.65482 + L_Nrml: 0.00000 + L_Eknl: 4.23276 + L_Div: 0.00000 + L_Morse: 0.29716
Epoch: 0 [8730/10000 (87%)] Unweighted L_s : L_Mnfld: 0.00075,  L_NonMnfld: 0.02109,  L_Nrml: 0.00000,  L_Eknl: 0.08466, L_Morse: 2.97165

Weights: [7000.0, 600.0, 0, 50.0, 0.0, 0.1], lr=5.000e-05
Epoch: 0 [8740/10000 (87%)] Loss: 21.80186 = L_Mnfld: 5.44827 + L_NonMnfld: 11.76914 + L_Nrml: 0.00000 + L_Eknl: 4.28529 + L_Div: 0.00000 + L_Morse: 0.29916
Epoch: 0 [8740/10000 (87%)] Unweighted L_s : L_Mnfld: 0.00078,  L_NonMnfld: 0.01962,  L_Nrml: 0.00000,  L_Eknl: 0.08571, L_Morse: 2.99161

Weights: [7000.0, 600.0, 0, 50.0, 0.0, 0.1], lr=5.000e-05
Epoch: 0 [8750/10000 (88%)] Loss: 22.17390 = L_Mnfld: 5.24112 + L_NonMnfld: 12.26192 + L_Nrml: 0.00000 + L_Eknl: 4.37881 + L_Div: 0.00000 + L_Morse: 0.29206
Epoch: 0 [8750/10000 (88%)] Unweighted L_s : L_Mnfld: 0.00075,  L_NonMnfld: 0.02044,  L_Nrml: 0.00000,  L_Eknl: 0.08758, L_Morse: 2.92056

Weights: [7000.0, 600.0, 0, 50.0, 0.0, 0.1], lr=5.000e-05
Epoch: 0 [8760/10000 (88%)] Loss: 23.17552 = L_Mnfld: 5.77577 + L_NonMnfld: 12.94608 + L_Nrml: 0.00000 + L_Eknl: 4.13959 + L_Div: 0.00000 + L_Morse: 0.31408
Epoch: 0 [8760/10000 (88%)] Unweighted L_s : L_Mnfld: 0.00083,  L_NonMnfld: 0.02158,  L_Nrml: 0.00000,  L_Eknl: 0.08279, L_Morse: 3.14075

Weights: [7000.0, 600.0, 0, 50.0, 0.0, 0.1], lr=5.000e-05
Epoch: 0 [8770/10000 (88%)] Loss: 23.48909 = L_Mnfld: 6.06828 + L_NonMnfld: 12.91363 + L_Nrml: 0.00000 + L_Eknl: 4.20443 + L_Div: 0.00000 + L_Morse: 0.30276
Epoch: 0 [8770/10000 (88%)] Unweighted L_s : L_Mnfld: 0.00087,  L_NonMnfld: 0.02152,  L_Nrml: 0.00000,  L_Eknl: 0.08409, L_Morse: 3.02762

Weights: [7000.0, 600.0, 0, 50.0, 0.0, 0.1], lr=5.000e-05
Epoch: 0 [8780/10000 (88%)] Loss: 22.84484 = L_Mnfld: 5.66587 + L_NonMnfld: 12.80630 + L_Nrml: 0.00000 + L_Eknl: 4.08679 + L_Div: 0.00000 + L_Morse: 0.28588
Epoch: 0 [8780/10000 (88%)] Unweighted L_s : L_Mnfld: 0.00081,  L_NonMnfld: 0.02134,  L_Nrml: 0.00000,  L_Eknl: 0.08174, L_Morse: 2.85877

Weights: [7000.0, 600.0, 0, 50.0, 0.0, 0.1], lr=5.000e-05
Epoch: 0 [8790/10000 (88%)] Loss: 21.55414 = L_Mnfld: 5.07612 + L_NonMnfld: 11.73288 + L_Nrml: 0.00000 + L_Eknl: 4.45624 + L_Div: 0.00000 + L_Morse: 0.28890
Epoch: 0 [8790/10000 (88%)] Unweighted L_s : L_Mnfld: 0.00073,  L_NonMnfld: 0.01955,  L_Nrml: 0.00000,  L_Eknl: 0.08912, L_Morse: 2.88897

Weights: [7000.0, 600.0, 0, 50.0, 0.0, 0.1], lr=5.000e-05
Epoch: 0 [8800/10000 (88%)] Loss: 23.76151 = L_Mnfld: 5.95940 + L_NonMnfld: 13.33814 + L_Nrml: 0.00000 + L_Eknl: 4.17887 + L_Div: 0.00000 + L_Morse: 0.28510
Epoch: 0 [8800/10000 (88%)] Unweighted L_s : L_Mnfld: 0.00085,  L_NonMnfld: 0.02223,  L_Nrml: 0.00000,  L_Eknl: 0.08358, L_Morse: 2.85096

Weights: [7000.0, 600.0, 0, 50.0, 0.0, 0.1], lr=5.000e-05
Epoch: 0 [8810/10000 (88%)] Loss: 24.06897 = L_Mnfld: 6.12754 + L_NonMnfld: 13.35773 + L_Nrml: 0.00000 + L_Eknl: 4.29683 + L_Div: 0.00000 + L_Morse: 0.28688
Epoch: 0 [8810/10000 (88%)] Unweighted L_s : L_Mnfld: 0.00088,  L_NonMnfld: 0.02226,  L_Nrml: 0.00000,  L_Eknl: 0.08594, L_Morse: 2.86881

Weights: [7000.0, 600.0, 0, 50.0, 0.0, 0.1], lr=5.000e-05
Epoch: 0 [8820/10000 (88%)] Loss: 23.07063 = L_Mnfld: 5.57710 + L_NonMnfld: 12.80259 + L_Nrml: 0.00000 + L_Eknl: 4.38267 + L_Div: 0.00000 + L_Morse: 0.30827
Epoch: 0 [8820/10000 (88%)] Unweighted L_s : L_Mnfld: 0.00080,  L_NonMnfld: 0.02134,  L_Nrml: 0.00000,  L_Eknl: 0.08765, L_Morse: 3.08265

Weights: [7000.0, 600.0, 0, 50.0, 0.0, 0.1], lr=5.000e-05
Epoch: 0 [8830/10000 (88%)] Loss: 22.71630 = L_Mnfld: 5.47127 + L_NonMnfld: 12.77645 + L_Nrml: 0.00000 + L_Eknl: 4.17510 + L_Div: 0.00000 + L_Morse: 0.29347
Epoch: 0 [8830/10000 (88%)] Unweighted L_s : L_Mnfld: 0.00078,  L_NonMnfld: 0.02129,  L_Nrml: 0.00000,  L_Eknl: 0.08350, L_Morse: 2.93469

Weights: [7000.0, 600.0, 0, 50.0, 0.0, 0.1], lr=5.000e-05
Epoch: 0 [8840/10000 (88%)] Loss: 23.95111 = L_Mnfld: 5.89123 + L_NonMnfld: 13.14577 + L_Nrml: 0.00000 + L_Eknl: 4.60898 + L_Div: 0.00000 + L_Morse: 0.30513
Epoch: 0 [8840/10000 (88%)] Unweighted L_s : L_Mnfld: 0.00084,  L_NonMnfld: 0.02191,  L_Nrml: 0.00000,  L_Eknl: 0.09218, L_Morse: 3.05131

Weights: [7000.0, 600.0, 0, 50.0, 0.0, 0.1], lr=5.000e-05
Epoch: 0 [8850/10000 (88%)] Loss: 22.39879 = L_Mnfld: 5.55593 + L_NonMnfld: 12.10275 + L_Nrml: 0.00000 + L_Eknl: 4.44637 + L_Div: 0.00000 + L_Morse: 0.29375
Epoch: 0 [8850/10000 (88%)] Unweighted L_s : L_Mnfld: 0.00079,  L_NonMnfld: 0.02017,  L_Nrml: 0.00000,  L_Eknl: 0.08893, L_Morse: 2.93747

Weights: [7000.0, 600.0, 0, 50.0, 0.0, 0.1], lr=5.000e-05
Epoch: 0 [8860/10000 (89%)] Loss: 23.05206 = L_Mnfld: 5.88456 + L_NonMnfld: 12.40503 + L_Nrml: 0.00000 + L_Eknl: 4.45547 + L_Div: 0.00000 + L_Morse: 0.30701
Epoch: 0 [8860/10000 (89%)] Unweighted L_s : L_Mnfld: 0.00084,  L_NonMnfld: 0.02068,  L_Nrml: 0.00000,  L_Eknl: 0.08911, L_Morse: 3.07010

Weights: [7000.0, 600.0, 0, 50.0, 0.0, 0.1], lr=5.000e-05
Epoch: 0 [8870/10000 (89%)] Loss: 22.06005 = L_Mnfld: 5.65858 + L_NonMnfld: 11.83716 + L_Nrml: 0.00000 + L_Eknl: 4.26159 + L_Div: 0.00000 + L_Morse: 0.30271
Epoch: 0 [8870/10000 (89%)] Unweighted L_s : L_Mnfld: 0.00081,  L_NonMnfld: 0.01973,  L_Nrml: 0.00000,  L_Eknl: 0.08523, L_Morse: 3.02715

Weights: [7000.0, 600.0, 0, 50.0, 0.0, 0.1], lr=5.000e-05
Epoch: 0 [8880/10000 (89%)] Loss: 22.59675 = L_Mnfld: 5.76132 + L_NonMnfld: 12.03204 + L_Nrml: 0.00000 + L_Eknl: 4.49359 + L_Div: 0.00000 + L_Morse: 0.30979
Epoch: 0 [8880/10000 (89%)] Unweighted L_s : L_Mnfld: 0.00082,  L_NonMnfld: 0.02005,  L_Nrml: 0.00000,  L_Eknl: 0.08987, L_Morse: 3.09794

Weights: [7000.0, 600.0, 0, 50.0, 0.0, 0.1], lr=5.000e-05
Epoch: 0 [8890/10000 (89%)] Loss: 21.72738 = L_Mnfld: 5.31878 + L_NonMnfld: 11.87941 + L_Nrml: 0.00000 + L_Eknl: 4.21438 + L_Div: 0.00000 + L_Morse: 0.31480
Epoch: 0 [8890/10000 (89%)] Unweighted L_s : L_Mnfld: 0.00076,  L_NonMnfld: 0.01980,  L_Nrml: 0.00000,  L_Eknl: 0.08429, L_Morse: 3.14805

Weights: [7000.0, 600.0, 0, 50.0, 0.0, 0.1], lr=5.000e-05
Epoch: 0 [8900/10000 (89%)] Loss: 23.76837 = L_Mnfld: 6.30123 + L_NonMnfld: 12.63220 + L_Nrml: 0.00000 + L_Eknl: 4.52691 + L_Div: 0.00000 + L_Morse: 0.30802
Epoch: 0 [8900/10000 (89%)] Unweighted L_s : L_Mnfld: 0.00090,  L_NonMnfld: 0.02105,  L_Nrml: 0.00000,  L_Eknl: 0.09054, L_Morse: 3.08023

Weights: [7000.0, 600.0, 0, 50.0, 0.0, 0.1], lr=5.000e-05
Epoch: 0 [8910/10000 (89%)] Loss: 22.60753 = L_Mnfld: 5.93972 + L_NonMnfld: 12.13282 + L_Nrml: 0.00000 + L_Eknl: 4.23386 + L_Div: 0.00000 + L_Morse: 0.30113
Epoch: 0 [8910/10000 (89%)] Unweighted L_s : L_Mnfld: 0.00085,  L_NonMnfld: 0.02022,  L_Nrml: 0.00000,  L_Eknl: 0.08468, L_Morse: 3.01133

Weights: [7000.0, 600.0, 0, 50.0, 0.0, 0.1], lr=5.000e-05
Epoch: 0 [8920/10000 (89%)] Loss: 21.70150 = L_Mnfld: 5.33691 + L_NonMnfld: 11.73882 + L_Nrml: 0.00000 + L_Eknl: 4.34198 + L_Div: 0.00000 + L_Morse: 0.28379
Epoch: 0 [8920/10000 (89%)] Unweighted L_s : L_Mnfld: 0.00076,  L_NonMnfld: 0.01956,  L_Nrml: 0.00000,  L_Eknl: 0.08684, L_Morse: 2.83788

Weights: [7000.0, 600.0, 0, 50.0, 0.0, 0.1], lr=5.000e-05
Epoch: 0 [8930/10000 (89%)] Loss: 22.15837 = L_Mnfld: 5.73735 + L_NonMnfld: 11.83750 + L_Nrml: 0.00000 + L_Eknl: 4.26264 + L_Div: 0.00000 + L_Morse: 0.32087
Epoch: 0 [8930/10000 (89%)] Unweighted L_s : L_Mnfld: 0.00082,  L_NonMnfld: 0.01973,  L_Nrml: 0.00000,  L_Eknl: 0.08525, L_Morse: 3.20870

Weights: [7000.0, 600.0, 0, 50.0, 0.0, 0.1], lr=5.000e-05
Epoch: 0 [8940/10000 (89%)] Loss: 22.05422 = L_Mnfld: 5.00994 + L_NonMnfld: 12.66273 + L_Nrml: 0.00000 + L_Eknl: 4.08297 + L_Div: 0.00000 + L_Morse: 0.29858
Epoch: 0 [8940/10000 (89%)] Unweighted L_s : L_Mnfld: 0.00072,  L_NonMnfld: 0.02110,  L_Nrml: 0.00000,  L_Eknl: 0.08166, L_Morse: 2.98584

Weights: [7000.0, 600.0, 0, 50.0, 0.0, 0.1], lr=5.000e-05
Epoch: 0 [8950/10000 (90%)] Loss: 22.92487 = L_Mnfld: 6.01633 + L_NonMnfld: 12.41392 + L_Nrml: 0.00000 + L_Eknl: 4.19695 + L_Div: 0.00000 + L_Morse: 0.29767
Epoch: 0 [8950/10000 (90%)] Unweighted L_s : L_Mnfld: 0.00086,  L_NonMnfld: 0.02069,  L_Nrml: 0.00000,  L_Eknl: 0.08394, L_Morse: 2.97668

Weights: [7000.0, 600.0, 0, 50.0, 0.0, 0.1], lr=5.000e-05
Epoch: 0 [8960/10000 (90%)] Loss: 22.81709 = L_Mnfld: 5.15904 + L_NonMnfld: 12.94723 + L_Nrml: 0.00000 + L_Eknl: 4.40106 + L_Div: 0.00000 + L_Morse: 0.30975
Epoch: 0 [8960/10000 (90%)] Unweighted L_s : L_Mnfld: 0.00074,  L_NonMnfld: 0.02158,  L_Nrml: 0.00000,  L_Eknl: 0.08802, L_Morse: 3.09745

Weights: [7000.0, 600.0, 0, 50.0, 0.0, 0.1], lr=5.000e-05
Epoch: 0 [8970/10000 (90%)] Loss: 23.15867 = L_Mnfld: 5.79210 + L_NonMnfld: 12.88045 + L_Nrml: 0.00000 + L_Eknl: 4.18961 + L_Div: 0.00000 + L_Morse: 0.29651
Epoch: 0 [8970/10000 (90%)] Unweighted L_s : L_Mnfld: 0.00083,  L_NonMnfld: 0.02147,  L_Nrml: 0.00000,  L_Eknl: 0.08379, L_Morse: 2.96507

Weights: [7000.0, 600.0, 0, 50.0, 0.0, 0.1], lr=5.000e-05
Epoch: 0 [8980/10000 (90%)] Loss: 22.77591 = L_Mnfld: 5.55138 + L_NonMnfld: 12.58623 + L_Nrml: 0.00000 + L_Eknl: 4.32879 + L_Div: 0.00000 + L_Morse: 0.30950
Epoch: 0 [8980/10000 (90%)] Unweighted L_s : L_Mnfld: 0.00079,  L_NonMnfld: 0.02098,  L_Nrml: 0.00000,  L_Eknl: 0.08658, L_Morse: 3.09504

Weights: [7000.0, 600.0, 0, 50.0, 0.0, 0.1], lr=5.000e-05
Epoch: 0 [8990/10000 (90%)] Loss: 22.05151 = L_Mnfld: 5.26349 + L_NonMnfld: 12.14498 + L_Nrml: 0.00000 + L_Eknl: 4.33782 + L_Div: 0.00000 + L_Morse: 0.30523
Epoch: 0 [8990/10000 (90%)] Unweighted L_s : L_Mnfld: 0.00075,  L_NonMnfld: 0.02024,  L_Nrml: 0.00000,  L_Eknl: 0.08676, L_Morse: 3.05227

Weights: [7000.0, 600.0, 0, 50.0, 0.0, 0.1], lr=5.000e-05
Epoch: 0 [9000/10000 (90%)] Loss: 21.60874 = L_Mnfld: 5.54644 + L_NonMnfld: 11.21376 + L_Nrml: 0.00000 + L_Eknl: 4.53850 + L_Div: 0.00000 + L_Morse: 0.31005
Epoch: 0 [9000/10000 (90%)] Unweighted L_s : L_Mnfld: 0.00079,  L_NonMnfld: 0.01869,  L_Nrml: 0.00000,  L_Eknl: 0.09077, L_Morse: 3.10046

Weights: [7000.0, 600.0, 0, 50.0, 0.0, 0.1], lr=5.000e-05
Epoch: 0 [9010/10000 (90%)] Loss: 22.45316 = L_Mnfld: 5.04997 + L_NonMnfld: 12.96120 + L_Nrml: 0.00000 + L_Eknl: 4.12948 + L_Div: 0.00000 + L_Morse: 0.31252
Epoch: 0 [9010/10000 (90%)] Unweighted L_s : L_Mnfld: 0.00072,  L_NonMnfld: 0.02160,  L_Nrml: 0.00000,  L_Eknl: 0.08259, L_Morse: 3.12517

Weights: [7000.0, 600.0, 0, 50.0, 0.0, 0.1], lr=5.000e-05
Epoch: 0 [9020/10000 (90%)] Loss: 21.14587 = L_Mnfld: 4.96253 + L_NonMnfld: 11.85225 + L_Nrml: 0.00000 + L_Eknl: 4.01024 + L_Div: 0.00000 + L_Morse: 0.32086
Epoch: 0 [9020/10000 (90%)] Unweighted L_s : L_Mnfld: 0.00071,  L_NonMnfld: 0.01975,  L_Nrml: 0.00000,  L_Eknl: 0.08020, L_Morse: 3.20859

Weights: [7000.0, 600.0, 0, 50.0, 0.0, 0.1], lr=5.000e-05
Epoch: 0 [9030/10000 (90%)] Loss: 21.51967 = L_Mnfld: 4.89260 + L_NonMnfld: 12.30725 + L_Nrml: 0.00000 + L_Eknl: 4.03292 + L_Div: 0.00000 + L_Morse: 0.28691
Epoch: 0 [9030/10000 (90%)] Unweighted L_s : L_Mnfld: 0.00070,  L_NonMnfld: 0.02051,  L_Nrml: 0.00000,  L_Eknl: 0.08066, L_Morse: 2.86909

Weights: [7000.0, 600.0, 0, 50.0, 0.0, 0.1], lr=5.000e-05
Epoch: 0 [9040/10000 (90%)] Loss: 21.34966 = L_Mnfld: 4.88198 + L_NonMnfld: 11.99879 + L_Nrml: 0.00000 + L_Eknl: 4.17631 + L_Div: 0.00000 + L_Morse: 0.29257
Epoch: 0 [9040/10000 (90%)] Unweighted L_s : L_Mnfld: 0.00070,  L_NonMnfld: 0.02000,  L_Nrml: 0.00000,  L_Eknl: 0.08353, L_Morse: 2.92573

Weights: [7000.0, 600.0, 0, 50.0, 0.0, 0.1], lr=5.000e-05
Epoch: 0 [9050/10000 (90%)] Loss: 20.56119 = L_Mnfld: 4.61862 + L_NonMnfld: 11.65274 + L_Nrml: 0.00000 + L_Eknl: 3.98328 + L_Div: 0.00000 + L_Morse: 0.30655
Epoch: 0 [9050/10000 (90%)] Unweighted L_s : L_Mnfld: 0.00066,  L_NonMnfld: 0.01942,  L_Nrml: 0.00000,  L_Eknl: 0.07967, L_Morse: 3.06549

Weights: [7000.0, 600.0, 0, 50.0, 0.0, 0.1], lr=5.000e-05
Epoch: 0 [9060/10000 (91%)] Loss: 22.06430 = L_Mnfld: 5.55738 + L_NonMnfld: 12.06200 + L_Nrml: 0.00000 + L_Eknl: 4.14880 + L_Div: 0.00000 + L_Morse: 0.29611
Epoch: 0 [9060/10000 (91%)] Unweighted L_s : L_Mnfld: 0.00079,  L_NonMnfld: 0.02010,  L_Nrml: 0.00000,  L_Eknl: 0.08298, L_Morse: 2.96111

Weights: [7000.0, 600.0, 0, 50.0, 0.0, 0.1], lr=5.000e-05
Epoch: 0 [9070/10000 (91%)] Loss: 20.50043 = L_Mnfld: 5.02956 + L_NonMnfld: 10.82558 + L_Nrml: 0.00000 + L_Eknl: 4.33916 + L_Div: 0.00000 + L_Morse: 0.30613
Epoch: 0 [9070/10000 (91%)] Unweighted L_s : L_Mnfld: 0.00072,  L_NonMnfld: 0.01804,  L_Nrml: 0.00000,  L_Eknl: 0.08678, L_Morse: 3.06130

Weights: [7000.0, 600.0, 0, 50.0, 0.0, 0.1], lr=5.000e-05
Epoch: 0 [9080/10000 (91%)] Loss: 21.71936 = L_Mnfld: 4.97987 + L_NonMnfld: 12.24303 + L_Nrml: 0.00000 + L_Eknl: 4.19517 + L_Div: 0.00000 + L_Morse: 0.30129
Epoch: 0 [9080/10000 (91%)] Unweighted L_s : L_Mnfld: 0.00071,  L_NonMnfld: 0.02041,  L_Nrml: 0.00000,  L_Eknl: 0.08390, L_Morse: 3.01290

Weights: [7000.0, 600.0, 0, 50.0, 0.0, 0.1], lr=5.000e-05
Epoch: 0 [9090/10000 (91%)] Loss: 23.16213 = L_Mnfld: 6.17628 + L_NonMnfld: 12.37866 + L_Nrml: 0.00000 + L_Eknl: 4.29647 + L_Div: 0.00000 + L_Morse: 0.31073
Epoch: 0 [9090/10000 (91%)] Unweighted L_s : L_Mnfld: 0.00088,  L_NonMnfld: 0.02063,  L_Nrml: 0.00000,  L_Eknl: 0.08593, L_Morse: 3.10729

Weights: [7000.0, 600.0, 0, 50.0, 0.0, 0.1], lr=5.000e-05
Epoch: 0 [9100/10000 (91%)] Loss: 22.33971 = L_Mnfld: 5.36497 + L_NonMnfld: 12.40215 + L_Nrml: 0.00000 + L_Eknl: 4.27169 + L_Div: 0.00000 + L_Morse: 0.30091
Epoch: 0 [9100/10000 (91%)] Unweighted L_s : L_Mnfld: 0.00077,  L_NonMnfld: 0.02067,  L_Nrml: 0.00000,  L_Eknl: 0.08543, L_Morse: 3.00906

Weights: [7000.0, 600.0, 0, 50.0, 0.0, 0.1], lr=5.000e-05
Epoch: 0 [9110/10000 (91%)] Loss: 22.19794 = L_Mnfld: 5.59703 + L_NonMnfld: 11.97670 + L_Nrml: 0.00000 + L_Eknl: 4.32519 + L_Div: 0.00000 + L_Morse: 0.29902
Epoch: 0 [9110/10000 (91%)] Unweighted L_s : L_Mnfld: 0.00080,  L_NonMnfld: 0.01996,  L_Nrml: 0.00000,  L_Eknl: 0.08650, L_Morse: 2.99019

Weights: [7000.0, 600.0, 0, 50.0, 0.0, 0.1], lr=5.000e-05
Epoch: 0 [9120/10000 (91%)] Loss: 23.08235 = L_Mnfld: 6.00213 + L_NonMnfld: 12.44512 + L_Nrml: 0.00000 + L_Eknl: 4.33198 + L_Div: 0.00000 + L_Morse: 0.30312
Epoch: 0 [9120/10000 (91%)] Unweighted L_s : L_Mnfld: 0.00086,  L_NonMnfld: 0.02074,  L_Nrml: 0.00000,  L_Eknl: 0.08664, L_Morse: 3.03118

Weights: [7000.0, 600.0, 0, 50.0, 0.0, 0.1], lr=5.000e-05
Epoch: 0 [9130/10000 (91%)] Loss: 21.49900 = L_Mnfld: 6.01501 + L_NonMnfld: 10.70352 + L_Nrml: 0.00000 + L_Eknl: 4.48899 + L_Div: 0.00000 + L_Morse: 0.29147
Epoch: 0 [9130/10000 (91%)] Unweighted L_s : L_Mnfld: 0.00086,  L_NonMnfld: 0.01784,  L_Nrml: 0.00000,  L_Eknl: 0.08978, L_Morse: 2.91471

Weights: [7000.0, 600.0, 0, 50.0, 0.0, 0.1], lr=5.000e-05
Epoch: 0 [9140/10000 (91%)] Loss: 22.44508 = L_Mnfld: 5.36084 + L_NonMnfld: 12.41119 + L_Nrml: 0.00000 + L_Eknl: 4.37722 + L_Div: 0.00000 + L_Morse: 0.29583
Epoch: 0 [9140/10000 (91%)] Unweighted L_s : L_Mnfld: 0.00077,  L_NonMnfld: 0.02069,  L_Nrml: 0.00000,  L_Eknl: 0.08754, L_Morse: 2.95829

Weights: [7000.0, 600.0, 0, 50.0, 0.0, 0.1], lr=5.000e-05
Epoch: 0 [9150/10000 (92%)] Loss: 21.56633 = L_Mnfld: 5.24312 + L_NonMnfld: 11.75868 + L_Nrml: 0.00000 + L_Eknl: 4.26204 + L_Div: 0.00000 + L_Morse: 0.30249
Epoch: 0 [9150/10000 (92%)] Unweighted L_s : L_Mnfld: 0.00075,  L_NonMnfld: 0.01960,  L_Nrml: 0.00000,  L_Eknl: 0.08524, L_Morse: 3.02486

Weights: [7000.0, 600.0, 0, 50.0, 0.0, 0.1], lr=5.000e-05
Epoch: 0 [9160/10000 (92%)] Loss: 23.57885 = L_Mnfld: 6.50554 + L_NonMnfld: 12.32760 + L_Nrml: 0.00000 + L_Eknl: 4.44417 + L_Div: 0.00000 + L_Morse: 0.30154
Epoch: 0 [9160/10000 (92%)] Unweighted L_s : L_Mnfld: 0.00093,  L_NonMnfld: 0.02055,  L_Nrml: 0.00000,  L_Eknl: 0.08888, L_Morse: 3.01539

Weights: [7000.0, 600.0, 0, 50.0, 0.0, 0.1], lr=5.000e-05
Epoch: 0 [9170/10000 (92%)] Loss: 22.72129 = L_Mnfld: 6.30554 + L_NonMnfld: 11.43452 + L_Nrml: 0.00000 + L_Eknl: 4.67221 + L_Div: 0.00000 + L_Morse: 0.30902
Epoch: 0 [9170/10000 (92%)] Unweighted L_s : L_Mnfld: 0.00090,  L_NonMnfld: 0.01906,  L_Nrml: 0.00000,  L_Eknl: 0.09344, L_Morse: 3.09020

Weights: [7000.0, 600.0, 0, 50.0, 0.0, 0.1], lr=5.000e-05
Epoch: 0 [9180/10000 (92%)] Loss: 21.40288 = L_Mnfld: 5.66543 + L_NonMnfld: 10.98893 + L_Nrml: 0.00000 + L_Eknl: 4.44461 + L_Div: 0.00000 + L_Morse: 0.30391
Epoch: 0 [9180/10000 (92%)] Unweighted L_s : L_Mnfld: 0.00081,  L_NonMnfld: 0.01831,  L_Nrml: 0.00000,  L_Eknl: 0.08889, L_Morse: 3.03913

Weights: [7000.0, 600.0, 0, 50.0, 0.0, 0.1], lr=5.000e-05
Epoch: 0 [9190/10000 (92%)] Loss: 23.40561 = L_Mnfld: 6.21602 + L_NonMnfld: 12.45166 + L_Nrml: 0.00000 + L_Eknl: 4.42947 + L_Div: 0.00000 + L_Morse: 0.30846
Epoch: 0 [9190/10000 (92%)] Unweighted L_s : L_Mnfld: 0.00089,  L_NonMnfld: 0.02075,  L_Nrml: 0.00000,  L_Eknl: 0.08859, L_Morse: 3.08460

Weights: [7000.0, 600.0, 0, 50.0, 0.0, 0.1], lr=5.000e-05
Epoch: 0 [9200/10000 (92%)] Loss: 21.87833 = L_Mnfld: 5.53047 + L_NonMnfld: 11.82260 + L_Nrml: 0.00000 + L_Eknl: 4.22517 + L_Div: 0.00000 + L_Morse: 0.30008
Epoch: 0 [9200/10000 (92%)] Unweighted L_s : L_Mnfld: 0.00079,  L_NonMnfld: 0.01970,  L_Nrml: 0.00000,  L_Eknl: 0.08450, L_Morse: 3.00082

Weights: [7000.0, 600.0, 0, 50.0, 0.0, 0.1], lr=5.000e-05
Epoch: 0 [9210/10000 (92%)] Loss: 22.71588 = L_Mnfld: 5.61660 + L_NonMnfld: 12.37761 + L_Nrml: 0.00000 + L_Eknl: 4.42108 + L_Div: 0.00000 + L_Morse: 0.30058
Epoch: 0 [9210/10000 (92%)] Unweighted L_s : L_Mnfld: 0.00080,  L_NonMnfld: 0.02063,  L_Nrml: 0.00000,  L_Eknl: 0.08842, L_Morse: 3.00584

Weights: [7000.0, 600.0, 0, 50.0, 0.0, 0.1], lr=5.000e-05
Epoch: 0 [9220/10000 (92%)] Loss: 23.34941 = L_Mnfld: 6.13714 + L_NonMnfld: 12.65208 + L_Nrml: 0.00000 + L_Eknl: 4.27576 + L_Div: 0.00000 + L_Morse: 0.28443
Epoch: 0 [9220/10000 (92%)] Unweighted L_s : L_Mnfld: 0.00088,  L_NonMnfld: 0.02109,  L_Nrml: 0.00000,  L_Eknl: 0.08552, L_Morse: 2.84434

Weights: [7000.0, 600.0, 0, 50.0, 0.0, 0.1], lr=5.000e-05
Epoch: 0 [9230/10000 (92%)] Loss: 22.45549 = L_Mnfld: 5.60811 + L_NonMnfld: 12.09883 + L_Nrml: 0.00000 + L_Eknl: 4.44237 + L_Div: 0.00000 + L_Morse: 0.30618
Epoch: 0 [9230/10000 (92%)] Unweighted L_s : L_Mnfld: 0.00080,  L_NonMnfld: 0.02016,  L_Nrml: 0.00000,  L_Eknl: 0.08885, L_Morse: 3.06176

Weights: [7000.0, 600.0, 0, 50.0, 0.0, 0.1], lr=5.000e-05
Epoch: 0 [9240/10000 (92%)] Loss: 23.54029 = L_Mnfld: 6.05097 + L_NonMnfld: 12.93519 + L_Nrml: 0.00000 + L_Eknl: 4.24864 + L_Div: 0.00000 + L_Morse: 0.30548
Epoch: 0 [9240/10000 (92%)] Unweighted L_s : L_Mnfld: 0.00086,  L_NonMnfld: 0.02156,  L_Nrml: 0.00000,  L_Eknl: 0.08497, L_Morse: 3.05483

Weights: [7000.0, 600.0, 0, 50.0, 0.0, 0.1], lr=5.000e-05
Epoch: 0 [9250/10000 (92%)] Loss: 22.44317 = L_Mnfld: 5.23048 + L_NonMnfld: 12.63085 + L_Nrml: 0.00000 + L_Eknl: 4.27562 + L_Div: 0.00000 + L_Morse: 0.30622
Epoch: 0 [9250/10000 (92%)] Unweighted L_s : L_Mnfld: 0.00075,  L_NonMnfld: 0.02105,  L_Nrml: 0.00000,  L_Eknl: 0.08551, L_Morse: 3.06216

Weights: [7000.0, 600.0, 0, 50.0, 0.0, 0.1], lr=5.000e-05
Epoch: 0 [9260/10000 (93%)] Loss: 21.89797 = L_Mnfld: 5.40175 + L_NonMnfld: 11.79591 + L_Nrml: 0.00000 + L_Eknl: 4.39213 + L_Div: 0.00000 + L_Morse: 0.30819
Epoch: 0 [9260/10000 (93%)] Unweighted L_s : L_Mnfld: 0.00077,  L_NonMnfld: 0.01966,  L_Nrml: 0.00000,  L_Eknl: 0.08784, L_Morse: 3.08186

Weights: [7000.0, 600.0, 0, 50.0, 0.0, 0.1], lr=5.000e-05
Epoch: 0 [9270/10000 (93%)] Loss: 21.36520 = L_Mnfld: 5.25413 + L_NonMnfld: 11.66122 + L_Nrml: 0.00000 + L_Eknl: 4.15240 + L_Div: 0.00000 + L_Morse: 0.29745
Epoch: 0 [9270/10000 (93%)] Unweighted L_s : L_Mnfld: 0.00075,  L_NonMnfld: 0.01944,  L_Nrml: 0.00000,  L_Eknl: 0.08305, L_Morse: 2.97455

Weights: [7000.0, 600.0, 0, 50.0, 0.0, 0.1], lr=5.000e-05
Epoch: 0 [9280/10000 (93%)] Loss: 21.30471 = L_Mnfld: 4.84226 + L_NonMnfld: 12.08242 + L_Nrml: 0.00000 + L_Eknl: 4.07880 + L_Div: 0.00000 + L_Morse: 0.30124
Epoch: 0 [9280/10000 (93%)] Unweighted L_s : L_Mnfld: 0.00069,  L_NonMnfld: 0.02014,  L_Nrml: 0.00000,  L_Eknl: 0.08158, L_Morse: 3.01241

Weights: [7000.0, 600.0, 0, 50.0, 0.0, 0.1], lr=5.000e-05
Epoch: 0 [9290/10000 (93%)] Loss: 21.81297 = L_Mnfld: 5.88222 + L_NonMnfld: 11.32769 + L_Nrml: 0.00000 + L_Eknl: 4.31550 + L_Div: 0.00000 + L_Morse: 0.28755
Epoch: 0 [9290/10000 (93%)] Unweighted L_s : L_Mnfld: 0.00084,  L_NonMnfld: 0.01888,  L_Nrml: 0.00000,  L_Eknl: 0.08631, L_Morse: 2.87553

Weights: [7000.0, 600.0, 0, 50.0, 0.0, 0.1], lr=5.000e-05
Epoch: 0 [9300/10000 (93%)] Loss: 22.71510 = L_Mnfld: 5.33396 + L_NonMnfld: 12.97461 + L_Nrml: 0.00000 + L_Eknl: 4.11804 + L_Div: 0.00000 + L_Morse: 0.28849
Epoch: 0 [9300/10000 (93%)] Unweighted L_s : L_Mnfld: 0.00076,  L_NonMnfld: 0.02162,  L_Nrml: 0.00000,  L_Eknl: 0.08236, L_Morse: 2.88494

Weights: [7000.0, 600.0, 0, 50.0, 0.0, 0.1], lr=5.000e-05
Epoch: 0 [9310/10000 (93%)] Loss: 23.54980 = L_Mnfld: 5.35617 + L_NonMnfld: 13.82053 + L_Nrml: 0.00000 + L_Eknl: 4.07546 + L_Div: 0.00000 + L_Morse: 0.29763
Epoch: 0 [9310/10000 (93%)] Unweighted L_s : L_Mnfld: 0.00077,  L_NonMnfld: 0.02303,  L_Nrml: 0.00000,  L_Eknl: 0.08151, L_Morse: 2.97631

Weights: [7000.0, 600.0, 0, 50.0, 0.0, 0.1], lr=5.000e-05
Epoch: 0 [9320/10000 (93%)] Loss: 22.47560 = L_Mnfld: 5.02800 + L_NonMnfld: 12.93371 + L_Nrml: 0.00000 + L_Eknl: 4.20303 + L_Div: 0.00000 + L_Morse: 0.31086
Epoch: 0 [9320/10000 (93%)] Unweighted L_s : L_Mnfld: 0.00072,  L_NonMnfld: 0.02156,  L_Nrml: 0.00000,  L_Eknl: 0.08406, L_Morse: 3.10855

Weights: [7000.0, 600.0, 0, 50.0, 0.0, 0.1], lr=5.000e-05
Epoch: 0 [9330/10000 (93%)] Loss: 21.24806 = L_Mnfld: 4.93247 + L_NonMnfld: 11.59938 + L_Nrml: 0.00000 + L_Eknl: 4.39867 + L_Div: 0.00000 + L_Morse: 0.31754
Epoch: 0 [9330/10000 (93%)] Unweighted L_s : L_Mnfld: 0.00070,  L_NonMnfld: 0.01933,  L_Nrml: 0.00000,  L_Eknl: 0.08797, L_Morse: 3.17541

Weights: [7000.0, 600.0, 0, 50.0, 0.0, 0.1], lr=5.000e-05
Epoch: 0 [9340/10000 (93%)] Loss: 23.03295 = L_Mnfld: 5.62284 + L_NonMnfld: 12.79287 + L_Nrml: 0.00000 + L_Eknl: 4.32647 + L_Div: 0.00000 + L_Morse: 0.29077
Epoch: 0 [9340/10000 (93%)] Unweighted L_s : L_Mnfld: 0.00080,  L_NonMnfld: 0.02132,  L_Nrml: 0.00000,  L_Eknl: 0.08653, L_Morse: 2.90769

Weights: [7000.0, 600.0, 0, 50.0, 0.0, 0.1], lr=5.000e-05
Epoch: 0 [9350/10000 (94%)] Loss: 21.94903 = L_Mnfld: 5.56770 + L_NonMnfld: 11.53811 + L_Nrml: 0.00000 + L_Eknl: 4.54926 + L_Div: 0.00000 + L_Morse: 0.29396
Epoch: 0 [9350/10000 (94%)] Unweighted L_s : L_Mnfld: 0.00080,  L_NonMnfld: 0.01923,  L_Nrml: 0.00000,  L_Eknl: 0.09099, L_Morse: 2.93962

Weights: [7000.0, 600.0, 0, 50.0, 0.0, 0.1], lr=5.000e-05
Epoch: 0 [9360/10000 (94%)] Loss: 22.72447 = L_Mnfld: 5.76680 + L_NonMnfld: 12.32972 + L_Nrml: 0.00000 + L_Eknl: 4.33838 + L_Div: 0.00000 + L_Morse: 0.28958
Epoch: 0 [9360/10000 (94%)] Unweighted L_s : L_Mnfld: 0.00082,  L_NonMnfld: 0.02055,  L_Nrml: 0.00000,  L_Eknl: 0.08677, L_Morse: 2.89576

Weights: [7000.0, 600.0, 0, 50.0, 0.0, 0.1], lr=5.000e-05
Epoch: 0 [9370/10000 (94%)] Loss: 22.69074 = L_Mnfld: 5.85641 + L_NonMnfld: 11.87729 + L_Nrml: 0.00000 + L_Eknl: 4.65158 + L_Div: 0.00000 + L_Morse: 0.30547
Epoch: 0 [9370/10000 (94%)] Unweighted L_s : L_Mnfld: 0.00084,  L_NonMnfld: 0.01980,  L_Nrml: 0.00000,  L_Eknl: 0.09303, L_Morse: 3.05467

Weights: [7000.0, 600.0, 0, 50.0, 0.0, 0.1], lr=5.000e-05
Epoch: 0 [9380/10000 (94%)] Loss: 22.12192 = L_Mnfld: 4.96119 + L_NonMnfld: 11.96585 + L_Nrml: 0.00000 + L_Eknl: 4.88288 + L_Div: 0.00000 + L_Morse: 0.31200
Epoch: 0 [9380/10000 (94%)] Unweighted L_s : L_Mnfld: 0.00071,  L_NonMnfld: 0.01994,  L_Nrml: 0.00000,  L_Eknl: 0.09766, L_Morse: 3.12005

Weights: [7000.0, 600.0, 0, 50.0, 0.0, 0.1], lr=5.000e-05
Epoch: 0 [9390/10000 (94%)] Loss: 23.49006 = L_Mnfld: 6.26628 + L_NonMnfld: 12.43016 + L_Nrml: 0.00000 + L_Eknl: 4.49365 + L_Div: 0.00000 + L_Morse: 0.29998
Epoch: 0 [9390/10000 (94%)] Unweighted L_s : L_Mnfld: 0.00090,  L_NonMnfld: 0.02072,  L_Nrml: 0.00000,  L_Eknl: 0.08987, L_Morse: 2.99978

Weights: [7000.0, 600.0, 0, 50.0, 0.0, 0.1], lr=5.000e-05
Epoch: 0 [9400/10000 (94%)] Loss: 22.23339 = L_Mnfld: 6.05892 + L_NonMnfld: 11.47148 + L_Nrml: 0.00000 + L_Eknl: 4.39642 + L_Div: 0.00000 + L_Morse: 0.30658
Epoch: 0 [9400/10000 (94%)] Unweighted L_s : L_Mnfld: 0.00087,  L_NonMnfld: 0.01912,  L_Nrml: 0.00000,  L_Eknl: 0.08793, L_Morse: 3.06581

Weights: [7000.0, 600.0, 0, 50.0, 0.0, 0.1], lr=5.000e-05
Epoch: 0 [9410/10000 (94%)] Loss: 22.46184 = L_Mnfld: 5.01024 + L_NonMnfld: 12.92236 + L_Nrml: 0.00000 + L_Eknl: 4.23442 + L_Div: 0.00000 + L_Morse: 0.29482
Epoch: 0 [9410/10000 (94%)] Unweighted L_s : L_Mnfld: 0.00072,  L_NonMnfld: 0.02154,  L_Nrml: 0.00000,  L_Eknl: 0.08469, L_Morse: 2.94820

Weights: [7000.0, 600.0, 0, 50.0, 0.0, 0.1], lr=5.000e-05
Epoch: 0 [9420/10000 (94%)] Loss: 23.40925 = L_Mnfld: 5.81244 + L_NonMnfld: 12.86127 + L_Nrml: 0.00000 + L_Eknl: 4.43535 + L_Div: 0.00000 + L_Morse: 0.30019
Epoch: 0 [9420/10000 (94%)] Unweighted L_s : L_Mnfld: 0.00083,  L_NonMnfld: 0.02144,  L_Nrml: 0.00000,  L_Eknl: 0.08871, L_Morse: 3.00187

Weights: [7000.0, 600.0, 0, 50.0, 0.0, 0.1], lr=5.000e-05
Epoch: 0 [9430/10000 (94%)] Loss: 22.43687 = L_Mnfld: 5.60464 + L_NonMnfld: 11.86761 + L_Nrml: 0.00000 + L_Eknl: 4.65664 + L_Div: 0.00000 + L_Morse: 0.30797
Epoch: 0 [9430/10000 (94%)] Unweighted L_s : L_Mnfld: 0.00080,  L_NonMnfld: 0.01978,  L_Nrml: 0.00000,  L_Eknl: 0.09313, L_Morse: 3.07973

Weights: [7000.0, 600.0, 0, 50.0, 0.0, 0.1], lr=5.000e-05
Epoch: 0 [9440/10000 (94%)] Loss: 23.37487 = L_Mnfld: 5.12818 + L_NonMnfld: 13.66881 + L_Nrml: 0.00000 + L_Eknl: 4.28033 + L_Div: 0.00000 + L_Morse: 0.29755
Epoch: 0 [9440/10000 (94%)] Unweighted L_s : L_Mnfld: 0.00073,  L_NonMnfld: 0.02278,  L_Nrml: 0.00000,  L_Eknl: 0.08561, L_Morse: 2.97553

Weights: [7000.0, 600.0, 0, 50.0, 0.0, 0.1], lr=5.000e-05
Epoch: 0 [9450/10000 (94%)] Loss: 23.25596 = L_Mnfld: 5.98999 + L_NonMnfld: 12.62617 + L_Nrml: 0.00000 + L_Eknl: 4.34029 + L_Div: 0.00000 + L_Morse: 0.29952
Epoch: 0 [9450/10000 (94%)] Unweighted L_s : L_Mnfld: 0.00086,  L_NonMnfld: 0.02104,  L_Nrml: 0.00000,  L_Eknl: 0.08681, L_Morse: 2.99515

Weights: [7000.0, 600.0, 0, 50.0, 0.0, 0.1], lr=5.000e-05
Epoch: 0 [9460/10000 (95%)] Loss: 23.14906 = L_Mnfld: 5.41393 + L_NonMnfld: 13.11307 + L_Nrml: 0.00000 + L_Eknl: 4.32073 + L_Div: 0.00000 + L_Morse: 0.30133
Epoch: 0 [9460/10000 (95%)] Unweighted L_s : L_Mnfld: 0.00077,  L_NonMnfld: 0.02186,  L_Nrml: 0.00000,  L_Eknl: 0.08641, L_Morse: 3.01332

Weights: [7000.0, 600.0, 0, 50.0, 0.0, 0.1], lr=5.000e-05
Epoch: 0 [9470/10000 (95%)] Loss: 22.76005 = L_Mnfld: 5.70063 + L_NonMnfld: 12.26859 + L_Nrml: 0.00000 + L_Eknl: 4.48492 + L_Div: 0.00000 + L_Morse: 0.30591
Epoch: 0 [9470/10000 (95%)] Unweighted L_s : L_Mnfld: 0.00081,  L_NonMnfld: 0.02045,  L_Nrml: 0.00000,  L_Eknl: 0.08970, L_Morse: 3.05914

Weights: [7000.0, 600.0, 0, 50.0, 0.0, 0.1], lr=5.000e-05
Epoch: 0 [9480/10000 (95%)] Loss: 22.26548 = L_Mnfld: 5.81413 + L_NonMnfld: 11.71308 + L_Nrml: 0.00000 + L_Eknl: 4.43361 + L_Div: 0.00000 + L_Morse: 0.30466
Epoch: 0 [9480/10000 (95%)] Unweighted L_s : L_Mnfld: 0.00083,  L_NonMnfld: 0.01952,  L_Nrml: 0.00000,  L_Eknl: 0.08867, L_Morse: 3.04660

Weights: [7000.0, 600.0, 0, 50.0, 0.0, 0.1], lr=5.000e-05
Epoch: 0 [9490/10000 (95%)] Loss: 22.26406 = L_Mnfld: 5.64715 + L_NonMnfld: 11.76965 + L_Nrml: 0.00000 + L_Eknl: 4.52083 + L_Div: 0.00000 + L_Morse: 0.32643
Epoch: 0 [9490/10000 (95%)] Unweighted L_s : L_Mnfld: 0.00081,  L_NonMnfld: 0.01962,  L_Nrml: 0.00000,  L_Eknl: 0.09042, L_Morse: 3.26433

Weights: [7000.0, 600.0, 0, 50.0, 0.0, 0.1], lr=5.000e-05
Epoch: 0 [9500/10000 (95%)] Loss: 23.33000 = L_Mnfld: 5.53609 + L_NonMnfld: 12.94151 + L_Nrml: 0.00000 + L_Eknl: 4.53723 + L_Div: 0.00000 + L_Morse: 0.31516
Epoch: 0 [9500/10000 (95%)] Unweighted L_s : L_Mnfld: 0.00079,  L_NonMnfld: 0.02157,  L_Nrml: 0.00000,  L_Eknl: 0.09074, L_Morse: 3.15163

Weights: [7000.0, 600.0, 0, 50.0, 0.0, 0.1], lr=5.000e-05
Epoch: 0 [9510/10000 (95%)] Loss: 21.17006 = L_Mnfld: 5.24786 + L_NonMnfld: 11.15044 + L_Nrml: 0.00000 + L_Eknl: 4.46353 + L_Div: 0.00000 + L_Morse: 0.30823
Epoch: 0 [9510/10000 (95%)] Unweighted L_s : L_Mnfld: 0.00075,  L_NonMnfld: 0.01858,  L_Nrml: 0.00000,  L_Eknl: 0.08927, L_Morse: 3.08231

Weights: [7000.0, 600.0, 0, 50.0, 0.0, 0.1], lr=5.000e-05
Epoch: 0 [9520/10000 (95%)] Loss: 21.58972 = L_Mnfld: 4.92846 + L_NonMnfld: 12.22979 + L_Nrml: 0.00000 + L_Eknl: 4.13539 + L_Div: 0.00000 + L_Morse: 0.29608
Epoch: 0 [9520/10000 (95%)] Unweighted L_s : L_Mnfld: 0.00070,  L_NonMnfld: 0.02038,  L_Nrml: 0.00000,  L_Eknl: 0.08271, L_Morse: 2.96077

Weights: [7000.0, 600.0, 0, 50.0, 0.0, 0.1], lr=5.000e-05
Epoch: 0 [9530/10000 (95%)] Loss: 21.36556 = L_Mnfld: 5.16236 + L_NonMnfld: 11.68683 + L_Nrml: 0.00000 + L_Eknl: 4.20450 + L_Div: 0.00000 + L_Morse: 0.31187
Epoch: 0 [9530/10000 (95%)] Unweighted L_s : L_Mnfld: 0.00074,  L_NonMnfld: 0.01948,  L_Nrml: 0.00000,  L_Eknl: 0.08409, L_Morse: 3.11870

Weights: [7000.0, 600.0, 0, 50.0, 0.0, 0.1], lr=5.000e-05
Epoch: 0 [9540/10000 (95%)] Loss: 21.78143 = L_Mnfld: 4.92279 + L_NonMnfld: 12.32304 + L_Nrml: 0.00000 + L_Eknl: 4.23587 + L_Div: 0.00000 + L_Morse: 0.29973
Epoch: 0 [9540/10000 (95%)] Unweighted L_s : L_Mnfld: 0.00070,  L_NonMnfld: 0.02054,  L_Nrml: 0.00000,  L_Eknl: 0.08472, L_Morse: 2.99728

Weights: [7000.0, 600.0, 0, 50.0, 0.0, 0.1], lr=5.000e-05
Epoch: 0 [9550/10000 (96%)] Loss: 21.73734 = L_Mnfld: 4.76605 + L_NonMnfld: 12.18586 + L_Nrml: 0.00000 + L_Eknl: 4.45536 + L_Div: 0.00000 + L_Morse: 0.33007
Epoch: 0 [9550/10000 (96%)] Unweighted L_s : L_Mnfld: 0.00068,  L_NonMnfld: 0.02031,  L_Nrml: 0.00000,  L_Eknl: 0.08911, L_Morse: 3.30070

Weights: [7000.0, 600.0, 0, 50.0, 0.0, 0.1], lr=5.000e-05
Epoch: 0 [9560/10000 (96%)] Loss: 21.86233 = L_Mnfld: 5.56138 + L_NonMnfld: 11.58732 + L_Nrml: 0.00000 + L_Eknl: 4.41344 + L_Div: 0.00000 + L_Morse: 0.30020
Epoch: 0 [9560/10000 (96%)] Unweighted L_s : L_Mnfld: 0.00079,  L_NonMnfld: 0.01931,  L_Nrml: 0.00000,  L_Eknl: 0.08827, L_Morse: 3.00200

Weights: [7000.0, 600.0, 0, 50.0, 0.0, 0.1], lr=5.000e-05
Epoch: 0 [9570/10000 (96%)] Loss: 21.92583 = L_Mnfld: 5.42849 + L_NonMnfld: 11.81907 + L_Nrml: 0.00000 + L_Eknl: 4.37799 + L_Div: 0.00000 + L_Morse: 0.30028
Epoch: 0 [9570/10000 (96%)] Unweighted L_s : L_Mnfld: 0.00078,  L_NonMnfld: 0.01970,  L_Nrml: 0.00000,  L_Eknl: 0.08756, L_Morse: 3.00279

Weights: [7000.0, 600.0, 0, 50.0, 0.0, 0.1], lr=5.000e-05
Epoch: 0 [9580/10000 (96%)] Loss: 20.66345 = L_Mnfld: 4.50499 + L_NonMnfld: 11.65678 + L_Nrml: 0.00000 + L_Eknl: 4.19907 + L_Div: 0.00000 + L_Morse: 0.30261
Epoch: 0 [9580/10000 (96%)] Unweighted L_s : L_Mnfld: 0.00064,  L_NonMnfld: 0.01943,  L_Nrml: 0.00000,  L_Eknl: 0.08398, L_Morse: 3.02609

Weights: [7000.0, 600.0, 0, 50.0, 0.0, 0.1], lr=5.000e-05
Epoch: 0 [9590/10000 (96%)] Loss: 21.31567 = L_Mnfld: 5.22313 + L_NonMnfld: 11.38357 + L_Nrml: 0.00000 + L_Eknl: 4.41970 + L_Div: 0.00000 + L_Morse: 0.28927
Epoch: 0 [9590/10000 (96%)] Unweighted L_s : L_Mnfld: 0.00075,  L_NonMnfld: 0.01897,  L_Nrml: 0.00000,  L_Eknl: 0.08839, L_Morse: 2.89267

Weights: [7000.0, 600.0, 0, 50.0, 0.0, 0.1], lr=5.000e-05
Epoch: 0 [9600/10000 (96%)] Loss: 20.20832 = L_Mnfld: 4.95928 + L_NonMnfld: 10.71175 + L_Nrml: 0.00000 + L_Eknl: 4.23776 + L_Div: 0.00000 + L_Morse: 0.29954
Epoch: 0 [9600/10000 (96%)] Unweighted L_s : L_Mnfld: 0.00071,  L_NonMnfld: 0.01785,  L_Nrml: 0.00000,  L_Eknl: 0.08476, L_Morse: 2.99537

Weights: [7000.0, 600.0, 0, 50.0, 0.0, 0.1], lr=5.000e-05
Epoch: 0 [9610/10000 (96%)] Loss: 22.54327 = L_Mnfld: 5.62055 + L_NonMnfld: 12.11461 + L_Nrml: 0.00000 + L_Eknl: 4.51145 + L_Div: 0.00000 + L_Morse: 0.29666
Epoch: 0 [9610/10000 (96%)] Unweighted L_s : L_Mnfld: 0.00080,  L_NonMnfld: 0.02019,  L_Nrml: 0.00000,  L_Eknl: 0.09023, L_Morse: 2.96657

Weights: [7000.0, 600.0, 0, 50.0, 0.0, 0.1], lr=5.000e-05
Epoch: 0 [9620/10000 (96%)] Loss: 21.02940 = L_Mnfld: 4.81429 + L_NonMnfld: 11.65890 + L_Nrml: 0.00000 + L_Eknl: 4.25907 + L_Div: 0.00000 + L_Morse: 0.29715
Epoch: 0 [9620/10000 (96%)] Unweighted L_s : L_Mnfld: 0.00069,  L_NonMnfld: 0.01943,  L_Nrml: 0.00000,  L_Eknl: 0.08518, L_Morse: 2.97150

Weights: [7000.0, 600.0, 0, 50.0, 0.0, 0.1], lr=5.000e-05
Epoch: 0 [9630/10000 (96%)] Loss: 21.72400 = L_Mnfld: 4.95409 + L_NonMnfld: 12.38465 + L_Nrml: 0.00000 + L_Eknl: 4.09814 + L_Div: 0.00000 + L_Morse: 0.28711
Epoch: 0 [9630/10000 (96%)] Unweighted L_s : L_Mnfld: 0.00071,  L_NonMnfld: 0.02064,  L_Nrml: 0.00000,  L_Eknl: 0.08196, L_Morse: 2.87114

Weights: [7000.0, 600.0, 0, 50.0, 0.0, 0.1], lr=5.000e-05
Epoch: 0 [9640/10000 (96%)] Loss: 21.60219 = L_Mnfld: 4.92514 + L_NonMnfld: 12.05966 + L_Nrml: 0.00000 + L_Eknl: 4.32696 + L_Div: 0.00000 + L_Morse: 0.29043
Epoch: 0 [9640/10000 (96%)] Unweighted L_s : L_Mnfld: 0.00070,  L_NonMnfld: 0.02010,  L_Nrml: 0.00000,  L_Eknl: 0.08654, L_Morse: 2.90435

Weights: [7000.0, 600.0, 0, 50.0, 0.0, 0.1], lr=5.000e-05
Epoch: 0 [9650/10000 (96%)] Loss: 21.55116 = L_Mnfld: 5.69752 + L_NonMnfld: 11.29343 + L_Nrml: 0.00000 + L_Eknl: 4.27423 + L_Div: 0.00000 + L_Morse: 0.28598
Epoch: 0 [9650/10000 (96%)] Unweighted L_s : L_Mnfld: 0.00081,  L_NonMnfld: 0.01882,  L_Nrml: 0.00000,  L_Eknl: 0.08548, L_Morse: 2.85981

Weights: [7000.0, 600.0, 0, 50.0, 0.0, 0.1], lr=5.000e-05
Epoch: 0 [9660/10000 (97%)] Loss: 21.11022 = L_Mnfld: 4.81162 + L_NonMnfld: 11.53358 + L_Nrml: 0.00000 + L_Eknl: 4.44257 + L_Div: 0.00000 + L_Morse: 0.32245
Epoch: 0 [9660/10000 (97%)] Unweighted L_s : L_Mnfld: 0.00069,  L_NonMnfld: 0.01922,  L_Nrml: 0.00000,  L_Eknl: 0.08885, L_Morse: 3.22448

Weights: [7000.0, 600.0, 0, 50.0, 0.0, 0.1], lr=5.000e-05
Epoch: 0 [9670/10000 (97%)] Loss: 22.82667 = L_Mnfld: 5.50573 + L_NonMnfld: 12.54675 + L_Nrml: 0.00000 + L_Eknl: 4.45957 + L_Div: 0.00000 + L_Morse: 0.31462
Epoch: 0 [9670/10000 (97%)] Unweighted L_s : L_Mnfld: 0.00079,  L_NonMnfld: 0.02091,  L_Nrml: 0.00000,  L_Eknl: 0.08919, L_Morse: 3.14623

Weights: [7000.0, 600.0, 0, 50.0, 0.0, 0.1], lr=5.000e-05
Epoch: 0 [9680/10000 (97%)] Loss: 20.70552 = L_Mnfld: 4.99128 + L_NonMnfld: 11.17857 + L_Nrml: 0.00000 + L_Eknl: 4.23809 + L_Div: 0.00000 + L_Morse: 0.29759
Epoch: 0 [9680/10000 (97%)] Unweighted L_s : L_Mnfld: 0.00071,  L_NonMnfld: 0.01863,  L_Nrml: 0.00000,  L_Eknl: 0.08476, L_Morse: 2.97590

Weights: [7000.0, 600.0, 0, 50.0, 0.0, 0.1], lr=5.000e-05
Epoch: 0 [9690/10000 (97%)] Loss: 21.85942 = L_Mnfld: 4.90514 + L_NonMnfld: 12.40532 + L_Nrml: 0.00000 + L_Eknl: 4.24802 + L_Div: 0.00000 + L_Morse: 0.30095
Epoch: 0 [9690/10000 (97%)] Unweighted L_s : L_Mnfld: 0.00070,  L_NonMnfld: 0.02068,  L_Nrml: 0.00000,  L_Eknl: 0.08496, L_Morse: 3.00950

Weights: [7000.0, 600.0, 0, 50.0, 0.0, 0.1], lr=5.000e-05
Epoch: 0 [9700/10000 (97%)] Loss: 21.84339 = L_Mnfld: 5.22162 + L_NonMnfld: 12.03134 + L_Nrml: 0.00000 + L_Eknl: 4.28905 + L_Div: 0.00000 + L_Morse: 0.30139
Epoch: 0 [9700/10000 (97%)] Unweighted L_s : L_Mnfld: 0.00075,  L_NonMnfld: 0.02005,  L_Nrml: 0.00000,  L_Eknl: 0.08578, L_Morse: 3.01389

Weights: [7000.0, 600.0, 0, 50.0, 0.0, 0.1], lr=5.000e-05
Epoch: 0 [9710/10000 (97%)] Loss: 21.69233 = L_Mnfld: 5.08287 + L_NonMnfld: 12.12016 + L_Nrml: 0.00000 + L_Eknl: 4.19814 + L_Div: 0.00000 + L_Morse: 0.29116
Epoch: 0 [9710/10000 (97%)] Unweighted L_s : L_Mnfld: 0.00073,  L_NonMnfld: 0.02020,  L_Nrml: 0.00000,  L_Eknl: 0.08396, L_Morse: 2.91156

Weights: [7000.0, 600.0, 0, 50.0, 0.0, 0.1], lr=5.000e-05
Epoch: 0 [9720/10000 (97%)] Loss: 23.43941 = L_Mnfld: 5.72101 + L_NonMnfld: 13.15125 + L_Nrml: 0.00000 + L_Eknl: 4.27391 + L_Div: 0.00000 + L_Morse: 0.29323
Epoch: 0 [9720/10000 (97%)] Unweighted L_s : L_Mnfld: 0.00082,  L_NonMnfld: 0.02192,  L_Nrml: 0.00000,  L_Eknl: 0.08548, L_Morse: 2.93235

Weights: [7000.0, 600.0, 0, 50.0, 0.0, 0.1], lr=5.000e-05
Epoch: 0 [9730/10000 (97%)] Loss: 22.49291 = L_Mnfld: 5.44328 + L_NonMnfld: 12.06696 + L_Nrml: 0.00000 + L_Eknl: 4.67963 + L_Div: 0.00000 + L_Morse: 0.30305
Epoch: 0 [9730/10000 (97%)] Unweighted L_s : L_Mnfld: 0.00078,  L_NonMnfld: 0.02011,  L_Nrml: 0.00000,  L_Eknl: 0.09359, L_Morse: 3.03045

Weights: [7000.0, 600.0, 0, 50.0, 0.0, 0.1], lr=5.000e-05
Epoch: 0 [9740/10000 (97%)] Loss: 22.62155 = L_Mnfld: 5.90317 + L_NonMnfld: 11.77222 + L_Nrml: 0.00000 + L_Eknl: 4.64114 + L_Div: 0.00000 + L_Morse: 0.30502
Epoch: 0 [9740/10000 (97%)] Unweighted L_s : L_Mnfld: 0.00084,  L_NonMnfld: 0.01962,  L_Nrml: 0.00000,  L_Eknl: 0.09282, L_Morse: 3.05015

Weights: [7000.0, 600.0, 0, 50.0, 0.0, 0.1], lr=5.000e-05
Epoch: 0 [9750/10000 (98%)] Loss: 22.20214 = L_Mnfld: 5.35883 + L_NonMnfld: 11.99100 + L_Nrml: 0.00000 + L_Eknl: 4.52518 + L_Div: 0.00000 + L_Morse: 0.32713
Epoch: 0 [9750/10000 (98%)] Unweighted L_s : L_Mnfld: 0.00077,  L_NonMnfld: 0.01999,  L_Nrml: 0.00000,  L_Eknl: 0.09050, L_Morse: 3.27127

Weights: [7000.0, 600.0, 0, 50.0, 0.0, 0.1], lr=5.000e-05
Epoch: 0 [9760/10000 (98%)] Loss: 23.38057 = L_Mnfld: 6.12648 + L_NonMnfld: 12.25653 + L_Nrml: 0.00000 + L_Eknl: 4.68628 + L_Div: 0.00000 + L_Morse: 0.31128
Epoch: 0 [9760/10000 (98%)] Unweighted L_s : L_Mnfld: 0.00088,  L_NonMnfld: 0.02043,  L_Nrml: 0.00000,  L_Eknl: 0.09373, L_Morse: 3.11276

Weights: [7000.0, 600.0, 0, 50.0, 0.0, 0.1], lr=5.000e-05
Epoch: 0 [9770/10000 (98%)] Loss: 22.27063 = L_Mnfld: 5.70529 + L_NonMnfld: 11.84649 + L_Nrml: 0.00000 + L_Eknl: 4.41807 + L_Div: 0.00000 + L_Morse: 0.30078
Epoch: 0 [9770/10000 (98%)] Unweighted L_s : L_Mnfld: 0.00082,  L_NonMnfld: 0.01974,  L_Nrml: 0.00000,  L_Eknl: 0.08836, L_Morse: 3.00776

Weights: [7000.0, 600.0, 0, 50.0, 0.0, 0.1], lr=5.000e-05
Epoch: 0 [9780/10000 (98%)] Loss: 21.74538 = L_Mnfld: 5.28660 + L_NonMnfld: 11.90517 + L_Nrml: 0.00000 + L_Eknl: 4.25377 + L_Div: 0.00000 + L_Morse: 0.29984
Epoch: 0 [9780/10000 (98%)] Unweighted L_s : L_Mnfld: 0.00076,  L_NonMnfld: 0.01984,  L_Nrml: 0.00000,  L_Eknl: 0.08508, L_Morse: 2.99840

Weights: [7000.0, 600.0, 0, 50.0, 0.0, 0.1], lr=5.000e-05
Epoch: 0 [9790/10000 (98%)] Loss: 22.91719 = L_Mnfld: 6.32685 + L_NonMnfld: 11.53628 + L_Nrml: 0.00000 + L_Eknl: 4.73111 + L_Div: 0.00000 + L_Morse: 0.32294
Epoch: 0 [9790/10000 (98%)] Unweighted L_s : L_Mnfld: 0.00090,  L_NonMnfld: 0.01923,  L_Nrml: 0.00000,  L_Eknl: 0.09462, L_Morse: 3.22944

Weights: [7000.0, 600.0, 0, 50.0, 0.0, 0.1], lr=5.000e-05
Epoch: 0 [9800/10000 (98%)] Loss: 22.97143 = L_Mnfld: 5.82373 + L_NonMnfld: 12.32452 + L_Nrml: 0.00000 + L_Eknl: 4.50507 + L_Div: 0.00000 + L_Morse: 0.31811
Epoch: 0 [9800/10000 (98%)] Unweighted L_s : L_Mnfld: 0.00083,  L_NonMnfld: 0.02054,  L_Nrml: 0.00000,  L_Eknl: 0.09010, L_Morse: 3.18113

Weights: [7000.0, 600.0, 0, 50.0, 0.0, 0.1], lr=5.000e-05
Epoch: 0 [9810/10000 (98%)] Loss: 22.55672 = L_Mnfld: 5.40590 + L_NonMnfld: 12.49206 + L_Nrml: 0.00000 + L_Eknl: 4.33974 + L_Div: 0.00000 + L_Morse: 0.31902
Epoch: 0 [9810/10000 (98%)] Unweighted L_s : L_Mnfld: 0.00077,  L_NonMnfld: 0.02082,  L_Nrml: 0.00000,  L_Eknl: 0.08679, L_Morse: 3.19020

Weights: [7000.0, 600.0, 0, 50.0, 0.0, 0.1], lr=5.000e-05
Epoch: 0 [9820/10000 (98%)] Loss: 21.64757 = L_Mnfld: 5.52814 + L_NonMnfld: 11.43010 + L_Nrml: 0.00000 + L_Eknl: 4.36181 + L_Div: 0.00000 + L_Morse: 0.32752
Epoch: 0 [9820/10000 (98%)] Unweighted L_s : L_Mnfld: 0.00079,  L_NonMnfld: 0.01905,  L_Nrml: 0.00000,  L_Eknl: 0.08724, L_Morse: 3.27524

Weights: [7000.0, 600.0, 0, 50.0, 0.0, 0.1], lr=5.000e-05
Epoch: 0 [9830/10000 (98%)] Loss: 21.82325 = L_Mnfld: 5.32017 + L_NonMnfld: 11.94806 + L_Nrml: 0.00000 + L_Eknl: 4.24727 + L_Div: 0.00000 + L_Morse: 0.30774
Epoch: 0 [9830/10000 (98%)] Unweighted L_s : L_Mnfld: 0.00076,  L_NonMnfld: 0.01991,  L_Nrml: 0.00000,  L_Eknl: 0.08495, L_Morse: 3.07743

Weights: [7000.0, 600.0, 0, 50.0, 0.0, 0.1], lr=5.000e-05
Epoch: 0 [9840/10000 (98%)] Loss: 21.78829 = L_Mnfld: 4.93223 + L_NonMnfld: 12.18083 + L_Nrml: 0.00000 + L_Eknl: 4.37306 + L_Div: 0.00000 + L_Morse: 0.30217
Epoch: 0 [9840/10000 (98%)] Unweighted L_s : L_Mnfld: 0.00070,  L_NonMnfld: 0.02030,  L_Nrml: 0.00000,  L_Eknl: 0.08746, L_Morse: 3.02167

Weights: [7000.0, 600.0, 0, 50.0, 0.0, 0.1], lr=5.000e-05
Epoch: 0 [9850/10000 (98%)] Loss: 21.28080 = L_Mnfld: 5.26849 + L_NonMnfld: 11.30018 + L_Nrml: 0.00000 + L_Eknl: 4.39174 + L_Div: 0.00000 + L_Morse: 0.32039
Epoch: 0 [9850/10000 (98%)] Unweighted L_s : L_Mnfld: 0.00075,  L_NonMnfld: 0.01883,  L_Nrml: 0.00000,  L_Eknl: 0.08783, L_Morse: 3.20391

Weights: [7000.0, 600.0, 0, 50.0, 0.0, 0.1], lr=5.000e-05
Epoch: 0 [9860/10000 (99%)] Loss: 21.05128 = L_Mnfld: 4.82427 + L_NonMnfld: 11.66883 + L_Nrml: 0.00000 + L_Eknl: 4.24738 + L_Div: 0.00000 + L_Morse: 0.31081
Epoch: 0 [9860/10000 (99%)] Unweighted L_s : L_Mnfld: 0.00069,  L_NonMnfld: 0.01945,  L_Nrml: 0.00000,  L_Eknl: 0.08495, L_Morse: 3.10811

Weights: [7000.0, 600.0, 0, 50.0, 0.0, 0.1], lr=5.000e-05
Epoch: 0 [9870/10000 (99%)] Loss: 21.94746 = L_Mnfld: 5.52556 + L_NonMnfld: 12.00333 + L_Nrml: 0.00000 + L_Eknl: 4.11018 + L_Div: 0.00000 + L_Morse: 0.30840
Epoch: 0 [9870/10000 (99%)] Unweighted L_s : L_Mnfld: 0.00079,  L_NonMnfld: 0.02001,  L_Nrml: 0.00000,  L_Eknl: 0.08220, L_Morse: 3.08397

Weights: [7000.0, 600.0, 0, 50.0, 0.0, 0.1], lr=5.000e-05
Epoch: 0 [9880/10000 (99%)] Loss: 21.29663 = L_Mnfld: 5.13879 + L_NonMnfld: 11.42110 + L_Nrml: 0.00000 + L_Eknl: 4.42054 + L_Div: 0.00000 + L_Morse: 0.31620
Epoch: 0 [9880/10000 (99%)] Unweighted L_s : L_Mnfld: 0.00073,  L_NonMnfld: 0.01904,  L_Nrml: 0.00000,  L_Eknl: 0.08841, L_Morse: 3.16199

Weights: [7000.0, 600.0, 0, 50.0, 0.0, 0.1], lr=5.000e-05
Epoch: 0 [9890/10000 (99%)] Loss: 20.60190 = L_Mnfld: 4.46191 + L_NonMnfld: 11.59344 + L_Nrml: 0.00000 + L_Eknl: 4.22964 + L_Div: 0.00000 + L_Morse: 0.31691
Epoch: 0 [9890/10000 (99%)] Unweighted L_s : L_Mnfld: 0.00064,  L_NonMnfld: 0.01932,  L_Nrml: 0.00000,  L_Eknl: 0.08459, L_Morse: 3.16909

Weights: [7000.0, 600.0, 0, 50.0, 0.0, 0.1], lr=5.000e-05
Epoch: 0 [9900/10000 (99%)] Loss: 21.90025 = L_Mnfld: 5.46037 + L_NonMnfld: 11.42023 + L_Nrml: 0.00000 + L_Eknl: 4.70605 + L_Div: 0.00000 + L_Morse: 0.31361
Epoch: 0 [9900/10000 (99%)] Unweighted L_s : L_Mnfld: 0.00078,  L_NonMnfld: 0.01903,  L_Nrml: 0.00000,  L_Eknl: 0.09412, L_Morse: 3.13606

Weights: [7000.0, 600.0, 0, 50.0, 0.0, 0.1], lr=5.000e-05
Epoch: 0 [9910/10000 (99%)] Loss: 23.21618 = L_Mnfld: 6.40656 + L_NonMnfld: 11.85476 + L_Nrml: 0.00000 + L_Eknl: 4.64571 + L_Div: 0.00000 + L_Morse: 0.30914
Epoch: 0 [9910/10000 (99%)] Unweighted L_s : L_Mnfld: 0.00092,  L_NonMnfld: 0.01976,  L_Nrml: 0.00000,  L_Eknl: 0.09291, L_Morse: 3.09142

Weights: [7000.0, 600.0, 0, 50.0, 0.0, 0.1], lr=5.000e-05
Epoch: 0 [9920/10000 (99%)] Loss: 19.82145 = L_Mnfld: 4.93854 + L_NonMnfld: 10.01811 + L_Nrml: 0.00000 + L_Eknl: 4.53146 + L_Div: 0.00000 + L_Morse: 0.33333
Epoch: 0 [9920/10000 (99%)] Unweighted L_s : L_Mnfld: 0.00071,  L_NonMnfld: 0.01670,  L_Nrml: 0.00000,  L_Eknl: 0.09063, L_Morse: 3.33334

Weights: [7000.0, 600.0, 0, 50.0, 0.0, 0.1], lr=5.000e-05
Epoch: 0 [9930/10000 (99%)] Loss: 20.44533 = L_Mnfld: 4.75862 + L_NonMnfld: 11.02123 + L_Nrml: 0.00000 + L_Eknl: 4.34748 + L_Div: 0.00000 + L_Morse: 0.31800
Epoch: 0 [9930/10000 (99%)] Unweighted L_s : L_Mnfld: 0.00068,  L_NonMnfld: 0.01837,  L_Nrml: 0.00000,  L_Eknl: 0.08695, L_Morse: 3.17998

Weights: [7000.0, 600.0, 0, 50.0, 0.0, 0.1], lr=5.000e-05
Epoch: 0 [9940/10000 (99%)] Loss: 22.84469 = L_Mnfld: 5.65917 + L_NonMnfld: 12.28232 + L_Nrml: 0.00000 + L_Eknl: 4.58841 + L_Div: 0.00000 + L_Morse: 0.31480
Epoch: 0 [9940/10000 (99%)] Unweighted L_s : L_Mnfld: 0.00081,  L_NonMnfld: 0.02047,  L_Nrml: 0.00000,  L_Eknl: 0.09177, L_Morse: 3.14800

Weights: [7000.0, 600.0, 0, 50.0, 0.0, 0.1], lr=5.000e-05
Epoch: 0 [9950/10000 (100%)] Loss: 23.18417 = L_Mnfld: 4.77440 + L_NonMnfld: 13.27016 + L_Nrml: 0.00000 + L_Eknl: 4.80504 + L_Div: 0.00000 + L_Morse: 0.33458
Epoch: 0 [9950/10000 (100%)] Unweighted L_s : L_Mnfld: 0.00068,  L_NonMnfld: 0.02212,  L_Nrml: 0.00000,  L_Eknl: 0.09610, L_Morse: 3.34575

Weights: [7000.0, 600.0, 0, 50.0, 0.0, 0.1], lr=5.000e-05
Epoch: 0 [9960/10000 (100%)] Loss: 23.35367 = L_Mnfld: 6.37035 + L_NonMnfld: 12.04089 + L_Nrml: 0.00000 + L_Eknl: 4.60596 + L_Div: 0.00000 + L_Morse: 0.33648
Epoch: 0 [9960/10000 (100%)] Unweighted L_s : L_Mnfld: 0.00091,  L_NonMnfld: 0.02007,  L_Nrml: 0.00000,  L_Eknl: 0.09212, L_Morse: 3.36476

Weights: [7000.0, 600.0, 0, 50.0, 0.0, 0.1], lr=5.000e-05
Epoch: 0 [9970/10000 (100%)] Loss: 23.09982 = L_Mnfld: 6.49488 + L_NonMnfld: 11.41859 + L_Nrml: 0.00000 + L_Eknl: 4.85578 + L_Div: 0.00000 + L_Morse: 0.33057
Epoch: 0 [9970/10000 (100%)] Unweighted L_s : L_Mnfld: 0.00093,  L_NonMnfld: 0.01903,  L_Nrml: 0.00000,  L_Eknl: 0.09712, L_Morse: 3.30571

Weights: [7000.0, 600.0, 0, 50.0, 0.0, 0.1], lr=5.000e-05
Epoch: 0 [9980/10000 (100%)] Loss: 22.19535 = L_Mnfld: 5.46176 + L_NonMnfld: 12.09415 + L_Nrml: 0.00000 + L_Eknl: 4.32912 + L_Div: 0.00000 + L_Morse: 0.31032
Epoch: 0 [9980/10000 (100%)] Unweighted L_s : L_Mnfld: 0.00078,  L_NonMnfld: 0.02016,  L_Nrml: 0.00000,  L_Eknl: 0.08658, L_Morse: 3.10322

Weights: [7000.0, 600.0, 0, 50.0, 0.0, 0.1], lr=5.000e-05
Epoch: 0 [9990/10000 (100%)] Loss: 22.43391 = L_Mnfld: 5.53688 + L_NonMnfld: 12.16962 + L_Nrml: 0.00000 + L_Eknl: 4.40775 + L_Div: 0.00000 + L_Morse: 0.31967
Epoch: 0 [9990/10000 (100%)] Unweighted L_s : L_Mnfld: 0.00079,  L_NonMnfld: 0.02028,  L_Nrml: 0.00000,  L_Eknl: 0.08815, L_Morse: 3.19667

