input params: 
Namespace(logdir='./new_log/CAD_CG_2025', model_name='model', seed=3627473, data_path='../../../ABC/00026097_b4f90883238c4fbea61c62c4_trimesh_005.ply', mesh_dir='/home/runqiao/rotate_input/gt', n_samples=10000, n_points=10000, grid_res=128, nonmnfld_sample_type='gaussian', num_epochs=1, lr=5e-05, grad_clip_norm=10.0, batch_size=1, load_path=None, init_type='siren', decoder_hidden_dim=256, decoder_n_hidden_layers=4, latent_size=0, nl='sine', sphere_init_params=[1.6, 0.1], udf=False, output_any=True, loss_type='siren_wo_n_w_morse', decay_params=[10.0, 0.2, 10.0, 0.5, 0.1, 0.1], morse_type='l1', morse_decay='linear', loss_weights=[7000.0, 600.0, 100.0, 50.0, 0.0, 3.0], bidirectional_morse=False, morse_near=True, weight_for_morse=False, use_morse_nonmnfld_grad=False, use_relax_eikonal=False)
Number of parameters in the current model:264449
Weights: [7000.0, 600.0, 0, 50.0, 0.0, 3.0], lr=5.000e-05
Epoch: 0 [   0/10000 (0%)] Loss: 676.96259 = L_Mnfld: 622.77398 + L_NonMnfld: 0.46025 + L_Nrml: 0.00000 + L_Eknl: 34.97042 + L_Div: 0.00000 + L_Morse: 18.75793
Epoch: 0 [   0/10000 (0%)] Unweighted L_s : L_Mnfld: 0.08897,  L_NonMnfld: 0.00077,  L_Nrml: 0.00000,  L_Eknl: 0.69941, L_Morse: 6.25264

Weights: [7000.0, 600.0, 0, 50.0, 0.0, 10.0], lr=5.000e-05
Epoch: 0 [  10/10000 (0%)] Loss: 249.65764 = L_Mnfld: 144.95475 + L_NonMnfld: 30.83199 + L_Nrml: 0.00000 + L_Eknl: 39.52840 + L_Div: 0.00000 + L_Morse: 34.34250
Epoch: 0 [  10/10000 (0%)] Unweighted L_s : L_Mnfld: 0.02071,  L_NonMnfld: 0.05139,  L_Nrml: 0.00000,  L_Eknl: 0.79057, L_Morse: 3.43425

Weights: [7000.0, 600.0, 0, 50.0, 0.0, 10.0], lr=5.000e-05
Epoch: 0 [  20/10000 (0%)] Loss: 175.02667 = L_Mnfld: 45.50486 + L_NonMnfld: 60.49602 + L_Nrml: 0.00000 + L_Eknl: 38.82039 + L_Div: 0.00000 + L_Morse: 30.20541
Epoch: 0 [  20/10000 (0%)] Unweighted L_s : L_Mnfld: 0.00650,  L_NonMnfld: 0.10083,  L_Nrml: 0.00000,  L_Eknl: 0.77641, L_Morse: 3.02054

Weights: [7000.0, 600.0, 0, 50.0, 0.0, 10.0], lr=5.000e-05
Epoch: 0 [  30/10000 (0%)] Loss: 175.10016 = L_Mnfld: 41.36820 + L_NonMnfld: 72.43437 + L_Nrml: 0.00000 + L_Eknl: 38.70870 + L_Div: 0.00000 + L_Morse: 22.58889
Epoch: 0 [  30/10000 (0%)] Unweighted L_s : L_Mnfld: 0.00591,  L_NonMnfld: 0.12072,  L_Nrml: 0.00000,  L_Eknl: 0.77417, L_Morse: 2.25889

Weights: [7000.0, 600.0, 0, 50.0, 0.0, 10.0], lr=5.000e-05
Epoch: 0 [  40/10000 (0%)] Loss: 178.74500 = L_Mnfld: 97.21974 + L_NonMnfld: 21.46249 + L_Nrml: 0.00000 + L_Eknl: 37.94799 + L_Div: 0.00000 + L_Morse: 22.11477
Epoch: 0 [  40/10000 (0%)] Unweighted L_s : L_Mnfld: 0.01389,  L_NonMnfld: 0.03577,  L_Nrml: 0.00000,  L_Eknl: 0.75896, L_Morse: 2.21148

Weights: [7000.0, 600.0, 0, 50.0, 0.0, 10.0], lr=5.000e-05
Epoch: 0 [  50/10000 (0%)] Loss: 149.75403 = L_Mnfld: 32.41549 + L_NonMnfld: 62.24420 + L_Nrml: 0.00000 + L_Eknl: 37.78276 + L_Div: 0.00000 + L_Morse: 17.31159
Epoch: 0 [  50/10000 (0%)] Unweighted L_s : L_Mnfld: 0.00463,  L_NonMnfld: 0.10374,  L_Nrml: 0.00000,  L_Eknl: 0.75566, L_Morse: 1.73116

Weights: [7000.0, 600.0, 0, 50.0, 0.0, 10.0], lr=5.000e-05
Epoch: 0 [  60/10000 (1%)] Loss: 144.25633 = L_Mnfld: 31.47765 + L_NonMnfld: 60.85775 + L_Nrml: 0.00000 + L_Eknl: 37.32863 + L_Div: 0.00000 + L_Morse: 14.59231
Epoch: 0 [  60/10000 (1%)] Unweighted L_s : L_Mnfld: 0.00450,  L_NonMnfld: 0.10143,  L_Nrml: 0.00000,  L_Eknl: 0.74657, L_Morse: 1.45923

Weights: [7000.0, 600.0, 0, 50.0, 0.0, 10.0], lr=5.000e-05
Epoch: 0 [  70/10000 (1%)] Loss: 134.95767 = L_Mnfld: 55.61765 + L_NonMnfld: 29.22567 + L_Nrml: 0.00000 + L_Eknl: 36.89592 + L_Div: 0.00000 + L_Morse: 13.21843
Epoch: 0 [  70/10000 (1%)] Unweighted L_s : L_Mnfld: 0.00795,  L_NonMnfld: 0.04871,  L_Nrml: 0.00000,  L_Eknl: 0.73792, L_Morse: 1.32184

Weights: [7000.0, 600.0, 0, 50.0, 0.0, 10.0], lr=5.000e-05
Epoch: 0 [  80/10000 (1%)] Loss: 132.03433 = L_Mnfld: 29.21310 + L_NonMnfld: 53.34484 + L_Nrml: 0.00000 + L_Eknl: 36.10923 + L_Div: 0.00000 + L_Morse: 13.36718
Epoch: 0 [  80/10000 (1%)] Unweighted L_s : L_Mnfld: 0.00417,  L_NonMnfld: 0.08891,  L_Nrml: 0.00000,  L_Eknl: 0.72218, L_Morse: 1.33672

Weights: [7000.0, 600.0, 0, 50.0, 0.0, 10.0], lr=5.000e-05
Epoch: 0 [  90/10000 (1%)] Loss: 132.20897 = L_Mnfld: 33.05808 + L_NonMnfld: 50.84495 + L_Nrml: 0.00000 + L_Eknl: 35.43311 + L_Div: 0.00000 + L_Morse: 12.87282
Epoch: 0 [  90/10000 (1%)] Unweighted L_s : L_Mnfld: 0.00472,  L_NonMnfld: 0.08474,  L_Nrml: 0.00000,  L_Eknl: 0.70866, L_Morse: 1.28728

Weights: [7000.0, 600.0, 0, 50.0, 0.0, 10.0], lr=5.000e-05
Epoch: 0 [ 100/10000 (1%)] Loss: 147.90205 = L_Mnfld: 80.08621 + L_NonMnfld: 19.03462 + L_Nrml: 0.00000 + L_Eknl: 35.03270 + L_Div: 0.00000 + L_Morse: 13.74853
Epoch: 0 [ 100/10000 (1%)] Unweighted L_s : L_Mnfld: 0.01144,  L_NonMnfld: 0.03172,  L_Nrml: 0.00000,  L_Eknl: 0.70065, L_Morse: 1.37485

Weights: [7000.0, 600.0, 0, 50.0, 0.0, 10.0], lr=5.000e-05
Epoch: 0 [ 110/10000 (1%)] Loss: 122.68324 = L_Mnfld: 31.82325 + L_NonMnfld: 43.00103 + L_Nrml: 0.00000 + L_Eknl: 34.46724 + L_Div: 0.00000 + L_Morse: 13.39172
Epoch: 0 [ 110/10000 (1%)] Unweighted L_s : L_Mnfld: 0.00455,  L_NonMnfld: 0.07167,  L_Nrml: 0.00000,  L_Eknl: 0.68934, L_Morse: 1.33917

Weights: [7000.0, 600.0, 0, 50.0, 0.0, 10.0], lr=5.000e-05
Epoch: 0 [ 120/10000 (1%)] Loss: 131.18848 = L_Mnfld: 38.93087 + L_NonMnfld: 44.59595 + L_Nrml: 0.00000 + L_Eknl: 33.79145 + L_Div: 0.00000 + L_Morse: 13.87021
Epoch: 0 [ 120/10000 (1%)] Unweighted L_s : L_Mnfld: 0.00556,  L_NonMnfld: 0.07433,  L_Nrml: 0.00000,  L_Eknl: 0.67583, L_Morse: 1.38702

Weights: [7000.0, 600.0, 0, 50.0, 0.0, 10.0], lr=5.000e-05
Epoch: 0 [ 130/10000 (1%)] Loss: 124.78627 = L_Mnfld: 36.51877 + L_NonMnfld: 39.81674 + L_Nrml: 0.00000 + L_Eknl: 33.46438 + L_Div: 0.00000 + L_Morse: 14.98638
Epoch: 0 [ 130/10000 (1%)] Unweighted L_s : L_Mnfld: 0.00522,  L_NonMnfld: 0.06636,  L_Nrml: 0.00000,  L_Eknl: 0.66929, L_Morse: 1.49864

Weights: [7000.0, 600.0, 0, 50.0, 0.0, 10.0], lr=5.000e-05
Epoch: 0 [ 140/10000 (1%)] Loss: 120.06554 = L_Mnfld: 39.88542 + L_NonMnfld: 33.06247 + L_Nrml: 0.00000 + L_Eknl: 32.35620 + L_Div: 0.00000 + L_Morse: 14.76145
Epoch: 0 [ 140/10000 (1%)] Unweighted L_s : L_Mnfld: 0.00570,  L_NonMnfld: 0.05510,  L_Nrml: 0.00000,  L_Eknl: 0.64712, L_Morse: 1.47614

Weights: [7000.0, 600.0, 0, 50.0, 0.0, 10.0], lr=5.000e-05
Epoch: 0 [ 150/10000 (2%)] Loss: 110.67750 = L_Mnfld: 25.77808 + L_NonMnfld: 40.68472 + L_Nrml: 0.00000 + L_Eknl: 31.83007 + L_Div: 0.00000 + L_Morse: 12.38463
Epoch: 0 [ 150/10000 (2%)] Unweighted L_s : L_Mnfld: 0.00368,  L_NonMnfld: 0.06781,  L_Nrml: 0.00000,  L_Eknl: 0.63660, L_Morse: 1.23846

Weights: [7000.0, 600.0, 0, 50.0, 0.0, 10.0], lr=5.000e-05
Epoch: 0 [ 160/10000 (2%)] Loss: 104.19456 = L_Mnfld: 28.57458 + L_NonMnfld: 33.57694 + L_Nrml: 0.00000 + L_Eknl: 31.00176 + L_Div: 0.00000 + L_Morse: 11.04127
Epoch: 0 [ 160/10000 (2%)] Unweighted L_s : L_Mnfld: 0.00408,  L_NonMnfld: 0.05596,  L_Nrml: 0.00000,  L_Eknl: 0.62004, L_Morse: 1.10413

Weights: [7000.0, 600.0, 0, 50.0, 0.0, 10.0], lr=5.000e-05
Epoch: 0 [ 170/10000 (2%)] Loss: 103.68182 = L_Mnfld: 21.68950 + L_NonMnfld: 41.46965 + L_Nrml: 0.00000 + L_Eknl: 29.80455 + L_Div: 0.00000 + L_Morse: 10.71812
Epoch: 0 [ 170/10000 (2%)] Unweighted L_s : L_Mnfld: 0.00310,  L_NonMnfld: 0.06912,  L_Nrml: 0.00000,  L_Eknl: 0.59609, L_Morse: 1.07181

Weights: [7000.0, 600.0, 0, 50.0, 0.0, 10.0], lr=5.000e-05
Epoch: 0 [ 180/10000 (2%)] Loss: 97.34998 = L_Mnfld: 25.25288 + L_NonMnfld: 33.14167 + L_Nrml: 0.00000 + L_Eknl: 28.70181 + L_Div: 0.00000 + L_Morse: 10.25362
Epoch: 0 [ 180/10000 (2%)] Unweighted L_s : L_Mnfld: 0.00361,  L_NonMnfld: 0.05524,  L_Nrml: 0.00000,  L_Eknl: 0.57404, L_Morse: 1.02536

Weights: [7000.0, 600.0, 0, 50.0, 0.0, 10.0], lr=5.000e-05
Epoch: 0 [ 190/10000 (2%)] Loss: 98.14342 = L_Mnfld: 20.60896 + L_NonMnfld: 40.06206 + L_Nrml: 0.00000 + L_Eknl: 27.64973 + L_Div: 0.00000 + L_Morse: 9.82267
Epoch: 0 [ 190/10000 (2%)] Unweighted L_s : L_Mnfld: 0.00294,  L_NonMnfld: 0.06677,  L_Nrml: 0.00000,  L_Eknl: 0.55299, L_Morse: 0.98227

Weights: [7000.0, 600.0, 0, 50.0, 0.0, 10.0], lr=5.000e-05
Epoch: 0 [ 200/10000 (2%)] Loss: 94.47328 = L_Mnfld: 24.45193 + L_NonMnfld: 33.14869 + L_Nrml: 0.00000 + L_Eknl: 26.59347 + L_Div: 0.00000 + L_Morse: 10.27919
Epoch: 0 [ 200/10000 (2%)] Unweighted L_s : L_Mnfld: 0.00349,  L_NonMnfld: 0.05525,  L_Nrml: 0.00000,  L_Eknl: 0.53187, L_Morse: 1.02792

Weights: [7000.0, 600.0, 0, 50.0, 0.0, 10.0], lr=5.000e-05
Epoch: 0 [ 210/10000 (2%)] Loss: 91.70187 = L_Mnfld: 19.71061 + L_NonMnfld: 35.82488 + L_Nrml: 0.00000 + L_Eknl: 25.73344 + L_Div: 0.00000 + L_Morse: 10.43295
Epoch: 0 [ 210/10000 (2%)] Unweighted L_s : L_Mnfld: 0.00282,  L_NonMnfld: 0.05971,  L_Nrml: 0.00000,  L_Eknl: 0.51467, L_Morse: 1.04329

Weights: [7000.0, 600.0, 0, 50.0, 0.0, 10.0], lr=5.000e-05
Epoch: 0 [ 220/10000 (2%)] Loss: 91.39282 = L_Mnfld: 24.63721 + L_NonMnfld: 31.67194 + L_Nrml: 0.00000 + L_Eknl: 24.65703 + L_Div: 0.00000 + L_Morse: 10.42663
Epoch: 0 [ 220/10000 (2%)] Unweighted L_s : L_Mnfld: 0.00352,  L_NonMnfld: 0.05279,  L_Nrml: 0.00000,  L_Eknl: 0.49314, L_Morse: 1.04266

Weights: [7000.0, 600.0, 0, 50.0, 0.0, 10.0], lr=5.000e-05
Epoch: 0 [ 230/10000 (2%)] Loss: 91.51563 = L_Mnfld: 22.74250 + L_NonMnfld: 34.33190 + L_Nrml: 0.00000 + L_Eknl: 23.63997 + L_Div: 0.00000 + L_Morse: 10.80128
Epoch: 0 [ 230/10000 (2%)] Unweighted L_s : L_Mnfld: 0.00325,  L_NonMnfld: 0.05722,  L_Nrml: 0.00000,  L_Eknl: 0.47280, L_Morse: 1.08013

Weights: [7000.0, 600.0, 0, 50.0, 0.0, 10.0], lr=5.000e-05
Epoch: 0 [ 240/10000 (2%)] Loss: 89.52097 = L_Mnfld: 25.25674 + L_NonMnfld: 30.52048 + L_Nrml: 0.00000 + L_Eknl: 22.74663 + L_Div: 0.00000 + L_Morse: 10.99713
Epoch: 0 [ 240/10000 (2%)] Unweighted L_s : L_Mnfld: 0.00361,  L_NonMnfld: 0.05087,  L_Nrml: 0.00000,  L_Eknl: 0.45493, L_Morse: 1.09971

Weights: [7000.0, 600.0, 0, 50.0, 0.0, 10.0], lr=5.000e-05
Epoch: 0 [ 250/10000 (2%)] Loss: 89.05782 = L_Mnfld: 22.97794 + L_NonMnfld: 32.93121 + L_Nrml: 0.00000 + L_Eknl: 21.81264 + L_Div: 0.00000 + L_Morse: 11.33603
Epoch: 0 [ 250/10000 (2%)] Unweighted L_s : L_Mnfld: 0.00328,  L_NonMnfld: 0.05489,  L_Nrml: 0.00000,  L_Eknl: 0.43625, L_Morse: 1.13360

Weights: [7000.0, 600.0, 0, 50.0, 0.0, 10.0], lr=5.000e-05
Epoch: 0 [ 260/10000 (3%)] Loss: 88.93351 = L_Mnfld: 26.94518 + L_NonMnfld: 30.16423 + L_Nrml: 0.00000 + L_Eknl: 20.84592 + L_Div: 0.00000 + L_Morse: 10.97817
Epoch: 0 [ 260/10000 (3%)] Unweighted L_s : L_Mnfld: 0.00385,  L_NonMnfld: 0.05027,  L_Nrml: 0.00000,  L_Eknl: 0.41692, L_Morse: 1.09782

Weights: [7000.0, 600.0, 0, 50.0, 0.0, 10.0], lr=5.000e-05
Epoch: 0 [ 270/10000 (3%)] Loss: 89.83537 = L_Mnfld: 22.99521 + L_NonMnfld: 35.44401 + L_Nrml: 0.00000 + L_Eknl: 20.46084 + L_Div: 0.00000 + L_Morse: 10.93530
Epoch: 0 [ 270/10000 (3%)] Unweighted L_s : L_Mnfld: 0.00329,  L_NonMnfld: 0.05907,  L_Nrml: 0.00000,  L_Eknl: 0.40922, L_Morse: 1.09353

Weights: [7000.0, 600.0, 0, 50.0, 0.0, 10.0], lr=5.000e-05
Epoch: 0 [ 280/10000 (3%)] Loss: 86.56462 = L_Mnfld: 26.25670 + L_NonMnfld: 29.85462 + L_Nrml: 0.00000 + L_Eknl: 19.56317 + L_Div: 0.00000 + L_Morse: 10.89012
Epoch: 0 [ 280/10000 (3%)] Unweighted L_s : L_Mnfld: 0.00375,  L_NonMnfld: 0.04976,  L_Nrml: 0.00000,  L_Eknl: 0.39126, L_Morse: 1.08901

Weights: [7000.0, 600.0, 0, 50.0, 0.0, 10.0], lr=5.000e-05
Epoch: 0 [ 290/10000 (3%)] Loss: 87.62062 = L_Mnfld: 26.39109 + L_NonMnfld: 31.65660 + L_Nrml: 0.00000 + L_Eknl: 18.53500 + L_Div: 0.00000 + L_Morse: 11.03794
Epoch: 0 [ 290/10000 (3%)] Unweighted L_s : L_Mnfld: 0.00377,  L_NonMnfld: 0.05276,  L_Nrml: 0.00000,  L_Eknl: 0.37070, L_Morse: 1.10379

Weights: [7000.0, 600.0, 0, 50.0, 0.0, 10.0], lr=5.000e-05
Epoch: 0 [ 300/10000 (3%)] Loss: 82.15488 = L_Mnfld: 24.01321 + L_NonMnfld: 29.73663 + L_Nrml: 0.00000 + L_Eknl: 18.17380 + L_Div: 0.00000 + L_Morse: 10.23124
Epoch: 0 [ 300/10000 (3%)] Unweighted L_s : L_Mnfld: 0.00343,  L_NonMnfld: 0.04956,  L_Nrml: 0.00000,  L_Eknl: 0.36348, L_Morse: 1.02312

Weights: [7000.0, 600.0, 0, 50.0, 0.0, 10.0], lr=5.000e-05
Epoch: 0 [ 310/10000 (3%)] Loss: 80.94981 = L_Mnfld: 22.84026 + L_NonMnfld: 30.24431 + L_Nrml: 0.00000 + L_Eknl: 17.48098 + L_Div: 0.00000 + L_Morse: 10.38426
Epoch: 0 [ 310/10000 (3%)] Unweighted L_s : L_Mnfld: 0.00326,  L_NonMnfld: 0.05041,  L_Nrml: 0.00000,  L_Eknl: 0.34962, L_Morse: 1.03843

Weights: [7000.0, 600.0, 0, 50.0, 0.0, 10.0], lr=5.000e-05
Epoch: 0 [ 320/10000 (3%)] Loss: 81.37423 = L_Mnfld: 24.34237 + L_NonMnfld: 29.69247 + L_Nrml: 0.00000 + L_Eknl: 17.10530 + L_Div: 0.00000 + L_Morse: 10.23409
Epoch: 0 [ 320/10000 (3%)] Unweighted L_s : L_Mnfld: 0.00348,  L_NonMnfld: 0.04949,  L_Nrml: 0.00000,  L_Eknl: 0.34211, L_Morse: 1.02341

Weights: [7000.0, 600.0, 0, 50.0, 0.0, 10.0], lr=5.000e-05
Epoch: 0 [ 330/10000 (3%)] Loss: 80.81450 = L_Mnfld: 24.65448 + L_NonMnfld: 29.53775 + L_Nrml: 0.00000 + L_Eknl: 16.61529 + L_Div: 0.00000 + L_Morse: 10.00697
Epoch: 0 [ 330/10000 (3%)] Unweighted L_s : L_Mnfld: 0.00352,  L_NonMnfld: 0.04923,  L_Nrml: 0.00000,  L_Eknl: 0.33231, L_Morse: 1.00070

Weights: [7000.0, 600.0, 0, 50.0, 0.0, 10.0], lr=5.000e-05
Epoch: 0 [ 340/10000 (3%)] Loss: 79.42651 = L_Mnfld: 24.50609 + L_NonMnfld: 28.57455 + L_Nrml: 0.00000 + L_Eknl: 16.35464 + L_Div: 0.00000 + L_Morse: 9.99122
Epoch: 0 [ 340/10000 (3%)] Unweighted L_s : L_Mnfld: 0.00350,  L_NonMnfld: 0.04762,  L_Nrml: 0.00000,  L_Eknl: 0.32709, L_Morse: 0.99912

Weights: [7000.0, 600.0, 0, 50.0, 0.0, 10.0], lr=5.000e-05
Epoch: 0 [ 350/10000 (4%)] Loss: 76.57246 = L_Mnfld: 21.58138 + L_NonMnfld: 29.07643 + L_Nrml: 0.00000 + L_Eknl: 15.92281 + L_Div: 0.00000 + L_Morse: 9.99185
Epoch: 0 [ 350/10000 (4%)] Unweighted L_s : L_Mnfld: 0.00308,  L_NonMnfld: 0.04846,  L_Nrml: 0.00000,  L_Eknl: 0.31846, L_Morse: 0.99919

Weights: [7000.0, 600.0, 0, 50.0, 0.0, 10.0], lr=5.000e-05
Epoch: 0 [ 360/10000 (4%)] Loss: 78.13998 = L_Mnfld: 22.37185 + L_NonMnfld: 30.00122 + L_Nrml: 0.00000 + L_Eknl: 15.87501 + L_Div: 0.00000 + L_Morse: 9.89190
Epoch: 0 [ 360/10000 (4%)] Unweighted L_s : L_Mnfld: 0.00320,  L_NonMnfld: 0.05000,  L_Nrml: 0.00000,  L_Eknl: 0.31750, L_Morse: 0.98919

Weights: [7000.0, 600.0, 0, 50.0, 0.0, 10.0], lr=5.000e-05
Epoch: 0 [ 370/10000 (4%)] Loss: 73.63309 = L_Mnfld: 20.66807 + L_NonMnfld: 27.87002 + L_Nrml: 0.00000 + L_Eknl: 15.57081 + L_Div: 0.00000 + L_Morse: 9.52419
Epoch: 0 [ 370/10000 (4%)] Unweighted L_s : L_Mnfld: 0.00295,  L_NonMnfld: 0.04645,  L_Nrml: 0.00000,  L_Eknl: 0.31142, L_Morse: 0.95242

Weights: [7000.0, 600.0, 0, 50.0, 0.0, 10.0], lr=5.000e-05
Epoch: 0 [ 380/10000 (4%)] Loss: 73.00118 = L_Mnfld: 20.31468 + L_NonMnfld: 27.96575 + L_Nrml: 0.00000 + L_Eknl: 15.36361 + L_Div: 0.00000 + L_Morse: 9.35714
Epoch: 0 [ 380/10000 (4%)] Unweighted L_s : L_Mnfld: 0.00290,  L_NonMnfld: 0.04661,  L_Nrml: 0.00000,  L_Eknl: 0.30727, L_Morse: 0.93571

Weights: [7000.0, 600.0, 0, 50.0, 0.0, 10.0], lr=5.000e-05
Epoch: 0 [ 390/10000 (4%)] Loss: 69.96716 = L_Mnfld: 17.90898 + L_NonMnfld: 27.96829 + L_Nrml: 0.00000 + L_Eknl: 15.19442 + L_Div: 0.00000 + L_Morse: 8.89547
Epoch: 0 [ 390/10000 (4%)] Unweighted L_s : L_Mnfld: 0.00256,  L_NonMnfld: 0.04661,  L_Nrml: 0.00000,  L_Eknl: 0.30389, L_Morse: 0.88955

Weights: [7000.0, 600.0, 0, 50.0, 0.0, 10.0], lr=5.000e-05
Epoch: 0 [ 400/10000 (4%)] Loss: 71.79655 = L_Mnfld: 19.53003 + L_NonMnfld: 27.95306 + L_Nrml: 0.00000 + L_Eknl: 15.09688 + L_Div: 0.00000 + L_Morse: 9.21657
Epoch: 0 [ 400/10000 (4%)] Unweighted L_s : L_Mnfld: 0.00279,  L_NonMnfld: 0.04659,  L_Nrml: 0.00000,  L_Eknl: 0.30194, L_Morse: 0.92166

Weights: [7000.0, 600.0, 0, 50.0, 0.0, 10.0], lr=5.000e-05
Epoch: 0 [ 410/10000 (4%)] Loss: 72.20216 = L_Mnfld: 19.35644 + L_NonMnfld: 29.05574 + L_Nrml: 0.00000 + L_Eknl: 14.91808 + L_Div: 0.00000 + L_Morse: 8.87191
Epoch: 0 [ 410/10000 (4%)] Unweighted L_s : L_Mnfld: 0.00277,  L_NonMnfld: 0.04843,  L_Nrml: 0.00000,  L_Eknl: 0.29836, L_Morse: 0.88719

Weights: [7000.0, 600.0, 0, 50.0, 0.0, 10.0], lr=5.000e-05
Epoch: 0 [ 420/10000 (4%)] Loss: 71.43166 = L_Mnfld: 18.69219 + L_NonMnfld: 28.74324 + L_Nrml: 0.00000 + L_Eknl: 14.92148 + L_Div: 0.00000 + L_Morse: 9.07475
Epoch: 0 [ 420/10000 (4%)] Unweighted L_s : L_Mnfld: 0.00267,  L_NonMnfld: 0.04791,  L_Nrml: 0.00000,  L_Eknl: 0.29843, L_Morse: 0.90747

Weights: [7000.0, 600.0, 0, 50.0, 0.0, 10.0], lr=5.000e-05
Epoch: 0 [ 430/10000 (4%)] Loss: 68.69058 = L_Mnfld: 18.58303 + L_NonMnfld: 26.29273 + L_Nrml: 0.00000 + L_Eknl: 14.81665 + L_Div: 0.00000 + L_Morse: 8.99817
Epoch: 0 [ 430/10000 (4%)] Unweighted L_s : L_Mnfld: 0.00265,  L_NonMnfld: 0.04382,  L_Nrml: 0.00000,  L_Eknl: 0.29633, L_Morse: 0.89982

Weights: [7000.0, 600.0, 0, 50.0, 0.0, 10.0], lr=5.000e-05
Epoch: 0 [ 440/10000 (4%)] Loss: 71.64796 = L_Mnfld: 19.17930 + L_NonMnfld: 28.82261 + L_Nrml: 0.00000 + L_Eknl: 14.88614 + L_Div: 0.00000 + L_Morse: 8.75991
Epoch: 0 [ 440/10000 (4%)] Unweighted L_s : L_Mnfld: 0.00274,  L_NonMnfld: 0.04804,  L_Nrml: 0.00000,  L_Eknl: 0.29772, L_Morse: 0.87599

Weights: [7000.0, 600.0, 0, 50.0, 0.0, 10.0], lr=5.000e-05
Epoch: 0 [ 450/10000 (4%)] Loss: 70.83427 = L_Mnfld: 20.04876 + L_NonMnfld: 27.36419 + L_Nrml: 0.00000 + L_Eknl: 14.73560 + L_Div: 0.00000 + L_Morse: 8.68572
Epoch: 0 [ 450/10000 (4%)] Unweighted L_s : L_Mnfld: 0.00286,  L_NonMnfld: 0.04561,  L_Nrml: 0.00000,  L_Eknl: 0.29471, L_Morse: 0.86857

Weights: [7000.0, 600.0, 0, 50.0, 0.0, 10.0], lr=5.000e-05
Epoch: 0 [ 460/10000 (5%)] Loss: 69.90974 = L_Mnfld: 18.00428 + L_NonMnfld: 28.35462 + L_Nrml: 0.00000 + L_Eknl: 14.70501 + L_Div: 0.00000 + L_Morse: 8.84583
Epoch: 0 [ 460/10000 (5%)] Unweighted L_s : L_Mnfld: 0.00257,  L_NonMnfld: 0.04726,  L_Nrml: 0.00000,  L_Eknl: 0.29410, L_Morse: 0.88458

Weights: [7000.0, 600.0, 0, 50.0, 0.0, 10.0], lr=5.000e-05
Epoch: 0 [ 470/10000 (5%)] Loss: 70.69636 = L_Mnfld: 19.34169 + L_NonMnfld: 28.21630 + L_Nrml: 0.00000 + L_Eknl: 14.56814 + L_Div: 0.00000 + L_Morse: 8.57023
Epoch: 0 [ 470/10000 (5%)] Unweighted L_s : L_Mnfld: 0.00276,  L_NonMnfld: 0.04703,  L_Nrml: 0.00000,  L_Eknl: 0.29136, L_Morse: 0.85702

Weights: [7000.0, 600.0, 0, 50.0, 0.0, 10.0], lr=5.000e-05
Epoch: 0 [ 480/10000 (5%)] Loss: 72.49733 = L_Mnfld: 20.90480 + L_NonMnfld: 28.20274 + L_Nrml: 0.00000 + L_Eknl: 14.53490 + L_Div: 0.00000 + L_Morse: 8.85490
Epoch: 0 [ 480/10000 (5%)] Unweighted L_s : L_Mnfld: 0.00299,  L_NonMnfld: 0.04700,  L_Nrml: 0.00000,  L_Eknl: 0.29070, L_Morse: 0.88549

Weights: [7000.0, 600.0, 0, 50.0, 0.0, 10.0], lr=5.000e-05
Epoch: 0 [ 490/10000 (5%)] Loss: 70.10290 = L_Mnfld: 20.27937 + L_NonMnfld: 26.72872 + L_Nrml: 0.00000 + L_Eknl: 14.31268 + L_Div: 0.00000 + L_Morse: 8.78213
Epoch: 0 [ 490/10000 (5%)] Unweighted L_s : L_Mnfld: 0.00290,  L_NonMnfld: 0.04455,  L_Nrml: 0.00000,  L_Eknl: 0.28625, L_Morse: 0.87821

Weights: [7000.0, 600.0, 0, 50.0, 0.0, 10.0], lr=5.000e-05
Epoch: 0 [ 500/10000 (5%)] Loss: 70.29090 = L_Mnfld: 21.35343 + L_NonMnfld: 25.43816 + L_Nrml: 0.00000 + L_Eknl: 14.20025 + L_Div: 0.00000 + L_Morse: 9.29907
Epoch: 0 [ 500/10000 (5%)] Unweighted L_s : L_Mnfld: 0.00305,  L_NonMnfld: 0.04240,  L_Nrml: 0.00000,  L_Eknl: 0.28400, L_Morse: 0.92991

Weights: [7000.0, 600.0, 0, 50.0, 0.0, 10.0], lr=5.000e-05
Epoch: 0 [ 510/10000 (5%)] Loss: 70.10783 = L_Mnfld: 19.60306 + L_NonMnfld: 27.35813 + L_Nrml: 0.00000 + L_Eknl: 14.19335 + L_Div: 0.00000 + L_Morse: 8.95329
Epoch: 0 [ 510/10000 (5%)] Unweighted L_s : L_Mnfld: 0.00280,  L_NonMnfld: 0.04560,  L_Nrml: 0.00000,  L_Eknl: 0.28387, L_Morse: 0.89533

Weights: [7000.0, 600.0, 0, 50.0, 0.0, 10.0], lr=5.000e-05
Epoch: 0 [ 520/10000 (5%)] Loss: 69.30180 = L_Mnfld: 19.46448 + L_NonMnfld: 26.47477 + L_Nrml: 0.00000 + L_Eknl: 14.28649 + L_Div: 0.00000 + L_Morse: 9.07605
Epoch: 0 [ 520/10000 (5%)] Unweighted L_s : L_Mnfld: 0.00278,  L_NonMnfld: 0.04412,  L_Nrml: 0.00000,  L_Eknl: 0.28573, L_Morse: 0.90761

Weights: [7000.0, 600.0, 0, 50.0, 0.0, 10.0], lr=5.000e-05
Epoch: 0 [ 530/10000 (5%)] Loss: 66.54193 = L_Mnfld: 18.05137 + L_NonMnfld: 26.19047 + L_Nrml: 0.00000 + L_Eknl: 13.76160 + L_Div: 0.00000 + L_Morse: 8.53850
Epoch: 0 [ 530/10000 (5%)] Unweighted L_s : L_Mnfld: 0.00258,  L_NonMnfld: 0.04365,  L_Nrml: 0.00000,  L_Eknl: 0.27523, L_Morse: 0.85385

Weights: [7000.0, 600.0, 0, 50.0, 0.0, 10.0], lr=5.000e-05
Epoch: 0 [ 540/10000 (5%)] Loss: 67.74280 = L_Mnfld: 18.13851 + L_NonMnfld: 27.33272 + L_Nrml: 0.00000 + L_Eknl: 13.77819 + L_Div: 0.00000 + L_Morse: 8.49339
Epoch: 0 [ 540/10000 (5%)] Unweighted L_s : L_Mnfld: 0.00259,  L_NonMnfld: 0.04555,  L_Nrml: 0.00000,  L_Eknl: 0.27556, L_Morse: 0.84934

Weights: [7000.0, 600.0, 0, 50.0, 0.0, 10.0], lr=5.000e-05
Epoch: 0 [ 550/10000 (6%)] Loss: 66.09466 = L_Mnfld: 17.57617 + L_NonMnfld: 26.14270 + L_Nrml: 0.00000 + L_Eknl: 13.72885 + L_Div: 0.00000 + L_Morse: 8.64694
Epoch: 0 [ 550/10000 (6%)] Unweighted L_s : L_Mnfld: 0.00251,  L_NonMnfld: 0.04357,  L_Nrml: 0.00000,  L_Eknl: 0.27458, L_Morse: 0.86469

Weights: [7000.0, 600.0, 0, 50.0, 0.0, 10.0], lr=5.000e-05
Epoch: 0 [ 560/10000 (6%)] Loss: 67.52625 = L_Mnfld: 17.90437 + L_NonMnfld: 27.75143 + L_Nrml: 0.00000 + L_Eknl: 13.59150 + L_Div: 0.00000 + L_Morse: 8.27896
Epoch: 0 [ 560/10000 (6%)] Unweighted L_s : L_Mnfld: 0.00256,  L_NonMnfld: 0.04625,  L_Nrml: 0.00000,  L_Eknl: 0.27183, L_Morse: 0.82790

Weights: [7000.0, 600.0, 0, 50.0, 0.0, 10.0], lr=5.000e-05
Epoch: 0 [ 570/10000 (6%)] Loss: 65.47925 = L_Mnfld: 16.85441 + L_NonMnfld: 26.51722 + L_Nrml: 0.00000 + L_Eknl: 13.47367 + L_Div: 0.00000 + L_Morse: 8.63394
Epoch: 0 [ 570/10000 (6%)] Unweighted L_s : L_Mnfld: 0.00241,  L_NonMnfld: 0.04420,  L_Nrml: 0.00000,  L_Eknl: 0.26947, L_Morse: 0.86339

Weights: [7000.0, 600.0, 0, 50.0, 0.0, 10.0], lr=5.000e-05
Epoch: 0 [ 580/10000 (6%)] Loss: 64.17844 = L_Mnfld: 16.63686 + L_NonMnfld: 25.20561 + L_Nrml: 0.00000 + L_Eknl: 13.52875 + L_Div: 0.00000 + L_Morse: 8.80721
Epoch: 0 [ 580/10000 (6%)] Unweighted L_s : L_Mnfld: 0.00238,  L_NonMnfld: 0.04201,  L_Nrml: 0.00000,  L_Eknl: 0.27058, L_Morse: 0.88072

Weights: [7000.0, 600.0, 0, 50.0, 0.0, 10.0], lr=5.000e-05
Epoch: 0 [ 590/10000 (6%)] Loss: 65.81744 = L_Mnfld: 18.23634 + L_NonMnfld: 25.86266 + L_Nrml: 0.00000 + L_Eknl: 13.26178 + L_Div: 0.00000 + L_Morse: 8.45667
Epoch: 0 [ 590/10000 (6%)] Unweighted L_s : L_Mnfld: 0.00261,  L_NonMnfld: 0.04310,  L_Nrml: 0.00000,  L_Eknl: 0.26524, L_Morse: 0.84567

Weights: [7000.0, 600.0, 0, 50.0, 0.0, 10.0], lr=5.000e-05
Epoch: 0 [ 600/10000 (6%)] Loss: 64.07804 = L_Mnfld: 17.21621 + L_NonMnfld: 25.39123 + L_Nrml: 0.00000 + L_Eknl: 13.13568 + L_Div: 0.00000 + L_Morse: 8.33492
Epoch: 0 [ 600/10000 (6%)] Unweighted L_s : L_Mnfld: 0.00246,  L_NonMnfld: 0.04232,  L_Nrml: 0.00000,  L_Eknl: 0.26271, L_Morse: 0.83349

Weights: [7000.0, 600.0, 0, 50.0, 0.0, 10.0], lr=5.000e-05
Epoch: 0 [ 610/10000 (6%)] Loss: 64.46684 = L_Mnfld: 16.68912 + L_NonMnfld: 26.15852 + L_Nrml: 0.00000 + L_Eknl: 12.97001 + L_Div: 0.00000 + L_Morse: 8.64919
Epoch: 0 [ 610/10000 (6%)] Unweighted L_s : L_Mnfld: 0.00238,  L_NonMnfld: 0.04360,  L_Nrml: 0.00000,  L_Eknl: 0.25940, L_Morse: 0.86492

Weights: [7000.0, 600.0, 0, 50.0, 0.0, 10.0], lr=5.000e-05
Epoch: 0 [ 620/10000 (6%)] Loss: 63.30605 = L_Mnfld: 17.67565 + L_NonMnfld: 24.41170 + L_Nrml: 0.00000 + L_Eknl: 13.04070 + L_Div: 0.00000 + L_Morse: 8.17799
Epoch: 0 [ 620/10000 (6%)] Unweighted L_s : L_Mnfld: 0.00253,  L_NonMnfld: 0.04069,  L_Nrml: 0.00000,  L_Eknl: 0.26081, L_Morse: 0.81780

Weights: [7000.0, 600.0, 0, 50.0, 0.0, 10.0], lr=5.000e-05
Epoch: 0 [ 630/10000 (6%)] Loss: 62.92204 = L_Mnfld: 16.89734 + L_NonMnfld: 24.96561 + L_Nrml: 0.00000 + L_Eknl: 12.91708 + L_Div: 0.00000 + L_Morse: 8.14201
Epoch: 0 [ 630/10000 (6%)] Unweighted L_s : L_Mnfld: 0.00241,  L_NonMnfld: 0.04161,  L_Nrml: 0.00000,  L_Eknl: 0.25834, L_Morse: 0.81420

Weights: [7000.0, 600.0, 0, 50.0, 0.0, 10.0], lr=5.000e-05
Epoch: 0 [ 640/10000 (6%)] Loss: 64.47626 = L_Mnfld: 16.92084 + L_NonMnfld: 26.79339 + L_Nrml: 0.00000 + L_Eknl: 12.87592 + L_Div: 0.00000 + L_Morse: 7.88611
Epoch: 0 [ 640/10000 (6%)] Unweighted L_s : L_Mnfld: 0.00242,  L_NonMnfld: 0.04466,  L_Nrml: 0.00000,  L_Eknl: 0.25752, L_Morse: 0.78861

Weights: [7000.0, 600.0, 0, 50.0, 0.0, 10.0], lr=5.000e-05
Epoch: 0 [ 650/10000 (6%)] Loss: 60.45914 = L_Mnfld: 15.44205 + L_NonMnfld: 24.40592 + L_Nrml: 0.00000 + L_Eknl: 12.71965 + L_Div: 0.00000 + L_Morse: 7.89152
Epoch: 0 [ 650/10000 (6%)] Unweighted L_s : L_Mnfld: 0.00221,  L_NonMnfld: 0.04068,  L_Nrml: 0.00000,  L_Eknl: 0.25439, L_Morse: 0.78915

Weights: [7000.0, 600.0, 0, 50.0, 0.0, 10.0], lr=5.000e-05
Epoch: 0 [ 660/10000 (7%)] Loss: 61.37747 = L_Mnfld: 15.93610 + L_NonMnfld: 24.94692 + L_Nrml: 0.00000 + L_Eknl: 12.63832 + L_Div: 0.00000 + L_Morse: 7.85613
Epoch: 0 [ 660/10000 (7%)] Unweighted L_s : L_Mnfld: 0.00228,  L_NonMnfld: 0.04158,  L_Nrml: 0.00000,  L_Eknl: 0.25277, L_Morse: 0.78561

Weights: [7000.0, 600.0, 0, 50.0, 0.0, 10.0], lr=5.000e-05
Epoch: 0 [ 670/10000 (7%)] Loss: 61.59594 = L_Mnfld: 16.17683 + L_NonMnfld: 24.87144 + L_Nrml: 0.00000 + L_Eknl: 12.70061 + L_Div: 0.00000 + L_Morse: 7.84705
Epoch: 0 [ 670/10000 (7%)] Unweighted L_s : L_Mnfld: 0.00231,  L_NonMnfld: 0.04145,  L_Nrml: 0.00000,  L_Eknl: 0.25401, L_Morse: 0.78471

Weights: [7000.0, 600.0, 0, 50.0, 0.0, 10.0], lr=5.000e-05
Epoch: 0 [ 680/10000 (7%)] Loss: 63.28661 = L_Mnfld: 17.37757 + L_NonMnfld: 24.80493 + L_Nrml: 0.00000 + L_Eknl: 12.67526 + L_Div: 0.00000 + L_Morse: 8.42884
Epoch: 0 [ 680/10000 (7%)] Unweighted L_s : L_Mnfld: 0.00248,  L_NonMnfld: 0.04134,  L_Nrml: 0.00000,  L_Eknl: 0.25351, L_Morse: 0.84288

Weights: [7000.0, 600.0, 0, 50.0, 0.0, 10.0], lr=5.000e-05
Epoch: 0 [ 690/10000 (7%)] Loss: 60.65020 = L_Mnfld: 15.86260 + L_NonMnfld: 24.25772 + L_Nrml: 0.00000 + L_Eknl: 12.48950 + L_Div: 0.00000 + L_Morse: 8.04038
Epoch: 0 [ 690/10000 (7%)] Unweighted L_s : L_Mnfld: 0.00227,  L_NonMnfld: 0.04043,  L_Nrml: 0.00000,  L_Eknl: 0.24979, L_Morse: 0.80404

Weights: [7000.0, 600.0, 0, 50.0, 0.0, 10.0], lr=5.000e-05
Epoch: 0 [ 700/10000 (7%)] Loss: 65.37750 = L_Mnfld: 17.56852 + L_NonMnfld: 26.97966 + L_Nrml: 0.00000 + L_Eknl: 12.75269 + L_Div: 0.00000 + L_Morse: 8.07663
Epoch: 0 [ 700/10000 (7%)] Unweighted L_s : L_Mnfld: 0.00251,  L_NonMnfld: 0.04497,  L_Nrml: 0.00000,  L_Eknl: 0.25505, L_Morse: 0.80766

Weights: [7000.0, 600.0, 0, 50.0, 0.0, 10.0], lr=5.000e-05
Epoch: 0 [ 710/10000 (7%)] Loss: 80.23224 = L_Mnfld: 31.97395 + L_NonMnfld: 25.72853 + L_Nrml: 0.00000 + L_Eknl: 12.66487 + L_Div: 0.00000 + L_Morse: 9.86489
Epoch: 0 [ 710/10000 (7%)] Unweighted L_s : L_Mnfld: 0.00457,  L_NonMnfld: 0.04288,  L_Nrml: 0.00000,  L_Eknl: 0.25330, L_Morse: 0.98649

Weights: [7000.0, 600.0, 0, 50.0, 0.0, 10.0], lr=5.000e-05
Epoch: 0 [ 720/10000 (7%)] Loss: 77.33450 = L_Mnfld: 24.63133 + L_NonMnfld: 27.43364 + L_Nrml: 0.00000 + L_Eknl: 13.42275 + L_Div: 0.00000 + L_Morse: 11.84676
Epoch: 0 [ 720/10000 (7%)] Unweighted L_s : L_Mnfld: 0.00352,  L_NonMnfld: 0.04572,  L_Nrml: 0.00000,  L_Eknl: 0.26846, L_Morse: 1.18468

Weights: [7000.0, 600.0, 0, 50.0, 0.0, 10.0], lr=5.000e-05
Epoch: 0 [ 730/10000 (7%)] Loss: 77.25854 = L_Mnfld: 26.90517 + L_NonMnfld: 26.32772 + L_Nrml: 0.00000 + L_Eknl: 13.08102 + L_Div: 0.00000 + L_Morse: 10.94462
Epoch: 0 [ 730/10000 (7%)] Unweighted L_s : L_Mnfld: 0.00384,  L_NonMnfld: 0.04388,  L_Nrml: 0.00000,  L_Eknl: 0.26162, L_Morse: 1.09446

Weights: [7000.0, 600.0, 0, 50.0, 0.0, 10.0], lr=5.000e-05
Epoch: 0 [ 740/10000 (7%)] Loss: 80.16280 = L_Mnfld: 28.81978 + L_NonMnfld: 27.06650 + L_Nrml: 0.00000 + L_Eknl: 13.11409 + L_Div: 0.00000 + L_Morse: 11.16242
Epoch: 0 [ 740/10000 (7%)] Unweighted L_s : L_Mnfld: 0.00412,  L_NonMnfld: 0.04511,  L_Nrml: 0.00000,  L_Eknl: 0.26228, L_Morse: 1.11624

Weights: [7000.0, 600.0, 0, 50.0, 0.0, 10.0], lr=5.000e-05
Epoch: 0 [ 750/10000 (8%)] Loss: 79.64333 = L_Mnfld: 28.04436 + L_NonMnfld: 26.13856 + L_Nrml: 0.00000 + L_Eknl: 13.21746 + L_Div: 0.00000 + L_Morse: 12.24295
Epoch: 0 [ 750/10000 (8%)] Unweighted L_s : L_Mnfld: 0.00401,  L_NonMnfld: 0.04356,  L_Nrml: 0.00000,  L_Eknl: 0.26435, L_Morse: 1.22430

Weights: [7000.0, 600.0, 0, 50.0, 0.0, 10.0], lr=5.000e-05
Epoch: 0 [ 760/10000 (8%)] Loss: 88.54451 = L_Mnfld: 36.05946 + L_NonMnfld: 28.19645 + L_Nrml: 0.00000 + L_Eknl: 13.56928 + L_Div: 0.00000 + L_Morse: 10.71933
Epoch: 0 [ 760/10000 (8%)] Unweighted L_s : L_Mnfld: 0.00515,  L_NonMnfld: 0.04699,  L_Nrml: 0.00000,  L_Eknl: 0.27139, L_Morse: 1.07193

Weights: [7000.0, 600.0, 0, 50.0, 0.0, 10.0], lr=5.000e-05
Epoch: 0 [ 770/10000 (8%)] Loss: 78.11664 = L_Mnfld: 28.69132 + L_NonMnfld: 25.88943 + L_Nrml: 0.00000 + L_Eknl: 12.88984 + L_Div: 0.00000 + L_Morse: 10.64604
Epoch: 0 [ 770/10000 (8%)] Unweighted L_s : L_Mnfld: 0.00410,  L_NonMnfld: 0.04315,  L_Nrml: 0.00000,  L_Eknl: 0.25780, L_Morse: 1.06460

Weights: [7000.0, 600.0, 0, 50.0, 0.0, 10.0], lr=5.000e-05
Epoch: 0 [ 780/10000 (8%)] Loss: 68.86331 = L_Mnfld: 21.41556 + L_NonMnfld: 25.71822 + L_Nrml: 0.00000 + L_Eknl: 12.63065 + L_Div: 0.00000 + L_Morse: 9.09888
Epoch: 0 [ 780/10000 (8%)] Unweighted L_s : L_Mnfld: 0.00306,  L_NonMnfld: 0.04286,  L_Nrml: 0.00000,  L_Eknl: 0.25261, L_Morse: 0.90989

Weights: [7000.0, 600.0, 0, 50.0, 0.0, 10.0], lr=5.000e-05
Epoch: 0 [ 790/10000 (8%)] Loss: 65.35251 = L_Mnfld: 18.61001 + L_NonMnfld: 25.42819 + L_Nrml: 0.00000 + L_Eknl: 12.64989 + L_Div: 0.00000 + L_Morse: 8.66442
Epoch: 0 [ 790/10000 (8%)] Unweighted L_s : L_Mnfld: 0.00266,  L_NonMnfld: 0.04238,  L_Nrml: 0.00000,  L_Eknl: 0.25300, L_Morse: 0.86644

Weights: [7000.0, 600.0, 0, 50.0, 0.0, 10.0], lr=5.000e-05
Epoch: 0 [ 800/10000 (8%)] Loss: 62.12265 = L_Mnfld: 15.55486 + L_NonMnfld: 26.13561 + L_Nrml: 0.00000 + L_Eknl: 12.30384 + L_Div: 0.00000 + L_Morse: 8.12835
Epoch: 0 [ 800/10000 (8%)] Unweighted L_s : L_Mnfld: 0.00222,  L_NonMnfld: 0.04356,  L_Nrml: 0.00000,  L_Eknl: 0.24608, L_Morse: 0.81283

Weights: [7000.0, 600.0, 0, 50.0, 0.0, 10.0], lr=5.000e-05
Epoch: 0 [ 810/10000 (8%)] Loss: 60.49829 = L_Mnfld: 14.79997 + L_NonMnfld: 25.62666 + L_Nrml: 0.00000 + L_Eknl: 12.28864 + L_Div: 0.00000 + L_Morse: 7.78302
Epoch: 0 [ 810/10000 (8%)] Unweighted L_s : L_Mnfld: 0.00211,  L_NonMnfld: 0.04271,  L_Nrml: 0.00000,  L_Eknl: 0.24577, L_Morse: 0.77830

Weights: [7000.0, 600.0, 0, 50.0, 0.0, 10.0], lr=5.000e-05
Epoch: 0 [ 820/10000 (8%)] Loss: 58.03041 = L_Mnfld: 14.16750 + L_NonMnfld: 24.13433 + L_Nrml: 0.00000 + L_Eknl: 11.97139 + L_Div: 0.00000 + L_Morse: 7.75719
Epoch: 0 [ 820/10000 (8%)] Unweighted L_s : L_Mnfld: 0.00202,  L_NonMnfld: 0.04022,  L_Nrml: 0.00000,  L_Eknl: 0.23943, L_Morse: 0.77572

Weights: [7000.0, 600.0, 0, 50.0, 0.0, 10.0], lr=5.000e-05
Epoch: 0 [ 830/10000 (8%)] Loss: 59.57308 = L_Mnfld: 14.22870 + L_NonMnfld: 25.83023 + L_Nrml: 0.00000 + L_Eknl: 12.06999 + L_Div: 0.00000 + L_Morse: 7.44417
Epoch: 0 [ 830/10000 (8%)] Unweighted L_s : L_Mnfld: 0.00203,  L_NonMnfld: 0.04305,  L_Nrml: 0.00000,  L_Eknl: 0.24140, L_Morse: 0.74442

Weights: [7000.0, 600.0, 0, 50.0, 0.0, 10.0], lr=5.000e-05
Epoch: 0 [ 840/10000 (8%)] Loss: 59.37100 = L_Mnfld: 14.13107 + L_NonMnfld: 25.80403 + L_Nrml: 0.00000 + L_Eknl: 11.83191 + L_Div: 0.00000 + L_Morse: 7.60399
Epoch: 0 [ 840/10000 (8%)] Unweighted L_s : L_Mnfld: 0.00202,  L_NonMnfld: 0.04301,  L_Nrml: 0.00000,  L_Eknl: 0.23664, L_Morse: 0.76040

Weights: [7000.0, 600.0, 0, 50.0, 0.0, 10.0], lr=5.000e-05
Epoch: 0 [ 850/10000 (8%)] Loss: 58.85660 = L_Mnfld: 13.77405 + L_NonMnfld: 25.69189 + L_Nrml: 0.00000 + L_Eknl: 11.74030 + L_Div: 0.00000 + L_Morse: 7.65036
Epoch: 0 [ 850/10000 (8%)] Unweighted L_s : L_Mnfld: 0.00197,  L_NonMnfld: 0.04282,  L_Nrml: 0.00000,  L_Eknl: 0.23481, L_Morse: 0.76504

Weights: [7000.0, 600.0, 0, 50.0, 0.0, 10.0], lr=5.000e-05
Epoch: 0 [ 860/10000 (9%)] Loss: 56.73075 = L_Mnfld: 12.74875 + L_NonMnfld: 24.55164 + L_Nrml: 0.00000 + L_Eknl: 11.71255 + L_Div: 0.00000 + L_Morse: 7.71782
Epoch: 0 [ 860/10000 (9%)] Unweighted L_s : L_Mnfld: 0.00182,  L_NonMnfld: 0.04092,  L_Nrml: 0.00000,  L_Eknl: 0.23425, L_Morse: 0.77178

Weights: [7000.0, 600.0, 0, 50.0, 0.0, 10.0], lr=5.000e-05
Epoch: 0 [ 870/10000 (9%)] Loss: 57.10785 = L_Mnfld: 12.99831 + L_NonMnfld: 25.01226 + L_Nrml: 0.00000 + L_Eknl: 11.54134 + L_Div: 0.00000 + L_Morse: 7.55594
Epoch: 0 [ 870/10000 (9%)] Unweighted L_s : L_Mnfld: 0.00186,  L_NonMnfld: 0.04169,  L_Nrml: 0.00000,  L_Eknl: 0.23083, L_Morse: 0.75559

Weights: [7000.0, 600.0, 0, 50.0, 0.0, 10.0], lr=5.000e-05
Epoch: 0 [ 880/10000 (9%)] Loss: 57.20540 = L_Mnfld: 13.00829 + L_NonMnfld: 25.29748 + L_Nrml: 0.00000 + L_Eknl: 11.51174 + L_Div: 0.00000 + L_Morse: 7.38789
Epoch: 0 [ 880/10000 (9%)] Unweighted L_s : L_Mnfld: 0.00186,  L_NonMnfld: 0.04216,  L_Nrml: 0.00000,  L_Eknl: 0.23023, L_Morse: 0.73879

Weights: [7000.0, 600.0, 0, 50.0, 0.0, 10.0], lr=5.000e-05
Epoch: 0 [ 890/10000 (9%)] Loss: 55.65307 = L_Mnfld: 12.23285 + L_NonMnfld: 24.36200 + L_Nrml: 0.00000 + L_Eknl: 11.54233 + L_Div: 0.00000 + L_Morse: 7.51589
Epoch: 0 [ 890/10000 (9%)] Unweighted L_s : L_Mnfld: 0.00175,  L_NonMnfld: 0.04060,  L_Nrml: 0.00000,  L_Eknl: 0.23085, L_Morse: 0.75159

Weights: [7000.0, 600.0, 0, 50.0, 0.0, 10.0], lr=5.000e-05
Epoch: 0 [ 900/10000 (9%)] Loss: 57.09639 = L_Mnfld: 12.67314 + L_NonMnfld: 25.37326 + L_Nrml: 0.00000 + L_Eknl: 11.33383 + L_Div: 0.00000 + L_Morse: 7.71616
Epoch: 0 [ 900/10000 (9%)] Unweighted L_s : L_Mnfld: 0.00181,  L_NonMnfld: 0.04229,  L_Nrml: 0.00000,  L_Eknl: 0.22668, L_Morse: 0.77162

Weights: [7000.0, 600.0, 0, 50.0, 0.0, 10.0], lr=5.000e-05
Epoch: 0 [ 910/10000 (9%)] Loss: 55.22113 = L_Mnfld: 12.98630 + L_NonMnfld: 23.33966 + L_Nrml: 0.00000 + L_Eknl: 11.34093 + L_Div: 0.00000 + L_Morse: 7.55424
Epoch: 0 [ 910/10000 (9%)] Unweighted L_s : L_Mnfld: 0.00186,  L_NonMnfld: 0.03890,  L_Nrml: 0.00000,  L_Eknl: 0.22682, L_Morse: 0.75542

Weights: [7000.0, 600.0, 0, 50.0, 0.0, 10.0], lr=5.000e-05
Epoch: 0 [ 920/10000 (9%)] Loss: 56.63546 = L_Mnfld: 11.99654 + L_NonMnfld: 25.63646 + L_Nrml: 0.00000 + L_Eknl: 11.26956 + L_Div: 0.00000 + L_Morse: 7.73291
Epoch: 0 [ 920/10000 (9%)] Unweighted L_s : L_Mnfld: 0.00171,  L_NonMnfld: 0.04273,  L_Nrml: 0.00000,  L_Eknl: 0.22539, L_Morse: 0.77329

Weights: [7000.0, 600.0, 0, 50.0, 0.0, 10.0], lr=5.000e-05
Epoch: 0 [ 930/10000 (9%)] Loss: 54.75838 = L_Mnfld: 12.66055 + L_NonMnfld: 22.87220 + L_Nrml: 0.00000 + L_Eknl: 11.31636 + L_Div: 0.00000 + L_Morse: 7.90928
Epoch: 0 [ 930/10000 (9%)] Unweighted L_s : L_Mnfld: 0.00181,  L_NonMnfld: 0.03812,  L_Nrml: 0.00000,  L_Eknl: 0.22633, L_Morse: 0.79093

Weights: [7000.0, 600.0, 0, 50.0, 0.0, 10.0], lr=5.000e-05
Epoch: 0 [ 940/10000 (9%)] Loss: 54.72577 = L_Mnfld: 11.51166 + L_NonMnfld: 24.13546 + L_Nrml: 0.00000 + L_Eknl: 11.18085 + L_Div: 0.00000 + L_Morse: 7.89779
Epoch: 0 [ 940/10000 (9%)] Unweighted L_s : L_Mnfld: 0.00164,  L_NonMnfld: 0.04023,  L_Nrml: 0.00000,  L_Eknl: 0.22362, L_Morse: 0.78978

Weights: [7000.0, 600.0, 0, 50.0, 0.0, 10.0], lr=5.000e-05
Epoch: 0 [ 950/10000 (10%)] Loss: 55.47685 = L_Mnfld: 12.74914 + L_NonMnfld: 24.01627 + L_Nrml: 0.00000 + L_Eknl: 11.01704 + L_Div: 0.00000 + L_Morse: 7.69440
Epoch: 0 [ 950/10000 (10%)] Unweighted L_s : L_Mnfld: 0.00182,  L_NonMnfld: 0.04003,  L_Nrml: 0.00000,  L_Eknl: 0.22034, L_Morse: 0.76944

Weights: [7000.0, 600.0, 0, 50.0, 0.0, 10.0], lr=5.000e-05
Epoch: 0 [ 960/10000 (10%)] Loss: 57.10569 = L_Mnfld: 13.04939 + L_NonMnfld: 25.03647 + L_Nrml: 0.00000 + L_Eknl: 11.07320 + L_Div: 0.00000 + L_Morse: 7.94663
Epoch: 0 [ 960/10000 (10%)] Unweighted L_s : L_Mnfld: 0.00186,  L_NonMnfld: 0.04173,  L_Nrml: 0.00000,  L_Eknl: 0.22146, L_Morse: 0.79466

Weights: [7000.0, 600.0, 0, 50.0, 0.0, 10.0], lr=5.000e-05
Epoch: 0 [ 970/10000 (10%)] Loss: 56.61709 = L_Mnfld: 13.28591 + L_NonMnfld: 24.16428 + L_Nrml: 0.00000 + L_Eknl: 11.27029 + L_Div: 0.00000 + L_Morse: 7.89661
Epoch: 0 [ 970/10000 (10%)] Unweighted L_s : L_Mnfld: 0.00190,  L_NonMnfld: 0.04027,  L_Nrml: 0.00000,  L_Eknl: 0.22541, L_Morse: 0.78966

Weights: [7000.0, 600.0, 0, 50.0, 0.0, 10.0], lr=5.000e-05
Epoch: 0 [ 980/10000 (10%)] Loss: 54.59146 = L_Mnfld: 12.61772 + L_NonMnfld: 23.43264 + L_Nrml: 0.00000 + L_Eknl: 10.92904 + L_Div: 0.00000 + L_Morse: 7.61206
Epoch: 0 [ 980/10000 (10%)] Unweighted L_s : L_Mnfld: 0.00180,  L_NonMnfld: 0.03905,  L_Nrml: 0.00000,  L_Eknl: 0.21858, L_Morse: 0.76121

Weights: [7000.0, 600.0, 0, 50.0, 0.0, 10.0], lr=5.000e-05
Epoch: 0 [ 990/10000 (10%)] Loss: 57.87080 = L_Mnfld: 13.44094 + L_NonMnfld: 25.66441 + L_Nrml: 0.00000 + L_Eknl: 10.96310 + L_Div: 0.00000 + L_Morse: 7.80236
Epoch: 0 [ 990/10000 (10%)] Unweighted L_s : L_Mnfld: 0.00192,  L_NonMnfld: 0.04277,  L_Nrml: 0.00000,  L_Eknl: 0.21926, L_Morse: 0.78024

Weights: [7000.0, 600.0, 0, 50.0, 0.0, 10.0], lr=5.000e-05
Epoch: 0 [1000/10000 (10%)] Loss: 57.30679 = L_Mnfld: 13.59361 + L_NonMnfld: 24.99959 + L_Nrml: 0.00000 + L_Eknl: 11.01356 + L_Div: 0.00000 + L_Morse: 7.70003
Epoch: 0 [1000/10000 (10%)] Unweighted L_s : L_Mnfld: 0.00194,  L_NonMnfld: 0.04167,  L_Nrml: 0.00000,  L_Eknl: 0.22027, L_Morse: 0.77000

Weights: [7000.0, 600.0, 0, 50.0, 0.0, 10.0], lr=5.000e-05
Epoch: 0 [1010/10000 (10%)] Loss: 55.75103 = L_Mnfld: 13.94189 + L_NonMnfld: 22.61242 + L_Nrml: 0.00000 + L_Eknl: 10.96773 + L_Div: 0.00000 + L_Morse: 8.22899
Epoch: 0 [1010/10000 (10%)] Unweighted L_s : L_Mnfld: 0.00199,  L_NonMnfld: 0.03769,  L_Nrml: 0.00000,  L_Eknl: 0.21935, L_Morse: 0.82290

Weights: [7000.0, 600.0, 0, 50.0, 0.0, 10.0], lr=5.000e-05
Epoch: 0 [1020/10000 (10%)] Loss: 54.78573 = L_Mnfld: 12.88945 + L_NonMnfld: 23.45031 + L_Nrml: 0.00000 + L_Eknl: 10.75361 + L_Div: 0.00000 + L_Morse: 7.69235
Epoch: 0 [1020/10000 (10%)] Unweighted L_s : L_Mnfld: 0.00184,  L_NonMnfld: 0.03908,  L_Nrml: 0.00000,  L_Eknl: 0.21507, L_Morse: 0.76924

Weights: [7000.0, 600.0, 0, 50.0, 0.0, 10.0], lr=5.000e-05
Epoch: 0 [1030/10000 (10%)] Loss: 56.59524 = L_Mnfld: 13.80537 + L_NonMnfld: 23.62690 + L_Nrml: 0.00000 + L_Eknl: 10.83394 + L_Div: 0.00000 + L_Morse: 8.32902
Epoch: 0 [1030/10000 (10%)] Unweighted L_s : L_Mnfld: 0.00197,  L_NonMnfld: 0.03938,  L_Nrml: 0.00000,  L_Eknl: 0.21668, L_Morse: 0.83290

Weights: [7000.0, 600.0, 0, 50.0, 0.0, 10.0], lr=5.000e-05
Epoch: 0 [1040/10000 (10%)] Loss: 57.33860 = L_Mnfld: 13.74760 + L_NonMnfld: 24.87736 + L_Nrml: 0.00000 + L_Eknl: 10.89282 + L_Div: 0.00000 + L_Morse: 7.82081
Epoch: 0 [1040/10000 (10%)] Unweighted L_s : L_Mnfld: 0.00196,  L_NonMnfld: 0.04146,  L_Nrml: 0.00000,  L_Eknl: 0.21786, L_Morse: 0.78208

Weights: [7000.0, 600.0, 0, 50.0, 0.0, 10.0], lr=5.000e-05
Epoch: 0 [1050/10000 (10%)] Loss: 55.93852 = L_Mnfld: 13.09545 + L_NonMnfld: 24.29707 + L_Nrml: 0.00000 + L_Eknl: 10.64195 + L_Div: 0.00000 + L_Morse: 7.90405
Epoch: 0 [1050/10000 (10%)] Unweighted L_s : L_Mnfld: 0.00187,  L_NonMnfld: 0.04050,  L_Nrml: 0.00000,  L_Eknl: 0.21284, L_Morse: 0.79041

Weights: [7000.0, 600.0, 0, 50.0, 0.0, 10.0], lr=5.000e-05
Epoch: 0 [1060/10000 (11%)] Loss: 55.14247 = L_Mnfld: 12.90919 + L_NonMnfld: 23.63152 + L_Nrml: 0.00000 + L_Eknl: 10.62493 + L_Div: 0.00000 + L_Morse: 7.97683
Epoch: 0 [1060/10000 (11%)] Unweighted L_s : L_Mnfld: 0.00184,  L_NonMnfld: 0.03939,  L_Nrml: 0.00000,  L_Eknl: 0.21250, L_Morse: 0.79768

Weights: [7000.0, 600.0, 0, 50.0, 0.0, 10.0], lr=5.000e-05
Epoch: 0 [1070/10000 (11%)] Loss: 53.14933 = L_Mnfld: 11.99085 + L_NonMnfld: 22.81475 + L_Nrml: 0.00000 + L_Eknl: 10.49546 + L_Div: 0.00000 + L_Morse: 7.84827
Epoch: 0 [1070/10000 (11%)] Unweighted L_s : L_Mnfld: 0.00171,  L_NonMnfld: 0.03802,  L_Nrml: 0.00000,  L_Eknl: 0.20991, L_Morse: 0.78483

Weights: [7000.0, 600.0, 0, 50.0, 0.0, 10.0], lr=5.000e-05
Epoch: 0 [1080/10000 (11%)] Loss: 54.67062 = L_Mnfld: 11.58696 + L_NonMnfld: 24.51960 + L_Nrml: 0.00000 + L_Eknl: 10.45213 + L_Div: 0.00000 + L_Morse: 8.11193
Epoch: 0 [1080/10000 (11%)] Unweighted L_s : L_Mnfld: 0.00166,  L_NonMnfld: 0.04087,  L_Nrml: 0.00000,  L_Eknl: 0.20904, L_Morse: 0.81119

Weights: [7000.0, 600.0, 0, 50.0, 0.0, 10.0], lr=5.000e-05
Epoch: 0 [1090/10000 (11%)] Loss: 53.51168 = L_Mnfld: 11.94164 + L_NonMnfld: 22.96782 + L_Nrml: 0.00000 + L_Eknl: 10.65802 + L_Div: 0.00000 + L_Morse: 7.94419
Epoch: 0 [1090/10000 (11%)] Unweighted L_s : L_Mnfld: 0.00171,  L_NonMnfld: 0.03828,  L_Nrml: 0.00000,  L_Eknl: 0.21316, L_Morse: 0.79442

Weights: [7000.0, 600.0, 0, 50.0, 0.0, 10.0], lr=5.000e-05
Epoch: 0 [1100/10000 (11%)] Loss: 53.25932 = L_Mnfld: 11.66662 + L_NonMnfld: 23.34647 + L_Nrml: 0.00000 + L_Eknl: 10.34794 + L_Div: 0.00000 + L_Morse: 7.89828
Epoch: 0 [1100/10000 (11%)] Unweighted L_s : L_Mnfld: 0.00167,  L_NonMnfld: 0.03891,  L_Nrml: 0.00000,  L_Eknl: 0.20696, L_Morse: 0.78983

Weights: [7000.0, 600.0, 0, 50.0, 0.0, 10.0], lr=5.000e-05
Epoch: 0 [1110/10000 (11%)] Loss: 53.95384 = L_Mnfld: 12.62538 + L_NonMnfld: 22.59658 + L_Nrml: 0.00000 + L_Eknl: 10.48478 + L_Div: 0.00000 + L_Morse: 8.24710
Epoch: 0 [1110/10000 (11%)] Unweighted L_s : L_Mnfld: 0.00180,  L_NonMnfld: 0.03766,  L_Nrml: 0.00000,  L_Eknl: 0.20970, L_Morse: 0.82471

Weights: [7000.0, 600.0, 0, 50.0, 0.0, 10.0], lr=5.000e-05
Epoch: 0 [1120/10000 (11%)] Loss: 53.05548 = L_Mnfld: 11.84555 + L_NonMnfld: 23.06075 + L_Nrml: 0.00000 + L_Eknl: 10.32503 + L_Div: 0.00000 + L_Morse: 7.82415
Epoch: 0 [1120/10000 (11%)] Unweighted L_s : L_Mnfld: 0.00169,  L_NonMnfld: 0.03843,  L_Nrml: 0.00000,  L_Eknl: 0.20650, L_Morse: 0.78241

Weights: [7000.0, 600.0, 0, 50.0, 0.0, 10.0], lr=5.000e-05
Epoch: 0 [1130/10000 (11%)] Loss: 53.57660 = L_Mnfld: 12.43849 + L_NonMnfld: 22.78783 + L_Nrml: 0.00000 + L_Eknl: 10.37633 + L_Div: 0.00000 + L_Morse: 7.97393
Epoch: 0 [1130/10000 (11%)] Unweighted L_s : L_Mnfld: 0.00178,  L_NonMnfld: 0.03798,  L_Nrml: 0.00000,  L_Eknl: 0.20753, L_Morse: 0.79739

Weights: [7000.0, 600.0, 0, 50.0, 0.0, 10.0], lr=5.000e-05
Epoch: 0 [1140/10000 (11%)] Loss: 53.87072 = L_Mnfld: 12.09756 + L_NonMnfld: 23.52857 + L_Nrml: 0.00000 + L_Eknl: 10.31867 + L_Div: 0.00000 + L_Morse: 7.92593
Epoch: 0 [1140/10000 (11%)] Unweighted L_s : L_Mnfld: 0.00173,  L_NonMnfld: 0.03921,  L_Nrml: 0.00000,  L_Eknl: 0.20637, L_Morse: 0.79259

Weights: [7000.0, 600.0, 0, 50.0, 0.0, 10.0], lr=5.000e-05
Epoch: 0 [1150/10000 (12%)] Loss: 54.16626 = L_Mnfld: 12.35837 + L_NonMnfld: 23.48609 + L_Nrml: 0.00000 + L_Eknl: 10.26387 + L_Div: 0.00000 + L_Morse: 8.05795
Epoch: 0 [1150/10000 (12%)] Unweighted L_s : L_Mnfld: 0.00177,  L_NonMnfld: 0.03914,  L_Nrml: 0.00000,  L_Eknl: 0.20528, L_Morse: 0.80579

Weights: [7000.0, 600.0, 0, 50.0, 0.0, 10.0], lr=5.000e-05
Epoch: 0 [1160/10000 (12%)] Loss: 55.19965 = L_Mnfld: 13.82416 + L_NonMnfld: 23.12484 + L_Nrml: 0.00000 + L_Eknl: 10.21505 + L_Div: 0.00000 + L_Morse: 8.03561
Epoch: 0 [1160/10000 (12%)] Unweighted L_s : L_Mnfld: 0.00197,  L_NonMnfld: 0.03854,  L_Nrml: 0.00000,  L_Eknl: 0.20430, L_Morse: 0.80356

Weights: [7000.0, 600.0, 0, 50.0, 0.0, 10.0], lr=5.000e-05
Epoch: 0 [1170/10000 (12%)] Loss: 55.76434 = L_Mnfld: 13.16776 + L_NonMnfld: 24.10146 + L_Nrml: 0.00000 + L_Eknl: 10.11059 + L_Div: 0.00000 + L_Morse: 8.38452
Epoch: 0 [1170/10000 (12%)] Unweighted L_s : L_Mnfld: 0.00188,  L_NonMnfld: 0.04017,  L_Nrml: 0.00000,  L_Eknl: 0.20221, L_Morse: 0.83845

Weights: [7000.0, 600.0, 0, 50.0, 0.0, 10.0], lr=5.000e-05
Epoch: 0 [1180/10000 (12%)] Loss: 55.09647 = L_Mnfld: 12.03436 + L_NonMnfld: 25.08632 + L_Nrml: 0.00000 + L_Eknl: 9.94801 + L_Div: 0.00000 + L_Morse: 8.02778
Epoch: 0 [1180/10000 (12%)] Unweighted L_s : L_Mnfld: 0.00172,  L_NonMnfld: 0.04181,  L_Nrml: 0.00000,  L_Eknl: 0.19896, L_Morse: 0.80278

Weights: [7000.0, 600.0, 0, 50.0, 0.0, 10.0], lr=5.000e-05
Epoch: 0 [1190/10000 (12%)] Loss: 52.49104 = L_Mnfld: 12.41322 + L_NonMnfld: 21.48816 + L_Nrml: 0.00000 + L_Eknl: 10.23204 + L_Div: 0.00000 + L_Morse: 8.35762
Epoch: 0 [1190/10000 (12%)] Unweighted L_s : L_Mnfld: 0.00177,  L_NonMnfld: 0.03581,  L_Nrml: 0.00000,  L_Eknl: 0.20464, L_Morse: 0.83576

Weights: [7000.0, 600.0, 0, 50.0, 0.0, 10.0], lr=5.000e-05
Epoch: 0 [1200/10000 (12%)] Loss: 55.15295 = L_Mnfld: 12.59339 + L_NonMnfld: 24.30754 + L_Nrml: 0.00000 + L_Eknl: 10.15865 + L_Div: 0.00000 + L_Morse: 8.09337
Epoch: 0 [1200/10000 (12%)] Unweighted L_s : L_Mnfld: 0.00180,  L_NonMnfld: 0.04051,  L_Nrml: 0.00000,  L_Eknl: 0.20317, L_Morse: 0.80934

Weights: [7000.0, 600.0, 0, 50.0, 0.0, 10.0], lr=5.000e-05
Epoch: 0 [1210/10000 (12%)] Loss: 55.56473 = L_Mnfld: 12.78115 + L_NonMnfld: 24.48229 + L_Nrml: 0.00000 + L_Eknl: 10.00699 + L_Div: 0.00000 + L_Morse: 8.29430
Epoch: 0 [1210/10000 (12%)] Unweighted L_s : L_Mnfld: 0.00183,  L_NonMnfld: 0.04080,  L_Nrml: 0.00000,  L_Eknl: 0.20014, L_Morse: 0.82943

Weights: [7000.0, 600.0, 0, 50.0, 0.0, 10.0], lr=5.000e-05
Epoch: 0 [1220/10000 (12%)] Loss: 53.97692 = L_Mnfld: 12.00786 + L_NonMnfld: 24.15909 + L_Nrml: 0.00000 + L_Eknl: 9.88391 + L_Div: 0.00000 + L_Morse: 7.92606
Epoch: 0 [1220/10000 (12%)] Unweighted L_s : L_Mnfld: 0.00172,  L_NonMnfld: 0.04027,  L_Nrml: 0.00000,  L_Eknl: 0.19768, L_Morse: 0.79261

Weights: [7000.0, 600.0, 0, 50.0, 0.0, 10.0], lr=5.000e-05
Epoch: 0 [1230/10000 (12%)] Loss: 54.94151 = L_Mnfld: 13.71547 + L_NonMnfld: 22.76641 + L_Nrml: 0.00000 + L_Eknl: 9.99940 + L_Div: 0.00000 + L_Morse: 8.46023
Epoch: 0 [1230/10000 (12%)] Unweighted L_s : L_Mnfld: 0.00196,  L_NonMnfld: 0.03794,  L_Nrml: 0.00000,  L_Eknl: 0.19999, L_Morse: 0.84602

Weights: [7000.0, 600.0, 0, 50.0, 0.0, 10.0], lr=5.000e-05
Epoch: 0 [1240/10000 (12%)] Loss: 55.70895 = L_Mnfld: 14.42859 + L_NonMnfld: 23.36481 + L_Nrml: 0.00000 + L_Eknl: 9.73579 + L_Div: 0.00000 + L_Morse: 8.17976
Epoch: 0 [1240/10000 (12%)] Unweighted L_s : L_Mnfld: 0.00206,  L_NonMnfld: 0.03894,  L_Nrml: 0.00000,  L_Eknl: 0.19472, L_Morse: 0.81798

Weights: [7000.0, 600.0, 0, 50.0, 0.0, 10.0], lr=5.000e-05
Epoch: 0 [1250/10000 (12%)] Loss: 57.99854 = L_Mnfld: 15.31495 + L_NonMnfld: 23.62406 + L_Nrml: 0.00000 + L_Eknl: 10.10729 + L_Div: 0.00000 + L_Morse: 8.95224
Epoch: 0 [1250/10000 (12%)] Unweighted L_s : L_Mnfld: 0.00219,  L_NonMnfld: 0.03937,  L_Nrml: 0.00000,  L_Eknl: 0.20215, L_Morse: 0.89522

Weights: [7000.0, 600.0, 0, 50.0, 0.0, 10.0], lr=5.000e-05
Epoch: 0 [1260/10000 (13%)] Loss: 74.27255 = L_Mnfld: 28.94024 + L_NonMnfld: 24.42700 + L_Nrml: 0.00000 + L_Eknl: 10.57158 + L_Div: 0.00000 + L_Morse: 10.33374
Epoch: 0 [1260/10000 (13%)] Unweighted L_s : L_Mnfld: 0.00413,  L_NonMnfld: 0.04071,  L_Nrml: 0.00000,  L_Eknl: 0.21143, L_Morse: 1.03337

Weights: [7000.0, 600.0, 0, 50.0, 0.0, 10.0], lr=5.000e-05
Epoch: 0 [1270/10000 (13%)] Loss: 71.30546 = L_Mnfld: 23.56806 + L_NonMnfld: 26.10877 + L_Nrml: 0.00000 + L_Eknl: 11.14520 + L_Div: 0.00000 + L_Morse: 10.48342
Epoch: 0 [1270/10000 (13%)] Unweighted L_s : L_Mnfld: 0.00337,  L_NonMnfld: 0.04351,  L_Nrml: 0.00000,  L_Eknl: 0.22290, L_Morse: 1.04834

Weights: [7000.0, 600.0, 0, 50.0, 0.0, 10.0], lr=5.000e-05
Epoch: 0 [1280/10000 (13%)] Loss: 72.48853 = L_Mnfld: 27.89682 + L_NonMnfld: 23.13002 + L_Nrml: 0.00000 + L_Eknl: 10.88166 + L_Div: 0.00000 + L_Morse: 10.58003
Epoch: 0 [1280/10000 (13%)] Unweighted L_s : L_Mnfld: 0.00399,  L_NonMnfld: 0.03855,  L_Nrml: 0.00000,  L_Eknl: 0.21763, L_Morse: 1.05800

Weights: [7000.0, 600.0, 0, 50.0, 0.0, 10.0], lr=5.000e-05
Epoch: 0 [1290/10000 (13%)] Loss: 70.92274 = L_Mnfld: 26.95077 + L_NonMnfld: 21.96659 + L_Nrml: 0.00000 + L_Eknl: 11.08285 + L_Div: 0.00000 + L_Morse: 10.92253
Epoch: 0 [1290/10000 (13%)] Unweighted L_s : L_Mnfld: 0.00385,  L_NonMnfld: 0.03661,  L_Nrml: 0.00000,  L_Eknl: 0.22166, L_Morse: 1.09225

Weights: [7000.0, 600.0, 0, 50.0, 0.0, 10.0], lr=5.000e-05
Epoch: 0 [1300/10000 (13%)] Loss: 81.51704 = L_Mnfld: 33.94534 + L_NonMnfld: 24.58600 + L_Nrml: 0.00000 + L_Eknl: 11.88186 + L_Div: 0.00000 + L_Morse: 11.10385
Epoch: 0 [1300/10000 (13%)] Unweighted L_s : L_Mnfld: 0.00485,  L_NonMnfld: 0.04098,  L_Nrml: 0.00000,  L_Eknl: 0.23764, L_Morse: 1.11039

Weights: [7000.0, 600.0, 0, 50.0, 0.0, 10.0], lr=5.000e-05
Epoch: 0 [1310/10000 (13%)] Loss: 80.36792 = L_Mnfld: 29.79623 + L_NonMnfld: 25.22688 + L_Nrml: 0.00000 + L_Eknl: 12.72033 + L_Div: 0.00000 + L_Morse: 12.62447
Epoch: 0 [1310/10000 (13%)] Unweighted L_s : L_Mnfld: 0.00426,  L_NonMnfld: 0.04204,  L_Nrml: 0.00000,  L_Eknl: 0.25441, L_Morse: 1.26245

Weights: [7000.0, 600.0, 0, 50.0, 0.0, 10.0], lr=5.000e-05
Epoch: 0 [1320/10000 (13%)] Loss: 81.01521 = L_Mnfld: 32.75376 + L_NonMnfld: 25.20480 + L_Nrml: 0.00000 + L_Eknl: 11.65419 + L_Div: 0.00000 + L_Morse: 11.40247
Epoch: 0 [1320/10000 (13%)] Unweighted L_s : L_Mnfld: 0.00468,  L_NonMnfld: 0.04201,  L_Nrml: 0.00000,  L_Eknl: 0.23308, L_Morse: 1.14025

Weights: [7000.0, 600.0, 0, 50.0, 0.0, 10.0], lr=5.000e-05
Epoch: 0 [1330/10000 (13%)] Loss: 80.40303 = L_Mnfld: 33.56748 + L_NonMnfld: 24.05334 + L_Nrml: 0.00000 + L_Eknl: 11.84735 + L_Div: 0.00000 + L_Morse: 10.93486
Epoch: 0 [1330/10000 (13%)] Unweighted L_s : L_Mnfld: 0.00480,  L_NonMnfld: 0.04009,  L_Nrml: 0.00000,  L_Eknl: 0.23695, L_Morse: 1.09349

Weights: [7000.0, 600.0, 0, 50.0, 0.0, 10.0], lr=5.000e-05
Epoch: 0 [1340/10000 (13%)] Loss: 77.88950 = L_Mnfld: 30.54415 + L_NonMnfld: 23.69541 + L_Nrml: 0.00000 + L_Eknl: 11.94153 + L_Div: 0.00000 + L_Morse: 11.70841
Epoch: 0 [1340/10000 (13%)] Unweighted L_s : L_Mnfld: 0.00436,  L_NonMnfld: 0.03949,  L_Nrml: 0.00000,  L_Eknl: 0.23883, L_Morse: 1.17084

Weights: [7000.0, 600.0, 0, 50.0, 0.0, 10.0], lr=5.000e-05
Epoch: 0 [1350/10000 (14%)] Loss: 68.30781 = L_Mnfld: 20.24244 + L_NonMnfld: 25.91994 + L_Nrml: 0.00000 + L_Eknl: 11.72517 + L_Div: 0.00000 + L_Morse: 10.42027
Epoch: 0 [1350/10000 (14%)] Unweighted L_s : L_Mnfld: 0.00289,  L_NonMnfld: 0.04320,  L_Nrml: 0.00000,  L_Eknl: 0.23450, L_Morse: 1.04203

Weights: [7000.0, 600.0, 0, 50.0, 0.0, 10.0], lr=5.000e-05
Epoch: 0 [1360/10000 (14%)] Loss: 61.52084 = L_Mnfld: 16.35760 + L_NonMnfld: 24.44170 + L_Nrml: 0.00000 + L_Eknl: 11.37257 + L_Div: 0.00000 + L_Morse: 9.34897
Epoch: 0 [1360/10000 (14%)] Unweighted L_s : L_Mnfld: 0.00234,  L_NonMnfld: 0.04074,  L_Nrml: 0.00000,  L_Eknl: 0.22745, L_Morse: 0.93490

Weights: [7000.0, 600.0, 0, 50.0, 0.0, 10.0], lr=5.000e-05
Epoch: 0 [1370/10000 (14%)] Loss: 57.76083 = L_Mnfld: 15.53916 + L_NonMnfld: 23.01447 + L_Nrml: 0.00000 + L_Eknl: 10.87479 + L_Div: 0.00000 + L_Morse: 8.33241
Epoch: 0 [1370/10000 (14%)] Unweighted L_s : L_Mnfld: 0.00222,  L_NonMnfld: 0.03836,  L_Nrml: 0.00000,  L_Eknl: 0.21750, L_Morse: 0.83324

Weights: [7000.0, 600.0, 0, 50.0, 0.0, 10.0], lr=5.000e-05
Epoch: 0 [1380/10000 (14%)] Loss: 56.10944 = L_Mnfld: 13.77710 + L_NonMnfld: 23.48113 + L_Nrml: 0.00000 + L_Eknl: 10.74878 + L_Div: 0.00000 + L_Morse: 8.10243
Epoch: 0 [1380/10000 (14%)] Unweighted L_s : L_Mnfld: 0.00197,  L_NonMnfld: 0.03914,  L_Nrml: 0.00000,  L_Eknl: 0.21498, L_Morse: 0.81024

Weights: [7000.0, 600.0, 0, 50.0, 0.0, 10.0], lr=5.000e-05
Epoch: 0 [1390/10000 (14%)] Loss: 52.90020 = L_Mnfld: 11.17961 + L_NonMnfld: 23.31328 + L_Nrml: 0.00000 + L_Eknl: 10.47134 + L_Div: 0.00000 + L_Morse: 7.93598
Epoch: 0 [1390/10000 (14%)] Unweighted L_s : L_Mnfld: 0.00160,  L_NonMnfld: 0.03886,  L_Nrml: 0.00000,  L_Eknl: 0.20943, L_Morse: 0.79360

Weights: [7000.0, 600.0, 0, 50.0, 0.0, 10.0], lr=5.000e-05
Epoch: 0 [1400/10000 (14%)] Loss: 56.36861 = L_Mnfld: 12.25014 + L_NonMnfld: 25.62091 + L_Nrml: 0.00000 + L_Eknl: 10.55392 + L_Div: 0.00000 + L_Morse: 7.94364
Epoch: 0 [1400/10000 (14%)] Unweighted L_s : L_Mnfld: 0.00175,  L_NonMnfld: 0.04270,  L_Nrml: 0.00000,  L_Eknl: 0.21108, L_Morse: 0.79436

Weights: [7000.0, 600.0, 0, 50.0, 0.0, 10.0], lr=5.000e-05
Epoch: 0 [1410/10000 (14%)] Loss: 51.12959 = L_Mnfld: 10.23378 + L_NonMnfld: 23.07847 + L_Nrml: 0.00000 + L_Eknl: 10.14283 + L_Div: 0.00000 + L_Morse: 7.67451
Epoch: 0 [1410/10000 (14%)] Unweighted L_s : L_Mnfld: 0.00146,  L_NonMnfld: 0.03846,  L_Nrml: 0.00000,  L_Eknl: 0.20286, L_Morse: 0.76745

Weights: [7000.0, 600.0, 0, 50.0, 0.0, 10.0], lr=5.000e-05
Epoch: 0 [1420/10000 (14%)] Loss: 52.02866 = L_Mnfld: 10.23668 + L_NonMnfld: 23.89102 + L_Nrml: 0.00000 + L_Eknl: 10.12715 + L_Div: 0.00000 + L_Morse: 7.77380
Epoch: 0 [1420/10000 (14%)] Unweighted L_s : L_Mnfld: 0.00146,  L_NonMnfld: 0.03982,  L_Nrml: 0.00000,  L_Eknl: 0.20254, L_Morse: 0.77738

Weights: [7000.0, 600.0, 0, 50.0, 0.0, 10.0], lr=5.000e-05
Epoch: 0 [1430/10000 (14%)] Loss: 51.85630 = L_Mnfld: 9.30571 + L_NonMnfld: 24.92110 + L_Nrml: 0.00000 + L_Eknl: 10.05925 + L_Div: 0.00000 + L_Morse: 7.57025
Epoch: 0 [1430/10000 (14%)] Unweighted L_s : L_Mnfld: 0.00133,  L_NonMnfld: 0.04154,  L_Nrml: 0.00000,  L_Eknl: 0.20118, L_Morse: 0.75702

Weights: [7000.0, 600.0, 0, 50.0, 0.0, 10.0], lr=5.000e-05
Epoch: 0 [1440/10000 (14%)] Loss: 50.08025 = L_Mnfld: 9.48985 + L_NonMnfld: 22.86694 + L_Nrml: 0.00000 + L_Eknl: 10.10943 + L_Div: 0.00000 + L_Morse: 7.61402
Epoch: 0 [1440/10000 (14%)] Unweighted L_s : L_Mnfld: 0.00136,  L_NonMnfld: 0.03811,  L_Nrml: 0.00000,  L_Eknl: 0.20219, L_Morse: 0.76140

Weights: [7000.0, 600.0, 0, 50.0, 0.0, 10.0], lr=5.000e-05
Epoch: 0 [1450/10000 (14%)] Loss: 50.11402 = L_Mnfld: 8.63150 + L_NonMnfld: 24.37824 + L_Nrml: 0.00000 + L_Eknl: 9.77413 + L_Div: 0.00000 + L_Morse: 7.33015
Epoch: 0 [1450/10000 (14%)] Unweighted L_s : L_Mnfld: 0.00123,  L_NonMnfld: 0.04063,  L_Nrml: 0.00000,  L_Eknl: 0.19548, L_Morse: 0.73301

Weights: [7000.0, 600.0, 0, 50.0, 0.0, 10.0], lr=5.000e-05
Epoch: 0 [1460/10000 (15%)] Loss: 51.36477 = L_Mnfld: 10.46848 + L_NonMnfld: 23.32511 + L_Nrml: 0.00000 + L_Eknl: 10.00304 + L_Div: 0.00000 + L_Morse: 7.56813
Epoch: 0 [1460/10000 (15%)] Unweighted L_s : L_Mnfld: 0.00150,  L_NonMnfld: 0.03888,  L_Nrml: 0.00000,  L_Eknl: 0.20006, L_Morse: 0.75681

Weights: [7000.0, 600.0, 0, 50.0, 0.0, 10.0], lr=5.000e-05
Epoch: 0 [1470/10000 (15%)] Loss: 51.32314 = L_Mnfld: 9.04818 + L_NonMnfld: 24.52035 + L_Nrml: 0.00000 + L_Eknl: 9.77385 + L_Div: 0.00000 + L_Morse: 7.98075
Epoch: 0 [1470/10000 (15%)] Unweighted L_s : L_Mnfld: 0.00129,  L_NonMnfld: 0.04087,  L_Nrml: 0.00000,  L_Eknl: 0.19548, L_Morse: 0.79808

Weights: [7000.0, 600.0, 0, 50.0, 0.0, 10.0], lr=5.000e-05
Epoch: 0 [1480/10000 (15%)] Loss: 50.00398 = L_Mnfld: 9.58284 + L_NonMnfld: 22.99965 + L_Nrml: 0.00000 + L_Eknl: 9.82806 + L_Div: 0.00000 + L_Morse: 7.59343
Epoch: 0 [1480/10000 (15%)] Unweighted L_s : L_Mnfld: 0.00137,  L_NonMnfld: 0.03833,  L_Nrml: 0.00000,  L_Eknl: 0.19656, L_Morse: 0.75934

Weights: [7000.0, 600.0, 0, 50.0, 0.0, 10.0], lr=5.000e-05
Epoch: 0 [1490/10000 (15%)] Loss: 49.22890 = L_Mnfld: 8.69597 + L_NonMnfld: 23.61443 + L_Nrml: 0.00000 + L_Eknl: 9.68030 + L_Div: 0.00000 + L_Morse: 7.23820
Epoch: 0 [1490/10000 (15%)] Unweighted L_s : L_Mnfld: 0.00124,  L_NonMnfld: 0.03936,  L_Nrml: 0.00000,  L_Eknl: 0.19361, L_Morse: 0.72382

Weights: [7000.0, 600.0, 0, 50.0, 0.0, 10.0], lr=5.000e-05
Epoch: 0 [1500/10000 (15%)] Loss: 49.33270 = L_Mnfld: 9.48007 + L_NonMnfld: 22.75301 + L_Nrml: 0.00000 + L_Eknl: 9.87252 + L_Div: 0.00000 + L_Morse: 7.22710
Epoch: 0 [1500/10000 (15%)] Unweighted L_s : L_Mnfld: 0.00135,  L_NonMnfld: 0.03792,  L_Nrml: 0.00000,  L_Eknl: 0.19745, L_Morse: 0.72271

Weights: [7000.0, 600.0, 0, 50.0, 0.0, 10.0], lr=5.000e-05
Epoch: 0 [1510/10000 (15%)] Loss: 48.46667 = L_Mnfld: 8.63182 + L_NonMnfld: 22.58553 + L_Nrml: 0.00000 + L_Eknl: 9.57344 + L_Div: 0.00000 + L_Morse: 7.67587
Epoch: 0 [1510/10000 (15%)] Unweighted L_s : L_Mnfld: 0.00123,  L_NonMnfld: 0.03764,  L_Nrml: 0.00000,  L_Eknl: 0.19147, L_Morse: 0.76759

Weights: [7000.0, 600.0, 0, 50.0, 0.0, 10.0], lr=5.000e-05
Epoch: 0 [1520/10000 (15%)] Loss: 50.31249 = L_Mnfld: 9.05690 + L_NonMnfld: 23.94089 + L_Nrml: 0.00000 + L_Eknl: 9.53232 + L_Div: 0.00000 + L_Morse: 7.78238
Epoch: 0 [1520/10000 (15%)] Unweighted L_s : L_Mnfld: 0.00129,  L_NonMnfld: 0.03990,  L_Nrml: 0.00000,  L_Eknl: 0.19065, L_Morse: 0.77824

Weights: [7000.0, 600.0, 0, 50.0, 0.0, 10.0], lr=5.000e-05
Epoch: 0 [1530/10000 (15%)] Loss: 50.61277 = L_Mnfld: 8.59408 + L_NonMnfld: 24.68196 + L_Nrml: 0.00000 + L_Eknl: 9.54261 + L_Div: 0.00000 + L_Morse: 7.79410
Epoch: 0 [1530/10000 (15%)] Unweighted L_s : L_Mnfld: 0.00123,  L_NonMnfld: 0.04114,  L_Nrml: 0.00000,  L_Eknl: 0.19085, L_Morse: 0.77941

Weights: [7000.0, 600.0, 0, 50.0, 0.0, 10.0], lr=5.000e-05
Epoch: 0 [1540/10000 (15%)] Loss: 49.30261 = L_Mnfld: 8.45102 + L_NonMnfld: 23.85542 + L_Nrml: 0.00000 + L_Eknl: 9.48761 + L_Div: 0.00000 + L_Morse: 7.50856
Epoch: 0 [1540/10000 (15%)] Unweighted L_s : L_Mnfld: 0.00121,  L_NonMnfld: 0.03976,  L_Nrml: 0.00000,  L_Eknl: 0.18975, L_Morse: 0.75086

Weights: [7000.0, 600.0, 0, 50.0, 0.0, 10.0], lr=5.000e-05
Epoch: 0 [1550/10000 (16%)] Loss: 49.05360 = L_Mnfld: 8.43888 + L_NonMnfld: 23.69106 + L_Nrml: 0.00000 + L_Eknl: 9.35607 + L_Div: 0.00000 + L_Morse: 7.56758
Epoch: 0 [1550/10000 (16%)] Unweighted L_s : L_Mnfld: 0.00121,  L_NonMnfld: 0.03949,  L_Nrml: 0.00000,  L_Eknl: 0.18712, L_Morse: 0.75676

Weights: [7000.0, 600.0, 0, 50.0, 0.0, 10.0], lr=5.000e-05
Epoch: 0 [1560/10000 (16%)] Loss: 48.37408 = L_Mnfld: 9.74479 + L_NonMnfld: 21.45233 + L_Nrml: 0.00000 + L_Eknl: 9.49380 + L_Div: 0.00000 + L_Morse: 7.68317
Epoch: 0 [1560/10000 (16%)] Unweighted L_s : L_Mnfld: 0.00139,  L_NonMnfld: 0.03575,  L_Nrml: 0.00000,  L_Eknl: 0.18988, L_Morse: 0.76832

Weights: [7000.0, 600.0, 0, 50.0, 0.0, 10.0], lr=5.000e-05
Epoch: 0 [1570/10000 (16%)] Loss: 47.38583 = L_Mnfld: 8.49391 + L_NonMnfld: 21.96577 + L_Nrml: 0.00000 + L_Eknl: 9.37987 + L_Div: 0.00000 + L_Morse: 7.54627
Epoch: 0 [1570/10000 (16%)] Unweighted L_s : L_Mnfld: 0.00121,  L_NonMnfld: 0.03661,  L_Nrml: 0.00000,  L_Eknl: 0.18760, L_Morse: 0.75463

Weights: [7000.0, 600.0, 0, 50.0, 0.0, 10.0], lr=5.000e-05
Epoch: 0 [1580/10000 (16%)] Loss: 48.96687 = L_Mnfld: 8.26549 + L_NonMnfld: 23.55012 + L_Nrml: 0.00000 + L_Eknl: 9.41515 + L_Div: 0.00000 + L_Morse: 7.73612
Epoch: 0 [1580/10000 (16%)] Unweighted L_s : L_Mnfld: 0.00118,  L_NonMnfld: 0.03925,  L_Nrml: 0.00000,  L_Eknl: 0.18830, L_Morse: 0.77361

Weights: [7000.0, 600.0, 0, 50.0, 0.0, 10.0], lr=5.000e-05
Epoch: 0 [1590/10000 (16%)] Loss: 48.81855 = L_Mnfld: 9.69204 + L_NonMnfld: 22.33360 + L_Nrml: 0.00000 + L_Eknl: 9.23957 + L_Div: 0.00000 + L_Morse: 7.55333
Epoch: 0 [1590/10000 (16%)] Unweighted L_s : L_Mnfld: 0.00138,  L_NonMnfld: 0.03722,  L_Nrml: 0.00000,  L_Eknl: 0.18479, L_Morse: 0.75533

Weights: [7000.0, 600.0, 0, 50.0, 0.0, 10.0], lr=5.000e-05
Epoch: 0 [1600/10000 (16%)] Loss: 47.62592 = L_Mnfld: 8.97169 + L_NonMnfld: 21.82023 + L_Nrml: 0.00000 + L_Eknl: 9.26843 + L_Div: 0.00000 + L_Morse: 7.56558
Epoch: 0 [1600/10000 (16%)] Unweighted L_s : L_Mnfld: 0.00128,  L_NonMnfld: 0.03637,  L_Nrml: 0.00000,  L_Eknl: 0.18537, L_Morse: 0.75656

Weights: [7000.0, 600.0, 0, 50.0, 0.0, 10.0], lr=5.000e-05
Epoch: 0 [1610/10000 (16%)] Loss: 48.11465 = L_Mnfld: 8.06187 + L_NonMnfld: 23.30668 + L_Nrml: 0.00000 + L_Eknl: 9.20091 + L_Div: 0.00000 + L_Morse: 7.54519
Epoch: 0 [1610/10000 (16%)] Unweighted L_s : L_Mnfld: 0.00115,  L_NonMnfld: 0.03884,  L_Nrml: 0.00000,  L_Eknl: 0.18402, L_Morse: 0.75452

Weights: [7000.0, 600.0, 0, 50.0, 0.0, 10.0], lr=5.000e-05
Epoch: 0 [1620/10000 (16%)] Loss: 47.77698 = L_Mnfld: 8.97131 + L_NonMnfld: 22.04215 + L_Nrml: 0.00000 + L_Eknl: 9.20087 + L_Div: 0.00000 + L_Morse: 7.56264
Epoch: 0 [1620/10000 (16%)] Unweighted L_s : L_Mnfld: 0.00128,  L_NonMnfld: 0.03674,  L_Nrml: 0.00000,  L_Eknl: 0.18402, L_Morse: 0.75626

Weights: [7000.0, 600.0, 0, 50.0, 0.0, 10.0], lr=5.000e-05
Epoch: 0 [1630/10000 (16%)] Loss: 46.74118 = L_Mnfld: 7.72517 + L_NonMnfld: 22.18333 + L_Nrml: 0.00000 + L_Eknl: 9.27116 + L_Div: 0.00000 + L_Morse: 7.56152
Epoch: 0 [1630/10000 (16%)] Unweighted L_s : L_Mnfld: 0.00110,  L_NonMnfld: 0.03697,  L_Nrml: 0.00000,  L_Eknl: 0.18542, L_Morse: 0.75615

Weights: [7000.0, 600.0, 0, 50.0, 0.0, 10.0], lr=5.000e-05
Epoch: 0 [1640/10000 (16%)] Loss: 47.99380 = L_Mnfld: 9.46107 + L_NonMnfld: 21.44067 + L_Nrml: 0.00000 + L_Eknl: 9.10391 + L_Div: 0.00000 + L_Morse: 7.98816
Epoch: 0 [1640/10000 (16%)] Unweighted L_s : L_Mnfld: 0.00135,  L_NonMnfld: 0.03573,  L_Nrml: 0.00000,  L_Eknl: 0.18208, L_Morse: 0.79882

Weights: [7000.0, 600.0, 0, 50.0, 0.0, 10.0], lr=5.000e-05
Epoch: 0 [1650/10000 (16%)] Loss: 48.58892 = L_Mnfld: 9.32645 + L_NonMnfld: 22.36015 + L_Nrml: 0.00000 + L_Eknl: 9.13800 + L_Div: 0.00000 + L_Morse: 7.76432
Epoch: 0 [1650/10000 (16%)] Unweighted L_s : L_Mnfld: 0.00133,  L_NonMnfld: 0.03727,  L_Nrml: 0.00000,  L_Eknl: 0.18276, L_Morse: 0.77643

Weights: [7000.0, 600.0, 0, 50.0, 0.0, 10.0], lr=5.000e-05
Epoch: 0 [1660/10000 (17%)] Loss: 48.28268 = L_Mnfld: 9.20769 + L_NonMnfld: 22.25289 + L_Nrml: 0.00000 + L_Eknl: 9.24118 + L_Div: 0.00000 + L_Morse: 7.58093
Epoch: 0 [1660/10000 (17%)] Unweighted L_s : L_Mnfld: 0.00132,  L_NonMnfld: 0.03709,  L_Nrml: 0.00000,  L_Eknl: 0.18482, L_Morse: 0.75809

Weights: [7000.0, 600.0, 0, 50.0, 0.0, 10.0], lr=5.000e-05
Epoch: 0 [1670/10000 (17%)] Loss: 48.24223 = L_Mnfld: 8.32296 + L_NonMnfld: 23.43175 + L_Nrml: 0.00000 + L_Eknl: 9.02738 + L_Div: 0.00000 + L_Morse: 7.46013
Epoch: 0 [1670/10000 (17%)] Unweighted L_s : L_Mnfld: 0.00119,  L_NonMnfld: 0.03905,  L_Nrml: 0.00000,  L_Eknl: 0.18055, L_Morse: 0.74601

Weights: [7000.0, 600.0, 0, 50.0, 0.0, 10.0], lr=5.000e-05
Epoch: 0 [1680/10000 (17%)] Loss: 48.39860 = L_Mnfld: 8.46197 + L_NonMnfld: 22.94578 + L_Nrml: 0.00000 + L_Eknl: 9.15464 + L_Div: 0.00000 + L_Morse: 7.83621
Epoch: 0 [1680/10000 (17%)] Unweighted L_s : L_Mnfld: 0.00121,  L_NonMnfld: 0.03824,  L_Nrml: 0.00000,  L_Eknl: 0.18309, L_Morse: 0.78362

Weights: [7000.0, 600.0, 0, 50.0, 0.0, 10.0], lr=5.000e-05
Epoch: 0 [1690/10000 (17%)] Loss: 49.57903 = L_Mnfld: 9.51448 + L_NonMnfld: 23.40250 + L_Nrml: 0.00000 + L_Eknl: 8.93663 + L_Div: 0.00000 + L_Morse: 7.72541
Epoch: 0 [1690/10000 (17%)] Unweighted L_s : L_Mnfld: 0.00136,  L_NonMnfld: 0.03900,  L_Nrml: 0.00000,  L_Eknl: 0.17873, L_Morse: 0.77254

Weights: [7000.0, 600.0, 0, 50.0, 0.0, 10.0], lr=5.000e-05
Epoch: 0 [1700/10000 (17%)] Loss: 47.95795 = L_Mnfld: 9.28530 + L_NonMnfld: 21.83209 + L_Nrml: 0.00000 + L_Eknl: 9.11848 + L_Div: 0.00000 + L_Morse: 7.72207
Epoch: 0 [1700/10000 (17%)] Unweighted L_s : L_Mnfld: 0.00133,  L_NonMnfld: 0.03639,  L_Nrml: 0.00000,  L_Eknl: 0.18237, L_Morse: 0.77221

Weights: [7000.0, 600.0, 0, 50.0, 0.0, 10.0], lr=5.000e-05
Epoch: 0 [1710/10000 (17%)] Loss: 47.48425 = L_Mnfld: 7.95878 + L_NonMnfld: 22.75218 + L_Nrml: 0.00000 + L_Eknl: 9.11723 + L_Div: 0.00000 + L_Morse: 7.65606
Epoch: 0 [1710/10000 (17%)] Unweighted L_s : L_Mnfld: 0.00114,  L_NonMnfld: 0.03792,  L_Nrml: 0.00000,  L_Eknl: 0.18234, L_Morse: 0.76561

Weights: [7000.0, 600.0, 0, 50.0, 0.0, 10.0], lr=5.000e-05
Epoch: 0 [1720/10000 (17%)] Loss: 46.45651 = L_Mnfld: 9.11380 + L_NonMnfld: 20.30410 + L_Nrml: 0.00000 + L_Eknl: 9.10043 + L_Div: 0.00000 + L_Morse: 7.93818
Epoch: 0 [1720/10000 (17%)] Unweighted L_s : L_Mnfld: 0.00130,  L_NonMnfld: 0.03384,  L_Nrml: 0.00000,  L_Eknl: 0.18201, L_Morse: 0.79382

Weights: [7000.0, 600.0, 0, 50.0, 0.0, 10.0], lr=5.000e-05
Epoch: 0 [1730/10000 (17%)] Loss: 48.62902 = L_Mnfld: 9.39662 + L_NonMnfld: 22.45199 + L_Nrml: 0.00000 + L_Eknl: 9.12410 + L_Div: 0.00000 + L_Morse: 7.65630
Epoch: 0 [1730/10000 (17%)] Unweighted L_s : L_Mnfld: 0.00134,  L_NonMnfld: 0.03742,  L_Nrml: 0.00000,  L_Eknl: 0.18248, L_Morse: 0.76563

Weights: [7000.0, 600.0, 0, 50.0, 0.0, 10.0], lr=5.000e-05
Epoch: 0 [1740/10000 (17%)] Loss: 47.17754 = L_Mnfld: 8.32878 + L_NonMnfld: 22.12320 + L_Nrml: 0.00000 + L_Eknl: 8.99168 + L_Div: 0.00000 + L_Morse: 7.73387
Epoch: 0 [1740/10000 (17%)] Unweighted L_s : L_Mnfld: 0.00119,  L_NonMnfld: 0.03687,  L_Nrml: 0.00000,  L_Eknl: 0.17983, L_Morse: 0.77339

Weights: [7000.0, 600.0, 0, 50.0, 0.0, 10.0], lr=5.000e-05
Epoch: 0 [1750/10000 (18%)] Loss: 49.33632 = L_Mnfld: 8.71795 + L_NonMnfld: 23.62148 + L_Nrml: 0.00000 + L_Eknl: 8.90038 + L_Div: 0.00000 + L_Morse: 8.09650
Epoch: 0 [1750/10000 (18%)] Unweighted L_s : L_Mnfld: 0.00125,  L_NonMnfld: 0.03937,  L_Nrml: 0.00000,  L_Eknl: 0.17801, L_Morse: 0.80965

Weights: [7000.0, 600.0, 0, 50.0, 0.0, 10.0], lr=5.000e-05
Epoch: 0 [1760/10000 (18%)] Loss: 49.49736 = L_Mnfld: 9.58724 + L_NonMnfld: 22.89384 + L_Nrml: 0.00000 + L_Eknl: 9.02883 + L_Div: 0.00000 + L_Morse: 7.98743
Epoch: 0 [1760/10000 (18%)] Unweighted L_s : L_Mnfld: 0.00137,  L_NonMnfld: 0.03816,  L_Nrml: 0.00000,  L_Eknl: 0.18058, L_Morse: 0.79874

Weights: [7000.0, 600.0, 0, 50.0, 0.0, 10.0], lr=5.000e-05
Epoch: 0 [1770/10000 (18%)] Loss: 48.07159 = L_Mnfld: 8.61400 + L_NonMnfld: 22.72360 + L_Nrml: 0.00000 + L_Eknl: 8.89136 + L_Div: 0.00000 + L_Morse: 7.84262
Epoch: 0 [1770/10000 (18%)] Unweighted L_s : L_Mnfld: 0.00123,  L_NonMnfld: 0.03787,  L_Nrml: 0.00000,  L_Eknl: 0.17783, L_Morse: 0.78426

Weights: [7000.0, 600.0, 0, 50.0, 0.0, 10.0], lr=5.000e-05
Epoch: 0 [1780/10000 (18%)] Loss: 47.32588 = L_Mnfld: 8.81489 + L_NonMnfld: 22.04269 + L_Nrml: 0.00000 + L_Eknl: 8.78922 + L_Div: 0.00000 + L_Morse: 7.67908
Epoch: 0 [1780/10000 (18%)] Unweighted L_s : L_Mnfld: 0.00126,  L_NonMnfld: 0.03674,  L_Nrml: 0.00000,  L_Eknl: 0.17578, L_Morse: 0.76791

Weights: [7000.0, 600.0, 0, 50.0, 0.0, 10.0], lr=5.000e-05
Epoch: 0 [1790/10000 (18%)] Loss: 48.13266 = L_Mnfld: 9.31334 + L_NonMnfld: 22.33781 + L_Nrml: 0.00000 + L_Eknl: 8.77250 + L_Div: 0.00000 + L_Morse: 7.70901
Epoch: 0 [1790/10000 (18%)] Unweighted L_s : L_Mnfld: 0.00133,  L_NonMnfld: 0.03723,  L_Nrml: 0.00000,  L_Eknl: 0.17545, L_Morse: 0.77090

Weights: [7000.0, 600.0, 0, 50.0, 0.0, 10.0], lr=5.000e-05
Epoch: 0 [1800/10000 (18%)] Loss: 49.27704 = L_Mnfld: 8.55000 + L_NonMnfld: 24.13682 + L_Nrml: 0.00000 + L_Eknl: 9.09772 + L_Div: 0.00000 + L_Morse: 7.49250
Epoch: 0 [1800/10000 (18%)] Unweighted L_s : L_Mnfld: 0.00122,  L_NonMnfld: 0.04023,  L_Nrml: 0.00000,  L_Eknl: 0.18195, L_Morse: 0.74925

Weights: [7000.0, 600.0, 0, 50.0, 0.0, 10.0], lr=5.000e-05
Epoch: 0 [1810/10000 (18%)] Loss: 48.86086 = L_Mnfld: 8.51090 + L_NonMnfld: 23.30513 + L_Nrml: 0.00000 + L_Eknl: 9.12029 + L_Div: 0.00000 + L_Morse: 7.92453
Epoch: 0 [1810/10000 (18%)] Unweighted L_s : L_Mnfld: 0.00122,  L_NonMnfld: 0.03884,  L_Nrml: 0.00000,  L_Eknl: 0.18241, L_Morse: 0.79245

Weights: [7000.0, 600.0, 0, 50.0, 0.0, 10.0], lr=5.000e-05
Epoch: 0 [1820/10000 (18%)] Loss: 48.65380 = L_Mnfld: 9.82277 + L_NonMnfld: 22.41578 + L_Nrml: 0.00000 + L_Eknl: 8.92436 + L_Div: 0.00000 + L_Morse: 7.49089
Epoch: 0 [1820/10000 (18%)] Unweighted L_s : L_Mnfld: 0.00140,  L_NonMnfld: 0.03736,  L_Nrml: 0.00000,  L_Eknl: 0.17849, L_Morse: 0.74909

Weights: [7000.0, 600.0, 0, 50.0, 0.0, 10.0], lr=5.000e-05
Epoch: 0 [1830/10000 (18%)] Loss: 46.95454 = L_Mnfld: 8.42540 + L_NonMnfld: 21.96963 + L_Nrml: 0.00000 + L_Eknl: 8.86641 + L_Div: 0.00000 + L_Morse: 7.69310
Epoch: 0 [1830/10000 (18%)] Unweighted L_s : L_Mnfld: 0.00120,  L_NonMnfld: 0.03662,  L_Nrml: 0.00000,  L_Eknl: 0.17733, L_Morse: 0.76931

Weights: [7000.0, 600.0, 0, 50.0, 0.0, 10.0], lr=5.000e-05
Epoch: 0 [1840/10000 (18%)] Loss: 47.15137 = L_Mnfld: 9.76954 + L_NonMnfld: 20.44795 + L_Nrml: 0.00000 + L_Eknl: 8.92849 + L_Div: 0.00000 + L_Morse: 8.00538
Epoch: 0 [1840/10000 (18%)] Unweighted L_s : L_Mnfld: 0.00140,  L_NonMnfld: 0.03408,  L_Nrml: 0.00000,  L_Eknl: 0.17857, L_Morse: 0.80054

Weights: [7000.0, 600.0, 0, 50.0, 0.0, 10.0], lr=5.000e-05
Epoch: 0 [1850/10000 (18%)] Loss: 50.38740 = L_Mnfld: 10.28228 + L_NonMnfld: 23.55265 + L_Nrml: 0.00000 + L_Eknl: 8.67695 + L_Div: 0.00000 + L_Morse: 7.87552
Epoch: 0 [1850/10000 (18%)] Unweighted L_s : L_Mnfld: 0.00147,  L_NonMnfld: 0.03925,  L_Nrml: 0.00000,  L_Eknl: 0.17354, L_Morse: 0.78755

Weights: [7000.0, 600.0, 0, 50.0, 0.0, 10.0], lr=5.000e-05
Epoch: 0 [1860/10000 (19%)] Loss: 53.31695 = L_Mnfld: 14.30456 + L_NonMnfld: 21.68201 + L_Nrml: 0.00000 + L_Eknl: 9.06351 + L_Div: 0.00000 + L_Morse: 8.26688
Epoch: 0 [1860/10000 (19%)] Unweighted L_s : L_Mnfld: 0.00204,  L_NonMnfld: 0.03614,  L_Nrml: 0.00000,  L_Eknl: 0.18127, L_Morse: 0.82669

Weights: [7000.0, 600.0, 0, 50.0, 0.0, 10.0], lr=5.000e-05
Epoch: 0 [1870/10000 (19%)] Loss: 51.00364 = L_Mnfld: 11.99706 + L_NonMnfld: 21.68818 + L_Nrml: 0.00000 + L_Eknl: 8.90715 + L_Div: 0.00000 + L_Morse: 8.41125
Epoch: 0 [1870/10000 (19%)] Unweighted L_s : L_Mnfld: 0.00171,  L_NonMnfld: 0.03615,  L_Nrml: 0.00000,  L_Eknl: 0.17814, L_Morse: 0.84112

Weights: [7000.0, 600.0, 0, 50.0, 0.0, 10.0], lr=5.000e-05
Epoch: 0 [1880/10000 (19%)] Loss: 53.23212 = L_Mnfld: 12.63761 + L_NonMnfld: 23.36648 + L_Nrml: 0.00000 + L_Eknl: 8.93194 + L_Div: 0.00000 + L_Morse: 8.29608
Epoch: 0 [1880/10000 (19%)] Unweighted L_s : L_Mnfld: 0.00181,  L_NonMnfld: 0.03894,  L_Nrml: 0.00000,  L_Eknl: 0.17864, L_Morse: 0.82961

Weights: [7000.0, 600.0, 0, 50.0, 0.0, 10.0], lr=5.000e-05
Epoch: 0 [1890/10000 (19%)] Loss: 51.53820 = L_Mnfld: 10.93824 + L_NonMnfld: 23.88224 + L_Nrml: 0.00000 + L_Eknl: 8.65605 + L_Div: 0.00000 + L_Morse: 8.06168
Epoch: 0 [1890/10000 (19%)] Unweighted L_s : L_Mnfld: 0.00156,  L_NonMnfld: 0.03980,  L_Nrml: 0.00000,  L_Eknl: 0.17312, L_Morse: 0.80617

Weights: [7000.0, 600.0, 0, 50.0, 0.0, 10.0], lr=5.000e-05
Epoch: 0 [1900/10000 (19%)] Loss: 49.88125 = L_Mnfld: 10.15015 + L_NonMnfld: 23.01643 + L_Nrml: 0.00000 + L_Eknl: 8.82773 + L_Div: 0.00000 + L_Morse: 7.88694
Epoch: 0 [1900/10000 (19%)] Unweighted L_s : L_Mnfld: 0.00145,  L_NonMnfld: 0.03836,  L_Nrml: 0.00000,  L_Eknl: 0.17655, L_Morse: 0.78869

Weights: [7000.0, 600.0, 0, 50.0, 0.0, 10.0], lr=5.000e-05
Epoch: 0 [1910/10000 (19%)] Loss: 48.36830 = L_Mnfld: 8.61510 + L_NonMnfld: 23.29391 + L_Nrml: 0.00000 + L_Eknl: 8.74421 + L_Div: 0.00000 + L_Morse: 7.71508
Epoch: 0 [1910/10000 (19%)] Unweighted L_s : L_Mnfld: 0.00123,  L_NonMnfld: 0.03882,  L_Nrml: 0.00000,  L_Eknl: 0.17488, L_Morse: 0.77151

Weights: [7000.0, 600.0, 0, 50.0, 0.0, 10.0], lr=5.000e-05
Epoch: 0 [1920/10000 (19%)] Loss: 49.43402 = L_Mnfld: 9.77712 + L_NonMnfld: 22.71794 + L_Nrml: 0.00000 + L_Eknl: 8.68684 + L_Div: 0.00000 + L_Morse: 8.25211
Epoch: 0 [1920/10000 (19%)] Unweighted L_s : L_Mnfld: 0.00140,  L_NonMnfld: 0.03786,  L_Nrml: 0.00000,  L_Eknl: 0.17374, L_Morse: 0.82521

Weights: [7000.0, 600.0, 0, 50.0, 0.0, 10.0], lr=5.000e-05
Epoch: 0 [1930/10000 (19%)] Loss: 49.99652 = L_Mnfld: 10.69140 + L_NonMnfld: 22.77144 + L_Nrml: 0.00000 + L_Eknl: 8.57025 + L_Div: 0.00000 + L_Morse: 7.96344
Epoch: 0 [1930/10000 (19%)] Unweighted L_s : L_Mnfld: 0.00153,  L_NonMnfld: 0.03795,  L_Nrml: 0.00000,  L_Eknl: 0.17140, L_Morse: 0.79634

Weights: [7000.0, 600.0, 0, 50.0, 0.0, 10.0], lr=5.000e-05
Epoch: 0 [1940/10000 (19%)] Loss: 51.62077 = L_Mnfld: 11.13893 + L_NonMnfld: 23.96404 + L_Nrml: 0.00000 + L_Eknl: 8.57546 + L_Div: 0.00000 + L_Morse: 7.94233
Epoch: 0 [1940/10000 (19%)] Unweighted L_s : L_Mnfld: 0.00159,  L_NonMnfld: 0.03994,  L_Nrml: 0.00000,  L_Eknl: 0.17151, L_Morse: 0.79423

Weights: [7000.0, 600.0, 0, 50.0, 0.0, 10.0], lr=5.000e-05
Epoch: 0 [1950/10000 (20%)] Loss: 49.75526 = L_Mnfld: 10.11231 + L_NonMnfld: 23.04426 + L_Nrml: 0.00000 + L_Eknl: 8.63401 + L_Div: 0.00000 + L_Morse: 7.96467
Epoch: 0 [1950/10000 (20%)] Unweighted L_s : L_Mnfld: 0.00144,  L_NonMnfld: 0.03841,  L_Nrml: 0.00000,  L_Eknl: 0.17268, L_Morse: 0.79647

Weights: [7000.0, 600.0, 0, 50.0, 0.0, 10.0], lr=5.000e-05
Epoch: 0 [1960/10000 (20%)] Loss: 50.69431 = L_Mnfld: 11.23652 + L_NonMnfld: 22.43306 + L_Nrml: 0.00000 + L_Eknl: 8.75292 + L_Div: 0.00000 + L_Morse: 8.27181
Epoch: 0 [1960/10000 (20%)] Unweighted L_s : L_Mnfld: 0.00161,  L_NonMnfld: 0.03739,  L_Nrml: 0.00000,  L_Eknl: 0.17506, L_Morse: 0.82718

Weights: [7000.0, 600.0, 0, 50.0, 0.0, 10.0], lr=5.000e-05
Epoch: 0 [1970/10000 (20%)] Loss: 48.38657 = L_Mnfld: 9.78952 + L_NonMnfld: 22.39301 + L_Nrml: 0.00000 + L_Eknl: 8.54350 + L_Div: 0.00000 + L_Morse: 7.66055
Epoch: 0 [1970/10000 (20%)] Unweighted L_s : L_Mnfld: 0.00140,  L_NonMnfld: 0.03732,  L_Nrml: 0.00000,  L_Eknl: 0.17087, L_Morse: 0.76605

Weights: [7000.0, 600.0, 0, 50.0, 0.0, 10.0], lr=5.000e-05
Epoch: 0 [1980/10000 (20%)] Loss: 48.92466 = L_Mnfld: 10.38295 + L_NonMnfld: 22.15476 + L_Nrml: 0.00000 + L_Eknl: 8.51870 + L_Div: 0.00000 + L_Morse: 7.86826
Epoch: 0 [1980/10000 (20%)] Unweighted L_s : L_Mnfld: 0.00148,  L_NonMnfld: 0.03692,  L_Nrml: 0.00000,  L_Eknl: 0.17037, L_Morse: 0.78683

Weights: [7000.0, 600.0, 0, 50.0, 0.0, 10.0], lr=5.000e-05
Epoch: 0 [1990/10000 (20%)] Loss: 46.97531 = L_Mnfld: 9.10214 + L_NonMnfld: 21.47252 + L_Nrml: 0.00000 + L_Eknl: 8.30797 + L_Div: 0.00000 + L_Morse: 8.09268
Epoch: 0 [1990/10000 (20%)] Unweighted L_s : L_Mnfld: 0.00130,  L_NonMnfld: 0.03579,  L_Nrml: 0.00000,  L_Eknl: 0.16616, L_Morse: 0.80927

Weights: [7000.0, 600.0, 0, 50.0, 0.0, 10.0], lr=5.000e-05
Epoch: 0 [2000/10000 (20%)] Loss: 47.30874 = L_Mnfld: 9.46291 + L_NonMnfld: 21.34320 + L_Nrml: 0.00000 + L_Eknl: 8.50659 + L_Div: 0.00000 + L_Morse: 7.99604
Epoch: 0 [2000/10000 (20%)] Unweighted L_s : L_Mnfld: 0.00135,  L_NonMnfld: 0.03557,  L_Nrml: 0.00000,  L_Eknl: 0.17013, L_Morse: 0.79960

Weights: [7000.0, 600.0, 0, 50.0, 0.0, 9.9703], lr=5.000e-05
Epoch: 0 [2010/10000 (20%)] Loss: 47.05798 = L_Mnfld: 9.51482 + L_NonMnfld: 21.49278 + L_Nrml: 0.00000 + L_Eknl: 8.38348 + L_Div: 0.00000 + L_Morse: 7.66689
Epoch: 0 [2010/10000 (20%)] Unweighted L_s : L_Mnfld: 0.00136,  L_NonMnfld: 0.03582,  L_Nrml: 0.00000,  L_Eknl: 0.16767, L_Morse: 0.76897

Weights: [7000.0, 600.0, 0, 50.0, 0.0, 9.9373], lr=5.000e-05
Epoch: 0 [2020/10000 (20%)] Loss: 47.20231 = L_Mnfld: 9.25114 + L_NonMnfld: 21.55412 + L_Nrml: 0.00000 + L_Eknl: 8.27992 + L_Div: 0.00000 + L_Morse: 8.11714
Epoch: 0 [2020/10000 (20%)] Unweighted L_s : L_Mnfld: 0.00132,  L_NonMnfld: 0.03592,  L_Nrml: 0.00000,  L_Eknl: 0.16560, L_Morse: 0.81684

Weights: [7000.0, 600.0, 0, 50.0, 0.0, 9.904300000000001], lr=5.000e-05
Epoch: 0 [2030/10000 (20%)] Loss: 48.61121 = L_Mnfld: 9.38897 + L_NonMnfld: 23.13861 + L_Nrml: 0.00000 + L_Eknl: 8.54708 + L_Div: 0.00000 + L_Morse: 7.53657
Epoch: 0 [2030/10000 (20%)] Unweighted L_s : L_Mnfld: 0.00134,  L_NonMnfld: 0.03856,  L_Nrml: 0.00000,  L_Eknl: 0.17094, L_Morse: 0.76094

Weights: [7000.0, 600.0, 0, 50.0, 0.0, 9.8713], lr=5.000e-05
Epoch: 0 [2040/10000 (20%)] Loss: 48.38461 = L_Mnfld: 9.20252 + L_NonMnfld: 22.52209 + L_Nrml: 0.00000 + L_Eknl: 8.35238 + L_Div: 0.00000 + L_Morse: 8.30763
Epoch: 0 [2040/10000 (20%)] Unweighted L_s : L_Mnfld: 0.00131,  L_NonMnfld: 0.03754,  L_Nrml: 0.00000,  L_Eknl: 0.16705, L_Morse: 0.84159

Weights: [7000.0, 600.0, 0, 50.0, 0.0, 9.8383], lr=5.000e-05
Epoch: 0 [2050/10000 (20%)] Loss: 49.10482 = L_Mnfld: 10.39950 + L_NonMnfld: 22.81337 + L_Nrml: 0.00000 + L_Eknl: 8.24596 + L_Div: 0.00000 + L_Morse: 7.64599
Epoch: 0 [2050/10000 (20%)] Unweighted L_s : L_Mnfld: 0.00149,  L_NonMnfld: 0.03802,  L_Nrml: 0.00000,  L_Eknl: 0.16492, L_Morse: 0.77717

Weights: [7000.0, 600.0, 0, 50.0, 0.0, 9.8053], lr=5.000e-05
Epoch: 0 [2060/10000 (21%)] Loss: 48.56115 = L_Mnfld: 8.90026 + L_NonMnfld: 23.57527 + L_Nrml: 0.00000 + L_Eknl: 8.34036 + L_Div: 0.00000 + L_Morse: 7.74526
Epoch: 0 [2060/10000 (21%)] Unweighted L_s : L_Mnfld: 0.00127,  L_NonMnfld: 0.03929,  L_Nrml: 0.00000,  L_Eknl: 0.16681, L_Morse: 0.78991

Weights: [7000.0, 600.0, 0, 50.0, 0.0, 9.7723], lr=5.000e-05
Epoch: 0 [2070/10000 (21%)] Loss: 46.97142 = L_Mnfld: 9.26873 + L_NonMnfld: 21.36752 + L_Nrml: 0.00000 + L_Eknl: 8.37249 + L_Div: 0.00000 + L_Morse: 7.96267
Epoch: 0 [2070/10000 (21%)] Unweighted L_s : L_Mnfld: 0.00132,  L_NonMnfld: 0.03561,  L_Nrml: 0.00000,  L_Eknl: 0.16745, L_Morse: 0.81482

Weights: [7000.0, 600.0, 0, 50.0, 0.0, 9.7393], lr=5.000e-05
Epoch: 0 [2080/10000 (21%)] Loss: 49.36632 = L_Mnfld: 11.08172 + L_NonMnfld: 22.41001 + L_Nrml: 0.00000 + L_Eknl: 8.42006 + L_Div: 0.00000 + L_Morse: 7.45453
Epoch: 0 [2080/10000 (21%)] Unweighted L_s : L_Mnfld: 0.00158,  L_NonMnfld: 0.03735,  L_Nrml: 0.00000,  L_Eknl: 0.16840, L_Morse: 0.76541

Weights: [7000.0, 600.0, 0, 50.0, 0.0, 9.7063], lr=5.000e-05
Epoch: 0 [2090/10000 (21%)] Loss: 50.79171 = L_Mnfld: 11.47426 + L_NonMnfld: 23.40792 + L_Nrml: 0.00000 + L_Eknl: 8.35718 + L_Div: 0.00000 + L_Morse: 7.55234
Epoch: 0 [2090/10000 (21%)] Unweighted L_s : L_Mnfld: 0.00164,  L_NonMnfld: 0.03901,  L_Nrml: 0.00000,  L_Eknl: 0.16714, L_Morse: 0.77809

Weights: [7000.0, 600.0, 0, 50.0, 0.0, 9.673300000000001], lr=5.000e-05
Epoch: 0 [2100/10000 (21%)] Loss: 48.89798 = L_Mnfld: 11.42060 + L_NonMnfld: 21.18789 + L_Nrml: 0.00000 + L_Eknl: 8.34966 + L_Div: 0.00000 + L_Morse: 7.93983
Epoch: 0 [2100/10000 (21%)] Unweighted L_s : L_Mnfld: 0.00163,  L_NonMnfld: 0.03531,  L_Nrml: 0.00000,  L_Eknl: 0.16699, L_Morse: 0.82080

Weights: [7000.0, 600.0, 0, 50.0, 0.0, 9.6403], lr=5.000e-05
Epoch: 0 [2110/10000 (21%)] Loss: 49.10484 = L_Mnfld: 10.23277 + L_NonMnfld: 22.50004 + L_Nrml: 0.00000 + L_Eknl: 8.47988 + L_Div: 0.00000 + L_Morse: 7.89216
Epoch: 0 [2110/10000 (21%)] Unweighted L_s : L_Mnfld: 0.00146,  L_NonMnfld: 0.03750,  L_Nrml: 0.00000,  L_Eknl: 0.16960, L_Morse: 0.81866

Weights: [7000.0, 600.0, 0, 50.0, 0.0, 9.6073], lr=5.000e-05
Epoch: 0 [2120/10000 (21%)] Loss: 48.49770 = L_Mnfld: 10.27085 + L_NonMnfld: 22.00464 + L_Nrml: 0.00000 + L_Eknl: 8.27444 + L_Div: 0.00000 + L_Morse: 7.94777
Epoch: 0 [2120/10000 (21%)] Unweighted L_s : L_Mnfld: 0.00147,  L_NonMnfld: 0.03667,  L_Nrml: 0.00000,  L_Eknl: 0.16549, L_Morse: 0.82726

Weights: [7000.0, 600.0, 0, 50.0, 0.0, 9.574300000000001], lr=5.000e-05
Epoch: 0 [2130/10000 (21%)] Loss: 47.50787 = L_Mnfld: 9.53657 + L_NonMnfld: 21.80934 + L_Nrml: 0.00000 + L_Eknl: 8.30842 + L_Div: 0.00000 + L_Morse: 7.85354
Epoch: 0 [2130/10000 (21%)] Unweighted L_s : L_Mnfld: 0.00136,  L_NonMnfld: 0.03635,  L_Nrml: 0.00000,  L_Eknl: 0.16617, L_Morse: 0.82027

Weights: [7000.0, 600.0, 0, 50.0, 0.0, 9.5413], lr=5.000e-05
Epoch: 0 [2140/10000 (21%)] Loss: 48.73022 = L_Mnfld: 9.59680 + L_NonMnfld: 23.08094 + L_Nrml: 0.00000 + L_Eknl: 8.31233 + L_Div: 0.00000 + L_Morse: 7.74016
Epoch: 0 [2140/10000 (21%)] Unweighted L_s : L_Mnfld: 0.00137,  L_NonMnfld: 0.03847,  L_Nrml: 0.00000,  L_Eknl: 0.16625, L_Morse: 0.81123

Weights: [7000.0, 600.0, 0, 50.0, 0.0, 9.5083], lr=5.000e-05
Epoch: 0 [2150/10000 (22%)] Loss: 46.58468 = L_Mnfld: 8.42292 + L_NonMnfld: 22.36931 + L_Nrml: 0.00000 + L_Eknl: 8.30400 + L_Div: 0.00000 + L_Morse: 7.48844
Epoch: 0 [2150/10000 (22%)] Unweighted L_s : L_Mnfld: 0.00120,  L_NonMnfld: 0.03728,  L_Nrml: 0.00000,  L_Eknl: 0.16608, L_Morse: 0.78757

Weights: [7000.0, 600.0, 0, 50.0, 0.0, 9.4753], lr=5.000e-05
Epoch: 0 [2160/10000 (22%)] Loss: 47.69419 = L_Mnfld: 8.77501 + L_NonMnfld: 23.05814 + L_Nrml: 0.00000 + L_Eknl: 8.11451 + L_Div: 0.00000 + L_Morse: 7.74655
Epoch: 0 [2160/10000 (22%)] Unweighted L_s : L_Mnfld: 0.00125,  L_NonMnfld: 0.03843,  L_Nrml: 0.00000,  L_Eknl: 0.16229, L_Morse: 0.81755

Weights: [7000.0, 600.0, 0, 50.0, 0.0, 9.4423], lr=5.000e-05
Epoch: 0 [2170/10000 (22%)] Loss: 47.95603 = L_Mnfld: 8.47508 + L_NonMnfld: 23.85093 + L_Nrml: 0.00000 + L_Eknl: 8.16817 + L_Div: 0.00000 + L_Morse: 7.46186
Epoch: 0 [2170/10000 (22%)] Unweighted L_s : L_Mnfld: 0.00121,  L_NonMnfld: 0.03975,  L_Nrml: 0.00000,  L_Eknl: 0.16336, L_Morse: 0.79026

Weights: [7000.0, 600.0, 0, 50.0, 0.0, 9.4093], lr=5.000e-05
Epoch: 0 [2180/10000 (22%)] Loss: 47.51460 = L_Mnfld: 9.50491 + L_NonMnfld: 22.15755 + L_Nrml: 0.00000 + L_Eknl: 8.19480 + L_Div: 0.00000 + L_Morse: 7.65734
Epoch: 0 [2180/10000 (22%)] Unweighted L_s : L_Mnfld: 0.00136,  L_NonMnfld: 0.03693,  L_Nrml: 0.00000,  L_Eknl: 0.16390, L_Morse: 0.81381

Weights: [7000.0, 600.0, 0, 50.0, 0.0, 9.3763], lr=5.000e-05
Epoch: 0 [2190/10000 (22%)] Loss: 45.98240 = L_Mnfld: 8.27299 + L_NonMnfld: 22.17762 + L_Nrml: 0.00000 + L_Eknl: 8.12664 + L_Div: 0.00000 + L_Morse: 7.40515
Epoch: 0 [2190/10000 (22%)] Unweighted L_s : L_Mnfld: 0.00118,  L_NonMnfld: 0.03696,  L_Nrml: 0.00000,  L_Eknl: 0.16253, L_Morse: 0.78977

Weights: [7000.0, 600.0, 0, 50.0, 0.0, 9.3433], lr=5.000e-05
Epoch: 0 [2200/10000 (22%)] Loss: 45.74958 = L_Mnfld: 8.05665 + L_NonMnfld: 22.17539 + L_Nrml: 0.00000 + L_Eknl: 8.15172 + L_Div: 0.00000 + L_Morse: 7.36581
Epoch: 0 [2200/10000 (22%)] Unweighted L_s : L_Mnfld: 0.00115,  L_NonMnfld: 0.03696,  L_Nrml: 0.00000,  L_Eknl: 0.16303, L_Morse: 0.78835

Weights: [7000.0, 600.0, 0, 50.0, 0.0, 9.3103], lr=5.000e-05
Epoch: 0 [2210/10000 (22%)] Loss: 47.89759 = L_Mnfld: 9.46949 + L_NonMnfld: 22.76220 + L_Nrml: 0.00000 + L_Eknl: 8.11872 + L_Div: 0.00000 + L_Morse: 7.54718
Epoch: 0 [2210/10000 (22%)] Unweighted L_s : L_Mnfld: 0.00135,  L_NonMnfld: 0.03794,  L_Nrml: 0.00000,  L_Eknl: 0.16237, L_Morse: 0.81063

Weights: [7000.0, 600.0, 0, 50.0, 0.0, 9.2773], lr=5.000e-05
Epoch: 0 [2220/10000 (22%)] Loss: 46.77915 = L_Mnfld: 9.20130 + L_NonMnfld: 21.97455 + L_Nrml: 0.00000 + L_Eknl: 8.06985 + L_Div: 0.00000 + L_Morse: 7.53345
Epoch: 0 [2220/10000 (22%)] Unweighted L_s : L_Mnfld: 0.00131,  L_NonMnfld: 0.03662,  L_Nrml: 0.00000,  L_Eknl: 0.16140, L_Morse: 0.81203

Weights: [7000.0, 600.0, 0, 50.0, 0.0, 9.2443], lr=5.000e-05
Epoch: 0 [2230/10000 (22%)] Loss: 45.58443 = L_Mnfld: 7.84425 + L_NonMnfld: 22.48899 + L_Nrml: 0.00000 + L_Eknl: 7.89080 + L_Div: 0.00000 + L_Morse: 7.36039
Epoch: 0 [2230/10000 (22%)] Unweighted L_s : L_Mnfld: 0.00112,  L_NonMnfld: 0.03748,  L_Nrml: 0.00000,  L_Eknl: 0.15782, L_Morse: 0.79621

Weights: [7000.0, 600.0, 0, 50.0, 0.0, 9.211300000000001], lr=5.000e-05
Epoch: 0 [2240/10000 (22%)] Loss: 47.14861 = L_Mnfld: 10.19194 + L_NonMnfld: 21.70245 + L_Nrml: 0.00000 + L_Eknl: 7.82681 + L_Div: 0.00000 + L_Morse: 7.42741
Epoch: 0 [2240/10000 (22%)] Unweighted L_s : L_Mnfld: 0.00146,  L_NonMnfld: 0.03617,  L_Nrml: 0.00000,  L_Eknl: 0.15654, L_Morse: 0.80634

Weights: [7000.0, 600.0, 0, 50.0, 0.0, 9.1783], lr=5.000e-05
Epoch: 0 [2250/10000 (22%)] Loss: 46.02455 = L_Mnfld: 8.96249 + L_NonMnfld: 21.85284 + L_Nrml: 0.00000 + L_Eknl: 8.07971 + L_Div: 0.00000 + L_Morse: 7.12952
Epoch: 0 [2250/10000 (22%)] Unweighted L_s : L_Mnfld: 0.00128,  L_NonMnfld: 0.03642,  L_Nrml: 0.00000,  L_Eknl: 0.16159, L_Morse: 0.77678

Weights: [7000.0, 600.0, 0, 50.0, 0.0, 9.1453], lr=5.000e-05
Epoch: 0 [2260/10000 (23%)] Loss: 47.80020 = L_Mnfld: 9.97342 + L_NonMnfld: 22.17469 + L_Nrml: 0.00000 + L_Eknl: 8.16818 + L_Div: 0.00000 + L_Morse: 7.48391
Epoch: 0 [2260/10000 (23%)] Unweighted L_s : L_Mnfld: 0.00142,  L_NonMnfld: 0.03696,  L_Nrml: 0.00000,  L_Eknl: 0.16336, L_Morse: 0.81833

Weights: [7000.0, 600.0, 0, 50.0, 0.0, 9.112300000000001], lr=5.000e-05
Epoch: 0 [2270/10000 (23%)] Loss: 49.31074 = L_Mnfld: 10.08693 + L_NonMnfld: 23.87737 + L_Nrml: 0.00000 + L_Eknl: 7.95213 + L_Div: 0.00000 + L_Morse: 7.39431
Epoch: 0 [2270/10000 (23%)] Unweighted L_s : L_Mnfld: 0.00144,  L_NonMnfld: 0.03980,  L_Nrml: 0.00000,  L_Eknl: 0.15904, L_Morse: 0.81146

Weights: [7000.0, 600.0, 0, 50.0, 0.0, 9.0793], lr=5.000e-05
Epoch: 0 [2280/10000 (23%)] Loss: 47.98154 = L_Mnfld: 10.31715 + L_NonMnfld: 21.78606 + L_Nrml: 0.00000 + L_Eknl: 8.11408 + L_Div: 0.00000 + L_Morse: 7.76425
Epoch: 0 [2280/10000 (23%)] Unweighted L_s : L_Mnfld: 0.00147,  L_NonMnfld: 0.03631,  L_Nrml: 0.00000,  L_Eknl: 0.16228, L_Morse: 0.85516

Weights: [7000.0, 600.0, 0, 50.0, 0.0, 9.0463], lr=5.000e-05
Epoch: 0 [2290/10000 (23%)] Loss: 49.96860 = L_Mnfld: 11.90081 + L_NonMnfld: 22.07301 + L_Nrml: 0.00000 + L_Eknl: 8.23452 + L_Div: 0.00000 + L_Morse: 7.76026
Epoch: 0 [2290/10000 (23%)] Unweighted L_s : L_Mnfld: 0.00170,  L_NonMnfld: 0.03679,  L_Nrml: 0.00000,  L_Eknl: 0.16469, L_Morse: 0.85784

Weights: [7000.0, 600.0, 0, 50.0, 0.0, 9.013300000000001], lr=5.000e-05
Epoch: 0 [2300/10000 (23%)] Loss: 53.82706 = L_Mnfld: 15.22487 + L_NonMnfld: 21.78139 + L_Nrml: 0.00000 + L_Eknl: 8.72956 + L_Div: 0.00000 + L_Morse: 8.09125
Epoch: 0 [2300/10000 (23%)] Unweighted L_s : L_Mnfld: 0.00217,  L_NonMnfld: 0.03630,  L_Nrml: 0.00000,  L_Eknl: 0.17459, L_Morse: 0.89770

Weights: [7000.0, 600.0, 0, 50.0, 0.0, 8.9803], lr=5.000e-05
Epoch: 0 [2310/10000 (23%)] Loss: 67.13191 = L_Mnfld: 24.88643 + L_NonMnfld: 23.50003 + L_Nrml: 0.00000 + L_Eknl: 9.51770 + L_Div: 0.00000 + L_Morse: 9.22774
Epoch: 0 [2310/10000 (23%)] Unweighted L_s : L_Mnfld: 0.00356,  L_NonMnfld: 0.03917,  L_Nrml: 0.00000,  L_Eknl: 0.19035, L_Morse: 1.02755

Weights: [7000.0, 600.0, 0, 50.0, 0.0, 8.9473], lr=5.000e-05
Epoch: 0 [2320/10000 (23%)] Loss: 63.96888 = L_Mnfld: 23.74479 + L_NonMnfld: 21.81150 + L_Nrml: 0.00000 + L_Eknl: 9.23369 + L_Div: 0.00000 + L_Morse: 9.17890
Epoch: 0 [2320/10000 (23%)] Unweighted L_s : L_Mnfld: 0.00339,  L_NonMnfld: 0.03635,  L_Nrml: 0.00000,  L_Eknl: 0.18467, L_Morse: 1.02589

Weights: [7000.0, 600.0, 0, 50.0, 0.0, 8.9143], lr=5.000e-05
Epoch: 0 [2330/10000 (23%)] Loss: 71.21518 = L_Mnfld: 27.84777 + L_NonMnfld: 22.61819 + L_Nrml: 0.00000 + L_Eknl: 10.07487 + L_Div: 0.00000 + L_Morse: 10.67436
Epoch: 0 [2330/10000 (23%)] Unweighted L_s : L_Mnfld: 0.00398,  L_NonMnfld: 0.03770,  L_Nrml: 0.00000,  L_Eknl: 0.20150, L_Morse: 1.19744

Weights: [7000.0, 600.0, 0, 50.0, 0.0, 8.8813], lr=5.000e-05
Epoch: 0 [2340/10000 (23%)] Loss: 77.30354 = L_Mnfld: 32.05677 + L_NonMnfld: 23.79520 + L_Nrml: 0.00000 + L_Eknl: 10.81252 + L_Div: 0.00000 + L_Morse: 10.63904
Epoch: 0 [2340/10000 (23%)] Unweighted L_s : L_Mnfld: 0.00458,  L_NonMnfld: 0.03966,  L_Nrml: 0.00000,  L_Eknl: 0.21625, L_Morse: 1.19791

Weights: [7000.0, 600.0, 0, 50.0, 0.0, 8.8483], lr=5.000e-05
Epoch: 0 [2350/10000 (24%)] Loss: 79.05811 = L_Mnfld: 33.83874 + L_NonMnfld: 24.15579 + L_Nrml: 0.00000 + L_Eknl: 10.86185 + L_Div: 0.00000 + L_Morse: 10.20173
Epoch: 0 [2350/10000 (24%)] Unweighted L_s : L_Mnfld: 0.00483,  L_NonMnfld: 0.04026,  L_Nrml: 0.00000,  L_Eknl: 0.21724, L_Morse: 1.15296

Weights: [7000.0, 600.0, 0, 50.0, 0.0, 8.8153], lr=5.000e-05
Epoch: 0 [2360/10000 (24%)] Loss: 78.41984 = L_Mnfld: 32.84465 + L_NonMnfld: 24.76577 + L_Nrml: 0.00000 + L_Eknl: 10.78685 + L_Div: 0.00000 + L_Morse: 10.02258
Epoch: 0 [2360/10000 (24%)] Unweighted L_s : L_Mnfld: 0.00469,  L_NonMnfld: 0.04128,  L_Nrml: 0.00000,  L_Eknl: 0.21574, L_Morse: 1.13695

Weights: [7000.0, 600.0, 0, 50.0, 0.0, 8.7823], lr=5.000e-05
Epoch: 0 [2370/10000 (24%)] Loss: 66.63276 = L_Mnfld: 23.40685 + L_NonMnfld: 23.45091 + L_Nrml: 0.00000 + L_Eknl: 10.81556 + L_Div: 0.00000 + L_Morse: 8.95944
Epoch: 0 [2370/10000 (24%)] Unweighted L_s : L_Mnfld: 0.00334,  L_NonMnfld: 0.03908,  L_Nrml: 0.00000,  L_Eknl: 0.21631, L_Morse: 1.02017

Weights: [7000.0, 600.0, 0, 50.0, 0.0, 8.7493], lr=5.000e-05
Epoch: 0 [2380/10000 (24%)] Loss: 79.83714 = L_Mnfld: 36.13935 + L_NonMnfld: 22.64461 + L_Nrml: 0.00000 + L_Eknl: 11.22881 + L_Div: 0.00000 + L_Morse: 9.82436
Epoch: 0 [2380/10000 (24%)] Unweighted L_s : L_Mnfld: 0.00516,  L_NonMnfld: 0.03774,  L_Nrml: 0.00000,  L_Eknl: 0.22458, L_Morse: 1.12287

Weights: [7000.0, 600.0, 0, 50.0, 0.0, 8.7163], lr=5.000e-05
Epoch: 0 [2390/10000 (24%)] Loss: 68.38076 = L_Mnfld: 25.14085 + L_NonMnfld: 22.74041 + L_Nrml: 0.00000 + L_Eknl: 11.03151 + L_Div: 0.00000 + L_Morse: 9.46798
Epoch: 0 [2390/10000 (24%)] Unweighted L_s : L_Mnfld: 0.00359,  L_NonMnfld: 0.03790,  L_Nrml: 0.00000,  L_Eknl: 0.22063, L_Morse: 1.08624

Weights: [7000.0, 600.0, 0, 50.0, 0.0, 8.683300000000001], lr=5.000e-05
Epoch: 0 [2400/10000 (24%)] Loss: 74.97656 = L_Mnfld: 29.04471 + L_NonMnfld: 24.73369 + L_Nrml: 0.00000 + L_Eknl: 12.70694 + L_Div: 0.00000 + L_Morse: 8.49122
Epoch: 0 [2400/10000 (24%)] Unweighted L_s : L_Mnfld: 0.00415,  L_NonMnfld: 0.04122,  L_Nrml: 0.00000,  L_Eknl: 0.25414, L_Morse: 0.97788

Weights: [7000.0, 600.0, 0, 50.0, 0.0, 8.6503], lr=5.000e-05
Epoch: 0 [2410/10000 (24%)] Loss: 63.79858 = L_Mnfld: 19.78127 + L_NonMnfld: 23.37221 + L_Nrml: 0.00000 + L_Eknl: 11.10900 + L_Div: 0.00000 + L_Morse: 9.53610
Epoch: 0 [2410/10000 (24%)] Unweighted L_s : L_Mnfld: 0.00283,  L_NonMnfld: 0.03895,  L_Nrml: 0.00000,  L_Eknl: 0.22218, L_Morse: 1.10240

Weights: [7000.0, 600.0, 0, 50.0, 0.0, 8.6173], lr=5.000e-05
Epoch: 0 [2420/10000 (24%)] Loss: 69.95779 = L_Mnfld: 26.49827 + L_NonMnfld: 23.38573 + L_Nrml: 0.00000 + L_Eknl: 10.82620 + L_Div: 0.00000 + L_Morse: 9.24758
Epoch: 0 [2420/10000 (24%)] Unweighted L_s : L_Mnfld: 0.00379,  L_NonMnfld: 0.03898,  L_Nrml: 0.00000,  L_Eknl: 0.21652, L_Morse: 1.07314

Weights: [7000.0, 600.0, 0, 50.0, 0.0, 8.5843], lr=5.000e-05
Epoch: 0 [2430/10000 (24%)] Loss: 68.08456 = L_Mnfld: 25.32029 + L_NonMnfld: 23.74178 + L_Nrml: 0.00000 + L_Eknl: 10.84837 + L_Div: 0.00000 + L_Morse: 8.17412
Epoch: 0 [2430/10000 (24%)] Unweighted L_s : L_Mnfld: 0.00362,  L_NonMnfld: 0.03957,  L_Nrml: 0.00000,  L_Eknl: 0.21697, L_Morse: 0.95222

Weights: [7000.0, 600.0, 0, 50.0, 0.0, 8.5513], lr=5.000e-05
Epoch: 0 [2440/10000 (24%)] Loss: 67.89404 = L_Mnfld: 26.42302 + L_NonMnfld: 22.60201 + L_Nrml: 0.00000 + L_Eknl: 10.53480 + L_Div: 0.00000 + L_Morse: 8.33422
Epoch: 0 [2440/10000 (24%)] Unweighted L_s : L_Mnfld: 0.00377,  L_NonMnfld: 0.03767,  L_Nrml: 0.00000,  L_Eknl: 0.21070, L_Morse: 0.97461

Weights: [7000.0, 600.0, 0, 50.0, 0.0, 8.5183], lr=5.000e-05
Epoch: 0 [2450/10000 (24%)] Loss: 83.12799 = L_Mnfld: 39.97135 + L_NonMnfld: 23.44929 + L_Nrml: 0.00000 + L_Eknl: 11.69922 + L_Div: 0.00000 + L_Morse: 8.00813
Epoch: 0 [2450/10000 (24%)] Unweighted L_s : L_Mnfld: 0.00571,  L_NonMnfld: 0.03908,  L_Nrml: 0.00000,  L_Eknl: 0.23398, L_Morse: 0.94011

Weights: [7000.0, 600.0, 0, 50.0, 0.0, 8.4853], lr=5.000e-05
Epoch: 0 [2460/10000 (25%)] Loss: 61.88408 = L_Mnfld: 20.33991 + L_NonMnfld: 22.65372 + L_Nrml: 0.00000 + L_Eknl: 10.76493 + L_Div: 0.00000 + L_Morse: 8.12552
Epoch: 0 [2460/10000 (25%)] Unweighted L_s : L_Mnfld: 0.00291,  L_NonMnfld: 0.03776,  L_Nrml: 0.00000,  L_Eknl: 0.21530, L_Morse: 0.95760

Weights: [7000.0, 600.0, 0, 50.0, 0.0, 8.4523], lr=5.000e-05
Epoch: 0 [2470/10000 (25%)] Loss: 58.34357 = L_Mnfld: 19.17648 + L_NonMnfld: 20.51697 + L_Nrml: 0.00000 + L_Eknl: 10.47497 + L_Div: 0.00000 + L_Morse: 8.17515
Epoch: 0 [2470/10000 (25%)] Unweighted L_s : L_Mnfld: 0.00274,  L_NonMnfld: 0.03419,  L_Nrml: 0.00000,  L_Eknl: 0.20950, L_Morse: 0.96721

Weights: [7000.0, 600.0, 0, 50.0, 0.0, 8.4193], lr=5.000e-05
Epoch: 0 [2480/10000 (25%)] Loss: 80.35727 = L_Mnfld: 36.53025 + L_NonMnfld: 23.20264 + L_Nrml: 0.00000 + L_Eknl: 11.17786 + L_Div: 0.00000 + L_Morse: 9.44653
Epoch: 0 [2480/10000 (25%)] Unweighted L_s : L_Mnfld: 0.00522,  L_NonMnfld: 0.03867,  L_Nrml: 0.00000,  L_Eknl: 0.22356, L_Morse: 1.12201

Weights: [7000.0, 600.0, 0, 50.0, 0.0, 8.3863], lr=5.000e-05
Epoch: 0 [2490/10000 (25%)] Loss: 64.46111 = L_Mnfld: 20.27954 + L_NonMnfld: 24.88212 + L_Nrml: 0.00000 + L_Eknl: 10.81317 + L_Div: 0.00000 + L_Morse: 8.48628
Epoch: 0 [2490/10000 (25%)] Unweighted L_s : L_Mnfld: 0.00290,  L_NonMnfld: 0.04147,  L_Nrml: 0.00000,  L_Eknl: 0.21626, L_Morse: 1.01192

Weights: [7000.0, 600.0, 0, 50.0, 0.0, 8.3533], lr=5.000e-05
Epoch: 0 [2500/10000 (25%)] Loss: 60.68052 = L_Mnfld: 20.55116 + L_NonMnfld: 21.58005 + L_Nrml: 0.00000 + L_Eknl: 10.36340 + L_Div: 0.00000 + L_Morse: 8.18591
Epoch: 0 [2500/10000 (25%)] Unweighted L_s : L_Mnfld: 0.00294,  L_NonMnfld: 0.03597,  L_Nrml: 0.00000,  L_Eknl: 0.20727, L_Morse: 0.97996

Weights: [7000.0, 600.0, 0, 50.0, 0.0, 8.3203], lr=5.000e-05
Epoch: 0 [2510/10000 (25%)] Loss: 58.97806 = L_Mnfld: 18.66552 + L_NonMnfld: 22.76219 + L_Nrml: 0.00000 + L_Eknl: 10.03661 + L_Div: 0.00000 + L_Morse: 7.51375
Epoch: 0 [2510/10000 (25%)] Unweighted L_s : L_Mnfld: 0.00267,  L_NonMnfld: 0.03794,  L_Nrml: 0.00000,  L_Eknl: 0.20073, L_Morse: 0.90306

Weights: [7000.0, 600.0, 0, 50.0, 0.0, 8.2873], lr=5.000e-05
Epoch: 0 [2520/10000 (25%)] Loss: 58.85486 = L_Mnfld: 19.66469 + L_NonMnfld: 21.99132 + L_Nrml: 0.00000 + L_Eknl: 9.79737 + L_Div: 0.00000 + L_Morse: 7.40148
Epoch: 0 [2520/10000 (25%)] Unweighted L_s : L_Mnfld: 0.00281,  L_NonMnfld: 0.03665,  L_Nrml: 0.00000,  L_Eknl: 0.19595, L_Morse: 0.89311

Weights: [7000.0, 600.0, 0, 50.0, 0.0, 8.2543], lr=5.000e-05
Epoch: 0 [2530/10000 (25%)] Loss: 56.62311 = L_Mnfld: 16.83501 + L_NonMnfld: 22.77421 + L_Nrml: 0.00000 + L_Eknl: 9.61080 + L_Div: 0.00000 + L_Morse: 7.40310
Epoch: 0 [2530/10000 (25%)] Unweighted L_s : L_Mnfld: 0.00241,  L_NonMnfld: 0.03796,  L_Nrml: 0.00000,  L_Eknl: 0.19222, L_Morse: 0.89688

Weights: [7000.0, 600.0, 0, 50.0, 0.0, 8.2213], lr=5.000e-05
Epoch: 0 [2540/10000 (25%)] Loss: 55.95291 = L_Mnfld: 16.42392 + L_NonMnfld: 22.61470 + L_Nrml: 0.00000 + L_Eknl: 9.63164 + L_Div: 0.00000 + L_Morse: 7.28265
Epoch: 0 [2540/10000 (25%)] Unweighted L_s : L_Mnfld: 0.00235,  L_NonMnfld: 0.03769,  L_Nrml: 0.00000,  L_Eknl: 0.19263, L_Morse: 0.88583

Weights: [7000.0, 600.0, 0, 50.0, 0.0, 8.1883], lr=5.000e-05
Epoch: 0 [2550/10000 (26%)] Loss: 49.73443 = L_Mnfld: 11.04972 + L_NonMnfld: 22.42748 + L_Nrml: 0.00000 + L_Eknl: 9.28858 + L_Div: 0.00000 + L_Morse: 6.96865
Epoch: 0 [2550/10000 (26%)] Unweighted L_s : L_Mnfld: 0.00158,  L_NonMnfld: 0.03738,  L_Nrml: 0.00000,  L_Eknl: 0.18577, L_Morse: 0.85105

Weights: [7000.0, 600.0, 0, 50.0, 0.0, 8.1553], lr=5.000e-05
Epoch: 0 [2560/10000 (26%)] Loss: 46.63136 = L_Mnfld: 9.84721 + L_NonMnfld: 20.69681 + L_Nrml: 0.00000 + L_Eknl: 9.18933 + L_Div: 0.00000 + L_Morse: 6.89801
Epoch: 0 [2560/10000 (26%)] Unweighted L_s : L_Mnfld: 0.00141,  L_NonMnfld: 0.03449,  L_Nrml: 0.00000,  L_Eknl: 0.18379, L_Morse: 0.84583

Weights: [7000.0, 600.0, 0, 50.0, 0.0, 8.1223], lr=5.000e-05
Epoch: 0 [2570/10000 (26%)] Loss: 47.54440 = L_Mnfld: 8.98199 + L_NonMnfld: 22.78854 + L_Nrml: 0.00000 + L_Eknl: 9.01800 + L_Div: 0.00000 + L_Morse: 6.75587
Epoch: 0 [2570/10000 (26%)] Unweighted L_s : L_Mnfld: 0.00128,  L_NonMnfld: 0.03798,  L_Nrml: 0.00000,  L_Eknl: 0.18036, L_Morse: 0.83177

Weights: [7000.0, 600.0, 0, 50.0, 0.0, 8.0893], lr=5.000e-05
Epoch: 0 [2580/10000 (26%)] Loss: 45.92152 = L_Mnfld: 8.86211 + L_NonMnfld: 21.71690 + L_Nrml: 0.00000 + L_Eknl: 9.02543 + L_Div: 0.00000 + L_Morse: 6.31708
Epoch: 0 [2580/10000 (26%)] Unweighted L_s : L_Mnfld: 0.00127,  L_NonMnfld: 0.03619,  L_Nrml: 0.00000,  L_Eknl: 0.18051, L_Morse: 0.78092

Weights: [7000.0, 600.0, 0, 50.0, 0.0, 8.0563], lr=5.000e-05
Epoch: 0 [2590/10000 (26%)] Loss: 45.69161 = L_Mnfld: 8.09297 + L_NonMnfld: 22.23265 + L_Nrml: 0.00000 + L_Eknl: 8.79272 + L_Div: 0.00000 + L_Morse: 6.57327
Epoch: 0 [2590/10000 (26%)] Unweighted L_s : L_Mnfld: 0.00116,  L_NonMnfld: 0.03705,  L_Nrml: 0.00000,  L_Eknl: 0.17585, L_Morse: 0.81592

Weights: [7000.0, 600.0, 0, 50.0, 0.0, 8.023299999999999], lr=5.000e-05
Epoch: 0 [2600/10000 (26%)] Loss: 45.80788 = L_Mnfld: 8.72376 + L_NonMnfld: 21.62780 + L_Nrml: 0.00000 + L_Eknl: 8.83643 + L_Div: 0.00000 + L_Morse: 6.61989
Epoch: 0 [2600/10000 (26%)] Unweighted L_s : L_Mnfld: 0.00125,  L_NonMnfld: 0.03605,  L_Nrml: 0.00000,  L_Eknl: 0.17673, L_Morse: 0.82508

Weights: [7000.0, 600.0, 0, 50.0, 0.0, 7.9902999999999995], lr=5.000e-05
Epoch: 0 [2610/10000 (26%)] Loss: 44.60899 = L_Mnfld: 7.89507 + L_NonMnfld: 21.75209 + L_Nrml: 0.00000 + L_Eknl: 8.61239 + L_Div: 0.00000 + L_Morse: 6.34942
Epoch: 0 [2610/10000 (26%)] Unweighted L_s : L_Mnfld: 0.00113,  L_NonMnfld: 0.03625,  L_Nrml: 0.00000,  L_Eknl: 0.17225, L_Morse: 0.79464

Weights: [7000.0, 600.0, 0, 50.0, 0.0, 7.9573], lr=5.000e-05
Epoch: 0 [2620/10000 (26%)] Loss: 45.21553 = L_Mnfld: 8.57647 + L_NonMnfld: 21.56292 + L_Nrml: 0.00000 + L_Eknl: 8.58369 + L_Div: 0.00000 + L_Morse: 6.49245
Epoch: 0 [2620/10000 (26%)] Unweighted L_s : L_Mnfld: 0.00123,  L_NonMnfld: 0.03594,  L_Nrml: 0.00000,  L_Eknl: 0.17167, L_Morse: 0.81591

Weights: [7000.0, 600.0, 0, 50.0, 0.0, 7.9243], lr=5.000e-05
Epoch: 0 [2630/10000 (26%)] Loss: 45.74953 = L_Mnfld: 8.82802 + L_NonMnfld: 21.88896 + L_Nrml: 0.00000 + L_Eknl: 8.59614 + L_Div: 0.00000 + L_Morse: 6.43640
Epoch: 0 [2630/10000 (26%)] Unweighted L_s : L_Mnfld: 0.00126,  L_NonMnfld: 0.03648,  L_Nrml: 0.00000,  L_Eknl: 0.17192, L_Morse: 0.81224

Weights: [7000.0, 600.0, 0, 50.0, 0.0, 7.891299999999999], lr=5.000e-05
Epoch: 0 [2640/10000 (26%)] Loss: 44.76182 = L_Mnfld: 8.22766 + L_NonMnfld: 21.81777 + L_Nrml: 0.00000 + L_Eknl: 8.44564 + L_Div: 0.00000 + L_Morse: 6.27076
Epoch: 0 [2640/10000 (26%)] Unweighted L_s : L_Mnfld: 0.00118,  L_NonMnfld: 0.03636,  L_Nrml: 0.00000,  L_Eknl: 0.16891, L_Morse: 0.79464

Weights: [7000.0, 600.0, 0, 50.0, 0.0, 7.8583], lr=5.000e-05
Epoch: 0 [2650/10000 (26%)] Loss: 44.89756 = L_Mnfld: 8.12443 + L_NonMnfld: 21.84736 + L_Nrml: 0.00000 + L_Eknl: 8.41707 + L_Div: 0.00000 + L_Morse: 6.50870
Epoch: 0 [2650/10000 (26%)] Unweighted L_s : L_Mnfld: 0.00116,  L_NonMnfld: 0.03641,  L_Nrml: 0.00000,  L_Eknl: 0.16834, L_Morse: 0.82826

Weights: [7000.0, 600.0, 0, 50.0, 0.0, 7.8252999999999995], lr=5.000e-05
Epoch: 0 [2660/10000 (27%)] Loss: 44.87754 = L_Mnfld: 8.21687 + L_NonMnfld: 21.79334 + L_Nrml: 0.00000 + L_Eknl: 8.65988 + L_Div: 0.00000 + L_Morse: 6.20744
Epoch: 0 [2660/10000 (27%)] Unweighted L_s : L_Mnfld: 0.00117,  L_NonMnfld: 0.03632,  L_Nrml: 0.00000,  L_Eknl: 0.17320, L_Morse: 0.79325

Weights: [7000.0, 600.0, 0, 50.0, 0.0, 7.792299999999999], lr=5.000e-05
Epoch: 0 [2670/10000 (27%)] Loss: 43.19609 = L_Mnfld: 7.28655 + L_NonMnfld: 21.46213 + L_Nrml: 0.00000 + L_Eknl: 8.29060 + L_Div: 0.00000 + L_Morse: 6.15682
Epoch: 0 [2670/10000 (27%)] Unweighted L_s : L_Mnfld: 0.00104,  L_NonMnfld: 0.03577,  L_Nrml: 0.00000,  L_Eknl: 0.16581, L_Morse: 0.79012

Weights: [7000.0, 600.0, 0, 50.0, 0.0, 7.7593], lr=5.000e-05
Epoch: 0 [2680/10000 (27%)] Loss: 44.53485 = L_Mnfld: 8.40407 + L_NonMnfld: 21.49123 + L_Nrml: 0.00000 + L_Eknl: 8.39830 + L_Div: 0.00000 + L_Morse: 6.24125
Epoch: 0 [2680/10000 (27%)] Unweighted L_s : L_Mnfld: 0.00120,  L_NonMnfld: 0.03582,  L_Nrml: 0.00000,  L_Eknl: 0.16797, L_Morse: 0.80436

Weights: [7000.0, 600.0, 0, 50.0, 0.0, 7.726300000000001], lr=5.000e-05
Epoch: 0 [2690/10000 (27%)] Loss: 44.73021 = L_Mnfld: 8.23585 + L_NonMnfld: 21.83411 + L_Nrml: 0.00000 + L_Eknl: 8.38168 + L_Div: 0.00000 + L_Morse: 6.27857
Epoch: 0 [2690/10000 (27%)] Unweighted L_s : L_Mnfld: 0.00118,  L_NonMnfld: 0.03639,  L_Nrml: 0.00000,  L_Eknl: 0.16763, L_Morse: 0.81262

Weights: [7000.0, 600.0, 0, 50.0, 0.0, 7.693300000000001], lr=5.000e-05
Epoch: 0 [2700/10000 (27%)] Loss: 44.34050 = L_Mnfld: 8.00729 + L_NonMnfld: 21.40931 + L_Nrml: 0.00000 + L_Eknl: 8.35020 + L_Div: 0.00000 + L_Morse: 6.57369
Epoch: 0 [2700/10000 (27%)] Unweighted L_s : L_Mnfld: 0.00114,  L_NonMnfld: 0.03568,  L_Nrml: 0.00000,  L_Eknl: 0.16700, L_Morse: 0.85447

Weights: [7000.0, 600.0, 0, 50.0, 0.0, 7.660300000000001], lr=5.000e-05
Epoch: 0 [2710/10000 (27%)] Loss: 44.66786 = L_Mnfld: 7.66367 + L_NonMnfld: 22.39745 + L_Nrml: 0.00000 + L_Eknl: 8.13259 + L_Div: 0.00000 + L_Morse: 6.47416
Epoch: 0 [2710/10000 (27%)] Unweighted L_s : L_Mnfld: 0.00109,  L_NonMnfld: 0.03733,  L_Nrml: 0.00000,  L_Eknl: 0.16265, L_Morse: 0.84516

Weights: [7000.0, 600.0, 0, 50.0, 0.0, 7.627300000000001], lr=5.000e-05
Epoch: 0 [2720/10000 (27%)] Loss: 43.93727 = L_Mnfld: 8.14486 + L_NonMnfld: 21.45707 + L_Nrml: 0.00000 + L_Eknl: 8.30854 + L_Div: 0.00000 + L_Morse: 6.02680
Epoch: 0 [2720/10000 (27%)] Unweighted L_s : L_Mnfld: 0.00116,  L_NonMnfld: 0.03576,  L_Nrml: 0.00000,  L_Eknl: 0.16617, L_Morse: 0.79016

Weights: [7000.0, 600.0, 0, 50.0, 0.0, 7.5943000000000005], lr=5.000e-05
Epoch: 0 [2730/10000 (27%)] Loss: 43.62357 = L_Mnfld: 7.97701 + L_NonMnfld: 21.47113 + L_Nrml: 0.00000 + L_Eknl: 8.13290 + L_Div: 0.00000 + L_Morse: 6.04254
Epoch: 0 [2730/10000 (27%)] Unweighted L_s : L_Mnfld: 0.00114,  L_NonMnfld: 0.03579,  L_Nrml: 0.00000,  L_Eknl: 0.16266, L_Morse: 0.79567

Weights: [7000.0, 600.0, 0, 50.0, 0.0, 7.561300000000001], lr=5.000e-05
Epoch: 0 [2740/10000 (27%)] Loss: 43.89653 = L_Mnfld: 8.05885 + L_NonMnfld: 21.10490 + L_Nrml: 0.00000 + L_Eknl: 8.26310 + L_Div: 0.00000 + L_Morse: 6.46968
Epoch: 0 [2740/10000 (27%)] Unweighted L_s : L_Mnfld: 0.00115,  L_NonMnfld: 0.03517,  L_Nrml: 0.00000,  L_Eknl: 0.16526, L_Morse: 0.85563

Weights: [7000.0, 600.0, 0, 50.0, 0.0, 7.5283000000000015], lr=5.000e-05
Epoch: 0 [2750/10000 (28%)] Loss: 43.72567 = L_Mnfld: 8.19917 + L_NonMnfld: 21.34604 + L_Nrml: 0.00000 + L_Eknl: 8.03228 + L_Div: 0.00000 + L_Morse: 6.14819
Epoch: 0 [2750/10000 (28%)] Unweighted L_s : L_Mnfld: 0.00117,  L_NonMnfld: 0.03558,  L_Nrml: 0.00000,  L_Eknl: 0.16065, L_Morse: 0.81668

Weights: [7000.0, 600.0, 0, 50.0, 0.0, 7.4953], lr=5.000e-05
Epoch: 0 [2760/10000 (28%)] Loss: 44.13321 = L_Mnfld: 8.37420 + L_NonMnfld: 20.94606 + L_Nrml: 0.00000 + L_Eknl: 8.29731 + L_Div: 0.00000 + L_Morse: 6.51564
Epoch: 0 [2760/10000 (28%)] Unweighted L_s : L_Mnfld: 0.00120,  L_NonMnfld: 0.03491,  L_Nrml: 0.00000,  L_Eknl: 0.16595, L_Morse: 0.86930

Weights: [7000.0, 600.0, 0, 50.0, 0.0, 7.462300000000001], lr=5.000e-05
Epoch: 0 [2770/10000 (28%)] Loss: 43.15477 = L_Mnfld: 7.84459 + L_NonMnfld: 21.07760 + L_Nrml: 0.00000 + L_Eknl: 7.96184 + L_Div: 0.00000 + L_Morse: 6.27074
Epoch: 0 [2770/10000 (28%)] Unweighted L_s : L_Mnfld: 0.00112,  L_NonMnfld: 0.03513,  L_Nrml: 0.00000,  L_Eknl: 0.15924, L_Morse: 0.84032

Weights: [7000.0, 600.0, 0, 50.0, 0.0, 7.429300000000001], lr=5.000e-05
Epoch: 0 [2780/10000 (28%)] Loss: 43.82649 = L_Mnfld: 7.90966 + L_NonMnfld: 21.81109 + L_Nrml: 0.00000 + L_Eknl: 8.03150 + L_Div: 0.00000 + L_Morse: 6.07425
Epoch: 0 [2780/10000 (28%)] Unweighted L_s : L_Mnfld: 0.00113,  L_NonMnfld: 0.03635,  L_Nrml: 0.00000,  L_Eknl: 0.16063, L_Morse: 0.81761

Weights: [7000.0, 600.0, 0, 50.0, 0.0, 7.3963], lr=5.000e-05
Epoch: 0 [2790/10000 (28%)] Loss: 43.62253 = L_Mnfld: 7.87303 + L_NonMnfld: 21.60244 + L_Nrml: 0.00000 + L_Eknl: 7.95746 + L_Div: 0.00000 + L_Morse: 6.18959
Epoch: 0 [2790/10000 (28%)] Unweighted L_s : L_Mnfld: 0.00112,  L_NonMnfld: 0.03600,  L_Nrml: 0.00000,  L_Eknl: 0.15915, L_Morse: 0.83685

Weights: [7000.0, 600.0, 0, 50.0, 0.0, 7.363300000000001], lr=5.000e-05
Epoch: 0 [2800/10000 (28%)] Loss: 43.17336 = L_Mnfld: 7.96867 + L_NonMnfld: 21.09220 + L_Nrml: 0.00000 + L_Eknl: 7.93449 + L_Div: 0.00000 + L_Morse: 6.17799
Epoch: 0 [2800/10000 (28%)] Unweighted L_s : L_Mnfld: 0.00114,  L_NonMnfld: 0.03515,  L_Nrml: 0.00000,  L_Eknl: 0.15869, L_Morse: 0.83902

Weights: [7000.0, 600.0, 0, 50.0, 0.0, 7.330300000000001], lr=5.000e-05
Epoch: 0 [2810/10000 (28%)] Loss: 41.36877 = L_Mnfld: 6.94545 + L_NonMnfld: 20.48403 + L_Nrml: 0.00000 + L_Eknl: 7.99441 + L_Div: 0.00000 + L_Morse: 5.94488
Epoch: 0 [2810/10000 (28%)] Unweighted L_s : L_Mnfld: 0.00099,  L_NonMnfld: 0.03414,  L_Nrml: 0.00000,  L_Eknl: 0.15989, L_Morse: 0.81100

Weights: [7000.0, 600.0, 0, 50.0, 0.0, 7.2973], lr=5.000e-05
Epoch: 0 [2820/10000 (28%)] Loss: 43.36747 = L_Mnfld: 8.00893 + L_NonMnfld: 21.19092 + L_Nrml: 0.00000 + L_Eknl: 7.88568 + L_Div: 0.00000 + L_Morse: 6.28194
Epoch: 0 [2820/10000 (28%)] Unweighted L_s : L_Mnfld: 0.00114,  L_NonMnfld: 0.03532,  L_Nrml: 0.00000,  L_Eknl: 0.15771, L_Morse: 0.86086

Weights: [7000.0, 600.0, 0, 50.0, 0.0, 7.2643], lr=5.000e-05
Epoch: 0 [2830/10000 (28%)] Loss: 43.49434 = L_Mnfld: 7.49611 + L_NonMnfld: 22.02044 + L_Nrml: 0.00000 + L_Eknl: 7.80248 + L_Div: 0.00000 + L_Morse: 6.17531
Epoch: 0 [2830/10000 (28%)] Unweighted L_s : L_Mnfld: 0.00107,  L_NonMnfld: 0.03670,  L_Nrml: 0.00000,  L_Eknl: 0.15605, L_Morse: 0.85009

Weights: [7000.0, 600.0, 0, 50.0, 0.0, 7.231300000000001], lr=5.000e-05
Epoch: 0 [2840/10000 (28%)] Loss: 44.30062 = L_Mnfld: 7.42049 + L_NonMnfld: 22.92689 + L_Nrml: 0.00000 + L_Eknl: 7.93535 + L_Div: 0.00000 + L_Morse: 6.01790
Epoch: 0 [2840/10000 (28%)] Unweighted L_s : L_Mnfld: 0.00106,  L_NonMnfld: 0.03821,  L_Nrml: 0.00000,  L_Eknl: 0.15871, L_Morse: 0.83220

Weights: [7000.0, 600.0, 0, 50.0, 0.0, 7.198300000000001], lr=5.000e-05
Epoch: 0 [2850/10000 (28%)] Loss: 41.69152 = L_Mnfld: 7.32612 + L_NonMnfld: 20.35931 + L_Nrml: 0.00000 + L_Eknl: 7.98407 + L_Div: 0.00000 + L_Morse: 6.02202
Epoch: 0 [2850/10000 (28%)] Unweighted L_s : L_Mnfld: 0.00105,  L_NonMnfld: 0.03393,  L_Nrml: 0.00000,  L_Eknl: 0.15968, L_Morse: 0.83659

Weights: [7000.0, 600.0, 0, 50.0, 0.0, 7.1653], lr=5.000e-05
Epoch: 0 [2860/10000 (29%)] Loss: 43.19291 = L_Mnfld: 7.80849 + L_NonMnfld: 21.36365 + L_Nrml: 0.00000 + L_Eknl: 7.91208 + L_Div: 0.00000 + L_Morse: 6.10869
Epoch: 0 [2860/10000 (29%)] Unweighted L_s : L_Mnfld: 0.00112,  L_NonMnfld: 0.03561,  L_Nrml: 0.00000,  L_Eknl: 0.15824, L_Morse: 0.85254

Weights: [7000.0, 600.0, 0, 50.0, 0.0, 7.132300000000001], lr=5.000e-05
Epoch: 0 [2870/10000 (29%)] Loss: 42.81183 = L_Mnfld: 7.58458 + L_NonMnfld: 21.22455 + L_Nrml: 0.00000 + L_Eknl: 7.90941 + L_Div: 0.00000 + L_Morse: 6.09329
Epoch: 0 [2870/10000 (29%)] Unweighted L_s : L_Mnfld: 0.00108,  L_NonMnfld: 0.03537,  L_Nrml: 0.00000,  L_Eknl: 0.15819, L_Morse: 0.85432

Weights: [7000.0, 600.0, 0, 50.0, 0.0, 7.0993], lr=5.000e-05
Epoch: 0 [2880/10000 (29%)] Loss: 43.22008 = L_Mnfld: 8.01063 + L_NonMnfld: 21.09806 + L_Nrml: 0.00000 + L_Eknl: 8.20230 + L_Div: 0.00000 + L_Morse: 5.90910
Epoch: 0 [2880/10000 (29%)] Unweighted L_s : L_Mnfld: 0.00114,  L_NonMnfld: 0.03516,  L_Nrml: 0.00000,  L_Eknl: 0.16405, L_Morse: 0.83235

Weights: [7000.0, 600.0, 0, 50.0, 0.0, 7.0663], lr=5.000e-05
Epoch: 0 [2890/10000 (29%)] Loss: 42.97286 = L_Mnfld: 8.34848 + L_NonMnfld: 20.40585 + L_Nrml: 0.00000 + L_Eknl: 8.04226 + L_Div: 0.00000 + L_Morse: 6.17627
Epoch: 0 [2890/10000 (29%)] Unweighted L_s : L_Mnfld: 0.00119,  L_NonMnfld: 0.03401,  L_Nrml: 0.00000,  L_Eknl: 0.16085, L_Morse: 0.87405

Weights: [7000.0, 600.0, 0, 50.0, 0.0, 7.0333000000000006], lr=5.000e-05
Epoch: 0 [2900/10000 (29%)] Loss: 43.18504 = L_Mnfld: 8.50983 + L_NonMnfld: 20.42487 + L_Nrml: 0.00000 + L_Eknl: 7.99317 + L_Div: 0.00000 + L_Morse: 6.25716
Epoch: 0 [2900/10000 (29%)] Unweighted L_s : L_Mnfld: 0.00122,  L_NonMnfld: 0.03404,  L_Nrml: 0.00000,  L_Eknl: 0.15986, L_Morse: 0.88965

Weights: [7000.0, 600.0, 0, 50.0, 0.0, 7.0003], lr=5.000e-05
Epoch: 0 [2910/10000 (29%)] Loss: 43.27186 = L_Mnfld: 8.25200 + L_NonMnfld: 21.13247 + L_Nrml: 0.00000 + L_Eknl: 7.72030 + L_Div: 0.00000 + L_Morse: 6.16709
Epoch: 0 [2910/10000 (29%)] Unweighted L_s : L_Mnfld: 0.00118,  L_NonMnfld: 0.03522,  L_Nrml: 0.00000,  L_Eknl: 0.15441, L_Morse: 0.88098

Weights: [7000.0, 600.0, 0, 50.0, 0.0, 6.9673], lr=5.000e-05
Epoch: 0 [2920/10000 (29%)] Loss: 44.86374 = L_Mnfld: 7.62495 + L_NonMnfld: 23.12919 + L_Nrml: 0.00000 + L_Eknl: 8.00780 + L_Div: 0.00000 + L_Morse: 6.10180
Epoch: 0 [2920/10000 (29%)] Unweighted L_s : L_Mnfld: 0.00109,  L_NonMnfld: 0.03855,  L_Nrml: 0.00000,  L_Eknl: 0.16016, L_Morse: 0.87578

Weights: [7000.0, 600.0, 0, 50.0, 0.0, 6.9343], lr=5.000e-05
Epoch: 0 [2930/10000 (29%)] Loss: 42.01126 = L_Mnfld: 7.26125 + L_NonMnfld: 21.06720 + L_Nrml: 0.00000 + L_Eknl: 7.73733 + L_Div: 0.00000 + L_Morse: 5.94547
Epoch: 0 [2930/10000 (29%)] Unweighted L_s : L_Mnfld: 0.00104,  L_NonMnfld: 0.03511,  L_Nrml: 0.00000,  L_Eknl: 0.15475, L_Morse: 0.85740

Weights: [7000.0, 600.0, 0, 50.0, 0.0, 6.901300000000001], lr=5.000e-05
Epoch: 0 [2940/10000 (29%)] Loss: 42.49203 = L_Mnfld: 7.53599 + L_NonMnfld: 21.36140 + L_Nrml: 0.00000 + L_Eknl: 7.70879 + L_Div: 0.00000 + L_Morse: 5.88585
Epoch: 0 [2940/10000 (29%)] Unweighted L_s : L_Mnfld: 0.00108,  L_NonMnfld: 0.03560,  L_Nrml: 0.00000,  L_Eknl: 0.15418, L_Morse: 0.85286

Weights: [7000.0, 600.0, 0, 50.0, 0.0, 6.8683000000000005], lr=5.000e-05
Epoch: 0 [2950/10000 (30%)] Loss: 43.21888 = L_Mnfld: 7.33341 + L_NonMnfld: 22.60379 + L_Nrml: 0.00000 + L_Eknl: 7.54395 + L_Div: 0.00000 + L_Morse: 5.73772
Epoch: 0 [2950/10000 (30%)] Unweighted L_s : L_Mnfld: 0.00105,  L_NonMnfld: 0.03767,  L_Nrml: 0.00000,  L_Eknl: 0.15088, L_Morse: 0.83539

Weights: [7000.0, 600.0, 0, 50.0, 0.0, 6.8353], lr=5.000e-05
Epoch: 0 [2960/10000 (30%)] Loss: 41.54470 = L_Mnfld: 7.96409 + L_NonMnfld: 20.01188 + L_Nrml: 0.00000 + L_Eknl: 7.65818 + L_Div: 0.00000 + L_Morse: 5.91055
Epoch: 0 [2960/10000 (30%)] Unweighted L_s : L_Mnfld: 0.00114,  L_NonMnfld: 0.03335,  L_Nrml: 0.00000,  L_Eknl: 0.15316, L_Morse: 0.86471

Weights: [7000.0, 600.0, 0, 50.0, 0.0, 6.802300000000001], lr=5.000e-05
Epoch: 0 [2970/10000 (30%)] Loss: 42.01835 = L_Mnfld: 7.23275 + L_NonMnfld: 21.44136 + L_Nrml: 0.00000 + L_Eknl: 7.59401 + L_Div: 0.00000 + L_Morse: 5.75023
Epoch: 0 [2970/10000 (30%)] Unweighted L_s : L_Mnfld: 0.00103,  L_NonMnfld: 0.03574,  L_Nrml: 0.00000,  L_Eknl: 0.15188, L_Morse: 0.84534

Weights: [7000.0, 600.0, 0, 50.0, 0.0, 6.7693], lr=5.000e-05
Epoch: 0 [2980/10000 (30%)] Loss: 42.12659 = L_Mnfld: 7.57844 + L_NonMnfld: 21.16082 + L_Nrml: 0.00000 + L_Eknl: 7.55889 + L_Div: 0.00000 + L_Morse: 5.82845
Epoch: 0 [2980/10000 (30%)] Unweighted L_s : L_Mnfld: 0.00108,  L_NonMnfld: 0.03527,  L_Nrml: 0.00000,  L_Eknl: 0.15118, L_Morse: 0.86101

Weights: [7000.0, 600.0, 0, 50.0, 0.0, 6.7363], lr=5.000e-05
Epoch: 0 [2990/10000 (30%)] Loss: 42.70113 = L_Mnfld: 6.75748 + L_NonMnfld: 22.60165 + L_Nrml: 0.00000 + L_Eknl: 7.59078 + L_Div: 0.00000 + L_Morse: 5.75122
Epoch: 0 [2990/10000 (30%)] Unweighted L_s : L_Mnfld: 0.00097,  L_NonMnfld: 0.03767,  L_Nrml: 0.00000,  L_Eknl: 0.15182, L_Morse: 0.85377

Weights: [7000.0, 600.0, 0, 50.0, 0.0, 6.7033000000000005], lr=5.000e-05
Epoch: 0 [3000/10000 (30%)] Loss: 43.01272 = L_Mnfld: 7.45281 + L_NonMnfld: 22.04974 + L_Nrml: 0.00000 + L_Eknl: 7.55647 + L_Div: 0.00000 + L_Morse: 5.95370
Epoch: 0 [3000/10000 (30%)] Unweighted L_s : L_Mnfld: 0.00106,  L_NonMnfld: 0.03675,  L_Nrml: 0.00000,  L_Eknl: 0.15113, L_Morse: 0.88817

Weights: [7000.0, 600.0, 0, 50.0, 0.0, 6.6703], lr=5.000e-05
Epoch: 0 [3010/10000 (30%)] Loss: 41.16278 = L_Mnfld: 6.91566 + L_NonMnfld: 20.93359 + L_Nrml: 0.00000 + L_Eknl: 7.50151 + L_Div: 0.00000 + L_Morse: 5.81202
Epoch: 0 [3010/10000 (30%)] Unweighted L_s : L_Mnfld: 0.00099,  L_NonMnfld: 0.03489,  L_Nrml: 0.00000,  L_Eknl: 0.15003, L_Morse: 0.87133

Weights: [7000.0, 600.0, 0, 50.0, 0.0, 6.6373], lr=5.000e-05
Epoch: 0 [3020/10000 (30%)] Loss: 41.35318 = L_Mnfld: 7.54170 + L_NonMnfld: 20.31982 + L_Nrml: 0.00000 + L_Eknl: 7.74730 + L_Div: 0.00000 + L_Morse: 5.74437
Epoch: 0 [3020/10000 (30%)] Unweighted L_s : L_Mnfld: 0.00108,  L_NonMnfld: 0.03387,  L_Nrml: 0.00000,  L_Eknl: 0.15495, L_Morse: 0.86547

Weights: [7000.0, 600.0, 0, 50.0, 0.0, 6.6043], lr=5.000e-05
Epoch: 0 [3030/10000 (30%)] Loss: 42.79329 = L_Mnfld: 7.06472 + L_NonMnfld: 22.39945 + L_Nrml: 0.00000 + L_Eknl: 7.49601 + L_Div: 0.00000 + L_Morse: 5.83311
Epoch: 0 [3030/10000 (30%)] Unweighted L_s : L_Mnfld: 0.00101,  L_NonMnfld: 0.03733,  L_Nrml: 0.00000,  L_Eknl: 0.14992, L_Morse: 0.88323

Weights: [7000.0, 600.0, 0, 50.0, 0.0, 6.5713], lr=5.000e-05
Epoch: 0 [3040/10000 (30%)] Loss: 40.99795 = L_Mnfld: 7.54340 + L_NonMnfld: 20.12422 + L_Nrml: 0.00000 + L_Eknl: 7.52127 + L_Div: 0.00000 + L_Morse: 5.80906
Epoch: 0 [3040/10000 (30%)] Unweighted L_s : L_Mnfld: 0.00108,  L_NonMnfld: 0.03354,  L_Nrml: 0.00000,  L_Eknl: 0.15043, L_Morse: 0.88400

Weights: [7000.0, 600.0, 0, 50.0, 0.0, 6.5383], lr=5.000e-05
Epoch: 0 [3050/10000 (30%)] Loss: 39.90376 = L_Mnfld: 7.29025 + L_NonMnfld: 19.43458 + L_Nrml: 0.00000 + L_Eknl: 7.47157 + L_Div: 0.00000 + L_Morse: 5.70736
Epoch: 0 [3050/10000 (30%)] Unweighted L_s : L_Mnfld: 0.00104,  L_NonMnfld: 0.03239,  L_Nrml: 0.00000,  L_Eknl: 0.14943, L_Morse: 0.87291

Weights: [7000.0, 600.0, 0, 50.0, 0.0, 6.5053], lr=5.000e-05
Epoch: 0 [3060/10000 (31%)] Loss: 41.91654 = L_Mnfld: 8.20167 + L_NonMnfld: 19.99112 + L_Nrml: 0.00000 + L_Eknl: 7.80961 + L_Div: 0.00000 + L_Morse: 5.91415
Epoch: 0 [3060/10000 (31%)] Unweighted L_s : L_Mnfld: 0.00117,  L_NonMnfld: 0.03332,  L_Nrml: 0.00000,  L_Eknl: 0.15619, L_Morse: 0.90913

Weights: [7000.0, 600.0, 0, 50.0, 0.0, 6.4723], lr=5.000e-05
Epoch: 0 [3070/10000 (31%)] Loss: 40.99598 = L_Mnfld: 7.36882 + L_NonMnfld: 20.68503 + L_Nrml: 0.00000 + L_Eknl: 7.36877 + L_Div: 0.00000 + L_Morse: 5.57336
Epoch: 0 [3070/10000 (31%)] Unweighted L_s : L_Mnfld: 0.00105,  L_NonMnfld: 0.03448,  L_Nrml: 0.00000,  L_Eknl: 0.14738, L_Morse: 0.86111

Weights: [7000.0, 600.0, 0, 50.0, 0.0, 6.439299999999999], lr=5.000e-05
Epoch: 0 [3080/10000 (31%)] Loss: 41.75552 = L_Mnfld: 7.73875 + L_NonMnfld: 20.66428 + L_Nrml: 0.00000 + L_Eknl: 7.54941 + L_Div: 0.00000 + L_Morse: 5.80308
Epoch: 0 [3080/10000 (31%)] Unweighted L_s : L_Mnfld: 0.00111,  L_NonMnfld: 0.03444,  L_Nrml: 0.00000,  L_Eknl: 0.15099, L_Morse: 0.90120

Weights: [7000.0, 600.0, 0, 50.0, 0.0, 6.4063], lr=5.000e-05
Epoch: 0 [3090/10000 (31%)] Loss: 42.14096 = L_Mnfld: 7.60174 + L_NonMnfld: 21.63668 + L_Nrml: 0.00000 + L_Eknl: 7.40461 + L_Div: 0.00000 + L_Morse: 5.49795
Epoch: 0 [3090/10000 (31%)] Unweighted L_s : L_Mnfld: 0.00109,  L_NonMnfld: 0.03606,  L_Nrml: 0.00000,  L_Eknl: 0.14809, L_Morse: 0.85821

Weights: [7000.0, 600.0, 0, 50.0, 0.0, 6.3733], lr=5.000e-05
Epoch: 0 [3100/10000 (31%)] Loss: 41.93060 = L_Mnfld: 7.69430 + L_NonMnfld: 21.19079 + L_Nrml: 0.00000 + L_Eknl: 7.48032 + L_Div: 0.00000 + L_Morse: 5.56519
Epoch: 0 [3100/10000 (31%)] Unweighted L_s : L_Mnfld: 0.00110,  L_NonMnfld: 0.03532,  L_Nrml: 0.00000,  L_Eknl: 0.14961, L_Morse: 0.87320

Weights: [7000.0, 600.0, 0, 50.0, 0.0, 6.3403], lr=5.000e-05
Epoch: 0 [3110/10000 (31%)] Loss: 39.74915 = L_Mnfld: 7.22622 + L_NonMnfld: 19.67699 + L_Nrml: 0.00000 + L_Eknl: 7.41906 + L_Div: 0.00000 + L_Morse: 5.42687
Epoch: 0 [3110/10000 (31%)] Unweighted L_s : L_Mnfld: 0.00103,  L_NonMnfld: 0.03279,  L_Nrml: 0.00000,  L_Eknl: 0.14838, L_Morse: 0.85593

Weights: [7000.0, 600.0, 0, 50.0, 0.0, 6.3073], lr=5.000e-05
Epoch: 0 [3120/10000 (31%)] Loss: 42.91430 = L_Mnfld: 8.08378 + L_NonMnfld: 21.82418 + L_Nrml: 0.00000 + L_Eknl: 7.45827 + L_Div: 0.00000 + L_Morse: 5.54806
Epoch: 0 [3120/10000 (31%)] Unweighted L_s : L_Mnfld: 0.00115,  L_NonMnfld: 0.03637,  L_Nrml: 0.00000,  L_Eknl: 0.14917, L_Morse: 0.87963

Weights: [7000.0, 600.0, 0, 50.0, 0.0, 6.2743], lr=5.000e-05
Epoch: 0 [3130/10000 (31%)] Loss: 40.84802 = L_Mnfld: 7.17946 + L_NonMnfld: 20.85410 + L_Nrml: 0.00000 + L_Eknl: 7.41438 + L_Div: 0.00000 + L_Morse: 5.40009
Epoch: 0 [3130/10000 (31%)] Unweighted L_s : L_Mnfld: 0.00103,  L_NonMnfld: 0.03476,  L_Nrml: 0.00000,  L_Eknl: 0.14829, L_Morse: 0.86067

Weights: [7000.0, 600.0, 0, 50.0, 0.0, 6.2413], lr=5.000e-05
Epoch: 0 [3140/10000 (31%)] Loss: 39.40594 = L_Mnfld: 7.29760 + L_NonMnfld: 19.28657 + L_Nrml: 0.00000 + L_Eknl: 7.33924 + L_Div: 0.00000 + L_Morse: 5.48253
Epoch: 0 [3140/10000 (31%)] Unweighted L_s : L_Mnfld: 0.00104,  L_NonMnfld: 0.03214,  L_Nrml: 0.00000,  L_Eknl: 0.14678, L_Morse: 0.87843

Weights: [7000.0, 600.0, 0, 50.0, 0.0, 6.2082999999999995], lr=5.000e-05
Epoch: 0 [3150/10000 (32%)] Loss: 40.91233 = L_Mnfld: 7.14765 + L_NonMnfld: 20.87681 + L_Nrml: 0.00000 + L_Eknl: 7.33665 + L_Div: 0.00000 + L_Morse: 5.55121
Epoch: 0 [3150/10000 (32%)] Unweighted L_s : L_Mnfld: 0.00102,  L_NonMnfld: 0.03479,  L_Nrml: 0.00000,  L_Eknl: 0.14673, L_Morse: 0.89416

Weights: [7000.0, 600.0, 0, 50.0, 0.0, 6.1753], lr=5.000e-05
Epoch: 0 [3160/10000 (32%)] Loss: 41.55086 = L_Mnfld: 7.62024 + L_NonMnfld: 20.97264 + L_Nrml: 0.00000 + L_Eknl: 7.36510 + L_Div: 0.00000 + L_Morse: 5.59288
Epoch: 0 [3160/10000 (32%)] Unweighted L_s : L_Mnfld: 0.00109,  L_NonMnfld: 0.03495,  L_Nrml: 0.00000,  L_Eknl: 0.14730, L_Morse: 0.90569

Weights: [7000.0, 600.0, 0, 50.0, 0.0, 6.1423], lr=5.000e-05
Epoch: 0 [3170/10000 (32%)] Loss: 40.85393 = L_Mnfld: 7.09733 + L_NonMnfld: 20.91997 + L_Nrml: 0.00000 + L_Eknl: 7.30531 + L_Div: 0.00000 + L_Morse: 5.53132
Epoch: 0 [3170/10000 (32%)] Unweighted L_s : L_Mnfld: 0.00101,  L_NonMnfld: 0.03487,  L_Nrml: 0.00000,  L_Eknl: 0.14611, L_Morse: 0.90053

Weights: [7000.0, 600.0, 0, 50.0, 0.0, 6.109299999999999], lr=5.000e-05
Epoch: 0 [3180/10000 (32%)] Loss: 41.98567 = L_Mnfld: 7.54853 + L_NonMnfld: 21.55266 + L_Nrml: 0.00000 + L_Eknl: 7.35637 + L_Div: 0.00000 + L_Morse: 5.52812
Epoch: 0 [3180/10000 (32%)] Unweighted L_s : L_Mnfld: 0.00108,  L_NonMnfld: 0.03592,  L_Nrml: 0.00000,  L_Eknl: 0.14713, L_Morse: 0.90487

Weights: [7000.0, 600.0, 0, 50.0, 0.0, 6.0763], lr=5.000e-05
Epoch: 0 [3190/10000 (32%)] Loss: 43.50618 = L_Mnfld: 7.73666 + L_NonMnfld: 22.58534 + L_Nrml: 0.00000 + L_Eknl: 7.46638 + L_Div: 0.00000 + L_Morse: 5.71780
Epoch: 0 [3190/10000 (32%)] Unweighted L_s : L_Mnfld: 0.00111,  L_NonMnfld: 0.03764,  L_Nrml: 0.00000,  L_Eknl: 0.14933, L_Morse: 0.94100

Weights: [7000.0, 600.0, 0, 50.0, 0.0, 6.0432999999999995], lr=5.000e-05
Epoch: 0 [3200/10000 (32%)] Loss: 41.92791 = L_Mnfld: 8.35901 + L_NonMnfld: 20.40855 + L_Nrml: 0.00000 + L_Eknl: 7.53474 + L_Div: 0.00000 + L_Morse: 5.62562
Epoch: 0 [3200/10000 (32%)] Unweighted L_s : L_Mnfld: 0.00119,  L_NonMnfld: 0.03401,  L_Nrml: 0.00000,  L_Eknl: 0.15069, L_Morse: 0.93089

Weights: [7000.0, 600.0, 0, 50.0, 0.0, 6.010299999999999], lr=5.000e-05
Epoch: 0 [3210/10000 (32%)] Loss: 42.33640 = L_Mnfld: 7.75899 + L_NonMnfld: 21.71055 + L_Nrml: 0.00000 + L_Eknl: 7.44253 + L_Div: 0.00000 + L_Morse: 5.42433
Epoch: 0 [3210/10000 (32%)] Unweighted L_s : L_Mnfld: 0.00111,  L_NonMnfld: 0.03618,  L_Nrml: 0.00000,  L_Eknl: 0.14885, L_Morse: 0.90251

Weights: [7000.0, 600.0, 0, 50.0, 0.0, 5.9773], lr=5.000e-05
Epoch: 0 [3220/10000 (32%)] Loss: 41.50112 = L_Mnfld: 7.73082 + L_NonMnfld: 20.72910 + L_Nrml: 0.00000 + L_Eknl: 7.51593 + L_Div: 0.00000 + L_Morse: 5.52527
Epoch: 0 [3220/10000 (32%)] Unweighted L_s : L_Mnfld: 0.00110,  L_NonMnfld: 0.03455,  L_Nrml: 0.00000,  L_Eknl: 0.15032, L_Morse: 0.92438

Weights: [7000.0, 600.0, 0, 50.0, 0.0, 5.944299999999999], lr=5.000e-05
Epoch: 0 [3230/10000 (32%)] Loss: 40.17355 = L_Mnfld: 7.31922 + L_NonMnfld: 19.89921 + L_Nrml: 0.00000 + L_Eknl: 7.38387 + L_Div: 0.00000 + L_Morse: 5.57126
Epoch: 0 [3230/10000 (32%)] Unweighted L_s : L_Mnfld: 0.00105,  L_NonMnfld: 0.03317,  L_Nrml: 0.00000,  L_Eknl: 0.14768, L_Morse: 0.93724

Weights: [7000.0, 600.0, 0, 50.0, 0.0, 5.911299999999999], lr=5.000e-05
Epoch: 0 [3240/10000 (32%)] Loss: 42.16803 = L_Mnfld: 7.46930 + L_NonMnfld: 21.74786 + L_Nrml: 0.00000 + L_Eknl: 7.43366 + L_Div: 0.00000 + L_Morse: 5.51721
Epoch: 0 [3240/10000 (32%)] Unweighted L_s : L_Mnfld: 0.00107,  L_NonMnfld: 0.03625,  L_Nrml: 0.00000,  L_Eknl: 0.14867, L_Morse: 0.93333

Weights: [7000.0, 600.0, 0, 50.0, 0.0, 5.878299999999999], lr=5.000e-05
Epoch: 0 [3250/10000 (32%)] Loss: 40.15807 = L_Mnfld: 6.91245 + L_NonMnfld: 20.47795 + L_Nrml: 0.00000 + L_Eknl: 7.22012 + L_Div: 0.00000 + L_Morse: 5.54755
Epoch: 0 [3250/10000 (32%)] Unweighted L_s : L_Mnfld: 0.00099,  L_NonMnfld: 0.03413,  L_Nrml: 0.00000,  L_Eknl: 0.14440, L_Morse: 0.94373

Weights: [7000.0, 600.0, 0, 50.0, 0.0, 5.845299999999999], lr=5.000e-05
Epoch: 0 [3260/10000 (33%)] Loss: 39.85805 = L_Mnfld: 7.64318 + L_NonMnfld: 19.23603 + L_Nrml: 0.00000 + L_Eknl: 7.36401 + L_Div: 0.00000 + L_Morse: 5.61483
Epoch: 0 [3260/10000 (33%)] Unweighted L_s : L_Mnfld: 0.00109,  L_NonMnfld: 0.03206,  L_Nrml: 0.00000,  L_Eknl: 0.14728, L_Morse: 0.96057

Weights: [7000.0, 600.0, 0, 50.0, 0.0, 5.812299999999999], lr=5.000e-05
Epoch: 0 [3270/10000 (33%)] Loss: 40.09269 = L_Mnfld: 7.14161 + L_NonMnfld: 20.11620 + L_Nrml: 0.00000 + L_Eknl: 7.37899 + L_Div: 0.00000 + L_Morse: 5.45589
Epoch: 0 [3270/10000 (33%)] Unweighted L_s : L_Mnfld: 0.00102,  L_NonMnfld: 0.03353,  L_Nrml: 0.00000,  L_Eknl: 0.14758, L_Morse: 0.93868

Weights: [7000.0, 600.0, 0, 50.0, 0.0, 5.779299999999999], lr=5.000e-05
Epoch: 0 [3280/10000 (33%)] Loss: 40.75808 = L_Mnfld: 7.61656 + L_NonMnfld: 20.45559 + L_Nrml: 0.00000 + L_Eknl: 7.35570 + L_Div: 0.00000 + L_Morse: 5.33023
Epoch: 0 [3280/10000 (33%)] Unweighted L_s : L_Mnfld: 0.00109,  L_NonMnfld: 0.03409,  L_Nrml: 0.00000,  L_Eknl: 0.14711, L_Morse: 0.92230

Weights: [7000.0, 600.0, 0, 50.0, 0.0, 5.746299999999999], lr=5.000e-05
Epoch: 0 [3290/10000 (33%)] Loss: 40.15318 = L_Mnfld: 7.25620 + L_NonMnfld: 20.35646 + L_Nrml: 0.00000 + L_Eknl: 7.22147 + L_Div: 0.00000 + L_Morse: 5.31905
Epoch: 0 [3290/10000 (33%)] Unweighted L_s : L_Mnfld: 0.00104,  L_NonMnfld: 0.03393,  L_Nrml: 0.00000,  L_Eknl: 0.14443, L_Morse: 0.92565

Weights: [7000.0, 600.0, 0, 50.0, 0.0, 5.713299999999999], lr=5.000e-05
Epoch: 0 [3300/10000 (33%)] Loss: 40.65396 = L_Mnfld: 7.21079 + L_NonMnfld: 20.96473 + L_Nrml: 0.00000 + L_Eknl: 7.14528 + L_Div: 0.00000 + L_Morse: 5.33315
Epoch: 0 [3300/10000 (33%)] Unweighted L_s : L_Mnfld: 0.00103,  L_NonMnfld: 0.03494,  L_Nrml: 0.00000,  L_Eknl: 0.14291, L_Morse: 0.93346

Weights: [7000.0, 600.0, 0, 50.0, 0.0, 5.680299999999999], lr=5.000e-05
Epoch: 0 [3310/10000 (33%)] Loss: 41.25770 = L_Mnfld: 7.11138 + L_NonMnfld: 21.76826 + L_Nrml: 0.00000 + L_Eknl: 6.98566 + L_Div: 0.00000 + L_Morse: 5.39241
Epoch: 0 [3310/10000 (33%)] Unweighted L_s : L_Mnfld: 0.00102,  L_NonMnfld: 0.03628,  L_Nrml: 0.00000,  L_Eknl: 0.13971, L_Morse: 0.94932

Weights: [7000.0, 600.0, 0, 50.0, 0.0, 5.6473], lr=5.000e-05
Epoch: 0 [3320/10000 (33%)] Loss: 40.01550 = L_Mnfld: 7.28627 + L_NonMnfld: 20.48229 + L_Nrml: 0.00000 + L_Eknl: 7.25303 + L_Div: 0.00000 + L_Morse: 4.99392
Epoch: 0 [3320/10000 (33%)] Unweighted L_s : L_Mnfld: 0.00104,  L_NonMnfld: 0.03414,  L_Nrml: 0.00000,  L_Eknl: 0.14506, L_Morse: 0.88430

Weights: [7000.0, 600.0, 0, 50.0, 0.0, 5.614300000000001], lr=5.000e-05
Epoch: 0 [3330/10000 (33%)] Loss: 40.34078 = L_Mnfld: 6.90781 + L_NonMnfld: 20.73815 + L_Nrml: 0.00000 + L_Eknl: 7.21569 + L_Div: 0.00000 + L_Morse: 5.47914
Epoch: 0 [3330/10000 (33%)] Unweighted L_s : L_Mnfld: 0.00099,  L_NonMnfld: 0.03456,  L_Nrml: 0.00000,  L_Eknl: 0.14431, L_Morse: 0.97593

Weights: [7000.0, 600.0, 0, 50.0, 0.0, 5.581300000000001], lr=5.000e-05
Epoch: 0 [3340/10000 (33%)] Loss: 41.97426 = L_Mnfld: 7.52516 + L_NonMnfld: 21.93193 + L_Nrml: 0.00000 + L_Eknl: 7.35074 + L_Div: 0.00000 + L_Morse: 5.16643
Epoch: 0 [3340/10000 (33%)] Unweighted L_s : L_Mnfld: 0.00108,  L_NonMnfld: 0.03655,  L_Nrml: 0.00000,  L_Eknl: 0.14701, L_Morse: 0.92567

Weights: [7000.0, 600.0, 0, 50.0, 0.0, 5.5483], lr=5.000e-05
Epoch: 0 [3350/10000 (34%)] Loss: 40.72599 = L_Mnfld: 7.53470 + L_NonMnfld: 20.93690 + L_Nrml: 0.00000 + L_Eknl: 7.06470 + L_Div: 0.00000 + L_Morse: 5.18969
Epoch: 0 [3350/10000 (34%)] Unweighted L_s : L_Mnfld: 0.00108,  L_NonMnfld: 0.03489,  L_Nrml: 0.00000,  L_Eknl: 0.14129, L_Morse: 0.93537

Weights: [7000.0, 600.0, 0, 50.0, 0.0, 5.515300000000001], lr=5.000e-05
Epoch: 0 [3360/10000 (34%)] Loss: 39.52192 = L_Mnfld: 7.37776 + L_NonMnfld: 19.74463 + L_Nrml: 0.00000 + L_Eknl: 7.18972 + L_Div: 0.00000 + L_Morse: 5.20981
Epoch: 0 [3360/10000 (34%)] Unweighted L_s : L_Mnfld: 0.00105,  L_NonMnfld: 0.03291,  L_Nrml: 0.00000,  L_Eknl: 0.14379, L_Morse: 0.94461

Weights: [7000.0, 600.0, 0, 50.0, 0.0, 5.4823], lr=5.000e-05
Epoch: 0 [3370/10000 (34%)] Loss: 40.99435 = L_Mnfld: 6.95981 + L_NonMnfld: 21.43401 + L_Nrml: 0.00000 + L_Eknl: 7.22562 + L_Div: 0.00000 + L_Morse: 5.37491
Epoch: 0 [3370/10000 (34%)] Unweighted L_s : L_Mnfld: 0.00099,  L_NonMnfld: 0.03572,  L_Nrml: 0.00000,  L_Eknl: 0.14451, L_Morse: 0.98041

Weights: [7000.0, 600.0, 0, 50.0, 0.0, 5.4493], lr=5.000e-05
Epoch: 0 [3380/10000 (34%)] Loss: 40.45324 = L_Mnfld: 7.46826 + L_NonMnfld: 20.84118 + L_Nrml: 0.00000 + L_Eknl: 7.10708 + L_Div: 0.00000 + L_Morse: 5.03672
Epoch: 0 [3380/10000 (34%)] Unweighted L_s : L_Mnfld: 0.00107,  L_NonMnfld: 0.03474,  L_Nrml: 0.00000,  L_Eknl: 0.14214, L_Morse: 0.92429

Weights: [7000.0, 600.0, 0, 50.0, 0.0, 5.416300000000001], lr=5.000e-05
Epoch: 0 [3390/10000 (34%)] Loss: 37.83274 = L_Mnfld: 7.04265 + L_NonMnfld: 18.63955 + L_Nrml: 0.00000 + L_Eknl: 6.97713 + L_Div: 0.00000 + L_Morse: 5.17342
Epoch: 0 [3390/10000 (34%)] Unweighted L_s : L_Mnfld: 0.00101,  L_NonMnfld: 0.03107,  L_Nrml: 0.00000,  L_Eknl: 0.13954, L_Morse: 0.95516

Weights: [7000.0, 600.0, 0, 50.0, 0.0, 5.383300000000001], lr=5.000e-05
Epoch: 0 [3400/10000 (34%)] Loss: 40.00962 = L_Mnfld: 7.95936 + L_NonMnfld: 19.79797 + L_Nrml: 0.00000 + L_Eknl: 7.21937 + L_Div: 0.00000 + L_Morse: 5.03292
Epoch: 0 [3400/10000 (34%)] Unweighted L_s : L_Mnfld: 0.00114,  L_NonMnfld: 0.03300,  L_Nrml: 0.00000,  L_Eknl: 0.14439, L_Morse: 0.93491

Weights: [7000.0, 600.0, 0, 50.0, 0.0, 5.350300000000001], lr=5.000e-05
Epoch: 0 [3410/10000 (34%)] Loss: 40.30018 = L_Mnfld: 7.30682 + L_NonMnfld: 20.85169 + L_Nrml: 0.00000 + L_Eknl: 6.97606 + L_Div: 0.00000 + L_Morse: 5.16562
Epoch: 0 [3410/10000 (34%)] Unweighted L_s : L_Mnfld: 0.00104,  L_NonMnfld: 0.03475,  L_Nrml: 0.00000,  L_Eknl: 0.13952, L_Morse: 0.96548

Weights: [7000.0, 600.0, 0, 50.0, 0.0, 5.317300000000001], lr=5.000e-05
Epoch: 0 [3420/10000 (34%)] Loss: 41.04147 = L_Mnfld: 7.41644 + L_NonMnfld: 21.29942 + L_Nrml: 0.00000 + L_Eknl: 7.20722 + L_Div: 0.00000 + L_Morse: 5.11839
Epoch: 0 [3420/10000 (34%)] Unweighted L_s : L_Mnfld: 0.00106,  L_NonMnfld: 0.03550,  L_Nrml: 0.00000,  L_Eknl: 0.14414, L_Morse: 0.96259

Weights: [7000.0, 600.0, 0, 50.0, 0.0, 5.284300000000001], lr=5.000e-05
Epoch: 0 [3430/10000 (34%)] Loss: 39.35350 = L_Mnfld: 7.53206 + L_NonMnfld: 19.76435 + L_Nrml: 0.00000 + L_Eknl: 7.10760 + L_Div: 0.00000 + L_Morse: 4.94951
Epoch: 0 [3430/10000 (34%)] Unweighted L_s : L_Mnfld: 0.00108,  L_NonMnfld: 0.03294,  L_Nrml: 0.00000,  L_Eknl: 0.14215, L_Morse: 0.93664

Weights: [7000.0, 600.0, 0, 50.0, 0.0, 5.2513000000000005], lr=5.000e-05
Epoch: 0 [3440/10000 (34%)] Loss: 39.32095 = L_Mnfld: 7.53065 + L_NonMnfld: 19.70264 + L_Nrml: 0.00000 + L_Eknl: 7.01559 + L_Div: 0.00000 + L_Morse: 5.07207
Epoch: 0 [3440/10000 (34%)] Unweighted L_s : L_Mnfld: 0.00108,  L_NonMnfld: 0.03284,  L_Nrml: 0.00000,  L_Eknl: 0.14031, L_Morse: 0.96587

Weights: [7000.0, 600.0, 0, 50.0, 0.0, 5.218300000000001], lr=5.000e-05
Epoch: 0 [3450/10000 (34%)] Loss: 40.67122 = L_Mnfld: 7.08181 + L_NonMnfld: 21.75235 + L_Nrml: 0.00000 + L_Eknl: 7.00146 + L_Div: 0.00000 + L_Morse: 4.83560
Epoch: 0 [3450/10000 (34%)] Unweighted L_s : L_Mnfld: 0.00101,  L_NonMnfld: 0.03625,  L_Nrml: 0.00000,  L_Eknl: 0.14003, L_Morse: 0.92666

Weights: [7000.0, 600.0, 0, 50.0, 0.0, 5.185300000000001], lr=5.000e-05
Epoch: 0 [3460/10000 (35%)] Loss: 40.51429 = L_Mnfld: 7.30669 + L_NonMnfld: 20.98191 + L_Nrml: 0.00000 + L_Eknl: 7.00865 + L_Div: 0.00000 + L_Morse: 5.21703
Epoch: 0 [3460/10000 (35%)] Unweighted L_s : L_Mnfld: 0.00104,  L_NonMnfld: 0.03497,  L_Nrml: 0.00000,  L_Eknl: 0.14017, L_Morse: 1.00612

Weights: [7000.0, 600.0, 0, 50.0, 0.0, 5.1523], lr=5.000e-05
Epoch: 0 [3470/10000 (35%)] Loss: 40.32711 = L_Mnfld: 7.14431 + L_NonMnfld: 21.23991 + L_Nrml: 0.00000 + L_Eknl: 6.85413 + L_Div: 0.00000 + L_Morse: 5.08877
Epoch: 0 [3470/10000 (35%)] Unweighted L_s : L_Mnfld: 0.00102,  L_NonMnfld: 0.03540,  L_Nrml: 0.00000,  L_Eknl: 0.13708, L_Morse: 0.98767

Weights: [7000.0, 600.0, 0, 50.0, 0.0, 5.119300000000001], lr=5.000e-05
Epoch: 0 [3480/10000 (35%)] Loss: 40.62843 = L_Mnfld: 7.44671 + L_NonMnfld: 21.06239 + L_Nrml: 0.00000 + L_Eknl: 7.14377 + L_Div: 0.00000 + L_Morse: 4.97556
Epoch: 0 [3480/10000 (35%)] Unweighted L_s : L_Mnfld: 0.00106,  L_NonMnfld: 0.03510,  L_Nrml: 0.00000,  L_Eknl: 0.14288, L_Morse: 0.97192

Weights: [7000.0, 600.0, 0, 50.0, 0.0, 5.0863000000000005], lr=5.000e-05
Epoch: 0 [3490/10000 (35%)] Loss: 40.63205 = L_Mnfld: 7.61219 + L_NonMnfld: 21.50853 + L_Nrml: 0.00000 + L_Eknl: 6.85576 + L_Div: 0.00000 + L_Morse: 4.65556
Epoch: 0 [3490/10000 (35%)] Unweighted L_s : L_Mnfld: 0.00109,  L_NonMnfld: 0.03585,  L_Nrml: 0.00000,  L_Eknl: 0.13712, L_Morse: 0.91531

Weights: [7000.0, 600.0, 0, 50.0, 0.0, 5.0533], lr=5.000e-05
Epoch: 0 [3500/10000 (35%)] Loss: 38.36174 = L_Mnfld: 7.06080 + L_NonMnfld: 19.17654 + L_Nrml: 0.00000 + L_Eknl: 7.12089 + L_Div: 0.00000 + L_Morse: 5.00351
Epoch: 0 [3500/10000 (35%)] Unweighted L_s : L_Mnfld: 0.00101,  L_NonMnfld: 0.03196,  L_Nrml: 0.00000,  L_Eknl: 0.14242, L_Morse: 0.99015

Weights: [7000.0, 600.0, 0, 50.0, 0.0, 5.020300000000001], lr=5.000e-05
Epoch: 0 [3510/10000 (35%)] Loss: 39.22273 = L_Mnfld: 7.29144 + L_NonMnfld: 20.27795 + L_Nrml: 0.00000 + L_Eknl: 6.85183 + L_Div: 0.00000 + L_Morse: 4.80152
Epoch: 0 [3510/10000 (35%)] Unweighted L_s : L_Mnfld: 0.00104,  L_NonMnfld: 0.03380,  L_Nrml: 0.00000,  L_Eknl: 0.13704, L_Morse: 0.95642

Weights: [7000.0, 600.0, 0, 50.0, 0.0, 4.9873], lr=5.000e-05
Epoch: 0 [3520/10000 (35%)] Loss: 39.13725 = L_Mnfld: 7.11386 + L_NonMnfld: 20.20129 + L_Nrml: 0.00000 + L_Eknl: 7.05138 + L_Div: 0.00000 + L_Morse: 4.77073
Epoch: 0 [3520/10000 (35%)] Unweighted L_s : L_Mnfld: 0.00102,  L_NonMnfld: 0.03367,  L_Nrml: 0.00000,  L_Eknl: 0.14103, L_Morse: 0.95658

Weights: [7000.0, 600.0, 0, 50.0, 0.0, 4.9543], lr=5.000e-05
Epoch: 0 [3530/10000 (35%)] Loss: 38.51094 = L_Mnfld: 7.12038 + L_NonMnfld: 19.76420 + L_Nrml: 0.00000 + L_Eknl: 6.92771 + L_Div: 0.00000 + L_Morse: 4.69866
Epoch: 0 [3530/10000 (35%)] Unweighted L_s : L_Mnfld: 0.00102,  L_NonMnfld: 0.03294,  L_Nrml: 0.00000,  L_Eknl: 0.13855, L_Morse: 0.94840

Weights: [7000.0, 600.0, 0, 50.0, 0.0, 4.9213000000000005], lr=5.000e-05
Epoch: 0 [3540/10000 (35%)] Loss: 39.17486 = L_Mnfld: 7.38891 + L_NonMnfld: 20.30822 + L_Nrml: 0.00000 + L_Eknl: 6.79608 + L_Div: 0.00000 + L_Morse: 4.68165
Epoch: 0 [3540/10000 (35%)] Unweighted L_s : L_Mnfld: 0.00106,  L_NonMnfld: 0.03385,  L_Nrml: 0.00000,  L_Eknl: 0.13592, L_Morse: 0.95130

Weights: [7000.0, 600.0, 0, 50.0, 0.0, 4.8883], lr=5.000e-05
Epoch: 0 [3550/10000 (36%)] Loss: 38.91138 = L_Mnfld: 7.73464 + L_NonMnfld: 19.33562 + L_Nrml: 0.00000 + L_Eknl: 6.86159 + L_Div: 0.00000 + L_Morse: 4.97953
Epoch: 0 [3550/10000 (36%)] Unweighted L_s : L_Mnfld: 0.00110,  L_NonMnfld: 0.03223,  L_Nrml: 0.00000,  L_Eknl: 0.13723, L_Morse: 1.01866

Weights: [7000.0, 600.0, 0, 50.0, 0.0, 4.8553], lr=5.000e-05
Epoch: 0 [3560/10000 (36%)] Loss: 39.62245 = L_Mnfld: 8.30563 + L_NonMnfld: 19.69105 + L_Nrml: 0.00000 + L_Eknl: 7.02114 + L_Div: 0.00000 + L_Morse: 4.60463
Epoch: 0 [3560/10000 (36%)] Unweighted L_s : L_Mnfld: 0.00119,  L_NonMnfld: 0.03282,  L_Nrml: 0.00000,  L_Eknl: 0.14042, L_Morse: 0.94837

Weights: [7000.0, 600.0, 0, 50.0, 0.0, 4.8223], lr=5.000e-05
Epoch: 0 [3570/10000 (36%)] Loss: 41.67940 = L_Mnfld: 8.85814 + L_NonMnfld: 20.68627 + L_Nrml: 0.00000 + L_Eknl: 7.44996 + L_Div: 0.00000 + L_Morse: 4.68503
Epoch: 0 [3570/10000 (36%)] Unweighted L_s : L_Mnfld: 0.00127,  L_NonMnfld: 0.03448,  L_Nrml: 0.00000,  L_Eknl: 0.14900, L_Morse: 0.97153

Weights: [7000.0, 600.0, 0, 50.0, 0.0, 4.7893], lr=5.000e-05
Epoch: 0 [3580/10000 (36%)] Loss: 42.14261 = L_Mnfld: 9.14994 + L_NonMnfld: 21.12578 + L_Nrml: 0.00000 + L_Eknl: 6.98092 + L_Div: 0.00000 + L_Morse: 4.88597
Epoch: 0 [3580/10000 (36%)] Unweighted L_s : L_Mnfld: 0.00131,  L_NonMnfld: 0.03521,  L_Nrml: 0.00000,  L_Eknl: 0.13962, L_Morse: 1.02018

Weights: [7000.0, 600.0, 0, 50.0, 0.0, 4.7562999999999995], lr=5.000e-05
Epoch: 0 [3590/10000 (36%)] Loss: 43.47303 = L_Mnfld: 9.77027 + L_NonMnfld: 21.11844 + L_Nrml: 0.00000 + L_Eknl: 7.45239 + L_Div: 0.00000 + L_Morse: 5.13192
Epoch: 0 [3590/10000 (36%)] Unweighted L_s : L_Mnfld: 0.00140,  L_NonMnfld: 0.03520,  L_Nrml: 0.00000,  L_Eknl: 0.14905, L_Morse: 1.07897

Weights: [7000.0, 600.0, 0, 50.0, 0.0, 4.7233], lr=5.000e-05
Epoch: 0 [3600/10000 (36%)] Loss: 42.48069 = L_Mnfld: 9.56421 + L_NonMnfld: 20.54322 + L_Nrml: 0.00000 + L_Eknl: 7.45714 + L_Div: 0.00000 + L_Morse: 4.91612
Epoch: 0 [3600/10000 (36%)] Unweighted L_s : L_Mnfld: 0.00137,  L_NonMnfld: 0.03424,  L_Nrml: 0.00000,  L_Eknl: 0.14914, L_Morse: 1.04082

Weights: [7000.0, 600.0, 0, 50.0, 0.0, 4.690300000000001], lr=5.000e-05
Epoch: 0 [3610/10000 (36%)] Loss: 39.05960 = L_Mnfld: 8.77846 + L_NonMnfld: 18.22490 + L_Nrml: 0.00000 + L_Eknl: 7.14734 + L_Div: 0.00000 + L_Morse: 4.90890
Epoch: 0 [3610/10000 (36%)] Unweighted L_s : L_Mnfld: 0.00125,  L_NonMnfld: 0.03037,  L_Nrml: 0.00000,  L_Eknl: 0.14295, L_Morse: 1.04661

Weights: [7000.0, 600.0, 0, 50.0, 0.0, 4.6573], lr=5.000e-05
Epoch: 0 [3620/10000 (36%)] Loss: 40.20007 = L_Mnfld: 8.67029 + L_NonMnfld: 19.54686 + L_Nrml: 0.00000 + L_Eknl: 7.20617 + L_Div: 0.00000 + L_Morse: 4.77675
Epoch: 0 [3620/10000 (36%)] Unweighted L_s : L_Mnfld: 0.00124,  L_NonMnfld: 0.03258,  L_Nrml: 0.00000,  L_Eknl: 0.14412, L_Morse: 1.02565

Weights: [7000.0, 600.0, 0, 50.0, 0.0, 4.6243], lr=5.000e-05
Epoch: 0 [3630/10000 (36%)] Loss: 40.67043 = L_Mnfld: 8.45727 + L_NonMnfld: 20.52940 + L_Nrml: 0.00000 + L_Eknl: 6.99865 + L_Div: 0.00000 + L_Morse: 4.68511
Epoch: 0 [3630/10000 (36%)] Unweighted L_s : L_Mnfld: 0.00121,  L_NonMnfld: 0.03422,  L_Nrml: 0.00000,  L_Eknl: 0.13997, L_Morse: 1.01315

Weights: [7000.0, 600.0, 0, 50.0, 0.0, 4.5913], lr=5.000e-05
Epoch: 0 [3640/10000 (36%)] Loss: 39.96883 = L_Mnfld: 8.10967 + L_NonMnfld: 20.14357 + L_Nrml: 0.00000 + L_Eknl: 7.07796 + L_Div: 0.00000 + L_Morse: 4.63762
Epoch: 0 [3640/10000 (36%)] Unweighted L_s : L_Mnfld: 0.00116,  L_NonMnfld: 0.03357,  L_Nrml: 0.00000,  L_Eknl: 0.14156, L_Morse: 1.01009

Weights: [7000.0, 600.0, 0, 50.0, 0.0, 4.5583], lr=5.000e-05
Epoch: 0 [3650/10000 (36%)] Loss: 39.33561 = L_Mnfld: 7.61263 + L_NonMnfld: 20.20580 + L_Nrml: 0.00000 + L_Eknl: 6.77902 + L_Div: 0.00000 + L_Morse: 4.73816
Epoch: 0 [3650/10000 (36%)] Unweighted L_s : L_Mnfld: 0.00109,  L_NonMnfld: 0.03368,  L_Nrml: 0.00000,  L_Eknl: 0.13558, L_Morse: 1.03946

Weights: [7000.0, 600.0, 0, 50.0, 0.0, 4.5253], lr=5.000e-05
Epoch: 0 [3660/10000 (37%)] Loss: 38.43103 = L_Mnfld: 7.62258 + L_NonMnfld: 19.22681 + L_Nrml: 0.00000 + L_Eknl: 6.68832 + L_Div: 0.00000 + L_Morse: 4.89332
Epoch: 0 [3660/10000 (37%)] Unweighted L_s : L_Mnfld: 0.00109,  L_NonMnfld: 0.03204,  L_Nrml: 0.00000,  L_Eknl: 0.13377, L_Morse: 1.08133

Weights: [7000.0, 600.0, 0, 50.0, 0.0, 4.4923], lr=5.000e-05
Epoch: 0 [3670/10000 (37%)] Loss: 37.87033 = L_Mnfld: 6.98734 + L_NonMnfld: 19.42573 + L_Nrml: 0.00000 + L_Eknl: 6.76280 + L_Div: 0.00000 + L_Morse: 4.69445
Epoch: 0 [3670/10000 (37%)] Unweighted L_s : L_Mnfld: 0.00100,  L_NonMnfld: 0.03238,  L_Nrml: 0.00000,  L_Eknl: 0.13526, L_Morse: 1.04500

Weights: [7000.0, 600.0, 0, 50.0, 0.0, 4.4593], lr=5.000e-05
Epoch: 0 [3680/10000 (37%)] Loss: 37.96529 = L_Mnfld: 6.97969 + L_NonMnfld: 19.69359 + L_Nrml: 0.00000 + L_Eknl: 6.69615 + L_Div: 0.00000 + L_Morse: 4.59586
Epoch: 0 [3680/10000 (37%)] Unweighted L_s : L_Mnfld: 0.00100,  L_NonMnfld: 0.03282,  L_Nrml: 0.00000,  L_Eknl: 0.13392, L_Morse: 1.03062

Weights: [7000.0, 600.0, 0, 50.0, 0.0, 4.4262999999999995], lr=5.000e-05
Epoch: 0 [3690/10000 (37%)] Loss: 39.22741 = L_Mnfld: 7.90972 + L_NonMnfld: 19.93894 + L_Nrml: 0.00000 + L_Eknl: 6.79393 + L_Div: 0.00000 + L_Morse: 4.58482
Epoch: 0 [3690/10000 (37%)] Unweighted L_s : L_Mnfld: 0.00113,  L_NonMnfld: 0.03323,  L_Nrml: 0.00000,  L_Eknl: 0.13588, L_Morse: 1.03581

Weights: [7000.0, 600.0, 0, 50.0, 0.0, 4.3933], lr=5.000e-05
Epoch: 0 [3700/10000 (37%)] Loss: 39.31205 = L_Mnfld: 7.99534 + L_NonMnfld: 20.23166 + L_Nrml: 0.00000 + L_Eknl: 6.73207 + L_Div: 0.00000 + L_Morse: 4.35298
Epoch: 0 [3700/10000 (37%)] Unweighted L_s : L_Mnfld: 0.00114,  L_NonMnfld: 0.03372,  L_Nrml: 0.00000,  L_Eknl: 0.13464, L_Morse: 0.99082

Weights: [7000.0, 600.0, 0, 50.0, 0.0, 4.3603], lr=5.000e-05
Epoch: 0 [3710/10000 (37%)] Loss: 37.94204 = L_Mnfld: 7.75291 + L_NonMnfld: 19.06141 + L_Nrml: 0.00000 + L_Eknl: 6.56353 + L_Div: 0.00000 + L_Morse: 4.56420
Epoch: 0 [3710/10000 (37%)] Unweighted L_s : L_Mnfld: 0.00111,  L_NonMnfld: 0.03177,  L_Nrml: 0.00000,  L_Eknl: 0.13127, L_Morse: 1.04676

Weights: [7000.0, 600.0, 0, 50.0, 0.0, 4.327299999999999], lr=5.000e-05
Epoch: 0 [3720/10000 (37%)] Loss: 39.32703 = L_Mnfld: 9.41264 + L_NonMnfld: 18.44685 + L_Nrml: 0.00000 + L_Eknl: 6.99110 + L_Div: 0.00000 + L_Morse: 4.47644
Epoch: 0 [3720/10000 (37%)] Unweighted L_s : L_Mnfld: 0.00134,  L_NonMnfld: 0.03074,  L_Nrml: 0.00000,  L_Eknl: 0.13982, L_Morse: 1.03446

Weights: [7000.0, 600.0, 0, 50.0, 0.0, 4.2943], lr=5.000e-05
Epoch: 0 [3730/10000 (37%)] Loss: 39.20885 = L_Mnfld: 8.09785 + L_NonMnfld: 19.92746 + L_Nrml: 0.00000 + L_Eknl: 6.69912 + L_Div: 0.00000 + L_Morse: 4.48442
Epoch: 0 [3730/10000 (37%)] Unweighted L_s : L_Mnfld: 0.00116,  L_NonMnfld: 0.03321,  L_Nrml: 0.00000,  L_Eknl: 0.13398, L_Morse: 1.04427

Weights: [7000.0, 600.0, 0, 50.0, 0.0, 4.261299999999999], lr=5.000e-05
Epoch: 0 [3740/10000 (37%)] Loss: 40.16831 = L_Mnfld: 8.26533 + L_NonMnfld: 20.36948 + L_Nrml: 0.00000 + L_Eknl: 6.99360 + L_Div: 0.00000 + L_Morse: 4.53991
Epoch: 0 [3740/10000 (37%)] Unweighted L_s : L_Mnfld: 0.00118,  L_NonMnfld: 0.03395,  L_Nrml: 0.00000,  L_Eknl: 0.13987, L_Morse: 1.06538

Weights: [7000.0, 600.0, 0, 50.0, 0.0, 4.228299999999999], lr=5.000e-05
Epoch: 0 [3750/10000 (38%)] Loss: 40.89851 = L_Mnfld: 8.71732 + L_NonMnfld: 21.31000 + L_Nrml: 0.00000 + L_Eknl: 6.64490 + L_Div: 0.00000 + L_Morse: 4.22629
Epoch: 0 [3750/10000 (38%)] Unweighted L_s : L_Mnfld: 0.00125,  L_NonMnfld: 0.03552,  L_Nrml: 0.00000,  L_Eknl: 0.13290, L_Morse: 0.99952

Weights: [7000.0, 600.0, 0, 50.0, 0.0, 4.1953], lr=5.000e-05
Epoch: 0 [3760/10000 (38%)] Loss: 40.54781 = L_Mnfld: 8.97802 + L_NonMnfld: 20.41046 + L_Nrml: 0.00000 + L_Eknl: 6.83595 + L_Div: 0.00000 + L_Morse: 4.32340
Epoch: 0 [3760/10000 (38%)] Unweighted L_s : L_Mnfld: 0.00128,  L_NonMnfld: 0.03402,  L_Nrml: 0.00000,  L_Eknl: 0.13672, L_Morse: 1.03053

Weights: [7000.0, 600.0, 0, 50.0, 0.0, 4.162299999999999], lr=5.000e-05
Epoch: 0 [3770/10000 (38%)] Loss: 39.67725 = L_Mnfld: 8.69976 + L_NonMnfld: 19.99172 + L_Nrml: 0.00000 + L_Eknl: 6.72446 + L_Div: 0.00000 + L_Morse: 4.26131
Epoch: 0 [3770/10000 (38%)] Unweighted L_s : L_Mnfld: 0.00124,  L_NonMnfld: 0.03332,  L_Nrml: 0.00000,  L_Eknl: 0.13449, L_Morse: 1.02379

Weights: [7000.0, 600.0, 0, 50.0, 0.0, 4.129299999999999], lr=5.000e-05
Epoch: 0 [3780/10000 (38%)] Loss: 39.86753 = L_Mnfld: 8.25459 + L_NonMnfld: 20.20330 + L_Nrml: 0.00000 + L_Eknl: 7.05132 + L_Div: 0.00000 + L_Morse: 4.35833
Epoch: 0 [3780/10000 (38%)] Unweighted L_s : L_Mnfld: 0.00118,  L_NonMnfld: 0.03367,  L_Nrml: 0.00000,  L_Eknl: 0.14103, L_Morse: 1.05546

Weights: [7000.0, 600.0, 0, 50.0, 0.0, 4.096299999999999], lr=5.000e-05
Epoch: 0 [3790/10000 (38%)] Loss: 40.34494 = L_Mnfld: 9.13272 + L_NonMnfld: 19.81383 + L_Nrml: 0.00000 + L_Eknl: 6.95132 + L_Div: 0.00000 + L_Morse: 4.44707
Epoch: 0 [3790/10000 (38%)] Unweighted L_s : L_Mnfld: 0.00130,  L_NonMnfld: 0.03302,  L_Nrml: 0.00000,  L_Eknl: 0.13903, L_Morse: 1.08563

Weights: [7000.0, 600.0, 0, 50.0, 0.0, 4.063299999999999], lr=5.000e-05
Epoch: 0 [3800/10000 (38%)] Loss: 41.63595 = L_Mnfld: 10.61837 + L_NonMnfld: 19.88913 + L_Nrml: 0.00000 + L_Eknl: 6.90790 + L_Div: 0.00000 + L_Morse: 4.22054
Epoch: 0 [3800/10000 (38%)] Unweighted L_s : L_Mnfld: 0.00152,  L_NonMnfld: 0.03315,  L_Nrml: 0.00000,  L_Eknl: 0.13816, L_Morse: 1.03870

Weights: [7000.0, 600.0, 0, 50.0, 0.0, 4.030299999999999], lr=5.000e-05
Epoch: 0 [3810/10000 (38%)] Loss: 47.71909 = L_Mnfld: 17.23300 + L_NonMnfld: 18.57428 + L_Nrml: 0.00000 + L_Eknl: 7.39895 + L_Div: 0.00000 + L_Morse: 4.51286
Epoch: 0 [3810/10000 (38%)] Unweighted L_s : L_Mnfld: 0.00246,  L_NonMnfld: 0.03096,  L_Nrml: 0.00000,  L_Eknl: 0.14798, L_Morse: 1.11973

Weights: [7000.0, 600.0, 0, 50.0, 0.0, 3.9973], lr=5.000e-05
Epoch: 0 [3820/10000 (38%)] Loss: 59.16096 = L_Mnfld: 23.75814 + L_NonMnfld: 21.54092 + L_Nrml: 0.00000 + L_Eknl: 9.09731 + L_Div: 0.00000 + L_Morse: 4.76460
Epoch: 0 [3820/10000 (38%)] Unweighted L_s : L_Mnfld: 0.00339,  L_NonMnfld: 0.03590,  L_Nrml: 0.00000,  L_Eknl: 0.18195, L_Morse: 1.19196

Weights: [7000.0, 600.0, 0, 50.0, 0.0, 3.9642999999999997], lr=5.000e-05
Epoch: 0 [3830/10000 (38%)] Loss: 55.23288 = L_Mnfld: 21.46469 + L_NonMnfld: 20.01572 + L_Nrml: 0.00000 + L_Eknl: 8.53853 + L_Div: 0.00000 + L_Morse: 5.21395
Epoch: 0 [3830/10000 (38%)] Unweighted L_s : L_Mnfld: 0.00307,  L_NonMnfld: 0.03336,  L_Nrml: 0.00000,  L_Eknl: 0.17077, L_Morse: 1.31522

Weights: [7000.0, 600.0, 0, 50.0, 0.0, 3.9312999999999994], lr=5.000e-05
Epoch: 0 [3840/10000 (38%)] Loss: 54.31749 = L_Mnfld: 21.88554 + L_NonMnfld: 18.88480 + L_Nrml: 0.00000 + L_Eknl: 8.41306 + L_Div: 0.00000 + L_Morse: 5.13410
Epoch: 0 [3840/10000 (38%)] Unweighted L_s : L_Mnfld: 0.00313,  L_NonMnfld: 0.03147,  L_Nrml: 0.00000,  L_Eknl: 0.16826, L_Morse: 1.30595

Weights: [7000.0, 600.0, 0, 50.0, 0.0, 3.8983], lr=5.000e-05
Epoch: 0 [3850/10000 (38%)] Loss: 62.49543 = L_Mnfld: 22.99227 + L_NonMnfld: 23.30271 + L_Nrml: 0.00000 + L_Eknl: 10.76399 + L_Div: 0.00000 + L_Morse: 5.43646
Epoch: 0 [3850/10000 (38%)] Unweighted L_s : L_Mnfld: 0.00328,  L_NonMnfld: 0.03884,  L_Nrml: 0.00000,  L_Eknl: 0.21528, L_Morse: 1.39457

Weights: [7000.0, 600.0, 0, 50.0, 0.0, 3.8652999999999995], lr=5.000e-05
Epoch: 0 [3860/10000 (39%)] Loss: 69.25340 = L_Mnfld: 32.27399 + L_NonMnfld: 21.15518 + L_Nrml: 0.00000 + L_Eknl: 10.19894 + L_Div: 0.00000 + L_Morse: 5.62530
Epoch: 0 [3860/10000 (39%)] Unweighted L_s : L_Mnfld: 0.00461,  L_NonMnfld: 0.03526,  L_Nrml: 0.00000,  L_Eknl: 0.20398, L_Morse: 1.45533

Weights: [7000.0, 600.0, 0, 50.0, 0.0, 3.832299999999999], lr=5.000e-05
Epoch: 0 [3870/10000 (39%)] Loss: 52.13717 = L_Mnfld: 16.54255 + L_NonMnfld: 21.08728 + L_Nrml: 0.00000 + L_Eknl: 9.11412 + L_Div: 0.00000 + L_Morse: 5.39321
Epoch: 0 [3870/10000 (39%)] Unweighted L_s : L_Mnfld: 0.00236,  L_NonMnfld: 0.03515,  L_Nrml: 0.00000,  L_Eknl: 0.18228, L_Morse: 1.40730

Weights: [7000.0, 600.0, 0, 50.0, 0.0, 3.7992999999999997], lr=5.000e-05
Epoch: 0 [3880/10000 (39%)] Loss: 58.90892 = L_Mnfld: 23.38686 + L_NonMnfld: 21.67835 + L_Nrml: 0.00000 + L_Eknl: 8.49533 + L_Div: 0.00000 + L_Morse: 5.34838
Epoch: 0 [3880/10000 (39%)] Unweighted L_s : L_Mnfld: 0.00334,  L_NonMnfld: 0.03613,  L_Nrml: 0.00000,  L_Eknl: 0.16991, L_Morse: 1.40773

Weights: [7000.0, 600.0, 0, 50.0, 0.0, 3.7662999999999993], lr=5.000e-05
Epoch: 0 [3890/10000 (39%)] Loss: 62.37200 = L_Mnfld: 25.74572 + L_NonMnfld: 21.38233 + L_Nrml: 0.00000 + L_Eknl: 9.60005 + L_Div: 0.00000 + L_Morse: 5.64391
Epoch: 0 [3890/10000 (39%)] Unweighted L_s : L_Mnfld: 0.00368,  L_NonMnfld: 0.03564,  L_Nrml: 0.00000,  L_Eknl: 0.19200, L_Morse: 1.49853

Weights: [7000.0, 600.0, 0, 50.0, 0.0, 3.733299999999999], lr=5.000e-05
Epoch: 0 [3900/10000 (39%)] Loss: 58.54036 = L_Mnfld: 21.78784 + L_NonMnfld: 21.15136 + L_Nrml: 0.00000 + L_Eknl: 9.73599 + L_Div: 0.00000 + L_Morse: 5.86517
Epoch: 0 [3900/10000 (39%)] Unweighted L_s : L_Mnfld: 0.00311,  L_NonMnfld: 0.03525,  L_Nrml: 0.00000,  L_Eknl: 0.19472, L_Morse: 1.57104

Weights: [7000.0, 600.0, 0, 50.0, 0.0, 3.7002999999999995], lr=5.000e-05
Epoch: 0 [3910/10000 (39%)] Loss: 56.06210 = L_Mnfld: 19.83703 + L_NonMnfld: 21.60131 + L_Nrml: 0.00000 + L_Eknl: 9.35914 + L_Div: 0.00000 + L_Morse: 5.26463
Epoch: 0 [3910/10000 (39%)] Unweighted L_s : L_Mnfld: 0.00283,  L_NonMnfld: 0.03600,  L_Nrml: 0.00000,  L_Eknl: 0.18718, L_Morse: 1.42276

Weights: [7000.0, 600.0, 0, 50.0, 0.0, 3.667299999999999], lr=5.000e-05
Epoch: 0 [3920/10000 (39%)] Loss: 52.15780 = L_Mnfld: 17.46253 + L_NonMnfld: 20.57733 + L_Nrml: 0.00000 + L_Eknl: 8.99469 + L_Div: 0.00000 + L_Morse: 5.12325
Epoch: 0 [3920/10000 (39%)] Unweighted L_s : L_Mnfld: 0.00249,  L_NonMnfld: 0.03430,  L_Nrml: 0.00000,  L_Eknl: 0.17989, L_Morse: 1.39701

Weights: [7000.0, 600.0, 0, 50.0, 0.0, 3.6342999999999988], lr=5.000e-05
Epoch: 0 [3930/10000 (39%)] Loss: 58.50942 = L_Mnfld: 23.39730 + L_NonMnfld: 20.81648 + L_Nrml: 0.00000 + L_Eknl: 8.94406 + L_Div: 0.00000 + L_Morse: 5.35157
Epoch: 0 [3930/10000 (39%)] Unweighted L_s : L_Mnfld: 0.00334,  L_NonMnfld: 0.03469,  L_Nrml: 0.00000,  L_Eknl: 0.17888, L_Morse: 1.47252

Weights: [7000.0, 600.0, 0, 50.0, 0.0, 3.601300000000001], lr=5.000e-05
Epoch: 0 [3940/10000 (39%)] Loss: 47.77297 = L_Mnfld: 13.71194 + L_NonMnfld: 20.60567 + L_Nrml: 0.00000 + L_Eknl: 8.54664 + L_Div: 0.00000 + L_Morse: 4.90872
Epoch: 0 [3940/10000 (39%)] Unweighted L_s : L_Mnfld: 0.00196,  L_NonMnfld: 0.03434,  L_Nrml: 0.00000,  L_Eknl: 0.17093, L_Morse: 1.36304

Weights: [7000.0, 600.0, 0, 50.0, 0.0, 3.5683000000000007], lr=5.000e-05
Epoch: 0 [3950/10000 (40%)] Loss: 41.26283 = L_Mnfld: 9.90668 + L_NonMnfld: 18.49156 + L_Nrml: 0.00000 + L_Eknl: 8.16985 + L_Div: 0.00000 + L_Morse: 4.69474
Epoch: 0 [3950/10000 (40%)] Unweighted L_s : L_Mnfld: 0.00142,  L_NonMnfld: 0.03082,  L_Nrml: 0.00000,  L_Eknl: 0.16340, L_Morse: 1.31568

Weights: [7000.0, 600.0, 0, 50.0, 0.0, 3.535300000000001], lr=5.000e-05
Epoch: 0 [3960/10000 (40%)] Loss: 43.27934 = L_Mnfld: 10.92204 + L_NonMnfld: 20.44631 + L_Nrml: 0.00000 + L_Eknl: 7.66073 + L_Div: 0.00000 + L_Morse: 4.25025
Epoch: 0 [3960/10000 (40%)] Unweighted L_s : L_Mnfld: 0.00156,  L_NonMnfld: 0.03408,  L_Nrml: 0.00000,  L_Eknl: 0.15321, L_Morse: 1.20223

Weights: [7000.0, 600.0, 0, 50.0, 0.0, 3.502300000000001], lr=5.000e-05
Epoch: 0 [3970/10000 (40%)] Loss: 43.64191 = L_Mnfld: 10.96301 + L_NonMnfld: 20.75640 + L_Nrml: 0.00000 + L_Eknl: 7.74477 + L_Div: 0.00000 + L_Morse: 4.17772
Epoch: 0 [3970/10000 (40%)] Unweighted L_s : L_Mnfld: 0.00157,  L_NonMnfld: 0.03459,  L_Nrml: 0.00000,  L_Eknl: 0.15490, L_Morse: 1.19285

Weights: [7000.0, 600.0, 0, 50.0, 0.0, 3.4693000000000005], lr=5.000e-05
Epoch: 0 [3980/10000 (40%)] Loss: 43.88169 = L_Mnfld: 12.16912 + L_NonMnfld: 19.92952 + L_Nrml: 0.00000 + L_Eknl: 7.71663 + L_Div: 0.00000 + L_Morse: 4.06643
Epoch: 0 [3980/10000 (40%)] Unweighted L_s : L_Mnfld: 0.00174,  L_NonMnfld: 0.03322,  L_Nrml: 0.00000,  L_Eknl: 0.15433, L_Morse: 1.17212

Weights: [7000.0, 600.0, 0, 50.0, 0.0, 3.436300000000001], lr=5.000e-05
Epoch: 0 [3990/10000 (40%)] Loss: 41.82758 = L_Mnfld: 10.17693 + L_NonMnfld: 20.15890 + L_Nrml: 0.00000 + L_Eknl: 7.47761 + L_Div: 0.00000 + L_Morse: 4.01414
Epoch: 0 [3990/10000 (40%)] Unweighted L_s : L_Mnfld: 0.00145,  L_NonMnfld: 0.03360,  L_Nrml: 0.00000,  L_Eknl: 0.14955, L_Morse: 1.16816

Weights: [7000.0, 600.0, 0, 50.0, 0.0, 3.4033000000000007], lr=5.000e-05
Epoch: 0 [4000/10000 (40%)] Loss: 39.68429 = L_Mnfld: 7.58403 + L_NonMnfld: 20.88281 + L_Nrml: 0.00000 + L_Eknl: 7.34624 + L_Div: 0.00000 + L_Morse: 3.87121
Epoch: 0 [4000/10000 (40%)] Unweighted L_s : L_Mnfld: 0.00108,  L_NonMnfld: 0.03480,  L_Nrml: 0.00000,  L_Eknl: 0.14692, L_Morse: 1.13749

Weights: [7000.0, 600.0, 0, 50.0, 0.0, 3.3703000000000003], lr=5.000e-05
Epoch: 0 [4010/10000 (40%)] Loss: 45.00890 = L_Mnfld: 13.76806 + L_NonMnfld: 19.33657 + L_Nrml: 0.00000 + L_Eknl: 7.78204 + L_Div: 0.00000 + L_Morse: 4.12223
Epoch: 0 [4010/10000 (40%)] Unweighted L_s : L_Mnfld: 0.00197,  L_NonMnfld: 0.03223,  L_Nrml: 0.00000,  L_Eknl: 0.15564, L_Morse: 1.22310

Weights: [7000.0, 600.0, 0, 50.0, 0.0, 3.337300000000001], lr=5.000e-05
Epoch: 0 [4020/10000 (40%)] Loss: 40.76907 = L_Mnfld: 9.26050 + L_NonMnfld: 20.27966 + L_Nrml: 0.00000 + L_Eknl: 7.32458 + L_Div: 0.00000 + L_Morse: 3.90434
Epoch: 0 [4020/10000 (40%)] Unweighted L_s : L_Mnfld: 0.00132,  L_NonMnfld: 0.03380,  L_Nrml: 0.00000,  L_Eknl: 0.14649, L_Morse: 1.16991

Weights: [7000.0, 600.0, 0, 50.0, 0.0, 3.3043000000000005], lr=5.000e-05
Epoch: 0 [4030/10000 (40%)] Loss: 37.20846 = L_Mnfld: 7.97131 + L_NonMnfld: 18.24238 + L_Nrml: 0.00000 + L_Eknl: 7.23244 + L_Div: 0.00000 + L_Morse: 3.76234
Epoch: 0 [4030/10000 (40%)] Unweighted L_s : L_Mnfld: 0.00114,  L_NonMnfld: 0.03040,  L_Nrml: 0.00000,  L_Eknl: 0.14465, L_Morse: 1.13862

Weights: [7000.0, 600.0, 0, 50.0, 0.0, 3.2713], lr=5.000e-05
Epoch: 0 [4040/10000 (40%)] Loss: 37.92423 = L_Mnfld: 6.99753 + L_NonMnfld: 20.25143 + L_Nrml: 0.00000 + L_Eknl: 7.02386 + L_Div: 0.00000 + L_Morse: 3.65141
Epoch: 0 [4040/10000 (40%)] Unweighted L_s : L_Mnfld: 0.00100,  L_NonMnfld: 0.03375,  L_Nrml: 0.00000,  L_Eknl: 0.14048, L_Morse: 1.11620

Weights: [7000.0, 600.0, 0, 50.0, 0.0, 3.2383000000000006], lr=5.000e-05
Epoch: 0 [4050/10000 (40%)] Loss: 38.15741 = L_Mnfld: 7.68123 + L_NonMnfld: 19.47047 + L_Nrml: 0.00000 + L_Eknl: 7.32607 + L_Div: 0.00000 + L_Morse: 3.67965
Epoch: 0 [4050/10000 (40%)] Unweighted L_s : L_Mnfld: 0.00110,  L_NonMnfld: 0.03245,  L_Nrml: 0.00000,  L_Eknl: 0.14652, L_Morse: 1.13629

Weights: [7000.0, 600.0, 0, 50.0, 0.0, 3.2053000000000003], lr=5.000e-05
Epoch: 0 [4060/10000 (41%)] Loss: 36.96372 = L_Mnfld: 6.70452 + L_NonMnfld: 19.62599 + L_Nrml: 0.00000 + L_Eknl: 7.01544 + L_Div: 0.00000 + L_Morse: 3.61776
Epoch: 0 [4060/10000 (41%)] Unweighted L_s : L_Mnfld: 0.00096,  L_NonMnfld: 0.03271,  L_Nrml: 0.00000,  L_Eknl: 0.14031, L_Morse: 1.12868

Weights: [7000.0, 600.0, 0, 50.0, 0.0, 3.1723], lr=5.000e-05
Epoch: 0 [4070/10000 (41%)] Loss: 36.67977 = L_Mnfld: 6.80584 + L_NonMnfld: 19.00799 + L_Nrml: 0.00000 + L_Eknl: 7.11334 + L_Div: 0.00000 + L_Morse: 3.75258
Epoch: 0 [4070/10000 (41%)] Unweighted L_s : L_Mnfld: 0.00097,  L_NonMnfld: 0.03168,  L_Nrml: 0.00000,  L_Eknl: 0.14227, L_Morse: 1.18292

Weights: [7000.0, 600.0, 0, 50.0, 0.0, 3.1393000000000004], lr=5.000e-05
Epoch: 0 [4080/10000 (41%)] Loss: 36.86409 = L_Mnfld: 6.48983 + L_NonMnfld: 19.73456 + L_Nrml: 0.00000 + L_Eknl: 6.86836 + L_Div: 0.00000 + L_Morse: 3.77134
Epoch: 0 [4080/10000 (41%)] Unweighted L_s : L_Mnfld: 0.00093,  L_NonMnfld: 0.03289,  L_Nrml: 0.00000,  L_Eknl: 0.13737, L_Morse: 1.20133

Weights: [7000.0, 600.0, 0, 50.0, 0.0, 3.1063], lr=5.000e-05
Epoch: 0 [4090/10000 (41%)] Loss: 35.31353 = L_Mnfld: 6.35468 + L_NonMnfld: 18.65389 + L_Nrml: 0.00000 + L_Eknl: 6.85658 + L_Div: 0.00000 + L_Morse: 3.44838
Epoch: 0 [4090/10000 (41%)] Unweighted L_s : L_Mnfld: 0.00091,  L_NonMnfld: 0.03109,  L_Nrml: 0.00000,  L_Eknl: 0.13713, L_Morse: 1.11013

Weights: [7000.0, 600.0, 0, 50.0, 0.0, 3.0732999999999997], lr=5.000e-05
Epoch: 0 [4100/10000 (41%)] Loss: 36.95017 = L_Mnfld: 6.24624 + L_NonMnfld: 20.14115 + L_Nrml: 0.00000 + L_Eknl: 6.95033 + L_Div: 0.00000 + L_Morse: 3.61243
Epoch: 0 [4100/10000 (41%)] Unweighted L_s : L_Mnfld: 0.00089,  L_NonMnfld: 0.03357,  L_Nrml: 0.00000,  L_Eknl: 0.13901, L_Morse: 1.17543

Weights: [7000.0, 600.0, 0, 50.0, 0.0, 3.0403000000000002], lr=5.000e-05
Epoch: 0 [4110/10000 (41%)] Loss: 35.94785 = L_Mnfld: 6.26076 + L_NonMnfld: 19.50555 + L_Nrml: 0.00000 + L_Eknl: 6.81216 + L_Div: 0.00000 + L_Morse: 3.36937
Epoch: 0 [4110/10000 (41%)] Unweighted L_s : L_Mnfld: 0.00089,  L_NonMnfld: 0.03251,  L_Nrml: 0.00000,  L_Eknl: 0.13624, L_Morse: 1.10823

Weights: [7000.0, 600.0, 0, 50.0, 0.0, 3.0073], lr=5.000e-05
Epoch: 0 [4120/10000 (41%)] Loss: 35.49075 = L_Mnfld: 5.83203 + L_NonMnfld: 19.34221 + L_Nrml: 0.00000 + L_Eknl: 6.88090 + L_Div: 0.00000 + L_Morse: 3.43561
Epoch: 0 [4120/10000 (41%)] Unweighted L_s : L_Mnfld: 0.00083,  L_NonMnfld: 0.03224,  L_Nrml: 0.00000,  L_Eknl: 0.13762, L_Morse: 1.14242

Weights: [7000.0, 600.0, 0, 50.0, 0.0, 2.9742999999999995], lr=5.000e-05
Epoch: 0 [4130/10000 (41%)] Loss: 36.18198 = L_Mnfld: 6.88912 + L_NonMnfld: 18.92224 + L_Nrml: 0.00000 + L_Eknl: 6.90694 + L_Div: 0.00000 + L_Morse: 3.46369
Epoch: 0 [4130/10000 (41%)] Unweighted L_s : L_Mnfld: 0.00098,  L_NonMnfld: 0.03154,  L_Nrml: 0.00000,  L_Eknl: 0.13814, L_Morse: 1.16454

Weights: [7000.0, 600.0, 0, 50.0, 0.0, 2.9413], lr=5.000e-05
Epoch: 0 [4140/10000 (41%)] Loss: 36.61673 = L_Mnfld: 6.46528 + L_NonMnfld: 19.88908 + L_Nrml: 0.00000 + L_Eknl: 6.82987 + L_Div: 0.00000 + L_Morse: 3.43249
Epoch: 0 [4140/10000 (41%)] Unweighted L_s : L_Mnfld: 0.00092,  L_NonMnfld: 0.03315,  L_Nrml: 0.00000,  L_Eknl: 0.13660, L_Morse: 1.16700

Weights: [7000.0, 600.0, 0, 50.0, 0.0, 2.9082999999999997], lr=5.000e-05
Epoch: 0 [4150/10000 (42%)] Loss: 37.47942 = L_Mnfld: 7.36797 + L_NonMnfld: 19.65488 + L_Nrml: 0.00000 + L_Eknl: 7.07445 + L_Div: 0.00000 + L_Morse: 3.38213
Epoch: 0 [4150/10000 (42%)] Unweighted L_s : L_Mnfld: 0.00105,  L_NonMnfld: 0.03276,  L_Nrml: 0.00000,  L_Eknl: 0.14149, L_Morse: 1.16292

Weights: [7000.0, 600.0, 0, 50.0, 0.0, 2.8752999999999993], lr=5.000e-05
Epoch: 0 [4160/10000 (42%)] Loss: 35.63551 = L_Mnfld: 5.78664 + L_NonMnfld: 19.83365 + L_Nrml: 0.00000 + L_Eknl: 6.68987 + L_Div: 0.00000 + L_Morse: 3.32535
Epoch: 0 [4160/10000 (42%)] Unweighted L_s : L_Mnfld: 0.00083,  L_NonMnfld: 0.03306,  L_Nrml: 0.00000,  L_Eknl: 0.13380, L_Morse: 1.15652

Weights: [7000.0, 600.0, 0, 50.0, 0.0, 2.8423], lr=5.000e-05
Epoch: 0 [4170/10000 (42%)] Loss: 36.87400 = L_Mnfld: 6.49353 + L_NonMnfld: 20.49133 + L_Nrml: 0.00000 + L_Eknl: 6.65748 + L_Div: 0.00000 + L_Morse: 3.23166
Epoch: 0 [4170/10000 (42%)] Unweighted L_s : L_Mnfld: 0.00093,  L_NonMnfld: 0.03415,  L_Nrml: 0.00000,  L_Eknl: 0.13315, L_Morse: 1.13699

Weights: [7000.0, 600.0, 0, 50.0, 0.0, 2.8092999999999995], lr=5.000e-05
Epoch: 0 [4180/10000 (42%)] Loss: 35.71439 = L_Mnfld: 6.16201 + L_NonMnfld: 19.48682 + L_Nrml: 0.00000 + L_Eknl: 6.73107 + L_Div: 0.00000 + L_Morse: 3.33449
Epoch: 0 [4180/10000 (42%)] Unweighted L_s : L_Mnfld: 0.00088,  L_NonMnfld: 0.03248,  L_Nrml: 0.00000,  L_Eknl: 0.13462, L_Morse: 1.18695

Weights: [7000.0, 600.0, 0, 50.0, 0.0, 2.776299999999999], lr=5.000e-05
Epoch: 0 [4190/10000 (42%)] Loss: 35.86623 = L_Mnfld: 7.21736 + L_NonMnfld: 18.50344 + L_Nrml: 0.00000 + L_Eknl: 6.84891 + L_Div: 0.00000 + L_Morse: 3.29653
Epoch: 0 [4190/10000 (42%)] Unweighted L_s : L_Mnfld: 0.00103,  L_NonMnfld: 0.03084,  L_Nrml: 0.00000,  L_Eknl: 0.13698, L_Morse: 1.18738

Weights: [7000.0, 600.0, 0, 50.0, 0.0, 2.7432999999999996], lr=5.000e-05
Epoch: 0 [4200/10000 (42%)] Loss: 34.70081 = L_Mnfld: 5.70860 + L_NonMnfld: 19.05978 + L_Nrml: 0.00000 + L_Eknl: 6.69263 + L_Div: 0.00000 + L_Morse: 3.23980
Epoch: 0 [4200/10000 (42%)] Unweighted L_s : L_Mnfld: 0.00082,  L_NonMnfld: 0.03177,  L_Nrml: 0.00000,  L_Eknl: 0.13385, L_Morse: 1.18099

Weights: [7000.0, 600.0, 0, 50.0, 0.0, 2.7102999999999993], lr=5.000e-05
Epoch: 0 [4210/10000 (42%)] Loss: 35.24601 = L_Mnfld: 6.61436 + L_NonMnfld: 18.62931 + L_Nrml: 0.00000 + L_Eknl: 6.84848 + L_Div: 0.00000 + L_Morse: 3.15387
Epoch: 0 [4210/10000 (42%)] Unweighted L_s : L_Mnfld: 0.00094,  L_NonMnfld: 0.03105,  L_Nrml: 0.00000,  L_Eknl: 0.13697, L_Morse: 1.16366

Weights: [7000.0, 600.0, 0, 50.0, 0.0, 2.677299999999999], lr=5.000e-05
Epoch: 0 [4220/10000 (42%)] Loss: 37.11114 = L_Mnfld: 6.80147 + L_NonMnfld: 20.42405 + L_Nrml: 0.00000 + L_Eknl: 6.67307 + L_Div: 0.00000 + L_Morse: 3.21255
Epoch: 0 [4220/10000 (42%)] Unweighted L_s : L_Mnfld: 0.00097,  L_NonMnfld: 0.03404,  L_Nrml: 0.00000,  L_Eknl: 0.13346, L_Morse: 1.19992

Weights: [7000.0, 600.0, 0, 50.0, 0.0, 2.6442999999999994], lr=5.000e-05
Epoch: 0 [4230/10000 (42%)] Loss: 36.64985 = L_Mnfld: 6.86966 + L_NonMnfld: 19.81808 + L_Nrml: 0.00000 + L_Eknl: 6.87435 + L_Div: 0.00000 + L_Morse: 3.08776
Epoch: 0 [4230/10000 (42%)] Unweighted L_s : L_Mnfld: 0.00098,  L_NonMnfld: 0.03303,  L_Nrml: 0.00000,  L_Eknl: 0.13749, L_Morse: 1.16771

Weights: [7000.0, 600.0, 0, 50.0, 0.0, 2.611300000000001], lr=5.000e-05
Epoch: 0 [4240/10000 (42%)] Loss: 35.22902 = L_Mnfld: 5.97845 + L_NonMnfld: 19.48585 + L_Nrml: 0.00000 + L_Eknl: 6.64657 + L_Div: 0.00000 + L_Morse: 3.11816
Epoch: 0 [4240/10000 (42%)] Unweighted L_s : L_Mnfld: 0.00085,  L_NonMnfld: 0.03248,  L_Nrml: 0.00000,  L_Eknl: 0.13293, L_Morse: 1.19410

Weights: [7000.0, 600.0, 0, 50.0, 0.0, 2.5783000000000005], lr=5.000e-05
Epoch: 0 [4250/10000 (42%)] Loss: 35.62885 = L_Mnfld: 6.27871 + L_NonMnfld: 19.72477 + L_Nrml: 0.00000 + L_Eknl: 6.56382 + L_Div: 0.00000 + L_Morse: 3.06155
Epoch: 0 [4250/10000 (42%)] Unweighted L_s : L_Mnfld: 0.00090,  L_NonMnfld: 0.03287,  L_Nrml: 0.00000,  L_Eknl: 0.13128, L_Morse: 1.18743

Weights: [7000.0, 600.0, 0, 50.0, 0.0, 2.5453], lr=5.000e-05
Epoch: 0 [4260/10000 (43%)] Loss: 34.47592 = L_Mnfld: 5.60173 + L_NonMnfld: 19.16588 + L_Nrml: 0.00000 + L_Eknl: 6.60432 + L_Div: 0.00000 + L_Morse: 3.10398
Epoch: 0 [4260/10000 (43%)] Unweighted L_s : L_Mnfld: 0.00080,  L_NonMnfld: 0.03194,  L_Nrml: 0.00000,  L_Eknl: 0.13209, L_Morse: 1.21950

Weights: [7000.0, 600.0, 0, 50.0, 0.0, 2.5123000000000006], lr=5.000e-05
Epoch: 0 [4270/10000 (43%)] Loss: 34.20573 = L_Mnfld: 5.99350 + L_NonMnfld: 18.67717 + L_Nrml: 0.00000 + L_Eknl: 6.60154 + L_Div: 0.00000 + L_Morse: 2.93351
Epoch: 0 [4270/10000 (43%)] Unweighted L_s : L_Mnfld: 0.00086,  L_NonMnfld: 0.03113,  L_Nrml: 0.00000,  L_Eknl: 0.13203, L_Morse: 1.16766

Weights: [7000.0, 600.0, 0, 50.0, 0.0, 2.4793000000000003], lr=5.000e-05
Epoch: 0 [4280/10000 (43%)] Loss: 35.85299 = L_Mnfld: 6.24197 + L_NonMnfld: 20.14369 + L_Nrml: 0.00000 + L_Eknl: 6.46895 + L_Div: 0.00000 + L_Morse: 2.99838
Epoch: 0 [4280/10000 (43%)] Unweighted L_s : L_Mnfld: 0.00089,  L_NonMnfld: 0.03357,  L_Nrml: 0.00000,  L_Eknl: 0.12938, L_Morse: 1.20936

Weights: [7000.0, 600.0, 0, 50.0, 0.0, 2.4463], lr=5.000e-05
Epoch: 0 [4290/10000 (43%)] Loss: 33.83363 = L_Mnfld: 6.23749 + L_NonMnfld: 18.23311 + L_Nrml: 0.00000 + L_Eknl: 6.41540 + L_Div: 0.00000 + L_Morse: 2.94763
Epoch: 0 [4290/10000 (43%)] Unweighted L_s : L_Mnfld: 0.00089,  L_NonMnfld: 0.03039,  L_Nrml: 0.00000,  L_Eknl: 0.12831, L_Morse: 1.20493

Weights: [7000.0, 600.0, 0, 50.0, 0.0, 2.4133000000000004], lr=5.000e-05
Epoch: 0 [4300/10000 (43%)] Loss: 35.42373 = L_Mnfld: 5.86555 + L_NonMnfld: 20.21959 + L_Nrml: 0.00000 + L_Eknl: 6.37610 + L_Div: 0.00000 + L_Morse: 2.96249
Epoch: 0 [4300/10000 (43%)] Unweighted L_s : L_Mnfld: 0.00084,  L_NonMnfld: 0.03370,  L_Nrml: 0.00000,  L_Eknl: 0.12752, L_Morse: 1.22757

Weights: [7000.0, 600.0, 0, 50.0, 0.0, 2.3803], lr=5.000e-05
Epoch: 0 [4310/10000 (43%)] Loss: 33.72739 = L_Mnfld: 5.75224 + L_NonMnfld: 18.58403 + L_Nrml: 0.00000 + L_Eknl: 6.54670 + L_Div: 0.00000 + L_Morse: 2.84442
Epoch: 0 [4310/10000 (43%)] Unweighted L_s : L_Mnfld: 0.00082,  L_NonMnfld: 0.03097,  L_Nrml: 0.00000,  L_Eknl: 0.13093, L_Morse: 1.19498

Weights: [7000.0, 600.0, 0, 50.0, 0.0, 2.3472999999999997], lr=5.000e-05
Epoch: 0 [4320/10000 (43%)] Loss: 34.33393 = L_Mnfld: 5.42698 + L_NonMnfld: 19.42888 + L_Nrml: 0.00000 + L_Eknl: 6.49177 + L_Div: 0.00000 + L_Morse: 2.98630
Epoch: 0 [4320/10000 (43%)] Unweighted L_s : L_Mnfld: 0.00078,  L_NonMnfld: 0.03238,  L_Nrml: 0.00000,  L_Eknl: 0.12984, L_Morse: 1.27223

Weights: [7000.0, 600.0, 0, 50.0, 0.0, 2.3143000000000002], lr=5.000e-05
Epoch: 0 [4330/10000 (43%)] Loss: 35.06033 = L_Mnfld: 6.27296 + L_NonMnfld: 19.46998 + L_Nrml: 0.00000 + L_Eknl: 6.59122 + L_Div: 0.00000 + L_Morse: 2.72617
Epoch: 0 [4330/10000 (43%)] Unweighted L_s : L_Mnfld: 0.00090,  L_NonMnfld: 0.03245,  L_Nrml: 0.00000,  L_Eknl: 0.13182, L_Morse: 1.17797

Weights: [7000.0, 600.0, 0, 50.0, 0.0, 2.2813], lr=5.000e-05
Epoch: 0 [4340/10000 (43%)] Loss: 33.59567 = L_Mnfld: 5.25919 + L_NonMnfld: 19.20699 + L_Nrml: 0.00000 + L_Eknl: 6.34074 + L_Div: 0.00000 + L_Morse: 2.78875
Epoch: 0 [4340/10000 (43%)] Unweighted L_s : L_Mnfld: 0.00075,  L_NonMnfld: 0.03201,  L_Nrml: 0.00000,  L_Eknl: 0.12681, L_Morse: 1.22244

Weights: [7000.0, 600.0, 0, 50.0, 0.0, 2.2482999999999995], lr=5.000e-05
Epoch: 0 [4350/10000 (44%)] Loss: 34.08750 = L_Mnfld: 6.18236 + L_NonMnfld: 18.60201 + L_Nrml: 0.00000 + L_Eknl: 6.52387 + L_Div: 0.00000 + L_Morse: 2.77926
Epoch: 0 [4350/10000 (44%)] Unweighted L_s : L_Mnfld: 0.00088,  L_NonMnfld: 0.03100,  L_Nrml: 0.00000,  L_Eknl: 0.13048, L_Morse: 1.23616

Weights: [7000.0, 600.0, 0, 50.0, 0.0, 2.2153], lr=5.000e-05
Epoch: 0 [4360/10000 (44%)] Loss: 33.67202 = L_Mnfld: 5.97083 + L_NonMnfld: 18.70871 + L_Nrml: 0.00000 + L_Eknl: 6.37963 + L_Div: 0.00000 + L_Morse: 2.61286
Epoch: 0 [4360/10000 (44%)] Unweighted L_s : L_Mnfld: 0.00085,  L_NonMnfld: 0.03118,  L_Nrml: 0.00000,  L_Eknl: 0.12759, L_Morse: 1.17946

Weights: [7000.0, 600.0, 0, 50.0, 0.0, 2.1822999999999997], lr=5.000e-05
Epoch: 0 [4370/10000 (44%)] Loss: 32.93641 = L_Mnfld: 5.70741 + L_NonMnfld: 18.25183 + L_Nrml: 0.00000 + L_Eknl: 6.36181 + L_Div: 0.00000 + L_Morse: 2.61535
Epoch: 0 [4370/10000 (44%)] Unweighted L_s : L_Mnfld: 0.00082,  L_NonMnfld: 0.03042,  L_Nrml: 0.00000,  L_Eknl: 0.12724, L_Morse: 1.19844

Weights: [7000.0, 600.0, 0, 50.0, 0.0, 2.1492999999999993], lr=5.000e-05
Epoch: 0 [4380/10000 (44%)] Loss: 35.21495 = L_Mnfld: 6.19960 + L_NonMnfld: 20.20904 + L_Nrml: 0.00000 + L_Eknl: 6.24571 + L_Div: 0.00000 + L_Morse: 2.56059
Epoch: 0 [4380/10000 (44%)] Unweighted L_s : L_Mnfld: 0.00089,  L_NonMnfld: 0.03368,  L_Nrml: 0.00000,  L_Eknl: 0.12491, L_Morse: 1.19136

Weights: [7000.0, 600.0, 0, 50.0, 0.0, 2.1163], lr=5.000e-05
Epoch: 0 [4390/10000 (44%)] Loss: 35.34869 = L_Mnfld: 6.67332 + L_NonMnfld: 19.47362 + L_Nrml: 0.00000 + L_Eknl: 6.50286 + L_Div: 0.00000 + L_Morse: 2.69889
Epoch: 0 [4390/10000 (44%)] Unweighted L_s : L_Mnfld: 0.00095,  L_NonMnfld: 0.03246,  L_Nrml: 0.00000,  L_Eknl: 0.13006, L_Morse: 1.27529

Weights: [7000.0, 600.0, 0, 50.0, 0.0, 2.0832999999999995], lr=5.000e-05
Epoch: 0 [4400/10000 (44%)] Loss: 31.89754 = L_Mnfld: 5.52378 + L_NonMnfld: 17.34808 + L_Nrml: 0.00000 + L_Eknl: 6.49361 + L_Div: 0.00000 + L_Morse: 2.53207
Epoch: 0 [4400/10000 (44%)] Unweighted L_s : L_Mnfld: 0.00079,  L_NonMnfld: 0.02891,  L_Nrml: 0.00000,  L_Eknl: 0.12987, L_Morse: 1.21541

Weights: [7000.0, 600.0, 0, 50.0, 0.0, 2.050299999999999], lr=5.000e-05
Epoch: 0 [4410/10000 (44%)] Loss: 35.78757 = L_Mnfld: 7.11804 + L_NonMnfld: 19.47105 + L_Nrml: 0.00000 + L_Eknl: 6.56005 + L_Div: 0.00000 + L_Morse: 2.63843
Epoch: 0 [4410/10000 (44%)] Unweighted L_s : L_Mnfld: 0.00102,  L_NonMnfld: 0.03245,  L_Nrml: 0.00000,  L_Eknl: 0.13120, L_Morse: 1.28685

Weights: [7000.0, 600.0, 0, 50.0, 0.0, 2.0172999999999996], lr=5.000e-05
Epoch: 0 [4420/10000 (44%)] Loss: 36.39719 = L_Mnfld: 6.90467 + L_NonMnfld: 20.78624 + L_Nrml: 0.00000 + L_Eknl: 6.28583 + L_Div: 0.00000 + L_Morse: 2.42045
Epoch: 0 [4420/10000 (44%)] Unweighted L_s : L_Mnfld: 0.00099,  L_NonMnfld: 0.03464,  L_Nrml: 0.00000,  L_Eknl: 0.12572, L_Morse: 1.19984

Weights: [7000.0, 600.0, 0, 50.0, 0.0, 1.9842999999999993], lr=5.000e-05
Epoch: 0 [4430/10000 (44%)] Loss: 35.01476 = L_Mnfld: 7.15997 + L_NonMnfld: 18.91166 + L_Nrml: 0.00000 + L_Eknl: 6.40552 + L_Div: 0.00000 + L_Morse: 2.53761
Epoch: 0 [4430/10000 (44%)] Unweighted L_s : L_Mnfld: 0.00102,  L_NonMnfld: 0.03152,  L_Nrml: 0.00000,  L_Eknl: 0.12811, L_Morse: 1.27884

Weights: [7000.0, 600.0, 0, 50.0, 0.0, 1.9512999999999998], lr=5.000e-05
Epoch: 0 [4440/10000 (44%)] Loss: 35.35776 = L_Mnfld: 7.02692 + L_NonMnfld: 19.39509 + L_Nrml: 0.00000 + L_Eknl: 6.43300 + L_Div: 0.00000 + L_Morse: 2.50274
Epoch: 0 [4440/10000 (44%)] Unweighted L_s : L_Mnfld: 0.00100,  L_NonMnfld: 0.03233,  L_Nrml: 0.00000,  L_Eknl: 0.12866, L_Morse: 1.28260

Weights: [7000.0, 600.0, 0, 50.0, 0.0, 1.9182999999999986], lr=5.000e-05
Epoch: 0 [4450/10000 (44%)] Loss: 34.24904 = L_Mnfld: 6.99011 + L_NonMnfld: 18.35484 + L_Nrml: 0.00000 + L_Eknl: 6.36524 + L_Div: 0.00000 + L_Morse: 2.53885
Epoch: 0 [4450/10000 (44%)] Unweighted L_s : L_Mnfld: 0.00100,  L_NonMnfld: 0.03059,  L_Nrml: 0.00000,  L_Eknl: 0.12730, L_Morse: 1.32349

Weights: [7000.0, 600.0, 0, 50.0, 0.0, 1.885299999999999], lr=5.000e-05
Epoch: 0 [4460/10000 (45%)] Loss: 35.83017 = L_Mnfld: 7.33750 + L_NonMnfld: 19.51531 + L_Nrml: 0.00000 + L_Eknl: 6.41396 + L_Div: 0.00000 + L_Morse: 2.56340
Epoch: 0 [4460/10000 (45%)] Unweighted L_s : L_Mnfld: 0.00105,  L_NonMnfld: 0.03253,  L_Nrml: 0.00000,  L_Eknl: 0.12828, L_Morse: 1.35968

Weights: [7000.0, 600.0, 0, 50.0, 0.0, 1.8522999999999996], lr=5.000e-05
Epoch: 0 [4470/10000 (45%)] Loss: 36.38560 = L_Mnfld: 7.25086 + L_NonMnfld: 20.29390 + L_Nrml: 0.00000 + L_Eknl: 6.45345 + L_Div: 0.00000 + L_Morse: 2.38739
Epoch: 0 [4470/10000 (45%)] Unweighted L_s : L_Mnfld: 0.00104,  L_NonMnfld: 0.03382,  L_Nrml: 0.00000,  L_Eknl: 0.12907, L_Morse: 1.28888

Weights: [7000.0, 600.0, 0, 50.0, 0.0, 1.8192999999999984], lr=5.000e-05
Epoch: 0 [4480/10000 (45%)] Loss: 34.36324 = L_Mnfld: 6.37422 + L_NonMnfld: 19.21014 + L_Nrml: 0.00000 + L_Eknl: 6.36638 + L_Div: 0.00000 + L_Morse: 2.41249
Epoch: 0 [4480/10000 (45%)] Unweighted L_s : L_Mnfld: 0.00091,  L_NonMnfld: 0.03202,  L_Nrml: 0.00000,  L_Eknl: 0.12733, L_Morse: 1.32605

Weights: [7000.0, 600.0, 0, 50.0, 0.0, 1.7862999999999989], lr=5.000e-05
Epoch: 0 [4490/10000 (45%)] Loss: 34.83513 = L_Mnfld: 6.71127 + L_NonMnfld: 19.10822 + L_Nrml: 0.00000 + L_Eknl: 6.62486 + L_Div: 0.00000 + L_Morse: 2.39077
Epoch: 0 [4490/10000 (45%)] Unweighted L_s : L_Mnfld: 0.00096,  L_NonMnfld: 0.03185,  L_Nrml: 0.00000,  L_Eknl: 0.13250, L_Morse: 1.33839

Weights: [7000.0, 600.0, 0, 50.0, 0.0, 1.7532999999999994], lr=5.000e-05
Epoch: 0 [4500/10000 (45%)] Loss: 34.81902 = L_Mnfld: 6.77605 + L_NonMnfld: 19.20886 + L_Nrml: 0.00000 + L_Eknl: 6.52288 + L_Div: 0.00000 + L_Morse: 2.31124
Epoch: 0 [4500/10000 (45%)] Unweighted L_s : L_Mnfld: 0.00097,  L_NonMnfld: 0.03201,  L_Nrml: 0.00000,  L_Eknl: 0.13046, L_Morse: 1.31822

Weights: [7000.0, 600.0, 0, 50.0, 0.0, 1.7202999999999982], lr=5.000e-05
Epoch: 0 [4510/10000 (45%)] Loss: 34.24388 = L_Mnfld: 6.62104 + L_NonMnfld: 19.03728 + L_Nrml: 0.00000 + L_Eknl: 6.29043 + L_Div: 0.00000 + L_Morse: 2.29512
Epoch: 0 [4510/10000 (45%)] Unweighted L_s : L_Mnfld: 0.00095,  L_NonMnfld: 0.03173,  L_Nrml: 0.00000,  L_Eknl: 0.12581, L_Morse: 1.33414

Weights: [7000.0, 600.0, 0, 50.0, 0.0, 1.6872999999999987], lr=5.000e-05
Epoch: 0 [4520/10000 (45%)] Loss: 35.00362 = L_Mnfld: 7.23306 + L_NonMnfld: 19.16038 + L_Nrml: 0.00000 + L_Eknl: 6.41119 + L_Div: 0.00000 + L_Morse: 2.19900
Epoch: 0 [4520/10000 (45%)] Unweighted L_s : L_Mnfld: 0.00103,  L_NonMnfld: 0.03193,  L_Nrml: 0.00000,  L_Eknl: 0.12822, L_Morse: 1.30326

Weights: [7000.0, 600.0, 0, 50.0, 0.0, 1.6542999999999992], lr=5.000e-05
Epoch: 0 [4530/10000 (45%)] Loss: 33.94463 = L_Mnfld: 6.55538 + L_NonMnfld: 18.94127 + L_Nrml: 0.00000 + L_Eknl: 6.28313 + L_Div: 0.00000 + L_Morse: 2.16484
Epoch: 0 [4530/10000 (45%)] Unweighted L_s : L_Mnfld: 0.00094,  L_NonMnfld: 0.03157,  L_Nrml: 0.00000,  L_Eknl: 0.12566, L_Morse: 1.30861

Weights: [7000.0, 600.0, 0, 50.0, 0.0, 1.621299999999998], lr=5.000e-05
Epoch: 0 [4540/10000 (45%)] Loss: 33.73946 = L_Mnfld: 6.57965 + L_NonMnfld: 18.80143 + L_Nrml: 0.00000 + L_Eknl: 6.24711 + L_Div: 0.00000 + L_Morse: 2.11126
Epoch: 0 [4540/10000 (45%)] Unweighted L_s : L_Mnfld: 0.00094,  L_NonMnfld: 0.03134,  L_Nrml: 0.00000,  L_Eknl: 0.12494, L_Morse: 1.30220

Weights: [7000.0, 600.0, 0, 50.0, 0.0, 1.5882999999999985], lr=5.000e-05
Epoch: 0 [4550/10000 (46%)] Loss: 32.78977 = L_Mnfld: 6.32166 + L_NonMnfld: 18.22226 + L_Nrml: 0.00000 + L_Eknl: 6.17446 + L_Div: 0.00000 + L_Morse: 2.07140
Epoch: 0 [4550/10000 (46%)] Unweighted L_s : L_Mnfld: 0.00090,  L_NonMnfld: 0.03037,  L_Nrml: 0.00000,  L_Eknl: 0.12349, L_Morse: 1.30416

Weights: [7000.0, 600.0, 0, 50.0, 0.0, 1.555299999999999], lr=5.000e-05
Epoch: 0 [4560/10000 (46%)] Loss: 34.19193 = L_Mnfld: 5.78231 + L_NonMnfld: 20.14154 + L_Nrml: 0.00000 + L_Eknl: 6.16865 + L_Div: 0.00000 + L_Morse: 2.09943
Epoch: 0 [4560/10000 (46%)] Unweighted L_s : L_Mnfld: 0.00083,  L_NonMnfld: 0.03357,  L_Nrml: 0.00000,  L_Eknl: 0.12337, L_Morse: 1.34985

Weights: [7000.0, 600.0, 0, 50.0, 0.0, 1.5223000000000013], lr=5.000e-05
Epoch: 0 [4570/10000 (46%)] Loss: 34.29671 = L_Mnfld: 6.46737 + L_NonMnfld: 19.47902 + L_Nrml: 0.00000 + L_Eknl: 6.33809 + L_Div: 0.00000 + L_Morse: 2.01223
Epoch: 0 [4570/10000 (46%)] Unweighted L_s : L_Mnfld: 0.00092,  L_NonMnfld: 0.03247,  L_Nrml: 0.00000,  L_Eknl: 0.12676, L_Morse: 1.32184

Weights: [7000.0, 600.0, 0, 50.0, 0.0, 1.4893000000000018], lr=5.000e-05
Epoch: 0 [4580/10000 (46%)] Loss: 32.37037 = L_Mnfld: 5.94766 + L_NonMnfld: 18.33907 + L_Nrml: 0.00000 + L_Eknl: 6.17029 + L_Div: 0.00000 + L_Morse: 1.91334
Epoch: 0 [4580/10000 (46%)] Unweighted L_s : L_Mnfld: 0.00085,  L_NonMnfld: 0.03057,  L_Nrml: 0.00000,  L_Eknl: 0.12341, L_Morse: 1.28473

Weights: [7000.0, 600.0, 0, 50.0, 0.0, 1.4563000000000006], lr=5.000e-05
Epoch: 0 [4590/10000 (46%)] Loss: 34.22536 = L_Mnfld: 6.76838 + L_NonMnfld: 19.39387 + L_Nrml: 0.00000 + L_Eknl: 6.12412 + L_Div: 0.00000 + L_Morse: 1.93898
Epoch: 0 [4590/10000 (46%)] Unweighted L_s : L_Mnfld: 0.00097,  L_NonMnfld: 0.03232,  L_Nrml: 0.00000,  L_Eknl: 0.12248, L_Morse: 1.33145

Weights: [7000.0, 600.0, 0, 50.0, 0.0, 1.4233000000000011], lr=5.000e-05
Epoch: 0 [4600/10000 (46%)] Loss: 32.85652 = L_Mnfld: 5.55674 + L_NonMnfld: 19.19808 + L_Nrml: 0.00000 + L_Eknl: 6.11546 + L_Div: 0.00000 + L_Morse: 1.98623
Epoch: 0 [4600/10000 (46%)] Unweighted L_s : L_Mnfld: 0.00079,  L_NonMnfld: 0.03200,  L_Nrml: 0.00000,  L_Eknl: 0.12231, L_Morse: 1.39551

Weights: [7000.0, 600.0, 0, 50.0, 0.0, 1.3903000000000016], lr=5.000e-05
Epoch: 0 [4610/10000 (46%)] Loss: 31.77251 = L_Mnfld: 6.03859 + L_NonMnfld: 17.73157 + L_Nrml: 0.00000 + L_Eknl: 6.11450 + L_Div: 0.00000 + L_Morse: 1.88785
Epoch: 0 [4610/10000 (46%)] Unweighted L_s : L_Mnfld: 0.00086,  L_NonMnfld: 0.02955,  L_Nrml: 0.00000,  L_Eknl: 0.12229, L_Morse: 1.35787

Weights: [7000.0, 600.0, 0, 50.0, 0.0, 1.3573000000000004], lr=5.000e-05
Epoch: 0 [4620/10000 (46%)] Loss: 32.26958 = L_Mnfld: 5.14173 + L_NonMnfld: 19.04911 + L_Nrml: 0.00000 + L_Eknl: 6.15038 + L_Div: 0.00000 + L_Morse: 1.92835
Epoch: 0 [4620/10000 (46%)] Unweighted L_s : L_Mnfld: 0.00073,  L_NonMnfld: 0.03175,  L_Nrml: 0.00000,  L_Eknl: 0.12301, L_Morse: 1.42073

Weights: [7000.0, 600.0, 0, 50.0, 0.0, 1.324300000000001], lr=5.000e-05
Epoch: 0 [4630/10000 (46%)] Loss: 33.39406 = L_Mnfld: 6.53211 + L_NonMnfld: 18.72445 + L_Nrml: 0.00000 + L_Eknl: 6.21121 + L_Div: 0.00000 + L_Morse: 1.92630
Epoch: 0 [4630/10000 (46%)] Unweighted L_s : L_Mnfld: 0.00093,  L_NonMnfld: 0.03121,  L_Nrml: 0.00000,  L_Eknl: 0.12422, L_Morse: 1.45458

Weights: [7000.0, 600.0, 0, 50.0, 0.0, 1.2913000000000014], lr=5.000e-05
Epoch: 0 [4640/10000 (46%)] Loss: 31.56564 = L_Mnfld: 5.41443 + L_NonMnfld: 17.80358 + L_Nrml: 0.00000 + L_Eknl: 6.54484 + L_Div: 0.00000 + L_Morse: 1.80279
Epoch: 0 [4640/10000 (46%)] Unweighted L_s : L_Mnfld: 0.00077,  L_NonMnfld: 0.02967,  L_Nrml: 0.00000,  L_Eknl: 0.13090, L_Morse: 1.39610

Weights: [7000.0, 600.0, 0, 50.0, 0.0, 1.2583000000000002], lr=5.000e-05
Epoch: 0 [4650/10000 (46%)] Loss: 34.65693 = L_Mnfld: 8.00670 + L_NonMnfld: 18.06282 + L_Nrml: 0.00000 + L_Eknl: 6.86920 + L_Div: 0.00000 + L_Morse: 1.71822
Epoch: 0 [4650/10000 (46%)] Unweighted L_s : L_Mnfld: 0.00114,  L_NonMnfld: 0.03010,  L_Nrml: 0.00000,  L_Eknl: 0.13738, L_Morse: 1.36551

Weights: [7000.0, 600.0, 0, 50.0, 0.0, 1.2253000000000007], lr=5.000e-05
Epoch: 0 [4660/10000 (47%)] Loss: 34.70469 = L_Mnfld: 7.65386 + L_NonMnfld: 19.04298 + L_Nrml: 0.00000 + L_Eknl: 6.19059 + L_Div: 0.00000 + L_Morse: 1.81725
Epoch: 0 [4660/10000 (47%)] Unweighted L_s : L_Mnfld: 0.00109,  L_NonMnfld: 0.03174,  L_Nrml: 0.00000,  L_Eknl: 0.12381, L_Morse: 1.48311

Weights: [7000.0, 600.0, 0, 50.0, 0.0, 1.1923000000000012], lr=5.000e-05
Epoch: 0 [4670/10000 (47%)] Loss: 34.38007 = L_Mnfld: 7.05399 + L_NonMnfld: 19.36678 + L_Nrml: 0.00000 + L_Eknl: 6.28182 + L_Div: 0.00000 + L_Morse: 1.67748
Epoch: 0 [4670/10000 (47%)] Unweighted L_s : L_Mnfld: 0.00101,  L_NonMnfld: 0.03228,  L_Nrml: 0.00000,  L_Eknl: 0.12564, L_Morse: 1.40693

Weights: [7000.0, 600.0, 0, 50.0, 0.0, 1.1593], lr=5.000e-05
Epoch: 0 [4680/10000 (47%)] Loss: 32.26523 = L_Mnfld: 6.09940 + L_NonMnfld: 18.24318 + L_Nrml: 0.00000 + L_Eknl: 6.20310 + L_Div: 0.00000 + L_Morse: 1.71956
Epoch: 0 [4680/10000 (47%)] Unweighted L_s : L_Mnfld: 0.00087,  L_NonMnfld: 0.03041,  L_Nrml: 0.00000,  L_Eknl: 0.12406, L_Morse: 1.48327

Weights: [7000.0, 600.0, 0, 50.0, 0.0, 1.1263000000000005], lr=5.000e-05
Epoch: 0 [4690/10000 (47%)] Loss: 34.80892 = L_Mnfld: 7.20392 + L_NonMnfld: 19.88207 + L_Nrml: 0.00000 + L_Eknl: 6.05727 + L_Div: 0.00000 + L_Morse: 1.66565
Epoch: 0 [4690/10000 (47%)] Unweighted L_s : L_Mnfld: 0.00103,  L_NonMnfld: 0.03314,  L_Nrml: 0.00000,  L_Eknl: 0.12115, L_Morse: 1.47887

Weights: [7000.0, 600.0, 0, 50.0, 0.0, 1.093300000000001], lr=5.000e-05
Epoch: 0 [4700/10000 (47%)] Loss: 34.74406 = L_Mnfld: 7.26134 + L_NonMnfld: 19.66993 + L_Nrml: 0.00000 + L_Eknl: 6.20300 + L_Div: 0.00000 + L_Morse: 1.60979
Epoch: 0 [4700/10000 (47%)] Unweighted L_s : L_Mnfld: 0.00104,  L_NonMnfld: 0.03278,  L_Nrml: 0.00000,  L_Eknl: 0.12406, L_Morse: 1.47241

Weights: [7000.0, 600.0, 0, 50.0, 0.0, 1.0602999999999998], lr=5.000e-05
Epoch: 0 [4710/10000 (47%)] Loss: 32.46646 = L_Mnfld: 6.61244 + L_NonMnfld: 18.16820 + L_Nrml: 0.00000 + L_Eknl: 6.09823 + L_Div: 0.00000 + L_Morse: 1.58759
Epoch: 0 [4710/10000 (47%)] Unweighted L_s : L_Mnfld: 0.00094,  L_NonMnfld: 0.03028,  L_Nrml: 0.00000,  L_Eknl: 0.12196, L_Morse: 1.49731

Weights: [7000.0, 600.0, 0, 50.0, 0.0, 1.0273000000000003], lr=5.000e-05
Epoch: 0 [4720/10000 (47%)] Loss: 33.18055 = L_Mnfld: 6.03339 + L_NonMnfld: 19.03697 + L_Nrml: 0.00000 + L_Eknl: 6.56449 + L_Div: 0.00000 + L_Morse: 1.54570
Epoch: 0 [4720/10000 (47%)] Unweighted L_s : L_Mnfld: 0.00086,  L_NonMnfld: 0.03173,  L_Nrml: 0.00000,  L_Eknl: 0.13129, L_Morse: 1.50463

Weights: [7000.0, 600.0, 0, 50.0, 0.0, 0.9943000000000008], lr=5.000e-05
Epoch: 0 [4730/10000 (47%)] Loss: 35.49252 = L_Mnfld: 7.81721 + L_NonMnfld: 19.42349 + L_Nrml: 0.00000 + L_Eknl: 6.70752 + L_Div: 0.00000 + L_Morse: 1.54430
Epoch: 0 [4730/10000 (47%)] Unweighted L_s : L_Mnfld: 0.00112,  L_NonMnfld: 0.03237,  L_Nrml: 0.00000,  L_Eknl: 0.13415, L_Morse: 1.55316

Weights: [7000.0, 600.0, 0, 50.0, 0.0, 0.9612999999999996], lr=5.000e-05
Epoch: 0 [4740/10000 (47%)] Loss: 41.11633 = L_Mnfld: 13.28035 + L_NonMnfld: 19.70723 + L_Nrml: 0.00000 + L_Eknl: 6.63662 + L_Div: 0.00000 + L_Morse: 1.49212
Epoch: 0 [4740/10000 (47%)] Unweighted L_s : L_Mnfld: 0.00190,  L_NonMnfld: 0.03285,  L_Nrml: 0.00000,  L_Eknl: 0.13273, L_Morse: 1.55219

Weights: [7000.0, 600.0, 0, 50.0, 0.0, 0.9283000000000001], lr=5.000e-05
Epoch: 0 [4750/10000 (48%)] Loss: 37.79630 = L_Mnfld: 11.23423 + L_NonMnfld: 18.49082 + L_Nrml: 0.00000 + L_Eknl: 6.59073 + L_Div: 0.00000 + L_Morse: 1.48051
Epoch: 0 [4750/10000 (48%)] Unweighted L_s : L_Mnfld: 0.00160,  L_NonMnfld: 0.03082,  L_Nrml: 0.00000,  L_Eknl: 0.13181, L_Morse: 1.59486

Weights: [7000.0, 600.0, 0, 50.0, 0.0, 0.8953000000000007], lr=5.000e-05
Epoch: 0 [4760/10000 (48%)] Loss: 36.54176 = L_Mnfld: 11.11930 + L_NonMnfld: 17.67927 + L_Nrml: 0.00000 + L_Eknl: 6.27874 + L_Div: 0.00000 + L_Morse: 1.46444
Epoch: 0 [4760/10000 (48%)] Unweighted L_s : L_Mnfld: 0.00159,  L_NonMnfld: 0.02947,  L_Nrml: 0.00000,  L_Eknl: 0.12557, L_Morse: 1.63570

Weights: [7000.0, 600.0, 0, 50.0, 0.0, 0.8622999999999994], lr=5.000e-05
Epoch: 0 [4770/10000 (48%)] Loss: 39.18244 = L_Mnfld: 13.15118 + L_NonMnfld: 18.04847 + L_Nrml: 0.00000 + L_Eknl: 6.52169 + L_Div: 0.00000 + L_Morse: 1.46110
Epoch: 0 [4770/10000 (48%)] Unweighted L_s : L_Mnfld: 0.00188,  L_NonMnfld: 0.03008,  L_Nrml: 0.00000,  L_Eknl: 0.13043, L_Morse: 1.69442

Weights: [7000.0, 600.0, 0, 50.0, 0.0, 0.8292999999999999], lr=5.000e-05
Epoch: 0 [4780/10000 (48%)] Loss: 41.06385 = L_Mnfld: 14.16555 + L_NonMnfld: 18.74756 + L_Nrml: 0.00000 + L_Eknl: 6.73381 + L_Div: 0.00000 + L_Morse: 1.41693
Epoch: 0 [4780/10000 (48%)] Unweighted L_s : L_Mnfld: 0.00202,  L_NonMnfld: 0.03125,  L_Nrml: 0.00000,  L_Eknl: 0.13468, L_Morse: 1.70858

Weights: [7000.0, 600.0, 0, 50.0, 0.0, 0.7963000000000005], lr=5.000e-05
Epoch: 0 [4790/10000 (48%)] Loss: 41.68218 = L_Mnfld: 14.09439 + L_NonMnfld: 19.30208 + L_Nrml: 0.00000 + L_Eknl: 6.79657 + L_Div: 0.00000 + L_Morse: 1.48915
Epoch: 0 [4790/10000 (48%)] Unweighted L_s : L_Mnfld: 0.00201,  L_NonMnfld: 0.03217,  L_Nrml: 0.00000,  L_Eknl: 0.13593, L_Morse: 1.87008

Weights: [7000.0, 600.0, 0, 50.0, 0.0, 0.7632999999999992], lr=5.000e-05
Epoch: 0 [4800/10000 (48%)] Loss: 52.76085 = L_Mnfld: 23.67411 + L_NonMnfld: 19.84543 + L_Nrml: 0.00000 + L_Eknl: 7.84249 + L_Div: 0.00000 + L_Morse: 1.39882
Epoch: 0 [4800/10000 (48%)] Unweighted L_s : L_Mnfld: 0.00338,  L_NonMnfld: 0.03308,  L_Nrml: 0.00000,  L_Eknl: 0.15685, L_Morse: 1.83259

Weights: [7000.0, 600.0, 0, 50.0, 0.0, 0.7302999999999997], lr=5.000e-05
Epoch: 0 [4810/10000 (48%)] Loss: 48.11635 = L_Mnfld: 18.34495 + L_NonMnfld: 20.50818 + L_Nrml: 0.00000 + L_Eknl: 7.86220 + L_Div: 0.00000 + L_Morse: 1.40101
Epoch: 0 [4810/10000 (48%)] Unweighted L_s : L_Mnfld: 0.00262,  L_NonMnfld: 0.03418,  L_Nrml: 0.00000,  L_Eknl: 0.15724, L_Morse: 1.91841

Weights: [7000.0, 600.0, 0, 50.0, 0.0, 0.6973000000000003], lr=5.000e-05
Epoch: 0 [4820/10000 (48%)] Loss: 55.55779 = L_Mnfld: 24.09321 + L_NonMnfld: 21.17570 + L_Nrml: 0.00000 + L_Eknl: 8.75103 + L_Div: 0.00000 + L_Morse: 1.53784
Epoch: 0 [4820/10000 (48%)] Unweighted L_s : L_Mnfld: 0.00344,  L_NonMnfld: 0.03529,  L_Nrml: 0.00000,  L_Eknl: 0.17502, L_Morse: 2.20541

Weights: [7000.0, 600.0, 0, 50.0, 0.0, 0.664299999999999], lr=5.000e-05
Epoch: 0 [4830/10000 (48%)] Loss: 50.86235 = L_Mnfld: 21.14495 + L_NonMnfld: 19.68844 + L_Nrml: 0.00000 + L_Eknl: 8.46589 + L_Div: 0.00000 + L_Morse: 1.56306
Epoch: 0 [4830/10000 (48%)] Unweighted L_s : L_Mnfld: 0.00302,  L_NonMnfld: 0.03281,  L_Nrml: 0.00000,  L_Eknl: 0.16932, L_Morse: 2.35294

Weights: [7000.0, 600.0, 0, 50.0, 0.0, 0.6312999999999995], lr=5.000e-05
Epoch: 0 [4840/10000 (48%)] Loss: 43.02744 = L_Mnfld: 14.79162 + L_NonMnfld: 19.13716 + L_Nrml: 0.00000 + L_Eknl: 7.61574 + L_Div: 0.00000 + L_Morse: 1.48291
Epoch: 0 [4840/10000 (48%)] Unweighted L_s : L_Mnfld: 0.00211,  L_NonMnfld: 0.03190,  L_Nrml: 0.00000,  L_Eknl: 0.15231, L_Morse: 2.34898

Weights: [7000.0, 600.0, 0, 50.0, 0.0, 0.5983], lr=5.000e-05
Epoch: 0 [4850/10000 (48%)] Loss: 37.46495 = L_Mnfld: 12.19793 + L_NonMnfld: 16.48093 + L_Nrml: 0.00000 + L_Eknl: 7.37139 + L_Div: 0.00000 + L_Morse: 1.41471
Epoch: 0 [4850/10000 (48%)] Unweighted L_s : L_Mnfld: 0.00174,  L_NonMnfld: 0.02747,  L_Nrml: 0.00000,  L_Eknl: 0.14743, L_Morse: 2.36455

Weights: [7000.0, 600.0, 0, 50.0, 0.0, 0.5652999999999988], lr=5.000e-05
Epoch: 0 [4860/10000 (49%)] Loss: 38.46110 = L_Mnfld: 10.38267 + L_NonMnfld: 20.03841 + L_Nrml: 0.00000 + L_Eknl: 6.75204 + L_Div: 0.00000 + L_Morse: 1.28798
Epoch: 0 [4860/10000 (49%)] Unweighted L_s : L_Mnfld: 0.00148,  L_NonMnfld: 0.03340,  L_Nrml: 0.00000,  L_Eknl: 0.13504, L_Morse: 2.27840

Weights: [7000.0, 600.0, 0, 50.0, 0.0, 0.5322999999999993], lr=5.000e-05
Epoch: 0 [4870/10000 (49%)] Loss: 34.49377 = L_Mnfld: 9.38469 + L_NonMnfld: 17.22377 + L_Nrml: 0.00000 + L_Eknl: 6.72232 + L_Div: 0.00000 + L_Morse: 1.16299
Epoch: 0 [4870/10000 (49%)] Unweighted L_s : L_Mnfld: 0.00134,  L_NonMnfld: 0.02871,  L_Nrml: 0.00000,  L_Eknl: 0.13445, L_Morse: 2.18483

Weights: [7000.0, 600.0, 0, 50.0, 0.0, 0.49929999999999986], lr=5.000e-05
Epoch: 0 [4880/10000 (49%)] Loss: 33.65497 = L_Mnfld: 7.79207 + L_NonMnfld: 18.51179 + L_Nrml: 0.00000 + L_Eknl: 6.29207 + L_Div: 0.00000 + L_Morse: 1.05904
Epoch: 0 [4880/10000 (49%)] Unweighted L_s : L_Mnfld: 0.00111,  L_NonMnfld: 0.03085,  L_Nrml: 0.00000,  L_Eknl: 0.12584, L_Morse: 2.12105

Weights: [7000.0, 600.0, 0, 50.0, 0.0, 0.4662999999999986], lr=5.000e-05
Epoch: 0 [4890/10000 (49%)] Loss: 33.90649 = L_Mnfld: 8.03044 + L_NonMnfld: 18.48437 + L_Nrml: 0.00000 + L_Eknl: 6.38600 + L_Div: 0.00000 + L_Morse: 1.00568
Epoch: 0 [4890/10000 (49%)] Unweighted L_s : L_Mnfld: 0.00115,  L_NonMnfld: 0.03081,  L_Nrml: 0.00000,  L_Eknl: 0.12772, L_Morse: 2.15673

Weights: [7000.0, 600.0, 0, 50.0, 0.0, 0.43329999999999913], lr=5.000e-05
Epoch: 0 [4900/10000 (49%)] Loss: 33.34878 = L_Mnfld: 7.21125 + L_NonMnfld: 18.98892 + L_Nrml: 0.00000 + L_Eknl: 6.22137 + L_Div: 0.00000 + L_Morse: 0.92724
Epoch: 0 [4900/10000 (49%)] Unweighted L_s : L_Mnfld: 0.00103,  L_NonMnfld: 0.03165,  L_Nrml: 0.00000,  L_Eknl: 0.12443, L_Morse: 2.13995

Weights: [7000.0, 600.0, 0, 50.0, 0.0, 0.40029999999999966], lr=5.000e-05
Epoch: 0 [4910/10000 (49%)] Loss: 31.53150 = L_Mnfld: 7.32150 + L_NonMnfld: 17.07951 + L_Nrml: 0.00000 + L_Eknl: 6.26313 + L_Div: 0.00000 + L_Morse: 0.86735
Epoch: 0 [4910/10000 (49%)] Unweighted L_s : L_Mnfld: 0.00105,  L_NonMnfld: 0.02847,  L_Nrml: 0.00000,  L_Eknl: 0.12526, L_Morse: 2.16674

Weights: [7000.0, 600.0, 0, 50.0, 0.0, 0.3672999999999984], lr=5.000e-05
Epoch: 0 [4920/10000 (49%)] Loss: 32.03291 = L_Mnfld: 6.76743 + L_NonMnfld: 18.38340 + L_Nrml: 0.00000 + L_Eknl: 6.10043 + L_Div: 0.00000 + L_Morse: 0.78164
Epoch: 0 [4920/10000 (49%)] Unweighted L_s : L_Mnfld: 0.00097,  L_NonMnfld: 0.03064,  L_Nrml: 0.00000,  L_Eknl: 0.12201, L_Morse: 2.12807

Weights: [7000.0, 600.0, 0, 50.0, 0.0, 0.33429999999999893], lr=5.000e-05
Epoch: 0 [4930/10000 (49%)] Loss: 32.69552 = L_Mnfld: 7.58853 + L_NonMnfld: 18.12109 + L_Nrml: 0.00000 + L_Eknl: 6.27240 + L_Div: 0.00000 + L_Morse: 0.71350
Epoch: 0 [4930/10000 (49%)] Unweighted L_s : L_Mnfld: 0.00108,  L_NonMnfld: 0.03020,  L_Nrml: 0.00000,  L_Eknl: 0.12545, L_Morse: 2.13431

Weights: [7000.0, 600.0, 0, 50.0, 0.0, 0.30129999999999946], lr=5.000e-05
Epoch: 0 [4940/10000 (49%)] Loss: 30.97931 = L_Mnfld: 6.95880 + L_NonMnfld: 17.30657 + L_Nrml: 0.00000 + L_Eknl: 6.08418 + L_Div: 0.00000 + L_Morse: 0.62977
Epoch: 0 [4940/10000 (49%)] Unweighted L_s : L_Mnfld: 0.00099,  L_NonMnfld: 0.02884,  L_Nrml: 0.00000,  L_Eknl: 0.12168, L_Morse: 2.09016

Weights: [7000.0, 600.0, 0, 50.0, 0.0, 0.2682999999999982], lr=5.000e-05
Epoch: 0 [4950/10000 (50%)] Loss: 31.98219 = L_Mnfld: 6.89761 + L_NonMnfld: 18.07872 + L_Nrml: 0.00000 + L_Eknl: 6.41755 + L_Div: 0.00000 + L_Morse: 0.58831
Epoch: 0 [4950/10000 (50%)] Unweighted L_s : L_Mnfld: 0.00099,  L_NonMnfld: 0.03013,  L_Nrml: 0.00000,  L_Eknl: 0.12835, L_Morse: 2.19274

Weights: [7000.0, 600.0, 0, 50.0, 0.0, 0.2353000000000005], lr=5.000e-05
Epoch: 0 [4960/10000 (50%)] Loss: 31.33698 = L_Mnfld: 6.64259 + L_NonMnfld: 18.11233 + L_Nrml: 0.00000 + L_Eknl: 6.07396 + L_Div: 0.00000 + L_Morse: 0.50810
Epoch: 0 [4960/10000 (50%)] Unweighted L_s : L_Mnfld: 0.00095,  L_NonMnfld: 0.03019,  L_Nrml: 0.00000,  L_Eknl: 0.12148, L_Morse: 2.15936

Weights: [7000.0, 600.0, 0, 50.0, 0.0, 0.20229999999999926], lr=5.000e-05
Epoch: 0 [4970/10000 (50%)] Loss: 31.38397 = L_Mnfld: 6.39890 + L_NonMnfld: 18.27795 + L_Nrml: 0.00000 + L_Eknl: 6.24827 + L_Div: 0.00000 + L_Morse: 0.45886
Epoch: 0 [4970/10000 (50%)] Unweighted L_s : L_Mnfld: 0.00091,  L_NonMnfld: 0.03046,  L_Nrml: 0.00000,  L_Eknl: 0.12497, L_Morse: 2.26822

Weights: [7000.0, 600.0, 0, 50.0, 0.0, 0.16929999999999978], lr=5.000e-05
Epoch: 0 [4980/10000 (50%)] Loss: 31.37270 = L_Mnfld: 6.48468 + L_NonMnfld: 18.60704 + L_Nrml: 0.00000 + L_Eknl: 5.92007 + L_Div: 0.00000 + L_Morse: 0.36091
Epoch: 0 [4980/10000 (50%)] Unweighted L_s : L_Mnfld: 0.00093,  L_NonMnfld: 0.03101,  L_Nrml: 0.00000,  L_Eknl: 0.11840, L_Morse: 2.13180

Weights: [7000.0, 600.0, 0, 50.0, 0.0, 0.1363000000000003], lr=5.000e-05
Epoch: 0 [4990/10000 (50%)] Loss: 30.77245 = L_Mnfld: 6.94608 + L_NonMnfld: 17.35833 + L_Nrml: 0.00000 + L_Eknl: 6.15818 + L_Div: 0.00000 + L_Morse: 0.30986
Epoch: 0 [4990/10000 (50%)] Unweighted L_s : L_Mnfld: 0.00099,  L_NonMnfld: 0.02893,  L_Nrml: 0.00000,  L_Eknl: 0.12316, L_Morse: 2.27334

Weights: [7000.0, 600.0, 0, 50.0, 0.0, 0.10329999999999906], lr=5.000e-05
Epoch: 0 [5000/10000 (50%)] Loss: 30.82014 = L_Mnfld: 6.66619 + L_NonMnfld: 17.57269 + L_Nrml: 0.00000 + L_Eknl: 6.35137 + L_Div: 0.00000 + L_Morse: 0.22988
Epoch: 0 [5000/10000 (50%)] Unweighted L_s : L_Mnfld: 0.00095,  L_NonMnfld: 0.02929,  L_Nrml: 0.00000,  L_Eknl: 0.12703, L_Morse: 2.22537

Weights: [7000.0, 600.0, 0, 50.0, 0.0, 0.1], lr=5.000e-05
Epoch: 0 [5010/10000 (50%)] Loss: 30.92461 = L_Mnfld: 7.04558 + L_NonMnfld: 17.34159 + L_Nrml: 0.00000 + L_Eknl: 6.31601 + L_Div: 0.00000 + L_Morse: 0.22143
Epoch: 0 [5010/10000 (50%)] Unweighted L_s : L_Mnfld: 0.00101,  L_NonMnfld: 0.02890,  L_Nrml: 0.00000,  L_Eknl: 0.12632, L_Morse: 2.21429

Weights: [7000.0, 600.0, 0, 50.0, 0.0, 0.1], lr=5.000e-05
Epoch: 0 [5020/10000 (50%)] Loss: 30.70725 = L_Mnfld: 7.06136 + L_NonMnfld: 17.51073 + L_Nrml: 0.00000 + L_Eknl: 5.91269 + L_Div: 0.00000 + L_Morse: 0.22247
Epoch: 0 [5020/10000 (50%)] Unweighted L_s : L_Mnfld: 0.00101,  L_NonMnfld: 0.02918,  L_Nrml: 0.00000,  L_Eknl: 0.11825, L_Morse: 2.22470

Weights: [7000.0, 600.0, 0, 50.0, 0.0, 0.1], lr=5.000e-05
Epoch: 0 [5030/10000 (50%)] Loss: 32.29405 = L_Mnfld: 6.48821 + L_NonMnfld: 19.55168 + L_Nrml: 0.00000 + L_Eknl: 6.02709 + L_Div: 0.00000 + L_Morse: 0.22707
Epoch: 0 [5030/10000 (50%)] Unweighted L_s : L_Mnfld: 0.00093,  L_NonMnfld: 0.03259,  L_Nrml: 0.00000,  L_Eknl: 0.12054, L_Morse: 2.27071

Weights: [7000.0, 600.0, 0, 50.0, 0.0, 0.1], lr=5.000e-05
Epoch: 0 [5040/10000 (50%)] Loss: 30.62997 = L_Mnfld: 6.40509 + L_NonMnfld: 18.10962 + L_Nrml: 0.00000 + L_Eknl: 5.88847 + L_Div: 0.00000 + L_Morse: 0.22679
Epoch: 0 [5040/10000 (50%)] Unweighted L_s : L_Mnfld: 0.00092,  L_NonMnfld: 0.03018,  L_Nrml: 0.00000,  L_Eknl: 0.11777, L_Morse: 2.26792

Weights: [7000.0, 600.0, 0, 50.0, 0.0, 0.1], lr=5.000e-05
Epoch: 0 [5050/10000 (50%)] Loss: 31.08113 = L_Mnfld: 6.25006 + L_NonMnfld: 18.71349 + L_Nrml: 0.00000 + L_Eknl: 5.88193 + L_Div: 0.00000 + L_Morse: 0.23565
Epoch: 0 [5050/10000 (50%)] Unweighted L_s : L_Mnfld: 0.00089,  L_NonMnfld: 0.03119,  L_Nrml: 0.00000,  L_Eknl: 0.11764, L_Morse: 2.35651

Weights: [7000.0, 600.0, 0, 50.0, 0.0, 0.1], lr=5.000e-05
Epoch: 0 [5060/10000 (51%)] Loss: 30.32600 = L_Mnfld: 6.25094 + L_NonMnfld: 17.97347 + L_Nrml: 0.00000 + L_Eknl: 5.87751 + L_Div: 0.00000 + L_Morse: 0.22408
Epoch: 0 [5060/10000 (51%)] Unweighted L_s : L_Mnfld: 0.00089,  L_NonMnfld: 0.02996,  L_Nrml: 0.00000,  L_Eknl: 0.11755, L_Morse: 2.24084

Weights: [7000.0, 600.0, 0, 50.0, 0.0, 0.1], lr=5.000e-05
Epoch: 0 [5070/10000 (51%)] Loss: 31.58634 = L_Mnfld: 6.09173 + L_NonMnfld: 19.38532 + L_Nrml: 0.00000 + L_Eknl: 5.87176 + L_Div: 0.00000 + L_Morse: 0.23753
Epoch: 0 [5070/10000 (51%)] Unweighted L_s : L_Mnfld: 0.00087,  L_NonMnfld: 0.03231,  L_Nrml: 0.00000,  L_Eknl: 0.11744, L_Morse: 2.37526

Weights: [7000.0, 600.0, 0, 50.0, 0.0, 0.1], lr=5.000e-05
Epoch: 0 [5080/10000 (51%)] Loss: 30.84378 = L_Mnfld: 6.07847 + L_NonMnfld: 18.57675 + L_Nrml: 0.00000 + L_Eknl: 5.93865 + L_Div: 0.00000 + L_Morse: 0.24991
Epoch: 0 [5080/10000 (51%)] Unweighted L_s : L_Mnfld: 0.00087,  L_NonMnfld: 0.03096,  L_Nrml: 0.00000,  L_Eknl: 0.11877, L_Morse: 2.49909

Weights: [7000.0, 600.0, 0, 50.0, 0.0, 0.1], lr=5.000e-05
Epoch: 0 [5090/10000 (51%)] Loss: 29.51618 = L_Mnfld: 6.01483 + L_NonMnfld: 17.41843 + L_Nrml: 0.00000 + L_Eknl: 5.84778 + L_Div: 0.00000 + L_Morse: 0.23514
Epoch: 0 [5090/10000 (51%)] Unweighted L_s : L_Mnfld: 0.00086,  L_NonMnfld: 0.02903,  L_Nrml: 0.00000,  L_Eknl: 0.11696, L_Morse: 2.35140

Weights: [7000.0, 600.0, 0, 50.0, 0.0, 0.1], lr=5.000e-05
Epoch: 0 [5100/10000 (51%)] Loss: 30.00517 = L_Mnfld: 5.96264 + L_NonMnfld: 17.97648 + L_Nrml: 0.00000 + L_Eknl: 5.82628 + L_Div: 0.00000 + L_Morse: 0.23977
Epoch: 0 [5100/10000 (51%)] Unweighted L_s : L_Mnfld: 0.00085,  L_NonMnfld: 0.02996,  L_Nrml: 0.00000,  L_Eknl: 0.11653, L_Morse: 2.39772

Weights: [7000.0, 600.0, 0, 50.0, 0.0, 0.1], lr=5.000e-05
Epoch: 0 [5110/10000 (51%)] Loss: 30.47853 = L_Mnfld: 6.24888 + L_NonMnfld: 18.23498 + L_Nrml: 0.00000 + L_Eknl: 5.75289 + L_Div: 0.00000 + L_Morse: 0.24179
Epoch: 0 [5110/10000 (51%)] Unweighted L_s : L_Mnfld: 0.00089,  L_NonMnfld: 0.03039,  L_Nrml: 0.00000,  L_Eknl: 0.11506, L_Morse: 2.41786

Weights: [7000.0, 600.0, 0, 50.0, 0.0, 0.1], lr=5.000e-05
Epoch: 0 [5120/10000 (51%)] Loss: 31.19127 = L_Mnfld: 6.03129 + L_NonMnfld: 19.00417 + L_Nrml: 0.00000 + L_Eknl: 5.91010 + L_Div: 0.00000 + L_Morse: 0.24571
Epoch: 0 [5120/10000 (51%)] Unweighted L_s : L_Mnfld: 0.00086,  L_NonMnfld: 0.03167,  L_Nrml: 0.00000,  L_Eknl: 0.11820, L_Morse: 2.45713

Weights: [7000.0, 600.0, 0, 50.0, 0.0, 0.1], lr=5.000e-05
Epoch: 0 [5130/10000 (51%)] Loss: 30.49544 = L_Mnfld: 6.32960 + L_NonMnfld: 18.16903 + L_Nrml: 0.00000 + L_Eknl: 5.76145 + L_Div: 0.00000 + L_Morse: 0.23536
Epoch: 0 [5130/10000 (51%)] Unweighted L_s : L_Mnfld: 0.00090,  L_NonMnfld: 0.03028,  L_Nrml: 0.00000,  L_Eknl: 0.11523, L_Morse: 2.35356

Weights: [7000.0, 600.0, 0, 50.0, 0.0, 0.1], lr=5.000e-05
Epoch: 0 [5140/10000 (51%)] Loss: 29.99541 = L_Mnfld: 5.91352 + L_NonMnfld: 17.90789 + L_Nrml: 0.00000 + L_Eknl: 5.92230 + L_Div: 0.00000 + L_Morse: 0.25170
Epoch: 0 [5140/10000 (51%)] Unweighted L_s : L_Mnfld: 0.00084,  L_NonMnfld: 0.02985,  L_Nrml: 0.00000,  L_Eknl: 0.11845, L_Morse: 2.51704

Weights: [7000.0, 600.0, 0, 50.0, 0.0, 0.1], lr=5.000e-05
Epoch: 0 [5150/10000 (52%)] Loss: 30.11791 = L_Mnfld: 6.12958 + L_NonMnfld: 18.01062 + L_Nrml: 0.00000 + L_Eknl: 5.74723 + L_Div: 0.00000 + L_Morse: 0.23048
Epoch: 0 [5150/10000 (52%)] Unweighted L_s : L_Mnfld: 0.00088,  L_NonMnfld: 0.03002,  L_Nrml: 0.00000,  L_Eknl: 0.11494, L_Morse: 2.30481

Weights: [7000.0, 600.0, 0, 50.0, 0.0, 0.1], lr=5.000e-05
Epoch: 0 [5160/10000 (52%)] Loss: 30.46961 = L_Mnfld: 6.28360 + L_NonMnfld: 18.29627 + L_Nrml: 0.00000 + L_Eknl: 5.63479 + L_Div: 0.00000 + L_Morse: 0.25494
Epoch: 0 [5160/10000 (52%)] Unweighted L_s : L_Mnfld: 0.00090,  L_NonMnfld: 0.03049,  L_Nrml: 0.00000,  L_Eknl: 0.11270, L_Morse: 2.54944

Weights: [7000.0, 600.0, 0, 50.0, 0.0, 0.1], lr=5.000e-05
Epoch: 0 [5170/10000 (52%)] Loss: 29.99976 = L_Mnfld: 6.08587 + L_NonMnfld: 17.75450 + L_Nrml: 0.00000 + L_Eknl: 5.90277 + L_Div: 0.00000 + L_Morse: 0.25661
Epoch: 0 [5170/10000 (52%)] Unweighted L_s : L_Mnfld: 0.00087,  L_NonMnfld: 0.02959,  L_Nrml: 0.00000,  L_Eknl: 0.11806, L_Morse: 2.56610

Weights: [7000.0, 600.0, 0, 50.0, 0.0, 0.1], lr=5.000e-05
Epoch: 0 [5180/10000 (52%)] Loss: 29.78214 = L_Mnfld: 5.81619 + L_NonMnfld: 17.80322 + L_Nrml: 0.00000 + L_Eknl: 5.90360 + L_Div: 0.00000 + L_Morse: 0.25913
Epoch: 0 [5180/10000 (52%)] Unweighted L_s : L_Mnfld: 0.00083,  L_NonMnfld: 0.02967,  L_Nrml: 0.00000,  L_Eknl: 0.11807, L_Morse: 2.59130

Weights: [7000.0, 600.0, 0, 50.0, 0.0, 0.1], lr=5.000e-05
Epoch: 0 [5190/10000 (52%)] Loss: 29.67504 = L_Mnfld: 5.90384 + L_NonMnfld: 17.66832 + L_Nrml: 0.00000 + L_Eknl: 5.84332 + L_Div: 0.00000 + L_Morse: 0.25956
Epoch: 0 [5190/10000 (52%)] Unweighted L_s : L_Mnfld: 0.00084,  L_NonMnfld: 0.02945,  L_Nrml: 0.00000,  L_Eknl: 0.11687, L_Morse: 2.59556

Weights: [7000.0, 600.0, 0, 50.0, 0.0, 0.1], lr=5.000e-05
Epoch: 0 [5200/10000 (52%)] Loss: 28.97353 = L_Mnfld: 5.72879 + L_NonMnfld: 17.34894 + L_Nrml: 0.00000 + L_Eknl: 5.64162 + L_Div: 0.00000 + L_Morse: 0.25418
Epoch: 0 [5200/10000 (52%)] Unweighted L_s : L_Mnfld: 0.00082,  L_NonMnfld: 0.02891,  L_Nrml: 0.00000,  L_Eknl: 0.11283, L_Morse: 2.54183

Weights: [7000.0, 600.0, 0, 50.0, 0.0, 0.1], lr=5.000e-05
Epoch: 0 [5210/10000 (52%)] Loss: 28.92962 = L_Mnfld: 6.29933 + L_NonMnfld: 16.67910 + L_Nrml: 0.00000 + L_Eknl: 5.71030 + L_Div: 0.00000 + L_Morse: 0.24089
Epoch: 0 [5210/10000 (52%)] Unweighted L_s : L_Mnfld: 0.00090,  L_NonMnfld: 0.02780,  L_Nrml: 0.00000,  L_Eknl: 0.11421, L_Morse: 2.40892

Weights: [7000.0, 600.0, 0, 50.0, 0.0, 0.1], lr=5.000e-05
Epoch: 0 [5220/10000 (52%)] Loss: 30.07741 = L_Mnfld: 6.19854 + L_NonMnfld: 17.81658 + L_Nrml: 0.00000 + L_Eknl: 5.81003 + L_Div: 0.00000 + L_Morse: 0.25226
Epoch: 0 [5220/10000 (52%)] Unweighted L_s : L_Mnfld: 0.00089,  L_NonMnfld: 0.02969,  L_Nrml: 0.00000,  L_Eknl: 0.11620, L_Morse: 2.52264

Weights: [7000.0, 600.0, 0, 50.0, 0.0, 0.1], lr=5.000e-05
Epoch: 0 [5230/10000 (52%)] Loss: 30.35308 = L_Mnfld: 6.18755 + L_NonMnfld: 18.32272 + L_Nrml: 0.00000 + L_Eknl: 5.60459 + L_Div: 0.00000 + L_Morse: 0.23822
Epoch: 0 [5230/10000 (52%)] Unweighted L_s : L_Mnfld: 0.00088,  L_NonMnfld: 0.03054,  L_Nrml: 0.00000,  L_Eknl: 0.11209, L_Morse: 2.38222

Weights: [7000.0, 600.0, 0, 50.0, 0.0, 0.1], lr=5.000e-05
Epoch: 0 [5240/10000 (52%)] Loss: 29.95088 = L_Mnfld: 6.31355 + L_NonMnfld: 17.70922 + L_Nrml: 0.00000 + L_Eknl: 5.67510 + L_Div: 0.00000 + L_Morse: 0.25301
Epoch: 0 [5240/10000 (52%)] Unweighted L_s : L_Mnfld: 0.00090,  L_NonMnfld: 0.02952,  L_Nrml: 0.00000,  L_Eknl: 0.11350, L_Morse: 2.53009

Weights: [7000.0, 600.0, 0, 50.0, 0.0, 0.1], lr=5.000e-05
Epoch: 0 [5250/10000 (52%)] Loss: 30.93114 = L_Mnfld: 6.18082 + L_NonMnfld: 18.77770 + L_Nrml: 0.00000 + L_Eknl: 5.72633 + L_Div: 0.00000 + L_Morse: 0.24629
Epoch: 0 [5250/10000 (52%)] Unweighted L_s : L_Mnfld: 0.00088,  L_NonMnfld: 0.03130,  L_Nrml: 0.00000,  L_Eknl: 0.11453, L_Morse: 2.46292

Weights: [7000.0, 600.0, 0, 50.0, 0.0, 0.1], lr=5.000e-05
Epoch: 0 [5260/10000 (53%)] Loss: 31.01013 = L_Mnfld: 6.10083 + L_NonMnfld: 18.95476 + L_Nrml: 0.00000 + L_Eknl: 5.70759 + L_Div: 0.00000 + L_Morse: 0.24695
Epoch: 0 [5260/10000 (53%)] Unweighted L_s : L_Mnfld: 0.00087,  L_NonMnfld: 0.03159,  L_Nrml: 0.00000,  L_Eknl: 0.11415, L_Morse: 2.46948

Weights: [7000.0, 600.0, 0, 50.0, 0.0, 0.1], lr=5.000e-05
Epoch: 0 [5270/10000 (53%)] Loss: 30.20269 = L_Mnfld: 6.61608 + L_NonMnfld: 17.43375 + L_Nrml: 0.00000 + L_Eknl: 5.91384 + L_Div: 0.00000 + L_Morse: 0.23902
Epoch: 0 [5270/10000 (53%)] Unweighted L_s : L_Mnfld: 0.00095,  L_NonMnfld: 0.02906,  L_Nrml: 0.00000,  L_Eknl: 0.11828, L_Morse: 2.39018

Weights: [7000.0, 600.0, 0, 50.0, 0.0, 0.1], lr=5.000e-05
Epoch: 0 [5280/10000 (53%)] Loss: 30.08432 = L_Mnfld: 6.20276 + L_NonMnfld: 17.69579 + L_Nrml: 0.00000 + L_Eknl: 5.93244 + L_Div: 0.00000 + L_Morse: 0.25334
Epoch: 0 [5280/10000 (53%)] Unweighted L_s : L_Mnfld: 0.00089,  L_NonMnfld: 0.02949,  L_Nrml: 0.00000,  L_Eknl: 0.11865, L_Morse: 2.53338

Weights: [7000.0, 600.0, 0, 50.0, 0.0, 0.1], lr=5.000e-05
Epoch: 0 [5290/10000 (53%)] Loss: 30.77776 = L_Mnfld: 6.76362 + L_NonMnfld: 17.79756 + L_Nrml: 0.00000 + L_Eknl: 5.96678 + L_Div: 0.00000 + L_Morse: 0.24979
Epoch: 0 [5290/10000 (53%)] Unweighted L_s : L_Mnfld: 0.00097,  L_NonMnfld: 0.02966,  L_Nrml: 0.00000,  L_Eknl: 0.11934, L_Morse: 2.49790

Weights: [7000.0, 600.0, 0, 50.0, 0.0, 0.1], lr=5.000e-05
Epoch: 0 [5300/10000 (53%)] Loss: 30.50957 = L_Mnfld: 6.70292 + L_NonMnfld: 17.91121 + L_Nrml: 0.00000 + L_Eknl: 5.64057 + L_Div: 0.00000 + L_Morse: 0.25487
Epoch: 0 [5300/10000 (53%)] Unweighted L_s : L_Mnfld: 0.00096,  L_NonMnfld: 0.02985,  L_Nrml: 0.00000,  L_Eknl: 0.11281, L_Morse: 2.54868

Weights: [7000.0, 600.0, 0, 50.0, 0.0, 0.1], lr=5.000e-05
Epoch: 0 [5310/10000 (53%)] Loss: 28.54876 = L_Mnfld: 6.36962 + L_NonMnfld: 16.12219 + L_Nrml: 0.00000 + L_Eknl: 5.78688 + L_Div: 0.00000 + L_Morse: 0.27006
Epoch: 0 [5310/10000 (53%)] Unweighted L_s : L_Mnfld: 0.00091,  L_NonMnfld: 0.02687,  L_Nrml: 0.00000,  L_Eknl: 0.11574, L_Morse: 2.70062

Weights: [7000.0, 600.0, 0, 50.0, 0.0, 0.1], lr=5.000e-05
Epoch: 0 [5320/10000 (53%)] Loss: 29.22053 = L_Mnfld: 6.12116 + L_NonMnfld: 16.93882 + L_Nrml: 0.00000 + L_Eknl: 5.88996 + L_Div: 0.00000 + L_Morse: 0.27059
Epoch: 0 [5320/10000 (53%)] Unweighted L_s : L_Mnfld: 0.00087,  L_NonMnfld: 0.02823,  L_Nrml: 0.00000,  L_Eknl: 0.11780, L_Morse: 2.70585

Weights: [7000.0, 600.0, 0, 50.0, 0.0, 0.1], lr=5.000e-05
Epoch: 0 [5330/10000 (53%)] Loss: 30.38892 = L_Mnfld: 6.57415 + L_NonMnfld: 17.98198 + L_Nrml: 0.00000 + L_Eknl: 5.58074 + L_Div: 0.00000 + L_Morse: 0.25205
Epoch: 0 [5330/10000 (53%)] Unweighted L_s : L_Mnfld: 0.00094,  L_NonMnfld: 0.02997,  L_Nrml: 0.00000,  L_Eknl: 0.11161, L_Morse: 2.52053

Weights: [7000.0, 600.0, 0, 50.0, 0.0, 0.1], lr=5.000e-05
Epoch: 0 [5340/10000 (53%)] Loss: 30.27733 = L_Mnfld: 6.10413 + L_NonMnfld: 18.36552 + L_Nrml: 0.00000 + L_Eknl: 5.54728 + L_Div: 0.00000 + L_Morse: 0.26041
Epoch: 0 [5340/10000 (53%)] Unweighted L_s : L_Mnfld: 0.00087,  L_NonMnfld: 0.03061,  L_Nrml: 0.00000,  L_Eknl: 0.11095, L_Morse: 2.60406

Weights: [7000.0, 600.0, 0, 50.0, 0.0, 0.1], lr=5.000e-05
Epoch: 0 [5350/10000 (54%)] Loss: 29.51290 = L_Mnfld: 6.57634 + L_NonMnfld: 16.61989 + L_Nrml: 0.00000 + L_Eknl: 6.03748 + L_Div: 0.00000 + L_Morse: 0.27919
Epoch: 0 [5350/10000 (54%)] Unweighted L_s : L_Mnfld: 0.00094,  L_NonMnfld: 0.02770,  L_Nrml: 0.00000,  L_Eknl: 0.12075, L_Morse: 2.79191

Weights: [7000.0, 600.0, 0, 50.0, 0.0, 0.1], lr=5.000e-05
Epoch: 0 [5360/10000 (54%)] Loss: 30.72506 = L_Mnfld: 6.76461 + L_NonMnfld: 17.78323 + L_Nrml: 0.00000 + L_Eknl: 5.90571 + L_Div: 0.00000 + L_Morse: 0.27151
Epoch: 0 [5360/10000 (54%)] Unweighted L_s : L_Mnfld: 0.00097,  L_NonMnfld: 0.02964,  L_Nrml: 0.00000,  L_Eknl: 0.11811, L_Morse: 2.71509

Weights: [7000.0, 600.0, 0, 50.0, 0.0, 0.1], lr=5.000e-05
Epoch: 0 [5370/10000 (54%)] Loss: 29.54363 = L_Mnfld: 6.40194 + L_NonMnfld: 17.15261 + L_Nrml: 0.00000 + L_Eknl: 5.72542 + L_Div: 0.00000 + L_Morse: 0.26366
Epoch: 0 [5370/10000 (54%)] Unweighted L_s : L_Mnfld: 0.00091,  L_NonMnfld: 0.02859,  L_Nrml: 0.00000,  L_Eknl: 0.11451, L_Morse: 2.63664

Weights: [7000.0, 600.0, 0, 50.0, 0.0, 0.1], lr=5.000e-05
Epoch: 0 [5380/10000 (54%)] Loss: 29.29360 = L_Mnfld: 6.15792 + L_NonMnfld: 17.14453 + L_Nrml: 0.00000 + L_Eknl: 5.72111 + L_Div: 0.00000 + L_Morse: 0.27005
Epoch: 0 [5380/10000 (54%)] Unweighted L_s : L_Mnfld: 0.00088,  L_NonMnfld: 0.02857,  L_Nrml: 0.00000,  L_Eknl: 0.11442, L_Morse: 2.70046

Weights: [7000.0, 600.0, 0, 50.0, 0.0, 0.1], lr=5.000e-05
Epoch: 0 [5390/10000 (54%)] Loss: 30.10601 = L_Mnfld: 6.44339 + L_NonMnfld: 17.72272 + L_Nrml: 0.00000 + L_Eknl: 5.66487 + L_Div: 0.00000 + L_Morse: 0.27503
Epoch: 0 [5390/10000 (54%)] Unweighted L_s : L_Mnfld: 0.00092,  L_NonMnfld: 0.02954,  L_Nrml: 0.00000,  L_Eknl: 0.11330, L_Morse: 2.75028

Weights: [7000.0, 600.0, 0, 50.0, 0.0, 0.1], lr=5.000e-05
Epoch: 0 [5400/10000 (54%)] Loss: 30.34492 = L_Mnfld: 6.21332 + L_NonMnfld: 18.14802 + L_Nrml: 0.00000 + L_Eknl: 5.71787 + L_Div: 0.00000 + L_Morse: 0.26571
Epoch: 0 [5400/10000 (54%)] Unweighted L_s : L_Mnfld: 0.00089,  L_NonMnfld: 0.03025,  L_Nrml: 0.00000,  L_Eknl: 0.11436, L_Morse: 2.65714

Weights: [7000.0, 600.0, 0, 50.0, 0.0, 0.1], lr=5.000e-05
Epoch: 0 [5410/10000 (54%)] Loss: 28.46362 = L_Mnfld: 6.29719 + L_NonMnfld: 16.17410 + L_Nrml: 0.00000 + L_Eknl: 5.70627 + L_Div: 0.00000 + L_Morse: 0.28607
Epoch: 0 [5410/10000 (54%)] Unweighted L_s : L_Mnfld: 0.00090,  L_NonMnfld: 0.02696,  L_Nrml: 0.00000,  L_Eknl: 0.11413, L_Morse: 2.86071

Weights: [7000.0, 600.0, 0, 50.0, 0.0, 0.1], lr=5.000e-05
Epoch: 0 [5420/10000 (54%)] Loss: 29.86835 = L_Mnfld: 5.73180 + L_NonMnfld: 18.36177 + L_Nrml: 0.00000 + L_Eknl: 5.50422 + L_Div: 0.00000 + L_Morse: 0.27056
Epoch: 0 [5420/10000 (54%)] Unweighted L_s : L_Mnfld: 0.00082,  L_NonMnfld: 0.03060,  L_Nrml: 0.00000,  L_Eknl: 0.11008, L_Morse: 2.70562

Weights: [7000.0, 600.0, 0, 50.0, 0.0, 0.1], lr=5.000e-05
Epoch: 0 [5430/10000 (54%)] Loss: 29.87758 = L_Mnfld: 6.29340 + L_NonMnfld: 17.66290 + L_Nrml: 0.00000 + L_Eknl: 5.64820 + L_Div: 0.00000 + L_Morse: 0.27309
Epoch: 0 [5430/10000 (54%)] Unweighted L_s : L_Mnfld: 0.00090,  L_NonMnfld: 0.02944,  L_Nrml: 0.00000,  L_Eknl: 0.11296, L_Morse: 2.73085

Weights: [7000.0, 600.0, 0, 50.0, 0.0, 0.1], lr=5.000e-05
Epoch: 0 [5440/10000 (54%)] Loss: 28.25200 = L_Mnfld: 6.15477 + L_NonMnfld: 16.31443 + L_Nrml: 0.00000 + L_Eknl: 5.51064 + L_Div: 0.00000 + L_Morse: 0.27216
Epoch: 0 [5440/10000 (54%)] Unweighted L_s : L_Mnfld: 0.00088,  L_NonMnfld: 0.02719,  L_Nrml: 0.00000,  L_Eknl: 0.11021, L_Morse: 2.72157

Weights: [7000.0, 600.0, 0, 50.0, 0.0, 0.1], lr=5.000e-05
Epoch: 0 [5450/10000 (54%)] Loss: 29.76781 = L_Mnfld: 6.23591 + L_NonMnfld: 17.46002 + L_Nrml: 0.00000 + L_Eknl: 5.78940 + L_Div: 0.00000 + L_Morse: 0.28248
Epoch: 0 [5450/10000 (54%)] Unweighted L_s : L_Mnfld: 0.00089,  L_NonMnfld: 0.02910,  L_Nrml: 0.00000,  L_Eknl: 0.11579, L_Morse: 2.82482

Weights: [7000.0, 600.0, 0, 50.0, 0.0, 0.1], lr=5.000e-05
Epoch: 0 [5460/10000 (55%)] Loss: 29.46717 = L_Mnfld: 5.65947 + L_NonMnfld: 17.94993 + L_Nrml: 0.00000 + L_Eknl: 5.56963 + L_Div: 0.00000 + L_Morse: 0.28814
Epoch: 0 [5460/10000 (55%)] Unweighted L_s : L_Mnfld: 0.00081,  L_NonMnfld: 0.02992,  L_Nrml: 0.00000,  L_Eknl: 0.11139, L_Morse: 2.88136

Weights: [7000.0, 600.0, 0, 50.0, 0.0, 0.1], lr=5.000e-05
Epoch: 0 [5470/10000 (55%)] Loss: 28.93958 = L_Mnfld: 6.14755 + L_NonMnfld: 16.76669 + L_Nrml: 0.00000 + L_Eknl: 5.73752 + L_Div: 0.00000 + L_Morse: 0.28781
Epoch: 0 [5470/10000 (55%)] Unweighted L_s : L_Mnfld: 0.00088,  L_NonMnfld: 0.02794,  L_Nrml: 0.00000,  L_Eknl: 0.11475, L_Morse: 2.87814

Weights: [7000.0, 600.0, 0, 50.0, 0.0, 0.1], lr=5.000e-05
Epoch: 0 [5480/10000 (55%)] Loss: 29.52850 = L_Mnfld: 6.10983 + L_NonMnfld: 17.28236 + L_Nrml: 0.00000 + L_Eknl: 5.85158 + L_Div: 0.00000 + L_Morse: 0.28474
Epoch: 0 [5480/10000 (55%)] Unweighted L_s : L_Mnfld: 0.00087,  L_NonMnfld: 0.02880,  L_Nrml: 0.00000,  L_Eknl: 0.11703, L_Morse: 2.84735

Weights: [7000.0, 600.0, 0, 50.0, 0.0, 0.1], lr=5.000e-05
Epoch: 0 [5490/10000 (55%)] Loss: 29.70683 = L_Mnfld: 6.52611 + L_NonMnfld: 17.43629 + L_Nrml: 0.00000 + L_Eknl: 5.45533 + L_Div: 0.00000 + L_Morse: 0.28910
Epoch: 0 [5490/10000 (55%)] Unweighted L_s : L_Mnfld: 0.00093,  L_NonMnfld: 0.02906,  L_Nrml: 0.00000,  L_Eknl: 0.10911, L_Morse: 2.89097

Weights: [7000.0, 600.0, 0, 50.0, 0.0, 0.1], lr=5.000e-05
Epoch: 0 [5500/10000 (55%)] Loss: 30.17379 = L_Mnfld: 6.36125 + L_NonMnfld: 17.97860 + L_Nrml: 0.00000 + L_Eknl: 5.55622 + L_Div: 0.00000 + L_Morse: 0.27771
Epoch: 0 [5500/10000 (55%)] Unweighted L_s : L_Mnfld: 0.00091,  L_NonMnfld: 0.02996,  L_Nrml: 0.00000,  L_Eknl: 0.11112, L_Morse: 2.77714

Weights: [7000.0, 600.0, 0, 50.0, 0.0, 0.1], lr=5.000e-05
Epoch: 0 [5510/10000 (55%)] Loss: 30.61056 = L_Mnfld: 6.26689 + L_NonMnfld: 18.49447 + L_Nrml: 0.00000 + L_Eknl: 5.57011 + L_Div: 0.00000 + L_Morse: 0.27909
Epoch: 0 [5510/10000 (55%)] Unweighted L_s : L_Mnfld: 0.00090,  L_NonMnfld: 0.03082,  L_Nrml: 0.00000,  L_Eknl: 0.11140, L_Morse: 2.79093

Weights: [7000.0, 600.0, 0, 50.0, 0.0, 0.1], lr=5.000e-05
Epoch: 0 [5520/10000 (55%)] Loss: 30.69461 = L_Mnfld: 6.22644 + L_NonMnfld: 18.41054 + L_Nrml: 0.00000 + L_Eknl: 5.78032 + L_Div: 0.00000 + L_Morse: 0.27732
Epoch: 0 [5520/10000 (55%)] Unweighted L_s : L_Mnfld: 0.00089,  L_NonMnfld: 0.03068,  L_Nrml: 0.00000,  L_Eknl: 0.11561, L_Morse: 2.77318

Weights: [7000.0, 600.0, 0, 50.0, 0.0, 0.1], lr=5.000e-05
Epoch: 0 [5530/10000 (55%)] Loss: 30.18459 = L_Mnfld: 6.49348 + L_NonMnfld: 17.79257 + L_Nrml: 0.00000 + L_Eknl: 5.60752 + L_Div: 0.00000 + L_Morse: 0.29102
Epoch: 0 [5530/10000 (55%)] Unweighted L_s : L_Mnfld: 0.00093,  L_NonMnfld: 0.02965,  L_Nrml: 0.00000,  L_Eknl: 0.11215, L_Morse: 2.91020

Weights: [7000.0, 600.0, 0, 50.0, 0.0, 0.1], lr=5.000e-05
Epoch: 0 [5540/10000 (55%)] Loss: 27.82752 = L_Mnfld: 5.97166 + L_NonMnfld: 16.14414 + L_Nrml: 0.00000 + L_Eknl: 5.42230 + L_Div: 0.00000 + L_Morse: 0.28942
Epoch: 0 [5540/10000 (55%)] Unweighted L_s : L_Mnfld: 0.00085,  L_NonMnfld: 0.02691,  L_Nrml: 0.00000,  L_Eknl: 0.10845, L_Morse: 2.89419

Weights: [7000.0, 600.0, 0, 50.0, 0.0, 0.1], lr=5.000e-05
Epoch: 0 [5550/10000 (56%)] Loss: 29.16272 = L_Mnfld: 5.80021 + L_NonMnfld: 17.43846 + L_Nrml: 0.00000 + L_Eknl: 5.62956 + L_Div: 0.00000 + L_Morse: 0.29448
Epoch: 0 [5550/10000 (56%)] Unweighted L_s : L_Mnfld: 0.00083,  L_NonMnfld: 0.02906,  L_Nrml: 0.00000,  L_Eknl: 0.11259, L_Morse: 2.94485

Weights: [7000.0, 600.0, 0, 50.0, 0.0, 0.1], lr=5.000e-05
Epoch: 0 [5560/10000 (56%)] Loss: 29.62015 = L_Mnfld: 5.95862 + L_NonMnfld: 17.90447 + L_Nrml: 0.00000 + L_Eknl: 5.47704 + L_Div: 0.00000 + L_Morse: 0.28002
Epoch: 0 [5560/10000 (56%)] Unweighted L_s : L_Mnfld: 0.00085,  L_NonMnfld: 0.02984,  L_Nrml: 0.00000,  L_Eknl: 0.10954, L_Morse: 2.80024

Weights: [7000.0, 600.0, 0, 50.0, 0.0, 0.1], lr=5.000e-05
Epoch: 0 [5570/10000 (56%)] Loss: 29.03346 = L_Mnfld: 6.31885 + L_NonMnfld: 16.68093 + L_Nrml: 0.00000 + L_Eknl: 5.75021 + L_Div: 0.00000 + L_Morse: 0.28348
Epoch: 0 [5570/10000 (56%)] Unweighted L_s : L_Mnfld: 0.00090,  L_NonMnfld: 0.02780,  L_Nrml: 0.00000,  L_Eknl: 0.11500, L_Morse: 2.83477

Weights: [7000.0, 600.0, 0, 50.0, 0.0, 0.1], lr=5.000e-05
Epoch: 0 [5580/10000 (56%)] Loss: 29.12353 = L_Mnfld: 6.20709 + L_NonMnfld: 16.99990 + L_Nrml: 0.00000 + L_Eknl: 5.64264 + L_Div: 0.00000 + L_Morse: 0.27391
Epoch: 0 [5580/10000 (56%)] Unweighted L_s : L_Mnfld: 0.00089,  L_NonMnfld: 0.02833,  L_Nrml: 0.00000,  L_Eknl: 0.11285, L_Morse: 2.73907

Weights: [7000.0, 600.0, 0, 50.0, 0.0, 0.1], lr=5.000e-05
Epoch: 0 [5590/10000 (56%)] Loss: 29.16225 = L_Mnfld: 6.11161 + L_NonMnfld: 16.95408 + L_Nrml: 0.00000 + L_Eknl: 5.80637 + L_Div: 0.00000 + L_Morse: 0.29018
Epoch: 0 [5590/10000 (56%)] Unweighted L_s : L_Mnfld: 0.00087,  L_NonMnfld: 0.02826,  L_Nrml: 0.00000,  L_Eknl: 0.11613, L_Morse: 2.90184

Weights: [7000.0, 600.0, 0, 50.0, 0.0, 0.1], lr=5.000e-05
Epoch: 0 [5600/10000 (56%)] Loss: 30.06203 = L_Mnfld: 6.24875 + L_NonMnfld: 18.00034 + L_Nrml: 0.00000 + L_Eknl: 5.53270 + L_Div: 0.00000 + L_Morse: 0.28024
Epoch: 0 [5600/10000 (56%)] Unweighted L_s : L_Mnfld: 0.00089,  L_NonMnfld: 0.03000,  L_Nrml: 0.00000,  L_Eknl: 0.11065, L_Morse: 2.80239

Weights: [7000.0, 600.0, 0, 50.0, 0.0, 0.1], lr=5.000e-05
Epoch: 0 [5610/10000 (56%)] Loss: 29.29125 = L_Mnfld: 6.38267 + L_NonMnfld: 16.98342 + L_Nrml: 0.00000 + L_Eknl: 5.64144 + L_Div: 0.00000 + L_Morse: 0.28372
Epoch: 0 [5610/10000 (56%)] Unweighted L_s : L_Mnfld: 0.00091,  L_NonMnfld: 0.02831,  L_Nrml: 0.00000,  L_Eknl: 0.11283, L_Morse: 2.83715

Weights: [7000.0, 600.0, 0, 50.0, 0.0, 0.1], lr=5.000e-05
Epoch: 0 [5620/10000 (56%)] Loss: 29.28634 = L_Mnfld: 6.07287 + L_NonMnfld: 17.50653 + L_Nrml: 0.00000 + L_Eknl: 5.42233 + L_Div: 0.00000 + L_Morse: 0.28461
Epoch: 0 [5620/10000 (56%)] Unweighted L_s : L_Mnfld: 0.00087,  L_NonMnfld: 0.02918,  L_Nrml: 0.00000,  L_Eknl: 0.10845, L_Morse: 2.84614

Weights: [7000.0, 600.0, 0, 50.0, 0.0, 0.1], lr=5.000e-05
Epoch: 0 [5630/10000 (56%)] Loss: 30.04620 = L_Mnfld: 6.59251 + L_NonMnfld: 17.66971 + L_Nrml: 0.00000 + L_Eknl: 5.49102 + L_Div: 0.00000 + L_Morse: 0.29296
Epoch: 0 [5630/10000 (56%)] Unweighted L_s : L_Mnfld: 0.00094,  L_NonMnfld: 0.02945,  L_Nrml: 0.00000,  L_Eknl: 0.10982, L_Morse: 2.92959

Weights: [7000.0, 600.0, 0, 50.0, 0.0, 0.1], lr=5.000e-05
Epoch: 0 [5640/10000 (56%)] Loss: 29.22325 = L_Mnfld: 5.90051 + L_NonMnfld: 17.42967 + L_Nrml: 0.00000 + L_Eknl: 5.60534 + L_Div: 0.00000 + L_Morse: 0.28773
Epoch: 0 [5640/10000 (56%)] Unweighted L_s : L_Mnfld: 0.00084,  L_NonMnfld: 0.02905,  L_Nrml: 0.00000,  L_Eknl: 0.11211, L_Morse: 2.87733

Weights: [7000.0, 600.0, 0, 50.0, 0.0, 0.1], lr=5.000e-05
Epoch: 0 [5650/10000 (56%)] Loss: 31.58036 = L_Mnfld: 7.33727 + L_NonMnfld: 17.90591 + L_Nrml: 0.00000 + L_Eknl: 6.05000 + L_Div: 0.00000 + L_Morse: 0.28718
Epoch: 0 [5650/10000 (56%)] Unweighted L_s : L_Mnfld: 0.00105,  L_NonMnfld: 0.02984,  L_Nrml: 0.00000,  L_Eknl: 0.12100, L_Morse: 2.87176

Weights: [7000.0, 600.0, 0, 50.0, 0.0, 0.1], lr=5.000e-05
Epoch: 0 [5660/10000 (57%)] Loss: 29.98547 = L_Mnfld: 6.91021 + L_NonMnfld: 17.10718 + L_Nrml: 0.00000 + L_Eknl: 5.67802 + L_Div: 0.00000 + L_Morse: 0.29005
Epoch: 0 [5660/10000 (57%)] Unweighted L_s : L_Mnfld: 0.00099,  L_NonMnfld: 0.02851,  L_Nrml: 0.00000,  L_Eknl: 0.11356, L_Morse: 2.90054

Weights: [7000.0, 600.0, 0, 50.0, 0.0, 0.1], lr=5.000e-05
Epoch: 0 [5670/10000 (57%)] Loss: 29.09544 = L_Mnfld: 7.05168 + L_NonMnfld: 15.85920 + L_Nrml: 0.00000 + L_Eknl: 5.88190 + L_Div: 0.00000 + L_Morse: 0.30266
Epoch: 0 [5670/10000 (57%)] Unweighted L_s : L_Mnfld: 0.00101,  L_NonMnfld: 0.02643,  L_Nrml: 0.00000,  L_Eknl: 0.11764, L_Morse: 3.02659

Weights: [7000.0, 600.0, 0, 50.0, 0.0, 0.1], lr=5.000e-05
Epoch: 0 [5680/10000 (57%)] Loss: 31.48985 = L_Mnfld: 6.99161 + L_NonMnfld: 18.45920 + L_Nrml: 0.00000 + L_Eknl: 5.74630 + L_Div: 0.00000 + L_Morse: 0.29273
Epoch: 0 [5680/10000 (57%)] Unweighted L_s : L_Mnfld: 0.00100,  L_NonMnfld: 0.03077,  L_Nrml: 0.00000,  L_Eknl: 0.11493, L_Morse: 2.92726

Weights: [7000.0, 600.0, 0, 50.0, 0.0, 0.1], lr=5.000e-05
Epoch: 0 [5690/10000 (57%)] Loss: 32.26594 = L_Mnfld: 7.04355 + L_NonMnfld: 19.22311 + L_Nrml: 0.00000 + L_Eknl: 5.70329 + L_Div: 0.00000 + L_Morse: 0.29598
Epoch: 0 [5690/10000 (57%)] Unweighted L_s : L_Mnfld: 0.00101,  L_NonMnfld: 0.03204,  L_Nrml: 0.00000,  L_Eknl: 0.11407, L_Morse: 2.95981

Weights: [7000.0, 600.0, 0, 50.0, 0.0, 0.1], lr=5.000e-05
Epoch: 0 [5700/10000 (57%)] Loss: 28.86807 = L_Mnfld: 6.38857 + L_NonMnfld: 16.55460 + L_Nrml: 0.00000 + L_Eknl: 5.62444 + L_Div: 0.00000 + L_Morse: 0.30046
Epoch: 0 [5700/10000 (57%)] Unweighted L_s : L_Mnfld: 0.00091,  L_NonMnfld: 0.02759,  L_Nrml: 0.00000,  L_Eknl: 0.11249, L_Morse: 3.00464

Weights: [7000.0, 600.0, 0, 50.0, 0.0, 0.1], lr=5.000e-05
Epoch: 0 [5710/10000 (57%)] Loss: 32.14434 = L_Mnfld: 6.92043 + L_NonMnfld: 19.05342 + L_Nrml: 0.00000 + L_Eknl: 5.86299 + L_Div: 0.00000 + L_Morse: 0.30750
Epoch: 0 [5710/10000 (57%)] Unweighted L_s : L_Mnfld: 0.00099,  L_NonMnfld: 0.03176,  L_Nrml: 0.00000,  L_Eknl: 0.11726, L_Morse: 3.07496

Weights: [7000.0, 600.0, 0, 50.0, 0.0, 0.1], lr=5.000e-05
Epoch: 0 [5720/10000 (57%)] Loss: 31.74109 = L_Mnfld: 6.52344 + L_NonMnfld: 19.10254 + L_Nrml: 0.00000 + L_Eknl: 5.80447 + L_Div: 0.00000 + L_Morse: 0.31064
Epoch: 0 [5720/10000 (57%)] Unweighted L_s : L_Mnfld: 0.00093,  L_NonMnfld: 0.03184,  L_Nrml: 0.00000,  L_Eknl: 0.11609, L_Morse: 3.10641

Weights: [7000.0, 600.0, 0, 50.0, 0.0, 0.1], lr=5.000e-05
Epoch: 0 [5730/10000 (57%)] Loss: 30.10019 = L_Mnfld: 6.49994 + L_NonMnfld: 17.74224 + L_Nrml: 0.00000 + L_Eknl: 5.56364 + L_Div: 0.00000 + L_Morse: 0.29437
Epoch: 0 [5730/10000 (57%)] Unweighted L_s : L_Mnfld: 0.00093,  L_NonMnfld: 0.02957,  L_Nrml: 0.00000,  L_Eknl: 0.11127, L_Morse: 2.94371

Weights: [7000.0, 600.0, 0, 50.0, 0.0, 0.1], lr=5.000e-05
Epoch: 0 [5740/10000 (57%)] Loss: 29.13273 = L_Mnfld: 6.50121 + L_NonMnfld: 16.73003 + L_Nrml: 0.00000 + L_Eknl: 5.59207 + L_Div: 0.00000 + L_Morse: 0.30942
Epoch: 0 [5740/10000 (57%)] Unweighted L_s : L_Mnfld: 0.00093,  L_NonMnfld: 0.02788,  L_Nrml: 0.00000,  L_Eknl: 0.11184, L_Morse: 3.09415

Weights: [7000.0, 600.0, 0, 50.0, 0.0, 0.1], lr=5.000e-05
Epoch: 0 [5750/10000 (58%)] Loss: 29.05432 = L_Mnfld: 6.47430 + L_NonMnfld: 16.73955 + L_Nrml: 0.00000 + L_Eknl: 5.53835 + L_Div: 0.00000 + L_Morse: 0.30212
Epoch: 0 [5750/10000 (58%)] Unweighted L_s : L_Mnfld: 0.00092,  L_NonMnfld: 0.02790,  L_Nrml: 0.00000,  L_Eknl: 0.11077, L_Morse: 3.02123

Weights: [7000.0, 600.0, 0, 50.0, 0.0, 0.1], lr=5.000e-05
Epoch: 0 [5760/10000 (58%)] Loss: 30.15971 = L_Mnfld: 6.58484 + L_NonMnfld: 17.78101 + L_Nrml: 0.00000 + L_Eknl: 5.48731 + L_Div: 0.00000 + L_Morse: 0.30654
Epoch: 0 [5760/10000 (58%)] Unweighted L_s : L_Mnfld: 0.00094,  L_NonMnfld: 0.02964,  L_Nrml: 0.00000,  L_Eknl: 0.10975, L_Morse: 3.06544

Weights: [7000.0, 600.0, 0, 50.0, 0.0, 0.1], lr=5.000e-05
Epoch: 0 [5770/10000 (58%)] Loss: 29.70638 = L_Mnfld: 6.73657 + L_NonMnfld: 16.92927 + L_Nrml: 0.00000 + L_Eknl: 5.72978 + L_Div: 0.00000 + L_Morse: 0.31077
Epoch: 0 [5770/10000 (58%)] Unweighted L_s : L_Mnfld: 0.00096,  L_NonMnfld: 0.02822,  L_Nrml: 0.00000,  L_Eknl: 0.11460, L_Morse: 3.10767

Weights: [7000.0, 600.0, 0, 50.0, 0.0, 0.1], lr=5.000e-05
Epoch: 0 [5780/10000 (58%)] Loss: 29.67133 = L_Mnfld: 6.52880 + L_NonMnfld: 17.28927 + L_Nrml: 0.00000 + L_Eknl: 5.54803 + L_Div: 0.00000 + L_Morse: 0.30523
Epoch: 0 [5780/10000 (58%)] Unweighted L_s : L_Mnfld: 0.00093,  L_NonMnfld: 0.02882,  L_Nrml: 0.00000,  L_Eknl: 0.11096, L_Morse: 3.05234

Weights: [7000.0, 600.0, 0, 50.0, 0.0, 0.1], lr=5.000e-05
Epoch: 0 [5790/10000 (58%)] Loss: 30.48820 = L_Mnfld: 6.74019 + L_NonMnfld: 17.72783 + L_Nrml: 0.00000 + L_Eknl: 5.71857 + L_Div: 0.00000 + L_Morse: 0.30162
Epoch: 0 [5790/10000 (58%)] Unweighted L_s : L_Mnfld: 0.00096,  L_NonMnfld: 0.02955,  L_Nrml: 0.00000,  L_Eknl: 0.11437, L_Morse: 3.01616

Weights: [7000.0, 600.0, 0, 50.0, 0.0, 0.1], lr=5.000e-05
Epoch: 0 [5800/10000 (58%)] Loss: 30.12369 = L_Mnfld: 6.59915 + L_NonMnfld: 17.73829 + L_Nrml: 0.00000 + L_Eknl: 5.49108 + L_Div: 0.00000 + L_Morse: 0.29517
Epoch: 0 [5800/10000 (58%)] Unweighted L_s : L_Mnfld: 0.00094,  L_NonMnfld: 0.02956,  L_Nrml: 0.00000,  L_Eknl: 0.10982, L_Morse: 2.95168

Weights: [7000.0, 600.0, 0, 50.0, 0.0, 0.1], lr=5.000e-05
Epoch: 0 [5810/10000 (58%)] Loss: 31.83239 = L_Mnfld: 7.82219 + L_NonMnfld: 17.54529 + L_Nrml: 0.00000 + L_Eknl: 6.13930 + L_Div: 0.00000 + L_Morse: 0.32562
Epoch: 0 [5810/10000 (58%)] Unweighted L_s : L_Mnfld: 0.00112,  L_NonMnfld: 0.02924,  L_Nrml: 0.00000,  L_Eknl: 0.12279, L_Morse: 3.25616

Weights: [7000.0, 600.0, 0, 50.0, 0.0, 0.1], lr=5.000e-05
Epoch: 0 [5820/10000 (58%)] Loss: 30.84188 = L_Mnfld: 8.07015 + L_NonMnfld: 16.82497 + L_Nrml: 0.00000 + L_Eknl: 5.63277 + L_Div: 0.00000 + L_Morse: 0.31399
Epoch: 0 [5820/10000 (58%)] Unweighted L_s : L_Mnfld: 0.00115,  L_NonMnfld: 0.02804,  L_Nrml: 0.00000,  L_Eknl: 0.11266, L_Morse: 3.13992

Weights: [7000.0, 600.0, 0, 50.0, 0.0, 0.1], lr=5.000e-05
Epoch: 0 [5830/10000 (58%)] Loss: 30.86291 = L_Mnfld: 7.84714 + L_NonMnfld: 16.94897 + L_Nrml: 0.00000 + L_Eknl: 5.73877 + L_Div: 0.00000 + L_Morse: 0.32802
Epoch: 0 [5830/10000 (58%)] Unweighted L_s : L_Mnfld: 0.00112,  L_NonMnfld: 0.02825,  L_Nrml: 0.00000,  L_Eknl: 0.11478, L_Morse: 3.28023

Weights: [7000.0, 600.0, 0, 50.0, 0.0, 0.1], lr=5.000e-05
Epoch: 0 [5840/10000 (58%)] Loss: 30.80526 = L_Mnfld: 7.58099 + L_NonMnfld: 17.21705 + L_Nrml: 0.00000 + L_Eknl: 5.68977 + L_Div: 0.00000 + L_Morse: 0.31745
Epoch: 0 [5840/10000 (58%)] Unweighted L_s : L_Mnfld: 0.00108,  L_NonMnfld: 0.02870,  L_Nrml: 0.00000,  L_Eknl: 0.11380, L_Morse: 3.17451

Weights: [7000.0, 600.0, 0, 50.0, 0.0, 0.1], lr=5.000e-05
Epoch: 0 [5850/10000 (58%)] Loss: 31.42277 = L_Mnfld: 7.81462 + L_NonMnfld: 17.39039 + L_Nrml: 0.00000 + L_Eknl: 5.88315 + L_Div: 0.00000 + L_Morse: 0.33461
Epoch: 0 [5850/10000 (58%)] Unweighted L_s : L_Mnfld: 0.00112,  L_NonMnfld: 0.02898,  L_Nrml: 0.00000,  L_Eknl: 0.11766, L_Morse: 3.34610

Weights: [7000.0, 600.0, 0, 50.0, 0.0, 0.1], lr=5.000e-05
Epoch: 0 [5860/10000 (59%)] Loss: 32.60721 = L_Mnfld: 7.71919 + L_NonMnfld: 18.50132 + L_Nrml: 0.00000 + L_Eknl: 6.05357 + L_Div: 0.00000 + L_Morse: 0.33313
Epoch: 0 [5860/10000 (59%)] Unweighted L_s : L_Mnfld: 0.00110,  L_NonMnfld: 0.03084,  L_Nrml: 0.00000,  L_Eknl: 0.12107, L_Morse: 3.33134

Weights: [7000.0, 600.0, 0, 50.0, 0.0, 0.1], lr=5.000e-05
Epoch: 0 [5870/10000 (59%)] Loss: 32.11663 = L_Mnfld: 7.98417 + L_NonMnfld: 18.03754 + L_Nrml: 0.00000 + L_Eknl: 5.76690 + L_Div: 0.00000 + L_Morse: 0.32802
Epoch: 0 [5870/10000 (59%)] Unweighted L_s : L_Mnfld: 0.00114,  L_NonMnfld: 0.03006,  L_Nrml: 0.00000,  L_Eknl: 0.11534, L_Morse: 3.28020

Weights: [7000.0, 600.0, 0, 50.0, 0.0, 0.1], lr=5.000e-05
Epoch: 0 [5880/10000 (59%)] Loss: 30.15412 = L_Mnfld: 7.44669 + L_NonMnfld: 16.77030 + L_Nrml: 0.00000 + L_Eknl: 5.62819 + L_Div: 0.00000 + L_Morse: 0.30894
Epoch: 0 [5880/10000 (59%)] Unweighted L_s : L_Mnfld: 0.00106,  L_NonMnfld: 0.02795,  L_Nrml: 0.00000,  L_Eknl: 0.11256, L_Morse: 3.08939

Weights: [7000.0, 600.0, 0, 50.0, 0.0, 0.1], lr=5.000e-05
Epoch: 0 [5890/10000 (59%)] Loss: 30.47627 = L_Mnfld: 7.55045 + L_NonMnfld: 16.96117 + L_Nrml: 0.00000 + L_Eknl: 5.63170 + L_Div: 0.00000 + L_Morse: 0.33295
Epoch: 0 [5890/10000 (59%)] Unweighted L_s : L_Mnfld: 0.00108,  L_NonMnfld: 0.02827,  L_Nrml: 0.00000,  L_Eknl: 0.11263, L_Morse: 3.32952

Weights: [7000.0, 600.0, 0, 50.0, 0.0, 0.1], lr=5.000e-05
Epoch: 0 [5900/10000 (59%)] Loss: 31.09504 = L_Mnfld: 7.11393 + L_NonMnfld: 17.75609 + L_Nrml: 0.00000 + L_Eknl: 5.89416 + L_Div: 0.00000 + L_Morse: 0.33086
Epoch: 0 [5900/10000 (59%)] Unweighted L_s : L_Mnfld: 0.00102,  L_NonMnfld: 0.02959,  L_Nrml: 0.00000,  L_Eknl: 0.11788, L_Morse: 3.30862

Weights: [7000.0, 600.0, 0, 50.0, 0.0, 0.1], lr=5.000e-05
Epoch: 0 [5910/10000 (59%)] Loss: 30.64017 = L_Mnfld: 7.47737 + L_NonMnfld: 17.34416 + L_Nrml: 0.00000 + L_Eknl: 5.49022 + L_Div: 0.00000 + L_Morse: 0.32842
Epoch: 0 [5910/10000 (59%)] Unweighted L_s : L_Mnfld: 0.00107,  L_NonMnfld: 0.02891,  L_Nrml: 0.00000,  L_Eknl: 0.10980, L_Morse: 3.28421

Weights: [7000.0, 600.0, 0, 50.0, 0.0, 0.1], lr=5.000e-05
Epoch: 0 [5920/10000 (59%)] Loss: 31.45331 = L_Mnfld: 7.05596 + L_NonMnfld: 18.61381 + L_Nrml: 0.00000 + L_Eknl: 5.45664 + L_Div: 0.00000 + L_Morse: 0.32689
Epoch: 0 [5920/10000 (59%)] Unweighted L_s : L_Mnfld: 0.00101,  L_NonMnfld: 0.03102,  L_Nrml: 0.00000,  L_Eknl: 0.10913, L_Morse: 3.26891

Weights: [7000.0, 600.0, 0, 50.0, 0.0, 0.1], lr=5.000e-05
Epoch: 0 [5930/10000 (59%)] Loss: 31.08734 = L_Mnfld: 7.33099 + L_NonMnfld: 17.24250 + L_Nrml: 0.00000 + L_Eknl: 6.18038 + L_Div: 0.00000 + L_Morse: 0.33347
Epoch: 0 [5930/10000 (59%)] Unweighted L_s : L_Mnfld: 0.00105,  L_NonMnfld: 0.02874,  L_Nrml: 0.00000,  L_Eknl: 0.12361, L_Morse: 3.33475

Weights: [7000.0, 600.0, 0, 50.0, 0.0, 0.1], lr=5.000e-05
Epoch: 0 [5940/10000 (59%)] Loss: 31.16810 = L_Mnfld: 7.80847 + L_NonMnfld: 16.93735 + L_Nrml: 0.00000 + L_Eknl: 6.07502 + L_Div: 0.00000 + L_Morse: 0.34726
Epoch: 0 [5940/10000 (59%)] Unweighted L_s : L_Mnfld: 0.00112,  L_NonMnfld: 0.02823,  L_Nrml: 0.00000,  L_Eknl: 0.12150, L_Morse: 3.47262

Weights: [7000.0, 600.0, 0, 50.0, 0.0, 0.1], lr=5.000e-05
Epoch: 0 [5950/10000 (60%)] Loss: 31.94728 = L_Mnfld: 8.09559 + L_NonMnfld: 17.06444 + L_Nrml: 0.00000 + L_Eknl: 6.44569 + L_Div: 0.00000 + L_Morse: 0.34156
Epoch: 0 [5950/10000 (60%)] Unweighted L_s : L_Mnfld: 0.00116,  L_NonMnfld: 0.02844,  L_Nrml: 0.00000,  L_Eknl: 0.12891, L_Morse: 3.41559

Weights: [7000.0, 600.0, 0, 50.0, 0.0, 0.1], lr=5.000e-05
Epoch: 0 [5960/10000 (60%)] Loss: 31.12542 = L_Mnfld: 7.24343 + L_NonMnfld: 17.78947 + L_Nrml: 0.00000 + L_Eknl: 5.76549 + L_Div: 0.00000 + L_Morse: 0.32703
Epoch: 0 [5960/10000 (60%)] Unweighted L_s : L_Mnfld: 0.00103,  L_NonMnfld: 0.02965,  L_Nrml: 0.00000,  L_Eknl: 0.11531, L_Morse: 3.27032

Weights: [7000.0, 600.0, 0, 50.0, 0.0, 0.1], lr=5.000e-05
Epoch: 0 [5970/10000 (60%)] Loss: 30.38692 = L_Mnfld: 7.38901 + L_NonMnfld: 16.98371 + L_Nrml: 0.00000 + L_Eknl: 5.68051 + L_Div: 0.00000 + L_Morse: 0.33369
Epoch: 0 [5970/10000 (60%)] Unweighted L_s : L_Mnfld: 0.00106,  L_NonMnfld: 0.02831,  L_Nrml: 0.00000,  L_Eknl: 0.11361, L_Morse: 3.33688

Weights: [7000.0, 600.0, 0, 50.0, 0.0, 0.1], lr=5.000e-05
Epoch: 0 [5980/10000 (60%)] Loss: 30.12819 = L_Mnfld: 6.91559 + L_NonMnfld: 17.27860 + L_Nrml: 0.00000 + L_Eknl: 5.60588 + L_Div: 0.00000 + L_Morse: 0.32813
Epoch: 0 [5980/10000 (60%)] Unweighted L_s : L_Mnfld: 0.00099,  L_NonMnfld: 0.02880,  L_Nrml: 0.00000,  L_Eknl: 0.11212, L_Morse: 3.28127

Weights: [7000.0, 600.0, 0, 50.0, 0.0, 0.1], lr=5.000e-05
Epoch: 0 [5990/10000 (60%)] Loss: 29.07270 = L_Mnfld: 6.85317 + L_NonMnfld: 16.13462 + L_Nrml: 0.00000 + L_Eknl: 5.74918 + L_Div: 0.00000 + L_Morse: 0.33574
Epoch: 0 [5990/10000 (60%)] Unweighted L_s : L_Mnfld: 0.00098,  L_NonMnfld: 0.02689,  L_Nrml: 0.00000,  L_Eknl: 0.11498, L_Morse: 3.35736

Weights: [7000.0, 600.0, 0, 50.0, 0.0, 0.1], lr=5.000e-05
Epoch: 0 [6000/10000 (60%)] Loss: 30.40372 = L_Mnfld: 6.62740 + L_NonMnfld: 17.71176 + L_Nrml: 0.00000 + L_Eknl: 5.72267 + L_Div: 0.00000 + L_Morse: 0.34189
Epoch: 0 [6000/10000 (60%)] Unweighted L_s : L_Mnfld: 0.00095,  L_NonMnfld: 0.02952,  L_Nrml: 0.00000,  L_Eknl: 0.11445, L_Morse: 3.41894

Weights: [7000.0, 600.0, 0, 50.0, 0.0, 0.1], lr=5.000e-05
Epoch: 0 [6010/10000 (60%)] Loss: 31.49475 = L_Mnfld: 6.54385 + L_NonMnfld: 19.13110 + L_Nrml: 0.00000 + L_Eknl: 5.49460 + L_Div: 0.00000 + L_Morse: 0.32520
Epoch: 0 [6010/10000 (60%)] Unweighted L_s : L_Mnfld: 0.00093,  L_NonMnfld: 0.03189,  L_Nrml: 0.00000,  L_Eknl: 0.10989, L_Morse: 3.25203

Weights: [7000.0, 600.0, 0, 50.0, 0.0, 0.1], lr=5.000e-05
Epoch: 0 [6020/10000 (60%)] Loss: 30.94929 = L_Mnfld: 6.38693 + L_NonMnfld: 18.73886 + L_Nrml: 0.00000 + L_Eknl: 5.48403 + L_Div: 0.00000 + L_Morse: 0.33947
Epoch: 0 [6020/10000 (60%)] Unweighted L_s : L_Mnfld: 0.00091,  L_NonMnfld: 0.03123,  L_Nrml: 0.00000,  L_Eknl: 0.10968, L_Morse: 3.39471

Weights: [7000.0, 600.0, 0, 50.0, 0.0, 0.1], lr=5.000e-05
Epoch: 0 [6030/10000 (60%)] Loss: 28.41066 = L_Mnfld: 6.43352 + L_NonMnfld: 16.21844 + L_Nrml: 0.00000 + L_Eknl: 5.42541 + L_Div: 0.00000 + L_Morse: 0.33330
Epoch: 0 [6030/10000 (60%)] Unweighted L_s : L_Mnfld: 0.00092,  L_NonMnfld: 0.02703,  L_Nrml: 0.00000,  L_Eknl: 0.10851, L_Morse: 3.33297

Weights: [7000.0, 600.0, 0, 50.0, 0.0, 0.1], lr=5.000e-05
Epoch: 0 [6040/10000 (60%)] Loss: 28.75676 = L_Mnfld: 6.20396 + L_NonMnfld: 16.72248 + L_Nrml: 0.00000 + L_Eknl: 5.50068 + L_Div: 0.00000 + L_Morse: 0.32965
Epoch: 0 [6040/10000 (60%)] Unweighted L_s : L_Mnfld: 0.00089,  L_NonMnfld: 0.02787,  L_Nrml: 0.00000,  L_Eknl: 0.11001, L_Morse: 3.29648

Weights: [7000.0, 600.0, 0, 50.0, 0.0, 0.1], lr=5.000e-05
Epoch: 0 [6050/10000 (60%)] Loss: 29.57293 = L_Mnfld: 6.66243 + L_NonMnfld: 16.81079 + L_Nrml: 0.00000 + L_Eknl: 5.78055 + L_Div: 0.00000 + L_Morse: 0.31916
Epoch: 0 [6050/10000 (60%)] Unweighted L_s : L_Mnfld: 0.00095,  L_NonMnfld: 0.02802,  L_Nrml: 0.00000,  L_Eknl: 0.11561, L_Morse: 3.19164

Weights: [7000.0, 600.0, 0, 50.0, 0.0, 0.1], lr=5.000e-05
Epoch: 0 [6060/10000 (61%)] Loss: 29.18597 = L_Mnfld: 6.72186 + L_NonMnfld: 16.82106 + L_Nrml: 0.00000 + L_Eknl: 5.32961 + L_Div: 0.00000 + L_Morse: 0.31344
Epoch: 0 [6060/10000 (61%)] Unweighted L_s : L_Mnfld: 0.00096,  L_NonMnfld: 0.02804,  L_Nrml: 0.00000,  L_Eknl: 0.10659, L_Morse: 3.13439

Weights: [7000.0, 600.0, 0, 50.0, 0.0, 0.1], lr=5.000e-05
Epoch: 0 [6070/10000 (61%)] Loss: 30.58038 = L_Mnfld: 7.24808 + L_NonMnfld: 17.40234 + L_Nrml: 0.00000 + L_Eknl: 5.60168 + L_Div: 0.00000 + L_Morse: 0.32828
Epoch: 0 [6070/10000 (61%)] Unweighted L_s : L_Mnfld: 0.00104,  L_NonMnfld: 0.02900,  L_Nrml: 0.00000,  L_Eknl: 0.11203, L_Morse: 3.28278

Weights: [7000.0, 600.0, 0, 50.0, 0.0, 0.1], lr=5.000e-05
Epoch: 0 [6080/10000 (61%)] Loss: 31.40225 = L_Mnfld: 6.89821 + L_NonMnfld: 18.81918 + L_Nrml: 0.00000 + L_Eknl: 5.35177 + L_Div: 0.00000 + L_Morse: 0.33309
Epoch: 0 [6080/10000 (61%)] Unweighted L_s : L_Mnfld: 0.00099,  L_NonMnfld: 0.03137,  L_Nrml: 0.00000,  L_Eknl: 0.10704, L_Morse: 3.33086

Weights: [7000.0, 600.0, 0, 50.0, 0.0, 0.1], lr=5.000e-05
Epoch: 0 [6090/10000 (61%)] Loss: 29.53160 = L_Mnfld: 6.43562 + L_NonMnfld: 17.21746 + L_Nrml: 0.00000 + L_Eknl: 5.53069 + L_Div: 0.00000 + L_Morse: 0.34783
Epoch: 0 [6090/10000 (61%)] Unweighted L_s : L_Mnfld: 0.00092,  L_NonMnfld: 0.02870,  L_Nrml: 0.00000,  L_Eknl: 0.11061, L_Morse: 3.47826

Weights: [7000.0, 600.0, 0, 50.0, 0.0, 0.1], lr=5.000e-05
Epoch: 0 [6100/10000 (61%)] Loss: 30.62448 = L_Mnfld: 6.43752 + L_NonMnfld: 18.35239 + L_Nrml: 0.00000 + L_Eknl: 5.50011 + L_Div: 0.00000 + L_Morse: 0.33446
Epoch: 0 [6100/10000 (61%)] Unweighted L_s : L_Mnfld: 0.00092,  L_NonMnfld: 0.03059,  L_Nrml: 0.00000,  L_Eknl: 0.11000, L_Morse: 3.34463

Weights: [7000.0, 600.0, 0, 50.0, 0.0, 0.1], lr=5.000e-05
Epoch: 0 [6110/10000 (61%)] Loss: 29.17181 = L_Mnfld: 6.54893 + L_NonMnfld: 16.68809 + L_Nrml: 0.00000 + L_Eknl: 5.60879 + L_Div: 0.00000 + L_Morse: 0.32600
Epoch: 0 [6110/10000 (61%)] Unweighted L_s : L_Mnfld: 0.00094,  L_NonMnfld: 0.02781,  L_Nrml: 0.00000,  L_Eknl: 0.11218, L_Morse: 3.26001

Weights: [7000.0, 600.0, 0, 50.0, 0.0, 0.1], lr=5.000e-05
Epoch: 0 [6120/10000 (61%)] Loss: 30.16275 = L_Mnfld: 6.71668 + L_NonMnfld: 17.83918 + L_Nrml: 0.00000 + L_Eknl: 5.28361 + L_Div: 0.00000 + L_Morse: 0.32328
Epoch: 0 [6120/10000 (61%)] Unweighted L_s : L_Mnfld: 0.00096,  L_NonMnfld: 0.02973,  L_Nrml: 0.00000,  L_Eknl: 0.10567, L_Morse: 3.23275

Weights: [7000.0, 600.0, 0, 50.0, 0.0, 0.1], lr=5.000e-05
Epoch: 0 [6130/10000 (61%)] Loss: 28.94988 = L_Mnfld: 6.37822 + L_NonMnfld: 16.83783 + L_Nrml: 0.00000 + L_Eknl: 5.39095 + L_Div: 0.00000 + L_Morse: 0.34289
Epoch: 0 [6130/10000 (61%)] Unweighted L_s : L_Mnfld: 0.00091,  L_NonMnfld: 0.02806,  L_Nrml: 0.00000,  L_Eknl: 0.10782, L_Morse: 3.42892

Weights: [7000.0, 600.0, 0, 50.0, 0.0, 0.1], lr=5.000e-05
Epoch: 0 [6140/10000 (61%)] Loss: 30.59711 = L_Mnfld: 6.41480 + L_NonMnfld: 18.44728 + L_Nrml: 0.00000 + L_Eknl: 5.40592 + L_Div: 0.00000 + L_Morse: 0.32911
Epoch: 0 [6140/10000 (61%)] Unweighted L_s : L_Mnfld: 0.00092,  L_NonMnfld: 0.03075,  L_Nrml: 0.00000,  L_Eknl: 0.10812, L_Morse: 3.29112

Weights: [7000.0, 600.0, 0, 50.0, 0.0, 0.1], lr=5.000e-05
Epoch: 0 [6150/10000 (62%)] Loss: 28.80227 = L_Mnfld: 6.45655 + L_NonMnfld: 16.71350 + L_Nrml: 0.00000 + L_Eknl: 5.31604 + L_Div: 0.00000 + L_Morse: 0.31618
Epoch: 0 [6150/10000 (62%)] Unweighted L_s : L_Mnfld: 0.00092,  L_NonMnfld: 0.02786,  L_Nrml: 0.00000,  L_Eknl: 0.10632, L_Morse: 3.16181

Weights: [7000.0, 600.0, 0, 50.0, 0.0, 0.1], lr=5.000e-05
Epoch: 0 [6160/10000 (62%)] Loss: 30.78782 = L_Mnfld: 6.57212 + L_NonMnfld: 18.43906 + L_Nrml: 0.00000 + L_Eknl: 5.45861 + L_Div: 0.00000 + L_Morse: 0.31803
Epoch: 0 [6160/10000 (62%)] Unweighted L_s : L_Mnfld: 0.00094,  L_NonMnfld: 0.03073,  L_Nrml: 0.00000,  L_Eknl: 0.10917, L_Morse: 3.18034

Weights: [7000.0, 600.0, 0, 50.0, 0.0, 0.1], lr=5.000e-05
Epoch: 0 [6170/10000 (62%)] Loss: 30.84751 = L_Mnfld: 6.67848 + L_NonMnfld: 18.45328 + L_Nrml: 0.00000 + L_Eknl: 5.39740 + L_Div: 0.00000 + L_Morse: 0.31835
Epoch: 0 [6170/10000 (62%)] Unweighted L_s : L_Mnfld: 0.00095,  L_NonMnfld: 0.03076,  L_Nrml: 0.00000,  L_Eknl: 0.10795, L_Morse: 3.18351

Weights: [7000.0, 600.0, 0, 50.0, 0.0, 0.1], lr=5.000e-05
Epoch: 0 [6180/10000 (62%)] Loss: 30.82755 = L_Mnfld: 6.90484 + L_NonMnfld: 18.07966 + L_Nrml: 0.00000 + L_Eknl: 5.52712 + L_Div: 0.00000 + L_Morse: 0.31593
Epoch: 0 [6180/10000 (62%)] Unweighted L_s : L_Mnfld: 0.00099,  L_NonMnfld: 0.03013,  L_Nrml: 0.00000,  L_Eknl: 0.11054, L_Morse: 3.15930

Weights: [7000.0, 600.0, 0, 50.0, 0.0, 0.1], lr=5.000e-05
Epoch: 0 [6190/10000 (62%)] Loss: 30.19159 = L_Mnfld: 7.03256 + L_NonMnfld: 17.39780 + L_Nrml: 0.00000 + L_Eknl: 5.44367 + L_Div: 0.00000 + L_Morse: 0.31755
Epoch: 0 [6190/10000 (62%)] Unweighted L_s : L_Mnfld: 0.00100,  L_NonMnfld: 0.02900,  L_Nrml: 0.00000,  L_Eknl: 0.10887, L_Morse: 3.17554

Weights: [7000.0, 600.0, 0, 50.0, 0.0, 0.1], lr=5.000e-05
Epoch: 0 [6200/10000 (62%)] Loss: 29.81077 = L_Mnfld: 6.51541 + L_NonMnfld: 17.55248 + L_Nrml: 0.00000 + L_Eknl: 5.41197 + L_Div: 0.00000 + L_Morse: 0.33092
Epoch: 0 [6200/10000 (62%)] Unweighted L_s : L_Mnfld: 0.00093,  L_NonMnfld: 0.02925,  L_Nrml: 0.00000,  L_Eknl: 0.10824, L_Morse: 3.30916

Weights: [7000.0, 600.0, 0, 50.0, 0.0, 0.1], lr=5.000e-05
Epoch: 0 [6210/10000 (62%)] Loss: 28.90208 = L_Mnfld: 6.44762 + L_NonMnfld: 16.56645 + L_Nrml: 0.00000 + L_Eknl: 5.54657 + L_Div: 0.00000 + L_Morse: 0.34144
Epoch: 0 [6210/10000 (62%)] Unweighted L_s : L_Mnfld: 0.00092,  L_NonMnfld: 0.02761,  L_Nrml: 0.00000,  L_Eknl: 0.11093, L_Morse: 3.41440

Weights: [7000.0, 600.0, 0, 50.0, 0.0, 0.1], lr=5.000e-05
Epoch: 0 [6220/10000 (62%)] Loss: 29.20721 = L_Mnfld: 6.53425 + L_NonMnfld: 16.88964 + L_Nrml: 0.00000 + L_Eknl: 5.43251 + L_Div: 0.00000 + L_Morse: 0.35080
Epoch: 0 [6220/10000 (62%)] Unweighted L_s : L_Mnfld: 0.00093,  L_NonMnfld: 0.02815,  L_Nrml: 0.00000,  L_Eknl: 0.10865, L_Morse: 3.50801

Weights: [7000.0, 600.0, 0, 50.0, 0.0, 0.1], lr=5.000e-05
Epoch: 0 [6230/10000 (62%)] Loss: 29.64087 = L_Mnfld: 6.52213 + L_NonMnfld: 17.14971 + L_Nrml: 0.00000 + L_Eknl: 5.63557 + L_Div: 0.00000 + L_Morse: 0.33348
Epoch: 0 [6230/10000 (62%)] Unweighted L_s : L_Mnfld: 0.00093,  L_NonMnfld: 0.02858,  L_Nrml: 0.00000,  L_Eknl: 0.11271, L_Morse: 3.33476

Weights: [7000.0, 600.0, 0, 50.0, 0.0, 0.1], lr=5.000e-05
Epoch: 0 [6240/10000 (62%)] Loss: 29.75200 = L_Mnfld: 6.37243 + L_NonMnfld: 17.54367 + L_Nrml: 0.00000 + L_Eknl: 5.48979 + L_Div: 0.00000 + L_Morse: 0.34611
Epoch: 0 [6240/10000 (62%)] Unweighted L_s : L_Mnfld: 0.00091,  L_NonMnfld: 0.02924,  L_Nrml: 0.00000,  L_Eknl: 0.10980, L_Morse: 3.46114

Weights: [7000.0, 600.0, 0, 50.0, 0.0, 0.1], lr=5.000e-05
Epoch: 0 [6250/10000 (62%)] Loss: 31.58536 = L_Mnfld: 6.66456 + L_NonMnfld: 19.17418 + L_Nrml: 0.00000 + L_Eknl: 5.41150 + L_Div: 0.00000 + L_Morse: 0.33512
Epoch: 0 [6250/10000 (62%)] Unweighted L_s : L_Mnfld: 0.00095,  L_NonMnfld: 0.03196,  L_Nrml: 0.00000,  L_Eknl: 0.10823, L_Morse: 3.35119

Weights: [7000.0, 600.0, 0, 50.0, 0.0, 0.1], lr=5.000e-05
Epoch: 0 [6260/10000 (63%)] Loss: 28.82261 = L_Mnfld: 6.69092 + L_NonMnfld: 16.11751 + L_Nrml: 0.00000 + L_Eknl: 5.68057 + L_Div: 0.00000 + L_Morse: 0.33362
Epoch: 0 [6260/10000 (63%)] Unweighted L_s : L_Mnfld: 0.00096,  L_NonMnfld: 0.02686,  L_Nrml: 0.00000,  L_Eknl: 0.11361, L_Morse: 3.33622

Weights: [7000.0, 600.0, 0, 50.0, 0.0, 0.1], lr=5.000e-05
Epoch: 0 [6270/10000 (63%)] Loss: 29.73543 = L_Mnfld: 6.87466 + L_NonMnfld: 17.13566 + L_Nrml: 0.00000 + L_Eknl: 5.40373 + L_Div: 0.00000 + L_Morse: 0.32138
Epoch: 0 [6270/10000 (63%)] Unweighted L_s : L_Mnfld: 0.00098,  L_NonMnfld: 0.02856,  L_Nrml: 0.00000,  L_Eknl: 0.10807, L_Morse: 3.21375

Weights: [7000.0, 600.0, 0, 50.0, 0.0, 0.1], lr=5.000e-05
Epoch: 0 [6280/10000 (63%)] Loss: 29.21108 = L_Mnfld: 7.05204 + L_NonMnfld: 16.34412 + L_Nrml: 0.00000 + L_Eknl: 5.47620 + L_Div: 0.00000 + L_Morse: 0.33872
Epoch: 0 [6280/10000 (63%)] Unweighted L_s : L_Mnfld: 0.00101,  L_NonMnfld: 0.02724,  L_Nrml: 0.00000,  L_Eknl: 0.10952, L_Morse: 3.38717

Weights: [7000.0, 600.0, 0, 50.0, 0.0, 0.1], lr=5.000e-05
Epoch: 0 [6290/10000 (63%)] Loss: 29.78544 = L_Mnfld: 7.31140 + L_NonMnfld: 16.53789 + L_Nrml: 0.00000 + L_Eknl: 5.60419 + L_Div: 0.00000 + L_Morse: 0.33196
Epoch: 0 [6290/10000 (63%)] Unweighted L_s : L_Mnfld: 0.00104,  L_NonMnfld: 0.02756,  L_Nrml: 0.00000,  L_Eknl: 0.11208, L_Morse: 3.31963

Weights: [7000.0, 600.0, 0, 50.0, 0.0, 0.1], lr=5.000e-05
Epoch: 0 [6300/10000 (63%)] Loss: 30.12793 = L_Mnfld: 6.55271 + L_NonMnfld: 17.68743 + L_Nrml: 0.00000 + L_Eknl: 5.55196 + L_Div: 0.00000 + L_Morse: 0.33583
Epoch: 0 [6300/10000 (63%)] Unweighted L_s : L_Mnfld: 0.00094,  L_NonMnfld: 0.02948,  L_Nrml: 0.00000,  L_Eknl: 0.11104, L_Morse: 3.35831

Weights: [7000.0, 600.0, 0, 50.0, 0.0, 0.1], lr=5.000e-05
Epoch: 0 [6310/10000 (63%)] Loss: 30.10603 = L_Mnfld: 6.46323 + L_NonMnfld: 17.84822 + L_Nrml: 0.00000 + L_Eknl: 5.47196 + L_Div: 0.00000 + L_Morse: 0.32262
Epoch: 0 [6310/10000 (63%)] Unweighted L_s : L_Mnfld: 0.00092,  L_NonMnfld: 0.02975,  L_Nrml: 0.00000,  L_Eknl: 0.10944, L_Morse: 3.22615

Weights: [7000.0, 600.0, 0, 50.0, 0.0, 0.1], lr=5.000e-05
Epoch: 0 [6320/10000 (63%)] Loss: 29.88452 = L_Mnfld: 6.64320 + L_NonMnfld: 17.75119 + L_Nrml: 0.00000 + L_Eknl: 5.16343 + L_Div: 0.00000 + L_Morse: 0.32670
Epoch: 0 [6320/10000 (63%)] Unweighted L_s : L_Mnfld: 0.00095,  L_NonMnfld: 0.02959,  L_Nrml: 0.00000,  L_Eknl: 0.10327, L_Morse: 3.26695

Weights: [7000.0, 600.0, 0, 50.0, 0.0, 0.1], lr=5.000e-05
Epoch: 0 [6330/10000 (63%)] Loss: 29.14010 = L_Mnfld: 6.46805 + L_NonMnfld: 16.82430 + L_Nrml: 0.00000 + L_Eknl: 5.48527 + L_Div: 0.00000 + L_Morse: 0.36248
Epoch: 0 [6330/10000 (63%)] Unweighted L_s : L_Mnfld: 0.00092,  L_NonMnfld: 0.02804,  L_Nrml: 0.00000,  L_Eknl: 0.10971, L_Morse: 3.62477

Weights: [7000.0, 600.0, 0, 50.0, 0.0, 0.1], lr=5.000e-05
Epoch: 0 [6340/10000 (63%)] Loss: 29.91346 = L_Mnfld: 6.23944 + L_NonMnfld: 17.99376 + L_Nrml: 0.00000 + L_Eknl: 5.35233 + L_Div: 0.00000 + L_Morse: 0.32793
Epoch: 0 [6340/10000 (63%)] Unweighted L_s : L_Mnfld: 0.00089,  L_NonMnfld: 0.02999,  L_Nrml: 0.00000,  L_Eknl: 0.10705, L_Morse: 3.27932

Weights: [7000.0, 600.0, 0, 50.0, 0.0, 0.1], lr=5.000e-05
Epoch: 0 [6350/10000 (64%)] Loss: 27.74520 = L_Mnfld: 6.57730 + L_NonMnfld: 15.34006 + L_Nrml: 0.00000 + L_Eknl: 5.49288 + L_Div: 0.00000 + L_Morse: 0.33496
Epoch: 0 [6350/10000 (64%)] Unweighted L_s : L_Mnfld: 0.00094,  L_NonMnfld: 0.02557,  L_Nrml: 0.00000,  L_Eknl: 0.10986, L_Morse: 3.34960

Weights: [7000.0, 600.0, 0, 50.0, 0.0, 0.1], lr=5.000e-05
Epoch: 0 [6360/10000 (64%)] Loss: 27.50447 = L_Mnfld: 6.64876 + L_NonMnfld: 14.84627 + L_Nrml: 0.00000 + L_Eknl: 5.65601 + L_Div: 0.00000 + L_Morse: 0.35343
Epoch: 0 [6360/10000 (64%)] Unweighted L_s : L_Mnfld: 0.00095,  L_NonMnfld: 0.02474,  L_Nrml: 0.00000,  L_Eknl: 0.11312, L_Morse: 3.53431

Weights: [7000.0, 600.0, 0, 50.0, 0.0, 0.1], lr=5.000e-05
Epoch: 0 [6370/10000 (64%)] Loss: 30.12746 = L_Mnfld: 7.26370 + L_NonMnfld: 16.51837 + L_Nrml: 0.00000 + L_Eknl: 6.00410 + L_Div: 0.00000 + L_Morse: 0.34129
Epoch: 0 [6370/10000 (64%)] Unweighted L_s : L_Mnfld: 0.00104,  L_NonMnfld: 0.02753,  L_Nrml: 0.00000,  L_Eknl: 0.12008, L_Morse: 3.41287

Weights: [7000.0, 600.0, 0, 50.0, 0.0, 0.1], lr=5.000e-05
Epoch: 0 [6380/10000 (64%)] Loss: 30.03231 = L_Mnfld: 7.21728 + L_NonMnfld: 16.85793 + L_Nrml: 0.00000 + L_Eknl: 5.61584 + L_Div: 0.00000 + L_Morse: 0.34126
Epoch: 0 [6380/10000 (64%)] Unweighted L_s : L_Mnfld: 0.00103,  L_NonMnfld: 0.02810,  L_Nrml: 0.00000,  L_Eknl: 0.11232, L_Morse: 3.41264

Weights: [7000.0, 600.0, 0, 50.0, 0.0, 0.1], lr=5.000e-05
Epoch: 0 [6390/10000 (64%)] Loss: 30.56834 = L_Mnfld: 6.92262 + L_NonMnfld: 17.49782 + L_Nrml: 0.00000 + L_Eknl: 5.80116 + L_Div: 0.00000 + L_Morse: 0.34675
Epoch: 0 [6390/10000 (64%)] Unweighted L_s : L_Mnfld: 0.00099,  L_NonMnfld: 0.02916,  L_Nrml: 0.00000,  L_Eknl: 0.11602, L_Morse: 3.46747

Weights: [7000.0, 600.0, 0, 50.0, 0.0, 0.1], lr=5.000e-05
Epoch: 0 [6400/10000 (64%)] Loss: 28.56563 = L_Mnfld: 6.71700 + L_NonMnfld: 15.86992 + L_Nrml: 0.00000 + L_Eknl: 5.63497 + L_Div: 0.00000 + L_Morse: 0.34374
Epoch: 0 [6400/10000 (64%)] Unweighted L_s : L_Mnfld: 0.00096,  L_NonMnfld: 0.02645,  L_Nrml: 0.00000,  L_Eknl: 0.11270, L_Morse: 3.43740

Weights: [7000.0, 600.0, 0, 50.0, 0.0, 0.1], lr=5.000e-05
Epoch: 0 [6410/10000 (64%)] Loss: 29.40365 = L_Mnfld: 6.84196 + L_NonMnfld: 16.49981 + L_Nrml: 0.00000 + L_Eknl: 5.71763 + L_Div: 0.00000 + L_Morse: 0.34424
Epoch: 0 [6410/10000 (64%)] Unweighted L_s : L_Mnfld: 0.00098,  L_NonMnfld: 0.02750,  L_Nrml: 0.00000,  L_Eknl: 0.11435, L_Morse: 3.44237

Weights: [7000.0, 600.0, 0, 50.0, 0.0, 0.1], lr=5.000e-05
Epoch: 0 [6420/10000 (64%)] Loss: 29.35282 = L_Mnfld: 6.46906 + L_NonMnfld: 17.32392 + L_Nrml: 0.00000 + L_Eknl: 5.22695 + L_Div: 0.00000 + L_Morse: 0.33289
Epoch: 0 [6420/10000 (64%)] Unweighted L_s : L_Mnfld: 0.00092,  L_NonMnfld: 0.02887,  L_Nrml: 0.00000,  L_Eknl: 0.10454, L_Morse: 3.32888

Weights: [7000.0, 600.0, 0, 50.0, 0.0, 0.1], lr=5.000e-05
Epoch: 0 [6430/10000 (64%)] Loss: 28.89100 = L_Mnfld: 6.57986 + L_NonMnfld: 16.62207 + L_Nrml: 0.00000 + L_Eknl: 5.36138 + L_Div: 0.00000 + L_Morse: 0.32768
Epoch: 0 [6430/10000 (64%)] Unweighted L_s : L_Mnfld: 0.00094,  L_NonMnfld: 0.02770,  L_Nrml: 0.00000,  L_Eknl: 0.10723, L_Morse: 3.27678

Weights: [7000.0, 600.0, 0, 50.0, 0.0, 0.1], lr=5.000e-05
Epoch: 0 [6440/10000 (64%)] Loss: 29.42500 = L_Mnfld: 6.70336 + L_NonMnfld: 16.74754 + L_Nrml: 0.00000 + L_Eknl: 5.61858 + L_Div: 0.00000 + L_Morse: 0.35552
Epoch: 0 [6440/10000 (64%)] Unweighted L_s : L_Mnfld: 0.00096,  L_NonMnfld: 0.02791,  L_Nrml: 0.00000,  L_Eknl: 0.11237, L_Morse: 3.55523

Weights: [7000.0, 600.0, 0, 50.0, 0.0, 0.1], lr=5.000e-05
Epoch: 0 [6450/10000 (64%)] Loss: 29.51206 = L_Mnfld: 7.00750 + L_NonMnfld: 16.34289 + L_Nrml: 0.00000 + L_Eknl: 5.82742 + L_Div: 0.00000 + L_Morse: 0.33425
Epoch: 0 [6450/10000 (64%)] Unweighted L_s : L_Mnfld: 0.00100,  L_NonMnfld: 0.02724,  L_Nrml: 0.00000,  L_Eknl: 0.11655, L_Morse: 3.34250

Weights: [7000.0, 600.0, 0, 50.0, 0.0, 0.1], lr=5.000e-05
Epoch: 0 [6460/10000 (65%)] Loss: 29.42737 = L_Mnfld: 6.42343 + L_NonMnfld: 16.99069 + L_Nrml: 0.00000 + L_Eknl: 5.65541 + L_Div: 0.00000 + L_Morse: 0.35784
Epoch: 0 [6460/10000 (65%)] Unweighted L_s : L_Mnfld: 0.00092,  L_NonMnfld: 0.02832,  L_Nrml: 0.00000,  L_Eknl: 0.11311, L_Morse: 3.57837

Weights: [7000.0, 600.0, 0, 50.0, 0.0, 0.1], lr=5.000e-05
Epoch: 0 [6470/10000 (65%)] Loss: 29.42636 = L_Mnfld: 6.53660 + L_NonMnfld: 17.06388 + L_Nrml: 0.00000 + L_Eknl: 5.48676 + L_Div: 0.00000 + L_Morse: 0.33913
Epoch: 0 [6470/10000 (65%)] Unweighted L_s : L_Mnfld: 0.00093,  L_NonMnfld: 0.02844,  L_Nrml: 0.00000,  L_Eknl: 0.10974, L_Morse: 3.39127

Weights: [7000.0, 600.0, 0, 50.0, 0.0, 0.1], lr=5.000e-05
Epoch: 0 [6480/10000 (65%)] Loss: 28.53946 = L_Mnfld: 6.33962 + L_NonMnfld: 16.40622 + L_Nrml: 0.00000 + L_Eknl: 5.43362 + L_Div: 0.00000 + L_Morse: 0.36001
Epoch: 0 [6480/10000 (65%)] Unweighted L_s : L_Mnfld: 0.00091,  L_NonMnfld: 0.02734,  L_Nrml: 0.00000,  L_Eknl: 0.10867, L_Morse: 3.60008

Weights: [7000.0, 600.0, 0, 50.0, 0.0, 0.1], lr=5.000e-05
Epoch: 0 [6490/10000 (65%)] Loss: 29.08342 = L_Mnfld: 6.36280 + L_NonMnfld: 17.14201 + L_Nrml: 0.00000 + L_Eknl: 5.22872 + L_Div: 0.00000 + L_Morse: 0.34989
Epoch: 0 [6490/10000 (65%)] Unweighted L_s : L_Mnfld: 0.00091,  L_NonMnfld: 0.02857,  L_Nrml: 0.00000,  L_Eknl: 0.10457, L_Morse: 3.49893

Weights: [7000.0, 600.0, 0, 50.0, 0.0, 0.1], lr=5.000e-05
Epoch: 0 [6500/10000 (65%)] Loss: 29.05829 = L_Mnfld: 6.56887 + L_NonMnfld: 16.96330 + L_Nrml: 0.00000 + L_Eknl: 5.19016 + L_Div: 0.00000 + L_Morse: 0.33596
Epoch: 0 [6500/10000 (65%)] Unweighted L_s : L_Mnfld: 0.00094,  L_NonMnfld: 0.02827,  L_Nrml: 0.00000,  L_Eknl: 0.10380, L_Morse: 3.35961

Weights: [7000.0, 600.0, 0, 50.0, 0.0, 0.1], lr=5.000e-05
Epoch: 0 [6510/10000 (65%)] Loss: 29.90469 = L_Mnfld: 6.91232 + L_NonMnfld: 17.24685 + L_Nrml: 0.00000 + L_Eknl: 5.38571 + L_Div: 0.00000 + L_Morse: 0.35980
Epoch: 0 [6510/10000 (65%)] Unweighted L_s : L_Mnfld: 0.00099,  L_NonMnfld: 0.02874,  L_Nrml: 0.00000,  L_Eknl: 0.10771, L_Morse: 3.59803

Weights: [7000.0, 600.0, 0, 50.0, 0.0, 0.1], lr=5.000e-05
Epoch: 0 [6520/10000 (65%)] Loss: 30.87033 = L_Mnfld: 6.43701 + L_NonMnfld: 18.50770 + L_Nrml: 0.00000 + L_Eknl: 5.56225 + L_Div: 0.00000 + L_Morse: 0.36336
Epoch: 0 [6520/10000 (65%)] Unweighted L_s : L_Mnfld: 0.00092,  L_NonMnfld: 0.03085,  L_Nrml: 0.00000,  L_Eknl: 0.11125, L_Morse: 3.63357

Weights: [7000.0, 600.0, 0, 50.0, 0.0, 0.1], lr=5.000e-05
Epoch: 0 [6530/10000 (65%)] Loss: 29.85944 = L_Mnfld: 6.79172 + L_NonMnfld: 17.26591 + L_Nrml: 0.00000 + L_Eknl: 5.45726 + L_Div: 0.00000 + L_Morse: 0.34454
Epoch: 0 [6530/10000 (65%)] Unweighted L_s : L_Mnfld: 0.00097,  L_NonMnfld: 0.02878,  L_Nrml: 0.00000,  L_Eknl: 0.10915, L_Morse: 3.44541

Weights: [7000.0, 600.0, 0, 50.0, 0.0, 0.1], lr=5.000e-05
Epoch: 0 [6540/10000 (65%)] Loss: 28.05956 = L_Mnfld: 6.13373 + L_NonMnfld: 16.06739 + L_Nrml: 0.00000 + L_Eknl: 5.48898 + L_Div: 0.00000 + L_Morse: 0.36946
Epoch: 0 [6540/10000 (65%)] Unweighted L_s : L_Mnfld: 0.00088,  L_NonMnfld: 0.02678,  L_Nrml: 0.00000,  L_Eknl: 0.10978, L_Morse: 3.69459

Weights: [7000.0, 600.0, 0, 50.0, 0.0, 0.1], lr=5.000e-05
Epoch: 0 [6550/10000 (66%)] Loss: 28.59344 = L_Mnfld: 5.99096 + L_NonMnfld: 16.83514 + L_Nrml: 0.00000 + L_Eknl: 5.41264 + L_Div: 0.00000 + L_Morse: 0.35470
Epoch: 0 [6550/10000 (66%)] Unweighted L_s : L_Mnfld: 0.00086,  L_NonMnfld: 0.02806,  L_Nrml: 0.00000,  L_Eknl: 0.10825, L_Morse: 3.54697

Weights: [7000.0, 600.0, 0, 50.0, 0.0, 0.1], lr=5.000e-05
Epoch: 0 [6560/10000 (66%)] Loss: 30.12299 = L_Mnfld: 6.40923 + L_NonMnfld: 17.93757 + L_Nrml: 0.00000 + L_Eknl: 5.43294 + L_Div: 0.00000 + L_Morse: 0.34325
Epoch: 0 [6560/10000 (66%)] Unweighted L_s : L_Mnfld: 0.00092,  L_NonMnfld: 0.02990,  L_Nrml: 0.00000,  L_Eknl: 0.10866, L_Morse: 3.43253

Weights: [7000.0, 600.0, 0, 50.0, 0.0, 0.1], lr=5.000e-05
Epoch: 0 [6570/10000 (66%)] Loss: 28.99586 = L_Mnfld: 6.60114 + L_NonMnfld: 16.71836 + L_Nrml: 0.00000 + L_Eknl: 5.32041 + L_Div: 0.00000 + L_Morse: 0.35596
Epoch: 0 [6570/10000 (66%)] Unweighted L_s : L_Mnfld: 0.00094,  L_NonMnfld: 0.02786,  L_Nrml: 0.00000,  L_Eknl: 0.10641, L_Morse: 3.55965

Weights: [7000.0, 600.0, 0, 50.0, 0.0, 0.1], lr=5.000e-05
Epoch: 0 [6580/10000 (66%)] Loss: 29.70390 = L_Mnfld: 6.33581 + L_NonMnfld: 17.82650 + L_Nrml: 0.00000 + L_Eknl: 5.20207 + L_Div: 0.00000 + L_Morse: 0.33952
Epoch: 0 [6580/10000 (66%)] Unweighted L_s : L_Mnfld: 0.00091,  L_NonMnfld: 0.02971,  L_Nrml: 0.00000,  L_Eknl: 0.10404, L_Morse: 3.39518

Weights: [7000.0, 600.0, 0, 50.0, 0.0, 0.1], lr=5.000e-05
Epoch: 0 [6590/10000 (66%)] Loss: 29.90362 = L_Mnfld: 7.31636 + L_NonMnfld: 16.83941 + L_Nrml: 0.00000 + L_Eknl: 5.40038 + L_Div: 0.00000 + L_Morse: 0.34747
Epoch: 0 [6590/10000 (66%)] Unweighted L_s : L_Mnfld: 0.00105,  L_NonMnfld: 0.02807,  L_Nrml: 0.00000,  L_Eknl: 0.10801, L_Morse: 3.47474

Weights: [7000.0, 600.0, 0, 50.0, 0.0, 0.1], lr=5.000e-05
Epoch: 0 [6600/10000 (66%)] Loss: 29.92867 = L_Mnfld: 6.74417 + L_NonMnfld: 17.54576 + L_Nrml: 0.00000 + L_Eknl: 5.29837 + L_Div: 0.00000 + L_Morse: 0.34037
Epoch: 0 [6600/10000 (66%)] Unweighted L_s : L_Mnfld: 0.00096,  L_NonMnfld: 0.02924,  L_Nrml: 0.00000,  L_Eknl: 0.10597, L_Morse: 3.40369

Weights: [7000.0, 600.0, 0, 50.0, 0.0, 0.1], lr=5.000e-05
Epoch: 0 [6610/10000 (66%)] Loss: 30.73393 = L_Mnfld: 7.38988 + L_NonMnfld: 17.01728 + L_Nrml: 0.00000 + L_Eknl: 5.97565 + L_Div: 0.00000 + L_Morse: 0.35112
Epoch: 0 [6610/10000 (66%)] Unweighted L_s : L_Mnfld: 0.00106,  L_NonMnfld: 0.02836,  L_Nrml: 0.00000,  L_Eknl: 0.11951, L_Morse: 3.51119

Weights: [7000.0, 600.0, 0, 50.0, 0.0, 0.1], lr=5.000e-05
Epoch: 0 [6620/10000 (66%)] Loss: 30.19359 = L_Mnfld: 7.13093 + L_NonMnfld: 16.88728 + L_Nrml: 0.00000 + L_Eknl: 5.81123 + L_Div: 0.00000 + L_Morse: 0.36414
Epoch: 0 [6620/10000 (66%)] Unweighted L_s : L_Mnfld: 0.00102,  L_NonMnfld: 0.02815,  L_Nrml: 0.00000,  L_Eknl: 0.11622, L_Morse: 3.64143

Weights: [7000.0, 600.0, 0, 50.0, 0.0, 0.1], lr=5.000e-05
Epoch: 0 [6630/10000 (66%)] Loss: 29.57014 = L_Mnfld: 7.63011 + L_NonMnfld: 15.78833 + L_Nrml: 0.00000 + L_Eknl: 5.79404 + L_Div: 0.00000 + L_Morse: 0.35766
Epoch: 0 [6630/10000 (66%)] Unweighted L_s : L_Mnfld: 0.00109,  L_NonMnfld: 0.02631,  L_Nrml: 0.00000,  L_Eknl: 0.11588, L_Morse: 3.57662

Weights: [7000.0, 600.0, 0, 50.0, 0.0, 0.1], lr=5.000e-05
Epoch: 0 [6640/10000 (66%)] Loss: 29.91743 = L_Mnfld: 7.45628 + L_NonMnfld: 16.58307 + L_Nrml: 0.00000 + L_Eknl: 5.52109 + L_Div: 0.00000 + L_Morse: 0.35699
Epoch: 0 [6640/10000 (66%)] Unweighted L_s : L_Mnfld: 0.00107,  L_NonMnfld: 0.02764,  L_Nrml: 0.00000,  L_Eknl: 0.11042, L_Morse: 3.56993

Weights: [7000.0, 600.0, 0, 50.0, 0.0, 0.1], lr=5.000e-05
Epoch: 0 [6650/10000 (66%)] Loss: 29.91825 = L_Mnfld: 7.45362 + L_NonMnfld: 15.96636 + L_Nrml: 0.00000 + L_Eknl: 6.13999 + L_Div: 0.00000 + L_Morse: 0.35829
Epoch: 0 [6650/10000 (66%)] Unweighted L_s : L_Mnfld: 0.00106,  L_NonMnfld: 0.02661,  L_Nrml: 0.00000,  L_Eknl: 0.12280, L_Morse: 3.58289

Weights: [7000.0, 600.0, 0, 50.0, 0.0, 0.1], lr=5.000e-05
Epoch: 0 [6660/10000 (67%)] Loss: 30.18843 = L_Mnfld: 7.32008 + L_NonMnfld: 16.94243 + L_Nrml: 0.00000 + L_Eknl: 5.57050 + L_Div: 0.00000 + L_Morse: 0.35543
Epoch: 0 [6660/10000 (67%)] Unweighted L_s : L_Mnfld: 0.00105,  L_NonMnfld: 0.02824,  L_Nrml: 0.00000,  L_Eknl: 0.11141, L_Morse: 3.55425

Weights: [7000.0, 600.0, 0, 50.0, 0.0, 0.1], lr=5.000e-05
Epoch: 0 [6670/10000 (67%)] Loss: 31.28526 = L_Mnfld: 7.49990 + L_NonMnfld: 17.55561 + L_Nrml: 0.00000 + L_Eknl: 5.86030 + L_Div: 0.00000 + L_Morse: 0.36945
Epoch: 0 [6670/10000 (67%)] Unweighted L_s : L_Mnfld: 0.00107,  L_NonMnfld: 0.02926,  L_Nrml: 0.00000,  L_Eknl: 0.11721, L_Morse: 3.69451

Weights: [7000.0, 600.0, 0, 50.0, 0.0, 0.1], lr=5.000e-05
Epoch: 0 [6680/10000 (67%)] Loss: 28.83117 = L_Mnfld: 6.98160 + L_NonMnfld: 16.03028 + L_Nrml: 0.00000 + L_Eknl: 5.45917 + L_Div: 0.00000 + L_Morse: 0.36011
Epoch: 0 [6680/10000 (67%)] Unweighted L_s : L_Mnfld: 0.00100,  L_NonMnfld: 0.02672,  L_Nrml: 0.00000,  L_Eknl: 0.10918, L_Morse: 3.60111

Weights: [7000.0, 600.0, 0, 50.0, 0.0, 0.1], lr=5.000e-05
Epoch: 0 [6690/10000 (67%)] Loss: 29.48734 = L_Mnfld: 6.91900 + L_NonMnfld: 16.59868 + L_Nrml: 0.00000 + L_Eknl: 5.60113 + L_Div: 0.00000 + L_Morse: 0.36854
Epoch: 0 [6690/10000 (67%)] Unweighted L_s : L_Mnfld: 0.00099,  L_NonMnfld: 0.02766,  L_Nrml: 0.00000,  L_Eknl: 0.11202, L_Morse: 3.68537

Weights: [7000.0, 600.0, 0, 50.0, 0.0, 0.1], lr=5.000e-05
Epoch: 0 [6700/10000 (67%)] Loss: 29.55464 = L_Mnfld: 6.74998 + L_NonMnfld: 17.07931 + L_Nrml: 0.00000 + L_Eknl: 5.35047 + L_Div: 0.00000 + L_Morse: 0.37488
Epoch: 0 [6700/10000 (67%)] Unweighted L_s : L_Mnfld: 0.00096,  L_NonMnfld: 0.02847,  L_Nrml: 0.00000,  L_Eknl: 0.10701, L_Morse: 3.74877

Weights: [7000.0, 600.0, 0, 50.0, 0.0, 0.1], lr=5.000e-05
Epoch: 0 [6710/10000 (67%)] Loss: 29.82593 = L_Mnfld: 6.41496 + L_NonMnfld: 17.53863 + L_Nrml: 0.00000 + L_Eknl: 5.49427 + L_Div: 0.00000 + L_Morse: 0.37807
Epoch: 0 [6710/10000 (67%)] Unweighted L_s : L_Mnfld: 0.00092,  L_NonMnfld: 0.02923,  L_Nrml: 0.00000,  L_Eknl: 0.10989, L_Morse: 3.78072

Weights: [7000.0, 600.0, 0, 50.0, 0.0, 0.1], lr=5.000e-05
Epoch: 0 [6720/10000 (67%)] Loss: 28.79373 = L_Mnfld: 6.62837 + L_NonMnfld: 16.50576 + L_Nrml: 0.00000 + L_Eknl: 5.28747 + L_Div: 0.00000 + L_Morse: 0.37213
Epoch: 0 [6720/10000 (67%)] Unweighted L_s : L_Mnfld: 0.00095,  L_NonMnfld: 0.02751,  L_Nrml: 0.00000,  L_Eknl: 0.10575, L_Morse: 3.72133

Weights: [7000.0, 600.0, 0, 50.0, 0.0, 0.1], lr=5.000e-05
Epoch: 0 [6730/10000 (67%)] Loss: 27.00121 = L_Mnfld: 6.27878 + L_NonMnfld: 14.91156 + L_Nrml: 0.00000 + L_Eknl: 5.43237 + L_Div: 0.00000 + L_Morse: 0.37850
Epoch: 0 [6730/10000 (67%)] Unweighted L_s : L_Mnfld: 0.00090,  L_NonMnfld: 0.02485,  L_Nrml: 0.00000,  L_Eknl: 0.10865, L_Morse: 3.78500

Weights: [7000.0, 600.0, 0, 50.0, 0.0, 0.1], lr=5.000e-05
Epoch: 0 [6740/10000 (67%)] Loss: 28.51713 = L_Mnfld: 6.21994 + L_NonMnfld: 16.72865 + L_Nrml: 0.00000 + L_Eknl: 5.20819 + L_Div: 0.00000 + L_Morse: 0.36034
Epoch: 0 [6740/10000 (67%)] Unweighted L_s : L_Mnfld: 0.00089,  L_NonMnfld: 0.02788,  L_Nrml: 0.00000,  L_Eknl: 0.10416, L_Morse: 3.60338

Weights: [7000.0, 600.0, 0, 50.0, 0.0, 0.1], lr=5.000e-05
Epoch: 0 [6750/10000 (68%)] Loss: 27.83863 = L_Mnfld: 6.21641 + L_NonMnfld: 15.64664 + L_Nrml: 0.00000 + L_Eknl: 5.58764 + L_Div: 0.00000 + L_Morse: 0.38795
Epoch: 0 [6750/10000 (68%)] Unweighted L_s : L_Mnfld: 0.00089,  L_NonMnfld: 0.02608,  L_Nrml: 0.00000,  L_Eknl: 0.11175, L_Morse: 3.87950

Weights: [7000.0, 600.0, 0, 50.0, 0.0, 0.1], lr=5.000e-05
Epoch: 0 [6760/10000 (68%)] Loss: 27.98763 = L_Mnfld: 6.23557 + L_NonMnfld: 16.12791 + L_Nrml: 0.00000 + L_Eknl: 5.25776 + L_Div: 0.00000 + L_Morse: 0.36638
Epoch: 0 [6760/10000 (68%)] Unweighted L_s : L_Mnfld: 0.00089,  L_NonMnfld: 0.02688,  L_Nrml: 0.00000,  L_Eknl: 0.10516, L_Morse: 3.66382

Weights: [7000.0, 600.0, 0, 50.0, 0.0, 0.1], lr=5.000e-05
Epoch: 0 [6770/10000 (68%)] Loss: 28.81234 = L_Mnfld: 6.33746 + L_NonMnfld: 16.86619 + L_Nrml: 0.00000 + L_Eknl: 5.25237 + L_Div: 0.00000 + L_Morse: 0.35632
Epoch: 0 [6770/10000 (68%)] Unweighted L_s : L_Mnfld: 0.00091,  L_NonMnfld: 0.02811,  L_Nrml: 0.00000,  L_Eknl: 0.10505, L_Morse: 3.56317

Weights: [7000.0, 600.0, 0, 50.0, 0.0, 0.1], lr=5.000e-05
Epoch: 0 [6780/10000 (68%)] Loss: 28.39959 = L_Mnfld: 6.61601 + L_NonMnfld: 16.25389 + L_Nrml: 0.00000 + L_Eknl: 5.17436 + L_Div: 0.00000 + L_Morse: 0.35534
Epoch: 0 [6780/10000 (68%)] Unweighted L_s : L_Mnfld: 0.00095,  L_NonMnfld: 0.02709,  L_Nrml: 0.00000,  L_Eknl: 0.10349, L_Morse: 3.55341

Weights: [7000.0, 600.0, 0, 50.0, 0.0, 0.1], lr=5.000e-05
Epoch: 0 [6790/10000 (68%)] Loss: 29.00280 = L_Mnfld: 6.62345 + L_NonMnfld: 16.59896 + L_Nrml: 0.00000 + L_Eknl: 5.42486 + L_Div: 0.00000 + L_Morse: 0.35553
Epoch: 0 [6790/10000 (68%)] Unweighted L_s : L_Mnfld: 0.00095,  L_NonMnfld: 0.02766,  L_Nrml: 0.00000,  L_Eknl: 0.10850, L_Morse: 3.55531

Weights: [7000.0, 600.0, 0, 50.0, 0.0, 0.1], lr=5.000e-05
Epoch: 0 [6800/10000 (68%)] Loss: 29.40081 = L_Mnfld: 6.74159 + L_NonMnfld: 16.99301 + L_Nrml: 0.00000 + L_Eknl: 5.30244 + L_Div: 0.00000 + L_Morse: 0.36376
Epoch: 0 [6800/10000 (68%)] Unweighted L_s : L_Mnfld: 0.00096,  L_NonMnfld: 0.02832,  L_Nrml: 0.00000,  L_Eknl: 0.10605, L_Morse: 3.63759

Weights: [7000.0, 600.0, 0, 50.0, 0.0, 0.1], lr=5.000e-05
Epoch: 0 [6810/10000 (68%)] Loss: 28.38259 = L_Mnfld: 6.79672 + L_NonMnfld: 16.04848 + L_Nrml: 0.00000 + L_Eknl: 5.18333 + L_Div: 0.00000 + L_Morse: 0.35406
Epoch: 0 [6810/10000 (68%)] Unweighted L_s : L_Mnfld: 0.00097,  L_NonMnfld: 0.02675,  L_Nrml: 0.00000,  L_Eknl: 0.10367, L_Morse: 3.54059

Weights: [7000.0, 600.0, 0, 50.0, 0.0, 0.1], lr=5.000e-05
Epoch: 0 [6820/10000 (68%)] Loss: 29.95633 = L_Mnfld: 7.01347 + L_NonMnfld: 17.24049 + L_Nrml: 0.00000 + L_Eknl: 5.34602 + L_Div: 0.00000 + L_Morse: 0.35635
Epoch: 0 [6820/10000 (68%)] Unweighted L_s : L_Mnfld: 0.00100,  L_NonMnfld: 0.02873,  L_Nrml: 0.00000,  L_Eknl: 0.10692, L_Morse: 3.56349

Weights: [7000.0, 600.0, 0, 50.0, 0.0, 0.1], lr=5.000e-05
Epoch: 0 [6830/10000 (68%)] Loss: 30.15264 = L_Mnfld: 6.98384 + L_NonMnfld: 17.21390 + L_Nrml: 0.00000 + L_Eknl: 5.58029 + L_Div: 0.00000 + L_Morse: 0.37461
Epoch: 0 [6830/10000 (68%)] Unweighted L_s : L_Mnfld: 0.00100,  L_NonMnfld: 0.02869,  L_Nrml: 0.00000,  L_Eknl: 0.11161, L_Morse: 3.74610

Weights: [7000.0, 600.0, 0, 50.0, 0.0, 0.1], lr=5.000e-05
Epoch: 0 [6840/10000 (68%)] Loss: 31.83445 = L_Mnfld: 7.70531 + L_NonMnfld: 18.44003 + L_Nrml: 0.00000 + L_Eknl: 5.33143 + L_Div: 0.00000 + L_Morse: 0.35768
Epoch: 0 [6840/10000 (68%)] Unweighted L_s : L_Mnfld: 0.00110,  L_NonMnfld: 0.03073,  L_Nrml: 0.00000,  L_Eknl: 0.10663, L_Morse: 3.57677

Weights: [7000.0, 600.0, 0, 50.0, 0.0, 0.1], lr=5.000e-05
Epoch: 0 [6850/10000 (68%)] Loss: 30.20586 = L_Mnfld: 7.20295 + L_NonMnfld: 17.19915 + L_Nrml: 0.00000 + L_Eknl: 5.42716 + L_Div: 0.00000 + L_Morse: 0.37660
Epoch: 0 [6850/10000 (68%)] Unweighted L_s : L_Mnfld: 0.00103,  L_NonMnfld: 0.02867,  L_Nrml: 0.00000,  L_Eknl: 0.10854, L_Morse: 3.76596

Weights: [7000.0, 600.0, 0, 50.0, 0.0, 0.1], lr=5.000e-05
Epoch: 0 [6860/10000 (69%)] Loss: 29.18582 = L_Mnfld: 6.92782 + L_NonMnfld: 16.48039 + L_Nrml: 0.00000 + L_Eknl: 5.41803 + L_Div: 0.00000 + L_Morse: 0.35958
Epoch: 0 [6860/10000 (69%)] Unweighted L_s : L_Mnfld: 0.00099,  L_NonMnfld: 0.02747,  L_Nrml: 0.00000,  L_Eknl: 0.10836, L_Morse: 3.59583

Weights: [7000.0, 600.0, 0, 50.0, 0.0, 0.1], lr=5.000e-05
Epoch: 0 [6870/10000 (69%)] Loss: 29.16116 = L_Mnfld: 7.02362 + L_NonMnfld: 16.26506 + L_Nrml: 0.00000 + L_Eknl: 5.50363 + L_Div: 0.00000 + L_Morse: 0.36886
Epoch: 0 [6870/10000 (69%)] Unweighted L_s : L_Mnfld: 0.00100,  L_NonMnfld: 0.02711,  L_Nrml: 0.00000,  L_Eknl: 0.11007, L_Morse: 3.68855

Weights: [7000.0, 600.0, 0, 50.0, 0.0, 0.1], lr=5.000e-05
Epoch: 0 [6880/10000 (69%)] Loss: 29.71080 = L_Mnfld: 7.13820 + L_NonMnfld: 16.58059 + L_Nrml: 0.00000 + L_Eknl: 5.60217 + L_Div: 0.00000 + L_Morse: 0.38984
Epoch: 0 [6880/10000 (69%)] Unweighted L_s : L_Mnfld: 0.00102,  L_NonMnfld: 0.02763,  L_Nrml: 0.00000,  L_Eknl: 0.11204, L_Morse: 3.89839

Weights: [7000.0, 600.0, 0, 50.0, 0.0, 0.1], lr=5.000e-05
Epoch: 0 [6890/10000 (69%)] Loss: 29.40709 = L_Mnfld: 6.92198 + L_NonMnfld: 16.24405 + L_Nrml: 0.00000 + L_Eknl: 5.85264 + L_Div: 0.00000 + L_Morse: 0.38841
Epoch: 0 [6890/10000 (69%)] Unweighted L_s : L_Mnfld: 0.00099,  L_NonMnfld: 0.02707,  L_Nrml: 0.00000,  L_Eknl: 0.11705, L_Morse: 3.88412

Weights: [7000.0, 600.0, 0, 50.0, 0.0, 0.1], lr=5.000e-05
Epoch: 0 [6900/10000 (69%)] Loss: 28.21590 = L_Mnfld: 6.75629 + L_NonMnfld: 15.54395 + L_Nrml: 0.00000 + L_Eknl: 5.54485 + L_Div: 0.00000 + L_Morse: 0.37081
Epoch: 0 [6900/10000 (69%)] Unweighted L_s : L_Mnfld: 0.00097,  L_NonMnfld: 0.02591,  L_Nrml: 0.00000,  L_Eknl: 0.11090, L_Morse: 3.70805

Weights: [7000.0, 600.0, 0, 50.0, 0.0, 0.1], lr=5.000e-05
Epoch: 0 [6910/10000 (69%)] Loss: 28.92893 = L_Mnfld: 6.56134 + L_NonMnfld: 16.42000 + L_Nrml: 0.00000 + L_Eknl: 5.59284 + L_Div: 0.00000 + L_Morse: 0.35475
Epoch: 0 [6910/10000 (69%)] Unweighted L_s : L_Mnfld: 0.00094,  L_NonMnfld: 0.02737,  L_Nrml: 0.00000,  L_Eknl: 0.11186, L_Morse: 3.54750

Weights: [7000.0, 600.0, 0, 50.0, 0.0, 0.1], lr=5.000e-05
Epoch: 0 [6920/10000 (69%)] Loss: 28.84783 = L_Mnfld: 7.11578 + L_NonMnfld: 15.76158 + L_Nrml: 0.00000 + L_Eknl: 5.59725 + L_Div: 0.00000 + L_Morse: 0.37322
Epoch: 0 [6920/10000 (69%)] Unweighted L_s : L_Mnfld: 0.00102,  L_NonMnfld: 0.02627,  L_Nrml: 0.00000,  L_Eknl: 0.11195, L_Morse: 3.73215

Weights: [7000.0, 600.0, 0, 50.0, 0.0, 0.1], lr=5.000e-05
Epoch: 0 [6930/10000 (69%)] Loss: 30.21792 = L_Mnfld: 7.69953 + L_NonMnfld: 16.59709 + L_Nrml: 0.00000 + L_Eknl: 5.56578 + L_Div: 0.00000 + L_Morse: 0.35552
Epoch: 0 [6930/10000 (69%)] Unweighted L_s : L_Mnfld: 0.00110,  L_NonMnfld: 0.02766,  L_Nrml: 0.00000,  L_Eknl: 0.11132, L_Morse: 3.55520

Weights: [7000.0, 600.0, 0, 50.0, 0.0, 0.1], lr=5.000e-05
Epoch: 0 [6940/10000 (69%)] Loss: 30.19980 = L_Mnfld: 7.29810 + L_NonMnfld: 16.93845 + L_Nrml: 0.00000 + L_Eknl: 5.57867 + L_Div: 0.00000 + L_Morse: 0.38458
Epoch: 0 [6940/10000 (69%)] Unweighted L_s : L_Mnfld: 0.00104,  L_NonMnfld: 0.02823,  L_Nrml: 0.00000,  L_Eknl: 0.11157, L_Morse: 3.84582

Weights: [7000.0, 600.0, 0, 50.0, 0.0, 0.1], lr=5.000e-05
Epoch: 0 [6950/10000 (70%)] Loss: 29.55876 = L_Mnfld: 7.26033 + L_NonMnfld: 16.33280 + L_Nrml: 0.00000 + L_Eknl: 5.58745 + L_Div: 0.00000 + L_Morse: 0.37818
Epoch: 0 [6950/10000 (70%)] Unweighted L_s : L_Mnfld: 0.00104,  L_NonMnfld: 0.02722,  L_Nrml: 0.00000,  L_Eknl: 0.11175, L_Morse: 3.78176

Weights: [7000.0, 600.0, 0, 50.0, 0.0, 0.1], lr=5.000e-05
Epoch: 0 [6960/10000 (70%)] Loss: 30.30509 = L_Mnfld: 6.87175 + L_NonMnfld: 17.71047 + L_Nrml: 0.00000 + L_Eknl: 5.35402 + L_Div: 0.00000 + L_Morse: 0.36886
Epoch: 0 [6960/10000 (70%)] Unweighted L_s : L_Mnfld: 0.00098,  L_NonMnfld: 0.02952,  L_Nrml: 0.00000,  L_Eknl: 0.10708, L_Morse: 3.68857

Weights: [7000.0, 600.0, 0, 50.0, 0.0, 0.1], lr=5.000e-05
Epoch: 0 [6970/10000 (70%)] Loss: 28.73768 = L_Mnfld: 6.99307 + L_NonMnfld: 16.20222 + L_Nrml: 0.00000 + L_Eknl: 5.17265 + L_Div: 0.00000 + L_Morse: 0.36974
Epoch: 0 [6970/10000 (70%)] Unweighted L_s : L_Mnfld: 0.00100,  L_NonMnfld: 0.02700,  L_Nrml: 0.00000,  L_Eknl: 0.10345, L_Morse: 3.69738

Weights: [7000.0, 600.0, 0, 50.0, 0.0, 0.1], lr=5.000e-05
Epoch: 0 [6980/10000 (70%)] Loss: 29.43318 = L_Mnfld: 6.62490 + L_NonMnfld: 17.20843 + L_Nrml: 0.00000 + L_Eknl: 5.22010 + L_Div: 0.00000 + L_Morse: 0.37976
Epoch: 0 [6980/10000 (70%)] Unweighted L_s : L_Mnfld: 0.00095,  L_NonMnfld: 0.02868,  L_Nrml: 0.00000,  L_Eknl: 0.10440, L_Morse: 3.79758

Weights: [7000.0, 600.0, 0, 50.0, 0.0, 0.1], lr=5.000e-05
Epoch: 0 [6990/10000 (70%)] Loss: 28.47862 = L_Mnfld: 6.67575 + L_NonMnfld: 15.97543 + L_Nrml: 0.00000 + L_Eknl: 5.44846 + L_Div: 0.00000 + L_Morse: 0.37898
Epoch: 0 [6990/10000 (70%)] Unweighted L_s : L_Mnfld: 0.00095,  L_NonMnfld: 0.02663,  L_Nrml: 0.00000,  L_Eknl: 0.10897, L_Morse: 3.78977

Weights: [7000.0, 600.0, 0, 50.0, 0.0, 0.1], lr=5.000e-05
Epoch: 0 [7000/10000 (70%)] Loss: 29.16151 = L_Mnfld: 6.44538 + L_NonMnfld: 16.96939 + L_Nrml: 0.00000 + L_Eknl: 5.35004 + L_Div: 0.00000 + L_Morse: 0.39671
Epoch: 0 [7000/10000 (70%)] Unweighted L_s : L_Mnfld: 0.00092,  L_NonMnfld: 0.02828,  L_Nrml: 0.00000,  L_Eknl: 0.10700, L_Morse: 3.96708

Weights: [7000.0, 600.0, 0, 50.0, 0.0, 0.1], lr=5.000e-05
Epoch: 0 [7010/10000 (70%)] Loss: 29.72609 = L_Mnfld: 6.68119 + L_NonMnfld: 17.23575 + L_Nrml: 0.00000 + L_Eknl: 5.41189 + L_Div: 0.00000 + L_Morse: 0.39726
Epoch: 0 [7010/10000 (70%)] Unweighted L_s : L_Mnfld: 0.00095,  L_NonMnfld: 0.02873,  L_Nrml: 0.00000,  L_Eknl: 0.10824, L_Morse: 3.97260

Weights: [7000.0, 600.0, 0, 50.0, 0.0, 0.1], lr=5.000e-05
Epoch: 0 [7020/10000 (70%)] Loss: 27.44149 = L_Mnfld: 6.37817 + L_NonMnfld: 15.59045 + L_Nrml: 0.00000 + L_Eknl: 5.11152 + L_Div: 0.00000 + L_Morse: 0.36136
Epoch: 0 [7020/10000 (70%)] Unweighted L_s : L_Mnfld: 0.00091,  L_NonMnfld: 0.02598,  L_Nrml: 0.00000,  L_Eknl: 0.10223, L_Morse: 3.61360

Weights: [7000.0, 600.0, 0, 50.0, 0.0, 0.1], lr=5.000e-05
Epoch: 0 [7030/10000 (70%)] Loss: 28.00834 = L_Mnfld: 6.77564 + L_NonMnfld: 15.47702 + L_Nrml: 0.00000 + L_Eknl: 5.37560 + L_Div: 0.00000 + L_Morse: 0.38008
Epoch: 0 [7030/10000 (70%)] Unweighted L_s : L_Mnfld: 0.00097,  L_NonMnfld: 0.02580,  L_Nrml: 0.00000,  L_Eknl: 0.10751, L_Morse: 3.80079

Weights: [7000.0, 600.0, 0, 50.0, 0.0, 0.1], lr=5.000e-05
Epoch: 0 [7040/10000 (70%)] Loss: 28.41278 = L_Mnfld: 6.84898 + L_NonMnfld: 15.80945 + L_Nrml: 0.00000 + L_Eknl: 5.36331 + L_Div: 0.00000 + L_Morse: 0.39104
Epoch: 0 [7040/10000 (70%)] Unweighted L_s : L_Mnfld: 0.00098,  L_NonMnfld: 0.02635,  L_Nrml: 0.00000,  L_Eknl: 0.10727, L_Morse: 3.91042

Weights: [7000.0, 600.0, 0, 50.0, 0.0, 0.1], lr=5.000e-05
Epoch: 0 [7050/10000 (70%)] Loss: 28.86988 = L_Mnfld: 6.88418 + L_NonMnfld: 16.01572 + L_Nrml: 0.00000 + L_Eknl: 5.56253 + L_Div: 0.00000 + L_Morse: 0.40745
Epoch: 0 [7050/10000 (70%)] Unweighted L_s : L_Mnfld: 0.00098,  L_NonMnfld: 0.02669,  L_Nrml: 0.00000,  L_Eknl: 0.11125, L_Morse: 4.07445

Weights: [7000.0, 600.0, 0, 50.0, 0.0, 0.1], lr=5.000e-05
Epoch: 0 [7060/10000 (71%)] Loss: 29.56959 = L_Mnfld: 6.97283 + L_NonMnfld: 16.69301 + L_Nrml: 0.00000 + L_Eknl: 5.48986 + L_Div: 0.00000 + L_Morse: 0.41388
Epoch: 0 [7060/10000 (71%)] Unweighted L_s : L_Mnfld: 0.00100,  L_NonMnfld: 0.02782,  L_Nrml: 0.00000,  L_Eknl: 0.10980, L_Morse: 4.13883

Weights: [7000.0, 600.0, 0, 50.0, 0.0, 0.1], lr=5.000e-05
Epoch: 0 [7070/10000 (71%)] Loss: 28.75733 = L_Mnfld: 6.43178 + L_NonMnfld: 16.72482 + L_Nrml: 0.00000 + L_Eknl: 5.20961 + L_Div: 0.00000 + L_Morse: 0.39112
Epoch: 0 [7070/10000 (71%)] Unweighted L_s : L_Mnfld: 0.00092,  L_NonMnfld: 0.02787,  L_Nrml: 0.00000,  L_Eknl: 0.10419, L_Morse: 3.91122

Weights: [7000.0, 600.0, 0, 50.0, 0.0, 0.1], lr=5.000e-05
Epoch: 0 [7080/10000 (71%)] Loss: 27.55829 = L_Mnfld: 6.39665 + L_NonMnfld: 15.36705 + L_Nrml: 0.00000 + L_Eknl: 5.38123 + L_Div: 0.00000 + L_Morse: 0.41337
Epoch: 0 [7080/10000 (71%)] Unweighted L_s : L_Mnfld: 0.00091,  L_NonMnfld: 0.02561,  L_Nrml: 0.00000,  L_Eknl: 0.10762, L_Morse: 4.13372

Weights: [7000.0, 600.0, 0, 50.0, 0.0, 0.1], lr=5.000e-05
Epoch: 0 [7090/10000 (71%)] Loss: 29.84222 = L_Mnfld: 6.87113 + L_NonMnfld: 17.38808 + L_Nrml: 0.00000 + L_Eknl: 5.19132 + L_Div: 0.00000 + L_Morse: 0.39169
Epoch: 0 [7090/10000 (71%)] Unweighted L_s : L_Mnfld: 0.00098,  L_NonMnfld: 0.02898,  L_Nrml: 0.00000,  L_Eknl: 0.10383, L_Morse: 3.91689

Weights: [7000.0, 600.0, 0, 50.0, 0.0, 0.1], lr=5.000e-05
Epoch: 0 [7100/10000 (71%)] Loss: 28.50756 = L_Mnfld: 6.76793 + L_NonMnfld: 16.23318 + L_Nrml: 0.00000 + L_Eknl: 5.12792 + L_Div: 0.00000 + L_Morse: 0.37852
Epoch: 0 [7100/10000 (71%)] Unweighted L_s : L_Mnfld: 0.00097,  L_NonMnfld: 0.02706,  L_Nrml: 0.00000,  L_Eknl: 0.10256, L_Morse: 3.78521

Weights: [7000.0, 600.0, 0, 50.0, 0.0, 0.1], lr=5.000e-05
Epoch: 0 [7110/10000 (71%)] Loss: 28.49916 = L_Mnfld: 6.40684 + L_NonMnfld: 16.38459 + L_Nrml: 0.00000 + L_Eknl: 5.31576 + L_Div: 0.00000 + L_Morse: 0.39197
Epoch: 0 [7110/10000 (71%)] Unweighted L_s : L_Mnfld: 0.00092,  L_NonMnfld: 0.02731,  L_Nrml: 0.00000,  L_Eknl: 0.10632, L_Morse: 3.91969

Weights: [7000.0, 600.0, 0, 50.0, 0.0, 0.1], lr=5.000e-05
Epoch: 0 [7120/10000 (71%)] Loss: 27.82324 = L_Mnfld: 6.70151 + L_NonMnfld: 15.52346 + L_Nrml: 0.00000 + L_Eknl: 5.23608 + L_Div: 0.00000 + L_Morse: 0.36219
Epoch: 0 [7120/10000 (71%)] Unweighted L_s : L_Mnfld: 0.00096,  L_NonMnfld: 0.02587,  L_Nrml: 0.00000,  L_Eknl: 0.10472, L_Morse: 3.62194

Weights: [7000.0, 600.0, 0, 50.0, 0.0, 0.1], lr=5.000e-05
Epoch: 0 [7130/10000 (71%)] Loss: 28.67977 = L_Mnfld: 6.56464 + L_NonMnfld: 15.92025 + L_Nrml: 0.00000 + L_Eknl: 5.81243 + L_Div: 0.00000 + L_Morse: 0.38245
Epoch: 0 [7130/10000 (71%)] Unweighted L_s : L_Mnfld: 0.00094,  L_NonMnfld: 0.02653,  L_Nrml: 0.00000,  L_Eknl: 0.11625, L_Morse: 3.82454

Weights: [7000.0, 600.0, 0, 50.0, 0.0, 0.1], lr=5.000e-05
Epoch: 0 [7140/10000 (71%)] Loss: 27.07870 = L_Mnfld: 6.29539 + L_NonMnfld: 14.78331 + L_Nrml: 0.00000 + L_Eknl: 5.63447 + L_Div: 0.00000 + L_Morse: 0.36553
Epoch: 0 [7140/10000 (71%)] Unweighted L_s : L_Mnfld: 0.00090,  L_NonMnfld: 0.02464,  L_Nrml: 0.00000,  L_Eknl: 0.11269, L_Morse: 3.65527

Weights: [7000.0, 600.0, 0, 50.0, 0.0, 0.1], lr=5.000e-05
Epoch: 0 [7150/10000 (72%)] Loss: 29.06009 = L_Mnfld: 6.74845 + L_NonMnfld: 16.45788 + L_Nrml: 0.00000 + L_Eknl: 5.46096 + L_Div: 0.00000 + L_Morse: 0.39280
Epoch: 0 [7150/10000 (72%)] Unweighted L_s : L_Mnfld: 0.00096,  L_NonMnfld: 0.02743,  L_Nrml: 0.00000,  L_Eknl: 0.10922, L_Morse: 3.92804

Weights: [7000.0, 600.0, 0, 50.0, 0.0, 0.1], lr=5.000e-05
Epoch: 0 [7160/10000 (72%)] Loss: 29.39846 = L_Mnfld: 6.92339 + L_NonMnfld: 16.79141 + L_Nrml: 0.00000 + L_Eknl: 5.31306 + L_Div: 0.00000 + L_Morse: 0.37060
Epoch: 0 [7160/10000 (72%)] Unweighted L_s : L_Mnfld: 0.00099,  L_NonMnfld: 0.02799,  L_Nrml: 0.00000,  L_Eknl: 0.10626, L_Morse: 3.70603

Weights: [7000.0, 600.0, 0, 50.0, 0.0, 0.1], lr=5.000e-05
Epoch: 0 [7170/10000 (72%)] Loss: 29.30931 = L_Mnfld: 7.15388 + L_NonMnfld: 16.36813 + L_Nrml: 0.00000 + L_Eknl: 5.39385 + L_Div: 0.00000 + L_Morse: 0.39346
Epoch: 0 [7170/10000 (72%)] Unweighted L_s : L_Mnfld: 0.00102,  L_NonMnfld: 0.02728,  L_Nrml: 0.00000,  L_Eknl: 0.10788, L_Morse: 3.93462

Weights: [7000.0, 600.0, 0, 50.0, 0.0, 0.1], lr=5.000e-05
Epoch: 0 [7180/10000 (72%)] Loss: 28.26207 = L_Mnfld: 6.73798 + L_NonMnfld: 15.72888 + L_Nrml: 0.00000 + L_Eknl: 5.38573 + L_Div: 0.00000 + L_Morse: 0.40947
Epoch: 0 [7180/10000 (72%)] Unweighted L_s : L_Mnfld: 0.00096,  L_NonMnfld: 0.02621,  L_Nrml: 0.00000,  L_Eknl: 0.10771, L_Morse: 4.09468

Weights: [7000.0, 600.0, 0, 50.0, 0.0, 0.1], lr=5.000e-05
Epoch: 0 [7190/10000 (72%)] Loss: 27.27836 = L_Mnfld: 6.57235 + L_NonMnfld: 15.21577 + L_Nrml: 0.00000 + L_Eknl: 5.09354 + L_Div: 0.00000 + L_Morse: 0.39670
Epoch: 0 [7190/10000 (72%)] Unweighted L_s : L_Mnfld: 0.00094,  L_NonMnfld: 0.02536,  L_Nrml: 0.00000,  L_Eknl: 0.10187, L_Morse: 3.96704

Weights: [7000.0, 600.0, 0, 50.0, 0.0, 0.1], lr=5.000e-05
Epoch: 0 [7200/10000 (72%)] Loss: 29.38877 = L_Mnfld: 6.73218 + L_NonMnfld: 16.72046 + L_Nrml: 0.00000 + L_Eknl: 5.53698 + L_Div: 0.00000 + L_Morse: 0.39915
Epoch: 0 [7200/10000 (72%)] Unweighted L_s : L_Mnfld: 0.00096,  L_NonMnfld: 0.02787,  L_Nrml: 0.00000,  L_Eknl: 0.11074, L_Morse: 3.99150

Weights: [7000.0, 600.0, 0, 50.0, 0.0, 0.1], lr=5.000e-05
Epoch: 0 [7210/10000 (72%)] Loss: 28.83403 = L_Mnfld: 6.93704 + L_NonMnfld: 16.06680 + L_Nrml: 0.00000 + L_Eknl: 5.43360 + L_Div: 0.00000 + L_Morse: 0.39659
Epoch: 0 [7210/10000 (72%)] Unweighted L_s : L_Mnfld: 0.00099,  L_NonMnfld: 0.02678,  L_Nrml: 0.00000,  L_Eknl: 0.10867, L_Morse: 3.96588

Weights: [7000.0, 600.0, 0, 50.0, 0.0, 0.1], lr=5.000e-05
Epoch: 0 [7220/10000 (72%)] Loss: 29.97270 = L_Mnfld: 6.39803 + L_NonMnfld: 17.97689 + L_Nrml: 0.00000 + L_Eknl: 5.20634 + L_Div: 0.00000 + L_Morse: 0.39144
Epoch: 0 [7220/10000 (72%)] Unweighted L_s : L_Mnfld: 0.00091,  L_NonMnfld: 0.02996,  L_Nrml: 0.00000,  L_Eknl: 0.10413, L_Morse: 3.91440

Weights: [7000.0, 600.0, 0, 50.0, 0.0, 0.1], lr=5.000e-05
Epoch: 0 [7230/10000 (72%)] Loss: 27.48682 = L_Mnfld: 6.24996 + L_NonMnfld: 15.48636 + L_Nrml: 0.00000 + L_Eknl: 5.36936 + L_Div: 0.00000 + L_Morse: 0.38113
Epoch: 0 [7230/10000 (72%)] Unweighted L_s : L_Mnfld: 0.00089,  L_NonMnfld: 0.02581,  L_Nrml: 0.00000,  L_Eknl: 0.10739, L_Morse: 3.81133

Weights: [7000.0, 600.0, 0, 50.0, 0.0, 0.1], lr=5.000e-05
Epoch: 0 [7240/10000 (72%)] Loss: 29.09005 = L_Mnfld: 6.68898 + L_NonMnfld: 16.69169 + L_Nrml: 0.00000 + L_Eknl: 5.28615 + L_Div: 0.00000 + L_Morse: 0.42323
Epoch: 0 [7240/10000 (72%)] Unweighted L_s : L_Mnfld: 0.00096,  L_NonMnfld: 0.02782,  L_Nrml: 0.00000,  L_Eknl: 0.10572, L_Morse: 4.23234

Weights: [7000.0, 600.0, 0, 50.0, 0.0, 0.1], lr=5.000e-05
Epoch: 0 [7250/10000 (72%)] Loss: 28.16672 = L_Mnfld: 6.53157 + L_NonMnfld: 15.99232 + L_Nrml: 0.00000 + L_Eknl: 5.24159 + L_Div: 0.00000 + L_Morse: 0.40125
Epoch: 0 [7250/10000 (72%)] Unweighted L_s : L_Mnfld: 0.00093,  L_NonMnfld: 0.02665,  L_Nrml: 0.00000,  L_Eknl: 0.10483, L_Morse: 4.01245

Weights: [7000.0, 600.0, 0, 50.0, 0.0, 0.1], lr=5.000e-05
Epoch: 0 [7260/10000 (73%)] Loss: 29.07458 = L_Mnfld: 6.72870 + L_NonMnfld: 16.91912 + L_Nrml: 0.00000 + L_Eknl: 5.04708 + L_Div: 0.00000 + L_Morse: 0.37969
Epoch: 0 [7260/10000 (73%)] Unweighted L_s : L_Mnfld: 0.00096,  L_NonMnfld: 0.02820,  L_Nrml: 0.00000,  L_Eknl: 0.10094, L_Morse: 3.79687

Weights: [7000.0, 600.0, 0, 50.0, 0.0, 0.1], lr=5.000e-05
Epoch: 0 [7270/10000 (73%)] Loss: 27.43627 = L_Mnfld: 6.55008 + L_NonMnfld: 15.17692 + L_Nrml: 0.00000 + L_Eknl: 5.30014 + L_Div: 0.00000 + L_Morse: 0.40914
Epoch: 0 [7270/10000 (73%)] Unweighted L_s : L_Mnfld: 0.00094,  L_NonMnfld: 0.02529,  L_Nrml: 0.00000,  L_Eknl: 0.10600, L_Morse: 4.09135

Weights: [7000.0, 600.0, 0, 50.0, 0.0, 0.1], lr=5.000e-05
Epoch: 0 [7280/10000 (73%)] Loss: 27.60254 = L_Mnfld: 6.11451 + L_NonMnfld: 15.65569 + L_Nrml: 0.00000 + L_Eknl: 5.44207 + L_Div: 0.00000 + L_Morse: 0.39026
Epoch: 0 [7280/10000 (73%)] Unweighted L_s : L_Mnfld: 0.00087,  L_NonMnfld: 0.02609,  L_Nrml: 0.00000,  L_Eknl: 0.10884, L_Morse: 3.90262

Weights: [7000.0, 600.0, 0, 50.0, 0.0, 0.1], lr=5.000e-05
Epoch: 0 [7290/10000 (73%)] Loss: 28.95835 = L_Mnfld: 6.91396 + L_NonMnfld: 16.10351 + L_Nrml: 0.00000 + L_Eknl: 5.53987 + L_Div: 0.00000 + L_Morse: 0.40101
Epoch: 0 [7290/10000 (73%)] Unweighted L_s : L_Mnfld: 0.00099,  L_NonMnfld: 0.02684,  L_Nrml: 0.00000,  L_Eknl: 0.11080, L_Morse: 4.01010

Weights: [7000.0, 600.0, 0, 50.0, 0.0, 0.1], lr=5.000e-05
Epoch: 0 [7300/10000 (73%)] Loss: 28.83025 = L_Mnfld: 6.65198 + L_NonMnfld: 16.65477 + L_Nrml: 0.00000 + L_Eknl: 5.14023 + L_Div: 0.00000 + L_Morse: 0.38326
Epoch: 0 [7300/10000 (73%)] Unweighted L_s : L_Mnfld: 0.00095,  L_NonMnfld: 0.02776,  L_Nrml: 0.00000,  L_Eknl: 0.10280, L_Morse: 3.83264

Weights: [7000.0, 600.0, 0, 50.0, 0.0, 0.1], lr=5.000e-05
Epoch: 0 [7310/10000 (73%)] Loss: 29.33884 = L_Mnfld: 7.26270 + L_NonMnfld: 16.49322 + L_Nrml: 0.00000 + L_Eknl: 5.18847 + L_Div: 0.00000 + L_Morse: 0.39446
Epoch: 0 [7310/10000 (73%)] Unweighted L_s : L_Mnfld: 0.00104,  L_NonMnfld: 0.02749,  L_Nrml: 0.00000,  L_Eknl: 0.10377, L_Morse: 3.94457

Weights: [7000.0, 600.0, 0, 50.0, 0.0, 0.1], lr=5.000e-05
Epoch: 0 [7320/10000 (73%)] Loss: 29.56713 = L_Mnfld: 8.28294 + L_NonMnfld: 15.48431 + L_Nrml: 0.00000 + L_Eknl: 5.41125 + L_Div: 0.00000 + L_Morse: 0.38863
Epoch: 0 [7320/10000 (73%)] Unweighted L_s : L_Mnfld: 0.00118,  L_NonMnfld: 0.02581,  L_Nrml: 0.00000,  L_Eknl: 0.10823, L_Morse: 3.88630

Weights: [7000.0, 600.0, 0, 50.0, 0.0, 0.1], lr=5.000e-05
Epoch: 0 [7330/10000 (73%)] Loss: 31.49296 = L_Mnfld: 8.71916 + L_NonMnfld: 16.88571 + L_Nrml: 0.00000 + L_Eknl: 5.50094 + L_Div: 0.00000 + L_Morse: 0.38714
Epoch: 0 [7330/10000 (73%)] Unweighted L_s : L_Mnfld: 0.00125,  L_NonMnfld: 0.02814,  L_Nrml: 0.00000,  L_Eknl: 0.11002, L_Morse: 3.87142

Weights: [7000.0, 600.0, 0, 50.0, 0.0, 0.1], lr=5.000e-05
Epoch: 0 [7340/10000 (73%)] Loss: 31.14099 = L_Mnfld: 7.90091 + L_NonMnfld: 17.23841 + L_Nrml: 0.00000 + L_Eknl: 5.61241 + L_Div: 0.00000 + L_Morse: 0.38926
Epoch: 0 [7340/10000 (73%)] Unweighted L_s : L_Mnfld: 0.00113,  L_NonMnfld: 0.02873,  L_Nrml: 0.00000,  L_Eknl: 0.11225, L_Morse: 3.89264

Weights: [7000.0, 600.0, 0, 50.0, 0.0, 0.1], lr=5.000e-05
Epoch: 0 [7350/10000 (74%)] Loss: 31.14605 = L_Mnfld: 7.91839 + L_NonMnfld: 17.02182 + L_Nrml: 0.00000 + L_Eknl: 5.78633 + L_Div: 0.00000 + L_Morse: 0.41951
Epoch: 0 [7350/10000 (74%)] Unweighted L_s : L_Mnfld: 0.00113,  L_NonMnfld: 0.02837,  L_Nrml: 0.00000,  L_Eknl: 0.11573, L_Morse: 4.19507

Weights: [7000.0, 600.0, 0, 50.0, 0.0, 0.1], lr=5.000e-05
Epoch: 0 [7360/10000 (74%)] Loss: 30.49644 = L_Mnfld: 7.40601 + L_NonMnfld: 17.01016 + L_Nrml: 0.00000 + L_Eknl: 5.67791 + L_Div: 0.00000 + L_Morse: 0.40236
Epoch: 0 [7360/10000 (74%)] Unweighted L_s : L_Mnfld: 0.00106,  L_NonMnfld: 0.02835,  L_Nrml: 0.00000,  L_Eknl: 0.11356, L_Morse: 4.02360

Weights: [7000.0, 600.0, 0, 50.0, 0.0, 0.1], lr=5.000e-05
Epoch: 0 [7370/10000 (74%)] Loss: 29.54212 = L_Mnfld: 6.92377 + L_NonMnfld: 16.73770 + L_Nrml: 0.00000 + L_Eknl: 5.46529 + L_Div: 0.00000 + L_Morse: 0.41537
Epoch: 0 [7370/10000 (74%)] Unweighted L_s : L_Mnfld: 0.00099,  L_NonMnfld: 0.02790,  L_Nrml: 0.00000,  L_Eknl: 0.10931, L_Morse: 4.15367

Weights: [7000.0, 600.0, 0, 50.0, 0.0, 0.1], lr=5.000e-05
Epoch: 0 [7380/10000 (74%)] Loss: 29.61670 = L_Mnfld: 6.68782 + L_NonMnfld: 17.04877 + L_Nrml: 0.00000 + L_Eknl: 5.48469 + L_Div: 0.00000 + L_Morse: 0.39541
Epoch: 0 [7380/10000 (74%)] Unweighted L_s : L_Mnfld: 0.00096,  L_NonMnfld: 0.02841,  L_Nrml: 0.00000,  L_Eknl: 0.10969, L_Morse: 3.95411

Weights: [7000.0, 600.0, 0, 50.0, 0.0, 0.1], lr=5.000e-05
Epoch: 0 [7390/10000 (74%)] Loss: 28.84357 = L_Mnfld: 6.71631 + L_NonMnfld: 16.12543 + L_Nrml: 0.00000 + L_Eknl: 5.58939 + L_Div: 0.00000 + L_Morse: 0.41243
Epoch: 0 [7390/10000 (74%)] Unweighted L_s : L_Mnfld: 0.00096,  L_NonMnfld: 0.02688,  L_Nrml: 0.00000,  L_Eknl: 0.11179, L_Morse: 4.12434

Weights: [7000.0, 600.0, 0, 50.0, 0.0, 0.1], lr=5.000e-05
Epoch: 0 [7400/10000 (74%)] Loss: 29.38773 = L_Mnfld: 6.41386 + L_NonMnfld: 17.09246 + L_Nrml: 0.00000 + L_Eknl: 5.46757 + L_Div: 0.00000 + L_Morse: 0.41384
Epoch: 0 [7400/10000 (74%)] Unweighted L_s : L_Mnfld: 0.00092,  L_NonMnfld: 0.02849,  L_Nrml: 0.00000,  L_Eknl: 0.10935, L_Morse: 4.13842

Weights: [7000.0, 600.0, 0, 50.0, 0.0, 0.1], lr=5.000e-05
Epoch: 0 [7410/10000 (74%)] Loss: 29.04342 = L_Mnfld: 6.61317 + L_NonMnfld: 16.48749 + L_Nrml: 0.00000 + L_Eknl: 5.55285 + L_Div: 0.00000 + L_Morse: 0.38991
Epoch: 0 [7410/10000 (74%)] Unweighted L_s : L_Mnfld: 0.00094,  L_NonMnfld: 0.02748,  L_Nrml: 0.00000,  L_Eknl: 0.11106, L_Morse: 3.89907

Weights: [7000.0, 600.0, 0, 50.0, 0.0, 0.1], lr=5.000e-05
Epoch: 0 [7420/10000 (74%)] Loss: 28.48741 = L_Mnfld: 6.49195 + L_NonMnfld: 16.38047 + L_Nrml: 0.00000 + L_Eknl: 5.22466 + L_Div: 0.00000 + L_Morse: 0.39033
Epoch: 0 [7420/10000 (74%)] Unweighted L_s : L_Mnfld: 0.00093,  L_NonMnfld: 0.02730,  L_Nrml: 0.00000,  L_Eknl: 0.10449, L_Morse: 3.90329

Weights: [7000.0, 600.0, 0, 50.0, 0.0, 0.1], lr=5.000e-05
Epoch: 0 [7430/10000 (74%)] Loss: 28.14513 = L_Mnfld: 6.68688 + L_NonMnfld: 15.70643 + L_Nrml: 0.00000 + L_Eknl: 5.33921 + L_Div: 0.00000 + L_Morse: 0.41262
Epoch: 0 [7430/10000 (74%)] Unweighted L_s : L_Mnfld: 0.00096,  L_NonMnfld: 0.02618,  L_Nrml: 0.00000,  L_Eknl: 0.10678, L_Morse: 4.12619

Weights: [7000.0, 600.0, 0, 50.0, 0.0, 0.1], lr=5.000e-05
Epoch: 0 [7440/10000 (74%)] Loss: 29.77631 = L_Mnfld: 6.64722 + L_NonMnfld: 17.53249 + L_Nrml: 0.00000 + L_Eknl: 5.21288 + L_Div: 0.00000 + L_Morse: 0.38372
Epoch: 0 [7440/10000 (74%)] Unweighted L_s : L_Mnfld: 0.00095,  L_NonMnfld: 0.02922,  L_Nrml: 0.00000,  L_Eknl: 0.10426, L_Morse: 3.83719

Weights: [7000.0, 600.0, 0, 50.0, 0.0, 0.1], lr=5.000e-05
Epoch: 0 [7450/10000 (74%)] Loss: 29.53956 = L_Mnfld: 7.07990 + L_NonMnfld: 15.97165 + L_Nrml: 0.00000 + L_Eknl: 6.06800 + L_Div: 0.00000 + L_Morse: 0.42001
Epoch: 0 [7450/10000 (74%)] Unweighted L_s : L_Mnfld: 0.00101,  L_NonMnfld: 0.02662,  L_Nrml: 0.00000,  L_Eknl: 0.12136, L_Morse: 4.20008

Weights: [7000.0, 600.0, 0, 50.0, 0.0, 0.1], lr=5.000e-05
Epoch: 0 [7460/10000 (75%)] Loss: 28.66350 = L_Mnfld: 6.72362 + L_NonMnfld: 16.23181 + L_Nrml: 0.00000 + L_Eknl: 5.31483 + L_Div: 0.00000 + L_Morse: 0.39324
Epoch: 0 [7460/10000 (75%)] Unweighted L_s : L_Mnfld: 0.00096,  L_NonMnfld: 0.02705,  L_Nrml: 0.00000,  L_Eknl: 0.10630, L_Morse: 3.93241

Weights: [7000.0, 600.0, 0, 50.0, 0.0, 0.1], lr=5.000e-05
Epoch: 0 [7470/10000 (75%)] Loss: 28.46839 = L_Mnfld: 6.75939 + L_NonMnfld: 15.66313 + L_Nrml: 0.00000 + L_Eknl: 5.64575 + L_Div: 0.00000 + L_Morse: 0.40012
Epoch: 0 [7470/10000 (75%)] Unweighted L_s : L_Mnfld: 0.00097,  L_NonMnfld: 0.02611,  L_Nrml: 0.00000,  L_Eknl: 0.11291, L_Morse: 4.00122

Weights: [7000.0, 600.0, 0, 50.0, 0.0, 0.1], lr=5.000e-05
Epoch: 0 [7480/10000 (75%)] Loss: 29.09416 = L_Mnfld: 7.05355 + L_NonMnfld: 15.97091 + L_Nrml: 0.00000 + L_Eknl: 5.67116 + L_Div: 0.00000 + L_Morse: 0.39854
Epoch: 0 [7480/10000 (75%)] Unweighted L_s : L_Mnfld: 0.00101,  L_NonMnfld: 0.02662,  L_Nrml: 0.00000,  L_Eknl: 0.11342, L_Morse: 3.98540

Weights: [7000.0, 600.0, 0, 50.0, 0.0, 0.1], lr=5.000e-05
Epoch: 0 [7490/10000 (75%)] Loss: 29.87321 = L_Mnfld: 7.05946 + L_NonMnfld: 16.76315 + L_Nrml: 0.00000 + L_Eknl: 5.64206 + L_Div: 0.00000 + L_Morse: 0.40853
Epoch: 0 [7490/10000 (75%)] Unweighted L_s : L_Mnfld: 0.00101,  L_NonMnfld: 0.02794,  L_Nrml: 0.00000,  L_Eknl: 0.11284, L_Morse: 4.08531

Weights: [7000.0, 600.0, 0, 50.0, 0.0, 0.1], lr=5.000e-05
Epoch: 0 [7500/10000 (75%)] Loss: 30.15973 = L_Mnfld: 7.48878 + L_NonMnfld: 16.66990 + L_Nrml: 0.00000 + L_Eknl: 5.59989 + L_Div: 0.00000 + L_Morse: 0.40117
Epoch: 0 [7500/10000 (75%)] Unweighted L_s : L_Mnfld: 0.00107,  L_NonMnfld: 0.02778,  L_Nrml: 0.00000,  L_Eknl: 0.11200, L_Morse: 4.01173

Weights: [7000.0, 600.0, 0, 50.0, 0.0, 0.1], lr=5.000e-05
Epoch: 0 [7510/10000 (75%)] Loss: 30.29911 = L_Mnfld: 7.43876 + L_NonMnfld: 16.85745 + L_Nrml: 0.00000 + L_Eknl: 5.59438 + L_Div: 0.00000 + L_Morse: 0.40852
Epoch: 0 [7510/10000 (75%)] Unweighted L_s : L_Mnfld: 0.00106,  L_NonMnfld: 0.02810,  L_Nrml: 0.00000,  L_Eknl: 0.11189, L_Morse: 4.08524

Weights: [7000.0, 600.0, 0, 50.0, 0.0, 0.1], lr=5.000e-05
Epoch: 0 [7520/10000 (75%)] Loss: 29.42977 = L_Mnfld: 7.13621 + L_NonMnfld: 16.41300 + L_Nrml: 0.00000 + L_Eknl: 5.44072 + L_Div: 0.00000 + L_Morse: 0.43984
Epoch: 0 [7520/10000 (75%)] Unweighted L_s : L_Mnfld: 0.00102,  L_NonMnfld: 0.02736,  L_Nrml: 0.00000,  L_Eknl: 0.10881, L_Morse: 4.39836

Weights: [7000.0, 600.0, 0, 50.0, 0.0, 0.1], lr=5.000e-05
Epoch: 0 [7530/10000 (75%)] Loss: 29.38173 = L_Mnfld: 6.82852 + L_NonMnfld: 16.71993 + L_Nrml: 0.00000 + L_Eknl: 5.40236 + L_Div: 0.00000 + L_Morse: 0.43091
Epoch: 0 [7530/10000 (75%)] Unweighted L_s : L_Mnfld: 0.00098,  L_NonMnfld: 0.02787,  L_Nrml: 0.00000,  L_Eknl: 0.10805, L_Morse: 4.30913

Weights: [7000.0, 600.0, 0, 50.0, 0.0, 0.1], lr=5.000e-05
Epoch: 0 [7540/10000 (75%)] Loss: 29.47402 = L_Mnfld: 6.93391 + L_NonMnfld: 16.76438 + L_Nrml: 0.00000 + L_Eknl: 5.36164 + L_Div: 0.00000 + L_Morse: 0.41409
Epoch: 0 [7540/10000 (75%)] Unweighted L_s : L_Mnfld: 0.00099,  L_NonMnfld: 0.02794,  L_Nrml: 0.00000,  L_Eknl: 0.10723, L_Morse: 4.14091

Weights: [7000.0, 600.0, 0, 50.0, 0.0, 0.1], lr=5.000e-05
Epoch: 0 [7550/10000 (76%)] Loss: 29.08505 = L_Mnfld: 6.97535 + L_NonMnfld: 16.54867 + L_Nrml: 0.00000 + L_Eknl: 5.17675 + L_Div: 0.00000 + L_Morse: 0.38427
Epoch: 0 [7550/10000 (76%)] Unweighted L_s : L_Mnfld: 0.00100,  L_NonMnfld: 0.02758,  L_Nrml: 0.00000,  L_Eknl: 0.10354, L_Morse: 3.84268

Weights: [7000.0, 600.0, 0, 50.0, 0.0, 0.1], lr=5.000e-05
Epoch: 0 [7560/10000 (76%)] Loss: 28.90007 = L_Mnfld: 7.15874 + L_NonMnfld: 16.18011 + L_Nrml: 0.00000 + L_Eknl: 5.16576 + L_Div: 0.00000 + L_Morse: 0.39546
Epoch: 0 [7560/10000 (76%)] Unweighted L_s : L_Mnfld: 0.00102,  L_NonMnfld: 0.02697,  L_Nrml: 0.00000,  L_Eknl: 0.10332, L_Morse: 3.95462

Weights: [7000.0, 600.0, 0, 50.0, 0.0, 0.1], lr=5.000e-05
Epoch: 0 [7570/10000 (76%)] Loss: 29.19949 = L_Mnfld: 6.55103 + L_NonMnfld: 16.97988 + L_Nrml: 0.00000 + L_Eknl: 5.27110 + L_Div: 0.00000 + L_Morse: 0.39748
Epoch: 0 [7570/10000 (76%)] Unweighted L_s : L_Mnfld: 0.00094,  L_NonMnfld: 0.02830,  L_Nrml: 0.00000,  L_Eknl: 0.10542, L_Morse: 3.97475

Weights: [7000.0, 600.0, 0, 50.0, 0.0, 0.1], lr=5.000e-05
Epoch: 0 [7580/10000 (76%)] Loss: 28.32013 = L_Mnfld: 6.58874 + L_NonMnfld: 16.15430 + L_Nrml: 0.00000 + L_Eknl: 5.17046 + L_Div: 0.00000 + L_Morse: 0.40663
Epoch: 0 [7580/10000 (76%)] Unweighted L_s : L_Mnfld: 0.00094,  L_NonMnfld: 0.02692,  L_Nrml: 0.00000,  L_Eknl: 0.10341, L_Morse: 4.06631

Weights: [7000.0, 600.0, 0, 50.0, 0.0, 0.1], lr=5.000e-05
Epoch: 0 [7590/10000 (76%)] Loss: 29.06096 = L_Mnfld: 6.82143 + L_NonMnfld: 16.25425 + L_Nrml: 0.00000 + L_Eknl: 5.56106 + L_Div: 0.00000 + L_Morse: 0.42422
Epoch: 0 [7590/10000 (76%)] Unweighted L_s : L_Mnfld: 0.00097,  L_NonMnfld: 0.02709,  L_Nrml: 0.00000,  L_Eknl: 0.11122, L_Morse: 4.24219

Weights: [7000.0, 600.0, 0, 50.0, 0.0, 0.1], lr=5.000e-05
Epoch: 0 [7600/10000 (76%)] Loss: 28.27743 = L_Mnfld: 6.93895 + L_NonMnfld: 15.51781 + L_Nrml: 0.00000 + L_Eknl: 5.39624 + L_Div: 0.00000 + L_Morse: 0.42444
Epoch: 0 [7600/10000 (76%)] Unweighted L_s : L_Mnfld: 0.00099,  L_NonMnfld: 0.02586,  L_Nrml: 0.00000,  L_Eknl: 0.10792, L_Morse: 4.24439

Weights: [7000.0, 600.0, 0, 50.0, 0.0, 0.1], lr=5.000e-05
Epoch: 0 [7610/10000 (76%)] Loss: 27.28774 = L_Mnfld: 6.57696 + L_NonMnfld: 15.10409 + L_Nrml: 0.00000 + L_Eknl: 5.20923 + L_Div: 0.00000 + L_Morse: 0.39746
Epoch: 0 [7610/10000 (76%)] Unweighted L_s : L_Mnfld: 0.00094,  L_NonMnfld: 0.02517,  L_Nrml: 0.00000,  L_Eknl: 0.10418, L_Morse: 3.97459

Weights: [7000.0, 600.0, 0, 50.0, 0.0, 0.1], lr=5.000e-05
Epoch: 0 [7620/10000 (76%)] Loss: 29.27199 = L_Mnfld: 6.83746 + L_NonMnfld: 16.68696 + L_Nrml: 0.00000 + L_Eknl: 5.35795 + L_Div: 0.00000 + L_Morse: 0.38962
Epoch: 0 [7620/10000 (76%)] Unweighted L_s : L_Mnfld: 0.00098,  L_NonMnfld: 0.02781,  L_Nrml: 0.00000,  L_Eknl: 0.10716, L_Morse: 3.89619

Weights: [7000.0, 600.0, 0, 50.0, 0.0, 0.1], lr=5.000e-05
Epoch: 0 [7630/10000 (76%)] Loss: 29.23488 = L_Mnfld: 6.81794 + L_NonMnfld: 16.73719 + L_Nrml: 0.00000 + L_Eknl: 5.27217 + L_Div: 0.00000 + L_Morse: 0.40757
Epoch: 0 [7630/10000 (76%)] Unweighted L_s : L_Mnfld: 0.00097,  L_NonMnfld: 0.02790,  L_Nrml: 0.00000,  L_Eknl: 0.10544, L_Morse: 4.07573

Weights: [7000.0, 600.0, 0, 50.0, 0.0, 0.1], lr=5.000e-05
Epoch: 0 [7640/10000 (76%)] Loss: 28.05464 = L_Mnfld: 6.85780 + L_NonMnfld: 15.36194 + L_Nrml: 0.00000 + L_Eknl: 5.43139 + L_Div: 0.00000 + L_Morse: 0.40350
Epoch: 0 [7640/10000 (76%)] Unweighted L_s : L_Mnfld: 0.00098,  L_NonMnfld: 0.02560,  L_Nrml: 0.00000,  L_Eknl: 0.10863, L_Morse: 4.03502

Weights: [7000.0, 600.0, 0, 50.0, 0.0, 0.1], lr=5.000e-05
Epoch: 0 [7650/10000 (76%)] Loss: 28.20908 = L_Mnfld: 6.49291 + L_NonMnfld: 16.03708 + L_Nrml: 0.00000 + L_Eknl: 5.28128 + L_Div: 0.00000 + L_Morse: 0.39782
Epoch: 0 [7650/10000 (76%)] Unweighted L_s : L_Mnfld: 0.00093,  L_NonMnfld: 0.02673,  L_Nrml: 0.00000,  L_Eknl: 0.10563, L_Morse: 3.97818

Weights: [7000.0, 600.0, 0, 50.0, 0.0, 0.1], lr=5.000e-05
Epoch: 0 [7660/10000 (77%)] Loss: 30.45166 = L_Mnfld: 6.74342 + L_NonMnfld: 17.82038 + L_Nrml: 0.00000 + L_Eknl: 5.47452 + L_Div: 0.00000 + L_Morse: 0.41334
Epoch: 0 [7660/10000 (77%)] Unweighted L_s : L_Mnfld: 0.00096,  L_NonMnfld: 0.02970,  L_Nrml: 0.00000,  L_Eknl: 0.10949, L_Morse: 4.13337

Weights: [7000.0, 600.0, 0, 50.0, 0.0, 0.1], lr=5.000e-05
Epoch: 0 [7670/10000 (77%)] Loss: 31.27098 = L_Mnfld: 7.12422 + L_NonMnfld: 18.04090 + L_Nrml: 0.00000 + L_Eknl: 5.68671 + L_Div: 0.00000 + L_Morse: 0.41915
Epoch: 0 [7670/10000 (77%)] Unweighted L_s : L_Mnfld: 0.00102,  L_NonMnfld: 0.03007,  L_Nrml: 0.00000,  L_Eknl: 0.11373, L_Morse: 4.19151

Weights: [7000.0, 600.0, 0, 50.0, 0.0, 0.1], lr=5.000e-05
Epoch: 0 [7680/10000 (77%)] Loss: 28.73321 = L_Mnfld: 7.19600 + L_NonMnfld: 15.52152 + L_Nrml: 0.00000 + L_Eknl: 5.60962 + L_Div: 0.00000 + L_Morse: 0.40606
Epoch: 0 [7680/10000 (77%)] Unweighted L_s : L_Mnfld: 0.00103,  L_NonMnfld: 0.02587,  L_Nrml: 0.00000,  L_Eknl: 0.11219, L_Morse: 4.06065

Weights: [7000.0, 600.0, 0, 50.0, 0.0, 0.1], lr=5.000e-05
Epoch: 0 [7690/10000 (77%)] Loss: 28.36853 = L_Mnfld: 7.30157 + L_NonMnfld: 14.86568 + L_Nrml: 0.00000 + L_Eknl: 5.79403 + L_Div: 0.00000 + L_Morse: 0.40725
Epoch: 0 [7690/10000 (77%)] Unweighted L_s : L_Mnfld: 0.00104,  L_NonMnfld: 0.02478,  L_Nrml: 0.00000,  L_Eknl: 0.11588, L_Morse: 4.07247

Weights: [7000.0, 600.0, 0, 50.0, 0.0, 0.1], lr=5.000e-05
Epoch: 0 [7700/10000 (77%)] Loss: 28.98454 = L_Mnfld: 7.67879 + L_NonMnfld: 15.20168 + L_Nrml: 0.00000 + L_Eknl: 5.70122 + L_Div: 0.00000 + L_Morse: 0.40285
Epoch: 0 [7700/10000 (77%)] Unweighted L_s : L_Mnfld: 0.00110,  L_NonMnfld: 0.02534,  L_Nrml: 0.00000,  L_Eknl: 0.11402, L_Morse: 4.02847

Weights: [7000.0, 600.0, 0, 50.0, 0.0, 0.1], lr=5.000e-05
Epoch: 0 [7710/10000 (77%)] Loss: 27.53603 = L_Mnfld: 6.90684 + L_NonMnfld: 14.81271 + L_Nrml: 0.00000 + L_Eknl: 5.40215 + L_Div: 0.00000 + L_Morse: 0.41433
Epoch: 0 [7710/10000 (77%)] Unweighted L_s : L_Mnfld: 0.00099,  L_NonMnfld: 0.02469,  L_Nrml: 0.00000,  L_Eknl: 0.10804, L_Morse: 4.14328

Weights: [7000.0, 600.0, 0, 50.0, 0.0, 0.1], lr=5.000e-05
Epoch: 0 [7720/10000 (77%)] Loss: 28.84212 = L_Mnfld: 7.14016 + L_NonMnfld: 15.77289 + L_Nrml: 0.00000 + L_Eknl: 5.50295 + L_Div: 0.00000 + L_Morse: 0.42611
Epoch: 0 [7720/10000 (77%)] Unweighted L_s : L_Mnfld: 0.00102,  L_NonMnfld: 0.02629,  L_Nrml: 0.00000,  L_Eknl: 0.11006, L_Morse: 4.26114

Weights: [7000.0, 600.0, 0, 50.0, 0.0, 0.1], lr=5.000e-05
Epoch: 0 [7730/10000 (77%)] Loss: 27.78868 = L_Mnfld: 6.69797 + L_NonMnfld: 15.71173 + L_Nrml: 0.00000 + L_Eknl: 4.99301 + L_Div: 0.00000 + L_Morse: 0.38595
Epoch: 0 [7730/10000 (77%)] Unweighted L_s : L_Mnfld: 0.00096,  L_NonMnfld: 0.02619,  L_Nrml: 0.00000,  L_Eknl: 0.09986, L_Morse: 3.85954

Weights: [7000.0, 600.0, 0, 50.0, 0.0, 0.1], lr=5.000e-05
Epoch: 0 [7740/10000 (77%)] Loss: 29.26319 = L_Mnfld: 6.56480 + L_NonMnfld: 17.10064 + L_Nrml: 0.00000 + L_Eknl: 5.19993 + L_Div: 0.00000 + L_Morse: 0.39782
Epoch: 0 [7740/10000 (77%)] Unweighted L_s : L_Mnfld: 0.00094,  L_NonMnfld: 0.02850,  L_Nrml: 0.00000,  L_Eknl: 0.10400, L_Morse: 3.97824

Weights: [7000.0, 600.0, 0, 50.0, 0.0, 0.1], lr=5.000e-05
Epoch: 0 [7750/10000 (78%)] Loss: 28.16493 = L_Mnfld: 7.14557 + L_NonMnfld: 15.49694 + L_Nrml: 0.00000 + L_Eknl: 5.12550 + L_Div: 0.00000 + L_Morse: 0.39691
Epoch: 0 [7750/10000 (78%)] Unweighted L_s : L_Mnfld: 0.00102,  L_NonMnfld: 0.02583,  L_Nrml: 0.00000,  L_Eknl: 0.10251, L_Morse: 3.96914

Weights: [7000.0, 600.0, 0, 50.0, 0.0, 0.1], lr=5.000e-05
Epoch: 0 [7760/10000 (78%)] Loss: 29.47870 = L_Mnfld: 6.72156 + L_NonMnfld: 17.00943 + L_Nrml: 0.00000 + L_Eknl: 5.33996 + L_Div: 0.00000 + L_Morse: 0.40775
Epoch: 0 [7760/10000 (78%)] Unweighted L_s : L_Mnfld: 0.00096,  L_NonMnfld: 0.02835,  L_Nrml: 0.00000,  L_Eknl: 0.10680, L_Morse: 4.07747

Weights: [7000.0, 600.0, 0, 50.0, 0.0, 0.1], lr=5.000e-05
Epoch: 0 [7770/10000 (78%)] Loss: 28.38676 = L_Mnfld: 6.91222 + L_NonMnfld: 15.81191 + L_Nrml: 0.00000 + L_Eknl: 5.27695 + L_Div: 0.00000 + L_Morse: 0.38567
Epoch: 0 [7770/10000 (78%)] Unweighted L_s : L_Mnfld: 0.00099,  L_NonMnfld: 0.02635,  L_Nrml: 0.00000,  L_Eknl: 0.10554, L_Morse: 3.85668

Weights: [7000.0, 600.0, 0, 50.0, 0.0, 0.1], lr=5.000e-05
Epoch: 0 [7780/10000 (78%)] Loss: 27.72553 = L_Mnfld: 6.39144 + L_NonMnfld: 15.60183 + L_Nrml: 0.00000 + L_Eknl: 5.33025 + L_Div: 0.00000 + L_Morse: 0.40200
Epoch: 0 [7780/10000 (78%)] Unweighted L_s : L_Mnfld: 0.00091,  L_NonMnfld: 0.02600,  L_Nrml: 0.00000,  L_Eknl: 0.10661, L_Morse: 4.02003

Weights: [7000.0, 600.0, 0, 50.0, 0.0, 0.1], lr=5.000e-05
Epoch: 0 [7790/10000 (78%)] Loss: 28.26598 = L_Mnfld: 6.78014 + L_NonMnfld: 15.04015 + L_Nrml: 0.00000 + L_Eknl: 6.04076 + L_Div: 0.00000 + L_Morse: 0.40495
Epoch: 0 [7790/10000 (78%)] Unweighted L_s : L_Mnfld: 0.00097,  L_NonMnfld: 0.02507,  L_Nrml: 0.00000,  L_Eknl: 0.12082, L_Morse: 4.04946

Weights: [7000.0, 600.0, 0, 50.0, 0.0, 0.1], lr=5.000e-05
Epoch: 0 [7800/10000 (78%)] Loss: 29.59045 = L_Mnfld: 6.85706 + L_NonMnfld: 17.23645 + L_Nrml: 0.00000 + L_Eknl: 5.10990 + L_Div: 0.00000 + L_Morse: 0.38704
Epoch: 0 [7800/10000 (78%)] Unweighted L_s : L_Mnfld: 0.00098,  L_NonMnfld: 0.02873,  L_Nrml: 0.00000,  L_Eknl: 0.10220, L_Morse: 3.87036

Weights: [7000.0, 600.0, 0, 50.0, 0.0, 0.1], lr=5.000e-05
Epoch: 0 [7810/10000 (78%)] Loss: 28.75425 = L_Mnfld: 6.62127 + L_NonMnfld: 16.61363 + L_Nrml: 0.00000 + L_Eknl: 5.13994 + L_Div: 0.00000 + L_Morse: 0.37942
Epoch: 0 [7810/10000 (78%)] Unweighted L_s : L_Mnfld: 0.00095,  L_NonMnfld: 0.02769,  L_Nrml: 0.00000,  L_Eknl: 0.10280, L_Morse: 3.79421

Weights: [7000.0, 600.0, 0, 50.0, 0.0, 0.1], lr=5.000e-05
Epoch: 0 [7820/10000 (78%)] Loss: 28.61964 = L_Mnfld: 6.58797 + L_NonMnfld: 16.45919 + L_Nrml: 0.00000 + L_Eknl: 5.15718 + L_Div: 0.00000 + L_Morse: 0.41530
Epoch: 0 [7820/10000 (78%)] Unweighted L_s : L_Mnfld: 0.00094,  L_NonMnfld: 0.02743,  L_Nrml: 0.00000,  L_Eknl: 0.10314, L_Morse: 4.15300

Weights: [7000.0, 600.0, 0, 50.0, 0.0, 0.1], lr=5.000e-05
Epoch: 0 [7830/10000 (78%)] Loss: 29.86554 = L_Mnfld: 7.30342 + L_NonMnfld: 16.29734 + L_Nrml: 0.00000 + L_Eknl: 5.84608 + L_Div: 0.00000 + L_Morse: 0.41870
Epoch: 0 [7830/10000 (78%)] Unweighted L_s : L_Mnfld: 0.00104,  L_NonMnfld: 0.02716,  L_Nrml: 0.00000,  L_Eknl: 0.11692, L_Morse: 4.18697

Weights: [7000.0, 600.0, 0, 50.0, 0.0, 0.1], lr=5.000e-05
Epoch: 0 [7840/10000 (78%)] Loss: 28.51575 = L_Mnfld: 6.80844 + L_NonMnfld: 15.34514 + L_Nrml: 0.00000 + L_Eknl: 5.95721 + L_Div: 0.00000 + L_Morse: 0.40496
Epoch: 0 [7840/10000 (78%)] Unweighted L_s : L_Mnfld: 0.00097,  L_NonMnfld: 0.02558,  L_Nrml: 0.00000,  L_Eknl: 0.11914, L_Morse: 4.04963

Weights: [7000.0, 600.0, 0, 50.0, 0.0, 0.1], lr=5.000e-05
Epoch: 0 [7850/10000 (78%)] Loss: 29.80611 = L_Mnfld: 7.91517 + L_NonMnfld: 15.80751 + L_Nrml: 0.00000 + L_Eknl: 5.67697 + L_Div: 0.00000 + L_Morse: 0.40646
Epoch: 0 [7850/10000 (78%)] Unweighted L_s : L_Mnfld: 0.00113,  L_NonMnfld: 0.02635,  L_Nrml: 0.00000,  L_Eknl: 0.11354, L_Morse: 4.06462

Weights: [7000.0, 600.0, 0, 50.0, 0.0, 0.1], lr=5.000e-05
Epoch: 0 [7860/10000 (79%)] Loss: 30.78775 = L_Mnfld: 8.95826 + L_NonMnfld: 15.29461 + L_Nrml: 0.00000 + L_Eknl: 6.11826 + L_Div: 0.00000 + L_Morse: 0.41662
Epoch: 0 [7860/10000 (79%)] Unweighted L_s : L_Mnfld: 0.00128,  L_NonMnfld: 0.02549,  L_Nrml: 0.00000,  L_Eknl: 0.12237, L_Morse: 4.16621

Weights: [7000.0, 600.0, 0, 50.0, 0.0, 0.1], lr=5.000e-05
Epoch: 0 [7870/10000 (79%)] Loss: 30.95381 = L_Mnfld: 8.99703 + L_NonMnfld: 15.18207 + L_Nrml: 0.00000 + L_Eknl: 6.32633 + L_Div: 0.00000 + L_Morse: 0.44838
Epoch: 0 [7870/10000 (79%)] Unweighted L_s : L_Mnfld: 0.00129,  L_NonMnfld: 0.02530,  L_Nrml: 0.00000,  L_Eknl: 0.12653, L_Morse: 4.48384

Weights: [7000.0, 600.0, 0, 50.0, 0.0, 0.1], lr=5.000e-05
Epoch: 0 [7880/10000 (79%)] Loss: 29.29405 = L_Mnfld: 7.64520 + L_NonMnfld: 15.60313 + L_Nrml: 0.00000 + L_Eknl: 5.61941 + L_Div: 0.00000 + L_Morse: 0.42631
Epoch: 0 [7880/10000 (79%)] Unweighted L_s : L_Mnfld: 0.00109,  L_NonMnfld: 0.02601,  L_Nrml: 0.00000,  L_Eknl: 0.11239, L_Morse: 4.26315

Weights: [7000.0, 600.0, 0, 50.0, 0.0, 0.1], lr=5.000e-05
Epoch: 0 [7890/10000 (79%)] Loss: 31.82481 = L_Mnfld: 8.27042 + L_NonMnfld: 17.49506 + L_Nrml: 0.00000 + L_Eknl: 5.64252 + L_Div: 0.00000 + L_Morse: 0.41682
Epoch: 0 [7890/10000 (79%)] Unweighted L_s : L_Mnfld: 0.00118,  L_NonMnfld: 0.02916,  L_Nrml: 0.00000,  L_Eknl: 0.11285, L_Morse: 4.16817

Weights: [7000.0, 600.0, 0, 50.0, 0.0, 0.1], lr=5.000e-05
Epoch: 0 [7900/10000 (79%)] Loss: 30.01258 = L_Mnfld: 8.01798 + L_NonMnfld: 15.97934 + L_Nrml: 0.00000 + L_Eknl: 5.59884 + L_Div: 0.00000 + L_Morse: 0.41641
Epoch: 0 [7900/10000 (79%)] Unweighted L_s : L_Mnfld: 0.00115,  L_NonMnfld: 0.02663,  L_Nrml: 0.00000,  L_Eknl: 0.11198, L_Morse: 4.16411

Weights: [7000.0, 600.0, 0, 50.0, 0.0, 0.1], lr=5.000e-05
Epoch: 0 [7910/10000 (79%)] Loss: 30.86171 = L_Mnfld: 8.65801 + L_NonMnfld: 15.90930 + L_Nrml: 0.00000 + L_Eknl: 5.87115 + L_Div: 0.00000 + L_Morse: 0.42325
Epoch: 0 [7910/10000 (79%)] Unweighted L_s : L_Mnfld: 0.00124,  L_NonMnfld: 0.02652,  L_Nrml: 0.00000,  L_Eknl: 0.11742, L_Morse: 4.23250

Weights: [7000.0, 600.0, 0, 50.0, 0.0, 0.1], lr=5.000e-05
Epoch: 0 [7920/10000 (79%)] Loss: 30.11274 = L_Mnfld: 7.44936 + L_NonMnfld: 16.83611 + L_Nrml: 0.00000 + L_Eknl: 5.39428 + L_Div: 0.00000 + L_Morse: 0.43299
Epoch: 0 [7920/10000 (79%)] Unweighted L_s : L_Mnfld: 0.00106,  L_NonMnfld: 0.02806,  L_Nrml: 0.00000,  L_Eknl: 0.10789, L_Morse: 4.32989

Weights: [7000.0, 600.0, 0, 50.0, 0.0, 0.1], lr=5.000e-05
Epoch: 0 [7930/10000 (79%)] Loss: 27.78312 = L_Mnfld: 6.79235 + L_NonMnfld: 15.30742 + L_Nrml: 0.00000 + L_Eknl: 5.26156 + L_Div: 0.00000 + L_Morse: 0.42179
Epoch: 0 [7930/10000 (79%)] Unweighted L_s : L_Mnfld: 0.00097,  L_NonMnfld: 0.02551,  L_Nrml: 0.00000,  L_Eknl: 0.10523, L_Morse: 4.21790

Weights: [7000.0, 600.0, 0, 50.0, 0.0, 0.1], lr=5.000e-05
Epoch: 0 [7940/10000 (79%)] Loss: 28.40110 = L_Mnfld: 7.03602 + L_NonMnfld: 15.64741 + L_Nrml: 0.00000 + L_Eknl: 5.28609 + L_Div: 0.00000 + L_Morse: 0.43158
Epoch: 0 [7940/10000 (79%)] Unweighted L_s : L_Mnfld: 0.00101,  L_NonMnfld: 0.02608,  L_Nrml: 0.00000,  L_Eknl: 0.10572, L_Morse: 4.31580

Weights: [7000.0, 600.0, 0, 50.0, 0.0, 0.1], lr=5.000e-05
Epoch: 0 [7950/10000 (80%)] Loss: 30.33722 = L_Mnfld: 7.15845 + L_NonMnfld: 17.76201 + L_Nrml: 0.00000 + L_Eknl: 5.00961 + L_Div: 0.00000 + L_Morse: 0.40714
Epoch: 0 [7950/10000 (80%)] Unweighted L_s : L_Mnfld: 0.00102,  L_NonMnfld: 0.02960,  L_Nrml: 0.00000,  L_Eknl: 0.10019, L_Morse: 4.07142

Weights: [7000.0, 600.0, 0, 50.0, 0.0, 0.1], lr=5.000e-05
Epoch: 0 [7960/10000 (80%)] Loss: 29.64302 = L_Mnfld: 7.67963 + L_NonMnfld: 16.11857 + L_Nrml: 0.00000 + L_Eknl: 5.40280 + L_Div: 0.00000 + L_Morse: 0.44202
Epoch: 0 [7960/10000 (80%)] Unweighted L_s : L_Mnfld: 0.00110,  L_NonMnfld: 0.02686,  L_Nrml: 0.00000,  L_Eknl: 0.10806, L_Morse: 4.42021

Weights: [7000.0, 600.0, 0, 50.0, 0.0, 0.1], lr=5.000e-05
Epoch: 0 [7970/10000 (80%)] Loss: 29.60571 = L_Mnfld: 7.75620 + L_NonMnfld: 15.37951 + L_Nrml: 0.00000 + L_Eknl: 6.04573 + L_Div: 0.00000 + L_Morse: 0.42427
Epoch: 0 [7970/10000 (80%)] Unweighted L_s : L_Mnfld: 0.00111,  L_NonMnfld: 0.02563,  L_Nrml: 0.00000,  L_Eknl: 0.12091, L_Morse: 4.24269

Weights: [7000.0, 600.0, 0, 50.0, 0.0, 0.1], lr=5.000e-05
Epoch: 0 [7980/10000 (80%)] Loss: 30.05923 = L_Mnfld: 7.24083 + L_NonMnfld: 16.86976 + L_Nrml: 0.00000 + L_Eknl: 5.54318 + L_Div: 0.00000 + L_Morse: 0.40547
Epoch: 0 [7980/10000 (80%)] Unweighted L_s : L_Mnfld: 0.00103,  L_NonMnfld: 0.02812,  L_Nrml: 0.00000,  L_Eknl: 0.11086, L_Morse: 4.05468

Weights: [7000.0, 600.0, 0, 50.0, 0.0, 0.1], lr=5.000e-05
Epoch: 0 [7990/10000 (80%)] Loss: 29.90045 = L_Mnfld: 7.85906 + L_NonMnfld: 15.90877 + L_Nrml: 0.00000 + L_Eknl: 5.69586 + L_Div: 0.00000 + L_Morse: 0.43677
Epoch: 0 [7990/10000 (80%)] Unweighted L_s : L_Mnfld: 0.00112,  L_NonMnfld: 0.02651,  L_Nrml: 0.00000,  L_Eknl: 0.11392, L_Morse: 4.36767

Weights: [7000.0, 600.0, 0, 50.0, 0.0, 0.1], lr=5.000e-05
Epoch: 0 [8000/10000 (80%)] Loss: 27.55216 = L_Mnfld: 7.55484 + L_NonMnfld: 13.97019 + L_Nrml: 0.00000 + L_Eknl: 5.59300 + L_Div: 0.00000 + L_Morse: 0.43413
Epoch: 0 [8000/10000 (80%)] Unweighted L_s : L_Mnfld: 0.00108,  L_NonMnfld: 0.02328,  L_Nrml: 0.00000,  L_Eknl: 0.11186, L_Morse: 4.34135

Weights: [7000.0, 600.0, 0, 50.0, 0.0, 0.1], lr=5.000e-05
Epoch: 0 [8010/10000 (80%)] Loss: 28.64635 = L_Mnfld: 7.48156 + L_NonMnfld: 14.96397 + L_Nrml: 0.00000 + L_Eknl: 5.76188 + L_Div: 0.00000 + L_Morse: 0.43895
Epoch: 0 [8010/10000 (80%)] Unweighted L_s : L_Mnfld: 0.00107,  L_NonMnfld: 0.02494,  L_Nrml: 0.00000,  L_Eknl: 0.11524, L_Morse: 4.38945

Weights: [7000.0, 600.0, 0, 50.0, 0.0, 0.1], lr=5.000e-05
Epoch: 0 [8020/10000 (80%)] Loss: 30.36786 = L_Mnfld: 7.13982 + L_NonMnfld: 17.34600 + L_Nrml: 0.00000 + L_Eknl: 5.46265 + L_Div: 0.00000 + L_Morse: 0.41939
Epoch: 0 [8020/10000 (80%)] Unweighted L_s : L_Mnfld: 0.00102,  L_NonMnfld: 0.02891,  L_Nrml: 0.00000,  L_Eknl: 0.10925, L_Morse: 4.19391

Weights: [7000.0, 600.0, 0, 50.0, 0.0, 0.1], lr=5.000e-05
Epoch: 0 [8030/10000 (80%)] Loss: 28.93030 = L_Mnfld: 7.22691 + L_NonMnfld: 16.01811 + L_Nrml: 0.00000 + L_Eknl: 5.24431 + L_Div: 0.00000 + L_Morse: 0.44097
Epoch: 0 [8030/10000 (80%)] Unweighted L_s : L_Mnfld: 0.00103,  L_NonMnfld: 0.02670,  L_Nrml: 0.00000,  L_Eknl: 0.10489, L_Morse: 4.40966

Weights: [7000.0, 600.0, 0, 50.0, 0.0, 0.1], lr=5.000e-05
Epoch: 0 [8040/10000 (80%)] Loss: 30.73524 = L_Mnfld: 7.57055 + L_NonMnfld: 17.49260 + L_Nrml: 0.00000 + L_Eknl: 5.25376 + L_Div: 0.00000 + L_Morse: 0.41833
Epoch: 0 [8040/10000 (80%)] Unweighted L_s : L_Mnfld: 0.00108,  L_NonMnfld: 0.02915,  L_Nrml: 0.00000,  L_Eknl: 0.10508, L_Morse: 4.18331

Weights: [7000.0, 600.0, 0, 50.0, 0.0, 0.1], lr=5.000e-05
Epoch: 0 [8050/10000 (80%)] Loss: 28.20911 = L_Mnfld: 6.86949 + L_NonMnfld: 15.62369 + L_Nrml: 0.00000 + L_Eknl: 5.27704 + L_Div: 0.00000 + L_Morse: 0.43890
Epoch: 0 [8050/10000 (80%)] Unweighted L_s : L_Mnfld: 0.00098,  L_NonMnfld: 0.02604,  L_Nrml: 0.00000,  L_Eknl: 0.10554, L_Morse: 4.38898

Weights: [7000.0, 600.0, 0, 50.0, 0.0, 0.1], lr=5.000e-05
Epoch: 0 [8060/10000 (81%)] Loss: 28.44628 = L_Mnfld: 6.93802 + L_NonMnfld: 15.36708 + L_Nrml: 0.00000 + L_Eknl: 5.69865 + L_Div: 0.00000 + L_Morse: 0.44253
Epoch: 0 [8060/10000 (81%)] Unweighted L_s : L_Mnfld: 0.00099,  L_NonMnfld: 0.02561,  L_Nrml: 0.00000,  L_Eknl: 0.11397, L_Morse: 4.42530

Weights: [7000.0, 600.0, 0, 50.0, 0.0, 0.1], lr=5.000e-05
Epoch: 0 [8070/10000 (81%)] Loss: 26.52652 = L_Mnfld: 6.61292 + L_NonMnfld: 14.23611 + L_Nrml: 0.00000 + L_Eknl: 5.25264 + L_Div: 0.00000 + L_Morse: 0.42484
Epoch: 0 [8070/10000 (81%)] Unweighted L_s : L_Mnfld: 0.00094,  L_NonMnfld: 0.02373,  L_Nrml: 0.00000,  L_Eknl: 0.10505, L_Morse: 4.24840

Weights: [7000.0, 600.0, 0, 50.0, 0.0, 0.1], lr=5.000e-05
Epoch: 0 [8080/10000 (81%)] Loss: 28.45441 = L_Mnfld: 6.46766 + L_NonMnfld: 16.62792 + L_Nrml: 0.00000 + L_Eknl: 4.95457 + L_Div: 0.00000 + L_Morse: 0.40426
Epoch: 0 [8080/10000 (81%)] Unweighted L_s : L_Mnfld: 0.00092,  L_NonMnfld: 0.02771,  L_Nrml: 0.00000,  L_Eknl: 0.09909, L_Morse: 4.04263

Weights: [7000.0, 600.0, 0, 50.0, 0.0, 0.1], lr=5.000e-05
Epoch: 0 [8090/10000 (81%)] Loss: 27.30602 = L_Mnfld: 6.48319 + L_NonMnfld: 14.86569 + L_Nrml: 0.00000 + L_Eknl: 5.50530 + L_Div: 0.00000 + L_Morse: 0.45184
Epoch: 0 [8090/10000 (81%)] Unweighted L_s : L_Mnfld: 0.00093,  L_NonMnfld: 0.02478,  L_Nrml: 0.00000,  L_Eknl: 0.11011, L_Morse: 4.51841

Weights: [7000.0, 600.0, 0, 50.0, 0.0, 0.1], lr=5.000e-05
Epoch: 0 [8100/10000 (81%)] Loss: 28.44595 = L_Mnfld: 6.62494 + L_NonMnfld: 16.25910 + L_Nrml: 0.00000 + L_Eknl: 5.13575 + L_Div: 0.00000 + L_Morse: 0.42617
Epoch: 0 [8100/10000 (81%)] Unweighted L_s : L_Mnfld: 0.00095,  L_NonMnfld: 0.02710,  L_Nrml: 0.00000,  L_Eknl: 0.10271, L_Morse: 4.26169

Weights: [7000.0, 600.0, 0, 50.0, 0.0, 0.1], lr=5.000e-05
Epoch: 0 [8110/10000 (81%)] Loss: 27.78983 = L_Mnfld: 6.81119 + L_NonMnfld: 14.79206 + L_Nrml: 0.00000 + L_Eknl: 5.74232 + L_Div: 0.00000 + L_Morse: 0.44426
Epoch: 0 [8110/10000 (81%)] Unweighted L_s : L_Mnfld: 0.00097,  L_NonMnfld: 0.02465,  L_Nrml: 0.00000,  L_Eknl: 0.11485, L_Morse: 4.44257

Weights: [7000.0, 600.0, 0, 50.0, 0.0, 0.1], lr=5.000e-05
Epoch: 0 [8120/10000 (81%)] Loss: 29.50844 = L_Mnfld: 6.99717 + L_NonMnfld: 16.65343 + L_Nrml: 0.00000 + L_Eknl: 5.44218 + L_Div: 0.00000 + L_Morse: 0.41566
Epoch: 0 [8120/10000 (81%)] Unweighted L_s : L_Mnfld: 0.00100,  L_NonMnfld: 0.02776,  L_Nrml: 0.00000,  L_Eknl: 0.10884, L_Morse: 4.15660

Weights: [7000.0, 600.0, 0, 50.0, 0.0, 0.1], lr=5.000e-05
Epoch: 0 [8130/10000 (81%)] Loss: 27.84999 = L_Mnfld: 6.45893 + L_NonMnfld: 15.52990 + L_Nrml: 0.00000 + L_Eknl: 5.43492 + L_Div: 0.00000 + L_Morse: 0.42624
Epoch: 0 [8130/10000 (81%)] Unweighted L_s : L_Mnfld: 0.00092,  L_NonMnfld: 0.02588,  L_Nrml: 0.00000,  L_Eknl: 0.10870, L_Morse: 4.26239

Weights: [7000.0, 600.0, 0, 50.0, 0.0, 0.1], lr=5.000e-05
Epoch: 0 [8140/10000 (81%)] Loss: 27.76643 = L_Mnfld: 5.85954 + L_NonMnfld: 16.26821 + L_Nrml: 0.00000 + L_Eknl: 5.20568 + L_Div: 0.00000 + L_Morse: 0.43300
Epoch: 0 [8140/10000 (81%)] Unweighted L_s : L_Mnfld: 0.00084,  L_NonMnfld: 0.02711,  L_Nrml: 0.00000,  L_Eknl: 0.10411, L_Morse: 4.33004

Weights: [7000.0, 600.0, 0, 50.0, 0.0, 0.1], lr=5.000e-05
Epoch: 0 [8150/10000 (82%)] Loss: 28.43009 = L_Mnfld: 6.21510 + L_NonMnfld: 16.63077 + L_Nrml: 0.00000 + L_Eknl: 5.17089 + L_Div: 0.00000 + L_Morse: 0.41332
Epoch: 0 [8150/10000 (82%)] Unweighted L_s : L_Mnfld: 0.00089,  L_NonMnfld: 0.02772,  L_Nrml: 0.00000,  L_Eknl: 0.10342, L_Morse: 4.13321

Weights: [7000.0, 600.0, 0, 50.0, 0.0, 0.1], lr=5.000e-05
Epoch: 0 [8160/10000 (82%)] Loss: 27.96649 = L_Mnfld: 5.93032 + L_NonMnfld: 16.14809 + L_Nrml: 0.00000 + L_Eknl: 5.43982 + L_Div: 0.00000 + L_Morse: 0.44827
Epoch: 0 [8160/10000 (82%)] Unweighted L_s : L_Mnfld: 0.00085,  L_NonMnfld: 0.02691,  L_Nrml: 0.00000,  L_Eknl: 0.10880, L_Morse: 4.48274

Weights: [7000.0, 600.0, 0, 50.0, 0.0, 0.1], lr=5.000e-05
Epoch: 0 [8170/10000 (82%)] Loss: 29.21928 = L_Mnfld: 6.71180 + L_NonMnfld: 15.94251 + L_Nrml: 0.00000 + L_Eknl: 6.11094 + L_Div: 0.00000 + L_Morse: 0.45403
Epoch: 0 [8170/10000 (82%)] Unweighted L_s : L_Mnfld: 0.00096,  L_NonMnfld: 0.02657,  L_Nrml: 0.00000,  L_Eknl: 0.12222, L_Morse: 4.54027

Weights: [7000.0, 600.0, 0, 50.0, 0.0, 0.1], lr=5.000e-05
Epoch: 0 [8180/10000 (82%)] Loss: 28.53868 = L_Mnfld: 6.31993 + L_NonMnfld: 16.46874 + L_Nrml: 0.00000 + L_Eknl: 5.32242 + L_Div: 0.00000 + L_Morse: 0.42758
Epoch: 0 [8180/10000 (82%)] Unweighted L_s : L_Mnfld: 0.00090,  L_NonMnfld: 0.02745,  L_Nrml: 0.00000,  L_Eknl: 0.10645, L_Morse: 4.27579

Weights: [7000.0, 600.0, 0, 50.0, 0.0, 0.1], lr=5.000e-05
Epoch: 0 [8190/10000 (82%)] Loss: 27.55434 = L_Mnfld: 6.64910 + L_NonMnfld: 15.08763 + L_Nrml: 0.00000 + L_Eknl: 5.37115 + L_Div: 0.00000 + L_Morse: 0.44646
Epoch: 0 [8190/10000 (82%)] Unweighted L_s : L_Mnfld: 0.00095,  L_NonMnfld: 0.02515,  L_Nrml: 0.00000,  L_Eknl: 0.10742, L_Morse: 4.46460

Weights: [7000.0, 600.0, 0, 50.0, 0.0, 0.1], lr=5.000e-05
Epoch: 0 [8200/10000 (82%)] Loss: 29.35817 = L_Mnfld: 6.41889 + L_NonMnfld: 17.06220 + L_Nrml: 0.00000 + L_Eknl: 5.45275 + L_Div: 0.00000 + L_Morse: 0.42432
Epoch: 0 [8200/10000 (82%)] Unweighted L_s : L_Mnfld: 0.00092,  L_NonMnfld: 0.02844,  L_Nrml: 0.00000,  L_Eknl: 0.10906, L_Morse: 4.24325

Weights: [7000.0, 600.0, 0, 50.0, 0.0, 0.1], lr=5.000e-05
Epoch: 0 [8210/10000 (82%)] Loss: 29.04836 = L_Mnfld: 6.94833 + L_NonMnfld: 16.10225 + L_Nrml: 0.00000 + L_Eknl: 5.58197 + L_Div: 0.00000 + L_Morse: 0.41581
Epoch: 0 [8210/10000 (82%)] Unweighted L_s : L_Mnfld: 0.00099,  L_NonMnfld: 0.02684,  L_Nrml: 0.00000,  L_Eknl: 0.11164, L_Morse: 4.15810

Weights: [7000.0, 600.0, 0, 50.0, 0.0, 0.1], lr=5.000e-05
Epoch: 0 [8220/10000 (82%)] Loss: 28.00995 = L_Mnfld: 7.08336 + L_NonMnfld: 14.61174 + L_Nrml: 0.00000 + L_Eknl: 5.86746 + L_Div: 0.00000 + L_Morse: 0.44740
Epoch: 0 [8220/10000 (82%)] Unweighted L_s : L_Mnfld: 0.00101,  L_NonMnfld: 0.02435,  L_Nrml: 0.00000,  L_Eknl: 0.11735, L_Morse: 4.47396

Weights: [7000.0, 600.0, 0, 50.0, 0.0, 0.1], lr=5.000e-05
Epoch: 0 [8230/10000 (82%)] Loss: 29.50711 = L_Mnfld: 7.16837 + L_NonMnfld: 16.30593 + L_Nrml: 0.00000 + L_Eknl: 5.59117 + L_Div: 0.00000 + L_Morse: 0.44164
Epoch: 0 [8230/10000 (82%)] Unweighted L_s : L_Mnfld: 0.00102,  L_NonMnfld: 0.02718,  L_Nrml: 0.00000,  L_Eknl: 0.11182, L_Morse: 4.41643

Weights: [7000.0, 600.0, 0, 50.0, 0.0, 0.1], lr=5.000e-05
Epoch: 0 [8240/10000 (82%)] Loss: 29.02055 = L_Mnfld: 6.78817 + L_NonMnfld: 16.66789 + L_Nrml: 0.00000 + L_Eknl: 5.15499 + L_Div: 0.00000 + L_Morse: 0.40951
Epoch: 0 [8240/10000 (82%)] Unweighted L_s : L_Mnfld: 0.00097,  L_NonMnfld: 0.02778,  L_Nrml: 0.00000,  L_Eknl: 0.10310, L_Morse: 4.09505

Weights: [7000.0, 600.0, 0, 50.0, 0.0, 0.1], lr=5.000e-05
Epoch: 0 [8250/10000 (82%)] Loss: 28.53677 = L_Mnfld: 6.87471 + L_NonMnfld: 15.74422 + L_Nrml: 0.00000 + L_Eknl: 5.47857 + L_Div: 0.00000 + L_Morse: 0.43928
Epoch: 0 [8250/10000 (82%)] Unweighted L_s : L_Mnfld: 0.00098,  L_NonMnfld: 0.02624,  L_Nrml: 0.00000,  L_Eknl: 0.10957, L_Morse: 4.39277

Weights: [7000.0, 600.0, 0, 50.0, 0.0, 0.1], lr=5.000e-05
Epoch: 0 [8260/10000 (83%)] Loss: 27.58596 = L_Mnfld: 6.46053 + L_NonMnfld: 15.14028 + L_Nrml: 0.00000 + L_Eknl: 5.54060 + L_Div: 0.00000 + L_Morse: 0.44455
Epoch: 0 [8260/10000 (83%)] Unweighted L_s : L_Mnfld: 0.00092,  L_NonMnfld: 0.02523,  L_Nrml: 0.00000,  L_Eknl: 0.11081, L_Morse: 4.44550

Weights: [7000.0, 600.0, 0, 50.0, 0.0, 0.1], lr=5.000e-05
Epoch: 0 [8270/10000 (83%)] Loss: 28.49507 = L_Mnfld: 6.92959 + L_NonMnfld: 15.43518 + L_Nrml: 0.00000 + L_Eknl: 5.70338 + L_Div: 0.00000 + L_Morse: 0.42693
Epoch: 0 [8270/10000 (83%)] Unweighted L_s : L_Mnfld: 0.00099,  L_NonMnfld: 0.02573,  L_Nrml: 0.00000,  L_Eknl: 0.11407, L_Morse: 4.26928

Weights: [7000.0, 600.0, 0, 50.0, 0.0, 0.1], lr=5.000e-05
Epoch: 0 [8280/10000 (83%)] Loss: 27.58149 = L_Mnfld: 6.19554 + L_NonMnfld: 15.89863 + L_Nrml: 0.00000 + L_Eknl: 5.09191 + L_Div: 0.00000 + L_Morse: 0.39540
Epoch: 0 [8280/10000 (83%)] Unweighted L_s : L_Mnfld: 0.00089,  L_NonMnfld: 0.02650,  L_Nrml: 0.00000,  L_Eknl: 0.10184, L_Morse: 3.95404

Weights: [7000.0, 600.0, 0, 50.0, 0.0, 0.1], lr=5.000e-05
Epoch: 0 [8290/10000 (83%)] Loss: 26.92773 = L_Mnfld: 6.21668 + L_NonMnfld: 14.97171 + L_Nrml: 0.00000 + L_Eknl: 5.31254 + L_Div: 0.00000 + L_Morse: 0.42679
Epoch: 0 [8290/10000 (83%)] Unweighted L_s : L_Mnfld: 0.00089,  L_NonMnfld: 0.02495,  L_Nrml: 0.00000,  L_Eknl: 0.10625, L_Morse: 4.26790

Weights: [7000.0, 600.0, 0, 50.0, 0.0, 0.1], lr=5.000e-05
Epoch: 0 [8300/10000 (83%)] Loss: 28.01411 = L_Mnfld: 7.10040 + L_NonMnfld: 15.04848 + L_Nrml: 0.00000 + L_Eknl: 5.43577 + L_Div: 0.00000 + L_Morse: 0.42945
Epoch: 0 [8300/10000 (83%)] Unweighted L_s : L_Mnfld: 0.00101,  L_NonMnfld: 0.02508,  L_Nrml: 0.00000,  L_Eknl: 0.10872, L_Morse: 4.29454

Weights: [7000.0, 600.0, 0, 50.0, 0.0, 0.1], lr=5.000e-05
Epoch: 0 [8310/10000 (83%)] Loss: 29.24627 = L_Mnfld: 8.28787 + L_NonMnfld: 15.09808 + L_Nrml: 0.00000 + L_Eknl: 5.45554 + L_Div: 0.00000 + L_Morse: 0.40477
Epoch: 0 [8310/10000 (83%)] Unweighted L_s : L_Mnfld: 0.00118,  L_NonMnfld: 0.02516,  L_Nrml: 0.00000,  L_Eknl: 0.10911, L_Morse: 4.04770

Weights: [7000.0, 600.0, 0, 50.0, 0.0, 0.1], lr=5.000e-05
Epoch: 0 [8320/10000 (83%)] Loss: 30.21225 = L_Mnfld: 6.97402 + L_NonMnfld: 16.93738 + L_Nrml: 0.00000 + L_Eknl: 5.90871 + L_Div: 0.00000 + L_Morse: 0.39214
Epoch: 0 [8320/10000 (83%)] Unweighted L_s : L_Mnfld: 0.00100,  L_NonMnfld: 0.02823,  L_Nrml: 0.00000,  L_Eknl: 0.11817, L_Morse: 3.92144

Weights: [7000.0, 600.0, 0, 50.0, 0.0, 0.1], lr=5.000e-05
Epoch: 0 [8330/10000 (83%)] Loss: 28.78678 = L_Mnfld: 7.12169 + L_NonMnfld: 15.81338 + L_Nrml: 0.00000 + L_Eknl: 5.43280 + L_Div: 0.00000 + L_Morse: 0.41892
Epoch: 0 [8330/10000 (83%)] Unweighted L_s : L_Mnfld: 0.00102,  L_NonMnfld: 0.02636,  L_Nrml: 0.00000,  L_Eknl: 0.10866, L_Morse: 4.18920

Weights: [7000.0, 600.0, 0, 50.0, 0.0, 0.1], lr=5.000e-05
Epoch: 0 [8340/10000 (83%)] Loss: 28.67866 = L_Mnfld: 6.87692 + L_NonMnfld: 16.02106 + L_Nrml: 0.00000 + L_Eknl: 5.34983 + L_Div: 0.00000 + L_Morse: 0.43085
Epoch: 0 [8340/10000 (83%)] Unweighted L_s : L_Mnfld: 0.00098,  L_NonMnfld: 0.02670,  L_Nrml: 0.00000,  L_Eknl: 0.10700, L_Morse: 4.30852

Weights: [7000.0, 600.0, 0, 50.0, 0.0, 0.1], lr=5.000e-05
Epoch: 0 [8350/10000 (84%)] Loss: 27.87807 = L_Mnfld: 6.43405 + L_NonMnfld: 15.67288 + L_Nrml: 0.00000 + L_Eknl: 5.34850 + L_Div: 0.00000 + L_Morse: 0.42264
Epoch: 0 [8350/10000 (84%)] Unweighted L_s : L_Mnfld: 0.00092,  L_NonMnfld: 0.02612,  L_Nrml: 0.00000,  L_Eknl: 0.10697, L_Morse: 4.22643

Weights: [7000.0, 600.0, 0, 50.0, 0.0, 0.1], lr=5.000e-05
Epoch: 0 [8360/10000 (84%)] Loss: 27.30630 = L_Mnfld: 6.21045 + L_NonMnfld: 15.61420 + L_Nrml: 0.00000 + L_Eknl: 5.07770 + L_Div: 0.00000 + L_Morse: 0.40395
Epoch: 0 [8360/10000 (84%)] Unweighted L_s : L_Mnfld: 0.00089,  L_NonMnfld: 0.02602,  L_Nrml: 0.00000,  L_Eknl: 0.10155, L_Morse: 4.03948

Weights: [7000.0, 600.0, 0, 50.0, 0.0, 0.1], lr=5.000e-05
Epoch: 0 [8370/10000 (84%)] Loss: 27.87338 = L_Mnfld: 6.17284 + L_NonMnfld: 15.92235 + L_Nrml: 0.00000 + L_Eknl: 5.34633 + L_Div: 0.00000 + L_Morse: 0.43185
Epoch: 0 [8370/10000 (84%)] Unweighted L_s : L_Mnfld: 0.00088,  L_NonMnfld: 0.02654,  L_Nrml: 0.00000,  L_Eknl: 0.10693, L_Morse: 4.31846

Weights: [7000.0, 600.0, 0, 50.0, 0.0, 0.1], lr=5.000e-05
Epoch: 0 [8380/10000 (84%)] Loss: 28.08616 = L_Mnfld: 6.21186 + L_NonMnfld: 16.35088 + L_Nrml: 0.00000 + L_Eknl: 5.10143 + L_Div: 0.00000 + L_Morse: 0.42199
Epoch: 0 [8380/10000 (84%)] Unweighted L_s : L_Mnfld: 0.00089,  L_NonMnfld: 0.02725,  L_Nrml: 0.00000,  L_Eknl: 0.10203, L_Morse: 4.21992

Weights: [7000.0, 600.0, 0, 50.0, 0.0, 0.1], lr=5.000e-05
Epoch: 0 [8390/10000 (84%)] Loss: 27.40034 = L_Mnfld: 6.38272 + L_NonMnfld: 15.32924 + L_Nrml: 0.00000 + L_Eknl: 5.27230 + L_Div: 0.00000 + L_Morse: 0.41609
Epoch: 0 [8390/10000 (84%)] Unweighted L_s : L_Mnfld: 0.00091,  L_NonMnfld: 0.02555,  L_Nrml: 0.00000,  L_Eknl: 0.10545, L_Morse: 4.16088

Weights: [7000.0, 600.0, 0, 50.0, 0.0, 0.1], lr=5.000e-05
Epoch: 0 [8400/10000 (84%)] Loss: 27.89683 = L_Mnfld: 6.61296 + L_NonMnfld: 15.70039 + L_Nrml: 0.00000 + L_Eknl: 5.17193 + L_Div: 0.00000 + L_Morse: 0.41155
Epoch: 0 [8400/10000 (84%)] Unweighted L_s : L_Mnfld: 0.00094,  L_NonMnfld: 0.02617,  L_Nrml: 0.00000,  L_Eknl: 0.10344, L_Morse: 4.11546

Weights: [7000.0, 600.0, 0, 50.0, 0.0, 0.1], lr=5.000e-05
Epoch: 0 [8410/10000 (84%)] Loss: 29.36173 = L_Mnfld: 6.77513 + L_NonMnfld: 16.78482 + L_Nrml: 0.00000 + L_Eknl: 5.35003 + L_Div: 0.00000 + L_Morse: 0.45175
Epoch: 0 [8410/10000 (84%)] Unweighted L_s : L_Mnfld: 0.00097,  L_NonMnfld: 0.02797,  L_Nrml: 0.00000,  L_Eknl: 0.10700, L_Morse: 4.51748

Weights: [7000.0, 600.0, 0, 50.0, 0.0, 0.1], lr=5.000e-05
Epoch: 0 [8420/10000 (84%)] Loss: 29.21294 = L_Mnfld: 8.02225 + L_NonMnfld: 15.34964 + L_Nrml: 0.00000 + L_Eknl: 5.42321 + L_Div: 0.00000 + L_Morse: 0.41785
Epoch: 0 [8420/10000 (84%)] Unweighted L_s : L_Mnfld: 0.00115,  L_NonMnfld: 0.02558,  L_Nrml: 0.00000,  L_Eknl: 0.10846, L_Morse: 4.17847

Weights: [7000.0, 600.0, 0, 50.0, 0.0, 0.1], lr=5.000e-05
Epoch: 0 [8430/10000 (84%)] Loss: 29.53709 = L_Mnfld: 7.52235 + L_NonMnfld: 16.27343 + L_Nrml: 0.00000 + L_Eknl: 5.32002 + L_Div: 0.00000 + L_Morse: 0.42130
Epoch: 0 [8430/10000 (84%)] Unweighted L_s : L_Mnfld: 0.00107,  L_NonMnfld: 0.02712,  L_Nrml: 0.00000,  L_Eknl: 0.10640, L_Morse: 4.21298

Weights: [7000.0, 600.0, 0, 50.0, 0.0, 0.1], lr=5.000e-05
Epoch: 0 [8440/10000 (84%)] Loss: 27.68685 = L_Mnfld: 7.20873 + L_NonMnfld: 14.44249 + L_Nrml: 0.00000 + L_Eknl: 5.60036 + L_Div: 0.00000 + L_Morse: 0.43528
Epoch: 0 [8440/10000 (84%)] Unweighted L_s : L_Mnfld: 0.00103,  L_NonMnfld: 0.02407,  L_Nrml: 0.00000,  L_Eknl: 0.11201, L_Morse: 4.35277

Weights: [7000.0, 600.0, 0, 50.0, 0.0, 0.1], lr=5.000e-05
Epoch: 0 [8450/10000 (84%)] Loss: 28.29111 = L_Mnfld: 7.37307 + L_NonMnfld: 14.48942 + L_Nrml: 0.00000 + L_Eknl: 5.97558 + L_Div: 0.00000 + L_Morse: 0.45305
Epoch: 0 [8450/10000 (84%)] Unweighted L_s : L_Mnfld: 0.00105,  L_NonMnfld: 0.02415,  L_Nrml: 0.00000,  L_Eknl: 0.11951, L_Morse: 4.53049

Weights: [7000.0, 600.0, 0, 50.0, 0.0, 0.1], lr=5.000e-05
Epoch: 0 [8460/10000 (85%)] Loss: 28.36440 = L_Mnfld: 7.35373 + L_NonMnfld: 14.86388 + L_Nrml: 0.00000 + L_Eknl: 5.73341 + L_Div: 0.00000 + L_Morse: 0.41338
Epoch: 0 [8460/10000 (85%)] Unweighted L_s : L_Mnfld: 0.00105,  L_NonMnfld: 0.02477,  L_Nrml: 0.00000,  L_Eknl: 0.11467, L_Morse: 4.13384

Weights: [7000.0, 600.0, 0, 50.0, 0.0, 0.1], lr=5.000e-05
Epoch: 0 [8470/10000 (85%)] Loss: 29.73058 = L_Mnfld: 6.91569 + L_NonMnfld: 16.95625 + L_Nrml: 0.00000 + L_Eknl: 5.41920 + L_Div: 0.00000 + L_Morse: 0.43943
Epoch: 0 [8470/10000 (85%)] Unweighted L_s : L_Mnfld: 0.00099,  L_NonMnfld: 0.02826,  L_Nrml: 0.00000,  L_Eknl: 0.10838, L_Morse: 4.39430

Weights: [7000.0, 600.0, 0, 50.0, 0.0, 0.1], lr=5.000e-05
Epoch: 0 [8480/10000 (85%)] Loss: 29.40506 = L_Mnfld: 7.16907 + L_NonMnfld: 16.54570 + L_Nrml: 0.00000 + L_Eknl: 5.26755 + L_Div: 0.00000 + L_Morse: 0.42274
Epoch: 0 [8480/10000 (85%)] Unweighted L_s : L_Mnfld: 0.00102,  L_NonMnfld: 0.02758,  L_Nrml: 0.00000,  L_Eknl: 0.10535, L_Morse: 4.22739

Weights: [7000.0, 600.0, 0, 50.0, 0.0, 0.1], lr=5.000e-05
Epoch: 0 [8490/10000 (85%)] Loss: 30.32919 = L_Mnfld: 8.12427 + L_NonMnfld: 16.27813 + L_Nrml: 0.00000 + L_Eknl: 5.47804 + L_Div: 0.00000 + L_Morse: 0.44874
Epoch: 0 [8490/10000 (85%)] Unweighted L_s : L_Mnfld: 0.00116,  L_NonMnfld: 0.02713,  L_Nrml: 0.00000,  L_Eknl: 0.10956, L_Morse: 4.48743

Weights: [7000.0, 600.0, 0, 50.0, 0.0, 0.1], lr=5.000e-05
Epoch: 0 [8500/10000 (85%)] Loss: 28.50197 = L_Mnfld: 7.30582 + L_NonMnfld: 14.93783 + L_Nrml: 0.00000 + L_Eknl: 5.81534 + L_Div: 0.00000 + L_Morse: 0.44298
Epoch: 0 [8500/10000 (85%)] Unweighted L_s : L_Mnfld: 0.00104,  L_NonMnfld: 0.02490,  L_Nrml: 0.00000,  L_Eknl: 0.11631, L_Morse: 4.42979

Weights: [7000.0, 600.0, 0, 50.0, 0.0, 0.1], lr=5.000e-05
Epoch: 0 [8510/10000 (85%)] Loss: 28.95122 = L_Mnfld: 7.40663 + L_NonMnfld: 15.47409 + L_Nrml: 0.00000 + L_Eknl: 5.64309 + L_Div: 0.00000 + L_Morse: 0.42741
Epoch: 0 [8510/10000 (85%)] Unweighted L_s : L_Mnfld: 0.00106,  L_NonMnfld: 0.02579,  L_Nrml: 0.00000,  L_Eknl: 0.11286, L_Morse: 4.27410

Weights: [7000.0, 600.0, 0, 50.0, 0.0, 0.1], lr=5.000e-05
Epoch: 0 [8520/10000 (85%)] Loss: 27.27680 = L_Mnfld: 6.15446 + L_NonMnfld: 15.12946 + L_Nrml: 0.00000 + L_Eknl: 5.55662 + L_Div: 0.00000 + L_Morse: 0.43626
Epoch: 0 [8520/10000 (85%)] Unweighted L_s : L_Mnfld: 0.00088,  L_NonMnfld: 0.02522,  L_Nrml: 0.00000,  L_Eknl: 0.11113, L_Morse: 4.36259

Weights: [7000.0, 600.0, 0, 50.0, 0.0, 0.1], lr=5.000e-05
Epoch: 0 [8530/10000 (85%)] Loss: 28.53543 = L_Mnfld: 6.99876 + L_NonMnfld: 15.57787 + L_Nrml: 0.00000 + L_Eknl: 5.50660 + L_Div: 0.00000 + L_Morse: 0.45220
Epoch: 0 [8530/10000 (85%)] Unweighted L_s : L_Mnfld: 0.00100,  L_NonMnfld: 0.02596,  L_Nrml: 0.00000,  L_Eknl: 0.11013, L_Morse: 4.52205

Weights: [7000.0, 600.0, 0, 50.0, 0.0, 0.1], lr=5.000e-05
Epoch: 0 [8540/10000 (85%)] Loss: 27.73340 = L_Mnfld: 6.86064 + L_NonMnfld: 15.06677 + L_Nrml: 0.00000 + L_Eknl: 5.36888 + L_Div: 0.00000 + L_Morse: 0.43711
Epoch: 0 [8540/10000 (85%)] Unweighted L_s : L_Mnfld: 0.00098,  L_NonMnfld: 0.02511,  L_Nrml: 0.00000,  L_Eknl: 0.10738, L_Morse: 4.37114

Weights: [7000.0, 600.0, 0, 50.0, 0.0, 0.1], lr=5.000e-05
Epoch: 0 [8550/10000 (86%)] Loss: 27.95513 = L_Mnfld: 6.92555 + L_NonMnfld: 14.75660 + L_Nrml: 0.00000 + L_Eknl: 5.82804 + L_Div: 0.00000 + L_Morse: 0.44494
Epoch: 0 [8550/10000 (86%)] Unweighted L_s : L_Mnfld: 0.00099,  L_NonMnfld: 0.02459,  L_Nrml: 0.00000,  L_Eknl: 0.11656, L_Morse: 4.44939

Weights: [7000.0, 600.0, 0, 50.0, 0.0, 0.1], lr=5.000e-05
Epoch: 0 [8560/10000 (86%)] Loss: 27.53627 = L_Mnfld: 7.13623 + L_NonMnfld: 13.53330 + L_Nrml: 0.00000 + L_Eknl: 6.44138 + L_Div: 0.00000 + L_Morse: 0.42536
Epoch: 0 [8560/10000 (86%)] Unweighted L_s : L_Mnfld: 0.00102,  L_NonMnfld: 0.02256,  L_Nrml: 0.00000,  L_Eknl: 0.12883, L_Morse: 4.25362

Weights: [7000.0, 600.0, 0, 50.0, 0.0, 0.1], lr=5.000e-05
Epoch: 0 [8570/10000 (86%)] Loss: 29.56149 = L_Mnfld: 7.23402 + L_NonMnfld: 15.95479 + L_Nrml: 0.00000 + L_Eknl: 5.92581 + L_Div: 0.00000 + L_Morse: 0.44687
Epoch: 0 [8570/10000 (86%)] Unweighted L_s : L_Mnfld: 0.00103,  L_NonMnfld: 0.02659,  L_Nrml: 0.00000,  L_Eknl: 0.11852, L_Morse: 4.46874

Weights: [7000.0, 600.0, 0, 50.0, 0.0, 0.1], lr=5.000e-05
Epoch: 0 [8580/10000 (86%)] Loss: 29.45417 = L_Mnfld: 8.00844 + L_NonMnfld: 15.30890 + L_Nrml: 0.00000 + L_Eknl: 5.70191 + L_Div: 0.00000 + L_Morse: 0.43492
Epoch: 0 [8580/10000 (86%)] Unweighted L_s : L_Mnfld: 0.00114,  L_NonMnfld: 0.02551,  L_Nrml: 0.00000,  L_Eknl: 0.11404, L_Morse: 4.34920

Weights: [7000.0, 600.0, 0, 50.0, 0.0, 0.1], lr=5.000e-05
Epoch: 0 [8590/10000 (86%)] Loss: 28.21085 = L_Mnfld: 7.43013 + L_NonMnfld: 14.65724 + L_Nrml: 0.00000 + L_Eknl: 5.66382 + L_Div: 0.00000 + L_Morse: 0.45967
Epoch: 0 [8590/10000 (86%)] Unweighted L_s : L_Mnfld: 0.00106,  L_NonMnfld: 0.02443,  L_Nrml: 0.00000,  L_Eknl: 0.11328, L_Morse: 4.59665

Weights: [7000.0, 600.0, 0, 50.0, 0.0, 0.1], lr=5.000e-05
Epoch: 0 [8600/10000 (86%)] Loss: 27.28923 = L_Mnfld: 7.00925 + L_NonMnfld: 14.41639 + L_Nrml: 0.00000 + L_Eknl: 5.43446 + L_Div: 0.00000 + L_Morse: 0.42913
Epoch: 0 [8600/10000 (86%)] Unweighted L_s : L_Mnfld: 0.00100,  L_NonMnfld: 0.02403,  L_Nrml: 0.00000,  L_Eknl: 0.10869, L_Morse: 4.29133

Weights: [7000.0, 600.0, 0, 50.0, 0.0, 0.1], lr=5.000e-05
Epoch: 0 [8610/10000 (86%)] Loss: 29.80757 = L_Mnfld: 6.56888 + L_NonMnfld: 16.88043 + L_Nrml: 0.00000 + L_Eknl: 5.91309 + L_Div: 0.00000 + L_Morse: 0.44516
Epoch: 0 [8610/10000 (86%)] Unweighted L_s : L_Mnfld: 0.00094,  L_NonMnfld: 0.02813,  L_Nrml: 0.00000,  L_Eknl: 0.11826, L_Morse: 4.45163

Weights: [7000.0, 600.0, 0, 50.0, 0.0, 0.1], lr=5.000e-05
Epoch: 0 [8620/10000 (86%)] Loss: 28.16964 = L_Mnfld: 6.36074 + L_NonMnfld: 15.85125 + L_Nrml: 0.00000 + L_Eknl: 5.50453 + L_Div: 0.00000 + L_Morse: 0.45312
Epoch: 0 [8620/10000 (86%)] Unweighted L_s : L_Mnfld: 0.00091,  L_NonMnfld: 0.02642,  L_Nrml: 0.00000,  L_Eknl: 0.11009, L_Morse: 4.53120

Weights: [7000.0, 600.0, 0, 50.0, 0.0, 0.1], lr=5.000e-05
Epoch: 0 [8630/10000 (86%)] Loss: 26.39751 = L_Mnfld: 5.68540 + L_NonMnfld: 14.86855 + L_Nrml: 0.00000 + L_Eknl: 5.41212 + L_Div: 0.00000 + L_Morse: 0.43145
Epoch: 0 [8630/10000 (86%)] Unweighted L_s : L_Mnfld: 0.00081,  L_NonMnfld: 0.02478,  L_Nrml: 0.00000,  L_Eknl: 0.10824, L_Morse: 4.31452

Weights: [7000.0, 600.0, 0, 50.0, 0.0, 0.1], lr=5.000e-05
Epoch: 0 [8640/10000 (86%)] Loss: 28.26315 = L_Mnfld: 6.14623 + L_NonMnfld: 16.29276 + L_Nrml: 0.00000 + L_Eknl: 5.38222 + L_Div: 0.00000 + L_Morse: 0.44194
Epoch: 0 [8640/10000 (86%)] Unweighted L_s : L_Mnfld: 0.00088,  L_NonMnfld: 0.02715,  L_Nrml: 0.00000,  L_Eknl: 0.10764, L_Morse: 4.41943

Weights: [7000.0, 600.0, 0, 50.0, 0.0, 0.1], lr=5.000e-05
Epoch: 0 [8650/10000 (86%)] Loss: 27.60864 = L_Mnfld: 6.53643 + L_NonMnfld: 15.28931 + L_Nrml: 0.00000 + L_Eknl: 5.32792 + L_Div: 0.00000 + L_Morse: 0.45498
Epoch: 0 [8650/10000 (86%)] Unweighted L_s : L_Mnfld: 0.00093,  L_NonMnfld: 0.02548,  L_Nrml: 0.00000,  L_Eknl: 0.10656, L_Morse: 4.54976

Weights: [7000.0, 600.0, 0, 50.0, 0.0, 0.1], lr=5.000e-05
Epoch: 0 [8660/10000 (87%)] Loss: 28.95375 = L_Mnfld: 7.64266 + L_NonMnfld: 15.20992 + L_Nrml: 0.00000 + L_Eknl: 5.66405 + L_Div: 0.00000 + L_Morse: 0.43712
Epoch: 0 [8660/10000 (87%)] Unweighted L_s : L_Mnfld: 0.00109,  L_NonMnfld: 0.02535,  L_Nrml: 0.00000,  L_Eknl: 0.11328, L_Morse: 4.37121

Weights: [7000.0, 600.0, 0, 50.0, 0.0, 0.1], lr=5.000e-05
Epoch: 0 [8670/10000 (87%)] Loss: 29.73426 = L_Mnfld: 7.59180 + L_NonMnfld: 15.69722 + L_Nrml: 0.00000 + L_Eknl: 6.00153 + L_Div: 0.00000 + L_Morse: 0.44372
Epoch: 0 [8670/10000 (87%)] Unweighted L_s : L_Mnfld: 0.00108,  L_NonMnfld: 0.02616,  L_Nrml: 0.00000,  L_Eknl: 0.12003, L_Morse: 4.43715

Weights: [7000.0, 600.0, 0, 50.0, 0.0, 0.1], lr=5.000e-05
Epoch: 0 [8680/10000 (87%)] Loss: 28.88115 = L_Mnfld: 7.59817 + L_NonMnfld: 15.19707 + L_Nrml: 0.00000 + L_Eknl: 5.63863 + L_Div: 0.00000 + L_Morse: 0.44728
Epoch: 0 [8680/10000 (87%)] Unweighted L_s : L_Mnfld: 0.00109,  L_NonMnfld: 0.02533,  L_Nrml: 0.00000,  L_Eknl: 0.11277, L_Morse: 4.47282

Weights: [7000.0, 600.0, 0, 50.0, 0.0, 0.1], lr=5.000e-05
Epoch: 0 [8690/10000 (87%)] Loss: 27.34850 = L_Mnfld: 7.14903 + L_NonMnfld: 14.12253 + L_Nrml: 0.00000 + L_Eknl: 5.62926 + L_Div: 0.00000 + L_Morse: 0.44768
Epoch: 0 [8690/10000 (87%)] Unweighted L_s : L_Mnfld: 0.00102,  L_NonMnfld: 0.02354,  L_Nrml: 0.00000,  L_Eknl: 0.11259, L_Morse: 4.47680

Weights: [7000.0, 600.0, 0, 50.0, 0.0, 0.1], lr=5.000e-05
Epoch: 0 [8700/10000 (87%)] Loss: 28.47778 = L_Mnfld: 6.80548 + L_NonMnfld: 15.79764 + L_Nrml: 0.00000 + L_Eknl: 5.43389 + L_Div: 0.00000 + L_Morse: 0.44077
Epoch: 0 [8700/10000 (87%)] Unweighted L_s : L_Mnfld: 0.00097,  L_NonMnfld: 0.02633,  L_Nrml: 0.00000,  L_Eknl: 0.10868, L_Morse: 4.40770

Weights: [7000.0, 600.0, 0, 50.0, 0.0, 0.1], lr=5.000e-05
Epoch: 0 [8710/10000 (87%)] Loss: 28.06647 = L_Mnfld: 7.10578 + L_NonMnfld: 14.67529 + L_Nrml: 0.00000 + L_Eknl: 5.82437 + L_Div: 0.00000 + L_Morse: 0.46104
Epoch: 0 [8710/10000 (87%)] Unweighted L_s : L_Mnfld: 0.00102,  L_NonMnfld: 0.02446,  L_Nrml: 0.00000,  L_Eknl: 0.11649, L_Morse: 4.61037

Weights: [7000.0, 600.0, 0, 50.0, 0.0, 0.1], lr=5.000e-05
Epoch: 0 [8720/10000 (87%)] Loss: 29.45568 = L_Mnfld: 7.35976 + L_NonMnfld: 15.65732 + L_Nrml: 0.00000 + L_Eknl: 5.99008 + L_Div: 0.00000 + L_Morse: 0.44851
Epoch: 0 [8720/10000 (87%)] Unweighted L_s : L_Mnfld: 0.00105,  L_NonMnfld: 0.02610,  L_Nrml: 0.00000,  L_Eknl: 0.11980, L_Morse: 4.48509

Weights: [7000.0, 600.0, 0, 50.0, 0.0, 0.1], lr=5.000e-05
Epoch: 0 [8730/10000 (87%)] Loss: 28.73695 = L_Mnfld: 7.55508 + L_NonMnfld: 14.94249 + L_Nrml: 0.00000 + L_Eknl: 5.78715 + L_Div: 0.00000 + L_Morse: 0.45223
Epoch: 0 [8730/10000 (87%)] Unweighted L_s : L_Mnfld: 0.00108,  L_NonMnfld: 0.02490,  L_Nrml: 0.00000,  L_Eknl: 0.11574, L_Morse: 4.52226

Weights: [7000.0, 600.0, 0, 50.0, 0.0, 0.1], lr=5.000e-05
Epoch: 0 [8740/10000 (87%)] Loss: 30.30139 = L_Mnfld: 7.20572 + L_NonMnfld: 16.62883 + L_Nrml: 0.00000 + L_Eknl: 6.01161 + L_Div: 0.00000 + L_Morse: 0.45524
Epoch: 0 [8740/10000 (87%)] Unweighted L_s : L_Mnfld: 0.00103,  L_NonMnfld: 0.02771,  L_Nrml: 0.00000,  L_Eknl: 0.12023, L_Morse: 4.55239

Weights: [7000.0, 600.0, 0, 50.0, 0.0, 0.1], lr=5.000e-05
Epoch: 0 [8750/10000 (88%)] Loss: 28.49191 = L_Mnfld: 6.84571 + L_NonMnfld: 15.54431 + L_Nrml: 0.00000 + L_Eknl: 5.63548 + L_Div: 0.00000 + L_Morse: 0.46641
Epoch: 0 [8750/10000 (88%)] Unweighted L_s : L_Mnfld: 0.00098,  L_NonMnfld: 0.02591,  L_Nrml: 0.00000,  L_Eknl: 0.11271, L_Morse: 4.66410

Weights: [7000.0, 600.0, 0, 50.0, 0.0, 0.1], lr=5.000e-05
Epoch: 0 [8760/10000 (88%)] Loss: 27.71621 = L_Mnfld: 6.46703 + L_NonMnfld: 14.91199 + L_Nrml: 0.00000 + L_Eknl: 5.85362 + L_Div: 0.00000 + L_Morse: 0.48357
Epoch: 0 [8760/10000 (88%)] Unweighted L_s : L_Mnfld: 0.00092,  L_NonMnfld: 0.02485,  L_Nrml: 0.00000,  L_Eknl: 0.11707, L_Morse: 4.83567

Weights: [7000.0, 600.0, 0, 50.0, 0.0, 0.1], lr=5.000e-05
Epoch: 0 [8770/10000 (88%)] Loss: 27.82582 = L_Mnfld: 6.05460 + L_NonMnfld: 16.03558 + L_Nrml: 0.00000 + L_Eknl: 5.29385 + L_Div: 0.00000 + L_Morse: 0.44180
Epoch: 0 [8770/10000 (88%)] Unweighted L_s : L_Mnfld: 0.00086,  L_NonMnfld: 0.02673,  L_Nrml: 0.00000,  L_Eknl: 0.10588, L_Morse: 4.41800

Weights: [7000.0, 600.0, 0, 50.0, 0.0, 0.1], lr=5.000e-05
Epoch: 0 [8780/10000 (88%)] Loss: 27.83842 = L_Mnfld: 6.00143 + L_NonMnfld: 16.12324 + L_Nrml: 0.00000 + L_Eknl: 5.26642 + L_Div: 0.00000 + L_Morse: 0.44734
Epoch: 0 [8780/10000 (88%)] Unweighted L_s : L_Mnfld: 0.00086,  L_NonMnfld: 0.02687,  L_Nrml: 0.00000,  L_Eknl: 0.10533, L_Morse: 4.47339

Weights: [7000.0, 600.0, 0, 50.0, 0.0, 0.1], lr=5.000e-05
Epoch: 0 [8790/10000 (88%)] Loss: 26.99017 = L_Mnfld: 6.20649 + L_NonMnfld: 15.03486 + L_Nrml: 0.00000 + L_Eknl: 5.28946 + L_Div: 0.00000 + L_Morse: 0.45935
Epoch: 0 [8790/10000 (88%)] Unweighted L_s : L_Mnfld: 0.00089,  L_NonMnfld: 0.02506,  L_Nrml: 0.00000,  L_Eknl: 0.10579, L_Morse: 4.59349

Weights: [7000.0, 600.0, 0, 50.0, 0.0, 0.1], lr=5.000e-05
Epoch: 0 [8800/10000 (88%)] Loss: 26.45305 = L_Mnfld: 6.48411 + L_NonMnfld: 14.30720 + L_Nrml: 0.00000 + L_Eknl: 5.23952 + L_Div: 0.00000 + L_Morse: 0.42222
Epoch: 0 [8800/10000 (88%)] Unweighted L_s : L_Mnfld: 0.00093,  L_NonMnfld: 0.02385,  L_Nrml: 0.00000,  L_Eknl: 0.10479, L_Morse: 4.22222

Weights: [7000.0, 600.0, 0, 50.0, 0.0, 0.1], lr=5.000e-05
Epoch: 0 [8810/10000 (88%)] Loss: 27.73975 = L_Mnfld: 6.33769 + L_NonMnfld: 15.55474 + L_Nrml: 0.00000 + L_Eknl: 5.40785 + L_Div: 0.00000 + L_Morse: 0.43947
Epoch: 0 [8810/10000 (88%)] Unweighted L_s : L_Mnfld: 0.00091,  L_NonMnfld: 0.02592,  L_Nrml: 0.00000,  L_Eknl: 0.10816, L_Morse: 4.39475

Weights: [7000.0, 600.0, 0, 50.0, 0.0, 0.1], lr=5.000e-05
Epoch: 0 [8820/10000 (88%)] Loss: 26.19564 = L_Mnfld: 5.95811 + L_NonMnfld: 14.35224 + L_Nrml: 0.00000 + L_Eknl: 5.44494 + L_Div: 0.00000 + L_Morse: 0.44035
Epoch: 0 [8820/10000 (88%)] Unweighted L_s : L_Mnfld: 0.00085,  L_NonMnfld: 0.02392,  L_Nrml: 0.00000,  L_Eknl: 0.10890, L_Morse: 4.40349

Weights: [7000.0, 600.0, 0, 50.0, 0.0, 0.1], lr=5.000e-05
Epoch: 0 [8830/10000 (88%)] Loss: 27.58286 = L_Mnfld: 6.05263 + L_NonMnfld: 15.59243 + L_Nrml: 0.00000 + L_Eknl: 5.50384 + L_Div: 0.00000 + L_Morse: 0.43396
Epoch: 0 [8830/10000 (88%)] Unweighted L_s : L_Mnfld: 0.00086,  L_NonMnfld: 0.02599,  L_Nrml: 0.00000,  L_Eknl: 0.11008, L_Morse: 4.33962

Weights: [7000.0, 600.0, 0, 50.0, 0.0, 0.1], lr=5.000e-05
Epoch: 0 [8840/10000 (88%)] Loss: 26.53139 = L_Mnfld: 5.57760 + L_NonMnfld: 14.95691 + L_Nrml: 0.00000 + L_Eknl: 5.51638 + L_Div: 0.00000 + L_Morse: 0.48049
Epoch: 0 [8840/10000 (88%)] Unweighted L_s : L_Mnfld: 0.00080,  L_NonMnfld: 0.02493,  L_Nrml: 0.00000,  L_Eknl: 0.11033, L_Morse: 4.80493

Weights: [7000.0, 600.0, 0, 50.0, 0.0, 0.1], lr=5.000e-05
Epoch: 0 [8850/10000 (88%)] Loss: 26.98986 = L_Mnfld: 5.59419 + L_NonMnfld: 15.39990 + L_Nrml: 0.00000 + L_Eknl: 5.53580 + L_Div: 0.00000 + L_Morse: 0.45997
Epoch: 0 [8850/10000 (88%)] Unweighted L_s : L_Mnfld: 0.00080,  L_NonMnfld: 0.02567,  L_Nrml: 0.00000,  L_Eknl: 0.11072, L_Morse: 4.59974

Weights: [7000.0, 600.0, 0, 50.0, 0.0, 0.1], lr=5.000e-05
Epoch: 0 [8860/10000 (89%)] Loss: 26.91830 = L_Mnfld: 5.37057 + L_NonMnfld: 15.59684 + L_Nrml: 0.00000 + L_Eknl: 5.48883 + L_Div: 0.00000 + L_Morse: 0.46206
Epoch: 0 [8860/10000 (89%)] Unweighted L_s : L_Mnfld: 0.00077,  L_NonMnfld: 0.02599,  L_Nrml: 0.00000,  L_Eknl: 0.10978, L_Morse: 4.62056

Weights: [7000.0, 600.0, 0, 50.0, 0.0, 0.1], lr=5.000e-05
Epoch: 0 [8870/10000 (89%)] Loss: 27.90323 = L_Mnfld: 6.41671 + L_NonMnfld: 15.21611 + L_Nrml: 0.00000 + L_Eknl: 5.81541 + L_Div: 0.00000 + L_Morse: 0.45500
Epoch: 0 [8870/10000 (89%)] Unweighted L_s : L_Mnfld: 0.00092,  L_NonMnfld: 0.02536,  L_Nrml: 0.00000,  L_Eknl: 0.11631, L_Morse: 4.55001

Weights: [7000.0, 600.0, 0, 50.0, 0.0, 0.1], lr=5.000e-05
Epoch: 0 [8880/10000 (89%)] Loss: 27.00939 = L_Mnfld: 6.78585 + L_NonMnfld: 14.16333 + L_Nrml: 0.00000 + L_Eknl: 5.61456 + L_Div: 0.00000 + L_Morse: 0.44565
Epoch: 0 [8880/10000 (89%)] Unweighted L_s : L_Mnfld: 0.00097,  L_NonMnfld: 0.02361,  L_Nrml: 0.00000,  L_Eknl: 0.11229, L_Morse: 4.45646

Weights: [7000.0, 600.0, 0, 50.0, 0.0, 0.1], lr=5.000e-05
Epoch: 0 [8890/10000 (89%)] Loss: 26.67539 = L_Mnfld: 6.46630 + L_NonMnfld: 14.16471 + L_Nrml: 0.00000 + L_Eknl: 5.59954 + L_Div: 0.00000 + L_Morse: 0.44483
Epoch: 0 [8890/10000 (89%)] Unweighted L_s : L_Mnfld: 0.00092,  L_NonMnfld: 0.02361,  L_Nrml: 0.00000,  L_Eknl: 0.11199, L_Morse: 4.44833

Weights: [7000.0, 600.0, 0, 50.0, 0.0, 0.1], lr=5.000e-05
Epoch: 0 [8900/10000 (89%)] Loss: 27.72589 = L_Mnfld: 6.82268 + L_NonMnfld: 14.56552 + L_Nrml: 0.00000 + L_Eknl: 5.88457 + L_Div: 0.00000 + L_Morse: 0.45311
Epoch: 0 [8900/10000 (89%)] Unweighted L_s : L_Mnfld: 0.00097,  L_NonMnfld: 0.02428,  L_Nrml: 0.00000,  L_Eknl: 0.11769, L_Morse: 4.53111

Weights: [7000.0, 600.0, 0, 50.0, 0.0, 0.1], lr=5.000e-05
Epoch: 0 [8910/10000 (89%)] Loss: 27.16352 = L_Mnfld: 6.41174 + L_NonMnfld: 14.57861 + L_Nrml: 0.00000 + L_Eknl: 5.72383 + L_Div: 0.00000 + L_Morse: 0.44934
Epoch: 0 [8910/10000 (89%)] Unweighted L_s : L_Mnfld: 0.00092,  L_NonMnfld: 0.02430,  L_Nrml: 0.00000,  L_Eknl: 0.11448, L_Morse: 4.49343

Weights: [7000.0, 600.0, 0, 50.0, 0.0, 0.1], lr=5.000e-05
Epoch: 0 [8920/10000 (89%)] Loss: 26.64321 = L_Mnfld: 6.23085 + L_NonMnfld: 14.46072 + L_Nrml: 0.00000 + L_Eknl: 5.51270 + L_Div: 0.00000 + L_Morse: 0.43894
Epoch: 0 [8920/10000 (89%)] Unweighted L_s : L_Mnfld: 0.00089,  L_NonMnfld: 0.02410,  L_Nrml: 0.00000,  L_Eknl: 0.11025, L_Morse: 4.38945

Weights: [7000.0, 600.0, 0, 50.0, 0.0, 0.1], lr=5.000e-05
Epoch: 0 [8930/10000 (89%)] Loss: 27.96247 = L_Mnfld: 6.61022 + L_NonMnfld: 15.41552 + L_Nrml: 0.00000 + L_Eknl: 5.48042 + L_Div: 0.00000 + L_Morse: 0.45630
Epoch: 0 [8930/10000 (89%)] Unweighted L_s : L_Mnfld: 0.00094,  L_NonMnfld: 0.02569,  L_Nrml: 0.00000,  L_Eknl: 0.10961, L_Morse: 4.56304

Weights: [7000.0, 600.0, 0, 50.0, 0.0, 0.1], lr=5.000e-05
Epoch: 0 [8940/10000 (89%)] Loss: 27.69913 = L_Mnfld: 6.21558 + L_NonMnfld: 15.61375 + L_Nrml: 0.00000 + L_Eknl: 5.42014 + L_Div: 0.00000 + L_Morse: 0.44966
Epoch: 0 [8940/10000 (89%)] Unweighted L_s : L_Mnfld: 0.00089,  L_NonMnfld: 0.02602,  L_Nrml: 0.00000,  L_Eknl: 0.10840, L_Morse: 4.49659

Weights: [7000.0, 600.0, 0, 50.0, 0.0, 0.1], lr=5.000e-05
Epoch: 0 [8950/10000 (90%)] Loss: 26.66048 = L_Mnfld: 6.03874 + L_NonMnfld: 14.72407 + L_Nrml: 0.00000 + L_Eknl: 5.43922 + L_Div: 0.00000 + L_Morse: 0.45845
Epoch: 0 [8950/10000 (90%)] Unweighted L_s : L_Mnfld: 0.00086,  L_NonMnfld: 0.02454,  L_Nrml: 0.00000,  L_Eknl: 0.10878, L_Morse: 4.58450

Weights: [7000.0, 600.0, 0, 50.0, 0.0, 0.1], lr=5.000e-05
Epoch: 0 [8960/10000 (90%)] Loss: 26.14038 = L_Mnfld: 5.78984 + L_NonMnfld: 14.52000 + L_Nrml: 0.00000 + L_Eknl: 5.38862 + L_Div: 0.00000 + L_Morse: 0.44192
Epoch: 0 [8960/10000 (90%)] Unweighted L_s : L_Mnfld: 0.00083,  L_NonMnfld: 0.02420,  L_Nrml: 0.00000,  L_Eknl: 0.10777, L_Morse: 4.41924

Weights: [7000.0, 600.0, 0, 50.0, 0.0, 0.1], lr=5.000e-05
Epoch: 0 [8970/10000 (90%)] Loss: 27.42826 = L_Mnfld: 6.27422 + L_NonMnfld: 14.72362 + L_Nrml: 0.00000 + L_Eknl: 5.98361 + L_Div: 0.00000 + L_Morse: 0.44681
Epoch: 0 [8970/10000 (90%)] Unweighted L_s : L_Mnfld: 0.00090,  L_NonMnfld: 0.02454,  L_Nrml: 0.00000,  L_Eknl: 0.11967, L_Morse: 4.46812

Weights: [7000.0, 600.0, 0, 50.0, 0.0, 0.1], lr=5.000e-05
Epoch: 0 [8980/10000 (90%)] Loss: 26.76667 = L_Mnfld: 5.99083 + L_NonMnfld: 14.30131 + L_Nrml: 0.00000 + L_Eknl: 6.02602 + L_Div: 0.00000 + L_Morse: 0.44851
Epoch: 0 [8980/10000 (90%)] Unweighted L_s : L_Mnfld: 0.00086,  L_NonMnfld: 0.02384,  L_Nrml: 0.00000,  L_Eknl: 0.12052, L_Morse: 4.48514

Weights: [7000.0, 600.0, 0, 50.0, 0.0, 0.1], lr=5.000e-05
Epoch: 0 [8990/10000 (90%)] Loss: 29.59667 = L_Mnfld: 8.45610 + L_NonMnfld: 14.74990 + L_Nrml: 0.00000 + L_Eknl: 5.92576 + L_Div: 0.00000 + L_Morse: 0.46491
Epoch: 0 [8990/10000 (90%)] Unweighted L_s : L_Mnfld: 0.00121,  L_NonMnfld: 0.02458,  L_Nrml: 0.00000,  L_Eknl: 0.11852, L_Morse: 4.64905

Weights: [7000.0, 600.0, 0, 50.0, 0.0, 0.1], lr=5.000e-05
Epoch: 0 [9000/10000 (90%)] Loss: 27.96013 = L_Mnfld: 7.81518 + L_NonMnfld: 13.61864 + L_Nrml: 0.00000 + L_Eknl: 6.05062 + L_Div: 0.00000 + L_Morse: 0.47569
Epoch: 0 [9000/10000 (90%)] Unweighted L_s : L_Mnfld: 0.00112,  L_NonMnfld: 0.02270,  L_Nrml: 0.00000,  L_Eknl: 0.12101, L_Morse: 4.75687

Weights: [7000.0, 600.0, 0, 50.0, 0.0, 0.1], lr=5.000e-05
Epoch: 0 [9010/10000 (90%)] Loss: 28.38519 = L_Mnfld: 7.27160 + L_NonMnfld: 14.68159 + L_Nrml: 0.00000 + L_Eknl: 5.97462 + L_Div: 0.00000 + L_Morse: 0.45738
Epoch: 0 [9010/10000 (90%)] Unweighted L_s : L_Mnfld: 0.00104,  L_NonMnfld: 0.02447,  L_Nrml: 0.00000,  L_Eknl: 0.11949, L_Morse: 4.57383

Weights: [7000.0, 600.0, 0, 50.0, 0.0, 0.1], lr=5.000e-05
Epoch: 0 [9020/10000 (90%)] Loss: 29.74603 = L_Mnfld: 7.44120 + L_NonMnfld: 15.87328 + L_Nrml: 0.00000 + L_Eknl: 5.97342 + L_Div: 0.00000 + L_Morse: 0.45813
Epoch: 0 [9020/10000 (90%)] Unweighted L_s : L_Mnfld: 0.00106,  L_NonMnfld: 0.02646,  L_Nrml: 0.00000,  L_Eknl: 0.11947, L_Morse: 4.58128

Weights: [7000.0, 600.0, 0, 50.0, 0.0, 0.1], lr=5.000e-05
Epoch: 0 [9030/10000 (90%)] Loss: 27.82983 = L_Mnfld: 6.86686 + L_NonMnfld: 14.75826 + L_Nrml: 0.00000 + L_Eknl: 5.74704 + L_Div: 0.00000 + L_Morse: 0.45766
Epoch: 0 [9030/10000 (90%)] Unweighted L_s : L_Mnfld: 0.00098,  L_NonMnfld: 0.02460,  L_Nrml: 0.00000,  L_Eknl: 0.11494, L_Morse: 4.57656

Weights: [7000.0, 600.0, 0, 50.0, 0.0, 0.1], lr=5.000e-05
Epoch: 0 [9040/10000 (90%)] Loss: 26.85435 = L_Mnfld: 7.02830 + L_NonMnfld: 13.41271 + L_Nrml: 0.00000 + L_Eknl: 5.93101 + L_Div: 0.00000 + L_Morse: 0.48234
Epoch: 0 [9040/10000 (90%)] Unweighted L_s : L_Mnfld: 0.00100,  L_NonMnfld: 0.02235,  L_Nrml: 0.00000,  L_Eknl: 0.11862, L_Morse: 4.82340

Weights: [7000.0, 600.0, 0, 50.0, 0.0, 0.1], lr=5.000e-05
Epoch: 0 [9050/10000 (90%)] Loss: 28.52051 = L_Mnfld: 7.53324 + L_NonMnfld: 14.39037 + L_Nrml: 0.00000 + L_Eknl: 6.13186 + L_Div: 0.00000 + L_Morse: 0.46504
Epoch: 0 [9050/10000 (90%)] Unweighted L_s : L_Mnfld: 0.00108,  L_NonMnfld: 0.02398,  L_Nrml: 0.00000,  L_Eknl: 0.12264, L_Morse: 4.65043

Weights: [7000.0, 600.0, 0, 50.0, 0.0, 0.1], lr=5.000e-05
Epoch: 0 [9060/10000 (91%)] Loss: 27.57469 = L_Mnfld: 7.78082 + L_NonMnfld: 13.63012 + L_Nrml: 0.00000 + L_Eknl: 5.70354 + L_Div: 0.00000 + L_Morse: 0.46021
Epoch: 0 [9060/10000 (91%)] Unweighted L_s : L_Mnfld: 0.00111,  L_NonMnfld: 0.02272,  L_Nrml: 0.00000,  L_Eknl: 0.11407, L_Morse: 4.60207

Weights: [7000.0, 600.0, 0, 50.0, 0.0, 0.1], lr=5.000e-05
Epoch: 0 [9070/10000 (91%)] Loss: 28.28408 = L_Mnfld: 7.43084 + L_NonMnfld: 14.17164 + L_Nrml: 0.00000 + L_Eknl: 6.19718 + L_Div: 0.00000 + L_Morse: 0.48442
Epoch: 0 [9070/10000 (91%)] Unweighted L_s : L_Mnfld: 0.00106,  L_NonMnfld: 0.02362,  L_Nrml: 0.00000,  L_Eknl: 0.12394, L_Morse: 4.84418

Weights: [7000.0, 600.0, 0, 50.0, 0.0, 0.1], lr=5.000e-05
Epoch: 0 [9080/10000 (91%)] Loss: 28.15436 = L_Mnfld: 6.34401 + L_NonMnfld: 15.60359 + L_Nrml: 0.00000 + L_Eknl: 5.70890 + L_Div: 0.00000 + L_Morse: 0.49785
Epoch: 0 [9080/10000 (91%)] Unweighted L_s : L_Mnfld: 0.00091,  L_NonMnfld: 0.02601,  L_Nrml: 0.00000,  L_Eknl: 0.11418, L_Morse: 4.97853

Weights: [7000.0, 600.0, 0, 50.0, 0.0, 0.1], lr=5.000e-05
Epoch: 0 [9090/10000 (91%)] Loss: 27.47252 = L_Mnfld: 6.47591 + L_NonMnfld: 14.66775 + L_Nrml: 0.00000 + L_Eknl: 5.82460 + L_Div: 0.00000 + L_Morse: 0.50425
Epoch: 0 [9090/10000 (91%)] Unweighted L_s : L_Mnfld: 0.00093,  L_NonMnfld: 0.02445,  L_Nrml: 0.00000,  L_Eknl: 0.11649, L_Morse: 5.04253

Weights: [7000.0, 600.0, 0, 50.0, 0.0, 0.1], lr=5.000e-05
Epoch: 0 [9100/10000 (91%)] Loss: 27.16140 = L_Mnfld: 5.96940 + L_NonMnfld: 14.88743 + L_Nrml: 0.00000 + L_Eknl: 5.82807 + L_Div: 0.00000 + L_Morse: 0.47650
Epoch: 0 [9100/10000 (91%)] Unweighted L_s : L_Mnfld: 0.00085,  L_NonMnfld: 0.02481,  L_Nrml: 0.00000,  L_Eknl: 0.11656, L_Morse: 4.76504

Weights: [7000.0, 600.0, 0, 50.0, 0.0, 0.1], lr=5.000e-05
Epoch: 0 [9110/10000 (91%)] Loss: 27.39808 = L_Mnfld: 5.99745 + L_NonMnfld: 15.38434 + L_Nrml: 0.00000 + L_Eknl: 5.53455 + L_Div: 0.00000 + L_Morse: 0.48173
Epoch: 0 [9110/10000 (91%)] Unweighted L_s : L_Mnfld: 0.00086,  L_NonMnfld: 0.02564,  L_Nrml: 0.00000,  L_Eknl: 0.11069, L_Morse: 4.81733

Weights: [7000.0, 600.0, 0, 50.0, 0.0, 0.1], lr=5.000e-05
Epoch: 0 [9120/10000 (91%)] Loss: 28.16329 = L_Mnfld: 6.63440 + L_NonMnfld: 15.28154 + L_Nrml: 0.00000 + L_Eknl: 5.80442 + L_Div: 0.00000 + L_Morse: 0.44292
Epoch: 0 [9120/10000 (91%)] Unweighted L_s : L_Mnfld: 0.00095,  L_NonMnfld: 0.02547,  L_Nrml: 0.00000,  L_Eknl: 0.11609, L_Morse: 4.42922

Weights: [7000.0, 600.0, 0, 50.0, 0.0, 0.1], lr=5.000e-05
Epoch: 0 [9130/10000 (91%)] Loss: 27.26532 = L_Mnfld: 7.03571 + L_NonMnfld: 13.93339 + L_Nrml: 0.00000 + L_Eknl: 5.81468 + L_Div: 0.00000 + L_Morse: 0.48155
Epoch: 0 [9130/10000 (91%)] Unweighted L_s : L_Mnfld: 0.00101,  L_NonMnfld: 0.02322,  L_Nrml: 0.00000,  L_Eknl: 0.11629, L_Morse: 4.81546

Weights: [7000.0, 600.0, 0, 50.0, 0.0, 0.1], lr=5.000e-05
Epoch: 0 [9140/10000 (91%)] Loss: 28.23469 = L_Mnfld: 6.86862 + L_NonMnfld: 14.86429 + L_Nrml: 0.00000 + L_Eknl: 6.00896 + L_Div: 0.00000 + L_Morse: 0.49282
Epoch: 0 [9140/10000 (91%)] Unweighted L_s : L_Mnfld: 0.00098,  L_NonMnfld: 0.02477,  L_Nrml: 0.00000,  L_Eknl: 0.12018, L_Morse: 4.92817

Weights: [7000.0, 600.0, 0, 50.0, 0.0, 0.1], lr=5.000e-05
Epoch: 0 [9150/10000 (92%)] Loss: 27.50724 = L_Mnfld: 6.83927 + L_NonMnfld: 14.33518 + L_Nrml: 0.00000 + L_Eknl: 5.86704 + L_Div: 0.00000 + L_Morse: 0.46573
Epoch: 0 [9150/10000 (92%)] Unweighted L_s : L_Mnfld: 0.00098,  L_NonMnfld: 0.02389,  L_Nrml: 0.00000,  L_Eknl: 0.11734, L_Morse: 4.65734

Weights: [7000.0, 600.0, 0, 50.0, 0.0, 0.1], lr=5.000e-05
Epoch: 0 [9160/10000 (92%)] Loss: 28.50461 = L_Mnfld: 5.90645 + L_NonMnfld: 16.06190 + L_Nrml: 0.00000 + L_Eknl: 6.01193 + L_Div: 0.00000 + L_Morse: 0.52433
Epoch: 0 [9160/10000 (92%)] Unweighted L_s : L_Mnfld: 0.00084,  L_NonMnfld: 0.02677,  L_Nrml: 0.00000,  L_Eknl: 0.12024, L_Morse: 5.24328

Weights: [7000.0, 600.0, 0, 50.0, 0.0, 0.1], lr=5.000e-05
Epoch: 0 [9170/10000 (92%)] Loss: 26.45597 = L_Mnfld: 6.10867 + L_NonMnfld: 14.18999 + L_Nrml: 0.00000 + L_Eknl: 5.66349 + L_Div: 0.00000 + L_Morse: 0.49381
Epoch: 0 [9170/10000 (92%)] Unweighted L_s : L_Mnfld: 0.00087,  L_NonMnfld: 0.02365,  L_Nrml: 0.00000,  L_Eknl: 0.11327, L_Morse: 4.93810

Weights: [7000.0, 600.0, 0, 50.0, 0.0, 0.1], lr=5.000e-05
Epoch: 0 [9180/10000 (92%)] Loss: 26.41544 = L_Mnfld: 6.24208 + L_NonMnfld: 14.09148 + L_Nrml: 0.00000 + L_Eknl: 5.59435 + L_Div: 0.00000 + L_Morse: 0.48753
Epoch: 0 [9180/10000 (92%)] Unweighted L_s : L_Mnfld: 0.00089,  L_NonMnfld: 0.02349,  L_Nrml: 0.00000,  L_Eknl: 0.11189, L_Morse: 4.87529

Weights: [7000.0, 600.0, 0, 50.0, 0.0, 0.1], lr=5.000e-05
Epoch: 0 [9190/10000 (92%)] Loss: 28.63640 = L_Mnfld: 6.90719 + L_NonMnfld: 15.13842 + L_Nrml: 0.00000 + L_Eknl: 6.10109 + L_Div: 0.00000 + L_Morse: 0.48970
Epoch: 0 [9190/10000 (92%)] Unweighted L_s : L_Mnfld: 0.00099,  L_NonMnfld: 0.02523,  L_Nrml: 0.00000,  L_Eknl: 0.12202, L_Morse: 4.89705

Weights: [7000.0, 600.0, 0, 50.0, 0.0, 0.1], lr=5.000e-05
Epoch: 0 [9200/10000 (92%)] Loss: 27.30449 = L_Mnfld: 6.80993 + L_NonMnfld: 14.16837 + L_Nrml: 0.00000 + L_Eknl: 5.86188 + L_Div: 0.00000 + L_Morse: 0.46431
Epoch: 0 [9200/10000 (92%)] Unweighted L_s : L_Mnfld: 0.00097,  L_NonMnfld: 0.02361,  L_Nrml: 0.00000,  L_Eknl: 0.11724, L_Morse: 4.64308

Weights: [7000.0, 600.0, 0, 50.0, 0.0, 0.1], lr=5.000e-05
Epoch: 0 [9210/10000 (92%)] Loss: 28.21826 = L_Mnfld: 6.70969 + L_NonMnfld: 14.86807 + L_Nrml: 0.00000 + L_Eknl: 6.14092 + L_Div: 0.00000 + L_Morse: 0.49957
Epoch: 0 [9210/10000 (92%)] Unweighted L_s : L_Mnfld: 0.00096,  L_NonMnfld: 0.02478,  L_Nrml: 0.00000,  L_Eknl: 0.12282, L_Morse: 4.99573

Weights: [7000.0, 600.0, 0, 50.0, 0.0, 0.1], lr=5.000e-05
Epoch: 0 [9220/10000 (92%)] Loss: 30.24315 = L_Mnfld: 7.52586 + L_NonMnfld: 16.34369 + L_Nrml: 0.00000 + L_Eknl: 5.87785 + L_Div: 0.00000 + L_Morse: 0.49576
Epoch: 0 [9220/10000 (92%)] Unweighted L_s : L_Mnfld: 0.00108,  L_NonMnfld: 0.02724,  L_Nrml: 0.00000,  L_Eknl: 0.11756, L_Morse: 4.95760

Weights: [7000.0, 600.0, 0, 50.0, 0.0, 0.1], lr=5.000e-05
Epoch: 0 [9230/10000 (92%)] Loss: 28.13161 = L_Mnfld: 7.26836 + L_NonMnfld: 14.71027 + L_Nrml: 0.00000 + L_Eknl: 5.69314 + L_Div: 0.00000 + L_Morse: 0.45984
Epoch: 0 [9230/10000 (92%)] Unweighted L_s : L_Mnfld: 0.00104,  L_NonMnfld: 0.02452,  L_Nrml: 0.00000,  L_Eknl: 0.11386, L_Morse: 4.59842

Weights: [7000.0, 600.0, 0, 50.0, 0.0, 0.1], lr=5.000e-05
Epoch: 0 [9240/10000 (92%)] Loss: 28.56914 = L_Mnfld: 6.53348 + L_NonMnfld: 15.38093 + L_Nrml: 0.00000 + L_Eknl: 6.16502 + L_Div: 0.00000 + L_Morse: 0.48971
Epoch: 0 [9240/10000 (92%)] Unweighted L_s : L_Mnfld: 0.00093,  L_NonMnfld: 0.02563,  L_Nrml: 0.00000,  L_Eknl: 0.12330, L_Morse: 4.89707

Weights: [7000.0, 600.0, 0, 50.0, 0.0, 0.1], lr=5.000e-05
Epoch: 0 [9250/10000 (92%)] Loss: 26.47913 = L_Mnfld: 6.23760 + L_NonMnfld: 13.93507 + L_Nrml: 0.00000 + L_Eknl: 5.83578 + L_Div: 0.00000 + L_Morse: 0.47068
Epoch: 0 [9250/10000 (92%)] Unweighted L_s : L_Mnfld: 0.00089,  L_NonMnfld: 0.02323,  L_Nrml: 0.00000,  L_Eknl: 0.11672, L_Morse: 4.70682

Weights: [7000.0, 600.0, 0, 50.0, 0.0, 0.1], lr=5.000e-05
Epoch: 0 [9260/10000 (93%)] Loss: 26.88463 = L_Mnfld: 6.02308 + L_NonMnfld: 14.76828 + L_Nrml: 0.00000 + L_Eknl: 5.62086 + L_Div: 0.00000 + L_Morse: 0.47241
Epoch: 0 [9260/10000 (93%)] Unweighted L_s : L_Mnfld: 0.00086,  L_NonMnfld: 0.02461,  L_Nrml: 0.00000,  L_Eknl: 0.11242, L_Morse: 4.72414

Weights: [7000.0, 600.0, 0, 50.0, 0.0, 0.1], lr=5.000e-05
Epoch: 0 [9270/10000 (93%)] Loss: 26.13863 = L_Mnfld: 6.30422 + L_NonMnfld: 13.68234 + L_Nrml: 0.00000 + L_Eknl: 5.68535 + L_Div: 0.00000 + L_Morse: 0.46672
Epoch: 0 [9270/10000 (93%)] Unweighted L_s : L_Mnfld: 0.00090,  L_NonMnfld: 0.02280,  L_Nrml: 0.00000,  L_Eknl: 0.11371, L_Morse: 4.66722

Weights: [7000.0, 600.0, 0, 50.0, 0.0, 0.1], lr=5.000e-05
Epoch: 0 [9280/10000 (93%)] Loss: 26.93284 = L_Mnfld: 6.15202 + L_NonMnfld: 14.73970 + L_Nrml: 0.00000 + L_Eknl: 5.55087 + L_Div: 0.00000 + L_Morse: 0.49024
Epoch: 0 [9280/10000 (93%)] Unweighted L_s : L_Mnfld: 0.00088,  L_NonMnfld: 0.02457,  L_Nrml: 0.00000,  L_Eknl: 0.11102, L_Morse: 4.90241

Weights: [7000.0, 600.0, 0, 50.0, 0.0, 0.1], lr=5.000e-05
Epoch: 0 [9290/10000 (93%)] Loss: 26.22598 = L_Mnfld: 6.18620 + L_NonMnfld: 13.92653 + L_Nrml: 0.00000 + L_Eknl: 5.63774 + L_Div: 0.00000 + L_Morse: 0.47551
Epoch: 0 [9290/10000 (93%)] Unweighted L_s : L_Mnfld: 0.00088,  L_NonMnfld: 0.02321,  L_Nrml: 0.00000,  L_Eknl: 0.11275, L_Morse: 4.75509

Weights: [7000.0, 600.0, 0, 50.0, 0.0, 0.1], lr=5.000e-05
Epoch: 0 [9300/10000 (93%)] Loss: 27.07436 = L_Mnfld: 6.51510 + L_NonMnfld: 13.66270 + L_Nrml: 0.00000 + L_Eknl: 6.44557 + L_Div: 0.00000 + L_Morse: 0.45100
Epoch: 0 [9300/10000 (93%)] Unweighted L_s : L_Mnfld: 0.00093,  L_NonMnfld: 0.02277,  L_Nrml: 0.00000,  L_Eknl: 0.12891, L_Morse: 4.50998

Weights: [7000.0, 600.0, 0, 50.0, 0.0, 0.1], lr=5.000e-05
Epoch: 0 [9310/10000 (93%)] Loss: 28.92332 = L_Mnfld: 6.71364 + L_NonMnfld: 15.10238 + L_Nrml: 0.00000 + L_Eknl: 6.59024 + L_Div: 0.00000 + L_Morse: 0.51705
Epoch: 0 [9310/10000 (93%)] Unweighted L_s : L_Mnfld: 0.00096,  L_NonMnfld: 0.02517,  L_Nrml: 0.00000,  L_Eknl: 0.13180, L_Morse: 5.17054

Weights: [7000.0, 600.0, 0, 50.0, 0.0, 0.1], lr=5.000e-05
Epoch: 0 [9320/10000 (93%)] Loss: 28.39946 = L_Mnfld: 7.62512 + L_NonMnfld: 14.06782 + L_Nrml: 0.00000 + L_Eknl: 6.20940 + L_Div: 0.00000 + L_Morse: 0.49713
Epoch: 0 [9320/10000 (93%)] Unweighted L_s : L_Mnfld: 0.00109,  L_NonMnfld: 0.02345,  L_Nrml: 0.00000,  L_Eknl: 0.12419, L_Morse: 4.97128

Weights: [7000.0, 600.0, 0, 50.0, 0.0, 0.1], lr=5.000e-05
Epoch: 0 [9330/10000 (93%)] Loss: 26.97631 = L_Mnfld: 6.81515 + L_NonMnfld: 13.67188 + L_Nrml: 0.00000 + L_Eknl: 6.02715 + L_Div: 0.00000 + L_Morse: 0.46213
Epoch: 0 [9330/10000 (93%)] Unweighted L_s : L_Mnfld: 0.00097,  L_NonMnfld: 0.02279,  L_Nrml: 0.00000,  L_Eknl: 0.12054, L_Morse: 4.62131

Weights: [7000.0, 600.0, 0, 50.0, 0.0, 0.1], lr=5.000e-05
Epoch: 0 [9340/10000 (93%)] Loss: 27.61199 = L_Mnfld: 6.69148 + L_NonMnfld: 14.70674 + L_Nrml: 0.00000 + L_Eknl: 5.73429 + L_Div: 0.00000 + L_Morse: 0.47947
Epoch: 0 [9340/10000 (93%)] Unweighted L_s : L_Mnfld: 0.00096,  L_NonMnfld: 0.02451,  L_Nrml: 0.00000,  L_Eknl: 0.11469, L_Morse: 4.79470

Weights: [7000.0, 600.0, 0, 50.0, 0.0, 0.1], lr=5.000e-05
Epoch: 0 [9350/10000 (94%)] Loss: 26.13410 = L_Mnfld: 6.15132 + L_NonMnfld: 13.96481 + L_Nrml: 0.00000 + L_Eknl: 5.57280 + L_Div: 0.00000 + L_Morse: 0.44517
Epoch: 0 [9350/10000 (94%)] Unweighted L_s : L_Mnfld: 0.00088,  L_NonMnfld: 0.02327,  L_Nrml: 0.00000,  L_Eknl: 0.11146, L_Morse: 4.45173

Weights: [7000.0, 600.0, 0, 50.0, 0.0, 0.1], lr=5.000e-05
Epoch: 0 [9360/10000 (94%)] Loss: 24.63992 = L_Mnfld: 5.70013 + L_NonMnfld: 12.99199 + L_Nrml: 0.00000 + L_Eknl: 5.47794 + L_Div: 0.00000 + L_Morse: 0.46985
Epoch: 0 [9360/10000 (94%)] Unweighted L_s : L_Mnfld: 0.00081,  L_NonMnfld: 0.02165,  L_Nrml: 0.00000,  L_Eknl: 0.10956, L_Morse: 4.69852

Weights: [7000.0, 600.0, 0, 50.0, 0.0, 0.1], lr=5.000e-05
Epoch: 0 [9370/10000 (94%)] Loss: 25.87763 = L_Mnfld: 5.78213 + L_NonMnfld: 14.12478 + L_Nrml: 0.00000 + L_Eknl: 5.51683 + L_Div: 0.00000 + L_Morse: 0.45388
Epoch: 0 [9370/10000 (94%)] Unweighted L_s : L_Mnfld: 0.00083,  L_NonMnfld: 0.02354,  L_Nrml: 0.00000,  L_Eknl: 0.11034, L_Morse: 4.53884

Weights: [7000.0, 600.0, 0, 50.0, 0.0, 0.1], lr=5.000e-05
Epoch: 0 [9380/10000 (94%)] Loss: 25.04659 = L_Mnfld: 5.77530 + L_NonMnfld: 13.31737 + L_Nrml: 0.00000 + L_Eknl: 5.46125 + L_Div: 0.00000 + L_Morse: 0.49267
Epoch: 0 [9380/10000 (94%)] Unweighted L_s : L_Mnfld: 0.00083,  L_NonMnfld: 0.02220,  L_Nrml: 0.00000,  L_Eknl: 0.10923, L_Morse: 4.92666

Weights: [7000.0, 600.0, 0, 50.0, 0.0, 0.1], lr=5.000e-05
Epoch: 0 [9390/10000 (94%)] Loss: 25.36387 = L_Mnfld: 5.45934 + L_NonMnfld: 13.80832 + L_Nrml: 0.00000 + L_Eknl: 5.61924 + L_Div: 0.00000 + L_Morse: 0.47698
Epoch: 0 [9390/10000 (94%)] Unweighted L_s : L_Mnfld: 0.00078,  L_NonMnfld: 0.02301,  L_Nrml: 0.00000,  L_Eknl: 0.11238, L_Morse: 4.76982

Weights: [7000.0, 600.0, 0, 50.0, 0.0, 0.1], lr=5.000e-05
Epoch: 0 [9400/10000 (94%)] Loss: 24.78889 = L_Mnfld: 5.34398 + L_NonMnfld: 13.47560 + L_Nrml: 0.00000 + L_Eknl: 5.50192 + L_Div: 0.00000 + L_Morse: 0.46738
Epoch: 0 [9400/10000 (94%)] Unweighted L_s : L_Mnfld: 0.00076,  L_NonMnfld: 0.02246,  L_Nrml: 0.00000,  L_Eknl: 0.11004, L_Morse: 4.67384

Weights: [7000.0, 600.0, 0, 50.0, 0.0, 0.1], lr=5.000e-05
Epoch: 0 [9410/10000 (94%)] Loss: 26.47821 = L_Mnfld: 5.76566 + L_NonMnfld: 14.61276 + L_Nrml: 0.00000 + L_Eknl: 5.62960 + L_Div: 0.00000 + L_Morse: 0.47019
Epoch: 0 [9410/10000 (94%)] Unweighted L_s : L_Mnfld: 0.00082,  L_NonMnfld: 0.02435,  L_Nrml: 0.00000,  L_Eknl: 0.11259, L_Morse: 4.70193

Weights: [7000.0, 600.0, 0, 50.0, 0.0, 0.1], lr=5.000e-05
Epoch: 0 [9420/10000 (94%)] Loss: 25.46758 = L_Mnfld: 5.64052 + L_NonMnfld: 13.93739 + L_Nrml: 0.00000 + L_Eknl: 5.44702 + L_Div: 0.00000 + L_Morse: 0.44266
Epoch: 0 [9420/10000 (94%)] Unweighted L_s : L_Mnfld: 0.00081,  L_NonMnfld: 0.02323,  L_Nrml: 0.00000,  L_Eknl: 0.10894, L_Morse: 4.42662

Weights: [7000.0, 600.0, 0, 50.0, 0.0, 0.1], lr=5.000e-05
Epoch: 0 [9430/10000 (94%)] Loss: 26.05112 = L_Mnfld: 5.77121 + L_NonMnfld: 14.17871 + L_Nrml: 0.00000 + L_Eknl: 5.64948 + L_Div: 0.00000 + L_Morse: 0.45172
Epoch: 0 [9430/10000 (94%)] Unweighted L_s : L_Mnfld: 0.00082,  L_NonMnfld: 0.02363,  L_Nrml: 0.00000,  L_Eknl: 0.11299, L_Morse: 4.51725

Weights: [7000.0, 600.0, 0, 50.0, 0.0, 0.1], lr=5.000e-05
Epoch: 0 [9440/10000 (94%)] Loss: 26.50824 = L_Mnfld: 5.84463 + L_NonMnfld: 14.09751 + L_Nrml: 0.00000 + L_Eknl: 6.04668 + L_Div: 0.00000 + L_Morse: 0.51942
Epoch: 0 [9440/10000 (94%)] Unweighted L_s : L_Mnfld: 0.00083,  L_NonMnfld: 0.02350,  L_Nrml: 0.00000,  L_Eknl: 0.12093, L_Morse: 5.19422

Weights: [7000.0, 600.0, 0, 50.0, 0.0, 0.1], lr=5.000e-05
Epoch: 0 [9450/10000 (94%)] Loss: 27.63248 = L_Mnfld: 6.22009 + L_NonMnfld: 15.05736 + L_Nrml: 0.00000 + L_Eknl: 5.82404 + L_Div: 0.00000 + L_Morse: 0.53099
Epoch: 0 [9450/10000 (94%)] Unweighted L_s : L_Mnfld: 0.00089,  L_NonMnfld: 0.02510,  L_Nrml: 0.00000,  L_Eknl: 0.11648, L_Morse: 5.30992

Weights: [7000.0, 600.0, 0, 50.0, 0.0, 0.1], lr=5.000e-05
Epoch: 0 [9460/10000 (95%)] Loss: 26.59284 = L_Mnfld: 5.71475 + L_NonMnfld: 14.48208 + L_Nrml: 0.00000 + L_Eknl: 5.89414 + L_Div: 0.00000 + L_Morse: 0.50187
Epoch: 0 [9460/10000 (95%)] Unweighted L_s : L_Mnfld: 0.00082,  L_NonMnfld: 0.02414,  L_Nrml: 0.00000,  L_Eknl: 0.11788, L_Morse: 5.01868

Weights: [7000.0, 600.0, 0, 50.0, 0.0, 0.1], lr=5.000e-05
Epoch: 0 [9470/10000 (95%)] Loss: 25.01934 = L_Mnfld: 5.62858 + L_NonMnfld: 13.28649 + L_Nrml: 0.00000 + L_Eknl: 5.64093 + L_Div: 0.00000 + L_Morse: 0.46335
Epoch: 0 [9470/10000 (95%)] Unweighted L_s : L_Mnfld: 0.00080,  L_NonMnfld: 0.02214,  L_Nrml: 0.00000,  L_Eknl: 0.11282, L_Morse: 4.63346

Weights: [7000.0, 600.0, 0, 50.0, 0.0, 0.1], lr=5.000e-05
Epoch: 0 [9480/10000 (95%)] Loss: 24.73640 = L_Mnfld: 5.63000 + L_NonMnfld: 12.99235 + L_Nrml: 0.00000 + L_Eknl: 5.62060 + L_Div: 0.00000 + L_Morse: 0.49345
Epoch: 0 [9480/10000 (95%)] Unweighted L_s : L_Mnfld: 0.00080,  L_NonMnfld: 0.02165,  L_Nrml: 0.00000,  L_Eknl: 0.11241, L_Morse: 4.93450

Weights: [7000.0, 600.0, 0, 50.0, 0.0, 0.1], lr=5.000e-05
Epoch: 0 [9490/10000 (95%)] Loss: 26.92136 = L_Mnfld: 5.79047 + L_NonMnfld: 14.99927 + L_Nrml: 0.00000 + L_Eknl: 5.65490 + L_Div: 0.00000 + L_Morse: 0.47671
Epoch: 0 [9490/10000 (95%)] Unweighted L_s : L_Mnfld: 0.00083,  L_NonMnfld: 0.02500,  L_Nrml: 0.00000,  L_Eknl: 0.11310, L_Morse: 4.76711

Weights: [7000.0, 600.0, 0, 50.0, 0.0, 0.1], lr=5.000e-05
Epoch: 0 [9500/10000 (95%)] Loss: 26.37889 = L_Mnfld: 6.38555 + L_NonMnfld: 13.90750 + L_Nrml: 0.00000 + L_Eknl: 5.62030 + L_Div: 0.00000 + L_Morse: 0.46554
Epoch: 0 [9500/10000 (95%)] Unweighted L_s : L_Mnfld: 0.00091,  L_NonMnfld: 0.02318,  L_Nrml: 0.00000,  L_Eknl: 0.11241, L_Morse: 4.65538

Weights: [7000.0, 600.0, 0, 50.0, 0.0, 0.1], lr=5.000e-05
Epoch: 0 [9510/10000 (95%)] Loss: 27.22218 = L_Mnfld: 6.13178 + L_NonMnfld: 14.74563 + L_Nrml: 0.00000 + L_Eknl: 5.83908 + L_Div: 0.00000 + L_Morse: 0.50568
Epoch: 0 [9510/10000 (95%)] Unweighted L_s : L_Mnfld: 0.00088,  L_NonMnfld: 0.02458,  L_Nrml: 0.00000,  L_Eknl: 0.11678, L_Morse: 5.05684

Weights: [7000.0, 600.0, 0, 50.0, 0.0, 0.1], lr=5.000e-05
Epoch: 0 [9520/10000 (95%)] Loss: 26.23490 = L_Mnfld: 5.74411 + L_NonMnfld: 14.24032 + L_Nrml: 0.00000 + L_Eknl: 5.76281 + L_Div: 0.00000 + L_Morse: 0.48766
Epoch: 0 [9520/10000 (95%)] Unweighted L_s : L_Mnfld: 0.00082,  L_NonMnfld: 0.02373,  L_Nrml: 0.00000,  L_Eknl: 0.11526, L_Morse: 4.87656

Weights: [7000.0, 600.0, 0, 50.0, 0.0, 0.1], lr=5.000e-05
Epoch: 0 [9530/10000 (95%)] Loss: 26.94275 = L_Mnfld: 6.96607 + L_NonMnfld: 13.86167 + L_Nrml: 0.00000 + L_Eknl: 5.67888 + L_Div: 0.00000 + L_Morse: 0.43615
Epoch: 0 [9530/10000 (95%)] Unweighted L_s : L_Mnfld: 0.00100,  L_NonMnfld: 0.02310,  L_Nrml: 0.00000,  L_Eknl: 0.11358, L_Morse: 4.36147

Weights: [7000.0, 600.0, 0, 50.0, 0.0, 0.1], lr=5.000e-05
Epoch: 0 [9540/10000 (95%)] Loss: 27.11692 = L_Mnfld: 6.48986 + L_NonMnfld: 13.95776 + L_Nrml: 0.00000 + L_Eknl: 6.18108 + L_Div: 0.00000 + L_Morse: 0.48822
Epoch: 0 [9540/10000 (95%)] Unweighted L_s : L_Mnfld: 0.00093,  L_NonMnfld: 0.02326,  L_Nrml: 0.00000,  L_Eknl: 0.12362, L_Morse: 4.88220

Weights: [7000.0, 600.0, 0, 50.0, 0.0, 0.1], lr=5.000e-05
Epoch: 0 [9550/10000 (96%)] Loss: 26.09255 = L_Mnfld: 6.18688 + L_NonMnfld: 13.36915 + L_Nrml: 0.00000 + L_Eknl: 6.05279 + L_Div: 0.00000 + L_Morse: 0.48372
Epoch: 0 [9550/10000 (96%)] Unweighted L_s : L_Mnfld: 0.00088,  L_NonMnfld: 0.02228,  L_Nrml: 0.00000,  L_Eknl: 0.12106, L_Morse: 4.83723

Weights: [7000.0, 600.0, 0, 50.0, 0.0, 0.1], lr=5.000e-05
Epoch: 0 [9560/10000 (96%)] Loss: 26.49058 = L_Mnfld: 6.36990 + L_NonMnfld: 13.35508 + L_Nrml: 0.00000 + L_Eknl: 6.25732 + L_Div: 0.00000 + L_Morse: 0.50828
Epoch: 0 [9560/10000 (96%)] Unweighted L_s : L_Mnfld: 0.00091,  L_NonMnfld: 0.02226,  L_Nrml: 0.00000,  L_Eknl: 0.12515, L_Morse: 5.08276

Weights: [7000.0, 600.0, 0, 50.0, 0.0, 0.1], lr=5.000e-05
Epoch: 0 [9570/10000 (96%)] Loss: 25.93136 = L_Mnfld: 5.95206 + L_NonMnfld: 13.52955 + L_Nrml: 0.00000 + L_Eknl: 5.98598 + L_Div: 0.00000 + L_Morse: 0.46378
Epoch: 0 [9570/10000 (96%)] Unweighted L_s : L_Mnfld: 0.00085,  L_NonMnfld: 0.02255,  L_Nrml: 0.00000,  L_Eknl: 0.11972, L_Morse: 4.63781

Weights: [7000.0, 600.0, 0, 50.0, 0.0, 0.1], lr=5.000e-05
Epoch: 0 [9580/10000 (96%)] Loss: 27.80410 = L_Mnfld: 7.41896 + L_NonMnfld: 13.83077 + L_Nrml: 0.00000 + L_Eknl: 6.05051 + L_Div: 0.00000 + L_Morse: 0.50386
Epoch: 0 [9580/10000 (96%)] Unweighted L_s : L_Mnfld: 0.00106,  L_NonMnfld: 0.02305,  L_Nrml: 0.00000,  L_Eknl: 0.12101, L_Morse: 5.03863

Weights: [7000.0, 600.0, 0, 50.0, 0.0, 0.1], lr=5.000e-05
Epoch: 0 [9590/10000 (96%)] Loss: 27.53923 = L_Mnfld: 7.46616 + L_NonMnfld: 13.30160 + L_Nrml: 0.00000 + L_Eknl: 6.27897 + L_Div: 0.00000 + L_Morse: 0.49249
Epoch: 0 [9590/10000 (96%)] Unweighted L_s : L_Mnfld: 0.00107,  L_NonMnfld: 0.02217,  L_Nrml: 0.00000,  L_Eknl: 0.12558, L_Morse: 4.92493

Weights: [7000.0, 600.0, 0, 50.0, 0.0, 0.1], lr=5.000e-05
Epoch: 0 [9600/10000 (96%)] Loss: 28.24257 = L_Mnfld: 7.72780 + L_NonMnfld: 13.60058 + L_Nrml: 0.00000 + L_Eknl: 6.39674 + L_Div: 0.00000 + L_Morse: 0.51745
Epoch: 0 [9600/10000 (96%)] Unweighted L_s : L_Mnfld: 0.00110,  L_NonMnfld: 0.02267,  L_Nrml: 0.00000,  L_Eknl: 0.12793, L_Morse: 5.17447

Weights: [7000.0, 600.0, 0, 50.0, 0.0, 0.1], lr=5.000e-05
Epoch: 0 [9610/10000 (96%)] Loss: 26.67783 = L_Mnfld: 6.39212 + L_NonMnfld: 13.81890 + L_Nrml: 0.00000 + L_Eknl: 5.95732 + L_Div: 0.00000 + L_Morse: 0.50950
Epoch: 0 [9610/10000 (96%)] Unweighted L_s : L_Mnfld: 0.00091,  L_NonMnfld: 0.02303,  L_Nrml: 0.00000,  L_Eknl: 0.11915, L_Morse: 5.09498

Weights: [7000.0, 600.0, 0, 50.0, 0.0, 0.1], lr=5.000e-05
Epoch: 0 [9620/10000 (96%)] Loss: 26.60746 = L_Mnfld: 6.07258 + L_NonMnfld: 14.38569 + L_Nrml: 0.00000 + L_Eknl: 5.69745 + L_Div: 0.00000 + L_Morse: 0.45174
Epoch: 0 [9620/10000 (96%)] Unweighted L_s : L_Mnfld: 0.00087,  L_NonMnfld: 0.02398,  L_Nrml: 0.00000,  L_Eknl: 0.11395, L_Morse: 4.51744

Weights: [7000.0, 600.0, 0, 50.0, 0.0, 0.1], lr=5.000e-05
Epoch: 0 [9630/10000 (96%)] Loss: 27.04957 = L_Mnfld: 6.69633 + L_NonMnfld: 13.81976 + L_Nrml: 0.00000 + L_Eknl: 6.04209 + L_Div: 0.00000 + L_Morse: 0.49139
Epoch: 0 [9630/10000 (96%)] Unweighted L_s : L_Mnfld: 0.00096,  L_NonMnfld: 0.02303,  L_Nrml: 0.00000,  L_Eknl: 0.12084, L_Morse: 4.91388

Weights: [7000.0, 600.0, 0, 50.0, 0.0, 0.1], lr=5.000e-05
Epoch: 0 [9640/10000 (96%)] Loss: 26.16892 = L_Mnfld: 6.36852 + L_NonMnfld: 13.24939 + L_Nrml: 0.00000 + L_Eknl: 6.05392 + L_Div: 0.00000 + L_Morse: 0.49709
Epoch: 0 [9640/10000 (96%)] Unweighted L_s : L_Mnfld: 0.00091,  L_NonMnfld: 0.02208,  L_Nrml: 0.00000,  L_Eknl: 0.12108, L_Morse: 4.97094

Weights: [7000.0, 600.0, 0, 50.0, 0.0, 0.1], lr=5.000e-05
Epoch: 0 [9650/10000 (96%)] Loss: 27.54346 = L_Mnfld: 6.74617 + L_NonMnfld: 14.26279 + L_Nrml: 0.00000 + L_Eknl: 6.06080 + L_Div: 0.00000 + L_Morse: 0.47370
Epoch: 0 [9650/10000 (96%)] Unweighted L_s : L_Mnfld: 0.00096,  L_NonMnfld: 0.02377,  L_Nrml: 0.00000,  L_Eknl: 0.12122, L_Morse: 4.73696

Weights: [7000.0, 600.0, 0, 50.0, 0.0, 0.1], lr=5.000e-05
Epoch: 0 [9660/10000 (97%)] Loss: 26.70690 = L_Mnfld: 6.33157 + L_NonMnfld: 13.77424 + L_Nrml: 0.00000 + L_Eknl: 6.08320 + L_Div: 0.00000 + L_Morse: 0.51789
Epoch: 0 [9660/10000 (97%)] Unweighted L_s : L_Mnfld: 0.00090,  L_NonMnfld: 0.02296,  L_Nrml: 0.00000,  L_Eknl: 0.12166, L_Morse: 5.17892

Weights: [7000.0, 600.0, 0, 50.0, 0.0, 0.1], lr=5.000e-05
Epoch: 0 [9670/10000 (97%)] Loss: 27.50257 = L_Mnfld: 5.89034 + L_NonMnfld: 15.19858 + L_Nrml: 0.00000 + L_Eknl: 5.89573 + L_Div: 0.00000 + L_Morse: 0.51792
Epoch: 0 [9670/10000 (97%)] Unweighted L_s : L_Mnfld: 0.00084,  L_NonMnfld: 0.02533,  L_Nrml: 0.00000,  L_Eknl: 0.11791, L_Morse: 5.17918

Weights: [7000.0, 600.0, 0, 50.0, 0.0, 0.1], lr=5.000e-05
Epoch: 0 [9680/10000 (97%)] Loss: 27.17258 = L_Mnfld: 6.34682 + L_NonMnfld: 14.41567 + L_Nrml: 0.00000 + L_Eknl: 5.92648 + L_Div: 0.00000 + L_Morse: 0.48361
Epoch: 0 [9680/10000 (97%)] Unweighted L_s : L_Mnfld: 0.00091,  L_NonMnfld: 0.02403,  L_Nrml: 0.00000,  L_Eknl: 0.11853, L_Morse: 4.83614

Weights: [7000.0, 600.0, 0, 50.0, 0.0, 0.1], lr=5.000e-05
Epoch: 0 [9690/10000 (97%)] Loss: 25.63816 = L_Mnfld: 6.06993 + L_NonMnfld: 13.16178 + L_Nrml: 0.00000 + L_Eknl: 5.92223 + L_Div: 0.00000 + L_Morse: 0.48422
Epoch: 0 [9690/10000 (97%)] Unweighted L_s : L_Mnfld: 0.00087,  L_NonMnfld: 0.02194,  L_Nrml: 0.00000,  L_Eknl: 0.11844, L_Morse: 4.84222

Weights: [7000.0, 600.0, 0, 50.0, 0.0, 0.1], lr=5.000e-05
Epoch: 0 [9700/10000 (97%)] Loss: 26.37146 = L_Mnfld: 6.03969 + L_NonMnfld: 13.57785 + L_Nrml: 0.00000 + L_Eknl: 6.21678 + L_Div: 0.00000 + L_Morse: 0.53714
Epoch: 0 [9700/10000 (97%)] Unweighted L_s : L_Mnfld: 0.00086,  L_NonMnfld: 0.02263,  L_Nrml: 0.00000,  L_Eknl: 0.12434, L_Morse: 5.37145

Weights: [7000.0, 600.0, 0, 50.0, 0.0, 0.1], lr=5.000e-05
Epoch: 0 [9710/10000 (97%)] Loss: 26.13123 = L_Mnfld: 5.96865 + L_NonMnfld: 13.63264 + L_Nrml: 0.00000 + L_Eknl: 6.00650 + L_Div: 0.00000 + L_Morse: 0.52344
Epoch: 0 [9710/10000 (97%)] Unweighted L_s : L_Mnfld: 0.00085,  L_NonMnfld: 0.02272,  L_Nrml: 0.00000,  L_Eknl: 0.12013, L_Morse: 5.23437

Weights: [7000.0, 600.0, 0, 50.0, 0.0, 0.1], lr=5.000e-05
Epoch: 0 [9720/10000 (97%)] Loss: 26.16523 = L_Mnfld: 5.90123 + L_NonMnfld: 13.88066 + L_Nrml: 0.00000 + L_Eknl: 5.89245 + L_Div: 0.00000 + L_Morse: 0.49090
Epoch: 0 [9720/10000 (97%)] Unweighted L_s : L_Mnfld: 0.00084,  L_NonMnfld: 0.02313,  L_Nrml: 0.00000,  L_Eknl: 0.11785, L_Morse: 4.90904

Weights: [7000.0, 600.0, 0, 50.0, 0.0, 0.1], lr=5.000e-05
Epoch: 0 [9730/10000 (97%)] Loss: 25.18874 = L_Mnfld: 5.58487 + L_NonMnfld: 13.27356 + L_Nrml: 0.00000 + L_Eknl: 5.82910 + L_Div: 0.00000 + L_Morse: 0.50122
Epoch: 0 [9730/10000 (97%)] Unweighted L_s : L_Mnfld: 0.00080,  L_NonMnfld: 0.02212,  L_Nrml: 0.00000,  L_Eknl: 0.11658, L_Morse: 5.01219

Weights: [7000.0, 600.0, 0, 50.0, 0.0, 0.1], lr=5.000e-05
Epoch: 0 [9740/10000 (97%)] Loss: 25.17118 = L_Mnfld: 5.74141 + L_NonMnfld: 13.23644 + L_Nrml: 0.00000 + L_Eknl: 5.69280 + L_Div: 0.00000 + L_Morse: 0.50053
Epoch: 0 [9740/10000 (97%)] Unweighted L_s : L_Mnfld: 0.00082,  L_NonMnfld: 0.02206,  L_Nrml: 0.00000,  L_Eknl: 0.11386, L_Morse: 5.00535

Weights: [7000.0, 600.0, 0, 50.0, 0.0, 0.1], lr=5.000e-05
Epoch: 0 [9750/10000 (98%)] Loss: 24.89833 = L_Mnfld: 5.73801 + L_NonMnfld: 13.04200 + L_Nrml: 0.00000 + L_Eknl: 5.63155 + L_Div: 0.00000 + L_Morse: 0.48678
Epoch: 0 [9750/10000 (98%)] Unweighted L_s : L_Mnfld: 0.00082,  L_NonMnfld: 0.02174,  L_Nrml: 0.00000,  L_Eknl: 0.11263, L_Morse: 4.86775

Weights: [7000.0, 600.0, 0, 50.0, 0.0, 0.1], lr=5.000e-05
Epoch: 0 [9760/10000 (98%)] Loss: 25.80362 = L_Mnfld: 5.28871 + L_NonMnfld: 14.35645 + L_Nrml: 0.00000 + L_Eknl: 5.65415 + L_Div: 0.00000 + L_Morse: 0.50431
Epoch: 0 [9760/10000 (98%)] Unweighted L_s : L_Mnfld: 0.00076,  L_NonMnfld: 0.02393,  L_Nrml: 0.00000,  L_Eknl: 0.11308, L_Morse: 5.04312

Weights: [7000.0, 600.0, 0, 50.0, 0.0, 0.1], lr=5.000e-05
Epoch: 0 [9770/10000 (98%)] Loss: 24.87185 = L_Mnfld: 5.14094 + L_NonMnfld: 13.50339 + L_Nrml: 0.00000 + L_Eknl: 5.73490 + L_Div: 0.00000 + L_Morse: 0.49261
Epoch: 0 [9770/10000 (98%)] Unweighted L_s : L_Mnfld: 0.00073,  L_NonMnfld: 0.02251,  L_Nrml: 0.00000,  L_Eknl: 0.11470, L_Morse: 4.92612

Weights: [7000.0, 600.0, 0, 50.0, 0.0, 0.1], lr=5.000e-05
Epoch: 0 [9780/10000 (98%)] Loss: 25.68111 = L_Mnfld: 5.43271 + L_NonMnfld: 13.95439 + L_Nrml: 0.00000 + L_Eknl: 5.79641 + L_Div: 0.00000 + L_Morse: 0.49760
Epoch: 0 [9780/10000 (98%)] Unweighted L_s : L_Mnfld: 0.00078,  L_NonMnfld: 0.02326,  L_Nrml: 0.00000,  L_Eknl: 0.11593, L_Morse: 4.97601

Weights: [7000.0, 600.0, 0, 50.0, 0.0, 0.1], lr=5.000e-05
Epoch: 0 [9790/10000 (98%)] Loss: 25.93730 = L_Mnfld: 5.32211 + L_NonMnfld: 14.11435 + L_Nrml: 0.00000 + L_Eknl: 6.01318 + L_Div: 0.00000 + L_Morse: 0.48766
Epoch: 0 [9790/10000 (98%)] Unweighted L_s : L_Mnfld: 0.00076,  L_NonMnfld: 0.02352,  L_Nrml: 0.00000,  L_Eknl: 0.12026, L_Morse: 4.87664

Weights: [7000.0, 600.0, 0, 50.0, 0.0, 0.1], lr=5.000e-05
Epoch: 0 [9800/10000 (98%)] Loss: 25.79354 = L_Mnfld: 5.39423 + L_NonMnfld: 14.08006 + L_Nrml: 0.00000 + L_Eknl: 5.81823 + L_Div: 0.00000 + L_Morse: 0.50101
Epoch: 0 [9800/10000 (98%)] Unweighted L_s : L_Mnfld: 0.00077,  L_NonMnfld: 0.02347,  L_Nrml: 0.00000,  L_Eknl: 0.11636, L_Morse: 5.01010

Weights: [7000.0, 600.0, 0, 50.0, 0.0, 0.1], lr=5.000e-05
Epoch: 0 [9810/10000 (98%)] Loss: 26.24328 = L_Mnfld: 5.52882 + L_NonMnfld: 14.11145 + L_Nrml: 0.00000 + L_Eknl: 6.09066 + L_Div: 0.00000 + L_Morse: 0.51235
Epoch: 0 [9810/10000 (98%)] Unweighted L_s : L_Mnfld: 0.00079,  L_NonMnfld: 0.02352,  L_Nrml: 0.00000,  L_Eknl: 0.12181, L_Morse: 5.12350

Weights: [7000.0, 600.0, 0, 50.0, 0.0, 0.1], lr=5.000e-05
Epoch: 0 [9820/10000 (98%)] Loss: 25.00188 = L_Mnfld: 5.85747 + L_NonMnfld: 12.76352 + L_Nrml: 0.00000 + L_Eknl: 5.89119 + L_Div: 0.00000 + L_Morse: 0.48970
Epoch: 0 [9820/10000 (98%)] Unweighted L_s : L_Mnfld: 0.00084,  L_NonMnfld: 0.02127,  L_Nrml: 0.00000,  L_Eknl: 0.11782, L_Morse: 4.89698

Weights: [7000.0, 600.0, 0, 50.0, 0.0, 0.1], lr=5.000e-05
Epoch: 0 [9830/10000 (98%)] Loss: 26.15341 = L_Mnfld: 6.05246 + L_NonMnfld: 13.57348 + L_Nrml: 0.00000 + L_Eknl: 6.06125 + L_Div: 0.00000 + L_Morse: 0.46623
Epoch: 0 [9830/10000 (98%)] Unweighted L_s : L_Mnfld: 0.00086,  L_NonMnfld: 0.02262,  L_Nrml: 0.00000,  L_Eknl: 0.12122, L_Morse: 4.66233

Weights: [7000.0, 600.0, 0, 50.0, 0.0, 0.1], lr=5.000e-05
Epoch: 0 [9840/10000 (98%)] Loss: 27.95848 = L_Mnfld: 6.65407 + L_NonMnfld: 14.87179 + L_Nrml: 0.00000 + L_Eknl: 5.95196 + L_Div: 0.00000 + L_Morse: 0.48066
Epoch: 0 [9840/10000 (98%)] Unweighted L_s : L_Mnfld: 0.00095,  L_NonMnfld: 0.02479,  L_Nrml: 0.00000,  L_Eknl: 0.11904, L_Morse: 4.80656

Weights: [7000.0, 600.0, 0, 50.0, 0.0, 0.1], lr=5.000e-05
Epoch: 0 [9850/10000 (98%)] Loss: 27.59106 = L_Mnfld: 6.89015 + L_NonMnfld: 14.16650 + L_Nrml: 0.00000 + L_Eknl: 6.04952 + L_Div: 0.00000 + L_Morse: 0.48488
Epoch: 0 [9850/10000 (98%)] Unweighted L_s : L_Mnfld: 0.00098,  L_NonMnfld: 0.02361,  L_Nrml: 0.00000,  L_Eknl: 0.12099, L_Morse: 4.84884

Weights: [7000.0, 600.0, 0, 50.0, 0.0, 0.1], lr=5.000e-05
Epoch: 0 [9860/10000 (99%)] Loss: 24.75190 = L_Mnfld: 5.68914 + L_NonMnfld: 12.99257 + L_Nrml: 0.00000 + L_Eknl: 5.60317 + L_Div: 0.00000 + L_Morse: 0.46702
Epoch: 0 [9860/10000 (99%)] Unweighted L_s : L_Mnfld: 0.00081,  L_NonMnfld: 0.02165,  L_Nrml: 0.00000,  L_Eknl: 0.11206, L_Morse: 4.67022

Weights: [7000.0, 600.0, 0, 50.0, 0.0, 0.1], lr=5.000e-05
Epoch: 0 [9870/10000 (99%)] Loss: 25.96976 = L_Mnfld: 6.00628 + L_NonMnfld: 13.48025 + L_Nrml: 0.00000 + L_Eknl: 5.96561 + L_Div: 0.00000 + L_Morse: 0.51763
Epoch: 0 [9870/10000 (99%)] Unweighted L_s : L_Mnfld: 0.00086,  L_NonMnfld: 0.02247,  L_Nrml: 0.00000,  L_Eknl: 0.11931, L_Morse: 5.17627

Weights: [7000.0, 600.0, 0, 50.0, 0.0, 0.1], lr=5.000e-05
Epoch: 0 [9880/10000 (99%)] Loss: 25.89788 = L_Mnfld: 5.37898 + L_NonMnfld: 14.16027 + L_Nrml: 0.00000 + L_Eknl: 5.86731 + L_Div: 0.00000 + L_Morse: 0.49132
Epoch: 0 [9880/10000 (99%)] Unweighted L_s : L_Mnfld: 0.00077,  L_NonMnfld: 0.02360,  L_Nrml: 0.00000,  L_Eknl: 0.11735, L_Morse: 4.91316

Weights: [7000.0, 600.0, 0, 50.0, 0.0, 0.1], lr=5.000e-05
Epoch: 0 [9890/10000 (99%)] Loss: 24.50088 = L_Mnfld: 5.60888 + L_NonMnfld: 12.63597 + L_Nrml: 0.00000 + L_Eknl: 5.79811 + L_Div: 0.00000 + L_Morse: 0.45792
Epoch: 0 [9890/10000 (99%)] Unweighted L_s : L_Mnfld: 0.00080,  L_NonMnfld: 0.02106,  L_Nrml: 0.00000,  L_Eknl: 0.11596, L_Morse: 4.57921

Weights: [7000.0, 600.0, 0, 50.0, 0.0, 0.1], lr=5.000e-05
Epoch: 0 [9900/10000 (99%)] Loss: 24.69606 = L_Mnfld: 5.72287 + L_NonMnfld: 12.79222 + L_Nrml: 0.00000 + L_Eknl: 5.70195 + L_Div: 0.00000 + L_Morse: 0.47903
Epoch: 0 [9900/10000 (99%)] Unweighted L_s : L_Mnfld: 0.00082,  L_NonMnfld: 0.02132,  L_Nrml: 0.00000,  L_Eknl: 0.11404, L_Morse: 4.79031

Weights: [7000.0, 600.0, 0, 50.0, 0.0, 0.1], lr=5.000e-05
Epoch: 0 [9910/10000 (99%)] Loss: 25.39314 = L_Mnfld: 5.67942 + L_NonMnfld: 13.22797 + L_Nrml: 0.00000 + L_Eknl: 6.00820 + L_Div: 0.00000 + L_Morse: 0.47754
Epoch: 0 [9910/10000 (99%)] Unweighted L_s : L_Mnfld: 0.00081,  L_NonMnfld: 0.02205,  L_Nrml: 0.00000,  L_Eknl: 0.12016, L_Morse: 4.77544

Weights: [7000.0, 600.0, 0, 50.0, 0.0, 0.1], lr=5.000e-05
Epoch: 0 [9920/10000 (99%)] Loss: 26.48730 = L_Mnfld: 5.81862 + L_NonMnfld: 14.43363 + L_Nrml: 0.00000 + L_Eknl: 5.75109 + L_Div: 0.00000 + L_Morse: 0.48395
Epoch: 0 [9920/10000 (99%)] Unweighted L_s : L_Mnfld: 0.00083,  L_NonMnfld: 0.02406,  L_Nrml: 0.00000,  L_Eknl: 0.11502, L_Morse: 4.83954

Weights: [7000.0, 600.0, 0, 50.0, 0.0, 0.1], lr=5.000e-05
Epoch: 0 [9930/10000 (99%)] Loss: 25.50925 = L_Mnfld: 5.84604 + L_NonMnfld: 13.21452 + L_Nrml: 0.00000 + L_Eknl: 5.97209 + L_Div: 0.00000 + L_Morse: 0.47660
Epoch: 0 [9930/10000 (99%)] Unweighted L_s : L_Mnfld: 0.00084,  L_NonMnfld: 0.02202,  L_Nrml: 0.00000,  L_Eknl: 0.11944, L_Morse: 4.76595

Weights: [7000.0, 600.0, 0, 50.0, 0.0, 0.1], lr=5.000e-05
Epoch: 0 [9940/10000 (99%)] Loss: 26.61165 = L_Mnfld: 5.40503 + L_NonMnfld: 14.68959 + L_Nrml: 0.00000 + L_Eknl: 6.02369 + L_Div: 0.00000 + L_Morse: 0.49334
Epoch: 0 [9940/10000 (99%)] Unweighted L_s : L_Mnfld: 0.00077,  L_NonMnfld: 0.02448,  L_Nrml: 0.00000,  L_Eknl: 0.12047, L_Morse: 4.93344

Weights: [7000.0, 600.0, 0, 50.0, 0.0, 0.1], lr=5.000e-05
Epoch: 0 [9950/10000 (100%)] Loss: 25.62174 = L_Mnfld: 5.99047 + L_NonMnfld: 13.03040 + L_Nrml: 0.00000 + L_Eknl: 6.08440 + L_Div: 0.00000 + L_Morse: 0.51646
Epoch: 0 [9950/10000 (100%)] Unweighted L_s : L_Mnfld: 0.00086,  L_NonMnfld: 0.02172,  L_Nrml: 0.00000,  L_Eknl: 0.12169, L_Morse: 5.16464

Weights: [7000.0, 600.0, 0, 50.0, 0.0, 0.1], lr=5.000e-05
Epoch: 0 [9960/10000 (100%)] Loss: 24.53442 = L_Mnfld: 5.52121 + L_NonMnfld: 12.77360 + L_Nrml: 0.00000 + L_Eknl: 5.77067 + L_Div: 0.00000 + L_Morse: 0.46894
Epoch: 0 [9960/10000 (100%)] Unweighted L_s : L_Mnfld: 0.00079,  L_NonMnfld: 0.02129,  L_Nrml: 0.00000,  L_Eknl: 0.11541, L_Morse: 4.68937

Weights: [7000.0, 600.0, 0, 50.0, 0.0, 0.1], lr=5.000e-05
Epoch: 0 [9970/10000 (100%)] Loss: 25.15339 = L_Mnfld: 5.43176 + L_NonMnfld: 13.28886 + L_Nrml: 0.00000 + L_Eknl: 5.94352 + L_Div: 0.00000 + L_Morse: 0.48925
Epoch: 0 [9970/10000 (100%)] Unweighted L_s : L_Mnfld: 0.00078,  L_NonMnfld: 0.02215,  L_Nrml: 0.00000,  L_Eknl: 0.11887, L_Morse: 4.89254

Weights: [7000.0, 600.0, 0, 50.0, 0.0, 0.1], lr=5.000e-05
Epoch: 0 [9980/10000 (100%)] Loss: 25.37302 = L_Mnfld: 5.96519 + L_NonMnfld: 12.91345 + L_Nrml: 0.00000 + L_Eknl: 5.97770 + L_Div: 0.00000 + L_Morse: 0.51669
Epoch: 0 [9980/10000 (100%)] Unweighted L_s : L_Mnfld: 0.00085,  L_NonMnfld: 0.02152,  L_Nrml: 0.00000,  L_Eknl: 0.11955, L_Morse: 5.16695

Weights: [7000.0, 600.0, 0, 50.0, 0.0, 0.1], lr=5.000e-05
Epoch: 0 [9990/10000 (100%)] Loss: 25.33974 = L_Mnfld: 6.19713 + L_NonMnfld: 12.59401 + L_Nrml: 0.00000 + L_Eknl: 6.02434 + L_Div: 0.00000 + L_Morse: 0.52427
Epoch: 0 [9990/10000 (100%)] Unweighted L_s : L_Mnfld: 0.00089,  L_NonMnfld: 0.02099,  L_Nrml: 0.00000,  L_Eknl: 0.12049, L_Morse: 5.24270

