input params: 
Namespace(logdir='./new_log/CAD_CG_2025', model_name='model', seed=3627473, data_path='../../../ABC/00026543_5802efff48ac457ea1da27d7_trimesh_000.ply', mesh_dir='/home/runqiao/rotate_input/gt', n_samples=10000, n_points=10000, grid_res=128, nonmnfld_sample_type='gaussian', num_epochs=1, lr=5e-05, grad_clip_norm=10.0, batch_size=1, load_path=None, init_type='siren', decoder_hidden_dim=256, decoder_n_hidden_layers=4, latent_size=0, nl='sine', sphere_init_params=[1.6, 0.1], udf=False, output_any=True, loss_type='siren_wo_n_w_morse', decay_params=[10.0, 0.2, 10.0, 0.5, 0.1, 0.1], morse_type='l1', morse_decay='linear', loss_weights=[7000.0, 600.0, 100.0, 50.0, 0.0, 3.0], bidirectional_morse=False, morse_near=True, weight_for_morse=False, use_morse_nonmnfld_grad=False, use_relax_eikonal=False)
Number of parameters in the current model:264449
Weights: [7000.0, 600.0, 0, 50.0, 0.0, 3.0], lr=5.000e-05
Epoch: 0 [   0/10000 (0%)] Loss: 683.60040 = L_Mnfld: 629.68001 + L_NonMnfld: 0.46025 + L_Nrml: 0.00000 + L_Eknl: 34.69062 + L_Div: 0.00000 + L_Morse: 18.76954
Epoch: 0 [   0/10000 (0%)] Unweighted L_s : L_Mnfld: 0.08995,  L_NonMnfld: 0.00077,  L_Nrml: 0.00000,  L_Eknl: 0.69381, L_Morse: 6.25651

Weights: [7000.0, 600.0, 0, 50.0, 0.0, 10.0], lr=5.000e-05
Epoch: 0 [  10/10000 (0%)] Loss: 255.08130 = L_Mnfld: 61.06256 + L_NonMnfld: 119.88377 + L_Nrml: 0.00000 + L_Eknl: 39.00896 + L_Div: 0.00000 + L_Morse: 35.12601
Epoch: 0 [  10/10000 (0%)] Unweighted L_s : L_Mnfld: 0.00872,  L_NonMnfld: 0.19981,  L_Nrml: 0.00000,  L_Eknl: 0.78018, L_Morse: 3.51260

Weights: [7000.0, 600.0, 0, 50.0, 0.0, 10.0], lr=5.000e-05
Epoch: 0 [  20/10000 (0%)] Loss: 160.92206 = L_Mnfld: 60.51791 + L_NonMnfld: 34.54073 + L_Nrml: 0.00000 + L_Eknl: 38.12558 + L_Div: 0.00000 + L_Morse: 27.73784
Epoch: 0 [  20/10000 (0%)] Unweighted L_s : L_Mnfld: 0.00865,  L_NonMnfld: 0.05757,  L_Nrml: 0.00000,  L_Eknl: 0.76251, L_Morse: 2.77378

Weights: [7000.0, 600.0, 0, 50.0, 0.0, 10.0], lr=5.000e-05
Epoch: 0 [  30/10000 (0%)] Loss: 143.38910 = L_Mnfld: 34.28979 + L_NonMnfld: 51.13861 + L_Nrml: 0.00000 + L_Eknl: 36.94319 + L_Div: 0.00000 + L_Morse: 21.01751
Epoch: 0 [  30/10000 (0%)] Unweighted L_s : L_Mnfld: 0.00490,  L_NonMnfld: 0.08523,  L_Nrml: 0.00000,  L_Eknl: 0.73886, L_Morse: 2.10175

Weights: [7000.0, 600.0, 0, 50.0, 0.0, 10.0], lr=5.000e-05
Epoch: 0 [  40/10000 (0%)] Loss: 122.93665 = L_Mnfld: 37.75575 + L_NonMnfld: 33.19096 + L_Nrml: 0.00000 + L_Eknl: 35.50846 + L_Div: 0.00000 + L_Morse: 16.48148
Epoch: 0 [  40/10000 (0%)] Unweighted L_s : L_Mnfld: 0.00539,  L_NonMnfld: 0.05532,  L_Nrml: 0.00000,  L_Eknl: 0.71017, L_Morse: 1.64815

Weights: [7000.0, 600.0, 0, 50.0, 0.0, 10.0], lr=5.000e-05
Epoch: 0 [  50/10000 (0%)] Loss: 124.56031 = L_Mnfld: 30.78333 + L_NonMnfld: 45.16337 + L_Nrml: 0.00000 + L_Eknl: 34.11051 + L_Div: 0.00000 + L_Morse: 14.50310
Epoch: 0 [  50/10000 (0%)] Unweighted L_s : L_Mnfld: 0.00440,  L_NonMnfld: 0.07527,  L_Nrml: 0.00000,  L_Eknl: 0.68221, L_Morse: 1.45031

Weights: [7000.0, 600.0, 0, 50.0, 0.0, 10.0], lr=5.000e-05
Epoch: 0 [  60/10000 (1%)] Loss: 114.97340 = L_Mnfld: 36.66317 + L_NonMnfld: 31.96218 + L_Nrml: 0.00000 + L_Eknl: 32.46033 + L_Div: 0.00000 + L_Morse: 13.88772
Epoch: 0 [  60/10000 (1%)] Unweighted L_s : L_Mnfld: 0.00524,  L_NonMnfld: 0.05327,  L_Nrml: 0.00000,  L_Eknl: 0.64921, L_Morse: 1.38877

Weights: [7000.0, 600.0, 0, 50.0, 0.0, 10.0], lr=5.000e-05
Epoch: 0 [  70/10000 (1%)] Loss: 108.38899 = L_Mnfld: 29.11612 + L_NonMnfld: 35.31758 + L_Nrml: 0.00000 + L_Eknl: 31.19536 + L_Div: 0.00000 + L_Morse: 12.75994
Epoch: 0 [  70/10000 (1%)] Unweighted L_s : L_Mnfld: 0.00416,  L_NonMnfld: 0.05886,  L_Nrml: 0.00000,  L_Eknl: 0.62391, L_Morse: 1.27599

Weights: [7000.0, 600.0, 0, 50.0, 0.0, 10.0], lr=5.000e-05
Epoch: 0 [  80/10000 (1%)] Loss: 102.33930 = L_Mnfld: 30.61767 + L_NonMnfld: 28.53362 + L_Nrml: 0.00000 + L_Eknl: 29.64875 + L_Div: 0.00000 + L_Morse: 13.53927
Epoch: 0 [  80/10000 (1%)] Unweighted L_s : L_Mnfld: 0.00437,  L_NonMnfld: 0.04756,  L_Nrml: 0.00000,  L_Eknl: 0.59298, L_Morse: 1.35393

Weights: [7000.0, 600.0, 0, 50.0, 0.0, 10.0], lr=5.000e-05
Epoch: 0 [  90/10000 (1%)] Loss: 105.25328 = L_Mnfld: 29.61211 + L_NonMnfld: 34.18170 + L_Nrml: 0.00000 + L_Eknl: 28.18912 + L_Div: 0.00000 + L_Morse: 13.27035
Epoch: 0 [  90/10000 (1%)] Unweighted L_s : L_Mnfld: 0.00423,  L_NonMnfld: 0.05697,  L_Nrml: 0.00000,  L_Eknl: 0.56378, L_Morse: 1.32704

Weights: [7000.0, 600.0, 0, 50.0, 0.0, 10.0], lr=5.000e-05
Epoch: 0 [ 100/10000 (1%)] Loss: 96.97087 = L_Mnfld: 30.99197 + L_NonMnfld: 26.10557 + L_Nrml: 0.00000 + L_Eknl: 26.60126 + L_Div: 0.00000 + L_Morse: 13.27208
Epoch: 0 [ 100/10000 (1%)] Unweighted L_s : L_Mnfld: 0.00443,  L_NonMnfld: 0.04351,  L_Nrml: 0.00000,  L_Eknl: 0.53203, L_Morse: 1.32721

Weights: [7000.0, 600.0, 0, 50.0, 0.0, 10.0], lr=5.000e-05
Epoch: 0 [ 110/10000 (1%)] Loss: 101.22740 = L_Mnfld: 30.21123 + L_NonMnfld: 32.12131 + L_Nrml: 0.00000 + L_Eknl: 25.10469 + L_Div: 0.00000 + L_Morse: 13.79018
Epoch: 0 [ 110/10000 (1%)] Unweighted L_s : L_Mnfld: 0.00432,  L_NonMnfld: 0.05354,  L_Nrml: 0.00000,  L_Eknl: 0.50209, L_Morse: 1.37902

Weights: [7000.0, 600.0, 0, 50.0, 0.0, 10.0], lr=5.000e-05
Epoch: 0 [ 120/10000 (1%)] Loss: 96.42955 = L_Mnfld: 33.48546 + L_NonMnfld: 25.16939 + L_Nrml: 0.00000 + L_Eknl: 23.75632 + L_Div: 0.00000 + L_Morse: 14.01837
Epoch: 0 [ 120/10000 (1%)] Unweighted L_s : L_Mnfld: 0.00478,  L_NonMnfld: 0.04195,  L_Nrml: 0.00000,  L_Eknl: 0.47513, L_Morse: 1.40184

Weights: [7000.0, 600.0, 0, 50.0, 0.0, 10.0], lr=5.000e-05
Epoch: 0 [ 130/10000 (1%)] Loss: 94.98287 = L_Mnfld: 30.21176 + L_NonMnfld: 27.90071 + L_Nrml: 0.00000 + L_Eknl: 22.64364 + L_Div: 0.00000 + L_Morse: 14.22677
Epoch: 0 [ 130/10000 (1%)] Unweighted L_s : L_Mnfld: 0.00432,  L_NonMnfld: 0.04650,  L_Nrml: 0.00000,  L_Eknl: 0.45287, L_Morse: 1.42268

Weights: [7000.0, 600.0, 0, 50.0, 0.0, 10.0], lr=5.000e-05
Epoch: 0 [ 140/10000 (1%)] Loss: 92.92241 = L_Mnfld: 32.85888 + L_NonMnfld: 24.11713 + L_Nrml: 0.00000 + L_Eknl: 21.46251 + L_Div: 0.00000 + L_Morse: 14.48389
Epoch: 0 [ 140/10000 (1%)] Unweighted L_s : L_Mnfld: 0.00469,  L_NonMnfld: 0.04020,  L_Nrml: 0.00000,  L_Eknl: 0.42925, L_Morse: 1.44839

Weights: [7000.0, 600.0, 0, 50.0, 0.0, 10.0], lr=5.000e-05
Epoch: 0 [ 150/10000 (2%)] Loss: 90.62071 = L_Mnfld: 28.66397 + L_NonMnfld: 26.47210 + L_Nrml: 0.00000 + L_Eknl: 20.43612 + L_Div: 0.00000 + L_Morse: 15.04852
Epoch: 0 [ 150/10000 (2%)] Unweighted L_s : L_Mnfld: 0.00409,  L_NonMnfld: 0.04412,  L_Nrml: 0.00000,  L_Eknl: 0.40872, L_Morse: 1.50485

Weights: [7000.0, 600.0, 0, 50.0, 0.0, 10.0], lr=5.000e-05
Epoch: 0 [ 160/10000 (2%)] Loss: 90.32571 = L_Mnfld: 30.24416 + L_NonMnfld: 25.64728 + L_Nrml: 0.00000 + L_Eknl: 19.37990 + L_Div: 0.00000 + L_Morse: 15.05438
Epoch: 0 [ 160/10000 (2%)] Unweighted L_s : L_Mnfld: 0.00432,  L_NonMnfld: 0.04275,  L_Nrml: 0.00000,  L_Eknl: 0.38760, L_Morse: 1.50544

Weights: [7000.0, 600.0, 0, 50.0, 0.0, 10.0], lr=5.000e-05
Epoch: 0 [ 170/10000 (2%)] Loss: 86.94984 = L_Mnfld: 28.56489 + L_NonMnfld: 24.51723 + L_Nrml: 0.00000 + L_Eknl: 18.87131 + L_Div: 0.00000 + L_Morse: 14.99641
Epoch: 0 [ 170/10000 (2%)] Unweighted L_s : L_Mnfld: 0.00408,  L_NonMnfld: 0.04086,  L_Nrml: 0.00000,  L_Eknl: 0.37743, L_Morse: 1.49964

Weights: [7000.0, 600.0, 0, 50.0, 0.0, 10.0], lr=5.000e-05
Epoch: 0 [ 180/10000 (2%)] Loss: 86.53319 = L_Mnfld: 29.43602 + L_NonMnfld: 23.95874 + L_Nrml: 0.00000 + L_Eknl: 18.33378 + L_Div: 0.00000 + L_Morse: 14.80464
Epoch: 0 [ 180/10000 (2%)] Unweighted L_s : L_Mnfld: 0.00421,  L_NonMnfld: 0.03993,  L_Nrml: 0.00000,  L_Eknl: 0.36668, L_Morse: 1.48046

Weights: [7000.0, 600.0, 0, 50.0, 0.0, 10.0], lr=5.000e-05
Epoch: 0 [ 190/10000 (2%)] Loss: 83.39877 = L_Mnfld: 27.75753 + L_NonMnfld: 23.24997 + L_Nrml: 0.00000 + L_Eknl: 17.97298 + L_Div: 0.00000 + L_Morse: 14.41829
Epoch: 0 [ 190/10000 (2%)] Unweighted L_s : L_Mnfld: 0.00397,  L_NonMnfld: 0.03875,  L_Nrml: 0.00000,  L_Eknl: 0.35946, L_Morse: 1.44183

Weights: [7000.0, 600.0, 0, 50.0, 0.0, 10.0], lr=5.000e-05
Epoch: 0 [ 200/10000 (2%)] Loss: 82.91808 = L_Mnfld: 28.30263 + L_NonMnfld: 22.35821 + L_Nrml: 0.00000 + L_Eknl: 17.35930 + L_Div: 0.00000 + L_Morse: 14.89794
Epoch: 0 [ 200/10000 (2%)] Unweighted L_s : L_Mnfld: 0.00404,  L_NonMnfld: 0.03726,  L_Nrml: 0.00000,  L_Eknl: 0.34719, L_Morse: 1.48979

Weights: [7000.0, 600.0, 0, 50.0, 0.0, 10.0], lr=5.000e-05
Epoch: 0 [ 210/10000 (2%)] Loss: 82.55590 = L_Mnfld: 26.79663 + L_NonMnfld: 24.18591 + L_Nrml: 0.00000 + L_Eknl: 17.40232 + L_Div: 0.00000 + L_Morse: 14.17104
Epoch: 0 [ 210/10000 (2%)] Unweighted L_s : L_Mnfld: 0.00383,  L_NonMnfld: 0.04031,  L_Nrml: 0.00000,  L_Eknl: 0.34805, L_Morse: 1.41710

Weights: [7000.0, 600.0, 0, 50.0, 0.0, 10.0], lr=5.000e-05
Epoch: 0 [ 220/10000 (2%)] Loss: 79.33789 = L_Mnfld: 25.34746 + L_NonMnfld: 22.81386 + L_Nrml: 0.00000 + L_Eknl: 16.92056 + L_Div: 0.00000 + L_Morse: 14.25600
Epoch: 0 [ 220/10000 (2%)] Unweighted L_s : L_Mnfld: 0.00362,  L_NonMnfld: 0.03802,  L_Nrml: 0.00000,  L_Eknl: 0.33841, L_Morse: 1.42560

Weights: [7000.0, 600.0, 0, 50.0, 0.0, 10.0], lr=5.000e-05
Epoch: 0 [ 230/10000 (2%)] Loss: 77.30377 = L_Mnfld: 24.20097 + L_NonMnfld: 22.59541 + L_Nrml: 0.00000 + L_Eknl: 16.71753 + L_Div: 0.00000 + L_Morse: 13.78986
Epoch: 0 [ 230/10000 (2%)] Unweighted L_s : L_Mnfld: 0.00346,  L_NonMnfld: 0.03766,  L_Nrml: 0.00000,  L_Eknl: 0.33435, L_Morse: 1.37899

Weights: [7000.0, 600.0, 0, 50.0, 0.0, 10.0], lr=5.000e-05
Epoch: 0 [ 240/10000 (2%)] Loss: 78.50488 = L_Mnfld: 25.05141 + L_NonMnfld: 23.03553 + L_Nrml: 0.00000 + L_Eknl: 16.63201 + L_Div: 0.00000 + L_Morse: 13.78592
Epoch: 0 [ 240/10000 (2%)] Unweighted L_s : L_Mnfld: 0.00358,  L_NonMnfld: 0.03839,  L_Nrml: 0.00000,  L_Eknl: 0.33264, L_Morse: 1.37859

Weights: [7000.0, 600.0, 0, 50.0, 0.0, 10.0], lr=5.000e-05
Epoch: 0 [ 250/10000 (2%)] Loss: 75.67417 = L_Mnfld: 23.92598 + L_NonMnfld: 21.28796 + L_Nrml: 0.00000 + L_Eknl: 16.43555 + L_Div: 0.00000 + L_Morse: 14.02468
Epoch: 0 [ 250/10000 (2%)] Unweighted L_s : L_Mnfld: 0.00342,  L_NonMnfld: 0.03548,  L_Nrml: 0.00000,  L_Eknl: 0.32871, L_Morse: 1.40247

Weights: [7000.0, 600.0, 0, 50.0, 0.0, 10.0], lr=5.000e-05
Epoch: 0 [ 260/10000 (3%)] Loss: 75.21693 = L_Mnfld: 24.33761 + L_NonMnfld: 20.76295 + L_Nrml: 0.00000 + L_Eknl: 16.09957 + L_Div: 0.00000 + L_Morse: 14.01681
Epoch: 0 [ 260/10000 (3%)] Unweighted L_s : L_Mnfld: 0.00348,  L_NonMnfld: 0.03460,  L_Nrml: 0.00000,  L_Eknl: 0.32199, L_Morse: 1.40168

Weights: [7000.0, 600.0, 0, 50.0, 0.0, 10.0], lr=5.000e-05
Epoch: 0 [ 270/10000 (3%)] Loss: 73.74871 = L_Mnfld: 21.75644 + L_NonMnfld: 22.39217 + L_Nrml: 0.00000 + L_Eknl: 16.12395 + L_Div: 0.00000 + L_Morse: 13.47615
Epoch: 0 [ 270/10000 (3%)] Unweighted L_s : L_Mnfld: 0.00311,  L_NonMnfld: 0.03732,  L_Nrml: 0.00000,  L_Eknl: 0.32248, L_Morse: 1.34762

Weights: [7000.0, 600.0, 0, 50.0, 0.0, 10.0], lr=5.000e-05
Epoch: 0 [ 280/10000 (3%)] Loss: 73.95595 = L_Mnfld: 23.37110 + L_NonMnfld: 21.37801 + L_Nrml: 0.00000 + L_Eknl: 15.73193 + L_Div: 0.00000 + L_Morse: 13.47491
Epoch: 0 [ 280/10000 (3%)] Unweighted L_s : L_Mnfld: 0.00334,  L_NonMnfld: 0.03563,  L_Nrml: 0.00000,  L_Eknl: 0.31464, L_Morse: 1.34749

Weights: [7000.0, 600.0, 0, 50.0, 0.0, 10.0], lr=5.000e-05
Epoch: 0 [ 290/10000 (3%)] Loss: 73.33231 = L_Mnfld: 21.70291 + L_NonMnfld: 22.88220 + L_Nrml: 0.00000 + L_Eknl: 15.70407 + L_Div: 0.00000 + L_Morse: 13.04313
Epoch: 0 [ 290/10000 (3%)] Unweighted L_s : L_Mnfld: 0.00310,  L_NonMnfld: 0.03814,  L_Nrml: 0.00000,  L_Eknl: 0.31408, L_Morse: 1.30431

Weights: [7000.0, 600.0, 0, 50.0, 0.0, 10.0], lr=5.000e-05
Epoch: 0 [ 300/10000 (3%)] Loss: 71.27891 = L_Mnfld: 22.49599 + L_NonMnfld: 20.35488 + L_Nrml: 0.00000 + L_Eknl: 15.71259 + L_Div: 0.00000 + L_Morse: 12.71545
Epoch: 0 [ 300/10000 (3%)] Unweighted L_s : L_Mnfld: 0.00321,  L_NonMnfld: 0.03392,  L_Nrml: 0.00000,  L_Eknl: 0.31425, L_Morse: 1.27154

Weights: [7000.0, 600.0, 0, 50.0, 0.0, 10.0], lr=5.000e-05
Epoch: 0 [ 310/10000 (3%)] Loss: 72.63485 = L_Mnfld: 21.71123 + L_NonMnfld: 22.82388 + L_Nrml: 0.00000 + L_Eknl: 15.40035 + L_Div: 0.00000 + L_Morse: 12.69939
Epoch: 0 [ 310/10000 (3%)] Unweighted L_s : L_Mnfld: 0.00310,  L_NonMnfld: 0.03804,  L_Nrml: 0.00000,  L_Eknl: 0.30801, L_Morse: 1.26994

Weights: [7000.0, 600.0, 0, 50.0, 0.0, 10.0], lr=5.000e-05
Epoch: 0 [ 320/10000 (3%)] Loss: 71.06790 = L_Mnfld: 21.86547 + L_NonMnfld: 20.70586 + L_Nrml: 0.00000 + L_Eknl: 15.15026 + L_Div: 0.00000 + L_Morse: 13.34630
Epoch: 0 [ 320/10000 (3%)] Unweighted L_s : L_Mnfld: 0.00312,  L_NonMnfld: 0.03451,  L_Nrml: 0.00000,  L_Eknl: 0.30301, L_Morse: 1.33463

Weights: [7000.0, 600.0, 0, 50.0, 0.0, 10.0], lr=5.000e-05
Epoch: 0 [ 330/10000 (3%)] Loss: 71.98714 = L_Mnfld: 21.40879 + L_NonMnfld: 22.78904 + L_Nrml: 0.00000 + L_Eknl: 14.97435 + L_Div: 0.00000 + L_Morse: 12.81496
Epoch: 0 [ 330/10000 (3%)] Unweighted L_s : L_Mnfld: 0.00306,  L_NonMnfld: 0.03798,  L_Nrml: 0.00000,  L_Eknl: 0.29949, L_Morse: 1.28150

Weights: [7000.0, 600.0, 0, 50.0, 0.0, 10.0], lr=5.000e-05
Epoch: 0 [ 340/10000 (3%)] Loss: 71.41923 = L_Mnfld: 21.55472 + L_NonMnfld: 22.12329 + L_Nrml: 0.00000 + L_Eknl: 14.83497 + L_Div: 0.00000 + L_Morse: 12.90625
Epoch: 0 [ 340/10000 (3%)] Unweighted L_s : L_Mnfld: 0.00308,  L_NonMnfld: 0.03687,  L_Nrml: 0.00000,  L_Eknl: 0.29670, L_Morse: 1.29063

Weights: [7000.0, 600.0, 0, 50.0, 0.0, 10.0], lr=5.000e-05
Epoch: 0 [ 350/10000 (4%)] Loss: 70.64266 = L_Mnfld: 21.67689 + L_NonMnfld: 21.48624 + L_Nrml: 0.00000 + L_Eknl: 14.84212 + L_Div: 0.00000 + L_Morse: 12.63740
Epoch: 0 [ 350/10000 (4%)] Unweighted L_s : L_Mnfld: 0.00310,  L_NonMnfld: 0.03581,  L_Nrml: 0.00000,  L_Eknl: 0.29684, L_Morse: 1.26374

Weights: [7000.0, 600.0, 0, 50.0, 0.0, 10.0], lr=5.000e-05
Epoch: 0 [ 360/10000 (4%)] Loss: 73.74189 = L_Mnfld: 23.91395 + L_NonMnfld: 22.07042 + L_Nrml: 0.00000 + L_Eknl: 14.70814 + L_Div: 0.00000 + L_Morse: 13.04938
Epoch: 0 [ 360/10000 (4%)] Unweighted L_s : L_Mnfld: 0.00342,  L_NonMnfld: 0.03678,  L_Nrml: 0.00000,  L_Eknl: 0.29416, L_Morse: 1.30494

Weights: [7000.0, 600.0, 0, 50.0, 0.0, 10.0], lr=5.000e-05
Epoch: 0 [ 370/10000 (4%)] Loss: 69.62051 = L_Mnfld: 20.88089 + L_NonMnfld: 21.53043 + L_Nrml: 0.00000 + L_Eknl: 14.76762 + L_Div: 0.00000 + L_Morse: 12.44157
Epoch: 0 [ 370/10000 (4%)] Unweighted L_s : L_Mnfld: 0.00298,  L_NonMnfld: 0.03588,  L_Nrml: 0.00000,  L_Eknl: 0.29535, L_Morse: 1.24416

Weights: [7000.0, 600.0, 0, 50.0, 0.0, 10.0], lr=5.000e-05
Epoch: 0 [ 380/10000 (4%)] Loss: 69.42436 = L_Mnfld: 21.57996 + L_NonMnfld: 21.14207 + L_Nrml: 0.00000 + L_Eknl: 14.84049 + L_Div: 0.00000 + L_Morse: 11.86185
Epoch: 0 [ 380/10000 (4%)] Unweighted L_s : L_Mnfld: 0.00308,  L_NonMnfld: 0.03524,  L_Nrml: 0.00000,  L_Eknl: 0.29681, L_Morse: 1.18619

Weights: [7000.0, 600.0, 0, 50.0, 0.0, 10.0], lr=5.000e-05
Epoch: 0 [ 390/10000 (4%)] Loss: 67.38805 = L_Mnfld: 19.89772 + L_NonMnfld: 20.47910 + L_Nrml: 0.00000 + L_Eknl: 14.66569 + L_Div: 0.00000 + L_Morse: 12.34555
Epoch: 0 [ 390/10000 (4%)] Unweighted L_s : L_Mnfld: 0.00284,  L_NonMnfld: 0.03413,  L_Nrml: 0.00000,  L_Eknl: 0.29331, L_Morse: 1.23456

Weights: [7000.0, 600.0, 0, 50.0, 0.0, 10.0], lr=5.000e-05
Epoch: 0 [ 400/10000 (4%)] Loss: 67.15960 = L_Mnfld: 19.44664 + L_NonMnfld: 20.99889 + L_Nrml: 0.00000 + L_Eknl: 14.65528 + L_Div: 0.00000 + L_Morse: 12.05879
Epoch: 0 [ 400/10000 (4%)] Unweighted L_s : L_Mnfld: 0.00278,  L_NonMnfld: 0.03500,  L_Nrml: 0.00000,  L_Eknl: 0.29311, L_Morse: 1.20588

Weights: [7000.0, 600.0, 0, 50.0, 0.0, 10.0], lr=5.000e-05
Epoch: 0 [ 410/10000 (4%)] Loss: 66.80687 = L_Mnfld: 19.33593 + L_NonMnfld: 21.10037 + L_Nrml: 0.00000 + L_Eknl: 14.32511 + L_Div: 0.00000 + L_Morse: 12.04546
Epoch: 0 [ 410/10000 (4%)] Unweighted L_s : L_Mnfld: 0.00276,  L_NonMnfld: 0.03517,  L_Nrml: 0.00000,  L_Eknl: 0.28650, L_Morse: 1.20455

Weights: [7000.0, 600.0, 0, 50.0, 0.0, 10.0], lr=5.000e-05
Epoch: 0 [ 420/10000 (4%)] Loss: 70.40257 = L_Mnfld: 21.27812 + L_NonMnfld: 21.72213 + L_Nrml: 0.00000 + L_Eknl: 14.54299 + L_Div: 0.00000 + L_Morse: 12.85933
Epoch: 0 [ 420/10000 (4%)] Unweighted L_s : L_Mnfld: 0.00304,  L_NonMnfld: 0.03620,  L_Nrml: 0.00000,  L_Eknl: 0.29086, L_Morse: 1.28593

Weights: [7000.0, 600.0, 0, 50.0, 0.0, 10.0], lr=5.000e-05
Epoch: 0 [ 430/10000 (4%)] Loss: 66.71869 = L_Mnfld: 19.94004 + L_NonMnfld: 20.50743 + L_Nrml: 0.00000 + L_Eknl: 14.23495 + L_Div: 0.00000 + L_Morse: 12.03626
Epoch: 0 [ 430/10000 (4%)] Unweighted L_s : L_Mnfld: 0.00285,  L_NonMnfld: 0.03418,  L_Nrml: 0.00000,  L_Eknl: 0.28470, L_Morse: 1.20363

Weights: [7000.0, 600.0, 0, 50.0, 0.0, 10.0], lr=5.000e-05
Epoch: 0 [ 440/10000 (4%)] Loss: 68.31625 = L_Mnfld: 20.55040 + L_NonMnfld: 21.47749 + L_Nrml: 0.00000 + L_Eknl: 14.25240 + L_Div: 0.00000 + L_Morse: 12.03596
Epoch: 0 [ 440/10000 (4%)] Unweighted L_s : L_Mnfld: 0.00294,  L_NonMnfld: 0.03580,  L_Nrml: 0.00000,  L_Eknl: 0.28505, L_Morse: 1.20360

Weights: [7000.0, 600.0, 0, 50.0, 0.0, 10.0], lr=5.000e-05
Epoch: 0 [ 450/10000 (4%)] Loss: 64.79787 = L_Mnfld: 18.46572 + L_NonMnfld: 20.52229 + L_Nrml: 0.00000 + L_Eknl: 14.26422 + L_Div: 0.00000 + L_Morse: 11.54565
Epoch: 0 [ 450/10000 (4%)] Unweighted L_s : L_Mnfld: 0.00264,  L_NonMnfld: 0.03420,  L_Nrml: 0.00000,  L_Eknl: 0.28528, L_Morse: 1.15456

Weights: [7000.0, 600.0, 0, 50.0, 0.0, 10.0], lr=5.000e-05
Epoch: 0 [ 460/10000 (5%)] Loss: 66.66876 = L_Mnfld: 20.08597 + L_NonMnfld: 20.33558 + L_Nrml: 0.00000 + L_Eknl: 14.16974 + L_Div: 0.00000 + L_Morse: 12.07747
Epoch: 0 [ 460/10000 (5%)] Unweighted L_s : L_Mnfld: 0.00287,  L_NonMnfld: 0.03389,  L_Nrml: 0.00000,  L_Eknl: 0.28339, L_Morse: 1.20775

Weights: [7000.0, 600.0, 0, 50.0, 0.0, 10.0], lr=5.000e-05
Epoch: 0 [ 470/10000 (5%)] Loss: 64.57849 = L_Mnfld: 18.16810 + L_NonMnfld: 20.53871 + L_Nrml: 0.00000 + L_Eknl: 13.94425 + L_Div: 0.00000 + L_Morse: 11.92743
Epoch: 0 [ 470/10000 (5%)] Unweighted L_s : L_Mnfld: 0.00260,  L_NonMnfld: 0.03423,  L_Nrml: 0.00000,  L_Eknl: 0.27889, L_Morse: 1.19274

Weights: [7000.0, 600.0, 0, 50.0, 0.0, 10.0], lr=5.000e-05
Epoch: 0 [ 480/10000 (5%)] Loss: 64.32230 = L_Mnfld: 19.20808 + L_NonMnfld: 19.47840 + L_Nrml: 0.00000 + L_Eknl: 14.13883 + L_Div: 0.00000 + L_Morse: 11.49700
Epoch: 0 [ 480/10000 (5%)] Unweighted L_s : L_Mnfld: 0.00274,  L_NonMnfld: 0.03246,  L_Nrml: 0.00000,  L_Eknl: 0.28278, L_Morse: 1.14970

Weights: [7000.0, 600.0, 0, 50.0, 0.0, 10.0], lr=5.000e-05
Epoch: 0 [ 490/10000 (5%)] Loss: 62.57262 = L_Mnfld: 16.88055 + L_NonMnfld: 20.03456 + L_Nrml: 0.00000 + L_Eknl: 14.06137 + L_Div: 0.00000 + L_Morse: 11.59614
Epoch: 0 [ 490/10000 (5%)] Unweighted L_s : L_Mnfld: 0.00241,  L_NonMnfld: 0.03339,  L_Nrml: 0.00000,  L_Eknl: 0.28123, L_Morse: 1.15961

Weights: [7000.0, 600.0, 0, 50.0, 0.0, 10.0], lr=5.000e-05
Epoch: 0 [ 500/10000 (5%)] Loss: 62.39072 = L_Mnfld: 18.19780 + L_NonMnfld: 18.51008 + L_Nrml: 0.00000 + L_Eknl: 14.03903 + L_Div: 0.00000 + L_Morse: 11.64381
Epoch: 0 [ 500/10000 (5%)] Unweighted L_s : L_Mnfld: 0.00260,  L_NonMnfld: 0.03085,  L_Nrml: 0.00000,  L_Eknl: 0.28078, L_Morse: 1.16438

Weights: [7000.0, 600.0, 0, 50.0, 0.0, 10.0], lr=5.000e-05
Epoch: 0 [ 510/10000 (5%)] Loss: 62.06976 = L_Mnfld: 16.97878 + L_NonMnfld: 20.14928 + L_Nrml: 0.00000 + L_Eknl: 13.74601 + L_Div: 0.00000 + L_Morse: 11.19568
Epoch: 0 [ 510/10000 (5%)] Unweighted L_s : L_Mnfld: 0.00243,  L_NonMnfld: 0.03358,  L_Nrml: 0.00000,  L_Eknl: 0.27492, L_Morse: 1.11957

Weights: [7000.0, 600.0, 0, 50.0, 0.0, 10.0], lr=5.000e-05
Epoch: 0 [ 520/10000 (5%)] Loss: 61.03229 = L_Mnfld: 16.09877 + L_NonMnfld: 19.69967 + L_Nrml: 0.00000 + L_Eknl: 13.74958 + L_Div: 0.00000 + L_Morse: 11.48427
Epoch: 0 [ 520/10000 (5%)] Unweighted L_s : L_Mnfld: 0.00230,  L_NonMnfld: 0.03283,  L_Nrml: 0.00000,  L_Eknl: 0.27499, L_Morse: 1.14843

Weights: [7000.0, 600.0, 0, 50.0, 0.0, 10.0], lr=5.000e-05
Epoch: 0 [ 530/10000 (5%)] Loss: 60.25910 = L_Mnfld: 15.99727 + L_NonMnfld: 19.21193 + L_Nrml: 0.00000 + L_Eknl: 13.58656 + L_Div: 0.00000 + L_Morse: 11.46334
Epoch: 0 [ 530/10000 (5%)] Unweighted L_s : L_Mnfld: 0.00229,  L_NonMnfld: 0.03202,  L_Nrml: 0.00000,  L_Eknl: 0.27173, L_Morse: 1.14633

Weights: [7000.0, 600.0, 0, 50.0, 0.0, 10.0], lr=5.000e-05
Epoch: 0 [ 540/10000 (5%)] Loss: 62.85786 = L_Mnfld: 16.49558 + L_NonMnfld: 21.12981 + L_Nrml: 0.00000 + L_Eknl: 13.60475 + L_Div: 0.00000 + L_Morse: 11.62772
Epoch: 0 [ 540/10000 (5%)] Unweighted L_s : L_Mnfld: 0.00236,  L_NonMnfld: 0.03522,  L_Nrml: 0.00000,  L_Eknl: 0.27209, L_Morse: 1.16277

Weights: [7000.0, 600.0, 0, 50.0, 0.0, 10.0], lr=5.000e-05
Epoch: 0 [ 550/10000 (6%)] Loss: 61.72179 = L_Mnfld: 16.76221 + L_NonMnfld: 19.61615 + L_Nrml: 0.00000 + L_Eknl: 13.75334 + L_Div: 0.00000 + L_Morse: 11.59010
Epoch: 0 [ 550/10000 (6%)] Unweighted L_s : L_Mnfld: 0.00239,  L_NonMnfld: 0.03269,  L_Nrml: 0.00000,  L_Eknl: 0.27507, L_Morse: 1.15901

Weights: [7000.0, 600.0, 0, 50.0, 0.0, 10.0], lr=5.000e-05
Epoch: 0 [ 560/10000 (6%)] Loss: 61.93079 = L_Mnfld: 16.97176 + L_NonMnfld: 20.16898 + L_Nrml: 0.00000 + L_Eknl: 13.69470 + L_Div: 0.00000 + L_Morse: 11.09536
Epoch: 0 [ 560/10000 (6%)] Unweighted L_s : L_Mnfld: 0.00242,  L_NonMnfld: 0.03361,  L_Nrml: 0.00000,  L_Eknl: 0.27389, L_Morse: 1.10954

Weights: [7000.0, 600.0, 0, 50.0, 0.0, 10.0], lr=5.000e-05
Epoch: 0 [ 570/10000 (6%)] Loss: 61.81946 = L_Mnfld: 16.73634 + L_NonMnfld: 19.91599 + L_Nrml: 0.00000 + L_Eknl: 13.64873 + L_Div: 0.00000 + L_Morse: 11.51840
Epoch: 0 [ 570/10000 (6%)] Unweighted L_s : L_Mnfld: 0.00239,  L_NonMnfld: 0.03319,  L_Nrml: 0.00000,  L_Eknl: 0.27297, L_Morse: 1.15184

Weights: [7000.0, 600.0, 0, 50.0, 0.0, 10.0], lr=5.000e-05
Epoch: 0 [ 580/10000 (6%)] Loss: 63.93683 = L_Mnfld: 17.78851 + L_NonMnfld: 21.24266 + L_Nrml: 0.00000 + L_Eknl: 13.40715 + L_Div: 0.00000 + L_Morse: 11.49851
Epoch: 0 [ 580/10000 (6%)] Unweighted L_s : L_Mnfld: 0.00254,  L_NonMnfld: 0.03540,  L_Nrml: 0.00000,  L_Eknl: 0.26814, L_Morse: 1.14985

Weights: [7000.0, 600.0, 0, 50.0, 0.0, 10.0], lr=5.000e-05
Epoch: 0 [ 590/10000 (6%)] Loss: 62.80320 = L_Mnfld: 17.46507 + L_NonMnfld: 20.24734 + L_Nrml: 0.00000 + L_Eknl: 13.72840 + L_Div: 0.00000 + L_Morse: 11.36239
Epoch: 0 [ 590/10000 (6%)] Unweighted L_s : L_Mnfld: 0.00250,  L_NonMnfld: 0.03375,  L_Nrml: 0.00000,  L_Eknl: 0.27457, L_Morse: 1.13624

Weights: [7000.0, 600.0, 0, 50.0, 0.0, 10.0], lr=5.000e-05
Epoch: 0 [ 600/10000 (6%)] Loss: 63.45077 = L_Mnfld: 18.37406 + L_NonMnfld: 19.58294 + L_Nrml: 0.00000 + L_Eknl: 13.44472 + L_Div: 0.00000 + L_Morse: 12.04905
Epoch: 0 [ 600/10000 (6%)] Unweighted L_s : L_Mnfld: 0.00262,  L_NonMnfld: 0.03264,  L_Nrml: 0.00000,  L_Eknl: 0.26889, L_Morse: 1.20491

Weights: [7000.0, 600.0, 0, 50.0, 0.0, 10.0], lr=5.000e-05
Epoch: 0 [ 610/10000 (6%)] Loss: 60.81424 = L_Mnfld: 16.36250 + L_NonMnfld: 19.16620 + L_Nrml: 0.00000 + L_Eknl: 13.58287 + L_Div: 0.00000 + L_Morse: 11.70268
Epoch: 0 [ 610/10000 (6%)] Unweighted L_s : L_Mnfld: 0.00234,  L_NonMnfld: 0.03194,  L_Nrml: 0.00000,  L_Eknl: 0.27166, L_Morse: 1.17027

Weights: [7000.0, 600.0, 0, 50.0, 0.0, 10.0], lr=5.000e-05
Epoch: 0 [ 620/10000 (6%)] Loss: 62.36356 = L_Mnfld: 17.31510 + L_NonMnfld: 19.72398 + L_Nrml: 0.00000 + L_Eknl: 13.37362 + L_Div: 0.00000 + L_Morse: 11.95086
Epoch: 0 [ 620/10000 (6%)] Unweighted L_s : L_Mnfld: 0.00247,  L_NonMnfld: 0.03287,  L_Nrml: 0.00000,  L_Eknl: 0.26747, L_Morse: 1.19509

Weights: [7000.0, 600.0, 0, 50.0, 0.0, 10.0], lr=5.000e-05
Epoch: 0 [ 630/10000 (6%)] Loss: 61.56425 = L_Mnfld: 16.40174 + L_NonMnfld: 20.65816 + L_Nrml: 0.00000 + L_Eknl: 13.39712 + L_Div: 0.00000 + L_Morse: 11.10722
Epoch: 0 [ 630/10000 (6%)] Unweighted L_s : L_Mnfld: 0.00234,  L_NonMnfld: 0.03443,  L_Nrml: 0.00000,  L_Eknl: 0.26794, L_Morse: 1.11072

Weights: [7000.0, 600.0, 0, 50.0, 0.0, 10.0], lr=5.000e-05
Epoch: 0 [ 640/10000 (6%)] Loss: 58.80688 = L_Mnfld: 15.98234 + L_NonMnfld: 17.91999 + L_Nrml: 0.00000 + L_Eknl: 13.35745 + L_Div: 0.00000 + L_Morse: 11.54710
Epoch: 0 [ 640/10000 (6%)] Unweighted L_s : L_Mnfld: 0.00228,  L_NonMnfld: 0.02987,  L_Nrml: 0.00000,  L_Eknl: 0.26715, L_Morse: 1.15471

Weights: [7000.0, 600.0, 0, 50.0, 0.0, 10.0], lr=5.000e-05
Epoch: 0 [ 650/10000 (6%)] Loss: 60.59198 = L_Mnfld: 17.18828 + L_NonMnfld: 18.71298 + L_Nrml: 0.00000 + L_Eknl: 13.24276 + L_Div: 0.00000 + L_Morse: 11.44795
Epoch: 0 [ 650/10000 (6%)] Unweighted L_s : L_Mnfld: 0.00246,  L_NonMnfld: 0.03119,  L_Nrml: 0.00000,  L_Eknl: 0.26486, L_Morse: 1.14479

Weights: [7000.0, 600.0, 0, 50.0, 0.0, 10.0], lr=5.000e-05
Epoch: 0 [ 660/10000 (7%)] Loss: 63.78881 = L_Mnfld: 18.90474 + L_NonMnfld: 19.52386 + L_Nrml: 0.00000 + L_Eknl: 13.20583 + L_Div: 0.00000 + L_Morse: 12.15439
Epoch: 0 [ 660/10000 (7%)] Unweighted L_s : L_Mnfld: 0.00270,  L_NonMnfld: 0.03254,  L_Nrml: 0.00000,  L_Eknl: 0.26412, L_Morse: 1.21544

Weights: [7000.0, 600.0, 0, 50.0, 0.0, 10.0], lr=5.000e-05
Epoch: 0 [ 670/10000 (7%)] Loss: 64.79736 = L_Mnfld: 18.21534 + L_NonMnfld: 21.06762 + L_Nrml: 0.00000 + L_Eknl: 13.48098 + L_Div: 0.00000 + L_Morse: 12.03342
Epoch: 0 [ 670/10000 (7%)] Unweighted L_s : L_Mnfld: 0.00260,  L_NonMnfld: 0.03511,  L_Nrml: 0.00000,  L_Eknl: 0.26962, L_Morse: 1.20334

Weights: [7000.0, 600.0, 0, 50.0, 0.0, 10.0], lr=5.000e-05
Epoch: 0 [ 680/10000 (7%)] Loss: 63.85227 = L_Mnfld: 19.47051 + L_NonMnfld: 19.17079 + L_Nrml: 0.00000 + L_Eknl: 13.40518 + L_Div: 0.00000 + L_Morse: 11.80579
Epoch: 0 [ 680/10000 (7%)] Unweighted L_s : L_Mnfld: 0.00278,  L_NonMnfld: 0.03195,  L_Nrml: 0.00000,  L_Eknl: 0.26810, L_Morse: 1.18058

Weights: [7000.0, 600.0, 0, 50.0, 0.0, 10.0], lr=5.000e-05
Epoch: 0 [ 690/10000 (7%)] Loss: 62.05455 = L_Mnfld: 16.71318 + L_NonMnfld: 20.83782 + L_Nrml: 0.00000 + L_Eknl: 13.07700 + L_Div: 0.00000 + L_Morse: 11.42655
Epoch: 0 [ 690/10000 (7%)] Unweighted L_s : L_Mnfld: 0.00239,  L_NonMnfld: 0.03473,  L_Nrml: 0.00000,  L_Eknl: 0.26154, L_Morse: 1.14265

Weights: [7000.0, 600.0, 0, 50.0, 0.0, 10.0], lr=5.000e-05
Epoch: 0 [ 700/10000 (7%)] Loss: 61.36860 = L_Mnfld: 17.61294 + L_NonMnfld: 18.76764 + L_Nrml: 0.00000 + L_Eknl: 13.11518 + L_Div: 0.00000 + L_Morse: 11.87284
Epoch: 0 [ 700/10000 (7%)] Unweighted L_s : L_Mnfld: 0.00252,  L_NonMnfld: 0.03128,  L_Nrml: 0.00000,  L_Eknl: 0.26230, L_Morse: 1.18728

Weights: [7000.0, 600.0, 0, 50.0, 0.0, 10.0], lr=5.000e-05
Epoch: 0 [ 710/10000 (7%)] Loss: 59.28041 = L_Mnfld: 15.89419 + L_NonMnfld: 19.23869 + L_Nrml: 0.00000 + L_Eknl: 13.06373 + L_Div: 0.00000 + L_Morse: 11.08380
Epoch: 0 [ 710/10000 (7%)] Unweighted L_s : L_Mnfld: 0.00227,  L_NonMnfld: 0.03206,  L_Nrml: 0.00000,  L_Eknl: 0.26127, L_Morse: 1.10838

Weights: [7000.0, 600.0, 0, 50.0, 0.0, 10.0], lr=5.000e-05
Epoch: 0 [ 720/10000 (7%)] Loss: 58.76645 = L_Mnfld: 16.59161 + L_NonMnfld: 18.52748 + L_Nrml: 0.00000 + L_Eknl: 12.84048 + L_Div: 0.00000 + L_Morse: 10.80687
Epoch: 0 [ 720/10000 (7%)] Unweighted L_s : L_Mnfld: 0.00237,  L_NonMnfld: 0.03088,  L_Nrml: 0.00000,  L_Eknl: 0.25681, L_Morse: 1.08069

Weights: [7000.0, 600.0, 0, 50.0, 0.0, 10.0], lr=5.000e-05
Epoch: 0 [ 730/10000 (7%)] Loss: 56.94327 = L_Mnfld: 15.01563 + L_NonMnfld: 18.46595 + L_Nrml: 0.00000 + L_Eknl: 12.91113 + L_Div: 0.00000 + L_Morse: 10.55055
Epoch: 0 [ 730/10000 (7%)] Unweighted L_s : L_Mnfld: 0.00215,  L_NonMnfld: 0.03078,  L_Nrml: 0.00000,  L_Eknl: 0.25822, L_Morse: 1.05506

Weights: [7000.0, 600.0, 0, 50.0, 0.0, 10.0], lr=5.000e-05
Epoch: 0 [ 740/10000 (7%)] Loss: 58.49850 = L_Mnfld: 15.39043 + L_NonMnfld: 19.36009 + L_Nrml: 0.00000 + L_Eknl: 13.19410 + L_Div: 0.00000 + L_Morse: 10.55388
Epoch: 0 [ 740/10000 (7%)] Unweighted L_s : L_Mnfld: 0.00220,  L_NonMnfld: 0.03227,  L_Nrml: 0.00000,  L_Eknl: 0.26388, L_Morse: 1.05539

Weights: [7000.0, 600.0, 0, 50.0, 0.0, 10.0], lr=5.000e-05
Epoch: 0 [ 750/10000 (8%)] Loss: 58.74821 = L_Mnfld: 15.61857 + L_NonMnfld: 19.06062 + L_Nrml: 0.00000 + L_Eknl: 12.79347 + L_Div: 0.00000 + L_Morse: 11.27555
Epoch: 0 [ 750/10000 (8%)] Unweighted L_s : L_Mnfld: 0.00223,  L_NonMnfld: 0.03177,  L_Nrml: 0.00000,  L_Eknl: 0.25587, L_Morse: 1.12755

Weights: [7000.0, 600.0, 0, 50.0, 0.0, 10.0], lr=5.000e-05
Epoch: 0 [ 760/10000 (8%)] Loss: 63.99269 = L_Mnfld: 18.78586 + L_NonMnfld: 20.61220 + L_Nrml: 0.00000 + L_Eknl: 12.73322 + L_Div: 0.00000 + L_Morse: 11.86141
Epoch: 0 [ 760/10000 (8%)] Unweighted L_s : L_Mnfld: 0.00268,  L_NonMnfld: 0.03435,  L_Nrml: 0.00000,  L_Eknl: 0.25466, L_Morse: 1.18614

Weights: [7000.0, 600.0, 0, 50.0, 0.0, 10.0], lr=5.000e-05
Epoch: 0 [ 770/10000 (8%)] Loss: 62.17149 = L_Mnfld: 19.11180 + L_NonMnfld: 19.00950 + L_Nrml: 0.00000 + L_Eknl: 12.86328 + L_Div: 0.00000 + L_Morse: 11.18692
Epoch: 0 [ 770/10000 (8%)] Unweighted L_s : L_Mnfld: 0.00273,  L_NonMnfld: 0.03168,  L_Nrml: 0.00000,  L_Eknl: 0.25727, L_Morse: 1.11869

Weights: [7000.0, 600.0, 0, 50.0, 0.0, 10.0], lr=5.000e-05
Epoch: 0 [ 780/10000 (8%)] Loss: 60.81855 = L_Mnfld: 18.30765 + L_NonMnfld: 18.29454 + L_Nrml: 0.00000 + L_Eknl: 12.86208 + L_Div: 0.00000 + L_Morse: 11.35428
Epoch: 0 [ 780/10000 (8%)] Unweighted L_s : L_Mnfld: 0.00262,  L_NonMnfld: 0.03049,  L_Nrml: 0.00000,  L_Eknl: 0.25724, L_Morse: 1.13543

Weights: [7000.0, 600.0, 0, 50.0, 0.0, 10.0], lr=5.000e-05
Epoch: 0 [ 790/10000 (8%)] Loss: 60.43708 = L_Mnfld: 17.03614 + L_NonMnfld: 19.78543 + L_Nrml: 0.00000 + L_Eknl: 12.90253 + L_Div: 0.00000 + L_Morse: 10.71298
Epoch: 0 [ 790/10000 (8%)] Unweighted L_s : L_Mnfld: 0.00243,  L_NonMnfld: 0.03298,  L_Nrml: 0.00000,  L_Eknl: 0.25805, L_Morse: 1.07130

Weights: [7000.0, 600.0, 0, 50.0, 0.0, 10.0], lr=5.000e-05
Epoch: 0 [ 800/10000 (8%)] Loss: 58.35145 = L_Mnfld: 16.31878 + L_NonMnfld: 18.52943 + L_Nrml: 0.00000 + L_Eknl: 12.52364 + L_Div: 0.00000 + L_Morse: 10.97960
Epoch: 0 [ 800/10000 (8%)] Unweighted L_s : L_Mnfld: 0.00233,  L_NonMnfld: 0.03088,  L_Nrml: 0.00000,  L_Eknl: 0.25047, L_Morse: 1.09796

Weights: [7000.0, 600.0, 0, 50.0, 0.0, 10.0], lr=5.000e-05
Epoch: 0 [ 810/10000 (8%)] Loss: 55.68800 = L_Mnfld: 13.58041 + L_NonMnfld: 18.72616 + L_Nrml: 0.00000 + L_Eknl: 12.39681 + L_Div: 0.00000 + L_Morse: 10.98461
Epoch: 0 [ 810/10000 (8%)] Unweighted L_s : L_Mnfld: 0.00194,  L_NonMnfld: 0.03121,  L_Nrml: 0.00000,  L_Eknl: 0.24794, L_Morse: 1.09846

Weights: [7000.0, 600.0, 0, 50.0, 0.0, 10.0], lr=5.000e-05
Epoch: 0 [ 820/10000 (8%)] Loss: 62.00809 = L_Mnfld: 20.31093 + L_NonMnfld: 17.65660 + L_Nrml: 0.00000 + L_Eknl: 12.48381 + L_Div: 0.00000 + L_Morse: 11.55676
Epoch: 0 [ 820/10000 (8%)] Unweighted L_s : L_Mnfld: 0.00290,  L_NonMnfld: 0.02943,  L_Nrml: 0.00000,  L_Eknl: 0.24968, L_Morse: 1.15568

Weights: [7000.0, 600.0, 0, 50.0, 0.0, 10.0], lr=5.000e-05
Epoch: 0 [ 830/10000 (8%)] Loss: 63.20042 = L_Mnfld: 18.78978 + L_NonMnfld: 20.07077 + L_Nrml: 0.00000 + L_Eknl: 12.81728 + L_Div: 0.00000 + L_Morse: 11.52259
Epoch: 0 [ 830/10000 (8%)] Unweighted L_s : L_Mnfld: 0.00268,  L_NonMnfld: 0.03345,  L_Nrml: 0.00000,  L_Eknl: 0.25635, L_Morse: 1.15226

Weights: [7000.0, 600.0, 0, 50.0, 0.0, 10.0], lr=5.000e-05
Epoch: 0 [ 840/10000 (8%)] Loss: 59.87931 = L_Mnfld: 16.69061 + L_NonMnfld: 19.14162 + L_Nrml: 0.00000 + L_Eknl: 12.90468 + L_Div: 0.00000 + L_Morse: 11.14239
Epoch: 0 [ 840/10000 (8%)] Unweighted L_s : L_Mnfld: 0.00238,  L_NonMnfld: 0.03190,  L_Nrml: 0.00000,  L_Eknl: 0.25809, L_Morse: 1.11424

Weights: [7000.0, 600.0, 0, 50.0, 0.0, 10.0], lr=5.000e-05
Epoch: 0 [ 850/10000 (8%)] Loss: 59.29617 = L_Mnfld: 16.39547 + L_NonMnfld: 19.32786 + L_Nrml: 0.00000 + L_Eknl: 12.79225 + L_Div: 0.00000 + L_Morse: 10.78059
Epoch: 0 [ 850/10000 (8%)] Unweighted L_s : L_Mnfld: 0.00234,  L_NonMnfld: 0.03221,  L_Nrml: 0.00000,  L_Eknl: 0.25585, L_Morse: 1.07806

Weights: [7000.0, 600.0, 0, 50.0, 0.0, 10.0], lr=5.000e-05
Epoch: 0 [ 860/10000 (9%)] Loss: 57.27326 = L_Mnfld: 15.22526 + L_NonMnfld: 18.56894 + L_Nrml: 0.00000 + L_Eknl: 12.54155 + L_Div: 0.00000 + L_Morse: 10.93751
Epoch: 0 [ 860/10000 (9%)] Unweighted L_s : L_Mnfld: 0.00218,  L_NonMnfld: 0.03095,  L_Nrml: 0.00000,  L_Eknl: 0.25083, L_Morse: 1.09375

Weights: [7000.0, 600.0, 0, 50.0, 0.0, 10.0], lr=5.000e-05
Epoch: 0 [ 870/10000 (9%)] Loss: 57.33930 = L_Mnfld: 15.38942 + L_NonMnfld: 18.95177 + L_Nrml: 0.00000 + L_Eknl: 12.26030 + L_Div: 0.00000 + L_Morse: 10.73781
Epoch: 0 [ 870/10000 (9%)] Unweighted L_s : L_Mnfld: 0.00220,  L_NonMnfld: 0.03159,  L_Nrml: 0.00000,  L_Eknl: 0.24521, L_Morse: 1.07378

Weights: [7000.0, 600.0, 0, 50.0, 0.0, 10.0], lr=5.000e-05
Epoch: 0 [ 880/10000 (9%)] Loss: 56.50877 = L_Mnfld: 14.19138 + L_NonMnfld: 19.74269 + L_Nrml: 0.00000 + L_Eknl: 12.29516 + L_Div: 0.00000 + L_Morse: 10.27955
Epoch: 0 [ 880/10000 (9%)] Unweighted L_s : L_Mnfld: 0.00203,  L_NonMnfld: 0.03290,  L_Nrml: 0.00000,  L_Eknl: 0.24590, L_Morse: 1.02795

Weights: [7000.0, 600.0, 0, 50.0, 0.0, 10.0], lr=5.000e-05
Epoch: 0 [ 890/10000 (9%)] Loss: 56.97970 = L_Mnfld: 14.57493 + L_NonMnfld: 19.63277 + L_Nrml: 0.00000 + L_Eknl: 12.06906 + L_Div: 0.00000 + L_Morse: 10.70293
Epoch: 0 [ 890/10000 (9%)] Unweighted L_s : L_Mnfld: 0.00208,  L_NonMnfld: 0.03272,  L_Nrml: 0.00000,  L_Eknl: 0.24138, L_Morse: 1.07029

Weights: [7000.0, 600.0, 0, 50.0, 0.0, 10.0], lr=5.000e-05
Epoch: 0 [ 900/10000 (9%)] Loss: 57.00303 = L_Mnfld: 15.27944 + L_NonMnfld: 18.07048 + L_Nrml: 0.00000 + L_Eknl: 12.27516 + L_Div: 0.00000 + L_Morse: 11.37795
Epoch: 0 [ 900/10000 (9%)] Unweighted L_s : L_Mnfld: 0.00218,  L_NonMnfld: 0.03012,  L_Nrml: 0.00000,  L_Eknl: 0.24550, L_Morse: 1.13779

Weights: [7000.0, 600.0, 0, 50.0, 0.0, 10.0], lr=5.000e-05
Epoch: 0 [ 910/10000 (9%)] Loss: 55.11494 = L_Mnfld: 14.47239 + L_NonMnfld: 18.16607 + L_Nrml: 0.00000 + L_Eknl: 12.04940 + L_Div: 0.00000 + L_Morse: 10.42708
Epoch: 0 [ 910/10000 (9%)] Unweighted L_s : L_Mnfld: 0.00207,  L_NonMnfld: 0.03028,  L_Nrml: 0.00000,  L_Eknl: 0.24099, L_Morse: 1.04271

Weights: [7000.0, 600.0, 0, 50.0, 0.0, 10.0], lr=5.000e-05
Epoch: 0 [ 920/10000 (9%)] Loss: 53.54297 = L_Mnfld: 12.66156 + L_NonMnfld: 18.37277 + L_Nrml: 0.00000 + L_Eknl: 12.08628 + L_Div: 0.00000 + L_Morse: 10.42236
Epoch: 0 [ 920/10000 (9%)] Unweighted L_s : L_Mnfld: 0.00181,  L_NonMnfld: 0.03062,  L_Nrml: 0.00000,  L_Eknl: 0.24173, L_Morse: 1.04224

Weights: [7000.0, 600.0, 0, 50.0, 0.0, 10.0], lr=5.000e-05
Epoch: 0 [ 930/10000 (9%)] Loss: 54.46703 = L_Mnfld: 13.35195 + L_NonMnfld: 19.33757 + L_Nrml: 0.00000 + L_Eknl: 11.78164 + L_Div: 0.00000 + L_Morse: 9.99587
Epoch: 0 [ 930/10000 (9%)] Unweighted L_s : L_Mnfld: 0.00191,  L_NonMnfld: 0.03223,  L_Nrml: 0.00000,  L_Eknl: 0.23563, L_Morse: 0.99959

Weights: [7000.0, 600.0, 0, 50.0, 0.0, 10.0], lr=5.000e-05
Epoch: 0 [ 940/10000 (9%)] Loss: 52.62415 = L_Mnfld: 12.95719 + L_NonMnfld: 17.48577 + L_Nrml: 0.00000 + L_Eknl: 11.83911 + L_Div: 0.00000 + L_Morse: 10.34207
Epoch: 0 [ 940/10000 (9%)] Unweighted L_s : L_Mnfld: 0.00185,  L_NonMnfld: 0.02914,  L_Nrml: 0.00000,  L_Eknl: 0.23678, L_Morse: 1.03421

Weights: [7000.0, 600.0, 0, 50.0, 0.0, 10.0], lr=5.000e-05
Epoch: 0 [ 950/10000 (10%)] Loss: 52.89518 = L_Mnfld: 12.67450 + L_NonMnfld: 17.79414 + L_Nrml: 0.00000 + L_Eknl: 11.72467 + L_Div: 0.00000 + L_Morse: 10.70187
Epoch: 0 [ 950/10000 (10%)] Unweighted L_s : L_Mnfld: 0.00181,  L_NonMnfld: 0.02966,  L_Nrml: 0.00000,  L_Eknl: 0.23449, L_Morse: 1.07019

Weights: [7000.0, 600.0, 0, 50.0, 0.0, 10.0], lr=5.000e-05
Epoch: 0 [ 960/10000 (10%)] Loss: 55.56461 = L_Mnfld: 14.24778 + L_NonMnfld: 18.61299 + L_Nrml: 0.00000 + L_Eknl: 11.74330 + L_Div: 0.00000 + L_Morse: 10.96055
Epoch: 0 [ 960/10000 (10%)] Unweighted L_s : L_Mnfld: 0.00204,  L_NonMnfld: 0.03102,  L_Nrml: 0.00000,  L_Eknl: 0.23487, L_Morse: 1.09605

Weights: [7000.0, 600.0, 0, 50.0, 0.0, 10.0], lr=5.000e-05
Epoch: 0 [ 970/10000 (10%)] Loss: 51.12131 = L_Mnfld: 12.54495 + L_NonMnfld: 16.81637 + L_Nrml: 0.00000 + L_Eknl: 11.40323 + L_Div: 0.00000 + L_Morse: 10.35675
Epoch: 0 [ 970/10000 (10%)] Unweighted L_s : L_Mnfld: 0.00179,  L_NonMnfld: 0.02803,  L_Nrml: 0.00000,  L_Eknl: 0.22806, L_Morse: 1.03568

Weights: [7000.0, 600.0, 0, 50.0, 0.0, 10.0], lr=5.000e-05
Epoch: 0 [ 980/10000 (10%)] Loss: 53.33179 = L_Mnfld: 12.49003 + L_NonMnfld: 18.96383 + L_Nrml: 0.00000 + L_Eknl: 11.38373 + L_Div: 0.00000 + L_Morse: 10.49420
Epoch: 0 [ 980/10000 (10%)] Unweighted L_s : L_Mnfld: 0.00178,  L_NonMnfld: 0.03161,  L_Nrml: 0.00000,  L_Eknl: 0.22767, L_Morse: 1.04942

Weights: [7000.0, 600.0, 0, 50.0, 0.0, 10.0], lr=5.000e-05
Epoch: 0 [ 990/10000 (10%)] Loss: 52.68979 = L_Mnfld: 12.10350 + L_NonMnfld: 19.36476 + L_Nrml: 0.00000 + L_Eknl: 11.26166 + L_Div: 0.00000 + L_Morse: 9.95986
Epoch: 0 [ 990/10000 (10%)] Unweighted L_s : L_Mnfld: 0.00173,  L_NonMnfld: 0.03227,  L_Nrml: 0.00000,  L_Eknl: 0.22523, L_Morse: 0.99599

Weights: [7000.0, 600.0, 0, 50.0, 0.0, 10.0], lr=5.000e-05
Epoch: 0 [1000/10000 (10%)] Loss: 53.81885 = L_Mnfld: 12.46282 + L_NonMnfld: 19.75672 + L_Nrml: 0.00000 + L_Eknl: 11.17767 + L_Div: 0.00000 + L_Morse: 10.42165
Epoch: 0 [1000/10000 (10%)] Unweighted L_s : L_Mnfld: 0.00178,  L_NonMnfld: 0.03293,  L_Nrml: 0.00000,  L_Eknl: 0.22355, L_Morse: 1.04217

Weights: [7000.0, 600.0, 0, 50.0, 0.0, 10.0], lr=5.000e-05
Epoch: 0 [1010/10000 (10%)] Loss: 52.03502 = L_Mnfld: 12.32793 + L_NonMnfld: 18.23669 + L_Nrml: 0.00000 + L_Eknl: 11.12551 + L_Div: 0.00000 + L_Morse: 10.34488
Epoch: 0 [1010/10000 (10%)] Unweighted L_s : L_Mnfld: 0.00176,  L_NonMnfld: 0.03039,  L_Nrml: 0.00000,  L_Eknl: 0.22251, L_Morse: 1.03449

Weights: [7000.0, 600.0, 0, 50.0, 0.0, 10.0], lr=5.000e-05
Epoch: 0 [1020/10000 (10%)] Loss: 52.16366 = L_Mnfld: 12.90854 + L_NonMnfld: 17.48171 + L_Nrml: 0.00000 + L_Eknl: 11.07714 + L_Div: 0.00000 + L_Morse: 10.69627
Epoch: 0 [1020/10000 (10%)] Unweighted L_s : L_Mnfld: 0.00184,  L_NonMnfld: 0.02914,  L_Nrml: 0.00000,  L_Eknl: 0.22154, L_Morse: 1.06963

Weights: [7000.0, 600.0, 0, 50.0, 0.0, 10.0], lr=5.000e-05
Epoch: 0 [1030/10000 (10%)] Loss: 51.76316 = L_Mnfld: 11.70909 + L_NonMnfld: 19.14944 + L_Nrml: 0.00000 + L_Eknl: 11.07535 + L_Div: 0.00000 + L_Morse: 9.82927
Epoch: 0 [1030/10000 (10%)] Unweighted L_s : L_Mnfld: 0.00167,  L_NonMnfld: 0.03192,  L_Nrml: 0.00000,  L_Eknl: 0.22151, L_Morse: 0.98293

Weights: [7000.0, 600.0, 0, 50.0, 0.0, 10.0], lr=5.000e-05
Epoch: 0 [1040/10000 (10%)] Loss: 52.64749 = L_Mnfld: 12.65120 + L_NonMnfld: 18.63615 + L_Nrml: 0.00000 + L_Eknl: 11.29203 + L_Div: 0.00000 + L_Morse: 10.06811
Epoch: 0 [1040/10000 (10%)] Unweighted L_s : L_Mnfld: 0.00181,  L_NonMnfld: 0.03106,  L_Nrml: 0.00000,  L_Eknl: 0.22584, L_Morse: 1.00681

Weights: [7000.0, 600.0, 0, 50.0, 0.0, 10.0], lr=5.000e-05
Epoch: 0 [1050/10000 (10%)] Loss: 51.63195 = L_Mnfld: 12.32588 + L_NonMnfld: 18.06249 + L_Nrml: 0.00000 + L_Eknl: 11.07249 + L_Div: 0.00000 + L_Morse: 10.17109
Epoch: 0 [1050/10000 (10%)] Unweighted L_s : L_Mnfld: 0.00176,  L_NonMnfld: 0.03010,  L_Nrml: 0.00000,  L_Eknl: 0.22145, L_Morse: 1.01711

Weights: [7000.0, 600.0, 0, 50.0, 0.0, 10.0], lr=5.000e-05
Epoch: 0 [1060/10000 (11%)] Loss: 52.20030 = L_Mnfld: 13.10707 + L_NonMnfld: 17.80840 + L_Nrml: 0.00000 + L_Eknl: 11.14565 + L_Div: 0.00000 + L_Morse: 10.13919
Epoch: 0 [1060/10000 (11%)] Unweighted L_s : L_Mnfld: 0.00187,  L_NonMnfld: 0.02968,  L_Nrml: 0.00000,  L_Eknl: 0.22291, L_Morse: 1.01392

Weights: [7000.0, 600.0, 0, 50.0, 0.0, 10.0], lr=5.000e-05
Epoch: 0 [1070/10000 (11%)] Loss: 53.01839 = L_Mnfld: 12.92207 + L_NonMnfld: 18.70183 + L_Nrml: 0.00000 + L_Eknl: 11.03767 + L_Div: 0.00000 + L_Morse: 10.35682
Epoch: 0 [1070/10000 (11%)] Unweighted L_s : L_Mnfld: 0.00185,  L_NonMnfld: 0.03117,  L_Nrml: 0.00000,  L_Eknl: 0.22075, L_Morse: 1.03568

Weights: [7000.0, 600.0, 0, 50.0, 0.0, 10.0], lr=5.000e-05
Epoch: 0 [1080/10000 (11%)] Loss: 52.01579 = L_Mnfld: 12.38937 + L_NonMnfld: 18.45077 + L_Nrml: 0.00000 + L_Eknl: 11.05392 + L_Div: 0.00000 + L_Morse: 10.12172
Epoch: 0 [1080/10000 (11%)] Unweighted L_s : L_Mnfld: 0.00177,  L_NonMnfld: 0.03075,  L_Nrml: 0.00000,  L_Eknl: 0.22108, L_Morse: 1.01217

Weights: [7000.0, 600.0, 0, 50.0, 0.0, 10.0], lr=5.000e-05
Epoch: 0 [1090/10000 (11%)] Loss: 51.84145 = L_Mnfld: 12.76514 + L_NonMnfld: 18.11526 + L_Nrml: 0.00000 + L_Eknl: 11.01512 + L_Div: 0.00000 + L_Morse: 9.94593
Epoch: 0 [1090/10000 (11%)] Unweighted L_s : L_Mnfld: 0.00182,  L_NonMnfld: 0.03019,  L_Nrml: 0.00000,  L_Eknl: 0.22030, L_Morse: 0.99459

Weights: [7000.0, 600.0, 0, 50.0, 0.0, 10.0], lr=5.000e-05
Epoch: 0 [1100/10000 (11%)] Loss: 51.92846 = L_Mnfld: 12.70326 + L_NonMnfld: 18.18337 + L_Nrml: 0.00000 + L_Eknl: 10.90272 + L_Div: 0.00000 + L_Morse: 10.13911
Epoch: 0 [1100/10000 (11%)] Unweighted L_s : L_Mnfld: 0.00181,  L_NonMnfld: 0.03031,  L_Nrml: 0.00000,  L_Eknl: 0.21805, L_Morse: 1.01391

Weights: [7000.0, 600.0, 0, 50.0, 0.0, 10.0], lr=5.000e-05
Epoch: 0 [1110/10000 (11%)] Loss: 51.55850 = L_Mnfld: 12.50180 + L_NonMnfld: 18.30932 + L_Nrml: 0.00000 + L_Eknl: 10.91484 + L_Div: 0.00000 + L_Morse: 9.83254
Epoch: 0 [1110/10000 (11%)] Unweighted L_s : L_Mnfld: 0.00179,  L_NonMnfld: 0.03052,  L_Nrml: 0.00000,  L_Eknl: 0.21830, L_Morse: 0.98325

Weights: [7000.0, 600.0, 0, 50.0, 0.0, 10.0], lr=5.000e-05
Epoch: 0 [1120/10000 (11%)] Loss: 50.90594 = L_Mnfld: 11.56203 + L_NonMnfld: 18.17975 + L_Nrml: 0.00000 + L_Eknl: 10.95999 + L_Div: 0.00000 + L_Morse: 10.20417
Epoch: 0 [1120/10000 (11%)] Unweighted L_s : L_Mnfld: 0.00165,  L_NonMnfld: 0.03030,  L_Nrml: 0.00000,  L_Eknl: 0.21920, L_Morse: 1.02042

Weights: [7000.0, 600.0, 0, 50.0, 0.0, 10.0], lr=5.000e-05
Epoch: 0 [1130/10000 (11%)] Loss: 51.76345 = L_Mnfld: 12.94757 + L_NonMnfld: 17.71347 + L_Nrml: 0.00000 + L_Eknl: 10.92763 + L_Div: 0.00000 + L_Morse: 10.17478
Epoch: 0 [1130/10000 (11%)] Unweighted L_s : L_Mnfld: 0.00185,  L_NonMnfld: 0.02952,  L_Nrml: 0.00000,  L_Eknl: 0.21855, L_Morse: 1.01748

Weights: [7000.0, 600.0, 0, 50.0, 0.0, 10.0], lr=5.000e-05
Epoch: 0 [1140/10000 (11%)] Loss: 55.34319 = L_Mnfld: 14.62471 + L_NonMnfld: 19.41225 + L_Nrml: 0.00000 + L_Eknl: 11.30138 + L_Div: 0.00000 + L_Morse: 10.00485
Epoch: 0 [1140/10000 (11%)] Unweighted L_s : L_Mnfld: 0.00209,  L_NonMnfld: 0.03235,  L_Nrml: 0.00000,  L_Eknl: 0.22603, L_Morse: 1.00048

Weights: [7000.0, 600.0, 0, 50.0, 0.0, 10.0], lr=5.000e-05
Epoch: 0 [1150/10000 (12%)] Loss: 56.86858 = L_Mnfld: 17.41035 + L_NonMnfld: 17.66871 + L_Nrml: 0.00000 + L_Eknl: 11.20925 + L_Div: 0.00000 + L_Morse: 10.58028
Epoch: 0 [1150/10000 (12%)] Unweighted L_s : L_Mnfld: 0.00249,  L_NonMnfld: 0.02945,  L_Nrml: 0.00000,  L_Eknl: 0.22419, L_Morse: 1.05803

Weights: [7000.0, 600.0, 0, 50.0, 0.0, 10.0], lr=5.000e-05
Epoch: 0 [1160/10000 (12%)] Loss: 71.32222 = L_Mnfld: 26.69021 + L_NonMnfld: 19.36842 + L_Nrml: 0.00000 + L_Eknl: 13.08660 + L_Div: 0.00000 + L_Morse: 12.17698
Epoch: 0 [1160/10000 (12%)] Unweighted L_s : L_Mnfld: 0.00381,  L_NonMnfld: 0.03228,  L_Nrml: 0.00000,  L_Eknl: 0.26173, L_Morse: 1.21770

Weights: [7000.0, 600.0, 0, 50.0, 0.0, 10.0], lr=5.000e-05
Epoch: 0 [1170/10000 (12%)] Loss: 73.39436 = L_Mnfld: 27.44856 + L_NonMnfld: 18.49131 + L_Nrml: 0.00000 + L_Eknl: 13.54509 + L_Div: 0.00000 + L_Morse: 13.90940
Epoch: 0 [1170/10000 (12%)] Unweighted L_s : L_Mnfld: 0.00392,  L_NonMnfld: 0.03082,  L_Nrml: 0.00000,  L_Eknl: 0.27090, L_Morse: 1.39094

Weights: [7000.0, 600.0, 0, 50.0, 0.0, 10.0], lr=5.000e-05
Epoch: 0 [1180/10000 (12%)] Loss: 69.90950 = L_Mnfld: 24.25657 + L_NonMnfld: 18.83119 + L_Nrml: 0.00000 + L_Eknl: 12.71927 + L_Div: 0.00000 + L_Morse: 14.10247
Epoch: 0 [1180/10000 (12%)] Unweighted L_s : L_Mnfld: 0.00347,  L_NonMnfld: 0.03139,  L_Nrml: 0.00000,  L_Eknl: 0.25439, L_Morse: 1.41025

Weights: [7000.0, 600.0, 0, 50.0, 0.0, 10.0], lr=5.000e-05
Epoch: 0 [1190/10000 (12%)] Loss: 68.54931 = L_Mnfld: 23.83906 + L_NonMnfld: 18.55432 + L_Nrml: 0.00000 + L_Eknl: 13.36264 + L_Div: 0.00000 + L_Morse: 12.79329
Epoch: 0 [1190/10000 (12%)] Unweighted L_s : L_Mnfld: 0.00341,  L_NonMnfld: 0.03092,  L_Nrml: 0.00000,  L_Eknl: 0.26725, L_Morse: 1.27933

Weights: [7000.0, 600.0, 0, 50.0, 0.0, 10.0], lr=5.000e-05
Epoch: 0 [1200/10000 (12%)] Loss: 76.86559 = L_Mnfld: 33.59274 + L_NonMnfld: 18.26136 + L_Nrml: 0.00000 + L_Eknl: 12.85734 + L_Div: 0.00000 + L_Morse: 12.15415
Epoch: 0 [1200/10000 (12%)] Unweighted L_s : L_Mnfld: 0.00480,  L_NonMnfld: 0.03044,  L_Nrml: 0.00000,  L_Eknl: 0.25715, L_Morse: 1.21541

Weights: [7000.0, 600.0, 0, 50.0, 0.0, 10.0], lr=5.000e-05
Epoch: 0 [1210/10000 (12%)] Loss: 66.96393 = L_Mnfld: 21.55576 + L_NonMnfld: 19.46286 + L_Nrml: 0.00000 + L_Eknl: 13.16138 + L_Div: 0.00000 + L_Morse: 12.78394
Epoch: 0 [1210/10000 (12%)] Unweighted L_s : L_Mnfld: 0.00308,  L_NonMnfld: 0.03244,  L_Nrml: 0.00000,  L_Eknl: 0.26323, L_Morse: 1.27839

Weights: [7000.0, 600.0, 0, 50.0, 0.0, 10.0], lr=5.000e-05
Epoch: 0 [1220/10000 (12%)] Loss: 65.50565 = L_Mnfld: 22.11521 + L_NonMnfld: 18.10573 + L_Nrml: 0.00000 + L_Eknl: 13.34817 + L_Div: 0.00000 + L_Morse: 11.93653
Epoch: 0 [1220/10000 (12%)] Unweighted L_s : L_Mnfld: 0.00316,  L_NonMnfld: 0.03018,  L_Nrml: 0.00000,  L_Eknl: 0.26696, L_Morse: 1.19365

Weights: [7000.0, 600.0, 0, 50.0, 0.0, 10.0], lr=5.000e-05
Epoch: 0 [1230/10000 (12%)] Loss: 80.48038 = L_Mnfld: 35.74181 + L_NonMnfld: 19.45595 + L_Nrml: 0.00000 + L_Eknl: 13.82473 + L_Div: 0.00000 + L_Morse: 11.45789
Epoch: 0 [1230/10000 (12%)] Unweighted L_s : L_Mnfld: 0.00511,  L_NonMnfld: 0.03243,  L_Nrml: 0.00000,  L_Eknl: 0.27649, L_Morse: 1.14579

Weights: [7000.0, 600.0, 0, 50.0, 0.0, 10.0], lr=5.000e-05
Epoch: 0 [1240/10000 (12%)] Loss: 72.47516 = L_Mnfld: 29.76724 + L_NonMnfld: 17.93990 + L_Nrml: 0.00000 + L_Eknl: 13.25592 + L_Div: 0.00000 + L_Morse: 11.51209
Epoch: 0 [1240/10000 (12%)] Unweighted L_s : L_Mnfld: 0.00425,  L_NonMnfld: 0.02990,  L_Nrml: 0.00000,  L_Eknl: 0.26512, L_Morse: 1.15121

Weights: [7000.0, 600.0, 0, 50.0, 0.0, 10.0], lr=5.000e-05
Epoch: 0 [1250/10000 (12%)] Loss: 71.97721 = L_Mnfld: 29.62871 + L_NonMnfld: 18.46819 + L_Nrml: 0.00000 + L_Eknl: 12.78747 + L_Div: 0.00000 + L_Morse: 11.09284
Epoch: 0 [1250/10000 (12%)] Unweighted L_s : L_Mnfld: 0.00423,  L_NonMnfld: 0.03078,  L_Nrml: 0.00000,  L_Eknl: 0.25575, L_Morse: 1.10928

Weights: [7000.0, 600.0, 0, 50.0, 0.0, 10.0], lr=5.000e-05
Epoch: 0 [1260/10000 (13%)] Loss: 72.73153 = L_Mnfld: 28.71790 + L_NonMnfld: 19.59505 + L_Nrml: 0.00000 + L_Eknl: 13.59715 + L_Div: 0.00000 + L_Morse: 10.82143
Epoch: 0 [1260/10000 (13%)] Unweighted L_s : L_Mnfld: 0.00410,  L_NonMnfld: 0.03266,  L_Nrml: 0.00000,  L_Eknl: 0.27194, L_Morse: 1.08214

Weights: [7000.0, 600.0, 0, 50.0, 0.0, 10.0], lr=5.000e-05
Epoch: 0 [1270/10000 (13%)] Loss: 55.86201 = L_Mnfld: 15.62572 + L_NonMnfld: 17.54317 + L_Nrml: 0.00000 + L_Eknl: 12.70222 + L_Div: 0.00000 + L_Morse: 9.99089
Epoch: 0 [1270/10000 (13%)] Unweighted L_s : L_Mnfld: 0.00223,  L_NonMnfld: 0.02924,  L_Nrml: 0.00000,  L_Eknl: 0.25404, L_Morse: 0.99909

Weights: [7000.0, 600.0, 0, 50.0, 0.0, 10.0], lr=5.000e-05
Epoch: 0 [1280/10000 (13%)] Loss: 58.77653 = L_Mnfld: 18.29907 + L_NonMnfld: 18.04827 + L_Nrml: 0.00000 + L_Eknl: 12.20488 + L_Div: 0.00000 + L_Morse: 10.22430
Epoch: 0 [1280/10000 (13%)] Unweighted L_s : L_Mnfld: 0.00261,  L_NonMnfld: 0.03008,  L_Nrml: 0.00000,  L_Eknl: 0.24410, L_Morse: 1.02243

Weights: [7000.0, 600.0, 0, 50.0, 0.0, 10.0], lr=5.000e-05
Epoch: 0 [1290/10000 (13%)] Loss: 58.64185 = L_Mnfld: 20.02579 + L_NonMnfld: 17.42749 + L_Nrml: 0.00000 + L_Eknl: 11.93809 + L_Div: 0.00000 + L_Morse: 9.25049
Epoch: 0 [1290/10000 (13%)] Unweighted L_s : L_Mnfld: 0.00286,  L_NonMnfld: 0.02905,  L_Nrml: 0.00000,  L_Eknl: 0.23876, L_Morse: 0.92505

Weights: [7000.0, 600.0, 0, 50.0, 0.0, 10.0], lr=5.000e-05
Epoch: 0 [1300/10000 (13%)] Loss: 53.77335 = L_Mnfld: 14.18558 + L_NonMnfld: 17.91329 + L_Nrml: 0.00000 + L_Eknl: 11.83630 + L_Div: 0.00000 + L_Morse: 9.83818
Epoch: 0 [1300/10000 (13%)] Unweighted L_s : L_Mnfld: 0.00203,  L_NonMnfld: 0.02986,  L_Nrml: 0.00000,  L_Eknl: 0.23673, L_Morse: 0.98382

Weights: [7000.0, 600.0, 0, 50.0, 0.0, 10.0], lr=5.000e-05
Epoch: 0 [1310/10000 (13%)] Loss: 55.11226 = L_Mnfld: 15.84083 + L_NonMnfld: 18.24428 + L_Nrml: 0.00000 + L_Eknl: 11.51042 + L_Div: 0.00000 + L_Morse: 9.51673
Epoch: 0 [1310/10000 (13%)] Unweighted L_s : L_Mnfld: 0.00226,  L_NonMnfld: 0.03041,  L_Nrml: 0.00000,  L_Eknl: 0.23021, L_Morse: 0.95167

Weights: [7000.0, 600.0, 0, 50.0, 0.0, 10.0], lr=5.000e-05
Epoch: 0 [1320/10000 (13%)] Loss: 55.12163 = L_Mnfld: 17.15704 + L_NonMnfld: 17.13534 + L_Nrml: 0.00000 + L_Eknl: 11.41649 + L_Div: 0.00000 + L_Morse: 9.41276
Epoch: 0 [1320/10000 (13%)] Unweighted L_s : L_Mnfld: 0.00245,  L_NonMnfld: 0.02856,  L_Nrml: 0.00000,  L_Eknl: 0.22833, L_Morse: 0.94128

Weights: [7000.0, 600.0, 0, 50.0, 0.0, 10.0], lr=5.000e-05
Epoch: 0 [1330/10000 (13%)] Loss: 49.45139 = L_Mnfld: 11.12041 + L_NonMnfld: 17.76931 + L_Nrml: 0.00000 + L_Eknl: 11.41742 + L_Div: 0.00000 + L_Morse: 9.14425
Epoch: 0 [1330/10000 (13%)] Unweighted L_s : L_Mnfld: 0.00159,  L_NonMnfld: 0.02962,  L_Nrml: 0.00000,  L_Eknl: 0.22835, L_Morse: 0.91442

Weights: [7000.0, 600.0, 0, 50.0, 0.0, 10.0], lr=5.000e-05
Epoch: 0 [1340/10000 (13%)] Loss: 51.24313 = L_Mnfld: 12.94524 + L_NonMnfld: 17.41788 + L_Nrml: 0.00000 + L_Eknl: 11.78479 + L_Div: 0.00000 + L_Morse: 9.09522
Epoch: 0 [1340/10000 (13%)] Unweighted L_s : L_Mnfld: 0.00185,  L_NonMnfld: 0.02903,  L_Nrml: 0.00000,  L_Eknl: 0.23570, L_Morse: 0.90952

Weights: [7000.0, 600.0, 0, 50.0, 0.0, 10.0], lr=5.000e-05
Epoch: 0 [1350/10000 (14%)] Loss: 56.54191 = L_Mnfld: 16.99834 + L_NonMnfld: 19.06256 + L_Nrml: 0.00000 + L_Eknl: 11.55577 + L_Div: 0.00000 + L_Morse: 8.92524
Epoch: 0 [1350/10000 (14%)] Unweighted L_s : L_Mnfld: 0.00243,  L_NonMnfld: 0.03177,  L_Nrml: 0.00000,  L_Eknl: 0.23112, L_Morse: 0.89252

Weights: [7000.0, 600.0, 0, 50.0, 0.0, 10.0], lr=5.000e-05
Epoch: 0 [1360/10000 (14%)] Loss: 47.34257 = L_Mnfld: 9.77116 + L_NonMnfld: 17.04003 + L_Nrml: 0.00000 + L_Eknl: 11.29162 + L_Div: 0.00000 + L_Morse: 9.23976
Epoch: 0 [1360/10000 (14%)] Unweighted L_s : L_Mnfld: 0.00140,  L_NonMnfld: 0.02840,  L_Nrml: 0.00000,  L_Eknl: 0.22583, L_Morse: 0.92398

Weights: [7000.0, 600.0, 0, 50.0, 0.0, 10.0], lr=5.000e-05
Epoch: 0 [1370/10000 (14%)] Loss: 50.21090 = L_Mnfld: 11.80058 + L_NonMnfld: 18.00464 + L_Nrml: 0.00000 + L_Eknl: 11.26255 + L_Div: 0.00000 + L_Morse: 9.14312
Epoch: 0 [1370/10000 (14%)] Unweighted L_s : L_Mnfld: 0.00169,  L_NonMnfld: 0.03001,  L_Nrml: 0.00000,  L_Eknl: 0.22525, L_Morse: 0.91431

Weights: [7000.0, 600.0, 0, 50.0, 0.0, 10.0], lr=5.000e-05
Epoch: 0 [1380/10000 (14%)] Loss: 53.46496 = L_Mnfld: 16.63019 + L_NonMnfld: 16.72570 + L_Nrml: 0.00000 + L_Eknl: 11.10588 + L_Div: 0.00000 + L_Morse: 9.00320
Epoch: 0 [1380/10000 (14%)] Unweighted L_s : L_Mnfld: 0.00238,  L_NonMnfld: 0.02788,  L_Nrml: 0.00000,  L_Eknl: 0.22212, L_Morse: 0.90032

Weights: [7000.0, 600.0, 0, 50.0, 0.0, 10.0], lr=5.000e-05
Epoch: 0 [1390/10000 (14%)] Loss: 47.55846 = L_Mnfld: 9.91287 + L_NonMnfld: 17.45846 + L_Nrml: 0.00000 + L_Eknl: 10.94673 + L_Div: 0.00000 + L_Morse: 9.24039
Epoch: 0 [1390/10000 (14%)] Unweighted L_s : L_Mnfld: 0.00142,  L_NonMnfld: 0.02910,  L_Nrml: 0.00000,  L_Eknl: 0.21893, L_Morse: 0.92404

Weights: [7000.0, 600.0, 0, 50.0, 0.0, 10.0], lr=5.000e-05
Epoch: 0 [1400/10000 (14%)] Loss: 49.71240 = L_Mnfld: 12.03113 + L_NonMnfld: 17.52436 + L_Nrml: 0.00000 + L_Eknl: 10.97604 + L_Div: 0.00000 + L_Morse: 9.18088
Epoch: 0 [1400/10000 (14%)] Unweighted L_s : L_Mnfld: 0.00172,  L_NonMnfld: 0.02921,  L_Nrml: 0.00000,  L_Eknl: 0.21952, L_Morse: 0.91809

Weights: [7000.0, 600.0, 0, 50.0, 0.0, 10.0], lr=5.000e-05
Epoch: 0 [1410/10000 (14%)] Loss: 52.35211 = L_Mnfld: 14.51270 + L_NonMnfld: 18.00761 + L_Nrml: 0.00000 + L_Eknl: 10.91772 + L_Div: 0.00000 + L_Morse: 8.91409
Epoch: 0 [1410/10000 (14%)] Unweighted L_s : L_Mnfld: 0.00207,  L_NonMnfld: 0.03001,  L_Nrml: 0.00000,  L_Eknl: 0.21835, L_Morse: 0.89141

Weights: [7000.0, 600.0, 0, 50.0, 0.0, 10.0], lr=5.000e-05
Epoch: 0 [1420/10000 (14%)] Loss: 44.34701 = L_Mnfld: 9.05722 + L_NonMnfld: 14.78928 + L_Nrml: 0.00000 + L_Eknl: 10.91844 + L_Div: 0.00000 + L_Morse: 9.58207
Epoch: 0 [1420/10000 (14%)] Unweighted L_s : L_Mnfld: 0.00129,  L_NonMnfld: 0.02465,  L_Nrml: 0.00000,  L_Eknl: 0.21837, L_Morse: 0.95821

Weights: [7000.0, 600.0, 0, 50.0, 0.0, 10.0], lr=5.000e-05
Epoch: 0 [1430/10000 (14%)] Loss: 48.94221 = L_Mnfld: 11.07388 + L_NonMnfld: 17.68782 + L_Nrml: 0.00000 + L_Eknl: 10.79266 + L_Div: 0.00000 + L_Morse: 9.38784
Epoch: 0 [1430/10000 (14%)] Unweighted L_s : L_Mnfld: 0.00158,  L_NonMnfld: 0.02948,  L_Nrml: 0.00000,  L_Eknl: 0.21585, L_Morse: 0.93878

Weights: [7000.0, 600.0, 0, 50.0, 0.0, 10.0], lr=5.000e-05
Epoch: 0 [1440/10000 (14%)] Loss: 53.33505 = L_Mnfld: 15.85492 + L_NonMnfld: 17.43662 + L_Nrml: 0.00000 + L_Eknl: 10.94018 + L_Div: 0.00000 + L_Morse: 9.10333
Epoch: 0 [1440/10000 (14%)] Unweighted L_s : L_Mnfld: 0.00226,  L_NonMnfld: 0.02906,  L_Nrml: 0.00000,  L_Eknl: 0.21880, L_Morse: 0.91033

Weights: [7000.0, 600.0, 0, 50.0, 0.0, 10.0], lr=5.000e-05
Epoch: 0 [1450/10000 (14%)] Loss: 48.21664 = L_Mnfld: 9.46541 + L_NonMnfld: 18.30271 + L_Nrml: 0.00000 + L_Eknl: 10.86654 + L_Div: 0.00000 + L_Morse: 9.58197
Epoch: 0 [1450/10000 (14%)] Unweighted L_s : L_Mnfld: 0.00135,  L_NonMnfld: 0.03050,  L_Nrml: 0.00000,  L_Eknl: 0.21733, L_Morse: 0.95820

Weights: [7000.0, 600.0, 0, 50.0, 0.0, 10.0], lr=5.000e-05
Epoch: 0 [1460/10000 (15%)] Loss: 50.78485 = L_Mnfld: 12.30803 + L_NonMnfld: 18.45970 + L_Nrml: 0.00000 + L_Eknl: 10.83861 + L_Div: 0.00000 + L_Morse: 9.17850
Epoch: 0 [1460/10000 (15%)] Unweighted L_s : L_Mnfld: 0.00176,  L_NonMnfld: 0.03077,  L_Nrml: 0.00000,  L_Eknl: 0.21677, L_Morse: 0.91785

Weights: [7000.0, 600.0, 0, 50.0, 0.0, 10.0], lr=5.000e-05
Epoch: 0 [1470/10000 (15%)] Loss: 52.58850 = L_Mnfld: 14.18083 + L_NonMnfld: 18.38711 + L_Nrml: 0.00000 + L_Eknl: 10.91065 + L_Div: 0.00000 + L_Morse: 9.10991
Epoch: 0 [1470/10000 (15%)] Unweighted L_s : L_Mnfld: 0.00203,  L_NonMnfld: 0.03065,  L_Nrml: 0.00000,  L_Eknl: 0.21821, L_Morse: 0.91099

Weights: [7000.0, 600.0, 0, 50.0, 0.0, 10.0], lr=5.000e-05
Epoch: 0 [1480/10000 (15%)] Loss: 45.90580 = L_Mnfld: 9.42053 + L_NonMnfld: 16.44588 + L_Nrml: 0.00000 + L_Eknl: 10.84668 + L_Div: 0.00000 + L_Morse: 9.19271
Epoch: 0 [1480/10000 (15%)] Unweighted L_s : L_Mnfld: 0.00135,  L_NonMnfld: 0.02741,  L_Nrml: 0.00000,  L_Eknl: 0.21693, L_Morse: 0.91927

Weights: [7000.0, 600.0, 0, 50.0, 0.0, 10.0], lr=5.000e-05
Epoch: 0 [1490/10000 (15%)] Loss: 49.83345 = L_Mnfld: 12.11990 + L_NonMnfld: 17.95748 + L_Nrml: 0.00000 + L_Eknl: 10.72305 + L_Div: 0.00000 + L_Morse: 9.03302
Epoch: 0 [1490/10000 (15%)] Unweighted L_s : L_Mnfld: 0.00173,  L_NonMnfld: 0.02993,  L_Nrml: 0.00000,  L_Eknl: 0.21446, L_Morse: 0.90330

Weights: [7000.0, 600.0, 0, 50.0, 0.0, 10.0], lr=5.000e-05
Epoch: 0 [1500/10000 (15%)] Loss: 52.26028 = L_Mnfld: 15.16064 + L_NonMnfld: 17.24959 + L_Nrml: 0.00000 + L_Eknl: 10.64906 + L_Div: 0.00000 + L_Morse: 9.20099
Epoch: 0 [1500/10000 (15%)] Unweighted L_s : L_Mnfld: 0.00217,  L_NonMnfld: 0.02875,  L_Nrml: 0.00000,  L_Eknl: 0.21298, L_Morse: 0.92010

Weights: [7000.0, 600.0, 0, 50.0, 0.0, 10.0], lr=5.000e-05
Epoch: 0 [1510/10000 (15%)] Loss: 45.16401 = L_Mnfld: 9.27153 + L_NonMnfld: 15.69012 + L_Nrml: 0.00000 + L_Eknl: 10.75270 + L_Div: 0.00000 + L_Morse: 9.44966
Epoch: 0 [1510/10000 (15%)] Unweighted L_s : L_Mnfld: 0.00132,  L_NonMnfld: 0.02615,  L_Nrml: 0.00000,  L_Eknl: 0.21505, L_Morse: 0.94497

Weights: [7000.0, 600.0, 0, 50.0, 0.0, 10.0], lr=5.000e-05
Epoch: 0 [1520/10000 (15%)] Loss: 47.94426 = L_Mnfld: 11.30112 + L_NonMnfld: 16.91775 + L_Nrml: 0.00000 + L_Eknl: 10.71364 + L_Div: 0.00000 + L_Morse: 9.01175
Epoch: 0 [1520/10000 (15%)] Unweighted L_s : L_Mnfld: 0.00161,  L_NonMnfld: 0.02820,  L_Nrml: 0.00000,  L_Eknl: 0.21427, L_Morse: 0.90117

Weights: [7000.0, 600.0, 0, 50.0, 0.0, 10.0], lr=5.000e-05
Epoch: 0 [1530/10000 (15%)] Loss: 51.82178 = L_Mnfld: 14.72001 + L_NonMnfld: 17.31338 + L_Nrml: 0.00000 + L_Eknl: 10.78161 + L_Div: 0.00000 + L_Morse: 9.00678
Epoch: 0 [1530/10000 (15%)] Unweighted L_s : L_Mnfld: 0.00210,  L_NonMnfld: 0.02886,  L_Nrml: 0.00000,  L_Eknl: 0.21563, L_Morse: 0.90068

Weights: [7000.0, 600.0, 0, 50.0, 0.0, 10.0], lr=5.000e-05
Epoch: 0 [1540/10000 (15%)] Loss: 47.60165 = L_Mnfld: 10.34274 + L_NonMnfld: 17.37550 + L_Nrml: 0.00000 + L_Eknl: 10.61356 + L_Div: 0.00000 + L_Morse: 9.26985
Epoch: 0 [1540/10000 (15%)] Unweighted L_s : L_Mnfld: 0.00148,  L_NonMnfld: 0.02896,  L_Nrml: 0.00000,  L_Eknl: 0.21227, L_Morse: 0.92698

Weights: [7000.0, 600.0, 0, 50.0, 0.0, 10.0], lr=5.000e-05
Epoch: 0 [1550/10000 (16%)] Loss: 48.32886 = L_Mnfld: 11.00482 + L_NonMnfld: 17.75874 + L_Nrml: 0.00000 + L_Eknl: 10.61746 + L_Div: 0.00000 + L_Morse: 8.94783
Epoch: 0 [1550/10000 (16%)] Unweighted L_s : L_Mnfld: 0.00157,  L_NonMnfld: 0.02960,  L_Nrml: 0.00000,  L_Eknl: 0.21235, L_Morse: 0.89478

Weights: [7000.0, 600.0, 0, 50.0, 0.0, 10.0], lr=5.000e-05
Epoch: 0 [1560/10000 (16%)] Loss: 51.10121 = L_Mnfld: 14.47276 + L_NonMnfld: 16.87262 + L_Nrml: 0.00000 + L_Eknl: 10.59168 + L_Div: 0.00000 + L_Morse: 9.16416
Epoch: 0 [1560/10000 (16%)] Unweighted L_s : L_Mnfld: 0.00207,  L_NonMnfld: 0.02812,  L_Nrml: 0.00000,  L_Eknl: 0.21183, L_Morse: 0.91642

Weights: [7000.0, 600.0, 0, 50.0, 0.0, 10.0], lr=5.000e-05
Epoch: 0 [1570/10000 (16%)] Loss: 52.97675 = L_Mnfld: 15.99054 + L_NonMnfld: 16.98862 + L_Nrml: 0.00000 + L_Eknl: 10.69903 + L_Div: 0.00000 + L_Morse: 9.29856
Epoch: 0 [1570/10000 (16%)] Unweighted L_s : L_Mnfld: 0.00228,  L_NonMnfld: 0.02831,  L_Nrml: 0.00000,  L_Eknl: 0.21398, L_Morse: 0.92986

Weights: [7000.0, 600.0, 0, 50.0, 0.0, 10.0], lr=5.000e-05
Epoch: 0 [1580/10000 (16%)] Loss: 62.88663 = L_Mnfld: 23.93280 + L_NonMnfld: 16.71978 + L_Nrml: 0.00000 + L_Eknl: 11.62346 + L_Div: 0.00000 + L_Morse: 10.61059
Epoch: 0 [1580/10000 (16%)] Unweighted L_s : L_Mnfld: 0.00342,  L_NonMnfld: 0.02787,  L_Nrml: 0.00000,  L_Eknl: 0.23247, L_Morse: 1.06106

Weights: [7000.0, 600.0, 0, 50.0, 0.0, 10.0], lr=5.000e-05
Epoch: 0 [1590/10000 (16%)] Loss: 70.46776 = L_Mnfld: 29.52780 + L_NonMnfld: 17.18487 + L_Nrml: 0.00000 + L_Eknl: 12.26341 + L_Div: 0.00000 + L_Morse: 11.49167
Epoch: 0 [1590/10000 (16%)] Unweighted L_s : L_Mnfld: 0.00422,  L_NonMnfld: 0.02864,  L_Nrml: 0.00000,  L_Eknl: 0.24527, L_Morse: 1.14917

Weights: [7000.0, 600.0, 0, 50.0, 0.0, 10.0], lr=5.000e-05
Epoch: 0 [1600/10000 (16%)] Loss: 59.03287 = L_Mnfld: 19.72523 + L_NonMnfld: 16.76395 + L_Nrml: 0.00000 + L_Eknl: 11.98210 + L_Div: 0.00000 + L_Morse: 10.56159
Epoch: 0 [1600/10000 (16%)] Unweighted L_s : L_Mnfld: 0.00282,  L_NonMnfld: 0.02794,  L_Nrml: 0.00000,  L_Eknl: 0.23964, L_Morse: 1.05616

Weights: [7000.0, 600.0, 0, 50.0, 0.0, 10.0], lr=5.000e-05
Epoch: 0 [1610/10000 (16%)] Loss: 56.43748 = L_Mnfld: 17.19975 + L_NonMnfld: 17.33655 + L_Nrml: 0.00000 + L_Eknl: 11.59561 + L_Div: 0.00000 + L_Morse: 10.30556
Epoch: 0 [1610/10000 (16%)] Unweighted L_s : L_Mnfld: 0.00246,  L_NonMnfld: 0.02889,  L_Nrml: 0.00000,  L_Eknl: 0.23191, L_Morse: 1.03056

Weights: [7000.0, 600.0, 0, 50.0, 0.0, 10.0], lr=5.000e-05
Epoch: 0 [1620/10000 (16%)] Loss: 51.45173 = L_Mnfld: 13.86492 + L_NonMnfld: 16.50155 + L_Nrml: 0.00000 + L_Eknl: 11.52940 + L_Div: 0.00000 + L_Morse: 9.55586
Epoch: 0 [1620/10000 (16%)] Unweighted L_s : L_Mnfld: 0.00198,  L_NonMnfld: 0.02750,  L_Nrml: 0.00000,  L_Eknl: 0.23059, L_Morse: 0.95559

Weights: [7000.0, 600.0, 0, 50.0, 0.0, 10.0], lr=5.000e-05
Epoch: 0 [1630/10000 (16%)] Loss: 50.54943 = L_Mnfld: 12.41957 + L_NonMnfld: 17.33034 + L_Nrml: 0.00000 + L_Eknl: 11.03450 + L_Div: 0.00000 + L_Morse: 9.76503
Epoch: 0 [1630/10000 (16%)] Unweighted L_s : L_Mnfld: 0.00177,  L_NonMnfld: 0.02888,  L_Nrml: 0.00000,  L_Eknl: 0.22069, L_Morse: 0.97650

Weights: [7000.0, 600.0, 0, 50.0, 0.0, 10.0], lr=5.000e-05
Epoch: 0 [1640/10000 (16%)] Loss: 48.77536 = L_Mnfld: 10.93417 + L_NonMnfld: 17.61354 + L_Nrml: 0.00000 + L_Eknl: 11.01669 + L_Div: 0.00000 + L_Morse: 9.21095
Epoch: 0 [1640/10000 (16%)] Unweighted L_s : L_Mnfld: 0.00156,  L_NonMnfld: 0.02936,  L_Nrml: 0.00000,  L_Eknl: 0.22033, L_Morse: 0.92110

Weights: [7000.0, 600.0, 0, 50.0, 0.0, 10.0], lr=5.000e-05
Epoch: 0 [1650/10000 (16%)] Loss: 46.87865 = L_Mnfld: 10.10050 + L_NonMnfld: 16.82044 + L_Nrml: 0.00000 + L_Eknl: 10.67480 + L_Div: 0.00000 + L_Morse: 9.28291
Epoch: 0 [1650/10000 (16%)] Unweighted L_s : L_Mnfld: 0.00144,  L_NonMnfld: 0.02803,  L_Nrml: 0.00000,  L_Eknl: 0.21350, L_Morse: 0.92829

Weights: [7000.0, 600.0, 0, 50.0, 0.0, 10.0], lr=5.000e-05
Epoch: 0 [1660/10000 (17%)] Loss: 46.24508 = L_Mnfld: 9.45108 + L_NonMnfld: 16.89290 + L_Nrml: 0.00000 + L_Eknl: 10.71071 + L_Div: 0.00000 + L_Morse: 9.19040
Epoch: 0 [1660/10000 (17%)] Unweighted L_s : L_Mnfld: 0.00135,  L_NonMnfld: 0.02815,  L_Nrml: 0.00000,  L_Eknl: 0.21421, L_Morse: 0.91904

Weights: [7000.0, 600.0, 0, 50.0, 0.0, 10.0], lr=5.000e-05
Epoch: 0 [1670/10000 (17%)] Loss: 46.31358 = L_Mnfld: 9.32464 + L_NonMnfld: 17.27618 + L_Nrml: 0.00000 + L_Eknl: 10.63861 + L_Div: 0.00000 + L_Morse: 9.07415
Epoch: 0 [1670/10000 (17%)] Unweighted L_s : L_Mnfld: 0.00133,  L_NonMnfld: 0.02879,  L_Nrml: 0.00000,  L_Eknl: 0.21277, L_Morse: 0.90742

Weights: [7000.0, 600.0, 0, 50.0, 0.0, 10.0], lr=5.000e-05
Epoch: 0 [1680/10000 (17%)] Loss: 46.52666 = L_Mnfld: 9.91938 + L_NonMnfld: 16.91371 + L_Nrml: 0.00000 + L_Eknl: 10.70903 + L_Div: 0.00000 + L_Morse: 8.98455
Epoch: 0 [1680/10000 (17%)] Unweighted L_s : L_Mnfld: 0.00142,  L_NonMnfld: 0.02819,  L_Nrml: 0.00000,  L_Eknl: 0.21418, L_Morse: 0.89845

Weights: [7000.0, 600.0, 0, 50.0, 0.0, 10.0], lr=5.000e-05
Epoch: 0 [1690/10000 (17%)] Loss: 45.62615 = L_Mnfld: 8.78120 + L_NonMnfld: 17.20473 + L_Nrml: 0.00000 + L_Eknl: 10.70818 + L_Div: 0.00000 + L_Morse: 8.93204
Epoch: 0 [1690/10000 (17%)] Unweighted L_s : L_Mnfld: 0.00125,  L_NonMnfld: 0.02867,  L_Nrml: 0.00000,  L_Eknl: 0.21416, L_Morse: 0.89320

Weights: [7000.0, 600.0, 0, 50.0, 0.0, 10.0], lr=5.000e-05
Epoch: 0 [1700/10000 (17%)] Loss: 44.15306 = L_Mnfld: 8.84959 + L_NonMnfld: 14.61953 + L_Nrml: 0.00000 + L_Eknl: 11.01141 + L_Div: 0.00000 + L_Morse: 9.67253
Epoch: 0 [1700/10000 (17%)] Unweighted L_s : L_Mnfld: 0.00126,  L_NonMnfld: 0.02437,  L_Nrml: 0.00000,  L_Eknl: 0.22023, L_Morse: 0.96725

Weights: [7000.0, 600.0, 0, 50.0, 0.0, 10.0], lr=5.000e-05
Epoch: 0 [1710/10000 (17%)] Loss: 50.48718 = L_Mnfld: 14.47312 + L_NonMnfld: 16.41162 + L_Nrml: 0.00000 + L_Eknl: 10.78590 + L_Div: 0.00000 + L_Morse: 8.81654
Epoch: 0 [1710/10000 (17%)] Unweighted L_s : L_Mnfld: 0.00207,  L_NonMnfld: 0.02735,  L_Nrml: 0.00000,  L_Eknl: 0.21572, L_Morse: 0.88165

Weights: [7000.0, 600.0, 0, 50.0, 0.0, 10.0], lr=5.000e-05
Epoch: 0 [1720/10000 (17%)] Loss: 52.57070 = L_Mnfld: 13.90593 + L_NonMnfld: 18.28305 + L_Nrml: 0.00000 + L_Eknl: 11.16495 + L_Div: 0.00000 + L_Morse: 9.21677
Epoch: 0 [1720/10000 (17%)] Unweighted L_s : L_Mnfld: 0.00199,  L_NonMnfld: 0.03047,  L_Nrml: 0.00000,  L_Eknl: 0.22330, L_Morse: 0.92168

Weights: [7000.0, 600.0, 0, 50.0, 0.0, 10.0], lr=5.000e-05
Epoch: 0 [1730/10000 (17%)] Loss: 47.93891 = L_Mnfld: 11.83029 + L_NonMnfld: 15.64896 + L_Nrml: 0.00000 + L_Eknl: 10.75033 + L_Div: 0.00000 + L_Morse: 9.70933
Epoch: 0 [1730/10000 (17%)] Unweighted L_s : L_Mnfld: 0.00169,  L_NonMnfld: 0.02608,  L_Nrml: 0.00000,  L_Eknl: 0.21501, L_Morse: 0.97093

Weights: [7000.0, 600.0, 0, 50.0, 0.0, 10.0], lr=5.000e-05
Epoch: 0 [1740/10000 (17%)] Loss: 48.49341 = L_Mnfld: 11.30387 + L_NonMnfld: 16.91013 + L_Nrml: 0.00000 + L_Eknl: 10.84664 + L_Div: 0.00000 + L_Morse: 9.43277
Epoch: 0 [1740/10000 (17%)] Unweighted L_s : L_Mnfld: 0.00161,  L_NonMnfld: 0.02818,  L_Nrml: 0.00000,  L_Eknl: 0.21693, L_Morse: 0.94328

Weights: [7000.0, 600.0, 0, 50.0, 0.0, 10.0], lr=5.000e-05
Epoch: 0 [1750/10000 (18%)] Loss: 50.10263 = L_Mnfld: 13.04055 + L_NonMnfld: 16.79102 + L_Nrml: 0.00000 + L_Eknl: 10.77737 + L_Div: 0.00000 + L_Morse: 9.49368
Epoch: 0 [1750/10000 (18%)] Unweighted L_s : L_Mnfld: 0.00186,  L_NonMnfld: 0.02799,  L_Nrml: 0.00000,  L_Eknl: 0.21555, L_Morse: 0.94937

Weights: [7000.0, 600.0, 0, 50.0, 0.0, 10.0], lr=5.000e-05
Epoch: 0 [1760/10000 (18%)] Loss: 46.03825 = L_Mnfld: 10.90996 + L_NonMnfld: 15.73210 + L_Nrml: 0.00000 + L_Eknl: 10.62306 + L_Div: 0.00000 + L_Morse: 8.77313
Epoch: 0 [1760/10000 (18%)] Unweighted L_s : L_Mnfld: 0.00156,  L_NonMnfld: 0.02622,  L_Nrml: 0.00000,  L_Eknl: 0.21246, L_Morse: 0.87731

Weights: [7000.0, 600.0, 0, 50.0, 0.0, 10.0], lr=5.000e-05
Epoch: 0 [1770/10000 (18%)] Loss: 45.57823 = L_Mnfld: 8.49391 + L_NonMnfld: 17.63459 + L_Nrml: 0.00000 + L_Eknl: 10.54606 + L_Div: 0.00000 + L_Morse: 8.90368
Epoch: 0 [1770/10000 (18%)] Unweighted L_s : L_Mnfld: 0.00121,  L_NonMnfld: 0.02939,  L_Nrml: 0.00000,  L_Eknl: 0.21092, L_Morse: 0.89037

Weights: [7000.0, 600.0, 0, 50.0, 0.0, 10.0], lr=5.000e-05
Epoch: 0 [1780/10000 (18%)] Loss: 44.84069 = L_Mnfld: 8.87423 + L_NonMnfld: 16.71291 + L_Nrml: 0.00000 + L_Eknl: 10.22881 + L_Div: 0.00000 + L_Morse: 9.02474
Epoch: 0 [1780/10000 (18%)] Unweighted L_s : L_Mnfld: 0.00127,  L_NonMnfld: 0.02785,  L_Nrml: 0.00000,  L_Eknl: 0.20458, L_Morse: 0.90247

Weights: [7000.0, 600.0, 0, 50.0, 0.0, 10.0], lr=5.000e-05
Epoch: 0 [1790/10000 (18%)] Loss: 46.39070 = L_Mnfld: 9.47424 + L_NonMnfld: 17.35175 + L_Nrml: 0.00000 + L_Eknl: 10.36584 + L_Div: 0.00000 + L_Morse: 9.19887
Epoch: 0 [1790/10000 (18%)] Unweighted L_s : L_Mnfld: 0.00135,  L_NonMnfld: 0.02892,  L_Nrml: 0.00000,  L_Eknl: 0.20732, L_Morse: 0.91989

Weights: [7000.0, 600.0, 0, 50.0, 0.0, 10.0], lr=5.000e-05
Epoch: 0 [1800/10000 (18%)] Loss: 44.52818 = L_Mnfld: 7.94069 + L_NonMnfld: 17.41123 + L_Nrml: 0.00000 + L_Eknl: 10.26322 + L_Div: 0.00000 + L_Morse: 8.91304
Epoch: 0 [1800/10000 (18%)] Unweighted L_s : L_Mnfld: 0.00113,  L_NonMnfld: 0.02902,  L_Nrml: 0.00000,  L_Eknl: 0.20526, L_Morse: 0.89130

Weights: [7000.0, 600.0, 0, 50.0, 0.0, 10.0], lr=5.000e-05
Epoch: 0 [1810/10000 (18%)] Loss: 43.83894 = L_Mnfld: 6.99397 + L_NonMnfld: 17.42108 + L_Nrml: 0.00000 + L_Eknl: 10.21559 + L_Div: 0.00000 + L_Morse: 9.20830
Epoch: 0 [1810/10000 (18%)] Unweighted L_s : L_Mnfld: 0.00100,  L_NonMnfld: 0.02904,  L_Nrml: 0.00000,  L_Eknl: 0.20431, L_Morse: 0.92083

Weights: [7000.0, 600.0, 0, 50.0, 0.0, 10.0], lr=5.000e-05
Epoch: 0 [1820/10000 (18%)] Loss: 46.89984 = L_Mnfld: 10.68865 + L_NonMnfld: 16.93245 + L_Nrml: 0.00000 + L_Eknl: 10.79759 + L_Div: 0.00000 + L_Morse: 8.48116
Epoch: 0 [1820/10000 (18%)] Unweighted L_s : L_Mnfld: 0.00153,  L_NonMnfld: 0.02822,  L_Nrml: 0.00000,  L_Eknl: 0.21595, L_Morse: 0.84812

Weights: [7000.0, 600.0, 0, 50.0, 0.0, 10.0], lr=5.000e-05
Epoch: 0 [1830/10000 (18%)] Loss: 47.04427 = L_Mnfld: 11.76356 + L_NonMnfld: 15.64698 + L_Nrml: 0.00000 + L_Eknl: 10.39268 + L_Div: 0.00000 + L_Morse: 9.24105
Epoch: 0 [1830/10000 (18%)] Unweighted L_s : L_Mnfld: 0.00168,  L_NonMnfld: 0.02608,  L_Nrml: 0.00000,  L_Eknl: 0.20785, L_Morse: 0.92411

Weights: [7000.0, 600.0, 0, 50.0, 0.0, 10.0], lr=5.000e-05
Epoch: 0 [1840/10000 (18%)] Loss: 45.58313 = L_Mnfld: 9.04136 + L_NonMnfld: 17.07765 + L_Nrml: 0.00000 + L_Eknl: 10.10826 + L_Div: 0.00000 + L_Morse: 9.35586
Epoch: 0 [1840/10000 (18%)] Unweighted L_s : L_Mnfld: 0.00129,  L_NonMnfld: 0.02846,  L_Nrml: 0.00000,  L_Eknl: 0.20217, L_Morse: 0.93559

Weights: [7000.0, 600.0, 0, 50.0, 0.0, 10.0], lr=5.000e-05
Epoch: 0 [1850/10000 (18%)] Loss: 43.94764 = L_Mnfld: 7.98083 + L_NonMnfld: 16.65027 + L_Nrml: 0.00000 + L_Eknl: 10.11596 + L_Div: 0.00000 + L_Morse: 9.20059
Epoch: 0 [1850/10000 (18%)] Unweighted L_s : L_Mnfld: 0.00114,  L_NonMnfld: 0.02775,  L_Nrml: 0.00000,  L_Eknl: 0.20232, L_Morse: 0.92006

Weights: [7000.0, 600.0, 0, 50.0, 0.0, 10.0], lr=5.000e-05
Epoch: 0 [1860/10000 (19%)] Loss: 45.42223 = L_Mnfld: 9.71772 + L_NonMnfld: 16.70312 + L_Nrml: 0.00000 + L_Eknl: 10.07502 + L_Div: 0.00000 + L_Morse: 8.92636
Epoch: 0 [1860/10000 (19%)] Unweighted L_s : L_Mnfld: 0.00139,  L_NonMnfld: 0.02784,  L_Nrml: 0.00000,  L_Eknl: 0.20150, L_Morse: 0.89264

Weights: [7000.0, 600.0, 0, 50.0, 0.0, 10.0], lr=5.000e-05
Epoch: 0 [1870/10000 (19%)] Loss: 43.61277 = L_Mnfld: 7.67201 + L_NonMnfld: 16.79578 + L_Nrml: 0.00000 + L_Eknl: 9.96354 + L_Div: 0.00000 + L_Morse: 9.18143
Epoch: 0 [1870/10000 (19%)] Unweighted L_s : L_Mnfld: 0.00110,  L_NonMnfld: 0.02799,  L_Nrml: 0.00000,  L_Eknl: 0.19927, L_Morse: 0.91814

Weights: [7000.0, 600.0, 0, 50.0, 0.0, 10.0], lr=5.000e-05
Epoch: 0 [1880/10000 (19%)] Loss: 44.16763 = L_Mnfld: 8.06862 + L_NonMnfld: 17.06416 + L_Nrml: 0.00000 + L_Eknl: 10.01595 + L_Div: 0.00000 + L_Morse: 9.01890
Epoch: 0 [1880/10000 (19%)] Unweighted L_s : L_Mnfld: 0.00115,  L_NonMnfld: 0.02844,  L_Nrml: 0.00000,  L_Eknl: 0.20032, L_Morse: 0.90189

Weights: [7000.0, 600.0, 0, 50.0, 0.0, 10.0], lr=5.000e-05
Epoch: 0 [1890/10000 (19%)] Loss: 47.70066 = L_Mnfld: 10.03529 + L_NonMnfld: 18.33350 + L_Nrml: 0.00000 + L_Eknl: 9.94788 + L_Div: 0.00000 + L_Morse: 9.38399
Epoch: 0 [1890/10000 (19%)] Unweighted L_s : L_Mnfld: 0.00143,  L_NonMnfld: 0.03056,  L_Nrml: 0.00000,  L_Eknl: 0.19896, L_Morse: 0.93840

Weights: [7000.0, 600.0, 0, 50.0, 0.0, 10.0], lr=5.000e-05
Epoch: 0 [1900/10000 (19%)] Loss: 47.17057 = L_Mnfld: 9.60941 + L_NonMnfld: 17.97178 + L_Nrml: 0.00000 + L_Eknl: 10.16633 + L_Div: 0.00000 + L_Morse: 9.42306
Epoch: 0 [1900/10000 (19%)] Unweighted L_s : L_Mnfld: 0.00137,  L_NonMnfld: 0.02995,  L_Nrml: 0.00000,  L_Eknl: 0.20333, L_Morse: 0.94231

Weights: [7000.0, 600.0, 0, 50.0, 0.0, 10.0], lr=5.000e-05
Epoch: 0 [1910/10000 (19%)] Loss: 45.49909 = L_Mnfld: 10.15193 + L_NonMnfld: 16.44783 + L_Nrml: 0.00000 + L_Eknl: 9.89732 + L_Div: 0.00000 + L_Morse: 9.00202
Epoch: 0 [1910/10000 (19%)] Unweighted L_s : L_Mnfld: 0.00145,  L_NonMnfld: 0.02741,  L_Nrml: 0.00000,  L_Eknl: 0.19795, L_Morse: 0.90020

Weights: [7000.0, 600.0, 0, 50.0, 0.0, 10.0], lr=5.000e-05
Epoch: 0 [1920/10000 (19%)] Loss: 44.94698 = L_Mnfld: 9.44201 + L_NonMnfld: 16.29627 + L_Nrml: 0.00000 + L_Eknl: 10.17033 + L_Div: 0.00000 + L_Morse: 9.03836
Epoch: 0 [1920/10000 (19%)] Unweighted L_s : L_Mnfld: 0.00135,  L_NonMnfld: 0.02716,  L_Nrml: 0.00000,  L_Eknl: 0.20341, L_Morse: 0.90384

Weights: [7000.0, 600.0, 0, 50.0, 0.0, 10.0], lr=5.000e-05
Epoch: 0 [1930/10000 (19%)] Loss: 42.95035 = L_Mnfld: 8.25769 + L_NonMnfld: 15.67786 + L_Nrml: 0.00000 + L_Eknl: 9.94809 + L_Div: 0.00000 + L_Morse: 9.06671
Epoch: 0 [1930/10000 (19%)] Unweighted L_s : L_Mnfld: 0.00118,  L_NonMnfld: 0.02613,  L_Nrml: 0.00000,  L_Eknl: 0.19896, L_Morse: 0.90667

Weights: [7000.0, 600.0, 0, 50.0, 0.0, 10.0], lr=5.000e-05
Epoch: 0 [1940/10000 (19%)] Loss: 44.65411 = L_Mnfld: 8.68165 + L_NonMnfld: 16.72115 + L_Nrml: 0.00000 + L_Eknl: 9.99726 + L_Div: 0.00000 + L_Morse: 9.25406
Epoch: 0 [1940/10000 (19%)] Unweighted L_s : L_Mnfld: 0.00124,  L_NonMnfld: 0.02787,  L_Nrml: 0.00000,  L_Eknl: 0.19995, L_Morse: 0.92541

Weights: [7000.0, 600.0, 0, 50.0, 0.0, 10.0], lr=5.000e-05
Epoch: 0 [1950/10000 (20%)] Loss: 44.34550 = L_Mnfld: 8.65732 + L_NonMnfld: 16.58436 + L_Nrml: 0.00000 + L_Eknl: 9.90345 + L_Div: 0.00000 + L_Morse: 9.20037
Epoch: 0 [1950/10000 (20%)] Unweighted L_s : L_Mnfld: 0.00124,  L_NonMnfld: 0.02764,  L_Nrml: 0.00000,  L_Eknl: 0.19807, L_Morse: 0.92004

Weights: [7000.0, 600.0, 0, 50.0, 0.0, 10.0], lr=5.000e-05
Epoch: 0 [1960/10000 (20%)] Loss: 44.12870 = L_Mnfld: 7.86219 + L_NonMnfld: 17.59379 + L_Nrml: 0.00000 + L_Eknl: 9.64263 + L_Div: 0.00000 + L_Morse: 9.03009
Epoch: 0 [1960/10000 (20%)] Unweighted L_s : L_Mnfld: 0.00112,  L_NonMnfld: 0.02932,  L_Nrml: 0.00000,  L_Eknl: 0.19285, L_Morse: 0.90301

Weights: [7000.0, 600.0, 0, 50.0, 0.0, 10.0], lr=5.000e-05
Epoch: 0 [1970/10000 (20%)] Loss: 41.90416 = L_Mnfld: 7.61458 + L_NonMnfld: 15.68578 + L_Nrml: 0.00000 + L_Eknl: 9.78430 + L_Div: 0.00000 + L_Morse: 8.81950
Epoch: 0 [1970/10000 (20%)] Unweighted L_s : L_Mnfld: 0.00109,  L_NonMnfld: 0.02614,  L_Nrml: 0.00000,  L_Eknl: 0.19569, L_Morse: 0.88195

Weights: [7000.0, 600.0, 0, 50.0, 0.0, 10.0], lr=5.000e-05
Epoch: 0 [1980/10000 (20%)] Loss: 43.42542 = L_Mnfld: 8.03131 + L_NonMnfld: 16.97606 + L_Nrml: 0.00000 + L_Eknl: 9.71432 + L_Div: 0.00000 + L_Morse: 8.70372
Epoch: 0 [1980/10000 (20%)] Unweighted L_s : L_Mnfld: 0.00115,  L_NonMnfld: 0.02829,  L_Nrml: 0.00000,  L_Eknl: 0.19429, L_Morse: 0.87037

Weights: [7000.0, 600.0, 0, 50.0, 0.0, 10.0], lr=5.000e-05
Epoch: 0 [1990/10000 (20%)] Loss: 41.88167 = L_Mnfld: 7.37800 + L_NonMnfld: 15.74192 + L_Nrml: 0.00000 + L_Eknl: 9.71512 + L_Div: 0.00000 + L_Morse: 9.04661
Epoch: 0 [1990/10000 (20%)] Unweighted L_s : L_Mnfld: 0.00105,  L_NonMnfld: 0.02624,  L_Nrml: 0.00000,  L_Eknl: 0.19430, L_Morse: 0.90466

Weights: [7000.0, 600.0, 0, 50.0, 0.0, 10.0], lr=5.000e-05
Epoch: 0 [2000/10000 (20%)] Loss: 41.91432 = L_Mnfld: 6.73187 + L_NonMnfld: 16.60623 + L_Nrml: 0.00000 + L_Eknl: 9.64167 + L_Div: 0.00000 + L_Morse: 8.93456
Epoch: 0 [2000/10000 (20%)] Unweighted L_s : L_Mnfld: 0.00096,  L_NonMnfld: 0.02768,  L_Nrml: 0.00000,  L_Eknl: 0.19283, L_Morse: 0.89346

Weights: [7000.0, 600.0, 0, 50.0, 0.0, 9.9703], lr=5.000e-05
Epoch: 0 [2010/10000 (20%)] Loss: 46.27788 = L_Mnfld: 10.20478 + L_NonMnfld: 17.04909 + L_Nrml: 0.00000 + L_Eknl: 9.81355 + L_Div: 0.00000 + L_Morse: 9.21045
Epoch: 0 [2010/10000 (20%)] Unweighted L_s : L_Mnfld: 0.00146,  L_NonMnfld: 0.02842,  L_Nrml: 0.00000,  L_Eknl: 0.19627, L_Morse: 0.92379

Weights: [7000.0, 600.0, 0, 50.0, 0.0, 9.9373], lr=5.000e-05
Epoch: 0 [2020/10000 (20%)] Loss: 45.47848 = L_Mnfld: 8.26708 + L_NonMnfld: 18.16399 + L_Nrml: 0.00000 + L_Eknl: 9.90173 + L_Div: 0.00000 + L_Morse: 9.14568
Epoch: 0 [2020/10000 (20%)] Unweighted L_s : L_Mnfld: 0.00118,  L_NonMnfld: 0.03027,  L_Nrml: 0.00000,  L_Eknl: 0.19803, L_Morse: 0.92034

Weights: [7000.0, 600.0, 0, 50.0, 0.0, 9.904300000000001], lr=5.000e-05
Epoch: 0 [2030/10000 (20%)] Loss: 43.93839 = L_Mnfld: 8.04851 + L_NonMnfld: 16.94590 + L_Nrml: 0.00000 + L_Eknl: 9.81278 + L_Div: 0.00000 + L_Morse: 9.13120
Epoch: 0 [2030/10000 (20%)] Unweighted L_s : L_Mnfld: 0.00115,  L_NonMnfld: 0.02824,  L_Nrml: 0.00000,  L_Eknl: 0.19626, L_Morse: 0.92194

Weights: [7000.0, 600.0, 0, 50.0, 0.0, 9.8713], lr=5.000e-05
Epoch: 0 [2040/10000 (20%)] Loss: 46.23202 = L_Mnfld: 9.56957 + L_NonMnfld: 17.23315 + L_Nrml: 0.00000 + L_Eknl: 9.84909 + L_Div: 0.00000 + L_Morse: 9.58021
Epoch: 0 [2040/10000 (20%)] Unweighted L_s : L_Mnfld: 0.00137,  L_NonMnfld: 0.02872,  L_Nrml: 0.00000,  L_Eknl: 0.19698, L_Morse: 0.97051

Weights: [7000.0, 600.0, 0, 50.0, 0.0, 9.8383], lr=5.000e-05
Epoch: 0 [2050/10000 (20%)] Loss: 52.11567 = L_Mnfld: 15.86349 + L_NonMnfld: 17.32028 + L_Nrml: 0.00000 + L_Eknl: 9.87056 + L_Div: 0.00000 + L_Morse: 9.06134
Epoch: 0 [2050/10000 (20%)] Unweighted L_s : L_Mnfld: 0.00227,  L_NonMnfld: 0.02887,  L_Nrml: 0.00000,  L_Eknl: 0.19741, L_Morse: 0.92103

Weights: [7000.0, 600.0, 0, 50.0, 0.0, 9.8053], lr=5.000e-05
Epoch: 0 [2060/10000 (21%)] Loss: 46.77415 = L_Mnfld: 11.32155 + L_NonMnfld: 16.15861 + L_Nrml: 0.00000 + L_Eknl: 9.92606 + L_Div: 0.00000 + L_Morse: 9.36793
Epoch: 0 [2060/10000 (21%)] Unweighted L_s : L_Mnfld: 0.00162,  L_NonMnfld: 0.02693,  L_Nrml: 0.00000,  L_Eknl: 0.19852, L_Morse: 0.95539

Weights: [7000.0, 600.0, 0, 50.0, 0.0, 9.7723], lr=5.000e-05
Epoch: 0 [2070/10000 (21%)] Loss: 45.27377 = L_Mnfld: 9.30170 + L_NonMnfld: 16.98323 + L_Nrml: 0.00000 + L_Eknl: 9.89978 + L_Div: 0.00000 + L_Morse: 9.08906
Epoch: 0 [2070/10000 (21%)] Unweighted L_s : L_Mnfld: 0.00133,  L_NonMnfld: 0.02831,  L_Nrml: 0.00000,  L_Eknl: 0.19800, L_Morse: 0.93008

Weights: [7000.0, 600.0, 0, 50.0, 0.0, 9.7393], lr=5.000e-05
Epoch: 0 [2080/10000 (21%)] Loss: 46.09294 = L_Mnfld: 9.83906 + L_NonMnfld: 17.21525 + L_Nrml: 0.00000 + L_Eknl: 10.26862 + L_Div: 0.00000 + L_Morse: 8.77001
Epoch: 0 [2080/10000 (21%)] Unweighted L_s : L_Mnfld: 0.00141,  L_NonMnfld: 0.02869,  L_Nrml: 0.00000,  L_Eknl: 0.20537, L_Morse: 0.90048

Weights: [7000.0, 600.0, 0, 50.0, 0.0, 9.7063], lr=5.000e-05
Epoch: 0 [2090/10000 (21%)] Loss: 44.49890 = L_Mnfld: 9.42671 + L_NonMnfld: 16.21577 + L_Nrml: 0.00000 + L_Eknl: 9.93043 + L_Div: 0.00000 + L_Morse: 8.92599
Epoch: 0 [2090/10000 (21%)] Unweighted L_s : L_Mnfld: 0.00135,  L_NonMnfld: 0.02703,  L_Nrml: 0.00000,  L_Eknl: 0.19861, L_Morse: 0.91961

Weights: [7000.0, 600.0, 0, 50.0, 0.0, 9.673300000000001], lr=5.000e-05
Epoch: 0 [2100/10000 (21%)] Loss: 43.33464 = L_Mnfld: 8.37851 + L_NonMnfld: 15.88188 + L_Nrml: 0.00000 + L_Eknl: 9.98928 + L_Div: 0.00000 + L_Morse: 9.08498
Epoch: 0 [2100/10000 (21%)] Unweighted L_s : L_Mnfld: 0.00120,  L_NonMnfld: 0.02647,  L_Nrml: 0.00000,  L_Eknl: 0.19979, L_Morse: 0.93918

Weights: [7000.0, 600.0, 0, 50.0, 0.0, 9.6403], lr=5.000e-05
Epoch: 0 [2110/10000 (21%)] Loss: 43.41893 = L_Mnfld: 8.42885 + L_NonMnfld: 16.45875 + L_Nrml: 0.00000 + L_Eknl: 9.50928 + L_Div: 0.00000 + L_Morse: 9.02206
Epoch: 0 [2110/10000 (21%)] Unweighted L_s : L_Mnfld: 0.00120,  L_NonMnfld: 0.02743,  L_Nrml: 0.00000,  L_Eknl: 0.19019, L_Morse: 0.93587

Weights: [7000.0, 600.0, 0, 50.0, 0.0, 9.6073], lr=5.000e-05
Epoch: 0 [2120/10000 (21%)] Loss: 43.74635 = L_Mnfld: 8.42216 + L_NonMnfld: 17.17808 + L_Nrml: 0.00000 + L_Eknl: 9.60547 + L_Div: 0.00000 + L_Morse: 8.54063
Epoch: 0 [2120/10000 (21%)] Unweighted L_s : L_Mnfld: 0.00120,  L_NonMnfld: 0.02863,  L_Nrml: 0.00000,  L_Eknl: 0.19211, L_Morse: 0.88897

Weights: [7000.0, 600.0, 0, 50.0, 0.0, 9.574300000000001], lr=5.000e-05
Epoch: 0 [2130/10000 (21%)] Loss: 41.82692 = L_Mnfld: 7.44643 + L_NonMnfld: 16.03879 + L_Nrml: 0.00000 + L_Eknl: 9.50580 + L_Div: 0.00000 + L_Morse: 8.83590
Epoch: 0 [2130/10000 (21%)] Unweighted L_s : L_Mnfld: 0.00106,  L_NonMnfld: 0.02673,  L_Nrml: 0.00000,  L_Eknl: 0.19012, L_Morse: 0.92288

Weights: [7000.0, 600.0, 0, 50.0, 0.0, 9.5413], lr=5.000e-05
Epoch: 0 [2140/10000 (21%)] Loss: 40.84969 = L_Mnfld: 6.69718 + L_NonMnfld: 16.24361 + L_Nrml: 0.00000 + L_Eknl: 9.39482 + L_Div: 0.00000 + L_Morse: 8.51408
Epoch: 0 [2140/10000 (21%)] Unweighted L_s : L_Mnfld: 0.00096,  L_NonMnfld: 0.02707,  L_Nrml: 0.00000,  L_Eknl: 0.18790, L_Morse: 0.89234

Weights: [7000.0, 600.0, 0, 50.0, 0.0, 9.5083], lr=5.000e-05
Epoch: 0 [2150/10000 (22%)] Loss: 41.53970 = L_Mnfld: 7.10192 + L_NonMnfld: 16.49509 + L_Nrml: 0.00000 + L_Eknl: 9.48270 + L_Div: 0.00000 + L_Morse: 8.45998
Epoch: 0 [2150/10000 (22%)] Unweighted L_s : L_Mnfld: 0.00101,  L_NonMnfld: 0.02749,  L_Nrml: 0.00000,  L_Eknl: 0.18965, L_Morse: 0.88975

Weights: [7000.0, 600.0, 0, 50.0, 0.0, 9.4753], lr=5.000e-05
Epoch: 0 [2160/10000 (22%)] Loss: 42.23881 = L_Mnfld: 7.62059 + L_NonMnfld: 16.49207 + L_Nrml: 0.00000 + L_Eknl: 9.65752 + L_Div: 0.00000 + L_Morse: 8.46863
Epoch: 0 [2160/10000 (22%)] Unweighted L_s : L_Mnfld: 0.00109,  L_NonMnfld: 0.02749,  L_Nrml: 0.00000,  L_Eknl: 0.19315, L_Morse: 0.89376

Weights: [7000.0, 600.0, 0, 50.0, 0.0, 9.4423], lr=5.000e-05
Epoch: 0 [2170/10000 (22%)] Loss: 40.84777 = L_Mnfld: 7.07638 + L_NonMnfld: 15.86663 + L_Nrml: 0.00000 + L_Eknl: 9.41590 + L_Div: 0.00000 + L_Morse: 8.48886
Epoch: 0 [2170/10000 (22%)] Unweighted L_s : L_Mnfld: 0.00101,  L_NonMnfld: 0.02644,  L_Nrml: 0.00000,  L_Eknl: 0.18832, L_Morse: 0.89902

Weights: [7000.0, 600.0, 0, 50.0, 0.0, 9.4093], lr=5.000e-05
Epoch: 0 [2180/10000 (22%)] Loss: 41.87261 = L_Mnfld: 6.97900 + L_NonMnfld: 16.85124 + L_Nrml: 0.00000 + L_Eknl: 9.38805 + L_Div: 0.00000 + L_Morse: 8.65432
Epoch: 0 [2180/10000 (22%)] Unweighted L_s : L_Mnfld: 0.00100,  L_NonMnfld: 0.02809,  L_Nrml: 0.00000,  L_Eknl: 0.18776, L_Morse: 0.91976

Weights: [7000.0, 600.0, 0, 50.0, 0.0, 9.3763], lr=5.000e-05
Epoch: 0 [2190/10000 (22%)] Loss: 42.25517 = L_Mnfld: 7.86575 + L_NonMnfld: 16.32560 + L_Nrml: 0.00000 + L_Eknl: 9.40955 + L_Div: 0.00000 + L_Morse: 8.65427
Epoch: 0 [2190/10000 (22%)] Unweighted L_s : L_Mnfld: 0.00112,  L_NonMnfld: 0.02721,  L_Nrml: 0.00000,  L_Eknl: 0.18819, L_Morse: 0.92299

Weights: [7000.0, 600.0, 0, 50.0, 0.0, 9.3433], lr=5.000e-05
Epoch: 0 [2200/10000 (22%)] Loss: 41.11889 = L_Mnfld: 6.70357 + L_NonMnfld: 16.68310 + L_Nrml: 0.00000 + L_Eknl: 9.24609 + L_Div: 0.00000 + L_Morse: 8.48612
Epoch: 0 [2200/10000 (22%)] Unweighted L_s : L_Mnfld: 0.00096,  L_NonMnfld: 0.02781,  L_Nrml: 0.00000,  L_Eknl: 0.18492, L_Morse: 0.90826

Weights: [7000.0, 600.0, 0, 50.0, 0.0, 9.3103], lr=5.000e-05
Epoch: 0 [2210/10000 (22%)] Loss: 40.12254 = L_Mnfld: 6.92845 + L_NonMnfld: 15.31956 + L_Nrml: 0.00000 + L_Eknl: 9.28007 + L_Div: 0.00000 + L_Morse: 8.59446
Epoch: 0 [2210/10000 (22%)] Unweighted L_s : L_Mnfld: 0.00099,  L_NonMnfld: 0.02553,  L_Nrml: 0.00000,  L_Eknl: 0.18560, L_Morse: 0.92311

Weights: [7000.0, 600.0, 0, 50.0, 0.0, 9.2773], lr=5.000e-05
Epoch: 0 [2220/10000 (22%)] Loss: 42.49304 = L_Mnfld: 8.50634 + L_NonMnfld: 16.15843 + L_Nrml: 0.00000 + L_Eknl: 9.30401 + L_Div: 0.00000 + L_Morse: 8.52426
Epoch: 0 [2220/10000 (22%)] Unweighted L_s : L_Mnfld: 0.00122,  L_NonMnfld: 0.02693,  L_Nrml: 0.00000,  L_Eknl: 0.18608, L_Morse: 0.91883

Weights: [7000.0, 600.0, 0, 50.0, 0.0, 9.2443], lr=5.000e-05
Epoch: 0 [2230/10000 (22%)] Loss: 41.06686 = L_Mnfld: 7.60367 + L_NonMnfld: 15.65646 + L_Nrml: 0.00000 + L_Eknl: 9.33003 + L_Div: 0.00000 + L_Morse: 8.47669
Epoch: 0 [2230/10000 (22%)] Unweighted L_s : L_Mnfld: 0.00109,  L_NonMnfld: 0.02609,  L_Nrml: 0.00000,  L_Eknl: 0.18660, L_Morse: 0.91696

Weights: [7000.0, 600.0, 0, 50.0, 0.0, 9.211300000000001], lr=5.000e-05
Epoch: 0 [2240/10000 (22%)] Loss: 38.43799 = L_Mnfld: 6.54131 + L_NonMnfld: 14.43885 + L_Nrml: 0.00000 + L_Eknl: 9.22300 + L_Div: 0.00000 + L_Morse: 8.23484
Epoch: 0 [2240/10000 (22%)] Unweighted L_s : L_Mnfld: 0.00093,  L_NonMnfld: 0.02406,  L_Nrml: 0.00000,  L_Eknl: 0.18446, L_Morse: 0.89399

Weights: [7000.0, 600.0, 0, 50.0, 0.0, 9.1783], lr=5.000e-05
Epoch: 0 [2250/10000 (22%)] Loss: 40.81205 = L_Mnfld: 8.25286 + L_NonMnfld: 14.90416 + L_Nrml: 0.00000 + L_Eknl: 9.22729 + L_Div: 0.00000 + L_Morse: 8.42773
Epoch: 0 [2250/10000 (22%)] Unweighted L_s : L_Mnfld: 0.00118,  L_NonMnfld: 0.02484,  L_Nrml: 0.00000,  L_Eknl: 0.18455, L_Morse: 0.91822

Weights: [7000.0, 600.0, 0, 50.0, 0.0, 9.1453], lr=5.000e-05
Epoch: 0 [2260/10000 (23%)] Loss: 44.38023 = L_Mnfld: 10.96769 + L_NonMnfld: 15.18241 + L_Nrml: 0.00000 + L_Eknl: 9.68953 + L_Div: 0.00000 + L_Morse: 8.54060
Epoch: 0 [2260/10000 (23%)] Unweighted L_s : L_Mnfld: 0.00157,  L_NonMnfld: 0.02530,  L_Nrml: 0.00000,  L_Eknl: 0.19379, L_Morse: 0.93388

Weights: [7000.0, 600.0, 0, 50.0, 0.0, 9.112300000000001], lr=5.000e-05
Epoch: 0 [2270/10000 (23%)] Loss: 45.90943 = L_Mnfld: 11.35139 + L_NonMnfld: 16.34316 + L_Nrml: 0.00000 + L_Eknl: 9.62850 + L_Div: 0.00000 + L_Morse: 8.58639
Epoch: 0 [2270/10000 (23%)] Unweighted L_s : L_Mnfld: 0.00162,  L_NonMnfld: 0.02724,  L_Nrml: 0.00000,  L_Eknl: 0.19257, L_Morse: 0.94229

Weights: [7000.0, 600.0, 0, 50.0, 0.0, 9.0793], lr=5.000e-05
Epoch: 0 [2280/10000 (23%)] Loss: 44.21016 = L_Mnfld: 11.10041 + L_NonMnfld: 15.32754 + L_Nrml: 0.00000 + L_Eknl: 9.34496 + L_Div: 0.00000 + L_Morse: 8.43724
Epoch: 0 [2280/10000 (23%)] Unweighted L_s : L_Mnfld: 0.00159,  L_NonMnfld: 0.02555,  L_Nrml: 0.00000,  L_Eknl: 0.18690, L_Morse: 0.92928

Weights: [7000.0, 600.0, 0, 50.0, 0.0, 9.0463], lr=5.000e-05
Epoch: 0 [2290/10000 (23%)] Loss: 44.40842 = L_Mnfld: 9.95023 + L_NonMnfld: 16.01974 + L_Nrml: 0.00000 + L_Eknl: 9.63542 + L_Div: 0.00000 + L_Morse: 8.80304
Epoch: 0 [2290/10000 (23%)] Unweighted L_s : L_Mnfld: 0.00142,  L_NonMnfld: 0.02670,  L_Nrml: 0.00000,  L_Eknl: 0.19271, L_Morse: 0.97311

Weights: [7000.0, 600.0, 0, 50.0, 0.0, 9.013300000000001], lr=5.000e-05
Epoch: 0 [2300/10000 (23%)] Loss: 44.18074 = L_Mnfld: 9.51517 + L_NonMnfld: 17.00060 + L_Nrml: 0.00000 + L_Eknl: 9.46336 + L_Div: 0.00000 + L_Morse: 8.20161
Epoch: 0 [2300/10000 (23%)] Unweighted L_s : L_Mnfld: 0.00136,  L_NonMnfld: 0.02833,  L_Nrml: 0.00000,  L_Eknl: 0.18927, L_Morse: 0.90995

Weights: [7000.0, 600.0, 0, 50.0, 0.0, 8.9803], lr=5.000e-05
Epoch: 0 [2310/10000 (23%)] Loss: 42.18486 = L_Mnfld: 8.84710 + L_NonMnfld: 15.74379 + L_Nrml: 0.00000 + L_Eknl: 9.26288 + L_Div: 0.00000 + L_Morse: 8.33109
Epoch: 0 [2310/10000 (23%)] Unweighted L_s : L_Mnfld: 0.00126,  L_NonMnfld: 0.02624,  L_Nrml: 0.00000,  L_Eknl: 0.18526, L_Morse: 0.92771

Weights: [7000.0, 600.0, 0, 50.0, 0.0, 8.9473], lr=5.000e-05
Epoch: 0 [2320/10000 (23%)] Loss: 42.85275 = L_Mnfld: 8.81558 + L_NonMnfld: 16.47845 + L_Nrml: 0.00000 + L_Eknl: 9.32050 + L_Div: 0.00000 + L_Morse: 8.23821
Epoch: 0 [2320/10000 (23%)] Unweighted L_s : L_Mnfld: 0.00126,  L_NonMnfld: 0.02746,  L_Nrml: 0.00000,  L_Eknl: 0.18641, L_Morse: 0.92075

Weights: [7000.0, 600.0, 0, 50.0, 0.0, 8.9143], lr=5.000e-05
Epoch: 0 [2330/10000 (23%)] Loss: 42.92909 = L_Mnfld: 9.79433 + L_NonMnfld: 15.36414 + L_Nrml: 0.00000 + L_Eknl: 9.40102 + L_Div: 0.00000 + L_Morse: 8.36960
Epoch: 0 [2330/10000 (23%)] Unweighted L_s : L_Mnfld: 0.00140,  L_NonMnfld: 0.02561,  L_Nrml: 0.00000,  L_Eknl: 0.18802, L_Morse: 0.93890

Weights: [7000.0, 600.0, 0, 50.0, 0.0, 8.8813], lr=5.000e-05
Epoch: 0 [2340/10000 (23%)] Loss: 40.22056 = L_Mnfld: 7.19597 + L_NonMnfld: 15.78546 + L_Nrml: 0.00000 + L_Eknl: 9.23449 + L_Div: 0.00000 + L_Morse: 8.00464
Epoch: 0 [2340/10000 (23%)] Unweighted L_s : L_Mnfld: 0.00103,  L_NonMnfld: 0.02631,  L_Nrml: 0.00000,  L_Eknl: 0.18469, L_Morse: 0.90129

Weights: [7000.0, 600.0, 0, 50.0, 0.0, 8.8483], lr=5.000e-05
Epoch: 0 [2350/10000 (24%)] Loss: 43.23043 = L_Mnfld: 9.40278 + L_NonMnfld: 16.08824 + L_Nrml: 0.00000 + L_Eknl: 9.38695 + L_Div: 0.00000 + L_Morse: 8.35245
Epoch: 0 [2350/10000 (24%)] Unweighted L_s : L_Mnfld: 0.00134,  L_NonMnfld: 0.02681,  L_Nrml: 0.00000,  L_Eknl: 0.18774, L_Morse: 0.94396

Weights: [7000.0, 600.0, 0, 50.0, 0.0, 8.8153], lr=5.000e-05
Epoch: 0 [2360/10000 (24%)] Loss: 41.79028 = L_Mnfld: 9.22077 + L_NonMnfld: 15.09295 + L_Nrml: 0.00000 + L_Eknl: 9.27047 + L_Div: 0.00000 + L_Morse: 8.20608
Epoch: 0 [2360/10000 (24%)] Unweighted L_s : L_Mnfld: 0.00132,  L_NonMnfld: 0.02515,  L_Nrml: 0.00000,  L_Eknl: 0.18541, L_Morse: 0.93089

Weights: [7000.0, 600.0, 0, 50.0, 0.0, 8.7823], lr=5.000e-05
Epoch: 0 [2370/10000 (24%)] Loss: 41.47373 = L_Mnfld: 7.55069 + L_NonMnfld: 16.22395 + L_Nrml: 0.00000 + L_Eknl: 9.26851 + L_Div: 0.00000 + L_Morse: 8.43058
Epoch: 0 [2370/10000 (24%)] Unweighted L_s : L_Mnfld: 0.00108,  L_NonMnfld: 0.02704,  L_Nrml: 0.00000,  L_Eknl: 0.18537, L_Morse: 0.95995

Weights: [7000.0, 600.0, 0, 50.0, 0.0, 8.7493], lr=5.000e-05
Epoch: 0 [2380/10000 (24%)] Loss: 44.28773 = L_Mnfld: 8.40276 + L_NonMnfld: 17.87959 + L_Nrml: 0.00000 + L_Eknl: 9.34449 + L_Div: 0.00000 + L_Morse: 8.66089
Epoch: 0 [2380/10000 (24%)] Unweighted L_s : L_Mnfld: 0.00120,  L_NonMnfld: 0.02980,  L_Nrml: 0.00000,  L_Eknl: 0.18689, L_Morse: 0.98989

Weights: [7000.0, 600.0, 0, 50.0, 0.0, 8.7163], lr=5.000e-05
Epoch: 0 [2390/10000 (24%)] Loss: 43.36518 = L_Mnfld: 9.07801 + L_NonMnfld: 16.60287 + L_Nrml: 0.00000 + L_Eknl: 9.28543 + L_Div: 0.00000 + L_Morse: 8.39887
Epoch: 0 [2390/10000 (24%)] Unweighted L_s : L_Mnfld: 0.00130,  L_NonMnfld: 0.02767,  L_Nrml: 0.00000,  L_Eknl: 0.18571, L_Morse: 0.96358

Weights: [7000.0, 600.0, 0, 50.0, 0.0, 8.683300000000001], lr=5.000e-05
Epoch: 0 [2400/10000 (24%)] Loss: 41.61057 = L_Mnfld: 8.27018 + L_NonMnfld: 15.96204 + L_Nrml: 0.00000 + L_Eknl: 9.23024 + L_Div: 0.00000 + L_Morse: 8.14812
Epoch: 0 [2400/10000 (24%)] Unweighted L_s : L_Mnfld: 0.00118,  L_NonMnfld: 0.02660,  L_Nrml: 0.00000,  L_Eknl: 0.18460, L_Morse: 0.93837

Weights: [7000.0, 600.0, 0, 50.0, 0.0, 8.6503], lr=5.000e-05
Epoch: 0 [2410/10000 (24%)] Loss: 40.02705 = L_Mnfld: 7.32982 + L_NonMnfld: 15.29585 + L_Nrml: 0.00000 + L_Eknl: 9.07876 + L_Div: 0.00000 + L_Morse: 8.32262
Epoch: 0 [2410/10000 (24%)] Unweighted L_s : L_Mnfld: 0.00105,  L_NonMnfld: 0.02549,  L_Nrml: 0.00000,  L_Eknl: 0.18158, L_Morse: 0.96212

Weights: [7000.0, 600.0, 0, 50.0, 0.0, 8.6173], lr=5.000e-05
Epoch: 0 [2420/10000 (24%)] Loss: 41.29266 = L_Mnfld: 8.09968 + L_NonMnfld: 16.05019 + L_Nrml: 0.00000 + L_Eknl: 9.20006 + L_Div: 0.00000 + L_Morse: 7.94273
Epoch: 0 [2420/10000 (24%)] Unweighted L_s : L_Mnfld: 0.00116,  L_NonMnfld: 0.02675,  L_Nrml: 0.00000,  L_Eknl: 0.18400, L_Morse: 0.92172

Weights: [7000.0, 600.0, 0, 50.0, 0.0, 8.5843], lr=5.000e-05
Epoch: 0 [2430/10000 (24%)] Loss: 39.47372 = L_Mnfld: 7.70327 + L_NonMnfld: 14.68349 + L_Nrml: 0.00000 + L_Eknl: 8.92117 + L_Div: 0.00000 + L_Morse: 8.16579
Epoch: 0 [2430/10000 (24%)] Unweighted L_s : L_Mnfld: 0.00110,  L_NonMnfld: 0.02447,  L_Nrml: 0.00000,  L_Eknl: 0.17842, L_Morse: 0.95125

Weights: [7000.0, 600.0, 0, 50.0, 0.0, 8.5513], lr=5.000e-05
Epoch: 0 [2440/10000 (24%)] Loss: 40.86522 = L_Mnfld: 8.09000 + L_NonMnfld: 15.52000 + L_Nrml: 0.00000 + L_Eknl: 9.04269 + L_Div: 0.00000 + L_Morse: 8.21252
Epoch: 0 [2440/10000 (24%)] Unweighted L_s : L_Mnfld: 0.00116,  L_NonMnfld: 0.02587,  L_Nrml: 0.00000,  L_Eknl: 0.18085, L_Morse: 0.96038

Weights: [7000.0, 600.0, 0, 50.0, 0.0, 8.5183], lr=5.000e-05
Epoch: 0 [2450/10000 (24%)] Loss: 41.94376 = L_Mnfld: 8.92637 + L_NonMnfld: 15.60856 + L_Nrml: 0.00000 + L_Eknl: 9.24827 + L_Div: 0.00000 + L_Morse: 8.16055
Epoch: 0 [2450/10000 (24%)] Unweighted L_s : L_Mnfld: 0.00128,  L_NonMnfld: 0.02601,  L_Nrml: 0.00000,  L_Eknl: 0.18497, L_Morse: 0.95800

Weights: [7000.0, 600.0, 0, 50.0, 0.0, 8.4853], lr=5.000e-05
Epoch: 0 [2460/10000 (25%)] Loss: 42.02610 = L_Mnfld: 8.10806 + L_NonMnfld: 16.69487 + L_Nrml: 0.00000 + L_Eknl: 9.16310 + L_Div: 0.00000 + L_Morse: 8.06007
Epoch: 0 [2460/10000 (25%)] Unweighted L_s : L_Mnfld: 0.00116,  L_NonMnfld: 0.02782,  L_Nrml: 0.00000,  L_Eknl: 0.18326, L_Morse: 0.94989

Weights: [7000.0, 600.0, 0, 50.0, 0.0, 8.4523], lr=5.000e-05
Epoch: 0 [2470/10000 (25%)] Loss: 40.65437 = L_Mnfld: 6.82515 + L_NonMnfld: 16.97087 + L_Nrml: 0.00000 + L_Eknl: 9.00680 + L_Div: 0.00000 + L_Morse: 7.85153
Epoch: 0 [2470/10000 (25%)] Unweighted L_s : L_Mnfld: 0.00098,  L_NonMnfld: 0.02828,  L_Nrml: 0.00000,  L_Eknl: 0.18014, L_Morse: 0.92892

Weights: [7000.0, 600.0, 0, 50.0, 0.0, 8.4193], lr=5.000e-05
Epoch: 0 [2480/10000 (25%)] Loss: 42.45939 = L_Mnfld: 8.87211 + L_NonMnfld: 16.71253 + L_Nrml: 0.00000 + L_Eknl: 9.07020 + L_Div: 0.00000 + L_Morse: 7.80455
Epoch: 0 [2480/10000 (25%)] Unweighted L_s : L_Mnfld: 0.00127,  L_NonMnfld: 0.02785,  L_Nrml: 0.00000,  L_Eknl: 0.18140, L_Morse: 0.92698

Weights: [7000.0, 600.0, 0, 50.0, 0.0, 8.3863], lr=5.000e-05
Epoch: 0 [2490/10000 (25%)] Loss: 41.57627 = L_Mnfld: 8.58408 + L_NonMnfld: 16.14841 + L_Nrml: 0.00000 + L_Eknl: 9.08189 + L_Div: 0.00000 + L_Morse: 7.76191
Epoch: 0 [2490/10000 (25%)] Unweighted L_s : L_Mnfld: 0.00123,  L_NonMnfld: 0.02691,  L_Nrml: 0.00000,  L_Eknl: 0.18164, L_Morse: 0.92555

Weights: [7000.0, 600.0, 0, 50.0, 0.0, 8.3533], lr=5.000e-05
Epoch: 0 [2500/10000 (25%)] Loss: 40.08731 = L_Mnfld: 6.61522 + L_NonMnfld: 16.83926 + L_Nrml: 0.00000 + L_Eknl: 8.84491 + L_Div: 0.00000 + L_Morse: 7.78792
Epoch: 0 [2500/10000 (25%)] Unweighted L_s : L_Mnfld: 0.00095,  L_NonMnfld: 0.02807,  L_Nrml: 0.00000,  L_Eknl: 0.17690, L_Morse: 0.93232

Weights: [7000.0, 600.0, 0, 50.0, 0.0, 8.3203], lr=5.000e-05
Epoch: 0 [2510/10000 (25%)] Loss: 41.31757 = L_Mnfld: 7.87307 + L_NonMnfld: 16.96011 + L_Nrml: 0.00000 + L_Eknl: 8.82313 + L_Div: 0.00000 + L_Morse: 7.66126
Epoch: 0 [2510/10000 (25%)] Unweighted L_s : L_Mnfld: 0.00112,  L_NonMnfld: 0.02827,  L_Nrml: 0.00000,  L_Eknl: 0.17646, L_Morse: 0.92079

Weights: [7000.0, 600.0, 0, 50.0, 0.0, 8.2873], lr=5.000e-05
Epoch: 0 [2520/10000 (25%)] Loss: 43.00126 = L_Mnfld: 10.57818 + L_NonMnfld: 15.61384 + L_Nrml: 0.00000 + L_Eknl: 8.87243 + L_Div: 0.00000 + L_Morse: 7.93681
Epoch: 0 [2520/10000 (25%)] Unweighted L_s : L_Mnfld: 0.00151,  L_NonMnfld: 0.02602,  L_Nrml: 0.00000,  L_Eknl: 0.17745, L_Morse: 0.95771

Weights: [7000.0, 600.0, 0, 50.0, 0.0, 8.2543], lr=5.000e-05
Epoch: 0 [2530/10000 (25%)] Loss: 42.81639 = L_Mnfld: 10.00515 + L_NonMnfld: 15.79109 + L_Nrml: 0.00000 + L_Eknl: 8.96253 + L_Div: 0.00000 + L_Morse: 8.05762
Epoch: 0 [2530/10000 (25%)] Unweighted L_s : L_Mnfld: 0.00143,  L_NonMnfld: 0.02632,  L_Nrml: 0.00000,  L_Eknl: 0.17925, L_Morse: 0.97617

Weights: [7000.0, 600.0, 0, 50.0, 0.0, 8.2213], lr=5.000e-05
Epoch: 0 [2540/10000 (25%)] Loss: 40.20160 = L_Mnfld: 8.25499 + L_NonMnfld: 15.05699 + L_Nrml: 0.00000 + L_Eknl: 8.82656 + L_Div: 0.00000 + L_Morse: 8.06305
Epoch: 0 [2540/10000 (25%)] Unweighted L_s : L_Mnfld: 0.00118,  L_NonMnfld: 0.02509,  L_Nrml: 0.00000,  L_Eknl: 0.17653, L_Morse: 0.98075

Weights: [7000.0, 600.0, 0, 50.0, 0.0, 8.1883], lr=5.000e-05
Epoch: 0 [2550/10000 (26%)] Loss: 42.33544 = L_Mnfld: 8.80706 + L_NonMnfld: 16.92766 + L_Nrml: 0.00000 + L_Eknl: 8.60064 + L_Div: 0.00000 + L_Morse: 8.00009
Epoch: 0 [2550/10000 (26%)] Unweighted L_s : L_Mnfld: 0.00126,  L_NonMnfld: 0.02821,  L_Nrml: 0.00000,  L_Eknl: 0.17201, L_Morse: 0.97701

Weights: [7000.0, 600.0, 0, 50.0, 0.0, 8.1553], lr=5.000e-05
Epoch: 0 [2560/10000 (26%)] Loss: 40.93310 = L_Mnfld: 9.33090 + L_NonMnfld: 14.92749 + L_Nrml: 0.00000 + L_Eknl: 8.98674 + L_Div: 0.00000 + L_Morse: 7.68797
Epoch: 0 [2560/10000 (26%)] Unweighted L_s : L_Mnfld: 0.00133,  L_NonMnfld: 0.02488,  L_Nrml: 0.00000,  L_Eknl: 0.17973, L_Morse: 0.94270

Weights: [7000.0, 600.0, 0, 50.0, 0.0, 8.1223], lr=5.000e-05
Epoch: 0 [2570/10000 (26%)] Loss: 43.17466 = L_Mnfld: 10.57471 + L_NonMnfld: 15.66285 + L_Nrml: 0.00000 + L_Eknl: 9.09036 + L_Div: 0.00000 + L_Morse: 7.84673
Epoch: 0 [2570/10000 (26%)] Unweighted L_s : L_Mnfld: 0.00151,  L_NonMnfld: 0.02610,  L_Nrml: 0.00000,  L_Eknl: 0.18181, L_Morse: 0.96607

Weights: [7000.0, 600.0, 0, 50.0, 0.0, 8.0893], lr=5.000e-05
Epoch: 0 [2580/10000 (26%)] Loss: 41.47861 = L_Mnfld: 9.35170 + L_NonMnfld: 15.30495 + L_Nrml: 0.00000 + L_Eknl: 8.87581 + L_Div: 0.00000 + L_Morse: 7.94616
Epoch: 0 [2580/10000 (26%)] Unweighted L_s : L_Mnfld: 0.00134,  L_NonMnfld: 0.02551,  L_Nrml: 0.00000,  L_Eknl: 0.17752, L_Morse: 0.98230

Weights: [7000.0, 600.0, 0, 50.0, 0.0, 8.0563], lr=5.000e-05
Epoch: 0 [2590/10000 (26%)] Loss: 40.94885 = L_Mnfld: 8.16656 + L_NonMnfld: 16.02743 + L_Nrml: 0.00000 + L_Eknl: 8.84140 + L_Div: 0.00000 + L_Morse: 7.91347
Epoch: 0 [2590/10000 (26%)] Unweighted L_s : L_Mnfld: 0.00117,  L_NonMnfld: 0.02671,  L_Nrml: 0.00000,  L_Eknl: 0.17683, L_Morse: 0.98227

Weights: [7000.0, 600.0, 0, 50.0, 0.0, 8.023299999999999], lr=5.000e-05
Epoch: 0 [2600/10000 (26%)] Loss: 41.40773 = L_Mnfld: 8.44552 + L_NonMnfld: 16.43013 + L_Nrml: 0.00000 + L_Eknl: 8.66136 + L_Div: 0.00000 + L_Morse: 7.87072
Epoch: 0 [2600/10000 (26%)] Unweighted L_s : L_Mnfld: 0.00121,  L_NonMnfld: 0.02738,  L_Nrml: 0.00000,  L_Eknl: 0.17323, L_Morse: 0.98098

Weights: [7000.0, 600.0, 0, 50.0, 0.0, 7.9902999999999995], lr=5.000e-05
Epoch: 0 [2610/10000 (26%)] Loss: 39.55333 = L_Mnfld: 7.51057 + L_NonMnfld: 15.42598 + L_Nrml: 0.00000 + L_Eknl: 8.65748 + L_Div: 0.00000 + L_Morse: 7.95930
Epoch: 0 [2610/10000 (26%)] Unweighted L_s : L_Mnfld: 0.00107,  L_NonMnfld: 0.02571,  L_Nrml: 0.00000,  L_Eknl: 0.17315, L_Morse: 0.99612

Weights: [7000.0, 600.0, 0, 50.0, 0.0, 7.9573], lr=5.000e-05
Epoch: 0 [2620/10000 (26%)] Loss: 41.63577 = L_Mnfld: 8.43158 + L_NonMnfld: 16.67528 + L_Nrml: 0.00000 + L_Eknl: 8.73782 + L_Div: 0.00000 + L_Morse: 7.79109
Epoch: 0 [2620/10000 (26%)] Unweighted L_s : L_Mnfld: 0.00120,  L_NonMnfld: 0.02779,  L_Nrml: 0.00000,  L_Eknl: 0.17476, L_Morse: 0.97911

Weights: [7000.0, 600.0, 0, 50.0, 0.0, 7.9243], lr=5.000e-05
Epoch: 0 [2630/10000 (26%)] Loss: 39.84779 = L_Mnfld: 8.14840 + L_NonMnfld: 15.38048 + L_Nrml: 0.00000 + L_Eknl: 8.62684 + L_Div: 0.00000 + L_Morse: 7.69207
Epoch: 0 [2630/10000 (26%)] Unweighted L_s : L_Mnfld: 0.00116,  L_NonMnfld: 0.02563,  L_Nrml: 0.00000,  L_Eknl: 0.17254, L_Morse: 0.97069

Weights: [7000.0, 600.0, 0, 50.0, 0.0, 7.891299999999999], lr=5.000e-05
Epoch: 0 [2640/10000 (26%)] Loss: 39.69423 = L_Mnfld: 7.78170 + L_NonMnfld: 15.63886 + L_Nrml: 0.00000 + L_Eknl: 8.61546 + L_Div: 0.00000 + L_Morse: 7.65821
Epoch: 0 [2640/10000 (26%)] Unweighted L_s : L_Mnfld: 0.00111,  L_NonMnfld: 0.02606,  L_Nrml: 0.00000,  L_Eknl: 0.17231, L_Morse: 0.97046

Weights: [7000.0, 600.0, 0, 50.0, 0.0, 7.8583], lr=5.000e-05
Epoch: 0 [2650/10000 (26%)] Loss: 39.14388 = L_Mnfld: 7.39465 + L_NonMnfld: 15.77849 + L_Nrml: 0.00000 + L_Eknl: 8.49439 + L_Div: 0.00000 + L_Morse: 7.47635
Epoch: 0 [2650/10000 (26%)] Unweighted L_s : L_Mnfld: 0.00106,  L_NonMnfld: 0.02630,  L_Nrml: 0.00000,  L_Eknl: 0.16989, L_Morse: 0.95140

Weights: [7000.0, 600.0, 0, 50.0, 0.0, 7.8252999999999995], lr=5.000e-05
Epoch: 0 [2660/10000 (27%)] Loss: 40.51548 = L_Mnfld: 6.80082 + L_NonMnfld: 17.63038 + L_Nrml: 0.00000 + L_Eknl: 8.56387 + L_Div: 0.00000 + L_Morse: 7.52041
Epoch: 0 [2660/10000 (27%)] Unweighted L_s : L_Mnfld: 0.00097,  L_NonMnfld: 0.02938,  L_Nrml: 0.00000,  L_Eknl: 0.17128, L_Morse: 0.96104

Weights: [7000.0, 600.0, 0, 50.0, 0.0, 7.792299999999999], lr=5.000e-05
Epoch: 0 [2670/10000 (27%)] Loss: 39.43511 = L_Mnfld: 6.94144 + L_NonMnfld: 16.59010 + L_Nrml: 0.00000 + L_Eknl: 8.51605 + L_Div: 0.00000 + L_Morse: 7.38753
Epoch: 0 [2670/10000 (27%)] Unweighted L_s : L_Mnfld: 0.00099,  L_NonMnfld: 0.02765,  L_Nrml: 0.00000,  L_Eknl: 0.17032, L_Morse: 0.94805

Weights: [7000.0, 600.0, 0, 50.0, 0.0, 7.7593], lr=5.000e-05
Epoch: 0 [2680/10000 (27%)] Loss: 38.24072 = L_Mnfld: 7.35818 + L_NonMnfld: 14.66732 + L_Nrml: 0.00000 + L_Eknl: 8.57145 + L_Div: 0.00000 + L_Morse: 7.64377
Epoch: 0 [2680/10000 (27%)] Unweighted L_s : L_Mnfld: 0.00105,  L_NonMnfld: 0.02445,  L_Nrml: 0.00000,  L_Eknl: 0.17143, L_Morse: 0.98511

Weights: [7000.0, 600.0, 0, 50.0, 0.0, 7.726300000000001], lr=5.000e-05
Epoch: 0 [2690/10000 (27%)] Loss: 38.06723 = L_Mnfld: 6.72997 + L_NonMnfld: 15.43382 + L_Nrml: 0.00000 + L_Eknl: 8.37390 + L_Div: 0.00000 + L_Morse: 7.52954
Epoch: 0 [2690/10000 (27%)] Unweighted L_s : L_Mnfld: 0.00096,  L_NonMnfld: 0.02572,  L_Nrml: 0.00000,  L_Eknl: 0.16748, L_Morse: 0.97453

Weights: [7000.0, 600.0, 0, 50.0, 0.0, 7.693300000000001], lr=5.000e-05
Epoch: 0 [2700/10000 (27%)] Loss: 37.69685 = L_Mnfld: 6.23549 + L_NonMnfld: 15.62771 + L_Nrml: 0.00000 + L_Eknl: 8.33806 + L_Div: 0.00000 + L_Morse: 7.49558
Epoch: 0 [2700/10000 (27%)] Unweighted L_s : L_Mnfld: 0.00089,  L_NonMnfld: 0.02605,  L_Nrml: 0.00000,  L_Eknl: 0.16676, L_Morse: 0.97430

Weights: [7000.0, 600.0, 0, 50.0, 0.0, 7.660300000000001], lr=5.000e-05
Epoch: 0 [2710/10000 (27%)] Loss: 37.66412 = L_Mnfld: 8.28438 + L_NonMnfld: 13.59221 + L_Nrml: 0.00000 + L_Eknl: 8.31282 + L_Div: 0.00000 + L_Morse: 7.47471
Epoch: 0 [2710/10000 (27%)] Unweighted L_s : L_Mnfld: 0.00118,  L_NonMnfld: 0.02265,  L_Nrml: 0.00000,  L_Eknl: 0.16626, L_Morse: 0.97577

Weights: [7000.0, 600.0, 0, 50.0, 0.0, 7.627300000000001], lr=5.000e-05
Epoch: 0 [2720/10000 (27%)] Loss: 39.60144 = L_Mnfld: 7.81494 + L_NonMnfld: 15.64389 + L_Nrml: 0.00000 + L_Eknl: 8.33071 + L_Div: 0.00000 + L_Morse: 7.81190
Epoch: 0 [2720/10000 (27%)] Unweighted L_s : L_Mnfld: 0.00112,  L_NonMnfld: 0.02607,  L_Nrml: 0.00000,  L_Eknl: 0.16661, L_Morse: 1.02420

Weights: [7000.0, 600.0, 0, 50.0, 0.0, 7.5943000000000005], lr=5.000e-05
Epoch: 0 [2730/10000 (27%)] Loss: 41.25175 = L_Mnfld: 9.85611 + L_NonMnfld: 15.24824 + L_Nrml: 0.00000 + L_Eknl: 8.46617 + L_Div: 0.00000 + L_Morse: 7.68123
Epoch: 0 [2730/10000 (27%)] Unweighted L_s : L_Mnfld: 0.00141,  L_NonMnfld: 0.02541,  L_Nrml: 0.00000,  L_Eknl: 0.16932, L_Morse: 1.01145

Weights: [7000.0, 600.0, 0, 50.0, 0.0, 7.561300000000001], lr=5.000e-05
Epoch: 0 [2740/10000 (27%)] Loss: 40.85303 = L_Mnfld: 9.64041 + L_NonMnfld: 15.48123 + L_Nrml: 0.00000 + L_Eknl: 8.35990 + L_Div: 0.00000 + L_Morse: 7.37148
Epoch: 0 [2740/10000 (27%)] Unweighted L_s : L_Mnfld: 0.00138,  L_NonMnfld: 0.02580,  L_Nrml: 0.00000,  L_Eknl: 0.16720, L_Morse: 0.97490

Weights: [7000.0, 600.0, 0, 50.0, 0.0, 7.5283000000000015], lr=5.000e-05
Epoch: 0 [2750/10000 (28%)] Loss: 40.33396 = L_Mnfld: 8.65227 + L_NonMnfld: 15.52086 + L_Nrml: 0.00000 + L_Eknl: 8.50534 + L_Div: 0.00000 + L_Morse: 7.65548
Epoch: 0 [2750/10000 (28%)] Unweighted L_s : L_Mnfld: 0.00124,  L_NonMnfld: 0.02587,  L_Nrml: 0.00000,  L_Eknl: 0.17011, L_Morse: 1.01689

Weights: [7000.0, 600.0, 0, 50.0, 0.0, 7.4953], lr=5.000e-05
Epoch: 0 [2760/10000 (28%)] Loss: 39.91683 = L_Mnfld: 7.79673 + L_NonMnfld: 16.13346 + L_Nrml: 0.00000 + L_Eknl: 8.54618 + L_Div: 0.00000 + L_Morse: 7.44046
Epoch: 0 [2760/10000 (28%)] Unweighted L_s : L_Mnfld: 0.00111,  L_NonMnfld: 0.02689,  L_Nrml: 0.00000,  L_Eknl: 0.17092, L_Morse: 0.99268

Weights: [7000.0, 600.0, 0, 50.0, 0.0, 7.462300000000001], lr=5.000e-05
Epoch: 0 [2770/10000 (28%)] Loss: 39.73346 = L_Mnfld: 8.45482 + L_NonMnfld: 15.18261 + L_Nrml: 0.00000 + L_Eknl: 8.54545 + L_Div: 0.00000 + L_Morse: 7.55059
Epoch: 0 [2770/10000 (28%)] Unweighted L_s : L_Mnfld: 0.00121,  L_NonMnfld: 0.02530,  L_Nrml: 0.00000,  L_Eknl: 0.17091, L_Morse: 1.01183

Weights: [7000.0, 600.0, 0, 50.0, 0.0, 7.429300000000001], lr=5.000e-05
Epoch: 0 [2780/10000 (28%)] Loss: 40.13627 = L_Mnfld: 8.03218 + L_NonMnfld: 16.50181 + L_Nrml: 0.00000 + L_Eknl: 8.30753 + L_Div: 0.00000 + L_Morse: 7.29475
Epoch: 0 [2780/10000 (28%)] Unweighted L_s : L_Mnfld: 0.00115,  L_NonMnfld: 0.02750,  L_Nrml: 0.00000,  L_Eknl: 0.16615, L_Morse: 0.98189

Weights: [7000.0, 600.0, 0, 50.0, 0.0, 7.3963], lr=5.000e-05
Epoch: 0 [2790/10000 (28%)] Loss: 40.09141 = L_Mnfld: 7.41653 + L_NonMnfld: 16.43791 + L_Nrml: 0.00000 + L_Eknl: 8.68321 + L_Div: 0.00000 + L_Morse: 7.55377
Epoch: 0 [2790/10000 (28%)] Unweighted L_s : L_Mnfld: 0.00106,  L_NonMnfld: 0.02740,  L_Nrml: 0.00000,  L_Eknl: 0.17366, L_Morse: 1.02129

Weights: [7000.0, 600.0, 0, 50.0, 0.0, 7.363300000000001], lr=5.000e-05
Epoch: 0 [2800/10000 (28%)] Loss: 41.63321 = L_Mnfld: 10.02685 + L_NonMnfld: 15.67227 + L_Nrml: 0.00000 + L_Eknl: 8.60220 + L_Div: 0.00000 + L_Morse: 7.33188
Epoch: 0 [2800/10000 (28%)] Unweighted L_s : L_Mnfld: 0.00143,  L_NonMnfld: 0.02612,  L_Nrml: 0.00000,  L_Eknl: 0.17204, L_Morse: 0.99573

Weights: [7000.0, 600.0, 0, 50.0, 0.0, 7.330300000000001], lr=5.000e-05
Epoch: 0 [2810/10000 (28%)] Loss: 41.72564 = L_Mnfld: 10.31280 + L_NonMnfld: 14.97456 + L_Nrml: 0.00000 + L_Eknl: 8.70015 + L_Div: 0.00000 + L_Morse: 7.73813
Epoch: 0 [2810/10000 (28%)] Unweighted L_s : L_Mnfld: 0.00147,  L_NonMnfld: 0.02496,  L_Nrml: 0.00000,  L_Eknl: 0.17400, L_Morse: 1.05564

Weights: [7000.0, 600.0, 0, 50.0, 0.0, 7.2973], lr=5.000e-05
Epoch: 0 [2820/10000 (28%)] Loss: 41.03856 = L_Mnfld: 9.15612 + L_NonMnfld: 15.72351 + L_Nrml: 0.00000 + L_Eknl: 8.55370 + L_Div: 0.00000 + L_Morse: 7.60523
Epoch: 0 [2820/10000 (28%)] Unweighted L_s : L_Mnfld: 0.00131,  L_NonMnfld: 0.02621,  L_Nrml: 0.00000,  L_Eknl: 0.17107, L_Morse: 1.04220

Weights: [7000.0, 600.0, 0, 50.0, 0.0, 7.2643], lr=5.000e-05
Epoch: 0 [2830/10000 (28%)] Loss: 40.13601 = L_Mnfld: 9.14454 + L_NonMnfld: 15.46701 + L_Nrml: 0.00000 + L_Eknl: 8.37226 + L_Div: 0.00000 + L_Morse: 7.15220
Epoch: 0 [2830/10000 (28%)] Unweighted L_s : L_Mnfld: 0.00131,  L_NonMnfld: 0.02578,  L_Nrml: 0.00000,  L_Eknl: 0.16745, L_Morse: 0.98457

Weights: [7000.0, 600.0, 0, 50.0, 0.0, 7.231300000000001], lr=5.000e-05
Epoch: 0 [2840/10000 (28%)] Loss: 39.98874 = L_Mnfld: 7.64559 + L_NonMnfld: 16.83261 + L_Nrml: 0.00000 + L_Eknl: 8.23496 + L_Div: 0.00000 + L_Morse: 7.27558
Epoch: 0 [2840/10000 (28%)] Unweighted L_s : L_Mnfld: 0.00109,  L_NonMnfld: 0.02805,  L_Nrml: 0.00000,  L_Eknl: 0.16470, L_Morse: 1.00612

Weights: [7000.0, 600.0, 0, 50.0, 0.0, 7.198300000000001], lr=5.000e-05
Epoch: 0 [2850/10000 (28%)] Loss: 37.90588 = L_Mnfld: 6.66115 + L_NonMnfld: 15.94489 + L_Nrml: 0.00000 + L_Eknl: 8.13314 + L_Div: 0.00000 + L_Morse: 7.16670
Epoch: 0 [2850/10000 (28%)] Unweighted L_s : L_Mnfld: 0.00095,  L_NonMnfld: 0.02657,  L_Nrml: 0.00000,  L_Eknl: 0.16266, L_Morse: 0.99561

Weights: [7000.0, 600.0, 0, 50.0, 0.0, 7.1653], lr=5.000e-05
Epoch: 0 [2860/10000 (29%)] Loss: 41.09631 = L_Mnfld: 9.10291 + L_NonMnfld: 16.53621 + L_Nrml: 0.00000 + L_Eknl: 8.26518 + L_Div: 0.00000 + L_Morse: 7.19201
Epoch: 0 [2860/10000 (29%)] Unweighted L_s : L_Mnfld: 0.00130,  L_NonMnfld: 0.02756,  L_Nrml: 0.00000,  L_Eknl: 0.16530, L_Morse: 1.00373

Weights: [7000.0, 600.0, 0, 50.0, 0.0, 7.132300000000001], lr=5.000e-05
Epoch: 0 [2870/10000 (29%)] Loss: 37.73000 = L_Mnfld: 7.71689 + L_NonMnfld: 14.53801 + L_Nrml: 0.00000 + L_Eknl: 8.15287 + L_Div: 0.00000 + L_Morse: 7.32224
Epoch: 0 [2870/10000 (29%)] Unweighted L_s : L_Mnfld: 0.00110,  L_NonMnfld: 0.02423,  L_Nrml: 0.00000,  L_Eknl: 0.16306, L_Morse: 1.02663

Weights: [7000.0, 600.0, 0, 50.0, 0.0, 7.0993], lr=5.000e-05
Epoch: 0 [2880/10000 (29%)] Loss: 38.57776 = L_Mnfld: 8.25426 + L_NonMnfld: 14.56369 + L_Nrml: 0.00000 + L_Eknl: 8.55093 + L_Div: 0.00000 + L_Morse: 7.20888
Epoch: 0 [2880/10000 (29%)] Unweighted L_s : L_Mnfld: 0.00118,  L_NonMnfld: 0.02427,  L_Nrml: 0.00000,  L_Eknl: 0.17102, L_Morse: 1.01544

Weights: [7000.0, 600.0, 0, 50.0, 0.0, 7.0663], lr=5.000e-05
Epoch: 0 [2890/10000 (29%)] Loss: 39.33969 = L_Mnfld: 8.80459 + L_NonMnfld: 14.53126 + L_Nrml: 0.00000 + L_Eknl: 8.62105 + L_Div: 0.00000 + L_Morse: 7.38279
Epoch: 0 [2890/10000 (29%)] Unweighted L_s : L_Mnfld: 0.00126,  L_NonMnfld: 0.02422,  L_Nrml: 0.00000,  L_Eknl: 0.17242, L_Morse: 1.04479

Weights: [7000.0, 600.0, 0, 50.0, 0.0, 7.0333000000000006], lr=5.000e-05
Epoch: 0 [2900/10000 (29%)] Loss: 38.19178 = L_Mnfld: 8.58576 + L_NonMnfld: 13.94489 + L_Nrml: 0.00000 + L_Eknl: 8.23751 + L_Div: 0.00000 + L_Morse: 7.42363
Epoch: 0 [2900/10000 (29%)] Unweighted L_s : L_Mnfld: 0.00123,  L_NonMnfld: 0.02324,  L_Nrml: 0.00000,  L_Eknl: 0.16475, L_Morse: 1.05550

Weights: [7000.0, 600.0, 0, 50.0, 0.0, 7.0003], lr=5.000e-05
Epoch: 0 [2910/10000 (29%)] Loss: 41.20112 = L_Mnfld: 8.79148 + L_NonMnfld: 16.91875 + L_Nrml: 0.00000 + L_Eknl: 8.20683 + L_Div: 0.00000 + L_Morse: 7.28405
Epoch: 0 [2910/10000 (29%)] Unweighted L_s : L_Mnfld: 0.00126,  L_NonMnfld: 0.02820,  L_Nrml: 0.00000,  L_Eknl: 0.16414, L_Morse: 1.04053

Weights: [7000.0, 600.0, 0, 50.0, 0.0, 6.9673], lr=5.000e-05
Epoch: 0 [2920/10000 (29%)] Loss: 39.15749 = L_Mnfld: 8.21144 + L_NonMnfld: 15.92637 + L_Nrml: 0.00000 + L_Eknl: 7.93173 + L_Div: 0.00000 + L_Morse: 7.08796
Epoch: 0 [2920/10000 (29%)] Unweighted L_s : L_Mnfld: 0.00117,  L_NonMnfld: 0.02654,  L_Nrml: 0.00000,  L_Eknl: 0.15863, L_Morse: 1.01732

Weights: [7000.0, 600.0, 0, 50.0, 0.0, 6.9343], lr=5.000e-05
Epoch: 0 [2930/10000 (29%)] Loss: 39.52645 = L_Mnfld: 8.74569 + L_NonMnfld: 15.22175 + L_Nrml: 0.00000 + L_Eknl: 8.19533 + L_Div: 0.00000 + L_Morse: 7.36369
Epoch: 0 [2930/10000 (29%)] Unweighted L_s : L_Mnfld: 0.00125,  L_NonMnfld: 0.02537,  L_Nrml: 0.00000,  L_Eknl: 0.16391, L_Morse: 1.06192

Weights: [7000.0, 600.0, 0, 50.0, 0.0, 6.901300000000001], lr=5.000e-05
Epoch: 0 [2940/10000 (29%)] Loss: 37.84244 = L_Mnfld: 8.16199 + L_NonMnfld: 14.26537 + L_Nrml: 0.00000 + L_Eknl: 8.32233 + L_Div: 0.00000 + L_Morse: 7.09275
Epoch: 0 [2940/10000 (29%)] Unweighted L_s : L_Mnfld: 0.00117,  L_NonMnfld: 0.02378,  L_Nrml: 0.00000,  L_Eknl: 0.16645, L_Morse: 1.02774

Weights: [7000.0, 600.0, 0, 50.0, 0.0, 6.8683000000000005], lr=5.000e-05
Epoch: 0 [2950/10000 (30%)] Loss: 38.33532 = L_Mnfld: 7.96413 + L_NonMnfld: 14.78369 + L_Nrml: 0.00000 + L_Eknl: 8.21559 + L_Div: 0.00000 + L_Morse: 7.37191
Epoch: 0 [2950/10000 (30%)] Unweighted L_s : L_Mnfld: 0.00114,  L_NonMnfld: 0.02464,  L_Nrml: 0.00000,  L_Eknl: 0.16431, L_Morse: 1.07332

Weights: [7000.0, 600.0, 0, 50.0, 0.0, 6.8353], lr=5.000e-05
Epoch: 0 [2960/10000 (30%)] Loss: 38.08372 = L_Mnfld: 7.80263 + L_NonMnfld: 14.90879 + L_Nrml: 0.00000 + L_Eknl: 8.23086 + L_Div: 0.00000 + L_Morse: 7.14143
Epoch: 0 [2960/10000 (30%)] Unweighted L_s : L_Mnfld: 0.00111,  L_NonMnfld: 0.02485,  L_Nrml: 0.00000,  L_Eknl: 0.16462, L_Morse: 1.04479

Weights: [7000.0, 600.0, 0, 50.0, 0.0, 6.802300000000001], lr=5.000e-05
Epoch: 0 [2970/10000 (30%)] Loss: 41.45906 = L_Mnfld: 10.95424 + L_NonMnfld: 15.04615 + L_Nrml: 0.00000 + L_Eknl: 8.13469 + L_Div: 0.00000 + L_Morse: 7.32399
Epoch: 0 [2970/10000 (30%)] Unweighted L_s : L_Mnfld: 0.00156,  L_NonMnfld: 0.02508,  L_Nrml: 0.00000,  L_Eknl: 0.16269, L_Morse: 1.07669

Weights: [7000.0, 600.0, 0, 50.0, 0.0, 6.7693], lr=5.000e-05
Epoch: 0 [2980/10000 (30%)] Loss: 38.75420 = L_Mnfld: 8.77520 + L_NonMnfld: 14.83660 + L_Nrml: 0.00000 + L_Eknl: 8.21483 + L_Div: 0.00000 + L_Morse: 6.92757
Epoch: 0 [2980/10000 (30%)] Unweighted L_s : L_Mnfld: 0.00125,  L_NonMnfld: 0.02473,  L_Nrml: 0.00000,  L_Eknl: 0.16430, L_Morse: 1.02338

Weights: [7000.0, 600.0, 0, 50.0, 0.0, 6.7363], lr=5.000e-05
Epoch: 0 [2990/10000 (30%)] Loss: 39.95239 = L_Mnfld: 8.93081 + L_NonMnfld: 15.70294 + L_Nrml: 0.00000 + L_Eknl: 8.08542 + L_Div: 0.00000 + L_Morse: 7.23322
Epoch: 0 [2990/10000 (30%)] Unweighted L_s : L_Mnfld: 0.00128,  L_NonMnfld: 0.02617,  L_Nrml: 0.00000,  L_Eknl: 0.16171, L_Morse: 1.07377

Weights: [7000.0, 600.0, 0, 50.0, 0.0, 6.7033000000000005], lr=5.000e-05
Epoch: 0 [3000/10000 (30%)] Loss: 38.87422 = L_Mnfld: 8.49559 + L_NonMnfld: 15.05821 + L_Nrml: 0.00000 + L_Eknl: 8.06868 + L_Div: 0.00000 + L_Morse: 7.25174
Epoch: 0 [3000/10000 (30%)] Unweighted L_s : L_Mnfld: 0.00121,  L_NonMnfld: 0.02510,  L_Nrml: 0.00000,  L_Eknl: 0.16137, L_Morse: 1.08182

Weights: [7000.0, 600.0, 0, 50.0, 0.0, 6.6703], lr=5.000e-05
Epoch: 0 [3010/10000 (30%)] Loss: 38.63078 = L_Mnfld: 9.67881 + L_NonMnfld: 13.84385 + L_Nrml: 0.00000 + L_Eknl: 8.04892 + L_Div: 0.00000 + L_Morse: 7.05920
Epoch: 0 [3010/10000 (30%)] Unweighted L_s : L_Mnfld: 0.00138,  L_NonMnfld: 0.02307,  L_Nrml: 0.00000,  L_Eknl: 0.16098, L_Morse: 1.05830

Weights: [7000.0, 600.0, 0, 50.0, 0.0, 6.6373], lr=5.000e-05
Epoch: 0 [3020/10000 (30%)] Loss: 40.35504 = L_Mnfld: 9.73084 + L_NonMnfld: 14.69517 + L_Nrml: 0.00000 + L_Eknl: 8.45450 + L_Div: 0.00000 + L_Morse: 7.47453
Epoch: 0 [3020/10000 (30%)] Unweighted L_s : L_Mnfld: 0.00139,  L_NonMnfld: 0.02449,  L_Nrml: 0.00000,  L_Eknl: 0.16909, L_Morse: 1.12614

Weights: [7000.0, 600.0, 0, 50.0, 0.0, 6.6043], lr=5.000e-05
Epoch: 0 [3030/10000 (30%)] Loss: 40.00969 = L_Mnfld: 8.56030 + L_NonMnfld: 15.78578 + L_Nrml: 0.00000 + L_Eknl: 8.20379 + L_Div: 0.00000 + L_Morse: 7.45983
Epoch: 0 [3030/10000 (30%)] Unweighted L_s : L_Mnfld: 0.00122,  L_NonMnfld: 0.02631,  L_Nrml: 0.00000,  L_Eknl: 0.16408, L_Morse: 1.12954

Weights: [7000.0, 600.0, 0, 50.0, 0.0, 6.5713], lr=5.000e-05
Epoch: 0 [3040/10000 (30%)] Loss: 38.70430 = L_Mnfld: 8.75505 + L_NonMnfld: 14.44461 + L_Nrml: 0.00000 + L_Eknl: 8.05508 + L_Div: 0.00000 + L_Morse: 7.44956
Epoch: 0 [3040/10000 (30%)] Unweighted L_s : L_Mnfld: 0.00125,  L_NonMnfld: 0.02407,  L_Nrml: 0.00000,  L_Eknl: 0.16110, L_Morse: 1.13365

Weights: [7000.0, 600.0, 0, 50.0, 0.0, 6.5383], lr=5.000e-05
Epoch: 0 [3050/10000 (30%)] Loss: 39.37177 = L_Mnfld: 8.78231 + L_NonMnfld: 15.36106 + L_Nrml: 0.00000 + L_Eknl: 8.13236 + L_Div: 0.00000 + L_Morse: 7.09603
Epoch: 0 [3050/10000 (30%)] Unweighted L_s : L_Mnfld: 0.00125,  L_NonMnfld: 0.02560,  L_Nrml: 0.00000,  L_Eknl: 0.16265, L_Morse: 1.08530

Weights: [7000.0, 600.0, 0, 50.0, 0.0, 6.5053], lr=5.000e-05
Epoch: 0 [3060/10000 (31%)] Loss: 37.76176 = L_Mnfld: 7.37303 + L_NonMnfld: 15.41849 + L_Nrml: 0.00000 + L_Eknl: 7.98885 + L_Div: 0.00000 + L_Morse: 6.98138
Epoch: 0 [3060/10000 (31%)] Unweighted L_s : L_Mnfld: 0.00105,  L_NonMnfld: 0.02570,  L_Nrml: 0.00000,  L_Eknl: 0.15978, L_Morse: 1.07318

Weights: [7000.0, 600.0, 0, 50.0, 0.0, 6.4723], lr=5.000e-05
Epoch: 0 [3070/10000 (31%)] Loss: 41.32306 = L_Mnfld: 9.89125 + L_NonMnfld: 16.36338 + L_Nrml: 0.00000 + L_Eknl: 7.90176 + L_Div: 0.00000 + L_Morse: 7.16667
Epoch: 0 [3070/10000 (31%)] Unweighted L_s : L_Mnfld: 0.00141,  L_NonMnfld: 0.02727,  L_Nrml: 0.00000,  L_Eknl: 0.15804, L_Morse: 1.10728

Weights: [7000.0, 600.0, 0, 50.0, 0.0, 6.439299999999999], lr=5.000e-05
Epoch: 0 [3080/10000 (31%)] Loss: 39.46338 = L_Mnfld: 9.67087 + L_NonMnfld: 14.97438 + L_Nrml: 0.00000 + L_Eknl: 7.84622 + L_Div: 0.00000 + L_Morse: 6.97191
Epoch: 0 [3080/10000 (31%)] Unweighted L_s : L_Mnfld: 0.00138,  L_NonMnfld: 0.02496,  L_Nrml: 0.00000,  L_Eknl: 0.15692, L_Morse: 1.08271

Weights: [7000.0, 600.0, 0, 50.0, 0.0, 6.4063], lr=5.000e-05
Epoch: 0 [3090/10000 (31%)] Loss: 38.98242 = L_Mnfld: 8.59332 + L_NonMnfld: 15.94077 + L_Nrml: 0.00000 + L_Eknl: 7.84796 + L_Div: 0.00000 + L_Morse: 6.60038
Epoch: 0 [3090/10000 (31%)] Unweighted L_s : L_Mnfld: 0.00123,  L_NonMnfld: 0.02657,  L_Nrml: 0.00000,  L_Eknl: 0.15696, L_Morse: 1.03030

Weights: [7000.0, 600.0, 0, 50.0, 0.0, 6.3733], lr=5.000e-05
Epoch: 0 [3100/10000 (31%)] Loss: 38.21864 = L_Mnfld: 8.19205 + L_NonMnfld: 15.29692 + L_Nrml: 0.00000 + L_Eknl: 7.93875 + L_Div: 0.00000 + L_Morse: 6.79092
Epoch: 0 [3100/10000 (31%)] Unweighted L_s : L_Mnfld: 0.00117,  L_NonMnfld: 0.02549,  L_Nrml: 0.00000,  L_Eknl: 0.15877, L_Morse: 1.06553

Weights: [7000.0, 600.0, 0, 50.0, 0.0, 6.3403], lr=5.000e-05
Epoch: 0 [3110/10000 (31%)] Loss: 38.97600 = L_Mnfld: 8.73671 + L_NonMnfld: 15.35139 + L_Nrml: 0.00000 + L_Eknl: 7.82189 + L_Div: 0.00000 + L_Morse: 7.06602
Epoch: 0 [3110/10000 (31%)] Unweighted L_s : L_Mnfld: 0.00125,  L_NonMnfld: 0.02559,  L_Nrml: 0.00000,  L_Eknl: 0.15644, L_Morse: 1.11446

Weights: [7000.0, 600.0, 0, 50.0, 0.0, 6.3073], lr=5.000e-05
Epoch: 0 [3120/10000 (31%)] Loss: 38.20045 = L_Mnfld: 8.15394 + L_NonMnfld: 15.60927 + L_Nrml: 0.00000 + L_Eknl: 7.85460 + L_Div: 0.00000 + L_Morse: 6.58264
Epoch: 0 [3120/10000 (31%)] Unweighted L_s : L_Mnfld: 0.00116,  L_NonMnfld: 0.02602,  L_Nrml: 0.00000,  L_Eknl: 0.15709, L_Morse: 1.04365

Weights: [7000.0, 600.0, 0, 50.0, 0.0, 6.2743], lr=5.000e-05
Epoch: 0 [3130/10000 (31%)] Loss: 36.77940 = L_Mnfld: 7.09572 + L_NonMnfld: 15.23256 + L_Nrml: 0.00000 + L_Eknl: 7.72901 + L_Div: 0.00000 + L_Morse: 6.72211
Epoch: 0 [3130/10000 (31%)] Unweighted L_s : L_Mnfld: 0.00101,  L_NonMnfld: 0.02539,  L_Nrml: 0.00000,  L_Eknl: 0.15458, L_Morse: 1.07137

Weights: [7000.0, 600.0, 0, 50.0, 0.0, 6.2413], lr=5.000e-05
Epoch: 0 [3140/10000 (31%)] Loss: 37.39690 = L_Mnfld: 7.68805 + L_NonMnfld: 15.20383 + L_Nrml: 0.00000 + L_Eknl: 7.72118 + L_Div: 0.00000 + L_Morse: 6.78385
Epoch: 0 [3140/10000 (31%)] Unweighted L_s : L_Mnfld: 0.00110,  L_NonMnfld: 0.02534,  L_Nrml: 0.00000,  L_Eknl: 0.15442, L_Morse: 1.08693

Weights: [7000.0, 600.0, 0, 50.0, 0.0, 6.2082999999999995], lr=5.000e-05
Epoch: 0 [3150/10000 (32%)] Loss: 38.03781 = L_Mnfld: 7.24850 + L_NonMnfld: 15.92762 + L_Nrml: 0.00000 + L_Eknl: 7.80260 + L_Div: 0.00000 + L_Morse: 7.05909
Epoch: 0 [3150/10000 (32%)] Unweighted L_s : L_Mnfld: 0.00104,  L_NonMnfld: 0.02655,  L_Nrml: 0.00000,  L_Eknl: 0.15605, L_Morse: 1.13704

Weights: [7000.0, 600.0, 0, 50.0, 0.0, 6.1753], lr=5.000e-05
Epoch: 0 [3160/10000 (32%)] Loss: 37.69602 = L_Mnfld: 7.92608 + L_NonMnfld: 15.20460 + L_Nrml: 0.00000 + L_Eknl: 7.86599 + L_Div: 0.00000 + L_Morse: 6.69935
Epoch: 0 [3160/10000 (32%)] Unweighted L_s : L_Mnfld: 0.00113,  L_NonMnfld: 0.02534,  L_Nrml: 0.00000,  L_Eknl: 0.15732, L_Morse: 1.08486

Weights: [7000.0, 600.0, 0, 50.0, 0.0, 6.1423], lr=5.000e-05
Epoch: 0 [3170/10000 (32%)] Loss: 38.56269 = L_Mnfld: 7.99429 + L_NonMnfld: 15.83432 + L_Nrml: 0.00000 + L_Eknl: 7.72005 + L_Div: 0.00000 + L_Morse: 7.01403
Epoch: 0 [3170/10000 (32%)] Unweighted L_s : L_Mnfld: 0.00114,  L_NonMnfld: 0.02639,  L_Nrml: 0.00000,  L_Eknl: 0.15440, L_Morse: 1.14192

Weights: [7000.0, 600.0, 0, 50.0, 0.0, 6.109299999999999], lr=5.000e-05
Epoch: 0 [3180/10000 (32%)] Loss: 36.99750 = L_Mnfld: 7.49584 + L_NonMnfld: 14.99649 + L_Nrml: 0.00000 + L_Eknl: 8.07270 + L_Div: 0.00000 + L_Morse: 6.43248
Epoch: 0 [3180/10000 (32%)] Unweighted L_s : L_Mnfld: 0.00107,  L_NonMnfld: 0.02499,  L_Nrml: 0.00000,  L_Eknl: 0.16145, L_Morse: 1.05290

Weights: [7000.0, 600.0, 0, 50.0, 0.0, 6.0763], lr=5.000e-05
Epoch: 0 [3190/10000 (32%)] Loss: 38.32779 = L_Mnfld: 8.70265 + L_NonMnfld: 15.39265 + L_Nrml: 0.00000 + L_Eknl: 7.57454 + L_Div: 0.00000 + L_Morse: 6.65794
Epoch: 0 [3190/10000 (32%)] Unweighted L_s : L_Mnfld: 0.00124,  L_NonMnfld: 0.02565,  L_Nrml: 0.00000,  L_Eknl: 0.15149, L_Morse: 1.09572

Weights: [7000.0, 600.0, 0, 50.0, 0.0, 6.0432999999999995], lr=5.000e-05
Epoch: 0 [3200/10000 (32%)] Loss: 37.14524 = L_Mnfld: 8.17870 + L_NonMnfld: 14.67539 + L_Nrml: 0.00000 + L_Eknl: 7.56171 + L_Div: 0.00000 + L_Morse: 6.72943
Epoch: 0 [3200/10000 (32%)] Unweighted L_s : L_Mnfld: 0.00117,  L_NonMnfld: 0.02446,  L_Nrml: 0.00000,  L_Eknl: 0.15123, L_Morse: 1.11354

Weights: [7000.0, 600.0, 0, 50.0, 0.0, 6.010299999999999], lr=5.000e-05
Epoch: 0 [3210/10000 (32%)] Loss: 35.36681 = L_Mnfld: 7.30703 + L_NonMnfld: 13.78171 + L_Nrml: 0.00000 + L_Eknl: 7.62436 + L_Div: 0.00000 + L_Morse: 6.65372
Epoch: 0 [3210/10000 (32%)] Unweighted L_s : L_Mnfld: 0.00104,  L_NonMnfld: 0.02297,  L_Nrml: 0.00000,  L_Eknl: 0.15249, L_Morse: 1.10705

Weights: [7000.0, 600.0, 0, 50.0, 0.0, 5.9773], lr=5.000e-05
Epoch: 0 [3220/10000 (32%)] Loss: 37.93187 = L_Mnfld: 8.50650 + L_NonMnfld: 14.58505 + L_Nrml: 0.00000 + L_Eknl: 7.86137 + L_Div: 0.00000 + L_Morse: 6.97894
Epoch: 0 [3220/10000 (32%)] Unweighted L_s : L_Mnfld: 0.00122,  L_NonMnfld: 0.02431,  L_Nrml: 0.00000,  L_Eknl: 0.15723, L_Morse: 1.16757

Weights: [7000.0, 600.0, 0, 50.0, 0.0, 5.944299999999999], lr=5.000e-05
Epoch: 0 [3230/10000 (32%)] Loss: 71.74150 = L_Mnfld: 34.47342 + L_NonMnfld: 17.33379 + L_Nrml: 0.00000 + L_Eknl: 12.37274 + L_Div: 0.00000 + L_Morse: 7.56154
Epoch: 0 [3230/10000 (32%)] Unweighted L_s : L_Mnfld: 0.00492,  L_NonMnfld: 0.02889,  L_Nrml: 0.00000,  L_Eknl: 0.24745, L_Morse: 1.27207

Weights: [7000.0, 600.0, 0, 50.0, 0.0, 5.911299999999999], lr=5.000e-05
Epoch: 0 [3240/10000 (32%)] Loss: 76.16743 = L_Mnfld: 37.38429 + L_NonMnfld: 15.23857 + L_Nrml: 0.00000 + L_Eknl: 12.95444 + L_Div: 0.00000 + L_Morse: 10.59013
Epoch: 0 [3240/10000 (32%)] Unweighted L_s : L_Mnfld: 0.00534,  L_NonMnfld: 0.02540,  L_Nrml: 0.00000,  L_Eknl: 0.25909, L_Morse: 1.79151

Weights: [7000.0, 600.0, 0, 50.0, 0.0, 5.878299999999999], lr=5.000e-05
Epoch: 0 [3250/10000 (32%)] Loss: 83.92400 = L_Mnfld: 45.60267 + L_NonMnfld: 16.31646 + L_Nrml: 0.00000 + L_Eknl: 12.53348 + L_Div: 0.00000 + L_Morse: 9.47139
Epoch: 0 [3250/10000 (32%)] Unweighted L_s : L_Mnfld: 0.00651,  L_NonMnfld: 0.02719,  L_Nrml: 0.00000,  L_Eknl: 0.25067, L_Morse: 1.61125

Weights: [7000.0, 600.0, 0, 50.0, 0.0, 5.845299999999999], lr=5.000e-05
Epoch: 0 [3260/10000 (33%)] Loss: 66.64094 = L_Mnfld: 29.22121 + L_NonMnfld: 15.65393 + L_Nrml: 0.00000 + L_Eknl: 12.31059 + L_Div: 0.00000 + L_Morse: 9.45521
Epoch: 0 [3260/10000 (33%)] Unweighted L_s : L_Mnfld: 0.00417,  L_NonMnfld: 0.02609,  L_Nrml: 0.00000,  L_Eknl: 0.24621, L_Morse: 1.61757

Weights: [7000.0, 600.0, 0, 50.0, 0.0, 5.812299999999999], lr=5.000e-05
Epoch: 0 [3270/10000 (33%)] Loss: 74.23828 = L_Mnfld: 35.72178 + L_NonMnfld: 16.74833 + L_Nrml: 0.00000 + L_Eknl: 12.43805 + L_Div: 0.00000 + L_Morse: 9.33011
Epoch: 0 [3270/10000 (33%)] Unweighted L_s : L_Mnfld: 0.00510,  L_NonMnfld: 0.02791,  L_Nrml: 0.00000,  L_Eknl: 0.24876, L_Morse: 1.60524

Weights: [7000.0, 600.0, 0, 50.0, 0.0, 5.779299999999999], lr=5.000e-05
Epoch: 0 [3280/10000 (33%)] Loss: 57.89281 = L_Mnfld: 23.67227 + L_NonMnfld: 14.18724 + L_Nrml: 0.00000 + L_Eknl: 11.15347 + L_Div: 0.00000 + L_Morse: 8.87984
Epoch: 0 [3280/10000 (33%)] Unweighted L_s : L_Mnfld: 0.00338,  L_NonMnfld: 0.02365,  L_Nrml: 0.00000,  L_Eknl: 0.22307, L_Morse: 1.53649

Weights: [7000.0, 600.0, 0, 50.0, 0.0, 5.746299999999999], lr=5.000e-05
Epoch: 0 [3290/10000 (33%)] Loss: 46.02900 = L_Mnfld: 14.61853 + L_NonMnfld: 13.74625 + L_Nrml: 0.00000 + L_Eknl: 10.23192 + L_Div: 0.00000 + L_Morse: 7.43231
Epoch: 0 [3290/10000 (33%)] Unweighted L_s : L_Mnfld: 0.00209,  L_NonMnfld: 0.02291,  L_Nrml: 0.00000,  L_Eknl: 0.20464, L_Morse: 1.29341

Weights: [7000.0, 600.0, 0, 50.0, 0.0, 5.713299999999999], lr=5.000e-05
Epoch: 0 [3300/10000 (33%)] Loss: 42.83126 = L_Mnfld: 11.97111 + L_NonMnfld: 14.19553 + L_Nrml: 0.00000 + L_Eknl: 9.41803 + L_Div: 0.00000 + L_Morse: 7.24658
Epoch: 0 [3300/10000 (33%)] Unweighted L_s : L_Mnfld: 0.00171,  L_NonMnfld: 0.02366,  L_Nrml: 0.00000,  L_Eknl: 0.18836, L_Morse: 1.26837

Weights: [7000.0, 600.0, 0, 50.0, 0.0, 5.680299999999999], lr=5.000e-05
Epoch: 0 [3310/10000 (33%)] Loss: 41.14371 = L_Mnfld: 10.52214 + L_NonMnfld: 14.95842 + L_Nrml: 0.00000 + L_Eknl: 8.89170 + L_Div: 0.00000 + L_Morse: 6.77146
Epoch: 0 [3310/10000 (33%)] Unweighted L_s : L_Mnfld: 0.00150,  L_NonMnfld: 0.02493,  L_Nrml: 0.00000,  L_Eknl: 0.17783, L_Morse: 1.19210

Weights: [7000.0, 600.0, 0, 50.0, 0.0, 5.6473], lr=5.000e-05
Epoch: 0 [3320/10000 (33%)] Loss: 38.62600 = L_Mnfld: 8.56831 + L_NonMnfld: 14.93170 + L_Nrml: 0.00000 + L_Eknl: 8.60015 + L_Div: 0.00000 + L_Morse: 6.52584
Epoch: 0 [3320/10000 (33%)] Unweighted L_s : L_Mnfld: 0.00122,  L_NonMnfld: 0.02489,  L_Nrml: 0.00000,  L_Eknl: 0.17200, L_Morse: 1.15557

Weights: [7000.0, 600.0, 0, 50.0, 0.0, 5.614300000000001], lr=5.000e-05
Epoch: 0 [3330/10000 (33%)] Loss: 38.10620 = L_Mnfld: 8.32162 + L_NonMnfld: 14.72856 + L_Nrml: 0.00000 + L_Eknl: 8.54259 + L_Div: 0.00000 + L_Morse: 6.51343
Epoch: 0 [3330/10000 (33%)] Unweighted L_s : L_Mnfld: 0.00119,  L_NonMnfld: 0.02455,  L_Nrml: 0.00000,  L_Eknl: 0.17085, L_Morse: 1.16015

Weights: [7000.0, 600.0, 0, 50.0, 0.0, 5.581300000000001], lr=5.000e-05
Epoch: 0 [3340/10000 (33%)] Loss: 36.55551 = L_Mnfld: 7.98173 + L_NonMnfld: 13.77603 + L_Nrml: 0.00000 + L_Eknl: 8.20549 + L_Div: 0.00000 + L_Morse: 6.59226
Epoch: 0 [3340/10000 (33%)] Unweighted L_s : L_Mnfld: 0.00114,  L_NonMnfld: 0.02296,  L_Nrml: 0.00000,  L_Eknl: 0.16411, L_Morse: 1.18113

Weights: [7000.0, 600.0, 0, 50.0, 0.0, 5.5483], lr=5.000e-05
Epoch: 0 [3350/10000 (34%)] Loss: 38.02650 = L_Mnfld: 9.32766 + L_NonMnfld: 14.00812 + L_Nrml: 0.00000 + L_Eknl: 8.30377 + L_Div: 0.00000 + L_Morse: 6.38694
Epoch: 0 [3350/10000 (34%)] Unweighted L_s : L_Mnfld: 0.00133,  L_NonMnfld: 0.02335,  L_Nrml: 0.00000,  L_Eknl: 0.16608, L_Morse: 1.15115

Weights: [7000.0, 600.0, 0, 50.0, 0.0, 5.515300000000001], lr=5.000e-05
Epoch: 0 [3360/10000 (34%)] Loss: 38.61179 = L_Mnfld: 8.19660 + L_NonMnfld: 15.91206 + L_Nrml: 0.00000 + L_Eknl: 8.11088 + L_Div: 0.00000 + L_Morse: 6.39225
Epoch: 0 [3360/10000 (34%)] Unweighted L_s : L_Mnfld: 0.00117,  L_NonMnfld: 0.02652,  L_Nrml: 0.00000,  L_Eknl: 0.16222, L_Morse: 1.15900

Weights: [7000.0, 600.0, 0, 50.0, 0.0, 5.4823], lr=5.000e-05
Epoch: 0 [3370/10000 (34%)] Loss: 35.24594 = L_Mnfld: 7.00528 + L_NonMnfld: 14.03856 + L_Nrml: 0.00000 + L_Eknl: 7.83607 + L_Div: 0.00000 + L_Morse: 6.36603
Epoch: 0 [3370/10000 (34%)] Unweighted L_s : L_Mnfld: 0.00100,  L_NonMnfld: 0.02340,  L_Nrml: 0.00000,  L_Eknl: 0.15672, L_Morse: 1.16120

Weights: [7000.0, 600.0, 0, 50.0, 0.0, 5.4493], lr=5.000e-05
Epoch: 0 [3380/10000 (34%)] Loss: 36.26904 = L_Mnfld: 7.65978 + L_NonMnfld: 14.28451 + L_Nrml: 0.00000 + L_Eknl: 7.74763 + L_Div: 0.00000 + L_Morse: 6.57712
Epoch: 0 [3380/10000 (34%)] Unweighted L_s : L_Mnfld: 0.00109,  L_NonMnfld: 0.02381,  L_Nrml: 0.00000,  L_Eknl: 0.15495, L_Morse: 1.20697

Weights: [7000.0, 600.0, 0, 50.0, 0.0, 5.416300000000001], lr=5.000e-05
Epoch: 0 [3390/10000 (34%)] Loss: 34.38273 = L_Mnfld: 6.50646 + L_NonMnfld: 13.81517 + L_Nrml: 0.00000 + L_Eknl: 7.68355 + L_Div: 0.00000 + L_Morse: 6.37756
Epoch: 0 [3390/10000 (34%)] Unweighted L_s : L_Mnfld: 0.00093,  L_NonMnfld: 0.02303,  L_Nrml: 0.00000,  L_Eknl: 0.15367, L_Morse: 1.17748

Weights: [7000.0, 600.0, 0, 50.0, 0.0, 5.383300000000001], lr=5.000e-05
Epoch: 0 [3400/10000 (34%)] Loss: 34.81471 = L_Mnfld: 6.48271 + L_NonMnfld: 14.13857 + L_Nrml: 0.00000 + L_Eknl: 7.66432 + L_Div: 0.00000 + L_Morse: 6.52911
Epoch: 0 [3400/10000 (34%)] Unweighted L_s : L_Mnfld: 0.00093,  L_NonMnfld: 0.02356,  L_Nrml: 0.00000,  L_Eknl: 0.15329, L_Morse: 1.21284

Weights: [7000.0, 600.0, 0, 50.0, 0.0, 5.350300000000001], lr=5.000e-05
Epoch: 0 [3410/10000 (34%)] Loss: 35.05509 = L_Mnfld: 6.77325 + L_NonMnfld: 14.43195 + L_Nrml: 0.00000 + L_Eknl: 7.65819 + L_Div: 0.00000 + L_Morse: 6.19169
Epoch: 0 [3410/10000 (34%)] Unweighted L_s : L_Mnfld: 0.00097,  L_NonMnfld: 0.02405,  L_Nrml: 0.00000,  L_Eknl: 0.15316, L_Morse: 1.15726

Weights: [7000.0, 600.0, 0, 50.0, 0.0, 5.317300000000001], lr=5.000e-05
Epoch: 0 [3420/10000 (34%)] Loss: 34.68880 = L_Mnfld: 6.52452 + L_NonMnfld: 14.40487 + L_Nrml: 0.00000 + L_Eknl: 7.55706 + L_Div: 0.00000 + L_Morse: 6.20235
Epoch: 0 [3420/10000 (34%)] Unweighted L_s : L_Mnfld: 0.00093,  L_NonMnfld: 0.02401,  L_Nrml: 0.00000,  L_Eknl: 0.15114, L_Morse: 1.16645

Weights: [7000.0, 600.0, 0, 50.0, 0.0, 5.284300000000001], lr=5.000e-05
Epoch: 0 [3430/10000 (34%)] Loss: 35.09927 = L_Mnfld: 5.96962 + L_NonMnfld: 15.77835 + L_Nrml: 0.00000 + L_Eknl: 7.32587 + L_Div: 0.00000 + L_Morse: 6.02544
Epoch: 0 [3430/10000 (34%)] Unweighted L_s : L_Mnfld: 0.00085,  L_NonMnfld: 0.02630,  L_Nrml: 0.00000,  L_Eknl: 0.14652, L_Morse: 1.14025

Weights: [7000.0, 600.0, 0, 50.0, 0.0, 5.2513000000000005], lr=5.000e-05
Epoch: 0 [3440/10000 (34%)] Loss: 33.47625 = L_Mnfld: 6.62025 + L_NonMnfld: 13.16672 + L_Nrml: 0.00000 + L_Eknl: 7.33043 + L_Div: 0.00000 + L_Morse: 6.35884
Epoch: 0 [3440/10000 (34%)] Unweighted L_s : L_Mnfld: 0.00095,  L_NonMnfld: 0.02194,  L_Nrml: 0.00000,  L_Eknl: 0.14661, L_Morse: 1.21091

Weights: [7000.0, 600.0, 0, 50.0, 0.0, 5.218300000000001], lr=5.000e-05
Epoch: 0 [3450/10000 (34%)] Loss: 35.01625 = L_Mnfld: 6.91540 + L_NonMnfld: 14.71970 + L_Nrml: 0.00000 + L_Eknl: 7.16804 + L_Div: 0.00000 + L_Morse: 6.21311
Epoch: 0 [3450/10000 (34%)] Unweighted L_s : L_Mnfld: 0.00099,  L_NonMnfld: 0.02453,  L_Nrml: 0.00000,  L_Eknl: 0.14336, L_Morse: 1.19064

Weights: [7000.0, 600.0, 0, 50.0, 0.0, 5.185300000000001], lr=5.000e-05
Epoch: 0 [3460/10000 (35%)] Loss: 34.90341 = L_Mnfld: 6.37843 + L_NonMnfld: 15.15387 + L_Nrml: 0.00000 + L_Eknl: 7.29677 + L_Div: 0.00000 + L_Morse: 6.07434
Epoch: 0 [3460/10000 (35%)] Unweighted L_s : L_Mnfld: 0.00091,  L_NonMnfld: 0.02526,  L_Nrml: 0.00000,  L_Eknl: 0.14594, L_Morse: 1.17145

Weights: [7000.0, 600.0, 0, 50.0, 0.0, 5.1523], lr=5.000e-05
Epoch: 0 [3470/10000 (35%)] Loss: 35.36636 = L_Mnfld: 6.06646 + L_NonMnfld: 16.00675 + L_Nrml: 0.00000 + L_Eknl: 7.25037 + L_Div: 0.00000 + L_Morse: 6.04278
Epoch: 0 [3470/10000 (35%)] Unweighted L_s : L_Mnfld: 0.00087,  L_NonMnfld: 0.02668,  L_Nrml: 0.00000,  L_Eknl: 0.14501, L_Morse: 1.17283

Weights: [7000.0, 600.0, 0, 50.0, 0.0, 5.119300000000001], lr=5.000e-05
Epoch: 0 [3480/10000 (35%)] Loss: 35.00989 = L_Mnfld: 7.34433 + L_NonMnfld: 14.22496 + L_Nrml: 0.00000 + L_Eknl: 7.15279 + L_Div: 0.00000 + L_Morse: 6.28779
Epoch: 0 [3480/10000 (35%)] Unweighted L_s : L_Mnfld: 0.00105,  L_NonMnfld: 0.02371,  L_Nrml: 0.00000,  L_Eknl: 0.14306, L_Morse: 1.22825

Weights: [7000.0, 600.0, 0, 50.0, 0.0, 5.0863000000000005], lr=5.000e-05
Epoch: 0 [3490/10000 (35%)] Loss: 34.63789 = L_Mnfld: 6.30923 + L_NonMnfld: 15.00819 + L_Nrml: 0.00000 + L_Eknl: 7.14105 + L_Div: 0.00000 + L_Morse: 6.17941
Epoch: 0 [3490/10000 (35%)] Unweighted L_s : L_Mnfld: 0.00090,  L_NonMnfld: 0.02501,  L_Nrml: 0.00000,  L_Eknl: 0.14282, L_Morse: 1.21491

Weights: [7000.0, 600.0, 0, 50.0, 0.0, 5.0533], lr=5.000e-05
Epoch: 0 [3500/10000 (35%)] Loss: 34.42821 = L_Mnfld: 7.19767 + L_NonMnfld: 14.08774 + L_Nrml: 0.00000 + L_Eknl: 7.12062 + L_Div: 0.00000 + L_Morse: 6.02218
Epoch: 0 [3500/10000 (35%)] Unweighted L_s : L_Mnfld: 0.00103,  L_NonMnfld: 0.02348,  L_Nrml: 0.00000,  L_Eknl: 0.14241, L_Morse: 1.19173

Weights: [7000.0, 600.0, 0, 50.0, 0.0, 5.020300000000001], lr=5.000e-05
Epoch: 0 [3510/10000 (35%)] Loss: 34.66815 = L_Mnfld: 6.74659 + L_NonMnfld: 14.69924 + L_Nrml: 0.00000 + L_Eknl: 7.06625 + L_Div: 0.00000 + L_Morse: 6.15607
Epoch: 0 [3510/10000 (35%)] Unweighted L_s : L_Mnfld: 0.00096,  L_NonMnfld: 0.02450,  L_Nrml: 0.00000,  L_Eknl: 0.14132, L_Morse: 1.22623

Weights: [7000.0, 600.0, 0, 50.0, 0.0, 4.9873], lr=5.000e-05
Epoch: 0 [3520/10000 (35%)] Loss: 34.60125 = L_Mnfld: 7.01184 + L_NonMnfld: 14.51298 + L_Nrml: 0.00000 + L_Eknl: 7.06279 + L_Div: 0.00000 + L_Morse: 6.01363
Epoch: 0 [3520/10000 (35%)] Unweighted L_s : L_Mnfld: 0.00100,  L_NonMnfld: 0.02419,  L_Nrml: 0.00000,  L_Eknl: 0.14126, L_Morse: 1.20579

Weights: [7000.0, 600.0, 0, 50.0, 0.0, 4.9543], lr=5.000e-05
Epoch: 0 [3530/10000 (35%)] Loss: 32.45293 = L_Mnfld: 6.03597 + L_NonMnfld: 13.55391 + L_Nrml: 0.00000 + L_Eknl: 7.03309 + L_Div: 0.00000 + L_Morse: 5.82996
Epoch: 0 [3530/10000 (35%)] Unweighted L_s : L_Mnfld: 0.00086,  L_NonMnfld: 0.02259,  L_Nrml: 0.00000,  L_Eknl: 0.14066, L_Morse: 1.17675

Weights: [7000.0, 600.0, 0, 50.0, 0.0, 4.9213000000000005], lr=5.000e-05
Epoch: 0 [3540/10000 (35%)] Loss: 34.79259 = L_Mnfld: 7.61213 + L_NonMnfld: 14.06384 + L_Nrml: 0.00000 + L_Eknl: 7.05888 + L_Div: 0.00000 + L_Morse: 6.05774
Epoch: 0 [3540/10000 (35%)] Unweighted L_s : L_Mnfld: 0.00109,  L_NonMnfld: 0.02344,  L_Nrml: 0.00000,  L_Eknl: 0.14118, L_Morse: 1.23092

Weights: [7000.0, 600.0, 0, 50.0, 0.0, 4.8883], lr=5.000e-05
Epoch: 0 [3550/10000 (36%)] Loss: 33.08146 = L_Mnfld: 5.98055 + L_NonMnfld: 14.47203 + L_Nrml: 0.00000 + L_Eknl: 6.82865 + L_Div: 0.00000 + L_Morse: 5.80023
Epoch: 0 [3550/10000 (36%)] Unweighted L_s : L_Mnfld: 0.00085,  L_NonMnfld: 0.02412,  L_Nrml: 0.00000,  L_Eknl: 0.13657, L_Morse: 1.18655

Weights: [7000.0, 600.0, 0, 50.0, 0.0, 4.8553], lr=5.000e-05
Epoch: 0 [3560/10000 (36%)] Loss: 34.57770 = L_Mnfld: 8.59590 + L_NonMnfld: 12.99328 + L_Nrml: 0.00000 + L_Eknl: 7.01619 + L_Div: 0.00000 + L_Morse: 5.97233
Epoch: 0 [3560/10000 (36%)] Unweighted L_s : L_Mnfld: 0.00123,  L_NonMnfld: 0.02166,  L_Nrml: 0.00000,  L_Eknl: 0.14032, L_Morse: 1.23006

Weights: [7000.0, 600.0, 0, 50.0, 0.0, 4.8223], lr=5.000e-05
Epoch: 0 [3570/10000 (36%)] Loss: 34.97945 = L_Mnfld: 6.82969 + L_NonMnfld: 15.45131 + L_Nrml: 0.00000 + L_Eknl: 6.95765 + L_Div: 0.00000 + L_Morse: 5.74080
Epoch: 0 [3570/10000 (36%)] Unweighted L_s : L_Mnfld: 0.00098,  L_NonMnfld: 0.02575,  L_Nrml: 0.00000,  L_Eknl: 0.13915, L_Morse: 1.19047

Weights: [7000.0, 600.0, 0, 50.0, 0.0, 4.7893], lr=5.000e-05
Epoch: 0 [3580/10000 (36%)] Loss: 32.99731 = L_Mnfld: 6.87681 + L_NonMnfld: 13.34531 + L_Nrml: 0.00000 + L_Eknl: 6.83582 + L_Div: 0.00000 + L_Morse: 5.93937
Epoch: 0 [3580/10000 (36%)] Unweighted L_s : L_Mnfld: 0.00098,  L_NonMnfld: 0.02224,  L_Nrml: 0.00000,  L_Eknl: 0.13672, L_Morse: 1.24013

Weights: [7000.0, 600.0, 0, 50.0, 0.0, 4.7562999999999995], lr=5.000e-05
Epoch: 0 [3590/10000 (36%)] Loss: 32.49480 = L_Mnfld: 6.10051 + L_NonMnfld: 13.77896 + L_Nrml: 0.00000 + L_Eknl: 6.76212 + L_Div: 0.00000 + L_Morse: 5.85323
Epoch: 0 [3590/10000 (36%)] Unweighted L_s : L_Mnfld: 0.00087,  L_NonMnfld: 0.02296,  L_Nrml: 0.00000,  L_Eknl: 0.13524, L_Morse: 1.23063

Weights: [7000.0, 600.0, 0, 50.0, 0.0, 4.7233], lr=5.000e-05
Epoch: 0 [3600/10000 (36%)] Loss: 32.14913 = L_Mnfld: 6.81708 + L_NonMnfld: 12.86841 + L_Nrml: 0.00000 + L_Eknl: 6.67487 + L_Div: 0.00000 + L_Morse: 5.78877
Epoch: 0 [3600/10000 (36%)] Unweighted L_s : L_Mnfld: 0.00097,  L_NonMnfld: 0.02145,  L_Nrml: 0.00000,  L_Eknl: 0.13350, L_Morse: 1.22558

Weights: [7000.0, 600.0, 0, 50.0, 0.0, 4.690300000000001], lr=5.000e-05
Epoch: 0 [3610/10000 (36%)] Loss: 33.61396 = L_Mnfld: 6.36364 + L_NonMnfld: 14.47315 + L_Nrml: 0.00000 + L_Eknl: 6.78051 + L_Div: 0.00000 + L_Morse: 5.99666
Epoch: 0 [3610/10000 (36%)] Unweighted L_s : L_Mnfld: 0.00091,  L_NonMnfld: 0.02412,  L_Nrml: 0.00000,  L_Eknl: 0.13561, L_Morse: 1.27852

Weights: [7000.0, 600.0, 0, 50.0, 0.0, 4.6573], lr=5.000e-05
Epoch: 0 [3620/10000 (36%)] Loss: 35.04984 = L_Mnfld: 7.18867 + L_NonMnfld: 15.34975 + L_Nrml: 0.00000 + L_Eknl: 6.81361 + L_Div: 0.00000 + L_Morse: 5.69779
Epoch: 0 [3620/10000 (36%)] Unweighted L_s : L_Mnfld: 0.00103,  L_NonMnfld: 0.02558,  L_Nrml: 0.00000,  L_Eknl: 0.13627, L_Morse: 1.22341

Weights: [7000.0, 600.0, 0, 50.0, 0.0, 4.6243], lr=5.000e-05
Epoch: 0 [3630/10000 (36%)] Loss: 31.37614 = L_Mnfld: 6.55755 + L_NonMnfld: 12.37915 + L_Nrml: 0.00000 + L_Eknl: 6.70001 + L_Div: 0.00000 + L_Morse: 5.73944
Epoch: 0 [3630/10000 (36%)] Unweighted L_s : L_Mnfld: 0.00094,  L_NonMnfld: 0.02063,  L_Nrml: 0.00000,  L_Eknl: 0.13400, L_Morse: 1.24115

Weights: [7000.0, 600.0, 0, 50.0, 0.0, 4.5913], lr=5.000e-05
Epoch: 0 [3640/10000 (36%)] Loss: 31.91766 = L_Mnfld: 5.97351 + L_NonMnfld: 13.67083 + L_Nrml: 0.00000 + L_Eknl: 6.60579 + L_Div: 0.00000 + L_Morse: 5.66752
Epoch: 0 [3640/10000 (36%)] Unweighted L_s : L_Mnfld: 0.00085,  L_NonMnfld: 0.02278,  L_Nrml: 0.00000,  L_Eknl: 0.13212, L_Morse: 1.23441

Weights: [7000.0, 600.0, 0, 50.0, 0.0, 4.5583], lr=5.000e-05
Epoch: 0 [3650/10000 (36%)] Loss: 33.72052 = L_Mnfld: 6.62475 + L_NonMnfld: 14.83839 + L_Nrml: 0.00000 + L_Eknl: 6.55007 + L_Div: 0.00000 + L_Morse: 5.70731
Epoch: 0 [3650/10000 (36%)] Unweighted L_s : L_Mnfld: 0.00095,  L_NonMnfld: 0.02473,  L_Nrml: 0.00000,  L_Eknl: 0.13100, L_Morse: 1.25207

Weights: [7000.0, 600.0, 0, 50.0, 0.0, 4.5253], lr=5.000e-05
Epoch: 0 [3660/10000 (37%)] Loss: 32.75433 = L_Mnfld: 6.84555 + L_NonMnfld: 13.54602 + L_Nrml: 0.00000 + L_Eknl: 6.69336 + L_Div: 0.00000 + L_Morse: 5.66940
Epoch: 0 [3660/10000 (37%)] Unweighted L_s : L_Mnfld: 0.00098,  L_NonMnfld: 0.02258,  L_Nrml: 0.00000,  L_Eknl: 0.13387, L_Morse: 1.25282

Weights: [7000.0, 600.0, 0, 50.0, 0.0, 4.4923], lr=5.000e-05
Epoch: 0 [3670/10000 (37%)] Loss: 32.17492 = L_Mnfld: 5.81359 + L_NonMnfld: 14.19862 + L_Nrml: 0.00000 + L_Eknl: 6.51123 + L_Div: 0.00000 + L_Morse: 5.65149
Epoch: 0 [3670/10000 (37%)] Unweighted L_s : L_Mnfld: 0.00083,  L_NonMnfld: 0.02366,  L_Nrml: 0.00000,  L_Eknl: 0.13022, L_Morse: 1.25804

Weights: [7000.0, 600.0, 0, 50.0, 0.0, 4.4593], lr=5.000e-05
Epoch: 0 [3680/10000 (37%)] Loss: 33.20852 = L_Mnfld: 6.65339 + L_NonMnfld: 14.29246 + L_Nrml: 0.00000 + L_Eknl: 6.63588 + L_Div: 0.00000 + L_Morse: 5.62679
Epoch: 0 [3680/10000 (37%)] Unweighted L_s : L_Mnfld: 0.00095,  L_NonMnfld: 0.02382,  L_Nrml: 0.00000,  L_Eknl: 0.13272, L_Morse: 1.26181

Weights: [7000.0, 600.0, 0, 50.0, 0.0, 4.4262999999999995], lr=5.000e-05
Epoch: 0 [3690/10000 (37%)] Loss: 32.24123 = L_Mnfld: 6.10533 + L_NonMnfld: 14.07516 + L_Nrml: 0.00000 + L_Eknl: 6.50192 + L_Div: 0.00000 + L_Morse: 5.55883
Epoch: 0 [3690/10000 (37%)] Unweighted L_s : L_Mnfld: 0.00087,  L_NonMnfld: 0.02346,  L_Nrml: 0.00000,  L_Eknl: 0.13004, L_Morse: 1.25586

Weights: [7000.0, 600.0, 0, 50.0, 0.0, 4.3933], lr=5.000e-05
Epoch: 0 [3700/10000 (37%)] Loss: 33.00890 = L_Mnfld: 6.92939 + L_NonMnfld: 13.89944 + L_Nrml: 0.00000 + L_Eknl: 6.65186 + L_Div: 0.00000 + L_Morse: 5.52820
Epoch: 0 [3700/10000 (37%)] Unweighted L_s : L_Mnfld: 0.00099,  L_NonMnfld: 0.02317,  L_Nrml: 0.00000,  L_Eknl: 0.13304, L_Morse: 1.25833

Weights: [7000.0, 600.0, 0, 50.0, 0.0, 4.3603], lr=5.000e-05
Epoch: 0 [3710/10000 (37%)] Loss: 32.28509 = L_Mnfld: 6.14349 + L_NonMnfld: 14.18686 + L_Nrml: 0.00000 + L_Eknl: 6.38701 + L_Div: 0.00000 + L_Morse: 5.56773
Epoch: 0 [3710/10000 (37%)] Unweighted L_s : L_Mnfld: 0.00088,  L_NonMnfld: 0.02364,  L_Nrml: 0.00000,  L_Eknl: 0.12774, L_Morse: 1.27691

Weights: [7000.0, 600.0, 0, 50.0, 0.0, 4.327299999999999], lr=5.000e-05
Epoch: 0 [3720/10000 (37%)] Loss: 34.04504 = L_Mnfld: 7.15718 + L_NonMnfld: 15.02890 + L_Nrml: 0.00000 + L_Eknl: 6.45990 + L_Div: 0.00000 + L_Morse: 5.39906
Epoch: 0 [3720/10000 (37%)] Unweighted L_s : L_Mnfld: 0.00102,  L_NonMnfld: 0.02505,  L_Nrml: 0.00000,  L_Eknl: 0.12920, L_Morse: 1.24767

Weights: [7000.0, 600.0, 0, 50.0, 0.0, 4.2943], lr=5.000e-05
Epoch: 0 [3730/10000 (37%)] Loss: 32.61471 = L_Mnfld: 6.83248 + L_NonMnfld: 14.24342 + L_Nrml: 0.00000 + L_Eknl: 6.11335 + L_Div: 0.00000 + L_Morse: 5.42546
Epoch: 0 [3730/10000 (37%)] Unweighted L_s : L_Mnfld: 0.00098,  L_NonMnfld: 0.02374,  L_Nrml: 0.00000,  L_Eknl: 0.12227, L_Morse: 1.26341

Weights: [7000.0, 600.0, 0, 50.0, 0.0, 4.261299999999999], lr=5.000e-05
Epoch: 0 [3740/10000 (37%)] Loss: 32.85402 = L_Mnfld: 5.93970 + L_NonMnfld: 15.25641 + L_Nrml: 0.00000 + L_Eknl: 6.30383 + L_Div: 0.00000 + L_Morse: 5.35407
Epoch: 0 [3740/10000 (37%)] Unweighted L_s : L_Mnfld: 0.00085,  L_NonMnfld: 0.02543,  L_Nrml: 0.00000,  L_Eknl: 0.12608, L_Morse: 1.25644

Weights: [7000.0, 600.0, 0, 50.0, 0.0, 4.228299999999999], lr=5.000e-05
Epoch: 0 [3750/10000 (38%)] Loss: 31.14728 = L_Mnfld: 5.70804 + L_NonMnfld: 13.76325 + L_Nrml: 0.00000 + L_Eknl: 6.16500 + L_Div: 0.00000 + L_Morse: 5.51098
Epoch: 0 [3750/10000 (38%)] Unweighted L_s : L_Mnfld: 0.00082,  L_NonMnfld: 0.02294,  L_Nrml: 0.00000,  L_Eknl: 0.12330, L_Morse: 1.30336

Weights: [7000.0, 600.0, 0, 50.0, 0.0, 4.1953], lr=5.000e-05
Epoch: 0 [3760/10000 (38%)] Loss: 31.96627 = L_Mnfld: 6.64787 + L_NonMnfld: 13.72429 + L_Nrml: 0.00000 + L_Eknl: 6.15983 + L_Div: 0.00000 + L_Morse: 5.43428
Epoch: 0 [3760/10000 (38%)] Unweighted L_s : L_Mnfld: 0.00095,  L_NonMnfld: 0.02287,  L_Nrml: 0.00000,  L_Eknl: 0.12320, L_Morse: 1.29533

Weights: [7000.0, 600.0, 0, 50.0, 0.0, 4.162299999999999], lr=5.000e-05
Epoch: 0 [3770/10000 (38%)] Loss: 31.83105 = L_Mnfld: 5.52878 + L_NonMnfld: 14.56665 + L_Nrml: 0.00000 + L_Eknl: 6.26062 + L_Div: 0.00000 + L_Morse: 5.47500
Epoch: 0 [3770/10000 (38%)] Unweighted L_s : L_Mnfld: 0.00079,  L_NonMnfld: 0.02428,  L_Nrml: 0.00000,  L_Eknl: 0.12521, L_Morse: 1.31538

Weights: [7000.0, 600.0, 0, 50.0, 0.0, 4.129299999999999], lr=5.000e-05
Epoch: 0 [3780/10000 (38%)] Loss: 31.78281 = L_Mnfld: 6.68646 + L_NonMnfld: 13.44649 + L_Nrml: 0.00000 + L_Eknl: 6.28385 + L_Div: 0.00000 + L_Morse: 5.36600
Epoch: 0 [3780/10000 (38%)] Unweighted L_s : L_Mnfld: 0.00096,  L_NonMnfld: 0.02241,  L_Nrml: 0.00000,  L_Eknl: 0.12568, L_Morse: 1.29949

Weights: [7000.0, 600.0, 0, 50.0, 0.0, 4.096299999999999], lr=5.000e-05
Epoch: 0 [3790/10000 (38%)] Loss: 32.15157 = L_Mnfld: 7.35587 + L_NonMnfld: 13.18974 + L_Nrml: 0.00000 + L_Eknl: 6.18350 + L_Div: 0.00000 + L_Morse: 5.42246
Epoch: 0 [3790/10000 (38%)] Unweighted L_s : L_Mnfld: 0.00105,  L_NonMnfld: 0.02198,  L_Nrml: 0.00000,  L_Eknl: 0.12367, L_Morse: 1.32375

Weights: [7000.0, 600.0, 0, 50.0, 0.0, 4.063299999999999], lr=5.000e-05
Epoch: 0 [3800/10000 (38%)] Loss: 30.56402 = L_Mnfld: 5.63305 + L_NonMnfld: 13.53474 + L_Nrml: 0.00000 + L_Eknl: 6.10532 + L_Div: 0.00000 + L_Morse: 5.29091
Epoch: 0 [3800/10000 (38%)] Unweighted L_s : L_Mnfld: 0.00080,  L_NonMnfld: 0.02256,  L_Nrml: 0.00000,  L_Eknl: 0.12211, L_Morse: 1.30212

Weights: [7000.0, 600.0, 0, 50.0, 0.0, 4.030299999999999], lr=5.000e-05
Epoch: 0 [3810/10000 (38%)] Loss: 32.70849 = L_Mnfld: 7.58627 + L_NonMnfld: 13.44826 + L_Nrml: 0.00000 + L_Eknl: 6.45513 + L_Div: 0.00000 + L_Morse: 5.21883
Epoch: 0 [3810/10000 (38%)] Unweighted L_s : L_Mnfld: 0.00108,  L_NonMnfld: 0.02241,  L_Nrml: 0.00000,  L_Eknl: 0.12910, L_Morse: 1.29490

Weights: [7000.0, 600.0, 0, 50.0, 0.0, 3.9973], lr=5.000e-05
Epoch: 0 [3820/10000 (38%)] Loss: 33.37916 = L_Mnfld: 7.77631 + L_NonMnfld: 14.03537 + L_Nrml: 0.00000 + L_Eknl: 6.31244 + L_Div: 0.00000 + L_Morse: 5.25504
Epoch: 0 [3820/10000 (38%)] Unweighted L_s : L_Mnfld: 0.00111,  L_NonMnfld: 0.02339,  L_Nrml: 0.00000,  L_Eknl: 0.12625, L_Morse: 1.31465

Weights: [7000.0, 600.0, 0, 50.0, 0.0, 3.9642999999999997], lr=5.000e-05
Epoch: 0 [3830/10000 (38%)] Loss: 32.67950 = L_Mnfld: 6.84366 + L_NonMnfld: 14.19133 + L_Nrml: 0.00000 + L_Eknl: 6.22616 + L_Div: 0.00000 + L_Morse: 5.41834
Epoch: 0 [3830/10000 (38%)] Unweighted L_s : L_Mnfld: 0.00098,  L_NonMnfld: 0.02365,  L_Nrml: 0.00000,  L_Eknl: 0.12452, L_Morse: 1.36678

Weights: [7000.0, 600.0, 0, 50.0, 0.0, 3.9312999999999994], lr=5.000e-05
Epoch: 0 [3840/10000 (38%)] Loss: 33.07505 = L_Mnfld: 7.13462 + L_NonMnfld: 14.15178 + L_Nrml: 0.00000 + L_Eknl: 6.51590 + L_Div: 0.00000 + L_Morse: 5.27275
Epoch: 0 [3840/10000 (38%)] Unweighted L_s : L_Mnfld: 0.00102,  L_NonMnfld: 0.02359,  L_Nrml: 0.00000,  L_Eknl: 0.13032, L_Morse: 1.34122

Weights: [7000.0, 600.0, 0, 50.0, 0.0, 3.8983], lr=5.000e-05
Epoch: 0 [3850/10000 (38%)] Loss: 31.00588 = L_Mnfld: 6.57638 + L_NonMnfld: 13.34182 + L_Nrml: 0.00000 + L_Eknl: 5.99158 + L_Div: 0.00000 + L_Morse: 5.09611
Epoch: 0 [3850/10000 (38%)] Unweighted L_s : L_Mnfld: 0.00094,  L_NonMnfld: 0.02224,  L_Nrml: 0.00000,  L_Eknl: 0.11983, L_Morse: 1.30727

Weights: [7000.0, 600.0, 0, 50.0, 0.0, 3.8652999999999995], lr=5.000e-05
Epoch: 0 [3860/10000 (39%)] Loss: 31.71597 = L_Mnfld: 6.94391 + L_NonMnfld: 13.72716 + L_Nrml: 0.00000 + L_Eknl: 5.99980 + L_Div: 0.00000 + L_Morse: 5.04511
Epoch: 0 [3860/10000 (39%)] Unweighted L_s : L_Mnfld: 0.00099,  L_NonMnfld: 0.02288,  L_Nrml: 0.00000,  L_Eknl: 0.12000, L_Morse: 1.30523

Weights: [7000.0, 600.0, 0, 50.0, 0.0, 3.832299999999999], lr=5.000e-05
Epoch: 0 [3870/10000 (39%)] Loss: 30.86227 = L_Mnfld: 6.49386 + L_NonMnfld: 13.43641 + L_Nrml: 0.00000 + L_Eknl: 5.97581 + L_Div: 0.00000 + L_Morse: 4.95619
Epoch: 0 [3870/10000 (39%)] Unweighted L_s : L_Mnfld: 0.00093,  L_NonMnfld: 0.02239,  L_Nrml: 0.00000,  L_Eknl: 0.11952, L_Morse: 1.29327

Weights: [7000.0, 600.0, 0, 50.0, 0.0, 3.7992999999999997], lr=5.000e-05
Epoch: 0 [3880/10000 (39%)] Loss: 33.26644 = L_Mnfld: 7.27319 + L_NonMnfld: 14.83939 + L_Nrml: 0.00000 + L_Eknl: 5.97774 + L_Div: 0.00000 + L_Morse: 5.17612
Epoch: 0 [3880/10000 (39%)] Unweighted L_s : L_Mnfld: 0.00104,  L_NonMnfld: 0.02473,  L_Nrml: 0.00000,  L_Eknl: 0.11955, L_Morse: 1.36239

Weights: [7000.0, 600.0, 0, 50.0, 0.0, 3.7662999999999993], lr=5.000e-05
Epoch: 0 [3890/10000 (39%)] Loss: 30.56419 = L_Mnfld: 6.18644 + L_NonMnfld: 13.20619 + L_Nrml: 0.00000 + L_Eknl: 5.91750 + L_Div: 0.00000 + L_Morse: 5.25405
Epoch: 0 [3890/10000 (39%)] Unweighted L_s : L_Mnfld: 0.00088,  L_NonMnfld: 0.02201,  L_Nrml: 0.00000,  L_Eknl: 0.11835, L_Morse: 1.39502

Weights: [7000.0, 600.0, 0, 50.0, 0.0, 3.733299999999999], lr=5.000e-05
Epoch: 0 [3900/10000 (39%)] Loss: 31.98476 = L_Mnfld: 7.06994 + L_NonMnfld: 14.00707 + L_Nrml: 0.00000 + L_Eknl: 5.91336 + L_Div: 0.00000 + L_Morse: 4.99438
Epoch: 0 [3900/10000 (39%)] Unweighted L_s : L_Mnfld: 0.00101,  L_NonMnfld: 0.02335,  L_Nrml: 0.00000,  L_Eknl: 0.11827, L_Morse: 1.33779

Weights: [7000.0, 600.0, 0, 50.0, 0.0, 3.7002999999999995], lr=5.000e-05
Epoch: 0 [3910/10000 (39%)] Loss: 31.04265 = L_Mnfld: 6.60556 + L_NonMnfld: 13.64761 + L_Nrml: 0.00000 + L_Eknl: 5.91565 + L_Div: 0.00000 + L_Morse: 4.87383
Epoch: 0 [3910/10000 (39%)] Unweighted L_s : L_Mnfld: 0.00094,  L_NonMnfld: 0.02275,  L_Nrml: 0.00000,  L_Eknl: 0.11831, L_Morse: 1.31714

Weights: [7000.0, 600.0, 0, 50.0, 0.0, 3.667299999999999], lr=5.000e-05
Epoch: 0 [3920/10000 (39%)] Loss: 31.07448 = L_Mnfld: 6.41369 + L_NonMnfld: 13.77707 + L_Nrml: 0.00000 + L_Eknl: 5.85767 + L_Div: 0.00000 + L_Morse: 5.02606
Epoch: 0 [3920/10000 (39%)] Unweighted L_s : L_Mnfld: 0.00092,  L_NonMnfld: 0.02296,  L_Nrml: 0.00000,  L_Eknl: 0.11715, L_Morse: 1.37051

Weights: [7000.0, 600.0, 0, 50.0, 0.0, 3.6342999999999988], lr=5.000e-05
Epoch: 0 [3930/10000 (39%)] Loss: 31.57240 = L_Mnfld: 6.61299 + L_NonMnfld: 14.31620 + L_Nrml: 0.00000 + L_Eknl: 5.66779 + L_Div: 0.00000 + L_Morse: 4.97542
Epoch: 0 [3930/10000 (39%)] Unweighted L_s : L_Mnfld: 0.00094,  L_NonMnfld: 0.02386,  L_Nrml: 0.00000,  L_Eknl: 0.11336, L_Morse: 1.36902

Weights: [7000.0, 600.0, 0, 50.0, 0.0, 3.601300000000001], lr=5.000e-05
Epoch: 0 [3940/10000 (39%)] Loss: 30.65780 = L_Mnfld: 6.64086 + L_NonMnfld: 13.37976 + L_Nrml: 0.00000 + L_Eknl: 5.78758 + L_Div: 0.00000 + L_Morse: 4.84960
Epoch: 0 [3940/10000 (39%)] Unweighted L_s : L_Mnfld: 0.00095,  L_NonMnfld: 0.02230,  L_Nrml: 0.00000,  L_Eknl: 0.11575, L_Morse: 1.34662

Weights: [7000.0, 600.0, 0, 50.0, 0.0, 3.5683000000000007], lr=5.000e-05
Epoch: 0 [3950/10000 (40%)] Loss: 31.82474 = L_Mnfld: 6.86654 + L_NonMnfld: 14.36721 + L_Nrml: 0.00000 + L_Eknl: 5.78100 + L_Div: 0.00000 + L_Morse: 4.80998
Epoch: 0 [3950/10000 (40%)] Unweighted L_s : L_Mnfld: 0.00098,  L_NonMnfld: 0.02395,  L_Nrml: 0.00000,  L_Eknl: 0.11562, L_Morse: 1.34798

Weights: [7000.0, 600.0, 0, 50.0, 0.0, 3.535300000000001], lr=5.000e-05
Epoch: 0 [3960/10000 (40%)] Loss: 31.27551 = L_Mnfld: 6.47026 + L_NonMnfld: 14.16999 + L_Nrml: 0.00000 + L_Eknl: 5.70955 + L_Div: 0.00000 + L_Morse: 4.92572
Epoch: 0 [3960/10000 (40%)] Unweighted L_s : L_Mnfld: 0.00092,  L_NonMnfld: 0.02362,  L_Nrml: 0.00000,  L_Eknl: 0.11419, L_Morse: 1.39330

Weights: [7000.0, 600.0, 0, 50.0, 0.0, 3.502300000000001], lr=5.000e-05
Epoch: 0 [3970/10000 (40%)] Loss: 30.64894 = L_Mnfld: 6.34935 + L_NonMnfld: 13.78434 + L_Nrml: 0.00000 + L_Eknl: 5.68881 + L_Div: 0.00000 + L_Morse: 4.82644
Epoch: 0 [3970/10000 (40%)] Unweighted L_s : L_Mnfld: 0.00091,  L_NonMnfld: 0.02297,  L_Nrml: 0.00000,  L_Eknl: 0.11378, L_Morse: 1.37808

Weights: [7000.0, 600.0, 0, 50.0, 0.0, 3.4693000000000005], lr=5.000e-05
Epoch: 0 [3980/10000 (40%)] Loss: 31.59082 = L_Mnfld: 6.88276 + L_NonMnfld: 14.09814 + L_Nrml: 0.00000 + L_Eknl: 5.77472 + L_Div: 0.00000 + L_Morse: 4.83520
Epoch: 0 [3980/10000 (40%)] Unweighted L_s : L_Mnfld: 0.00098,  L_NonMnfld: 0.02350,  L_Nrml: 0.00000,  L_Eknl: 0.11549, L_Morse: 1.39371

Weights: [7000.0, 600.0, 0, 50.0, 0.0, 3.436300000000001], lr=5.000e-05
Epoch: 0 [3990/10000 (40%)] Loss: 30.89170 = L_Mnfld: 6.15967 + L_NonMnfld: 14.11739 + L_Nrml: 0.00000 + L_Eknl: 5.78407 + L_Div: 0.00000 + L_Morse: 4.83057
Epoch: 0 [3990/10000 (40%)] Unweighted L_s : L_Mnfld: 0.00088,  L_NonMnfld: 0.02353,  L_Nrml: 0.00000,  L_Eknl: 0.11568, L_Morse: 1.40575

Weights: [7000.0, 600.0, 0, 50.0, 0.0, 3.4033000000000007], lr=5.000e-05
Epoch: 0 [4000/10000 (40%)] Loss: 30.84774 = L_Mnfld: 6.73233 + L_NonMnfld: 13.57231 + L_Nrml: 0.00000 + L_Eknl: 5.81383 + L_Div: 0.00000 + L_Morse: 4.72926
Epoch: 0 [4000/10000 (40%)] Unweighted L_s : L_Mnfld: 0.00096,  L_NonMnfld: 0.02262,  L_Nrml: 0.00000,  L_Eknl: 0.11628, L_Morse: 1.38961

Weights: [7000.0, 600.0, 0, 50.0, 0.0, 3.3703000000000003], lr=5.000e-05
Epoch: 0 [4010/10000 (40%)] Loss: 31.48022 = L_Mnfld: 6.79335 + L_NonMnfld: 14.30071 + L_Nrml: 0.00000 + L_Eknl: 5.65803 + L_Div: 0.00000 + L_Morse: 4.72813
Epoch: 0 [4010/10000 (40%)] Unweighted L_s : L_Mnfld: 0.00097,  L_NonMnfld: 0.02383,  L_Nrml: 0.00000,  L_Eknl: 0.11316, L_Morse: 1.40288

Weights: [7000.0, 600.0, 0, 50.0, 0.0, 3.337300000000001], lr=5.000e-05
Epoch: 0 [4020/10000 (40%)] Loss: 30.78685 = L_Mnfld: 6.13184 + L_NonMnfld: 14.36304 + L_Nrml: 0.00000 + L_Eknl: 5.53489 + L_Div: 0.00000 + L_Morse: 4.75709
Epoch: 0 [4020/10000 (40%)] Unweighted L_s : L_Mnfld: 0.00088,  L_NonMnfld: 0.02394,  L_Nrml: 0.00000,  L_Eknl: 0.11070, L_Morse: 1.42543

Weights: [7000.0, 600.0, 0, 50.0, 0.0, 3.3043000000000005], lr=5.000e-05
Epoch: 0 [4030/10000 (40%)] Loss: 29.20036 = L_Mnfld: 6.01490 + L_NonMnfld: 13.16461 + L_Nrml: 0.00000 + L_Eknl: 5.58594 + L_Div: 0.00000 + L_Morse: 4.43492
Epoch: 0 [4030/10000 (40%)] Unweighted L_s : L_Mnfld: 0.00086,  L_NonMnfld: 0.02194,  L_Nrml: 0.00000,  L_Eknl: 0.11172, L_Morse: 1.34217

Weights: [7000.0, 600.0, 0, 50.0, 0.0, 3.2713], lr=5.000e-05
Epoch: 0 [4040/10000 (40%)] Loss: 30.39855 = L_Mnfld: 7.14588 + L_NonMnfld: 12.56044 + L_Nrml: 0.00000 + L_Eknl: 6.02376 + L_Div: 0.00000 + L_Morse: 4.66847
Epoch: 0 [4040/10000 (40%)] Unweighted L_s : L_Mnfld: 0.00102,  L_NonMnfld: 0.02093,  L_Nrml: 0.00000,  L_Eknl: 0.12048, L_Morse: 1.42710

Weights: [7000.0, 600.0, 0, 50.0, 0.0, 3.2383000000000006], lr=5.000e-05
Epoch: 0 [4050/10000 (40%)] Loss: 30.60521 = L_Mnfld: 7.40964 + L_NonMnfld: 12.86557 + L_Nrml: 0.00000 + L_Eknl: 5.77423 + L_Div: 0.00000 + L_Morse: 4.55577
Epoch: 0 [4050/10000 (40%)] Unweighted L_s : L_Mnfld: 0.00106,  L_NonMnfld: 0.02144,  L_Nrml: 0.00000,  L_Eknl: 0.11548, L_Morse: 1.40684

Weights: [7000.0, 600.0, 0, 50.0, 0.0, 3.2053000000000003], lr=5.000e-05
Epoch: 0 [4060/10000 (41%)] Loss: 30.34425 = L_Mnfld: 8.52796 + L_NonMnfld: 11.10367 + L_Nrml: 0.00000 + L_Eknl: 6.13631 + L_Div: 0.00000 + L_Morse: 4.57630
Epoch: 0 [4060/10000 (41%)] Unweighted L_s : L_Mnfld: 0.00122,  L_NonMnfld: 0.01851,  L_Nrml: 0.00000,  L_Eknl: 0.12273, L_Morse: 1.42773

Weights: [7000.0, 600.0, 0, 50.0, 0.0, 3.1723], lr=5.000e-05
Epoch: 0 [4070/10000 (41%)] Loss: 33.72337 = L_Mnfld: 10.13070 + L_NonMnfld: 13.19715 + L_Nrml: 0.00000 + L_Eknl: 5.96855 + L_Div: 0.00000 + L_Morse: 4.42696
Epoch: 0 [4070/10000 (41%)] Unweighted L_s : L_Mnfld: 0.00145,  L_NonMnfld: 0.02200,  L_Nrml: 0.00000,  L_Eknl: 0.11937, L_Morse: 1.39551

Weights: [7000.0, 600.0, 0, 50.0, 0.0, 3.1393000000000004], lr=5.000e-05
Epoch: 0 [4080/10000 (41%)] Loss: 32.26548 = L_Mnfld: 9.43935 + L_NonMnfld: 12.55827 + L_Nrml: 0.00000 + L_Eknl: 5.82148 + L_Div: 0.00000 + L_Morse: 4.44637
Epoch: 0 [4080/10000 (41%)] Unweighted L_s : L_Mnfld: 0.00135,  L_NonMnfld: 0.02093,  L_Nrml: 0.00000,  L_Eknl: 0.11643, L_Morse: 1.41636

Weights: [7000.0, 600.0, 0, 50.0, 0.0, 3.1063], lr=5.000e-05
Epoch: 0 [4090/10000 (41%)] Loss: 32.59823 = L_Mnfld: 9.41307 + L_NonMnfld: 13.11265 + L_Nrml: 0.00000 + L_Eknl: 5.75088 + L_Div: 0.00000 + L_Morse: 4.32162
Epoch: 0 [4090/10000 (41%)] Unweighted L_s : L_Mnfld: 0.00134,  L_NonMnfld: 0.02185,  L_Nrml: 0.00000,  L_Eknl: 0.11502, L_Morse: 1.39124

Weights: [7000.0, 600.0, 0, 50.0, 0.0, 3.0732999999999997], lr=5.000e-05
Epoch: 0 [4100/10000 (41%)] Loss: 31.57408 = L_Mnfld: 8.63647 + L_NonMnfld: 12.75386 + L_Nrml: 0.00000 + L_Eknl: 5.92169 + L_Div: 0.00000 + L_Morse: 4.26205
Epoch: 0 [4100/10000 (41%)] Unweighted L_s : L_Mnfld: 0.00123,  L_NonMnfld: 0.02126,  L_Nrml: 0.00000,  L_Eknl: 0.11843, L_Morse: 1.38680

Weights: [7000.0, 600.0, 0, 50.0, 0.0, 3.0403000000000002], lr=5.000e-05
Epoch: 0 [4110/10000 (41%)] Loss: 31.03531 = L_Mnfld: 8.73489 + L_NonMnfld: 12.41392 + L_Nrml: 0.00000 + L_Eknl: 5.65599 + L_Div: 0.00000 + L_Morse: 4.23050
Epoch: 0 [4110/10000 (41%)] Unweighted L_s : L_Mnfld: 0.00125,  L_NonMnfld: 0.02069,  L_Nrml: 0.00000,  L_Eknl: 0.11312, L_Morse: 1.39148

Weights: [7000.0, 600.0, 0, 50.0, 0.0, 3.0073], lr=5.000e-05
Epoch: 0 [4120/10000 (41%)] Loss: 31.19284 = L_Mnfld: 8.54290 + L_NonMnfld: 12.75929 + L_Nrml: 0.00000 + L_Eknl: 5.74084 + L_Div: 0.00000 + L_Morse: 4.14981
Epoch: 0 [4120/10000 (41%)] Unweighted L_s : L_Mnfld: 0.00122,  L_NonMnfld: 0.02127,  L_Nrml: 0.00000,  L_Eknl: 0.11482, L_Morse: 1.37991

Weights: [7000.0, 600.0, 0, 50.0, 0.0, 2.9742999999999995], lr=5.000e-05
Epoch: 0 [4130/10000 (41%)] Loss: 35.03770 = L_Mnfld: 10.93858 + L_NonMnfld: 14.07789 + L_Nrml: 0.00000 + L_Eknl: 6.10056 + L_Div: 0.00000 + L_Morse: 3.92068
Epoch: 0 [4130/10000 (41%)] Unweighted L_s : L_Mnfld: 0.00156,  L_NonMnfld: 0.02346,  L_Nrml: 0.00000,  L_Eknl: 0.12201, L_Morse: 1.31818

Weights: [7000.0, 600.0, 0, 50.0, 0.0, 2.9413], lr=5.000e-05
Epoch: 0 [4140/10000 (41%)] Loss: 31.88448 = L_Mnfld: 9.70559 + L_NonMnfld: 12.23708 + L_Nrml: 0.00000 + L_Eknl: 5.81621 + L_Div: 0.00000 + L_Morse: 4.12559
Epoch: 0 [4140/10000 (41%)] Unweighted L_s : L_Mnfld: 0.00139,  L_NonMnfld: 0.02040,  L_Nrml: 0.00000,  L_Eknl: 0.11632, L_Morse: 1.40264

Weights: [7000.0, 600.0, 0, 50.0, 0.0, 2.9082999999999997], lr=5.000e-05
Epoch: 0 [4150/10000 (42%)] Loss: 31.26448 = L_Mnfld: 8.69712 + L_NonMnfld: 12.81836 + L_Nrml: 0.00000 + L_Eknl: 5.64399 + L_Div: 0.00000 + L_Morse: 4.10502
Epoch: 0 [4150/10000 (42%)] Unweighted L_s : L_Mnfld: 0.00124,  L_NonMnfld: 0.02136,  L_Nrml: 0.00000,  L_Eknl: 0.11288, L_Morse: 1.41148

Weights: [7000.0, 600.0, 0, 50.0, 0.0, 2.8752999999999993], lr=5.000e-05
Epoch: 0 [4160/10000 (42%)] Loss: 30.00956 = L_Mnfld: 7.74588 + L_NonMnfld: 12.95598 + L_Nrml: 0.00000 + L_Eknl: 5.32428 + L_Div: 0.00000 + L_Morse: 3.98343
Epoch: 0 [4160/10000 (42%)] Unweighted L_s : L_Mnfld: 0.00111,  L_NonMnfld: 0.02159,  L_Nrml: 0.00000,  L_Eknl: 0.10649, L_Morse: 1.38540

Weights: [7000.0, 600.0, 0, 50.0, 0.0, 2.8423], lr=5.000e-05
Epoch: 0 [4170/10000 (42%)] Loss: 28.55980 = L_Mnfld: 7.54316 + L_NonMnfld: 11.86664 + L_Nrml: 0.00000 + L_Eknl: 5.27388 + L_Div: 0.00000 + L_Morse: 3.87613
Epoch: 0 [4170/10000 (42%)] Unweighted L_s : L_Mnfld: 0.00108,  L_NonMnfld: 0.01978,  L_Nrml: 0.00000,  L_Eknl: 0.10548, L_Morse: 1.36373

Weights: [7000.0, 600.0, 0, 50.0, 0.0, 2.8092999999999995], lr=5.000e-05
Epoch: 0 [4180/10000 (42%)] Loss: 30.03333 = L_Mnfld: 8.72258 + L_NonMnfld: 12.04175 + L_Nrml: 0.00000 + L_Eknl: 5.40458 + L_Div: 0.00000 + L_Morse: 3.86442
Epoch: 0 [4180/10000 (42%)] Unweighted L_s : L_Mnfld: 0.00125,  L_NonMnfld: 0.02007,  L_Nrml: 0.00000,  L_Eknl: 0.10809, L_Morse: 1.37558

Weights: [7000.0, 600.0, 0, 50.0, 0.0, 2.776299999999999], lr=5.000e-05
Epoch: 0 [4190/10000 (42%)] Loss: 28.73814 = L_Mnfld: 7.28631 + L_NonMnfld: 12.60843 + L_Nrml: 0.00000 + L_Eknl: 5.12596 + L_Div: 0.00000 + L_Morse: 3.71744
Epoch: 0 [4190/10000 (42%)] Unweighted L_s : L_Mnfld: 0.00104,  L_NonMnfld: 0.02101,  L_Nrml: 0.00000,  L_Eknl: 0.10252, L_Morse: 1.33899

Weights: [7000.0, 600.0, 0, 50.0, 0.0, 2.7432999999999996], lr=5.000e-05
Epoch: 0 [4200/10000 (42%)] Loss: 28.52552 = L_Mnfld: 7.57403 + L_NonMnfld: 12.09162 + L_Nrml: 0.00000 + L_Eknl: 5.13532 + L_Div: 0.00000 + L_Morse: 3.72456
Epoch: 0 [4200/10000 (42%)] Unweighted L_s : L_Mnfld: 0.00108,  L_NonMnfld: 0.02015,  L_Nrml: 0.00000,  L_Eknl: 0.10271, L_Morse: 1.35769

Weights: [7000.0, 600.0, 0, 50.0, 0.0, 2.7102999999999993], lr=5.000e-05
Epoch: 0 [4210/10000 (42%)] Loss: 29.91360 = L_Mnfld: 8.20228 + L_NonMnfld: 13.08236 + L_Nrml: 0.00000 + L_Eknl: 4.96643 + L_Div: 0.00000 + L_Morse: 3.66252
Epoch: 0 [4210/10000 (42%)] Unweighted L_s : L_Mnfld: 0.00117,  L_NonMnfld: 0.02180,  L_Nrml: 0.00000,  L_Eknl: 0.09933, L_Morse: 1.35133

Weights: [7000.0, 600.0, 0, 50.0, 0.0, 2.677299999999999], lr=5.000e-05
Epoch: 0 [4220/10000 (42%)] Loss: 28.39795 = L_Mnfld: 7.05970 + L_NonMnfld: 12.89743 + L_Nrml: 0.00000 + L_Eknl: 4.86763 + L_Div: 0.00000 + L_Morse: 3.57317
Epoch: 0 [4220/10000 (42%)] Unweighted L_s : L_Mnfld: 0.00101,  L_NonMnfld: 0.02150,  L_Nrml: 0.00000,  L_Eknl: 0.09735, L_Morse: 1.33462

Weights: [7000.0, 600.0, 0, 50.0, 0.0, 2.6442999999999994], lr=5.000e-05
Epoch: 0 [4230/10000 (42%)] Loss: 28.07199 = L_Mnfld: 7.14998 + L_NonMnfld: 12.39862 + L_Nrml: 0.00000 + L_Eknl: 5.08896 + L_Div: 0.00000 + L_Morse: 3.43443
Epoch: 0 [4230/10000 (42%)] Unweighted L_s : L_Mnfld: 0.00102,  L_NonMnfld: 0.02066,  L_Nrml: 0.00000,  L_Eknl: 0.10178, L_Morse: 1.29880

Weights: [7000.0, 600.0, 0, 50.0, 0.0, 2.611300000000001], lr=5.000e-05
Epoch: 0 [4240/10000 (42%)] Loss: 28.99615 = L_Mnfld: 7.06604 + L_NonMnfld: 13.64168 + L_Nrml: 0.00000 + L_Eknl: 4.89789 + L_Div: 0.00000 + L_Morse: 3.39054
Epoch: 0 [4240/10000 (42%)] Unweighted L_s : L_Mnfld: 0.00101,  L_NonMnfld: 0.02274,  L_Nrml: 0.00000,  L_Eknl: 0.09796, L_Morse: 1.29841

Weights: [7000.0, 600.0, 0, 50.0, 0.0, 2.5783000000000005], lr=5.000e-05
Epoch: 0 [4250/10000 (42%)] Loss: 27.85973 = L_Mnfld: 7.05123 + L_NonMnfld: 11.94256 + L_Nrml: 0.00000 + L_Eknl: 5.53277 + L_Div: 0.00000 + L_Morse: 3.33318
Epoch: 0 [4250/10000 (42%)] Unweighted L_s : L_Mnfld: 0.00101,  L_NonMnfld: 0.01990,  L_Nrml: 0.00000,  L_Eknl: 0.11066, L_Morse: 1.29278

Weights: [7000.0, 600.0, 0, 50.0, 0.0, 2.5453], lr=5.000e-05
Epoch: 0 [4260/10000 (43%)] Loss: 28.90112 = L_Mnfld: 8.56532 + L_NonMnfld: 12.17078 + L_Nrml: 0.00000 + L_Eknl: 4.87684 + L_Div: 0.00000 + L_Morse: 3.28818
Epoch: 0 [4260/10000 (43%)] Unweighted L_s : L_Mnfld: 0.00122,  L_NonMnfld: 0.02028,  L_Nrml: 0.00000,  L_Eknl: 0.09754, L_Morse: 1.29186

Weights: [7000.0, 600.0, 0, 50.0, 0.0, 2.5123000000000006], lr=5.000e-05
Epoch: 0 [4270/10000 (43%)] Loss: 27.19156 = L_Mnfld: 7.13981 + L_NonMnfld: 12.06904 + L_Nrml: 0.00000 + L_Eknl: 4.68005 + L_Div: 0.00000 + L_Morse: 3.30267
Epoch: 0 [4270/10000 (43%)] Unweighted L_s : L_Mnfld: 0.00102,  L_NonMnfld: 0.02012,  L_Nrml: 0.00000,  L_Eknl: 0.09360, L_Morse: 1.31460

Weights: [7000.0, 600.0, 0, 50.0, 0.0, 2.4793000000000003], lr=5.000e-05
Epoch: 0 [4280/10000 (43%)] Loss: 27.46767 = L_Mnfld: 7.91587 + L_NonMnfld: 11.53666 + L_Nrml: 0.00000 + L_Eknl: 4.75513 + L_Div: 0.00000 + L_Morse: 3.26001
Epoch: 0 [4280/10000 (43%)] Unweighted L_s : L_Mnfld: 0.00113,  L_NonMnfld: 0.01923,  L_Nrml: 0.00000,  L_Eknl: 0.09510, L_Morse: 1.31489

Weights: [7000.0, 600.0, 0, 50.0, 0.0, 2.4463], lr=5.000e-05
Epoch: 0 [4290/10000 (43%)] Loss: 29.48527 = L_Mnfld: 8.36459 + L_NonMnfld: 12.79866 + L_Nrml: 0.00000 + L_Eknl: 4.98899 + L_Div: 0.00000 + L_Morse: 3.33302
Epoch: 0 [4290/10000 (43%)] Unweighted L_s : L_Mnfld: 0.00119,  L_NonMnfld: 0.02133,  L_Nrml: 0.00000,  L_Eknl: 0.09978, L_Morse: 1.36247

Weights: [7000.0, 600.0, 0, 50.0, 0.0, 2.4133000000000004], lr=5.000e-05
Epoch: 0 [4300/10000 (43%)] Loss: 41.85721 = L_Mnfld: 19.61821 + L_NonMnfld: 12.08667 + L_Nrml: 0.00000 + L_Eknl: 6.53819 + L_Div: 0.00000 + L_Morse: 3.61415
Epoch: 0 [4300/10000 (43%)] Unweighted L_s : L_Mnfld: 0.00280,  L_NonMnfld: 0.02014,  L_Nrml: 0.00000,  L_Eknl: 0.13076, L_Morse: 1.49760

Weights: [7000.0, 600.0, 0, 50.0, 0.0, 2.3803], lr=5.000e-05
Epoch: 0 [4310/10000 (43%)] Loss: 52.61317 = L_Mnfld: 27.49984 + L_NonMnfld: 12.48773 + L_Nrml: 0.00000 + L_Eknl: 8.76885 + L_Div: 0.00000 + L_Morse: 3.85675
Epoch: 0 [4310/10000 (43%)] Unweighted L_s : L_Mnfld: 0.00393,  L_NonMnfld: 0.02081,  L_Nrml: 0.00000,  L_Eknl: 0.17538, L_Morse: 1.62028

Weights: [7000.0, 600.0, 0, 50.0, 0.0, 2.3472999999999997], lr=5.000e-05
Epoch: 0 [4320/10000 (43%)] Loss: 54.24969 = L_Mnfld: 27.05402 + L_NonMnfld: 13.88387 + L_Nrml: 0.00000 + L_Eknl: 9.38696 + L_Div: 0.00000 + L_Morse: 3.92485
Epoch: 0 [4320/10000 (43%)] Unweighted L_s : L_Mnfld: 0.00386,  L_NonMnfld: 0.02314,  L_Nrml: 0.00000,  L_Eknl: 0.18774, L_Morse: 1.67207

Weights: [7000.0, 600.0, 0, 50.0, 0.0, 2.3143000000000002], lr=5.000e-05
Epoch: 0 [4330/10000 (43%)] Loss: 45.97094 = L_Mnfld: 21.16047 + L_NonMnfld: 12.28281 + L_Nrml: 0.00000 + L_Eknl: 8.44202 + L_Div: 0.00000 + L_Morse: 4.08564
Epoch: 0 [4330/10000 (43%)] Unweighted L_s : L_Mnfld: 0.00302,  L_NonMnfld: 0.02047,  L_Nrml: 0.00000,  L_Eknl: 0.16884, L_Morse: 1.76539

Weights: [7000.0, 600.0, 0, 50.0, 0.0, 2.2813], lr=5.000e-05
Epoch: 0 [4340/10000 (43%)] Loss: 44.25026 = L_Mnfld: 19.94134 + L_NonMnfld: 12.10463 + L_Nrml: 0.00000 + L_Eknl: 8.23983 + L_Div: 0.00000 + L_Morse: 3.96448
Epoch: 0 [4340/10000 (43%)] Unweighted L_s : L_Mnfld: 0.00285,  L_NonMnfld: 0.02017,  L_Nrml: 0.00000,  L_Eknl: 0.16480, L_Morse: 1.73781

Weights: [7000.0, 600.0, 0, 50.0, 0.0, 2.2482999999999995], lr=5.000e-05
Epoch: 0 [4350/10000 (44%)] Loss: 50.50314 = L_Mnfld: 25.71865 + L_NonMnfld: 12.50978 + L_Nrml: 0.00000 + L_Eknl: 8.46085 + L_Div: 0.00000 + L_Morse: 3.81387
Epoch: 0 [4350/10000 (44%)] Unweighted L_s : L_Mnfld: 0.00367,  L_NonMnfld: 0.02085,  L_Nrml: 0.00000,  L_Eknl: 0.16922, L_Morse: 1.69633

Weights: [7000.0, 600.0, 0, 50.0, 0.0, 2.2153], lr=5.000e-05
Epoch: 0 [4360/10000 (44%)] Loss: 42.78750 = L_Mnfld: 20.80493 + L_NonMnfld: 11.00096 + L_Nrml: 0.00000 + L_Eknl: 7.40946 + L_Div: 0.00000 + L_Morse: 3.57215
Epoch: 0 [4360/10000 (44%)] Unweighted L_s : L_Mnfld: 0.00297,  L_NonMnfld: 0.01833,  L_Nrml: 0.00000,  L_Eknl: 0.14819, L_Morse: 1.61249

Weights: [7000.0, 600.0, 0, 50.0, 0.0, 2.1822999999999997], lr=5.000e-05
Epoch: 0 [4370/10000 (44%)] Loss: 57.72512 = L_Mnfld: 35.26251 + L_NonMnfld: 11.62076 + L_Nrml: 0.00000 + L_Eknl: 7.29763 + L_Div: 0.00000 + L_Morse: 3.54421
Epoch: 0 [4370/10000 (44%)] Unweighted L_s : L_Mnfld: 0.00504,  L_NonMnfld: 0.01937,  L_Nrml: 0.00000,  L_Eknl: 0.14595, L_Morse: 1.62407

Weights: [7000.0, 600.0, 0, 50.0, 0.0, 2.1492999999999993], lr=5.000e-05
Epoch: 0 [4380/10000 (44%)] Loss: 53.32525 = L_Mnfld: 28.34992 + L_NonMnfld: 12.20149 + L_Nrml: 0.00000 + L_Eknl: 9.14990 + L_Div: 0.00000 + L_Morse: 3.62395
Epoch: 0 [4380/10000 (44%)] Unweighted L_s : L_Mnfld: 0.00405,  L_NonMnfld: 0.02034,  L_Nrml: 0.00000,  L_Eknl: 0.18300, L_Morse: 1.68611

Weights: [7000.0, 600.0, 0, 50.0, 0.0, 2.1163], lr=5.000e-05
Epoch: 0 [4390/10000 (44%)] Loss: 51.88811 = L_Mnfld: 26.89763 + L_NonMnfld: 12.55305 + L_Nrml: 0.00000 + L_Eknl: 8.92363 + L_Div: 0.00000 + L_Morse: 3.51380
Epoch: 0 [4390/10000 (44%)] Unweighted L_s : L_Mnfld: 0.00384,  L_NonMnfld: 0.02092,  L_Nrml: 0.00000,  L_Eknl: 0.17847, L_Morse: 1.66035

Weights: [7000.0, 600.0, 0, 50.0, 0.0, 2.0832999999999995], lr=5.000e-05
Epoch: 0 [4400/10000 (44%)] Loss: 54.56661 = L_Mnfld: 30.26453 + L_NonMnfld: 11.60603 + L_Nrml: 0.00000 + L_Eknl: 8.89374 + L_Div: 0.00000 + L_Morse: 3.80231
Epoch: 0 [4400/10000 (44%)] Unweighted L_s : L_Mnfld: 0.00432,  L_NonMnfld: 0.01934,  L_Nrml: 0.00000,  L_Eknl: 0.17787, L_Morse: 1.82514

Weights: [7000.0, 600.0, 0, 50.0, 0.0, 2.050299999999999], lr=5.000e-05
Epoch: 0 [4410/10000 (44%)] Loss: 47.55832 = L_Mnfld: 24.35258 + L_NonMnfld: 10.84050 + L_Nrml: 0.00000 + L_Eknl: 8.81794 + L_Div: 0.00000 + L_Morse: 3.54730
Epoch: 0 [4410/10000 (44%)] Unweighted L_s : L_Mnfld: 0.00348,  L_NonMnfld: 0.01807,  L_Nrml: 0.00000,  L_Eknl: 0.17636, L_Morse: 1.73014

Weights: [7000.0, 600.0, 0, 50.0, 0.0, 2.0172999999999996], lr=5.000e-05
Epoch: 0 [4420/10000 (44%)] Loss: 54.65020 = L_Mnfld: 30.43343 + L_NonMnfld: 11.60995 + L_Nrml: 0.00000 + L_Eknl: 9.06935 + L_Div: 0.00000 + L_Morse: 3.53747
Epoch: 0 [4420/10000 (44%)] Unweighted L_s : L_Mnfld: 0.00435,  L_NonMnfld: 0.01935,  L_Nrml: 0.00000,  L_Eknl: 0.18139, L_Morse: 1.75357

Weights: [7000.0, 600.0, 0, 50.0, 0.0, 1.9842999999999993], lr=5.000e-05
Epoch: 0 [4430/10000 (44%)] Loss: 42.29731 = L_Mnfld: 19.87586 + L_NonMnfld: 11.48262 + L_Nrml: 0.00000 + L_Eknl: 7.73067 + L_Div: 0.00000 + L_Morse: 3.20816
Epoch: 0 [4430/10000 (44%)] Unweighted L_s : L_Mnfld: 0.00284,  L_NonMnfld: 0.01914,  L_Nrml: 0.00000,  L_Eknl: 0.15461, L_Morse: 1.61677

Weights: [7000.0, 600.0, 0, 50.0, 0.0, 1.9512999999999998], lr=5.000e-05
Epoch: 0 [4440/10000 (44%)] Loss: 33.67767 = L_Mnfld: 12.52269 + L_NonMnfld: 11.40400 + L_Nrml: 0.00000 + L_Eknl: 6.64372 + L_Div: 0.00000 + L_Morse: 3.10726
Epoch: 0 [4440/10000 (44%)] Unweighted L_s : L_Mnfld: 0.00179,  L_NonMnfld: 0.01901,  L_Nrml: 0.00000,  L_Eknl: 0.13287, L_Morse: 1.59241

Weights: [7000.0, 600.0, 0, 50.0, 0.0, 1.9182999999999986], lr=5.000e-05
Epoch: 0 [4450/10000 (44%)] Loss: 31.65829 = L_Mnfld: 10.20609 + L_NonMnfld: 12.40285 + L_Nrml: 0.00000 + L_Eknl: 6.09403 + L_Div: 0.00000 + L_Morse: 2.95532
Epoch: 0 [4450/10000 (44%)] Unweighted L_s : L_Mnfld: 0.00146,  L_NonMnfld: 0.02067,  L_Nrml: 0.00000,  L_Eknl: 0.12188, L_Morse: 1.54059

Weights: [7000.0, 600.0, 0, 50.0, 0.0, 1.885299999999999], lr=5.000e-05
Epoch: 0 [4460/10000 (45%)] Loss: 29.20612 = L_Mnfld: 9.53861 + L_NonMnfld: 11.17348 + L_Nrml: 0.00000 + L_Eknl: 5.64175 + L_Div: 0.00000 + L_Morse: 2.85227
Epoch: 0 [4460/10000 (45%)] Unweighted L_s : L_Mnfld: 0.00136,  L_NonMnfld: 0.01862,  L_Nrml: 0.00000,  L_Eknl: 0.11284, L_Morse: 1.51290

Weights: [7000.0, 600.0, 0, 50.0, 0.0, 1.8522999999999996], lr=5.000e-05
Epoch: 0 [4470/10000 (45%)] Loss: 29.01561 = L_Mnfld: 8.88742 + L_NonMnfld: 12.12857 + L_Nrml: 0.00000 + L_Eknl: 5.26937 + L_Div: 0.00000 + L_Morse: 2.73025
Epoch: 0 [4470/10000 (45%)] Unweighted L_s : L_Mnfld: 0.00127,  L_NonMnfld: 0.02021,  L_Nrml: 0.00000,  L_Eknl: 0.10539, L_Morse: 1.47398

Weights: [7000.0, 600.0, 0, 50.0, 0.0, 1.8192999999999984], lr=5.000e-05
Epoch: 0 [4480/10000 (45%)] Loss: 27.78220 = L_Mnfld: 8.05128 + L_NonMnfld: 11.95731 + L_Nrml: 0.00000 + L_Eknl: 5.10409 + L_Div: 0.00000 + L_Morse: 2.66952
Epoch: 0 [4480/10000 (45%)] Unweighted L_s : L_Mnfld: 0.00115,  L_NonMnfld: 0.01993,  L_Nrml: 0.00000,  L_Eknl: 0.10208, L_Morse: 1.46733

Weights: [7000.0, 600.0, 0, 50.0, 0.0, 1.7862999999999989], lr=5.000e-05
Epoch: 0 [4490/10000 (45%)] Loss: 26.17347 = L_Mnfld: 6.75708 + L_NonMnfld: 11.83935 + L_Nrml: 0.00000 + L_Eknl: 4.93039 + L_Div: 0.00000 + L_Morse: 2.64665
Epoch: 0 [4490/10000 (45%)] Unweighted L_s : L_Mnfld: 0.00097,  L_NonMnfld: 0.01973,  L_Nrml: 0.00000,  L_Eknl: 0.09861, L_Morse: 1.48164

Weights: [7000.0, 600.0, 0, 50.0, 0.0, 1.7532999999999994], lr=5.000e-05
Epoch: 0 [4500/10000 (45%)] Loss: 26.02784 = L_Mnfld: 7.05221 + L_NonMnfld: 11.56035 + L_Nrml: 0.00000 + L_Eknl: 4.79630 + L_Div: 0.00000 + L_Morse: 2.61898
Epoch: 0 [4500/10000 (45%)] Unweighted L_s : L_Mnfld: 0.00101,  L_NonMnfld: 0.01927,  L_Nrml: 0.00000,  L_Eknl: 0.09593, L_Morse: 1.49375

Weights: [7000.0, 600.0, 0, 50.0, 0.0, 1.7202999999999982], lr=5.000e-05
Epoch: 0 [4510/10000 (45%)] Loss: 26.08568 = L_Mnfld: 6.57176 + L_NonMnfld: 12.26484 + L_Nrml: 0.00000 + L_Eknl: 4.65321 + L_Div: 0.00000 + L_Morse: 2.59587
Epoch: 0 [4510/10000 (45%)] Unweighted L_s : L_Mnfld: 0.00094,  L_NonMnfld: 0.02044,  L_Nrml: 0.00000,  L_Eknl: 0.09306, L_Morse: 1.50897

Weights: [7000.0, 600.0, 0, 50.0, 0.0, 1.6872999999999987], lr=5.000e-05
Epoch: 0 [4520/10000 (45%)] Loss: 26.65839 = L_Mnfld: 6.83147 + L_NonMnfld: 12.69021 + L_Nrml: 0.00000 + L_Eknl: 4.59363 + L_Div: 0.00000 + L_Morse: 2.54307
Epoch: 0 [4520/10000 (45%)] Unweighted L_s : L_Mnfld: 0.00098,  L_NonMnfld: 0.02115,  L_Nrml: 0.00000,  L_Eknl: 0.09187, L_Morse: 1.50718

Weights: [7000.0, 600.0, 0, 50.0, 0.0, 1.6542999999999992], lr=5.000e-05
Epoch: 0 [4530/10000 (45%)] Loss: 25.14108 = L_Mnfld: 6.52344 + L_NonMnfld: 11.70162 + L_Nrml: 0.00000 + L_Eknl: 4.50135 + L_Div: 0.00000 + L_Morse: 2.41467
Epoch: 0 [4530/10000 (45%)] Unweighted L_s : L_Mnfld: 0.00093,  L_NonMnfld: 0.01950,  L_Nrml: 0.00000,  L_Eknl: 0.09003, L_Morse: 1.45963

Weights: [7000.0, 600.0, 0, 50.0, 0.0, 1.621299999999998], lr=5.000e-05
Epoch: 0 [4540/10000 (45%)] Loss: 26.00056 = L_Mnfld: 6.79570 + L_NonMnfld: 12.11554 + L_Nrml: 0.00000 + L_Eknl: 4.65750 + L_Div: 0.00000 + L_Morse: 2.43182
Epoch: 0 [4540/10000 (45%)] Unweighted L_s : L_Mnfld: 0.00097,  L_NonMnfld: 0.02019,  L_Nrml: 0.00000,  L_Eknl: 0.09315, L_Morse: 1.49992

Weights: [7000.0, 600.0, 0, 50.0, 0.0, 1.5882999999999985], lr=5.000e-05
Epoch: 0 [4550/10000 (46%)] Loss: 24.73909 = L_Mnfld: 6.63470 + L_NonMnfld: 11.29240 + L_Nrml: 0.00000 + L_Eknl: 4.40924 + L_Div: 0.00000 + L_Morse: 2.40274
Epoch: 0 [4550/10000 (46%)] Unweighted L_s : L_Mnfld: 0.00095,  L_NonMnfld: 0.01882,  L_Nrml: 0.00000,  L_Eknl: 0.08818, L_Morse: 1.51278

Weights: [7000.0, 600.0, 0, 50.0, 0.0, 1.555299999999999], lr=5.000e-05
Epoch: 0 [4560/10000 (46%)] Loss: 24.08511 = L_Mnfld: 6.63675 + L_NonMnfld: 10.83440 + L_Nrml: 0.00000 + L_Eknl: 4.30624 + L_Div: 0.00000 + L_Morse: 2.30773
Epoch: 0 [4560/10000 (46%)] Unweighted L_s : L_Mnfld: 0.00095,  L_NonMnfld: 0.01806,  L_Nrml: 0.00000,  L_Eknl: 0.08612, L_Morse: 1.48378

Weights: [7000.0, 600.0, 0, 50.0, 0.0, 1.5223000000000013], lr=5.000e-05
Epoch: 0 [4570/10000 (46%)] Loss: 25.13006 = L_Mnfld: 6.63719 + L_NonMnfld: 11.91048 + L_Nrml: 0.00000 + L_Eknl: 4.28597 + L_Div: 0.00000 + L_Morse: 2.29642
Epoch: 0 [4570/10000 (46%)] Unweighted L_s : L_Mnfld: 0.00095,  L_NonMnfld: 0.01985,  L_Nrml: 0.00000,  L_Eknl: 0.08572, L_Morse: 1.50852

Weights: [7000.0, 600.0, 0, 50.0, 0.0, 1.4893000000000018], lr=5.000e-05
Epoch: 0 [4580/10000 (46%)] Loss: 25.47187 = L_Mnfld: 6.21254 + L_NonMnfld: 12.89954 + L_Nrml: 0.00000 + L_Eknl: 4.09775 + L_Div: 0.00000 + L_Morse: 2.26205
Epoch: 0 [4580/10000 (46%)] Unweighted L_s : L_Mnfld: 0.00089,  L_NonMnfld: 0.02150,  L_Nrml: 0.00000,  L_Eknl: 0.08196, L_Morse: 1.51886

Weights: [7000.0, 600.0, 0, 50.0, 0.0, 1.4563000000000006], lr=5.000e-05
Epoch: 0 [4590/10000 (46%)] Loss: 24.76703 = L_Mnfld: 6.16181 + L_NonMnfld: 12.16539 + L_Nrml: 0.00000 + L_Eknl: 4.19299 + L_Div: 0.00000 + L_Morse: 2.24685
Epoch: 0 [4590/10000 (46%)] Unweighted L_s : L_Mnfld: 0.00088,  L_NonMnfld: 0.02028,  L_Nrml: 0.00000,  L_Eknl: 0.08386, L_Morse: 1.54284

Weights: [7000.0, 600.0, 0, 50.0, 0.0, 1.4233000000000011], lr=5.000e-05
Epoch: 0 [4600/10000 (46%)] Loss: 23.83588 = L_Mnfld: 6.36817 + L_NonMnfld: 11.28503 + L_Nrml: 0.00000 + L_Eknl: 4.04342 + L_Div: 0.00000 + L_Morse: 2.13926
Epoch: 0 [4600/10000 (46%)] Unweighted L_s : L_Mnfld: 0.00091,  L_NonMnfld: 0.01881,  L_Nrml: 0.00000,  L_Eknl: 0.08087, L_Morse: 1.50303

Weights: [7000.0, 600.0, 0, 50.0, 0.0, 1.3903000000000016], lr=5.000e-05
Epoch: 0 [4610/10000 (46%)] Loss: 23.62482 = L_Mnfld: 5.98828 + L_NonMnfld: 11.49817 + L_Nrml: 0.00000 + L_Eknl: 4.02902 + L_Div: 0.00000 + L_Morse: 2.10935
Epoch: 0 [4610/10000 (46%)] Unweighted L_s : L_Mnfld: 0.00086,  L_NonMnfld: 0.01916,  L_Nrml: 0.00000,  L_Eknl: 0.08058, L_Morse: 1.51719

Weights: [7000.0, 600.0, 0, 50.0, 0.0, 1.3573000000000004], lr=5.000e-05
Epoch: 0 [4620/10000 (46%)] Loss: 24.98858 = L_Mnfld: 6.59347 + L_NonMnfld: 12.30333 + L_Nrml: 0.00000 + L_Eknl: 4.01389 + L_Div: 0.00000 + L_Morse: 2.07790
Epoch: 0 [4620/10000 (46%)] Unweighted L_s : L_Mnfld: 0.00094,  L_NonMnfld: 0.02051,  L_Nrml: 0.00000,  L_Eknl: 0.08028, L_Morse: 1.53091

Weights: [7000.0, 600.0, 0, 50.0, 0.0, 1.324300000000001], lr=5.000e-05
Epoch: 0 [4630/10000 (46%)] Loss: 24.25910 = L_Mnfld: 6.16383 + L_NonMnfld: 12.05388 + L_Nrml: 0.00000 + L_Eknl: 4.02674 + L_Div: 0.00000 + L_Morse: 2.01465
Epoch: 0 [4630/10000 (46%)] Unweighted L_s : L_Mnfld: 0.00088,  L_NonMnfld: 0.02009,  L_Nrml: 0.00000,  L_Eknl: 0.08053, L_Morse: 1.52130

Weights: [7000.0, 600.0, 0, 50.0, 0.0, 1.2913000000000014], lr=5.000e-05
Epoch: 0 [4640/10000 (46%)] Loss: 24.77751 = L_Mnfld: 6.48077 + L_NonMnfld: 12.29735 + L_Nrml: 0.00000 + L_Eknl: 3.98433 + L_Div: 0.00000 + L_Morse: 2.01506
Epoch: 0 [4640/10000 (46%)] Unweighted L_s : L_Mnfld: 0.00093,  L_NonMnfld: 0.02050,  L_Nrml: 0.00000,  L_Eknl: 0.07969, L_Morse: 1.56049

Weights: [7000.0, 600.0, 0, 50.0, 0.0, 1.2583000000000002], lr=5.000e-05
Epoch: 0 [4650/10000 (46%)] Loss: 23.51768 = L_Mnfld: 6.23476 + L_NonMnfld: 11.37692 + L_Nrml: 0.00000 + L_Eknl: 3.93485 + L_Div: 0.00000 + L_Morse: 1.97115
Epoch: 0 [4650/10000 (46%)] Unweighted L_s : L_Mnfld: 0.00089,  L_NonMnfld: 0.01896,  L_Nrml: 0.00000,  L_Eknl: 0.07870, L_Morse: 1.56652

Weights: [7000.0, 600.0, 0, 50.0, 0.0, 1.2253000000000007], lr=5.000e-05
Epoch: 0 [4660/10000 (47%)] Loss: 23.88906 = L_Mnfld: 6.58447 + L_NonMnfld: 11.40102 + L_Nrml: 0.00000 + L_Eknl: 4.01554 + L_Div: 0.00000 + L_Morse: 1.88803
Epoch: 0 [4660/10000 (47%)] Unweighted L_s : L_Mnfld: 0.00094,  L_NonMnfld: 0.01900,  L_Nrml: 0.00000,  L_Eknl: 0.08031, L_Morse: 1.54087

Weights: [7000.0, 600.0, 0, 50.0, 0.0, 1.1923000000000012], lr=5.000e-05
Epoch: 0 [4670/10000 (47%)] Loss: 24.28695 = L_Mnfld: 6.63609 + L_NonMnfld: 11.97998 + L_Nrml: 0.00000 + L_Eknl: 3.84740 + L_Div: 0.00000 + L_Morse: 1.82348
Epoch: 0 [4670/10000 (47%)] Unweighted L_s : L_Mnfld: 0.00095,  L_NonMnfld: 0.01997,  L_Nrml: 0.00000,  L_Eknl: 0.07695, L_Morse: 1.52938

Weights: [7000.0, 600.0, 0, 50.0, 0.0, 1.1593], lr=5.000e-05
Epoch: 0 [4680/10000 (47%)] Loss: 23.09141 = L_Mnfld: 6.37024 + L_NonMnfld: 11.06182 + L_Nrml: 0.00000 + L_Eknl: 3.81995 + L_Div: 0.00000 + L_Morse: 1.83940
Epoch: 0 [4680/10000 (47%)] Unweighted L_s : L_Mnfld: 0.00091,  L_NonMnfld: 0.01844,  L_Nrml: 0.00000,  L_Eknl: 0.07640, L_Morse: 1.58665

Weights: [7000.0, 600.0, 0, 50.0, 0.0, 1.1263000000000005], lr=5.000e-05
Epoch: 0 [4690/10000 (47%)] Loss: 23.71914 = L_Mnfld: 6.11410 + L_NonMnfld: 12.05215 + L_Nrml: 0.00000 + L_Eknl: 3.75827 + L_Div: 0.00000 + L_Morse: 1.79461
Epoch: 0 [4690/10000 (47%)] Unweighted L_s : L_Mnfld: 0.00087,  L_NonMnfld: 0.02009,  L_Nrml: 0.00000,  L_Eknl: 0.07517, L_Morse: 1.59337

Weights: [7000.0, 600.0, 0, 50.0, 0.0, 1.093300000000001], lr=5.000e-05
Epoch: 0 [4700/10000 (47%)] Loss: 21.37416 = L_Mnfld: 6.40207 + L_NonMnfld: 9.46992 + L_Nrml: 0.00000 + L_Eknl: 3.82003 + L_Div: 0.00000 + L_Morse: 1.68214
Epoch: 0 [4700/10000 (47%)] Unweighted L_s : L_Mnfld: 0.00091,  L_NonMnfld: 0.01578,  L_Nrml: 0.00000,  L_Eknl: 0.07640, L_Morse: 1.53859

Weights: [7000.0, 600.0, 0, 50.0, 0.0, 1.0602999999999998], lr=5.000e-05
Epoch: 0 [4710/10000 (47%)] Loss: 23.10462 = L_Mnfld: 6.21114 + L_NonMnfld: 11.52307 + L_Nrml: 0.00000 + L_Eknl: 3.68750 + L_Div: 0.00000 + L_Morse: 1.68290
Epoch: 0 [4710/10000 (47%)] Unweighted L_s : L_Mnfld: 0.00089,  L_NonMnfld: 0.01921,  L_Nrml: 0.00000,  L_Eknl: 0.07375, L_Morse: 1.58720

Weights: [7000.0, 600.0, 0, 50.0, 0.0, 1.0273000000000003], lr=5.000e-05
Epoch: 0 [4720/10000 (47%)] Loss: 24.02063 = L_Mnfld: 6.47298 + L_NonMnfld: 12.13987 + L_Nrml: 0.00000 + L_Eknl: 3.72250 + L_Div: 0.00000 + L_Morse: 1.68528
Epoch: 0 [4720/10000 (47%)] Unweighted L_s : L_Mnfld: 0.00092,  L_NonMnfld: 0.02023,  L_Nrml: 0.00000,  L_Eknl: 0.07445, L_Morse: 1.64049

Weights: [7000.0, 600.0, 0, 50.0, 0.0, 0.9943000000000008], lr=5.000e-05
Epoch: 0 [4730/10000 (47%)] Loss: 24.55806 = L_Mnfld: 6.06143 + L_NonMnfld: 13.32912 + L_Nrml: 0.00000 + L_Eknl: 3.58529 + L_Div: 0.00000 + L_Morse: 1.58222
Epoch: 0 [4730/10000 (47%)] Unweighted L_s : L_Mnfld: 0.00087,  L_NonMnfld: 0.02222,  L_Nrml: 0.00000,  L_Eknl: 0.07171, L_Morse: 1.59129

Weights: [7000.0, 600.0, 0, 50.0, 0.0, 0.9612999999999996], lr=5.000e-05
Epoch: 0 [4740/10000 (47%)] Loss: 22.15462 = L_Mnfld: 6.27709 + L_NonMnfld: 10.62380 + L_Nrml: 0.00000 + L_Eknl: 3.69366 + L_Div: 0.00000 + L_Morse: 1.56008
Epoch: 0 [4740/10000 (47%)] Unweighted L_s : L_Mnfld: 0.00090,  L_NonMnfld: 0.01771,  L_Nrml: 0.00000,  L_Eknl: 0.07387, L_Morse: 1.62288

Weights: [7000.0, 600.0, 0, 50.0, 0.0, 0.9283000000000001], lr=5.000e-05
Epoch: 0 [4750/10000 (48%)] Loss: 22.38613 = L_Mnfld: 6.37469 + L_NonMnfld: 11.06718 + L_Nrml: 0.00000 + L_Eknl: 3.46210 + L_Div: 0.00000 + L_Morse: 1.48216
Epoch: 0 [4750/10000 (48%)] Unweighted L_s : L_Mnfld: 0.00091,  L_NonMnfld: 0.01845,  L_Nrml: 0.00000,  L_Eknl: 0.06924, L_Morse: 1.59664

Weights: [7000.0, 600.0, 0, 50.0, 0.0, 0.8953000000000007], lr=5.000e-05
Epoch: 0 [4760/10000 (48%)] Loss: 23.82537 = L_Mnfld: 6.39361 + L_NonMnfld: 12.32203 + L_Nrml: 0.00000 + L_Eknl: 3.66496 + L_Div: 0.00000 + L_Morse: 1.44478
Epoch: 0 [4760/10000 (48%)] Unweighted L_s : L_Mnfld: 0.00091,  L_NonMnfld: 0.02054,  L_Nrml: 0.00000,  L_Eknl: 0.07330, L_Morse: 1.61373

Weights: [7000.0, 600.0, 0, 50.0, 0.0, 0.8622999999999994], lr=5.000e-05
Epoch: 0 [4770/10000 (48%)] Loss: 22.59402 = L_Mnfld: 6.58565 + L_NonMnfld: 10.97470 + L_Nrml: 0.00000 + L_Eknl: 3.62255 + L_Div: 0.00000 + L_Morse: 1.41112
Epoch: 0 [4770/10000 (48%)] Unweighted L_s : L_Mnfld: 0.00094,  L_NonMnfld: 0.01829,  L_Nrml: 0.00000,  L_Eknl: 0.07245, L_Morse: 1.63646

Weights: [7000.0, 600.0, 0, 50.0, 0.0, 0.8292999999999999], lr=5.000e-05
Epoch: 0 [4780/10000 (48%)] Loss: 23.07865 = L_Mnfld: 6.50040 + L_NonMnfld: 11.79944 + L_Nrml: 0.00000 + L_Eknl: 3.41329 + L_Div: 0.00000 + L_Morse: 1.36552
Epoch: 0 [4780/10000 (48%)] Unweighted L_s : L_Mnfld: 0.00093,  L_NonMnfld: 0.01967,  L_Nrml: 0.00000,  L_Eknl: 0.06827, L_Morse: 1.64659

Weights: [7000.0, 600.0, 0, 50.0, 0.0, 0.7963000000000005], lr=5.000e-05
Epoch: 0 [4790/10000 (48%)] Loss: 21.86478 = L_Mnfld: 5.97686 + L_NonMnfld: 11.16356 + L_Nrml: 0.00000 + L_Eknl: 3.39336 + L_Div: 0.00000 + L_Morse: 1.33100
Epoch: 0 [4790/10000 (48%)] Unweighted L_s : L_Mnfld: 0.00085,  L_NonMnfld: 0.01861,  L_Nrml: 0.00000,  L_Eknl: 0.06787, L_Morse: 1.67148

Weights: [7000.0, 600.0, 0, 50.0, 0.0, 0.7632999999999992], lr=5.000e-05
Epoch: 0 [4800/10000 (48%)] Loss: 22.73719 = L_Mnfld: 6.22229 + L_NonMnfld: 11.85716 + L_Nrml: 0.00000 + L_Eknl: 3.42969 + L_Div: 0.00000 + L_Morse: 1.22806
Epoch: 0 [4800/10000 (48%)] Unweighted L_s : L_Mnfld: 0.00089,  L_NonMnfld: 0.01976,  L_Nrml: 0.00000,  L_Eknl: 0.06859, L_Morse: 1.60888

Weights: [7000.0, 600.0, 0, 50.0, 0.0, 0.7302999999999997], lr=5.000e-05
Epoch: 0 [4810/10000 (48%)] Loss: 22.62090 = L_Mnfld: 5.83835 + L_NonMnfld: 12.18367 + L_Nrml: 0.00000 + L_Eknl: 3.40391 + L_Div: 0.00000 + L_Morse: 1.19497
Epoch: 0 [4810/10000 (48%)] Unweighted L_s : L_Mnfld: 0.00083,  L_NonMnfld: 0.02031,  L_Nrml: 0.00000,  L_Eknl: 0.06808, L_Morse: 1.63627

Weights: [7000.0, 600.0, 0, 50.0, 0.0, 0.6973000000000003], lr=5.000e-05
Epoch: 0 [4820/10000 (48%)] Loss: 23.29038 = L_Mnfld: 6.24552 + L_NonMnfld: 12.53384 + L_Nrml: 0.00000 + L_Eknl: 3.36939 + L_Div: 0.00000 + L_Morse: 1.14164
Epoch: 0 [4820/10000 (48%)] Unweighted L_s : L_Mnfld: 0.00089,  L_NonMnfld: 0.02089,  L_Nrml: 0.00000,  L_Eknl: 0.06739, L_Morse: 1.63722

Weights: [7000.0, 600.0, 0, 50.0, 0.0, 0.664299999999999], lr=5.000e-05
Epoch: 0 [4830/10000 (48%)] Loss: 21.97004 = L_Mnfld: 6.30462 + L_NonMnfld: 11.25346 + L_Nrml: 0.00000 + L_Eknl: 3.32643 + L_Div: 0.00000 + L_Morse: 1.08553
Epoch: 0 [4830/10000 (48%)] Unweighted L_s : L_Mnfld: 0.00090,  L_NonMnfld: 0.01876,  L_Nrml: 0.00000,  L_Eknl: 0.06653, L_Morse: 1.63409

Weights: [7000.0, 600.0, 0, 50.0, 0.0, 0.6312999999999995], lr=5.000e-05
Epoch: 0 [4840/10000 (48%)] Loss: 23.89328 = L_Mnfld: 6.24479 + L_NonMnfld: 13.35250 + L_Nrml: 0.00000 + L_Eknl: 3.22438 + L_Div: 0.00000 + L_Morse: 1.07162
Epoch: 0 [4840/10000 (48%)] Unweighted L_s : L_Mnfld: 0.00089,  L_NonMnfld: 0.02225,  L_Nrml: 0.00000,  L_Eknl: 0.06449, L_Morse: 1.69748

Weights: [7000.0, 600.0, 0, 50.0, 0.0, 0.5983], lr=5.000e-05
Epoch: 0 [4850/10000 (48%)] Loss: 21.24683 = L_Mnfld: 5.82774 + L_NonMnfld: 11.15514 + L_Nrml: 0.00000 + L_Eknl: 3.26835 + L_Div: 0.00000 + L_Morse: 0.99561
Epoch: 0 [4850/10000 (48%)] Unweighted L_s : L_Mnfld: 0.00083,  L_NonMnfld: 0.01859,  L_Nrml: 0.00000,  L_Eknl: 0.06537, L_Morse: 1.66406

Weights: [7000.0, 600.0, 0, 50.0, 0.0, 0.5652999999999988], lr=5.000e-05
Epoch: 0 [4860/10000 (49%)] Loss: 20.99949 = L_Mnfld: 6.10634 + L_NonMnfld: 10.80946 + L_Nrml: 0.00000 + L_Eknl: 3.13424 + L_Div: 0.00000 + L_Morse: 0.94945
Epoch: 0 [4860/10000 (49%)] Unweighted L_s : L_Mnfld: 0.00087,  L_NonMnfld: 0.01802,  L_Nrml: 0.00000,  L_Eknl: 0.06268, L_Morse: 1.67955

Weights: [7000.0, 600.0, 0, 50.0, 0.0, 0.5322999999999993], lr=5.000e-05
Epoch: 0 [4870/10000 (49%)] Loss: 22.46644 = L_Mnfld: 5.76732 + L_NonMnfld: 12.52801 + L_Nrml: 0.00000 + L_Eknl: 3.26985 + L_Div: 0.00000 + L_Morse: 0.90126
Epoch: 0 [4870/10000 (49%)] Unweighted L_s : L_Mnfld: 0.00082,  L_NonMnfld: 0.02088,  L_Nrml: 0.00000,  L_Eknl: 0.06540, L_Morse: 1.69314

Weights: [7000.0, 600.0, 0, 50.0, 0.0, 0.49929999999999986], lr=5.000e-05
Epoch: 0 [4880/10000 (49%)] Loss: 20.46531 = L_Mnfld: 5.56016 + L_NonMnfld: 10.90444 + L_Nrml: 0.00000 + L_Eknl: 3.17104 + L_Div: 0.00000 + L_Morse: 0.82967
Epoch: 0 [4880/10000 (49%)] Unweighted L_s : L_Mnfld: 0.00079,  L_NonMnfld: 0.01817,  L_Nrml: 0.00000,  L_Eknl: 0.06342, L_Morse: 1.66167

Weights: [7000.0, 600.0, 0, 50.0, 0.0, 0.4662999999999986], lr=5.000e-05
Epoch: 0 [4890/10000 (49%)] Loss: 21.48157 = L_Mnfld: 5.66592 + L_NonMnfld: 11.93304 + L_Nrml: 0.00000 + L_Eknl: 3.09147 + L_Div: 0.00000 + L_Morse: 0.79114
Epoch: 0 [4890/10000 (49%)] Unweighted L_s : L_Mnfld: 0.00081,  L_NonMnfld: 0.01989,  L_Nrml: 0.00000,  L_Eknl: 0.06183, L_Morse: 1.69664

Weights: [7000.0, 600.0, 0, 50.0, 0.0, 0.43329999999999913], lr=5.000e-05
Epoch: 0 [4900/10000 (49%)] Loss: 21.79329 = L_Mnfld: 5.75907 + L_NonMnfld: 12.08084 + L_Nrml: 0.00000 + L_Eknl: 3.20698 + L_Div: 0.00000 + L_Morse: 0.74639
Epoch: 0 [4900/10000 (49%)] Unweighted L_s : L_Mnfld: 0.00082,  L_NonMnfld: 0.02013,  L_Nrml: 0.00000,  L_Eknl: 0.06414, L_Morse: 1.72257

Weights: [7000.0, 600.0, 0, 50.0, 0.0, 0.40029999999999966], lr=5.000e-05
Epoch: 0 [4910/10000 (49%)] Loss: 20.77510 = L_Mnfld: 5.63246 + L_NonMnfld: 11.40511 + L_Nrml: 0.00000 + L_Eknl: 3.05558 + L_Div: 0.00000 + L_Morse: 0.68195
Epoch: 0 [4910/10000 (49%)] Unweighted L_s : L_Mnfld: 0.00080,  L_NonMnfld: 0.01901,  L_Nrml: 0.00000,  L_Eknl: 0.06111, L_Morse: 1.70359

Weights: [7000.0, 600.0, 0, 50.0, 0.0, 0.3672999999999984], lr=5.000e-05
Epoch: 0 [4920/10000 (49%)] Loss: 20.16374 = L_Mnfld: 5.75628 + L_NonMnfld: 10.75188 + L_Nrml: 0.00000 + L_Eknl: 3.01452 + L_Div: 0.00000 + L_Morse: 0.64107
Epoch: 0 [4920/10000 (49%)] Unweighted L_s : L_Mnfld: 0.00082,  L_NonMnfld: 0.01792,  L_Nrml: 0.00000,  L_Eknl: 0.06029, L_Morse: 1.74536

Weights: [7000.0, 600.0, 0, 50.0, 0.0, 0.33429999999999893], lr=5.000e-05
Epoch: 0 [4930/10000 (49%)] Loss: 22.31013 = L_Mnfld: 5.82017 + L_NonMnfld: 12.80984 + L_Nrml: 0.00000 + L_Eknl: 3.09608 + L_Div: 0.00000 + L_Morse: 0.58403
Epoch: 0 [4930/10000 (49%)] Unweighted L_s : L_Mnfld: 0.00083,  L_NonMnfld: 0.02135,  L_Nrml: 0.00000,  L_Eknl: 0.06192, L_Morse: 1.74703

Weights: [7000.0, 600.0, 0, 50.0, 0.0, 0.30129999999999946], lr=5.000e-05
Epoch: 0 [4940/10000 (49%)] Loss: 21.01254 = L_Mnfld: 5.92022 + L_NonMnfld: 11.48976 + L_Nrml: 0.00000 + L_Eknl: 3.06867 + L_Div: 0.00000 + L_Morse: 0.53389
Epoch: 0 [4940/10000 (49%)] Unweighted L_s : L_Mnfld: 0.00085,  L_NonMnfld: 0.01915,  L_Nrml: 0.00000,  L_Eknl: 0.06137, L_Morse: 1.77196

Weights: [7000.0, 600.0, 0, 50.0, 0.0, 0.2682999999999982], lr=5.000e-05
Epoch: 0 [4950/10000 (50%)] Loss: 20.70285 = L_Mnfld: 5.87173 + L_NonMnfld: 11.25997 + L_Nrml: 0.00000 + L_Eknl: 3.10104 + L_Div: 0.00000 + L_Morse: 0.47011
Epoch: 0 [4950/10000 (50%)] Unweighted L_s : L_Mnfld: 0.00084,  L_NonMnfld: 0.01877,  L_Nrml: 0.00000,  L_Eknl: 0.06202, L_Morse: 1.75219

Weights: [7000.0, 600.0, 0, 50.0, 0.0, 0.2353000000000005], lr=5.000e-05
Epoch: 0 [4960/10000 (50%)] Loss: 20.08372 = L_Mnfld: 5.88771 + L_NonMnfld: 10.81164 + L_Nrml: 0.00000 + L_Eknl: 2.96308 + L_Div: 0.00000 + L_Morse: 0.42129
Epoch: 0 [4960/10000 (50%)] Unweighted L_s : L_Mnfld: 0.00084,  L_NonMnfld: 0.01802,  L_Nrml: 0.00000,  L_Eknl: 0.05926, L_Morse: 1.79045

Weights: [7000.0, 600.0, 0, 50.0, 0.0, 0.20229999999999926], lr=5.000e-05
Epoch: 0 [4970/10000 (50%)] Loss: 20.77501 = L_Mnfld: 5.99533 + L_NonMnfld: 11.32571 + L_Nrml: 0.00000 + L_Eknl: 3.08620 + L_Div: 0.00000 + L_Morse: 0.36777
Epoch: 0 [4970/10000 (50%)] Unweighted L_s : L_Mnfld: 0.00086,  L_NonMnfld: 0.01888,  L_Nrml: 0.00000,  L_Eknl: 0.06172, L_Morse: 1.81794

Weights: [7000.0, 600.0, 0, 50.0, 0.0, 0.16929999999999978], lr=5.000e-05
Epoch: 0 [4980/10000 (50%)] Loss: 20.93587 = L_Mnfld: 5.94989 + L_NonMnfld: 11.57154 + L_Nrml: 0.00000 + L_Eknl: 3.10417 + L_Div: 0.00000 + L_Morse: 0.31027
Epoch: 0 [4980/10000 (50%)] Unweighted L_s : L_Mnfld: 0.00085,  L_NonMnfld: 0.01929,  L_Nrml: 0.00000,  L_Eknl: 0.06208, L_Morse: 1.83264

Weights: [7000.0, 600.0, 0, 50.0, 0.0, 0.1363000000000003], lr=5.000e-05
Epoch: 0 [4990/10000 (50%)] Loss: 20.01513 = L_Mnfld: 5.75036 + L_NonMnfld: 11.03251 + L_Nrml: 0.00000 + L_Eknl: 2.98371 + L_Div: 0.00000 + L_Morse: 0.24856
Epoch: 0 [4990/10000 (50%)] Unweighted L_s : L_Mnfld: 0.00082,  L_NonMnfld: 0.01839,  L_Nrml: 0.00000,  L_Eknl: 0.05967, L_Morse: 1.82363

Weights: [7000.0, 600.0, 0, 50.0, 0.0, 0.10329999999999906], lr=5.000e-05
Epoch: 0 [5000/10000 (50%)] Loss: 19.92334 = L_Mnfld: 5.70207 + L_NonMnfld: 11.03196 + L_Nrml: 0.00000 + L_Eknl: 3.00115 + L_Div: 0.00000 + L_Morse: 0.18816
Epoch: 0 [5000/10000 (50%)] Unweighted L_s : L_Mnfld: 0.00081,  L_NonMnfld: 0.01839,  L_Nrml: 0.00000,  L_Eknl: 0.06002, L_Morse: 1.82150

Weights: [7000.0, 600.0, 0, 50.0, 0.0, 0.1], lr=5.000e-05
Epoch: 0 [5010/10000 (50%)] Loss: 19.82955 = L_Mnfld: 5.99175 + L_NonMnfld: 10.72202 + L_Nrml: 0.00000 + L_Eknl: 2.93252 + L_Div: 0.00000 + L_Morse: 0.18326
Epoch: 0 [5010/10000 (50%)] Unweighted L_s : L_Mnfld: 0.00086,  L_NonMnfld: 0.01787,  L_Nrml: 0.00000,  L_Eknl: 0.05865, L_Morse: 1.83263

Weights: [7000.0, 600.0, 0, 50.0, 0.0, 0.1], lr=5.000e-05
Epoch: 0 [5020/10000 (50%)] Loss: 20.94355 = L_Mnfld: 5.90840 + L_NonMnfld: 11.87572 + L_Nrml: 0.00000 + L_Eknl: 2.97673 + L_Div: 0.00000 + L_Morse: 0.18270
Epoch: 0 [5020/10000 (50%)] Unweighted L_s : L_Mnfld: 0.00084,  L_NonMnfld: 0.01979,  L_Nrml: 0.00000,  L_Eknl: 0.05953, L_Morse: 1.82702

Weights: [7000.0, 600.0, 0, 50.0, 0.0, 0.1], lr=5.000e-05
Epoch: 0 [5030/10000 (50%)] Loss: 21.28857 = L_Mnfld: 6.07661 + L_NonMnfld: 12.08661 + L_Nrml: 0.00000 + L_Eknl: 2.94182 + L_Div: 0.00000 + L_Morse: 0.18353
Epoch: 0 [5030/10000 (50%)] Unweighted L_s : L_Mnfld: 0.00087,  L_NonMnfld: 0.02014,  L_Nrml: 0.00000,  L_Eknl: 0.05884, L_Morse: 1.83528

Weights: [7000.0, 600.0, 0, 50.0, 0.0, 0.1], lr=5.000e-05
Epoch: 0 [5040/10000 (50%)] Loss: 19.97349 = L_Mnfld: 5.92492 + L_NonMnfld: 10.98550 + L_Nrml: 0.00000 + L_Eknl: 2.87552 + L_Div: 0.00000 + L_Morse: 0.18756
Epoch: 0 [5040/10000 (50%)] Unweighted L_s : L_Mnfld: 0.00085,  L_NonMnfld: 0.01831,  L_Nrml: 0.00000,  L_Eknl: 0.05751, L_Morse: 1.87557

Weights: [7000.0, 600.0, 0, 50.0, 0.0, 0.1], lr=5.000e-05
Epoch: 0 [5050/10000 (50%)] Loss: 21.58175 = L_Mnfld: 5.88135 + L_NonMnfld: 12.53840 + L_Nrml: 0.00000 + L_Eknl: 2.97785 + L_Div: 0.00000 + L_Morse: 0.18414
Epoch: 0 [5050/10000 (50%)] Unweighted L_s : L_Mnfld: 0.00084,  L_NonMnfld: 0.02090,  L_Nrml: 0.00000,  L_Eknl: 0.05956, L_Morse: 1.84142

Weights: [7000.0, 600.0, 0, 50.0, 0.0, 0.1], lr=5.000e-05
Epoch: 0 [5060/10000 (51%)] Loss: 20.23306 = L_Mnfld: 5.74594 + L_NonMnfld: 11.47368 + L_Nrml: 0.00000 + L_Eknl: 2.82719 + L_Div: 0.00000 + L_Morse: 0.18626
Epoch: 0 [5060/10000 (51%)] Unweighted L_s : L_Mnfld: 0.00082,  L_NonMnfld: 0.01912,  L_Nrml: 0.00000,  L_Eknl: 0.05654, L_Morse: 1.86258

Weights: [7000.0, 600.0, 0, 50.0, 0.0, 0.1], lr=5.000e-05
Epoch: 0 [5070/10000 (51%)] Loss: 19.83594 = L_Mnfld: 5.57280 + L_NonMnfld: 11.38257 + L_Nrml: 0.00000 + L_Eknl: 2.69297 + L_Div: 0.00000 + L_Morse: 0.18760
Epoch: 0 [5070/10000 (51%)] Unweighted L_s : L_Mnfld: 0.00080,  L_NonMnfld: 0.01897,  L_Nrml: 0.00000,  L_Eknl: 0.05386, L_Morse: 1.87603

Weights: [7000.0, 600.0, 0, 50.0, 0.0, 0.1], lr=5.000e-05
Epoch: 0 [5080/10000 (51%)] Loss: 20.61742 = L_Mnfld: 5.87752 + L_NonMnfld: 11.67613 + L_Nrml: 0.00000 + L_Eknl: 2.87100 + L_Div: 0.00000 + L_Morse: 0.19277
Epoch: 0 [5080/10000 (51%)] Unweighted L_s : L_Mnfld: 0.00084,  L_NonMnfld: 0.01946,  L_Nrml: 0.00000,  L_Eknl: 0.05742, L_Morse: 1.92766

Weights: [7000.0, 600.0, 0, 50.0, 0.0, 0.1], lr=5.000e-05
Epoch: 0 [5090/10000 (51%)] Loss: 20.34040 = L_Mnfld: 6.00560 + L_NonMnfld: 11.35365 + L_Nrml: 0.00000 + L_Eknl: 2.78760 + L_Div: 0.00000 + L_Morse: 0.19356
Epoch: 0 [5090/10000 (51%)] Unweighted L_s : L_Mnfld: 0.00086,  L_NonMnfld: 0.01892,  L_Nrml: 0.00000,  L_Eknl: 0.05575, L_Morse: 1.93564

Weights: [7000.0, 600.0, 0, 50.0, 0.0, 0.1], lr=5.000e-05
Epoch: 0 [5100/10000 (51%)] Loss: 20.76640 = L_Mnfld: 6.43568 + L_NonMnfld: 11.08920 + L_Nrml: 0.00000 + L_Eknl: 3.04775 + L_Div: 0.00000 + L_Morse: 0.19376
Epoch: 0 [5100/10000 (51%)] Unweighted L_s : L_Mnfld: 0.00092,  L_NonMnfld: 0.01848,  L_Nrml: 0.00000,  L_Eknl: 0.06096, L_Morse: 1.93763

Weights: [7000.0, 600.0, 0, 50.0, 0.0, 0.1], lr=5.000e-05
Epoch: 0 [5110/10000 (51%)] Loss: 21.17447 = L_Mnfld: 6.26238 + L_NonMnfld: 11.64005 + L_Nrml: 0.00000 + L_Eknl: 3.07887 + L_Div: 0.00000 + L_Morse: 0.19317
Epoch: 0 [5110/10000 (51%)] Unweighted L_s : L_Mnfld: 0.00089,  L_NonMnfld: 0.01940,  L_Nrml: 0.00000,  L_Eknl: 0.06158, L_Morse: 1.93169

Weights: [7000.0, 600.0, 0, 50.0, 0.0, 0.1], lr=5.000e-05
Epoch: 0 [5120/10000 (51%)] Loss: 21.89180 = L_Mnfld: 6.66210 + L_NonMnfld: 11.84595 + L_Nrml: 0.00000 + L_Eknl: 3.18636 + L_Div: 0.00000 + L_Morse: 0.19739
Epoch: 0 [5120/10000 (51%)] Unweighted L_s : L_Mnfld: 0.00095,  L_NonMnfld: 0.01974,  L_Nrml: 0.00000,  L_Eknl: 0.06373, L_Morse: 1.97388

Weights: [7000.0, 600.0, 0, 50.0, 0.0, 0.1], lr=5.000e-05
Epoch: 0 [5130/10000 (51%)] Loss: 20.53347 = L_Mnfld: 6.08078 + L_NonMnfld: 11.53817 + L_Nrml: 0.00000 + L_Eknl: 2.72655 + L_Div: 0.00000 + L_Morse: 0.18797
Epoch: 0 [5130/10000 (51%)] Unweighted L_s : L_Mnfld: 0.00087,  L_NonMnfld: 0.01923,  L_Nrml: 0.00000,  L_Eknl: 0.05453, L_Morse: 1.87970

Weights: [7000.0, 600.0, 0, 50.0, 0.0, 0.1], lr=5.000e-05
Epoch: 0 [5140/10000 (51%)] Loss: 19.69180 = L_Mnfld: 6.33157 + L_NonMnfld: 10.38029 + L_Nrml: 0.00000 + L_Eknl: 2.78496 + L_Div: 0.00000 + L_Morse: 0.19498
Epoch: 0 [5140/10000 (51%)] Unweighted L_s : L_Mnfld: 0.00090,  L_NonMnfld: 0.01730,  L_Nrml: 0.00000,  L_Eknl: 0.05570, L_Morse: 1.94983

Weights: [7000.0, 600.0, 0, 50.0, 0.0, 0.1], lr=5.000e-05
Epoch: 0 [5150/10000 (52%)] Loss: 20.35500 = L_Mnfld: 5.72954 + L_NonMnfld: 11.72845 + L_Nrml: 0.00000 + L_Eknl: 2.70388 + L_Div: 0.00000 + L_Morse: 0.19313
Epoch: 0 [5150/10000 (52%)] Unweighted L_s : L_Mnfld: 0.00082,  L_NonMnfld: 0.01955,  L_Nrml: 0.00000,  L_Eknl: 0.05408, L_Morse: 1.93130

Weights: [7000.0, 600.0, 0, 50.0, 0.0, 0.1], lr=5.000e-05
Epoch: 0 [5160/10000 (52%)] Loss: 20.34266 = L_Mnfld: 5.92279 + L_NonMnfld: 11.46534 + L_Nrml: 0.00000 + L_Eknl: 2.75547 + L_Div: 0.00000 + L_Morse: 0.19908
Epoch: 0 [5160/10000 (52%)] Unweighted L_s : L_Mnfld: 0.00085,  L_NonMnfld: 0.01911,  L_Nrml: 0.00000,  L_Eknl: 0.05511, L_Morse: 1.99075

Weights: [7000.0, 600.0, 0, 50.0, 0.0, 0.1], lr=5.000e-05
Epoch: 0 [5170/10000 (52%)] Loss: 20.55738 = L_Mnfld: 6.14412 + L_NonMnfld: 11.50763 + L_Nrml: 0.00000 + L_Eknl: 2.71009 + L_Div: 0.00000 + L_Morse: 0.19554
Epoch: 0 [5170/10000 (52%)] Unweighted L_s : L_Mnfld: 0.00088,  L_NonMnfld: 0.01918,  L_Nrml: 0.00000,  L_Eknl: 0.05420, L_Morse: 1.95536

Weights: [7000.0, 600.0, 0, 50.0, 0.0, 0.1], lr=5.000e-05
Epoch: 0 [5180/10000 (52%)] Loss: 20.57138 = L_Mnfld: 5.97199 + L_NonMnfld: 11.60904 + L_Nrml: 0.00000 + L_Eknl: 2.79143 + L_Div: 0.00000 + L_Morse: 0.19891
Epoch: 0 [5180/10000 (52%)] Unweighted L_s : L_Mnfld: 0.00085,  L_NonMnfld: 0.01935,  L_Nrml: 0.00000,  L_Eknl: 0.05583, L_Morse: 1.98914

Weights: [7000.0, 600.0, 0, 50.0, 0.0, 0.1], lr=5.000e-05
Epoch: 0 [5190/10000 (52%)] Loss: 19.68718 = L_Mnfld: 5.64587 + L_NonMnfld: 11.23687 + L_Nrml: 0.00000 + L_Eknl: 2.60974 + L_Div: 0.00000 + L_Morse: 0.19470
Epoch: 0 [5190/10000 (52%)] Unweighted L_s : L_Mnfld: 0.00081,  L_NonMnfld: 0.01873,  L_Nrml: 0.00000,  L_Eknl: 0.05219, L_Morse: 1.94705

Weights: [7000.0, 600.0, 0, 50.0, 0.0, 0.1], lr=5.000e-05
Epoch: 0 [5200/10000 (52%)] Loss: 19.84544 = L_Mnfld: 5.83564 + L_NonMnfld: 11.14293 + L_Nrml: 0.00000 + L_Eknl: 2.67227 + L_Div: 0.00000 + L_Morse: 0.19461
Epoch: 0 [5200/10000 (52%)] Unweighted L_s : L_Mnfld: 0.00083,  L_NonMnfld: 0.01857,  L_Nrml: 0.00000,  L_Eknl: 0.05345, L_Morse: 1.94610

Weights: [7000.0, 600.0, 0, 50.0, 0.0, 0.1], lr=5.000e-05
Epoch: 0 [5210/10000 (52%)] Loss: 18.95370 = L_Mnfld: 5.78736 + L_NonMnfld: 10.32880 + L_Nrml: 0.00000 + L_Eknl: 2.64154 + L_Div: 0.00000 + L_Morse: 0.19602
Epoch: 0 [5210/10000 (52%)] Unweighted L_s : L_Mnfld: 0.00083,  L_NonMnfld: 0.01721,  L_Nrml: 0.00000,  L_Eknl: 0.05283, L_Morse: 1.96015

Weights: [7000.0, 600.0, 0, 50.0, 0.0, 0.1], lr=5.000e-05
Epoch: 0 [5220/10000 (52%)] Loss: 20.74950 = L_Mnfld: 5.97032 + L_NonMnfld: 11.91516 + L_Nrml: 0.00000 + L_Eknl: 2.66644 + L_Div: 0.00000 + L_Morse: 0.19758
Epoch: 0 [5220/10000 (52%)] Unweighted L_s : L_Mnfld: 0.00085,  L_NonMnfld: 0.01986,  L_Nrml: 0.00000,  L_Eknl: 0.05333, L_Morse: 1.97582

Weights: [7000.0, 600.0, 0, 50.0, 0.0, 0.1], lr=5.000e-05
Epoch: 0 [5230/10000 (52%)] Loss: 20.68931 = L_Mnfld: 5.40472 + L_NonMnfld: 12.61259 + L_Nrml: 0.00000 + L_Eknl: 2.47331 + L_Div: 0.00000 + L_Morse: 0.19868
Epoch: 0 [5230/10000 (52%)] Unweighted L_s : L_Mnfld: 0.00077,  L_NonMnfld: 0.02102,  L_Nrml: 0.00000,  L_Eknl: 0.04947, L_Morse: 1.98682

Weights: [7000.0, 600.0, 0, 50.0, 0.0, 0.1], lr=5.000e-05
Epoch: 0 [5240/10000 (52%)] Loss: 20.47173 = L_Mnfld: 5.54223 + L_NonMnfld: 12.11472 + L_Nrml: 0.00000 + L_Eknl: 2.61261 + L_Div: 0.00000 + L_Morse: 0.20217
Epoch: 0 [5240/10000 (52%)] Unweighted L_s : L_Mnfld: 0.00079,  L_NonMnfld: 0.02019,  L_Nrml: 0.00000,  L_Eknl: 0.05225, L_Morse: 2.02168

Weights: [7000.0, 600.0, 0, 50.0, 0.0, 0.1], lr=5.000e-05
Epoch: 0 [5250/10000 (52%)] Loss: 20.96131 = L_Mnfld: 5.63568 + L_NonMnfld: 12.53048 + L_Nrml: 0.00000 + L_Eknl: 2.59542 + L_Div: 0.00000 + L_Morse: 0.19974
Epoch: 0 [5250/10000 (52%)] Unweighted L_s : L_Mnfld: 0.00081,  L_NonMnfld: 0.02088,  L_Nrml: 0.00000,  L_Eknl: 0.05191, L_Morse: 1.99738

Weights: [7000.0, 600.0, 0, 50.0, 0.0, 0.1], lr=5.000e-05
Epoch: 0 [5260/10000 (53%)] Loss: 19.61593 = L_Mnfld: 5.97324 + L_NonMnfld: 10.89135 + L_Nrml: 0.00000 + L_Eknl: 2.54937 + L_Div: 0.00000 + L_Morse: 0.20197
Epoch: 0 [5260/10000 (53%)] Unweighted L_s : L_Mnfld: 0.00085,  L_NonMnfld: 0.01815,  L_Nrml: 0.00000,  L_Eknl: 0.05099, L_Morse: 2.01967

Weights: [7000.0, 600.0, 0, 50.0, 0.0, 0.1], lr=5.000e-05
Epoch: 0 [5270/10000 (53%)] Loss: 19.65640 = L_Mnfld: 5.45943 + L_NonMnfld: 11.50647 + L_Nrml: 0.00000 + L_Eknl: 2.48906 + L_Div: 0.00000 + L_Morse: 0.20145
Epoch: 0 [5270/10000 (53%)] Unweighted L_s : L_Mnfld: 0.00078,  L_NonMnfld: 0.01918,  L_Nrml: 0.00000,  L_Eknl: 0.04978, L_Morse: 2.01453

Weights: [7000.0, 600.0, 0, 50.0, 0.0, 0.1], lr=5.000e-05
Epoch: 0 [5280/10000 (53%)] Loss: 20.45398 = L_Mnfld: 6.14885 + L_NonMnfld: 11.39258 + L_Nrml: 0.00000 + L_Eknl: 2.71064 + L_Div: 0.00000 + L_Morse: 0.20191
Epoch: 0 [5280/10000 (53%)] Unweighted L_s : L_Mnfld: 0.00088,  L_NonMnfld: 0.01899,  L_Nrml: 0.00000,  L_Eknl: 0.05421, L_Morse: 2.01915

Weights: [7000.0, 600.0, 0, 50.0, 0.0, 0.1], lr=5.000e-05
Epoch: 0 [5290/10000 (53%)] Loss: 20.17062 = L_Mnfld: 5.99891 + L_NonMnfld: 11.33004 + L_Nrml: 0.00000 + L_Eknl: 2.63931 + L_Div: 0.00000 + L_Morse: 0.20237
Epoch: 0 [5290/10000 (53%)] Unweighted L_s : L_Mnfld: 0.00086,  L_NonMnfld: 0.01888,  L_Nrml: 0.00000,  L_Eknl: 0.05279, L_Morse: 2.02370

Weights: [7000.0, 600.0, 0, 50.0, 0.0, 0.1], lr=5.000e-05
Epoch: 0 [5300/10000 (53%)] Loss: 20.00067 = L_Mnfld: 5.76791 + L_NonMnfld: 11.39998 + L_Nrml: 0.00000 + L_Eknl: 2.63187 + L_Div: 0.00000 + L_Morse: 0.20092
Epoch: 0 [5300/10000 (53%)] Unweighted L_s : L_Mnfld: 0.00082,  L_NonMnfld: 0.01900,  L_Nrml: 0.00000,  L_Eknl: 0.05264, L_Morse: 2.00919

Weights: [7000.0, 600.0, 0, 50.0, 0.0, 0.1], lr=5.000e-05
Epoch: 0 [5310/10000 (53%)] Loss: 19.90013 = L_Mnfld: 5.92975 + L_NonMnfld: 11.25287 + L_Nrml: 0.00000 + L_Eknl: 2.51813 + L_Div: 0.00000 + L_Morse: 0.19938
Epoch: 0 [5310/10000 (53%)] Unweighted L_s : L_Mnfld: 0.00085,  L_NonMnfld: 0.01875,  L_Nrml: 0.00000,  L_Eknl: 0.05036, L_Morse: 1.99382

Weights: [7000.0, 600.0, 0, 50.0, 0.0, 0.1], lr=5.000e-05
Epoch: 0 [5320/10000 (53%)] Loss: 20.65475 = L_Mnfld: 5.86131 + L_NonMnfld: 12.04438 + L_Nrml: 0.00000 + L_Eknl: 2.54739 + L_Div: 0.00000 + L_Morse: 0.20168
Epoch: 0 [5320/10000 (53%)] Unweighted L_s : L_Mnfld: 0.00084,  L_NonMnfld: 0.02007,  L_Nrml: 0.00000,  L_Eknl: 0.05095, L_Morse: 2.01677

Weights: [7000.0, 600.0, 0, 50.0, 0.0, 0.1], lr=5.000e-05
Epoch: 0 [5330/10000 (53%)] Loss: 19.84669 = L_Mnfld: 5.61983 + L_NonMnfld: 11.55955 + L_Nrml: 0.00000 + L_Eknl: 2.46315 + L_Div: 0.00000 + L_Morse: 0.20416
Epoch: 0 [5330/10000 (53%)] Unweighted L_s : L_Mnfld: 0.00080,  L_NonMnfld: 0.01927,  L_Nrml: 0.00000,  L_Eknl: 0.04926, L_Morse: 2.04155

Weights: [7000.0, 600.0, 0, 50.0, 0.0, 0.1], lr=5.000e-05
Epoch: 0 [5340/10000 (53%)] Loss: 20.34074 = L_Mnfld: 5.75133 + L_NonMnfld: 11.82486 + L_Nrml: 0.00000 + L_Eknl: 2.55725 + L_Div: 0.00000 + L_Morse: 0.20730
Epoch: 0 [5340/10000 (53%)] Unweighted L_s : L_Mnfld: 0.00082,  L_NonMnfld: 0.01971,  L_Nrml: 0.00000,  L_Eknl: 0.05114, L_Morse: 2.07305

Weights: [7000.0, 600.0, 0, 50.0, 0.0, 0.1], lr=5.000e-05
Epoch: 0 [5350/10000 (54%)] Loss: 20.28094 = L_Mnfld: 5.62491 + L_NonMnfld: 11.91350 + L_Nrml: 0.00000 + L_Eknl: 2.53691 + L_Div: 0.00000 + L_Morse: 0.20561
Epoch: 0 [5350/10000 (54%)] Unweighted L_s : L_Mnfld: 0.00080,  L_NonMnfld: 0.01986,  L_Nrml: 0.00000,  L_Eknl: 0.05074, L_Morse: 2.05613

Weights: [7000.0, 600.0, 0, 50.0, 0.0, 0.1], lr=5.000e-05
Epoch: 0 [5360/10000 (54%)] Loss: 20.14573 = L_Mnfld: 6.13395 + L_NonMnfld: 11.12693 + L_Nrml: 0.00000 + L_Eknl: 2.68147 + L_Div: 0.00000 + L_Morse: 0.20338
Epoch: 0 [5360/10000 (54%)] Unweighted L_s : L_Mnfld: 0.00088,  L_NonMnfld: 0.01854,  L_Nrml: 0.00000,  L_Eknl: 0.05363, L_Morse: 2.03378

Weights: [7000.0, 600.0, 0, 50.0, 0.0, 0.1], lr=5.000e-05
Epoch: 0 [5370/10000 (54%)] Loss: 20.50285 = L_Mnfld: 6.03343 + L_NonMnfld: 11.66273 + L_Nrml: 0.00000 + L_Eknl: 2.60087 + L_Div: 0.00000 + L_Morse: 0.20582
Epoch: 0 [5370/10000 (54%)] Unweighted L_s : L_Mnfld: 0.00086,  L_NonMnfld: 0.01944,  L_Nrml: 0.00000,  L_Eknl: 0.05202, L_Morse: 2.05818

Weights: [7000.0, 600.0, 0, 50.0, 0.0, 0.1], lr=5.000e-05
Epoch: 0 [5380/10000 (54%)] Loss: 21.18877 = L_Mnfld: 6.53523 + L_NonMnfld: 11.59586 + L_Nrml: 0.00000 + L_Eknl: 2.84955 + L_Div: 0.00000 + L_Morse: 0.20813
Epoch: 0 [5380/10000 (54%)] Unweighted L_s : L_Mnfld: 0.00093,  L_NonMnfld: 0.01933,  L_Nrml: 0.00000,  L_Eknl: 0.05699, L_Morse: 2.08129

Weights: [7000.0, 600.0, 0, 50.0, 0.0, 0.1], lr=5.000e-05
Epoch: 0 [5390/10000 (54%)] Loss: 22.21524 = L_Mnfld: 6.67436 + L_NonMnfld: 12.39801 + L_Nrml: 0.00000 + L_Eknl: 2.93899 + L_Div: 0.00000 + L_Morse: 0.20388
Epoch: 0 [5390/10000 (54%)] Unweighted L_s : L_Mnfld: 0.00095,  L_NonMnfld: 0.02066,  L_Nrml: 0.00000,  L_Eknl: 0.05878, L_Morse: 2.03885

Weights: [7000.0, 600.0, 0, 50.0, 0.0, 0.1], lr=5.000e-05
Epoch: 0 [5400/10000 (54%)] Loss: 21.40853 = L_Mnfld: 7.02559 + L_NonMnfld: 11.14472 + L_Nrml: 0.00000 + L_Eknl: 3.03204 + L_Div: 0.00000 + L_Morse: 0.20618
Epoch: 0 [5400/10000 (54%)] Unweighted L_s : L_Mnfld: 0.00100,  L_NonMnfld: 0.01857,  L_Nrml: 0.00000,  L_Eknl: 0.06064, L_Morse: 2.06177

Weights: [7000.0, 600.0, 0, 50.0, 0.0, 0.1], lr=5.000e-05
Epoch: 0 [5410/10000 (54%)] Loss: 20.71635 = L_Mnfld: 6.34185 + L_NonMnfld: 11.36377 + L_Nrml: 0.00000 + L_Eknl: 2.80277 + L_Div: 0.00000 + L_Morse: 0.20796
Epoch: 0 [5410/10000 (54%)] Unweighted L_s : L_Mnfld: 0.00091,  L_NonMnfld: 0.01894,  L_Nrml: 0.00000,  L_Eknl: 0.05606, L_Morse: 2.07965

Weights: [7000.0, 600.0, 0, 50.0, 0.0, 0.1], lr=5.000e-05
Epoch: 0 [5420/10000 (54%)] Loss: 23.52884 = L_Mnfld: 7.70880 + L_NonMnfld: 12.46390 + L_Nrml: 0.00000 + L_Eknl: 3.14693 + L_Div: 0.00000 + L_Morse: 0.20922
Epoch: 0 [5420/10000 (54%)] Unweighted L_s : L_Mnfld: 0.00110,  L_NonMnfld: 0.02077,  L_Nrml: 0.00000,  L_Eknl: 0.06294, L_Morse: 2.09219

Weights: [7000.0, 600.0, 0, 50.0, 0.0, 0.1], lr=5.000e-05
Epoch: 0 [5430/10000 (54%)] Loss: 20.66063 = L_Mnfld: 6.79524 + L_NonMnfld: 11.13660 + L_Nrml: 0.00000 + L_Eknl: 2.52831 + L_Div: 0.00000 + L_Morse: 0.20048
Epoch: 0 [5430/10000 (54%)] Unweighted L_s : L_Mnfld: 0.00097,  L_NonMnfld: 0.01856,  L_Nrml: 0.00000,  L_Eknl: 0.05057, L_Morse: 2.00484

Weights: [7000.0, 600.0, 0, 50.0, 0.0, 0.1], lr=5.000e-05
Epoch: 0 [5440/10000 (54%)] Loss: 22.52707 = L_Mnfld: 7.13266 + L_NonMnfld: 12.45660 + L_Nrml: 0.00000 + L_Eknl: 2.72879 + L_Div: 0.00000 + L_Morse: 0.20902
Epoch: 0 [5440/10000 (54%)] Unweighted L_s : L_Mnfld: 0.00102,  L_NonMnfld: 0.02076,  L_Nrml: 0.00000,  L_Eknl: 0.05458, L_Morse: 2.09018

Weights: [7000.0, 600.0, 0, 50.0, 0.0, 0.1], lr=5.000e-05
Epoch: 0 [5450/10000 (54%)] Loss: 21.02837 = L_Mnfld: 6.36861 + L_NonMnfld: 11.74006 + L_Nrml: 0.00000 + L_Eknl: 2.70592 + L_Div: 0.00000 + L_Morse: 0.21378
Epoch: 0 [5450/10000 (54%)] Unweighted L_s : L_Mnfld: 0.00091,  L_NonMnfld: 0.01957,  L_Nrml: 0.00000,  L_Eknl: 0.05412, L_Morse: 2.13776

Weights: [7000.0, 600.0, 0, 50.0, 0.0, 0.1], lr=5.000e-05
Epoch: 0 [5460/10000 (55%)] Loss: 19.83365 = L_Mnfld: 6.40891 + L_NonMnfld: 10.69048 + L_Nrml: 0.00000 + L_Eknl: 2.52243 + L_Div: 0.00000 + L_Morse: 0.21184
Epoch: 0 [5460/10000 (55%)] Unweighted L_s : L_Mnfld: 0.00092,  L_NonMnfld: 0.01782,  L_Nrml: 0.00000,  L_Eknl: 0.05045, L_Morse: 2.11836

Weights: [7000.0, 600.0, 0, 50.0, 0.0, 0.1], lr=5.000e-05
Epoch: 0 [5470/10000 (55%)] Loss: 20.50183 = L_Mnfld: 6.19759 + L_NonMnfld: 11.56336 + L_Nrml: 0.00000 + L_Eknl: 2.53351 + L_Div: 0.00000 + L_Morse: 0.20737
Epoch: 0 [5470/10000 (55%)] Unweighted L_s : L_Mnfld: 0.00089,  L_NonMnfld: 0.01927,  L_Nrml: 0.00000,  L_Eknl: 0.05067, L_Morse: 2.07372

Weights: [7000.0, 600.0, 0, 50.0, 0.0, 0.1], lr=5.000e-05
Epoch: 0 [5480/10000 (55%)] Loss: 19.94065 = L_Mnfld: 6.23597 + L_NonMnfld: 10.85179 + L_Nrml: 0.00000 + L_Eknl: 2.64279 + L_Div: 0.00000 + L_Morse: 0.21011
Epoch: 0 [5480/10000 (55%)] Unweighted L_s : L_Mnfld: 0.00089,  L_NonMnfld: 0.01809,  L_Nrml: 0.00000,  L_Eknl: 0.05286, L_Morse: 2.10105

Weights: [7000.0, 600.0, 0, 50.0, 0.0, 0.1], lr=5.000e-05
Epoch: 0 [5490/10000 (55%)] Loss: 20.93342 = L_Mnfld: 6.57980 + L_NonMnfld: 11.60587 + L_Nrml: 0.00000 + L_Eknl: 2.53821 + L_Div: 0.00000 + L_Morse: 0.20954
Epoch: 0 [5490/10000 (55%)] Unweighted L_s : L_Mnfld: 0.00094,  L_NonMnfld: 0.01934,  L_Nrml: 0.00000,  L_Eknl: 0.05076, L_Morse: 2.09540

Weights: [7000.0, 600.0, 0, 50.0, 0.0, 0.1], lr=5.000e-05
Epoch: 0 [5500/10000 (55%)] Loss: 21.66073 = L_Mnfld: 6.40022 + L_NonMnfld: 12.35693 + L_Nrml: 0.00000 + L_Eknl: 2.69357 + L_Div: 0.00000 + L_Morse: 0.21002
Epoch: 0 [5500/10000 (55%)] Unweighted L_s : L_Mnfld: 0.00091,  L_NonMnfld: 0.02059,  L_Nrml: 0.00000,  L_Eknl: 0.05387, L_Morse: 2.10019

Weights: [7000.0, 600.0, 0, 50.0, 0.0, 0.1], lr=5.000e-05
Epoch: 0 [5510/10000 (55%)] Loss: 21.33272 = L_Mnfld: 6.40696 + L_NonMnfld: 12.23309 + L_Nrml: 0.00000 + L_Eknl: 2.48537 + L_Div: 0.00000 + L_Morse: 0.20731
Epoch: 0 [5510/10000 (55%)] Unweighted L_s : L_Mnfld: 0.00092,  L_NonMnfld: 0.02039,  L_Nrml: 0.00000,  L_Eknl: 0.04971, L_Morse: 2.07311

Weights: [7000.0, 600.0, 0, 50.0, 0.0, 0.1], lr=5.000e-05
Epoch: 0 [5520/10000 (55%)] Loss: 20.01890 = L_Mnfld: 5.92606 + L_NonMnfld: 11.50557 + L_Nrml: 0.00000 + L_Eknl: 2.37546 + L_Div: 0.00000 + L_Morse: 0.21182
Epoch: 0 [5520/10000 (55%)] Unweighted L_s : L_Mnfld: 0.00085,  L_NonMnfld: 0.01918,  L_Nrml: 0.00000,  L_Eknl: 0.04751, L_Morse: 2.11819

Weights: [7000.0, 600.0, 0, 50.0, 0.0, 0.1], lr=5.000e-05
Epoch: 0 [5530/10000 (55%)] Loss: 19.83052 = L_Mnfld: 5.85951 + L_NonMnfld: 11.34010 + L_Nrml: 0.00000 + L_Eknl: 2.41977 + L_Div: 0.00000 + L_Morse: 0.21115
Epoch: 0 [5530/10000 (55%)] Unweighted L_s : L_Mnfld: 0.00084,  L_NonMnfld: 0.01890,  L_Nrml: 0.00000,  L_Eknl: 0.04840, L_Morse: 2.11147

Weights: [7000.0, 600.0, 0, 50.0, 0.0, 0.1], lr=5.000e-05
Epoch: 0 [5540/10000 (55%)] Loss: 20.25056 = L_Mnfld: 6.26317 + L_NonMnfld: 11.35034 + L_Nrml: 0.00000 + L_Eknl: 2.42798 + L_Div: 0.00000 + L_Morse: 0.20906
Epoch: 0 [5540/10000 (55%)] Unweighted L_s : L_Mnfld: 0.00089,  L_NonMnfld: 0.01892,  L_Nrml: 0.00000,  L_Eknl: 0.04856, L_Morse: 2.09059

Weights: [7000.0, 600.0, 0, 50.0, 0.0, 0.1], lr=5.000e-05
Epoch: 0 [5550/10000 (56%)] Loss: 19.65059 = L_Mnfld: 5.87618 + L_NonMnfld: 11.17683 + L_Nrml: 0.00000 + L_Eknl: 2.39152 + L_Div: 0.00000 + L_Morse: 0.20607
Epoch: 0 [5550/10000 (56%)] Unweighted L_s : L_Mnfld: 0.00084,  L_NonMnfld: 0.01863,  L_Nrml: 0.00000,  L_Eknl: 0.04783, L_Morse: 2.06066

Weights: [7000.0, 600.0, 0, 50.0, 0.0, 0.1], lr=5.000e-05
Epoch: 0 [5560/10000 (56%)] Loss: 19.60470 = L_Mnfld: 5.79220 + L_NonMnfld: 11.15381 + L_Nrml: 0.00000 + L_Eknl: 2.45047 + L_Div: 0.00000 + L_Morse: 0.20821
Epoch: 0 [5560/10000 (56%)] Unweighted L_s : L_Mnfld: 0.00083,  L_NonMnfld: 0.01859,  L_Nrml: 0.00000,  L_Eknl: 0.04901, L_Morse: 2.08215

Weights: [7000.0, 600.0, 0, 50.0, 0.0, 0.1], lr=5.000e-05
Epoch: 0 [5570/10000 (56%)] Loss: 20.06998 = L_Mnfld: 5.65923 + L_NonMnfld: 11.83519 + L_Nrml: 0.00000 + L_Eknl: 2.36836 + L_Div: 0.00000 + L_Morse: 0.20719
Epoch: 0 [5570/10000 (56%)] Unweighted L_s : L_Mnfld: 0.00081,  L_NonMnfld: 0.01973,  L_Nrml: 0.00000,  L_Eknl: 0.04737, L_Morse: 2.07194

Weights: [7000.0, 600.0, 0, 50.0, 0.0, 0.1], lr=5.000e-05
Epoch: 0 [5580/10000 (56%)] Loss: 20.96764 = L_Mnfld: 6.55325 + L_NonMnfld: 11.83714 + L_Nrml: 0.00000 + L_Eknl: 2.36362 + L_Div: 0.00000 + L_Morse: 0.21363
Epoch: 0 [5580/10000 (56%)] Unweighted L_s : L_Mnfld: 0.00094,  L_NonMnfld: 0.01973,  L_Nrml: 0.00000,  L_Eknl: 0.04727, L_Morse: 2.13630

Weights: [7000.0, 600.0, 0, 50.0, 0.0, 0.1], lr=5.000e-05
Epoch: 0 [5590/10000 (56%)] Loss: 19.36343 = L_Mnfld: 6.03264 + L_NonMnfld: 10.75482 + L_Nrml: 0.00000 + L_Eknl: 2.36230 + L_Div: 0.00000 + L_Morse: 0.21368
Epoch: 0 [5590/10000 (56%)] Unweighted L_s : L_Mnfld: 0.00086,  L_NonMnfld: 0.01792,  L_Nrml: 0.00000,  L_Eknl: 0.04725, L_Morse: 2.13678

Weights: [7000.0, 600.0, 0, 50.0, 0.0, 0.1], lr=5.000e-05
Epoch: 0 [5600/10000 (56%)] Loss: 20.18230 = L_Mnfld: 6.08098 + L_NonMnfld: 11.36109 + L_Nrml: 0.00000 + L_Eknl: 2.52577 + L_Div: 0.00000 + L_Morse: 0.21446
Epoch: 0 [5600/10000 (56%)] Unweighted L_s : L_Mnfld: 0.00087,  L_NonMnfld: 0.01894,  L_Nrml: 0.00000,  L_Eknl: 0.05052, L_Morse: 2.14459

Weights: [7000.0, 600.0, 0, 50.0, 0.0, 0.1], lr=5.000e-05
Epoch: 0 [5610/10000 (56%)] Loss: 19.36329 = L_Mnfld: 5.87819 + L_NonMnfld: 10.77086 + L_Nrml: 0.00000 + L_Eknl: 2.50198 + L_Div: 0.00000 + L_Morse: 0.21225
Epoch: 0 [5610/10000 (56%)] Unweighted L_s : L_Mnfld: 0.00084,  L_NonMnfld: 0.01795,  L_Nrml: 0.00000,  L_Eknl: 0.05004, L_Morse: 2.12251

Weights: [7000.0, 600.0, 0, 50.0, 0.0, 0.1], lr=5.000e-05
Epoch: 0 [5620/10000 (56%)] Loss: 19.02528 = L_Mnfld: 5.91768 + L_NonMnfld: 10.52841 + L_Nrml: 0.00000 + L_Eknl: 2.36419 + L_Div: 0.00000 + L_Morse: 0.21500
Epoch: 0 [5620/10000 (56%)] Unweighted L_s : L_Mnfld: 0.00085,  L_NonMnfld: 0.01755,  L_Nrml: 0.00000,  L_Eknl: 0.04728, L_Morse: 2.15005

Weights: [7000.0, 600.0, 0, 50.0, 0.0, 0.1], lr=5.000e-05
Epoch: 0 [5630/10000 (56%)] Loss: 19.92771 = L_Mnfld: 5.80709 + L_NonMnfld: 11.57785 + L_Nrml: 0.00000 + L_Eknl: 2.33226 + L_Div: 0.00000 + L_Morse: 0.21050
Epoch: 0 [5630/10000 (56%)] Unweighted L_s : L_Mnfld: 0.00083,  L_NonMnfld: 0.01930,  L_Nrml: 0.00000,  L_Eknl: 0.04665, L_Morse: 2.10499

Weights: [7000.0, 600.0, 0, 50.0, 0.0, 0.1], lr=5.000e-05
Epoch: 0 [5640/10000 (56%)] Loss: 20.50214 = L_Mnfld: 5.74109 + L_NonMnfld: 12.19949 + L_Nrml: 0.00000 + L_Eknl: 2.35040 + L_Div: 0.00000 + L_Morse: 0.21116
Epoch: 0 [5640/10000 (56%)] Unweighted L_s : L_Mnfld: 0.00082,  L_NonMnfld: 0.02033,  L_Nrml: 0.00000,  L_Eknl: 0.04701, L_Morse: 2.11159

Weights: [7000.0, 600.0, 0, 50.0, 0.0, 0.1], lr=5.000e-05
Epoch: 0 [5650/10000 (56%)] Loss: 21.37937 = L_Mnfld: 6.04060 + L_NonMnfld: 12.74476 + L_Nrml: 0.00000 + L_Eknl: 2.38232 + L_Div: 0.00000 + L_Morse: 0.21170
Epoch: 0 [5650/10000 (56%)] Unweighted L_s : L_Mnfld: 0.00086,  L_NonMnfld: 0.02124,  L_Nrml: 0.00000,  L_Eknl: 0.04765, L_Morse: 2.11697

Weights: [7000.0, 600.0, 0, 50.0, 0.0, 0.1], lr=5.000e-05
Epoch: 0 [5660/10000 (57%)] Loss: 19.44061 = L_Mnfld: 5.61193 + L_NonMnfld: 11.22765 + L_Nrml: 0.00000 + L_Eknl: 2.39108 + L_Div: 0.00000 + L_Morse: 0.20995
Epoch: 0 [5660/10000 (57%)] Unweighted L_s : L_Mnfld: 0.00080,  L_NonMnfld: 0.01871,  L_Nrml: 0.00000,  L_Eknl: 0.04782, L_Morse: 2.09953

Weights: [7000.0, 600.0, 0, 50.0, 0.0, 0.1], lr=5.000e-05
Epoch: 0 [5670/10000 (57%)] Loss: 21.21704 = L_Mnfld: 6.53158 + L_NonMnfld: 12.12456 + L_Nrml: 0.00000 + L_Eknl: 2.34821 + L_Div: 0.00000 + L_Morse: 0.21269
Epoch: 0 [5670/10000 (57%)] Unweighted L_s : L_Mnfld: 0.00093,  L_NonMnfld: 0.02021,  L_Nrml: 0.00000,  L_Eknl: 0.04696, L_Morse: 2.12685

Weights: [7000.0, 600.0, 0, 50.0, 0.0, 0.1], lr=5.000e-05
Epoch: 0 [5680/10000 (57%)] Loss: 20.35578 = L_Mnfld: 6.16111 + L_NonMnfld: 11.50018 + L_Nrml: 0.00000 + L_Eknl: 2.48246 + L_Div: 0.00000 + L_Morse: 0.21203
Epoch: 0 [5680/10000 (57%)] Unweighted L_s : L_Mnfld: 0.00088,  L_NonMnfld: 0.01917,  L_Nrml: 0.00000,  L_Eknl: 0.04965, L_Morse: 2.12028

Weights: [7000.0, 600.0, 0, 50.0, 0.0, 0.1], lr=5.000e-05
Epoch: 0 [5690/10000 (57%)] Loss: 20.06888 = L_Mnfld: 5.93785 + L_NonMnfld: 11.55411 + L_Nrml: 0.00000 + L_Eknl: 2.36402 + L_Div: 0.00000 + L_Morse: 0.21289
Epoch: 0 [5690/10000 (57%)] Unweighted L_s : L_Mnfld: 0.00085,  L_NonMnfld: 0.01926,  L_Nrml: 0.00000,  L_Eknl: 0.04728, L_Morse: 2.12895

Weights: [7000.0, 600.0, 0, 50.0, 0.0, 0.1], lr=5.000e-05
Epoch: 0 [5700/10000 (57%)] Loss: 20.53167 = L_Mnfld: 5.88802 + L_NonMnfld: 12.05296 + L_Nrml: 0.00000 + L_Eknl: 2.37631 + L_Div: 0.00000 + L_Morse: 0.21438
Epoch: 0 [5700/10000 (57%)] Unweighted L_s : L_Mnfld: 0.00084,  L_NonMnfld: 0.02009,  L_Nrml: 0.00000,  L_Eknl: 0.04753, L_Morse: 2.14380

Weights: [7000.0, 600.0, 0, 50.0, 0.0, 0.1], lr=5.000e-05
Epoch: 0 [5710/10000 (57%)] Loss: 19.06943 = L_Mnfld: 5.63029 + L_NonMnfld: 10.85937 + L_Nrml: 0.00000 + L_Eknl: 2.36376 + L_Div: 0.00000 + L_Morse: 0.21602
Epoch: 0 [5710/10000 (57%)] Unweighted L_s : L_Mnfld: 0.00080,  L_NonMnfld: 0.01810,  L_Nrml: 0.00000,  L_Eknl: 0.04728, L_Morse: 2.16018

Weights: [7000.0, 600.0, 0, 50.0, 0.0, 0.1], lr=5.000e-05
Epoch: 0 [5720/10000 (57%)] Loss: 20.42752 = L_Mnfld: 6.08934 + L_NonMnfld: 11.77775 + L_Nrml: 0.00000 + L_Eknl: 2.34571 + L_Div: 0.00000 + L_Morse: 0.21472
Epoch: 0 [5720/10000 (57%)] Unweighted L_s : L_Mnfld: 0.00087,  L_NonMnfld: 0.01963,  L_Nrml: 0.00000,  L_Eknl: 0.04691, L_Morse: 2.14723

Weights: [7000.0, 600.0, 0, 50.0, 0.0, 0.1], lr=5.000e-05
Epoch: 0 [5730/10000 (57%)] Loss: 19.17051 = L_Mnfld: 6.19809 + L_NonMnfld: 10.47122 + L_Nrml: 0.00000 + L_Eknl: 2.28890 + L_Div: 0.00000 + L_Morse: 0.21230
Epoch: 0 [5730/10000 (57%)] Unweighted L_s : L_Mnfld: 0.00089,  L_NonMnfld: 0.01745,  L_Nrml: 0.00000,  L_Eknl: 0.04578, L_Morse: 2.12303

Weights: [7000.0, 600.0, 0, 50.0, 0.0, 0.1], lr=5.000e-05
Epoch: 0 [5740/10000 (57%)] Loss: 20.12334 = L_Mnfld: 6.25675 + L_NonMnfld: 11.29569 + L_Nrml: 0.00000 + L_Eknl: 2.35342 + L_Div: 0.00000 + L_Morse: 0.21749
Epoch: 0 [5740/10000 (57%)] Unweighted L_s : L_Mnfld: 0.00089,  L_NonMnfld: 0.01883,  L_Nrml: 0.00000,  L_Eknl: 0.04707, L_Morse: 2.17486

Weights: [7000.0, 600.0, 0, 50.0, 0.0, 0.1], lr=5.000e-05
Epoch: 0 [5750/10000 (58%)] Loss: 19.37271 = L_Mnfld: 5.73919 + L_NonMnfld: 11.15046 + L_Nrml: 0.00000 + L_Eknl: 2.26800 + L_Div: 0.00000 + L_Morse: 0.21506
Epoch: 0 [5750/10000 (58%)] Unweighted L_s : L_Mnfld: 0.00082,  L_NonMnfld: 0.01858,  L_Nrml: 0.00000,  L_Eknl: 0.04536, L_Morse: 2.15062

Weights: [7000.0, 600.0, 0, 50.0, 0.0, 0.1], lr=5.000e-05
Epoch: 0 [5760/10000 (58%)] Loss: 19.87460 = L_Mnfld: 6.10198 + L_NonMnfld: 11.36324 + L_Nrml: 0.00000 + L_Eknl: 2.19783 + L_Div: 0.00000 + L_Morse: 0.21155
Epoch: 0 [5760/10000 (58%)] Unweighted L_s : L_Mnfld: 0.00087,  L_NonMnfld: 0.01894,  L_Nrml: 0.00000,  L_Eknl: 0.04396, L_Morse: 2.11547

Weights: [7000.0, 600.0, 0, 50.0, 0.0, 0.1], lr=5.000e-05
Epoch: 0 [5770/10000 (58%)] Loss: 20.10042 = L_Mnfld: 5.69461 + L_NonMnfld: 11.97488 + L_Nrml: 0.00000 + L_Eknl: 2.21561 + L_Div: 0.00000 + L_Morse: 0.21532
Epoch: 0 [5770/10000 (58%)] Unweighted L_s : L_Mnfld: 0.00081,  L_NonMnfld: 0.01996,  L_Nrml: 0.00000,  L_Eknl: 0.04431, L_Morse: 2.15322

Weights: [7000.0, 600.0, 0, 50.0, 0.0, 0.1], lr=5.000e-05
Epoch: 0 [5780/10000 (58%)] Loss: 19.51440 = L_Mnfld: 5.44677 + L_NonMnfld: 11.56700 + L_Nrml: 0.00000 + L_Eknl: 2.28685 + L_Div: 0.00000 + L_Morse: 0.21378
Epoch: 0 [5780/10000 (58%)] Unweighted L_s : L_Mnfld: 0.00078,  L_NonMnfld: 0.01928,  L_Nrml: 0.00000,  L_Eknl: 0.04574, L_Morse: 2.13779

Weights: [7000.0, 600.0, 0, 50.0, 0.0, 0.1], lr=5.000e-05
Epoch: 0 [5790/10000 (58%)] Loss: 21.56673 = L_Mnfld: 5.75527 + L_NonMnfld: 13.21810 + L_Nrml: 0.00000 + L_Eknl: 2.37783 + L_Div: 0.00000 + L_Morse: 0.21554
Epoch: 0 [5790/10000 (58%)] Unweighted L_s : L_Mnfld: 0.00082,  L_NonMnfld: 0.02203,  L_Nrml: 0.00000,  L_Eknl: 0.04756, L_Morse: 2.15537

Weights: [7000.0, 600.0, 0, 50.0, 0.0, 0.1], lr=5.000e-05
Epoch: 0 [5800/10000 (58%)] Loss: 19.54920 = L_Mnfld: 5.90988 + L_NonMnfld: 11.21866 + L_Nrml: 0.00000 + L_Eknl: 2.20583 + L_Div: 0.00000 + L_Morse: 0.21483
Epoch: 0 [5800/10000 (58%)] Unweighted L_s : L_Mnfld: 0.00084,  L_NonMnfld: 0.01870,  L_Nrml: 0.00000,  L_Eknl: 0.04412, L_Morse: 2.14828

Weights: [7000.0, 600.0, 0, 50.0, 0.0, 0.1], lr=5.000e-05
Epoch: 0 [5810/10000 (58%)] Loss: 19.51303 = L_Mnfld: 6.02793 + L_NonMnfld: 10.92898 + L_Nrml: 0.00000 + L_Eknl: 2.34393 + L_Div: 0.00000 + L_Morse: 0.21220
Epoch: 0 [5810/10000 (58%)] Unweighted L_s : L_Mnfld: 0.00086,  L_NonMnfld: 0.01821,  L_Nrml: 0.00000,  L_Eknl: 0.04688, L_Morse: 2.12198

Weights: [7000.0, 600.0, 0, 50.0, 0.0, 0.1], lr=5.000e-05
Epoch: 0 [5820/10000 (58%)] Loss: 20.43727 = L_Mnfld: 6.06213 + L_NonMnfld: 11.91430 + L_Nrml: 0.00000 + L_Eknl: 2.24184 + L_Div: 0.00000 + L_Morse: 0.21901
Epoch: 0 [5820/10000 (58%)] Unweighted L_s : L_Mnfld: 0.00087,  L_NonMnfld: 0.01986,  L_Nrml: 0.00000,  L_Eknl: 0.04484, L_Morse: 2.19007

Weights: [7000.0, 600.0, 0, 50.0, 0.0, 0.1], lr=5.000e-05
Epoch: 0 [5830/10000 (58%)] Loss: 19.04547 = L_Mnfld: 5.63866 + L_NonMnfld: 10.94032 + L_Nrml: 0.00000 + L_Eknl: 2.24895 + L_Div: 0.00000 + L_Morse: 0.21754
Epoch: 0 [5830/10000 (58%)] Unweighted L_s : L_Mnfld: 0.00081,  L_NonMnfld: 0.01823,  L_Nrml: 0.00000,  L_Eknl: 0.04498, L_Morse: 2.17544

Weights: [7000.0, 600.0, 0, 50.0, 0.0, 0.1], lr=5.000e-05
Epoch: 0 [5840/10000 (58%)] Loss: 20.22714 = L_Mnfld: 6.34316 + L_NonMnfld: 11.42763 + L_Nrml: 0.00000 + L_Eknl: 2.24072 + L_Div: 0.00000 + L_Morse: 0.21563
Epoch: 0 [5840/10000 (58%)] Unweighted L_s : L_Mnfld: 0.00091,  L_NonMnfld: 0.01905,  L_Nrml: 0.00000,  L_Eknl: 0.04481, L_Morse: 2.15635

Weights: [7000.0, 600.0, 0, 50.0, 0.0, 0.1], lr=5.000e-05
Epoch: 0 [5850/10000 (58%)] Loss: 20.27950 = L_Mnfld: 6.11225 + L_NonMnfld: 11.61643 + L_Nrml: 0.00000 + L_Eknl: 2.33477 + L_Div: 0.00000 + L_Morse: 0.21606
Epoch: 0 [5850/10000 (58%)] Unweighted L_s : L_Mnfld: 0.00087,  L_NonMnfld: 0.01936,  L_Nrml: 0.00000,  L_Eknl: 0.04670, L_Morse: 2.16057

Weights: [7000.0, 600.0, 0, 50.0, 0.0, 0.1], lr=5.000e-05
Epoch: 0 [5860/10000 (59%)] Loss: 20.54786 = L_Mnfld: 5.94136 + L_NonMnfld: 12.06180 + L_Nrml: 0.00000 + L_Eknl: 2.32084 + L_Div: 0.00000 + L_Morse: 0.22386
Epoch: 0 [5860/10000 (59%)] Unweighted L_s : L_Mnfld: 0.00085,  L_NonMnfld: 0.02010,  L_Nrml: 0.00000,  L_Eknl: 0.04642, L_Morse: 2.23856

Weights: [7000.0, 600.0, 0, 50.0, 0.0, 0.1], lr=5.000e-05
Epoch: 0 [5870/10000 (59%)] Loss: 21.30334 = L_Mnfld: 6.15785 + L_NonMnfld: 12.58669 + L_Nrml: 0.00000 + L_Eknl: 2.34207 + L_Div: 0.00000 + L_Morse: 0.21673
Epoch: 0 [5870/10000 (59%)] Unweighted L_s : L_Mnfld: 0.00088,  L_NonMnfld: 0.02098,  L_Nrml: 0.00000,  L_Eknl: 0.04684, L_Morse: 2.16727

Weights: [7000.0, 600.0, 0, 50.0, 0.0, 0.1], lr=5.000e-05
Epoch: 0 [5880/10000 (59%)] Loss: 20.17082 = L_Mnfld: 6.15398 + L_NonMnfld: 11.21656 + L_Nrml: 0.00000 + L_Eknl: 2.58164 + L_Div: 0.00000 + L_Morse: 0.21864
Epoch: 0 [5880/10000 (59%)] Unweighted L_s : L_Mnfld: 0.00088,  L_NonMnfld: 0.01869,  L_Nrml: 0.00000,  L_Eknl: 0.05163, L_Morse: 2.18638

Weights: [7000.0, 600.0, 0, 50.0, 0.0, 0.1], lr=5.000e-05
Epoch: 0 [5890/10000 (59%)] Loss: 19.32644 = L_Mnfld: 6.41638 + L_NonMnfld: 10.42972 + L_Nrml: 0.00000 + L_Eknl: 2.26114 + L_Div: 0.00000 + L_Morse: 0.21920
Epoch: 0 [5890/10000 (59%)] Unweighted L_s : L_Mnfld: 0.00092,  L_NonMnfld: 0.01738,  L_Nrml: 0.00000,  L_Eknl: 0.04522, L_Morse: 2.19195

Weights: [7000.0, 600.0, 0, 50.0, 0.0, 0.1], lr=5.000e-05
Epoch: 0 [5900/10000 (59%)] Loss: 20.26956 = L_Mnfld: 6.19514 + L_NonMnfld: 11.46499 + L_Nrml: 0.00000 + L_Eknl: 2.38558 + L_Div: 0.00000 + L_Morse: 0.22385
Epoch: 0 [5900/10000 (59%)] Unweighted L_s : L_Mnfld: 0.00089,  L_NonMnfld: 0.01911,  L_Nrml: 0.00000,  L_Eknl: 0.04771, L_Morse: 2.23850

Weights: [7000.0, 600.0, 0, 50.0, 0.0, 0.1], lr=5.000e-05
Epoch: 0 [5910/10000 (59%)] Loss: 20.25106 = L_Mnfld: 5.98055 + L_NonMnfld: 11.78693 + L_Nrml: 0.00000 + L_Eknl: 2.26585 + L_Div: 0.00000 + L_Morse: 0.21772
Epoch: 0 [5910/10000 (59%)] Unweighted L_s : L_Mnfld: 0.00085,  L_NonMnfld: 0.01964,  L_Nrml: 0.00000,  L_Eknl: 0.04532, L_Morse: 2.17723

Weights: [7000.0, 600.0, 0, 50.0, 0.0, 0.1], lr=5.000e-05
Epoch: 0 [5920/10000 (59%)] Loss: 18.48614 = L_Mnfld: 5.80310 + L_NonMnfld: 10.16392 + L_Nrml: 0.00000 + L_Eknl: 2.29976 + L_Div: 0.00000 + L_Morse: 0.21936
Epoch: 0 [5920/10000 (59%)] Unweighted L_s : L_Mnfld: 0.00083,  L_NonMnfld: 0.01694,  L_Nrml: 0.00000,  L_Eknl: 0.04600, L_Morse: 2.19357

Weights: [7000.0, 600.0, 0, 50.0, 0.0, 0.1], lr=5.000e-05
Epoch: 0 [5930/10000 (59%)] Loss: 19.66246 = L_Mnfld: 5.92392 + L_NonMnfld: 11.31715 + L_Nrml: 0.00000 + L_Eknl: 2.20125 + L_Div: 0.00000 + L_Morse: 0.22014
Epoch: 0 [5930/10000 (59%)] Unweighted L_s : L_Mnfld: 0.00085,  L_NonMnfld: 0.01886,  L_Nrml: 0.00000,  L_Eknl: 0.04402, L_Morse: 2.20141

Weights: [7000.0, 600.0, 0, 50.0, 0.0, 0.1], lr=5.000e-05
Epoch: 0 [5940/10000 (59%)] Loss: 19.59674 = L_Mnfld: 6.18693 + L_NonMnfld: 10.91941 + L_Nrml: 0.00000 + L_Eknl: 2.27574 + L_Div: 0.00000 + L_Morse: 0.21466
Epoch: 0 [5940/10000 (59%)] Unweighted L_s : L_Mnfld: 0.00088,  L_NonMnfld: 0.01820,  L_Nrml: 0.00000,  L_Eknl: 0.04551, L_Morse: 2.14658

Weights: [7000.0, 600.0, 0, 50.0, 0.0, 0.1], lr=5.000e-05
Epoch: 0 [5950/10000 (60%)] Loss: 20.26774 = L_Mnfld: 6.02753 + L_NonMnfld: 11.72711 + L_Nrml: 0.00000 + L_Eknl: 2.29292 + L_Div: 0.00000 + L_Morse: 0.22019
Epoch: 0 [5950/10000 (60%)] Unweighted L_s : L_Mnfld: 0.00086,  L_NonMnfld: 0.01955,  L_Nrml: 0.00000,  L_Eknl: 0.04586, L_Morse: 2.20187

Weights: [7000.0, 600.0, 0, 50.0, 0.0, 0.1], lr=5.000e-05
Epoch: 0 [5960/10000 (60%)] Loss: 21.56894 = L_Mnfld: 6.48579 + L_NonMnfld: 12.59653 + L_Nrml: 0.00000 + L_Eknl: 2.26734 + L_Div: 0.00000 + L_Morse: 0.21927
Epoch: 0 [5960/10000 (60%)] Unweighted L_s : L_Mnfld: 0.00093,  L_NonMnfld: 0.02099,  L_Nrml: 0.00000,  L_Eknl: 0.04535, L_Morse: 2.19274

Weights: [7000.0, 600.0, 0, 50.0, 0.0, 0.1], lr=5.000e-05
Epoch: 0 [5970/10000 (60%)] Loss: 19.14314 = L_Mnfld: 5.84587 + L_NonMnfld: 10.84223 + L_Nrml: 0.00000 + L_Eknl: 2.24192 + L_Div: 0.00000 + L_Morse: 0.21312
Epoch: 0 [5970/10000 (60%)] Unweighted L_s : L_Mnfld: 0.00084,  L_NonMnfld: 0.01807,  L_Nrml: 0.00000,  L_Eknl: 0.04484, L_Morse: 2.13117

Weights: [7000.0, 600.0, 0, 50.0, 0.0, 0.1], lr=5.000e-05
Epoch: 0 [5980/10000 (60%)] Loss: 19.97542 = L_Mnfld: 5.96417 + L_NonMnfld: 11.55012 + L_Nrml: 0.00000 + L_Eknl: 2.24140 + L_Div: 0.00000 + L_Morse: 0.21972
Epoch: 0 [5980/10000 (60%)] Unweighted L_s : L_Mnfld: 0.00085,  L_NonMnfld: 0.01925,  L_Nrml: 0.00000,  L_Eknl: 0.04483, L_Morse: 2.19723

Weights: [7000.0, 600.0, 0, 50.0, 0.0, 0.1], lr=5.000e-05
Epoch: 0 [5990/10000 (60%)] Loss: 19.84875 = L_Mnfld: 6.23539 + L_NonMnfld: 10.93768 + L_Nrml: 0.00000 + L_Eknl: 2.45683 + L_Div: 0.00000 + L_Morse: 0.21885
Epoch: 0 [5990/10000 (60%)] Unweighted L_s : L_Mnfld: 0.00089,  L_NonMnfld: 0.01823,  L_Nrml: 0.00000,  L_Eknl: 0.04914, L_Morse: 2.18846

Weights: [7000.0, 600.0, 0, 50.0, 0.0, 0.1], lr=5.000e-05
Epoch: 0 [6000/10000 (60%)] Loss: 20.47874 = L_Mnfld: 6.30727 + L_NonMnfld: 11.33049 + L_Nrml: 0.00000 + L_Eknl: 2.62099 + L_Div: 0.00000 + L_Morse: 0.21999
Epoch: 0 [6000/10000 (60%)] Unweighted L_s : L_Mnfld: 0.00090,  L_NonMnfld: 0.01888,  L_Nrml: 0.00000,  L_Eknl: 0.05242, L_Morse: 2.19993

Weights: [7000.0, 600.0, 0, 50.0, 0.0, 0.1], lr=5.000e-05
Epoch: 0 [6010/10000 (60%)] Loss: 20.16969 = L_Mnfld: 6.46433 + L_NonMnfld: 10.77470 + L_Nrml: 0.00000 + L_Eknl: 2.71271 + L_Div: 0.00000 + L_Morse: 0.21795
Epoch: 0 [6010/10000 (60%)] Unweighted L_s : L_Mnfld: 0.00092,  L_NonMnfld: 0.01796,  L_Nrml: 0.00000,  L_Eknl: 0.05425, L_Morse: 2.17954

Weights: [7000.0, 600.0, 0, 50.0, 0.0, 0.1], lr=5.000e-05
Epoch: 0 [6020/10000 (60%)] Loss: 21.31955 = L_Mnfld: 6.52677 + L_NonMnfld: 11.94504 + L_Nrml: 0.00000 + L_Eknl: 2.62749 + L_Div: 0.00000 + L_Morse: 0.22024
Epoch: 0 [6020/10000 (60%)] Unweighted L_s : L_Mnfld: 0.00093,  L_NonMnfld: 0.01991,  L_Nrml: 0.00000,  L_Eknl: 0.05255, L_Morse: 2.20240

Weights: [7000.0, 600.0, 0, 50.0, 0.0, 0.1], lr=5.000e-05
Epoch: 0 [6030/10000 (60%)] Loss: 21.20116 = L_Mnfld: 7.14019 + L_NonMnfld: 11.36456 + L_Nrml: 0.00000 + L_Eknl: 2.47334 + L_Div: 0.00000 + L_Morse: 0.22306
Epoch: 0 [6030/10000 (60%)] Unweighted L_s : L_Mnfld: 0.00102,  L_NonMnfld: 0.01894,  L_Nrml: 0.00000,  L_Eknl: 0.04947, L_Morse: 2.23063

Weights: [7000.0, 600.0, 0, 50.0, 0.0, 0.1], lr=5.000e-05
Epoch: 0 [6040/10000 (60%)] Loss: 20.84582 = L_Mnfld: 7.12229 + L_NonMnfld: 11.23302 + L_Nrml: 0.00000 + L_Eknl: 2.27171 + L_Div: 0.00000 + L_Morse: 0.21880
Epoch: 0 [6040/10000 (60%)] Unweighted L_s : L_Mnfld: 0.00102,  L_NonMnfld: 0.01872,  L_Nrml: 0.00000,  L_Eknl: 0.04543, L_Morse: 2.18803

Weights: [7000.0, 600.0, 0, 50.0, 0.0, 0.1], lr=5.000e-05
Epoch: 0 [6050/10000 (60%)] Loss: 20.86835 = L_Mnfld: 7.20023 + L_NonMnfld: 10.95764 + L_Nrml: 0.00000 + L_Eknl: 2.49329 + L_Div: 0.00000 + L_Morse: 0.21718
Epoch: 0 [6050/10000 (60%)] Unweighted L_s : L_Mnfld: 0.00103,  L_NonMnfld: 0.01826,  L_Nrml: 0.00000,  L_Eknl: 0.04987, L_Morse: 2.17182

Weights: [7000.0, 600.0, 0, 50.0, 0.0, 0.1], lr=5.000e-05
Epoch: 0 [6060/10000 (61%)] Loss: 20.14421 = L_Mnfld: 6.54849 + L_NonMnfld: 10.96313 + L_Nrml: 0.00000 + L_Eknl: 2.40768 + L_Div: 0.00000 + L_Morse: 0.22491
Epoch: 0 [6060/10000 (61%)] Unweighted L_s : L_Mnfld: 0.00094,  L_NonMnfld: 0.01827,  L_Nrml: 0.00000,  L_Eknl: 0.04815, L_Morse: 2.24909

Weights: [7000.0, 600.0, 0, 50.0, 0.0, 0.1], lr=5.000e-05
Epoch: 0 [6070/10000 (61%)] Loss: 20.60328 = L_Mnfld: 6.41236 + L_NonMnfld: 11.54986 + L_Nrml: 0.00000 + L_Eknl: 2.42590 + L_Div: 0.00000 + L_Morse: 0.21516
Epoch: 0 [6070/10000 (61%)] Unweighted L_s : L_Mnfld: 0.00092,  L_NonMnfld: 0.01925,  L_Nrml: 0.00000,  L_Eknl: 0.04852, L_Morse: 2.15160

Weights: [7000.0, 600.0, 0, 50.0, 0.0, 0.1], lr=5.000e-05
Epoch: 0 [6080/10000 (61%)] Loss: 20.10642 = L_Mnfld: 6.23908 + L_NonMnfld: 11.36378 + L_Nrml: 0.00000 + L_Eknl: 2.28459 + L_Div: 0.00000 + L_Morse: 0.21897
Epoch: 0 [6080/10000 (61%)] Unweighted L_s : L_Mnfld: 0.00089,  L_NonMnfld: 0.01894,  L_Nrml: 0.00000,  L_Eknl: 0.04569, L_Morse: 2.18973

Weights: [7000.0, 600.0, 0, 50.0, 0.0, 0.1], lr=5.000e-05
Epoch: 0 [6090/10000 (61%)] Loss: 20.55602 = L_Mnfld: 6.25864 + L_NonMnfld: 11.67926 + L_Nrml: 0.00000 + L_Eknl: 2.39868 + L_Div: 0.00000 + L_Morse: 0.21944
Epoch: 0 [6090/10000 (61%)] Unweighted L_s : L_Mnfld: 0.00089,  L_NonMnfld: 0.01947,  L_Nrml: 0.00000,  L_Eknl: 0.04797, L_Morse: 2.19438

Weights: [7000.0, 600.0, 0, 50.0, 0.0, 0.1], lr=5.000e-05
Epoch: 0 [6100/10000 (61%)] Loss: 21.06959 = L_Mnfld: 6.28977 + L_NonMnfld: 12.15489 + L_Nrml: 0.00000 + L_Eknl: 2.40190 + L_Div: 0.00000 + L_Morse: 0.22303
Epoch: 0 [6100/10000 (61%)] Unweighted L_s : L_Mnfld: 0.00090,  L_NonMnfld: 0.02026,  L_Nrml: 0.00000,  L_Eknl: 0.04804, L_Morse: 2.23025

Weights: [7000.0, 600.0, 0, 50.0, 0.0, 0.1], lr=5.000e-05
Epoch: 0 [6110/10000 (61%)] Loss: 19.55656 = L_Mnfld: 6.38263 + L_NonMnfld: 10.68387 + L_Nrml: 0.00000 + L_Eknl: 2.26863 + L_Div: 0.00000 + L_Morse: 0.22144
Epoch: 0 [6110/10000 (61%)] Unweighted L_s : L_Mnfld: 0.00091,  L_NonMnfld: 0.01781,  L_Nrml: 0.00000,  L_Eknl: 0.04537, L_Morse: 2.21442

Weights: [7000.0, 600.0, 0, 50.0, 0.0, 0.1], lr=5.000e-05
Epoch: 0 [6120/10000 (61%)] Loss: 20.80519 = L_Mnfld: 6.49096 + L_NonMnfld: 11.67427 + L_Nrml: 0.00000 + L_Eknl: 2.41378 + L_Div: 0.00000 + L_Morse: 0.22618
Epoch: 0 [6120/10000 (61%)] Unweighted L_s : L_Mnfld: 0.00093,  L_NonMnfld: 0.01946,  L_Nrml: 0.00000,  L_Eknl: 0.04828, L_Morse: 2.26180

Weights: [7000.0, 600.0, 0, 50.0, 0.0, 0.1], lr=5.000e-05
Epoch: 0 [6130/10000 (61%)] Loss: 21.25280 = L_Mnfld: 6.17525 + L_NonMnfld: 12.37270 + L_Nrml: 0.00000 + L_Eknl: 2.48275 + L_Div: 0.00000 + L_Morse: 0.22209
Epoch: 0 [6130/10000 (61%)] Unweighted L_s : L_Mnfld: 0.00088,  L_NonMnfld: 0.02062,  L_Nrml: 0.00000,  L_Eknl: 0.04965, L_Morse: 2.22089

Weights: [7000.0, 600.0, 0, 50.0, 0.0, 0.1], lr=5.000e-05
Epoch: 0 [6140/10000 (61%)] Loss: 19.49635 = L_Mnfld: 6.49947 + L_NonMnfld: 10.38031 + L_Nrml: 0.00000 + L_Eknl: 2.39008 + L_Div: 0.00000 + L_Morse: 0.22649
Epoch: 0 [6140/10000 (61%)] Unweighted L_s : L_Mnfld: 0.00093,  L_NonMnfld: 0.01730,  L_Nrml: 0.00000,  L_Eknl: 0.04780, L_Morse: 2.26486

Weights: [7000.0, 600.0, 0, 50.0, 0.0, 0.1], lr=5.000e-05
Epoch: 0 [6150/10000 (62%)] Loss: 20.07247 = L_Mnfld: 6.53493 + L_NonMnfld: 10.88775 + L_Nrml: 0.00000 + L_Eknl: 2.42618 + L_Div: 0.00000 + L_Morse: 0.22361
Epoch: 0 [6150/10000 (62%)] Unweighted L_s : L_Mnfld: 0.00093,  L_NonMnfld: 0.01815,  L_Nrml: 0.00000,  L_Eknl: 0.04852, L_Morse: 2.23607

Weights: [7000.0, 600.0, 0, 50.0, 0.0, 0.1], lr=5.000e-05
Epoch: 0 [6160/10000 (62%)] Loss: 19.91365 = L_Mnfld: 6.58053 + L_NonMnfld: 10.65828 + L_Nrml: 0.00000 + L_Eknl: 2.44900 + L_Div: 0.00000 + L_Morse: 0.22584
Epoch: 0 [6160/10000 (62%)] Unweighted L_s : L_Mnfld: 0.00094,  L_NonMnfld: 0.01776,  L_Nrml: 0.00000,  L_Eknl: 0.04898, L_Morse: 2.25845

Weights: [7000.0, 600.0, 0, 50.0, 0.0, 0.1], lr=5.000e-05
Epoch: 0 [6170/10000 (62%)] Loss: 20.07596 = L_Mnfld: 6.11646 + L_NonMnfld: 11.29283 + L_Nrml: 0.00000 + L_Eknl: 2.44821 + L_Div: 0.00000 + L_Morse: 0.21847
Epoch: 0 [6170/10000 (62%)] Unweighted L_s : L_Mnfld: 0.00087,  L_NonMnfld: 0.01882,  L_Nrml: 0.00000,  L_Eknl: 0.04896, L_Morse: 2.18465

Weights: [7000.0, 600.0, 0, 50.0, 0.0, 0.1], lr=5.000e-05
Epoch: 0 [6180/10000 (62%)] Loss: 20.59451 = L_Mnfld: 6.28334 + L_NonMnfld: 11.50533 + L_Nrml: 0.00000 + L_Eknl: 2.58416 + L_Div: 0.00000 + L_Morse: 0.22168
Epoch: 0 [6180/10000 (62%)] Unweighted L_s : L_Mnfld: 0.00090,  L_NonMnfld: 0.01918,  L_Nrml: 0.00000,  L_Eknl: 0.05168, L_Morse: 2.21684

Weights: [7000.0, 600.0, 0, 50.0, 0.0, 0.1], lr=5.000e-05
Epoch: 0 [6190/10000 (62%)] Loss: 21.17875 = L_Mnfld: 6.14603 + L_NonMnfld: 12.55055 + L_Nrml: 0.00000 + L_Eknl: 2.26103 + L_Div: 0.00000 + L_Morse: 0.22114
Epoch: 0 [6190/10000 (62%)] Unweighted L_s : L_Mnfld: 0.00088,  L_NonMnfld: 0.02092,  L_Nrml: 0.00000,  L_Eknl: 0.04522, L_Morse: 2.21142

Weights: [7000.0, 600.0, 0, 50.0, 0.0, 0.1], lr=5.000e-05
Epoch: 0 [6200/10000 (62%)] Loss: 20.91886 = L_Mnfld: 6.50687 + L_NonMnfld: 11.84384 + L_Nrml: 0.00000 + L_Eknl: 2.34528 + L_Div: 0.00000 + L_Morse: 0.22287
Epoch: 0 [6200/10000 (62%)] Unweighted L_s : L_Mnfld: 0.00093,  L_NonMnfld: 0.01974,  L_Nrml: 0.00000,  L_Eknl: 0.04691, L_Morse: 2.22868

Weights: [7000.0, 600.0, 0, 50.0, 0.0, 0.1], lr=5.000e-05
Epoch: 0 [6210/10000 (62%)] Loss: 20.85676 = L_Mnfld: 6.71886 + L_NonMnfld: 11.27812 + L_Nrml: 0.00000 + L_Eknl: 2.63380 + L_Div: 0.00000 + L_Morse: 0.22597
Epoch: 0 [6210/10000 (62%)] Unweighted L_s : L_Mnfld: 0.00096,  L_NonMnfld: 0.01880,  L_Nrml: 0.00000,  L_Eknl: 0.05268, L_Morse: 2.25975

Weights: [7000.0, 600.0, 0, 50.0, 0.0, 0.1], lr=5.000e-05
Epoch: 0 [6220/10000 (62%)] Loss: 21.60314 = L_Mnfld: 6.62777 + L_NonMnfld: 12.05507 + L_Nrml: 0.00000 + L_Eknl: 2.69845 + L_Div: 0.00000 + L_Morse: 0.22185
Epoch: 0 [6220/10000 (62%)] Unweighted L_s : L_Mnfld: 0.00095,  L_NonMnfld: 0.02009,  L_Nrml: 0.00000,  L_Eknl: 0.05397, L_Morse: 2.21852

Weights: [7000.0, 600.0, 0, 50.0, 0.0, 0.1], lr=5.000e-05
Epoch: 0 [6230/10000 (62%)] Loss: 19.88797 = L_Mnfld: 6.54785 + L_NonMnfld: 10.85869 + L_Nrml: 0.00000 + L_Eknl: 2.25910 + L_Div: 0.00000 + L_Morse: 0.22233
Epoch: 0 [6230/10000 (62%)] Unweighted L_s : L_Mnfld: 0.00094,  L_NonMnfld: 0.01810,  L_Nrml: 0.00000,  L_Eknl: 0.04518, L_Morse: 2.22327

Weights: [7000.0, 600.0, 0, 50.0, 0.0, 0.1], lr=5.000e-05
Epoch: 0 [6240/10000 (62%)] Loss: 20.92217 = L_Mnfld: 6.62745 + L_NonMnfld: 11.83688 + L_Nrml: 0.00000 + L_Eknl: 2.23628 + L_Div: 0.00000 + L_Morse: 0.22157
Epoch: 0 [6240/10000 (62%)] Unweighted L_s : L_Mnfld: 0.00095,  L_NonMnfld: 0.01973,  L_Nrml: 0.00000,  L_Eknl: 0.04473, L_Morse: 2.21569

Weights: [7000.0, 600.0, 0, 50.0, 0.0, 0.1], lr=5.000e-05
Epoch: 0 [6250/10000 (62%)] Loss: 20.18958 = L_Mnfld: 6.23181 + L_NonMnfld: 11.44318 + L_Nrml: 0.00000 + L_Eknl: 2.29346 + L_Div: 0.00000 + L_Morse: 0.22113
Epoch: 0 [6250/10000 (62%)] Unweighted L_s : L_Mnfld: 0.00089,  L_NonMnfld: 0.01907,  L_Nrml: 0.00000,  L_Eknl: 0.04587, L_Morse: 2.21131

Weights: [7000.0, 600.0, 0, 50.0, 0.0, 0.1], lr=5.000e-05
Epoch: 0 [6260/10000 (63%)] Loss: 20.69212 = L_Mnfld: 6.73846 + L_NonMnfld: 11.04244 + L_Nrml: 0.00000 + L_Eknl: 2.68534 + L_Div: 0.00000 + L_Morse: 0.22589
Epoch: 0 [6260/10000 (63%)] Unweighted L_s : L_Mnfld: 0.00096,  L_NonMnfld: 0.01840,  L_Nrml: 0.00000,  L_Eknl: 0.05371, L_Morse: 2.25886

Weights: [7000.0, 600.0, 0, 50.0, 0.0, 0.1], lr=5.000e-05
Epoch: 0 [6270/10000 (63%)] Loss: 21.25531 = L_Mnfld: 6.32891 + L_NonMnfld: 12.23861 + L_Nrml: 0.00000 + L_Eknl: 2.46760 + L_Div: 0.00000 + L_Morse: 0.22020
Epoch: 0 [6270/10000 (63%)] Unweighted L_s : L_Mnfld: 0.00090,  L_NonMnfld: 0.02040,  L_Nrml: 0.00000,  L_Eknl: 0.04935, L_Morse: 2.20195

Weights: [7000.0, 600.0, 0, 50.0, 0.0, 0.1], lr=5.000e-05
Epoch: 0 [6280/10000 (63%)] Loss: 20.16011 = L_Mnfld: 5.90948 + L_NonMnfld: 11.76466 + L_Nrml: 0.00000 + L_Eknl: 2.26050 + L_Div: 0.00000 + L_Morse: 0.22547
Epoch: 0 [6280/10000 (63%)] Unweighted L_s : L_Mnfld: 0.00084,  L_NonMnfld: 0.01961,  L_Nrml: 0.00000,  L_Eknl: 0.04521, L_Morse: 2.25471

Weights: [7000.0, 600.0, 0, 50.0, 0.0, 0.1], lr=5.000e-05
Epoch: 0 [6290/10000 (63%)] Loss: 21.06570 = L_Mnfld: 6.00121 + L_NonMnfld: 12.52515 + L_Nrml: 0.00000 + L_Eknl: 2.31327 + L_Div: 0.00000 + L_Morse: 0.22607
Epoch: 0 [6290/10000 (63%)] Unweighted L_s : L_Mnfld: 0.00086,  L_NonMnfld: 0.02088,  L_Nrml: 0.00000,  L_Eknl: 0.04627, L_Morse: 2.26065

Weights: [7000.0, 600.0, 0, 50.0, 0.0, 0.1], lr=5.000e-05
Epoch: 0 [6300/10000 (63%)] Loss: 19.63013 = L_Mnfld: 6.32557 + L_NonMnfld: 10.77506 + L_Nrml: 0.00000 + L_Eknl: 2.30438 + L_Div: 0.00000 + L_Morse: 0.22511
Epoch: 0 [6300/10000 (63%)] Unweighted L_s : L_Mnfld: 0.00090,  L_NonMnfld: 0.01796,  L_Nrml: 0.00000,  L_Eknl: 0.04609, L_Morse: 2.25113

Weights: [7000.0, 600.0, 0, 50.0, 0.0, 0.1], lr=5.000e-05
Epoch: 0 [6310/10000 (63%)] Loss: 19.76858 = L_Mnfld: 5.96642 + L_NonMnfld: 11.36352 + L_Nrml: 0.00000 + L_Eknl: 2.21278 + L_Div: 0.00000 + L_Morse: 0.22585
Epoch: 0 [6310/10000 (63%)] Unweighted L_s : L_Mnfld: 0.00085,  L_NonMnfld: 0.01894,  L_Nrml: 0.00000,  L_Eknl: 0.04426, L_Morse: 2.25851

Weights: [7000.0, 600.0, 0, 50.0, 0.0, 0.1], lr=5.000e-05
Epoch: 0 [6320/10000 (63%)] Loss: 20.86694 = L_Mnfld: 6.51403 + L_NonMnfld: 11.66783 + L_Nrml: 0.00000 + L_Eknl: 2.45956 + L_Div: 0.00000 + L_Morse: 0.22552
Epoch: 0 [6320/10000 (63%)] Unweighted L_s : L_Mnfld: 0.00093,  L_NonMnfld: 0.01945,  L_Nrml: 0.00000,  L_Eknl: 0.04919, L_Morse: 2.25516

Weights: [7000.0, 600.0, 0, 50.0, 0.0, 0.1], lr=5.000e-05
Epoch: 0 [6330/10000 (63%)] Loss: 20.70835 = L_Mnfld: 5.93284 + L_NonMnfld: 12.19001 + L_Nrml: 0.00000 + L_Eknl: 2.35620 + L_Div: 0.00000 + L_Morse: 0.22929
Epoch: 0 [6330/10000 (63%)] Unweighted L_s : L_Mnfld: 0.00085,  L_NonMnfld: 0.02032,  L_Nrml: 0.00000,  L_Eknl: 0.04712, L_Morse: 2.29288

Weights: [7000.0, 600.0, 0, 50.0, 0.0, 0.1], lr=5.000e-05
Epoch: 0 [6340/10000 (63%)] Loss: 20.65232 = L_Mnfld: 6.42829 + L_NonMnfld: 11.74636 + L_Nrml: 0.00000 + L_Eknl: 2.25289 + L_Div: 0.00000 + L_Morse: 0.22477
Epoch: 0 [6340/10000 (63%)] Unweighted L_s : L_Mnfld: 0.00092,  L_NonMnfld: 0.01958,  L_Nrml: 0.00000,  L_Eknl: 0.04506, L_Morse: 2.24775

Weights: [7000.0, 600.0, 0, 50.0, 0.0, 0.1], lr=5.000e-05
Epoch: 0 [6350/10000 (64%)] Loss: 19.83990 = L_Mnfld: 6.23866 + L_NonMnfld: 10.90065 + L_Nrml: 0.00000 + L_Eknl: 2.47127 + L_Div: 0.00000 + L_Morse: 0.22933
Epoch: 0 [6350/10000 (64%)] Unweighted L_s : L_Mnfld: 0.00089,  L_NonMnfld: 0.01817,  L_Nrml: 0.00000,  L_Eknl: 0.04943, L_Morse: 2.29327

Weights: [7000.0, 600.0, 0, 50.0, 0.0, 0.1], lr=5.000e-05
Epoch: 0 [6360/10000 (64%)] Loss: 19.23608 = L_Mnfld: 6.23552 + L_NonMnfld: 10.50819 + L_Nrml: 0.00000 + L_Eknl: 2.27314 + L_Div: 0.00000 + L_Morse: 0.21922
Epoch: 0 [6360/10000 (64%)] Unweighted L_s : L_Mnfld: 0.00089,  L_NonMnfld: 0.01751,  L_Nrml: 0.00000,  L_Eknl: 0.04546, L_Morse: 2.19224

Weights: [7000.0, 600.0, 0, 50.0, 0.0, 0.1], lr=5.000e-05
Epoch: 0 [6370/10000 (64%)] Loss: 19.35194 = L_Mnfld: 5.85923 + L_NonMnfld: 11.14119 + L_Nrml: 0.00000 + L_Eknl: 2.13024 + L_Div: 0.00000 + L_Morse: 0.22127
Epoch: 0 [6370/10000 (64%)] Unweighted L_s : L_Mnfld: 0.00084,  L_NonMnfld: 0.01857,  L_Nrml: 0.00000,  L_Eknl: 0.04260, L_Morse: 2.21273

Weights: [7000.0, 600.0, 0, 50.0, 0.0, 0.1], lr=5.000e-05
Epoch: 0 [6380/10000 (64%)] Loss: 19.14885 = L_Mnfld: 5.88383 + L_NonMnfld: 10.82389 + L_Nrml: 0.00000 + L_Eknl: 2.22133 + L_Div: 0.00000 + L_Morse: 0.21980
Epoch: 0 [6380/10000 (64%)] Unweighted L_s : L_Mnfld: 0.00084,  L_NonMnfld: 0.01804,  L_Nrml: 0.00000,  L_Eknl: 0.04443, L_Morse: 2.19802

Weights: [7000.0, 600.0, 0, 50.0, 0.0, 0.1], lr=5.000e-05
Epoch: 0 [6390/10000 (64%)] Loss: 19.58305 = L_Mnfld: 6.06525 + L_NonMnfld: 11.17905 + L_Nrml: 0.00000 + L_Eknl: 2.11607 + L_Div: 0.00000 + L_Morse: 0.22269
Epoch: 0 [6390/10000 (64%)] Unweighted L_s : L_Mnfld: 0.00087,  L_NonMnfld: 0.01863,  L_Nrml: 0.00000,  L_Eknl: 0.04232, L_Morse: 2.22689

Weights: [7000.0, 600.0, 0, 50.0, 0.0, 0.1], lr=5.000e-05
Epoch: 0 [6400/10000 (64%)] Loss: 19.93158 = L_Mnfld: 6.15852 + L_NonMnfld: 11.26170 + L_Nrml: 0.00000 + L_Eknl: 2.28196 + L_Div: 0.00000 + L_Morse: 0.22939
Epoch: 0 [6400/10000 (64%)] Unweighted L_s : L_Mnfld: 0.00088,  L_NonMnfld: 0.01877,  L_Nrml: 0.00000,  L_Eknl: 0.04564, L_Morse: 2.29394

Weights: [7000.0, 600.0, 0, 50.0, 0.0, 0.1], lr=5.000e-05
Epoch: 0 [6410/10000 (64%)] Loss: 20.15452 = L_Mnfld: 6.45303 + L_NonMnfld: 11.31556 + L_Nrml: 0.00000 + L_Eknl: 2.15950 + L_Div: 0.00000 + L_Morse: 0.22642
Epoch: 0 [6410/10000 (64%)] Unweighted L_s : L_Mnfld: 0.00092,  L_NonMnfld: 0.01886,  L_Nrml: 0.00000,  L_Eknl: 0.04319, L_Morse: 2.26422

Weights: [7000.0, 600.0, 0, 50.0, 0.0, 0.1], lr=5.000e-05
Epoch: 0 [6420/10000 (64%)] Loss: 20.44858 = L_Mnfld: 5.90687 + L_NonMnfld: 12.11906 + L_Nrml: 0.00000 + L_Eknl: 2.19476 + L_Div: 0.00000 + L_Morse: 0.22789
Epoch: 0 [6420/10000 (64%)] Unweighted L_s : L_Mnfld: 0.00084,  L_NonMnfld: 0.02020,  L_Nrml: 0.00000,  L_Eknl: 0.04390, L_Morse: 2.27891

Weights: [7000.0, 600.0, 0, 50.0, 0.0, 0.1], lr=5.000e-05
Epoch: 0 [6430/10000 (64%)] Loss: 19.56158 = L_Mnfld: 5.79323 + L_NonMnfld: 11.33537 + L_Nrml: 0.00000 + L_Eknl: 2.20726 + L_Div: 0.00000 + L_Morse: 0.22573
Epoch: 0 [6430/10000 (64%)] Unweighted L_s : L_Mnfld: 0.00083,  L_NonMnfld: 0.01889,  L_Nrml: 0.00000,  L_Eknl: 0.04415, L_Morse: 2.25728

Weights: [7000.0, 600.0, 0, 50.0, 0.0, 0.1], lr=5.000e-05
Epoch: 0 [6440/10000 (64%)] Loss: 19.97716 = L_Mnfld: 5.98703 + L_NonMnfld: 11.59406 + L_Nrml: 0.00000 + L_Eknl: 2.17271 + L_Div: 0.00000 + L_Morse: 0.22336
Epoch: 0 [6440/10000 (64%)] Unweighted L_s : L_Mnfld: 0.00086,  L_NonMnfld: 0.01932,  L_Nrml: 0.00000,  L_Eknl: 0.04345, L_Morse: 2.23364

Weights: [7000.0, 600.0, 0, 50.0, 0.0, 0.1], lr=5.000e-05
Epoch: 0 [6450/10000 (64%)] Loss: 20.63094 = L_Mnfld: 5.72267 + L_NonMnfld: 12.31384 + L_Nrml: 0.00000 + L_Eknl: 2.37719 + L_Div: 0.00000 + L_Morse: 0.21724
Epoch: 0 [6450/10000 (64%)] Unweighted L_s : L_Mnfld: 0.00082,  L_NonMnfld: 0.02052,  L_Nrml: 0.00000,  L_Eknl: 0.04754, L_Morse: 2.17238

Weights: [7000.0, 600.0, 0, 50.0, 0.0, 0.1], lr=5.000e-05
Epoch: 0 [6460/10000 (65%)] Loss: 19.02886 = L_Mnfld: 6.02337 + L_NonMnfld: 10.56122 + L_Nrml: 0.00000 + L_Eknl: 2.21605 + L_Div: 0.00000 + L_Morse: 0.22821
Epoch: 0 [6460/10000 (65%)] Unweighted L_s : L_Mnfld: 0.00086,  L_NonMnfld: 0.01760,  L_Nrml: 0.00000,  L_Eknl: 0.04432, L_Morse: 2.28213

Weights: [7000.0, 600.0, 0, 50.0, 0.0, 0.1], lr=5.000e-05
Epoch: 0 [6470/10000 (65%)] Loss: 20.76887 = L_Mnfld: 6.15322 + L_NonMnfld: 11.64202 + L_Nrml: 0.00000 + L_Eknl: 2.74061 + L_Div: 0.00000 + L_Morse: 0.23302
Epoch: 0 [6470/10000 (65%)] Unweighted L_s : L_Mnfld: 0.00088,  L_NonMnfld: 0.01940,  L_Nrml: 0.00000,  L_Eknl: 0.05481, L_Morse: 2.33022

Weights: [7000.0, 600.0, 0, 50.0, 0.0, 0.1], lr=5.000e-05
Epoch: 0 [6480/10000 (65%)] Loss: 20.38831 = L_Mnfld: 6.33394 + L_NonMnfld: 11.53234 + L_Nrml: 0.00000 + L_Eknl: 2.29641 + L_Div: 0.00000 + L_Morse: 0.22561
Epoch: 0 [6480/10000 (65%)] Unweighted L_s : L_Mnfld: 0.00090,  L_NonMnfld: 0.01922,  L_Nrml: 0.00000,  L_Eknl: 0.04593, L_Morse: 2.25611

Weights: [7000.0, 600.0, 0, 50.0, 0.0, 0.1], lr=5.000e-05
Epoch: 0 [6490/10000 (65%)] Loss: 20.77651 = L_Mnfld: 6.27772 + L_NonMnfld: 11.93865 + L_Nrml: 0.00000 + L_Eknl: 2.33595 + L_Div: 0.00000 + L_Morse: 0.22420
Epoch: 0 [6490/10000 (65%)] Unweighted L_s : L_Mnfld: 0.00090,  L_NonMnfld: 0.01990,  L_Nrml: 0.00000,  L_Eknl: 0.04672, L_Morse: 2.24196

Weights: [7000.0, 600.0, 0, 50.0, 0.0, 0.1], lr=5.000e-05
Epoch: 0 [6500/10000 (65%)] Loss: 20.45491 = L_Mnfld: 7.10222 + L_NonMnfld: 10.61952 + L_Nrml: 0.00000 + L_Eknl: 2.50457 + L_Div: 0.00000 + L_Morse: 0.22860
Epoch: 0 [6500/10000 (65%)] Unweighted L_s : L_Mnfld: 0.00101,  L_NonMnfld: 0.01770,  L_Nrml: 0.00000,  L_Eknl: 0.05009, L_Morse: 2.28597

Weights: [7000.0, 600.0, 0, 50.0, 0.0, 0.1], lr=5.000e-05
Epoch: 0 [6510/10000 (65%)] Loss: 21.55903 = L_Mnfld: 6.81245 + L_NonMnfld: 11.82565 + L_Nrml: 0.00000 + L_Eknl: 2.69313 + L_Div: 0.00000 + L_Morse: 0.22780
Epoch: 0 [6510/10000 (65%)] Unweighted L_s : L_Mnfld: 0.00097,  L_NonMnfld: 0.01971,  L_Nrml: 0.00000,  L_Eknl: 0.05386, L_Morse: 2.27798

Weights: [7000.0, 600.0, 0, 50.0, 0.0, 0.1], lr=5.000e-05
Epoch: 0 [6520/10000 (65%)] Loss: 20.74304 = L_Mnfld: 6.34114 + L_NonMnfld: 11.87978 + L_Nrml: 0.00000 + L_Eknl: 2.29515 + L_Div: 0.00000 + L_Morse: 0.22697
Epoch: 0 [6520/10000 (65%)] Unweighted L_s : L_Mnfld: 0.00091,  L_NonMnfld: 0.01980,  L_Nrml: 0.00000,  L_Eknl: 0.04590, L_Morse: 2.26975

Weights: [7000.0, 600.0, 0, 50.0, 0.0, 0.1], lr=5.000e-05
Epoch: 0 [6530/10000 (65%)] Loss: 19.61691 = L_Mnfld: 6.14853 + L_NonMnfld: 11.08520 + L_Nrml: 0.00000 + L_Eknl: 2.15155 + L_Div: 0.00000 + L_Morse: 0.23163
Epoch: 0 [6530/10000 (65%)] Unweighted L_s : L_Mnfld: 0.00088,  L_NonMnfld: 0.01848,  L_Nrml: 0.00000,  L_Eknl: 0.04303, L_Morse: 2.31634

Weights: [7000.0, 600.0, 0, 50.0, 0.0, 0.1], lr=5.000e-05
Epoch: 0 [6540/10000 (65%)] Loss: 20.18234 = L_Mnfld: 6.17224 + L_NonMnfld: 11.61976 + L_Nrml: 0.00000 + L_Eknl: 2.16492 + L_Div: 0.00000 + L_Morse: 0.22542
Epoch: 0 [6540/10000 (65%)] Unweighted L_s : L_Mnfld: 0.00088,  L_NonMnfld: 0.01937,  L_Nrml: 0.00000,  L_Eknl: 0.04330, L_Morse: 2.25417

Weights: [7000.0, 600.0, 0, 50.0, 0.0, 0.1], lr=5.000e-05
Epoch: 0 [6550/10000 (66%)] Loss: 19.21035 = L_Mnfld: 6.09808 + L_NonMnfld: 10.65687 + L_Nrml: 0.00000 + L_Eknl: 2.22745 + L_Div: 0.00000 + L_Morse: 0.22795
Epoch: 0 [6550/10000 (66%)] Unweighted L_s : L_Mnfld: 0.00087,  L_NonMnfld: 0.01776,  L_Nrml: 0.00000,  L_Eknl: 0.04455, L_Morse: 2.27947

Weights: [7000.0, 600.0, 0, 50.0, 0.0, 0.1], lr=5.000e-05
Epoch: 0 [6560/10000 (66%)] Loss: 19.88052 = L_Mnfld: 6.03768 + L_NonMnfld: 11.50908 + L_Nrml: 0.00000 + L_Eknl: 2.10694 + L_Div: 0.00000 + L_Morse: 0.22682
Epoch: 0 [6560/10000 (66%)] Unweighted L_s : L_Mnfld: 0.00086,  L_NonMnfld: 0.01918,  L_Nrml: 0.00000,  L_Eknl: 0.04214, L_Morse: 2.26820

Weights: [7000.0, 600.0, 0, 50.0, 0.0, 0.1], lr=5.000e-05
Epoch: 0 [6570/10000 (66%)] Loss: 19.78977 = L_Mnfld: 6.16536 + L_NonMnfld: 11.31795 + L_Nrml: 0.00000 + L_Eknl: 2.08312 + L_Div: 0.00000 + L_Morse: 0.22334
Epoch: 0 [6570/10000 (66%)] Unweighted L_s : L_Mnfld: 0.00088,  L_NonMnfld: 0.01886,  L_Nrml: 0.00000,  L_Eknl: 0.04166, L_Morse: 2.23339

Weights: [7000.0, 600.0, 0, 50.0, 0.0, 0.1], lr=5.000e-05
Epoch: 0 [6580/10000 (66%)] Loss: 20.70985 = L_Mnfld: 5.95871 + L_NonMnfld: 12.31072 + L_Nrml: 0.00000 + L_Eknl: 2.21451 + L_Div: 0.00000 + L_Morse: 0.22591
Epoch: 0 [6580/10000 (66%)] Unweighted L_s : L_Mnfld: 0.00085,  L_NonMnfld: 0.02052,  L_Nrml: 0.00000,  L_Eknl: 0.04429, L_Morse: 2.25908

Weights: [7000.0, 600.0, 0, 50.0, 0.0, 0.1], lr=5.000e-05
Epoch: 0 [6590/10000 (66%)] Loss: 21.08271 = L_Mnfld: 5.96347 + L_NonMnfld: 12.63182 + L_Nrml: 0.00000 + L_Eknl: 2.26041 + L_Div: 0.00000 + L_Morse: 0.22701
Epoch: 0 [6590/10000 (66%)] Unweighted L_s : L_Mnfld: 0.00085,  L_NonMnfld: 0.02105,  L_Nrml: 0.00000,  L_Eknl: 0.04521, L_Morse: 2.27013

Weights: [7000.0, 600.0, 0, 50.0, 0.0, 0.1], lr=5.000e-05
Epoch: 0 [6600/10000 (66%)] Loss: 21.14998 = L_Mnfld: 6.45752 + L_NonMnfld: 11.98740 + L_Nrml: 0.00000 + L_Eknl: 2.47627 + L_Div: 0.00000 + L_Morse: 0.22879
Epoch: 0 [6600/10000 (66%)] Unweighted L_s : L_Mnfld: 0.00092,  L_NonMnfld: 0.01998,  L_Nrml: 0.00000,  L_Eknl: 0.04953, L_Morse: 2.28788

Weights: [7000.0, 600.0, 0, 50.0, 0.0, 0.1], lr=5.000e-05
Epoch: 0 [6610/10000 (66%)] Loss: 20.80154 = L_Mnfld: 7.04693 + L_NonMnfld: 10.37897 + L_Nrml: 0.00000 + L_Eknl: 3.14377 + L_Div: 0.00000 + L_Morse: 0.23187
Epoch: 0 [6610/10000 (66%)] Unweighted L_s : L_Mnfld: 0.00101,  L_NonMnfld: 0.01730,  L_Nrml: 0.00000,  L_Eknl: 0.06288, L_Morse: 2.31870

Weights: [7000.0, 600.0, 0, 50.0, 0.0, 0.1], lr=5.000e-05
Epoch: 0 [6620/10000 (66%)] Loss: 23.71187 = L_Mnfld: 8.29432 + L_NonMnfld: 12.15117 + L_Nrml: 0.00000 + L_Eknl: 3.04144 + L_Div: 0.00000 + L_Morse: 0.22494
Epoch: 0 [6620/10000 (66%)] Unweighted L_s : L_Mnfld: 0.00118,  L_NonMnfld: 0.02025,  L_Nrml: 0.00000,  L_Eknl: 0.06083, L_Morse: 2.24940

Weights: [7000.0, 600.0, 0, 50.0, 0.0, 0.1], lr=5.000e-05
Epoch: 0 [6630/10000 (66%)] Loss: 23.08908 = L_Mnfld: 9.18455 + L_NonMnfld: 10.42769 + L_Nrml: 0.00000 + L_Eknl: 3.24374 + L_Div: 0.00000 + L_Morse: 0.23311
Epoch: 0 [6630/10000 (66%)] Unweighted L_s : L_Mnfld: 0.00131,  L_NonMnfld: 0.01738,  L_Nrml: 0.00000,  L_Eknl: 0.06487, L_Morse: 2.33108

Weights: [7000.0, 600.0, 0, 50.0, 0.0, 0.1], lr=5.000e-05
Epoch: 0 [6640/10000 (66%)] Loss: 22.24056 = L_Mnfld: 8.96773 + L_NonMnfld: 10.32048 + L_Nrml: 0.00000 + L_Eknl: 2.72055 + L_Div: 0.00000 + L_Morse: 0.23181
Epoch: 0 [6640/10000 (66%)] Unweighted L_s : L_Mnfld: 0.00128,  L_NonMnfld: 0.01720,  L_Nrml: 0.00000,  L_Eknl: 0.05441, L_Morse: 2.31805

Weights: [7000.0, 600.0, 0, 50.0, 0.0, 0.1], lr=5.000e-05
Epoch: 0 [6650/10000 (66%)] Loss: 22.46628 = L_Mnfld: 8.07155 + L_NonMnfld: 11.12840 + L_Nrml: 0.00000 + L_Eknl: 3.03271 + L_Div: 0.00000 + L_Morse: 0.23362
Epoch: 0 [6650/10000 (66%)] Unweighted L_s : L_Mnfld: 0.00115,  L_NonMnfld: 0.01855,  L_Nrml: 0.00000,  L_Eknl: 0.06065, L_Morse: 2.33622

Weights: [7000.0, 600.0, 0, 50.0, 0.0, 0.1], lr=5.000e-05
Epoch: 0 [6660/10000 (67%)] Loss: 22.16223 = L_Mnfld: 7.95442 + L_NonMnfld: 11.23197 + L_Nrml: 0.00000 + L_Eknl: 2.73938 + L_Div: 0.00000 + L_Morse: 0.23645
Epoch: 0 [6660/10000 (67%)] Unweighted L_s : L_Mnfld: 0.00114,  L_NonMnfld: 0.01872,  L_Nrml: 0.00000,  L_Eknl: 0.05479, L_Morse: 2.36454

Weights: [7000.0, 600.0, 0, 50.0, 0.0, 0.1], lr=5.000e-05
Epoch: 0 [6670/10000 (67%)] Loss: 22.17705 = L_Mnfld: 7.49155 + L_NonMnfld: 11.97884 + L_Nrml: 0.00000 + L_Eknl: 2.47771 + L_Div: 0.00000 + L_Morse: 0.22896
Epoch: 0 [6670/10000 (67%)] Unweighted L_s : L_Mnfld: 0.00107,  L_NonMnfld: 0.01996,  L_Nrml: 0.00000,  L_Eknl: 0.04955, L_Morse: 2.28959

Weights: [7000.0, 600.0, 0, 50.0, 0.0, 0.1], lr=5.000e-05
Epoch: 0 [6680/10000 (67%)] Loss: 21.06456 = L_Mnfld: 6.98678 + L_NonMnfld: 11.47330 + L_Nrml: 0.00000 + L_Eknl: 2.37777 + L_Div: 0.00000 + L_Morse: 0.22671
Epoch: 0 [6680/10000 (67%)] Unweighted L_s : L_Mnfld: 0.00100,  L_NonMnfld: 0.01912,  L_Nrml: 0.00000,  L_Eknl: 0.04756, L_Morse: 2.26705

Weights: [7000.0, 600.0, 0, 50.0, 0.0, 0.1], lr=5.000e-05
Epoch: 0 [6690/10000 (67%)] Loss: 22.04006 = L_Mnfld: 7.05827 + L_NonMnfld: 12.32846 + L_Nrml: 0.00000 + L_Eknl: 2.43099 + L_Div: 0.00000 + L_Morse: 0.22234
Epoch: 0 [6690/10000 (67%)] Unweighted L_s : L_Mnfld: 0.00101,  L_NonMnfld: 0.02055,  L_Nrml: 0.00000,  L_Eknl: 0.04862, L_Morse: 2.22337

Weights: [7000.0, 600.0, 0, 50.0, 0.0, 0.1], lr=5.000e-05
Epoch: 0 [6700/10000 (67%)] Loss: 21.75912 = L_Mnfld: 7.15559 + L_NonMnfld: 12.02367 + L_Nrml: 0.00000 + L_Eknl: 2.34744 + L_Div: 0.00000 + L_Morse: 0.23241
Epoch: 0 [6700/10000 (67%)] Unweighted L_s : L_Mnfld: 0.00102,  L_NonMnfld: 0.02004,  L_Nrml: 0.00000,  L_Eknl: 0.04695, L_Morse: 2.32413

Weights: [7000.0, 600.0, 0, 50.0, 0.0, 0.1], lr=5.000e-05
Epoch: 0 [6710/10000 (67%)] Loss: 20.04953 = L_Mnfld: 7.01924 + L_NonMnfld: 10.24596 + L_Nrml: 0.00000 + L_Eknl: 2.55330 + L_Div: 0.00000 + L_Morse: 0.23103
Epoch: 0 [6710/10000 (67%)] Unweighted L_s : L_Mnfld: 0.00100,  L_NonMnfld: 0.01708,  L_Nrml: 0.00000,  L_Eknl: 0.05107, L_Morse: 2.31028

Weights: [7000.0, 600.0, 0, 50.0, 0.0, 0.1], lr=5.000e-05
Epoch: 0 [6720/10000 (67%)] Loss: 21.17451 = L_Mnfld: 7.14415 + L_NonMnfld: 11.21463 + L_Nrml: 0.00000 + L_Eknl: 2.58155 + L_Div: 0.00000 + L_Morse: 0.23418
Epoch: 0 [6720/10000 (67%)] Unweighted L_s : L_Mnfld: 0.00102,  L_NonMnfld: 0.01869,  L_Nrml: 0.00000,  L_Eknl: 0.05163, L_Morse: 2.34175

Weights: [7000.0, 600.0, 0, 50.0, 0.0, 0.1], lr=5.000e-05
Epoch: 0 [6730/10000 (67%)] Loss: 21.63120 = L_Mnfld: 6.40295 + L_NonMnfld: 12.58950 + L_Nrml: 0.00000 + L_Eknl: 2.41200 + L_Div: 0.00000 + L_Morse: 0.22675
Epoch: 0 [6730/10000 (67%)] Unweighted L_s : L_Mnfld: 0.00091,  L_NonMnfld: 0.02098,  L_Nrml: 0.00000,  L_Eknl: 0.04824, L_Morse: 2.26753

Weights: [7000.0, 600.0, 0, 50.0, 0.0, 0.1], lr=5.000e-05
Epoch: 0 [6740/10000 (67%)] Loss: 21.03763 = L_Mnfld: 6.68167 + L_NonMnfld: 11.51977 + L_Nrml: 0.00000 + L_Eknl: 2.60921 + L_Div: 0.00000 + L_Morse: 0.22698
Epoch: 0 [6740/10000 (67%)] Unweighted L_s : L_Mnfld: 0.00095,  L_NonMnfld: 0.01920,  L_Nrml: 0.00000,  L_Eknl: 0.05218, L_Morse: 2.26982

Weights: [7000.0, 600.0, 0, 50.0, 0.0, 0.1], lr=5.000e-05
Epoch: 0 [6750/10000 (68%)] Loss: 20.44562 = L_Mnfld: 6.82076 + L_NonMnfld: 10.87812 + L_Nrml: 0.00000 + L_Eknl: 2.51749 + L_Div: 0.00000 + L_Morse: 0.22926
Epoch: 0 [6750/10000 (68%)] Unweighted L_s : L_Mnfld: 0.00097,  L_NonMnfld: 0.01813,  L_Nrml: 0.00000,  L_Eknl: 0.05035, L_Morse: 2.29259

Weights: [7000.0, 600.0, 0, 50.0, 0.0, 0.1], lr=5.000e-05
Epoch: 0 [6760/10000 (68%)] Loss: 21.86897 = L_Mnfld: 7.12227 + L_NonMnfld: 12.06197 + L_Nrml: 0.00000 + L_Eknl: 2.45938 + L_Div: 0.00000 + L_Morse: 0.22536
Epoch: 0 [6760/10000 (68%)] Unweighted L_s : L_Mnfld: 0.00102,  L_NonMnfld: 0.02010,  L_Nrml: 0.00000,  L_Eknl: 0.04919, L_Morse: 2.25356

Weights: [7000.0, 600.0, 0, 50.0, 0.0, 0.1], lr=5.000e-05
Epoch: 0 [6770/10000 (68%)] Loss: 21.52359 = L_Mnfld: 7.05418 + L_NonMnfld: 11.86681 + L_Nrml: 0.00000 + L_Eknl: 2.37070 + L_Div: 0.00000 + L_Morse: 0.23190
Epoch: 0 [6770/10000 (68%)] Unweighted L_s : L_Mnfld: 0.00101,  L_NonMnfld: 0.01978,  L_Nrml: 0.00000,  L_Eknl: 0.04741, L_Morse: 2.31899

Weights: [7000.0, 600.0, 0, 50.0, 0.0, 0.1], lr=5.000e-05
Epoch: 0 [6780/10000 (68%)] Loss: 20.11314 = L_Mnfld: 6.58647 + L_NonMnfld: 10.78463 + L_Nrml: 0.00000 + L_Eknl: 2.51124 + L_Div: 0.00000 + L_Morse: 0.23080
Epoch: 0 [6780/10000 (68%)] Unweighted L_s : L_Mnfld: 0.00094,  L_NonMnfld: 0.01797,  L_Nrml: 0.00000,  L_Eknl: 0.05022, L_Morse: 2.30803

Weights: [7000.0, 600.0, 0, 50.0, 0.0, 0.1], lr=5.000e-05
Epoch: 0 [6790/10000 (68%)] Loss: 21.09343 = L_Mnfld: 6.81648 + L_NonMnfld: 11.64370 + L_Nrml: 0.00000 + L_Eknl: 2.39484 + L_Div: 0.00000 + L_Morse: 0.23842
Epoch: 0 [6790/10000 (68%)] Unweighted L_s : L_Mnfld: 0.00097,  L_NonMnfld: 0.01941,  L_Nrml: 0.00000,  L_Eknl: 0.04790, L_Morse: 2.38416

Weights: [7000.0, 600.0, 0, 50.0, 0.0, 0.1], lr=5.000e-05
Epoch: 0 [6800/10000 (68%)] Loss: 22.25607 = L_Mnfld: 6.90004 + L_NonMnfld: 12.77114 + L_Nrml: 0.00000 + L_Eknl: 2.35064 + L_Div: 0.00000 + L_Morse: 0.23425
Epoch: 0 [6800/10000 (68%)] Unweighted L_s : L_Mnfld: 0.00099,  L_NonMnfld: 0.02129,  L_Nrml: 0.00000,  L_Eknl: 0.04701, L_Morse: 2.34255

Weights: [7000.0, 600.0, 0, 50.0, 0.0, 0.1], lr=5.000e-05
Epoch: 0 [6810/10000 (68%)] Loss: 20.42239 = L_Mnfld: 6.21023 + L_NonMnfld: 11.71796 + L_Nrml: 0.00000 + L_Eknl: 2.26281 + L_Div: 0.00000 + L_Morse: 0.23139
Epoch: 0 [6810/10000 (68%)] Unweighted L_s : L_Mnfld: 0.00089,  L_NonMnfld: 0.01953,  L_Nrml: 0.00000,  L_Eknl: 0.04526, L_Morse: 2.31393

Weights: [7000.0, 600.0, 0, 50.0, 0.0, 0.1], lr=5.000e-05
Epoch: 0 [6820/10000 (68%)] Loss: 20.50376 = L_Mnfld: 6.43625 + L_NonMnfld: 11.68885 + L_Nrml: 0.00000 + L_Eknl: 2.15486 + L_Div: 0.00000 + L_Morse: 0.22380
Epoch: 0 [6820/10000 (68%)] Unweighted L_s : L_Mnfld: 0.00092,  L_NonMnfld: 0.01948,  L_Nrml: 0.00000,  L_Eknl: 0.04310, L_Morse: 2.23800

Weights: [7000.0, 600.0, 0, 50.0, 0.0, 0.1], lr=5.000e-05
Epoch: 0 [6830/10000 (68%)] Loss: 21.21994 = L_Mnfld: 7.02336 + L_NonMnfld: 11.41295 + L_Nrml: 0.00000 + L_Eknl: 2.55112 + L_Div: 0.00000 + L_Morse: 0.23251
Epoch: 0 [6830/10000 (68%)] Unweighted L_s : L_Mnfld: 0.00100,  L_NonMnfld: 0.01902,  L_Nrml: 0.00000,  L_Eknl: 0.05102, L_Morse: 2.32512

Weights: [7000.0, 600.0, 0, 50.0, 0.0, 0.1], lr=5.000e-05
Epoch: 0 [6840/10000 (68%)] Loss: 20.74010 = L_Mnfld: 6.60223 + L_NonMnfld: 11.48634 + L_Nrml: 0.00000 + L_Eknl: 2.42336 + L_Div: 0.00000 + L_Morse: 0.22816
Epoch: 0 [6840/10000 (68%)] Unweighted L_s : L_Mnfld: 0.00094,  L_NonMnfld: 0.01914,  L_Nrml: 0.00000,  L_Eknl: 0.04847, L_Morse: 2.28164

Weights: [7000.0, 600.0, 0, 50.0, 0.0, 0.1], lr=5.000e-05
Epoch: 0 [6850/10000 (68%)] Loss: 21.55595 = L_Mnfld: 6.48340 + L_NonMnfld: 12.37964 + L_Nrml: 0.00000 + L_Eknl: 2.46559 + L_Div: 0.00000 + L_Morse: 0.22733
Epoch: 0 [6850/10000 (68%)] Unweighted L_s : L_Mnfld: 0.00093,  L_NonMnfld: 0.02063,  L_Nrml: 0.00000,  L_Eknl: 0.04931, L_Morse: 2.27328

Weights: [7000.0, 600.0, 0, 50.0, 0.0, 0.1], lr=5.000e-05
Epoch: 0 [6860/10000 (69%)] Loss: 20.12922 = L_Mnfld: 6.88674 + L_NonMnfld: 10.40200 + L_Nrml: 0.00000 + L_Eknl: 2.60461 + L_Div: 0.00000 + L_Morse: 0.23587
Epoch: 0 [6860/10000 (69%)] Unweighted L_s : L_Mnfld: 0.00098,  L_NonMnfld: 0.01734,  L_Nrml: 0.00000,  L_Eknl: 0.05209, L_Morse: 2.35869

Weights: [7000.0, 600.0, 0, 50.0, 0.0, 0.1], lr=5.000e-05
Epoch: 0 [6870/10000 (69%)] Loss: 20.73368 = L_Mnfld: 6.65907 + L_NonMnfld: 11.04474 + L_Nrml: 0.00000 + L_Eknl: 2.79287 + L_Div: 0.00000 + L_Morse: 0.23699
Epoch: 0 [6870/10000 (69%)] Unweighted L_s : L_Mnfld: 0.00095,  L_NonMnfld: 0.01841,  L_Nrml: 0.00000,  L_Eknl: 0.05586, L_Morse: 2.36995

Weights: [7000.0, 600.0, 0, 50.0, 0.0, 0.1], lr=5.000e-05
Epoch: 0 [6880/10000 (69%)] Loss: 20.32240 = L_Mnfld: 7.07101 + L_NonMnfld: 10.64089 + L_Nrml: 0.00000 + L_Eknl: 2.37545 + L_Div: 0.00000 + L_Morse: 0.23506
Epoch: 0 [6880/10000 (69%)] Unweighted L_s : L_Mnfld: 0.00101,  L_NonMnfld: 0.01773,  L_Nrml: 0.00000,  L_Eknl: 0.04751, L_Morse: 2.35062

Weights: [7000.0, 600.0, 0, 50.0, 0.0, 0.1], lr=5.000e-05
Epoch: 0 [6890/10000 (69%)] Loss: 19.38141 = L_Mnfld: 6.42938 + L_NonMnfld: 10.33780 + L_Nrml: 0.00000 + L_Eknl: 2.38072 + L_Div: 0.00000 + L_Morse: 0.23351
Epoch: 0 [6890/10000 (69%)] Unweighted L_s : L_Mnfld: 0.00092,  L_NonMnfld: 0.01723,  L_Nrml: 0.00000,  L_Eknl: 0.04761, L_Morse: 2.33510

Weights: [7000.0, 600.0, 0, 50.0, 0.0, 0.1], lr=5.000e-05
Epoch: 0 [6900/10000 (69%)] Loss: 19.84692 = L_Mnfld: 6.12184 + L_NonMnfld: 11.29302 + L_Nrml: 0.00000 + L_Eknl: 2.20023 + L_Div: 0.00000 + L_Morse: 0.23184
Epoch: 0 [6900/10000 (69%)] Unweighted L_s : L_Mnfld: 0.00087,  L_NonMnfld: 0.01882,  L_Nrml: 0.00000,  L_Eknl: 0.04400, L_Morse: 2.31835

Weights: [7000.0, 600.0, 0, 50.0, 0.0, 0.1], lr=5.000e-05
Epoch: 0 [6910/10000 (69%)] Loss: 20.57454 = L_Mnfld: 6.23609 + L_NonMnfld: 11.80207 + L_Nrml: 0.00000 + L_Eknl: 2.30298 + L_Div: 0.00000 + L_Morse: 0.23340
Epoch: 0 [6910/10000 (69%)] Unweighted L_s : L_Mnfld: 0.00089,  L_NonMnfld: 0.01967,  L_Nrml: 0.00000,  L_Eknl: 0.04606, L_Morse: 2.33400

Weights: [7000.0, 600.0, 0, 50.0, 0.0, 0.1], lr=5.000e-05
Epoch: 0 [6920/10000 (69%)] Loss: 20.15096 = L_Mnfld: 6.83327 + L_NonMnfld: 10.55042 + L_Nrml: 0.00000 + L_Eknl: 2.53040 + L_Div: 0.00000 + L_Morse: 0.23687
Epoch: 0 [6920/10000 (69%)] Unweighted L_s : L_Mnfld: 0.00098,  L_NonMnfld: 0.01758,  L_Nrml: 0.00000,  L_Eknl: 0.05061, L_Morse: 2.36870

Weights: [7000.0, 600.0, 0, 50.0, 0.0, 0.1], lr=5.000e-05
Epoch: 0 [6930/10000 (69%)] Loss: 20.41764 = L_Mnfld: 6.16507 + L_NonMnfld: 11.68668 + L_Nrml: 0.00000 + L_Eknl: 2.33385 + L_Div: 0.00000 + L_Morse: 0.23204
Epoch: 0 [6930/10000 (69%)] Unweighted L_s : L_Mnfld: 0.00088,  L_NonMnfld: 0.01948,  L_Nrml: 0.00000,  L_Eknl: 0.04668, L_Morse: 2.32038

Weights: [7000.0, 600.0, 0, 50.0, 0.0, 0.1], lr=5.000e-05
Epoch: 0 [6940/10000 (69%)] Loss: 19.88129 = L_Mnfld: 6.15221 + L_NonMnfld: 11.16215 + L_Nrml: 0.00000 + L_Eknl: 2.33416 + L_Div: 0.00000 + L_Morse: 0.23277
Epoch: 0 [6940/10000 (69%)] Unweighted L_s : L_Mnfld: 0.00088,  L_NonMnfld: 0.01860,  L_Nrml: 0.00000,  L_Eknl: 0.04668, L_Morse: 2.32766

Weights: [7000.0, 600.0, 0, 50.0, 0.0, 0.1], lr=5.000e-05
Epoch: 0 [6950/10000 (70%)] Loss: 20.22478 = L_Mnfld: 6.11125 + L_NonMnfld: 11.73196 + L_Nrml: 0.00000 + L_Eknl: 2.15319 + L_Div: 0.00000 + L_Morse: 0.22838
Epoch: 0 [6950/10000 (70%)] Unweighted L_s : L_Mnfld: 0.00087,  L_NonMnfld: 0.01955,  L_Nrml: 0.00000,  L_Eknl: 0.04306, L_Morse: 2.28384

Weights: [7000.0, 600.0, 0, 50.0, 0.0, 0.1], lr=5.000e-05
Epoch: 0 [6960/10000 (70%)] Loss: 20.59793 = L_Mnfld: 6.19700 + L_NonMnfld: 11.82267 + L_Nrml: 0.00000 + L_Eknl: 2.34690 + L_Div: 0.00000 + L_Morse: 0.23136
Epoch: 0 [6960/10000 (70%)] Unweighted L_s : L_Mnfld: 0.00089,  L_NonMnfld: 0.01970,  L_Nrml: 0.00000,  L_Eknl: 0.04694, L_Morse: 2.31356

Weights: [7000.0, 600.0, 0, 50.0, 0.0, 0.1], lr=5.000e-05
Epoch: 0 [6970/10000 (70%)] Loss: 19.76153 = L_Mnfld: 6.23899 + L_NonMnfld: 11.11571 + L_Nrml: 0.00000 + L_Eknl: 2.17501 + L_Div: 0.00000 + L_Morse: 0.23182
Epoch: 0 [6970/10000 (70%)] Unweighted L_s : L_Mnfld: 0.00089,  L_NonMnfld: 0.01853,  L_Nrml: 0.00000,  L_Eknl: 0.04350, L_Morse: 2.31818

Weights: [7000.0, 600.0, 0, 50.0, 0.0, 0.1], lr=5.000e-05
Epoch: 0 [6980/10000 (70%)] Loss: 19.35482 = L_Mnfld: 6.10735 + L_NonMnfld: 10.76763 + L_Nrml: 0.00000 + L_Eknl: 2.24659 + L_Div: 0.00000 + L_Morse: 0.23326
Epoch: 0 [6980/10000 (70%)] Unweighted L_s : L_Mnfld: 0.00087,  L_NonMnfld: 0.01795,  L_Nrml: 0.00000,  L_Eknl: 0.04493, L_Morse: 2.33263

Weights: [7000.0, 600.0, 0, 50.0, 0.0, 0.1], lr=5.000e-05
Epoch: 0 [6990/10000 (70%)] Loss: 20.69438 = L_Mnfld: 6.39914 + L_NonMnfld: 11.77673 + L_Nrml: 0.00000 + L_Eknl: 2.28847 + L_Div: 0.00000 + L_Morse: 0.23003
Epoch: 0 [6990/10000 (70%)] Unweighted L_s : L_Mnfld: 0.00091,  L_NonMnfld: 0.01963,  L_Nrml: 0.00000,  L_Eknl: 0.04577, L_Morse: 2.30031

Weights: [7000.0, 600.0, 0, 50.0, 0.0, 0.1], lr=5.000e-05
Epoch: 0 [7000/10000 (70%)] Loss: 19.94248 = L_Mnfld: 6.60218 + L_NonMnfld: 10.28821 + L_Nrml: 0.00000 + L_Eknl: 2.81928 + L_Div: 0.00000 + L_Morse: 0.23281
Epoch: 0 [7000/10000 (70%)] Unweighted L_s : L_Mnfld: 0.00094,  L_NonMnfld: 0.01715,  L_Nrml: 0.00000,  L_Eknl: 0.05639, L_Morse: 2.32809

Weights: [7000.0, 600.0, 0, 50.0, 0.0, 0.1], lr=5.000e-05
Epoch: 0 [7010/10000 (70%)] Loss: 20.15760 = L_Mnfld: 6.26648 + L_NonMnfld: 11.28900 + L_Nrml: 0.00000 + L_Eknl: 2.36294 + L_Div: 0.00000 + L_Morse: 0.23918
Epoch: 0 [7010/10000 (70%)] Unweighted L_s : L_Mnfld: 0.00090,  L_NonMnfld: 0.01881,  L_Nrml: 0.00000,  L_Eknl: 0.04726, L_Morse: 2.39180

Weights: [7000.0, 600.0, 0, 50.0, 0.0, 0.1], lr=5.000e-05
Epoch: 0 [7020/10000 (70%)] Loss: 21.54159 = L_Mnfld: 6.79782 + L_NonMnfld: 12.13311 + L_Nrml: 0.00000 + L_Eknl: 2.38224 + L_Div: 0.00000 + L_Morse: 0.22841
Epoch: 0 [7020/10000 (70%)] Unweighted L_s : L_Mnfld: 0.00097,  L_NonMnfld: 0.02022,  L_Nrml: 0.00000,  L_Eknl: 0.04764, L_Morse: 2.28414

Weights: [7000.0, 600.0, 0, 50.0, 0.0, 0.1], lr=5.000e-05
Epoch: 0 [7030/10000 (70%)] Loss: 22.19885 = L_Mnfld: 7.48235 + L_NonMnfld: 11.95542 + L_Nrml: 0.00000 + L_Eknl: 2.52926 + L_Div: 0.00000 + L_Morse: 0.23182
Epoch: 0 [7030/10000 (70%)] Unweighted L_s : L_Mnfld: 0.00107,  L_NonMnfld: 0.01993,  L_Nrml: 0.00000,  L_Eknl: 0.05059, L_Morse: 2.31824

Weights: [7000.0, 600.0, 0, 50.0, 0.0, 0.1], lr=5.000e-05
Epoch: 0 [7040/10000 (70%)] Loss: 21.22186 = L_Mnfld: 7.19208 + L_NonMnfld: 11.21771 + L_Nrml: 0.00000 + L_Eknl: 2.57998 + L_Div: 0.00000 + L_Morse: 0.23209
Epoch: 0 [7040/10000 (70%)] Unweighted L_s : L_Mnfld: 0.00103,  L_NonMnfld: 0.01870,  L_Nrml: 0.00000,  L_Eknl: 0.05160, L_Morse: 2.32094

Weights: [7000.0, 600.0, 0, 50.0, 0.0, 0.1], lr=5.000e-05
Epoch: 0 [7050/10000 (70%)] Loss: 20.15435 = L_Mnfld: 6.49767 + L_NonMnfld: 11.10227 + L_Nrml: 0.00000 + L_Eknl: 2.32322 + L_Div: 0.00000 + L_Morse: 0.23119
Epoch: 0 [7050/10000 (70%)] Unweighted L_s : L_Mnfld: 0.00093,  L_NonMnfld: 0.01850,  L_Nrml: 0.00000,  L_Eknl: 0.04646, L_Morse: 2.31193

Weights: [7000.0, 600.0, 0, 50.0, 0.0, 0.1], lr=5.000e-05
Epoch: 0 [7060/10000 (71%)] Loss: 20.12678 = L_Mnfld: 6.54260 + L_NonMnfld: 10.87887 + L_Nrml: 0.00000 + L_Eknl: 2.46998 + L_Div: 0.00000 + L_Morse: 0.23533
Epoch: 0 [7060/10000 (71%)] Unweighted L_s : L_Mnfld: 0.00093,  L_NonMnfld: 0.01813,  L_Nrml: 0.00000,  L_Eknl: 0.04940, L_Morse: 2.35332

Weights: [7000.0, 600.0, 0, 50.0, 0.0, 0.1], lr=5.000e-05
Epoch: 0 [7070/10000 (71%)] Loss: 20.08973 = L_Mnfld: 6.26431 + L_NonMnfld: 11.16641 + L_Nrml: 0.00000 + L_Eknl: 2.42662 + L_Div: 0.00000 + L_Morse: 0.23239
Epoch: 0 [7070/10000 (71%)] Unweighted L_s : L_Mnfld: 0.00089,  L_NonMnfld: 0.01861,  L_Nrml: 0.00000,  L_Eknl: 0.04853, L_Morse: 2.32391

Weights: [7000.0, 600.0, 0, 50.0, 0.0, 0.1], lr=5.000e-05
Epoch: 0 [7080/10000 (71%)] Loss: 19.65097 = L_Mnfld: 6.56398 + L_NonMnfld: 10.63425 + L_Nrml: 0.00000 + L_Eknl: 2.22110 + L_Div: 0.00000 + L_Morse: 0.23164
Epoch: 0 [7080/10000 (71%)] Unweighted L_s : L_Mnfld: 0.00094,  L_NonMnfld: 0.01772,  L_Nrml: 0.00000,  L_Eknl: 0.04442, L_Morse: 2.31635

Weights: [7000.0, 600.0, 0, 50.0, 0.0, 0.1], lr=5.000e-05
Epoch: 0 [7090/10000 (71%)] Loss: 19.08600 = L_Mnfld: 5.82624 + L_NonMnfld: 10.82898 + L_Nrml: 0.00000 + L_Eknl: 2.20051 + L_Div: 0.00000 + L_Morse: 0.23027
Epoch: 0 [7090/10000 (71%)] Unweighted L_s : L_Mnfld: 0.00083,  L_NonMnfld: 0.01805,  L_Nrml: 0.00000,  L_Eknl: 0.04401, L_Morse: 2.30267

Weights: [7000.0, 600.0, 0, 50.0, 0.0, 0.1], lr=5.000e-05
Epoch: 0 [7100/10000 (71%)] Loss: 19.36013 = L_Mnfld: 6.35025 + L_NonMnfld: 10.44834 + L_Nrml: 0.00000 + L_Eknl: 2.32924 + L_Div: 0.00000 + L_Morse: 0.23231
Epoch: 0 [7100/10000 (71%)] Unweighted L_s : L_Mnfld: 0.00091,  L_NonMnfld: 0.01741,  L_Nrml: 0.00000,  L_Eknl: 0.04658, L_Morse: 2.32308

Weights: [7000.0, 600.0, 0, 50.0, 0.0, 0.1], lr=5.000e-05
Epoch: 0 [7110/10000 (71%)] Loss: 19.86091 = L_Mnfld: 6.43004 + L_NonMnfld: 10.63430 + L_Nrml: 0.00000 + L_Eknl: 2.56528 + L_Div: 0.00000 + L_Morse: 0.23129
Epoch: 0 [7110/10000 (71%)] Unweighted L_s : L_Mnfld: 0.00092,  L_NonMnfld: 0.01772,  L_Nrml: 0.00000,  L_Eknl: 0.05131, L_Morse: 2.31292

Weights: [7000.0, 600.0, 0, 50.0, 0.0, 0.1], lr=5.000e-05
Epoch: 0 [7120/10000 (71%)] Loss: 21.34650 = L_Mnfld: 6.86558 + L_NonMnfld: 11.84967 + L_Nrml: 0.00000 + L_Eknl: 2.39605 + L_Div: 0.00000 + L_Morse: 0.23520
Epoch: 0 [7120/10000 (71%)] Unweighted L_s : L_Mnfld: 0.00098,  L_NonMnfld: 0.01975,  L_Nrml: 0.00000,  L_Eknl: 0.04792, L_Morse: 2.35200

Weights: [7000.0, 600.0, 0, 50.0, 0.0, 0.1], lr=5.000e-05
Epoch: 0 [7130/10000 (71%)] Loss: 20.76209 = L_Mnfld: 6.82791 + L_NonMnfld: 10.89795 + L_Nrml: 0.00000 + L_Eknl: 2.80399 + L_Div: 0.00000 + L_Morse: 0.23223
Epoch: 0 [7130/10000 (71%)] Unweighted L_s : L_Mnfld: 0.00098,  L_NonMnfld: 0.01816,  L_Nrml: 0.00000,  L_Eknl: 0.05608, L_Morse: 2.32233

Weights: [7000.0, 600.0, 0, 50.0, 0.0, 0.1], lr=5.000e-05
Epoch: 0 [7140/10000 (71%)] Loss: 21.51536 = L_Mnfld: 6.91099 + L_NonMnfld: 11.98496 + L_Nrml: 0.00000 + L_Eknl: 2.38397 + L_Div: 0.00000 + L_Morse: 0.23544
Epoch: 0 [7140/10000 (71%)] Unweighted L_s : L_Mnfld: 0.00099,  L_NonMnfld: 0.01997,  L_Nrml: 0.00000,  L_Eknl: 0.04768, L_Morse: 2.35438

Weights: [7000.0, 600.0, 0, 50.0, 0.0, 0.1], lr=5.000e-05
Epoch: 0 [7150/10000 (72%)] Loss: 20.70449 = L_Mnfld: 6.80810 + L_NonMnfld: 11.16119 + L_Nrml: 0.00000 + L_Eknl: 2.50828 + L_Div: 0.00000 + L_Morse: 0.22692
Epoch: 0 [7150/10000 (72%)] Unweighted L_s : L_Mnfld: 0.00097,  L_NonMnfld: 0.01860,  L_Nrml: 0.00000,  L_Eknl: 0.05017, L_Morse: 2.26915

Weights: [7000.0, 600.0, 0, 50.0, 0.0, 0.1], lr=5.000e-05
Epoch: 0 [7160/10000 (72%)] Loss: 20.76396 = L_Mnfld: 6.71849 + L_NonMnfld: 11.25388 + L_Nrml: 0.00000 + L_Eknl: 2.55191 + L_Div: 0.00000 + L_Morse: 0.23968
Epoch: 0 [7160/10000 (72%)] Unweighted L_s : L_Mnfld: 0.00096,  L_NonMnfld: 0.01876,  L_Nrml: 0.00000,  L_Eknl: 0.05104, L_Morse: 2.39679

Weights: [7000.0, 600.0, 0, 50.0, 0.0, 0.1], lr=5.000e-05
Epoch: 0 [7170/10000 (72%)] Loss: 20.44300 = L_Mnfld: 6.48461 + L_NonMnfld: 11.25677 + L_Nrml: 0.00000 + L_Eknl: 2.47019 + L_Div: 0.00000 + L_Morse: 0.23143
Epoch: 0 [7170/10000 (72%)] Unweighted L_s : L_Mnfld: 0.00093,  L_NonMnfld: 0.01876,  L_Nrml: 0.00000,  L_Eknl: 0.04940, L_Morse: 2.31431

Weights: [7000.0, 600.0, 0, 50.0, 0.0, 0.1], lr=5.000e-05
Epoch: 0 [7180/10000 (72%)] Loss: 20.77199 = L_Mnfld: 6.21443 + L_NonMnfld: 12.04760 + L_Nrml: 0.00000 + L_Eknl: 2.27566 + L_Div: 0.00000 + L_Morse: 0.23430
Epoch: 0 [7180/10000 (72%)] Unweighted L_s : L_Mnfld: 0.00089,  L_NonMnfld: 0.02008,  L_Nrml: 0.00000,  L_Eknl: 0.04551, L_Morse: 2.34303

Weights: [7000.0, 600.0, 0, 50.0, 0.0, 0.1], lr=5.000e-05
Epoch: 0 [7190/10000 (72%)] Loss: 19.38462 = L_Mnfld: 6.28190 + L_NonMnfld: 10.59698 + L_Nrml: 0.00000 + L_Eknl: 2.27333 + L_Div: 0.00000 + L_Morse: 0.23241
Epoch: 0 [7190/10000 (72%)] Unweighted L_s : L_Mnfld: 0.00090,  L_NonMnfld: 0.01766,  L_Nrml: 0.00000,  L_Eknl: 0.04547, L_Morse: 2.32415

Weights: [7000.0, 600.0, 0, 50.0, 0.0, 0.1], lr=5.000e-05
Epoch: 0 [7200/10000 (72%)] Loss: 19.90476 = L_Mnfld: 6.28157 + L_NonMnfld: 10.94168 + L_Nrml: 0.00000 + L_Eknl: 2.44628 + L_Div: 0.00000 + L_Morse: 0.23523
Epoch: 0 [7200/10000 (72%)] Unweighted L_s : L_Mnfld: 0.00090,  L_NonMnfld: 0.01824,  L_Nrml: 0.00000,  L_Eknl: 0.04893, L_Morse: 2.35230

Weights: [7000.0, 600.0, 0, 50.0, 0.0, 0.1], lr=5.000e-05
Epoch: 0 [7210/10000 (72%)] Loss: 19.45404 = L_Mnfld: 5.89596 + L_NonMnfld: 11.01303 + L_Nrml: 0.00000 + L_Eknl: 2.31432 + L_Div: 0.00000 + L_Morse: 0.23073
Epoch: 0 [7210/10000 (72%)] Unweighted L_s : L_Mnfld: 0.00084,  L_NonMnfld: 0.01836,  L_Nrml: 0.00000,  L_Eknl: 0.04629, L_Morse: 2.30728

Weights: [7000.0, 600.0, 0, 50.0, 0.0, 0.1], lr=5.000e-05
Epoch: 0 [7220/10000 (72%)] Loss: 20.10658 = L_Mnfld: 6.76592 + L_NonMnfld: 10.75019 + L_Nrml: 0.00000 + L_Eknl: 2.35042 + L_Div: 0.00000 + L_Morse: 0.24005
Epoch: 0 [7220/10000 (72%)] Unweighted L_s : L_Mnfld: 0.00097,  L_NonMnfld: 0.01792,  L_Nrml: 0.00000,  L_Eknl: 0.04701, L_Morse: 2.40053

Weights: [7000.0, 600.0, 0, 50.0, 0.0, 0.1], lr=5.000e-05
Epoch: 0 [7230/10000 (72%)] Loss: 21.00473 = L_Mnfld: 6.56816 + L_NonMnfld: 11.61842 + L_Nrml: 0.00000 + L_Eknl: 2.58205 + L_Div: 0.00000 + L_Morse: 0.23610
Epoch: 0 [7230/10000 (72%)] Unweighted L_s : L_Mnfld: 0.00094,  L_NonMnfld: 0.01936,  L_Nrml: 0.00000,  L_Eknl: 0.05164, L_Morse: 2.36103

Weights: [7000.0, 600.0, 0, 50.0, 0.0, 0.1], lr=5.000e-05
Epoch: 0 [7240/10000 (72%)] Loss: 21.09827 = L_Mnfld: 6.70268 + L_NonMnfld: 11.91883 + L_Nrml: 0.00000 + L_Eknl: 2.24564 + L_Div: 0.00000 + L_Morse: 0.23112
Epoch: 0 [7240/10000 (72%)] Unweighted L_s : L_Mnfld: 0.00096,  L_NonMnfld: 0.01986,  L_Nrml: 0.00000,  L_Eknl: 0.04491, L_Morse: 2.31121

Weights: [7000.0, 600.0, 0, 50.0, 0.0, 0.1], lr=5.000e-05
Epoch: 0 [7250/10000 (72%)] Loss: 21.33902 = L_Mnfld: 6.33321 + L_NonMnfld: 12.32223 + L_Nrml: 0.00000 + L_Eknl: 2.45141 + L_Div: 0.00000 + L_Morse: 0.23217
Epoch: 0 [7250/10000 (72%)] Unweighted L_s : L_Mnfld: 0.00090,  L_NonMnfld: 0.02054,  L_Nrml: 0.00000,  L_Eknl: 0.04903, L_Morse: 2.32170

Weights: [7000.0, 600.0, 0, 50.0, 0.0, 0.1], lr=5.000e-05
Epoch: 0 [7260/10000 (73%)] Loss: 20.05853 = L_Mnfld: 6.49793 + L_NonMnfld: 10.84958 + L_Nrml: 0.00000 + L_Eknl: 2.47686 + L_Div: 0.00000 + L_Morse: 0.23416
Epoch: 0 [7260/10000 (73%)] Unweighted L_s : L_Mnfld: 0.00093,  L_NonMnfld: 0.01808,  L_Nrml: 0.00000,  L_Eknl: 0.04954, L_Morse: 2.34155

Weights: [7000.0, 600.0, 0, 50.0, 0.0, 0.1], lr=5.000e-05
Epoch: 0 [7270/10000 (73%)] Loss: 20.74069 = L_Mnfld: 6.45418 + L_NonMnfld: 11.59550 + L_Nrml: 0.00000 + L_Eknl: 2.45808 + L_Div: 0.00000 + L_Morse: 0.23292
Epoch: 0 [7270/10000 (73%)] Unweighted L_s : L_Mnfld: 0.00092,  L_NonMnfld: 0.01933,  L_Nrml: 0.00000,  L_Eknl: 0.04916, L_Morse: 2.32920

Weights: [7000.0, 600.0, 0, 50.0, 0.0, 0.1], lr=5.000e-05
Epoch: 0 [7280/10000 (73%)] Loss: 21.14023 = L_Mnfld: 7.37635 + L_NonMnfld: 10.70585 + L_Nrml: 0.00000 + L_Eknl: 2.82071 + L_Div: 0.00000 + L_Morse: 0.23732
Epoch: 0 [7280/10000 (73%)] Unweighted L_s : L_Mnfld: 0.00105,  L_NonMnfld: 0.01784,  L_Nrml: 0.00000,  L_Eknl: 0.05641, L_Morse: 2.37321

Weights: [7000.0, 600.0, 0, 50.0, 0.0, 0.1], lr=5.000e-05
Epoch: 0 [7290/10000 (73%)] Loss: 19.69006 = L_Mnfld: 6.08811 + L_NonMnfld: 11.15146 + L_Nrml: 0.00000 + L_Eknl: 2.21821 + L_Div: 0.00000 + L_Morse: 0.23228
Epoch: 0 [7290/10000 (73%)] Unweighted L_s : L_Mnfld: 0.00087,  L_NonMnfld: 0.01859,  L_Nrml: 0.00000,  L_Eknl: 0.04436, L_Morse: 2.32277

Weights: [7000.0, 600.0, 0, 50.0, 0.0, 0.1], lr=5.000e-05
Epoch: 0 [7300/10000 (73%)] Loss: 20.05707 = L_Mnfld: 6.44258 + L_NonMnfld: 11.10800 + L_Nrml: 0.00000 + L_Eknl: 2.27678 + L_Div: 0.00000 + L_Morse: 0.22972
Epoch: 0 [7300/10000 (73%)] Unweighted L_s : L_Mnfld: 0.00092,  L_NonMnfld: 0.01851,  L_Nrml: 0.00000,  L_Eknl: 0.04554, L_Morse: 2.29717

Weights: [7000.0, 600.0, 0, 50.0, 0.0, 0.1], lr=5.000e-05
Epoch: 0 [7310/10000 (73%)] Loss: 19.63862 = L_Mnfld: 6.01171 + L_NonMnfld: 11.14003 + L_Nrml: 0.00000 + L_Eknl: 2.25444 + L_Div: 0.00000 + L_Morse: 0.23244
Epoch: 0 [7310/10000 (73%)] Unweighted L_s : L_Mnfld: 0.00086,  L_NonMnfld: 0.01857,  L_Nrml: 0.00000,  L_Eknl: 0.04509, L_Morse: 2.32441

Weights: [7000.0, 600.0, 0, 50.0, 0.0, 0.1], lr=5.000e-05
Epoch: 0 [7320/10000 (73%)] Loss: 19.76334 = L_Mnfld: 6.26022 + L_NonMnfld: 10.92167 + L_Nrml: 0.00000 + L_Eknl: 2.34014 + L_Div: 0.00000 + L_Morse: 0.24130
Epoch: 0 [7320/10000 (73%)] Unweighted L_s : L_Mnfld: 0.00089,  L_NonMnfld: 0.01820,  L_Nrml: 0.00000,  L_Eknl: 0.04680, L_Morse: 2.41304

Weights: [7000.0, 600.0, 0, 50.0, 0.0, 0.1], lr=5.000e-05
Epoch: 0 [7330/10000 (73%)] Loss: 19.07311 = L_Mnfld: 5.76822 + L_NonMnfld: 10.87690 + L_Nrml: 0.00000 + L_Eknl: 2.19768 + L_Div: 0.00000 + L_Morse: 0.23032
Epoch: 0 [7330/10000 (73%)] Unweighted L_s : L_Mnfld: 0.00082,  L_NonMnfld: 0.01813,  L_Nrml: 0.00000,  L_Eknl: 0.04395, L_Morse: 2.30319

Weights: [7000.0, 600.0, 0, 50.0, 0.0, 0.1], lr=5.000e-05
Epoch: 0 [7340/10000 (73%)] Loss: 19.27154 = L_Mnfld: 5.90657 + L_NonMnfld: 10.95641 + L_Nrml: 0.00000 + L_Eknl: 2.17200 + L_Div: 0.00000 + L_Morse: 0.23656
Epoch: 0 [7340/10000 (73%)] Unweighted L_s : L_Mnfld: 0.00084,  L_NonMnfld: 0.01826,  L_Nrml: 0.00000,  L_Eknl: 0.04344, L_Morse: 2.36563

Weights: [7000.0, 600.0, 0, 50.0, 0.0, 0.1], lr=5.000e-05
Epoch: 0 [7350/10000 (74%)] Loss: 20.54005 = L_Mnfld: 6.33336 + L_NonMnfld: 11.71254 + L_Nrml: 0.00000 + L_Eknl: 2.25894 + L_Div: 0.00000 + L_Morse: 0.23521
Epoch: 0 [7350/10000 (74%)] Unweighted L_s : L_Mnfld: 0.00090,  L_NonMnfld: 0.01952,  L_Nrml: 0.00000,  L_Eknl: 0.04518, L_Morse: 2.35209

Weights: [7000.0, 600.0, 0, 50.0, 0.0, 0.1], lr=5.000e-05
Epoch: 0 [7360/10000 (74%)] Loss: 20.95414 = L_Mnfld: 6.87101 + L_NonMnfld: 11.10536 + L_Nrml: 0.00000 + L_Eknl: 2.73758 + L_Div: 0.00000 + L_Morse: 0.24018
Epoch: 0 [7360/10000 (74%)] Unweighted L_s : L_Mnfld: 0.00098,  L_NonMnfld: 0.01851,  L_Nrml: 0.00000,  L_Eknl: 0.05475, L_Morse: 2.40180

Weights: [7000.0, 600.0, 0, 50.0, 0.0, 0.1], lr=5.000e-05
Epoch: 0 [7370/10000 (74%)] Loss: 20.71530 = L_Mnfld: 6.65895 + L_NonMnfld: 11.03043 + L_Nrml: 0.00000 + L_Eknl: 2.79205 + L_Div: 0.00000 + L_Morse: 0.23386
Epoch: 0 [7370/10000 (74%)] Unweighted L_s : L_Mnfld: 0.00095,  L_NonMnfld: 0.01838,  L_Nrml: 0.00000,  L_Eknl: 0.05584, L_Morse: 2.33864

Weights: [7000.0, 600.0, 0, 50.0, 0.0, 0.1], lr=5.000e-05
Epoch: 0 [7380/10000 (74%)] Loss: 20.80250 = L_Mnfld: 6.79903 + L_NonMnfld: 11.23857 + L_Nrml: 0.00000 + L_Eknl: 2.52460 + L_Div: 0.00000 + L_Morse: 0.24030
Epoch: 0 [7380/10000 (74%)] Unweighted L_s : L_Mnfld: 0.00097,  L_NonMnfld: 0.01873,  L_Nrml: 0.00000,  L_Eknl: 0.05049, L_Morse: 2.40299

Weights: [7000.0, 600.0, 0, 50.0, 0.0, 0.1], lr=5.000e-05
Epoch: 0 [7390/10000 (74%)] Loss: 19.65398 = L_Mnfld: 6.36401 + L_NonMnfld: 10.79241 + L_Nrml: 0.00000 + L_Eknl: 2.26074 + L_Div: 0.00000 + L_Morse: 0.23681
Epoch: 0 [7390/10000 (74%)] Unweighted L_s : L_Mnfld: 0.00091,  L_NonMnfld: 0.01799,  L_Nrml: 0.00000,  L_Eknl: 0.04521, L_Morse: 2.36812

Weights: [7000.0, 600.0, 0, 50.0, 0.0, 0.1], lr=5.000e-05
Epoch: 0 [7400/10000 (74%)] Loss: 19.35967 = L_Mnfld: 6.52690 + L_NonMnfld: 10.29399 + L_Nrml: 0.00000 + L_Eknl: 2.29907 + L_Div: 0.00000 + L_Morse: 0.23972
Epoch: 0 [7400/10000 (74%)] Unweighted L_s : L_Mnfld: 0.00093,  L_NonMnfld: 0.01716,  L_Nrml: 0.00000,  L_Eknl: 0.04598, L_Morse: 2.39717

Weights: [7000.0, 600.0, 0, 50.0, 0.0, 0.1], lr=5.000e-05
Epoch: 0 [7410/10000 (74%)] Loss: 19.79956 = L_Mnfld: 6.14841 + L_NonMnfld: 11.03226 + L_Nrml: 0.00000 + L_Eknl: 2.38267 + L_Div: 0.00000 + L_Morse: 0.23622
Epoch: 0 [7410/10000 (74%)] Unweighted L_s : L_Mnfld: 0.00088,  L_NonMnfld: 0.01839,  L_Nrml: 0.00000,  L_Eknl: 0.04765, L_Morse: 2.36219

Weights: [7000.0, 600.0, 0, 50.0, 0.0, 0.1], lr=5.000e-05
Epoch: 0 [7420/10000 (74%)] Loss: 20.37874 = L_Mnfld: 6.46723 + L_NonMnfld: 10.94472 + L_Nrml: 0.00000 + L_Eknl: 2.73680 + L_Div: 0.00000 + L_Morse: 0.22999
Epoch: 0 [7420/10000 (74%)] Unweighted L_s : L_Mnfld: 0.00092,  L_NonMnfld: 0.01824,  L_Nrml: 0.00000,  L_Eknl: 0.05474, L_Morse: 2.29987

Weights: [7000.0, 600.0, 0, 50.0, 0.0, 0.1], lr=5.000e-05
Epoch: 0 [7430/10000 (74%)] Loss: 20.94981 = L_Mnfld: 6.58907 + L_NonMnfld: 11.68121 + L_Nrml: 0.00000 + L_Eknl: 2.44887 + L_Div: 0.00000 + L_Morse: 0.23066
Epoch: 0 [7430/10000 (74%)] Unweighted L_s : L_Mnfld: 0.00094,  L_NonMnfld: 0.01947,  L_Nrml: 0.00000,  L_Eknl: 0.04898, L_Morse: 2.30655

Weights: [7000.0, 600.0, 0, 50.0, 0.0, 0.1], lr=5.000e-05
Epoch: 0 [7440/10000 (74%)] Loss: 22.05623 = L_Mnfld: 7.70037 + L_NonMnfld: 11.49526 + L_Nrml: 0.00000 + L_Eknl: 2.62626 + L_Div: 0.00000 + L_Morse: 0.23434
Epoch: 0 [7440/10000 (74%)] Unweighted L_s : L_Mnfld: 0.00110,  L_NonMnfld: 0.01916,  L_Nrml: 0.00000,  L_Eknl: 0.05253, L_Morse: 2.34339

Weights: [7000.0, 600.0, 0, 50.0, 0.0, 0.1], lr=5.000e-05
Epoch: 0 [7450/10000 (74%)] Loss: 21.63851 = L_Mnfld: 6.91321 + L_NonMnfld: 11.79400 + L_Nrml: 0.00000 + L_Eknl: 2.69267 + L_Div: 0.00000 + L_Morse: 0.23864
Epoch: 0 [7450/10000 (74%)] Unweighted L_s : L_Mnfld: 0.00099,  L_NonMnfld: 0.01966,  L_Nrml: 0.00000,  L_Eknl: 0.05385, L_Morse: 2.38637

Weights: [7000.0, 600.0, 0, 50.0, 0.0, 0.1], lr=5.000e-05
Epoch: 0 [7460/10000 (75%)] Loss: 20.48182 = L_Mnfld: 6.61023 + L_NonMnfld: 11.35473 + L_Nrml: 0.00000 + L_Eknl: 2.28359 + L_Div: 0.00000 + L_Morse: 0.23326
Epoch: 0 [7460/10000 (75%)] Unweighted L_s : L_Mnfld: 0.00094,  L_NonMnfld: 0.01892,  L_Nrml: 0.00000,  L_Eknl: 0.04567, L_Morse: 2.33265

Weights: [7000.0, 600.0, 0, 50.0, 0.0, 0.1], lr=5.000e-05
Epoch: 0 [7470/10000 (75%)] Loss: 20.70769 = L_Mnfld: 7.04296 + L_NonMnfld: 10.84761 + L_Nrml: 0.00000 + L_Eknl: 2.57529 + L_Div: 0.00000 + L_Morse: 0.24183
Epoch: 0 [7470/10000 (75%)] Unweighted L_s : L_Mnfld: 0.00101,  L_NonMnfld: 0.01808,  L_Nrml: 0.00000,  L_Eknl: 0.05151, L_Morse: 2.41829

Weights: [7000.0, 600.0, 0, 50.0, 0.0, 0.1], lr=5.000e-05
Epoch: 0 [7480/10000 (75%)] Loss: 20.23460 = L_Mnfld: 7.04263 + L_NonMnfld: 10.36788 + L_Nrml: 0.00000 + L_Eknl: 2.58443 + L_Div: 0.00000 + L_Morse: 0.23966
Epoch: 0 [7480/10000 (75%)] Unweighted L_s : L_Mnfld: 0.00101,  L_NonMnfld: 0.01728,  L_Nrml: 0.00000,  L_Eknl: 0.05169, L_Morse: 2.39664

Weights: [7000.0, 600.0, 0, 50.0, 0.0, 0.1], lr=5.000e-05
Epoch: 0 [7490/10000 (75%)] Loss: 22.12574 = L_Mnfld: 7.16621 + L_NonMnfld: 11.99286 + L_Nrml: 0.00000 + L_Eknl: 2.73140 + L_Div: 0.00000 + L_Morse: 0.23526
Epoch: 0 [7490/10000 (75%)] Unweighted L_s : L_Mnfld: 0.00102,  L_NonMnfld: 0.01999,  L_Nrml: 0.00000,  L_Eknl: 0.05463, L_Morse: 2.35264

Weights: [7000.0, 600.0, 0, 50.0, 0.0, 0.1], lr=5.000e-05
Epoch: 0 [7500/10000 (75%)] Loss: 21.33925 = L_Mnfld: 7.29901 + L_NonMnfld: 11.42127 + L_Nrml: 0.00000 + L_Eknl: 2.38575 + L_Div: 0.00000 + L_Morse: 0.23322
Epoch: 0 [7500/10000 (75%)] Unweighted L_s : L_Mnfld: 0.00104,  L_NonMnfld: 0.01904,  L_Nrml: 0.00000,  L_Eknl: 0.04772, L_Morse: 2.33224

Weights: [7000.0, 600.0, 0, 50.0, 0.0, 0.1], lr=5.000e-05
Epoch: 0 [7510/10000 (75%)] Loss: 21.45715 = L_Mnfld: 6.98829 + L_NonMnfld: 11.49338 + L_Nrml: 0.00000 + L_Eknl: 2.73760 + L_Div: 0.00000 + L_Morse: 0.23788
Epoch: 0 [7510/10000 (75%)] Unweighted L_s : L_Mnfld: 0.00100,  L_NonMnfld: 0.01916,  L_Nrml: 0.00000,  L_Eknl: 0.05475, L_Morse: 2.37879

Weights: [7000.0, 600.0, 0, 50.0, 0.0, 0.1], lr=5.000e-05
Epoch: 0 [7520/10000 (75%)] Loss: 20.71475 = L_Mnfld: 6.93814 + L_NonMnfld: 11.20286 + L_Nrml: 0.00000 + L_Eknl: 2.33513 + L_Div: 0.00000 + L_Morse: 0.23861
Epoch: 0 [7520/10000 (75%)] Unweighted L_s : L_Mnfld: 0.00099,  L_NonMnfld: 0.01867,  L_Nrml: 0.00000,  L_Eknl: 0.04670, L_Morse: 2.38613

Weights: [7000.0, 600.0, 0, 50.0, 0.0, 0.1], lr=5.000e-05
Epoch: 0 [7530/10000 (75%)] Loss: 19.67611 = L_Mnfld: 6.76532 + L_NonMnfld: 10.18079 + L_Nrml: 0.00000 + L_Eknl: 2.49158 + L_Div: 0.00000 + L_Morse: 0.23842
Epoch: 0 [7530/10000 (75%)] Unweighted L_s : L_Mnfld: 0.00097,  L_NonMnfld: 0.01697,  L_Nrml: 0.00000,  L_Eknl: 0.04983, L_Morse: 2.38421

Weights: [7000.0, 600.0, 0, 50.0, 0.0, 0.1], lr=5.000e-05
Epoch: 0 [7540/10000 (75%)] Loss: 19.83607 = L_Mnfld: 6.47153 + L_NonMnfld: 10.72902 + L_Nrml: 0.00000 + L_Eknl: 2.38992 + L_Div: 0.00000 + L_Morse: 0.24560
Epoch: 0 [7540/10000 (75%)] Unweighted L_s : L_Mnfld: 0.00092,  L_NonMnfld: 0.01788,  L_Nrml: 0.00000,  L_Eknl: 0.04780, L_Morse: 2.45596

Weights: [7000.0, 600.0, 0, 50.0, 0.0, 0.1], lr=5.000e-05
Epoch: 0 [7550/10000 (76%)] Loss: 19.76762 = L_Mnfld: 6.60062 + L_NonMnfld: 10.44980 + L_Nrml: 0.00000 + L_Eknl: 2.48198 + L_Div: 0.00000 + L_Morse: 0.23522
Epoch: 0 [7550/10000 (76%)] Unweighted L_s : L_Mnfld: 0.00094,  L_NonMnfld: 0.01742,  L_Nrml: 0.00000,  L_Eknl: 0.04964, L_Morse: 2.35216

Weights: [7000.0, 600.0, 0, 50.0, 0.0, 0.1], lr=5.000e-05
Epoch: 0 [7560/10000 (76%)] Loss: 20.94785 = L_Mnfld: 6.28075 + L_NonMnfld: 12.18399 + L_Nrml: 0.00000 + L_Eknl: 2.24724 + L_Div: 0.00000 + L_Morse: 0.23586
Epoch: 0 [7560/10000 (76%)] Unweighted L_s : L_Mnfld: 0.00090,  L_NonMnfld: 0.02031,  L_Nrml: 0.00000,  L_Eknl: 0.04494, L_Morse: 2.35865

Weights: [7000.0, 600.0, 0, 50.0, 0.0, 0.1], lr=5.000e-05
Epoch: 0 [7570/10000 (76%)] Loss: 20.51310 = L_Mnfld: 6.55334 + L_NonMnfld: 11.44362 + L_Nrml: 0.00000 + L_Eknl: 2.28390 + L_Div: 0.00000 + L_Morse: 0.23224
Epoch: 0 [7570/10000 (76%)] Unweighted L_s : L_Mnfld: 0.00094,  L_NonMnfld: 0.01907,  L_Nrml: 0.00000,  L_Eknl: 0.04568, L_Morse: 2.32235

Weights: [7000.0, 600.0, 0, 50.0, 0.0, 0.1], lr=5.000e-05
Epoch: 0 [7580/10000 (76%)] Loss: 20.03347 = L_Mnfld: 6.56571 + L_NonMnfld: 10.74799 + L_Nrml: 0.00000 + L_Eknl: 2.48324 + L_Div: 0.00000 + L_Morse: 0.23653
Epoch: 0 [7580/10000 (76%)] Unweighted L_s : L_Mnfld: 0.00094,  L_NonMnfld: 0.01791,  L_Nrml: 0.00000,  L_Eknl: 0.04966, L_Morse: 2.36526

Weights: [7000.0, 600.0, 0, 50.0, 0.0, 0.1], lr=5.000e-05
Epoch: 0 [7590/10000 (76%)] Loss: 19.46313 = L_Mnfld: 5.74258 + L_NonMnfld: 11.20238 + L_Nrml: 0.00000 + L_Eknl: 2.28434 + L_Div: 0.00000 + L_Morse: 0.23381
Epoch: 0 [7590/10000 (76%)] Unweighted L_s : L_Mnfld: 0.00082,  L_NonMnfld: 0.01867,  L_Nrml: 0.00000,  L_Eknl: 0.04569, L_Morse: 2.33814

Weights: [7000.0, 600.0, 0, 50.0, 0.0, 0.1], lr=5.000e-05
Epoch: 0 [7600/10000 (76%)] Loss: 20.75093 = L_Mnfld: 6.59245 + L_NonMnfld: 11.55369 + L_Nrml: 0.00000 + L_Eknl: 2.36544 + L_Div: 0.00000 + L_Morse: 0.23935
Epoch: 0 [7600/10000 (76%)] Unweighted L_s : L_Mnfld: 0.00094,  L_NonMnfld: 0.01926,  L_Nrml: 0.00000,  L_Eknl: 0.04731, L_Morse: 2.39353

Weights: [7000.0, 600.0, 0, 50.0, 0.0, 0.1], lr=5.000e-05
Epoch: 0 [7610/10000 (76%)] Loss: 20.40755 = L_Mnfld: 6.31028 + L_NonMnfld: 11.37963 + L_Nrml: 0.00000 + L_Eknl: 2.48279 + L_Div: 0.00000 + L_Morse: 0.23485
Epoch: 0 [7610/10000 (76%)] Unweighted L_s : L_Mnfld: 0.00090,  L_NonMnfld: 0.01897,  L_Nrml: 0.00000,  L_Eknl: 0.04966, L_Morse: 2.34850

Weights: [7000.0, 600.0, 0, 50.0, 0.0, 0.1], lr=5.000e-05
Epoch: 0 [7620/10000 (76%)] Loss: 20.61650 = L_Mnfld: 6.84087 + L_NonMnfld: 11.17177 + L_Nrml: 0.00000 + L_Eknl: 2.36440 + L_Div: 0.00000 + L_Morse: 0.23945
Epoch: 0 [7620/10000 (76%)] Unweighted L_s : L_Mnfld: 0.00098,  L_NonMnfld: 0.01862,  L_Nrml: 0.00000,  L_Eknl: 0.04729, L_Morse: 2.39455

Weights: [7000.0, 600.0, 0, 50.0, 0.0, 0.1], lr=5.000e-05
Epoch: 0 [7630/10000 (76%)] Loss: 20.15870 = L_Mnfld: 6.70621 + L_NonMnfld: 10.66540 + L_Nrml: 0.00000 + L_Eknl: 2.54308 + L_Div: 0.00000 + L_Morse: 0.24401
Epoch: 0 [7630/10000 (76%)] Unweighted L_s : L_Mnfld: 0.00096,  L_NonMnfld: 0.01778,  L_Nrml: 0.00000,  L_Eknl: 0.05086, L_Morse: 2.44015

Weights: [7000.0, 600.0, 0, 50.0, 0.0, 0.1], lr=5.000e-05
Epoch: 0 [7640/10000 (76%)] Loss: 19.85571 = L_Mnfld: 6.68280 + L_NonMnfld: 10.66873 + L_Nrml: 0.00000 + L_Eknl: 2.27091 + L_Div: 0.00000 + L_Morse: 0.23327
Epoch: 0 [7640/10000 (76%)] Unweighted L_s : L_Mnfld: 0.00095,  L_NonMnfld: 0.01778,  L_Nrml: 0.00000,  L_Eknl: 0.04542, L_Morse: 2.33267

Weights: [7000.0, 600.0, 0, 50.0, 0.0, 0.1], lr=5.000e-05
Epoch: 0 [7650/10000 (76%)] Loss: 21.10437 = L_Mnfld: 6.79487 + L_NonMnfld: 11.62066 + L_Nrml: 0.00000 + L_Eknl: 2.44726 + L_Div: 0.00000 + L_Morse: 0.24159
Epoch: 0 [7650/10000 (76%)] Unweighted L_s : L_Mnfld: 0.00097,  L_NonMnfld: 0.01937,  L_Nrml: 0.00000,  L_Eknl: 0.04895, L_Morse: 2.41586

Weights: [7000.0, 600.0, 0, 50.0, 0.0, 0.1], lr=5.000e-05
Epoch: 0 [7660/10000 (77%)] Loss: 19.87310 = L_Mnfld: 6.40545 + L_NonMnfld: 10.82005 + L_Nrml: 0.00000 + L_Eknl: 2.41258 + L_Div: 0.00000 + L_Morse: 0.23503
Epoch: 0 [7660/10000 (77%)] Unweighted L_s : L_Mnfld: 0.00092,  L_NonMnfld: 0.01803,  L_Nrml: 0.00000,  L_Eknl: 0.04825, L_Morse: 2.35026

Weights: [7000.0, 600.0, 0, 50.0, 0.0, 0.1], lr=5.000e-05
Epoch: 0 [7670/10000 (77%)] Loss: 20.26917 = L_Mnfld: 6.31004 + L_NonMnfld: 11.33789 + L_Nrml: 0.00000 + L_Eknl: 2.37750 + L_Div: 0.00000 + L_Morse: 0.24375
Epoch: 0 [7670/10000 (77%)] Unweighted L_s : L_Mnfld: 0.00090,  L_NonMnfld: 0.01890,  L_Nrml: 0.00000,  L_Eknl: 0.04755, L_Morse: 2.43746

Weights: [7000.0, 600.0, 0, 50.0, 0.0, 0.1], lr=5.000e-05
Epoch: 0 [7680/10000 (77%)] Loss: 20.09615 = L_Mnfld: 6.07175 + L_NonMnfld: 11.44642 + L_Nrml: 0.00000 + L_Eknl: 2.33770 + L_Div: 0.00000 + L_Morse: 0.24027
Epoch: 0 [7680/10000 (77%)] Unweighted L_s : L_Mnfld: 0.00087,  L_NonMnfld: 0.01908,  L_Nrml: 0.00000,  L_Eknl: 0.04675, L_Morse: 2.40273

Weights: [7000.0, 600.0, 0, 50.0, 0.0, 0.1], lr=5.000e-05
Epoch: 0 [7690/10000 (77%)] Loss: 20.07030 = L_Mnfld: 6.43868 + L_NonMnfld: 11.23969 + L_Nrml: 0.00000 + L_Eknl: 2.15563 + L_Div: 0.00000 + L_Morse: 0.23629
Epoch: 0 [7690/10000 (77%)] Unweighted L_s : L_Mnfld: 0.00092,  L_NonMnfld: 0.01873,  L_Nrml: 0.00000,  L_Eknl: 0.04311, L_Morse: 2.36293

Weights: [7000.0, 600.0, 0, 50.0, 0.0, 0.1], lr=5.000e-05
Epoch: 0 [7700/10000 (77%)] Loss: 19.46899 = L_Mnfld: 6.41302 + L_NonMnfld: 10.31818 + L_Nrml: 0.00000 + L_Eknl: 2.49804 + L_Div: 0.00000 + L_Morse: 0.23976
Epoch: 0 [7700/10000 (77%)] Unweighted L_s : L_Mnfld: 0.00092,  L_NonMnfld: 0.01720,  L_Nrml: 0.00000,  L_Eknl: 0.04996, L_Morse: 2.39755

Weights: [7000.0, 600.0, 0, 50.0, 0.0, 0.1], lr=5.000e-05
Epoch: 0 [7710/10000 (77%)] Loss: 21.42087 = L_Mnfld: 6.42072 + L_NonMnfld: 12.42847 + L_Nrml: 0.00000 + L_Eknl: 2.32965 + L_Div: 0.00000 + L_Morse: 0.24203
Epoch: 0 [7710/10000 (77%)] Unweighted L_s : L_Mnfld: 0.00092,  L_NonMnfld: 0.02071,  L_Nrml: 0.00000,  L_Eknl: 0.04659, L_Morse: 2.42035

Weights: [7000.0, 600.0, 0, 50.0, 0.0, 0.1], lr=5.000e-05
Epoch: 0 [7720/10000 (77%)] Loss: 19.08038 = L_Mnfld: 6.34214 + L_NonMnfld: 10.23238 + L_Nrml: 0.00000 + L_Eknl: 2.27155 + L_Div: 0.00000 + L_Morse: 0.23430
Epoch: 0 [7720/10000 (77%)] Unweighted L_s : L_Mnfld: 0.00091,  L_NonMnfld: 0.01705,  L_Nrml: 0.00000,  L_Eknl: 0.04543, L_Morse: 2.34301

Weights: [7000.0, 600.0, 0, 50.0, 0.0, 0.1], lr=5.000e-05
Epoch: 0 [7730/10000 (77%)] Loss: 19.70753 = L_Mnfld: 6.23481 + L_NonMnfld: 10.76358 + L_Nrml: 0.00000 + L_Eknl: 2.47710 + L_Div: 0.00000 + L_Morse: 0.23205
Epoch: 0 [7730/10000 (77%)] Unweighted L_s : L_Mnfld: 0.00089,  L_NonMnfld: 0.01794,  L_Nrml: 0.00000,  L_Eknl: 0.04954, L_Morse: 2.32050

Weights: [7000.0, 600.0, 0, 50.0, 0.0, 0.1], lr=5.000e-05
Epoch: 0 [7740/10000 (77%)] Loss: 21.05384 = L_Mnfld: 6.94276 + L_NonMnfld: 11.28308 + L_Nrml: 0.00000 + L_Eknl: 2.58451 + L_Div: 0.00000 + L_Morse: 0.24349
Epoch: 0 [7740/10000 (77%)] Unweighted L_s : L_Mnfld: 0.00099,  L_NonMnfld: 0.01881,  L_Nrml: 0.00000,  L_Eknl: 0.05169, L_Morse: 2.43491

Weights: [7000.0, 600.0, 0, 50.0, 0.0, 0.1], lr=5.000e-05
Epoch: 0 [7750/10000 (78%)] Loss: 20.71340 = L_Mnfld: 6.26825 + L_NonMnfld: 11.65486 + L_Nrml: 0.00000 + L_Eknl: 2.54669 + L_Div: 0.00000 + L_Morse: 0.24360
Epoch: 0 [7750/10000 (78%)] Unweighted L_s : L_Mnfld: 0.00090,  L_NonMnfld: 0.01942,  L_Nrml: 0.00000,  L_Eknl: 0.05093, L_Morse: 2.43595

Weights: [7000.0, 600.0, 0, 50.0, 0.0, 0.1], lr=5.000e-05
Epoch: 0 [7760/10000 (78%)] Loss: 20.43015 = L_Mnfld: 6.64426 + L_NonMnfld: 11.15651 + L_Nrml: 0.00000 + L_Eknl: 2.39170 + L_Div: 0.00000 + L_Morse: 0.23767
Epoch: 0 [7760/10000 (78%)] Unweighted L_s : L_Mnfld: 0.00095,  L_NonMnfld: 0.01859,  L_Nrml: 0.00000,  L_Eknl: 0.04783, L_Morse: 2.37672

Weights: [7000.0, 600.0, 0, 50.0, 0.0, 0.1], lr=5.000e-05
Epoch: 0 [7770/10000 (78%)] Loss: 20.98527 = L_Mnfld: 7.25809 + L_NonMnfld: 10.80903 + L_Nrml: 0.00000 + L_Eknl: 2.67621 + L_Div: 0.00000 + L_Morse: 0.24194
Epoch: 0 [7770/10000 (78%)] Unweighted L_s : L_Mnfld: 0.00104,  L_NonMnfld: 0.01802,  L_Nrml: 0.00000,  L_Eknl: 0.05352, L_Morse: 2.41937

Weights: [7000.0, 600.0, 0, 50.0, 0.0, 0.1], lr=5.000e-05
Epoch: 0 [7780/10000 (78%)] Loss: 20.40189 = L_Mnfld: 7.16345 + L_NonMnfld: 10.51372 + L_Nrml: 0.00000 + L_Eknl: 2.48673 + L_Div: 0.00000 + L_Morse: 0.23799
Epoch: 0 [7780/10000 (78%)] Unweighted L_s : L_Mnfld: 0.00102,  L_NonMnfld: 0.01752,  L_Nrml: 0.00000,  L_Eknl: 0.04973, L_Morse: 2.37986

Weights: [7000.0, 600.0, 0, 50.0, 0.0, 0.1], lr=5.000e-05
Epoch: 0 [7790/10000 (78%)] Loss: 20.26905 = L_Mnfld: 6.96285 + L_NonMnfld: 10.33733 + L_Nrml: 0.00000 + L_Eknl: 2.72804 + L_Div: 0.00000 + L_Morse: 0.24083
Epoch: 0 [7790/10000 (78%)] Unweighted L_s : L_Mnfld: 0.00099,  L_NonMnfld: 0.01723,  L_Nrml: 0.00000,  L_Eknl: 0.05456, L_Morse: 2.40828

Weights: [7000.0, 600.0, 0, 50.0, 0.0, 0.1], lr=5.000e-05
Epoch: 0 [7800/10000 (78%)] Loss: 20.92909 = L_Mnfld: 7.04039 + L_NonMnfld: 11.17790 + L_Nrml: 0.00000 + L_Eknl: 2.47484 + L_Div: 0.00000 + L_Morse: 0.23596
Epoch: 0 [7800/10000 (78%)] Unweighted L_s : L_Mnfld: 0.00101,  L_NonMnfld: 0.01863,  L_Nrml: 0.00000,  L_Eknl: 0.04950, L_Morse: 2.35959

Weights: [7000.0, 600.0, 0, 50.0, 0.0, 0.1], lr=5.000e-05
Epoch: 0 [7810/10000 (78%)] Loss: 18.79819 = L_Mnfld: 5.99734 + L_NonMnfld: 10.11209 + L_Nrml: 0.00000 + L_Eknl: 2.44519 + L_Div: 0.00000 + L_Morse: 0.24357
Epoch: 0 [7810/10000 (78%)] Unweighted L_s : L_Mnfld: 0.00086,  L_NonMnfld: 0.01685,  L_Nrml: 0.00000,  L_Eknl: 0.04890, L_Morse: 2.43567

Weights: [7000.0, 600.0, 0, 50.0, 0.0, 0.1], lr=5.000e-05
Epoch: 0 [7820/10000 (78%)] Loss: 19.86464 = L_Mnfld: 6.20707 + L_NonMnfld: 10.87505 + L_Nrml: 0.00000 + L_Eknl: 2.54670 + L_Div: 0.00000 + L_Morse: 0.23581
Epoch: 0 [7820/10000 (78%)] Unweighted L_s : L_Mnfld: 0.00089,  L_NonMnfld: 0.01813,  L_Nrml: 0.00000,  L_Eknl: 0.05093, L_Morse: 2.35813

Weights: [7000.0, 600.0, 0, 50.0, 0.0, 0.1], lr=5.000e-05
Epoch: 0 [7830/10000 (78%)] Loss: 20.16092 = L_Mnfld: 6.40240 + L_NonMnfld: 11.12063 + L_Nrml: 0.00000 + L_Eknl: 2.40716 + L_Div: 0.00000 + L_Morse: 0.23072
Epoch: 0 [7830/10000 (78%)] Unweighted L_s : L_Mnfld: 0.00091,  L_NonMnfld: 0.01853,  L_Nrml: 0.00000,  L_Eknl: 0.04814, L_Morse: 2.30719

Weights: [7000.0, 600.0, 0, 50.0, 0.0, 0.1], lr=5.000e-05
Epoch: 0 [7840/10000 (78%)] Loss: 19.96121 = L_Mnfld: 6.40982 + L_NonMnfld: 10.53372 + L_Nrml: 0.00000 + L_Eknl: 2.78133 + L_Div: 0.00000 + L_Morse: 0.23634
Epoch: 0 [7840/10000 (78%)] Unweighted L_s : L_Mnfld: 0.00092,  L_NonMnfld: 0.01756,  L_Nrml: 0.00000,  L_Eknl: 0.05563, L_Morse: 2.36343

Weights: [7000.0, 600.0, 0, 50.0, 0.0, 0.1], lr=5.000e-05
Epoch: 0 [7850/10000 (78%)] Loss: 19.59917 = L_Mnfld: 6.28004 + L_NonMnfld: 10.66332 + L_Nrml: 0.00000 + L_Eknl: 2.41817 + L_Div: 0.00000 + L_Morse: 0.23764
Epoch: 0 [7850/10000 (78%)] Unweighted L_s : L_Mnfld: 0.00090,  L_NonMnfld: 0.01777,  L_Nrml: 0.00000,  L_Eknl: 0.04836, L_Morse: 2.37643

Weights: [7000.0, 600.0, 0, 50.0, 0.0, 0.1], lr=5.000e-05
Epoch: 0 [7860/10000 (79%)] Loss: 21.25031 = L_Mnfld: 7.00231 + L_NonMnfld: 11.50326 + L_Nrml: 0.00000 + L_Eknl: 2.50509 + L_Div: 0.00000 + L_Morse: 0.23964
Epoch: 0 [7860/10000 (79%)] Unweighted L_s : L_Mnfld: 0.00100,  L_NonMnfld: 0.01917,  L_Nrml: 0.00000,  L_Eknl: 0.05010, L_Morse: 2.39645

Weights: [7000.0, 600.0, 0, 50.0, 0.0, 0.1], lr=5.000e-05
Epoch: 0 [7870/10000 (79%)] Loss: 20.43118 = L_Mnfld: 6.82371 + L_NonMnfld: 10.60890 + L_Nrml: 0.00000 + L_Eknl: 2.75310 + L_Div: 0.00000 + L_Morse: 0.24546
Epoch: 0 [7870/10000 (79%)] Unweighted L_s : L_Mnfld: 0.00097,  L_NonMnfld: 0.01768,  L_Nrml: 0.00000,  L_Eknl: 0.05506, L_Morse: 2.45464

Weights: [7000.0, 600.0, 0, 50.0, 0.0, 0.1], lr=5.000e-05
Epoch: 0 [7880/10000 (79%)] Loss: 20.55211 = L_Mnfld: 6.63280 + L_NonMnfld: 11.31337 + L_Nrml: 0.00000 + L_Eknl: 2.36904 + L_Div: 0.00000 + L_Morse: 0.23689
Epoch: 0 [7880/10000 (79%)] Unweighted L_s : L_Mnfld: 0.00095,  L_NonMnfld: 0.01886,  L_Nrml: 0.00000,  L_Eknl: 0.04738, L_Morse: 2.36894

Weights: [7000.0, 600.0, 0, 50.0, 0.0, 0.1], lr=5.000e-05
Epoch: 0 [7890/10000 (79%)] Loss: 20.19904 = L_Mnfld: 6.34434 + L_NonMnfld: 11.14238 + L_Nrml: 0.00000 + L_Eknl: 2.46812 + L_Div: 0.00000 + L_Morse: 0.24419
Epoch: 0 [7890/10000 (79%)] Unweighted L_s : L_Mnfld: 0.00091,  L_NonMnfld: 0.01857,  L_Nrml: 0.00000,  L_Eknl: 0.04936, L_Morse: 2.44191

Weights: [7000.0, 600.0, 0, 50.0, 0.0, 0.1], lr=5.000e-05
Epoch: 0 [7900/10000 (79%)] Loss: 20.66362 = L_Mnfld: 6.48800 + L_NonMnfld: 11.59721 + L_Nrml: 0.00000 + L_Eknl: 2.33751 + L_Div: 0.00000 + L_Morse: 0.24091
Epoch: 0 [7900/10000 (79%)] Unweighted L_s : L_Mnfld: 0.00093,  L_NonMnfld: 0.01933,  L_Nrml: 0.00000,  L_Eknl: 0.04675, L_Morse: 2.40905

Weights: [7000.0, 600.0, 0, 50.0, 0.0, 0.1], lr=5.000e-05
Epoch: 0 [7910/10000 (79%)] Loss: 20.41571 = L_Mnfld: 5.92271 + L_NonMnfld: 11.84785 + L_Nrml: 0.00000 + L_Eknl: 2.40087 + L_Div: 0.00000 + L_Morse: 0.24428
Epoch: 0 [7910/10000 (79%)] Unweighted L_s : L_Mnfld: 0.00085,  L_NonMnfld: 0.01975,  L_Nrml: 0.00000,  L_Eknl: 0.04802, L_Morse: 2.44279

Weights: [7000.0, 600.0, 0, 50.0, 0.0, 0.1], lr=5.000e-05
Epoch: 0 [7920/10000 (79%)] Loss: 20.05873 = L_Mnfld: 6.26188 + L_NonMnfld: 11.20060 + L_Nrml: 0.00000 + L_Eknl: 2.35262 + L_Div: 0.00000 + L_Morse: 0.24363
Epoch: 0 [7920/10000 (79%)] Unweighted L_s : L_Mnfld: 0.00089,  L_NonMnfld: 0.01867,  L_Nrml: 0.00000,  L_Eknl: 0.04705, L_Morse: 2.43630

Weights: [7000.0, 600.0, 0, 50.0, 0.0, 0.1], lr=5.000e-05
Epoch: 0 [7930/10000 (79%)] Loss: 19.98543 = L_Mnfld: 6.30442 + L_NonMnfld: 10.90551 + L_Nrml: 0.00000 + L_Eknl: 2.52721 + L_Div: 0.00000 + L_Morse: 0.24830
Epoch: 0 [7930/10000 (79%)] Unweighted L_s : L_Mnfld: 0.00090,  L_NonMnfld: 0.01818,  L_Nrml: 0.00000,  L_Eknl: 0.05054, L_Morse: 2.48295

Weights: [7000.0, 600.0, 0, 50.0, 0.0, 0.1], lr=5.000e-05
Epoch: 0 [7940/10000 (79%)] Loss: 20.12378 = L_Mnfld: 6.15990 + L_NonMnfld: 11.36602 + L_Nrml: 0.00000 + L_Eknl: 2.35338 + L_Div: 0.00000 + L_Morse: 0.24447
Epoch: 0 [7940/10000 (79%)] Unweighted L_s : L_Mnfld: 0.00088,  L_NonMnfld: 0.01894,  L_Nrml: 0.00000,  L_Eknl: 0.04707, L_Morse: 2.44467

Weights: [7000.0, 600.0, 0, 50.0, 0.0, 0.1], lr=5.000e-05
Epoch: 0 [7950/10000 (80%)] Loss: 19.66335 = L_Mnfld: 6.34652 + L_NonMnfld: 10.76600 + L_Nrml: 0.00000 + L_Eknl: 2.31496 + L_Div: 0.00000 + L_Morse: 0.23588
Epoch: 0 [7950/10000 (80%)] Unweighted L_s : L_Mnfld: 0.00091,  L_NonMnfld: 0.01794,  L_Nrml: 0.00000,  L_Eknl: 0.04630, L_Morse: 2.35881

Weights: [7000.0, 600.0, 0, 50.0, 0.0, 0.1], lr=5.000e-05
Epoch: 0 [7960/10000 (80%)] Loss: 18.97851 = L_Mnfld: 6.08050 + L_NonMnfld: 10.37428 + L_Nrml: 0.00000 + L_Eknl: 2.28693 + L_Div: 0.00000 + L_Morse: 0.23679
Epoch: 0 [7960/10000 (80%)] Unweighted L_s : L_Mnfld: 0.00087,  L_NonMnfld: 0.01729,  L_Nrml: 0.00000,  L_Eknl: 0.04574, L_Morse: 2.36786

Weights: [7000.0, 600.0, 0, 50.0, 0.0, 0.1], lr=5.000e-05
Epoch: 0 [7970/10000 (80%)] Loss: 19.39376 = L_Mnfld: 5.93414 + L_NonMnfld: 11.00759 + L_Nrml: 0.00000 + L_Eknl: 2.21185 + L_Div: 0.00000 + L_Morse: 0.24018
Epoch: 0 [7970/10000 (80%)] Unweighted L_s : L_Mnfld: 0.00085,  L_NonMnfld: 0.01835,  L_Nrml: 0.00000,  L_Eknl: 0.04424, L_Morse: 2.40179

Weights: [7000.0, 600.0, 0, 50.0, 0.0, 0.1], lr=5.000e-05
Epoch: 0 [7980/10000 (80%)] Loss: 19.31065 = L_Mnfld: 6.02157 + L_NonMnfld: 10.73972 + L_Nrml: 0.00000 + L_Eknl: 2.30693 + L_Div: 0.00000 + L_Morse: 0.24244
Epoch: 0 [7980/10000 (80%)] Unweighted L_s : L_Mnfld: 0.00086,  L_NonMnfld: 0.01790,  L_Nrml: 0.00000,  L_Eknl: 0.04614, L_Morse: 2.42444

Weights: [7000.0, 600.0, 0, 50.0, 0.0, 0.1], lr=5.000e-05
Epoch: 0 [7990/10000 (80%)] Loss: 19.92291 = L_Mnfld: 5.93047 + L_NonMnfld: 11.50562 + L_Nrml: 0.00000 + L_Eknl: 2.24532 + L_Div: 0.00000 + L_Morse: 0.24149
Epoch: 0 [7990/10000 (80%)] Unweighted L_s : L_Mnfld: 0.00085,  L_NonMnfld: 0.01918,  L_Nrml: 0.00000,  L_Eknl: 0.04491, L_Morse: 2.41489

Weights: [7000.0, 600.0, 0, 50.0, 0.0, 0.1], lr=5.000e-05
Epoch: 0 [8000/10000 (80%)] Loss: 19.62174 = L_Mnfld: 6.00866 + L_NonMnfld: 10.90683 + L_Nrml: 0.00000 + L_Eknl: 2.46704 + L_Div: 0.00000 + L_Morse: 0.23921
Epoch: 0 [8000/10000 (80%)] Unweighted L_s : L_Mnfld: 0.00086,  L_NonMnfld: 0.01818,  L_Nrml: 0.00000,  L_Eknl: 0.04934, L_Morse: 2.39205

Weights: [7000.0, 600.0, 0, 50.0, 0.0, 0.1], lr=5.000e-05
Epoch: 0 [8010/10000 (80%)] Loss: 19.87855 = L_Mnfld: 6.16309 + L_NonMnfld: 11.13476 + L_Nrml: 0.00000 + L_Eknl: 2.33714 + L_Div: 0.00000 + L_Morse: 0.24355
Epoch: 0 [8010/10000 (80%)] Unweighted L_s : L_Mnfld: 0.00088,  L_NonMnfld: 0.01856,  L_Nrml: 0.00000,  L_Eknl: 0.04674, L_Morse: 2.43551

Weights: [7000.0, 600.0, 0, 50.0, 0.0, 0.1], lr=5.000e-05
Epoch: 0 [8020/10000 (80%)] Loss: 19.50493 = L_Mnfld: 6.49397 + L_NonMnfld: 10.18662 + L_Nrml: 0.00000 + L_Eknl: 2.58235 + L_Div: 0.00000 + L_Morse: 0.24200
Epoch: 0 [8020/10000 (80%)] Unweighted L_s : L_Mnfld: 0.00093,  L_NonMnfld: 0.01698,  L_Nrml: 0.00000,  L_Eknl: 0.05165, L_Morse: 2.41998

Weights: [7000.0, 600.0, 0, 50.0, 0.0, 0.1], lr=5.000e-05
Epoch: 0 [8030/10000 (80%)] Loss: 20.11747 = L_Mnfld: 6.17864 + L_NonMnfld: 11.26810 + L_Nrml: 0.00000 + L_Eknl: 2.43148 + L_Div: 0.00000 + L_Morse: 0.23925
Epoch: 0 [8030/10000 (80%)] Unweighted L_s : L_Mnfld: 0.00088,  L_NonMnfld: 0.01878,  L_Nrml: 0.00000,  L_Eknl: 0.04863, L_Morse: 2.39250

Weights: [7000.0, 600.0, 0, 50.0, 0.0, 0.1], lr=5.000e-05
Epoch: 0 [8040/10000 (80%)] Loss: 20.60446 = L_Mnfld: 7.14843 + L_NonMnfld: 10.04620 + L_Nrml: 0.00000 + L_Eknl: 3.16417 + L_Div: 0.00000 + L_Morse: 0.24566
Epoch: 0 [8040/10000 (80%)] Unweighted L_s : L_Mnfld: 0.00102,  L_NonMnfld: 0.01674,  L_Nrml: 0.00000,  L_Eknl: 0.06328, L_Morse: 2.45656

Weights: [7000.0, 600.0, 0, 50.0, 0.0, 0.1], lr=5.000e-05
Epoch: 0 [8050/10000 (80%)] Loss: 20.74214 = L_Mnfld: 6.97793 + L_NonMnfld: 11.16058 + L_Nrml: 0.00000 + L_Eknl: 2.36698 + L_Div: 0.00000 + L_Morse: 0.23665
Epoch: 0 [8050/10000 (80%)] Unweighted L_s : L_Mnfld: 0.00100,  L_NonMnfld: 0.01860,  L_Nrml: 0.00000,  L_Eknl: 0.04734, L_Morse: 2.36646

Weights: [7000.0, 600.0, 0, 50.0, 0.0, 0.1], lr=5.000e-05
Epoch: 0 [8060/10000 (81%)] Loss: 22.15051 = L_Mnfld: 7.18916 + L_NonMnfld: 12.17938 + L_Nrml: 0.00000 + L_Eknl: 2.54285 + L_Div: 0.00000 + L_Morse: 0.23911
Epoch: 0 [8060/10000 (81%)] Unweighted L_s : L_Mnfld: 0.00103,  L_NonMnfld: 0.02030,  L_Nrml: 0.00000,  L_Eknl: 0.05086, L_Morse: 2.39112

Weights: [7000.0, 600.0, 0, 50.0, 0.0, 0.1], lr=5.000e-05
Epoch: 0 [8070/10000 (81%)] Loss: 19.69911 = L_Mnfld: 6.37740 + L_NonMnfld: 10.44194 + L_Nrml: 0.00000 + L_Eknl: 2.63393 + L_Div: 0.00000 + L_Morse: 0.24584
Epoch: 0 [8070/10000 (81%)] Unweighted L_s : L_Mnfld: 0.00091,  L_NonMnfld: 0.01740,  L_Nrml: 0.00000,  L_Eknl: 0.05268, L_Morse: 2.45840

Weights: [7000.0, 600.0, 0, 50.0, 0.0, 0.1], lr=5.000e-05
Epoch: 0 [8080/10000 (81%)] Loss: 21.03572 = L_Mnfld: 6.98531 + L_NonMnfld: 11.20388 + L_Nrml: 0.00000 + L_Eknl: 2.60450 + L_Div: 0.00000 + L_Morse: 0.24203
Epoch: 0 [8080/10000 (81%)] Unweighted L_s : L_Mnfld: 0.00100,  L_NonMnfld: 0.01867,  L_Nrml: 0.00000,  L_Eknl: 0.05209, L_Morse: 2.42030

Weights: [7000.0, 600.0, 0, 50.0, 0.0, 0.1], lr=5.000e-05
Epoch: 0 [8090/10000 (81%)] Loss: 20.89740 = L_Mnfld: 7.47199 + L_NonMnfld: 10.29330 + L_Nrml: 0.00000 + L_Eknl: 2.89170 + L_Div: 0.00000 + L_Morse: 0.24041
Epoch: 0 [8090/10000 (81%)] Unweighted L_s : L_Mnfld: 0.00107,  L_NonMnfld: 0.01716,  L_Nrml: 0.00000,  L_Eknl: 0.05783, L_Morse: 2.40413

Weights: [7000.0, 600.0, 0, 50.0, 0.0, 0.1], lr=5.000e-05
Epoch: 0 [8100/10000 (81%)] Loss: 22.56942 = L_Mnfld: 8.24726 + L_NonMnfld: 10.71923 + L_Nrml: 0.00000 + L_Eknl: 3.35299 + L_Div: 0.00000 + L_Morse: 0.24993
Epoch: 0 [8100/10000 (81%)] Unweighted L_s : L_Mnfld: 0.00118,  L_NonMnfld: 0.01787,  L_Nrml: 0.00000,  L_Eknl: 0.06706, L_Morse: 2.49930

Weights: [7000.0, 600.0, 0, 50.0, 0.0, 0.1], lr=5.000e-05
Epoch: 0 [8110/10000 (81%)] Loss: 22.43370 = L_Mnfld: 7.92003 + L_NonMnfld: 11.42742 + L_Nrml: 0.00000 + L_Eknl: 2.84465 + L_Div: 0.00000 + L_Morse: 0.24160
Epoch: 0 [8110/10000 (81%)] Unweighted L_s : L_Mnfld: 0.00113,  L_NonMnfld: 0.01905,  L_Nrml: 0.00000,  L_Eknl: 0.05689, L_Morse: 2.41600

Weights: [7000.0, 600.0, 0, 50.0, 0.0, 0.1], lr=5.000e-05
Epoch: 0 [8120/10000 (81%)] Loss: 23.03666 = L_Mnfld: 8.10901 + L_NonMnfld: 11.88859 + L_Nrml: 0.00000 + L_Eknl: 2.79568 + L_Div: 0.00000 + L_Morse: 0.24337
Epoch: 0 [8120/10000 (81%)] Unweighted L_s : L_Mnfld: 0.00116,  L_NonMnfld: 0.01981,  L_Nrml: 0.00000,  L_Eknl: 0.05591, L_Morse: 2.43375

Weights: [7000.0, 600.0, 0, 50.0, 0.0, 0.1], lr=5.000e-05
Epoch: 0 [8130/10000 (81%)] Loss: 21.34595 = L_Mnfld: 7.54750 + L_NonMnfld: 10.41299 + L_Nrml: 0.00000 + L_Eknl: 3.14046 + L_Div: 0.00000 + L_Morse: 0.24500
Epoch: 0 [8130/10000 (81%)] Unweighted L_s : L_Mnfld: 0.00108,  L_NonMnfld: 0.01735,  L_Nrml: 0.00000,  L_Eknl: 0.06281, L_Morse: 2.45003

Weights: [7000.0, 600.0, 0, 50.0, 0.0, 0.1], lr=5.000e-05
Epoch: 0 [8140/10000 (81%)] Loss: 22.19938 = L_Mnfld: 8.64900 + L_NonMnfld: 10.43515 + L_Nrml: 0.00000 + L_Eknl: 2.86509 + L_Div: 0.00000 + L_Morse: 0.25015
Epoch: 0 [8140/10000 (81%)] Unweighted L_s : L_Mnfld: 0.00124,  L_NonMnfld: 0.01739,  L_Nrml: 0.00000,  L_Eknl: 0.05730, L_Morse: 2.50151

Weights: [7000.0, 600.0, 0, 50.0, 0.0, 0.1], lr=5.000e-05
Epoch: 0 [8150/10000 (82%)] Loss: 22.78095 = L_Mnfld: 8.12438 + L_NonMnfld: 11.54384 + L_Nrml: 0.00000 + L_Eknl: 2.86872 + L_Div: 0.00000 + L_Morse: 0.24401
Epoch: 0 [8150/10000 (82%)] Unweighted L_s : L_Mnfld: 0.00116,  L_NonMnfld: 0.01924,  L_Nrml: 0.00000,  L_Eknl: 0.05737, L_Morse: 2.44007

Weights: [7000.0, 600.0, 0, 50.0, 0.0, 0.1], lr=5.000e-05
Epoch: 0 [8160/10000 (82%)] Loss: 21.41750 = L_Mnfld: 7.19234 + L_NonMnfld: 11.25133 + L_Nrml: 0.00000 + L_Eknl: 2.73106 + L_Div: 0.00000 + L_Morse: 0.24276
Epoch: 0 [8160/10000 (82%)] Unweighted L_s : L_Mnfld: 0.00103,  L_NonMnfld: 0.01875,  L_Nrml: 0.00000,  L_Eknl: 0.05462, L_Morse: 2.42757

Weights: [7000.0, 600.0, 0, 50.0, 0.0, 0.1], lr=5.000e-05
Epoch: 0 [8170/10000 (82%)] Loss: 21.16580 = L_Mnfld: 7.45410 + L_NonMnfld: 10.73628 + L_Nrml: 0.00000 + L_Eknl: 2.73152 + L_Div: 0.00000 + L_Morse: 0.24388
Epoch: 0 [8170/10000 (82%)] Unweighted L_s : L_Mnfld: 0.00106,  L_NonMnfld: 0.01789,  L_Nrml: 0.00000,  L_Eknl: 0.05463, L_Morse: 2.43883

Weights: [7000.0, 600.0, 0, 50.0, 0.0, 0.1], lr=5.000e-05
Epoch: 0 [8180/10000 (82%)] Loss: 20.91108 = L_Mnfld: 6.68011 + L_NonMnfld: 11.40877 + L_Nrml: 0.00000 + L_Eknl: 2.57843 + L_Div: 0.00000 + L_Morse: 0.24377
Epoch: 0 [8180/10000 (82%)] Unweighted L_s : L_Mnfld: 0.00095,  L_NonMnfld: 0.01901,  L_Nrml: 0.00000,  L_Eknl: 0.05157, L_Morse: 2.43771

Weights: [7000.0, 600.0, 0, 50.0, 0.0, 0.1], lr=5.000e-05
Epoch: 0 [8190/10000 (82%)] Loss: 20.46920 = L_Mnfld: 7.40385 + L_NonMnfld: 9.91920 + L_Nrml: 0.00000 + L_Eknl: 2.90472 + L_Div: 0.00000 + L_Morse: 0.24143
Epoch: 0 [8190/10000 (82%)] Unweighted L_s : L_Mnfld: 0.00106,  L_NonMnfld: 0.01653,  L_Nrml: 0.00000,  L_Eknl: 0.05809, L_Morse: 2.41428

Weights: [7000.0, 600.0, 0, 50.0, 0.0, 0.1], lr=5.000e-05
Epoch: 0 [8200/10000 (82%)] Loss: 20.20689 = L_Mnfld: 6.52821 + L_NonMnfld: 10.96622 + L_Nrml: 0.00000 + L_Eknl: 2.46640 + L_Div: 0.00000 + L_Morse: 0.24606
Epoch: 0 [8200/10000 (82%)] Unweighted L_s : L_Mnfld: 0.00093,  L_NonMnfld: 0.01828,  L_Nrml: 0.00000,  L_Eknl: 0.04933, L_Morse: 2.46059

Weights: [7000.0, 600.0, 0, 50.0, 0.0, 0.1], lr=5.000e-05
Epoch: 0 [8210/10000 (82%)] Loss: 20.13774 = L_Mnfld: 5.79447 + L_NonMnfld: 11.63605 + L_Nrml: 0.00000 + L_Eknl: 2.46706 + L_Div: 0.00000 + L_Morse: 0.24016
Epoch: 0 [8210/10000 (82%)] Unweighted L_s : L_Mnfld: 0.00083,  L_NonMnfld: 0.01939,  L_Nrml: 0.00000,  L_Eknl: 0.04934, L_Morse: 2.40160

Weights: [7000.0, 600.0, 0, 50.0, 0.0, 0.1], lr=5.000e-05
Epoch: 0 [8220/10000 (82%)] Loss: 19.87938 = L_Mnfld: 6.21216 + L_NonMnfld: 10.87728 + L_Nrml: 0.00000 + L_Eknl: 2.54142 + L_Div: 0.00000 + L_Morse: 0.24852
Epoch: 0 [8220/10000 (82%)] Unweighted L_s : L_Mnfld: 0.00089,  L_NonMnfld: 0.01813,  L_Nrml: 0.00000,  L_Eknl: 0.05083, L_Morse: 2.48518

Weights: [7000.0, 600.0, 0, 50.0, 0.0, 0.1], lr=5.000e-05
Epoch: 0 [8230/10000 (82%)] Loss: 19.76041 = L_Mnfld: 5.76282 + L_NonMnfld: 11.42216 + L_Nrml: 0.00000 + L_Eknl: 2.34013 + L_Div: 0.00000 + L_Morse: 0.23530
Epoch: 0 [8230/10000 (82%)] Unweighted L_s : L_Mnfld: 0.00082,  L_NonMnfld: 0.01904,  L_Nrml: 0.00000,  L_Eknl: 0.04680, L_Morse: 2.35302

Weights: [7000.0, 600.0, 0, 50.0, 0.0, 0.1], lr=5.000e-05
Epoch: 0 [8240/10000 (82%)] Loss: 19.57891 = L_Mnfld: 5.97515 + L_NonMnfld: 11.02117 + L_Nrml: 0.00000 + L_Eknl: 2.33728 + L_Div: 0.00000 + L_Morse: 0.24530
Epoch: 0 [8240/10000 (82%)] Unweighted L_s : L_Mnfld: 0.00085,  L_NonMnfld: 0.01837,  L_Nrml: 0.00000,  L_Eknl: 0.04675, L_Morse: 2.45303

Weights: [7000.0, 600.0, 0, 50.0, 0.0, 0.1], lr=5.000e-05
Epoch: 0 [8250/10000 (82%)] Loss: 19.03226 = L_Mnfld: 5.52073 + L_NonMnfld: 10.92588 + L_Nrml: 0.00000 + L_Eknl: 2.34578 + L_Div: 0.00000 + L_Morse: 0.23988
Epoch: 0 [8250/10000 (82%)] Unweighted L_s : L_Mnfld: 0.00079,  L_NonMnfld: 0.01821,  L_Nrml: 0.00000,  L_Eknl: 0.04692, L_Morse: 2.39884

Weights: [7000.0, 600.0, 0, 50.0, 0.0, 0.1], lr=5.000e-05
Epoch: 0 [8260/10000 (83%)] Loss: 17.72945 = L_Mnfld: 5.54045 + L_NonMnfld: 9.54933 + L_Nrml: 0.00000 + L_Eknl: 2.40015 + L_Div: 0.00000 + L_Morse: 0.23951
Epoch: 0 [8260/10000 (83%)] Unweighted L_s : L_Mnfld: 0.00079,  L_NonMnfld: 0.01592,  L_Nrml: 0.00000,  L_Eknl: 0.04800, L_Morse: 2.39514

Weights: [7000.0, 600.0, 0, 50.0, 0.0, 0.1], lr=5.000e-05
Epoch: 0 [8270/10000 (83%)] Loss: 19.14464 = L_Mnfld: 5.67729 + L_NonMnfld: 10.64836 + L_Nrml: 0.00000 + L_Eknl: 2.57109 + L_Div: 0.00000 + L_Morse: 0.24790
Epoch: 0 [8270/10000 (83%)] Unweighted L_s : L_Mnfld: 0.00081,  L_NonMnfld: 0.01775,  L_Nrml: 0.00000,  L_Eknl: 0.05142, L_Morse: 2.47896

Weights: [7000.0, 600.0, 0, 50.0, 0.0, 0.1], lr=5.000e-05
Epoch: 0 [8280/10000 (83%)] Loss: 19.36159 = L_Mnfld: 5.40977 + L_NonMnfld: 11.32903 + L_Nrml: 0.00000 + L_Eknl: 2.38027 + L_Div: 0.00000 + L_Morse: 0.24252
Epoch: 0 [8280/10000 (83%)] Unweighted L_s : L_Mnfld: 0.00077,  L_NonMnfld: 0.01888,  L_Nrml: 0.00000,  L_Eknl: 0.04761, L_Morse: 2.42523

Weights: [7000.0, 600.0, 0, 50.0, 0.0, 0.1], lr=5.000e-05
Epoch: 0 [8290/10000 (83%)] Loss: 19.85073 = L_Mnfld: 6.50605 + L_NonMnfld: 10.55671 + L_Nrml: 0.00000 + L_Eknl: 2.53754 + L_Div: 0.00000 + L_Morse: 0.25043
Epoch: 0 [8290/10000 (83%)] Unweighted L_s : L_Mnfld: 0.00093,  L_NonMnfld: 0.01759,  L_Nrml: 0.00000,  L_Eknl: 0.05075, L_Morse: 2.50434

Weights: [7000.0, 600.0, 0, 50.0, 0.0, 0.1], lr=5.000e-05
Epoch: 0 [8300/10000 (83%)] Loss: 20.69263 = L_Mnfld: 6.37821 + L_NonMnfld: 11.44851 + L_Nrml: 0.00000 + L_Eknl: 2.62753 + L_Div: 0.00000 + L_Morse: 0.23837
Epoch: 0 [8300/10000 (83%)] Unweighted L_s : L_Mnfld: 0.00091,  L_NonMnfld: 0.01908,  L_Nrml: 0.00000,  L_Eknl: 0.05255, L_Morse: 2.38370

Weights: [7000.0, 600.0, 0, 50.0, 0.0, 0.1], lr=5.000e-05
Epoch: 0 [8310/10000 (83%)] Loss: 19.99044 = L_Mnfld: 5.94479 + L_NonMnfld: 11.36172 + L_Nrml: 0.00000 + L_Eknl: 2.44032 + L_Div: 0.00000 + L_Morse: 0.24361
Epoch: 0 [8310/10000 (83%)] Unweighted L_s : L_Mnfld: 0.00085,  L_NonMnfld: 0.01894,  L_Nrml: 0.00000,  L_Eknl: 0.04881, L_Morse: 2.43607

Weights: [7000.0, 600.0, 0, 50.0, 0.0, 0.1], lr=5.000e-05
Epoch: 0 [8320/10000 (83%)] Loss: 20.08041 = L_Mnfld: 6.37569 + L_NonMnfld: 10.92325 + L_Nrml: 0.00000 + L_Eknl: 2.53323 + L_Div: 0.00000 + L_Morse: 0.24824
Epoch: 0 [8320/10000 (83%)] Unweighted L_s : L_Mnfld: 0.00091,  L_NonMnfld: 0.01821,  L_Nrml: 0.00000,  L_Eknl: 0.05066, L_Morse: 2.48236

Weights: [7000.0, 600.0, 0, 50.0, 0.0, 0.1], lr=5.000e-05
Epoch: 0 [8330/10000 (83%)] Loss: 20.80893 = L_Mnfld: 6.49861 + L_NonMnfld: 11.41266 + L_Nrml: 0.00000 + L_Eknl: 2.65475 + L_Div: 0.00000 + L_Morse: 0.24291
Epoch: 0 [8330/10000 (83%)] Unweighted L_s : L_Mnfld: 0.00093,  L_NonMnfld: 0.01902,  L_Nrml: 0.00000,  L_Eknl: 0.05310, L_Morse: 2.42908

Weights: [7000.0, 600.0, 0, 50.0, 0.0, 0.1], lr=5.000e-05
Epoch: 0 [8340/10000 (83%)] Loss: 19.84456 = L_Mnfld: 5.75838 + L_NonMnfld: 11.48717 + L_Nrml: 0.00000 + L_Eknl: 2.35977 + L_Div: 0.00000 + L_Morse: 0.23923
Epoch: 0 [8340/10000 (83%)] Unweighted L_s : L_Mnfld: 0.00082,  L_NonMnfld: 0.01915,  L_Nrml: 0.00000,  L_Eknl: 0.04720, L_Morse: 2.39234

Weights: [7000.0, 600.0, 0, 50.0, 0.0, 0.1], lr=5.000e-05
Epoch: 0 [8350/10000 (84%)] Loss: 20.13045 = L_Mnfld: 6.35930 + L_NonMnfld: 11.05179 + L_Nrml: 0.00000 + L_Eknl: 2.47105 + L_Div: 0.00000 + L_Morse: 0.24831
Epoch: 0 [8350/10000 (84%)] Unweighted L_s : L_Mnfld: 0.00091,  L_NonMnfld: 0.01842,  L_Nrml: 0.00000,  L_Eknl: 0.04942, L_Morse: 2.48313

Weights: [7000.0, 600.0, 0, 50.0, 0.0, 0.1], lr=5.000e-05
Epoch: 0 [8360/10000 (84%)] Loss: 18.06509 = L_Mnfld: 5.76199 + L_NonMnfld: 9.79029 + L_Nrml: 0.00000 + L_Eknl: 2.27111 + L_Div: 0.00000 + L_Morse: 0.24170
Epoch: 0 [8360/10000 (84%)] Unweighted L_s : L_Mnfld: 0.00082,  L_NonMnfld: 0.01632,  L_Nrml: 0.00000,  L_Eknl: 0.04542, L_Morse: 2.41696

Weights: [7000.0, 600.0, 0, 50.0, 0.0, 0.1], lr=5.000e-05
Epoch: 0 [8370/10000 (84%)] Loss: 19.63672 = L_Mnfld: 5.86517 + L_NonMnfld: 11.15102 + L_Nrml: 0.00000 + L_Eknl: 2.37936 + L_Div: 0.00000 + L_Morse: 0.24116
Epoch: 0 [8370/10000 (84%)] Unweighted L_s : L_Mnfld: 0.00084,  L_NonMnfld: 0.01859,  L_Nrml: 0.00000,  L_Eknl: 0.04759, L_Morse: 2.41162

Weights: [7000.0, 600.0, 0, 50.0, 0.0, 0.1], lr=5.000e-05
Epoch: 0 [8380/10000 (84%)] Loss: 19.97306 = L_Mnfld: 6.64337 + L_NonMnfld: 10.32027 + L_Nrml: 0.00000 + L_Eknl: 2.75476 + L_Div: 0.00000 + L_Morse: 0.25466
Epoch: 0 [8380/10000 (84%)] Unweighted L_s : L_Mnfld: 0.00095,  L_NonMnfld: 0.01720,  L_Nrml: 0.00000,  L_Eknl: 0.05510, L_Morse: 2.54656

Weights: [7000.0, 600.0, 0, 50.0, 0.0, 0.1], lr=5.000e-05
Epoch: 0 [8390/10000 (84%)] Loss: 19.79647 = L_Mnfld: 5.92482 + L_NonMnfld: 11.26910 + L_Nrml: 0.00000 + L_Eknl: 2.35793 + L_Div: 0.00000 + L_Morse: 0.24462
Epoch: 0 [8390/10000 (84%)] Unweighted L_s : L_Mnfld: 0.00085,  L_NonMnfld: 0.01878,  L_Nrml: 0.00000,  L_Eknl: 0.04716, L_Morse: 2.44622

Weights: [7000.0, 600.0, 0, 50.0, 0.0, 0.1], lr=5.000e-05
Epoch: 0 [8400/10000 (84%)] Loss: 20.62075 = L_Mnfld: 6.75306 + L_NonMnfld: 11.13609 + L_Nrml: 0.00000 + L_Eknl: 2.48327 + L_Div: 0.00000 + L_Morse: 0.24834
Epoch: 0 [8400/10000 (84%)] Unweighted L_s : L_Mnfld: 0.00096,  L_NonMnfld: 0.01856,  L_Nrml: 0.00000,  L_Eknl: 0.04967, L_Morse: 2.48337

Weights: [7000.0, 600.0, 0, 50.0, 0.0, 0.1], lr=5.000e-05
Epoch: 0 [8410/10000 (84%)] Loss: 19.77069 = L_Mnfld: 6.22577 + L_NonMnfld: 10.73142 + L_Nrml: 0.00000 + L_Eknl: 2.56324 + L_Div: 0.00000 + L_Morse: 0.25026
Epoch: 0 [8410/10000 (84%)] Unweighted L_s : L_Mnfld: 0.00089,  L_NonMnfld: 0.01789,  L_Nrml: 0.00000,  L_Eknl: 0.05126, L_Morse: 2.50256

Weights: [7000.0, 600.0, 0, 50.0, 0.0, 0.1], lr=5.000e-05
Epoch: 0 [8420/10000 (84%)] Loss: 19.15117 = L_Mnfld: 6.16840 + L_NonMnfld: 10.23252 + L_Nrml: 0.00000 + L_Eknl: 2.50502 + L_Div: 0.00000 + L_Morse: 0.24524
Epoch: 0 [8420/10000 (84%)] Unweighted L_s : L_Mnfld: 0.00088,  L_NonMnfld: 0.01705,  L_Nrml: 0.00000,  L_Eknl: 0.05010, L_Morse: 2.45240

Weights: [7000.0, 600.0, 0, 50.0, 0.0, 0.1], lr=5.000e-05
Epoch: 0 [8430/10000 (84%)] Loss: 19.77976 = L_Mnfld: 6.08266 + L_NonMnfld: 10.99591 + L_Nrml: 0.00000 + L_Eknl: 2.46121 + L_Div: 0.00000 + L_Morse: 0.23999
Epoch: 0 [8430/10000 (84%)] Unweighted L_s : L_Mnfld: 0.00087,  L_NonMnfld: 0.01833,  L_Nrml: 0.00000,  L_Eknl: 0.04922, L_Morse: 2.39987

Weights: [7000.0, 600.0, 0, 50.0, 0.0, 0.1], lr=5.000e-05
Epoch: 0 [8440/10000 (84%)] Loss: 20.48695 = L_Mnfld: 6.73704 + L_NonMnfld: 10.80973 + L_Nrml: 0.00000 + L_Eknl: 2.69178 + L_Div: 0.00000 + L_Morse: 0.24840
Epoch: 0 [8440/10000 (84%)] Unweighted L_s : L_Mnfld: 0.00096,  L_NonMnfld: 0.01802,  L_Nrml: 0.00000,  L_Eknl: 0.05384, L_Morse: 2.48403

Weights: [7000.0, 600.0, 0, 50.0, 0.0, 0.1], lr=5.000e-05
Epoch: 0 [8450/10000 (84%)] Loss: 20.01373 = L_Mnfld: 6.17439 + L_NonMnfld: 11.13321 + L_Nrml: 0.00000 + L_Eknl: 2.45869 + L_Div: 0.00000 + L_Morse: 0.24744
Epoch: 0 [8450/10000 (84%)] Unweighted L_s : L_Mnfld: 0.00088,  L_NonMnfld: 0.01856,  L_Nrml: 0.00000,  L_Eknl: 0.04917, L_Morse: 2.47443

Weights: [7000.0, 600.0, 0, 50.0, 0.0, 0.1], lr=5.000e-05
Epoch: 0 [8460/10000 (85%)] Loss: 19.73062 = L_Mnfld: 5.92643 + L_NonMnfld: 11.08897 + L_Nrml: 0.00000 + L_Eknl: 2.47563 + L_Div: 0.00000 + L_Morse: 0.23959
Epoch: 0 [8460/10000 (85%)] Unweighted L_s : L_Mnfld: 0.00085,  L_NonMnfld: 0.01848,  L_Nrml: 0.00000,  L_Eknl: 0.04951, L_Morse: 2.39587

Weights: [7000.0, 600.0, 0, 50.0, 0.0, 0.1], lr=5.000e-05
Epoch: 0 [8470/10000 (85%)] Loss: 20.37197 = L_Mnfld: 6.53680 + L_NonMnfld: 10.94855 + L_Nrml: 0.00000 + L_Eknl: 2.64545 + L_Div: 0.00000 + L_Morse: 0.24117
Epoch: 0 [8470/10000 (85%)] Unweighted L_s : L_Mnfld: 0.00093,  L_NonMnfld: 0.01825,  L_Nrml: 0.00000,  L_Eknl: 0.05291, L_Morse: 2.41168

Weights: [7000.0, 600.0, 0, 50.0, 0.0, 0.1], lr=5.000e-05
Epoch: 0 [8480/10000 (85%)] Loss: 19.18446 = L_Mnfld: 6.72968 + L_NonMnfld: 9.71612 + L_Nrml: 0.00000 + L_Eknl: 2.48735 + L_Div: 0.00000 + L_Morse: 0.25131
Epoch: 0 [8480/10000 (85%)] Unweighted L_s : L_Mnfld: 0.00096,  L_NonMnfld: 0.01619,  L_Nrml: 0.00000,  L_Eknl: 0.04975, L_Morse: 2.51308

Weights: [7000.0, 600.0, 0, 50.0, 0.0, 0.1], lr=5.000e-05
Epoch: 0 [8490/10000 (85%)] Loss: 20.44098 = L_Mnfld: 6.60723 + L_NonMnfld: 10.99211 + L_Nrml: 0.00000 + L_Eknl: 2.60474 + L_Div: 0.00000 + L_Morse: 0.23689
Epoch: 0 [8490/10000 (85%)] Unweighted L_s : L_Mnfld: 0.00094,  L_NonMnfld: 0.01832,  L_Nrml: 0.00000,  L_Eknl: 0.05209, L_Morse: 2.36893

Weights: [7000.0, 600.0, 0, 50.0, 0.0, 0.1], lr=5.000e-05
Epoch: 0 [8500/10000 (85%)] Loss: 20.53119 = L_Mnfld: 6.14554 + L_NonMnfld: 11.66447 + L_Nrml: 0.00000 + L_Eknl: 2.47817 + L_Div: 0.00000 + L_Morse: 0.24301
Epoch: 0 [8500/10000 (85%)] Unweighted L_s : L_Mnfld: 0.00088,  L_NonMnfld: 0.01944,  L_Nrml: 0.00000,  L_Eknl: 0.04956, L_Morse: 2.43005

Weights: [7000.0, 600.0, 0, 50.0, 0.0, 0.1], lr=5.000e-05
Epoch: 0 [8510/10000 (85%)] Loss: 20.28783 = L_Mnfld: 6.14392 + L_NonMnfld: 11.35843 + L_Nrml: 0.00000 + L_Eknl: 2.53730 + L_Div: 0.00000 + L_Morse: 0.24818
Epoch: 0 [8510/10000 (85%)] Unweighted L_s : L_Mnfld: 0.00088,  L_NonMnfld: 0.01893,  L_Nrml: 0.00000,  L_Eknl: 0.05075, L_Morse: 2.48179

Weights: [7000.0, 600.0, 0, 50.0, 0.0, 0.1], lr=5.000e-05
Epoch: 0 [8520/10000 (85%)] Loss: 19.32804 = L_Mnfld: 6.24912 + L_NonMnfld: 10.24198 + L_Nrml: 0.00000 + L_Eknl: 2.58885 + L_Div: 0.00000 + L_Morse: 0.24809
Epoch: 0 [8520/10000 (85%)] Unweighted L_s : L_Mnfld: 0.00089,  L_NonMnfld: 0.01707,  L_Nrml: 0.00000,  L_Eknl: 0.05178, L_Morse: 2.48092

Weights: [7000.0, 600.0, 0, 50.0, 0.0, 0.1], lr=5.000e-05
Epoch: 0 [8530/10000 (85%)] Loss: 19.82995 = L_Mnfld: 5.65326 + L_NonMnfld: 11.36296 + L_Nrml: 0.00000 + L_Eknl: 2.57228 + L_Div: 0.00000 + L_Morse: 0.24145
Epoch: 0 [8530/10000 (85%)] Unweighted L_s : L_Mnfld: 0.00081,  L_NonMnfld: 0.01894,  L_Nrml: 0.00000,  L_Eknl: 0.05145, L_Morse: 2.41452

Weights: [7000.0, 600.0, 0, 50.0, 0.0, 0.1], lr=5.000e-05
Epoch: 0 [8540/10000 (85%)] Loss: 19.58710 = L_Mnfld: 6.20890 + L_NonMnfld: 10.38179 + L_Nrml: 0.00000 + L_Eknl: 2.74622 + L_Div: 0.00000 + L_Morse: 0.25020
Epoch: 0 [8540/10000 (85%)] Unweighted L_s : L_Mnfld: 0.00089,  L_NonMnfld: 0.01730,  L_Nrml: 0.00000,  L_Eknl: 0.05492, L_Morse: 2.50195

Weights: [7000.0, 600.0, 0, 50.0, 0.0, 0.1], lr=5.000e-05
Epoch: 0 [8550/10000 (86%)] Loss: 20.33112 = L_Mnfld: 6.00912 + L_NonMnfld: 11.77132 + L_Nrml: 0.00000 + L_Eknl: 2.30650 + L_Div: 0.00000 + L_Morse: 0.24418
Epoch: 0 [8550/10000 (86%)] Unweighted L_s : L_Mnfld: 0.00086,  L_NonMnfld: 0.01962,  L_Nrml: 0.00000,  L_Eknl: 0.04613, L_Morse: 2.44181

Weights: [7000.0, 600.0, 0, 50.0, 0.0, 0.1], lr=5.000e-05
Epoch: 0 [8560/10000 (86%)] Loss: 19.73400 = L_Mnfld: 6.39706 + L_NonMnfld: 10.53727 + L_Nrml: 0.00000 + L_Eknl: 2.55286 + L_Div: 0.00000 + L_Morse: 0.24682
Epoch: 0 [8560/10000 (86%)] Unweighted L_s : L_Mnfld: 0.00091,  L_NonMnfld: 0.01756,  L_Nrml: 0.00000,  L_Eknl: 0.05106, L_Morse: 2.46822

Weights: [7000.0, 600.0, 0, 50.0, 0.0, 0.1], lr=5.000e-05
Epoch: 0 [8570/10000 (86%)] Loss: 19.82467 = L_Mnfld: 6.16325 + L_NonMnfld: 10.95087 + L_Nrml: 0.00000 + L_Eknl: 2.46838 + L_Div: 0.00000 + L_Morse: 0.24217
Epoch: 0 [8570/10000 (86%)] Unweighted L_s : L_Mnfld: 0.00088,  L_NonMnfld: 0.01825,  L_Nrml: 0.00000,  L_Eknl: 0.04937, L_Morse: 2.42166

Weights: [7000.0, 600.0, 0, 50.0, 0.0, 0.1], lr=5.000e-05
Epoch: 0 [8580/10000 (86%)] Loss: 19.35793 = L_Mnfld: 6.31330 + L_NonMnfld: 10.17298 + L_Nrml: 0.00000 + L_Eknl: 2.61990 + L_Div: 0.00000 + L_Morse: 0.25176
Epoch: 0 [8580/10000 (86%)] Unweighted L_s : L_Mnfld: 0.00090,  L_NonMnfld: 0.01695,  L_Nrml: 0.00000,  L_Eknl: 0.05240, L_Morse: 2.51763

Weights: [7000.0, 600.0, 0, 50.0, 0.0, 0.1], lr=5.000e-05
Epoch: 0 [8590/10000 (86%)] Loss: 19.40201 = L_Mnfld: 5.50758 + L_NonMnfld: 11.10861 + L_Nrml: 0.00000 + L_Eknl: 2.53831 + L_Div: 0.00000 + L_Morse: 0.24750
Epoch: 0 [8590/10000 (86%)] Unweighted L_s : L_Mnfld: 0.00079,  L_NonMnfld: 0.01851,  L_Nrml: 0.00000,  L_Eknl: 0.05077, L_Morse: 2.47502

Weights: [7000.0, 600.0, 0, 50.0, 0.0, 0.1], lr=5.000e-05
Epoch: 0 [8600/10000 (86%)] Loss: 19.54040 = L_Mnfld: 6.16188 + L_NonMnfld: 10.54873 + L_Nrml: 0.00000 + L_Eknl: 2.58871 + L_Div: 0.00000 + L_Morse: 0.24108
Epoch: 0 [8600/10000 (86%)] Unweighted L_s : L_Mnfld: 0.00088,  L_NonMnfld: 0.01758,  L_Nrml: 0.00000,  L_Eknl: 0.05177, L_Morse: 2.41081

Weights: [7000.0, 600.0, 0, 50.0, 0.0, 0.1], lr=5.000e-05
Epoch: 0 [8610/10000 (86%)] Loss: 19.41644 = L_Mnfld: 5.64728 + L_NonMnfld: 10.84771 + L_Nrml: 0.00000 + L_Eknl: 2.66579 + L_Div: 0.00000 + L_Morse: 0.25567
Epoch: 0 [8610/10000 (86%)] Unweighted L_s : L_Mnfld: 0.00081,  L_NonMnfld: 0.01808,  L_Nrml: 0.00000,  L_Eknl: 0.05332, L_Morse: 2.55668

Weights: [7000.0, 600.0, 0, 50.0, 0.0, 0.1], lr=5.000e-05
Epoch: 0 [8620/10000 (86%)] Loss: 19.91921 = L_Mnfld: 6.22319 + L_NonMnfld: 10.94710 + L_Nrml: 0.00000 + L_Eknl: 2.50187 + L_Div: 0.00000 + L_Morse: 0.24705
Epoch: 0 [8620/10000 (86%)] Unweighted L_s : L_Mnfld: 0.00089,  L_NonMnfld: 0.01825,  L_Nrml: 0.00000,  L_Eknl: 0.05004, L_Morse: 2.47053

Weights: [7000.0, 600.0, 0, 50.0, 0.0, 0.1], lr=5.000e-05
Epoch: 0 [8630/10000 (86%)] Loss: 19.00247 = L_Mnfld: 6.26193 + L_NonMnfld: 9.87485 + L_Nrml: 0.00000 + L_Eknl: 2.62246 + L_Div: 0.00000 + L_Morse: 0.24323
Epoch: 0 [8630/10000 (86%)] Unweighted L_s : L_Mnfld: 0.00089,  L_NonMnfld: 0.01646,  L_Nrml: 0.00000,  L_Eknl: 0.05245, L_Morse: 2.43228

Weights: [7000.0, 600.0, 0, 50.0, 0.0, 0.1], lr=5.000e-05
Epoch: 0 [8640/10000 (86%)] Loss: 19.48273 = L_Mnfld: 5.75271 + L_NonMnfld: 10.98923 + L_Nrml: 0.00000 + L_Eknl: 2.50083 + L_Div: 0.00000 + L_Morse: 0.23996
Epoch: 0 [8640/10000 (86%)] Unweighted L_s : L_Mnfld: 0.00082,  L_NonMnfld: 0.01832,  L_Nrml: 0.00000,  L_Eknl: 0.05002, L_Morse: 2.39959

Weights: [7000.0, 600.0, 0, 50.0, 0.0, 0.1], lr=5.000e-05
Epoch: 0 [8650/10000 (86%)] Loss: 19.65712 = L_Mnfld: 6.60434 + L_NonMnfld: 10.25041 + L_Nrml: 0.00000 + L_Eknl: 2.56404 + L_Div: 0.00000 + L_Morse: 0.23832
Epoch: 0 [8650/10000 (86%)] Unweighted L_s : L_Mnfld: 0.00094,  L_NonMnfld: 0.01708,  L_Nrml: 0.00000,  L_Eknl: 0.05128, L_Morse: 2.38320

Weights: [7000.0, 600.0, 0, 50.0, 0.0, 0.1], lr=5.000e-05
Epoch: 0 [8660/10000 (87%)] Loss: 20.06309 = L_Mnfld: 5.91633 + L_NonMnfld: 11.36531 + L_Nrml: 0.00000 + L_Eknl: 2.53537 + L_Div: 0.00000 + L_Morse: 0.24609
Epoch: 0 [8660/10000 (87%)] Unweighted L_s : L_Mnfld: 0.00085,  L_NonMnfld: 0.01894,  L_Nrml: 0.00000,  L_Eknl: 0.05071, L_Morse: 2.46091

Weights: [7000.0, 600.0, 0, 50.0, 0.0, 0.1], lr=5.000e-05
Epoch: 0 [8670/10000 (87%)] Loss: 18.71278 = L_Mnfld: 5.50610 + L_NonMnfld: 10.49055 + L_Nrml: 0.00000 + L_Eknl: 2.46947 + L_Div: 0.00000 + L_Morse: 0.24666
Epoch: 0 [8670/10000 (87%)] Unweighted L_s : L_Mnfld: 0.00079,  L_NonMnfld: 0.01748,  L_Nrml: 0.00000,  L_Eknl: 0.04939, L_Morse: 2.46662

Weights: [7000.0, 600.0, 0, 50.0, 0.0, 0.1], lr=5.000e-05
Epoch: 0 [8680/10000 (87%)] Loss: 19.33451 = L_Mnfld: 5.57668 + L_NonMnfld: 11.11628 + L_Nrml: 0.00000 + L_Eknl: 2.39614 + L_Div: 0.00000 + L_Morse: 0.24540
Epoch: 0 [8680/10000 (87%)] Unweighted L_s : L_Mnfld: 0.00080,  L_NonMnfld: 0.01853,  L_Nrml: 0.00000,  L_Eknl: 0.04792, L_Morse: 2.45403

Weights: [7000.0, 600.0, 0, 50.0, 0.0, 0.1], lr=5.000e-05
Epoch: 0 [8690/10000 (87%)] Loss: 18.55580 = L_Mnfld: 5.64139 + L_NonMnfld: 10.16082 + L_Nrml: 0.00000 + L_Eknl: 2.50288 + L_Div: 0.00000 + L_Morse: 0.25072
Epoch: 0 [8690/10000 (87%)] Unweighted L_s : L_Mnfld: 0.00081,  L_NonMnfld: 0.01693,  L_Nrml: 0.00000,  L_Eknl: 0.05006, L_Morse: 2.50717

Weights: [7000.0, 600.0, 0, 50.0, 0.0, 0.1], lr=5.000e-05
Epoch: 0 [8700/10000 (87%)] Loss: 18.93266 = L_Mnfld: 6.10338 + L_NonMnfld: 9.97707 + L_Nrml: 0.00000 + L_Eknl: 2.60337 + L_Div: 0.00000 + L_Morse: 0.24883
Epoch: 0 [8700/10000 (87%)] Unweighted L_s : L_Mnfld: 0.00087,  L_NonMnfld: 0.01663,  L_Nrml: 0.00000,  L_Eknl: 0.05207, L_Morse: 2.48831

Weights: [7000.0, 600.0, 0, 50.0, 0.0, 0.1], lr=5.000e-05
Epoch: 0 [8710/10000 (87%)] Loss: 19.08781 = L_Mnfld: 5.36938 + L_NonMnfld: 10.97800 + L_Nrml: 0.00000 + L_Eknl: 2.49079 + L_Div: 0.00000 + L_Morse: 0.24964
Epoch: 0 [8710/10000 (87%)] Unweighted L_s : L_Mnfld: 0.00077,  L_NonMnfld: 0.01830,  L_Nrml: 0.00000,  L_Eknl: 0.04982, L_Morse: 2.49644

Weights: [7000.0, 600.0, 0, 50.0, 0.0, 0.1], lr=5.000e-05
Epoch: 0 [8720/10000 (87%)] Loss: 19.63761 = L_Mnfld: 6.30899 + L_NonMnfld: 10.22740 + L_Nrml: 0.00000 + L_Eknl: 2.84961 + L_Div: 0.00000 + L_Morse: 0.25160
Epoch: 0 [8720/10000 (87%)] Unweighted L_s : L_Mnfld: 0.00090,  L_NonMnfld: 0.01705,  L_Nrml: 0.00000,  L_Eknl: 0.05699, L_Morse: 2.51600

Weights: [7000.0, 600.0, 0, 50.0, 0.0, 0.1], lr=5.000e-05
Epoch: 0 [8730/10000 (87%)] Loss: 19.62108 = L_Mnfld: 5.65081 + L_NonMnfld: 11.29560 + L_Nrml: 0.00000 + L_Eknl: 2.42720 + L_Div: 0.00000 + L_Morse: 0.24748
Epoch: 0 [8730/10000 (87%)] Unweighted L_s : L_Mnfld: 0.00081,  L_NonMnfld: 0.01883,  L_Nrml: 0.00000,  L_Eknl: 0.04854, L_Morse: 2.47481

Weights: [7000.0, 600.0, 0, 50.0, 0.0, 0.1], lr=5.000e-05
Epoch: 0 [8740/10000 (87%)] Loss: 21.16928 = L_Mnfld: 6.67993 + L_NonMnfld: 11.58128 + L_Nrml: 0.00000 + L_Eknl: 2.65990 + L_Div: 0.00000 + L_Morse: 0.24817
Epoch: 0 [8740/10000 (87%)] Unweighted L_s : L_Mnfld: 0.00095,  L_NonMnfld: 0.01930,  L_Nrml: 0.00000,  L_Eknl: 0.05320, L_Morse: 2.48168

Weights: [7000.0, 600.0, 0, 50.0, 0.0, 0.1], lr=5.000e-05
Epoch: 0 [8750/10000 (88%)] Loss: 19.76755 = L_Mnfld: 6.19561 + L_NonMnfld: 10.41221 + L_Nrml: 0.00000 + L_Eknl: 2.90992 + L_Div: 0.00000 + L_Morse: 0.24981
Epoch: 0 [8750/10000 (88%)] Unweighted L_s : L_Mnfld: 0.00089,  L_NonMnfld: 0.01735,  L_Nrml: 0.00000,  L_Eknl: 0.05820, L_Morse: 2.49809

Weights: [7000.0, 600.0, 0, 50.0, 0.0, 0.1], lr=5.000e-05
Epoch: 0 [8760/10000 (88%)] Loss: 19.43266 = L_Mnfld: 6.27974 + L_NonMnfld: 10.26360 + L_Nrml: 0.00000 + L_Eknl: 2.63916 + L_Div: 0.00000 + L_Morse: 0.25016
Epoch: 0 [8760/10000 (88%)] Unweighted L_s : L_Mnfld: 0.00090,  L_NonMnfld: 0.01711,  L_Nrml: 0.00000,  L_Eknl: 0.05278, L_Morse: 2.50158

Weights: [7000.0, 600.0, 0, 50.0, 0.0, 0.1], lr=5.000e-05
Epoch: 0 [8770/10000 (88%)] Loss: 20.14021 = L_Mnfld: 6.23296 + L_NonMnfld: 11.17100 + L_Nrml: 0.00000 + L_Eknl: 2.48640 + L_Div: 0.00000 + L_Morse: 0.24984
Epoch: 0 [8770/10000 (88%)] Unweighted L_s : L_Mnfld: 0.00089,  L_NonMnfld: 0.01862,  L_Nrml: 0.00000,  L_Eknl: 0.04973, L_Morse: 2.49845

Weights: [7000.0, 600.0, 0, 50.0, 0.0, 0.1], lr=5.000e-05
Epoch: 0 [8780/10000 (88%)] Loss: 18.81135 = L_Mnfld: 6.56855 + L_NonMnfld: 9.31112 + L_Nrml: 0.00000 + L_Eknl: 2.68217 + L_Div: 0.00000 + L_Morse: 0.24951
Epoch: 0 [8780/10000 (88%)] Unweighted L_s : L_Mnfld: 0.00094,  L_NonMnfld: 0.01552,  L_Nrml: 0.00000,  L_Eknl: 0.05364, L_Morse: 2.49509

Weights: [7000.0, 600.0, 0, 50.0, 0.0, 0.1], lr=5.000e-05
Epoch: 0 [8790/10000 (88%)] Loss: 20.08821 = L_Mnfld: 6.51911 + L_NonMnfld: 10.64680 + L_Nrml: 0.00000 + L_Eknl: 2.67072 + L_Div: 0.00000 + L_Morse: 0.25158
Epoch: 0 [8790/10000 (88%)] Unweighted L_s : L_Mnfld: 0.00093,  L_NonMnfld: 0.01774,  L_Nrml: 0.00000,  L_Eknl: 0.05341, L_Morse: 2.51582

Weights: [7000.0, 600.0, 0, 50.0, 0.0, 0.1], lr=5.000e-05
Epoch: 0 [8800/10000 (88%)] Loss: 20.85402 = L_Mnfld: 6.74516 + L_NonMnfld: 11.13517 + L_Nrml: 0.00000 + L_Eknl: 2.72203 + L_Div: 0.00000 + L_Morse: 0.25165
Epoch: 0 [8800/10000 (88%)] Unweighted L_s : L_Mnfld: 0.00096,  L_NonMnfld: 0.01856,  L_Nrml: 0.00000,  L_Eknl: 0.05444, L_Morse: 2.51653

Weights: [7000.0, 600.0, 0, 50.0, 0.0, 0.1], lr=5.000e-05
Epoch: 0 [8810/10000 (88%)] Loss: 20.22938 = L_Mnfld: 6.13583 + L_NonMnfld: 11.05069 + L_Nrml: 0.00000 + L_Eknl: 2.79000 + L_Div: 0.00000 + L_Morse: 0.25286
Epoch: 0 [8810/10000 (88%)] Unweighted L_s : L_Mnfld: 0.00088,  L_NonMnfld: 0.01842,  L_Nrml: 0.00000,  L_Eknl: 0.05580, L_Morse: 2.52859

Weights: [7000.0, 600.0, 0, 50.0, 0.0, 0.1], lr=5.000e-05
Epoch: 0 [8820/10000 (88%)] Loss: 19.97491 = L_Mnfld: 6.95560 + L_NonMnfld: 9.75347 + L_Nrml: 0.00000 + L_Eknl: 3.01556 + L_Div: 0.00000 + L_Morse: 0.25027
Epoch: 0 [8820/10000 (88%)] Unweighted L_s : L_Mnfld: 0.00099,  L_NonMnfld: 0.01626,  L_Nrml: 0.00000,  L_Eknl: 0.06031, L_Morse: 2.50274

Weights: [7000.0, 600.0, 0, 50.0, 0.0, 0.1], lr=5.000e-05
Epoch: 0 [8830/10000 (88%)] Loss: 19.92842 = L_Mnfld: 6.13078 + L_NonMnfld: 10.70949 + L_Nrml: 0.00000 + L_Eknl: 2.83980 + L_Div: 0.00000 + L_Morse: 0.24835
Epoch: 0 [8830/10000 (88%)] Unweighted L_s : L_Mnfld: 0.00088,  L_NonMnfld: 0.01785,  L_Nrml: 0.00000,  L_Eknl: 0.05680, L_Morse: 2.48351

Weights: [7000.0, 600.0, 0, 50.0, 0.0, 0.1], lr=5.000e-05
Epoch: 0 [8840/10000 (88%)] Loss: 21.22869 = L_Mnfld: 6.89919 + L_NonMnfld: 11.09710 + L_Nrml: 0.00000 + L_Eknl: 2.98220 + L_Div: 0.00000 + L_Morse: 0.25020
Epoch: 0 [8840/10000 (88%)] Unweighted L_s : L_Mnfld: 0.00099,  L_NonMnfld: 0.01850,  L_Nrml: 0.00000,  L_Eknl: 0.05964, L_Morse: 2.50204

Weights: [7000.0, 600.0, 0, 50.0, 0.0, 0.1], lr=5.000e-05
Epoch: 0 [8850/10000 (88%)] Loss: 20.24545 = L_Mnfld: 6.51545 + L_NonMnfld: 10.76802 + L_Nrml: 0.00000 + L_Eknl: 2.71712 + L_Div: 0.00000 + L_Morse: 0.24486
Epoch: 0 [8850/10000 (88%)] Unweighted L_s : L_Mnfld: 0.00093,  L_NonMnfld: 0.01795,  L_Nrml: 0.00000,  L_Eknl: 0.05434, L_Morse: 2.44862

Weights: [7000.0, 600.0, 0, 50.0, 0.0, 0.1], lr=5.000e-05
Epoch: 0 [8860/10000 (89%)] Loss: 20.57226 = L_Mnfld: 6.68399 + L_NonMnfld: 10.87582 + L_Nrml: 0.00000 + L_Eknl: 2.76481 + L_Div: 0.00000 + L_Morse: 0.24764
Epoch: 0 [8860/10000 (89%)] Unweighted L_s : L_Mnfld: 0.00095,  L_NonMnfld: 0.01813,  L_Nrml: 0.00000,  L_Eknl: 0.05530, L_Morse: 2.47644

Weights: [7000.0, 600.0, 0, 50.0, 0.0, 0.1], lr=5.000e-05
Epoch: 0 [8870/10000 (89%)] Loss: 19.49329 = L_Mnfld: 5.98394 + L_NonMnfld: 10.68148 + L_Nrml: 0.00000 + L_Eknl: 2.58280 + L_Div: 0.00000 + L_Morse: 0.24508
Epoch: 0 [8870/10000 (89%)] Unweighted L_s : L_Mnfld: 0.00085,  L_NonMnfld: 0.01780,  L_Nrml: 0.00000,  L_Eknl: 0.05166, L_Morse: 2.45079

Weights: [7000.0, 600.0, 0, 50.0, 0.0, 0.1], lr=5.000e-05
Epoch: 0 [8880/10000 (89%)] Loss: 20.67349 = L_Mnfld: 6.23686 + L_NonMnfld: 11.61658 + L_Nrml: 0.00000 + L_Eknl: 2.57029 + L_Div: 0.00000 + L_Morse: 0.24976
Epoch: 0 [8880/10000 (89%)] Unweighted L_s : L_Mnfld: 0.00089,  L_NonMnfld: 0.01936,  L_Nrml: 0.00000,  L_Eknl: 0.05141, L_Morse: 2.49760

Weights: [7000.0, 600.0, 0, 50.0, 0.0, 0.1], lr=5.000e-05
Epoch: 0 [8890/10000 (89%)] Loss: 21.30730 = L_Mnfld: 6.63472 + L_NonMnfld: 11.39760 + L_Nrml: 0.00000 + L_Eknl: 3.02512 + L_Div: 0.00000 + L_Morse: 0.24986
Epoch: 0 [8890/10000 (89%)] Unweighted L_s : L_Mnfld: 0.00095,  L_NonMnfld: 0.01900,  L_Nrml: 0.00000,  L_Eknl: 0.06050, L_Morse: 2.49863

Weights: [7000.0, 600.0, 0, 50.0, 0.0, 0.1], lr=5.000e-05
Epoch: 0 [8900/10000 (89%)] Loss: 20.09472 = L_Mnfld: 6.22536 + L_NonMnfld: 11.01901 + L_Nrml: 0.00000 + L_Eknl: 2.59566 + L_Div: 0.00000 + L_Morse: 0.25469
Epoch: 0 [8900/10000 (89%)] Unweighted L_s : L_Mnfld: 0.00089,  L_NonMnfld: 0.01837,  L_Nrml: 0.00000,  L_Eknl: 0.05191, L_Morse: 2.54686

Weights: [7000.0, 600.0, 0, 50.0, 0.0, 0.1], lr=5.000e-05
Epoch: 0 [8910/10000 (89%)] Loss: 19.73550 = L_Mnfld: 6.28799 + L_NonMnfld: 10.61338 + L_Nrml: 0.00000 + L_Eknl: 2.58532 + L_Div: 0.00000 + L_Morse: 0.24882
Epoch: 0 [8910/10000 (89%)] Unweighted L_s : L_Mnfld: 0.00090,  L_NonMnfld: 0.01769,  L_Nrml: 0.00000,  L_Eknl: 0.05171, L_Morse: 2.48816

Weights: [7000.0, 600.0, 0, 50.0, 0.0, 0.1], lr=5.000e-05
Epoch: 0 [8920/10000 (89%)] Loss: 19.74363 = L_Mnfld: 6.42187 + L_NonMnfld: 10.21507 + L_Nrml: 0.00000 + L_Eknl: 2.85674 + L_Div: 0.00000 + L_Morse: 0.24995
Epoch: 0 [8920/10000 (89%)] Unweighted L_s : L_Mnfld: 0.00092,  L_NonMnfld: 0.01703,  L_Nrml: 0.00000,  L_Eknl: 0.05713, L_Morse: 2.49947

Weights: [7000.0, 600.0, 0, 50.0, 0.0, 0.1], lr=5.000e-05
Epoch: 0 [8930/10000 (89%)] Loss: 19.95011 = L_Mnfld: 5.77213 + L_NonMnfld: 11.47813 + L_Nrml: 0.00000 + L_Eknl: 2.45616 + L_Div: 0.00000 + L_Morse: 0.24369
Epoch: 0 [8930/10000 (89%)] Unweighted L_s : L_Mnfld: 0.00082,  L_NonMnfld: 0.01913,  L_Nrml: 0.00000,  L_Eknl: 0.04912, L_Morse: 2.43688

Weights: [7000.0, 600.0, 0, 50.0, 0.0, 0.1], lr=5.000e-05
Epoch: 0 [8940/10000 (89%)] Loss: 19.65556 = L_Mnfld: 6.10820 + L_NonMnfld: 10.63204 + L_Nrml: 0.00000 + L_Eknl: 2.65977 + L_Div: 0.00000 + L_Morse: 0.25554
Epoch: 0 [8940/10000 (89%)] Unweighted L_s : L_Mnfld: 0.00087,  L_NonMnfld: 0.01772,  L_Nrml: 0.00000,  L_Eknl: 0.05320, L_Morse: 2.55539

Weights: [7000.0, 600.0, 0, 50.0, 0.0, 0.1], lr=5.000e-05
Epoch: 0 [8950/10000 (90%)] Loss: 17.92177 = L_Mnfld: 5.63398 + L_NonMnfld: 9.45271 + L_Nrml: 0.00000 + L_Eknl: 2.58385 + L_Div: 0.00000 + L_Morse: 0.25123
Epoch: 0 [8950/10000 (90%)] Unweighted L_s : L_Mnfld: 0.00080,  L_NonMnfld: 0.01575,  L_Nrml: 0.00000,  L_Eknl: 0.05168, L_Morse: 2.51228

Weights: [7000.0, 600.0, 0, 50.0, 0.0, 0.1], lr=5.000e-05
Epoch: 0 [8960/10000 (90%)] Loss: 18.66384 = L_Mnfld: 5.23636 + L_NonMnfld: 10.72619 + L_Nrml: 0.00000 + L_Eknl: 2.44934 + L_Div: 0.00000 + L_Morse: 0.25196
Epoch: 0 [8960/10000 (90%)] Unweighted L_s : L_Mnfld: 0.00075,  L_NonMnfld: 0.01788,  L_Nrml: 0.00000,  L_Eknl: 0.04899, L_Morse: 2.51959

Weights: [7000.0, 600.0, 0, 50.0, 0.0, 0.1], lr=5.000e-05
Epoch: 0 [8970/10000 (90%)] Loss: 17.57337 = L_Mnfld: 5.52970 + L_NonMnfld: 9.34372 + L_Nrml: 0.00000 + L_Eknl: 2.45738 + L_Div: 0.00000 + L_Morse: 0.24257
Epoch: 0 [8970/10000 (90%)] Unweighted L_s : L_Mnfld: 0.00079,  L_NonMnfld: 0.01557,  L_Nrml: 0.00000,  L_Eknl: 0.04915, L_Morse: 2.42574

Weights: [7000.0, 600.0, 0, 50.0, 0.0, 0.1], lr=5.000e-05
Epoch: 0 [8980/10000 (90%)] Loss: 19.30954 = L_Mnfld: 5.71822 + L_NonMnfld: 10.81562 + L_Nrml: 0.00000 + L_Eknl: 2.52557 + L_Div: 0.00000 + L_Morse: 0.25013
Epoch: 0 [8980/10000 (90%)] Unweighted L_s : L_Mnfld: 0.00082,  L_NonMnfld: 0.01803,  L_Nrml: 0.00000,  L_Eknl: 0.05051, L_Morse: 2.50131

Weights: [7000.0, 600.0, 0, 50.0, 0.0, 0.1], lr=5.000e-05
Epoch: 0 [8990/10000 (90%)] Loss: 18.71268 = L_Mnfld: 5.57849 + L_NonMnfld: 10.27706 + L_Nrml: 0.00000 + L_Eknl: 2.61046 + L_Div: 0.00000 + L_Morse: 0.24667
Epoch: 0 [8990/10000 (90%)] Unweighted L_s : L_Mnfld: 0.00080,  L_NonMnfld: 0.01713,  L_Nrml: 0.00000,  L_Eknl: 0.05221, L_Morse: 2.46674

Weights: [7000.0, 600.0, 0, 50.0, 0.0, 0.1], lr=5.000e-05
Epoch: 0 [9000/10000 (90%)] Loss: 20.07472 = L_Mnfld: 5.88725 + L_NonMnfld: 11.23337 + L_Nrml: 0.00000 + L_Eknl: 2.70546 + L_Div: 0.00000 + L_Morse: 0.24864
Epoch: 0 [9000/10000 (90%)] Unweighted L_s : L_Mnfld: 0.00084,  L_NonMnfld: 0.01872,  L_Nrml: 0.00000,  L_Eknl: 0.05411, L_Morse: 2.48643

Weights: [7000.0, 600.0, 0, 50.0, 0.0, 0.1], lr=5.000e-05
Epoch: 0 [9010/10000 (90%)] Loss: 18.96189 = L_Mnfld: 5.96648 + L_NonMnfld: 10.15050 + L_Nrml: 0.00000 + L_Eknl: 2.60034 + L_Div: 0.00000 + L_Morse: 0.24456
Epoch: 0 [9010/10000 (90%)] Unweighted L_s : L_Mnfld: 0.00085,  L_NonMnfld: 0.01692,  L_Nrml: 0.00000,  L_Eknl: 0.05201, L_Morse: 2.44565

Weights: [7000.0, 600.0, 0, 50.0, 0.0, 0.1], lr=5.000e-05
Epoch: 0 [9020/10000 (90%)] Loss: 20.39874 = L_Mnfld: 5.94569 + L_NonMnfld: 11.51011 + L_Nrml: 0.00000 + L_Eknl: 2.69354 + L_Div: 0.00000 + L_Morse: 0.24939
Epoch: 0 [9020/10000 (90%)] Unweighted L_s : L_Mnfld: 0.00085,  L_NonMnfld: 0.01918,  L_Nrml: 0.00000,  L_Eknl: 0.05387, L_Morse: 2.49386

Weights: [7000.0, 600.0, 0, 50.0, 0.0, 0.1], lr=5.000e-05
Epoch: 0 [9030/10000 (90%)] Loss: 19.23778 = L_Mnfld: 6.11319 + L_NonMnfld: 10.27854 + L_Nrml: 0.00000 + L_Eknl: 2.59908 + L_Div: 0.00000 + L_Morse: 0.24696
Epoch: 0 [9030/10000 (90%)] Unweighted L_s : L_Mnfld: 0.00087,  L_NonMnfld: 0.01713,  L_Nrml: 0.00000,  L_Eknl: 0.05198, L_Morse: 2.46964

Weights: [7000.0, 600.0, 0, 50.0, 0.0, 0.1], lr=5.000e-05
Epoch: 0 [9040/10000 (90%)] Loss: 19.83205 = L_Mnfld: 6.08796 + L_NonMnfld: 10.67451 + L_Nrml: 0.00000 + L_Eknl: 2.81666 + L_Div: 0.00000 + L_Morse: 0.25292
Epoch: 0 [9040/10000 (90%)] Unweighted L_s : L_Mnfld: 0.00087,  L_NonMnfld: 0.01779,  L_Nrml: 0.00000,  L_Eknl: 0.05633, L_Morse: 2.52924

Weights: [7000.0, 600.0, 0, 50.0, 0.0, 0.1], lr=5.000e-05
Epoch: 0 [9050/10000 (90%)] Loss: 18.67247 = L_Mnfld: 5.95707 + L_NonMnfld: 9.86802 + L_Nrml: 0.00000 + L_Eknl: 2.59907 + L_Div: 0.00000 + L_Morse: 0.24832
Epoch: 0 [9050/10000 (90%)] Unweighted L_s : L_Mnfld: 0.00085,  L_NonMnfld: 0.01645,  L_Nrml: 0.00000,  L_Eknl: 0.05198, L_Morse: 2.48318

Weights: [7000.0, 600.0, 0, 50.0, 0.0, 0.1], lr=5.000e-05
Epoch: 0 [9060/10000 (91%)] Loss: 19.48769 = L_Mnfld: 5.96209 + L_NonMnfld: 10.51940 + L_Nrml: 0.00000 + L_Eknl: 2.75215 + L_Div: 0.00000 + L_Morse: 0.25405
Epoch: 0 [9060/10000 (91%)] Unweighted L_s : L_Mnfld: 0.00085,  L_NonMnfld: 0.01753,  L_Nrml: 0.00000,  L_Eknl: 0.05504, L_Morse: 2.54055

Weights: [7000.0, 600.0, 0, 50.0, 0.0, 0.1], lr=5.000e-05
Epoch: 0 [9070/10000 (91%)] Loss: 18.48449 = L_Mnfld: 5.67876 + L_NonMnfld: 10.03232 + L_Nrml: 0.00000 + L_Eknl: 2.52055 + L_Div: 0.00000 + L_Morse: 0.25286
Epoch: 0 [9070/10000 (91%)] Unweighted L_s : L_Mnfld: 0.00081,  L_NonMnfld: 0.01672,  L_Nrml: 0.00000,  L_Eknl: 0.05041, L_Morse: 2.52856

Weights: [7000.0, 600.0, 0, 50.0, 0.0, 0.1], lr=5.000e-05
Epoch: 0 [9080/10000 (91%)] Loss: 19.71841 = L_Mnfld: 5.67147 + L_NonMnfld: 11.36406 + L_Nrml: 0.00000 + L_Eknl: 2.42750 + L_Div: 0.00000 + L_Morse: 0.25537
Epoch: 0 [9080/10000 (91%)] Unweighted L_s : L_Mnfld: 0.00081,  L_NonMnfld: 0.01894,  L_Nrml: 0.00000,  L_Eknl: 0.04855, L_Morse: 2.55373

Weights: [7000.0, 600.0, 0, 50.0, 0.0, 0.1], lr=5.000e-05
Epoch: 0 [9090/10000 (91%)] Loss: 18.99860 = L_Mnfld: 5.72128 + L_NonMnfld: 10.42899 + L_Nrml: 0.00000 + L_Eknl: 2.59366 + L_Div: 0.00000 + L_Morse: 0.25466
Epoch: 0 [9090/10000 (91%)] Unweighted L_s : L_Mnfld: 0.00082,  L_NonMnfld: 0.01738,  L_Nrml: 0.00000,  L_Eknl: 0.05187, L_Morse: 2.54660

Weights: [7000.0, 600.0, 0, 50.0, 0.0, 0.1], lr=5.000e-05
Epoch: 0 [9100/10000 (91%)] Loss: 18.97060 = L_Mnfld: 5.85281 + L_NonMnfld: 10.41703 + L_Nrml: 0.00000 + L_Eknl: 2.45697 + L_Div: 0.00000 + L_Morse: 0.24379
Epoch: 0 [9100/10000 (91%)] Unweighted L_s : L_Mnfld: 0.00084,  L_NonMnfld: 0.01736,  L_Nrml: 0.00000,  L_Eknl: 0.04914, L_Morse: 2.43787

Weights: [7000.0, 600.0, 0, 50.0, 0.0, 0.1], lr=5.000e-05
Epoch: 0 [9110/10000 (91%)] Loss: 20.11839 = L_Mnfld: 5.95760 + L_NonMnfld: 11.41757 + L_Nrml: 0.00000 + L_Eknl: 2.49352 + L_Div: 0.00000 + L_Morse: 0.24970
Epoch: 0 [9110/10000 (91%)] Unweighted L_s : L_Mnfld: 0.00085,  L_NonMnfld: 0.01903,  L_Nrml: 0.00000,  L_Eknl: 0.04987, L_Morse: 2.49701

Weights: [7000.0, 600.0, 0, 50.0, 0.0, 0.1], lr=5.000e-05
Epoch: 0 [9120/10000 (91%)] Loss: 19.38267 = L_Mnfld: 6.49303 + L_NonMnfld: 9.75365 + L_Nrml: 0.00000 + L_Eknl: 2.88161 + L_Div: 0.00000 + L_Morse: 0.25438
Epoch: 0 [9120/10000 (91%)] Unweighted L_s : L_Mnfld: 0.00093,  L_NonMnfld: 0.01626,  L_Nrml: 0.00000,  L_Eknl: 0.05763, L_Morse: 2.54380

Weights: [7000.0, 600.0, 0, 50.0, 0.0, 0.1], lr=5.000e-05
Epoch: 0 [9130/10000 (91%)] Loss: 20.63877 = L_Mnfld: 5.84015 + L_NonMnfld: 11.86269 + L_Nrml: 0.00000 + L_Eknl: 2.68364 + L_Div: 0.00000 + L_Morse: 0.25229
Epoch: 0 [9130/10000 (91%)] Unweighted L_s : L_Mnfld: 0.00083,  L_NonMnfld: 0.01977,  L_Nrml: 0.00000,  L_Eknl: 0.05367, L_Morse: 2.52293

Weights: [7000.0, 600.0, 0, 50.0, 0.0, 0.1], lr=5.000e-05
Epoch: 0 [9140/10000 (91%)] Loss: 21.16137 = L_Mnfld: 6.89300 + L_NonMnfld: 10.83701 + L_Nrml: 0.00000 + L_Eknl: 3.17510 + L_Div: 0.00000 + L_Morse: 0.25626
Epoch: 0 [9140/10000 (91%)] Unweighted L_s : L_Mnfld: 0.00098,  L_NonMnfld: 0.01806,  L_Nrml: 0.00000,  L_Eknl: 0.06350, L_Morse: 2.56262

Weights: [7000.0, 600.0, 0, 50.0, 0.0, 0.1], lr=5.000e-05
Epoch: 0 [9150/10000 (92%)] Loss: 20.59152 = L_Mnfld: 6.43284 + L_NonMnfld: 11.20399 + L_Nrml: 0.00000 + L_Eknl: 2.70467 + L_Div: 0.00000 + L_Morse: 0.25002
Epoch: 0 [9150/10000 (92%)] Unweighted L_s : L_Mnfld: 0.00092,  L_NonMnfld: 0.01867,  L_Nrml: 0.00000,  L_Eknl: 0.05409, L_Morse: 2.50023

Weights: [7000.0, 600.0, 0, 50.0, 0.0, 0.1], lr=5.000e-05
Epoch: 0 [9160/10000 (92%)] Loss: 20.01982 = L_Mnfld: 6.33526 + L_NonMnfld: 10.62217 + L_Nrml: 0.00000 + L_Eknl: 2.80897 + L_Div: 0.00000 + L_Morse: 0.25342
Epoch: 0 [9160/10000 (92%)] Unweighted L_s : L_Mnfld: 0.00091,  L_NonMnfld: 0.01770,  L_Nrml: 0.00000,  L_Eknl: 0.05618, L_Morse: 2.53420

Weights: [7000.0, 600.0, 0, 50.0, 0.0, 0.1], lr=5.000e-05
Epoch: 0 [9170/10000 (92%)] Loss: 19.38988 = L_Mnfld: 6.08199 + L_NonMnfld: 10.40129 + L_Nrml: 0.00000 + L_Eknl: 2.65526 + L_Div: 0.00000 + L_Morse: 0.25134
Epoch: 0 [9170/10000 (92%)] Unweighted L_s : L_Mnfld: 0.00087,  L_NonMnfld: 0.01734,  L_Nrml: 0.00000,  L_Eknl: 0.05311, L_Morse: 2.51343

Weights: [7000.0, 600.0, 0, 50.0, 0.0, 0.1], lr=5.000e-05
Epoch: 0 [9180/10000 (92%)] Loss: 18.95814 = L_Mnfld: 6.59358 + L_NonMnfld: 9.45590 + L_Nrml: 0.00000 + L_Eknl: 2.66209 + L_Div: 0.00000 + L_Morse: 0.24658
Epoch: 0 [9180/10000 (92%)] Unweighted L_s : L_Mnfld: 0.00094,  L_NonMnfld: 0.01576,  L_Nrml: 0.00000,  L_Eknl: 0.05324, L_Morse: 2.46578

Weights: [7000.0, 600.0, 0, 50.0, 0.0, 0.1], lr=5.000e-05
Epoch: 0 [9190/10000 (92%)] Loss: 19.75145 = L_Mnfld: 6.08447 + L_NonMnfld: 10.75001 + L_Nrml: 0.00000 + L_Eknl: 2.66571 + L_Div: 0.00000 + L_Morse: 0.25127
Epoch: 0 [9190/10000 (92%)] Unweighted L_s : L_Mnfld: 0.00087,  L_NonMnfld: 0.01792,  L_Nrml: 0.00000,  L_Eknl: 0.05331, L_Morse: 2.51266

Weights: [7000.0, 600.0, 0, 50.0, 0.0, 0.1], lr=5.000e-05
Epoch: 0 [9200/10000 (92%)] Loss: 18.75809 = L_Mnfld: 5.82597 + L_NonMnfld: 9.92234 + L_Nrml: 0.00000 + L_Eknl: 2.75298 + L_Div: 0.00000 + L_Morse: 0.25680
Epoch: 0 [9200/10000 (92%)] Unweighted L_s : L_Mnfld: 0.00083,  L_NonMnfld: 0.01654,  L_Nrml: 0.00000,  L_Eknl: 0.05506, L_Morse: 2.56798

Weights: [7000.0, 600.0, 0, 50.0, 0.0, 0.1], lr=5.000e-05
Epoch: 0 [9210/10000 (92%)] Loss: 19.12995 = L_Mnfld: 6.07682 + L_NonMnfld: 9.97110 + L_Nrml: 0.00000 + L_Eknl: 2.83291 + L_Div: 0.00000 + L_Morse: 0.24912
Epoch: 0 [9210/10000 (92%)] Unweighted L_s : L_Mnfld: 0.00087,  L_NonMnfld: 0.01662,  L_Nrml: 0.00000,  L_Eknl: 0.05666, L_Morse: 2.49119

Weights: [7000.0, 600.0, 0, 50.0, 0.0, 0.1], lr=5.000e-05
Epoch: 0 [9220/10000 (92%)] Loss: 20.05311 = L_Mnfld: 6.01739 + L_NonMnfld: 10.85166 + L_Nrml: 0.00000 + L_Eknl: 2.93322 + L_Div: 0.00000 + L_Morse: 0.25084
Epoch: 0 [9220/10000 (92%)] Unweighted L_s : L_Mnfld: 0.00086,  L_NonMnfld: 0.01809,  L_Nrml: 0.00000,  L_Eknl: 0.05866, L_Morse: 2.50844

Weights: [7000.0, 600.0, 0, 50.0, 0.0, 0.1], lr=5.000e-05
Epoch: 0 [9230/10000 (92%)] Loss: 19.36290 = L_Mnfld: 5.72957 + L_NonMnfld: 10.63193 + L_Nrml: 0.00000 + L_Eknl: 2.75319 + L_Div: 0.00000 + L_Morse: 0.24821
Epoch: 0 [9230/10000 (92%)] Unweighted L_s : L_Mnfld: 0.00082,  L_NonMnfld: 0.01772,  L_Nrml: 0.00000,  L_Eknl: 0.05506, L_Morse: 2.48205

Weights: [7000.0, 600.0, 0, 50.0, 0.0, 0.1], lr=5.000e-05
Epoch: 0 [9240/10000 (92%)] Loss: 19.02359 = L_Mnfld: 5.59147 + L_NonMnfld: 10.55494 + L_Nrml: 0.00000 + L_Eknl: 2.62789 + L_Div: 0.00000 + L_Morse: 0.24928
Epoch: 0 [9240/10000 (92%)] Unweighted L_s : L_Mnfld: 0.00080,  L_NonMnfld: 0.01759,  L_Nrml: 0.00000,  L_Eknl: 0.05256, L_Morse: 2.49284

Weights: [7000.0, 600.0, 0, 50.0, 0.0, 0.1], lr=5.000e-05
Epoch: 0 [9250/10000 (92%)] Loss: 18.25651 = L_Mnfld: 5.44860 + L_NonMnfld: 10.09539 + L_Nrml: 0.00000 + L_Eknl: 2.45865 + L_Div: 0.00000 + L_Morse: 0.25388
Epoch: 0 [9250/10000 (92%)] Unweighted L_s : L_Mnfld: 0.00078,  L_NonMnfld: 0.01683,  L_Nrml: 0.00000,  L_Eknl: 0.04917, L_Morse: 2.53878

Weights: [7000.0, 600.0, 0, 50.0, 0.0, 0.1], lr=5.000e-05
Epoch: 0 [9260/10000 (93%)] Loss: 18.87582 = L_Mnfld: 5.36167 + L_NonMnfld: 10.66637 + L_Nrml: 0.00000 + L_Eknl: 2.59652 + L_Div: 0.00000 + L_Morse: 0.25126
Epoch: 0 [9260/10000 (93%)] Unweighted L_s : L_Mnfld: 0.00077,  L_NonMnfld: 0.01778,  L_Nrml: 0.00000,  L_Eknl: 0.05193, L_Morse: 2.51256

Weights: [7000.0, 600.0, 0, 50.0, 0.0, 0.1], lr=5.000e-05
Epoch: 0 [9270/10000 (93%)] Loss: 19.04689 = L_Mnfld: 5.88255 + L_NonMnfld: 10.22179 + L_Nrml: 0.00000 + L_Eknl: 2.69128 + L_Div: 0.00000 + L_Morse: 0.25128
Epoch: 0 [9270/10000 (93%)] Unweighted L_s : L_Mnfld: 0.00084,  L_NonMnfld: 0.01704,  L_Nrml: 0.00000,  L_Eknl: 0.05383, L_Morse: 2.51278

Weights: [7000.0, 600.0, 0, 50.0, 0.0, 0.1], lr=5.000e-05
Epoch: 0 [9280/10000 (93%)] Loss: 18.74915 = L_Mnfld: 6.14242 + L_NonMnfld: 9.49078 + L_Nrml: 0.00000 + L_Eknl: 2.85871 + L_Div: 0.00000 + L_Morse: 0.25724
Epoch: 0 [9280/10000 (93%)] Unweighted L_s : L_Mnfld: 0.00088,  L_NonMnfld: 0.01582,  L_Nrml: 0.00000,  L_Eknl: 0.05717, L_Morse: 2.57242

Weights: [7000.0, 600.0, 0, 50.0, 0.0, 0.1], lr=5.000e-05
Epoch: 0 [9290/10000 (93%)] Loss: 18.94042 = L_Mnfld: 5.59914 + L_NonMnfld: 10.15526 + L_Nrml: 0.00000 + L_Eknl: 2.93645 + L_Div: 0.00000 + L_Morse: 0.24958
Epoch: 0 [9290/10000 (93%)] Unweighted L_s : L_Mnfld: 0.00080,  L_NonMnfld: 0.01693,  L_Nrml: 0.00000,  L_Eknl: 0.05873, L_Morse: 2.49578

Weights: [7000.0, 600.0, 0, 50.0, 0.0, 0.1], lr=5.000e-05
Epoch: 0 [9300/10000 (93%)] Loss: 20.65891 = L_Mnfld: 7.28093 + L_NonMnfld: 9.55626 + L_Nrml: 0.00000 + L_Eknl: 3.56667 + L_Div: 0.00000 + L_Morse: 0.25504
Epoch: 0 [9300/10000 (93%)] Unweighted L_s : L_Mnfld: 0.00104,  L_NonMnfld: 0.01593,  L_Nrml: 0.00000,  L_Eknl: 0.07133, L_Morse: 2.55038

Weights: [7000.0, 600.0, 0, 50.0, 0.0, 0.1], lr=5.000e-05
Epoch: 0 [9310/10000 (93%)] Loss: 21.65478 = L_Mnfld: 6.88509 + L_NonMnfld: 11.46373 + L_Nrml: 0.00000 + L_Eknl: 3.05723 + L_Div: 0.00000 + L_Morse: 0.24873
Epoch: 0 [9310/10000 (93%)] Unweighted L_s : L_Mnfld: 0.00098,  L_NonMnfld: 0.01911,  L_Nrml: 0.00000,  L_Eknl: 0.06114, L_Morse: 2.48732

Weights: [7000.0, 600.0, 0, 50.0, 0.0, 0.1], lr=5.000e-05
Epoch: 0 [9320/10000 (93%)] Loss: 20.98627 = L_Mnfld: 6.54651 + L_NonMnfld: 11.19664 + L_Nrml: 0.00000 + L_Eknl: 2.99209 + L_Div: 0.00000 + L_Morse: 0.25103
Epoch: 0 [9320/10000 (93%)] Unweighted L_s : L_Mnfld: 0.00094,  L_NonMnfld: 0.01866,  L_Nrml: 0.00000,  L_Eknl: 0.05984, L_Morse: 2.51028

Weights: [7000.0, 600.0, 0, 50.0, 0.0, 0.1], lr=5.000e-05
Epoch: 0 [9330/10000 (93%)] Loss: 20.59926 = L_Mnfld: 6.18711 + L_NonMnfld: 11.34605 + L_Nrml: 0.00000 + L_Eknl: 2.81371 + L_Div: 0.00000 + L_Morse: 0.25240
Epoch: 0 [9330/10000 (93%)] Unweighted L_s : L_Mnfld: 0.00088,  L_NonMnfld: 0.01891,  L_Nrml: 0.00000,  L_Eknl: 0.05627, L_Morse: 2.52398

Weights: [7000.0, 600.0, 0, 50.0, 0.0, 0.1], lr=5.000e-05
Epoch: 0 [9340/10000 (93%)] Loss: 20.17022 = L_Mnfld: 6.24911 + L_NonMnfld: 10.52197 + L_Nrml: 0.00000 + L_Eknl: 3.13695 + L_Div: 0.00000 + L_Morse: 0.26220
Epoch: 0 [9340/10000 (93%)] Unweighted L_s : L_Mnfld: 0.00089,  L_NonMnfld: 0.01754,  L_Nrml: 0.00000,  L_Eknl: 0.06274, L_Morse: 2.62196

Weights: [7000.0, 600.0, 0, 50.0, 0.0, 0.1], lr=5.000e-05
Epoch: 0 [9350/10000 (94%)] Loss: 19.25841 = L_Mnfld: 5.97945 + L_NonMnfld: 10.11313 + L_Nrml: 0.00000 + L_Eknl: 2.91256 + L_Div: 0.00000 + L_Morse: 0.25327
Epoch: 0 [9350/10000 (94%)] Unweighted L_s : L_Mnfld: 0.00085,  L_NonMnfld: 0.01686,  L_Nrml: 0.00000,  L_Eknl: 0.05825, L_Morse: 2.53271

Weights: [7000.0, 600.0, 0, 50.0, 0.0, 0.1], lr=5.000e-05
Epoch: 0 [9360/10000 (94%)] Loss: 19.03044 = L_Mnfld: 5.78409 + L_NonMnfld: 10.42738 + L_Nrml: 0.00000 + L_Eknl: 2.56684 + L_Div: 0.00000 + L_Morse: 0.25214
Epoch: 0 [9360/10000 (94%)] Unweighted L_s : L_Mnfld: 0.00083,  L_NonMnfld: 0.01738,  L_Nrml: 0.00000,  L_Eknl: 0.05134, L_Morse: 2.52135

Weights: [7000.0, 600.0, 0, 50.0, 0.0, 0.1], lr=5.000e-05
Epoch: 0 [9370/10000 (94%)] Loss: 18.24180 = L_Mnfld: 5.79139 + L_NonMnfld: 9.61032 + L_Nrml: 0.00000 + L_Eknl: 2.58560 + L_Div: 0.00000 + L_Morse: 0.25450
Epoch: 0 [9370/10000 (94%)] Unweighted L_s : L_Mnfld: 0.00083,  L_NonMnfld: 0.01602,  L_Nrml: 0.00000,  L_Eknl: 0.05171, L_Morse: 2.54497

Weights: [7000.0, 600.0, 0, 50.0, 0.0, 0.1], lr=5.000e-05
Epoch: 0 [9380/10000 (94%)] Loss: 19.71739 = L_Mnfld: 5.94203 + L_NonMnfld: 10.74396 + L_Nrml: 0.00000 + L_Eknl: 2.77824 + L_Div: 0.00000 + L_Morse: 0.25316
Epoch: 0 [9380/10000 (94%)] Unweighted L_s : L_Mnfld: 0.00085,  L_NonMnfld: 0.01791,  L_Nrml: 0.00000,  L_Eknl: 0.05556, L_Morse: 2.53161

Weights: [7000.0, 600.0, 0, 50.0, 0.0, 0.1], lr=5.000e-05
Epoch: 0 [9390/10000 (94%)] Loss: 19.50734 = L_Mnfld: 5.76401 + L_NonMnfld: 10.71356 + L_Nrml: 0.00000 + L_Eknl: 2.77337 + L_Div: 0.00000 + L_Morse: 0.25639
Epoch: 0 [9390/10000 (94%)] Unweighted L_s : L_Mnfld: 0.00082,  L_NonMnfld: 0.01786,  L_Nrml: 0.00000,  L_Eknl: 0.05547, L_Morse: 2.56392

Weights: [7000.0, 600.0, 0, 50.0, 0.0, 0.1], lr=5.000e-05
Epoch: 0 [9400/10000 (94%)] Loss: 19.58488 = L_Mnfld: 6.27600 + L_NonMnfld: 10.17399 + L_Nrml: 0.00000 + L_Eknl: 2.88241 + L_Div: 0.00000 + L_Morse: 0.25249
Epoch: 0 [9400/10000 (94%)] Unweighted L_s : L_Mnfld: 0.00090,  L_NonMnfld: 0.01696,  L_Nrml: 0.00000,  L_Eknl: 0.05765, L_Morse: 2.52490

Weights: [7000.0, 600.0, 0, 50.0, 0.0, 0.1], lr=5.000e-05
Epoch: 0 [9410/10000 (94%)] Loss: 19.29697 = L_Mnfld: 5.88796 + L_NonMnfld: 10.33481 + L_Nrml: 0.00000 + L_Eknl: 2.82261 + L_Div: 0.00000 + L_Morse: 0.25159
Epoch: 0 [9410/10000 (94%)] Unweighted L_s : L_Mnfld: 0.00084,  L_NonMnfld: 0.01722,  L_Nrml: 0.00000,  L_Eknl: 0.05645, L_Morse: 2.51594

Weights: [7000.0, 600.0, 0, 50.0, 0.0, 0.1], lr=5.000e-05
Epoch: 0 [9420/10000 (94%)] Loss: 19.07935 = L_Mnfld: 5.91403 + L_NonMnfld: 10.03729 + L_Nrml: 0.00000 + L_Eknl: 2.87461 + L_Div: 0.00000 + L_Morse: 0.25342
Epoch: 0 [9420/10000 (94%)] Unweighted L_s : L_Mnfld: 0.00084,  L_NonMnfld: 0.01673,  L_Nrml: 0.00000,  L_Eknl: 0.05749, L_Morse: 2.53418

Weights: [7000.0, 600.0, 0, 50.0, 0.0, 0.1], lr=5.000e-05
Epoch: 0 [9430/10000 (94%)] Loss: 20.62588 = L_Mnfld: 5.77930 + L_NonMnfld: 11.82185 + L_Nrml: 0.00000 + L_Eknl: 2.77235 + L_Div: 0.00000 + L_Morse: 0.25238
Epoch: 0 [9430/10000 (94%)] Unweighted L_s : L_Mnfld: 0.00083,  L_NonMnfld: 0.01970,  L_Nrml: 0.00000,  L_Eknl: 0.05545, L_Morse: 2.52384

Weights: [7000.0, 600.0, 0, 50.0, 0.0, 0.1], lr=5.000e-05
Epoch: 0 [9440/10000 (94%)] Loss: 20.00839 = L_Mnfld: 6.45661 + L_NonMnfld: 10.35301 + L_Nrml: 0.00000 + L_Eknl: 2.93870 + L_Div: 0.00000 + L_Morse: 0.26007
Epoch: 0 [9440/10000 (94%)] Unweighted L_s : L_Mnfld: 0.00092,  L_NonMnfld: 0.01726,  L_Nrml: 0.00000,  L_Eknl: 0.05877, L_Morse: 2.60075

Weights: [7000.0, 600.0, 0, 50.0, 0.0, 0.1], lr=5.000e-05
Epoch: 0 [9450/10000 (94%)] Loss: 19.10454 = L_Mnfld: 6.02153 + L_NonMnfld: 9.97508 + L_Nrml: 0.00000 + L_Eknl: 2.85700 + L_Div: 0.00000 + L_Morse: 0.25093
Epoch: 0 [9450/10000 (94%)] Unweighted L_s : L_Mnfld: 0.00086,  L_NonMnfld: 0.01663,  L_Nrml: 0.00000,  L_Eknl: 0.05714, L_Morse: 2.50932

Weights: [7000.0, 600.0, 0, 50.0, 0.0, 0.1], lr=5.000e-05
Epoch: 0 [9460/10000 (95%)] Loss: 19.11182 = L_Mnfld: 5.58047 + L_NonMnfld: 10.64075 + L_Nrml: 0.00000 + L_Eknl: 2.63581 + L_Div: 0.00000 + L_Morse: 0.25479
Epoch: 0 [9460/10000 (95%)] Unweighted L_s : L_Mnfld: 0.00080,  L_NonMnfld: 0.01773,  L_Nrml: 0.00000,  L_Eknl: 0.05272, L_Morse: 2.54794

Weights: [7000.0, 600.0, 0, 50.0, 0.0, 0.1], lr=5.000e-05
Epoch: 0 [9470/10000 (95%)] Loss: 19.67312 = L_Mnfld: 5.98316 + L_NonMnfld: 10.69342 + L_Nrml: 0.00000 + L_Eknl: 2.74134 + L_Div: 0.00000 + L_Morse: 0.25520
Epoch: 0 [9470/10000 (95%)] Unweighted L_s : L_Mnfld: 0.00085,  L_NonMnfld: 0.01782,  L_Nrml: 0.00000,  L_Eknl: 0.05483, L_Morse: 2.55204

Weights: [7000.0, 600.0, 0, 50.0, 0.0, 0.1], lr=5.000e-05
Epoch: 0 [9480/10000 (95%)] Loss: 19.13480 = L_Mnfld: 5.56332 + L_NonMnfld: 10.61985 + L_Nrml: 0.00000 + L_Eknl: 2.70089 + L_Div: 0.00000 + L_Morse: 0.25073
Epoch: 0 [9480/10000 (95%)] Unweighted L_s : L_Mnfld: 0.00079,  L_NonMnfld: 0.01770,  L_Nrml: 0.00000,  L_Eknl: 0.05402, L_Morse: 2.50734

Weights: [7000.0, 600.0, 0, 50.0, 0.0, 0.1], lr=5.000e-05
Epoch: 0 [9490/10000 (95%)] Loss: 18.26474 = L_Mnfld: 5.43755 + L_NonMnfld: 9.70610 + L_Nrml: 0.00000 + L_Eknl: 2.87012 + L_Div: 0.00000 + L_Morse: 0.25097
Epoch: 0 [9490/10000 (95%)] Unweighted L_s : L_Mnfld: 0.00078,  L_NonMnfld: 0.01618,  L_Nrml: 0.00000,  L_Eknl: 0.05740, L_Morse: 2.50972

Weights: [7000.0, 600.0, 0, 50.0, 0.0, 0.1], lr=5.000e-05
Epoch: 0 [9500/10000 (95%)] Loss: 17.75644 = L_Mnfld: 5.80681 + L_NonMnfld: 8.92966 + L_Nrml: 0.00000 + L_Eknl: 2.77039 + L_Div: 0.00000 + L_Morse: 0.24959
Epoch: 0 [9500/10000 (95%)] Unweighted L_s : L_Mnfld: 0.00083,  L_NonMnfld: 0.01488,  L_Nrml: 0.00000,  L_Eknl: 0.05541, L_Morse: 2.49588

Weights: [7000.0, 600.0, 0, 50.0, 0.0, 0.1], lr=5.000e-05
Epoch: 0 [9510/10000 (95%)] Loss: 19.66676 = L_Mnfld: 6.04878 + L_NonMnfld: 10.23720 + L_Nrml: 0.00000 + L_Eknl: 3.12520 + L_Div: 0.00000 + L_Morse: 0.25558
Epoch: 0 [9510/10000 (95%)] Unweighted L_s : L_Mnfld: 0.00086,  L_NonMnfld: 0.01706,  L_Nrml: 0.00000,  L_Eknl: 0.06250, L_Morse: 2.55582

Weights: [7000.0, 600.0, 0, 50.0, 0.0, 0.1], lr=5.000e-05
Epoch: 0 [9520/10000 (95%)] Loss: 19.98643 = L_Mnfld: 6.17822 + L_NonMnfld: 10.62030 + L_Nrml: 0.00000 + L_Eknl: 2.93542 + L_Div: 0.00000 + L_Morse: 0.25248
Epoch: 0 [9520/10000 (95%)] Unweighted L_s : L_Mnfld: 0.00088,  L_NonMnfld: 0.01770,  L_Nrml: 0.00000,  L_Eknl: 0.05871, L_Morse: 2.52483

Weights: [7000.0, 600.0, 0, 50.0, 0.0, 0.1], lr=5.000e-05
Epoch: 0 [9530/10000 (95%)] Loss: 20.13777 = L_Mnfld: 6.51839 + L_NonMnfld: 10.35764 + L_Nrml: 0.00000 + L_Eknl: 3.00498 + L_Div: 0.00000 + L_Morse: 0.25676
Epoch: 0 [9530/10000 (95%)] Unweighted L_s : L_Mnfld: 0.00093,  L_NonMnfld: 0.01726,  L_Nrml: 0.00000,  L_Eknl: 0.06010, L_Morse: 2.56762

Weights: [7000.0, 600.0, 0, 50.0, 0.0, 0.1], lr=5.000e-05
Epoch: 0 [9540/10000 (95%)] Loss: 20.05927 = L_Mnfld: 6.02573 + L_NonMnfld: 11.03728 + L_Nrml: 0.00000 + L_Eknl: 2.73994 + L_Div: 0.00000 + L_Morse: 0.25632
Epoch: 0 [9540/10000 (95%)] Unweighted L_s : L_Mnfld: 0.00086,  L_NonMnfld: 0.01840,  L_Nrml: 0.00000,  L_Eknl: 0.05480, L_Morse: 2.56323

Weights: [7000.0, 600.0, 0, 50.0, 0.0, 0.1], lr=5.000e-05
Epoch: 0 [9550/10000 (96%)] Loss: 18.15074 = L_Mnfld: 5.68255 + L_NonMnfld: 9.47049 + L_Nrml: 0.00000 + L_Eknl: 2.74721 + L_Div: 0.00000 + L_Morse: 0.25049
Epoch: 0 [9550/10000 (96%)] Unweighted L_s : L_Mnfld: 0.00081,  L_NonMnfld: 0.01578,  L_Nrml: 0.00000,  L_Eknl: 0.05494, L_Morse: 2.50490

Weights: [7000.0, 600.0, 0, 50.0, 0.0, 0.1], lr=5.000e-05
Epoch: 0 [9560/10000 (96%)] Loss: 19.03115 = L_Mnfld: 5.49019 + L_NonMnfld: 10.56955 + L_Nrml: 0.00000 + L_Eknl: 2.71692 + L_Div: 0.00000 + L_Morse: 0.25448
Epoch: 0 [9560/10000 (96%)] Unweighted L_s : L_Mnfld: 0.00078,  L_NonMnfld: 0.01762,  L_Nrml: 0.00000,  L_Eknl: 0.05434, L_Morse: 2.54480

Weights: [7000.0, 600.0, 0, 50.0, 0.0, 0.1], lr=5.000e-05
Epoch: 0 [9570/10000 (96%)] Loss: 18.54129 = L_Mnfld: 5.54376 + L_NonMnfld: 10.17533 + L_Nrml: 0.00000 + L_Eknl: 2.56867 + L_Div: 0.00000 + L_Morse: 0.25353
Epoch: 0 [9570/10000 (96%)] Unweighted L_s : L_Mnfld: 0.00079,  L_NonMnfld: 0.01696,  L_Nrml: 0.00000,  L_Eknl: 0.05137, L_Morse: 2.53528

Weights: [7000.0, 600.0, 0, 50.0, 0.0, 0.1], lr=5.000e-05
Epoch: 0 [9580/10000 (96%)] Loss: 19.37011 = L_Mnfld: 6.04542 + L_NonMnfld: 10.23659 + L_Nrml: 0.00000 + L_Eknl: 2.83007 + L_Div: 0.00000 + L_Morse: 0.25803
Epoch: 0 [9580/10000 (96%)] Unweighted L_s : L_Mnfld: 0.00086,  L_NonMnfld: 0.01706,  L_Nrml: 0.00000,  L_Eknl: 0.05660, L_Morse: 2.58029

Weights: [7000.0, 600.0, 0, 50.0, 0.0, 0.1], lr=5.000e-05
Epoch: 0 [9590/10000 (96%)] Loss: 18.35915 = L_Mnfld: 5.03414 + L_NonMnfld: 10.30381 + L_Nrml: 0.00000 + L_Eknl: 2.77024 + L_Div: 0.00000 + L_Morse: 0.25097
Epoch: 0 [9590/10000 (96%)] Unweighted L_s : L_Mnfld: 0.00072,  L_NonMnfld: 0.01717,  L_Nrml: 0.00000,  L_Eknl: 0.05540, L_Morse: 2.50974

Weights: [7000.0, 600.0, 0, 50.0, 0.0, 0.1], lr=5.000e-05
Epoch: 0 [9600/10000 (96%)] Loss: 19.01851 = L_Mnfld: 5.75754 + L_NonMnfld: 10.14034 + L_Nrml: 0.00000 + L_Eknl: 2.86952 + L_Div: 0.00000 + L_Morse: 0.25111
Epoch: 0 [9600/10000 (96%)] Unweighted L_s : L_Mnfld: 0.00082,  L_NonMnfld: 0.01690,  L_Nrml: 0.00000,  L_Eknl: 0.05739, L_Morse: 2.51112

Weights: [7000.0, 600.0, 0, 50.0, 0.0, 0.1], lr=5.000e-05
Epoch: 0 [9610/10000 (96%)] Loss: 18.37651 = L_Mnfld: 5.77569 + L_NonMnfld: 9.51977 + L_Nrml: 0.00000 + L_Eknl: 2.82508 + L_Div: 0.00000 + L_Morse: 0.25596
Epoch: 0 [9610/10000 (96%)] Unweighted L_s : L_Mnfld: 0.00083,  L_NonMnfld: 0.01587,  L_Nrml: 0.00000,  L_Eknl: 0.05650, L_Morse: 2.55964

Weights: [7000.0, 600.0, 0, 50.0, 0.0, 0.1], lr=5.000e-05
Epoch: 0 [9620/10000 (96%)] Loss: 18.56010 = L_Mnfld: 5.63206 + L_NonMnfld: 9.96356 + L_Nrml: 0.00000 + L_Eknl: 2.71306 + L_Div: 0.00000 + L_Morse: 0.25142
Epoch: 0 [9620/10000 (96%)] Unweighted L_s : L_Mnfld: 0.00080,  L_NonMnfld: 0.01661,  L_Nrml: 0.00000,  L_Eknl: 0.05426, L_Morse: 2.51417

Weights: [7000.0, 600.0, 0, 50.0, 0.0, 0.1], lr=5.000e-05
Epoch: 0 [9630/10000 (96%)] Loss: 19.65926 = L_Mnfld: 5.86479 + L_NonMnfld: 10.66028 + L_Nrml: 0.00000 + L_Eknl: 2.86609 + L_Div: 0.00000 + L_Morse: 0.26810
Epoch: 0 [9630/10000 (96%)] Unweighted L_s : L_Mnfld: 0.00084,  L_NonMnfld: 0.01777,  L_Nrml: 0.00000,  L_Eknl: 0.05732, L_Morse: 2.68096

Weights: [7000.0, 600.0, 0, 50.0, 0.0, 0.1], lr=5.000e-05
Epoch: 0 [9640/10000 (96%)] Loss: 17.98512 = L_Mnfld: 5.97920 + L_NonMnfld: 8.88274 + L_Nrml: 0.00000 + L_Eknl: 2.86513 + L_Div: 0.00000 + L_Morse: 0.25805
Epoch: 0 [9640/10000 (96%)] Unweighted L_s : L_Mnfld: 0.00085,  L_NonMnfld: 0.01480,  L_Nrml: 0.00000,  L_Eknl: 0.05730, L_Morse: 2.58049

Weights: [7000.0, 600.0, 0, 50.0, 0.0, 0.1], lr=5.000e-05
Epoch: 0 [9650/10000 (96%)] Loss: 19.17114 = L_Mnfld: 5.63575 + L_NonMnfld: 10.33726 + L_Nrml: 0.00000 + L_Eknl: 2.93748 + L_Div: 0.00000 + L_Morse: 0.26065
Epoch: 0 [9650/10000 (96%)] Unweighted L_s : L_Mnfld: 0.00081,  L_NonMnfld: 0.01723,  L_Nrml: 0.00000,  L_Eknl: 0.05875, L_Morse: 2.60647

Weights: [7000.0, 600.0, 0, 50.0, 0.0, 0.1], lr=5.000e-05
Epoch: 0 [9660/10000 (97%)] Loss: 19.06221 = L_Mnfld: 5.81071 + L_NonMnfld: 10.18855 + L_Nrml: 0.00000 + L_Eknl: 2.80487 + L_Div: 0.00000 + L_Morse: 0.25808
Epoch: 0 [9660/10000 (97%)] Unweighted L_s : L_Mnfld: 0.00083,  L_NonMnfld: 0.01698,  L_Nrml: 0.00000,  L_Eknl: 0.05610, L_Morse: 2.58084

Weights: [7000.0, 600.0, 0, 50.0, 0.0, 0.1], lr=5.000e-05
Epoch: 0 [9670/10000 (97%)] Loss: 18.24403 = L_Mnfld: 5.67150 + L_NonMnfld: 9.35483 + L_Nrml: 0.00000 + L_Eknl: 2.95683 + L_Div: 0.00000 + L_Morse: 0.26088
Epoch: 0 [9670/10000 (97%)] Unweighted L_s : L_Mnfld: 0.00081,  L_NonMnfld: 0.01559,  L_Nrml: 0.00000,  L_Eknl: 0.05914, L_Morse: 2.60876

Weights: [7000.0, 600.0, 0, 50.0, 0.0, 0.1], lr=5.000e-05
Epoch: 0 [9680/10000 (97%)] Loss: 18.85404 = L_Mnfld: 5.40232 + L_NonMnfld: 10.45850 + L_Nrml: 0.00000 + L_Eknl: 2.73120 + L_Div: 0.00000 + L_Morse: 0.26203
Epoch: 0 [9680/10000 (97%)] Unweighted L_s : L_Mnfld: 0.00077,  L_NonMnfld: 0.01743,  L_Nrml: 0.00000,  L_Eknl: 0.05462, L_Morse: 2.62032

Weights: [7000.0, 600.0, 0, 50.0, 0.0, 0.1], lr=5.000e-05
Epoch: 0 [9690/10000 (97%)] Loss: 19.91656 = L_Mnfld: 5.89457 + L_NonMnfld: 10.92324 + L_Nrml: 0.00000 + L_Eknl: 2.84552 + L_Div: 0.00000 + L_Morse: 0.25323
Epoch: 0 [9690/10000 (97%)] Unweighted L_s : L_Mnfld: 0.00084,  L_NonMnfld: 0.01821,  L_Nrml: 0.00000,  L_Eknl: 0.05691, L_Morse: 2.53229

Weights: [7000.0, 600.0, 0, 50.0, 0.0, 0.1], lr=5.000e-05
Epoch: 0 [9700/10000 (97%)] Loss: 18.36854 = L_Mnfld: 5.87014 + L_NonMnfld: 9.41054 + L_Nrml: 0.00000 + L_Eknl: 2.82376 + L_Div: 0.00000 + L_Morse: 0.26410
Epoch: 0 [9700/10000 (97%)] Unweighted L_s : L_Mnfld: 0.00084,  L_NonMnfld: 0.01568,  L_Nrml: 0.00000,  L_Eknl: 0.05648, L_Morse: 2.64100

Weights: [7000.0, 600.0, 0, 50.0, 0.0, 0.1], lr=5.000e-05
Epoch: 0 [9710/10000 (97%)] Loss: 20.17859 = L_Mnfld: 6.32479 + L_NonMnfld: 10.68143 + L_Nrml: 0.00000 + L_Eknl: 2.91907 + L_Div: 0.00000 + L_Morse: 0.25330
Epoch: 0 [9710/10000 (97%)] Unweighted L_s : L_Mnfld: 0.00090,  L_NonMnfld: 0.01780,  L_Nrml: 0.00000,  L_Eknl: 0.05838, L_Morse: 2.53298

Weights: [7000.0, 600.0, 0, 50.0, 0.0, 0.1], lr=5.000e-05
Epoch: 0 [9720/10000 (97%)] Loss: 19.79985 = L_Mnfld: 5.83460 + L_NonMnfld: 10.87027 + L_Nrml: 0.00000 + L_Eknl: 2.83370 + L_Div: 0.00000 + L_Morse: 0.26127
Epoch: 0 [9720/10000 (97%)] Unweighted L_s : L_Mnfld: 0.00083,  L_NonMnfld: 0.01812,  L_Nrml: 0.00000,  L_Eknl: 0.05667, L_Morse: 2.61274

Weights: [7000.0, 600.0, 0, 50.0, 0.0, 0.1], lr=5.000e-05
Epoch: 0 [9730/10000 (97%)] Loss: 18.20705 = L_Mnfld: 5.77222 + L_NonMnfld: 9.41189 + L_Nrml: 0.00000 + L_Eknl: 2.76322 + L_Div: 0.00000 + L_Morse: 0.25971
Epoch: 0 [9730/10000 (97%)] Unweighted L_s : L_Mnfld: 0.00082,  L_NonMnfld: 0.01569,  L_Nrml: 0.00000,  L_Eknl: 0.05526, L_Morse: 2.59712

Weights: [7000.0, 600.0, 0, 50.0, 0.0, 0.1], lr=5.000e-05
Epoch: 0 [9740/10000 (97%)] Loss: 18.99788 = L_Mnfld: 5.79269 + L_NonMnfld: 10.06783 + L_Nrml: 0.00000 + L_Eknl: 2.88125 + L_Div: 0.00000 + L_Morse: 0.25612
Epoch: 0 [9740/10000 (97%)] Unweighted L_s : L_Mnfld: 0.00083,  L_NonMnfld: 0.01678,  L_Nrml: 0.00000,  L_Eknl: 0.05762, L_Morse: 2.56121

Weights: [7000.0, 600.0, 0, 50.0, 0.0, 0.1], lr=5.000e-05
Epoch: 0 [9750/10000 (98%)] Loss: 19.17426 = L_Mnfld: 5.51004 + L_NonMnfld: 10.53950 + L_Nrml: 0.00000 + L_Eknl: 2.86939 + L_Div: 0.00000 + L_Morse: 0.25533
Epoch: 0 [9750/10000 (98%)] Unweighted L_s : L_Mnfld: 0.00079,  L_NonMnfld: 0.01757,  L_Nrml: 0.00000,  L_Eknl: 0.05739, L_Morse: 2.55331

Weights: [7000.0, 600.0, 0, 50.0, 0.0, 0.1], lr=5.000e-05
Epoch: 0 [9760/10000 (98%)] Loss: 17.77388 = L_Mnfld: 5.61413 + L_NonMnfld: 9.00105 + L_Nrml: 0.00000 + L_Eknl: 2.90077 + L_Div: 0.00000 + L_Morse: 0.25794
Epoch: 0 [9760/10000 (98%)] Unweighted L_s : L_Mnfld: 0.00080,  L_NonMnfld: 0.01500,  L_Nrml: 0.00000,  L_Eknl: 0.05802, L_Morse: 2.57943

Weights: [7000.0, 600.0, 0, 50.0, 0.0, 0.1], lr=5.000e-05
Epoch: 0 [9770/10000 (98%)] Loss: 20.19576 = L_Mnfld: 5.81802 + L_NonMnfld: 11.38513 + L_Nrml: 0.00000 + L_Eknl: 2.73938 + L_Div: 0.00000 + L_Morse: 0.25323
Epoch: 0 [9770/10000 (98%)] Unweighted L_s : L_Mnfld: 0.00083,  L_NonMnfld: 0.01898,  L_Nrml: 0.00000,  L_Eknl: 0.05479, L_Morse: 2.53234

Weights: [7000.0, 600.0, 0, 50.0, 0.0, 0.1], lr=5.000e-05
Epoch: 0 [9780/10000 (98%)] Loss: 18.18842 = L_Mnfld: 5.56427 + L_NonMnfld: 9.52945 + L_Nrml: 0.00000 + L_Eknl: 2.84294 + L_Div: 0.00000 + L_Morse: 0.25176
Epoch: 0 [9780/10000 (98%)] Unweighted L_s : L_Mnfld: 0.00079,  L_NonMnfld: 0.01588,  L_Nrml: 0.00000,  L_Eknl: 0.05686, L_Morse: 2.51759

Weights: [7000.0, 600.0, 0, 50.0, 0.0, 0.1], lr=5.000e-05
Epoch: 0 [9790/10000 (98%)] Loss: 19.23468 = L_Mnfld: 6.03398 + L_NonMnfld: 9.89911 + L_Nrml: 0.00000 + L_Eknl: 3.04186 + L_Div: 0.00000 + L_Morse: 0.25972
Epoch: 0 [9790/10000 (98%)] Unweighted L_s : L_Mnfld: 0.00086,  L_NonMnfld: 0.01650,  L_Nrml: 0.00000,  L_Eknl: 0.06084, L_Morse: 2.59720

Weights: [7000.0, 600.0, 0, 50.0, 0.0, 0.1], lr=5.000e-05
Epoch: 0 [9800/10000 (98%)] Loss: 18.03872 = L_Mnfld: 5.40276 + L_NonMnfld: 9.30285 + L_Nrml: 0.00000 + L_Eknl: 3.07402 + L_Div: 0.00000 + L_Morse: 0.25910
Epoch: 0 [9800/10000 (98%)] Unweighted L_s : L_Mnfld: 0.00077,  L_NonMnfld: 0.01550,  L_Nrml: 0.00000,  L_Eknl: 0.06148, L_Morse: 2.59099

Weights: [7000.0, 600.0, 0, 50.0, 0.0, 0.1], lr=5.000e-05
Epoch: 0 [9810/10000 (98%)] Loss: 19.22174 = L_Mnfld: 6.16264 + L_NonMnfld: 9.76196 + L_Nrml: 0.00000 + L_Eknl: 3.04129 + L_Div: 0.00000 + L_Morse: 0.25586
Epoch: 0 [9810/10000 (98%)] Unweighted L_s : L_Mnfld: 0.00088,  L_NonMnfld: 0.01627,  L_Nrml: 0.00000,  L_Eknl: 0.06083, L_Morse: 2.55857

Weights: [7000.0, 600.0, 0, 50.0, 0.0, 0.1], lr=5.000e-05
Epoch: 0 [9820/10000 (98%)] Loss: 19.55939 = L_Mnfld: 6.03815 + L_NonMnfld: 10.31839 + L_Nrml: 0.00000 + L_Eknl: 2.94703 + L_Div: 0.00000 + L_Morse: 0.25582
Epoch: 0 [9820/10000 (98%)] Unweighted L_s : L_Mnfld: 0.00086,  L_NonMnfld: 0.01720,  L_Nrml: 0.00000,  L_Eknl: 0.05894, L_Morse: 2.55825

Weights: [7000.0, 600.0, 0, 50.0, 0.0, 0.1], lr=5.000e-05
Epoch: 0 [9830/10000 (98%)] Loss: 19.66452 = L_Mnfld: 6.07063 + L_NonMnfld: 10.51364 + L_Nrml: 0.00000 + L_Eknl: 2.82332 + L_Div: 0.00000 + L_Morse: 0.25692
Epoch: 0 [9830/10000 (98%)] Unweighted L_s : L_Mnfld: 0.00087,  L_NonMnfld: 0.01752,  L_Nrml: 0.00000,  L_Eknl: 0.05647, L_Morse: 2.56924

Weights: [7000.0, 600.0, 0, 50.0, 0.0, 0.1], lr=5.000e-05
Epoch: 0 [9840/10000 (98%)] Loss: 18.52200 = L_Mnfld: 5.57989 + L_NonMnfld: 9.84571 + L_Nrml: 0.00000 + L_Eknl: 2.84048 + L_Div: 0.00000 + L_Morse: 0.25592
Epoch: 0 [9840/10000 (98%)] Unweighted L_s : L_Mnfld: 0.00080,  L_NonMnfld: 0.01641,  L_Nrml: 0.00000,  L_Eknl: 0.05681, L_Morse: 2.55916

Weights: [7000.0, 600.0, 0, 50.0, 0.0, 0.1], lr=5.000e-05
Epoch: 0 [9850/10000 (98%)] Loss: 18.49708 = L_Mnfld: 5.76577 + L_NonMnfld: 9.70369 + L_Nrml: 0.00000 + L_Eknl: 2.77270 + L_Div: 0.00000 + L_Morse: 0.25492
Epoch: 0 [9850/10000 (98%)] Unweighted L_s : L_Mnfld: 0.00082,  L_NonMnfld: 0.01617,  L_Nrml: 0.00000,  L_Eknl: 0.05545, L_Morse: 2.54917

Weights: [7000.0, 600.0, 0, 50.0, 0.0, 0.1], lr=5.000e-05
Epoch: 0 [9860/10000 (99%)] Loss: 19.62954 = L_Mnfld: 5.37546 + L_NonMnfld: 11.12533 + L_Nrml: 0.00000 + L_Eknl: 2.86925 + L_Div: 0.00000 + L_Morse: 0.25950
Epoch: 0 [9860/10000 (99%)] Unweighted L_s : L_Mnfld: 0.00077,  L_NonMnfld: 0.01854,  L_Nrml: 0.00000,  L_Eknl: 0.05739, L_Morse: 2.59496

Weights: [7000.0, 600.0, 0, 50.0, 0.0, 0.1], lr=5.000e-05
Epoch: 0 [9870/10000 (99%)] Loss: 19.74735 = L_Mnfld: 5.80363 + L_NonMnfld: 10.83623 + L_Nrml: 0.00000 + L_Eknl: 2.85218 + L_Div: 0.00000 + L_Morse: 0.25532
Epoch: 0 [9870/10000 (99%)] Unweighted L_s : L_Mnfld: 0.00083,  L_NonMnfld: 0.01806,  L_Nrml: 0.00000,  L_Eknl: 0.05704, L_Morse: 2.55318

Weights: [7000.0, 600.0, 0, 50.0, 0.0, 0.1], lr=5.000e-05
Epoch: 0 [9880/10000 (99%)] Loss: 19.79281 = L_Mnfld: 5.90829 + L_NonMnfld: 10.68785 + L_Nrml: 0.00000 + L_Eknl: 2.93879 + L_Div: 0.00000 + L_Morse: 0.25789
Epoch: 0 [9880/10000 (99%)] Unweighted L_s : L_Mnfld: 0.00084,  L_NonMnfld: 0.01781,  L_Nrml: 0.00000,  L_Eknl: 0.05878, L_Morse: 2.57892

Weights: [7000.0, 600.0, 0, 50.0, 0.0, 0.1], lr=5.000e-05
Epoch: 0 [9890/10000 (99%)] Loss: 19.72373 = L_Mnfld: 6.06989 + L_NonMnfld: 10.37665 + L_Nrml: 0.00000 + L_Eknl: 3.01892 + L_Div: 0.00000 + L_Morse: 0.25828
Epoch: 0 [9890/10000 (99%)] Unweighted L_s : L_Mnfld: 0.00087,  L_NonMnfld: 0.01729,  L_Nrml: 0.00000,  L_Eknl: 0.06038, L_Morse: 2.58279

Weights: [7000.0, 600.0, 0, 50.0, 0.0, 0.1], lr=5.000e-05
Epoch: 0 [9900/10000 (99%)] Loss: 18.75704 = L_Mnfld: 6.30184 + L_NonMnfld: 9.32084 + L_Nrml: 0.00000 + L_Eknl: 2.87708 + L_Div: 0.00000 + L_Morse: 0.25728
Epoch: 0 [9900/10000 (99%)] Unweighted L_s : L_Mnfld: 0.00090,  L_NonMnfld: 0.01553,  L_Nrml: 0.00000,  L_Eknl: 0.05754, L_Morse: 2.57277

Weights: [7000.0, 600.0, 0, 50.0, 0.0, 0.1], lr=5.000e-05
Epoch: 0 [9910/10000 (99%)] Loss: 19.44416 = L_Mnfld: 5.97260 + L_NonMnfld: 10.43793 + L_Nrml: 0.00000 + L_Eknl: 2.77656 + L_Div: 0.00000 + L_Morse: 0.25707
Epoch: 0 [9910/10000 (99%)] Unweighted L_s : L_Mnfld: 0.00085,  L_NonMnfld: 0.01740,  L_Nrml: 0.00000,  L_Eknl: 0.05553, L_Morse: 2.57069

Weights: [7000.0, 600.0, 0, 50.0, 0.0, 0.1], lr=5.000e-05
Epoch: 0 [9920/10000 (99%)] Loss: 18.20182 = L_Mnfld: 5.49986 + L_NonMnfld: 9.67338 + L_Nrml: 0.00000 + L_Eknl: 2.76972 + L_Div: 0.00000 + L_Morse: 0.25886
Epoch: 0 [9920/10000 (99%)] Unweighted L_s : L_Mnfld: 0.00079,  L_NonMnfld: 0.01612,  L_Nrml: 0.00000,  L_Eknl: 0.05539, L_Morse: 2.58863

Weights: [7000.0, 600.0, 0, 50.0, 0.0, 0.1], lr=5.000e-05
Epoch: 0 [9930/10000 (99%)] Loss: 19.07448 = L_Mnfld: 5.49187 + L_NonMnfld: 10.38770 + L_Nrml: 0.00000 + L_Eknl: 2.93831 + L_Div: 0.00000 + L_Morse: 0.25660
Epoch: 0 [9930/10000 (99%)] Unweighted L_s : L_Mnfld: 0.00078,  L_NonMnfld: 0.01731,  L_Nrml: 0.00000,  L_Eknl: 0.05877, L_Morse: 2.56601

Weights: [7000.0, 600.0, 0, 50.0, 0.0, 0.1], lr=5.000e-05
Epoch: 0 [9940/10000 (99%)] Loss: 19.09107 = L_Mnfld: 5.85098 + L_NonMnfld: 10.11107 + L_Nrml: 0.00000 + L_Eknl: 2.86317 + L_Div: 0.00000 + L_Morse: 0.26584
Epoch: 0 [9940/10000 (99%)] Unweighted L_s : L_Mnfld: 0.00084,  L_NonMnfld: 0.01685,  L_Nrml: 0.00000,  L_Eknl: 0.05726, L_Morse: 2.65842

Weights: [7000.0, 600.0, 0, 50.0, 0.0, 0.1], lr=5.000e-05
Epoch: 0 [9950/10000 (100%)] Loss: 19.51314 = L_Mnfld: 5.25301 + L_NonMnfld: 11.23570 + L_Nrml: 0.00000 + L_Eknl: 2.77086 + L_Div: 0.00000 + L_Morse: 0.25357
Epoch: 0 [9950/10000 (100%)] Unweighted L_s : L_Mnfld: 0.00075,  L_NonMnfld: 0.01873,  L_Nrml: 0.00000,  L_Eknl: 0.05542, L_Morse: 2.53569

Weights: [7000.0, 600.0, 0, 50.0, 0.0, 0.1], lr=5.000e-05
Epoch: 0 [9960/10000 (100%)] Loss: 18.97667 = L_Mnfld: 5.82629 + L_NonMnfld: 9.65265 + L_Nrml: 0.00000 + L_Eknl: 3.23430 + L_Div: 0.00000 + L_Morse: 0.26341
Epoch: 0 [9960/10000 (100%)] Unweighted L_s : L_Mnfld: 0.00083,  L_NonMnfld: 0.01609,  L_Nrml: 0.00000,  L_Eknl: 0.06469, L_Morse: 2.63415

Weights: [7000.0, 600.0, 0, 50.0, 0.0, 0.1], lr=5.000e-05
Epoch: 0 [9970/10000 (100%)] Loss: 19.26696 = L_Mnfld: 5.90464 + L_NonMnfld: 10.08273 + L_Nrml: 0.00000 + L_Eknl: 3.02131 + L_Div: 0.00000 + L_Morse: 0.25828
Epoch: 0 [9970/10000 (100%)] Unweighted L_s : L_Mnfld: 0.00084,  L_NonMnfld: 0.01680,  L_Nrml: 0.00000,  L_Eknl: 0.06043, L_Morse: 2.58276

Weights: [7000.0, 600.0, 0, 50.0, 0.0, 0.1], lr=5.000e-05
Epoch: 0 [9980/10000 (100%)] Loss: 18.99234 = L_Mnfld: 6.47170 + L_NonMnfld: 8.90400 + L_Nrml: 0.00000 + L_Eknl: 3.35075 + L_Div: 0.00000 + L_Morse: 0.26589
Epoch: 0 [9980/10000 (100%)] Unweighted L_s : L_Mnfld: 0.00092,  L_NonMnfld: 0.01484,  L_Nrml: 0.00000,  L_Eknl: 0.06701, L_Morse: 2.65886

Weights: [7000.0, 600.0, 0, 50.0, 0.0, 0.1], lr=5.000e-05
Epoch: 0 [9990/10000 (100%)] Loss: 18.98617 = L_Mnfld: 5.78429 + L_NonMnfld: 9.81885 + L_Nrml: 0.00000 + L_Eknl: 3.12144 + L_Div: 0.00000 + L_Morse: 0.26158
Epoch: 0 [9990/10000 (100%)] Unweighted L_s : L_Mnfld: 0.00083,  L_NonMnfld: 0.01636,  L_Nrml: 0.00000,  L_Eknl: 0.06243, L_Morse: 2.61581

