input params: 
Namespace(logdir='./new_log/CAD_CG_2025', model_name='model', seed=3627473, data_path='../../../ABC/00024160_7c8f4972905b429e873e0e6d_trimesh_000.ply', mesh_dir='/home/runqiao/rotate_input/gt', n_samples=10000, n_points=10000, grid_res=128, nonmnfld_sample_type='gaussian', num_epochs=1, lr=5e-05, grad_clip_norm=10.0, batch_size=1, load_path=None, init_type='siren', decoder_hidden_dim=256, decoder_n_hidden_layers=4, latent_size=0, nl='sine', sphere_init_params=[1.6, 0.1], udf=False, output_any=True, loss_type='siren_wo_n_w_morse', decay_params=[10.0, 0.2, 10.0, 0.5, 0.1, 0.1], morse_type='l1', morse_decay='linear', loss_weights=[7000.0, 600.0, 100.0, 50.0, 0.0, 3.0], bidirectional_morse=False, morse_near=True, weight_for_morse=False, use_morse_nonmnfld_grad=False, use_relax_eikonal=False)
Number of parameters in the current model:264449
Weights: [7000.0, 600.0, 0, 50.0, 0.0, 3.0], lr=5.000e-05
Epoch: 0 [   0/10000 (0%)] Loss: 683.81677 = L_Mnfld: 629.18188 + L_NonMnfld: 0.46025 + L_Nrml: 0.00000 + L_Eknl: 34.70492 + L_Div: 0.00000 + L_Morse: 19.46973
Epoch: 0 [   0/10000 (0%)] Unweighted L_s : L_Mnfld: 0.08988,  L_NonMnfld: 0.00077,  L_Nrml: 0.00000,  L_Eknl: 0.69410, L_Morse: 6.48991

Weights: [7000.0, 600.0, 0, 50.0, 0.0, 10.0], lr=5.000e-05
Epoch: 0 [  10/10000 (0%)] Loss: 340.20322 = L_Mnfld: 201.22639 + L_NonMnfld: 54.71372 + L_Nrml: 0.00000 + L_Eknl: 36.77653 + L_Div: 0.00000 + L_Morse: 47.48658
Epoch: 0 [  10/10000 (0%)] Unweighted L_s : L_Mnfld: 0.02875,  L_NonMnfld: 0.09119,  L_Nrml: 0.00000,  L_Eknl: 0.73553, L_Morse: 4.74866

Weights: [7000.0, 600.0, 0, 50.0, 0.0, 10.0], lr=5.000e-05
Epoch: 0 [  20/10000 (0%)] Loss: 382.75742 = L_Mnfld: 290.45328 + L_NonMnfld: 14.86506 + L_Nrml: 0.00000 + L_Eknl: 38.06994 + L_Div: 0.00000 + L_Morse: 39.36913
Epoch: 0 [  20/10000 (0%)] Unweighted L_s : L_Mnfld: 0.04149,  L_NonMnfld: 0.02478,  L_Nrml: 0.00000,  L_Eknl: 0.76140, L_Morse: 3.93691

Weights: [7000.0, 600.0, 0, 50.0, 0.0, 10.0], lr=5.000e-05
Epoch: 0 [  30/10000 (0%)] Loss: 220.49266 = L_Mnfld: 115.70034 + L_NonMnfld: 32.13435 + L_Nrml: 0.00000 + L_Eknl: 36.52523 + L_Div: 0.00000 + L_Morse: 36.13274
Epoch: 0 [  30/10000 (0%)] Unweighted L_s : L_Mnfld: 0.01653,  L_NonMnfld: 0.05356,  L_Nrml: 0.00000,  L_Eknl: 0.73050, L_Morse: 3.61327

Weights: [7000.0, 600.0, 0, 50.0, 0.0, 10.0], lr=5.000e-05
Epoch: 0 [  40/10000 (0%)] Loss: 151.88541 = L_Mnfld: 38.25695 + L_NonMnfld: 49.95222 + L_Nrml: 0.00000 + L_Eknl: 36.48532 + L_Div: 0.00000 + L_Morse: 27.19091
Epoch: 0 [  40/10000 (0%)] Unweighted L_s : L_Mnfld: 0.00547,  L_NonMnfld: 0.08325,  L_Nrml: 0.00000,  L_Eknl: 0.72971, L_Morse: 2.71909

Weights: [7000.0, 600.0, 0, 50.0, 0.0, 10.0], lr=5.000e-05
Epoch: 0 [  50/10000 (0%)] Loss: 124.07352 = L_Mnfld: 36.15866 + L_NonMnfld: 35.62977 + L_Nrml: 0.00000 + L_Eknl: 31.64319 + L_Div: 0.00000 + L_Morse: 20.64189
Epoch: 0 [  50/10000 (0%)] Unweighted L_s : L_Mnfld: 0.00517,  L_NonMnfld: 0.05938,  L_Nrml: 0.00000,  L_Eknl: 0.63286, L_Morse: 2.06419

Weights: [7000.0, 600.0, 0, 50.0, 0.0, 10.0], lr=5.000e-05
Epoch: 0 [  60/10000 (1%)] Loss: 108.72508 = L_Mnfld: 37.31017 + L_NonMnfld: 26.51170 + L_Nrml: 0.00000 + L_Eknl: 26.93451 + L_Div: 0.00000 + L_Morse: 17.96870
Epoch: 0 [  60/10000 (1%)] Unweighted L_s : L_Mnfld: 0.00533,  L_NonMnfld: 0.04419,  L_Nrml: 0.00000,  L_Eknl: 0.53869, L_Morse: 1.79687

Weights: [7000.0, 600.0, 0, 50.0, 0.0, 10.0], lr=5.000e-05
Epoch: 0 [  70/10000 (1%)] Loss: 104.82664 = L_Mnfld: 42.84390 + L_NonMnfld: 22.16348 + L_Nrml: 0.00000 + L_Eknl: 24.36122 + L_Div: 0.00000 + L_Morse: 15.45803
Epoch: 0 [  70/10000 (1%)] Unweighted L_s : L_Mnfld: 0.00612,  L_NonMnfld: 0.03694,  L_Nrml: 0.00000,  L_Eknl: 0.48722, L_Morse: 1.54580

Weights: [7000.0, 600.0, 0, 50.0, 0.0, 10.0], lr=5.000e-05
Epoch: 0 [  80/10000 (1%)] Loss: 94.21086 = L_Mnfld: 38.27683 + L_NonMnfld: 20.66041 + L_Nrml: 0.00000 + L_Eknl: 21.37299 + L_Div: 0.00000 + L_Morse: 13.90064
Epoch: 0 [  80/10000 (1%)] Unweighted L_s : L_Mnfld: 0.00547,  L_NonMnfld: 0.03443,  L_Nrml: 0.00000,  L_Eknl: 0.42746, L_Morse: 1.39006

Weights: [7000.0, 600.0, 0, 50.0, 0.0, 10.0], lr=5.000e-05
Epoch: 0 [  90/10000 (1%)] Loss: 86.35114 = L_Mnfld: 34.79275 + L_NonMnfld: 19.58305 + L_Nrml: 0.00000 + L_Eknl: 19.79381 + L_Div: 0.00000 + L_Morse: 12.18152
Epoch: 0 [  90/10000 (1%)] Unweighted L_s : L_Mnfld: 0.00497,  L_NonMnfld: 0.03264,  L_Nrml: 0.00000,  L_Eknl: 0.39588, L_Morse: 1.21815

Weights: [7000.0, 600.0, 0, 50.0, 0.0, 10.0], lr=5.000e-05
Epoch: 0 [ 100/10000 (1%)] Loss: 81.05296 = L_Mnfld: 33.37591 + L_NonMnfld: 17.45468 + L_Nrml: 0.00000 + L_Eknl: 17.96722 + L_Div: 0.00000 + L_Morse: 12.25515
Epoch: 0 [ 100/10000 (1%)] Unweighted L_s : L_Mnfld: 0.00477,  L_NonMnfld: 0.02909,  L_Nrml: 0.00000,  L_Eknl: 0.35934, L_Morse: 1.22551

Weights: [7000.0, 600.0, 0, 50.0, 0.0, 10.0], lr=5.000e-05
Epoch: 0 [ 110/10000 (1%)] Loss: 76.90061 = L_Mnfld: 32.05331 + L_NonMnfld: 16.09777 + L_Nrml: 0.00000 + L_Eknl: 17.48880 + L_Div: 0.00000 + L_Morse: 11.26073
Epoch: 0 [ 110/10000 (1%)] Unweighted L_s : L_Mnfld: 0.00458,  L_NonMnfld: 0.02683,  L_Nrml: 0.00000,  L_Eknl: 0.34978, L_Morse: 1.12607

Weights: [7000.0, 600.0, 0, 50.0, 0.0, 10.0], lr=5.000e-05
Epoch: 0 [ 120/10000 (1%)] Loss: 72.75449 = L_Mnfld: 29.01677 + L_NonMnfld: 15.95441 + L_Nrml: 0.00000 + L_Eknl: 16.52265 + L_Div: 0.00000 + L_Morse: 11.26067
Epoch: 0 [ 120/10000 (1%)] Unweighted L_s : L_Mnfld: 0.00415,  L_NonMnfld: 0.02659,  L_Nrml: 0.00000,  L_Eknl: 0.33045, L_Morse: 1.12607

Weights: [7000.0, 600.0, 0, 50.0, 0.0, 10.0], lr=5.000e-05
Epoch: 0 [ 130/10000 (1%)] Loss: 71.94695 = L_Mnfld: 29.38079 + L_NonMnfld: 15.63310 + L_Nrml: 0.00000 + L_Eknl: 16.31512 + L_Div: 0.00000 + L_Morse: 10.61794
Epoch: 0 [ 130/10000 (1%)] Unweighted L_s : L_Mnfld: 0.00420,  L_NonMnfld: 0.02606,  L_Nrml: 0.00000,  L_Eknl: 0.32630, L_Morse: 1.06179

Weights: [7000.0, 600.0, 0, 50.0, 0.0, 10.0], lr=5.000e-05
Epoch: 0 [ 140/10000 (1%)] Loss: 69.65272 = L_Mnfld: 29.30850 + L_NonMnfld: 14.42710 + L_Nrml: 0.00000 + L_Eknl: 15.70049 + L_Div: 0.00000 + L_Morse: 10.21663
Epoch: 0 [ 140/10000 (1%)] Unweighted L_s : L_Mnfld: 0.00419,  L_NonMnfld: 0.02405,  L_Nrml: 0.00000,  L_Eknl: 0.31401, L_Morse: 1.02166

Weights: [7000.0, 600.0, 0, 50.0, 0.0, 10.0], lr=5.000e-05
Epoch: 0 [ 150/10000 (2%)] Loss: 71.60075 = L_Mnfld: 29.94167 + L_NonMnfld: 16.19657 + L_Nrml: 0.00000 + L_Eknl: 15.52468 + L_Div: 0.00000 + L_Morse: 9.93782
Epoch: 0 [ 150/10000 (2%)] Unweighted L_s : L_Mnfld: 0.00428,  L_NonMnfld: 0.02699,  L_Nrml: 0.00000,  L_Eknl: 0.31049, L_Morse: 0.99378

Weights: [7000.0, 600.0, 0, 50.0, 0.0, 10.0], lr=5.000e-05
Epoch: 0 [ 160/10000 (2%)] Loss: 67.70370 = L_Mnfld: 28.23025 + L_NonMnfld: 14.54162 + L_Nrml: 0.00000 + L_Eknl: 15.10727 + L_Div: 0.00000 + L_Morse: 9.82456
Epoch: 0 [ 160/10000 (2%)] Unweighted L_s : L_Mnfld: 0.00403,  L_NonMnfld: 0.02424,  L_Nrml: 0.00000,  L_Eknl: 0.30215, L_Morse: 0.98246

Weights: [7000.0, 600.0, 0, 50.0, 0.0, 10.0], lr=5.000e-05
Epoch: 0 [ 170/10000 (2%)] Loss: 68.99879 = L_Mnfld: 30.25886 + L_NonMnfld: 14.00143 + L_Nrml: 0.00000 + L_Eknl: 14.87089 + L_Div: 0.00000 + L_Morse: 9.86762
Epoch: 0 [ 170/10000 (2%)] Unweighted L_s : L_Mnfld: 0.00432,  L_NonMnfld: 0.02334,  L_Nrml: 0.00000,  L_Eknl: 0.29742, L_Morse: 0.98676

Weights: [7000.0, 600.0, 0, 50.0, 0.0, 10.0], lr=5.000e-05
Epoch: 0 [ 180/10000 (2%)] Loss: 66.36536 = L_Mnfld: 27.61779 + L_NonMnfld: 14.53192 + L_Nrml: 0.00000 + L_Eknl: 14.58836 + L_Div: 0.00000 + L_Morse: 9.62729
Epoch: 0 [ 180/10000 (2%)] Unweighted L_s : L_Mnfld: 0.00395,  L_NonMnfld: 0.02422,  L_Nrml: 0.00000,  L_Eknl: 0.29177, L_Morse: 0.96273

Weights: [7000.0, 600.0, 0, 50.0, 0.0, 10.0], lr=5.000e-05
Epoch: 0 [ 190/10000 (2%)] Loss: 64.76582 = L_Mnfld: 27.40326 + L_NonMnfld: 13.80898 + L_Nrml: 0.00000 + L_Eknl: 14.20019 + L_Div: 0.00000 + L_Morse: 9.35339
Epoch: 0 [ 190/10000 (2%)] Unweighted L_s : L_Mnfld: 0.00391,  L_NonMnfld: 0.02301,  L_Nrml: 0.00000,  L_Eknl: 0.28400, L_Morse: 0.93534

Weights: [7000.0, 600.0, 0, 50.0, 0.0, 10.0], lr=5.000e-05
Epoch: 0 [ 200/10000 (2%)] Loss: 65.66575 = L_Mnfld: 27.84826 + L_NonMnfld: 14.56838 + L_Nrml: 0.00000 + L_Eknl: 13.87289 + L_Div: 0.00000 + L_Morse: 9.37622
Epoch: 0 [ 200/10000 (2%)] Unweighted L_s : L_Mnfld: 0.00398,  L_NonMnfld: 0.02428,  L_Nrml: 0.00000,  L_Eknl: 0.27746, L_Morse: 0.93762

Weights: [7000.0, 600.0, 0, 50.0, 0.0, 10.0], lr=5.000e-05
Epoch: 0 [ 210/10000 (2%)] Loss: 63.37013 = L_Mnfld: 25.98903 + L_NonMnfld: 14.16033 + L_Nrml: 0.00000 + L_Eknl: 14.05938 + L_Div: 0.00000 + L_Morse: 9.16139
Epoch: 0 [ 210/10000 (2%)] Unweighted L_s : L_Mnfld: 0.00371,  L_NonMnfld: 0.02360,  L_Nrml: 0.00000,  L_Eknl: 0.28119, L_Morse: 0.91614

Weights: [7000.0, 600.0, 0, 50.0, 0.0, 10.0], lr=5.000e-05
Epoch: 0 [ 220/10000 (2%)] Loss: 63.02617 = L_Mnfld: 25.92515 + L_NonMnfld: 14.30291 + L_Nrml: 0.00000 + L_Eknl: 13.58070 + L_Div: 0.00000 + L_Morse: 9.21741
Epoch: 0 [ 220/10000 (2%)] Unweighted L_s : L_Mnfld: 0.00370,  L_NonMnfld: 0.02384,  L_Nrml: 0.00000,  L_Eknl: 0.27161, L_Morse: 0.92174

Weights: [7000.0, 600.0, 0, 50.0, 0.0, 10.0], lr=5.000e-05
Epoch: 0 [ 230/10000 (2%)] Loss: 60.88289 = L_Mnfld: 24.40891 + L_NonMnfld: 14.05949 + L_Nrml: 0.00000 + L_Eknl: 13.66055 + L_Div: 0.00000 + L_Morse: 8.75395
Epoch: 0 [ 230/10000 (2%)] Unweighted L_s : L_Mnfld: 0.00349,  L_NonMnfld: 0.02343,  L_Nrml: 0.00000,  L_Eknl: 0.27321, L_Morse: 0.87539

Weights: [7000.0, 600.0, 0, 50.0, 0.0, 10.0], lr=5.000e-05
Epoch: 0 [ 240/10000 (2%)] Loss: 59.53248 = L_Mnfld: 23.92548 + L_NonMnfld: 13.18097 + L_Nrml: 0.00000 + L_Eknl: 13.47664 + L_Div: 0.00000 + L_Morse: 8.94940
Epoch: 0 [ 240/10000 (2%)] Unweighted L_s : L_Mnfld: 0.00342,  L_NonMnfld: 0.02197,  L_Nrml: 0.00000,  L_Eknl: 0.26953, L_Morse: 0.89494

Weights: [7000.0, 600.0, 0, 50.0, 0.0, 10.0], lr=5.000e-05
Epoch: 0 [ 250/10000 (2%)] Loss: 58.22972 = L_Mnfld: 22.65342 + L_NonMnfld: 13.67368 + L_Nrml: 0.00000 + L_Eknl: 13.38055 + L_Div: 0.00000 + L_Morse: 8.52208
Epoch: 0 [ 250/10000 (2%)] Unweighted L_s : L_Mnfld: 0.00324,  L_NonMnfld: 0.02279,  L_Nrml: 0.00000,  L_Eknl: 0.26761, L_Morse: 0.85221

Weights: [7000.0, 600.0, 0, 50.0, 0.0, 10.0], lr=5.000e-05
Epoch: 0 [ 260/10000 (3%)] Loss: 58.95288 = L_Mnfld: 25.43421 + L_NonMnfld: 11.37444 + L_Nrml: 0.00000 + L_Eknl: 13.09333 + L_Div: 0.00000 + L_Morse: 9.05091
Epoch: 0 [ 260/10000 (3%)] Unweighted L_s : L_Mnfld: 0.00363,  L_NonMnfld: 0.01896,  L_Nrml: 0.00000,  L_Eknl: 0.26187, L_Morse: 0.90509

Weights: [7000.0, 600.0, 0, 50.0, 0.0, 10.0], lr=5.000e-05
Epoch: 0 [ 270/10000 (3%)] Loss: 57.64617 = L_Mnfld: 21.69275 + L_NonMnfld: 14.16342 + L_Nrml: 0.00000 + L_Eknl: 13.16260 + L_Div: 0.00000 + L_Morse: 8.62740
Epoch: 0 [ 270/10000 (3%)] Unweighted L_s : L_Mnfld: 0.00310,  L_NonMnfld: 0.02361,  L_Nrml: 0.00000,  L_Eknl: 0.26325, L_Morse: 0.86274

Weights: [7000.0, 600.0, 0, 50.0, 0.0, 10.0], lr=5.000e-05
Epoch: 0 [ 280/10000 (3%)] Loss: 56.11609 = L_Mnfld: 21.12636 + L_NonMnfld: 13.57436 + L_Nrml: 0.00000 + L_Eknl: 12.92068 + L_Div: 0.00000 + L_Morse: 8.49469
Epoch: 0 [ 280/10000 (3%)] Unweighted L_s : L_Mnfld: 0.00302,  L_NonMnfld: 0.02262,  L_Nrml: 0.00000,  L_Eknl: 0.25841, L_Morse: 0.84947

Weights: [7000.0, 600.0, 0, 50.0, 0.0, 10.0], lr=5.000e-05
Epoch: 0 [ 290/10000 (3%)] Loss: 56.64064 = L_Mnfld: 20.88053 + L_NonMnfld: 14.46713 + L_Nrml: 0.00000 + L_Eknl: 13.11669 + L_Div: 0.00000 + L_Morse: 8.17630
Epoch: 0 [ 290/10000 (3%)] Unweighted L_s : L_Mnfld: 0.00298,  L_NonMnfld: 0.02411,  L_Nrml: 0.00000,  L_Eknl: 0.26233, L_Morse: 0.81763

Weights: [7000.0, 600.0, 0, 50.0, 0.0, 10.0], lr=5.000e-05
Epoch: 0 [ 300/10000 (3%)] Loss: 56.70417 = L_Mnfld: 22.35139 + L_NonMnfld: 13.30560 + L_Nrml: 0.00000 + L_Eknl: 12.73554 + L_Div: 0.00000 + L_Morse: 8.31163
Epoch: 0 [ 300/10000 (3%)] Unweighted L_s : L_Mnfld: 0.00319,  L_NonMnfld: 0.02218,  L_Nrml: 0.00000,  L_Eknl: 0.25471, L_Morse: 0.83116

Weights: [7000.0, 600.0, 0, 50.0, 0.0, 10.0], lr=5.000e-05
Epoch: 0 [ 310/10000 (3%)] Loss: 54.67618 = L_Mnfld: 20.14547 + L_NonMnfld: 13.73866 + L_Nrml: 0.00000 + L_Eknl: 12.64606 + L_Div: 0.00000 + L_Morse: 8.14599
Epoch: 0 [ 310/10000 (3%)] Unweighted L_s : L_Mnfld: 0.00288,  L_NonMnfld: 0.02290,  L_Nrml: 0.00000,  L_Eknl: 0.25292, L_Morse: 0.81460

Weights: [7000.0, 600.0, 0, 50.0, 0.0, 10.0], lr=5.000e-05
Epoch: 0 [ 320/10000 (3%)] Loss: 55.24957 = L_Mnfld: 20.83597 + L_NonMnfld: 13.36939 + L_Nrml: 0.00000 + L_Eknl: 12.72068 + L_Div: 0.00000 + L_Morse: 8.32353
Epoch: 0 [ 320/10000 (3%)] Unweighted L_s : L_Mnfld: 0.00298,  L_NonMnfld: 0.02228,  L_Nrml: 0.00000,  L_Eknl: 0.25441, L_Morse: 0.83235

Weights: [7000.0, 600.0, 0, 50.0, 0.0, 10.0], lr=5.000e-05
Epoch: 0 [ 330/10000 (3%)] Loss: 54.86040 = L_Mnfld: 20.81130 + L_NonMnfld: 13.24844 + L_Nrml: 0.00000 + L_Eknl: 12.62900 + L_Div: 0.00000 + L_Morse: 8.17166
Epoch: 0 [ 330/10000 (3%)] Unweighted L_s : L_Mnfld: 0.00297,  L_NonMnfld: 0.02208,  L_Nrml: 0.00000,  L_Eknl: 0.25258, L_Morse: 0.81717

Weights: [7000.0, 600.0, 0, 50.0, 0.0, 10.0], lr=5.000e-05
Epoch: 0 [ 340/10000 (3%)] Loss: 52.86573 = L_Mnfld: 18.70692 + L_NonMnfld: 13.31884 + L_Nrml: 0.00000 + L_Eknl: 12.48431 + L_Div: 0.00000 + L_Morse: 8.35567
Epoch: 0 [ 340/10000 (3%)] Unweighted L_s : L_Mnfld: 0.00267,  L_NonMnfld: 0.02220,  L_Nrml: 0.00000,  L_Eknl: 0.24969, L_Morse: 0.83557

Weights: [7000.0, 600.0, 0, 50.0, 0.0, 10.0], lr=5.000e-05
Epoch: 0 [ 350/10000 (4%)] Loss: 52.71810 = L_Mnfld: 19.70675 + L_NonMnfld: 12.24789 + L_Nrml: 0.00000 + L_Eknl: 12.46358 + L_Div: 0.00000 + L_Morse: 8.29988
Epoch: 0 [ 350/10000 (4%)] Unweighted L_s : L_Mnfld: 0.00282,  L_NonMnfld: 0.02041,  L_Nrml: 0.00000,  L_Eknl: 0.24927, L_Morse: 0.82999

Weights: [7000.0, 600.0, 0, 50.0, 0.0, 10.0], lr=5.000e-05
Epoch: 0 [ 360/10000 (4%)] Loss: 51.74002 = L_Mnfld: 19.56671 + L_NonMnfld: 12.09468 + L_Nrml: 0.00000 + L_Eknl: 12.05593 + L_Div: 0.00000 + L_Morse: 8.02269
Epoch: 0 [ 360/10000 (4%)] Unweighted L_s : L_Mnfld: 0.00280,  L_NonMnfld: 0.02016,  L_Nrml: 0.00000,  L_Eknl: 0.24112, L_Morse: 0.80227

Weights: [7000.0, 600.0, 0, 50.0, 0.0, 10.0], lr=5.000e-05
Epoch: 0 [ 370/10000 (4%)] Loss: 52.31102 = L_Mnfld: 18.13818 + L_NonMnfld: 13.77044 + L_Nrml: 0.00000 + L_Eknl: 12.24556 + L_Div: 0.00000 + L_Morse: 8.15684
Epoch: 0 [ 370/10000 (4%)] Unweighted L_s : L_Mnfld: 0.00259,  L_NonMnfld: 0.02295,  L_Nrml: 0.00000,  L_Eknl: 0.24491, L_Morse: 0.81568

Weights: [7000.0, 600.0, 0, 50.0, 0.0, 10.0], lr=5.000e-05
Epoch: 0 [ 380/10000 (4%)] Loss: 51.87821 = L_Mnfld: 18.66129 + L_NonMnfld: 13.15555 + L_Nrml: 0.00000 + L_Eknl: 12.12067 + L_Div: 0.00000 + L_Morse: 7.94071
Epoch: 0 [ 380/10000 (4%)] Unweighted L_s : L_Mnfld: 0.00267,  L_NonMnfld: 0.02193,  L_Nrml: 0.00000,  L_Eknl: 0.24241, L_Morse: 0.79407

Weights: [7000.0, 600.0, 0, 50.0, 0.0, 10.0], lr=5.000e-05
Epoch: 0 [ 390/10000 (4%)] Loss: 52.16877 = L_Mnfld: 18.76259 + L_NonMnfld: 13.58382 + L_Nrml: 0.00000 + L_Eknl: 12.08311 + L_Div: 0.00000 + L_Morse: 7.73924
Epoch: 0 [ 390/10000 (4%)] Unweighted L_s : L_Mnfld: 0.00268,  L_NonMnfld: 0.02264,  L_Nrml: 0.00000,  L_Eknl: 0.24166, L_Morse: 0.77392

Weights: [7000.0, 600.0, 0, 50.0, 0.0, 10.0], lr=5.000e-05
Epoch: 0 [ 400/10000 (4%)] Loss: 52.05044 = L_Mnfld: 19.83908 + L_NonMnfld: 11.90781 + L_Nrml: 0.00000 + L_Eknl: 11.94323 + L_Div: 0.00000 + L_Morse: 8.36033
Epoch: 0 [ 400/10000 (4%)] Unweighted L_s : L_Mnfld: 0.00283,  L_NonMnfld: 0.01985,  L_Nrml: 0.00000,  L_Eknl: 0.23886, L_Morse: 0.83603

Weights: [7000.0, 600.0, 0, 50.0, 0.0, 10.0], lr=5.000e-05
Epoch: 0 [ 410/10000 (4%)] Loss: 50.66558 = L_Mnfld: 17.88076 + L_NonMnfld: 13.02588 + L_Nrml: 0.00000 + L_Eknl: 11.92029 + L_Div: 0.00000 + L_Morse: 7.83866
Epoch: 0 [ 410/10000 (4%)] Unweighted L_s : L_Mnfld: 0.00255,  L_NonMnfld: 0.02171,  L_Nrml: 0.00000,  L_Eknl: 0.23841, L_Morse: 0.78387

Weights: [7000.0, 600.0, 0, 50.0, 0.0, 10.0], lr=5.000e-05
Epoch: 0 [ 420/10000 (4%)] Loss: 51.10951 = L_Mnfld: 17.49126 + L_NonMnfld: 13.92332 + L_Nrml: 0.00000 + L_Eknl: 11.77628 + L_Div: 0.00000 + L_Morse: 7.91864
Epoch: 0 [ 420/10000 (4%)] Unweighted L_s : L_Mnfld: 0.00250,  L_NonMnfld: 0.02321,  L_Nrml: 0.00000,  L_Eknl: 0.23553, L_Morse: 0.79186

Weights: [7000.0, 600.0, 0, 50.0, 0.0, 10.0], lr=5.000e-05
Epoch: 0 [ 430/10000 (4%)] Loss: 49.66902 = L_Mnfld: 17.77243 + L_NonMnfld: 11.89686 + L_Nrml: 0.00000 + L_Eknl: 11.82420 + L_Div: 0.00000 + L_Morse: 8.17553
Epoch: 0 [ 430/10000 (4%)] Unweighted L_s : L_Mnfld: 0.00254,  L_NonMnfld: 0.01983,  L_Nrml: 0.00000,  L_Eknl: 0.23648, L_Morse: 0.81755

Weights: [7000.0, 600.0, 0, 50.0, 0.0, 10.0], lr=5.000e-05
Epoch: 0 [ 440/10000 (4%)] Loss: 51.18256 = L_Mnfld: 17.75927 + L_NonMnfld: 13.56076 + L_Nrml: 0.00000 + L_Eknl: 11.65512 + L_Div: 0.00000 + L_Morse: 8.20740
Epoch: 0 [ 440/10000 (4%)] Unweighted L_s : L_Mnfld: 0.00254,  L_NonMnfld: 0.02260,  L_Nrml: 0.00000,  L_Eknl: 0.23310, L_Morse: 0.82074

Weights: [7000.0, 600.0, 0, 50.0, 0.0, 10.0], lr=5.000e-05
Epoch: 0 [ 450/10000 (4%)] Loss: 51.30347 = L_Mnfld: 17.93817 + L_NonMnfld: 13.94549 + L_Nrml: 0.00000 + L_Eknl: 11.46916 + L_Div: 0.00000 + L_Morse: 7.95064
Epoch: 0 [ 450/10000 (4%)] Unweighted L_s : L_Mnfld: 0.00256,  L_NonMnfld: 0.02324,  L_Nrml: 0.00000,  L_Eknl: 0.22938, L_Morse: 0.79506

Weights: [7000.0, 600.0, 0, 50.0, 0.0, 10.0], lr=5.000e-05
Epoch: 0 [ 460/10000 (5%)] Loss: 50.20894 = L_Mnfld: 17.57032 + L_NonMnfld: 13.09061 + L_Nrml: 0.00000 + L_Eknl: 11.51893 + L_Div: 0.00000 + L_Morse: 8.02908
Epoch: 0 [ 460/10000 (5%)] Unweighted L_s : L_Mnfld: 0.00251,  L_NonMnfld: 0.02182,  L_Nrml: 0.00000,  L_Eknl: 0.23038, L_Morse: 0.80291

Weights: [7000.0, 600.0, 0, 50.0, 0.0, 10.0], lr=5.000e-05
Epoch: 0 [ 470/10000 (5%)] Loss: 49.09536 = L_Mnfld: 16.78729 + L_NonMnfld: 12.54673 + L_Nrml: 0.00000 + L_Eknl: 11.49153 + L_Div: 0.00000 + L_Morse: 8.26981
Epoch: 0 [ 470/10000 (5%)] Unweighted L_s : L_Mnfld: 0.00240,  L_NonMnfld: 0.02091,  L_Nrml: 0.00000,  L_Eknl: 0.22983, L_Morse: 0.82698

Weights: [7000.0, 600.0, 0, 50.0, 0.0, 10.0], lr=5.000e-05
Epoch: 0 [ 480/10000 (5%)] Loss: 49.83053 = L_Mnfld: 17.35793 + L_NonMnfld: 13.15904 + L_Nrml: 0.00000 + L_Eknl: 11.17827 + L_Div: 0.00000 + L_Morse: 8.13529
Epoch: 0 [ 480/10000 (5%)] Unweighted L_s : L_Mnfld: 0.00248,  L_NonMnfld: 0.02193,  L_Nrml: 0.00000,  L_Eknl: 0.22357, L_Morse: 0.81353

Weights: [7000.0, 600.0, 0, 50.0, 0.0, 10.0], lr=5.000e-05
Epoch: 0 [ 490/10000 (5%)] Loss: 49.22964 = L_Mnfld: 16.78631 + L_NonMnfld: 12.93122 + L_Nrml: 0.00000 + L_Eknl: 11.39931 + L_Div: 0.00000 + L_Morse: 8.11279
Epoch: 0 [ 490/10000 (5%)] Unweighted L_s : L_Mnfld: 0.00240,  L_NonMnfld: 0.02155,  L_Nrml: 0.00000,  L_Eknl: 0.22799, L_Morse: 0.81128

Weights: [7000.0, 600.0, 0, 50.0, 0.0, 10.0], lr=5.000e-05
Epoch: 0 [ 500/10000 (5%)] Loss: 49.53370 = L_Mnfld: 17.11644 + L_NonMnfld: 12.91345 + L_Nrml: 0.00000 + L_Eknl: 11.32892 + L_Div: 0.00000 + L_Morse: 8.17489
Epoch: 0 [ 500/10000 (5%)] Unweighted L_s : L_Mnfld: 0.00245,  L_NonMnfld: 0.02152,  L_Nrml: 0.00000,  L_Eknl: 0.22658, L_Morse: 0.81749

Weights: [7000.0, 600.0, 0, 50.0, 0.0, 10.0], lr=5.000e-05
Epoch: 0 [ 510/10000 (5%)] Loss: 48.51235 = L_Mnfld: 16.50619 + L_NonMnfld: 12.92743 + L_Nrml: 0.00000 + L_Eknl: 11.22354 + L_Div: 0.00000 + L_Morse: 7.85519
Epoch: 0 [ 510/10000 (5%)] Unweighted L_s : L_Mnfld: 0.00236,  L_NonMnfld: 0.02155,  L_Nrml: 0.00000,  L_Eknl: 0.22447, L_Morse: 0.78552

Weights: [7000.0, 600.0, 0, 50.0, 0.0, 10.0], lr=5.000e-05
Epoch: 0 [ 520/10000 (5%)] Loss: 48.77954 = L_Mnfld: 16.39307 + L_NonMnfld: 13.26171 + L_Nrml: 0.00000 + L_Eknl: 11.06670 + L_Div: 0.00000 + L_Morse: 8.05807
Epoch: 0 [ 520/10000 (5%)] Unweighted L_s : L_Mnfld: 0.00234,  L_NonMnfld: 0.02210,  L_Nrml: 0.00000,  L_Eknl: 0.22133, L_Morse: 0.80581

Weights: [7000.0, 600.0, 0, 50.0, 0.0, 10.0], lr=5.000e-05
Epoch: 0 [ 530/10000 (5%)] Loss: 50.08657 = L_Mnfld: 17.57527 + L_NonMnfld: 13.28042 + L_Nrml: 0.00000 + L_Eknl: 10.94596 + L_Div: 0.00000 + L_Morse: 8.28492
Epoch: 0 [ 530/10000 (5%)] Unweighted L_s : L_Mnfld: 0.00251,  L_NonMnfld: 0.02213,  L_Nrml: 0.00000,  L_Eknl: 0.21892, L_Morse: 0.82849

Weights: [7000.0, 600.0, 0, 50.0, 0.0, 10.0], lr=5.000e-05
Epoch: 0 [ 540/10000 (5%)] Loss: 49.09926 = L_Mnfld: 17.04643 + L_NonMnfld: 13.08877 + L_Nrml: 0.00000 + L_Eknl: 10.89406 + L_Div: 0.00000 + L_Morse: 8.07000
Epoch: 0 [ 540/10000 (5%)] Unweighted L_s : L_Mnfld: 0.00244,  L_NonMnfld: 0.02181,  L_Nrml: 0.00000,  L_Eknl: 0.21788, L_Morse: 0.80700

Weights: [7000.0, 600.0, 0, 50.0, 0.0, 10.0], lr=5.000e-05
Epoch: 0 [ 550/10000 (6%)] Loss: 48.15065 = L_Mnfld: 15.90352 + L_NonMnfld: 13.35753 + L_Nrml: 0.00000 + L_Eknl: 10.94324 + L_Div: 0.00000 + L_Morse: 7.94636
Epoch: 0 [ 550/10000 (6%)] Unweighted L_s : L_Mnfld: 0.00227,  L_NonMnfld: 0.02226,  L_Nrml: 0.00000,  L_Eknl: 0.21886, L_Morse: 0.79464

Weights: [7000.0, 600.0, 0, 50.0, 0.0, 10.0], lr=5.000e-05
Epoch: 0 [ 560/10000 (6%)] Loss: 46.76863 = L_Mnfld: 16.15662 + L_NonMnfld: 11.86249 + L_Nrml: 0.00000 + L_Eknl: 10.60586 + L_Div: 0.00000 + L_Morse: 8.14366
Epoch: 0 [ 560/10000 (6%)] Unweighted L_s : L_Mnfld: 0.00231,  L_NonMnfld: 0.01977,  L_Nrml: 0.00000,  L_Eknl: 0.21212, L_Morse: 0.81437

Weights: [7000.0, 600.0, 0, 50.0, 0.0, 10.0], lr=5.000e-05
Epoch: 0 [ 570/10000 (6%)] Loss: 46.98597 = L_Mnfld: 15.15129 + L_NonMnfld: 13.51346 + L_Nrml: 0.00000 + L_Eknl: 10.70356 + L_Div: 0.00000 + L_Morse: 7.61766
Epoch: 0 [ 570/10000 (6%)] Unweighted L_s : L_Mnfld: 0.00216,  L_NonMnfld: 0.02252,  L_Nrml: 0.00000,  L_Eknl: 0.21407, L_Morse: 0.76177

Weights: [7000.0, 600.0, 0, 50.0, 0.0, 10.0], lr=5.000e-05
Epoch: 0 [ 580/10000 (6%)] Loss: 46.96518 = L_Mnfld: 15.32771 + L_NonMnfld: 12.97677 + L_Nrml: 0.00000 + L_Eknl: 10.59592 + L_Div: 0.00000 + L_Morse: 8.06479
Epoch: 0 [ 580/10000 (6%)] Unweighted L_s : L_Mnfld: 0.00219,  L_NonMnfld: 0.02163,  L_Nrml: 0.00000,  L_Eknl: 0.21192, L_Morse: 0.80648

Weights: [7000.0, 600.0, 0, 50.0, 0.0, 10.0], lr=5.000e-05
Epoch: 0 [ 590/10000 (6%)] Loss: 48.11069 = L_Mnfld: 15.51447 + L_NonMnfld: 13.97830 + L_Nrml: 0.00000 + L_Eknl: 10.43735 + L_Div: 0.00000 + L_Morse: 8.18057
Epoch: 0 [ 590/10000 (6%)] Unweighted L_s : L_Mnfld: 0.00222,  L_NonMnfld: 0.02330,  L_Nrml: 0.00000,  L_Eknl: 0.20875, L_Morse: 0.81806

Weights: [7000.0, 600.0, 0, 50.0, 0.0, 10.0], lr=5.000e-05
Epoch: 0 [ 600/10000 (6%)] Loss: 46.51780 = L_Mnfld: 15.22746 + L_NonMnfld: 13.09637 + L_Nrml: 0.00000 + L_Eknl: 10.44209 + L_Div: 0.00000 + L_Morse: 7.75188
Epoch: 0 [ 600/10000 (6%)] Unweighted L_s : L_Mnfld: 0.00218,  L_NonMnfld: 0.02183,  L_Nrml: 0.00000,  L_Eknl: 0.20884, L_Morse: 0.77519

Weights: [7000.0, 600.0, 0, 50.0, 0.0, 10.0], lr=5.000e-05
Epoch: 0 [ 610/10000 (6%)] Loss: 46.29919 = L_Mnfld: 15.05337 + L_NonMnfld: 12.98827 + L_Nrml: 0.00000 + L_Eknl: 10.52943 + L_Div: 0.00000 + L_Morse: 7.72813
Epoch: 0 [ 610/10000 (6%)] Unweighted L_s : L_Mnfld: 0.00215,  L_NonMnfld: 0.02165,  L_Nrml: 0.00000,  L_Eknl: 0.21059, L_Morse: 0.77281

Weights: [7000.0, 600.0, 0, 50.0, 0.0, 10.0], lr=5.000e-05
Epoch: 0 [ 620/10000 (6%)] Loss: 48.38025 = L_Mnfld: 17.31343 + L_NonMnfld: 12.12803 + L_Nrml: 0.00000 + L_Eknl: 10.29588 + L_Div: 0.00000 + L_Morse: 8.64290
Epoch: 0 [ 620/10000 (6%)] Unweighted L_s : L_Mnfld: 0.00247,  L_NonMnfld: 0.02021,  L_Nrml: 0.00000,  L_Eknl: 0.20592, L_Morse: 0.86429

Weights: [7000.0, 600.0, 0, 50.0, 0.0, 10.0], lr=5.000e-05
Epoch: 0 [ 630/10000 (6%)] Loss: 47.46919 = L_Mnfld: 15.39614 + L_NonMnfld: 13.43368 + L_Nrml: 0.00000 + L_Eknl: 10.45864 + L_Div: 0.00000 + L_Morse: 8.18073
Epoch: 0 [ 630/10000 (6%)] Unweighted L_s : L_Mnfld: 0.00220,  L_NonMnfld: 0.02239,  L_Nrml: 0.00000,  L_Eknl: 0.20917, L_Morse: 0.81807

Weights: [7000.0, 600.0, 0, 50.0, 0.0, 10.0], lr=5.000e-05
Epoch: 0 [ 640/10000 (6%)] Loss: 48.05342 = L_Mnfld: 15.71058 + L_NonMnfld: 14.01724 + L_Nrml: 0.00000 + L_Eknl: 10.15931 + L_Div: 0.00000 + L_Morse: 8.16630
Epoch: 0 [ 640/10000 (6%)] Unweighted L_s : L_Mnfld: 0.00224,  L_NonMnfld: 0.02336,  L_Nrml: 0.00000,  L_Eknl: 0.20319, L_Morse: 0.81663

Weights: [7000.0, 600.0, 0, 50.0, 0.0, 10.0], lr=5.000e-05
Epoch: 0 [ 650/10000 (6%)] Loss: 46.36988 = L_Mnfld: 15.30568 + L_NonMnfld: 12.93386 + L_Nrml: 0.00000 + L_Eknl: 10.13060 + L_Div: 0.00000 + L_Morse: 7.99975
Epoch: 0 [ 650/10000 (6%)] Unweighted L_s : L_Mnfld: 0.00219,  L_NonMnfld: 0.02156,  L_Nrml: 0.00000,  L_Eknl: 0.20261, L_Morse: 0.79997

Weights: [7000.0, 600.0, 0, 50.0, 0.0, 10.0], lr=5.000e-05
Epoch: 0 [ 660/10000 (7%)] Loss: 46.01613 = L_Mnfld: 15.63319 + L_NonMnfld: 12.21074 + L_Nrml: 0.00000 + L_Eknl: 9.86708 + L_Div: 0.00000 + L_Morse: 8.30511
Epoch: 0 [ 660/10000 (7%)] Unweighted L_s : L_Mnfld: 0.00223,  L_NonMnfld: 0.02035,  L_Nrml: 0.00000,  L_Eknl: 0.19734, L_Morse: 0.83051

Weights: [7000.0, 600.0, 0, 50.0, 0.0, 10.0], lr=5.000e-05
Epoch: 0 [ 670/10000 (7%)] Loss: 47.41315 = L_Mnfld: 15.58622 + L_NonMnfld: 13.67224 + L_Nrml: 0.00000 + L_Eknl: 9.90511 + L_Div: 0.00000 + L_Morse: 8.24958
Epoch: 0 [ 670/10000 (7%)] Unweighted L_s : L_Mnfld: 0.00223,  L_NonMnfld: 0.02279,  L_Nrml: 0.00000,  L_Eknl: 0.19810, L_Morse: 0.82496

Weights: [7000.0, 600.0, 0, 50.0, 0.0, 10.0], lr=5.000e-05
Epoch: 0 [ 680/10000 (7%)] Loss: 47.05103 = L_Mnfld: 15.95349 + L_NonMnfld: 12.85321 + L_Nrml: 0.00000 + L_Eknl: 9.95968 + L_Div: 0.00000 + L_Morse: 8.28465
Epoch: 0 [ 680/10000 (7%)] Unweighted L_s : L_Mnfld: 0.00228,  L_NonMnfld: 0.02142,  L_Nrml: 0.00000,  L_Eknl: 0.19919, L_Morse: 0.82847

Weights: [7000.0, 600.0, 0, 50.0, 0.0, 10.0], lr=5.000e-05
Epoch: 0 [ 690/10000 (7%)] Loss: 46.31235 = L_Mnfld: 14.67518 + L_NonMnfld: 13.24422 + L_Nrml: 0.00000 + L_Eknl: 9.98616 + L_Div: 0.00000 + L_Morse: 8.40680
Epoch: 0 [ 690/10000 (7%)] Unweighted L_s : L_Mnfld: 0.00210,  L_NonMnfld: 0.02207,  L_Nrml: 0.00000,  L_Eknl: 0.19972, L_Morse: 0.84068

Weights: [7000.0, 600.0, 0, 50.0, 0.0, 10.0], lr=5.000e-05
Epoch: 0 [ 700/10000 (7%)] Loss: 46.10414 = L_Mnfld: 14.95074 + L_NonMnfld: 13.24045 + L_Nrml: 0.00000 + L_Eknl: 9.77173 + L_Div: 0.00000 + L_Morse: 8.14122
Epoch: 0 [ 700/10000 (7%)] Unweighted L_s : L_Mnfld: 0.00214,  L_NonMnfld: 0.02207,  L_Nrml: 0.00000,  L_Eknl: 0.19543, L_Morse: 0.81412

Weights: [7000.0, 600.0, 0, 50.0, 0.0, 10.0], lr=5.000e-05
Epoch: 0 [ 710/10000 (7%)] Loss: 45.76899 = L_Mnfld: 15.01143 + L_NonMnfld: 12.77542 + L_Nrml: 0.00000 + L_Eknl: 9.69077 + L_Div: 0.00000 + L_Morse: 8.29138
Epoch: 0 [ 710/10000 (7%)] Unweighted L_s : L_Mnfld: 0.00214,  L_NonMnfld: 0.02129,  L_Nrml: 0.00000,  L_Eknl: 0.19382, L_Morse: 0.82914

Weights: [7000.0, 600.0, 0, 50.0, 0.0, 10.0], lr=5.000e-05
Epoch: 0 [ 720/10000 (7%)] Loss: 43.52454 = L_Mnfld: 13.84132 + L_NonMnfld: 12.36538 + L_Nrml: 0.00000 + L_Eknl: 9.61052 + L_Div: 0.00000 + L_Morse: 7.70733
Epoch: 0 [ 720/10000 (7%)] Unweighted L_s : L_Mnfld: 0.00198,  L_NonMnfld: 0.02061,  L_Nrml: 0.00000,  L_Eknl: 0.19221, L_Morse: 0.77073

Weights: [7000.0, 600.0, 0, 50.0, 0.0, 10.0], lr=5.000e-05
Epoch: 0 [ 730/10000 (7%)] Loss: 43.85209 = L_Mnfld: 13.82206 + L_NonMnfld: 12.23490 + L_Nrml: 0.00000 + L_Eknl: 9.79166 + L_Div: 0.00000 + L_Morse: 8.00348
Epoch: 0 [ 730/10000 (7%)] Unweighted L_s : L_Mnfld: 0.00197,  L_NonMnfld: 0.02039,  L_Nrml: 0.00000,  L_Eknl: 0.19583, L_Morse: 0.80035

Weights: [7000.0, 600.0, 0, 50.0, 0.0, 10.0], lr=5.000e-05
Epoch: 0 [ 740/10000 (7%)] Loss: 43.70256 = L_Mnfld: 14.14122 + L_NonMnfld: 11.89717 + L_Nrml: 0.00000 + L_Eknl: 9.43732 + L_Div: 0.00000 + L_Morse: 8.22685
Epoch: 0 [ 740/10000 (7%)] Unweighted L_s : L_Mnfld: 0.00202,  L_NonMnfld: 0.01983,  L_Nrml: 0.00000,  L_Eknl: 0.18875, L_Morse: 0.82269

Weights: [7000.0, 600.0, 0, 50.0, 0.0, 10.0], lr=5.000e-05
Epoch: 0 [ 750/10000 (8%)] Loss: 46.05107 = L_Mnfld: 14.45143 + L_NonMnfld: 14.12159 + L_Nrml: 0.00000 + L_Eknl: 9.65502 + L_Div: 0.00000 + L_Morse: 7.82303
Epoch: 0 [ 750/10000 (8%)] Unweighted L_s : L_Mnfld: 0.00206,  L_NonMnfld: 0.02354,  L_Nrml: 0.00000,  L_Eknl: 0.19310, L_Morse: 0.78230

Weights: [7000.0, 600.0, 0, 50.0, 0.0, 10.0], lr=5.000e-05
Epoch: 0 [ 760/10000 (8%)] Loss: 44.27214 = L_Mnfld: 14.82222 + L_NonMnfld: 11.98874 + L_Nrml: 0.00000 + L_Eknl: 9.44435 + L_Div: 0.00000 + L_Morse: 8.01683
Epoch: 0 [ 760/10000 (8%)] Unweighted L_s : L_Mnfld: 0.00212,  L_NonMnfld: 0.01998,  L_Nrml: 0.00000,  L_Eknl: 0.18889, L_Morse: 0.80168

Weights: [7000.0, 600.0, 0, 50.0, 0.0, 10.0], lr=5.000e-05
Epoch: 0 [ 770/10000 (8%)] Loss: 44.28354 = L_Mnfld: 13.64477 + L_NonMnfld: 13.30969 + L_Nrml: 0.00000 + L_Eknl: 9.53921 + L_Div: 0.00000 + L_Morse: 7.78988
Epoch: 0 [ 770/10000 (8%)] Unweighted L_s : L_Mnfld: 0.00195,  L_NonMnfld: 0.02218,  L_Nrml: 0.00000,  L_Eknl: 0.19078, L_Morse: 0.77899

Weights: [7000.0, 600.0, 0, 50.0, 0.0, 10.0], lr=5.000e-05
Epoch: 0 [ 780/10000 (8%)] Loss: 44.66059 = L_Mnfld: 14.40749 + L_NonMnfld: 12.97798 + L_Nrml: 0.00000 + L_Eknl: 9.23370 + L_Div: 0.00000 + L_Morse: 8.04143
Epoch: 0 [ 780/10000 (8%)] Unweighted L_s : L_Mnfld: 0.00206,  L_NonMnfld: 0.02163,  L_Nrml: 0.00000,  L_Eknl: 0.18467, L_Morse: 0.80414

Weights: [7000.0, 600.0, 0, 50.0, 0.0, 10.0], lr=5.000e-05
Epoch: 0 [ 790/10000 (8%)] Loss: 43.97434 = L_Mnfld: 13.69369 + L_NonMnfld: 13.15826 + L_Nrml: 0.00000 + L_Eknl: 9.39264 + L_Div: 0.00000 + L_Morse: 7.72975
Epoch: 0 [ 790/10000 (8%)] Unweighted L_s : L_Mnfld: 0.00196,  L_NonMnfld: 0.02193,  L_Nrml: 0.00000,  L_Eknl: 0.18785, L_Morse: 0.77298

Weights: [7000.0, 600.0, 0, 50.0, 0.0, 10.0], lr=5.000e-05
Epoch: 0 [ 800/10000 (8%)] Loss: 44.52199 = L_Mnfld: 14.67222 + L_NonMnfld: 12.16299 + L_Nrml: 0.00000 + L_Eknl: 9.18039 + L_Div: 0.00000 + L_Morse: 8.50639
Epoch: 0 [ 800/10000 (8%)] Unweighted L_s : L_Mnfld: 0.00210,  L_NonMnfld: 0.02027,  L_Nrml: 0.00000,  L_Eknl: 0.18361, L_Morse: 0.85064

Weights: [7000.0, 600.0, 0, 50.0, 0.0, 10.0], lr=5.000e-05
Epoch: 0 [ 810/10000 (8%)] Loss: 43.21786 = L_Mnfld: 13.21113 + L_NonMnfld: 12.86043 + L_Nrml: 0.00000 + L_Eknl: 9.29970 + L_Div: 0.00000 + L_Morse: 7.84660
Epoch: 0 [ 810/10000 (8%)] Unweighted L_s : L_Mnfld: 0.00189,  L_NonMnfld: 0.02143,  L_Nrml: 0.00000,  L_Eknl: 0.18599, L_Morse: 0.78466

Weights: [7000.0, 600.0, 0, 50.0, 0.0, 10.0], lr=5.000e-05
Epoch: 0 [ 820/10000 (8%)] Loss: 43.97514 = L_Mnfld: 14.28769 + L_NonMnfld: 12.43013 + L_Nrml: 0.00000 + L_Eknl: 9.00191 + L_Div: 0.00000 + L_Morse: 8.25542
Epoch: 0 [ 820/10000 (8%)] Unweighted L_s : L_Mnfld: 0.00204,  L_NonMnfld: 0.02072,  L_Nrml: 0.00000,  L_Eknl: 0.18004, L_Morse: 0.82554

Weights: [7000.0, 600.0, 0, 50.0, 0.0, 10.0], lr=5.000e-05
Epoch: 0 [ 830/10000 (8%)] Loss: 44.10543 = L_Mnfld: 13.87118 + L_NonMnfld: 12.86511 + L_Nrml: 0.00000 + L_Eknl: 9.18247 + L_Div: 0.00000 + L_Morse: 8.18667
Epoch: 0 [ 830/10000 (8%)] Unweighted L_s : L_Mnfld: 0.00198,  L_NonMnfld: 0.02144,  L_Nrml: 0.00000,  L_Eknl: 0.18365, L_Morse: 0.81867

Weights: [7000.0, 600.0, 0, 50.0, 0.0, 10.0], lr=5.000e-05
Epoch: 0 [ 840/10000 (8%)] Loss: 44.96013 = L_Mnfld: 15.07163 + L_NonMnfld: 12.75735 + L_Nrml: 0.00000 + L_Eknl: 8.99623 + L_Div: 0.00000 + L_Morse: 8.13492
Epoch: 0 [ 840/10000 (8%)] Unweighted L_s : L_Mnfld: 0.00215,  L_NonMnfld: 0.02126,  L_Nrml: 0.00000,  L_Eknl: 0.17992, L_Morse: 0.81349

Weights: [7000.0, 600.0, 0, 50.0, 0.0, 10.0], lr=5.000e-05
Epoch: 0 [ 850/10000 (8%)] Loss: 45.68655 = L_Mnfld: 16.50194 + L_NonMnfld: 11.84717 + L_Nrml: 0.00000 + L_Eknl: 9.07931 + L_Div: 0.00000 + L_Morse: 8.25813
Epoch: 0 [ 850/10000 (8%)] Unweighted L_s : L_Mnfld: 0.00236,  L_NonMnfld: 0.01975,  L_Nrml: 0.00000,  L_Eknl: 0.18159, L_Morse: 0.82581

Weights: [7000.0, 600.0, 0, 50.0, 0.0, 10.0], lr=5.000e-05
Epoch: 0 [ 860/10000 (9%)] Loss: 46.82839 = L_Mnfld: 16.48615 + L_NonMnfld: 12.80767 + L_Nrml: 0.00000 + L_Eknl: 8.96303 + L_Div: 0.00000 + L_Morse: 8.57155
Epoch: 0 [ 860/10000 (9%)] Unweighted L_s : L_Mnfld: 0.00236,  L_NonMnfld: 0.02135,  L_Nrml: 0.00000,  L_Eknl: 0.17926, L_Morse: 0.85715

Weights: [7000.0, 600.0, 0, 50.0, 0.0, 10.0], lr=5.000e-05
Epoch: 0 [ 870/10000 (9%)] Loss: 46.08073 = L_Mnfld: 15.26447 + L_NonMnfld: 13.50782 + L_Nrml: 0.00000 + L_Eknl: 9.06453 + L_Div: 0.00000 + L_Morse: 8.24391
Epoch: 0 [ 870/10000 (9%)] Unweighted L_s : L_Mnfld: 0.00218,  L_NonMnfld: 0.02251,  L_Nrml: 0.00000,  L_Eknl: 0.18129, L_Morse: 0.82439

Weights: [7000.0, 600.0, 0, 50.0, 0.0, 10.0], lr=5.000e-05
Epoch: 0 [ 880/10000 (9%)] Loss: 45.08880 = L_Mnfld: 14.47115 + L_NonMnfld: 13.41020 + L_Nrml: 0.00000 + L_Eknl: 8.83288 + L_Div: 0.00000 + L_Morse: 8.37456
Epoch: 0 [ 880/10000 (9%)] Unweighted L_s : L_Mnfld: 0.00207,  L_NonMnfld: 0.02235,  L_Nrml: 0.00000,  L_Eknl: 0.17666, L_Morse: 0.83746

Weights: [7000.0, 600.0, 0, 50.0, 0.0, 10.0], lr=5.000e-05
Epoch: 0 [ 890/10000 (9%)] Loss: 43.95975 = L_Mnfld: 14.21097 + L_NonMnfld: 12.61972 + L_Nrml: 0.00000 + L_Eknl: 8.93791 + L_Div: 0.00000 + L_Morse: 8.19115
Epoch: 0 [ 890/10000 (9%)] Unweighted L_s : L_Mnfld: 0.00203,  L_NonMnfld: 0.02103,  L_Nrml: 0.00000,  L_Eknl: 0.17876, L_Morse: 0.81912

Weights: [7000.0, 600.0, 0, 50.0, 0.0, 10.0], lr=5.000e-05
Epoch: 0 [ 900/10000 (9%)] Loss: 43.27464 = L_Mnfld: 14.08342 + L_NonMnfld: 11.91590 + L_Nrml: 0.00000 + L_Eknl: 8.75420 + L_Div: 0.00000 + L_Morse: 8.52112
Epoch: 0 [ 900/10000 (9%)] Unweighted L_s : L_Mnfld: 0.00201,  L_NonMnfld: 0.01986,  L_Nrml: 0.00000,  L_Eknl: 0.17508, L_Morse: 0.85211

Weights: [7000.0, 600.0, 0, 50.0, 0.0, 10.0], lr=5.000e-05
Epoch: 0 [ 910/10000 (9%)] Loss: 43.91040 = L_Mnfld: 13.83086 + L_NonMnfld: 13.06790 + L_Nrml: 0.00000 + L_Eknl: 8.78681 + L_Div: 0.00000 + L_Morse: 8.22483
Epoch: 0 [ 910/10000 (9%)] Unweighted L_s : L_Mnfld: 0.00198,  L_NonMnfld: 0.02178,  L_Nrml: 0.00000,  L_Eknl: 0.17574, L_Morse: 0.82248

Weights: [7000.0, 600.0, 0, 50.0, 0.0, 10.0], lr=5.000e-05
Epoch: 0 [ 920/10000 (9%)] Loss: 44.25640 = L_Mnfld: 14.57168 + L_NonMnfld: 12.97818 + L_Nrml: 0.00000 + L_Eknl: 8.64202 + L_Div: 0.00000 + L_Morse: 8.06453
Epoch: 0 [ 920/10000 (9%)] Unweighted L_s : L_Mnfld: 0.00208,  L_NonMnfld: 0.02163,  L_Nrml: 0.00000,  L_Eknl: 0.17284, L_Morse: 0.80645

Weights: [7000.0, 600.0, 0, 50.0, 0.0, 10.0], lr=5.000e-05
Epoch: 0 [ 930/10000 (9%)] Loss: 42.94183 = L_Mnfld: 12.99312 + L_NonMnfld: 13.30092 + L_Nrml: 0.00000 + L_Eknl: 8.79438 + L_Div: 0.00000 + L_Morse: 7.85342
Epoch: 0 [ 930/10000 (9%)] Unweighted L_s : L_Mnfld: 0.00186,  L_NonMnfld: 0.02217,  L_Nrml: 0.00000,  L_Eknl: 0.17589, L_Morse: 0.78534

Weights: [7000.0, 600.0, 0, 50.0, 0.0, 10.0], lr=5.000e-05
Epoch: 0 [ 940/10000 (9%)] Loss: 42.00851 = L_Mnfld: 13.63968 + L_NonMnfld: 11.74582 + L_Nrml: 0.00000 + L_Eknl: 8.50731 + L_Div: 0.00000 + L_Morse: 8.11570
Epoch: 0 [ 940/10000 (9%)] Unweighted L_s : L_Mnfld: 0.00195,  L_NonMnfld: 0.01958,  L_Nrml: 0.00000,  L_Eknl: 0.17015, L_Morse: 0.81157

Weights: [7000.0, 600.0, 0, 50.0, 0.0, 10.0], lr=5.000e-05
Epoch: 0 [ 950/10000 (10%)] Loss: 42.82110 = L_Mnfld: 14.03249 + L_NonMnfld: 12.14234 + L_Nrml: 0.00000 + L_Eknl: 8.53212 + L_Div: 0.00000 + L_Morse: 8.11415
Epoch: 0 [ 950/10000 (10%)] Unweighted L_s : L_Mnfld: 0.00200,  L_NonMnfld: 0.02024,  L_Nrml: 0.00000,  L_Eknl: 0.17064, L_Morse: 0.81141

Weights: [7000.0, 600.0, 0, 50.0, 0.0, 10.0], lr=5.000e-05
Epoch: 0 [ 960/10000 (10%)] Loss: 43.33155 = L_Mnfld: 14.36712 + L_NonMnfld: 12.09261 + L_Nrml: 0.00000 + L_Eknl: 8.44653 + L_Div: 0.00000 + L_Morse: 8.42529
Epoch: 0 [ 960/10000 (10%)] Unweighted L_s : L_Mnfld: 0.00205,  L_NonMnfld: 0.02015,  L_Nrml: 0.00000,  L_Eknl: 0.16893, L_Morse: 0.84253

Weights: [7000.0, 600.0, 0, 50.0, 0.0, 10.0], lr=5.000e-05
Epoch: 0 [ 970/10000 (10%)] Loss: 42.45414 = L_Mnfld: 13.50841 + L_NonMnfld: 12.33545 + L_Nrml: 0.00000 + L_Eknl: 8.55662 + L_Div: 0.00000 + L_Morse: 8.05366
Epoch: 0 [ 970/10000 (10%)] Unweighted L_s : L_Mnfld: 0.00193,  L_NonMnfld: 0.02056,  L_Nrml: 0.00000,  L_Eknl: 0.17113, L_Morse: 0.80537

Weights: [7000.0, 600.0, 0, 50.0, 0.0, 10.0], lr=5.000e-05
Epoch: 0 [ 980/10000 (10%)] Loss: 42.01854 = L_Mnfld: 12.75380 + L_NonMnfld: 12.67580 + L_Nrml: 0.00000 + L_Eknl: 8.56341 + L_Div: 0.00000 + L_Morse: 8.02552
Epoch: 0 [ 980/10000 (10%)] Unweighted L_s : L_Mnfld: 0.00182,  L_NonMnfld: 0.02113,  L_Nrml: 0.00000,  L_Eknl: 0.17127, L_Morse: 0.80255

Weights: [7000.0, 600.0, 0, 50.0, 0.0, 10.0], lr=5.000e-05
Epoch: 0 [ 990/10000 (10%)] Loss: 41.98224 = L_Mnfld: 12.37016 + L_NonMnfld: 13.34797 + L_Nrml: 0.00000 + L_Eknl: 8.41766 + L_Div: 0.00000 + L_Morse: 7.84645
Epoch: 0 [ 990/10000 (10%)] Unweighted L_s : L_Mnfld: 0.00177,  L_NonMnfld: 0.02225,  L_Nrml: 0.00000,  L_Eknl: 0.16835, L_Morse: 0.78465

Weights: [7000.0, 600.0, 0, 50.0, 0.0, 10.0], lr=5.000e-05
Epoch: 0 [1000/10000 (10%)] Loss: 43.46350 = L_Mnfld: 13.19758 + L_NonMnfld: 13.57418 + L_Nrml: 0.00000 + L_Eknl: 8.38766 + L_Div: 0.00000 + L_Morse: 8.30408
Epoch: 0 [1000/10000 (10%)] Unweighted L_s : L_Mnfld: 0.00189,  L_NonMnfld: 0.02262,  L_Nrml: 0.00000,  L_Eknl: 0.16775, L_Morse: 0.83041

Weights: [7000.0, 600.0, 0, 50.0, 0.0, 10.0], lr=5.000e-05
Epoch: 0 [1010/10000 (10%)] Loss: 43.13549 = L_Mnfld: 13.05215 + L_NonMnfld: 13.43943 + L_Nrml: 0.00000 + L_Eknl: 8.54762 + L_Div: 0.00000 + L_Morse: 8.09629
Epoch: 0 [1010/10000 (10%)] Unweighted L_s : L_Mnfld: 0.00186,  L_NonMnfld: 0.02240,  L_Nrml: 0.00000,  L_Eknl: 0.17095, L_Morse: 0.80963

Weights: [7000.0, 600.0, 0, 50.0, 0.0, 10.0], lr=5.000e-05
Epoch: 0 [1020/10000 (10%)] Loss: 43.26753 = L_Mnfld: 13.83336 + L_NonMnfld: 13.07070 + L_Nrml: 0.00000 + L_Eknl: 8.34617 + L_Div: 0.00000 + L_Morse: 8.01731
Epoch: 0 [1020/10000 (10%)] Unweighted L_s : L_Mnfld: 0.00198,  L_NonMnfld: 0.02178,  L_Nrml: 0.00000,  L_Eknl: 0.16692, L_Morse: 0.80173

Weights: [7000.0, 600.0, 0, 50.0, 0.0, 10.0], lr=5.000e-05
Epoch: 0 [1030/10000 (10%)] Loss: 42.28159 = L_Mnfld: 12.45751 + L_NonMnfld: 13.23432 + L_Nrml: 0.00000 + L_Eknl: 8.37779 + L_Div: 0.00000 + L_Morse: 8.21197
Epoch: 0 [1030/10000 (10%)] Unweighted L_s : L_Mnfld: 0.00178,  L_NonMnfld: 0.02206,  L_Nrml: 0.00000,  L_Eknl: 0.16756, L_Morse: 0.82120

Weights: [7000.0, 600.0, 0, 50.0, 0.0, 10.0], lr=5.000e-05
Epoch: 0 [1040/10000 (10%)] Loss: 43.92158 = L_Mnfld: 13.96793 + L_NonMnfld: 13.36132 + L_Nrml: 0.00000 + L_Eknl: 8.24945 + L_Div: 0.00000 + L_Morse: 8.34289
Epoch: 0 [1040/10000 (10%)] Unweighted L_s : L_Mnfld: 0.00200,  L_NonMnfld: 0.02227,  L_Nrml: 0.00000,  L_Eknl: 0.16499, L_Morse: 0.83429

Weights: [7000.0, 600.0, 0, 50.0, 0.0, 10.0], lr=5.000e-05
Epoch: 0 [1050/10000 (10%)] Loss: 43.72518 = L_Mnfld: 13.95299 + L_NonMnfld: 13.57068 + L_Nrml: 0.00000 + L_Eknl: 8.30283 + L_Div: 0.00000 + L_Morse: 7.89868
Epoch: 0 [1050/10000 (10%)] Unweighted L_s : L_Mnfld: 0.00199,  L_NonMnfld: 0.02262,  L_Nrml: 0.00000,  L_Eknl: 0.16606, L_Morse: 0.78987

Weights: [7000.0, 600.0, 0, 50.0, 0.0, 10.0], lr=5.000e-05
Epoch: 0 [1060/10000 (11%)] Loss: 43.99515 = L_Mnfld: 14.31013 + L_NonMnfld: 13.30532 + L_Nrml: 0.00000 + L_Eknl: 8.05517 + L_Div: 0.00000 + L_Morse: 8.32453
Epoch: 0 [1060/10000 (11%)] Unweighted L_s : L_Mnfld: 0.00204,  L_NonMnfld: 0.02218,  L_Nrml: 0.00000,  L_Eknl: 0.16110, L_Morse: 0.83245

Weights: [7000.0, 600.0, 0, 50.0, 0.0, 10.0], lr=5.000e-05
Epoch: 0 [1070/10000 (11%)] Loss: 42.72776 = L_Mnfld: 13.19907 + L_NonMnfld: 13.12509 + L_Nrml: 0.00000 + L_Eknl: 8.30365 + L_Div: 0.00000 + L_Morse: 8.09994
Epoch: 0 [1070/10000 (11%)] Unweighted L_s : L_Mnfld: 0.00189,  L_NonMnfld: 0.02188,  L_Nrml: 0.00000,  L_Eknl: 0.16607, L_Morse: 0.80999

Weights: [7000.0, 600.0, 0, 50.0, 0.0, 10.0], lr=5.000e-05
Epoch: 0 [1080/10000 (11%)] Loss: 40.75336 = L_Mnfld: 13.05239 + L_NonMnfld: 11.63705 + L_Nrml: 0.00000 + L_Eknl: 8.05639 + L_Div: 0.00000 + L_Morse: 8.00753
Epoch: 0 [1080/10000 (11%)] Unweighted L_s : L_Mnfld: 0.00186,  L_NonMnfld: 0.01940,  L_Nrml: 0.00000,  L_Eknl: 0.16113, L_Morse: 0.80075

Weights: [7000.0, 600.0, 0, 50.0, 0.0, 10.0], lr=5.000e-05
Epoch: 0 [1090/10000 (11%)] Loss: 41.58673 = L_Mnfld: 12.41300 + L_NonMnfld: 13.28121 + L_Nrml: 0.00000 + L_Eknl: 7.96992 + L_Div: 0.00000 + L_Morse: 7.92260
Epoch: 0 [1090/10000 (11%)] Unweighted L_s : L_Mnfld: 0.00177,  L_NonMnfld: 0.02214,  L_Nrml: 0.00000,  L_Eknl: 0.15940, L_Morse: 0.79226

Weights: [7000.0, 600.0, 0, 50.0, 0.0, 10.0], lr=5.000e-05
Epoch: 0 [1100/10000 (11%)] Loss: 41.00486 = L_Mnfld: 13.29175 + L_NonMnfld: 11.64317 + L_Nrml: 0.00000 + L_Eknl: 8.10437 + L_Div: 0.00000 + L_Morse: 7.96557
Epoch: 0 [1100/10000 (11%)] Unweighted L_s : L_Mnfld: 0.00190,  L_NonMnfld: 0.01941,  L_Nrml: 0.00000,  L_Eknl: 0.16209, L_Morse: 0.79656

Weights: [7000.0, 600.0, 0, 50.0, 0.0, 10.0], lr=5.000e-05
Epoch: 0 [1110/10000 (11%)] Loss: 42.87254 = L_Mnfld: 13.23513 + L_NonMnfld: 13.51729 + L_Nrml: 0.00000 + L_Eknl: 8.13188 + L_Div: 0.00000 + L_Morse: 7.98825
Epoch: 0 [1110/10000 (11%)] Unweighted L_s : L_Mnfld: 0.00189,  L_NonMnfld: 0.02253,  L_Nrml: 0.00000,  L_Eknl: 0.16264, L_Morse: 0.79882

Weights: [7000.0, 600.0, 0, 50.0, 0.0, 10.0], lr=5.000e-05
Epoch: 0 [1120/10000 (11%)] Loss: 41.96424 = L_Mnfld: 13.07396 + L_NonMnfld: 12.65282 + L_Nrml: 0.00000 + L_Eknl: 7.93729 + L_Div: 0.00000 + L_Morse: 8.30016
Epoch: 0 [1120/10000 (11%)] Unweighted L_s : L_Mnfld: 0.00187,  L_NonMnfld: 0.02109,  L_Nrml: 0.00000,  L_Eknl: 0.15875, L_Morse: 0.83002

Weights: [7000.0, 600.0, 0, 50.0, 0.0, 10.0], lr=5.000e-05
Epoch: 0 [1130/10000 (11%)] Loss: 41.69329 = L_Mnfld: 12.82314 + L_NonMnfld: 12.83240 + L_Nrml: 0.00000 + L_Eknl: 7.95476 + L_Div: 0.00000 + L_Morse: 8.08299
Epoch: 0 [1130/10000 (11%)] Unweighted L_s : L_Mnfld: 0.00183,  L_NonMnfld: 0.02139,  L_Nrml: 0.00000,  L_Eknl: 0.15910, L_Morse: 0.80830

Weights: [7000.0, 600.0, 0, 50.0, 0.0, 10.0], lr=5.000e-05
Epoch: 0 [1140/10000 (11%)] Loss: 42.56234 = L_Mnfld: 14.21957 + L_NonMnfld: 12.21691 + L_Nrml: 0.00000 + L_Eknl: 7.94177 + L_Div: 0.00000 + L_Morse: 8.18409
Epoch: 0 [1140/10000 (11%)] Unweighted L_s : L_Mnfld: 0.00203,  L_NonMnfld: 0.02036,  L_Nrml: 0.00000,  L_Eknl: 0.15884, L_Morse: 0.81841

Weights: [7000.0, 600.0, 0, 50.0, 0.0, 10.0], lr=5.000e-05
Epoch: 0 [1150/10000 (12%)] Loss: 42.23874 = L_Mnfld: 13.57183 + L_NonMnfld: 12.27562 + L_Nrml: 0.00000 + L_Eknl: 8.01455 + L_Div: 0.00000 + L_Morse: 8.37675
Epoch: 0 [1150/10000 (12%)] Unweighted L_s : L_Mnfld: 0.00194,  L_NonMnfld: 0.02046,  L_Nrml: 0.00000,  L_Eknl: 0.16029, L_Morse: 0.83767

Weights: [7000.0, 600.0, 0, 50.0, 0.0, 10.0], lr=5.000e-05
Epoch: 0 [1160/10000 (12%)] Loss: 42.92674 = L_Mnfld: 13.70059 + L_NonMnfld: 13.07472 + L_Nrml: 0.00000 + L_Eknl: 7.98351 + L_Div: 0.00000 + L_Morse: 8.16792
Epoch: 0 [1160/10000 (12%)] Unweighted L_s : L_Mnfld: 0.00196,  L_NonMnfld: 0.02179,  L_Nrml: 0.00000,  L_Eknl: 0.15967, L_Morse: 0.81679

Weights: [7000.0, 600.0, 0, 50.0, 0.0, 10.0], lr=5.000e-05
Epoch: 0 [1170/10000 (12%)] Loss: 42.22202 = L_Mnfld: 13.19017 + L_NonMnfld: 12.85418 + L_Nrml: 0.00000 + L_Eknl: 8.02252 + L_Div: 0.00000 + L_Morse: 8.15515
Epoch: 0 [1170/10000 (12%)] Unweighted L_s : L_Mnfld: 0.00188,  L_NonMnfld: 0.02142,  L_Nrml: 0.00000,  L_Eknl: 0.16045, L_Morse: 0.81552

Weights: [7000.0, 600.0, 0, 50.0, 0.0, 10.0], lr=5.000e-05
Epoch: 0 [1180/10000 (12%)] Loss: 41.89243 = L_Mnfld: 12.58812 + L_NonMnfld: 13.53652 + L_Nrml: 0.00000 + L_Eknl: 7.86232 + L_Div: 0.00000 + L_Morse: 7.90547
Epoch: 0 [1180/10000 (12%)] Unweighted L_s : L_Mnfld: 0.00180,  L_NonMnfld: 0.02256,  L_Nrml: 0.00000,  L_Eknl: 0.15725, L_Morse: 0.79055

Weights: [7000.0, 600.0, 0, 50.0, 0.0, 10.0], lr=5.000e-05
Epoch: 0 [1190/10000 (12%)] Loss: 40.16358 = L_Mnfld: 12.12932 + L_NonMnfld: 12.60104 + L_Nrml: 0.00000 + L_Eknl: 7.98829 + L_Div: 0.00000 + L_Morse: 7.44493
Epoch: 0 [1190/10000 (12%)] Unweighted L_s : L_Mnfld: 0.00173,  L_NonMnfld: 0.02100,  L_Nrml: 0.00000,  L_Eknl: 0.15977, L_Morse: 0.74449

Weights: [7000.0, 600.0, 0, 50.0, 0.0, 10.0], lr=5.000e-05
Epoch: 0 [1200/10000 (12%)] Loss: 40.39064 = L_Mnfld: 12.21492 + L_NonMnfld: 12.39949 + L_Nrml: 0.00000 + L_Eknl: 7.76721 + L_Div: 0.00000 + L_Morse: 8.00902
Epoch: 0 [1200/10000 (12%)] Unweighted L_s : L_Mnfld: 0.00174,  L_NonMnfld: 0.02067,  L_Nrml: 0.00000,  L_Eknl: 0.15534, L_Morse: 0.80090

Weights: [7000.0, 600.0, 0, 50.0, 0.0, 10.0], lr=5.000e-05
Epoch: 0 [1210/10000 (12%)] Loss: 41.13838 = L_Mnfld: 11.90086 + L_NonMnfld: 13.74166 + L_Nrml: 0.00000 + L_Eknl: 7.67917 + L_Div: 0.00000 + L_Morse: 7.81669
Epoch: 0 [1210/10000 (12%)] Unweighted L_s : L_Mnfld: 0.00170,  L_NonMnfld: 0.02290,  L_Nrml: 0.00000,  L_Eknl: 0.15358, L_Morse: 0.78167

Weights: [7000.0, 600.0, 0, 50.0, 0.0, 10.0], lr=5.000e-05
Epoch: 0 [1220/10000 (12%)] Loss: 41.04009 = L_Mnfld: 13.04501 + L_NonMnfld: 12.05850 + L_Nrml: 0.00000 + L_Eknl: 7.79844 + L_Div: 0.00000 + L_Morse: 8.13815
Epoch: 0 [1220/10000 (12%)] Unweighted L_s : L_Mnfld: 0.00186,  L_NonMnfld: 0.02010,  L_Nrml: 0.00000,  L_Eknl: 0.15597, L_Morse: 0.81381

Weights: [7000.0, 600.0, 0, 50.0, 0.0, 10.0], lr=5.000e-05
Epoch: 0 [1230/10000 (12%)] Loss: 40.02989 = L_Mnfld: 11.90969 + L_NonMnfld: 12.55712 + L_Nrml: 0.00000 + L_Eknl: 7.76648 + L_Div: 0.00000 + L_Morse: 7.79660
Epoch: 0 [1230/10000 (12%)] Unweighted L_s : L_Mnfld: 0.00170,  L_NonMnfld: 0.02093,  L_Nrml: 0.00000,  L_Eknl: 0.15533, L_Morse: 0.77966

Weights: [7000.0, 600.0, 0, 50.0, 0.0, 10.0], lr=5.000e-05
Epoch: 0 [1240/10000 (12%)] Loss: 42.50827 = L_Mnfld: 12.95074 + L_NonMnfld: 13.63891 + L_Nrml: 0.00000 + L_Eknl: 7.64825 + L_Div: 0.00000 + L_Morse: 8.27037
Epoch: 0 [1240/10000 (12%)] Unweighted L_s : L_Mnfld: 0.00185,  L_NonMnfld: 0.02273,  L_Nrml: 0.00000,  L_Eknl: 0.15296, L_Morse: 0.82704

Weights: [7000.0, 600.0, 0, 50.0, 0.0, 10.0], lr=5.000e-05
Epoch: 0 [1250/10000 (12%)] Loss: 40.54614 = L_Mnfld: 12.09651 + L_NonMnfld: 12.88704 + L_Nrml: 0.00000 + L_Eknl: 7.71745 + L_Div: 0.00000 + L_Morse: 7.84514
Epoch: 0 [1250/10000 (12%)] Unweighted L_s : L_Mnfld: 0.00173,  L_NonMnfld: 0.02148,  L_Nrml: 0.00000,  L_Eknl: 0.15435, L_Morse: 0.78451

Weights: [7000.0, 600.0, 0, 50.0, 0.0, 10.0], lr=5.000e-05
Epoch: 0 [1260/10000 (13%)] Loss: 41.51823 = L_Mnfld: 13.04805 + L_NonMnfld: 12.79767 + L_Nrml: 0.00000 + L_Eknl: 7.66804 + L_Div: 0.00000 + L_Morse: 8.00446
Epoch: 0 [1260/10000 (13%)] Unweighted L_s : L_Mnfld: 0.00186,  L_NonMnfld: 0.02133,  L_Nrml: 0.00000,  L_Eknl: 0.15336, L_Morse: 0.80045

Weights: [7000.0, 600.0, 0, 50.0, 0.0, 10.0], lr=5.000e-05
Epoch: 0 [1270/10000 (13%)] Loss: 40.17622 = L_Mnfld: 11.71011 + L_NonMnfld: 13.03466 + L_Nrml: 0.00000 + L_Eknl: 7.77091 + L_Div: 0.00000 + L_Morse: 7.66053
Epoch: 0 [1270/10000 (13%)] Unweighted L_s : L_Mnfld: 0.00167,  L_NonMnfld: 0.02172,  L_Nrml: 0.00000,  L_Eknl: 0.15542, L_Morse: 0.76605

Weights: [7000.0, 600.0, 0, 50.0, 0.0, 10.0], lr=5.000e-05
Epoch: 0 [1280/10000 (13%)] Loss: 39.89655 = L_Mnfld: 12.44128 + L_NonMnfld: 12.04474 + L_Nrml: 0.00000 + L_Eknl: 7.66300 + L_Div: 0.00000 + L_Morse: 7.74753
Epoch: 0 [1280/10000 (13%)] Unweighted L_s : L_Mnfld: 0.00178,  L_NonMnfld: 0.02007,  L_Nrml: 0.00000,  L_Eknl: 0.15326, L_Morse: 0.77475

Weights: [7000.0, 600.0, 0, 50.0, 0.0, 10.0], lr=5.000e-05
Epoch: 0 [1290/10000 (13%)] Loss: 40.35336 = L_Mnfld: 11.97900 + L_NonMnfld: 12.77981 + L_Nrml: 0.00000 + L_Eknl: 7.79554 + L_Div: 0.00000 + L_Morse: 7.79902
Epoch: 0 [1290/10000 (13%)] Unweighted L_s : L_Mnfld: 0.00171,  L_NonMnfld: 0.02130,  L_Nrml: 0.00000,  L_Eknl: 0.15591, L_Morse: 0.77990

Weights: [7000.0, 600.0, 0, 50.0, 0.0, 10.0], lr=5.000e-05
Epoch: 0 [1300/10000 (13%)] Loss: 41.25901 = L_Mnfld: 12.67694 + L_NonMnfld: 13.08274 + L_Nrml: 0.00000 + L_Eknl: 7.62692 + L_Div: 0.00000 + L_Morse: 7.87240
Epoch: 0 [1300/10000 (13%)] Unweighted L_s : L_Mnfld: 0.00181,  L_NonMnfld: 0.02180,  L_Nrml: 0.00000,  L_Eknl: 0.15254, L_Morse: 0.78724

Weights: [7000.0, 600.0, 0, 50.0, 0.0, 10.0], lr=5.000e-05
Epoch: 0 [1310/10000 (13%)] Loss: 38.31059 = L_Mnfld: 11.30212 + L_NonMnfld: 11.75577 + L_Nrml: 0.00000 + L_Eknl: 7.48722 + L_Div: 0.00000 + L_Morse: 7.76547
Epoch: 0 [1310/10000 (13%)] Unweighted L_s : L_Mnfld: 0.00161,  L_NonMnfld: 0.01959,  L_Nrml: 0.00000,  L_Eknl: 0.14974, L_Morse: 0.77655

Weights: [7000.0, 600.0, 0, 50.0, 0.0, 10.0], lr=5.000e-05
Epoch: 0 [1320/10000 (13%)] Loss: 39.88510 = L_Mnfld: 12.41134 + L_NonMnfld: 12.07461 + L_Nrml: 0.00000 + L_Eknl: 7.45588 + L_Div: 0.00000 + L_Morse: 7.94327
Epoch: 0 [1320/10000 (13%)] Unweighted L_s : L_Mnfld: 0.00177,  L_NonMnfld: 0.02012,  L_Nrml: 0.00000,  L_Eknl: 0.14912, L_Morse: 0.79433

Weights: [7000.0, 600.0, 0, 50.0, 0.0, 10.0], lr=5.000e-05
Epoch: 0 [1330/10000 (13%)] Loss: 38.45068 = L_Mnfld: 11.84354 + L_NonMnfld: 11.38765 + L_Nrml: 0.00000 + L_Eknl: 7.53060 + L_Div: 0.00000 + L_Morse: 7.68890
Epoch: 0 [1330/10000 (13%)] Unweighted L_s : L_Mnfld: 0.00169,  L_NonMnfld: 0.01898,  L_Nrml: 0.00000,  L_Eknl: 0.15061, L_Morse: 0.76889

Weights: [7000.0, 600.0, 0, 50.0, 0.0, 10.0], lr=5.000e-05
Epoch: 0 [1340/10000 (13%)] Loss: 40.04358 = L_Mnfld: 12.90855 + L_NonMnfld: 11.34926 + L_Nrml: 0.00000 + L_Eknl: 7.60311 + L_Div: 0.00000 + L_Morse: 8.18265
Epoch: 0 [1340/10000 (13%)] Unweighted L_s : L_Mnfld: 0.00184,  L_NonMnfld: 0.01892,  L_Nrml: 0.00000,  L_Eknl: 0.15206, L_Morse: 0.81827

Weights: [7000.0, 600.0, 0, 50.0, 0.0, 10.0], lr=5.000e-05
Epoch: 0 [1350/10000 (14%)] Loss: 40.01887 = L_Mnfld: 12.22535 + L_NonMnfld: 12.42101 + L_Nrml: 0.00000 + L_Eknl: 7.42961 + L_Div: 0.00000 + L_Morse: 7.94290
Epoch: 0 [1350/10000 (14%)] Unweighted L_s : L_Mnfld: 0.00175,  L_NonMnfld: 0.02070,  L_Nrml: 0.00000,  L_Eknl: 0.14859, L_Morse: 0.79429

Weights: [7000.0, 600.0, 0, 50.0, 0.0, 10.0], lr=5.000e-05
Epoch: 0 [1360/10000 (14%)] Loss: 39.10622 = L_Mnfld: 11.16662 + L_NonMnfld: 12.66136 + L_Nrml: 0.00000 + L_Eknl: 7.40866 + L_Div: 0.00000 + L_Morse: 7.86957
Epoch: 0 [1360/10000 (14%)] Unweighted L_s : L_Mnfld: 0.00160,  L_NonMnfld: 0.02110,  L_Nrml: 0.00000,  L_Eknl: 0.14817, L_Morse: 0.78696

Weights: [7000.0, 600.0, 0, 50.0, 0.0, 10.0], lr=5.000e-05
Epoch: 0 [1370/10000 (14%)] Loss: 38.58518 = L_Mnfld: 11.38641 + L_NonMnfld: 12.24196 + L_Nrml: 0.00000 + L_Eknl: 7.59155 + L_Div: 0.00000 + L_Morse: 7.36526
Epoch: 0 [1370/10000 (14%)] Unweighted L_s : L_Mnfld: 0.00163,  L_NonMnfld: 0.02040,  L_Nrml: 0.00000,  L_Eknl: 0.15183, L_Morse: 0.73653

Weights: [7000.0, 600.0, 0, 50.0, 0.0, 10.0], lr=5.000e-05
Epoch: 0 [1380/10000 (14%)] Loss: 39.72107 = L_Mnfld: 12.06159 + L_NonMnfld: 12.11795 + L_Nrml: 0.00000 + L_Eknl: 7.24530 + L_Div: 0.00000 + L_Morse: 8.29622
Epoch: 0 [1380/10000 (14%)] Unweighted L_s : L_Mnfld: 0.00172,  L_NonMnfld: 0.02020,  L_Nrml: 0.00000,  L_Eknl: 0.14491, L_Morse: 0.82962

Weights: [7000.0, 600.0, 0, 50.0, 0.0, 10.0], lr=5.000e-05
Epoch: 0 [1390/10000 (14%)] Loss: 38.32619 = L_Mnfld: 11.25291 + L_NonMnfld: 11.95302 + L_Nrml: 0.00000 + L_Eknl: 7.37299 + L_Div: 0.00000 + L_Morse: 7.74727
Epoch: 0 [1390/10000 (14%)] Unweighted L_s : L_Mnfld: 0.00161,  L_NonMnfld: 0.01992,  L_Nrml: 0.00000,  L_Eknl: 0.14746, L_Morse: 0.77473

Weights: [7000.0, 600.0, 0, 50.0, 0.0, 10.0], lr=5.000e-05
Epoch: 0 [1400/10000 (14%)] Loss: 38.99451 = L_Mnfld: 12.46209 + L_NonMnfld: 11.40268 + L_Nrml: 0.00000 + L_Eknl: 7.24808 + L_Div: 0.00000 + L_Morse: 7.88166
Epoch: 0 [1400/10000 (14%)] Unweighted L_s : L_Mnfld: 0.00178,  L_NonMnfld: 0.01900,  L_Nrml: 0.00000,  L_Eknl: 0.14496, L_Morse: 0.78817

Weights: [7000.0, 600.0, 0, 50.0, 0.0, 10.0], lr=5.000e-05
Epoch: 0 [1410/10000 (14%)] Loss: 38.63794 = L_Mnfld: 11.12661 + L_NonMnfld: 12.51309 + L_Nrml: 0.00000 + L_Eknl: 7.36967 + L_Div: 0.00000 + L_Morse: 7.62857
Epoch: 0 [1410/10000 (14%)] Unweighted L_s : L_Mnfld: 0.00159,  L_NonMnfld: 0.02086,  L_Nrml: 0.00000,  L_Eknl: 0.14739, L_Morse: 0.76286

Weights: [7000.0, 600.0, 0, 50.0, 0.0, 10.0], lr=5.000e-05
Epoch: 0 [1420/10000 (14%)] Loss: 39.82459 = L_Mnfld: 12.30714 + L_NonMnfld: 12.38783 + L_Nrml: 0.00000 + L_Eknl: 7.38729 + L_Div: 0.00000 + L_Morse: 7.74233
Epoch: 0 [1420/10000 (14%)] Unweighted L_s : L_Mnfld: 0.00176,  L_NonMnfld: 0.02065,  L_Nrml: 0.00000,  L_Eknl: 0.14775, L_Morse: 0.77423

Weights: [7000.0, 600.0, 0, 50.0, 0.0, 10.0], lr=5.000e-05
Epoch: 0 [1430/10000 (14%)] Loss: 38.50276 = L_Mnfld: 11.53501 + L_NonMnfld: 11.88524 + L_Nrml: 0.00000 + L_Eknl: 7.32292 + L_Div: 0.00000 + L_Morse: 7.75959
Epoch: 0 [1430/10000 (14%)] Unweighted L_s : L_Mnfld: 0.00165,  L_NonMnfld: 0.01981,  L_Nrml: 0.00000,  L_Eknl: 0.14646, L_Morse: 0.77596

Weights: [7000.0, 600.0, 0, 50.0, 0.0, 10.0], lr=5.000e-05
Epoch: 0 [1440/10000 (14%)] Loss: 40.23915 = L_Mnfld: 12.67624 + L_NonMnfld: 12.11844 + L_Nrml: 0.00000 + L_Eknl: 7.26709 + L_Div: 0.00000 + L_Morse: 8.17737
Epoch: 0 [1440/10000 (14%)] Unweighted L_s : L_Mnfld: 0.00181,  L_NonMnfld: 0.02020,  L_Nrml: 0.00000,  L_Eknl: 0.14534, L_Morse: 0.81774

Weights: [7000.0, 600.0, 0, 50.0, 0.0, 10.0], lr=5.000e-05
Epoch: 0 [1450/10000 (14%)] Loss: 41.34343 = L_Mnfld: 12.47542 + L_NonMnfld: 13.40418 + L_Nrml: 0.00000 + L_Eknl: 7.35583 + L_Div: 0.00000 + L_Morse: 8.10801
Epoch: 0 [1450/10000 (14%)] Unweighted L_s : L_Mnfld: 0.00178,  L_NonMnfld: 0.02234,  L_Nrml: 0.00000,  L_Eknl: 0.14712, L_Morse: 0.81080

Weights: [7000.0, 600.0, 0, 50.0, 0.0, 10.0], lr=5.000e-05
Epoch: 0 [1460/10000 (15%)] Loss: 40.37688 = L_Mnfld: 12.47750 + L_NonMnfld: 12.46877 + L_Nrml: 0.00000 + L_Eknl: 7.24357 + L_Div: 0.00000 + L_Morse: 8.18704
Epoch: 0 [1460/10000 (15%)] Unweighted L_s : L_Mnfld: 0.00178,  L_NonMnfld: 0.02078,  L_Nrml: 0.00000,  L_Eknl: 0.14487, L_Morse: 0.81870

Weights: [7000.0, 600.0, 0, 50.0, 0.0, 10.0], lr=5.000e-05
Epoch: 0 [1470/10000 (15%)] Loss: 39.99275 = L_Mnfld: 11.82021 + L_NonMnfld: 12.37971 + L_Nrml: 0.00000 + L_Eknl: 7.82116 + L_Div: 0.00000 + L_Morse: 7.97167
Epoch: 0 [1470/10000 (15%)] Unweighted L_s : L_Mnfld: 0.00169,  L_NonMnfld: 0.02063,  L_Nrml: 0.00000,  L_Eknl: 0.15642, L_Morse: 0.79717

Weights: [7000.0, 600.0, 0, 50.0, 0.0, 10.0], lr=5.000e-05
Epoch: 0 [1480/10000 (15%)] Loss: 39.37955 = L_Mnfld: 12.08952 + L_NonMnfld: 12.40468 + L_Nrml: 0.00000 + L_Eknl: 7.20016 + L_Div: 0.00000 + L_Morse: 7.68519
Epoch: 0 [1480/10000 (15%)] Unweighted L_s : L_Mnfld: 0.00173,  L_NonMnfld: 0.02067,  L_Nrml: 0.00000,  L_Eknl: 0.14400, L_Morse: 0.76852

Weights: [7000.0, 600.0, 0, 50.0, 0.0, 10.0], lr=5.000e-05
Epoch: 0 [1490/10000 (15%)] Loss: 40.81375 = L_Mnfld: 11.72673 + L_NonMnfld: 13.92175 + L_Nrml: 0.00000 + L_Eknl: 7.29463 + L_Div: 0.00000 + L_Morse: 7.87064
Epoch: 0 [1490/10000 (15%)] Unweighted L_s : L_Mnfld: 0.00168,  L_NonMnfld: 0.02320,  L_Nrml: 0.00000,  L_Eknl: 0.14589, L_Morse: 0.78706

Weights: [7000.0, 600.0, 0, 50.0, 0.0, 10.0], lr=5.000e-05
Epoch: 0 [1500/10000 (15%)] Loss: 40.05916 = L_Mnfld: 11.82112 + L_NonMnfld: 12.74158 + L_Nrml: 0.00000 + L_Eknl: 7.30915 + L_Div: 0.00000 + L_Morse: 8.18731
Epoch: 0 [1500/10000 (15%)] Unweighted L_s : L_Mnfld: 0.00169,  L_NonMnfld: 0.02124,  L_Nrml: 0.00000,  L_Eknl: 0.14618, L_Morse: 0.81873

Weights: [7000.0, 600.0, 0, 50.0, 0.0, 10.0], lr=5.000e-05
Epoch: 0 [1510/10000 (15%)] Loss: 38.66655 = L_Mnfld: 11.55096 + L_NonMnfld: 11.77821 + L_Nrml: 0.00000 + L_Eknl: 7.27624 + L_Div: 0.00000 + L_Morse: 8.06114
Epoch: 0 [1510/10000 (15%)] Unweighted L_s : L_Mnfld: 0.00165,  L_NonMnfld: 0.01963,  L_Nrml: 0.00000,  L_Eknl: 0.14552, L_Morse: 0.80611

Weights: [7000.0, 600.0, 0, 50.0, 0.0, 10.0], lr=5.000e-05
Epoch: 0 [1520/10000 (15%)] Loss: 39.44523 = L_Mnfld: 11.56569 + L_NonMnfld: 13.17620 + L_Nrml: 0.00000 + L_Eknl: 7.16315 + L_Div: 0.00000 + L_Morse: 7.54019
Epoch: 0 [1520/10000 (15%)] Unweighted L_s : L_Mnfld: 0.00165,  L_NonMnfld: 0.02196,  L_Nrml: 0.00000,  L_Eknl: 0.14326, L_Morse: 0.75402

Weights: [7000.0, 600.0, 0, 50.0, 0.0, 10.0], lr=5.000e-05
Epoch: 0 [1530/10000 (15%)] Loss: 39.80935 = L_Mnfld: 12.29653 + L_NonMnfld: 12.43948 + L_Nrml: 0.00000 + L_Eknl: 7.15951 + L_Div: 0.00000 + L_Morse: 7.91383
Epoch: 0 [1530/10000 (15%)] Unweighted L_s : L_Mnfld: 0.00176,  L_NonMnfld: 0.02073,  L_Nrml: 0.00000,  L_Eknl: 0.14319, L_Morse: 0.79138

Weights: [7000.0, 600.0, 0, 50.0, 0.0, 10.0], lr=5.000e-05
Epoch: 0 [1540/10000 (15%)] Loss: 38.51868 = L_Mnfld: 11.40444 + L_NonMnfld: 11.84723 + L_Nrml: 0.00000 + L_Eknl: 7.16684 + L_Div: 0.00000 + L_Morse: 8.10017
Epoch: 0 [1540/10000 (15%)] Unweighted L_s : L_Mnfld: 0.00163,  L_NonMnfld: 0.01975,  L_Nrml: 0.00000,  L_Eknl: 0.14334, L_Morse: 0.81002

Weights: [7000.0, 600.0, 0, 50.0, 0.0, 10.0], lr=5.000e-05
Epoch: 0 [1550/10000 (16%)] Loss: 38.70208 = L_Mnfld: 11.44116 + L_NonMnfld: 12.34976 + L_Nrml: 0.00000 + L_Eknl: 7.18139 + L_Div: 0.00000 + L_Morse: 7.72977
Epoch: 0 [1550/10000 (16%)] Unweighted L_s : L_Mnfld: 0.00163,  L_NonMnfld: 0.02058,  L_Nrml: 0.00000,  L_Eknl: 0.14363, L_Morse: 0.77298

Weights: [7000.0, 600.0, 0, 50.0, 0.0, 10.0], lr=5.000e-05
Epoch: 0 [1560/10000 (16%)] Loss: 37.95393 = L_Mnfld: 10.80256 + L_NonMnfld: 11.86680 + L_Nrml: 0.00000 + L_Eknl: 7.06488 + L_Div: 0.00000 + L_Morse: 8.21969
Epoch: 0 [1560/10000 (16%)] Unweighted L_s : L_Mnfld: 0.00154,  L_NonMnfld: 0.01978,  L_Nrml: 0.00000,  L_Eknl: 0.14130, L_Morse: 0.82197

Weights: [7000.0, 600.0, 0, 50.0, 0.0, 10.0], lr=5.000e-05
Epoch: 0 [1570/10000 (16%)] Loss: 40.17052 = L_Mnfld: 11.83251 + L_NonMnfld: 12.80542 + L_Nrml: 0.00000 + L_Eknl: 7.43056 + L_Div: 0.00000 + L_Morse: 8.10203
Epoch: 0 [1570/10000 (16%)] Unweighted L_s : L_Mnfld: 0.00169,  L_NonMnfld: 0.02134,  L_Nrml: 0.00000,  L_Eknl: 0.14861, L_Morse: 0.81020

Weights: [7000.0, 600.0, 0, 50.0, 0.0, 10.0], lr=5.000e-05
Epoch: 0 [1580/10000 (16%)] Loss: 39.74087 = L_Mnfld: 11.91151 + L_NonMnfld: 12.62270 + L_Nrml: 0.00000 + L_Eknl: 6.99566 + L_Div: 0.00000 + L_Morse: 8.21100
Epoch: 0 [1580/10000 (16%)] Unweighted L_s : L_Mnfld: 0.00170,  L_NonMnfld: 0.02104,  L_Nrml: 0.00000,  L_Eknl: 0.13991, L_Morse: 0.82110

Weights: [7000.0, 600.0, 0, 50.0, 0.0, 10.0], lr=5.000e-05
Epoch: 0 [1590/10000 (16%)] Loss: 40.12357 = L_Mnfld: 11.62792 + L_NonMnfld: 13.41312 + L_Nrml: 0.00000 + L_Eknl: 7.29143 + L_Div: 0.00000 + L_Morse: 7.79110
Epoch: 0 [1590/10000 (16%)] Unweighted L_s : L_Mnfld: 0.00166,  L_NonMnfld: 0.02236,  L_Nrml: 0.00000,  L_Eknl: 0.14583, L_Morse: 0.77911

Weights: [7000.0, 600.0, 0, 50.0, 0.0, 10.0], lr=5.000e-05
Epoch: 0 [1600/10000 (16%)] Loss: 38.94113 = L_Mnfld: 11.53192 + L_NonMnfld: 12.41327 + L_Nrml: 0.00000 + L_Eknl: 6.93552 + L_Div: 0.00000 + L_Morse: 8.06042
Epoch: 0 [1600/10000 (16%)] Unweighted L_s : L_Mnfld: 0.00165,  L_NonMnfld: 0.02069,  L_Nrml: 0.00000,  L_Eknl: 0.13871, L_Morse: 0.80604

Weights: [7000.0, 600.0, 0, 50.0, 0.0, 10.0], lr=5.000e-05
Epoch: 0 [1610/10000 (16%)] Loss: 38.37125 = L_Mnfld: 11.17615 + L_NonMnfld: 11.99595 + L_Nrml: 0.00000 + L_Eknl: 7.15335 + L_Div: 0.00000 + L_Morse: 8.04581
Epoch: 0 [1610/10000 (16%)] Unweighted L_s : L_Mnfld: 0.00160,  L_NonMnfld: 0.01999,  L_Nrml: 0.00000,  L_Eknl: 0.14307, L_Morse: 0.80458

Weights: [7000.0, 600.0, 0, 50.0, 0.0, 10.0], lr=5.000e-05
Epoch: 0 [1620/10000 (16%)] Loss: 39.06252 = L_Mnfld: 11.78849 + L_NonMnfld: 12.41048 + L_Nrml: 0.00000 + L_Eknl: 7.01950 + L_Div: 0.00000 + L_Morse: 7.84405
Epoch: 0 [1620/10000 (16%)] Unweighted L_s : L_Mnfld: 0.00168,  L_NonMnfld: 0.02068,  L_Nrml: 0.00000,  L_Eknl: 0.14039, L_Morse: 0.78441

Weights: [7000.0, 600.0, 0, 50.0, 0.0, 10.0], lr=5.000e-05
Epoch: 0 [1630/10000 (16%)] Loss: 39.25138 = L_Mnfld: 11.49503 + L_NonMnfld: 12.69467 + L_Nrml: 0.00000 + L_Eknl: 7.32354 + L_Div: 0.00000 + L_Morse: 7.73814
Epoch: 0 [1630/10000 (16%)] Unweighted L_s : L_Mnfld: 0.00164,  L_NonMnfld: 0.02116,  L_Nrml: 0.00000,  L_Eknl: 0.14647, L_Morse: 0.77381

Weights: [7000.0, 600.0, 0, 50.0, 0.0, 10.0], lr=5.000e-05
Epoch: 0 [1640/10000 (16%)] Loss: 38.75753 = L_Mnfld: 11.80235 + L_NonMnfld: 12.18275 + L_Nrml: 0.00000 + L_Eknl: 7.04963 + L_Div: 0.00000 + L_Morse: 7.72280
Epoch: 0 [1640/10000 (16%)] Unweighted L_s : L_Mnfld: 0.00169,  L_NonMnfld: 0.02030,  L_Nrml: 0.00000,  L_Eknl: 0.14099, L_Morse: 0.77228

Weights: [7000.0, 600.0, 0, 50.0, 0.0, 10.0], lr=5.000e-05
Epoch: 0 [1650/10000 (16%)] Loss: 38.30809 = L_Mnfld: 11.42093 + L_NonMnfld: 11.96743 + L_Nrml: 0.00000 + L_Eknl: 6.94154 + L_Div: 0.00000 + L_Morse: 7.97819
Epoch: 0 [1650/10000 (16%)] Unweighted L_s : L_Mnfld: 0.00163,  L_NonMnfld: 0.01995,  L_Nrml: 0.00000,  L_Eknl: 0.13883, L_Morse: 0.79782

Weights: [7000.0, 600.0, 0, 50.0, 0.0, 10.0], lr=5.000e-05
Epoch: 0 [1660/10000 (17%)] Loss: 39.02409 = L_Mnfld: 11.67962 + L_NonMnfld: 12.63155 + L_Nrml: 0.00000 + L_Eknl: 6.90040 + L_Div: 0.00000 + L_Morse: 7.81253
Epoch: 0 [1660/10000 (17%)] Unweighted L_s : L_Mnfld: 0.00167,  L_NonMnfld: 0.02105,  L_Nrml: 0.00000,  L_Eknl: 0.13801, L_Morse: 0.78125

Weights: [7000.0, 600.0, 0, 50.0, 0.0, 10.0], lr=5.000e-05
Epoch: 0 [1670/10000 (17%)] Loss: 38.34705 = L_Mnfld: 11.17675 + L_NonMnfld: 12.22088 + L_Nrml: 0.00000 + L_Eknl: 7.14216 + L_Div: 0.00000 + L_Morse: 7.80727
Epoch: 0 [1670/10000 (17%)] Unweighted L_s : L_Mnfld: 0.00160,  L_NonMnfld: 0.02037,  L_Nrml: 0.00000,  L_Eknl: 0.14284, L_Morse: 0.78073

Weights: [7000.0, 600.0, 0, 50.0, 0.0, 10.0], lr=5.000e-05
Epoch: 0 [1680/10000 (17%)] Loss: 40.80131 = L_Mnfld: 12.78444 + L_NonMnfld: 13.05885 + L_Nrml: 0.00000 + L_Eknl: 7.05563 + L_Div: 0.00000 + L_Morse: 7.90238
Epoch: 0 [1680/10000 (17%)] Unweighted L_s : L_Mnfld: 0.00183,  L_NonMnfld: 0.02176,  L_Nrml: 0.00000,  L_Eknl: 0.14111, L_Morse: 0.79024

Weights: [7000.0, 600.0, 0, 50.0, 0.0, 10.0], lr=5.000e-05
Epoch: 0 [1690/10000 (17%)] Loss: 39.92324 = L_Mnfld: 12.19067 + L_NonMnfld: 12.50667 + L_Nrml: 0.00000 + L_Eknl: 7.41826 + L_Div: 0.00000 + L_Morse: 7.80765
Epoch: 0 [1690/10000 (17%)] Unweighted L_s : L_Mnfld: 0.00174,  L_NonMnfld: 0.02084,  L_Nrml: 0.00000,  L_Eknl: 0.14837, L_Morse: 0.78076

Weights: [7000.0, 600.0, 0, 50.0, 0.0, 10.0], lr=5.000e-05
Epoch: 0 [1700/10000 (17%)] Loss: 38.83192 = L_Mnfld: 12.89022 + L_NonMnfld: 11.26405 + L_Nrml: 0.00000 + L_Eknl: 6.72299 + L_Div: 0.00000 + L_Morse: 7.95465
Epoch: 0 [1700/10000 (17%)] Unweighted L_s : L_Mnfld: 0.00184,  L_NonMnfld: 0.01877,  L_Nrml: 0.00000,  L_Eknl: 0.13446, L_Morse: 0.79546

Weights: [7000.0, 600.0, 0, 50.0, 0.0, 10.0], lr=5.000e-05
Epoch: 0 [1710/10000 (17%)] Loss: 41.56376 = L_Mnfld: 13.10649 + L_NonMnfld: 13.18705 + L_Nrml: 0.00000 + L_Eknl: 7.08064 + L_Div: 0.00000 + L_Morse: 8.18958
Epoch: 0 [1710/10000 (17%)] Unweighted L_s : L_Mnfld: 0.00187,  L_NonMnfld: 0.02198,  L_Nrml: 0.00000,  L_Eknl: 0.14161, L_Morse: 0.81896

Weights: [7000.0, 600.0, 0, 50.0, 0.0, 10.0], lr=5.000e-05
Epoch: 0 [1720/10000 (17%)] Loss: 40.37827 = L_Mnfld: 12.92947 + L_NonMnfld: 12.17941 + L_Nrml: 0.00000 + L_Eknl: 7.03018 + L_Div: 0.00000 + L_Morse: 8.23920
Epoch: 0 [1720/10000 (17%)] Unweighted L_s : L_Mnfld: 0.00185,  L_NonMnfld: 0.02030,  L_Nrml: 0.00000,  L_Eknl: 0.14060, L_Morse: 0.82392

Weights: [7000.0, 600.0, 0, 50.0, 0.0, 10.0], lr=5.000e-05
Epoch: 0 [1730/10000 (17%)] Loss: 38.87107 = L_Mnfld: 11.22391 + L_NonMnfld: 12.51797 + L_Nrml: 0.00000 + L_Eknl: 7.22881 + L_Div: 0.00000 + L_Morse: 7.90040
Epoch: 0 [1730/10000 (17%)] Unweighted L_s : L_Mnfld: 0.00160,  L_NonMnfld: 0.02086,  L_Nrml: 0.00000,  L_Eknl: 0.14458, L_Morse: 0.79004

Weights: [7000.0, 600.0, 0, 50.0, 0.0, 10.0], lr=5.000e-05
Epoch: 0 [1740/10000 (17%)] Loss: 39.69838 = L_Mnfld: 12.64137 + L_NonMnfld: 11.87476 + L_Nrml: 0.00000 + L_Eknl: 7.04476 + L_Div: 0.00000 + L_Morse: 8.13749
Epoch: 0 [1740/10000 (17%)] Unweighted L_s : L_Mnfld: 0.00181,  L_NonMnfld: 0.01979,  L_Nrml: 0.00000,  L_Eknl: 0.14090, L_Morse: 0.81375

Weights: [7000.0, 600.0, 0, 50.0, 0.0, 10.0], lr=5.000e-05
Epoch: 0 [1750/10000 (18%)] Loss: 40.96767 = L_Mnfld: 13.58724 + L_NonMnfld: 12.00923 + L_Nrml: 0.00000 + L_Eknl: 7.06677 + L_Div: 0.00000 + L_Morse: 8.30444
Epoch: 0 [1750/10000 (18%)] Unweighted L_s : L_Mnfld: 0.00194,  L_NonMnfld: 0.02002,  L_Nrml: 0.00000,  L_Eknl: 0.14134, L_Morse: 0.83044

Weights: [7000.0, 600.0, 0, 50.0, 0.0, 10.0], lr=5.000e-05
Epoch: 0 [1760/10000 (18%)] Loss: 39.86115 = L_Mnfld: 12.86080 + L_NonMnfld: 12.34536 + L_Nrml: 0.00000 + L_Eknl: 6.91038 + L_Div: 0.00000 + L_Morse: 7.74461
Epoch: 0 [1760/10000 (18%)] Unweighted L_s : L_Mnfld: 0.00184,  L_NonMnfld: 0.02058,  L_Nrml: 0.00000,  L_Eknl: 0.13821, L_Morse: 0.77446

Weights: [7000.0, 600.0, 0, 50.0, 0.0, 10.0], lr=5.000e-05
Epoch: 0 [1770/10000 (18%)] Loss: 39.69630 = L_Mnfld: 12.12993 + L_NonMnfld: 12.96601 + L_Nrml: 0.00000 + L_Eknl: 6.99927 + L_Div: 0.00000 + L_Morse: 7.60109
Epoch: 0 [1770/10000 (18%)] Unweighted L_s : L_Mnfld: 0.00173,  L_NonMnfld: 0.02161,  L_Nrml: 0.00000,  L_Eknl: 0.13999, L_Morse: 0.76011

Weights: [7000.0, 600.0, 0, 50.0, 0.0, 10.0], lr=5.000e-05
Epoch: 0 [1780/10000 (18%)] Loss: 41.80385 = L_Mnfld: 14.63425 + L_NonMnfld: 11.50962 + L_Nrml: 0.00000 + L_Eknl: 6.93771 + L_Div: 0.00000 + L_Morse: 8.72227
Epoch: 0 [1780/10000 (18%)] Unweighted L_s : L_Mnfld: 0.00209,  L_NonMnfld: 0.01918,  L_Nrml: 0.00000,  L_Eknl: 0.13875, L_Morse: 0.87223

Weights: [7000.0, 600.0, 0, 50.0, 0.0, 10.0], lr=5.000e-05
Epoch: 0 [1790/10000 (18%)] Loss: 42.23051 = L_Mnfld: 13.90571 + L_NonMnfld: 12.83977 + L_Nrml: 0.00000 + L_Eknl: 7.60754 + L_Div: 0.00000 + L_Morse: 7.87750
Epoch: 0 [1790/10000 (18%)] Unweighted L_s : L_Mnfld: 0.00199,  L_NonMnfld: 0.02140,  L_Nrml: 0.00000,  L_Eknl: 0.15215, L_Morse: 0.78775

Weights: [7000.0, 600.0, 0, 50.0, 0.0, 10.0], lr=5.000e-05
Epoch: 0 [1800/10000 (18%)] Loss: 44.70683 = L_Mnfld: 15.38269 + L_NonMnfld: 13.55230 + L_Nrml: 0.00000 + L_Eknl: 7.18479 + L_Div: 0.00000 + L_Morse: 8.58705
Epoch: 0 [1800/10000 (18%)] Unweighted L_s : L_Mnfld: 0.00220,  L_NonMnfld: 0.02259,  L_Nrml: 0.00000,  L_Eknl: 0.14370, L_Morse: 0.85870

Weights: [7000.0, 600.0, 0, 50.0, 0.0, 10.0], lr=5.000e-05
Epoch: 0 [1810/10000 (18%)] Loss: 39.86974 = L_Mnfld: 12.47571 + L_NonMnfld: 12.44473 + L_Nrml: 0.00000 + L_Eknl: 7.22310 + L_Div: 0.00000 + L_Morse: 7.72620
Epoch: 0 [1810/10000 (18%)] Unweighted L_s : L_Mnfld: 0.00178,  L_NonMnfld: 0.02074,  L_Nrml: 0.00000,  L_Eknl: 0.14446, L_Morse: 0.77262

Weights: [7000.0, 600.0, 0, 50.0, 0.0, 10.0], lr=5.000e-05
Epoch: 0 [1820/10000 (18%)] Loss: 40.12740 = L_Mnfld: 11.91229 + L_NonMnfld: 13.00766 + L_Nrml: 0.00000 + L_Eknl: 6.96530 + L_Div: 0.00000 + L_Morse: 8.24216
Epoch: 0 [1820/10000 (18%)] Unweighted L_s : L_Mnfld: 0.00170,  L_NonMnfld: 0.02168,  L_Nrml: 0.00000,  L_Eknl: 0.13931, L_Morse: 0.82422

Weights: [7000.0, 600.0, 0, 50.0, 0.0, 10.0], lr=5.000e-05
Epoch: 0 [1830/10000 (18%)] Loss: 38.00102 = L_Mnfld: 11.05243 + L_NonMnfld: 12.58538 + L_Nrml: 0.00000 + L_Eknl: 6.74411 + L_Div: 0.00000 + L_Morse: 7.61910
Epoch: 0 [1830/10000 (18%)] Unweighted L_s : L_Mnfld: 0.00158,  L_NonMnfld: 0.02098,  L_Nrml: 0.00000,  L_Eknl: 0.13488, L_Morse: 0.76191

Weights: [7000.0, 600.0, 0, 50.0, 0.0, 10.0], lr=5.000e-05
Epoch: 0 [1840/10000 (18%)] Loss: 38.84700 = L_Mnfld: 11.23402 + L_NonMnfld: 12.93704 + L_Nrml: 0.00000 + L_Eknl: 6.91755 + L_Div: 0.00000 + L_Morse: 7.75840
Epoch: 0 [1840/10000 (18%)] Unweighted L_s : L_Mnfld: 0.00160,  L_NonMnfld: 0.02156,  L_Nrml: 0.00000,  L_Eknl: 0.13835, L_Morse: 0.77584

Weights: [7000.0, 600.0, 0, 50.0, 0.0, 10.0], lr=5.000e-05
Epoch: 0 [1850/10000 (18%)] Loss: 38.70166 = L_Mnfld: 10.90324 + L_NonMnfld: 13.42922 + L_Nrml: 0.00000 + L_Eknl: 7.04511 + L_Div: 0.00000 + L_Morse: 7.32409
Epoch: 0 [1850/10000 (18%)] Unweighted L_s : L_Mnfld: 0.00156,  L_NonMnfld: 0.02238,  L_Nrml: 0.00000,  L_Eknl: 0.14090, L_Morse: 0.73241

Weights: [7000.0, 600.0, 0, 50.0, 0.0, 10.0], lr=5.000e-05
Epoch: 0 [1860/10000 (19%)] Loss: 36.10137 = L_Mnfld: 10.47434 + L_NonMnfld: 11.24205 + L_Nrml: 0.00000 + L_Eknl: 6.74349 + L_Div: 0.00000 + L_Morse: 7.64150
Epoch: 0 [1860/10000 (19%)] Unweighted L_s : L_Mnfld: 0.00150,  L_NonMnfld: 0.01874,  L_Nrml: 0.00000,  L_Eknl: 0.13487, L_Morse: 0.76415

Weights: [7000.0, 600.0, 0, 50.0, 0.0, 10.0], lr=5.000e-05
Epoch: 0 [1870/10000 (19%)] Loss: 37.68096 = L_Mnfld: 9.95204 + L_NonMnfld: 12.91793 + L_Nrml: 0.00000 + L_Eknl: 6.89110 + L_Div: 0.00000 + L_Morse: 7.91989
Epoch: 0 [1870/10000 (19%)] Unweighted L_s : L_Mnfld: 0.00142,  L_NonMnfld: 0.02153,  L_Nrml: 0.00000,  L_Eknl: 0.13782, L_Morse: 0.79199

Weights: [7000.0, 600.0, 0, 50.0, 0.0, 10.0], lr=5.000e-05
Epoch: 0 [1880/10000 (19%)] Loss: 37.72799 = L_Mnfld: 10.60477 + L_NonMnfld: 12.76486 + L_Nrml: 0.00000 + L_Eknl: 6.80892 + L_Div: 0.00000 + L_Morse: 7.54944
Epoch: 0 [1880/10000 (19%)] Unweighted L_s : L_Mnfld: 0.00151,  L_NonMnfld: 0.02127,  L_Nrml: 0.00000,  L_Eknl: 0.13618, L_Morse: 0.75494

Weights: [7000.0, 600.0, 0, 50.0, 0.0, 10.0], lr=5.000e-05
Epoch: 0 [1890/10000 (19%)] Loss: 36.21932 = L_Mnfld: 9.58257 + L_NonMnfld: 12.47870 + L_Nrml: 0.00000 + L_Eknl: 7.10886 + L_Div: 0.00000 + L_Morse: 7.04918
Epoch: 0 [1890/10000 (19%)] Unweighted L_s : L_Mnfld: 0.00137,  L_NonMnfld: 0.02080,  L_Nrml: 0.00000,  L_Eknl: 0.14218, L_Morse: 0.70492

Weights: [7000.0, 600.0, 0, 50.0, 0.0, 10.0], lr=5.000e-05
Epoch: 0 [1900/10000 (19%)] Loss: 37.06912 = L_Mnfld: 9.89534 + L_NonMnfld: 12.86251 + L_Nrml: 0.00000 + L_Eknl: 6.79420 + L_Div: 0.00000 + L_Morse: 7.51707
Epoch: 0 [1900/10000 (19%)] Unweighted L_s : L_Mnfld: 0.00141,  L_NonMnfld: 0.02144,  L_Nrml: 0.00000,  L_Eknl: 0.13588, L_Morse: 0.75171

Weights: [7000.0, 600.0, 0, 50.0, 0.0, 10.0], lr=5.000e-05
Epoch: 0 [1910/10000 (19%)] Loss: 38.41495 = L_Mnfld: 10.91052 + L_NonMnfld: 13.11110 + L_Nrml: 0.00000 + L_Eknl: 6.79921 + L_Div: 0.00000 + L_Morse: 7.59412
Epoch: 0 [1910/10000 (19%)] Unweighted L_s : L_Mnfld: 0.00156,  L_NonMnfld: 0.02185,  L_Nrml: 0.00000,  L_Eknl: 0.13598, L_Morse: 0.75941

Weights: [7000.0, 600.0, 0, 50.0, 0.0, 10.0], lr=5.000e-05
Epoch: 0 [1920/10000 (19%)] Loss: 37.87517 = L_Mnfld: 10.69830 + L_NonMnfld: 12.76171 + L_Nrml: 0.00000 + L_Eknl: 6.71070 + L_Div: 0.00000 + L_Morse: 7.70445
Epoch: 0 [1920/10000 (19%)] Unweighted L_s : L_Mnfld: 0.00153,  L_NonMnfld: 0.02127,  L_Nrml: 0.00000,  L_Eknl: 0.13421, L_Morse: 0.77045

Weights: [7000.0, 600.0, 0, 50.0, 0.0, 10.0], lr=5.000e-05
Epoch: 0 [1930/10000 (19%)] Loss: 36.28429 = L_Mnfld: 10.09157 + L_NonMnfld: 12.46482 + L_Nrml: 0.00000 + L_Eknl: 6.59038 + L_Div: 0.00000 + L_Morse: 7.13753
Epoch: 0 [1930/10000 (19%)] Unweighted L_s : L_Mnfld: 0.00144,  L_NonMnfld: 0.02077,  L_Nrml: 0.00000,  L_Eknl: 0.13181, L_Morse: 0.71375

Weights: [7000.0, 600.0, 0, 50.0, 0.0, 10.0], lr=5.000e-05
Epoch: 0 [1940/10000 (19%)] Loss: 36.89536 = L_Mnfld: 10.02705 + L_NonMnfld: 12.62745 + L_Nrml: 0.00000 + L_Eknl: 6.67831 + L_Div: 0.00000 + L_Morse: 7.56256
Epoch: 0 [1940/10000 (19%)] Unweighted L_s : L_Mnfld: 0.00143,  L_NonMnfld: 0.02105,  L_Nrml: 0.00000,  L_Eknl: 0.13357, L_Morse: 0.75626

Weights: [7000.0, 600.0, 0, 50.0, 0.0, 10.0], lr=5.000e-05
Epoch: 0 [1950/10000 (20%)] Loss: 36.16283 = L_Mnfld: 9.63446 + L_NonMnfld: 12.43741 + L_Nrml: 0.00000 + L_Eknl: 6.51130 + L_Div: 0.00000 + L_Morse: 7.57966
Epoch: 0 [1950/10000 (20%)] Unweighted L_s : L_Mnfld: 0.00138,  L_NonMnfld: 0.02073,  L_Nrml: 0.00000,  L_Eknl: 0.13023, L_Morse: 0.75797

Weights: [7000.0, 600.0, 0, 50.0, 0.0, 10.0], lr=5.000e-05
Epoch: 0 [1960/10000 (20%)] Loss: 38.09004 = L_Mnfld: 11.07767 + L_NonMnfld: 12.49635 + L_Nrml: 0.00000 + L_Eknl: 6.78939 + L_Div: 0.00000 + L_Morse: 7.72663
Epoch: 0 [1960/10000 (20%)] Unweighted L_s : L_Mnfld: 0.00158,  L_NonMnfld: 0.02083,  L_Nrml: 0.00000,  L_Eknl: 0.13579, L_Morse: 0.77266

Weights: [7000.0, 600.0, 0, 50.0, 0.0, 10.0], lr=5.000e-05
Epoch: 0 [1970/10000 (20%)] Loss: 36.69766 = L_Mnfld: 10.27541 + L_NonMnfld: 12.37758 + L_Nrml: 0.00000 + L_Eknl: 6.52882 + L_Div: 0.00000 + L_Morse: 7.51585
Epoch: 0 [1970/10000 (20%)] Unweighted L_s : L_Mnfld: 0.00147,  L_NonMnfld: 0.02063,  L_Nrml: 0.00000,  L_Eknl: 0.13058, L_Morse: 0.75159

Weights: [7000.0, 600.0, 0, 50.0, 0.0, 10.0], lr=5.000e-05
Epoch: 0 [1980/10000 (20%)] Loss: 37.35007 = L_Mnfld: 9.98121 + L_NonMnfld: 12.93365 + L_Nrml: 0.00000 + L_Eknl: 6.74947 + L_Div: 0.00000 + L_Morse: 7.68575
Epoch: 0 [1980/10000 (20%)] Unweighted L_s : L_Mnfld: 0.00143,  L_NonMnfld: 0.02156,  L_Nrml: 0.00000,  L_Eknl: 0.13499, L_Morse: 0.76857

Weights: [7000.0, 600.0, 0, 50.0, 0.0, 10.0], lr=5.000e-05
Epoch: 0 [1990/10000 (20%)] Loss: 36.04621 = L_Mnfld: 9.96316 + L_NonMnfld: 11.91162 + L_Nrml: 0.00000 + L_Eknl: 6.52813 + L_Div: 0.00000 + L_Morse: 7.64330
Epoch: 0 [1990/10000 (20%)] Unweighted L_s : L_Mnfld: 0.00142,  L_NonMnfld: 0.01985,  L_Nrml: 0.00000,  L_Eknl: 0.13056, L_Morse: 0.76433

Weights: [7000.0, 600.0, 0, 50.0, 0.0, 10.0], lr=5.000e-05
Epoch: 0 [2000/10000 (20%)] Loss: 36.31573 = L_Mnfld: 9.91602 + L_NonMnfld: 12.45839 + L_Nrml: 0.00000 + L_Eknl: 6.54353 + L_Div: 0.00000 + L_Morse: 7.39779
Epoch: 0 [2000/10000 (20%)] Unweighted L_s : L_Mnfld: 0.00142,  L_NonMnfld: 0.02076,  L_Nrml: 0.00000,  L_Eknl: 0.13087, L_Morse: 0.73978

Weights: [7000.0, 600.0, 0, 50.0, 0.0, 9.9703], lr=5.000e-05
Epoch: 0 [2010/10000 (20%)] Loss: 36.34911 = L_Mnfld: 10.28797 + L_NonMnfld: 12.12466 + L_Nrml: 0.00000 + L_Eknl: 6.68840 + L_Div: 0.00000 + L_Morse: 7.24809
Epoch: 0 [2010/10000 (20%)] Unweighted L_s : L_Mnfld: 0.00147,  L_NonMnfld: 0.02021,  L_Nrml: 0.00000,  L_Eknl: 0.13377, L_Morse: 0.72697

Weights: [7000.0, 600.0, 0, 50.0, 0.0, 9.9373], lr=5.000e-05
Epoch: 0 [2020/10000 (20%)] Loss: 37.82135 = L_Mnfld: 10.36270 + L_NonMnfld: 13.37133 + L_Nrml: 0.00000 + L_Eknl: 6.57606 + L_Div: 0.00000 + L_Morse: 7.51126
Epoch: 0 [2020/10000 (20%)] Unweighted L_s : L_Mnfld: 0.00148,  L_NonMnfld: 0.02229,  L_Nrml: 0.00000,  L_Eknl: 0.13152, L_Morse: 0.75587

Weights: [7000.0, 600.0, 0, 50.0, 0.0, 9.904300000000001], lr=5.000e-05
Epoch: 0 [2030/10000 (20%)] Loss: 36.73674 = L_Mnfld: 9.80821 + L_NonMnfld: 12.86242 + L_Nrml: 0.00000 + L_Eknl: 6.53113 + L_Div: 0.00000 + L_Morse: 7.53498
Epoch: 0 [2030/10000 (20%)] Unweighted L_s : L_Mnfld: 0.00140,  L_NonMnfld: 0.02144,  L_Nrml: 0.00000,  L_Eknl: 0.13062, L_Morse: 0.76078

Weights: [7000.0, 600.0, 0, 50.0, 0.0, 9.8713], lr=5.000e-05
Epoch: 0 [2040/10000 (20%)] Loss: 35.73745 = L_Mnfld: 9.71958 + L_NonMnfld: 11.69752 + L_Nrml: 0.00000 + L_Eknl: 6.53345 + L_Div: 0.00000 + L_Morse: 7.78690
Epoch: 0 [2040/10000 (20%)] Unweighted L_s : L_Mnfld: 0.00139,  L_NonMnfld: 0.01950,  L_Nrml: 0.00000,  L_Eknl: 0.13067, L_Morse: 0.78884

Weights: [7000.0, 600.0, 0, 50.0, 0.0, 9.8383], lr=5.000e-05
Epoch: 0 [2050/10000 (20%)] Loss: 36.91472 = L_Mnfld: 9.90447 + L_NonMnfld: 13.33144 + L_Nrml: 0.00000 + L_Eknl: 6.58800 + L_Div: 0.00000 + L_Morse: 7.09080
Epoch: 0 [2050/10000 (20%)] Unweighted L_s : L_Mnfld: 0.00141,  L_NonMnfld: 0.02222,  L_Nrml: 0.00000,  L_Eknl: 0.13176, L_Morse: 0.72073

Weights: [7000.0, 600.0, 0, 50.0, 0.0, 9.8053], lr=5.000e-05
Epoch: 0 [2060/10000 (21%)] Loss: 38.45781 = L_Mnfld: 10.41652 + L_NonMnfld: 13.89444 + L_Nrml: 0.00000 + L_Eknl: 6.63225 + L_Div: 0.00000 + L_Morse: 7.51460
Epoch: 0 [2060/10000 (21%)] Unweighted L_s : L_Mnfld: 0.00149,  L_NonMnfld: 0.02316,  L_Nrml: 0.00000,  L_Eknl: 0.13265, L_Morse: 0.76638

Weights: [7000.0, 600.0, 0, 50.0, 0.0, 9.7723], lr=5.000e-05
Epoch: 0 [2070/10000 (21%)] Loss: 38.56602 = L_Mnfld: 11.41139 + L_NonMnfld: 13.27049 + L_Nrml: 0.00000 + L_Eknl: 6.56700 + L_Div: 0.00000 + L_Morse: 7.31716
Epoch: 0 [2070/10000 (21%)] Unweighted L_s : L_Mnfld: 0.00163,  L_NonMnfld: 0.02212,  L_Nrml: 0.00000,  L_Eknl: 0.13134, L_Morse: 0.74876

Weights: [7000.0, 600.0, 0, 50.0, 0.0, 9.7393], lr=5.000e-05
Epoch: 0 [2080/10000 (21%)] Loss: 39.00686 = L_Mnfld: 11.76887 + L_NonMnfld: 12.83929 + L_Nrml: 0.00000 + L_Eknl: 6.53292 + L_Div: 0.00000 + L_Morse: 7.86578
Epoch: 0 [2080/10000 (21%)] Unweighted L_s : L_Mnfld: 0.00168,  L_NonMnfld: 0.02140,  L_Nrml: 0.00000,  L_Eknl: 0.13066, L_Morse: 0.80763

Weights: [7000.0, 600.0, 0, 50.0, 0.0, 9.7063], lr=5.000e-05
Epoch: 0 [2090/10000 (21%)] Loss: 38.99345 = L_Mnfld: 12.41552 + L_NonMnfld: 12.04947 + L_Nrml: 0.00000 + L_Eknl: 6.96555 + L_Div: 0.00000 + L_Morse: 7.56290
Epoch: 0 [2090/10000 (21%)] Unweighted L_s : L_Mnfld: 0.00177,  L_NonMnfld: 0.02008,  L_Nrml: 0.00000,  L_Eknl: 0.13931, L_Morse: 0.77917

Weights: [7000.0, 600.0, 0, 50.0, 0.0, 9.673300000000001], lr=5.000e-05
Epoch: 0 [2100/10000 (21%)] Loss: 38.54395 = L_Mnfld: 12.56434 + L_NonMnfld: 12.15698 + L_Nrml: 0.00000 + L_Eknl: 6.59363 + L_Div: 0.00000 + L_Morse: 7.22900
Epoch: 0 [2100/10000 (21%)] Unweighted L_s : L_Mnfld: 0.00179,  L_NonMnfld: 0.02026,  L_Nrml: 0.00000,  L_Eknl: 0.13187, L_Morse: 0.74732

Weights: [7000.0, 600.0, 0, 50.0, 0.0, 9.6403], lr=5.000e-05
Epoch: 0 [2110/10000 (21%)] Loss: 43.60645 = L_Mnfld: 15.71623 + L_NonMnfld: 12.83078 + L_Nrml: 0.00000 + L_Eknl: 6.73567 + L_Div: 0.00000 + L_Morse: 8.32376
Epoch: 0 [2110/10000 (21%)] Unweighted L_s : L_Mnfld: 0.00225,  L_NonMnfld: 0.02138,  L_Nrml: 0.00000,  L_Eknl: 0.13471, L_Morse: 0.86343

Weights: [7000.0, 600.0, 0, 50.0, 0.0, 9.6073], lr=5.000e-05
Epoch: 0 [2120/10000 (21%)] Loss: 59.58594 = L_Mnfld: 29.03831 + L_NonMnfld: 10.66462 + L_Nrml: 0.00000 + L_Eknl: 8.50496 + L_Div: 0.00000 + L_Morse: 11.37805
Epoch: 0 [2120/10000 (21%)] Unweighted L_s : L_Mnfld: 0.00415,  L_NonMnfld: 0.01777,  L_Nrml: 0.00000,  L_Eknl: 0.17010, L_Morse: 1.18431

Weights: [7000.0, 600.0, 0, 50.0, 0.0, 9.574300000000001], lr=5.000e-05
Epoch: 0 [2130/10000 (21%)] Loss: 59.12175 = L_Mnfld: 21.95328 + L_NonMnfld: 14.64618 + L_Nrml: 0.00000 + L_Eknl: 10.20950 + L_Div: 0.00000 + L_Morse: 12.31279
Epoch: 0 [2130/10000 (21%)] Unweighted L_s : L_Mnfld: 0.00314,  L_NonMnfld: 0.02441,  L_Nrml: 0.00000,  L_Eknl: 0.20419, L_Morse: 1.28602

Weights: [7000.0, 600.0, 0, 50.0, 0.0, 9.5413], lr=5.000e-05
Epoch: 0 [2140/10000 (21%)] Loss: 54.68289 = L_Mnfld: 22.58669 + L_NonMnfld: 13.27991 + L_Nrml: 0.00000 + L_Eknl: 8.82609 + L_Div: 0.00000 + L_Morse: 9.99020
Epoch: 0 [2140/10000 (21%)] Unweighted L_s : L_Mnfld: 0.00323,  L_NonMnfld: 0.02213,  L_Nrml: 0.00000,  L_Eknl: 0.17652, L_Morse: 1.04705

Weights: [7000.0, 600.0, 0, 50.0, 0.0, 9.5083], lr=5.000e-05
Epoch: 0 [2150/10000 (22%)] Loss: 49.68730 = L_Mnfld: 20.06397 + L_NonMnfld: 12.25879 + L_Nrml: 0.00000 + L_Eknl: 8.34259 + L_Div: 0.00000 + L_Morse: 9.02195
Epoch: 0 [2150/10000 (22%)] Unweighted L_s : L_Mnfld: 0.00287,  L_NonMnfld: 0.02043,  L_Nrml: 0.00000,  L_Eknl: 0.16685, L_Morse: 0.94885

Weights: [7000.0, 600.0, 0, 50.0, 0.0, 9.4753], lr=5.000e-05
Epoch: 0 [2160/10000 (22%)] Loss: 43.11129 = L_Mnfld: 14.95520 + L_NonMnfld: 12.42262 + L_Nrml: 0.00000 + L_Eknl: 7.84926 + L_Div: 0.00000 + L_Morse: 7.88421
Epoch: 0 [2160/10000 (22%)] Unweighted L_s : L_Mnfld: 0.00214,  L_NonMnfld: 0.02070,  L_Nrml: 0.00000,  L_Eknl: 0.15699, L_Morse: 0.83208

Weights: [7000.0, 600.0, 0, 50.0, 0.0, 9.4423], lr=5.000e-05
Epoch: 0 [2170/10000 (22%)] Loss: 39.50011 = L_Mnfld: 12.39943 + L_NonMnfld: 12.10076 + L_Nrml: 0.00000 + L_Eknl: 7.42423 + L_Div: 0.00000 + L_Morse: 7.57569
Epoch: 0 [2170/10000 (22%)] Unweighted L_s : L_Mnfld: 0.00177,  L_NonMnfld: 0.02017,  L_Nrml: 0.00000,  L_Eknl: 0.14848, L_Morse: 0.80231

Weights: [7000.0, 600.0, 0, 50.0, 0.0, 9.4093], lr=5.000e-05
Epoch: 0 [2180/10000 (22%)] Loss: 38.64116 = L_Mnfld: 11.71024 + L_NonMnfld: 12.34423 + L_Nrml: 0.00000 + L_Eknl: 7.32173 + L_Div: 0.00000 + L_Morse: 7.26497
Epoch: 0 [2180/10000 (22%)] Unweighted L_s : L_Mnfld: 0.00167,  L_NonMnfld: 0.02057,  L_Nrml: 0.00000,  L_Eknl: 0.14643, L_Morse: 0.77211

Weights: [7000.0, 600.0, 0, 50.0, 0.0, 9.3763], lr=5.000e-05
Epoch: 0 [2190/10000 (22%)] Loss: 38.40682 = L_Mnfld: 11.81646 + L_NonMnfld: 12.39277 + L_Nrml: 0.00000 + L_Eknl: 7.08333 + L_Div: 0.00000 + L_Morse: 7.11427
Epoch: 0 [2190/10000 (22%)] Unweighted L_s : L_Mnfld: 0.00169,  L_NonMnfld: 0.02065,  L_Nrml: 0.00000,  L_Eknl: 0.14167, L_Morse: 0.75875

Weights: [7000.0, 600.0, 0, 50.0, 0.0, 9.3433], lr=5.000e-05
Epoch: 0 [2200/10000 (22%)] Loss: 36.62719 = L_Mnfld: 10.11500 + L_NonMnfld: 12.34316 + L_Nrml: 0.00000 + L_Eknl: 7.10581 + L_Div: 0.00000 + L_Morse: 7.06323
Epoch: 0 [2200/10000 (22%)] Unweighted L_s : L_Mnfld: 0.00145,  L_NonMnfld: 0.02057,  L_Nrml: 0.00000,  L_Eknl: 0.14212, L_Morse: 0.75597

Weights: [7000.0, 600.0, 0, 50.0, 0.0, 9.3103], lr=5.000e-05
Epoch: 0 [2210/10000 (22%)] Loss: 35.42678 = L_Mnfld: 9.29969 + L_NonMnfld: 12.44448 + L_Nrml: 0.00000 + L_Eknl: 6.94421 + L_Div: 0.00000 + L_Morse: 6.73839
Epoch: 0 [2210/10000 (22%)] Unweighted L_s : L_Mnfld: 0.00133,  L_NonMnfld: 0.02074,  L_Nrml: 0.00000,  L_Eknl: 0.13888, L_Morse: 0.72376

Weights: [7000.0, 600.0, 0, 50.0, 0.0, 9.2773], lr=5.000e-05
Epoch: 0 [2220/10000 (22%)] Loss: 37.97774 = L_Mnfld: 10.46320 + L_NonMnfld: 13.44669 + L_Nrml: 0.00000 + L_Eknl: 6.90553 + L_Div: 0.00000 + L_Morse: 7.16233
Epoch: 0 [2220/10000 (22%)] Unweighted L_s : L_Mnfld: 0.00149,  L_NonMnfld: 0.02241,  L_Nrml: 0.00000,  L_Eknl: 0.13811, L_Morse: 0.77203

Weights: [7000.0, 600.0, 0, 50.0, 0.0, 9.2443], lr=5.000e-05
Epoch: 0 [2230/10000 (22%)] Loss: 36.15388 = L_Mnfld: 10.15798 + L_NonMnfld: 12.70147 + L_Nrml: 0.00000 + L_Eknl: 6.67351 + L_Div: 0.00000 + L_Morse: 6.62092
Epoch: 0 [2230/10000 (22%)] Unweighted L_s : L_Mnfld: 0.00145,  L_NonMnfld: 0.02117,  L_Nrml: 0.00000,  L_Eknl: 0.13347, L_Morse: 0.71622

Weights: [7000.0, 600.0, 0, 50.0, 0.0, 9.211300000000001], lr=5.000e-05
Epoch: 0 [2240/10000 (22%)] Loss: 34.35436 = L_Mnfld: 8.60061 + L_NonMnfld: 12.34504 + L_Nrml: 0.00000 + L_Eknl: 6.74835 + L_Div: 0.00000 + L_Morse: 6.66036
Epoch: 0 [2240/10000 (22%)] Unweighted L_s : L_Mnfld: 0.00123,  L_NonMnfld: 0.02058,  L_Nrml: 0.00000,  L_Eknl: 0.13497, L_Morse: 0.72306

Weights: [7000.0, 600.0, 0, 50.0, 0.0, 9.1783], lr=5.000e-05
Epoch: 0 [2250/10000 (22%)] Loss: 34.87165 = L_Mnfld: 9.47492 + L_NonMnfld: 11.87074 + L_Nrml: 0.00000 + L_Eknl: 6.71603 + L_Div: 0.00000 + L_Morse: 6.80995
Epoch: 0 [2250/10000 (22%)] Unweighted L_s : L_Mnfld: 0.00135,  L_NonMnfld: 0.01978,  L_Nrml: 0.00000,  L_Eknl: 0.13432, L_Morse: 0.74196

Weights: [7000.0, 600.0, 0, 50.0, 0.0, 9.1453], lr=5.000e-05
Epoch: 0 [2260/10000 (23%)] Loss: 35.42075 = L_Mnfld: 9.36992 + L_NonMnfld: 12.55295 + L_Nrml: 0.00000 + L_Eknl: 6.65110 + L_Div: 0.00000 + L_Morse: 6.84678
Epoch: 0 [2260/10000 (23%)] Unweighted L_s : L_Mnfld: 0.00134,  L_NonMnfld: 0.02092,  L_Nrml: 0.00000,  L_Eknl: 0.13302, L_Morse: 0.74867

Weights: [7000.0, 600.0, 0, 50.0, 0.0, 9.112300000000001], lr=5.000e-05
Epoch: 0 [2270/10000 (23%)] Loss: 34.74335 = L_Mnfld: 9.28422 + L_NonMnfld: 12.09324 + L_Nrml: 0.00000 + L_Eknl: 6.60202 + L_Div: 0.00000 + L_Morse: 6.76388
Epoch: 0 [2270/10000 (23%)] Unweighted L_s : L_Mnfld: 0.00133,  L_NonMnfld: 0.02016,  L_Nrml: 0.00000,  L_Eknl: 0.13204, L_Morse: 0.74228

Weights: [7000.0, 600.0, 0, 50.0, 0.0, 9.0793], lr=5.000e-05
Epoch: 0 [2280/10000 (23%)] Loss: 35.07351 = L_Mnfld: 8.63415 + L_NonMnfld: 13.39607 + L_Nrml: 0.00000 + L_Eknl: 6.66911 + L_Div: 0.00000 + L_Morse: 6.37417
Epoch: 0 [2280/10000 (23%)] Unweighted L_s : L_Mnfld: 0.00123,  L_NonMnfld: 0.02233,  L_Nrml: 0.00000,  L_Eknl: 0.13338, L_Morse: 0.70205

Weights: [7000.0, 600.0, 0, 50.0, 0.0, 9.0463], lr=5.000e-05
Epoch: 0 [2290/10000 (23%)] Loss: 34.44408 = L_Mnfld: 9.10489 + L_NonMnfld: 12.63649 + L_Nrml: 0.00000 + L_Eknl: 6.39023 + L_Div: 0.00000 + L_Morse: 6.31247
Epoch: 0 [2290/10000 (23%)] Unweighted L_s : L_Mnfld: 0.00130,  L_NonMnfld: 0.02106,  L_Nrml: 0.00000,  L_Eknl: 0.12780, L_Morse: 0.69780

Weights: [7000.0, 600.0, 0, 50.0, 0.0, 9.013300000000001], lr=5.000e-05
Epoch: 0 [2300/10000 (23%)] Loss: 32.67849 = L_Mnfld: 7.50425 + L_NonMnfld: 12.14839 + L_Nrml: 0.00000 + L_Eknl: 6.58448 + L_Div: 0.00000 + L_Morse: 6.44138
Epoch: 0 [2300/10000 (23%)] Unweighted L_s : L_Mnfld: 0.00107,  L_NonMnfld: 0.02025,  L_Nrml: 0.00000,  L_Eknl: 0.13169, L_Morse: 0.71465

Weights: [7000.0, 600.0, 0, 50.0, 0.0, 8.9803], lr=5.000e-05
Epoch: 0 [2310/10000 (23%)] Loss: 34.18682 = L_Mnfld: 8.58979 + L_NonMnfld: 12.47611 + L_Nrml: 0.00000 + L_Eknl: 6.36870 + L_Div: 0.00000 + L_Morse: 6.75222
Epoch: 0 [2310/10000 (23%)] Unweighted L_s : L_Mnfld: 0.00123,  L_NonMnfld: 0.02079,  L_Nrml: 0.00000,  L_Eknl: 0.12737, L_Morse: 0.75189

Weights: [7000.0, 600.0, 0, 50.0, 0.0, 8.9473], lr=5.000e-05
Epoch: 0 [2320/10000 (23%)] Loss: 34.47287 = L_Mnfld: 8.40828 + L_NonMnfld: 13.06745 + L_Nrml: 0.00000 + L_Eknl: 6.45100 + L_Div: 0.00000 + L_Morse: 6.54614
Epoch: 0 [2320/10000 (23%)] Unweighted L_s : L_Mnfld: 0.00120,  L_NonMnfld: 0.02178,  L_Nrml: 0.00000,  L_Eknl: 0.12902, L_Morse: 0.73163

Weights: [7000.0, 600.0, 0, 50.0, 0.0, 8.9143], lr=5.000e-05
Epoch: 0 [2330/10000 (23%)] Loss: 32.34462 = L_Mnfld: 8.32875 + L_NonMnfld: 11.15046 + L_Nrml: 0.00000 + L_Eknl: 6.26398 + L_Div: 0.00000 + L_Morse: 6.60143
Epoch: 0 [2330/10000 (23%)] Unweighted L_s : L_Mnfld: 0.00119,  L_NonMnfld: 0.01858,  L_Nrml: 0.00000,  L_Eknl: 0.12528, L_Morse: 0.74054

Weights: [7000.0, 600.0, 0, 50.0, 0.0, 8.8813], lr=5.000e-05
Epoch: 0 [2340/10000 (23%)] Loss: 34.09930 = L_Mnfld: 8.46367 + L_NonMnfld: 12.90562 + L_Nrml: 0.00000 + L_Eknl: 6.42372 + L_Div: 0.00000 + L_Morse: 6.30629
Epoch: 0 [2340/10000 (23%)] Unweighted L_s : L_Mnfld: 0.00121,  L_NonMnfld: 0.02151,  L_Nrml: 0.00000,  L_Eknl: 0.12847, L_Morse: 0.71006

Weights: [7000.0, 600.0, 0, 50.0, 0.0, 8.8483], lr=5.000e-05
Epoch: 0 [2350/10000 (24%)] Loss: 33.54996 = L_Mnfld: 8.36419 + L_NonMnfld: 12.27448 + L_Nrml: 0.00000 + L_Eknl: 6.42185 + L_Div: 0.00000 + L_Morse: 6.48944
Epoch: 0 [2350/10000 (24%)] Unweighted L_s : L_Mnfld: 0.00119,  L_NonMnfld: 0.02046,  L_Nrml: 0.00000,  L_Eknl: 0.12844, L_Morse: 0.73341

Weights: [7000.0, 600.0, 0, 50.0, 0.0, 8.8153], lr=5.000e-05
Epoch: 0 [2360/10000 (24%)] Loss: 33.24524 = L_Mnfld: 7.66122 + L_NonMnfld: 12.85213 + L_Nrml: 0.00000 + L_Eknl: 6.31767 + L_Div: 0.00000 + L_Morse: 6.41421
Epoch: 0 [2360/10000 (24%)] Unweighted L_s : L_Mnfld: 0.00109,  L_NonMnfld: 0.02142,  L_Nrml: 0.00000,  L_Eknl: 0.12635, L_Morse: 0.72762

Weights: [7000.0, 600.0, 0, 50.0, 0.0, 8.7823], lr=5.000e-05
Epoch: 0 [2370/10000 (24%)] Loss: 33.95147 = L_Mnfld: 8.84183 + L_NonMnfld: 12.18073 + L_Nrml: 0.00000 + L_Eknl: 6.41943 + L_Div: 0.00000 + L_Morse: 6.50947
Epoch: 0 [2370/10000 (24%)] Unweighted L_s : L_Mnfld: 0.00126,  L_NonMnfld: 0.02030,  L_Nrml: 0.00000,  L_Eknl: 0.12839, L_Morse: 0.74120

Weights: [7000.0, 600.0, 0, 50.0, 0.0, 8.7493], lr=5.000e-05
Epoch: 0 [2380/10000 (24%)] Loss: 34.80692 = L_Mnfld: 9.51152 + L_NonMnfld: 12.64118 + L_Nrml: 0.00000 + L_Eknl: 6.32275 + L_Div: 0.00000 + L_Morse: 6.33148
Epoch: 0 [2380/10000 (24%)] Unweighted L_s : L_Mnfld: 0.00136,  L_NonMnfld: 0.02107,  L_Nrml: 0.00000,  L_Eknl: 0.12645, L_Morse: 0.72366

Weights: [7000.0, 600.0, 0, 50.0, 0.0, 8.7163], lr=5.000e-05
Epoch: 0 [2390/10000 (24%)] Loss: 34.22137 = L_Mnfld: 8.98143 + L_NonMnfld: 12.12360 + L_Nrml: 0.00000 + L_Eknl: 6.34149 + L_Div: 0.00000 + L_Morse: 6.77485
Epoch: 0 [2390/10000 (24%)] Unweighted L_s : L_Mnfld: 0.00128,  L_NonMnfld: 0.02021,  L_Nrml: 0.00000,  L_Eknl: 0.12683, L_Morse: 0.77726

Weights: [7000.0, 600.0, 0, 50.0, 0.0, 8.683300000000001], lr=5.000e-05
Epoch: 0 [2400/10000 (24%)] Loss: 32.92227 = L_Mnfld: 8.12327 + L_NonMnfld: 12.16424 + L_Nrml: 0.00000 + L_Eknl: 6.21358 + L_Div: 0.00000 + L_Morse: 6.42118
Epoch: 0 [2400/10000 (24%)] Unweighted L_s : L_Mnfld: 0.00116,  L_NonMnfld: 0.02027,  L_Nrml: 0.00000,  L_Eknl: 0.12427, L_Morse: 0.73949

Weights: [7000.0, 600.0, 0, 50.0, 0.0, 8.6503], lr=5.000e-05
Epoch: 0 [2410/10000 (24%)] Loss: 34.69985 = L_Mnfld: 8.78022 + L_NonMnfld: 12.78255 + L_Nrml: 0.00000 + L_Eknl: 6.47099 + L_Div: 0.00000 + L_Morse: 6.66610
Epoch: 0 [2410/10000 (24%)] Unweighted L_s : L_Mnfld: 0.00125,  L_NonMnfld: 0.02130,  L_Nrml: 0.00000,  L_Eknl: 0.12942, L_Morse: 0.77062

Weights: [7000.0, 600.0, 0, 50.0, 0.0, 8.6173], lr=5.000e-05
Epoch: 0 [2420/10000 (24%)] Loss: 32.72520 = L_Mnfld: 7.62271 + L_NonMnfld: 12.50194 + L_Nrml: 0.00000 + L_Eknl: 6.26025 + L_Div: 0.00000 + L_Morse: 6.34031
Epoch: 0 [2420/10000 (24%)] Unweighted L_s : L_Mnfld: 0.00109,  L_NonMnfld: 0.02084,  L_Nrml: 0.00000,  L_Eknl: 0.12520, L_Morse: 0.73577

Weights: [7000.0, 600.0, 0, 50.0, 0.0, 8.5843], lr=5.000e-05
Epoch: 0 [2430/10000 (24%)] Loss: 33.32581 = L_Mnfld: 8.72882 + L_NonMnfld: 11.95648 + L_Nrml: 0.00000 + L_Eknl: 6.23138 + L_Div: 0.00000 + L_Morse: 6.40913
Epoch: 0 [2430/10000 (24%)] Unweighted L_s : L_Mnfld: 0.00125,  L_NonMnfld: 0.01993,  L_Nrml: 0.00000,  L_Eknl: 0.12463, L_Morse: 0.74661

Weights: [7000.0, 600.0, 0, 50.0, 0.0, 8.5513], lr=5.000e-05
Epoch: 0 [2440/10000 (24%)] Loss: 32.96978 = L_Mnfld: 8.46769 + L_NonMnfld: 12.09840 + L_Nrml: 0.00000 + L_Eknl: 6.11892 + L_Div: 0.00000 + L_Morse: 6.28477
Epoch: 0 [2440/10000 (24%)] Unweighted L_s : L_Mnfld: 0.00121,  L_NonMnfld: 0.02016,  L_Nrml: 0.00000,  L_Eknl: 0.12238, L_Morse: 0.73495

Weights: [7000.0, 600.0, 0, 50.0, 0.0, 8.5183], lr=5.000e-05
Epoch: 0 [2450/10000 (24%)] Loss: 32.76569 = L_Mnfld: 8.20286 + L_NonMnfld: 11.85541 + L_Nrml: 0.00000 + L_Eknl: 6.05057 + L_Div: 0.00000 + L_Morse: 6.65685
Epoch: 0 [2450/10000 (24%)] Unweighted L_s : L_Mnfld: 0.00117,  L_NonMnfld: 0.01976,  L_Nrml: 0.00000,  L_Eknl: 0.12101, L_Morse: 0.78148

Weights: [7000.0, 600.0, 0, 50.0, 0.0, 8.4853], lr=5.000e-05
Epoch: 0 [2460/10000 (25%)] Loss: 33.98640 = L_Mnfld: 8.31370 + L_NonMnfld: 13.14218 + L_Nrml: 0.00000 + L_Eknl: 6.10689 + L_Div: 0.00000 + L_Morse: 6.42363
Epoch: 0 [2460/10000 (25%)] Unweighted L_s : L_Mnfld: 0.00119,  L_NonMnfld: 0.02190,  L_Nrml: 0.00000,  L_Eknl: 0.12214, L_Morse: 0.75703

Weights: [7000.0, 600.0, 0, 50.0, 0.0, 8.4523], lr=5.000e-05
Epoch: 0 [2470/10000 (25%)] Loss: 32.04290 = L_Mnfld: 7.65314 + L_NonMnfld: 11.74811 + L_Nrml: 0.00000 + L_Eknl: 6.11138 + L_Div: 0.00000 + L_Morse: 6.53026
Epoch: 0 [2470/10000 (25%)] Unweighted L_s : L_Mnfld: 0.00109,  L_NonMnfld: 0.01958,  L_Nrml: 0.00000,  L_Eknl: 0.12223, L_Morse: 0.77260

Weights: [7000.0, 600.0, 0, 50.0, 0.0, 8.4193], lr=5.000e-05
Epoch: 0 [2480/10000 (25%)] Loss: 32.65011 = L_Mnfld: 7.46875 + L_NonMnfld: 12.93917 + L_Nrml: 0.00000 + L_Eknl: 5.99883 + L_Div: 0.00000 + L_Morse: 6.24336
Epoch: 0 [2480/10000 (25%)] Unweighted L_s : L_Mnfld: 0.00107,  L_NonMnfld: 0.02157,  L_Nrml: 0.00000,  L_Eknl: 0.11998, L_Morse: 0.74155

Weights: [7000.0, 600.0, 0, 50.0, 0.0, 8.3863], lr=5.000e-05
Epoch: 0 [2490/10000 (25%)] Loss: 31.83224 = L_Mnfld: 7.38739 + L_NonMnfld: 11.96998 + L_Nrml: 0.00000 + L_Eknl: 6.04072 + L_Div: 0.00000 + L_Morse: 6.43416
Epoch: 0 [2490/10000 (25%)] Unweighted L_s : L_Mnfld: 0.00106,  L_NonMnfld: 0.01995,  L_Nrml: 0.00000,  L_Eknl: 0.12081, L_Morse: 0.76722

Weights: [7000.0, 600.0, 0, 50.0, 0.0, 8.3533], lr=5.000e-05
Epoch: 0 [2500/10000 (25%)] Loss: 32.43379 = L_Mnfld: 7.94399 + L_NonMnfld: 12.35105 + L_Nrml: 0.00000 + L_Eknl: 5.96890 + L_Div: 0.00000 + L_Morse: 6.16985
Epoch: 0 [2500/10000 (25%)] Unweighted L_s : L_Mnfld: 0.00113,  L_NonMnfld: 0.02059,  L_Nrml: 0.00000,  L_Eknl: 0.11938, L_Morse: 0.73861

Weights: [7000.0, 600.0, 0, 50.0, 0.0, 8.3203], lr=5.000e-05
Epoch: 0 [2510/10000 (25%)] Loss: 33.46566 = L_Mnfld: 8.59336 + L_NonMnfld: 12.55111 + L_Nrml: 0.00000 + L_Eknl: 5.94535 + L_Div: 0.00000 + L_Morse: 6.37584
Epoch: 0 [2510/10000 (25%)] Unweighted L_s : L_Mnfld: 0.00123,  L_NonMnfld: 0.02092,  L_Nrml: 0.00000,  L_Eknl: 0.11891, L_Morse: 0.76630

Weights: [7000.0, 600.0, 0, 50.0, 0.0, 8.2873], lr=5.000e-05
Epoch: 0 [2520/10000 (25%)] Loss: 32.67275 = L_Mnfld: 7.12241 + L_NonMnfld: 13.47101 + L_Nrml: 0.00000 + L_Eknl: 6.05292 + L_Div: 0.00000 + L_Morse: 6.02641
Epoch: 0 [2520/10000 (25%)] Unweighted L_s : L_Mnfld: 0.00102,  L_NonMnfld: 0.02245,  L_Nrml: 0.00000,  L_Eknl: 0.12106, L_Morse: 0.72719

Weights: [7000.0, 600.0, 0, 50.0, 0.0, 8.2543], lr=5.000e-05
Epoch: 0 [2530/10000 (25%)] Loss: 32.38522 = L_Mnfld: 8.22546 + L_NonMnfld: 12.15585 + L_Nrml: 0.00000 + L_Eknl: 6.10876 + L_Div: 0.00000 + L_Morse: 5.89514
Epoch: 0 [2530/10000 (25%)] Unweighted L_s : L_Mnfld: 0.00118,  L_NonMnfld: 0.02026,  L_Nrml: 0.00000,  L_Eknl: 0.12218, L_Morse: 0.71419

Weights: [7000.0, 600.0, 0, 50.0, 0.0, 8.2213], lr=5.000e-05
Epoch: 0 [2540/10000 (25%)] Loss: 33.95464 = L_Mnfld: 7.79981 + L_NonMnfld: 14.06128 + L_Nrml: 0.00000 + L_Eknl: 6.03502 + L_Div: 0.00000 + L_Morse: 6.05853
Epoch: 0 [2540/10000 (25%)] Unweighted L_s : L_Mnfld: 0.00111,  L_NonMnfld: 0.02344,  L_Nrml: 0.00000,  L_Eknl: 0.12070, L_Morse: 0.73693

Weights: [7000.0, 600.0, 0, 50.0, 0.0, 8.1883], lr=5.000e-05
Epoch: 0 [2550/10000 (26%)] Loss: 33.54018 = L_Mnfld: 7.96812 + L_NonMnfld: 13.10888 + L_Nrml: 0.00000 + L_Eknl: 6.00299 + L_Div: 0.00000 + L_Morse: 6.46020
Epoch: 0 [2550/10000 (26%)] Unweighted L_s : L_Mnfld: 0.00114,  L_NonMnfld: 0.02185,  L_Nrml: 0.00000,  L_Eknl: 0.12006, L_Morse: 0.78896

Weights: [7000.0, 600.0, 0, 50.0, 0.0, 8.1553], lr=5.000e-05
Epoch: 0 [2560/10000 (26%)] Loss: 32.11904 = L_Mnfld: 7.48731 + L_NonMnfld: 12.63099 + L_Nrml: 0.00000 + L_Eknl: 5.96791 + L_Div: 0.00000 + L_Morse: 6.03283
Epoch: 0 [2560/10000 (26%)] Unweighted L_s : L_Mnfld: 0.00107,  L_NonMnfld: 0.02105,  L_Nrml: 0.00000,  L_Eknl: 0.11936, L_Morse: 0.73974

Weights: [7000.0, 600.0, 0, 50.0, 0.0, 8.1223], lr=5.000e-05
Epoch: 0 [2570/10000 (26%)] Loss: 32.22709 = L_Mnfld: 7.91774 + L_NonMnfld: 12.58260 + L_Nrml: 0.00000 + L_Eknl: 5.86227 + L_Div: 0.00000 + L_Morse: 5.86448
Epoch: 0 [2570/10000 (26%)] Unweighted L_s : L_Mnfld: 0.00113,  L_NonMnfld: 0.02097,  L_Nrml: 0.00000,  L_Eknl: 0.11725, L_Morse: 0.72202

Weights: [7000.0, 600.0, 0, 50.0, 0.0, 8.0893], lr=5.000e-05
Epoch: 0 [2580/10000 (26%)] Loss: 32.89365 = L_Mnfld: 7.70271 + L_NonMnfld: 13.39998 + L_Nrml: 0.00000 + L_Eknl: 5.87974 + L_Div: 0.00000 + L_Morse: 5.91123
Epoch: 0 [2580/10000 (26%)] Unweighted L_s : L_Mnfld: 0.00110,  L_NonMnfld: 0.02233,  L_Nrml: 0.00000,  L_Eknl: 0.11759, L_Morse: 0.73075

Weights: [7000.0, 600.0, 0, 50.0, 0.0, 8.0563], lr=5.000e-05
Epoch: 0 [2590/10000 (26%)] Loss: 33.91878 = L_Mnfld: 8.64030 + L_NonMnfld: 13.24108 + L_Nrml: 0.00000 + L_Eknl: 5.98603 + L_Div: 0.00000 + L_Morse: 6.05138
Epoch: 0 [2590/10000 (26%)] Unweighted L_s : L_Mnfld: 0.00123,  L_NonMnfld: 0.02207,  L_Nrml: 0.00000,  L_Eknl: 0.11972, L_Morse: 0.75114

Weights: [7000.0, 600.0, 0, 50.0, 0.0, 8.023299999999999], lr=5.000e-05
Epoch: 0 [2600/10000 (26%)] Loss: 32.59500 = L_Mnfld: 8.37442 + L_NonMnfld: 12.36611 + L_Nrml: 0.00000 + L_Eknl: 5.87149 + L_Div: 0.00000 + L_Morse: 5.98298
Epoch: 0 [2600/10000 (26%)] Unweighted L_s : L_Mnfld: 0.00120,  L_NonMnfld: 0.02061,  L_Nrml: 0.00000,  L_Eknl: 0.11743, L_Morse: 0.74570

Weights: [7000.0, 600.0, 0, 50.0, 0.0, 7.9902999999999995], lr=5.000e-05
Epoch: 0 [2610/10000 (26%)] Loss: 31.58957 = L_Mnfld: 8.38406 + L_NonMnfld: 11.60332 + L_Nrml: 0.00000 + L_Eknl: 5.89828 + L_Div: 0.00000 + L_Morse: 5.70392
Epoch: 0 [2610/10000 (26%)] Unweighted L_s : L_Mnfld: 0.00120,  L_NonMnfld: 0.01934,  L_Nrml: 0.00000,  L_Eknl: 0.11797, L_Morse: 0.71386

Weights: [7000.0, 600.0, 0, 50.0, 0.0, 7.9573], lr=5.000e-05
Epoch: 0 [2620/10000 (26%)] Loss: 31.85904 = L_Mnfld: 7.52385 + L_NonMnfld: 12.55586 + L_Nrml: 0.00000 + L_Eknl: 5.89129 + L_Div: 0.00000 + L_Morse: 5.88803
Epoch: 0 [2620/10000 (26%)] Unweighted L_s : L_Mnfld: 0.00107,  L_NonMnfld: 0.02093,  L_Nrml: 0.00000,  L_Eknl: 0.11783, L_Morse: 0.73995

Weights: [7000.0, 600.0, 0, 50.0, 0.0, 7.9243], lr=5.000e-05
Epoch: 0 [2630/10000 (26%)] Loss: 33.70354 = L_Mnfld: 8.23784 + L_NonMnfld: 13.49418 + L_Nrml: 0.00000 + L_Eknl: 5.87335 + L_Div: 0.00000 + L_Morse: 6.09817
Epoch: 0 [2630/10000 (26%)] Unweighted L_s : L_Mnfld: 0.00118,  L_NonMnfld: 0.02249,  L_Nrml: 0.00000,  L_Eknl: 0.11747, L_Morse: 0.76955

Weights: [7000.0, 600.0, 0, 50.0, 0.0, 7.891299999999999], lr=5.000e-05
Epoch: 0 [2640/10000 (26%)] Loss: 33.70526 = L_Mnfld: 8.98686 + L_NonMnfld: 12.84001 + L_Nrml: 0.00000 + L_Eknl: 5.84225 + L_Div: 0.00000 + L_Morse: 6.03613
Epoch: 0 [2640/10000 (26%)] Unweighted L_s : L_Mnfld: 0.00128,  L_NonMnfld: 0.02140,  L_Nrml: 0.00000,  L_Eknl: 0.11685, L_Morse: 0.76491

Weights: [7000.0, 600.0, 0, 50.0, 0.0, 7.8583], lr=5.000e-05
Epoch: 0 [2650/10000 (26%)] Loss: 34.84979 = L_Mnfld: 10.73083 + L_NonMnfld: 12.05141 + L_Nrml: 0.00000 + L_Eknl: 5.82189 + L_Div: 0.00000 + L_Morse: 6.24565
Epoch: 0 [2650/10000 (26%)] Unweighted L_s : L_Mnfld: 0.00153,  L_NonMnfld: 0.02009,  L_Nrml: 0.00000,  L_Eknl: 0.11644, L_Morse: 0.79478

Weights: [7000.0, 600.0, 0, 50.0, 0.0, 7.8252999999999995], lr=5.000e-05
Epoch: 0 [2660/10000 (27%)] Loss: 32.65012 = L_Mnfld: 9.16112 + L_NonMnfld: 11.67853 + L_Nrml: 0.00000 + L_Eknl: 5.83928 + L_Div: 0.00000 + L_Morse: 5.97120
Epoch: 0 [2660/10000 (27%)] Unweighted L_s : L_Mnfld: 0.00131,  L_NonMnfld: 0.01946,  L_Nrml: 0.00000,  L_Eknl: 0.11679, L_Morse: 0.76306

Weights: [7000.0, 600.0, 0, 50.0, 0.0, 7.792299999999999], lr=5.000e-05
Epoch: 0 [2670/10000 (27%)] Loss: 33.52857 = L_Mnfld: 8.88131 + L_NonMnfld: 12.39632 + L_Nrml: 0.00000 + L_Eknl: 5.92107 + L_Div: 0.00000 + L_Morse: 6.32988
Epoch: 0 [2670/10000 (27%)] Unweighted L_s : L_Mnfld: 0.00127,  L_NonMnfld: 0.02066,  L_Nrml: 0.00000,  L_Eknl: 0.11842, L_Morse: 0.81232

Weights: [7000.0, 600.0, 0, 50.0, 0.0, 7.7593], lr=5.000e-05
Epoch: 0 [2680/10000 (27%)] Loss: 33.64700 = L_Mnfld: 9.38602 + L_NonMnfld: 12.28909 + L_Nrml: 0.00000 + L_Eknl: 5.80587 + L_Div: 0.00000 + L_Morse: 6.16602
Epoch: 0 [2680/10000 (27%)] Unweighted L_s : L_Mnfld: 0.00134,  L_NonMnfld: 0.02048,  L_Nrml: 0.00000,  L_Eknl: 0.11612, L_Morse: 0.79466

Weights: [7000.0, 600.0, 0, 50.0, 0.0, 7.726300000000001], lr=5.000e-05
Epoch: 0 [2690/10000 (27%)] Loss: 35.70175 = L_Mnfld: 10.43926 + L_NonMnfld: 13.64705 + L_Nrml: 0.00000 + L_Eknl: 5.86740 + L_Div: 0.00000 + L_Morse: 5.74804
Epoch: 0 [2690/10000 (27%)] Unweighted L_s : L_Mnfld: 0.00149,  L_NonMnfld: 0.02275,  L_Nrml: 0.00000,  L_Eknl: 0.11735, L_Morse: 0.74396

Weights: [7000.0, 600.0, 0, 50.0, 0.0, 7.693300000000001], lr=5.000e-05
Epoch: 0 [2700/10000 (27%)] Loss: 33.84934 = L_Mnfld: 8.96222 + L_NonMnfld: 12.91621 + L_Nrml: 0.00000 + L_Eknl: 5.84610 + L_Div: 0.00000 + L_Morse: 6.12481
Epoch: 0 [2700/10000 (27%)] Unweighted L_s : L_Mnfld: 0.00128,  L_NonMnfld: 0.02153,  L_Nrml: 0.00000,  L_Eknl: 0.11692, L_Morse: 0.79612

Weights: [7000.0, 600.0, 0, 50.0, 0.0, 7.660300000000001], lr=5.000e-05
Epoch: 0 [2710/10000 (27%)] Loss: 32.05998 = L_Mnfld: 8.92044 + L_NonMnfld: 11.58173 + L_Nrml: 0.00000 + L_Eknl: 5.68264 + L_Div: 0.00000 + L_Morse: 5.87517
Epoch: 0 [2710/10000 (27%)] Unweighted L_s : L_Mnfld: 0.00127,  L_NonMnfld: 0.01930,  L_Nrml: 0.00000,  L_Eknl: 0.11365, L_Morse: 0.76696

Weights: [7000.0, 600.0, 0, 50.0, 0.0, 7.627300000000001], lr=5.000e-05
Epoch: 0 [2720/10000 (27%)] Loss: 34.14790 = L_Mnfld: 9.16679 + L_NonMnfld: 13.41148 + L_Nrml: 0.00000 + L_Eknl: 5.76971 + L_Div: 0.00000 + L_Morse: 5.79991
Epoch: 0 [2720/10000 (27%)] Unweighted L_s : L_Mnfld: 0.00131,  L_NonMnfld: 0.02235,  L_Nrml: 0.00000,  L_Eknl: 0.11539, L_Morse: 0.76041

Weights: [7000.0, 600.0, 0, 50.0, 0.0, 7.5943000000000005], lr=5.000e-05
Epoch: 0 [2730/10000 (27%)] Loss: 36.58157 = L_Mnfld: 12.64880 + L_NonMnfld: 11.76413 + L_Nrml: 0.00000 + L_Eknl: 5.85733 + L_Div: 0.00000 + L_Morse: 6.31131
Epoch: 0 [2730/10000 (27%)] Unweighted L_s : L_Mnfld: 0.00181,  L_NonMnfld: 0.01961,  L_Nrml: 0.00000,  L_Eknl: 0.11715, L_Morse: 0.83106

Weights: [7000.0, 600.0, 0, 50.0, 0.0, 7.561300000000001], lr=5.000e-05
Epoch: 0 [2740/10000 (27%)] Loss: 36.34432 = L_Mnfld: 11.88302 + L_NonMnfld: 12.38260 + L_Nrml: 0.00000 + L_Eknl: 5.82022 + L_Div: 0.00000 + L_Morse: 6.25848
Epoch: 0 [2740/10000 (27%)] Unweighted L_s : L_Mnfld: 0.00170,  L_NonMnfld: 0.02064,  L_Nrml: 0.00000,  L_Eknl: 0.11640, L_Morse: 0.82770

Weights: [7000.0, 600.0, 0, 50.0, 0.0, 7.5283000000000015], lr=5.000e-05
Epoch: 0 [2750/10000 (28%)] Loss: 37.13873 = L_Mnfld: 13.14799 + L_NonMnfld: 11.88875 + L_Nrml: 0.00000 + L_Eknl: 5.94521 + L_Div: 0.00000 + L_Morse: 6.15678
Epoch: 0 [2750/10000 (28%)] Unweighted L_s : L_Mnfld: 0.00188,  L_NonMnfld: 0.01981,  L_Nrml: 0.00000,  L_Eknl: 0.11890, L_Morse: 0.81782

Weights: [7000.0, 600.0, 0, 50.0, 0.0, 7.4953], lr=5.000e-05
Epoch: 0 [2760/10000 (28%)] Loss: 33.33031 = L_Mnfld: 9.12998 + L_NonMnfld: 12.10663 + L_Nrml: 0.00000 + L_Eknl: 5.93646 + L_Div: 0.00000 + L_Morse: 6.15724
Epoch: 0 [2760/10000 (28%)] Unweighted L_s : L_Mnfld: 0.00130,  L_NonMnfld: 0.02018,  L_Nrml: 0.00000,  L_Eknl: 0.11873, L_Morse: 0.82148

Weights: [7000.0, 600.0, 0, 50.0, 0.0, 7.462300000000001], lr=5.000e-05
Epoch: 0 [2770/10000 (28%)] Loss: 33.52931 = L_Mnfld: 9.35716 + L_NonMnfld: 12.22040 + L_Nrml: 0.00000 + L_Eknl: 5.72353 + L_Div: 0.00000 + L_Morse: 6.22822
Epoch: 0 [2770/10000 (28%)] Unweighted L_s : L_Mnfld: 0.00134,  L_NonMnfld: 0.02037,  L_Nrml: 0.00000,  L_Eknl: 0.11447, L_Morse: 0.83462

Weights: [7000.0, 600.0, 0, 50.0, 0.0, 7.429300000000001], lr=5.000e-05
Epoch: 0 [2780/10000 (28%)] Loss: 35.40258 = L_Mnfld: 10.34944 + L_NonMnfld: 13.04972 + L_Nrml: 0.00000 + L_Eknl: 5.76191 + L_Div: 0.00000 + L_Morse: 6.24151
Epoch: 0 [2780/10000 (28%)] Unweighted L_s : L_Mnfld: 0.00148,  L_NonMnfld: 0.02175,  L_Nrml: 0.00000,  L_Eknl: 0.11524, L_Morse: 0.84012

Weights: [7000.0, 600.0, 0, 50.0, 0.0, 7.3963], lr=5.000e-05
Epoch: 0 [2790/10000 (28%)] Loss: 33.55384 = L_Mnfld: 9.79610 + L_NonMnfld: 11.66004 + L_Nrml: 0.00000 + L_Eknl: 5.91496 + L_Div: 0.00000 + L_Morse: 6.18275
Epoch: 0 [2790/10000 (28%)] Unweighted L_s : L_Mnfld: 0.00140,  L_NonMnfld: 0.01943,  L_Nrml: 0.00000,  L_Eknl: 0.11830, L_Morse: 0.83592

Weights: [7000.0, 600.0, 0, 50.0, 0.0, 7.363300000000001], lr=5.000e-05
Epoch: 0 [2800/10000 (28%)] Loss: 33.15129 = L_Mnfld: 9.29256 + L_NonMnfld: 12.09346 + L_Nrml: 0.00000 + L_Eknl: 5.58415 + L_Div: 0.00000 + L_Morse: 6.18113
Epoch: 0 [2800/10000 (28%)] Unweighted L_s : L_Mnfld: 0.00133,  L_NonMnfld: 0.02016,  L_Nrml: 0.00000,  L_Eknl: 0.11168, L_Morse: 0.83945

Weights: [7000.0, 600.0, 0, 50.0, 0.0, 7.330300000000001], lr=5.000e-05
Epoch: 0 [2810/10000 (28%)] Loss: 31.68222 = L_Mnfld: 8.50352 + L_NonMnfld: 11.93478 + L_Nrml: 0.00000 + L_Eknl: 5.56615 + L_Div: 0.00000 + L_Morse: 5.67778
Epoch: 0 [2810/10000 (28%)] Unweighted L_s : L_Mnfld: 0.00121,  L_NonMnfld: 0.01989,  L_Nrml: 0.00000,  L_Eknl: 0.11132, L_Morse: 0.77456

Weights: [7000.0, 600.0, 0, 50.0, 0.0, 7.2973], lr=5.000e-05
Epoch: 0 [2820/10000 (28%)] Loss: 32.30746 = L_Mnfld: 9.08410 + L_NonMnfld: 12.08646 + L_Nrml: 0.00000 + L_Eknl: 5.71130 + L_Div: 0.00000 + L_Morse: 5.42560
Epoch: 0 [2820/10000 (28%)] Unweighted L_s : L_Mnfld: 0.00130,  L_NonMnfld: 0.02014,  L_Nrml: 0.00000,  L_Eknl: 0.11423, L_Morse: 0.74351

Weights: [7000.0, 600.0, 0, 50.0, 0.0, 7.2643], lr=5.000e-05
Epoch: 0 [2830/10000 (28%)] Loss: 33.06702 = L_Mnfld: 9.75976 + L_NonMnfld: 11.98552 + L_Nrml: 0.00000 + L_Eknl: 5.71473 + L_Div: 0.00000 + L_Morse: 5.60701
Epoch: 0 [2830/10000 (28%)] Unweighted L_s : L_Mnfld: 0.00139,  L_NonMnfld: 0.01998,  L_Nrml: 0.00000,  L_Eknl: 0.11429, L_Morse: 0.77186

Weights: [7000.0, 600.0, 0, 50.0, 0.0, 7.231300000000001], lr=5.000e-05
Epoch: 0 [2840/10000 (28%)] Loss: 33.45209 = L_Mnfld: 9.65596 + L_NonMnfld: 12.10814 + L_Nrml: 0.00000 + L_Eknl: 5.70734 + L_Div: 0.00000 + L_Morse: 5.98065
Epoch: 0 [2840/10000 (28%)] Unweighted L_s : L_Mnfld: 0.00138,  L_NonMnfld: 0.02018,  L_Nrml: 0.00000,  L_Eknl: 0.11415, L_Morse: 0.82705

Weights: [7000.0, 600.0, 0, 50.0, 0.0, 7.198300000000001], lr=5.000e-05
Epoch: 0 [2850/10000 (28%)] Loss: 33.56284 = L_Mnfld: 9.58514 + L_NonMnfld: 12.77583 + L_Nrml: 0.00000 + L_Eknl: 5.60442 + L_Div: 0.00000 + L_Morse: 5.59745
Epoch: 0 [2850/10000 (28%)] Unweighted L_s : L_Mnfld: 0.00137,  L_NonMnfld: 0.02129,  L_Nrml: 0.00000,  L_Eknl: 0.11209, L_Morse: 0.77761

Weights: [7000.0, 600.0, 0, 50.0, 0.0, 7.1653], lr=5.000e-05
Epoch: 0 [2860/10000 (29%)] Loss: 32.49211 = L_Mnfld: 9.26415 + L_NonMnfld: 11.97651 + L_Nrml: 0.00000 + L_Eknl: 5.54859 + L_Div: 0.00000 + L_Morse: 5.70285
Epoch: 0 [2860/10000 (29%)] Unweighted L_s : L_Mnfld: 0.00132,  L_NonMnfld: 0.01996,  L_Nrml: 0.00000,  L_Eknl: 0.11097, L_Morse: 0.79590

Weights: [7000.0, 600.0, 0, 50.0, 0.0, 7.132300000000001], lr=5.000e-05
Epoch: 0 [2870/10000 (29%)] Loss: 32.37630 = L_Mnfld: 8.95829 + L_NonMnfld: 12.14921 + L_Nrml: 0.00000 + L_Eknl: 5.57023 + L_Div: 0.00000 + L_Morse: 5.69857
Epoch: 0 [2870/10000 (29%)] Unweighted L_s : L_Mnfld: 0.00128,  L_NonMnfld: 0.02025,  L_Nrml: 0.00000,  L_Eknl: 0.11140, L_Morse: 0.79898

Weights: [7000.0, 600.0, 0, 50.0, 0.0, 7.0993], lr=5.000e-05
Epoch: 0 [2880/10000 (29%)] Loss: 30.53648 = L_Mnfld: 6.94779 + L_NonMnfld: 12.50253 + L_Nrml: 0.00000 + L_Eknl: 5.49465 + L_Div: 0.00000 + L_Morse: 5.59152
Epoch: 0 [2880/10000 (29%)] Unweighted L_s : L_Mnfld: 0.00099,  L_NonMnfld: 0.02084,  L_Nrml: 0.00000,  L_Eknl: 0.10989, L_Morse: 0.78762

Weights: [7000.0, 600.0, 0, 50.0, 0.0, 7.0663], lr=5.000e-05
Epoch: 0 [2890/10000 (29%)] Loss: 31.19417 = L_Mnfld: 8.61974 + L_NonMnfld: 11.80073 + L_Nrml: 0.00000 + L_Eknl: 5.41765 + L_Div: 0.00000 + L_Morse: 5.35606
Epoch: 0 [2890/10000 (29%)] Unweighted L_s : L_Mnfld: 0.00123,  L_NonMnfld: 0.01967,  L_Nrml: 0.00000,  L_Eknl: 0.10835, L_Morse: 0.75797

Weights: [7000.0, 600.0, 0, 50.0, 0.0, 7.0333000000000006], lr=5.000e-05
Epoch: 0 [2900/10000 (29%)] Loss: 30.49959 = L_Mnfld: 7.52413 + L_NonMnfld: 12.07475 + L_Nrml: 0.00000 + L_Eknl: 5.51415 + L_Div: 0.00000 + L_Morse: 5.38657
Epoch: 0 [2900/10000 (29%)] Unweighted L_s : L_Mnfld: 0.00107,  L_NonMnfld: 0.02012,  L_Nrml: 0.00000,  L_Eknl: 0.11028, L_Morse: 0.76587

Weights: [7000.0, 600.0, 0, 50.0, 0.0, 7.0003], lr=5.000e-05
Epoch: 0 [2910/10000 (29%)] Loss: 30.63595 = L_Mnfld: 7.35743 + L_NonMnfld: 12.28279 + L_Nrml: 0.00000 + L_Eknl: 5.39821 + L_Div: 0.00000 + L_Morse: 5.59752
Epoch: 0 [2910/10000 (29%)] Unweighted L_s : L_Mnfld: 0.00105,  L_NonMnfld: 0.02047,  L_Nrml: 0.00000,  L_Eknl: 0.10796, L_Morse: 0.79961

Weights: [7000.0, 600.0, 0, 50.0, 0.0, 6.9673], lr=5.000e-05
Epoch: 0 [2920/10000 (29%)] Loss: 30.34185 = L_Mnfld: 6.76363 + L_NonMnfld: 12.65609 + L_Nrml: 0.00000 + L_Eknl: 5.56233 + L_Div: 0.00000 + L_Morse: 5.35981
Epoch: 0 [2920/10000 (29%)] Unweighted L_s : L_Mnfld: 0.00097,  L_NonMnfld: 0.02109,  L_Nrml: 0.00000,  L_Eknl: 0.11125, L_Morse: 0.76928

Weights: [7000.0, 600.0, 0, 50.0, 0.0, 6.9343], lr=5.000e-05
Epoch: 0 [2930/10000 (29%)] Loss: 31.56222 = L_Mnfld: 8.27898 + L_NonMnfld: 12.20863 + L_Nrml: 0.00000 + L_Eknl: 5.40161 + L_Div: 0.00000 + L_Morse: 5.67300
Epoch: 0 [2930/10000 (29%)] Unweighted L_s : L_Mnfld: 0.00118,  L_NonMnfld: 0.02035,  L_Nrml: 0.00000,  L_Eknl: 0.10803, L_Morse: 0.81811

Weights: [7000.0, 600.0, 0, 50.0, 0.0, 6.901300000000001], lr=5.000e-05
Epoch: 0 [2940/10000 (29%)] Loss: 30.83305 = L_Mnfld: 7.72767 + L_NonMnfld: 12.05994 + L_Nrml: 0.00000 + L_Eknl: 5.41828 + L_Div: 0.00000 + L_Morse: 5.62717
Epoch: 0 [2940/10000 (29%)] Unweighted L_s : L_Mnfld: 0.00110,  L_NonMnfld: 0.02010,  L_Nrml: 0.00000,  L_Eknl: 0.10837, L_Morse: 0.81538

Weights: [7000.0, 600.0, 0, 50.0, 0.0, 6.8683000000000005], lr=5.000e-05
Epoch: 0 [2950/10000 (30%)] Loss: 31.56505 = L_Mnfld: 7.85286 + L_NonMnfld: 13.04696 + L_Nrml: 0.00000 + L_Eknl: 5.28916 + L_Div: 0.00000 + L_Morse: 5.37607
Epoch: 0 [2950/10000 (30%)] Unweighted L_s : L_Mnfld: 0.00112,  L_NonMnfld: 0.02174,  L_Nrml: 0.00000,  L_Eknl: 0.10578, L_Morse: 0.78274

Weights: [7000.0, 600.0, 0, 50.0, 0.0, 6.8353], lr=5.000e-05
Epoch: 0 [2960/10000 (30%)] Loss: 31.15116 = L_Mnfld: 7.40249 + L_NonMnfld: 12.90044 + L_Nrml: 0.00000 + L_Eknl: 5.42371 + L_Div: 0.00000 + L_Morse: 5.42451
Epoch: 0 [2960/10000 (30%)] Unweighted L_s : L_Mnfld: 0.00106,  L_NonMnfld: 0.02150,  L_Nrml: 0.00000,  L_Eknl: 0.10847, L_Morse: 0.79360

Weights: [7000.0, 600.0, 0, 50.0, 0.0, 6.802300000000001], lr=5.000e-05
Epoch: 0 [2970/10000 (30%)] Loss: 32.18563 = L_Mnfld: 7.74747 + L_NonMnfld: 13.89033 + L_Nrml: 0.00000 + L_Eknl: 5.36574 + L_Div: 0.00000 + L_Morse: 5.18210
Epoch: 0 [2970/10000 (30%)] Unweighted L_s : L_Mnfld: 0.00111,  L_NonMnfld: 0.02315,  L_Nrml: 0.00000,  L_Eknl: 0.10731, L_Morse: 0.76182

Weights: [7000.0, 600.0, 0, 50.0, 0.0, 6.7693], lr=5.000e-05
Epoch: 0 [2980/10000 (30%)] Loss: 31.17753 = L_Mnfld: 7.34979 + L_NonMnfld: 12.92988 + L_Nrml: 0.00000 + L_Eknl: 5.38913 + L_Div: 0.00000 + L_Morse: 5.50873
Epoch: 0 [2980/10000 (30%)] Unweighted L_s : L_Mnfld: 0.00105,  L_NonMnfld: 0.02155,  L_Nrml: 0.00000,  L_Eknl: 0.10778, L_Morse: 0.81378

Weights: [7000.0, 600.0, 0, 50.0, 0.0, 6.7363], lr=5.000e-05
Epoch: 0 [2990/10000 (30%)] Loss: 30.63399 = L_Mnfld: 7.60336 + L_NonMnfld: 12.38605 + L_Nrml: 0.00000 + L_Eknl: 5.36670 + L_Div: 0.00000 + L_Morse: 5.27788
Epoch: 0 [2990/10000 (30%)] Unweighted L_s : L_Mnfld: 0.00109,  L_NonMnfld: 0.02064,  L_Nrml: 0.00000,  L_Eknl: 0.10733, L_Morse: 0.78350

Weights: [7000.0, 600.0, 0, 50.0, 0.0, 6.7033000000000005], lr=5.000e-05
Epoch: 0 [3000/10000 (30%)] Loss: 30.11152 = L_Mnfld: 7.16173 + L_NonMnfld: 12.34490 + L_Nrml: 0.00000 + L_Eknl: 5.29791 + L_Div: 0.00000 + L_Morse: 5.30697
Epoch: 0 [3000/10000 (30%)] Unweighted L_s : L_Mnfld: 0.00102,  L_NonMnfld: 0.02057,  L_Nrml: 0.00000,  L_Eknl: 0.10596, L_Morse: 0.79170

Weights: [7000.0, 600.0, 0, 50.0, 0.0, 6.6703], lr=5.000e-05
Epoch: 0 [3010/10000 (30%)] Loss: 31.87862 = L_Mnfld: 7.89199 + L_NonMnfld: 13.17982 + L_Nrml: 0.00000 + L_Eknl: 5.23572 + L_Div: 0.00000 + L_Morse: 5.57109
Epoch: 0 [3010/10000 (30%)] Unweighted L_s : L_Mnfld: 0.00113,  L_NonMnfld: 0.02197,  L_Nrml: 0.00000,  L_Eknl: 0.10471, L_Morse: 0.83521

Weights: [7000.0, 600.0, 0, 50.0, 0.0, 6.6373], lr=5.000e-05
Epoch: 0 [3020/10000 (30%)] Loss: 29.82574 = L_Mnfld: 7.03877 + L_NonMnfld: 12.06418 + L_Nrml: 0.00000 + L_Eknl: 5.29974 + L_Div: 0.00000 + L_Morse: 5.42304
Epoch: 0 [3020/10000 (30%)] Unweighted L_s : L_Mnfld: 0.00101,  L_NonMnfld: 0.02011,  L_Nrml: 0.00000,  L_Eknl: 0.10599, L_Morse: 0.81706

Weights: [7000.0, 600.0, 0, 50.0, 0.0, 6.6043], lr=5.000e-05
Epoch: 0 [3030/10000 (30%)] Loss: 31.02419 = L_Mnfld: 8.62423 + L_NonMnfld: 11.66948 + L_Nrml: 0.00000 + L_Eknl: 5.28964 + L_Div: 0.00000 + L_Morse: 5.44083
Epoch: 0 [3030/10000 (30%)] Unweighted L_s : L_Mnfld: 0.00123,  L_NonMnfld: 0.01945,  L_Nrml: 0.00000,  L_Eknl: 0.10579, L_Morse: 0.82383

Weights: [7000.0, 600.0, 0, 50.0, 0.0, 6.5713], lr=5.000e-05
Epoch: 0 [3040/10000 (30%)] Loss: 32.02208 = L_Mnfld: 8.80169 + L_NonMnfld: 12.59893 + L_Nrml: 0.00000 + L_Eknl: 5.29951 + L_Div: 0.00000 + L_Morse: 5.32194
Epoch: 0 [3040/10000 (30%)] Unweighted L_s : L_Mnfld: 0.00126,  L_NonMnfld: 0.02100,  L_Nrml: 0.00000,  L_Eknl: 0.10599, L_Morse: 0.80988

Weights: [7000.0, 600.0, 0, 50.0, 0.0, 6.5383], lr=5.000e-05
Epoch: 0 [3050/10000 (30%)] Loss: 31.73360 = L_Mnfld: 8.94440 + L_NonMnfld: 12.17565 + L_Nrml: 0.00000 + L_Eknl: 5.32923 + L_Div: 0.00000 + L_Morse: 5.28432
Epoch: 0 [3050/10000 (30%)] Unweighted L_s : L_Mnfld: 0.00128,  L_NonMnfld: 0.02029,  L_Nrml: 0.00000,  L_Eknl: 0.10658, L_Morse: 0.80821

Weights: [7000.0, 600.0, 0, 50.0, 0.0, 6.5053], lr=5.000e-05
Epoch: 0 [3060/10000 (31%)] Loss: 31.62021 = L_Mnfld: 7.94642 + L_NonMnfld: 13.15293 + L_Nrml: 0.00000 + L_Eknl: 5.26103 + L_Div: 0.00000 + L_Morse: 5.25983
Epoch: 0 [3060/10000 (31%)] Unweighted L_s : L_Mnfld: 0.00114,  L_NonMnfld: 0.02192,  L_Nrml: 0.00000,  L_Eknl: 0.10522, L_Morse: 0.80854

Weights: [7000.0, 600.0, 0, 50.0, 0.0, 6.4723], lr=5.000e-05
Epoch: 0 [3070/10000 (31%)] Loss: 29.80996 = L_Mnfld: 7.51085 + L_NonMnfld: 11.70847 + L_Nrml: 0.00000 + L_Eknl: 5.33046 + L_Div: 0.00000 + L_Morse: 5.26019
Epoch: 0 [3070/10000 (31%)] Unweighted L_s : L_Mnfld: 0.00107,  L_NonMnfld: 0.01951,  L_Nrml: 0.00000,  L_Eknl: 0.10661, L_Morse: 0.81272

Weights: [7000.0, 600.0, 0, 50.0, 0.0, 6.439299999999999], lr=5.000e-05
Epoch: 0 [3080/10000 (31%)] Loss: 31.41232 = L_Mnfld: 8.41253 + L_NonMnfld: 12.08403 + L_Nrml: 0.00000 + L_Eknl: 5.37690 + L_Div: 0.00000 + L_Morse: 5.53886
Epoch: 0 [3080/10000 (31%)] Unweighted L_s : L_Mnfld: 0.00120,  L_NonMnfld: 0.02014,  L_Nrml: 0.00000,  L_Eknl: 0.10754, L_Morse: 0.86016

Weights: [7000.0, 600.0, 0, 50.0, 0.0, 6.4063], lr=5.000e-05
Epoch: 0 [3090/10000 (31%)] Loss: 34.12548 = L_Mnfld: 11.31811 + L_NonMnfld: 12.17127 + L_Nrml: 0.00000 + L_Eknl: 5.40505 + L_Div: 0.00000 + L_Morse: 5.23106
Epoch: 0 [3090/10000 (31%)] Unweighted L_s : L_Mnfld: 0.00162,  L_NonMnfld: 0.02029,  L_Nrml: 0.00000,  L_Eknl: 0.10810, L_Morse: 0.81655

Weights: [7000.0, 600.0, 0, 50.0, 0.0, 6.3733], lr=5.000e-05
Epoch: 0 [3100/10000 (31%)] Loss: 33.90081 = L_Mnfld: 11.00727 + L_NonMnfld: 12.04078 + L_Nrml: 0.00000 + L_Eknl: 5.58808 + L_Div: 0.00000 + L_Morse: 5.26468
Epoch: 0 [3100/10000 (31%)] Unweighted L_s : L_Mnfld: 0.00157,  L_NonMnfld: 0.02007,  L_Nrml: 0.00000,  L_Eknl: 0.11176, L_Morse: 0.82605

Weights: [7000.0, 600.0, 0, 50.0, 0.0, 6.3403], lr=5.000e-05
Epoch: 0 [3110/10000 (31%)] Loss: 33.45133 = L_Mnfld: 10.76521 + L_NonMnfld: 12.02218 + L_Nrml: 0.00000 + L_Eknl: 5.35550 + L_Div: 0.00000 + L_Morse: 5.30844
Epoch: 0 [3110/10000 (31%)] Unweighted L_s : L_Mnfld: 0.00154,  L_NonMnfld: 0.02004,  L_Nrml: 0.00000,  L_Eknl: 0.10711, L_Morse: 0.83725

Weights: [7000.0, 600.0, 0, 50.0, 0.0, 6.3073], lr=5.000e-05
Epoch: 0 [3120/10000 (31%)] Loss: 33.20408 = L_Mnfld: 9.78920 + L_NonMnfld: 12.58916 + L_Nrml: 0.00000 + L_Eknl: 5.42630 + L_Div: 0.00000 + L_Morse: 5.39942
Epoch: 0 [3120/10000 (31%)] Unweighted L_s : L_Mnfld: 0.00140,  L_NonMnfld: 0.02098,  L_Nrml: 0.00000,  L_Eknl: 0.10853, L_Morse: 0.85606

Weights: [7000.0, 600.0, 0, 50.0, 0.0, 6.2743], lr=5.000e-05
Epoch: 0 [3130/10000 (31%)] Loss: 33.03981 = L_Mnfld: 10.24637 + L_NonMnfld: 11.92065 + L_Nrml: 0.00000 + L_Eknl: 5.40125 + L_Div: 0.00000 + L_Morse: 5.47154
Epoch: 0 [3130/10000 (31%)] Unweighted L_s : L_Mnfld: 0.00146,  L_NonMnfld: 0.01987,  L_Nrml: 0.00000,  L_Eknl: 0.10802, L_Morse: 0.87206

Weights: [7000.0, 600.0, 0, 50.0, 0.0, 6.2413], lr=5.000e-05
Epoch: 0 [3140/10000 (31%)] Loss: 32.00935 = L_Mnfld: 9.02173 + L_NonMnfld: 12.37080 + L_Nrml: 0.00000 + L_Eknl: 5.23756 + L_Div: 0.00000 + L_Morse: 5.37926
Epoch: 0 [3140/10000 (31%)] Unweighted L_s : L_Mnfld: 0.00129,  L_NonMnfld: 0.02062,  L_Nrml: 0.00000,  L_Eknl: 0.10475, L_Morse: 0.86188

Weights: [7000.0, 600.0, 0, 50.0, 0.0, 6.2082999999999995], lr=5.000e-05
Epoch: 0 [3150/10000 (32%)] Loss: 30.81158 = L_Mnfld: 8.28080 + L_NonMnfld: 12.09294 + L_Nrml: 0.00000 + L_Eknl: 5.24371 + L_Div: 0.00000 + L_Morse: 5.19414
Epoch: 0 [3150/10000 (32%)] Unweighted L_s : L_Mnfld: 0.00118,  L_NonMnfld: 0.02015,  L_Nrml: 0.00000,  L_Eknl: 0.10487, L_Morse: 0.83664

Weights: [7000.0, 600.0, 0, 50.0, 0.0, 6.1753], lr=5.000e-05
Epoch: 0 [3160/10000 (32%)] Loss: 31.53172 = L_Mnfld: 8.11317 + L_NonMnfld: 13.17472 + L_Nrml: 0.00000 + L_Eknl: 5.24715 + L_Div: 0.00000 + L_Morse: 4.99668
Epoch: 0 [3160/10000 (32%)] Unweighted L_s : L_Mnfld: 0.00116,  L_NonMnfld: 0.02196,  L_Nrml: 0.00000,  L_Eknl: 0.10494, L_Morse: 0.80914

Weights: [7000.0, 600.0, 0, 50.0, 0.0, 6.1423], lr=5.000e-05
Epoch: 0 [3170/10000 (32%)] Loss: 31.32153 = L_Mnfld: 8.20189 + L_NonMnfld: 12.58171 + L_Nrml: 0.00000 + L_Eknl: 5.21888 + L_Div: 0.00000 + L_Morse: 5.31904
Epoch: 0 [3170/10000 (32%)] Unweighted L_s : L_Mnfld: 0.00117,  L_NonMnfld: 0.02097,  L_Nrml: 0.00000,  L_Eknl: 0.10438, L_Morse: 0.86597

Weights: [7000.0, 600.0, 0, 50.0, 0.0, 6.109299999999999], lr=5.000e-05
Epoch: 0 [3180/10000 (32%)] Loss: 30.02636 = L_Mnfld: 7.77443 + L_NonMnfld: 12.01697 + L_Nrml: 0.00000 + L_Eknl: 5.16162 + L_Div: 0.00000 + L_Morse: 5.07334
Epoch: 0 [3180/10000 (32%)] Unweighted L_s : L_Mnfld: 0.00111,  L_NonMnfld: 0.02003,  L_Nrml: 0.00000,  L_Eknl: 0.10323, L_Morse: 0.83043

Weights: [7000.0, 600.0, 0, 50.0, 0.0, 6.0763], lr=5.000e-05
Epoch: 0 [3190/10000 (32%)] Loss: 29.91383 = L_Mnfld: 7.72566 + L_NonMnfld: 12.09450 + L_Nrml: 0.00000 + L_Eknl: 5.08389 + L_Div: 0.00000 + L_Morse: 5.00978
Epoch: 0 [3190/10000 (32%)] Unweighted L_s : L_Mnfld: 0.00110,  L_NonMnfld: 0.02016,  L_Nrml: 0.00000,  L_Eknl: 0.10168, L_Morse: 0.82448

Weights: [7000.0, 600.0, 0, 50.0, 0.0, 6.0432999999999995], lr=5.000e-05
Epoch: 0 [3200/10000 (32%)] Loss: 29.54427 = L_Mnfld: 7.67054 + L_NonMnfld: 11.92160 + L_Nrml: 0.00000 + L_Eknl: 5.17899 + L_Div: 0.00000 + L_Morse: 4.77314
Epoch: 0 [3200/10000 (32%)] Unweighted L_s : L_Mnfld: 0.00110,  L_NonMnfld: 0.01987,  L_Nrml: 0.00000,  L_Eknl: 0.10358, L_Morse: 0.78982

Weights: [7000.0, 600.0, 0, 50.0, 0.0, 6.010299999999999], lr=5.000e-05
Epoch: 0 [3210/10000 (32%)] Loss: 30.54133 = L_Mnfld: 8.53939 + L_NonMnfld: 11.99626 + L_Nrml: 0.00000 + L_Eknl: 5.00993 + L_Div: 0.00000 + L_Morse: 4.99575
Epoch: 0 [3210/10000 (32%)] Unweighted L_s : L_Mnfld: 0.00122,  L_NonMnfld: 0.01999,  L_Nrml: 0.00000,  L_Eknl: 0.10020, L_Morse: 0.83120

Weights: [7000.0, 600.0, 0, 50.0, 0.0, 5.9773], lr=5.000e-05
Epoch: 0 [3220/10000 (32%)] Loss: 29.80894 = L_Mnfld: 6.93323 + L_NonMnfld: 12.78540 + L_Nrml: 0.00000 + L_Eknl: 5.03206 + L_Div: 0.00000 + L_Morse: 5.05825
Epoch: 0 [3220/10000 (32%)] Unweighted L_s : L_Mnfld: 0.00099,  L_NonMnfld: 0.02131,  L_Nrml: 0.00000,  L_Eknl: 0.10064, L_Morse: 0.84624

Weights: [7000.0, 600.0, 0, 50.0, 0.0, 5.944299999999999], lr=5.000e-05
Epoch: 0 [3230/10000 (32%)] Loss: 29.28429 = L_Mnfld: 7.14907 + L_NonMnfld: 12.35860 + L_Nrml: 0.00000 + L_Eknl: 5.04011 + L_Div: 0.00000 + L_Morse: 4.73651
Epoch: 0 [3230/10000 (32%)] Unweighted L_s : L_Mnfld: 0.00102,  L_NonMnfld: 0.02060,  L_Nrml: 0.00000,  L_Eknl: 0.10080, L_Morse: 0.79681

Weights: [7000.0, 600.0, 0, 50.0, 0.0, 5.911299999999999], lr=5.000e-05
Epoch: 0 [3240/10000 (32%)] Loss: 29.76146 = L_Mnfld: 7.48538 + L_NonMnfld: 12.15421 + L_Nrml: 0.00000 + L_Eknl: 5.12428 + L_Div: 0.00000 + L_Morse: 4.99760
Epoch: 0 [3240/10000 (32%)] Unweighted L_s : L_Mnfld: 0.00107,  L_NonMnfld: 0.02026,  L_Nrml: 0.00000,  L_Eknl: 0.10249, L_Morse: 0.84543

Weights: [7000.0, 600.0, 0, 50.0, 0.0, 5.878299999999999], lr=5.000e-05
Epoch: 0 [3250/10000 (32%)] Loss: 30.96417 = L_Mnfld: 8.19766 + L_NonMnfld: 12.80467 + L_Nrml: 0.00000 + L_Eknl: 5.15696 + L_Div: 0.00000 + L_Morse: 4.80489
Epoch: 0 [3250/10000 (32%)] Unweighted L_s : L_Mnfld: 0.00117,  L_NonMnfld: 0.02134,  L_Nrml: 0.00000,  L_Eknl: 0.10314, L_Morse: 0.81739

Weights: [7000.0, 600.0, 0, 50.0, 0.0, 5.845299999999999], lr=5.000e-05
Epoch: 0 [3260/10000 (33%)] Loss: 31.91990 = L_Mnfld: 8.82214 + L_NonMnfld: 12.99055 + L_Nrml: 0.00000 + L_Eknl: 5.13819 + L_Div: 0.00000 + L_Morse: 4.96901
Epoch: 0 [3260/10000 (33%)] Unweighted L_s : L_Mnfld: 0.00126,  L_NonMnfld: 0.02165,  L_Nrml: 0.00000,  L_Eknl: 0.10276, L_Morse: 0.85009

Weights: [7000.0, 600.0, 0, 50.0, 0.0, 5.812299999999999], lr=5.000e-05
Epoch: 0 [3270/10000 (33%)] Loss: 32.70517 = L_Mnfld: 9.87713 + L_NonMnfld: 13.02900 + L_Nrml: 0.00000 + L_Eknl: 5.19619 + L_Div: 0.00000 + L_Morse: 4.60285
Epoch: 0 [3270/10000 (33%)] Unweighted L_s : L_Mnfld: 0.00141,  L_NonMnfld: 0.02171,  L_Nrml: 0.00000,  L_Eknl: 0.10392, L_Morse: 0.79192

Weights: [7000.0, 600.0, 0, 50.0, 0.0, 5.779299999999999], lr=5.000e-05
Epoch: 0 [3280/10000 (33%)] Loss: 35.88458 = L_Mnfld: 10.95501 + L_NonMnfld: 13.81258 + L_Nrml: 0.00000 + L_Eknl: 6.02346 + L_Div: 0.00000 + L_Morse: 5.09352
Epoch: 0 [3280/10000 (33%)] Unweighted L_s : L_Mnfld: 0.00157,  L_NonMnfld: 0.02302,  L_Nrml: 0.00000,  L_Eknl: 0.12047, L_Morse: 0.88134

Weights: [7000.0, 600.0, 0, 50.0, 0.0, 5.746299999999999], lr=5.000e-05
Epoch: 0 [3290/10000 (33%)] Loss: 37.53604 = L_Mnfld: 14.71462 + L_NonMnfld: 11.16155 + L_Nrml: 0.00000 + L_Eknl: 5.95793 + L_Div: 0.00000 + L_Morse: 5.70194
Epoch: 0 [3290/10000 (33%)] Unweighted L_s : L_Mnfld: 0.00210,  L_NonMnfld: 0.01860,  L_Nrml: 0.00000,  L_Eknl: 0.11916, L_Morse: 0.99228

Weights: [7000.0, 600.0, 0, 50.0, 0.0, 5.713299999999999], lr=5.000e-05
Epoch: 0 [3300/10000 (33%)] Loss: 73.13301 = L_Mnfld: 42.65844 + L_NonMnfld: 10.50866 + L_Nrml: 0.00000 + L_Eknl: 10.88692 + L_Div: 0.00000 + L_Morse: 9.07900
Epoch: 0 [3300/10000 (33%)] Unweighted L_s : L_Mnfld: 0.00609,  L_NonMnfld: 0.01751,  L_Nrml: 0.00000,  L_Eknl: 0.21774, L_Morse: 1.58910

Weights: [7000.0, 600.0, 0, 50.0, 0.0, 5.680299999999999], lr=5.000e-05
Epoch: 0 [3310/10000 (33%)] Loss: 69.16698 = L_Mnfld: 32.41866 + L_NonMnfld: 16.03295 + L_Nrml: 0.00000 + L_Eknl: 12.52938 + L_Div: 0.00000 + L_Morse: 8.18598
Epoch: 0 [3310/10000 (33%)] Unweighted L_s : L_Mnfld: 0.00463,  L_NonMnfld: 0.02672,  L_Nrml: 0.00000,  L_Eknl: 0.25059, L_Morse: 1.44112

Weights: [7000.0, 600.0, 0, 50.0, 0.0, 5.6473], lr=5.000e-05
Epoch: 0 [3320/10000 (33%)] Loss: 65.34294 = L_Mnfld: 32.25348 + L_NonMnfld: 13.47189 + L_Nrml: 0.00000 + L_Eknl: 10.24734 + L_Div: 0.00000 + L_Morse: 9.37024
Epoch: 0 [3320/10000 (33%)] Unweighted L_s : L_Mnfld: 0.00461,  L_NonMnfld: 0.02245,  L_Nrml: 0.00000,  L_Eknl: 0.20495, L_Morse: 1.65924

Weights: [7000.0, 600.0, 0, 50.0, 0.0, 5.614300000000001], lr=5.000e-05
Epoch: 0 [3330/10000 (33%)] Loss: 59.24140 = L_Mnfld: 30.85036 + L_NonMnfld: 13.05107 + L_Nrml: 0.00000 + L_Eknl: 8.04879 + L_Div: 0.00000 + L_Morse: 7.29118
Epoch: 0 [3330/10000 (33%)] Unweighted L_s : L_Mnfld: 0.00441,  L_NonMnfld: 0.02175,  L_Nrml: 0.00000,  L_Eknl: 0.16098, L_Morse: 1.29868

Weights: [7000.0, 600.0, 0, 50.0, 0.0, 5.581300000000001], lr=5.000e-05
Epoch: 0 [3340/10000 (33%)] Loss: 57.68755 = L_Mnfld: 26.84651 + L_NonMnfld: 13.70931 + L_Nrml: 0.00000 + L_Eknl: 9.44101 + L_Div: 0.00000 + L_Morse: 7.69073
Epoch: 0 [3340/10000 (33%)] Unweighted L_s : L_Mnfld: 0.00384,  L_NonMnfld: 0.02285,  L_Nrml: 0.00000,  L_Eknl: 0.18882, L_Morse: 1.37795

Weights: [7000.0, 600.0, 0, 50.0, 0.0, 5.5483], lr=5.000e-05
Epoch: 0 [3350/10000 (34%)] Loss: 54.27164 = L_Mnfld: 25.04876 + L_NonMnfld: 13.74976 + L_Nrml: 0.00000 + L_Eknl: 8.29466 + L_Div: 0.00000 + L_Morse: 7.17845
Epoch: 0 [3350/10000 (34%)] Unweighted L_s : L_Mnfld: 0.00358,  L_NonMnfld: 0.02292,  L_Nrml: 0.00000,  L_Eknl: 0.16589, L_Morse: 1.29381

Weights: [7000.0, 600.0, 0, 50.0, 0.0, 5.515300000000001], lr=5.000e-05
Epoch: 0 [3360/10000 (34%)] Loss: 59.46343 = L_Mnfld: 29.81474 + L_NonMnfld: 13.75582 + L_Nrml: 0.00000 + L_Eknl: 8.80305 + L_Div: 0.00000 + L_Morse: 7.08981
Epoch: 0 [3360/10000 (34%)] Unweighted L_s : L_Mnfld: 0.00426,  L_NonMnfld: 0.02293,  L_Nrml: 0.00000,  L_Eknl: 0.17606, L_Morse: 1.28548

Weights: [7000.0, 600.0, 0, 50.0, 0.0, 5.4823], lr=5.000e-05
Epoch: 0 [3370/10000 (34%)] Loss: 56.31277 = L_Mnfld: 27.55379 + L_NonMnfld: 13.44165 + L_Nrml: 0.00000 + L_Eknl: 8.53518 + L_Div: 0.00000 + L_Morse: 6.78214
Epoch: 0 [3370/10000 (34%)] Unweighted L_s : L_Mnfld: 0.00394,  L_NonMnfld: 0.02240,  L_Nrml: 0.00000,  L_Eknl: 0.17070, L_Morse: 1.23710

Weights: [7000.0, 600.0, 0, 50.0, 0.0, 5.4493], lr=5.000e-05
Epoch: 0 [3380/10000 (34%)] Loss: 50.26890 = L_Mnfld: 24.94760 + L_NonMnfld: 11.38038 + L_Nrml: 0.00000 + L_Eknl: 7.46670 + L_Div: 0.00000 + L_Morse: 6.47422
Epoch: 0 [3380/10000 (34%)] Unweighted L_s : L_Mnfld: 0.00356,  L_NonMnfld: 0.01897,  L_Nrml: 0.00000,  L_Eknl: 0.14933, L_Morse: 1.18808

Weights: [7000.0, 600.0, 0, 50.0, 0.0, 5.416300000000001], lr=5.000e-05
Epoch: 0 [3390/10000 (34%)] Loss: 52.37957 = L_Mnfld: 26.30647 + L_NonMnfld: 12.51914 + L_Nrml: 0.00000 + L_Eknl: 7.99497 + L_Div: 0.00000 + L_Morse: 5.55899
Epoch: 0 [3390/10000 (34%)] Unweighted L_s : L_Mnfld: 0.00376,  L_NonMnfld: 0.02087,  L_Nrml: 0.00000,  L_Eknl: 0.15990, L_Morse: 1.02634

Weights: [7000.0, 600.0, 0, 50.0, 0.0, 5.383300000000001], lr=5.000e-05
Epoch: 0 [3400/10000 (34%)] Loss: 49.67446 = L_Mnfld: 23.95665 + L_NonMnfld: 11.86778 + L_Nrml: 0.00000 + L_Eknl: 7.69785 + L_Div: 0.00000 + L_Morse: 6.15218
Epoch: 0 [3400/10000 (34%)] Unweighted L_s : L_Mnfld: 0.00342,  L_NonMnfld: 0.01978,  L_Nrml: 0.00000,  L_Eknl: 0.15396, L_Morse: 1.14283

Weights: [7000.0, 600.0, 0, 50.0, 0.0, 5.350300000000001], lr=5.000e-05
Epoch: 0 [3410/10000 (34%)] Loss: 46.91847 = L_Mnfld: 21.48684 + L_NonMnfld: 12.14419 + L_Nrml: 0.00000 + L_Eknl: 7.50586 + L_Div: 0.00000 + L_Morse: 5.78158
Epoch: 0 [3410/10000 (34%)] Unweighted L_s : L_Mnfld: 0.00307,  L_NonMnfld: 0.02024,  L_Nrml: 0.00000,  L_Eknl: 0.15012, L_Morse: 1.08061

Weights: [7000.0, 600.0, 0, 50.0, 0.0, 5.317300000000001], lr=5.000e-05
Epoch: 0 [3420/10000 (34%)] Loss: 50.53584 = L_Mnfld: 24.55023 + L_NonMnfld: 11.82347 + L_Nrml: 0.00000 + L_Eknl: 7.78234 + L_Div: 0.00000 + L_Morse: 6.37980
Epoch: 0 [3420/10000 (34%)] Unweighted L_s : L_Mnfld: 0.00351,  L_NonMnfld: 0.01971,  L_Nrml: 0.00000,  L_Eknl: 0.15565, L_Morse: 1.19982

Weights: [7000.0, 600.0, 0, 50.0, 0.0, 5.284300000000001], lr=5.000e-05
Epoch: 0 [3430/10000 (34%)] Loss: 44.37731 = L_Mnfld: 20.20984 + L_NonMnfld: 11.91180 + L_Nrml: 0.00000 + L_Eknl: 6.87066 + L_Div: 0.00000 + L_Morse: 5.38500
Epoch: 0 [3430/10000 (34%)] Unweighted L_s : L_Mnfld: 0.00289,  L_NonMnfld: 0.01985,  L_Nrml: 0.00000,  L_Eknl: 0.13741, L_Morse: 1.01906

Weights: [7000.0, 600.0, 0, 50.0, 0.0, 5.2513000000000005], lr=5.000e-05
Epoch: 0 [3440/10000 (34%)] Loss: 49.23471 = L_Mnfld: 24.64728 + L_NonMnfld: 12.12249 + L_Nrml: 0.00000 + L_Eknl: 6.89009 + L_Div: 0.00000 + L_Morse: 5.57486
Epoch: 0 [3440/10000 (34%)] Unweighted L_s : L_Mnfld: 0.00352,  L_NonMnfld: 0.02020,  L_Nrml: 0.00000,  L_Eknl: 0.13780, L_Morse: 1.06162

Weights: [7000.0, 600.0, 0, 50.0, 0.0, 5.218300000000001], lr=5.000e-05
Epoch: 0 [3450/10000 (34%)] Loss: 51.38234 = L_Mnfld: 25.17882 + L_NonMnfld: 13.06781 + L_Nrml: 0.00000 + L_Eknl: 7.54821 + L_Div: 0.00000 + L_Morse: 5.58751
Epoch: 0 [3450/10000 (34%)] Unweighted L_s : L_Mnfld: 0.00360,  L_NonMnfld: 0.02178,  L_Nrml: 0.00000,  L_Eknl: 0.15096, L_Morse: 1.07075

Weights: [7000.0, 600.0, 0, 50.0, 0.0, 5.185300000000001], lr=5.000e-05
Epoch: 0 [3460/10000 (35%)] Loss: 48.67968 = L_Mnfld: 23.54017 + L_NonMnfld: 12.41284 + L_Nrml: 0.00000 + L_Eknl: 7.27927 + L_Div: 0.00000 + L_Morse: 5.44740
Epoch: 0 [3460/10000 (35%)] Unweighted L_s : L_Mnfld: 0.00336,  L_NonMnfld: 0.02069,  L_Nrml: 0.00000,  L_Eknl: 0.14559, L_Morse: 1.05055

Weights: [7000.0, 600.0, 0, 50.0, 0.0, 5.1523], lr=5.000e-05
Epoch: 0 [3470/10000 (35%)] Loss: 47.76803 = L_Mnfld: 22.28556 + L_NonMnfld: 12.33566 + L_Nrml: 0.00000 + L_Eknl: 7.49154 + L_Div: 0.00000 + L_Morse: 5.65526
Epoch: 0 [3470/10000 (35%)] Unweighted L_s : L_Mnfld: 0.00318,  L_NonMnfld: 0.02056,  L_Nrml: 0.00000,  L_Eknl: 0.14983, L_Morse: 1.09762

Weights: [7000.0, 600.0, 0, 50.0, 0.0, 5.119300000000001], lr=5.000e-05
Epoch: 0 [3480/10000 (35%)] Loss: 51.30713 = L_Mnfld: 25.06282 + L_NonMnfld: 13.41373 + L_Nrml: 0.00000 + L_Eknl: 7.37289 + L_Div: 0.00000 + L_Morse: 5.45770
Epoch: 0 [3480/10000 (35%)] Unweighted L_s : L_Mnfld: 0.00358,  L_NonMnfld: 0.02236,  L_Nrml: 0.00000,  L_Eknl: 0.14746, L_Morse: 1.06610

Weights: [7000.0, 600.0, 0, 50.0, 0.0, 5.0863000000000005], lr=5.000e-05
Epoch: 0 [3490/10000 (35%)] Loss: 38.57216 = L_Mnfld: 14.31945 + L_NonMnfld: 12.36542 + L_Nrml: 0.00000 + L_Eknl: 6.72648 + L_Div: 0.00000 + L_Morse: 5.16081
Epoch: 0 [3490/10000 (35%)] Unweighted L_s : L_Mnfld: 0.00205,  L_NonMnfld: 0.02061,  L_Nrml: 0.00000,  L_Eknl: 0.13453, L_Morse: 1.01465

Weights: [7000.0, 600.0, 0, 50.0, 0.0, 5.0533], lr=5.000e-05
Epoch: 0 [3500/10000 (35%)] Loss: 35.76900 = L_Mnfld: 12.63307 + L_NonMnfld: 12.13822 + L_Nrml: 0.00000 + L_Eknl: 6.46656 + L_Div: 0.00000 + L_Morse: 4.53116
Epoch: 0 [3500/10000 (35%)] Unweighted L_s : L_Mnfld: 0.00180,  L_NonMnfld: 0.02023,  L_Nrml: 0.00000,  L_Eknl: 0.12933, L_Morse: 0.89667

Weights: [7000.0, 600.0, 0, 50.0, 0.0, 5.020300000000001], lr=5.000e-05
Epoch: 0 [3510/10000 (35%)] Loss: 35.32764 = L_Mnfld: 11.51011 + L_NonMnfld: 13.08157 + L_Nrml: 0.00000 + L_Eknl: 6.04053 + L_Div: 0.00000 + L_Morse: 4.69543
Epoch: 0 [3510/10000 (35%)] Unweighted L_s : L_Mnfld: 0.00164,  L_NonMnfld: 0.02180,  L_Nrml: 0.00000,  L_Eknl: 0.12081, L_Morse: 0.93529

Weights: [7000.0, 600.0, 0, 50.0, 0.0, 4.9873], lr=5.000e-05
Epoch: 0 [3520/10000 (35%)] Loss: 33.67704 = L_Mnfld: 10.84705 + L_NonMnfld: 12.73618 + L_Nrml: 0.00000 + L_Eknl: 5.86797 + L_Div: 0.00000 + L_Morse: 4.22583
Epoch: 0 [3520/10000 (35%)] Unweighted L_s : L_Mnfld: 0.00155,  L_NonMnfld: 0.02123,  L_Nrml: 0.00000,  L_Eknl: 0.11736, L_Morse: 0.84732

Weights: [7000.0, 600.0, 0, 50.0, 0.0, 4.9543], lr=5.000e-05
Epoch: 0 [3530/10000 (35%)] Loss: 30.15743 = L_Mnfld: 9.21774 + L_NonMnfld: 10.97331 + L_Nrml: 0.00000 + L_Eknl: 5.62007 + L_Div: 0.00000 + L_Morse: 4.34632
Epoch: 0 [3530/10000 (35%)] Unweighted L_s : L_Mnfld: 0.00132,  L_NonMnfld: 0.01829,  L_Nrml: 0.00000,  L_Eknl: 0.11240, L_Morse: 0.87728

Weights: [7000.0, 600.0, 0, 50.0, 0.0, 4.9213000000000005], lr=5.000e-05
Epoch: 0 [3540/10000 (35%)] Loss: 30.63391 = L_Mnfld: 8.97036 + L_NonMnfld: 11.73002 + L_Nrml: 0.00000 + L_Eknl: 5.59720 + L_Div: 0.00000 + L_Morse: 4.33634
Epoch: 0 [3540/10000 (35%)] Unweighted L_s : L_Mnfld: 0.00128,  L_NonMnfld: 0.01955,  L_Nrml: 0.00000,  L_Eknl: 0.11194, L_Morse: 0.88114

Weights: [7000.0, 600.0, 0, 50.0, 0.0, 4.8883], lr=5.000e-05
Epoch: 0 [3550/10000 (36%)] Loss: 31.00754 = L_Mnfld: 8.70140 + L_NonMnfld: 12.42686 + L_Nrml: 0.00000 + L_Eknl: 5.59149 + L_Div: 0.00000 + L_Morse: 4.28780
Epoch: 0 [3550/10000 (36%)] Unweighted L_s : L_Mnfld: 0.00124,  L_NonMnfld: 0.02071,  L_Nrml: 0.00000,  L_Eknl: 0.11183, L_Morse: 0.87715

Weights: [7000.0, 600.0, 0, 50.0, 0.0, 4.8553], lr=5.000e-05
Epoch: 0 [3560/10000 (36%)] Loss: 29.83460 = L_Mnfld: 7.44899 + L_NonMnfld: 12.75343 + L_Nrml: 0.00000 + L_Eknl: 5.39909 + L_Div: 0.00000 + L_Morse: 4.23309
Epoch: 0 [3560/10000 (36%)] Unweighted L_s : L_Mnfld: 0.00106,  L_NonMnfld: 0.02126,  L_Nrml: 0.00000,  L_Eknl: 0.10798, L_Morse: 0.87185

Weights: [7000.0, 600.0, 0, 50.0, 0.0, 4.8223], lr=5.000e-05
Epoch: 0 [3570/10000 (36%)] Loss: 29.50752 = L_Mnfld: 7.38517 + L_NonMnfld: 12.51712 + L_Nrml: 0.00000 + L_Eknl: 5.36927 + L_Div: 0.00000 + L_Morse: 4.23596
Epoch: 0 [3570/10000 (36%)] Unweighted L_s : L_Mnfld: 0.00106,  L_NonMnfld: 0.02086,  L_Nrml: 0.00000,  L_Eknl: 0.10739, L_Morse: 0.87841

Weights: [7000.0, 600.0, 0, 50.0, 0.0, 4.7893], lr=5.000e-05
Epoch: 0 [3580/10000 (36%)] Loss: 27.92454 = L_Mnfld: 7.43656 + L_NonMnfld: 11.00843 + L_Nrml: 0.00000 + L_Eknl: 5.30718 + L_Div: 0.00000 + L_Morse: 4.17237
Epoch: 0 [3580/10000 (36%)] Unweighted L_s : L_Mnfld: 0.00106,  L_NonMnfld: 0.01835,  L_Nrml: 0.00000,  L_Eknl: 0.10614, L_Morse: 0.87119

Weights: [7000.0, 600.0, 0, 50.0, 0.0, 4.7562999999999995], lr=5.000e-05
Epoch: 0 [3590/10000 (36%)] Loss: 30.00455 = L_Mnfld: 7.14048 + L_NonMnfld: 13.38675 + L_Nrml: 0.00000 + L_Eknl: 5.33015 + L_Div: 0.00000 + L_Morse: 4.14716
Epoch: 0 [3590/10000 (36%)] Unweighted L_s : L_Mnfld: 0.00102,  L_NonMnfld: 0.02231,  L_Nrml: 0.00000,  L_Eknl: 0.10660, L_Morse: 0.87193

Weights: [7000.0, 600.0, 0, 50.0, 0.0, 4.7233], lr=5.000e-05
Epoch: 0 [3600/10000 (36%)] Loss: 27.61674 = L_Mnfld: 6.70046 + L_NonMnfld: 11.70941 + L_Nrml: 0.00000 + L_Eknl: 5.13754 + L_Div: 0.00000 + L_Morse: 4.06933
Epoch: 0 [3600/10000 (36%)] Unweighted L_s : L_Mnfld: 0.00096,  L_NonMnfld: 0.01952,  L_Nrml: 0.00000,  L_Eknl: 0.10275, L_Morse: 0.86154

Weights: [7000.0, 600.0, 0, 50.0, 0.0, 4.690300000000001], lr=5.000e-05
Epoch: 0 [3610/10000 (36%)] Loss: 26.85909 = L_Mnfld: 6.51503 + L_NonMnfld: 10.81959 + L_Nrml: 0.00000 + L_Eknl: 5.30873 + L_Div: 0.00000 + L_Morse: 4.21575
Epoch: 0 [3610/10000 (36%)] Unweighted L_s : L_Mnfld: 0.00093,  L_NonMnfld: 0.01803,  L_Nrml: 0.00000,  L_Eknl: 0.10617, L_Morse: 0.89882

Weights: [7000.0, 600.0, 0, 50.0, 0.0, 4.6573], lr=5.000e-05
Epoch: 0 [3620/10000 (36%)] Loss: 28.32195 = L_Mnfld: 6.95002 + L_NonMnfld: 12.10603 + L_Nrml: 0.00000 + L_Eknl: 5.24519 + L_Div: 0.00000 + L_Morse: 4.02071
Epoch: 0 [3620/10000 (36%)] Unweighted L_s : L_Mnfld: 0.00099,  L_NonMnfld: 0.02018,  L_Nrml: 0.00000,  L_Eknl: 0.10490, L_Morse: 0.86331

Weights: [7000.0, 600.0, 0, 50.0, 0.0, 4.6243], lr=5.000e-05
Epoch: 0 [3630/10000 (36%)] Loss: 28.46665 = L_Mnfld: 6.56758 + L_NonMnfld: 12.46719 + L_Nrml: 0.00000 + L_Eknl: 5.25385 + L_Div: 0.00000 + L_Morse: 4.17803
Epoch: 0 [3630/10000 (36%)] Unweighted L_s : L_Mnfld: 0.00094,  L_NonMnfld: 0.02078,  L_Nrml: 0.00000,  L_Eknl: 0.10508, L_Morse: 0.90349

Weights: [7000.0, 600.0, 0, 50.0, 0.0, 4.5913], lr=5.000e-05
Epoch: 0 [3640/10000 (36%)] Loss: 27.44474 = L_Mnfld: 6.50664 + L_NonMnfld: 11.88608 + L_Nrml: 0.00000 + L_Eknl: 5.13118 + L_Div: 0.00000 + L_Morse: 3.92084
Epoch: 0 [3640/10000 (36%)] Unweighted L_s : L_Mnfld: 0.00093,  L_NonMnfld: 0.01981,  L_Nrml: 0.00000,  L_Eknl: 0.10262, L_Morse: 0.85397

Weights: [7000.0, 600.0, 0, 50.0, 0.0, 4.5583], lr=5.000e-05
Epoch: 0 [3650/10000 (36%)] Loss: 29.20124 = L_Mnfld: 6.66769 + L_NonMnfld: 13.23697 + L_Nrml: 0.00000 + L_Eknl: 5.31233 + L_Div: 0.00000 + L_Morse: 3.98425
Epoch: 0 [3650/10000 (36%)] Unweighted L_s : L_Mnfld: 0.00095,  L_NonMnfld: 0.02206,  L_Nrml: 0.00000,  L_Eknl: 0.10625, L_Morse: 0.87406

Weights: [7000.0, 600.0, 0, 50.0, 0.0, 4.5253], lr=5.000e-05
Epoch: 0 [3660/10000 (37%)] Loss: 28.36569 = L_Mnfld: 6.29369 + L_NonMnfld: 13.03407 + L_Nrml: 0.00000 + L_Eknl: 5.02333 + L_Div: 0.00000 + L_Morse: 4.01460
Epoch: 0 [3660/10000 (37%)] Unweighted L_s : L_Mnfld: 0.00090,  L_NonMnfld: 0.02172,  L_Nrml: 0.00000,  L_Eknl: 0.10047, L_Morse: 0.88715

Weights: [7000.0, 600.0, 0, 50.0, 0.0, 4.4923], lr=5.000e-05
Epoch: 0 [3670/10000 (37%)] Loss: 28.24361 = L_Mnfld: 6.28983 + L_NonMnfld: 12.54838 + L_Nrml: 0.00000 + L_Eknl: 5.14384 + L_Div: 0.00000 + L_Morse: 4.26156
Epoch: 0 [3670/10000 (37%)] Unweighted L_s : L_Mnfld: 0.00090,  L_NonMnfld: 0.02091,  L_Nrml: 0.00000,  L_Eknl: 0.10288, L_Morse: 0.94864

Weights: [7000.0, 600.0, 0, 50.0, 0.0, 4.4593], lr=5.000e-05
Epoch: 0 [3680/10000 (37%)] Loss: 27.60223 = L_Mnfld: 6.24811 + L_NonMnfld: 12.18596 + L_Nrml: 0.00000 + L_Eknl: 5.19155 + L_Div: 0.00000 + L_Morse: 3.97661
Epoch: 0 [3680/10000 (37%)] Unweighted L_s : L_Mnfld: 0.00089,  L_NonMnfld: 0.02031,  L_Nrml: 0.00000,  L_Eknl: 0.10383, L_Morse: 0.89176

Weights: [7000.0, 600.0, 0, 50.0, 0.0, 4.4262999999999995], lr=5.000e-05
Epoch: 0 [3690/10000 (37%)] Loss: 27.27303 = L_Mnfld: 6.28293 + L_NonMnfld: 12.06455 + L_Nrml: 0.00000 + L_Eknl: 5.12380 + L_Div: 0.00000 + L_Morse: 3.80174
Epoch: 0 [3690/10000 (37%)] Unweighted L_s : L_Mnfld: 0.00090,  L_NonMnfld: 0.02011,  L_Nrml: 0.00000,  L_Eknl: 0.10248, L_Morse: 0.85890

Weights: [7000.0, 600.0, 0, 50.0, 0.0, 4.3933], lr=5.000e-05
Epoch: 0 [3700/10000 (37%)] Loss: 26.55953 = L_Mnfld: 6.71491 + L_NonMnfld: 10.97556 + L_Nrml: 0.00000 + L_Eknl: 5.04066 + L_Div: 0.00000 + L_Morse: 3.82840
Epoch: 0 [3700/10000 (37%)] Unweighted L_s : L_Mnfld: 0.00096,  L_NonMnfld: 0.01829,  L_Nrml: 0.00000,  L_Eknl: 0.10081, L_Morse: 0.87142

Weights: [7000.0, 600.0, 0, 50.0, 0.0, 4.3603], lr=5.000e-05
Epoch: 0 [3710/10000 (37%)] Loss: 26.62469 = L_Mnfld: 6.35336 + L_NonMnfld: 11.51456 + L_Nrml: 0.00000 + L_Eknl: 5.07041 + L_Div: 0.00000 + L_Morse: 3.68637
Epoch: 0 [3710/10000 (37%)] Unweighted L_s : L_Mnfld: 0.00091,  L_NonMnfld: 0.01919,  L_Nrml: 0.00000,  L_Eknl: 0.10141, L_Morse: 0.84544

Weights: [7000.0, 600.0, 0, 50.0, 0.0, 4.327299999999999], lr=5.000e-05
Epoch: 0 [3720/10000 (37%)] Loss: 28.35814 = L_Mnfld: 7.23357 + L_NonMnfld: 12.36342 + L_Nrml: 0.00000 + L_Eknl: 4.95400 + L_Div: 0.00000 + L_Morse: 3.80715
Epoch: 0 [3720/10000 (37%)] Unweighted L_s : L_Mnfld: 0.00103,  L_NonMnfld: 0.02061,  L_Nrml: 0.00000,  L_Eknl: 0.09908, L_Morse: 0.87980

Weights: [7000.0, 600.0, 0, 50.0, 0.0, 4.2943], lr=5.000e-05
Epoch: 0 [3730/10000 (37%)] Loss: 27.44091 = L_Mnfld: 6.46758 + L_NonMnfld: 12.36453 + L_Nrml: 0.00000 + L_Eknl: 4.95764 + L_Div: 0.00000 + L_Morse: 3.65117
Epoch: 0 [3730/10000 (37%)] Unweighted L_s : L_Mnfld: 0.00092,  L_NonMnfld: 0.02061,  L_Nrml: 0.00000,  L_Eknl: 0.09915, L_Morse: 0.85024

Weights: [7000.0, 600.0, 0, 50.0, 0.0, 4.261299999999999], lr=5.000e-05
Epoch: 0 [3740/10000 (37%)] Loss: 27.91063 = L_Mnfld: 7.13100 + L_NonMnfld: 12.08474 + L_Nrml: 0.00000 + L_Eknl: 4.95735 + L_Div: 0.00000 + L_Morse: 3.73753
Epoch: 0 [3740/10000 (37%)] Unweighted L_s : L_Mnfld: 0.00102,  L_NonMnfld: 0.02014,  L_Nrml: 0.00000,  L_Eknl: 0.09915, L_Morse: 0.87709

Weights: [7000.0, 600.0, 0, 50.0, 0.0, 4.228299999999999], lr=5.000e-05
Epoch: 0 [3750/10000 (38%)] Loss: 26.74385 = L_Mnfld: 6.15688 + L_NonMnfld: 11.93230 + L_Nrml: 0.00000 + L_Eknl: 4.94457 + L_Div: 0.00000 + L_Morse: 3.71009
Epoch: 0 [3750/10000 (38%)] Unweighted L_s : L_Mnfld: 0.00088,  L_NonMnfld: 0.01989,  L_Nrml: 0.00000,  L_Eknl: 0.09889, L_Morse: 0.87744

Weights: [7000.0, 600.0, 0, 50.0, 0.0, 4.1953], lr=5.000e-05
Epoch: 0 [3760/10000 (38%)] Loss: 27.97481 = L_Mnfld: 6.66509 + L_NonMnfld: 12.78442 + L_Nrml: 0.00000 + L_Eknl: 4.82292 + L_Div: 0.00000 + L_Morse: 3.70238
Epoch: 0 [3760/10000 (38%)] Unweighted L_s : L_Mnfld: 0.00095,  L_NonMnfld: 0.02131,  L_Nrml: 0.00000,  L_Eknl: 0.09646, L_Morse: 0.88251

Weights: [7000.0, 600.0, 0, 50.0, 0.0, 4.162299999999999], lr=5.000e-05
Epoch: 0 [3770/10000 (38%)] Loss: 27.84833 = L_Mnfld: 6.31274 + L_NonMnfld: 13.01768 + L_Nrml: 0.00000 + L_Eknl: 4.90750 + L_Div: 0.00000 + L_Morse: 3.61041
Epoch: 0 [3770/10000 (38%)] Unweighted L_s : L_Mnfld: 0.00090,  L_NonMnfld: 0.02170,  L_Nrml: 0.00000,  L_Eknl: 0.09815, L_Morse: 0.86741

Weights: [7000.0, 600.0, 0, 50.0, 0.0, 4.129299999999999], lr=5.000e-05
Epoch: 0 [3780/10000 (38%)] Loss: 27.44249 = L_Mnfld: 6.37024 + L_NonMnfld: 12.57754 + L_Nrml: 0.00000 + L_Eknl: 4.83983 + L_Div: 0.00000 + L_Morse: 3.65488
Epoch: 0 [3780/10000 (38%)] Unweighted L_s : L_Mnfld: 0.00091,  L_NonMnfld: 0.02096,  L_Nrml: 0.00000,  L_Eknl: 0.09680, L_Morse: 0.88511

Weights: [7000.0, 600.0, 0, 50.0, 0.0, 4.096299999999999], lr=5.000e-05
Epoch: 0 [3790/10000 (38%)] Loss: 26.80217 = L_Mnfld: 6.06712 + L_NonMnfld: 12.29678 + L_Nrml: 0.00000 + L_Eknl: 4.83715 + L_Div: 0.00000 + L_Morse: 3.60111
Epoch: 0 [3790/10000 (38%)] Unweighted L_s : L_Mnfld: 0.00087,  L_NonMnfld: 0.02049,  L_Nrml: 0.00000,  L_Eknl: 0.09674, L_Morse: 0.87911

Weights: [7000.0, 600.0, 0, 50.0, 0.0, 4.063299999999999], lr=5.000e-05
Epoch: 0 [3800/10000 (38%)] Loss: 27.87643 = L_Mnfld: 6.74193 + L_NonMnfld: 12.57773 + L_Nrml: 0.00000 + L_Eknl: 4.88657 + L_Div: 0.00000 + L_Morse: 3.67021
Epoch: 0 [3800/10000 (38%)] Unweighted L_s : L_Mnfld: 0.00096,  L_NonMnfld: 0.02096,  L_Nrml: 0.00000,  L_Eknl: 0.09773, L_Morse: 0.90326

Weights: [7000.0, 600.0, 0, 50.0, 0.0, 4.030299999999999], lr=5.000e-05
Epoch: 0 [3810/10000 (38%)] Loss: 26.54105 = L_Mnfld: 5.88027 + L_NonMnfld: 12.52029 + L_Nrml: 0.00000 + L_Eknl: 4.71502 + L_Div: 0.00000 + L_Morse: 3.42547
Epoch: 0 [3810/10000 (38%)] Unweighted L_s : L_Mnfld: 0.00084,  L_NonMnfld: 0.02087,  L_Nrml: 0.00000,  L_Eknl: 0.09430, L_Morse: 0.84993

Weights: [7000.0, 600.0, 0, 50.0, 0.0, 3.9973], lr=5.000e-05
Epoch: 0 [3820/10000 (38%)] Loss: 26.46571 = L_Mnfld: 6.72265 + L_NonMnfld: 11.33703 + L_Nrml: 0.00000 + L_Eknl: 4.85123 + L_Div: 0.00000 + L_Morse: 3.55480
Epoch: 0 [3820/10000 (38%)] Unweighted L_s : L_Mnfld: 0.00096,  L_NonMnfld: 0.01890,  L_Nrml: 0.00000,  L_Eknl: 0.09702, L_Morse: 0.88930

Weights: [7000.0, 600.0, 0, 50.0, 0.0, 3.9642999999999997], lr=5.000e-05
Epoch: 0 [3830/10000 (38%)] Loss: 25.22271 = L_Mnfld: 5.66623 + L_NonMnfld: 11.43240 + L_Nrml: 0.00000 + L_Eknl: 4.67271 + L_Div: 0.00000 + L_Morse: 3.45137
Epoch: 0 [3830/10000 (38%)] Unweighted L_s : L_Mnfld: 0.00081,  L_NonMnfld: 0.01905,  L_Nrml: 0.00000,  L_Eknl: 0.09345, L_Morse: 0.87061

Weights: [7000.0, 600.0, 0, 50.0, 0.0, 3.9312999999999994], lr=5.000e-05
Epoch: 0 [3840/10000 (38%)] Loss: 27.02136 = L_Mnfld: 6.32288 + L_NonMnfld: 12.40979 + L_Nrml: 0.00000 + L_Eknl: 4.68996 + L_Div: 0.00000 + L_Morse: 3.59872
Epoch: 0 [3840/10000 (38%)] Unweighted L_s : L_Mnfld: 0.00090,  L_NonMnfld: 0.02068,  L_Nrml: 0.00000,  L_Eknl: 0.09380, L_Morse: 0.91540

Weights: [7000.0, 600.0, 0, 50.0, 0.0, 3.8983], lr=5.000e-05
Epoch: 0 [3850/10000 (38%)] Loss: 25.66307 = L_Mnfld: 6.07865 + L_NonMnfld: 11.25025 + L_Nrml: 0.00000 + L_Eknl: 4.73947 + L_Div: 0.00000 + L_Morse: 3.59470
Epoch: 0 [3850/10000 (38%)] Unweighted L_s : L_Mnfld: 0.00087,  L_NonMnfld: 0.01875,  L_Nrml: 0.00000,  L_Eknl: 0.09479, L_Morse: 0.92212

Weights: [7000.0, 600.0, 0, 50.0, 0.0, 3.8652999999999995], lr=5.000e-05
Epoch: 0 [3860/10000 (39%)] Loss: 27.24037 = L_Mnfld: 6.88437 + L_NonMnfld: 12.11359 + L_Nrml: 0.00000 + L_Eknl: 4.69386 + L_Div: 0.00000 + L_Morse: 3.54855
Epoch: 0 [3860/10000 (39%)] Unweighted L_s : L_Mnfld: 0.00098,  L_NonMnfld: 0.02019,  L_Nrml: 0.00000,  L_Eknl: 0.09388, L_Morse: 0.91805

Weights: [7000.0, 600.0, 0, 50.0, 0.0, 3.832299999999999], lr=5.000e-05
Epoch: 0 [3870/10000 (39%)] Loss: 26.42895 = L_Mnfld: 6.26630 + L_NonMnfld: 11.95792 + L_Nrml: 0.00000 + L_Eknl: 4.74124 + L_Div: 0.00000 + L_Morse: 3.46349
Epoch: 0 [3870/10000 (39%)] Unweighted L_s : L_Mnfld: 0.00090,  L_NonMnfld: 0.01993,  L_Nrml: 0.00000,  L_Eknl: 0.09482, L_Morse: 0.90376

Weights: [7000.0, 600.0, 0, 50.0, 0.0, 3.7992999999999997], lr=5.000e-05
Epoch: 0 [3880/10000 (39%)] Loss: 26.43596 = L_Mnfld: 6.38605 + L_NonMnfld: 11.77905 + L_Nrml: 0.00000 + L_Eknl: 4.73213 + L_Div: 0.00000 + L_Morse: 3.53873
Epoch: 0 [3880/10000 (39%)] Unweighted L_s : L_Mnfld: 0.00091,  L_NonMnfld: 0.01963,  L_Nrml: 0.00000,  L_Eknl: 0.09464, L_Morse: 0.93142

Weights: [7000.0, 600.0, 0, 50.0, 0.0, 3.7662999999999993], lr=5.000e-05
Epoch: 0 [3890/10000 (39%)] Loss: 26.14868 = L_Mnfld: 5.79071 + L_NonMnfld: 12.18952 + L_Nrml: 0.00000 + L_Eknl: 4.61375 + L_Div: 0.00000 + L_Morse: 3.55470
Epoch: 0 [3890/10000 (39%)] Unweighted L_s : L_Mnfld: 0.00083,  L_NonMnfld: 0.02032,  L_Nrml: 0.00000,  L_Eknl: 0.09227, L_Morse: 0.94382

Weights: [7000.0, 600.0, 0, 50.0, 0.0, 3.733299999999999], lr=5.000e-05
Epoch: 0 [3900/10000 (39%)] Loss: 26.73409 = L_Mnfld: 6.31764 + L_NonMnfld: 12.32625 + L_Nrml: 0.00000 + L_Eknl: 4.68487 + L_Div: 0.00000 + L_Morse: 3.40534
Epoch: 0 [3900/10000 (39%)] Unweighted L_s : L_Mnfld: 0.00090,  L_NonMnfld: 0.02054,  L_Nrml: 0.00000,  L_Eknl: 0.09370, L_Morse: 0.91215

Weights: [7000.0, 600.0, 0, 50.0, 0.0, 3.7002999999999995], lr=5.000e-05
Epoch: 0 [3910/10000 (39%)] Loss: 26.00566 = L_Mnfld: 5.88298 + L_NonMnfld: 12.22862 + L_Nrml: 0.00000 + L_Eknl: 4.67747 + L_Div: 0.00000 + L_Morse: 3.21659
Epoch: 0 [3910/10000 (39%)] Unweighted L_s : L_Mnfld: 0.00084,  L_NonMnfld: 0.02038,  L_Nrml: 0.00000,  L_Eknl: 0.09355, L_Morse: 0.86928

Weights: [7000.0, 600.0, 0, 50.0, 0.0, 3.667299999999999], lr=5.000e-05
Epoch: 0 [3920/10000 (39%)] Loss: 26.28353 = L_Mnfld: 6.25032 + L_NonMnfld: 11.81521 + L_Nrml: 0.00000 + L_Eknl: 4.74427 + L_Div: 0.00000 + L_Morse: 3.47373
Epoch: 0 [3920/10000 (39%)] Unweighted L_s : L_Mnfld: 0.00089,  L_NonMnfld: 0.01969,  L_Nrml: 0.00000,  L_Eknl: 0.09489, L_Morse: 0.94722

Weights: [7000.0, 600.0, 0, 50.0, 0.0, 3.6342999999999988], lr=5.000e-05
Epoch: 0 [3930/10000 (39%)] Loss: 26.67247 = L_Mnfld: 6.05540 + L_NonMnfld: 12.85189 + L_Nrml: 0.00000 + L_Eknl: 4.56747 + L_Div: 0.00000 + L_Morse: 3.19770
Epoch: 0 [3930/10000 (39%)] Unweighted L_s : L_Mnfld: 0.00087,  L_NonMnfld: 0.02142,  L_Nrml: 0.00000,  L_Eknl: 0.09135, L_Morse: 0.87987

Weights: [7000.0, 600.0, 0, 50.0, 0.0, 3.601300000000001], lr=5.000e-05
Epoch: 0 [3940/10000 (39%)] Loss: 26.84182 = L_Mnfld: 6.63403 + L_NonMnfld: 12.26200 + L_Nrml: 0.00000 + L_Eknl: 4.55499 + L_Div: 0.00000 + L_Morse: 3.39080
Epoch: 0 [3940/10000 (39%)] Unweighted L_s : L_Mnfld: 0.00095,  L_NonMnfld: 0.02044,  L_Nrml: 0.00000,  L_Eknl: 0.09110, L_Morse: 0.94155

Weights: [7000.0, 600.0, 0, 50.0, 0.0, 3.5683000000000007], lr=5.000e-05
Epoch: 0 [3950/10000 (40%)] Loss: 25.61232 = L_Mnfld: 5.90224 + L_NonMnfld: 12.09306 + L_Nrml: 0.00000 + L_Eknl: 4.50055 + L_Div: 0.00000 + L_Morse: 3.11648
Epoch: 0 [3950/10000 (40%)] Unweighted L_s : L_Mnfld: 0.00084,  L_NonMnfld: 0.02016,  L_Nrml: 0.00000,  L_Eknl: 0.09001, L_Morse: 0.87338

Weights: [7000.0, 600.0, 0, 50.0, 0.0, 3.535300000000001], lr=5.000e-05
Epoch: 0 [3960/10000 (40%)] Loss: 26.56798 = L_Mnfld: 6.10405 + L_NonMnfld: 12.76513 + L_Nrml: 0.00000 + L_Eknl: 4.43885 + L_Div: 0.00000 + L_Morse: 3.25995
Epoch: 0 [3960/10000 (40%)] Unweighted L_s : L_Mnfld: 0.00087,  L_NonMnfld: 0.02128,  L_Nrml: 0.00000,  L_Eknl: 0.08878, L_Morse: 0.92211

Weights: [7000.0, 600.0, 0, 50.0, 0.0, 3.502300000000001], lr=5.000e-05
Epoch: 0 [3970/10000 (40%)] Loss: 25.15067 = L_Mnfld: 5.61140 + L_NonMnfld: 11.85394 + L_Nrml: 0.00000 + L_Eknl: 4.53515 + L_Div: 0.00000 + L_Morse: 3.15018
Epoch: 0 [3970/10000 (40%)] Unweighted L_s : L_Mnfld: 0.00080,  L_NonMnfld: 0.01976,  L_Nrml: 0.00000,  L_Eknl: 0.09070, L_Morse: 0.89946

Weights: [7000.0, 600.0, 0, 50.0, 0.0, 3.4693000000000005], lr=5.000e-05
Epoch: 0 [3980/10000 (40%)] Loss: 26.38155 = L_Mnfld: 6.07470 + L_NonMnfld: 12.78321 + L_Nrml: 0.00000 + L_Eknl: 4.45149 + L_Div: 0.00000 + L_Morse: 3.07215
Epoch: 0 [3980/10000 (40%)] Unweighted L_s : L_Mnfld: 0.00087,  L_NonMnfld: 0.02131,  L_Nrml: 0.00000,  L_Eknl: 0.08903, L_Morse: 0.88552

Weights: [7000.0, 600.0, 0, 50.0, 0.0, 3.436300000000001], lr=5.000e-05
Epoch: 0 [3990/10000 (40%)] Loss: 26.50904 = L_Mnfld: 5.80676 + L_NonMnfld: 13.11304 + L_Nrml: 0.00000 + L_Eknl: 4.53014 + L_Div: 0.00000 + L_Morse: 3.05910
Epoch: 0 [3990/10000 (40%)] Unweighted L_s : L_Mnfld: 0.00083,  L_NonMnfld: 0.02186,  L_Nrml: 0.00000,  L_Eknl: 0.09060, L_Morse: 0.89023

Weights: [7000.0, 600.0, 0, 50.0, 0.0, 3.4033000000000007], lr=5.000e-05
Epoch: 0 [4000/10000 (40%)] Loss: 26.77051 = L_Mnfld: 6.22150 + L_NonMnfld: 13.00951 + L_Nrml: 0.00000 + L_Eknl: 4.52974 + L_Div: 0.00000 + L_Morse: 3.00977
Epoch: 0 [4000/10000 (40%)] Unweighted L_s : L_Mnfld: 0.00089,  L_NonMnfld: 0.02168,  L_Nrml: 0.00000,  L_Eknl: 0.09059, L_Morse: 0.88437

Weights: [7000.0, 600.0, 0, 50.0, 0.0, 3.3703000000000003], lr=5.000e-05
Epoch: 0 [4010/10000 (40%)] Loss: 25.45268 = L_Mnfld: 5.64140 + L_NonMnfld: 12.17433 + L_Nrml: 0.00000 + L_Eknl: 4.42792 + L_Div: 0.00000 + L_Morse: 3.20903
Epoch: 0 [4010/10000 (40%)] Unweighted L_s : L_Mnfld: 0.00081,  L_NonMnfld: 0.02029,  L_Nrml: 0.00000,  L_Eknl: 0.08856, L_Morse: 0.95215

Weights: [7000.0, 600.0, 0, 50.0, 0.0, 3.337300000000001], lr=5.000e-05
Epoch: 0 [4020/10000 (40%)] Loss: 25.39497 = L_Mnfld: 6.42874 + L_NonMnfld: 11.35718 + L_Nrml: 0.00000 + L_Eknl: 4.54283 + L_Div: 0.00000 + L_Morse: 3.06622
Epoch: 0 [4020/10000 (40%)] Unweighted L_s : L_Mnfld: 0.00092,  L_NonMnfld: 0.01893,  L_Nrml: 0.00000,  L_Eknl: 0.09086, L_Morse: 0.91877

Weights: [7000.0, 600.0, 0, 50.0, 0.0, 3.3043000000000005], lr=5.000e-05
Epoch: 0 [4030/10000 (40%)] Loss: 25.39376 = L_Mnfld: 6.06274 + L_NonMnfld: 11.86465 + L_Nrml: 0.00000 + L_Eknl: 4.47428 + L_Div: 0.00000 + L_Morse: 2.99209
Epoch: 0 [4030/10000 (40%)] Unweighted L_s : L_Mnfld: 0.00087,  L_NonMnfld: 0.01977,  L_Nrml: 0.00000,  L_Eknl: 0.08949, L_Morse: 0.90551

Weights: [7000.0, 600.0, 0, 50.0, 0.0, 3.2713], lr=5.000e-05
Epoch: 0 [4040/10000 (40%)] Loss: 26.68321 = L_Mnfld: 6.24741 + L_NonMnfld: 12.86575 + L_Nrml: 0.00000 + L_Eknl: 4.50379 + L_Div: 0.00000 + L_Morse: 3.06626
Epoch: 0 [4040/10000 (40%)] Unweighted L_s : L_Mnfld: 0.00089,  L_NonMnfld: 0.02144,  L_Nrml: 0.00000,  L_Eknl: 0.09008, L_Morse: 0.93732

Weights: [7000.0, 600.0, 0, 50.0, 0.0, 3.2383000000000006], lr=5.000e-05
Epoch: 0 [4050/10000 (40%)] Loss: 25.18009 = L_Mnfld: 5.79562 + L_NonMnfld: 12.01027 + L_Nrml: 0.00000 + L_Eknl: 4.40807 + L_Div: 0.00000 + L_Morse: 2.96613
Epoch: 0 [4050/10000 (40%)] Unweighted L_s : L_Mnfld: 0.00083,  L_NonMnfld: 0.02002,  L_Nrml: 0.00000,  L_Eknl: 0.08816, L_Morse: 0.91595

Weights: [7000.0, 600.0, 0, 50.0, 0.0, 3.2053000000000003], lr=5.000e-05
Epoch: 0 [4060/10000 (41%)] Loss: 23.77315 = L_Mnfld: 5.86310 + L_NonMnfld: 10.52527 + L_Nrml: 0.00000 + L_Eknl: 4.42002 + L_Div: 0.00000 + L_Morse: 2.96476
Epoch: 0 [4060/10000 (41%)] Unweighted L_s : L_Mnfld: 0.00084,  L_NonMnfld: 0.01754,  L_Nrml: 0.00000,  L_Eknl: 0.08840, L_Morse: 0.92496

Weights: [7000.0, 600.0, 0, 50.0, 0.0, 3.1723], lr=5.000e-05
Epoch: 0 [4070/10000 (41%)] Loss: 25.39780 = L_Mnfld: 5.94996 + L_NonMnfld: 12.06735 + L_Nrml: 0.00000 + L_Eknl: 4.36057 + L_Div: 0.00000 + L_Morse: 3.01992
Epoch: 0 [4070/10000 (41%)] Unweighted L_s : L_Mnfld: 0.00085,  L_NonMnfld: 0.02011,  L_Nrml: 0.00000,  L_Eknl: 0.08721, L_Morse: 0.95197

Weights: [7000.0, 600.0, 0, 50.0, 0.0, 3.1393000000000004], lr=5.000e-05
Epoch: 0 [4080/10000 (41%)] Loss: 24.93557 = L_Mnfld: 5.89327 + L_NonMnfld: 11.73600 + L_Nrml: 0.00000 + L_Eknl: 4.38015 + L_Div: 0.00000 + L_Morse: 2.92615
Epoch: 0 [4080/10000 (41%)] Unweighted L_s : L_Mnfld: 0.00084,  L_NonMnfld: 0.01956,  L_Nrml: 0.00000,  L_Eknl: 0.08760, L_Morse: 0.93210

Weights: [7000.0, 600.0, 0, 50.0, 0.0, 3.1063], lr=5.000e-05
Epoch: 0 [4090/10000 (41%)] Loss: 25.08752 = L_Mnfld: 5.55770 + L_NonMnfld: 12.10401 + L_Nrml: 0.00000 + L_Eknl: 4.41071 + L_Div: 0.00000 + L_Morse: 3.01510
Epoch: 0 [4090/10000 (41%)] Unweighted L_s : L_Mnfld: 0.00079,  L_NonMnfld: 0.02017,  L_Nrml: 0.00000,  L_Eknl: 0.08821, L_Morse: 0.97064

Weights: [7000.0, 600.0, 0, 50.0, 0.0, 3.0732999999999997], lr=5.000e-05
Epoch: 0 [4100/10000 (41%)] Loss: 25.38714 = L_Mnfld: 5.92013 + L_NonMnfld: 12.26281 + L_Nrml: 0.00000 + L_Eknl: 4.47605 + L_Div: 0.00000 + L_Morse: 2.72815
Epoch: 0 [4100/10000 (41%)] Unweighted L_s : L_Mnfld: 0.00085,  L_NonMnfld: 0.02044,  L_Nrml: 0.00000,  L_Eknl: 0.08952, L_Morse: 0.88770

Weights: [7000.0, 600.0, 0, 50.0, 0.0, 3.0403000000000002], lr=5.000e-05
Epoch: 0 [4110/10000 (41%)] Loss: 24.55715 = L_Mnfld: 5.70215 + L_NonMnfld: 11.80562 + L_Nrml: 0.00000 + L_Eknl: 4.31234 + L_Div: 0.00000 + L_Morse: 2.73703
Epoch: 0 [4110/10000 (41%)] Unweighted L_s : L_Mnfld: 0.00081,  L_NonMnfld: 0.01968,  L_Nrml: 0.00000,  L_Eknl: 0.08625, L_Morse: 0.90025

Weights: [7000.0, 600.0, 0, 50.0, 0.0, 3.0073], lr=5.000e-05
Epoch: 0 [4120/10000 (41%)] Loss: 26.98108 = L_Mnfld: 6.91689 + L_NonMnfld: 12.87119 + L_Nrml: 0.00000 + L_Eknl: 4.39374 + L_Div: 0.00000 + L_Morse: 2.79927
Epoch: 0 [4120/10000 (41%)] Unweighted L_s : L_Mnfld: 0.00099,  L_NonMnfld: 0.02145,  L_Nrml: 0.00000,  L_Eknl: 0.08787, L_Morse: 0.93082

Weights: [7000.0, 600.0, 0, 50.0, 0.0, 2.9742999999999995], lr=5.000e-05
Epoch: 0 [4130/10000 (41%)] Loss: 25.19335 = L_Mnfld: 5.90089 + L_NonMnfld: 12.22295 + L_Nrml: 0.00000 + L_Eknl: 4.17240 + L_Div: 0.00000 + L_Morse: 2.89711
Epoch: 0 [4130/10000 (41%)] Unweighted L_s : L_Mnfld: 0.00084,  L_NonMnfld: 0.02037,  L_Nrml: 0.00000,  L_Eknl: 0.08345, L_Morse: 0.97405

Weights: [7000.0, 600.0, 0, 50.0, 0.0, 2.9413], lr=5.000e-05
Epoch: 0 [4140/10000 (41%)] Loss: 24.97794 = L_Mnfld: 5.64503 + L_NonMnfld: 12.30989 + L_Nrml: 0.00000 + L_Eknl: 4.29000 + L_Div: 0.00000 + L_Morse: 2.73302
Epoch: 0 [4140/10000 (41%)] Unweighted L_s : L_Mnfld: 0.00081,  L_NonMnfld: 0.02052,  L_Nrml: 0.00000,  L_Eknl: 0.08580, L_Morse: 0.92919

Weights: [7000.0, 600.0, 0, 50.0, 0.0, 2.9082999999999997], lr=5.000e-05
Epoch: 0 [4150/10000 (42%)] Loss: 25.64074 = L_Mnfld: 6.11348 + L_NonMnfld: 12.44061 + L_Nrml: 0.00000 + L_Eknl: 4.28471 + L_Div: 0.00000 + L_Morse: 2.80193
Epoch: 0 [4150/10000 (42%)] Unweighted L_s : L_Mnfld: 0.00087,  L_NonMnfld: 0.02073,  L_Nrml: 0.00000,  L_Eknl: 0.08569, L_Morse: 0.96343

Weights: [7000.0, 600.0, 0, 50.0, 0.0, 2.8752999999999993], lr=5.000e-05
Epoch: 0 [4160/10000 (42%)] Loss: 25.98934 = L_Mnfld: 6.66968 + L_NonMnfld: 12.44904 + L_Nrml: 0.00000 + L_Eknl: 4.14750 + L_Div: 0.00000 + L_Morse: 2.72312
Epoch: 0 [4160/10000 (42%)] Unweighted L_s : L_Mnfld: 0.00095,  L_NonMnfld: 0.02075,  L_Nrml: 0.00000,  L_Eknl: 0.08295, L_Morse: 0.94707

Weights: [7000.0, 600.0, 0, 50.0, 0.0, 2.8423], lr=5.000e-05
Epoch: 0 [4170/10000 (42%)] Loss: 25.03967 = L_Mnfld: 6.16156 + L_NonMnfld: 12.02819 + L_Nrml: 0.00000 + L_Eknl: 4.23475 + L_Div: 0.00000 + L_Morse: 2.61517
Epoch: 0 [4170/10000 (42%)] Unweighted L_s : L_Mnfld: 0.00088,  L_NonMnfld: 0.02005,  L_Nrml: 0.00000,  L_Eknl: 0.08469, L_Morse: 0.92009

Weights: [7000.0, 600.0, 0, 50.0, 0.0, 2.8092999999999995], lr=5.000e-05
Epoch: 0 [4180/10000 (42%)] Loss: 26.34729 = L_Mnfld: 6.42881 + L_NonMnfld: 12.77836 + L_Nrml: 0.00000 + L_Eknl: 4.29892 + L_Div: 0.00000 + L_Morse: 2.84119
Epoch: 0 [4180/10000 (42%)] Unweighted L_s : L_Mnfld: 0.00092,  L_NonMnfld: 0.02130,  L_Nrml: 0.00000,  L_Eknl: 0.08598, L_Morse: 1.01135

Weights: [7000.0, 600.0, 0, 50.0, 0.0, 2.776299999999999], lr=5.000e-05
Epoch: 0 [4190/10000 (42%)] Loss: 24.75511 = L_Mnfld: 5.68778 + L_NonMnfld: 12.19152 + L_Nrml: 0.00000 + L_Eknl: 4.22023 + L_Div: 0.00000 + L_Morse: 2.65557
Epoch: 0 [4190/10000 (42%)] Unweighted L_s : L_Mnfld: 0.00081,  L_NonMnfld: 0.02032,  L_Nrml: 0.00000,  L_Eknl: 0.08440, L_Morse: 0.95651

Weights: [7000.0, 600.0, 0, 50.0, 0.0, 2.7432999999999996], lr=5.000e-05
Epoch: 0 [4200/10000 (42%)] Loss: 23.87828 = L_Mnfld: 6.04921 + L_NonMnfld: 11.07486 + L_Nrml: 0.00000 + L_Eknl: 4.07049 + L_Div: 0.00000 + L_Morse: 2.68372
Epoch: 0 [4200/10000 (42%)] Unweighted L_s : L_Mnfld: 0.00086,  L_NonMnfld: 0.01846,  L_Nrml: 0.00000,  L_Eknl: 0.08141, L_Morse: 0.97828

Weights: [7000.0, 600.0, 0, 50.0, 0.0, 2.7102999999999993], lr=5.000e-05
Epoch: 0 [4210/10000 (42%)] Loss: 24.68016 = L_Mnfld: 5.80651 + L_NonMnfld: 11.89702 + L_Nrml: 0.00000 + L_Eknl: 4.30073 + L_Div: 0.00000 + L_Morse: 2.67589
Epoch: 0 [4210/10000 (42%)] Unweighted L_s : L_Mnfld: 0.00083,  L_NonMnfld: 0.01983,  L_Nrml: 0.00000,  L_Eknl: 0.08601, L_Morse: 0.98730

Weights: [7000.0, 600.0, 0, 50.0, 0.0, 2.677299999999999], lr=5.000e-05
Epoch: 0 [4220/10000 (42%)] Loss: 25.02523 = L_Mnfld: 6.23851 + L_NonMnfld: 11.86150 + L_Nrml: 0.00000 + L_Eknl: 4.27814 + L_Div: 0.00000 + L_Morse: 2.64707
Epoch: 0 [4220/10000 (42%)] Unweighted L_s : L_Mnfld: 0.00089,  L_NonMnfld: 0.01977,  L_Nrml: 0.00000,  L_Eknl: 0.08556, L_Morse: 0.98871

Weights: [7000.0, 600.0, 0, 50.0, 0.0, 2.6442999999999994], lr=5.000e-05
Epoch: 0 [4230/10000 (42%)] Loss: 25.59339 = L_Mnfld: 5.75556 + L_NonMnfld: 13.21205 + L_Nrml: 0.00000 + L_Eknl: 4.06263 + L_Div: 0.00000 + L_Morse: 2.56315
Epoch: 0 [4230/10000 (42%)] Unweighted L_s : L_Mnfld: 0.00082,  L_NonMnfld: 0.02202,  L_Nrml: 0.00000,  L_Eknl: 0.08125, L_Morse: 0.96931

Weights: [7000.0, 600.0, 0, 50.0, 0.0, 2.611300000000001], lr=5.000e-05
Epoch: 0 [4240/10000 (42%)] Loss: 24.58811 = L_Mnfld: 6.24907 + L_NonMnfld: 11.68429 + L_Nrml: 0.00000 + L_Eknl: 4.13458 + L_Div: 0.00000 + L_Morse: 2.52017
Epoch: 0 [4240/10000 (42%)] Unweighted L_s : L_Mnfld: 0.00089,  L_NonMnfld: 0.01947,  L_Nrml: 0.00000,  L_Eknl: 0.08269, L_Morse: 0.96510

Weights: [7000.0, 600.0, 0, 50.0, 0.0, 2.5783000000000005], lr=5.000e-05
Epoch: 0 [4250/10000 (42%)] Loss: 24.16162 = L_Mnfld: 5.75149 + L_NonMnfld: 11.70195 + L_Nrml: 0.00000 + L_Eknl: 4.14617 + L_Div: 0.00000 + L_Morse: 2.56201
Epoch: 0 [4250/10000 (42%)] Unweighted L_s : L_Mnfld: 0.00082,  L_NonMnfld: 0.01950,  L_Nrml: 0.00000,  L_Eknl: 0.08292, L_Morse: 0.99368

Weights: [7000.0, 600.0, 0, 50.0, 0.0, 2.5453], lr=5.000e-05
Epoch: 0 [4260/10000 (43%)] Loss: 25.40852 = L_Mnfld: 6.39844 + L_NonMnfld: 12.28083 + L_Nrml: 0.00000 + L_Eknl: 4.33018 + L_Div: 0.00000 + L_Morse: 2.39906
Epoch: 0 [4260/10000 (43%)] Unweighted L_s : L_Mnfld: 0.00091,  L_NonMnfld: 0.02047,  L_Nrml: 0.00000,  L_Eknl: 0.08660, L_Morse: 0.94255

Weights: [7000.0, 600.0, 0, 50.0, 0.0, 2.5123000000000006], lr=5.000e-05
Epoch: 0 [4270/10000 (43%)] Loss: 25.35220 = L_Mnfld: 6.22036 + L_NonMnfld: 12.55585 + L_Nrml: 0.00000 + L_Eknl: 4.10210 + L_Div: 0.00000 + L_Morse: 2.47390
Epoch: 0 [4270/10000 (43%)] Unweighted L_s : L_Mnfld: 0.00089,  L_NonMnfld: 0.02093,  L_Nrml: 0.00000,  L_Eknl: 0.08204, L_Morse: 0.98471

Weights: [7000.0, 600.0, 0, 50.0, 0.0, 2.4793000000000003], lr=5.000e-05
Epoch: 0 [4280/10000 (43%)] Loss: 25.77330 = L_Mnfld: 6.79134 + L_NonMnfld: 12.47367 + L_Nrml: 0.00000 + L_Eknl: 4.14852 + L_Div: 0.00000 + L_Morse: 2.35976
Epoch: 0 [4280/10000 (43%)] Unweighted L_s : L_Mnfld: 0.00097,  L_NonMnfld: 0.02079,  L_Nrml: 0.00000,  L_Eknl: 0.08297, L_Morse: 0.95179

Weights: [7000.0, 600.0, 0, 50.0, 0.0, 2.4463], lr=5.000e-05
Epoch: 0 [4290/10000 (43%)] Loss: 24.23027 = L_Mnfld: 6.73656 + L_NonMnfld: 11.01739 + L_Nrml: 0.00000 + L_Eknl: 4.12328 + L_Div: 0.00000 + L_Morse: 2.35303
Epoch: 0 [4290/10000 (43%)] Unweighted L_s : L_Mnfld: 0.00096,  L_NonMnfld: 0.01836,  L_Nrml: 0.00000,  L_Eknl: 0.08247, L_Morse: 0.96187

Weights: [7000.0, 600.0, 0, 50.0, 0.0, 2.4133000000000004], lr=5.000e-05
Epoch: 0 [4300/10000 (43%)] Loss: 25.19912 = L_Mnfld: 6.74752 + L_NonMnfld: 11.91618 + L_Nrml: 0.00000 + L_Eknl: 4.07285 + L_Div: 0.00000 + L_Morse: 2.46258
Epoch: 0 [4300/10000 (43%)] Unweighted L_s : L_Mnfld: 0.00096,  L_NonMnfld: 0.01986,  L_Nrml: 0.00000,  L_Eknl: 0.08146, L_Morse: 1.02042

Weights: [7000.0, 600.0, 0, 50.0, 0.0, 2.3803], lr=5.000e-05
Epoch: 0 [4310/10000 (43%)] Loss: 23.38069 = L_Mnfld: 5.87903 + L_NonMnfld: 11.39455 + L_Nrml: 0.00000 + L_Eknl: 3.90115 + L_Div: 0.00000 + L_Morse: 2.20596
Epoch: 0 [4310/10000 (43%)] Unweighted L_s : L_Mnfld: 0.00084,  L_NonMnfld: 0.01899,  L_Nrml: 0.00000,  L_Eknl: 0.07802, L_Morse: 0.92676

Weights: [7000.0, 600.0, 0, 50.0, 0.0, 2.3472999999999997], lr=5.000e-05
Epoch: 0 [4320/10000 (43%)] Loss: 25.76753 = L_Mnfld: 6.25028 + L_NonMnfld: 13.06497 + L_Nrml: 0.00000 + L_Eknl: 4.02473 + L_Div: 0.00000 + L_Morse: 2.42755
Epoch: 0 [4320/10000 (43%)] Unweighted L_s : L_Mnfld: 0.00089,  L_NonMnfld: 0.02177,  L_Nrml: 0.00000,  L_Eknl: 0.08049, L_Morse: 1.03419

Weights: [7000.0, 600.0, 0, 50.0, 0.0, 2.3143000000000002], lr=5.000e-05
Epoch: 0 [4330/10000 (43%)] Loss: 25.33815 = L_Mnfld: 6.00276 + L_NonMnfld: 12.95546 + L_Nrml: 0.00000 + L_Eknl: 3.98886 + L_Div: 0.00000 + L_Morse: 2.39107
Epoch: 0 [4330/10000 (43%)] Unweighted L_s : L_Mnfld: 0.00086,  L_NonMnfld: 0.02159,  L_Nrml: 0.00000,  L_Eknl: 0.07978, L_Morse: 1.03317

Weights: [7000.0, 600.0, 0, 50.0, 0.0, 2.2813], lr=5.000e-05
Epoch: 0 [4340/10000 (43%)] Loss: 23.47285 = L_Mnfld: 6.32270 + L_NonMnfld: 10.59577 + L_Nrml: 0.00000 + L_Eknl: 4.11932 + L_Div: 0.00000 + L_Morse: 2.43506
Epoch: 0 [4340/10000 (43%)] Unweighted L_s : L_Mnfld: 0.00090,  L_NonMnfld: 0.01766,  L_Nrml: 0.00000,  L_Eknl: 0.08239, L_Morse: 1.06740

Weights: [7000.0, 600.0, 0, 50.0, 0.0, 2.2482999999999995], lr=5.000e-05
Epoch: 0 [4350/10000 (44%)] Loss: 24.05669 = L_Mnfld: 6.21522 + L_NonMnfld: 11.73288 + L_Nrml: 0.00000 + L_Eknl: 3.89821 + L_Div: 0.00000 + L_Morse: 2.21038
Epoch: 0 [4350/10000 (44%)] Unweighted L_s : L_Mnfld: 0.00089,  L_NonMnfld: 0.01955,  L_Nrml: 0.00000,  L_Eknl: 0.07796, L_Morse: 0.98313

Weights: [7000.0, 600.0, 0, 50.0, 0.0, 2.2153], lr=5.000e-05
Epoch: 0 [4360/10000 (44%)] Loss: 25.58706 = L_Mnfld: 6.71067 + L_NonMnfld: 12.46437 + L_Nrml: 0.00000 + L_Eknl: 4.15100 + L_Div: 0.00000 + L_Morse: 2.26102
Epoch: 0 [4360/10000 (44%)] Unweighted L_s : L_Mnfld: 0.00096,  L_NonMnfld: 0.02077,  L_Nrml: 0.00000,  L_Eknl: 0.08302, L_Morse: 1.02064

Weights: [7000.0, 600.0, 0, 50.0, 0.0, 2.1822999999999997], lr=5.000e-05
Epoch: 0 [4370/10000 (44%)] Loss: 26.01355 = L_Mnfld: 6.48477 + L_NonMnfld: 13.28947 + L_Nrml: 0.00000 + L_Eknl: 4.00103 + L_Div: 0.00000 + L_Morse: 2.23828
Epoch: 0 [4370/10000 (44%)] Unweighted L_s : L_Mnfld: 0.00093,  L_NonMnfld: 0.02215,  L_Nrml: 0.00000,  L_Eknl: 0.08002, L_Morse: 1.02565

Weights: [7000.0, 600.0, 0, 50.0, 0.0, 2.1492999999999993], lr=5.000e-05
Epoch: 0 [4380/10000 (44%)] Loss: 24.71136 = L_Mnfld: 6.05072 + L_NonMnfld: 12.58476 + L_Nrml: 0.00000 + L_Eknl: 3.91615 + L_Div: 0.00000 + L_Morse: 2.15972
Epoch: 0 [4380/10000 (44%)] Unweighted L_s : L_Mnfld: 0.00086,  L_NonMnfld: 0.02097,  L_Nrml: 0.00000,  L_Eknl: 0.07832, L_Morse: 1.00485

Weights: [7000.0, 600.0, 0, 50.0, 0.0, 2.1163], lr=5.000e-05
Epoch: 0 [4390/10000 (44%)] Loss: 23.83097 = L_Mnfld: 5.72310 + L_NonMnfld: 11.89446 + L_Nrml: 0.00000 + L_Eknl: 3.96420 + L_Div: 0.00000 + L_Morse: 2.24921
Epoch: 0 [4390/10000 (44%)] Unweighted L_s : L_Mnfld: 0.00082,  L_NonMnfld: 0.01982,  L_Nrml: 0.00000,  L_Eknl: 0.07928, L_Morse: 1.06280

Weights: [7000.0, 600.0, 0, 50.0, 0.0, 2.0832999999999995], lr=5.000e-05
Epoch: 0 [4400/10000 (44%)] Loss: 24.47657 = L_Mnfld: 6.26053 + L_NonMnfld: 12.07927 + L_Nrml: 0.00000 + L_Eknl: 4.05344 + L_Div: 0.00000 + L_Morse: 2.08332
Epoch: 0 [4400/10000 (44%)] Unweighted L_s : L_Mnfld: 0.00089,  L_NonMnfld: 0.02013,  L_Nrml: 0.00000,  L_Eknl: 0.08107, L_Morse: 1.00001

Weights: [7000.0, 600.0, 0, 50.0, 0.0, 2.050299999999999], lr=5.000e-05
Epoch: 0 [4410/10000 (44%)] Loss: 24.50118 = L_Mnfld: 6.35932 + L_NonMnfld: 12.25637 + L_Nrml: 0.00000 + L_Eknl: 3.86435 + L_Div: 0.00000 + L_Morse: 2.02114
Epoch: 0 [4410/10000 (44%)] Unweighted L_s : L_Mnfld: 0.00091,  L_NonMnfld: 0.02043,  L_Nrml: 0.00000,  L_Eknl: 0.07729, L_Morse: 0.98578

Weights: [7000.0, 600.0, 0, 50.0, 0.0, 2.0172999999999996], lr=5.000e-05
Epoch: 0 [4420/10000 (44%)] Loss: 23.47236 = L_Mnfld: 5.91295 + L_NonMnfld: 11.55124 + L_Nrml: 0.00000 + L_Eknl: 3.83978 + L_Div: 0.00000 + L_Morse: 2.16839
Epoch: 0 [4420/10000 (44%)] Unweighted L_s : L_Mnfld: 0.00084,  L_NonMnfld: 0.01925,  L_Nrml: 0.00000,  L_Eknl: 0.07680, L_Morse: 1.07490

Weights: [7000.0, 600.0, 0, 50.0, 0.0, 1.9842999999999993], lr=5.000e-05
Epoch: 0 [4430/10000 (44%)] Loss: 24.10305 = L_Mnfld: 5.68813 + L_NonMnfld: 12.51852 + L_Nrml: 0.00000 + L_Eknl: 3.80848 + L_Div: 0.00000 + L_Morse: 2.08792
Epoch: 0 [4430/10000 (44%)] Unweighted L_s : L_Mnfld: 0.00081,  L_NonMnfld: 0.02086,  L_Nrml: 0.00000,  L_Eknl: 0.07617, L_Morse: 1.05222

Weights: [7000.0, 600.0, 0, 50.0, 0.0, 1.9512999999999998], lr=5.000e-05
Epoch: 0 [4440/10000 (44%)] Loss: 24.96158 = L_Mnfld: 6.17199 + L_NonMnfld: 12.78474 + L_Nrml: 0.00000 + L_Eknl: 3.91219 + L_Div: 0.00000 + L_Morse: 2.09266
Epoch: 0 [4440/10000 (44%)] Unweighted L_s : L_Mnfld: 0.00088,  L_NonMnfld: 0.02131,  L_Nrml: 0.00000,  L_Eknl: 0.07824, L_Morse: 1.07245

Weights: [7000.0, 600.0, 0, 50.0, 0.0, 1.9182999999999986], lr=5.000e-05
Epoch: 0 [4450/10000 (44%)] Loss: 24.40080 = L_Mnfld: 6.41781 + L_NonMnfld: 12.03887 + L_Nrml: 0.00000 + L_Eknl: 3.89926 + L_Div: 0.00000 + L_Morse: 2.04486
Epoch: 0 [4450/10000 (44%)] Unweighted L_s : L_Mnfld: 0.00092,  L_NonMnfld: 0.02006,  L_Nrml: 0.00000,  L_Eknl: 0.07799, L_Morse: 1.06598

Weights: [7000.0, 600.0, 0, 50.0, 0.0, 1.885299999999999], lr=5.000e-05
Epoch: 0 [4460/10000 (45%)] Loss: 24.67462 = L_Mnfld: 6.16905 + L_NonMnfld: 12.70667 + L_Nrml: 0.00000 + L_Eknl: 3.74536 + L_Div: 0.00000 + L_Morse: 2.05355
Epoch: 0 [4460/10000 (45%)] Unweighted L_s : L_Mnfld: 0.00088,  L_NonMnfld: 0.02118,  L_Nrml: 0.00000,  L_Eknl: 0.07491, L_Morse: 1.08924

Weights: [7000.0, 600.0, 0, 50.0, 0.0, 1.8522999999999996], lr=5.000e-05
Epoch: 0 [4470/10000 (45%)] Loss: 23.61399 = L_Mnfld: 5.53965 + L_NonMnfld: 12.32349 + L_Nrml: 0.00000 + L_Eknl: 3.82559 + L_Div: 0.00000 + L_Morse: 1.92526
Epoch: 0 [4470/10000 (45%)] Unweighted L_s : L_Mnfld: 0.00079,  L_NonMnfld: 0.02054,  L_Nrml: 0.00000,  L_Eknl: 0.07651, L_Morse: 1.03939

Weights: [7000.0, 600.0, 0, 50.0, 0.0, 1.8192999999999984], lr=5.000e-05
Epoch: 0 [4480/10000 (45%)] Loss: 24.88271 = L_Mnfld: 6.50904 + L_NonMnfld: 12.46011 + L_Nrml: 0.00000 + L_Eknl: 3.92910 + L_Div: 0.00000 + L_Morse: 1.98446
Epoch: 0 [4480/10000 (45%)] Unweighted L_s : L_Mnfld: 0.00093,  L_NonMnfld: 0.02077,  L_Nrml: 0.00000,  L_Eknl: 0.07858, L_Morse: 1.09078

Weights: [7000.0, 600.0, 0, 50.0, 0.0, 1.7862999999999989], lr=5.000e-05
Epoch: 0 [4490/10000 (45%)] Loss: 24.50082 = L_Mnfld: 6.36028 + L_NonMnfld: 12.52499 + L_Nrml: 0.00000 + L_Eknl: 3.80241 + L_Div: 0.00000 + L_Morse: 1.81314
Epoch: 0 [4490/10000 (45%)] Unweighted L_s : L_Mnfld: 0.00091,  L_NonMnfld: 0.02087,  L_Nrml: 0.00000,  L_Eknl: 0.07605, L_Morse: 1.01503

Weights: [7000.0, 600.0, 0, 50.0, 0.0, 1.7532999999999994], lr=5.000e-05
Epoch: 0 [4500/10000 (45%)] Loss: 25.09375 = L_Mnfld: 6.96639 + L_NonMnfld: 12.51786 + L_Nrml: 0.00000 + L_Eknl: 3.79756 + L_Div: 0.00000 + L_Morse: 1.81194
Epoch: 0 [4500/10000 (45%)] Unweighted L_s : L_Mnfld: 0.00100,  L_NonMnfld: 0.02086,  L_Nrml: 0.00000,  L_Eknl: 0.07595, L_Morse: 1.03345

Weights: [7000.0, 600.0, 0, 50.0, 0.0, 1.7202999999999982], lr=5.000e-05
Epoch: 0 [4510/10000 (45%)] Loss: 24.23170 = L_Mnfld: 5.80469 + L_NonMnfld: 12.78399 + L_Nrml: 0.00000 + L_Eknl: 3.85460 + L_Div: 0.00000 + L_Morse: 1.78843
Epoch: 0 [4510/10000 (45%)] Unweighted L_s : L_Mnfld: 0.00083,  L_NonMnfld: 0.02131,  L_Nrml: 0.00000,  L_Eknl: 0.07709, L_Morse: 1.03960

Weights: [7000.0, 600.0, 0, 50.0, 0.0, 1.6872999999999987], lr=5.000e-05
Epoch: 0 [4520/10000 (45%)] Loss: 22.82604 = L_Mnfld: 5.79349 + L_NonMnfld: 11.15655 + L_Nrml: 0.00000 + L_Eknl: 3.94906 + L_Div: 0.00000 + L_Morse: 1.92693
Epoch: 0 [4520/10000 (45%)] Unweighted L_s : L_Mnfld: 0.00083,  L_NonMnfld: 0.01859,  L_Nrml: 0.00000,  L_Eknl: 0.07898, L_Morse: 1.14202

Weights: [7000.0, 600.0, 0, 50.0, 0.0, 1.6542999999999992], lr=5.000e-05
Epoch: 0 [4530/10000 (45%)] Loss: 23.85835 = L_Mnfld: 6.44189 + L_NonMnfld: 11.80217 + L_Nrml: 0.00000 + L_Eknl: 3.79852 + L_Div: 0.00000 + L_Morse: 1.81576
Epoch: 0 [4530/10000 (45%)] Unweighted L_s : L_Mnfld: 0.00092,  L_NonMnfld: 0.01967,  L_Nrml: 0.00000,  L_Eknl: 0.07597, L_Morse: 1.09760

Weights: [7000.0, 600.0, 0, 50.0, 0.0, 1.621299999999998], lr=5.000e-05
Epoch: 0 [4540/10000 (45%)] Loss: 26.64244 = L_Mnfld: 8.48524 + L_NonMnfld: 12.47872 + L_Nrml: 0.00000 + L_Eknl: 3.83373 + L_Div: 0.00000 + L_Morse: 1.84474
Epoch: 0 [4540/10000 (45%)] Unweighted L_s : L_Mnfld: 0.00121,  L_NonMnfld: 0.02080,  L_Nrml: 0.00000,  L_Eknl: 0.07667, L_Morse: 1.13782

Weights: [7000.0, 600.0, 0, 50.0, 0.0, 1.5882999999999985], lr=5.000e-05
Epoch: 0 [4550/10000 (46%)] Loss: 27.50428 = L_Mnfld: 9.35703 + L_NonMnfld: 12.00588 + L_Nrml: 0.00000 + L_Eknl: 4.37367 + L_Div: 0.00000 + L_Morse: 1.76770
Epoch: 0 [4550/10000 (46%)] Unweighted L_s : L_Mnfld: 0.00134,  L_NonMnfld: 0.02001,  L_Nrml: 0.00000,  L_Eknl: 0.08747, L_Morse: 1.11295

Weights: [7000.0, 600.0, 0, 50.0, 0.0, 1.555299999999999], lr=5.000e-05
Epoch: 0 [4560/10000 (46%)] Loss: 25.08515 = L_Mnfld: 8.05330 + L_NonMnfld: 11.46244 + L_Nrml: 0.00000 + L_Eknl: 3.80884 + L_Div: 0.00000 + L_Morse: 1.76056
Epoch: 0 [4560/10000 (46%)] Unweighted L_s : L_Mnfld: 0.00115,  L_NonMnfld: 0.01910,  L_Nrml: 0.00000,  L_Eknl: 0.07618, L_Morse: 1.13198

Weights: [7000.0, 600.0, 0, 50.0, 0.0, 1.5223000000000013], lr=5.000e-05
Epoch: 0 [4570/10000 (46%)] Loss: 24.80301 = L_Mnfld: 7.58154 + L_NonMnfld: 11.74148 + L_Nrml: 0.00000 + L_Eknl: 3.76383 + L_Div: 0.00000 + L_Morse: 1.71616
Epoch: 0 [4570/10000 (46%)] Unweighted L_s : L_Mnfld: 0.00108,  L_NonMnfld: 0.01957,  L_Nrml: 0.00000,  L_Eknl: 0.07528, L_Morse: 1.12735

Weights: [7000.0, 600.0, 0, 50.0, 0.0, 1.4893000000000018], lr=5.000e-05
Epoch: 0 [4580/10000 (46%)] Loss: 25.05196 = L_Mnfld: 6.98995 + L_NonMnfld: 12.59375 + L_Nrml: 0.00000 + L_Eknl: 3.74875 + L_Div: 0.00000 + L_Morse: 1.71951
Epoch: 0 [4580/10000 (46%)] Unweighted L_s : L_Mnfld: 0.00100,  L_NonMnfld: 0.02099,  L_Nrml: 0.00000,  L_Eknl: 0.07498, L_Morse: 1.15458

Weights: [7000.0, 600.0, 0, 50.0, 0.0, 1.4563000000000006], lr=5.000e-05
Epoch: 0 [4590/10000 (46%)] Loss: 24.18234 = L_Mnfld: 6.85035 + L_NonMnfld: 11.93241 + L_Nrml: 0.00000 + L_Eknl: 3.70000 + L_Div: 0.00000 + L_Morse: 1.69959
Epoch: 0 [4590/10000 (46%)] Unweighted L_s : L_Mnfld: 0.00098,  L_NonMnfld: 0.01989,  L_Nrml: 0.00000,  L_Eknl: 0.07400, L_Morse: 1.16706

Weights: [7000.0, 600.0, 0, 50.0, 0.0, 1.4233000000000011], lr=5.000e-05
Epoch: 0 [4600/10000 (46%)] Loss: 23.71984 = L_Mnfld: 6.62572 + L_NonMnfld: 11.77687 + L_Nrml: 0.00000 + L_Eknl: 3.66256 + L_Div: 0.00000 + L_Morse: 1.65470
Epoch: 0 [4600/10000 (46%)] Unweighted L_s : L_Mnfld: 0.00095,  L_NonMnfld: 0.01963,  L_Nrml: 0.00000,  L_Eknl: 0.07325, L_Morse: 1.16258

Weights: [7000.0, 600.0, 0, 50.0, 0.0, 1.3903000000000016], lr=5.000e-05
Epoch: 0 [4610/10000 (46%)] Loss: 24.28448 = L_Mnfld: 6.07106 + L_NonMnfld: 13.19793 + L_Nrml: 0.00000 + L_Eknl: 3.49802 + L_Div: 0.00000 + L_Morse: 1.51746
Epoch: 0 [4610/10000 (46%)] Unweighted L_s : L_Mnfld: 0.00087,  L_NonMnfld: 0.02200,  L_Nrml: 0.00000,  L_Eknl: 0.06996, L_Morse: 1.09146

Weights: [7000.0, 600.0, 0, 50.0, 0.0, 1.3573000000000004], lr=5.000e-05
Epoch: 0 [4620/10000 (46%)] Loss: 23.71177 = L_Mnfld: 6.15891 + L_NonMnfld: 12.16752 + L_Nrml: 0.00000 + L_Eknl: 3.79881 + L_Div: 0.00000 + L_Morse: 1.58655
Epoch: 0 [4620/10000 (46%)] Unweighted L_s : L_Mnfld: 0.00088,  L_NonMnfld: 0.02028,  L_Nrml: 0.00000,  L_Eknl: 0.07598, L_Morse: 1.16890

Weights: [7000.0, 600.0, 0, 50.0, 0.0, 1.324300000000001], lr=5.000e-05
Epoch: 0 [4630/10000 (46%)] Loss: 22.96386 = L_Mnfld: 5.96387 + L_NonMnfld: 11.79197 + L_Nrml: 0.00000 + L_Eknl: 3.68755 + L_Div: 0.00000 + L_Morse: 1.52047
Epoch: 0 [4630/10000 (46%)] Unweighted L_s : L_Mnfld: 0.00085,  L_NonMnfld: 0.01965,  L_Nrml: 0.00000,  L_Eknl: 0.07375, L_Morse: 1.14813

Weights: [7000.0, 600.0, 0, 50.0, 0.0, 1.2913000000000014], lr=5.000e-05
Epoch: 0 [4640/10000 (46%)] Loss: 23.38062 = L_Mnfld: 6.41404 + L_NonMnfld: 11.56816 + L_Nrml: 0.00000 + L_Eknl: 3.87979 + L_Div: 0.00000 + L_Morse: 1.51863
Epoch: 0 [4640/10000 (46%)] Unweighted L_s : L_Mnfld: 0.00092,  L_NonMnfld: 0.01928,  L_Nrml: 0.00000,  L_Eknl: 0.07760, L_Morse: 1.17605

Weights: [7000.0, 600.0, 0, 50.0, 0.0, 1.2583000000000002], lr=5.000e-05
Epoch: 0 [4650/10000 (46%)] Loss: 23.90853 = L_Mnfld: 6.68488 + L_NonMnfld: 12.05400 + L_Nrml: 0.00000 + L_Eknl: 3.77308 + L_Div: 0.00000 + L_Morse: 1.39657
Epoch: 0 [4650/10000 (46%)] Unweighted L_s : L_Mnfld: 0.00095,  L_NonMnfld: 0.02009,  L_Nrml: 0.00000,  L_Eknl: 0.07546, L_Morse: 1.10989

Weights: [7000.0, 600.0, 0, 50.0, 0.0, 1.2253000000000007], lr=5.000e-05
Epoch: 0 [4660/10000 (47%)] Loss: 24.29619 = L_Mnfld: 7.46899 + L_NonMnfld: 11.42596 + L_Nrml: 0.00000 + L_Eknl: 4.00221 + L_Div: 0.00000 + L_Morse: 1.39902
Epoch: 0 [4660/10000 (47%)] Unweighted L_s : L_Mnfld: 0.00107,  L_NonMnfld: 0.01904,  L_Nrml: 0.00000,  L_Eknl: 0.08004, L_Morse: 1.14178

Weights: [7000.0, 600.0, 0, 50.0, 0.0, 1.1923000000000012], lr=5.000e-05
Epoch: 0 [4670/10000 (47%)] Loss: 25.17709 = L_Mnfld: 7.73879 + L_NonMnfld: 12.42086 + L_Nrml: 0.00000 + L_Eknl: 3.66540 + L_Div: 0.00000 + L_Morse: 1.35204
Epoch: 0 [4670/10000 (47%)] Unweighted L_s : L_Mnfld: 0.00111,  L_NonMnfld: 0.02070,  L_Nrml: 0.00000,  L_Eknl: 0.07331, L_Morse: 1.13398

Weights: [7000.0, 600.0, 0, 50.0, 0.0, 1.1593], lr=5.000e-05
Epoch: 0 [4680/10000 (47%)] Loss: 23.72654 = L_Mnfld: 6.71977 + L_NonMnfld: 12.21683 + L_Nrml: 0.00000 + L_Eknl: 3.47236 + L_Div: 0.00000 + L_Morse: 1.31758
Epoch: 0 [4680/10000 (47%)] Unweighted L_s : L_Mnfld: 0.00096,  L_NonMnfld: 0.02036,  L_Nrml: 0.00000,  L_Eknl: 0.06945, L_Morse: 1.13653

Weights: [7000.0, 600.0, 0, 50.0, 0.0, 1.1263000000000005], lr=5.000e-05
Epoch: 0 [4690/10000 (47%)] Loss: 23.03224 = L_Mnfld: 5.90287 + L_NonMnfld: 12.20956 + L_Nrml: 0.00000 + L_Eknl: 3.62633 + L_Div: 0.00000 + L_Morse: 1.29348
Epoch: 0 [4690/10000 (47%)] Unweighted L_s : L_Mnfld: 0.00084,  L_NonMnfld: 0.02035,  L_Nrml: 0.00000,  L_Eknl: 0.07253, L_Morse: 1.14843

Weights: [7000.0, 600.0, 0, 50.0, 0.0, 1.093300000000001], lr=5.000e-05
Epoch: 0 [4700/10000 (47%)] Loss: 24.58748 = L_Mnfld: 7.00284 + L_NonMnfld: 12.48732 + L_Nrml: 0.00000 + L_Eknl: 3.78379 + L_Div: 0.00000 + L_Morse: 1.31354
Epoch: 0 [4700/10000 (47%)] Unweighted L_s : L_Mnfld: 0.00100,  L_NonMnfld: 0.02081,  L_Nrml: 0.00000,  L_Eknl: 0.07568, L_Morse: 1.20144

Weights: [7000.0, 600.0, 0, 50.0, 0.0, 1.0602999999999998], lr=5.000e-05
Epoch: 0 [4710/10000 (47%)] Loss: 23.88999 = L_Mnfld: 7.68054 + L_NonMnfld: 11.42060 + L_Nrml: 0.00000 + L_Eknl: 3.53399 + L_Div: 0.00000 + L_Morse: 1.25486
Epoch: 0 [4710/10000 (47%)] Unweighted L_s : L_Mnfld: 0.00110,  L_NonMnfld: 0.01903,  L_Nrml: 0.00000,  L_Eknl: 0.07068, L_Morse: 1.18350

Weights: [7000.0, 600.0, 0, 50.0, 0.0, 1.0273000000000003], lr=5.000e-05
Epoch: 0 [4720/10000 (47%)] Loss: 25.72945 = L_Mnfld: 7.78015 + L_NonMnfld: 12.99609 + L_Nrml: 0.00000 + L_Eknl: 3.68078 + L_Div: 0.00000 + L_Morse: 1.27243
Epoch: 0 [4720/10000 (47%)] Unweighted L_s : L_Mnfld: 0.00111,  L_NonMnfld: 0.02166,  L_Nrml: 0.00000,  L_Eknl: 0.07362, L_Morse: 1.23861

Weights: [7000.0, 600.0, 0, 50.0, 0.0, 0.9943000000000008], lr=5.000e-05
Epoch: 0 [4730/10000 (47%)] Loss: 22.45892 = L_Mnfld: 6.83376 + L_NonMnfld: 10.86102 + L_Nrml: 0.00000 + L_Eknl: 3.60136 + L_Div: 0.00000 + L_Morse: 1.16277
Epoch: 0 [4730/10000 (47%)] Unweighted L_s : L_Mnfld: 0.00098,  L_NonMnfld: 0.01810,  L_Nrml: 0.00000,  L_Eknl: 0.07203, L_Morse: 1.16943

Weights: [7000.0, 600.0, 0, 50.0, 0.0, 0.9612999999999996], lr=5.000e-05
Epoch: 0 [4740/10000 (47%)] Loss: 23.33805 = L_Mnfld: 6.35477 + L_NonMnfld: 12.37912 + L_Nrml: 0.00000 + L_Eknl: 3.51942 + L_Div: 0.00000 + L_Morse: 1.08475
Epoch: 0 [4740/10000 (47%)] Unweighted L_s : L_Mnfld: 0.00091,  L_NonMnfld: 0.02063,  L_Nrml: 0.00000,  L_Eknl: 0.07039, L_Morse: 1.12841

Weights: [7000.0, 600.0, 0, 50.0, 0.0, 0.9283000000000001], lr=5.000e-05
Epoch: 0 [4750/10000 (48%)] Loss: 22.82354 = L_Mnfld: 5.70553 + L_NonMnfld: 12.50269 + L_Nrml: 0.00000 + L_Eknl: 3.53121 + L_Div: 0.00000 + L_Morse: 1.08410
Epoch: 0 [4750/10000 (48%)] Unweighted L_s : L_Mnfld: 0.00082,  L_NonMnfld: 0.02084,  L_Nrml: 0.00000,  L_Eknl: 0.07062, L_Morse: 1.16784

Weights: [7000.0, 600.0, 0, 50.0, 0.0, 0.8953000000000007], lr=5.000e-05
Epoch: 0 [4760/10000 (48%)] Loss: 22.14884 = L_Mnfld: 6.68360 + L_NonMnfld: 10.83038 + L_Nrml: 0.00000 + L_Eknl: 3.59694 + L_Div: 0.00000 + L_Morse: 1.03792
Epoch: 0 [4760/10000 (48%)] Unweighted L_s : L_Mnfld: 0.00095,  L_NonMnfld: 0.01805,  L_Nrml: 0.00000,  L_Eknl: 0.07194, L_Morse: 1.15929

Weights: [7000.0, 600.0, 0, 50.0, 0.0, 0.8622999999999994], lr=5.000e-05
Epoch: 0 [4770/10000 (48%)] Loss: 23.39324 = L_Mnfld: 7.00963 + L_NonMnfld: 11.84826 + L_Nrml: 0.00000 + L_Eknl: 3.49389 + L_Div: 0.00000 + L_Morse: 1.04146
Epoch: 0 [4770/10000 (48%)] Unweighted L_s : L_Mnfld: 0.00100,  L_NonMnfld: 0.01975,  L_Nrml: 0.00000,  L_Eknl: 0.06988, L_Morse: 1.20777

Weights: [7000.0, 600.0, 0, 50.0, 0.0, 0.8292999999999999], lr=5.000e-05
Epoch: 0 [4780/10000 (48%)] Loss: 23.09331 = L_Mnfld: 7.68731 + L_NonMnfld: 10.97345 + L_Nrml: 0.00000 + L_Eknl: 3.46619 + L_Div: 0.00000 + L_Morse: 0.96636
Epoch: 0 [4780/10000 (48%)] Unweighted L_s : L_Mnfld: 0.00110,  L_NonMnfld: 0.01829,  L_Nrml: 0.00000,  L_Eknl: 0.06932, L_Morse: 1.16527

Weights: [7000.0, 600.0, 0, 50.0, 0.0, 0.7963000000000005], lr=5.000e-05
Epoch: 0 [4790/10000 (48%)] Loss: 24.20369 = L_Mnfld: 7.20650 + L_NonMnfld: 12.48536 + L_Nrml: 0.00000 + L_Eknl: 3.55323 + L_Div: 0.00000 + L_Morse: 0.95860
Epoch: 0 [4790/10000 (48%)] Unweighted L_s : L_Mnfld: 0.00103,  L_NonMnfld: 0.02081,  L_Nrml: 0.00000,  L_Eknl: 0.07106, L_Morse: 1.20382

Weights: [7000.0, 600.0, 0, 50.0, 0.0, 0.7632999999999992], lr=5.000e-05
Epoch: 0 [4800/10000 (48%)] Loss: 23.26578 = L_Mnfld: 7.09659 + L_NonMnfld: 11.81347 + L_Nrml: 0.00000 + L_Eknl: 3.42127 + L_Div: 0.00000 + L_Morse: 0.93445
Epoch: 0 [4800/10000 (48%)] Unweighted L_s : L_Mnfld: 0.00101,  L_NonMnfld: 0.01969,  L_Nrml: 0.00000,  L_Eknl: 0.06843, L_Morse: 1.22422

Weights: [7000.0, 600.0, 0, 50.0, 0.0, 0.7302999999999997], lr=5.000e-05
Epoch: 0 [4810/10000 (48%)] Loss: 23.81932 = L_Mnfld: 6.94060 + L_NonMnfld: 12.12416 + L_Nrml: 0.00000 + L_Eknl: 3.88020 + L_Div: 0.00000 + L_Morse: 0.87436
Epoch: 0 [4810/10000 (48%)] Unweighted L_s : L_Mnfld: 0.00099,  L_NonMnfld: 0.02021,  L_Nrml: 0.00000,  L_Eknl: 0.07760, L_Morse: 1.19727

Weights: [7000.0, 600.0, 0, 50.0, 0.0, 0.6973000000000003], lr=5.000e-05
Epoch: 0 [4820/10000 (48%)] Loss: 23.51340 = L_Mnfld: 7.28296 + L_NonMnfld: 11.98377 + L_Nrml: 0.00000 + L_Eknl: 3.39456 + L_Div: 0.00000 + L_Morse: 0.85211
Epoch: 0 [4820/10000 (48%)] Unweighted L_s : L_Mnfld: 0.00104,  L_NonMnfld: 0.01997,  L_Nrml: 0.00000,  L_Eknl: 0.06789, L_Morse: 1.22201

Weights: [7000.0, 600.0, 0, 50.0, 0.0, 0.664299999999999], lr=5.000e-05
Epoch: 0 [4830/10000 (48%)] Loss: 24.02238 = L_Mnfld: 6.76126 + L_NonMnfld: 12.88249 + L_Nrml: 0.00000 + L_Eknl: 3.57163 + L_Div: 0.00000 + L_Morse: 0.80700
Epoch: 0 [4830/10000 (48%)] Unweighted L_s : L_Mnfld: 0.00097,  L_NonMnfld: 0.02147,  L_Nrml: 0.00000,  L_Eknl: 0.07143, L_Morse: 1.21481

Weights: [7000.0, 600.0, 0, 50.0, 0.0, 0.6312999999999995], lr=5.000e-05
Epoch: 0 [4840/10000 (48%)] Loss: 23.51739 = L_Mnfld: 6.64421 + L_NonMnfld: 12.71986 + L_Nrml: 0.00000 + L_Eknl: 3.34508 + L_Div: 0.00000 + L_Morse: 0.80824
Epoch: 0 [4840/10000 (48%)] Unweighted L_s : L_Mnfld: 0.00095,  L_NonMnfld: 0.02120,  L_Nrml: 0.00000,  L_Eknl: 0.06690, L_Morse: 1.28027

Weights: [7000.0, 600.0, 0, 50.0, 0.0, 0.5983], lr=5.000e-05
Epoch: 0 [4850/10000 (48%)] Loss: 22.41307 = L_Mnfld: 6.17305 + L_NonMnfld: 11.99264 + L_Nrml: 0.00000 + L_Eknl: 3.51886 + L_Div: 0.00000 + L_Morse: 0.72852
Epoch: 0 [4850/10000 (48%)] Unweighted L_s : L_Mnfld: 0.00088,  L_NonMnfld: 0.01999,  L_Nrml: 0.00000,  L_Eknl: 0.07038, L_Morse: 1.21765

Weights: [7000.0, 600.0, 0, 50.0, 0.0, 0.5652999999999988], lr=5.000e-05
Epoch: 0 [4860/10000 (49%)] Loss: 20.90515 = L_Mnfld: 5.83005 + L_NonMnfld: 10.97704 + L_Nrml: 0.00000 + L_Eknl: 3.34568 + L_Div: 0.00000 + L_Morse: 0.75238
Epoch: 0 [4860/10000 (49%)] Unweighted L_s : L_Mnfld: 0.00083,  L_NonMnfld: 0.01830,  L_Nrml: 0.00000,  L_Eknl: 0.06691, L_Morse: 1.33093

Weights: [7000.0, 600.0, 0, 50.0, 0.0, 0.5322999999999993], lr=5.000e-05
Epoch: 0 [4870/10000 (49%)] Loss: 21.50746 = L_Mnfld: 5.96088 + L_NonMnfld: 11.54872 + L_Nrml: 0.00000 + L_Eknl: 3.30152 + L_Div: 0.00000 + L_Morse: 0.69633
Epoch: 0 [4870/10000 (49%)] Unweighted L_s : L_Mnfld: 0.00085,  L_NonMnfld: 0.01925,  L_Nrml: 0.00000,  L_Eknl: 0.06603, L_Morse: 1.30816

Weights: [7000.0, 600.0, 0, 50.0, 0.0, 0.49929999999999986], lr=5.000e-05
Epoch: 0 [4880/10000 (49%)] Loss: 22.73723 = L_Mnfld: 6.33269 + L_NonMnfld: 12.16256 + L_Nrml: 0.00000 + L_Eknl: 3.55626 + L_Div: 0.00000 + L_Morse: 0.68572
Epoch: 0 [4880/10000 (49%)] Unweighted L_s : L_Mnfld: 0.00090,  L_NonMnfld: 0.02027,  L_Nrml: 0.00000,  L_Eknl: 0.07113, L_Morse: 1.37337

Weights: [7000.0, 600.0, 0, 50.0, 0.0, 0.4662999999999986], lr=5.000e-05
Epoch: 0 [4890/10000 (49%)] Loss: 24.05765 = L_Mnfld: 7.32702 + L_NonMnfld: 12.60951 + L_Nrml: 0.00000 + L_Eknl: 3.46919 + L_Div: 0.00000 + L_Morse: 0.65193
Epoch: 0 [4890/10000 (49%)] Unweighted L_s : L_Mnfld: 0.00105,  L_NonMnfld: 0.02102,  L_Nrml: 0.00000,  L_Eknl: 0.06938, L_Morse: 1.39809

Weights: [7000.0, 600.0, 0, 50.0, 0.0, 0.43329999999999913], lr=5.000e-05
Epoch: 0 [4900/10000 (49%)] Loss: 23.70515 = L_Mnfld: 7.44687 + L_NonMnfld: 11.81139 + L_Nrml: 0.00000 + L_Eknl: 3.85324 + L_Div: 0.00000 + L_Morse: 0.59365
Epoch: 0 [4900/10000 (49%)] Unweighted L_s : L_Mnfld: 0.00106,  L_NonMnfld: 0.01969,  L_Nrml: 0.00000,  L_Eknl: 0.07706, L_Morse: 1.37007

Weights: [7000.0, 600.0, 0, 50.0, 0.0, 0.40029999999999966], lr=5.000e-05
Epoch: 0 [4910/10000 (49%)] Loss: 22.65168 = L_Mnfld: 7.20721 + L_NonMnfld: 11.66879 + L_Nrml: 0.00000 + L_Eknl: 3.25850 + L_Div: 0.00000 + L_Morse: 0.51717
Epoch: 0 [4910/10000 (49%)] Unweighted L_s : L_Mnfld: 0.00103,  L_NonMnfld: 0.01945,  L_Nrml: 0.00000,  L_Eknl: 0.06517, L_Morse: 1.29196

Weights: [7000.0, 600.0, 0, 50.0, 0.0, 0.3672999999999984], lr=5.000e-05
Epoch: 0 [4920/10000 (49%)] Loss: 23.24419 = L_Mnfld: 6.70314 + L_NonMnfld: 12.78548 + L_Nrml: 0.00000 + L_Eknl: 3.25845 + L_Div: 0.00000 + L_Morse: 0.49712
Epoch: 0 [4920/10000 (49%)] Unweighted L_s : L_Mnfld: 0.00096,  L_NonMnfld: 0.02131,  L_Nrml: 0.00000,  L_Eknl: 0.06517, L_Morse: 1.35345

Weights: [7000.0, 600.0, 0, 50.0, 0.0, 0.33429999999999893], lr=5.000e-05
Epoch: 0 [4930/10000 (49%)] Loss: 22.01320 = L_Mnfld: 6.97966 + L_NonMnfld: 11.31550 + L_Nrml: 0.00000 + L_Eknl: 3.25808 + L_Div: 0.00000 + L_Morse: 0.45996
Epoch: 0 [4930/10000 (49%)] Unweighted L_s : L_Mnfld: 0.00100,  L_NonMnfld: 0.01886,  L_Nrml: 0.00000,  L_Eknl: 0.06516, L_Morse: 1.37588

Weights: [7000.0, 600.0, 0, 50.0, 0.0, 0.30129999999999946], lr=5.000e-05
Epoch: 0 [4940/10000 (49%)] Loss: 21.22314 = L_Mnfld: 6.46506 + L_NonMnfld: 11.05148 + L_Nrml: 0.00000 + L_Eknl: 3.29204 + L_Div: 0.00000 + L_Morse: 0.41456
Epoch: 0 [4940/10000 (49%)] Unweighted L_s : L_Mnfld: 0.00092,  L_NonMnfld: 0.01842,  L_Nrml: 0.00000,  L_Eknl: 0.06584, L_Morse: 1.37589

Weights: [7000.0, 600.0, 0, 50.0, 0.0, 0.2682999999999982], lr=5.000e-05
Epoch: 0 [4950/10000 (50%)] Loss: 22.39590 = L_Mnfld: 6.24491 + L_NonMnfld: 12.50615 + L_Nrml: 0.00000 + L_Eknl: 3.28653 + L_Div: 0.00000 + L_Morse: 0.35831
Epoch: 0 [4950/10000 (50%)] Unweighted L_s : L_Mnfld: 0.00089,  L_NonMnfld: 0.02084,  L_Nrml: 0.00000,  L_Eknl: 0.06573, L_Morse: 1.33548

Weights: [7000.0, 600.0, 0, 50.0, 0.0, 0.2353000000000005], lr=5.000e-05
Epoch: 0 [4960/10000 (50%)] Loss: 21.23530 = L_Mnfld: 6.46423 + L_NonMnfld: 11.07913 + L_Nrml: 0.00000 + L_Eknl: 3.35870 + L_Div: 0.00000 + L_Morse: 0.33323
Epoch: 0 [4960/10000 (50%)] Unweighted L_s : L_Mnfld: 0.00092,  L_NonMnfld: 0.01847,  L_Nrml: 0.00000,  L_Eknl: 0.06717, L_Morse: 1.41619

Weights: [7000.0, 600.0, 0, 50.0, 0.0, 0.20229999999999926], lr=5.000e-05
Epoch: 0 [4970/10000 (50%)] Loss: 21.18243 = L_Mnfld: 6.26554 + L_NonMnfld: 11.49503 + L_Nrml: 0.00000 + L_Eknl: 3.14323 + L_Div: 0.00000 + L_Morse: 0.27862
Epoch: 0 [4970/10000 (50%)] Unweighted L_s : L_Mnfld: 0.00090,  L_NonMnfld: 0.01916,  L_Nrml: 0.00000,  L_Eknl: 0.06286, L_Morse: 1.37726

Weights: [7000.0, 600.0, 0, 50.0, 0.0, 0.16929999999999978], lr=5.000e-05
Epoch: 0 [4980/10000 (50%)] Loss: 22.76821 = L_Mnfld: 7.24694 + L_NonMnfld: 12.12915 + L_Nrml: 0.00000 + L_Eknl: 3.14971 + L_Div: 0.00000 + L_Morse: 0.24241
Epoch: 0 [4980/10000 (50%)] Unweighted L_s : L_Mnfld: 0.00104,  L_NonMnfld: 0.02022,  L_Nrml: 0.00000,  L_Eknl: 0.06299, L_Morse: 1.43186

Weights: [7000.0, 600.0, 0, 50.0, 0.0, 0.1363000000000003], lr=5.000e-05
Epoch: 0 [4990/10000 (50%)] Loss: 22.42506 = L_Mnfld: 6.76381 + L_NonMnfld: 11.98242 + L_Nrml: 0.00000 + L_Eknl: 3.48796 + L_Div: 0.00000 + L_Morse: 0.19088
Epoch: 0 [4990/10000 (50%)] Unweighted L_s : L_Mnfld: 0.00097,  L_NonMnfld: 0.01997,  L_Nrml: 0.00000,  L_Eknl: 0.06976, L_Morse: 1.40042

Weights: [7000.0, 600.0, 0, 50.0, 0.0, 0.10329999999999906], lr=5.000e-05
Epoch: 0 [5000/10000 (50%)] Loss: 22.25153 = L_Mnfld: 6.72779 + L_NonMnfld: 12.11558 + L_Nrml: 0.00000 + L_Eknl: 3.25113 + L_Div: 0.00000 + L_Morse: 0.15703
Epoch: 0 [5000/10000 (50%)] Unweighted L_s : L_Mnfld: 0.00096,  L_NonMnfld: 0.02019,  L_Nrml: 0.00000,  L_Eknl: 0.06502, L_Morse: 1.52010

Weights: [7000.0, 600.0, 0, 50.0, 0.0, 0.1], lr=5.000e-05
Epoch: 0 [5010/10000 (50%)] Loss: 21.35543 = L_Mnfld: 5.50933 + L_NonMnfld: 12.29341 + L_Nrml: 0.00000 + L_Eknl: 3.40957 + L_Div: 0.00000 + L_Morse: 0.14312
Epoch: 0 [5010/10000 (50%)] Unweighted L_s : L_Mnfld: 0.00079,  L_NonMnfld: 0.02049,  L_Nrml: 0.00000,  L_Eknl: 0.06819, L_Morse: 1.43118

Weights: [7000.0, 600.0, 0, 50.0, 0.0, 0.1], lr=5.000e-05
Epoch: 0 [5020/10000 (50%)] Loss: 22.33690 = L_Mnfld: 7.22612 + L_NonMnfld: 11.11942 + L_Nrml: 0.00000 + L_Eknl: 3.83331 + L_Div: 0.00000 + L_Morse: 0.15805
Epoch: 0 [5020/10000 (50%)] Unweighted L_s : L_Mnfld: 0.00103,  L_NonMnfld: 0.01853,  L_Nrml: 0.00000,  L_Eknl: 0.07667, L_Morse: 1.58052

Weights: [7000.0, 600.0, 0, 50.0, 0.0, 0.1], lr=5.000e-05
Epoch: 0 [5030/10000 (50%)] Loss: 26.22168 = L_Mnfld: 10.66314 + L_NonMnfld: 12.09108 + L_Nrml: 0.00000 + L_Eknl: 3.32323 + L_Div: 0.00000 + L_Morse: 0.14423
Epoch: 0 [5030/10000 (50%)] Unweighted L_s : L_Mnfld: 0.00152,  L_NonMnfld: 0.02015,  L_Nrml: 0.00000,  L_Eknl: 0.06646, L_Morse: 1.44226

Weights: [7000.0, 600.0, 0, 50.0, 0.0, 0.1], lr=5.000e-05
Epoch: 0 [5040/10000 (50%)] Loss: 25.20057 = L_Mnfld: 9.33185 + L_NonMnfld: 12.35278 + L_Nrml: 0.00000 + L_Eknl: 3.35817 + L_Div: 0.00000 + L_Morse: 0.15777
Epoch: 0 [5040/10000 (50%)] Unweighted L_s : L_Mnfld: 0.00133,  L_NonMnfld: 0.02059,  L_Nrml: 0.00000,  L_Eknl: 0.06716, L_Morse: 1.57775

Weights: [7000.0, 600.0, 0, 50.0, 0.0, 0.1], lr=5.000e-05
Epoch: 0 [5050/10000 (50%)] Loss: 25.89515 = L_Mnfld: 9.11462 + L_NonMnfld: 13.16285 + L_Nrml: 0.00000 + L_Eknl: 3.46646 + L_Div: 0.00000 + L_Morse: 0.15122
Epoch: 0 [5050/10000 (50%)] Unweighted L_s : L_Mnfld: 0.00130,  L_NonMnfld: 0.02194,  L_Nrml: 0.00000,  L_Eknl: 0.06933, L_Morse: 1.51221

Weights: [7000.0, 600.0, 0, 50.0, 0.0, 0.1], lr=5.000e-05
Epoch: 0 [5060/10000 (51%)] Loss: 22.96555 = L_Mnfld: 7.52839 + L_NonMnfld: 12.02531 + L_Nrml: 0.00000 + L_Eknl: 3.25322 + L_Div: 0.00000 + L_Morse: 0.15863
Epoch: 0 [5060/10000 (51%)] Unweighted L_s : L_Mnfld: 0.00108,  L_NonMnfld: 0.02004,  L_Nrml: 0.00000,  L_Eknl: 0.06506, L_Morse: 1.58628

Weights: [7000.0, 600.0, 0, 50.0, 0.0, 0.1], lr=5.000e-05
Epoch: 0 [5070/10000 (51%)] Loss: 22.46837 = L_Mnfld: 6.76700 + L_NonMnfld: 12.02117 + L_Nrml: 0.00000 + L_Eknl: 3.52226 + L_Div: 0.00000 + L_Morse: 0.15795
Epoch: 0 [5070/10000 (51%)] Unweighted L_s : L_Mnfld: 0.00097,  L_NonMnfld: 0.02004,  L_Nrml: 0.00000,  L_Eknl: 0.07045, L_Morse: 1.57945

Weights: [7000.0, 600.0, 0, 50.0, 0.0, 0.1], lr=5.000e-05
Epoch: 0 [5080/10000 (51%)] Loss: 24.21854 = L_Mnfld: 7.75189 + L_NonMnfld: 12.50621 + L_Nrml: 0.00000 + L_Eknl: 3.79381 + L_Div: 0.00000 + L_Morse: 0.16663
Epoch: 0 [5080/10000 (51%)] Unweighted L_s : L_Mnfld: 0.00111,  L_NonMnfld: 0.02084,  L_Nrml: 0.00000,  L_Eknl: 0.07588, L_Morse: 1.66631

Weights: [7000.0, 600.0, 0, 50.0, 0.0, 0.1], lr=5.000e-05
Epoch: 0 [5090/10000 (51%)] Loss: 23.43839 = L_Mnfld: 8.25717 + L_NonMnfld: 11.50498 + L_Nrml: 0.00000 + L_Eknl: 3.50927 + L_Div: 0.00000 + L_Morse: 0.16697
Epoch: 0 [5090/10000 (51%)] Unweighted L_s : L_Mnfld: 0.00118,  L_NonMnfld: 0.01917,  L_Nrml: 0.00000,  L_Eknl: 0.07019, L_Morse: 1.66974

Weights: [7000.0, 600.0, 0, 50.0, 0.0, 0.1], lr=5.000e-05
Epoch: 0 [5100/10000 (51%)] Loss: 23.83853 = L_Mnfld: 8.90850 + L_NonMnfld: 11.38362 + L_Nrml: 0.00000 + L_Eknl: 3.38478 + L_Div: 0.00000 + L_Morse: 0.16164
Epoch: 0 [5100/10000 (51%)] Unweighted L_s : L_Mnfld: 0.00127,  L_NonMnfld: 0.01897,  L_Nrml: 0.00000,  L_Eknl: 0.06770, L_Morse: 1.61644

Weights: [7000.0, 600.0, 0, 50.0, 0.0, 0.1], lr=5.000e-05
Epoch: 0 [5110/10000 (51%)] Loss: 23.89281 = L_Mnfld: 8.20471 + L_NonMnfld: 12.31370 + L_Nrml: 0.00000 + L_Eknl: 3.21272 + L_Div: 0.00000 + L_Morse: 0.16168
Epoch: 0 [5110/10000 (51%)] Unweighted L_s : L_Mnfld: 0.00117,  L_NonMnfld: 0.02052,  L_Nrml: 0.00000,  L_Eknl: 0.06425, L_Morse: 1.61678

Weights: [7000.0, 600.0, 0, 50.0, 0.0, 0.1], lr=5.000e-05
Epoch: 0 [5120/10000 (51%)] Loss: 23.09212 = L_Mnfld: 7.51866 + L_NonMnfld: 12.18459 + L_Nrml: 0.00000 + L_Eknl: 3.22431 + L_Div: 0.00000 + L_Morse: 0.16455
Epoch: 0 [5120/10000 (51%)] Unweighted L_s : L_Mnfld: 0.00107,  L_NonMnfld: 0.02031,  L_Nrml: 0.00000,  L_Eknl: 0.06449, L_Morse: 1.64551

Weights: [7000.0, 600.0, 0, 50.0, 0.0, 0.1], lr=5.000e-05
Epoch: 0 [5130/10000 (51%)] Loss: 22.79599 = L_Mnfld: 7.27086 + L_NonMnfld: 12.36317 + L_Nrml: 0.00000 + L_Eknl: 2.99706 + L_Div: 0.00000 + L_Morse: 0.16490
Epoch: 0 [5130/10000 (51%)] Unweighted L_s : L_Mnfld: 0.00104,  L_NonMnfld: 0.02061,  L_Nrml: 0.00000,  L_Eknl: 0.05994, L_Morse: 1.64901

Weights: [7000.0, 600.0, 0, 50.0, 0.0, 0.1], lr=5.000e-05
Epoch: 0 [5140/10000 (51%)] Loss: 23.24935 = L_Mnfld: 7.71787 + L_NonMnfld: 12.21778 + L_Nrml: 0.00000 + L_Eknl: 3.14874 + L_Div: 0.00000 + L_Morse: 0.16496
Epoch: 0 [5140/10000 (51%)] Unweighted L_s : L_Mnfld: 0.00110,  L_NonMnfld: 0.02036,  L_Nrml: 0.00000,  L_Eknl: 0.06297, L_Morse: 1.64960

Weights: [7000.0, 600.0, 0, 50.0, 0.0, 0.1], lr=5.000e-05
Epoch: 0 [5150/10000 (52%)] Loss: 21.78925 = L_Mnfld: 7.28871 + L_NonMnfld: 11.34476 + L_Nrml: 0.00000 + L_Eknl: 2.99035 + L_Div: 0.00000 + L_Morse: 0.16543
Epoch: 0 [5150/10000 (52%)] Unweighted L_s : L_Mnfld: 0.00104,  L_NonMnfld: 0.01891,  L_Nrml: 0.00000,  L_Eknl: 0.05981, L_Morse: 1.65425

Weights: [7000.0, 600.0, 0, 50.0, 0.0, 0.1], lr=5.000e-05
Epoch: 0 [5160/10000 (52%)] Loss: 22.47160 = L_Mnfld: 7.01351 + L_NonMnfld: 12.29024 + L_Nrml: 0.00000 + L_Eknl: 3.00961 + L_Div: 0.00000 + L_Morse: 0.15824
Epoch: 0 [5160/10000 (52%)] Unweighted L_s : L_Mnfld: 0.00100,  L_NonMnfld: 0.02048,  L_Nrml: 0.00000,  L_Eknl: 0.06019, L_Morse: 1.58241

Weights: [7000.0, 600.0, 0, 50.0, 0.0, 0.1], lr=5.000e-05
Epoch: 0 [5170/10000 (52%)] Loss: 23.07931 = L_Mnfld: 6.15802 + L_NonMnfld: 13.66533 + L_Nrml: 0.00000 + L_Eknl: 3.09717 + L_Div: 0.00000 + L_Morse: 0.15879
Epoch: 0 [5170/10000 (52%)] Unweighted L_s : L_Mnfld: 0.00088,  L_NonMnfld: 0.02278,  L_Nrml: 0.00000,  L_Eknl: 0.06194, L_Morse: 1.58788

Weights: [7000.0, 600.0, 0, 50.0, 0.0, 0.1], lr=5.000e-05
Epoch: 0 [5180/10000 (52%)] Loss: 20.96645 = L_Mnfld: 5.96732 + L_NonMnfld: 11.80473 + L_Nrml: 0.00000 + L_Eknl: 3.03150 + L_Div: 0.00000 + L_Morse: 0.16289
Epoch: 0 [5180/10000 (52%)] Unweighted L_s : L_Mnfld: 0.00085,  L_NonMnfld: 0.01967,  L_Nrml: 0.00000,  L_Eknl: 0.06063, L_Morse: 1.62891

Weights: [7000.0, 600.0, 0, 50.0, 0.0, 0.1], lr=5.000e-05
Epoch: 0 [5190/10000 (52%)] Loss: 21.36943 = L_Mnfld: 5.50613 + L_NonMnfld: 12.74688 + L_Nrml: 0.00000 + L_Eknl: 2.95277 + L_Div: 0.00000 + L_Morse: 0.16365
Epoch: 0 [5190/10000 (52%)] Unweighted L_s : L_Mnfld: 0.00079,  L_NonMnfld: 0.02124,  L_Nrml: 0.00000,  L_Eknl: 0.05906, L_Morse: 1.63652

Weights: [7000.0, 600.0, 0, 50.0, 0.0, 0.1], lr=5.000e-05
Epoch: 0 [5200/10000 (52%)] Loss: 21.14579 = L_Mnfld: 5.73568 + L_NonMnfld: 12.10237 + L_Nrml: 0.00000 + L_Eknl: 3.13108 + L_Div: 0.00000 + L_Morse: 0.17666
Epoch: 0 [5200/10000 (52%)] Unweighted L_s : L_Mnfld: 0.00082,  L_NonMnfld: 0.02017,  L_Nrml: 0.00000,  L_Eknl: 0.06262, L_Morse: 1.76660

Weights: [7000.0, 600.0, 0, 50.0, 0.0, 0.1], lr=5.000e-05
Epoch: 0 [5210/10000 (52%)] Loss: 20.44632 = L_Mnfld: 5.56059 + L_NonMnfld: 11.84865 + L_Nrml: 0.00000 + L_Eknl: 2.87304 + L_Div: 0.00000 + L_Morse: 0.16403
Epoch: 0 [5210/10000 (52%)] Unweighted L_s : L_Mnfld: 0.00079,  L_NonMnfld: 0.01975,  L_Nrml: 0.00000,  L_Eknl: 0.05746, L_Morse: 1.64035

Weights: [7000.0, 600.0, 0, 50.0, 0.0, 0.1], lr=5.000e-05
Epoch: 0 [5220/10000 (52%)] Loss: 21.34028 = L_Mnfld: 6.13416 + L_NonMnfld: 12.04204 + L_Nrml: 0.00000 + L_Eknl: 2.99586 + L_Div: 0.00000 + L_Morse: 0.16822
Epoch: 0 [5220/10000 (52%)] Unweighted L_s : L_Mnfld: 0.00088,  L_NonMnfld: 0.02007,  L_Nrml: 0.00000,  L_Eknl: 0.05992, L_Morse: 1.68223

Weights: [7000.0, 600.0, 0, 50.0, 0.0, 0.1], lr=5.000e-05
Epoch: 0 [5230/10000 (52%)] Loss: 21.69714 = L_Mnfld: 6.39722 + L_NonMnfld: 12.21400 + L_Nrml: 0.00000 + L_Eknl: 2.91228 + L_Div: 0.00000 + L_Morse: 0.17364
Epoch: 0 [5230/10000 (52%)] Unweighted L_s : L_Mnfld: 0.00091,  L_NonMnfld: 0.02036,  L_Nrml: 0.00000,  L_Eknl: 0.05825, L_Morse: 1.73636

Weights: [7000.0, 600.0, 0, 50.0, 0.0, 0.1], lr=5.000e-05
Epoch: 0 [5240/10000 (52%)] Loss: 21.35065 = L_Mnfld: 6.18820 + L_NonMnfld: 12.06398 + L_Nrml: 0.00000 + L_Eknl: 2.92575 + L_Div: 0.00000 + L_Morse: 0.17273
Epoch: 0 [5240/10000 (52%)] Unweighted L_s : L_Mnfld: 0.00088,  L_NonMnfld: 0.02011,  L_Nrml: 0.00000,  L_Eknl: 0.05851, L_Morse: 1.72730

Weights: [7000.0, 600.0, 0, 50.0, 0.0, 0.1], lr=5.000e-05
Epoch: 0 [5250/10000 (52%)] Loss: 20.53060 = L_Mnfld: 5.52227 + L_NonMnfld: 12.04956 + L_Nrml: 0.00000 + L_Eknl: 2.79114 + L_Div: 0.00000 + L_Morse: 0.16763
Epoch: 0 [5250/10000 (52%)] Unweighted L_s : L_Mnfld: 0.00079,  L_NonMnfld: 0.02008,  L_Nrml: 0.00000,  L_Eknl: 0.05582, L_Morse: 1.67626

Weights: [7000.0, 600.0, 0, 50.0, 0.0, 0.1], lr=5.000e-05
Epoch: 0 [5260/10000 (53%)] Loss: 20.99128 = L_Mnfld: 5.86019 + L_NonMnfld: 11.94821 + L_Nrml: 0.00000 + L_Eknl: 3.00827 + L_Div: 0.00000 + L_Morse: 0.17460
Epoch: 0 [5260/10000 (53%)] Unweighted L_s : L_Mnfld: 0.00084,  L_NonMnfld: 0.01991,  L_Nrml: 0.00000,  L_Eknl: 0.06017, L_Morse: 1.74602

Weights: [7000.0, 600.0, 0, 50.0, 0.0, 0.1], lr=5.000e-05
Epoch: 0 [5270/10000 (53%)] Loss: 21.11113 = L_Mnfld: 5.65882 + L_NonMnfld: 12.34016 + L_Nrml: 0.00000 + L_Eknl: 2.93694 + L_Div: 0.00000 + L_Morse: 0.17521
Epoch: 0 [5270/10000 (53%)] Unweighted L_s : L_Mnfld: 0.00081,  L_NonMnfld: 0.02057,  L_Nrml: 0.00000,  L_Eknl: 0.05874, L_Morse: 1.75213

Weights: [7000.0, 600.0, 0, 50.0, 0.0, 0.1], lr=5.000e-05
Epoch: 0 [5280/10000 (53%)] Loss: 22.26848 = L_Mnfld: 6.90296 + L_NonMnfld: 12.24260 + L_Nrml: 0.00000 + L_Eknl: 2.95299 + L_Div: 0.00000 + L_Morse: 0.16992
Epoch: 0 [5280/10000 (53%)] Unweighted L_s : L_Mnfld: 0.00099,  L_NonMnfld: 0.02040,  L_Nrml: 0.00000,  L_Eknl: 0.05906, L_Morse: 1.69923

Weights: [7000.0, 600.0, 0, 50.0, 0.0, 0.1], lr=5.000e-05
Epoch: 0 [5290/10000 (53%)] Loss: 22.54474 = L_Mnfld: 7.02446 + L_NonMnfld: 12.17589 + L_Nrml: 0.00000 + L_Eknl: 3.17490 + L_Div: 0.00000 + L_Morse: 0.16949
Epoch: 0 [5290/10000 (53%)] Unweighted L_s : L_Mnfld: 0.00100,  L_NonMnfld: 0.02029,  L_Nrml: 0.00000,  L_Eknl: 0.06350, L_Morse: 1.69491

Weights: [7000.0, 600.0, 0, 50.0, 0.0, 0.1], lr=5.000e-05
Epoch: 0 [5300/10000 (53%)] Loss: 23.06460 = L_Mnfld: 7.14423 + L_NonMnfld: 12.80957 + L_Nrml: 0.00000 + L_Eknl: 2.92982 + L_Div: 0.00000 + L_Morse: 0.18098
Epoch: 0 [5300/10000 (53%)] Unweighted L_s : L_Mnfld: 0.00102,  L_NonMnfld: 0.02135,  L_Nrml: 0.00000,  L_Eknl: 0.05860, L_Morse: 1.80975

Weights: [7000.0, 600.0, 0, 50.0, 0.0, 0.1], lr=5.000e-05
Epoch: 0 [5310/10000 (53%)] Loss: 23.30415 = L_Mnfld: 6.70114 + L_NonMnfld: 13.28032 + L_Nrml: 0.00000 + L_Eknl: 3.15313 + L_Div: 0.00000 + L_Morse: 0.16957
Epoch: 0 [5310/10000 (53%)] Unweighted L_s : L_Mnfld: 0.00096,  L_NonMnfld: 0.02213,  L_Nrml: 0.00000,  L_Eknl: 0.06306, L_Morse: 1.69567

Weights: [7000.0, 600.0, 0, 50.0, 0.0, 0.1], lr=5.000e-05
Epoch: 0 [5320/10000 (53%)] Loss: 21.45134 = L_Mnfld: 6.82983 + L_NonMnfld: 11.46827 + L_Nrml: 0.00000 + L_Eknl: 2.97875 + L_Div: 0.00000 + L_Morse: 0.17449
Epoch: 0 [5320/10000 (53%)] Unweighted L_s : L_Mnfld: 0.00098,  L_NonMnfld: 0.01911,  L_Nrml: 0.00000,  L_Eknl: 0.05958, L_Morse: 1.74486

Weights: [7000.0, 600.0, 0, 50.0, 0.0, 0.1], lr=5.000e-05
Epoch: 0 [5330/10000 (53%)] Loss: 22.07962 = L_Mnfld: 6.24899 + L_NonMnfld: 12.71962 + L_Nrml: 0.00000 + L_Eknl: 2.93889 + L_Div: 0.00000 + L_Morse: 0.17213
Epoch: 0 [5330/10000 (53%)] Unweighted L_s : L_Mnfld: 0.00089,  L_NonMnfld: 0.02120,  L_Nrml: 0.00000,  L_Eknl: 0.05878, L_Morse: 1.72130

Weights: [7000.0, 600.0, 0, 50.0, 0.0, 0.1], lr=5.000e-05
Epoch: 0 [5340/10000 (53%)] Loss: 21.79068 = L_Mnfld: 6.65589 + L_NonMnfld: 11.68990 + L_Nrml: 0.00000 + L_Eknl: 3.27028 + L_Div: 0.00000 + L_Morse: 0.17461
Epoch: 0 [5340/10000 (53%)] Unweighted L_s : L_Mnfld: 0.00095,  L_NonMnfld: 0.01948,  L_Nrml: 0.00000,  L_Eknl: 0.06541, L_Morse: 1.74610

Weights: [7000.0, 600.0, 0, 50.0, 0.0, 0.1], lr=5.000e-05
Epoch: 0 [5350/10000 (54%)] Loss: 22.58834 = L_Mnfld: 8.12182 + L_NonMnfld: 11.21999 + L_Nrml: 0.00000 + L_Eknl: 3.07408 + L_Div: 0.00000 + L_Morse: 0.17245
Epoch: 0 [5350/10000 (54%)] Unweighted L_s : L_Mnfld: 0.00116,  L_NonMnfld: 0.01870,  L_Nrml: 0.00000,  L_Eknl: 0.06148, L_Morse: 1.72449

Weights: [7000.0, 600.0, 0, 50.0, 0.0, 0.1], lr=5.000e-05
Epoch: 0 [5360/10000 (54%)] Loss: 23.77914 = L_Mnfld: 8.18992 + L_NonMnfld: 11.93195 + L_Nrml: 0.00000 + L_Eknl: 3.48371 + L_Div: 0.00000 + L_Morse: 0.17356
Epoch: 0 [5360/10000 (54%)] Unweighted L_s : L_Mnfld: 0.00117,  L_NonMnfld: 0.01989,  L_Nrml: 0.00000,  L_Eknl: 0.06967, L_Morse: 1.73560

Weights: [7000.0, 600.0, 0, 50.0, 0.0, 0.1], lr=5.000e-05
Epoch: 0 [5370/10000 (54%)] Loss: 21.79417 = L_Mnfld: 6.64728 + L_NonMnfld: 11.83005 + L_Nrml: 0.00000 + L_Eknl: 3.13439 + L_Div: 0.00000 + L_Morse: 0.18245
Epoch: 0 [5370/10000 (54%)] Unweighted L_s : L_Mnfld: 0.00095,  L_NonMnfld: 0.01972,  L_Nrml: 0.00000,  L_Eknl: 0.06269, L_Morse: 1.82453

Weights: [7000.0, 600.0, 0, 50.0, 0.0, 0.1], lr=5.000e-05
Epoch: 0 [5380/10000 (54%)] Loss: 22.78441 = L_Mnfld: 6.96176 + L_NonMnfld: 12.35515 + L_Nrml: 0.00000 + L_Eknl: 3.28944 + L_Div: 0.00000 + L_Morse: 0.17805
Epoch: 0 [5380/10000 (54%)] Unweighted L_s : L_Mnfld: 0.00099,  L_NonMnfld: 0.02059,  L_Nrml: 0.00000,  L_Eknl: 0.06579, L_Morse: 1.78046

Weights: [7000.0, 600.0, 0, 50.0, 0.0, 0.1], lr=5.000e-05
Epoch: 0 [5390/10000 (54%)] Loss: 20.57891 = L_Mnfld: 6.42767 + L_NonMnfld: 11.08307 + L_Nrml: 0.00000 + L_Eknl: 2.89165 + L_Div: 0.00000 + L_Morse: 0.17652
Epoch: 0 [5390/10000 (54%)] Unweighted L_s : L_Mnfld: 0.00092,  L_NonMnfld: 0.01847,  L_Nrml: 0.00000,  L_Eknl: 0.05783, L_Morse: 1.76522

Weights: [7000.0, 600.0, 0, 50.0, 0.0, 0.1], lr=5.000e-05
Epoch: 0 [5400/10000 (54%)] Loss: 20.50615 = L_Mnfld: 6.60224 + L_NonMnfld: 10.85013 + L_Nrml: 0.00000 + L_Eknl: 2.87756 + L_Div: 0.00000 + L_Morse: 0.17623
Epoch: 0 [5400/10000 (54%)] Unweighted L_s : L_Mnfld: 0.00094,  L_NonMnfld: 0.01808,  L_Nrml: 0.00000,  L_Eknl: 0.05755, L_Morse: 1.76228

Weights: [7000.0, 600.0, 0, 50.0, 0.0, 0.1], lr=5.000e-05
Epoch: 0 [5410/10000 (54%)] Loss: 21.55596 = L_Mnfld: 6.53356 + L_NonMnfld: 11.95208 + L_Nrml: 0.00000 + L_Eknl: 2.88912 + L_Div: 0.00000 + L_Morse: 0.18120
Epoch: 0 [5410/10000 (54%)] Unweighted L_s : L_Mnfld: 0.00093,  L_NonMnfld: 0.01992,  L_Nrml: 0.00000,  L_Eknl: 0.05778, L_Morse: 1.81196

Weights: [7000.0, 600.0, 0, 50.0, 0.0, 0.1], lr=5.000e-05
Epoch: 0 [5420/10000 (54%)] Loss: 21.44314 = L_Mnfld: 6.53593 + L_NonMnfld: 11.76214 + L_Nrml: 0.00000 + L_Eknl: 2.96382 + L_Div: 0.00000 + L_Morse: 0.18124
Epoch: 0 [5420/10000 (54%)] Unweighted L_s : L_Mnfld: 0.00093,  L_NonMnfld: 0.01960,  L_Nrml: 0.00000,  L_Eknl: 0.05928, L_Morse: 1.81243

Weights: [7000.0, 600.0, 0, 50.0, 0.0, 0.1], lr=5.000e-05
Epoch: 0 [5430/10000 (54%)] Loss: 21.77907 = L_Mnfld: 6.72932 + L_NonMnfld: 12.08506 + L_Nrml: 0.00000 + L_Eknl: 2.79092 + L_Div: 0.00000 + L_Morse: 0.17376
Epoch: 0 [5430/10000 (54%)] Unweighted L_s : L_Mnfld: 0.00096,  L_NonMnfld: 0.02014,  L_Nrml: 0.00000,  L_Eknl: 0.05582, L_Morse: 1.73758

Weights: [7000.0, 600.0, 0, 50.0, 0.0, 0.1], lr=5.000e-05
Epoch: 0 [5440/10000 (54%)] Loss: 21.39588 = L_Mnfld: 6.44129 + L_NonMnfld: 11.94182 + L_Nrml: 0.00000 + L_Eknl: 2.83806 + L_Div: 0.00000 + L_Morse: 0.17471
Epoch: 0 [5440/10000 (54%)] Unweighted L_s : L_Mnfld: 0.00092,  L_NonMnfld: 0.01990,  L_Nrml: 0.00000,  L_Eknl: 0.05676, L_Morse: 1.74708

Weights: [7000.0, 600.0, 0, 50.0, 0.0, 0.1], lr=5.000e-05
Epoch: 0 [5450/10000 (54%)] Loss: 21.03436 = L_Mnfld: 6.24244 + L_NonMnfld: 11.73535 + L_Nrml: 0.00000 + L_Eknl: 2.87758 + L_Div: 0.00000 + L_Morse: 0.17898
Epoch: 0 [5450/10000 (54%)] Unweighted L_s : L_Mnfld: 0.00089,  L_NonMnfld: 0.01956,  L_Nrml: 0.00000,  L_Eknl: 0.05755, L_Morse: 1.78983

Weights: [7000.0, 600.0, 0, 50.0, 0.0, 0.1], lr=5.000e-05
Epoch: 0 [5460/10000 (55%)] Loss: 20.74771 = L_Mnfld: 6.40490 + L_NonMnfld: 11.29077 + L_Nrml: 0.00000 + L_Eknl: 2.87495 + L_Div: 0.00000 + L_Morse: 0.17709
Epoch: 0 [5460/10000 (55%)] Unweighted L_s : L_Mnfld: 0.00091,  L_NonMnfld: 0.01882,  L_Nrml: 0.00000,  L_Eknl: 0.05750, L_Morse: 1.77085

Weights: [7000.0, 600.0, 0, 50.0, 0.0, 0.1], lr=5.000e-05
Epoch: 0 [5470/10000 (55%)] Loss: 21.25474 = L_Mnfld: 6.34894 + L_NonMnfld: 11.94069 + L_Nrml: 0.00000 + L_Eknl: 2.77726 + L_Div: 0.00000 + L_Morse: 0.18786
Epoch: 0 [5470/10000 (55%)] Unweighted L_s : L_Mnfld: 0.00091,  L_NonMnfld: 0.01990,  L_Nrml: 0.00000,  L_Eknl: 0.05555, L_Morse: 1.87855

Weights: [7000.0, 600.0, 0, 50.0, 0.0, 0.1], lr=5.000e-05
Epoch: 0 [5480/10000 (55%)] Loss: 21.28955 = L_Mnfld: 6.24144 + L_NonMnfld: 12.15338 + L_Nrml: 0.00000 + L_Eknl: 2.71441 + L_Div: 0.00000 + L_Morse: 0.18032
Epoch: 0 [5480/10000 (55%)] Unweighted L_s : L_Mnfld: 0.00089,  L_NonMnfld: 0.02026,  L_Nrml: 0.00000,  L_Eknl: 0.05429, L_Morse: 1.80319

Weights: [7000.0, 600.0, 0, 50.0, 0.0, 0.1], lr=5.000e-05
Epoch: 0 [5490/10000 (55%)] Loss: 22.17346 = L_Mnfld: 6.03658 + L_NonMnfld: 13.08633 + L_Nrml: 0.00000 + L_Eknl: 2.85965 + L_Div: 0.00000 + L_Morse: 0.19091
Epoch: 0 [5490/10000 (55%)] Unweighted L_s : L_Mnfld: 0.00086,  L_NonMnfld: 0.02181,  L_Nrml: 0.00000,  L_Eknl: 0.05719, L_Morse: 1.90905

Weights: [7000.0, 600.0, 0, 50.0, 0.0, 0.1], lr=5.000e-05
Epoch: 0 [5500/10000 (55%)] Loss: 20.62519 = L_Mnfld: 6.35691 + L_NonMnfld: 11.39533 + L_Nrml: 0.00000 + L_Eknl: 2.68646 + L_Div: 0.00000 + L_Morse: 0.18649
Epoch: 0 [5500/10000 (55%)] Unweighted L_s : L_Mnfld: 0.00091,  L_NonMnfld: 0.01899,  L_Nrml: 0.00000,  L_Eknl: 0.05373, L_Morse: 1.86491

Weights: [7000.0, 600.0, 0, 50.0, 0.0, 0.1], lr=5.000e-05
Epoch: 0 [5510/10000 (55%)] Loss: 21.64618 = L_Mnfld: 6.04291 + L_NonMnfld: 12.60827 + L_Nrml: 0.00000 + L_Eknl: 2.81295 + L_Div: 0.00000 + L_Morse: 0.18205
Epoch: 0 [5510/10000 (55%)] Unweighted L_s : L_Mnfld: 0.00086,  L_NonMnfld: 0.02101,  L_Nrml: 0.00000,  L_Eknl: 0.05626, L_Morse: 1.82050

Weights: [7000.0, 600.0, 0, 50.0, 0.0, 0.1], lr=5.000e-05
Epoch: 0 [5520/10000 (55%)] Loss: 20.08978 = L_Mnfld: 5.56146 + L_NonMnfld: 11.55423 + L_Nrml: 0.00000 + L_Eknl: 2.78890 + L_Div: 0.00000 + L_Morse: 0.18519
Epoch: 0 [5520/10000 (55%)] Unweighted L_s : L_Mnfld: 0.00079,  L_NonMnfld: 0.01926,  L_Nrml: 0.00000,  L_Eknl: 0.05578, L_Morse: 1.85187

Weights: [7000.0, 600.0, 0, 50.0, 0.0, 0.1], lr=5.000e-05
Epoch: 0 [5530/10000 (55%)] Loss: 20.84636 = L_Mnfld: 5.38164 + L_NonMnfld: 12.56933 + L_Nrml: 0.00000 + L_Eknl: 2.71761 + L_Div: 0.00000 + L_Morse: 0.17778
Epoch: 0 [5530/10000 (55%)] Unweighted L_s : L_Mnfld: 0.00077,  L_NonMnfld: 0.02095,  L_Nrml: 0.00000,  L_Eknl: 0.05435, L_Morse: 1.77778

Weights: [7000.0, 600.0, 0, 50.0, 0.0, 0.1], lr=5.000e-05
Epoch: 0 [5540/10000 (55%)] Loss: 20.98525 = L_Mnfld: 5.72593 + L_NonMnfld: 12.12501 + L_Nrml: 0.00000 + L_Eknl: 2.94117 + L_Div: 0.00000 + L_Morse: 0.19314
Epoch: 0 [5540/10000 (55%)] Unweighted L_s : L_Mnfld: 0.00082,  L_NonMnfld: 0.02021,  L_Nrml: 0.00000,  L_Eknl: 0.05882, L_Morse: 1.93145

Weights: [7000.0, 600.0, 0, 50.0, 0.0, 0.1], lr=5.000e-05
Epoch: 0 [5550/10000 (56%)] Loss: 21.38653 = L_Mnfld: 5.99491 + L_NonMnfld: 12.41231 + L_Nrml: 0.00000 + L_Eknl: 2.79642 + L_Div: 0.00000 + L_Morse: 0.18290
Epoch: 0 [5550/10000 (56%)] Unweighted L_s : L_Mnfld: 0.00086,  L_NonMnfld: 0.02069,  L_Nrml: 0.00000,  L_Eknl: 0.05593, L_Morse: 1.82898

Weights: [7000.0, 600.0, 0, 50.0, 0.0, 0.1], lr=5.000e-05
Epoch: 0 [5560/10000 (56%)] Loss: 21.57036 = L_Mnfld: 6.53529 + L_NonMnfld: 11.76169 + L_Nrml: 0.00000 + L_Eknl: 3.08593 + L_Div: 0.00000 + L_Morse: 0.18746
Epoch: 0 [5560/10000 (56%)] Unweighted L_s : L_Mnfld: 0.00093,  L_NonMnfld: 0.01960,  L_Nrml: 0.00000,  L_Eknl: 0.06172, L_Morse: 1.87457

Weights: [7000.0, 600.0, 0, 50.0, 0.0, 0.1], lr=5.000e-05
Epoch: 0 [5570/10000 (56%)] Loss: 21.24056 = L_Mnfld: 6.55587 + L_NonMnfld: 11.59334 + L_Nrml: 0.00000 + L_Eknl: 2.90397 + L_Div: 0.00000 + L_Morse: 0.18738
Epoch: 0 [5570/10000 (56%)] Unweighted L_s : L_Mnfld: 0.00094,  L_NonMnfld: 0.01932,  L_Nrml: 0.00000,  L_Eknl: 0.05808, L_Morse: 1.87384

Weights: [7000.0, 600.0, 0, 50.0, 0.0, 0.1], lr=5.000e-05
Epoch: 0 [5580/10000 (56%)] Loss: 21.46384 = L_Mnfld: 6.57715 + L_NonMnfld: 11.95589 + L_Nrml: 0.00000 + L_Eknl: 2.74949 + L_Div: 0.00000 + L_Morse: 0.18131
Epoch: 0 [5580/10000 (56%)] Unweighted L_s : L_Mnfld: 0.00094,  L_NonMnfld: 0.01993,  L_Nrml: 0.00000,  L_Eknl: 0.05499, L_Morse: 1.81307

Weights: [7000.0, 600.0, 0, 50.0, 0.0, 0.1], lr=5.000e-05
Epoch: 0 [5590/10000 (56%)] Loss: 21.52407 = L_Mnfld: 6.40146 + L_NonMnfld: 12.18522 + L_Nrml: 0.00000 + L_Eknl: 2.75145 + L_Div: 0.00000 + L_Morse: 0.18594
Epoch: 0 [5590/10000 (56%)] Unweighted L_s : L_Mnfld: 0.00091,  L_NonMnfld: 0.02031,  L_Nrml: 0.00000,  L_Eknl: 0.05503, L_Morse: 1.85945

Weights: [7000.0, 600.0, 0, 50.0, 0.0, 0.1], lr=5.000e-05
Epoch: 0 [5600/10000 (56%)] Loss: 21.72978 = L_Mnfld: 5.90401 + L_NonMnfld: 12.88342 + L_Nrml: 0.00000 + L_Eknl: 2.75725 + L_Div: 0.00000 + L_Morse: 0.18509
Epoch: 0 [5600/10000 (56%)] Unweighted L_s : L_Mnfld: 0.00084,  L_NonMnfld: 0.02147,  L_Nrml: 0.00000,  L_Eknl: 0.05515, L_Morse: 1.85092

Weights: [7000.0, 600.0, 0, 50.0, 0.0, 0.1], lr=5.000e-05
Epoch: 0 [5610/10000 (56%)] Loss: 21.37114 = L_Mnfld: 6.22591 + L_NonMnfld: 12.14738 + L_Nrml: 0.00000 + L_Eknl: 2.81083 + L_Div: 0.00000 + L_Morse: 0.18700
Epoch: 0 [5610/10000 (56%)] Unweighted L_s : L_Mnfld: 0.00089,  L_NonMnfld: 0.02025,  L_Nrml: 0.00000,  L_Eknl: 0.05622, L_Morse: 1.87003

Weights: [7000.0, 600.0, 0, 50.0, 0.0, 0.1], lr=5.000e-05
Epoch: 0 [5620/10000 (56%)] Loss: 20.28650 = L_Mnfld: 6.10175 + L_NonMnfld: 11.26647 + L_Nrml: 0.00000 + L_Eknl: 2.73673 + L_Div: 0.00000 + L_Morse: 0.18156
Epoch: 0 [5620/10000 (56%)] Unweighted L_s : L_Mnfld: 0.00087,  L_NonMnfld: 0.01878,  L_Nrml: 0.00000,  L_Eknl: 0.05473, L_Morse: 1.81556

Weights: [7000.0, 600.0, 0, 50.0, 0.0, 0.1], lr=5.000e-05
Epoch: 0 [5630/10000 (56%)] Loss: 20.24829 = L_Mnfld: 5.52516 + L_NonMnfld: 11.86489 + L_Nrml: 0.00000 + L_Eknl: 2.67288 + L_Div: 0.00000 + L_Morse: 0.18535
Epoch: 0 [5630/10000 (56%)] Unweighted L_s : L_Mnfld: 0.00079,  L_NonMnfld: 0.01977,  L_Nrml: 0.00000,  L_Eknl: 0.05346, L_Morse: 1.85354

Weights: [7000.0, 600.0, 0, 50.0, 0.0, 0.1], lr=5.000e-05
Epoch: 0 [5640/10000 (56%)] Loss: 21.69776 = L_Mnfld: 5.81695 + L_NonMnfld: 12.78381 + L_Nrml: 0.00000 + L_Eknl: 2.90197 + L_Div: 0.00000 + L_Morse: 0.19502
Epoch: 0 [5640/10000 (56%)] Unweighted L_s : L_Mnfld: 0.00083,  L_NonMnfld: 0.02131,  L_Nrml: 0.00000,  L_Eknl: 0.05804, L_Morse: 1.95024

Weights: [7000.0, 600.0, 0, 50.0, 0.0, 0.1], lr=5.000e-05
Epoch: 0 [5650/10000 (56%)] Loss: 22.32813 = L_Mnfld: 6.21789 + L_NonMnfld: 13.15523 + L_Nrml: 0.00000 + L_Eknl: 2.77215 + L_Div: 0.00000 + L_Morse: 0.18285
Epoch: 0 [5650/10000 (56%)] Unweighted L_s : L_Mnfld: 0.00089,  L_NonMnfld: 0.02193,  L_Nrml: 0.00000,  L_Eknl: 0.05544, L_Morse: 1.82854

Weights: [7000.0, 600.0, 0, 50.0, 0.0, 0.1], lr=5.000e-05
Epoch: 0 [5660/10000 (57%)] Loss: 20.78153 = L_Mnfld: 6.47852 + L_NonMnfld: 11.24123 + L_Nrml: 0.00000 + L_Eknl: 2.87945 + L_Div: 0.00000 + L_Morse: 0.18233
Epoch: 0 [5660/10000 (57%)] Unweighted L_s : L_Mnfld: 0.00093,  L_NonMnfld: 0.01874,  L_Nrml: 0.00000,  L_Eknl: 0.05759, L_Morse: 1.82329

Weights: [7000.0, 600.0, 0, 50.0, 0.0, 0.1], lr=5.000e-05
Epoch: 0 [5670/10000 (57%)] Loss: 21.06409 = L_Mnfld: 5.89716 + L_NonMnfld: 12.24340 + L_Nrml: 0.00000 + L_Eknl: 2.73065 + L_Div: 0.00000 + L_Morse: 0.19288
Epoch: 0 [5670/10000 (57%)] Unweighted L_s : L_Mnfld: 0.00084,  L_NonMnfld: 0.02041,  L_Nrml: 0.00000,  L_Eknl: 0.05461, L_Morse: 1.92878

Weights: [7000.0, 600.0, 0, 50.0, 0.0, 0.1], lr=5.000e-05
Epoch: 0 [5680/10000 (57%)] Loss: 19.37824 = L_Mnfld: 6.13766 + L_NonMnfld: 10.45037 + L_Nrml: 0.00000 + L_Eknl: 2.60271 + L_Div: 0.00000 + L_Morse: 0.18751
Epoch: 0 [5680/10000 (57%)] Unweighted L_s : L_Mnfld: 0.00088,  L_NonMnfld: 0.01742,  L_Nrml: 0.00000,  L_Eknl: 0.05205, L_Morse: 1.87508

Weights: [7000.0, 600.0, 0, 50.0, 0.0, 0.1], lr=5.000e-05
Epoch: 0 [5690/10000 (57%)] Loss: 20.53257 = L_Mnfld: 5.54015 + L_NonMnfld: 12.12539 + L_Nrml: 0.00000 + L_Eknl: 2.67735 + L_Div: 0.00000 + L_Morse: 0.18968
Epoch: 0 [5690/10000 (57%)] Unweighted L_s : L_Mnfld: 0.00079,  L_NonMnfld: 0.02021,  L_Nrml: 0.00000,  L_Eknl: 0.05355, L_Morse: 1.89677

Weights: [7000.0, 600.0, 0, 50.0, 0.0, 0.1], lr=5.000e-05
Epoch: 0 [5700/10000 (57%)] Loss: 20.77265 = L_Mnfld: 5.30420 + L_NonMnfld: 12.52060 + L_Nrml: 0.00000 + L_Eknl: 2.75978 + L_Div: 0.00000 + L_Morse: 0.18806
Epoch: 0 [5700/10000 (57%)] Unweighted L_s : L_Mnfld: 0.00076,  L_NonMnfld: 0.02087,  L_Nrml: 0.00000,  L_Eknl: 0.05520, L_Morse: 1.88059

Weights: [7000.0, 600.0, 0, 50.0, 0.0, 0.1], lr=5.000e-05
Epoch: 0 [5710/10000 (57%)] Loss: 20.02446 = L_Mnfld: 5.34389 + L_NonMnfld: 11.68916 + L_Nrml: 0.00000 + L_Eknl: 2.80042 + L_Div: 0.00000 + L_Morse: 0.19100
Epoch: 0 [5710/10000 (57%)] Unweighted L_s : L_Mnfld: 0.00076,  L_NonMnfld: 0.01948,  L_Nrml: 0.00000,  L_Eknl: 0.05601, L_Morse: 1.90996

Weights: [7000.0, 600.0, 0, 50.0, 0.0, 0.1], lr=5.000e-05
Epoch: 0 [5720/10000 (57%)] Loss: 20.10311 = L_Mnfld: 6.14537 + L_NonMnfld: 11.02095 + L_Nrml: 0.00000 + L_Eknl: 2.75602 + L_Div: 0.00000 + L_Morse: 0.18077
Epoch: 0 [5720/10000 (57%)] Unweighted L_s : L_Mnfld: 0.00088,  L_NonMnfld: 0.01837,  L_Nrml: 0.00000,  L_Eknl: 0.05512, L_Morse: 1.80765

Weights: [7000.0, 600.0, 0, 50.0, 0.0, 0.1], lr=5.000e-05
Epoch: 0 [5730/10000 (57%)] Loss: 20.61780 = L_Mnfld: 5.86732 + L_NonMnfld: 11.75904 + L_Nrml: 0.00000 + L_Eknl: 2.80355 + L_Div: 0.00000 + L_Morse: 0.18788
Epoch: 0 [5730/10000 (57%)] Unweighted L_s : L_Mnfld: 0.00084,  L_NonMnfld: 0.01960,  L_Nrml: 0.00000,  L_Eknl: 0.05607, L_Morse: 1.87884

Weights: [7000.0, 600.0, 0, 50.0, 0.0, 0.1], lr=5.000e-05
Epoch: 0 [5740/10000 (57%)] Loss: 20.43441 = L_Mnfld: 5.84078 + L_NonMnfld: 11.46614 + L_Nrml: 0.00000 + L_Eknl: 2.92708 + L_Div: 0.00000 + L_Morse: 0.20042
Epoch: 0 [5740/10000 (57%)] Unweighted L_s : L_Mnfld: 0.00083,  L_NonMnfld: 0.01911,  L_Nrml: 0.00000,  L_Eknl: 0.05854, L_Morse: 2.00416

Weights: [7000.0, 600.0, 0, 50.0, 0.0, 0.1], lr=5.000e-05
Epoch: 0 [5750/10000 (58%)] Loss: 21.12143 = L_Mnfld: 6.61039 + L_NonMnfld: 11.46725 + L_Nrml: 0.00000 + L_Eknl: 2.84732 + L_Div: 0.00000 + L_Morse: 0.19648
Epoch: 0 [5750/10000 (58%)] Unweighted L_s : L_Mnfld: 0.00094,  L_NonMnfld: 0.01911,  L_Nrml: 0.00000,  L_Eknl: 0.05695, L_Morse: 1.96478

Weights: [7000.0, 600.0, 0, 50.0, 0.0, 0.1], lr=5.000e-05
Epoch: 0 [5760/10000 (58%)] Loss: 21.49261 = L_Mnfld: 7.05038 + L_NonMnfld: 11.41150 + L_Nrml: 0.00000 + L_Eknl: 2.83731 + L_Div: 0.00000 + L_Morse: 0.19342
Epoch: 0 [5760/10000 (58%)] Unweighted L_s : L_Mnfld: 0.00101,  L_NonMnfld: 0.01902,  L_Nrml: 0.00000,  L_Eknl: 0.05675, L_Morse: 1.93421

Weights: [7000.0, 600.0, 0, 50.0, 0.0, 0.1], lr=5.000e-05
Epoch: 0 [5770/10000 (58%)] Loss: 21.45770 = L_Mnfld: 7.02379 + L_NonMnfld: 11.54869 + L_Nrml: 0.00000 + L_Eknl: 2.69735 + L_Div: 0.00000 + L_Morse: 0.18787
Epoch: 0 [5770/10000 (58%)] Unweighted L_s : L_Mnfld: 0.00100,  L_NonMnfld: 0.01925,  L_Nrml: 0.00000,  L_Eknl: 0.05395, L_Morse: 1.87865

Weights: [7000.0, 600.0, 0, 50.0, 0.0, 0.1], lr=5.000e-05
Epoch: 0 [5780/10000 (58%)] Loss: 21.75422 = L_Mnfld: 6.39266 + L_NonMnfld: 12.43463 + L_Nrml: 0.00000 + L_Eknl: 2.73948 + L_Div: 0.00000 + L_Morse: 0.18744
Epoch: 0 [5780/10000 (58%)] Unweighted L_s : L_Mnfld: 0.00091,  L_NonMnfld: 0.02072,  L_Nrml: 0.00000,  L_Eknl: 0.05479, L_Morse: 1.87441

Weights: [7000.0, 600.0, 0, 50.0, 0.0, 0.1], lr=5.000e-05
Epoch: 0 [5790/10000 (58%)] Loss: 21.10111 = L_Mnfld: 6.14237 + L_NonMnfld: 11.81686 + L_Nrml: 0.00000 + L_Eknl: 2.95567 + L_Div: 0.00000 + L_Morse: 0.18621
Epoch: 0 [5790/10000 (58%)] Unweighted L_s : L_Mnfld: 0.00088,  L_NonMnfld: 0.01969,  L_Nrml: 0.00000,  L_Eknl: 0.05911, L_Morse: 1.86206

Weights: [7000.0, 600.0, 0, 50.0, 0.0, 0.1], lr=5.000e-05
Epoch: 0 [5800/10000 (58%)] Loss: 21.11171 = L_Mnfld: 6.34318 + L_NonMnfld: 11.84811 + L_Nrml: 0.00000 + L_Eknl: 2.73127 + L_Div: 0.00000 + L_Morse: 0.18914
Epoch: 0 [5800/10000 (58%)] Unweighted L_s : L_Mnfld: 0.00091,  L_NonMnfld: 0.01975,  L_Nrml: 0.00000,  L_Eknl: 0.05463, L_Morse: 1.89141

Weights: [7000.0, 600.0, 0, 50.0, 0.0, 0.1], lr=5.000e-05
Epoch: 0 [5810/10000 (58%)] Loss: 21.22255 = L_Mnfld: 5.69496 + L_NonMnfld: 12.62481 + L_Nrml: 0.00000 + L_Eknl: 2.71985 + L_Div: 0.00000 + L_Morse: 0.18293
Epoch: 0 [5810/10000 (58%)] Unweighted L_s : L_Mnfld: 0.00081,  L_NonMnfld: 0.02104,  L_Nrml: 0.00000,  L_Eknl: 0.05440, L_Morse: 1.82931

Weights: [7000.0, 600.0, 0, 50.0, 0.0, 0.1], lr=5.000e-05
Epoch: 0 [5820/10000 (58%)] Loss: 20.82521 = L_Mnfld: 6.28765 + L_NonMnfld: 11.65849 + L_Nrml: 0.00000 + L_Eknl: 2.68274 + L_Div: 0.00000 + L_Morse: 0.19634
Epoch: 0 [5820/10000 (58%)] Unweighted L_s : L_Mnfld: 0.00090,  L_NonMnfld: 0.01943,  L_Nrml: 0.00000,  L_Eknl: 0.05365, L_Morse: 1.96335

Weights: [7000.0, 600.0, 0, 50.0, 0.0, 0.1], lr=5.000e-05
Epoch: 0 [5830/10000 (58%)] Loss: 20.29363 = L_Mnfld: 6.09344 + L_NonMnfld: 11.36165 + L_Nrml: 0.00000 + L_Eknl: 2.64608 + L_Div: 0.00000 + L_Morse: 0.19245
Epoch: 0 [5830/10000 (58%)] Unweighted L_s : L_Mnfld: 0.00087,  L_NonMnfld: 0.01894,  L_Nrml: 0.00000,  L_Eknl: 0.05292, L_Morse: 1.92453

Weights: [7000.0, 600.0, 0, 50.0, 0.0, 0.1], lr=5.000e-05
Epoch: 0 [5840/10000 (58%)] Loss: 21.07491 = L_Mnfld: 6.06819 + L_NonMnfld: 12.09259 + L_Nrml: 0.00000 + L_Eknl: 2.71348 + L_Div: 0.00000 + L_Morse: 0.20065
Epoch: 0 [5840/10000 (58%)] Unweighted L_s : L_Mnfld: 0.00087,  L_NonMnfld: 0.02015,  L_Nrml: 0.00000,  L_Eknl: 0.05427, L_Morse: 2.00654

Weights: [7000.0, 600.0, 0, 50.0, 0.0, 0.1], lr=5.000e-05
Epoch: 0 [5850/10000 (58%)] Loss: 21.51409 = L_Mnfld: 6.40429 + L_NonMnfld: 12.25338 + L_Nrml: 0.00000 + L_Eknl: 2.66349 + L_Div: 0.00000 + L_Morse: 0.19292
Epoch: 0 [5850/10000 (58%)] Unweighted L_s : L_Mnfld: 0.00091,  L_NonMnfld: 0.02042,  L_Nrml: 0.00000,  L_Eknl: 0.05327, L_Morse: 1.92922

Weights: [7000.0, 600.0, 0, 50.0, 0.0, 0.1], lr=5.000e-05
Epoch: 0 [5860/10000 (59%)] Loss: 20.60408 = L_Mnfld: 6.00154 + L_NonMnfld: 11.64298 + L_Nrml: 0.00000 + L_Eknl: 2.76461 + L_Div: 0.00000 + L_Morse: 0.19494
Epoch: 0 [5860/10000 (59%)] Unweighted L_s : L_Mnfld: 0.00086,  L_NonMnfld: 0.01940,  L_Nrml: 0.00000,  L_Eknl: 0.05529, L_Morse: 1.94940

Weights: [7000.0, 600.0, 0, 50.0, 0.0, 0.1], lr=5.000e-05
Epoch: 0 [5870/10000 (59%)] Loss: 20.60322 = L_Mnfld: 5.92661 + L_NonMnfld: 11.73545 + L_Nrml: 0.00000 + L_Eknl: 2.74957 + L_Div: 0.00000 + L_Morse: 0.19160
Epoch: 0 [5870/10000 (59%)] Unweighted L_s : L_Mnfld: 0.00085,  L_NonMnfld: 0.01956,  L_Nrml: 0.00000,  L_Eknl: 0.05499, L_Morse: 1.91595

Weights: [7000.0, 600.0, 0, 50.0, 0.0, 0.1], lr=5.000e-05
Epoch: 0 [5880/10000 (59%)] Loss: 21.96436 = L_Mnfld: 6.35395 + L_NonMnfld: 12.46805 + L_Nrml: 0.00000 + L_Eknl: 2.95272 + L_Div: 0.00000 + L_Morse: 0.18965
Epoch: 0 [5880/10000 (59%)] Unweighted L_s : L_Mnfld: 0.00091,  L_NonMnfld: 0.02078,  L_Nrml: 0.00000,  L_Eknl: 0.05905, L_Morse: 1.89647

Weights: [7000.0, 600.0, 0, 50.0, 0.0, 0.1], lr=5.000e-05
Epoch: 0 [5890/10000 (59%)] Loss: 21.66383 = L_Mnfld: 6.57737 + L_NonMnfld: 12.12756 + L_Nrml: 0.00000 + L_Eknl: 2.76023 + L_Div: 0.00000 + L_Morse: 0.19867
Epoch: 0 [5890/10000 (59%)] Unweighted L_s : L_Mnfld: 0.00094,  L_NonMnfld: 0.02021,  L_Nrml: 0.00000,  L_Eknl: 0.05520, L_Morse: 1.98668

Weights: [7000.0, 600.0, 0, 50.0, 0.0, 0.1], lr=5.000e-05
Epoch: 0 [5900/10000 (59%)] Loss: 21.28329 = L_Mnfld: 6.56199 + L_NonMnfld: 11.84019 + L_Nrml: 0.00000 + L_Eknl: 2.68674 + L_Div: 0.00000 + L_Morse: 0.19437
Epoch: 0 [5900/10000 (59%)] Unweighted L_s : L_Mnfld: 0.00094,  L_NonMnfld: 0.01973,  L_Nrml: 0.00000,  L_Eknl: 0.05373, L_Morse: 1.94370

Weights: [7000.0, 600.0, 0, 50.0, 0.0, 0.1], lr=5.000e-05
Epoch: 0 [5910/10000 (59%)] Loss: 20.17289 = L_Mnfld: 6.16294 + L_NonMnfld: 11.15100 + L_Nrml: 0.00000 + L_Eknl: 2.65971 + L_Div: 0.00000 + L_Morse: 0.19925
Epoch: 0 [5910/10000 (59%)] Unweighted L_s : L_Mnfld: 0.00088,  L_NonMnfld: 0.01858,  L_Nrml: 0.00000,  L_Eknl: 0.05319, L_Morse: 1.99245

Weights: [7000.0, 600.0, 0, 50.0, 0.0, 0.1], lr=5.000e-05
Epoch: 0 [5920/10000 (59%)] Loss: 21.25828 = L_Mnfld: 6.39683 + L_NonMnfld: 12.05687 + L_Nrml: 0.00000 + L_Eknl: 2.61261 + L_Div: 0.00000 + L_Morse: 0.19196
Epoch: 0 [5920/10000 (59%)] Unweighted L_s : L_Mnfld: 0.00091,  L_NonMnfld: 0.02009,  L_Nrml: 0.00000,  L_Eknl: 0.05225, L_Morse: 1.91960

Weights: [7000.0, 600.0, 0, 50.0, 0.0, 0.1], lr=5.000e-05
Epoch: 0 [5930/10000 (59%)] Loss: 21.11150 = L_Mnfld: 5.84771 + L_NonMnfld: 12.51449 + L_Nrml: 0.00000 + L_Eknl: 2.56237 + L_Div: 0.00000 + L_Morse: 0.18693
Epoch: 0 [5930/10000 (59%)] Unweighted L_s : L_Mnfld: 0.00084,  L_NonMnfld: 0.02086,  L_Nrml: 0.00000,  L_Eknl: 0.05125, L_Morse: 1.86933

Weights: [7000.0, 600.0, 0, 50.0, 0.0, 0.1], lr=5.000e-05
Epoch: 0 [5940/10000 (59%)] Loss: 19.97757 = L_Mnfld: 5.59995 + L_NonMnfld: 11.60790 + L_Nrml: 0.00000 + L_Eknl: 2.56401 + L_Div: 0.00000 + L_Morse: 0.20571
Epoch: 0 [5940/10000 (59%)] Unweighted L_s : L_Mnfld: 0.00080,  L_NonMnfld: 0.01935,  L_Nrml: 0.00000,  L_Eknl: 0.05128, L_Morse: 2.05709

Weights: [7000.0, 600.0, 0, 50.0, 0.0, 0.1], lr=5.000e-05
Epoch: 0 [5950/10000 (60%)] Loss: 19.22210 = L_Mnfld: 5.33601 + L_NonMnfld: 11.06787 + L_Nrml: 0.00000 + L_Eknl: 2.61734 + L_Div: 0.00000 + L_Morse: 0.20088
Epoch: 0 [5950/10000 (60%)] Unweighted L_s : L_Mnfld: 0.00076,  L_NonMnfld: 0.01845,  L_Nrml: 0.00000,  L_Eknl: 0.05235, L_Morse: 2.00881

Weights: [7000.0, 600.0, 0, 50.0, 0.0, 0.1], lr=5.000e-05
Epoch: 0 [5960/10000 (60%)] Loss: 19.46118 = L_Mnfld: 5.96723 + L_NonMnfld: 10.43290 + L_Nrml: 0.00000 + L_Eknl: 2.86631 + L_Div: 0.00000 + L_Morse: 0.19475
Epoch: 0 [5960/10000 (60%)] Unweighted L_s : L_Mnfld: 0.00085,  L_NonMnfld: 0.01739,  L_Nrml: 0.00000,  L_Eknl: 0.05733, L_Morse: 1.94745

Weights: [7000.0, 600.0, 0, 50.0, 0.0, 0.1], lr=5.000e-05
Epoch: 0 [5970/10000 (60%)] Loss: 22.44260 = L_Mnfld: 5.93790 + L_NonMnfld: 13.54807 + L_Nrml: 0.00000 + L_Eknl: 2.76203 + L_Div: 0.00000 + L_Morse: 0.19461
Epoch: 0 [5970/10000 (60%)] Unweighted L_s : L_Mnfld: 0.00085,  L_NonMnfld: 0.02258,  L_Nrml: 0.00000,  L_Eknl: 0.05524, L_Morse: 1.94607

Weights: [7000.0, 600.0, 0, 50.0, 0.0, 0.1], lr=5.000e-05
Epoch: 0 [5980/10000 (60%)] Loss: 20.25669 = L_Mnfld: 6.09012 + L_NonMnfld: 11.26054 + L_Nrml: 0.00000 + L_Eknl: 2.71078 + L_Div: 0.00000 + L_Morse: 0.19525
Epoch: 0 [5980/10000 (60%)] Unweighted L_s : L_Mnfld: 0.00087,  L_NonMnfld: 0.01877,  L_Nrml: 0.00000,  L_Eknl: 0.05422, L_Morse: 1.95246

Weights: [7000.0, 600.0, 0, 50.0, 0.0, 0.1], lr=5.000e-05
Epoch: 0 [5990/10000 (60%)] Loss: 20.50281 = L_Mnfld: 6.01184 + L_NonMnfld: 11.68154 + L_Nrml: 0.00000 + L_Eknl: 2.61200 + L_Div: 0.00000 + L_Morse: 0.19743
Epoch: 0 [5990/10000 (60%)] Unweighted L_s : L_Mnfld: 0.00086,  L_NonMnfld: 0.01947,  L_Nrml: 0.00000,  L_Eknl: 0.05224, L_Morse: 1.97431

Weights: [7000.0, 600.0, 0, 50.0, 0.0, 0.1], lr=5.000e-05
Epoch: 0 [6000/10000 (60%)] Loss: 20.71216 = L_Mnfld: 6.79127 + L_NonMnfld: 11.16285 + L_Nrml: 0.00000 + L_Eknl: 2.56190 + L_Div: 0.00000 + L_Morse: 0.19614
Epoch: 0 [6000/10000 (60%)] Unweighted L_s : L_Mnfld: 0.00097,  L_NonMnfld: 0.01860,  L_Nrml: 0.00000,  L_Eknl: 0.05124, L_Morse: 1.96144

Weights: [7000.0, 600.0, 0, 50.0, 0.0, 0.1], lr=5.000e-05
Epoch: 0 [6010/10000 (60%)] Loss: 21.36143 = L_Mnfld: 6.35176 + L_NonMnfld: 12.10788 + L_Nrml: 0.00000 + L_Eknl: 2.70683 + L_Div: 0.00000 + L_Morse: 0.19497
Epoch: 0 [6010/10000 (60%)] Unweighted L_s : L_Mnfld: 0.00091,  L_NonMnfld: 0.02018,  L_Nrml: 0.00000,  L_Eknl: 0.05414, L_Morse: 1.94972

Weights: [7000.0, 600.0, 0, 50.0, 0.0, 0.1], lr=5.000e-05
Epoch: 0 [6020/10000 (60%)] Loss: 20.82614 = L_Mnfld: 6.23016 + L_NonMnfld: 11.71311 + L_Nrml: 0.00000 + L_Eknl: 2.68050 + L_Div: 0.00000 + L_Morse: 0.20238
Epoch: 0 [6020/10000 (60%)] Unweighted L_s : L_Mnfld: 0.00089,  L_NonMnfld: 0.01952,  L_Nrml: 0.00000,  L_Eknl: 0.05361, L_Morse: 2.02380

Weights: [7000.0, 600.0, 0, 50.0, 0.0, 0.1], lr=5.000e-05
Epoch: 0 [6030/10000 (60%)] Loss: 21.18874 = L_Mnfld: 6.13492 + L_NonMnfld: 12.09230 + L_Nrml: 0.00000 + L_Eknl: 2.76323 + L_Div: 0.00000 + L_Morse: 0.19828
Epoch: 0 [6030/10000 (60%)] Unweighted L_s : L_Mnfld: 0.00088,  L_NonMnfld: 0.02015,  L_Nrml: 0.00000,  L_Eknl: 0.05526, L_Morse: 1.98280

Weights: [7000.0, 600.0, 0, 50.0, 0.0, 0.1], lr=5.000e-05
Epoch: 0 [6040/10000 (60%)] Loss: 21.29922 = L_Mnfld: 6.18023 + L_NonMnfld: 11.91471 + L_Nrml: 0.00000 + L_Eknl: 3.00717 + L_Div: 0.00000 + L_Morse: 0.19711
Epoch: 0 [6040/10000 (60%)] Unweighted L_s : L_Mnfld: 0.00088,  L_NonMnfld: 0.01986,  L_Nrml: 0.00000,  L_Eknl: 0.06014, L_Morse: 1.97108

Weights: [7000.0, 600.0, 0, 50.0, 0.0, 0.1], lr=5.000e-05
Epoch: 0 [6050/10000 (60%)] Loss: 22.07330 = L_Mnfld: 7.21891 + L_NonMnfld: 11.80796 + L_Nrml: 0.00000 + L_Eknl: 2.84565 + L_Div: 0.00000 + L_Morse: 0.20077
Epoch: 0 [6050/10000 (60%)] Unweighted L_s : L_Mnfld: 0.00103,  L_NonMnfld: 0.01968,  L_Nrml: 0.00000,  L_Eknl: 0.05691, L_Morse: 2.00770

Weights: [7000.0, 600.0, 0, 50.0, 0.0, 0.1], lr=5.000e-05
Epoch: 0 [6060/10000 (61%)] Loss: 21.79621 = L_Mnfld: 6.98162 + L_NonMnfld: 11.65279 + L_Nrml: 0.00000 + L_Eknl: 2.95784 + L_Div: 0.00000 + L_Morse: 0.20396
Epoch: 0 [6060/10000 (61%)] Unweighted L_s : L_Mnfld: 0.00100,  L_NonMnfld: 0.01942,  L_Nrml: 0.00000,  L_Eknl: 0.05916, L_Morse: 2.03957

Weights: [7000.0, 600.0, 0, 50.0, 0.0, 0.1], lr=5.000e-05
Epoch: 0 [6070/10000 (61%)] Loss: 23.42869 = L_Mnfld: 7.76788 + L_NonMnfld: 12.79373 + L_Nrml: 0.00000 + L_Eknl: 2.67277 + L_Div: 0.00000 + L_Morse: 0.19431
Epoch: 0 [6070/10000 (61%)] Unweighted L_s : L_Mnfld: 0.00111,  L_NonMnfld: 0.02132,  L_Nrml: 0.00000,  L_Eknl: 0.05346, L_Morse: 1.94314

Weights: [7000.0, 600.0, 0, 50.0, 0.0, 0.1], lr=5.000e-05
Epoch: 0 [6080/10000 (61%)] Loss: 22.76079 = L_Mnfld: 7.70927 + L_NonMnfld: 12.22509 + L_Nrml: 0.00000 + L_Eknl: 2.62486 + L_Div: 0.00000 + L_Morse: 0.20158
Epoch: 0 [6080/10000 (61%)] Unweighted L_s : L_Mnfld: 0.00110,  L_NonMnfld: 0.02038,  L_Nrml: 0.00000,  L_Eknl: 0.05250, L_Morse: 2.01578

Weights: [7000.0, 600.0, 0, 50.0, 0.0, 0.1], lr=5.000e-05
Epoch: 0 [6090/10000 (61%)] Loss: 22.22441 = L_Mnfld: 6.76465 + L_NonMnfld: 12.42352 + L_Nrml: 0.00000 + L_Eknl: 2.84207 + L_Div: 0.00000 + L_Morse: 0.19416
Epoch: 0 [6090/10000 (61%)] Unweighted L_s : L_Mnfld: 0.00097,  L_NonMnfld: 0.02071,  L_Nrml: 0.00000,  L_Eknl: 0.05684, L_Morse: 1.94161

Weights: [7000.0, 600.0, 0, 50.0, 0.0, 0.1], lr=5.000e-05
Epoch: 0 [6100/10000 (61%)] Loss: 22.13418 = L_Mnfld: 6.40577 + L_NonMnfld: 12.91336 + L_Nrml: 0.00000 + L_Eknl: 2.61339 + L_Div: 0.00000 + L_Morse: 0.20165
Epoch: 0 [6100/10000 (61%)] Unweighted L_s : L_Mnfld: 0.00092,  L_NonMnfld: 0.02152,  L_Nrml: 0.00000,  L_Eknl: 0.05227, L_Morse: 2.01649

Weights: [7000.0, 600.0, 0, 50.0, 0.0, 0.1], lr=5.000e-05
Epoch: 0 [6110/10000 (61%)] Loss: 21.31865 = L_Mnfld: 6.17337 + L_NonMnfld: 12.31558 + L_Nrml: 0.00000 + L_Eknl: 2.63142 + L_Div: 0.00000 + L_Morse: 0.19827
Epoch: 0 [6110/10000 (61%)] Unweighted L_s : L_Mnfld: 0.00088,  L_NonMnfld: 0.02053,  L_Nrml: 0.00000,  L_Eknl: 0.05263, L_Morse: 1.98275

Weights: [7000.0, 600.0, 0, 50.0, 0.0, 0.1], lr=5.000e-05
Epoch: 0 [6120/10000 (61%)] Loss: 20.66066 = L_Mnfld: 5.90378 + L_NonMnfld: 12.08651 + L_Nrml: 0.00000 + L_Eknl: 2.47787 + L_Div: 0.00000 + L_Morse: 0.19250
Epoch: 0 [6120/10000 (61%)] Unweighted L_s : L_Mnfld: 0.00084,  L_NonMnfld: 0.02014,  L_Nrml: 0.00000,  L_Eknl: 0.04956, L_Morse: 1.92498

Weights: [7000.0, 600.0, 0, 50.0, 0.0, 0.1], lr=5.000e-05
Epoch: 0 [6130/10000 (61%)] Loss: 19.83017 = L_Mnfld: 5.48889 + L_NonMnfld: 11.64536 + L_Nrml: 0.00000 + L_Eknl: 2.50074 + L_Div: 0.00000 + L_Morse: 0.19518
Epoch: 0 [6130/10000 (61%)] Unweighted L_s : L_Mnfld: 0.00078,  L_NonMnfld: 0.01941,  L_Nrml: 0.00000,  L_Eknl: 0.05001, L_Morse: 1.95180

Weights: [7000.0, 600.0, 0, 50.0, 0.0, 0.1], lr=5.000e-05
Epoch: 0 [6140/10000 (61%)] Loss: 19.45977 = L_Mnfld: 5.65536 + L_NonMnfld: 11.12893 + L_Nrml: 0.00000 + L_Eknl: 2.47720 + L_Div: 0.00000 + L_Morse: 0.19829
Epoch: 0 [6140/10000 (61%)] Unweighted L_s : L_Mnfld: 0.00081,  L_NonMnfld: 0.01855,  L_Nrml: 0.00000,  L_Eknl: 0.04954, L_Morse: 1.98286

Weights: [7000.0, 600.0, 0, 50.0, 0.0, 0.1], lr=5.000e-05
Epoch: 0 [6150/10000 (62%)] Loss: 21.11390 = L_Mnfld: 5.90518 + L_NonMnfld: 12.52084 + L_Nrml: 0.00000 + L_Eknl: 2.49197 + L_Div: 0.00000 + L_Morse: 0.19592
Epoch: 0 [6150/10000 (62%)] Unweighted L_s : L_Mnfld: 0.00084,  L_NonMnfld: 0.02087,  L_Nrml: 0.00000,  L_Eknl: 0.04984, L_Morse: 1.95922

Weights: [7000.0, 600.0, 0, 50.0, 0.0, 0.1], lr=5.000e-05
Epoch: 0 [6160/10000 (62%)] Loss: 21.43691 = L_Mnfld: 5.91798 + L_NonMnfld: 12.66138 + L_Nrml: 0.00000 + L_Eknl: 2.65502 + L_Div: 0.00000 + L_Morse: 0.20255
Epoch: 0 [6160/10000 (62%)] Unweighted L_s : L_Mnfld: 0.00085,  L_NonMnfld: 0.02110,  L_Nrml: 0.00000,  L_Eknl: 0.05310, L_Morse: 2.02545

Weights: [7000.0, 600.0, 0, 50.0, 0.0, 0.1], lr=5.000e-05
Epoch: 0 [6170/10000 (62%)] Loss: 20.55651 = L_Mnfld: 5.35263 + L_NonMnfld: 12.41452 + L_Nrml: 0.00000 + L_Eknl: 2.59087 + L_Div: 0.00000 + L_Morse: 0.19849
Epoch: 0 [6170/10000 (62%)] Unweighted L_s : L_Mnfld: 0.00076,  L_NonMnfld: 0.02069,  L_Nrml: 0.00000,  L_Eknl: 0.05182, L_Morse: 1.98488

Weights: [7000.0, 600.0, 0, 50.0, 0.0, 0.1], lr=5.000e-05
Epoch: 0 [6180/10000 (62%)] Loss: 20.59406 = L_Mnfld: 5.67252 + L_NonMnfld: 12.03902 + L_Nrml: 0.00000 + L_Eknl: 2.67991 + L_Div: 0.00000 + L_Morse: 0.20261
Epoch: 0 [6180/10000 (62%)] Unweighted L_s : L_Mnfld: 0.00081,  L_NonMnfld: 0.02007,  L_Nrml: 0.00000,  L_Eknl: 0.05360, L_Morse: 2.02607

Weights: [7000.0, 600.0, 0, 50.0, 0.0, 0.1], lr=5.000e-05
Epoch: 0 [6190/10000 (62%)] Loss: 22.23948 = L_Mnfld: 6.43031 + L_NonMnfld: 12.98373 + L_Nrml: 0.00000 + L_Eknl: 2.62800 + L_Div: 0.00000 + L_Morse: 0.19744
Epoch: 0 [6190/10000 (62%)] Unweighted L_s : L_Mnfld: 0.00092,  L_NonMnfld: 0.02164,  L_Nrml: 0.00000,  L_Eknl: 0.05256, L_Morse: 1.97443

Weights: [7000.0, 600.0, 0, 50.0, 0.0, 0.1], lr=5.000e-05
Epoch: 0 [6200/10000 (62%)] Loss: 20.86773 = L_Mnfld: 6.10167 + L_NonMnfld: 11.99077 + L_Nrml: 0.00000 + L_Eknl: 2.57215 + L_Div: 0.00000 + L_Morse: 0.20314
Epoch: 0 [6200/10000 (62%)] Unweighted L_s : L_Mnfld: 0.00087,  L_NonMnfld: 0.01998,  L_Nrml: 0.00000,  L_Eknl: 0.05144, L_Morse: 2.03135

Weights: [7000.0, 600.0, 0, 50.0, 0.0, 0.1], lr=5.000e-05
Epoch: 0 [6210/10000 (62%)] Loss: 20.19008 = L_Mnfld: 5.27473 + L_NonMnfld: 12.10216 + L_Nrml: 0.00000 + L_Eknl: 2.61535 + L_Div: 0.00000 + L_Morse: 0.19783
Epoch: 0 [6210/10000 (62%)] Unweighted L_s : L_Mnfld: 0.00075,  L_NonMnfld: 0.02017,  L_Nrml: 0.00000,  L_Eknl: 0.05231, L_Morse: 1.97834

Weights: [7000.0, 600.0, 0, 50.0, 0.0, 0.1], lr=5.000e-05
Epoch: 0 [6220/10000 (62%)] Loss: 21.16024 = L_Mnfld: 6.29953 + L_NonMnfld: 11.98303 + L_Nrml: 0.00000 + L_Eknl: 2.67882 + L_Div: 0.00000 + L_Morse: 0.19886
Epoch: 0 [6220/10000 (62%)] Unweighted L_s : L_Mnfld: 0.00090,  L_NonMnfld: 0.01997,  L_Nrml: 0.00000,  L_Eknl: 0.05358, L_Morse: 1.98861

Weights: [7000.0, 600.0, 0, 50.0, 0.0, 0.1], lr=5.000e-05
Epoch: 0 [6230/10000 (62%)] Loss: 21.26615 = L_Mnfld: 5.96998 + L_NonMnfld: 12.50734 + L_Nrml: 0.00000 + L_Eknl: 2.58373 + L_Div: 0.00000 + L_Morse: 0.20509
Epoch: 0 [6230/10000 (62%)] Unweighted L_s : L_Mnfld: 0.00085,  L_NonMnfld: 0.02085,  L_Nrml: 0.00000,  L_Eknl: 0.05167, L_Morse: 2.05094

Weights: [7000.0, 600.0, 0, 50.0, 0.0, 0.1], lr=5.000e-05
Epoch: 0 [6240/10000 (62%)] Loss: 21.98281 = L_Mnfld: 6.15941 + L_NonMnfld: 13.10050 + L_Nrml: 0.00000 + L_Eknl: 2.53142 + L_Div: 0.00000 + L_Morse: 0.19147
Epoch: 0 [6240/10000 (62%)] Unweighted L_s : L_Mnfld: 0.00088,  L_NonMnfld: 0.02183,  L_Nrml: 0.00000,  L_Eknl: 0.05063, L_Morse: 1.91473

Weights: [7000.0, 600.0, 0, 50.0, 0.0, 0.1], lr=5.000e-05
Epoch: 0 [6250/10000 (62%)] Loss: 20.48612 = L_Mnfld: 5.95078 + L_NonMnfld: 11.57745 + L_Nrml: 0.00000 + L_Eknl: 2.76163 + L_Div: 0.00000 + L_Morse: 0.19625
Epoch: 0 [6250/10000 (62%)] Unweighted L_s : L_Mnfld: 0.00085,  L_NonMnfld: 0.01930,  L_Nrml: 0.00000,  L_Eknl: 0.05523, L_Morse: 1.96255

Weights: [7000.0, 600.0, 0, 50.0, 0.0, 0.1], lr=5.000e-05
Epoch: 0 [6260/10000 (63%)] Loss: 20.83166 = L_Mnfld: 6.26115 + L_NonMnfld: 11.79385 + L_Nrml: 0.00000 + L_Eknl: 2.58251 + L_Div: 0.00000 + L_Morse: 0.19414
Epoch: 0 [6260/10000 (63%)] Unweighted L_s : L_Mnfld: 0.00089,  L_NonMnfld: 0.01966,  L_Nrml: 0.00000,  L_Eknl: 0.05165, L_Morse: 1.94142

Weights: [7000.0, 600.0, 0, 50.0, 0.0, 0.1], lr=5.000e-05
Epoch: 0 [6270/10000 (63%)] Loss: 20.86875 = L_Mnfld: 6.17059 + L_NonMnfld: 11.95399 + L_Nrml: 0.00000 + L_Eknl: 2.54512 + L_Div: 0.00000 + L_Morse: 0.19905
Epoch: 0 [6270/10000 (63%)] Unweighted L_s : L_Mnfld: 0.00088,  L_NonMnfld: 0.01992,  L_Nrml: 0.00000,  L_Eknl: 0.05090, L_Morse: 1.99046

Weights: [7000.0, 600.0, 0, 50.0, 0.0, 0.1], lr=5.000e-05
Epoch: 0 [6280/10000 (63%)] Loss: 20.96825 = L_Mnfld: 5.66481 + L_NonMnfld: 12.56756 + L_Nrml: 0.00000 + L_Eknl: 2.52845 + L_Div: 0.00000 + L_Morse: 0.20743
Epoch: 0 [6280/10000 (63%)] Unweighted L_s : L_Mnfld: 0.00081,  L_NonMnfld: 0.02095,  L_Nrml: 0.00000,  L_Eknl: 0.05057, L_Morse: 2.07428

Weights: [7000.0, 600.0, 0, 50.0, 0.0, 0.1], lr=5.000e-05
Epoch: 0 [6290/10000 (63%)] Loss: 20.48032 = L_Mnfld: 5.90678 + L_NonMnfld: 11.84121 + L_Nrml: 0.00000 + L_Eknl: 2.53410 + L_Div: 0.00000 + L_Morse: 0.19823
Epoch: 0 [6290/10000 (63%)] Unweighted L_s : L_Mnfld: 0.00084,  L_NonMnfld: 0.01974,  L_Nrml: 0.00000,  L_Eknl: 0.05068, L_Morse: 1.98233

Weights: [7000.0, 600.0, 0, 50.0, 0.0, 0.1], lr=5.000e-05
Epoch: 0 [6300/10000 (63%)] Loss: 21.08033 = L_Mnfld: 6.02890 + L_NonMnfld: 12.43094 + L_Nrml: 0.00000 + L_Eknl: 2.42543 + L_Div: 0.00000 + L_Morse: 0.19506
Epoch: 0 [6300/10000 (63%)] Unweighted L_s : L_Mnfld: 0.00086,  L_NonMnfld: 0.02072,  L_Nrml: 0.00000,  L_Eknl: 0.04851, L_Morse: 1.95060

Weights: [7000.0, 600.0, 0, 50.0, 0.0, 0.1], lr=5.000e-05
Epoch: 0 [6310/10000 (63%)] Loss: 20.64343 = L_Mnfld: 5.96590 + L_NonMnfld: 12.06038 + L_Nrml: 0.00000 + L_Eknl: 2.41640 + L_Div: 0.00000 + L_Morse: 0.20074
Epoch: 0 [6310/10000 (63%)] Unweighted L_s : L_Mnfld: 0.00085,  L_NonMnfld: 0.02010,  L_Nrml: 0.00000,  L_Eknl: 0.04833, L_Morse: 2.00744

Weights: [7000.0, 600.0, 0, 50.0, 0.0, 0.1], lr=5.000e-05
Epoch: 0 [6320/10000 (63%)] Loss: 20.66229 = L_Mnfld: 5.80444 + L_NonMnfld: 12.08732 + L_Nrml: 0.00000 + L_Eknl: 2.56555 + L_Div: 0.00000 + L_Morse: 0.20498
Epoch: 0 [6320/10000 (63%)] Unweighted L_s : L_Mnfld: 0.00083,  L_NonMnfld: 0.02015,  L_Nrml: 0.00000,  L_Eknl: 0.05131, L_Morse: 2.04976

Weights: [7000.0, 600.0, 0, 50.0, 0.0, 0.1], lr=5.000e-05
Epoch: 0 [6330/10000 (63%)] Loss: 20.43598 = L_Mnfld: 5.95530 + L_NonMnfld: 11.88105 + L_Nrml: 0.00000 + L_Eknl: 2.39073 + L_Div: 0.00000 + L_Morse: 0.20889
Epoch: 0 [6330/10000 (63%)] Unweighted L_s : L_Mnfld: 0.00085,  L_NonMnfld: 0.01980,  L_Nrml: 0.00000,  L_Eknl: 0.04781, L_Morse: 2.08893

Weights: [7000.0, 600.0, 0, 50.0, 0.0, 0.1], lr=5.000e-05
Epoch: 0 [6340/10000 (63%)] Loss: 21.79427 = L_Mnfld: 6.14462 + L_NonMnfld: 12.99125 + L_Nrml: 0.00000 + L_Eknl: 2.45925 + L_Div: 0.00000 + L_Morse: 0.19916
Epoch: 0 [6340/10000 (63%)] Unweighted L_s : L_Mnfld: 0.00088,  L_NonMnfld: 0.02165,  L_Nrml: 0.00000,  L_Eknl: 0.04918, L_Morse: 1.99156

Weights: [7000.0, 600.0, 0, 50.0, 0.0, 0.1], lr=5.000e-05
Epoch: 0 [6350/10000 (64%)] Loss: 20.79163 = L_Mnfld: 5.82660 + L_NonMnfld: 12.24651 + L_Nrml: 0.00000 + L_Eknl: 2.51057 + L_Div: 0.00000 + L_Morse: 0.20795
Epoch: 0 [6350/10000 (64%)] Unweighted L_s : L_Mnfld: 0.00083,  L_NonMnfld: 0.02041,  L_Nrml: 0.00000,  L_Eknl: 0.05021, L_Morse: 2.07950

Weights: [7000.0, 600.0, 0, 50.0, 0.0, 0.1], lr=5.000e-05
Epoch: 0 [6360/10000 (64%)] Loss: 20.87740 = L_Mnfld: 5.67625 + L_NonMnfld: 12.48534 + L_Nrml: 0.00000 + L_Eknl: 2.50025 + L_Div: 0.00000 + L_Morse: 0.21556
Epoch: 0 [6360/10000 (64%)] Unweighted L_s : L_Mnfld: 0.00081,  L_NonMnfld: 0.02081,  L_Nrml: 0.00000,  L_Eknl: 0.05000, L_Morse: 2.15558

Weights: [7000.0, 600.0, 0, 50.0, 0.0, 0.1], lr=5.000e-05
Epoch: 0 [6370/10000 (64%)] Loss: 20.11115 = L_Mnfld: 5.60474 + L_NonMnfld: 11.77339 + L_Nrml: 0.00000 + L_Eknl: 2.53661 + L_Div: 0.00000 + L_Morse: 0.19641
Epoch: 0 [6370/10000 (64%)] Unweighted L_s : L_Mnfld: 0.00080,  L_NonMnfld: 0.01962,  L_Nrml: 0.00000,  L_Eknl: 0.05073, L_Morse: 1.96413

Weights: [7000.0, 600.0, 0, 50.0, 0.0, 0.1], lr=5.000e-05
Epoch: 0 [6380/10000 (64%)] Loss: 20.22898 = L_Mnfld: 5.83199 + L_NonMnfld: 11.56708 + L_Nrml: 0.00000 + L_Eknl: 2.62715 + L_Div: 0.00000 + L_Morse: 0.20275
Epoch: 0 [6380/10000 (64%)] Unweighted L_s : L_Mnfld: 0.00083,  L_NonMnfld: 0.01928,  L_Nrml: 0.00000,  L_Eknl: 0.05254, L_Morse: 2.02754

Weights: [7000.0, 600.0, 0, 50.0, 0.0, 0.1], lr=5.000e-05
Epoch: 0 [6390/10000 (64%)] Loss: 20.70296 = L_Mnfld: 6.00027 + L_NonMnfld: 11.85084 + L_Nrml: 0.00000 + L_Eknl: 2.64240 + L_Div: 0.00000 + L_Morse: 0.20945
Epoch: 0 [6390/10000 (64%)] Unweighted L_s : L_Mnfld: 0.00086,  L_NonMnfld: 0.01975,  L_Nrml: 0.00000,  L_Eknl: 0.05285, L_Morse: 2.09448

Weights: [7000.0, 600.0, 0, 50.0, 0.0, 0.1], lr=5.000e-05
Epoch: 0 [6400/10000 (64%)] Loss: 20.62702 = L_Mnfld: 5.77652 + L_NonMnfld: 11.90621 + L_Nrml: 0.00000 + L_Eknl: 2.73368 + L_Div: 0.00000 + L_Morse: 0.21062
Epoch: 0 [6400/10000 (64%)] Unweighted L_s : L_Mnfld: 0.00083,  L_NonMnfld: 0.01984,  L_Nrml: 0.00000,  L_Eknl: 0.05467, L_Morse: 2.10617

Weights: [7000.0, 600.0, 0, 50.0, 0.0, 0.1], lr=5.000e-05
Epoch: 0 [6410/10000 (64%)] Loss: 21.61933 = L_Mnfld: 6.37035 + L_NonMnfld: 12.45346 + L_Nrml: 0.00000 + L_Eknl: 2.59409 + L_Div: 0.00000 + L_Morse: 0.20143
Epoch: 0 [6410/10000 (64%)] Unweighted L_s : L_Mnfld: 0.00091,  L_NonMnfld: 0.02076,  L_Nrml: 0.00000,  L_Eknl: 0.05188, L_Morse: 2.01432

Weights: [7000.0, 600.0, 0, 50.0, 0.0, 0.1], lr=5.000e-05
Epoch: 0 [6420/10000 (64%)] Loss: 21.22084 = L_Mnfld: 6.07154 + L_NonMnfld: 12.26539 + L_Nrml: 0.00000 + L_Eknl: 2.67614 + L_Div: 0.00000 + L_Morse: 0.20777
Epoch: 0 [6420/10000 (64%)] Unweighted L_s : L_Mnfld: 0.00087,  L_NonMnfld: 0.02044,  L_Nrml: 0.00000,  L_Eknl: 0.05352, L_Morse: 2.07771

Weights: [7000.0, 600.0, 0, 50.0, 0.0, 0.1], lr=5.000e-05
Epoch: 0 [6430/10000 (64%)] Loss: 20.85115 = L_Mnfld: 5.76998 + L_NonMnfld: 12.40097 + L_Nrml: 0.00000 + L_Eknl: 2.47813 + L_Div: 0.00000 + L_Morse: 0.20207
Epoch: 0 [6430/10000 (64%)] Unweighted L_s : L_Mnfld: 0.00082,  L_NonMnfld: 0.02067,  L_Nrml: 0.00000,  L_Eknl: 0.04956, L_Morse: 2.02069

Weights: [7000.0, 600.0, 0, 50.0, 0.0, 0.1], lr=5.000e-05
Epoch: 0 [6440/10000 (64%)] Loss: 21.50173 = L_Mnfld: 6.41758 + L_NonMnfld: 12.43320 + L_Nrml: 0.00000 + L_Eknl: 2.44224 + L_Div: 0.00000 + L_Morse: 0.20871
Epoch: 0 [6440/10000 (64%)] Unweighted L_s : L_Mnfld: 0.00092,  L_NonMnfld: 0.02072,  L_Nrml: 0.00000,  L_Eknl: 0.04884, L_Morse: 2.08714

Weights: [7000.0, 600.0, 0, 50.0, 0.0, 0.1], lr=5.000e-05
Epoch: 0 [6450/10000 (64%)] Loss: 21.17382 = L_Mnfld: 5.99959 + L_NonMnfld: 12.54253 + L_Nrml: 0.00000 + L_Eknl: 2.42903 + L_Div: 0.00000 + L_Morse: 0.20266
Epoch: 0 [6450/10000 (64%)] Unweighted L_s : L_Mnfld: 0.00086,  L_NonMnfld: 0.02090,  L_Nrml: 0.00000,  L_Eknl: 0.04858, L_Morse: 2.02663

Weights: [7000.0, 600.0, 0, 50.0, 0.0, 0.1], lr=5.000e-05
Epoch: 0 [6460/10000 (65%)] Loss: 20.91134 = L_Mnfld: 5.49008 + L_NonMnfld: 12.70228 + L_Nrml: 0.00000 + L_Eknl: 2.51190 + L_Div: 0.00000 + L_Morse: 0.20708
Epoch: 0 [6460/10000 (65%)] Unweighted L_s : L_Mnfld: 0.00078,  L_NonMnfld: 0.02117,  L_Nrml: 0.00000,  L_Eknl: 0.05024, L_Morse: 2.07079

Weights: [7000.0, 600.0, 0, 50.0, 0.0, 0.1], lr=5.000e-05
Epoch: 0 [6470/10000 (65%)] Loss: 20.49571 = L_Mnfld: 5.68506 + L_NonMnfld: 12.17202 + L_Nrml: 0.00000 + L_Eknl: 2.43592 + L_Div: 0.00000 + L_Morse: 0.20272
Epoch: 0 [6470/10000 (65%)] Unweighted L_s : L_Mnfld: 0.00081,  L_NonMnfld: 0.02029,  L_Nrml: 0.00000,  L_Eknl: 0.04872, L_Morse: 2.02716

Weights: [7000.0, 600.0, 0, 50.0, 0.0, 0.1], lr=5.000e-05
Epoch: 0 [6480/10000 (65%)] Loss: 19.94249 = L_Mnfld: 6.07061 + L_NonMnfld: 11.21500 + L_Nrml: 0.00000 + L_Eknl: 2.44943 + L_Div: 0.00000 + L_Morse: 0.20745
Epoch: 0 [6480/10000 (65%)] Unweighted L_s : L_Mnfld: 0.00087,  L_NonMnfld: 0.01869,  L_Nrml: 0.00000,  L_Eknl: 0.04899, L_Morse: 2.07449

Weights: [7000.0, 600.0, 0, 50.0, 0.0, 0.1], lr=5.000e-05
Epoch: 0 [6490/10000 (65%)] Loss: 21.05666 = L_Mnfld: 5.95948 + L_NonMnfld: 12.44635 + L_Nrml: 0.00000 + L_Eknl: 2.44261 + L_Div: 0.00000 + L_Morse: 0.20822
Epoch: 0 [6490/10000 (65%)] Unweighted L_s : L_Mnfld: 0.00085,  L_NonMnfld: 0.02074,  L_Nrml: 0.00000,  L_Eknl: 0.04885, L_Morse: 2.08224

Weights: [7000.0, 600.0, 0, 50.0, 0.0, 0.1], lr=5.000e-05
Epoch: 0 [6500/10000 (65%)] Loss: 20.69829 = L_Mnfld: 6.17885 + L_NonMnfld: 11.84236 + L_Nrml: 0.00000 + L_Eknl: 2.47000 + L_Div: 0.00000 + L_Morse: 0.20709
Epoch: 0 [6500/10000 (65%)] Unweighted L_s : L_Mnfld: 0.00088,  L_NonMnfld: 0.01974,  L_Nrml: 0.00000,  L_Eknl: 0.04940, L_Morse: 2.07088

Weights: [7000.0, 600.0, 0, 50.0, 0.0, 0.1], lr=5.000e-05
Epoch: 0 [6510/10000 (65%)] Loss: 20.46148 = L_Mnfld: 5.88466 + L_NonMnfld: 11.93305 + L_Nrml: 0.00000 + L_Eknl: 2.43008 + L_Div: 0.00000 + L_Morse: 0.21370
Epoch: 0 [6510/10000 (65%)] Unweighted L_s : L_Mnfld: 0.00084,  L_NonMnfld: 0.01989,  L_Nrml: 0.00000,  L_Eknl: 0.04860, L_Morse: 2.13696

Weights: [7000.0, 600.0, 0, 50.0, 0.0, 0.1], lr=5.000e-05
Epoch: 0 [6520/10000 (65%)] Loss: 20.94735 = L_Mnfld: 5.85683 + L_NonMnfld: 12.48516 + L_Nrml: 0.00000 + L_Eknl: 2.40117 + L_Div: 0.00000 + L_Morse: 0.20420
Epoch: 0 [6520/10000 (65%)] Unweighted L_s : L_Mnfld: 0.00084,  L_NonMnfld: 0.02081,  L_Nrml: 0.00000,  L_Eknl: 0.04802, L_Morse: 2.04197

Weights: [7000.0, 600.0, 0, 50.0, 0.0, 0.1], lr=5.000e-05
Epoch: 0 [6530/10000 (65%)] Loss: 19.66804 = L_Mnfld: 5.75414 + L_NonMnfld: 11.24583 + L_Nrml: 0.00000 + L_Eknl: 2.45993 + L_Div: 0.00000 + L_Morse: 0.20814
Epoch: 0 [6530/10000 (65%)] Unweighted L_s : L_Mnfld: 0.00082,  L_NonMnfld: 0.01874,  L_Nrml: 0.00000,  L_Eknl: 0.04920, L_Morse: 2.08141

Weights: [7000.0, 600.0, 0, 50.0, 0.0, 0.1], lr=5.000e-05
Epoch: 0 [6540/10000 (65%)] Loss: 19.17068 = L_Mnfld: 5.58252 + L_NonMnfld: 10.92245 + L_Nrml: 0.00000 + L_Eknl: 2.46520 + L_Div: 0.00000 + L_Morse: 0.20051
Epoch: 0 [6540/10000 (65%)] Unweighted L_s : L_Mnfld: 0.00080,  L_NonMnfld: 0.01820,  L_Nrml: 0.00000,  L_Eknl: 0.04930, L_Morse: 2.00507

Weights: [7000.0, 600.0, 0, 50.0, 0.0, 0.1], lr=5.000e-05
Epoch: 0 [6550/10000 (66%)] Loss: 20.09188 = L_Mnfld: 5.62881 + L_NonMnfld: 11.85677 + L_Nrml: 0.00000 + L_Eknl: 2.39012 + L_Div: 0.00000 + L_Morse: 0.21618
Epoch: 0 [6550/10000 (66%)] Unweighted L_s : L_Mnfld: 0.00080,  L_NonMnfld: 0.01976,  L_Nrml: 0.00000,  L_Eknl: 0.04780, L_Morse: 2.16177

Weights: [7000.0, 600.0, 0, 50.0, 0.0, 0.1], lr=5.000e-05
Epoch: 0 [6560/10000 (66%)] Loss: 21.24854 = L_Mnfld: 6.27044 + L_NonMnfld: 12.17974 + L_Nrml: 0.00000 + L_Eknl: 2.58855 + L_Div: 0.00000 + L_Morse: 0.20980
Epoch: 0 [6560/10000 (66%)] Unweighted L_s : L_Mnfld: 0.00090,  L_NonMnfld: 0.02030,  L_Nrml: 0.00000,  L_Eknl: 0.05177, L_Morse: 2.09800

Weights: [7000.0, 600.0, 0, 50.0, 0.0, 0.1], lr=5.000e-05
Epoch: 0 [6570/10000 (66%)] Loss: 20.19287 = L_Mnfld: 5.53044 + L_NonMnfld: 11.90992 + L_Nrml: 0.00000 + L_Eknl: 2.54076 + L_Div: 0.00000 + L_Morse: 0.21175
Epoch: 0 [6570/10000 (66%)] Unweighted L_s : L_Mnfld: 0.00079,  L_NonMnfld: 0.01985,  L_Nrml: 0.00000,  L_Eknl: 0.05082, L_Morse: 2.11747

Weights: [7000.0, 600.0, 0, 50.0, 0.0, 0.1], lr=5.000e-05
Epoch: 0 [6580/10000 (66%)] Loss: 19.76051 = L_Mnfld: 5.74991 + L_NonMnfld: 11.38425 + L_Nrml: 0.00000 + L_Eknl: 2.42340 + L_Div: 0.00000 + L_Morse: 0.20295
Epoch: 0 [6580/10000 (66%)] Unweighted L_s : L_Mnfld: 0.00082,  L_NonMnfld: 0.01897,  L_Nrml: 0.00000,  L_Eknl: 0.04847, L_Morse: 2.02952

Weights: [7000.0, 600.0, 0, 50.0, 0.0, 0.1], lr=5.000e-05
Epoch: 0 [6590/10000 (66%)] Loss: 21.29308 = L_Mnfld: 6.17466 + L_NonMnfld: 12.44781 + L_Nrml: 0.00000 + L_Eknl: 2.46640 + L_Div: 0.00000 + L_Morse: 0.20422
Epoch: 0 [6590/10000 (66%)] Unweighted L_s : L_Mnfld: 0.00088,  L_NonMnfld: 0.02075,  L_Nrml: 0.00000,  L_Eknl: 0.04933, L_Morse: 2.04222

Weights: [7000.0, 600.0, 0, 50.0, 0.0, 0.1], lr=5.000e-05
Epoch: 0 [6600/10000 (66%)] Loss: 20.32006 = L_Mnfld: 5.86643 + L_NonMnfld: 11.80700 + L_Nrml: 0.00000 + L_Eknl: 2.44305 + L_Div: 0.00000 + L_Morse: 0.20359
Epoch: 0 [6600/10000 (66%)] Unweighted L_s : L_Mnfld: 0.00084,  L_NonMnfld: 0.01968,  L_Nrml: 0.00000,  L_Eknl: 0.04886, L_Morse: 2.03588

Weights: [7000.0, 600.0, 0, 50.0, 0.0, 0.1], lr=5.000e-05
Epoch: 0 [6610/10000 (66%)] Loss: 20.92183 = L_Mnfld: 5.82780 + L_NonMnfld: 12.48664 + L_Nrml: 0.00000 + L_Eknl: 2.40679 + L_Div: 0.00000 + L_Morse: 0.20060
Epoch: 0 [6610/10000 (66%)] Unweighted L_s : L_Mnfld: 0.00083,  L_NonMnfld: 0.02081,  L_Nrml: 0.00000,  L_Eknl: 0.04814, L_Morse: 2.00601

Weights: [7000.0, 600.0, 0, 50.0, 0.0, 0.1], lr=5.000e-05
Epoch: 0 [6620/10000 (66%)] Loss: 21.81809 = L_Mnfld: 6.74411 + L_NonMnfld: 12.39907 + L_Nrml: 0.00000 + L_Eknl: 2.45825 + L_Div: 0.00000 + L_Morse: 0.21667
Epoch: 0 [6620/10000 (66%)] Unweighted L_s : L_Mnfld: 0.00096,  L_NonMnfld: 0.02067,  L_Nrml: 0.00000,  L_Eknl: 0.04917, L_Morse: 2.16666

Weights: [7000.0, 600.0, 0, 50.0, 0.0, 0.1], lr=5.000e-05
Epoch: 0 [6630/10000 (66%)] Loss: 20.95991 = L_Mnfld: 6.53146 + L_NonMnfld: 11.76729 + L_Nrml: 0.00000 + L_Eknl: 2.45370 + L_Div: 0.00000 + L_Morse: 0.20745
Epoch: 0 [6630/10000 (66%)] Unweighted L_s : L_Mnfld: 0.00093,  L_NonMnfld: 0.01961,  L_Nrml: 0.00000,  L_Eknl: 0.04907, L_Morse: 2.07455

Weights: [7000.0, 600.0, 0, 50.0, 0.0, 0.1], lr=5.000e-05
Epoch: 0 [6640/10000 (66%)] Loss: 21.02986 = L_Mnfld: 6.49247 + L_NonMnfld: 11.85767 + L_Nrml: 0.00000 + L_Eknl: 2.47308 + L_Div: 0.00000 + L_Morse: 0.20664
Epoch: 0 [6640/10000 (66%)] Unweighted L_s : L_Mnfld: 0.00093,  L_NonMnfld: 0.01976,  L_Nrml: 0.00000,  L_Eknl: 0.04946, L_Morse: 2.06641

Weights: [7000.0, 600.0, 0, 50.0, 0.0, 0.1], lr=5.000e-05
Epoch: 0 [6650/10000 (66%)] Loss: 20.87209 = L_Mnfld: 6.50473 + L_NonMnfld: 11.43974 + L_Nrml: 0.00000 + L_Eknl: 2.72095 + L_Div: 0.00000 + L_Morse: 0.20667
Epoch: 0 [6650/10000 (66%)] Unweighted L_s : L_Mnfld: 0.00093,  L_NonMnfld: 0.01907,  L_Nrml: 0.00000,  L_Eknl: 0.05442, L_Morse: 2.06672

Weights: [7000.0, 600.0, 0, 50.0, 0.0, 0.1], lr=5.000e-05
Epoch: 0 [6660/10000 (67%)] Loss: 21.88874 = L_Mnfld: 6.24909 + L_NonMnfld: 12.88184 + L_Nrml: 0.00000 + L_Eknl: 2.55384 + L_Div: 0.00000 + L_Morse: 0.20398
Epoch: 0 [6660/10000 (67%)] Unweighted L_s : L_Mnfld: 0.00089,  L_NonMnfld: 0.02147,  L_Nrml: 0.00000,  L_Eknl: 0.05108, L_Morse: 2.03978

Weights: [7000.0, 600.0, 0, 50.0, 0.0, 0.1], lr=5.000e-05
Epoch: 0 [6670/10000 (67%)] Loss: 20.61497 = L_Mnfld: 6.04415 + L_NonMnfld: 11.83206 + L_Nrml: 0.00000 + L_Eknl: 2.53140 + L_Div: 0.00000 + L_Morse: 0.20736
Epoch: 0 [6670/10000 (67%)] Unweighted L_s : L_Mnfld: 0.00086,  L_NonMnfld: 0.01972,  L_Nrml: 0.00000,  L_Eknl: 0.05063, L_Morse: 2.07363

Weights: [7000.0, 600.0, 0, 50.0, 0.0, 0.1], lr=5.000e-05
Epoch: 0 [6680/10000 (67%)] Loss: 20.99888 = L_Mnfld: 6.03821 + L_NonMnfld: 12.28519 + L_Nrml: 0.00000 + L_Eknl: 2.46079 + L_Div: 0.00000 + L_Morse: 0.21470
Epoch: 0 [6680/10000 (67%)] Unweighted L_s : L_Mnfld: 0.00086,  L_NonMnfld: 0.02048,  L_Nrml: 0.00000,  L_Eknl: 0.04922, L_Morse: 2.14700

Weights: [7000.0, 600.0, 0, 50.0, 0.0, 0.1], lr=5.000e-05
Epoch: 0 [6690/10000 (67%)] Loss: 21.05807 = L_Mnfld: 5.85028 + L_NonMnfld: 12.37633 + L_Nrml: 0.00000 + L_Eknl: 2.62756 + L_Div: 0.00000 + L_Morse: 0.20391
Epoch: 0 [6690/10000 (67%)] Unweighted L_s : L_Mnfld: 0.00084,  L_NonMnfld: 0.02063,  L_Nrml: 0.00000,  L_Eknl: 0.05255, L_Morse: 2.03914

Weights: [7000.0, 600.0, 0, 50.0, 0.0, 0.1], lr=5.000e-05
Epoch: 0 [6700/10000 (67%)] Loss: 19.79964 = L_Mnfld: 5.57122 + L_NonMnfld: 11.41294 + L_Nrml: 0.00000 + L_Eknl: 2.60623 + L_Div: 0.00000 + L_Morse: 0.20924
Epoch: 0 [6700/10000 (67%)] Unweighted L_s : L_Mnfld: 0.00080,  L_NonMnfld: 0.01902,  L_Nrml: 0.00000,  L_Eknl: 0.05212, L_Morse: 2.09245

Weights: [7000.0, 600.0, 0, 50.0, 0.0, 0.1], lr=5.000e-05
Epoch: 0 [6710/10000 (67%)] Loss: 20.32920 = L_Mnfld: 6.14314 + L_NonMnfld: 11.44155 + L_Nrml: 0.00000 + L_Eknl: 2.54303 + L_Div: 0.00000 + L_Morse: 0.20148
Epoch: 0 [6710/10000 (67%)] Unweighted L_s : L_Mnfld: 0.00088,  L_NonMnfld: 0.01907,  L_Nrml: 0.00000,  L_Eknl: 0.05086, L_Morse: 2.01475

Weights: [7000.0, 600.0, 0, 50.0, 0.0, 0.1], lr=5.000e-05
Epoch: 0 [6720/10000 (67%)] Loss: 19.94405 = L_Mnfld: 5.95018 + L_NonMnfld: 11.11671 + L_Nrml: 0.00000 + L_Eknl: 2.65766 + L_Div: 0.00000 + L_Morse: 0.21950
Epoch: 0 [6720/10000 (67%)] Unweighted L_s : L_Mnfld: 0.00085,  L_NonMnfld: 0.01853,  L_Nrml: 0.00000,  L_Eknl: 0.05315, L_Morse: 2.19498

Weights: [7000.0, 600.0, 0, 50.0, 0.0, 0.1], lr=5.000e-05
Epoch: 0 [6730/10000 (67%)] Loss: 21.41883 = L_Mnfld: 5.81854 + L_NonMnfld: 12.92747 + L_Nrml: 0.00000 + L_Eknl: 2.45686 + L_Div: 0.00000 + L_Morse: 0.21597
Epoch: 0 [6730/10000 (67%)] Unweighted L_s : L_Mnfld: 0.00083,  L_NonMnfld: 0.02155,  L_Nrml: 0.00000,  L_Eknl: 0.04914, L_Morse: 2.15966

Weights: [7000.0, 600.0, 0, 50.0, 0.0, 0.1], lr=5.000e-05
Epoch: 0 [6740/10000 (67%)] Loss: 21.83273 = L_Mnfld: 6.65418 + L_NonMnfld: 12.07428 + L_Nrml: 0.00000 + L_Eknl: 2.89017 + L_Div: 0.00000 + L_Morse: 0.21410
Epoch: 0 [6740/10000 (67%)] Unweighted L_s : L_Mnfld: 0.00095,  L_NonMnfld: 0.02012,  L_Nrml: 0.00000,  L_Eknl: 0.05780, L_Morse: 2.14095

Weights: [7000.0, 600.0, 0, 50.0, 0.0, 0.1], lr=5.000e-05
Epoch: 0 [6750/10000 (68%)] Loss: 22.33573 = L_Mnfld: 7.03104 + L_NonMnfld: 12.38644 + L_Nrml: 0.00000 + L_Eknl: 2.69876 + L_Div: 0.00000 + L_Morse: 0.21949
Epoch: 0 [6750/10000 (68%)] Unweighted L_s : L_Mnfld: 0.00100,  L_NonMnfld: 0.02064,  L_Nrml: 0.00000,  L_Eknl: 0.05398, L_Morse: 2.19486

Weights: [7000.0, 600.0, 0, 50.0, 0.0, 0.1], lr=5.000e-05
Epoch: 0 [6760/10000 (68%)] Loss: 21.15076 = L_Mnfld: 6.64528 + L_NonMnfld: 11.66905 + L_Nrml: 0.00000 + L_Eknl: 2.62233 + L_Div: 0.00000 + L_Morse: 0.21410
Epoch: 0 [6760/10000 (68%)] Unweighted L_s : L_Mnfld: 0.00095,  L_NonMnfld: 0.01945,  L_Nrml: 0.00000,  L_Eknl: 0.05245, L_Morse: 2.14100

Weights: [7000.0, 600.0, 0, 50.0, 0.0, 0.1], lr=5.000e-05
Epoch: 0 [6770/10000 (68%)] Loss: 21.42934 = L_Mnfld: 6.77708 + L_NonMnfld: 11.92855 + L_Nrml: 0.00000 + L_Eknl: 2.51227 + L_Div: 0.00000 + L_Morse: 0.21145
Epoch: 0 [6770/10000 (68%)] Unweighted L_s : L_Mnfld: 0.00097,  L_NonMnfld: 0.01988,  L_Nrml: 0.00000,  L_Eknl: 0.05025, L_Morse: 2.11449

Weights: [7000.0, 600.0, 0, 50.0, 0.0, 0.1], lr=5.000e-05
Epoch: 0 [6780/10000 (68%)] Loss: 21.94113 = L_Mnfld: 6.87294 + L_NonMnfld: 12.41861 + L_Nrml: 0.00000 + L_Eknl: 2.43243 + L_Div: 0.00000 + L_Morse: 0.21715
Epoch: 0 [6780/10000 (68%)] Unweighted L_s : L_Mnfld: 0.00098,  L_NonMnfld: 0.02070,  L_Nrml: 0.00000,  L_Eknl: 0.04865, L_Morse: 2.17145

Weights: [7000.0, 600.0, 0, 50.0, 0.0, 0.1], lr=5.000e-05
Epoch: 0 [6790/10000 (68%)] Loss: 20.50339 = L_Mnfld: 5.74339 + L_NonMnfld: 12.02778 + L_Nrml: 0.00000 + L_Eknl: 2.51563 + L_Div: 0.00000 + L_Morse: 0.21659
Epoch: 0 [6790/10000 (68%)] Unweighted L_s : L_Mnfld: 0.00082,  L_NonMnfld: 0.02005,  L_Nrml: 0.00000,  L_Eknl: 0.05031, L_Morse: 2.16591

Weights: [7000.0, 600.0, 0, 50.0, 0.0, 0.1], lr=5.000e-05
Epoch: 0 [6800/10000 (68%)] Loss: 20.44933 = L_Mnfld: 6.05064 + L_NonMnfld: 11.75181 + L_Nrml: 0.00000 + L_Eknl: 2.43088 + L_Div: 0.00000 + L_Morse: 0.21599
Epoch: 0 [6800/10000 (68%)] Unweighted L_s : L_Mnfld: 0.00086,  L_NonMnfld: 0.01959,  L_Nrml: 0.00000,  L_Eknl: 0.04862, L_Morse: 2.15995

Weights: [7000.0, 600.0, 0, 50.0, 0.0, 0.1], lr=5.000e-05
Epoch: 0 [6810/10000 (68%)] Loss: 20.50947 = L_Mnfld: 5.50923 + L_NonMnfld: 12.29996 + L_Nrml: 0.00000 + L_Eknl: 2.49425 + L_Div: 0.00000 + L_Morse: 0.20603
Epoch: 0 [6810/10000 (68%)] Unweighted L_s : L_Mnfld: 0.00079,  L_NonMnfld: 0.02050,  L_Nrml: 0.00000,  L_Eknl: 0.04988, L_Morse: 2.06028

Weights: [7000.0, 600.0, 0, 50.0, 0.0, 0.1], lr=5.000e-05
Epoch: 0 [6820/10000 (68%)] Loss: 21.78101 = L_Mnfld: 6.02714 + L_NonMnfld: 13.09505 + L_Nrml: 0.00000 + L_Eknl: 2.45189 + L_Div: 0.00000 + L_Morse: 0.20693
Epoch: 0 [6820/10000 (68%)] Unweighted L_s : L_Mnfld: 0.00086,  L_NonMnfld: 0.02183,  L_Nrml: 0.00000,  L_Eknl: 0.04904, L_Morse: 2.06928

Weights: [7000.0, 600.0, 0, 50.0, 0.0, 0.1], lr=5.000e-05
Epoch: 0 [6830/10000 (68%)] Loss: 20.09217 = L_Mnfld: 6.09144 + L_NonMnfld: 11.33719 + L_Nrml: 0.00000 + L_Eknl: 2.45435 + L_Div: 0.00000 + L_Morse: 0.20919
Epoch: 0 [6830/10000 (68%)] Unweighted L_s : L_Mnfld: 0.00087,  L_NonMnfld: 0.01890,  L_Nrml: 0.00000,  L_Eknl: 0.04909, L_Morse: 2.09189

Weights: [7000.0, 600.0, 0, 50.0, 0.0, 0.1], lr=5.000e-05
Epoch: 0 [6840/10000 (68%)] Loss: 21.45698 = L_Mnfld: 6.29617 + L_NonMnfld: 12.21457 + L_Nrml: 0.00000 + L_Eknl: 2.72982 + L_Div: 0.00000 + L_Morse: 0.21642
Epoch: 0 [6840/10000 (68%)] Unweighted L_s : L_Mnfld: 0.00090,  L_NonMnfld: 0.02036,  L_Nrml: 0.00000,  L_Eknl: 0.05460, L_Morse: 2.16421

Weights: [7000.0, 600.0, 0, 50.0, 0.0, 0.1], lr=5.000e-05
Epoch: 0 [6850/10000 (68%)] Loss: 21.29446 = L_Mnfld: 6.32721 + L_NonMnfld: 12.22333 + L_Nrml: 0.00000 + L_Eknl: 2.52968 + L_Div: 0.00000 + L_Morse: 0.21424
Epoch: 0 [6850/10000 (68%)] Unweighted L_s : L_Mnfld: 0.00090,  L_NonMnfld: 0.02037,  L_Nrml: 0.00000,  L_Eknl: 0.05059, L_Morse: 2.14237

Weights: [7000.0, 600.0, 0, 50.0, 0.0, 0.1], lr=5.000e-05
Epoch: 0 [6860/10000 (69%)] Loss: 21.44526 = L_Mnfld: 6.67512 + L_NonMnfld: 11.70884 + L_Nrml: 0.00000 + L_Eknl: 2.84040 + L_Div: 0.00000 + L_Morse: 0.22090
Epoch: 0 [6860/10000 (69%)] Unweighted L_s : L_Mnfld: 0.00095,  L_NonMnfld: 0.01951,  L_Nrml: 0.00000,  L_Eknl: 0.05681, L_Morse: 2.20900

Weights: [7000.0, 600.0, 0, 50.0, 0.0, 0.1], lr=5.000e-05
Epoch: 0 [6870/10000 (69%)] Loss: 21.16593 = L_Mnfld: 6.52265 + L_NonMnfld: 11.72282 + L_Nrml: 0.00000 + L_Eknl: 2.70411 + L_Div: 0.00000 + L_Morse: 0.21634
Epoch: 0 [6870/10000 (69%)] Unweighted L_s : L_Mnfld: 0.00093,  L_NonMnfld: 0.01954,  L_Nrml: 0.00000,  L_Eknl: 0.05408, L_Morse: 2.16338

Weights: [7000.0, 600.0, 0, 50.0, 0.0, 0.1], lr=5.000e-05
Epoch: 0 [6880/10000 (69%)] Loss: 20.93662 = L_Mnfld: 6.34290 + L_NonMnfld: 11.82383 + L_Nrml: 0.00000 + L_Eknl: 2.55127 + L_Div: 0.00000 + L_Morse: 0.21863
Epoch: 0 [6880/10000 (69%)] Unweighted L_s : L_Mnfld: 0.00091,  L_NonMnfld: 0.01971,  L_Nrml: 0.00000,  L_Eknl: 0.05103, L_Morse: 2.18627

Weights: [7000.0, 600.0, 0, 50.0, 0.0, 0.1], lr=5.000e-05
Epoch: 0 [6890/10000 (69%)] Loss: 21.07699 = L_Mnfld: 6.21466 + L_NonMnfld: 12.15087 + L_Nrml: 0.00000 + L_Eknl: 2.49657 + L_Div: 0.00000 + L_Morse: 0.21489
Epoch: 0 [6890/10000 (69%)] Unweighted L_s : L_Mnfld: 0.00089,  L_NonMnfld: 0.02025,  L_Nrml: 0.00000,  L_Eknl: 0.04993, L_Morse: 2.14886

Weights: [7000.0, 600.0, 0, 50.0, 0.0, 0.1], lr=5.000e-05
Epoch: 0 [6900/10000 (69%)] Loss: 20.86290 = L_Mnfld: 6.42837 + L_NonMnfld: 11.68617 + L_Nrml: 0.00000 + L_Eknl: 2.53589 + L_Div: 0.00000 + L_Morse: 0.21247
Epoch: 0 [6900/10000 (69%)] Unweighted L_s : L_Mnfld: 0.00092,  L_NonMnfld: 0.01948,  L_Nrml: 0.00000,  L_Eknl: 0.05072, L_Morse: 2.12472

Weights: [7000.0, 600.0, 0, 50.0, 0.0, 0.1], lr=5.000e-05
Epoch: 0 [6910/10000 (69%)] Loss: 20.10670 = L_Mnfld: 6.22060 + L_NonMnfld: 11.14934 + L_Nrml: 0.00000 + L_Eknl: 2.52732 + L_Div: 0.00000 + L_Morse: 0.20945
Epoch: 0 [6910/10000 (69%)] Unweighted L_s : L_Mnfld: 0.00089,  L_NonMnfld: 0.01858,  L_Nrml: 0.00000,  L_Eknl: 0.05055, L_Morse: 2.09448

Weights: [7000.0, 600.0, 0, 50.0, 0.0, 0.1], lr=5.000e-05
Epoch: 0 [6920/10000 (69%)] Loss: 21.54374 = L_Mnfld: 6.41221 + L_NonMnfld: 12.45607 + L_Nrml: 0.00000 + L_Eknl: 2.45329 + L_Div: 0.00000 + L_Morse: 0.22217
Epoch: 0 [6920/10000 (69%)] Unweighted L_s : L_Mnfld: 0.00092,  L_NonMnfld: 0.02076,  L_Nrml: 0.00000,  L_Eknl: 0.04907, L_Morse: 2.22173

Weights: [7000.0, 600.0, 0, 50.0, 0.0, 0.1], lr=5.000e-05
Epoch: 0 [6930/10000 (69%)] Loss: 21.75056 = L_Mnfld: 5.86402 + L_NonMnfld: 13.01937 + L_Nrml: 0.00000 + L_Eknl: 2.66772 + L_Div: 0.00000 + L_Morse: 0.19945
Epoch: 0 [6930/10000 (69%)] Unweighted L_s : L_Mnfld: 0.00084,  L_NonMnfld: 0.02170,  L_Nrml: 0.00000,  L_Eknl: 0.05335, L_Morse: 1.99445

Weights: [7000.0, 600.0, 0, 50.0, 0.0, 0.1], lr=5.000e-05
Epoch: 0 [6940/10000 (69%)] Loss: 22.01713 = L_Mnfld: 6.33827 + L_NonMnfld: 12.81960 + L_Nrml: 0.00000 + L_Eknl: 2.65523 + L_Div: 0.00000 + L_Morse: 0.20403
Epoch: 0 [6940/10000 (69%)] Unweighted L_s : L_Mnfld: 0.00091,  L_NonMnfld: 0.02137,  L_Nrml: 0.00000,  L_Eknl: 0.05310, L_Morse: 2.04029

Weights: [7000.0, 600.0, 0, 50.0, 0.0, 0.1], lr=5.000e-05
Epoch: 0 [6950/10000 (70%)] Loss: 20.39545 = L_Mnfld: 6.24042 + L_NonMnfld: 11.37610 + L_Nrml: 0.00000 + L_Eknl: 2.56573 + L_Div: 0.00000 + L_Morse: 0.21321
Epoch: 0 [6950/10000 (70%)] Unweighted L_s : L_Mnfld: 0.00089,  L_NonMnfld: 0.01896,  L_Nrml: 0.00000,  L_Eknl: 0.05131, L_Morse: 2.13209

Weights: [7000.0, 600.0, 0, 50.0, 0.0, 0.1], lr=5.000e-05
Epoch: 0 [6960/10000 (70%)] Loss: 22.20081 = L_Mnfld: 6.12453 + L_NonMnfld: 13.44955 + L_Nrml: 0.00000 + L_Eknl: 2.41767 + L_Div: 0.00000 + L_Morse: 0.20906
Epoch: 0 [6960/10000 (70%)] Unweighted L_s : L_Mnfld: 0.00087,  L_NonMnfld: 0.02242,  L_Nrml: 0.00000,  L_Eknl: 0.04835, L_Morse: 2.09058

Weights: [7000.0, 600.0, 0, 50.0, 0.0, 0.1], lr=5.000e-05
Epoch: 0 [6970/10000 (70%)] Loss: 20.68538 = L_Mnfld: 6.34920 + L_NonMnfld: 11.69125 + L_Nrml: 0.00000 + L_Eknl: 2.43067 + L_Div: 0.00000 + L_Morse: 0.21426
Epoch: 0 [6970/10000 (70%)] Unweighted L_s : L_Mnfld: 0.00091,  L_NonMnfld: 0.01949,  L_Nrml: 0.00000,  L_Eknl: 0.04861, L_Morse: 2.14256

Weights: [7000.0, 600.0, 0, 50.0, 0.0, 0.1], lr=5.000e-05
Epoch: 0 [6980/10000 (70%)] Loss: 20.49489 = L_Mnfld: 5.94671 + L_NonMnfld: 11.84387 + L_Nrml: 0.00000 + L_Eknl: 2.49208 + L_Div: 0.00000 + L_Morse: 0.21223
Epoch: 0 [6980/10000 (70%)] Unweighted L_s : L_Mnfld: 0.00085,  L_NonMnfld: 0.01974,  L_Nrml: 0.00000,  L_Eknl: 0.04984, L_Morse: 2.12229

Weights: [7000.0, 600.0, 0, 50.0, 0.0, 0.1], lr=5.000e-05
Epoch: 0 [6990/10000 (70%)] Loss: 20.74521 = L_Mnfld: 6.12077 + L_NonMnfld: 11.94426 + L_Nrml: 0.00000 + L_Eknl: 2.46618 + L_Div: 0.00000 + L_Morse: 0.21400
Epoch: 0 [6990/10000 (70%)] Unweighted L_s : L_Mnfld: 0.00087,  L_NonMnfld: 0.01991,  L_Nrml: 0.00000,  L_Eknl: 0.04932, L_Morse: 2.13998

Weights: [7000.0, 600.0, 0, 50.0, 0.0, 0.1], lr=5.000e-05
Epoch: 0 [7000/10000 (70%)] Loss: 19.49030 = L_Mnfld: 6.02971 + L_NonMnfld: 10.76298 + L_Nrml: 0.00000 + L_Eknl: 2.47796 + L_Div: 0.00000 + L_Morse: 0.21965
Epoch: 0 [7000/10000 (70%)] Unweighted L_s : L_Mnfld: 0.00086,  L_NonMnfld: 0.01794,  L_Nrml: 0.00000,  L_Eknl: 0.04956, L_Morse: 2.19655

Weights: [7000.0, 600.0, 0, 50.0, 0.0, 0.1], lr=5.000e-05
Epoch: 0 [7010/10000 (70%)] Loss: 20.77882 = L_Mnfld: 5.61544 + L_NonMnfld: 12.60060 + L_Nrml: 0.00000 + L_Eknl: 2.35276 + L_Div: 0.00000 + L_Morse: 0.21002
Epoch: 0 [7010/10000 (70%)] Unweighted L_s : L_Mnfld: 0.00080,  L_NonMnfld: 0.02100,  L_Nrml: 0.00000,  L_Eknl: 0.04706, L_Morse: 2.10016

Weights: [7000.0, 600.0, 0, 50.0, 0.0, 0.1], lr=5.000e-05
Epoch: 0 [7020/10000 (70%)] Loss: 19.41173 = L_Mnfld: 6.31822 + L_NonMnfld: 10.57968 + L_Nrml: 0.00000 + L_Eknl: 2.29894 + L_Div: 0.00000 + L_Morse: 0.21490
Epoch: 0 [7020/10000 (70%)] Unweighted L_s : L_Mnfld: 0.00090,  L_NonMnfld: 0.01763,  L_Nrml: 0.00000,  L_Eknl: 0.04598, L_Morse: 2.14900

Weights: [7000.0, 600.0, 0, 50.0, 0.0, 0.1], lr=5.000e-05
Epoch: 0 [7030/10000 (70%)] Loss: 19.51137 = L_Mnfld: 5.80729 + L_NonMnfld: 11.04560 + L_Nrml: 0.00000 + L_Eknl: 2.43771 + L_Div: 0.00000 + L_Morse: 0.22077
Epoch: 0 [7030/10000 (70%)] Unweighted L_s : L_Mnfld: 0.00083,  L_NonMnfld: 0.01841,  L_Nrml: 0.00000,  L_Eknl: 0.04875, L_Morse: 2.20770

Weights: [7000.0, 600.0, 0, 50.0, 0.0, 0.1], lr=5.000e-05
Epoch: 0 [7040/10000 (70%)] Loss: 20.31156 = L_Mnfld: 5.64087 + L_NonMnfld: 12.14468 + L_Nrml: 0.00000 + L_Eknl: 2.31313 + L_Div: 0.00000 + L_Morse: 0.21288
Epoch: 0 [7040/10000 (70%)] Unweighted L_s : L_Mnfld: 0.00081,  L_NonMnfld: 0.02024,  L_Nrml: 0.00000,  L_Eknl: 0.04626, L_Morse: 2.12881

Weights: [7000.0, 600.0, 0, 50.0, 0.0, 0.1], lr=5.000e-05
Epoch: 0 [7050/10000 (70%)] Loss: 19.96747 = L_Mnfld: 5.44663 + L_NonMnfld: 11.88669 + L_Nrml: 0.00000 + L_Eknl: 2.42224 + L_Div: 0.00000 + L_Morse: 0.21192
Epoch: 0 [7050/10000 (70%)] Unweighted L_s : L_Mnfld: 0.00078,  L_NonMnfld: 0.01981,  L_Nrml: 0.00000,  L_Eknl: 0.04844, L_Morse: 2.11918

Weights: [7000.0, 600.0, 0, 50.0, 0.0, 0.1], lr=5.000e-05
Epoch: 0 [7060/10000 (71%)] Loss: 20.32441 = L_Mnfld: 5.78871 + L_NonMnfld: 11.74849 + L_Nrml: 0.00000 + L_Eknl: 2.57062 + L_Div: 0.00000 + L_Morse: 0.21658
Epoch: 0 [7060/10000 (71%)] Unweighted L_s : L_Mnfld: 0.00083,  L_NonMnfld: 0.01958,  L_Nrml: 0.00000,  L_Eknl: 0.05141, L_Morse: 2.16584

Weights: [7000.0, 600.0, 0, 50.0, 0.0, 0.1], lr=5.000e-05
Epoch: 0 [7070/10000 (71%)] Loss: 19.93631 = L_Mnfld: 5.57406 + L_NonMnfld: 11.60362 + L_Nrml: 0.00000 + L_Eknl: 2.54698 + L_Div: 0.00000 + L_Morse: 0.21165
Epoch: 0 [7070/10000 (71%)] Unweighted L_s : L_Mnfld: 0.00080,  L_NonMnfld: 0.01934,  L_Nrml: 0.00000,  L_Eknl: 0.05094, L_Morse: 2.11647

Weights: [7000.0, 600.0, 0, 50.0, 0.0, 0.1], lr=5.000e-05
Epoch: 0 [7080/10000 (71%)] Loss: 19.90672 = L_Mnfld: 5.69701 + L_NonMnfld: 11.46120 + L_Nrml: 0.00000 + L_Eknl: 2.53639 + L_Div: 0.00000 + L_Morse: 0.21212
Epoch: 0 [7080/10000 (71%)] Unweighted L_s : L_Mnfld: 0.00081,  L_NonMnfld: 0.01910,  L_Nrml: 0.00000,  L_Eknl: 0.05073, L_Morse: 2.12121

Weights: [7000.0, 600.0, 0, 50.0, 0.0, 0.1], lr=5.000e-05
Epoch: 0 [7090/10000 (71%)] Loss: 20.74657 = L_Mnfld: 5.48089 + L_NonMnfld: 12.68228 + L_Nrml: 0.00000 + L_Eknl: 2.35916 + L_Div: 0.00000 + L_Morse: 0.22423
Epoch: 0 [7090/10000 (71%)] Unweighted L_s : L_Mnfld: 0.00078,  L_NonMnfld: 0.02114,  L_Nrml: 0.00000,  L_Eknl: 0.04718, L_Morse: 2.24235

Weights: [7000.0, 600.0, 0, 50.0, 0.0, 0.1], lr=5.000e-05
Epoch: 0 [7100/10000 (71%)] Loss: 19.05412 = L_Mnfld: 5.58218 + L_NonMnfld: 10.89255 + L_Nrml: 0.00000 + L_Eknl: 2.37044 + L_Div: 0.00000 + L_Morse: 0.20894
Epoch: 0 [7100/10000 (71%)] Unweighted L_s : L_Mnfld: 0.00080,  L_NonMnfld: 0.01815,  L_Nrml: 0.00000,  L_Eknl: 0.04741, L_Morse: 2.08945

Weights: [7000.0, 600.0, 0, 50.0, 0.0, 0.1], lr=5.000e-05
Epoch: 0 [7110/10000 (71%)] Loss: 20.92071 = L_Mnfld: 5.91531 + L_NonMnfld: 12.34423 + L_Nrml: 0.00000 + L_Eknl: 2.44187 + L_Div: 0.00000 + L_Morse: 0.21930
Epoch: 0 [7110/10000 (71%)] Unweighted L_s : L_Mnfld: 0.00085,  L_NonMnfld: 0.02057,  L_Nrml: 0.00000,  L_Eknl: 0.04884, L_Morse: 2.19296

Weights: [7000.0, 600.0, 0, 50.0, 0.0, 0.1], lr=5.000e-05
Epoch: 0 [7120/10000 (71%)] Loss: 19.42233 = L_Mnfld: 5.99893 + L_NonMnfld: 10.76369 + L_Nrml: 0.00000 + L_Eknl: 2.44578 + L_Div: 0.00000 + L_Morse: 0.21392
Epoch: 0 [7120/10000 (71%)] Unweighted L_s : L_Mnfld: 0.00086,  L_NonMnfld: 0.01794,  L_Nrml: 0.00000,  L_Eknl: 0.04892, L_Morse: 2.13922

Weights: [7000.0, 600.0, 0, 50.0, 0.0, 0.1], lr=5.000e-05
Epoch: 0 [7130/10000 (71%)] Loss: 20.25194 = L_Mnfld: 5.29561 + L_NonMnfld: 12.36259 + L_Nrml: 0.00000 + L_Eknl: 2.37209 + L_Div: 0.00000 + L_Morse: 0.22165
Epoch: 0 [7130/10000 (71%)] Unweighted L_s : L_Mnfld: 0.00076,  L_NonMnfld: 0.02060,  L_Nrml: 0.00000,  L_Eknl: 0.04744, L_Morse: 2.21654

Weights: [7000.0, 600.0, 0, 50.0, 0.0, 0.1], lr=5.000e-05
Epoch: 0 [7140/10000 (71%)] Loss: 20.06994 = L_Mnfld: 5.86024 + L_NonMnfld: 11.57578 + L_Nrml: 0.00000 + L_Eknl: 2.42007 + L_Div: 0.00000 + L_Morse: 0.21386
Epoch: 0 [7140/10000 (71%)] Unweighted L_s : L_Mnfld: 0.00084,  L_NonMnfld: 0.01929,  L_Nrml: 0.00000,  L_Eknl: 0.04840, L_Morse: 2.13856

Weights: [7000.0, 600.0, 0, 50.0, 0.0, 0.1], lr=5.000e-05
Epoch: 0 [7150/10000 (72%)] Loss: 21.47845 = L_Mnfld: 5.73809 + L_NonMnfld: 13.03773 + L_Nrml: 0.00000 + L_Eknl: 2.48039 + L_Div: 0.00000 + L_Morse: 0.22223
Epoch: 0 [7150/10000 (72%)] Unweighted L_s : L_Mnfld: 0.00082,  L_NonMnfld: 0.02173,  L_Nrml: 0.00000,  L_Eknl: 0.04961, L_Morse: 2.22234

Weights: [7000.0, 600.0, 0, 50.0, 0.0, 0.1], lr=5.000e-05
Epoch: 0 [7160/10000 (72%)] Loss: 21.20856 = L_Mnfld: 5.76953 + L_NonMnfld: 12.85137 + L_Nrml: 0.00000 + L_Eknl: 2.37673 + L_Div: 0.00000 + L_Morse: 0.21092
Epoch: 0 [7160/10000 (72%)] Unweighted L_s : L_Mnfld: 0.00082,  L_NonMnfld: 0.02142,  L_Nrml: 0.00000,  L_Eknl: 0.04753, L_Morse: 2.10923

Weights: [7000.0, 600.0, 0, 50.0, 0.0, 0.1], lr=5.000e-05
Epoch: 0 [7170/10000 (72%)] Loss: 20.31235 = L_Mnfld: 5.75798 + L_NonMnfld: 11.94963 + L_Nrml: 0.00000 + L_Eknl: 2.38677 + L_Div: 0.00000 + L_Morse: 0.21796
Epoch: 0 [7170/10000 (72%)] Unweighted L_s : L_Mnfld: 0.00082,  L_NonMnfld: 0.01992,  L_Nrml: 0.00000,  L_Eknl: 0.04774, L_Morse: 2.17957

Weights: [7000.0, 600.0, 0, 50.0, 0.0, 0.1], lr=5.000e-05
Epoch: 0 [7180/10000 (72%)] Loss: 20.67675 = L_Mnfld: 5.71892 + L_NonMnfld: 12.05758 + L_Nrml: 0.00000 + L_Eknl: 2.67835 + L_Div: 0.00000 + L_Morse: 0.22190
Epoch: 0 [7180/10000 (72%)] Unweighted L_s : L_Mnfld: 0.00082,  L_NonMnfld: 0.02010,  L_Nrml: 0.00000,  L_Eknl: 0.05357, L_Morse: 2.21904

Weights: [7000.0, 600.0, 0, 50.0, 0.0, 0.1], lr=5.000e-05
Epoch: 0 [7190/10000 (72%)] Loss: 22.22928 = L_Mnfld: 6.65081 + L_NonMnfld: 12.79929 + L_Nrml: 0.00000 + L_Eknl: 2.56788 + L_Div: 0.00000 + L_Morse: 0.21130
Epoch: 0 [7190/10000 (72%)] Unweighted L_s : L_Mnfld: 0.00095,  L_NonMnfld: 0.02133,  L_Nrml: 0.00000,  L_Eknl: 0.05136, L_Morse: 2.11297

Weights: [7000.0, 600.0, 0, 50.0, 0.0, 0.1], lr=5.000e-05
Epoch: 0 [7200/10000 (72%)] Loss: 21.89747 = L_Mnfld: 6.89224 + L_NonMnfld: 11.88085 + L_Nrml: 0.00000 + L_Eknl: 2.89705 + L_Div: 0.00000 + L_Morse: 0.22732
Epoch: 0 [7200/10000 (72%)] Unweighted L_s : L_Mnfld: 0.00098,  L_NonMnfld: 0.01980,  L_Nrml: 0.00000,  L_Eknl: 0.05794, L_Morse: 2.27323

Weights: [7000.0, 600.0, 0, 50.0, 0.0, 0.1], lr=5.000e-05
Epoch: 0 [7210/10000 (72%)] Loss: 21.61721 = L_Mnfld: 6.59915 + L_NonMnfld: 12.02466 + L_Nrml: 0.00000 + L_Eknl: 2.77366 + L_Div: 0.00000 + L_Morse: 0.21973
Epoch: 0 [7210/10000 (72%)] Unweighted L_s : L_Mnfld: 0.00094,  L_NonMnfld: 0.02004,  L_Nrml: 0.00000,  L_Eknl: 0.05547, L_Morse: 2.19732

Weights: [7000.0, 600.0, 0, 50.0, 0.0, 0.1], lr=5.000e-05
Epoch: 0 [7220/10000 (72%)] Loss: 22.43666 = L_Mnfld: 7.33617 + L_NonMnfld: 11.78141 + L_Nrml: 0.00000 + L_Eknl: 3.08895 + L_Div: 0.00000 + L_Morse: 0.23014
Epoch: 0 [7220/10000 (72%)] Unweighted L_s : L_Mnfld: 0.00105,  L_NonMnfld: 0.01964,  L_Nrml: 0.00000,  L_Eknl: 0.06178, L_Morse: 2.30137

Weights: [7000.0, 600.0, 0, 50.0, 0.0, 0.1], lr=5.000e-05
Epoch: 0 [7230/10000 (72%)] Loss: 22.25824 = L_Mnfld: 7.06431 + L_NonMnfld: 12.38410 + L_Nrml: 0.00000 + L_Eknl: 2.59404 + L_Div: 0.00000 + L_Morse: 0.21579
Epoch: 0 [7230/10000 (72%)] Unweighted L_s : L_Mnfld: 0.00101,  L_NonMnfld: 0.02064,  L_Nrml: 0.00000,  L_Eknl: 0.05188, L_Morse: 2.15788

Weights: [7000.0, 600.0, 0, 50.0, 0.0, 0.1], lr=5.000e-05
Epoch: 0 [7240/10000 (72%)] Loss: 21.06676 = L_Mnfld: 6.25592 + L_NonMnfld: 11.90865 + L_Nrml: 0.00000 + L_Eknl: 2.66672 + L_Div: 0.00000 + L_Morse: 0.23547
Epoch: 0 [7240/10000 (72%)] Unweighted L_s : L_Mnfld: 0.00089,  L_NonMnfld: 0.01985,  L_Nrml: 0.00000,  L_Eknl: 0.05333, L_Morse: 2.35469

Weights: [7000.0, 600.0, 0, 50.0, 0.0, 0.1], lr=5.000e-05
Epoch: 0 [7250/10000 (72%)] Loss: 21.82668 = L_Mnfld: 7.28270 + L_NonMnfld: 11.90084 + L_Nrml: 0.00000 + L_Eknl: 2.43822 + L_Div: 0.00000 + L_Morse: 0.20492
Epoch: 0 [7250/10000 (72%)] Unweighted L_s : L_Mnfld: 0.00104,  L_NonMnfld: 0.01983,  L_Nrml: 0.00000,  L_Eknl: 0.04876, L_Morse: 2.04918

Weights: [7000.0, 600.0, 0, 50.0, 0.0, 0.1], lr=5.000e-05
Epoch: 0 [7260/10000 (73%)] Loss: 21.14616 = L_Mnfld: 6.52352 + L_NonMnfld: 11.86067 + L_Nrml: 0.00000 + L_Eknl: 2.53406 + L_Div: 0.00000 + L_Morse: 0.22789
Epoch: 0 [7260/10000 (73%)] Unweighted L_s : L_Mnfld: 0.00093,  L_NonMnfld: 0.01977,  L_Nrml: 0.00000,  L_Eknl: 0.05068, L_Morse: 2.27894

Weights: [7000.0, 600.0, 0, 50.0, 0.0, 0.1], lr=5.000e-05
Epoch: 0 [7270/10000 (73%)] Loss: 20.79137 = L_Mnfld: 6.37320 + L_NonMnfld: 11.77378 + L_Nrml: 0.00000 + L_Eknl: 2.43090 + L_Div: 0.00000 + L_Morse: 0.21349
Epoch: 0 [7270/10000 (73%)] Unweighted L_s : L_Mnfld: 0.00091,  L_NonMnfld: 0.01962,  L_Nrml: 0.00000,  L_Eknl: 0.04862, L_Morse: 2.13487

Weights: [7000.0, 600.0, 0, 50.0, 0.0, 0.1], lr=5.000e-05
Epoch: 0 [7280/10000 (73%)] Loss: 20.33274 = L_Mnfld: 6.11758 + L_NonMnfld: 11.54911 + L_Nrml: 0.00000 + L_Eknl: 2.44655 + L_Div: 0.00000 + L_Morse: 0.21951
Epoch: 0 [7280/10000 (73%)] Unweighted L_s : L_Mnfld: 0.00087,  L_NonMnfld: 0.01925,  L_Nrml: 0.00000,  L_Eknl: 0.04893, L_Morse: 2.19512

Weights: [7000.0, 600.0, 0, 50.0, 0.0, 0.1], lr=5.000e-05
Epoch: 0 [7290/10000 (73%)] Loss: 21.11916 = L_Mnfld: 5.99044 + L_NonMnfld: 12.57107 + L_Nrml: 0.00000 + L_Eknl: 2.33748 + L_Div: 0.00000 + L_Morse: 0.22018
Epoch: 0 [7290/10000 (73%)] Unweighted L_s : L_Mnfld: 0.00086,  L_NonMnfld: 0.02095,  L_Nrml: 0.00000,  L_Eknl: 0.04675, L_Morse: 2.20177

Weights: [7000.0, 600.0, 0, 50.0, 0.0, 0.1], lr=5.000e-05
Epoch: 0 [7300/10000 (73%)] Loss: 21.30274 = L_Mnfld: 6.14481 + L_NonMnfld: 12.45973 + L_Nrml: 0.00000 + L_Eknl: 2.47963 + L_Div: 0.00000 + L_Morse: 0.21857
Epoch: 0 [7300/10000 (73%)] Unweighted L_s : L_Mnfld: 0.00088,  L_NonMnfld: 0.02077,  L_Nrml: 0.00000,  L_Eknl: 0.04959, L_Morse: 2.18574

Weights: [7000.0, 600.0, 0, 50.0, 0.0, 0.1], lr=5.000e-05
Epoch: 0 [7310/10000 (73%)] Loss: 20.73421 = L_Mnfld: 5.93170 + L_NonMnfld: 12.20879 + L_Nrml: 0.00000 + L_Eknl: 2.37246 + L_Div: 0.00000 + L_Morse: 0.22125
Epoch: 0 [7310/10000 (73%)] Unweighted L_s : L_Mnfld: 0.00085,  L_NonMnfld: 0.02035,  L_Nrml: 0.00000,  L_Eknl: 0.04745, L_Morse: 2.21255

Weights: [7000.0, 600.0, 0, 50.0, 0.0, 0.1], lr=5.000e-05
Epoch: 0 [7320/10000 (73%)] Loss: 21.78652 = L_Mnfld: 6.54825 + L_NonMnfld: 12.46449 + L_Nrml: 0.00000 + L_Eknl: 2.55316 + L_Div: 0.00000 + L_Morse: 0.22062
Epoch: 0 [7320/10000 (73%)] Unweighted L_s : L_Mnfld: 0.00094,  L_NonMnfld: 0.02077,  L_Nrml: 0.00000,  L_Eknl: 0.05106, L_Morse: 2.20618

Weights: [7000.0, 600.0, 0, 50.0, 0.0, 0.1], lr=5.000e-05
Epoch: 0 [7330/10000 (73%)] Loss: 19.74241 = L_Mnfld: 6.03756 + L_NonMnfld: 11.15772 + L_Nrml: 0.00000 + L_Eknl: 2.33552 + L_Div: 0.00000 + L_Morse: 0.21161
Epoch: 0 [7330/10000 (73%)] Unweighted L_s : L_Mnfld: 0.00086,  L_NonMnfld: 0.01860,  L_Nrml: 0.00000,  L_Eknl: 0.04671, L_Morse: 2.11608

Weights: [7000.0, 600.0, 0, 50.0, 0.0, 0.1], lr=5.000e-05
Epoch: 0 [7340/10000 (73%)] Loss: 20.65330 = L_Mnfld: 6.08961 + L_NonMnfld: 11.95272 + L_Nrml: 0.00000 + L_Eknl: 2.39873 + L_Div: 0.00000 + L_Morse: 0.21224
Epoch: 0 [7340/10000 (73%)] Unweighted L_s : L_Mnfld: 0.00087,  L_NonMnfld: 0.01992,  L_Nrml: 0.00000,  L_Eknl: 0.04797, L_Morse: 2.12235

Weights: [7000.0, 600.0, 0, 50.0, 0.0, 0.1], lr=5.000e-05
Epoch: 0 [7350/10000 (74%)] Loss: 19.51959 = L_Mnfld: 5.57840 + L_NonMnfld: 11.40965 + L_Nrml: 0.00000 + L_Eknl: 2.31688 + L_Div: 0.00000 + L_Morse: 0.21466
Epoch: 0 [7350/10000 (74%)] Unweighted L_s : L_Mnfld: 0.00080,  L_NonMnfld: 0.01902,  L_Nrml: 0.00000,  L_Eknl: 0.04634, L_Morse: 2.14664

Weights: [7000.0, 600.0, 0, 50.0, 0.0, 0.1], lr=5.000e-05
Epoch: 0 [7360/10000 (74%)] Loss: 20.77443 = L_Mnfld: 5.55021 + L_NonMnfld: 12.65584 + L_Nrml: 0.00000 + L_Eknl: 2.35172 + L_Div: 0.00000 + L_Morse: 0.21666
Epoch: 0 [7360/10000 (74%)] Unweighted L_s : L_Mnfld: 0.00079,  L_NonMnfld: 0.02109,  L_Nrml: 0.00000,  L_Eknl: 0.04703, L_Morse: 2.16658

Weights: [7000.0, 600.0, 0, 50.0, 0.0, 0.1], lr=5.000e-05
Epoch: 0 [7370/10000 (74%)] Loss: 19.94240 = L_Mnfld: 5.82133 + L_NonMnfld: 11.60256 + L_Nrml: 0.00000 + L_Eknl: 2.29864 + L_Div: 0.00000 + L_Morse: 0.21987
Epoch: 0 [7370/10000 (74%)] Unweighted L_s : L_Mnfld: 0.00083,  L_NonMnfld: 0.01934,  L_Nrml: 0.00000,  L_Eknl: 0.04597, L_Morse: 2.19874

Weights: [7000.0, 600.0, 0, 50.0, 0.0, 0.1], lr=5.000e-05
Epoch: 0 [7380/10000 (74%)] Loss: 17.90775 = L_Mnfld: 5.28756 + L_NonMnfld: 10.08979 + L_Nrml: 0.00000 + L_Eknl: 2.31013 + L_Div: 0.00000 + L_Morse: 0.22028
Epoch: 0 [7380/10000 (74%)] Unweighted L_s : L_Mnfld: 0.00076,  L_NonMnfld: 0.01682,  L_Nrml: 0.00000,  L_Eknl: 0.04620, L_Morse: 2.20275

Weights: [7000.0, 600.0, 0, 50.0, 0.0, 0.1], lr=5.000e-05
Epoch: 0 [7390/10000 (74%)] Loss: 20.44243 = L_Mnfld: 5.96283 + L_NonMnfld: 11.87824 + L_Nrml: 0.00000 + L_Eknl: 2.38164 + L_Div: 0.00000 + L_Morse: 0.21971
Epoch: 0 [7390/10000 (74%)] Unweighted L_s : L_Mnfld: 0.00085,  L_NonMnfld: 0.01980,  L_Nrml: 0.00000,  L_Eknl: 0.04763, L_Morse: 2.19711

Weights: [7000.0, 600.0, 0, 50.0, 0.0, 0.1], lr=5.000e-05
Epoch: 0 [7400/10000 (74%)] Loss: 19.75496 = L_Mnfld: 5.79106 + L_NonMnfld: 11.40438 + L_Nrml: 0.00000 + L_Eknl: 2.34443 + L_Div: 0.00000 + L_Morse: 0.21508
Epoch: 0 [7400/10000 (74%)] Unweighted L_s : L_Mnfld: 0.00083,  L_NonMnfld: 0.01901,  L_Nrml: 0.00000,  L_Eknl: 0.04689, L_Morse: 2.15080

Weights: [7000.0, 600.0, 0, 50.0, 0.0, 0.1], lr=5.000e-05
Epoch: 0 [7410/10000 (74%)] Loss: 19.59416 = L_Mnfld: 5.31915 + L_NonMnfld: 11.70335 + L_Nrml: 0.00000 + L_Eknl: 2.36534 + L_Div: 0.00000 + L_Morse: 0.20631
Epoch: 0 [7410/10000 (74%)] Unweighted L_s : L_Mnfld: 0.00076,  L_NonMnfld: 0.01951,  L_Nrml: 0.00000,  L_Eknl: 0.04731, L_Morse: 2.06315

Weights: [7000.0, 600.0, 0, 50.0, 0.0, 0.1], lr=5.000e-05
Epoch: 0 [7420/10000 (74%)] Loss: 19.43290 = L_Mnfld: 5.43001 + L_NonMnfld: 11.23242 + L_Nrml: 0.00000 + L_Eknl: 2.54732 + L_Div: 0.00000 + L_Morse: 0.22315
Epoch: 0 [7420/10000 (74%)] Unweighted L_s : L_Mnfld: 0.00078,  L_NonMnfld: 0.01872,  L_Nrml: 0.00000,  L_Eknl: 0.05095, L_Morse: 2.23148

Weights: [7000.0, 600.0, 0, 50.0, 0.0, 0.1], lr=5.000e-05
Epoch: 0 [7430/10000 (74%)] Loss: 20.22768 = L_Mnfld: 5.70419 + L_NonMnfld: 11.92657 + L_Nrml: 0.00000 + L_Eknl: 2.38179 + L_Div: 0.00000 + L_Morse: 0.21513
Epoch: 0 [7430/10000 (74%)] Unweighted L_s : L_Mnfld: 0.00081,  L_NonMnfld: 0.01988,  L_Nrml: 0.00000,  L_Eknl: 0.04764, L_Morse: 2.15132

Weights: [7000.0, 600.0, 0, 50.0, 0.0, 0.1], lr=5.000e-05
Epoch: 0 [7440/10000 (74%)] Loss: 20.64732 = L_Mnfld: 6.14954 + L_NonMnfld: 11.93868 + L_Nrml: 0.00000 + L_Eknl: 2.34321 + L_Div: 0.00000 + L_Morse: 0.21589
Epoch: 0 [7440/10000 (74%)] Unweighted L_s : L_Mnfld: 0.00088,  L_NonMnfld: 0.01990,  L_Nrml: 0.00000,  L_Eknl: 0.04686, L_Morse: 2.15886

Weights: [7000.0, 600.0, 0, 50.0, 0.0, 0.1], lr=5.000e-05
Epoch: 0 [7450/10000 (74%)] Loss: 21.47770 = L_Mnfld: 6.21743 + L_NonMnfld: 12.54600 + L_Nrml: 0.00000 + L_Eknl: 2.49783 + L_Div: 0.00000 + L_Morse: 0.21644
Epoch: 0 [7450/10000 (74%)] Unweighted L_s : L_Mnfld: 0.00089,  L_NonMnfld: 0.02091,  L_Nrml: 0.00000,  L_Eknl: 0.04996, L_Morse: 2.16442

Weights: [7000.0, 600.0, 0, 50.0, 0.0, 0.1], lr=5.000e-05
Epoch: 0 [7460/10000 (75%)] Loss: 19.54199 = L_Mnfld: 5.59924 + L_NonMnfld: 11.31125 + L_Nrml: 0.00000 + L_Eknl: 2.41123 + L_Div: 0.00000 + L_Morse: 0.22027
Epoch: 0 [7460/10000 (75%)] Unweighted L_s : L_Mnfld: 0.00080,  L_NonMnfld: 0.01885,  L_Nrml: 0.00000,  L_Eknl: 0.04822, L_Morse: 2.20266

Weights: [7000.0, 600.0, 0, 50.0, 0.0, 0.1], lr=5.000e-05
Epoch: 0 [7470/10000 (75%)] Loss: 20.81849 = L_Mnfld: 5.42333 + L_NonMnfld: 12.47302 + L_Nrml: 0.00000 + L_Eknl: 2.70049 + L_Div: 0.00000 + L_Morse: 0.22165
Epoch: 0 [7470/10000 (75%)] Unweighted L_s : L_Mnfld: 0.00077,  L_NonMnfld: 0.02079,  L_Nrml: 0.00000,  L_Eknl: 0.05401, L_Morse: 2.21649

Weights: [7000.0, 600.0, 0, 50.0, 0.0, 0.1], lr=5.000e-05
Epoch: 0 [7480/10000 (75%)] Loss: 21.17852 = L_Mnfld: 5.63352 + L_NonMnfld: 12.77952 + L_Nrml: 0.00000 + L_Eknl: 2.54967 + L_Div: 0.00000 + L_Morse: 0.21581
Epoch: 0 [7480/10000 (75%)] Unweighted L_s : L_Mnfld: 0.00080,  L_NonMnfld: 0.02130,  L_Nrml: 0.00000,  L_Eknl: 0.05099, L_Morse: 2.15809

Weights: [7000.0, 600.0, 0, 50.0, 0.0, 0.1], lr=5.000e-05
Epoch: 0 [7490/10000 (75%)] Loss: 20.39803 = L_Mnfld: 5.99654 + L_NonMnfld: 11.57889 + L_Nrml: 0.00000 + L_Eknl: 2.61423 + L_Div: 0.00000 + L_Morse: 0.20837
Epoch: 0 [7490/10000 (75%)] Unweighted L_s : L_Mnfld: 0.00086,  L_NonMnfld: 0.01930,  L_Nrml: 0.00000,  L_Eknl: 0.05228, L_Morse: 2.08367

Weights: [7000.0, 600.0, 0, 50.0, 0.0, 0.1], lr=5.000e-05
Epoch: 0 [7500/10000 (75%)] Loss: 19.89313 = L_Mnfld: 5.55233 + L_NonMnfld: 11.67573 + L_Nrml: 0.00000 + L_Eknl: 2.44133 + L_Div: 0.00000 + L_Morse: 0.22373
Epoch: 0 [7500/10000 (75%)] Unweighted L_s : L_Mnfld: 0.00079,  L_NonMnfld: 0.01946,  L_Nrml: 0.00000,  L_Eknl: 0.04883, L_Morse: 2.23733

Weights: [7000.0, 600.0, 0, 50.0, 0.0, 0.1], lr=5.000e-05
Epoch: 0 [7510/10000 (75%)] Loss: 21.05327 = L_Mnfld: 6.18717 + L_NonMnfld: 12.23293 + L_Nrml: 0.00000 + L_Eknl: 2.41162 + L_Div: 0.00000 + L_Morse: 0.22155
Epoch: 0 [7510/10000 (75%)] Unweighted L_s : L_Mnfld: 0.00088,  L_NonMnfld: 0.02039,  L_Nrml: 0.00000,  L_Eknl: 0.04823, L_Morse: 2.21553

Weights: [7000.0, 600.0, 0, 50.0, 0.0, 0.1], lr=5.000e-05
Epoch: 0 [7520/10000 (75%)] Loss: 19.67591 = L_Mnfld: 5.84675 + L_NonMnfld: 11.13515 + L_Nrml: 0.00000 + L_Eknl: 2.47929 + L_Div: 0.00000 + L_Morse: 0.21473
Epoch: 0 [7520/10000 (75%)] Unweighted L_s : L_Mnfld: 0.00084,  L_NonMnfld: 0.01856,  L_Nrml: 0.00000,  L_Eknl: 0.04959, L_Morse: 2.14726

Weights: [7000.0, 600.0, 0, 50.0, 0.0, 0.1], lr=5.000e-05
Epoch: 0 [7530/10000 (75%)] Loss: 19.73264 = L_Mnfld: 6.06531 + L_NonMnfld: 11.09832 + L_Nrml: 0.00000 + L_Eknl: 2.35204 + L_Div: 0.00000 + L_Morse: 0.21696
Epoch: 0 [7530/10000 (75%)] Unweighted L_s : L_Mnfld: 0.00087,  L_NonMnfld: 0.01850,  L_Nrml: 0.00000,  L_Eknl: 0.04704, L_Morse: 2.16962

Weights: [7000.0, 600.0, 0, 50.0, 0.0, 0.1], lr=5.000e-05
Epoch: 0 [7540/10000 (75%)] Loss: 21.12177 = L_Mnfld: 6.15283 + L_NonMnfld: 12.35318 + L_Nrml: 0.00000 + L_Eknl: 2.39357 + L_Div: 0.00000 + L_Morse: 0.22219
Epoch: 0 [7540/10000 (75%)] Unweighted L_s : L_Mnfld: 0.00088,  L_NonMnfld: 0.02059,  L_Nrml: 0.00000,  L_Eknl: 0.04787, L_Morse: 2.22193

Weights: [7000.0, 600.0, 0, 50.0, 0.0, 0.1], lr=5.000e-05
Epoch: 0 [7550/10000 (76%)] Loss: 19.42858 = L_Mnfld: 5.50302 + L_NonMnfld: 11.37626 + L_Nrml: 0.00000 + L_Eknl: 2.33259 + L_Div: 0.00000 + L_Morse: 0.21672
Epoch: 0 [7550/10000 (76%)] Unweighted L_s : L_Mnfld: 0.00079,  L_NonMnfld: 0.01896,  L_Nrml: 0.00000,  L_Eknl: 0.04665, L_Morse: 2.16717

Weights: [7000.0, 600.0, 0, 50.0, 0.0, 0.1], lr=5.000e-05
Epoch: 0 [7560/10000 (76%)] Loss: 21.06451 = L_Mnfld: 6.00522 + L_NonMnfld: 12.47604 + L_Nrml: 0.00000 + L_Eknl: 2.36828 + L_Div: 0.00000 + L_Morse: 0.21499
Epoch: 0 [7560/10000 (76%)] Unweighted L_s : L_Mnfld: 0.00086,  L_NonMnfld: 0.02079,  L_Nrml: 0.00000,  L_Eknl: 0.04737, L_Morse: 2.14986

Weights: [7000.0, 600.0, 0, 50.0, 0.0, 0.1], lr=5.000e-05
Epoch: 0 [7570/10000 (76%)] Loss: 20.42078 = L_Mnfld: 5.98106 + L_NonMnfld: 11.94875 + L_Nrml: 0.00000 + L_Eknl: 2.26997 + L_Div: 0.00000 + L_Morse: 0.22100
Epoch: 0 [7570/10000 (76%)] Unweighted L_s : L_Mnfld: 0.00085,  L_NonMnfld: 0.01991,  L_Nrml: 0.00000,  L_Eknl: 0.04540, L_Morse: 2.20999

Weights: [7000.0, 600.0, 0, 50.0, 0.0, 0.1], lr=5.000e-05
Epoch: 0 [7580/10000 (76%)] Loss: 19.61132 = L_Mnfld: 5.50686 + L_NonMnfld: 11.56637 + L_Nrml: 0.00000 + L_Eknl: 2.31868 + L_Div: 0.00000 + L_Morse: 0.21941
Epoch: 0 [7580/10000 (76%)] Unweighted L_s : L_Mnfld: 0.00079,  L_NonMnfld: 0.01928,  L_Nrml: 0.00000,  L_Eknl: 0.04637, L_Morse: 2.19407

Weights: [7000.0, 600.0, 0, 50.0, 0.0, 0.1], lr=5.000e-05
Epoch: 0 [7590/10000 (76%)] Loss: 19.83557 = L_Mnfld: 5.20289 + L_NonMnfld: 12.13417 + L_Nrml: 0.00000 + L_Eknl: 2.28245 + L_Div: 0.00000 + L_Morse: 0.21606
Epoch: 0 [7590/10000 (76%)] Unweighted L_s : L_Mnfld: 0.00074,  L_NonMnfld: 0.02022,  L_Nrml: 0.00000,  L_Eknl: 0.04565, L_Morse: 2.16059

Weights: [7000.0, 600.0, 0, 50.0, 0.0, 0.1], lr=5.000e-05
Epoch: 0 [7600/10000 (76%)] Loss: 20.32190 = L_Mnfld: 5.69370 + L_NonMnfld: 12.13368 + L_Nrml: 0.00000 + L_Eknl: 2.28421 + L_Div: 0.00000 + L_Morse: 0.21030
Epoch: 0 [7600/10000 (76%)] Unweighted L_s : L_Mnfld: 0.00081,  L_NonMnfld: 0.02022,  L_Nrml: 0.00000,  L_Eknl: 0.04568, L_Morse: 2.10304

Weights: [7000.0, 600.0, 0, 50.0, 0.0, 0.1], lr=5.000e-05
Epoch: 0 [7610/10000 (76%)] Loss: 19.97838 = L_Mnfld: 5.75593 + L_NonMnfld: 11.71329 + L_Nrml: 0.00000 + L_Eknl: 2.28722 + L_Div: 0.00000 + L_Morse: 0.22195
Epoch: 0 [7610/10000 (76%)] Unweighted L_s : L_Mnfld: 0.00082,  L_NonMnfld: 0.01952,  L_Nrml: 0.00000,  L_Eknl: 0.04574, L_Morse: 2.21947

Weights: [7000.0, 600.0, 0, 50.0, 0.0, 0.1], lr=5.000e-05
Epoch: 0 [7620/10000 (76%)] Loss: 20.38298 = L_Mnfld: 5.99613 + L_NonMnfld: 11.76225 + L_Nrml: 0.00000 + L_Eknl: 2.40213 + L_Div: 0.00000 + L_Morse: 0.22248
Epoch: 0 [7620/10000 (76%)] Unweighted L_s : L_Mnfld: 0.00086,  L_NonMnfld: 0.01960,  L_Nrml: 0.00000,  L_Eknl: 0.04804, L_Morse: 2.22475

Weights: [7000.0, 600.0, 0, 50.0, 0.0, 0.1], lr=5.000e-05
Epoch: 0 [7630/10000 (76%)] Loss: 21.80671 = L_Mnfld: 6.13930 + L_NonMnfld: 13.05559 + L_Nrml: 0.00000 + L_Eknl: 2.38625 + L_Div: 0.00000 + L_Morse: 0.22556
Epoch: 0 [7630/10000 (76%)] Unweighted L_s : L_Mnfld: 0.00088,  L_NonMnfld: 0.02176,  L_Nrml: 0.00000,  L_Eknl: 0.04773, L_Morse: 2.25561

Weights: [7000.0, 600.0, 0, 50.0, 0.0, 0.1], lr=5.000e-05
Epoch: 0 [7640/10000 (76%)] Loss: 19.19460 = L_Mnfld: 5.40266 + L_NonMnfld: 11.28568 + L_Nrml: 0.00000 + L_Eknl: 2.27905 + L_Div: 0.00000 + L_Morse: 0.22721
Epoch: 0 [7640/10000 (76%)] Unweighted L_s : L_Mnfld: 0.00077,  L_NonMnfld: 0.01881,  L_Nrml: 0.00000,  L_Eknl: 0.04558, L_Morse: 2.27213

Weights: [7000.0, 600.0, 0, 50.0, 0.0, 0.1], lr=5.000e-05
Epoch: 0 [7650/10000 (76%)] Loss: 20.30166 = L_Mnfld: 5.78141 + L_NonMnfld: 12.03340 + L_Nrml: 0.00000 + L_Eknl: 2.26485 + L_Div: 0.00000 + L_Morse: 0.22200
Epoch: 0 [7650/10000 (76%)] Unweighted L_s : L_Mnfld: 0.00083,  L_NonMnfld: 0.02006,  L_Nrml: 0.00000,  L_Eknl: 0.04530, L_Morse: 2.22000

Weights: [7000.0, 600.0, 0, 50.0, 0.0, 0.1], lr=5.000e-05
Epoch: 0 [7660/10000 (77%)] Loss: 19.37558 = L_Mnfld: 5.55989 + L_NonMnfld: 11.20979 + L_Nrml: 0.00000 + L_Eknl: 2.38427 + L_Div: 0.00000 + L_Morse: 0.22164
Epoch: 0 [7660/10000 (77%)] Unweighted L_s : L_Mnfld: 0.00079,  L_NonMnfld: 0.01868,  L_Nrml: 0.00000,  L_Eknl: 0.04769, L_Morse: 2.21635

Weights: [7000.0, 600.0, 0, 50.0, 0.0, 0.1], lr=5.000e-05
Epoch: 0 [7670/10000 (77%)] Loss: 20.43830 = L_Mnfld: 5.40958 + L_NonMnfld: 12.41531 + L_Nrml: 0.00000 + L_Eknl: 2.39147 + L_Div: 0.00000 + L_Morse: 0.22194
Epoch: 0 [7670/10000 (77%)] Unweighted L_s : L_Mnfld: 0.00077,  L_NonMnfld: 0.02069,  L_Nrml: 0.00000,  L_Eknl: 0.04783, L_Morse: 2.21941

Weights: [7000.0, 600.0, 0, 50.0, 0.0, 0.1], lr=5.000e-05
Epoch: 0 [7680/10000 (77%)] Loss: 21.16696 = L_Mnfld: 5.79080 + L_NonMnfld: 12.63103 + L_Nrml: 0.00000 + L_Eknl: 2.52872 + L_Div: 0.00000 + L_Morse: 0.21641
Epoch: 0 [7680/10000 (77%)] Unweighted L_s : L_Mnfld: 0.00083,  L_NonMnfld: 0.02105,  L_Nrml: 0.00000,  L_Eknl: 0.05057, L_Morse: 2.16411

Weights: [7000.0, 600.0, 0, 50.0, 0.0, 0.1], lr=5.000e-05
Epoch: 0 [7690/10000 (77%)] Loss: 21.75050 = L_Mnfld: 6.22095 + L_NonMnfld: 12.92093 + L_Nrml: 0.00000 + L_Eknl: 2.39446 + L_Div: 0.00000 + L_Morse: 0.21416
Epoch: 0 [7690/10000 (77%)] Unweighted L_s : L_Mnfld: 0.00089,  L_NonMnfld: 0.02153,  L_Nrml: 0.00000,  L_Eknl: 0.04789, L_Morse: 2.14160

Weights: [7000.0, 600.0, 0, 50.0, 0.0, 0.1], lr=5.000e-05
Epoch: 0 [7700/10000 (77%)] Loss: 20.83817 = L_Mnfld: 5.84723 + L_NonMnfld: 12.41142 + L_Nrml: 0.00000 + L_Eknl: 2.36589 + L_Div: 0.00000 + L_Morse: 0.21364
Epoch: 0 [7700/10000 (77%)] Unweighted L_s : L_Mnfld: 0.00084,  L_NonMnfld: 0.02069,  L_Nrml: 0.00000,  L_Eknl: 0.04732, L_Morse: 2.13638

Weights: [7000.0, 600.0, 0, 50.0, 0.0, 0.1], lr=5.000e-05
Epoch: 0 [7710/10000 (77%)] Loss: 19.97436 = L_Mnfld: 5.85167 + L_NonMnfld: 11.53694 + L_Nrml: 0.00000 + L_Eknl: 2.36356 + L_Div: 0.00000 + L_Morse: 0.22218
Epoch: 0 [7710/10000 (77%)] Unweighted L_s : L_Mnfld: 0.00084,  L_NonMnfld: 0.01923,  L_Nrml: 0.00000,  L_Eknl: 0.04727, L_Morse: 2.22182

Weights: [7000.0, 600.0, 0, 50.0, 0.0, 0.1], lr=5.000e-05
Epoch: 0 [7720/10000 (77%)] Loss: 18.81620 = L_Mnfld: 5.16533 + L_NonMnfld: 11.14325 + L_Nrml: 0.00000 + L_Eknl: 2.29288 + L_Div: 0.00000 + L_Morse: 0.21474
Epoch: 0 [7720/10000 (77%)] Unweighted L_s : L_Mnfld: 0.00074,  L_NonMnfld: 0.01857,  L_Nrml: 0.00000,  L_Eknl: 0.04586, L_Morse: 2.14744

Weights: [7000.0, 600.0, 0, 50.0, 0.0, 0.1], lr=5.000e-05
Epoch: 0 [7730/10000 (77%)] Loss: 19.28089 = L_Mnfld: 5.64146 + L_NonMnfld: 11.12671 + L_Nrml: 0.00000 + L_Eknl: 2.29069 + L_Div: 0.00000 + L_Morse: 0.22203
Epoch: 0 [7730/10000 (77%)] Unweighted L_s : L_Mnfld: 0.00081,  L_NonMnfld: 0.01854,  L_Nrml: 0.00000,  L_Eknl: 0.04581, L_Morse: 2.22034

Weights: [7000.0, 600.0, 0, 50.0, 0.0, 0.1], lr=5.000e-05
Epoch: 0 [7740/10000 (77%)] Loss: 19.24380 = L_Mnfld: 5.98713 + L_NonMnfld: 10.74837 + L_Nrml: 0.00000 + L_Eknl: 2.28640 + L_Div: 0.00000 + L_Morse: 0.22190
Epoch: 0 [7740/10000 (77%)] Unweighted L_s : L_Mnfld: 0.00086,  L_NonMnfld: 0.01791,  L_Nrml: 0.00000,  L_Eknl: 0.04573, L_Morse: 2.21902

Weights: [7000.0, 600.0, 0, 50.0, 0.0, 0.1], lr=5.000e-05
Epoch: 0 [7750/10000 (78%)] Loss: 19.99266 = L_Mnfld: 5.74368 + L_NonMnfld: 11.78459 + L_Nrml: 0.00000 + L_Eknl: 2.24419 + L_Div: 0.00000 + L_Morse: 0.22019
Epoch: 0 [7750/10000 (78%)] Unweighted L_s : L_Mnfld: 0.00082,  L_NonMnfld: 0.01964,  L_Nrml: 0.00000,  L_Eknl: 0.04488, L_Morse: 2.20195

Weights: [7000.0, 600.0, 0, 50.0, 0.0, 0.1], lr=5.000e-05
Epoch: 0 [7760/10000 (78%)] Loss: 19.86058 = L_Mnfld: 5.63540 + L_NonMnfld: 11.68412 + L_Nrml: 0.00000 + L_Eknl: 2.32575 + L_Div: 0.00000 + L_Morse: 0.21531
Epoch: 0 [7760/10000 (78%)] Unweighted L_s : L_Mnfld: 0.00081,  L_NonMnfld: 0.01947,  L_Nrml: 0.00000,  L_Eknl: 0.04652, L_Morse: 2.15310

Weights: [7000.0, 600.0, 0, 50.0, 0.0, 0.1], lr=5.000e-05
Epoch: 0 [7770/10000 (78%)] Loss: 18.85402 = L_Mnfld: 4.94266 + L_NonMnfld: 11.37499 + L_Nrml: 0.00000 + L_Eknl: 2.31639 + L_Div: 0.00000 + L_Morse: 0.21999
Epoch: 0 [7770/10000 (78%)] Unweighted L_s : L_Mnfld: 0.00071,  L_NonMnfld: 0.01896,  L_Nrml: 0.00000,  L_Eknl: 0.04633, L_Morse: 2.19988

Weights: [7000.0, 600.0, 0, 50.0, 0.0, 0.1], lr=5.000e-05
Epoch: 0 [7780/10000 (78%)] Loss: 20.50533 = L_Mnfld: 5.39107 + L_NonMnfld: 12.32374 + L_Nrml: 0.00000 + L_Eknl: 2.56680 + L_Div: 0.00000 + L_Morse: 0.22372
Epoch: 0 [7780/10000 (78%)] Unweighted L_s : L_Mnfld: 0.00077,  L_NonMnfld: 0.02054,  L_Nrml: 0.00000,  L_Eknl: 0.05134, L_Morse: 2.23716

Weights: [7000.0, 600.0, 0, 50.0, 0.0, 0.1], lr=5.000e-05
Epoch: 0 [7790/10000 (78%)] Loss: 20.11036 = L_Mnfld: 5.56772 + L_NonMnfld: 11.96264 + L_Nrml: 0.00000 + L_Eknl: 2.36112 + L_Div: 0.00000 + L_Morse: 0.21888
Epoch: 0 [7790/10000 (78%)] Unweighted L_s : L_Mnfld: 0.00080,  L_NonMnfld: 0.01994,  L_Nrml: 0.00000,  L_Eknl: 0.04722, L_Morse: 2.18881

Weights: [7000.0, 600.0, 0, 50.0, 0.0, 0.1], lr=5.000e-05
Epoch: 0 [7800/10000 (78%)] Loss: 20.57878 = L_Mnfld: 5.59120 + L_NonMnfld: 12.21063 + L_Nrml: 0.00000 + L_Eknl: 2.54723 + L_Div: 0.00000 + L_Morse: 0.22973
Epoch: 0 [7800/10000 (78%)] Unweighted L_s : L_Mnfld: 0.00080,  L_NonMnfld: 0.02035,  L_Nrml: 0.00000,  L_Eknl: 0.05094, L_Morse: 2.29729

Weights: [7000.0, 600.0, 0, 50.0, 0.0, 0.1], lr=5.000e-05
Epoch: 0 [7810/10000 (78%)] Loss: 21.34158 = L_Mnfld: 5.82583 + L_NonMnfld: 12.89560 + L_Nrml: 0.00000 + L_Eknl: 2.38629 + L_Div: 0.00000 + L_Morse: 0.23386
Epoch: 0 [7810/10000 (78%)] Unweighted L_s : L_Mnfld: 0.00083,  L_NonMnfld: 0.02149,  L_Nrml: 0.00000,  L_Eknl: 0.04773, L_Morse: 2.33856

Weights: [7000.0, 600.0, 0, 50.0, 0.0, 0.1], lr=5.000e-05
Epoch: 0 [7820/10000 (78%)] Loss: 20.09048 = L_Mnfld: 6.08085 + L_NonMnfld: 11.45098 + L_Nrml: 0.00000 + L_Eknl: 2.34984 + L_Div: 0.00000 + L_Morse: 0.20880
Epoch: 0 [7820/10000 (78%)] Unweighted L_s : L_Mnfld: 0.00087,  L_NonMnfld: 0.01908,  L_Nrml: 0.00000,  L_Eknl: 0.04700, L_Morse: 2.08804

Weights: [7000.0, 600.0, 0, 50.0, 0.0, 0.1], lr=5.000e-05
Epoch: 0 [7830/10000 (78%)] Loss: 20.97713 = L_Mnfld: 6.44542 + L_NonMnfld: 11.93766 + L_Nrml: 0.00000 + L_Eknl: 2.37147 + L_Div: 0.00000 + L_Morse: 0.22258
Epoch: 0 [7830/10000 (78%)] Unweighted L_s : L_Mnfld: 0.00092,  L_NonMnfld: 0.01990,  L_Nrml: 0.00000,  L_Eknl: 0.04743, L_Morse: 2.22583

Weights: [7000.0, 600.0, 0, 50.0, 0.0, 0.1], lr=5.000e-05
Epoch: 0 [7840/10000 (78%)] Loss: 19.21273 = L_Mnfld: 6.01786 + L_NonMnfld: 10.55601 + L_Nrml: 0.00000 + L_Eknl: 2.41243 + L_Div: 0.00000 + L_Morse: 0.22642
Epoch: 0 [7840/10000 (78%)] Unweighted L_s : L_Mnfld: 0.00086,  L_NonMnfld: 0.01759,  L_Nrml: 0.00000,  L_Eknl: 0.04825, L_Morse: 2.26421

Weights: [7000.0, 600.0, 0, 50.0, 0.0, 0.1], lr=5.000e-05
Epoch: 0 [7850/10000 (78%)] Loss: 20.41957 = L_Mnfld: 5.99798 + L_NonMnfld: 11.72665 + L_Nrml: 0.00000 + L_Eknl: 2.47304 + L_Div: 0.00000 + L_Morse: 0.22190
Epoch: 0 [7850/10000 (78%)] Unweighted L_s : L_Mnfld: 0.00086,  L_NonMnfld: 0.01954,  L_Nrml: 0.00000,  L_Eknl: 0.04946, L_Morse: 2.21900

Weights: [7000.0, 600.0, 0, 50.0, 0.0, 0.1], lr=5.000e-05
Epoch: 0 [7860/10000 (79%)] Loss: 21.64443 = L_Mnfld: 6.31858 + L_NonMnfld: 12.52463 + L_Nrml: 0.00000 + L_Eknl: 2.57205 + L_Div: 0.00000 + L_Morse: 0.22917
Epoch: 0 [7860/10000 (79%)] Unweighted L_s : L_Mnfld: 0.00090,  L_NonMnfld: 0.02087,  L_Nrml: 0.00000,  L_Eknl: 0.05144, L_Morse: 2.29173

Weights: [7000.0, 600.0, 0, 50.0, 0.0, 0.1], lr=5.000e-05
Epoch: 0 [7870/10000 (79%)] Loss: 20.86278 = L_Mnfld: 6.34168 + L_NonMnfld: 11.61136 + L_Nrml: 0.00000 + L_Eknl: 2.67388 + L_Div: 0.00000 + L_Morse: 0.23587
Epoch: 0 [7870/10000 (79%)] Unweighted L_s : L_Mnfld: 0.00091,  L_NonMnfld: 0.01935,  L_Nrml: 0.00000,  L_Eknl: 0.05348, L_Morse: 2.35865

Weights: [7000.0, 600.0, 0, 50.0, 0.0, 0.1], lr=5.000e-05
Epoch: 0 [7880/10000 (79%)] Loss: 21.45370 = L_Mnfld: 7.15654 + L_NonMnfld: 11.18959 + L_Nrml: 0.00000 + L_Eknl: 2.87840 + L_Div: 0.00000 + L_Morse: 0.22918
Epoch: 0 [7880/10000 (79%)] Unweighted L_s : L_Mnfld: 0.00102,  L_NonMnfld: 0.01865,  L_Nrml: 0.00000,  L_Eknl: 0.05757, L_Morse: 2.29177

Weights: [7000.0, 600.0, 0, 50.0, 0.0, 0.1], lr=5.000e-05
Epoch: 0 [7890/10000 (79%)] Loss: 22.18434 = L_Mnfld: 7.03842 + L_NonMnfld: 12.48854 + L_Nrml: 0.00000 + L_Eknl: 2.42737 + L_Div: 0.00000 + L_Morse: 0.23001
Epoch: 0 [7890/10000 (79%)] Unweighted L_s : L_Mnfld: 0.00101,  L_NonMnfld: 0.02081,  L_Nrml: 0.00000,  L_Eknl: 0.04855, L_Morse: 2.30005

Weights: [7000.0, 600.0, 0, 50.0, 0.0, 0.1], lr=5.000e-05
Epoch: 0 [7900/10000 (79%)] Loss: 20.54290 = L_Mnfld: 6.39652 + L_NonMnfld: 11.53446 + L_Nrml: 0.00000 + L_Eknl: 2.38218 + L_Div: 0.00000 + L_Morse: 0.22973
Epoch: 0 [7900/10000 (79%)] Unweighted L_s : L_Mnfld: 0.00091,  L_NonMnfld: 0.01922,  L_Nrml: 0.00000,  L_Eknl: 0.04764, L_Morse: 2.29726

Weights: [7000.0, 600.0, 0, 50.0, 0.0, 0.1], lr=5.000e-05
Epoch: 0 [7910/10000 (79%)] Loss: 20.37930 = L_Mnfld: 6.04489 + L_NonMnfld: 11.68527 + L_Nrml: 0.00000 + L_Eknl: 2.41759 + L_Div: 0.00000 + L_Morse: 0.23155
Epoch: 0 [7910/10000 (79%)] Unweighted L_s : L_Mnfld: 0.00086,  L_NonMnfld: 0.01948,  L_Nrml: 0.00000,  L_Eknl: 0.04835, L_Morse: 2.31552

Weights: [7000.0, 600.0, 0, 50.0, 0.0, 0.1], lr=5.000e-05
Epoch: 0 [7920/10000 (79%)] Loss: 21.52112 = L_Mnfld: 5.99741 + L_NonMnfld: 12.99472 + L_Nrml: 0.00000 + L_Eknl: 2.29955 + L_Div: 0.00000 + L_Morse: 0.22944
Epoch: 0 [7920/10000 (79%)] Unweighted L_s : L_Mnfld: 0.00086,  L_NonMnfld: 0.02166,  L_Nrml: 0.00000,  L_Eknl: 0.04599, L_Morse: 2.29445

Weights: [7000.0, 600.0, 0, 50.0, 0.0, 0.1], lr=5.000e-05
Epoch: 0 [7930/10000 (79%)] Loss: 19.85458 = L_Mnfld: 5.55059 + L_NonMnfld: 11.76915 + L_Nrml: 0.00000 + L_Eknl: 2.31558 + L_Div: 0.00000 + L_Morse: 0.21925
Epoch: 0 [7930/10000 (79%)] Unweighted L_s : L_Mnfld: 0.00079,  L_NonMnfld: 0.01962,  L_Nrml: 0.00000,  L_Eknl: 0.04631, L_Morse: 2.19254

Weights: [7000.0, 600.0, 0, 50.0, 0.0, 0.1], lr=5.000e-05
Epoch: 0 [7940/10000 (79%)] Loss: 20.62896 = L_Mnfld: 5.36380 + L_NonMnfld: 12.71421 + L_Nrml: 0.00000 + L_Eknl: 2.33205 + L_Div: 0.00000 + L_Morse: 0.21890
Epoch: 0 [7940/10000 (79%)] Unweighted L_s : L_Mnfld: 0.00077,  L_NonMnfld: 0.02119,  L_Nrml: 0.00000,  L_Eknl: 0.04664, L_Morse: 2.18903

Weights: [7000.0, 600.0, 0, 50.0, 0.0, 0.1], lr=5.000e-05
Epoch: 0 [7950/10000 (80%)] Loss: 21.49923 = L_Mnfld: 5.91884 + L_NonMnfld: 12.93435 + L_Nrml: 0.00000 + L_Eknl: 2.42236 + L_Div: 0.00000 + L_Morse: 0.22369
Epoch: 0 [7950/10000 (80%)] Unweighted L_s : L_Mnfld: 0.00085,  L_NonMnfld: 0.02156,  L_Nrml: 0.00000,  L_Eknl: 0.04845, L_Morse: 2.23685

Weights: [7000.0, 600.0, 0, 50.0, 0.0, 0.1], lr=5.000e-05
Epoch: 0 [7960/10000 (80%)] Loss: 19.93480 = L_Mnfld: 5.21319 + L_NonMnfld: 12.11962 + L_Nrml: 0.00000 + L_Eknl: 2.38183 + L_Div: 0.00000 + L_Morse: 0.22016
Epoch: 0 [7960/10000 (80%)] Unweighted L_s : L_Mnfld: 0.00074,  L_NonMnfld: 0.02020,  L_Nrml: 0.00000,  L_Eknl: 0.04764, L_Morse: 2.20164

Weights: [7000.0, 600.0, 0, 50.0, 0.0, 0.1], lr=5.000e-05
Epoch: 0 [7970/10000 (80%)] Loss: 19.97978 = L_Mnfld: 6.08211 + L_NonMnfld: 11.33818 + L_Nrml: 0.00000 + L_Eknl: 2.33819 + L_Div: 0.00000 + L_Morse: 0.22130
Epoch: 0 [7970/10000 (80%)] Unweighted L_s : L_Mnfld: 0.00087,  L_NonMnfld: 0.01890,  L_Nrml: 0.00000,  L_Eknl: 0.04676, L_Morse: 2.21299

Weights: [7000.0, 600.0, 0, 50.0, 0.0, 0.1], lr=5.000e-05
Epoch: 0 [7980/10000 (80%)] Loss: 21.07654 = L_Mnfld: 5.77560 + L_NonMnfld: 12.68976 + L_Nrml: 0.00000 + L_Eknl: 2.38281 + L_Div: 0.00000 + L_Morse: 0.22837
Epoch: 0 [7980/10000 (80%)] Unweighted L_s : L_Mnfld: 0.00083,  L_NonMnfld: 0.02115,  L_Nrml: 0.00000,  L_Eknl: 0.04766, L_Morse: 2.28370

Weights: [7000.0, 600.0, 0, 50.0, 0.0, 0.1], lr=5.000e-05
Epoch: 0 [7990/10000 (80%)] Loss: 20.44376 = L_Mnfld: 5.96214 + L_NonMnfld: 11.98713 + L_Nrml: 0.00000 + L_Eknl: 2.27170 + L_Div: 0.00000 + L_Morse: 0.22278
Epoch: 0 [7990/10000 (80%)] Unweighted L_s : L_Mnfld: 0.00085,  L_NonMnfld: 0.01998,  L_Nrml: 0.00000,  L_Eknl: 0.04543, L_Morse: 2.22781

Weights: [7000.0, 600.0, 0, 50.0, 0.0, 0.1], lr=5.000e-05
Epoch: 0 [8000/10000 (80%)] Loss: 18.90464 = L_Mnfld: 5.42402 + L_NonMnfld: 10.94251 + L_Nrml: 0.00000 + L_Eknl: 2.31129 + L_Div: 0.00000 + L_Morse: 0.22681
Epoch: 0 [8000/10000 (80%)] Unweighted L_s : L_Mnfld: 0.00077,  L_NonMnfld: 0.01824,  L_Nrml: 0.00000,  L_Eknl: 0.04623, L_Morse: 2.26810

Weights: [7000.0, 600.0, 0, 50.0, 0.0, 0.1], lr=5.000e-05
Epoch: 0 [8010/10000 (80%)] Loss: 19.50800 = L_Mnfld: 5.29577 + L_NonMnfld: 11.67551 + L_Nrml: 0.00000 + L_Eknl: 2.31115 + L_Div: 0.00000 + L_Morse: 0.22557
Epoch: 0 [8010/10000 (80%)] Unweighted L_s : L_Mnfld: 0.00076,  L_NonMnfld: 0.01946,  L_Nrml: 0.00000,  L_Eknl: 0.04622, L_Morse: 2.25575

Weights: [7000.0, 600.0, 0, 50.0, 0.0, 0.1], lr=5.000e-05
Epoch: 0 [8020/10000 (80%)] Loss: 20.21271 = L_Mnfld: 5.40631 + L_NonMnfld: 12.16222 + L_Nrml: 0.00000 + L_Eknl: 2.41809 + L_Div: 0.00000 + L_Morse: 0.22609
Epoch: 0 [8020/10000 (80%)] Unweighted L_s : L_Mnfld: 0.00077,  L_NonMnfld: 0.02027,  L_Nrml: 0.00000,  L_Eknl: 0.04836, L_Morse: 2.26092

Weights: [7000.0, 600.0, 0, 50.0, 0.0, 0.1], lr=5.000e-05
Epoch: 0 [8030/10000 (80%)] Loss: 20.49608 = L_Mnfld: 5.82882 + L_NonMnfld: 12.15297 + L_Nrml: 0.00000 + L_Eknl: 2.28544 + L_Div: 0.00000 + L_Morse: 0.22885
Epoch: 0 [8030/10000 (80%)] Unweighted L_s : L_Mnfld: 0.00083,  L_NonMnfld: 0.02025,  L_Nrml: 0.00000,  L_Eknl: 0.04571, L_Morse: 2.28851

Weights: [7000.0, 600.0, 0, 50.0, 0.0, 0.1], lr=5.000e-05
Epoch: 0 [8040/10000 (80%)] Loss: 19.08403 = L_Mnfld: 5.21943 + L_NonMnfld: 11.17086 + L_Nrml: 0.00000 + L_Eknl: 2.46930 + L_Div: 0.00000 + L_Morse: 0.22444
Epoch: 0 [8040/10000 (80%)] Unweighted L_s : L_Mnfld: 0.00075,  L_NonMnfld: 0.01862,  L_Nrml: 0.00000,  L_Eknl: 0.04939, L_Morse: 2.24440

Weights: [7000.0, 600.0, 0, 50.0, 0.0, 0.1], lr=5.000e-05
Epoch: 0 [8050/10000 (80%)] Loss: 20.49691 = L_Mnfld: 6.01128 + L_NonMnfld: 11.91099 + L_Nrml: 0.00000 + L_Eknl: 2.34936 + L_Div: 0.00000 + L_Morse: 0.22529
Epoch: 0 [8050/10000 (80%)] Unweighted L_s : L_Mnfld: 0.00086,  L_NonMnfld: 0.01985,  L_Nrml: 0.00000,  L_Eknl: 0.04699, L_Morse: 2.25287

Weights: [7000.0, 600.0, 0, 50.0, 0.0, 0.1], lr=5.000e-05
Epoch: 0 [8060/10000 (81%)] Loss: 20.22557 = L_Mnfld: 5.92088 + L_NonMnfld: 11.77532 + L_Nrml: 0.00000 + L_Eknl: 2.31173 + L_Div: 0.00000 + L_Morse: 0.21765
Epoch: 0 [8060/10000 (81%)] Unweighted L_s : L_Mnfld: 0.00085,  L_NonMnfld: 0.01963,  L_Nrml: 0.00000,  L_Eknl: 0.04623, L_Morse: 2.17646

Weights: [7000.0, 600.0, 0, 50.0, 0.0, 0.1], lr=5.000e-05
Epoch: 0 [8070/10000 (81%)] Loss: 19.99467 = L_Mnfld: 5.75046 + L_NonMnfld: 11.63444 + L_Nrml: 0.00000 + L_Eknl: 2.39431 + L_Div: 0.00000 + L_Morse: 0.21547
Epoch: 0 [8070/10000 (81%)] Unweighted L_s : L_Mnfld: 0.00082,  L_NonMnfld: 0.01939,  L_Nrml: 0.00000,  L_Eknl: 0.04789, L_Morse: 2.15468

Weights: [7000.0, 600.0, 0, 50.0, 0.0, 0.1], lr=5.000e-05
Epoch: 0 [8080/10000 (81%)] Loss: 19.86039 = L_Mnfld: 5.41592 + L_NonMnfld: 11.85361 + L_Nrml: 0.00000 + L_Eknl: 2.37580 + L_Div: 0.00000 + L_Morse: 0.21506
Epoch: 0 [8080/10000 (81%)] Unweighted L_s : L_Mnfld: 0.00077,  L_NonMnfld: 0.01976,  L_Nrml: 0.00000,  L_Eknl: 0.04752, L_Morse: 2.15059

Weights: [7000.0, 600.0, 0, 50.0, 0.0, 0.1], lr=5.000e-05
Epoch: 0 [8090/10000 (81%)] Loss: 20.17338 = L_Mnfld: 5.90436 + L_NonMnfld: 11.62559 + L_Nrml: 0.00000 + L_Eknl: 2.42625 + L_Div: 0.00000 + L_Morse: 0.21717
Epoch: 0 [8090/10000 (81%)] Unweighted L_s : L_Mnfld: 0.00084,  L_NonMnfld: 0.01938,  L_Nrml: 0.00000,  L_Eknl: 0.04852, L_Morse: 2.17173

Weights: [7000.0, 600.0, 0, 50.0, 0.0, 0.1], lr=5.000e-05
Epoch: 0 [8100/10000 (81%)] Loss: 19.36846 = L_Mnfld: 5.57846 + L_NonMnfld: 11.22974 + L_Nrml: 0.00000 + L_Eknl: 2.34356 + L_Div: 0.00000 + L_Morse: 0.21670
Epoch: 0 [8100/10000 (81%)] Unweighted L_s : L_Mnfld: 0.00080,  L_NonMnfld: 0.01872,  L_Nrml: 0.00000,  L_Eknl: 0.04687, L_Morse: 2.16699

Weights: [7000.0, 600.0, 0, 50.0, 0.0, 0.1], lr=5.000e-05
Epoch: 0 [8110/10000 (81%)] Loss: 20.10457 = L_Mnfld: 5.53555 + L_NonMnfld: 12.01005 + L_Nrml: 0.00000 + L_Eknl: 2.34689 + L_Div: 0.00000 + L_Morse: 0.21207
Epoch: 0 [8110/10000 (81%)] Unweighted L_s : L_Mnfld: 0.00079,  L_NonMnfld: 0.02002,  L_Nrml: 0.00000,  L_Eknl: 0.04694, L_Morse: 2.12075

Weights: [7000.0, 600.0, 0, 50.0, 0.0, 0.1], lr=5.000e-05
Epoch: 0 [8120/10000 (81%)] Loss: 19.87529 = L_Mnfld: 5.60357 + L_NonMnfld: 11.72509 + L_Nrml: 0.00000 + L_Eknl: 2.32572 + L_Div: 0.00000 + L_Morse: 0.22091
Epoch: 0 [8120/10000 (81%)] Unweighted L_s : L_Mnfld: 0.00080,  L_NonMnfld: 0.01954,  L_Nrml: 0.00000,  L_Eknl: 0.04651, L_Morse: 2.20914

Weights: [7000.0, 600.0, 0, 50.0, 0.0, 0.1], lr=5.000e-05
Epoch: 0 [8130/10000 (81%)] Loss: 20.61607 = L_Mnfld: 5.60380 + L_NonMnfld: 12.31646 + L_Nrml: 0.00000 + L_Eknl: 2.47338 + L_Div: 0.00000 + L_Morse: 0.22243
Epoch: 0 [8130/10000 (81%)] Unweighted L_s : L_Mnfld: 0.00080,  L_NonMnfld: 0.02053,  L_Nrml: 0.00000,  L_Eknl: 0.04947, L_Morse: 2.22430

Weights: [7000.0, 600.0, 0, 50.0, 0.0, 0.1], lr=5.000e-05
Epoch: 0 [8140/10000 (81%)] Loss: 21.15454 = L_Mnfld: 6.05912 + L_NonMnfld: 12.04477 + L_Nrml: 0.00000 + L_Eknl: 2.82241 + L_Div: 0.00000 + L_Morse: 0.22823
Epoch: 0 [8140/10000 (81%)] Unweighted L_s : L_Mnfld: 0.00087,  L_NonMnfld: 0.02007,  L_Nrml: 0.00000,  L_Eknl: 0.05645, L_Morse: 2.28234

Weights: [7000.0, 600.0, 0, 50.0, 0.0, 0.1], lr=5.000e-05
Epoch: 0 [8150/10000 (82%)] Loss: 21.44461 = L_Mnfld: 6.52205 + L_NonMnfld: 12.10174 + L_Nrml: 0.00000 + L_Eknl: 2.59334 + L_Div: 0.00000 + L_Morse: 0.22748
Epoch: 0 [8150/10000 (82%)] Unweighted L_s : L_Mnfld: 0.00093,  L_NonMnfld: 0.02017,  L_Nrml: 0.00000,  L_Eknl: 0.05187, L_Morse: 2.27478

Weights: [7000.0, 600.0, 0, 50.0, 0.0, 0.1], lr=5.000e-05
Epoch: 0 [8160/10000 (82%)] Loss: 21.08755 = L_Mnfld: 6.01663 + L_NonMnfld: 11.99255 + L_Nrml: 0.00000 + L_Eknl: 2.84043 + L_Div: 0.00000 + L_Morse: 0.23794
Epoch: 0 [8160/10000 (82%)] Unweighted L_s : L_Mnfld: 0.00086,  L_NonMnfld: 0.01999,  L_Nrml: 0.00000,  L_Eknl: 0.05681, L_Morse: 2.37944

Weights: [7000.0, 600.0, 0, 50.0, 0.0, 0.1], lr=5.000e-05
Epoch: 0 [8170/10000 (82%)] Loss: 20.80203 = L_Mnfld: 5.68275 + L_NonMnfld: 12.39359 + L_Nrml: 0.00000 + L_Eknl: 2.50317 + L_Div: 0.00000 + L_Morse: 0.22252
Epoch: 0 [8170/10000 (82%)] Unweighted L_s : L_Mnfld: 0.00081,  L_NonMnfld: 0.02066,  L_Nrml: 0.00000,  L_Eknl: 0.05006, L_Morse: 2.22522

Weights: [7000.0, 600.0, 0, 50.0, 0.0, 0.1], lr=5.000e-05
Epoch: 0 [8180/10000 (82%)] Loss: 19.56614 = L_Mnfld: 5.49190 + L_NonMnfld: 11.20105 + L_Nrml: 0.00000 + L_Eknl: 2.64425 + L_Div: 0.00000 + L_Morse: 0.22895
Epoch: 0 [8180/10000 (82%)] Unweighted L_s : L_Mnfld: 0.00078,  L_NonMnfld: 0.01867,  L_Nrml: 0.00000,  L_Eknl: 0.05289, L_Morse: 2.28946

Weights: [7000.0, 600.0, 0, 50.0, 0.0, 0.1], lr=5.000e-05
Epoch: 0 [8190/10000 (82%)] Loss: 20.31951 = L_Mnfld: 5.96974 + L_NonMnfld: 11.67820 + L_Nrml: 0.00000 + L_Eknl: 2.44858 + L_Div: 0.00000 + L_Morse: 0.22298
Epoch: 0 [8190/10000 (82%)] Unweighted L_s : L_Mnfld: 0.00085,  L_NonMnfld: 0.01946,  L_Nrml: 0.00000,  L_Eknl: 0.04897, L_Morse: 2.22984

Weights: [7000.0, 600.0, 0, 50.0, 0.0, 0.1], lr=5.000e-05
Epoch: 0 [8200/10000 (82%)] Loss: 20.43998 = L_Mnfld: 6.01305 + L_NonMnfld: 11.43621 + L_Nrml: 0.00000 + L_Eknl: 2.77079 + L_Div: 0.00000 + L_Morse: 0.21992
Epoch: 0 [8200/10000 (82%)] Unweighted L_s : L_Mnfld: 0.00086,  L_NonMnfld: 0.01906,  L_Nrml: 0.00000,  L_Eknl: 0.05542, L_Morse: 2.19918

Weights: [7000.0, 600.0, 0, 50.0, 0.0, 0.1], lr=5.000e-05
Epoch: 0 [8210/10000 (82%)] Loss: 20.75365 = L_Mnfld: 6.06413 + L_NonMnfld: 11.59080 + L_Nrml: 0.00000 + L_Eknl: 2.87517 + L_Div: 0.00000 + L_Morse: 0.22356
Epoch: 0 [8210/10000 (82%)] Unweighted L_s : L_Mnfld: 0.00087,  L_NonMnfld: 0.01932,  L_Nrml: 0.00000,  L_Eknl: 0.05750, L_Morse: 2.23559

Weights: [7000.0, 600.0, 0, 50.0, 0.0, 0.1], lr=5.000e-05
Epoch: 0 [8220/10000 (82%)] Loss: 20.60921 = L_Mnfld: 6.30849 + L_NonMnfld: 11.34646 + L_Nrml: 0.00000 + L_Eknl: 2.73475 + L_Div: 0.00000 + L_Morse: 0.21950
Epoch: 0 [8220/10000 (82%)] Unweighted L_s : L_Mnfld: 0.00090,  L_NonMnfld: 0.01891,  L_Nrml: 0.00000,  L_Eknl: 0.05470, L_Morse: 2.19496

Weights: [7000.0, 600.0, 0, 50.0, 0.0, 0.1], lr=5.000e-05
Epoch: 0 [8230/10000 (82%)] Loss: 21.36740 = L_Mnfld: 6.30206 + L_NonMnfld: 12.46016 + L_Nrml: 0.00000 + L_Eknl: 2.38332 + L_Div: 0.00000 + L_Morse: 0.22186
Epoch: 0 [8230/10000 (82%)] Unweighted L_s : L_Mnfld: 0.00090,  L_NonMnfld: 0.02077,  L_Nrml: 0.00000,  L_Eknl: 0.04767, L_Morse: 2.21864

Weights: [7000.0, 600.0, 0, 50.0, 0.0, 0.1], lr=5.000e-05
Epoch: 0 [8240/10000 (82%)] Loss: 20.62827 = L_Mnfld: 6.29128 + L_NonMnfld: 11.53397 + L_Nrml: 0.00000 + L_Eknl: 2.57659 + L_Div: 0.00000 + L_Morse: 0.22642
Epoch: 0 [8240/10000 (82%)] Unweighted L_s : L_Mnfld: 0.00090,  L_NonMnfld: 0.01922,  L_Nrml: 0.00000,  L_Eknl: 0.05153, L_Morse: 2.26419

Weights: [7000.0, 600.0, 0, 50.0, 0.0, 0.1], lr=5.000e-05
Epoch: 0 [8250/10000 (82%)] Loss: 19.12471 = L_Mnfld: 5.52198 + L_NonMnfld: 10.98520 + L_Nrml: 0.00000 + L_Eknl: 2.39651 + L_Div: 0.00000 + L_Morse: 0.22103
Epoch: 0 [8250/10000 (82%)] Unweighted L_s : L_Mnfld: 0.00079,  L_NonMnfld: 0.01831,  L_Nrml: 0.00000,  L_Eknl: 0.04793, L_Morse: 2.21026

Weights: [7000.0, 600.0, 0, 50.0, 0.0, 0.1], lr=5.000e-05
Epoch: 0 [8260/10000 (83%)] Loss: 20.80024 = L_Mnfld: 5.68426 + L_NonMnfld: 12.42623 + L_Nrml: 0.00000 + L_Eknl: 2.46468 + L_Div: 0.00000 + L_Morse: 0.22507
Epoch: 0 [8260/10000 (83%)] Unweighted L_s : L_Mnfld: 0.00081,  L_NonMnfld: 0.02071,  L_Nrml: 0.00000,  L_Eknl: 0.04929, L_Morse: 2.25069

Weights: [7000.0, 600.0, 0, 50.0, 0.0, 0.1], lr=5.000e-05
Epoch: 0 [8270/10000 (83%)] Loss: 20.56055 = L_Mnfld: 5.83025 + L_NonMnfld: 12.09333 + L_Nrml: 0.00000 + L_Eknl: 2.41808 + L_Div: 0.00000 + L_Morse: 0.21889
Epoch: 0 [8270/10000 (83%)] Unweighted L_s : L_Mnfld: 0.00083,  L_NonMnfld: 0.02016,  L_Nrml: 0.00000,  L_Eknl: 0.04836, L_Morse: 2.18894

Weights: [7000.0, 600.0, 0, 50.0, 0.0, 0.1], lr=5.000e-05
Epoch: 0 [8280/10000 (83%)] Loss: 20.75890 = L_Mnfld: 6.07215 + L_NonMnfld: 11.96763 + L_Nrml: 0.00000 + L_Eknl: 2.48212 + L_Div: 0.00000 + L_Morse: 0.23700
Epoch: 0 [8280/10000 (83%)] Unweighted L_s : L_Mnfld: 0.00087,  L_NonMnfld: 0.01995,  L_Nrml: 0.00000,  L_Eknl: 0.04964, L_Morse: 2.37002

Weights: [7000.0, 600.0, 0, 50.0, 0.0, 0.1], lr=5.000e-05
Epoch: 0 [8290/10000 (83%)] Loss: 19.57320 = L_Mnfld: 5.63829 + L_NonMnfld: 11.30709 + L_Nrml: 0.00000 + L_Eknl: 2.40158 + L_Div: 0.00000 + L_Morse: 0.22625
Epoch: 0 [8290/10000 (83%)] Unweighted L_s : L_Mnfld: 0.00081,  L_NonMnfld: 0.01885,  L_Nrml: 0.00000,  L_Eknl: 0.04803, L_Morse: 2.26247

Weights: [7000.0, 600.0, 0, 50.0, 0.0, 0.1], lr=5.000e-05
Epoch: 0 [8300/10000 (83%)] Loss: 21.06527 = L_Mnfld: 6.53627 + L_NonMnfld: 11.92715 + L_Nrml: 0.00000 + L_Eknl: 2.37523 + L_Div: 0.00000 + L_Morse: 0.22662
Epoch: 0 [8300/10000 (83%)] Unweighted L_s : L_Mnfld: 0.00093,  L_NonMnfld: 0.01988,  L_Nrml: 0.00000,  L_Eknl: 0.04750, L_Morse: 2.26618

Weights: [7000.0, 600.0, 0, 50.0, 0.0, 0.1], lr=5.000e-05
Epoch: 0 [8310/10000 (83%)] Loss: 21.01211 = L_Mnfld: 6.30049 + L_NonMnfld: 12.13247 + L_Nrml: 0.00000 + L_Eknl: 2.35758 + L_Div: 0.00000 + L_Morse: 0.22156
Epoch: 0 [8310/10000 (83%)] Unweighted L_s : L_Mnfld: 0.00090,  L_NonMnfld: 0.02022,  L_Nrml: 0.00000,  L_Eknl: 0.04715, L_Morse: 2.21564

Weights: [7000.0, 600.0, 0, 50.0, 0.0, 0.1], lr=5.000e-05
Epoch: 0 [8320/10000 (83%)] Loss: 20.41915 = L_Mnfld: 5.94563 + L_NonMnfld: 11.86422 + L_Nrml: 0.00000 + L_Eknl: 2.37954 + L_Div: 0.00000 + L_Morse: 0.22976
Epoch: 0 [8320/10000 (83%)] Unweighted L_s : L_Mnfld: 0.00085,  L_NonMnfld: 0.01977,  L_Nrml: 0.00000,  L_Eknl: 0.04759, L_Morse: 2.29761

Weights: [7000.0, 600.0, 0, 50.0, 0.0, 0.1], lr=5.000e-05
Epoch: 0 [8330/10000 (83%)] Loss: 19.93284 = L_Mnfld: 5.74175 + L_NonMnfld: 11.59930 + L_Nrml: 0.00000 + L_Eknl: 2.37125 + L_Div: 0.00000 + L_Morse: 0.22054
Epoch: 0 [8330/10000 (83%)] Unweighted L_s : L_Mnfld: 0.00082,  L_NonMnfld: 0.01933,  L_Nrml: 0.00000,  L_Eknl: 0.04742, L_Morse: 2.20539

Weights: [7000.0, 600.0, 0, 50.0, 0.0, 0.1], lr=5.000e-05
Epoch: 0 [8340/10000 (83%)] Loss: 20.65248 = L_Mnfld: 6.01160 + L_NonMnfld: 12.09674 + L_Nrml: 0.00000 + L_Eknl: 2.31789 + L_Div: 0.00000 + L_Morse: 0.22625
Epoch: 0 [8340/10000 (83%)] Unweighted L_s : L_Mnfld: 0.00086,  L_NonMnfld: 0.02016,  L_Nrml: 0.00000,  L_Eknl: 0.04636, L_Morse: 2.26255

Weights: [7000.0, 600.0, 0, 50.0, 0.0, 0.1], lr=5.000e-05
Epoch: 0 [8350/10000 (84%)] Loss: 19.97847 = L_Mnfld: 5.59065 + L_NonMnfld: 11.88789 + L_Nrml: 0.00000 + L_Eknl: 2.27681 + L_Div: 0.00000 + L_Morse: 0.22312
Epoch: 0 [8350/10000 (84%)] Unweighted L_s : L_Mnfld: 0.00080,  L_NonMnfld: 0.01981,  L_Nrml: 0.00000,  L_Eknl: 0.04554, L_Morse: 2.23116

Weights: [7000.0, 600.0, 0, 50.0, 0.0, 0.1], lr=5.000e-05
Epoch: 0 [8360/10000 (84%)] Loss: 20.01705 = L_Mnfld: 5.62698 + L_NonMnfld: 11.78531 + L_Nrml: 0.00000 + L_Eknl: 2.37247 + L_Div: 0.00000 + L_Morse: 0.23229
Epoch: 0 [8360/10000 (84%)] Unweighted L_s : L_Mnfld: 0.00080,  L_NonMnfld: 0.01964,  L_Nrml: 0.00000,  L_Eknl: 0.04745, L_Morse: 2.32290

Weights: [7000.0, 600.0, 0, 50.0, 0.0, 0.1], lr=5.000e-05
Epoch: 0 [8370/10000 (84%)] Loss: 21.42793 = L_Mnfld: 5.38683 + L_NonMnfld: 13.52803 + L_Nrml: 0.00000 + L_Eknl: 2.28144 + L_Div: 0.00000 + L_Morse: 0.23163
Epoch: 0 [8370/10000 (84%)] Unweighted L_s : L_Mnfld: 0.00077,  L_NonMnfld: 0.02255,  L_Nrml: 0.00000,  L_Eknl: 0.04563, L_Morse: 2.31632

Weights: [7000.0, 600.0, 0, 50.0, 0.0, 0.1], lr=5.000e-05
Epoch: 0 [8380/10000 (84%)] Loss: 19.84341 = L_Mnfld: 6.22292 + L_NonMnfld: 10.76132 + L_Nrml: 0.00000 + L_Eknl: 2.63283 + L_Div: 0.00000 + L_Morse: 0.22634
Epoch: 0 [8380/10000 (84%)] Unweighted L_s : L_Mnfld: 0.00089,  L_NonMnfld: 0.01794,  L_Nrml: 0.00000,  L_Eknl: 0.05266, L_Morse: 2.26341

Weights: [7000.0, 600.0, 0, 50.0, 0.0, 0.1], lr=5.000e-05
Epoch: 0 [8390/10000 (84%)] Loss: 19.15964 = L_Mnfld: 6.04019 + L_NonMnfld: 10.38428 + L_Nrml: 0.00000 + L_Eknl: 2.50189 + L_Div: 0.00000 + L_Morse: 0.23329
Epoch: 0 [8390/10000 (84%)] Unweighted L_s : L_Mnfld: 0.00086,  L_NonMnfld: 0.01731,  L_Nrml: 0.00000,  L_Eknl: 0.05004, L_Morse: 2.33288

Weights: [7000.0, 600.0, 0, 50.0, 0.0, 0.1], lr=5.000e-05
Epoch: 0 [8400/10000 (84%)] Loss: 21.19923 = L_Mnfld: 5.94661 + L_NonMnfld: 12.50861 + L_Nrml: 0.00000 + L_Eknl: 2.52143 + L_Div: 0.00000 + L_Morse: 0.22258
Epoch: 0 [8400/10000 (84%)] Unweighted L_s : L_Mnfld: 0.00085,  L_NonMnfld: 0.02085,  L_Nrml: 0.00000,  L_Eknl: 0.05043, L_Morse: 2.22581

Weights: [7000.0, 600.0, 0, 50.0, 0.0, 0.1], lr=5.000e-05
Epoch: 0 [8410/10000 (84%)] Loss: 20.27771 = L_Mnfld: 6.10284 + L_NonMnfld: 11.63704 + L_Nrml: 0.00000 + L_Eknl: 2.30549 + L_Div: 0.00000 + L_Morse: 0.23234
Epoch: 0 [8410/10000 (84%)] Unweighted L_s : L_Mnfld: 0.00087,  L_NonMnfld: 0.01940,  L_Nrml: 0.00000,  L_Eknl: 0.04611, L_Morse: 2.32339

Weights: [7000.0, 600.0, 0, 50.0, 0.0, 0.1], lr=5.000e-05
Epoch: 0 [8420/10000 (84%)] Loss: 20.74391 = L_Mnfld: 6.22404 + L_NonMnfld: 11.93978 + L_Nrml: 0.00000 + L_Eknl: 2.35563 + L_Div: 0.00000 + L_Morse: 0.22445
Epoch: 0 [8420/10000 (84%)] Unweighted L_s : L_Mnfld: 0.00089,  L_NonMnfld: 0.01990,  L_Nrml: 0.00000,  L_Eknl: 0.04711, L_Morse: 2.24451

Weights: [7000.0, 600.0, 0, 50.0, 0.0, 0.1], lr=5.000e-05
Epoch: 0 [8430/10000 (84%)] Loss: 20.12723 = L_Mnfld: 5.53560 + L_NonMnfld: 12.04767 + L_Nrml: 0.00000 + L_Eknl: 2.31298 + L_Div: 0.00000 + L_Morse: 0.23098
Epoch: 0 [8430/10000 (84%)] Unweighted L_s : L_Mnfld: 0.00079,  L_NonMnfld: 0.02008,  L_Nrml: 0.00000,  L_Eknl: 0.04626, L_Morse: 2.30983

Weights: [7000.0, 600.0, 0, 50.0, 0.0, 0.1], lr=5.000e-05
Epoch: 0 [8440/10000 (84%)] Loss: 20.07443 = L_Mnfld: 5.38650 + L_NonMnfld: 12.24594 + L_Nrml: 0.00000 + L_Eknl: 2.21759 + L_Div: 0.00000 + L_Morse: 0.22440
Epoch: 0 [8440/10000 (84%)] Unweighted L_s : L_Mnfld: 0.00077,  L_NonMnfld: 0.02041,  L_Nrml: 0.00000,  L_Eknl: 0.04435, L_Morse: 2.24395

Weights: [7000.0, 600.0, 0, 50.0, 0.0, 0.1], lr=5.000e-05
Epoch: 0 [8450/10000 (84%)] Loss: 20.20025 = L_Mnfld: 5.30549 + L_NonMnfld: 12.41898 + L_Nrml: 0.00000 + L_Eknl: 2.25014 + L_Div: 0.00000 + L_Morse: 0.22564
Epoch: 0 [8450/10000 (84%)] Unweighted L_s : L_Mnfld: 0.00076,  L_NonMnfld: 0.02070,  L_Nrml: 0.00000,  L_Eknl: 0.04500, L_Morse: 2.25644

Weights: [7000.0, 600.0, 0, 50.0, 0.0, 0.1], lr=5.000e-05
Epoch: 0 [8460/10000 (85%)] Loss: 20.25507 = L_Mnfld: 5.32476 + L_NonMnfld: 12.37947 + L_Nrml: 0.00000 + L_Eknl: 2.32582 + L_Div: 0.00000 + L_Morse: 0.22501
Epoch: 0 [8460/10000 (85%)] Unweighted L_s : L_Mnfld: 0.00076,  L_NonMnfld: 0.02063,  L_Nrml: 0.00000,  L_Eknl: 0.04652, L_Morse: 2.25011

Weights: [7000.0, 600.0, 0, 50.0, 0.0, 0.1], lr=5.000e-05
Epoch: 0 [8470/10000 (85%)] Loss: 17.80208 = L_Mnfld: 4.83982 + L_NonMnfld: 10.46867 + L_Nrml: 0.00000 + L_Eknl: 2.26808 + L_Div: 0.00000 + L_Morse: 0.22551
Epoch: 0 [8470/10000 (85%)] Unweighted L_s : L_Mnfld: 0.00069,  L_NonMnfld: 0.01745,  L_Nrml: 0.00000,  L_Eknl: 0.04536, L_Morse: 2.25514

Weights: [7000.0, 600.0, 0, 50.0, 0.0, 0.1], lr=5.000e-05
Epoch: 0 [8480/10000 (85%)] Loss: 19.82030 = L_Mnfld: 5.08270 + L_NonMnfld: 12.12829 + L_Nrml: 0.00000 + L_Eknl: 2.37757 + L_Div: 0.00000 + L_Morse: 0.23174
Epoch: 0 [8480/10000 (85%)] Unweighted L_s : L_Mnfld: 0.00073,  L_NonMnfld: 0.02021,  L_Nrml: 0.00000,  L_Eknl: 0.04755, L_Morse: 2.31743

Weights: [7000.0, 600.0, 0, 50.0, 0.0, 0.1], lr=5.000e-05
Epoch: 0 [8490/10000 (85%)] Loss: 19.40827 = L_Mnfld: 5.61420 + L_NonMnfld: 11.14958 + L_Nrml: 0.00000 + L_Eknl: 2.40846 + L_Div: 0.00000 + L_Morse: 0.23603
Epoch: 0 [8490/10000 (85%)] Unweighted L_s : L_Mnfld: 0.00080,  L_NonMnfld: 0.01858,  L_Nrml: 0.00000,  L_Eknl: 0.04817, L_Morse: 2.36025

Weights: [7000.0, 600.0, 0, 50.0, 0.0, 0.1], lr=5.000e-05
Epoch: 0 [8500/10000 (85%)] Loss: 20.84027 = L_Mnfld: 6.01909 + L_NonMnfld: 12.17669 + L_Nrml: 0.00000 + L_Eknl: 2.41913 + L_Div: 0.00000 + L_Morse: 0.22536
Epoch: 0 [8500/10000 (85%)] Unweighted L_s : L_Mnfld: 0.00086,  L_NonMnfld: 0.02029,  L_Nrml: 0.00000,  L_Eknl: 0.04838, L_Morse: 2.25359

Weights: [7000.0, 600.0, 0, 50.0, 0.0, 0.1], lr=5.000e-05
Epoch: 0 [8510/10000 (85%)] Loss: 21.32314 = L_Mnfld: 6.35140 + L_NonMnfld: 12.25628 + L_Nrml: 0.00000 + L_Eknl: 2.48296 + L_Div: 0.00000 + L_Morse: 0.23249
Epoch: 0 [8510/10000 (85%)] Unweighted L_s : L_Mnfld: 0.00091,  L_NonMnfld: 0.02043,  L_Nrml: 0.00000,  L_Eknl: 0.04966, L_Morse: 2.32490

Weights: [7000.0, 600.0, 0, 50.0, 0.0, 0.1], lr=5.000e-05
Epoch: 0 [8520/10000 (85%)] Loss: 20.09959 = L_Mnfld: 6.27697 + L_NonMnfld: 11.25370 + L_Nrml: 0.00000 + L_Eknl: 2.35122 + L_Div: 0.00000 + L_Morse: 0.21769
Epoch: 0 [8520/10000 (85%)] Unweighted L_s : L_Mnfld: 0.00090,  L_NonMnfld: 0.01876,  L_Nrml: 0.00000,  L_Eknl: 0.04702, L_Morse: 2.17693

Weights: [7000.0, 600.0, 0, 50.0, 0.0, 0.1], lr=5.000e-05
Epoch: 0 [8530/10000 (85%)] Loss: 20.90626 = L_Mnfld: 5.79107 + L_NonMnfld: 12.45757 + L_Nrml: 0.00000 + L_Eknl: 2.43593 + L_Div: 0.00000 + L_Morse: 0.22169
Epoch: 0 [8530/10000 (85%)] Unweighted L_s : L_Mnfld: 0.00083,  L_NonMnfld: 0.02076,  L_Nrml: 0.00000,  L_Eknl: 0.04872, L_Morse: 2.21686

Weights: [7000.0, 600.0, 0, 50.0, 0.0, 0.1], lr=5.000e-05
Epoch: 0 [8540/10000 (85%)] Loss: 19.96345 = L_Mnfld: 5.67662 + L_NonMnfld: 11.61736 + L_Nrml: 0.00000 + L_Eknl: 2.44286 + L_Div: 0.00000 + L_Morse: 0.22660
Epoch: 0 [8540/10000 (85%)] Unweighted L_s : L_Mnfld: 0.00081,  L_NonMnfld: 0.01936,  L_Nrml: 0.00000,  L_Eknl: 0.04886, L_Morse: 2.26604

Weights: [7000.0, 600.0, 0, 50.0, 0.0, 0.1], lr=5.000e-05
Epoch: 0 [8550/10000 (86%)] Loss: 20.74705 = L_Mnfld: 5.96413 + L_NonMnfld: 12.18136 + L_Nrml: 0.00000 + L_Eknl: 2.38064 + L_Div: 0.00000 + L_Morse: 0.22093
Epoch: 0 [8550/10000 (86%)] Unweighted L_s : L_Mnfld: 0.00085,  L_NonMnfld: 0.02030,  L_Nrml: 0.00000,  L_Eknl: 0.04761, L_Morse: 2.20925

Weights: [7000.0, 600.0, 0, 50.0, 0.0, 0.1], lr=5.000e-05
Epoch: 0 [8560/10000 (86%)] Loss: 20.42341 = L_Mnfld: 5.53584 + L_NonMnfld: 12.32561 + L_Nrml: 0.00000 + L_Eknl: 2.33479 + L_Div: 0.00000 + L_Morse: 0.22717
Epoch: 0 [8560/10000 (86%)] Unweighted L_s : L_Mnfld: 0.00079,  L_NonMnfld: 0.02054,  L_Nrml: 0.00000,  L_Eknl: 0.04670, L_Morse: 2.27167

Weights: [7000.0, 600.0, 0, 50.0, 0.0, 0.1], lr=5.000e-05
Epoch: 0 [8570/10000 (86%)] Loss: 21.50003 = L_Mnfld: 5.70329 + L_NonMnfld: 13.26685 + L_Nrml: 0.00000 + L_Eknl: 2.30830 + L_Div: 0.00000 + L_Morse: 0.22158
Epoch: 0 [8570/10000 (86%)] Unweighted L_s : L_Mnfld: 0.00081,  L_NonMnfld: 0.02211,  L_Nrml: 0.00000,  L_Eknl: 0.04617, L_Morse: 2.21582

Weights: [7000.0, 600.0, 0, 50.0, 0.0, 0.1], lr=5.000e-05
Epoch: 0 [8580/10000 (86%)] Loss: 19.72323 = L_Mnfld: 5.62906 + L_NonMnfld: 11.61611 + L_Nrml: 0.00000 + L_Eknl: 2.24809 + L_Div: 0.00000 + L_Morse: 0.22997
Epoch: 0 [8580/10000 (86%)] Unweighted L_s : L_Mnfld: 0.00080,  L_NonMnfld: 0.01936,  L_Nrml: 0.00000,  L_Eknl: 0.04496, L_Morse: 2.29966

Weights: [7000.0, 600.0, 0, 50.0, 0.0, 0.1], lr=5.000e-05
Epoch: 0 [8590/10000 (86%)] Loss: 20.31338 = L_Mnfld: 5.59282 + L_NonMnfld: 12.10913 + L_Nrml: 0.00000 + L_Eknl: 2.39041 + L_Div: 0.00000 + L_Morse: 0.22102
Epoch: 0 [8590/10000 (86%)] Unweighted L_s : L_Mnfld: 0.00080,  L_NonMnfld: 0.02018,  L_Nrml: 0.00000,  L_Eknl: 0.04781, L_Morse: 2.21023

Weights: [7000.0, 600.0, 0, 50.0, 0.0, 0.1], lr=5.000e-05
Epoch: 0 [8600/10000 (86%)] Loss: 19.73598 = L_Mnfld: 5.47166 + L_NonMnfld: 11.73065 + L_Nrml: 0.00000 + L_Eknl: 2.32084 + L_Div: 0.00000 + L_Morse: 0.21283
Epoch: 0 [8600/10000 (86%)] Unweighted L_s : L_Mnfld: 0.00078,  L_NonMnfld: 0.01955,  L_Nrml: 0.00000,  L_Eknl: 0.04642, L_Morse: 2.12830

Weights: [7000.0, 600.0, 0, 50.0, 0.0, 0.1], lr=5.000e-05
Epoch: 0 [8610/10000 (86%)] Loss: 20.08202 = L_Mnfld: 5.38771 + L_NonMnfld: 12.14409 + L_Nrml: 0.00000 + L_Eknl: 2.32663 + L_Div: 0.00000 + L_Morse: 0.22359
Epoch: 0 [8610/10000 (86%)] Unweighted L_s : L_Mnfld: 0.00077,  L_NonMnfld: 0.02024,  L_Nrml: 0.00000,  L_Eknl: 0.04653, L_Morse: 2.23588

Weights: [7000.0, 600.0, 0, 50.0, 0.0, 0.1], lr=5.000e-05
Epoch: 0 [8620/10000 (86%)] Loss: 20.70060 = L_Mnfld: 5.27342 + L_NonMnfld: 12.78127 + L_Nrml: 0.00000 + L_Eknl: 2.42383 + L_Div: 0.00000 + L_Morse: 0.22207
Epoch: 0 [8620/10000 (86%)] Unweighted L_s : L_Mnfld: 0.00075,  L_NonMnfld: 0.02130,  L_Nrml: 0.00000,  L_Eknl: 0.04848, L_Morse: 2.22068

Weights: [7000.0, 600.0, 0, 50.0, 0.0, 0.1], lr=5.000e-05
Epoch: 0 [8630/10000 (86%)] Loss: 19.69101 = L_Mnfld: 5.44864 + L_NonMnfld: 11.69543 + L_Nrml: 0.00000 + L_Eknl: 2.32659 + L_Div: 0.00000 + L_Morse: 0.22035
Epoch: 0 [8630/10000 (86%)] Unweighted L_s : L_Mnfld: 0.00078,  L_NonMnfld: 0.01949,  L_Nrml: 0.00000,  L_Eknl: 0.04653, L_Morse: 2.20349

Weights: [7000.0, 600.0, 0, 50.0, 0.0, 0.1], lr=5.000e-05
Epoch: 0 [8640/10000 (86%)] Loss: 21.09686 = L_Mnfld: 5.83561 + L_NonMnfld: 12.51003 + L_Nrml: 0.00000 + L_Eknl: 2.52588 + L_Div: 0.00000 + L_Morse: 0.22535
Epoch: 0 [8640/10000 (86%)] Unweighted L_s : L_Mnfld: 0.00083,  L_NonMnfld: 0.02085,  L_Nrml: 0.00000,  L_Eknl: 0.05052, L_Morse: 2.25346

Weights: [7000.0, 600.0, 0, 50.0, 0.0, 0.1], lr=5.000e-05
Epoch: 0 [8650/10000 (86%)] Loss: 19.98830 = L_Mnfld: 6.24423 + L_NonMnfld: 11.07453 + L_Nrml: 0.00000 + L_Eknl: 2.44073 + L_Div: 0.00000 + L_Morse: 0.22881
Epoch: 0 [8650/10000 (86%)] Unweighted L_s : L_Mnfld: 0.00089,  L_NonMnfld: 0.01846,  L_Nrml: 0.00000,  L_Eknl: 0.04881, L_Morse: 2.28809

Weights: [7000.0, 600.0, 0, 50.0, 0.0, 0.1], lr=5.000e-05
Epoch: 0 [8660/10000 (87%)] Loss: 20.01229 = L_Mnfld: 5.84941 + L_NonMnfld: 11.56912 + L_Nrml: 0.00000 + L_Eknl: 2.37517 + L_Div: 0.00000 + L_Morse: 0.21859
Epoch: 0 [8660/10000 (87%)] Unweighted L_s : L_Mnfld: 0.00084,  L_NonMnfld: 0.01928,  L_Nrml: 0.00000,  L_Eknl: 0.04750, L_Morse: 2.18591

Weights: [7000.0, 600.0, 0, 50.0, 0.0, 0.1], lr=5.000e-05
Epoch: 0 [8670/10000 (87%)] Loss: 19.75551 = L_Mnfld: 5.36868 + L_NonMnfld: 11.66882 + L_Nrml: 0.00000 + L_Eknl: 2.48605 + L_Div: 0.00000 + L_Morse: 0.23196
Epoch: 0 [8670/10000 (87%)] Unweighted L_s : L_Mnfld: 0.00077,  L_NonMnfld: 0.01945,  L_Nrml: 0.00000,  L_Eknl: 0.04972, L_Morse: 2.31965

Weights: [7000.0, 600.0, 0, 50.0, 0.0, 0.1], lr=5.000e-05
Epoch: 0 [8680/10000 (87%)] Loss: 19.03600 = L_Mnfld: 5.59228 + L_NonMnfld: 10.88557 + L_Nrml: 0.00000 + L_Eknl: 2.33618 + L_Div: 0.00000 + L_Morse: 0.22197
Epoch: 0 [8680/10000 (87%)] Unweighted L_s : L_Mnfld: 0.00080,  L_NonMnfld: 0.01814,  L_Nrml: 0.00000,  L_Eknl: 0.04672, L_Morse: 2.21965

Weights: [7000.0, 600.0, 0, 50.0, 0.0, 0.1], lr=5.000e-05
Epoch: 0 [8690/10000 (87%)] Loss: 21.05499 = L_Mnfld: 6.26334 + L_NonMnfld: 12.17991 + L_Nrml: 0.00000 + L_Eknl: 2.38131 + L_Div: 0.00000 + L_Morse: 0.23044
Epoch: 0 [8690/10000 (87%)] Unweighted L_s : L_Mnfld: 0.00089,  L_NonMnfld: 0.02030,  L_Nrml: 0.00000,  L_Eknl: 0.04763, L_Morse: 2.30442

Weights: [7000.0, 600.0, 0, 50.0, 0.0, 0.1], lr=5.000e-05
Epoch: 0 [8700/10000 (87%)] Loss: 20.45896 = L_Mnfld: 6.01023 + L_NonMnfld: 11.87847 + L_Nrml: 0.00000 + L_Eknl: 2.34059 + L_Div: 0.00000 + L_Morse: 0.22968
Epoch: 0 [8700/10000 (87%)] Unweighted L_s : L_Mnfld: 0.00086,  L_NonMnfld: 0.01980,  L_Nrml: 0.00000,  L_Eknl: 0.04681, L_Morse: 2.29675

Weights: [7000.0, 600.0, 0, 50.0, 0.0, 0.1], lr=5.000e-05
Epoch: 0 [8710/10000 (87%)] Loss: 19.65389 = L_Mnfld: 5.36550 + L_NonMnfld: 11.73661 + L_Nrml: 0.00000 + L_Eknl: 2.32693 + L_Div: 0.00000 + L_Morse: 0.22486
Epoch: 0 [8710/10000 (87%)] Unweighted L_s : L_Mnfld: 0.00077,  L_NonMnfld: 0.01956,  L_Nrml: 0.00000,  L_Eknl: 0.04654, L_Morse: 2.24858

Weights: [7000.0, 600.0, 0, 50.0, 0.0, 0.1], lr=5.000e-05
Epoch: 0 [8720/10000 (87%)] Loss: 20.17336 = L_Mnfld: 5.79599 + L_NonMnfld: 11.77663 + L_Nrml: 0.00000 + L_Eknl: 2.36906 + L_Div: 0.00000 + L_Morse: 0.23168
Epoch: 0 [8720/10000 (87%)] Unweighted L_s : L_Mnfld: 0.00083,  L_NonMnfld: 0.01963,  L_Nrml: 0.00000,  L_Eknl: 0.04738, L_Morse: 2.31684

Weights: [7000.0, 600.0, 0, 50.0, 0.0, 0.1], lr=5.000e-05
Epoch: 0 [8730/10000 (87%)] Loss: 20.11988 = L_Mnfld: 5.12257 + L_NonMnfld: 12.49237 + L_Nrml: 0.00000 + L_Eknl: 2.28563 + L_Div: 0.00000 + L_Morse: 0.21931
Epoch: 0 [8730/10000 (87%)] Unweighted L_s : L_Mnfld: 0.00073,  L_NonMnfld: 0.02082,  L_Nrml: 0.00000,  L_Eknl: 0.04571, L_Morse: 2.19310

Weights: [7000.0, 600.0, 0, 50.0, 0.0, 0.1], lr=5.000e-05
Epoch: 0 [8740/10000 (87%)] Loss: 19.82703 = L_Mnfld: 5.51674 + L_NonMnfld: 11.80394 + L_Nrml: 0.00000 + L_Eknl: 2.28070 + L_Div: 0.00000 + L_Morse: 0.22565
Epoch: 0 [8740/10000 (87%)] Unweighted L_s : L_Mnfld: 0.00079,  L_NonMnfld: 0.01967,  L_Nrml: 0.00000,  L_Eknl: 0.04561, L_Morse: 2.25651

Weights: [7000.0, 600.0, 0, 50.0, 0.0, 0.1], lr=5.000e-05
Epoch: 0 [8750/10000 (88%)] Loss: 20.10433 = L_Mnfld: 5.23457 + L_NonMnfld: 12.41631 + L_Nrml: 0.00000 + L_Eknl: 2.23733 + L_Div: 0.00000 + L_Morse: 0.21611
Epoch: 0 [8750/10000 (88%)] Unweighted L_s : L_Mnfld: 0.00075,  L_NonMnfld: 0.02069,  L_Nrml: 0.00000,  L_Eknl: 0.04475, L_Morse: 2.16110

Weights: [7000.0, 600.0, 0, 50.0, 0.0, 0.1], lr=5.000e-05
Epoch: 0 [8760/10000 (88%)] Loss: 19.71114 = L_Mnfld: 5.27029 + L_NonMnfld: 11.96290 + L_Nrml: 0.00000 + L_Eknl: 2.25168 + L_Div: 0.00000 + L_Morse: 0.22627
Epoch: 0 [8760/10000 (88%)] Unweighted L_s : L_Mnfld: 0.00075,  L_NonMnfld: 0.01994,  L_Nrml: 0.00000,  L_Eknl: 0.04503, L_Morse: 2.26269

Weights: [7000.0, 600.0, 0, 50.0, 0.0, 0.1], lr=5.000e-05
Epoch: 0 [8770/10000 (88%)] Loss: 20.01034 = L_Mnfld: 5.62553 + L_NonMnfld: 11.87757 + L_Nrml: 0.00000 + L_Eknl: 2.28290 + L_Div: 0.00000 + L_Morse: 0.22433
Epoch: 0 [8770/10000 (88%)] Unweighted L_s : L_Mnfld: 0.00080,  L_NonMnfld: 0.01980,  L_Nrml: 0.00000,  L_Eknl: 0.04566, L_Morse: 2.24333

Weights: [7000.0, 600.0, 0, 50.0, 0.0, 0.1], lr=5.000e-05
Epoch: 0 [8780/10000 (88%)] Loss: 20.42562 = L_Mnfld: 5.83506 + L_NonMnfld: 12.08879 + L_Nrml: 0.00000 + L_Eknl: 2.27944 + L_Div: 0.00000 + L_Morse: 0.22232
Epoch: 0 [8780/10000 (88%)] Unweighted L_s : L_Mnfld: 0.00083,  L_NonMnfld: 0.02015,  L_Nrml: 0.00000,  L_Eknl: 0.04559, L_Morse: 2.22318

Weights: [7000.0, 600.0, 0, 50.0, 0.0, 0.1], lr=5.000e-05
Epoch: 0 [8790/10000 (88%)] Loss: 19.49538 = L_Mnfld: 5.24410 + L_NonMnfld: 11.74501 + L_Nrml: 0.00000 + L_Eknl: 2.28566 + L_Div: 0.00000 + L_Morse: 0.22062
Epoch: 0 [8790/10000 (88%)] Unweighted L_s : L_Mnfld: 0.00075,  L_NonMnfld: 0.01958,  L_Nrml: 0.00000,  L_Eknl: 0.04571, L_Morse: 2.20625

Weights: [7000.0, 600.0, 0, 50.0, 0.0, 0.1], lr=5.000e-05
Epoch: 0 [8800/10000 (88%)] Loss: 19.52619 = L_Mnfld: 5.47771 + L_NonMnfld: 11.52984 + L_Nrml: 0.00000 + L_Eknl: 2.30061 + L_Div: 0.00000 + L_Morse: 0.21804
Epoch: 0 [8800/10000 (88%)] Unweighted L_s : L_Mnfld: 0.00078,  L_NonMnfld: 0.01922,  L_Nrml: 0.00000,  L_Eknl: 0.04601, L_Morse: 2.18040

Weights: [7000.0, 600.0, 0, 50.0, 0.0, 0.1], lr=5.000e-05
Epoch: 0 [8810/10000 (88%)] Loss: 20.64810 = L_Mnfld: 5.58132 + L_NonMnfld: 12.44188 + L_Nrml: 0.00000 + L_Eknl: 2.40931 + L_Div: 0.00000 + L_Morse: 0.21560
Epoch: 0 [8810/10000 (88%)] Unweighted L_s : L_Mnfld: 0.00080,  L_NonMnfld: 0.02074,  L_Nrml: 0.00000,  L_Eknl: 0.04819, L_Morse: 2.15598

Weights: [7000.0, 600.0, 0, 50.0, 0.0, 0.1], lr=5.000e-05
Epoch: 0 [8820/10000 (88%)] Loss: 19.60934 = L_Mnfld: 5.59640 + L_NonMnfld: 11.52921 + L_Nrml: 0.00000 + L_Eknl: 2.27044 + L_Div: 0.00000 + L_Morse: 0.21329
Epoch: 0 [8820/10000 (88%)] Unweighted L_s : L_Mnfld: 0.00080,  L_NonMnfld: 0.01922,  L_Nrml: 0.00000,  L_Eknl: 0.04541, L_Morse: 2.13288

Weights: [7000.0, 600.0, 0, 50.0, 0.0, 0.1], lr=5.000e-05
Epoch: 0 [8830/10000 (88%)] Loss: 19.19647 = L_Mnfld: 5.66144 + L_NonMnfld: 10.90511 + L_Nrml: 0.00000 + L_Eknl: 2.41055 + L_Div: 0.00000 + L_Morse: 0.21937
Epoch: 0 [8830/10000 (88%)] Unweighted L_s : L_Mnfld: 0.00081,  L_NonMnfld: 0.01818,  L_Nrml: 0.00000,  L_Eknl: 0.04821, L_Morse: 2.19367

Weights: [7000.0, 600.0, 0, 50.0, 0.0, 0.1], lr=5.000e-05
Epoch: 0 [8840/10000 (88%)] Loss: 19.54092 = L_Mnfld: 5.49243 + L_NonMnfld: 11.57387 + L_Nrml: 0.00000 + L_Eknl: 2.26101 + L_Div: 0.00000 + L_Morse: 0.21361
Epoch: 0 [8840/10000 (88%)] Unweighted L_s : L_Mnfld: 0.00078,  L_NonMnfld: 0.01929,  L_Nrml: 0.00000,  L_Eknl: 0.04522, L_Morse: 2.13612

Weights: [7000.0, 600.0, 0, 50.0, 0.0, 0.1], lr=5.000e-05
Epoch: 0 [8850/10000 (88%)] Loss: 21.16805 = L_Mnfld: 5.85014 + L_NonMnfld: 12.69325 + L_Nrml: 0.00000 + L_Eknl: 2.40285 + L_Div: 0.00000 + L_Morse: 0.22181
Epoch: 0 [8850/10000 (88%)] Unweighted L_s : L_Mnfld: 0.00084,  L_NonMnfld: 0.02116,  L_Nrml: 0.00000,  L_Eknl: 0.04806, L_Morse: 2.21811

Weights: [7000.0, 600.0, 0, 50.0, 0.0, 0.1], lr=5.000e-05
Epoch: 0 [8860/10000 (89%)] Loss: 19.49511 = L_Mnfld: 5.38039 + L_NonMnfld: 11.53479 + L_Nrml: 0.00000 + L_Eknl: 2.35437 + L_Div: 0.00000 + L_Morse: 0.22556
Epoch: 0 [8860/10000 (89%)] Unweighted L_s : L_Mnfld: 0.00077,  L_NonMnfld: 0.01922,  L_Nrml: 0.00000,  L_Eknl: 0.04709, L_Morse: 2.25560

Weights: [7000.0, 600.0, 0, 50.0, 0.0, 0.1], lr=5.000e-05
Epoch: 0 [8870/10000 (89%)] Loss: 19.70274 = L_Mnfld: 5.58883 + L_NonMnfld: 11.51820 + L_Nrml: 0.00000 + L_Eknl: 2.36684 + L_Div: 0.00000 + L_Morse: 0.22887
Epoch: 0 [8870/10000 (89%)] Unweighted L_s : L_Mnfld: 0.00080,  L_NonMnfld: 0.01920,  L_Nrml: 0.00000,  L_Eknl: 0.04734, L_Morse: 2.28869

Weights: [7000.0, 600.0, 0, 50.0, 0.0, 0.1], lr=5.000e-05
Epoch: 0 [8880/10000 (89%)] Loss: 19.40388 = L_Mnfld: 5.58446 + L_NonMnfld: 11.15059 + L_Nrml: 0.00000 + L_Eknl: 2.44538 + L_Div: 0.00000 + L_Morse: 0.22345
Epoch: 0 [8880/10000 (89%)] Unweighted L_s : L_Mnfld: 0.00080,  L_NonMnfld: 0.01858,  L_Nrml: 0.00000,  L_Eknl: 0.04891, L_Morse: 2.23451

Weights: [7000.0, 600.0, 0, 50.0, 0.0, 0.1], lr=5.000e-05
Epoch: 0 [8890/10000 (89%)] Loss: 18.30354 = L_Mnfld: 5.22073 + L_NonMnfld: 10.56486 + L_Nrml: 0.00000 + L_Eknl: 2.29417 + L_Div: 0.00000 + L_Morse: 0.22378
Epoch: 0 [8890/10000 (89%)] Unweighted L_s : L_Mnfld: 0.00075,  L_NonMnfld: 0.01761,  L_Nrml: 0.00000,  L_Eknl: 0.04588, L_Morse: 2.23782

Weights: [7000.0, 600.0, 0, 50.0, 0.0, 0.1], lr=5.000e-05
Epoch: 0 [8900/10000 (89%)] Loss: 20.25395 = L_Mnfld: 5.85601 + L_NonMnfld: 11.78281 + L_Nrml: 0.00000 + L_Eknl: 2.38130 + L_Div: 0.00000 + L_Morse: 0.23382
Epoch: 0 [8900/10000 (89%)] Unweighted L_s : L_Mnfld: 0.00084,  L_NonMnfld: 0.01964,  L_Nrml: 0.00000,  L_Eknl: 0.04763, L_Morse: 2.33825

Weights: [7000.0, 600.0, 0, 50.0, 0.0, 0.1], lr=5.000e-05
Epoch: 0 [8910/10000 (89%)] Loss: 21.46040 = L_Mnfld: 5.98663 + L_NonMnfld: 12.90876 + L_Nrml: 0.00000 + L_Eknl: 2.33257 + L_Div: 0.00000 + L_Morse: 0.23244
Epoch: 0 [8910/10000 (89%)] Unweighted L_s : L_Mnfld: 0.00086,  L_NonMnfld: 0.02151,  L_Nrml: 0.00000,  L_Eknl: 0.04665, L_Morse: 2.32439

Weights: [7000.0, 600.0, 0, 50.0, 0.0, 0.1], lr=5.000e-05
Epoch: 0 [8920/10000 (89%)] Loss: 18.84080 = L_Mnfld: 5.70663 + L_NonMnfld: 10.55072 + L_Nrml: 0.00000 + L_Eknl: 2.35157 + L_Div: 0.00000 + L_Morse: 0.23189
Epoch: 0 [8920/10000 (89%)] Unweighted L_s : L_Mnfld: 0.00082,  L_NonMnfld: 0.01758,  L_Nrml: 0.00000,  L_Eknl: 0.04703, L_Morse: 2.31888

Weights: [7000.0, 600.0, 0, 50.0, 0.0, 0.1], lr=5.000e-05
Epoch: 0 [8930/10000 (89%)] Loss: 20.48549 = L_Mnfld: 5.55972 + L_NonMnfld: 12.40596 + L_Nrml: 0.00000 + L_Eknl: 2.30457 + L_Div: 0.00000 + L_Morse: 0.21523
Epoch: 0 [8930/10000 (89%)] Unweighted L_s : L_Mnfld: 0.00079,  L_NonMnfld: 0.02068,  L_Nrml: 0.00000,  L_Eknl: 0.04609, L_Morse: 2.15231

Weights: [7000.0, 600.0, 0, 50.0, 0.0, 0.1], lr=5.000e-05
Epoch: 0 [8940/10000 (89%)] Loss: 19.94050 = L_Mnfld: 5.54254 + L_NonMnfld: 11.89149 + L_Nrml: 0.00000 + L_Eknl: 2.28152 + L_Div: 0.00000 + L_Morse: 0.22496
Epoch: 0 [8940/10000 (89%)] Unweighted L_s : L_Mnfld: 0.00079,  L_NonMnfld: 0.01982,  L_Nrml: 0.00000,  L_Eknl: 0.04563, L_Morse: 2.24960

Weights: [7000.0, 600.0, 0, 50.0, 0.0, 0.1], lr=5.000e-05
Epoch: 0 [8950/10000 (90%)] Loss: 20.71412 = L_Mnfld: 5.39822 + L_NonMnfld: 12.71412 + L_Nrml: 0.00000 + L_Eknl: 2.37621 + L_Div: 0.00000 + L_Morse: 0.22557
Epoch: 0 [8950/10000 (90%)] Unweighted L_s : L_Mnfld: 0.00077,  L_NonMnfld: 0.02119,  L_Nrml: 0.00000,  L_Eknl: 0.04752, L_Morse: 2.25572

Weights: [7000.0, 600.0, 0, 50.0, 0.0, 0.1], lr=5.000e-05
Epoch: 0 [8960/10000 (90%)] Loss: 20.30139 = L_Mnfld: 5.63302 + L_NonMnfld: 12.09673 + L_Nrml: 0.00000 + L_Eknl: 2.34632 + L_Div: 0.00000 + L_Morse: 0.22533
Epoch: 0 [8960/10000 (90%)] Unweighted L_s : L_Mnfld: 0.00080,  L_NonMnfld: 0.02016,  L_Nrml: 0.00000,  L_Eknl: 0.04693, L_Morse: 2.25327

Weights: [7000.0, 600.0, 0, 50.0, 0.0, 0.1], lr=5.000e-05
Epoch: 0 [8970/10000 (90%)] Loss: 19.40333 = L_Mnfld: 5.23887 + L_NonMnfld: 11.58479 + L_Nrml: 0.00000 + L_Eknl: 2.35310 + L_Div: 0.00000 + L_Morse: 0.22658
Epoch: 0 [8970/10000 (90%)] Unweighted L_s : L_Mnfld: 0.00075,  L_NonMnfld: 0.01931,  L_Nrml: 0.00000,  L_Eknl: 0.04706, L_Morse: 2.26576

Weights: [7000.0, 600.0, 0, 50.0, 0.0, 0.1], lr=5.000e-05
Epoch: 0 [8980/10000 (90%)] Loss: 19.73111 = L_Mnfld: 5.07203 + L_NonMnfld: 12.13406 + L_Nrml: 0.00000 + L_Eknl: 2.29787 + L_Div: 0.00000 + L_Morse: 0.22715
Epoch: 0 [8980/10000 (90%)] Unweighted L_s : L_Mnfld: 0.00072,  L_NonMnfld: 0.02022,  L_Nrml: 0.00000,  L_Eknl: 0.04596, L_Morse: 2.27146

Weights: [7000.0, 600.0, 0, 50.0, 0.0, 0.1], lr=5.000e-05
Epoch: 0 [8990/10000 (90%)] Loss: 19.70754 = L_Mnfld: 5.09260 + L_NonMnfld: 12.04494 + L_Nrml: 0.00000 + L_Eknl: 2.34291 + L_Div: 0.00000 + L_Morse: 0.22710
Epoch: 0 [8990/10000 (90%)] Unweighted L_s : L_Mnfld: 0.00073,  L_NonMnfld: 0.02007,  L_Nrml: 0.00000,  L_Eknl: 0.04686, L_Morse: 2.27099

Weights: [7000.0, 600.0, 0, 50.0, 0.0, 0.1], lr=5.000e-05
Epoch: 0 [9000/10000 (90%)] Loss: 19.06168 = L_Mnfld: 5.16085 + L_NonMnfld: 11.31498 + L_Nrml: 0.00000 + L_Eknl: 2.35710 + L_Div: 0.00000 + L_Morse: 0.22875
Epoch: 0 [9000/10000 (90%)] Unweighted L_s : L_Mnfld: 0.00074,  L_NonMnfld: 0.01886,  L_Nrml: 0.00000,  L_Eknl: 0.04714, L_Morse: 2.28749

Weights: [7000.0, 600.0, 0, 50.0, 0.0, 0.1], lr=5.000e-05
Epoch: 0 [9010/10000 (90%)] Loss: 19.31208 = L_Mnfld: 5.25198 + L_NonMnfld: 11.46056 + L_Nrml: 0.00000 + L_Eknl: 2.37239 + L_Div: 0.00000 + L_Morse: 0.22716
Epoch: 0 [9010/10000 (90%)] Unweighted L_s : L_Mnfld: 0.00075,  L_NonMnfld: 0.01910,  L_Nrml: 0.00000,  L_Eknl: 0.04745, L_Morse: 2.27161

Weights: [7000.0, 600.0, 0, 50.0, 0.0, 0.1], lr=5.000e-05
Epoch: 0 [9020/10000 (90%)] Loss: 19.30841 = L_Mnfld: 5.62579 + L_NonMnfld: 11.08992 + L_Nrml: 0.00000 + L_Eknl: 2.36630 + L_Div: 0.00000 + L_Morse: 0.22641
Epoch: 0 [9020/10000 (90%)] Unweighted L_s : L_Mnfld: 0.00080,  L_NonMnfld: 0.01848,  L_Nrml: 0.00000,  L_Eknl: 0.04733, L_Morse: 2.26411

Weights: [7000.0, 600.0, 0, 50.0, 0.0, 0.1], lr=5.000e-05
Epoch: 0 [9030/10000 (90%)] Loss: 19.13948 = L_Mnfld: 5.73851 + L_NonMnfld: 10.91683 + L_Nrml: 0.00000 + L_Eknl: 2.25483 + L_Div: 0.00000 + L_Morse: 0.22931
Epoch: 0 [9030/10000 (90%)] Unweighted L_s : L_Mnfld: 0.00082,  L_NonMnfld: 0.01819,  L_Nrml: 0.00000,  L_Eknl: 0.04510, L_Morse: 2.29306

Weights: [7000.0, 600.0, 0, 50.0, 0.0, 0.1], lr=5.000e-05
Epoch: 0 [9040/10000 (90%)] Loss: 21.48721 = L_Mnfld: 5.87608 + L_NonMnfld: 12.98048 + L_Nrml: 0.00000 + L_Eknl: 2.39930 + L_Div: 0.00000 + L_Morse: 0.23135
Epoch: 0 [9040/10000 (90%)] Unweighted L_s : L_Mnfld: 0.00084,  L_NonMnfld: 0.02163,  L_Nrml: 0.00000,  L_Eknl: 0.04799, L_Morse: 2.31353

Weights: [7000.0, 600.0, 0, 50.0, 0.0, 0.1], lr=5.000e-05
Epoch: 0 [9050/10000 (90%)] Loss: 19.81173 = L_Mnfld: 5.79580 + L_NonMnfld: 11.49637 + L_Nrml: 0.00000 + L_Eknl: 2.29278 + L_Div: 0.00000 + L_Morse: 0.22678
Epoch: 0 [9050/10000 (90%)] Unweighted L_s : L_Mnfld: 0.00083,  L_NonMnfld: 0.01916,  L_Nrml: 0.00000,  L_Eknl: 0.04586, L_Morse: 2.26778

Weights: [7000.0, 600.0, 0, 50.0, 0.0, 0.1], lr=5.000e-05
Epoch: 0 [9060/10000 (91%)] Loss: 19.20751 = L_Mnfld: 6.03301 + L_NonMnfld: 10.62752 + L_Nrml: 0.00000 + L_Eknl: 2.31750 + L_Div: 0.00000 + L_Morse: 0.22948
Epoch: 0 [9060/10000 (91%)] Unweighted L_s : L_Mnfld: 0.00086,  L_NonMnfld: 0.01771,  L_Nrml: 0.00000,  L_Eknl: 0.04635, L_Morse: 2.29477

Weights: [7000.0, 600.0, 0, 50.0, 0.0, 0.1], lr=5.000e-05
Epoch: 0 [9070/10000 (91%)] Loss: 18.94995 = L_Mnfld: 5.68519 + L_NonMnfld: 10.61364 + L_Nrml: 0.00000 + L_Eknl: 2.41718 + L_Div: 0.00000 + L_Morse: 0.23394
Epoch: 0 [9070/10000 (91%)] Unweighted L_s : L_Mnfld: 0.00081,  L_NonMnfld: 0.01769,  L_Nrml: 0.00000,  L_Eknl: 0.04834, L_Morse: 2.33938

Weights: [7000.0, 600.0, 0, 50.0, 0.0, 0.1], lr=5.000e-05
Epoch: 0 [9080/10000 (91%)] Loss: 20.30029 = L_Mnfld: 5.61614 + L_NonMnfld: 12.07996 + L_Nrml: 0.00000 + L_Eknl: 2.38127 + L_Div: 0.00000 + L_Morse: 0.22292
Epoch: 0 [9080/10000 (91%)] Unweighted L_s : L_Mnfld: 0.00080,  L_NonMnfld: 0.02013,  L_Nrml: 0.00000,  L_Eknl: 0.04763, L_Morse: 2.22924

Weights: [7000.0, 600.0, 0, 50.0, 0.0, 0.1], lr=5.000e-05
Epoch: 0 [9090/10000 (91%)] Loss: 18.43084 = L_Mnfld: 5.67611 + L_NonMnfld: 10.23929 + L_Nrml: 0.00000 + L_Eknl: 2.28583 + L_Div: 0.00000 + L_Morse: 0.22961
Epoch: 0 [9090/10000 (91%)] Unweighted L_s : L_Mnfld: 0.00081,  L_NonMnfld: 0.01707,  L_Nrml: 0.00000,  L_Eknl: 0.04572, L_Morse: 2.29607

Weights: [7000.0, 600.0, 0, 50.0, 0.0, 0.1], lr=5.000e-05
Epoch: 0 [9100/10000 (91%)] Loss: 19.61694 = L_Mnfld: 5.72879 + L_NonMnfld: 11.40959 + L_Nrml: 0.00000 + L_Eknl: 2.25596 + L_Div: 0.00000 + L_Morse: 0.22261
Epoch: 0 [9100/10000 (91%)] Unweighted L_s : L_Mnfld: 0.00082,  L_NonMnfld: 0.01902,  L_Nrml: 0.00000,  L_Eknl: 0.04512, L_Morse: 2.22605

Weights: [7000.0, 600.0, 0, 50.0, 0.0, 0.1], lr=5.000e-05
Epoch: 0 [9110/10000 (91%)] Loss: 20.82823 = L_Mnfld: 5.57645 + L_NonMnfld: 12.69113 + L_Nrml: 0.00000 + L_Eknl: 2.33302 + L_Div: 0.00000 + L_Morse: 0.22763
Epoch: 0 [9110/10000 (91%)] Unweighted L_s : L_Mnfld: 0.00080,  L_NonMnfld: 0.02115,  L_Nrml: 0.00000,  L_Eknl: 0.04666, L_Morse: 2.27632

Weights: [7000.0, 600.0, 0, 50.0, 0.0, 0.1], lr=5.000e-05
Epoch: 0 [9120/10000 (91%)] Loss: 19.52499 = L_Mnfld: 5.23279 + L_NonMnfld: 11.80975 + L_Nrml: 0.00000 + L_Eknl: 2.26081 + L_Div: 0.00000 + L_Morse: 0.22164
Epoch: 0 [9120/10000 (91%)] Unweighted L_s : L_Mnfld: 0.00075,  L_NonMnfld: 0.01968,  L_Nrml: 0.00000,  L_Eknl: 0.04522, L_Morse: 2.21640

Weights: [7000.0, 600.0, 0, 50.0, 0.0, 0.1], lr=5.000e-05
Epoch: 0 [9130/10000 (91%)] Loss: 19.14240 = L_Mnfld: 5.60562 + L_NonMnfld: 10.98114 + L_Nrml: 0.00000 + L_Eknl: 2.33197 + L_Div: 0.00000 + L_Morse: 0.22367
Epoch: 0 [9130/10000 (91%)] Unweighted L_s : L_Mnfld: 0.00080,  L_NonMnfld: 0.01830,  L_Nrml: 0.00000,  L_Eknl: 0.04664, L_Morse: 2.23671

Weights: [7000.0, 600.0, 0, 50.0, 0.0, 0.1], lr=5.000e-05
Epoch: 0 [9140/10000 (91%)] Loss: 19.06505 = L_Mnfld: 5.21982 + L_NonMnfld: 11.35784 + L_Nrml: 0.00000 + L_Eknl: 2.26356 + L_Div: 0.00000 + L_Morse: 0.22383
Epoch: 0 [9140/10000 (91%)] Unweighted L_s : L_Mnfld: 0.00075,  L_NonMnfld: 0.01893,  L_Nrml: 0.00000,  L_Eknl: 0.04527, L_Morse: 2.23832

Weights: [7000.0, 600.0, 0, 50.0, 0.0, 0.1], lr=5.000e-05
Epoch: 0 [9150/10000 (92%)] Loss: 18.38596 = L_Mnfld: 5.03651 + L_NonMnfld: 10.89110 + L_Nrml: 0.00000 + L_Eknl: 2.23308 + L_Div: 0.00000 + L_Morse: 0.22527
Epoch: 0 [9150/10000 (92%)] Unweighted L_s : L_Mnfld: 0.00072,  L_NonMnfld: 0.01815,  L_Nrml: 0.00000,  L_Eknl: 0.04466, L_Morse: 2.25267

Weights: [7000.0, 600.0, 0, 50.0, 0.0, 0.1], lr=5.000e-05
Epoch: 0 [9160/10000 (92%)] Loss: 19.69123 = L_Mnfld: 5.34582 + L_NonMnfld: 11.81363 + L_Nrml: 0.00000 + L_Eknl: 2.30520 + L_Div: 0.00000 + L_Morse: 0.22658
Epoch: 0 [9160/10000 (92%)] Unweighted L_s : L_Mnfld: 0.00076,  L_NonMnfld: 0.01969,  L_Nrml: 0.00000,  L_Eknl: 0.04610, L_Morse: 2.26578

Weights: [7000.0, 600.0, 0, 50.0, 0.0, 0.1], lr=5.000e-05
Epoch: 0 [9170/10000 (92%)] Loss: 19.73315 = L_Mnfld: 5.01291 + L_NonMnfld: 12.22296 + L_Nrml: 0.00000 + L_Eknl: 2.27005 + L_Div: 0.00000 + L_Morse: 0.22724
Epoch: 0 [9170/10000 (92%)] Unweighted L_s : L_Mnfld: 0.00072,  L_NonMnfld: 0.02037,  L_Nrml: 0.00000,  L_Eknl: 0.04540, L_Morse: 2.27235

Weights: [7000.0, 600.0, 0, 50.0, 0.0, 0.1], lr=5.000e-05
Epoch: 0 [9180/10000 (92%)] Loss: 19.74722 = L_Mnfld: 5.65971 + L_NonMnfld: 11.49590 + L_Nrml: 0.00000 + L_Eknl: 2.36669 + L_Div: 0.00000 + L_Morse: 0.22492
Epoch: 0 [9180/10000 (92%)] Unweighted L_s : L_Mnfld: 0.00081,  L_NonMnfld: 0.01916,  L_Nrml: 0.00000,  L_Eknl: 0.04733, L_Morse: 2.24918

Weights: [7000.0, 600.0, 0, 50.0, 0.0, 0.1], lr=5.000e-05
Epoch: 0 [9190/10000 (92%)] Loss: 19.35474 = L_Mnfld: 5.21456 + L_NonMnfld: 11.71387 + L_Nrml: 0.00000 + L_Eknl: 2.20122 + L_Div: 0.00000 + L_Morse: 0.22510
Epoch: 0 [9190/10000 (92%)] Unweighted L_s : L_Mnfld: 0.00074,  L_NonMnfld: 0.01952,  L_Nrml: 0.00000,  L_Eknl: 0.04402, L_Morse: 2.25101

Weights: [7000.0, 600.0, 0, 50.0, 0.0, 0.1], lr=5.000e-05
Epoch: 0 [9200/10000 (92%)] Loss: 20.21131 = L_Mnfld: 5.74847 + L_NonMnfld: 12.02189 + L_Nrml: 0.00000 + L_Eknl: 2.21756 + L_Div: 0.00000 + L_Morse: 0.22339
Epoch: 0 [9200/10000 (92%)] Unweighted L_s : L_Mnfld: 0.00082,  L_NonMnfld: 0.02004,  L_Nrml: 0.00000,  L_Eknl: 0.04435, L_Morse: 2.23388

Weights: [7000.0, 600.0, 0, 50.0, 0.0, 0.1], lr=5.000e-05
Epoch: 0 [9210/10000 (92%)] Loss: 19.53516 = L_Mnfld: 5.29808 + L_NonMnfld: 11.70080 + L_Nrml: 0.00000 + L_Eknl: 2.31083 + L_Div: 0.00000 + L_Morse: 0.22544
Epoch: 0 [9210/10000 (92%)] Unweighted L_s : L_Mnfld: 0.00076,  L_NonMnfld: 0.01950,  L_Nrml: 0.00000,  L_Eknl: 0.04622, L_Morse: 2.25444

Weights: [7000.0, 600.0, 0, 50.0, 0.0, 0.1], lr=5.000e-05
Epoch: 0 [9220/10000 (92%)] Loss: 19.13503 = L_Mnfld: 5.14897 + L_NonMnfld: 11.43083 + L_Nrml: 0.00000 + L_Eknl: 2.33243 + L_Div: 0.00000 + L_Morse: 0.22281
Epoch: 0 [9220/10000 (92%)] Unweighted L_s : L_Mnfld: 0.00074,  L_NonMnfld: 0.01905,  L_Nrml: 0.00000,  L_Eknl: 0.04665, L_Morse: 2.22806

Weights: [7000.0, 600.0, 0, 50.0, 0.0, 0.1], lr=5.000e-05
Epoch: 0 [9230/10000 (92%)] Loss: 19.65760 = L_Mnfld: 5.14461 + L_NonMnfld: 11.99708 + L_Nrml: 0.00000 + L_Eknl: 2.29787 + L_Div: 0.00000 + L_Morse: 0.21805
Epoch: 0 [9230/10000 (92%)] Unweighted L_s : L_Mnfld: 0.00073,  L_NonMnfld: 0.02000,  L_Nrml: 0.00000,  L_Eknl: 0.04596, L_Morse: 2.18047

Weights: [7000.0, 600.0, 0, 50.0, 0.0, 0.1], lr=5.000e-05
Epoch: 0 [9240/10000 (92%)] Loss: 19.75500 = L_Mnfld: 5.33741 + L_NonMnfld: 11.86028 + L_Nrml: 0.00000 + L_Eknl: 2.33671 + L_Div: 0.00000 + L_Morse: 0.22061
Epoch: 0 [9240/10000 (92%)] Unweighted L_s : L_Mnfld: 0.00076,  L_NonMnfld: 0.01977,  L_Nrml: 0.00000,  L_Eknl: 0.04673, L_Morse: 2.20609

Weights: [7000.0, 600.0, 0, 50.0, 0.0, 0.1], lr=5.000e-05
Epoch: 0 [9250/10000 (92%)] Loss: 19.65386 = L_Mnfld: 5.26702 + L_NonMnfld: 11.98788 + L_Nrml: 0.00000 + L_Eknl: 2.17093 + L_Div: 0.00000 + L_Morse: 0.22804
Epoch: 0 [9250/10000 (92%)] Unweighted L_s : L_Mnfld: 0.00075,  L_NonMnfld: 0.01998,  L_Nrml: 0.00000,  L_Eknl: 0.04342, L_Morse: 2.28035

Weights: [7000.0, 600.0, 0, 50.0, 0.0, 0.1], lr=5.000e-05
Epoch: 0 [9260/10000 (93%)] Loss: 19.34349 = L_Mnfld: 5.17209 + L_NonMnfld: 11.80684 + L_Nrml: 0.00000 + L_Eknl: 2.13518 + L_Div: 0.00000 + L_Morse: 0.22938
Epoch: 0 [9260/10000 (93%)] Unweighted L_s : L_Mnfld: 0.00074,  L_NonMnfld: 0.01968,  L_Nrml: 0.00000,  L_Eknl: 0.04270, L_Morse: 2.29379

Weights: [7000.0, 600.0, 0, 50.0, 0.0, 0.1], lr=5.000e-05
Epoch: 0 [9270/10000 (93%)] Loss: 19.85725 = L_Mnfld: 4.85289 + L_NonMnfld: 12.63640 + L_Nrml: 0.00000 + L_Eknl: 2.14426 + L_Div: 0.00000 + L_Morse: 0.22369
Epoch: 0 [9270/10000 (93%)] Unweighted L_s : L_Mnfld: 0.00069,  L_NonMnfld: 0.02106,  L_Nrml: 0.00000,  L_Eknl: 0.04289, L_Morse: 2.23694

Weights: [7000.0, 600.0, 0, 50.0, 0.0, 0.1], lr=5.000e-05
Epoch: 0 [9280/10000 (93%)] Loss: 19.83797 = L_Mnfld: 4.96937 + L_NonMnfld: 12.28430 + L_Nrml: 0.00000 + L_Eknl: 2.35434 + L_Div: 0.00000 + L_Morse: 0.22995
Epoch: 0 [9280/10000 (93%)] Unweighted L_s : L_Mnfld: 0.00071,  L_NonMnfld: 0.02047,  L_Nrml: 0.00000,  L_Eknl: 0.04709, L_Morse: 2.29954

Weights: [7000.0, 600.0, 0, 50.0, 0.0, 0.1], lr=5.000e-05
Epoch: 0 [9290/10000 (93%)] Loss: 19.02989 = L_Mnfld: 5.28911 + L_NonMnfld: 11.28930 + L_Nrml: 0.00000 + L_Eknl: 2.23274 + L_Div: 0.00000 + L_Morse: 0.21874
Epoch: 0 [9290/10000 (93%)] Unweighted L_s : L_Mnfld: 0.00076,  L_NonMnfld: 0.01882,  L_Nrml: 0.00000,  L_Eknl: 0.04465, L_Morse: 2.18740

Weights: [7000.0, 600.0, 0, 50.0, 0.0, 0.1], lr=5.000e-05
Epoch: 0 [9300/10000 (93%)] Loss: 21.14179 = L_Mnfld: 5.94596 + L_NonMnfld: 12.57633 + L_Nrml: 0.00000 + L_Eknl: 2.40126 + L_Div: 0.00000 + L_Morse: 0.21824
Epoch: 0 [9300/10000 (93%)] Unweighted L_s : L_Mnfld: 0.00085,  L_NonMnfld: 0.02096,  L_Nrml: 0.00000,  L_Eknl: 0.04803, L_Morse: 2.18235

Weights: [7000.0, 600.0, 0, 50.0, 0.0, 0.1], lr=5.000e-05
Epoch: 0 [9310/10000 (93%)] Loss: 19.89451 = L_Mnfld: 5.75664 + L_NonMnfld: 11.60206 + L_Nrml: 0.00000 + L_Eknl: 2.30862 + L_Div: 0.00000 + L_Morse: 0.22718
Epoch: 0 [9310/10000 (93%)] Unweighted L_s : L_Mnfld: 0.00082,  L_NonMnfld: 0.01934,  L_Nrml: 0.00000,  L_Eknl: 0.04617, L_Morse: 2.27181

Weights: [7000.0, 600.0, 0, 50.0, 0.0, 0.1], lr=5.000e-05
Epoch: 0 [9320/10000 (93%)] Loss: 19.79362 = L_Mnfld: 5.54634 + L_NonMnfld: 11.72876 + L_Nrml: 0.00000 + L_Eknl: 2.28985 + L_Div: 0.00000 + L_Morse: 0.22866
Epoch: 0 [9320/10000 (93%)] Unweighted L_s : L_Mnfld: 0.00079,  L_NonMnfld: 0.01955,  L_Nrml: 0.00000,  L_Eknl: 0.04580, L_Morse: 2.28662

Weights: [7000.0, 600.0, 0, 50.0, 0.0, 0.1], lr=5.000e-05
Epoch: 0 [9330/10000 (93%)] Loss: 19.95978 = L_Mnfld: 5.79378 + L_NonMnfld: 11.68911 + L_Nrml: 0.00000 + L_Eknl: 2.25107 + L_Div: 0.00000 + L_Morse: 0.22581
Epoch: 0 [9330/10000 (93%)] Unweighted L_s : L_Mnfld: 0.00083,  L_NonMnfld: 0.01948,  L_Nrml: 0.00000,  L_Eknl: 0.04502, L_Morse: 2.25813

Weights: [7000.0, 600.0, 0, 50.0, 0.0, 0.1], lr=5.000e-05
Epoch: 0 [9340/10000 (93%)] Loss: 19.42914 = L_Mnfld: 5.49608 + L_NonMnfld: 11.39051 + L_Nrml: 0.00000 + L_Eknl: 2.31542 + L_Div: 0.00000 + L_Morse: 0.22713
Epoch: 0 [9340/10000 (93%)] Unweighted L_s : L_Mnfld: 0.00079,  L_NonMnfld: 0.01898,  L_Nrml: 0.00000,  L_Eknl: 0.04631, L_Morse: 2.27127

Weights: [7000.0, 600.0, 0, 50.0, 0.0, 0.1], lr=5.000e-05
Epoch: 0 [9350/10000 (94%)] Loss: 19.52973 = L_Mnfld: 5.72046 + L_NonMnfld: 11.25896 + L_Nrml: 0.00000 + L_Eknl: 2.32563 + L_Div: 0.00000 + L_Morse: 0.22467
Epoch: 0 [9350/10000 (94%)] Unweighted L_s : L_Mnfld: 0.00082,  L_NonMnfld: 0.01876,  L_Nrml: 0.00000,  L_Eknl: 0.04651, L_Morse: 2.24675

Weights: [7000.0, 600.0, 0, 50.0, 0.0, 0.1], lr=5.000e-05
Epoch: 0 [9360/10000 (94%)] Loss: 19.85316 = L_Mnfld: 5.52872 + L_NonMnfld: 11.88278 + L_Nrml: 0.00000 + L_Eknl: 2.22081 + L_Div: 0.00000 + L_Morse: 0.22085
Epoch: 0 [9360/10000 (94%)] Unweighted L_s : L_Mnfld: 0.00079,  L_NonMnfld: 0.01980,  L_Nrml: 0.00000,  L_Eknl: 0.04442, L_Morse: 2.20853

Weights: [7000.0, 600.0, 0, 50.0, 0.0, 0.1], lr=5.000e-05
Epoch: 0 [9370/10000 (94%)] Loss: 19.43175 = L_Mnfld: 5.39854 + L_NonMnfld: 11.51898 + L_Nrml: 0.00000 + L_Eknl: 2.28779 + L_Div: 0.00000 + L_Morse: 0.22645
Epoch: 0 [9370/10000 (94%)] Unweighted L_s : L_Mnfld: 0.00077,  L_NonMnfld: 0.01920,  L_Nrml: 0.00000,  L_Eknl: 0.04576, L_Morse: 2.26451

Weights: [7000.0, 600.0, 0, 50.0, 0.0, 0.1], lr=5.000e-05
Epoch: 0 [9380/10000 (94%)] Loss: 19.80285 = L_Mnfld: 5.36780 + L_NonMnfld: 11.85895 + L_Nrml: 0.00000 + L_Eknl: 2.34905 + L_Div: 0.00000 + L_Morse: 0.22705
Epoch: 0 [9380/10000 (94%)] Unweighted L_s : L_Mnfld: 0.00077,  L_NonMnfld: 0.01976,  L_Nrml: 0.00000,  L_Eknl: 0.04698, L_Morse: 2.27048

Weights: [7000.0, 600.0, 0, 50.0, 0.0, 0.1], lr=5.000e-05
Epoch: 0 [9390/10000 (94%)] Loss: 19.53583 = L_Mnfld: 5.26726 + L_NonMnfld: 11.75450 + L_Nrml: 0.00000 + L_Eknl: 2.29432 + L_Div: 0.00000 + L_Morse: 0.21976
Epoch: 0 [9390/10000 (94%)] Unweighted L_s : L_Mnfld: 0.00075,  L_NonMnfld: 0.01959,  L_Nrml: 0.00000,  L_Eknl: 0.04589, L_Morse: 2.19761

Weights: [7000.0, 600.0, 0, 50.0, 0.0, 0.1], lr=5.000e-05
Epoch: 0 [9400/10000 (94%)] Loss: 20.10443 = L_Mnfld: 5.29553 + L_NonMnfld: 12.20237 + L_Nrml: 0.00000 + L_Eknl: 2.38159 + L_Div: 0.00000 + L_Morse: 0.22494
Epoch: 0 [9400/10000 (94%)] Unweighted L_s : L_Mnfld: 0.00076,  L_NonMnfld: 0.02034,  L_Nrml: 0.00000,  L_Eknl: 0.04763, L_Morse: 2.24943

Weights: [7000.0, 600.0, 0, 50.0, 0.0, 0.1], lr=5.000e-05
Epoch: 0 [9410/10000 (94%)] Loss: 19.74698 = L_Mnfld: 5.33485 + L_NonMnfld: 11.92108 + L_Nrml: 0.00000 + L_Eknl: 2.26320 + L_Div: 0.00000 + L_Morse: 0.22785
Epoch: 0 [9410/10000 (94%)] Unweighted L_s : L_Mnfld: 0.00076,  L_NonMnfld: 0.01987,  L_Nrml: 0.00000,  L_Eknl: 0.04526, L_Morse: 2.27851

Weights: [7000.0, 600.0, 0, 50.0, 0.0, 0.1], lr=5.000e-05
Epoch: 0 [9420/10000 (94%)] Loss: 19.50981 = L_Mnfld: 5.61280 + L_NonMnfld: 11.31968 + L_Nrml: 0.00000 + L_Eknl: 2.34068 + L_Div: 0.00000 + L_Morse: 0.23665
Epoch: 0 [9420/10000 (94%)] Unweighted L_s : L_Mnfld: 0.00080,  L_NonMnfld: 0.01887,  L_Nrml: 0.00000,  L_Eknl: 0.04681, L_Morse: 2.36652

Weights: [7000.0, 600.0, 0, 50.0, 0.0, 0.1], lr=5.000e-05
Epoch: 0 [9430/10000 (94%)] Loss: 20.41400 = L_Mnfld: 5.72144 + L_NonMnfld: 12.23416 + L_Nrml: 0.00000 + L_Eknl: 2.23293 + L_Div: 0.00000 + L_Morse: 0.22548
Epoch: 0 [9430/10000 (94%)] Unweighted L_s : L_Mnfld: 0.00082,  L_NonMnfld: 0.02039,  L_Nrml: 0.00000,  L_Eknl: 0.04466, L_Morse: 2.25475

Weights: [7000.0, 600.0, 0, 50.0, 0.0, 0.1], lr=5.000e-05
Epoch: 0 [9440/10000 (94%)] Loss: 19.77232 = L_Mnfld: 5.32840 + L_NonMnfld: 11.90996 + L_Nrml: 0.00000 + L_Eknl: 2.30595 + L_Div: 0.00000 + L_Morse: 0.22802
Epoch: 0 [9440/10000 (94%)] Unweighted L_s : L_Mnfld: 0.00076,  L_NonMnfld: 0.01985,  L_Nrml: 0.00000,  L_Eknl: 0.04612, L_Morse: 2.28016

Weights: [7000.0, 600.0, 0, 50.0, 0.0, 0.1], lr=5.000e-05
Epoch: 0 [9450/10000 (94%)] Loss: 18.69018 = L_Mnfld: 5.48181 + L_NonMnfld: 10.68717 + L_Nrml: 0.00000 + L_Eknl: 2.29136 + L_Div: 0.00000 + L_Morse: 0.22985
Epoch: 0 [9450/10000 (94%)] Unweighted L_s : L_Mnfld: 0.00078,  L_NonMnfld: 0.01781,  L_Nrml: 0.00000,  L_Eknl: 0.04583, L_Morse: 2.29850

Weights: [7000.0, 600.0, 0, 50.0, 0.0, 0.1], lr=5.000e-05
Epoch: 0 [9460/10000 (95%)] Loss: 20.87792 = L_Mnfld: 5.94506 + L_NonMnfld: 12.35905 + L_Nrml: 0.00000 + L_Eknl: 2.34278 + L_Div: 0.00000 + L_Morse: 0.23103
Epoch: 0 [9460/10000 (95%)] Unweighted L_s : L_Mnfld: 0.00085,  L_NonMnfld: 0.02060,  L_Nrml: 0.00000,  L_Eknl: 0.04686, L_Morse: 2.31031

Weights: [7000.0, 600.0, 0, 50.0, 0.0, 0.1], lr=5.000e-05
Epoch: 0 [9470/10000 (95%)] Loss: 20.33192 = L_Mnfld: 6.07372 + L_NonMnfld: 11.28016 + L_Nrml: 0.00000 + L_Eknl: 2.74636 + L_Div: 0.00000 + L_Morse: 0.23168
Epoch: 0 [9470/10000 (95%)] Unweighted L_s : L_Mnfld: 0.00087,  L_NonMnfld: 0.01880,  L_Nrml: 0.00000,  L_Eknl: 0.05493, L_Morse: 2.31682

Weights: [7000.0, 600.0, 0, 50.0, 0.0, 0.1], lr=5.000e-05
Epoch: 0 [9480/10000 (95%)] Loss: 19.99591 = L_Mnfld: 5.64704 + L_NonMnfld: 11.50928 + L_Nrml: 0.00000 + L_Eknl: 2.60853 + L_Div: 0.00000 + L_Morse: 0.23106
Epoch: 0 [9480/10000 (95%)] Unweighted L_s : L_Mnfld: 0.00081,  L_NonMnfld: 0.01918,  L_Nrml: 0.00000,  L_Eknl: 0.05217, L_Morse: 2.31061

Weights: [7000.0, 600.0, 0, 50.0, 0.0, 0.1], lr=5.000e-05
Epoch: 0 [9490/10000 (95%)] Loss: 19.68557 = L_Mnfld: 5.96819 + L_NonMnfld: 11.17930 + L_Nrml: 0.00000 + L_Eknl: 2.30512 + L_Div: 0.00000 + L_Morse: 0.23295
Epoch: 0 [9490/10000 (95%)] Unweighted L_s : L_Mnfld: 0.00085,  L_NonMnfld: 0.01863,  L_Nrml: 0.00000,  L_Eknl: 0.04610, L_Morse: 2.32955

Weights: [7000.0, 600.0, 0, 50.0, 0.0, 0.1], lr=5.000e-05
Epoch: 0 [9500/10000 (95%)] Loss: 20.06494 = L_Mnfld: 5.70065 + L_NonMnfld: 11.73514 + L_Nrml: 0.00000 + L_Eknl: 2.39560 + L_Div: 0.00000 + L_Morse: 0.23356
Epoch: 0 [9500/10000 (95%)] Unweighted L_s : L_Mnfld: 0.00081,  L_NonMnfld: 0.01956,  L_Nrml: 0.00000,  L_Eknl: 0.04791, L_Morse: 2.33556

Weights: [7000.0, 600.0, 0, 50.0, 0.0, 0.1], lr=5.000e-05
Epoch: 0 [9510/10000 (95%)] Loss: 19.19831 = L_Mnfld: 5.07081 + L_NonMnfld: 11.56693 + L_Nrml: 0.00000 + L_Eknl: 2.32225 + L_Div: 0.00000 + L_Morse: 0.23833
Epoch: 0 [9510/10000 (95%)] Unweighted L_s : L_Mnfld: 0.00072,  L_NonMnfld: 0.01928,  L_Nrml: 0.00000,  L_Eknl: 0.04644, L_Morse: 2.38329

Weights: [7000.0, 600.0, 0, 50.0, 0.0, 0.1], lr=5.000e-05
Epoch: 0 [9520/10000 (95%)] Loss: 18.30857 = L_Mnfld: 5.28194 + L_NonMnfld: 10.55782 + L_Nrml: 0.00000 + L_Eknl: 2.22577 + L_Div: 0.00000 + L_Morse: 0.24305
Epoch: 0 [9520/10000 (95%)] Unweighted L_s : L_Mnfld: 0.00075,  L_NonMnfld: 0.01760,  L_Nrml: 0.00000,  L_Eknl: 0.04452, L_Morse: 2.43048

Weights: [7000.0, 600.0, 0, 50.0, 0.0, 0.1], lr=5.000e-05
Epoch: 0 [9530/10000 (95%)] Loss: 19.28654 = L_Mnfld: 5.36075 + L_NonMnfld: 11.45746 + L_Nrml: 0.00000 + L_Eknl: 2.24295 + L_Div: 0.00000 + L_Morse: 0.22539
Epoch: 0 [9530/10000 (95%)] Unweighted L_s : L_Mnfld: 0.00077,  L_NonMnfld: 0.01910,  L_Nrml: 0.00000,  L_Eknl: 0.04486, L_Morse: 2.25386

Weights: [7000.0, 600.0, 0, 50.0, 0.0, 0.1], lr=5.000e-05
Epoch: 0 [9540/10000 (95%)] Loss: 18.18333 = L_Mnfld: 5.22138 + L_NonMnfld: 10.51273 + L_Nrml: 0.00000 + L_Eknl: 2.21623 + L_Div: 0.00000 + L_Morse: 0.23299
Epoch: 0 [9540/10000 (95%)] Unweighted L_s : L_Mnfld: 0.00075,  L_NonMnfld: 0.01752,  L_Nrml: 0.00000,  L_Eknl: 0.04432, L_Morse: 2.32989

Weights: [7000.0, 600.0, 0, 50.0, 0.0, 0.1], lr=5.000e-05
Epoch: 0 [9550/10000 (96%)] Loss: 19.51344 = L_Mnfld: 5.12312 + L_NonMnfld: 11.95986 + L_Nrml: 0.00000 + L_Eknl: 2.19481 + L_Div: 0.00000 + L_Morse: 0.23565
Epoch: 0 [9550/10000 (96%)] Unweighted L_s : L_Mnfld: 0.00073,  L_NonMnfld: 0.01993,  L_Nrml: 0.00000,  L_Eknl: 0.04390, L_Morse: 2.35653

Weights: [7000.0, 600.0, 0, 50.0, 0.0, 0.1], lr=5.000e-05
Epoch: 0 [9560/10000 (96%)] Loss: 20.16776 = L_Mnfld: 4.97844 + L_NonMnfld: 12.75339 + L_Nrml: 0.00000 + L_Eknl: 2.20750 + L_Div: 0.00000 + L_Morse: 0.22844
Epoch: 0 [9560/10000 (96%)] Unweighted L_s : L_Mnfld: 0.00071,  L_NonMnfld: 0.02126,  L_Nrml: 0.00000,  L_Eknl: 0.04415, L_Morse: 2.28439

Weights: [7000.0, 600.0, 0, 50.0, 0.0, 0.1], lr=5.000e-05
Epoch: 0 [9570/10000 (96%)] Loss: 19.43778 = L_Mnfld: 5.20511 + L_NonMnfld: 11.84388 + L_Nrml: 0.00000 + L_Eknl: 2.16674 + L_Div: 0.00000 + L_Morse: 0.22206
Epoch: 0 [9570/10000 (96%)] Unweighted L_s : L_Mnfld: 0.00074,  L_NonMnfld: 0.01974,  L_Nrml: 0.00000,  L_Eknl: 0.04333, L_Morse: 2.22060

Weights: [7000.0, 600.0, 0, 50.0, 0.0, 0.1], lr=5.000e-05
Epoch: 0 [9580/10000 (96%)] Loss: 19.90971 = L_Mnfld: 4.89970 + L_NonMnfld: 12.45666 + L_Nrml: 0.00000 + L_Eknl: 2.31406 + L_Div: 0.00000 + L_Morse: 0.23929
Epoch: 0 [9580/10000 (96%)] Unweighted L_s : L_Mnfld: 0.00070,  L_NonMnfld: 0.02076,  L_Nrml: 0.00000,  L_Eknl: 0.04628, L_Morse: 2.39287

Weights: [7000.0, 600.0, 0, 50.0, 0.0, 0.1], lr=5.000e-05
Epoch: 0 [9590/10000 (96%)] Loss: 18.70305 = L_Mnfld: 5.25821 + L_NonMnfld: 10.94500 + L_Nrml: 0.00000 + L_Eknl: 2.28270 + L_Div: 0.00000 + L_Morse: 0.21715
Epoch: 0 [9590/10000 (96%)] Unweighted L_s : L_Mnfld: 0.00075,  L_NonMnfld: 0.01824,  L_Nrml: 0.00000,  L_Eknl: 0.04565, L_Morse: 2.17149

Weights: [7000.0, 600.0, 0, 50.0, 0.0, 0.1], lr=5.000e-05
Epoch: 0 [9600/10000 (96%)] Loss: 18.07183 = L_Mnfld: 5.45740 + L_NonMnfld: 9.83624 + L_Nrml: 0.00000 + L_Eknl: 2.55279 + L_Div: 0.00000 + L_Morse: 0.22539
Epoch: 0 [9600/10000 (96%)] Unweighted L_s : L_Mnfld: 0.00078,  L_NonMnfld: 0.01639,  L_Nrml: 0.00000,  L_Eknl: 0.05106, L_Morse: 2.25394

Weights: [7000.0, 600.0, 0, 50.0, 0.0, 0.1], lr=5.000e-05
Epoch: 0 [9610/10000 (96%)] Loss: 20.69982 = L_Mnfld: 5.63933 + L_NonMnfld: 12.54951 + L_Nrml: 0.00000 + L_Eknl: 2.28333 + L_Div: 0.00000 + L_Morse: 0.22765
Epoch: 0 [9610/10000 (96%)] Unweighted L_s : L_Mnfld: 0.00081,  L_NonMnfld: 0.02092,  L_Nrml: 0.00000,  L_Eknl: 0.04567, L_Morse: 2.27649

Weights: [7000.0, 600.0, 0, 50.0, 0.0, 0.1], lr=5.000e-05
Epoch: 0 [9620/10000 (96%)] Loss: 19.37914 = L_Mnfld: 5.66603 + L_NonMnfld: 11.14059 + L_Nrml: 0.00000 + L_Eknl: 2.33384 + L_Div: 0.00000 + L_Morse: 0.23869
Epoch: 0 [9620/10000 (96%)] Unweighted L_s : L_Mnfld: 0.00081,  L_NonMnfld: 0.01857,  L_Nrml: 0.00000,  L_Eknl: 0.04668, L_Morse: 2.38687

Weights: [7000.0, 600.0, 0, 50.0, 0.0, 0.1], lr=5.000e-05
Epoch: 0 [9630/10000 (96%)] Loss: 19.69906 = L_Mnfld: 5.66629 + L_NonMnfld: 11.53804 + L_Nrml: 0.00000 + L_Eknl: 2.27435 + L_Div: 0.00000 + L_Morse: 0.22039
Epoch: 0 [9630/10000 (96%)] Unweighted L_s : L_Mnfld: 0.00081,  L_NonMnfld: 0.01923,  L_Nrml: 0.00000,  L_Eknl: 0.04549, L_Morse: 2.20394

Weights: [7000.0, 600.0, 0, 50.0, 0.0, 0.1], lr=5.000e-05
Epoch: 0 [9640/10000 (96%)] Loss: 19.32616 = L_Mnfld: 5.83714 + L_NonMnfld: 11.03160 + L_Nrml: 0.00000 + L_Eknl: 2.22949 + L_Div: 0.00000 + L_Morse: 0.22793
Epoch: 0 [9640/10000 (96%)] Unweighted L_s : L_Mnfld: 0.00083,  L_NonMnfld: 0.01839,  L_Nrml: 0.00000,  L_Eknl: 0.04459, L_Morse: 2.27934

Weights: [7000.0, 600.0, 0, 50.0, 0.0, 0.1], lr=5.000e-05
Epoch: 0 [9650/10000 (96%)] Loss: 19.98455 = L_Mnfld: 5.54530 + L_NonMnfld: 11.83107 + L_Nrml: 0.00000 + L_Eknl: 2.37973 + L_Div: 0.00000 + L_Morse: 0.22844
Epoch: 0 [9650/10000 (96%)] Unweighted L_s : L_Mnfld: 0.00079,  L_NonMnfld: 0.01972,  L_Nrml: 0.00000,  L_Eknl: 0.04759, L_Morse: 2.28441

Weights: [7000.0, 600.0, 0, 50.0, 0.0, 0.1], lr=5.000e-05
Epoch: 0 [9660/10000 (97%)] Loss: 18.58257 = L_Mnfld: 5.57703 + L_NonMnfld: 10.27593 + L_Nrml: 0.00000 + L_Eknl: 2.49766 + L_Div: 0.00000 + L_Morse: 0.23195
Epoch: 0 [9660/10000 (97%)] Unweighted L_s : L_Mnfld: 0.00080,  L_NonMnfld: 0.01713,  L_Nrml: 0.00000,  L_Eknl: 0.04995, L_Morse: 2.31953

Weights: [7000.0, 600.0, 0, 50.0, 0.0, 0.1], lr=5.000e-05
Epoch: 0 [9670/10000 (97%)] Loss: 20.19519 = L_Mnfld: 5.78942 + L_NonMnfld: 11.80270 + L_Nrml: 0.00000 + L_Eknl: 2.36490 + L_Div: 0.00000 + L_Morse: 0.23817
Epoch: 0 [9670/10000 (97%)] Unweighted L_s : L_Mnfld: 0.00083,  L_NonMnfld: 0.01967,  L_Nrml: 0.00000,  L_Eknl: 0.04730, L_Morse: 2.38169

Weights: [7000.0, 600.0, 0, 50.0, 0.0, 0.1], lr=5.000e-05
Epoch: 0 [9680/10000 (97%)] Loss: 20.45342 = L_Mnfld: 5.65331 + L_NonMnfld: 12.21145 + L_Nrml: 0.00000 + L_Eknl: 2.36620 + L_Div: 0.00000 + L_Morse: 0.22247
Epoch: 0 [9680/10000 (97%)] Unweighted L_s : L_Mnfld: 0.00081,  L_NonMnfld: 0.02035,  L_Nrml: 0.00000,  L_Eknl: 0.04732, L_Morse: 2.22471

Weights: [7000.0, 600.0, 0, 50.0, 0.0, 0.1], lr=5.000e-05
Epoch: 0 [9690/10000 (97%)] Loss: 19.37111 = L_Mnfld: 5.44244 + L_NonMnfld: 11.41811 + L_Nrml: 0.00000 + L_Eknl: 2.28182 + L_Div: 0.00000 + L_Morse: 0.22874
Epoch: 0 [9690/10000 (97%)] Unweighted L_s : L_Mnfld: 0.00078,  L_NonMnfld: 0.01903,  L_Nrml: 0.00000,  L_Eknl: 0.04564, L_Morse: 2.28738

Weights: [7000.0, 600.0, 0, 50.0, 0.0, 0.1], lr=5.000e-05
Epoch: 0 [9700/10000 (97%)] Loss: 21.44311 = L_Mnfld: 5.75108 + L_NonMnfld: 13.16036 + L_Nrml: 0.00000 + L_Eknl: 2.28600 + L_Div: 0.00000 + L_Morse: 0.24568
Epoch: 0 [9700/10000 (97%)] Unweighted L_s : L_Mnfld: 0.00082,  L_NonMnfld: 0.02193,  L_Nrml: 0.00000,  L_Eknl: 0.04572, L_Morse: 2.45677

Weights: [7000.0, 600.0, 0, 50.0, 0.0, 0.1], lr=5.000e-05
Epoch: 0 [9710/10000 (97%)] Loss: 20.09281 = L_Mnfld: 5.05101 + L_NonMnfld: 12.55364 + L_Nrml: 0.00000 + L_Eknl: 2.26487 + L_Div: 0.00000 + L_Morse: 0.22328
Epoch: 0 [9710/10000 (97%)] Unweighted L_s : L_Mnfld: 0.00072,  L_NonMnfld: 0.02092,  L_Nrml: 0.00000,  L_Eknl: 0.04530, L_Morse: 2.23281

Weights: [7000.0, 600.0, 0, 50.0, 0.0, 0.1], lr=5.000e-05
Epoch: 0 [9720/10000 (97%)] Loss: 20.04970 = L_Mnfld: 5.61251 + L_NonMnfld: 11.93342 + L_Nrml: 0.00000 + L_Eknl: 2.27580 + L_Div: 0.00000 + L_Morse: 0.22798
Epoch: 0 [9720/10000 (97%)] Unweighted L_s : L_Mnfld: 0.00080,  L_NonMnfld: 0.01989,  L_Nrml: 0.00000,  L_Eknl: 0.04552, L_Morse: 2.27975

Weights: [7000.0, 600.0, 0, 50.0, 0.0, 0.1], lr=5.000e-05
Epoch: 0 [9730/10000 (97%)] Loss: 20.48334 = L_Mnfld: 5.38583 + L_NonMnfld: 12.61460 + L_Nrml: 0.00000 + L_Eknl: 2.26574 + L_Div: 0.00000 + L_Morse: 0.21717
Epoch: 0 [9730/10000 (97%)] Unweighted L_s : L_Mnfld: 0.00077,  L_NonMnfld: 0.02102,  L_Nrml: 0.00000,  L_Eknl: 0.04531, L_Morse: 2.17166

Weights: [7000.0, 600.0, 0, 50.0, 0.0, 0.1], lr=5.000e-05
Epoch: 0 [9740/10000 (97%)] Loss: 19.21328 = L_Mnfld: 5.29578 + L_NonMnfld: 11.42326 + L_Nrml: 0.00000 + L_Eknl: 2.27213 + L_Div: 0.00000 + L_Morse: 0.22212
Epoch: 0 [9740/10000 (97%)] Unweighted L_s : L_Mnfld: 0.00076,  L_NonMnfld: 0.01904,  L_Nrml: 0.00000,  L_Eknl: 0.04544, L_Morse: 2.22117

Weights: [7000.0, 600.0, 0, 50.0, 0.0, 0.1], lr=5.000e-05
Epoch: 0 [9750/10000 (98%)] Loss: 19.61473 = L_Mnfld: 5.57253 + L_NonMnfld: 11.54383 + L_Nrml: 0.00000 + L_Eknl: 2.27115 + L_Div: 0.00000 + L_Morse: 0.22722
Epoch: 0 [9750/10000 (98%)] Unweighted L_s : L_Mnfld: 0.00080,  L_NonMnfld: 0.01924,  L_Nrml: 0.00000,  L_Eknl: 0.04542, L_Morse: 2.27223

Weights: [7000.0, 600.0, 0, 50.0, 0.0, 0.1], lr=5.000e-05
Epoch: 0 [9760/10000 (98%)] Loss: 20.14126 = L_Mnfld: 5.72971 + L_NonMnfld: 11.79207 + L_Nrml: 0.00000 + L_Eknl: 2.39769 + L_Div: 0.00000 + L_Morse: 0.22178
Epoch: 0 [9760/10000 (98%)] Unweighted L_s : L_Mnfld: 0.00082,  L_NonMnfld: 0.01965,  L_Nrml: 0.00000,  L_Eknl: 0.04795, L_Morse: 2.21785

Weights: [7000.0, 600.0, 0, 50.0, 0.0, 0.1], lr=5.000e-05
Epoch: 0 [9770/10000 (98%)] Loss: 19.72172 = L_Mnfld: 5.60190 + L_NonMnfld: 11.56560 + L_Nrml: 0.00000 + L_Eknl: 2.32996 + L_Div: 0.00000 + L_Morse: 0.22426
Epoch: 0 [9770/10000 (98%)] Unweighted L_s : L_Mnfld: 0.00080,  L_NonMnfld: 0.01928,  L_Nrml: 0.00000,  L_Eknl: 0.04660, L_Morse: 2.24259

Weights: [7000.0, 600.0, 0, 50.0, 0.0, 0.1], lr=5.000e-05
Epoch: 0 [9780/10000 (98%)] Loss: 19.47783 = L_Mnfld: 5.51721 + L_NonMnfld: 11.44624 + L_Nrml: 0.00000 + L_Eknl: 2.29210 + L_Div: 0.00000 + L_Morse: 0.22228
Epoch: 0 [9780/10000 (98%)] Unweighted L_s : L_Mnfld: 0.00079,  L_NonMnfld: 0.01908,  L_Nrml: 0.00000,  L_Eknl: 0.04584, L_Morse: 2.22282

Weights: [7000.0, 600.0, 0, 50.0, 0.0, 0.1], lr=5.000e-05
Epoch: 0 [9790/10000 (98%)] Loss: 19.18741 = L_Mnfld: 4.80898 + L_NonMnfld: 11.87405 + L_Nrml: 0.00000 + L_Eknl: 2.26874 + L_Div: 0.00000 + L_Morse: 0.23565
Epoch: 0 [9790/10000 (98%)] Unweighted L_s : L_Mnfld: 0.00069,  L_NonMnfld: 0.01979,  L_Nrml: 0.00000,  L_Eknl: 0.04537, L_Morse: 2.35651

Weights: [7000.0, 600.0, 0, 50.0, 0.0, 0.1], lr=5.000e-05
Epoch: 0 [9800/10000 (98%)] Loss: 19.34570 = L_Mnfld: 5.58651 + L_NonMnfld: 11.27067 + L_Nrml: 0.00000 + L_Eknl: 2.26361 + L_Div: 0.00000 + L_Morse: 0.22491
Epoch: 0 [9800/10000 (98%)] Unweighted L_s : L_Mnfld: 0.00080,  L_NonMnfld: 0.01878,  L_Nrml: 0.00000,  L_Eknl: 0.04527, L_Morse: 2.24908

Weights: [7000.0, 600.0, 0, 50.0, 0.0, 0.1], lr=5.000e-05
Epoch: 0 [9810/10000 (98%)] Loss: 20.00992 = L_Mnfld: 5.34817 + L_NonMnfld: 12.14683 + L_Nrml: 0.00000 + L_Eknl: 2.28936 + L_Div: 0.00000 + L_Morse: 0.22557
Epoch: 0 [9810/10000 (98%)] Unweighted L_s : L_Mnfld: 0.00076,  L_NonMnfld: 0.02024,  L_Nrml: 0.00000,  L_Eknl: 0.04579, L_Morse: 2.25569

Weights: [7000.0, 600.0, 0, 50.0, 0.0, 0.1], lr=5.000e-05
Epoch: 0 [9820/10000 (98%)] Loss: 18.66200 = L_Mnfld: 5.14508 + L_NonMnfld: 11.01757 + L_Nrml: 0.00000 + L_Eknl: 2.27699 + L_Div: 0.00000 + L_Morse: 0.22235
Epoch: 0 [9820/10000 (98%)] Unweighted L_s : L_Mnfld: 0.00074,  L_NonMnfld: 0.01836,  L_Nrml: 0.00000,  L_Eknl: 0.04554, L_Morse: 2.22353

Weights: [7000.0, 600.0, 0, 50.0, 0.0, 0.1], lr=5.000e-05
Epoch: 0 [9830/10000 (98%)] Loss: 19.12942 = L_Mnfld: 5.22152 + L_NonMnfld: 11.40582 + L_Nrml: 0.00000 + L_Eknl: 2.27419 + L_Div: 0.00000 + L_Morse: 0.22789
Epoch: 0 [9830/10000 (98%)] Unweighted L_s : L_Mnfld: 0.00075,  L_NonMnfld: 0.01901,  L_Nrml: 0.00000,  L_Eknl: 0.04548, L_Morse: 2.27891

Weights: [7000.0, 600.0, 0, 50.0, 0.0, 0.1], lr=5.000e-05
Epoch: 0 [9840/10000 (98%)] Loss: 20.14509 = L_Mnfld: 5.22942 + L_NonMnfld: 12.48698 + L_Nrml: 0.00000 + L_Eknl: 2.20324 + L_Div: 0.00000 + L_Morse: 0.22544
Epoch: 0 [9840/10000 (98%)] Unweighted L_s : L_Mnfld: 0.00075,  L_NonMnfld: 0.02081,  L_Nrml: 0.00000,  L_Eknl: 0.04406, L_Morse: 2.25442

Weights: [7000.0, 600.0, 0, 50.0, 0.0, 0.1], lr=5.000e-05
Epoch: 0 [9850/10000 (98%)] Loss: 18.12744 = L_Mnfld: 4.89852 + L_NonMnfld: 10.82405 + L_Nrml: 0.00000 + L_Eknl: 2.18728 + L_Div: 0.00000 + L_Morse: 0.21758
Epoch: 0 [9850/10000 (98%)] Unweighted L_s : L_Mnfld: 0.00070,  L_NonMnfld: 0.01804,  L_Nrml: 0.00000,  L_Eknl: 0.04375, L_Morse: 2.17583

Weights: [7000.0, 600.0, 0, 50.0, 0.0, 0.1], lr=5.000e-05
Epoch: 0 [9860/10000 (99%)] Loss: 18.29851 = L_Mnfld: 5.19116 + L_NonMnfld: 10.51340 + L_Nrml: 0.00000 + L_Eknl: 2.36566 + L_Div: 0.00000 + L_Morse: 0.22829
Epoch: 0 [9860/10000 (99%)] Unweighted L_s : L_Mnfld: 0.00074,  L_NonMnfld: 0.01752,  L_Nrml: 0.00000,  L_Eknl: 0.04731, L_Morse: 2.28286

Weights: [7000.0, 600.0, 0, 50.0, 0.0, 0.1], lr=5.000e-05
Epoch: 0 [9870/10000 (99%)] Loss: 18.77562 = L_Mnfld: 5.09704 + L_NonMnfld: 11.19709 + L_Nrml: 0.00000 + L_Eknl: 2.25252 + L_Div: 0.00000 + L_Morse: 0.22897
Epoch: 0 [9870/10000 (99%)] Unweighted L_s : L_Mnfld: 0.00073,  L_NonMnfld: 0.01866,  L_Nrml: 0.00000,  L_Eknl: 0.04505, L_Morse: 2.28973

Weights: [7000.0, 600.0, 0, 50.0, 0.0, 0.1], lr=5.000e-05
Epoch: 0 [9880/10000 (99%)] Loss: 20.53130 = L_Mnfld: 5.27000 + L_NonMnfld: 12.90289 + L_Nrml: 0.00000 + L_Eknl: 2.14208 + L_Div: 0.00000 + L_Morse: 0.21632
Epoch: 0 [9880/10000 (99%)] Unweighted L_s : L_Mnfld: 0.00075,  L_NonMnfld: 0.02150,  L_Nrml: 0.00000,  L_Eknl: 0.04284, L_Morse: 2.16319

Weights: [7000.0, 600.0, 0, 50.0, 0.0, 0.1], lr=5.000e-05
Epoch: 0 [9890/10000 (99%)] Loss: 19.67862 = L_Mnfld: 5.21379 + L_NonMnfld: 11.96523 + L_Nrml: 0.00000 + L_Eknl: 2.27415 + L_Div: 0.00000 + L_Morse: 0.22545
Epoch: 0 [9890/10000 (99%)] Unweighted L_s : L_Mnfld: 0.00074,  L_NonMnfld: 0.01994,  L_Nrml: 0.00000,  L_Eknl: 0.04548, L_Morse: 2.25453

Weights: [7000.0, 600.0, 0, 50.0, 0.0, 0.1], lr=5.000e-05
Epoch: 0 [9900/10000 (99%)] Loss: 20.18691 = L_Mnfld: 5.30482 + L_NonMnfld: 12.39943 + L_Nrml: 0.00000 + L_Eknl: 2.26706 + L_Div: 0.00000 + L_Morse: 0.21561
Epoch: 0 [9900/10000 (99%)] Unweighted L_s : L_Mnfld: 0.00076,  L_NonMnfld: 0.02067,  L_Nrml: 0.00000,  L_Eknl: 0.04534, L_Morse: 2.15607

Weights: [7000.0, 600.0, 0, 50.0, 0.0, 0.1], lr=5.000e-05
Epoch: 0 [9910/10000 (99%)] Loss: 18.90379 = L_Mnfld: 5.25141 + L_NonMnfld: 11.16849 + L_Nrml: 0.00000 + L_Eknl: 2.24594 + L_Div: 0.00000 + L_Morse: 0.23795
Epoch: 0 [9910/10000 (99%)] Unweighted L_s : L_Mnfld: 0.00075,  L_NonMnfld: 0.01861,  L_Nrml: 0.00000,  L_Eknl: 0.04492, L_Morse: 2.37949

Weights: [7000.0, 600.0, 0, 50.0, 0.0, 0.1], lr=5.000e-05
Epoch: 0 [9920/10000 (99%)] Loss: 20.50938 = L_Mnfld: 4.97193 + L_NonMnfld: 13.12814 + L_Nrml: 0.00000 + L_Eknl: 2.18319 + L_Div: 0.00000 + L_Morse: 0.22613
Epoch: 0 [9920/10000 (99%)] Unweighted L_s : L_Mnfld: 0.00071,  L_NonMnfld: 0.02188,  L_Nrml: 0.00000,  L_Eknl: 0.04366, L_Morse: 2.26126

Weights: [7000.0, 600.0, 0, 50.0, 0.0, 0.1], lr=5.000e-05
Epoch: 0 [9930/10000 (99%)] Loss: 18.74707 = L_Mnfld: 5.07026 + L_NonMnfld: 11.22746 + L_Nrml: 0.00000 + L_Eknl: 2.22616 + L_Div: 0.00000 + L_Morse: 0.22320
Epoch: 0 [9930/10000 (99%)] Unweighted L_s : L_Mnfld: 0.00072,  L_NonMnfld: 0.01871,  L_Nrml: 0.00000,  L_Eknl: 0.04452, L_Morse: 2.23196

Weights: [7000.0, 600.0, 0, 50.0, 0.0, 0.1], lr=5.000e-05
Epoch: 0 [9940/10000 (99%)] Loss: 19.01848 = L_Mnfld: 5.12414 + L_NonMnfld: 11.34908 + L_Nrml: 0.00000 + L_Eknl: 2.32209 + L_Div: 0.00000 + L_Morse: 0.22317
Epoch: 0 [9940/10000 (99%)] Unweighted L_s : L_Mnfld: 0.00073,  L_NonMnfld: 0.01892,  L_Nrml: 0.00000,  L_Eknl: 0.04644, L_Morse: 2.23168

Weights: [7000.0, 600.0, 0, 50.0, 0.0, 0.1], lr=5.000e-05
Epoch: 0 [9950/10000 (100%)] Loss: 19.48853 = L_Mnfld: 5.14601 + L_NonMnfld: 11.84729 + L_Nrml: 0.00000 + L_Eknl: 2.26661 + L_Div: 0.00000 + L_Morse: 0.22862
Epoch: 0 [9950/10000 (100%)] Unweighted L_s : L_Mnfld: 0.00074,  L_NonMnfld: 0.01975,  L_Nrml: 0.00000,  L_Eknl: 0.04533, L_Morse: 2.28620

Weights: [7000.0, 600.0, 0, 50.0, 0.0, 0.1], lr=5.000e-05
Epoch: 0 [9960/10000 (100%)] Loss: 19.23865 = L_Mnfld: 5.23775 + L_NonMnfld: 11.57742 + L_Nrml: 0.00000 + L_Eknl: 2.20063 + L_Div: 0.00000 + L_Morse: 0.22284
Epoch: 0 [9960/10000 (100%)] Unweighted L_s : L_Mnfld: 0.00075,  L_NonMnfld: 0.01930,  L_Nrml: 0.00000,  L_Eknl: 0.04401, L_Morse: 2.22842

Weights: [7000.0, 600.0, 0, 50.0, 0.0, 0.1], lr=5.000e-05
Epoch: 0 [9970/10000 (100%)] Loss: 19.58328 = L_Mnfld: 4.88961 + L_NonMnfld: 12.27385 + L_Nrml: 0.00000 + L_Eknl: 2.19742 + L_Div: 0.00000 + L_Morse: 0.22240
Epoch: 0 [9970/10000 (100%)] Unweighted L_s : L_Mnfld: 0.00070,  L_NonMnfld: 0.02046,  L_Nrml: 0.00000,  L_Eknl: 0.04395, L_Morse: 2.22403

Weights: [7000.0, 600.0, 0, 50.0, 0.0, 0.1], lr=5.000e-05
Epoch: 0 [9980/10000 (100%)] Loss: 19.79889 = L_Mnfld: 4.85968 + L_NonMnfld: 12.43941 + L_Nrml: 0.00000 + L_Eknl: 2.27237 + L_Div: 0.00000 + L_Morse: 0.22744
Epoch: 0 [9980/10000 (100%)] Unweighted L_s : L_Mnfld: 0.00069,  L_NonMnfld: 0.02073,  L_Nrml: 0.00000,  L_Eknl: 0.04545, L_Morse: 2.27439

Weights: [7000.0, 600.0, 0, 50.0, 0.0, 0.1], lr=5.000e-05
Epoch: 0 [9990/10000 (100%)] Loss: 20.01370 = L_Mnfld: 5.01786 + L_NonMnfld: 12.54968 + L_Nrml: 0.00000 + L_Eknl: 2.23111 + L_Div: 0.00000 + L_Morse: 0.21505
Epoch: 0 [9990/10000 (100%)] Unweighted L_s : L_Mnfld: 0.00072,  L_NonMnfld: 0.02092,  L_Nrml: 0.00000,  L_Eknl: 0.04462, L_Morse: 2.15053

