input params: 
Namespace(logdir='./new_log/CAD_CG_2025', model_name='model', seed=3627473, data_path='../../../ABC/00994329_396b6b66d2dacc3c5f50bf77_trimesh_079.ply', mesh_dir='/home/runqiao/rotate_input/gt', n_samples=10000, n_points=10000, grid_res=128, nonmnfld_sample_type='gaussian', num_epochs=1, lr=5e-05, grad_clip_norm=10.0, batch_size=1, load_path=None, init_type='siren', decoder_hidden_dim=256, decoder_n_hidden_layers=4, latent_size=0, nl='sine', sphere_init_params=[1.6, 0.1], udf=False, output_any=True, loss_type='siren_wo_n_w_morse', decay_params=[10.0, 0.2, 10.0, 0.5, 0.1, 0.1], morse_type='l1', morse_decay='linear', loss_weights=[7000.0, 600.0, 100.0, 50.0, 0.0, 3.0], bidirectional_morse=False, morse_near=True, weight_for_morse=False, use_morse_nonmnfld_grad=False, use_relax_eikonal=False)
Number of parameters in the current model:264449
Weights: [7000.0, 600.0, 0, 50.0, 0.0, 3.0], lr=5.000e-05
Epoch: 0 [   0/10000 (0%)] Loss: 680.25494 = L_Mnfld: 626.37521 + L_NonMnfld: 0.46025 + L_Nrml: 0.00000 + L_Eknl: 34.54338 + L_Div: 0.00000 + L_Morse: 18.87610
Epoch: 0 [   0/10000 (0%)] Unweighted L_s : L_Mnfld: 0.08948,  L_NonMnfld: 0.00077,  L_Nrml: 0.00000,  L_Eknl: 0.69087, L_Morse: 6.29203

Weights: [7000.0, 600.0, 0, 50.0, 0.0, 10.0], lr=5.000e-05
Epoch: 0 [  10/10000 (0%)] Loss: 356.24313 = L_Mnfld: 219.06929 + L_NonMnfld: 51.57134 + L_Nrml: 0.00000 + L_Eknl: 36.51339 + L_Div: 0.00000 + L_Morse: 49.08912
Epoch: 0 [  10/10000 (0%)] Unweighted L_s : L_Mnfld: 0.03130,  L_NonMnfld: 0.08595,  L_Nrml: 0.00000,  L_Eknl: 0.73027, L_Morse: 4.90891

Weights: [7000.0, 600.0, 0, 50.0, 0.0, 10.0], lr=5.000e-05
Epoch: 0 [  20/10000 (0%)] Loss: 232.12453 = L_Mnfld: 67.73541 + L_NonMnfld: 88.47829 + L_Nrml: 0.00000 + L_Eknl: 37.69288 + L_Div: 0.00000 + L_Morse: 38.21794
Epoch: 0 [  20/10000 (0%)] Unweighted L_s : L_Mnfld: 0.00968,  L_NonMnfld: 0.14746,  L_Nrml: 0.00000,  L_Eknl: 0.75386, L_Morse: 3.82179

Weights: [7000.0, 600.0, 0, 50.0, 0.0, 10.0], lr=5.000e-05
Epoch: 0 [  30/10000 (0%)] Loss: 156.49889 = L_Mnfld: 47.90742 + L_NonMnfld: 41.88398 + L_Nrml: 0.00000 + L_Eknl: 38.13490 + L_Div: 0.00000 + L_Morse: 28.57259
Epoch: 0 [  30/10000 (0%)] Unweighted L_s : L_Mnfld: 0.00684,  L_NonMnfld: 0.06981,  L_Nrml: 0.00000,  L_Eknl: 0.76270, L_Morse: 2.85726

Weights: [7000.0, 600.0, 0, 50.0, 0.0, 10.0], lr=5.000e-05
Epoch: 0 [  40/10000 (0%)] Loss: 170.70586 = L_Mnfld: 58.62243 + L_NonMnfld: 53.84016 + L_Nrml: 0.00000 + L_Eknl: 37.18094 + L_Div: 0.00000 + L_Morse: 21.06234
Epoch: 0 [  40/10000 (0%)] Unweighted L_s : L_Mnfld: 0.00837,  L_NonMnfld: 0.08973,  L_Nrml: 0.00000,  L_Eknl: 0.74362, L_Morse: 2.10623

Weights: [7000.0, 600.0, 0, 50.0, 0.0, 10.0], lr=5.000e-05
Epoch: 0 [  50/10000 (0%)] Loss: 137.94955 = L_Mnfld: 47.21895 + L_NonMnfld: 35.94645 + L_Nrml: 0.00000 + L_Eknl: 36.63785 + L_Div: 0.00000 + L_Morse: 18.14630
Epoch: 0 [  50/10000 (0%)] Unweighted L_s : L_Mnfld: 0.00675,  L_NonMnfld: 0.05991,  L_Nrml: 0.00000,  L_Eknl: 0.73276, L_Morse: 1.81463

Weights: [7000.0, 600.0, 0, 50.0, 0.0, 10.0], lr=5.000e-05
Epoch: 0 [  60/10000 (1%)] Loss: 157.56583 = L_Mnfld: 83.68661 + L_NonMnfld: 21.54427 + L_Nrml: 0.00000 + L_Eknl: 35.24608 + L_Div: 0.00000 + L_Morse: 17.08886
Epoch: 0 [  60/10000 (1%)] Unweighted L_s : L_Mnfld: 0.01196,  L_NonMnfld: 0.03591,  L_Nrml: 0.00000,  L_Eknl: 0.70492, L_Morse: 1.70889

Weights: [7000.0, 600.0, 0, 50.0, 0.0, 10.0], lr=5.000e-05
Epoch: 0 [  70/10000 (1%)] Loss: 155.87238 = L_Mnfld: 60.64121 + L_NonMnfld: 44.82229 + L_Nrml: 0.00000 + L_Eknl: 35.58022 + L_Div: 0.00000 + L_Morse: 14.82866
Epoch: 0 [  70/10000 (1%)] Unweighted L_s : L_Mnfld: 0.00866,  L_NonMnfld: 0.07470,  L_Nrml: 0.00000,  L_Eknl: 0.71160, L_Morse: 1.48287

Weights: [7000.0, 600.0, 0, 50.0, 0.0, 10.0], lr=5.000e-05
Epoch: 0 [  80/10000 (1%)] Loss: 115.59177 = L_Mnfld: 31.52861 + L_NonMnfld: 36.57696 + L_Nrml: 0.00000 + L_Eknl: 34.94614 + L_Div: 0.00000 + L_Morse: 12.54005
Epoch: 0 [  80/10000 (1%)] Unweighted L_s : L_Mnfld: 0.00450,  L_NonMnfld: 0.06096,  L_Nrml: 0.00000,  L_Eknl: 0.69892, L_Morse: 1.25401

Weights: [7000.0, 600.0, 0, 50.0, 0.0, 10.0], lr=5.000e-05
Epoch: 0 [  90/10000 (1%)] Loss: 130.06027 = L_Mnfld: 57.26586 + L_NonMnfld: 25.49019 + L_Nrml: 0.00000 + L_Eknl: 34.32730 + L_Div: 0.00000 + L_Morse: 12.97693
Epoch: 0 [  90/10000 (1%)] Unweighted L_s : L_Mnfld: 0.00818,  L_NonMnfld: 0.04248,  L_Nrml: 0.00000,  L_Eknl: 0.68655, L_Morse: 1.29769

Weights: [7000.0, 600.0, 0, 50.0, 0.0, 10.0], lr=5.000e-05
Epoch: 0 [ 100/10000 (1%)] Loss: 139.45825 = L_Mnfld: 50.32469 + L_NonMnfld: 43.36600 + L_Nrml: 0.00000 + L_Eknl: 34.03509 + L_Div: 0.00000 + L_Morse: 11.73247
Epoch: 0 [ 100/10000 (1%)] Unweighted L_s : L_Mnfld: 0.00719,  L_NonMnfld: 0.07228,  L_Nrml: 0.00000,  L_Eknl: 0.68070, L_Morse: 1.17325

Weights: [7000.0, 600.0, 0, 50.0, 0.0, 10.0], lr=5.000e-05
Epoch: 0 [ 110/10000 (1%)] Loss: 105.12775 = L_Mnfld: 27.87348 + L_NonMnfld: 33.24907 + L_Nrml: 0.00000 + L_Eknl: 32.66567 + L_Div: 0.00000 + L_Morse: 11.33952
Epoch: 0 [ 110/10000 (1%)] Unweighted L_s : L_Mnfld: 0.00398,  L_NonMnfld: 0.05542,  L_Nrml: 0.00000,  L_Eknl: 0.65331, L_Morse: 1.13395

Weights: [7000.0, 600.0, 0, 50.0, 0.0, 10.0], lr=5.000e-05
Epoch: 0 [ 120/10000 (1%)] Loss: 110.53786 = L_Mnfld: 39.79919 + L_NonMnfld: 27.06024 + L_Nrml: 0.00000 + L_Eknl: 31.50247 + L_Div: 0.00000 + L_Morse: 12.17596
Epoch: 0 [ 120/10000 (1%)] Unweighted L_s : L_Mnfld: 0.00569,  L_NonMnfld: 0.04510,  L_Nrml: 0.00000,  L_Eknl: 0.63005, L_Morse: 1.21760

Weights: [7000.0, 600.0, 0, 50.0, 0.0, 10.0], lr=5.000e-05
Epoch: 0 [ 130/10000 (1%)] Loss: 131.93030 = L_Mnfld: 49.76609 + L_NonMnfld: 40.15955 + L_Nrml: 0.00000 + L_Eknl: 31.20565 + L_Div: 0.00000 + L_Morse: 10.79902
Epoch: 0 [ 130/10000 (1%)] Unweighted L_s : L_Mnfld: 0.00711,  L_NonMnfld: 0.06693,  L_Nrml: 0.00000,  L_Eknl: 0.62411, L_Morse: 1.07990

Weights: [7000.0, 600.0, 0, 50.0, 0.0, 10.0], lr=5.000e-05
Epoch: 0 [ 140/10000 (1%)] Loss: 98.32419 = L_Mnfld: 27.48469 + L_NonMnfld: 29.08579 + L_Nrml: 0.00000 + L_Eknl: 30.09266 + L_Div: 0.00000 + L_Morse: 11.66104
Epoch: 0 [ 140/10000 (1%)] Unweighted L_s : L_Mnfld: 0.00393,  L_NonMnfld: 0.04848,  L_Nrml: 0.00000,  L_Eknl: 0.60185, L_Morse: 1.16610

Weights: [7000.0, 600.0, 0, 50.0, 0.0, 10.0], lr=5.000e-05
Epoch: 0 [ 150/10000 (2%)] Loss: 106.52797 = L_Mnfld: 38.08847 + L_NonMnfld: 27.98054 + L_Nrml: 0.00000 + L_Eknl: 28.75789 + L_Div: 0.00000 + L_Morse: 11.70106
Epoch: 0 [ 150/10000 (2%)] Unweighted L_s : L_Mnfld: 0.00544,  L_NonMnfld: 0.04663,  L_Nrml: 0.00000,  L_Eknl: 0.57516, L_Morse: 1.17011

Weights: [7000.0, 600.0, 0, 50.0, 0.0, 10.0], lr=5.000e-05
Epoch: 0 [ 160/10000 (2%)] Loss: 121.19926 = L_Mnfld: 44.78411 + L_NonMnfld: 36.43316 + L_Nrml: 0.00000 + L_Eknl: 28.41546 + L_Div: 0.00000 + L_Morse: 11.56653
Epoch: 0 [ 160/10000 (2%)] Unweighted L_s : L_Mnfld: 0.00640,  L_NonMnfld: 0.06072,  L_Nrml: 0.00000,  L_Eknl: 0.56831, L_Morse: 1.15665

Weights: [7000.0, 600.0, 0, 50.0, 0.0, 10.0], lr=5.000e-05
Epoch: 0 [ 170/10000 (2%)] Loss: 90.98224 = L_Mnfld: 23.58800 + L_NonMnfld: 28.66324 + L_Nrml: 0.00000 + L_Eknl: 27.10263 + L_Div: 0.00000 + L_Morse: 11.62837
Epoch: 0 [ 170/10000 (2%)] Unweighted L_s : L_Mnfld: 0.00337,  L_NonMnfld: 0.04777,  L_Nrml: 0.00000,  L_Eknl: 0.54205, L_Morse: 1.16284

Weights: [7000.0, 600.0, 0, 50.0, 0.0, 10.0], lr=5.000e-05
Epoch: 0 [ 180/10000 (2%)] Loss: 99.94680 = L_Mnfld: 33.57679 + L_NonMnfld: 27.74949 + L_Nrml: 0.00000 + L_Eknl: 26.34685 + L_Div: 0.00000 + L_Morse: 12.27367
Epoch: 0 [ 180/10000 (2%)] Unweighted L_s : L_Mnfld: 0.00480,  L_NonMnfld: 0.04625,  L_Nrml: 0.00000,  L_Eknl: 0.52694, L_Morse: 1.22737

Weights: [7000.0, 600.0, 0, 50.0, 0.0, 10.0], lr=5.000e-05
Epoch: 0 [ 190/10000 (2%)] Loss: 107.97189 = L_Mnfld: 38.72043 + L_NonMnfld: 31.20253 + L_Nrml: 0.00000 + L_Eknl: 25.74552 + L_Div: 0.00000 + L_Morse: 12.30340
Epoch: 0 [ 190/10000 (2%)] Unweighted L_s : L_Mnfld: 0.00553,  L_NonMnfld: 0.05200,  L_Nrml: 0.00000,  L_Eknl: 0.51491, L_Morse: 1.23034

Weights: [7000.0, 600.0, 0, 50.0, 0.0, 10.0], lr=5.000e-05
Epoch: 0 [ 200/10000 (2%)] Loss: 93.12687 = L_Mnfld: 27.88771 + L_NonMnfld: 28.00285 + L_Nrml: 0.00000 + L_Eknl: 24.34501 + L_Div: 0.00000 + L_Morse: 12.89131
Epoch: 0 [ 200/10000 (2%)] Unweighted L_s : L_Mnfld: 0.00398,  L_NonMnfld: 0.04667,  L_Nrml: 0.00000,  L_Eknl: 0.48690, L_Morse: 1.28913

Weights: [7000.0, 600.0, 0, 50.0, 0.0, 10.0], lr=5.000e-05
Epoch: 0 [ 210/10000 (2%)] Loss: 106.28551 = L_Mnfld: 44.95318 + L_NonMnfld: 23.93811 + L_Nrml: 0.00000 + L_Eknl: 23.41883 + L_Div: 0.00000 + L_Morse: 13.97540
Epoch: 0 [ 210/10000 (2%)] Unweighted L_s : L_Mnfld: 0.00642,  L_NonMnfld: 0.03990,  L_Nrml: 0.00000,  L_Eknl: 0.46838, L_Morse: 1.39754

Weights: [7000.0, 600.0, 0, 50.0, 0.0, 10.0], lr=5.000e-05
Epoch: 0 [ 220/10000 (2%)] Loss: 102.02625 = L_Mnfld: 37.23264 + L_NonMnfld: 28.87490 + L_Nrml: 0.00000 + L_Eknl: 23.34072 + L_Div: 0.00000 + L_Morse: 12.57798
Epoch: 0 [ 220/10000 (2%)] Unweighted L_s : L_Mnfld: 0.00532,  L_NonMnfld: 0.04812,  L_Nrml: 0.00000,  L_Eknl: 0.46681, L_Morse: 1.25780

Weights: [7000.0, 600.0, 0, 50.0, 0.0, 10.0], lr=5.000e-05
Epoch: 0 [ 230/10000 (2%)] Loss: 86.14322 = L_Mnfld: 24.23383 + L_NonMnfld: 27.21888 + L_Nrml: 0.00000 + L_Eknl: 22.08402 + L_Div: 0.00000 + L_Morse: 12.60649
Epoch: 0 [ 230/10000 (2%)] Unweighted L_s : L_Mnfld: 0.00346,  L_NonMnfld: 0.04536,  L_Nrml: 0.00000,  L_Eknl: 0.44168, L_Morse: 1.26065

Weights: [7000.0, 600.0, 0, 50.0, 0.0, 10.0], lr=5.000e-05
Epoch: 0 [ 240/10000 (2%)] Loss: 93.32063 = L_Mnfld: 34.16017 + L_NonMnfld: 24.89220 + L_Nrml: 0.00000 + L_Eknl: 21.39252 + L_Div: 0.00000 + L_Morse: 12.87574
Epoch: 0 [ 240/10000 (2%)] Unweighted L_s : L_Mnfld: 0.00488,  L_NonMnfld: 0.04149,  L_Nrml: 0.00000,  L_Eknl: 0.42785, L_Morse: 1.28757

Weights: [7000.0, 600.0, 0, 50.0, 0.0, 10.0], lr=5.000e-05
Epoch: 0 [ 250/10000 (2%)] Loss: 96.46210 = L_Mnfld: 35.60835 + L_NonMnfld: 27.43086 + L_Nrml: 0.00000 + L_Eknl: 20.82763 + L_Div: 0.00000 + L_Morse: 12.59526
Epoch: 0 [ 250/10000 (2%)] Unweighted L_s : L_Mnfld: 0.00509,  L_NonMnfld: 0.04572,  L_Nrml: 0.00000,  L_Eknl: 0.41655, L_Morse: 1.25953

Weights: [7000.0, 600.0, 0, 50.0, 0.0, 10.0], lr=5.000e-05
Epoch: 0 [ 260/10000 (3%)] Loss: 92.18343 = L_Mnfld: 35.08207 + L_NonMnfld: 23.73430 + L_Nrml: 0.00000 + L_Eknl: 19.78065 + L_Div: 0.00000 + L_Morse: 13.58642
Epoch: 0 [ 260/10000 (3%)] Unweighted L_s : L_Mnfld: 0.00501,  L_NonMnfld: 0.03956,  L_Nrml: 0.00000,  L_Eknl: 0.39561, L_Morse: 1.35864

Weights: [7000.0, 600.0, 0, 50.0, 0.0, 10.0], lr=5.000e-05
Epoch: 0 [ 270/10000 (3%)] Loss: 90.17834 = L_Mnfld: 32.42460 + L_NonMnfld: 25.33447 + L_Nrml: 0.00000 + L_Eknl: 19.60895 + L_Div: 0.00000 + L_Morse: 12.81033
Epoch: 0 [ 270/10000 (3%)] Unweighted L_s : L_Mnfld: 0.00463,  L_NonMnfld: 0.04222,  L_Nrml: 0.00000,  L_Eknl: 0.39218, L_Morse: 1.28103

Weights: [7000.0, 600.0, 0, 50.0, 0.0, 10.0], lr=5.000e-05
Epoch: 0 [ 280/10000 (3%)] Loss: 95.37675 = L_Mnfld: 37.12577 + L_NonMnfld: 24.79032 + L_Nrml: 0.00000 + L_Eknl: 18.81326 + L_Div: 0.00000 + L_Morse: 14.64742
Epoch: 0 [ 280/10000 (3%)] Unweighted L_s : L_Mnfld: 0.00530,  L_NonMnfld: 0.04132,  L_Nrml: 0.00000,  L_Eknl: 0.37627, L_Morse: 1.46474

Weights: [7000.0, 600.0, 0, 50.0, 0.0, 10.0], lr=5.000e-05
Epoch: 0 [ 290/10000 (3%)] Loss: 87.92603 = L_Mnfld: 28.60663 + L_NonMnfld: 25.39918 + L_Nrml: 0.00000 + L_Eknl: 18.47556 + L_Div: 0.00000 + L_Morse: 15.44465
Epoch: 0 [ 290/10000 (3%)] Unweighted L_s : L_Mnfld: 0.00409,  L_NonMnfld: 0.04233,  L_Nrml: 0.00000,  L_Eknl: 0.36951, L_Morse: 1.54447

Weights: [7000.0, 600.0, 0, 50.0, 0.0, 10.0], lr=5.000e-05
Epoch: 0 [ 300/10000 (3%)] Loss: 78.34061 = L_Mnfld: 23.95615 + L_NonMnfld: 23.15980 + L_Nrml: 0.00000 + L_Eknl: 17.68916 + L_Div: 0.00000 + L_Morse: 13.53551
Epoch: 0 [ 300/10000 (3%)] Unweighted L_s : L_Mnfld: 0.00342,  L_NonMnfld: 0.03860,  L_Nrml: 0.00000,  L_Eknl: 0.35378, L_Morse: 1.35355

Weights: [7000.0, 600.0, 0, 50.0, 0.0, 10.0], lr=5.000e-05
Epoch: 0 [ 310/10000 (3%)] Loss: 73.07968 = L_Mnfld: 19.91240 + L_NonMnfld: 23.87767 + L_Nrml: 0.00000 + L_Eknl: 17.10504 + L_Div: 0.00000 + L_Morse: 12.18457
Epoch: 0 [ 310/10000 (3%)] Unweighted L_s : L_Mnfld: 0.00284,  L_NonMnfld: 0.03980,  L_Nrml: 0.00000,  L_Eknl: 0.34210, L_Morse: 1.21846

Weights: [7000.0, 600.0, 0, 50.0, 0.0, 10.0], lr=5.000e-05
Epoch: 0 [ 320/10000 (3%)] Loss: 67.51202 = L_Mnfld: 18.03225 + L_NonMnfld: 22.09969 + L_Nrml: 0.00000 + L_Eknl: 16.62499 + L_Div: 0.00000 + L_Morse: 10.75509
Epoch: 0 [ 320/10000 (3%)] Unweighted L_s : L_Mnfld: 0.00258,  L_NonMnfld: 0.03683,  L_Nrml: 0.00000,  L_Eknl: 0.33250, L_Morse: 1.07551

Weights: [7000.0, 600.0, 0, 50.0, 0.0, 10.0], lr=5.000e-05
Epoch: 0 [ 330/10000 (3%)] Loss: 66.49901 = L_Mnfld: 16.13379 + L_NonMnfld: 23.46920 + L_Nrml: 0.00000 + L_Eknl: 16.18706 + L_Div: 0.00000 + L_Morse: 10.70895
Epoch: 0 [ 330/10000 (3%)] Unweighted L_s : L_Mnfld: 0.00230,  L_NonMnfld: 0.03912,  L_Nrml: 0.00000,  L_Eknl: 0.32374, L_Morse: 1.07090

Weights: [7000.0, 600.0, 0, 50.0, 0.0, 10.0], lr=5.000e-05
Epoch: 0 [ 340/10000 (3%)] Loss: 65.35625 = L_Mnfld: 17.30467 + L_NonMnfld: 22.37498 + L_Nrml: 0.00000 + L_Eknl: 15.80036 + L_Div: 0.00000 + L_Morse: 9.87623
Epoch: 0 [ 340/10000 (3%)] Unweighted L_s : L_Mnfld: 0.00247,  L_NonMnfld: 0.03729,  L_Nrml: 0.00000,  L_Eknl: 0.31601, L_Morse: 0.98762

Weights: [7000.0, 600.0, 0, 50.0, 0.0, 10.0], lr=5.000e-05
Epoch: 0 [ 350/10000 (4%)] Loss: 61.82560 = L_Mnfld: 14.59432 + L_NonMnfld: 21.95921 + L_Nrml: 0.00000 + L_Eknl: 15.41647 + L_Div: 0.00000 + L_Morse: 9.85560
Epoch: 0 [ 350/10000 (4%)] Unweighted L_s : L_Mnfld: 0.00208,  L_NonMnfld: 0.03660,  L_Nrml: 0.00000,  L_Eknl: 0.30833, L_Morse: 0.98556

Weights: [7000.0, 600.0, 0, 50.0, 0.0, 10.0], lr=5.000e-05
Epoch: 0 [ 360/10000 (4%)] Loss: 60.45013 = L_Mnfld: 14.85217 + L_NonMnfld: 20.77812 + L_Nrml: 0.00000 + L_Eknl: 15.09331 + L_Div: 0.00000 + L_Morse: 9.72654
Epoch: 0 [ 360/10000 (4%)] Unweighted L_s : L_Mnfld: 0.00212,  L_NonMnfld: 0.03463,  L_Nrml: 0.00000,  L_Eknl: 0.30187, L_Morse: 0.97265

Weights: [7000.0, 600.0, 0, 50.0, 0.0, 10.0], lr=5.000e-05
Epoch: 0 [ 370/10000 (4%)] Loss: 60.90117 = L_Mnfld: 13.85303 + L_NonMnfld: 22.39055 + L_Nrml: 0.00000 + L_Eknl: 15.09594 + L_Div: 0.00000 + L_Morse: 9.56165
Epoch: 0 [ 370/10000 (4%)] Unweighted L_s : L_Mnfld: 0.00198,  L_NonMnfld: 0.03732,  L_Nrml: 0.00000,  L_Eknl: 0.30192, L_Morse: 0.95616

Weights: [7000.0, 600.0, 0, 50.0, 0.0, 10.0], lr=5.000e-05
Epoch: 0 [ 380/10000 (4%)] Loss: 60.76641 = L_Mnfld: 15.12623 + L_NonMnfld: 20.68998 + L_Nrml: 0.00000 + L_Eknl: 14.89338 + L_Div: 0.00000 + L_Morse: 10.05681
Epoch: 0 [ 380/10000 (4%)] Unweighted L_s : L_Mnfld: 0.00216,  L_NonMnfld: 0.03448,  L_Nrml: 0.00000,  L_Eknl: 0.29787, L_Morse: 1.00568

Weights: [7000.0, 600.0, 0, 50.0, 0.0, 10.0], lr=5.000e-05
Epoch: 0 [ 390/10000 (4%)] Loss: 58.78368 = L_Mnfld: 13.47811 + L_NonMnfld: 20.60615 + L_Nrml: 0.00000 + L_Eknl: 14.59179 + L_Div: 0.00000 + L_Morse: 10.10763
Epoch: 0 [ 390/10000 (4%)] Unweighted L_s : L_Mnfld: 0.00193,  L_NonMnfld: 0.03434,  L_Nrml: 0.00000,  L_Eknl: 0.29184, L_Morse: 1.01076

Weights: [7000.0, 600.0, 0, 50.0, 0.0, 10.0], lr=5.000e-05
Epoch: 0 [ 400/10000 (4%)] Loss: 58.95984 = L_Mnfld: 13.51428 + L_NonMnfld: 21.55621 + L_Nrml: 0.00000 + L_Eknl: 14.48464 + L_Div: 0.00000 + L_Morse: 9.40471
Epoch: 0 [ 400/10000 (4%)] Unweighted L_s : L_Mnfld: 0.00193,  L_NonMnfld: 0.03593,  L_Nrml: 0.00000,  L_Eknl: 0.28969, L_Morse: 0.94047

Weights: [7000.0, 600.0, 0, 50.0, 0.0, 10.0], lr=5.000e-05
Epoch: 0 [ 410/10000 (4%)] Loss: 59.29564 = L_Mnfld: 14.49647 + L_NonMnfld: 20.59534 + L_Nrml: 0.00000 + L_Eknl: 14.32490 + L_Div: 0.00000 + L_Morse: 9.87892
Epoch: 0 [ 410/10000 (4%)] Unweighted L_s : L_Mnfld: 0.00207,  L_NonMnfld: 0.03433,  L_Nrml: 0.00000,  L_Eknl: 0.28650, L_Morse: 0.98789

Weights: [7000.0, 600.0, 0, 50.0, 0.0, 10.0], lr=5.000e-05
Epoch: 0 [ 420/10000 (4%)] Loss: 62.78999 = L_Mnfld: 17.18286 + L_NonMnfld: 21.37108 + L_Nrml: 0.00000 + L_Eknl: 14.24391 + L_Div: 0.00000 + L_Morse: 9.99214
Epoch: 0 [ 420/10000 (4%)] Unweighted L_s : L_Mnfld: 0.00245,  L_NonMnfld: 0.03562,  L_Nrml: 0.00000,  L_Eknl: 0.28488, L_Morse: 0.99921

Weights: [7000.0, 600.0, 0, 50.0, 0.0, 10.0], lr=5.000e-05
Epoch: 0 [ 430/10000 (4%)] Loss: 60.13144 = L_Mnfld: 15.70182 + L_NonMnfld: 20.52639 + L_Nrml: 0.00000 + L_Eknl: 14.30303 + L_Div: 0.00000 + L_Morse: 9.60019
Epoch: 0 [ 430/10000 (4%)] Unweighted L_s : L_Mnfld: 0.00224,  L_NonMnfld: 0.03421,  L_Nrml: 0.00000,  L_Eknl: 0.28606, L_Morse: 0.96002

Weights: [7000.0, 600.0, 0, 50.0, 0.0, 10.0], lr=5.000e-05
Epoch: 0 [ 440/10000 (4%)] Loss: 61.28164 = L_Mnfld: 15.03739 + L_NonMnfld: 22.40859 + L_Nrml: 0.00000 + L_Eknl: 14.04818 + L_Div: 0.00000 + L_Morse: 9.78747
Epoch: 0 [ 440/10000 (4%)] Unweighted L_s : L_Mnfld: 0.00215,  L_NonMnfld: 0.03735,  L_Nrml: 0.00000,  L_Eknl: 0.28096, L_Morse: 0.97875

Weights: [7000.0, 600.0, 0, 50.0, 0.0, 10.0], lr=5.000e-05
Epoch: 0 [ 450/10000 (4%)] Loss: 59.20479 = L_Mnfld: 13.72764 + L_NonMnfld: 21.88806 + L_Nrml: 0.00000 + L_Eknl: 13.98288 + L_Div: 0.00000 + L_Morse: 9.60621
Epoch: 0 [ 450/10000 (4%)] Unweighted L_s : L_Mnfld: 0.00196,  L_NonMnfld: 0.03648,  L_Nrml: 0.00000,  L_Eknl: 0.27966, L_Morse: 0.96062

Weights: [7000.0, 600.0, 0, 50.0, 0.0, 10.0], lr=5.000e-05
Epoch: 0 [ 460/10000 (5%)] Loss: 57.94021 = L_Mnfld: 14.45836 + L_NonMnfld: 19.72994 + L_Nrml: 0.00000 + L_Eknl: 13.77162 + L_Div: 0.00000 + L_Morse: 9.98030
Epoch: 0 [ 460/10000 (5%)] Unweighted L_s : L_Mnfld: 0.00207,  L_NonMnfld: 0.03288,  L_Nrml: 0.00000,  L_Eknl: 0.27543, L_Morse: 0.99803

Weights: [7000.0, 600.0, 0, 50.0, 0.0, 10.0], lr=5.000e-05
Epoch: 0 [ 470/10000 (5%)] Loss: 58.44521 = L_Mnfld: 13.89404 + L_NonMnfld: 21.51100 + L_Nrml: 0.00000 + L_Eknl: 13.69895 + L_Div: 0.00000 + L_Morse: 9.34121
Epoch: 0 [ 470/10000 (5%)] Unweighted L_s : L_Mnfld: 0.00198,  L_NonMnfld: 0.03585,  L_Nrml: 0.00000,  L_Eknl: 0.27398, L_Morse: 0.93412

Weights: [7000.0, 600.0, 0, 50.0, 0.0, 10.0], lr=5.000e-05
Epoch: 0 [ 480/10000 (5%)] Loss: 57.55056 = L_Mnfld: 14.34927 + L_NonMnfld: 20.46015 + L_Nrml: 0.00000 + L_Eknl: 13.54653 + L_Div: 0.00000 + L_Morse: 9.19461
Epoch: 0 [ 480/10000 (5%)] Unweighted L_s : L_Mnfld: 0.00205,  L_NonMnfld: 0.03410,  L_Nrml: 0.00000,  L_Eknl: 0.27093, L_Morse: 0.91946

Weights: [7000.0, 600.0, 0, 50.0, 0.0, 10.0], lr=5.000e-05
Epoch: 0 [ 490/10000 (5%)] Loss: 58.22977 = L_Mnfld: 16.69073 + L_NonMnfld: 18.71235 + L_Nrml: 0.00000 + L_Eknl: 13.56147 + L_Div: 0.00000 + L_Morse: 9.26522
Epoch: 0 [ 490/10000 (5%)] Unweighted L_s : L_Mnfld: 0.00238,  L_NonMnfld: 0.03119,  L_Nrml: 0.00000,  L_Eknl: 0.27123, L_Morse: 0.92652

Weights: [7000.0, 600.0, 0, 50.0, 0.0, 10.0], lr=5.000e-05
Epoch: 0 [ 500/10000 (5%)] Loss: 57.41700 = L_Mnfld: 15.35337 + L_NonMnfld: 19.12095 + L_Nrml: 0.00000 + L_Eknl: 13.42606 + L_Div: 0.00000 + L_Morse: 9.51661
Epoch: 0 [ 500/10000 (5%)] Unweighted L_s : L_Mnfld: 0.00219,  L_NonMnfld: 0.03187,  L_Nrml: 0.00000,  L_Eknl: 0.26852, L_Morse: 0.95166

Weights: [7000.0, 600.0, 0, 50.0, 0.0, 10.0], lr=5.000e-05
Epoch: 0 [ 510/10000 (5%)] Loss: 56.28669 = L_Mnfld: 13.85293 + L_NonMnfld: 19.64248 + L_Nrml: 0.00000 + L_Eknl: 13.19742 + L_Div: 0.00000 + L_Morse: 9.59387
Epoch: 0 [ 510/10000 (5%)] Unweighted L_s : L_Mnfld: 0.00198,  L_NonMnfld: 0.03274,  L_Nrml: 0.00000,  L_Eknl: 0.26395, L_Morse: 0.95939

Weights: [7000.0, 600.0, 0, 50.0, 0.0, 10.0], lr=5.000e-05
Epoch: 0 [ 520/10000 (5%)] Loss: 57.66274 = L_Mnfld: 13.88247 + L_NonMnfld: 21.32713 + L_Nrml: 0.00000 + L_Eknl: 13.28465 + L_Div: 0.00000 + L_Morse: 9.16850
Epoch: 0 [ 520/10000 (5%)] Unweighted L_s : L_Mnfld: 0.00198,  L_NonMnfld: 0.03555,  L_Nrml: 0.00000,  L_Eknl: 0.26569, L_Morse: 0.91685

Weights: [7000.0, 600.0, 0, 50.0, 0.0, 10.0], lr=5.000e-05
Epoch: 0 [ 530/10000 (5%)] Loss: 57.87240 = L_Mnfld: 14.80159 + L_NonMnfld: 20.68385 + L_Nrml: 0.00000 + L_Eknl: 13.15272 + L_Div: 0.00000 + L_Morse: 9.23425
Epoch: 0 [ 530/10000 (5%)] Unweighted L_s : L_Mnfld: 0.00211,  L_NonMnfld: 0.03447,  L_Nrml: 0.00000,  L_Eknl: 0.26305, L_Morse: 0.92343

Weights: [7000.0, 600.0, 0, 50.0, 0.0, 10.0], lr=5.000e-05
Epoch: 0 [ 540/10000 (5%)] Loss: 58.28996 = L_Mnfld: 14.24716 + L_NonMnfld: 21.53580 + L_Nrml: 0.00000 + L_Eknl: 12.86297 + L_Div: 0.00000 + L_Morse: 9.64402
Epoch: 0 [ 540/10000 (5%)] Unweighted L_s : L_Mnfld: 0.00204,  L_NonMnfld: 0.03589,  L_Nrml: 0.00000,  L_Eknl: 0.25726, L_Morse: 0.96440

Weights: [7000.0, 600.0, 0, 50.0, 0.0, 10.0], lr=5.000e-05
Epoch: 0 [ 550/10000 (6%)] Loss: 56.79647 = L_Mnfld: 14.19835 + L_NonMnfld: 20.37380 + L_Nrml: 0.00000 + L_Eknl: 12.93166 + L_Div: 0.00000 + L_Morse: 9.29266
Epoch: 0 [ 550/10000 (6%)] Unweighted L_s : L_Mnfld: 0.00203,  L_NonMnfld: 0.03396,  L_Nrml: 0.00000,  L_Eknl: 0.25863, L_Morse: 0.92927

Weights: [7000.0, 600.0, 0, 50.0, 0.0, 10.0], lr=5.000e-05
Epoch: 0 [ 560/10000 (6%)] Loss: 57.48692 = L_Mnfld: 14.47937 + L_NonMnfld: 20.77138 + L_Nrml: 0.00000 + L_Eknl: 12.91442 + L_Div: 0.00000 + L_Morse: 9.32175
Epoch: 0 [ 560/10000 (6%)] Unweighted L_s : L_Mnfld: 0.00207,  L_NonMnfld: 0.03462,  L_Nrml: 0.00000,  L_Eknl: 0.25829, L_Morse: 0.93217

Weights: [7000.0, 600.0, 0, 50.0, 0.0, 10.0], lr=5.000e-05
Epoch: 0 [ 570/10000 (6%)] Loss: 57.58578 = L_Mnfld: 13.85170 + L_NonMnfld: 21.55498 + L_Nrml: 0.00000 + L_Eknl: 12.78992 + L_Div: 0.00000 + L_Morse: 9.38919
Epoch: 0 [ 570/10000 (6%)] Unweighted L_s : L_Mnfld: 0.00198,  L_NonMnfld: 0.03592,  L_Nrml: 0.00000,  L_Eknl: 0.25580, L_Morse: 0.93892

Weights: [7000.0, 600.0, 0, 50.0, 0.0, 10.0], lr=5.000e-05
Epoch: 0 [ 580/10000 (6%)] Loss: 57.42265 = L_Mnfld: 15.42598 + L_NonMnfld: 19.82117 + L_Nrml: 0.00000 + L_Eknl: 12.77542 + L_Div: 0.00000 + L_Morse: 9.40008
Epoch: 0 [ 580/10000 (6%)] Unweighted L_s : L_Mnfld: 0.00220,  L_NonMnfld: 0.03304,  L_Nrml: 0.00000,  L_Eknl: 0.25551, L_Morse: 0.94001

Weights: [7000.0, 600.0, 0, 50.0, 0.0, 10.0], lr=5.000e-05
Epoch: 0 [ 590/10000 (6%)] Loss: 56.44905 = L_Mnfld: 14.08080 + L_NonMnfld: 20.39790 + L_Nrml: 0.00000 + L_Eknl: 12.68036 + L_Div: 0.00000 + L_Morse: 9.28999
Epoch: 0 [ 590/10000 (6%)] Unweighted L_s : L_Mnfld: 0.00201,  L_NonMnfld: 0.03400,  L_Nrml: 0.00000,  L_Eknl: 0.25361, L_Morse: 0.92900

Weights: [7000.0, 600.0, 0, 50.0, 0.0, 10.0], lr=5.000e-05
Epoch: 0 [ 600/10000 (6%)] Loss: 56.37522 = L_Mnfld: 14.43430 + L_NonMnfld: 19.97295 + L_Nrml: 0.00000 + L_Eknl: 12.50132 + L_Div: 0.00000 + L_Morse: 9.46664
Epoch: 0 [ 600/10000 (6%)] Unweighted L_s : L_Mnfld: 0.00206,  L_NonMnfld: 0.03329,  L_Nrml: 0.00000,  L_Eknl: 0.25003, L_Morse: 0.94666

Weights: [7000.0, 600.0, 0, 50.0, 0.0, 10.0], lr=5.000e-05
Epoch: 0 [ 610/10000 (6%)] Loss: 56.83693 = L_Mnfld: 14.57505 + L_NonMnfld: 20.73270 + L_Nrml: 0.00000 + L_Eknl: 12.51049 + L_Div: 0.00000 + L_Morse: 9.01868
Epoch: 0 [ 610/10000 (6%)] Unweighted L_s : L_Mnfld: 0.00208,  L_NonMnfld: 0.03455,  L_Nrml: 0.00000,  L_Eknl: 0.25021, L_Morse: 0.90187

Weights: [7000.0, 600.0, 0, 50.0, 0.0, 10.0], lr=5.000e-05
Epoch: 0 [ 620/10000 (6%)] Loss: 56.37794 = L_Mnfld: 14.73901 + L_NonMnfld: 19.66726 + L_Nrml: 0.00000 + L_Eknl: 12.45357 + L_Div: 0.00000 + L_Morse: 9.51810
Epoch: 0 [ 620/10000 (6%)] Unweighted L_s : L_Mnfld: 0.00211,  L_NonMnfld: 0.03278,  L_Nrml: 0.00000,  L_Eknl: 0.24907, L_Morse: 0.95181

Weights: [7000.0, 600.0, 0, 50.0, 0.0, 10.0], lr=5.000e-05
Epoch: 0 [ 630/10000 (6%)] Loss: 54.07682 = L_Mnfld: 15.06432 + L_NonMnfld: 17.93820 + L_Nrml: 0.00000 + L_Eknl: 12.36710 + L_Div: 0.00000 + L_Morse: 8.70719
Epoch: 0 [ 630/10000 (6%)] Unweighted L_s : L_Mnfld: 0.00215,  L_NonMnfld: 0.02990,  L_Nrml: 0.00000,  L_Eknl: 0.24734, L_Morse: 0.87072

Weights: [7000.0, 600.0, 0, 50.0, 0.0, 10.0], lr=5.000e-05
Epoch: 0 [ 640/10000 (6%)] Loss: 54.68395 = L_Mnfld: 12.66618 + L_NonMnfld: 20.69195 + L_Nrml: 0.00000 + L_Eknl: 12.30719 + L_Div: 0.00000 + L_Morse: 9.01863
Epoch: 0 [ 640/10000 (6%)] Unweighted L_s : L_Mnfld: 0.00181,  L_NonMnfld: 0.03449,  L_Nrml: 0.00000,  L_Eknl: 0.24614, L_Morse: 0.90186

Weights: [7000.0, 600.0, 0, 50.0, 0.0, 10.0], lr=5.000e-05
Epoch: 0 [ 650/10000 (6%)] Loss: 54.56253 = L_Mnfld: 13.29280 + L_NonMnfld: 19.89710 + L_Nrml: 0.00000 + L_Eknl: 12.24027 + L_Div: 0.00000 + L_Morse: 9.13236
Epoch: 0 [ 650/10000 (6%)] Unweighted L_s : L_Mnfld: 0.00190,  L_NonMnfld: 0.03316,  L_Nrml: 0.00000,  L_Eknl: 0.24481, L_Morse: 0.91324

Weights: [7000.0, 600.0, 0, 50.0, 0.0, 10.0], lr=5.000e-05
Epoch: 0 [ 660/10000 (7%)] Loss: 52.85563 = L_Mnfld: 12.91281 + L_NonMnfld: 18.76373 + L_Nrml: 0.00000 + L_Eknl: 12.06790 + L_Div: 0.00000 + L_Morse: 9.11118
Epoch: 0 [ 660/10000 (7%)] Unweighted L_s : L_Mnfld: 0.00184,  L_NonMnfld: 0.03127,  L_Nrml: 0.00000,  L_Eknl: 0.24136, L_Morse: 0.91112

Weights: [7000.0, 600.0, 0, 50.0, 0.0, 10.0], lr=5.000e-05
Epoch: 0 [ 670/10000 (7%)] Loss: 53.14410 = L_Mnfld: 13.13977 + L_NonMnfld: 19.19850 + L_Nrml: 0.00000 + L_Eknl: 11.99312 + L_Div: 0.00000 + L_Morse: 8.81272
Epoch: 0 [ 670/10000 (7%)] Unweighted L_s : L_Mnfld: 0.00188,  L_NonMnfld: 0.03200,  L_Nrml: 0.00000,  L_Eknl: 0.23986, L_Morse: 0.88127

Weights: [7000.0, 600.0, 0, 50.0, 0.0, 10.0], lr=5.000e-05
Epoch: 0 [ 680/10000 (7%)] Loss: 53.64335 = L_Mnfld: 13.29862 + L_NonMnfld: 19.56686 + L_Nrml: 0.00000 + L_Eknl: 11.83512 + L_Div: 0.00000 + L_Morse: 8.94275
Epoch: 0 [ 680/10000 (7%)] Unweighted L_s : L_Mnfld: 0.00190,  L_NonMnfld: 0.03261,  L_Nrml: 0.00000,  L_Eknl: 0.23670, L_Morse: 0.89427

Weights: [7000.0, 600.0, 0, 50.0, 0.0, 10.0], lr=5.000e-05
Epoch: 0 [ 690/10000 (7%)] Loss: 50.88324 = L_Mnfld: 11.54175 + L_NonMnfld: 18.57030 + L_Nrml: 0.00000 + L_Eknl: 11.86582 + L_Div: 0.00000 + L_Morse: 8.90536
Epoch: 0 [ 690/10000 (7%)] Unweighted L_s : L_Mnfld: 0.00165,  L_NonMnfld: 0.03095,  L_Nrml: 0.00000,  L_Eknl: 0.23732, L_Morse: 0.89054

Weights: [7000.0, 600.0, 0, 50.0, 0.0, 10.0], lr=5.000e-05
Epoch: 0 [ 700/10000 (7%)] Loss: 55.01259 = L_Mnfld: 14.05870 + L_NonMnfld: 20.10695 + L_Nrml: 0.00000 + L_Eknl: 11.72705 + L_Div: 0.00000 + L_Morse: 9.11989
Epoch: 0 [ 700/10000 (7%)] Unweighted L_s : L_Mnfld: 0.00201,  L_NonMnfld: 0.03351,  L_Nrml: 0.00000,  L_Eknl: 0.23454, L_Morse: 0.91199

Weights: [7000.0, 600.0, 0, 50.0, 0.0, 10.0], lr=5.000e-05
Epoch: 0 [ 710/10000 (7%)] Loss: 55.39259 = L_Mnfld: 15.28829 + L_NonMnfld: 19.12614 + L_Nrml: 0.00000 + L_Eknl: 11.74371 + L_Div: 0.00000 + L_Morse: 9.23445
Epoch: 0 [ 710/10000 (7%)] Unweighted L_s : L_Mnfld: 0.00218,  L_NonMnfld: 0.03188,  L_Nrml: 0.00000,  L_Eknl: 0.23487, L_Morse: 0.92344

Weights: [7000.0, 600.0, 0, 50.0, 0.0, 10.0], lr=5.000e-05
Epoch: 0 [ 720/10000 (7%)] Loss: 57.50179 = L_Mnfld: 17.13320 + L_NonMnfld: 18.29395 + L_Nrml: 0.00000 + L_Eknl: 11.68827 + L_Div: 0.00000 + L_Morse: 10.38637
Epoch: 0 [ 720/10000 (7%)] Unweighted L_s : L_Mnfld: 0.00245,  L_NonMnfld: 0.03049,  L_Nrml: 0.00000,  L_Eknl: 0.23377, L_Morse: 1.03864

Weights: [7000.0, 600.0, 0, 50.0, 0.0, 10.0], lr=5.000e-05
Epoch: 0 [ 730/10000 (7%)] Loss: 55.02364 = L_Mnfld: 14.79821 + L_NonMnfld: 19.42642 + L_Nrml: 0.00000 + L_Eknl: 11.52273 + L_Div: 0.00000 + L_Morse: 9.27628
Epoch: 0 [ 730/10000 (7%)] Unweighted L_s : L_Mnfld: 0.00211,  L_NonMnfld: 0.03238,  L_Nrml: 0.00000,  L_Eknl: 0.23045, L_Morse: 0.92763

Weights: [7000.0, 600.0, 0, 50.0, 0.0, 10.0], lr=5.000e-05
Epoch: 0 [ 740/10000 (7%)] Loss: 54.03733 = L_Mnfld: 13.87370 + L_NonMnfld: 19.12602 + L_Nrml: 0.00000 + L_Eknl: 11.56810 + L_Div: 0.00000 + L_Morse: 9.46952
Epoch: 0 [ 740/10000 (7%)] Unweighted L_s : L_Mnfld: 0.00198,  L_NonMnfld: 0.03188,  L_Nrml: 0.00000,  L_Eknl: 0.23136, L_Morse: 0.94695

Weights: [7000.0, 600.0, 0, 50.0, 0.0, 10.0], lr=5.000e-05
Epoch: 0 [ 750/10000 (8%)] Loss: 53.61856 = L_Mnfld: 14.11068 + L_NonMnfld: 18.90294 + L_Nrml: 0.00000 + L_Eknl: 11.34632 + L_Div: 0.00000 + L_Morse: 9.25862
Epoch: 0 [ 750/10000 (8%)] Unweighted L_s : L_Mnfld: 0.00202,  L_NonMnfld: 0.03150,  L_Nrml: 0.00000,  L_Eknl: 0.22693, L_Morse: 0.92586

Weights: [7000.0, 600.0, 0, 50.0, 0.0, 10.0], lr=5.000e-05
Epoch: 0 [ 760/10000 (8%)] Loss: 54.64172 = L_Mnfld: 14.45810 + L_NonMnfld: 19.57756 + L_Nrml: 0.00000 + L_Eknl: 11.24830 + L_Div: 0.00000 + L_Morse: 9.35776
Epoch: 0 [ 760/10000 (8%)] Unweighted L_s : L_Mnfld: 0.00207,  L_NonMnfld: 0.03263,  L_Nrml: 0.00000,  L_Eknl: 0.22497, L_Morse: 0.93578

Weights: [7000.0, 600.0, 0, 50.0, 0.0, 10.0], lr=5.000e-05
Epoch: 0 [ 770/10000 (8%)] Loss: 54.70459 = L_Mnfld: 13.91414 + L_NonMnfld: 20.52465 + L_Nrml: 0.00000 + L_Eknl: 11.34889 + L_Div: 0.00000 + L_Morse: 8.91689
Epoch: 0 [ 770/10000 (8%)] Unweighted L_s : L_Mnfld: 0.00199,  L_NonMnfld: 0.03421,  L_Nrml: 0.00000,  L_Eknl: 0.22698, L_Morse: 0.89169

Weights: [7000.0, 600.0, 0, 50.0, 0.0, 10.0], lr=5.000e-05
Epoch: 0 [ 780/10000 (8%)] Loss: 53.95867 = L_Mnfld: 14.17898 + L_NonMnfld: 19.11146 + L_Nrml: 0.00000 + L_Eknl: 10.97099 + L_Div: 0.00000 + L_Morse: 9.69723
Epoch: 0 [ 780/10000 (8%)] Unweighted L_s : L_Mnfld: 0.00203,  L_NonMnfld: 0.03185,  L_Nrml: 0.00000,  L_Eknl: 0.21942, L_Morse: 0.96972

Weights: [7000.0, 600.0, 0, 50.0, 0.0, 10.0], lr=5.000e-05
Epoch: 0 [ 790/10000 (8%)] Loss: 55.57990 = L_Mnfld: 16.41452 + L_NonMnfld: 18.90335 + L_Nrml: 0.00000 + L_Eknl: 11.23574 + L_Div: 0.00000 + L_Morse: 9.02628
Epoch: 0 [ 790/10000 (8%)] Unweighted L_s : L_Mnfld: 0.00234,  L_NonMnfld: 0.03151,  L_Nrml: 0.00000,  L_Eknl: 0.22471, L_Morse: 0.90263

Weights: [7000.0, 600.0, 0, 50.0, 0.0, 10.0], lr=5.000e-05
Epoch: 0 [ 800/10000 (8%)] Loss: 53.58869 = L_Mnfld: 14.30529 + L_NonMnfld: 19.23211 + L_Nrml: 0.00000 + L_Eknl: 10.77062 + L_Div: 0.00000 + L_Morse: 9.28068
Epoch: 0 [ 800/10000 (8%)] Unweighted L_s : L_Mnfld: 0.00204,  L_NonMnfld: 0.03205,  L_Nrml: 0.00000,  L_Eknl: 0.21541, L_Morse: 0.92807

Weights: [7000.0, 600.0, 0, 50.0, 0.0, 10.0], lr=5.000e-05
Epoch: 0 [ 810/10000 (8%)] Loss: 54.25749 = L_Mnfld: 14.27343 + L_NonMnfld: 20.07989 + L_Nrml: 0.00000 + L_Eknl: 10.64131 + L_Div: 0.00000 + L_Morse: 9.26286
Epoch: 0 [ 810/10000 (8%)] Unweighted L_s : L_Mnfld: 0.00204,  L_NonMnfld: 0.03347,  L_Nrml: 0.00000,  L_Eknl: 0.21283, L_Morse: 0.92629

Weights: [7000.0, 600.0, 0, 50.0, 0.0, 10.0], lr=5.000e-05
Epoch: 0 [ 820/10000 (8%)] Loss: 53.54258 = L_Mnfld: 14.25329 + L_NonMnfld: 19.32694 + L_Nrml: 0.00000 + L_Eknl: 10.66103 + L_Div: 0.00000 + L_Morse: 9.30132
Epoch: 0 [ 820/10000 (8%)] Unweighted L_s : L_Mnfld: 0.00204,  L_NonMnfld: 0.03221,  L_Nrml: 0.00000,  L_Eknl: 0.21322, L_Morse: 0.93013

Weights: [7000.0, 600.0, 0, 50.0, 0.0, 10.0], lr=5.000e-05
Epoch: 0 [ 830/10000 (8%)] Loss: 49.57119 = L_Mnfld: 11.62075 + L_NonMnfld: 18.28485 + L_Nrml: 0.00000 + L_Eknl: 10.70460 + L_Div: 0.00000 + L_Morse: 8.96100
Epoch: 0 [ 830/10000 (8%)] Unweighted L_s : L_Mnfld: 0.00166,  L_NonMnfld: 0.03047,  L_Nrml: 0.00000,  L_Eknl: 0.21409, L_Morse: 0.89610

Weights: [7000.0, 600.0, 0, 50.0, 0.0, 10.0], lr=5.000e-05
Epoch: 0 [ 840/10000 (8%)] Loss: 51.07773 = L_Mnfld: 13.10977 + L_NonMnfld: 18.46099 + L_Nrml: 0.00000 + L_Eknl: 10.59342 + L_Div: 0.00000 + L_Morse: 8.91356
Epoch: 0 [ 840/10000 (8%)] Unweighted L_s : L_Mnfld: 0.00187,  L_NonMnfld: 0.03077,  L_Nrml: 0.00000,  L_Eknl: 0.21187, L_Morse: 0.89136

Weights: [7000.0, 600.0, 0, 50.0, 0.0, 10.0], lr=5.000e-05
Epoch: 0 [ 850/10000 (8%)] Loss: 50.31372 = L_Mnfld: 12.51717 + L_NonMnfld: 18.52365 + L_Nrml: 0.00000 + L_Eknl: 10.45262 + L_Div: 0.00000 + L_Morse: 8.82028
Epoch: 0 [ 850/10000 (8%)] Unweighted L_s : L_Mnfld: 0.00179,  L_NonMnfld: 0.03087,  L_Nrml: 0.00000,  L_Eknl: 0.20905, L_Morse: 0.88203

Weights: [7000.0, 600.0, 0, 50.0, 0.0, 10.0], lr=5.000e-05
Epoch: 0 [ 860/10000 (9%)] Loss: 51.55014 = L_Mnfld: 11.61526 + L_NonMnfld: 20.53995 + L_Nrml: 0.00000 + L_Eknl: 10.45536 + L_Div: 0.00000 + L_Morse: 8.93957
Epoch: 0 [ 860/10000 (9%)] Unweighted L_s : L_Mnfld: 0.00166,  L_NonMnfld: 0.03423,  L_Nrml: 0.00000,  L_Eknl: 0.20911, L_Morse: 0.89396

Weights: [7000.0, 600.0, 0, 50.0, 0.0, 10.0], lr=5.000e-05
Epoch: 0 [ 870/10000 (9%)] Loss: 50.87505 = L_Mnfld: 12.18071 + L_NonMnfld: 19.59739 + L_Nrml: 0.00000 + L_Eknl: 10.39786 + L_Div: 0.00000 + L_Morse: 8.69910
Epoch: 0 [ 870/10000 (9%)] Unweighted L_s : L_Mnfld: 0.00174,  L_NonMnfld: 0.03266,  L_Nrml: 0.00000,  L_Eknl: 0.20796, L_Morse: 0.86991

Weights: [7000.0, 600.0, 0, 50.0, 0.0, 10.0], lr=5.000e-05
Epoch: 0 [ 880/10000 (9%)] Loss: 50.69287 = L_Mnfld: 12.83995 + L_NonMnfld: 18.99957 + L_Nrml: 0.00000 + L_Eknl: 10.17062 + L_Div: 0.00000 + L_Morse: 8.68272
Epoch: 0 [ 880/10000 (9%)] Unweighted L_s : L_Mnfld: 0.00183,  L_NonMnfld: 0.03167,  L_Nrml: 0.00000,  L_Eknl: 0.20341, L_Morse: 0.86827

Weights: [7000.0, 600.0, 0, 50.0, 0.0, 10.0], lr=5.000e-05
Epoch: 0 [ 890/10000 (9%)] Loss: 50.46415 = L_Mnfld: 11.88236 + L_NonMnfld: 19.66547 + L_Nrml: 0.00000 + L_Eknl: 10.12877 + L_Div: 0.00000 + L_Morse: 8.78755
Epoch: 0 [ 890/10000 (9%)] Unweighted L_s : L_Mnfld: 0.00170,  L_NonMnfld: 0.03278,  L_Nrml: 0.00000,  L_Eknl: 0.20258, L_Morse: 0.87876

Weights: [7000.0, 600.0, 0, 50.0, 0.0, 10.0], lr=5.000e-05
Epoch: 0 [ 900/10000 (9%)] Loss: 52.13147 = L_Mnfld: 13.94361 + L_NonMnfld: 18.78648 + L_Nrml: 0.00000 + L_Eknl: 10.29547 + L_Div: 0.00000 + L_Morse: 9.10591
Epoch: 0 [ 900/10000 (9%)] Unweighted L_s : L_Mnfld: 0.00199,  L_NonMnfld: 0.03131,  L_Nrml: 0.00000,  L_Eknl: 0.20591, L_Morse: 0.91059

Weights: [7000.0, 600.0, 0, 50.0, 0.0, 10.0], lr=5.000e-05
Epoch: 0 [ 910/10000 (9%)] Loss: 54.05583 = L_Mnfld: 15.73052 + L_NonMnfld: 19.02461 + L_Nrml: 0.00000 + L_Eknl: 10.27429 + L_Div: 0.00000 + L_Morse: 9.02640
Epoch: 0 [ 910/10000 (9%)] Unweighted L_s : L_Mnfld: 0.00225,  L_NonMnfld: 0.03171,  L_Nrml: 0.00000,  L_Eknl: 0.20549, L_Morse: 0.90264

Weights: [7000.0, 600.0, 0, 50.0, 0.0, 10.0], lr=5.000e-05
Epoch: 0 [ 920/10000 (9%)] Loss: 54.75930 = L_Mnfld: 16.90787 + L_NonMnfld: 18.64882 + L_Nrml: 0.00000 + L_Eknl: 10.18310 + L_Div: 0.00000 + L_Morse: 9.01951
Epoch: 0 [ 920/10000 (9%)] Unweighted L_s : L_Mnfld: 0.00242,  L_NonMnfld: 0.03108,  L_Nrml: 0.00000,  L_Eknl: 0.20366, L_Morse: 0.90195

Weights: [7000.0, 600.0, 0, 50.0, 0.0, 10.0], lr=5.000e-05
Epoch: 0 [ 930/10000 (9%)] Loss: 56.22840 = L_Mnfld: 16.86033 + L_NonMnfld: 19.37204 + L_Nrml: 0.00000 + L_Eknl: 10.28545 + L_Div: 0.00000 + L_Morse: 9.71059
Epoch: 0 [ 930/10000 (9%)] Unweighted L_s : L_Mnfld: 0.00241,  L_NonMnfld: 0.03229,  L_Nrml: 0.00000,  L_Eknl: 0.20571, L_Morse: 0.97106

Weights: [7000.0, 600.0, 0, 50.0, 0.0, 10.0], lr=5.000e-05
Epoch: 0 [ 940/10000 (9%)] Loss: 52.16943 = L_Mnfld: 15.32187 + L_NonMnfld: 17.44886 + L_Nrml: 0.00000 + L_Eknl: 10.24052 + L_Div: 0.00000 + L_Morse: 9.15819
Epoch: 0 [ 940/10000 (9%)] Unweighted L_s : L_Mnfld: 0.00219,  L_NonMnfld: 0.02908,  L_Nrml: 0.00000,  L_Eknl: 0.20481, L_Morse: 0.91582

Weights: [7000.0, 600.0, 0, 50.0, 0.0, 10.0], lr=5.000e-05
Epoch: 0 [ 950/10000 (10%)] Loss: 51.94303 = L_Mnfld: 13.57177 + L_NonMnfld: 19.31878 + L_Nrml: 0.00000 + L_Eknl: 10.07460 + L_Div: 0.00000 + L_Morse: 8.97788
Epoch: 0 [ 950/10000 (10%)] Unweighted L_s : L_Mnfld: 0.00194,  L_NonMnfld: 0.03220,  L_Nrml: 0.00000,  L_Eknl: 0.20149, L_Morse: 0.89779

Weights: [7000.0, 600.0, 0, 50.0, 0.0, 10.0], lr=5.000e-05
Epoch: 0 [ 960/10000 (10%)] Loss: 50.92075 = L_Mnfld: 13.51909 + L_NonMnfld: 18.67956 + L_Nrml: 0.00000 + L_Eknl: 9.92487 + L_Div: 0.00000 + L_Morse: 8.79723
Epoch: 0 [ 960/10000 (10%)] Unweighted L_s : L_Mnfld: 0.00193,  L_NonMnfld: 0.03113,  L_Nrml: 0.00000,  L_Eknl: 0.19850, L_Morse: 0.87972

Weights: [7000.0, 600.0, 0, 50.0, 0.0, 10.0], lr=5.000e-05
Epoch: 0 [ 970/10000 (10%)] Loss: 50.02210 = L_Mnfld: 12.96293 + L_NonMnfld: 18.45840 + L_Nrml: 0.00000 + L_Eknl: 9.72324 + L_Div: 0.00000 + L_Morse: 8.87753
Epoch: 0 [ 970/10000 (10%)] Unweighted L_s : L_Mnfld: 0.00185,  L_NonMnfld: 0.03076,  L_Nrml: 0.00000,  L_Eknl: 0.19446, L_Morse: 0.88775

Weights: [7000.0, 600.0, 0, 50.0, 0.0, 10.0], lr=5.000e-05
Epoch: 0 [ 980/10000 (10%)] Loss: 52.21838 = L_Mnfld: 14.22363 + L_NonMnfld: 19.40432 + L_Nrml: 0.00000 + L_Eknl: 9.77437 + L_Div: 0.00000 + L_Morse: 8.81607
Epoch: 0 [ 980/10000 (10%)] Unweighted L_s : L_Mnfld: 0.00203,  L_NonMnfld: 0.03234,  L_Nrml: 0.00000,  L_Eknl: 0.19549, L_Morse: 0.88161

Weights: [7000.0, 600.0, 0, 50.0, 0.0, 10.0], lr=5.000e-05
Epoch: 0 [ 990/10000 (10%)] Loss: 47.91411 = L_Mnfld: 11.61962 + L_NonMnfld: 18.00457 + L_Nrml: 0.00000 + L_Eknl: 9.65898 + L_Div: 0.00000 + L_Morse: 8.63094
Epoch: 0 [ 990/10000 (10%)] Unweighted L_s : L_Mnfld: 0.00166,  L_NonMnfld: 0.03001,  L_Nrml: 0.00000,  L_Eknl: 0.19318, L_Morse: 0.86309

Weights: [7000.0, 600.0, 0, 50.0, 0.0, 10.0], lr=5.000e-05
Epoch: 0 [1000/10000 (10%)] Loss: 51.14180 = L_Mnfld: 13.64600 + L_NonMnfld: 18.77236 + L_Nrml: 0.00000 + L_Eknl: 9.72413 + L_Div: 0.00000 + L_Morse: 8.99930
Epoch: 0 [1000/10000 (10%)] Unweighted L_s : L_Mnfld: 0.00195,  L_NonMnfld: 0.03129,  L_Nrml: 0.00000,  L_Eknl: 0.19448, L_Morse: 0.89993

Weights: [7000.0, 600.0, 0, 50.0, 0.0, 10.0], lr=5.000e-05
Epoch: 0 [1010/10000 (10%)] Loss: 47.58126 = L_Mnfld: 11.48239 + L_NonMnfld: 17.80041 + L_Nrml: 0.00000 + L_Eknl: 9.79948 + L_Div: 0.00000 + L_Morse: 8.49899
Epoch: 0 [1010/10000 (10%)] Unweighted L_s : L_Mnfld: 0.00164,  L_NonMnfld: 0.02967,  L_Nrml: 0.00000,  L_Eknl: 0.19599, L_Morse: 0.84990

Weights: [7000.0, 600.0, 0, 50.0, 0.0, 10.0], lr=5.000e-05
Epoch: 0 [1020/10000 (10%)] Loss: 57.27959 = L_Mnfld: 19.35057 + L_NonMnfld: 19.47332 + L_Nrml: 0.00000 + L_Eknl: 9.71367 + L_Div: 0.00000 + L_Morse: 8.74202
Epoch: 0 [1020/10000 (10%)] Unweighted L_s : L_Mnfld: 0.00276,  L_NonMnfld: 0.03246,  L_Nrml: 0.00000,  L_Eknl: 0.19427, L_Morse: 0.87420

Weights: [7000.0, 600.0, 0, 50.0, 0.0, 10.0], lr=5.000e-05
Epoch: 0 [1030/10000 (10%)] Loss: 63.69867 = L_Mnfld: 23.46610 + L_NonMnfld: 19.80403 + L_Nrml: 0.00000 + L_Eknl: 10.33797 + L_Div: 0.00000 + L_Morse: 10.09057
Epoch: 0 [1030/10000 (10%)] Unweighted L_s : L_Mnfld: 0.00335,  L_NonMnfld: 0.03301,  L_Nrml: 0.00000,  L_Eknl: 0.20676, L_Morse: 1.00906

Weights: [7000.0, 600.0, 0, 50.0, 0.0, 10.0], lr=5.000e-05
Epoch: 0 [1040/10000 (10%)] Loss: 69.48535 = L_Mnfld: 26.21244 + L_NonMnfld: 19.99766 + L_Nrml: 0.00000 + L_Eknl: 11.11412 + L_Div: 0.00000 + L_Morse: 12.16114
Epoch: 0 [1040/10000 (10%)] Unweighted L_s : L_Mnfld: 0.00374,  L_NonMnfld: 0.03333,  L_Nrml: 0.00000,  L_Eknl: 0.22228, L_Morse: 1.21611

Weights: [7000.0, 600.0, 0, 50.0, 0.0, 10.0], lr=5.000e-05
Epoch: 0 [1050/10000 (10%)] Loss: 75.50543 = L_Mnfld: 31.38961 + L_NonMnfld: 19.20782 + L_Nrml: 0.00000 + L_Eknl: 11.87650 + L_Div: 0.00000 + L_Morse: 13.03150
Epoch: 0 [1050/10000 (10%)] Unweighted L_s : L_Mnfld: 0.00448,  L_NonMnfld: 0.03201,  L_Nrml: 0.00000,  L_Eknl: 0.23753, L_Morse: 1.30315

Weights: [7000.0, 600.0, 0, 50.0, 0.0, 10.0], lr=5.000e-05
Epoch: 0 [1060/10000 (11%)] Loss: 68.96323 = L_Mnfld: 26.90300 + L_NonMnfld: 19.17409 + L_Nrml: 0.00000 + L_Eknl: 11.25507 + L_Div: 0.00000 + L_Morse: 11.63106
Epoch: 0 [1060/10000 (11%)] Unweighted L_s : L_Mnfld: 0.00384,  L_NonMnfld: 0.03196,  L_Nrml: 0.00000,  L_Eknl: 0.22510, L_Morse: 1.16311

Weights: [7000.0, 600.0, 0, 50.0, 0.0, 10.0], lr=5.000e-05
Epoch: 0 [1070/10000 (11%)] Loss: 67.79617 = L_Mnfld: 24.70671 + L_NonMnfld: 20.57210 + L_Nrml: 0.00000 + L_Eknl: 12.21273 + L_Div: 0.00000 + L_Morse: 10.30464
Epoch: 0 [1070/10000 (11%)] Unweighted L_s : L_Mnfld: 0.00353,  L_NonMnfld: 0.03429,  L_Nrml: 0.00000,  L_Eknl: 0.24425, L_Morse: 1.03046

Weights: [7000.0, 600.0, 0, 50.0, 0.0, 10.0], lr=5.000e-05
Epoch: 0 [1080/10000 (11%)] Loss: 60.63621 = L_Mnfld: 20.48688 + L_NonMnfld: 18.26837 + L_Nrml: 0.00000 + L_Eknl: 11.17978 + L_Div: 0.00000 + L_Morse: 10.70117
Epoch: 0 [1080/10000 (11%)] Unweighted L_s : L_Mnfld: 0.00293,  L_NonMnfld: 0.03045,  L_Nrml: 0.00000,  L_Eknl: 0.22360, L_Morse: 1.07012

Weights: [7000.0, 600.0, 0, 50.0, 0.0, 10.0], lr=5.000e-05
Epoch: 0 [1090/10000 (11%)] Loss: 69.17056 = L_Mnfld: 28.36705 + L_NonMnfld: 19.62036 + L_Nrml: 0.00000 + L_Eknl: 11.13085 + L_Div: 0.00000 + L_Morse: 10.05230
Epoch: 0 [1090/10000 (11%)] Unweighted L_s : L_Mnfld: 0.00405,  L_NonMnfld: 0.03270,  L_Nrml: 0.00000,  L_Eknl: 0.22262, L_Morse: 1.00523

Weights: [7000.0, 600.0, 0, 50.0, 0.0, 10.0], lr=5.000e-05
Epoch: 0 [1100/10000 (11%)] Loss: 71.66687 = L_Mnfld: 29.79161 + L_NonMnfld: 19.14208 + L_Nrml: 0.00000 + L_Eknl: 11.58223 + L_Div: 0.00000 + L_Morse: 11.15095
Epoch: 0 [1100/10000 (11%)] Unweighted L_s : L_Mnfld: 0.00426,  L_NonMnfld: 0.03190,  L_Nrml: 0.00000,  L_Eknl: 0.23164, L_Morse: 1.11510

Weights: [7000.0, 600.0, 0, 50.0, 0.0, 10.0], lr=5.000e-05
Epoch: 0 [1110/10000 (11%)] Loss: 67.02810 = L_Mnfld: 22.47517 + L_NonMnfld: 20.47561 + L_Nrml: 0.00000 + L_Eknl: 12.51451 + L_Div: 0.00000 + L_Morse: 11.56282
Epoch: 0 [1110/10000 (11%)] Unweighted L_s : L_Mnfld: 0.00321,  L_NonMnfld: 0.03413,  L_Nrml: 0.00000,  L_Eknl: 0.25029, L_Morse: 1.15628

Weights: [7000.0, 600.0, 0, 50.0, 0.0, 10.0], lr=5.000e-05
Epoch: 0 [1120/10000 (11%)] Loss: 57.80048 = L_Mnfld: 17.11079 + L_NonMnfld: 18.69331 + L_Nrml: 0.00000 + L_Eknl: 11.74885 + L_Div: 0.00000 + L_Morse: 10.24753
Epoch: 0 [1120/10000 (11%)] Unweighted L_s : L_Mnfld: 0.00244,  L_NonMnfld: 0.03116,  L_Nrml: 0.00000,  L_Eknl: 0.23498, L_Morse: 1.02475

Weights: [7000.0, 600.0, 0, 50.0, 0.0, 10.0], lr=5.000e-05
Epoch: 0 [1130/10000 (11%)] Loss: 63.29934 = L_Mnfld: 23.48764 + L_NonMnfld: 19.48321 + L_Nrml: 0.00000 + L_Eknl: 11.63284 + L_Div: 0.00000 + L_Morse: 8.69566
Epoch: 0 [1130/10000 (11%)] Unweighted L_s : L_Mnfld: 0.00336,  L_NonMnfld: 0.03247,  L_Nrml: 0.00000,  L_Eknl: 0.23266, L_Morse: 0.86957

Weights: [7000.0, 600.0, 0, 50.0, 0.0, 10.0], lr=5.000e-05
Epoch: 0 [1140/10000 (11%)] Loss: 56.39529 = L_Mnfld: 17.76872 + L_NonMnfld: 18.79062 + L_Nrml: 0.00000 + L_Eknl: 10.74592 + L_Div: 0.00000 + L_Morse: 9.09003
Epoch: 0 [1140/10000 (11%)] Unweighted L_s : L_Mnfld: 0.00254,  L_NonMnfld: 0.03132,  L_Nrml: 0.00000,  L_Eknl: 0.21492, L_Morse: 0.90900

Weights: [7000.0, 600.0, 0, 50.0, 0.0, 10.0], lr=5.000e-05
Epoch: 0 [1150/10000 (12%)] Loss: 50.99569 = L_Mnfld: 12.93697 + L_NonMnfld: 19.30388 + L_Nrml: 0.00000 + L_Eknl: 10.30041 + L_Div: 0.00000 + L_Morse: 8.45443
Epoch: 0 [1150/10000 (12%)] Unweighted L_s : L_Mnfld: 0.00185,  L_NonMnfld: 0.03217,  L_Nrml: 0.00000,  L_Eknl: 0.20601, L_Morse: 0.84544

Weights: [7000.0, 600.0, 0, 50.0, 0.0, 10.0], lr=5.000e-05
Epoch: 0 [1160/10000 (12%)] Loss: 50.22013 = L_Mnfld: 13.55040 + L_NonMnfld: 18.15412 + L_Nrml: 0.00000 + L_Eknl: 10.12950 + L_Div: 0.00000 + L_Morse: 8.38611
Epoch: 0 [1160/10000 (12%)] Unweighted L_s : L_Mnfld: 0.00194,  L_NonMnfld: 0.03026,  L_Nrml: 0.00000,  L_Eknl: 0.20259, L_Morse: 0.83861

Weights: [7000.0, 600.0, 0, 50.0, 0.0, 10.0], lr=5.000e-05
Epoch: 0 [1170/10000 (12%)] Loss: 47.03244 = L_Mnfld: 9.85201 + L_NonMnfld: 19.39533 + L_Nrml: 0.00000 + L_Eknl: 9.98545 + L_Div: 0.00000 + L_Morse: 7.79965
Epoch: 0 [1170/10000 (12%)] Unweighted L_s : L_Mnfld: 0.00141,  L_NonMnfld: 0.03233,  L_Nrml: 0.00000,  L_Eknl: 0.19971, L_Morse: 0.77997

Weights: [7000.0, 600.0, 0, 50.0, 0.0, 10.0], lr=5.000e-05
Epoch: 0 [1180/10000 (12%)] Loss: 45.86290 = L_Mnfld: 9.82589 + L_NonMnfld: 18.59513 + L_Nrml: 0.00000 + L_Eknl: 9.85987 + L_Div: 0.00000 + L_Morse: 7.58201
Epoch: 0 [1180/10000 (12%)] Unweighted L_s : L_Mnfld: 0.00140,  L_NonMnfld: 0.03099,  L_Nrml: 0.00000,  L_Eknl: 0.19720, L_Morse: 0.75820

Weights: [7000.0, 600.0, 0, 50.0, 0.0, 10.0], lr=5.000e-05
Epoch: 0 [1190/10000 (12%)] Loss: 47.20425 = L_Mnfld: 10.38764 + L_NonMnfld: 19.28916 + L_Nrml: 0.00000 + L_Eknl: 9.74641 + L_Div: 0.00000 + L_Morse: 7.78105
Epoch: 0 [1190/10000 (12%)] Unweighted L_s : L_Mnfld: 0.00148,  L_NonMnfld: 0.03215,  L_Nrml: 0.00000,  L_Eknl: 0.19493, L_Morse: 0.77810

Weights: [7000.0, 600.0, 0, 50.0, 0.0, 10.0], lr=5.000e-05
Epoch: 0 [1200/10000 (12%)] Loss: 45.93745 = L_Mnfld: 9.43780 + L_NonMnfld: 19.24055 + L_Nrml: 0.00000 + L_Eknl: 9.79267 + L_Div: 0.00000 + L_Morse: 7.46643
Epoch: 0 [1200/10000 (12%)] Unweighted L_s : L_Mnfld: 0.00135,  L_NonMnfld: 0.03207,  L_Nrml: 0.00000,  L_Eknl: 0.19585, L_Morse: 0.74664

Weights: [7000.0, 600.0, 0, 50.0, 0.0, 10.0], lr=5.000e-05
Epoch: 0 [1210/10000 (12%)] Loss: 44.58946 = L_Mnfld: 9.07135 + L_NonMnfld: 18.40326 + L_Nrml: 0.00000 + L_Eknl: 9.69662 + L_Div: 0.00000 + L_Morse: 7.41823
Epoch: 0 [1210/10000 (12%)] Unweighted L_s : L_Mnfld: 0.00130,  L_NonMnfld: 0.03067,  L_Nrml: 0.00000,  L_Eknl: 0.19393, L_Morse: 0.74182

Weights: [7000.0, 600.0, 0, 50.0, 0.0, 10.0], lr=5.000e-05
Epoch: 0 [1220/10000 (12%)] Loss: 43.93790 = L_Mnfld: 9.21264 + L_NonMnfld: 17.95607 + L_Nrml: 0.00000 + L_Eknl: 9.52173 + L_Div: 0.00000 + L_Morse: 7.24746
Epoch: 0 [1220/10000 (12%)] Unweighted L_s : L_Mnfld: 0.00132,  L_NonMnfld: 0.02993,  L_Nrml: 0.00000,  L_Eknl: 0.19043, L_Morse: 0.72475

Weights: [7000.0, 600.0, 0, 50.0, 0.0, 10.0], lr=5.000e-05
Epoch: 0 [1230/10000 (12%)] Loss: 43.81033 = L_Mnfld: 9.10429 + L_NonMnfld: 17.82713 + L_Nrml: 0.00000 + L_Eknl: 9.41985 + L_Div: 0.00000 + L_Morse: 7.45907
Epoch: 0 [1230/10000 (12%)] Unweighted L_s : L_Mnfld: 0.00130,  L_NonMnfld: 0.02971,  L_Nrml: 0.00000,  L_Eknl: 0.18840, L_Morse: 0.74591

Weights: [7000.0, 600.0, 0, 50.0, 0.0, 10.0], lr=5.000e-05
Epoch: 0 [1240/10000 (12%)] Loss: 44.35941 = L_Mnfld: 8.96127 + L_NonMnfld: 18.70900 + L_Nrml: 0.00000 + L_Eknl: 9.45411 + L_Div: 0.00000 + L_Morse: 7.23503
Epoch: 0 [1240/10000 (12%)] Unweighted L_s : L_Mnfld: 0.00128,  L_NonMnfld: 0.03118,  L_Nrml: 0.00000,  L_Eknl: 0.18908, L_Morse: 0.72350

Weights: [7000.0, 600.0, 0, 50.0, 0.0, 10.0], lr=5.000e-05
Epoch: 0 [1250/10000 (12%)] Loss: 43.97324 = L_Mnfld: 9.02434 + L_NonMnfld: 18.53244 + L_Nrml: 0.00000 + L_Eknl: 9.32097 + L_Div: 0.00000 + L_Morse: 7.09549
Epoch: 0 [1250/10000 (12%)] Unweighted L_s : L_Mnfld: 0.00129,  L_NonMnfld: 0.03089,  L_Nrml: 0.00000,  L_Eknl: 0.18642, L_Morse: 0.70955

Weights: [7000.0, 600.0, 0, 50.0, 0.0, 10.0], lr=5.000e-05
Epoch: 0 [1260/10000 (13%)] Loss: 43.59704 = L_Mnfld: 8.79042 + L_NonMnfld: 18.24745 + L_Nrml: 0.00000 + L_Eknl: 9.23979 + L_Div: 0.00000 + L_Morse: 7.31938
Epoch: 0 [1260/10000 (13%)] Unweighted L_s : L_Mnfld: 0.00126,  L_NonMnfld: 0.03041,  L_Nrml: 0.00000,  L_Eknl: 0.18480, L_Morse: 0.73194

Weights: [7000.0, 600.0, 0, 50.0, 0.0, 10.0], lr=5.000e-05
Epoch: 0 [1270/10000 (13%)] Loss: 43.39427 = L_Mnfld: 8.96589 + L_NonMnfld: 17.48473 + L_Nrml: 0.00000 + L_Eknl: 9.46563 + L_Div: 0.00000 + L_Morse: 7.47803
Epoch: 0 [1270/10000 (13%)] Unweighted L_s : L_Mnfld: 0.00128,  L_NonMnfld: 0.02914,  L_Nrml: 0.00000,  L_Eknl: 0.18931, L_Morse: 0.74780

Weights: [7000.0, 600.0, 0, 50.0, 0.0, 10.0], lr=5.000e-05
Epoch: 0 [1280/10000 (13%)] Loss: 42.50365 = L_Mnfld: 8.30291 + L_NonMnfld: 17.79627 + L_Nrml: 0.00000 + L_Eknl: 9.12528 + L_Div: 0.00000 + L_Morse: 7.27920
Epoch: 0 [1280/10000 (13%)] Unweighted L_s : L_Mnfld: 0.00119,  L_NonMnfld: 0.02966,  L_Nrml: 0.00000,  L_Eknl: 0.18251, L_Morse: 0.72792

Weights: [7000.0, 600.0, 0, 50.0, 0.0, 10.0], lr=5.000e-05
Epoch: 0 [1290/10000 (13%)] Loss: 41.84561 = L_Mnfld: 8.16779 + L_NonMnfld: 17.46609 + L_Nrml: 0.00000 + L_Eknl: 9.03269 + L_Div: 0.00000 + L_Morse: 7.17904
Epoch: 0 [1290/10000 (13%)] Unweighted L_s : L_Mnfld: 0.00117,  L_NonMnfld: 0.02911,  L_Nrml: 0.00000,  L_Eknl: 0.18065, L_Morse: 0.71790

Weights: [7000.0, 600.0, 0, 50.0, 0.0, 10.0], lr=5.000e-05
Epoch: 0 [1300/10000 (13%)] Loss: 43.59414 = L_Mnfld: 8.21482 + L_NonMnfld: 18.54206 + L_Nrml: 0.00000 + L_Eknl: 9.20696 + L_Div: 0.00000 + L_Morse: 7.63031
Epoch: 0 [1300/10000 (13%)] Unweighted L_s : L_Mnfld: 0.00117,  L_NonMnfld: 0.03090,  L_Nrml: 0.00000,  L_Eknl: 0.18414, L_Morse: 0.76303

Weights: [7000.0, 600.0, 0, 50.0, 0.0, 10.0], lr=5.000e-05
Epoch: 0 [1310/10000 (13%)] Loss: 41.54990 = L_Mnfld: 7.36563 + L_NonMnfld: 17.96578 + L_Nrml: 0.00000 + L_Eknl: 9.00617 + L_Div: 0.00000 + L_Morse: 7.21231
Epoch: 0 [1310/10000 (13%)] Unweighted L_s : L_Mnfld: 0.00105,  L_NonMnfld: 0.02994,  L_Nrml: 0.00000,  L_Eknl: 0.18012, L_Morse: 0.72123

Weights: [7000.0, 600.0, 0, 50.0, 0.0, 10.0], lr=5.000e-05
Epoch: 0 [1320/10000 (13%)] Loss: 41.95465 = L_Mnfld: 9.43437 + L_NonMnfld: 16.15653 + L_Nrml: 0.00000 + L_Eknl: 9.18833 + L_Div: 0.00000 + L_Morse: 7.17542
Epoch: 0 [1320/10000 (13%)] Unweighted L_s : L_Mnfld: 0.00135,  L_NonMnfld: 0.02693,  L_Nrml: 0.00000,  L_Eknl: 0.18377, L_Morse: 0.71754

Weights: [7000.0, 600.0, 0, 50.0, 0.0, 10.0], lr=5.000e-05
Epoch: 0 [1330/10000 (13%)] Loss: 42.02905 = L_Mnfld: 8.00811 + L_NonMnfld: 17.99853 + L_Nrml: 0.00000 + L_Eknl: 8.85953 + L_Div: 0.00000 + L_Morse: 7.16287
Epoch: 0 [1330/10000 (13%)] Unweighted L_s : L_Mnfld: 0.00114,  L_NonMnfld: 0.03000,  L_Nrml: 0.00000,  L_Eknl: 0.17719, L_Morse: 0.71629

Weights: [7000.0, 600.0, 0, 50.0, 0.0, 10.0], lr=5.000e-05
Epoch: 0 [1340/10000 (13%)] Loss: 40.69846 = L_Mnfld: 7.78759 + L_NonMnfld: 16.74332 + L_Nrml: 0.00000 + L_Eknl: 8.92756 + L_Div: 0.00000 + L_Morse: 7.24000
Epoch: 0 [1340/10000 (13%)] Unweighted L_s : L_Mnfld: 0.00111,  L_NonMnfld: 0.02791,  L_Nrml: 0.00000,  L_Eknl: 0.17855, L_Morse: 0.72400

Weights: [7000.0, 600.0, 0, 50.0, 0.0, 10.0], lr=5.000e-05
Epoch: 0 [1350/10000 (14%)] Loss: 43.28239 = L_Mnfld: 8.69495 + L_NonMnfld: 18.33611 + L_Nrml: 0.00000 + L_Eknl: 8.92385 + L_Div: 0.00000 + L_Morse: 7.32749
Epoch: 0 [1350/10000 (14%)] Unweighted L_s : L_Mnfld: 0.00124,  L_NonMnfld: 0.03056,  L_Nrml: 0.00000,  L_Eknl: 0.17848, L_Morse: 0.73275

Weights: [7000.0, 600.0, 0, 50.0, 0.0, 10.0], lr=5.000e-05
Epoch: 0 [1360/10000 (14%)] Loss: 42.27430 = L_Mnfld: 8.65769 + L_NonMnfld: 17.51949 + L_Nrml: 0.00000 + L_Eknl: 8.92663 + L_Div: 0.00000 + L_Morse: 7.17048
Epoch: 0 [1360/10000 (14%)] Unweighted L_s : L_Mnfld: 0.00124,  L_NonMnfld: 0.02920,  L_Nrml: 0.00000,  L_Eknl: 0.17853, L_Morse: 0.71705

Weights: [7000.0, 600.0, 0, 50.0, 0.0, 10.0], lr=5.000e-05
Epoch: 0 [1370/10000 (14%)] Loss: 44.12724 = L_Mnfld: 8.63384 + L_NonMnfld: 19.08337 + L_Nrml: 0.00000 + L_Eknl: 9.00823 + L_Div: 0.00000 + L_Morse: 7.40179
Epoch: 0 [1370/10000 (14%)] Unweighted L_s : L_Mnfld: 0.00123,  L_NonMnfld: 0.03181,  L_Nrml: 0.00000,  L_Eknl: 0.18016, L_Morse: 0.74018

Weights: [7000.0, 600.0, 0, 50.0, 0.0, 10.0], lr=5.000e-05
Epoch: 0 [1380/10000 (14%)] Loss: 40.53691 = L_Mnfld: 8.65895 + L_NonMnfld: 15.77457 + L_Nrml: 0.00000 + L_Eknl: 8.77622 + L_Div: 0.00000 + L_Morse: 7.32716
Epoch: 0 [1380/10000 (14%)] Unweighted L_s : L_Mnfld: 0.00124,  L_NonMnfld: 0.02629,  L_Nrml: 0.00000,  L_Eknl: 0.17552, L_Morse: 0.73272

Weights: [7000.0, 600.0, 0, 50.0, 0.0, 10.0], lr=5.000e-05
Epoch: 0 [1390/10000 (14%)] Loss: 40.92085 = L_Mnfld: 7.77985 + L_NonMnfld: 17.30646 + L_Nrml: 0.00000 + L_Eknl: 8.81064 + L_Div: 0.00000 + L_Morse: 7.02390
Epoch: 0 [1390/10000 (14%)] Unweighted L_s : L_Mnfld: 0.00111,  L_NonMnfld: 0.02884,  L_Nrml: 0.00000,  L_Eknl: 0.17621, L_Morse: 0.70239

Weights: [7000.0, 600.0, 0, 50.0, 0.0, 10.0], lr=5.000e-05
Epoch: 0 [1400/10000 (14%)] Loss: 42.88552 = L_Mnfld: 9.55599 + L_NonMnfld: 17.62276 + L_Nrml: 0.00000 + L_Eknl: 8.60824 + L_Div: 0.00000 + L_Morse: 7.09853
Epoch: 0 [1400/10000 (14%)] Unweighted L_s : L_Mnfld: 0.00137,  L_NonMnfld: 0.02937,  L_Nrml: 0.00000,  L_Eknl: 0.17216, L_Morse: 0.70985

Weights: [7000.0, 600.0, 0, 50.0, 0.0, 10.0], lr=5.000e-05
Epoch: 0 [1410/10000 (14%)] Loss: 42.50336 = L_Mnfld: 8.42965 + L_NonMnfld: 17.93536 + L_Nrml: 0.00000 + L_Eknl: 8.74233 + L_Div: 0.00000 + L_Morse: 7.39602
Epoch: 0 [1410/10000 (14%)] Unweighted L_s : L_Mnfld: 0.00120,  L_NonMnfld: 0.02989,  L_Nrml: 0.00000,  L_Eknl: 0.17485, L_Morse: 0.73960

Weights: [7000.0, 600.0, 0, 50.0, 0.0, 10.0], lr=5.000e-05
Epoch: 0 [1420/10000 (14%)] Loss: 42.19711 = L_Mnfld: 8.07577 + L_NonMnfld: 18.14857 + L_Nrml: 0.00000 + L_Eknl: 8.83463 + L_Div: 0.00000 + L_Morse: 7.13813
Epoch: 0 [1420/10000 (14%)] Unweighted L_s : L_Mnfld: 0.00115,  L_NonMnfld: 0.03025,  L_Nrml: 0.00000,  L_Eknl: 0.17669, L_Morse: 0.71381

Weights: [7000.0, 600.0, 0, 50.0, 0.0, 10.0], lr=5.000e-05
Epoch: 0 [1430/10000 (14%)] Loss: 41.15949 = L_Mnfld: 7.88752 + L_NonMnfld: 17.45774 + L_Nrml: 0.00000 + L_Eknl: 8.71362 + L_Div: 0.00000 + L_Morse: 7.10061
Epoch: 0 [1430/10000 (14%)] Unweighted L_s : L_Mnfld: 0.00113,  L_NonMnfld: 0.02910,  L_Nrml: 0.00000,  L_Eknl: 0.17427, L_Morse: 0.71006

Weights: [7000.0, 600.0, 0, 50.0, 0.0, 10.0], lr=5.000e-05
Epoch: 0 [1440/10000 (14%)] Loss: 41.16845 = L_Mnfld: 7.52756 + L_NonMnfld: 17.83536 + L_Nrml: 0.00000 + L_Eknl: 8.56474 + L_Div: 0.00000 + L_Morse: 7.24079
Epoch: 0 [1440/10000 (14%)] Unweighted L_s : L_Mnfld: 0.00108,  L_NonMnfld: 0.02973,  L_Nrml: 0.00000,  L_Eknl: 0.17129, L_Morse: 0.72408

Weights: [7000.0, 600.0, 0, 50.0, 0.0, 10.0], lr=5.000e-05
Epoch: 0 [1450/10000 (14%)] Loss: 40.87060 = L_Mnfld: 7.51940 + L_NonMnfld: 17.78077 + L_Nrml: 0.00000 + L_Eknl: 8.60703 + L_Div: 0.00000 + L_Morse: 6.96340
Epoch: 0 [1450/10000 (14%)] Unweighted L_s : L_Mnfld: 0.00107,  L_NonMnfld: 0.02963,  L_Nrml: 0.00000,  L_Eknl: 0.17214, L_Morse: 0.69634

Weights: [7000.0, 600.0, 0, 50.0, 0.0, 10.0], lr=5.000e-05
Epoch: 0 [1460/10000 (15%)] Loss: 43.24742 = L_Mnfld: 8.55537 + L_NonMnfld: 18.79932 + L_Nrml: 0.00000 + L_Eknl: 8.67894 + L_Div: 0.00000 + L_Morse: 7.21379
Epoch: 0 [1460/10000 (15%)] Unweighted L_s : L_Mnfld: 0.00122,  L_NonMnfld: 0.03133,  L_Nrml: 0.00000,  L_Eknl: 0.17358, L_Morse: 0.72138

Weights: [7000.0, 600.0, 0, 50.0, 0.0, 10.0], lr=5.000e-05
Epoch: 0 [1470/10000 (15%)] Loss: 40.64355 = L_Mnfld: 7.46197 + L_NonMnfld: 17.18015 + L_Nrml: 0.00000 + L_Eknl: 8.61813 + L_Div: 0.00000 + L_Morse: 7.38329
Epoch: 0 [1470/10000 (15%)] Unweighted L_s : L_Mnfld: 0.00107,  L_NonMnfld: 0.02863,  L_Nrml: 0.00000,  L_Eknl: 0.17236, L_Morse: 0.73833

Weights: [7000.0, 600.0, 0, 50.0, 0.0, 10.0], lr=5.000e-05
Epoch: 0 [1480/10000 (15%)] Loss: 41.43753 = L_Mnfld: 7.96524 + L_NonMnfld: 18.01840 + L_Nrml: 0.00000 + L_Eknl: 8.50440 + L_Div: 0.00000 + L_Morse: 6.94950
Epoch: 0 [1480/10000 (15%)] Unweighted L_s : L_Mnfld: 0.00114,  L_NonMnfld: 0.03003,  L_Nrml: 0.00000,  L_Eknl: 0.17009, L_Morse: 0.69495

Weights: [7000.0, 600.0, 0, 50.0, 0.0, 10.0], lr=5.000e-05
Epoch: 0 [1490/10000 (15%)] Loss: 41.53912 = L_Mnfld: 7.85036 + L_NonMnfld: 18.09955 + L_Nrml: 0.00000 + L_Eknl: 8.70372 + L_Div: 0.00000 + L_Morse: 6.88550
Epoch: 0 [1490/10000 (15%)] Unweighted L_s : L_Mnfld: 0.00112,  L_NonMnfld: 0.03017,  L_Nrml: 0.00000,  L_Eknl: 0.17407, L_Morse: 0.68855

Weights: [7000.0, 600.0, 0, 50.0, 0.0, 10.0], lr=5.000e-05
Epoch: 0 [1500/10000 (15%)] Loss: 40.65811 = L_Mnfld: 7.71715 + L_NonMnfld: 16.99820 + L_Nrml: 0.00000 + L_Eknl: 8.56012 + L_Div: 0.00000 + L_Morse: 7.38264
Epoch: 0 [1500/10000 (15%)] Unweighted L_s : L_Mnfld: 0.00110,  L_NonMnfld: 0.02833,  L_Nrml: 0.00000,  L_Eknl: 0.17120, L_Morse: 0.73826

Weights: [7000.0, 600.0, 0, 50.0, 0.0, 10.0], lr=5.000e-05
Epoch: 0 [1510/10000 (15%)] Loss: 40.11049 = L_Mnfld: 7.75202 + L_NonMnfld: 16.58595 + L_Nrml: 0.00000 + L_Eknl: 8.50284 + L_Div: 0.00000 + L_Morse: 7.26967
Epoch: 0 [1510/10000 (15%)] Unweighted L_s : L_Mnfld: 0.00111,  L_NonMnfld: 0.02764,  L_Nrml: 0.00000,  L_Eknl: 0.17006, L_Morse: 0.72697

Weights: [7000.0, 600.0, 0, 50.0, 0.0, 10.0], lr=5.000e-05
Epoch: 0 [1520/10000 (15%)] Loss: 42.07120 = L_Mnfld: 7.85187 + L_NonMnfld: 18.17831 + L_Nrml: 0.00000 + L_Eknl: 8.61673 + L_Div: 0.00000 + L_Morse: 7.42429
Epoch: 0 [1520/10000 (15%)] Unweighted L_s : L_Mnfld: 0.00112,  L_NonMnfld: 0.03030,  L_Nrml: 0.00000,  L_Eknl: 0.17233, L_Morse: 0.74243

Weights: [7000.0, 600.0, 0, 50.0, 0.0, 10.0], lr=5.000e-05
Epoch: 0 [1530/10000 (15%)] Loss: 42.06927 = L_Mnfld: 8.12193 + L_NonMnfld: 18.32171 + L_Nrml: 0.00000 + L_Eknl: 8.61571 + L_Div: 0.00000 + L_Morse: 7.00992
Epoch: 0 [1530/10000 (15%)] Unweighted L_s : L_Mnfld: 0.00116,  L_NonMnfld: 0.03054,  L_Nrml: 0.00000,  L_Eknl: 0.17231, L_Morse: 0.70099

Weights: [7000.0, 600.0, 0, 50.0, 0.0, 10.0], lr=5.000e-05
Epoch: 0 [1540/10000 (15%)] Loss: 39.68267 = L_Mnfld: 7.63214 + L_NonMnfld: 16.48397 + L_Nrml: 0.00000 + L_Eknl: 8.39481 + L_Div: 0.00000 + L_Morse: 7.17175
Epoch: 0 [1540/10000 (15%)] Unweighted L_s : L_Mnfld: 0.00109,  L_NonMnfld: 0.02747,  L_Nrml: 0.00000,  L_Eknl: 0.16790, L_Morse: 0.71717

Weights: [7000.0, 600.0, 0, 50.0, 0.0, 10.0], lr=5.000e-05
Epoch: 0 [1550/10000 (16%)] Loss: 40.38967 = L_Mnfld: 6.67443 + L_NonMnfld: 18.13445 + L_Nrml: 0.00000 + L_Eknl: 8.30575 + L_Div: 0.00000 + L_Morse: 7.27504
Epoch: 0 [1550/10000 (16%)] Unweighted L_s : L_Mnfld: 0.00095,  L_NonMnfld: 0.03022,  L_Nrml: 0.00000,  L_Eknl: 0.16611, L_Morse: 0.72750

Weights: [7000.0, 600.0, 0, 50.0, 0.0, 10.0], lr=5.000e-05
Epoch: 0 [1560/10000 (16%)] Loss: 40.23264 = L_Mnfld: 8.90125 + L_NonMnfld: 15.91021 + L_Nrml: 0.00000 + L_Eknl: 8.36519 + L_Div: 0.00000 + L_Morse: 7.05598
Epoch: 0 [1560/10000 (16%)] Unweighted L_s : L_Mnfld: 0.00127,  L_NonMnfld: 0.02652,  L_Nrml: 0.00000,  L_Eknl: 0.16730, L_Morse: 0.70560

Weights: [7000.0, 600.0, 0, 50.0, 0.0, 10.0], lr=5.000e-05
Epoch: 0 [1570/10000 (16%)] Loss: 40.65636 = L_Mnfld: 7.99022 + L_NonMnfld: 17.08178 + L_Nrml: 0.00000 + L_Eknl: 8.34309 + L_Div: 0.00000 + L_Morse: 7.24128
Epoch: 0 [1570/10000 (16%)] Unweighted L_s : L_Mnfld: 0.00114,  L_NonMnfld: 0.02847,  L_Nrml: 0.00000,  L_Eknl: 0.16686, L_Morse: 0.72413

Weights: [7000.0, 600.0, 0, 50.0, 0.0, 10.0], lr=5.000e-05
Epoch: 0 [1580/10000 (16%)] Loss: 41.78340 = L_Mnfld: 7.94647 + L_NonMnfld: 18.25905 + L_Nrml: 0.00000 + L_Eknl: 8.26000 + L_Div: 0.00000 + L_Morse: 7.31788
Epoch: 0 [1580/10000 (16%)] Unweighted L_s : L_Mnfld: 0.00114,  L_NonMnfld: 0.03043,  L_Nrml: 0.00000,  L_Eknl: 0.16520, L_Morse: 0.73179

Weights: [7000.0, 600.0, 0, 50.0, 0.0, 10.0], lr=5.000e-05
Epoch: 0 [1590/10000 (16%)] Loss: 41.68704 = L_Mnfld: 7.71929 + L_NonMnfld: 18.58960 + L_Nrml: 0.00000 + L_Eknl: 8.31933 + L_Div: 0.00000 + L_Morse: 7.05881
Epoch: 0 [1590/10000 (16%)] Unweighted L_s : L_Mnfld: 0.00110,  L_NonMnfld: 0.03098,  L_Nrml: 0.00000,  L_Eknl: 0.16639, L_Morse: 0.70588

Weights: [7000.0, 600.0, 0, 50.0, 0.0, 10.0], lr=5.000e-05
Epoch: 0 [1600/10000 (16%)] Loss: 40.25986 = L_Mnfld: 7.80099 + L_NonMnfld: 16.69563 + L_Nrml: 0.00000 + L_Eknl: 8.36217 + L_Div: 0.00000 + L_Morse: 7.40107
Epoch: 0 [1600/10000 (16%)] Unweighted L_s : L_Mnfld: 0.00111,  L_NonMnfld: 0.02783,  L_Nrml: 0.00000,  L_Eknl: 0.16724, L_Morse: 0.74011

Weights: [7000.0, 600.0, 0, 50.0, 0.0, 10.0], lr=5.000e-05
Epoch: 0 [1610/10000 (16%)] Loss: 40.17999 = L_Mnfld: 7.77627 + L_NonMnfld: 16.95904 + L_Nrml: 0.00000 + L_Eknl: 8.14323 + L_Div: 0.00000 + L_Morse: 7.30145
Epoch: 0 [1610/10000 (16%)] Unweighted L_s : L_Mnfld: 0.00111,  L_NonMnfld: 0.02827,  L_Nrml: 0.00000,  L_Eknl: 0.16286, L_Morse: 0.73014

Weights: [7000.0, 600.0, 0, 50.0, 0.0, 10.0], lr=5.000e-05
Epoch: 0 [1620/10000 (16%)] Loss: 42.04742 = L_Mnfld: 9.81363 + L_NonMnfld: 17.09304 + L_Nrml: 0.00000 + L_Eknl: 8.26371 + L_Div: 0.00000 + L_Morse: 6.87704
Epoch: 0 [1620/10000 (16%)] Unweighted L_s : L_Mnfld: 0.00140,  L_NonMnfld: 0.02849,  L_Nrml: 0.00000,  L_Eknl: 0.16527, L_Morse: 0.68770

Weights: [7000.0, 600.0, 0, 50.0, 0.0, 10.0], lr=5.000e-05
Epoch: 0 [1630/10000 (16%)] Loss: 40.32293 = L_Mnfld: 7.97459 + L_NonMnfld: 16.61265 + L_Nrml: 0.00000 + L_Eknl: 8.19191 + L_Div: 0.00000 + L_Morse: 7.54379
Epoch: 0 [1630/10000 (16%)] Unweighted L_s : L_Mnfld: 0.00114,  L_NonMnfld: 0.02769,  L_Nrml: 0.00000,  L_Eknl: 0.16384, L_Morse: 0.75438

Weights: [7000.0, 600.0, 0, 50.0, 0.0, 10.0], lr=5.000e-05
Epoch: 0 [1640/10000 (16%)] Loss: 40.53498 = L_Mnfld: 7.53591 + L_NonMnfld: 17.47641 + L_Nrml: 0.00000 + L_Eknl: 8.25908 + L_Div: 0.00000 + L_Morse: 7.26357
Epoch: 0 [1640/10000 (16%)] Unweighted L_s : L_Mnfld: 0.00108,  L_NonMnfld: 0.02913,  L_Nrml: 0.00000,  L_Eknl: 0.16518, L_Morse: 0.72636

Weights: [7000.0, 600.0, 0, 50.0, 0.0, 10.0], lr=5.000e-05
Epoch: 0 [1650/10000 (16%)] Loss: 42.65728 = L_Mnfld: 9.69563 + L_NonMnfld: 17.43865 + L_Nrml: 0.00000 + L_Eknl: 8.17084 + L_Div: 0.00000 + L_Morse: 7.35216
Epoch: 0 [1650/10000 (16%)] Unweighted L_s : L_Mnfld: 0.00139,  L_NonMnfld: 0.02906,  L_Nrml: 0.00000,  L_Eknl: 0.16342, L_Morse: 0.73522

Weights: [7000.0, 600.0, 0, 50.0, 0.0, 10.0], lr=5.000e-05
Epoch: 0 [1660/10000 (17%)] Loss: 42.26080 = L_Mnfld: 10.45984 + L_NonMnfld: 15.71027 + L_Nrml: 0.00000 + L_Eknl: 8.46989 + L_Div: 0.00000 + L_Morse: 7.62080
Epoch: 0 [1660/10000 (17%)] Unweighted L_s : L_Mnfld: 0.00149,  L_NonMnfld: 0.02618,  L_Nrml: 0.00000,  L_Eknl: 0.16940, L_Morse: 0.76208

Weights: [7000.0, 600.0, 0, 50.0, 0.0, 10.0], lr=5.000e-05
Epoch: 0 [1670/10000 (17%)] Loss: 42.73637 = L_Mnfld: 9.62386 + L_NonMnfld: 17.74085 + L_Nrml: 0.00000 + L_Eknl: 8.33003 + L_Div: 0.00000 + L_Morse: 7.04164
Epoch: 0 [1670/10000 (17%)] Unweighted L_s : L_Mnfld: 0.00137,  L_NonMnfld: 0.02957,  L_Nrml: 0.00000,  L_Eknl: 0.16660, L_Morse: 0.70416

Weights: [7000.0, 600.0, 0, 50.0, 0.0, 10.0], lr=5.000e-05
Epoch: 0 [1680/10000 (17%)] Loss: 40.80766 = L_Mnfld: 8.63820 + L_NonMnfld: 16.52054 + L_Nrml: 0.00000 + L_Eknl: 8.25715 + L_Div: 0.00000 + L_Morse: 7.39178
Epoch: 0 [1680/10000 (17%)] Unweighted L_s : L_Mnfld: 0.00123,  L_NonMnfld: 0.02753,  L_Nrml: 0.00000,  L_Eknl: 0.16514, L_Morse: 0.73918

Weights: [7000.0, 600.0, 0, 50.0, 0.0, 10.0], lr=5.000e-05
Epoch: 0 [1690/10000 (17%)] Loss: 43.52655 = L_Mnfld: 9.09722 + L_NonMnfld: 18.55538 + L_Nrml: 0.00000 + L_Eknl: 8.38752 + L_Div: 0.00000 + L_Morse: 7.48643
Epoch: 0 [1690/10000 (17%)] Unweighted L_s : L_Mnfld: 0.00130,  L_NonMnfld: 0.03093,  L_Nrml: 0.00000,  L_Eknl: 0.16775, L_Morse: 0.74864

Weights: [7000.0, 600.0, 0, 50.0, 0.0, 10.0], lr=5.000e-05
Epoch: 0 [1700/10000 (17%)] Loss: 40.36449 = L_Mnfld: 9.55183 + L_NonMnfld: 15.52570 + L_Nrml: 0.00000 + L_Eknl: 8.21145 + L_Div: 0.00000 + L_Morse: 7.07551
Epoch: 0 [1700/10000 (17%)] Unweighted L_s : L_Mnfld: 0.00136,  L_NonMnfld: 0.02588,  L_Nrml: 0.00000,  L_Eknl: 0.16423, L_Morse: 0.70755

Weights: [7000.0, 600.0, 0, 50.0, 0.0, 10.0], lr=5.000e-05
Epoch: 0 [1710/10000 (17%)] Loss: 40.90139 = L_Mnfld: 8.90800 + L_NonMnfld: 16.46802 + L_Nrml: 0.00000 + L_Eknl: 8.35096 + L_Div: 0.00000 + L_Morse: 7.17441
Epoch: 0 [1710/10000 (17%)] Unweighted L_s : L_Mnfld: 0.00127,  L_NonMnfld: 0.02745,  L_Nrml: 0.00000,  L_Eknl: 0.16702, L_Morse: 0.71744

Weights: [7000.0, 600.0, 0, 50.0, 0.0, 10.0], lr=5.000e-05
Epoch: 0 [1720/10000 (17%)] Loss: 42.02202 = L_Mnfld: 10.61142 + L_NonMnfld: 16.01019 + L_Nrml: 0.00000 + L_Eknl: 8.31668 + L_Div: 0.00000 + L_Morse: 7.08373
Epoch: 0 [1720/10000 (17%)] Unweighted L_s : L_Mnfld: 0.00152,  L_NonMnfld: 0.02668,  L_Nrml: 0.00000,  L_Eknl: 0.16633, L_Morse: 0.70837

Weights: [7000.0, 600.0, 0, 50.0, 0.0, 10.0], lr=5.000e-05
Epoch: 0 [1730/10000 (17%)] Loss: 41.95103 = L_Mnfld: 9.44861 + L_NonMnfld: 16.83977 + L_Nrml: 0.00000 + L_Eknl: 8.23800 + L_Div: 0.00000 + L_Morse: 7.42465
Epoch: 0 [1730/10000 (17%)] Unweighted L_s : L_Mnfld: 0.00135,  L_NonMnfld: 0.02807,  L_Nrml: 0.00000,  L_Eknl: 0.16476, L_Morse: 0.74247

Weights: [7000.0, 600.0, 0, 50.0, 0.0, 10.0], lr=5.000e-05
Epoch: 0 [1740/10000 (17%)] Loss: 43.76706 = L_Mnfld: 10.10659 + L_NonMnfld: 17.25455 + L_Nrml: 0.00000 + L_Eknl: 8.61425 + L_Div: 0.00000 + L_Morse: 7.79168
Epoch: 0 [1740/10000 (17%)] Unweighted L_s : L_Mnfld: 0.00144,  L_NonMnfld: 0.02876,  L_Nrml: 0.00000,  L_Eknl: 0.17228, L_Morse: 0.77917

Weights: [7000.0, 600.0, 0, 50.0, 0.0, 10.0], lr=5.000e-05
Epoch: 0 [1750/10000 (18%)] Loss: 44.03552 = L_Mnfld: 10.59758 + L_NonMnfld: 17.62702 + L_Nrml: 0.00000 + L_Eknl: 8.23682 + L_Div: 0.00000 + L_Morse: 7.57411
Epoch: 0 [1750/10000 (18%)] Unweighted L_s : L_Mnfld: 0.00151,  L_NonMnfld: 0.02938,  L_Nrml: 0.00000,  L_Eknl: 0.16474, L_Morse: 0.75741

Weights: [7000.0, 600.0, 0, 50.0, 0.0, 10.0], lr=5.000e-05
Epoch: 0 [1760/10000 (18%)] Loss: 42.60073 = L_Mnfld: 9.68415 + L_NonMnfld: 16.57007 + L_Nrml: 0.00000 + L_Eknl: 8.48710 + L_Div: 0.00000 + L_Morse: 7.85941
Epoch: 0 [1760/10000 (18%)] Unweighted L_s : L_Mnfld: 0.00138,  L_NonMnfld: 0.02762,  L_Nrml: 0.00000,  L_Eknl: 0.16974, L_Morse: 0.78594

Weights: [7000.0, 600.0, 0, 50.0, 0.0, 10.0], lr=5.000e-05
Epoch: 0 [1770/10000 (18%)] Loss: 43.93606 = L_Mnfld: 8.98592 + L_NonMnfld: 18.69457 + L_Nrml: 0.00000 + L_Eknl: 8.43072 + L_Div: 0.00000 + L_Morse: 7.82485
Epoch: 0 [1770/10000 (18%)] Unweighted L_s : L_Mnfld: 0.00128,  L_NonMnfld: 0.03116,  L_Nrml: 0.00000,  L_Eknl: 0.16861, L_Morse: 0.78248

Weights: [7000.0, 600.0, 0, 50.0, 0.0, 10.0], lr=5.000e-05
Epoch: 0 [1780/10000 (18%)] Loss: 39.87635 = L_Mnfld: 9.30008 + L_NonMnfld: 15.05322 + L_Nrml: 0.00000 + L_Eknl: 8.23968 + L_Div: 0.00000 + L_Morse: 7.28337
Epoch: 0 [1780/10000 (18%)] Unweighted L_s : L_Mnfld: 0.00133,  L_NonMnfld: 0.02509,  L_Nrml: 0.00000,  L_Eknl: 0.16479, L_Morse: 0.72834

Weights: [7000.0, 600.0, 0, 50.0, 0.0, 10.0], lr=5.000e-05
Epoch: 0 [1790/10000 (18%)] Loss: 41.47260 = L_Mnfld: 8.69972 + L_NonMnfld: 17.27688 + L_Nrml: 0.00000 + L_Eknl: 8.17144 + L_Div: 0.00000 + L_Morse: 7.32456
Epoch: 0 [1790/10000 (18%)] Unweighted L_s : L_Mnfld: 0.00124,  L_NonMnfld: 0.02879,  L_Nrml: 0.00000,  L_Eknl: 0.16343, L_Morse: 0.73246

Weights: [7000.0, 600.0, 0, 50.0, 0.0, 10.0], lr=5.000e-05
Epoch: 0 [1800/10000 (18%)] Loss: 44.43734 = L_Mnfld: 9.97413 + L_NonMnfld: 19.00726 + L_Nrml: 0.00000 + L_Eknl: 8.27665 + L_Div: 0.00000 + L_Morse: 7.17931
Epoch: 0 [1800/10000 (18%)] Unweighted L_s : L_Mnfld: 0.00142,  L_NonMnfld: 0.03168,  L_Nrml: 0.00000,  L_Eknl: 0.16553, L_Morse: 0.71793

Weights: [7000.0, 600.0, 0, 50.0, 0.0, 10.0], lr=5.000e-05
Epoch: 0 [1810/10000 (18%)] Loss: 42.16287 = L_Mnfld: 9.26155 + L_NonMnfld: 17.22407 + L_Nrml: 0.00000 + L_Eknl: 8.34623 + L_Div: 0.00000 + L_Morse: 7.33103
Epoch: 0 [1810/10000 (18%)] Unweighted L_s : L_Mnfld: 0.00132,  L_NonMnfld: 0.02871,  L_Nrml: 0.00000,  L_Eknl: 0.16692, L_Morse: 0.73310

Weights: [7000.0, 600.0, 0, 50.0, 0.0, 10.0], lr=5.000e-05
Epoch: 0 [1820/10000 (18%)] Loss: 40.04087 = L_Mnfld: 8.39182 + L_NonMnfld: 16.17677 + L_Nrml: 0.00000 + L_Eknl: 8.23697 + L_Div: 0.00000 + L_Morse: 7.23531
Epoch: 0 [1820/10000 (18%)] Unweighted L_s : L_Mnfld: 0.00120,  L_NonMnfld: 0.02696,  L_Nrml: 0.00000,  L_Eknl: 0.16474, L_Morse: 0.72353

Weights: [7000.0, 600.0, 0, 50.0, 0.0, 10.0], lr=5.000e-05
Epoch: 0 [1830/10000 (18%)] Loss: 40.68214 = L_Mnfld: 8.65759 + L_NonMnfld: 16.34982 + L_Nrml: 0.00000 + L_Eknl: 7.98178 + L_Div: 0.00000 + L_Morse: 7.69295
Epoch: 0 [1830/10000 (18%)] Unweighted L_s : L_Mnfld: 0.00124,  L_NonMnfld: 0.02725,  L_Nrml: 0.00000,  L_Eknl: 0.15964, L_Morse: 0.76930

Weights: [7000.0, 600.0, 0, 50.0, 0.0, 10.0], lr=5.000e-05
Epoch: 0 [1840/10000 (18%)] Loss: 39.29639 = L_Mnfld: 7.43124 + L_NonMnfld: 16.55991 + L_Nrml: 0.00000 + L_Eknl: 7.94751 + L_Div: 0.00000 + L_Morse: 7.35774
Epoch: 0 [1840/10000 (18%)] Unweighted L_s : L_Mnfld: 0.00106,  L_NonMnfld: 0.02760,  L_Nrml: 0.00000,  L_Eknl: 0.15895, L_Morse: 0.73577

Weights: [7000.0, 600.0, 0, 50.0, 0.0, 10.0], lr=5.000e-05
Epoch: 0 [1850/10000 (18%)] Loss: 42.15813 = L_Mnfld: 9.46353 + L_NonMnfld: 17.47718 + L_Nrml: 0.00000 + L_Eknl: 8.05168 + L_Div: 0.00000 + L_Morse: 7.16574
Epoch: 0 [1850/10000 (18%)] Unweighted L_s : L_Mnfld: 0.00135,  L_NonMnfld: 0.02913,  L_Nrml: 0.00000,  L_Eknl: 0.16103, L_Morse: 0.71657

Weights: [7000.0, 600.0, 0, 50.0, 0.0, 10.0], lr=5.000e-05
Epoch: 0 [1860/10000 (19%)] Loss: 40.33916 = L_Mnfld: 8.66989 + L_NonMnfld: 16.30571 + L_Nrml: 0.00000 + L_Eknl: 7.91931 + L_Div: 0.00000 + L_Morse: 7.44425
Epoch: 0 [1860/10000 (19%)] Unweighted L_s : L_Mnfld: 0.00124,  L_NonMnfld: 0.02718,  L_Nrml: 0.00000,  L_Eknl: 0.15839, L_Morse: 0.74443

Weights: [7000.0, 600.0, 0, 50.0, 0.0, 10.0], lr=5.000e-05
Epoch: 0 [1870/10000 (19%)] Loss: 41.82523 = L_Mnfld: 8.09647 + L_NonMnfld: 18.71434 + L_Nrml: 0.00000 + L_Eknl: 7.92474 + L_Div: 0.00000 + L_Morse: 7.08968
Epoch: 0 [1870/10000 (19%)] Unweighted L_s : L_Mnfld: 0.00116,  L_NonMnfld: 0.03119,  L_Nrml: 0.00000,  L_Eknl: 0.15849, L_Morse: 0.70897

Weights: [7000.0, 600.0, 0, 50.0, 0.0, 10.0], lr=5.000e-05
Epoch: 0 [1880/10000 (19%)] Loss: 39.97817 = L_Mnfld: 7.80564 + L_NonMnfld: 17.04371 + L_Nrml: 0.00000 + L_Eknl: 8.04797 + L_Div: 0.00000 + L_Morse: 7.08085
Epoch: 0 [1880/10000 (19%)] Unweighted L_s : L_Mnfld: 0.00112,  L_NonMnfld: 0.02841,  L_Nrml: 0.00000,  L_Eknl: 0.16096, L_Morse: 0.70809

Weights: [7000.0, 600.0, 0, 50.0, 0.0, 10.0], lr=5.000e-05
Epoch: 0 [1890/10000 (19%)] Loss: 41.97072 = L_Mnfld: 8.45948 + L_NonMnfld: 18.58363 + L_Nrml: 0.00000 + L_Eknl: 7.97561 + L_Div: 0.00000 + L_Morse: 6.95199
Epoch: 0 [1890/10000 (19%)] Unweighted L_s : L_Mnfld: 0.00121,  L_NonMnfld: 0.03097,  L_Nrml: 0.00000,  L_Eknl: 0.15951, L_Morse: 0.69520

Weights: [7000.0, 600.0, 0, 50.0, 0.0, 10.0], lr=5.000e-05
Epoch: 0 [1900/10000 (19%)] Loss: 43.72326 = L_Mnfld: 10.17511 + L_NonMnfld: 17.68107 + L_Nrml: 0.00000 + L_Eknl: 8.22953 + L_Div: 0.00000 + L_Morse: 7.63755
Epoch: 0 [1900/10000 (19%)] Unweighted L_s : L_Mnfld: 0.00145,  L_NonMnfld: 0.02947,  L_Nrml: 0.00000,  L_Eknl: 0.16459, L_Morse: 0.76375

Weights: [7000.0, 600.0, 0, 50.0, 0.0, 10.0], lr=5.000e-05
Epoch: 0 [1910/10000 (19%)] Loss: 42.82899 = L_Mnfld: 10.60292 + L_NonMnfld: 16.53622 + L_Nrml: 0.00000 + L_Eknl: 8.31391 + L_Div: 0.00000 + L_Morse: 7.37595
Epoch: 0 [1910/10000 (19%)] Unweighted L_s : L_Mnfld: 0.00151,  L_NonMnfld: 0.02756,  L_Nrml: 0.00000,  L_Eknl: 0.16628, L_Morse: 0.73759

Weights: [7000.0, 600.0, 0, 50.0, 0.0, 10.0], lr=5.000e-05
Epoch: 0 [1920/10000 (19%)] Loss: 42.45315 = L_Mnfld: 9.93879 + L_NonMnfld: 16.80042 + L_Nrml: 0.00000 + L_Eknl: 8.23260 + L_Div: 0.00000 + L_Morse: 7.48134
Epoch: 0 [1920/10000 (19%)] Unweighted L_s : L_Mnfld: 0.00142,  L_NonMnfld: 0.02800,  L_Nrml: 0.00000,  L_Eknl: 0.16465, L_Morse: 0.74813

Weights: [7000.0, 600.0, 0, 50.0, 0.0, 10.0], lr=5.000e-05
Epoch: 0 [1930/10000 (19%)] Loss: 43.18033 = L_Mnfld: 10.48425 + L_NonMnfld: 17.11672 + L_Nrml: 0.00000 + L_Eknl: 8.18871 + L_Div: 0.00000 + L_Morse: 7.39065
Epoch: 0 [1930/10000 (19%)] Unweighted L_s : L_Mnfld: 0.00150,  L_NonMnfld: 0.02853,  L_Nrml: 0.00000,  L_Eknl: 0.16377, L_Morse: 0.73907

Weights: [7000.0, 600.0, 0, 50.0, 0.0, 10.0], lr=5.000e-05
Epoch: 0 [1940/10000 (19%)] Loss: 45.17185 = L_Mnfld: 12.16400 + L_NonMnfld: 17.40421 + L_Nrml: 0.00000 + L_Eknl: 8.20309 + L_Div: 0.00000 + L_Morse: 7.40055
Epoch: 0 [1940/10000 (19%)] Unweighted L_s : L_Mnfld: 0.00174,  L_NonMnfld: 0.02901,  L_Nrml: 0.00000,  L_Eknl: 0.16406, L_Morse: 0.74005

Weights: [7000.0, 600.0, 0, 50.0, 0.0, 10.0], lr=5.000e-05
Epoch: 0 [1950/10000 (20%)] Loss: 46.25648 = L_Mnfld: 12.34320 + L_NonMnfld: 17.43672 + L_Nrml: 0.00000 + L_Eknl: 8.84068 + L_Div: 0.00000 + L_Morse: 7.63588
Epoch: 0 [1950/10000 (20%)] Unweighted L_s : L_Mnfld: 0.00176,  L_NonMnfld: 0.02906,  L_Nrml: 0.00000,  L_Eknl: 0.17681, L_Morse: 0.76359

Weights: [7000.0, 600.0, 0, 50.0, 0.0, 10.0], lr=5.000e-05
Epoch: 0 [1960/10000 (20%)] Loss: 46.02950 = L_Mnfld: 12.35900 + L_NonMnfld: 17.46305 + L_Nrml: 0.00000 + L_Eknl: 8.31918 + L_Div: 0.00000 + L_Morse: 7.88826
Epoch: 0 [1960/10000 (20%)] Unweighted L_s : L_Mnfld: 0.00177,  L_NonMnfld: 0.02911,  L_Nrml: 0.00000,  L_Eknl: 0.16638, L_Morse: 0.78883

Weights: [7000.0, 600.0, 0, 50.0, 0.0, 10.0], lr=5.000e-05
Epoch: 0 [1970/10000 (20%)] Loss: 44.59859 = L_Mnfld: 11.31291 + L_NonMnfld: 17.01498 + L_Nrml: 0.00000 + L_Eknl: 8.39097 + L_Div: 0.00000 + L_Morse: 7.87974
Epoch: 0 [1970/10000 (20%)] Unweighted L_s : L_Mnfld: 0.00162,  L_NonMnfld: 0.02836,  L_Nrml: 0.00000,  L_Eknl: 0.16782, L_Morse: 0.78797

Weights: [7000.0, 600.0, 0, 50.0, 0.0, 10.0], lr=5.000e-05
Epoch: 0 [1980/10000 (20%)] Loss: 44.45329 = L_Mnfld: 10.84734 + L_NonMnfld: 17.69834 + L_Nrml: 0.00000 + L_Eknl: 8.32895 + L_Div: 0.00000 + L_Morse: 7.57866
Epoch: 0 [1980/10000 (20%)] Unweighted L_s : L_Mnfld: 0.00155,  L_NonMnfld: 0.02950,  L_Nrml: 0.00000,  L_Eknl: 0.16658, L_Morse: 0.75787

Weights: [7000.0, 600.0, 0, 50.0, 0.0, 10.0], lr=5.000e-05
Epoch: 0 [1990/10000 (20%)] Loss: 42.38924 = L_Mnfld: 10.23773 + L_NonMnfld: 16.24184 + L_Nrml: 0.00000 + L_Eknl: 8.24496 + L_Div: 0.00000 + L_Morse: 7.66471
Epoch: 0 [1990/10000 (20%)] Unweighted L_s : L_Mnfld: 0.00146,  L_NonMnfld: 0.02707,  L_Nrml: 0.00000,  L_Eknl: 0.16490, L_Morse: 0.76647

Weights: [7000.0, 600.0, 0, 50.0, 0.0, 10.0], lr=5.000e-05
Epoch: 0 [2000/10000 (20%)] Loss: 41.19953 = L_Mnfld: 9.23960 + L_NonMnfld: 16.63286 + L_Nrml: 0.00000 + L_Eknl: 8.06453 + L_Div: 0.00000 + L_Morse: 7.26254
Epoch: 0 [2000/10000 (20%)] Unweighted L_s : L_Mnfld: 0.00132,  L_NonMnfld: 0.02772,  L_Nrml: 0.00000,  L_Eknl: 0.16129, L_Morse: 0.72625

Weights: [7000.0, 600.0, 0, 50.0, 0.0, 9.9703], lr=5.000e-05
Epoch: 0 [2010/10000 (20%)] Loss: 41.13350 = L_Mnfld: 8.59449 + L_NonMnfld: 17.36793 + L_Nrml: 0.00000 + L_Eknl: 7.97479 + L_Div: 0.00000 + L_Morse: 7.19629
Epoch: 0 [2010/10000 (20%)] Unweighted L_s : L_Mnfld: 0.00123,  L_NonMnfld: 0.02895,  L_Nrml: 0.00000,  L_Eknl: 0.15950, L_Morse: 0.72177

Weights: [7000.0, 600.0, 0, 50.0, 0.0, 9.9373], lr=5.000e-05
Epoch: 0 [2020/10000 (20%)] Loss: 45.96051 = L_Mnfld: 11.91332 + L_NonMnfld: 18.93069 + L_Nrml: 0.00000 + L_Eknl: 8.12325 + L_Div: 0.00000 + L_Morse: 6.99326
Epoch: 0 [2020/10000 (20%)] Unweighted L_s : L_Mnfld: 0.00170,  L_NonMnfld: 0.03155,  L_Nrml: 0.00000,  L_Eknl: 0.16246, L_Morse: 0.70374

Weights: [7000.0, 600.0, 0, 50.0, 0.0, 9.904300000000001], lr=5.000e-05
Epoch: 0 [2030/10000 (20%)] Loss: 44.18101 = L_Mnfld: 11.04935 + L_NonMnfld: 17.89000 + L_Nrml: 0.00000 + L_Eknl: 8.05514 + L_Div: 0.00000 + L_Morse: 7.18651
Epoch: 0 [2030/10000 (20%)] Unweighted L_s : L_Mnfld: 0.00158,  L_NonMnfld: 0.02982,  L_Nrml: 0.00000,  L_Eknl: 0.16110, L_Morse: 0.72560

Weights: [7000.0, 600.0, 0, 50.0, 0.0, 9.8713], lr=5.000e-05
Epoch: 0 [2040/10000 (20%)] Loss: 42.78257 = L_Mnfld: 10.81989 + L_NonMnfld: 16.64194 + L_Nrml: 0.00000 + L_Eknl: 7.99385 + L_Div: 0.00000 + L_Morse: 7.32690
Epoch: 0 [2040/10000 (20%)] Unweighted L_s : L_Mnfld: 0.00155,  L_NonMnfld: 0.02774,  L_Nrml: 0.00000,  L_Eknl: 0.15988, L_Morse: 0.74224

Weights: [7000.0, 600.0, 0, 50.0, 0.0, 9.8383], lr=5.000e-05
Epoch: 0 [2050/10000 (20%)] Loss: 46.54882 = L_Mnfld: 14.49048 + L_NonMnfld: 16.18519 + L_Nrml: 0.00000 + L_Eknl: 8.29585 + L_Div: 0.00000 + L_Morse: 7.57729
Epoch: 0 [2050/10000 (20%)] Unweighted L_s : L_Mnfld: 0.00207,  L_NonMnfld: 0.02698,  L_Nrml: 0.00000,  L_Eknl: 0.16592, L_Morse: 0.77018

Weights: [7000.0, 600.0, 0, 50.0, 0.0, 9.8053], lr=5.000e-05
Epoch: 0 [2060/10000 (21%)] Loss: 58.28995 = L_Mnfld: 23.10001 + L_NonMnfld: 17.20342 + L_Nrml: 0.00000 + L_Eknl: 9.34351 + L_Div: 0.00000 + L_Morse: 8.64301
Epoch: 0 [2060/10000 (21%)] Unweighted L_s : L_Mnfld: 0.00330,  L_NonMnfld: 0.02867,  L_Nrml: 0.00000,  L_Eknl: 0.18687, L_Morse: 0.88146

Weights: [7000.0, 600.0, 0, 50.0, 0.0, 9.7723], lr=5.000e-05
Epoch: 0 [2070/10000 (21%)] Loss: 58.81262 = L_Mnfld: 21.71976 + L_NonMnfld: 17.61034 + L_Nrml: 0.00000 + L_Eknl: 9.99750 + L_Div: 0.00000 + L_Morse: 9.48501
Epoch: 0 [2070/10000 (21%)] Unweighted L_s : L_Mnfld: 0.00310,  L_NonMnfld: 0.02935,  L_Nrml: 0.00000,  L_Eknl: 0.19995, L_Morse: 0.97060

Weights: [7000.0, 600.0, 0, 50.0, 0.0, 9.7393], lr=5.000e-05
Epoch: 0 [2080/10000 (21%)] Loss: 66.27846 = L_Mnfld: 26.02128 + L_NonMnfld: 18.38559 + L_Nrml: 0.00000 + L_Eknl: 10.93184 + L_Div: 0.00000 + L_Morse: 10.93974
Epoch: 0 [2080/10000 (21%)] Unweighted L_s : L_Mnfld: 0.00372,  L_NonMnfld: 0.03064,  L_Nrml: 0.00000,  L_Eknl: 0.21864, L_Morse: 1.12326

Weights: [7000.0, 600.0, 0, 50.0, 0.0, 9.7063], lr=5.000e-05
Epoch: 0 [2090/10000 (21%)] Loss: 60.17106 = L_Mnfld: 22.73400 + L_NonMnfld: 17.29016 + L_Nrml: 0.00000 + L_Eknl: 10.29728 + L_Div: 0.00000 + L_Morse: 9.84963
Epoch: 0 [2090/10000 (21%)] Unweighted L_s : L_Mnfld: 0.00325,  L_NonMnfld: 0.02882,  L_Nrml: 0.00000,  L_Eknl: 0.20595, L_Morse: 1.01477

Weights: [7000.0, 600.0, 0, 50.0, 0.0, 9.673300000000001], lr=5.000e-05
Epoch: 0 [2100/10000 (21%)] Loss: 61.28564 = L_Mnfld: 23.30227 + L_NonMnfld: 17.94739 + L_Nrml: 0.00000 + L_Eknl: 10.42966 + L_Div: 0.00000 + L_Morse: 9.60631
Epoch: 0 [2100/10000 (21%)] Unweighted L_s : L_Mnfld: 0.00333,  L_NonMnfld: 0.02991,  L_Nrml: 0.00000,  L_Eknl: 0.20859, L_Morse: 0.99307

Weights: [7000.0, 600.0, 0, 50.0, 0.0, 9.6403], lr=5.000e-05
Epoch: 0 [2110/10000 (21%)] Loss: 57.01603 = L_Mnfld: 18.54943 + L_NonMnfld: 18.07182 + L_Nrml: 0.00000 + L_Eknl: 10.71496 + L_Div: 0.00000 + L_Morse: 9.67982
Epoch: 0 [2110/10000 (21%)] Unweighted L_s : L_Mnfld: 0.00265,  L_NonMnfld: 0.03012,  L_Nrml: 0.00000,  L_Eknl: 0.21430, L_Morse: 1.00410

Weights: [7000.0, 600.0, 0, 50.0, 0.0, 9.6073], lr=5.000e-05
Epoch: 0 [2120/10000 (21%)] Loss: 51.28078 = L_Mnfld: 14.83671 + L_NonMnfld: 18.01760 + L_Nrml: 0.00000 + L_Eknl: 9.72782 + L_Div: 0.00000 + L_Morse: 8.69864
Epoch: 0 [2120/10000 (21%)] Unweighted L_s : L_Mnfld: 0.00212,  L_NonMnfld: 0.03003,  L_Nrml: 0.00000,  L_Eknl: 0.19456, L_Morse: 0.90542

Weights: [7000.0, 600.0, 0, 50.0, 0.0, 9.574300000000001], lr=5.000e-05
Epoch: 0 [2130/10000 (21%)] Loss: 55.12842 = L_Mnfld: 20.07018 + L_NonMnfld: 17.66087 + L_Nrml: 0.00000 + L_Eknl: 9.67260 + L_Div: 0.00000 + L_Morse: 7.72477
Epoch: 0 [2130/10000 (21%)] Unweighted L_s : L_Mnfld: 0.00287,  L_NonMnfld: 0.02943,  L_Nrml: 0.00000,  L_Eknl: 0.19345, L_Morse: 0.80682

Weights: [7000.0, 600.0, 0, 50.0, 0.0, 9.5413], lr=5.000e-05
Epoch: 0 [2140/10000 (21%)] Loss: 47.81119 = L_Mnfld: 14.01268 + L_NonMnfld: 17.15246 + L_Nrml: 0.00000 + L_Eknl: 9.37453 + L_Div: 0.00000 + L_Morse: 7.27152
Epoch: 0 [2140/10000 (21%)] Unweighted L_s : L_Mnfld: 0.00200,  L_NonMnfld: 0.02859,  L_Nrml: 0.00000,  L_Eknl: 0.18749, L_Morse: 0.76211

Weights: [7000.0, 600.0, 0, 50.0, 0.0, 9.5083], lr=5.000e-05
Epoch: 0 [2150/10000 (22%)] Loss: 42.30587 = L_Mnfld: 10.67025 + L_NonMnfld: 15.85502 + L_Nrml: 0.00000 + L_Eknl: 8.81144 + L_Div: 0.00000 + L_Morse: 6.96916
Epoch: 0 [2150/10000 (22%)] Unweighted L_s : L_Mnfld: 0.00152,  L_NonMnfld: 0.02643,  L_Nrml: 0.00000,  L_Eknl: 0.17623, L_Morse: 0.73296

Weights: [7000.0, 600.0, 0, 50.0, 0.0, 9.4753], lr=5.000e-05
Epoch: 0 [2160/10000 (22%)] Loss: 41.87681 = L_Mnfld: 8.93497 + L_NonMnfld: 17.47916 + L_Nrml: 0.00000 + L_Eknl: 8.73034 + L_Div: 0.00000 + L_Morse: 6.73234
Epoch: 0 [2160/10000 (22%)] Unweighted L_s : L_Mnfld: 0.00128,  L_NonMnfld: 0.02913,  L_Nrml: 0.00000,  L_Eknl: 0.17461, L_Morse: 0.71052

Weights: [7000.0, 600.0, 0, 50.0, 0.0, 9.4423], lr=5.000e-05
Epoch: 0 [2170/10000 (22%)] Loss: 42.52869 = L_Mnfld: 9.33733 + L_NonMnfld: 18.16105 + L_Nrml: 0.00000 + L_Eknl: 8.53320 + L_Div: 0.00000 + L_Morse: 6.49711
Epoch: 0 [2170/10000 (22%)] Unweighted L_s : L_Mnfld: 0.00133,  L_NonMnfld: 0.03027,  L_Nrml: 0.00000,  L_Eknl: 0.17066, L_Morse: 0.68809

Weights: [7000.0, 600.0, 0, 50.0, 0.0, 9.4093], lr=5.000e-05
Epoch: 0 [2180/10000 (22%)] Loss: 40.66425 = L_Mnfld: 8.28661 + L_NonMnfld: 17.30808 + L_Nrml: 0.00000 + L_Eknl: 8.36909 + L_Div: 0.00000 + L_Morse: 6.70046
Epoch: 0 [2180/10000 (22%)] Unweighted L_s : L_Mnfld: 0.00118,  L_NonMnfld: 0.02885,  L_Nrml: 0.00000,  L_Eknl: 0.16738, L_Morse: 0.71211

Weights: [7000.0, 600.0, 0, 50.0, 0.0, 9.3763], lr=5.000e-05
Epoch: 0 [2190/10000 (22%)] Loss: 38.97924 = L_Mnfld: 7.88358 + L_NonMnfld: 16.47180 + L_Nrml: 0.00000 + L_Eknl: 8.17942 + L_Div: 0.00000 + L_Morse: 6.44444
Epoch: 0 [2190/10000 (22%)] Unweighted L_s : L_Mnfld: 0.00113,  L_NonMnfld: 0.02745,  L_Nrml: 0.00000,  L_Eknl: 0.16359, L_Morse: 0.68731

Weights: [7000.0, 600.0, 0, 50.0, 0.0, 9.3433], lr=5.000e-05
Epoch: 0 [2200/10000 (22%)] Loss: 40.42623 = L_Mnfld: 8.22729 + L_NonMnfld: 17.35464 + L_Nrml: 0.00000 + L_Eknl: 8.32708 + L_Div: 0.00000 + L_Morse: 6.51722
Epoch: 0 [2200/10000 (22%)] Unweighted L_s : L_Mnfld: 0.00118,  L_NonMnfld: 0.02892,  L_Nrml: 0.00000,  L_Eknl: 0.16654, L_Morse: 0.69753

Weights: [7000.0, 600.0, 0, 50.0, 0.0, 9.3103], lr=5.000e-05
Epoch: 0 [2210/10000 (22%)] Loss: 38.99799 = L_Mnfld: 7.74757 + L_NonMnfld: 16.55456 + L_Nrml: 0.00000 + L_Eknl: 8.12595 + L_Div: 0.00000 + L_Morse: 6.56990
Epoch: 0 [2210/10000 (22%)] Unweighted L_s : L_Mnfld: 0.00111,  L_NonMnfld: 0.02759,  L_Nrml: 0.00000,  L_Eknl: 0.16252, L_Morse: 0.70566

Weights: [7000.0, 600.0, 0, 50.0, 0.0, 9.2773], lr=5.000e-05
Epoch: 0 [2220/10000 (22%)] Loss: 37.39919 = L_Mnfld: 6.67927 + L_NonMnfld: 16.43777 + L_Nrml: 0.00000 + L_Eknl: 8.13644 + L_Div: 0.00000 + L_Morse: 6.14570
Epoch: 0 [2220/10000 (22%)] Unweighted L_s : L_Mnfld: 0.00095,  L_NonMnfld: 0.02740,  L_Nrml: 0.00000,  L_Eknl: 0.16273, L_Morse: 0.66244

Weights: [7000.0, 600.0, 0, 50.0, 0.0, 9.2443], lr=5.000e-05
Epoch: 0 [2230/10000 (22%)] Loss: 38.73878 = L_Mnfld: 7.41181 + L_NonMnfld: 16.99204 + L_Nrml: 0.00000 + L_Eknl: 8.20261 + L_Div: 0.00000 + L_Morse: 6.13231
Epoch: 0 [2230/10000 (22%)] Unweighted L_s : L_Mnfld: 0.00106,  L_NonMnfld: 0.02832,  L_Nrml: 0.00000,  L_Eknl: 0.16405, L_Morse: 0.66336

Weights: [7000.0, 600.0, 0, 50.0, 0.0, 9.211300000000001], lr=5.000e-05
Epoch: 0 [2240/10000 (22%)] Loss: 39.45100 = L_Mnfld: 6.56412 + L_NonMnfld: 18.40750 + L_Nrml: 0.00000 + L_Eknl: 8.07283 + L_Div: 0.00000 + L_Morse: 6.40655
Epoch: 0 [2240/10000 (22%)] Unweighted L_s : L_Mnfld: 0.00094,  L_NonMnfld: 0.03068,  L_Nrml: 0.00000,  L_Eknl: 0.16146, L_Morse: 0.69551

Weights: [7000.0, 600.0, 0, 50.0, 0.0, 9.1783], lr=5.000e-05
Epoch: 0 [2250/10000 (22%)] Loss: 38.80277 = L_Mnfld: 7.87218 + L_NonMnfld: 16.62730 + L_Nrml: 0.00000 + L_Eknl: 8.03394 + L_Div: 0.00000 + L_Morse: 6.26935
Epoch: 0 [2250/10000 (22%)] Unweighted L_s : L_Mnfld: 0.00112,  L_NonMnfld: 0.02771,  L_Nrml: 0.00000,  L_Eknl: 0.16068, L_Morse: 0.68306

Weights: [7000.0, 600.0, 0, 50.0, 0.0, 9.1453], lr=5.000e-05
Epoch: 0 [2260/10000 (23%)] Loss: 37.25692 = L_Mnfld: 7.10575 + L_NonMnfld: 15.89088 + L_Nrml: 0.00000 + L_Eknl: 7.95634 + L_Div: 0.00000 + L_Morse: 6.30395
Epoch: 0 [2260/10000 (23%)] Unweighted L_s : L_Mnfld: 0.00102,  L_NonMnfld: 0.02648,  L_Nrml: 0.00000,  L_Eknl: 0.15913, L_Morse: 0.68931

Weights: [7000.0, 600.0, 0, 50.0, 0.0, 9.112300000000001], lr=5.000e-05
Epoch: 0 [2270/10000 (23%)] Loss: 38.14413 = L_Mnfld: 7.14967 + L_NonMnfld: 16.93993 + L_Nrml: 0.00000 + L_Eknl: 7.94056 + L_Div: 0.00000 + L_Morse: 6.11397
Epoch: 0 [2270/10000 (23%)] Unweighted L_s : L_Mnfld: 0.00102,  L_NonMnfld: 0.02823,  L_Nrml: 0.00000,  L_Eknl: 0.15881, L_Morse: 0.67096

Weights: [7000.0, 600.0, 0, 50.0, 0.0, 9.0793], lr=5.000e-05
Epoch: 0 [2280/10000 (23%)] Loss: 37.17899 = L_Mnfld: 7.29225 + L_NonMnfld: 15.74298 + L_Nrml: 0.00000 + L_Eknl: 7.81726 + L_Div: 0.00000 + L_Morse: 6.32650
Epoch: 0 [2280/10000 (23%)] Unweighted L_s : L_Mnfld: 0.00104,  L_NonMnfld: 0.02624,  L_Nrml: 0.00000,  L_Eknl: 0.15635, L_Morse: 0.69680

Weights: [7000.0, 600.0, 0, 50.0, 0.0, 9.0463], lr=5.000e-05
Epoch: 0 [2290/10000 (23%)] Loss: 42.11554 = L_Mnfld: 12.21418 + L_NonMnfld: 15.11215 + L_Nrml: 0.00000 + L_Eknl: 8.26801 + L_Div: 0.00000 + L_Morse: 6.52121
Epoch: 0 [2290/10000 (23%)] Unweighted L_s : L_Mnfld: 0.00174,  L_NonMnfld: 0.02519,  L_Nrml: 0.00000,  L_Eknl: 0.16536, L_Morse: 0.72087

Weights: [7000.0, 600.0, 0, 50.0, 0.0, 9.013300000000001], lr=5.000e-05
Epoch: 0 [2300/10000 (23%)] Loss: 40.67088 = L_Mnfld: 9.00790 + L_NonMnfld: 16.76205 + L_Nrml: 0.00000 + L_Eknl: 8.13878 + L_Div: 0.00000 + L_Morse: 6.76215
Epoch: 0 [2300/10000 (23%)] Unweighted L_s : L_Mnfld: 0.00129,  L_NonMnfld: 0.02794,  L_Nrml: 0.00000,  L_Eknl: 0.16278, L_Morse: 0.75024

Weights: [7000.0, 600.0, 0, 50.0, 0.0, 8.9803], lr=5.000e-05
Epoch: 0 [2310/10000 (23%)] Loss: 39.61350 = L_Mnfld: 9.11993 + L_NonMnfld: 15.72748 + L_Nrml: 0.00000 + L_Eknl: 7.98002 + L_Div: 0.00000 + L_Morse: 6.78607
Epoch: 0 [2310/10000 (23%)] Unweighted L_s : L_Mnfld: 0.00130,  L_NonMnfld: 0.02621,  L_Nrml: 0.00000,  L_Eknl: 0.15960, L_Morse: 0.75566

Weights: [7000.0, 600.0, 0, 50.0, 0.0, 8.9473], lr=5.000e-05
Epoch: 0 [2320/10000 (23%)] Loss: 39.06561 = L_Mnfld: 8.58986 + L_NonMnfld: 16.23675 + L_Nrml: 0.00000 + L_Eknl: 7.94746 + L_Div: 0.00000 + L_Morse: 6.29154
Epoch: 0 [2320/10000 (23%)] Unweighted L_s : L_Mnfld: 0.00123,  L_NonMnfld: 0.02706,  L_Nrml: 0.00000,  L_Eknl: 0.15895, L_Morse: 0.70318

Weights: [7000.0, 600.0, 0, 50.0, 0.0, 8.9143], lr=5.000e-05
Epoch: 0 [2330/10000 (23%)] Loss: 38.26262 = L_Mnfld: 7.75231 + L_NonMnfld: 16.11669 + L_Nrml: 0.00000 + L_Eknl: 8.03683 + L_Div: 0.00000 + L_Morse: 6.35680
Epoch: 0 [2330/10000 (23%)] Unweighted L_s : L_Mnfld: 0.00111,  L_NonMnfld: 0.02686,  L_Nrml: 0.00000,  L_Eknl: 0.16074, L_Morse: 0.71310

Weights: [7000.0, 600.0, 0, 50.0, 0.0, 8.8813], lr=5.000e-05
Epoch: 0 [2340/10000 (23%)] Loss: 38.19076 = L_Mnfld: 6.92910 + L_NonMnfld: 17.49140 + L_Nrml: 0.00000 + L_Eknl: 7.66979 + L_Div: 0.00000 + L_Morse: 6.10046
Epoch: 0 [2340/10000 (23%)] Unweighted L_s : L_Mnfld: 0.00099,  L_NonMnfld: 0.02915,  L_Nrml: 0.00000,  L_Eknl: 0.15340, L_Morse: 0.68689

Weights: [7000.0, 600.0, 0, 50.0, 0.0, 8.8483], lr=5.000e-05
Epoch: 0 [2350/10000 (24%)] Loss: 36.50598 = L_Mnfld: 6.64536 + L_NonMnfld: 15.41566 + L_Nrml: 0.00000 + L_Eknl: 7.93467 + L_Div: 0.00000 + L_Morse: 6.51029
Epoch: 0 [2350/10000 (24%)] Unweighted L_s : L_Mnfld: 0.00095,  L_NonMnfld: 0.02569,  L_Nrml: 0.00000,  L_Eknl: 0.15869, L_Morse: 0.73577

Weights: [7000.0, 600.0, 0, 50.0, 0.0, 8.8153], lr=5.000e-05
Epoch: 0 [2360/10000 (24%)] Loss: 37.20029 = L_Mnfld: 7.29312 + L_NonMnfld: 16.12875 + L_Nrml: 0.00000 + L_Eknl: 7.57930 + L_Div: 0.00000 + L_Morse: 6.19912
Epoch: 0 [2360/10000 (24%)] Unweighted L_s : L_Mnfld: 0.00104,  L_NonMnfld: 0.02688,  L_Nrml: 0.00000,  L_Eknl: 0.15159, L_Morse: 0.70322

Weights: [7000.0, 600.0, 0, 50.0, 0.0, 8.7823], lr=5.000e-05
Epoch: 0 [2370/10000 (24%)] Loss: 36.58412 = L_Mnfld: 6.98610 + L_NonMnfld: 15.88638 + L_Nrml: 0.00000 + L_Eknl: 7.64247 + L_Div: 0.00000 + L_Morse: 6.06917
Epoch: 0 [2370/10000 (24%)] Unweighted L_s : L_Mnfld: 0.00100,  L_NonMnfld: 0.02648,  L_Nrml: 0.00000,  L_Eknl: 0.15285, L_Morse: 0.69107

Weights: [7000.0, 600.0, 0, 50.0, 0.0, 8.7493], lr=5.000e-05
Epoch: 0 [2380/10000 (24%)] Loss: 36.10938 = L_Mnfld: 6.12921 + L_NonMnfld: 16.45714 + L_Nrml: 0.00000 + L_Eknl: 7.65672 + L_Div: 0.00000 + L_Morse: 5.86632
Epoch: 0 [2380/10000 (24%)] Unweighted L_s : L_Mnfld: 0.00088,  L_NonMnfld: 0.02743,  L_Nrml: 0.00000,  L_Eknl: 0.15313, L_Morse: 0.67049

Weights: [7000.0, 600.0, 0, 50.0, 0.0, 8.7163], lr=5.000e-05
Epoch: 0 [2390/10000 (24%)] Loss: 36.93075 = L_Mnfld: 6.87592 + L_NonMnfld: 16.58745 + L_Nrml: 0.00000 + L_Eknl: 7.56388 + L_Div: 0.00000 + L_Morse: 5.90350
Epoch: 0 [2390/10000 (24%)] Unweighted L_s : L_Mnfld: 0.00098,  L_NonMnfld: 0.02765,  L_Nrml: 0.00000,  L_Eknl: 0.15128, L_Morse: 0.67729

Weights: [7000.0, 600.0, 0, 50.0, 0.0, 8.683300000000001], lr=5.000e-05
Epoch: 0 [2400/10000 (24%)] Loss: 34.48823 = L_Mnfld: 6.22395 + L_NonMnfld: 14.75843 + L_Nrml: 0.00000 + L_Eknl: 7.59678 + L_Div: 0.00000 + L_Morse: 5.90908
Epoch: 0 [2400/10000 (24%)] Unweighted L_s : L_Mnfld: 0.00089,  L_NonMnfld: 0.02460,  L_Nrml: 0.00000,  L_Eknl: 0.15194, L_Morse: 0.68051

Weights: [7000.0, 600.0, 0, 50.0, 0.0, 8.6503], lr=5.000e-05
Epoch: 0 [2410/10000 (24%)] Loss: 36.23465 = L_Mnfld: 7.10950 + L_NonMnfld: 15.58681 + L_Nrml: 0.00000 + L_Eknl: 7.50696 + L_Div: 0.00000 + L_Morse: 6.03138
Epoch: 0 [2410/10000 (24%)] Unweighted L_s : L_Mnfld: 0.00102,  L_NonMnfld: 0.02598,  L_Nrml: 0.00000,  L_Eknl: 0.15014, L_Morse: 0.69724

Weights: [7000.0, 600.0, 0, 50.0, 0.0, 8.6173], lr=5.000e-05
Epoch: 0 [2420/10000 (24%)] Loss: 36.45614 = L_Mnfld: 6.80579 + L_NonMnfld: 16.42137 + L_Nrml: 0.00000 + L_Eknl: 7.47616 + L_Div: 0.00000 + L_Morse: 5.75282
Epoch: 0 [2420/10000 (24%)] Unweighted L_s : L_Mnfld: 0.00097,  L_NonMnfld: 0.02737,  L_Nrml: 0.00000,  L_Eknl: 0.14952, L_Morse: 0.66759

Weights: [7000.0, 600.0, 0, 50.0, 0.0, 8.5843], lr=5.000e-05
Epoch: 0 [2430/10000 (24%)] Loss: 34.98621 = L_Mnfld: 6.92300 + L_NonMnfld: 14.52816 + L_Nrml: 0.00000 + L_Eknl: 7.49881 + L_Div: 0.00000 + L_Morse: 6.03624
Epoch: 0 [2430/10000 (24%)] Unweighted L_s : L_Mnfld: 0.00099,  L_NonMnfld: 0.02421,  L_Nrml: 0.00000,  L_Eknl: 0.14998, L_Morse: 0.70317

Weights: [7000.0, 600.0, 0, 50.0, 0.0, 8.5513], lr=5.000e-05
Epoch: 0 [2440/10000 (24%)] Loss: 35.51888 = L_Mnfld: 6.67425 + L_NonMnfld: 15.12189 + L_Nrml: 0.00000 + L_Eknl: 7.54901 + L_Div: 0.00000 + L_Morse: 6.17373
Epoch: 0 [2440/10000 (24%)] Unweighted L_s : L_Mnfld: 0.00095,  L_NonMnfld: 0.02520,  L_Nrml: 0.00000,  L_Eknl: 0.15098, L_Morse: 0.72196

Weights: [7000.0, 600.0, 0, 50.0, 0.0, 8.5183], lr=5.000e-05
Epoch: 0 [2450/10000 (24%)] Loss: 36.08921 = L_Mnfld: 7.29634 + L_NonMnfld: 15.07467 + L_Nrml: 0.00000 + L_Eknl: 7.66527 + L_Div: 0.00000 + L_Morse: 6.05293
Epoch: 0 [2450/10000 (24%)] Unweighted L_s : L_Mnfld: 0.00104,  L_NonMnfld: 0.02512,  L_Nrml: 0.00000,  L_Eknl: 0.15331, L_Morse: 0.71058

Weights: [7000.0, 600.0, 0, 50.0, 0.0, 8.4853], lr=5.000e-05
Epoch: 0 [2460/10000 (25%)] Loss: 35.05894 = L_Mnfld: 6.61921 + L_NonMnfld: 15.09636 + L_Nrml: 0.00000 + L_Eknl: 7.51970 + L_Div: 0.00000 + L_Morse: 5.82367
Epoch: 0 [2460/10000 (25%)] Unweighted L_s : L_Mnfld: 0.00095,  L_NonMnfld: 0.02516,  L_Nrml: 0.00000,  L_Eknl: 0.15039, L_Morse: 0.68632

Weights: [7000.0, 600.0, 0, 50.0, 0.0, 8.4523], lr=5.000e-05
Epoch: 0 [2470/10000 (25%)] Loss: 37.15675 = L_Mnfld: 7.39970 + L_NonMnfld: 16.15863 + L_Nrml: 0.00000 + L_Eknl: 7.38211 + L_Div: 0.00000 + L_Morse: 6.21632
Epoch: 0 [2470/10000 (25%)] Unweighted L_s : L_Mnfld: 0.00106,  L_NonMnfld: 0.02693,  L_Nrml: 0.00000,  L_Eknl: 0.14764, L_Morse: 0.73546

Weights: [7000.0, 600.0, 0, 50.0, 0.0, 8.4193], lr=5.000e-05
Epoch: 0 [2480/10000 (25%)] Loss: 36.78119 = L_Mnfld: 6.47673 + L_NonMnfld: 16.93207 + L_Nrml: 0.00000 + L_Eknl: 7.34387 + L_Div: 0.00000 + L_Morse: 6.02852
Epoch: 0 [2480/10000 (25%)] Unweighted L_s : L_Mnfld: 0.00093,  L_NonMnfld: 0.02822,  L_Nrml: 0.00000,  L_Eknl: 0.14688, L_Morse: 0.71604

Weights: [7000.0, 600.0, 0, 50.0, 0.0, 8.3863], lr=5.000e-05
Epoch: 0 [2490/10000 (25%)] Loss: 35.45434 = L_Mnfld: 6.55768 + L_NonMnfld: 15.63861 + L_Nrml: 0.00000 + L_Eknl: 7.43228 + L_Div: 0.00000 + L_Morse: 5.82577
Epoch: 0 [2490/10000 (25%)] Unweighted L_s : L_Mnfld: 0.00094,  L_NonMnfld: 0.02606,  L_Nrml: 0.00000,  L_Eknl: 0.14865, L_Morse: 0.69468

Weights: [7000.0, 600.0, 0, 50.0, 0.0, 8.3533], lr=5.000e-05
Epoch: 0 [2500/10000 (25%)] Loss: 35.73606 = L_Mnfld: 6.72348 + L_NonMnfld: 15.59584 + L_Nrml: 0.00000 + L_Eknl: 7.26860 + L_Div: 0.00000 + L_Morse: 6.14813
Epoch: 0 [2500/10000 (25%)] Unweighted L_s : L_Mnfld: 0.00096,  L_NonMnfld: 0.02599,  L_Nrml: 0.00000,  L_Eknl: 0.14537, L_Morse: 0.73601

Weights: [7000.0, 600.0, 0, 50.0, 0.0, 8.3203], lr=5.000e-05
Epoch: 0 [2510/10000 (25%)] Loss: 38.82418 = L_Mnfld: 8.17419 + L_NonMnfld: 17.53343 + L_Nrml: 0.00000 + L_Eknl: 7.44240 + L_Div: 0.00000 + L_Morse: 5.67415
Epoch: 0 [2510/10000 (25%)] Unweighted L_s : L_Mnfld: 0.00117,  L_NonMnfld: 0.02922,  L_Nrml: 0.00000,  L_Eknl: 0.14885, L_Morse: 0.68196

Weights: [7000.0, 600.0, 0, 50.0, 0.0, 8.2873], lr=5.000e-05
Epoch: 0 [2520/10000 (25%)] Loss: 37.34132 = L_Mnfld: 8.23952 + L_NonMnfld: 15.92383 + L_Nrml: 0.00000 + L_Eknl: 7.50203 + L_Div: 0.00000 + L_Morse: 5.67595
Epoch: 0 [2520/10000 (25%)] Unweighted L_s : L_Mnfld: 0.00118,  L_NonMnfld: 0.02654,  L_Nrml: 0.00000,  L_Eknl: 0.15004, L_Morse: 0.68490

Weights: [7000.0, 600.0, 0, 50.0, 0.0, 8.2543], lr=5.000e-05
Epoch: 0 [2530/10000 (25%)] Loss: 35.69165 = L_Mnfld: 6.73275 + L_NonMnfld: 15.75973 + L_Nrml: 0.00000 + L_Eknl: 7.34534 + L_Div: 0.00000 + L_Morse: 5.85383
Epoch: 0 [2530/10000 (25%)] Unweighted L_s : L_Mnfld: 0.00096,  L_NonMnfld: 0.02627,  L_Nrml: 0.00000,  L_Eknl: 0.14691, L_Morse: 0.70919

Weights: [7000.0, 600.0, 0, 50.0, 0.0, 8.2213], lr=5.000e-05
Epoch: 0 [2540/10000 (25%)] Loss: 35.47946 = L_Mnfld: 6.98024 + L_NonMnfld: 15.82370 + L_Nrml: 0.00000 + L_Eknl: 7.28618 + L_Div: 0.00000 + L_Morse: 5.38934
Epoch: 0 [2540/10000 (25%)] Unweighted L_s : L_Mnfld: 0.00100,  L_NonMnfld: 0.02637,  L_Nrml: 0.00000,  L_Eknl: 0.14572, L_Morse: 0.65553

Weights: [7000.0, 600.0, 0, 50.0, 0.0, 8.1883], lr=5.000e-05
Epoch: 0 [2550/10000 (26%)] Loss: 38.25380 = L_Mnfld: 7.39018 + L_NonMnfld: 17.37801 + L_Nrml: 0.00000 + L_Eknl: 7.41272 + L_Div: 0.00000 + L_Morse: 6.07290
Epoch: 0 [2550/10000 (26%)] Unweighted L_s : L_Mnfld: 0.00106,  L_NonMnfld: 0.02896,  L_Nrml: 0.00000,  L_Eknl: 0.14825, L_Morse: 0.74166

Weights: [7000.0, 600.0, 0, 50.0, 0.0, 8.1553], lr=5.000e-05
Epoch: 0 [2560/10000 (26%)] Loss: 38.42950 = L_Mnfld: 8.48471 + L_NonMnfld: 16.16484 + L_Nrml: 0.00000 + L_Eknl: 7.61613 + L_Div: 0.00000 + L_Morse: 6.16382
Epoch: 0 [2560/10000 (26%)] Unweighted L_s : L_Mnfld: 0.00121,  L_NonMnfld: 0.02694,  L_Nrml: 0.00000,  L_Eknl: 0.15232, L_Morse: 0.75581

Weights: [7000.0, 600.0, 0, 50.0, 0.0, 8.1223], lr=5.000e-05
Epoch: 0 [2570/10000 (26%)] Loss: 38.38541 = L_Mnfld: 8.08290 + L_NonMnfld: 16.86294 + L_Nrml: 0.00000 + L_Eknl: 7.53608 + L_Div: 0.00000 + L_Morse: 5.90348
Epoch: 0 [2570/10000 (26%)] Unweighted L_s : L_Mnfld: 0.00115,  L_NonMnfld: 0.02810,  L_Nrml: 0.00000,  L_Eknl: 0.15072, L_Morse: 0.72682

Weights: [7000.0, 600.0, 0, 50.0, 0.0, 8.0893], lr=5.000e-05
Epoch: 0 [2580/10000 (26%)] Loss: 40.36287 = L_Mnfld: 9.81679 + L_NonMnfld: 16.99946 + L_Nrml: 0.00000 + L_Eknl: 7.65798 + L_Div: 0.00000 + L_Morse: 5.88865
Epoch: 0 [2580/10000 (26%)] Unweighted L_s : L_Mnfld: 0.00140,  L_NonMnfld: 0.02833,  L_Nrml: 0.00000,  L_Eknl: 0.15316, L_Morse: 0.72795

Weights: [7000.0, 600.0, 0, 50.0, 0.0, 8.0563], lr=5.000e-05
Epoch: 0 [2590/10000 (26%)] Loss: 38.88804 = L_Mnfld: 9.22419 + L_NonMnfld: 15.65826 + L_Nrml: 0.00000 + L_Eknl: 7.88019 + L_Div: 0.00000 + L_Morse: 6.12540
Epoch: 0 [2590/10000 (26%)] Unweighted L_s : L_Mnfld: 0.00132,  L_NonMnfld: 0.02610,  L_Nrml: 0.00000,  L_Eknl: 0.15760, L_Morse: 0.76032

Weights: [7000.0, 600.0, 0, 50.0, 0.0, 8.023299999999999], lr=5.000e-05
Epoch: 0 [2600/10000 (26%)] Loss: 37.65025 = L_Mnfld: 7.58634 + L_NonMnfld: 16.44848 + L_Nrml: 0.00000 + L_Eknl: 7.53020 + L_Div: 0.00000 + L_Morse: 6.08523
Epoch: 0 [2600/10000 (26%)] Unweighted L_s : L_Mnfld: 0.00108,  L_NonMnfld: 0.02741,  L_Nrml: 0.00000,  L_Eknl: 0.15060, L_Morse: 0.75844

Weights: [7000.0, 600.0, 0, 50.0, 0.0, 7.9902999999999995], lr=5.000e-05
Epoch: 0 [2610/10000 (26%)] Loss: 38.99381 = L_Mnfld: 9.83240 + L_NonMnfld: 15.30111 + L_Nrml: 0.00000 + L_Eknl: 8.01519 + L_Div: 0.00000 + L_Morse: 5.84510
Epoch: 0 [2610/10000 (26%)] Unweighted L_s : L_Mnfld: 0.00140,  L_NonMnfld: 0.02550,  L_Nrml: 0.00000,  L_Eknl: 0.16030, L_Morse: 0.73153

Weights: [7000.0, 600.0, 0, 50.0, 0.0, 7.9573], lr=5.000e-05
Epoch: 0 [2620/10000 (26%)] Loss: 37.60504 = L_Mnfld: 7.80686 + L_NonMnfld: 16.18798 + L_Nrml: 0.00000 + L_Eknl: 7.56488 + L_Div: 0.00000 + L_Morse: 6.04531
Epoch: 0 [2620/10000 (26%)] Unweighted L_s : L_Mnfld: 0.00112,  L_NonMnfld: 0.02698,  L_Nrml: 0.00000,  L_Eknl: 0.15130, L_Morse: 0.75972

Weights: [7000.0, 600.0, 0, 50.0, 0.0, 7.9243], lr=5.000e-05
Epoch: 0 [2630/10000 (26%)] Loss: 37.87260 = L_Mnfld: 8.41868 + L_NonMnfld: 15.92188 + L_Nrml: 0.00000 + L_Eknl: 7.59233 + L_Div: 0.00000 + L_Morse: 5.93971
Epoch: 0 [2630/10000 (26%)] Unweighted L_s : L_Mnfld: 0.00120,  L_NonMnfld: 0.02654,  L_Nrml: 0.00000,  L_Eknl: 0.15185, L_Morse: 0.74956

Weights: [7000.0, 600.0, 0, 50.0, 0.0, 7.891299999999999], lr=5.000e-05
Epoch: 0 [2640/10000 (26%)] Loss: 37.48107 = L_Mnfld: 8.52749 + L_NonMnfld: 15.65396 + L_Nrml: 0.00000 + L_Eknl: 7.54262 + L_Div: 0.00000 + L_Morse: 5.75700
Epoch: 0 [2640/10000 (26%)] Unweighted L_s : L_Mnfld: 0.00122,  L_NonMnfld: 0.02609,  L_Nrml: 0.00000,  L_Eknl: 0.15085, L_Morse: 0.72954

Weights: [7000.0, 600.0, 0, 50.0, 0.0, 7.8583], lr=5.000e-05
Epoch: 0 [2650/10000 (26%)] Loss: 37.28423 = L_Mnfld: 8.14714 + L_NonMnfld: 15.97114 + L_Nrml: 0.00000 + L_Eknl: 7.26712 + L_Div: 0.00000 + L_Morse: 5.89882
Epoch: 0 [2650/10000 (26%)] Unweighted L_s : L_Mnfld: 0.00116,  L_NonMnfld: 0.02662,  L_Nrml: 0.00000,  L_Eknl: 0.14534, L_Morse: 0.75065

Weights: [7000.0, 600.0, 0, 50.0, 0.0, 7.8252999999999995], lr=5.000e-05
Epoch: 0 [2660/10000 (27%)] Loss: 37.45934 = L_Mnfld: 6.87092 + L_NonMnfld: 17.36345 + L_Nrml: 0.00000 + L_Eknl: 7.59371 + L_Div: 0.00000 + L_Morse: 5.63125
Epoch: 0 [2660/10000 (27%)] Unweighted L_s : L_Mnfld: 0.00098,  L_NonMnfld: 0.02894,  L_Nrml: 0.00000,  L_Eknl: 0.15187, L_Morse: 0.71962

Weights: [7000.0, 600.0, 0, 50.0, 0.0, 7.792299999999999], lr=5.000e-05
Epoch: 0 [2670/10000 (27%)] Loss: 39.56176 = L_Mnfld: 9.77859 + L_NonMnfld: 16.70157 + L_Nrml: 0.00000 + L_Eknl: 7.46913 + L_Div: 0.00000 + L_Morse: 5.61246
Epoch: 0 [2670/10000 (27%)] Unweighted L_s : L_Mnfld: 0.00140,  L_NonMnfld: 0.02784,  L_Nrml: 0.00000,  L_Eknl: 0.14938, L_Morse: 0.72026

Weights: [7000.0, 600.0, 0, 50.0, 0.0, 7.7593], lr=5.000e-05
Epoch: 0 [2680/10000 (27%)] Loss: 36.01601 = L_Mnfld: 8.03420 + L_NonMnfld: 14.74819 + L_Nrml: 0.00000 + L_Eknl: 7.49261 + L_Div: 0.00000 + L_Morse: 5.74102
Epoch: 0 [2680/10000 (27%)] Unweighted L_s : L_Mnfld: 0.00115,  L_NonMnfld: 0.02458,  L_Nrml: 0.00000,  L_Eknl: 0.14985, L_Morse: 0.73989

Weights: [7000.0, 600.0, 0, 50.0, 0.0, 7.726300000000001], lr=5.000e-05
Epoch: 0 [2690/10000 (27%)] Loss: 38.67812 = L_Mnfld: 7.75196 + L_NonMnfld: 17.13005 + L_Nrml: 0.00000 + L_Eknl: 7.74876 + L_Div: 0.00000 + L_Morse: 6.04735
Epoch: 0 [2690/10000 (27%)] Unweighted L_s : L_Mnfld: 0.00111,  L_NonMnfld: 0.02855,  L_Nrml: 0.00000,  L_Eknl: 0.15498, L_Morse: 0.78270

Weights: [7000.0, 600.0, 0, 50.0, 0.0, 7.693300000000001], lr=5.000e-05
Epoch: 0 [2700/10000 (27%)] Loss: 51.91865 = L_Mnfld: 20.18534 + L_NonMnfld: 16.51168 + L_Nrml: 0.00000 + L_Eknl: 8.32731 + L_Div: 0.00000 + L_Morse: 6.89432
Epoch: 0 [2700/10000 (27%)] Unweighted L_s : L_Mnfld: 0.00288,  L_NonMnfld: 0.02752,  L_Nrml: 0.00000,  L_Eknl: 0.16655, L_Morse: 0.89615

Weights: [7000.0, 600.0, 0, 50.0, 0.0, 7.660300000000001], lr=5.000e-05
Epoch: 0 [2710/10000 (27%)] Loss: 61.07280 = L_Mnfld: 27.62976 + L_NonMnfld: 15.49581 + L_Nrml: 0.00000 + L_Eknl: 10.09194 + L_Div: 0.00000 + L_Morse: 7.85529
Epoch: 0 [2710/10000 (27%)] Unweighted L_s : L_Mnfld: 0.00395,  L_NonMnfld: 0.02583,  L_Nrml: 0.00000,  L_Eknl: 0.20184, L_Morse: 1.02545

Weights: [7000.0, 600.0, 0, 50.0, 0.0, 7.627300000000001], lr=5.000e-05
Epoch: 0 [2720/10000 (27%)] Loss: 67.72536 = L_Mnfld: 32.20682 + L_NonMnfld: 16.64985 + L_Nrml: 0.00000 + L_Eknl: 10.54920 + L_Div: 0.00000 + L_Morse: 8.31950
Epoch: 0 [2720/10000 (27%)] Unweighted L_s : L_Mnfld: 0.00460,  L_NonMnfld: 0.02775,  L_Nrml: 0.00000,  L_Eknl: 0.21098, L_Morse: 1.09075

Weights: [7000.0, 600.0, 0, 50.0, 0.0, 7.5943000000000005], lr=5.000e-05
Epoch: 0 [2730/10000 (27%)] Loss: 54.92743 = L_Mnfld: 21.32954 + L_NonMnfld: 15.86425 + L_Nrml: 0.00000 + L_Eknl: 10.09000 + L_Div: 0.00000 + L_Morse: 7.64363
Epoch: 0 [2730/10000 (27%)] Unweighted L_s : L_Mnfld: 0.00305,  L_NonMnfld: 0.02644,  L_Nrml: 0.00000,  L_Eknl: 0.20180, L_Morse: 1.00650

Weights: [7000.0, 600.0, 0, 50.0, 0.0, 7.561300000000001], lr=5.000e-05
Epoch: 0 [2740/10000 (27%)] Loss: 60.68547 = L_Mnfld: 24.34073 + L_NonMnfld: 17.82153 + L_Nrml: 0.00000 + L_Eknl: 10.65893 + L_Div: 0.00000 + L_Morse: 7.86429
Epoch: 0 [2740/10000 (27%)] Unweighted L_s : L_Mnfld: 0.00348,  L_NonMnfld: 0.02970,  L_Nrml: 0.00000,  L_Eknl: 0.21318, L_Morse: 1.04007

Weights: [7000.0, 600.0, 0, 50.0, 0.0, 7.5283000000000015], lr=5.000e-05
Epoch: 0 [2750/10000 (28%)] Loss: 55.48850 = L_Mnfld: 21.40796 + L_NonMnfld: 17.11820 + L_Nrml: 0.00000 + L_Eknl: 9.90784 + L_Div: 0.00000 + L_Morse: 7.05450
Epoch: 0 [2750/10000 (28%)] Unweighted L_s : L_Mnfld: 0.00306,  L_NonMnfld: 0.02853,  L_Nrml: 0.00000,  L_Eknl: 0.19816, L_Morse: 0.93706

Weights: [7000.0, 600.0, 0, 50.0, 0.0, 7.4953], lr=5.000e-05
Epoch: 0 [2760/10000 (28%)] Loss: 57.83403 = L_Mnfld: 24.26752 + L_NonMnfld: 15.49737 + L_Nrml: 0.00000 + L_Eknl: 10.33597 + L_Div: 0.00000 + L_Morse: 7.73317
Epoch: 0 [2760/10000 (28%)] Unweighted L_s : L_Mnfld: 0.00347,  L_NonMnfld: 0.02583,  L_Nrml: 0.00000,  L_Eknl: 0.20672, L_Morse: 1.03174

Weights: [7000.0, 600.0, 0, 50.0, 0.0, 7.462300000000001], lr=5.000e-05
Epoch: 0 [2770/10000 (28%)] Loss: 50.10458 = L_Mnfld: 18.88445 + L_NonMnfld: 15.53040 + L_Nrml: 0.00000 + L_Eknl: 9.11895 + L_Div: 0.00000 + L_Morse: 6.57079
Epoch: 0 [2770/10000 (28%)] Unweighted L_s : L_Mnfld: 0.00270,  L_NonMnfld: 0.02588,  L_Nrml: 0.00000,  L_Eknl: 0.18238, L_Morse: 0.88053

Weights: [7000.0, 600.0, 0, 50.0, 0.0, 7.429300000000001], lr=5.000e-05
Epoch: 0 [2780/10000 (28%)] Loss: 46.93220 = L_Mnfld: 15.08669 + L_NonMnfld: 17.18613 + L_Nrml: 0.00000 + L_Eknl: 8.84583 + L_Div: 0.00000 + L_Morse: 5.81355
Epoch: 0 [2780/10000 (28%)] Unweighted L_s : L_Mnfld: 0.00216,  L_NonMnfld: 0.02864,  L_Nrml: 0.00000,  L_Eknl: 0.17692, L_Morse: 0.78252

Weights: [7000.0, 600.0, 0, 50.0, 0.0, 7.3963], lr=5.000e-05
Epoch: 0 [2790/10000 (28%)] Loss: 42.28041 = L_Mnfld: 12.17335 + L_NonMnfld: 15.14472 + L_Nrml: 0.00000 + L_Eknl: 8.75764 + L_Div: 0.00000 + L_Morse: 6.20470
Epoch: 0 [2790/10000 (28%)] Unweighted L_s : L_Mnfld: 0.00174,  L_NonMnfld: 0.02524,  L_Nrml: 0.00000,  L_Eknl: 0.17515, L_Morse: 0.83889

Weights: [7000.0, 600.0, 0, 50.0, 0.0, 7.363300000000001], lr=5.000e-05
Epoch: 0 [2800/10000 (28%)] Loss: 39.21968 = L_Mnfld: 10.22362 + L_NonMnfld: 15.19951 + L_Nrml: 0.00000 + L_Eknl: 8.15216 + L_Div: 0.00000 + L_Morse: 5.64439
Epoch: 0 [2800/10000 (28%)] Unweighted L_s : L_Mnfld: 0.00146,  L_NonMnfld: 0.02533,  L_Nrml: 0.00000,  L_Eknl: 0.16304, L_Morse: 0.76656

Weights: [7000.0, 600.0, 0, 50.0, 0.0, 7.330300000000001], lr=5.000e-05
Epoch: 0 [2810/10000 (28%)] Loss: 36.72067 = L_Mnfld: 7.45392 + L_NonMnfld: 15.89728 + L_Nrml: 0.00000 + L_Eknl: 8.08380 + L_Div: 0.00000 + L_Morse: 5.28567
Epoch: 0 [2810/10000 (28%)] Unweighted L_s : L_Mnfld: 0.00106,  L_NonMnfld: 0.02650,  L_Nrml: 0.00000,  L_Eknl: 0.16168, L_Morse: 0.72107

Weights: [7000.0, 600.0, 0, 50.0, 0.0, 7.2973], lr=5.000e-05
Epoch: 0 [2820/10000 (28%)] Loss: 37.50255 = L_Mnfld: 7.57371 + L_NonMnfld: 16.87811 + L_Nrml: 0.00000 + L_Eknl: 7.77800 + L_Div: 0.00000 + L_Morse: 5.27273
Epoch: 0 [2820/10000 (28%)] Unweighted L_s : L_Mnfld: 0.00108,  L_NonMnfld: 0.02813,  L_Nrml: 0.00000,  L_Eknl: 0.15556, L_Morse: 0.72256

Weights: [7000.0, 600.0, 0, 50.0, 0.0, 7.2643], lr=5.000e-05
Epoch: 0 [2830/10000 (28%)] Loss: 36.64135 = L_Mnfld: 7.43987 + L_NonMnfld: 15.85593 + L_Nrml: 0.00000 + L_Eknl: 7.83562 + L_Div: 0.00000 + L_Morse: 5.50993
Epoch: 0 [2830/10000 (28%)] Unweighted L_s : L_Mnfld: 0.00106,  L_NonMnfld: 0.02643,  L_Nrml: 0.00000,  L_Eknl: 0.15671, L_Morse: 0.75849

Weights: [7000.0, 600.0, 0, 50.0, 0.0, 7.231300000000001], lr=5.000e-05
Epoch: 0 [2840/10000 (28%)] Loss: 36.84599 = L_Mnfld: 7.05138 + L_NonMnfld: 16.65093 + L_Nrml: 0.00000 + L_Eknl: 7.63285 + L_Div: 0.00000 + L_Morse: 5.51083
Epoch: 0 [2840/10000 (28%)] Unweighted L_s : L_Mnfld: 0.00101,  L_NonMnfld: 0.02775,  L_Nrml: 0.00000,  L_Eknl: 0.15266, L_Morse: 0.76208

Weights: [7000.0, 600.0, 0, 50.0, 0.0, 7.198300000000001], lr=5.000e-05
Epoch: 0 [2850/10000 (28%)] Loss: 37.67587 = L_Mnfld: 8.39183 + L_NonMnfld: 15.60936 + L_Nrml: 0.00000 + L_Eknl: 7.90717 + L_Div: 0.00000 + L_Morse: 5.76752
Epoch: 0 [2850/10000 (28%)] Unweighted L_s : L_Mnfld: 0.00120,  L_NonMnfld: 0.02602,  L_Nrml: 0.00000,  L_Eknl: 0.15814, L_Morse: 0.80123

Weights: [7000.0, 600.0, 0, 50.0, 0.0, 7.1653], lr=5.000e-05
Epoch: 0 [2860/10000 (29%)] Loss: 36.35781 = L_Mnfld: 7.42504 + L_NonMnfld: 16.00435 + L_Nrml: 0.00000 + L_Eknl: 7.54665 + L_Div: 0.00000 + L_Morse: 5.38178
Epoch: 0 [2860/10000 (29%)] Unweighted L_s : L_Mnfld: 0.00106,  L_NonMnfld: 0.02667,  L_Nrml: 0.00000,  L_Eknl: 0.15093, L_Morse: 0.75109

Weights: [7000.0, 600.0, 0, 50.0, 0.0, 7.132300000000001], lr=5.000e-05
Epoch: 0 [2870/10000 (29%)] Loss: 35.62687 = L_Mnfld: 6.44278 + L_NonMnfld: 16.25339 + L_Nrml: 0.00000 + L_Eknl: 7.59967 + L_Div: 0.00000 + L_Morse: 5.33104
Epoch: 0 [2870/10000 (29%)] Unweighted L_s : L_Mnfld: 0.00092,  L_NonMnfld: 0.02709,  L_Nrml: 0.00000,  L_Eknl: 0.15199, L_Morse: 0.74745

Weights: [7000.0, 600.0, 0, 50.0, 0.0, 7.0993], lr=5.000e-05
Epoch: 0 [2880/10000 (29%)] Loss: 34.83091 = L_Mnfld: 6.62493 + L_NonMnfld: 15.33453 + L_Nrml: 0.00000 + L_Eknl: 7.44544 + L_Div: 0.00000 + L_Morse: 5.42600
Epoch: 0 [2880/10000 (29%)] Unweighted L_s : L_Mnfld: 0.00095,  L_NonMnfld: 0.02556,  L_Nrml: 0.00000,  L_Eknl: 0.14891, L_Morse: 0.76430

Weights: [7000.0, 600.0, 0, 50.0, 0.0, 7.0663], lr=5.000e-05
Epoch: 0 [2890/10000 (29%)] Loss: 35.18718 = L_Mnfld: 6.25803 + L_NonMnfld: 16.19852 + L_Nrml: 0.00000 + L_Eknl: 7.58759 + L_Div: 0.00000 + L_Morse: 5.14303
Epoch: 0 [2890/10000 (29%)] Unweighted L_s : L_Mnfld: 0.00089,  L_NonMnfld: 0.02700,  L_Nrml: 0.00000,  L_Eknl: 0.15175, L_Morse: 0.72782

Weights: [7000.0, 600.0, 0, 50.0, 0.0, 7.0333000000000006], lr=5.000e-05
Epoch: 0 [2900/10000 (29%)] Loss: 33.86768 = L_Mnfld: 7.08105 + L_NonMnfld: 14.12111 + L_Nrml: 0.00000 + L_Eknl: 7.48218 + L_Div: 0.00000 + L_Morse: 5.18335
Epoch: 0 [2900/10000 (29%)] Unweighted L_s : L_Mnfld: 0.00101,  L_NonMnfld: 0.02354,  L_Nrml: 0.00000,  L_Eknl: 0.14964, L_Morse: 0.73697

Weights: [7000.0, 600.0, 0, 50.0, 0.0, 7.0003], lr=5.000e-05
Epoch: 0 [2910/10000 (29%)] Loss: 35.12403 = L_Mnfld: 5.71242 + L_NonMnfld: 16.90538 + L_Nrml: 0.00000 + L_Eknl: 7.32842 + L_Div: 0.00000 + L_Morse: 5.17781
Epoch: 0 [2910/10000 (29%)] Unweighted L_s : L_Mnfld: 0.00082,  L_NonMnfld: 0.02818,  L_Nrml: 0.00000,  L_Eknl: 0.14657, L_Morse: 0.73965

Weights: [7000.0, 600.0, 0, 50.0, 0.0, 6.9673], lr=5.000e-05
Epoch: 0 [2920/10000 (29%)] Loss: 35.21846 = L_Mnfld: 6.55198 + L_NonMnfld: 15.82167 + L_Nrml: 0.00000 + L_Eknl: 7.57430 + L_Div: 0.00000 + L_Morse: 5.27051
Epoch: 0 [2920/10000 (29%)] Unweighted L_s : L_Mnfld: 0.00094,  L_NonMnfld: 0.02637,  L_Nrml: 0.00000,  L_Eknl: 0.15149, L_Morse: 0.75646

Weights: [7000.0, 600.0, 0, 50.0, 0.0, 6.9343], lr=5.000e-05
Epoch: 0 [2930/10000 (29%)] Loss: 34.73653 = L_Mnfld: 6.24729 + L_NonMnfld: 16.19318 + L_Nrml: 0.00000 + L_Eknl: 7.17788 + L_Div: 0.00000 + L_Morse: 5.11817
Epoch: 0 [2930/10000 (29%)] Unweighted L_s : L_Mnfld: 0.00089,  L_NonMnfld: 0.02699,  L_Nrml: 0.00000,  L_Eknl: 0.14356, L_Morse: 0.73810

Weights: [7000.0, 600.0, 0, 50.0, 0.0, 6.901300000000001], lr=5.000e-05
Epoch: 0 [2940/10000 (29%)] Loss: 34.68138 = L_Mnfld: 6.71404 + L_NonMnfld: 15.50239 + L_Nrml: 0.00000 + L_Eknl: 7.25233 + L_Div: 0.00000 + L_Morse: 5.21262
Epoch: 0 [2940/10000 (29%)] Unweighted L_s : L_Mnfld: 0.00096,  L_NonMnfld: 0.02584,  L_Nrml: 0.00000,  L_Eknl: 0.14505, L_Morse: 0.75531

Weights: [7000.0, 600.0, 0, 50.0, 0.0, 6.8683000000000005], lr=5.000e-05
Epoch: 0 [2950/10000 (30%)] Loss: 33.84594 = L_Mnfld: 5.65661 + L_NonMnfld: 15.83407 + L_Nrml: 0.00000 + L_Eknl: 7.20754 + L_Div: 0.00000 + L_Morse: 5.14772
Epoch: 0 [2950/10000 (30%)] Unweighted L_s : L_Mnfld: 0.00081,  L_NonMnfld: 0.02639,  L_Nrml: 0.00000,  L_Eknl: 0.14415, L_Morse: 0.74949

Weights: [7000.0, 600.0, 0, 50.0, 0.0, 6.8353], lr=5.000e-05
Epoch: 0 [2960/10000 (30%)] Loss: 36.09406 = L_Mnfld: 6.84065 + L_NonMnfld: 16.97262 + L_Nrml: 0.00000 + L_Eknl: 7.14385 + L_Div: 0.00000 + L_Morse: 5.13695
Epoch: 0 [2960/10000 (30%)] Unweighted L_s : L_Mnfld: 0.00098,  L_NonMnfld: 0.02829,  L_Nrml: 0.00000,  L_Eknl: 0.14288, L_Morse: 0.75153

Weights: [7000.0, 600.0, 0, 50.0, 0.0, 6.802300000000001], lr=5.000e-05
Epoch: 0 [2970/10000 (30%)] Loss: 34.50931 = L_Mnfld: 5.70741 + L_NonMnfld: 16.72165 + L_Nrml: 0.00000 + L_Eknl: 7.07490 + L_Div: 0.00000 + L_Morse: 5.00535
Epoch: 0 [2970/10000 (30%)] Unweighted L_s : L_Mnfld: 0.00082,  L_NonMnfld: 0.02787,  L_Nrml: 0.00000,  L_Eknl: 0.14150, L_Morse: 0.73583

Weights: [7000.0, 600.0, 0, 50.0, 0.0, 6.7693], lr=5.000e-05
Epoch: 0 [2980/10000 (30%)] Loss: 32.85051 = L_Mnfld: 6.09246 + L_NonMnfld: 14.85495 + L_Nrml: 0.00000 + L_Eknl: 6.92684 + L_Div: 0.00000 + L_Morse: 4.97626
Epoch: 0 [2980/10000 (30%)] Unweighted L_s : L_Mnfld: 0.00087,  L_NonMnfld: 0.02476,  L_Nrml: 0.00000,  L_Eknl: 0.13854, L_Morse: 0.73512

Weights: [7000.0, 600.0, 0, 50.0, 0.0, 6.7363], lr=5.000e-05
Epoch: 0 [2990/10000 (30%)] Loss: 34.46293 = L_Mnfld: 5.74875 + L_NonMnfld: 16.57690 + L_Nrml: 0.00000 + L_Eknl: 6.96372 + L_Div: 0.00000 + L_Morse: 5.17357
Epoch: 0 [2990/10000 (30%)] Unweighted L_s : L_Mnfld: 0.00082,  L_NonMnfld: 0.02763,  L_Nrml: 0.00000,  L_Eknl: 0.13927, L_Morse: 0.76801

Weights: [7000.0, 600.0, 0, 50.0, 0.0, 6.7033000000000005], lr=5.000e-05
Epoch: 0 [3000/10000 (30%)] Loss: 34.09956 = L_Mnfld: 6.54793 + L_NonMnfld: 15.70496 + L_Nrml: 0.00000 + L_Eknl: 6.96398 + L_Div: 0.00000 + L_Morse: 4.88269
Epoch: 0 [3000/10000 (30%)] Unweighted L_s : L_Mnfld: 0.00094,  L_NonMnfld: 0.02617,  L_Nrml: 0.00000,  L_Eknl: 0.13928, L_Morse: 0.72840

Weights: [7000.0, 600.0, 0, 50.0, 0.0, 6.6703], lr=5.000e-05
Epoch: 0 [3010/10000 (30%)] Loss: 32.30976 = L_Mnfld: 5.82704 + L_NonMnfld: 14.64519 + L_Nrml: 0.00000 + L_Eknl: 6.87405 + L_Div: 0.00000 + L_Morse: 4.96347
Epoch: 0 [3010/10000 (30%)] Unweighted L_s : L_Mnfld: 0.00083,  L_NonMnfld: 0.02441,  L_Nrml: 0.00000,  L_Eknl: 0.13748, L_Morse: 0.74412

Weights: [7000.0, 600.0, 0, 50.0, 0.0, 6.6373], lr=5.000e-05
Epoch: 0 [3020/10000 (30%)] Loss: 32.64944 = L_Mnfld: 7.16871 + L_NonMnfld: 13.31751 + L_Nrml: 0.00000 + L_Eknl: 7.06097 + L_Div: 0.00000 + L_Morse: 5.10226
Epoch: 0 [3020/10000 (30%)] Unweighted L_s : L_Mnfld: 0.00102,  L_NonMnfld: 0.02220,  L_Nrml: 0.00000,  L_Eknl: 0.14122, L_Morse: 0.76872

Weights: [7000.0, 600.0, 0, 50.0, 0.0, 6.6043], lr=5.000e-05
Epoch: 0 [3030/10000 (30%)] Loss: 33.32264 = L_Mnfld: 6.34794 + L_NonMnfld: 15.05753 + L_Nrml: 0.00000 + L_Eknl: 6.91603 + L_Div: 0.00000 + L_Morse: 5.00114
Epoch: 0 [3030/10000 (30%)] Unweighted L_s : L_Mnfld: 0.00091,  L_NonMnfld: 0.02510,  L_Nrml: 0.00000,  L_Eknl: 0.13832, L_Morse: 0.75726

Weights: [7000.0, 600.0, 0, 50.0, 0.0, 6.5713], lr=5.000e-05
Epoch: 0 [3040/10000 (30%)] Loss: 33.59961 = L_Mnfld: 7.14416 + L_NonMnfld: 14.50615 + L_Nrml: 0.00000 + L_Eknl: 6.95946 + L_Div: 0.00000 + L_Morse: 4.98984
Epoch: 0 [3040/10000 (30%)] Unweighted L_s : L_Mnfld: 0.00102,  L_NonMnfld: 0.02418,  L_Nrml: 0.00000,  L_Eknl: 0.13919, L_Morse: 0.75934

Weights: [7000.0, 600.0, 0, 50.0, 0.0, 6.5383], lr=5.000e-05
Epoch: 0 [3050/10000 (30%)] Loss: 34.82150 = L_Mnfld: 6.57493 + L_NonMnfld: 16.18368 + L_Nrml: 0.00000 + L_Eknl: 6.92345 + L_Div: 0.00000 + L_Morse: 5.13943
Epoch: 0 [3050/10000 (30%)] Unweighted L_s : L_Mnfld: 0.00094,  L_NonMnfld: 0.02697,  L_Nrml: 0.00000,  L_Eknl: 0.13847, L_Morse: 0.78605

Weights: [7000.0, 600.0, 0, 50.0, 0.0, 6.5053], lr=5.000e-05
Epoch: 0 [3060/10000 (31%)] Loss: 33.16963 = L_Mnfld: 5.76841 + L_NonMnfld: 15.61831 + L_Nrml: 0.00000 + L_Eknl: 6.93179 + L_Div: 0.00000 + L_Morse: 4.85111
Epoch: 0 [3060/10000 (31%)] Unweighted L_s : L_Mnfld: 0.00082,  L_NonMnfld: 0.02603,  L_Nrml: 0.00000,  L_Eknl: 0.13864, L_Morse: 0.74572

Weights: [7000.0, 600.0, 0, 50.0, 0.0, 6.4723], lr=5.000e-05
Epoch: 0 [3070/10000 (31%)] Loss: 33.27683 = L_Mnfld: 6.32287 + L_NonMnfld: 15.32359 + L_Nrml: 0.00000 + L_Eknl: 6.70008 + L_Div: 0.00000 + L_Morse: 4.93029
Epoch: 0 [3070/10000 (31%)] Unweighted L_s : L_Mnfld: 0.00090,  L_NonMnfld: 0.02554,  L_Nrml: 0.00000,  L_Eknl: 0.13400, L_Morse: 0.76175

Weights: [7000.0, 600.0, 0, 50.0, 0.0, 6.439299999999999], lr=5.000e-05
Epoch: 0 [3080/10000 (31%)] Loss: 34.00630 = L_Mnfld: 6.96714 + L_NonMnfld: 14.95214 + L_Nrml: 0.00000 + L_Eknl: 6.99712 + L_Div: 0.00000 + L_Morse: 5.08990
Epoch: 0 [3080/10000 (31%)] Unweighted L_s : L_Mnfld: 0.00100,  L_NonMnfld: 0.02492,  L_Nrml: 0.00000,  L_Eknl: 0.13994, L_Morse: 0.79044

Weights: [7000.0, 600.0, 0, 50.0, 0.0, 6.4063], lr=5.000e-05
Epoch: 0 [3090/10000 (31%)] Loss: 33.40365 = L_Mnfld: 6.55296 + L_NonMnfld: 15.34224 + L_Nrml: 0.00000 + L_Eknl: 6.73712 + L_Div: 0.00000 + L_Morse: 4.77133
Epoch: 0 [3090/10000 (31%)] Unweighted L_s : L_Mnfld: 0.00094,  L_NonMnfld: 0.02557,  L_Nrml: 0.00000,  L_Eknl: 0.13474, L_Morse: 0.74479

Weights: [7000.0, 600.0, 0, 50.0, 0.0, 6.3733], lr=5.000e-05
Epoch: 0 [3100/10000 (31%)] Loss: 33.10667 = L_Mnfld: 7.53142 + L_NonMnfld: 14.06299 + L_Nrml: 0.00000 + L_Eknl: 6.74002 + L_Div: 0.00000 + L_Morse: 4.77223
Epoch: 0 [3100/10000 (31%)] Unweighted L_s : L_Mnfld: 0.00108,  L_NonMnfld: 0.02344,  L_Nrml: 0.00000,  L_Eknl: 0.13480, L_Morse: 0.74879

Weights: [7000.0, 600.0, 0, 50.0, 0.0, 6.3403], lr=5.000e-05
Epoch: 0 [3110/10000 (31%)] Loss: 34.03776 = L_Mnfld: 6.03318 + L_NonMnfld: 16.57379 + L_Nrml: 0.00000 + L_Eknl: 6.65409 + L_Div: 0.00000 + L_Morse: 4.77670
Epoch: 0 [3110/10000 (31%)] Unweighted L_s : L_Mnfld: 0.00086,  L_NonMnfld: 0.02762,  L_Nrml: 0.00000,  L_Eknl: 0.13308, L_Morse: 0.75339

Weights: [7000.0, 600.0, 0, 50.0, 0.0, 6.3073], lr=5.000e-05
Epoch: 0 [3120/10000 (31%)] Loss: 33.44170 = L_Mnfld: 6.98453 + L_NonMnfld: 15.35389 + L_Nrml: 0.00000 + L_Eknl: 6.53419 + L_Div: 0.00000 + L_Morse: 4.56909
Epoch: 0 [3120/10000 (31%)] Unweighted L_s : L_Mnfld: 0.00100,  L_NonMnfld: 0.02559,  L_Nrml: 0.00000,  L_Eknl: 0.13068, L_Morse: 0.72441

Weights: [7000.0, 600.0, 0, 50.0, 0.0, 6.2743], lr=5.000e-05
Epoch: 0 [3130/10000 (31%)] Loss: 33.09258 = L_Mnfld: 6.64304 + L_NonMnfld: 14.97381 + L_Nrml: 0.00000 + L_Eknl: 6.67611 + L_Div: 0.00000 + L_Morse: 4.79962
Epoch: 0 [3130/10000 (31%)] Unweighted L_s : L_Mnfld: 0.00095,  L_NonMnfld: 0.02496,  L_Nrml: 0.00000,  L_Eknl: 0.13352, L_Morse: 0.76497

Weights: [7000.0, 600.0, 0, 50.0, 0.0, 6.2413], lr=5.000e-05
Epoch: 0 [3140/10000 (31%)] Loss: 32.19089 = L_Mnfld: 5.96709 + L_NonMnfld: 15.05915 + L_Nrml: 0.00000 + L_Eknl: 6.45053 + L_Div: 0.00000 + L_Morse: 4.71412
Epoch: 0 [3140/10000 (31%)] Unweighted L_s : L_Mnfld: 0.00085,  L_NonMnfld: 0.02510,  L_Nrml: 0.00000,  L_Eknl: 0.12901, L_Morse: 0.75531

Weights: [7000.0, 600.0, 0, 50.0, 0.0, 6.2082999999999995], lr=5.000e-05
Epoch: 0 [3150/10000 (32%)] Loss: 33.38510 = L_Mnfld: 6.21612 + L_NonMnfld: 16.09812 + L_Nrml: 0.00000 + L_Eknl: 6.52618 + L_Div: 0.00000 + L_Morse: 4.54468
Epoch: 0 [3150/10000 (32%)] Unweighted L_s : L_Mnfld: 0.00089,  L_NonMnfld: 0.02683,  L_Nrml: 0.00000,  L_Eknl: 0.13052, L_Morse: 0.73203

Weights: [7000.0, 600.0, 0, 50.0, 0.0, 6.1753], lr=5.000e-05
Epoch: 0 [3160/10000 (32%)] Loss: 31.73621 = L_Mnfld: 5.76618 + L_NonMnfld: 14.83536 + L_Nrml: 0.00000 + L_Eknl: 6.48616 + L_Div: 0.00000 + L_Morse: 4.64851
Epoch: 0 [3160/10000 (32%)] Unweighted L_s : L_Mnfld: 0.00082,  L_NonMnfld: 0.02473,  L_Nrml: 0.00000,  L_Eknl: 0.12972, L_Morse: 0.75276

Weights: [7000.0, 600.0, 0, 50.0, 0.0, 6.1423], lr=5.000e-05
Epoch: 0 [3170/10000 (32%)] Loss: 32.44234 = L_Mnfld: 4.98535 + L_NonMnfld: 16.51695 + L_Nrml: 0.00000 + L_Eknl: 6.39278 + L_Div: 0.00000 + L_Morse: 4.54726
Epoch: 0 [3170/10000 (32%)] Unweighted L_s : L_Mnfld: 0.00071,  L_NonMnfld: 0.02753,  L_Nrml: 0.00000,  L_Eknl: 0.12786, L_Morse: 0.74032

Weights: [7000.0, 600.0, 0, 50.0, 0.0, 6.109299999999999], lr=5.000e-05
Epoch: 0 [3180/10000 (32%)] Loss: 33.46649 = L_Mnfld: 7.71540 + L_NonMnfld: 14.20583 + L_Nrml: 0.00000 + L_Eknl: 6.76738 + L_Div: 0.00000 + L_Morse: 4.77787
Epoch: 0 [3180/10000 (32%)] Unweighted L_s : L_Mnfld: 0.00110,  L_NonMnfld: 0.02368,  L_Nrml: 0.00000,  L_Eknl: 0.13535, L_Morse: 0.78207

Weights: [7000.0, 600.0, 0, 50.0, 0.0, 6.0763], lr=5.000e-05
Epoch: 0 [3190/10000 (32%)] Loss: 33.29220 = L_Mnfld: 6.50662 + L_NonMnfld: 15.73482 + L_Nrml: 0.00000 + L_Eknl: 6.43813 + L_Div: 0.00000 + L_Morse: 4.61262
Epoch: 0 [3190/10000 (32%)] Unweighted L_s : L_Mnfld: 0.00093,  L_NonMnfld: 0.02622,  L_Nrml: 0.00000,  L_Eknl: 0.12876, L_Morse: 0.75912

Weights: [7000.0, 600.0, 0, 50.0, 0.0, 6.0432999999999995], lr=5.000e-05
Epoch: 0 [3200/10000 (32%)] Loss: 34.70183 = L_Mnfld: 8.42398 + L_NonMnfld: 15.05056 + L_Nrml: 0.00000 + L_Eknl: 6.65593 + L_Div: 0.00000 + L_Morse: 4.57135
Epoch: 0 [3200/10000 (32%)] Unweighted L_s : L_Mnfld: 0.00120,  L_NonMnfld: 0.02508,  L_Nrml: 0.00000,  L_Eknl: 0.13312, L_Morse: 0.75643

Weights: [7000.0, 600.0, 0, 50.0, 0.0, 6.010299999999999], lr=5.000e-05
Epoch: 0 [3210/10000 (32%)] Loss: 34.68549 = L_Mnfld: 7.87868 + L_NonMnfld: 15.32240 + L_Nrml: 0.00000 + L_Eknl: 7.05172 + L_Div: 0.00000 + L_Morse: 4.43268
Epoch: 0 [3210/10000 (32%)] Unweighted L_s : L_Mnfld: 0.00113,  L_NonMnfld: 0.02554,  L_Nrml: 0.00000,  L_Eknl: 0.14103, L_Morse: 0.73751

Weights: [7000.0, 600.0, 0, 50.0, 0.0, 5.9773], lr=5.000e-05
Epoch: 0 [3220/10000 (32%)] Loss: 34.08972 = L_Mnfld: 7.41736 + L_NonMnfld: 15.40481 + L_Nrml: 0.00000 + L_Eknl: 6.56798 + L_Div: 0.00000 + L_Morse: 4.69957
Epoch: 0 [3220/10000 (32%)] Unweighted L_s : L_Mnfld: 0.00106,  L_NonMnfld: 0.02567,  L_Nrml: 0.00000,  L_Eknl: 0.13136, L_Morse: 0.78624

Weights: [7000.0, 600.0, 0, 50.0, 0.0, 5.944299999999999], lr=5.000e-05
Epoch: 0 [3230/10000 (32%)] Loss: 34.29538 = L_Mnfld: 7.59481 + L_NonMnfld: 15.26026 + L_Nrml: 0.00000 + L_Eknl: 6.67492 + L_Div: 0.00000 + L_Morse: 4.76539
Epoch: 0 [3230/10000 (32%)] Unweighted L_s : L_Mnfld: 0.00108,  L_NonMnfld: 0.02543,  L_Nrml: 0.00000,  L_Eknl: 0.13350, L_Morse: 0.80167

Weights: [7000.0, 600.0, 0, 50.0, 0.0, 5.911299999999999], lr=5.000e-05
Epoch: 0 [3240/10000 (32%)] Loss: 34.92425 = L_Mnfld: 8.11841 + L_NonMnfld: 15.33288 + L_Nrml: 0.00000 + L_Eknl: 6.83840 + L_Div: 0.00000 + L_Morse: 4.63457
Epoch: 0 [3240/10000 (32%)] Unweighted L_s : L_Mnfld: 0.00116,  L_NonMnfld: 0.02555,  L_Nrml: 0.00000,  L_Eknl: 0.13677, L_Morse: 0.78402

Weights: [7000.0, 600.0, 0, 50.0, 0.0, 5.878299999999999], lr=5.000e-05
Epoch: 0 [3250/10000 (32%)] Loss: 34.92334 = L_Mnfld: 7.60154 + L_NonMnfld: 16.03639 + L_Nrml: 0.00000 + L_Eknl: 6.60000 + L_Div: 0.00000 + L_Morse: 4.68541
Epoch: 0 [3250/10000 (32%)] Unweighted L_s : L_Mnfld: 0.00109,  L_NonMnfld: 0.02673,  L_Nrml: 0.00000,  L_Eknl: 0.13200, L_Morse: 0.79707

Weights: [7000.0, 600.0, 0, 50.0, 0.0, 5.845299999999999], lr=5.000e-05
Epoch: 0 [3260/10000 (33%)] Loss: 32.36067 = L_Mnfld: 6.91876 + L_NonMnfld: 14.61648 + L_Nrml: 0.00000 + L_Eknl: 6.36784 + L_Div: 0.00000 + L_Morse: 4.45760
Epoch: 0 [3260/10000 (33%)] Unweighted L_s : L_Mnfld: 0.00099,  L_NonMnfld: 0.02436,  L_Nrml: 0.00000,  L_Eknl: 0.12736, L_Morse: 0.76260

Weights: [7000.0, 600.0, 0, 50.0, 0.0, 5.812299999999999], lr=5.000e-05
Epoch: 0 [3270/10000 (33%)] Loss: 33.85717 = L_Mnfld: 7.70397 + L_NonMnfld: 15.32085 + L_Nrml: 0.00000 + L_Eknl: 6.35143 + L_Div: 0.00000 + L_Morse: 4.48092
Epoch: 0 [3270/10000 (33%)] Unweighted L_s : L_Mnfld: 0.00110,  L_NonMnfld: 0.02553,  L_Nrml: 0.00000,  L_Eknl: 0.12703, L_Morse: 0.77094

Weights: [7000.0, 600.0, 0, 50.0, 0.0, 5.779299999999999], lr=5.000e-05
Epoch: 0 [3280/10000 (33%)] Loss: 33.54680 = L_Mnfld: 6.98159 + L_NonMnfld: 15.62613 + L_Nrml: 0.00000 + L_Eknl: 6.46321 + L_Div: 0.00000 + L_Morse: 4.47588
Epoch: 0 [3280/10000 (33%)] Unweighted L_s : L_Mnfld: 0.00100,  L_NonMnfld: 0.02604,  L_Nrml: 0.00000,  L_Eknl: 0.12926, L_Morse: 0.77447

Weights: [7000.0, 600.0, 0, 50.0, 0.0, 5.746299999999999], lr=5.000e-05
Epoch: 0 [3290/10000 (33%)] Loss: 30.27544 = L_Mnfld: 5.94022 + L_NonMnfld: 13.67729 + L_Nrml: 0.00000 + L_Eknl: 6.27457 + L_Div: 0.00000 + L_Morse: 4.38335
Epoch: 0 [3290/10000 (33%)] Unweighted L_s : L_Mnfld: 0.00085,  L_NonMnfld: 0.02280,  L_Nrml: 0.00000,  L_Eknl: 0.12549, L_Morse: 0.76281

Weights: [7000.0, 600.0, 0, 50.0, 0.0, 5.713299999999999], lr=5.000e-05
Epoch: 0 [3300/10000 (33%)] Loss: 31.45879 = L_Mnfld: 7.27439 + L_NonMnfld: 13.39951 + L_Nrml: 0.00000 + L_Eknl: 6.30485 + L_Div: 0.00000 + L_Morse: 4.48004
Epoch: 0 [3300/10000 (33%)] Unweighted L_s : L_Mnfld: 0.00104,  L_NonMnfld: 0.02233,  L_Nrml: 0.00000,  L_Eknl: 0.12610, L_Morse: 0.78414

Weights: [7000.0, 600.0, 0, 50.0, 0.0, 5.680299999999999], lr=5.000e-05
Epoch: 0 [3310/10000 (33%)] Loss: 32.97446 = L_Mnfld: 6.34451 + L_NonMnfld: 15.63702 + L_Nrml: 0.00000 + L_Eknl: 6.42473 + L_Div: 0.00000 + L_Morse: 4.56820
Epoch: 0 [3310/10000 (33%)] Unweighted L_s : L_Mnfld: 0.00091,  L_NonMnfld: 0.02606,  L_Nrml: 0.00000,  L_Eknl: 0.12849, L_Morse: 0.80422

Weights: [7000.0, 600.0, 0, 50.0, 0.0, 5.6473], lr=5.000e-05
Epoch: 0 [3320/10000 (33%)] Loss: 31.50653 = L_Mnfld: 6.31439 + L_NonMnfld: 14.54809 + L_Nrml: 0.00000 + L_Eknl: 6.33538 + L_Div: 0.00000 + L_Morse: 4.30868
Epoch: 0 [3320/10000 (33%)] Unweighted L_s : L_Mnfld: 0.00090,  L_NonMnfld: 0.02425,  L_Nrml: 0.00000,  L_Eknl: 0.12671, L_Morse: 0.76296

Weights: [7000.0, 600.0, 0, 50.0, 0.0, 5.614300000000001], lr=5.000e-05
Epoch: 0 [3330/10000 (33%)] Loss: 31.15021 = L_Mnfld: 5.93604 + L_NonMnfld: 14.60784 + L_Nrml: 0.00000 + L_Eknl: 6.21186 + L_Div: 0.00000 + L_Morse: 4.39448
Epoch: 0 [3330/10000 (33%)] Unweighted L_s : L_Mnfld: 0.00085,  L_NonMnfld: 0.02435,  L_Nrml: 0.00000,  L_Eknl: 0.12424, L_Morse: 0.78273

Weights: [7000.0, 600.0, 0, 50.0, 0.0, 5.581300000000001], lr=5.000e-05
Epoch: 0 [3340/10000 (33%)] Loss: 34.12720 = L_Mnfld: 8.43089 + L_NonMnfld: 14.67144 + L_Nrml: 0.00000 + L_Eknl: 6.35179 + L_Div: 0.00000 + L_Morse: 4.67309
Epoch: 0 [3340/10000 (33%)] Unweighted L_s : L_Mnfld: 0.00120,  L_NonMnfld: 0.02445,  L_Nrml: 0.00000,  L_Eknl: 0.12704, L_Morse: 0.83728

Weights: [7000.0, 600.0, 0, 50.0, 0.0, 5.5483], lr=5.000e-05
Epoch: 0 [3350/10000 (34%)] Loss: 32.77654 = L_Mnfld: 6.69868 + L_NonMnfld: 14.91321 + L_Nrml: 0.00000 + L_Eknl: 6.63651 + L_Div: 0.00000 + L_Morse: 4.52814
Epoch: 0 [3350/10000 (34%)] Unweighted L_s : L_Mnfld: 0.00096,  L_NonMnfld: 0.02486,  L_Nrml: 0.00000,  L_Eknl: 0.13273, L_Morse: 0.81613

Weights: [7000.0, 600.0, 0, 50.0, 0.0, 5.515300000000001], lr=5.000e-05
Epoch: 0 [3360/10000 (34%)] Loss: 32.43861 = L_Mnfld: 5.90445 + L_NonMnfld: 15.86968 + L_Nrml: 0.00000 + L_Eknl: 6.39057 + L_Div: 0.00000 + L_Morse: 4.27390
Epoch: 0 [3360/10000 (34%)] Unweighted L_s : L_Mnfld: 0.00084,  L_NonMnfld: 0.02645,  L_Nrml: 0.00000,  L_Eknl: 0.12781, L_Morse: 0.77492

Weights: [7000.0, 600.0, 0, 50.0, 0.0, 5.4823], lr=5.000e-05
Epoch: 0 [3370/10000 (34%)] Loss: 30.94452 = L_Mnfld: 5.78425 + L_NonMnfld: 14.66082 + L_Nrml: 0.00000 + L_Eknl: 6.18745 + L_Div: 0.00000 + L_Morse: 4.31200
Epoch: 0 [3370/10000 (34%)] Unweighted L_s : L_Mnfld: 0.00083,  L_NonMnfld: 0.02443,  L_Nrml: 0.00000,  L_Eknl: 0.12375, L_Morse: 0.78653

Weights: [7000.0, 600.0, 0, 50.0, 0.0, 5.4493], lr=5.000e-05
Epoch: 0 [3380/10000 (34%)] Loss: 32.23108 = L_Mnfld: 7.18570 + L_NonMnfld: 14.41098 + L_Nrml: 0.00000 + L_Eknl: 6.25521 + L_Div: 0.00000 + L_Morse: 4.37919
Epoch: 0 [3380/10000 (34%)] Unweighted L_s : L_Mnfld: 0.00103,  L_NonMnfld: 0.02402,  L_Nrml: 0.00000,  L_Eknl: 0.12510, L_Morse: 0.80362

Weights: [7000.0, 600.0, 0, 50.0, 0.0, 5.416300000000001], lr=5.000e-05
Epoch: 0 [3390/10000 (34%)] Loss: 32.62870 = L_Mnfld: 7.81838 + L_NonMnfld: 14.00021 + L_Nrml: 0.00000 + L_Eknl: 6.21037 + L_Div: 0.00000 + L_Morse: 4.59975
Epoch: 0 [3390/10000 (34%)] Unweighted L_s : L_Mnfld: 0.00112,  L_NonMnfld: 0.02333,  L_Nrml: 0.00000,  L_Eknl: 0.12421, L_Morse: 0.84924

Weights: [7000.0, 600.0, 0, 50.0, 0.0, 5.383300000000001], lr=5.000e-05
Epoch: 0 [3400/10000 (34%)] Loss: 31.56084 = L_Mnfld: 6.29491 + L_NonMnfld: 14.05834 + L_Nrml: 0.00000 + L_Eknl: 6.81841 + L_Div: 0.00000 + L_Morse: 4.38918
Epoch: 0 [3400/10000 (34%)] Unweighted L_s : L_Mnfld: 0.00090,  L_NonMnfld: 0.02343,  L_Nrml: 0.00000,  L_Eknl: 0.13637, L_Morse: 0.81533

Weights: [7000.0, 600.0, 0, 50.0, 0.0, 5.350300000000001], lr=5.000e-05
Epoch: 0 [3410/10000 (34%)] Loss: 32.03953 = L_Mnfld: 6.42182 + L_NonMnfld: 14.60265 + L_Nrml: 0.00000 + L_Eknl: 6.55288 + L_Div: 0.00000 + L_Morse: 4.46218
Epoch: 0 [3410/10000 (34%)] Unweighted L_s : L_Mnfld: 0.00092,  L_NonMnfld: 0.02434,  L_Nrml: 0.00000,  L_Eknl: 0.13106, L_Morse: 0.83401

Weights: [7000.0, 600.0, 0, 50.0, 0.0, 5.317300000000001], lr=5.000e-05
Epoch: 0 [3420/10000 (34%)] Loss: 35.46180 = L_Mnfld: 9.72644 + L_NonMnfld: 14.68999 + L_Nrml: 0.00000 + L_Eknl: 6.63495 + L_Div: 0.00000 + L_Morse: 4.41042
Epoch: 0 [3420/10000 (34%)] Unweighted L_s : L_Mnfld: 0.00139,  L_NonMnfld: 0.02448,  L_Nrml: 0.00000,  L_Eknl: 0.13270, L_Morse: 0.82945

Weights: [7000.0, 600.0, 0, 50.0, 0.0, 5.284300000000001], lr=5.000e-05
Epoch: 0 [3430/10000 (34%)] Loss: 37.51102 = L_Mnfld: 11.69441 + L_NonMnfld: 14.89579 + L_Nrml: 0.00000 + L_Eknl: 6.75381 + L_Div: 0.00000 + L_Morse: 4.16701
Epoch: 0 [3430/10000 (34%)] Unweighted L_s : L_Mnfld: 0.00167,  L_NonMnfld: 0.02483,  L_Nrml: 0.00000,  L_Eknl: 0.13508, L_Morse: 0.78856

Weights: [7000.0, 600.0, 0, 50.0, 0.0, 5.2513000000000005], lr=5.000e-05
Epoch: 0 [3440/10000 (34%)] Loss: 39.22613 = L_Mnfld: 13.50725 + L_NonMnfld: 14.44836 + L_Nrml: 0.00000 + L_Eknl: 6.57856 + L_Div: 0.00000 + L_Morse: 4.69197
Epoch: 0 [3440/10000 (34%)] Unweighted L_s : L_Mnfld: 0.00193,  L_NonMnfld: 0.02408,  L_Nrml: 0.00000,  L_Eknl: 0.13157, L_Morse: 0.89349

Weights: [7000.0, 600.0, 0, 50.0, 0.0, 5.218300000000001], lr=5.000e-05
Epoch: 0 [3450/10000 (34%)] Loss: 51.78603 = L_Mnfld: 23.04504 + L_NonMnfld: 16.13394 + L_Nrml: 0.00000 + L_Eknl: 7.93953 + L_Div: 0.00000 + L_Morse: 4.66751
Epoch: 0 [3450/10000 (34%)] Unweighted L_s : L_Mnfld: 0.00329,  L_NonMnfld: 0.02689,  L_Nrml: 0.00000,  L_Eknl: 0.15879, L_Morse: 0.89445

Weights: [7000.0, 600.0, 0, 50.0, 0.0, 5.185300000000001], lr=5.000e-05
Epoch: 0 [3460/10000 (35%)] Loss: 54.23645 = L_Mnfld: 25.54916 + L_NonMnfld: 14.88456 + L_Nrml: 0.00000 + L_Eknl: 8.59198 + L_Div: 0.00000 + L_Morse: 5.21075
Epoch: 0 [3460/10000 (35%)] Unweighted L_s : L_Mnfld: 0.00365,  L_NonMnfld: 0.02481,  L_Nrml: 0.00000,  L_Eknl: 0.17184, L_Morse: 1.00491

Weights: [7000.0, 600.0, 0, 50.0, 0.0, 5.1523], lr=5.000e-05
Epoch: 0 [3470/10000 (35%)] Loss: 65.54277 = L_Mnfld: 32.38271 + L_NonMnfld: 16.54188 + L_Nrml: 0.00000 + L_Eknl: 10.71717 + L_Div: 0.00000 + L_Morse: 5.90102
Epoch: 0 [3470/10000 (35%)] Unweighted L_s : L_Mnfld: 0.00463,  L_NonMnfld: 0.02757,  L_Nrml: 0.00000,  L_Eknl: 0.21434, L_Morse: 1.14532

Weights: [7000.0, 600.0, 0, 50.0, 0.0, 5.119300000000001], lr=5.000e-05
Epoch: 0 [3480/10000 (35%)] Loss: 58.63520 = L_Mnfld: 27.99256 + L_NonMnfld: 14.80022 + L_Nrml: 0.00000 + L_Eknl: 10.07108 + L_Div: 0.00000 + L_Morse: 5.77133
Epoch: 0 [3480/10000 (35%)] Unweighted L_s : L_Mnfld: 0.00400,  L_NonMnfld: 0.02467,  L_Nrml: 0.00000,  L_Eknl: 0.20142, L_Morse: 1.12737

Weights: [7000.0, 600.0, 0, 50.0, 0.0, 5.0863000000000005], lr=5.000e-05
Epoch: 0 [3490/10000 (35%)] Loss: 68.32393 = L_Mnfld: 36.06070 + L_NonMnfld: 15.24908 + L_Nrml: 0.00000 + L_Eknl: 10.57512 + L_Div: 0.00000 + L_Morse: 6.43902
Epoch: 0 [3490/10000 (35%)] Unweighted L_s : L_Mnfld: 0.00515,  L_NonMnfld: 0.02542,  L_Nrml: 0.00000,  L_Eknl: 0.21150, L_Morse: 1.26595

Weights: [7000.0, 600.0, 0, 50.0, 0.0, 5.0533], lr=5.000e-05
Epoch: 0 [3500/10000 (35%)] Loss: 58.15621 = L_Mnfld: 24.77848 + L_NonMnfld: 17.07812 + L_Nrml: 0.00000 + L_Eknl: 11.15197 + L_Div: 0.00000 + L_Morse: 5.14764
Epoch: 0 [3500/10000 (35%)] Unweighted L_s : L_Mnfld: 0.00354,  L_NonMnfld: 0.02846,  L_Nrml: 0.00000,  L_Eknl: 0.22304, L_Morse: 1.01867

Weights: [7000.0, 600.0, 0, 50.0, 0.0, 5.020300000000001], lr=5.000e-05
Epoch: 0 [3510/10000 (35%)] Loss: 61.17925 = L_Mnfld: 31.28595 + L_NonMnfld: 15.65414 + L_Nrml: 0.00000 + L_Eknl: 9.15660 + L_Div: 0.00000 + L_Morse: 5.08257
Epoch: 0 [3510/10000 (35%)] Unweighted L_s : L_Mnfld: 0.00447,  L_NonMnfld: 0.02609,  L_Nrml: 0.00000,  L_Eknl: 0.18313, L_Morse: 1.01240

Weights: [7000.0, 600.0, 0, 50.0, 0.0, 4.9873], lr=5.000e-05
Epoch: 0 [3520/10000 (35%)] Loss: 49.16438 = L_Mnfld: 18.93014 + L_NonMnfld: 16.28517 + L_Nrml: 0.00000 + L_Eknl: 8.90395 + L_Div: 0.00000 + L_Morse: 5.04512
Epoch: 0 [3520/10000 (35%)] Unweighted L_s : L_Mnfld: 0.00270,  L_NonMnfld: 0.02714,  L_Nrml: 0.00000,  L_Eknl: 0.17808, L_Morse: 1.01159

Weights: [7000.0, 600.0, 0, 50.0, 0.0, 4.9543], lr=5.000e-05
Epoch: 0 [3530/10000 (35%)] Loss: 45.48632 = L_Mnfld: 17.38681 + L_NonMnfld: 14.88594 + L_Nrml: 0.00000 + L_Eknl: 8.43396 + L_Div: 0.00000 + L_Morse: 4.77962
Epoch: 0 [3530/10000 (35%)] Unweighted L_s : L_Mnfld: 0.00248,  L_NonMnfld: 0.02481,  L_Nrml: 0.00000,  L_Eknl: 0.16868, L_Morse: 0.96474

Weights: [7000.0, 600.0, 0, 50.0, 0.0, 4.9213000000000005], lr=5.000e-05
Epoch: 0 [3540/10000 (35%)] Loss: 34.94675 = L_Mnfld: 9.46520 + L_NonMnfld: 13.58365 + L_Nrml: 0.00000 + L_Eknl: 7.58216 + L_Div: 0.00000 + L_Morse: 4.31573
Epoch: 0 [3540/10000 (35%)] Unweighted L_s : L_Mnfld: 0.00135,  L_NonMnfld: 0.02264,  L_Nrml: 0.00000,  L_Eknl: 0.15164, L_Morse: 0.87695

Weights: [7000.0, 600.0, 0, 50.0, 0.0, 4.8883], lr=5.000e-05
Epoch: 0 [3550/10000 (36%)] Loss: 43.43738 = L_Mnfld: 16.38070 + L_NonMnfld: 14.94854 + L_Nrml: 0.00000 + L_Eknl: 7.84686 + L_Div: 0.00000 + L_Morse: 4.26129
Epoch: 0 [3550/10000 (36%)] Unweighted L_s : L_Mnfld: 0.00234,  L_NonMnfld: 0.02491,  L_Nrml: 0.00000,  L_Eknl: 0.15694, L_Morse: 0.87173

Weights: [7000.0, 600.0, 0, 50.0, 0.0, 4.8553], lr=5.000e-05
Epoch: 0 [3560/10000 (36%)] Loss: 39.13644 = L_Mnfld: 12.74463 + L_NonMnfld: 14.73907 + L_Nrml: 0.00000 + L_Eknl: 7.30070 + L_Div: 0.00000 + L_Morse: 4.35204
Epoch: 0 [3560/10000 (36%)] Unweighted L_s : L_Mnfld: 0.00182,  L_NonMnfld: 0.02457,  L_Nrml: 0.00000,  L_Eknl: 0.14601, L_Morse: 0.89635

Weights: [7000.0, 600.0, 0, 50.0, 0.0, 4.8223], lr=5.000e-05
Epoch: 0 [3570/10000 (36%)] Loss: 37.84924 = L_Mnfld: 11.36787 + L_NonMnfld: 15.15630 + L_Nrml: 0.00000 + L_Eknl: 7.05648 + L_Div: 0.00000 + L_Morse: 4.26859
Epoch: 0 [3570/10000 (36%)] Unweighted L_s : L_Mnfld: 0.00162,  L_NonMnfld: 0.02526,  L_Nrml: 0.00000,  L_Eknl: 0.14113, L_Morse: 0.88518

Weights: [7000.0, 600.0, 0, 50.0, 0.0, 4.7893], lr=5.000e-05
Epoch: 0 [3580/10000 (36%)] Loss: 34.30745 = L_Mnfld: 9.77655 + L_NonMnfld: 13.58785 + L_Nrml: 0.00000 + L_Eknl: 6.83969 + L_Div: 0.00000 + L_Morse: 4.10336
Epoch: 0 [3580/10000 (36%)] Unweighted L_s : L_Mnfld: 0.00140,  L_NonMnfld: 0.02265,  L_Nrml: 0.00000,  L_Eknl: 0.13679, L_Morse: 0.85678

Weights: [7000.0, 600.0, 0, 50.0, 0.0, 4.7562999999999995], lr=5.000e-05
Epoch: 0 [3590/10000 (36%)] Loss: 33.52016 = L_Mnfld: 8.56424 + L_NonMnfld: 14.37751 + L_Nrml: 0.00000 + L_Eknl: 6.64106 + L_Div: 0.00000 + L_Morse: 3.93734
Epoch: 0 [3590/10000 (36%)] Unweighted L_s : L_Mnfld: 0.00122,  L_NonMnfld: 0.02396,  L_Nrml: 0.00000,  L_Eknl: 0.13282, L_Morse: 0.82782

Weights: [7000.0, 600.0, 0, 50.0, 0.0, 4.7233], lr=5.000e-05
Epoch: 0 [3600/10000 (36%)] Loss: 31.53883 = L_Mnfld: 6.94757 + L_NonMnfld: 14.06443 + L_Nrml: 0.00000 + L_Eknl: 6.70181 + L_Div: 0.00000 + L_Morse: 3.82502
Epoch: 0 [3600/10000 (36%)] Unweighted L_s : L_Mnfld: 0.00099,  L_NonMnfld: 0.02344,  L_Nrml: 0.00000,  L_Eknl: 0.13404, L_Morse: 0.80982

Weights: [7000.0, 600.0, 0, 50.0, 0.0, 4.690300000000001], lr=5.000e-05
Epoch: 0 [3610/10000 (36%)] Loss: 30.96236 = L_Mnfld: 6.37601 + L_NonMnfld: 14.39172 + L_Nrml: 0.00000 + L_Eknl: 6.49191 + L_Div: 0.00000 + L_Morse: 3.70273
Epoch: 0 [3610/10000 (36%)] Unweighted L_s : L_Mnfld: 0.00091,  L_NonMnfld: 0.02399,  L_Nrml: 0.00000,  L_Eknl: 0.12984, L_Morse: 0.78944

Weights: [7000.0, 600.0, 0, 50.0, 0.0, 4.6573], lr=5.000e-05
Epoch: 0 [3620/10000 (36%)] Loss: 33.03665 = L_Mnfld: 7.68520 + L_NonMnfld: 14.71248 + L_Nrml: 0.00000 + L_Eknl: 6.68296 + L_Div: 0.00000 + L_Morse: 3.95601
Epoch: 0 [3620/10000 (36%)] Unweighted L_s : L_Mnfld: 0.00110,  L_NonMnfld: 0.02452,  L_Nrml: 0.00000,  L_Eknl: 0.13366, L_Morse: 0.84942

Weights: [7000.0, 600.0, 0, 50.0, 0.0, 4.6243], lr=5.000e-05
Epoch: 0 [3630/10000 (36%)] Loss: 31.37374 = L_Mnfld: 6.17498 + L_NonMnfld: 15.00029 + L_Nrml: 0.00000 + L_Eknl: 6.43062 + L_Div: 0.00000 + L_Morse: 3.76785
Epoch: 0 [3630/10000 (36%)] Unweighted L_s : L_Mnfld: 0.00088,  L_NonMnfld: 0.02500,  L_Nrml: 0.00000,  L_Eknl: 0.12861, L_Morse: 0.81479

Weights: [7000.0, 600.0, 0, 50.0, 0.0, 4.5913], lr=5.000e-05
Epoch: 0 [3640/10000 (36%)] Loss: 30.60830 = L_Mnfld: 6.41845 + L_NonMnfld: 14.31471 + L_Nrml: 0.00000 + L_Eknl: 6.35283 + L_Div: 0.00000 + L_Morse: 3.52230
Epoch: 0 [3640/10000 (36%)] Unweighted L_s : L_Mnfld: 0.00092,  L_NonMnfld: 0.02386,  L_Nrml: 0.00000,  L_Eknl: 0.12706, L_Morse: 0.76717

Weights: [7000.0, 600.0, 0, 50.0, 0.0, 4.5583], lr=5.000e-05
Epoch: 0 [3650/10000 (36%)] Loss: 32.12170 = L_Mnfld: 6.52441 + L_NonMnfld: 15.34711 + L_Nrml: 0.00000 + L_Eknl: 6.41225 + L_Div: 0.00000 + L_Morse: 3.83793
Epoch: 0 [3650/10000 (36%)] Unweighted L_s : L_Mnfld: 0.00093,  L_NonMnfld: 0.02558,  L_Nrml: 0.00000,  L_Eknl: 0.12825, L_Morse: 0.84197

Weights: [7000.0, 600.0, 0, 50.0, 0.0, 4.5253], lr=5.000e-05
Epoch: 0 [3660/10000 (37%)] Loss: 30.40734 = L_Mnfld: 5.78188 + L_NonMnfld: 14.50001 + L_Nrml: 0.00000 + L_Eknl: 6.25288 + L_Div: 0.00000 + L_Morse: 3.87257
Epoch: 0 [3660/10000 (37%)] Unweighted L_s : L_Mnfld: 0.00083,  L_NonMnfld: 0.02417,  L_Nrml: 0.00000,  L_Eknl: 0.12506, L_Morse: 0.85576

Weights: [7000.0, 600.0, 0, 50.0, 0.0, 4.4923], lr=5.000e-05
Epoch: 0 [3670/10000 (37%)] Loss: 31.02764 = L_Mnfld: 6.20304 + L_NonMnfld: 14.68947 + L_Nrml: 0.00000 + L_Eknl: 6.25298 + L_Div: 0.00000 + L_Morse: 3.88215
Epoch: 0 [3670/10000 (37%)] Unweighted L_s : L_Mnfld: 0.00089,  L_NonMnfld: 0.02448,  L_Nrml: 0.00000,  L_Eknl: 0.12506, L_Morse: 0.86418

Weights: [7000.0, 600.0, 0, 50.0, 0.0, 4.4593], lr=5.000e-05
Epoch: 0 [3680/10000 (37%)] Loss: 31.35130 = L_Mnfld: 6.55385 + L_NonMnfld: 15.04166 + L_Nrml: 0.00000 + L_Eknl: 6.18740 + L_Div: 0.00000 + L_Morse: 3.56838
Epoch: 0 [3680/10000 (37%)] Unweighted L_s : L_Mnfld: 0.00094,  L_NonMnfld: 0.02507,  L_Nrml: 0.00000,  L_Eknl: 0.12375, L_Morse: 0.80021

Weights: [7000.0, 600.0, 0, 50.0, 0.0, 4.4262999999999995], lr=5.000e-05
Epoch: 0 [3690/10000 (37%)] Loss: 29.62951 = L_Mnfld: 5.57416 + L_NonMnfld: 14.17046 + L_Nrml: 0.00000 + L_Eknl: 6.13470 + L_Div: 0.00000 + L_Morse: 3.75018
Epoch: 0 [3690/10000 (37%)] Unweighted L_s : L_Mnfld: 0.00080,  L_NonMnfld: 0.02362,  L_Nrml: 0.00000,  L_Eknl: 0.12269, L_Morse: 0.84725

Weights: [7000.0, 600.0, 0, 50.0, 0.0, 4.3933], lr=5.000e-05
Epoch: 0 [3700/10000 (37%)] Loss: 28.25402 = L_Mnfld: 5.86452 + L_NonMnfld: 12.59961 + L_Nrml: 0.00000 + L_Eknl: 6.10180 + L_Div: 0.00000 + L_Morse: 3.68809
Epoch: 0 [3700/10000 (37%)] Unweighted L_s : L_Mnfld: 0.00084,  L_NonMnfld: 0.02100,  L_Nrml: 0.00000,  L_Eknl: 0.12204, L_Morse: 0.83948

Weights: [7000.0, 600.0, 0, 50.0, 0.0, 4.3603], lr=5.000e-05
Epoch: 0 [3710/10000 (37%)] Loss: 30.36436 = L_Mnfld: 6.22455 + L_NonMnfld: 14.47153 + L_Nrml: 0.00000 + L_Eknl: 6.12707 + L_Div: 0.00000 + L_Morse: 3.54120
Epoch: 0 [3710/10000 (37%)] Unweighted L_s : L_Mnfld: 0.00089,  L_NonMnfld: 0.02412,  L_Nrml: 0.00000,  L_Eknl: 0.12254, L_Morse: 0.81215

Weights: [7000.0, 600.0, 0, 50.0, 0.0, 4.327299999999999], lr=5.000e-05
Epoch: 0 [3720/10000 (37%)] Loss: 29.18937 = L_Mnfld: 5.70258 + L_NonMnfld: 13.78247 + L_Nrml: 0.00000 + L_Eknl: 6.09853 + L_Div: 0.00000 + L_Morse: 3.60579
Epoch: 0 [3720/10000 (37%)] Unweighted L_s : L_Mnfld: 0.00081,  L_NonMnfld: 0.02297,  L_Nrml: 0.00000,  L_Eknl: 0.12197, L_Morse: 0.83327

Weights: [7000.0, 600.0, 0, 50.0, 0.0, 4.2943], lr=5.000e-05
Epoch: 0 [3730/10000 (37%)] Loss: 30.22139 = L_Mnfld: 5.51246 + L_NonMnfld: 15.23059 + L_Nrml: 0.00000 + L_Eknl: 6.04152 + L_Div: 0.00000 + L_Morse: 3.43682
Epoch: 0 [3730/10000 (37%)] Unweighted L_s : L_Mnfld: 0.00079,  L_NonMnfld: 0.02538,  L_Nrml: 0.00000,  L_Eknl: 0.12083, L_Morse: 0.80032

Weights: [7000.0, 600.0, 0, 50.0, 0.0, 4.261299999999999], lr=5.000e-05
Epoch: 0 [3740/10000 (37%)] Loss: 31.05031 = L_Mnfld: 5.96034 + L_NonMnfld: 15.39397 + L_Nrml: 0.00000 + L_Eknl: 6.12180 + L_Div: 0.00000 + L_Morse: 3.57420
Epoch: 0 [3740/10000 (37%)] Unweighted L_s : L_Mnfld: 0.00085,  L_NonMnfld: 0.02566,  L_Nrml: 0.00000,  L_Eknl: 0.12244, L_Morse: 0.83876

Weights: [7000.0, 600.0, 0, 50.0, 0.0, 4.228299999999999], lr=5.000e-05
Epoch: 0 [3750/10000 (38%)] Loss: 29.09875 = L_Mnfld: 5.35406 + L_NonMnfld: 14.35187 + L_Nrml: 0.00000 + L_Eknl: 5.81751 + L_Div: 0.00000 + L_Morse: 3.57532
Epoch: 0 [3750/10000 (38%)] Unweighted L_s : L_Mnfld: 0.00076,  L_NonMnfld: 0.02392,  L_Nrml: 0.00000,  L_Eknl: 0.11635, L_Morse: 0.84557

Weights: [7000.0, 600.0, 0, 50.0, 0.0, 4.1953], lr=5.000e-05
Epoch: 0 [3760/10000 (38%)] Loss: 30.30981 = L_Mnfld: 6.15478 + L_NonMnfld: 14.73077 + L_Nrml: 0.00000 + L_Eknl: 6.06384 + L_Div: 0.00000 + L_Morse: 3.36041
Epoch: 0 [3760/10000 (38%)] Unweighted L_s : L_Mnfld: 0.00088,  L_NonMnfld: 0.02455,  L_Nrml: 0.00000,  L_Eknl: 0.12128, L_Morse: 0.80099

Weights: [7000.0, 600.0, 0, 50.0, 0.0, 4.162299999999999], lr=5.000e-05
Epoch: 0 [3770/10000 (38%)] Loss: 28.77470 = L_Mnfld: 5.40506 + L_NonMnfld: 14.01643 + L_Nrml: 0.00000 + L_Eknl: 5.95152 + L_Div: 0.00000 + L_Morse: 3.40169
Epoch: 0 [3770/10000 (38%)] Unweighted L_s : L_Mnfld: 0.00077,  L_NonMnfld: 0.02336,  L_Nrml: 0.00000,  L_Eknl: 0.11903, L_Morse: 0.81726

Weights: [7000.0, 600.0, 0, 50.0, 0.0, 4.129299999999999], lr=5.000e-05
Epoch: 0 [3780/10000 (38%)] Loss: 30.00219 = L_Mnfld: 5.62666 + L_NonMnfld: 14.88386 + L_Nrml: 0.00000 + L_Eknl: 5.91674 + L_Div: 0.00000 + L_Morse: 3.57493
Epoch: 0 [3780/10000 (38%)] Unweighted L_s : L_Mnfld: 0.00080,  L_NonMnfld: 0.02481,  L_Nrml: 0.00000,  L_Eknl: 0.11833, L_Morse: 0.86575

Weights: [7000.0, 600.0, 0, 50.0, 0.0, 4.096299999999999], lr=5.000e-05
Epoch: 0 [3790/10000 (38%)] Loss: 28.44408 = L_Mnfld: 5.57950 + L_NonMnfld: 13.55153 + L_Nrml: 0.00000 + L_Eknl: 5.87207 + L_Div: 0.00000 + L_Morse: 3.44097
Epoch: 0 [3790/10000 (38%)] Unweighted L_s : L_Mnfld: 0.00080,  L_NonMnfld: 0.02259,  L_Nrml: 0.00000,  L_Eknl: 0.11744, L_Morse: 0.84002

Weights: [7000.0, 600.0, 0, 50.0, 0.0, 4.063299999999999], lr=5.000e-05
Epoch: 0 [3800/10000 (38%)] Loss: 29.20761 = L_Mnfld: 5.86723 + L_NonMnfld: 13.72442 + L_Nrml: 0.00000 + L_Eknl: 5.99002 + L_Div: 0.00000 + L_Morse: 3.62593
Epoch: 0 [3800/10000 (38%)] Unweighted L_s : L_Mnfld: 0.00084,  L_NonMnfld: 0.02287,  L_Nrml: 0.00000,  L_Eknl: 0.11980, L_Morse: 0.89236

Weights: [7000.0, 600.0, 0, 50.0, 0.0, 4.030299999999999], lr=5.000e-05
Epoch: 0 [3810/10000 (38%)] Loss: 26.91256 = L_Mnfld: 5.05809 + L_NonMnfld: 12.95629 + L_Nrml: 0.00000 + L_Eknl: 5.62539 + L_Div: 0.00000 + L_Morse: 3.27278
Epoch: 0 [3810/10000 (38%)] Unweighted L_s : L_Mnfld: 0.00072,  L_NonMnfld: 0.02159,  L_Nrml: 0.00000,  L_Eknl: 0.11251, L_Morse: 0.81204

Weights: [7000.0, 600.0, 0, 50.0, 0.0, 3.9973], lr=5.000e-05
Epoch: 0 [3820/10000 (38%)] Loss: 30.09821 = L_Mnfld: 5.94012 + L_NonMnfld: 14.63557 + L_Nrml: 0.00000 + L_Eknl: 5.95412 + L_Div: 0.00000 + L_Morse: 3.56841
Epoch: 0 [3820/10000 (38%)] Unweighted L_s : L_Mnfld: 0.00085,  L_NonMnfld: 0.02439,  L_Nrml: 0.00000,  L_Eknl: 0.11908, L_Morse: 0.89270

Weights: [7000.0, 600.0, 0, 50.0, 0.0, 3.9642999999999997], lr=5.000e-05
Epoch: 0 [3830/10000 (38%)] Loss: 28.02775 = L_Mnfld: 5.30596 + L_NonMnfld: 13.63151 + L_Nrml: 0.00000 + L_Eknl: 5.81030 + L_Div: 0.00000 + L_Morse: 3.27997
Epoch: 0 [3830/10000 (38%)] Unweighted L_s : L_Mnfld: 0.00076,  L_NonMnfld: 0.02272,  L_Nrml: 0.00000,  L_Eknl: 0.11621, L_Morse: 0.82738

Weights: [7000.0, 600.0, 0, 50.0, 0.0, 3.9312999999999994], lr=5.000e-05
Epoch: 0 [3840/10000 (38%)] Loss: 30.24171 = L_Mnfld: 7.36349 + L_NonMnfld: 13.79788 + L_Nrml: 0.00000 + L_Eknl: 5.85972 + L_Div: 0.00000 + L_Morse: 3.22063
Epoch: 0 [3840/10000 (38%)] Unweighted L_s : L_Mnfld: 0.00105,  L_NonMnfld: 0.02300,  L_Nrml: 0.00000,  L_Eknl: 0.11719, L_Morse: 0.81923

Weights: [7000.0, 600.0, 0, 50.0, 0.0, 3.8983], lr=5.000e-05
Epoch: 0 [3850/10000 (38%)] Loss: 29.36621 = L_Mnfld: 5.63863 + L_NonMnfld: 14.63825 + L_Nrml: 0.00000 + L_Eknl: 5.78385 + L_Div: 0.00000 + L_Morse: 3.30548
Epoch: 0 [3850/10000 (38%)] Unweighted L_s : L_Mnfld: 0.00081,  L_NonMnfld: 0.02440,  L_Nrml: 0.00000,  L_Eknl: 0.11568, L_Morse: 0.84793

Weights: [7000.0, 600.0, 0, 50.0, 0.0, 3.8652999999999995], lr=5.000e-05
Epoch: 0 [3860/10000 (39%)] Loss: 28.02373 = L_Mnfld: 6.03624 + L_NonMnfld: 12.99213 + L_Nrml: 0.00000 + L_Eknl: 5.72948 + L_Div: 0.00000 + L_Morse: 3.26588
Epoch: 0 [3860/10000 (39%)] Unweighted L_s : L_Mnfld: 0.00086,  L_NonMnfld: 0.02165,  L_Nrml: 0.00000,  L_Eknl: 0.11459, L_Morse: 0.84492

Weights: [7000.0, 600.0, 0, 50.0, 0.0, 3.832299999999999], lr=5.000e-05
Epoch: 0 [3870/10000 (39%)] Loss: 28.86284 = L_Mnfld: 6.10503 + L_NonMnfld: 13.77529 + L_Nrml: 0.00000 + L_Eknl: 5.81367 + L_Div: 0.00000 + L_Morse: 3.16885
Epoch: 0 [3870/10000 (39%)] Unweighted L_s : L_Mnfld: 0.00087,  L_NonMnfld: 0.02296,  L_Nrml: 0.00000,  L_Eknl: 0.11627, L_Morse: 0.82688

Weights: [7000.0, 600.0, 0, 50.0, 0.0, 3.7992999999999997], lr=5.000e-05
Epoch: 0 [3880/10000 (39%)] Loss: 29.31579 = L_Mnfld: 5.95496 + L_NonMnfld: 14.41167 + L_Nrml: 0.00000 + L_Eknl: 5.72292 + L_Div: 0.00000 + L_Morse: 3.22624
Epoch: 0 [3880/10000 (39%)] Unweighted L_s : L_Mnfld: 0.00085,  L_NonMnfld: 0.02402,  L_Nrml: 0.00000,  L_Eknl: 0.11446, L_Morse: 0.84917

Weights: [7000.0, 600.0, 0, 50.0, 0.0, 3.7662999999999993], lr=5.000e-05
Epoch: 0 [3890/10000 (39%)] Loss: 28.43483 = L_Mnfld: 5.41675 + L_NonMnfld: 14.02397 + L_Nrml: 0.00000 + L_Eknl: 5.66099 + L_Div: 0.00000 + L_Morse: 3.33312
Epoch: 0 [3890/10000 (39%)] Unweighted L_s : L_Mnfld: 0.00077,  L_NonMnfld: 0.02337,  L_Nrml: 0.00000,  L_Eknl: 0.11322, L_Morse: 0.88498

Weights: [7000.0, 600.0, 0, 50.0, 0.0, 3.733299999999999], lr=5.000e-05
Epoch: 0 [3900/10000 (39%)] Loss: 28.49093 = L_Mnfld: 5.56333 + L_NonMnfld: 14.04120 + L_Nrml: 0.00000 + L_Eknl: 5.65056 + L_Div: 0.00000 + L_Morse: 3.23585
Epoch: 0 [3900/10000 (39%)] Unweighted L_s : L_Mnfld: 0.00079,  L_NonMnfld: 0.02340,  L_Nrml: 0.00000,  L_Eknl: 0.11301, L_Morse: 0.86675

Weights: [7000.0, 600.0, 0, 50.0, 0.0, 3.7002999999999995], lr=5.000e-05
Epoch: 0 [3910/10000 (39%)] Loss: 28.31570 = L_Mnfld: 5.35908 + L_NonMnfld: 14.04356 + L_Nrml: 0.00000 + L_Eknl: 5.70081 + L_Div: 0.00000 + L_Morse: 3.21225
Epoch: 0 [3910/10000 (39%)] Unweighted L_s : L_Mnfld: 0.00077,  L_NonMnfld: 0.02341,  L_Nrml: 0.00000,  L_Eknl: 0.11402, L_Morse: 0.86811

Weights: [7000.0, 600.0, 0, 50.0, 0.0, 3.667299999999999], lr=5.000e-05
Epoch: 0 [3920/10000 (39%)] Loss: 27.99686 = L_Mnfld: 5.44855 + L_NonMnfld: 13.77051 + L_Nrml: 0.00000 + L_Eknl: 5.58487 + L_Div: 0.00000 + L_Morse: 3.19293
Epoch: 0 [3920/10000 (39%)] Unweighted L_s : L_Mnfld: 0.00078,  L_NonMnfld: 0.02295,  L_Nrml: 0.00000,  L_Eknl: 0.11170, L_Morse: 0.87065

Weights: [7000.0, 600.0, 0, 50.0, 0.0, 3.6342999999999988], lr=5.000e-05
Epoch: 0 [3930/10000 (39%)] Loss: 29.29355 = L_Mnfld: 5.54360 + L_NonMnfld: 15.04048 + L_Nrml: 0.00000 + L_Eknl: 5.57636 + L_Div: 0.00000 + L_Morse: 3.13310
Epoch: 0 [3930/10000 (39%)] Unweighted L_s : L_Mnfld: 0.00079,  L_NonMnfld: 0.02507,  L_Nrml: 0.00000,  L_Eknl: 0.11153, L_Morse: 0.86209

Weights: [7000.0, 600.0, 0, 50.0, 0.0, 3.601300000000001], lr=5.000e-05
Epoch: 0 [3940/10000 (39%)] Loss: 30.50541 = L_Mnfld: 6.26643 + L_NonMnfld: 15.48697 + L_Nrml: 0.00000 + L_Eknl: 5.61247 + L_Div: 0.00000 + L_Morse: 3.13954
Epoch: 0 [3940/10000 (39%)] Unweighted L_s : L_Mnfld: 0.00090,  L_NonMnfld: 0.02581,  L_Nrml: 0.00000,  L_Eknl: 0.11225, L_Morse: 0.87178

Weights: [7000.0, 600.0, 0, 50.0, 0.0, 3.5683000000000007], lr=5.000e-05
Epoch: 0 [3950/10000 (40%)] Loss: 29.12429 = L_Mnfld: 5.61227 + L_NonMnfld: 14.81608 + L_Nrml: 0.00000 + L_Eknl: 5.60921 + L_Div: 0.00000 + L_Morse: 3.08673
Epoch: 0 [3950/10000 (40%)] Unweighted L_s : L_Mnfld: 0.00080,  L_NonMnfld: 0.02469,  L_Nrml: 0.00000,  L_Eknl: 0.11218, L_Morse: 0.86504

Weights: [7000.0, 600.0, 0, 50.0, 0.0, 3.535300000000001], lr=5.000e-05
Epoch: 0 [3960/10000 (40%)] Loss: 28.29931 = L_Mnfld: 5.23366 + L_NonMnfld: 14.46030 + L_Nrml: 0.00000 + L_Eknl: 5.59271 + L_Div: 0.00000 + L_Morse: 3.01263
Epoch: 0 [3960/10000 (40%)] Unweighted L_s : L_Mnfld: 0.00075,  L_NonMnfld: 0.02410,  L_Nrml: 0.00000,  L_Eknl: 0.11185, L_Morse: 0.85216

Weights: [7000.0, 600.0, 0, 50.0, 0.0, 3.502300000000001], lr=5.000e-05
Epoch: 0 [3970/10000 (40%)] Loss: 28.59426 = L_Mnfld: 5.39676 + L_NonMnfld: 14.64810 + L_Nrml: 0.00000 + L_Eknl: 5.51760 + L_Div: 0.00000 + L_Morse: 3.03179
Epoch: 0 [3970/10000 (40%)] Unweighted L_s : L_Mnfld: 0.00077,  L_NonMnfld: 0.02441,  L_Nrml: 0.00000,  L_Eknl: 0.11035, L_Morse: 0.86566

Weights: [7000.0, 600.0, 0, 50.0, 0.0, 3.4693000000000005], lr=5.000e-05
Epoch: 0 [3980/10000 (40%)] Loss: 29.33642 = L_Mnfld: 6.34127 + L_NonMnfld: 14.45459 + L_Nrml: 0.00000 + L_Eknl: 5.44469 + L_Div: 0.00000 + L_Morse: 3.09587
Epoch: 0 [3980/10000 (40%)] Unweighted L_s : L_Mnfld: 0.00091,  L_NonMnfld: 0.02409,  L_Nrml: 0.00000,  L_Eknl: 0.10889, L_Morse: 0.89236

Weights: [7000.0, 600.0, 0, 50.0, 0.0, 3.436300000000001], lr=5.000e-05
Epoch: 0 [3990/10000 (40%)] Loss: 28.68527 = L_Mnfld: 5.19758 + L_NonMnfld: 14.89392 + L_Nrml: 0.00000 + L_Eknl: 5.44354 + L_Div: 0.00000 + L_Morse: 3.15022
Epoch: 0 [3990/10000 (40%)] Unweighted L_s : L_Mnfld: 0.00074,  L_NonMnfld: 0.02482,  L_Nrml: 0.00000,  L_Eknl: 0.10887, L_Morse: 0.91675

Weights: [7000.0, 600.0, 0, 50.0, 0.0, 3.4033000000000007], lr=5.000e-05
Epoch: 0 [4000/10000 (40%)] Loss: 28.16285 = L_Mnfld: 6.05769 + L_NonMnfld: 13.54656 + L_Nrml: 0.00000 + L_Eknl: 5.50901 + L_Div: 0.00000 + L_Morse: 3.04958
Epoch: 0 [4000/10000 (40%)] Unweighted L_s : L_Mnfld: 0.00087,  L_NonMnfld: 0.02258,  L_Nrml: 0.00000,  L_Eknl: 0.11018, L_Morse: 0.89607

Weights: [7000.0, 600.0, 0, 50.0, 0.0, 3.3703000000000003], lr=5.000e-05
Epoch: 0 [4010/10000 (40%)] Loss: 28.10273 = L_Mnfld: 5.91040 + L_NonMnfld: 13.80629 + L_Nrml: 0.00000 + L_Eknl: 5.32972 + L_Div: 0.00000 + L_Morse: 3.05632
Epoch: 0 [4010/10000 (40%)] Unweighted L_s : L_Mnfld: 0.00084,  L_NonMnfld: 0.02301,  L_Nrml: 0.00000,  L_Eknl: 0.10659, L_Morse: 0.90684

Weights: [7000.0, 600.0, 0, 50.0, 0.0, 3.337300000000001], lr=5.000e-05
Epoch: 0 [4020/10000 (40%)] Loss: 29.86882 = L_Mnfld: 6.19811 + L_NonMnfld: 15.24993 + L_Nrml: 0.00000 + L_Eknl: 5.43756 + L_Div: 0.00000 + L_Morse: 2.98322
Epoch: 0 [4020/10000 (40%)] Unweighted L_s : L_Mnfld: 0.00089,  L_NonMnfld: 0.02542,  L_Nrml: 0.00000,  L_Eknl: 0.10875, L_Morse: 0.89390

Weights: [7000.0, 600.0, 0, 50.0, 0.0, 3.3043000000000005], lr=5.000e-05
Epoch: 0 [4030/10000 (40%)] Loss: 27.59645 = L_Mnfld: 5.06511 + L_NonMnfld: 14.33273 + L_Nrml: 0.00000 + L_Eknl: 5.39557 + L_Div: 0.00000 + L_Morse: 2.80304
Epoch: 0 [4030/10000 (40%)] Unweighted L_s : L_Mnfld: 0.00072,  L_NonMnfld: 0.02389,  L_Nrml: 0.00000,  L_Eknl: 0.10791, L_Morse: 0.84830

Weights: [7000.0, 600.0, 0, 50.0, 0.0, 3.2713], lr=5.000e-05
Epoch: 0 [4040/10000 (40%)] Loss: 27.91736 = L_Mnfld: 5.68119 + L_NonMnfld: 14.00143 + L_Nrml: 0.00000 + L_Eknl: 5.27240 + L_Div: 0.00000 + L_Morse: 2.96234
Epoch: 0 [4040/10000 (40%)] Unweighted L_s : L_Mnfld: 0.00081,  L_NonMnfld: 0.02334,  L_Nrml: 0.00000,  L_Eknl: 0.10545, L_Morse: 0.90556

Weights: [7000.0, 600.0, 0, 50.0, 0.0, 3.2383000000000006], lr=5.000e-05
Epoch: 0 [4050/10000 (40%)] Loss: 27.12815 = L_Mnfld: 5.48805 + L_NonMnfld: 13.29806 + L_Nrml: 0.00000 + L_Eknl: 5.33958 + L_Div: 0.00000 + L_Morse: 3.00247
Epoch: 0 [4050/10000 (40%)] Unweighted L_s : L_Mnfld: 0.00078,  L_NonMnfld: 0.02216,  L_Nrml: 0.00000,  L_Eknl: 0.10679, L_Morse: 0.92717

Weights: [7000.0, 600.0, 0, 50.0, 0.0, 3.2053000000000003], lr=5.000e-05
Epoch: 0 [4060/10000 (41%)] Loss: 27.66970 = L_Mnfld: 6.67728 + L_NonMnfld: 12.42337 + L_Nrml: 0.00000 + L_Eknl: 5.45144 + L_Div: 0.00000 + L_Morse: 3.11761
Epoch: 0 [4060/10000 (41%)] Unweighted L_s : L_Mnfld: 0.00095,  L_NonMnfld: 0.02071,  L_Nrml: 0.00000,  L_Eknl: 0.10903, L_Morse: 0.97264

Weights: [7000.0, 600.0, 0, 50.0, 0.0, 3.1723], lr=5.000e-05
Epoch: 0 [4070/10000 (41%)] Loss: 28.36534 = L_Mnfld: 6.40378 + L_NonMnfld: 13.64468 + L_Nrml: 0.00000 + L_Eknl: 5.41204 + L_Div: 0.00000 + L_Morse: 2.90484
Epoch: 0 [4070/10000 (41%)] Unweighted L_s : L_Mnfld: 0.00091,  L_NonMnfld: 0.02274,  L_Nrml: 0.00000,  L_Eknl: 0.10824, L_Morse: 0.91569

Weights: [7000.0, 600.0, 0, 50.0, 0.0, 3.1393000000000004], lr=5.000e-05
Epoch: 0 [4080/10000 (41%)] Loss: 28.52419 = L_Mnfld: 6.51902 + L_NonMnfld: 13.63067 + L_Nrml: 0.00000 + L_Eknl: 5.42004 + L_Div: 0.00000 + L_Morse: 2.95447
Epoch: 0 [4080/10000 (41%)] Unweighted L_s : L_Mnfld: 0.00093,  L_NonMnfld: 0.02272,  L_Nrml: 0.00000,  L_Eknl: 0.10840, L_Morse: 0.94112

Weights: [7000.0, 600.0, 0, 50.0, 0.0, 3.1063], lr=5.000e-05
Epoch: 0 [4090/10000 (41%)] Loss: 27.90762 = L_Mnfld: 5.74420 + L_NonMnfld: 13.96920 + L_Nrml: 0.00000 + L_Eknl: 5.22670 + L_Div: 0.00000 + L_Morse: 2.96752
Epoch: 0 [4090/10000 (41%)] Unweighted L_s : L_Mnfld: 0.00082,  L_NonMnfld: 0.02328,  L_Nrml: 0.00000,  L_Eknl: 0.10453, L_Morse: 0.95532

Weights: [7000.0, 600.0, 0, 50.0, 0.0, 3.0732999999999997], lr=5.000e-05
Epoch: 0 [4100/10000 (41%)] Loss: 28.67838 = L_Mnfld: 6.05485 + L_NonMnfld: 14.35798 + L_Nrml: 0.00000 + L_Eknl: 5.30042 + L_Div: 0.00000 + L_Morse: 2.96513
Epoch: 0 [4100/10000 (41%)] Unweighted L_s : L_Mnfld: 0.00086,  L_NonMnfld: 0.02393,  L_Nrml: 0.00000,  L_Eknl: 0.10601, L_Morse: 0.96480

Weights: [7000.0, 600.0, 0, 50.0, 0.0, 3.0403000000000002], lr=5.000e-05
Epoch: 0 [4110/10000 (41%)] Loss: 28.56450 = L_Mnfld: 6.31355 + L_NonMnfld: 14.27864 + L_Nrml: 0.00000 + L_Eknl: 5.21291 + L_Div: 0.00000 + L_Morse: 2.75941
Epoch: 0 [4110/10000 (41%)] Unweighted L_s : L_Mnfld: 0.00090,  L_NonMnfld: 0.02380,  L_Nrml: 0.00000,  L_Eknl: 0.10426, L_Morse: 0.90761

Weights: [7000.0, 600.0, 0, 50.0, 0.0, 3.0073], lr=5.000e-05
Epoch: 0 [4120/10000 (41%)] Loss: 27.44779 = L_Mnfld: 6.28492 + L_NonMnfld: 13.01979 + L_Nrml: 0.00000 + L_Eknl: 5.28949 + L_Div: 0.00000 + L_Morse: 2.85360
Epoch: 0 [4120/10000 (41%)] Unweighted L_s : L_Mnfld: 0.00090,  L_NonMnfld: 0.02170,  L_Nrml: 0.00000,  L_Eknl: 0.10579, L_Morse: 0.94889

Weights: [7000.0, 600.0, 0, 50.0, 0.0, 2.9742999999999995], lr=5.000e-05
Epoch: 0 [4130/10000 (41%)] Loss: 27.64100 = L_Mnfld: 5.38265 + L_NonMnfld: 14.22228 + L_Nrml: 0.00000 + L_Eknl: 5.18282 + L_Div: 0.00000 + L_Morse: 2.85325
Epoch: 0 [4130/10000 (41%)] Unweighted L_s : L_Mnfld: 0.00077,  L_NonMnfld: 0.02370,  L_Nrml: 0.00000,  L_Eknl: 0.10366, L_Morse: 0.95930

Weights: [7000.0, 600.0, 0, 50.0, 0.0, 2.9413], lr=5.000e-05
Epoch: 0 [4140/10000 (41%)] Loss: 28.56478 = L_Mnfld: 6.68030 + L_NonMnfld: 13.91712 + L_Nrml: 0.00000 + L_Eknl: 5.19127 + L_Div: 0.00000 + L_Morse: 2.77608
Epoch: 0 [4140/10000 (41%)] Unweighted L_s : L_Mnfld: 0.00095,  L_NonMnfld: 0.02320,  L_Nrml: 0.00000,  L_Eknl: 0.10383, L_Morse: 0.94383

Weights: [7000.0, 600.0, 0, 50.0, 0.0, 2.9082999999999997], lr=5.000e-05
Epoch: 0 [4150/10000 (42%)] Loss: 28.61356 = L_Mnfld: 6.19092 + L_NonMnfld: 14.65859 + L_Nrml: 0.00000 + L_Eknl: 5.09863 + L_Div: 0.00000 + L_Morse: 2.66543
Epoch: 0 [4150/10000 (42%)] Unweighted L_s : L_Mnfld: 0.00088,  L_NonMnfld: 0.02443,  L_Nrml: 0.00000,  L_Eknl: 0.10197, L_Morse: 0.91649

Weights: [7000.0, 600.0, 0, 50.0, 0.0, 2.8752999999999993], lr=5.000e-05
Epoch: 0 [4160/10000 (42%)] Loss: 29.93944 = L_Mnfld: 6.99627 + L_NonMnfld: 14.41094 + L_Nrml: 0.00000 + L_Eknl: 5.58431 + L_Div: 0.00000 + L_Morse: 2.94791
Epoch: 0 [4160/10000 (42%)] Unweighted L_s : L_Mnfld: 0.00100,  L_NonMnfld: 0.02402,  L_Nrml: 0.00000,  L_Eknl: 0.11169, L_Morse: 1.02525

Weights: [7000.0, 600.0, 0, 50.0, 0.0, 2.8423], lr=5.000e-05
Epoch: 0 [4170/10000 (42%)] Loss: 29.09408 = L_Mnfld: 7.01302 + L_NonMnfld: 14.20566 + L_Nrml: 0.00000 + L_Eknl: 5.14791 + L_Div: 0.00000 + L_Morse: 2.72750
Epoch: 0 [4170/10000 (42%)] Unweighted L_s : L_Mnfld: 0.00100,  L_NonMnfld: 0.02368,  L_Nrml: 0.00000,  L_Eknl: 0.10296, L_Morse: 0.95961

Weights: [7000.0, 600.0, 0, 50.0, 0.0, 2.8092999999999995], lr=5.000e-05
Epoch: 0 [4180/10000 (42%)] Loss: 28.41576 = L_Mnfld: 6.66109 + L_NonMnfld: 14.05876 + L_Nrml: 0.00000 + L_Eknl: 5.08499 + L_Div: 0.00000 + L_Morse: 2.61091
Epoch: 0 [4180/10000 (42%)] Unweighted L_s : L_Mnfld: 0.00095,  L_NonMnfld: 0.02343,  L_Nrml: 0.00000,  L_Eknl: 0.10170, L_Morse: 0.92938

Weights: [7000.0, 600.0, 0, 50.0, 0.0, 2.776299999999999], lr=5.000e-05
Epoch: 0 [4190/10000 (42%)] Loss: 27.79071 = L_Mnfld: 5.75206 + L_NonMnfld: 14.21264 + L_Nrml: 0.00000 + L_Eknl: 5.11688 + L_Div: 0.00000 + L_Morse: 2.70912
Epoch: 0 [4190/10000 (42%)] Unweighted L_s : L_Mnfld: 0.00082,  L_NonMnfld: 0.02369,  L_Nrml: 0.00000,  L_Eknl: 0.10234, L_Morse: 0.97580

Weights: [7000.0, 600.0, 0, 50.0, 0.0, 2.7432999999999996], lr=5.000e-05
Epoch: 0 [4200/10000 (42%)] Loss: 26.51780 = L_Mnfld: 5.84639 + L_NonMnfld: 12.82295 + L_Nrml: 0.00000 + L_Eknl: 5.22614 + L_Div: 0.00000 + L_Morse: 2.62231
Epoch: 0 [4200/10000 (42%)] Unweighted L_s : L_Mnfld: 0.00084,  L_NonMnfld: 0.02137,  L_Nrml: 0.00000,  L_Eknl: 0.10452, L_Morse: 0.95590

Weights: [7000.0, 600.0, 0, 50.0, 0.0, 2.7102999999999993], lr=5.000e-05
Epoch: 0 [4210/10000 (42%)] Loss: 26.75387 = L_Mnfld: 5.98319 + L_NonMnfld: 12.89636 + L_Nrml: 0.00000 + L_Eknl: 5.20150 + L_Div: 0.00000 + L_Morse: 2.67282
Epoch: 0 [4210/10000 (42%)] Unweighted L_s : L_Mnfld: 0.00085,  L_NonMnfld: 0.02149,  L_Nrml: 0.00000,  L_Eknl: 0.10403, L_Morse: 0.98617

Weights: [7000.0, 600.0, 0, 50.0, 0.0, 2.677299999999999], lr=5.000e-05
Epoch: 0 [4220/10000 (42%)] Loss: 29.58492 = L_Mnfld: 7.40854 + L_NonMnfld: 14.20751 + L_Nrml: 0.00000 + L_Eknl: 5.24257 + L_Div: 0.00000 + L_Morse: 2.72629
Epoch: 0 [4220/10000 (42%)] Unweighted L_s : L_Mnfld: 0.00106,  L_NonMnfld: 0.02368,  L_Nrml: 0.00000,  L_Eknl: 0.10485, L_Morse: 1.01830

Weights: [7000.0, 600.0, 0, 50.0, 0.0, 2.6442999999999994], lr=5.000e-05
Epoch: 0 [4230/10000 (42%)] Loss: 28.29351 = L_Mnfld: 6.53272 + L_NonMnfld: 13.99153 + L_Nrml: 0.00000 + L_Eknl: 5.06098 + L_Div: 0.00000 + L_Morse: 2.70830
Epoch: 0 [4230/10000 (42%)] Unweighted L_s : L_Mnfld: 0.00093,  L_NonMnfld: 0.02332,  L_Nrml: 0.00000,  L_Eknl: 0.10122, L_Morse: 1.02420

Weights: [7000.0, 600.0, 0, 50.0, 0.0, 2.611300000000001], lr=5.000e-05
Epoch: 0 [4240/10000 (42%)] Loss: 28.28395 = L_Mnfld: 6.13517 + L_NonMnfld: 14.46581 + L_Nrml: 0.00000 + L_Eknl: 4.97029 + L_Div: 0.00000 + L_Morse: 2.71267
Epoch: 0 [4240/10000 (42%)] Unweighted L_s : L_Mnfld: 0.00088,  L_NonMnfld: 0.02411,  L_Nrml: 0.00000,  L_Eknl: 0.09941, L_Morse: 1.03882

Weights: [7000.0, 600.0, 0, 50.0, 0.0, 2.5783000000000005], lr=5.000e-05
Epoch: 0 [4250/10000 (42%)] Loss: 26.71095 = L_Mnfld: 6.31425 + L_NonMnfld: 12.85201 + L_Nrml: 0.00000 + L_Eknl: 4.99043 + L_Div: 0.00000 + L_Morse: 2.55426
Epoch: 0 [4250/10000 (42%)] Unweighted L_s : L_Mnfld: 0.00090,  L_NonMnfld: 0.02142,  L_Nrml: 0.00000,  L_Eknl: 0.09981, L_Morse: 0.99068

Weights: [7000.0, 600.0, 0, 50.0, 0.0, 2.5453], lr=5.000e-05
Epoch: 0 [4260/10000 (43%)] Loss: 25.90093 = L_Mnfld: 5.58184 + L_NonMnfld: 12.95985 + L_Nrml: 0.00000 + L_Eknl: 4.83482 + L_Div: 0.00000 + L_Morse: 2.52442
Epoch: 0 [4260/10000 (43%)] Unweighted L_s : L_Mnfld: 0.00080,  L_NonMnfld: 0.02160,  L_Nrml: 0.00000,  L_Eknl: 0.09670, L_Morse: 0.99180

Weights: [7000.0, 600.0, 0, 50.0, 0.0, 2.5123000000000006], lr=5.000e-05
Epoch: 0 [4270/10000 (43%)] Loss: 27.48687 = L_Mnfld: 5.47362 + L_NonMnfld: 14.48298 + L_Nrml: 0.00000 + L_Eknl: 4.96376 + L_Div: 0.00000 + L_Morse: 2.56651
Epoch: 0 [4270/10000 (43%)] Unweighted L_s : L_Mnfld: 0.00078,  L_NonMnfld: 0.02414,  L_Nrml: 0.00000,  L_Eknl: 0.09928, L_Morse: 1.02158

Weights: [7000.0, 600.0, 0, 50.0, 0.0, 2.4793000000000003], lr=5.000e-05
Epoch: 0 [4280/10000 (43%)] Loss: 27.09539 = L_Mnfld: 6.39646 + L_NonMnfld: 13.09123 + L_Nrml: 0.00000 + L_Eknl: 5.10536 + L_Div: 0.00000 + L_Morse: 2.50234
Epoch: 0 [4280/10000 (43%)] Unweighted L_s : L_Mnfld: 0.00091,  L_NonMnfld: 0.02182,  L_Nrml: 0.00000,  L_Eknl: 0.10211, L_Morse: 1.00929

Weights: [7000.0, 600.0, 0, 50.0, 0.0, 2.4463], lr=5.000e-05
Epoch: 0 [4290/10000 (43%)] Loss: 25.74897 = L_Mnfld: 5.92854 + L_NonMnfld: 12.67662 + L_Nrml: 0.00000 + L_Eknl: 4.77589 + L_Div: 0.00000 + L_Morse: 2.36791
Epoch: 0 [4290/10000 (43%)] Unweighted L_s : L_Mnfld: 0.00085,  L_NonMnfld: 0.02113,  L_Nrml: 0.00000,  L_Eknl: 0.09552, L_Morse: 0.96796

Weights: [7000.0, 600.0, 0, 50.0, 0.0, 2.4133000000000004], lr=5.000e-05
Epoch: 0 [4300/10000 (43%)] Loss: 27.38845 = L_Mnfld: 6.50474 + L_NonMnfld: 13.49705 + L_Nrml: 0.00000 + L_Eknl: 4.91414 + L_Div: 0.00000 + L_Morse: 2.47251
Epoch: 0 [4300/10000 (43%)] Unweighted L_s : L_Mnfld: 0.00093,  L_NonMnfld: 0.02250,  L_Nrml: 0.00000,  L_Eknl: 0.09828, L_Morse: 1.02454

Weights: [7000.0, 600.0, 0, 50.0, 0.0, 2.3803], lr=5.000e-05
Epoch: 0 [4310/10000 (43%)] Loss: 26.08504 = L_Mnfld: 5.49438 + L_NonMnfld: 13.39070 + L_Nrml: 0.00000 + L_Eknl: 4.75728 + L_Div: 0.00000 + L_Morse: 2.44268
Epoch: 0 [4310/10000 (43%)] Unweighted L_s : L_Mnfld: 0.00078,  L_NonMnfld: 0.02232,  L_Nrml: 0.00000,  L_Eknl: 0.09515, L_Morse: 1.02621

Weights: [7000.0, 600.0, 0, 50.0, 0.0, 2.3472999999999997], lr=5.000e-05
Epoch: 0 [4320/10000 (43%)] Loss: 26.04955 = L_Mnfld: 5.56487 + L_NonMnfld: 13.14470 + L_Nrml: 0.00000 + L_Eknl: 4.87723 + L_Div: 0.00000 + L_Morse: 2.46275
Epoch: 0 [4320/10000 (43%)] Unweighted L_s : L_Mnfld: 0.00079,  L_NonMnfld: 0.02191,  L_Nrml: 0.00000,  L_Eknl: 0.09754, L_Morse: 1.04918

Weights: [7000.0, 600.0, 0, 50.0, 0.0, 2.3143000000000002], lr=5.000e-05
Epoch: 0 [4330/10000 (43%)] Loss: 26.91558 = L_Mnfld: 6.47884 + L_NonMnfld: 13.26566 + L_Nrml: 0.00000 + L_Eknl: 4.72286 + L_Div: 0.00000 + L_Morse: 2.44821
Epoch: 0 [4330/10000 (43%)] Unweighted L_s : L_Mnfld: 0.00093,  L_NonMnfld: 0.02211,  L_Nrml: 0.00000,  L_Eknl: 0.09446, L_Morse: 1.05786

Weights: [7000.0, 600.0, 0, 50.0, 0.0, 2.2813], lr=5.000e-05
Epoch: 0 [4340/10000 (43%)] Loss: 25.98049 = L_Mnfld: 5.56449 + L_NonMnfld: 13.26231 + L_Nrml: 0.00000 + L_Eknl: 4.81645 + L_Div: 0.00000 + L_Morse: 2.33724
Epoch: 0 [4340/10000 (43%)] Unweighted L_s : L_Mnfld: 0.00079,  L_NonMnfld: 0.02210,  L_Nrml: 0.00000,  L_Eknl: 0.09633, L_Morse: 1.02452

Weights: [7000.0, 600.0, 0, 50.0, 0.0, 2.2482999999999995], lr=5.000e-05
Epoch: 0 [4350/10000 (44%)] Loss: 26.65008 = L_Mnfld: 6.21782 + L_NonMnfld: 13.34883 + L_Nrml: 0.00000 + L_Eknl: 4.76964 + L_Div: 0.00000 + L_Morse: 2.31378
Epoch: 0 [4350/10000 (44%)] Unweighted L_s : L_Mnfld: 0.00089,  L_NonMnfld: 0.02225,  L_Nrml: 0.00000,  L_Eknl: 0.09539, L_Morse: 1.02913

Weights: [7000.0, 600.0, 0, 50.0, 0.0, 2.2153], lr=5.000e-05
Epoch: 0 [4360/10000 (44%)] Loss: 27.22342 = L_Mnfld: 6.31603 + L_NonMnfld: 13.62788 + L_Nrml: 0.00000 + L_Eknl: 4.88183 + L_Div: 0.00000 + L_Morse: 2.39768
Epoch: 0 [4360/10000 (44%)] Unweighted L_s : L_Mnfld: 0.00090,  L_NonMnfld: 0.02271,  L_Nrml: 0.00000,  L_Eknl: 0.09764, L_Morse: 1.08233

Weights: [7000.0, 600.0, 0, 50.0, 0.0, 2.1822999999999997], lr=5.000e-05
Epoch: 0 [4370/10000 (44%)] Loss: 25.72964 = L_Mnfld: 5.14348 + L_NonMnfld: 13.45009 + L_Nrml: 0.00000 + L_Eknl: 4.75243 + L_Div: 0.00000 + L_Morse: 2.38365
Epoch: 0 [4370/10000 (44%)] Unweighted L_s : L_Mnfld: 0.00073,  L_NonMnfld: 0.02242,  L_Nrml: 0.00000,  L_Eknl: 0.09505, L_Morse: 1.09226

Weights: [7000.0, 600.0, 0, 50.0, 0.0, 2.1492999999999993], lr=5.000e-05
Epoch: 0 [4380/10000 (44%)] Loss: 26.35868 = L_Mnfld: 5.87111 + L_NonMnfld: 13.58817 + L_Nrml: 0.00000 + L_Eknl: 4.73023 + L_Div: 0.00000 + L_Morse: 2.16917
Epoch: 0 [4380/10000 (44%)] Unweighted L_s : L_Mnfld: 0.00084,  L_NonMnfld: 0.02265,  L_Nrml: 0.00000,  L_Eknl: 0.09460, L_Morse: 1.00925

Weights: [7000.0, 600.0, 0, 50.0, 0.0, 2.1163], lr=5.000e-05
Epoch: 0 [4390/10000 (44%)] Loss: 26.57668 = L_Mnfld: 6.53077 + L_NonMnfld: 13.18067 + L_Nrml: 0.00000 + L_Eknl: 4.66635 + L_Div: 0.00000 + L_Morse: 2.19888
Epoch: 0 [4390/10000 (44%)] Unweighted L_s : L_Mnfld: 0.00093,  L_NonMnfld: 0.02197,  L_Nrml: 0.00000,  L_Eknl: 0.09333, L_Morse: 1.03902

Weights: [7000.0, 600.0, 0, 50.0, 0.0, 2.0832999999999995], lr=5.000e-05
Epoch: 0 [4400/10000 (44%)] Loss: 27.97697 = L_Mnfld: 7.26230 + L_NonMnfld: 13.81204 + L_Nrml: 0.00000 + L_Eknl: 4.69670 + L_Div: 0.00000 + L_Morse: 2.20592
Epoch: 0 [4400/10000 (44%)] Unweighted L_s : L_Mnfld: 0.00104,  L_NonMnfld: 0.02302,  L_Nrml: 0.00000,  L_Eknl: 0.09393, L_Morse: 1.05886

Weights: [7000.0, 600.0, 0, 50.0, 0.0, 2.050299999999999], lr=5.000e-05
Epoch: 0 [4410/10000 (44%)] Loss: 27.62083 = L_Mnfld: 7.13048 + L_NonMnfld: 13.69747 + L_Nrml: 0.00000 + L_Eknl: 4.63119 + L_Div: 0.00000 + L_Morse: 2.16168
Epoch: 0 [4410/10000 (44%)] Unweighted L_s : L_Mnfld: 0.00102,  L_NonMnfld: 0.02283,  L_Nrml: 0.00000,  L_Eknl: 0.09262, L_Morse: 1.05433

Weights: [7000.0, 600.0, 0, 50.0, 0.0, 2.0172999999999996], lr=5.000e-05
Epoch: 0 [4420/10000 (44%)] Loss: 27.72661 = L_Mnfld: 7.40554 + L_NonMnfld: 13.45804 + L_Nrml: 0.00000 + L_Eknl: 4.69967 + L_Div: 0.00000 + L_Morse: 2.16336
Epoch: 0 [4420/10000 (44%)] Unweighted L_s : L_Mnfld: 0.00106,  L_NonMnfld: 0.02243,  L_Nrml: 0.00000,  L_Eknl: 0.09399, L_Morse: 1.07240

Weights: [7000.0, 600.0, 0, 50.0, 0.0, 1.9842999999999993], lr=5.000e-05
Epoch: 0 [4430/10000 (44%)] Loss: 28.02128 = L_Mnfld: 6.81389 + L_NonMnfld: 14.04413 + L_Nrml: 0.00000 + L_Eknl: 5.02184 + L_Div: 0.00000 + L_Morse: 2.14142
Epoch: 0 [4430/10000 (44%)] Unweighted L_s : L_Mnfld: 0.00097,  L_NonMnfld: 0.02341,  L_Nrml: 0.00000,  L_Eknl: 0.10044, L_Morse: 1.07918

Weights: [7000.0, 600.0, 0, 50.0, 0.0, 1.9512999999999998], lr=5.000e-05
Epoch: 0 [4440/10000 (44%)] Loss: 26.43803 = L_Mnfld: 6.42039 + L_NonMnfld: 13.14602 + L_Nrml: 0.00000 + L_Eknl: 4.76074 + L_Div: 0.00000 + L_Morse: 2.11088
Epoch: 0 [4440/10000 (44%)] Unweighted L_s : L_Mnfld: 0.00092,  L_NonMnfld: 0.02191,  L_Nrml: 0.00000,  L_Eknl: 0.09521, L_Morse: 1.08178

Weights: [7000.0, 600.0, 0, 50.0, 0.0, 1.9182999999999986], lr=5.000e-05
Epoch: 0 [4450/10000 (44%)] Loss: 27.50049 = L_Mnfld: 6.99396 + L_NonMnfld: 13.57703 + L_Nrml: 0.00000 + L_Eknl: 4.75779 + L_Div: 0.00000 + L_Morse: 2.17171
Epoch: 0 [4450/10000 (44%)] Unweighted L_s : L_Mnfld: 0.00100,  L_NonMnfld: 0.02263,  L_Nrml: 0.00000,  L_Eknl: 0.09516, L_Morse: 1.13210

Weights: [7000.0, 600.0, 0, 50.0, 0.0, 1.885299999999999], lr=5.000e-05
Epoch: 0 [4460/10000 (45%)] Loss: 27.59900 = L_Mnfld: 7.33152 + L_NonMnfld: 13.14760 + L_Nrml: 0.00000 + L_Eknl: 4.96533 + L_Div: 0.00000 + L_Morse: 2.15454
Epoch: 0 [4460/10000 (45%)] Unweighted L_s : L_Mnfld: 0.00105,  L_NonMnfld: 0.02191,  L_Nrml: 0.00000,  L_Eknl: 0.09931, L_Morse: 1.14281

Weights: [7000.0, 600.0, 0, 50.0, 0.0, 1.8522999999999996], lr=5.000e-05
Epoch: 0 [4470/10000 (45%)] Loss: 26.90776 = L_Mnfld: 7.37829 + L_NonMnfld: 13.01365 + L_Nrml: 0.00000 + L_Eknl: 4.54429 + L_Div: 0.00000 + L_Morse: 1.97153
Epoch: 0 [4470/10000 (45%)] Unweighted L_s : L_Mnfld: 0.00105,  L_NonMnfld: 0.02169,  L_Nrml: 0.00000,  L_Eknl: 0.09089, L_Morse: 1.06437

Weights: [7000.0, 600.0, 0, 50.0, 0.0, 1.8192999999999984], lr=5.000e-05
Epoch: 0 [4480/10000 (45%)] Loss: 27.92327 = L_Mnfld: 6.73201 + L_NonMnfld: 14.50304 + L_Nrml: 0.00000 + L_Eknl: 4.62826 + L_Div: 0.00000 + L_Morse: 2.05996
Epoch: 0 [4480/10000 (45%)] Unweighted L_s : L_Mnfld: 0.00096,  L_NonMnfld: 0.02417,  L_Nrml: 0.00000,  L_Eknl: 0.09257, L_Morse: 1.13228

Weights: [7000.0, 600.0, 0, 50.0, 0.0, 1.7862999999999989], lr=5.000e-05
Epoch: 0 [4490/10000 (45%)] Loss: 27.87039 = L_Mnfld: 6.82877 + L_NonMnfld: 14.29456 + L_Nrml: 0.00000 + L_Eknl: 4.81201 + L_Div: 0.00000 + L_Morse: 1.93506
Epoch: 0 [4490/10000 (45%)] Unweighted L_s : L_Mnfld: 0.00098,  L_NonMnfld: 0.02382,  L_Nrml: 0.00000,  L_Eknl: 0.09624, L_Morse: 1.08328

Weights: [7000.0, 600.0, 0, 50.0, 0.0, 1.7532999999999994], lr=5.000e-05
Epoch: 0 [4500/10000 (45%)] Loss: 27.13132 = L_Mnfld: 6.49716 + L_NonMnfld: 14.11450 + L_Nrml: 0.00000 + L_Eknl: 4.56007 + L_Div: 0.00000 + L_Morse: 1.95959
Epoch: 0 [4500/10000 (45%)] Unweighted L_s : L_Mnfld: 0.00093,  L_NonMnfld: 0.02352,  L_Nrml: 0.00000,  L_Eknl: 0.09120, L_Morse: 1.11766

Weights: [7000.0, 600.0, 0, 50.0, 0.0, 1.7202999999999982], lr=5.000e-05
Epoch: 0 [4510/10000 (45%)] Loss: 27.74798 = L_Mnfld: 7.15474 + L_NonMnfld: 14.05640 + L_Nrml: 0.00000 + L_Eknl: 4.57738 + L_Div: 0.00000 + L_Morse: 1.95948
Epoch: 0 [4510/10000 (45%)] Unweighted L_s : L_Mnfld: 0.00102,  L_NonMnfld: 0.02343,  L_Nrml: 0.00000,  L_Eknl: 0.09155, L_Morse: 1.13903

Weights: [7000.0, 600.0, 0, 50.0, 0.0, 1.6872999999999987], lr=5.000e-05
Epoch: 0 [4520/10000 (45%)] Loss: 27.55518 = L_Mnfld: 7.66980 + L_NonMnfld: 13.07825 + L_Nrml: 0.00000 + L_Eknl: 4.86254 + L_Div: 0.00000 + L_Morse: 1.94459
Epoch: 0 [4520/10000 (45%)] Unweighted L_s : L_Mnfld: 0.00110,  L_NonMnfld: 0.02180,  L_Nrml: 0.00000,  L_Eknl: 0.09725, L_Morse: 1.15249

Weights: [7000.0, 600.0, 0, 50.0, 0.0, 1.6542999999999992], lr=5.000e-05
Epoch: 0 [4530/10000 (45%)] Loss: 28.45405 = L_Mnfld: 8.86308 + L_NonMnfld: 12.91382 + L_Nrml: 0.00000 + L_Eknl: 4.75255 + L_Div: 0.00000 + L_Morse: 1.92460
Epoch: 0 [4530/10000 (45%)] Unweighted L_s : L_Mnfld: 0.00127,  L_NonMnfld: 0.02152,  L_Nrml: 0.00000,  L_Eknl: 0.09505, L_Morse: 1.16339

Weights: [7000.0, 600.0, 0, 50.0, 0.0, 1.621299999999998], lr=5.000e-05
Epoch: 0 [4540/10000 (45%)] Loss: 27.97048 = L_Mnfld: 7.68689 + L_NonMnfld: 13.73442 + L_Nrml: 0.00000 + L_Eknl: 4.70999 + L_Div: 0.00000 + L_Morse: 1.83919
Epoch: 0 [4540/10000 (45%)] Unweighted L_s : L_Mnfld: 0.00110,  L_NonMnfld: 0.02289,  L_Nrml: 0.00000,  L_Eknl: 0.09420, L_Morse: 1.13439

Weights: [7000.0, 600.0, 0, 50.0, 0.0, 1.5882999999999985], lr=5.000e-05
Epoch: 0 [4550/10000 (46%)] Loss: 25.94043 = L_Mnfld: 6.38776 + L_NonMnfld: 13.20560 + L_Nrml: 0.00000 + L_Eknl: 4.46743 + L_Div: 0.00000 + L_Morse: 1.87963
Epoch: 0 [4550/10000 (46%)] Unweighted L_s : L_Mnfld: 0.00091,  L_NonMnfld: 0.02201,  L_Nrml: 0.00000,  L_Eknl: 0.08935, L_Morse: 1.18343

Weights: [7000.0, 600.0, 0, 50.0, 0.0, 1.555299999999999], lr=5.000e-05
Epoch: 0 [4560/10000 (46%)] Loss: 27.35307 = L_Mnfld: 8.44525 + L_NonMnfld: 12.24323 + L_Nrml: 0.00000 + L_Eknl: 4.84029 + L_Div: 0.00000 + L_Morse: 1.82430
Epoch: 0 [4560/10000 (46%)] Unweighted L_s : L_Mnfld: 0.00121,  L_NonMnfld: 0.02041,  L_Nrml: 0.00000,  L_Eknl: 0.09681, L_Morse: 1.17296

Weights: [7000.0, 600.0, 0, 50.0, 0.0, 1.5223000000000013], lr=5.000e-05
Epoch: 0 [4570/10000 (46%)] Loss: 27.86173 = L_Mnfld: 7.90482 + L_NonMnfld: 13.58080 + L_Nrml: 0.00000 + L_Eknl: 4.58558 + L_Div: 0.00000 + L_Morse: 1.79053
Epoch: 0 [4570/10000 (46%)] Unweighted L_s : L_Mnfld: 0.00113,  L_NonMnfld: 0.02263,  L_Nrml: 0.00000,  L_Eknl: 0.09171, L_Morse: 1.17620

Weights: [7000.0, 600.0, 0, 50.0, 0.0, 1.4893000000000018], lr=5.000e-05
Epoch: 0 [4580/10000 (46%)] Loss: 27.73517 = L_Mnfld: 7.20026 + L_NonMnfld: 14.35488 + L_Nrml: 0.00000 + L_Eknl: 4.39065 + L_Div: 0.00000 + L_Morse: 1.78938
Epoch: 0 [4580/10000 (46%)] Unweighted L_s : L_Mnfld: 0.00103,  L_NonMnfld: 0.02392,  L_Nrml: 0.00000,  L_Eknl: 0.08781, L_Morse: 1.20149

Weights: [7000.0, 600.0, 0, 50.0, 0.0, 1.4563000000000006], lr=5.000e-05
Epoch: 0 [4590/10000 (46%)] Loss: 28.03416 = L_Mnfld: 7.04802 + L_NonMnfld: 14.67993 + L_Nrml: 0.00000 + L_Eknl: 4.61162 + L_Div: 0.00000 + L_Morse: 1.69458
Epoch: 0 [4590/10000 (46%)] Unweighted L_s : L_Mnfld: 0.00101,  L_NonMnfld: 0.02447,  L_Nrml: 0.00000,  L_Eknl: 0.09223, L_Morse: 1.16362

Weights: [7000.0, 600.0, 0, 50.0, 0.0, 1.4233000000000011], lr=5.000e-05
Epoch: 0 [4600/10000 (46%)] Loss: 26.61891 = L_Mnfld: 7.13358 + L_NonMnfld: 13.30435 + L_Nrml: 0.00000 + L_Eknl: 4.40713 + L_Div: 0.00000 + L_Morse: 1.77384
Epoch: 0 [4600/10000 (46%)] Unweighted L_s : L_Mnfld: 0.00102,  L_NonMnfld: 0.02217,  L_Nrml: 0.00000,  L_Eknl: 0.08814, L_Morse: 1.24629

Weights: [7000.0, 600.0, 0, 50.0, 0.0, 1.3903000000000016], lr=5.000e-05
Epoch: 0 [4610/10000 (46%)] Loss: 25.66993 = L_Mnfld: 6.19454 + L_NonMnfld: 13.41310 + L_Nrml: 0.00000 + L_Eknl: 4.37832 + L_Div: 0.00000 + L_Morse: 1.68397
Epoch: 0 [4610/10000 (46%)] Unweighted L_s : L_Mnfld: 0.00088,  L_NonMnfld: 0.02236,  L_Nrml: 0.00000,  L_Eknl: 0.08757, L_Morse: 1.21122

Weights: [7000.0, 600.0, 0, 50.0, 0.0, 1.3573000000000004], lr=5.000e-05
Epoch: 0 [4620/10000 (46%)] Loss: 26.65489 = L_Mnfld: 6.52206 + L_NonMnfld: 13.86732 + L_Nrml: 0.00000 + L_Eknl: 4.52546 + L_Div: 0.00000 + L_Morse: 1.74005
Epoch: 0 [4620/10000 (46%)] Unweighted L_s : L_Mnfld: 0.00093,  L_NonMnfld: 0.02311,  L_Nrml: 0.00000,  L_Eknl: 0.09051, L_Morse: 1.28199

Weights: [7000.0, 600.0, 0, 50.0, 0.0, 1.324300000000001], lr=5.000e-05
Epoch: 0 [4630/10000 (46%)] Loss: 27.56357 = L_Mnfld: 7.47832 + L_NonMnfld: 13.89236 + L_Nrml: 0.00000 + L_Eknl: 4.51413 + L_Div: 0.00000 + L_Morse: 1.67877
Epoch: 0 [4630/10000 (46%)] Unweighted L_s : L_Mnfld: 0.00107,  L_NonMnfld: 0.02315,  L_Nrml: 0.00000,  L_Eknl: 0.09028, L_Morse: 1.26767

Weights: [7000.0, 600.0, 0, 50.0, 0.0, 1.2913000000000014], lr=5.000e-05
Epoch: 0 [4640/10000 (46%)] Loss: 27.76620 = L_Mnfld: 8.34656 + L_NonMnfld: 13.17737 + L_Nrml: 0.00000 + L_Eknl: 4.53046 + L_Div: 0.00000 + L_Morse: 1.71182
Epoch: 0 [4640/10000 (46%)] Unweighted L_s : L_Mnfld: 0.00119,  L_NonMnfld: 0.02196,  L_Nrml: 0.00000,  L_Eknl: 0.09061, L_Morse: 1.32565

Weights: [7000.0, 600.0, 0, 50.0, 0.0, 1.2583000000000002], lr=5.000e-05
Epoch: 0 [4650/10000 (46%)] Loss: 25.94245 = L_Mnfld: 6.85931 + L_NonMnfld: 13.18143 + L_Nrml: 0.00000 + L_Eknl: 4.28874 + L_Div: 0.00000 + L_Morse: 1.61298
Epoch: 0 [4650/10000 (46%)] Unweighted L_s : L_Mnfld: 0.00098,  L_NonMnfld: 0.02197,  L_Nrml: 0.00000,  L_Eknl: 0.08577, L_Morse: 1.28187

Weights: [7000.0, 600.0, 0, 50.0, 0.0, 1.2253000000000007], lr=5.000e-05
Epoch: 0 [4660/10000 (47%)] Loss: 25.28364 = L_Mnfld: 6.50701 + L_NonMnfld: 13.10039 + L_Nrml: 0.00000 + L_Eknl: 4.14392 + L_Div: 0.00000 + L_Morse: 1.53232
Epoch: 0 [4660/10000 (47%)] Unweighted L_s : L_Mnfld: 0.00093,  L_NonMnfld: 0.02183,  L_Nrml: 0.00000,  L_Eknl: 0.08288, L_Morse: 1.25057

Weights: [7000.0, 600.0, 0, 50.0, 0.0, 1.1923000000000012], lr=5.000e-05
Epoch: 0 [4670/10000 (47%)] Loss: 24.89362 = L_Mnfld: 5.60642 + L_NonMnfld: 13.51557 + L_Nrml: 0.00000 + L_Eknl: 4.24623 + L_Div: 0.00000 + L_Morse: 1.52540
Epoch: 0 [4670/10000 (47%)] Unweighted L_s : L_Mnfld: 0.00080,  L_NonMnfld: 0.02253,  L_Nrml: 0.00000,  L_Eknl: 0.08492, L_Morse: 1.27938

Weights: [7000.0, 600.0, 0, 50.0, 0.0, 1.1593], lr=5.000e-05
Epoch: 0 [4680/10000 (47%)] Loss: 25.53571 = L_Mnfld: 7.05606 + L_NonMnfld: 12.76035 + L_Nrml: 0.00000 + L_Eknl: 4.26387 + L_Div: 0.00000 + L_Morse: 1.45544
Epoch: 0 [4680/10000 (47%)] Unweighted L_s : L_Mnfld: 0.00101,  L_NonMnfld: 0.02127,  L_Nrml: 0.00000,  L_Eknl: 0.08528, L_Morse: 1.25545

Weights: [7000.0, 600.0, 0, 50.0, 0.0, 1.1263000000000005], lr=5.000e-05
Epoch: 0 [4690/10000 (47%)] Loss: 25.68487 = L_Mnfld: 6.59287 + L_NonMnfld: 13.32083 + L_Nrml: 0.00000 + L_Eknl: 4.34610 + L_Div: 0.00000 + L_Morse: 1.42506
Epoch: 0 [4690/10000 (47%)] Unweighted L_s : L_Mnfld: 0.00094,  L_NonMnfld: 0.02220,  L_Nrml: 0.00000,  L_Eknl: 0.08692, L_Morse: 1.26526

Weights: [7000.0, 600.0, 0, 50.0, 0.0, 1.093300000000001], lr=5.000e-05
Epoch: 0 [4700/10000 (47%)] Loss: 26.92348 = L_Mnfld: 8.65494 + L_NonMnfld: 12.18848 + L_Nrml: 0.00000 + L_Eknl: 4.60029 + L_Div: 0.00000 + L_Morse: 1.47978
Epoch: 0 [4700/10000 (47%)] Unweighted L_s : L_Mnfld: 0.00124,  L_NonMnfld: 0.02031,  L_Nrml: 0.00000,  L_Eknl: 0.09201, L_Morse: 1.35350

Weights: [7000.0, 600.0, 0, 50.0, 0.0, 1.0602999999999998], lr=5.000e-05
Epoch: 0 [4710/10000 (47%)] Loss: 26.41816 = L_Mnfld: 6.48155 + L_NonMnfld: 14.23651 + L_Nrml: 0.00000 + L_Eknl: 4.30231 + L_Div: 0.00000 + L_Morse: 1.39779
Epoch: 0 [4710/10000 (47%)] Unweighted L_s : L_Mnfld: 0.00093,  L_NonMnfld: 0.02373,  L_Nrml: 0.00000,  L_Eknl: 0.08605, L_Morse: 1.31830

Weights: [7000.0, 600.0, 0, 50.0, 0.0, 1.0273000000000003], lr=5.000e-05
Epoch: 0 [4720/10000 (47%)] Loss: 26.11265 = L_Mnfld: 6.58815 + L_NonMnfld: 14.01704 + L_Nrml: 0.00000 + L_Eknl: 4.17911 + L_Div: 0.00000 + L_Morse: 1.32835
Epoch: 0 [4720/10000 (47%)] Unweighted L_s : L_Mnfld: 0.00094,  L_NonMnfld: 0.02336,  L_Nrml: 0.00000,  L_Eknl: 0.08358, L_Morse: 1.29305

Weights: [7000.0, 600.0, 0, 50.0, 0.0, 0.9943000000000008], lr=5.000e-05
Epoch: 0 [4730/10000 (47%)] Loss: 26.02087 = L_Mnfld: 6.99683 + L_NonMnfld: 13.76397 + L_Nrml: 0.00000 + L_Eknl: 3.97034 + L_Div: 0.00000 + L_Morse: 1.28973
Epoch: 0 [4730/10000 (47%)] Unweighted L_s : L_Mnfld: 0.00100,  L_NonMnfld: 0.02294,  L_Nrml: 0.00000,  L_Eknl: 0.07941, L_Morse: 1.29712

Weights: [7000.0, 600.0, 0, 50.0, 0.0, 0.9612999999999996], lr=5.000e-05
Epoch: 0 [4740/10000 (47%)] Loss: 24.16507 = L_Mnfld: 6.20488 + L_NonMnfld: 12.71170 + L_Nrml: 0.00000 + L_Eknl: 4.01569 + L_Div: 0.00000 + L_Morse: 1.23281
Epoch: 0 [4740/10000 (47%)] Unweighted L_s : L_Mnfld: 0.00089,  L_NonMnfld: 0.02119,  L_Nrml: 0.00000,  L_Eknl: 0.08031, L_Morse: 1.28244

Weights: [7000.0, 600.0, 0, 50.0, 0.0, 0.9283000000000001], lr=5.000e-05
Epoch: 0 [4750/10000 (48%)] Loss: 23.76950 = L_Mnfld: 6.00548 + L_NonMnfld: 12.46406 + L_Nrml: 0.00000 + L_Eknl: 4.10363 + L_Div: 0.00000 + L_Morse: 1.19633
Epoch: 0 [4750/10000 (48%)] Unweighted L_s : L_Mnfld: 0.00086,  L_NonMnfld: 0.02077,  L_Nrml: 0.00000,  L_Eknl: 0.08207, L_Morse: 1.28873

Weights: [7000.0, 600.0, 0, 50.0, 0.0, 0.8953000000000007], lr=5.000e-05
Epoch: 0 [4760/10000 (48%)] Loss: 24.27932 = L_Mnfld: 5.99929 + L_NonMnfld: 13.07574 + L_Nrml: 0.00000 + L_Eknl: 4.05153 + L_Div: 0.00000 + L_Morse: 1.15275
Epoch: 0 [4760/10000 (48%)] Unweighted L_s : L_Mnfld: 0.00086,  L_NonMnfld: 0.02179,  L_Nrml: 0.00000,  L_Eknl: 0.08103, L_Morse: 1.28756

Weights: [7000.0, 600.0, 0, 50.0, 0.0, 0.8622999999999994], lr=5.000e-05
Epoch: 0 [4770/10000 (48%)] Loss: 22.76226 = L_Mnfld: 5.52421 + L_NonMnfld: 12.10412 + L_Nrml: 0.00000 + L_Eknl: 3.97256 + L_Div: 0.00000 + L_Morse: 1.16137
Epoch: 0 [4770/10000 (48%)] Unweighted L_s : L_Mnfld: 0.00079,  L_NonMnfld: 0.02017,  L_Nrml: 0.00000,  L_Eknl: 0.07945, L_Morse: 1.34683

Weights: [7000.0, 600.0, 0, 50.0, 0.0, 0.8292999999999999], lr=5.000e-05
Epoch: 0 [4780/10000 (48%)] Loss: 25.54822 = L_Mnfld: 6.63408 + L_NonMnfld: 13.79937 + L_Nrml: 0.00000 + L_Eknl: 4.03898 + L_Div: 0.00000 + L_Morse: 1.07580
Epoch: 0 [4780/10000 (48%)] Unweighted L_s : L_Mnfld: 0.00095,  L_NonMnfld: 0.02300,  L_Nrml: 0.00000,  L_Eknl: 0.08078, L_Morse: 1.29724

Weights: [7000.0, 600.0, 0, 50.0, 0.0, 0.7963000000000005], lr=5.000e-05
Epoch: 0 [4790/10000 (48%)] Loss: 24.09317 = L_Mnfld: 6.32439 + L_NonMnfld: 12.78333 + L_Nrml: 0.00000 + L_Eknl: 3.93810 + L_Div: 0.00000 + L_Morse: 1.04734
Epoch: 0 [4790/10000 (48%)] Unweighted L_s : L_Mnfld: 0.00090,  L_NonMnfld: 0.02131,  L_Nrml: 0.00000,  L_Eknl: 0.07876, L_Morse: 1.31526

Weights: [7000.0, 600.0, 0, 50.0, 0.0, 0.7632999999999992], lr=5.000e-05
Epoch: 0 [4800/10000 (48%)] Loss: 22.45432 = L_Mnfld: 5.77921 + L_NonMnfld: 11.61987 + L_Nrml: 0.00000 + L_Eknl: 4.01729 + L_Div: 0.00000 + L_Morse: 1.03794
Epoch: 0 [4800/10000 (48%)] Unweighted L_s : L_Mnfld: 0.00083,  L_NonMnfld: 0.01937,  L_Nrml: 0.00000,  L_Eknl: 0.08035, L_Morse: 1.35981

Weights: [7000.0, 600.0, 0, 50.0, 0.0, 0.7302999999999997], lr=5.000e-05
Epoch: 0 [4810/10000 (48%)] Loss: 24.12848 = L_Mnfld: 5.99978 + L_NonMnfld: 13.25707 + L_Nrml: 0.00000 + L_Eknl: 3.90854 + L_Div: 0.00000 + L_Morse: 0.96309
Epoch: 0 [4810/10000 (48%)] Unweighted L_s : L_Mnfld: 0.00086,  L_NonMnfld: 0.02210,  L_Nrml: 0.00000,  L_Eknl: 0.07817, L_Morse: 1.31876

Weights: [7000.0, 600.0, 0, 50.0, 0.0, 0.6973000000000003], lr=5.000e-05
Epoch: 0 [4820/10000 (48%)] Loss: 25.39003 = L_Mnfld: 6.08000 + L_NonMnfld: 14.41408 + L_Nrml: 0.00000 + L_Eknl: 3.92265 + L_Div: 0.00000 + L_Morse: 0.97330
Epoch: 0 [4820/10000 (48%)] Unweighted L_s : L_Mnfld: 0.00087,  L_NonMnfld: 0.02402,  L_Nrml: 0.00000,  L_Eknl: 0.07845, L_Morse: 1.39581

Weights: [7000.0, 600.0, 0, 50.0, 0.0, 0.664299999999999], lr=5.000e-05
Epoch: 0 [4830/10000 (48%)] Loss: 24.11049 = L_Mnfld: 5.52585 + L_NonMnfld: 13.88203 + L_Nrml: 0.00000 + L_Eknl: 3.78478 + L_Div: 0.00000 + L_Morse: 0.91783
Epoch: 0 [4830/10000 (48%)] Unweighted L_s : L_Mnfld: 0.00079,  L_NonMnfld: 0.02314,  L_Nrml: 0.00000,  L_Eknl: 0.07570, L_Morse: 1.38165

Weights: [7000.0, 600.0, 0, 50.0, 0.0, 0.6312999999999995], lr=5.000e-05
Epoch: 0 [4840/10000 (48%)] Loss: 23.84965 = L_Mnfld: 5.79636 + L_NonMnfld: 12.94886 + L_Nrml: 0.00000 + L_Eknl: 4.20575 + L_Div: 0.00000 + L_Morse: 0.89867
Epoch: 0 [4840/10000 (48%)] Unweighted L_s : L_Mnfld: 0.00083,  L_NonMnfld: 0.02158,  L_Nrml: 0.00000,  L_Eknl: 0.08412, L_Morse: 1.42352

Weights: [7000.0, 600.0, 0, 50.0, 0.0, 0.5983], lr=5.000e-05
Epoch: 0 [4850/10000 (48%)] Loss: 24.20663 = L_Mnfld: 6.34411 + L_NonMnfld: 12.82742 + L_Nrml: 0.00000 + L_Eknl: 4.15460 + L_Div: 0.00000 + L_Morse: 0.88050
Epoch: 0 [4850/10000 (48%)] Unweighted L_s : L_Mnfld: 0.00091,  L_NonMnfld: 0.02138,  L_Nrml: 0.00000,  L_Eknl: 0.08309, L_Morse: 1.47167

Weights: [7000.0, 600.0, 0, 50.0, 0.0, 0.5652999999999988], lr=5.000e-05
Epoch: 0 [4860/10000 (49%)] Loss: 26.97005 = L_Mnfld: 8.59450 + L_NonMnfld: 13.57677 + L_Nrml: 0.00000 + L_Eknl: 4.00300 + L_Div: 0.00000 + L_Morse: 0.79578
Epoch: 0 [4860/10000 (49%)] Unweighted L_s : L_Mnfld: 0.00123,  L_NonMnfld: 0.02263,  L_Nrml: 0.00000,  L_Eknl: 0.08006, L_Morse: 1.40771

Weights: [7000.0, 600.0, 0, 50.0, 0.0, 0.5322999999999993], lr=5.000e-05
Epoch: 0 [4870/10000 (49%)] Loss: 25.68848 = L_Mnfld: 8.42993 + L_NonMnfld: 12.46631 + L_Nrml: 0.00000 + L_Eknl: 4.03439 + L_Div: 0.00000 + L_Morse: 0.75785
Epoch: 0 [4870/10000 (49%)] Unweighted L_s : L_Mnfld: 0.00120,  L_NonMnfld: 0.02078,  L_Nrml: 0.00000,  L_Eknl: 0.08069, L_Morse: 1.42373

Weights: [7000.0, 600.0, 0, 50.0, 0.0, 0.49929999999999986], lr=5.000e-05
Epoch: 0 [4880/10000 (49%)] Loss: 23.74757 = L_Mnfld: 6.85488 + L_NonMnfld: 12.22329 + L_Nrml: 0.00000 + L_Eknl: 3.97700 + L_Div: 0.00000 + L_Morse: 0.69241
Epoch: 0 [4880/10000 (49%)] Unweighted L_s : L_Mnfld: 0.00098,  L_NonMnfld: 0.02037,  L_Nrml: 0.00000,  L_Eknl: 0.07954, L_Morse: 1.38675

Weights: [7000.0, 600.0, 0, 50.0, 0.0, 0.4662999999999986], lr=5.000e-05
Epoch: 0 [4890/10000 (49%)] Loss: 23.43459 = L_Mnfld: 6.13465 + L_NonMnfld: 12.67952 + L_Nrml: 0.00000 + L_Eknl: 3.94564 + L_Div: 0.00000 + L_Morse: 0.67478
Epoch: 0 [4890/10000 (49%)] Unweighted L_s : L_Mnfld: 0.00088,  L_NonMnfld: 0.02113,  L_Nrml: 0.00000,  L_Eknl: 0.07891, L_Morse: 1.44709

Weights: [7000.0, 600.0, 0, 50.0, 0.0, 0.43329999999999913], lr=5.000e-05
Epoch: 0 [4900/10000 (49%)] Loss: 24.23284 = L_Mnfld: 6.94201 + L_NonMnfld: 12.39320 + L_Nrml: 0.00000 + L_Eknl: 4.22595 + L_Div: 0.00000 + L_Morse: 0.67168
Epoch: 0 [4900/10000 (49%)] Unweighted L_s : L_Mnfld: 0.00099,  L_NonMnfld: 0.02066,  L_Nrml: 0.00000,  L_Eknl: 0.08452, L_Morse: 1.55015

Weights: [7000.0, 600.0, 0, 50.0, 0.0, 0.40029999999999966], lr=5.000e-05
Epoch: 0 [4910/10000 (49%)] Loss: 25.88290 = L_Mnfld: 7.86198 + L_NonMnfld: 13.38866 + L_Nrml: 0.00000 + L_Eknl: 4.04773 + L_Div: 0.00000 + L_Morse: 0.58454
Epoch: 0 [4910/10000 (49%)] Unweighted L_s : L_Mnfld: 0.00112,  L_NonMnfld: 0.02231,  L_Nrml: 0.00000,  L_Eknl: 0.08095, L_Morse: 1.46024

Weights: [7000.0, 600.0, 0, 50.0, 0.0, 0.3672999999999984], lr=5.000e-05
Epoch: 0 [4920/10000 (49%)] Loss: 25.04744 = L_Mnfld: 7.52620 + L_NonMnfld: 12.92107 + L_Nrml: 0.00000 + L_Eknl: 4.03726 + L_Div: 0.00000 + L_Morse: 0.56291
Epoch: 0 [4920/10000 (49%)] Unweighted L_s : L_Mnfld: 0.00108,  L_NonMnfld: 0.02154,  L_Nrml: 0.00000,  L_Eknl: 0.08075, L_Morse: 1.53255

Weights: [7000.0, 600.0, 0, 50.0, 0.0, 0.33429999999999893], lr=5.000e-05
Epoch: 0 [4930/10000 (49%)] Loss: 25.06365 = L_Mnfld: 7.07165 + L_NonMnfld: 13.57795 + L_Nrml: 0.00000 + L_Eknl: 3.89079 + L_Div: 0.00000 + L_Morse: 0.52326
Epoch: 0 [4930/10000 (49%)] Unweighted L_s : L_Mnfld: 0.00101,  L_NonMnfld: 0.02263,  L_Nrml: 0.00000,  L_Eknl: 0.07782, L_Morse: 1.56524

Weights: [7000.0, 600.0, 0, 50.0, 0.0, 0.30129999999999946], lr=5.000e-05
Epoch: 0 [4940/10000 (49%)] Loss: 23.05987 = L_Mnfld: 6.46892 + L_NonMnfld: 12.16162 + L_Nrml: 0.00000 + L_Eknl: 3.93664 + L_Div: 0.00000 + L_Morse: 0.49269
Epoch: 0 [4940/10000 (49%)] Unweighted L_s : L_Mnfld: 0.00092,  L_NonMnfld: 0.02027,  L_Nrml: 0.00000,  L_Eknl: 0.07873, L_Morse: 1.63523

Weights: [7000.0, 600.0, 0, 50.0, 0.0, 0.2682999999999982], lr=5.000e-05
Epoch: 0 [4950/10000 (50%)] Loss: 22.54910 = L_Mnfld: 5.30034 + L_NonMnfld: 12.95059 + L_Nrml: 0.00000 + L_Eknl: 3.85488 + L_Div: 0.00000 + L_Morse: 0.44330
Epoch: 0 [4950/10000 (50%)] Unweighted L_s : L_Mnfld: 0.00076,  L_NonMnfld: 0.02158,  L_Nrml: 0.00000,  L_Eknl: 0.07710, L_Morse: 1.65225

Weights: [7000.0, 600.0, 0, 50.0, 0.0, 0.2353000000000005], lr=5.000e-05
Epoch: 0 [4960/10000 (50%)] Loss: 24.81921 = L_Mnfld: 7.15636 + L_NonMnfld: 13.02860 + L_Nrml: 0.00000 + L_Eknl: 4.22288 + L_Div: 0.00000 + L_Morse: 0.41137
Epoch: 0 [4960/10000 (50%)] Unweighted L_s : L_Mnfld: 0.00102,  L_NonMnfld: 0.02171,  L_Nrml: 0.00000,  L_Eknl: 0.08446, L_Morse: 1.74826

Weights: [7000.0, 600.0, 0, 50.0, 0.0, 0.20229999999999926], lr=5.000e-05
Epoch: 0 [4970/10000 (50%)] Loss: 26.48762 = L_Mnfld: 8.32332 + L_NonMnfld: 13.34264 + L_Nrml: 0.00000 + L_Eknl: 4.46317 + L_Div: 0.00000 + L_Morse: 0.35849
Epoch: 0 [4970/10000 (50%)] Unweighted L_s : L_Mnfld: 0.00119,  L_NonMnfld: 0.02224,  L_Nrml: 0.00000,  L_Eknl: 0.08926, L_Morse: 1.77208

Weights: [7000.0, 600.0, 0, 50.0, 0.0, 0.16929999999999978], lr=5.000e-05
Epoch: 0 [4980/10000 (50%)] Loss: 24.17394 = L_Mnfld: 7.82861 + L_NonMnfld: 11.58375 + L_Nrml: 0.00000 + L_Eknl: 4.47625 + L_Div: 0.00000 + L_Morse: 0.28532
Epoch: 0 [4980/10000 (50%)] Unweighted L_s : L_Mnfld: 0.00112,  L_NonMnfld: 0.01931,  L_Nrml: 0.00000,  L_Eknl: 0.08953, L_Morse: 1.68530

Weights: [7000.0, 600.0, 0, 50.0, 0.0, 0.1363000000000003], lr=5.000e-05
Epoch: 0 [4990/10000 (50%)] Loss: 24.29453 = L_Mnfld: 7.65278 + L_NonMnfld: 12.22600 + L_Nrml: 0.00000 + L_Eknl: 4.18387 + L_Div: 0.00000 + L_Morse: 0.23187
Epoch: 0 [4990/10000 (50%)] Unweighted L_s : L_Mnfld: 0.00109,  L_NonMnfld: 0.02038,  L_Nrml: 0.00000,  L_Eknl: 0.08368, L_Morse: 1.70119

Weights: [7000.0, 600.0, 0, 50.0, 0.0, 0.10329999999999906], lr=5.000e-05
Epoch: 0 [5000/10000 (50%)] Loss: 23.53743 = L_Mnfld: 7.71140 + L_NonMnfld: 11.66870 + L_Nrml: 0.00000 + L_Eknl: 3.97046 + L_Div: 0.00000 + L_Morse: 0.18687
Epoch: 0 [5000/10000 (50%)] Unweighted L_s : L_Mnfld: 0.00110,  L_NonMnfld: 0.01945,  L_Nrml: 0.00000,  L_Eknl: 0.07941, L_Morse: 1.80901

Weights: [7000.0, 600.0, 0, 50.0, 0.0, 0.1], lr=5.000e-05
Epoch: 0 [5010/10000 (50%)] Loss: 24.99078 = L_Mnfld: 8.22645 + L_NonMnfld: 12.72664 + L_Nrml: 0.00000 + L_Eknl: 3.85983 + L_Div: 0.00000 + L_Morse: 0.17786
Epoch: 0 [5010/10000 (50%)] Unweighted L_s : L_Mnfld: 0.00118,  L_NonMnfld: 0.02121,  L_Nrml: 0.00000,  L_Eknl: 0.07720, L_Morse: 1.77859

Weights: [7000.0, 600.0, 0, 50.0, 0.0, 0.1], lr=5.000e-05
Epoch: 0 [5020/10000 (50%)] Loss: 22.98450 = L_Mnfld: 6.65755 + L_NonMnfld: 12.37285 + L_Nrml: 0.00000 + L_Eknl: 3.78791 + L_Div: 0.00000 + L_Morse: 0.16618
Epoch: 0 [5020/10000 (50%)] Unweighted L_s : L_Mnfld: 0.00095,  L_NonMnfld: 0.02062,  L_Nrml: 0.00000,  L_Eknl: 0.07576, L_Morse: 1.66181

Weights: [7000.0, 600.0, 0, 50.0, 0.0, 0.1], lr=5.000e-05
Epoch: 0 [5030/10000 (50%)] Loss: 23.34399 = L_Mnfld: 5.90719 + L_NonMnfld: 13.43467 + L_Nrml: 0.00000 + L_Eknl: 3.82620 + L_Div: 0.00000 + L_Morse: 0.17593
Epoch: 0 [5030/10000 (50%)] Unweighted L_s : L_Mnfld: 0.00084,  L_NonMnfld: 0.02239,  L_Nrml: 0.00000,  L_Eknl: 0.07652, L_Morse: 1.75926

Weights: [7000.0, 600.0, 0, 50.0, 0.0, 0.1], lr=5.000e-05
Epoch: 0 [5040/10000 (50%)] Loss: 22.27469 = L_Mnfld: 6.08621 + L_NonMnfld: 12.33681 + L_Nrml: 0.00000 + L_Eknl: 3.67191 + L_Div: 0.00000 + L_Morse: 0.17978
Epoch: 0 [5040/10000 (50%)] Unweighted L_s : L_Mnfld: 0.00087,  L_NonMnfld: 0.02056,  L_Nrml: 0.00000,  L_Eknl: 0.07344, L_Morse: 1.79778

Weights: [7000.0, 600.0, 0, 50.0, 0.0, 0.1], lr=5.000e-05
Epoch: 0 [5050/10000 (50%)] Loss: 22.48060 = L_Mnfld: 5.66518 + L_NonMnfld: 13.03610 + L_Nrml: 0.00000 + L_Eknl: 3.60642 + L_Div: 0.00000 + L_Morse: 0.17290
Epoch: 0 [5050/10000 (50%)] Unweighted L_s : L_Mnfld: 0.00081,  L_NonMnfld: 0.02173,  L_Nrml: 0.00000,  L_Eknl: 0.07213, L_Morse: 1.72897

Weights: [7000.0, 600.0, 0, 50.0, 0.0, 0.1], lr=5.000e-05
Epoch: 0 [5060/10000 (51%)] Loss: 20.75765 = L_Mnfld: 5.46949 + L_NonMnfld: 11.56500 + L_Nrml: 0.00000 + L_Eknl: 3.54793 + L_Div: 0.00000 + L_Morse: 0.17522
Epoch: 0 [5060/10000 (51%)] Unweighted L_s : L_Mnfld: 0.00078,  L_NonMnfld: 0.01928,  L_Nrml: 0.00000,  L_Eknl: 0.07096, L_Morse: 1.75217

Weights: [7000.0, 600.0, 0, 50.0, 0.0, 0.1], lr=5.000e-05
Epoch: 0 [5070/10000 (51%)] Loss: 24.09135 = L_Mnfld: 5.93655 + L_NonMnfld: 14.26725 + L_Nrml: 0.00000 + L_Eknl: 3.70308 + L_Div: 0.00000 + L_Morse: 0.18447
Epoch: 0 [5070/10000 (51%)] Unweighted L_s : L_Mnfld: 0.00085,  L_NonMnfld: 0.02378,  L_Nrml: 0.00000,  L_Eknl: 0.07406, L_Morse: 1.84468

Weights: [7000.0, 600.0, 0, 50.0, 0.0, 0.1], lr=5.000e-05
Epoch: 0 [5080/10000 (51%)] Loss: 22.20908 = L_Mnfld: 5.73336 + L_NonMnfld: 12.50367 + L_Nrml: 0.00000 + L_Eknl: 3.78665 + L_Div: 0.00000 + L_Morse: 0.18540
Epoch: 0 [5080/10000 (51%)] Unweighted L_s : L_Mnfld: 0.00082,  L_NonMnfld: 0.02084,  L_Nrml: 0.00000,  L_Eknl: 0.07573, L_Morse: 1.85400

Weights: [7000.0, 600.0, 0, 50.0, 0.0, 0.1], lr=5.000e-05
Epoch: 0 [5090/10000 (51%)] Loss: 22.36040 = L_Mnfld: 5.81893 + L_NonMnfld: 12.77271 + L_Nrml: 0.00000 + L_Eknl: 3.58741 + L_Div: 0.00000 + L_Morse: 0.18135
Epoch: 0 [5090/10000 (51%)] Unweighted L_s : L_Mnfld: 0.00083,  L_NonMnfld: 0.02129,  L_Nrml: 0.00000,  L_Eknl: 0.07175, L_Morse: 1.81346

Weights: [7000.0, 600.0, 0, 50.0, 0.0, 0.1], lr=5.000e-05
Epoch: 0 [5100/10000 (51%)] Loss: 22.73928 = L_Mnfld: 6.98373 + L_NonMnfld: 11.94305 + L_Nrml: 0.00000 + L_Eknl: 3.62477 + L_Div: 0.00000 + L_Morse: 0.18772
Epoch: 0 [5100/10000 (51%)] Unweighted L_s : L_Mnfld: 0.00100,  L_NonMnfld: 0.01991,  L_Nrml: 0.00000,  L_Eknl: 0.07250, L_Morse: 1.87719

Weights: [7000.0, 600.0, 0, 50.0, 0.0, 0.1], lr=5.000e-05
Epoch: 0 [5110/10000 (51%)] Loss: 22.99515 = L_Mnfld: 5.62896 + L_NonMnfld: 13.66626 + L_Nrml: 0.00000 + L_Eknl: 3.51496 + L_Div: 0.00000 + L_Morse: 0.18496
Epoch: 0 [5110/10000 (51%)] Unweighted L_s : L_Mnfld: 0.00080,  L_NonMnfld: 0.02278,  L_Nrml: 0.00000,  L_Eknl: 0.07030, L_Morse: 1.84963

Weights: [7000.0, 600.0, 0, 50.0, 0.0, 0.1], lr=5.000e-05
Epoch: 0 [5120/10000 (51%)] Loss: 23.11164 = L_Mnfld: 6.49013 + L_NonMnfld: 12.58663 + L_Nrml: 0.00000 + L_Eknl: 3.84572 + L_Div: 0.00000 + L_Morse: 0.18916
Epoch: 0 [5120/10000 (51%)] Unweighted L_s : L_Mnfld: 0.00093,  L_NonMnfld: 0.02098,  L_Nrml: 0.00000,  L_Eknl: 0.07691, L_Morse: 1.89159

Weights: [7000.0, 600.0, 0, 50.0, 0.0, 0.1], lr=5.000e-05
Epoch: 0 [5130/10000 (51%)] Loss: 24.47559 = L_Mnfld: 7.12579 + L_NonMnfld: 13.27324 + L_Nrml: 0.00000 + L_Eknl: 3.87550 + L_Div: 0.00000 + L_Morse: 0.20106
Epoch: 0 [5130/10000 (51%)] Unweighted L_s : L_Mnfld: 0.00102,  L_NonMnfld: 0.02212,  L_Nrml: 0.00000,  L_Eknl: 0.07751, L_Morse: 2.01062

Weights: [7000.0, 600.0, 0, 50.0, 0.0, 0.1], lr=5.000e-05
Epoch: 0 [5140/10000 (51%)] Loss: 24.71426 = L_Mnfld: 8.07162 + L_NonMnfld: 12.59399 + L_Nrml: 0.00000 + L_Eknl: 3.85448 + L_Div: 0.00000 + L_Morse: 0.19417
Epoch: 0 [5140/10000 (51%)] Unweighted L_s : L_Mnfld: 0.00115,  L_NonMnfld: 0.02099,  L_Nrml: 0.00000,  L_Eknl: 0.07709, L_Morse: 1.94174

Weights: [7000.0, 600.0, 0, 50.0, 0.0, 0.1], lr=5.000e-05
Epoch: 0 [5150/10000 (52%)] Loss: 24.19413 = L_Mnfld: 7.75124 + L_NonMnfld: 12.57473 + L_Nrml: 0.00000 + L_Eknl: 3.68339 + L_Div: 0.00000 + L_Morse: 0.18477
Epoch: 0 [5150/10000 (52%)] Unweighted L_s : L_Mnfld: 0.00111,  L_NonMnfld: 0.02096,  L_Nrml: 0.00000,  L_Eknl: 0.07367, L_Morse: 1.84768

Weights: [7000.0, 600.0, 0, 50.0, 0.0, 0.1], lr=5.000e-05
Epoch: 0 [5160/10000 (52%)] Loss: 24.07108 = L_Mnfld: 7.51453 + L_NonMnfld: 12.63284 + L_Nrml: 0.00000 + L_Eknl: 3.73042 + L_Div: 0.00000 + L_Morse: 0.19329
Epoch: 0 [5160/10000 (52%)] Unweighted L_s : L_Mnfld: 0.00107,  L_NonMnfld: 0.02105,  L_Nrml: 0.00000,  L_Eknl: 0.07461, L_Morse: 1.93291

Weights: [7000.0, 600.0, 0, 50.0, 0.0, 0.1], lr=5.000e-05
Epoch: 0 [5170/10000 (52%)] Loss: 24.24556 = L_Mnfld: 6.65582 + L_NonMnfld: 13.71342 + L_Nrml: 0.00000 + L_Eknl: 3.67554 + L_Div: 0.00000 + L_Morse: 0.20078
Epoch: 0 [5170/10000 (52%)] Unweighted L_s : L_Mnfld: 0.00095,  L_NonMnfld: 0.02286,  L_Nrml: 0.00000,  L_Eknl: 0.07351, L_Morse: 2.00775

Weights: [7000.0, 600.0, 0, 50.0, 0.0, 0.1], lr=5.000e-05
Epoch: 0 [5180/10000 (52%)] Loss: 24.73218 = L_Mnfld: 6.98674 + L_NonMnfld: 13.77785 + L_Nrml: 0.00000 + L_Eknl: 3.77043 + L_Div: 0.00000 + L_Morse: 0.19715
Epoch: 0 [5180/10000 (52%)] Unweighted L_s : L_Mnfld: 0.00100,  L_NonMnfld: 0.02296,  L_Nrml: 0.00000,  L_Eknl: 0.07541, L_Morse: 1.97147

Weights: [7000.0, 600.0, 0, 50.0, 0.0, 0.1], lr=5.000e-05
Epoch: 0 [5190/10000 (52%)] Loss: 22.91490 = L_Mnfld: 6.97930 + L_NonMnfld: 12.10510 + L_Nrml: 0.00000 + L_Eknl: 3.63365 + L_Div: 0.00000 + L_Morse: 0.19685
Epoch: 0 [5190/10000 (52%)] Unweighted L_s : L_Mnfld: 0.00100,  L_NonMnfld: 0.02018,  L_Nrml: 0.00000,  L_Eknl: 0.07267, L_Morse: 1.96847

Weights: [7000.0, 600.0, 0, 50.0, 0.0, 0.1], lr=5.000e-05
Epoch: 0 [5200/10000 (52%)] Loss: 23.05056 = L_Mnfld: 6.42932 + L_NonMnfld: 12.83416 + L_Nrml: 0.00000 + L_Eknl: 3.58179 + L_Div: 0.00000 + L_Morse: 0.20529
Epoch: 0 [5200/10000 (52%)] Unweighted L_s : L_Mnfld: 0.00092,  L_NonMnfld: 0.02139,  L_Nrml: 0.00000,  L_Eknl: 0.07164, L_Morse: 2.05289

Weights: [7000.0, 600.0, 0, 50.0, 0.0, 0.1], lr=5.000e-05
Epoch: 0 [5210/10000 (52%)] Loss: 22.71611 = L_Mnfld: 6.78896 + L_NonMnfld: 12.23039 + L_Nrml: 0.00000 + L_Eknl: 3.49922 + L_Div: 0.00000 + L_Morse: 0.19754
Epoch: 0 [5210/10000 (52%)] Unweighted L_s : L_Mnfld: 0.00097,  L_NonMnfld: 0.02038,  L_Nrml: 0.00000,  L_Eknl: 0.06998, L_Morse: 1.97540

Weights: [7000.0, 600.0, 0, 50.0, 0.0, 0.1], lr=5.000e-05
Epoch: 0 [5220/10000 (52%)] Loss: 23.17827 = L_Mnfld: 6.98362 + L_NonMnfld: 12.35623 + L_Nrml: 0.00000 + L_Eknl: 3.64226 + L_Div: 0.00000 + L_Morse: 0.19617
Epoch: 0 [5220/10000 (52%)] Unweighted L_s : L_Mnfld: 0.00100,  L_NonMnfld: 0.02059,  L_Nrml: 0.00000,  L_Eknl: 0.07285, L_Morse: 1.96167

Weights: [7000.0, 600.0, 0, 50.0, 0.0, 0.1], lr=5.000e-05
Epoch: 0 [5230/10000 (52%)] Loss: 21.45468 = L_Mnfld: 6.30883 + L_NonMnfld: 11.40992 + L_Nrml: 0.00000 + L_Eknl: 3.53530 + L_Div: 0.00000 + L_Morse: 0.20063
Epoch: 0 [5230/10000 (52%)] Unweighted L_s : L_Mnfld: 0.00090,  L_NonMnfld: 0.01902,  L_Nrml: 0.00000,  L_Eknl: 0.07071, L_Morse: 2.00628

Weights: [7000.0, 600.0, 0, 50.0, 0.0, 0.1], lr=5.000e-05
Epoch: 0 [5240/10000 (52%)] Loss: 21.86860 = L_Mnfld: 6.24950 + L_NonMnfld: 11.90698 + L_Nrml: 0.00000 + L_Eknl: 3.51396 + L_Div: 0.00000 + L_Morse: 0.19817
Epoch: 0 [5240/10000 (52%)] Unweighted L_s : L_Mnfld: 0.00089,  L_NonMnfld: 0.01984,  L_Nrml: 0.00000,  L_Eknl: 0.07028, L_Morse: 1.98167

Weights: [7000.0, 600.0, 0, 50.0, 0.0, 0.1], lr=5.000e-05
Epoch: 0 [5250/10000 (52%)] Loss: 23.03274 = L_Mnfld: 5.66143 + L_NonMnfld: 13.69592 + L_Nrml: 0.00000 + L_Eknl: 3.47331 + L_Div: 0.00000 + L_Morse: 0.20209
Epoch: 0 [5250/10000 (52%)] Unweighted L_s : L_Mnfld: 0.00081,  L_NonMnfld: 0.02283,  L_Nrml: 0.00000,  L_Eknl: 0.06947, L_Morse: 2.02086

Weights: [7000.0, 600.0, 0, 50.0, 0.0, 0.1], lr=5.000e-05
Epoch: 0 [5260/10000 (53%)] Loss: 21.69345 = L_Mnfld: 5.45279 + L_NonMnfld: 12.29985 + L_Nrml: 0.00000 + L_Eknl: 3.73337 + L_Div: 0.00000 + L_Morse: 0.20744
Epoch: 0 [5260/10000 (53%)] Unweighted L_s : L_Mnfld: 0.00078,  L_NonMnfld: 0.02050,  L_Nrml: 0.00000,  L_Eknl: 0.07467, L_Morse: 2.07439

Weights: [7000.0, 600.0, 0, 50.0, 0.0, 0.1], lr=5.000e-05
Epoch: 0 [5270/10000 (53%)] Loss: 23.32511 = L_Mnfld: 7.16655 + L_NonMnfld: 12.19549 + L_Nrml: 0.00000 + L_Eknl: 3.76219 + L_Div: 0.00000 + L_Morse: 0.20088
Epoch: 0 [5270/10000 (53%)] Unweighted L_s : L_Mnfld: 0.00102,  L_NonMnfld: 0.02033,  L_Nrml: 0.00000,  L_Eknl: 0.07524, L_Morse: 2.00884

Weights: [7000.0, 600.0, 0, 50.0, 0.0, 0.1], lr=5.000e-05
Epoch: 0 [5280/10000 (53%)] Loss: 23.99124 = L_Mnfld: 7.83391 + L_NonMnfld: 11.94864 + L_Nrml: 0.00000 + L_Eknl: 3.99145 + L_Div: 0.00000 + L_Morse: 0.21724
Epoch: 0 [5280/10000 (53%)] Unweighted L_s : L_Mnfld: 0.00112,  L_NonMnfld: 0.01991,  L_Nrml: 0.00000,  L_Eknl: 0.07983, L_Morse: 2.17239

Weights: [7000.0, 600.0, 0, 50.0, 0.0, 0.1], lr=5.000e-05
Epoch: 0 [5290/10000 (53%)] Loss: 23.18516 = L_Mnfld: 6.22560 + L_NonMnfld: 13.04951 + L_Nrml: 0.00000 + L_Eknl: 3.70437 + L_Div: 0.00000 + L_Morse: 0.20568
Epoch: 0 [5290/10000 (53%)] Unweighted L_s : L_Mnfld: 0.00089,  L_NonMnfld: 0.02175,  L_Nrml: 0.00000,  L_Eknl: 0.07409, L_Morse: 2.05676

Weights: [7000.0, 600.0, 0, 50.0, 0.0, 0.1], lr=5.000e-05
Epoch: 0 [5300/10000 (53%)] Loss: 22.84697 = L_Mnfld: 6.52306 + L_NonMnfld: 12.31347 + L_Nrml: 0.00000 + L_Eknl: 3.79418 + L_Div: 0.00000 + L_Morse: 0.21626
Epoch: 0 [5300/10000 (53%)] Unweighted L_s : L_Mnfld: 0.00093,  L_NonMnfld: 0.02052,  L_Nrml: 0.00000,  L_Eknl: 0.07588, L_Morse: 2.16259

Weights: [7000.0, 600.0, 0, 50.0, 0.0, 0.1], lr=5.000e-05
Epoch: 0 [5310/10000 (53%)] Loss: 23.30837 = L_Mnfld: 6.47683 + L_NonMnfld: 12.94633 + L_Nrml: 0.00000 + L_Eknl: 3.68319 + L_Div: 0.00000 + L_Morse: 0.20200
Epoch: 0 [5310/10000 (53%)] Unweighted L_s : L_Mnfld: 0.00093,  L_NonMnfld: 0.02158,  L_Nrml: 0.00000,  L_Eknl: 0.07366, L_Morse: 2.02005

Weights: [7000.0, 600.0, 0, 50.0, 0.0, 0.1], lr=5.000e-05
Epoch: 0 [5320/10000 (53%)] Loss: 23.94038 = L_Mnfld: 6.63878 + L_NonMnfld: 13.50674 + L_Nrml: 0.00000 + L_Eknl: 3.58666 + L_Div: 0.00000 + L_Morse: 0.20820
Epoch: 0 [5320/10000 (53%)] Unweighted L_s : L_Mnfld: 0.00095,  L_NonMnfld: 0.02251,  L_Nrml: 0.00000,  L_Eknl: 0.07173, L_Morse: 2.08201

Weights: [7000.0, 600.0, 0, 50.0, 0.0, 0.1], lr=5.000e-05
Epoch: 0 [5330/10000 (53%)] Loss: 23.56426 = L_Mnfld: 7.06423 + L_NonMnfld: 12.77735 + L_Nrml: 0.00000 + L_Eknl: 3.51372 + L_Div: 0.00000 + L_Morse: 0.20895
Epoch: 0 [5330/10000 (53%)] Unweighted L_s : L_Mnfld: 0.00101,  L_NonMnfld: 0.02130,  L_Nrml: 0.00000,  L_Eknl: 0.07027, L_Morse: 2.08952

Weights: [7000.0, 600.0, 0, 50.0, 0.0, 0.1], lr=5.000e-05
Epoch: 0 [5340/10000 (53%)] Loss: 21.90518 = L_Mnfld: 6.44466 + L_NonMnfld: 11.88416 + L_Nrml: 0.00000 + L_Eknl: 3.36651 + L_Div: 0.00000 + L_Morse: 0.20985
Epoch: 0 [5340/10000 (53%)] Unweighted L_s : L_Mnfld: 0.00092,  L_NonMnfld: 0.01981,  L_Nrml: 0.00000,  L_Eknl: 0.06733, L_Morse: 2.09855

Weights: [7000.0, 600.0, 0, 50.0, 0.0, 0.1], lr=5.000e-05
Epoch: 0 [5350/10000 (54%)] Loss: 23.38617 = L_Mnfld: 6.09296 + L_NonMnfld: 13.67025 + L_Nrml: 0.00000 + L_Eknl: 3.40844 + L_Div: 0.00000 + L_Morse: 0.21453
Epoch: 0 [5350/10000 (54%)] Unweighted L_s : L_Mnfld: 0.00087,  L_NonMnfld: 0.02278,  L_Nrml: 0.00000,  L_Eknl: 0.06817, L_Morse: 2.14531

Weights: [7000.0, 600.0, 0, 50.0, 0.0, 0.1], lr=5.000e-05
Epoch: 0 [5360/10000 (54%)] Loss: 23.26054 = L_Mnfld: 5.77333 + L_NonMnfld: 13.91678 + L_Nrml: 0.00000 + L_Eknl: 3.35913 + L_Div: 0.00000 + L_Morse: 0.21131
Epoch: 0 [5360/10000 (54%)] Unweighted L_s : L_Mnfld: 0.00082,  L_NonMnfld: 0.02319,  L_Nrml: 0.00000,  L_Eknl: 0.06718, L_Morse: 2.11305

Weights: [7000.0, 600.0, 0, 50.0, 0.0, 0.1], lr=5.000e-05
Epoch: 0 [5370/10000 (54%)] Loss: 21.46068 = L_Mnfld: 5.67880 + L_NonMnfld: 12.23033 + L_Nrml: 0.00000 + L_Eknl: 3.34216 + L_Div: 0.00000 + L_Morse: 0.20938
Epoch: 0 [5370/10000 (54%)] Unweighted L_s : L_Mnfld: 0.00081,  L_NonMnfld: 0.02038,  L_Nrml: 0.00000,  L_Eknl: 0.06684, L_Morse: 2.09383

Weights: [7000.0, 600.0, 0, 50.0, 0.0, 0.1], lr=5.000e-05
Epoch: 0 [5380/10000 (54%)] Loss: 22.37818 = L_Mnfld: 6.73369 + L_NonMnfld: 11.65244 + L_Nrml: 0.00000 + L_Eknl: 3.77473 + L_Div: 0.00000 + L_Morse: 0.21731
Epoch: 0 [5380/10000 (54%)] Unweighted L_s : L_Mnfld: 0.00096,  L_NonMnfld: 0.01942,  L_Nrml: 0.00000,  L_Eknl: 0.07549, L_Morse: 2.17309

Weights: [7000.0, 600.0, 0, 50.0, 0.0, 0.1], lr=5.000e-05
Epoch: 0 [5390/10000 (54%)] Loss: 22.50402 = L_Mnfld: 6.76749 + L_NonMnfld: 12.14872 + L_Nrml: 0.00000 + L_Eknl: 3.38105 + L_Div: 0.00000 + L_Morse: 0.20676
Epoch: 0 [5390/10000 (54%)] Unweighted L_s : L_Mnfld: 0.00097,  L_NonMnfld: 0.02025,  L_Nrml: 0.00000,  L_Eknl: 0.06762, L_Morse: 2.06759

Weights: [7000.0, 600.0, 0, 50.0, 0.0, 0.1], lr=5.000e-05
Epoch: 0 [5400/10000 (54%)] Loss: 23.17169 = L_Mnfld: 7.11632 + L_NonMnfld: 12.11889 + L_Nrml: 0.00000 + L_Eknl: 3.72458 + L_Div: 0.00000 + L_Morse: 0.21190
Epoch: 0 [5400/10000 (54%)] Unweighted L_s : L_Mnfld: 0.00102,  L_NonMnfld: 0.02020,  L_Nrml: 0.00000,  L_Eknl: 0.07449, L_Morse: 2.11900

Weights: [7000.0, 600.0, 0, 50.0, 0.0, 0.1], lr=5.000e-05
Epoch: 0 [5410/10000 (54%)] Loss: 24.05181 = L_Mnfld: 7.57860 + L_NonMnfld: 12.79834 + L_Nrml: 0.00000 + L_Eknl: 3.47231 + L_Div: 0.00000 + L_Morse: 0.20255
Epoch: 0 [5410/10000 (54%)] Unweighted L_s : L_Mnfld: 0.00108,  L_NonMnfld: 0.02133,  L_Nrml: 0.00000,  L_Eknl: 0.06945, L_Morse: 2.02551

Weights: [7000.0, 600.0, 0, 50.0, 0.0, 0.1], lr=5.000e-05
Epoch: 0 [5420/10000 (54%)] Loss: 23.80056 = L_Mnfld: 7.42790 + L_NonMnfld: 12.58551 + L_Nrml: 0.00000 + L_Eknl: 3.57038 + L_Div: 0.00000 + L_Morse: 0.21678
Epoch: 0 [5420/10000 (54%)] Unweighted L_s : L_Mnfld: 0.00106,  L_NonMnfld: 0.02098,  L_Nrml: 0.00000,  L_Eknl: 0.07141, L_Morse: 2.16776

Weights: [7000.0, 600.0, 0, 50.0, 0.0, 0.1], lr=5.000e-05
Epoch: 0 [5430/10000 (54%)] Loss: 22.93178 = L_Mnfld: 6.43245 + L_NonMnfld: 12.71560 + L_Nrml: 0.00000 + L_Eknl: 3.57158 + L_Div: 0.00000 + L_Morse: 0.21215
Epoch: 0 [5430/10000 (54%)] Unweighted L_s : L_Mnfld: 0.00092,  L_NonMnfld: 0.02119,  L_Nrml: 0.00000,  L_Eknl: 0.07143, L_Morse: 2.12146

Weights: [7000.0, 600.0, 0, 50.0, 0.0, 0.1], lr=5.000e-05
Epoch: 0 [5440/10000 (54%)] Loss: 24.36478 = L_Mnfld: 7.11620 + L_NonMnfld: 13.27169 + L_Nrml: 0.00000 + L_Eknl: 3.76077 + L_Div: 0.00000 + L_Morse: 0.21613
Epoch: 0 [5440/10000 (54%)] Unweighted L_s : L_Mnfld: 0.00102,  L_NonMnfld: 0.02212,  L_Nrml: 0.00000,  L_Eknl: 0.07522, L_Morse: 2.16126

Weights: [7000.0, 600.0, 0, 50.0, 0.0, 0.1], lr=5.000e-05
Epoch: 0 [5450/10000 (54%)] Loss: 22.73584 = L_Mnfld: 6.67455 + L_NonMnfld: 12.21310 + L_Nrml: 0.00000 + L_Eknl: 3.64248 + L_Div: 0.00000 + L_Morse: 0.20570
Epoch: 0 [5450/10000 (54%)] Unweighted L_s : L_Mnfld: 0.00095,  L_NonMnfld: 0.02036,  L_Nrml: 0.00000,  L_Eknl: 0.07285, L_Morse: 2.05703

Weights: [7000.0, 600.0, 0, 50.0, 0.0, 0.1], lr=5.000e-05
Epoch: 0 [5460/10000 (55%)] Loss: 21.93905 = L_Mnfld: 6.72608 + L_NonMnfld: 11.60447 + L_Nrml: 0.00000 + L_Eknl: 3.38333 + L_Div: 0.00000 + L_Morse: 0.22517
Epoch: 0 [5460/10000 (55%)] Unweighted L_s : L_Mnfld: 0.00096,  L_NonMnfld: 0.01934,  L_Nrml: 0.00000,  L_Eknl: 0.06767, L_Morse: 2.25169

Weights: [7000.0, 600.0, 0, 50.0, 0.0, 0.1], lr=5.000e-05
Epoch: 0 [5470/10000 (55%)] Loss: 23.80371 = L_Mnfld: 7.61384 + L_NonMnfld: 12.60405 + L_Nrml: 0.00000 + L_Eknl: 3.35914 + L_Div: 0.00000 + L_Morse: 0.22668
Epoch: 0 [5470/10000 (55%)] Unweighted L_s : L_Mnfld: 0.00109,  L_NonMnfld: 0.02101,  L_Nrml: 0.00000,  L_Eknl: 0.06718, L_Morse: 2.26679

Weights: [7000.0, 600.0, 0, 50.0, 0.0, 0.1], lr=5.000e-05
Epoch: 0 [5480/10000 (55%)] Loss: 24.09120 = L_Mnfld: 7.04802 + L_NonMnfld: 13.40170 + L_Nrml: 0.00000 + L_Eknl: 3.42760 + L_Div: 0.00000 + L_Morse: 0.21387
Epoch: 0 [5480/10000 (55%)] Unweighted L_s : L_Mnfld: 0.00101,  L_NonMnfld: 0.02234,  L_Nrml: 0.00000,  L_Eknl: 0.06855, L_Morse: 2.13875

Weights: [7000.0, 600.0, 0, 50.0, 0.0, 0.1], lr=5.000e-05
Epoch: 0 [5490/10000 (55%)] Loss: 23.48349 = L_Mnfld: 6.79718 + L_NonMnfld: 13.01595 + L_Nrml: 0.00000 + L_Eknl: 3.45708 + L_Div: 0.00000 + L_Morse: 0.21329
Epoch: 0 [5490/10000 (55%)] Unweighted L_s : L_Mnfld: 0.00097,  L_NonMnfld: 0.02169,  L_Nrml: 0.00000,  L_Eknl: 0.06914, L_Morse: 2.13290

Weights: [7000.0, 600.0, 0, 50.0, 0.0, 0.1], lr=5.000e-05
Epoch: 0 [5500/10000 (55%)] Loss: 23.57891 = L_Mnfld: 7.06484 + L_NonMnfld: 12.66579 + L_Nrml: 0.00000 + L_Eknl: 3.62420 + L_Div: 0.00000 + L_Morse: 0.22409
Epoch: 0 [5500/10000 (55%)] Unweighted L_s : L_Mnfld: 0.00101,  L_NonMnfld: 0.02111,  L_Nrml: 0.00000,  L_Eknl: 0.07248, L_Morse: 2.24091

Weights: [7000.0, 600.0, 0, 50.0, 0.0, 0.1], lr=5.000e-05
Epoch: 0 [5510/10000 (55%)] Loss: 21.62962 = L_Mnfld: 6.16434 + L_NonMnfld: 11.93147 + L_Nrml: 0.00000 + L_Eknl: 3.31689 + L_Div: 0.00000 + L_Morse: 0.21693
Epoch: 0 [5510/10000 (55%)] Unweighted L_s : L_Mnfld: 0.00088,  L_NonMnfld: 0.01989,  L_Nrml: 0.00000,  L_Eknl: 0.06634, L_Morse: 2.16928

Weights: [7000.0, 600.0, 0, 50.0, 0.0, 0.1], lr=5.000e-05
Epoch: 0 [5520/10000 (55%)] Loss: 24.36817 = L_Mnfld: 7.74313 + L_NonMnfld: 12.84808 + L_Nrml: 0.00000 + L_Eknl: 3.54791 + L_Div: 0.00000 + L_Morse: 0.22906
Epoch: 0 [5520/10000 (55%)] Unweighted L_s : L_Mnfld: 0.00111,  L_NonMnfld: 0.02141,  L_Nrml: 0.00000,  L_Eknl: 0.07096, L_Morse: 2.29057

Weights: [7000.0, 600.0, 0, 50.0, 0.0, 0.1], lr=5.000e-05
Epoch: 0 [5530/10000 (55%)] Loss: 21.44321 = L_Mnfld: 6.08234 + L_NonMnfld: 11.70367 + L_Nrml: 0.00000 + L_Eknl: 3.44325 + L_Div: 0.00000 + L_Morse: 0.21396
Epoch: 0 [5530/10000 (55%)] Unweighted L_s : L_Mnfld: 0.00087,  L_NonMnfld: 0.01951,  L_Nrml: 0.00000,  L_Eknl: 0.06886, L_Morse: 2.13957

Weights: [7000.0, 600.0, 0, 50.0, 0.0, 0.1], lr=5.000e-05
Epoch: 0 [5540/10000 (55%)] Loss: 21.83467 = L_Mnfld: 6.34353 + L_NonMnfld: 11.89449 + L_Nrml: 0.00000 + L_Eknl: 3.36964 + L_Div: 0.00000 + L_Morse: 0.22700
Epoch: 0 [5540/10000 (55%)] Unweighted L_s : L_Mnfld: 0.00091,  L_NonMnfld: 0.01982,  L_Nrml: 0.00000,  L_Eknl: 0.06739, L_Morse: 2.27001

Weights: [7000.0, 600.0, 0, 50.0, 0.0, 0.1], lr=5.000e-05
Epoch: 0 [5550/10000 (56%)] Loss: 21.82725 = L_Mnfld: 6.06641 + L_NonMnfld: 12.19465 + L_Nrml: 0.00000 + L_Eknl: 3.34038 + L_Div: 0.00000 + L_Morse: 0.22582
Epoch: 0 [5550/10000 (56%)] Unweighted L_s : L_Mnfld: 0.00087,  L_NonMnfld: 0.02032,  L_Nrml: 0.00000,  L_Eknl: 0.06681, L_Morse: 2.25822

Weights: [7000.0, 600.0, 0, 50.0, 0.0, 0.1], lr=5.000e-05
Epoch: 0 [5560/10000 (56%)] Loss: 22.06992 = L_Mnfld: 6.42921 + L_NonMnfld: 11.92754 + L_Nrml: 0.00000 + L_Eknl: 3.48862 + L_Div: 0.00000 + L_Morse: 0.22455
Epoch: 0 [5560/10000 (56%)] Unweighted L_s : L_Mnfld: 0.00092,  L_NonMnfld: 0.01988,  L_Nrml: 0.00000,  L_Eknl: 0.06977, L_Morse: 2.24547

Weights: [7000.0, 600.0, 0, 50.0, 0.0, 0.1], lr=5.000e-05
Epoch: 0 [5570/10000 (56%)] Loss: 21.98756 = L_Mnfld: 6.17576 + L_NonMnfld: 12.30145 + L_Nrml: 0.00000 + L_Eknl: 3.28585 + L_Div: 0.00000 + L_Morse: 0.22450
Epoch: 0 [5570/10000 (56%)] Unweighted L_s : L_Mnfld: 0.00088,  L_NonMnfld: 0.02050,  L_Nrml: 0.00000,  L_Eknl: 0.06572, L_Morse: 2.24503

Weights: [7000.0, 600.0, 0, 50.0, 0.0, 0.1], lr=5.000e-05
Epoch: 0 [5580/10000 (56%)] Loss: 23.02906 = L_Mnfld: 6.46981 + L_NonMnfld: 12.80325 + L_Nrml: 0.00000 + L_Eknl: 3.53325 + L_Div: 0.00000 + L_Morse: 0.22275
Epoch: 0 [5580/10000 (56%)] Unweighted L_s : L_Mnfld: 0.00092,  L_NonMnfld: 0.02134,  L_Nrml: 0.00000,  L_Eknl: 0.07066, L_Morse: 2.22754

Weights: [7000.0, 600.0, 0, 50.0, 0.0, 0.1], lr=5.000e-05
Epoch: 0 [5590/10000 (56%)] Loss: 21.83195 = L_Mnfld: 6.01966 + L_NonMnfld: 12.55276 + L_Nrml: 0.00000 + L_Eknl: 3.05097 + L_Div: 0.00000 + L_Morse: 0.20856
Epoch: 0 [5590/10000 (56%)] Unweighted L_s : L_Mnfld: 0.00086,  L_NonMnfld: 0.02092,  L_Nrml: 0.00000,  L_Eknl: 0.06102, L_Morse: 2.08564

Weights: [7000.0, 600.0, 0, 50.0, 0.0, 0.1], lr=5.000e-05
Epoch: 0 [5600/10000 (56%)] Loss: 22.63163 = L_Mnfld: 5.37915 + L_NonMnfld: 13.83947 + L_Nrml: 0.00000 + L_Eknl: 3.18280 + L_Div: 0.00000 + L_Morse: 0.23021
Epoch: 0 [5600/10000 (56%)] Unweighted L_s : L_Mnfld: 0.00077,  L_NonMnfld: 0.02307,  L_Nrml: 0.00000,  L_Eknl: 0.06366, L_Morse: 2.30212

Weights: [7000.0, 600.0, 0, 50.0, 0.0, 0.1], lr=5.000e-05
Epoch: 0 [5610/10000 (56%)] Loss: 22.15602 = L_Mnfld: 5.35337 + L_NonMnfld: 13.36060 + L_Nrml: 0.00000 + L_Eknl: 3.22741 + L_Div: 0.00000 + L_Morse: 0.21463
Epoch: 0 [5610/10000 (56%)] Unweighted L_s : L_Mnfld: 0.00076,  L_NonMnfld: 0.02227,  L_Nrml: 0.00000,  L_Eknl: 0.06455, L_Morse: 2.14632

Weights: [7000.0, 600.0, 0, 50.0, 0.0, 0.1], lr=5.000e-05
Epoch: 0 [5620/10000 (56%)] Loss: 20.94888 = L_Mnfld: 5.24955 + L_NonMnfld: 12.25666 + L_Nrml: 0.00000 + L_Eknl: 3.22157 + L_Div: 0.00000 + L_Morse: 0.22110
Epoch: 0 [5620/10000 (56%)] Unweighted L_s : L_Mnfld: 0.00075,  L_NonMnfld: 0.02043,  L_Nrml: 0.00000,  L_Eknl: 0.06443, L_Morse: 2.21103

Weights: [7000.0, 600.0, 0, 50.0, 0.0, 0.1], lr=5.000e-05
Epoch: 0 [5630/10000 (56%)] Loss: 21.73274 = L_Mnfld: 5.88235 + L_NonMnfld: 12.43814 + L_Nrml: 0.00000 + L_Eknl: 3.19422 + L_Div: 0.00000 + L_Morse: 0.21803
Epoch: 0 [5630/10000 (56%)] Unweighted L_s : L_Mnfld: 0.00084,  L_NonMnfld: 0.02073,  L_Nrml: 0.00000,  L_Eknl: 0.06388, L_Morse: 2.18033

Weights: [7000.0, 600.0, 0, 50.0, 0.0, 0.1], lr=5.000e-05
Epoch: 0 [5640/10000 (56%)] Loss: 22.69675 = L_Mnfld: 5.99179 + L_NonMnfld: 13.01265 + L_Nrml: 0.00000 + L_Eknl: 3.45753 + L_Div: 0.00000 + L_Morse: 0.23479
Epoch: 0 [5640/10000 (56%)] Unweighted L_s : L_Mnfld: 0.00086,  L_NonMnfld: 0.02169,  L_Nrml: 0.00000,  L_Eknl: 0.06915, L_Morse: 2.34785

Weights: [7000.0, 600.0, 0, 50.0, 0.0, 0.1], lr=5.000e-05
Epoch: 0 [5650/10000 (56%)] Loss: 22.40683 = L_Mnfld: 6.33389 + L_NonMnfld: 12.39815 + L_Nrml: 0.00000 + L_Eknl: 3.44095 + L_Div: 0.00000 + L_Morse: 0.23384
Epoch: 0 [5650/10000 (56%)] Unweighted L_s : L_Mnfld: 0.00090,  L_NonMnfld: 0.02066,  L_Nrml: 0.00000,  L_Eknl: 0.06882, L_Morse: 2.33842

Weights: [7000.0, 600.0, 0, 50.0, 0.0, 0.1], lr=5.000e-05
Epoch: 0 [5660/10000 (57%)] Loss: 22.49216 = L_Mnfld: 7.47049 + L_NonMnfld: 11.12070 + L_Nrml: 0.00000 + L_Eknl: 3.67189 + L_Div: 0.00000 + L_Morse: 0.22909
Epoch: 0 [5660/10000 (57%)] Unweighted L_s : L_Mnfld: 0.00107,  L_NonMnfld: 0.01853,  L_Nrml: 0.00000,  L_Eknl: 0.07344, L_Morse: 2.29086

Weights: [7000.0, 600.0, 0, 50.0, 0.0, 0.1], lr=5.000e-05
Epoch: 0 [5670/10000 (57%)] Loss: 22.62342 = L_Mnfld: 6.79188 + L_NonMnfld: 11.98786 + L_Nrml: 0.00000 + L_Eknl: 3.61297 + L_Div: 0.00000 + L_Morse: 0.23071
Epoch: 0 [5670/10000 (57%)] Unweighted L_s : L_Mnfld: 0.00097,  L_NonMnfld: 0.01998,  L_Nrml: 0.00000,  L_Eknl: 0.07226, L_Morse: 2.30706

Weights: [7000.0, 600.0, 0, 50.0, 0.0, 0.1], lr=5.000e-05
Epoch: 0 [5680/10000 (57%)] Loss: 22.29795 = L_Mnfld: 6.70742 + L_NonMnfld: 11.86972 + L_Nrml: 0.00000 + L_Eknl: 3.48883 + L_Div: 0.00000 + L_Morse: 0.23199
Epoch: 0 [5680/10000 (57%)] Unweighted L_s : L_Mnfld: 0.00096,  L_NonMnfld: 0.01978,  L_Nrml: 0.00000,  L_Eknl: 0.06978, L_Morse: 2.31994

Weights: [7000.0, 600.0, 0, 50.0, 0.0, 0.1], lr=5.000e-05
Epoch: 0 [5690/10000 (57%)] Loss: 23.36055 = L_Mnfld: 7.38045 + L_NonMnfld: 12.44204 + L_Nrml: 0.00000 + L_Eknl: 3.28734 + L_Div: 0.00000 + L_Morse: 0.25071
Epoch: 0 [5690/10000 (57%)] Unweighted L_s : L_Mnfld: 0.00105,  L_NonMnfld: 0.02074,  L_Nrml: 0.00000,  L_Eknl: 0.06575, L_Morse: 2.50715

Weights: [7000.0, 600.0, 0, 50.0, 0.0, 0.1], lr=5.000e-05
Epoch: 0 [5700/10000 (57%)] Loss: 23.90696 = L_Mnfld: 6.58872 + L_NonMnfld: 13.86319 + L_Nrml: 0.00000 + L_Eknl: 3.21755 + L_Div: 0.00000 + L_Morse: 0.23750
Epoch: 0 [5700/10000 (57%)] Unweighted L_s : L_Mnfld: 0.00094,  L_NonMnfld: 0.02311,  L_Nrml: 0.00000,  L_Eknl: 0.06435, L_Morse: 2.37498

Weights: [7000.0, 600.0, 0, 50.0, 0.0, 0.1], lr=5.000e-05
Epoch: 0 [5710/10000 (57%)] Loss: 22.29877 = L_Mnfld: 6.01773 + L_NonMnfld: 12.89866 + L_Nrml: 0.00000 + L_Eknl: 3.15089 + L_Div: 0.00000 + L_Morse: 0.23150
Epoch: 0 [5710/10000 (57%)] Unweighted L_s : L_Mnfld: 0.00086,  L_NonMnfld: 0.02150,  L_Nrml: 0.00000,  L_Eknl: 0.06302, L_Morse: 2.31496

Weights: [7000.0, 600.0, 0, 50.0, 0.0, 0.1], lr=5.000e-05
Epoch: 0 [5720/10000 (57%)] Loss: 22.68134 = L_Mnfld: 6.33754 + L_NonMnfld: 12.76590 + L_Nrml: 0.00000 + L_Eknl: 3.34784 + L_Div: 0.00000 + L_Morse: 0.23007
Epoch: 0 [5720/10000 (57%)] Unweighted L_s : L_Mnfld: 0.00091,  L_NonMnfld: 0.02128,  L_Nrml: 0.00000,  L_Eknl: 0.06696, L_Morse: 2.30068

Weights: [7000.0, 600.0, 0, 50.0, 0.0, 0.1], lr=5.000e-05
Epoch: 0 [5730/10000 (57%)] Loss: 21.36535 = L_Mnfld: 6.00599 + L_NonMnfld: 11.87719 + L_Nrml: 0.00000 + L_Eknl: 3.25372 + L_Div: 0.00000 + L_Morse: 0.22846
Epoch: 0 [5730/10000 (57%)] Unweighted L_s : L_Mnfld: 0.00086,  L_NonMnfld: 0.01980,  L_Nrml: 0.00000,  L_Eknl: 0.06507, L_Morse: 2.28457

Weights: [7000.0, 600.0, 0, 50.0, 0.0, 0.1], lr=5.000e-05
Epoch: 0 [5740/10000 (57%)] Loss: 22.04607 = L_Mnfld: 5.80718 + L_NonMnfld: 12.94435 + L_Nrml: 0.00000 + L_Eknl: 3.07007 + L_Div: 0.00000 + L_Morse: 0.22447
Epoch: 0 [5740/10000 (57%)] Unweighted L_s : L_Mnfld: 0.00083,  L_NonMnfld: 0.02157,  L_Nrml: 0.00000,  L_Eknl: 0.06140, L_Morse: 2.24472

Weights: [7000.0, 600.0, 0, 50.0, 0.0, 0.1], lr=5.000e-05
Epoch: 0 [5750/10000 (58%)] Loss: 21.71553 = L_Mnfld: 6.06659 + L_NonMnfld: 12.18059 + L_Nrml: 0.00000 + L_Eknl: 3.23078 + L_Div: 0.00000 + L_Morse: 0.23757
Epoch: 0 [5750/10000 (58%)] Unweighted L_s : L_Mnfld: 0.00087,  L_NonMnfld: 0.02030,  L_Nrml: 0.00000,  L_Eknl: 0.06462, L_Morse: 2.37574

Weights: [7000.0, 600.0, 0, 50.0, 0.0, 0.1], lr=5.000e-05
Epoch: 0 [5760/10000 (58%)] Loss: 20.90495 = L_Mnfld: 5.96202 + L_NonMnfld: 11.53900 + L_Nrml: 0.00000 + L_Eknl: 3.17152 + L_Div: 0.00000 + L_Morse: 0.23242
Epoch: 0 [5760/10000 (58%)] Unweighted L_s : L_Mnfld: 0.00085,  L_NonMnfld: 0.01923,  L_Nrml: 0.00000,  L_Eknl: 0.06343, L_Morse: 2.32419

Weights: [7000.0, 600.0, 0, 50.0, 0.0, 0.1], lr=5.000e-05
Epoch: 0 [5770/10000 (58%)] Loss: 22.23057 = L_Mnfld: 6.11576 + L_NonMnfld: 12.70186 + L_Nrml: 0.00000 + L_Eknl: 3.18402 + L_Div: 0.00000 + L_Morse: 0.22893
Epoch: 0 [5770/10000 (58%)] Unweighted L_s : L_Mnfld: 0.00087,  L_NonMnfld: 0.02117,  L_Nrml: 0.00000,  L_Eknl: 0.06368, L_Morse: 2.28927

Weights: [7000.0, 600.0, 0, 50.0, 0.0, 0.1], lr=5.000e-05
Epoch: 0 [5780/10000 (58%)] Loss: 21.84807 = L_Mnfld: 5.73554 + L_NonMnfld: 12.66752 + L_Nrml: 0.00000 + L_Eknl: 3.21594 + L_Div: 0.00000 + L_Morse: 0.22907
Epoch: 0 [5780/10000 (58%)] Unweighted L_s : L_Mnfld: 0.00082,  L_NonMnfld: 0.02111,  L_Nrml: 0.00000,  L_Eknl: 0.06432, L_Morse: 2.29073

Weights: [7000.0, 600.0, 0, 50.0, 0.0, 0.1], lr=5.000e-05
Epoch: 0 [5790/10000 (58%)] Loss: 21.92640 = L_Mnfld: 6.12411 + L_NonMnfld: 12.43367 + L_Nrml: 0.00000 + L_Eknl: 3.13416 + L_Div: 0.00000 + L_Morse: 0.23445
Epoch: 0 [5790/10000 (58%)] Unweighted L_s : L_Mnfld: 0.00087,  L_NonMnfld: 0.02072,  L_Nrml: 0.00000,  L_Eknl: 0.06268, L_Morse: 2.34447

Weights: [7000.0, 600.0, 0, 50.0, 0.0, 0.1], lr=5.000e-05
Epoch: 0 [5800/10000 (58%)] Loss: 22.21031 = L_Mnfld: 6.43097 + L_NonMnfld: 12.39283 + L_Nrml: 0.00000 + L_Eknl: 3.14891 + L_Div: 0.00000 + L_Morse: 0.23760
Epoch: 0 [5800/10000 (58%)] Unweighted L_s : L_Mnfld: 0.00092,  L_NonMnfld: 0.02065,  L_Nrml: 0.00000,  L_Eknl: 0.06298, L_Morse: 2.37600

Weights: [7000.0, 600.0, 0, 50.0, 0.0, 0.1], lr=5.000e-05
Epoch: 0 [5810/10000 (58%)] Loss: 21.50725 = L_Mnfld: 5.85388 + L_NonMnfld: 12.26761 + L_Nrml: 0.00000 + L_Eknl: 3.14814 + L_Div: 0.00000 + L_Morse: 0.23762
Epoch: 0 [5810/10000 (58%)] Unweighted L_s : L_Mnfld: 0.00084,  L_NonMnfld: 0.02045,  L_Nrml: 0.00000,  L_Eknl: 0.06296, L_Morse: 2.37619

Weights: [7000.0, 600.0, 0, 50.0, 0.0, 0.1], lr=5.000e-05
Epoch: 0 [5820/10000 (58%)] Loss: 21.84034 = L_Mnfld: 5.77692 + L_NonMnfld: 12.53576 + L_Nrml: 0.00000 + L_Eknl: 3.29591 + L_Div: 0.00000 + L_Morse: 0.23176
Epoch: 0 [5820/10000 (58%)] Unweighted L_s : L_Mnfld: 0.00083,  L_NonMnfld: 0.02089,  L_Nrml: 0.00000,  L_Eknl: 0.06592, L_Morse: 2.31759

Weights: [7000.0, 600.0, 0, 50.0, 0.0, 0.1], lr=5.000e-05
Epoch: 0 [5830/10000 (58%)] Loss: 22.80350 = L_Mnfld: 7.39535 + L_NonMnfld: 11.90543 + L_Nrml: 0.00000 + L_Eknl: 3.26091 + L_Div: 0.00000 + L_Morse: 0.24182
Epoch: 0 [5830/10000 (58%)] Unweighted L_s : L_Mnfld: 0.00106,  L_NonMnfld: 0.01984,  L_Nrml: 0.00000,  L_Eknl: 0.06522, L_Morse: 2.41819

Weights: [7000.0, 600.0, 0, 50.0, 0.0, 0.1], lr=5.000e-05
Epoch: 0 [5840/10000 (58%)] Loss: 23.12912 = L_Mnfld: 6.78758 + L_NonMnfld: 12.72087 + L_Nrml: 0.00000 + L_Eknl: 3.38322 + L_Div: 0.00000 + L_Morse: 0.23745
Epoch: 0 [5840/10000 (58%)] Unweighted L_s : L_Mnfld: 0.00097,  L_NonMnfld: 0.02120,  L_Nrml: 0.00000,  L_Eknl: 0.06766, L_Morse: 2.37454

Weights: [7000.0, 600.0, 0, 50.0, 0.0, 0.1], lr=5.000e-05
Epoch: 0 [5850/10000 (58%)] Loss: 24.79572 = L_Mnfld: 8.26130 + L_NonMnfld: 12.40649 + L_Nrml: 0.00000 + L_Eknl: 3.88042 + L_Div: 0.00000 + L_Morse: 0.24751
Epoch: 0 [5850/10000 (58%)] Unweighted L_s : L_Mnfld: 0.00118,  L_NonMnfld: 0.02068,  L_Nrml: 0.00000,  L_Eknl: 0.07761, L_Morse: 2.47510

Weights: [7000.0, 600.0, 0, 50.0, 0.0, 0.1], lr=5.000e-05
Epoch: 0 [5860/10000 (59%)] Loss: 24.03997 = L_Mnfld: 7.72274 + L_NonMnfld: 12.43091 + L_Nrml: 0.00000 + L_Eknl: 3.64408 + L_Div: 0.00000 + L_Morse: 0.24224
Epoch: 0 [5860/10000 (59%)] Unweighted L_s : L_Mnfld: 0.00110,  L_NonMnfld: 0.02072,  L_Nrml: 0.00000,  L_Eknl: 0.07288, L_Morse: 2.42242

Weights: [7000.0, 600.0, 0, 50.0, 0.0, 0.1], lr=5.000e-05
Epoch: 0 [5870/10000 (59%)] Loss: 23.86021 = L_Mnfld: 6.86580 + L_NonMnfld: 13.36327 + L_Nrml: 0.00000 + L_Eknl: 3.39498 + L_Div: 0.00000 + L_Morse: 0.23616
Epoch: 0 [5870/10000 (59%)] Unweighted L_s : L_Mnfld: 0.00098,  L_NonMnfld: 0.02227,  L_Nrml: 0.00000,  L_Eknl: 0.06790, L_Morse: 2.36159

Weights: [7000.0, 600.0, 0, 50.0, 0.0, 0.1], lr=5.000e-05
Epoch: 0 [5880/10000 (59%)] Loss: 22.08701 = L_Mnfld: 7.06705 + L_NonMnfld: 11.51810 + L_Nrml: 0.00000 + L_Eknl: 3.27483 + L_Div: 0.00000 + L_Morse: 0.22703
Epoch: 0 [5880/10000 (59%)] Unweighted L_s : L_Mnfld: 0.00101,  L_NonMnfld: 0.01920,  L_Nrml: 0.00000,  L_Eknl: 0.06550, L_Morse: 2.27034

Weights: [7000.0, 600.0, 0, 50.0, 0.0, 0.1], lr=5.000e-05
Epoch: 0 [5890/10000 (59%)] Loss: 21.88460 = L_Mnfld: 6.34707 + L_NonMnfld: 11.98323 + L_Nrml: 0.00000 + L_Eknl: 3.32851 + L_Div: 0.00000 + L_Morse: 0.22579
Epoch: 0 [5890/10000 (59%)] Unweighted L_s : L_Mnfld: 0.00091,  L_NonMnfld: 0.01997,  L_Nrml: 0.00000,  L_Eknl: 0.06657, L_Morse: 2.25787

Weights: [7000.0, 600.0, 0, 50.0, 0.0, 0.1], lr=5.000e-05
Epoch: 0 [5900/10000 (59%)] Loss: 22.54859 = L_Mnfld: 6.72112 + L_NonMnfld: 12.38955 + L_Nrml: 0.00000 + L_Eknl: 3.20166 + L_Div: 0.00000 + L_Morse: 0.23627
Epoch: 0 [5900/10000 (59%)] Unweighted L_s : L_Mnfld: 0.00096,  L_NonMnfld: 0.02065,  L_Nrml: 0.00000,  L_Eknl: 0.06403, L_Morse: 2.36265

Weights: [7000.0, 600.0, 0, 50.0, 0.0, 0.1], lr=5.000e-05
Epoch: 0 [5910/10000 (59%)] Loss: 21.79222 = L_Mnfld: 5.90108 + L_NonMnfld: 12.42739 + L_Nrml: 0.00000 + L_Eknl: 3.22338 + L_Div: 0.00000 + L_Morse: 0.24037
Epoch: 0 [5910/10000 (59%)] Unweighted L_s : L_Mnfld: 0.00084,  L_NonMnfld: 0.02071,  L_Nrml: 0.00000,  L_Eknl: 0.06447, L_Morse: 2.40366

Weights: [7000.0, 600.0, 0, 50.0, 0.0, 0.1], lr=5.000e-05
Epoch: 0 [5920/10000 (59%)] Loss: 23.23142 = L_Mnfld: 6.59981 + L_NonMnfld: 13.17889 + L_Nrml: 0.00000 + L_Eknl: 3.21542 + L_Div: 0.00000 + L_Morse: 0.23730
Epoch: 0 [5920/10000 (59%)] Unweighted L_s : L_Mnfld: 0.00094,  L_NonMnfld: 0.02196,  L_Nrml: 0.00000,  L_Eknl: 0.06431, L_Morse: 2.37298

Weights: [7000.0, 600.0, 0, 50.0, 0.0, 0.1], lr=5.000e-05
Epoch: 0 [5930/10000 (59%)] Loss: 22.48673 = L_Mnfld: 6.01202 + L_NonMnfld: 13.15213 + L_Nrml: 0.00000 + L_Eknl: 3.09398 + L_Div: 0.00000 + L_Morse: 0.22861
Epoch: 0 [5930/10000 (59%)] Unweighted L_s : L_Mnfld: 0.00086,  L_NonMnfld: 0.02192,  L_Nrml: 0.00000,  L_Eknl: 0.06188, L_Morse: 2.28607

Weights: [7000.0, 600.0, 0, 50.0, 0.0, 0.1], lr=5.000e-05
Epoch: 0 [5940/10000 (59%)] Loss: 21.83628 = L_Mnfld: 6.51983 + L_NonMnfld: 11.81056 + L_Nrml: 0.00000 + L_Eknl: 3.26815 + L_Div: 0.00000 + L_Morse: 0.23775
Epoch: 0 [5940/10000 (59%)] Unweighted L_s : L_Mnfld: 0.00093,  L_NonMnfld: 0.01968,  L_Nrml: 0.00000,  L_Eknl: 0.06536, L_Morse: 2.37747

Weights: [7000.0, 600.0, 0, 50.0, 0.0, 0.1], lr=5.000e-05
Epoch: 0 [5950/10000 (60%)] Loss: 21.76178 = L_Mnfld: 6.43247 + L_NonMnfld: 11.76086 + L_Nrml: 0.00000 + L_Eknl: 3.33727 + L_Div: 0.00000 + L_Morse: 0.23118
Epoch: 0 [5950/10000 (60%)] Unweighted L_s : L_Mnfld: 0.00092,  L_NonMnfld: 0.01960,  L_Nrml: 0.00000,  L_Eknl: 0.06675, L_Morse: 2.31176

Weights: [7000.0, 600.0, 0, 50.0, 0.0, 0.1], lr=5.000e-05
Epoch: 0 [5960/10000 (60%)] Loss: 21.66470 = L_Mnfld: 5.99359 + L_NonMnfld: 12.03513 + L_Nrml: 0.00000 + L_Eknl: 3.39201 + L_Div: 0.00000 + L_Morse: 0.24396
Epoch: 0 [5960/10000 (60%)] Unweighted L_s : L_Mnfld: 0.00086,  L_NonMnfld: 0.02006,  L_Nrml: 0.00000,  L_Eknl: 0.06784, L_Morse: 2.43962

Weights: [7000.0, 600.0, 0, 50.0, 0.0, 0.1], lr=5.000e-05
Epoch: 0 [5970/10000 (60%)] Loss: 24.59087 = L_Mnfld: 8.24954 + L_NonMnfld: 12.84654 + L_Nrml: 0.00000 + L_Eknl: 3.25983 + L_Div: 0.00000 + L_Morse: 0.23496
Epoch: 0 [5970/10000 (60%)] Unweighted L_s : L_Mnfld: 0.00118,  L_NonMnfld: 0.02141,  L_Nrml: 0.00000,  L_Eknl: 0.06520, L_Morse: 2.34960

Weights: [7000.0, 600.0, 0, 50.0, 0.0, 0.1], lr=5.000e-05
Epoch: 0 [5980/10000 (60%)] Loss: 24.11987 = L_Mnfld: 7.49648 + L_NonMnfld: 13.15836 + L_Nrml: 0.00000 + L_Eknl: 3.22377 + L_Div: 0.00000 + L_Morse: 0.24126
Epoch: 0 [5980/10000 (60%)] Unweighted L_s : L_Mnfld: 0.00107,  L_NonMnfld: 0.02193,  L_Nrml: 0.00000,  L_Eknl: 0.06448, L_Morse: 2.41262

Weights: [7000.0, 600.0, 0, 50.0, 0.0, 0.1], lr=5.000e-05
Epoch: 0 [5990/10000 (60%)] Loss: 21.72562 = L_Mnfld: 7.18383 + L_NonMnfld: 10.89564 + L_Nrml: 0.00000 + L_Eknl: 3.41124 + L_Div: 0.00000 + L_Morse: 0.23491
Epoch: 0 [5990/10000 (60%)] Unweighted L_s : L_Mnfld: 0.00103,  L_NonMnfld: 0.01816,  L_Nrml: 0.00000,  L_Eknl: 0.06822, L_Morse: 2.34905

Weights: [7000.0, 600.0, 0, 50.0, 0.0, 0.1], lr=5.000e-05
Epoch: 0 [6000/10000 (60%)] Loss: 21.42355 = L_Mnfld: 6.58494 + L_NonMnfld: 11.19069 + L_Nrml: 0.00000 + L_Eknl: 3.40583 + L_Div: 0.00000 + L_Morse: 0.24210
Epoch: 0 [6000/10000 (60%)] Unweighted L_s : L_Mnfld: 0.00094,  L_NonMnfld: 0.01865,  L_Nrml: 0.00000,  L_Eknl: 0.06812, L_Morse: 2.42098

Weights: [7000.0, 600.0, 0, 50.0, 0.0, 0.1], lr=5.000e-05
Epoch: 0 [6010/10000 (60%)] Loss: 25.19675 = L_Mnfld: 7.86185 + L_NonMnfld: 13.65093 + L_Nrml: 0.00000 + L_Eknl: 3.44938 + L_Div: 0.00000 + L_Morse: 0.23459
Epoch: 0 [6010/10000 (60%)] Unweighted L_s : L_Mnfld: 0.00112,  L_NonMnfld: 0.02275,  L_Nrml: 0.00000,  L_Eknl: 0.06899, L_Morse: 2.34592

Weights: [7000.0, 600.0, 0, 50.0, 0.0, 0.1], lr=5.000e-05
Epoch: 0 [6020/10000 (60%)] Loss: 23.47273 = L_Mnfld: 6.62393 + L_NonMnfld: 13.18836 + L_Nrml: 0.00000 + L_Eknl: 3.42466 + L_Div: 0.00000 + L_Morse: 0.23579
Epoch: 0 [6020/10000 (60%)] Unweighted L_s : L_Mnfld: 0.00095,  L_NonMnfld: 0.02198,  L_Nrml: 0.00000,  L_Eknl: 0.06849, L_Morse: 2.35795

Weights: [7000.0, 600.0, 0, 50.0, 0.0, 0.1], lr=5.000e-05
Epoch: 0 [6030/10000 (60%)] Loss: 23.47794 = L_Mnfld: 6.40775 + L_NonMnfld: 13.40911 + L_Nrml: 0.00000 + L_Eknl: 3.40575 + L_Div: 0.00000 + L_Morse: 0.25533
Epoch: 0 [6030/10000 (60%)] Unweighted L_s : L_Mnfld: 0.00092,  L_NonMnfld: 0.02235,  L_Nrml: 0.00000,  L_Eknl: 0.06811, L_Morse: 2.55327

Weights: [7000.0, 600.0, 0, 50.0, 0.0, 0.1], lr=5.000e-05
Epoch: 0 [6040/10000 (60%)] Loss: 22.74762 = L_Mnfld: 6.55111 + L_NonMnfld: 12.90129 + L_Nrml: 0.00000 + L_Eknl: 3.05460 + L_Div: 0.00000 + L_Morse: 0.24062
Epoch: 0 [6040/10000 (60%)] Unweighted L_s : L_Mnfld: 0.00094,  L_NonMnfld: 0.02150,  L_Nrml: 0.00000,  L_Eknl: 0.06109, L_Morse: 2.40620

Weights: [7000.0, 600.0, 0, 50.0, 0.0, 0.1], lr=5.000e-05
Epoch: 0 [6050/10000 (60%)] Loss: 20.32671 = L_Mnfld: 5.79519 + L_NonMnfld: 11.23459 + L_Nrml: 0.00000 + L_Eknl: 3.04434 + L_Div: 0.00000 + L_Morse: 0.25258
Epoch: 0 [6050/10000 (60%)] Unweighted L_s : L_Mnfld: 0.00083,  L_NonMnfld: 0.01872,  L_Nrml: 0.00000,  L_Eknl: 0.06089, L_Morse: 2.52580

Weights: [7000.0, 600.0, 0, 50.0, 0.0, 0.1], lr=5.000e-05
Epoch: 0 [6060/10000 (61%)] Loss: 22.01512 = L_Mnfld: 6.29428 + L_NonMnfld: 12.43674 + L_Nrml: 0.00000 + L_Eknl: 3.04240 + L_Div: 0.00000 + L_Morse: 0.24170
Epoch: 0 [6060/10000 (61%)] Unweighted L_s : L_Mnfld: 0.00090,  L_NonMnfld: 0.02073,  L_Nrml: 0.00000,  L_Eknl: 0.06085, L_Morse: 2.41699

Weights: [7000.0, 600.0, 0, 50.0, 0.0, 0.1], lr=5.000e-05
Epoch: 0 [6070/10000 (61%)] Loss: 20.45535 = L_Mnfld: 6.08896 + L_NonMnfld: 11.14628 + L_Nrml: 0.00000 + L_Eknl: 2.97977 + L_Div: 0.00000 + L_Morse: 0.24035
Epoch: 0 [6070/10000 (61%)] Unweighted L_s : L_Mnfld: 0.00087,  L_NonMnfld: 0.01858,  L_Nrml: 0.00000,  L_Eknl: 0.05960, L_Morse: 2.40348

Weights: [7000.0, 600.0, 0, 50.0, 0.0, 0.1], lr=5.000e-05
Epoch: 0 [6080/10000 (61%)] Loss: 20.91813 = L_Mnfld: 5.89029 + L_NonMnfld: 11.66190 + L_Nrml: 0.00000 + L_Eknl: 3.12629 + L_Div: 0.00000 + L_Morse: 0.23966
Epoch: 0 [6080/10000 (61%)] Unweighted L_s : L_Mnfld: 0.00084,  L_NonMnfld: 0.01944,  L_Nrml: 0.00000,  L_Eknl: 0.06253, L_Morse: 2.39657

Weights: [7000.0, 600.0, 0, 50.0, 0.0, 0.1], lr=5.000e-05
Epoch: 0 [6090/10000 (61%)] Loss: 23.24063 = L_Mnfld: 6.05526 + L_NonMnfld: 13.84283 + L_Nrml: 0.00000 + L_Eknl: 3.09585 + L_Div: 0.00000 + L_Morse: 0.24668
Epoch: 0 [6090/10000 (61%)] Unweighted L_s : L_Mnfld: 0.00087,  L_NonMnfld: 0.02307,  L_Nrml: 0.00000,  L_Eknl: 0.06192, L_Morse: 2.46676

Weights: [7000.0, 600.0, 0, 50.0, 0.0, 0.1], lr=5.000e-05
Epoch: 0 [6100/10000 (61%)] Loss: 22.15540 = L_Mnfld: 5.98602 + L_NonMnfld: 12.95854 + L_Nrml: 0.00000 + L_Eknl: 2.96035 + L_Div: 0.00000 + L_Morse: 0.25049
Epoch: 0 [6100/10000 (61%)] Unweighted L_s : L_Mnfld: 0.00086,  L_NonMnfld: 0.02160,  L_Nrml: 0.00000,  L_Eknl: 0.05921, L_Morse: 2.50493

Weights: [7000.0, 600.0, 0, 50.0, 0.0, 0.1], lr=5.000e-05
Epoch: 0 [6110/10000 (61%)] Loss: 20.47963 = L_Mnfld: 5.97173 + L_NonMnfld: 11.05847 + L_Nrml: 0.00000 + L_Eknl: 3.20753 + L_Div: 0.00000 + L_Morse: 0.24189
Epoch: 0 [6110/10000 (61%)] Unweighted L_s : L_Mnfld: 0.00085,  L_NonMnfld: 0.01843,  L_Nrml: 0.00000,  L_Eknl: 0.06415, L_Morse: 2.41893

Weights: [7000.0, 600.0, 0, 50.0, 0.0, 0.1], lr=5.000e-05
Epoch: 0 [6120/10000 (61%)] Loss: 22.04646 = L_Mnfld: 5.85810 + L_NonMnfld: 12.82724 + L_Nrml: 0.00000 + L_Eknl: 3.11128 + L_Div: 0.00000 + L_Morse: 0.24984
Epoch: 0 [6120/10000 (61%)] Unweighted L_s : L_Mnfld: 0.00084,  L_NonMnfld: 0.02138,  L_Nrml: 0.00000,  L_Eknl: 0.06223, L_Morse: 2.49843

Weights: [7000.0, 600.0, 0, 50.0, 0.0, 0.1], lr=5.000e-05
Epoch: 0 [6130/10000 (61%)] Loss: 22.06136 = L_Mnfld: 6.42705 + L_NonMnfld: 12.28678 + L_Nrml: 0.00000 + L_Eknl: 3.10910 + L_Div: 0.00000 + L_Morse: 0.23843
Epoch: 0 [6130/10000 (61%)] Unweighted L_s : L_Mnfld: 0.00092,  L_NonMnfld: 0.02048,  L_Nrml: 0.00000,  L_Eknl: 0.06218, L_Morse: 2.38428

Weights: [7000.0, 600.0, 0, 50.0, 0.0, 0.1], lr=5.000e-05
Epoch: 0 [6140/10000 (61%)] Loss: 21.83102 = L_Mnfld: 6.47552 + L_NonMnfld: 12.02533 + L_Nrml: 0.00000 + L_Eknl: 3.08987 + L_Div: 0.00000 + L_Morse: 0.24031
Epoch: 0 [6140/10000 (61%)] Unweighted L_s : L_Mnfld: 0.00093,  L_NonMnfld: 0.02004,  L_Nrml: 0.00000,  L_Eknl: 0.06180, L_Morse: 2.40309

Weights: [7000.0, 600.0, 0, 50.0, 0.0, 0.1], lr=5.000e-05
Epoch: 0 [6150/10000 (62%)] Loss: 22.35620 = L_Mnfld: 5.78124 + L_NonMnfld: 13.18551 + L_Nrml: 0.00000 + L_Eknl: 3.15098 + L_Div: 0.00000 + L_Morse: 0.23846
Epoch: 0 [6150/10000 (62%)] Unweighted L_s : L_Mnfld: 0.00083,  L_NonMnfld: 0.02198,  L_Nrml: 0.00000,  L_Eknl: 0.06302, L_Morse: 2.38464

Weights: [7000.0, 600.0, 0, 50.0, 0.0, 0.1], lr=5.000e-05
Epoch: 0 [6160/10000 (62%)] Loss: 21.11498 = L_Mnfld: 5.62587 + L_NonMnfld: 12.02070 + L_Nrml: 0.00000 + L_Eknl: 3.22033 + L_Div: 0.00000 + L_Morse: 0.24807
Epoch: 0 [6160/10000 (62%)] Unweighted L_s : L_Mnfld: 0.00080,  L_NonMnfld: 0.02003,  L_Nrml: 0.00000,  L_Eknl: 0.06441, L_Morse: 2.48074

Weights: [7000.0, 600.0, 0, 50.0, 0.0, 0.1], lr=5.000e-05
Epoch: 0 [6170/10000 (62%)] Loss: 21.27862 = L_Mnfld: 5.90818 + L_NonMnfld: 12.04431 + L_Nrml: 0.00000 + L_Eknl: 3.08161 + L_Div: 0.00000 + L_Morse: 0.24453
Epoch: 0 [6170/10000 (62%)] Unweighted L_s : L_Mnfld: 0.00084,  L_NonMnfld: 0.02007,  L_Nrml: 0.00000,  L_Eknl: 0.06163, L_Morse: 2.44532

Weights: [7000.0, 600.0, 0, 50.0, 0.0, 0.1], lr=5.000e-05
Epoch: 0 [6180/10000 (62%)] Loss: 21.07504 = L_Mnfld: 5.51782 + L_NonMnfld: 12.28521 + L_Nrml: 0.00000 + L_Eknl: 3.03193 + L_Div: 0.00000 + L_Morse: 0.24007
Epoch: 0 [6180/10000 (62%)] Unweighted L_s : L_Mnfld: 0.00079,  L_NonMnfld: 0.02048,  L_Nrml: 0.00000,  L_Eknl: 0.06064, L_Morse: 2.40073

Weights: [7000.0, 600.0, 0, 50.0, 0.0, 0.1], lr=5.000e-05
Epoch: 0 [6190/10000 (62%)] Loss: 21.09078 = L_Mnfld: 5.78877 + L_NonMnfld: 11.93893 + L_Nrml: 0.00000 + L_Eknl: 3.10638 + L_Div: 0.00000 + L_Morse: 0.25670
Epoch: 0 [6190/10000 (62%)] Unweighted L_s : L_Mnfld: 0.00083,  L_NonMnfld: 0.01990,  L_Nrml: 0.00000,  L_Eknl: 0.06213, L_Morse: 2.56695

Weights: [7000.0, 600.0, 0, 50.0, 0.0, 0.1], lr=5.000e-05
Epoch: 0 [6200/10000 (62%)] Loss: 22.42419 = L_Mnfld: 6.44135 + L_NonMnfld: 12.68134 + L_Nrml: 0.00000 + L_Eknl: 3.05596 + L_Div: 0.00000 + L_Morse: 0.24554
Epoch: 0 [6200/10000 (62%)] Unweighted L_s : L_Mnfld: 0.00092,  L_NonMnfld: 0.02114,  L_Nrml: 0.00000,  L_Eknl: 0.06112, L_Morse: 2.45537

Weights: [7000.0, 600.0, 0, 50.0, 0.0, 0.1], lr=5.000e-05
Epoch: 0 [6210/10000 (62%)] Loss: 22.02338 = L_Mnfld: 6.17981 + L_NonMnfld: 12.53568 + L_Nrml: 0.00000 + L_Eknl: 3.05671 + L_Div: 0.00000 + L_Morse: 0.25117
Epoch: 0 [6210/10000 (62%)] Unweighted L_s : L_Mnfld: 0.00088,  L_NonMnfld: 0.02089,  L_Nrml: 0.00000,  L_Eknl: 0.06113, L_Morse: 2.51173

Weights: [7000.0, 600.0, 0, 50.0, 0.0, 0.1], lr=5.000e-05
Epoch: 0 [6220/10000 (62%)] Loss: 21.93627 = L_Mnfld: 5.86354 + L_NonMnfld: 12.68187 + L_Nrml: 0.00000 + L_Eknl: 3.14626 + L_Div: 0.00000 + L_Morse: 0.24460
Epoch: 0 [6220/10000 (62%)] Unweighted L_s : L_Mnfld: 0.00084,  L_NonMnfld: 0.02114,  L_Nrml: 0.00000,  L_Eknl: 0.06293, L_Morse: 2.44599

Weights: [7000.0, 600.0, 0, 50.0, 0.0, 0.1], lr=5.000e-05
Epoch: 0 [6230/10000 (62%)] Loss: 22.23449 = L_Mnfld: 5.78544 + L_NonMnfld: 13.03727 + L_Nrml: 0.00000 + L_Eknl: 3.15404 + L_Div: 0.00000 + L_Morse: 0.25773
Epoch: 0 [6230/10000 (62%)] Unweighted L_s : L_Mnfld: 0.00083,  L_NonMnfld: 0.02173,  L_Nrml: 0.00000,  L_Eknl: 0.06308, L_Morse: 2.57730

Weights: [7000.0, 600.0, 0, 50.0, 0.0, 0.1], lr=5.000e-05
Epoch: 0 [6240/10000 (62%)] Loss: 22.48226 = L_Mnfld: 6.22886 + L_NonMnfld: 12.91907 + L_Nrml: 0.00000 + L_Eknl: 3.09020 + L_Div: 0.00000 + L_Morse: 0.24412
Epoch: 0 [6240/10000 (62%)] Unweighted L_s : L_Mnfld: 0.00089,  L_NonMnfld: 0.02153,  L_Nrml: 0.00000,  L_Eknl: 0.06180, L_Morse: 2.44124

Weights: [7000.0, 600.0, 0, 50.0, 0.0, 0.1], lr=5.000e-05
Epoch: 0 [6250/10000 (62%)] Loss: 22.35898 = L_Mnfld: 6.25831 + L_NonMnfld: 12.65164 + L_Nrml: 0.00000 + L_Eknl: 3.21110 + L_Div: 0.00000 + L_Morse: 0.23793
Epoch: 0 [6250/10000 (62%)] Unweighted L_s : L_Mnfld: 0.00089,  L_NonMnfld: 0.02109,  L_Nrml: 0.00000,  L_Eknl: 0.06422, L_Morse: 2.37930

Weights: [7000.0, 600.0, 0, 50.0, 0.0, 0.1], lr=5.000e-05
Epoch: 0 [6260/10000 (63%)] Loss: 21.69939 = L_Mnfld: 6.10594 + L_NonMnfld: 12.22620 + L_Nrml: 0.00000 + L_Eknl: 3.12831 + L_Div: 0.00000 + L_Morse: 0.23894
Epoch: 0 [6260/10000 (63%)] Unweighted L_s : L_Mnfld: 0.00087,  L_NonMnfld: 0.02038,  L_Nrml: 0.00000,  L_Eknl: 0.06257, L_Morse: 2.38944

Weights: [7000.0, 600.0, 0, 50.0, 0.0, 0.1], lr=5.000e-05
Epoch: 0 [6270/10000 (63%)] Loss: 22.49346 = L_Mnfld: 6.20557 + L_NonMnfld: 13.04192 + L_Nrml: 0.00000 + L_Eknl: 3.01050 + L_Div: 0.00000 + L_Morse: 0.23546
Epoch: 0 [6270/10000 (63%)] Unweighted L_s : L_Mnfld: 0.00089,  L_NonMnfld: 0.02174,  L_Nrml: 0.00000,  L_Eknl: 0.06021, L_Morse: 2.35461

Weights: [7000.0, 600.0, 0, 50.0, 0.0, 0.1], lr=5.000e-05
Epoch: 0 [6280/10000 (63%)] Loss: 22.11363 = L_Mnfld: 6.27985 + L_NonMnfld: 12.31561 + L_Nrml: 0.00000 + L_Eknl: 3.27642 + L_Div: 0.00000 + L_Morse: 0.24175
Epoch: 0 [6280/10000 (63%)] Unweighted L_s : L_Mnfld: 0.00090,  L_NonMnfld: 0.02053,  L_Nrml: 0.00000,  L_Eknl: 0.06553, L_Morse: 2.41751

Weights: [7000.0, 600.0, 0, 50.0, 0.0, 0.1], lr=5.000e-05
Epoch: 0 [6290/10000 (63%)] Loss: 22.49200 = L_Mnfld: 6.37231 + L_NonMnfld: 12.75976 + L_Nrml: 0.00000 + L_Eknl: 3.10914 + L_Div: 0.00000 + L_Morse: 0.25078
Epoch: 0 [6290/10000 (63%)] Unweighted L_s : L_Mnfld: 0.00091,  L_NonMnfld: 0.02127,  L_Nrml: 0.00000,  L_Eknl: 0.06218, L_Morse: 2.50780

Weights: [7000.0, 600.0, 0, 50.0, 0.0, 0.1], lr=5.000e-05
Epoch: 0 [6300/10000 (63%)] Loss: 22.68535 = L_Mnfld: 7.42029 + L_NonMnfld: 11.53730 + L_Nrml: 0.00000 + L_Eknl: 3.47471 + L_Div: 0.00000 + L_Morse: 0.25305
Epoch: 0 [6300/10000 (63%)] Unweighted L_s : L_Mnfld: 0.00106,  L_NonMnfld: 0.01923,  L_Nrml: 0.00000,  L_Eknl: 0.06949, L_Morse: 2.53049

Weights: [7000.0, 600.0, 0, 50.0, 0.0, 0.1], lr=5.000e-05
Epoch: 0 [6310/10000 (63%)] Loss: 22.06672 = L_Mnfld: 6.53041 + L_NonMnfld: 11.85412 + L_Nrml: 0.00000 + L_Eknl: 3.44824 + L_Div: 0.00000 + L_Morse: 0.23394
Epoch: 0 [6310/10000 (63%)] Unweighted L_s : L_Mnfld: 0.00093,  L_NonMnfld: 0.01976,  L_Nrml: 0.00000,  L_Eknl: 0.06896, L_Morse: 2.33937

Weights: [7000.0, 600.0, 0, 50.0, 0.0, 0.1], lr=5.000e-05
Epoch: 0 [6320/10000 (63%)] Loss: 23.77006 = L_Mnfld: 7.51730 + L_NonMnfld: 12.31155 + L_Nrml: 0.00000 + L_Eknl: 3.69794 + L_Div: 0.00000 + L_Morse: 0.24326
Epoch: 0 [6320/10000 (63%)] Unweighted L_s : L_Mnfld: 0.00107,  L_NonMnfld: 0.02052,  L_Nrml: 0.00000,  L_Eknl: 0.07396, L_Morse: 2.43263

Weights: [7000.0, 600.0, 0, 50.0, 0.0, 0.1], lr=5.000e-05
Epoch: 0 [6330/10000 (63%)] Loss: 22.88402 = L_Mnfld: 7.70008 + L_NonMnfld: 11.75671 + L_Nrml: 0.00000 + L_Eknl: 3.17520 + L_Div: 0.00000 + L_Morse: 0.25204
Epoch: 0 [6330/10000 (63%)] Unweighted L_s : L_Mnfld: 0.00110,  L_NonMnfld: 0.01959,  L_Nrml: 0.00000,  L_Eknl: 0.06350, L_Morse: 2.52037

Weights: [7000.0, 600.0, 0, 50.0, 0.0, 0.1], lr=5.000e-05
Epoch: 0 [6340/10000 (63%)] Loss: 22.71648 = L_Mnfld: 6.64439 + L_NonMnfld: 12.49556 + L_Nrml: 0.00000 + L_Eknl: 3.33224 + L_Div: 0.00000 + L_Morse: 0.24430
Epoch: 0 [6340/10000 (63%)] Unweighted L_s : L_Mnfld: 0.00095,  L_NonMnfld: 0.02083,  L_Nrml: 0.00000,  L_Eknl: 0.06664, L_Morse: 2.44297

Weights: [7000.0, 600.0, 0, 50.0, 0.0, 0.1], lr=5.000e-05
Epoch: 0 [6350/10000 (64%)] Loss: 23.09651 = L_Mnfld: 7.26095 + L_NonMnfld: 12.45699 + L_Nrml: 0.00000 + L_Eknl: 3.14572 + L_Div: 0.00000 + L_Morse: 0.23284
Epoch: 0 [6350/10000 (64%)] Unweighted L_s : L_Mnfld: 0.00104,  L_NonMnfld: 0.02076,  L_Nrml: 0.00000,  L_Eknl: 0.06291, L_Morse: 2.32845

Weights: [7000.0, 600.0, 0, 50.0, 0.0, 0.1], lr=5.000e-05
Epoch: 0 [6360/10000 (64%)] Loss: 20.77367 = L_Mnfld: 6.75592 + L_NonMnfld: 10.56789 + L_Nrml: 0.00000 + L_Eknl: 3.21000 + L_Div: 0.00000 + L_Morse: 0.23986
Epoch: 0 [6360/10000 (64%)] Unweighted L_s : L_Mnfld: 0.00097,  L_NonMnfld: 0.01761,  L_Nrml: 0.00000,  L_Eknl: 0.06420, L_Morse: 2.39862

Weights: [7000.0, 600.0, 0, 50.0, 0.0, 0.1], lr=5.000e-05
Epoch: 0 [6370/10000 (64%)] Loss: 22.47157 = L_Mnfld: 6.32293 + L_NonMnfld: 12.85486 + L_Nrml: 0.00000 + L_Eknl: 3.04080 + L_Div: 0.00000 + L_Morse: 0.25298
Epoch: 0 [6370/10000 (64%)] Unweighted L_s : L_Mnfld: 0.00090,  L_NonMnfld: 0.02142,  L_Nrml: 0.00000,  L_Eknl: 0.06082, L_Morse: 2.52982

Weights: [7000.0, 600.0, 0, 50.0, 0.0, 0.1], lr=5.000e-05
Epoch: 0 [6380/10000 (64%)] Loss: 21.14178 = L_Mnfld: 5.75811 + L_NonMnfld: 12.03251 + L_Nrml: 0.00000 + L_Eknl: 3.08222 + L_Div: 0.00000 + L_Morse: 0.26894
Epoch: 0 [6380/10000 (64%)] Unweighted L_s : L_Mnfld: 0.00082,  L_NonMnfld: 0.02005,  L_Nrml: 0.00000,  L_Eknl: 0.06164, L_Morse: 2.68941

Weights: [7000.0, 600.0, 0, 50.0, 0.0, 0.1], lr=5.000e-05
Epoch: 0 [6390/10000 (64%)] Loss: 22.05229 = L_Mnfld: 6.25746 + L_NonMnfld: 12.41135 + L_Nrml: 0.00000 + L_Eknl: 3.13553 + L_Div: 0.00000 + L_Morse: 0.24795
Epoch: 0 [6390/10000 (64%)] Unweighted L_s : L_Mnfld: 0.00089,  L_NonMnfld: 0.02069,  L_Nrml: 0.00000,  L_Eknl: 0.06271, L_Morse: 2.47949

Weights: [7000.0, 600.0, 0, 50.0, 0.0, 0.1], lr=5.000e-05
Epoch: 0 [6400/10000 (64%)] Loss: 21.09278 = L_Mnfld: 6.50363 + L_NonMnfld: 11.39970 + L_Nrml: 0.00000 + L_Eknl: 2.93767 + L_Div: 0.00000 + L_Morse: 0.25178
Epoch: 0 [6400/10000 (64%)] Unweighted L_s : L_Mnfld: 0.00093,  L_NonMnfld: 0.01900,  L_Nrml: 0.00000,  L_Eknl: 0.05875, L_Morse: 2.51782

Weights: [7000.0, 600.0, 0, 50.0, 0.0, 0.1], lr=5.000e-05
Epoch: 0 [6410/10000 (64%)] Loss: 21.95094 = L_Mnfld: 5.91473 + L_NonMnfld: 12.69628 + L_Nrml: 0.00000 + L_Eknl: 3.07335 + L_Div: 0.00000 + L_Morse: 0.26658
Epoch: 0 [6410/10000 (64%)] Unweighted L_s : L_Mnfld: 0.00084,  L_NonMnfld: 0.02116,  L_Nrml: 0.00000,  L_Eknl: 0.06147, L_Morse: 2.66584

Weights: [7000.0, 600.0, 0, 50.0, 0.0, 0.1], lr=5.000e-05
Epoch: 0 [6420/10000 (64%)] Loss: 21.95611 = L_Mnfld: 6.09968 + L_NonMnfld: 12.47215 + L_Nrml: 0.00000 + L_Eknl: 3.13812 + L_Div: 0.00000 + L_Morse: 0.24615
Epoch: 0 [6420/10000 (64%)] Unweighted L_s : L_Mnfld: 0.00087,  L_NonMnfld: 0.02079,  L_Nrml: 0.00000,  L_Eknl: 0.06276, L_Morse: 2.46154

Weights: [7000.0, 600.0, 0, 50.0, 0.0, 0.1], lr=5.000e-05
Epoch: 0 [6430/10000 (64%)] Loss: 22.33578 = L_Mnfld: 5.82733 + L_NonMnfld: 13.07554 + L_Nrml: 0.00000 + L_Eknl: 3.18111 + L_Div: 0.00000 + L_Morse: 0.25180
Epoch: 0 [6430/10000 (64%)] Unweighted L_s : L_Mnfld: 0.00083,  L_NonMnfld: 0.02179,  L_Nrml: 0.00000,  L_Eknl: 0.06362, L_Morse: 2.51797

Weights: [7000.0, 600.0, 0, 50.0, 0.0, 0.1], lr=5.000e-05
Epoch: 0 [6440/10000 (64%)] Loss: 20.56894 = L_Mnfld: 5.83221 + L_NonMnfld: 11.37525 + L_Nrml: 0.00000 + L_Eknl: 3.10871 + L_Div: 0.00000 + L_Morse: 0.25278
Epoch: 0 [6440/10000 (64%)] Unweighted L_s : L_Mnfld: 0.00083,  L_NonMnfld: 0.01896,  L_Nrml: 0.00000,  L_Eknl: 0.06217, L_Morse: 2.52778

Weights: [7000.0, 600.0, 0, 50.0, 0.0, 0.1], lr=5.000e-05
Epoch: 0 [6450/10000 (64%)] Loss: 20.71664 = L_Mnfld: 5.56649 + L_NonMnfld: 11.80189 + L_Nrml: 0.00000 + L_Eknl: 3.10476 + L_Div: 0.00000 + L_Morse: 0.24351
Epoch: 0 [6450/10000 (64%)] Unweighted L_s : L_Mnfld: 0.00080,  L_NonMnfld: 0.01967,  L_Nrml: 0.00000,  L_Eknl: 0.06210, L_Morse: 2.43506

Weights: [7000.0, 600.0, 0, 50.0, 0.0, 0.1], lr=5.000e-05
Epoch: 0 [6460/10000 (65%)] Loss: 21.96441 = L_Mnfld: 6.19117 + L_NonMnfld: 12.29976 + L_Nrml: 0.00000 + L_Eknl: 3.23610 + L_Div: 0.00000 + L_Morse: 0.23739
Epoch: 0 [6460/10000 (65%)] Unweighted L_s : L_Mnfld: 0.00088,  L_NonMnfld: 0.02050,  L_Nrml: 0.00000,  L_Eknl: 0.06472, L_Morse: 2.37385

Weights: [7000.0, 600.0, 0, 50.0, 0.0, 0.1], lr=5.000e-05
Epoch: 0 [6470/10000 (65%)] Loss: 22.34910 = L_Mnfld: 6.32277 + L_NonMnfld: 12.63284 + L_Nrml: 0.00000 + L_Eknl: 3.14756 + L_Div: 0.00000 + L_Morse: 0.24593
Epoch: 0 [6470/10000 (65%)] Unweighted L_s : L_Mnfld: 0.00090,  L_NonMnfld: 0.02105,  L_Nrml: 0.00000,  L_Eknl: 0.06295, L_Morse: 2.45930

Weights: [7000.0, 600.0, 0, 50.0, 0.0, 0.1], lr=5.000e-05
Epoch: 0 [6480/10000 (65%)] Loss: 21.83579 = L_Mnfld: 6.30614 + L_NonMnfld: 12.00071 + L_Nrml: 0.00000 + L_Eknl: 3.27610 + L_Div: 0.00000 + L_Morse: 0.25283
Epoch: 0 [6480/10000 (65%)] Unweighted L_s : L_Mnfld: 0.00090,  L_NonMnfld: 0.02000,  L_Nrml: 0.00000,  L_Eknl: 0.06552, L_Morse: 2.52827

Weights: [7000.0, 600.0, 0, 50.0, 0.0, 0.1], lr=5.000e-05
Epoch: 0 [6490/10000 (65%)] Loss: 21.67158 = L_Mnfld: 6.33108 + L_NonMnfld: 12.07603 + L_Nrml: 0.00000 + L_Eknl: 3.02550 + L_Div: 0.00000 + L_Morse: 0.23897
Epoch: 0 [6490/10000 (65%)] Unweighted L_s : L_Mnfld: 0.00090,  L_NonMnfld: 0.02013,  L_Nrml: 0.00000,  L_Eknl: 0.06051, L_Morse: 2.38971

Weights: [7000.0, 600.0, 0, 50.0, 0.0, 0.1], lr=5.000e-05
Epoch: 0 [6500/10000 (65%)] Loss: 22.69266 = L_Mnfld: 6.53155 + L_NonMnfld: 12.61989 + L_Nrml: 0.00000 + L_Eknl: 3.29204 + L_Div: 0.00000 + L_Morse: 0.24917
Epoch: 0 [6500/10000 (65%)] Unweighted L_s : L_Mnfld: 0.00093,  L_NonMnfld: 0.02103,  L_Nrml: 0.00000,  L_Eknl: 0.06584, L_Morse: 2.49171

Weights: [7000.0, 600.0, 0, 50.0, 0.0, 0.1], lr=5.000e-05
Epoch: 0 [6510/10000 (65%)] Loss: 21.75369 = L_Mnfld: 5.80449 + L_NonMnfld: 12.58205 + L_Nrml: 0.00000 + L_Eknl: 3.11686 + L_Div: 0.00000 + L_Morse: 0.25029
Epoch: 0 [6510/10000 (65%)] Unweighted L_s : L_Mnfld: 0.00083,  L_NonMnfld: 0.02097,  L_Nrml: 0.00000,  L_Eknl: 0.06234, L_Morse: 2.50285

Weights: [7000.0, 600.0, 0, 50.0, 0.0, 0.1], lr=5.000e-05
Epoch: 0 [6520/10000 (65%)] Loss: 21.50211 = L_Mnfld: 5.51141 + L_NonMnfld: 12.72899 + L_Nrml: 0.00000 + L_Eknl: 3.00937 + L_Div: 0.00000 + L_Morse: 0.25235
Epoch: 0 [6520/10000 (65%)] Unweighted L_s : L_Mnfld: 0.00079,  L_NonMnfld: 0.02121,  L_Nrml: 0.00000,  L_Eknl: 0.06019, L_Morse: 2.52347

Weights: [7000.0, 600.0, 0, 50.0, 0.0, 0.1], lr=5.000e-05
Epoch: 0 [6530/10000 (65%)] Loss: 22.07586 = L_Mnfld: 6.06151 + L_NonMnfld: 12.73489 + L_Nrml: 0.00000 + L_Eknl: 3.02189 + L_Div: 0.00000 + L_Morse: 0.25757
Epoch: 0 [6530/10000 (65%)] Unweighted L_s : L_Mnfld: 0.00087,  L_NonMnfld: 0.02122,  L_Nrml: 0.00000,  L_Eknl: 0.06044, L_Morse: 2.57573

Weights: [7000.0, 600.0, 0, 50.0, 0.0, 0.1], lr=5.000e-05
Epoch: 0 [6540/10000 (65%)] Loss: 21.58050 = L_Mnfld: 5.64391 + L_NonMnfld: 12.67721 + L_Nrml: 0.00000 + L_Eknl: 3.01105 + L_Div: 0.00000 + L_Morse: 0.24834
Epoch: 0 [6540/10000 (65%)] Unweighted L_s : L_Mnfld: 0.00081,  L_NonMnfld: 0.02113,  L_Nrml: 0.00000,  L_Eknl: 0.06022, L_Morse: 2.48335

Weights: [7000.0, 600.0, 0, 50.0, 0.0, 0.1], lr=5.000e-05
Epoch: 0 [6550/10000 (66%)] Loss: 21.57461 = L_Mnfld: 5.93266 + L_NonMnfld: 12.29354 + L_Nrml: 0.00000 + L_Eknl: 3.11004 + L_Div: 0.00000 + L_Morse: 0.23837
Epoch: 0 [6550/10000 (66%)] Unweighted L_s : L_Mnfld: 0.00085,  L_NonMnfld: 0.02049,  L_Nrml: 0.00000,  L_Eknl: 0.06220, L_Morse: 2.38367

Weights: [7000.0, 600.0, 0, 50.0, 0.0, 0.1], lr=5.000e-05
Epoch: 0 [6560/10000 (66%)] Loss: 21.03063 = L_Mnfld: 5.95770 + L_NonMnfld: 11.61113 + L_Nrml: 0.00000 + L_Eknl: 3.19793 + L_Div: 0.00000 + L_Morse: 0.26386
Epoch: 0 [6560/10000 (66%)] Unweighted L_s : L_Mnfld: 0.00085,  L_NonMnfld: 0.01935,  L_Nrml: 0.00000,  L_Eknl: 0.06396, L_Morse: 2.63863

Weights: [7000.0, 600.0, 0, 50.0, 0.0, 0.1], lr=5.000e-05
Epoch: 0 [6570/10000 (66%)] Loss: 20.96754 = L_Mnfld: 5.45076 + L_NonMnfld: 12.27423 + L_Nrml: 0.00000 + L_Eknl: 2.98922 + L_Div: 0.00000 + L_Morse: 0.25334
Epoch: 0 [6570/10000 (66%)] Unweighted L_s : L_Mnfld: 0.00078,  L_NonMnfld: 0.02046,  L_Nrml: 0.00000,  L_Eknl: 0.05978, L_Morse: 2.53344

Weights: [7000.0, 600.0, 0, 50.0, 0.0, 0.1], lr=5.000e-05
Epoch: 0 [6580/10000 (66%)] Loss: 22.63609 = L_Mnfld: 6.45622 + L_NonMnfld: 12.71527 + L_Nrml: 0.00000 + L_Eknl: 3.21393 + L_Div: 0.00000 + L_Morse: 0.25067
Epoch: 0 [6580/10000 (66%)] Unweighted L_s : L_Mnfld: 0.00092,  L_NonMnfld: 0.02119,  L_Nrml: 0.00000,  L_Eknl: 0.06428, L_Morse: 2.50673

Weights: [7000.0, 600.0, 0, 50.0, 0.0, 0.1], lr=5.000e-05
Epoch: 0 [6590/10000 (66%)] Loss: 22.12493 = L_Mnfld: 6.32262 + L_NonMnfld: 12.55091 + L_Nrml: 0.00000 + L_Eknl: 3.01362 + L_Div: 0.00000 + L_Morse: 0.23778
Epoch: 0 [6590/10000 (66%)] Unweighted L_s : L_Mnfld: 0.00090,  L_NonMnfld: 0.02092,  L_Nrml: 0.00000,  L_Eknl: 0.06027, L_Morse: 2.37775

Weights: [7000.0, 600.0, 0, 50.0, 0.0, 0.1], lr=5.000e-05
Epoch: 0 [6600/10000 (66%)] Loss: 23.08862 = L_Mnfld: 6.28066 + L_NonMnfld: 13.47134 + L_Nrml: 0.00000 + L_Eknl: 3.08224 + L_Div: 0.00000 + L_Morse: 0.25438
Epoch: 0 [6600/10000 (66%)] Unweighted L_s : L_Mnfld: 0.00090,  L_NonMnfld: 0.02245,  L_Nrml: 0.00000,  L_Eknl: 0.06164, L_Morse: 2.54384

Weights: [7000.0, 600.0, 0, 50.0, 0.0, 0.1], lr=5.000e-05
Epoch: 0 [6610/10000 (66%)] Loss: 22.59241 = L_Mnfld: 6.55862 + L_NonMnfld: 12.83799 + L_Nrml: 0.00000 + L_Eknl: 2.94979 + L_Div: 0.00000 + L_Morse: 0.24602
Epoch: 0 [6610/10000 (66%)] Unweighted L_s : L_Mnfld: 0.00094,  L_NonMnfld: 0.02140,  L_Nrml: 0.00000,  L_Eknl: 0.05900, L_Morse: 2.46022

Weights: [7000.0, 600.0, 0, 50.0, 0.0, 0.1], lr=5.000e-05
Epoch: 0 [6620/10000 (66%)] Loss: 22.77649 = L_Mnfld: 6.37493 + L_NonMnfld: 13.03051 + L_Nrml: 0.00000 + L_Eknl: 3.11995 + L_Div: 0.00000 + L_Morse: 0.25109
Epoch: 0 [6620/10000 (66%)] Unweighted L_s : L_Mnfld: 0.00091,  L_NonMnfld: 0.02172,  L_Nrml: 0.00000,  L_Eknl: 0.06240, L_Morse: 2.51095

Weights: [7000.0, 600.0, 0, 50.0, 0.0, 0.1], lr=5.000e-05
Epoch: 0 [6630/10000 (66%)] Loss: 20.61165 = L_Mnfld: 6.08979 + L_NonMnfld: 11.36298 + L_Nrml: 0.00000 + L_Eknl: 2.90316 + L_Div: 0.00000 + L_Morse: 0.25573
Epoch: 0 [6630/10000 (66%)] Unweighted L_s : L_Mnfld: 0.00087,  L_NonMnfld: 0.01894,  L_Nrml: 0.00000,  L_Eknl: 0.05806, L_Morse: 2.55729

Weights: [7000.0, 600.0, 0, 50.0, 0.0, 0.1], lr=5.000e-05
Epoch: 0 [6640/10000 (66%)] Loss: 20.18163 = L_Mnfld: 5.98037 + L_NonMnfld: 11.01431 + L_Nrml: 0.00000 + L_Eknl: 2.94475 + L_Div: 0.00000 + L_Morse: 0.24221
Epoch: 0 [6640/10000 (66%)] Unweighted L_s : L_Mnfld: 0.00085,  L_NonMnfld: 0.01836,  L_Nrml: 0.00000,  L_Eknl: 0.05889, L_Morse: 2.42210

Weights: [7000.0, 600.0, 0, 50.0, 0.0, 0.1], lr=5.000e-05
Epoch: 0 [6650/10000 (66%)] Loss: 21.66927 = L_Mnfld: 5.80915 + L_NonMnfld: 12.57301 + L_Nrml: 0.00000 + L_Eknl: 3.03630 + L_Div: 0.00000 + L_Morse: 0.25080
Epoch: 0 [6650/10000 (66%)] Unweighted L_s : L_Mnfld: 0.00083,  L_NonMnfld: 0.02096,  L_Nrml: 0.00000,  L_Eknl: 0.06073, L_Morse: 2.50801

Weights: [7000.0, 600.0, 0, 50.0, 0.0, 0.1], lr=5.000e-05
Epoch: 0 [6660/10000 (67%)] Loss: 22.57188 = L_Mnfld: 6.73254 + L_NonMnfld: 12.42208 + L_Nrml: 0.00000 + L_Eknl: 3.17153 + L_Div: 0.00000 + L_Morse: 0.24574
Epoch: 0 [6660/10000 (67%)] Unweighted L_s : L_Mnfld: 0.00096,  L_NonMnfld: 0.02070,  L_Nrml: 0.00000,  L_Eknl: 0.06343, L_Morse: 2.45741

Weights: [7000.0, 600.0, 0, 50.0, 0.0, 0.1], lr=5.000e-05
Epoch: 0 [6670/10000 (67%)] Loss: 23.70307 = L_Mnfld: 7.46838 + L_NonMnfld: 12.48826 + L_Nrml: 0.00000 + L_Eknl: 3.48675 + L_Div: 0.00000 + L_Morse: 0.25968
Epoch: 0 [6670/10000 (67%)] Unweighted L_s : L_Mnfld: 0.00107,  L_NonMnfld: 0.02081,  L_Nrml: 0.00000,  L_Eknl: 0.06973, L_Morse: 2.59675

Weights: [7000.0, 600.0, 0, 50.0, 0.0, 0.1], lr=5.000e-05
Epoch: 0 [6680/10000 (67%)] Loss: 22.72268 = L_Mnfld: 6.60424 + L_NonMnfld: 12.67233 + L_Nrml: 0.00000 + L_Eknl: 3.18768 + L_Div: 0.00000 + L_Morse: 0.25842
Epoch: 0 [6680/10000 (67%)] Unweighted L_s : L_Mnfld: 0.00094,  L_NonMnfld: 0.02112,  L_Nrml: 0.00000,  L_Eknl: 0.06375, L_Morse: 2.58422

Weights: [7000.0, 600.0, 0, 50.0, 0.0, 0.1], lr=5.000e-05
Epoch: 0 [6690/10000 (67%)] Loss: 22.41536 = L_Mnfld: 6.89575 + L_NonMnfld: 12.12863 + L_Nrml: 0.00000 + L_Eknl: 3.14169 + L_Div: 0.00000 + L_Morse: 0.24929
Epoch: 0 [6690/10000 (67%)] Unweighted L_s : L_Mnfld: 0.00099,  L_NonMnfld: 0.02021,  L_Nrml: 0.00000,  L_Eknl: 0.06283, L_Morse: 2.49285

Weights: [7000.0, 600.0, 0, 50.0, 0.0, 0.1], lr=5.000e-05
Epoch: 0 [6700/10000 (67%)] Loss: 21.86586 = L_Mnfld: 6.70563 + L_NonMnfld: 11.72034 + L_Nrml: 0.00000 + L_Eknl: 3.17986 + L_Div: 0.00000 + L_Morse: 0.26003
Epoch: 0 [6700/10000 (67%)] Unweighted L_s : L_Mnfld: 0.00096,  L_NonMnfld: 0.01953,  L_Nrml: 0.00000,  L_Eknl: 0.06360, L_Morse: 2.60032

Weights: [7000.0, 600.0, 0, 50.0, 0.0, 0.1], lr=5.000e-05
Epoch: 0 [6710/10000 (67%)] Loss: 21.24566 = L_Mnfld: 5.89431 + L_NonMnfld: 12.13329 + L_Nrml: 0.00000 + L_Eknl: 2.98382 + L_Div: 0.00000 + L_Morse: 0.23424
Epoch: 0 [6710/10000 (67%)] Unweighted L_s : L_Mnfld: 0.00084,  L_NonMnfld: 0.02022,  L_Nrml: 0.00000,  L_Eknl: 0.05968, L_Morse: 2.34241

Weights: [7000.0, 600.0, 0, 50.0, 0.0, 0.1], lr=5.000e-05
Epoch: 0 [6720/10000 (67%)] Loss: 22.65022 = L_Mnfld: 5.73450 + L_NonMnfld: 13.52750 + L_Nrml: 0.00000 + L_Eknl: 3.14383 + L_Div: 0.00000 + L_Morse: 0.24439
Epoch: 0 [6720/10000 (67%)] Unweighted L_s : L_Mnfld: 0.00082,  L_NonMnfld: 0.02255,  L_Nrml: 0.00000,  L_Eknl: 0.06288, L_Morse: 2.44390

Weights: [7000.0, 600.0, 0, 50.0, 0.0, 0.1], lr=5.000e-05
Epoch: 0 [6730/10000 (67%)] Loss: 21.76884 = L_Mnfld: 6.26056 + L_NonMnfld: 12.19105 + L_Nrml: 0.00000 + L_Eknl: 3.07385 + L_Div: 0.00000 + L_Morse: 0.24338
Epoch: 0 [6730/10000 (67%)] Unweighted L_s : L_Mnfld: 0.00089,  L_NonMnfld: 0.02032,  L_Nrml: 0.00000,  L_Eknl: 0.06148, L_Morse: 2.43383

Weights: [7000.0, 600.0, 0, 50.0, 0.0, 0.1], lr=5.000e-05
Epoch: 0 [6740/10000 (67%)] Loss: 22.85334 = L_Mnfld: 6.19403 + L_NonMnfld: 13.20315 + L_Nrml: 0.00000 + L_Eknl: 3.20620 + L_Div: 0.00000 + L_Morse: 0.24996
Epoch: 0 [6740/10000 (67%)] Unweighted L_s : L_Mnfld: 0.00088,  L_NonMnfld: 0.02201,  L_Nrml: 0.00000,  L_Eknl: 0.06412, L_Morse: 2.49958

Weights: [7000.0, 600.0, 0, 50.0, 0.0, 0.1], lr=5.000e-05
Epoch: 0 [6750/10000 (68%)] Loss: 21.36403 = L_Mnfld: 6.64010 + L_NonMnfld: 10.99621 + L_Nrml: 0.00000 + L_Eknl: 3.47989 + L_Div: 0.00000 + L_Morse: 0.24783
Epoch: 0 [6750/10000 (68%)] Unweighted L_s : L_Mnfld: 0.00095,  L_NonMnfld: 0.01833,  L_Nrml: 0.00000,  L_Eknl: 0.06960, L_Morse: 2.47830

Weights: [7000.0, 600.0, 0, 50.0, 0.0, 0.1], lr=5.000e-05
Epoch: 0 [6760/10000 (68%)] Loss: 22.55856 = L_Mnfld: 6.87083 + L_NonMnfld: 12.05369 + L_Nrml: 0.00000 + L_Eknl: 3.38036 + L_Div: 0.00000 + L_Morse: 0.25368
Epoch: 0 [6760/10000 (68%)] Unweighted L_s : L_Mnfld: 0.00098,  L_NonMnfld: 0.02009,  L_Nrml: 0.00000,  L_Eknl: 0.06761, L_Morse: 2.53682

Weights: [7000.0, 600.0, 0, 50.0, 0.0, 0.1], lr=5.000e-05
Epoch: 0 [6770/10000 (68%)] Loss: 21.25453 = L_Mnfld: 6.24030 + L_NonMnfld: 11.58344 + L_Nrml: 0.00000 + L_Eknl: 3.16916 + L_Div: 0.00000 + L_Morse: 0.26162
Epoch: 0 [6770/10000 (68%)] Unweighted L_s : L_Mnfld: 0.00089,  L_NonMnfld: 0.01931,  L_Nrml: 0.00000,  L_Eknl: 0.06338, L_Morse: 2.61625

Weights: [7000.0, 600.0, 0, 50.0, 0.0, 0.1], lr=5.000e-05
Epoch: 0 [6780/10000 (68%)] Loss: 21.15075 = L_Mnfld: 6.17785 + L_NonMnfld: 11.59146 + L_Nrml: 0.00000 + L_Eknl: 3.13129 + L_Div: 0.00000 + L_Morse: 0.25014
Epoch: 0 [6780/10000 (68%)] Unweighted L_s : L_Mnfld: 0.00088,  L_NonMnfld: 0.01932,  L_Nrml: 0.00000,  L_Eknl: 0.06263, L_Morse: 2.50142

Weights: [7000.0, 600.0, 0, 50.0, 0.0, 0.1], lr=5.000e-05
Epoch: 0 [6790/10000 (68%)] Loss: 22.65708 = L_Mnfld: 6.69748 + L_NonMnfld: 12.40966 + L_Nrml: 0.00000 + L_Eknl: 3.29596 + L_Div: 0.00000 + L_Morse: 0.25398
Epoch: 0 [6790/10000 (68%)] Unweighted L_s : L_Mnfld: 0.00096,  L_NonMnfld: 0.02068,  L_Nrml: 0.00000,  L_Eknl: 0.06592, L_Morse: 2.53979

Weights: [7000.0, 600.0, 0, 50.0, 0.0, 0.1], lr=5.000e-05
Epoch: 0 [6800/10000 (68%)] Loss: 21.61531 = L_Mnfld: 6.08171 + L_NonMnfld: 12.16681 + L_Nrml: 0.00000 + L_Eknl: 3.11468 + L_Div: 0.00000 + L_Morse: 0.25211
Epoch: 0 [6800/10000 (68%)] Unweighted L_s : L_Mnfld: 0.00087,  L_NonMnfld: 0.02028,  L_Nrml: 0.00000,  L_Eknl: 0.06229, L_Morse: 2.52107

Weights: [7000.0, 600.0, 0, 50.0, 0.0, 0.1], lr=5.000e-05
Epoch: 0 [6810/10000 (68%)] Loss: 21.84838 = L_Mnfld: 6.31462 + L_NonMnfld: 12.24997 + L_Nrml: 0.00000 + L_Eknl: 3.03337 + L_Div: 0.00000 + L_Morse: 0.25041
Epoch: 0 [6810/10000 (68%)] Unweighted L_s : L_Mnfld: 0.00090,  L_NonMnfld: 0.02042,  L_Nrml: 0.00000,  L_Eknl: 0.06067, L_Morse: 2.50413

Weights: [7000.0, 600.0, 0, 50.0, 0.0, 0.1], lr=5.000e-05
Epoch: 0 [6820/10000 (68%)] Loss: 22.71717 = L_Mnfld: 6.74002 + L_NonMnfld: 12.69200 + L_Nrml: 0.00000 + L_Eknl: 3.04831 + L_Div: 0.00000 + L_Morse: 0.23683
Epoch: 0 [6820/10000 (68%)] Unweighted L_s : L_Mnfld: 0.00096,  L_NonMnfld: 0.02115,  L_Nrml: 0.00000,  L_Eknl: 0.06097, L_Morse: 2.36830

Weights: [7000.0, 600.0, 0, 50.0, 0.0, 0.1], lr=5.000e-05
Epoch: 0 [6830/10000 (68%)] Loss: 21.33125 = L_Mnfld: 5.89920 + L_NonMnfld: 12.14109 + L_Nrml: 0.00000 + L_Eknl: 3.02621 + L_Div: 0.00000 + L_Morse: 0.26476
Epoch: 0 [6830/10000 (68%)] Unweighted L_s : L_Mnfld: 0.00084,  L_NonMnfld: 0.02024,  L_Nrml: 0.00000,  L_Eknl: 0.06052, L_Morse: 2.64758

Weights: [7000.0, 600.0, 0, 50.0, 0.0, 0.1], lr=5.000e-05
Epoch: 0 [6840/10000 (68%)] Loss: 22.39875 = L_Mnfld: 6.20460 + L_NonMnfld: 12.89663 + L_Nrml: 0.00000 + L_Eknl: 3.02203 + L_Div: 0.00000 + L_Morse: 0.27550
Epoch: 0 [6840/10000 (68%)] Unweighted L_s : L_Mnfld: 0.00089,  L_NonMnfld: 0.02149,  L_Nrml: 0.00000,  L_Eknl: 0.06044, L_Morse: 2.75504

Weights: [7000.0, 600.0, 0, 50.0, 0.0, 0.1], lr=5.000e-05
Epoch: 0 [6850/10000 (68%)] Loss: 21.53838 = L_Mnfld: 5.56480 + L_NonMnfld: 12.79815 + L_Nrml: 0.00000 + L_Eknl: 2.91416 + L_Div: 0.00000 + L_Morse: 0.26126
Epoch: 0 [6850/10000 (68%)] Unweighted L_s : L_Mnfld: 0.00079,  L_NonMnfld: 0.02133,  L_Nrml: 0.00000,  L_Eknl: 0.05828, L_Morse: 2.61262

Weights: [7000.0, 600.0, 0, 50.0, 0.0, 0.1], lr=5.000e-05
Epoch: 0 [6860/10000 (69%)] Loss: 21.14076 = L_Mnfld: 5.94876 + L_NonMnfld: 11.86068 + L_Nrml: 0.00000 + L_Eknl: 3.08288 + L_Div: 0.00000 + L_Morse: 0.24843
Epoch: 0 [6860/10000 (69%)] Unweighted L_s : L_Mnfld: 0.00085,  L_NonMnfld: 0.01977,  L_Nrml: 0.00000,  L_Eknl: 0.06166, L_Morse: 2.48432

Weights: [7000.0, 600.0, 0, 50.0, 0.0, 0.1], lr=5.000e-05
Epoch: 0 [6870/10000 (69%)] Loss: 22.39180 = L_Mnfld: 5.81973 + L_NonMnfld: 13.03049 + L_Nrml: 0.00000 + L_Eknl: 3.28260 + L_Div: 0.00000 + L_Morse: 0.25897
Epoch: 0 [6870/10000 (69%)] Unweighted L_s : L_Mnfld: 0.00083,  L_NonMnfld: 0.02172,  L_Nrml: 0.00000,  L_Eknl: 0.06565, L_Morse: 2.58974

Weights: [7000.0, 600.0, 0, 50.0, 0.0, 0.1], lr=5.000e-05
Epoch: 0 [6880/10000 (69%)] Loss: 21.34643 = L_Mnfld: 5.84374 + L_NonMnfld: 12.24784 + L_Nrml: 0.00000 + L_Eknl: 3.00479 + L_Div: 0.00000 + L_Morse: 0.25006
Epoch: 0 [6880/10000 (69%)] Unweighted L_s : L_Mnfld: 0.00083,  L_NonMnfld: 0.02041,  L_Nrml: 0.00000,  L_Eknl: 0.06010, L_Morse: 2.50060

Weights: [7000.0, 600.0, 0, 50.0, 0.0, 0.1], lr=5.000e-05
Epoch: 0 [6890/10000 (69%)] Loss: 20.85992 = L_Mnfld: 5.75295 + L_NonMnfld: 12.00918 + L_Nrml: 0.00000 + L_Eknl: 2.84924 + L_Div: 0.00000 + L_Morse: 0.24855
Epoch: 0 [6890/10000 (69%)] Unweighted L_s : L_Mnfld: 0.00082,  L_NonMnfld: 0.02002,  L_Nrml: 0.00000,  L_Eknl: 0.05698, L_Morse: 2.48555

Weights: [7000.0, 600.0, 0, 50.0, 0.0, 0.1], lr=5.000e-05
Epoch: 0 [6900/10000 (69%)] Loss: 21.21278 = L_Mnfld: 5.91600 + L_NonMnfld: 12.05894 + L_Nrml: 0.00000 + L_Eknl: 2.98896 + L_Div: 0.00000 + L_Morse: 0.24889
Epoch: 0 [6900/10000 (69%)] Unweighted L_s : L_Mnfld: 0.00085,  L_NonMnfld: 0.02010,  L_Nrml: 0.00000,  L_Eknl: 0.05978, L_Morse: 2.48890

Weights: [7000.0, 600.0, 0, 50.0, 0.0, 0.1], lr=5.000e-05
Epoch: 0 [6910/10000 (69%)] Loss: 20.98758 = L_Mnfld: 6.32351 + L_NonMnfld: 11.37101 + L_Nrml: 0.00000 + L_Eknl: 3.04465 + L_Div: 0.00000 + L_Morse: 0.24841
Epoch: 0 [6910/10000 (69%)] Unweighted L_s : L_Mnfld: 0.00090,  L_NonMnfld: 0.01895,  L_Nrml: 0.00000,  L_Eknl: 0.06089, L_Morse: 2.48411

Weights: [7000.0, 600.0, 0, 50.0, 0.0, 0.1], lr=5.000e-05
Epoch: 0 [6920/10000 (69%)] Loss: 21.58975 = L_Mnfld: 6.44495 + L_NonMnfld: 11.71446 + L_Nrml: 0.00000 + L_Eknl: 3.15750 + L_Div: 0.00000 + L_Morse: 0.27285
Epoch: 0 [6920/10000 (69%)] Unweighted L_s : L_Mnfld: 0.00092,  L_NonMnfld: 0.01952,  L_Nrml: 0.00000,  L_Eknl: 0.06315, L_Morse: 2.72848

Weights: [7000.0, 600.0, 0, 50.0, 0.0, 0.1], lr=5.000e-05
Epoch: 0 [6930/10000 (69%)] Loss: 21.35990 = L_Mnfld: 6.45329 + L_NonMnfld: 11.60385 + L_Nrml: 0.00000 + L_Eknl: 3.03819 + L_Div: 0.00000 + L_Morse: 0.26457
Epoch: 0 [6930/10000 (69%)] Unweighted L_s : L_Mnfld: 0.00092,  L_NonMnfld: 0.01934,  L_Nrml: 0.00000,  L_Eknl: 0.06076, L_Morse: 2.64568

Weights: [7000.0, 600.0, 0, 50.0, 0.0, 0.1], lr=5.000e-05
Epoch: 0 [6940/10000 (69%)] Loss: 21.21381 = L_Mnfld: 6.22690 + L_NonMnfld: 11.78474 + L_Nrml: 0.00000 + L_Eknl: 2.94606 + L_Div: 0.00000 + L_Morse: 0.25611
Epoch: 0 [6940/10000 (69%)] Unweighted L_s : L_Mnfld: 0.00089,  L_NonMnfld: 0.01964,  L_Nrml: 0.00000,  L_Eknl: 0.05892, L_Morse: 2.56108

Weights: [7000.0, 600.0, 0, 50.0, 0.0, 0.1], lr=5.000e-05
Epoch: 0 [6950/10000 (70%)] Loss: 21.98799 = L_Mnfld: 6.79687 + L_NonMnfld: 11.70112 + L_Nrml: 0.00000 + L_Eknl: 3.22849 + L_Div: 0.00000 + L_Morse: 0.26150
Epoch: 0 [6950/10000 (70%)] Unweighted L_s : L_Mnfld: 0.00097,  L_NonMnfld: 0.01950,  L_Nrml: 0.00000,  L_Eknl: 0.06457, L_Morse: 2.61499

Weights: [7000.0, 600.0, 0, 50.0, 0.0, 0.1], lr=5.000e-05
Epoch: 0 [6960/10000 (70%)] Loss: 22.83012 = L_Mnfld: 6.94442 + L_NonMnfld: 12.29846 + L_Nrml: 0.00000 + L_Eknl: 3.32529 + L_Div: 0.00000 + L_Morse: 0.26195
Epoch: 0 [6960/10000 (70%)] Unweighted L_s : L_Mnfld: 0.00099,  L_NonMnfld: 0.02050,  L_Nrml: 0.00000,  L_Eknl: 0.06651, L_Morse: 2.61953

Weights: [7000.0, 600.0, 0, 50.0, 0.0, 0.1], lr=5.000e-05
Epoch: 0 [6970/10000 (70%)] Loss: 22.20594 = L_Mnfld: 6.44587 + L_NonMnfld: 12.39818 + L_Nrml: 0.00000 + L_Eknl: 3.10393 + L_Div: 0.00000 + L_Morse: 0.25796
Epoch: 0 [6970/10000 (70%)] Unweighted L_s : L_Mnfld: 0.00092,  L_NonMnfld: 0.02066,  L_Nrml: 0.00000,  L_Eknl: 0.06208, L_Morse: 2.57958

Weights: [7000.0, 600.0, 0, 50.0, 0.0, 0.1], lr=5.000e-05
Epoch: 0 [6980/10000 (70%)] Loss: 22.37352 = L_Mnfld: 7.26145 + L_NonMnfld: 11.65757 + L_Nrml: 0.00000 + L_Eknl: 3.21383 + L_Div: 0.00000 + L_Morse: 0.24068
Epoch: 0 [6980/10000 (70%)] Unweighted L_s : L_Mnfld: 0.00104,  L_NonMnfld: 0.01943,  L_Nrml: 0.00000,  L_Eknl: 0.06428, L_Morse: 2.40677

Weights: [7000.0, 600.0, 0, 50.0, 0.0, 0.1], lr=5.000e-05
Epoch: 0 [6990/10000 (70%)] Loss: 22.08184 = L_Mnfld: 6.53850 + L_NonMnfld: 11.92573 + L_Nrml: 0.00000 + L_Eknl: 3.37652 + L_Div: 0.00000 + L_Morse: 0.24109
Epoch: 0 [6990/10000 (70%)] Unweighted L_s : L_Mnfld: 0.00093,  L_NonMnfld: 0.01988,  L_Nrml: 0.00000,  L_Eknl: 0.06753, L_Morse: 2.41094

Weights: [7000.0, 600.0, 0, 50.0, 0.0, 0.1], lr=5.000e-05
Epoch: 0 [7000/10000 (70%)] Loss: 22.18983 = L_Mnfld: 7.12550 + L_NonMnfld: 11.63557 + L_Nrml: 0.00000 + L_Eknl: 3.17372 + L_Div: 0.00000 + L_Morse: 0.25504
Epoch: 0 [7000/10000 (70%)] Unweighted L_s : L_Mnfld: 0.00102,  L_NonMnfld: 0.01939,  L_Nrml: 0.00000,  L_Eknl: 0.06347, L_Morse: 2.55044

Weights: [7000.0, 600.0, 0, 50.0, 0.0, 0.1], lr=5.000e-05
Epoch: 0 [7010/10000 (70%)] Loss: 24.33760 = L_Mnfld: 8.06173 + L_NonMnfld: 12.50533 + L_Nrml: 0.00000 + L_Eknl: 3.51212 + L_Div: 0.00000 + L_Morse: 0.25841
Epoch: 0 [7010/10000 (70%)] Unweighted L_s : L_Mnfld: 0.00115,  L_NonMnfld: 0.02084,  L_Nrml: 0.00000,  L_Eknl: 0.07024, L_Morse: 2.58413

Weights: [7000.0, 600.0, 0, 50.0, 0.0, 0.1], lr=5.000e-05
Epoch: 0 [7020/10000 (70%)] Loss: 25.37452 = L_Mnfld: 9.29099 + L_NonMnfld: 11.46618 + L_Nrml: 0.00000 + L_Eknl: 4.34380 + L_Div: 0.00000 + L_Morse: 0.27356
Epoch: 0 [7020/10000 (70%)] Unweighted L_s : L_Mnfld: 0.00133,  L_NonMnfld: 0.01911,  L_Nrml: 0.00000,  L_Eknl: 0.08688, L_Morse: 2.73560

Weights: [7000.0, 600.0, 0, 50.0, 0.0, 0.1], lr=5.000e-05
Epoch: 0 [7030/10000 (70%)] Loss: 25.88731 = L_Mnfld: 9.42056 + L_NonMnfld: 12.74041 + L_Nrml: 0.00000 + L_Eknl: 3.46483 + L_Div: 0.00000 + L_Morse: 0.26151
Epoch: 0 [7030/10000 (70%)] Unweighted L_s : L_Mnfld: 0.00135,  L_NonMnfld: 0.02123,  L_Nrml: 0.00000,  L_Eknl: 0.06930, L_Morse: 2.61509

Weights: [7000.0, 600.0, 0, 50.0, 0.0, 0.1], lr=5.000e-05
Epoch: 0 [7040/10000 (70%)] Loss: 25.34177 = L_Mnfld: 8.75592 + L_NonMnfld: 12.62113 + L_Nrml: 0.00000 + L_Eknl: 3.71650 + L_Div: 0.00000 + L_Morse: 0.24823
Epoch: 0 [7040/10000 (70%)] Unweighted L_s : L_Mnfld: 0.00125,  L_NonMnfld: 0.02104,  L_Nrml: 0.00000,  L_Eknl: 0.07433, L_Morse: 2.48231

Weights: [7000.0, 600.0, 0, 50.0, 0.0, 0.1], lr=5.000e-05
Epoch: 0 [7050/10000 (70%)] Loss: 23.96170 = L_Mnfld: 7.53208 + L_NonMnfld: 12.52861 + L_Nrml: 0.00000 + L_Eknl: 3.63277 + L_Div: 0.00000 + L_Morse: 0.26824
Epoch: 0 [7050/10000 (70%)] Unweighted L_s : L_Mnfld: 0.00108,  L_NonMnfld: 0.02088,  L_Nrml: 0.00000,  L_Eknl: 0.07266, L_Morse: 2.68236

Weights: [7000.0, 600.0, 0, 50.0, 0.0, 0.1], lr=5.000e-05
Epoch: 0 [7060/10000 (71%)] Loss: 24.22566 = L_Mnfld: 7.49533 + L_NonMnfld: 13.23691 + L_Nrml: 0.00000 + L_Eknl: 3.23273 + L_Div: 0.00000 + L_Morse: 0.26069
Epoch: 0 [7060/10000 (71%)] Unweighted L_s : L_Mnfld: 0.00107,  L_NonMnfld: 0.02206,  L_Nrml: 0.00000,  L_Eknl: 0.06465, L_Morse: 2.60687

Weights: [7000.0, 600.0, 0, 50.0, 0.0, 0.1], lr=5.000e-05
Epoch: 0 [7070/10000 (71%)] Loss: 21.18544 = L_Mnfld: 6.75647 + L_NonMnfld: 11.13054 + L_Nrml: 0.00000 + L_Eknl: 3.03784 + L_Div: 0.00000 + L_Morse: 0.26059
Epoch: 0 [7070/10000 (71%)] Unweighted L_s : L_Mnfld: 0.00097,  L_NonMnfld: 0.01855,  L_Nrml: 0.00000,  L_Eknl: 0.06076, L_Morse: 2.60588

Weights: [7000.0, 600.0, 0, 50.0, 0.0, 0.1], lr=5.000e-05
Epoch: 0 [7080/10000 (71%)] Loss: 20.05909 = L_Mnfld: 5.86227 + L_NonMnfld: 10.76340 + L_Nrml: 0.00000 + L_Eknl: 3.18371 + L_Div: 0.00000 + L_Morse: 0.24971
Epoch: 0 [7080/10000 (71%)] Unweighted L_s : L_Mnfld: 0.00084,  L_NonMnfld: 0.01794,  L_Nrml: 0.00000,  L_Eknl: 0.06367, L_Morse: 2.49711

Weights: [7000.0, 600.0, 0, 50.0, 0.0, 0.1], lr=5.000e-05
Epoch: 0 [7090/10000 (71%)] Loss: 22.24014 = L_Mnfld: 6.62353 + L_NonMnfld: 12.32122 + L_Nrml: 0.00000 + L_Eknl: 3.03754 + L_Div: 0.00000 + L_Morse: 0.25785
Epoch: 0 [7090/10000 (71%)] Unweighted L_s : L_Mnfld: 0.00095,  L_NonMnfld: 0.02054,  L_Nrml: 0.00000,  L_Eknl: 0.06075, L_Morse: 2.57852

Weights: [7000.0, 600.0, 0, 50.0, 0.0, 0.1], lr=5.000e-05
Epoch: 0 [7100/10000 (71%)] Loss: 20.73690 = L_Mnfld: 5.99763 + L_NonMnfld: 11.46466 + L_Nrml: 0.00000 + L_Eknl: 3.00782 + L_Div: 0.00000 + L_Morse: 0.26680
Epoch: 0 [7100/10000 (71%)] Unweighted L_s : L_Mnfld: 0.00086,  L_NonMnfld: 0.01911,  L_Nrml: 0.00000,  L_Eknl: 0.06016, L_Morse: 2.66801

Weights: [7000.0, 600.0, 0, 50.0, 0.0, 0.1], lr=5.000e-05
Epoch: 0 [7110/10000 (71%)] Loss: 21.66296 = L_Mnfld: 6.40363 + L_NonMnfld: 12.01444 + L_Nrml: 0.00000 + L_Eknl: 2.97430 + L_Div: 0.00000 + L_Morse: 0.27058
Epoch: 0 [7110/10000 (71%)] Unweighted L_s : L_Mnfld: 0.00091,  L_NonMnfld: 0.02002,  L_Nrml: 0.00000,  L_Eknl: 0.05949, L_Morse: 2.70584

Weights: [7000.0, 600.0, 0, 50.0, 0.0, 0.1], lr=5.000e-05
Epoch: 0 [7120/10000 (71%)] Loss: 21.53008 = L_Mnfld: 6.45412 + L_NonMnfld: 11.87676 + L_Nrml: 0.00000 + L_Eknl: 2.93140 + L_Div: 0.00000 + L_Morse: 0.26780
Epoch: 0 [7120/10000 (71%)] Unweighted L_s : L_Mnfld: 0.00092,  L_NonMnfld: 0.01979,  L_Nrml: 0.00000,  L_Eknl: 0.05863, L_Morse: 2.67800

Weights: [7000.0, 600.0, 0, 50.0, 0.0, 0.1], lr=5.000e-05
Epoch: 0 [7130/10000 (71%)] Loss: 20.92424 = L_Mnfld: 5.53524 + L_NonMnfld: 12.23260 + L_Nrml: 0.00000 + L_Eknl: 2.89004 + L_Div: 0.00000 + L_Morse: 0.26637
Epoch: 0 [7130/10000 (71%)] Unweighted L_s : L_Mnfld: 0.00079,  L_NonMnfld: 0.02039,  L_Nrml: 0.00000,  L_Eknl: 0.05780, L_Morse: 2.66368

Weights: [7000.0, 600.0, 0, 50.0, 0.0, 0.1], lr=5.000e-05
Epoch: 0 [7140/10000 (71%)] Loss: 20.20684 = L_Mnfld: 6.18177 + L_NonMnfld: 10.91998 + L_Nrml: 0.00000 + L_Eknl: 2.85621 + L_Div: 0.00000 + L_Morse: 0.24888
Epoch: 0 [7140/10000 (71%)] Unweighted L_s : L_Mnfld: 0.00088,  L_NonMnfld: 0.01820,  L_Nrml: 0.00000,  L_Eknl: 0.05712, L_Morse: 2.48881

Weights: [7000.0, 600.0, 0, 50.0, 0.0, 0.1], lr=5.000e-05
Epoch: 0 [7150/10000 (72%)] Loss: 20.07760 = L_Mnfld: 5.90996 + L_NonMnfld: 10.72918 + L_Nrml: 0.00000 + L_Eknl: 3.16985 + L_Div: 0.00000 + L_Morse: 0.26860
Epoch: 0 [7150/10000 (72%)] Unweighted L_s : L_Mnfld: 0.00084,  L_NonMnfld: 0.01788,  L_Nrml: 0.00000,  L_Eknl: 0.06340, L_Morse: 2.68601

Weights: [7000.0, 600.0, 0, 50.0, 0.0, 0.1], lr=5.000e-05
Epoch: 0 [7160/10000 (72%)] Loss: 21.90087 = L_Mnfld: 5.84585 + L_NonMnfld: 12.76437 + L_Nrml: 0.00000 + L_Eknl: 3.01593 + L_Div: 0.00000 + L_Morse: 0.27473
Epoch: 0 [7160/10000 (72%)] Unweighted L_s : L_Mnfld: 0.00084,  L_NonMnfld: 0.02127,  L_Nrml: 0.00000,  L_Eknl: 0.06032, L_Morse: 2.74726

Weights: [7000.0, 600.0, 0, 50.0, 0.0, 0.1], lr=5.000e-05
Epoch: 0 [7170/10000 (72%)] Loss: 21.37105 = L_Mnfld: 5.27942 + L_NonMnfld: 12.83290 + L_Nrml: 0.00000 + L_Eknl: 3.00449 + L_Div: 0.00000 + L_Morse: 0.25424
Epoch: 0 [7170/10000 (72%)] Unweighted L_s : L_Mnfld: 0.00075,  L_NonMnfld: 0.02139,  L_Nrml: 0.00000,  L_Eknl: 0.06009, L_Morse: 2.54242

Weights: [7000.0, 600.0, 0, 50.0, 0.0, 0.1], lr=5.000e-05
Epoch: 0 [7180/10000 (72%)] Loss: 22.48101 = L_Mnfld: 5.99152 + L_NonMnfld: 13.21771 + L_Nrml: 0.00000 + L_Eknl: 3.00313 + L_Div: 0.00000 + L_Morse: 0.26866
Epoch: 0 [7180/10000 (72%)] Unweighted L_s : L_Mnfld: 0.00086,  L_NonMnfld: 0.02203,  L_Nrml: 0.00000,  L_Eknl: 0.06006, L_Morse: 2.68657

Weights: [7000.0, 600.0, 0, 50.0, 0.0, 0.1], lr=5.000e-05
Epoch: 0 [7190/10000 (72%)] Loss: 21.01656 = L_Mnfld: 5.89213 + L_NonMnfld: 11.89277 + L_Nrml: 0.00000 + L_Eknl: 2.97281 + L_Div: 0.00000 + L_Morse: 0.25886
Epoch: 0 [7190/10000 (72%)] Unweighted L_s : L_Mnfld: 0.00084,  L_NonMnfld: 0.01982,  L_Nrml: 0.00000,  L_Eknl: 0.05946, L_Morse: 2.58862

Weights: [7000.0, 600.0, 0, 50.0, 0.0, 0.1], lr=5.000e-05
Epoch: 0 [7200/10000 (72%)] Loss: 21.09266 = L_Mnfld: 5.36088 + L_NonMnfld: 12.63095 + L_Nrml: 0.00000 + L_Eknl: 2.85414 + L_Div: 0.00000 + L_Morse: 0.24669
Epoch: 0 [7200/10000 (72%)] Unweighted L_s : L_Mnfld: 0.00077,  L_NonMnfld: 0.02105,  L_Nrml: 0.00000,  L_Eknl: 0.05708, L_Morse: 2.46693

Weights: [7000.0, 600.0, 0, 50.0, 0.0, 0.1], lr=5.000e-05
Epoch: 0 [7210/10000 (72%)] Loss: 21.35321 = L_Mnfld: 6.53414 + L_NonMnfld: 11.42273 + L_Nrml: 0.00000 + L_Eknl: 3.11369 + L_Div: 0.00000 + L_Morse: 0.28265
Epoch: 0 [7210/10000 (72%)] Unweighted L_s : L_Mnfld: 0.00093,  L_NonMnfld: 0.01904,  L_Nrml: 0.00000,  L_Eknl: 0.06227, L_Morse: 2.82646

Weights: [7000.0, 600.0, 0, 50.0, 0.0, 0.1], lr=5.000e-05
Epoch: 0 [7220/10000 (72%)] Loss: 20.37978 = L_Mnfld: 5.54844 + L_NonMnfld: 11.86330 + L_Nrml: 0.00000 + L_Eknl: 2.71102 + L_Div: 0.00000 + L_Morse: 0.25702
Epoch: 0 [7220/10000 (72%)] Unweighted L_s : L_Mnfld: 0.00079,  L_NonMnfld: 0.01977,  L_Nrml: 0.00000,  L_Eknl: 0.05422, L_Morse: 2.57024

Weights: [7000.0, 600.0, 0, 50.0, 0.0, 0.1], lr=5.000e-05
Epoch: 0 [7230/10000 (72%)] Loss: 21.14980 = L_Mnfld: 5.93487 + L_NonMnfld: 12.00594 + L_Nrml: 0.00000 + L_Eknl: 2.95148 + L_Div: 0.00000 + L_Morse: 0.25751
Epoch: 0 [7230/10000 (72%)] Unweighted L_s : L_Mnfld: 0.00085,  L_NonMnfld: 0.02001,  L_Nrml: 0.00000,  L_Eknl: 0.05903, L_Morse: 2.57510

Weights: [7000.0, 600.0, 0, 50.0, 0.0, 0.1], lr=5.000e-05
Epoch: 0 [7240/10000 (72%)] Loss: 19.62560 = L_Mnfld: 5.68464 + L_NonMnfld: 10.76847 + L_Nrml: 0.00000 + L_Eknl: 2.90172 + L_Div: 0.00000 + L_Morse: 0.27077
Epoch: 0 [7240/10000 (72%)] Unweighted L_s : L_Mnfld: 0.00081,  L_NonMnfld: 0.01795,  L_Nrml: 0.00000,  L_Eknl: 0.05803, L_Morse: 2.70771

Weights: [7000.0, 600.0, 0, 50.0, 0.0, 0.1], lr=5.000e-05
Epoch: 0 [7250/10000 (72%)] Loss: 21.66563 = L_Mnfld: 5.12443 + L_NonMnfld: 13.22276 + L_Nrml: 0.00000 + L_Eknl: 3.03723 + L_Div: 0.00000 + L_Morse: 0.28120
Epoch: 0 [7250/10000 (72%)] Unweighted L_s : L_Mnfld: 0.00073,  L_NonMnfld: 0.02204,  L_Nrml: 0.00000,  L_Eknl: 0.06074, L_Morse: 2.81205

Weights: [7000.0, 600.0, 0, 50.0, 0.0, 0.1], lr=5.000e-05
Epoch: 0 [7260/10000 (73%)] Loss: 20.60088 = L_Mnfld: 5.92005 + L_NonMnfld: 11.46754 + L_Nrml: 0.00000 + L_Eknl: 2.94789 + L_Div: 0.00000 + L_Morse: 0.26539
Epoch: 0 [7260/10000 (73%)] Unweighted L_s : L_Mnfld: 0.00085,  L_NonMnfld: 0.01911,  L_Nrml: 0.00000,  L_Eknl: 0.05896, L_Morse: 2.65394

Weights: [7000.0, 600.0, 0, 50.0, 0.0, 0.1], lr=5.000e-05
Epoch: 0 [7270/10000 (73%)] Loss: 21.07550 = L_Mnfld: 5.47911 + L_NonMnfld: 12.41576 + L_Nrml: 0.00000 + L_Eknl: 2.91211 + L_Div: 0.00000 + L_Morse: 0.26852
Epoch: 0 [7270/10000 (73%)] Unweighted L_s : L_Mnfld: 0.00078,  L_NonMnfld: 0.02069,  L_Nrml: 0.00000,  L_Eknl: 0.05824, L_Morse: 2.68524

Weights: [7000.0, 600.0, 0, 50.0, 0.0, 0.1], lr=5.000e-05
Epoch: 0 [7280/10000 (73%)] Loss: 21.02833 = L_Mnfld: 5.78891 + L_NonMnfld: 11.99749 + L_Nrml: 0.00000 + L_Eknl: 2.97619 + L_Div: 0.00000 + L_Morse: 0.26574
Epoch: 0 [7280/10000 (73%)] Unweighted L_s : L_Mnfld: 0.00083,  L_NonMnfld: 0.02000,  L_Nrml: 0.00000,  L_Eknl: 0.05952, L_Morse: 2.65741

Weights: [7000.0, 600.0, 0, 50.0, 0.0, 0.1], lr=5.000e-05
Epoch: 0 [7290/10000 (73%)] Loss: 20.07723 = L_Mnfld: 5.49658 + L_NonMnfld: 11.45197 + L_Nrml: 0.00000 + L_Eknl: 2.85502 + L_Div: 0.00000 + L_Morse: 0.27366
Epoch: 0 [7290/10000 (73%)] Unweighted L_s : L_Mnfld: 0.00079,  L_NonMnfld: 0.01909,  L_Nrml: 0.00000,  L_Eknl: 0.05710, L_Morse: 2.73663

Weights: [7000.0, 600.0, 0, 50.0, 0.0, 0.1], lr=5.000e-05
Epoch: 0 [7300/10000 (73%)] Loss: 21.02364 = L_Mnfld: 5.46107 + L_NonMnfld: 12.37912 + L_Nrml: 0.00000 + L_Eknl: 2.92803 + L_Div: 0.00000 + L_Morse: 0.25542
Epoch: 0 [7300/10000 (73%)] Unweighted L_s : L_Mnfld: 0.00078,  L_NonMnfld: 0.02063,  L_Nrml: 0.00000,  L_Eknl: 0.05856, L_Morse: 2.55418

Weights: [7000.0, 600.0, 0, 50.0, 0.0, 0.1], lr=5.000e-05
Epoch: 0 [7310/10000 (73%)] Loss: 22.28202 = L_Mnfld: 6.80631 + L_NonMnfld: 12.40848 + L_Nrml: 0.00000 + L_Eknl: 2.81286 + L_Div: 0.00000 + L_Morse: 0.25436
Epoch: 0 [7310/10000 (73%)] Unweighted L_s : L_Mnfld: 0.00097,  L_NonMnfld: 0.02068,  L_Nrml: 0.00000,  L_Eknl: 0.05626, L_Morse: 2.54362

Weights: [7000.0, 600.0, 0, 50.0, 0.0, 0.1], lr=5.000e-05
Epoch: 0 [7320/10000 (73%)] Loss: 21.60515 = L_Mnfld: 5.78603 + L_NonMnfld: 12.54831 + L_Nrml: 0.00000 + L_Eknl: 2.99839 + L_Div: 0.00000 + L_Morse: 0.27242
Epoch: 0 [7320/10000 (73%)] Unweighted L_s : L_Mnfld: 0.00083,  L_NonMnfld: 0.02091,  L_Nrml: 0.00000,  L_Eknl: 0.05997, L_Morse: 2.72419

Weights: [7000.0, 600.0, 0, 50.0, 0.0, 0.1], lr=5.000e-05
Epoch: 0 [7330/10000 (73%)] Loss: 21.17968 = L_Mnfld: 5.63917 + L_NonMnfld: 12.27472 + L_Nrml: 0.00000 + L_Eknl: 3.00469 + L_Div: 0.00000 + L_Morse: 0.26111
Epoch: 0 [7330/10000 (73%)] Unweighted L_s : L_Mnfld: 0.00081,  L_NonMnfld: 0.02046,  L_Nrml: 0.00000,  L_Eknl: 0.06009, L_Morse: 2.61106

Weights: [7000.0, 600.0, 0, 50.0, 0.0, 0.1], lr=5.000e-05
Epoch: 0 [7340/10000 (73%)] Loss: 22.75725 = L_Mnfld: 6.35590 + L_NonMnfld: 13.18627 + L_Nrml: 0.00000 + L_Eknl: 2.93348 + L_Div: 0.00000 + L_Morse: 0.28160
Epoch: 0 [7340/10000 (73%)] Unweighted L_s : L_Mnfld: 0.00091,  L_NonMnfld: 0.02198,  L_Nrml: 0.00000,  L_Eknl: 0.05867, L_Morse: 2.81596

Weights: [7000.0, 600.0, 0, 50.0, 0.0, 0.1], lr=5.000e-05
Epoch: 0 [7350/10000 (74%)] Loss: 21.29671 = L_Mnfld: 5.86097 + L_NonMnfld: 12.35742 + L_Nrml: 0.00000 + L_Eknl: 2.81855 + L_Div: 0.00000 + L_Morse: 0.25976
Epoch: 0 [7350/10000 (74%)] Unweighted L_s : L_Mnfld: 0.00084,  L_NonMnfld: 0.02060,  L_Nrml: 0.00000,  L_Eknl: 0.05637, L_Morse: 2.59763

Weights: [7000.0, 600.0, 0, 50.0, 0.0, 0.1], lr=5.000e-05
Epoch: 0 [7360/10000 (74%)] Loss: 20.01695 = L_Mnfld: 5.30573 + L_NonMnfld: 11.66724 + L_Nrml: 0.00000 + L_Eknl: 2.78307 + L_Div: 0.00000 + L_Morse: 0.26091
Epoch: 0 [7360/10000 (74%)] Unweighted L_s : L_Mnfld: 0.00076,  L_NonMnfld: 0.01945,  L_Nrml: 0.00000,  L_Eknl: 0.05566, L_Morse: 2.60906

Weights: [7000.0, 600.0, 0, 50.0, 0.0, 0.1], lr=5.000e-05
Epoch: 0 [7370/10000 (74%)] Loss: 21.22602 = L_Mnfld: 6.74938 + L_NonMnfld: 11.34677 + L_Nrml: 0.00000 + L_Eknl: 2.87766 + L_Div: 0.00000 + L_Morse: 0.25221
Epoch: 0 [7370/10000 (74%)] Unweighted L_s : L_Mnfld: 0.00096,  L_NonMnfld: 0.01891,  L_Nrml: 0.00000,  L_Eknl: 0.05755, L_Morse: 2.52213

Weights: [7000.0, 600.0, 0, 50.0, 0.0, 0.1], lr=5.000e-05
Epoch: 0 [7380/10000 (74%)] Loss: 20.15164 = L_Mnfld: 5.56081 + L_NonMnfld: 11.01737 + L_Nrml: 0.00000 + L_Eknl: 3.30159 + L_Div: 0.00000 + L_Morse: 0.27187
Epoch: 0 [7380/10000 (74%)] Unweighted L_s : L_Mnfld: 0.00079,  L_NonMnfld: 0.01836,  L_Nrml: 0.00000,  L_Eknl: 0.06603, L_Morse: 2.71869

Weights: [7000.0, 600.0, 0, 50.0, 0.0, 0.1], lr=5.000e-05
Epoch: 0 [7390/10000 (74%)] Loss: 22.42117 = L_Mnfld: 6.18332 + L_NonMnfld: 13.00771 + L_Nrml: 0.00000 + L_Eknl: 2.96541 + L_Div: 0.00000 + L_Morse: 0.26473
Epoch: 0 [7390/10000 (74%)] Unweighted L_s : L_Mnfld: 0.00088,  L_NonMnfld: 0.02168,  L_Nrml: 0.00000,  L_Eknl: 0.05931, L_Morse: 2.64730

Weights: [7000.0, 600.0, 0, 50.0, 0.0, 0.1], lr=5.000e-05
Epoch: 0 [7400/10000 (74%)] Loss: 20.83268 = L_Mnfld: 5.78489 + L_NonMnfld: 11.84909 + L_Nrml: 0.00000 + L_Eknl: 2.95324 + L_Div: 0.00000 + L_Morse: 0.24546
Epoch: 0 [7400/10000 (74%)] Unweighted L_s : L_Mnfld: 0.00083,  L_NonMnfld: 0.01975,  L_Nrml: 0.00000,  L_Eknl: 0.05906, L_Morse: 2.45460

Weights: [7000.0, 600.0, 0, 50.0, 0.0, 0.1], lr=5.000e-05
Epoch: 0 [7410/10000 (74%)] Loss: 21.29102 = L_Mnfld: 5.82616 + L_NonMnfld: 12.17215 + L_Nrml: 0.00000 + L_Eknl: 3.02885 + L_Div: 0.00000 + L_Morse: 0.26386
Epoch: 0 [7410/10000 (74%)] Unweighted L_s : L_Mnfld: 0.00083,  L_NonMnfld: 0.02029,  L_Nrml: 0.00000,  L_Eknl: 0.06058, L_Morse: 2.63860

Weights: [7000.0, 600.0, 0, 50.0, 0.0, 0.1], lr=5.000e-05
Epoch: 0 [7420/10000 (74%)] Loss: 22.35674 = L_Mnfld: 5.77940 + L_NonMnfld: 13.27824 + L_Nrml: 0.00000 + L_Eknl: 3.02715 + L_Div: 0.00000 + L_Morse: 0.27196
Epoch: 0 [7420/10000 (74%)] Unweighted L_s : L_Mnfld: 0.00083,  L_NonMnfld: 0.02213,  L_Nrml: 0.00000,  L_Eknl: 0.06054, L_Morse: 2.71956

Weights: [7000.0, 600.0, 0, 50.0, 0.0, 0.1], lr=5.000e-05
Epoch: 0 [7430/10000 (74%)] Loss: 21.87982 = L_Mnfld: 5.33903 + L_NonMnfld: 13.23760 + L_Nrml: 0.00000 + L_Eknl: 3.02935 + L_Div: 0.00000 + L_Morse: 0.27384
Epoch: 0 [7430/10000 (74%)] Unweighted L_s : L_Mnfld: 0.00076,  L_NonMnfld: 0.02206,  L_Nrml: 0.00000,  L_Eknl: 0.06059, L_Morse: 2.73844

Weights: [7000.0, 600.0, 0, 50.0, 0.0, 0.1], lr=5.000e-05
Epoch: 0 [7440/10000 (74%)] Loss: 20.89592 = L_Mnfld: 6.05881 + L_NonMnfld: 11.53548 + L_Nrml: 0.00000 + L_Eknl: 3.01153 + L_Div: 0.00000 + L_Morse: 0.29010
Epoch: 0 [7440/10000 (74%)] Unweighted L_s : L_Mnfld: 0.00087,  L_NonMnfld: 0.01923,  L_Nrml: 0.00000,  L_Eknl: 0.06023, L_Morse: 2.90102

Weights: [7000.0, 600.0, 0, 50.0, 0.0, 0.1], lr=5.000e-05
Epoch: 0 [7450/10000 (74%)] Loss: 21.24182 = L_Mnfld: 5.89867 + L_NonMnfld: 11.86855 + L_Nrml: 0.00000 + L_Eknl: 3.20159 + L_Div: 0.00000 + L_Morse: 0.27301
Epoch: 0 [7450/10000 (74%)] Unweighted L_s : L_Mnfld: 0.00084,  L_NonMnfld: 0.01978,  L_Nrml: 0.00000,  L_Eknl: 0.06403, L_Morse: 2.73013

Weights: [7000.0, 600.0, 0, 50.0, 0.0, 0.1], lr=5.000e-05
Epoch: 0 [7460/10000 (75%)] Loss: 20.26602 = L_Mnfld: 5.74027 + L_NonMnfld: 11.26300 + L_Nrml: 0.00000 + L_Eknl: 3.00033 + L_Div: 0.00000 + L_Morse: 0.26242
Epoch: 0 [7460/10000 (75%)] Unweighted L_s : L_Mnfld: 0.00082,  L_NonMnfld: 0.01877,  L_Nrml: 0.00000,  L_Eknl: 0.06001, L_Morse: 2.62424

Weights: [7000.0, 600.0, 0, 50.0, 0.0, 0.1], lr=5.000e-05
Epoch: 0 [7470/10000 (75%)] Loss: 20.69881 = L_Mnfld: 5.83153 + L_NonMnfld: 11.51530 + L_Nrml: 0.00000 + L_Eknl: 3.06087 + L_Div: 0.00000 + L_Morse: 0.29111
Epoch: 0 [7470/10000 (75%)] Unweighted L_s : L_Mnfld: 0.00083,  L_NonMnfld: 0.01919,  L_Nrml: 0.00000,  L_Eknl: 0.06122, L_Morse: 2.91110

Weights: [7000.0, 600.0, 0, 50.0, 0.0, 0.1], lr=5.000e-05
Epoch: 0 [7480/10000 (75%)] Loss: 20.33748 = L_Mnfld: 5.71134 + L_NonMnfld: 11.37288 + L_Nrml: 0.00000 + L_Eknl: 2.97643 + L_Div: 0.00000 + L_Morse: 0.27682
Epoch: 0 [7480/10000 (75%)] Unweighted L_s : L_Mnfld: 0.00082,  L_NonMnfld: 0.01895,  L_Nrml: 0.00000,  L_Eknl: 0.05953, L_Morse: 2.76824

Weights: [7000.0, 600.0, 0, 50.0, 0.0, 0.1], lr=5.000e-05
Epoch: 0 [7490/10000 (75%)] Loss: 21.58841 = L_Mnfld: 6.04644 + L_NonMnfld: 12.23666 + L_Nrml: 0.00000 + L_Eknl: 3.04575 + L_Div: 0.00000 + L_Morse: 0.25955
Epoch: 0 [7490/10000 (75%)] Unweighted L_s : L_Mnfld: 0.00086,  L_NonMnfld: 0.02039,  L_Nrml: 0.00000,  L_Eknl: 0.06092, L_Morse: 2.59547

Weights: [7000.0, 600.0, 0, 50.0, 0.0, 0.1], lr=5.000e-05
Epoch: 0 [7500/10000 (75%)] Loss: 22.08008 = L_Mnfld: 5.87631 + L_NonMnfld: 12.95338 + L_Nrml: 0.00000 + L_Eknl: 2.98474 + L_Div: 0.00000 + L_Morse: 0.26565
Epoch: 0 [7500/10000 (75%)] Unweighted L_s : L_Mnfld: 0.00084,  L_NonMnfld: 0.02159,  L_Nrml: 0.00000,  L_Eknl: 0.05969, L_Morse: 2.65646

Weights: [7000.0, 600.0, 0, 50.0, 0.0, 0.1], lr=5.000e-05
Epoch: 0 [7510/10000 (75%)] Loss: 22.05471 = L_Mnfld: 5.83906 + L_NonMnfld: 13.16700 + L_Nrml: 0.00000 + L_Eknl: 2.78997 + L_Div: 0.00000 + L_Morse: 0.25868
Epoch: 0 [7510/10000 (75%)] Unweighted L_s : L_Mnfld: 0.00083,  L_NonMnfld: 0.02195,  L_Nrml: 0.00000,  L_Eknl: 0.05580, L_Morse: 2.58678

Weights: [7000.0, 600.0, 0, 50.0, 0.0, 0.1], lr=5.000e-05
Epoch: 0 [7520/10000 (75%)] Loss: 21.07380 = L_Mnfld: 5.67362 + L_NonMnfld: 12.32232 + L_Nrml: 0.00000 + L_Eknl: 2.82482 + L_Div: 0.00000 + L_Morse: 0.25305
Epoch: 0 [7520/10000 (75%)] Unweighted L_s : L_Mnfld: 0.00081,  L_NonMnfld: 0.02054,  L_Nrml: 0.00000,  L_Eknl: 0.05650, L_Morse: 2.53049

Weights: [7000.0, 600.0, 0, 50.0, 0.0, 0.1], lr=5.000e-05
Epoch: 0 [7530/10000 (75%)] Loss: 21.54039 = L_Mnfld: 6.19614 + L_NonMnfld: 11.92199 + L_Nrml: 0.00000 + L_Eknl: 3.14795 + L_Div: 0.00000 + L_Morse: 0.27431
Epoch: 0 [7530/10000 (75%)] Unweighted L_s : L_Mnfld: 0.00089,  L_NonMnfld: 0.01987,  L_Nrml: 0.00000,  L_Eknl: 0.06296, L_Morse: 2.74313

Weights: [7000.0, 600.0, 0, 50.0, 0.0, 0.1], lr=5.000e-05
Epoch: 0 [7540/10000 (75%)] Loss: 22.63786 = L_Mnfld: 6.40296 + L_NonMnfld: 12.82016 + L_Nrml: 0.00000 + L_Eknl: 3.15466 + L_Div: 0.00000 + L_Morse: 0.26008
Epoch: 0 [7540/10000 (75%)] Unweighted L_s : L_Mnfld: 0.00091,  L_NonMnfld: 0.02137,  L_Nrml: 0.00000,  L_Eknl: 0.06309, L_Morse: 2.60078

Weights: [7000.0, 600.0, 0, 50.0, 0.0, 0.1], lr=5.000e-05
Epoch: 0 [7550/10000 (76%)] Loss: 20.27830 = L_Mnfld: 5.10422 + L_NonMnfld: 12.03672 + L_Nrml: 0.00000 + L_Eknl: 2.87485 + L_Div: 0.00000 + L_Morse: 0.26250
Epoch: 0 [7550/10000 (76%)] Unweighted L_s : L_Mnfld: 0.00073,  L_NonMnfld: 0.02006,  L_Nrml: 0.00000,  L_Eknl: 0.05750, L_Morse: 2.62504

Weights: [7000.0, 600.0, 0, 50.0, 0.0, 0.1], lr=5.000e-05
Epoch: 0 [7560/10000 (76%)] Loss: 21.74537 = L_Mnfld: 6.71602 + L_NonMnfld: 11.57983 + L_Nrml: 0.00000 + L_Eknl: 3.17280 + L_Div: 0.00000 + L_Morse: 0.27672
Epoch: 0 [7560/10000 (76%)] Unweighted L_s : L_Mnfld: 0.00096,  L_NonMnfld: 0.01930,  L_Nrml: 0.00000,  L_Eknl: 0.06346, L_Morse: 2.76718

Weights: [7000.0, 600.0, 0, 50.0, 0.0, 0.1], lr=5.000e-05
Epoch: 0 [7570/10000 (76%)] Loss: 22.73546 = L_Mnfld: 6.91419 + L_NonMnfld: 12.44743 + L_Nrml: 0.00000 + L_Eknl: 3.13183 + L_Div: 0.00000 + L_Morse: 0.24201
Epoch: 0 [7570/10000 (76%)] Unweighted L_s : L_Mnfld: 0.00099,  L_NonMnfld: 0.02075,  L_Nrml: 0.00000,  L_Eknl: 0.06264, L_Morse: 2.42009

Weights: [7000.0, 600.0, 0, 50.0, 0.0, 0.1], lr=5.000e-05
Epoch: 0 [7580/10000 (76%)] Loss: 22.18891 = L_Mnfld: 6.89606 + L_NonMnfld: 11.82158 + L_Nrml: 0.00000 + L_Eknl: 3.21669 + L_Div: 0.00000 + L_Morse: 0.25457
Epoch: 0 [7580/10000 (76%)] Unweighted L_s : L_Mnfld: 0.00099,  L_NonMnfld: 0.01970,  L_Nrml: 0.00000,  L_Eknl: 0.06433, L_Morse: 2.54566

Weights: [7000.0, 600.0, 0, 50.0, 0.0, 0.1], lr=5.000e-05
Epoch: 0 [7590/10000 (76%)] Loss: 22.39507 = L_Mnfld: 6.25593 + L_NonMnfld: 12.59713 + L_Nrml: 0.00000 + L_Eknl: 3.29014 + L_Div: 0.00000 + L_Morse: 0.25187
Epoch: 0 [7590/10000 (76%)] Unweighted L_s : L_Mnfld: 0.00089,  L_NonMnfld: 0.02100,  L_Nrml: 0.00000,  L_Eknl: 0.06580, L_Morse: 2.51868

Weights: [7000.0, 600.0, 0, 50.0, 0.0, 0.1], lr=5.000e-05
Epoch: 0 [7600/10000 (76%)] Loss: 21.91183 = L_Mnfld: 6.31896 + L_NonMnfld: 12.18583 + L_Nrml: 0.00000 + L_Eknl: 3.13719 + L_Div: 0.00000 + L_Morse: 0.26984
Epoch: 0 [7600/10000 (76%)] Unweighted L_s : L_Mnfld: 0.00090,  L_NonMnfld: 0.02031,  L_Nrml: 0.00000,  L_Eknl: 0.06274, L_Morse: 2.69842

Weights: [7000.0, 600.0, 0, 50.0, 0.0, 0.1], lr=5.000e-05
Epoch: 0 [7610/10000 (76%)] Loss: 21.74347 = L_Mnfld: 5.90479 + L_NonMnfld: 12.65085 + L_Nrml: 0.00000 + L_Eknl: 2.92284 + L_Div: 0.00000 + L_Morse: 0.26499
Epoch: 0 [7610/10000 (76%)] Unweighted L_s : L_Mnfld: 0.00084,  L_NonMnfld: 0.02108,  L_Nrml: 0.00000,  L_Eknl: 0.05846, L_Morse: 2.64991

Weights: [7000.0, 600.0, 0, 50.0, 0.0, 0.1], lr=5.000e-05
Epoch: 0 [7620/10000 (76%)] Loss: 21.67691 = L_Mnfld: 6.30844 + L_NonMnfld: 12.09210 + L_Nrml: 0.00000 + L_Eknl: 3.02538 + L_Div: 0.00000 + L_Morse: 0.25099
Epoch: 0 [7620/10000 (76%)] Unweighted L_s : L_Mnfld: 0.00090,  L_NonMnfld: 0.02015,  L_Nrml: 0.00000,  L_Eknl: 0.06051, L_Morse: 2.50991

Weights: [7000.0, 600.0, 0, 50.0, 0.0, 0.1], lr=5.000e-05
Epoch: 0 [7630/10000 (76%)] Loss: 20.82110 = L_Mnfld: 5.97829 + L_NonMnfld: 11.67645 + L_Nrml: 0.00000 + L_Eknl: 2.90093 + L_Div: 0.00000 + L_Morse: 0.26544
Epoch: 0 [7630/10000 (76%)] Unweighted L_s : L_Mnfld: 0.00085,  L_NonMnfld: 0.01946,  L_Nrml: 0.00000,  L_Eknl: 0.05802, L_Morse: 2.65441

Weights: [7000.0, 600.0, 0, 50.0, 0.0, 0.1], lr=5.000e-05
Epoch: 0 [7640/10000 (76%)] Loss: 20.39978 = L_Mnfld: 6.17231 + L_NonMnfld: 10.99767 + L_Nrml: 0.00000 + L_Eknl: 2.95872 + L_Div: 0.00000 + L_Morse: 0.27108
Epoch: 0 [7640/10000 (76%)] Unweighted L_s : L_Mnfld: 0.00088,  L_NonMnfld: 0.01833,  L_Nrml: 0.00000,  L_Eknl: 0.05917, L_Morse: 2.71079

Weights: [7000.0, 600.0, 0, 50.0, 0.0, 0.1], lr=5.000e-05
Epoch: 0 [7650/10000 (76%)] Loss: 20.20054 = L_Mnfld: 5.75191 + L_NonMnfld: 11.27650 + L_Nrml: 0.00000 + L_Eknl: 2.91206 + L_Div: 0.00000 + L_Morse: 0.26006
Epoch: 0 [7650/10000 (76%)] Unweighted L_s : L_Mnfld: 0.00082,  L_NonMnfld: 0.01879,  L_Nrml: 0.00000,  L_Eknl: 0.05824, L_Morse: 2.60063

Weights: [7000.0, 600.0, 0, 50.0, 0.0, 0.1], lr=5.000e-05
Epoch: 0 [7660/10000 (77%)] Loss: 20.59539 = L_Mnfld: 5.44338 + L_NonMnfld: 11.48314 + L_Nrml: 0.00000 + L_Eknl: 3.39046 + L_Div: 0.00000 + L_Morse: 0.27840
Epoch: 0 [7660/10000 (77%)] Unweighted L_s : L_Mnfld: 0.00078,  L_NonMnfld: 0.01914,  L_Nrml: 0.00000,  L_Eknl: 0.06781, L_Morse: 2.78398

Weights: [7000.0, 600.0, 0, 50.0, 0.0, 0.1], lr=5.000e-05
Epoch: 0 [7670/10000 (77%)] Loss: 21.39374 = L_Mnfld: 5.35559 + L_NonMnfld: 12.96325 + L_Nrml: 0.00000 + L_Eknl: 2.81419 + L_Div: 0.00000 + L_Morse: 0.26071
Epoch: 0 [7670/10000 (77%)] Unweighted L_s : L_Mnfld: 0.00077,  L_NonMnfld: 0.02161,  L_Nrml: 0.00000,  L_Eknl: 0.05628, L_Morse: 2.60712

Weights: [7000.0, 600.0, 0, 50.0, 0.0, 0.1], lr=5.000e-05
Epoch: 0 [7680/10000 (77%)] Loss: 20.48452 = L_Mnfld: 5.48673 + L_NonMnfld: 11.85317 + L_Nrml: 0.00000 + L_Eknl: 2.88665 + L_Div: 0.00000 + L_Morse: 0.25796
Epoch: 0 [7680/10000 (77%)] Unweighted L_s : L_Mnfld: 0.00078,  L_NonMnfld: 0.01976,  L_Nrml: 0.00000,  L_Eknl: 0.05773, L_Morse: 2.57958

Weights: [7000.0, 600.0, 0, 50.0, 0.0, 0.1], lr=5.000e-05
Epoch: 0 [7690/10000 (77%)] Loss: 20.88446 = L_Mnfld: 5.90041 + L_NonMnfld: 11.86574 + L_Nrml: 0.00000 + L_Eknl: 2.86233 + L_Div: 0.00000 + L_Morse: 0.25597
Epoch: 0 [7690/10000 (77%)] Unweighted L_s : L_Mnfld: 0.00084,  L_NonMnfld: 0.01978,  L_Nrml: 0.00000,  L_Eknl: 0.05725, L_Morse: 2.55972

Weights: [7000.0, 600.0, 0, 50.0, 0.0, 0.1], lr=5.000e-05
Epoch: 0 [7700/10000 (77%)] Loss: 20.74681 = L_Mnfld: 5.98008 + L_NonMnfld: 11.55620 + L_Nrml: 0.00000 + L_Eknl: 2.93983 + L_Div: 0.00000 + L_Morse: 0.27071
Epoch: 0 [7700/10000 (77%)] Unweighted L_s : L_Mnfld: 0.00085,  L_NonMnfld: 0.01926,  L_Nrml: 0.00000,  L_Eknl: 0.05880, L_Morse: 2.70706

Weights: [7000.0, 600.0, 0, 50.0, 0.0, 0.1], lr=5.000e-05
Epoch: 0 [7710/10000 (77%)] Loss: 22.32024 = L_Mnfld: 5.89938 + L_NonMnfld: 13.46892 + L_Nrml: 0.00000 + L_Eknl: 2.68634 + L_Div: 0.00000 + L_Morse: 0.26560
Epoch: 0 [7710/10000 (77%)] Unweighted L_s : L_Mnfld: 0.00084,  L_NonMnfld: 0.02245,  L_Nrml: 0.00000,  L_Eknl: 0.05373, L_Morse: 2.65596

Weights: [7000.0, 600.0, 0, 50.0, 0.0, 0.1], lr=5.000e-05
Epoch: 0 [7720/10000 (77%)] Loss: 19.38687 = L_Mnfld: 5.01736 + L_NonMnfld: 11.09551 + L_Nrml: 0.00000 + L_Eknl: 3.01325 + L_Div: 0.00000 + L_Morse: 0.26076
Epoch: 0 [7720/10000 (77%)] Unweighted L_s : L_Mnfld: 0.00072,  L_NonMnfld: 0.01849,  L_Nrml: 0.00000,  L_Eknl: 0.06026, L_Morse: 2.60757

Weights: [7000.0, 600.0, 0, 50.0, 0.0, 0.1], lr=5.000e-05
Epoch: 0 [7730/10000 (77%)] Loss: 21.07209 = L_Mnfld: 5.97460 + L_NonMnfld: 12.03775 + L_Nrml: 0.00000 + L_Eknl: 2.81145 + L_Div: 0.00000 + L_Morse: 0.24828
Epoch: 0 [7730/10000 (77%)] Unweighted L_s : L_Mnfld: 0.00085,  L_NonMnfld: 0.02006,  L_Nrml: 0.00000,  L_Eknl: 0.05623, L_Morse: 2.48285

Weights: [7000.0, 600.0, 0, 50.0, 0.0, 0.1], lr=5.000e-05
Epoch: 0 [7740/10000 (77%)] Loss: 20.57875 = L_Mnfld: 5.65306 + L_NonMnfld: 11.71278 + L_Nrml: 0.00000 + L_Eknl: 2.95326 + L_Div: 0.00000 + L_Morse: 0.25966
Epoch: 0 [7740/10000 (77%)] Unweighted L_s : L_Mnfld: 0.00081,  L_NonMnfld: 0.01952,  L_Nrml: 0.00000,  L_Eknl: 0.05907, L_Morse: 2.59659

Weights: [7000.0, 600.0, 0, 50.0, 0.0, 0.1], lr=5.000e-05
Epoch: 0 [7750/10000 (78%)] Loss: 21.90361 = L_Mnfld: 6.30088 + L_NonMnfld: 12.31569 + L_Nrml: 0.00000 + L_Eknl: 3.01038 + L_Div: 0.00000 + L_Morse: 0.27666
Epoch: 0 [7750/10000 (78%)] Unweighted L_s : L_Mnfld: 0.00090,  L_NonMnfld: 0.02053,  L_Nrml: 0.00000,  L_Eknl: 0.06021, L_Morse: 2.76663

Weights: [7000.0, 600.0, 0, 50.0, 0.0, 0.1], lr=5.000e-05
Epoch: 0 [7760/10000 (78%)] Loss: 21.57400 = L_Mnfld: 5.99732 + L_NonMnfld: 12.44312 + L_Nrml: 0.00000 + L_Eknl: 2.87053 + L_Div: 0.00000 + L_Morse: 0.26303
Epoch: 0 [7760/10000 (78%)] Unweighted L_s : L_Mnfld: 0.00086,  L_NonMnfld: 0.02074,  L_Nrml: 0.00000,  L_Eknl: 0.05741, L_Morse: 2.63029

Weights: [7000.0, 600.0, 0, 50.0, 0.0, 0.1], lr=5.000e-05
Epoch: 0 [7770/10000 (78%)] Loss: 22.79184 = L_Mnfld: 6.25613 + L_NonMnfld: 13.17334 + L_Nrml: 0.00000 + L_Eknl: 3.09508 + L_Div: 0.00000 + L_Morse: 0.26730
Epoch: 0 [7770/10000 (78%)] Unweighted L_s : L_Mnfld: 0.00089,  L_NonMnfld: 0.02196,  L_Nrml: 0.00000,  L_Eknl: 0.06190, L_Morse: 2.67296

Weights: [7000.0, 600.0, 0, 50.0, 0.0, 0.1], lr=5.000e-05
Epoch: 0 [7780/10000 (78%)] Loss: 21.89791 = L_Mnfld: 6.54972 + L_NonMnfld: 12.13963 + L_Nrml: 0.00000 + L_Eknl: 2.93780 + L_Div: 0.00000 + L_Morse: 0.27075
Epoch: 0 [7780/10000 (78%)] Unweighted L_s : L_Mnfld: 0.00094,  L_NonMnfld: 0.02023,  L_Nrml: 0.00000,  L_Eknl: 0.05876, L_Morse: 2.70753

Weights: [7000.0, 600.0, 0, 50.0, 0.0, 0.1], lr=5.000e-05
Epoch: 0 [7790/10000 (78%)] Loss: 21.05607 = L_Mnfld: 5.78243 + L_NonMnfld: 12.03857 + L_Nrml: 0.00000 + L_Eknl: 2.97289 + L_Div: 0.00000 + L_Morse: 0.26218
Epoch: 0 [7790/10000 (78%)] Unweighted L_s : L_Mnfld: 0.00083,  L_NonMnfld: 0.02006,  L_Nrml: 0.00000,  L_Eknl: 0.05946, L_Morse: 2.62180

Weights: [7000.0, 600.0, 0, 50.0, 0.0, 0.1], lr=5.000e-05
Epoch: 0 [7800/10000 (78%)] Loss: 21.15064 = L_Mnfld: 5.63013 + L_NonMnfld: 12.30971 + L_Nrml: 0.00000 + L_Eknl: 2.94583 + L_Div: 0.00000 + L_Morse: 0.26498
Epoch: 0 [7800/10000 (78%)] Unweighted L_s : L_Mnfld: 0.00080,  L_NonMnfld: 0.02052,  L_Nrml: 0.00000,  L_Eknl: 0.05892, L_Morse: 2.64976

Weights: [7000.0, 600.0, 0, 50.0, 0.0, 0.1], lr=5.000e-05
Epoch: 0 [7810/10000 (78%)] Loss: 20.77565 = L_Mnfld: 5.53657 + L_NonMnfld: 11.93392 + L_Nrml: 0.00000 + L_Eknl: 3.03646 + L_Div: 0.00000 + L_Morse: 0.26869
Epoch: 0 [7810/10000 (78%)] Unweighted L_s : L_Mnfld: 0.00079,  L_NonMnfld: 0.01989,  L_Nrml: 0.00000,  L_Eknl: 0.06073, L_Morse: 2.68690

Weights: [7000.0, 600.0, 0, 50.0, 0.0, 0.1], lr=5.000e-05
Epoch: 0 [7820/10000 (78%)] Loss: 22.16465 = L_Mnfld: 6.92006 + L_NonMnfld: 11.96263 + L_Nrml: 0.00000 + L_Eknl: 3.01544 + L_Div: 0.00000 + L_Morse: 0.26653
Epoch: 0 [7820/10000 (78%)] Unweighted L_s : L_Mnfld: 0.00099,  L_NonMnfld: 0.01994,  L_Nrml: 0.00000,  L_Eknl: 0.06031, L_Morse: 2.66526

Weights: [7000.0, 600.0, 0, 50.0, 0.0, 0.1], lr=5.000e-05
Epoch: 0 [7830/10000 (78%)] Loss: 20.82596 = L_Mnfld: 6.25591 + L_NonMnfld: 11.20522 + L_Nrml: 0.00000 + L_Eknl: 3.11248 + L_Div: 0.00000 + L_Morse: 0.25235
Epoch: 0 [7830/10000 (78%)] Unweighted L_s : L_Mnfld: 0.00089,  L_NonMnfld: 0.01868,  L_Nrml: 0.00000,  L_Eknl: 0.06225, L_Morse: 2.52355

Weights: [7000.0, 600.0, 0, 50.0, 0.0, 0.1], lr=5.000e-05
Epoch: 0 [7840/10000 (78%)] Loss: 20.54115 = L_Mnfld: 5.76960 + L_NonMnfld: 11.67807 + L_Nrml: 0.00000 + L_Eknl: 2.84450 + L_Div: 0.00000 + L_Morse: 0.24898
Epoch: 0 [7840/10000 (78%)] Unweighted L_s : L_Mnfld: 0.00082,  L_NonMnfld: 0.01946,  L_Nrml: 0.00000,  L_Eknl: 0.05689, L_Morse: 2.48984

Weights: [7000.0, 600.0, 0, 50.0, 0.0, 0.1], lr=5.000e-05
Epoch: 0 [7850/10000 (78%)] Loss: 22.36543 = L_Mnfld: 6.34103 + L_NonMnfld: 12.84639 + L_Nrml: 0.00000 + L_Eknl: 2.91690 + L_Div: 0.00000 + L_Morse: 0.26111
Epoch: 0 [7850/10000 (78%)] Unweighted L_s : L_Mnfld: 0.00091,  L_NonMnfld: 0.02141,  L_Nrml: 0.00000,  L_Eknl: 0.05834, L_Morse: 2.61114

Weights: [7000.0, 600.0, 0, 50.0, 0.0, 0.1], lr=5.000e-05
Epoch: 0 [7860/10000 (79%)] Loss: 20.37159 = L_Mnfld: 5.41348 + L_NonMnfld: 11.82389 + L_Nrml: 0.00000 + L_Eknl: 2.88077 + L_Div: 0.00000 + L_Morse: 0.25345
Epoch: 0 [7860/10000 (79%)] Unweighted L_s : L_Mnfld: 0.00077,  L_NonMnfld: 0.01971,  L_Nrml: 0.00000,  L_Eknl: 0.05762, L_Morse: 2.53446

Weights: [7000.0, 600.0, 0, 50.0, 0.0, 0.1], lr=5.000e-05
Epoch: 0 [7870/10000 (79%)] Loss: 20.74005 = L_Mnfld: 6.08144 + L_NonMnfld: 11.48660 + L_Nrml: 0.00000 + L_Eknl: 2.90404 + L_Div: 0.00000 + L_Morse: 0.26797
Epoch: 0 [7870/10000 (79%)] Unweighted L_s : L_Mnfld: 0.00087,  L_NonMnfld: 0.01914,  L_Nrml: 0.00000,  L_Eknl: 0.05808, L_Morse: 2.67970

Weights: [7000.0, 600.0, 0, 50.0, 0.0, 0.1], lr=5.000e-05
Epoch: 0 [7880/10000 (79%)] Loss: 21.67260 = L_Mnfld: 6.11554 + L_NonMnfld: 12.16406 + L_Nrml: 0.00000 + L_Eknl: 3.13867 + L_Div: 0.00000 + L_Morse: 0.25432
Epoch: 0 [7880/10000 (79%)] Unweighted L_s : L_Mnfld: 0.00087,  L_NonMnfld: 0.02027,  L_Nrml: 0.00000,  L_Eknl: 0.06277, L_Morse: 2.54322

Weights: [7000.0, 600.0, 0, 50.0, 0.0, 0.1], lr=5.000e-05
Epoch: 0 [7890/10000 (79%)] Loss: 23.11921 = L_Mnfld: 7.01303 + L_NonMnfld: 12.74908 + L_Nrml: 0.00000 + L_Eknl: 3.10201 + L_Div: 0.00000 + L_Morse: 0.25510
Epoch: 0 [7890/10000 (79%)] Unweighted L_s : L_Mnfld: 0.00100,  L_NonMnfld: 0.02125,  L_Nrml: 0.00000,  L_Eknl: 0.06204, L_Morse: 2.55096

Weights: [7000.0, 600.0, 0, 50.0, 0.0, 0.1], lr=5.000e-05
Epoch: 0 [7900/10000 (79%)] Loss: 21.63607 = L_Mnfld: 6.30170 + L_NonMnfld: 11.81331 + L_Nrml: 0.00000 + L_Eknl: 3.25592 + L_Div: 0.00000 + L_Morse: 0.26514
Epoch: 0 [7900/10000 (79%)] Unweighted L_s : L_Mnfld: 0.00090,  L_NonMnfld: 0.01969,  L_Nrml: 0.00000,  L_Eknl: 0.06512, L_Morse: 2.65137

Weights: [7000.0, 600.0, 0, 50.0, 0.0, 0.1], lr=5.000e-05
Epoch: 0 [7910/10000 (79%)] Loss: 19.95267 = L_Mnfld: 5.47309 + L_NonMnfld: 11.17562 + L_Nrml: 0.00000 + L_Eknl: 3.03615 + L_Div: 0.00000 + L_Morse: 0.26781
Epoch: 0 [7910/10000 (79%)] Unweighted L_s : L_Mnfld: 0.00078,  L_NonMnfld: 0.01863,  L_Nrml: 0.00000,  L_Eknl: 0.06072, L_Morse: 2.67809

Weights: [7000.0, 600.0, 0, 50.0, 0.0, 0.1], lr=5.000e-05
Epoch: 0 [7920/10000 (79%)] Loss: 22.14754 = L_Mnfld: 6.62084 + L_NonMnfld: 12.15580 + L_Nrml: 0.00000 + L_Eknl: 3.10320 + L_Div: 0.00000 + L_Morse: 0.26770
Epoch: 0 [7920/10000 (79%)] Unweighted L_s : L_Mnfld: 0.00095,  L_NonMnfld: 0.02026,  L_Nrml: 0.00000,  L_Eknl: 0.06206, L_Morse: 2.67700

Weights: [7000.0, 600.0, 0, 50.0, 0.0, 0.1], lr=5.000e-05
Epoch: 0 [7930/10000 (79%)] Loss: 20.05864 = L_Mnfld: 5.73346 + L_NonMnfld: 10.97872 + L_Nrml: 0.00000 + L_Eknl: 3.07121 + L_Div: 0.00000 + L_Morse: 0.27525
Epoch: 0 [7930/10000 (79%)] Unweighted L_s : L_Mnfld: 0.00082,  L_NonMnfld: 0.01830,  L_Nrml: 0.00000,  L_Eknl: 0.06142, L_Morse: 2.75250

Weights: [7000.0, 600.0, 0, 50.0, 0.0, 0.1], lr=5.000e-05
Epoch: 0 [7940/10000 (79%)] Loss: 21.05960 = L_Mnfld: 6.38078 + L_NonMnfld: 11.33008 + L_Nrml: 0.00000 + L_Eknl: 3.08586 + L_Div: 0.00000 + L_Morse: 0.26288
Epoch: 0 [7940/10000 (79%)] Unweighted L_s : L_Mnfld: 0.00091,  L_NonMnfld: 0.01888,  L_Nrml: 0.00000,  L_Eknl: 0.06172, L_Morse: 2.62877

Weights: [7000.0, 600.0, 0, 50.0, 0.0, 0.1], lr=5.000e-05
Epoch: 0 [7950/10000 (80%)] Loss: 21.69420 = L_Mnfld: 6.22926 + L_NonMnfld: 12.09149 + L_Nrml: 0.00000 + L_Eknl: 3.12152 + L_Div: 0.00000 + L_Morse: 0.25193
Epoch: 0 [7950/10000 (80%)] Unweighted L_s : L_Mnfld: 0.00089,  L_NonMnfld: 0.02015,  L_Nrml: 0.00000,  L_Eknl: 0.06243, L_Morse: 2.51928

Weights: [7000.0, 600.0, 0, 50.0, 0.0, 0.1], lr=5.000e-05
Epoch: 0 [7960/10000 (80%)] Loss: 20.41328 = L_Mnfld: 5.81854 + L_NonMnfld: 11.45168 + L_Nrml: 0.00000 + L_Eknl: 2.88258 + L_Div: 0.00000 + L_Morse: 0.26047
Epoch: 0 [7960/10000 (80%)] Unweighted L_s : L_Mnfld: 0.00083,  L_NonMnfld: 0.01909,  L_Nrml: 0.00000,  L_Eknl: 0.05765, L_Morse: 2.60472

Weights: [7000.0, 600.0, 0, 50.0, 0.0, 0.1], lr=5.000e-05
Epoch: 0 [7970/10000 (80%)] Loss: 20.88008 = L_Mnfld: 5.76488 + L_NonMnfld: 12.07278 + L_Nrml: 0.00000 + L_Eknl: 2.78917 + L_Div: 0.00000 + L_Morse: 0.25325
Epoch: 0 [7970/10000 (80%)] Unweighted L_s : L_Mnfld: 0.00082,  L_NonMnfld: 0.02012,  L_Nrml: 0.00000,  L_Eknl: 0.05578, L_Morse: 2.53251

Weights: [7000.0, 600.0, 0, 50.0, 0.0, 0.1], lr=5.000e-05
Epoch: 0 [7980/10000 (80%)] Loss: 20.98126 = L_Mnfld: 5.21278 + L_NonMnfld: 12.65809 + L_Nrml: 0.00000 + L_Eknl: 2.84124 + L_Div: 0.00000 + L_Morse: 0.26915
Epoch: 0 [7980/10000 (80%)] Unweighted L_s : L_Mnfld: 0.00074,  L_NonMnfld: 0.02110,  L_Nrml: 0.00000,  L_Eknl: 0.05682, L_Morse: 2.69148

Weights: [7000.0, 600.0, 0, 50.0, 0.0, 0.1], lr=5.000e-05
Epoch: 0 [7990/10000 (80%)] Loss: 21.43435 = L_Mnfld: 6.46894 + L_NonMnfld: 11.73660 + L_Nrml: 0.00000 + L_Eknl: 2.95291 + L_Div: 0.00000 + L_Morse: 0.27590
Epoch: 0 [7990/10000 (80%)] Unweighted L_s : L_Mnfld: 0.00092,  L_NonMnfld: 0.01956,  L_Nrml: 0.00000,  L_Eknl: 0.05906, L_Morse: 2.75899

Weights: [7000.0, 600.0, 0, 50.0, 0.0, 0.1], lr=5.000e-05
Epoch: 0 [8000/10000 (80%)] Loss: 21.31824 = L_Mnfld: 5.67439 + L_NonMnfld: 12.52211 + L_Nrml: 0.00000 + L_Eknl: 2.87802 + L_Div: 0.00000 + L_Morse: 0.24372
Epoch: 0 [8000/10000 (80%)] Unweighted L_s : L_Mnfld: 0.00081,  L_NonMnfld: 0.02087,  L_Nrml: 0.00000,  L_Eknl: 0.05756, L_Morse: 2.43721

Weights: [7000.0, 600.0, 0, 50.0, 0.0, 0.1], lr=5.000e-05
Epoch: 0 [8010/10000 (80%)] Loss: 21.68464 = L_Mnfld: 5.88773 + L_NonMnfld: 12.64897 + L_Nrml: 0.00000 + L_Eknl: 2.89280 + L_Div: 0.00000 + L_Morse: 0.25513
Epoch: 0 [8010/10000 (80%)] Unweighted L_s : L_Mnfld: 0.00084,  L_NonMnfld: 0.02108,  L_Nrml: 0.00000,  L_Eknl: 0.05786, L_Morse: 2.55131

Weights: [7000.0, 600.0, 0, 50.0, 0.0, 0.1], lr=5.000e-05
Epoch: 0 [8020/10000 (80%)] Loss: 21.50246 = L_Mnfld: 5.93295 + L_NonMnfld: 12.38242 + L_Nrml: 0.00000 + L_Eknl: 2.90881 + L_Div: 0.00000 + L_Morse: 0.27829
Epoch: 0 [8020/10000 (80%)] Unweighted L_s : L_Mnfld: 0.00085,  L_NonMnfld: 0.02064,  L_Nrml: 0.00000,  L_Eknl: 0.05818, L_Morse: 2.78286

Weights: [7000.0, 600.0, 0, 50.0, 0.0, 0.1], lr=5.000e-05
Epoch: 0 [8030/10000 (80%)] Loss: 21.68932 = L_Mnfld: 5.57776 + L_NonMnfld: 12.86553 + L_Nrml: 0.00000 + L_Eknl: 2.98686 + L_Div: 0.00000 + L_Morse: 0.25917
Epoch: 0 [8030/10000 (80%)] Unweighted L_s : L_Mnfld: 0.00080,  L_NonMnfld: 0.02144,  L_Nrml: 0.00000,  L_Eknl: 0.05974, L_Morse: 2.59174

Weights: [7000.0, 600.0, 0, 50.0, 0.0, 0.1], lr=5.000e-05
Epoch: 0 [8040/10000 (80%)] Loss: 20.00412 = L_Mnfld: 5.12667 + L_NonMnfld: 11.78920 + L_Nrml: 0.00000 + L_Eknl: 2.83149 + L_Div: 0.00000 + L_Morse: 0.25676
Epoch: 0 [8040/10000 (80%)] Unweighted L_s : L_Mnfld: 0.00073,  L_NonMnfld: 0.01965,  L_Nrml: 0.00000,  L_Eknl: 0.05663, L_Morse: 2.56765

Weights: [7000.0, 600.0, 0, 50.0, 0.0, 0.1], lr=5.000e-05
Epoch: 0 [8050/10000 (80%)] Loss: 20.07635 = L_Mnfld: 5.32382 + L_NonMnfld: 11.76683 + L_Nrml: 0.00000 + L_Eknl: 2.73144 + L_Div: 0.00000 + L_Morse: 0.25427
Epoch: 0 [8050/10000 (80%)] Unweighted L_s : L_Mnfld: 0.00076,  L_NonMnfld: 0.01961,  L_Nrml: 0.00000,  L_Eknl: 0.05463, L_Morse: 2.54267

Weights: [7000.0, 600.0, 0, 50.0, 0.0, 0.1], lr=5.000e-05
Epoch: 0 [8060/10000 (81%)] Loss: 19.73421 = L_Mnfld: 4.95531 + L_NonMnfld: 11.78508 + L_Nrml: 0.00000 + L_Eknl: 2.74729 + L_Div: 0.00000 + L_Morse: 0.24652
Epoch: 0 [8060/10000 (81%)] Unweighted L_s : L_Mnfld: 0.00071,  L_NonMnfld: 0.01964,  L_Nrml: 0.00000,  L_Eknl: 0.05495, L_Morse: 2.46524

Weights: [7000.0, 600.0, 0, 50.0, 0.0, 0.1], lr=5.000e-05
Epoch: 0 [8070/10000 (81%)] Loss: 21.03090 = L_Mnfld: 5.58860 + L_NonMnfld: 12.26820 + L_Nrml: 0.00000 + L_Eknl: 2.91491 + L_Div: 0.00000 + L_Morse: 0.25918
Epoch: 0 [8070/10000 (81%)] Unweighted L_s : L_Mnfld: 0.00080,  L_NonMnfld: 0.02045,  L_Nrml: 0.00000,  L_Eknl: 0.05830, L_Morse: 2.59180

Weights: [7000.0, 600.0, 0, 50.0, 0.0, 0.1], lr=5.000e-05
Epoch: 0 [8080/10000 (81%)] Loss: 21.49554 = L_Mnfld: 6.08474 + L_NonMnfld: 12.20637 + L_Nrml: 0.00000 + L_Eknl: 2.94971 + L_Div: 0.00000 + L_Morse: 0.25472
Epoch: 0 [8080/10000 (81%)] Unweighted L_s : L_Mnfld: 0.00087,  L_NonMnfld: 0.02034,  L_Nrml: 0.00000,  L_Eknl: 0.05899, L_Morse: 2.54722

Weights: [7000.0, 600.0, 0, 50.0, 0.0, 0.1], lr=5.000e-05
Epoch: 0 [8090/10000 (81%)] Loss: 20.20281 = L_Mnfld: 5.54928 + L_NonMnfld: 11.03807 + L_Nrml: 0.00000 + L_Eknl: 3.35874 + L_Div: 0.00000 + L_Morse: 0.25674
Epoch: 0 [8090/10000 (81%)] Unweighted L_s : L_Mnfld: 0.00079,  L_NonMnfld: 0.01840,  L_Nrml: 0.00000,  L_Eknl: 0.06717, L_Morse: 2.56735

Weights: [7000.0, 600.0, 0, 50.0, 0.0, 0.1], lr=5.000e-05
Epoch: 0 [8100/10000 (81%)] Loss: 20.74470 = L_Mnfld: 5.81132 + L_NonMnfld: 11.70495 + L_Nrml: 0.00000 + L_Eknl: 2.98070 + L_Div: 0.00000 + L_Morse: 0.24773
Epoch: 0 [8100/10000 (81%)] Unweighted L_s : L_Mnfld: 0.00083,  L_NonMnfld: 0.01951,  L_Nrml: 0.00000,  L_Eknl: 0.05961, L_Morse: 2.47727

Weights: [7000.0, 600.0, 0, 50.0, 0.0, 0.1], lr=5.000e-05
Epoch: 0 [8110/10000 (81%)] Loss: 21.15238 = L_Mnfld: 5.85977 + L_NonMnfld: 12.23156 + L_Nrml: 0.00000 + L_Eknl: 2.80632 + L_Div: 0.00000 + L_Morse: 0.25473
Epoch: 0 [8110/10000 (81%)] Unweighted L_s : L_Mnfld: 0.00084,  L_NonMnfld: 0.02039,  L_Nrml: 0.00000,  L_Eknl: 0.05613, L_Morse: 2.54728

Weights: [7000.0, 600.0, 0, 50.0, 0.0, 0.1], lr=5.000e-05
Epoch: 0 [8120/10000 (81%)] Loss: 20.29768 = L_Mnfld: 5.76611 + L_NonMnfld: 11.40765 + L_Nrml: 0.00000 + L_Eknl: 2.86333 + L_Div: 0.00000 + L_Morse: 0.26059
Epoch: 0 [8120/10000 (81%)] Unweighted L_s : L_Mnfld: 0.00082,  L_NonMnfld: 0.01901,  L_Nrml: 0.00000,  L_Eknl: 0.05727, L_Morse: 2.60593

Weights: [7000.0, 600.0, 0, 50.0, 0.0, 0.1], lr=5.000e-05
Epoch: 0 [8130/10000 (81%)] Loss: 20.79224 = L_Mnfld: 6.38261 + L_NonMnfld: 10.90955 + L_Nrml: 0.00000 + L_Eknl: 3.23728 + L_Div: 0.00000 + L_Morse: 0.26280
Epoch: 0 [8130/10000 (81%)] Unweighted L_s : L_Mnfld: 0.00091,  L_NonMnfld: 0.01818,  L_Nrml: 0.00000,  L_Eknl: 0.06475, L_Morse: 2.62799

Weights: [7000.0, 600.0, 0, 50.0, 0.0, 0.1], lr=5.000e-05
Epoch: 0 [8140/10000 (81%)] Loss: 21.35950 = L_Mnfld: 5.65282 + L_NonMnfld: 12.07325 + L_Nrml: 0.00000 + L_Eknl: 3.37361 + L_Div: 0.00000 + L_Morse: 0.25982
Epoch: 0 [8140/10000 (81%)] Unweighted L_s : L_Mnfld: 0.00081,  L_NonMnfld: 0.02012,  L_Nrml: 0.00000,  L_Eknl: 0.06747, L_Morse: 2.59824

Weights: [7000.0, 600.0, 0, 50.0, 0.0, 0.1], lr=5.000e-05
Epoch: 0 [8150/10000 (82%)] Loss: 23.33657 = L_Mnfld: 6.88241 + L_NonMnfld: 12.92067 + L_Nrml: 0.00000 + L_Eknl: 3.26030 + L_Div: 0.00000 + L_Morse: 0.27319
Epoch: 0 [8150/10000 (82%)] Unweighted L_s : L_Mnfld: 0.00098,  L_NonMnfld: 0.02153,  L_Nrml: 0.00000,  L_Eknl: 0.06521, L_Morse: 2.73193

Weights: [7000.0, 600.0, 0, 50.0, 0.0, 0.1], lr=5.000e-05
Epoch: 0 [8160/10000 (82%)] Loss: 23.21400 = L_Mnfld: 7.01535 + L_NonMnfld: 12.57473 + L_Nrml: 0.00000 + L_Eknl: 3.37076 + L_Div: 0.00000 + L_Morse: 0.25316
Epoch: 0 [8160/10000 (82%)] Unweighted L_s : L_Mnfld: 0.00100,  L_NonMnfld: 0.02096,  L_Nrml: 0.00000,  L_Eknl: 0.06742, L_Morse: 2.53158

Weights: [7000.0, 600.0, 0, 50.0, 0.0, 0.1], lr=5.000e-05
Epoch: 0 [8170/10000 (82%)] Loss: 23.81601 = L_Mnfld: 7.22641 + L_NonMnfld: 12.90564 + L_Nrml: 0.00000 + L_Eknl: 3.42448 + L_Div: 0.00000 + L_Morse: 0.25947
Epoch: 0 [8170/10000 (82%)] Unweighted L_s : L_Mnfld: 0.00103,  L_NonMnfld: 0.02151,  L_Nrml: 0.00000,  L_Eknl: 0.06849, L_Morse: 2.59472

Weights: [7000.0, 600.0, 0, 50.0, 0.0, 0.1], lr=5.000e-05
Epoch: 0 [8180/10000 (82%)] Loss: 21.33232 = L_Mnfld: 6.72161 + L_NonMnfld: 11.04708 + L_Nrml: 0.00000 + L_Eknl: 3.31109 + L_Div: 0.00000 + L_Morse: 0.25253
Epoch: 0 [8180/10000 (82%)] Unweighted L_s : L_Mnfld: 0.00096,  L_NonMnfld: 0.01841,  L_Nrml: 0.00000,  L_Eknl: 0.06622, L_Morse: 2.52526

Weights: [7000.0, 600.0, 0, 50.0, 0.0, 0.1], lr=5.000e-05
Epoch: 0 [8190/10000 (82%)] Loss: 22.84947 = L_Mnfld: 7.15169 + L_NonMnfld: 12.28693 + L_Nrml: 0.00000 + L_Eknl: 3.14287 + L_Div: 0.00000 + L_Morse: 0.26797
Epoch: 0 [8190/10000 (82%)] Unweighted L_s : L_Mnfld: 0.00102,  L_NonMnfld: 0.02048,  L_Nrml: 0.00000,  L_Eknl: 0.06286, L_Morse: 2.67975

Weights: [7000.0, 600.0, 0, 50.0, 0.0, 0.1], lr=5.000e-05
Epoch: 0 [8200/10000 (82%)] Loss: 21.33099 = L_Mnfld: 6.06949 + L_NonMnfld: 11.76648 + L_Nrml: 0.00000 + L_Eknl: 3.22845 + L_Div: 0.00000 + L_Morse: 0.26658
Epoch: 0 [8200/10000 (82%)] Unweighted L_s : L_Mnfld: 0.00087,  L_NonMnfld: 0.01961,  L_Nrml: 0.00000,  L_Eknl: 0.06457, L_Morse: 2.66579

Weights: [7000.0, 600.0, 0, 50.0, 0.0, 0.1], lr=5.000e-05
Epoch: 0 [8210/10000 (82%)] Loss: 21.10703 = L_Mnfld: 5.78430 + L_NonMnfld: 12.06573 + L_Nrml: 0.00000 + L_Eknl: 3.00102 + L_Div: 0.00000 + L_Morse: 0.25597
Epoch: 0 [8210/10000 (82%)] Unweighted L_s : L_Mnfld: 0.00083,  L_NonMnfld: 0.02011,  L_Nrml: 0.00000,  L_Eknl: 0.06002, L_Morse: 2.55969

Weights: [7000.0, 600.0, 0, 50.0, 0.0, 0.1], lr=5.000e-05
Epoch: 0 [8220/10000 (82%)] Loss: 20.96473 = L_Mnfld: 6.23609 + L_NonMnfld: 11.50021 + L_Nrml: 0.00000 + L_Eknl: 2.97412 + L_Div: 0.00000 + L_Morse: 0.25432
Epoch: 0 [8220/10000 (82%)] Unweighted L_s : L_Mnfld: 0.00089,  L_NonMnfld: 0.01917,  L_Nrml: 0.00000,  L_Eknl: 0.05948, L_Morse: 2.54318

Weights: [7000.0, 600.0, 0, 50.0, 0.0, 0.1], lr=5.000e-05
Epoch: 0 [8230/10000 (82%)] Loss: 21.32267 = L_Mnfld: 6.25607 + L_NonMnfld: 11.46284 + L_Nrml: 0.00000 + L_Eknl: 3.34887 + L_Div: 0.00000 + L_Morse: 0.25489
Epoch: 0 [8230/10000 (82%)] Unweighted L_s : L_Mnfld: 0.00089,  L_NonMnfld: 0.01910,  L_Nrml: 0.00000,  L_Eknl: 0.06698, L_Morse: 2.54892

Weights: [7000.0, 600.0, 0, 50.0, 0.0, 0.1], lr=5.000e-05
Epoch: 0 [8240/10000 (82%)] Loss: 21.79255 = L_Mnfld: 6.37742 + L_NonMnfld: 11.99831 + L_Nrml: 0.00000 + L_Eknl: 3.14786 + L_Div: 0.00000 + L_Morse: 0.26896
Epoch: 0 [8240/10000 (82%)] Unweighted L_s : L_Mnfld: 0.00091,  L_NonMnfld: 0.02000,  L_Nrml: 0.00000,  L_Eknl: 0.06296, L_Morse: 2.68960

Weights: [7000.0, 600.0, 0, 50.0, 0.0, 0.1], lr=5.000e-05
Epoch: 0 [8250/10000 (82%)] Loss: 20.77001 = L_Mnfld: 5.77074 + L_NonMnfld: 11.75569 + L_Nrml: 0.00000 + L_Eknl: 2.97917 + L_Div: 0.00000 + L_Morse: 0.26442
Epoch: 0 [8250/10000 (82%)] Unweighted L_s : L_Mnfld: 0.00082,  L_NonMnfld: 0.01959,  L_Nrml: 0.00000,  L_Eknl: 0.05958, L_Morse: 2.64416

Weights: [7000.0, 600.0, 0, 50.0, 0.0, 0.1], lr=5.000e-05
Epoch: 0 [8260/10000 (83%)] Loss: 20.37150 = L_Mnfld: 5.96333 + L_NonMnfld: 11.05091 + L_Nrml: 0.00000 + L_Eknl: 3.08778 + L_Div: 0.00000 + L_Morse: 0.26947
Epoch: 0 [8260/10000 (83%)] Unweighted L_s : L_Mnfld: 0.00085,  L_NonMnfld: 0.01842,  L_Nrml: 0.00000,  L_Eknl: 0.06176, L_Morse: 2.69471

Weights: [7000.0, 600.0, 0, 50.0, 0.0, 0.1], lr=5.000e-05
Epoch: 0 [8270/10000 (83%)] Loss: 22.27748 = L_Mnfld: 6.49355 + L_NonMnfld: 12.74359 + L_Nrml: 0.00000 + L_Eknl: 2.77866 + L_Div: 0.00000 + L_Morse: 0.26168
Epoch: 0 [8270/10000 (83%)] Unweighted L_s : L_Mnfld: 0.00093,  L_NonMnfld: 0.02124,  L_Nrml: 0.00000,  L_Eknl: 0.05557, L_Morse: 2.61679

Weights: [7000.0, 600.0, 0, 50.0, 0.0, 0.1], lr=5.000e-05
Epoch: 0 [8280/10000 (83%)] Loss: 21.95591 = L_Mnfld: 5.77172 + L_NonMnfld: 12.93718 + L_Nrml: 0.00000 + L_Eknl: 2.98018 + L_Div: 0.00000 + L_Morse: 0.26682
Epoch: 0 [8280/10000 (83%)] Unweighted L_s : L_Mnfld: 0.00082,  L_NonMnfld: 0.02156,  L_Nrml: 0.00000,  L_Eknl: 0.05960, L_Morse: 2.66820

Weights: [7000.0, 600.0, 0, 50.0, 0.0, 0.1], lr=5.000e-05
Epoch: 0 [8290/10000 (83%)] Loss: 19.44272 = L_Mnfld: 5.12340 + L_NonMnfld: 11.16824 + L_Nrml: 0.00000 + L_Eknl: 2.88586 + L_Div: 0.00000 + L_Morse: 0.26522
Epoch: 0 [8290/10000 (83%)] Unweighted L_s : L_Mnfld: 0.00073,  L_NonMnfld: 0.01861,  L_Nrml: 0.00000,  L_Eknl: 0.05772, L_Morse: 2.65224

Weights: [7000.0, 600.0, 0, 50.0, 0.0, 0.1], lr=5.000e-05
Epoch: 0 [8300/10000 (83%)] Loss: 21.35240 = L_Mnfld: 5.80285 + L_NonMnfld: 12.31606 + L_Nrml: 0.00000 + L_Eknl: 2.95784 + L_Div: 0.00000 + L_Morse: 0.27566
Epoch: 0 [8300/10000 (83%)] Unweighted L_s : L_Mnfld: 0.00083,  L_NonMnfld: 0.02053,  L_Nrml: 0.00000,  L_Eknl: 0.05916, L_Morse: 2.75655

Weights: [7000.0, 600.0, 0, 50.0, 0.0, 0.1], lr=5.000e-05
Epoch: 0 [8310/10000 (83%)] Loss: 20.84857 = L_Mnfld: 5.59480 + L_NonMnfld: 12.06135 + L_Nrml: 0.00000 + L_Eknl: 2.91991 + L_Div: 0.00000 + L_Morse: 0.27252
Epoch: 0 [8310/10000 (83%)] Unweighted L_s : L_Mnfld: 0.00080,  L_NonMnfld: 0.02010,  L_Nrml: 0.00000,  L_Eknl: 0.05840, L_Morse: 2.72515

Weights: [7000.0, 600.0, 0, 50.0, 0.0, 0.1], lr=5.000e-05
Epoch: 0 [8320/10000 (83%)] Loss: 20.15688 = L_Mnfld: 5.59577 + L_NonMnfld: 11.33076 + L_Nrml: 0.00000 + L_Eknl: 2.96259 + L_Div: 0.00000 + L_Morse: 0.26776
Epoch: 0 [8320/10000 (83%)] Unweighted L_s : L_Mnfld: 0.00080,  L_NonMnfld: 0.01888,  L_Nrml: 0.00000,  L_Eknl: 0.05925, L_Morse: 2.67759

Weights: [7000.0, 600.0, 0, 50.0, 0.0, 0.1], lr=5.000e-05
Epoch: 0 [8330/10000 (83%)] Loss: 20.59502 = L_Mnfld: 5.54714 + L_NonMnfld: 11.89076 + L_Nrml: 0.00000 + L_Eknl: 2.90267 + L_Div: 0.00000 + L_Morse: 0.25445
Epoch: 0 [8330/10000 (83%)] Unweighted L_s : L_Mnfld: 0.00079,  L_NonMnfld: 0.01982,  L_Nrml: 0.00000,  L_Eknl: 0.05805, L_Morse: 2.54452

Weights: [7000.0, 600.0, 0, 50.0, 0.0, 0.1], lr=5.000e-05
Epoch: 0 [8340/10000 (83%)] Loss: 20.94372 = L_Mnfld: 5.44872 + L_NonMnfld: 12.39256 + L_Nrml: 0.00000 + L_Eknl: 2.83521 + L_Div: 0.00000 + L_Morse: 0.26723
Epoch: 0 [8340/10000 (83%)] Unweighted L_s : L_Mnfld: 0.00078,  L_NonMnfld: 0.02065,  L_Nrml: 0.00000,  L_Eknl: 0.05670, L_Morse: 2.67228

Weights: [7000.0, 600.0, 0, 50.0, 0.0, 0.1], lr=5.000e-05
Epoch: 0 [8350/10000 (84%)] Loss: 19.37395 = L_Mnfld: 5.31536 + L_NonMnfld: 11.15250 + L_Nrml: 0.00000 + L_Eknl: 2.64808 + L_Div: 0.00000 + L_Morse: 0.25801
Epoch: 0 [8350/10000 (84%)] Unweighted L_s : L_Mnfld: 0.00076,  L_NonMnfld: 0.01859,  L_Nrml: 0.00000,  L_Eknl: 0.05296, L_Morse: 2.58012

Weights: [7000.0, 600.0, 0, 50.0, 0.0, 0.1], lr=5.000e-05
Epoch: 0 [8360/10000 (84%)] Loss: 20.31976 = L_Mnfld: 5.65378 + L_NonMnfld: 11.47129 + L_Nrml: 0.00000 + L_Eknl: 2.92521 + L_Div: 0.00000 + L_Morse: 0.26947
Epoch: 0 [8360/10000 (84%)] Unweighted L_s : L_Mnfld: 0.00081,  L_NonMnfld: 0.01912,  L_Nrml: 0.00000,  L_Eknl: 0.05850, L_Morse: 2.69469

Weights: [7000.0, 600.0, 0, 50.0, 0.0, 0.1], lr=5.000e-05
Epoch: 0 [8370/10000 (84%)] Loss: 19.99973 = L_Mnfld: 5.08084 + L_NonMnfld: 11.86363 + L_Nrml: 0.00000 + L_Eknl: 2.78973 + L_Div: 0.00000 + L_Morse: 0.26554
Epoch: 0 [8370/10000 (84%)] Unweighted L_s : L_Mnfld: 0.00073,  L_NonMnfld: 0.01977,  L_Nrml: 0.00000,  L_Eknl: 0.05579, L_Morse: 2.65539

Weights: [7000.0, 600.0, 0, 50.0, 0.0, 0.1], lr=5.000e-05
Epoch: 0 [8380/10000 (84%)] Loss: 20.42063 = L_Mnfld: 5.57835 + L_NonMnfld: 11.58250 + L_Nrml: 0.00000 + L_Eknl: 2.99490 + L_Div: 0.00000 + L_Morse: 0.26488
Epoch: 0 [8380/10000 (84%)] Unweighted L_s : L_Mnfld: 0.00080,  L_NonMnfld: 0.01930,  L_Nrml: 0.00000,  L_Eknl: 0.05990, L_Morse: 2.64885

Weights: [7000.0, 600.0, 0, 50.0, 0.0, 0.1], lr=5.000e-05
Epoch: 0 [8390/10000 (84%)] Loss: 20.36376 = L_Mnfld: 5.31756 + L_NonMnfld: 11.89600 + L_Nrml: 0.00000 + L_Eknl: 2.89310 + L_Div: 0.00000 + L_Morse: 0.25710
Epoch: 0 [8390/10000 (84%)] Unweighted L_s : L_Mnfld: 0.00076,  L_NonMnfld: 0.01983,  L_Nrml: 0.00000,  L_Eknl: 0.05786, L_Morse: 2.57096

Weights: [7000.0, 600.0, 0, 50.0, 0.0, 0.1], lr=5.000e-05
Epoch: 0 [8400/10000 (84%)] Loss: 20.73503 = L_Mnfld: 5.41067 + L_NonMnfld: 12.08462 + L_Nrml: 0.00000 + L_Eknl: 2.96903 + L_Div: 0.00000 + L_Morse: 0.27070
Epoch: 0 [8400/10000 (84%)] Unweighted L_s : L_Mnfld: 0.00077,  L_NonMnfld: 0.02014,  L_Nrml: 0.00000,  L_Eknl: 0.05938, L_Morse: 2.70704

Weights: [7000.0, 600.0, 0, 50.0, 0.0, 0.1], lr=5.000e-05
Epoch: 0 [8410/10000 (84%)] Loss: 21.86606 = L_Mnfld: 6.38407 + L_NonMnfld: 11.73371 + L_Nrml: 0.00000 + L_Eknl: 3.48432 + L_Div: 0.00000 + L_Morse: 0.26396
Epoch: 0 [8410/10000 (84%)] Unweighted L_s : L_Mnfld: 0.00091,  L_NonMnfld: 0.01956,  L_Nrml: 0.00000,  L_Eknl: 0.06969, L_Morse: 2.63963

Weights: [7000.0, 600.0, 0, 50.0, 0.0, 0.1], lr=5.000e-05
Epoch: 0 [8420/10000 (84%)] Loss: 20.41088 = L_Mnfld: 6.05068 + L_NonMnfld: 11.22637 + L_Nrml: 0.00000 + L_Eknl: 2.86990 + L_Div: 0.00000 + L_Morse: 0.26392
Epoch: 0 [8420/10000 (84%)] Unweighted L_s : L_Mnfld: 0.00086,  L_NonMnfld: 0.01871,  L_Nrml: 0.00000,  L_Eknl: 0.05740, L_Morse: 2.63923

Weights: [7000.0, 600.0, 0, 50.0, 0.0, 0.1], lr=5.000e-05
Epoch: 0 [8430/10000 (84%)] Loss: 21.74984 = L_Mnfld: 6.20948 + L_NonMnfld: 12.20361 + L_Nrml: 0.00000 + L_Eknl: 3.07685 + L_Div: 0.00000 + L_Morse: 0.25991
Epoch: 0 [8430/10000 (84%)] Unweighted L_s : L_Mnfld: 0.00089,  L_NonMnfld: 0.02034,  L_Nrml: 0.00000,  L_Eknl: 0.06154, L_Morse: 2.59909

Weights: [7000.0, 600.0, 0, 50.0, 0.0, 0.1], lr=5.000e-05
Epoch: 0 [8440/10000 (84%)] Loss: 21.73846 = L_Mnfld: 6.27090 + L_NonMnfld: 11.87518 + L_Nrml: 0.00000 + L_Eknl: 3.31357 + L_Div: 0.00000 + L_Morse: 0.27881
Epoch: 0 [8440/10000 (84%)] Unweighted L_s : L_Mnfld: 0.00090,  L_NonMnfld: 0.01979,  L_Nrml: 0.00000,  L_Eknl: 0.06627, L_Morse: 2.78814

Weights: [7000.0, 600.0, 0, 50.0, 0.0, 0.1], lr=5.000e-05
Epoch: 0 [8450/10000 (84%)] Loss: 22.37010 = L_Mnfld: 6.46883 + L_NonMnfld: 12.63878 + L_Nrml: 0.00000 + L_Eknl: 2.98961 + L_Div: 0.00000 + L_Morse: 0.27289
Epoch: 0 [8450/10000 (84%)] Unweighted L_s : L_Mnfld: 0.00092,  L_NonMnfld: 0.02106,  L_Nrml: 0.00000,  L_Eknl: 0.05979, L_Morse: 2.72885

Weights: [7000.0, 600.0, 0, 50.0, 0.0, 0.1], lr=5.000e-05
Epoch: 0 [8460/10000 (85%)] Loss: 21.32737 = L_Mnfld: 6.67230 + L_NonMnfld: 11.26430 + L_Nrml: 0.00000 + L_Eknl: 3.13644 + L_Div: 0.00000 + L_Morse: 0.25432
Epoch: 0 [8460/10000 (85%)] Unweighted L_s : L_Mnfld: 0.00095,  L_NonMnfld: 0.01877,  L_Nrml: 0.00000,  L_Eknl: 0.06273, L_Morse: 2.54320

Weights: [7000.0, 600.0, 0, 50.0, 0.0, 0.1], lr=5.000e-05
Epoch: 0 [8470/10000 (85%)] Loss: 22.46412 = L_Mnfld: 7.17043 + L_NonMnfld: 11.71757 + L_Nrml: 0.00000 + L_Eknl: 3.29707 + L_Div: 0.00000 + L_Morse: 0.27905
Epoch: 0 [8470/10000 (85%)] Unweighted L_s : L_Mnfld: 0.00102,  L_NonMnfld: 0.01953,  L_Nrml: 0.00000,  L_Eknl: 0.06594, L_Morse: 2.79045

Weights: [7000.0, 600.0, 0, 50.0, 0.0, 0.1], lr=5.000e-05
Epoch: 0 [8480/10000 (85%)] Loss: 22.71341 = L_Mnfld: 6.66537 + L_NonMnfld: 12.26694 + L_Nrml: 0.00000 + L_Eknl: 3.51010 + L_Div: 0.00000 + L_Morse: 0.27099
Epoch: 0 [8480/10000 (85%)] Unweighted L_s : L_Mnfld: 0.00095,  L_NonMnfld: 0.02044,  L_Nrml: 0.00000,  L_Eknl: 0.07020, L_Morse: 2.70990

Weights: [7000.0, 600.0, 0, 50.0, 0.0, 0.1], lr=5.000e-05
Epoch: 0 [8490/10000 (85%)] Loss: 20.87764 = L_Mnfld: 5.38700 + L_NonMnfld: 12.23326 + L_Nrml: 0.00000 + L_Eknl: 2.99712 + L_Div: 0.00000 + L_Morse: 0.26026
Epoch: 0 [8490/10000 (85%)] Unweighted L_s : L_Mnfld: 0.00077,  L_NonMnfld: 0.02039,  L_Nrml: 0.00000,  L_Eknl: 0.05994, L_Morse: 2.60255

Weights: [7000.0, 600.0, 0, 50.0, 0.0, 0.1], lr=5.000e-05
Epoch: 0 [8500/10000 (85%)] Loss: 22.19584 = L_Mnfld: 6.06679 + L_NonMnfld: 12.69322 + L_Nrml: 0.00000 + L_Eknl: 3.16916 + L_Div: 0.00000 + L_Morse: 0.26666
Epoch: 0 [8500/10000 (85%)] Unweighted L_s : L_Mnfld: 0.00087,  L_NonMnfld: 0.02116,  L_Nrml: 0.00000,  L_Eknl: 0.06338, L_Morse: 2.66659

Weights: [7000.0, 600.0, 0, 50.0, 0.0, 0.1], lr=5.000e-05
Epoch: 0 [8510/10000 (85%)] Loss: 22.13385 = L_Mnfld: 6.52510 + L_NonMnfld: 11.83701 + L_Nrml: 0.00000 + L_Eknl: 3.50652 + L_Div: 0.00000 + L_Morse: 0.26522
Epoch: 0 [8510/10000 (85%)] Unweighted L_s : L_Mnfld: 0.00093,  L_NonMnfld: 0.01973,  L_Nrml: 0.00000,  L_Eknl: 0.07013, L_Morse: 2.65223

Weights: [7000.0, 600.0, 0, 50.0, 0.0, 0.1], lr=5.000e-05
Epoch: 0 [8520/10000 (85%)] Loss: 19.95614 = L_Mnfld: 5.59029 + L_NonMnfld: 11.10930 + L_Nrml: 0.00000 + L_Eknl: 2.99086 + L_Div: 0.00000 + L_Morse: 0.26570
Epoch: 0 [8520/10000 (85%)] Unweighted L_s : L_Mnfld: 0.00080,  L_NonMnfld: 0.01852,  L_Nrml: 0.00000,  L_Eknl: 0.05982, L_Morse: 2.65696

Weights: [7000.0, 600.0, 0, 50.0, 0.0, 0.1], lr=5.000e-05
Epoch: 0 [8530/10000 (85%)] Loss: 21.77841 = L_Mnfld: 7.15580 + L_NonMnfld: 11.25396 + L_Nrml: 0.00000 + L_Eknl: 3.10932 + L_Div: 0.00000 + L_Morse: 0.25933
Epoch: 0 [8530/10000 (85%)] Unweighted L_s : L_Mnfld: 0.00102,  L_NonMnfld: 0.01876,  L_Nrml: 0.00000,  L_Eknl: 0.06219, L_Morse: 2.59329

Weights: [7000.0, 600.0, 0, 50.0, 0.0, 0.1], lr=5.000e-05
Epoch: 0 [8540/10000 (85%)] Loss: 21.13906 = L_Mnfld: 6.77847 + L_NonMnfld: 10.44218 + L_Nrml: 0.00000 + L_Eknl: 3.64106 + L_Div: 0.00000 + L_Morse: 0.27736
Epoch: 0 [8540/10000 (85%)] Unweighted L_s : L_Mnfld: 0.00097,  L_NonMnfld: 0.01740,  L_Nrml: 0.00000,  L_Eknl: 0.07282, L_Morse: 2.77357

Weights: [7000.0, 600.0, 0, 50.0, 0.0, 0.1], lr=5.000e-05
Epoch: 0 [8550/10000 (86%)] Loss: 21.09370 = L_Mnfld: 5.73801 + L_NonMnfld: 12.00505 + L_Nrml: 0.00000 + L_Eknl: 3.08295 + L_Div: 0.00000 + L_Morse: 0.26770
Epoch: 0 [8550/10000 (86%)] Unweighted L_s : L_Mnfld: 0.00082,  L_NonMnfld: 0.02001,  L_Nrml: 0.00000,  L_Eknl: 0.06166, L_Morse: 2.67695

Weights: [7000.0, 600.0, 0, 50.0, 0.0, 0.1], lr=5.000e-05
Epoch: 0 [8560/10000 (86%)] Loss: 21.07421 = L_Mnfld: 6.18234 + L_NonMnfld: 11.67078 + L_Nrml: 0.00000 + L_Eknl: 2.95758 + L_Div: 0.00000 + L_Morse: 0.26351
Epoch: 0 [8560/10000 (86%)] Unweighted L_s : L_Mnfld: 0.00088,  L_NonMnfld: 0.01945,  L_Nrml: 0.00000,  L_Eknl: 0.05915, L_Morse: 2.63506

Weights: [7000.0, 600.0, 0, 50.0, 0.0, 0.1], lr=5.000e-05
Epoch: 0 [8570/10000 (86%)] Loss: 21.51293 = L_Mnfld: 5.92346 + L_NonMnfld: 12.29296 + L_Nrml: 0.00000 + L_Eknl: 3.03447 + L_Div: 0.00000 + L_Morse: 0.26204
Epoch: 0 [8570/10000 (86%)] Unweighted L_s : L_Mnfld: 0.00085,  L_NonMnfld: 0.02049,  L_Nrml: 0.00000,  L_Eknl: 0.06069, L_Morse: 2.62042

Weights: [7000.0, 600.0, 0, 50.0, 0.0, 0.1], lr=5.000e-05
Epoch: 0 [8580/10000 (86%)] Loss: 20.29312 = L_Mnfld: 6.06555 + L_NonMnfld: 11.23305 + L_Nrml: 0.00000 + L_Eknl: 2.74332 + L_Div: 0.00000 + L_Morse: 0.25120
Epoch: 0 [8580/10000 (86%)] Unweighted L_s : L_Mnfld: 0.00087,  L_NonMnfld: 0.01872,  L_Nrml: 0.00000,  L_Eknl: 0.05487, L_Morse: 2.51201

Weights: [7000.0, 600.0, 0, 50.0, 0.0, 0.1], lr=5.000e-05
Epoch: 0 [8590/10000 (86%)] Loss: 21.38249 = L_Mnfld: 5.64750 + L_NonMnfld: 12.64410 + L_Nrml: 0.00000 + L_Eknl: 2.82226 + L_Div: 0.00000 + L_Morse: 0.26863
Epoch: 0 [8590/10000 (86%)] Unweighted L_s : L_Mnfld: 0.00081,  L_NonMnfld: 0.02107,  L_Nrml: 0.00000,  L_Eknl: 0.05645, L_Morse: 2.68632

Weights: [7000.0, 600.0, 0, 50.0, 0.0, 0.1], lr=5.000e-05
Epoch: 0 [8600/10000 (86%)] Loss: 20.79429 = L_Mnfld: 5.43190 + L_NonMnfld: 12.21175 + L_Nrml: 0.00000 + L_Eknl: 2.88361 + L_Div: 0.00000 + L_Morse: 0.26703
Epoch: 0 [8600/10000 (86%)] Unweighted L_s : L_Mnfld: 0.00078,  L_NonMnfld: 0.02035,  L_Nrml: 0.00000,  L_Eknl: 0.05767, L_Morse: 2.67029

Weights: [7000.0, 600.0, 0, 50.0, 0.0, 0.1], lr=5.000e-05
Epoch: 0 [8610/10000 (86%)] Loss: 20.21691 = L_Mnfld: 5.72742 + L_NonMnfld: 11.45310 + L_Nrml: 0.00000 + L_Eknl: 2.76501 + L_Div: 0.00000 + L_Morse: 0.27138
Epoch: 0 [8610/10000 (86%)] Unweighted L_s : L_Mnfld: 0.00082,  L_NonMnfld: 0.01909,  L_Nrml: 0.00000,  L_Eknl: 0.05530, L_Morse: 2.71377

Weights: [7000.0, 600.0, 0, 50.0, 0.0, 0.1], lr=5.000e-05
Epoch: 0 [8620/10000 (86%)] Loss: 20.91374 = L_Mnfld: 5.27382 + L_NonMnfld: 12.55896 + L_Nrml: 0.00000 + L_Eknl: 2.82093 + L_Div: 0.00000 + L_Morse: 0.26002
Epoch: 0 [8620/10000 (86%)] Unweighted L_s : L_Mnfld: 0.00075,  L_NonMnfld: 0.02093,  L_Nrml: 0.00000,  L_Eknl: 0.05642, L_Morse: 2.60020

Weights: [7000.0, 600.0, 0, 50.0, 0.0, 0.1], lr=5.000e-05
Epoch: 0 [8630/10000 (86%)] Loss: 20.11871 = L_Mnfld: 5.71407 + L_NonMnfld: 11.11806 + L_Nrml: 0.00000 + L_Eknl: 3.01866 + L_Div: 0.00000 + L_Morse: 0.26792
Epoch: 0 [8630/10000 (86%)] Unweighted L_s : L_Mnfld: 0.00082,  L_NonMnfld: 0.01853,  L_Nrml: 0.00000,  L_Eknl: 0.06037, L_Morse: 2.67920

Weights: [7000.0, 600.0, 0, 50.0, 0.0, 0.1], lr=5.000e-05
Epoch: 0 [8640/10000 (86%)] Loss: 20.79839 = L_Mnfld: 5.78145 + L_NonMnfld: 11.75592 + L_Nrml: 0.00000 + L_Eknl: 2.98506 + L_Div: 0.00000 + L_Morse: 0.27597
Epoch: 0 [8640/10000 (86%)] Unweighted L_s : L_Mnfld: 0.00083,  L_NonMnfld: 0.01959,  L_Nrml: 0.00000,  L_Eknl: 0.05970, L_Morse: 2.75968

Weights: [7000.0, 600.0, 0, 50.0, 0.0, 0.1], lr=5.000e-05
Epoch: 0 [8650/10000 (86%)] Loss: 19.92578 = L_Mnfld: 5.34201 + L_NonMnfld: 11.36661 + L_Nrml: 0.00000 + L_Eknl: 2.95829 + L_Div: 0.00000 + L_Morse: 0.25886
Epoch: 0 [8650/10000 (86%)] Unweighted L_s : L_Mnfld: 0.00076,  L_NonMnfld: 0.01894,  L_Nrml: 0.00000,  L_Eknl: 0.05917, L_Morse: 2.58863

Weights: [7000.0, 600.0, 0, 50.0, 0.0, 0.1], lr=5.000e-05
Epoch: 0 [8660/10000 (87%)] Loss: 18.91629 = L_Mnfld: 5.28952 + L_NonMnfld: 10.51832 + L_Nrml: 0.00000 + L_Eknl: 2.84337 + L_Div: 0.00000 + L_Morse: 0.26508
Epoch: 0 [8660/10000 (87%)] Unweighted L_s : L_Mnfld: 0.00076,  L_NonMnfld: 0.01753,  L_Nrml: 0.00000,  L_Eknl: 0.05687, L_Morse: 2.65077

Weights: [7000.0, 600.0, 0, 50.0, 0.0, 0.1], lr=5.000e-05
Epoch: 0 [8670/10000 (87%)] Loss: 19.54671 = L_Mnfld: 5.18572 + L_NonMnfld: 10.95347 + L_Nrml: 0.00000 + L_Eknl: 3.16315 + L_Div: 0.00000 + L_Morse: 0.24436
Epoch: 0 [8670/10000 (87%)] Unweighted L_s : L_Mnfld: 0.00074,  L_NonMnfld: 0.01826,  L_Nrml: 0.00000,  L_Eknl: 0.06326, L_Morse: 2.44359

Weights: [7000.0, 600.0, 0, 50.0, 0.0, 0.1], lr=5.000e-05
Epoch: 0 [8680/10000 (87%)] Loss: 20.23152 = L_Mnfld: 5.23554 + L_NonMnfld: 11.91834 + L_Nrml: 0.00000 + L_Eknl: 2.80711 + L_Div: 0.00000 + L_Morse: 0.27054
Epoch: 0 [8680/10000 (87%)] Unweighted L_s : L_Mnfld: 0.00075,  L_NonMnfld: 0.01986,  L_Nrml: 0.00000,  L_Eknl: 0.05614, L_Morse: 2.70536

Weights: [7000.0, 600.0, 0, 50.0, 0.0, 0.1], lr=5.000e-05
Epoch: 0 [8690/10000 (87%)] Loss: 18.14007 = L_Mnfld: 4.80154 + L_NonMnfld: 10.26981 + L_Nrml: 0.00000 + L_Eknl: 2.80613 + L_Div: 0.00000 + L_Morse: 0.26259
Epoch: 0 [8690/10000 (87%)] Unweighted L_s : L_Mnfld: 0.00069,  L_NonMnfld: 0.01712,  L_Nrml: 0.00000,  L_Eknl: 0.05612, L_Morse: 2.62590

Weights: [7000.0, 600.0, 0, 50.0, 0.0, 0.1], lr=5.000e-05
Epoch: 0 [8700/10000 (87%)] Loss: 19.75775 = L_Mnfld: 5.09611 + L_NonMnfld: 11.60941 + L_Nrml: 0.00000 + L_Eknl: 2.78823 + L_Div: 0.00000 + L_Morse: 0.26401
Epoch: 0 [8700/10000 (87%)] Unweighted L_s : L_Mnfld: 0.00073,  L_NonMnfld: 0.01935,  L_Nrml: 0.00000,  L_Eknl: 0.05576, L_Morse: 2.64006

Weights: [7000.0, 600.0, 0, 50.0, 0.0, 0.1], lr=5.000e-05
Epoch: 0 [8710/10000 (87%)] Loss: 20.75066 = L_Mnfld: 5.30858 + L_NonMnfld: 12.44839 + L_Nrml: 0.00000 + L_Eknl: 2.73039 + L_Div: 0.00000 + L_Morse: 0.26330
Epoch: 0 [8710/10000 (87%)] Unweighted L_s : L_Mnfld: 0.00076,  L_NonMnfld: 0.02075,  L_Nrml: 0.00000,  L_Eknl: 0.05461, L_Morse: 2.63298

Weights: [7000.0, 600.0, 0, 50.0, 0.0, 0.1], lr=5.000e-05
Epoch: 0 [8720/10000 (87%)] Loss: 19.97304 = L_Mnfld: 5.22778 + L_NonMnfld: 11.58550 + L_Nrml: 0.00000 + L_Eknl: 2.90530 + L_Div: 0.00000 + L_Morse: 0.25445
Epoch: 0 [8720/10000 (87%)] Unweighted L_s : L_Mnfld: 0.00075,  L_NonMnfld: 0.01931,  L_Nrml: 0.00000,  L_Eknl: 0.05811, L_Morse: 2.54453

Weights: [7000.0, 600.0, 0, 50.0, 0.0, 0.1], lr=5.000e-05
Epoch: 0 [8730/10000 (87%)] Loss: 20.56982 = L_Mnfld: 5.47887 + L_NonMnfld: 11.81050 + L_Nrml: 0.00000 + L_Eknl: 3.01171 + L_Div: 0.00000 + L_Morse: 0.26873
Epoch: 0 [8730/10000 (87%)] Unweighted L_s : L_Mnfld: 0.00078,  L_NonMnfld: 0.01968,  L_Nrml: 0.00000,  L_Eknl: 0.06023, L_Morse: 2.68734

Weights: [7000.0, 600.0, 0, 50.0, 0.0, 0.1], lr=5.000e-05
Epoch: 0 [8740/10000 (87%)] Loss: 20.09618 = L_Mnfld: 5.11619 + L_NonMnfld: 11.69596 + L_Nrml: 0.00000 + L_Eknl: 3.00268 + L_Div: 0.00000 + L_Morse: 0.28136
Epoch: 0 [8740/10000 (87%)] Unweighted L_s : L_Mnfld: 0.00073,  L_NonMnfld: 0.01949,  L_Nrml: 0.00000,  L_Eknl: 0.06005, L_Morse: 2.81357

Weights: [7000.0, 600.0, 0, 50.0, 0.0, 0.1], lr=5.000e-05
Epoch: 0 [8750/10000 (88%)] Loss: 20.10233 = L_Mnfld: 5.33306 + L_NonMnfld: 11.71101 + L_Nrml: 0.00000 + L_Eknl: 2.79460 + L_Div: 0.00000 + L_Morse: 0.26366
Epoch: 0 [8750/10000 (88%)] Unweighted L_s : L_Mnfld: 0.00076,  L_NonMnfld: 0.01952,  L_Nrml: 0.00000,  L_Eknl: 0.05589, L_Morse: 2.63656

Weights: [7000.0, 600.0, 0, 50.0, 0.0, 0.1], lr=5.000e-05
Epoch: 0 [8760/10000 (88%)] Loss: 19.73874 = L_Mnfld: 5.01140 + L_NonMnfld: 11.65444 + L_Nrml: 0.00000 + L_Eknl: 2.79118 + L_Div: 0.00000 + L_Morse: 0.28173
Epoch: 0 [8760/10000 (88%)] Unweighted L_s : L_Mnfld: 0.00072,  L_NonMnfld: 0.01942,  L_Nrml: 0.00000,  L_Eknl: 0.05582, L_Morse: 2.81729

Weights: [7000.0, 600.0, 0, 50.0, 0.0, 0.1], lr=5.000e-05
Epoch: 0 [8770/10000 (88%)] Loss: 20.83186 = L_Mnfld: 5.72007 + L_NonMnfld: 12.01140 + L_Nrml: 0.00000 + L_Eknl: 2.84179 + L_Div: 0.00000 + L_Morse: 0.25860
Epoch: 0 [8770/10000 (88%)] Unweighted L_s : L_Mnfld: 0.00082,  L_NonMnfld: 0.02002,  L_Nrml: 0.00000,  L_Eknl: 0.05684, L_Morse: 2.58598

Weights: [7000.0, 600.0, 0, 50.0, 0.0, 0.1], lr=5.000e-05
Epoch: 0 [8780/10000 (88%)] Loss: 21.92992 = L_Mnfld: 5.76197 + L_NonMnfld: 12.75505 + L_Nrml: 0.00000 + L_Eknl: 3.14721 + L_Div: 0.00000 + L_Morse: 0.26569
Epoch: 0 [8780/10000 (88%)] Unweighted L_s : L_Mnfld: 0.00082,  L_NonMnfld: 0.02126,  L_Nrml: 0.00000,  L_Eknl: 0.06294, L_Morse: 2.65687

Weights: [7000.0, 600.0, 0, 50.0, 0.0, 0.1], lr=5.000e-05
Epoch: 0 [8790/10000 (88%)] Loss: 20.78472 = L_Mnfld: 5.93233 + L_NonMnfld: 11.47981 + L_Nrml: 0.00000 + L_Eknl: 3.10944 + L_Div: 0.00000 + L_Morse: 0.26314
Epoch: 0 [8790/10000 (88%)] Unweighted L_s : L_Mnfld: 0.00085,  L_NonMnfld: 0.01913,  L_Nrml: 0.00000,  L_Eknl: 0.06219, L_Morse: 2.63144

Weights: [7000.0, 600.0, 0, 50.0, 0.0, 0.1], lr=5.000e-05
Epoch: 0 [8800/10000 (88%)] Loss: 21.33509 = L_Mnfld: 5.97700 + L_NonMnfld: 11.95384 + L_Nrml: 0.00000 + L_Eknl: 3.14964 + L_Div: 0.00000 + L_Morse: 0.25461
Epoch: 0 [8800/10000 (88%)] Unweighted L_s : L_Mnfld: 0.00085,  L_NonMnfld: 0.01992,  L_Nrml: 0.00000,  L_Eknl: 0.06299, L_Morse: 2.54607

Weights: [7000.0, 600.0, 0, 50.0, 0.0, 0.1], lr=5.000e-05
Epoch: 0 [8810/10000 (88%)] Loss: 21.80877 = L_Mnfld: 6.06727 + L_NonMnfld: 12.47967 + L_Nrml: 0.00000 + L_Eknl: 2.98396 + L_Div: 0.00000 + L_Morse: 0.27788
Epoch: 0 [8810/10000 (88%)] Unweighted L_s : L_Mnfld: 0.00087,  L_NonMnfld: 0.02080,  L_Nrml: 0.00000,  L_Eknl: 0.05968, L_Morse: 2.77876

Weights: [7000.0, 600.0, 0, 50.0, 0.0, 0.1], lr=5.000e-05
Epoch: 0 [8820/10000 (88%)] Loss: 21.16155 = L_Mnfld: 5.92706 + L_NonMnfld: 11.78737 + L_Nrml: 0.00000 + L_Eknl: 3.17703 + L_Div: 0.00000 + L_Morse: 0.27009
Epoch: 0 [8820/10000 (88%)] Unweighted L_s : L_Mnfld: 0.00085,  L_NonMnfld: 0.01965,  L_Nrml: 0.00000,  L_Eknl: 0.06354, L_Morse: 2.70085

Weights: [7000.0, 600.0, 0, 50.0, 0.0, 0.1], lr=5.000e-05
Epoch: 0 [8830/10000 (88%)] Loss: 21.14410 = L_Mnfld: 6.04145 + L_NonMnfld: 11.86847 + L_Nrml: 0.00000 + L_Eknl: 2.98203 + L_Div: 0.00000 + L_Morse: 0.25215
Epoch: 0 [8830/10000 (88%)] Unweighted L_s : L_Mnfld: 0.00086,  L_NonMnfld: 0.01978,  L_Nrml: 0.00000,  L_Eknl: 0.05964, L_Morse: 2.52147

Weights: [7000.0, 600.0, 0, 50.0, 0.0, 0.1], lr=5.000e-05
Epoch: 0 [8840/10000 (88%)] Loss: 22.43772 = L_Mnfld: 6.47217 + L_NonMnfld: 12.49128 + L_Nrml: 0.00000 + L_Eknl: 3.21790 + L_Div: 0.00000 + L_Morse: 0.25637
Epoch: 0 [8840/10000 (88%)] Unweighted L_s : L_Mnfld: 0.00092,  L_NonMnfld: 0.02082,  L_Nrml: 0.00000,  L_Eknl: 0.06436, L_Morse: 2.56371

Weights: [7000.0, 600.0, 0, 50.0, 0.0, 0.1], lr=5.000e-05
Epoch: 0 [8850/10000 (88%)] Loss: 20.86692 = L_Mnfld: 5.53367 + L_NonMnfld: 12.04535 + L_Nrml: 0.00000 + L_Eknl: 3.01131 + L_Div: 0.00000 + L_Morse: 0.27658
Epoch: 0 [8850/10000 (88%)] Unweighted L_s : L_Mnfld: 0.00079,  L_NonMnfld: 0.02008,  L_Nrml: 0.00000,  L_Eknl: 0.06023, L_Morse: 2.76583

Weights: [7000.0, 600.0, 0, 50.0, 0.0, 0.1], lr=5.000e-05
Epoch: 0 [8860/10000 (89%)] Loss: 19.91630 = L_Mnfld: 5.49429 + L_NonMnfld: 11.37732 + L_Nrml: 0.00000 + L_Eknl: 2.78435 + L_Div: 0.00000 + L_Morse: 0.26033
Epoch: 0 [8860/10000 (89%)] Unweighted L_s : L_Mnfld: 0.00078,  L_NonMnfld: 0.01896,  L_Nrml: 0.00000,  L_Eknl: 0.05569, L_Morse: 2.60334

Weights: [7000.0, 600.0, 0, 50.0, 0.0, 0.1], lr=5.000e-05
Epoch: 0 [8870/10000 (89%)] Loss: 18.78517 = L_Mnfld: 5.18288 + L_NonMnfld: 10.47489 + L_Nrml: 0.00000 + L_Eknl: 2.87048 + L_Div: 0.00000 + L_Morse: 0.25692
Epoch: 0 [8870/10000 (89%)] Unweighted L_s : L_Mnfld: 0.00074,  L_NonMnfld: 0.01746,  L_Nrml: 0.00000,  L_Eknl: 0.05741, L_Morse: 2.56918

Weights: [7000.0, 600.0, 0, 50.0, 0.0, 0.1], lr=5.000e-05
Epoch: 0 [8880/10000 (89%)] Loss: 21.76861 = L_Mnfld: 5.49429 + L_NonMnfld: 12.84278 + L_Nrml: 0.00000 + L_Eknl: 3.17959 + L_Div: 0.00000 + L_Morse: 0.25195
Epoch: 0 [8880/10000 (89%)] Unweighted L_s : L_Mnfld: 0.00078,  L_NonMnfld: 0.02140,  L_Nrml: 0.00000,  L_Eknl: 0.06359, L_Morse: 2.51948

Weights: [7000.0, 600.0, 0, 50.0, 0.0, 0.1], lr=5.000e-05
Epoch: 0 [8890/10000 (89%)] Loss: 20.96556 = L_Mnfld: 5.25873 + L_NonMnfld: 12.39012 + L_Nrml: 0.00000 + L_Eknl: 3.06554 + L_Div: 0.00000 + L_Morse: 0.25118
Epoch: 0 [8890/10000 (89%)] Unweighted L_s : L_Mnfld: 0.00075,  L_NonMnfld: 0.02065,  L_Nrml: 0.00000,  L_Eknl: 0.06131, L_Morse: 2.51182

Weights: [7000.0, 600.0, 0, 50.0, 0.0, 0.1], lr=5.000e-05
Epoch: 0 [8900/10000 (89%)] Loss: 20.61510 = L_Mnfld: 5.93323 + L_NonMnfld: 11.29970 + L_Nrml: 0.00000 + L_Eknl: 3.11231 + L_Div: 0.00000 + L_Morse: 0.26987
Epoch: 0 [8900/10000 (89%)] Unweighted L_s : L_Mnfld: 0.00085,  L_NonMnfld: 0.01883,  L_Nrml: 0.00000,  L_Eknl: 0.06225, L_Morse: 2.69868

Weights: [7000.0, 600.0, 0, 50.0, 0.0, 0.1], lr=5.000e-05
Epoch: 0 [8910/10000 (89%)] Loss: 21.04862 = L_Mnfld: 6.21514 + L_NonMnfld: 11.60569 + L_Nrml: 0.00000 + L_Eknl: 2.96442 + L_Div: 0.00000 + L_Morse: 0.26337
Epoch: 0 [8910/10000 (89%)] Unweighted L_s : L_Mnfld: 0.00089,  L_NonMnfld: 0.01934,  L_Nrml: 0.00000,  L_Eknl: 0.05929, L_Morse: 2.63374

Weights: [7000.0, 600.0, 0, 50.0, 0.0, 0.1], lr=5.000e-05
Epoch: 0 [8920/10000 (89%)] Loss: 20.43774 = L_Mnfld: 5.77761 + L_NonMnfld: 11.47718 + L_Nrml: 0.00000 + L_Eknl: 2.92543 + L_Div: 0.00000 + L_Morse: 0.25752
Epoch: 0 [8920/10000 (89%)] Unweighted L_s : L_Mnfld: 0.00083,  L_NonMnfld: 0.01913,  L_Nrml: 0.00000,  L_Eknl: 0.05851, L_Morse: 2.57516

Weights: [7000.0, 600.0, 0, 50.0, 0.0, 0.1], lr=5.000e-05
Epoch: 0 [8930/10000 (89%)] Loss: 20.21412 = L_Mnfld: 5.30145 + L_NonMnfld: 11.73514 + L_Nrml: 0.00000 + L_Eknl: 2.89919 + L_Div: 0.00000 + L_Morse: 0.27833
Epoch: 0 [8930/10000 (89%)] Unweighted L_s : L_Mnfld: 0.00076,  L_NonMnfld: 0.01956,  L_Nrml: 0.00000,  L_Eknl: 0.05798, L_Morse: 2.78334

Weights: [7000.0, 600.0, 0, 50.0, 0.0, 0.1], lr=5.000e-05
Epoch: 0 [8940/10000 (89%)] Loss: 20.41432 = L_Mnfld: 5.33011 + L_NonMnfld: 12.00206 + L_Nrml: 0.00000 + L_Eknl: 2.81181 + L_Div: 0.00000 + L_Morse: 0.27035
Epoch: 0 [8940/10000 (89%)] Unweighted L_s : L_Mnfld: 0.00076,  L_NonMnfld: 0.02000,  L_Nrml: 0.00000,  L_Eknl: 0.05624, L_Morse: 2.70346

Weights: [7000.0, 600.0, 0, 50.0, 0.0, 0.1], lr=5.000e-05
Epoch: 0 [8950/10000 (90%)] Loss: 20.10546 = L_Mnfld: 5.64484 + L_NonMnfld: 11.51418 + L_Nrml: 0.00000 + L_Eknl: 2.69000 + L_Div: 0.00000 + L_Morse: 0.25644
Epoch: 0 [8950/10000 (90%)] Unweighted L_s : L_Mnfld: 0.00081,  L_NonMnfld: 0.01919,  L_Nrml: 0.00000,  L_Eknl: 0.05380, L_Morse: 2.56438

Weights: [7000.0, 600.0, 0, 50.0, 0.0, 0.1], lr=5.000e-05
Epoch: 0 [8960/10000 (90%)] Loss: 20.35227 = L_Mnfld: 5.20631 + L_NonMnfld: 11.94690 + L_Nrml: 0.00000 + L_Eknl: 2.93270 + L_Div: 0.00000 + L_Morse: 0.26637
Epoch: 0 [8960/10000 (90%)] Unweighted L_s : L_Mnfld: 0.00074,  L_NonMnfld: 0.01991,  L_Nrml: 0.00000,  L_Eknl: 0.05865, L_Morse: 2.66366

Weights: [7000.0, 600.0, 0, 50.0, 0.0, 0.1], lr=5.000e-05
Epoch: 0 [8970/10000 (90%)] Loss: 20.03534 = L_Mnfld: 5.49829 + L_NonMnfld: 11.38224 + L_Nrml: 0.00000 + L_Eknl: 2.89119 + L_Div: 0.00000 + L_Morse: 0.26361
Epoch: 0 [8970/10000 (90%)] Unweighted L_s : L_Mnfld: 0.00079,  L_NonMnfld: 0.01897,  L_Nrml: 0.00000,  L_Eknl: 0.05782, L_Morse: 2.63613

Weights: [7000.0, 600.0, 0, 50.0, 0.0, 0.1], lr=5.000e-05
Epoch: 0 [8980/10000 (90%)] Loss: 20.30182 = L_Mnfld: 5.20795 + L_NonMnfld: 12.00270 + L_Nrml: 0.00000 + L_Eknl: 2.81096 + L_Div: 0.00000 + L_Morse: 0.28021
Epoch: 0 [8980/10000 (90%)] Unweighted L_s : L_Mnfld: 0.00074,  L_NonMnfld: 0.02000,  L_Nrml: 0.00000,  L_Eknl: 0.05622, L_Morse: 2.80208

Weights: [7000.0, 600.0, 0, 50.0, 0.0, 0.1], lr=5.000e-05
Epoch: 0 [8990/10000 (90%)] Loss: 21.38984 = L_Mnfld: 5.57631 + L_NonMnfld: 12.69186 + L_Nrml: 0.00000 + L_Eknl: 2.85255 + L_Div: 0.00000 + L_Morse: 0.26912
Epoch: 0 [8990/10000 (90%)] Unweighted L_s : L_Mnfld: 0.00080,  L_NonMnfld: 0.02115,  L_Nrml: 0.00000,  L_Eknl: 0.05705, L_Morse: 2.69122

Weights: [7000.0, 600.0, 0, 50.0, 0.0, 0.1], lr=5.000e-05
Epoch: 0 [9000/10000 (90%)] Loss: 21.23684 = L_Mnfld: 5.95060 + L_NonMnfld: 11.59094 + L_Nrml: 0.00000 + L_Eknl: 3.42448 + L_Div: 0.00000 + L_Morse: 0.27082
Epoch: 0 [9000/10000 (90%)] Unweighted L_s : L_Mnfld: 0.00085,  L_NonMnfld: 0.01932,  L_Nrml: 0.00000,  L_Eknl: 0.06849, L_Morse: 2.70820

Weights: [7000.0, 600.0, 0, 50.0, 0.0, 0.1], lr=5.000e-05
Epoch: 0 [9010/10000 (90%)] Loss: 21.76203 = L_Mnfld: 5.89759 + L_NonMnfld: 12.61220 + L_Nrml: 0.00000 + L_Eknl: 2.98181 + L_Div: 0.00000 + L_Morse: 0.27044
Epoch: 0 [9010/10000 (90%)] Unweighted L_s : L_Mnfld: 0.00084,  L_NonMnfld: 0.02102,  L_Nrml: 0.00000,  L_Eknl: 0.05964, L_Morse: 2.70437

Weights: [7000.0, 600.0, 0, 50.0, 0.0, 0.1], lr=5.000e-05
Epoch: 0 [9020/10000 (90%)] Loss: 20.48637 = L_Mnfld: 5.71816 + L_NonMnfld: 11.48993 + L_Nrml: 0.00000 + L_Eknl: 2.99861 + L_Div: 0.00000 + L_Morse: 0.27967
Epoch: 0 [9020/10000 (90%)] Unweighted L_s : L_Mnfld: 0.00082,  L_NonMnfld: 0.01915,  L_Nrml: 0.00000,  L_Eknl: 0.05997, L_Morse: 2.79670

Weights: [7000.0, 600.0, 0, 50.0, 0.0, 0.1], lr=5.000e-05
Epoch: 0 [9030/10000 (90%)] Loss: 21.05383 = L_Mnfld: 6.07179 + L_NonMnfld: 11.80776 + L_Nrml: 0.00000 + L_Eknl: 2.92141 + L_Div: 0.00000 + L_Morse: 0.25288
Epoch: 0 [9030/10000 (90%)] Unweighted L_s : L_Mnfld: 0.00087,  L_NonMnfld: 0.01968,  L_Nrml: 0.00000,  L_Eknl: 0.05843, L_Morse: 2.52881

Weights: [7000.0, 600.0, 0, 50.0, 0.0, 0.1], lr=5.000e-05
Epoch: 0 [9040/10000 (90%)] Loss: 20.32484 = L_Mnfld: 5.56734 + L_NonMnfld: 11.44722 + L_Nrml: 0.00000 + L_Eknl: 3.02795 + L_Div: 0.00000 + L_Morse: 0.28233
Epoch: 0 [9040/10000 (90%)] Unweighted L_s : L_Mnfld: 0.00080,  L_NonMnfld: 0.01908,  L_Nrml: 0.00000,  L_Eknl: 0.06056, L_Morse: 2.82329

Weights: [7000.0, 600.0, 0, 50.0, 0.0, 0.1], lr=5.000e-05
Epoch: 0 [9050/10000 (90%)] Loss: 19.18827 = L_Mnfld: 5.07281 + L_NonMnfld: 11.10033 + L_Nrml: 0.00000 + L_Eknl: 2.74867 + L_Div: 0.00000 + L_Morse: 0.26647
Epoch: 0 [9050/10000 (90%)] Unweighted L_s : L_Mnfld: 0.00072,  L_NonMnfld: 0.01850,  L_Nrml: 0.00000,  L_Eknl: 0.05497, L_Morse: 2.66472

Weights: [7000.0, 600.0, 0, 50.0, 0.0, 0.1], lr=5.000e-05
Epoch: 0 [9060/10000 (91%)] Loss: 21.33536 = L_Mnfld: 5.33458 + L_NonMnfld: 12.83324 + L_Nrml: 0.00000 + L_Eknl: 2.90863 + L_Div: 0.00000 + L_Morse: 0.25892
Epoch: 0 [9060/10000 (91%)] Unweighted L_s : L_Mnfld: 0.00076,  L_NonMnfld: 0.02139,  L_Nrml: 0.00000,  L_Eknl: 0.05817, L_Morse: 2.58919

Weights: [7000.0, 600.0, 0, 50.0, 0.0, 0.1], lr=5.000e-05
Epoch: 0 [9070/10000 (91%)] Loss: 20.34244 = L_Mnfld: 5.92759 + L_NonMnfld: 10.97810 + L_Nrml: 0.00000 + L_Eknl: 3.17022 + L_Div: 0.00000 + L_Morse: 0.26653
Epoch: 0 [9070/10000 (91%)] Unweighted L_s : L_Mnfld: 0.00085,  L_NonMnfld: 0.01830,  L_Nrml: 0.00000,  L_Eknl: 0.06340, L_Morse: 2.66534

Weights: [7000.0, 600.0, 0, 50.0, 0.0, 0.1], lr=5.000e-05
Epoch: 0 [9080/10000 (91%)] Loss: 20.16769 = L_Mnfld: 5.69515 + L_NonMnfld: 11.17434 + L_Nrml: 0.00000 + L_Eknl: 3.03666 + L_Div: 0.00000 + L_Morse: 0.26155
Epoch: 0 [9080/10000 (91%)] Unweighted L_s : L_Mnfld: 0.00081,  L_NonMnfld: 0.01862,  L_Nrml: 0.00000,  L_Eknl: 0.06073, L_Morse: 2.61545

Weights: [7000.0, 600.0, 0, 50.0, 0.0, 0.1], lr=5.000e-05
Epoch: 0 [9090/10000 (91%)] Loss: 20.49219 = L_Mnfld: 5.74033 + L_NonMnfld: 11.55409 + L_Nrml: 0.00000 + L_Eknl: 2.91673 + L_Div: 0.00000 + L_Morse: 0.28104
Epoch: 0 [9090/10000 (91%)] Unweighted L_s : L_Mnfld: 0.00082,  L_NonMnfld: 0.01926,  L_Nrml: 0.00000,  L_Eknl: 0.05833, L_Morse: 2.81038

Weights: [7000.0, 600.0, 0, 50.0, 0.0, 0.1], lr=5.000e-05
Epoch: 0 [9100/10000 (91%)] Loss: 21.27678 = L_Mnfld: 5.16973 + L_NonMnfld: 12.91105 + L_Nrml: 0.00000 + L_Eknl: 2.94734 + L_Div: 0.00000 + L_Morse: 0.24866
Epoch: 0 [9100/10000 (91%)] Unweighted L_s : L_Mnfld: 0.00074,  L_NonMnfld: 0.02152,  L_Nrml: 0.00000,  L_Eknl: 0.05895, L_Morse: 2.48659

Weights: [7000.0, 600.0, 0, 50.0, 0.0, 0.1], lr=5.000e-05
Epoch: 0 [9110/10000 (91%)] Loss: 20.39322 = L_Mnfld: 5.67042 + L_NonMnfld: 11.51414 + L_Nrml: 0.00000 + L_Eknl: 2.91961 + L_Div: 0.00000 + L_Morse: 0.28905
Epoch: 0 [9110/10000 (91%)] Unweighted L_s : L_Mnfld: 0.00081,  L_NonMnfld: 0.01919,  L_Nrml: 0.00000,  L_Eknl: 0.05839, L_Morse: 2.89050

Weights: [7000.0, 600.0, 0, 50.0, 0.0, 0.1], lr=5.000e-05
Epoch: 0 [9120/10000 (91%)] Loss: 19.85452 = L_Mnfld: 5.45924 + L_NonMnfld: 11.15197 + L_Nrml: 0.00000 + L_Eknl: 2.97799 + L_Div: 0.00000 + L_Morse: 0.26533
Epoch: 0 [9120/10000 (91%)] Unweighted L_s : L_Mnfld: 0.00078,  L_NonMnfld: 0.01859,  L_Nrml: 0.00000,  L_Eknl: 0.05956, L_Morse: 2.65326

Weights: [7000.0, 600.0, 0, 50.0, 0.0, 0.1], lr=5.000e-05
Epoch: 0 [9130/10000 (91%)] Loss: 19.63958 = L_Mnfld: 5.19736 + L_NonMnfld: 11.09337 + L_Nrml: 0.00000 + L_Eknl: 3.08291 + L_Div: 0.00000 + L_Morse: 0.26594
Epoch: 0 [9130/10000 (91%)] Unweighted L_s : L_Mnfld: 0.00074,  L_NonMnfld: 0.01849,  L_Nrml: 0.00000,  L_Eknl: 0.06166, L_Morse: 2.65940

Weights: [7000.0, 600.0, 0, 50.0, 0.0, 0.1], lr=5.000e-05
Epoch: 0 [9140/10000 (91%)] Loss: 20.75137 = L_Mnfld: 5.36774 + L_NonMnfld: 12.10328 + L_Nrml: 0.00000 + L_Eknl: 3.01707 + L_Div: 0.00000 + L_Morse: 0.26328
Epoch: 0 [9140/10000 (91%)] Unweighted L_s : L_Mnfld: 0.00077,  L_NonMnfld: 0.02017,  L_Nrml: 0.00000,  L_Eknl: 0.06034, L_Morse: 2.63284

Weights: [7000.0, 600.0, 0, 50.0, 0.0, 0.1], lr=5.000e-05
Epoch: 0 [9150/10000 (92%)] Loss: 20.43035 = L_Mnfld: 5.82709 + L_NonMnfld: 11.10102 + L_Nrml: 0.00000 + L_Eknl: 3.23414 + L_Div: 0.00000 + L_Morse: 0.26810
Epoch: 0 [9150/10000 (92%)] Unweighted L_s : L_Mnfld: 0.00083,  L_NonMnfld: 0.01850,  L_Nrml: 0.00000,  L_Eknl: 0.06468, L_Morse: 2.68104

Weights: [7000.0, 600.0, 0, 50.0, 0.0, 0.1], lr=5.000e-05
Epoch: 0 [9160/10000 (92%)] Loss: 21.17602 = L_Mnfld: 6.00405 + L_NonMnfld: 11.89035 + L_Nrml: 0.00000 + L_Eknl: 2.98757 + L_Div: 0.00000 + L_Morse: 0.29404
Epoch: 0 [9160/10000 (92%)] Unweighted L_s : L_Mnfld: 0.00086,  L_NonMnfld: 0.01982,  L_Nrml: 0.00000,  L_Eknl: 0.05975, L_Morse: 2.94042

Weights: [7000.0, 600.0, 0, 50.0, 0.0, 0.1], lr=5.000e-05
Epoch: 0 [9170/10000 (92%)] Loss: 19.63565 = L_Mnfld: 5.26786 + L_NonMnfld: 11.17088 + L_Nrml: 0.00000 + L_Eknl: 2.93013 + L_Div: 0.00000 + L_Morse: 0.26678
Epoch: 0 [9170/10000 (92%)] Unweighted L_s : L_Mnfld: 0.00075,  L_NonMnfld: 0.01862,  L_Nrml: 0.00000,  L_Eknl: 0.05860, L_Morse: 2.66780

Weights: [7000.0, 600.0, 0, 50.0, 0.0, 0.1], lr=5.000e-05
Epoch: 0 [9180/10000 (92%)] Loss: 19.69526 = L_Mnfld: 5.29938 + L_NonMnfld: 11.08997 + L_Nrml: 0.00000 + L_Eknl: 3.02060 + L_Div: 0.00000 + L_Morse: 0.28532
Epoch: 0 [9180/10000 (92%)] Unweighted L_s : L_Mnfld: 0.00076,  L_NonMnfld: 0.01848,  L_Nrml: 0.00000,  L_Eknl: 0.06041, L_Morse: 2.85316

Weights: [7000.0, 600.0, 0, 50.0, 0.0, 0.1], lr=5.000e-05
Epoch: 0 [9190/10000 (92%)] Loss: 20.42376 = L_Mnfld: 5.41789 + L_NonMnfld: 11.43773 + L_Nrml: 0.00000 + L_Eknl: 3.29979 + L_Div: 0.00000 + L_Morse: 0.26835
Epoch: 0 [9190/10000 (92%)] Unweighted L_s : L_Mnfld: 0.00077,  L_NonMnfld: 0.01906,  L_Nrml: 0.00000,  L_Eknl: 0.06600, L_Morse: 2.68354

Weights: [7000.0, 600.0, 0, 50.0, 0.0, 0.1], lr=5.000e-05
Epoch: 0 [9200/10000 (92%)] Loss: 20.37733 = L_Mnfld: 5.40518 + L_NonMnfld: 11.84038 + L_Nrml: 0.00000 + L_Eknl: 2.86402 + L_Div: 0.00000 + L_Morse: 0.26775
Epoch: 0 [9200/10000 (92%)] Unweighted L_s : L_Mnfld: 0.00077,  L_NonMnfld: 0.01973,  L_Nrml: 0.00000,  L_Eknl: 0.05728, L_Morse: 2.67750

Weights: [7000.0, 600.0, 0, 50.0, 0.0, 0.1], lr=5.000e-05
Epoch: 0 [9210/10000 (92%)] Loss: 22.23031 = L_Mnfld: 6.93405 + L_NonMnfld: 11.42245 + L_Nrml: 0.00000 + L_Eknl: 3.60371 + L_Div: 0.00000 + L_Morse: 0.27010
Epoch: 0 [9210/10000 (92%)] Unweighted L_s : L_Mnfld: 0.00099,  L_NonMnfld: 0.01904,  L_Nrml: 0.00000,  L_Eknl: 0.07207, L_Morse: 2.70098

Weights: [7000.0, 600.0, 0, 50.0, 0.0, 0.1], lr=5.000e-05
Epoch: 0 [9220/10000 (92%)] Loss: 21.48359 = L_Mnfld: 6.03413 + L_NonMnfld: 11.60630 + L_Nrml: 0.00000 + L_Eknl: 3.57073 + L_Div: 0.00000 + L_Morse: 0.27244
Epoch: 0 [9220/10000 (92%)] Unweighted L_s : L_Mnfld: 0.00086,  L_NonMnfld: 0.01934,  L_Nrml: 0.00000,  L_Eknl: 0.07141, L_Morse: 2.72435

Weights: [7000.0, 600.0, 0, 50.0, 0.0, 0.1], lr=5.000e-05
Epoch: 0 [9230/10000 (92%)] Loss: 21.81156 = L_Mnfld: 6.17629 + L_NonMnfld: 11.83031 + L_Nrml: 0.00000 + L_Eknl: 3.53321 + L_Div: 0.00000 + L_Morse: 0.27174
Epoch: 0 [9230/10000 (92%)] Unweighted L_s : L_Mnfld: 0.00088,  L_NonMnfld: 0.01972,  L_Nrml: 0.00000,  L_Eknl: 0.07066, L_Morse: 2.71743

Weights: [7000.0, 600.0, 0, 50.0, 0.0, 0.1], lr=5.000e-05
Epoch: 0 [9240/10000 (92%)] Loss: 22.77166 = L_Mnfld: 7.22491 + L_NonMnfld: 11.71735 + L_Nrml: 0.00000 + L_Eknl: 3.56750 + L_Div: 0.00000 + L_Morse: 0.26191
Epoch: 0 [9240/10000 (92%)] Unweighted L_s : L_Mnfld: 0.00103,  L_NonMnfld: 0.01953,  L_Nrml: 0.00000,  L_Eknl: 0.07135, L_Morse: 2.61911

Weights: [7000.0, 600.0, 0, 50.0, 0.0, 0.1], lr=5.000e-05
Epoch: 0 [9250/10000 (92%)] Loss: 20.42841 = L_Mnfld: 5.61553 + L_NonMnfld: 11.23155 + L_Nrml: 0.00000 + L_Eknl: 3.28503 + L_Div: 0.00000 + L_Morse: 0.29630
Epoch: 0 [9250/10000 (92%)] Unweighted L_s : L_Mnfld: 0.00080,  L_NonMnfld: 0.01872,  L_Nrml: 0.00000,  L_Eknl: 0.06570, L_Morse: 2.96296

Weights: [7000.0, 600.0, 0, 50.0, 0.0, 0.1], lr=5.000e-05
Epoch: 0 [9260/10000 (93%)] Loss: 20.18511 = L_Mnfld: 5.60814 + L_NonMnfld: 11.07501 + L_Nrml: 0.00000 + L_Eknl: 3.21811 + L_Div: 0.00000 + L_Morse: 0.28384
Epoch: 0 [9260/10000 (93%)] Unweighted L_s : L_Mnfld: 0.00080,  L_NonMnfld: 0.01846,  L_Nrml: 0.00000,  L_Eknl: 0.06436, L_Morse: 2.83843

Weights: [7000.0, 600.0, 0, 50.0, 0.0, 0.1], lr=5.000e-05
Epoch: 0 [9270/10000 (93%)] Loss: 20.44470 = L_Mnfld: 5.38266 + L_NonMnfld: 11.29245 + L_Nrml: 0.00000 + L_Eknl: 3.49186 + L_Div: 0.00000 + L_Morse: 0.27773
Epoch: 0 [9270/10000 (93%)] Unweighted L_s : L_Mnfld: 0.00077,  L_NonMnfld: 0.01882,  L_Nrml: 0.00000,  L_Eknl: 0.06984, L_Morse: 2.77732

Weights: [7000.0, 600.0, 0, 50.0, 0.0, 0.1], lr=5.000e-05
Epoch: 0 [9280/10000 (93%)] Loss: 20.73391 = L_Mnfld: 5.75279 + L_NonMnfld: 11.65227 + L_Nrml: 0.00000 + L_Eknl: 3.04633 + L_Div: 0.00000 + L_Morse: 0.28253
Epoch: 0 [9280/10000 (93%)] Unweighted L_s : L_Mnfld: 0.00082,  L_NonMnfld: 0.01942,  L_Nrml: 0.00000,  L_Eknl: 0.06093, L_Morse: 2.82527

Weights: [7000.0, 600.0, 0, 50.0, 0.0, 0.1], lr=5.000e-05
Epoch: 0 [9290/10000 (93%)] Loss: 19.25568 = L_Mnfld: 5.78748 + L_NonMnfld: 10.28873 + L_Nrml: 0.00000 + L_Eknl: 2.91150 + L_Div: 0.00000 + L_Morse: 0.26797
Epoch: 0 [9290/10000 (93%)] Unweighted L_s : L_Mnfld: 0.00083,  L_NonMnfld: 0.01715,  L_Nrml: 0.00000,  L_Eknl: 0.05823, L_Morse: 2.67973

Weights: [7000.0, 600.0, 0, 50.0, 0.0, 0.1], lr=5.000e-05
Epoch: 0 [9300/10000 (93%)] Loss: 21.68908 = L_Mnfld: 6.18395 + L_NonMnfld: 12.36129 + L_Nrml: 0.00000 + L_Eknl: 2.88779 + L_Div: 0.00000 + L_Morse: 0.25605
Epoch: 0 [9300/10000 (93%)] Unweighted L_s : L_Mnfld: 0.00088,  L_NonMnfld: 0.02060,  L_Nrml: 0.00000,  L_Eknl: 0.05776, L_Morse: 2.56055

Weights: [7000.0, 600.0, 0, 50.0, 0.0, 0.1], lr=5.000e-05
Epoch: 0 [9310/10000 (93%)] Loss: 21.01343 = L_Mnfld: 5.67847 + L_NonMnfld: 12.18421 + L_Nrml: 0.00000 + L_Eknl: 2.88850 + L_Div: 0.00000 + L_Morse: 0.26225
Epoch: 0 [9310/10000 (93%)] Unweighted L_s : L_Mnfld: 0.00081,  L_NonMnfld: 0.02031,  L_Nrml: 0.00000,  L_Eknl: 0.05777, L_Morse: 2.62247

Weights: [7000.0, 600.0, 0, 50.0, 0.0, 0.1], lr=5.000e-05
Epoch: 0 [9320/10000 (93%)] Loss: 20.26948 = L_Mnfld: 5.76884 + L_NonMnfld: 11.14085 + L_Nrml: 0.00000 + L_Eknl: 3.08109 + L_Div: 0.00000 + L_Morse: 0.27870
Epoch: 0 [9320/10000 (93%)] Unweighted L_s : L_Mnfld: 0.00082,  L_NonMnfld: 0.01857,  L_Nrml: 0.00000,  L_Eknl: 0.06162, L_Morse: 2.78696

Weights: [7000.0, 600.0, 0, 50.0, 0.0, 0.1], lr=5.000e-05
Epoch: 0 [9330/10000 (93%)] Loss: 20.60357 = L_Mnfld: 6.04945 + L_NonMnfld: 11.42505 + L_Nrml: 0.00000 + L_Eknl: 2.87080 + L_Div: 0.00000 + L_Morse: 0.25827
Epoch: 0 [9330/10000 (93%)] Unweighted L_s : L_Mnfld: 0.00086,  L_NonMnfld: 0.01904,  L_Nrml: 0.00000,  L_Eknl: 0.05742, L_Morse: 2.58272

Weights: [7000.0, 600.0, 0, 50.0, 0.0, 0.1], lr=5.000e-05
Epoch: 0 [9340/10000 (93%)] Loss: 20.68905 = L_Mnfld: 5.28101 + L_NonMnfld: 12.21302 + L_Nrml: 0.00000 + L_Eknl: 2.93123 + L_Div: 0.00000 + L_Morse: 0.26378
Epoch: 0 [9340/10000 (93%)] Unweighted L_s : L_Mnfld: 0.00075,  L_NonMnfld: 0.02036,  L_Nrml: 0.00000,  L_Eknl: 0.05862, L_Morse: 2.63780

Weights: [7000.0, 600.0, 0, 50.0, 0.0, 0.1], lr=5.000e-05
Epoch: 0 [9350/10000 (94%)] Loss: 19.00071 = L_Mnfld: 5.30355 + L_NonMnfld: 10.62072 + L_Nrml: 0.00000 + L_Eknl: 2.81908 + L_Div: 0.00000 + L_Morse: 0.25737
Epoch: 0 [9350/10000 (94%)] Unweighted L_s : L_Mnfld: 0.00076,  L_NonMnfld: 0.01770,  L_Nrml: 0.00000,  L_Eknl: 0.05638, L_Morse: 2.57369

Weights: [7000.0, 600.0, 0, 50.0, 0.0, 0.1], lr=5.000e-05
Epoch: 0 [9360/10000 (94%)] Loss: 20.30741 = L_Mnfld: 5.77920 + L_NonMnfld: 11.18913 + L_Nrml: 0.00000 + L_Eknl: 3.07103 + L_Div: 0.00000 + L_Morse: 0.26805
Epoch: 0 [9360/10000 (94%)] Unweighted L_s : L_Mnfld: 0.00083,  L_NonMnfld: 0.01865,  L_Nrml: 0.00000,  L_Eknl: 0.06142, L_Morse: 2.68053

Weights: [7000.0, 600.0, 0, 50.0, 0.0, 0.1], lr=5.000e-05
Epoch: 0 [9370/10000 (94%)] Loss: 19.29138 = L_Mnfld: 5.00740 + L_NonMnfld: 11.10121 + L_Nrml: 0.00000 + L_Eknl: 2.90787 + L_Div: 0.00000 + L_Morse: 0.27489
Epoch: 0 [9370/10000 (94%)] Unweighted L_s : L_Mnfld: 0.00072,  L_NonMnfld: 0.01850,  L_Nrml: 0.00000,  L_Eknl: 0.05816, L_Morse: 2.74891

Weights: [7000.0, 600.0, 0, 50.0, 0.0, 0.1], lr=5.000e-05
Epoch: 0 [9380/10000 (94%)] Loss: 19.79594 = L_Mnfld: 5.94483 + L_NonMnfld: 10.54728 + L_Nrml: 0.00000 + L_Eknl: 3.03696 + L_Div: 0.00000 + L_Morse: 0.26686
Epoch: 0 [9380/10000 (94%)] Unweighted L_s : L_Mnfld: 0.00085,  L_NonMnfld: 0.01758,  L_Nrml: 0.00000,  L_Eknl: 0.06074, L_Morse: 2.66864

Weights: [7000.0, 600.0, 0, 50.0, 0.0, 0.1], lr=5.000e-05
Epoch: 0 [9390/10000 (94%)] Loss: 19.53561 = L_Mnfld: 5.39725 + L_NonMnfld: 11.01824 + L_Nrml: 0.00000 + L_Eknl: 2.84920 + L_Div: 0.00000 + L_Morse: 0.27092
Epoch: 0 [9390/10000 (94%)] Unweighted L_s : L_Mnfld: 0.00077,  L_NonMnfld: 0.01836,  L_Nrml: 0.00000,  L_Eknl: 0.05698, L_Morse: 2.70916

Weights: [7000.0, 600.0, 0, 50.0, 0.0, 0.1], lr=5.000e-05
Epoch: 0 [9400/10000 (94%)] Loss: 19.19728 = L_Mnfld: 5.10072 + L_NonMnfld: 10.94619 + L_Nrml: 0.00000 + L_Eknl: 2.89574 + L_Div: 0.00000 + L_Morse: 0.25462
Epoch: 0 [9400/10000 (94%)] Unweighted L_s : L_Mnfld: 0.00073,  L_NonMnfld: 0.01824,  L_Nrml: 0.00000,  L_Eknl: 0.05791, L_Morse: 2.54621

Weights: [7000.0, 600.0, 0, 50.0, 0.0, 0.1], lr=5.000e-05
Epoch: 0 [9410/10000 (94%)] Loss: 20.20395 = L_Mnfld: 5.81511 + L_NonMnfld: 11.23356 + L_Nrml: 0.00000 + L_Eknl: 2.88486 + L_Div: 0.00000 + L_Morse: 0.27041
Epoch: 0 [9410/10000 (94%)] Unweighted L_s : L_Mnfld: 0.00083,  L_NonMnfld: 0.01872,  L_Nrml: 0.00000,  L_Eknl: 0.05770, L_Morse: 2.70408

Weights: [7000.0, 600.0, 0, 50.0, 0.0, 0.1], lr=5.000e-05
Epoch: 0 [9420/10000 (94%)] Loss: 19.54757 = L_Mnfld: 5.35987 + L_NonMnfld: 11.07462 + L_Nrml: 0.00000 + L_Eknl: 2.84384 + L_Div: 0.00000 + L_Morse: 0.26924
Epoch: 0 [9420/10000 (94%)] Unweighted L_s : L_Mnfld: 0.00077,  L_NonMnfld: 0.01846,  L_Nrml: 0.00000,  L_Eknl: 0.05688, L_Morse: 2.69240

Weights: [7000.0, 600.0, 0, 50.0, 0.0, 0.1], lr=5.000e-05
Epoch: 0 [9430/10000 (94%)] Loss: 21.22005 = L_Mnfld: 5.36379 + L_NonMnfld: 12.72547 + L_Nrml: 0.00000 + L_Eknl: 2.85686 + L_Div: 0.00000 + L_Morse: 0.27393
Epoch: 0 [9430/10000 (94%)] Unweighted L_s : L_Mnfld: 0.00077,  L_NonMnfld: 0.02121,  L_Nrml: 0.00000,  L_Eknl: 0.05714, L_Morse: 2.73928

Weights: [7000.0, 600.0, 0, 50.0, 0.0, 0.1], lr=5.000e-05
Epoch: 0 [9440/10000 (94%)] Loss: 20.19821 = L_Mnfld: 5.05852 + L_NonMnfld: 11.99946 + L_Nrml: 0.00000 + L_Eknl: 2.87829 + L_Div: 0.00000 + L_Morse: 0.26194
Epoch: 0 [9440/10000 (94%)] Unweighted L_s : L_Mnfld: 0.00072,  L_NonMnfld: 0.02000,  L_Nrml: 0.00000,  L_Eknl: 0.05757, L_Morse: 2.61941

Weights: [7000.0, 600.0, 0, 50.0, 0.0, 0.1], lr=5.000e-05
Epoch: 0 [9450/10000 (94%)] Loss: 19.54861 = L_Mnfld: 5.26326 + L_NonMnfld: 11.22827 + L_Nrml: 0.00000 + L_Eknl: 2.80124 + L_Div: 0.00000 + L_Morse: 0.25584
Epoch: 0 [9450/10000 (94%)] Unweighted L_s : L_Mnfld: 0.00075,  L_NonMnfld: 0.01871,  L_Nrml: 0.00000,  L_Eknl: 0.05602, L_Morse: 2.55840

Weights: [7000.0, 600.0, 0, 50.0, 0.0, 0.1], lr=5.000e-05
Epoch: 0 [9460/10000 (95%)] Loss: 20.41732 = L_Mnfld: 5.20053 + L_NonMnfld: 11.80241 + L_Nrml: 0.00000 + L_Eknl: 3.14449 + L_Div: 0.00000 + L_Morse: 0.26990
Epoch: 0 [9460/10000 (95%)] Unweighted L_s : L_Mnfld: 0.00074,  L_NonMnfld: 0.01967,  L_Nrml: 0.00000,  L_Eknl: 0.06289, L_Morse: 2.69896

Weights: [7000.0, 600.0, 0, 50.0, 0.0, 0.1], lr=5.000e-05
Epoch: 0 [9470/10000 (95%)] Loss: 21.28043 = L_Mnfld: 5.54954 + L_NonMnfld: 12.49750 + L_Nrml: 0.00000 + L_Eknl: 2.96552 + L_Div: 0.00000 + L_Morse: 0.26787
Epoch: 0 [9470/10000 (95%)] Unweighted L_s : L_Mnfld: 0.00079,  L_NonMnfld: 0.02083,  L_Nrml: 0.00000,  L_Eknl: 0.05931, L_Morse: 2.67874

Weights: [7000.0, 600.0, 0, 50.0, 0.0, 0.1], lr=5.000e-05
Epoch: 0 [9480/10000 (95%)] Loss: 20.48587 = L_Mnfld: 5.62690 + L_NonMnfld: 11.47572 + L_Nrml: 0.00000 + L_Eknl: 3.11447 + L_Div: 0.00000 + L_Morse: 0.26878
Epoch: 0 [9480/10000 (95%)] Unweighted L_s : L_Mnfld: 0.00080,  L_NonMnfld: 0.01913,  L_Nrml: 0.00000,  L_Eknl: 0.06229, L_Morse: 2.68780

Weights: [7000.0, 600.0, 0, 50.0, 0.0, 0.1], lr=5.000e-05
Epoch: 0 [9490/10000 (95%)] Loss: 20.40262 = L_Mnfld: 6.05130 + L_NonMnfld: 10.91591 + L_Nrml: 0.00000 + L_Eknl: 3.16655 + L_Div: 0.00000 + L_Morse: 0.26886
Epoch: 0 [9490/10000 (95%)] Unweighted L_s : L_Mnfld: 0.00086,  L_NonMnfld: 0.01819,  L_Nrml: 0.00000,  L_Eknl: 0.06333, L_Morse: 2.68861

Weights: [7000.0, 600.0, 0, 50.0, 0.0, 0.1], lr=5.000e-05
Epoch: 0 [9500/10000 (95%)] Loss: 21.51715 = L_Mnfld: 6.24240 + L_NonMnfld: 11.90789 + L_Nrml: 0.00000 + L_Eknl: 3.08431 + L_Div: 0.00000 + L_Morse: 0.28255
Epoch: 0 [9500/10000 (95%)] Unweighted L_s : L_Mnfld: 0.00089,  L_NonMnfld: 0.01985,  L_Nrml: 0.00000,  L_Eknl: 0.06169, L_Morse: 2.82553

Weights: [7000.0, 600.0, 0, 50.0, 0.0, 0.1], lr=5.000e-05
Epoch: 0 [9510/10000 (95%)] Loss: 19.86424 = L_Mnfld: 5.23308 + L_NonMnfld: 11.55078 + L_Nrml: 0.00000 + L_Eknl: 2.81087 + L_Div: 0.00000 + L_Morse: 0.26951
Epoch: 0 [9510/10000 (95%)] Unweighted L_s : L_Mnfld: 0.00075,  L_NonMnfld: 0.01925,  L_Nrml: 0.00000,  L_Eknl: 0.05622, L_Morse: 2.69514

Weights: [7000.0, 600.0, 0, 50.0, 0.0, 0.1], lr=5.000e-05
Epoch: 0 [9520/10000 (95%)] Loss: 19.99685 = L_Mnfld: 5.41063 + L_NonMnfld: 11.46896 + L_Nrml: 0.00000 + L_Eknl: 2.84813 + L_Div: 0.00000 + L_Morse: 0.26913
Epoch: 0 [9520/10000 (95%)] Unweighted L_s : L_Mnfld: 0.00077,  L_NonMnfld: 0.01911,  L_Nrml: 0.00000,  L_Eknl: 0.05696, L_Morse: 2.69131

Weights: [7000.0, 600.0, 0, 50.0, 0.0, 0.1], lr=5.000e-05
Epoch: 0 [9530/10000 (95%)] Loss: 18.56483 = L_Mnfld: 4.81608 + L_NonMnfld: 10.55318 + L_Nrml: 0.00000 + L_Eknl: 2.91826 + L_Div: 0.00000 + L_Morse: 0.27731
Epoch: 0 [9530/10000 (95%)] Unweighted L_s : L_Mnfld: 0.00069,  L_NonMnfld: 0.01759,  L_Nrml: 0.00000,  L_Eknl: 0.05837, L_Morse: 2.77310

Weights: [7000.0, 600.0, 0, 50.0, 0.0, 0.1], lr=5.000e-05
Epoch: 0 [9540/10000 (95%)] Loss: 20.10728 = L_Mnfld: 5.01211 + L_NonMnfld: 11.87271 + L_Nrml: 0.00000 + L_Eknl: 2.96611 + L_Div: 0.00000 + L_Morse: 0.25635
Epoch: 0 [9540/10000 (95%)] Unweighted L_s : L_Mnfld: 0.00072,  L_NonMnfld: 0.01979,  L_Nrml: 0.00000,  L_Eknl: 0.05932, L_Morse: 2.56351

Weights: [7000.0, 600.0, 0, 50.0, 0.0, 0.1], lr=5.000e-05
Epoch: 0 [9550/10000 (96%)] Loss: 19.44096 = L_Mnfld: 5.18503 + L_NonMnfld: 11.17483 + L_Nrml: 0.00000 + L_Eknl: 2.81175 + L_Div: 0.00000 + L_Morse: 0.26935
Epoch: 0 [9550/10000 (96%)] Unweighted L_s : L_Mnfld: 0.00074,  L_NonMnfld: 0.01862,  L_Nrml: 0.00000,  L_Eknl: 0.05624, L_Morse: 2.69351

Weights: [7000.0, 600.0, 0, 50.0, 0.0, 0.1], lr=5.000e-05
Epoch: 0 [9560/10000 (96%)] Loss: 19.75114 = L_Mnfld: 4.99378 + L_NonMnfld: 11.72091 + L_Nrml: 0.00000 + L_Eknl: 2.77900 + L_Div: 0.00000 + L_Morse: 0.25744
Epoch: 0 [9560/10000 (96%)] Unweighted L_s : L_Mnfld: 0.00071,  L_NonMnfld: 0.01953,  L_Nrml: 0.00000,  L_Eknl: 0.05558, L_Morse: 2.57437

Weights: [7000.0, 600.0, 0, 50.0, 0.0, 0.1], lr=5.000e-05
Epoch: 0 [9570/10000 (96%)] Loss: 19.37567 = L_Mnfld: 5.50858 + L_NonMnfld: 10.64932 + L_Nrml: 0.00000 + L_Eknl: 2.95276 + L_Div: 0.00000 + L_Morse: 0.26502
Epoch: 0 [9570/10000 (96%)] Unweighted L_s : L_Mnfld: 0.00079,  L_NonMnfld: 0.01775,  L_Nrml: 0.00000,  L_Eknl: 0.05906, L_Morse: 2.65016

Weights: [7000.0, 600.0, 0, 50.0, 0.0, 0.1], lr=5.000e-05
Epoch: 0 [9580/10000 (96%)] Loss: 19.68998 = L_Mnfld: 5.05859 + L_NonMnfld: 11.38391 + L_Nrml: 0.00000 + L_Eknl: 2.97805 + L_Div: 0.00000 + L_Morse: 0.26943
Epoch: 0 [9580/10000 (96%)] Unweighted L_s : L_Mnfld: 0.00072,  L_NonMnfld: 0.01897,  L_Nrml: 0.00000,  L_Eknl: 0.05956, L_Morse: 2.69428

Weights: [7000.0, 600.0, 0, 50.0, 0.0, 0.1], lr=5.000e-05
Epoch: 0 [9590/10000 (96%)] Loss: 19.47147 = L_Mnfld: 5.08926 + L_NonMnfld: 10.99414 + L_Nrml: 0.00000 + L_Eknl: 3.11027 + L_Div: 0.00000 + L_Morse: 0.27780
Epoch: 0 [9590/10000 (96%)] Unweighted L_s : L_Mnfld: 0.00073,  L_NonMnfld: 0.01832,  L_Nrml: 0.00000,  L_Eknl: 0.06221, L_Morse: 2.77799

Weights: [7000.0, 600.0, 0, 50.0, 0.0, 0.1], lr=5.000e-05
Epoch: 0 [9600/10000 (96%)] Loss: 17.63963 = L_Mnfld: 5.33657 + L_NonMnfld: 9.06046 + L_Nrml: 0.00000 + L_Eknl: 2.98236 + L_Div: 0.00000 + L_Morse: 0.26024
Epoch: 0 [9600/10000 (96%)] Unweighted L_s : L_Mnfld: 0.00076,  L_NonMnfld: 0.01510,  L_Nrml: 0.00000,  L_Eknl: 0.05965, L_Morse: 2.60235

Weights: [7000.0, 600.0, 0, 50.0, 0.0, 0.1], lr=5.000e-05
Epoch: 0 [9610/10000 (96%)] Loss: 21.24983 = L_Mnfld: 5.07342 + L_NonMnfld: 12.94935 + L_Nrml: 0.00000 + L_Eknl: 2.94345 + L_Div: 0.00000 + L_Morse: 0.28361
Epoch: 0 [9610/10000 (96%)] Unweighted L_s : L_Mnfld: 0.00072,  L_NonMnfld: 0.02158,  L_Nrml: 0.00000,  L_Eknl: 0.05887, L_Morse: 2.83612

Weights: [7000.0, 600.0, 0, 50.0, 0.0, 0.1], lr=5.000e-05
Epoch: 0 [9620/10000 (96%)] Loss: 19.72442 = L_Mnfld: 5.70737 + L_NonMnfld: 10.82609 + L_Nrml: 0.00000 + L_Eknl: 2.91313 + L_Div: 0.00000 + L_Morse: 0.27783
Epoch: 0 [9620/10000 (96%)] Unweighted L_s : L_Mnfld: 0.00082,  L_NonMnfld: 0.01804,  L_Nrml: 0.00000,  L_Eknl: 0.05826, L_Morse: 2.77828

Weights: [7000.0, 600.0, 0, 50.0, 0.0, 0.1], lr=5.000e-05
Epoch: 0 [9630/10000 (96%)] Loss: 20.11966 = L_Mnfld: 4.96707 + L_NonMnfld: 11.86103 + L_Nrml: 0.00000 + L_Eknl: 3.02444 + L_Div: 0.00000 + L_Morse: 0.26711
Epoch: 0 [9630/10000 (96%)] Unweighted L_s : L_Mnfld: 0.00071,  L_NonMnfld: 0.01977,  L_Nrml: 0.00000,  L_Eknl: 0.06049, L_Morse: 2.67115

Weights: [7000.0, 600.0, 0, 50.0, 0.0, 0.1], lr=5.000e-05
Epoch: 0 [9640/10000 (96%)] Loss: 18.73738 = L_Mnfld: 5.18080 + L_NonMnfld: 10.25636 + L_Nrml: 0.00000 + L_Eknl: 3.03655 + L_Div: 0.00000 + L_Morse: 0.26366
Epoch: 0 [9640/10000 (96%)] Unweighted L_s : L_Mnfld: 0.00074,  L_NonMnfld: 0.01709,  L_Nrml: 0.00000,  L_Eknl: 0.06073, L_Morse: 2.63664

Weights: [7000.0, 600.0, 0, 50.0, 0.0, 0.1], lr=5.000e-05
Epoch: 0 [9650/10000 (96%)] Loss: 19.69110 = L_Mnfld: 5.55050 + L_NonMnfld: 10.68376 + L_Nrml: 0.00000 + L_Eknl: 3.19251 + L_Div: 0.00000 + L_Morse: 0.26433
Epoch: 0 [9650/10000 (96%)] Unweighted L_s : L_Mnfld: 0.00079,  L_NonMnfld: 0.01781,  L_Nrml: 0.00000,  L_Eknl: 0.06385, L_Morse: 2.64332

Weights: [7000.0, 600.0, 0, 50.0, 0.0, 0.1], lr=5.000e-05
Epoch: 0 [9660/10000 (97%)] Loss: 19.66763 = L_Mnfld: 5.62557 + L_NonMnfld: 10.63712 + L_Nrml: 0.00000 + L_Eknl: 3.15211 + L_Div: 0.00000 + L_Morse: 0.25283
Epoch: 0 [9660/10000 (97%)] Unweighted L_s : L_Mnfld: 0.00080,  L_NonMnfld: 0.01773,  L_Nrml: 0.00000,  L_Eknl: 0.06304, L_Morse: 2.52829

Weights: [7000.0, 600.0, 0, 50.0, 0.0, 0.1], lr=5.000e-05
Epoch: 0 [9670/10000 (97%)] Loss: 20.74283 = L_Mnfld: 5.82368 + L_NonMnfld: 11.31866 + L_Nrml: 0.00000 + L_Eknl: 3.32975 + L_Div: 0.00000 + L_Morse: 0.27074
Epoch: 0 [9670/10000 (97%)] Unweighted L_s : L_Mnfld: 0.00083,  L_NonMnfld: 0.01886,  L_Nrml: 0.00000,  L_Eknl: 0.06660, L_Morse: 2.70742

Weights: [7000.0, 600.0, 0, 50.0, 0.0, 0.1], lr=5.000e-05
Epoch: 0 [9680/10000 (97%)] Loss: 20.04036 = L_Mnfld: 5.53346 + L_NonMnfld: 11.13966 + L_Nrml: 0.00000 + L_Eknl: 3.09908 + L_Div: 0.00000 + L_Morse: 0.26815
Epoch: 0 [9680/10000 (97%)] Unweighted L_s : L_Mnfld: 0.00079,  L_NonMnfld: 0.01857,  L_Nrml: 0.00000,  L_Eknl: 0.06198, L_Morse: 2.68154

Weights: [7000.0, 600.0, 0, 50.0, 0.0, 0.1], lr=5.000e-05
Epoch: 0 [9690/10000 (97%)] Loss: 20.88783 = L_Mnfld: 5.41795 + L_NonMnfld: 12.20395 + L_Nrml: 0.00000 + L_Eknl: 3.01223 + L_Div: 0.00000 + L_Morse: 0.25370
Epoch: 0 [9690/10000 (97%)] Unweighted L_s : L_Mnfld: 0.00077,  L_NonMnfld: 0.02034,  L_Nrml: 0.00000,  L_Eknl: 0.06024, L_Morse: 2.53704

Weights: [7000.0, 600.0, 0, 50.0, 0.0, 0.1], lr=5.000e-05
Epoch: 0 [9700/10000 (97%)] Loss: 19.96997 = L_Mnfld: 5.31275 + L_NonMnfld: 11.32297 + L_Nrml: 0.00000 + L_Eknl: 3.07162 + L_Div: 0.00000 + L_Morse: 0.26263
Epoch: 0 [9700/10000 (97%)] Unweighted L_s : L_Mnfld: 0.00076,  L_NonMnfld: 0.01887,  L_Nrml: 0.00000,  L_Eknl: 0.06143, L_Morse: 2.62626

Weights: [7000.0, 600.0, 0, 50.0, 0.0, 0.1], lr=5.000e-05
Epoch: 0 [9710/10000 (97%)] Loss: 21.29541 = L_Mnfld: 6.37203 + L_NonMnfld: 11.37110 + L_Nrml: 0.00000 + L_Eknl: 3.29507 + L_Div: 0.00000 + L_Morse: 0.25721
Epoch: 0 [9710/10000 (97%)] Unweighted L_s : L_Mnfld: 0.00091,  L_NonMnfld: 0.01895,  L_Nrml: 0.00000,  L_Eknl: 0.06590, L_Morse: 2.57212

Weights: [7000.0, 600.0, 0, 50.0, 0.0, 0.1], lr=5.000e-05
Epoch: 0 [9720/10000 (97%)] Loss: 21.30675 = L_Mnfld: 5.95663 + L_NonMnfld: 11.85292 + L_Nrml: 0.00000 + L_Eknl: 3.22226 + L_Div: 0.00000 + L_Morse: 0.27494
Epoch: 0 [9720/10000 (97%)] Unweighted L_s : L_Mnfld: 0.00085,  L_NonMnfld: 0.01975,  L_Nrml: 0.00000,  L_Eknl: 0.06445, L_Morse: 2.74936

Weights: [7000.0, 600.0, 0, 50.0, 0.0, 0.1], lr=5.000e-05
Epoch: 0 [9730/10000 (97%)] Loss: 22.55157 = L_Mnfld: 7.24535 + L_NonMnfld: 10.90289 + L_Nrml: 0.00000 + L_Eknl: 4.11482 + L_Div: 0.00000 + L_Morse: 0.28850
Epoch: 0 [9730/10000 (97%)] Unweighted L_s : L_Mnfld: 0.00104,  L_NonMnfld: 0.01817,  L_Nrml: 0.00000,  L_Eknl: 0.08230, L_Morse: 2.88501

Weights: [7000.0, 600.0, 0, 50.0, 0.0, 0.1], lr=5.000e-05
Epoch: 0 [9740/10000 (97%)] Loss: 22.61772 = L_Mnfld: 6.94433 + L_NonMnfld: 11.90469 + L_Nrml: 0.00000 + L_Eknl: 3.49023 + L_Div: 0.00000 + L_Morse: 0.27847
Epoch: 0 [9740/10000 (97%)] Unweighted L_s : L_Mnfld: 0.00099,  L_NonMnfld: 0.01984,  L_Nrml: 0.00000,  L_Eknl: 0.06980, L_Morse: 2.78467

Weights: [7000.0, 600.0, 0, 50.0, 0.0, 0.1], lr=5.000e-05
Epoch: 0 [9750/10000 (98%)] Loss: 21.35758 = L_Mnfld: 6.37407 + L_NonMnfld: 11.36615 + L_Nrml: 0.00000 + L_Eknl: 3.35867 + L_Div: 0.00000 + L_Morse: 0.25869
Epoch: 0 [9750/10000 (98%)] Unweighted L_s : L_Mnfld: 0.00091,  L_NonMnfld: 0.01894,  L_Nrml: 0.00000,  L_Eknl: 0.06717, L_Morse: 2.58690

Weights: [7000.0, 600.0, 0, 50.0, 0.0, 0.1], lr=5.000e-05
Epoch: 0 [9760/10000 (98%)] Loss: 21.08860 = L_Mnfld: 5.78358 + L_NonMnfld: 11.84601 + L_Nrml: 0.00000 + L_Eknl: 3.18616 + L_Div: 0.00000 + L_Morse: 0.27285
Epoch: 0 [9760/10000 (98%)] Unweighted L_s : L_Mnfld: 0.00083,  L_NonMnfld: 0.01974,  L_Nrml: 0.00000,  L_Eknl: 0.06372, L_Morse: 2.72849

Weights: [7000.0, 600.0, 0, 50.0, 0.0, 0.1], lr=5.000e-05
Epoch: 0 [9770/10000 (98%)] Loss: 20.32476 = L_Mnfld: 5.75065 + L_NonMnfld: 11.23000 + L_Nrml: 0.00000 + L_Eknl: 3.07007 + L_Div: 0.00000 + L_Morse: 0.27405
Epoch: 0 [9770/10000 (98%)] Unweighted L_s : L_Mnfld: 0.00082,  L_NonMnfld: 0.01872,  L_Nrml: 0.00000,  L_Eknl: 0.06140, L_Morse: 2.74051

Weights: [7000.0, 600.0, 0, 50.0, 0.0, 0.1], lr=5.000e-05
Epoch: 0 [9780/10000 (98%)] Loss: 21.69849 = L_Mnfld: 6.06763 + L_NonMnfld: 12.12103 + L_Nrml: 0.00000 + L_Eknl: 3.24466 + L_Div: 0.00000 + L_Morse: 0.26517
Epoch: 0 [9780/10000 (98%)] Unweighted L_s : L_Mnfld: 0.00087,  L_NonMnfld: 0.02020,  L_Nrml: 0.00000,  L_Eknl: 0.06489, L_Morse: 2.65169

Weights: [7000.0, 600.0, 0, 50.0, 0.0, 0.1], lr=5.000e-05
Epoch: 0 [9790/10000 (98%)] Loss: 20.48699 = L_Mnfld: 5.07107 + L_NonMnfld: 12.18439 + L_Nrml: 0.00000 + L_Eknl: 2.96045 + L_Div: 0.00000 + L_Morse: 0.27109
Epoch: 0 [9790/10000 (98%)] Unweighted L_s : L_Mnfld: 0.00072,  L_NonMnfld: 0.02031,  L_Nrml: 0.00000,  L_Eknl: 0.05921, L_Morse: 2.71088

Weights: [7000.0, 600.0, 0, 50.0, 0.0, 0.1], lr=5.000e-05
Epoch: 0 [9800/10000 (98%)] Loss: 19.78453 = L_Mnfld: 5.13868 + L_NonMnfld: 11.37042 + L_Nrml: 0.00000 + L_Eknl: 3.01421 + L_Div: 0.00000 + L_Morse: 0.26122
Epoch: 0 [9800/10000 (98%)] Unweighted L_s : L_Mnfld: 0.00073,  L_NonMnfld: 0.01895,  L_Nrml: 0.00000,  L_Eknl: 0.06028, L_Morse: 2.61220

Weights: [7000.0, 600.0, 0, 50.0, 0.0, 0.1], lr=5.000e-05
Epoch: 0 [9810/10000 (98%)] Loss: 21.59091 = L_Mnfld: 6.30700 + L_NonMnfld: 11.82108 + L_Nrml: 0.00000 + L_Eknl: 3.20115 + L_Div: 0.00000 + L_Morse: 0.26168
Epoch: 0 [9810/10000 (98%)] Unweighted L_s : L_Mnfld: 0.00090,  L_NonMnfld: 0.01970,  L_Nrml: 0.00000,  L_Eknl: 0.06402, L_Morse: 2.61682

Weights: [7000.0, 600.0, 0, 50.0, 0.0, 0.1], lr=5.000e-05
Epoch: 0 [9820/10000 (98%)] Loss: 20.60062 = L_Mnfld: 5.52462 + L_NonMnfld: 11.42319 + L_Nrml: 0.00000 + L_Eknl: 3.38125 + L_Div: 0.00000 + L_Morse: 0.27156
Epoch: 0 [9820/10000 (98%)] Unweighted L_s : L_Mnfld: 0.00079,  L_NonMnfld: 0.01904,  L_Nrml: 0.00000,  L_Eknl: 0.06763, L_Morse: 2.71564

Weights: [7000.0, 600.0, 0, 50.0, 0.0, 0.1], lr=5.000e-05
Epoch: 0 [9830/10000 (98%)] Loss: 21.40470 = L_Mnfld: 6.37642 + L_NonMnfld: 11.43472 + L_Nrml: 0.00000 + L_Eknl: 3.32131 + L_Div: 0.00000 + L_Morse: 0.27225
Epoch: 0 [9830/10000 (98%)] Unweighted L_s : L_Mnfld: 0.00091,  L_NonMnfld: 0.01906,  L_Nrml: 0.00000,  L_Eknl: 0.06643, L_Morse: 2.72250

Weights: [7000.0, 600.0, 0, 50.0, 0.0, 0.1], lr=5.000e-05
Epoch: 0 [9840/10000 (98%)] Loss: 21.26397 = L_Mnfld: 5.23406 + L_NonMnfld: 12.51647 + L_Nrml: 0.00000 + L_Eknl: 3.21962 + L_Div: 0.00000 + L_Morse: 0.29381
Epoch: 0 [9840/10000 (98%)] Unweighted L_s : L_Mnfld: 0.00075,  L_NonMnfld: 0.02086,  L_Nrml: 0.00000,  L_Eknl: 0.06439, L_Morse: 2.93814

Weights: [7000.0, 600.0, 0, 50.0, 0.0, 0.1], lr=5.000e-05
Epoch: 0 [9850/10000 (98%)] Loss: 20.31102 = L_Mnfld: 5.88912 + L_NonMnfld: 10.97704 + L_Nrml: 0.00000 + L_Eknl: 3.18468 + L_Div: 0.00000 + L_Morse: 0.26018
Epoch: 0 [9850/10000 (98%)] Unweighted L_s : L_Mnfld: 0.00084,  L_NonMnfld: 0.01830,  L_Nrml: 0.00000,  L_Eknl: 0.06369, L_Morse: 2.60182

Weights: [7000.0, 600.0, 0, 50.0, 0.0, 0.1], lr=5.000e-05
Epoch: 0 [9860/10000 (99%)] Loss: 20.49216 = L_Mnfld: 5.57072 + L_NonMnfld: 11.39554 + L_Nrml: 0.00000 + L_Eknl: 3.24133 + L_Div: 0.00000 + L_Morse: 0.28457
Epoch: 0 [9860/10000 (99%)] Unweighted L_s : L_Mnfld: 0.00080,  L_NonMnfld: 0.01899,  L_Nrml: 0.00000,  L_Eknl: 0.06483, L_Morse: 2.84568

Weights: [7000.0, 600.0, 0, 50.0, 0.0, 0.1], lr=5.000e-05
Epoch: 0 [9870/10000 (99%)] Loss: 21.51510 = L_Mnfld: 5.33196 + L_NonMnfld: 12.88362 + L_Nrml: 0.00000 + L_Eknl: 3.03659 + L_Div: 0.00000 + L_Morse: 0.26292
Epoch: 0 [9870/10000 (99%)] Unweighted L_s : L_Mnfld: 0.00076,  L_NonMnfld: 0.02147,  L_Nrml: 0.00000,  L_Eknl: 0.06073, L_Morse: 2.62922

Weights: [7000.0, 600.0, 0, 50.0, 0.0, 0.1], lr=5.000e-05
Epoch: 0 [9880/10000 (99%)] Loss: 21.17592 = L_Mnfld: 5.59384 + L_NonMnfld: 12.30287 + L_Nrml: 0.00000 + L_Eknl: 2.99746 + L_Div: 0.00000 + L_Morse: 0.28174
Epoch: 0 [9880/10000 (99%)] Unweighted L_s : L_Mnfld: 0.00080,  L_NonMnfld: 0.02050,  L_Nrml: 0.00000,  L_Eknl: 0.05995, L_Morse: 2.81744

Weights: [7000.0, 600.0, 0, 50.0, 0.0, 0.1], lr=5.000e-05
Epoch: 0 [9890/10000 (99%)] Loss: 19.77381 = L_Mnfld: 5.17209 + L_NonMnfld: 11.34396 + L_Nrml: 0.00000 + L_Eknl: 2.98085 + L_Div: 0.00000 + L_Morse: 0.27691
Epoch: 0 [9890/10000 (99%)] Unweighted L_s : L_Mnfld: 0.00074,  L_NonMnfld: 0.01891,  L_Nrml: 0.00000,  L_Eknl: 0.05962, L_Morse: 2.76911

Weights: [7000.0, 600.0, 0, 50.0, 0.0, 0.1], lr=5.000e-05
Epoch: 0 [9900/10000 (99%)] Loss: 19.01915 = L_Mnfld: 4.66398 + L_NonMnfld: 10.86736 + L_Nrml: 0.00000 + L_Eknl: 3.19098 + L_Div: 0.00000 + L_Morse: 0.29683
Epoch: 0 [9900/10000 (99%)] Unweighted L_s : L_Mnfld: 0.00067,  L_NonMnfld: 0.01811,  L_Nrml: 0.00000,  L_Eknl: 0.06382, L_Morse: 2.96828

Weights: [7000.0, 600.0, 0, 50.0, 0.0, 0.1], lr=5.000e-05
Epoch: 0 [9910/10000 (99%)] Loss: 20.54542 = L_Mnfld: 5.55682 + L_NonMnfld: 11.86842 + L_Nrml: 0.00000 + L_Eknl: 2.84888 + L_Div: 0.00000 + L_Morse: 0.27131
Epoch: 0 [9910/10000 (99%)] Unweighted L_s : L_Mnfld: 0.00079,  L_NonMnfld: 0.01978,  L_Nrml: 0.00000,  L_Eknl: 0.05698, L_Morse: 2.71308

Weights: [7000.0, 600.0, 0, 50.0, 0.0, 0.1], lr=5.000e-05
Epoch: 0 [9920/10000 (99%)] Loss: 19.41656 = L_Mnfld: 5.52042 + L_NonMnfld: 10.66420 + L_Nrml: 0.00000 + L_Eknl: 2.96817 + L_Div: 0.00000 + L_Morse: 0.26376
Epoch: 0 [9920/10000 (99%)] Unweighted L_s : L_Mnfld: 0.00079,  L_NonMnfld: 0.01777,  L_Nrml: 0.00000,  L_Eknl: 0.05936, L_Morse: 2.63757

Weights: [7000.0, 600.0, 0, 50.0, 0.0, 0.1], lr=5.000e-05
Epoch: 0 [9930/10000 (99%)] Loss: 19.93252 = L_Mnfld: 5.21622 + L_NonMnfld: 11.36938 + L_Nrml: 0.00000 + L_Eknl: 3.06744 + L_Div: 0.00000 + L_Morse: 0.27948
Epoch: 0 [9930/10000 (99%)] Unweighted L_s : L_Mnfld: 0.00075,  L_NonMnfld: 0.01895,  L_Nrml: 0.00000,  L_Eknl: 0.06135, L_Morse: 2.79476

Weights: [7000.0, 600.0, 0, 50.0, 0.0, 0.1], lr=5.000e-05
Epoch: 0 [9940/10000 (99%)] Loss: 20.13831 = L_Mnfld: 5.81428 + L_NonMnfld: 10.92481 + L_Nrml: 0.00000 + L_Eknl: 3.12024 + L_Div: 0.00000 + L_Morse: 0.27898
Epoch: 0 [9940/10000 (99%)] Unweighted L_s : L_Mnfld: 0.00083,  L_NonMnfld: 0.01821,  L_Nrml: 0.00000,  L_Eknl: 0.06240, L_Morse: 2.78978

Weights: [7000.0, 600.0, 0, 50.0, 0.0, 0.1], lr=5.000e-05
Epoch: 0 [9950/10000 (100%)] Loss: 21.53965 = L_Mnfld: 5.15231 + L_NonMnfld: 12.92772 + L_Nrml: 0.00000 + L_Eknl: 3.17954 + L_Div: 0.00000 + L_Morse: 0.28008
Epoch: 0 [9950/10000 (100%)] Unweighted L_s : L_Mnfld: 0.00074,  L_NonMnfld: 0.02155,  L_Nrml: 0.00000,  L_Eknl: 0.06359, L_Morse: 2.80075

Weights: [7000.0, 600.0, 0, 50.0, 0.0, 0.1], lr=5.000e-05
Epoch: 0 [9960/10000 (100%)] Loss: 21.52763 = L_Mnfld: 5.58037 + L_NonMnfld: 12.66509 + L_Nrml: 0.00000 + L_Eknl: 3.00422 + L_Div: 0.00000 + L_Morse: 0.27795
Epoch: 0 [9960/10000 (100%)] Unweighted L_s : L_Mnfld: 0.00080,  L_NonMnfld: 0.02111,  L_Nrml: 0.00000,  L_Eknl: 0.06008, L_Morse: 2.77949

Weights: [7000.0, 600.0, 0, 50.0, 0.0, 0.1], lr=5.000e-05
Epoch: 0 [9970/10000 (100%)] Loss: 19.47788 = L_Mnfld: 4.69401 + L_NonMnfld: 11.52509 + L_Nrml: 0.00000 + L_Eknl: 2.98010 + L_Div: 0.00000 + L_Morse: 0.27868
Epoch: 0 [9970/10000 (100%)] Unweighted L_s : L_Mnfld: 0.00067,  L_NonMnfld: 0.01921,  L_Nrml: 0.00000,  L_Eknl: 0.05960, L_Morse: 2.78681

Weights: [7000.0, 600.0, 0, 50.0, 0.0, 0.1], lr=5.000e-05
Epoch: 0 [9980/10000 (100%)] Loss: 20.71083 = L_Mnfld: 5.11373 + L_NonMnfld: 12.23057 + L_Nrml: 0.00000 + L_Eknl: 3.08979 + L_Div: 0.00000 + L_Morse: 0.27674
Epoch: 0 [9980/10000 (100%)] Unweighted L_s : L_Mnfld: 0.00073,  L_NonMnfld: 0.02038,  L_Nrml: 0.00000,  L_Eknl: 0.06180, L_Morse: 2.76745

Weights: [7000.0, 600.0, 0, 50.0, 0.0, 0.1], lr=5.000e-05
Epoch: 0 [9990/10000 (100%)] Loss: 19.48519 = L_Mnfld: 4.94649 + L_NonMnfld: 11.31392 + L_Nrml: 0.00000 + L_Eknl: 2.96475 + L_Div: 0.00000 + L_Morse: 0.26003
Epoch: 0 [9990/10000 (100%)] Unweighted L_s : L_Mnfld: 0.00071,  L_NonMnfld: 0.01886,  L_Nrml: 0.00000,  L_Eknl: 0.05929, L_Morse: 2.60033

