input params: 
Namespace(logdir='./new_log/CAD_CG_2025', model_name='model', seed=3627473, data_path='../../../ABC/00024129_247b989788c4469fbd5146fd_trimesh_000.ply', mesh_dir='/home/runqiao/rotate_input/gt', n_samples=10000, n_points=10000, grid_res=128, nonmnfld_sample_type='gaussian', num_epochs=1, lr=5e-05, grad_clip_norm=10.0, batch_size=1, load_path=None, init_type='siren', decoder_hidden_dim=256, decoder_n_hidden_layers=4, latent_size=0, nl='sine', sphere_init_params=[1.6, 0.1], udf=False, output_any=True, loss_type='siren_wo_n_w_morse', decay_params=[10.0, 0.2, 10.0, 0.5, 0.1, 0.1], morse_type='l1', morse_decay='linear', loss_weights=[7000.0, 600.0, 100.0, 50.0, 0.0, 3.0], bidirectional_morse=False, morse_near=True, weight_for_morse=False, use_morse_nonmnfld_grad=False, use_relax_eikonal=False)
Number of parameters in the current model:264449
Weights: [7000.0, 600.0, 0, 50.0, 0.0, 3.0], lr=5.000e-05
Epoch: 0 [   0/10000 (0%)] Loss: 681.45044 = L_Mnfld: 626.41323 + L_NonMnfld: 0.46025 + L_Nrml: 0.00000 + L_Eknl: 35.17346 + L_Div: 0.00000 + L_Morse: 19.40348
Epoch: 0 [   0/10000 (0%)] Unweighted L_s : L_Mnfld: 0.08949,  L_NonMnfld: 0.00077,  L_Nrml: 0.00000,  L_Eknl: 0.70347, L_Morse: 6.46783

Weights: [7000.0, 600.0, 0, 50.0, 0.0, 10.0], lr=5.000e-05
Epoch: 0 [  10/10000 (0%)] Loss: 374.46158 = L_Mnfld: 85.17210 + L_NonMnfld: 205.32719 + L_Nrml: 0.00000 + L_Eknl: 37.06268 + L_Div: 0.00000 + L_Morse: 46.89961
Epoch: 0 [  10/10000 (0%)] Unweighted L_s : L_Mnfld: 0.01217,  L_NonMnfld: 0.34221,  L_Nrml: 0.00000,  L_Eknl: 0.74125, L_Morse: 4.68996

Weights: [7000.0, 600.0, 0, 50.0, 0.0, 10.0], lr=5.000e-05
Epoch: 0 [  20/10000 (0%)] Loss: 219.54221 = L_Mnfld: 107.93972 + L_NonMnfld: 36.96707 + L_Nrml: 0.00000 + L_Eknl: 37.34196 + L_Div: 0.00000 + L_Morse: 37.29344
Epoch: 0 [  20/10000 (0%)] Unweighted L_s : L_Mnfld: 0.01542,  L_NonMnfld: 0.06161,  L_Nrml: 0.00000,  L_Eknl: 0.74684, L_Morse: 3.72934

Weights: [7000.0, 600.0, 0, 50.0, 0.0, 10.0], lr=5.000e-05
Epoch: 0 [  30/10000 (0%)] Loss: 194.76610 = L_Mnfld: 57.77212 + L_NonMnfld: 70.50174 + L_Nrml: 0.00000 + L_Eknl: 37.75932 + L_Div: 0.00000 + L_Morse: 28.73292
Epoch: 0 [  30/10000 (0%)] Unweighted L_s : L_Mnfld: 0.00825,  L_NonMnfld: 0.11750,  L_Nrml: 0.00000,  L_Eknl: 0.75519, L_Morse: 2.87329

Weights: [7000.0, 600.0, 0, 50.0, 0.0, 10.0], lr=5.000e-05
Epoch: 0 [  40/10000 (0%)] Loss: 147.25443 = L_Mnfld: 43.46280 + L_NonMnfld: 44.03268 + L_Nrml: 0.00000 + L_Eknl: 37.04534 + L_Div: 0.00000 + L_Morse: 22.71361
Epoch: 0 [  40/10000 (0%)] Unweighted L_s : L_Mnfld: 0.00621,  L_NonMnfld: 0.07339,  L_Nrml: 0.00000,  L_Eknl: 0.74091, L_Morse: 2.27136

Weights: [7000.0, 600.0, 0, 50.0, 0.0, 10.0], lr=5.000e-05
Epoch: 0 [  50/10000 (0%)] Loss: 141.62442 = L_Mnfld: 48.16791 + L_NonMnfld: 38.69448 + L_Nrml: 0.00000 + L_Eknl: 36.05390 + L_Div: 0.00000 + L_Morse: 18.70815
Epoch: 0 [  50/10000 (0%)] Unweighted L_s : L_Mnfld: 0.00688,  L_NonMnfld: 0.06449,  L_Nrml: 0.00000,  L_Eknl: 0.72108, L_Morse: 1.87082

Weights: [7000.0, 600.0, 0, 50.0, 0.0, 10.0], lr=5.000e-05
Epoch: 0 [  60/10000 (1%)] Loss: 154.18796 = L_Mnfld: 53.55866 + L_NonMnfld: 49.73595 + L_Nrml: 0.00000 + L_Eknl: 35.23471 + L_Div: 0.00000 + L_Morse: 15.65862
Epoch: 0 [  60/10000 (1%)] Unweighted L_s : L_Mnfld: 0.00765,  L_NonMnfld: 0.08289,  L_Nrml: 0.00000,  L_Eknl: 0.70469, L_Morse: 1.56586

Weights: [7000.0, 600.0, 0, 50.0, 0.0, 10.0], lr=5.000e-05
Epoch: 0 [  70/10000 (1%)] Loss: 120.71986 = L_Mnfld: 35.53959 + L_NonMnfld: 37.23329 + L_Nrml: 0.00000 + L_Eknl: 34.01665 + L_Div: 0.00000 + L_Morse: 13.93032
Epoch: 0 [  70/10000 (1%)] Unweighted L_s : L_Mnfld: 0.00508,  L_NonMnfld: 0.06206,  L_Nrml: 0.00000,  L_Eknl: 0.68033, L_Morse: 1.39303

Weights: [7000.0, 600.0, 0, 50.0, 0.0, 10.0], lr=5.000e-05
Epoch: 0 [  80/10000 (1%)] Loss: 122.27958 = L_Mnfld: 41.55964 + L_NonMnfld: 34.11286 + L_Nrml: 0.00000 + L_Eknl: 32.71825 + L_Div: 0.00000 + L_Morse: 13.88883
Epoch: 0 [  80/10000 (1%)] Unweighted L_s : L_Mnfld: 0.00594,  L_NonMnfld: 0.05685,  L_Nrml: 0.00000,  L_Eknl: 0.65437, L_Morse: 1.38888

Weights: [7000.0, 600.0, 0, 50.0, 0.0, 10.0], lr=5.000e-05
Epoch: 0 [  90/10000 (1%)] Loss: 143.94376 = L_Mnfld: 56.90550 + L_NonMnfld: 41.25491 + L_Nrml: 0.00000 + L_Eknl: 32.21297 + L_Div: 0.00000 + L_Morse: 13.57038
Epoch: 0 [  90/10000 (1%)] Unweighted L_s : L_Mnfld: 0.00813,  L_NonMnfld: 0.06876,  L_Nrml: 0.00000,  L_Eknl: 0.64426, L_Morse: 1.35704

Weights: [7000.0, 600.0, 0, 50.0, 0.0, 10.0], lr=5.000e-05
Epoch: 0 [ 100/10000 (1%)] Loss: 117.49249 = L_Mnfld: 43.70324 + L_NonMnfld: 29.03067 + L_Nrml: 0.00000 + L_Eknl: 30.42779 + L_Div: 0.00000 + L_Morse: 14.33078
Epoch: 0 [ 100/10000 (1%)] Unweighted L_s : L_Mnfld: 0.00624,  L_NonMnfld: 0.04838,  L_Nrml: 0.00000,  L_Eknl: 0.60856, L_Morse: 1.43308

Weights: [7000.0, 600.0, 0, 50.0, 0.0, 10.0], lr=5.000e-05
Epoch: 0 [ 110/10000 (1%)] Loss: 120.34957 = L_Mnfld: 47.57575 + L_NonMnfld: 29.21820 + L_Nrml: 0.00000 + L_Eknl: 29.68863 + L_Div: 0.00000 + L_Morse: 13.86700
Epoch: 0 [ 110/10000 (1%)] Unweighted L_s : L_Mnfld: 0.00680,  L_NonMnfld: 0.04870,  L_Nrml: 0.00000,  L_Eknl: 0.59377, L_Morse: 1.38670

Weights: [7000.0, 600.0, 0, 50.0, 0.0, 10.0], lr=5.000e-05
Epoch: 0 [ 120/10000 (1%)] Loss: 126.20421 = L_Mnfld: 46.63732 + L_NonMnfld: 37.44004 + L_Nrml: 0.00000 + L_Eknl: 29.31060 + L_Div: 0.00000 + L_Morse: 12.81625
Epoch: 0 [ 120/10000 (1%)] Unweighted L_s : L_Mnfld: 0.00666,  L_NonMnfld: 0.06240,  L_Nrml: 0.00000,  L_Eknl: 0.58621, L_Morse: 1.28163

Weights: [7000.0, 600.0, 0, 50.0, 0.0, 10.0], lr=5.000e-05
Epoch: 0 [ 130/10000 (1%)] Loss: 106.52084 = L_Mnfld: 34.78214 + L_NonMnfld: 29.70180 + L_Nrml: 0.00000 + L_Eknl: 28.31574 + L_Div: 0.00000 + L_Morse: 13.72118
Epoch: 0 [ 130/10000 (1%)] Unweighted L_s : L_Mnfld: 0.00497,  L_NonMnfld: 0.04950,  L_Nrml: 0.00000,  L_Eknl: 0.56631, L_Morse: 1.37212

Weights: [7000.0, 600.0, 0, 50.0, 0.0, 10.0], lr=5.000e-05
Epoch: 0 [ 140/10000 (1%)] Loss: 110.05873 = L_Mnfld: 40.50251 + L_NonMnfld: 28.08560 + L_Nrml: 0.00000 + L_Eknl: 27.33510 + L_Div: 0.00000 + L_Morse: 14.13553
Epoch: 0 [ 140/10000 (1%)] Unweighted L_s : L_Mnfld: 0.00579,  L_NonMnfld: 0.04681,  L_Nrml: 0.00000,  L_Eknl: 0.54670, L_Morse: 1.41355

Weights: [7000.0, 600.0, 0, 50.0, 0.0, 10.0], lr=5.000e-05
Epoch: 0 [ 150/10000 (2%)] Loss: 118.27811 = L_Mnfld: 41.35765 + L_NonMnfld: 36.49661 + L_Nrml: 0.00000 + L_Eknl: 26.72851 + L_Div: 0.00000 + L_Morse: 13.69532
Epoch: 0 [ 150/10000 (2%)] Unweighted L_s : L_Mnfld: 0.00591,  L_NonMnfld: 0.06083,  L_Nrml: 0.00000,  L_Eknl: 0.53457, L_Morse: 1.36953

Weights: [7000.0, 600.0, 0, 50.0, 0.0, 10.0], lr=5.000e-05
Epoch: 0 [ 160/10000 (2%)] Loss: 101.02620 = L_Mnfld: 33.06272 + L_NonMnfld: 28.26106 + L_Nrml: 0.00000 + L_Eknl: 25.60581 + L_Div: 0.00000 + L_Morse: 14.09660
Epoch: 0 [ 160/10000 (2%)] Unweighted L_s : L_Mnfld: 0.00472,  L_NonMnfld: 0.04710,  L_Nrml: 0.00000,  L_Eknl: 0.51212, L_Morse: 1.40966

Weights: [7000.0, 600.0, 0, 50.0, 0.0, 10.0], lr=5.000e-05
Epoch: 0 [ 170/10000 (2%)] Loss: 103.16028 = L_Mnfld: 36.96977 + L_NonMnfld: 26.88705 + L_Nrml: 0.00000 + L_Eknl: 24.89269 + L_Div: 0.00000 + L_Morse: 14.41077
Epoch: 0 [ 170/10000 (2%)] Unweighted L_s : L_Mnfld: 0.00528,  L_NonMnfld: 0.04481,  L_Nrml: 0.00000,  L_Eknl: 0.49785, L_Morse: 1.44108

Weights: [7000.0, 600.0, 0, 50.0, 0.0, 10.0], lr=5.000e-05
Epoch: 0 [ 180/10000 (2%)] Loss: 108.20667 = L_Mnfld: 39.13712 + L_NonMnfld: 31.15718 + L_Nrml: 0.00000 + L_Eknl: 24.31314 + L_Div: 0.00000 + L_Morse: 13.59923
Epoch: 0 [ 180/10000 (2%)] Unweighted L_s : L_Mnfld: 0.00559,  L_NonMnfld: 0.05193,  L_Nrml: 0.00000,  L_Eknl: 0.48626, L_Morse: 1.35992

Weights: [7000.0, 600.0, 0, 50.0, 0.0, 10.0], lr=5.000e-05
Epoch: 0 [ 190/10000 (2%)] Loss: 93.59734 = L_Mnfld: 29.50588 + L_NonMnfld: 27.13677 + L_Nrml: 0.00000 + L_Eknl: 23.44948 + L_Div: 0.00000 + L_Morse: 13.50520
Epoch: 0 [ 190/10000 (2%)] Unweighted L_s : L_Mnfld: 0.00422,  L_NonMnfld: 0.04523,  L_Nrml: 0.00000,  L_Eknl: 0.46899, L_Morse: 1.35052

Weights: [7000.0, 600.0, 0, 50.0, 0.0, 10.0], lr=5.000e-05
Epoch: 0 [ 200/10000 (2%)] Loss: 96.15202 = L_Mnfld: 33.69431 + L_NonMnfld: 25.61462 + L_Nrml: 0.00000 + L_Eknl: 22.53782 + L_Div: 0.00000 + L_Morse: 14.30527
Epoch: 0 [ 200/10000 (2%)] Unweighted L_s : L_Mnfld: 0.00481,  L_NonMnfld: 0.04269,  L_Nrml: 0.00000,  L_Eknl: 0.45076, L_Morse: 1.43053

Weights: [7000.0, 600.0, 0, 50.0, 0.0, 10.0], lr=5.000e-05
Epoch: 0 [ 210/10000 (2%)] Loss: 106.92632 = L_Mnfld: 40.05317 + L_NonMnfld: 29.59507 + L_Nrml: 0.00000 + L_Eknl: 22.47988 + L_Div: 0.00000 + L_Morse: 14.79819
Epoch: 0 [ 210/10000 (2%)] Unweighted L_s : L_Mnfld: 0.00572,  L_NonMnfld: 0.04933,  L_Nrml: 0.00000,  L_Eknl: 0.44960, L_Morse: 1.47982

Weights: [7000.0, 600.0, 0, 50.0, 0.0, 10.0], lr=5.000e-05
Epoch: 0 [ 220/10000 (2%)] Loss: 99.47467 = L_Mnfld: 34.64785 + L_NonMnfld: 26.07667 + L_Nrml: 0.00000 + L_Eknl: 21.88195 + L_Div: 0.00000 + L_Morse: 16.86821
Epoch: 0 [ 220/10000 (2%)] Unweighted L_s : L_Mnfld: 0.00495,  L_NonMnfld: 0.04346,  L_Nrml: 0.00000,  L_Eknl: 0.43764, L_Morse: 1.68682

Weights: [7000.0, 600.0, 0, 50.0, 0.0, 10.0], lr=5.000e-05
Epoch: 0 [ 230/10000 (2%)] Loss: 102.06725 = L_Mnfld: 36.28508 + L_NonMnfld: 27.16292 + L_Nrml: 0.00000 + L_Eknl: 21.31448 + L_Div: 0.00000 + L_Morse: 17.30477
Epoch: 0 [ 230/10000 (2%)] Unweighted L_s : L_Mnfld: 0.00518,  L_NonMnfld: 0.04527,  L_Nrml: 0.00000,  L_Eknl: 0.42629, L_Morse: 1.73048

Weights: [7000.0, 600.0, 0, 50.0, 0.0, 10.0], lr=5.000e-05
Epoch: 0 [ 240/10000 (2%)] Loss: 99.42448 = L_Mnfld: 31.29991 + L_NonMnfld: 28.93720 + L_Nrml: 0.00000 + L_Eknl: 21.86123 + L_Div: 0.00000 + L_Morse: 17.32615
Epoch: 0 [ 240/10000 (2%)] Unweighted L_s : L_Mnfld: 0.00447,  L_NonMnfld: 0.04823,  L_Nrml: 0.00000,  L_Eknl: 0.43722, L_Morse: 1.73261

Weights: [7000.0, 600.0, 0, 50.0, 0.0, 10.0], lr=5.000e-05
Epoch: 0 [ 250/10000 (2%)] Loss: 90.71575 = L_Mnfld: 30.95502 + L_NonMnfld: 25.13329 + L_Nrml: 0.00000 + L_Eknl: 20.92437 + L_Div: 0.00000 + L_Morse: 13.70307
Epoch: 0 [ 250/10000 (2%)] Unweighted L_s : L_Mnfld: 0.00442,  L_NonMnfld: 0.04189,  L_Nrml: 0.00000,  L_Eknl: 0.41849, L_Morse: 1.37031

Weights: [7000.0, 600.0, 0, 50.0, 0.0, 10.0], lr=5.000e-05
Epoch: 0 [ 260/10000 (3%)] Loss: 84.79524 = L_Mnfld: 26.45459 + L_NonMnfld: 25.50552 + L_Nrml: 0.00000 + L_Eknl: 20.04190 + L_Div: 0.00000 + L_Morse: 12.79324
Epoch: 0 [ 260/10000 (3%)] Unweighted L_s : L_Mnfld: 0.00378,  L_NonMnfld: 0.04251,  L_Nrml: 0.00000,  L_Eknl: 0.40084, L_Morse: 1.27932

Weights: [7000.0, 600.0, 0, 50.0, 0.0, 10.0], lr=5.000e-05
Epoch: 0 [ 270/10000 (3%)] Loss: 81.19432 = L_Mnfld: 23.82932 + L_NonMnfld: 26.23983 + L_Nrml: 0.00000 + L_Eknl: 19.11358 + L_Div: 0.00000 + L_Morse: 12.01158
Epoch: 0 [ 270/10000 (3%)] Unweighted L_s : L_Mnfld: 0.00340,  L_NonMnfld: 0.04373,  L_Nrml: 0.00000,  L_Eknl: 0.38227, L_Morse: 1.20116

Weights: [7000.0, 600.0, 0, 50.0, 0.0, 10.0], lr=5.000e-05
Epoch: 0 [ 280/10000 (3%)] Loss: 74.79782 = L_Mnfld: 20.65246 + L_NonMnfld: 24.48924 + L_Nrml: 0.00000 + L_Eknl: 18.90154 + L_Div: 0.00000 + L_Morse: 10.75458
Epoch: 0 [ 280/10000 (3%)] Unweighted L_s : L_Mnfld: 0.00295,  L_NonMnfld: 0.04082,  L_Nrml: 0.00000,  L_Eknl: 0.37803, L_Morse: 1.07546

Weights: [7000.0, 600.0, 0, 50.0, 0.0, 10.0], lr=5.000e-05
Epoch: 0 [ 290/10000 (3%)] Loss: 74.50532 = L_Mnfld: 19.68325 + L_NonMnfld: 25.48239 + L_Nrml: 0.00000 + L_Eknl: 18.40804 + L_Div: 0.00000 + L_Morse: 10.93163
Epoch: 0 [ 290/10000 (3%)] Unweighted L_s : L_Mnfld: 0.00281,  L_NonMnfld: 0.04247,  L_Nrml: 0.00000,  L_Eknl: 0.36816, L_Morse: 1.09316

Weights: [7000.0, 600.0, 0, 50.0, 0.0, 10.0], lr=5.000e-05
Epoch: 0 [ 300/10000 (3%)] Loss: 71.77452 = L_Mnfld: 18.36390 + L_NonMnfld: 24.45267 + L_Nrml: 0.00000 + L_Eknl: 18.06745 + L_Div: 0.00000 + L_Morse: 10.89050
Epoch: 0 [ 300/10000 (3%)] Unweighted L_s : L_Mnfld: 0.00262,  L_NonMnfld: 0.04075,  L_Nrml: 0.00000,  L_Eknl: 0.36135, L_Morse: 1.08905

Weights: [7000.0, 600.0, 0, 50.0, 0.0, 10.0], lr=5.000e-05
Epoch: 0 [ 310/10000 (3%)] Loss: 71.43313 = L_Mnfld: 18.62310 + L_NonMnfld: 24.51984 + L_Nrml: 0.00000 + L_Eknl: 17.78184 + L_Div: 0.00000 + L_Morse: 10.50834
Epoch: 0 [ 310/10000 (3%)] Unweighted L_s : L_Mnfld: 0.00266,  L_NonMnfld: 0.04087,  L_Nrml: 0.00000,  L_Eknl: 0.35564, L_Morse: 1.05083

Weights: [7000.0, 600.0, 0, 50.0, 0.0, 10.0], lr=5.000e-05
Epoch: 0 [ 320/10000 (3%)] Loss: 70.01421 = L_Mnfld: 16.56336 + L_NonMnfld: 24.97866 + L_Nrml: 0.00000 + L_Eknl: 17.50101 + L_Div: 0.00000 + L_Morse: 10.97118
Epoch: 0 [ 320/10000 (3%)] Unweighted L_s : L_Mnfld: 0.00237,  L_NonMnfld: 0.04163,  L_Nrml: 0.00000,  L_Eknl: 0.35002, L_Morse: 1.09712

Weights: [7000.0, 600.0, 0, 50.0, 0.0, 10.0], lr=5.000e-05
Epoch: 0 [ 330/10000 (3%)] Loss: 70.05965 = L_Mnfld: 17.33552 + L_NonMnfld: 24.78785 + L_Nrml: 0.00000 + L_Eknl: 17.44633 + L_Div: 0.00000 + L_Morse: 10.48995
Epoch: 0 [ 330/10000 (3%)] Unweighted L_s : L_Mnfld: 0.00248,  L_NonMnfld: 0.04131,  L_Nrml: 0.00000,  L_Eknl: 0.34893, L_Morse: 1.04899

Weights: [7000.0, 600.0, 0, 50.0, 0.0, 10.0], lr=5.000e-05
Epoch: 0 [ 340/10000 (3%)] Loss: 69.09244 = L_Mnfld: 16.96002 + L_NonMnfld: 24.69887 + L_Nrml: 0.00000 + L_Eknl: 17.06971 + L_Div: 0.00000 + L_Morse: 10.36384
Epoch: 0 [ 340/10000 (3%)] Unweighted L_s : L_Mnfld: 0.00242,  L_NonMnfld: 0.04116,  L_Nrml: 0.00000,  L_Eknl: 0.34139, L_Morse: 1.03638

Weights: [7000.0, 600.0, 0, 50.0, 0.0, 10.0], lr=5.000e-05
Epoch: 0 [ 350/10000 (4%)] Loss: 68.48586 = L_Mnfld: 17.37993 + L_NonMnfld: 23.11313 + L_Nrml: 0.00000 + L_Eknl: 17.10036 + L_Div: 0.00000 + L_Morse: 10.89244
Epoch: 0 [ 350/10000 (4%)] Unweighted L_s : L_Mnfld: 0.00248,  L_NonMnfld: 0.03852,  L_Nrml: 0.00000,  L_Eknl: 0.34201, L_Morse: 1.08924

Weights: [7000.0, 600.0, 0, 50.0, 0.0, 10.0], lr=5.000e-05
Epoch: 0 [ 360/10000 (4%)] Loss: 68.73199 = L_Mnfld: 16.35771 + L_NonMnfld: 24.79746 + L_Nrml: 0.00000 + L_Eknl: 16.81789 + L_Div: 0.00000 + L_Morse: 10.75893
Epoch: 0 [ 360/10000 (4%)] Unweighted L_s : L_Mnfld: 0.00234,  L_NonMnfld: 0.04133,  L_Nrml: 0.00000,  L_Eknl: 0.33636, L_Morse: 1.07589

Weights: [7000.0, 600.0, 0, 50.0, 0.0, 10.0], lr=5.000e-05
Epoch: 0 [ 370/10000 (4%)] Loss: 68.06489 = L_Mnfld: 16.82724 + L_NonMnfld: 24.06418 + L_Nrml: 0.00000 + L_Eknl: 16.67678 + L_Div: 0.00000 + L_Morse: 10.49668
Epoch: 0 [ 370/10000 (4%)] Unweighted L_s : L_Mnfld: 0.00240,  L_NonMnfld: 0.04011,  L_Nrml: 0.00000,  L_Eknl: 0.33354, L_Morse: 1.04967

Weights: [7000.0, 600.0, 0, 50.0, 0.0, 10.0], lr=5.000e-05
Epoch: 0 [ 380/10000 (4%)] Loss: 67.84015 = L_Mnfld: 16.02998 + L_NonMnfld: 24.49932 + L_Nrml: 0.00000 + L_Eknl: 16.53935 + L_Div: 0.00000 + L_Morse: 10.77150
Epoch: 0 [ 380/10000 (4%)] Unweighted L_s : L_Mnfld: 0.00229,  L_NonMnfld: 0.04083,  L_Nrml: 0.00000,  L_Eknl: 0.33079, L_Morse: 1.07715

Weights: [7000.0, 600.0, 0, 50.0, 0.0, 10.0], lr=5.000e-05
Epoch: 0 [ 390/10000 (4%)] Loss: 65.67558 = L_Mnfld: 16.53984 + L_NonMnfld: 21.93412 + L_Nrml: 0.00000 + L_Eknl: 16.41307 + L_Div: 0.00000 + L_Morse: 10.78856
Epoch: 0 [ 390/10000 (4%)] Unweighted L_s : L_Mnfld: 0.00236,  L_NonMnfld: 0.03656,  L_Nrml: 0.00000,  L_Eknl: 0.32826, L_Morse: 1.07886

Weights: [7000.0, 600.0, 0, 50.0, 0.0, 10.0], lr=5.000e-05
Epoch: 0 [ 400/10000 (4%)] Loss: 65.28635 = L_Mnfld: 15.87889 + L_NonMnfld: 22.87152 + L_Nrml: 0.00000 + L_Eknl: 16.15385 + L_Div: 0.00000 + L_Morse: 10.38210
Epoch: 0 [ 400/10000 (4%)] Unweighted L_s : L_Mnfld: 0.00227,  L_NonMnfld: 0.03812,  L_Nrml: 0.00000,  L_Eknl: 0.32308, L_Morse: 1.03821

Weights: [7000.0, 600.0, 0, 50.0, 0.0, 10.0], lr=5.000e-05
Epoch: 0 [ 410/10000 (4%)] Loss: 68.16614 = L_Mnfld: 17.77271 + L_NonMnfld: 23.40525 + L_Nrml: 0.00000 + L_Eknl: 16.12995 + L_Div: 0.00000 + L_Morse: 10.85823
Epoch: 0 [ 410/10000 (4%)] Unweighted L_s : L_Mnfld: 0.00254,  L_NonMnfld: 0.03901,  L_Nrml: 0.00000,  L_Eknl: 0.32260, L_Morse: 1.08582

Weights: [7000.0, 600.0, 0, 50.0, 0.0, 10.0], lr=5.000e-05
Epoch: 0 [ 420/10000 (4%)] Loss: 66.26613 = L_Mnfld: 16.80512 + L_NonMnfld: 22.79988 + L_Nrml: 0.00000 + L_Eknl: 16.06505 + L_Div: 0.00000 + L_Morse: 10.59607
Epoch: 0 [ 420/10000 (4%)] Unweighted L_s : L_Mnfld: 0.00240,  L_NonMnfld: 0.03800,  L_Nrml: 0.00000,  L_Eknl: 0.32130, L_Morse: 1.05961

Weights: [7000.0, 600.0, 0, 50.0, 0.0, 10.0], lr=5.000e-05
Epoch: 0 [ 430/10000 (4%)] Loss: 64.93529 = L_Mnfld: 16.53555 + L_NonMnfld: 21.99821 + L_Nrml: 0.00000 + L_Eknl: 15.99738 + L_Div: 0.00000 + L_Morse: 10.40415
Epoch: 0 [ 430/10000 (4%)] Unweighted L_s : L_Mnfld: 0.00236,  L_NonMnfld: 0.03666,  L_Nrml: 0.00000,  L_Eknl: 0.31995, L_Morse: 1.04041

Weights: [7000.0, 600.0, 0, 50.0, 0.0, 10.0], lr=5.000e-05
Epoch: 0 [ 440/10000 (4%)] Loss: 66.80154 = L_Mnfld: 16.14155 + L_NonMnfld: 23.91179 + L_Nrml: 0.00000 + L_Eknl: 15.79071 + L_Div: 0.00000 + L_Morse: 10.95749
Epoch: 0 [ 440/10000 (4%)] Unweighted L_s : L_Mnfld: 0.00231,  L_NonMnfld: 0.03985,  L_Nrml: 0.00000,  L_Eknl: 0.31581, L_Morse: 1.09575

Weights: [7000.0, 600.0, 0, 50.0, 0.0, 10.0], lr=5.000e-05
Epoch: 0 [ 450/10000 (4%)] Loss: 65.46333 = L_Mnfld: 16.90922 + L_NonMnfld: 22.17642 + L_Nrml: 0.00000 + L_Eknl: 15.71082 + L_Div: 0.00000 + L_Morse: 10.66687
Epoch: 0 [ 450/10000 (4%)] Unweighted L_s : L_Mnfld: 0.00242,  L_NonMnfld: 0.03696,  L_Nrml: 0.00000,  L_Eknl: 0.31422, L_Morse: 1.06669

Weights: [7000.0, 600.0, 0, 50.0, 0.0, 10.0], lr=5.000e-05
Epoch: 0 [ 460/10000 (5%)] Loss: 63.99747 = L_Mnfld: 16.58954 + L_NonMnfld: 20.81429 + L_Nrml: 0.00000 + L_Eknl: 15.71804 + L_Div: 0.00000 + L_Morse: 10.87560
Epoch: 0 [ 460/10000 (5%)] Unweighted L_s : L_Mnfld: 0.00237,  L_NonMnfld: 0.03469,  L_Nrml: 0.00000,  L_Eknl: 0.31436, L_Morse: 1.08756

Weights: [7000.0, 600.0, 0, 50.0, 0.0, 10.0], lr=5.000e-05
Epoch: 0 [ 470/10000 (5%)] Loss: 64.64456 = L_Mnfld: 16.29764 + L_NonMnfld: 21.87398 + L_Nrml: 0.00000 + L_Eknl: 15.47752 + L_Div: 0.00000 + L_Morse: 10.99543
Epoch: 0 [ 470/10000 (5%)] Unweighted L_s : L_Mnfld: 0.00233,  L_NonMnfld: 0.03646,  L_Nrml: 0.00000,  L_Eknl: 0.30955, L_Morse: 1.09954

Weights: [7000.0, 600.0, 0, 50.0, 0.0, 10.0], lr=5.000e-05
Epoch: 0 [ 480/10000 (5%)] Loss: 63.47000 = L_Mnfld: 15.53612 + L_NonMnfld: 21.52745 + L_Nrml: 0.00000 + L_Eknl: 15.34136 + L_Div: 0.00000 + L_Morse: 11.06509
Epoch: 0 [ 480/10000 (5%)] Unweighted L_s : L_Mnfld: 0.00222,  L_NonMnfld: 0.03588,  L_Nrml: 0.00000,  L_Eknl: 0.30683, L_Morse: 1.10651

Weights: [7000.0, 600.0, 0, 50.0, 0.0, 10.0], lr=5.000e-05
Epoch: 0 [ 490/10000 (5%)] Loss: 64.24555 = L_Mnfld: 17.03866 + L_NonMnfld: 21.58644 + L_Nrml: 0.00000 + L_Eknl: 15.32823 + L_Div: 0.00000 + L_Morse: 10.29223
Epoch: 0 [ 490/10000 (5%)] Unweighted L_s : L_Mnfld: 0.00243,  L_NonMnfld: 0.03598,  L_Nrml: 0.00000,  L_Eknl: 0.30656, L_Morse: 1.02922

Weights: [7000.0, 600.0, 0, 50.0, 0.0, 10.0], lr=5.000e-05
Epoch: 0 [ 500/10000 (5%)] Loss: 64.31308 = L_Mnfld: 15.49750 + L_NonMnfld: 22.94660 + L_Nrml: 0.00000 + L_Eknl: 15.30889 + L_Div: 0.00000 + L_Morse: 10.56009
Epoch: 0 [ 500/10000 (5%)] Unweighted L_s : L_Mnfld: 0.00221,  L_NonMnfld: 0.03824,  L_Nrml: 0.00000,  L_Eknl: 0.30618, L_Morse: 1.05601

Weights: [7000.0, 600.0, 0, 50.0, 0.0, 10.0], lr=5.000e-05
Epoch: 0 [ 510/10000 (5%)] Loss: 62.73289 = L_Mnfld: 15.81710 + L_NonMnfld: 21.17259 + L_Nrml: 0.00000 + L_Eknl: 15.23270 + L_Div: 0.00000 + L_Morse: 10.51050
Epoch: 0 [ 510/10000 (5%)] Unweighted L_s : L_Mnfld: 0.00226,  L_NonMnfld: 0.03529,  L_Nrml: 0.00000,  L_Eknl: 0.30465, L_Morse: 1.05105

Weights: [7000.0, 600.0, 0, 50.0, 0.0, 10.0], lr=5.000e-05
Epoch: 0 [ 520/10000 (5%)] Loss: 63.91964 = L_Mnfld: 15.14669 + L_NonMnfld: 22.74669 + L_Nrml: 0.00000 + L_Eknl: 15.28192 + L_Div: 0.00000 + L_Morse: 10.74434
Epoch: 0 [ 520/10000 (5%)] Unweighted L_s : L_Mnfld: 0.00216,  L_NonMnfld: 0.03791,  L_Nrml: 0.00000,  L_Eknl: 0.30564, L_Morse: 1.07443

Weights: [7000.0, 600.0, 0, 50.0, 0.0, 10.0], lr=5.000e-05
Epoch: 0 [ 530/10000 (5%)] Loss: 63.22503 = L_Mnfld: 16.10862 + L_NonMnfld: 20.89278 + L_Nrml: 0.00000 + L_Eknl: 14.95374 + L_Div: 0.00000 + L_Morse: 11.26989
Epoch: 0 [ 530/10000 (5%)] Unweighted L_s : L_Mnfld: 0.00230,  L_NonMnfld: 0.03482,  L_Nrml: 0.00000,  L_Eknl: 0.29907, L_Morse: 1.12699

Weights: [7000.0, 600.0, 0, 50.0, 0.0, 10.0], lr=5.000e-05
Epoch: 0 [ 540/10000 (5%)] Loss: 61.84496 = L_Mnfld: 15.64569 + L_NonMnfld: 20.65736 + L_Nrml: 0.00000 + L_Eknl: 14.98293 + L_Div: 0.00000 + L_Morse: 10.55897
Epoch: 0 [ 540/10000 (5%)] Unweighted L_s : L_Mnfld: 0.00224,  L_NonMnfld: 0.03443,  L_Nrml: 0.00000,  L_Eknl: 0.29966, L_Morse: 1.05590

Weights: [7000.0, 600.0, 0, 50.0, 0.0, 10.0], lr=5.000e-05
Epoch: 0 [ 550/10000 (6%)] Loss: 62.11817 = L_Mnfld: 15.49742 + L_NonMnfld: 20.92410 + L_Nrml: 0.00000 + L_Eknl: 14.95478 + L_Div: 0.00000 + L_Morse: 10.74187
Epoch: 0 [ 550/10000 (6%)] Unweighted L_s : L_Mnfld: 0.00221,  L_NonMnfld: 0.03487,  L_Nrml: 0.00000,  L_Eknl: 0.29910, L_Morse: 1.07419

Weights: [7000.0, 600.0, 0, 50.0, 0.0, 10.0], lr=5.000e-05
Epoch: 0 [ 560/10000 (6%)] Loss: 62.82798 = L_Mnfld: 15.09336 + L_NonMnfld: 22.15569 + L_Nrml: 0.00000 + L_Eknl: 14.77257 + L_Div: 0.00000 + L_Morse: 10.80636
Epoch: 0 [ 560/10000 (6%)] Unweighted L_s : L_Mnfld: 0.00216,  L_NonMnfld: 0.03693,  L_Nrml: 0.00000,  L_Eknl: 0.29545, L_Morse: 1.08064

Weights: [7000.0, 600.0, 0, 50.0, 0.0, 10.0], lr=5.000e-05
Epoch: 0 [ 570/10000 (6%)] Loss: 62.77269 = L_Mnfld: 16.50913 + L_NonMnfld: 21.05575 + L_Nrml: 0.00000 + L_Eknl: 14.61356 + L_Div: 0.00000 + L_Morse: 10.59425
Epoch: 0 [ 570/10000 (6%)] Unweighted L_s : L_Mnfld: 0.00236,  L_NonMnfld: 0.03509,  L_Nrml: 0.00000,  L_Eknl: 0.29227, L_Morse: 1.05942

Weights: [7000.0, 600.0, 0, 50.0, 0.0, 10.0], lr=5.000e-05
Epoch: 0 [ 580/10000 (6%)] Loss: 61.86583 = L_Mnfld: 14.71883 + L_NonMnfld: 21.32432 + L_Nrml: 0.00000 + L_Eknl: 14.56734 + L_Div: 0.00000 + L_Morse: 11.25535
Epoch: 0 [ 580/10000 (6%)] Unweighted L_s : L_Mnfld: 0.00210,  L_NonMnfld: 0.03554,  L_Nrml: 0.00000,  L_Eknl: 0.29135, L_Morse: 1.12553

Weights: [7000.0, 600.0, 0, 50.0, 0.0, 10.0], lr=5.000e-05
Epoch: 0 [ 590/10000 (6%)] Loss: 62.20480 = L_Mnfld: 15.39835 + L_NonMnfld: 21.28511 + L_Nrml: 0.00000 + L_Eknl: 14.54404 + L_Div: 0.00000 + L_Morse: 10.97730
Epoch: 0 [ 590/10000 (6%)] Unweighted L_s : L_Mnfld: 0.00220,  L_NonMnfld: 0.03548,  L_Nrml: 0.00000,  L_Eknl: 0.29088, L_Morse: 1.09773

Weights: [7000.0, 600.0, 0, 50.0, 0.0, 10.0], lr=5.000e-05
Epoch: 0 [ 600/10000 (6%)] Loss: 62.79509 = L_Mnfld: 14.40232 + L_NonMnfld: 23.00467 + L_Nrml: 0.00000 + L_Eknl: 14.35839 + L_Div: 0.00000 + L_Morse: 11.02971
Epoch: 0 [ 600/10000 (6%)] Unweighted L_s : L_Mnfld: 0.00206,  L_NonMnfld: 0.03834,  L_Nrml: 0.00000,  L_Eknl: 0.28717, L_Morse: 1.10297

Weights: [7000.0, 600.0, 0, 50.0, 0.0, 10.0], lr=5.000e-05
Epoch: 0 [ 610/10000 (6%)] Loss: 63.38982 = L_Mnfld: 15.31664 + L_NonMnfld: 22.93223 + L_Nrml: 0.00000 + L_Eknl: 14.43421 + L_Div: 0.00000 + L_Morse: 10.70674
Epoch: 0 [ 610/10000 (6%)] Unweighted L_s : L_Mnfld: 0.00219,  L_NonMnfld: 0.03822,  L_Nrml: 0.00000,  L_Eknl: 0.28868, L_Morse: 1.07067

Weights: [7000.0, 600.0, 0, 50.0, 0.0, 10.0], lr=5.000e-05
Epoch: 0 [ 620/10000 (6%)] Loss: 61.69146 = L_Mnfld: 15.06416 + L_NonMnfld: 21.37163 + L_Nrml: 0.00000 + L_Eknl: 14.36608 + L_Div: 0.00000 + L_Morse: 10.88959
Epoch: 0 [ 620/10000 (6%)] Unweighted L_s : L_Mnfld: 0.00215,  L_NonMnfld: 0.03562,  L_Nrml: 0.00000,  L_Eknl: 0.28732, L_Morse: 1.08896

Weights: [7000.0, 600.0, 0, 50.0, 0.0, 10.0], lr=5.000e-05
Epoch: 0 [ 630/10000 (6%)] Loss: 63.55510 = L_Mnfld: 16.24311 + L_NonMnfld: 22.17756 + L_Nrml: 0.00000 + L_Eknl: 14.40592 + L_Div: 0.00000 + L_Morse: 10.72851
Epoch: 0 [ 630/10000 (6%)] Unweighted L_s : L_Mnfld: 0.00232,  L_NonMnfld: 0.03696,  L_Nrml: 0.00000,  L_Eknl: 0.28812, L_Morse: 1.07285

Weights: [7000.0, 600.0, 0, 50.0, 0.0, 10.0], lr=5.000e-05
Epoch: 0 [ 640/10000 (6%)] Loss: 60.68785 = L_Mnfld: 14.62037 + L_NonMnfld: 21.56227 + L_Nrml: 0.00000 + L_Eknl: 14.28920 + L_Div: 0.00000 + L_Morse: 10.21601
Epoch: 0 [ 640/10000 (6%)] Unweighted L_s : L_Mnfld: 0.00209,  L_NonMnfld: 0.03594,  L_Nrml: 0.00000,  L_Eknl: 0.28578, L_Morse: 1.02160

Weights: [7000.0, 600.0, 0, 50.0, 0.0, 10.0], lr=5.000e-05
Epoch: 0 [ 650/10000 (6%)] Loss: 61.67139 = L_Mnfld: 15.68803 + L_NonMnfld: 21.06470 + L_Nrml: 0.00000 + L_Eknl: 14.11547 + L_Div: 0.00000 + L_Morse: 10.80319
Epoch: 0 [ 650/10000 (6%)] Unweighted L_s : L_Mnfld: 0.00224,  L_NonMnfld: 0.03511,  L_Nrml: 0.00000,  L_Eknl: 0.28231, L_Morse: 1.08032

Weights: [7000.0, 600.0, 0, 50.0, 0.0, 10.0], lr=5.000e-05
Epoch: 0 [ 660/10000 (7%)] Loss: 59.61739 = L_Mnfld: 14.47893 + L_NonMnfld: 20.58730 + L_Nrml: 0.00000 + L_Eknl: 14.21059 + L_Div: 0.00000 + L_Morse: 10.34058
Epoch: 0 [ 660/10000 (7%)] Unweighted L_s : L_Mnfld: 0.00207,  L_NonMnfld: 0.03431,  L_Nrml: 0.00000,  L_Eknl: 0.28421, L_Morse: 1.03406

Weights: [7000.0, 600.0, 0, 50.0, 0.0, 10.0], lr=5.000e-05
Epoch: 0 [ 670/10000 (7%)] Loss: 61.88945 = L_Mnfld: 15.64731 + L_NonMnfld: 21.28207 + L_Nrml: 0.00000 + L_Eknl: 14.01970 + L_Div: 0.00000 + L_Morse: 10.94037
Epoch: 0 [ 670/10000 (7%)] Unweighted L_s : L_Mnfld: 0.00224,  L_NonMnfld: 0.03547,  L_Nrml: 0.00000,  L_Eknl: 0.28039, L_Morse: 1.09404

Weights: [7000.0, 600.0, 0, 50.0, 0.0, 10.0], lr=5.000e-05
Epoch: 0 [ 680/10000 (7%)] Loss: 61.22329 = L_Mnfld: 15.20955 + L_NonMnfld: 21.05084 + L_Nrml: 0.00000 + L_Eknl: 14.03321 + L_Div: 0.00000 + L_Morse: 10.92969
Epoch: 0 [ 680/10000 (7%)] Unweighted L_s : L_Mnfld: 0.00217,  L_NonMnfld: 0.03508,  L_Nrml: 0.00000,  L_Eknl: 0.28066, L_Morse: 1.09297

Weights: [7000.0, 600.0, 0, 50.0, 0.0, 10.0], lr=5.000e-05
Epoch: 0 [ 690/10000 (7%)] Loss: 60.65845 = L_Mnfld: 15.16250 + L_NonMnfld: 20.57002 + L_Nrml: 0.00000 + L_Eknl: 13.92821 + L_Div: 0.00000 + L_Morse: 10.99771
Epoch: 0 [ 690/10000 (7%)] Unweighted L_s : L_Mnfld: 0.00217,  L_NonMnfld: 0.03428,  L_Nrml: 0.00000,  L_Eknl: 0.27856, L_Morse: 1.09977

Weights: [7000.0, 600.0, 0, 50.0, 0.0, 10.0], lr=5.000e-05
Epoch: 0 [ 700/10000 (7%)] Loss: 60.95143 = L_Mnfld: 14.29948 + L_NonMnfld: 22.01079 + L_Nrml: 0.00000 + L_Eknl: 13.93137 + L_Div: 0.00000 + L_Morse: 10.70979
Epoch: 0 [ 700/10000 (7%)] Unweighted L_s : L_Mnfld: 0.00204,  L_NonMnfld: 0.03668,  L_Nrml: 0.00000,  L_Eknl: 0.27863, L_Morse: 1.07098

Weights: [7000.0, 600.0, 0, 50.0, 0.0, 10.0], lr=5.000e-05
Epoch: 0 [ 710/10000 (7%)] Loss: 60.44858 = L_Mnfld: 14.47745 + L_NonMnfld: 21.47058 + L_Nrml: 0.00000 + L_Eknl: 13.86888 + L_Div: 0.00000 + L_Morse: 10.63168
Epoch: 0 [ 710/10000 (7%)] Unweighted L_s : L_Mnfld: 0.00207,  L_NonMnfld: 0.03578,  L_Nrml: 0.00000,  L_Eknl: 0.27738, L_Morse: 1.06317

Weights: [7000.0, 600.0, 0, 50.0, 0.0, 10.0], lr=5.000e-05
Epoch: 0 [ 720/10000 (7%)] Loss: 64.07654 = L_Mnfld: 15.72225 + L_NonMnfld: 23.15225 + L_Nrml: 0.00000 + L_Eknl: 13.90261 + L_Div: 0.00000 + L_Morse: 11.29943
Epoch: 0 [ 720/10000 (7%)] Unweighted L_s : L_Mnfld: 0.00225,  L_NonMnfld: 0.03859,  L_Nrml: 0.00000,  L_Eknl: 0.27805, L_Morse: 1.12994

Weights: [7000.0, 600.0, 0, 50.0, 0.0, 10.0], lr=5.000e-05
Epoch: 0 [ 730/10000 (7%)] Loss: 61.74979 = L_Mnfld: 16.63237 + L_NonMnfld: 20.19994 + L_Nrml: 0.00000 + L_Eknl: 13.83701 + L_Div: 0.00000 + L_Morse: 11.08046
Epoch: 0 [ 730/10000 (7%)] Unweighted L_s : L_Mnfld: 0.00238,  L_NonMnfld: 0.03367,  L_Nrml: 0.00000,  L_Eknl: 0.27674, L_Morse: 1.10805

Weights: [7000.0, 600.0, 0, 50.0, 0.0, 10.0], lr=5.000e-05
Epoch: 0 [ 740/10000 (7%)] Loss: 60.05081 = L_Mnfld: 15.23560 + L_NonMnfld: 20.50695 + L_Nrml: 0.00000 + L_Eknl: 13.63000 + L_Div: 0.00000 + L_Morse: 10.67827
Epoch: 0 [ 740/10000 (7%)] Unweighted L_s : L_Mnfld: 0.00218,  L_NonMnfld: 0.03418,  L_Nrml: 0.00000,  L_Eknl: 0.27260, L_Morse: 1.06783

Weights: [7000.0, 600.0, 0, 50.0, 0.0, 10.0], lr=5.000e-05
Epoch: 0 [ 750/10000 (8%)] Loss: 61.32199 = L_Mnfld: 16.51205 + L_NonMnfld: 20.19228 + L_Nrml: 0.00000 + L_Eknl: 13.62200 + L_Div: 0.00000 + L_Morse: 10.99566
Epoch: 0 [ 750/10000 (8%)] Unweighted L_s : L_Mnfld: 0.00236,  L_NonMnfld: 0.03365,  L_Nrml: 0.00000,  L_Eknl: 0.27244, L_Morse: 1.09957

Weights: [7000.0, 600.0, 0, 50.0, 0.0, 10.0], lr=5.000e-05
Epoch: 0 [ 760/10000 (8%)] Loss: 61.94577 = L_Mnfld: 15.67792 + L_NonMnfld: 21.65872 + L_Nrml: 0.00000 + L_Eknl: 13.58687 + L_Div: 0.00000 + L_Morse: 11.02226
Epoch: 0 [ 760/10000 (8%)] Unweighted L_s : L_Mnfld: 0.00224,  L_NonMnfld: 0.03610,  L_Nrml: 0.00000,  L_Eknl: 0.27174, L_Morse: 1.10223

Weights: [7000.0, 600.0, 0, 50.0, 0.0, 10.0], lr=5.000e-05
Epoch: 0 [ 770/10000 (8%)] Loss: 61.55410 = L_Mnfld: 15.13799 + L_NonMnfld: 22.03296 + L_Nrml: 0.00000 + L_Eknl: 13.53678 + L_Div: 0.00000 + L_Morse: 10.84637
Epoch: 0 [ 770/10000 (8%)] Unweighted L_s : L_Mnfld: 0.00216,  L_NonMnfld: 0.03672,  L_Nrml: 0.00000,  L_Eknl: 0.27074, L_Morse: 1.08464

Weights: [7000.0, 600.0, 0, 50.0, 0.0, 10.0], lr=5.000e-05
Epoch: 0 [ 780/10000 (8%)] Loss: 60.98694 = L_Mnfld: 15.40040 + L_NonMnfld: 21.22278 + L_Nrml: 0.00000 + L_Eknl: 13.63592 + L_Div: 0.00000 + L_Morse: 10.72783
Epoch: 0 [ 780/10000 (8%)] Unweighted L_s : L_Mnfld: 0.00220,  L_NonMnfld: 0.03537,  L_Nrml: 0.00000,  L_Eknl: 0.27272, L_Morse: 1.07278

Weights: [7000.0, 600.0, 0, 50.0, 0.0, 10.0], lr=5.000e-05
Epoch: 0 [ 790/10000 (8%)] Loss: 60.09259 = L_Mnfld: 15.34714 + L_NonMnfld: 20.56699 + L_Nrml: 0.00000 + L_Eknl: 13.40683 + L_Div: 0.00000 + L_Morse: 10.77164
Epoch: 0 [ 790/10000 (8%)] Unweighted L_s : L_Mnfld: 0.00219,  L_NonMnfld: 0.03428,  L_Nrml: 0.00000,  L_Eknl: 0.26814, L_Morse: 1.07716

Weights: [7000.0, 600.0, 0, 50.0, 0.0, 10.0], lr=5.000e-05
Epoch: 0 [ 800/10000 (8%)] Loss: 62.71357 = L_Mnfld: 16.37966 + L_NonMnfld: 21.57829 + L_Nrml: 0.00000 + L_Eknl: 13.27741 + L_Div: 0.00000 + L_Morse: 11.47820
Epoch: 0 [ 800/10000 (8%)] Unweighted L_s : L_Mnfld: 0.00234,  L_NonMnfld: 0.03596,  L_Nrml: 0.00000,  L_Eknl: 0.26555, L_Morse: 1.14782

Weights: [7000.0, 600.0, 0, 50.0, 0.0, 10.0], lr=5.000e-05
Epoch: 0 [ 810/10000 (8%)] Loss: 73.02065 = L_Mnfld: 25.71454 + L_NonMnfld: 21.20984 + L_Nrml: 0.00000 + L_Eknl: 13.67701 + L_Div: 0.00000 + L_Morse: 12.41926
Epoch: 0 [ 810/10000 (8%)] Unweighted L_s : L_Mnfld: 0.00367,  L_NonMnfld: 0.03535,  L_Nrml: 0.00000,  L_Eknl: 0.27354, L_Morse: 1.24193

Weights: [7000.0, 600.0, 0, 50.0, 0.0, 10.0], lr=5.000e-05
Epoch: 0 [ 820/10000 (8%)] Loss: 73.10746 = L_Mnfld: 24.82579 + L_NonMnfld: 20.58630 + L_Nrml: 0.00000 + L_Eknl: 14.08644 + L_Div: 0.00000 + L_Morse: 13.60893
Epoch: 0 [ 820/10000 (8%)] Unweighted L_s : L_Mnfld: 0.00355,  L_NonMnfld: 0.03431,  L_Nrml: 0.00000,  L_Eknl: 0.28173, L_Morse: 1.36089

Weights: [7000.0, 600.0, 0, 50.0, 0.0, 10.0], lr=5.000e-05
Epoch: 0 [ 830/10000 (8%)] Loss: 78.12524 = L_Mnfld: 27.53156 + L_NonMnfld: 21.54149 + L_Nrml: 0.00000 + L_Eknl: 14.53441 + L_Div: 0.00000 + L_Morse: 14.51777
Epoch: 0 [ 830/10000 (8%)] Unweighted L_s : L_Mnfld: 0.00393,  L_NonMnfld: 0.03590,  L_Nrml: 0.00000,  L_Eknl: 0.29069, L_Morse: 1.45178

Weights: [7000.0, 600.0, 0, 50.0, 0.0, 10.0], lr=5.000e-05
Epoch: 0 [ 840/10000 (8%)] Loss: 83.87768 = L_Mnfld: 32.51105 + L_NonMnfld: 21.57638 + L_Nrml: 0.00000 + L_Eknl: 15.07928 + L_Div: 0.00000 + L_Morse: 14.71096
Epoch: 0 [ 840/10000 (8%)] Unweighted L_s : L_Mnfld: 0.00464,  L_NonMnfld: 0.03596,  L_Nrml: 0.00000,  L_Eknl: 0.30159, L_Morse: 1.47110

Weights: [7000.0, 600.0, 0, 50.0, 0.0, 10.0], lr=5.000e-05
Epoch: 0 [ 850/10000 (8%)] Loss: 81.11047 = L_Mnfld: 28.08048 + L_NonMnfld: 22.91651 + L_Nrml: 0.00000 + L_Eknl: 16.22050 + L_Div: 0.00000 + L_Morse: 13.89299
Epoch: 0 [ 850/10000 (8%)] Unweighted L_s : L_Mnfld: 0.00401,  L_NonMnfld: 0.03819,  L_Nrml: 0.00000,  L_Eknl: 0.32441, L_Morse: 1.38930

Weights: [7000.0, 600.0, 0, 50.0, 0.0, 10.0], lr=5.000e-05
Epoch: 0 [ 860/10000 (9%)] Loss: 84.91032 = L_Mnfld: 34.75303 + L_NonMnfld: 21.72003 + L_Nrml: 0.00000 + L_Eknl: 14.91127 + L_Div: 0.00000 + L_Morse: 13.52599
Epoch: 0 [ 860/10000 (9%)] Unweighted L_s : L_Mnfld: 0.00496,  L_NonMnfld: 0.03620,  L_Nrml: 0.00000,  L_Eknl: 0.29823, L_Morse: 1.35260

Weights: [7000.0, 600.0, 0, 50.0, 0.0, 10.0], lr=5.000e-05
Epoch: 0 [ 870/10000 (9%)] Loss: 80.04199 = L_Mnfld: 29.43429 + L_NonMnfld: 22.60856 + L_Nrml: 0.00000 + L_Eknl: 15.34719 + L_Div: 0.00000 + L_Morse: 12.65195
Epoch: 0 [ 870/10000 (9%)] Unweighted L_s : L_Mnfld: 0.00420,  L_NonMnfld: 0.03768,  L_Nrml: 0.00000,  L_Eknl: 0.30694, L_Morse: 1.26520

Weights: [7000.0, 600.0, 0, 50.0, 0.0, 10.0], lr=5.000e-05
Epoch: 0 [ 880/10000 (9%)] Loss: 78.10605 = L_Mnfld: 25.74445 + L_NonMnfld: 22.99182 + L_Nrml: 0.00000 + L_Eknl: 15.74296 + L_Div: 0.00000 + L_Morse: 13.62682
Epoch: 0 [ 880/10000 (9%)] Unweighted L_s : L_Mnfld: 0.00368,  L_NonMnfld: 0.03832,  L_Nrml: 0.00000,  L_Eknl: 0.31486, L_Morse: 1.36268

Weights: [7000.0, 600.0, 0, 50.0, 0.0, 10.0], lr=5.000e-05
Epoch: 0 [ 890/10000 (9%)] Loss: 66.67516 = L_Mnfld: 18.73092 + L_NonMnfld: 21.52691 + L_Nrml: 0.00000 + L_Eknl: 15.23988 + L_Div: 0.00000 + L_Morse: 11.17745
Epoch: 0 [ 890/10000 (9%)] Unweighted L_s : L_Mnfld: 0.00268,  L_NonMnfld: 0.03588,  L_Nrml: 0.00000,  L_Eknl: 0.30480, L_Morse: 1.11774

Weights: [7000.0, 600.0, 0, 50.0, 0.0, 10.0], lr=5.000e-05
Epoch: 0 [ 900/10000 (9%)] Loss: 62.74066 = L_Mnfld: 16.41062 + L_NonMnfld: 21.42416 + L_Nrml: 0.00000 + L_Eknl: 14.86592 + L_Div: 0.00000 + L_Morse: 10.03996
Epoch: 0 [ 900/10000 (9%)] Unweighted L_s : L_Mnfld: 0.00234,  L_NonMnfld: 0.03571,  L_Nrml: 0.00000,  L_Eknl: 0.29732, L_Morse: 1.00400

Weights: [7000.0, 600.0, 0, 50.0, 0.0, 10.0], lr=5.000e-05
Epoch: 0 [ 910/10000 (9%)] Loss: 59.37809 = L_Mnfld: 14.57188 + L_NonMnfld: 20.64239 + L_Nrml: 0.00000 + L_Eknl: 14.59866 + L_Div: 0.00000 + L_Morse: 9.56515
Epoch: 0 [ 910/10000 (9%)] Unweighted L_s : L_Mnfld: 0.00208,  L_NonMnfld: 0.03440,  L_Nrml: 0.00000,  L_Eknl: 0.29197, L_Morse: 0.95652

Weights: [7000.0, 600.0, 0, 50.0, 0.0, 10.0], lr=5.000e-05
Epoch: 0 [ 920/10000 (9%)] Loss: 58.00094 = L_Mnfld: 12.89688 + L_NonMnfld: 22.01795 + L_Nrml: 0.00000 + L_Eknl: 14.18062 + L_Div: 0.00000 + L_Morse: 8.90549
Epoch: 0 [ 920/10000 (9%)] Unweighted L_s : L_Mnfld: 0.00184,  L_NonMnfld: 0.03670,  L_Nrml: 0.00000,  L_Eknl: 0.28361, L_Morse: 0.89055

Weights: [7000.0, 600.0, 0, 50.0, 0.0, 10.0], lr=5.000e-05
Epoch: 0 [ 930/10000 (9%)] Loss: 55.75114 = L_Mnfld: 12.51937 + L_NonMnfld: 20.40587 + L_Nrml: 0.00000 + L_Eknl: 14.04098 + L_Div: 0.00000 + L_Morse: 8.78492
Epoch: 0 [ 930/10000 (9%)] Unweighted L_s : L_Mnfld: 0.00179,  L_NonMnfld: 0.03401,  L_Nrml: 0.00000,  L_Eknl: 0.28082, L_Morse: 0.87849

Weights: [7000.0, 600.0, 0, 50.0, 0.0, 10.0], lr=5.000e-05
Epoch: 0 [ 940/10000 (9%)] Loss: 54.77248 = L_Mnfld: 11.95929 + L_NonMnfld: 20.37252 + L_Nrml: 0.00000 + L_Eknl: 13.63819 + L_Div: 0.00000 + L_Morse: 8.80248
Epoch: 0 [ 940/10000 (9%)] Unweighted L_s : L_Mnfld: 0.00171,  L_NonMnfld: 0.03395,  L_Nrml: 0.00000,  L_Eknl: 0.27276, L_Morse: 0.88025

Weights: [7000.0, 600.0, 0, 50.0, 0.0, 10.0], lr=5.000e-05
Epoch: 0 [ 950/10000 (10%)] Loss: 54.89288 = L_Mnfld: 11.54853 + L_NonMnfld: 20.65910 + L_Nrml: 0.00000 + L_Eknl: 13.66203 + L_Div: 0.00000 + L_Morse: 9.02322
Epoch: 0 [ 950/10000 (10%)] Unweighted L_s : L_Mnfld: 0.00165,  L_NonMnfld: 0.03443,  L_Nrml: 0.00000,  L_Eknl: 0.27324, L_Morse: 0.90232

Weights: [7000.0, 600.0, 0, 50.0, 0.0, 10.0], lr=5.000e-05
Epoch: 0 [ 960/10000 (10%)] Loss: 55.30543 = L_Mnfld: 11.75941 + L_NonMnfld: 20.97348 + L_Nrml: 0.00000 + L_Eknl: 13.53243 + L_Div: 0.00000 + L_Morse: 9.04011
Epoch: 0 [ 960/10000 (10%)] Unweighted L_s : L_Mnfld: 0.00168,  L_NonMnfld: 0.03496,  L_Nrml: 0.00000,  L_Eknl: 0.27065, L_Morse: 0.90401

Weights: [7000.0, 600.0, 0, 50.0, 0.0, 10.0], lr=5.000e-05
Epoch: 0 [ 970/10000 (10%)] Loss: 55.99885 = L_Mnfld: 12.14329 + L_NonMnfld: 21.38284 + L_Nrml: 0.00000 + L_Eknl: 13.45705 + L_Div: 0.00000 + L_Morse: 9.01567
Epoch: 0 [ 970/10000 (10%)] Unweighted L_s : L_Mnfld: 0.00173,  L_NonMnfld: 0.03564,  L_Nrml: 0.00000,  L_Eknl: 0.26914, L_Morse: 0.90157

Weights: [7000.0, 600.0, 0, 50.0, 0.0, 10.0], lr=5.000e-05
Epoch: 0 [ 980/10000 (10%)] Loss: 54.89728 = L_Mnfld: 11.80321 + L_NonMnfld: 20.74220 + L_Nrml: 0.00000 + L_Eknl: 13.37870 + L_Div: 0.00000 + L_Morse: 8.97317
Epoch: 0 [ 980/10000 (10%)] Unweighted L_s : L_Mnfld: 0.00169,  L_NonMnfld: 0.03457,  L_Nrml: 0.00000,  L_Eknl: 0.26757, L_Morse: 0.89732

Weights: [7000.0, 600.0, 0, 50.0, 0.0, 10.0], lr=5.000e-05
Epoch: 0 [ 990/10000 (10%)] Loss: 55.92804 = L_Mnfld: 11.53769 + L_NonMnfld: 22.01370 + L_Nrml: 0.00000 + L_Eknl: 13.19688 + L_Div: 0.00000 + L_Morse: 9.17977
Epoch: 0 [ 990/10000 (10%)] Unweighted L_s : L_Mnfld: 0.00165,  L_NonMnfld: 0.03669,  L_Nrml: 0.00000,  L_Eknl: 0.26394, L_Morse: 0.91798

Weights: [7000.0, 600.0, 0, 50.0, 0.0, 10.0], lr=5.000e-05
Epoch: 0 [1000/10000 (10%)] Loss: 54.32951 = L_Mnfld: 11.68673 + L_NonMnfld: 20.46538 + L_Nrml: 0.00000 + L_Eknl: 13.30122 + L_Div: 0.00000 + L_Morse: 8.87618
Epoch: 0 [1000/10000 (10%)] Unweighted L_s : L_Mnfld: 0.00167,  L_NonMnfld: 0.03411,  L_Nrml: 0.00000,  L_Eknl: 0.26602, L_Morse: 0.88762

Weights: [7000.0, 600.0, 0, 50.0, 0.0, 10.0], lr=5.000e-05
Epoch: 0 [1010/10000 (10%)] Loss: 54.41120 = L_Mnfld: 11.53477 + L_NonMnfld: 20.90592 + L_Nrml: 0.00000 + L_Eknl: 13.02927 + L_Div: 0.00000 + L_Morse: 8.94124
Epoch: 0 [1010/10000 (10%)] Unweighted L_s : L_Mnfld: 0.00165,  L_NonMnfld: 0.03484,  L_Nrml: 0.00000,  L_Eknl: 0.26059, L_Morse: 0.89412

Weights: [7000.0, 600.0, 0, 50.0, 0.0, 10.0], lr=5.000e-05
Epoch: 0 [1020/10000 (10%)] Loss: 54.61238 = L_Mnfld: 11.41002 + L_NonMnfld: 21.12444 + L_Nrml: 0.00000 + L_Eknl: 12.98526 + L_Div: 0.00000 + L_Morse: 9.09266
Epoch: 0 [1020/10000 (10%)] Unweighted L_s : L_Mnfld: 0.00163,  L_NonMnfld: 0.03521,  L_Nrml: 0.00000,  L_Eknl: 0.25971, L_Morse: 0.90927

Weights: [7000.0, 600.0, 0, 50.0, 0.0, 10.0], lr=5.000e-05
Epoch: 0 [1030/10000 (10%)] Loss: 54.08130 = L_Mnfld: 11.34077 + L_NonMnfld: 20.63800 + L_Nrml: 0.00000 + L_Eknl: 12.93847 + L_Div: 0.00000 + L_Morse: 9.16406
Epoch: 0 [1030/10000 (10%)] Unweighted L_s : L_Mnfld: 0.00162,  L_NonMnfld: 0.03440,  L_Nrml: 0.00000,  L_Eknl: 0.25877, L_Morse: 0.91641

Weights: [7000.0, 600.0, 0, 50.0, 0.0, 10.0], lr=5.000e-05
Epoch: 0 [1040/10000 (10%)] Loss: 57.41161 = L_Mnfld: 13.62067 + L_NonMnfld: 21.14195 + L_Nrml: 0.00000 + L_Eknl: 12.78357 + L_Div: 0.00000 + L_Morse: 9.86541
Epoch: 0 [1040/10000 (10%)] Unweighted L_s : L_Mnfld: 0.00195,  L_NonMnfld: 0.03524,  L_Nrml: 0.00000,  L_Eknl: 0.25567, L_Morse: 0.98654

Weights: [7000.0, 600.0, 0, 50.0, 0.0, 10.0], lr=5.000e-05
Epoch: 0 [1050/10000 (10%)] Loss: 55.19462 = L_Mnfld: 11.76640 + L_NonMnfld: 21.57664 + L_Nrml: 0.00000 + L_Eknl: 12.64417 + L_Div: 0.00000 + L_Morse: 9.20741
Epoch: 0 [1050/10000 (10%)] Unweighted L_s : L_Mnfld: 0.00168,  L_NonMnfld: 0.03596,  L_Nrml: 0.00000,  L_Eknl: 0.25288, L_Morse: 0.92074

Weights: [7000.0, 600.0, 0, 50.0, 0.0, 10.0], lr=5.000e-05
Epoch: 0 [1060/10000 (11%)] Loss: 55.84701 = L_Mnfld: 13.48717 + L_NonMnfld: 19.86554 + L_Nrml: 0.00000 + L_Eknl: 12.79052 + L_Div: 0.00000 + L_Morse: 9.70378
Epoch: 0 [1060/10000 (11%)] Unweighted L_s : L_Mnfld: 0.00193,  L_NonMnfld: 0.03311,  L_Nrml: 0.00000,  L_Eknl: 0.25581, L_Morse: 0.97038

Weights: [7000.0, 600.0, 0, 50.0, 0.0, 10.0], lr=5.000e-05
Epoch: 0 [1070/10000 (11%)] Loss: 54.71853 = L_Mnfld: 11.76009 + L_NonMnfld: 20.46695 + L_Nrml: 0.00000 + L_Eknl: 12.73465 + L_Div: 0.00000 + L_Morse: 9.75683
Epoch: 0 [1070/10000 (11%)] Unweighted L_s : L_Mnfld: 0.00168,  L_NonMnfld: 0.03411,  L_Nrml: 0.00000,  L_Eknl: 0.25469, L_Morse: 0.97568

Weights: [7000.0, 600.0, 0, 50.0, 0.0, 10.0], lr=5.000e-05
Epoch: 0 [1080/10000 (11%)] Loss: 54.03848 = L_Mnfld: 12.73062 + L_NonMnfld: 19.49653 + L_Nrml: 0.00000 + L_Eknl: 12.50927 + L_Div: 0.00000 + L_Morse: 9.30205
Epoch: 0 [1080/10000 (11%)] Unweighted L_s : L_Mnfld: 0.00182,  L_NonMnfld: 0.03249,  L_Nrml: 0.00000,  L_Eknl: 0.25019, L_Morse: 0.93021

Weights: [7000.0, 600.0, 0, 50.0, 0.0, 10.0], lr=5.000e-05
Epoch: 0 [1090/10000 (11%)] Loss: 54.40152 = L_Mnfld: 12.09625 + L_NonMnfld: 19.92411 + L_Nrml: 0.00000 + L_Eknl: 12.72610 + L_Div: 0.00000 + L_Morse: 9.65506
Epoch: 0 [1090/10000 (11%)] Unweighted L_s : L_Mnfld: 0.00173,  L_NonMnfld: 0.03321,  L_Nrml: 0.00000,  L_Eknl: 0.25452, L_Morse: 0.96551

Weights: [7000.0, 600.0, 0, 50.0, 0.0, 10.0], lr=5.000e-05
Epoch: 0 [1100/10000 (11%)] Loss: 54.67429 = L_Mnfld: 12.15661 + L_NonMnfld: 20.19061 + L_Nrml: 0.00000 + L_Eknl: 12.59438 + L_Div: 0.00000 + L_Morse: 9.73270
Epoch: 0 [1100/10000 (11%)] Unweighted L_s : L_Mnfld: 0.00174,  L_NonMnfld: 0.03365,  L_Nrml: 0.00000,  L_Eknl: 0.25189, L_Morse: 0.97327

Weights: [7000.0, 600.0, 0, 50.0, 0.0, 10.0], lr=5.000e-05
Epoch: 0 [1110/10000 (11%)] Loss: 53.75523 = L_Mnfld: 10.93322 + L_NonMnfld: 21.01988 + L_Nrml: 0.00000 + L_Eknl: 12.48312 + L_Div: 0.00000 + L_Morse: 9.31900
Epoch: 0 [1110/10000 (11%)] Unweighted L_s : L_Mnfld: 0.00156,  L_NonMnfld: 0.03503,  L_Nrml: 0.00000,  L_Eknl: 0.24966, L_Morse: 0.93190

Weights: [7000.0, 600.0, 0, 50.0, 0.0, 10.0], lr=5.000e-05
Epoch: 0 [1120/10000 (11%)] Loss: 53.40004 = L_Mnfld: 11.19284 + L_NonMnfld: 20.51745 + L_Nrml: 0.00000 + L_Eknl: 12.53206 + L_Div: 0.00000 + L_Morse: 9.15769
Epoch: 0 [1120/10000 (11%)] Unweighted L_s : L_Mnfld: 0.00160,  L_NonMnfld: 0.03420,  L_Nrml: 0.00000,  L_Eknl: 0.25064, L_Morse: 0.91577

Weights: [7000.0, 600.0, 0, 50.0, 0.0, 10.0], lr=5.000e-05
Epoch: 0 [1130/10000 (11%)] Loss: 52.79999 = L_Mnfld: 10.64406 + L_NonMnfld: 20.24398 + L_Nrml: 0.00000 + L_Eknl: 12.51009 + L_Div: 0.00000 + L_Morse: 9.40187
Epoch: 0 [1130/10000 (11%)] Unweighted L_s : L_Mnfld: 0.00152,  L_NonMnfld: 0.03374,  L_Nrml: 0.00000,  L_Eknl: 0.25020, L_Morse: 0.94019

Weights: [7000.0, 600.0, 0, 50.0, 0.0, 10.0], lr=5.000e-05
Epoch: 0 [1140/10000 (11%)] Loss: 53.20219 = L_Mnfld: 12.12378 + L_NonMnfld: 19.58115 + L_Nrml: 0.00000 + L_Eknl: 12.31820 + L_Div: 0.00000 + L_Morse: 9.17906
Epoch: 0 [1140/10000 (11%)] Unweighted L_s : L_Mnfld: 0.00173,  L_NonMnfld: 0.03264,  L_Nrml: 0.00000,  L_Eknl: 0.24636, L_Morse: 0.91791

Weights: [7000.0, 600.0, 0, 50.0, 0.0, 10.0], lr=5.000e-05
Epoch: 0 [1150/10000 (12%)] Loss: 52.21003 = L_Mnfld: 10.47334 + L_NonMnfld: 20.31293 + L_Nrml: 0.00000 + L_Eknl: 12.35059 + L_Div: 0.00000 + L_Morse: 9.07317
Epoch: 0 [1150/10000 (12%)] Unweighted L_s : L_Mnfld: 0.00150,  L_NonMnfld: 0.03385,  L_Nrml: 0.00000,  L_Eknl: 0.24701, L_Morse: 0.90732

Weights: [7000.0, 600.0, 0, 50.0, 0.0, 10.0], lr=5.000e-05
Epoch: 0 [1160/10000 (12%)] Loss: 52.89178 = L_Mnfld: 11.09426 + L_NonMnfld: 20.48940 + L_Nrml: 0.00000 + L_Eknl: 12.33279 + L_Div: 0.00000 + L_Morse: 8.97532
Epoch: 0 [1160/10000 (12%)] Unweighted L_s : L_Mnfld: 0.00158,  L_NonMnfld: 0.03415,  L_Nrml: 0.00000,  L_Eknl: 0.24666, L_Morse: 0.89753

Weights: [7000.0, 600.0, 0, 50.0, 0.0, 10.0], lr=5.000e-05
Epoch: 0 [1170/10000 (12%)] Loss: 52.11168 = L_Mnfld: 10.02807 + L_NonMnfld: 20.43465 + L_Nrml: 0.00000 + L_Eknl: 12.17716 + L_Div: 0.00000 + L_Morse: 9.47180
Epoch: 0 [1170/10000 (12%)] Unweighted L_s : L_Mnfld: 0.00143,  L_NonMnfld: 0.03406,  L_Nrml: 0.00000,  L_Eknl: 0.24354, L_Morse: 0.94718

Weights: [7000.0, 600.0, 0, 50.0, 0.0, 10.0], lr=5.000e-05
Epoch: 0 [1180/10000 (12%)] Loss: 53.54945 = L_Mnfld: 11.27065 + L_NonMnfld: 20.74884 + L_Nrml: 0.00000 + L_Eknl: 12.13362 + L_Div: 0.00000 + L_Morse: 9.39634
Epoch: 0 [1180/10000 (12%)] Unweighted L_s : L_Mnfld: 0.00161,  L_NonMnfld: 0.03458,  L_Nrml: 0.00000,  L_Eknl: 0.24267, L_Morse: 0.93963

Weights: [7000.0, 600.0, 0, 50.0, 0.0, 10.0], lr=5.000e-05
Epoch: 0 [1190/10000 (12%)] Loss: 50.94976 = L_Mnfld: 10.59480 + L_NonMnfld: 19.20692 + L_Nrml: 0.00000 + L_Eknl: 11.99312 + L_Div: 0.00000 + L_Morse: 9.15492
Epoch: 0 [1190/10000 (12%)] Unweighted L_s : L_Mnfld: 0.00151,  L_NonMnfld: 0.03201,  L_Nrml: 0.00000,  L_Eknl: 0.23986, L_Morse: 0.91549

Weights: [7000.0, 600.0, 0, 50.0, 0.0, 10.0], lr=5.000e-05
Epoch: 0 [1200/10000 (12%)] Loss: 53.35429 = L_Mnfld: 11.44503 + L_NonMnfld: 20.65081 + L_Nrml: 0.00000 + L_Eknl: 12.00763 + L_Div: 0.00000 + L_Morse: 9.25081
Epoch: 0 [1200/10000 (12%)] Unweighted L_s : L_Mnfld: 0.00164,  L_NonMnfld: 0.03442,  L_Nrml: 0.00000,  L_Eknl: 0.24015, L_Morse: 0.92508

Weights: [7000.0, 600.0, 0, 50.0, 0.0, 10.0], lr=5.000e-05
Epoch: 0 [1210/10000 (12%)] Loss: 51.89997 = L_Mnfld: 10.67494 + L_NonMnfld: 20.06321 + L_Nrml: 0.00000 + L_Eknl: 12.05686 + L_Div: 0.00000 + L_Morse: 9.10497
Epoch: 0 [1210/10000 (12%)] Unweighted L_s : L_Mnfld: 0.00152,  L_NonMnfld: 0.03344,  L_Nrml: 0.00000,  L_Eknl: 0.24114, L_Morse: 0.91050

Weights: [7000.0, 600.0, 0, 50.0, 0.0, 10.0], lr=5.000e-05
Epoch: 0 [1220/10000 (12%)] Loss: 52.63023 = L_Mnfld: 11.03172 + L_NonMnfld: 20.23174 + L_Nrml: 0.00000 + L_Eknl: 11.96796 + L_Div: 0.00000 + L_Morse: 9.39882
Epoch: 0 [1220/10000 (12%)] Unweighted L_s : L_Mnfld: 0.00158,  L_NonMnfld: 0.03372,  L_Nrml: 0.00000,  L_Eknl: 0.23936, L_Morse: 0.93988

Weights: [7000.0, 600.0, 0, 50.0, 0.0, 10.0], lr=5.000e-05
Epoch: 0 [1230/10000 (12%)] Loss: 52.27653 = L_Mnfld: 10.84224 + L_NonMnfld: 20.38785 + L_Nrml: 0.00000 + L_Eknl: 11.86649 + L_Div: 0.00000 + L_Morse: 9.17995
Epoch: 0 [1230/10000 (12%)] Unweighted L_s : L_Mnfld: 0.00155,  L_NonMnfld: 0.03398,  L_Nrml: 0.00000,  L_Eknl: 0.23733, L_Morse: 0.91799

Weights: [7000.0, 600.0, 0, 50.0, 0.0, 10.0], lr=5.000e-05
Epoch: 0 [1240/10000 (12%)] Loss: 52.26829 = L_Mnfld: 11.24362 + L_NonMnfld: 19.63672 + L_Nrml: 0.00000 + L_Eknl: 11.79923 + L_Div: 0.00000 + L_Morse: 9.58871
Epoch: 0 [1240/10000 (12%)] Unweighted L_s : L_Mnfld: 0.00161,  L_NonMnfld: 0.03273,  L_Nrml: 0.00000,  L_Eknl: 0.23598, L_Morse: 0.95887

Weights: [7000.0, 600.0, 0, 50.0, 0.0, 10.0], lr=5.000e-05
Epoch: 0 [1250/10000 (12%)] Loss: 52.64624 = L_Mnfld: 10.88174 + L_NonMnfld: 20.57695 + L_Nrml: 0.00000 + L_Eknl: 11.97570 + L_Div: 0.00000 + L_Morse: 9.21186
Epoch: 0 [1250/10000 (12%)] Unweighted L_s : L_Mnfld: 0.00155,  L_NonMnfld: 0.03429,  L_Nrml: 0.00000,  L_Eknl: 0.23951, L_Morse: 0.92119

Weights: [7000.0, 600.0, 0, 50.0, 0.0, 10.0], lr=5.000e-05
Epoch: 0 [1260/10000 (13%)] Loss: 52.30354 = L_Mnfld: 10.90778 + L_NonMnfld: 20.12119 + L_Nrml: 0.00000 + L_Eknl: 11.86652 + L_Div: 0.00000 + L_Morse: 9.40805
Epoch: 0 [1260/10000 (13%)] Unweighted L_s : L_Mnfld: 0.00156,  L_NonMnfld: 0.03354,  L_Nrml: 0.00000,  L_Eknl: 0.23733, L_Morse: 0.94081

Weights: [7000.0, 600.0, 0, 50.0, 0.0, 10.0], lr=5.000e-05
Epoch: 0 [1270/10000 (13%)] Loss: 55.20871 = L_Mnfld: 13.30578 + L_NonMnfld: 19.56154 + L_Nrml: 0.00000 + L_Eknl: 12.04885 + L_Div: 0.00000 + L_Morse: 10.29254
Epoch: 0 [1270/10000 (13%)] Unweighted L_s : L_Mnfld: 0.00190,  L_NonMnfld: 0.03260,  L_Nrml: 0.00000,  L_Eknl: 0.24098, L_Morse: 1.02925

Weights: [7000.0, 600.0, 0, 50.0, 0.0, 10.0], lr=5.000e-05
Epoch: 0 [1280/10000 (13%)] Loss: 54.93532 = L_Mnfld: 13.29847 + L_NonMnfld: 19.42116 + L_Nrml: 0.00000 + L_Eknl: 11.98801 + L_Div: 0.00000 + L_Morse: 10.22768
Epoch: 0 [1280/10000 (13%)] Unweighted L_s : L_Mnfld: 0.00190,  L_NonMnfld: 0.03237,  L_Nrml: 0.00000,  L_Eknl: 0.23976, L_Morse: 1.02277

Weights: [7000.0, 600.0, 0, 50.0, 0.0, 10.0], lr=5.000e-05
Epoch: 0 [1290/10000 (13%)] Loss: 53.69822 = L_Mnfld: 11.97008 + L_NonMnfld: 19.63124 + L_Nrml: 0.00000 + L_Eknl: 12.09157 + L_Div: 0.00000 + L_Morse: 10.00532
Epoch: 0 [1290/10000 (13%)] Unweighted L_s : L_Mnfld: 0.00171,  L_NonMnfld: 0.03272,  L_Nrml: 0.00000,  L_Eknl: 0.24183, L_Morse: 1.00053

Weights: [7000.0, 600.0, 0, 50.0, 0.0, 10.0], lr=5.000e-05
Epoch: 0 [1300/10000 (13%)] Loss: 55.13886 = L_Mnfld: 12.34312 + L_NonMnfld: 20.88077 + L_Nrml: 0.00000 + L_Eknl: 11.91046 + L_Div: 0.00000 + L_Morse: 10.00451
Epoch: 0 [1300/10000 (13%)] Unweighted L_s : L_Mnfld: 0.00176,  L_NonMnfld: 0.03480,  L_Nrml: 0.00000,  L_Eknl: 0.23821, L_Morse: 1.00045

Weights: [7000.0, 600.0, 0, 50.0, 0.0, 10.0], lr=5.000e-05
Epoch: 0 [1310/10000 (13%)] Loss: 54.93349 = L_Mnfld: 11.69225 + L_NonMnfld: 21.42622 + L_Nrml: 0.00000 + L_Eknl: 12.15226 + L_Div: 0.00000 + L_Morse: 9.66275
Epoch: 0 [1310/10000 (13%)] Unweighted L_s : L_Mnfld: 0.00167,  L_NonMnfld: 0.03571,  L_Nrml: 0.00000,  L_Eknl: 0.24305, L_Morse: 0.96628

Weights: [7000.0, 600.0, 0, 50.0, 0.0, 10.0], lr=5.000e-05
Epoch: 0 [1320/10000 (13%)] Loss: 54.73827 = L_Mnfld: 13.80389 + L_NonMnfld: 19.11246 + L_Nrml: 0.00000 + L_Eknl: 12.09237 + L_Div: 0.00000 + L_Morse: 9.72956
Epoch: 0 [1320/10000 (13%)] Unweighted L_s : L_Mnfld: 0.00197,  L_NonMnfld: 0.03185,  L_Nrml: 0.00000,  L_Eknl: 0.24185, L_Morse: 0.97296

Weights: [7000.0, 600.0, 0, 50.0, 0.0, 10.0], lr=5.000e-05
Epoch: 0 [1330/10000 (13%)] Loss: 55.30753 = L_Mnfld: 13.76979 + L_NonMnfld: 19.82026 + L_Nrml: 0.00000 + L_Eknl: 11.84564 + L_Div: 0.00000 + L_Morse: 9.87184
Epoch: 0 [1330/10000 (13%)] Unweighted L_s : L_Mnfld: 0.00197,  L_NonMnfld: 0.03303,  L_Nrml: 0.00000,  L_Eknl: 0.23691, L_Morse: 0.98718

Weights: [7000.0, 600.0, 0, 50.0, 0.0, 10.0], lr=5.000e-05
Epoch: 0 [1340/10000 (13%)] Loss: 54.13845 = L_Mnfld: 12.64474 + L_NonMnfld: 20.04572 + L_Nrml: 0.00000 + L_Eknl: 11.77788 + L_Div: 0.00000 + L_Morse: 9.67011
Epoch: 0 [1340/10000 (13%)] Unweighted L_s : L_Mnfld: 0.00181,  L_NonMnfld: 0.03341,  L_Nrml: 0.00000,  L_Eknl: 0.23556, L_Morse: 0.96701

Weights: [7000.0, 600.0, 0, 50.0, 0.0, 10.0], lr=5.000e-05
Epoch: 0 [1350/10000 (14%)] Loss: 53.99332 = L_Mnfld: 11.64528 + L_NonMnfld: 20.91560 + L_Nrml: 0.00000 + L_Eknl: 11.75852 + L_Div: 0.00000 + L_Morse: 9.67392
Epoch: 0 [1350/10000 (14%)] Unweighted L_s : L_Mnfld: 0.00166,  L_NonMnfld: 0.03486,  L_Nrml: 0.00000,  L_Eknl: 0.23517, L_Morse: 0.96739

Weights: [7000.0, 600.0, 0, 50.0, 0.0, 10.0], lr=5.000e-05
Epoch: 0 [1360/10000 (14%)] Loss: 52.63989 = L_Mnfld: 11.18035 + L_NonMnfld: 20.27073 + L_Nrml: 0.00000 + L_Eknl: 11.57688 + L_Div: 0.00000 + L_Morse: 9.61194
Epoch: 0 [1360/10000 (14%)] Unweighted L_s : L_Mnfld: 0.00160,  L_NonMnfld: 0.03378,  L_Nrml: 0.00000,  L_Eknl: 0.23154, L_Morse: 0.96119

Weights: [7000.0, 600.0, 0, 50.0, 0.0, 10.0], lr=5.000e-05
Epoch: 0 [1370/10000 (14%)] Loss: 51.15043 = L_Mnfld: 11.24876 + L_NonMnfld: 19.19854 + L_Nrml: 0.00000 + L_Eknl: 11.50866 + L_Div: 0.00000 + L_Morse: 9.19447
Epoch: 0 [1370/10000 (14%)] Unweighted L_s : L_Mnfld: 0.00161,  L_NonMnfld: 0.03200,  L_Nrml: 0.00000,  L_Eknl: 0.23017, L_Morse: 0.91945

Weights: [7000.0, 600.0, 0, 50.0, 0.0, 10.0], lr=5.000e-05
Epoch: 0 [1380/10000 (14%)] Loss: 51.24323 = L_Mnfld: 11.15904 + L_NonMnfld: 19.18489 + L_Nrml: 0.00000 + L_Eknl: 11.48875 + L_Div: 0.00000 + L_Morse: 9.41055
Epoch: 0 [1380/10000 (14%)] Unweighted L_s : L_Mnfld: 0.00159,  L_NonMnfld: 0.03197,  L_Nrml: 0.00000,  L_Eknl: 0.22977, L_Morse: 0.94106

Weights: [7000.0, 600.0, 0, 50.0, 0.0, 10.0], lr=5.000e-05
Epoch: 0 [1390/10000 (14%)] Loss: 51.48546 = L_Mnfld: 10.18705 + L_NonMnfld: 20.64540 + L_Nrml: 0.00000 + L_Eknl: 11.60269 + L_Div: 0.00000 + L_Morse: 9.05032
Epoch: 0 [1390/10000 (14%)] Unweighted L_s : L_Mnfld: 0.00146,  L_NonMnfld: 0.03441,  L_Nrml: 0.00000,  L_Eknl: 0.23205, L_Morse: 0.90503

Weights: [7000.0, 600.0, 0, 50.0, 0.0, 10.0], lr=5.000e-05
Epoch: 0 [1400/10000 (14%)] Loss: 49.93570 = L_Mnfld: 10.49663 + L_NonMnfld: 19.15498 + L_Nrml: 0.00000 + L_Eknl: 11.33610 + L_Div: 0.00000 + L_Morse: 8.94798
Epoch: 0 [1400/10000 (14%)] Unweighted L_s : L_Mnfld: 0.00150,  L_NonMnfld: 0.03192,  L_Nrml: 0.00000,  L_Eknl: 0.22672, L_Morse: 0.89480

Weights: [7000.0, 600.0, 0, 50.0, 0.0, 10.0], lr=5.000e-05
Epoch: 0 [1410/10000 (14%)] Loss: 51.63926 = L_Mnfld: 11.22180 + L_NonMnfld: 19.61000 + L_Nrml: 0.00000 + L_Eknl: 11.36118 + L_Div: 0.00000 + L_Morse: 9.44627
Epoch: 0 [1410/10000 (14%)] Unweighted L_s : L_Mnfld: 0.00160,  L_NonMnfld: 0.03268,  L_Nrml: 0.00000,  L_Eknl: 0.22722, L_Morse: 0.94463

Weights: [7000.0, 600.0, 0, 50.0, 0.0, 10.0], lr=5.000e-05
Epoch: 0 [1420/10000 (14%)] Loss: 50.74323 = L_Mnfld: 10.73185 + L_NonMnfld: 18.89767 + L_Nrml: 0.00000 + L_Eknl: 11.47757 + L_Div: 0.00000 + L_Morse: 9.63614
Epoch: 0 [1420/10000 (14%)] Unweighted L_s : L_Mnfld: 0.00153,  L_NonMnfld: 0.03150,  L_Nrml: 0.00000,  L_Eknl: 0.22955, L_Morse: 0.96361

Weights: [7000.0, 600.0, 0, 50.0, 0.0, 10.0], lr=5.000e-05
Epoch: 0 [1430/10000 (14%)] Loss: 54.30495 = L_Mnfld: 11.47520 + L_NonMnfld: 21.30378 + L_Nrml: 0.00000 + L_Eknl: 11.44226 + L_Div: 0.00000 + L_Morse: 10.08372
Epoch: 0 [1430/10000 (14%)] Unweighted L_s : L_Mnfld: 0.00164,  L_NonMnfld: 0.03551,  L_Nrml: 0.00000,  L_Eknl: 0.22885, L_Morse: 1.00837

Weights: [7000.0, 600.0, 0, 50.0, 0.0, 10.0], lr=5.000e-05
Epoch: 0 [1440/10000 (14%)] Loss: 53.35772 = L_Mnfld: 12.43983 + L_NonMnfld: 19.59336 + L_Nrml: 0.00000 + L_Eknl: 11.36822 + L_Div: 0.00000 + L_Morse: 9.95630
Epoch: 0 [1440/10000 (14%)] Unweighted L_s : L_Mnfld: 0.00178,  L_NonMnfld: 0.03266,  L_Nrml: 0.00000,  L_Eknl: 0.22736, L_Morse: 0.99563

Weights: [7000.0, 600.0, 0, 50.0, 0.0, 10.0], lr=5.000e-05
Epoch: 0 [1450/10000 (14%)] Loss: 53.06652 = L_Mnfld: 11.80333 + L_NonMnfld: 19.83131 + L_Nrml: 0.00000 + L_Eknl: 11.43743 + L_Div: 0.00000 + L_Morse: 9.99444
Epoch: 0 [1450/10000 (14%)] Unweighted L_s : L_Mnfld: 0.00169,  L_NonMnfld: 0.03305,  L_Nrml: 0.00000,  L_Eknl: 0.22875, L_Morse: 0.99944

Weights: [7000.0, 600.0, 0, 50.0, 0.0, 10.0], lr=5.000e-05
Epoch: 0 [1460/10000 (15%)] Loss: 52.37477 = L_Mnfld: 11.35571 + L_NonMnfld: 19.93656 + L_Nrml: 0.00000 + L_Eknl: 11.55816 + L_Div: 0.00000 + L_Morse: 9.52434
Epoch: 0 [1460/10000 (15%)] Unweighted L_s : L_Mnfld: 0.00162,  L_NonMnfld: 0.03323,  L_Nrml: 0.00000,  L_Eknl: 0.23116, L_Morse: 0.95243

Weights: [7000.0, 600.0, 0, 50.0, 0.0, 10.0], lr=5.000e-05
Epoch: 0 [1470/10000 (15%)] Loss: 51.86397 = L_Mnfld: 11.58885 + L_NonMnfld: 19.40229 + L_Nrml: 0.00000 + L_Eknl: 11.40369 + L_Div: 0.00000 + L_Morse: 9.46913
Epoch: 0 [1470/10000 (15%)] Unweighted L_s : L_Mnfld: 0.00166,  L_NonMnfld: 0.03234,  L_Nrml: 0.00000,  L_Eknl: 0.22807, L_Morse: 0.94691

Weights: [7000.0, 600.0, 0, 50.0, 0.0, 10.0], lr=5.000e-05
Epoch: 0 [1480/10000 (15%)] Loss: 52.55558 = L_Mnfld: 11.83348 + L_NonMnfld: 19.27936 + L_Nrml: 0.00000 + L_Eknl: 11.38747 + L_Div: 0.00000 + L_Morse: 10.05527
Epoch: 0 [1480/10000 (15%)] Unweighted L_s : L_Mnfld: 0.00169,  L_NonMnfld: 0.03213,  L_Nrml: 0.00000,  L_Eknl: 0.22775, L_Morse: 1.00553

Weights: [7000.0, 600.0, 0, 50.0, 0.0, 10.0], lr=5.000e-05
Epoch: 0 [1490/10000 (15%)] Loss: 53.25046 = L_Mnfld: 10.93524 + L_NonMnfld: 21.80024 + L_Nrml: 0.00000 + L_Eknl: 11.42257 + L_Div: 0.00000 + L_Morse: 9.09240
Epoch: 0 [1490/10000 (15%)] Unweighted L_s : L_Mnfld: 0.00156,  L_NonMnfld: 0.03633,  L_Nrml: 0.00000,  L_Eknl: 0.22845, L_Morse: 0.90924

Weights: [7000.0, 600.0, 0, 50.0, 0.0, 10.0], lr=5.000e-05
Epoch: 0 [1500/10000 (15%)] Loss: 50.84507 = L_Mnfld: 10.85499 + L_NonMnfld: 18.90970 + L_Nrml: 0.00000 + L_Eknl: 11.34320 + L_Div: 0.00000 + L_Morse: 9.73718
Epoch: 0 [1500/10000 (15%)] Unweighted L_s : L_Mnfld: 0.00155,  L_NonMnfld: 0.03152,  L_Nrml: 0.00000,  L_Eknl: 0.22686, L_Morse: 0.97372

Weights: [7000.0, 600.0, 0, 50.0, 0.0, 10.0], lr=5.000e-05
Epoch: 0 [1510/10000 (15%)] Loss: 52.68422 = L_Mnfld: 10.99083 + L_NonMnfld: 20.31301 + L_Nrml: 0.00000 + L_Eknl: 11.32071 + L_Div: 0.00000 + L_Morse: 10.05967
Epoch: 0 [1510/10000 (15%)] Unweighted L_s : L_Mnfld: 0.00157,  L_NonMnfld: 0.03386,  L_Nrml: 0.00000,  L_Eknl: 0.22641, L_Morse: 1.00597

Weights: [7000.0, 600.0, 0, 50.0, 0.0, 10.0], lr=5.000e-05
Epoch: 0 [1520/10000 (15%)] Loss: 53.87399 = L_Mnfld: 12.35095 + L_NonMnfld: 20.04183 + L_Nrml: 0.00000 + L_Eknl: 11.42667 + L_Div: 0.00000 + L_Morse: 10.05454
Epoch: 0 [1520/10000 (15%)] Unweighted L_s : L_Mnfld: 0.00176,  L_NonMnfld: 0.03340,  L_Nrml: 0.00000,  L_Eknl: 0.22853, L_Morse: 1.00545

Weights: [7000.0, 600.0, 0, 50.0, 0.0, 10.0], lr=5.000e-05
Epoch: 0 [1530/10000 (15%)] Loss: 53.44359 = L_Mnfld: 11.00718 + L_NonMnfld: 20.74658 + L_Nrml: 0.00000 + L_Eknl: 11.54860 + L_Div: 0.00000 + L_Morse: 10.14123
Epoch: 0 [1530/10000 (15%)] Unweighted L_s : L_Mnfld: 0.00157,  L_NonMnfld: 0.03458,  L_Nrml: 0.00000,  L_Eknl: 0.23097, L_Morse: 1.01412

Weights: [7000.0, 600.0, 0, 50.0, 0.0, 10.0], lr=5.000e-05
Epoch: 0 [1540/10000 (15%)] Loss: 52.21055 = L_Mnfld: 11.32261 + L_NonMnfld: 19.79142 + L_Nrml: 0.00000 + L_Eknl: 11.26624 + L_Div: 0.00000 + L_Morse: 9.83028
Epoch: 0 [1540/10000 (15%)] Unweighted L_s : L_Mnfld: 0.00162,  L_NonMnfld: 0.03299,  L_Nrml: 0.00000,  L_Eknl: 0.22532, L_Morse: 0.98303

Weights: [7000.0, 600.0, 0, 50.0, 0.0, 10.0], lr=5.000e-05
Epoch: 0 [1550/10000 (16%)] Loss: 53.75758 = L_Mnfld: 12.34851 + L_NonMnfld: 20.35676 + L_Nrml: 0.00000 + L_Eknl: 11.27023 + L_Div: 0.00000 + L_Morse: 9.78208
Epoch: 0 [1550/10000 (16%)] Unweighted L_s : L_Mnfld: 0.00176,  L_NonMnfld: 0.03393,  L_Nrml: 0.00000,  L_Eknl: 0.22540, L_Morse: 0.97821

Weights: [7000.0, 600.0, 0, 50.0, 0.0, 10.0], lr=5.000e-05
Epoch: 0 [1560/10000 (16%)] Loss: 54.29220 = L_Mnfld: 14.59143 + L_NonMnfld: 18.46642 + L_Nrml: 0.00000 + L_Eknl: 11.32865 + L_Div: 0.00000 + L_Morse: 9.90570
Epoch: 0 [1560/10000 (16%)] Unweighted L_s : L_Mnfld: 0.00208,  L_NonMnfld: 0.03078,  L_Nrml: 0.00000,  L_Eknl: 0.22657, L_Morse: 0.99057

Weights: [7000.0, 600.0, 0, 50.0, 0.0, 10.0], lr=5.000e-05
Epoch: 0 [1570/10000 (16%)] Loss: 54.10213 = L_Mnfld: 12.95468 + L_NonMnfld: 19.65340 + L_Nrml: 0.00000 + L_Eknl: 11.54004 + L_Div: 0.00000 + L_Morse: 9.95403
Epoch: 0 [1570/10000 (16%)] Unweighted L_s : L_Mnfld: 0.00185,  L_NonMnfld: 0.03276,  L_Nrml: 0.00000,  L_Eknl: 0.23080, L_Morse: 0.99540

Weights: [7000.0, 600.0, 0, 50.0, 0.0, 10.0], lr=5.000e-05
Epoch: 0 [1580/10000 (16%)] Loss: 56.35720 = L_Mnfld: 14.55908 + L_NonMnfld: 20.66185 + L_Nrml: 0.00000 + L_Eknl: 11.19532 + L_Div: 0.00000 + L_Morse: 9.94096
Epoch: 0 [1580/10000 (16%)] Unweighted L_s : L_Mnfld: 0.00208,  L_NonMnfld: 0.03444,  L_Nrml: 0.00000,  L_Eknl: 0.22391, L_Morse: 0.99410

Weights: [7000.0, 600.0, 0, 50.0, 0.0, 10.0], lr=5.000e-05
Epoch: 0 [1590/10000 (16%)] Loss: 56.57556 = L_Mnfld: 14.26763 + L_NonMnfld: 21.01635 + L_Nrml: 0.00000 + L_Eknl: 11.23502 + L_Div: 0.00000 + L_Morse: 10.05655
Epoch: 0 [1590/10000 (16%)] Unweighted L_s : L_Mnfld: 0.00204,  L_NonMnfld: 0.03503,  L_Nrml: 0.00000,  L_Eknl: 0.22470, L_Morse: 1.00566

Weights: [7000.0, 600.0, 0, 50.0, 0.0, 10.0], lr=5.000e-05
Epoch: 0 [1600/10000 (16%)] Loss: 55.12923 = L_Mnfld: 14.26931 + L_NonMnfld: 20.00349 + L_Nrml: 0.00000 + L_Eknl: 11.04641 + L_Div: 0.00000 + L_Morse: 9.81002
Epoch: 0 [1600/10000 (16%)] Unweighted L_s : L_Mnfld: 0.00204,  L_NonMnfld: 0.03334,  L_Nrml: 0.00000,  L_Eknl: 0.22093, L_Morse: 0.98100

Weights: [7000.0, 600.0, 0, 50.0, 0.0, 10.0], lr=5.000e-05
Epoch: 0 [1610/10000 (16%)] Loss: 53.63464 = L_Mnfld: 13.36602 + L_NonMnfld: 19.10984 + L_Nrml: 0.00000 + L_Eknl: 11.26611 + L_Div: 0.00000 + L_Morse: 9.89268
Epoch: 0 [1610/10000 (16%)] Unweighted L_s : L_Mnfld: 0.00191,  L_NonMnfld: 0.03185,  L_Nrml: 0.00000,  L_Eknl: 0.22532, L_Morse: 0.98927

Weights: [7000.0, 600.0, 0, 50.0, 0.0, 10.0], lr=5.000e-05
Epoch: 0 [1620/10000 (16%)] Loss: 50.97470 = L_Mnfld: 11.42717 + L_NonMnfld: 19.07352 + L_Nrml: 0.00000 + L_Eknl: 11.04947 + L_Div: 0.00000 + L_Morse: 9.42454
Epoch: 0 [1620/10000 (16%)] Unweighted L_s : L_Mnfld: 0.00163,  L_NonMnfld: 0.03179,  L_Nrml: 0.00000,  L_Eknl: 0.22099, L_Morse: 0.94245

Weights: [7000.0, 600.0, 0, 50.0, 0.0, 10.0], lr=5.000e-05
Epoch: 0 [1630/10000 (16%)] Loss: 50.59843 = L_Mnfld: 10.76008 + L_NonMnfld: 19.05724 + L_Nrml: 0.00000 + L_Eknl: 10.93924 + L_Div: 0.00000 + L_Morse: 9.84187
Epoch: 0 [1630/10000 (16%)] Unweighted L_s : L_Mnfld: 0.00154,  L_NonMnfld: 0.03176,  L_Nrml: 0.00000,  L_Eknl: 0.21878, L_Morse: 0.98419

Weights: [7000.0, 600.0, 0, 50.0, 0.0, 10.0], lr=5.000e-05
Epoch: 0 [1640/10000 (16%)] Loss: 51.01745 = L_Mnfld: 10.82719 + L_NonMnfld: 20.26834 + L_Nrml: 0.00000 + L_Eknl: 10.94855 + L_Div: 0.00000 + L_Morse: 8.97337
Epoch: 0 [1640/10000 (16%)] Unweighted L_s : L_Mnfld: 0.00155,  L_NonMnfld: 0.03378,  L_Nrml: 0.00000,  L_Eknl: 0.21897, L_Morse: 0.89734

Weights: [7000.0, 600.0, 0, 50.0, 0.0, 10.0], lr=5.000e-05
Epoch: 0 [1650/10000 (16%)] Loss: 49.33620 = L_Mnfld: 10.16355 + L_NonMnfld: 19.19323 + L_Nrml: 0.00000 + L_Eknl: 10.82467 + L_Div: 0.00000 + L_Morse: 9.15475
Epoch: 0 [1650/10000 (16%)] Unweighted L_s : L_Mnfld: 0.00145,  L_NonMnfld: 0.03199,  L_Nrml: 0.00000,  L_Eknl: 0.21649, L_Morse: 0.91548

Weights: [7000.0, 600.0, 0, 50.0, 0.0, 10.0], lr=5.000e-05
Epoch: 0 [1660/10000 (17%)] Loss: 50.63351 = L_Mnfld: 11.22497 + L_NonMnfld: 19.05013 + L_Nrml: 0.00000 + L_Eknl: 10.71464 + L_Div: 0.00000 + L_Morse: 9.64377
Epoch: 0 [1660/10000 (17%)] Unweighted L_s : L_Mnfld: 0.00160,  L_NonMnfld: 0.03175,  L_Nrml: 0.00000,  L_Eknl: 0.21429, L_Morse: 0.96438

Weights: [7000.0, 600.0, 0, 50.0, 0.0, 10.0], lr=5.000e-05
Epoch: 0 [1670/10000 (17%)] Loss: 49.55930 = L_Mnfld: 10.25829 + L_NonMnfld: 19.14178 + L_Nrml: 0.00000 + L_Eknl: 10.74687 + L_Div: 0.00000 + L_Morse: 9.41236
Epoch: 0 [1670/10000 (17%)] Unweighted L_s : L_Mnfld: 0.00147,  L_NonMnfld: 0.03190,  L_Nrml: 0.00000,  L_Eknl: 0.21494, L_Morse: 0.94124

Weights: [7000.0, 600.0, 0, 50.0, 0.0, 10.0], lr=5.000e-05
Epoch: 0 [1680/10000 (17%)] Loss: 51.44282 = L_Mnfld: 12.06414 + L_NonMnfld: 18.76988 + L_Nrml: 0.00000 + L_Eknl: 10.73094 + L_Div: 0.00000 + L_Morse: 9.87786
Epoch: 0 [1680/10000 (17%)] Unweighted L_s : L_Mnfld: 0.00172,  L_NonMnfld: 0.03128,  L_Nrml: 0.00000,  L_Eknl: 0.21462, L_Morse: 0.98779

Weights: [7000.0, 600.0, 0, 50.0, 0.0, 10.0], lr=5.000e-05
Epoch: 0 [1690/10000 (17%)] Loss: 52.87785 = L_Mnfld: 11.93382 + L_NonMnfld: 20.75495 + L_Nrml: 0.00000 + L_Eknl: 10.81234 + L_Div: 0.00000 + L_Morse: 9.37674
Epoch: 0 [1690/10000 (17%)] Unweighted L_s : L_Mnfld: 0.00170,  L_NonMnfld: 0.03459,  L_Nrml: 0.00000,  L_Eknl: 0.21625, L_Morse: 0.93767

Weights: [7000.0, 600.0, 0, 50.0, 0.0, 10.0], lr=5.000e-05
Epoch: 0 [1700/10000 (17%)] Loss: 51.02043 = L_Mnfld: 12.21505 + L_NonMnfld: 18.37994 + L_Nrml: 0.00000 + L_Eknl: 10.82337 + L_Div: 0.00000 + L_Morse: 9.60207
Epoch: 0 [1700/10000 (17%)] Unweighted L_s : L_Mnfld: 0.00175,  L_NonMnfld: 0.03063,  L_Nrml: 0.00000,  L_Eknl: 0.21647, L_Morse: 0.96021

Weights: [7000.0, 600.0, 0, 50.0, 0.0, 10.0], lr=5.000e-05
Epoch: 0 [1710/10000 (17%)] Loss: 52.72215 = L_Mnfld: 11.66381 + L_NonMnfld: 20.39856 + L_Nrml: 0.00000 + L_Eknl: 10.89000 + L_Div: 0.00000 + L_Morse: 9.76978
Epoch: 0 [1710/10000 (17%)] Unweighted L_s : L_Mnfld: 0.00167,  L_NonMnfld: 0.03400,  L_Nrml: 0.00000,  L_Eknl: 0.21780, L_Morse: 0.97698

Weights: [7000.0, 600.0, 0, 50.0, 0.0, 10.0], lr=5.000e-05
Epoch: 0 [1720/10000 (17%)] Loss: 51.09726 = L_Mnfld: 11.66123 + L_NonMnfld: 19.30588 + L_Nrml: 0.00000 + L_Eknl: 10.66450 + L_Div: 0.00000 + L_Morse: 9.46564
Epoch: 0 [1720/10000 (17%)] Unweighted L_s : L_Mnfld: 0.00167,  L_NonMnfld: 0.03218,  L_Nrml: 0.00000,  L_Eknl: 0.21329, L_Morse: 0.94656

Weights: [7000.0, 600.0, 0, 50.0, 0.0, 10.0], lr=5.000e-05
Epoch: 0 [1730/10000 (17%)] Loss: 49.90172 = L_Mnfld: 10.63488 + L_NonMnfld: 19.30198 + L_Nrml: 0.00000 + L_Eknl: 10.79007 + L_Div: 0.00000 + L_Morse: 9.17479
Epoch: 0 [1730/10000 (17%)] Unweighted L_s : L_Mnfld: 0.00152,  L_NonMnfld: 0.03217,  L_Nrml: 0.00000,  L_Eknl: 0.21580, L_Morse: 0.91748

Weights: [7000.0, 600.0, 0, 50.0, 0.0, 10.0], lr=5.000e-05
Epoch: 0 [1740/10000 (17%)] Loss: 52.21657 = L_Mnfld: 12.00634 + L_NonMnfld: 19.54671 + L_Nrml: 0.00000 + L_Eknl: 10.71475 + L_Div: 0.00000 + L_Morse: 9.94877
Epoch: 0 [1740/10000 (17%)] Unweighted L_s : L_Mnfld: 0.00172,  L_NonMnfld: 0.03258,  L_Nrml: 0.00000,  L_Eknl: 0.21429, L_Morse: 0.99488

Weights: [7000.0, 600.0, 0, 50.0, 0.0, 10.0], lr=5.000e-05
Epoch: 0 [1750/10000 (18%)] Loss: 51.27095 = L_Mnfld: 11.37903 + L_NonMnfld: 19.46718 + L_Nrml: 0.00000 + L_Eknl: 10.87703 + L_Div: 0.00000 + L_Morse: 9.54771
Epoch: 0 [1750/10000 (18%)] Unweighted L_s : L_Mnfld: 0.00163,  L_NonMnfld: 0.03245,  L_Nrml: 0.00000,  L_Eknl: 0.21754, L_Morse: 0.95477

Weights: [7000.0, 600.0, 0, 50.0, 0.0, 10.0], lr=5.000e-05
Epoch: 0 [1760/10000 (18%)] Loss: 50.81769 = L_Mnfld: 11.37295 + L_NonMnfld: 19.45098 + L_Nrml: 0.00000 + L_Eknl: 10.81107 + L_Div: 0.00000 + L_Morse: 9.18269
Epoch: 0 [1760/10000 (18%)] Unweighted L_s : L_Mnfld: 0.00162,  L_NonMnfld: 0.03242,  L_Nrml: 0.00000,  L_Eknl: 0.21622, L_Morse: 0.91827

Weights: [7000.0, 600.0, 0, 50.0, 0.0, 10.0], lr=5.000e-05
Epoch: 0 [1770/10000 (18%)] Loss: 52.17844 = L_Mnfld: 11.33662 + L_NonMnfld: 20.63135 + L_Nrml: 0.00000 + L_Eknl: 10.76495 + L_Div: 0.00000 + L_Morse: 9.44552
Epoch: 0 [1770/10000 (18%)] Unweighted L_s : L_Mnfld: 0.00162,  L_NonMnfld: 0.03439,  L_Nrml: 0.00000,  L_Eknl: 0.21530, L_Morse: 0.94455

Weights: [7000.0, 600.0, 0, 50.0, 0.0, 10.0], lr=5.000e-05
Epoch: 0 [1780/10000 (18%)] Loss: 49.29807 = L_Mnfld: 10.67289 + L_NonMnfld: 18.33501 + L_Nrml: 0.00000 + L_Eknl: 10.70226 + L_Div: 0.00000 + L_Morse: 9.58792
Epoch: 0 [1780/10000 (18%)] Unweighted L_s : L_Mnfld: 0.00152,  L_NonMnfld: 0.03056,  L_Nrml: 0.00000,  L_Eknl: 0.21405, L_Morse: 0.95879

Weights: [7000.0, 600.0, 0, 50.0, 0.0, 10.0], lr=5.000e-05
Epoch: 0 [1790/10000 (18%)] Loss: 50.05930 = L_Mnfld: 10.19613 + L_NonMnfld: 19.97140 + L_Nrml: 0.00000 + L_Eknl: 10.75774 + L_Div: 0.00000 + L_Morse: 9.13402
Epoch: 0 [1790/10000 (18%)] Unweighted L_s : L_Mnfld: 0.00146,  L_NonMnfld: 0.03329,  L_Nrml: 0.00000,  L_Eknl: 0.21515, L_Morse: 0.91340

Weights: [7000.0, 600.0, 0, 50.0, 0.0, 10.0], lr=5.000e-05
Epoch: 0 [1800/10000 (18%)] Loss: 53.67884 = L_Mnfld: 12.28061 + L_NonMnfld: 20.31584 + L_Nrml: 0.00000 + L_Eknl: 11.03646 + L_Div: 0.00000 + L_Morse: 10.04593
Epoch: 0 [1800/10000 (18%)] Unweighted L_s : L_Mnfld: 0.00175,  L_NonMnfld: 0.03386,  L_Nrml: 0.00000,  L_Eknl: 0.22073, L_Morse: 1.00459

Weights: [7000.0, 600.0, 0, 50.0, 0.0, 10.0], lr=5.000e-05
Epoch: 0 [1810/10000 (18%)] Loss: 52.12384 = L_Mnfld: 11.13901 + L_NonMnfld: 20.18210 + L_Nrml: 0.00000 + L_Eknl: 10.95649 + L_Div: 0.00000 + L_Morse: 9.84624
Epoch: 0 [1810/10000 (18%)] Unweighted L_s : L_Mnfld: 0.00159,  L_NonMnfld: 0.03364,  L_Nrml: 0.00000,  L_Eknl: 0.21913, L_Morse: 0.98462

Weights: [7000.0, 600.0, 0, 50.0, 0.0, 10.0], lr=5.000e-05
Epoch: 0 [1820/10000 (18%)] Loss: 70.44299 = L_Mnfld: 27.06980 + L_NonMnfld: 19.94483 + L_Nrml: 0.00000 + L_Eknl: 11.78534 + L_Div: 0.00000 + L_Morse: 11.64301
Epoch: 0 [1820/10000 (18%)] Unweighted L_s : L_Mnfld: 0.00387,  L_NonMnfld: 0.03324,  L_Nrml: 0.00000,  L_Eknl: 0.23571, L_Morse: 1.16430

Weights: [7000.0, 600.0, 0, 50.0, 0.0, 10.0], lr=5.000e-05
Epoch: 0 [1830/10000 (18%)] Loss: 68.09278 = L_Mnfld: 21.98363 + L_NonMnfld: 21.20181 + L_Nrml: 0.00000 + L_Eknl: 11.91316 + L_Div: 0.00000 + L_Morse: 12.99418
Epoch: 0 [1830/10000 (18%)] Unweighted L_s : L_Mnfld: 0.00314,  L_NonMnfld: 0.03534,  L_Nrml: 0.00000,  L_Eknl: 0.23826, L_Morse: 1.29942

Weights: [7000.0, 600.0, 0, 50.0, 0.0, 10.0], lr=5.000e-05
Epoch: 0 [1840/10000 (18%)] Loss: 67.51147 = L_Mnfld: 23.03285 + L_NonMnfld: 19.47276 + L_Nrml: 0.00000 + L_Eknl: 12.27169 + L_Div: 0.00000 + L_Morse: 12.73417
Epoch: 0 [1840/10000 (18%)] Unweighted L_s : L_Mnfld: 0.00329,  L_NonMnfld: 0.03245,  L_Nrml: 0.00000,  L_Eknl: 0.24543, L_Morse: 1.27342

Weights: [7000.0, 600.0, 0, 50.0, 0.0, 10.0], lr=5.000e-05
Epoch: 0 [1850/10000 (18%)] Loss: 70.08656 = L_Mnfld: 23.02152 + L_NonMnfld: 22.22003 + L_Nrml: 0.00000 + L_Eknl: 13.15275 + L_Div: 0.00000 + L_Morse: 11.69226
Epoch: 0 [1850/10000 (18%)] Unweighted L_s : L_Mnfld: 0.00329,  L_NonMnfld: 0.03703,  L_Nrml: 0.00000,  L_Eknl: 0.26305, L_Morse: 1.16923

Weights: [7000.0, 600.0, 0, 50.0, 0.0, 10.0], lr=5.000e-05
Epoch: 0 [1860/10000 (19%)] Loss: 67.99267 = L_Mnfld: 21.49839 + L_NonMnfld: 21.38623 + L_Nrml: 0.00000 + L_Eknl: 13.03850 + L_Div: 0.00000 + L_Morse: 12.06955
Epoch: 0 [1860/10000 (19%)] Unweighted L_s : L_Mnfld: 0.00307,  L_NonMnfld: 0.03564,  L_Nrml: 0.00000,  L_Eknl: 0.26077, L_Morse: 1.20696

Weights: [7000.0, 600.0, 0, 50.0, 0.0, 10.0], lr=5.000e-05
Epoch: 0 [1870/10000 (19%)] Loss: 82.46179 = L_Mnfld: 36.17542 + L_NonMnfld: 20.51684 + L_Nrml: 0.00000 + L_Eknl: 12.70920 + L_Div: 0.00000 + L_Morse: 13.06033
Epoch: 0 [1870/10000 (19%)] Unweighted L_s : L_Mnfld: 0.00517,  L_NonMnfld: 0.03419,  L_Nrml: 0.00000,  L_Eknl: 0.25418, L_Morse: 1.30603

Weights: [7000.0, 600.0, 0, 50.0, 0.0, 10.0], lr=5.000e-05
Epoch: 0 [1880/10000 (19%)] Loss: 74.99590 = L_Mnfld: 27.95350 + L_NonMnfld: 21.34633 + L_Nrml: 0.00000 + L_Eknl: 13.13245 + L_Div: 0.00000 + L_Morse: 12.56361
Epoch: 0 [1880/10000 (19%)] Unweighted L_s : L_Mnfld: 0.00399,  L_NonMnfld: 0.03558,  L_Nrml: 0.00000,  L_Eknl: 0.26265, L_Morse: 1.25636

Weights: [7000.0, 600.0, 0, 50.0, 0.0, 10.0], lr=5.000e-05
Epoch: 0 [1890/10000 (19%)] Loss: 61.98111 = L_Mnfld: 16.49730 + L_NonMnfld: 21.95548 + L_Nrml: 0.00000 + L_Eknl: 12.58209 + L_Div: 0.00000 + L_Morse: 10.94624
Epoch: 0 [1890/10000 (19%)] Unweighted L_s : L_Mnfld: 0.00236,  L_NonMnfld: 0.03659,  L_Nrml: 0.00000,  L_Eknl: 0.25164, L_Morse: 1.09462

Weights: [7000.0, 600.0, 0, 50.0, 0.0, 10.0], lr=5.000e-05
Epoch: 0 [1900/10000 (19%)] Loss: 59.67663 = L_Mnfld: 16.03472 + L_NonMnfld: 21.35642 + L_Nrml: 0.00000 + L_Eknl: 12.59959 + L_Div: 0.00000 + L_Morse: 9.68590
Epoch: 0 [1900/10000 (19%)] Unweighted L_s : L_Mnfld: 0.00229,  L_NonMnfld: 0.03559,  L_Nrml: 0.00000,  L_Eknl: 0.25199, L_Morse: 0.96859

Weights: [7000.0, 600.0, 0, 50.0, 0.0, 10.0], lr=5.000e-05
Epoch: 0 [1910/10000 (19%)] Loss: 56.21178 = L_Mnfld: 14.44657 + L_NonMnfld: 19.86187 + L_Nrml: 0.00000 + L_Eknl: 12.06536 + L_Div: 0.00000 + L_Morse: 9.83798
Epoch: 0 [1910/10000 (19%)] Unweighted L_s : L_Mnfld: 0.00206,  L_NonMnfld: 0.03310,  L_Nrml: 0.00000,  L_Eknl: 0.24131, L_Morse: 0.98380

Weights: [7000.0, 600.0, 0, 50.0, 0.0, 10.0], lr=5.000e-05
Epoch: 0 [1920/10000 (19%)] Loss: 55.30295 = L_Mnfld: 13.31682 + L_NonMnfld: 20.42956 + L_Nrml: 0.00000 + L_Eknl: 11.92716 + L_Div: 0.00000 + L_Morse: 9.62941
Epoch: 0 [1920/10000 (19%)] Unweighted L_s : L_Mnfld: 0.00190,  L_NonMnfld: 0.03405,  L_Nrml: 0.00000,  L_Eknl: 0.23854, L_Morse: 0.96294

Weights: [7000.0, 600.0, 0, 50.0, 0.0, 10.0], lr=5.000e-05
Epoch: 0 [1930/10000 (19%)] Loss: 52.72051 = L_Mnfld: 11.20124 + L_NonMnfld: 21.15408 + L_Nrml: 0.00000 + L_Eknl: 11.51512 + L_Div: 0.00000 + L_Morse: 8.85008
Epoch: 0 [1930/10000 (19%)] Unweighted L_s : L_Mnfld: 0.00160,  L_NonMnfld: 0.03526,  L_Nrml: 0.00000,  L_Eknl: 0.23030, L_Morse: 0.88501

Weights: [7000.0, 600.0, 0, 50.0, 0.0, 10.0], lr=5.000e-05
Epoch: 0 [1940/10000 (19%)] Loss: 52.15230 = L_Mnfld: 11.70635 + L_NonMnfld: 20.37442 + L_Nrml: 0.00000 + L_Eknl: 11.40696 + L_Div: 0.00000 + L_Morse: 8.66458
Epoch: 0 [1940/10000 (19%)] Unweighted L_s : L_Mnfld: 0.00167,  L_NonMnfld: 0.03396,  L_Nrml: 0.00000,  L_Eknl: 0.22814, L_Morse: 0.86646

Weights: [7000.0, 600.0, 0, 50.0, 0.0, 10.0], lr=5.000e-05
Epoch: 0 [1950/10000 (20%)] Loss: 50.79319 = L_Mnfld: 10.00511 + L_NonMnfld: 20.59616 + L_Nrml: 0.00000 + L_Eknl: 11.14511 + L_Div: 0.00000 + L_Morse: 9.04681
Epoch: 0 [1950/10000 (20%)] Unweighted L_s : L_Mnfld: 0.00143,  L_NonMnfld: 0.03433,  L_Nrml: 0.00000,  L_Eknl: 0.22290, L_Morse: 0.90468

Weights: [7000.0, 600.0, 0, 50.0, 0.0, 10.0], lr=5.000e-05
Epoch: 0 [1960/10000 (20%)] Loss: 49.05795 = L_Mnfld: 10.33998 + L_NonMnfld: 19.06898 + L_Nrml: 0.00000 + L_Eknl: 11.16189 + L_Div: 0.00000 + L_Morse: 8.48710
Epoch: 0 [1960/10000 (20%)] Unweighted L_s : L_Mnfld: 0.00148,  L_NonMnfld: 0.03178,  L_Nrml: 0.00000,  L_Eknl: 0.22324, L_Morse: 0.84871

Weights: [7000.0, 600.0, 0, 50.0, 0.0, 10.0], lr=5.000e-05
Epoch: 0 [1970/10000 (20%)] Loss: 49.95677 = L_Mnfld: 9.37914 + L_NonMnfld: 20.43104 + L_Nrml: 0.00000 + L_Eknl: 11.07125 + L_Div: 0.00000 + L_Morse: 9.07535
Epoch: 0 [1970/10000 (20%)] Unweighted L_s : L_Mnfld: 0.00134,  L_NonMnfld: 0.03405,  L_Nrml: 0.00000,  L_Eknl: 0.22142, L_Morse: 0.90753

Weights: [7000.0, 600.0, 0, 50.0, 0.0, 10.0], lr=5.000e-05
Epoch: 0 [1980/10000 (20%)] Loss: 49.93533 = L_Mnfld: 9.83888 + L_NonMnfld: 20.22579 + L_Nrml: 0.00000 + L_Eknl: 11.07023 + L_Div: 0.00000 + L_Morse: 8.80043
Epoch: 0 [1980/10000 (20%)] Unweighted L_s : L_Mnfld: 0.00141,  L_NonMnfld: 0.03371,  L_Nrml: 0.00000,  L_Eknl: 0.22140, L_Morse: 0.88004

Weights: [7000.0, 600.0, 0, 50.0, 0.0, 10.0], lr=5.000e-05
Epoch: 0 [1990/10000 (20%)] Loss: 48.79655 = L_Mnfld: 9.18268 + L_NonMnfld: 20.22847 + L_Nrml: 0.00000 + L_Eknl: 10.92395 + L_Div: 0.00000 + L_Morse: 8.46145
Epoch: 0 [1990/10000 (20%)] Unweighted L_s : L_Mnfld: 0.00131,  L_NonMnfld: 0.03371,  L_Nrml: 0.00000,  L_Eknl: 0.21848, L_Morse: 0.84615

Weights: [7000.0, 600.0, 0, 50.0, 0.0, 10.0], lr=5.000e-05
Epoch: 0 [2000/10000 (20%)] Loss: 47.21741 = L_Mnfld: 8.86805 + L_NonMnfld: 19.12447 + L_Nrml: 0.00000 + L_Eknl: 10.84270 + L_Div: 0.00000 + L_Morse: 8.38219
Epoch: 0 [2000/10000 (20%)] Unweighted L_s : L_Mnfld: 0.00127,  L_NonMnfld: 0.03187,  L_Nrml: 0.00000,  L_Eknl: 0.21685, L_Morse: 0.83822

Weights: [7000.0, 600.0, 0, 50.0, 0.0, 9.9703], lr=5.000e-05
Epoch: 0 [2010/10000 (20%)] Loss: 48.35362 = L_Mnfld: 8.84847 + L_NonMnfld: 20.36819 + L_Nrml: 0.00000 + L_Eknl: 10.82338 + L_Div: 0.00000 + L_Morse: 8.31359
Epoch: 0 [2010/10000 (20%)] Unweighted L_s : L_Mnfld: 0.00126,  L_NonMnfld: 0.03395,  L_Nrml: 0.00000,  L_Eknl: 0.21647, L_Morse: 0.83384

Weights: [7000.0, 600.0, 0, 50.0, 0.0, 9.9373], lr=5.000e-05
Epoch: 0 [2020/10000 (20%)] Loss: 47.21181 = L_Mnfld: 9.47974 + L_NonMnfld: 18.84549 + L_Nrml: 0.00000 + L_Eknl: 10.76755 + L_Div: 0.00000 + L_Morse: 8.11904
Epoch: 0 [2020/10000 (20%)] Unweighted L_s : L_Mnfld: 0.00135,  L_NonMnfld: 0.03141,  L_Nrml: 0.00000,  L_Eknl: 0.21535, L_Morse: 0.81703

Weights: [7000.0, 600.0, 0, 50.0, 0.0, 9.904300000000001], lr=5.000e-05
Epoch: 0 [2030/10000 (20%)] Loss: 48.65152 = L_Mnfld: 8.45204 + L_NonMnfld: 20.68482 + L_Nrml: 0.00000 + L_Eknl: 10.78453 + L_Div: 0.00000 + L_Morse: 8.73013
Epoch: 0 [2030/10000 (20%)] Unweighted L_s : L_Mnfld: 0.00121,  L_NonMnfld: 0.03447,  L_Nrml: 0.00000,  L_Eknl: 0.21569, L_Morse: 0.88145

Weights: [7000.0, 600.0, 0, 50.0, 0.0, 9.8713], lr=5.000e-05
Epoch: 0 [2040/10000 (20%)] Loss: 47.62362 = L_Mnfld: 9.23353 + L_NonMnfld: 19.55961 + L_Nrml: 0.00000 + L_Eknl: 10.72742 + L_Div: 0.00000 + L_Morse: 8.10307
Epoch: 0 [2040/10000 (20%)] Unweighted L_s : L_Mnfld: 0.00132,  L_NonMnfld: 0.03260,  L_Nrml: 0.00000,  L_Eknl: 0.21455, L_Morse: 0.82087

Weights: [7000.0, 600.0, 0, 50.0, 0.0, 9.8383], lr=5.000e-05
Epoch: 0 [2050/10000 (20%)] Loss: 46.46950 = L_Mnfld: 7.94159 + L_NonMnfld: 19.30394 + L_Nrml: 0.00000 + L_Eknl: 10.65235 + L_Div: 0.00000 + L_Morse: 8.57162
Epoch: 0 [2050/10000 (20%)] Unweighted L_s : L_Mnfld: 0.00113,  L_NonMnfld: 0.03217,  L_Nrml: 0.00000,  L_Eknl: 0.21305, L_Morse: 0.87125

Weights: [7000.0, 600.0, 0, 50.0, 0.0, 9.8053], lr=5.000e-05
Epoch: 0 [2060/10000 (21%)] Loss: 46.50702 = L_Mnfld: 9.29008 + L_NonMnfld: 18.69097 + L_Nrml: 0.00000 + L_Eknl: 10.53895 + L_Div: 0.00000 + L_Morse: 7.98703
Epoch: 0 [2060/10000 (21%)] Unweighted L_s : L_Mnfld: 0.00133,  L_NonMnfld: 0.03115,  L_Nrml: 0.00000,  L_Eknl: 0.21078, L_Morse: 0.81456

Weights: [7000.0, 600.0, 0, 50.0, 0.0, 9.7723], lr=5.000e-05
Epoch: 0 [2070/10000 (21%)] Loss: 47.43095 = L_Mnfld: 8.21062 + L_NonMnfld: 20.21707 + L_Nrml: 0.00000 + L_Eknl: 10.59031 + L_Div: 0.00000 + L_Morse: 8.41295
Epoch: 0 [2070/10000 (21%)] Unweighted L_s : L_Mnfld: 0.00117,  L_NonMnfld: 0.03370,  L_Nrml: 0.00000,  L_Eknl: 0.21181, L_Morse: 0.86090

Weights: [7000.0, 600.0, 0, 50.0, 0.0, 9.7393], lr=5.000e-05
Epoch: 0 [2080/10000 (21%)] Loss: 46.47881 = L_Mnfld: 8.28841 + L_NonMnfld: 19.33861 + L_Nrml: 0.00000 + L_Eknl: 10.61919 + L_Div: 0.00000 + L_Morse: 8.23259
Epoch: 0 [2080/10000 (21%)] Unweighted L_s : L_Mnfld: 0.00118,  L_NonMnfld: 0.03223,  L_Nrml: 0.00000,  L_Eknl: 0.21238, L_Morse: 0.84530

Weights: [7000.0, 600.0, 0, 50.0, 0.0, 9.7063], lr=5.000e-05
Epoch: 0 [2090/10000 (21%)] Loss: 46.05042 = L_Mnfld: 8.21341 + L_NonMnfld: 19.14759 + L_Nrml: 0.00000 + L_Eknl: 10.38694 + L_Div: 0.00000 + L_Morse: 8.30248
Epoch: 0 [2090/10000 (21%)] Unweighted L_s : L_Mnfld: 0.00117,  L_NonMnfld: 0.03191,  L_Nrml: 0.00000,  L_Eknl: 0.20774, L_Morse: 0.85537

Weights: [7000.0, 600.0, 0, 50.0, 0.0, 9.673300000000001], lr=5.000e-05
Epoch: 0 [2100/10000 (21%)] Loss: 46.29472 = L_Mnfld: 8.38650 + L_NonMnfld: 19.28865 + L_Nrml: 0.00000 + L_Eknl: 10.44869 + L_Div: 0.00000 + L_Morse: 8.17088
Epoch: 0 [2100/10000 (21%)] Unweighted L_s : L_Mnfld: 0.00120,  L_NonMnfld: 0.03215,  L_Nrml: 0.00000,  L_Eknl: 0.20897, L_Morse: 0.84468

Weights: [7000.0, 600.0, 0, 50.0, 0.0, 9.6403], lr=5.000e-05
Epoch: 0 [2110/10000 (21%)] Loss: 46.12959 = L_Mnfld: 8.04741 + L_NonMnfld: 19.63014 + L_Nrml: 0.00000 + L_Eknl: 10.29766 + L_Div: 0.00000 + L_Morse: 8.15438
Epoch: 0 [2110/10000 (21%)] Unweighted L_s : L_Mnfld: 0.00115,  L_NonMnfld: 0.03272,  L_Nrml: 0.00000,  L_Eknl: 0.20595, L_Morse: 0.84586

Weights: [7000.0, 600.0, 0, 50.0, 0.0, 9.6073], lr=5.000e-05
Epoch: 0 [2120/10000 (21%)] Loss: 46.68231 = L_Mnfld: 8.38655 + L_NonMnfld: 20.20832 + L_Nrml: 0.00000 + L_Eknl: 10.31654 + L_Div: 0.00000 + L_Morse: 7.77090
Epoch: 0 [2120/10000 (21%)] Unweighted L_s : L_Mnfld: 0.00120,  L_NonMnfld: 0.03368,  L_Nrml: 0.00000,  L_Eknl: 0.20633, L_Morse: 0.80885

Weights: [7000.0, 600.0, 0, 50.0, 0.0, 9.574300000000001], lr=5.000e-05
Epoch: 0 [2130/10000 (21%)] Loss: 48.16827 = L_Mnfld: 9.25764 + L_NonMnfld: 19.69612 + L_Nrml: 0.00000 + L_Eknl: 10.22253 + L_Div: 0.00000 + L_Morse: 8.99198
Epoch: 0 [2130/10000 (21%)] Unweighted L_s : L_Mnfld: 0.00132,  L_NonMnfld: 0.03283,  L_Nrml: 0.00000,  L_Eknl: 0.20445, L_Morse: 0.93918

Weights: [7000.0, 600.0, 0, 50.0, 0.0, 9.5413], lr=5.000e-05
Epoch: 0 [2140/10000 (21%)] Loss: 46.97802 = L_Mnfld: 9.20804 + L_NonMnfld: 19.06295 + L_Nrml: 0.00000 + L_Eknl: 10.31839 + L_Div: 0.00000 + L_Morse: 8.38864
Epoch: 0 [2140/10000 (21%)] Unweighted L_s : L_Mnfld: 0.00132,  L_NonMnfld: 0.03177,  L_Nrml: 0.00000,  L_Eknl: 0.20637, L_Morse: 0.87919

Weights: [7000.0, 600.0, 0, 50.0, 0.0, 9.5083], lr=5.000e-05
Epoch: 0 [2150/10000 (22%)] Loss: 45.04321 = L_Mnfld: 8.04327 + L_NonMnfld: 18.30347 + L_Nrml: 0.00000 + L_Eknl: 10.19018 + L_Div: 0.00000 + L_Morse: 8.50630
Epoch: 0 [2150/10000 (22%)] Unweighted L_s : L_Mnfld: 0.00115,  L_NonMnfld: 0.03051,  L_Nrml: 0.00000,  L_Eknl: 0.20380, L_Morse: 0.89462

Weights: [7000.0, 600.0, 0, 50.0, 0.0, 9.4753], lr=5.000e-05
Epoch: 0 [2160/10000 (22%)] Loss: 46.99031 = L_Mnfld: 8.55257 + L_NonMnfld: 20.09654 + L_Nrml: 0.00000 + L_Eknl: 10.15779 + L_Div: 0.00000 + L_Morse: 8.18341
Epoch: 0 [2160/10000 (22%)] Unweighted L_s : L_Mnfld: 0.00122,  L_NonMnfld: 0.03349,  L_Nrml: 0.00000,  L_Eknl: 0.20316, L_Morse: 0.86366

Weights: [7000.0, 600.0, 0, 50.0, 0.0, 9.4423], lr=5.000e-05
Epoch: 0 [2170/10000 (22%)] Loss: 46.49002 = L_Mnfld: 7.92366 + L_NonMnfld: 19.85834 + L_Nrml: 0.00000 + L_Eknl: 10.15878 + L_Div: 0.00000 + L_Morse: 8.54924
Epoch: 0 [2170/10000 (22%)] Unweighted L_s : L_Mnfld: 0.00113,  L_NonMnfld: 0.03310,  L_Nrml: 0.00000,  L_Eknl: 0.20318, L_Morse: 0.90542

Weights: [7000.0, 600.0, 0, 50.0, 0.0, 9.4093], lr=5.000e-05
Epoch: 0 [2180/10000 (22%)] Loss: 47.26459 = L_Mnfld: 8.81369 + L_NonMnfld: 20.11889 + L_Nrml: 0.00000 + L_Eknl: 10.05350 + L_Div: 0.00000 + L_Morse: 8.27851
Epoch: 0 [2180/10000 (22%)] Unweighted L_s : L_Mnfld: 0.00126,  L_NonMnfld: 0.03353,  L_Nrml: 0.00000,  L_Eknl: 0.20107, L_Morse: 0.87982

Weights: [7000.0, 600.0, 0, 50.0, 0.0, 9.3763], lr=5.000e-05
Epoch: 0 [2190/10000 (22%)] Loss: 46.66111 = L_Mnfld: 8.34464 + L_NonMnfld: 19.88671 + L_Nrml: 0.00000 + L_Eknl: 10.23980 + L_Div: 0.00000 + L_Morse: 8.18997
Epoch: 0 [2190/10000 (22%)] Unweighted L_s : L_Mnfld: 0.00119,  L_NonMnfld: 0.03314,  L_Nrml: 0.00000,  L_Eknl: 0.20480, L_Morse: 0.87348

Weights: [7000.0, 600.0, 0, 50.0, 0.0, 9.3433], lr=5.000e-05
Epoch: 0 [2200/10000 (22%)] Loss: 47.74140 = L_Mnfld: 9.01750 + L_NonMnfld: 20.19191 + L_Nrml: 0.00000 + L_Eknl: 10.10330 + L_Div: 0.00000 + L_Morse: 8.42868
Epoch: 0 [2200/10000 (22%)] Unweighted L_s : L_Mnfld: 0.00129,  L_NonMnfld: 0.03365,  L_Nrml: 0.00000,  L_Eknl: 0.20207, L_Morse: 0.90211

Weights: [7000.0, 600.0, 0, 50.0, 0.0, 9.3103], lr=5.000e-05
Epoch: 0 [2210/10000 (22%)] Loss: 46.16136 = L_Mnfld: 8.14984 + L_NonMnfld: 19.62393 + L_Nrml: 0.00000 + L_Eknl: 10.09583 + L_Div: 0.00000 + L_Morse: 8.29176
Epoch: 0 [2210/10000 (22%)] Unweighted L_s : L_Mnfld: 0.00116,  L_NonMnfld: 0.03271,  L_Nrml: 0.00000,  L_Eknl: 0.20192, L_Morse: 0.89060

Weights: [7000.0, 600.0, 0, 50.0, 0.0, 9.2773], lr=5.000e-05
Epoch: 0 [2220/10000 (22%)] Loss: 47.72575 = L_Mnfld: 10.21448 + L_NonMnfld: 19.32820 + L_Nrml: 0.00000 + L_Eknl: 9.91017 + L_Div: 0.00000 + L_Morse: 8.27289
Epoch: 0 [2220/10000 (22%)] Unweighted L_s : L_Mnfld: 0.00146,  L_NonMnfld: 0.03221,  L_Nrml: 0.00000,  L_Eknl: 0.19820, L_Morse: 0.89174

Weights: [7000.0, 600.0, 0, 50.0, 0.0, 9.2443], lr=5.000e-05
Epoch: 0 [2230/10000 (22%)] Loss: 46.65591 = L_Mnfld: 9.28963 + L_NonMnfld: 18.78147 + L_Nrml: 0.00000 + L_Eknl: 10.24679 + L_Div: 0.00000 + L_Morse: 8.33801
Epoch: 0 [2230/10000 (22%)] Unweighted L_s : L_Mnfld: 0.00133,  L_NonMnfld: 0.03130,  L_Nrml: 0.00000,  L_Eknl: 0.20494, L_Morse: 0.90196

Weights: [7000.0, 600.0, 0, 50.0, 0.0, 9.211300000000001], lr=5.000e-05
Epoch: 0 [2240/10000 (22%)] Loss: 46.80722 = L_Mnfld: 9.41949 + L_NonMnfld: 19.05413 + L_Nrml: 0.00000 + L_Eknl: 10.01118 + L_Div: 0.00000 + L_Morse: 8.32243
Epoch: 0 [2240/10000 (22%)] Unweighted L_s : L_Mnfld: 0.00135,  L_NonMnfld: 0.03176,  L_Nrml: 0.00000,  L_Eknl: 0.20022, L_Morse: 0.90350

Weights: [7000.0, 600.0, 0, 50.0, 0.0, 9.1783], lr=5.000e-05
Epoch: 0 [2250/10000 (22%)] Loss: 46.61549 = L_Mnfld: 9.02033 + L_NonMnfld: 18.99685 + L_Nrml: 0.00000 + L_Eknl: 10.00709 + L_Div: 0.00000 + L_Morse: 8.59122
Epoch: 0 [2250/10000 (22%)] Unweighted L_s : L_Mnfld: 0.00129,  L_NonMnfld: 0.03166,  L_Nrml: 0.00000,  L_Eknl: 0.20014, L_Morse: 0.93604

Weights: [7000.0, 600.0, 0, 50.0, 0.0, 9.1453], lr=5.000e-05
Epoch: 0 [2260/10000 (23%)] Loss: 46.34549 = L_Mnfld: 9.07749 + L_NonMnfld: 18.61762 + L_Nrml: 0.00000 + L_Eknl: 10.16277 + L_Div: 0.00000 + L_Morse: 8.48761
Epoch: 0 [2260/10000 (23%)] Unweighted L_s : L_Mnfld: 0.00130,  L_NonMnfld: 0.03103,  L_Nrml: 0.00000,  L_Eknl: 0.20326, L_Morse: 0.92808

Weights: [7000.0, 600.0, 0, 50.0, 0.0, 9.112300000000001], lr=5.000e-05
Epoch: 0 [2270/10000 (23%)] Loss: 46.12737 = L_Mnfld: 8.83974 + L_NonMnfld: 18.78748 + L_Nrml: 0.00000 + L_Eknl: 9.91552 + L_Div: 0.00000 + L_Morse: 8.58462
Epoch: 0 [2270/10000 (23%)] Unweighted L_s : L_Mnfld: 0.00126,  L_NonMnfld: 0.03131,  L_Nrml: 0.00000,  L_Eknl: 0.19831, L_Morse: 0.94209

Weights: [7000.0, 600.0, 0, 50.0, 0.0, 9.0793], lr=5.000e-05
Epoch: 0 [2280/10000 (23%)] Loss: 48.15095 = L_Mnfld: 9.48558 + L_NonMnfld: 20.58143 + L_Nrml: 0.00000 + L_Eknl: 10.00110 + L_Div: 0.00000 + L_Morse: 8.08283
Epoch: 0 [2280/10000 (23%)] Unweighted L_s : L_Mnfld: 0.00136,  L_NonMnfld: 0.03430,  L_Nrml: 0.00000,  L_Eknl: 0.20002, L_Morse: 0.89025

Weights: [7000.0, 600.0, 0, 50.0, 0.0, 9.0463], lr=5.000e-05
Epoch: 0 [2290/10000 (23%)] Loss: 47.91513 = L_Mnfld: 9.60120 + L_NonMnfld: 20.19951 + L_Nrml: 0.00000 + L_Eknl: 9.83590 + L_Div: 0.00000 + L_Morse: 8.27853
Epoch: 0 [2290/10000 (23%)] Unweighted L_s : L_Mnfld: 0.00137,  L_NonMnfld: 0.03367,  L_Nrml: 0.00000,  L_Eknl: 0.19672, L_Morse: 0.91513

Weights: [7000.0, 600.0, 0, 50.0, 0.0, 9.013300000000001], lr=5.000e-05
Epoch: 0 [2300/10000 (23%)] Loss: 46.80367 = L_Mnfld: 9.28844 + L_NonMnfld: 19.20410 + L_Nrml: 0.00000 + L_Eknl: 9.81833 + L_Div: 0.00000 + L_Morse: 8.49280
Epoch: 0 [2300/10000 (23%)] Unweighted L_s : L_Mnfld: 0.00133,  L_NonMnfld: 0.03201,  L_Nrml: 0.00000,  L_Eknl: 0.19637, L_Morse: 0.94225

Weights: [7000.0, 600.0, 0, 50.0, 0.0, 8.9803], lr=5.000e-05
Epoch: 0 [2310/10000 (23%)] Loss: 47.18790 = L_Mnfld: 8.88802 + L_NonMnfld: 20.00711 + L_Nrml: 0.00000 + L_Eknl: 9.96587 + L_Div: 0.00000 + L_Morse: 8.32691
Epoch: 0 [2310/10000 (23%)] Unweighted L_s : L_Mnfld: 0.00127,  L_NonMnfld: 0.03335,  L_Nrml: 0.00000,  L_Eknl: 0.19932, L_Morse: 0.92724

Weights: [7000.0, 600.0, 0, 50.0, 0.0, 8.9473], lr=5.000e-05
Epoch: 0 [2320/10000 (23%)] Loss: 45.92964 = L_Mnfld: 9.30808 + L_NonMnfld: 19.03706 + L_Nrml: 0.00000 + L_Eknl: 9.75195 + L_Div: 0.00000 + L_Morse: 7.83255
Epoch: 0 [2320/10000 (23%)] Unweighted L_s : L_Mnfld: 0.00133,  L_NonMnfld: 0.03173,  L_Nrml: 0.00000,  L_Eknl: 0.19504, L_Morse: 0.87541

Weights: [7000.0, 600.0, 0, 50.0, 0.0, 8.9143], lr=5.000e-05
Epoch: 0 [2330/10000 (23%)] Loss: 43.61343 = L_Mnfld: 8.78029 + L_NonMnfld: 17.31991 + L_Nrml: 0.00000 + L_Eknl: 9.71703 + L_Div: 0.00000 + L_Morse: 7.79620
Epoch: 0 [2330/10000 (23%)] Unweighted L_s : L_Mnfld: 0.00125,  L_NonMnfld: 0.02887,  L_Nrml: 0.00000,  L_Eknl: 0.19434, L_Morse: 0.87457

Weights: [7000.0, 600.0, 0, 50.0, 0.0, 8.8813], lr=5.000e-05
Epoch: 0 [2340/10000 (23%)] Loss: 44.92384 = L_Mnfld: 8.73667 + L_NonMnfld: 18.05480 + L_Nrml: 0.00000 + L_Eknl: 9.83102 + L_Div: 0.00000 + L_Morse: 8.30135
Epoch: 0 [2340/10000 (23%)] Unweighted L_s : L_Mnfld: 0.00125,  L_NonMnfld: 0.03009,  L_Nrml: 0.00000,  L_Eknl: 0.19662, L_Morse: 0.93470

Weights: [7000.0, 600.0, 0, 50.0, 0.0, 8.8483], lr=5.000e-05
Epoch: 0 [2350/10000 (24%)] Loss: 45.46589 = L_Mnfld: 8.17513 + L_NonMnfld: 19.13170 + L_Nrml: 0.00000 + L_Eknl: 9.81551 + L_Div: 0.00000 + L_Morse: 8.34355
Epoch: 0 [2350/10000 (24%)] Unweighted L_s : L_Mnfld: 0.00117,  L_NonMnfld: 0.03189,  L_Nrml: 0.00000,  L_Eknl: 0.19631, L_Morse: 0.94296

Weights: [7000.0, 600.0, 0, 50.0, 0.0, 8.8153], lr=5.000e-05
Epoch: 0 [2360/10000 (24%)] Loss: 46.46441 = L_Mnfld: 8.84244 + L_NonMnfld: 20.04938 + L_Nrml: 0.00000 + L_Eknl: 9.61253 + L_Div: 0.00000 + L_Morse: 7.96005
Epoch: 0 [2360/10000 (24%)] Unweighted L_s : L_Mnfld: 0.00126,  L_NonMnfld: 0.03342,  L_Nrml: 0.00000,  L_Eknl: 0.19225, L_Morse: 0.90298

Weights: [7000.0, 600.0, 0, 50.0, 0.0, 8.7823], lr=5.000e-05
Epoch: 0 [2370/10000 (24%)] Loss: 46.29829 = L_Mnfld: 8.55656 + L_NonMnfld: 20.16533 + L_Nrml: 0.00000 + L_Eknl: 9.63592 + L_Div: 0.00000 + L_Morse: 7.94047
Epoch: 0 [2370/10000 (24%)] Unweighted L_s : L_Mnfld: 0.00122,  L_NonMnfld: 0.03361,  L_Nrml: 0.00000,  L_Eknl: 0.19272, L_Morse: 0.90414

Weights: [7000.0, 600.0, 0, 50.0, 0.0, 8.7493], lr=5.000e-05
Epoch: 0 [2380/10000 (24%)] Loss: 46.51070 = L_Mnfld: 8.92913 + L_NonMnfld: 19.45252 + L_Nrml: 0.00000 + L_Eknl: 9.81501 + L_Div: 0.00000 + L_Morse: 8.31404
Epoch: 0 [2380/10000 (24%)] Unweighted L_s : L_Mnfld: 0.00128,  L_NonMnfld: 0.03242,  L_Nrml: 0.00000,  L_Eknl: 0.19630, L_Morse: 0.95025

Weights: [7000.0, 600.0, 0, 50.0, 0.0, 8.7163], lr=5.000e-05
Epoch: 0 [2390/10000 (24%)] Loss: 48.19838 = L_Mnfld: 10.93905 + L_NonMnfld: 18.59771 + L_Nrml: 0.00000 + L_Eknl: 9.96535 + L_Div: 0.00000 + L_Morse: 8.69628
Epoch: 0 [2390/10000 (24%)] Unweighted L_s : L_Mnfld: 0.00156,  L_NonMnfld: 0.03100,  L_Nrml: 0.00000,  L_Eknl: 0.19931, L_Morse: 0.99770

Weights: [7000.0, 600.0, 0, 50.0, 0.0, 8.683300000000001], lr=5.000e-05
Epoch: 0 [2400/10000 (24%)] Loss: 46.72186 = L_Mnfld: 10.61459 + L_NonMnfld: 17.43520 + L_Nrml: 0.00000 + L_Eknl: 9.90094 + L_Div: 0.00000 + L_Morse: 8.77111
Epoch: 0 [2400/10000 (24%)] Unweighted L_s : L_Mnfld: 0.00152,  L_NonMnfld: 0.02906,  L_Nrml: 0.00000,  L_Eknl: 0.19802, L_Morse: 1.01011

Weights: [7000.0, 600.0, 0, 50.0, 0.0, 8.6503], lr=5.000e-05
Epoch: 0 [2410/10000 (24%)] Loss: 47.80194 = L_Mnfld: 9.93680 + L_NonMnfld: 19.33568 + L_Nrml: 0.00000 + L_Eknl: 9.93932 + L_Div: 0.00000 + L_Morse: 8.59015
Epoch: 0 [2410/10000 (24%)] Unweighted L_s : L_Mnfld: 0.00142,  L_NonMnfld: 0.03223,  L_Nrml: 0.00000,  L_Eknl: 0.19879, L_Morse: 0.99305

Weights: [7000.0, 600.0, 0, 50.0, 0.0, 8.6173], lr=5.000e-05
Epoch: 0 [2420/10000 (24%)] Loss: 46.57097 = L_Mnfld: 9.45273 + L_NonMnfld: 19.46797 + L_Nrml: 0.00000 + L_Eknl: 9.69719 + L_Div: 0.00000 + L_Morse: 7.95308
Epoch: 0 [2420/10000 (24%)] Unweighted L_s : L_Mnfld: 0.00135,  L_NonMnfld: 0.03245,  L_Nrml: 0.00000,  L_Eknl: 0.19394, L_Morse: 0.92292

Weights: [7000.0, 600.0, 0, 50.0, 0.0, 8.5843], lr=5.000e-05
Epoch: 0 [2430/10000 (24%)] Loss: 46.18557 = L_Mnfld: 9.41572 + L_NonMnfld: 18.87225 + L_Nrml: 0.00000 + L_Eknl: 9.79967 + L_Div: 0.00000 + L_Morse: 8.09793
Epoch: 0 [2430/10000 (24%)] Unweighted L_s : L_Mnfld: 0.00135,  L_NonMnfld: 0.03145,  L_Nrml: 0.00000,  L_Eknl: 0.19599, L_Morse: 0.94334

Weights: [7000.0, 600.0, 0, 50.0, 0.0, 8.5513], lr=5.000e-05
Epoch: 0 [2440/10000 (24%)] Loss: 45.53859 = L_Mnfld: 8.77553 + L_NonMnfld: 18.96504 + L_Nrml: 0.00000 + L_Eknl: 9.65419 + L_Div: 0.00000 + L_Morse: 8.14382
Epoch: 0 [2440/10000 (24%)] Unweighted L_s : L_Mnfld: 0.00125,  L_NonMnfld: 0.03161,  L_Nrml: 0.00000,  L_Eknl: 0.19308, L_Morse: 0.95235

Weights: [7000.0, 600.0, 0, 50.0, 0.0, 8.5183], lr=5.000e-05
Epoch: 0 [2450/10000 (24%)] Loss: 46.32948 = L_Mnfld: 8.68640 + L_NonMnfld: 20.02508 + L_Nrml: 0.00000 + L_Eknl: 9.62509 + L_Div: 0.00000 + L_Morse: 7.99290
Epoch: 0 [2450/10000 (24%)] Unweighted L_s : L_Mnfld: 0.00124,  L_NonMnfld: 0.03338,  L_Nrml: 0.00000,  L_Eknl: 0.19250, L_Morse: 0.93832

Weights: [7000.0, 600.0, 0, 50.0, 0.0, 8.4853], lr=5.000e-05
Epoch: 0 [2460/10000 (25%)] Loss: 43.75461 = L_Mnfld: 8.85049 + L_NonMnfld: 17.71814 + L_Nrml: 0.00000 + L_Eknl: 9.54295 + L_Div: 0.00000 + L_Morse: 7.64303
Epoch: 0 [2460/10000 (25%)] Unweighted L_s : L_Mnfld: 0.00126,  L_NonMnfld: 0.02953,  L_Nrml: 0.00000,  L_Eknl: 0.19086, L_Morse: 0.90074

Weights: [7000.0, 600.0, 0, 50.0, 0.0, 8.4523], lr=5.000e-05
Epoch: 0 [2470/10000 (25%)] Loss: 45.77873 = L_Mnfld: 9.00053 + L_NonMnfld: 19.47732 + L_Nrml: 0.00000 + L_Eknl: 9.50023 + L_Div: 0.00000 + L_Morse: 7.80065
Epoch: 0 [2470/10000 (25%)] Unweighted L_s : L_Mnfld: 0.00129,  L_NonMnfld: 0.03246,  L_Nrml: 0.00000,  L_Eknl: 0.19000, L_Morse: 0.92290

Weights: [7000.0, 600.0, 0, 50.0, 0.0, 8.4193], lr=5.000e-05
Epoch: 0 [2480/10000 (25%)] Loss: 45.41657 = L_Mnfld: 9.48037 + L_NonMnfld: 18.24339 + L_Nrml: 0.00000 + L_Eknl: 9.41405 + L_Div: 0.00000 + L_Morse: 8.27876
Epoch: 0 [2480/10000 (25%)] Unweighted L_s : L_Mnfld: 0.00135,  L_NonMnfld: 0.03041,  L_Nrml: 0.00000,  L_Eknl: 0.18828, L_Morse: 0.98331

Weights: [7000.0, 600.0, 0, 50.0, 0.0, 8.3863], lr=5.000e-05
Epoch: 0 [2490/10000 (25%)] Loss: 46.39537 = L_Mnfld: 8.76320 + L_NonMnfld: 20.22740 + L_Nrml: 0.00000 + L_Eknl: 9.50314 + L_Div: 0.00000 + L_Morse: 7.90163
Epoch: 0 [2490/10000 (25%)] Unweighted L_s : L_Mnfld: 0.00125,  L_NonMnfld: 0.03371,  L_Nrml: 0.00000,  L_Eknl: 0.19006, L_Morse: 0.94221

Weights: [7000.0, 600.0, 0, 50.0, 0.0, 8.3533], lr=5.000e-05
Epoch: 0 [2500/10000 (25%)] Loss: 44.50488 = L_Mnfld: 9.01159 + L_NonMnfld: 17.96802 + L_Nrml: 0.00000 + L_Eknl: 9.49915 + L_Div: 0.00000 + L_Morse: 8.02612
Epoch: 0 [2500/10000 (25%)] Unweighted L_s : L_Mnfld: 0.00129,  L_NonMnfld: 0.02995,  L_Nrml: 0.00000,  L_Eknl: 0.18998, L_Morse: 0.96083

Weights: [7000.0, 600.0, 0, 50.0, 0.0, 8.3203], lr=5.000e-05
Epoch: 0 [2510/10000 (25%)] Loss: 46.30390 = L_Mnfld: 9.09158 + L_NonMnfld: 20.06905 + L_Nrml: 0.00000 + L_Eknl: 9.42628 + L_Div: 0.00000 + L_Morse: 7.71699
Epoch: 0 [2510/10000 (25%)] Unweighted L_s : L_Mnfld: 0.00130,  L_NonMnfld: 0.03345,  L_Nrml: 0.00000,  L_Eknl: 0.18853, L_Morse: 0.92749

Weights: [7000.0, 600.0, 0, 50.0, 0.0, 8.2873], lr=5.000e-05
Epoch: 0 [2520/10000 (25%)] Loss: 46.70481 = L_Mnfld: 9.81216 + L_NonMnfld: 19.23029 + L_Nrml: 0.00000 + L_Eknl: 9.42839 + L_Div: 0.00000 + L_Morse: 8.23398
Epoch: 0 [2520/10000 (25%)] Unweighted L_s : L_Mnfld: 0.00140,  L_NonMnfld: 0.03205,  L_Nrml: 0.00000,  L_Eknl: 0.18857, L_Morse: 0.99357

Weights: [7000.0, 600.0, 0, 50.0, 0.0, 8.2543], lr=5.000e-05
Epoch: 0 [2530/10000 (25%)] Loss: 45.97286 = L_Mnfld: 9.38481 + L_NonMnfld: 19.12308 + L_Nrml: 0.00000 + L_Eknl: 9.51418 + L_Div: 0.00000 + L_Morse: 7.95079
Epoch: 0 [2530/10000 (25%)] Unweighted L_s : L_Mnfld: 0.00134,  L_NonMnfld: 0.03187,  L_Nrml: 0.00000,  L_Eknl: 0.19028, L_Morse: 0.96323

Weights: [7000.0, 600.0, 0, 50.0, 0.0, 8.2213], lr=5.000e-05
Epoch: 0 [2540/10000 (25%)] Loss: 45.40665 = L_Mnfld: 9.02530 + L_NonMnfld: 18.92133 + L_Nrml: 0.00000 + L_Eknl: 9.37038 + L_Div: 0.00000 + L_Morse: 8.08963
Epoch: 0 [2540/10000 (25%)] Unweighted L_s : L_Mnfld: 0.00129,  L_NonMnfld: 0.03154,  L_Nrml: 0.00000,  L_Eknl: 0.18741, L_Morse: 0.98398

Weights: [7000.0, 600.0, 0, 50.0, 0.0, 8.1883], lr=5.000e-05
Epoch: 0 [2550/10000 (26%)] Loss: 43.80477 = L_Mnfld: 8.22873 + L_NonMnfld: 18.30431 + L_Nrml: 0.00000 + L_Eknl: 9.44761 + L_Div: 0.00000 + L_Morse: 7.82412
Epoch: 0 [2550/10000 (26%)] Unweighted L_s : L_Mnfld: 0.00118,  L_NonMnfld: 0.03051,  L_Nrml: 0.00000,  L_Eknl: 0.18895, L_Morse: 0.95552

Weights: [7000.0, 600.0, 0, 50.0, 0.0, 8.1553], lr=5.000e-05
Epoch: 0 [2560/10000 (26%)] Loss: 44.59796 = L_Mnfld: 8.82268 + L_NonMnfld: 18.77483 + L_Nrml: 0.00000 + L_Eknl: 9.31215 + L_Div: 0.00000 + L_Morse: 7.68830
Epoch: 0 [2560/10000 (26%)] Unweighted L_s : L_Mnfld: 0.00126,  L_NonMnfld: 0.03129,  L_Nrml: 0.00000,  L_Eknl: 0.18624, L_Morse: 0.94274

Weights: [7000.0, 600.0, 0, 50.0, 0.0, 8.1223], lr=5.000e-05
Epoch: 0 [2570/10000 (26%)] Loss: 44.65567 = L_Mnfld: 8.32140 + L_NonMnfld: 18.91718 + L_Nrml: 0.00000 + L_Eknl: 9.32313 + L_Div: 0.00000 + L_Morse: 8.09396
Epoch: 0 [2570/10000 (26%)] Unweighted L_s : L_Mnfld: 0.00119,  L_NonMnfld: 0.03153,  L_Nrml: 0.00000,  L_Eknl: 0.18646, L_Morse: 0.99651

Weights: [7000.0, 600.0, 0, 50.0, 0.0, 8.0893], lr=5.000e-05
Epoch: 0 [2580/10000 (26%)] Loss: 45.57379 = L_Mnfld: 9.25792 + L_NonMnfld: 19.39894 + L_Nrml: 0.00000 + L_Eknl: 9.38210 + L_Div: 0.00000 + L_Morse: 7.53483
Epoch: 0 [2580/10000 (26%)] Unweighted L_s : L_Mnfld: 0.00132,  L_NonMnfld: 0.03233,  L_Nrml: 0.00000,  L_Eknl: 0.18764, L_Morse: 0.93146

Weights: [7000.0, 600.0, 0, 50.0, 0.0, 8.0563], lr=5.000e-05
Epoch: 0 [2590/10000 (26%)] Loss: 45.88711 = L_Mnfld: 8.99052 + L_NonMnfld: 19.96171 + L_Nrml: 0.00000 + L_Eknl: 9.26851 + L_Div: 0.00000 + L_Morse: 7.66636
Epoch: 0 [2590/10000 (26%)] Unweighted L_s : L_Mnfld: 0.00128,  L_NonMnfld: 0.03327,  L_Nrml: 0.00000,  L_Eknl: 0.18537, L_Morse: 0.95160

Weights: [7000.0, 600.0, 0, 50.0, 0.0, 8.023299999999999], lr=5.000e-05
Epoch: 0 [2600/10000 (26%)] Loss: 45.43710 = L_Mnfld: 9.10879 + L_NonMnfld: 19.25704 + L_Nrml: 0.00000 + L_Eknl: 9.26550 + L_Div: 0.00000 + L_Morse: 7.80577
Epoch: 0 [2600/10000 (26%)] Unweighted L_s : L_Mnfld: 0.00130,  L_NonMnfld: 0.03210,  L_Nrml: 0.00000,  L_Eknl: 0.18531, L_Morse: 0.97289

Weights: [7000.0, 600.0, 0, 50.0, 0.0, 7.9902999999999995], lr=5.000e-05
Epoch: 0 [2610/10000 (26%)] Loss: 44.20624 = L_Mnfld: 9.04758 + L_NonMnfld: 18.07957 + L_Nrml: 0.00000 + L_Eknl: 9.32820 + L_Div: 0.00000 + L_Morse: 7.75089
Epoch: 0 [2610/10000 (26%)] Unweighted L_s : L_Mnfld: 0.00129,  L_NonMnfld: 0.03013,  L_Nrml: 0.00000,  L_Eknl: 0.18656, L_Morse: 0.97004

Weights: [7000.0, 600.0, 0, 50.0, 0.0, 7.9573], lr=5.000e-05
Epoch: 0 [2620/10000 (26%)] Loss: 44.42168 = L_Mnfld: 9.71944 + L_NonMnfld: 17.90955 + L_Nrml: 0.00000 + L_Eknl: 9.13037 + L_Div: 0.00000 + L_Morse: 7.66232
Epoch: 0 [2620/10000 (26%)] Unweighted L_s : L_Mnfld: 0.00139,  L_NonMnfld: 0.02985,  L_Nrml: 0.00000,  L_Eknl: 0.18261, L_Morse: 0.96293

Weights: [7000.0, 600.0, 0, 50.0, 0.0, 7.9243], lr=5.000e-05
Epoch: 0 [2630/10000 (26%)] Loss: 44.90254 = L_Mnfld: 9.28961 + L_NonMnfld: 18.38895 + L_Nrml: 0.00000 + L_Eknl: 9.25210 + L_Div: 0.00000 + L_Morse: 7.97188
Epoch: 0 [2630/10000 (26%)] Unweighted L_s : L_Mnfld: 0.00133,  L_NonMnfld: 0.03065,  L_Nrml: 0.00000,  L_Eknl: 0.18504, L_Morse: 1.00600

Weights: [7000.0, 600.0, 0, 50.0, 0.0, 7.891299999999999], lr=5.000e-05
Epoch: 0 [2640/10000 (26%)] Loss: 44.51086 = L_Mnfld: 9.13253 + L_NonMnfld: 19.08313 + L_Nrml: 0.00000 + L_Eknl: 9.11690 + L_Div: 0.00000 + L_Morse: 7.17831
Epoch: 0 [2640/10000 (26%)] Unweighted L_s : L_Mnfld: 0.00130,  L_NonMnfld: 0.03181,  L_Nrml: 0.00000,  L_Eknl: 0.18234, L_Morse: 0.90965

Weights: [7000.0, 600.0, 0, 50.0, 0.0, 7.8583], lr=5.000e-05
Epoch: 0 [2650/10000 (26%)] Loss: 44.53342 = L_Mnfld: 8.98041 + L_NonMnfld: 18.67843 + L_Nrml: 0.00000 + L_Eknl: 9.30080 + L_Div: 0.00000 + L_Morse: 7.57378
Epoch: 0 [2650/10000 (26%)] Unweighted L_s : L_Mnfld: 0.00128,  L_NonMnfld: 0.03113,  L_Nrml: 0.00000,  L_Eknl: 0.18602, L_Morse: 0.96379

Weights: [7000.0, 600.0, 0, 50.0, 0.0, 7.8252999999999995], lr=5.000e-05
Epoch: 0 [2660/10000 (27%)] Loss: 45.75703 = L_Mnfld: 9.42597 + L_NonMnfld: 19.75449 + L_Nrml: 0.00000 + L_Eknl: 9.33620 + L_Div: 0.00000 + L_Morse: 7.24038
Epoch: 0 [2660/10000 (27%)] Unweighted L_s : L_Mnfld: 0.00135,  L_NonMnfld: 0.03292,  L_Nrml: 0.00000,  L_Eknl: 0.18672, L_Morse: 0.92525

Weights: [7000.0, 600.0, 0, 50.0, 0.0, 7.792299999999999], lr=5.000e-05
Epoch: 0 [2670/10000 (27%)] Loss: 48.71156 = L_Mnfld: 12.42821 + L_NonMnfld: 18.53675 + L_Nrml: 0.00000 + L_Eknl: 9.62586 + L_Div: 0.00000 + L_Morse: 8.12074
Epoch: 0 [2670/10000 (27%)] Unweighted L_s : L_Mnfld: 0.00178,  L_NonMnfld: 0.03089,  L_Nrml: 0.00000,  L_Eknl: 0.19252, L_Morse: 1.04215

Weights: [7000.0, 600.0, 0, 50.0, 0.0, 7.7593], lr=5.000e-05
Epoch: 0 [2680/10000 (27%)] Loss: 52.90971 = L_Mnfld: 15.01365 + L_NonMnfld: 18.95925 + L_Nrml: 0.00000 + L_Eknl: 9.88351 + L_Div: 0.00000 + L_Morse: 9.05330
Epoch: 0 [2680/10000 (27%)] Unweighted L_s : L_Mnfld: 0.00214,  L_NonMnfld: 0.03160,  L_Nrml: 0.00000,  L_Eknl: 0.19767, L_Morse: 1.16677

Weights: [7000.0, 600.0, 0, 50.0, 0.0, 7.726300000000001], lr=5.000e-05
Epoch: 0 [2690/10000 (27%)] Loss: 48.27248 = L_Mnfld: 11.19113 + L_NonMnfld: 19.14814 + L_Nrml: 0.00000 + L_Eknl: 9.69839 + L_Div: 0.00000 + L_Morse: 8.23482
Epoch: 0 [2690/10000 (27%)] Unweighted L_s : L_Mnfld: 0.00160,  L_NonMnfld: 0.03191,  L_Nrml: 0.00000,  L_Eknl: 0.19397, L_Morse: 1.06582

Weights: [7000.0, 600.0, 0, 50.0, 0.0, 7.693300000000001], lr=5.000e-05
Epoch: 0 [2700/10000 (27%)] Loss: 47.31676 = L_Mnfld: 11.22098 + L_NonMnfld: 18.39049 + L_Nrml: 0.00000 + L_Eknl: 9.65607 + L_Div: 0.00000 + L_Morse: 8.04923
Epoch: 0 [2700/10000 (27%)] Unweighted L_s : L_Mnfld: 0.00160,  L_NonMnfld: 0.03065,  L_Nrml: 0.00000,  L_Eknl: 0.19312, L_Morse: 1.04626

Weights: [7000.0, 600.0, 0, 50.0, 0.0, 7.660300000000001], lr=5.000e-05
Epoch: 0 [2710/10000 (27%)] Loss: 46.65382 = L_Mnfld: 10.04567 + L_NonMnfld: 18.77381 + L_Nrml: 0.00000 + L_Eknl: 9.43665 + L_Div: 0.00000 + L_Morse: 8.39769
Epoch: 0 [2710/10000 (27%)] Unweighted L_s : L_Mnfld: 0.00144,  L_NonMnfld: 0.03129,  L_Nrml: 0.00000,  L_Eknl: 0.18873, L_Morse: 1.09626

Weights: [7000.0, 600.0, 0, 50.0, 0.0, 7.627300000000001], lr=5.000e-05
Epoch: 0 [2720/10000 (27%)] Loss: 46.04783 = L_Mnfld: 11.19389 + L_NonMnfld: 17.52414 + L_Nrml: 0.00000 + L_Eknl: 9.65084 + L_Div: 0.00000 + L_Morse: 7.67897
Epoch: 0 [2720/10000 (27%)] Unweighted L_s : L_Mnfld: 0.00160,  L_NonMnfld: 0.02921,  L_Nrml: 0.00000,  L_Eknl: 0.19302, L_Morse: 1.00677

Weights: [7000.0, 600.0, 0, 50.0, 0.0, 7.5943000000000005], lr=5.000e-05
Epoch: 0 [2730/10000 (27%)] Loss: 46.96247 = L_Mnfld: 10.38478 + L_NonMnfld: 19.73856 + L_Nrml: 0.00000 + L_Eknl: 9.43662 + L_Div: 0.00000 + L_Morse: 7.40250
Epoch: 0 [2730/10000 (27%)] Unweighted L_s : L_Mnfld: 0.00148,  L_NonMnfld: 0.03290,  L_Nrml: 0.00000,  L_Eknl: 0.18873, L_Morse: 0.97474

Weights: [7000.0, 600.0, 0, 50.0, 0.0, 7.561300000000001], lr=5.000e-05
Epoch: 0 [2740/10000 (27%)] Loss: 46.74559 = L_Mnfld: 10.73548 + L_NonMnfld: 18.76631 + L_Nrml: 0.00000 + L_Eknl: 9.34520 + L_Div: 0.00000 + L_Morse: 7.89860
Epoch: 0 [2740/10000 (27%)] Unweighted L_s : L_Mnfld: 0.00153,  L_NonMnfld: 0.03128,  L_Nrml: 0.00000,  L_Eknl: 0.18690, L_Morse: 1.04461

Weights: [7000.0, 600.0, 0, 50.0, 0.0, 7.5283000000000015], lr=5.000e-05
Epoch: 0 [2750/10000 (28%)] Loss: 45.29440 = L_Mnfld: 9.37979 + L_NonMnfld: 18.94809 + L_Nrml: 0.00000 + L_Eknl: 9.21912 + L_Div: 0.00000 + L_Morse: 7.74739
Epoch: 0 [2750/10000 (28%)] Unweighted L_s : L_Mnfld: 0.00134,  L_NonMnfld: 0.03158,  L_Nrml: 0.00000,  L_Eknl: 0.18438, L_Morse: 1.02910

Weights: [7000.0, 600.0, 0, 50.0, 0.0, 7.4953], lr=5.000e-05
Epoch: 0 [2760/10000 (28%)] Loss: 45.72393 = L_Mnfld: 10.14574 + L_NonMnfld: 18.77147 + L_Nrml: 0.00000 + L_Eknl: 9.34800 + L_Div: 0.00000 + L_Morse: 7.45873
Epoch: 0 [2760/10000 (28%)] Unweighted L_s : L_Mnfld: 0.00145,  L_NonMnfld: 0.03129,  L_Nrml: 0.00000,  L_Eknl: 0.18696, L_Morse: 0.99512

Weights: [7000.0, 600.0, 0, 50.0, 0.0, 7.462300000000001], lr=5.000e-05
Epoch: 0 [2770/10000 (28%)] Loss: 45.57775 = L_Mnfld: 9.91139 + L_NonMnfld: 19.12179 + L_Nrml: 0.00000 + L_Eknl: 9.36999 + L_Div: 0.00000 + L_Morse: 7.17458
Epoch: 0 [2770/10000 (28%)] Unweighted L_s : L_Mnfld: 0.00142,  L_NonMnfld: 0.03187,  L_Nrml: 0.00000,  L_Eknl: 0.18740, L_Morse: 0.96144

Weights: [7000.0, 600.0, 0, 50.0, 0.0, 7.429300000000001], lr=5.000e-05
Epoch: 0 [2780/10000 (28%)] Loss: 44.93010 = L_Mnfld: 9.62522 + L_NonMnfld: 18.08368 + L_Nrml: 0.00000 + L_Eknl: 9.27326 + L_Div: 0.00000 + L_Morse: 7.94794
Epoch: 0 [2780/10000 (28%)] Unweighted L_s : L_Mnfld: 0.00138,  L_NonMnfld: 0.03014,  L_Nrml: 0.00000,  L_Eknl: 0.18547, L_Morse: 1.06981

Weights: [7000.0, 600.0, 0, 50.0, 0.0, 7.3963], lr=5.000e-05
Epoch: 0 [2790/10000 (28%)] Loss: 43.76159 = L_Mnfld: 9.31402 + L_NonMnfld: 17.69953 + L_Nrml: 0.00000 + L_Eknl: 9.10273 + L_Div: 0.00000 + L_Morse: 7.64531
Epoch: 0 [2790/10000 (28%)] Unweighted L_s : L_Mnfld: 0.00133,  L_NonMnfld: 0.02950,  L_Nrml: 0.00000,  L_Eknl: 0.18205, L_Morse: 1.03367

Weights: [7000.0, 600.0, 0, 50.0, 0.0, 7.363300000000001], lr=5.000e-05
Epoch: 0 [2800/10000 (28%)] Loss: 45.09397 = L_Mnfld: 10.11916 + L_NonMnfld: 17.66699 + L_Nrml: 0.00000 + L_Eknl: 9.36543 + L_Div: 0.00000 + L_Morse: 7.94239
Epoch: 0 [2800/10000 (28%)] Unweighted L_s : L_Mnfld: 0.00145,  L_NonMnfld: 0.02944,  L_Nrml: 0.00000,  L_Eknl: 0.18731, L_Morse: 1.07865

Weights: [7000.0, 600.0, 0, 50.0, 0.0, 7.330300000000001], lr=5.000e-05
Epoch: 0 [2810/10000 (28%)] Loss: 44.74517 = L_Mnfld: 9.46083 + L_NonMnfld: 18.77736 + L_Nrml: 0.00000 + L_Eknl: 9.15337 + L_Div: 0.00000 + L_Morse: 7.35361
Epoch: 0 [2810/10000 (28%)] Unweighted L_s : L_Mnfld: 0.00135,  L_NonMnfld: 0.03130,  L_Nrml: 0.00000,  L_Eknl: 0.18307, L_Morse: 1.00318

Weights: [7000.0, 600.0, 0, 50.0, 0.0, 7.2973], lr=5.000e-05
Epoch: 0 [2820/10000 (28%)] Loss: 46.40322 = L_Mnfld: 10.86088 + L_NonMnfld: 18.66696 + L_Nrml: 0.00000 + L_Eknl: 9.28501 + L_Div: 0.00000 + L_Morse: 7.59038
Epoch: 0 [2820/10000 (28%)] Unweighted L_s : L_Mnfld: 0.00155,  L_NonMnfld: 0.03111,  L_Nrml: 0.00000,  L_Eknl: 0.18570, L_Morse: 1.04016

Weights: [7000.0, 600.0, 0, 50.0, 0.0, 7.2643], lr=5.000e-05
Epoch: 0 [2830/10000 (28%)] Loss: 47.19384 = L_Mnfld: 10.39955 + L_NonMnfld: 20.14478 + L_Nrml: 0.00000 + L_Eknl: 9.29719 + L_Div: 0.00000 + L_Morse: 7.35232
Epoch: 0 [2830/10000 (28%)] Unweighted L_s : L_Mnfld: 0.00149,  L_NonMnfld: 0.03357,  L_Nrml: 0.00000,  L_Eknl: 0.18594, L_Morse: 1.01212

Weights: [7000.0, 600.0, 0, 50.0, 0.0, 7.231300000000001], lr=5.000e-05
Epoch: 0 [2840/10000 (28%)] Loss: 44.78146 = L_Mnfld: 9.93034 + L_NonMnfld: 18.13773 + L_Nrml: 0.00000 + L_Eknl: 9.16499 + L_Div: 0.00000 + L_Morse: 7.54840
Epoch: 0 [2840/10000 (28%)] Unweighted L_s : L_Mnfld: 0.00142,  L_NonMnfld: 0.03023,  L_Nrml: 0.00000,  L_Eknl: 0.18330, L_Morse: 1.04385

Weights: [7000.0, 600.0, 0, 50.0, 0.0, 7.198300000000001], lr=5.000e-05
Epoch: 0 [2850/10000 (28%)] Loss: 44.25458 = L_Mnfld: 9.98311 + L_NonMnfld: 17.48194 + L_Nrml: 0.00000 + L_Eknl: 9.12476 + L_Div: 0.00000 + L_Morse: 7.66477
Epoch: 0 [2850/10000 (28%)] Unweighted L_s : L_Mnfld: 0.00143,  L_NonMnfld: 0.02914,  L_Nrml: 0.00000,  L_Eknl: 0.18250, L_Morse: 1.06480

Weights: [7000.0, 600.0, 0, 50.0, 0.0, 7.1653], lr=5.000e-05
Epoch: 0 [2860/10000 (29%)] Loss: 44.30578 = L_Mnfld: 9.48640 + L_NonMnfld: 18.09654 + L_Nrml: 0.00000 + L_Eknl: 9.04665 + L_Div: 0.00000 + L_Morse: 7.67620
Epoch: 0 [2860/10000 (29%)] Unweighted L_s : L_Mnfld: 0.00136,  L_NonMnfld: 0.03016,  L_Nrml: 0.00000,  L_Eknl: 0.18093, L_Morse: 1.07130

Weights: [7000.0, 600.0, 0, 50.0, 0.0, 7.132300000000001], lr=5.000e-05
Epoch: 0 [2870/10000 (29%)] Loss: 44.74518 = L_Mnfld: 8.90891 + L_NonMnfld: 19.12504 + L_Nrml: 0.00000 + L_Eknl: 9.08264 + L_Div: 0.00000 + L_Morse: 7.62859
Epoch: 0 [2870/10000 (29%)] Unweighted L_s : L_Mnfld: 0.00127,  L_NonMnfld: 0.03188,  L_Nrml: 0.00000,  L_Eknl: 0.18165, L_Morse: 1.06958

Weights: [7000.0, 600.0, 0, 50.0, 0.0, 7.0993], lr=5.000e-05
Epoch: 0 [2880/10000 (29%)] Loss: 44.76911 = L_Mnfld: 9.74936 + L_NonMnfld: 18.53676 + L_Nrml: 0.00000 + L_Eknl: 8.98200 + L_Div: 0.00000 + L_Morse: 7.50100
Epoch: 0 [2880/10000 (29%)] Unweighted L_s : L_Mnfld: 0.00139,  L_NonMnfld: 0.03089,  L_Nrml: 0.00000,  L_Eknl: 0.17964, L_Morse: 1.05658

Weights: [7000.0, 600.0, 0, 50.0, 0.0, 7.0663], lr=5.000e-05
Epoch: 0 [2890/10000 (29%)] Loss: 47.60631 = L_Mnfld: 11.32501 + L_NonMnfld: 19.76411 + L_Nrml: 0.00000 + L_Eknl: 8.90699 + L_Div: 0.00000 + L_Morse: 7.61019
Epoch: 0 [2890/10000 (29%)] Unweighted L_s : L_Mnfld: 0.00162,  L_NonMnfld: 0.03294,  L_Nrml: 0.00000,  L_Eknl: 0.17814, L_Morse: 1.07697

Weights: [7000.0, 600.0, 0, 50.0, 0.0, 7.0333000000000006], lr=5.000e-05
Epoch: 0 [2900/10000 (29%)] Loss: 44.96735 = L_Mnfld: 10.53243 + L_NonMnfld: 17.73341 + L_Nrml: 0.00000 + L_Eknl: 9.05143 + L_Div: 0.00000 + L_Morse: 7.65009
Epoch: 0 [2900/10000 (29%)] Unweighted L_s : L_Mnfld: 0.00150,  L_NonMnfld: 0.02956,  L_Nrml: 0.00000,  L_Eknl: 0.18103, L_Morse: 1.08770

Weights: [7000.0, 600.0, 0, 50.0, 0.0, 7.0003], lr=5.000e-05
Epoch: 0 [2910/10000 (29%)] Loss: 43.67967 = L_Mnfld: 8.93226 + L_NonMnfld: 18.46945 + L_Nrml: 0.00000 + L_Eknl: 8.91385 + L_Div: 0.00000 + L_Morse: 7.36411
Epoch: 0 [2910/10000 (29%)] Unweighted L_s : L_Mnfld: 0.00128,  L_NonMnfld: 0.03078,  L_Nrml: 0.00000,  L_Eknl: 0.17828, L_Morse: 1.05197

Weights: [7000.0, 600.0, 0, 50.0, 0.0, 6.9673], lr=5.000e-05
Epoch: 0 [2920/10000 (29%)] Loss: 44.66400 = L_Mnfld: 9.04416 + L_NonMnfld: 19.23531 + L_Nrml: 0.00000 + L_Eknl: 9.00318 + L_Div: 0.00000 + L_Morse: 7.38135
Epoch: 0 [2920/10000 (29%)] Unweighted L_s : L_Mnfld: 0.00129,  L_NonMnfld: 0.03206,  L_Nrml: 0.00000,  L_Eknl: 0.18006, L_Morse: 1.05943

Weights: [7000.0, 600.0, 0, 50.0, 0.0, 6.9343], lr=5.000e-05
Epoch: 0 [2930/10000 (29%)] Loss: 42.47031 = L_Mnfld: 8.65879 + L_NonMnfld: 17.71518 + L_Nrml: 0.00000 + L_Eknl: 8.88851 + L_Div: 0.00000 + L_Morse: 7.20782
Epoch: 0 [2930/10000 (29%)] Unweighted L_s : L_Mnfld: 0.00124,  L_NonMnfld: 0.02953,  L_Nrml: 0.00000,  L_Eknl: 0.17777, L_Morse: 1.03945

Weights: [7000.0, 600.0, 0, 50.0, 0.0, 6.901300000000001], lr=5.000e-05
Epoch: 0 [2940/10000 (29%)] Loss: 43.17539 = L_Mnfld: 8.62850 + L_NonMnfld: 18.80481 + L_Nrml: 0.00000 + L_Eknl: 8.80640 + L_Div: 0.00000 + L_Morse: 6.93567
Epoch: 0 [2940/10000 (29%)] Unweighted L_s : L_Mnfld: 0.00123,  L_NonMnfld: 0.03134,  L_Nrml: 0.00000,  L_Eknl: 0.17613, L_Morse: 1.00498

Weights: [7000.0, 600.0, 0, 50.0, 0.0, 6.8683000000000005], lr=5.000e-05
Epoch: 0 [2950/10000 (30%)] Loss: 44.99564 = L_Mnfld: 8.76670 + L_NonMnfld: 20.43879 + L_Nrml: 0.00000 + L_Eknl: 8.75256 + L_Div: 0.00000 + L_Morse: 7.03759
Epoch: 0 [2950/10000 (30%)] Unweighted L_s : L_Mnfld: 0.00125,  L_NonMnfld: 0.03406,  L_Nrml: 0.00000,  L_Eknl: 0.17505, L_Morse: 1.02465

Weights: [7000.0, 600.0, 0, 50.0, 0.0, 6.8353], lr=5.000e-05
Epoch: 0 [2960/10000 (30%)] Loss: 43.07818 = L_Mnfld: 8.34101 + L_NonMnfld: 19.14399 + L_Nrml: 0.00000 + L_Eknl: 8.72046 + L_Div: 0.00000 + L_Morse: 6.87271
Epoch: 0 [2960/10000 (30%)] Unweighted L_s : L_Mnfld: 0.00119,  L_NonMnfld: 0.03191,  L_Nrml: 0.00000,  L_Eknl: 0.17441, L_Morse: 1.00547

Weights: [7000.0, 600.0, 0, 50.0, 0.0, 6.802300000000001], lr=5.000e-05
Epoch: 0 [2970/10000 (30%)] Loss: 43.65698 = L_Mnfld: 8.20995 + L_NonMnfld: 19.74488 + L_Nrml: 0.00000 + L_Eknl: 8.66997 + L_Div: 0.00000 + L_Morse: 7.03218
Epoch: 0 [2970/10000 (30%)] Unweighted L_s : L_Mnfld: 0.00117,  L_NonMnfld: 0.03291,  L_Nrml: 0.00000,  L_Eknl: 0.17340, L_Morse: 1.03379

Weights: [7000.0, 600.0, 0, 50.0, 0.0, 6.7693], lr=5.000e-05
Epoch: 0 [2980/10000 (30%)] Loss: 42.84342 = L_Mnfld: 9.77150 + L_NonMnfld: 17.29306 + L_Nrml: 0.00000 + L_Eknl: 8.78450 + L_Div: 0.00000 + L_Morse: 6.99436
Epoch: 0 [2980/10000 (30%)] Unweighted L_s : L_Mnfld: 0.00140,  L_NonMnfld: 0.02882,  L_Nrml: 0.00000,  L_Eknl: 0.17569, L_Morse: 1.03325

Weights: [7000.0, 600.0, 0, 50.0, 0.0, 6.7363], lr=5.000e-05
Epoch: 0 [2990/10000 (30%)] Loss: 43.55849 = L_Mnfld: 9.50887 + L_NonMnfld: 18.21424 + L_Nrml: 0.00000 + L_Eknl: 8.72744 + L_Div: 0.00000 + L_Morse: 7.10794
Epoch: 0 [2990/10000 (30%)] Unweighted L_s : L_Mnfld: 0.00136,  L_NonMnfld: 0.03036,  L_Nrml: 0.00000,  L_Eknl: 0.17455, L_Morse: 1.05517

Weights: [7000.0, 600.0, 0, 50.0, 0.0, 6.7033000000000005], lr=5.000e-05
Epoch: 0 [3000/10000 (30%)] Loss: 42.91178 = L_Mnfld: 9.56315 + L_NonMnfld: 17.64235 + L_Nrml: 0.00000 + L_Eknl: 8.62556 + L_Div: 0.00000 + L_Morse: 7.08072
Epoch: 0 [3000/10000 (30%)] Unweighted L_s : L_Mnfld: 0.00137,  L_NonMnfld: 0.02940,  L_Nrml: 0.00000,  L_Eknl: 0.17251, L_Morse: 1.05630

Weights: [7000.0, 600.0, 0, 50.0, 0.0, 6.6703], lr=5.000e-05
Epoch: 0 [3010/10000 (30%)] Loss: 43.02697 = L_Mnfld: 9.29409 + L_NonMnfld: 17.30846 + L_Nrml: 0.00000 + L_Eknl: 9.01413 + L_Div: 0.00000 + L_Morse: 7.41030
Epoch: 0 [3010/10000 (30%)] Unweighted L_s : L_Mnfld: 0.00133,  L_NonMnfld: 0.02885,  L_Nrml: 0.00000,  L_Eknl: 0.18028, L_Morse: 1.11094

Weights: [7000.0, 600.0, 0, 50.0, 0.0, 6.6373], lr=5.000e-05
Epoch: 0 [3020/10000 (30%)] Loss: 44.17295 = L_Mnfld: 10.12967 + L_NonMnfld: 18.07438 + L_Nrml: 0.00000 + L_Eknl: 8.85713 + L_Div: 0.00000 + L_Morse: 7.11177
Epoch: 0 [3020/10000 (30%)] Unweighted L_s : L_Mnfld: 0.00145,  L_NonMnfld: 0.03012,  L_Nrml: 0.00000,  L_Eknl: 0.17714, L_Morse: 1.07149

Weights: [7000.0, 600.0, 0, 50.0, 0.0, 6.6043], lr=5.000e-05
Epoch: 0 [3030/10000 (30%)] Loss: 43.66102 = L_Mnfld: 8.84213 + L_NonMnfld: 18.82727 + L_Nrml: 0.00000 + L_Eknl: 8.67723 + L_Div: 0.00000 + L_Morse: 7.31439
Epoch: 0 [3030/10000 (30%)] Unweighted L_s : L_Mnfld: 0.00126,  L_NonMnfld: 0.03138,  L_Nrml: 0.00000,  L_Eknl: 0.17354, L_Morse: 1.10752

Weights: [7000.0, 600.0, 0, 50.0, 0.0, 6.5713], lr=5.000e-05
Epoch: 0 [3040/10000 (30%)] Loss: 43.06522 = L_Mnfld: 9.24018 + L_NonMnfld: 17.97747 + L_Nrml: 0.00000 + L_Eknl: 8.82660 + L_Div: 0.00000 + L_Morse: 7.02097
Epoch: 0 [3040/10000 (30%)] Unweighted L_s : L_Mnfld: 0.00132,  L_NonMnfld: 0.02996,  L_Nrml: 0.00000,  L_Eknl: 0.17653, L_Morse: 1.06843

Weights: [7000.0, 600.0, 0, 50.0, 0.0, 6.5383], lr=5.000e-05
Epoch: 0 [3050/10000 (30%)] Loss: 42.69339 = L_Mnfld: 8.79608 + L_NonMnfld: 18.52668 + L_Nrml: 0.00000 + L_Eknl: 8.65131 + L_Div: 0.00000 + L_Morse: 6.71932
Epoch: 0 [3050/10000 (30%)] Unweighted L_s : L_Mnfld: 0.00126,  L_NonMnfld: 0.03088,  L_Nrml: 0.00000,  L_Eknl: 0.17303, L_Morse: 1.02769

Weights: [7000.0, 600.0, 0, 50.0, 0.0, 6.5053], lr=5.000e-05
Epoch: 0 [3060/10000 (31%)] Loss: 43.55932 = L_Mnfld: 8.56643 + L_NonMnfld: 19.30376 + L_Nrml: 0.00000 + L_Eknl: 8.64445 + L_Div: 0.00000 + L_Morse: 7.04468
Epoch: 0 [3060/10000 (31%)] Unweighted L_s : L_Mnfld: 0.00122,  L_NonMnfld: 0.03217,  L_Nrml: 0.00000,  L_Eknl: 0.17289, L_Morse: 1.08291

Weights: [7000.0, 600.0, 0, 50.0, 0.0, 6.4723], lr=5.000e-05
Epoch: 0 [3070/10000 (31%)] Loss: 41.20734 = L_Mnfld: 8.14934 + L_NonMnfld: 17.97771 + L_Nrml: 0.00000 + L_Eknl: 8.44864 + L_Div: 0.00000 + L_Morse: 6.63164
Epoch: 0 [3070/10000 (31%)] Unweighted L_s : L_Mnfld: 0.00116,  L_NonMnfld: 0.02996,  L_Nrml: 0.00000,  L_Eknl: 0.16897, L_Morse: 1.02462

Weights: [7000.0, 600.0, 0, 50.0, 0.0, 6.439299999999999], lr=5.000e-05
Epoch: 0 [3080/10000 (31%)] Loss: 41.49308 = L_Mnfld: 8.43922 + L_NonMnfld: 18.09350 + L_Nrml: 0.00000 + L_Eknl: 8.40987 + L_Div: 0.00000 + L_Morse: 6.55050
Epoch: 0 [3080/10000 (31%)] Unweighted L_s : L_Mnfld: 0.00121,  L_NonMnfld: 0.03016,  L_Nrml: 0.00000,  L_Eknl: 0.16820, L_Morse: 1.01727

Weights: [7000.0, 600.0, 0, 50.0, 0.0, 6.4063], lr=5.000e-05
Epoch: 0 [3090/10000 (31%)] Loss: 42.21726 = L_Mnfld: 8.67204 + L_NonMnfld: 18.24368 + L_Nrml: 0.00000 + L_Eknl: 8.56937 + L_Div: 0.00000 + L_Morse: 6.73218
Epoch: 0 [3090/10000 (31%)] Unweighted L_s : L_Mnfld: 0.00124,  L_NonMnfld: 0.03041,  L_Nrml: 0.00000,  L_Eknl: 0.17139, L_Morse: 1.05087

Weights: [7000.0, 600.0, 0, 50.0, 0.0, 6.3733], lr=5.000e-05
Epoch: 0 [3100/10000 (31%)] Loss: 42.28694 = L_Mnfld: 9.72609 + L_NonMnfld: 17.64094 + L_Nrml: 0.00000 + L_Eknl: 8.30223 + L_Div: 0.00000 + L_Morse: 6.61767
Epoch: 0 [3100/10000 (31%)] Unweighted L_s : L_Mnfld: 0.00139,  L_NonMnfld: 0.02940,  L_Nrml: 0.00000,  L_Eknl: 0.16604, L_Morse: 1.03834

Weights: [7000.0, 600.0, 0, 50.0, 0.0, 6.3403], lr=5.000e-05
Epoch: 0 [3110/10000 (31%)] Loss: 41.79016 = L_Mnfld: 9.12868 + L_NonMnfld: 17.35176 + L_Nrml: 0.00000 + L_Eknl: 8.53774 + L_Div: 0.00000 + L_Morse: 6.77198
Epoch: 0 [3110/10000 (31%)] Unweighted L_s : L_Mnfld: 0.00130,  L_NonMnfld: 0.02892,  L_Nrml: 0.00000,  L_Eknl: 0.17075, L_Morse: 1.06809

Weights: [7000.0, 600.0, 0, 50.0, 0.0, 6.3073], lr=5.000e-05
Epoch: 0 [3120/10000 (31%)] Loss: 43.20601 = L_Mnfld: 9.13307 + L_NonMnfld: 18.32339 + L_Nrml: 0.00000 + L_Eknl: 8.52596 + L_Div: 0.00000 + L_Morse: 7.22358
Epoch: 0 [3120/10000 (31%)] Unweighted L_s : L_Mnfld: 0.00130,  L_NonMnfld: 0.03054,  L_Nrml: 0.00000,  L_Eknl: 0.17052, L_Morse: 1.14527

Weights: [7000.0, 600.0, 0, 50.0, 0.0, 6.2743], lr=5.000e-05
Epoch: 0 [3130/10000 (31%)] Loss: 42.23935 = L_Mnfld: 9.18258 + L_NonMnfld: 17.69040 + L_Nrml: 0.00000 + L_Eknl: 8.42485 + L_Div: 0.00000 + L_Morse: 6.94152
Epoch: 0 [3130/10000 (31%)] Unweighted L_s : L_Mnfld: 0.00131,  L_NonMnfld: 0.02948,  L_Nrml: 0.00000,  L_Eknl: 0.16850, L_Morse: 1.10634

Weights: [7000.0, 600.0, 0, 50.0, 0.0, 6.2413], lr=5.000e-05
Epoch: 0 [3140/10000 (31%)] Loss: 44.07293 = L_Mnfld: 9.76856 + L_NonMnfld: 18.71984 + L_Nrml: 0.00000 + L_Eknl: 8.66983 + L_Div: 0.00000 + L_Morse: 6.91470
Epoch: 0 [3140/10000 (31%)] Unweighted L_s : L_Mnfld: 0.00140,  L_NonMnfld: 0.03120,  L_Nrml: 0.00000,  L_Eknl: 0.17340, L_Morse: 1.10789

Weights: [7000.0, 600.0, 0, 50.0, 0.0, 6.2082999999999995], lr=5.000e-05
Epoch: 0 [3150/10000 (32%)] Loss: 43.37950 = L_Mnfld: 8.98465 + L_NonMnfld: 19.16013 + L_Nrml: 0.00000 + L_Eknl: 8.63382 + L_Div: 0.00000 + L_Morse: 6.60090
Epoch: 0 [3150/10000 (32%)] Unweighted L_s : L_Mnfld: 0.00128,  L_NonMnfld: 0.03193,  L_Nrml: 0.00000,  L_Eknl: 0.17268, L_Morse: 1.06324

Weights: [7000.0, 600.0, 0, 50.0, 0.0, 6.1753], lr=5.000e-05
Epoch: 0 [3160/10000 (32%)] Loss: 43.70453 = L_Mnfld: 10.14006 + L_NonMnfld: 18.49680 + L_Nrml: 0.00000 + L_Eknl: 8.55952 + L_Div: 0.00000 + L_Morse: 6.50815
Epoch: 0 [3160/10000 (32%)] Unweighted L_s : L_Mnfld: 0.00145,  L_NonMnfld: 0.03083,  L_Nrml: 0.00000,  L_Eknl: 0.17119, L_Morse: 1.05390

Weights: [7000.0, 600.0, 0, 50.0, 0.0, 6.1423], lr=5.000e-05
Epoch: 0 [3170/10000 (32%)] Loss: 46.60670 = L_Mnfld: 12.30151 + L_NonMnfld: 18.17420 + L_Nrml: 0.00000 + L_Eknl: 8.73578 + L_Div: 0.00000 + L_Morse: 7.39520
Epoch: 0 [3170/10000 (32%)] Unweighted L_s : L_Mnfld: 0.00176,  L_NonMnfld: 0.03029,  L_Nrml: 0.00000,  L_Eknl: 0.17472, L_Morse: 1.20398

Weights: [7000.0, 600.0, 0, 50.0, 0.0, 6.109299999999999], lr=5.000e-05
Epoch: 0 [3180/10000 (32%)] Loss: 45.49312 = L_Mnfld: 11.11273 + L_NonMnfld: 18.16397 + L_Nrml: 0.00000 + L_Eknl: 9.00550 + L_Div: 0.00000 + L_Morse: 7.21093
Epoch: 0 [3180/10000 (32%)] Unweighted L_s : L_Mnfld: 0.00159,  L_NonMnfld: 0.03027,  L_Nrml: 0.00000,  L_Eknl: 0.18011, L_Morse: 1.18032

Weights: [7000.0, 600.0, 0, 50.0, 0.0, 6.0763], lr=5.000e-05
Epoch: 0 [3190/10000 (32%)] Loss: 43.49870 = L_Mnfld: 9.49942 + L_NonMnfld: 18.15120 + L_Nrml: 0.00000 + L_Eknl: 8.65292 + L_Div: 0.00000 + L_Morse: 7.19517
Epoch: 0 [3190/10000 (32%)] Unweighted L_s : L_Mnfld: 0.00136,  L_NonMnfld: 0.03025,  L_Nrml: 0.00000,  L_Eknl: 0.17306, L_Morse: 1.18414

Weights: [7000.0, 600.0, 0, 50.0, 0.0, 6.0432999999999995], lr=5.000e-05
Epoch: 0 [3200/10000 (32%)] Loss: 43.39492 = L_Mnfld: 9.08415 + L_NonMnfld: 18.87973 + L_Nrml: 0.00000 + L_Eknl: 8.73765 + L_Div: 0.00000 + L_Morse: 6.69339
Epoch: 0 [3200/10000 (32%)] Unweighted L_s : L_Mnfld: 0.00130,  L_NonMnfld: 0.03147,  L_Nrml: 0.00000,  L_Eknl: 0.17475, L_Morse: 1.10757

Weights: [7000.0, 600.0, 0, 50.0, 0.0, 6.010299999999999], lr=5.000e-05
Epoch: 0 [3210/10000 (32%)] Loss: 44.98207 = L_Mnfld: 9.62981 + L_NonMnfld: 20.04217 + L_Nrml: 0.00000 + L_Eknl: 8.56210 + L_Div: 0.00000 + L_Morse: 6.74799
Epoch: 0 [3210/10000 (32%)] Unweighted L_s : L_Mnfld: 0.00138,  L_NonMnfld: 0.03340,  L_Nrml: 0.00000,  L_Eknl: 0.17124, L_Morse: 1.12274

Weights: [7000.0, 600.0, 0, 50.0, 0.0, 5.9773], lr=5.000e-05
Epoch: 0 [3220/10000 (32%)] Loss: 46.96797 = L_Mnfld: 11.86746 + L_NonMnfld: 19.47522 + L_Nrml: 0.00000 + L_Eknl: 8.68690 + L_Div: 0.00000 + L_Morse: 6.93840
Epoch: 0 [3220/10000 (32%)] Unweighted L_s : L_Mnfld: 0.00170,  L_NonMnfld: 0.03246,  L_Nrml: 0.00000,  L_Eknl: 0.17374, L_Morse: 1.16079

Weights: [7000.0, 600.0, 0, 50.0, 0.0, 5.944299999999999], lr=5.000e-05
Epoch: 0 [3230/10000 (32%)] Loss: 43.22805 = L_Mnfld: 9.19709 + L_NonMnfld: 18.69148 + L_Nrml: 0.00000 + L_Eknl: 8.73724 + L_Div: 0.00000 + L_Morse: 6.60224
Epoch: 0 [3230/10000 (32%)] Unweighted L_s : L_Mnfld: 0.00131,  L_NonMnfld: 0.03115,  L_Nrml: 0.00000,  L_Eknl: 0.17474, L_Morse: 1.11068

Weights: [7000.0, 600.0, 0, 50.0, 0.0, 5.911299999999999], lr=5.000e-05
Epoch: 0 [3240/10000 (32%)] Loss: 41.54740 = L_Mnfld: 8.90495 + L_NonMnfld: 17.79039 + L_Nrml: 0.00000 + L_Eknl: 8.53403 + L_Div: 0.00000 + L_Morse: 6.31803
Epoch: 0 [3240/10000 (32%)] Unweighted L_s : L_Mnfld: 0.00127,  L_NonMnfld: 0.02965,  L_Nrml: 0.00000,  L_Eknl: 0.17068, L_Morse: 1.06881

Weights: [7000.0, 600.0, 0, 50.0, 0.0, 5.878299999999999], lr=5.000e-05
Epoch: 0 [3250/10000 (32%)] Loss: 42.35122 = L_Mnfld: 8.81104 + L_NonMnfld: 18.44450 + L_Nrml: 0.00000 + L_Eknl: 8.42155 + L_Div: 0.00000 + L_Morse: 6.67413
Epoch: 0 [3250/10000 (32%)] Unweighted L_s : L_Mnfld: 0.00126,  L_NonMnfld: 0.03074,  L_Nrml: 0.00000,  L_Eknl: 0.16843, L_Morse: 1.13538

Weights: [7000.0, 600.0, 0, 50.0, 0.0, 5.845299999999999], lr=5.000e-05
Epoch: 0 [3260/10000 (33%)] Loss: 43.64661 = L_Mnfld: 9.55086 + L_NonMnfld: 18.82258 + L_Nrml: 0.00000 + L_Eknl: 8.62067 + L_Div: 0.00000 + L_Morse: 6.65251
Epoch: 0 [3260/10000 (33%)] Unweighted L_s : L_Mnfld: 0.00136,  L_NonMnfld: 0.03137,  L_Nrml: 0.00000,  L_Eknl: 0.17241, L_Morse: 1.13810

Weights: [7000.0, 600.0, 0, 50.0, 0.0, 5.812299999999999], lr=5.000e-05
Epoch: 0 [3270/10000 (33%)] Loss: 44.05921 = L_Mnfld: 9.53253 + L_NonMnfld: 19.42214 + L_Nrml: 0.00000 + L_Eknl: 8.44040 + L_Div: 0.00000 + L_Morse: 6.66414
Epoch: 0 [3270/10000 (33%)] Unweighted L_s : L_Mnfld: 0.00136,  L_NonMnfld: 0.03237,  L_Nrml: 0.00000,  L_Eknl: 0.16881, L_Morse: 1.14656

Weights: [7000.0, 600.0, 0, 50.0, 0.0, 5.779299999999999], lr=5.000e-05
Epoch: 0 [3280/10000 (33%)] Loss: 41.59642 = L_Mnfld: 8.56061 + L_NonMnfld: 18.07790 + L_Nrml: 0.00000 + L_Eknl: 8.39498 + L_Div: 0.00000 + L_Morse: 6.56293
Epoch: 0 [3280/10000 (33%)] Unweighted L_s : L_Mnfld: 0.00122,  L_NonMnfld: 0.03013,  L_Nrml: 0.00000,  L_Eknl: 0.16790, L_Morse: 1.13559

Weights: [7000.0, 600.0, 0, 50.0, 0.0, 5.746299999999999], lr=5.000e-05
Epoch: 0 [3290/10000 (33%)] Loss: 42.00646 = L_Mnfld: 8.56694 + L_NonMnfld: 18.35915 + L_Nrml: 0.00000 + L_Eknl: 8.54045 + L_Div: 0.00000 + L_Morse: 6.53992
Epoch: 0 [3290/10000 (33%)] Unweighted L_s : L_Mnfld: 0.00122,  L_NonMnfld: 0.03060,  L_Nrml: 0.00000,  L_Eknl: 0.17081, L_Morse: 1.13811

Weights: [7000.0, 600.0, 0, 50.0, 0.0, 5.713299999999999], lr=5.000e-05
Epoch: 0 [3300/10000 (33%)] Loss: 42.07794 = L_Mnfld: 8.43093 + L_NonMnfld: 18.28736 + L_Nrml: 0.00000 + L_Eknl: 8.40199 + L_Div: 0.00000 + L_Morse: 6.95766
Epoch: 0 [3300/10000 (33%)] Unweighted L_s : L_Mnfld: 0.00120,  L_NonMnfld: 0.03048,  L_Nrml: 0.00000,  L_Eknl: 0.16804, L_Morse: 1.21780

Weights: [7000.0, 600.0, 0, 50.0, 0.0, 5.680299999999999], lr=5.000e-05
Epoch: 0 [3310/10000 (33%)] Loss: 40.90781 = L_Mnfld: 8.74293 + L_NonMnfld: 17.55870 + L_Nrml: 0.00000 + L_Eknl: 8.31734 + L_Div: 0.00000 + L_Morse: 6.28884
Epoch: 0 [3310/10000 (33%)] Unweighted L_s : L_Mnfld: 0.00125,  L_NonMnfld: 0.02926,  L_Nrml: 0.00000,  L_Eknl: 0.16635, L_Morse: 1.10713

Weights: [7000.0, 600.0, 0, 50.0, 0.0, 5.6473], lr=5.000e-05
Epoch: 0 [3320/10000 (33%)] Loss: 42.50344 = L_Mnfld: 9.24011 + L_NonMnfld: 18.01326 + L_Nrml: 0.00000 + L_Eknl: 8.40748 + L_Div: 0.00000 + L_Morse: 6.84259
Epoch: 0 [3320/10000 (33%)] Unweighted L_s : L_Mnfld: 0.00132,  L_NonMnfld: 0.03002,  L_Nrml: 0.00000,  L_Eknl: 0.16815, L_Morse: 1.21166

Weights: [7000.0, 600.0, 0, 50.0, 0.0, 5.614300000000001], lr=5.000e-05
Epoch: 0 [3330/10000 (33%)] Loss: 40.88143 = L_Mnfld: 9.54278 + L_NonMnfld: 16.61837 + L_Nrml: 0.00000 + L_Eknl: 8.32438 + L_Div: 0.00000 + L_Morse: 6.39590
Epoch: 0 [3330/10000 (33%)] Unweighted L_s : L_Mnfld: 0.00136,  L_NonMnfld: 0.02770,  L_Nrml: 0.00000,  L_Eknl: 0.16649, L_Morse: 1.13922

Weights: [7000.0, 600.0, 0, 50.0, 0.0, 5.581300000000001], lr=5.000e-05
Epoch: 0 [3340/10000 (33%)] Loss: 42.24668 = L_Mnfld: 9.28717 + L_NonMnfld: 17.92891 + L_Nrml: 0.00000 + L_Eknl: 8.29968 + L_Div: 0.00000 + L_Morse: 6.73093
Epoch: 0 [3340/10000 (33%)] Unweighted L_s : L_Mnfld: 0.00133,  L_NonMnfld: 0.02988,  L_Nrml: 0.00000,  L_Eknl: 0.16599, L_Morse: 1.20598

Weights: [7000.0, 600.0, 0, 50.0, 0.0, 5.5483], lr=5.000e-05
Epoch: 0 [3350/10000 (34%)] Loss: 44.48273 = L_Mnfld: 10.94159 + L_NonMnfld: 18.54777 + L_Nrml: 0.00000 + L_Eknl: 8.45618 + L_Div: 0.00000 + L_Morse: 6.53719
Epoch: 0 [3350/10000 (34%)] Unweighted L_s : L_Mnfld: 0.00156,  L_NonMnfld: 0.03091,  L_Nrml: 0.00000,  L_Eknl: 0.16912, L_Morse: 1.17823

Weights: [7000.0, 600.0, 0, 50.0, 0.0, 5.515300000000001], lr=5.000e-05
Epoch: 0 [3360/10000 (34%)] Loss: 44.87099 = L_Mnfld: 11.61005 + L_NonMnfld: 18.48969 + L_Nrml: 0.00000 + L_Eknl: 8.32714 + L_Div: 0.00000 + L_Morse: 6.44411
Epoch: 0 [3360/10000 (34%)] Unweighted L_s : L_Mnfld: 0.00166,  L_NonMnfld: 0.03082,  L_Nrml: 0.00000,  L_Eknl: 0.16654, L_Morse: 1.16841

Weights: [7000.0, 600.0, 0, 50.0, 0.0, 5.4823], lr=5.000e-05
Epoch: 0 [3370/10000 (34%)] Loss: 44.24033 = L_Mnfld: 10.17543 + L_NonMnfld: 19.31950 + L_Nrml: 0.00000 + L_Eknl: 8.38560 + L_Div: 0.00000 + L_Morse: 6.35980
Epoch: 0 [3370/10000 (34%)] Unweighted L_s : L_Mnfld: 0.00145,  L_NonMnfld: 0.03220,  L_Nrml: 0.00000,  L_Eknl: 0.16771, L_Morse: 1.16006

Weights: [7000.0, 600.0, 0, 50.0, 0.0, 5.4493], lr=5.000e-05
Epoch: 0 [3380/10000 (34%)] Loss: 44.62051 = L_Mnfld: 11.07956 + L_NonMnfld: 18.58241 + L_Nrml: 0.00000 + L_Eknl: 8.38933 + L_Div: 0.00000 + L_Morse: 6.56922
Epoch: 0 [3380/10000 (34%)] Unweighted L_s : L_Mnfld: 0.00158,  L_NonMnfld: 0.03097,  L_Nrml: 0.00000,  L_Eknl: 0.16779, L_Morse: 1.20552

Weights: [7000.0, 600.0, 0, 50.0, 0.0, 5.416300000000001], lr=5.000e-05
Epoch: 0 [3390/10000 (34%)] Loss: 43.40374 = L_Mnfld: 9.81315 + L_NonMnfld: 18.67032 + L_Nrml: 0.00000 + L_Eknl: 8.31144 + L_Div: 0.00000 + L_Morse: 6.60883
Epoch: 0 [3390/10000 (34%)] Unweighted L_s : L_Mnfld: 0.00140,  L_NonMnfld: 0.03112,  L_Nrml: 0.00000,  L_Eknl: 0.16623, L_Morse: 1.22017

Weights: [7000.0, 600.0, 0, 50.0, 0.0, 5.383300000000001], lr=5.000e-05
Epoch: 0 [3400/10000 (34%)] Loss: 43.09165 = L_Mnfld: 11.60317 + L_NonMnfld: 16.56743 + L_Nrml: 0.00000 + L_Eknl: 8.42203 + L_Div: 0.00000 + L_Morse: 6.49902
Epoch: 0 [3400/10000 (34%)] Unweighted L_s : L_Mnfld: 0.00166,  L_NonMnfld: 0.02761,  L_Nrml: 0.00000,  L_Eknl: 0.16844, L_Morse: 1.20726

Weights: [7000.0, 600.0, 0, 50.0, 0.0, 5.350300000000001], lr=5.000e-05
Epoch: 0 [3410/10000 (34%)] Loss: 42.67768 = L_Mnfld: 9.86492 + L_NonMnfld: 17.88207 + L_Nrml: 0.00000 + L_Eknl: 8.40952 + L_Div: 0.00000 + L_Morse: 6.52118
Epoch: 0 [3410/10000 (34%)] Unweighted L_s : L_Mnfld: 0.00141,  L_NonMnfld: 0.02980,  L_Nrml: 0.00000,  L_Eknl: 0.16819, L_Morse: 1.21884

Weights: [7000.0, 600.0, 0, 50.0, 0.0, 5.317300000000001], lr=5.000e-05
Epoch: 0 [3420/10000 (34%)] Loss: 42.38967 = L_Mnfld: 9.29696 + L_NonMnfld: 18.37243 + L_Nrml: 0.00000 + L_Eknl: 8.18596 + L_Div: 0.00000 + L_Morse: 6.53432
Epoch: 0 [3420/10000 (34%)] Unweighted L_s : L_Mnfld: 0.00133,  L_NonMnfld: 0.03062,  L_Nrml: 0.00000,  L_Eknl: 0.16372, L_Morse: 1.22888

Weights: [7000.0, 600.0, 0, 50.0, 0.0, 5.284300000000001], lr=5.000e-05
Epoch: 0 [3430/10000 (34%)] Loss: 41.23430 = L_Mnfld: 9.13731 + L_NonMnfld: 17.62246 + L_Nrml: 0.00000 + L_Eknl: 8.17247 + L_Div: 0.00000 + L_Morse: 6.30206
Epoch: 0 [3430/10000 (34%)] Unweighted L_s : L_Mnfld: 0.00131,  L_NonMnfld: 0.02937,  L_Nrml: 0.00000,  L_Eknl: 0.16345, L_Morse: 1.19260

Weights: [7000.0, 600.0, 0, 50.0, 0.0, 5.2513000000000005], lr=5.000e-05
Epoch: 0 [3440/10000 (34%)] Loss: 41.05148 = L_Mnfld: 9.78139 + L_NonMnfld: 17.03133 + L_Nrml: 0.00000 + L_Eknl: 8.05291 + L_Div: 0.00000 + L_Morse: 6.18585
Epoch: 0 [3440/10000 (34%)] Unweighted L_s : L_Mnfld: 0.00140,  L_NonMnfld: 0.02839,  L_Nrml: 0.00000,  L_Eknl: 0.16106, L_Morse: 1.17797

Weights: [7000.0, 600.0, 0, 50.0, 0.0, 5.218300000000001], lr=5.000e-05
Epoch: 0 [3450/10000 (34%)] Loss: 41.71963 = L_Mnfld: 8.43790 + L_NonMnfld: 18.74159 + L_Nrml: 0.00000 + L_Eknl: 8.07587 + L_Div: 0.00000 + L_Morse: 6.46427
Epoch: 0 [3450/10000 (34%)] Unweighted L_s : L_Mnfld: 0.00121,  L_NonMnfld: 0.03124,  L_Nrml: 0.00000,  L_Eknl: 0.16152, L_Morse: 1.23877

Weights: [7000.0, 600.0, 0, 50.0, 0.0, 5.185300000000001], lr=5.000e-05
Epoch: 0 [3460/10000 (35%)] Loss: 41.00211 = L_Mnfld: 8.43324 + L_NonMnfld: 18.81043 + L_Nrml: 0.00000 + L_Eknl: 7.98566 + L_Div: 0.00000 + L_Morse: 5.77278
Epoch: 0 [3460/10000 (35%)] Unweighted L_s : L_Mnfld: 0.00120,  L_NonMnfld: 0.03135,  L_Nrml: 0.00000,  L_Eknl: 0.15971, L_Morse: 1.11330

Weights: [7000.0, 600.0, 0, 50.0, 0.0, 5.1523], lr=5.000e-05
Epoch: 0 [3470/10000 (35%)] Loss: 41.06761 = L_Mnfld: 8.25849 + L_NonMnfld: 18.69223 + L_Nrml: 0.00000 + L_Eknl: 7.99738 + L_Div: 0.00000 + L_Morse: 6.11950
Epoch: 0 [3470/10000 (35%)] Unweighted L_s : L_Mnfld: 0.00118,  L_NonMnfld: 0.03115,  L_Nrml: 0.00000,  L_Eknl: 0.15995, L_Morse: 1.18772

Weights: [7000.0, 600.0, 0, 50.0, 0.0, 5.119300000000001], lr=5.000e-05
Epoch: 0 [3480/10000 (35%)] Loss: 40.56585 = L_Mnfld: 9.04790 + L_NonMnfld: 17.56364 + L_Nrml: 0.00000 + L_Eknl: 8.02130 + L_Div: 0.00000 + L_Morse: 5.93301
Epoch: 0 [3480/10000 (35%)] Unweighted L_s : L_Mnfld: 0.00129,  L_NonMnfld: 0.02927,  L_Nrml: 0.00000,  L_Eknl: 0.16043, L_Morse: 1.15895

Weights: [7000.0, 600.0, 0, 50.0, 0.0, 5.0863000000000005], lr=5.000e-05
Epoch: 0 [3490/10000 (35%)] Loss: 41.45808 = L_Mnfld: 9.36631 + L_NonMnfld: 18.27942 + L_Nrml: 0.00000 + L_Eknl: 7.80114 + L_Div: 0.00000 + L_Morse: 6.01121
Epoch: 0 [3490/10000 (35%)] Unweighted L_s : L_Mnfld: 0.00134,  L_NonMnfld: 0.03047,  L_Nrml: 0.00000,  L_Eknl: 0.15602, L_Morse: 1.18184

Weights: [7000.0, 600.0, 0, 50.0, 0.0, 5.0533], lr=5.000e-05
Epoch: 0 [3500/10000 (35%)] Loss: 42.71919 = L_Mnfld: 9.87056 + L_NonMnfld: 18.62932 + L_Nrml: 0.00000 + L_Eknl: 8.00863 + L_Div: 0.00000 + L_Morse: 6.21069
Epoch: 0 [3500/10000 (35%)] Unweighted L_s : L_Mnfld: 0.00141,  L_NonMnfld: 0.03105,  L_Nrml: 0.00000,  L_Eknl: 0.16017, L_Morse: 1.22904

Weights: [7000.0, 600.0, 0, 50.0, 0.0, 5.020300000000001], lr=5.000e-05
Epoch: 0 [3510/10000 (35%)] Loss: 41.01398 = L_Mnfld: 9.30268 + L_NonMnfld: 17.89608 + L_Nrml: 0.00000 + L_Eknl: 8.07391 + L_Div: 0.00000 + L_Morse: 5.74131
Epoch: 0 [3510/10000 (35%)] Unweighted L_s : L_Mnfld: 0.00133,  L_NonMnfld: 0.02983,  L_Nrml: 0.00000,  L_Eknl: 0.16148, L_Morse: 1.14362

Weights: [7000.0, 600.0, 0, 50.0, 0.0, 4.9873], lr=5.000e-05
Epoch: 0 [3520/10000 (35%)] Loss: 41.41919 = L_Mnfld: 8.74435 + L_NonMnfld: 18.78058 + L_Nrml: 0.00000 + L_Eknl: 7.87693 + L_Div: 0.00000 + L_Morse: 6.01732
Epoch: 0 [3520/10000 (35%)] Unweighted L_s : L_Mnfld: 0.00125,  L_NonMnfld: 0.03130,  L_Nrml: 0.00000,  L_Eknl: 0.15754, L_Morse: 1.20653

Weights: [7000.0, 600.0, 0, 50.0, 0.0, 4.9543], lr=5.000e-05
Epoch: 0 [3530/10000 (35%)] Loss: 45.51060 = L_Mnfld: 13.29248 + L_NonMnfld: 17.45462 + L_Nrml: 0.00000 + L_Eknl: 8.31261 + L_Div: 0.00000 + L_Morse: 6.45090
Epoch: 0 [3530/10000 (35%)] Unweighted L_s : L_Mnfld: 0.00190,  L_NonMnfld: 0.02909,  L_Nrml: 0.00000,  L_Eknl: 0.16625, L_Morse: 1.30208

Weights: [7000.0, 600.0, 0, 50.0, 0.0, 4.9213000000000005], lr=5.000e-05
Epoch: 0 [3540/10000 (35%)] Loss: 45.75719 = L_Mnfld: 13.95448 + L_NonMnfld: 16.40655 + L_Nrml: 0.00000 + L_Eknl: 8.57072 + L_Div: 0.00000 + L_Morse: 6.82544
Epoch: 0 [3540/10000 (35%)] Unweighted L_s : L_Mnfld: 0.00199,  L_NonMnfld: 0.02734,  L_Nrml: 0.00000,  L_Eknl: 0.17141, L_Morse: 1.38692

Weights: [7000.0, 600.0, 0, 50.0, 0.0, 4.8883], lr=5.000e-05
Epoch: 0 [3550/10000 (36%)] Loss: 48.91097 = L_Mnfld: 15.16259 + L_NonMnfld: 18.42015 + L_Nrml: 0.00000 + L_Eknl: 8.81011 + L_Div: 0.00000 + L_Morse: 6.51812
Epoch: 0 [3550/10000 (36%)] Unweighted L_s : L_Mnfld: 0.00217,  L_NonMnfld: 0.03070,  L_Nrml: 0.00000,  L_Eknl: 0.17620, L_Morse: 1.33341

Weights: [7000.0, 600.0, 0, 50.0, 0.0, 4.8553], lr=5.000e-05
Epoch: 0 [3560/10000 (36%)] Loss: 50.46101 = L_Mnfld: 16.85318 + L_NonMnfld: 17.80660 + L_Nrml: 0.00000 + L_Eknl: 8.93502 + L_Div: 0.00000 + L_Morse: 6.86621
Epoch: 0 [3560/10000 (36%)] Unweighted L_s : L_Mnfld: 0.00241,  L_NonMnfld: 0.02968,  L_Nrml: 0.00000,  L_Eknl: 0.17870, L_Morse: 1.41417

Weights: [7000.0, 600.0, 0, 50.0, 0.0, 4.8223], lr=5.000e-05
Epoch: 0 [3570/10000 (36%)] Loss: 59.47263 = L_Mnfld: 23.08707 + L_NonMnfld: 19.43135 + L_Nrml: 0.00000 + L_Eknl: 9.68088 + L_Div: 0.00000 + L_Morse: 7.27332
Epoch: 0 [3570/10000 (36%)] Unweighted L_s : L_Mnfld: 0.00330,  L_NonMnfld: 0.03239,  L_Nrml: 0.00000,  L_Eknl: 0.19362, L_Morse: 1.50827

Weights: [7000.0, 600.0, 0, 50.0, 0.0, 4.7893], lr=5.000e-05
Epoch: 0 [3580/10000 (36%)] Loss: 53.13024 = L_Mnfld: 16.87357 + L_NonMnfld: 19.19395 + L_Nrml: 0.00000 + L_Eknl: 9.63374 + L_Div: 0.00000 + L_Morse: 7.42898
Epoch: 0 [3580/10000 (36%)] Unweighted L_s : L_Mnfld: 0.00241,  L_NonMnfld: 0.03199,  L_Nrml: 0.00000,  L_Eknl: 0.19267, L_Morse: 1.55116

Weights: [7000.0, 600.0, 0, 50.0, 0.0, 4.7562999999999995], lr=5.000e-05
Epoch: 0 [3590/10000 (36%)] Loss: 61.24157 = L_Mnfld: 25.34776 + L_NonMnfld: 18.08954 + L_Nrml: 0.00000 + L_Eknl: 10.07265 + L_Div: 0.00000 + L_Morse: 7.73162
Epoch: 0 [3590/10000 (36%)] Unweighted L_s : L_Mnfld: 0.00362,  L_NonMnfld: 0.03015,  L_Nrml: 0.00000,  L_Eknl: 0.20145, L_Morse: 1.62555

Weights: [7000.0, 600.0, 0, 50.0, 0.0, 4.7233], lr=5.000e-05
Epoch: 0 [3600/10000 (36%)] Loss: 67.21637 = L_Mnfld: 27.85232 + L_NonMnfld: 18.90765 + L_Nrml: 0.00000 + L_Eknl: 11.28104 + L_Div: 0.00000 + L_Morse: 9.17536
Epoch: 0 [3600/10000 (36%)] Unweighted L_s : L_Mnfld: 0.00398,  L_NonMnfld: 0.03151,  L_Nrml: 0.00000,  L_Eknl: 0.22562, L_Morse: 1.94257

Weights: [7000.0, 600.0, 0, 50.0, 0.0, 4.690300000000001], lr=5.000e-05
Epoch: 0 [3610/10000 (36%)] Loss: 63.47916 = L_Mnfld: 24.47813 + L_NonMnfld: 19.93257 + L_Nrml: 0.00000 + L_Eknl: 11.06269 + L_Div: 0.00000 + L_Morse: 8.00577
Epoch: 0 [3610/10000 (36%)] Unweighted L_s : L_Mnfld: 0.00350,  L_NonMnfld: 0.03322,  L_Nrml: 0.00000,  L_Eknl: 0.22125, L_Morse: 1.70688

Weights: [7000.0, 600.0, 0, 50.0, 0.0, 4.6573], lr=5.000e-05
Epoch: 0 [3620/10000 (36%)] Loss: 72.90954 = L_Mnfld: 35.33483 + L_NonMnfld: 18.65004 + L_Nrml: 0.00000 + L_Eknl: 11.00311 + L_Div: 0.00000 + L_Morse: 7.92156
Epoch: 0 [3620/10000 (36%)] Unweighted L_s : L_Mnfld: 0.00505,  L_NonMnfld: 0.03108,  L_Nrml: 0.00000,  L_Eknl: 0.22006, L_Morse: 1.70089

Weights: [7000.0, 600.0, 0, 50.0, 0.0, 4.6243], lr=5.000e-05
Epoch: 0 [3630/10000 (36%)] Loss: 72.38683 = L_Mnfld: 32.95299 + L_NonMnfld: 19.77357 + L_Nrml: 0.00000 + L_Eknl: 11.69519 + L_Div: 0.00000 + L_Morse: 7.96506
Epoch: 0 [3630/10000 (36%)] Unweighted L_s : L_Mnfld: 0.00471,  L_NonMnfld: 0.03296,  L_Nrml: 0.00000,  L_Eknl: 0.23390, L_Morse: 1.72244

Weights: [7000.0, 600.0, 0, 50.0, 0.0, 4.5913], lr=5.000e-05
Epoch: 0 [3640/10000 (36%)] Loss: 61.85150 = L_Mnfld: 23.83794 + L_NonMnfld: 19.57853 + L_Nrml: 0.00000 + L_Eknl: 10.88704 + L_Div: 0.00000 + L_Morse: 7.54798
Epoch: 0 [3640/10000 (36%)] Unweighted L_s : L_Mnfld: 0.00341,  L_NonMnfld: 0.03263,  L_Nrml: 0.00000,  L_Eknl: 0.21774, L_Morse: 1.64397

Weights: [7000.0, 600.0, 0, 50.0, 0.0, 4.5583], lr=5.000e-05
Epoch: 0 [3650/10000 (36%)] Loss: 63.82211 = L_Mnfld: 23.91600 + L_NonMnfld: 20.38143 + L_Nrml: 0.00000 + L_Eknl: 11.55804 + L_Div: 0.00000 + L_Morse: 7.96663
Epoch: 0 [3650/10000 (36%)] Unweighted L_s : L_Mnfld: 0.00342,  L_NonMnfld: 0.03397,  L_Nrml: 0.00000,  L_Eknl: 0.23116, L_Morse: 1.74772

Weights: [7000.0, 600.0, 0, 50.0, 0.0, 4.5253], lr=5.000e-05
Epoch: 0 [3660/10000 (37%)] Loss: 57.08654 = L_Mnfld: 19.75498 + L_NonMnfld: 19.44988 + L_Nrml: 0.00000 + L_Eknl: 10.62132 + L_Div: 0.00000 + L_Morse: 7.26037
Epoch: 0 [3660/10000 (37%)] Unweighted L_s : L_Mnfld: 0.00282,  L_NonMnfld: 0.03242,  L_Nrml: 0.00000,  L_Eknl: 0.21243, L_Morse: 1.60439

Weights: [7000.0, 600.0, 0, 50.0, 0.0, 4.4923], lr=5.000e-05
Epoch: 0 [3670/10000 (37%)] Loss: 54.06599 = L_Mnfld: 17.82239 + L_NonMnfld: 19.73713 + L_Nrml: 0.00000 + L_Eknl: 10.23885 + L_Div: 0.00000 + L_Morse: 6.26763
Epoch: 0 [3670/10000 (37%)] Unweighted L_s : L_Mnfld: 0.00255,  L_NonMnfld: 0.03290,  L_Nrml: 0.00000,  L_Eknl: 0.20478, L_Morse: 1.39519

Weights: [7000.0, 600.0, 0, 50.0, 0.0, 4.4593], lr=5.000e-05
Epoch: 0 [3680/10000 (37%)] Loss: 71.47359 = L_Mnfld: 36.96402 + L_NonMnfld: 17.66453 + L_Nrml: 0.00000 + L_Eknl: 10.03844 + L_Div: 0.00000 + L_Morse: 6.80659
Epoch: 0 [3680/10000 (37%)] Unweighted L_s : L_Mnfld: 0.00528,  L_NonMnfld: 0.02944,  L_Nrml: 0.00000,  L_Eknl: 0.20077, L_Morse: 1.52638

Weights: [7000.0, 600.0, 0, 50.0, 0.0, 4.4262999999999995], lr=5.000e-05
Epoch: 0 [3690/10000 (37%)] Loss: 58.01369 = L_Mnfld: 22.87543 + L_NonMnfld: 18.51846 + L_Nrml: 0.00000 + L_Eknl: 10.22443 + L_Div: 0.00000 + L_Morse: 6.39536
Epoch: 0 [3690/10000 (37%)] Unweighted L_s : L_Mnfld: 0.00327,  L_NonMnfld: 0.03086,  L_Nrml: 0.00000,  L_Eknl: 0.20449, L_Morse: 1.44485

Weights: [7000.0, 600.0, 0, 50.0, 0.0, 4.3933], lr=5.000e-05
Epoch: 0 [3700/10000 (37%)] Loss: 61.95996 = L_Mnfld: 27.25495 + L_NonMnfld: 17.66813 + L_Nrml: 0.00000 + L_Eknl: 10.25343 + L_Div: 0.00000 + L_Morse: 6.78344
Epoch: 0 [3700/10000 (37%)] Unweighted L_s : L_Mnfld: 0.00389,  L_NonMnfld: 0.02945,  L_Nrml: 0.00000,  L_Eknl: 0.20507, L_Morse: 1.54404

Weights: [7000.0, 600.0, 0, 50.0, 0.0, 4.3603], lr=5.000e-05
Epoch: 0 [3710/10000 (37%)] Loss: 58.36414 = L_Mnfld: 21.27090 + L_NonMnfld: 19.45395 + L_Nrml: 0.00000 + L_Eknl: 10.50433 + L_Div: 0.00000 + L_Morse: 7.13496
Epoch: 0 [3710/10000 (37%)] Unweighted L_s : L_Mnfld: 0.00304,  L_NonMnfld: 0.03242,  L_Nrml: 0.00000,  L_Eknl: 0.21009, L_Morse: 1.63635

Weights: [7000.0, 600.0, 0, 50.0, 0.0, 4.327299999999999], lr=5.000e-05
Epoch: 0 [3720/10000 (37%)] Loss: 49.12113 = L_Mnfld: 15.07596 + L_NonMnfld: 17.81048 + L_Nrml: 0.00000 + L_Eknl: 9.68763 + L_Div: 0.00000 + L_Morse: 6.54706
Epoch: 0 [3720/10000 (37%)] Unweighted L_s : L_Mnfld: 0.00215,  L_NonMnfld: 0.02968,  L_Nrml: 0.00000,  L_Eknl: 0.19375, L_Morse: 1.51297

Weights: [7000.0, 600.0, 0, 50.0, 0.0, 4.2943], lr=5.000e-05
Epoch: 0 [3730/10000 (37%)] Loss: 45.44138 = L_Mnfld: 12.53412 + L_NonMnfld: 17.87160 + L_Nrml: 0.00000 + L_Eknl: 9.09121 + L_Div: 0.00000 + L_Morse: 5.94445
Epoch: 0 [3730/10000 (37%)] Unweighted L_s : L_Mnfld: 0.00179,  L_NonMnfld: 0.02979,  L_Nrml: 0.00000,  L_Eknl: 0.18182, L_Morse: 1.38427

Weights: [7000.0, 600.0, 0, 50.0, 0.0, 4.261299999999999], lr=5.000e-05
Epoch: 0 [3740/10000 (37%)] Loss: 42.86888 = L_Mnfld: 9.59643 + L_NonMnfld: 18.66102 + L_Nrml: 0.00000 + L_Eknl: 8.86925 + L_Div: 0.00000 + L_Morse: 5.74218
Epoch: 0 [3740/10000 (37%)] Unweighted L_s : L_Mnfld: 0.00137,  L_NonMnfld: 0.03110,  L_Nrml: 0.00000,  L_Eknl: 0.17739, L_Morse: 1.34752

Weights: [7000.0, 600.0, 0, 50.0, 0.0, 4.228299999999999], lr=5.000e-05
Epoch: 0 [3750/10000 (38%)] Loss: 40.31227 = L_Mnfld: 8.38390 + L_NonMnfld: 17.86305 + L_Nrml: 0.00000 + L_Eknl: 8.48903 + L_Div: 0.00000 + L_Morse: 5.57629
Epoch: 0 [3750/10000 (38%)] Unweighted L_s : L_Mnfld: 0.00120,  L_NonMnfld: 0.02977,  L_Nrml: 0.00000,  L_Eknl: 0.16978, L_Morse: 1.31880

Weights: [7000.0, 600.0, 0, 50.0, 0.0, 4.1953], lr=5.000e-05
Epoch: 0 [3760/10000 (38%)] Loss: 38.83033 = L_Mnfld: 7.74865 + L_NonMnfld: 17.06479 + L_Nrml: 0.00000 + L_Eknl: 8.43148 + L_Div: 0.00000 + L_Morse: 5.58541
Epoch: 0 [3760/10000 (38%)] Unweighted L_s : L_Mnfld: 0.00111,  L_NonMnfld: 0.02844,  L_Nrml: 0.00000,  L_Eknl: 0.16863, L_Morse: 1.33135

Weights: [7000.0, 600.0, 0, 50.0, 0.0, 4.162299999999999], lr=5.000e-05
Epoch: 0 [3770/10000 (38%)] Loss: 40.61128 = L_Mnfld: 7.80054 + L_NonMnfld: 19.34984 + L_Nrml: 0.00000 + L_Eknl: 8.28247 + L_Div: 0.00000 + L_Morse: 5.17843
Epoch: 0 [3770/10000 (38%)] Unweighted L_s : L_Mnfld: 0.00111,  L_NonMnfld: 0.03225,  L_Nrml: 0.00000,  L_Eknl: 0.16565, L_Morse: 1.24413

Weights: [7000.0, 600.0, 0, 50.0, 0.0, 4.129299999999999], lr=5.000e-05
Epoch: 0 [3780/10000 (38%)] Loss: 38.26810 = L_Mnfld: 7.57725 + L_NonMnfld: 17.09327 + L_Nrml: 0.00000 + L_Eknl: 8.29436 + L_Div: 0.00000 + L_Morse: 5.30322
Epoch: 0 [3780/10000 (38%)] Unweighted L_s : L_Mnfld: 0.00108,  L_NonMnfld: 0.02849,  L_Nrml: 0.00000,  L_Eknl: 0.16589, L_Morse: 1.28429

Weights: [7000.0, 600.0, 0, 50.0, 0.0, 4.096299999999999], lr=5.000e-05
Epoch: 0 [3790/10000 (38%)] Loss: 39.07758 = L_Mnfld: 7.29066 + L_NonMnfld: 18.21254 + L_Nrml: 0.00000 + L_Eknl: 8.23562 + L_Div: 0.00000 + L_Morse: 5.33875
Epoch: 0 [3790/10000 (38%)] Unweighted L_s : L_Mnfld: 0.00104,  L_NonMnfld: 0.03035,  L_Nrml: 0.00000,  L_Eknl: 0.16471, L_Morse: 1.30331

Weights: [7000.0, 600.0, 0, 50.0, 0.0, 4.063299999999999], lr=5.000e-05
Epoch: 0 [3800/10000 (38%)] Loss: 38.14562 = L_Mnfld: 7.92296 + L_NonMnfld: 16.90444 + L_Nrml: 0.00000 + L_Eknl: 8.05247 + L_Div: 0.00000 + L_Morse: 5.26575
Epoch: 0 [3800/10000 (38%)] Unweighted L_s : L_Mnfld: 0.00113,  L_NonMnfld: 0.02817,  L_Nrml: 0.00000,  L_Eknl: 0.16105, L_Morse: 1.29593

Weights: [7000.0, 600.0, 0, 50.0, 0.0, 4.030299999999999], lr=5.000e-05
Epoch: 0 [3810/10000 (38%)] Loss: 37.35365 = L_Mnfld: 6.81450 + L_NonMnfld: 17.56323 + L_Nrml: 0.00000 + L_Eknl: 8.08374 + L_Div: 0.00000 + L_Morse: 4.89218
Epoch: 0 [3810/10000 (38%)] Unweighted L_s : L_Mnfld: 0.00097,  L_NonMnfld: 0.02927,  L_Nrml: 0.00000,  L_Eknl: 0.16167, L_Morse: 1.21385

Weights: [7000.0, 600.0, 0, 50.0, 0.0, 3.9973], lr=5.000e-05
Epoch: 0 [3820/10000 (38%)] Loss: 38.81990 = L_Mnfld: 7.88947 + L_NonMnfld: 18.20397 + L_Nrml: 0.00000 + L_Eknl: 7.89701 + L_Div: 0.00000 + L_Morse: 4.82945
Epoch: 0 [3820/10000 (38%)] Unweighted L_s : L_Mnfld: 0.00113,  L_NonMnfld: 0.03034,  L_Nrml: 0.00000,  L_Eknl: 0.15794, L_Morse: 1.20818

Weights: [7000.0, 600.0, 0, 50.0, 0.0, 3.9642999999999997], lr=5.000e-05
Epoch: 0 [3830/10000 (38%)] Loss: 37.69690 = L_Mnfld: 7.08197 + L_NonMnfld: 17.74229 + L_Nrml: 0.00000 + L_Eknl: 8.11074 + L_Div: 0.00000 + L_Morse: 4.76191
Epoch: 0 [3830/10000 (38%)] Unweighted L_s : L_Mnfld: 0.00101,  L_NonMnfld: 0.02957,  L_Nrml: 0.00000,  L_Eknl: 0.16221, L_Morse: 1.20120

Weights: [7000.0, 600.0, 0, 50.0, 0.0, 3.9312999999999994], lr=5.000e-05
Epoch: 0 [3840/10000 (38%)] Loss: 37.92956 = L_Mnfld: 7.25141 + L_NonMnfld: 17.45421 + L_Nrml: 0.00000 + L_Eknl: 8.01717 + L_Div: 0.00000 + L_Morse: 5.20678
Epoch: 0 [3840/10000 (38%)] Unweighted L_s : L_Mnfld: 0.00104,  L_NonMnfld: 0.02909,  L_Nrml: 0.00000,  L_Eknl: 0.16034, L_Morse: 1.32444

Weights: [7000.0, 600.0, 0, 50.0, 0.0, 3.8983], lr=5.000e-05
Epoch: 0 [3850/10000 (38%)] Loss: 36.39408 = L_Mnfld: 7.20817 + L_NonMnfld: 16.21789 + L_Nrml: 0.00000 + L_Eknl: 7.92001 + L_Div: 0.00000 + L_Morse: 5.04801
Epoch: 0 [3850/10000 (38%)] Unweighted L_s : L_Mnfld: 0.00103,  L_NonMnfld: 0.02703,  L_Nrml: 0.00000,  L_Eknl: 0.15840, L_Morse: 1.29493

Weights: [7000.0, 600.0, 0, 50.0, 0.0, 3.8652999999999995], lr=5.000e-05
Epoch: 0 [3860/10000 (39%)] Loss: 36.96366 = L_Mnfld: 7.02602 + L_NonMnfld: 17.02984 + L_Nrml: 0.00000 + L_Eknl: 7.92338 + L_Div: 0.00000 + L_Morse: 4.98441
Epoch: 0 [3860/10000 (39%)] Unweighted L_s : L_Mnfld: 0.00100,  L_NonMnfld: 0.02838,  L_Nrml: 0.00000,  L_Eknl: 0.15847, L_Morse: 1.28953

Weights: [7000.0, 600.0, 0, 50.0, 0.0, 3.832299999999999], lr=5.000e-05
Epoch: 0 [3870/10000 (39%)] Loss: 37.45439 = L_Mnfld: 7.08117 + L_NonMnfld: 17.28559 + L_Nrml: 0.00000 + L_Eknl: 7.92069 + L_Div: 0.00000 + L_Morse: 5.16694
Epoch: 0 [3870/10000 (39%)] Unweighted L_s : L_Mnfld: 0.00101,  L_NonMnfld: 0.02881,  L_Nrml: 0.00000,  L_Eknl: 0.15841, L_Morse: 1.34826

Weights: [7000.0, 600.0, 0, 50.0, 0.0, 3.7992999999999997], lr=5.000e-05
Epoch: 0 [3880/10000 (39%)] Loss: 35.99898 = L_Mnfld: 6.99473 + L_NonMnfld: 16.40109 + L_Nrml: 0.00000 + L_Eknl: 7.85056 + L_Div: 0.00000 + L_Morse: 4.75260
Epoch: 0 [3880/10000 (39%)] Unweighted L_s : L_Mnfld: 0.00100,  L_NonMnfld: 0.02734,  L_Nrml: 0.00000,  L_Eknl: 0.15701, L_Morse: 1.25091

Weights: [7000.0, 600.0, 0, 50.0, 0.0, 3.7662999999999993], lr=5.000e-05
Epoch: 0 [3890/10000 (39%)] Loss: 37.24989 = L_Mnfld: 6.50389 + L_NonMnfld: 18.16387 + L_Nrml: 0.00000 + L_Eknl: 7.80317 + L_Div: 0.00000 + L_Morse: 4.77897
Epoch: 0 [3890/10000 (39%)] Unweighted L_s : L_Mnfld: 0.00093,  L_NonMnfld: 0.03027,  L_Nrml: 0.00000,  L_Eknl: 0.15606, L_Morse: 1.26888

Weights: [7000.0, 600.0, 0, 50.0, 0.0, 3.733299999999999], lr=5.000e-05
Epoch: 0 [3900/10000 (39%)] Loss: 38.06730 = L_Mnfld: 6.89315 + L_NonMnfld: 18.48156 + L_Nrml: 0.00000 + L_Eknl: 7.91038 + L_Div: 0.00000 + L_Morse: 4.78221
Epoch: 0 [3900/10000 (39%)] Unweighted L_s : L_Mnfld: 0.00098,  L_NonMnfld: 0.03080,  L_Nrml: 0.00000,  L_Eknl: 0.15821, L_Morse: 1.28096

Weights: [7000.0, 600.0, 0, 50.0, 0.0, 3.7002999999999995], lr=5.000e-05
Epoch: 0 [3910/10000 (39%)] Loss: 37.05005 = L_Mnfld: 6.65303 + L_NonMnfld: 18.03453 + L_Nrml: 0.00000 + L_Eknl: 7.53482 + L_Div: 0.00000 + L_Morse: 4.82767
Epoch: 0 [3910/10000 (39%)] Unweighted L_s : L_Mnfld: 0.00095,  L_NonMnfld: 0.03006,  L_Nrml: 0.00000,  L_Eknl: 0.15070, L_Morse: 1.30467

Weights: [7000.0, 600.0, 0, 50.0, 0.0, 3.667299999999999], lr=5.000e-05
Epoch: 0 [3920/10000 (39%)] Loss: 36.50512 = L_Mnfld: 6.88516 + L_NonMnfld: 17.11373 + L_Nrml: 0.00000 + L_Eknl: 7.62715 + L_Div: 0.00000 + L_Morse: 4.87907
Epoch: 0 [3920/10000 (39%)] Unweighted L_s : L_Mnfld: 0.00098,  L_NonMnfld: 0.02852,  L_Nrml: 0.00000,  L_Eknl: 0.15254, L_Morse: 1.33043

Weights: [7000.0, 600.0, 0, 50.0, 0.0, 3.6342999999999988], lr=5.000e-05
Epoch: 0 [3930/10000 (39%)] Loss: 36.91081 = L_Mnfld: 6.60202 + L_NonMnfld: 17.97369 + L_Nrml: 0.00000 + L_Eknl: 7.60528 + L_Div: 0.00000 + L_Morse: 4.72982
Epoch: 0 [3930/10000 (39%)] Unweighted L_s : L_Mnfld: 0.00094,  L_NonMnfld: 0.02996,  L_Nrml: 0.00000,  L_Eknl: 0.15211, L_Morse: 1.30144

Weights: [7000.0, 600.0, 0, 50.0, 0.0, 3.601300000000001], lr=5.000e-05
Epoch: 0 [3940/10000 (39%)] Loss: 37.12257 = L_Mnfld: 6.75637 + L_NonMnfld: 17.65602 + L_Nrml: 0.00000 + L_Eknl: 7.77073 + L_Div: 0.00000 + L_Morse: 4.93945
Epoch: 0 [3940/10000 (39%)] Unweighted L_s : L_Mnfld: 0.00097,  L_NonMnfld: 0.02943,  L_Nrml: 0.00000,  L_Eknl: 0.15541, L_Morse: 1.37157

Weights: [7000.0, 600.0, 0, 50.0, 0.0, 3.5683000000000007], lr=5.000e-05
Epoch: 0 [3950/10000 (40%)] Loss: 36.08801 = L_Mnfld: 6.55464 + L_NonMnfld: 17.52114 + L_Nrml: 0.00000 + L_Eknl: 7.66672 + L_Div: 0.00000 + L_Morse: 4.34550
Epoch: 0 [3950/10000 (40%)] Unweighted L_s : L_Mnfld: 0.00094,  L_NonMnfld: 0.02920,  L_Nrml: 0.00000,  L_Eknl: 0.15333, L_Morse: 1.21781

Weights: [7000.0, 600.0, 0, 50.0, 0.0, 3.535300000000001], lr=5.000e-05
Epoch: 0 [3960/10000 (40%)] Loss: 36.91328 = L_Mnfld: 7.26577 + L_NonMnfld: 17.19484 + L_Nrml: 0.00000 + L_Eknl: 7.64313 + L_Div: 0.00000 + L_Morse: 4.80955
Epoch: 0 [3960/10000 (40%)] Unweighted L_s : L_Mnfld: 0.00104,  L_NonMnfld: 0.02866,  L_Nrml: 0.00000,  L_Eknl: 0.15286, L_Morse: 1.36044

Weights: [7000.0, 600.0, 0, 50.0, 0.0, 3.502300000000001], lr=5.000e-05
Epoch: 0 [3970/10000 (40%)] Loss: 35.44918 = L_Mnfld: 6.63825 + L_NonMnfld: 16.66930 + L_Nrml: 0.00000 + L_Eknl: 7.62299 + L_Div: 0.00000 + L_Morse: 4.51864
Epoch: 0 [3970/10000 (40%)] Unweighted L_s : L_Mnfld: 0.00095,  L_NonMnfld: 0.02778,  L_Nrml: 0.00000,  L_Eknl: 0.15246, L_Morse: 1.29019

Weights: [7000.0, 600.0, 0, 50.0, 0.0, 3.4693000000000005], lr=5.000e-05
Epoch: 0 [3980/10000 (40%)] Loss: 36.15771 = L_Mnfld: 6.65394 + L_NonMnfld: 17.64342 + L_Nrml: 0.00000 + L_Eknl: 7.48875 + L_Div: 0.00000 + L_Morse: 4.37161
Epoch: 0 [3980/10000 (40%)] Unweighted L_s : L_Mnfld: 0.00095,  L_NonMnfld: 0.02941,  L_Nrml: 0.00000,  L_Eknl: 0.14977, L_Morse: 1.26008

Weights: [7000.0, 600.0, 0, 50.0, 0.0, 3.436300000000001], lr=5.000e-05
Epoch: 0 [3990/10000 (40%)] Loss: 36.21454 = L_Mnfld: 6.93992 + L_NonMnfld: 17.41545 + L_Nrml: 0.00000 + L_Eknl: 7.50566 + L_Div: 0.00000 + L_Morse: 4.35350
Epoch: 0 [3990/10000 (40%)] Unweighted L_s : L_Mnfld: 0.00099,  L_NonMnfld: 0.02903,  L_Nrml: 0.00000,  L_Eknl: 0.15011, L_Morse: 1.26692

Weights: [7000.0, 600.0, 0, 50.0, 0.0, 3.4033000000000007], lr=5.000e-05
Epoch: 0 [4000/10000 (40%)] Loss: 36.85891 = L_Mnfld: 7.42638 + L_NonMnfld: 17.64261 + L_Nrml: 0.00000 + L_Eknl: 7.38523 + L_Div: 0.00000 + L_Morse: 4.40469
Epoch: 0 [4000/10000 (40%)] Unweighted L_s : L_Mnfld: 0.00106,  L_NonMnfld: 0.02940,  L_Nrml: 0.00000,  L_Eknl: 0.14770, L_Morse: 1.29424

Weights: [7000.0, 600.0, 0, 50.0, 0.0, 3.3703000000000003], lr=5.000e-05
Epoch: 0 [4010/10000 (40%)] Loss: 35.80524 = L_Mnfld: 6.57945 + L_NonMnfld: 17.28145 + L_Nrml: 0.00000 + L_Eknl: 7.55639 + L_Div: 0.00000 + L_Morse: 4.38797
Epoch: 0 [4010/10000 (40%)] Unweighted L_s : L_Mnfld: 0.00094,  L_NonMnfld: 0.02880,  L_Nrml: 0.00000,  L_Eknl: 0.15113, L_Morse: 1.30195

Weights: [7000.0, 600.0, 0, 50.0, 0.0, 3.337300000000001], lr=5.000e-05
Epoch: 0 [4020/10000 (40%)] Loss: 35.70412 = L_Mnfld: 6.61880 + L_NonMnfld: 17.04010 + L_Nrml: 0.00000 + L_Eknl: 7.46162 + L_Div: 0.00000 + L_Morse: 4.58360
Epoch: 0 [4020/10000 (40%)] Unweighted L_s : L_Mnfld: 0.00095,  L_NonMnfld: 0.02840,  L_Nrml: 0.00000,  L_Eknl: 0.14923, L_Morse: 1.37344

Weights: [7000.0, 600.0, 0, 50.0, 0.0, 3.3043000000000005], lr=5.000e-05
Epoch: 0 [4030/10000 (40%)] Loss: 35.39701 = L_Mnfld: 6.74720 + L_NonMnfld: 16.84700 + L_Nrml: 0.00000 + L_Eknl: 7.35524 + L_Div: 0.00000 + L_Morse: 4.44757
Epoch: 0 [4030/10000 (40%)] Unweighted L_s : L_Mnfld: 0.00096,  L_NonMnfld: 0.02808,  L_Nrml: 0.00000,  L_Eknl: 0.14710, L_Morse: 1.34599

Weights: [7000.0, 600.0, 0, 50.0, 0.0, 3.2713], lr=5.000e-05
Epoch: 0 [4040/10000 (40%)] Loss: 36.36584 = L_Mnfld: 7.35071 + L_NonMnfld: 17.47427 + L_Nrml: 0.00000 + L_Eknl: 7.35904 + L_Div: 0.00000 + L_Morse: 4.18182
Epoch: 0 [4040/10000 (40%)] Unweighted L_s : L_Mnfld: 0.00105,  L_NonMnfld: 0.02912,  L_Nrml: 0.00000,  L_Eknl: 0.14718, L_Morse: 1.27834

Weights: [7000.0, 600.0, 0, 50.0, 0.0, 3.2383000000000006], lr=5.000e-05
Epoch: 0 [4050/10000 (40%)] Loss: 35.40700 = L_Mnfld: 6.84660 + L_NonMnfld: 16.94923 + L_Nrml: 0.00000 + L_Eknl: 7.31317 + L_Div: 0.00000 + L_Morse: 4.29800
Epoch: 0 [4050/10000 (40%)] Unweighted L_s : L_Mnfld: 0.00098,  L_NonMnfld: 0.02825,  L_Nrml: 0.00000,  L_Eknl: 0.14626, L_Morse: 1.32724

Weights: [7000.0, 600.0, 0, 50.0, 0.0, 3.2053000000000003], lr=5.000e-05
Epoch: 0 [4060/10000 (41%)] Loss: 36.90332 = L_Mnfld: 7.28887 + L_NonMnfld: 17.60555 + L_Nrml: 0.00000 + L_Eknl: 7.48244 + L_Div: 0.00000 + L_Morse: 4.52645
Epoch: 0 [4060/10000 (41%)] Unweighted L_s : L_Mnfld: 0.00104,  L_NonMnfld: 0.02934,  L_Nrml: 0.00000,  L_Eknl: 0.14965, L_Morse: 1.41218

Weights: [7000.0, 600.0, 0, 50.0, 0.0, 3.1723], lr=5.000e-05
Epoch: 0 [4070/10000 (41%)] Loss: 37.14936 = L_Mnfld: 7.78517 + L_NonMnfld: 17.74561 + L_Nrml: 0.00000 + L_Eknl: 7.41064 + L_Div: 0.00000 + L_Morse: 4.20793
Epoch: 0 [4070/10000 (41%)] Unweighted L_s : L_Mnfld: 0.00111,  L_NonMnfld: 0.02958,  L_Nrml: 0.00000,  L_Eknl: 0.14821, L_Morse: 1.32646

Weights: [7000.0, 600.0, 0, 50.0, 0.0, 3.1393000000000004], lr=5.000e-05
Epoch: 0 [4080/10000 (41%)] Loss: 35.41040 = L_Mnfld: 7.41758 + L_NonMnfld: 16.38575 + L_Nrml: 0.00000 + L_Eknl: 7.36826 + L_Div: 0.00000 + L_Morse: 4.23881
Epoch: 0 [4080/10000 (41%)] Unweighted L_s : L_Mnfld: 0.00106,  L_NonMnfld: 0.02731,  L_Nrml: 0.00000,  L_Eknl: 0.14737, L_Morse: 1.35024

Weights: [7000.0, 600.0, 0, 50.0, 0.0, 3.1063], lr=5.000e-05
Epoch: 0 [4090/10000 (41%)] Loss: 35.90210 = L_Mnfld: 7.05304 + L_NonMnfld: 17.31691 + L_Nrml: 0.00000 + L_Eknl: 7.42957 + L_Div: 0.00000 + L_Morse: 4.10258
Epoch: 0 [4090/10000 (41%)] Unweighted L_s : L_Mnfld: 0.00101,  L_NonMnfld: 0.02886,  L_Nrml: 0.00000,  L_Eknl: 0.14859, L_Morse: 1.32073

Weights: [7000.0, 600.0, 0, 50.0, 0.0, 3.0732999999999997], lr=5.000e-05
Epoch: 0 [4100/10000 (41%)] Loss: 35.91857 = L_Mnfld: 7.26173 + L_NonMnfld: 17.25494 + L_Nrml: 0.00000 + L_Eknl: 7.31116 + L_Div: 0.00000 + L_Morse: 4.09074
Epoch: 0 [4100/10000 (41%)] Unweighted L_s : L_Mnfld: 0.00104,  L_NonMnfld: 0.02876,  L_Nrml: 0.00000,  L_Eknl: 0.14622, L_Morse: 1.33106

Weights: [7000.0, 600.0, 0, 50.0, 0.0, 3.0403000000000002], lr=5.000e-05
Epoch: 0 [4110/10000 (41%)] Loss: 35.78062 = L_Mnfld: 6.89840 + L_NonMnfld: 17.65233 + L_Nrml: 0.00000 + L_Eknl: 7.21005 + L_Div: 0.00000 + L_Morse: 4.01983
Epoch: 0 [4110/10000 (41%)] Unweighted L_s : L_Mnfld: 0.00099,  L_NonMnfld: 0.02942,  L_Nrml: 0.00000,  L_Eknl: 0.14420, L_Morse: 1.32218

Weights: [7000.0, 600.0, 0, 50.0, 0.0, 3.0073], lr=5.000e-05
Epoch: 0 [4120/10000 (41%)] Loss: 34.71892 = L_Mnfld: 6.63854 + L_NonMnfld: 16.61867 + L_Nrml: 0.00000 + L_Eknl: 7.23571 + L_Div: 0.00000 + L_Morse: 4.22599
Epoch: 0 [4120/10000 (41%)] Unweighted L_s : L_Mnfld: 0.00095,  L_NonMnfld: 0.02770,  L_Nrml: 0.00000,  L_Eknl: 0.14471, L_Morse: 1.40525

Weights: [7000.0, 600.0, 0, 50.0, 0.0, 2.9742999999999995], lr=5.000e-05
Epoch: 0 [4130/10000 (41%)] Loss: 35.39571 = L_Mnfld: 7.04612 + L_NonMnfld: 16.93617 + L_Nrml: 0.00000 + L_Eknl: 7.25257 + L_Div: 0.00000 + L_Morse: 4.16084
Epoch: 0 [4130/10000 (41%)] Unweighted L_s : L_Mnfld: 0.00101,  L_NonMnfld: 0.02823,  L_Nrml: 0.00000,  L_Eknl: 0.14505, L_Morse: 1.39893

Weights: [7000.0, 600.0, 0, 50.0, 0.0, 2.9413], lr=5.000e-05
Epoch: 0 [4140/10000 (41%)] Loss: 35.26728 = L_Mnfld: 7.38794 + L_NonMnfld: 16.79929 + L_Nrml: 0.00000 + L_Eknl: 7.30379 + L_Div: 0.00000 + L_Morse: 3.77626
Epoch: 0 [4140/10000 (41%)] Unweighted L_s : L_Mnfld: 0.00106,  L_NonMnfld: 0.02800,  L_Nrml: 0.00000,  L_Eknl: 0.14608, L_Morse: 1.28388

Weights: [7000.0, 600.0, 0, 50.0, 0.0, 2.9082999999999997], lr=5.000e-05
Epoch: 0 [4150/10000 (42%)] Loss: 36.05698 = L_Mnfld: 6.61258 + L_NonMnfld: 18.22867 + L_Nrml: 0.00000 + L_Eknl: 7.19699 + L_Div: 0.00000 + L_Morse: 4.01874
Epoch: 0 [4150/10000 (42%)] Unweighted L_s : L_Mnfld: 0.00094,  L_NonMnfld: 0.03038,  L_Nrml: 0.00000,  L_Eknl: 0.14394, L_Morse: 1.38182

Weights: [7000.0, 600.0, 0, 50.0, 0.0, 2.8752999999999993], lr=5.000e-05
Epoch: 0 [4160/10000 (42%)] Loss: 35.25809 = L_Mnfld: 6.56792 + L_NonMnfld: 17.65338 + L_Nrml: 0.00000 + L_Eknl: 7.03053 + L_Div: 0.00000 + L_Morse: 4.00627
Epoch: 0 [4160/10000 (42%)] Unweighted L_s : L_Mnfld: 0.00094,  L_NonMnfld: 0.02942,  L_Nrml: 0.00000,  L_Eknl: 0.14061, L_Morse: 1.39334

Weights: [7000.0, 600.0, 0, 50.0, 0.0, 2.8423], lr=5.000e-05
Epoch: 0 [4170/10000 (42%)] Loss: 35.38391 = L_Mnfld: 6.63968 + L_NonMnfld: 17.77572 + L_Nrml: 0.00000 + L_Eknl: 7.10714 + L_Div: 0.00000 + L_Morse: 3.86137
Epoch: 0 [4170/10000 (42%)] Unweighted L_s : L_Mnfld: 0.00095,  L_NonMnfld: 0.02963,  L_Nrml: 0.00000,  L_Eknl: 0.14214, L_Morse: 1.35854

Weights: [7000.0, 600.0, 0, 50.0, 0.0, 2.8092999999999995], lr=5.000e-05
Epoch: 0 [4180/10000 (42%)] Loss: 36.19009 = L_Mnfld: 6.56512 + L_NonMnfld: 18.28613 + L_Nrml: 0.00000 + L_Eknl: 7.20859 + L_Div: 0.00000 + L_Morse: 4.13024
Epoch: 0 [4180/10000 (42%)] Unweighted L_s : L_Mnfld: 0.00094,  L_NonMnfld: 0.03048,  L_Nrml: 0.00000,  L_Eknl: 0.14417, L_Morse: 1.47020

Weights: [7000.0, 600.0, 0, 50.0, 0.0, 2.776299999999999], lr=5.000e-05
Epoch: 0 [4190/10000 (42%)] Loss: 34.42746 = L_Mnfld: 6.75609 + L_NonMnfld: 16.52296 + L_Nrml: 0.00000 + L_Eknl: 7.10916 + L_Div: 0.00000 + L_Morse: 4.03925
Epoch: 0 [4190/10000 (42%)] Unweighted L_s : L_Mnfld: 0.00097,  L_NonMnfld: 0.02754,  L_Nrml: 0.00000,  L_Eknl: 0.14218, L_Morse: 1.45490

Weights: [7000.0, 600.0, 0, 50.0, 0.0, 2.7432999999999996], lr=5.000e-05
Epoch: 0 [4200/10000 (42%)] Loss: 34.43335 = L_Mnfld: 7.14399 + L_NonMnfld: 16.29225 + L_Nrml: 0.00000 + L_Eknl: 7.15268 + L_Div: 0.00000 + L_Morse: 3.84442
Epoch: 0 [4200/10000 (42%)] Unweighted L_s : L_Mnfld: 0.00102,  L_NonMnfld: 0.02715,  L_Nrml: 0.00000,  L_Eknl: 0.14305, L_Morse: 1.40139

Weights: [7000.0, 600.0, 0, 50.0, 0.0, 2.7102999999999993], lr=5.000e-05
Epoch: 0 [4210/10000 (42%)] Loss: 36.25377 = L_Mnfld: 7.08821 + L_NonMnfld: 18.15699 + L_Nrml: 0.00000 + L_Eknl: 7.20943 + L_Div: 0.00000 + L_Morse: 3.79913
Epoch: 0 [4210/10000 (42%)] Unweighted L_s : L_Mnfld: 0.00101,  L_NonMnfld: 0.03026,  L_Nrml: 0.00000,  L_Eknl: 0.14419, L_Morse: 1.40174

Weights: [7000.0, 600.0, 0, 50.0, 0.0, 2.677299999999999], lr=5.000e-05
Epoch: 0 [4220/10000 (42%)] Loss: 35.97592 = L_Mnfld: 7.14170 + L_NonMnfld: 17.94870 + L_Nrml: 0.00000 + L_Eknl: 7.08220 + L_Div: 0.00000 + L_Morse: 3.80333
Epoch: 0 [4220/10000 (42%)] Unweighted L_s : L_Mnfld: 0.00102,  L_NonMnfld: 0.02991,  L_Nrml: 0.00000,  L_Eknl: 0.14164, L_Morse: 1.42058

Weights: [7000.0, 600.0, 0, 50.0, 0.0, 2.6442999999999994], lr=5.000e-05
Epoch: 0 [4230/10000 (42%)] Loss: 34.34774 = L_Mnfld: 7.13646 + L_NonMnfld: 16.47216 + L_Nrml: 0.00000 + L_Eknl: 7.02557 + L_Div: 0.00000 + L_Morse: 3.71356
Epoch: 0 [4230/10000 (42%)] Unweighted L_s : L_Mnfld: 0.00102,  L_NonMnfld: 0.02745,  L_Nrml: 0.00000,  L_Eknl: 0.14051, L_Morse: 1.40436

Weights: [7000.0, 600.0, 0, 50.0, 0.0, 2.611300000000001], lr=5.000e-05
Epoch: 0 [4240/10000 (42%)] Loss: 36.64576 = L_Mnfld: 8.71250 + L_NonMnfld: 16.68730 + L_Nrml: 0.00000 + L_Eknl: 7.23611 + L_Div: 0.00000 + L_Morse: 4.00985
Epoch: 0 [4240/10000 (42%)] Unweighted L_s : L_Mnfld: 0.00124,  L_NonMnfld: 0.02781,  L_Nrml: 0.00000,  L_Eknl: 0.14472, L_Morse: 1.53558

Weights: [7000.0, 600.0, 0, 50.0, 0.0, 2.5783000000000005], lr=5.000e-05
Epoch: 0 [4250/10000 (42%)] Loss: 35.85339 = L_Mnfld: 7.87515 + L_NonMnfld: 17.01983 + L_Nrml: 0.00000 + L_Eknl: 7.18299 + L_Div: 0.00000 + L_Morse: 3.77542
Epoch: 0 [4250/10000 (42%)] Unweighted L_s : L_Mnfld: 0.00113,  L_NonMnfld: 0.02837,  L_Nrml: 0.00000,  L_Eknl: 0.14366, L_Morse: 1.46431

Weights: [7000.0, 600.0, 0, 50.0, 0.0, 2.5453], lr=5.000e-05
Epoch: 0 [4260/10000 (43%)] Loss: 36.54798 = L_Mnfld: 7.88734 + L_NonMnfld: 17.46322 + L_Nrml: 0.00000 + L_Eknl: 7.15168 + L_Div: 0.00000 + L_Morse: 4.04573
Epoch: 0 [4260/10000 (43%)] Unweighted L_s : L_Mnfld: 0.00113,  L_NonMnfld: 0.02911,  L_Nrml: 0.00000,  L_Eknl: 0.14303, L_Morse: 1.58949

Weights: [7000.0, 600.0, 0, 50.0, 0.0, 2.5123000000000006], lr=5.000e-05
Epoch: 0 [4270/10000 (43%)] Loss: 36.71691 = L_Mnfld: 8.40569 + L_NonMnfld: 17.28123 + L_Nrml: 0.00000 + L_Eknl: 7.15041 + L_Div: 0.00000 + L_Morse: 3.87958
Epoch: 0 [4270/10000 (43%)] Unweighted L_s : L_Mnfld: 0.00120,  L_NonMnfld: 0.02880,  L_Nrml: 0.00000,  L_Eknl: 0.14301, L_Morse: 1.54423

Weights: [7000.0, 600.0, 0, 50.0, 0.0, 2.4793000000000003], lr=5.000e-05
Epoch: 0 [4280/10000 (43%)] Loss: 36.96383 = L_Mnfld: 8.07726 + L_NonMnfld: 18.01921 + L_Nrml: 0.00000 + L_Eknl: 7.22838 + L_Div: 0.00000 + L_Morse: 3.63898
Epoch: 0 [4280/10000 (43%)] Unweighted L_s : L_Mnfld: 0.00115,  L_NonMnfld: 0.03003,  L_Nrml: 0.00000,  L_Eknl: 0.14457, L_Morse: 1.46775

Weights: [7000.0, 600.0, 0, 50.0, 0.0, 2.4463], lr=5.000e-05
Epoch: 0 [4290/10000 (43%)] Loss: 36.26240 = L_Mnfld: 8.21738 + L_NonMnfld: 17.21378 + L_Nrml: 0.00000 + L_Eknl: 7.20308 + L_Div: 0.00000 + L_Morse: 3.62816
Epoch: 0 [4290/10000 (43%)] Unweighted L_s : L_Mnfld: 0.00117,  L_NonMnfld: 0.02869,  L_Nrml: 0.00000,  L_Eknl: 0.14406, L_Morse: 1.48312

Weights: [7000.0, 600.0, 0, 50.0, 0.0, 2.4133000000000004], lr=5.000e-05
Epoch: 0 [4300/10000 (43%)] Loss: 36.05412 = L_Mnfld: 8.15421 + L_NonMnfld: 17.08903 + L_Nrml: 0.00000 + L_Eknl: 7.08550 + L_Div: 0.00000 + L_Morse: 3.72538
Epoch: 0 [4300/10000 (43%)] Unweighted L_s : L_Mnfld: 0.00116,  L_NonMnfld: 0.02848,  L_Nrml: 0.00000,  L_Eknl: 0.14171, L_Morse: 1.54369

Weights: [7000.0, 600.0, 0, 50.0, 0.0, 2.3803], lr=5.000e-05
Epoch: 0 [4310/10000 (43%)] Loss: 34.36099 = L_Mnfld: 7.27068 + L_NonMnfld: 16.35424 + L_Nrml: 0.00000 + L_Eknl: 7.12011 + L_Div: 0.00000 + L_Morse: 3.61595
Epoch: 0 [4310/10000 (43%)] Unweighted L_s : L_Mnfld: 0.00104,  L_NonMnfld: 0.02726,  L_Nrml: 0.00000,  L_Eknl: 0.14240, L_Morse: 1.51912

Weights: [7000.0, 600.0, 0, 50.0, 0.0, 2.3472999999999997], lr=5.000e-05
Epoch: 0 [4320/10000 (43%)] Loss: 34.43048 = L_Mnfld: 7.20085 + L_NonMnfld: 16.27701 + L_Nrml: 0.00000 + L_Eknl: 7.35291 + L_Div: 0.00000 + L_Morse: 3.59971
Epoch: 0 [4320/10000 (43%)] Unweighted L_s : L_Mnfld: 0.00103,  L_NonMnfld: 0.02713,  L_Nrml: 0.00000,  L_Eknl: 0.14706, L_Morse: 1.53355

Weights: [7000.0, 600.0, 0, 50.0, 0.0, 2.3143000000000002], lr=5.000e-05
Epoch: 0 [4330/10000 (43%)] Loss: 34.38581 = L_Mnfld: 6.66543 + L_NonMnfld: 17.35640 + L_Nrml: 0.00000 + L_Eknl: 6.85184 + L_Div: 0.00000 + L_Morse: 3.51213
Epoch: 0 [4330/10000 (43%)] Unweighted L_s : L_Mnfld: 0.00095,  L_NonMnfld: 0.02893,  L_Nrml: 0.00000,  L_Eknl: 0.13704, L_Morse: 1.51758

Weights: [7000.0, 600.0, 0, 50.0, 0.0, 2.2813], lr=5.000e-05
Epoch: 0 [4340/10000 (43%)] Loss: 33.47086 = L_Mnfld: 6.43286 + L_NonMnfld: 16.64942 + L_Nrml: 0.00000 + L_Eknl: 6.88853 + L_Div: 0.00000 + L_Morse: 3.50003
Epoch: 0 [4340/10000 (43%)] Unweighted L_s : L_Mnfld: 0.00092,  L_NonMnfld: 0.02775,  L_Nrml: 0.00000,  L_Eknl: 0.13777, L_Morse: 1.53423

Weights: [7000.0, 600.0, 0, 50.0, 0.0, 2.2482999999999995], lr=5.000e-05
Epoch: 0 [4350/10000 (44%)] Loss: 33.79170 = L_Mnfld: 6.37511 + L_NonMnfld: 17.01354 + L_Nrml: 0.00000 + L_Eknl: 6.85422 + L_Div: 0.00000 + L_Morse: 3.54883
Epoch: 0 [4350/10000 (44%)] Unweighted L_s : L_Mnfld: 0.00091,  L_NonMnfld: 0.02836,  L_Nrml: 0.00000,  L_Eknl: 0.13708, L_Morse: 1.57845

Weights: [7000.0, 600.0, 0, 50.0, 0.0, 2.2153], lr=5.000e-05
Epoch: 0 [4360/10000 (44%)] Loss: 33.92532 = L_Mnfld: 6.96907 + L_NonMnfld: 16.66254 + L_Nrml: 0.00000 + L_Eknl: 6.90748 + L_Div: 0.00000 + L_Morse: 3.38623
Epoch: 0 [4360/10000 (44%)] Unweighted L_s : L_Mnfld: 0.00100,  L_NonMnfld: 0.02777,  L_Nrml: 0.00000,  L_Eknl: 0.13815, L_Morse: 1.52857

Weights: [7000.0, 600.0, 0, 50.0, 0.0, 2.1822999999999997], lr=5.000e-05
Epoch: 0 [4370/10000 (44%)] Loss: 32.70034 = L_Mnfld: 6.12409 + L_NonMnfld: 16.40370 + L_Nrml: 0.00000 + L_Eknl: 6.84595 + L_Div: 0.00000 + L_Morse: 3.32659
Epoch: 0 [4370/10000 (44%)] Unweighted L_s : L_Mnfld: 0.00087,  L_NonMnfld: 0.02734,  L_Nrml: 0.00000,  L_Eknl: 0.13692, L_Morse: 1.52435

Weights: [7000.0, 600.0, 0, 50.0, 0.0, 2.1492999999999993], lr=5.000e-05
Epoch: 0 [4380/10000 (44%)] Loss: 33.83538 = L_Mnfld: 6.66934 + L_NonMnfld: 17.19778 + L_Nrml: 0.00000 + L_Eknl: 6.74255 + L_Div: 0.00000 + L_Morse: 3.22571
Epoch: 0 [4380/10000 (44%)] Unweighted L_s : L_Mnfld: 0.00095,  L_NonMnfld: 0.02866,  L_Nrml: 0.00000,  L_Eknl: 0.13485, L_Morse: 1.50082

Weights: [7000.0, 600.0, 0, 50.0, 0.0, 2.1163], lr=5.000e-05
Epoch: 0 [4390/10000 (44%)] Loss: 32.60708 = L_Mnfld: 6.25803 + L_NonMnfld: 16.49173 + L_Nrml: 0.00000 + L_Eknl: 6.78595 + L_Div: 0.00000 + L_Morse: 3.07137
Epoch: 0 [4390/10000 (44%)] Unweighted L_s : L_Mnfld: 0.00089,  L_NonMnfld: 0.02749,  L_Nrml: 0.00000,  L_Eknl: 0.13572, L_Morse: 1.45129

Weights: [7000.0, 600.0, 0, 50.0, 0.0, 2.0832999999999995], lr=5.000e-05
Epoch: 0 [4400/10000 (44%)] Loss: 32.32742 = L_Mnfld: 6.77683 + L_NonMnfld: 15.67870 + L_Nrml: 0.00000 + L_Eknl: 6.75636 + L_Div: 0.00000 + L_Morse: 3.11554
Epoch: 0 [4400/10000 (44%)] Unweighted L_s : L_Mnfld: 0.00097,  L_NonMnfld: 0.02613,  L_Nrml: 0.00000,  L_Eknl: 0.13513, L_Morse: 1.49548

Weights: [7000.0, 600.0, 0, 50.0, 0.0, 2.050299999999999], lr=5.000e-05
Epoch: 0 [4410/10000 (44%)] Loss: 33.32116 = L_Mnfld: 6.46888 + L_NonMnfld: 17.05524 + L_Nrml: 0.00000 + L_Eknl: 6.71989 + L_Div: 0.00000 + L_Morse: 3.07715
Epoch: 0 [4410/10000 (44%)] Unweighted L_s : L_Mnfld: 0.00092,  L_NonMnfld: 0.02843,  L_Nrml: 0.00000,  L_Eknl: 0.13440, L_Morse: 1.50083

Weights: [7000.0, 600.0, 0, 50.0, 0.0, 2.0172999999999996], lr=5.000e-05
Epoch: 0 [4420/10000 (44%)] Loss: 34.02585 = L_Mnfld: 6.41659 + L_NonMnfld: 17.87421 + L_Nrml: 0.00000 + L_Eknl: 6.65410 + L_Div: 0.00000 + L_Morse: 3.08095
Epoch: 0 [4420/10000 (44%)] Unweighted L_s : L_Mnfld: 0.00092,  L_NonMnfld: 0.02979,  L_Nrml: 0.00000,  L_Eknl: 0.13308, L_Morse: 1.52726

Weights: [7000.0, 600.0, 0, 50.0, 0.0, 1.9842999999999993], lr=5.000e-05
Epoch: 0 [4430/10000 (44%)] Loss: 31.41735 = L_Mnfld: 6.30730 + L_NonMnfld: 15.51387 + L_Nrml: 0.00000 + L_Eknl: 6.63881 + L_Div: 0.00000 + L_Morse: 2.95737
Epoch: 0 [4430/10000 (44%)] Unweighted L_s : L_Mnfld: 0.00090,  L_NonMnfld: 0.02586,  L_Nrml: 0.00000,  L_Eknl: 0.13278, L_Morse: 1.49038

Weights: [7000.0, 600.0, 0, 50.0, 0.0, 1.9512999999999998], lr=5.000e-05
Epoch: 0 [4440/10000 (44%)] Loss: 32.37865 = L_Mnfld: 6.97437 + L_NonMnfld: 15.66104 + L_Nrml: 0.00000 + L_Eknl: 6.64475 + L_Div: 0.00000 + L_Morse: 3.09849
Epoch: 0 [4440/10000 (44%)] Unweighted L_s : L_Mnfld: 0.00100,  L_NonMnfld: 0.02610,  L_Nrml: 0.00000,  L_Eknl: 0.13290, L_Morse: 1.58791

Weights: [7000.0, 600.0, 0, 50.0, 0.0, 1.9182999999999986], lr=5.000e-05
Epoch: 0 [4450/10000 (44%)] Loss: 32.48500 = L_Mnfld: 6.44319 + L_NonMnfld: 16.51147 + L_Nrml: 0.00000 + L_Eknl: 6.70063 + L_Div: 0.00000 + L_Morse: 2.82971
Epoch: 0 [4450/10000 (44%)] Unweighted L_s : L_Mnfld: 0.00092,  L_NonMnfld: 0.02752,  L_Nrml: 0.00000,  L_Eknl: 0.13401, L_Morse: 1.47511

Weights: [7000.0, 600.0, 0, 50.0, 0.0, 1.885299999999999], lr=5.000e-05
Epoch: 0 [4460/10000 (45%)] Loss: 32.82077 = L_Mnfld: 6.63115 + L_NonMnfld: 16.81144 + L_Nrml: 0.00000 + L_Eknl: 6.63681 + L_Div: 0.00000 + L_Morse: 2.74137
Epoch: 0 [4460/10000 (45%)] Unweighted L_s : L_Mnfld: 0.00095,  L_NonMnfld: 0.02802,  L_Nrml: 0.00000,  L_Eknl: 0.13274, L_Morse: 1.45408

Weights: [7000.0, 600.0, 0, 50.0, 0.0, 1.8522999999999996], lr=5.000e-05
Epoch: 0 [4470/10000 (45%)] Loss: 33.92534 = L_Mnfld: 6.45621 + L_NonMnfld: 18.06828 + L_Nrml: 0.00000 + L_Eknl: 6.48852 + L_Div: 0.00000 + L_Morse: 2.91232
Epoch: 0 [4470/10000 (45%)] Unweighted L_s : L_Mnfld: 0.00092,  L_NonMnfld: 0.03011,  L_Nrml: 0.00000,  L_Eknl: 0.12977, L_Morse: 1.57227

Weights: [7000.0, 600.0, 0, 50.0, 0.0, 1.8192999999999984], lr=5.000e-05
Epoch: 0 [4480/10000 (45%)] Loss: 31.58053 = L_Mnfld: 6.58453 + L_NonMnfld: 15.71059 + L_Nrml: 0.00000 + L_Eknl: 6.61118 + L_Div: 0.00000 + L_Morse: 2.67423
Epoch: 0 [4480/10000 (45%)] Unweighted L_s : L_Mnfld: 0.00094,  L_NonMnfld: 0.02618,  L_Nrml: 0.00000,  L_Eknl: 0.13222, L_Morse: 1.46992

Weights: [7000.0, 600.0, 0, 50.0, 0.0, 1.7862999999999989], lr=5.000e-05
Epoch: 0 [4490/10000 (45%)] Loss: 32.39604 = L_Mnfld: 6.46175 + L_NonMnfld: 16.55060 + L_Nrml: 0.00000 + L_Eknl: 6.59952 + L_Div: 0.00000 + L_Morse: 2.78417
Epoch: 0 [4490/10000 (45%)] Unweighted L_s : L_Mnfld: 0.00092,  L_NonMnfld: 0.02758,  L_Nrml: 0.00000,  L_Eknl: 0.13199, L_Morse: 1.55862

Weights: [7000.0, 600.0, 0, 50.0, 0.0, 1.7532999999999994], lr=5.000e-05
Epoch: 0 [4500/10000 (45%)] Loss: 33.31326 = L_Mnfld: 7.05745 + L_NonMnfld: 16.90984 + L_Nrml: 0.00000 + L_Eknl: 6.63431 + L_Div: 0.00000 + L_Morse: 2.71166
Epoch: 0 [4500/10000 (45%)] Unweighted L_s : L_Mnfld: 0.00101,  L_NonMnfld: 0.02818,  L_Nrml: 0.00000,  L_Eknl: 0.13269, L_Morse: 1.54661

Weights: [7000.0, 600.0, 0, 50.0, 0.0, 1.7202999999999982], lr=5.000e-05
Epoch: 0 [4510/10000 (45%)] Loss: 34.08718 = L_Mnfld: 6.77514 + L_NonMnfld: 17.92614 + L_Nrml: 0.00000 + L_Eknl: 6.58190 + L_Div: 0.00000 + L_Morse: 2.80401
Epoch: 0 [4510/10000 (45%)] Unweighted L_s : L_Mnfld: 0.00097,  L_NonMnfld: 0.02988,  L_Nrml: 0.00000,  L_Eknl: 0.13164, L_Morse: 1.62995

Weights: [7000.0, 600.0, 0, 50.0, 0.0, 1.6872999999999987], lr=5.000e-05
Epoch: 0 [4520/10000 (45%)] Loss: 33.59953 = L_Mnfld: 7.17611 + L_NonMnfld: 17.36594 + L_Nrml: 0.00000 + L_Eknl: 6.44831 + L_Div: 0.00000 + L_Morse: 2.60917
Epoch: 0 [4520/10000 (45%)] Unweighted L_s : L_Mnfld: 0.00103,  L_NonMnfld: 0.02894,  L_Nrml: 0.00000,  L_Eknl: 0.12897, L_Morse: 1.54636

Weights: [7000.0, 600.0, 0, 50.0, 0.0, 1.6542999999999992], lr=5.000e-05
Epoch: 0 [4530/10000 (45%)] Loss: 32.47916 = L_Mnfld: 6.99058 + L_NonMnfld: 16.42153 + L_Nrml: 0.00000 + L_Eknl: 6.58678 + L_Div: 0.00000 + L_Morse: 2.48027
Epoch: 0 [4530/10000 (45%)] Unweighted L_s : L_Mnfld: 0.00100,  L_NonMnfld: 0.02737,  L_Nrml: 0.00000,  L_Eknl: 0.13174, L_Morse: 1.49929

Weights: [7000.0, 600.0, 0, 50.0, 0.0, 1.621299999999998], lr=5.000e-05
Epoch: 0 [4540/10000 (45%)] Loss: 32.92249 = L_Mnfld: 6.87084 + L_NonMnfld: 16.70100 + L_Nrml: 0.00000 + L_Eknl: 6.64417 + L_Div: 0.00000 + L_Morse: 2.70648
Epoch: 0 [4540/10000 (45%)] Unweighted L_s : L_Mnfld: 0.00098,  L_NonMnfld: 0.02783,  L_Nrml: 0.00000,  L_Eknl: 0.13288, L_Morse: 1.66933

Weights: [7000.0, 600.0, 0, 50.0, 0.0, 1.5882999999999985], lr=5.000e-05
Epoch: 0 [4550/10000 (46%)] Loss: 32.40374 = L_Mnfld: 7.41309 + L_NonMnfld: 15.69588 + L_Nrml: 0.00000 + L_Eknl: 6.67421 + L_Div: 0.00000 + L_Morse: 2.62056
Epoch: 0 [4550/10000 (46%)] Unweighted L_s : L_Mnfld: 0.00106,  L_NonMnfld: 0.02616,  L_Nrml: 0.00000,  L_Eknl: 0.13348, L_Morse: 1.64992

Weights: [7000.0, 600.0, 0, 50.0, 0.0, 1.555299999999999], lr=5.000e-05
Epoch: 0 [4560/10000 (46%)] Loss: 33.12369 = L_Mnfld: 7.55505 + L_NonMnfld: 16.48515 + L_Nrml: 0.00000 + L_Eknl: 6.53667 + L_Div: 0.00000 + L_Morse: 2.54681
Epoch: 0 [4560/10000 (46%)] Unweighted L_s : L_Mnfld: 0.00108,  L_NonMnfld: 0.02748,  L_Nrml: 0.00000,  L_Eknl: 0.13073, L_Morse: 1.63751

Weights: [7000.0, 600.0, 0, 50.0, 0.0, 1.5223000000000013], lr=5.000e-05
Epoch: 0 [4570/10000 (46%)] Loss: 32.42881 = L_Mnfld: 6.99325 + L_NonMnfld: 16.28637 + L_Nrml: 0.00000 + L_Eknl: 6.61339 + L_Div: 0.00000 + L_Morse: 2.53579
Epoch: 0 [4570/10000 (46%)] Unweighted L_s : L_Mnfld: 0.00100,  L_NonMnfld: 0.02714,  L_Nrml: 0.00000,  L_Eknl: 0.13227, L_Morse: 1.66577

Weights: [7000.0, 600.0, 0, 50.0, 0.0, 1.4893000000000018], lr=5.000e-05
Epoch: 0 [4580/10000 (46%)] Loss: 32.27158 = L_Mnfld: 7.03354 + L_NonMnfld: 16.08858 + L_Nrml: 0.00000 + L_Eknl: 6.58170 + L_Div: 0.00000 + L_Morse: 2.56776
Epoch: 0 [4580/10000 (46%)] Unweighted L_s : L_Mnfld: 0.00100,  L_NonMnfld: 0.02681,  L_Nrml: 0.00000,  L_Eknl: 0.13163, L_Morse: 1.72414

Weights: [7000.0, 600.0, 0, 50.0, 0.0, 1.4563000000000006], lr=5.000e-05
Epoch: 0 [4590/10000 (46%)] Loss: 32.06459 = L_Mnfld: 6.73984 + L_NonMnfld: 16.56064 + L_Nrml: 0.00000 + L_Eknl: 6.38609 + L_Div: 0.00000 + L_Morse: 2.37802
Epoch: 0 [4590/10000 (46%)] Unweighted L_s : L_Mnfld: 0.00096,  L_NonMnfld: 0.02760,  L_Nrml: 0.00000,  L_Eknl: 0.12772, L_Morse: 1.63292

Weights: [7000.0, 600.0, 0, 50.0, 0.0, 1.4233000000000011], lr=5.000e-05
Epoch: 0 [4600/10000 (46%)] Loss: 31.68305 = L_Mnfld: 6.59851 + L_NonMnfld: 16.34459 + L_Nrml: 0.00000 + L_Eknl: 6.37120 + L_Div: 0.00000 + L_Morse: 2.36875
Epoch: 0 [4600/10000 (46%)] Unweighted L_s : L_Mnfld: 0.00094,  L_NonMnfld: 0.02724,  L_Nrml: 0.00000,  L_Eknl: 0.12742, L_Morse: 1.66426

Weights: [7000.0, 600.0, 0, 50.0, 0.0, 1.3903000000000016], lr=5.000e-05
Epoch: 0 [4610/10000 (46%)] Loss: 32.59599 = L_Mnfld: 6.56872 + L_NonMnfld: 17.42590 + L_Nrml: 0.00000 + L_Eknl: 6.36484 + L_Div: 0.00000 + L_Morse: 2.23653
Epoch: 0 [4610/10000 (46%)] Unweighted L_s : L_Mnfld: 0.00094,  L_NonMnfld: 0.02904,  L_Nrml: 0.00000,  L_Eknl: 0.12730, L_Morse: 1.60867

Weights: [7000.0, 600.0, 0, 50.0, 0.0, 1.3573000000000004], lr=5.000e-05
Epoch: 0 [4620/10000 (46%)] Loss: 32.13166 = L_Mnfld: 6.49643 + L_NonMnfld: 16.97621 + L_Nrml: 0.00000 + L_Eknl: 6.33129 + L_Div: 0.00000 + L_Morse: 2.32773
Epoch: 0 [4620/10000 (46%)] Unweighted L_s : L_Mnfld: 0.00093,  L_NonMnfld: 0.02829,  L_Nrml: 0.00000,  L_Eknl: 0.12663, L_Morse: 1.71497

Weights: [7000.0, 600.0, 0, 50.0, 0.0, 1.324300000000001], lr=5.000e-05
Epoch: 0 [4630/10000 (46%)] Loss: 30.73206 = L_Mnfld: 6.51900 + L_NonMnfld: 15.81535 + L_Nrml: 0.00000 + L_Eknl: 6.11237 + L_Div: 0.00000 + L_Morse: 2.28533
Epoch: 0 [4630/10000 (46%)] Unweighted L_s : L_Mnfld: 0.00093,  L_NonMnfld: 0.02636,  L_Nrml: 0.00000,  L_Eknl: 0.12225, L_Morse: 1.72569

Weights: [7000.0, 600.0, 0, 50.0, 0.0, 1.2913000000000014], lr=5.000e-05
Epoch: 0 [4640/10000 (46%)] Loss: 30.73985 = L_Mnfld: 6.70785 + L_NonMnfld: 15.74528 + L_Nrml: 0.00000 + L_Eknl: 6.23085 + L_Div: 0.00000 + L_Morse: 2.05587
Epoch: 0 [4640/10000 (46%)] Unweighted L_s : L_Mnfld: 0.00096,  L_NonMnfld: 0.02624,  L_Nrml: 0.00000,  L_Eknl: 0.12462, L_Morse: 1.59210

Weights: [7000.0, 600.0, 0, 50.0, 0.0, 1.2583000000000002], lr=5.000e-05
Epoch: 0 [4650/10000 (46%)] Loss: 31.78845 = L_Mnfld: 6.42033 + L_NonMnfld: 16.86251 + L_Nrml: 0.00000 + L_Eknl: 6.32823 + L_Div: 0.00000 + L_Morse: 2.17738
Epoch: 0 [4650/10000 (46%)] Unweighted L_s : L_Mnfld: 0.00092,  L_NonMnfld: 0.02810,  L_Nrml: 0.00000,  L_Eknl: 0.12656, L_Morse: 1.73041

Weights: [7000.0, 600.0, 0, 50.0, 0.0, 1.2253000000000007], lr=5.000e-05
Epoch: 0 [4660/10000 (47%)] Loss: 32.28570 = L_Mnfld: 7.53312 + L_NonMnfld: 16.37010 + L_Nrml: 0.00000 + L_Eknl: 6.32643 + L_Div: 0.00000 + L_Morse: 2.05605
Epoch: 0 [4660/10000 (47%)] Unweighted L_s : L_Mnfld: 0.00108,  L_NonMnfld: 0.02728,  L_Nrml: 0.00000,  L_Eknl: 0.12653, L_Morse: 1.67799

Weights: [7000.0, 600.0, 0, 50.0, 0.0, 1.1923000000000012], lr=5.000e-05
Epoch: 0 [4670/10000 (47%)] Loss: 32.04520 = L_Mnfld: 6.85134 + L_NonMnfld: 16.71814 + L_Nrml: 0.00000 + L_Eknl: 6.42012 + L_Div: 0.00000 + L_Morse: 2.05561
Epoch: 0 [4670/10000 (47%)] Unweighted L_s : L_Mnfld: 0.00098,  L_NonMnfld: 0.02786,  L_Nrml: 0.00000,  L_Eknl: 0.12840, L_Morse: 1.72407

Weights: [7000.0, 600.0, 0, 50.0, 0.0, 1.1593], lr=5.000e-05
Epoch: 0 [4680/10000 (47%)] Loss: 31.59806 = L_Mnfld: 6.86245 + L_NonMnfld: 16.31959 + L_Nrml: 0.00000 + L_Eknl: 6.30960 + L_Div: 0.00000 + L_Morse: 2.10641
Epoch: 0 [4680/10000 (47%)] Unweighted L_s : L_Mnfld: 0.00098,  L_NonMnfld: 0.02720,  L_Nrml: 0.00000,  L_Eknl: 0.12619, L_Morse: 1.81697

Weights: [7000.0, 600.0, 0, 50.0, 0.0, 1.1263000000000005], lr=5.000e-05
Epoch: 0 [4690/10000 (47%)] Loss: 32.03477 = L_Mnfld: 6.72787 + L_NonMnfld: 16.87930 + L_Nrml: 0.00000 + L_Eknl: 6.37332 + L_Div: 0.00000 + L_Morse: 2.05428
Epoch: 0 [4690/10000 (47%)] Unweighted L_s : L_Mnfld: 0.00096,  L_NonMnfld: 0.02813,  L_Nrml: 0.00000,  L_Eknl: 0.12747, L_Morse: 1.82392

Weights: [7000.0, 600.0, 0, 50.0, 0.0, 1.093300000000001], lr=5.000e-05
Epoch: 0 [4700/10000 (47%)] Loss: 31.90001 = L_Mnfld: 6.82050 + L_NonMnfld: 16.92932 + L_Nrml: 0.00000 + L_Eknl: 6.13529 + L_Div: 0.00000 + L_Morse: 2.01491
Epoch: 0 [4700/10000 (47%)] Unweighted L_s : L_Mnfld: 0.00097,  L_NonMnfld: 0.02822,  L_Nrml: 0.00000,  L_Eknl: 0.12271, L_Morse: 1.84296

Weights: [7000.0, 600.0, 0, 50.0, 0.0, 1.0602999999999998], lr=5.000e-05
Epoch: 0 [4710/10000 (47%)] Loss: 30.20518 = L_Mnfld: 6.26795 + L_NonMnfld: 15.89102 + L_Nrml: 0.00000 + L_Eknl: 6.29942 + L_Div: 0.00000 + L_Morse: 1.74679
Epoch: 0 [4710/10000 (47%)] Unweighted L_s : L_Mnfld: 0.00090,  L_NonMnfld: 0.02649,  L_Nrml: 0.00000,  L_Eknl: 0.12599, L_Morse: 1.64745

Weights: [7000.0, 600.0, 0, 50.0, 0.0, 1.0273000000000003], lr=5.000e-05
Epoch: 0 [4720/10000 (47%)] Loss: 31.77155 = L_Mnfld: 7.65827 + L_NonMnfld: 15.97097 + L_Nrml: 0.00000 + L_Eknl: 6.30649 + L_Div: 0.00000 + L_Morse: 1.83582
Epoch: 0 [4720/10000 (47%)] Unweighted L_s : L_Mnfld: 0.00109,  L_NonMnfld: 0.02662,  L_Nrml: 0.00000,  L_Eknl: 0.12613, L_Morse: 1.78703

Weights: [7000.0, 600.0, 0, 50.0, 0.0, 0.9943000000000008], lr=5.000e-05
Epoch: 0 [4730/10000 (47%)] Loss: 30.82188 = L_Mnfld: 7.06994 + L_NonMnfld: 15.46897 + L_Nrml: 0.00000 + L_Eknl: 6.43751 + L_Div: 0.00000 + L_Morse: 1.84546
Epoch: 0 [4730/10000 (47%)] Unweighted L_s : L_Mnfld: 0.00101,  L_NonMnfld: 0.02578,  L_Nrml: 0.00000,  L_Eknl: 0.12875, L_Morse: 1.85604

Weights: [7000.0, 600.0, 0, 50.0, 0.0, 0.9612999999999996], lr=5.000e-05
Epoch: 0 [4740/10000 (47%)] Loss: 31.63453 = L_Mnfld: 6.85334 + L_NonMnfld: 16.81411 + L_Nrml: 0.00000 + L_Eknl: 6.24365 + L_Div: 0.00000 + L_Morse: 1.72343
Epoch: 0 [4740/10000 (47%)] Unweighted L_s : L_Mnfld: 0.00098,  L_NonMnfld: 0.02802,  L_Nrml: 0.00000,  L_Eknl: 0.12487, L_Morse: 1.79281

Weights: [7000.0, 600.0, 0, 50.0, 0.0, 0.9283000000000001], lr=5.000e-05
Epoch: 0 [4750/10000 (48%)] Loss: 31.70473 = L_Mnfld: 7.17323 + L_NonMnfld: 16.43444 + L_Nrml: 0.00000 + L_Eknl: 6.24104 + L_Div: 0.00000 + L_Morse: 1.85602
Epoch: 0 [4750/10000 (48%)] Unweighted L_s : L_Mnfld: 0.00102,  L_NonMnfld: 0.02739,  L_Nrml: 0.00000,  L_Eknl: 0.12482, L_Morse: 1.99937

Weights: [7000.0, 600.0, 0, 50.0, 0.0, 0.8953000000000007], lr=5.000e-05
Epoch: 0 [4760/10000 (48%)] Loss: 30.12051 = L_Mnfld: 7.30072 + L_NonMnfld: 14.71775 + L_Nrml: 0.00000 + L_Eknl: 6.14090 + L_Div: 0.00000 + L_Morse: 1.96114
Epoch: 0 [4760/10000 (48%)] Unweighted L_s : L_Mnfld: 0.00104,  L_NonMnfld: 0.02453,  L_Nrml: 0.00000,  L_Eknl: 0.12282, L_Morse: 2.19048

Weights: [7000.0, 600.0, 0, 50.0, 0.0, 0.8622999999999994], lr=5.000e-05
Epoch: 0 [4770/10000 (48%)] Loss: 29.73467 = L_Mnfld: 6.72864 + L_NonMnfld: 15.20958 + L_Nrml: 0.00000 + L_Eknl: 6.08576 + L_Div: 0.00000 + L_Morse: 1.71069
Epoch: 0 [4770/10000 (48%)] Unweighted L_s : L_Mnfld: 0.00096,  L_NonMnfld: 0.02535,  L_Nrml: 0.00000,  L_Eknl: 0.12172, L_Morse: 1.98387

Weights: [7000.0, 600.0, 0, 50.0, 0.0, 0.8292999999999999], lr=5.000e-05
Epoch: 0 [4780/10000 (48%)] Loss: 29.98416 = L_Mnfld: 7.16467 + L_NonMnfld: 15.12304 + L_Nrml: 0.00000 + L_Eknl: 6.00447 + L_Div: 0.00000 + L_Morse: 1.69197
Epoch: 0 [4780/10000 (48%)] Unweighted L_s : L_Mnfld: 0.00102,  L_NonMnfld: 0.02521,  L_Nrml: 0.00000,  L_Eknl: 0.12009, L_Morse: 2.04024

Weights: [7000.0, 600.0, 0, 50.0, 0.0, 0.7963000000000005], lr=5.000e-05
Epoch: 0 [4790/10000 (48%)] Loss: 30.33717 = L_Mnfld: 6.94598 + L_NonMnfld: 15.89434 + L_Nrml: 0.00000 + L_Eknl: 6.03904 + L_Div: 0.00000 + L_Morse: 1.45781
Epoch: 0 [4790/10000 (48%)] Unweighted L_s : L_Mnfld: 0.00099,  L_NonMnfld: 0.02649,  L_Nrml: 0.00000,  L_Eknl: 0.12078, L_Morse: 1.83073

Weights: [7000.0, 600.0, 0, 50.0, 0.0, 0.7632999999999992], lr=5.000e-05
Epoch: 0 [4800/10000 (48%)] Loss: 30.95352 = L_Mnfld: 7.05109 + L_NonMnfld: 16.38829 + L_Nrml: 0.00000 + L_Eknl: 6.04066 + L_Div: 0.00000 + L_Morse: 1.47349
Epoch: 0 [4800/10000 (48%)] Unweighted L_s : L_Mnfld: 0.00101,  L_NonMnfld: 0.02731,  L_Nrml: 0.00000,  L_Eknl: 0.12081, L_Morse: 1.93042

Weights: [7000.0, 600.0, 0, 50.0, 0.0, 0.7302999999999997], lr=5.000e-05
Epoch: 0 [4810/10000 (48%)] Loss: 30.39267 = L_Mnfld: 6.93466 + L_NonMnfld: 16.05085 + L_Nrml: 0.00000 + L_Eknl: 5.98312 + L_Div: 0.00000 + L_Morse: 1.42404
Epoch: 0 [4810/10000 (48%)] Unweighted L_s : L_Mnfld: 0.00099,  L_NonMnfld: 0.02675,  L_Nrml: 0.00000,  L_Eknl: 0.11966, L_Morse: 1.94994

Weights: [7000.0, 600.0, 0, 50.0, 0.0, 0.6973000000000003], lr=5.000e-05
Epoch: 0 [4820/10000 (48%)] Loss: 30.28238 = L_Mnfld: 6.81285 + L_NonMnfld: 15.97294 + L_Nrml: 0.00000 + L_Eknl: 6.09461 + L_Div: 0.00000 + L_Morse: 1.40197
Epoch: 0 [4820/10000 (48%)] Unweighted L_s : L_Mnfld: 0.00097,  L_NonMnfld: 0.02662,  L_Nrml: 0.00000,  L_Eknl: 0.12189, L_Morse: 2.01057

Weights: [7000.0, 600.0, 0, 50.0, 0.0, 0.664299999999999], lr=5.000e-05
Epoch: 0 [4830/10000 (48%)] Loss: 30.96155 = L_Mnfld: 6.61448 + L_NonMnfld: 17.11962 + L_Nrml: 0.00000 + L_Eknl: 5.95154 + L_Div: 0.00000 + L_Morse: 1.27590
Epoch: 0 [4830/10000 (48%)] Unweighted L_s : L_Mnfld: 0.00094,  L_NonMnfld: 0.02853,  L_Nrml: 0.00000,  L_Eknl: 0.11903, L_Morse: 1.92067

Weights: [7000.0, 600.0, 0, 50.0, 0.0, 0.6312999999999995], lr=5.000e-05
Epoch: 0 [4840/10000 (48%)] Loss: 29.94245 = L_Mnfld: 7.06980 + L_NonMnfld: 15.42895 + L_Nrml: 0.00000 + L_Eknl: 6.16224 + L_Div: 0.00000 + L_Morse: 1.28146
Epoch: 0 [4840/10000 (48%)] Unweighted L_s : L_Mnfld: 0.00101,  L_NonMnfld: 0.02571,  L_Nrml: 0.00000,  L_Eknl: 0.12324, L_Morse: 2.02987

Weights: [7000.0, 600.0, 0, 50.0, 0.0, 0.5983], lr=5.000e-05
Epoch: 0 [4850/10000 (48%)] Loss: 30.90587 = L_Mnfld: 6.80235 + L_NonMnfld: 16.98256 + L_Nrml: 0.00000 + L_Eknl: 5.93043 + L_Div: 0.00000 + L_Morse: 1.19053
Epoch: 0 [4850/10000 (48%)] Unweighted L_s : L_Mnfld: 0.00097,  L_NonMnfld: 0.02830,  L_Nrml: 0.00000,  L_Eknl: 0.11861, L_Morse: 1.98985

Weights: [7000.0, 600.0, 0, 50.0, 0.0, 0.5652999999999988], lr=5.000e-05
Epoch: 0 [4860/10000 (49%)] Loss: 29.85741 = L_Mnfld: 6.77987 + L_NonMnfld: 16.00539 + L_Nrml: 0.00000 + L_Eknl: 5.95353 + L_Div: 0.00000 + L_Morse: 1.11862
Epoch: 0 [4860/10000 (49%)] Unweighted L_s : L_Mnfld: 0.00097,  L_NonMnfld: 0.02668,  L_Nrml: 0.00000,  L_Eknl: 0.11907, L_Morse: 1.97881

Weights: [7000.0, 600.0, 0, 50.0, 0.0, 0.5322999999999993], lr=5.000e-05
Epoch: 0 [4870/10000 (49%)] Loss: 28.59568 = L_Mnfld: 6.30774 + L_NonMnfld: 15.14717 + L_Nrml: 0.00000 + L_Eknl: 5.99867 + L_Div: 0.00000 + L_Morse: 1.14210
Epoch: 0 [4870/10000 (49%)] Unweighted L_s : L_Mnfld: 0.00090,  L_NonMnfld: 0.02525,  L_Nrml: 0.00000,  L_Eknl: 0.11997, L_Morse: 2.14560

Weights: [7000.0, 600.0, 0, 50.0, 0.0, 0.49929999999999986], lr=5.000e-05
Epoch: 0 [4880/10000 (49%)] Loss: 29.34396 = L_Mnfld: 6.48534 + L_NonMnfld: 15.75343 + L_Nrml: 0.00000 + L_Eknl: 6.05769 + L_Div: 0.00000 + L_Morse: 1.04750
Epoch: 0 [4880/10000 (49%)] Unweighted L_s : L_Mnfld: 0.00093,  L_NonMnfld: 0.02626,  L_Nrml: 0.00000,  L_Eknl: 0.12115, L_Morse: 2.09794

Weights: [7000.0, 600.0, 0, 50.0, 0.0, 0.4662999999999986], lr=5.000e-05
Epoch: 0 [4890/10000 (49%)] Loss: 29.07477 = L_Mnfld: 6.32337 + L_NonMnfld: 15.93196 + L_Nrml: 0.00000 + L_Eknl: 5.85792 + L_Div: 0.00000 + L_Morse: 0.96151
Epoch: 0 [4890/10000 (49%)] Unweighted L_s : L_Mnfld: 0.00090,  L_NonMnfld: 0.02655,  L_Nrml: 0.00000,  L_Eknl: 0.11716, L_Morse: 2.06201

Weights: [7000.0, 600.0, 0, 50.0, 0.0, 0.43329999999999913], lr=5.000e-05
Epoch: 0 [4900/10000 (49%)] Loss: 29.35567 = L_Mnfld: 6.61583 + L_NonMnfld: 15.78766 + L_Nrml: 0.00000 + L_Eknl: 6.01227 + L_Div: 0.00000 + L_Morse: 0.93990
Epoch: 0 [4900/10000 (49%)] Unweighted L_s : L_Mnfld: 0.00095,  L_NonMnfld: 0.02631,  L_Nrml: 0.00000,  L_Eknl: 0.12025, L_Morse: 2.16918

Weights: [7000.0, 600.0, 0, 50.0, 0.0, 0.40029999999999966], lr=5.000e-05
Epoch: 0 [4910/10000 (49%)] Loss: 30.23777 = L_Mnfld: 6.74611 + L_NonMnfld: 16.66502 + L_Nrml: 0.00000 + L_Eknl: 5.96754 + L_Div: 0.00000 + L_Morse: 0.85910
Epoch: 0 [4910/10000 (49%)] Unweighted L_s : L_Mnfld: 0.00096,  L_NonMnfld: 0.02778,  L_Nrml: 0.00000,  L_Eknl: 0.11935, L_Morse: 2.14615

Weights: [7000.0, 600.0, 0, 50.0, 0.0, 0.3672999999999984], lr=5.000e-05
Epoch: 0 [4920/10000 (49%)] Loss: 28.84842 = L_Mnfld: 6.80714 + L_NonMnfld: 15.39883 + L_Nrml: 0.00000 + L_Eknl: 5.80479 + L_Div: 0.00000 + L_Morse: 0.83766
Epoch: 0 [4920/10000 (49%)] Unweighted L_s : L_Mnfld: 0.00097,  L_NonMnfld: 0.02566,  L_Nrml: 0.00000,  L_Eknl: 0.11610, L_Morse: 2.28058

Weights: [7000.0, 600.0, 0, 50.0, 0.0, 0.33429999999999893], lr=5.000e-05
Epoch: 0 [4930/10000 (49%)] Loss: 29.86399 = L_Mnfld: 6.59809 + L_NonMnfld: 16.61314 + L_Nrml: 0.00000 + L_Eknl: 5.90080 + L_Div: 0.00000 + L_Morse: 0.75197
Epoch: 0 [4930/10000 (49%)] Unweighted L_s : L_Mnfld: 0.00094,  L_NonMnfld: 0.02769,  L_Nrml: 0.00000,  L_Eknl: 0.11802, L_Morse: 2.24937

Weights: [7000.0, 600.0, 0, 50.0, 0.0, 0.30129999999999946], lr=5.000e-05
Epoch: 0 [4940/10000 (49%)] Loss: 28.69209 = L_Mnfld: 6.68098 + L_NonMnfld: 15.63067 + L_Nrml: 0.00000 + L_Eknl: 5.71439 + L_Div: 0.00000 + L_Morse: 0.66605
Epoch: 0 [4940/10000 (49%)] Unweighted L_s : L_Mnfld: 0.00095,  L_NonMnfld: 0.02605,  L_Nrml: 0.00000,  L_Eknl: 0.11429, L_Morse: 2.21059

Weights: [7000.0, 600.0, 0, 50.0, 0.0, 0.2682999999999982], lr=5.000e-05
Epoch: 0 [4950/10000 (50%)] Loss: 28.74960 = L_Mnfld: 6.61221 + L_NonMnfld: 15.77684 + L_Nrml: 0.00000 + L_Eknl: 5.76756 + L_Div: 0.00000 + L_Morse: 0.59299
Epoch: 0 [4950/10000 (50%)] Unweighted L_s : L_Mnfld: 0.00094,  L_NonMnfld: 0.02629,  L_Nrml: 0.00000,  L_Eknl: 0.11535, L_Morse: 2.21017

Weights: [7000.0, 600.0, 0, 50.0, 0.0, 0.2353000000000005], lr=5.000e-05
Epoch: 0 [4960/10000 (50%)] Loss: 29.20106 = L_Mnfld: 6.98289 + L_NonMnfld: 15.80305 + L_Nrml: 0.00000 + L_Eknl: 5.88395 + L_Div: 0.00000 + L_Morse: 0.53118
Epoch: 0 [4960/10000 (50%)] Unweighted L_s : L_Mnfld: 0.00100,  L_NonMnfld: 0.02634,  L_Nrml: 0.00000,  L_Eknl: 0.11768, L_Morse: 2.25745

Weights: [7000.0, 600.0, 0, 50.0, 0.0, 0.20229999999999926], lr=5.000e-05
Epoch: 0 [4970/10000 (50%)] Loss: 30.06224 = L_Mnfld: 7.03848 + L_NonMnfld: 16.66833 + L_Nrml: 0.00000 + L_Eknl: 5.87030 + L_Div: 0.00000 + L_Morse: 0.48513
Epoch: 0 [4970/10000 (50%)] Unweighted L_s : L_Mnfld: 0.00101,  L_NonMnfld: 0.02778,  L_Nrml: 0.00000,  L_Eknl: 0.11741, L_Morse: 2.39809

Weights: [7000.0, 600.0, 0, 50.0, 0.0, 0.16929999999999978], lr=5.000e-05
Epoch: 0 [4980/10000 (50%)] Loss: 28.57834 = L_Mnfld: 7.20219 + L_NonMnfld: 15.03050 + L_Nrml: 0.00000 + L_Eknl: 5.92979 + L_Div: 0.00000 + L_Morse: 0.41586
Epoch: 0 [4980/10000 (50%)] Unweighted L_s : L_Mnfld: 0.00103,  L_NonMnfld: 0.02505,  L_Nrml: 0.00000,  L_Eknl: 0.11860, L_Morse: 2.45634

Weights: [7000.0, 600.0, 0, 50.0, 0.0, 0.1363000000000003], lr=5.000e-05
Epoch: 0 [4990/10000 (50%)] Loss: 28.93097 = L_Mnfld: 6.84417 + L_NonMnfld: 15.89868 + L_Nrml: 0.00000 + L_Eknl: 5.85333 + L_Div: 0.00000 + L_Morse: 0.33479
Epoch: 0 [4990/10000 (50%)] Unweighted L_s : L_Mnfld: 0.00098,  L_NonMnfld: 0.02650,  L_Nrml: 0.00000,  L_Eknl: 0.11707, L_Morse: 2.45629

Weights: [7000.0, 600.0, 0, 50.0, 0.0, 0.10329999999999906], lr=5.000e-05
Epoch: 0 [5000/10000 (50%)] Loss: 28.96759 = L_Mnfld: 6.54169 + L_NonMnfld: 16.30822 + L_Nrml: 0.00000 + L_Eknl: 5.87223 + L_Div: 0.00000 + L_Morse: 0.24545
Epoch: 0 [5000/10000 (50%)] Unweighted L_s : L_Mnfld: 0.00093,  L_NonMnfld: 0.02718,  L_Nrml: 0.00000,  L_Eknl: 0.11744, L_Morse: 2.37613

Weights: [7000.0, 600.0, 0, 50.0, 0.0, 0.1], lr=5.000e-05
Epoch: 0 [5010/10000 (50%)] Loss: 28.24660 = L_Mnfld: 6.55678 + L_NonMnfld: 15.50336 + L_Nrml: 0.00000 + L_Eknl: 5.93530 + L_Div: 0.00000 + L_Morse: 0.25116
Epoch: 0 [5010/10000 (50%)] Unweighted L_s : L_Mnfld: 0.00094,  L_NonMnfld: 0.02584,  L_Nrml: 0.00000,  L_Eknl: 0.11871, L_Morse: 2.51162

Weights: [7000.0, 600.0, 0, 50.0, 0.0, 0.1], lr=5.000e-05
Epoch: 0 [5020/10000 (50%)] Loss: 27.89860 = L_Mnfld: 6.41921 + L_NonMnfld: 15.53123 + L_Nrml: 0.00000 + L_Eknl: 5.68624 + L_Div: 0.00000 + L_Morse: 0.26193
Epoch: 0 [5020/10000 (50%)] Unweighted L_s : L_Mnfld: 0.00092,  L_NonMnfld: 0.02589,  L_Nrml: 0.00000,  L_Eknl: 0.11372, L_Morse: 2.61930

Weights: [7000.0, 600.0, 0, 50.0, 0.0, 0.1], lr=5.000e-05
Epoch: 0 [5030/10000 (50%)] Loss: 27.69861 = L_Mnfld: 6.51195 + L_NonMnfld: 15.20931 + L_Nrml: 0.00000 + L_Eknl: 5.72342 + L_Div: 0.00000 + L_Morse: 0.25393
Epoch: 0 [5030/10000 (50%)] Unweighted L_s : L_Mnfld: 0.00093,  L_NonMnfld: 0.02535,  L_Nrml: 0.00000,  L_Eknl: 0.11447, L_Morse: 2.53927

Weights: [7000.0, 600.0, 0, 50.0, 0.0, 0.1], lr=5.000e-05
Epoch: 0 [5040/10000 (50%)] Loss: 27.94447 = L_Mnfld: 6.48656 + L_NonMnfld: 15.35604 + L_Nrml: 0.00000 + L_Eknl: 5.83625 + L_Div: 0.00000 + L_Morse: 0.26562
Epoch: 0 [5040/10000 (50%)] Unweighted L_s : L_Mnfld: 0.00093,  L_NonMnfld: 0.02559,  L_Nrml: 0.00000,  L_Eknl: 0.11673, L_Morse: 2.65617

Weights: [7000.0, 600.0, 0, 50.0, 0.0, 0.1], lr=5.000e-05
Epoch: 0 [5050/10000 (50%)] Loss: 28.50098 = L_Mnfld: 6.41249 + L_NonMnfld: 15.97278 + L_Nrml: 0.00000 + L_Eknl: 5.84911 + L_Div: 0.00000 + L_Morse: 0.26661
Epoch: 0 [5050/10000 (50%)] Unweighted L_s : L_Mnfld: 0.00092,  L_NonMnfld: 0.02662,  L_Nrml: 0.00000,  L_Eknl: 0.11698, L_Morse: 2.66607

Weights: [7000.0, 600.0, 0, 50.0, 0.0, 0.1], lr=5.000e-05
Epoch: 0 [5060/10000 (51%)] Loss: 28.59961 = L_Mnfld: 6.90414 + L_NonMnfld: 15.65399 + L_Nrml: 0.00000 + L_Eknl: 5.76911 + L_Div: 0.00000 + L_Morse: 0.27237
Epoch: 0 [5060/10000 (51%)] Unweighted L_s : L_Mnfld: 0.00099,  L_NonMnfld: 0.02609,  L_Nrml: 0.00000,  L_Eknl: 0.11538, L_Morse: 2.72365

Weights: [7000.0, 600.0, 0, 50.0, 0.0, 0.1], lr=5.000e-05
Epoch: 0 [5070/10000 (51%)] Loss: 28.92889 = L_Mnfld: 6.73159 + L_NonMnfld: 16.15689 + L_Nrml: 0.00000 + L_Eknl: 5.78097 + L_Div: 0.00000 + L_Morse: 0.25944
Epoch: 0 [5070/10000 (51%)] Unweighted L_s : L_Mnfld: 0.00096,  L_NonMnfld: 0.02693,  L_Nrml: 0.00000,  L_Eknl: 0.11562, L_Morse: 2.59437

Weights: [7000.0, 600.0, 0, 50.0, 0.0, 0.1], lr=5.000e-05
Epoch: 0 [5080/10000 (51%)] Loss: 28.59918 = L_Mnfld: 6.73662 + L_NonMnfld: 15.75933 + L_Nrml: 0.00000 + L_Eknl: 5.83033 + L_Div: 0.00000 + L_Morse: 0.27289
Epoch: 0 [5080/10000 (51%)] Unweighted L_s : L_Mnfld: 0.00096,  L_NonMnfld: 0.02627,  L_Nrml: 0.00000,  L_Eknl: 0.11661, L_Morse: 2.72894

Weights: [7000.0, 600.0, 0, 50.0, 0.0, 0.1], lr=5.000e-05
Epoch: 0 [5090/10000 (51%)] Loss: 28.53490 = L_Mnfld: 6.61704 + L_NonMnfld: 16.04073 + L_Nrml: 0.00000 + L_Eknl: 5.58926 + L_Div: 0.00000 + L_Morse: 0.28788
Epoch: 0 [5090/10000 (51%)] Unweighted L_s : L_Mnfld: 0.00095,  L_NonMnfld: 0.02673,  L_Nrml: 0.00000,  L_Eknl: 0.11179, L_Morse: 2.87880

Weights: [7000.0, 600.0, 0, 50.0, 0.0, 0.1], lr=5.000e-05
Epoch: 0 [5100/10000 (51%)] Loss: 28.82011 = L_Mnfld: 6.66438 + L_NonMnfld: 16.14516 + L_Nrml: 0.00000 + L_Eknl: 5.74816 + L_Div: 0.00000 + L_Morse: 0.26242
Epoch: 0 [5100/10000 (51%)] Unweighted L_s : L_Mnfld: 0.00095,  L_NonMnfld: 0.02691,  L_Nrml: 0.00000,  L_Eknl: 0.11496, L_Morse: 2.62416

Weights: [7000.0, 600.0, 0, 50.0, 0.0, 0.1], lr=5.000e-05
Epoch: 0 [5110/10000 (51%)] Loss: 29.37717 = L_Mnfld: 6.58063 + L_NonMnfld: 16.75886 + L_Nrml: 0.00000 + L_Eknl: 5.77302 + L_Div: 0.00000 + L_Morse: 0.26466
Epoch: 0 [5110/10000 (51%)] Unweighted L_s : L_Mnfld: 0.00094,  L_NonMnfld: 0.02793,  L_Nrml: 0.00000,  L_Eknl: 0.11546, L_Morse: 2.64661

Weights: [7000.0, 600.0, 0, 50.0, 0.0, 0.1], lr=5.000e-05
Epoch: 0 [5120/10000 (51%)] Loss: 29.24756 = L_Mnfld: 7.61354 + L_NonMnfld: 15.49427 + L_Nrml: 0.00000 + L_Eknl: 5.86776 + L_Div: 0.00000 + L_Morse: 0.27200
Epoch: 0 [5120/10000 (51%)] Unweighted L_s : L_Mnfld: 0.00109,  L_NonMnfld: 0.02582,  L_Nrml: 0.00000,  L_Eknl: 0.11736, L_Morse: 2.71995

Weights: [7000.0, 600.0, 0, 50.0, 0.0, 0.1], lr=5.000e-05
Epoch: 0 [5130/10000 (51%)] Loss: 29.64780 = L_Mnfld: 6.90674 + L_NonMnfld: 16.78488 + L_Nrml: 0.00000 + L_Eknl: 5.68381 + L_Div: 0.00000 + L_Morse: 0.27238
Epoch: 0 [5130/10000 (51%)] Unweighted L_s : L_Mnfld: 0.00099,  L_NonMnfld: 0.02797,  L_Nrml: 0.00000,  L_Eknl: 0.11368, L_Morse: 2.72376

Weights: [7000.0, 600.0, 0, 50.0, 0.0, 0.1], lr=5.000e-05
Epoch: 0 [5140/10000 (51%)] Loss: 28.29288 = L_Mnfld: 7.55411 + L_NonMnfld: 14.54712 + L_Nrml: 0.00000 + L_Eknl: 5.91151 + L_Div: 0.00000 + L_Morse: 0.28015
Epoch: 0 [5140/10000 (51%)] Unweighted L_s : L_Mnfld: 0.00108,  L_NonMnfld: 0.02425,  L_Nrml: 0.00000,  L_Eknl: 0.11823, L_Morse: 2.80150

Weights: [7000.0, 600.0, 0, 50.0, 0.0, 0.1], lr=5.000e-05
Epoch: 0 [5150/10000 (52%)] Loss: 28.50225 = L_Mnfld: 7.01537 + L_NonMnfld: 15.60707 + L_Nrml: 0.00000 + L_Eknl: 5.60097 + L_Div: 0.00000 + L_Morse: 0.27885
Epoch: 0 [5150/10000 (52%)] Unweighted L_s : L_Mnfld: 0.00100,  L_NonMnfld: 0.02601,  L_Nrml: 0.00000,  L_Eknl: 0.11202, L_Morse: 2.78854

Weights: [7000.0, 600.0, 0, 50.0, 0.0, 0.1], lr=5.000e-05
Epoch: 0 [5160/10000 (52%)] Loss: 28.68029 = L_Mnfld: 6.97327 + L_NonMnfld: 15.82277 + L_Nrml: 0.00000 + L_Eknl: 5.59102 + L_Div: 0.00000 + L_Morse: 0.29323
Epoch: 0 [5160/10000 (52%)] Unweighted L_s : L_Mnfld: 0.00100,  L_NonMnfld: 0.02637,  L_Nrml: 0.00000,  L_Eknl: 0.11182, L_Morse: 2.93232

Weights: [7000.0, 600.0, 0, 50.0, 0.0, 0.1], lr=5.000e-05
Epoch: 0 [5170/10000 (52%)] Loss: 29.57609 = L_Mnfld: 7.45418 + L_NonMnfld: 16.14355 + L_Nrml: 0.00000 + L_Eknl: 5.67908 + L_Div: 0.00000 + L_Morse: 0.29927
Epoch: 0 [5170/10000 (52%)] Unweighted L_s : L_Mnfld: 0.00106,  L_NonMnfld: 0.02691,  L_Nrml: 0.00000,  L_Eknl: 0.11358, L_Morse: 2.99271

Weights: [7000.0, 600.0, 0, 50.0, 0.0, 0.1], lr=5.000e-05
Epoch: 0 [5180/10000 (52%)] Loss: 29.49312 = L_Mnfld: 7.62516 + L_NonMnfld: 15.98285 + L_Nrml: 0.00000 + L_Eknl: 5.59893 + L_Div: 0.00000 + L_Morse: 0.28619
Epoch: 0 [5180/10000 (52%)] Unweighted L_s : L_Mnfld: 0.00109,  L_NonMnfld: 0.02664,  L_Nrml: 0.00000,  L_Eknl: 0.11198, L_Morse: 2.86190

Weights: [7000.0, 600.0, 0, 50.0, 0.0, 0.1], lr=5.000e-05
Epoch: 0 [5190/10000 (52%)] Loss: 29.91584 = L_Mnfld: 7.39673 + L_NonMnfld: 16.43016 + L_Nrml: 0.00000 + L_Eknl: 5.78922 + L_Div: 0.00000 + L_Morse: 0.29972
Epoch: 0 [5190/10000 (52%)] Unweighted L_s : L_Mnfld: 0.00106,  L_NonMnfld: 0.02738,  L_Nrml: 0.00000,  L_Eknl: 0.11578, L_Morse: 2.99724

Weights: [7000.0, 600.0, 0, 50.0, 0.0, 0.1], lr=5.000e-05
Epoch: 0 [5200/10000 (52%)] Loss: 28.58528 = L_Mnfld: 7.10035 + L_NonMnfld: 15.55674 + L_Nrml: 0.00000 + L_Eknl: 5.62313 + L_Div: 0.00000 + L_Morse: 0.30506
Epoch: 0 [5200/10000 (52%)] Unweighted L_s : L_Mnfld: 0.00101,  L_NonMnfld: 0.02593,  L_Nrml: 0.00000,  L_Eknl: 0.11246, L_Morse: 3.05057

Weights: [7000.0, 600.0, 0, 50.0, 0.0, 0.1], lr=5.000e-05
Epoch: 0 [5210/10000 (52%)] Loss: 28.87897 = L_Mnfld: 7.23135 + L_NonMnfld: 15.71937 + L_Nrml: 0.00000 + L_Eknl: 5.63617 + L_Div: 0.00000 + L_Morse: 0.29207
Epoch: 0 [5210/10000 (52%)] Unweighted L_s : L_Mnfld: 0.00103,  L_NonMnfld: 0.02620,  L_Nrml: 0.00000,  L_Eknl: 0.11272, L_Morse: 2.92073

Weights: [7000.0, 600.0, 0, 50.0, 0.0, 0.1], lr=5.000e-05
Epoch: 0 [5220/10000 (52%)] Loss: 28.48347 = L_Mnfld: 7.24314 + L_NonMnfld: 15.14116 + L_Nrml: 0.00000 + L_Eknl: 5.80601 + L_Div: 0.00000 + L_Morse: 0.29316
Epoch: 0 [5220/10000 (52%)] Unweighted L_s : L_Mnfld: 0.00103,  L_NonMnfld: 0.02524,  L_Nrml: 0.00000,  L_Eknl: 0.11612, L_Morse: 2.93155

Weights: [7000.0, 600.0, 0, 50.0, 0.0, 0.1], lr=5.000e-05
Epoch: 0 [5230/10000 (52%)] Loss: 29.16378 = L_Mnfld: 6.43705 + L_NonMnfld: 16.65296 + L_Nrml: 0.00000 + L_Eknl: 5.77984 + L_Div: 0.00000 + L_Morse: 0.29392
Epoch: 0 [5230/10000 (52%)] Unweighted L_s : L_Mnfld: 0.00092,  L_NonMnfld: 0.02775,  L_Nrml: 0.00000,  L_Eknl: 0.11560, L_Morse: 2.93923

Weights: [7000.0, 600.0, 0, 50.0, 0.0, 0.1], lr=5.000e-05
Epoch: 0 [5240/10000 (52%)] Loss: 28.97144 = L_Mnfld: 7.12029 + L_NonMnfld: 15.60148 + L_Nrml: 0.00000 + L_Eknl: 5.93343 + L_Div: 0.00000 + L_Morse: 0.31624
Epoch: 0 [5240/10000 (52%)] Unweighted L_s : L_Mnfld: 0.00102,  L_NonMnfld: 0.02600,  L_Nrml: 0.00000,  L_Eknl: 0.11867, L_Morse: 3.16245

Weights: [7000.0, 600.0, 0, 50.0, 0.0, 0.1], lr=5.000e-05
Epoch: 0 [5250/10000 (52%)] Loss: 27.85911 = L_Mnfld: 6.50702 + L_NonMnfld: 15.30741 + L_Nrml: 0.00000 + L_Eknl: 5.73709 + L_Div: 0.00000 + L_Morse: 0.30759
Epoch: 0 [5250/10000 (52%)] Unweighted L_s : L_Mnfld: 0.00093,  L_NonMnfld: 0.02551,  L_Nrml: 0.00000,  L_Eknl: 0.11474, L_Morse: 3.07590

Weights: [7000.0, 600.0, 0, 50.0, 0.0, 0.1], lr=5.000e-05
Epoch: 0 [5260/10000 (53%)] Loss: 26.55222 = L_Mnfld: 6.37466 + L_NonMnfld: 14.45987 + L_Nrml: 0.00000 + L_Eknl: 5.41024 + L_Div: 0.00000 + L_Morse: 0.30745
Epoch: 0 [5260/10000 (53%)] Unweighted L_s : L_Mnfld: 0.00091,  L_NonMnfld: 0.02410,  L_Nrml: 0.00000,  L_Eknl: 0.10820, L_Morse: 3.07446

Weights: [7000.0, 600.0, 0, 50.0, 0.0, 0.1], lr=5.000e-05
Epoch: 0 [5270/10000 (53%)] Loss: 27.69283 = L_Mnfld: 6.13494 + L_NonMnfld: 15.83139 + L_Nrml: 0.00000 + L_Eknl: 5.42096 + L_Div: 0.00000 + L_Morse: 0.30554
Epoch: 0 [5270/10000 (53%)] Unweighted L_s : L_Mnfld: 0.00088,  L_NonMnfld: 0.02639,  L_Nrml: 0.00000,  L_Eknl: 0.10842, L_Morse: 3.05543

Weights: [7000.0, 600.0, 0, 50.0, 0.0, 0.1], lr=5.000e-05
Epoch: 0 [5280/10000 (53%)] Loss: 27.78491 = L_Mnfld: 6.35546 + L_NonMnfld: 15.47006 + L_Nrml: 0.00000 + L_Eknl: 5.64918 + L_Div: 0.00000 + L_Morse: 0.31022
Epoch: 0 [5280/10000 (53%)] Unweighted L_s : L_Mnfld: 0.00091,  L_NonMnfld: 0.02578,  L_Nrml: 0.00000,  L_Eknl: 0.11298, L_Morse: 3.10218

Weights: [7000.0, 600.0, 0, 50.0, 0.0, 0.1], lr=5.000e-05
Epoch: 0 [5290/10000 (53%)] Loss: 28.60526 = L_Mnfld: 6.01126 + L_NonMnfld: 16.80177 + L_Nrml: 0.00000 + L_Eknl: 5.48012 + L_Div: 0.00000 + L_Morse: 0.31211
Epoch: 0 [5290/10000 (53%)] Unweighted L_s : L_Mnfld: 0.00086,  L_NonMnfld: 0.02800,  L_Nrml: 0.00000,  L_Eknl: 0.10960, L_Morse: 3.12110

Weights: [7000.0, 600.0, 0, 50.0, 0.0, 0.1], lr=5.000e-05
Epoch: 0 [5300/10000 (53%)] Loss: 27.93080 = L_Mnfld: 6.42627 + L_NonMnfld: 15.59766 + L_Nrml: 0.00000 + L_Eknl: 5.58764 + L_Div: 0.00000 + L_Morse: 0.31923
Epoch: 0 [5300/10000 (53%)] Unweighted L_s : L_Mnfld: 0.00092,  L_NonMnfld: 0.02600,  L_Nrml: 0.00000,  L_Eknl: 0.11175, L_Morse: 3.19235

Weights: [7000.0, 600.0, 0, 50.0, 0.0, 0.1], lr=5.000e-05
Epoch: 0 [5310/10000 (53%)] Loss: 26.17227 = L_Mnfld: 6.08099 + L_NonMnfld: 14.27266 + L_Nrml: 0.00000 + L_Eknl: 5.50475 + L_Div: 0.00000 + L_Morse: 0.31386
Epoch: 0 [5310/10000 (53%)] Unweighted L_s : L_Mnfld: 0.00087,  L_NonMnfld: 0.02379,  L_Nrml: 0.00000,  L_Eknl: 0.11010, L_Morse: 3.13862

Weights: [7000.0, 600.0, 0, 50.0, 0.0, 0.1], lr=5.000e-05
Epoch: 0 [5320/10000 (53%)] Loss: 27.49500 = L_Mnfld: 6.66685 + L_NonMnfld: 15.09951 + L_Nrml: 0.00000 + L_Eknl: 5.40944 + L_Div: 0.00000 + L_Morse: 0.31920
Epoch: 0 [5320/10000 (53%)] Unweighted L_s : L_Mnfld: 0.00095,  L_NonMnfld: 0.02517,  L_Nrml: 0.00000,  L_Eknl: 0.10819, L_Morse: 3.19201

Weights: [7000.0, 600.0, 0, 50.0, 0.0, 0.1], lr=5.000e-05
Epoch: 0 [5330/10000 (53%)] Loss: 27.66596 = L_Mnfld: 6.36565 + L_NonMnfld: 15.61141 + L_Nrml: 0.00000 + L_Eknl: 5.39350 + L_Div: 0.00000 + L_Morse: 0.29540
Epoch: 0 [5330/10000 (53%)] Unweighted L_s : L_Mnfld: 0.00091,  L_NonMnfld: 0.02602,  L_Nrml: 0.00000,  L_Eknl: 0.10787, L_Morse: 2.95396

Weights: [7000.0, 600.0, 0, 50.0, 0.0, 0.1], lr=5.000e-05
Epoch: 0 [5340/10000 (53%)] Loss: 28.64425 = L_Mnfld: 6.50391 + L_NonMnfld: 16.46273 + L_Nrml: 0.00000 + L_Eknl: 5.36423 + L_Div: 0.00000 + L_Morse: 0.31338
Epoch: 0 [5340/10000 (53%)] Unweighted L_s : L_Mnfld: 0.00093,  L_NonMnfld: 0.02744,  L_Nrml: 0.00000,  L_Eknl: 0.10728, L_Morse: 3.13375

Weights: [7000.0, 600.0, 0, 50.0, 0.0, 0.1], lr=5.000e-05
Epoch: 0 [5350/10000 (54%)] Loss: 27.95300 = L_Mnfld: 6.58282 + L_NonMnfld: 15.53648 + L_Nrml: 0.00000 + L_Eknl: 5.51641 + L_Div: 0.00000 + L_Morse: 0.31729
Epoch: 0 [5350/10000 (54%)] Unweighted L_s : L_Mnfld: 0.00094,  L_NonMnfld: 0.02589,  L_Nrml: 0.00000,  L_Eknl: 0.11033, L_Morse: 3.17287

Weights: [7000.0, 600.0, 0, 50.0, 0.0, 0.1], lr=5.000e-05
Epoch: 0 [5360/10000 (54%)] Loss: 28.15568 = L_Mnfld: 6.48031 + L_NonMnfld: 15.82409 + L_Nrml: 0.00000 + L_Eknl: 5.54501 + L_Div: 0.00000 + L_Morse: 0.30628
Epoch: 0 [5360/10000 (54%)] Unweighted L_s : L_Mnfld: 0.00093,  L_NonMnfld: 0.02637,  L_Nrml: 0.00000,  L_Eknl: 0.11090, L_Morse: 3.06276

Weights: [7000.0, 600.0, 0, 50.0, 0.0, 0.1], lr=5.000e-05
Epoch: 0 [5370/10000 (54%)] Loss: 28.11618 = L_Mnfld: 6.69659 + L_NonMnfld: 15.45409 + L_Nrml: 0.00000 + L_Eknl: 5.64435 + L_Div: 0.00000 + L_Morse: 0.32115
Epoch: 0 [5370/10000 (54%)] Unweighted L_s : L_Mnfld: 0.00096,  L_NonMnfld: 0.02576,  L_Nrml: 0.00000,  L_Eknl: 0.11289, L_Morse: 3.21147

Weights: [7000.0, 600.0, 0, 50.0, 0.0, 0.1], lr=5.000e-05
Epoch: 0 [5380/10000 (54%)] Loss: 28.60135 = L_Mnfld: 6.47537 + L_NonMnfld: 16.26690 + L_Nrml: 0.00000 + L_Eknl: 5.53006 + L_Div: 0.00000 + L_Morse: 0.32901
Epoch: 0 [5380/10000 (54%)] Unweighted L_s : L_Mnfld: 0.00093,  L_NonMnfld: 0.02711,  L_Nrml: 0.00000,  L_Eknl: 0.11060, L_Morse: 3.29011

Weights: [7000.0, 600.0, 0, 50.0, 0.0, 0.1], lr=5.000e-05
Epoch: 0 [5390/10000 (54%)] Loss: 27.80423 = L_Mnfld: 6.42878 + L_NonMnfld: 15.70438 + L_Nrml: 0.00000 + L_Eknl: 5.35685 + L_Div: 0.00000 + L_Morse: 0.31422
Epoch: 0 [5390/10000 (54%)] Unweighted L_s : L_Mnfld: 0.00092,  L_NonMnfld: 0.02617,  L_Nrml: 0.00000,  L_Eknl: 0.10714, L_Morse: 3.14219

Weights: [7000.0, 600.0, 0, 50.0, 0.0, 0.1], lr=5.000e-05
Epoch: 0 [5400/10000 (54%)] Loss: 27.31701 = L_Mnfld: 6.63390 + L_NonMnfld: 14.95183 + L_Nrml: 0.00000 + L_Eknl: 5.41049 + L_Div: 0.00000 + L_Morse: 0.32080
Epoch: 0 [5400/10000 (54%)] Unweighted L_s : L_Mnfld: 0.00095,  L_NonMnfld: 0.02492,  L_Nrml: 0.00000,  L_Eknl: 0.10821, L_Morse: 3.20797

Weights: [7000.0, 600.0, 0, 50.0, 0.0, 0.1], lr=5.000e-05
Epoch: 0 [5410/10000 (54%)] Loss: 26.27110 = L_Mnfld: 6.14941 + L_NonMnfld: 14.47024 + L_Nrml: 0.00000 + L_Eknl: 5.32390 + L_Div: 0.00000 + L_Morse: 0.32755
Epoch: 0 [5410/10000 (54%)] Unweighted L_s : L_Mnfld: 0.00088,  L_NonMnfld: 0.02412,  L_Nrml: 0.00000,  L_Eknl: 0.10648, L_Morse: 3.27547

Weights: [7000.0, 600.0, 0, 50.0, 0.0, 0.1], lr=5.000e-05
Epoch: 0 [5420/10000 (54%)] Loss: 27.24459 = L_Mnfld: 6.35908 + L_NonMnfld: 15.24079 + L_Nrml: 0.00000 + L_Eknl: 5.31325 + L_Div: 0.00000 + L_Morse: 0.33145
Epoch: 0 [5420/10000 (54%)] Unweighted L_s : L_Mnfld: 0.00091,  L_NonMnfld: 0.02540,  L_Nrml: 0.00000,  L_Eknl: 0.10627, L_Morse: 3.31455

Weights: [7000.0, 600.0, 0, 50.0, 0.0, 0.1], lr=5.000e-05
Epoch: 0 [5430/10000 (54%)] Loss: 27.18764 = L_Mnfld: 6.31943 + L_NonMnfld: 15.05125 + L_Nrml: 0.00000 + L_Eknl: 5.49245 + L_Div: 0.00000 + L_Morse: 0.32451
Epoch: 0 [5430/10000 (54%)] Unweighted L_s : L_Mnfld: 0.00090,  L_NonMnfld: 0.02509,  L_Nrml: 0.00000,  L_Eknl: 0.10985, L_Morse: 3.24512

Weights: [7000.0, 600.0, 0, 50.0, 0.0, 0.1], lr=5.000e-05
Epoch: 0 [5440/10000 (54%)] Loss: 27.78995 = L_Mnfld: 6.86912 + L_NonMnfld: 15.07471 + L_Nrml: 0.00000 + L_Eknl: 5.53626 + L_Div: 0.00000 + L_Morse: 0.30985
Epoch: 0 [5440/10000 (54%)] Unweighted L_s : L_Mnfld: 0.00098,  L_NonMnfld: 0.02512,  L_Nrml: 0.00000,  L_Eknl: 0.11073, L_Morse: 3.09851

Weights: [7000.0, 600.0, 0, 50.0, 0.0, 0.1], lr=5.000e-05
Epoch: 0 [5450/10000 (54%)] Loss: 28.03737 = L_Mnfld: 6.54827 + L_NonMnfld: 15.84202 + L_Nrml: 0.00000 + L_Eknl: 5.30799 + L_Div: 0.00000 + L_Morse: 0.33909
Epoch: 0 [5450/10000 (54%)] Unweighted L_s : L_Mnfld: 0.00094,  L_NonMnfld: 0.02640,  L_Nrml: 0.00000,  L_Eknl: 0.10616, L_Morse: 3.39086

Weights: [7000.0, 600.0, 0, 50.0, 0.0, 0.1], lr=5.000e-05
Epoch: 0 [5460/10000 (55%)] Loss: 27.10398 = L_Mnfld: 6.68256 + L_NonMnfld: 14.74146 + L_Nrml: 0.00000 + L_Eknl: 5.34376 + L_Div: 0.00000 + L_Morse: 0.33620
Epoch: 0 [5460/10000 (55%)] Unweighted L_s : L_Mnfld: 0.00095,  L_NonMnfld: 0.02457,  L_Nrml: 0.00000,  L_Eknl: 0.10688, L_Morse: 3.36204

Weights: [7000.0, 600.0, 0, 50.0, 0.0, 0.1], lr=5.000e-05
Epoch: 0 [5470/10000 (55%)] Loss: 27.16988 = L_Mnfld: 6.38867 + L_NonMnfld: 15.08616 + L_Nrml: 0.00000 + L_Eknl: 5.36076 + L_Div: 0.00000 + L_Morse: 0.33430
Epoch: 0 [5470/10000 (55%)] Unweighted L_s : L_Mnfld: 0.00091,  L_NonMnfld: 0.02514,  L_Nrml: 0.00000,  L_Eknl: 0.10722, L_Morse: 3.34295

Weights: [7000.0, 600.0, 0, 50.0, 0.0, 0.1], lr=5.000e-05
Epoch: 0 [5480/10000 (55%)] Loss: 27.44657 = L_Mnfld: 6.58912 + L_NonMnfld: 15.07767 + L_Nrml: 0.00000 + L_Eknl: 5.44886 + L_Div: 0.00000 + L_Morse: 0.33092
Epoch: 0 [5480/10000 (55%)] Unweighted L_s : L_Mnfld: 0.00094,  L_NonMnfld: 0.02513,  L_Nrml: 0.00000,  L_Eknl: 0.10898, L_Morse: 3.30918

Weights: [7000.0, 600.0, 0, 50.0, 0.0, 0.1], lr=5.000e-05
Epoch: 0 [5490/10000 (55%)] Loss: 27.93297 = L_Mnfld: 6.42701 + L_NonMnfld: 15.80095 + L_Nrml: 0.00000 + L_Eknl: 5.37096 + L_Div: 0.00000 + L_Morse: 0.33405
Epoch: 0 [5490/10000 (55%)] Unweighted L_s : L_Mnfld: 0.00092,  L_NonMnfld: 0.02633,  L_Nrml: 0.00000,  L_Eknl: 0.10742, L_Morse: 3.34052

Weights: [7000.0, 600.0, 0, 50.0, 0.0, 0.1], lr=5.000e-05
Epoch: 0 [5500/10000 (55%)] Loss: 27.41384 = L_Mnfld: 6.03215 + L_NonMnfld: 15.62256 + L_Nrml: 0.00000 + L_Eknl: 5.41921 + L_Div: 0.00000 + L_Morse: 0.33993
Epoch: 0 [5500/10000 (55%)] Unweighted L_s : L_Mnfld: 0.00086,  L_NonMnfld: 0.02604,  L_Nrml: 0.00000,  L_Eknl: 0.10838, L_Morse: 3.39926

Weights: [7000.0, 600.0, 0, 50.0, 0.0, 0.1], lr=5.000e-05
Epoch: 0 [5510/10000 (55%)] Loss: 27.97473 = L_Mnfld: 6.40140 + L_NonMnfld: 15.83508 + L_Nrml: 0.00000 + L_Eknl: 5.39127 + L_Div: 0.00000 + L_Morse: 0.34697
Epoch: 0 [5510/10000 (55%)] Unweighted L_s : L_Mnfld: 0.00091,  L_NonMnfld: 0.02639,  L_Nrml: 0.00000,  L_Eknl: 0.10783, L_Morse: 3.46974

Weights: [7000.0, 600.0, 0, 50.0, 0.0, 0.1], lr=5.000e-05
Epoch: 0 [5520/10000 (55%)] Loss: 27.97985 = L_Mnfld: 6.17600 + L_NonMnfld: 16.24849 + L_Nrml: 0.00000 + L_Eknl: 5.20430 + L_Div: 0.00000 + L_Morse: 0.35107
Epoch: 0 [5520/10000 (55%)] Unweighted L_s : L_Mnfld: 0.00088,  L_NonMnfld: 0.02708,  L_Nrml: 0.00000,  L_Eknl: 0.10409, L_Morse: 3.51065

Weights: [7000.0, 600.0, 0, 50.0, 0.0, 0.1], lr=5.000e-05
Epoch: 0 [5530/10000 (55%)] Loss: 28.59344 = L_Mnfld: 6.70295 + L_NonMnfld: 16.21159 + L_Nrml: 0.00000 + L_Eknl: 5.32683 + L_Div: 0.00000 + L_Morse: 0.35207
Epoch: 0 [5530/10000 (55%)] Unweighted L_s : L_Mnfld: 0.00096,  L_NonMnfld: 0.02702,  L_Nrml: 0.00000,  L_Eknl: 0.10654, L_Morse: 3.52075

Weights: [7000.0, 600.0, 0, 50.0, 0.0, 0.1], lr=5.000e-05
Epoch: 0 [5540/10000 (55%)] Loss: 28.15534 = L_Mnfld: 7.36525 + L_NonMnfld: 14.59358 + L_Nrml: 0.00000 + L_Eknl: 5.86131 + L_Div: 0.00000 + L_Morse: 0.33519
Epoch: 0 [5540/10000 (55%)] Unweighted L_s : L_Mnfld: 0.00105,  L_NonMnfld: 0.02432,  L_Nrml: 0.00000,  L_Eknl: 0.11723, L_Morse: 3.35192

Weights: [7000.0, 600.0, 0, 50.0, 0.0, 0.1], lr=5.000e-05
Epoch: 0 [5550/10000 (56%)] Loss: 29.11076 = L_Mnfld: 7.33399 + L_NonMnfld: 15.91045 + L_Nrml: 0.00000 + L_Eknl: 5.52349 + L_Div: 0.00000 + L_Morse: 0.34283
Epoch: 0 [5550/10000 (56%)] Unweighted L_s : L_Mnfld: 0.00105,  L_NonMnfld: 0.02652,  L_Nrml: 0.00000,  L_Eknl: 0.11047, L_Morse: 3.42831

Weights: [7000.0, 600.0, 0, 50.0, 0.0, 0.1], lr=5.000e-05
Epoch: 0 [5560/10000 (56%)] Loss: 28.39343 = L_Mnfld: 7.11669 + L_NonMnfld: 15.52952 + L_Nrml: 0.00000 + L_Eknl: 5.41275 + L_Div: 0.00000 + L_Morse: 0.33448
Epoch: 0 [5560/10000 (56%)] Unweighted L_s : L_Mnfld: 0.00102,  L_NonMnfld: 0.02588,  L_Nrml: 0.00000,  L_Eknl: 0.10825, L_Morse: 3.34476

Weights: [7000.0, 600.0, 0, 50.0, 0.0, 0.1], lr=5.000e-05
Epoch: 0 [5570/10000 (56%)] Loss: 27.68286 = L_Mnfld: 6.58048 + L_NonMnfld: 15.50572 + L_Nrml: 0.00000 + L_Eknl: 5.25955 + L_Div: 0.00000 + L_Morse: 0.33710
Epoch: 0 [5570/10000 (56%)] Unweighted L_s : L_Mnfld: 0.00094,  L_NonMnfld: 0.02584,  L_Nrml: 0.00000,  L_Eknl: 0.10519, L_Morse: 3.37104

Weights: [7000.0, 600.0, 0, 50.0, 0.0, 0.1], lr=5.000e-05
Epoch: 0 [5580/10000 (56%)] Loss: 28.41197 = L_Mnfld: 6.62651 + L_NonMnfld: 16.15042 + L_Nrml: 0.00000 + L_Eknl: 5.27867 + L_Div: 0.00000 + L_Morse: 0.35637
Epoch: 0 [5580/10000 (56%)] Unweighted L_s : L_Mnfld: 0.00095,  L_NonMnfld: 0.02692,  L_Nrml: 0.00000,  L_Eknl: 0.10557, L_Morse: 3.56368

Weights: [7000.0, 600.0, 0, 50.0, 0.0, 0.1], lr=5.000e-05
Epoch: 0 [5590/10000 (56%)] Loss: 28.21702 = L_Mnfld: 6.76508 + L_NonMnfld: 15.71564 + L_Nrml: 0.00000 + L_Eknl: 5.37722 + L_Div: 0.00000 + L_Morse: 0.35907
Epoch: 0 [5590/10000 (56%)] Unweighted L_s : L_Mnfld: 0.00097,  L_NonMnfld: 0.02619,  L_Nrml: 0.00000,  L_Eknl: 0.10754, L_Morse: 3.59074

Weights: [7000.0, 600.0, 0, 50.0, 0.0, 0.1], lr=5.000e-05
Epoch: 0 [5600/10000 (56%)] Loss: 28.33462 = L_Mnfld: 6.62281 + L_NonMnfld: 15.85216 + L_Nrml: 0.00000 + L_Eknl: 5.50456 + L_Div: 0.00000 + L_Morse: 0.35509
Epoch: 0 [5600/10000 (56%)] Unweighted L_s : L_Mnfld: 0.00095,  L_NonMnfld: 0.02642,  L_Nrml: 0.00000,  L_Eknl: 0.11009, L_Morse: 3.55095

Weights: [7000.0, 600.0, 0, 50.0, 0.0, 0.1], lr=5.000e-05
Epoch: 0 [5610/10000 (56%)] Loss: 28.12318 = L_Mnfld: 6.48112 + L_NonMnfld: 15.85312 + L_Nrml: 0.00000 + L_Eknl: 5.45732 + L_Div: 0.00000 + L_Morse: 0.33163
Epoch: 0 [5610/10000 (56%)] Unweighted L_s : L_Mnfld: 0.00093,  L_NonMnfld: 0.02642,  L_Nrml: 0.00000,  L_Eknl: 0.10915, L_Morse: 3.31626

Weights: [7000.0, 600.0, 0, 50.0, 0.0, 0.1], lr=5.000e-05
Epoch: 0 [5620/10000 (56%)] Loss: 27.72203 = L_Mnfld: 6.52779 + L_NonMnfld: 15.62463 + L_Nrml: 0.00000 + L_Eknl: 5.23161 + L_Div: 0.00000 + L_Morse: 0.33799
Epoch: 0 [5620/10000 (56%)] Unweighted L_s : L_Mnfld: 0.00093,  L_NonMnfld: 0.02604,  L_Nrml: 0.00000,  L_Eknl: 0.10463, L_Morse: 3.37987

Weights: [7000.0, 600.0, 0, 50.0, 0.0, 0.1], lr=5.000e-05
Epoch: 0 [5630/10000 (56%)] Loss: 27.80362 = L_Mnfld: 6.39134 + L_NonMnfld: 15.86694 + L_Nrml: 0.00000 + L_Eknl: 5.20961 + L_Div: 0.00000 + L_Morse: 0.33573
Epoch: 0 [5630/10000 (56%)] Unweighted L_s : L_Mnfld: 0.00091,  L_NonMnfld: 0.02644,  L_Nrml: 0.00000,  L_Eknl: 0.10419, L_Morse: 3.35728

Weights: [7000.0, 600.0, 0, 50.0, 0.0, 0.1], lr=5.000e-05
Epoch: 0 [5640/10000 (56%)] Loss: 27.34819 = L_Mnfld: 6.69861 + L_NonMnfld: 14.89445 + L_Nrml: 0.00000 + L_Eknl: 5.39339 + L_Div: 0.00000 + L_Morse: 0.36174
Epoch: 0 [5640/10000 (56%)] Unweighted L_s : L_Mnfld: 0.00096,  L_NonMnfld: 0.02482,  L_Nrml: 0.00000,  L_Eknl: 0.10787, L_Morse: 3.61739

Weights: [7000.0, 600.0, 0, 50.0, 0.0, 0.1], lr=5.000e-05
Epoch: 0 [5650/10000 (56%)] Loss: 27.36006 = L_Mnfld: 6.63378 + L_NonMnfld: 15.15531 + L_Nrml: 0.00000 + L_Eknl: 5.23491 + L_Div: 0.00000 + L_Morse: 0.33606
Epoch: 0 [5650/10000 (56%)] Unweighted L_s : L_Mnfld: 0.00095,  L_NonMnfld: 0.02526,  L_Nrml: 0.00000,  L_Eknl: 0.10470, L_Morse: 3.36055

Weights: [7000.0, 600.0, 0, 50.0, 0.0, 0.1], lr=5.000e-05
Epoch: 0 [5660/10000 (57%)] Loss: 28.87761 = L_Mnfld: 6.61850 + L_NonMnfld: 16.64378 + L_Nrml: 0.00000 + L_Eknl: 5.25572 + L_Div: 0.00000 + L_Morse: 0.35960
Epoch: 0 [5660/10000 (57%)] Unweighted L_s : L_Mnfld: 0.00095,  L_NonMnfld: 0.02774,  L_Nrml: 0.00000,  L_Eknl: 0.10511, L_Morse: 3.59602

Weights: [7000.0, 600.0, 0, 50.0, 0.0, 0.1], lr=5.000e-05
Epoch: 0 [5670/10000 (57%)] Loss: 27.36235 = L_Mnfld: 6.28891 + L_NonMnfld: 15.53822 + L_Nrml: 0.00000 + L_Eknl: 5.18154 + L_Div: 0.00000 + L_Morse: 0.35369
Epoch: 0 [5670/10000 (57%)] Unweighted L_s : L_Mnfld: 0.00090,  L_NonMnfld: 0.02590,  L_Nrml: 0.00000,  L_Eknl: 0.10363, L_Morse: 3.53687

Weights: [7000.0, 600.0, 0, 50.0, 0.0, 0.1], lr=5.000e-05
Epoch: 0 [5680/10000 (57%)] Loss: 27.90621 = L_Mnfld: 6.81396 + L_NonMnfld: 15.46533 + L_Nrml: 0.00000 + L_Eknl: 5.28222 + L_Div: 0.00000 + L_Morse: 0.34470
Epoch: 0 [5680/10000 (57%)] Unweighted L_s : L_Mnfld: 0.00097,  L_NonMnfld: 0.02578,  L_Nrml: 0.00000,  L_Eknl: 0.10564, L_Morse: 3.44702

Weights: [7000.0, 600.0, 0, 50.0, 0.0, 0.1], lr=5.000e-05
Epoch: 0 [5690/10000 (57%)] Loss: 27.58748 = L_Mnfld: 6.64429 + L_NonMnfld: 15.35091 + L_Nrml: 0.00000 + L_Eknl: 5.24300 + L_Div: 0.00000 + L_Morse: 0.34927
Epoch: 0 [5690/10000 (57%)] Unweighted L_s : L_Mnfld: 0.00095,  L_NonMnfld: 0.02558,  L_Nrml: 0.00000,  L_Eknl: 0.10486, L_Morse: 3.49272

Weights: [7000.0, 600.0, 0, 50.0, 0.0, 0.1], lr=5.000e-05
Epoch: 0 [5700/10000 (57%)] Loss: 28.35626 = L_Mnfld: 6.75094 + L_NonMnfld: 16.00528 + L_Nrml: 0.00000 + L_Eknl: 5.24278 + L_Div: 0.00000 + L_Morse: 0.35726
Epoch: 0 [5700/10000 (57%)] Unweighted L_s : L_Mnfld: 0.00096,  L_NonMnfld: 0.02668,  L_Nrml: 0.00000,  L_Eknl: 0.10486, L_Morse: 3.57262

Weights: [7000.0, 600.0, 0, 50.0, 0.0, 0.1], lr=5.000e-05
Epoch: 0 [5710/10000 (57%)] Loss: 27.78207 = L_Mnfld: 5.98173 + L_NonMnfld: 16.28839 + L_Nrml: 0.00000 + L_Eknl: 5.13821 + L_Div: 0.00000 + L_Morse: 0.37374
Epoch: 0 [5710/10000 (57%)] Unweighted L_s : L_Mnfld: 0.00085,  L_NonMnfld: 0.02715,  L_Nrml: 0.00000,  L_Eknl: 0.10276, L_Morse: 3.73737

Weights: [7000.0, 600.0, 0, 50.0, 0.0, 0.1], lr=5.000e-05
Epoch: 0 [5720/10000 (57%)] Loss: 26.58398 = L_Mnfld: 6.43547 + L_NonMnfld: 14.52930 + L_Nrml: 0.00000 + L_Eknl: 5.27012 + L_Div: 0.00000 + L_Morse: 0.34910
Epoch: 0 [5720/10000 (57%)] Unweighted L_s : L_Mnfld: 0.00092,  L_NonMnfld: 0.02422,  L_Nrml: 0.00000,  L_Eknl: 0.10540, L_Morse: 3.49096

Weights: [7000.0, 600.0, 0, 50.0, 0.0, 0.1], lr=5.000e-05
Epoch: 0 [5730/10000 (57%)] Loss: 28.55802 = L_Mnfld: 6.58503 + L_NonMnfld: 16.43093 + L_Nrml: 0.00000 + L_Eknl: 5.16965 + L_Div: 0.00000 + L_Morse: 0.37240
Epoch: 0 [5730/10000 (57%)] Unweighted L_s : L_Mnfld: 0.00094,  L_NonMnfld: 0.02738,  L_Nrml: 0.00000,  L_Eknl: 0.10339, L_Morse: 3.72404

Weights: [7000.0, 600.0, 0, 50.0, 0.0, 0.1], lr=5.000e-05
Epoch: 0 [5740/10000 (57%)] Loss: 27.28396 = L_Mnfld: 6.63194 + L_NonMnfld: 15.14978 + L_Nrml: 0.00000 + L_Eknl: 5.14249 + L_Div: 0.00000 + L_Morse: 0.35975
Epoch: 0 [5740/10000 (57%)] Unweighted L_s : L_Mnfld: 0.00095,  L_NonMnfld: 0.02525,  L_Nrml: 0.00000,  L_Eknl: 0.10285, L_Morse: 3.59751

Weights: [7000.0, 600.0, 0, 50.0, 0.0, 0.1], lr=5.000e-05
Epoch: 0 [5750/10000 (58%)] Loss: 27.59570 = L_Mnfld: 6.63977 + L_NonMnfld: 15.38346 + L_Nrml: 0.00000 + L_Eknl: 5.20773 + L_Div: 0.00000 + L_Morse: 0.36473
Epoch: 0 [5750/10000 (58%)] Unweighted L_s : L_Mnfld: 0.00095,  L_NonMnfld: 0.02564,  L_Nrml: 0.00000,  L_Eknl: 0.10415, L_Morse: 3.64735

Weights: [7000.0, 600.0, 0, 50.0, 0.0, 0.1], lr=5.000e-05
Epoch: 0 [5760/10000 (58%)] Loss: 27.39174 = L_Mnfld: 7.16878 + L_NonMnfld: 14.65627 + L_Nrml: 0.00000 + L_Eknl: 5.19501 + L_Div: 0.00000 + L_Morse: 0.37168
Epoch: 0 [5760/10000 (58%)] Unweighted L_s : L_Mnfld: 0.00102,  L_NonMnfld: 0.02443,  L_Nrml: 0.00000,  L_Eknl: 0.10390, L_Morse: 3.71679

Weights: [7000.0, 600.0, 0, 50.0, 0.0, 0.1], lr=5.000e-05
Epoch: 0 [5770/10000 (58%)] Loss: 28.39552 = L_Mnfld: 6.56840 + L_NonMnfld: 16.13429 + L_Nrml: 0.00000 + L_Eknl: 5.32697 + L_Div: 0.00000 + L_Morse: 0.36585
Epoch: 0 [5770/10000 (58%)] Unweighted L_s : L_Mnfld: 0.00094,  L_NonMnfld: 0.02689,  L_Nrml: 0.00000,  L_Eknl: 0.10654, L_Morse: 3.65854

Weights: [7000.0, 600.0, 0, 50.0, 0.0, 0.1], lr=5.000e-05
Epoch: 0 [5780/10000 (58%)] Loss: 26.10306 = L_Mnfld: 6.84426 + L_NonMnfld: 13.61687 + L_Nrml: 0.00000 + L_Eknl: 5.26565 + L_Div: 0.00000 + L_Morse: 0.37628
Epoch: 0 [5780/10000 (58%)] Unweighted L_s : L_Mnfld: 0.00098,  L_NonMnfld: 0.02269,  L_Nrml: 0.00000,  L_Eknl: 0.10531, L_Morse: 3.76283

Weights: [7000.0, 600.0, 0, 50.0, 0.0, 0.1], lr=5.000e-05
Epoch: 0 [5790/10000 (58%)] Loss: 28.40301 = L_Mnfld: 6.69827 + L_NonMnfld: 16.16295 + L_Nrml: 0.00000 + L_Eknl: 5.17383 + L_Div: 0.00000 + L_Morse: 0.36797
Epoch: 0 [5790/10000 (58%)] Unweighted L_s : L_Mnfld: 0.00096,  L_NonMnfld: 0.02694,  L_Nrml: 0.00000,  L_Eknl: 0.10348, L_Morse: 3.67967

Weights: [7000.0, 600.0, 0, 50.0, 0.0, 0.1], lr=5.000e-05
Epoch: 0 [5800/10000 (58%)] Loss: 27.26560 = L_Mnfld: 6.76065 + L_NonMnfld: 14.95607 + L_Nrml: 0.00000 + L_Eknl: 5.16921 + L_Div: 0.00000 + L_Morse: 0.37967
Epoch: 0 [5800/10000 (58%)] Unweighted L_s : L_Mnfld: 0.00097,  L_NonMnfld: 0.02493,  L_Nrml: 0.00000,  L_Eknl: 0.10338, L_Morse: 3.79670

Weights: [7000.0, 600.0, 0, 50.0, 0.0, 0.1], lr=5.000e-05
Epoch: 0 [5810/10000 (58%)] Loss: 27.85662 = L_Mnfld: 6.66221 + L_NonMnfld: 15.47729 + L_Nrml: 0.00000 + L_Eknl: 5.34932 + L_Div: 0.00000 + L_Morse: 0.36780
Epoch: 0 [5810/10000 (58%)] Unweighted L_s : L_Mnfld: 0.00095,  L_NonMnfld: 0.02580,  L_Nrml: 0.00000,  L_Eknl: 0.10699, L_Morse: 3.67802

Weights: [7000.0, 600.0, 0, 50.0, 0.0, 0.1], lr=5.000e-05
Epoch: 0 [5820/10000 (58%)] Loss: 28.66195 = L_Mnfld: 7.30602 + L_NonMnfld: 15.75196 + L_Nrml: 0.00000 + L_Eknl: 5.23736 + L_Div: 0.00000 + L_Morse: 0.36662
Epoch: 0 [5820/10000 (58%)] Unweighted L_s : L_Mnfld: 0.00104,  L_NonMnfld: 0.02625,  L_Nrml: 0.00000,  L_Eknl: 0.10475, L_Morse: 3.66616

Weights: [7000.0, 600.0, 0, 50.0, 0.0, 0.1], lr=5.000e-05
Epoch: 0 [5830/10000 (58%)] Loss: 28.60778 = L_Mnfld: 7.09088 + L_NonMnfld: 15.66043 + L_Nrml: 0.00000 + L_Eknl: 5.47738 + L_Div: 0.00000 + L_Morse: 0.37909
Epoch: 0 [5830/10000 (58%)] Unweighted L_s : L_Mnfld: 0.00101,  L_NonMnfld: 0.02610,  L_Nrml: 0.00000,  L_Eknl: 0.10955, L_Morse: 3.79089

Weights: [7000.0, 600.0, 0, 50.0, 0.0, 0.1], lr=5.000e-05
Epoch: 0 [5840/10000 (58%)] Loss: 26.82520 = L_Mnfld: 7.07094 + L_NonMnfld: 13.96114 + L_Nrml: 0.00000 + L_Eknl: 5.44360 + L_Div: 0.00000 + L_Morse: 0.34951
Epoch: 0 [5840/10000 (58%)] Unweighted L_s : L_Mnfld: 0.00101,  L_NonMnfld: 0.02327,  L_Nrml: 0.00000,  L_Eknl: 0.10887, L_Morse: 3.49514

Weights: [7000.0, 600.0, 0, 50.0, 0.0, 0.1], lr=5.000e-05
Epoch: 0 [5850/10000 (58%)] Loss: 27.60298 = L_Mnfld: 6.42511 + L_NonMnfld: 15.62021 + L_Nrml: 0.00000 + L_Eknl: 5.18929 + L_Div: 0.00000 + L_Morse: 0.36837
Epoch: 0 [5850/10000 (58%)] Unweighted L_s : L_Mnfld: 0.00092,  L_NonMnfld: 0.02603,  L_Nrml: 0.00000,  L_Eknl: 0.10379, L_Morse: 3.68371

Weights: [7000.0, 600.0, 0, 50.0, 0.0, 0.1], lr=5.000e-05
Epoch: 0 [5860/10000 (59%)] Loss: 28.57632 = L_Mnfld: 6.80414 + L_NonMnfld: 16.11199 + L_Nrml: 0.00000 + L_Eknl: 5.26940 + L_Div: 0.00000 + L_Morse: 0.39079
Epoch: 0 [5860/10000 (59%)] Unweighted L_s : L_Mnfld: 0.00097,  L_NonMnfld: 0.02685,  L_Nrml: 0.00000,  L_Eknl: 0.10539, L_Morse: 3.90786

Weights: [7000.0, 600.0, 0, 50.0, 0.0, 0.1], lr=5.000e-05
Epoch: 0 [5870/10000 (59%)] Loss: 26.34298 = L_Mnfld: 6.36643 + L_NonMnfld: 14.41470 + L_Nrml: 0.00000 + L_Eknl: 5.17597 + L_Div: 0.00000 + L_Morse: 0.38588
Epoch: 0 [5870/10000 (59%)] Unweighted L_s : L_Mnfld: 0.00091,  L_NonMnfld: 0.02402,  L_Nrml: 0.00000,  L_Eknl: 0.10352, L_Morse: 3.85880

Weights: [7000.0, 600.0, 0, 50.0, 0.0, 0.1], lr=5.000e-05
Epoch: 0 [5880/10000 (59%)] Loss: 28.12868 = L_Mnfld: 6.53427 + L_NonMnfld: 16.00237 + L_Nrml: 0.00000 + L_Eknl: 5.20644 + L_Div: 0.00000 + L_Morse: 0.38559
Epoch: 0 [5880/10000 (59%)] Unweighted L_s : L_Mnfld: 0.00093,  L_NonMnfld: 0.02667,  L_Nrml: 0.00000,  L_Eknl: 0.10413, L_Morse: 3.85594

Weights: [7000.0, 600.0, 0, 50.0, 0.0, 0.1], lr=5.000e-05
Epoch: 0 [5890/10000 (59%)] Loss: 27.39081 = L_Mnfld: 6.82181 + L_NonMnfld: 15.17043 + L_Nrml: 0.00000 + L_Eknl: 5.03740 + L_Div: 0.00000 + L_Morse: 0.36117
Epoch: 0 [5890/10000 (59%)] Unweighted L_s : L_Mnfld: 0.00097,  L_NonMnfld: 0.02528,  L_Nrml: 0.00000,  L_Eknl: 0.10075, L_Morse: 3.61165

Weights: [7000.0, 600.0, 0, 50.0, 0.0, 0.1], lr=5.000e-05
Epoch: 0 [5900/10000 (59%)] Loss: 27.52744 = L_Mnfld: 6.96797 + L_NonMnfld: 14.82846 + L_Nrml: 0.00000 + L_Eknl: 5.29554 + L_Div: 0.00000 + L_Morse: 0.43547
Epoch: 0 [5900/10000 (59%)] Unweighted L_s : L_Mnfld: 0.00100,  L_NonMnfld: 0.02471,  L_Nrml: 0.00000,  L_Eknl: 0.10591, L_Morse: 4.35467

Weights: [7000.0, 600.0, 0, 50.0, 0.0, 0.1], lr=5.000e-05
Epoch: 0 [5910/10000 (59%)] Loss: 28.36927 = L_Mnfld: 7.34961 + L_NonMnfld: 15.27635 + L_Nrml: 0.00000 + L_Eknl: 5.36864 + L_Div: 0.00000 + L_Morse: 0.37466
Epoch: 0 [5910/10000 (59%)] Unweighted L_s : L_Mnfld: 0.00105,  L_NonMnfld: 0.02546,  L_Nrml: 0.00000,  L_Eknl: 0.10737, L_Morse: 3.74660

Weights: [7000.0, 600.0, 0, 50.0, 0.0, 0.1], lr=5.000e-05
Epoch: 0 [5920/10000 (59%)] Loss: 30.06817 = L_Mnfld: 7.70759 + L_NonMnfld: 16.59478 + L_Nrml: 0.00000 + L_Eknl: 5.38906 + L_Div: 0.00000 + L_Morse: 0.37675
Epoch: 0 [5920/10000 (59%)] Unweighted L_s : L_Mnfld: 0.00110,  L_NonMnfld: 0.02766,  L_Nrml: 0.00000,  L_Eknl: 0.10778, L_Morse: 3.76745

Weights: [7000.0, 600.0, 0, 50.0, 0.0, 0.1], lr=5.000e-05
Epoch: 0 [5930/10000 (59%)] Loss: 29.07277 = L_Mnfld: 7.44203 + L_NonMnfld: 15.91599 + L_Nrml: 0.00000 + L_Eknl: 5.34060 + L_Div: 0.00000 + L_Morse: 0.37415
Epoch: 0 [5930/10000 (59%)] Unweighted L_s : L_Mnfld: 0.00106,  L_NonMnfld: 0.02653,  L_Nrml: 0.00000,  L_Eknl: 0.10681, L_Morse: 3.74150

Weights: [7000.0, 600.0, 0, 50.0, 0.0, 0.1], lr=5.000e-05
Epoch: 0 [5940/10000 (59%)] Loss: 29.08208 = L_Mnfld: 8.01333 + L_NonMnfld: 15.42631 + L_Nrml: 0.00000 + L_Eknl: 5.25900 + L_Div: 0.00000 + L_Morse: 0.38345
Epoch: 0 [5940/10000 (59%)] Unweighted L_s : L_Mnfld: 0.00114,  L_NonMnfld: 0.02571,  L_Nrml: 0.00000,  L_Eknl: 0.10518, L_Morse: 3.83446

Weights: [7000.0, 600.0, 0, 50.0, 0.0, 0.1], lr=5.000e-05
Epoch: 0 [5950/10000 (60%)] Loss: 28.29940 = L_Mnfld: 7.41685 + L_NonMnfld: 15.24848 + L_Nrml: 0.00000 + L_Eknl: 5.25369 + L_Div: 0.00000 + L_Morse: 0.38038
Epoch: 0 [5950/10000 (60%)] Unweighted L_s : L_Mnfld: 0.00106,  L_NonMnfld: 0.02541,  L_Nrml: 0.00000,  L_Eknl: 0.10507, L_Morse: 3.80378

Weights: [7000.0, 600.0, 0, 50.0, 0.0, 0.1], lr=5.000e-05
Epoch: 0 [5960/10000 (60%)] Loss: 28.90060 = L_Mnfld: 7.47933 + L_NonMnfld: 15.62512 + L_Nrml: 0.00000 + L_Eknl: 5.41258 + L_Div: 0.00000 + L_Morse: 0.38357
Epoch: 0 [5960/10000 (60%)] Unweighted L_s : L_Mnfld: 0.00107,  L_NonMnfld: 0.02604,  L_Nrml: 0.00000,  L_Eknl: 0.10825, L_Morse: 3.83574

Weights: [7000.0, 600.0, 0, 50.0, 0.0, 0.1], lr=5.000e-05
Epoch: 0 [5970/10000 (60%)] Loss: 28.01758 = L_Mnfld: 7.20263 + L_NonMnfld: 15.12208 + L_Nrml: 0.00000 + L_Eknl: 5.31510 + L_Div: 0.00000 + L_Morse: 0.37777
Epoch: 0 [5970/10000 (60%)] Unweighted L_s : L_Mnfld: 0.00103,  L_NonMnfld: 0.02520,  L_Nrml: 0.00000,  L_Eknl: 0.10630, L_Morse: 3.77774

Weights: [7000.0, 600.0, 0, 50.0, 0.0, 0.1], lr=5.000e-05
Epoch: 0 [5980/10000 (60%)] Loss: 28.46242 = L_Mnfld: 7.20000 + L_NonMnfld: 15.68394 + L_Nrml: 0.00000 + L_Eknl: 5.20080 + L_Div: 0.00000 + L_Morse: 0.37768
Epoch: 0 [5980/10000 (60%)] Unweighted L_s : L_Mnfld: 0.00103,  L_NonMnfld: 0.02614,  L_Nrml: 0.00000,  L_Eknl: 0.10402, L_Morse: 3.77679

Weights: [7000.0, 600.0, 0, 50.0, 0.0, 0.1], lr=5.000e-05
Epoch: 0 [5990/10000 (60%)] Loss: 27.54387 = L_Mnfld: 6.65124 + L_NonMnfld: 15.32138 + L_Nrml: 0.00000 + L_Eknl: 5.21364 + L_Div: 0.00000 + L_Morse: 0.35761
Epoch: 0 [5990/10000 (60%)] Unweighted L_s : L_Mnfld: 0.00095,  L_NonMnfld: 0.02554,  L_Nrml: 0.00000,  L_Eknl: 0.10427, L_Morse: 3.57610

Weights: [7000.0, 600.0, 0, 50.0, 0.0, 0.1], lr=5.000e-05
Epoch: 0 [6000/10000 (60%)] Loss: 28.47255 = L_Mnfld: 6.81863 + L_NonMnfld: 16.29191 + L_Nrml: 0.00000 + L_Eknl: 4.98698 + L_Div: 0.00000 + L_Morse: 0.37503
Epoch: 0 [6000/10000 (60%)] Unweighted L_s : L_Mnfld: 0.00097,  L_NonMnfld: 0.02715,  L_Nrml: 0.00000,  L_Eknl: 0.09974, L_Morse: 3.75035

Weights: [7000.0, 600.0, 0, 50.0, 0.0, 0.1], lr=5.000e-05
Epoch: 0 [6010/10000 (60%)] Loss: 27.92058 = L_Mnfld: 7.07691 + L_NonMnfld: 15.39991 + L_Nrml: 0.00000 + L_Eknl: 5.05194 + L_Div: 0.00000 + L_Morse: 0.39182
Epoch: 0 [6010/10000 (60%)] Unweighted L_s : L_Mnfld: 0.00101,  L_NonMnfld: 0.02567,  L_Nrml: 0.00000,  L_Eknl: 0.10104, L_Morse: 3.91820

Weights: [7000.0, 600.0, 0, 50.0, 0.0, 0.1], lr=5.000e-05
Epoch: 0 [6020/10000 (60%)] Loss: 28.66058 = L_Mnfld: 7.20243 + L_NonMnfld: 15.54316 + L_Nrml: 0.00000 + L_Eknl: 5.52280 + L_Div: 0.00000 + L_Morse: 0.39219
Epoch: 0 [6020/10000 (60%)] Unweighted L_s : L_Mnfld: 0.00103,  L_NonMnfld: 0.02591,  L_Nrml: 0.00000,  L_Eknl: 0.11046, L_Morse: 3.92195

Weights: [7000.0, 600.0, 0, 50.0, 0.0, 0.1], lr=5.000e-05
Epoch: 0 [6030/10000 (60%)] Loss: 28.32634 = L_Mnfld: 7.30945 + L_NonMnfld: 15.39211 + L_Nrml: 0.00000 + L_Eknl: 5.23815 + L_Div: 0.00000 + L_Morse: 0.38663
Epoch: 0 [6030/10000 (60%)] Unweighted L_s : L_Mnfld: 0.00104,  L_NonMnfld: 0.02565,  L_Nrml: 0.00000,  L_Eknl: 0.10476, L_Morse: 3.86633

Weights: [7000.0, 600.0, 0, 50.0, 0.0, 0.1], lr=5.000e-05
Epoch: 0 [6040/10000 (60%)] Loss: 27.70836 = L_Mnfld: 7.36138 + L_NonMnfld: 14.49904 + L_Nrml: 0.00000 + L_Eknl: 5.46364 + L_Div: 0.00000 + L_Morse: 0.38430
Epoch: 0 [6040/10000 (60%)] Unweighted L_s : L_Mnfld: 0.00105,  L_NonMnfld: 0.02417,  L_Nrml: 0.00000,  L_Eknl: 0.10927, L_Morse: 3.84296

Weights: [7000.0, 600.0, 0, 50.0, 0.0, 0.1], lr=5.000e-05
Epoch: 0 [6050/10000 (60%)] Loss: 28.14647 = L_Mnfld: 6.96623 + L_NonMnfld: 15.53564 + L_Nrml: 0.00000 + L_Eknl: 5.24369 + L_Div: 0.00000 + L_Morse: 0.40091
Epoch: 0 [6050/10000 (60%)] Unweighted L_s : L_Mnfld: 0.00100,  L_NonMnfld: 0.02589,  L_Nrml: 0.00000,  L_Eknl: 0.10487, L_Morse: 4.00911

Weights: [7000.0, 600.0, 0, 50.0, 0.0, 0.1], lr=5.000e-05
Epoch: 0 [6060/10000 (61%)] Loss: 27.58967 = L_Mnfld: 7.14832 + L_NonMnfld: 14.95633 + L_Nrml: 0.00000 + L_Eknl: 5.10018 + L_Div: 0.00000 + L_Morse: 0.38484
Epoch: 0 [6060/10000 (61%)] Unweighted L_s : L_Mnfld: 0.00102,  L_NonMnfld: 0.02493,  L_Nrml: 0.00000,  L_Eknl: 0.10200, L_Morse: 3.84839

Weights: [7000.0, 600.0, 0, 50.0, 0.0, 0.1], lr=5.000e-05
Epoch: 0 [6070/10000 (61%)] Loss: 26.40974 = L_Mnfld: 6.56563 + L_NonMnfld: 14.42282 + L_Nrml: 0.00000 + L_Eknl: 5.02678 + L_Div: 0.00000 + L_Morse: 0.39451
Epoch: 0 [6070/10000 (61%)] Unweighted L_s : L_Mnfld: 0.00094,  L_NonMnfld: 0.02404,  L_Nrml: 0.00000,  L_Eknl: 0.10054, L_Morse: 3.94506

Weights: [7000.0, 600.0, 0, 50.0, 0.0, 0.1], lr=5.000e-05
Epoch: 0 [6080/10000 (61%)] Loss: 27.81933 = L_Mnfld: 6.18369 + L_NonMnfld: 16.12608 + L_Nrml: 0.00000 + L_Eknl: 5.12940 + L_Div: 0.00000 + L_Morse: 0.38015
Epoch: 0 [6080/10000 (61%)] Unweighted L_s : L_Mnfld: 0.00088,  L_NonMnfld: 0.02688,  L_Nrml: 0.00000,  L_Eknl: 0.10259, L_Morse: 3.80155

Weights: [7000.0, 600.0, 0, 50.0, 0.0, 0.1], lr=5.000e-05
Epoch: 0 [6090/10000 (61%)] Loss: 28.68677 = L_Mnfld: 6.37521 + L_NonMnfld: 16.74558 + L_Nrml: 0.00000 + L_Eknl: 5.14002 + L_Div: 0.00000 + L_Morse: 0.42597
Epoch: 0 [6090/10000 (61%)] Unweighted L_s : L_Mnfld: 0.00091,  L_NonMnfld: 0.02791,  L_Nrml: 0.00000,  L_Eknl: 0.10280, L_Morse: 4.25969

Weights: [7000.0, 600.0, 0, 50.0, 0.0, 0.1], lr=5.000e-05
Epoch: 0 [6100/10000 (61%)] Loss: 28.54842 = L_Mnfld: 6.38377 + L_NonMnfld: 16.55421 + L_Nrml: 0.00000 + L_Eknl: 5.19844 + L_Div: 0.00000 + L_Morse: 0.41201
Epoch: 0 [6100/10000 (61%)] Unweighted L_s : L_Mnfld: 0.00091,  L_NonMnfld: 0.02759,  L_Nrml: 0.00000,  L_Eknl: 0.10397, L_Morse: 4.12009

Weights: [7000.0, 600.0, 0, 50.0, 0.0, 0.1], lr=5.000e-05
Epoch: 0 [6110/10000 (61%)] Loss: 26.38567 = L_Mnfld: 6.73089 + L_NonMnfld: 14.12648 + L_Nrml: 0.00000 + L_Eknl: 5.12214 + L_Div: 0.00000 + L_Morse: 0.40616
Epoch: 0 [6110/10000 (61%)] Unweighted L_s : L_Mnfld: 0.00096,  L_NonMnfld: 0.02354,  L_Nrml: 0.00000,  L_Eknl: 0.10244, L_Morse: 4.06161

Weights: [7000.0, 600.0, 0, 50.0, 0.0, 0.1], lr=5.000e-05
Epoch: 0 [6120/10000 (61%)] Loss: 28.06575 = L_Mnfld: 6.64988 + L_NonMnfld: 15.84025 + L_Nrml: 0.00000 + L_Eknl: 5.19314 + L_Div: 0.00000 + L_Morse: 0.38248
Epoch: 0 [6120/10000 (61%)] Unweighted L_s : L_Mnfld: 0.00095,  L_NonMnfld: 0.02640,  L_Nrml: 0.00000,  L_Eknl: 0.10386, L_Morse: 3.82477

Weights: [7000.0, 600.0, 0, 50.0, 0.0, 0.1], lr=5.000e-05
Epoch: 0 [6130/10000 (61%)] Loss: 27.93259 = L_Mnfld: 6.87078 + L_NonMnfld: 15.67662 + L_Nrml: 0.00000 + L_Eknl: 5.01331 + L_Div: 0.00000 + L_Morse: 0.37188
Epoch: 0 [6130/10000 (61%)] Unweighted L_s : L_Mnfld: 0.00098,  L_NonMnfld: 0.02613,  L_Nrml: 0.00000,  L_Eknl: 0.10027, L_Morse: 3.71883

Weights: [7000.0, 600.0, 0, 50.0, 0.0, 0.1], lr=5.000e-05
Epoch: 0 [6140/10000 (61%)] Loss: 28.74337 = L_Mnfld: 6.32546 + L_NonMnfld: 16.93361 + L_Nrml: 0.00000 + L_Eknl: 5.07161 + L_Div: 0.00000 + L_Morse: 0.41270
Epoch: 0 [6140/10000 (61%)] Unweighted L_s : L_Mnfld: 0.00090,  L_NonMnfld: 0.02822,  L_Nrml: 0.00000,  L_Eknl: 0.10143, L_Morse: 4.12700

Weights: [7000.0, 600.0, 0, 50.0, 0.0, 0.1], lr=5.000e-05
Epoch: 0 [6150/10000 (62%)] Loss: 27.76932 = L_Mnfld: 6.87389 + L_NonMnfld: 15.37586 + L_Nrml: 0.00000 + L_Eknl: 5.14142 + L_Div: 0.00000 + L_Morse: 0.37814
Epoch: 0 [6150/10000 (62%)] Unweighted L_s : L_Mnfld: 0.00098,  L_NonMnfld: 0.02563,  L_Nrml: 0.00000,  L_Eknl: 0.10283, L_Morse: 3.78142

Weights: [7000.0, 600.0, 0, 50.0, 0.0, 0.1], lr=5.000e-05
Epoch: 0 [6160/10000 (62%)] Loss: 27.24219 = L_Mnfld: 6.77837 + L_NonMnfld: 14.83279 + L_Nrml: 0.00000 + L_Eknl: 5.22929 + L_Div: 0.00000 + L_Morse: 0.40174
Epoch: 0 [6160/10000 (62%)] Unweighted L_s : L_Mnfld: 0.00097,  L_NonMnfld: 0.02472,  L_Nrml: 0.00000,  L_Eknl: 0.10459, L_Morse: 4.01740

Weights: [7000.0, 600.0, 0, 50.0, 0.0, 0.1], lr=5.000e-05
Epoch: 0 [6170/10000 (62%)] Loss: 29.59475 = L_Mnfld: 6.72704 + L_NonMnfld: 17.25271 + L_Nrml: 0.00000 + L_Eknl: 5.19613 + L_Div: 0.00000 + L_Morse: 0.41887
Epoch: 0 [6170/10000 (62%)] Unweighted L_s : L_Mnfld: 0.00096,  L_NonMnfld: 0.02875,  L_Nrml: 0.00000,  L_Eknl: 0.10392, L_Morse: 4.18869

Weights: [7000.0, 600.0, 0, 50.0, 0.0, 0.1], lr=5.000e-05
Epoch: 0 [6180/10000 (62%)] Loss: 28.53856 = L_Mnfld: 6.70183 + L_NonMnfld: 16.30487 + L_Nrml: 0.00000 + L_Eknl: 5.12235 + L_Div: 0.00000 + L_Morse: 0.40950
Epoch: 0 [6180/10000 (62%)] Unweighted L_s : L_Mnfld: 0.00096,  L_NonMnfld: 0.02717,  L_Nrml: 0.00000,  L_Eknl: 0.10245, L_Morse: 4.09504

Weights: [7000.0, 600.0, 0, 50.0, 0.0, 0.1], lr=5.000e-05
Epoch: 0 [6190/10000 (62%)] Loss: 28.72216 = L_Mnfld: 6.44109 + L_NonMnfld: 16.67009 + L_Nrml: 0.00000 + L_Eknl: 5.19887 + L_Div: 0.00000 + L_Morse: 0.41211
Epoch: 0 [6190/10000 (62%)] Unweighted L_s : L_Mnfld: 0.00092,  L_NonMnfld: 0.02778,  L_Nrml: 0.00000,  L_Eknl: 0.10398, L_Morse: 4.12112

Weights: [7000.0, 600.0, 0, 50.0, 0.0, 0.1], lr=5.000e-05
Epoch: 0 [6200/10000 (62%)] Loss: 26.92872 = L_Mnfld: 6.56620 + L_NonMnfld: 14.95695 + L_Nrml: 0.00000 + L_Eknl: 5.01834 + L_Div: 0.00000 + L_Morse: 0.38722
Epoch: 0 [6200/10000 (62%)] Unweighted L_s : L_Mnfld: 0.00094,  L_NonMnfld: 0.02493,  L_Nrml: 0.00000,  L_Eknl: 0.10037, L_Morse: 3.87224

Weights: [7000.0, 600.0, 0, 50.0, 0.0, 0.1], lr=5.000e-05
Epoch: 0 [6210/10000 (62%)] Loss: 27.64405 = L_Mnfld: 6.17959 + L_NonMnfld: 15.95284 + L_Nrml: 0.00000 + L_Eknl: 5.08815 + L_Div: 0.00000 + L_Morse: 0.42347
Epoch: 0 [6210/10000 (62%)] Unweighted L_s : L_Mnfld: 0.00088,  L_NonMnfld: 0.02659,  L_Nrml: 0.00000,  L_Eknl: 0.10176, L_Morse: 4.23470

Weights: [7000.0, 600.0, 0, 50.0, 0.0, 0.1], lr=5.000e-05
Epoch: 0 [6220/10000 (62%)] Loss: 26.48759 = L_Mnfld: 6.41687 + L_NonMnfld: 14.53132 + L_Nrml: 0.00000 + L_Eknl: 5.14057 + L_Div: 0.00000 + L_Morse: 0.39882
Epoch: 0 [6220/10000 (62%)] Unweighted L_s : L_Mnfld: 0.00092,  L_NonMnfld: 0.02422,  L_Nrml: 0.00000,  L_Eknl: 0.10281, L_Morse: 3.98823

Weights: [7000.0, 600.0, 0, 50.0, 0.0, 0.1], lr=5.000e-05
Epoch: 0 [6230/10000 (62%)] Loss: 27.32245 = L_Mnfld: 6.57580 + L_NonMnfld: 15.15056 + L_Nrml: 0.00000 + L_Eknl: 5.17652 + L_Div: 0.00000 + L_Morse: 0.41958
Epoch: 0 [6230/10000 (62%)] Unweighted L_s : L_Mnfld: 0.00094,  L_NonMnfld: 0.02525,  L_Nrml: 0.00000,  L_Eknl: 0.10353, L_Morse: 4.19577

Weights: [7000.0, 600.0, 0, 50.0, 0.0, 0.1], lr=5.000e-05
Epoch: 0 [6240/10000 (62%)] Loss: 26.73622 = L_Mnfld: 6.75239 + L_NonMnfld: 14.38493 + L_Nrml: 0.00000 + L_Eknl: 5.16046 + L_Div: 0.00000 + L_Morse: 0.43844
Epoch: 0 [6240/10000 (62%)] Unweighted L_s : L_Mnfld: 0.00096,  L_NonMnfld: 0.02397,  L_Nrml: 0.00000,  L_Eknl: 0.10321, L_Morse: 4.38443

Weights: [7000.0, 600.0, 0, 50.0, 0.0, 0.1], lr=5.000e-05
Epoch: 0 [6250/10000 (62%)] Loss: 26.85200 = L_Mnfld: 6.40841 + L_NonMnfld: 15.11917 + L_Nrml: 0.00000 + L_Eknl: 4.91830 + L_Div: 0.00000 + L_Morse: 0.40611
Epoch: 0 [6250/10000 (62%)] Unweighted L_s : L_Mnfld: 0.00092,  L_NonMnfld: 0.02520,  L_Nrml: 0.00000,  L_Eknl: 0.09837, L_Morse: 4.06112

Weights: [7000.0, 600.0, 0, 50.0, 0.0, 0.1], lr=5.000e-05
Epoch: 0 [6260/10000 (63%)] Loss: 26.20987 = L_Mnfld: 6.30823 + L_NonMnfld: 14.49934 + L_Nrml: 0.00000 + L_Eknl: 4.99722 + L_Div: 0.00000 + L_Morse: 0.40508
Epoch: 0 [6260/10000 (63%)] Unweighted L_s : L_Mnfld: 0.00090,  L_NonMnfld: 0.02417,  L_Nrml: 0.00000,  L_Eknl: 0.09994, L_Morse: 4.05077

Weights: [7000.0, 600.0, 0, 50.0, 0.0, 0.1], lr=5.000e-05
Epoch: 0 [6270/10000 (63%)] Loss: 27.31108 = L_Mnfld: 6.25096 + L_NonMnfld: 15.66221 + L_Nrml: 0.00000 + L_Eknl: 4.97697 + L_Div: 0.00000 + L_Morse: 0.42094
Epoch: 0 [6270/10000 (63%)] Unweighted L_s : L_Mnfld: 0.00089,  L_NonMnfld: 0.02610,  L_Nrml: 0.00000,  L_Eknl: 0.09954, L_Morse: 4.20944

Weights: [7000.0, 600.0, 0, 50.0, 0.0, 0.1], lr=5.000e-05
Epoch: 0 [6280/10000 (63%)] Loss: 26.76416 = L_Mnfld: 6.32222 + L_NonMnfld: 15.04361 + L_Nrml: 0.00000 + L_Eknl: 4.99185 + L_Div: 0.00000 + L_Morse: 0.40647
Epoch: 0 [6280/10000 (63%)] Unweighted L_s : L_Mnfld: 0.00090,  L_NonMnfld: 0.02507,  L_Nrml: 0.00000,  L_Eknl: 0.09984, L_Morse: 4.06473

Weights: [7000.0, 600.0, 0, 50.0, 0.0, 0.1], lr=5.000e-05
Epoch: 0 [6290/10000 (63%)] Loss: 27.11354 = L_Mnfld: 6.53670 + L_NonMnfld: 15.27222 + L_Nrml: 0.00000 + L_Eknl: 4.90831 + L_Div: 0.00000 + L_Morse: 0.39630
Epoch: 0 [6290/10000 (63%)] Unweighted L_s : L_Mnfld: 0.00093,  L_NonMnfld: 0.02545,  L_Nrml: 0.00000,  L_Eknl: 0.09817, L_Morse: 3.96300

Weights: [7000.0, 600.0, 0, 50.0, 0.0, 0.1], lr=5.000e-05
Epoch: 0 [6300/10000 (63%)] Loss: 26.07004 = L_Mnfld: 6.35082 + L_NonMnfld: 14.12665 + L_Nrml: 0.00000 + L_Eknl: 5.17228 + L_Div: 0.00000 + L_Morse: 0.42028
Epoch: 0 [6300/10000 (63%)] Unweighted L_s : L_Mnfld: 0.00091,  L_NonMnfld: 0.02354,  L_Nrml: 0.00000,  L_Eknl: 0.10345, L_Morse: 4.20281

Weights: [7000.0, 600.0, 0, 50.0, 0.0, 0.1], lr=5.000e-05
Epoch: 0 [6310/10000 (63%)] Loss: 26.74421 = L_Mnfld: 6.48491 + L_NonMnfld: 14.97475 + L_Nrml: 0.00000 + L_Eknl: 4.88189 + L_Div: 0.00000 + L_Morse: 0.40266
Epoch: 0 [6310/10000 (63%)] Unweighted L_s : L_Mnfld: 0.00093,  L_NonMnfld: 0.02496,  L_Nrml: 0.00000,  L_Eknl: 0.09764, L_Morse: 4.02658

Weights: [7000.0, 600.0, 0, 50.0, 0.0, 0.1], lr=5.000e-05
Epoch: 0 [6320/10000 (63%)] Loss: 26.56135 = L_Mnfld: 6.48141 + L_NonMnfld: 14.57192 + L_Nrml: 0.00000 + L_Eknl: 5.09560 + L_Div: 0.00000 + L_Morse: 0.41241
Epoch: 0 [6320/10000 (63%)] Unweighted L_s : L_Mnfld: 0.00093,  L_NonMnfld: 0.02429,  L_Nrml: 0.00000,  L_Eknl: 0.10191, L_Morse: 4.12406

Weights: [7000.0, 600.0, 0, 50.0, 0.0, 0.1], lr=5.000e-05
Epoch: 0 [6330/10000 (63%)] Loss: 26.78536 = L_Mnfld: 6.56162 + L_NonMnfld: 14.50379 + L_Nrml: 0.00000 + L_Eknl: 5.29034 + L_Div: 0.00000 + L_Morse: 0.42962
Epoch: 0 [6330/10000 (63%)] Unweighted L_s : L_Mnfld: 0.00094,  L_NonMnfld: 0.02417,  L_Nrml: 0.00000,  L_Eknl: 0.10581, L_Morse: 4.29617

Weights: [7000.0, 600.0, 0, 50.0, 0.0, 0.1], lr=5.000e-05
Epoch: 0 [6340/10000 (63%)] Loss: 26.99248 = L_Mnfld: 6.88299 + L_NonMnfld: 14.48235 + L_Nrml: 0.00000 + L_Eknl: 5.21562 + L_Div: 0.00000 + L_Morse: 0.41152
Epoch: 0 [6340/10000 (63%)] Unweighted L_s : L_Mnfld: 0.00098,  L_NonMnfld: 0.02414,  L_Nrml: 0.00000,  L_Eknl: 0.10431, L_Morse: 4.11520

Weights: [7000.0, 600.0, 0, 50.0, 0.0, 0.1], lr=5.000e-05
Epoch: 0 [6350/10000 (64%)] Loss: 26.51633 = L_Mnfld: 6.60914 + L_NonMnfld: 14.41782 + L_Nrml: 0.00000 + L_Eknl: 5.08110 + L_Div: 0.00000 + L_Morse: 0.40827
Epoch: 0 [6350/10000 (64%)] Unweighted L_s : L_Mnfld: 0.00094,  L_NonMnfld: 0.02403,  L_Nrml: 0.00000,  L_Eknl: 0.10162, L_Morse: 4.08274

Weights: [7000.0, 600.0, 0, 50.0, 0.0, 0.1], lr=5.000e-05
Epoch: 0 [6360/10000 (64%)] Loss: 26.92804 = L_Mnfld: 6.90654 + L_NonMnfld: 14.54364 + L_Nrml: 0.00000 + L_Eknl: 5.07849 + L_Div: 0.00000 + L_Morse: 0.39936
Epoch: 0 [6360/10000 (64%)] Unweighted L_s : L_Mnfld: 0.00099,  L_NonMnfld: 0.02424,  L_Nrml: 0.00000,  L_Eknl: 0.10157, L_Morse: 3.99365

Weights: [7000.0, 600.0, 0, 50.0, 0.0, 0.1], lr=5.000e-05
Epoch: 0 [6370/10000 (64%)] Loss: 27.09957 = L_Mnfld: 6.58571 + L_NonMnfld: 14.90925 + L_Nrml: 0.00000 + L_Eknl: 5.16501 + L_Div: 0.00000 + L_Morse: 0.43960
Epoch: 0 [6370/10000 (64%)] Unweighted L_s : L_Mnfld: 0.00094,  L_NonMnfld: 0.02485,  L_Nrml: 0.00000,  L_Eknl: 0.10330, L_Morse: 4.39596

Weights: [7000.0, 600.0, 0, 50.0, 0.0, 0.1], lr=5.000e-05
Epoch: 0 [6380/10000 (64%)] Loss: 27.03396 = L_Mnfld: 6.77237 + L_NonMnfld: 14.75061 + L_Nrml: 0.00000 + L_Eknl: 5.09637 + L_Div: 0.00000 + L_Morse: 0.41462
Epoch: 0 [6380/10000 (64%)] Unweighted L_s : L_Mnfld: 0.00097,  L_NonMnfld: 0.02458,  L_Nrml: 0.00000,  L_Eknl: 0.10193, L_Morse: 4.14615

Weights: [7000.0, 600.0, 0, 50.0, 0.0, 0.1], lr=5.000e-05
Epoch: 0 [6390/10000 (64%)] Loss: 27.15632 = L_Mnfld: 6.25726 + L_NonMnfld: 15.46342 + L_Nrml: 0.00000 + L_Eknl: 5.00028 + L_Div: 0.00000 + L_Morse: 0.43537
Epoch: 0 [6390/10000 (64%)] Unweighted L_s : L_Mnfld: 0.00089,  L_NonMnfld: 0.02577,  L_Nrml: 0.00000,  L_Eknl: 0.10001, L_Morse: 4.35365

Weights: [7000.0, 600.0, 0, 50.0, 0.0, 0.1], lr=5.000e-05
Epoch: 0 [6400/10000 (64%)] Loss: 26.66380 = L_Mnfld: 6.79825 + L_NonMnfld: 14.37319 + L_Nrml: 0.00000 + L_Eknl: 5.07417 + L_Div: 0.00000 + L_Morse: 0.41819
Epoch: 0 [6400/10000 (64%)] Unweighted L_s : L_Mnfld: 0.00097,  L_NonMnfld: 0.02396,  L_Nrml: 0.00000,  L_Eknl: 0.10148, L_Morse: 4.18191

Weights: [7000.0, 600.0, 0, 50.0, 0.0, 0.1], lr=5.000e-05
Epoch: 0 [6410/10000 (64%)] Loss: 26.67785 = L_Mnfld: 6.39874 + L_NonMnfld: 14.80570 + L_Nrml: 0.00000 + L_Eknl: 5.02642 + L_Div: 0.00000 + L_Morse: 0.44698
Epoch: 0 [6410/10000 (64%)] Unweighted L_s : L_Mnfld: 0.00091,  L_NonMnfld: 0.02468,  L_Nrml: 0.00000,  L_Eknl: 0.10053, L_Morse: 4.46983

Weights: [7000.0, 600.0, 0, 50.0, 0.0, 0.1], lr=5.000e-05
Epoch: 0 [6420/10000 (64%)] Loss: 27.91680 = L_Mnfld: 7.07971 + L_NonMnfld: 15.38432 + L_Nrml: 0.00000 + L_Eknl: 5.03555 + L_Div: 0.00000 + L_Morse: 0.41723
Epoch: 0 [6420/10000 (64%)] Unweighted L_s : L_Mnfld: 0.00101,  L_NonMnfld: 0.02564,  L_Nrml: 0.00000,  L_Eknl: 0.10071, L_Morse: 4.17225

Weights: [7000.0, 600.0, 0, 50.0, 0.0, 0.1], lr=5.000e-05
Epoch: 0 [6430/10000 (64%)] Loss: 28.11786 = L_Mnfld: 6.58310 + L_NonMnfld: 16.04107 + L_Nrml: 0.00000 + L_Eknl: 5.08084 + L_Div: 0.00000 + L_Morse: 0.41285
Epoch: 0 [6430/10000 (64%)] Unweighted L_s : L_Mnfld: 0.00094,  L_NonMnfld: 0.02674,  L_Nrml: 0.00000,  L_Eknl: 0.10162, L_Morse: 4.12850

Weights: [7000.0, 600.0, 0, 50.0, 0.0, 0.1], lr=5.000e-05
Epoch: 0 [6440/10000 (64%)] Loss: 26.08111 = L_Mnfld: 6.29277 + L_NonMnfld: 14.33349 + L_Nrml: 0.00000 + L_Eknl: 5.03365 + L_Div: 0.00000 + L_Morse: 0.42119
Epoch: 0 [6440/10000 (64%)] Unweighted L_s : L_Mnfld: 0.00090,  L_NonMnfld: 0.02389,  L_Nrml: 0.00000,  L_Eknl: 0.10067, L_Morse: 4.21194

Weights: [7000.0, 600.0, 0, 50.0, 0.0, 0.1], lr=5.000e-05
Epoch: 0 [6450/10000 (64%)] Loss: 26.69666 = L_Mnfld: 6.14385 + L_NonMnfld: 15.31174 + L_Nrml: 0.00000 + L_Eknl: 4.83890 + L_Div: 0.00000 + L_Morse: 0.40217
Epoch: 0 [6450/10000 (64%)] Unweighted L_s : L_Mnfld: 0.00088,  L_NonMnfld: 0.02552,  L_Nrml: 0.00000,  L_Eknl: 0.09678, L_Morse: 4.02172

Weights: [7000.0, 600.0, 0, 50.0, 0.0, 0.1], lr=5.000e-05
Epoch: 0 [6460/10000 (65%)] Loss: 28.26069 = L_Mnfld: 6.61350 + L_NonMnfld: 16.21868 + L_Nrml: 0.00000 + L_Eknl: 5.02067 + L_Div: 0.00000 + L_Morse: 0.40785
Epoch: 0 [6460/10000 (65%)] Unweighted L_s : L_Mnfld: 0.00094,  L_NonMnfld: 0.02703,  L_Nrml: 0.00000,  L_Eknl: 0.10041, L_Morse: 4.07846

Weights: [7000.0, 600.0, 0, 50.0, 0.0, 0.1], lr=5.000e-05
Epoch: 0 [6470/10000 (65%)] Loss: 26.16613 = L_Mnfld: 6.27231 + L_NonMnfld: 14.41370 + L_Nrml: 0.00000 + L_Eknl: 5.07642 + L_Div: 0.00000 + L_Morse: 0.40371
Epoch: 0 [6470/10000 (65%)] Unweighted L_s : L_Mnfld: 0.00090,  L_NonMnfld: 0.02402,  L_Nrml: 0.00000,  L_Eknl: 0.10153, L_Morse: 4.03707

Weights: [7000.0, 600.0, 0, 50.0, 0.0, 0.1], lr=5.000e-05
Epoch: 0 [6480/10000 (65%)] Loss: 27.02220 = L_Mnfld: 6.35404 + L_NonMnfld: 15.34076 + L_Nrml: 0.00000 + L_Eknl: 4.92556 + L_Div: 0.00000 + L_Morse: 0.40183
Epoch: 0 [6480/10000 (65%)] Unweighted L_s : L_Mnfld: 0.00091,  L_NonMnfld: 0.02557,  L_Nrml: 0.00000,  L_Eknl: 0.09851, L_Morse: 4.01827

Weights: [7000.0, 600.0, 0, 50.0, 0.0, 0.1], lr=5.000e-05
Epoch: 0 [6490/10000 (65%)] Loss: 26.77440 = L_Mnfld: 6.34489 + L_NonMnfld: 15.07136 + L_Nrml: 0.00000 + L_Eknl: 4.93543 + L_Div: 0.00000 + L_Morse: 0.42271
Epoch: 0 [6490/10000 (65%)] Unweighted L_s : L_Mnfld: 0.00091,  L_NonMnfld: 0.02512,  L_Nrml: 0.00000,  L_Eknl: 0.09871, L_Morse: 4.22715

Weights: [7000.0, 600.0, 0, 50.0, 0.0, 0.1], lr=5.000e-05
Epoch: 0 [6500/10000 (65%)] Loss: 27.48104 = L_Mnfld: 6.60314 + L_NonMnfld: 15.31852 + L_Nrml: 0.00000 + L_Eknl: 5.13361 + L_Div: 0.00000 + L_Morse: 0.42575
Epoch: 0 [6500/10000 (65%)] Unweighted L_s : L_Mnfld: 0.00094,  L_NonMnfld: 0.02553,  L_Nrml: 0.00000,  L_Eknl: 0.10267, L_Morse: 4.25752

Weights: [7000.0, 600.0, 0, 50.0, 0.0, 0.1], lr=5.000e-05
Epoch: 0 [6510/10000 (65%)] Loss: 26.55652 = L_Mnfld: 6.24086 + L_NonMnfld: 14.87626 + L_Nrml: 0.00000 + L_Eknl: 5.02241 + L_Div: 0.00000 + L_Morse: 0.41699
Epoch: 0 [6510/10000 (65%)] Unweighted L_s : L_Mnfld: 0.00089,  L_NonMnfld: 0.02479,  L_Nrml: 0.00000,  L_Eknl: 0.10045, L_Morse: 4.16987

Weights: [7000.0, 600.0, 0, 50.0, 0.0, 0.1], lr=5.000e-05
Epoch: 0 [6520/10000 (65%)] Loss: 27.48068 = L_Mnfld: 6.41707 + L_NonMnfld: 15.50365 + L_Nrml: 0.00000 + L_Eknl: 5.12987 + L_Div: 0.00000 + L_Morse: 0.43008
Epoch: 0 [6520/10000 (65%)] Unweighted L_s : L_Mnfld: 0.00092,  L_NonMnfld: 0.02584,  L_Nrml: 0.00000,  L_Eknl: 0.10260, L_Morse: 4.30084

Weights: [7000.0, 600.0, 0, 50.0, 0.0, 0.1], lr=5.000e-05
Epoch: 0 [6530/10000 (65%)] Loss: 27.02127 = L_Mnfld: 6.04437 + L_NonMnfld: 15.66721 + L_Nrml: 0.00000 + L_Eknl: 4.88322 + L_Div: 0.00000 + L_Morse: 0.42647
Epoch: 0 [6530/10000 (65%)] Unweighted L_s : L_Mnfld: 0.00086,  L_NonMnfld: 0.02611,  L_Nrml: 0.00000,  L_Eknl: 0.09766, L_Morse: 4.26470

Weights: [7000.0, 600.0, 0, 50.0, 0.0, 0.1], lr=5.000e-05
Epoch: 0 [6540/10000 (65%)] Loss: 26.46393 = L_Mnfld: 6.22655 + L_NonMnfld: 14.95632 + L_Nrml: 0.00000 + L_Eknl: 4.85523 + L_Div: 0.00000 + L_Morse: 0.42583
Epoch: 0 [6540/10000 (65%)] Unweighted L_s : L_Mnfld: 0.00089,  L_NonMnfld: 0.02493,  L_Nrml: 0.00000,  L_Eknl: 0.09710, L_Morse: 4.25829

Weights: [7000.0, 600.0, 0, 50.0, 0.0, 0.1], lr=5.000e-05
Epoch: 0 [6550/10000 (66%)] Loss: 26.92042 = L_Mnfld: 6.19914 + L_NonMnfld: 15.40335 + L_Nrml: 0.00000 + L_Eknl: 4.88373 + L_Div: 0.00000 + L_Morse: 0.43420
Epoch: 0 [6550/10000 (66%)] Unweighted L_s : L_Mnfld: 0.00089,  L_NonMnfld: 0.02567,  L_Nrml: 0.00000,  L_Eknl: 0.09767, L_Morse: 4.34202

Weights: [7000.0, 600.0, 0, 50.0, 0.0, 0.1], lr=5.000e-05
Epoch: 0 [6560/10000 (66%)] Loss: 25.42970 = L_Mnfld: 6.32867 + L_NonMnfld: 13.69673 + L_Nrml: 0.00000 + L_Eknl: 4.98692 + L_Div: 0.00000 + L_Morse: 0.41738
Epoch: 0 [6560/10000 (66%)] Unweighted L_s : L_Mnfld: 0.00090,  L_NonMnfld: 0.02283,  L_Nrml: 0.00000,  L_Eknl: 0.09974, L_Morse: 4.17377

Weights: [7000.0, 600.0, 0, 50.0, 0.0, 0.1], lr=5.000e-05
Epoch: 0 [6570/10000 (66%)] Loss: 26.42292 = L_Mnfld: 6.40752 + L_NonMnfld: 14.60015 + L_Nrml: 0.00000 + L_Eknl: 5.00801 + L_Div: 0.00000 + L_Morse: 0.40725
Epoch: 0 [6570/10000 (66%)] Unweighted L_s : L_Mnfld: 0.00092,  L_NonMnfld: 0.02433,  L_Nrml: 0.00000,  L_Eknl: 0.10016, L_Morse: 4.07249

Weights: [7000.0, 600.0, 0, 50.0, 0.0, 0.1], lr=5.000e-05
Epoch: 0 [6580/10000 (66%)] Loss: 26.15136 = L_Mnfld: 6.32065 + L_NonMnfld: 14.37691 + L_Nrml: 0.00000 + L_Eknl: 5.03277 + L_Div: 0.00000 + L_Morse: 0.42102
Epoch: 0 [6580/10000 (66%)] Unweighted L_s : L_Mnfld: 0.00090,  L_NonMnfld: 0.02396,  L_Nrml: 0.00000,  L_Eknl: 0.10066, L_Morse: 4.21020

Weights: [7000.0, 600.0, 0, 50.0, 0.0, 0.1], lr=5.000e-05
Epoch: 0 [6590/10000 (66%)] Loss: 25.84499 = L_Mnfld: 6.26205 + L_NonMnfld: 14.05355 + L_Nrml: 0.00000 + L_Eknl: 5.07870 + L_Div: 0.00000 + L_Morse: 0.45069
Epoch: 0 [6590/10000 (66%)] Unweighted L_s : L_Mnfld: 0.00089,  L_NonMnfld: 0.02342,  L_Nrml: 0.00000,  L_Eknl: 0.10157, L_Morse: 4.50686

Weights: [7000.0, 600.0, 0, 50.0, 0.0, 0.1], lr=5.000e-05
Epoch: 0 [6600/10000 (66%)] Loss: 27.76200 = L_Mnfld: 6.70628 + L_NonMnfld: 15.66973 + L_Nrml: 0.00000 + L_Eknl: 4.95530 + L_Div: 0.00000 + L_Morse: 0.43068
Epoch: 0 [6600/10000 (66%)] Unweighted L_s : L_Mnfld: 0.00096,  L_NonMnfld: 0.02612,  L_Nrml: 0.00000,  L_Eknl: 0.09911, L_Morse: 4.30684

Weights: [7000.0, 600.0, 0, 50.0, 0.0, 0.1], lr=5.000e-05
Epoch: 0 [6610/10000 (66%)] Loss: 26.38343 = L_Mnfld: 6.44512 + L_NonMnfld: 14.51678 + L_Nrml: 0.00000 + L_Eknl: 5.01334 + L_Div: 0.00000 + L_Morse: 0.40818
Epoch: 0 [6610/10000 (66%)] Unweighted L_s : L_Mnfld: 0.00092,  L_NonMnfld: 0.02419,  L_Nrml: 0.00000,  L_Eknl: 0.10027, L_Morse: 4.08184

Weights: [7000.0, 600.0, 0, 50.0, 0.0, 0.1], lr=5.000e-05
Epoch: 0 [6620/10000 (66%)] Loss: 27.39469 = L_Mnfld: 6.69112 + L_NonMnfld: 15.28050 + L_Nrml: 0.00000 + L_Eknl: 4.99918 + L_Div: 0.00000 + L_Morse: 0.42389
Epoch: 0 [6620/10000 (66%)] Unweighted L_s : L_Mnfld: 0.00096,  L_NonMnfld: 0.02547,  L_Nrml: 0.00000,  L_Eknl: 0.09998, L_Morse: 4.23885

Weights: [7000.0, 600.0, 0, 50.0, 0.0, 0.1], lr=5.000e-05
Epoch: 0 [6630/10000 (66%)] Loss: 27.07663 = L_Mnfld: 6.64921 + L_NonMnfld: 15.13578 + L_Nrml: 0.00000 + L_Eknl: 4.88447 + L_Div: 0.00000 + L_Morse: 0.40717
Epoch: 0 [6630/10000 (66%)] Unweighted L_s : L_Mnfld: 0.00095,  L_NonMnfld: 0.02523,  L_Nrml: 0.00000,  L_Eknl: 0.09769, L_Morse: 4.07170

Weights: [7000.0, 600.0, 0, 50.0, 0.0, 0.1], lr=5.000e-05
Epoch: 0 [6640/10000 (66%)] Loss: 27.86880 = L_Mnfld: 6.92584 + L_NonMnfld: 15.49723 + L_Nrml: 0.00000 + L_Eknl: 5.00501 + L_Div: 0.00000 + L_Morse: 0.44072
Epoch: 0 [6640/10000 (66%)] Unweighted L_s : L_Mnfld: 0.00099,  L_NonMnfld: 0.02583,  L_Nrml: 0.00000,  L_Eknl: 0.10010, L_Morse: 4.40721

Weights: [7000.0, 600.0, 0, 50.0, 0.0, 0.1], lr=5.000e-05
Epoch: 0 [6650/10000 (66%)] Loss: 28.21209 = L_Mnfld: 7.23592 + L_NonMnfld: 15.53600 + L_Nrml: 0.00000 + L_Eknl: 5.03104 + L_Div: 0.00000 + L_Morse: 0.40913
Epoch: 0 [6650/10000 (66%)] Unweighted L_s : L_Mnfld: 0.00103,  L_NonMnfld: 0.02589,  L_Nrml: 0.00000,  L_Eknl: 0.10062, L_Morse: 4.09129

Weights: [7000.0, 600.0, 0, 50.0, 0.0, 0.1], lr=5.000e-05
Epoch: 0 [6660/10000 (67%)] Loss: 26.27258 = L_Mnfld: 7.06592 + L_NonMnfld: 13.88250 + L_Nrml: 0.00000 + L_Eknl: 4.91984 + L_Div: 0.00000 + L_Morse: 0.40432
Epoch: 0 [6660/10000 (67%)] Unweighted L_s : L_Mnfld: 0.00101,  L_NonMnfld: 0.02314,  L_Nrml: 0.00000,  L_Eknl: 0.09840, L_Morse: 4.04323

Weights: [7000.0, 600.0, 0, 50.0, 0.0, 0.1], lr=5.000e-05
Epoch: 0 [6670/10000 (67%)] Loss: 27.69218 = L_Mnfld: 6.46462 + L_NonMnfld: 15.81542 + L_Nrml: 0.00000 + L_Eknl: 4.95424 + L_Div: 0.00000 + L_Morse: 0.45789
Epoch: 0 [6670/10000 (67%)] Unweighted L_s : L_Mnfld: 0.00092,  L_NonMnfld: 0.02636,  L_Nrml: 0.00000,  L_Eknl: 0.09908, L_Morse: 4.57894

Weights: [7000.0, 600.0, 0, 50.0, 0.0, 0.1], lr=5.000e-05
Epoch: 0 [6680/10000 (67%)] Loss: 27.28354 = L_Mnfld: 6.92865 + L_NonMnfld: 14.82127 + L_Nrml: 0.00000 + L_Eknl: 5.08287 + L_Div: 0.00000 + L_Morse: 0.45075
Epoch: 0 [6680/10000 (67%)] Unweighted L_s : L_Mnfld: 0.00099,  L_NonMnfld: 0.02470,  L_Nrml: 0.00000,  L_Eknl: 0.10166, L_Morse: 4.50754

Weights: [7000.0, 600.0, 0, 50.0, 0.0, 0.1], lr=5.000e-05
Epoch: 0 [6690/10000 (67%)] Loss: 27.10173 = L_Mnfld: 6.73860 + L_NonMnfld: 14.83123 + L_Nrml: 0.00000 + L_Eknl: 5.08142 + L_Div: 0.00000 + L_Morse: 0.45049
Epoch: 0 [6690/10000 (67%)] Unweighted L_s : L_Mnfld: 0.00096,  L_NonMnfld: 0.02472,  L_Nrml: 0.00000,  L_Eknl: 0.10163, L_Morse: 4.50486

Weights: [7000.0, 600.0, 0, 50.0, 0.0, 0.1], lr=5.000e-05
Epoch: 0 [6700/10000 (67%)] Loss: 27.23038 = L_Mnfld: 6.64474 + L_NonMnfld: 15.10805 + L_Nrml: 0.00000 + L_Eknl: 5.03346 + L_Div: 0.00000 + L_Morse: 0.44412
Epoch: 0 [6700/10000 (67%)] Unweighted L_s : L_Mnfld: 0.00095,  L_NonMnfld: 0.02518,  L_Nrml: 0.00000,  L_Eknl: 0.10067, L_Morse: 4.44122

Weights: [7000.0, 600.0, 0, 50.0, 0.0, 0.1], lr=5.000e-05
Epoch: 0 [6710/10000 (67%)] Loss: 25.52781 = L_Mnfld: 6.34009 + L_NonMnfld: 13.71744 + L_Nrml: 0.00000 + L_Eknl: 5.03658 + L_Div: 0.00000 + L_Morse: 0.43370
Epoch: 0 [6710/10000 (67%)] Unweighted L_s : L_Mnfld: 0.00091,  L_NonMnfld: 0.02286,  L_Nrml: 0.00000,  L_Eknl: 0.10073, L_Morse: 4.33703

Weights: [7000.0, 600.0, 0, 50.0, 0.0, 0.1], lr=5.000e-05
Epoch: 0 [6720/10000 (67%)] Loss: 25.97002 = L_Mnfld: 6.21578 + L_NonMnfld: 14.42287 + L_Nrml: 0.00000 + L_Eknl: 4.92247 + L_Div: 0.00000 + L_Morse: 0.40890
Epoch: 0 [6720/10000 (67%)] Unweighted L_s : L_Mnfld: 0.00089,  L_NonMnfld: 0.02404,  L_Nrml: 0.00000,  L_Eknl: 0.09845, L_Morse: 4.08898

Weights: [7000.0, 600.0, 0, 50.0, 0.0, 0.1], lr=5.000e-05
Epoch: 0 [6730/10000 (67%)] Loss: 25.64035 = L_Mnfld: 6.49353 + L_NonMnfld: 13.74508 + L_Nrml: 0.00000 + L_Eknl: 4.96068 + L_Div: 0.00000 + L_Morse: 0.44106
Epoch: 0 [6730/10000 (67%)] Unweighted L_s : L_Mnfld: 0.00093,  L_NonMnfld: 0.02291,  L_Nrml: 0.00000,  L_Eknl: 0.09921, L_Morse: 4.41057

Weights: [7000.0, 600.0, 0, 50.0, 0.0, 0.1], lr=5.000e-05
Epoch: 0 [6740/10000 (67%)] Loss: 27.10537 = L_Mnfld: 6.54771 + L_NonMnfld: 14.96386 + L_Nrml: 0.00000 + L_Eknl: 5.16111 + L_Div: 0.00000 + L_Morse: 0.43269
Epoch: 0 [6740/10000 (67%)] Unweighted L_s : L_Mnfld: 0.00094,  L_NonMnfld: 0.02494,  L_Nrml: 0.00000,  L_Eknl: 0.10322, L_Morse: 4.32693

Weights: [7000.0, 600.0, 0, 50.0, 0.0, 0.1], lr=5.000e-05
Epoch: 0 [6750/10000 (68%)] Loss: 27.02173 = L_Mnfld: 6.21982 + L_NonMnfld: 15.46415 + L_Nrml: 0.00000 + L_Eknl: 4.89978 + L_Div: 0.00000 + L_Morse: 0.43799
Epoch: 0 [6750/10000 (68%)] Unweighted L_s : L_Mnfld: 0.00089,  L_NonMnfld: 0.02577,  L_Nrml: 0.00000,  L_Eknl: 0.09800, L_Morse: 4.37986

Weights: [7000.0, 600.0, 0, 50.0, 0.0, 0.1], lr=5.000e-05
Epoch: 0 [6760/10000 (68%)] Loss: 26.84085 = L_Mnfld: 6.53699 + L_NonMnfld: 14.80141 + L_Nrml: 0.00000 + L_Eknl: 5.09247 + L_Div: 0.00000 + L_Morse: 0.40998
Epoch: 0 [6760/10000 (68%)] Unweighted L_s : L_Mnfld: 0.00093,  L_NonMnfld: 0.02467,  L_Nrml: 0.00000,  L_Eknl: 0.10185, L_Morse: 4.09977

Weights: [7000.0, 600.0, 0, 50.0, 0.0, 0.1], lr=5.000e-05
Epoch: 0 [6770/10000 (68%)] Loss: 27.31590 = L_Mnfld: 6.76201 + L_NonMnfld: 15.27673 + L_Nrml: 0.00000 + L_Eknl: 4.87753 + L_Div: 0.00000 + L_Morse: 0.39962
Epoch: 0 [6770/10000 (68%)] Unweighted L_s : L_Mnfld: 0.00097,  L_NonMnfld: 0.02546,  L_Nrml: 0.00000,  L_Eknl: 0.09755, L_Morse: 3.99619

Weights: [7000.0, 600.0, 0, 50.0, 0.0, 0.1], lr=5.000e-05
Epoch: 0 [6780/10000 (68%)] Loss: 27.26789 = L_Mnfld: 6.79510 + L_NonMnfld: 15.05365 + L_Nrml: 0.00000 + L_Eknl: 5.00064 + L_Div: 0.00000 + L_Morse: 0.41850
Epoch: 0 [6780/10000 (68%)] Unweighted L_s : L_Mnfld: 0.00097,  L_NonMnfld: 0.02509,  L_Nrml: 0.00000,  L_Eknl: 0.10001, L_Morse: 4.18499

Weights: [7000.0, 600.0, 0, 50.0, 0.0, 0.1], lr=5.000e-05
Epoch: 0 [6790/10000 (68%)] Loss: 27.92380 = L_Mnfld: 6.44322 + L_NonMnfld: 15.96264 + L_Nrml: 0.00000 + L_Eknl: 5.11585 + L_Div: 0.00000 + L_Morse: 0.40209
Epoch: 0 [6790/10000 (68%)] Unweighted L_s : L_Mnfld: 0.00092,  L_NonMnfld: 0.02660,  L_Nrml: 0.00000,  L_Eknl: 0.10232, L_Morse: 4.02088

Weights: [7000.0, 600.0, 0, 50.0, 0.0, 0.1], lr=5.000e-05
Epoch: 0 [6800/10000 (68%)] Loss: 28.93186 = L_Mnfld: 6.79218 + L_NonMnfld: 16.37009 + L_Nrml: 0.00000 + L_Eknl: 5.34262 + L_Div: 0.00000 + L_Morse: 0.42698
Epoch: 0 [6800/10000 (68%)] Unweighted L_s : L_Mnfld: 0.00097,  L_NonMnfld: 0.02728,  L_Nrml: 0.00000,  L_Eknl: 0.10685, L_Morse: 4.26976

Weights: [7000.0, 600.0, 0, 50.0, 0.0, 0.1], lr=5.000e-05
Epoch: 0 [6810/10000 (68%)] Loss: 26.22253 = L_Mnfld: 6.43245 + L_NonMnfld: 14.36618 + L_Nrml: 0.00000 + L_Eknl: 5.02134 + L_Div: 0.00000 + L_Morse: 0.40256
Epoch: 0 [6810/10000 (68%)] Unweighted L_s : L_Mnfld: 0.00092,  L_NonMnfld: 0.02394,  L_Nrml: 0.00000,  L_Eknl: 0.10043, L_Morse: 4.02557

Weights: [7000.0, 600.0, 0, 50.0, 0.0, 0.1], lr=5.000e-05
Epoch: 0 [6820/10000 (68%)] Loss: 26.74594 = L_Mnfld: 6.57007 + L_NonMnfld: 14.60173 + L_Nrml: 0.00000 + L_Eknl: 5.13725 + L_Div: 0.00000 + L_Morse: 0.43689
Epoch: 0 [6820/10000 (68%)] Unweighted L_s : L_Mnfld: 0.00094,  L_NonMnfld: 0.02434,  L_Nrml: 0.00000,  L_Eknl: 0.10275, L_Morse: 4.36890

Weights: [7000.0, 600.0, 0, 50.0, 0.0, 0.1], lr=5.000e-05
Epoch: 0 [6830/10000 (68%)] Loss: 28.38257 = L_Mnfld: 6.39669 + L_NonMnfld: 16.58416 + L_Nrml: 0.00000 + L_Eknl: 4.98048 + L_Div: 0.00000 + L_Morse: 0.42125
Epoch: 0 [6830/10000 (68%)] Unweighted L_s : L_Mnfld: 0.00091,  L_NonMnfld: 0.02764,  L_Nrml: 0.00000,  L_Eknl: 0.09961, L_Morse: 4.21251

Weights: [7000.0, 600.0, 0, 50.0, 0.0, 0.1], lr=5.000e-05
Epoch: 0 [6840/10000 (68%)] Loss: 28.31171 = L_Mnfld: 6.68542 + L_NonMnfld: 16.05371 + L_Nrml: 0.00000 + L_Eknl: 5.14807 + L_Div: 0.00000 + L_Morse: 0.42451
Epoch: 0 [6840/10000 (68%)] Unweighted L_s : L_Mnfld: 0.00096,  L_NonMnfld: 0.02676,  L_Nrml: 0.00000,  L_Eknl: 0.10296, L_Morse: 4.24512

Weights: [7000.0, 600.0, 0, 50.0, 0.0, 0.1], lr=5.000e-05
Epoch: 0 [6850/10000 (68%)] Loss: 26.96776 = L_Mnfld: 6.40895 + L_NonMnfld: 15.29066 + L_Nrml: 0.00000 + L_Eknl: 4.84850 + L_Div: 0.00000 + L_Morse: 0.41965
Epoch: 0 [6850/10000 (68%)] Unweighted L_s : L_Mnfld: 0.00092,  L_NonMnfld: 0.02548,  L_Nrml: 0.00000,  L_Eknl: 0.09697, L_Morse: 4.19652

Weights: [7000.0, 600.0, 0, 50.0, 0.0, 0.1], lr=5.000e-05
Epoch: 0 [6860/10000 (69%)] Loss: 26.54926 = L_Mnfld: 6.33249 + L_NonMnfld: 14.80642 + L_Nrml: 0.00000 + L_Eknl: 4.98485 + L_Div: 0.00000 + L_Morse: 0.42549
Epoch: 0 [6860/10000 (69%)] Unweighted L_s : L_Mnfld: 0.00090,  L_NonMnfld: 0.02468,  L_Nrml: 0.00000,  L_Eknl: 0.09970, L_Morse: 4.25494

Weights: [7000.0, 600.0, 0, 50.0, 0.0, 0.1], lr=5.000e-05
Epoch: 0 [6870/10000 (69%)] Loss: 26.26336 = L_Mnfld: 6.21345 + L_NonMnfld: 14.80678 + L_Nrml: 0.00000 + L_Eknl: 4.80287 + L_Div: 0.00000 + L_Morse: 0.44026
Epoch: 0 [6870/10000 (69%)] Unweighted L_s : L_Mnfld: 0.00089,  L_NonMnfld: 0.02468,  L_Nrml: 0.00000,  L_Eknl: 0.09606, L_Morse: 4.40262

Weights: [7000.0, 600.0, 0, 50.0, 0.0, 0.1], lr=5.000e-05
Epoch: 0 [6880/10000 (69%)] Loss: 26.82313 = L_Mnfld: 6.22989 + L_NonMnfld: 15.34796 + L_Nrml: 0.00000 + L_Eknl: 4.82381 + L_Div: 0.00000 + L_Morse: 0.42146
Epoch: 0 [6880/10000 (69%)] Unweighted L_s : L_Mnfld: 0.00089,  L_NonMnfld: 0.02558,  L_Nrml: 0.00000,  L_Eknl: 0.09648, L_Morse: 4.21460

Weights: [7000.0, 600.0, 0, 50.0, 0.0, 0.1], lr=5.000e-05
Epoch: 0 [6890/10000 (69%)] Loss: 27.09519 = L_Mnfld: 6.08790 + L_NonMnfld: 15.74209 + L_Nrml: 0.00000 + L_Eknl: 4.86313 + L_Div: 0.00000 + L_Morse: 0.40208
Epoch: 0 [6890/10000 (69%)] Unweighted L_s : L_Mnfld: 0.00087,  L_NonMnfld: 0.02624,  L_Nrml: 0.00000,  L_Eknl: 0.09726, L_Morse: 4.02083

Weights: [7000.0, 600.0, 0, 50.0, 0.0, 0.1], lr=5.000e-05
Epoch: 0 [6900/10000 (69%)] Loss: 25.98562 = L_Mnfld: 5.86370 + L_NonMnfld: 14.95489 + L_Nrml: 0.00000 + L_Eknl: 4.74607 + L_Div: 0.00000 + L_Morse: 0.42097
Epoch: 0 [6900/10000 (69%)] Unweighted L_s : L_Mnfld: 0.00084,  L_NonMnfld: 0.02492,  L_Nrml: 0.00000,  L_Eknl: 0.09492, L_Morse: 4.20969

Weights: [7000.0, 600.0, 0, 50.0, 0.0, 0.1], lr=5.000e-05
Epoch: 0 [6910/10000 (69%)] Loss: 26.99307 = L_Mnfld: 6.20649 + L_NonMnfld: 15.57525 + L_Nrml: 0.00000 + L_Eknl: 4.78717 + L_Div: 0.00000 + L_Morse: 0.42417
Epoch: 0 [6910/10000 (69%)] Unweighted L_s : L_Mnfld: 0.00089,  L_NonMnfld: 0.02596,  L_Nrml: 0.00000,  L_Eknl: 0.09574, L_Morse: 4.24172

Weights: [7000.0, 600.0, 0, 50.0, 0.0, 0.1], lr=5.000e-05
Epoch: 0 [6920/10000 (69%)] Loss: 26.42003 = L_Mnfld: 6.44088 + L_NonMnfld: 14.57586 + L_Nrml: 0.00000 + L_Eknl: 4.96997 + L_Div: 0.00000 + L_Morse: 0.43332
Epoch: 0 [6920/10000 (69%)] Unweighted L_s : L_Mnfld: 0.00092,  L_NonMnfld: 0.02429,  L_Nrml: 0.00000,  L_Eknl: 0.09940, L_Morse: 4.33324

Weights: [7000.0, 600.0, 0, 50.0, 0.0, 0.1], lr=5.000e-05
Epoch: 0 [6930/10000 (69%)] Loss: 25.62391 = L_Mnfld: 6.35376 + L_NonMnfld: 14.03207 + L_Nrml: 0.00000 + L_Eknl: 4.81146 + L_Div: 0.00000 + L_Morse: 0.42663
Epoch: 0 [6930/10000 (69%)] Unweighted L_s : L_Mnfld: 0.00091,  L_NonMnfld: 0.02339,  L_Nrml: 0.00000,  L_Eknl: 0.09623, L_Morse: 4.26626

Weights: [7000.0, 600.0, 0, 50.0, 0.0, 0.1], lr=5.000e-05
Epoch: 0 [6940/10000 (69%)] Loss: 27.22769 = L_Mnfld: 6.39056 + L_NonMnfld: 15.49519 + L_Nrml: 0.00000 + L_Eknl: 4.90366 + L_Div: 0.00000 + L_Morse: 0.43828
Epoch: 0 [6940/10000 (69%)] Unweighted L_s : L_Mnfld: 0.00091,  L_NonMnfld: 0.02583,  L_Nrml: 0.00000,  L_Eknl: 0.09807, L_Morse: 4.38279

Weights: [7000.0, 600.0, 0, 50.0, 0.0, 0.1], lr=5.000e-05
Epoch: 0 [6950/10000 (70%)] Loss: 26.23336 = L_Mnfld: 6.28179 + L_NonMnfld: 14.67334 + L_Nrml: 0.00000 + L_Eknl: 4.86118 + L_Div: 0.00000 + L_Morse: 0.41706
Epoch: 0 [6950/10000 (70%)] Unweighted L_s : L_Mnfld: 0.00090,  L_NonMnfld: 0.02446,  L_Nrml: 0.00000,  L_Eknl: 0.09722, L_Morse: 4.17063

Weights: [7000.0, 600.0, 0, 50.0, 0.0, 0.1], lr=5.000e-05
Epoch: 0 [6960/10000 (70%)] Loss: 26.78058 = L_Mnfld: 6.37682 + L_NonMnfld: 15.09890 + L_Nrml: 0.00000 + L_Eknl: 4.87884 + L_Div: 0.00000 + L_Morse: 0.42602
Epoch: 0 [6960/10000 (70%)] Unweighted L_s : L_Mnfld: 0.00091,  L_NonMnfld: 0.02516,  L_Nrml: 0.00000,  L_Eknl: 0.09758, L_Morse: 4.26015

Weights: [7000.0, 600.0, 0, 50.0, 0.0, 0.1], lr=5.000e-05
Epoch: 0 [6970/10000 (70%)] Loss: 26.35315 = L_Mnfld: 6.30769 + L_NonMnfld: 14.76676 + L_Nrml: 0.00000 + L_Eknl: 4.86363 + L_Div: 0.00000 + L_Morse: 0.41507
Epoch: 0 [6970/10000 (70%)] Unweighted L_s : L_Mnfld: 0.00090,  L_NonMnfld: 0.02461,  L_Nrml: 0.00000,  L_Eknl: 0.09727, L_Morse: 4.15067

Weights: [7000.0, 600.0, 0, 50.0, 0.0, 0.1], lr=5.000e-05
Epoch: 0 [6980/10000 (70%)] Loss: 26.17082 = L_Mnfld: 6.86276 + L_NonMnfld: 13.83840 + L_Nrml: 0.00000 + L_Eknl: 5.05987 + L_Div: 0.00000 + L_Morse: 0.40980
Epoch: 0 [6980/10000 (70%)] Unweighted L_s : L_Mnfld: 0.00098,  L_NonMnfld: 0.02306,  L_Nrml: 0.00000,  L_Eknl: 0.10120, L_Morse: 4.09800

Weights: [7000.0, 600.0, 0, 50.0, 0.0, 0.1], lr=5.000e-05
Epoch: 0 [6990/10000 (70%)] Loss: 27.30718 = L_Mnfld: 6.57576 + L_NonMnfld: 15.41738 + L_Nrml: 0.00000 + L_Eknl: 4.89170 + L_Div: 0.00000 + L_Morse: 0.42234
Epoch: 0 [6990/10000 (70%)] Unweighted L_s : L_Mnfld: 0.00094,  L_NonMnfld: 0.02570,  L_Nrml: 0.00000,  L_Eknl: 0.09783, L_Morse: 4.22339

Weights: [7000.0, 600.0, 0, 50.0, 0.0, 0.1], lr=5.000e-05
Epoch: 0 [7000/10000 (70%)] Loss: 26.39602 = L_Mnfld: 6.47345 + L_NonMnfld: 14.62342 + L_Nrml: 0.00000 + L_Eknl: 4.85742 + L_Div: 0.00000 + L_Morse: 0.44173
Epoch: 0 [7000/10000 (70%)] Unweighted L_s : L_Mnfld: 0.00092,  L_NonMnfld: 0.02437,  L_Nrml: 0.00000,  L_Eknl: 0.09715, L_Morse: 4.41727

Weights: [7000.0, 600.0, 0, 50.0, 0.0, 0.1], lr=5.000e-05
Epoch: 0 [7010/10000 (70%)] Loss: 26.77593 = L_Mnfld: 6.21837 + L_NonMnfld: 15.23101 + L_Nrml: 0.00000 + L_Eknl: 4.89541 + L_Div: 0.00000 + L_Morse: 0.43114
Epoch: 0 [7010/10000 (70%)] Unweighted L_s : L_Mnfld: 0.00089,  L_NonMnfld: 0.02539,  L_Nrml: 0.00000,  L_Eknl: 0.09791, L_Morse: 4.31143

Weights: [7000.0, 600.0, 0, 50.0, 0.0, 0.1], lr=5.000e-05
Epoch: 0 [7020/10000 (70%)] Loss: 26.76694 = L_Mnfld: 6.19889 + L_NonMnfld: 15.15266 + L_Nrml: 0.00000 + L_Eknl: 4.96674 + L_Div: 0.00000 + L_Morse: 0.44864
Epoch: 0 [7020/10000 (70%)] Unweighted L_s : L_Mnfld: 0.00089,  L_NonMnfld: 0.02525,  L_Nrml: 0.00000,  L_Eknl: 0.09933, L_Morse: 4.48641

Weights: [7000.0, 600.0, 0, 50.0, 0.0, 0.1], lr=5.000e-05
Epoch: 0 [7030/10000 (70%)] Loss: 25.88310 = L_Mnfld: 6.42437 + L_NonMnfld: 14.16175 + L_Nrml: 0.00000 + L_Eknl: 4.85889 + L_Div: 0.00000 + L_Morse: 0.43808
Epoch: 0 [7030/10000 (70%)] Unweighted L_s : L_Mnfld: 0.00092,  L_NonMnfld: 0.02360,  L_Nrml: 0.00000,  L_Eknl: 0.09718, L_Morse: 4.38085

Weights: [7000.0, 600.0, 0, 50.0, 0.0, 0.1], lr=5.000e-05
Epoch: 0 [7040/10000 (70%)] Loss: 24.85647 = L_Mnfld: 6.54134 + L_NonMnfld: 13.11058 + L_Nrml: 0.00000 + L_Eknl: 4.78266 + L_Div: 0.00000 + L_Morse: 0.42189
Epoch: 0 [7040/10000 (70%)] Unweighted L_s : L_Mnfld: 0.00093,  L_NonMnfld: 0.02185,  L_Nrml: 0.00000,  L_Eknl: 0.09565, L_Morse: 4.21891

Weights: [7000.0, 600.0, 0, 50.0, 0.0, 0.1], lr=5.000e-05
Epoch: 0 [7050/10000 (70%)] Loss: 26.33116 = L_Mnfld: 6.08864 + L_NonMnfld: 14.91639 + L_Nrml: 0.00000 + L_Eknl: 4.88979 + L_Div: 0.00000 + L_Morse: 0.43633
Epoch: 0 [7050/10000 (70%)] Unweighted L_s : L_Mnfld: 0.00087,  L_NonMnfld: 0.02486,  L_Nrml: 0.00000,  L_Eknl: 0.09780, L_Morse: 4.36334

Weights: [7000.0, 600.0, 0, 50.0, 0.0, 0.1], lr=5.000e-05
Epoch: 0 [7060/10000 (71%)] Loss: 24.90343 = L_Mnfld: 6.33435 + L_NonMnfld: 13.23949 + L_Nrml: 0.00000 + L_Eknl: 4.88266 + L_Div: 0.00000 + L_Morse: 0.44694
Epoch: 0 [7060/10000 (71%)] Unweighted L_s : L_Mnfld: 0.00090,  L_NonMnfld: 0.02207,  L_Nrml: 0.00000,  L_Eknl: 0.09765, L_Morse: 4.46936

Weights: [7000.0, 600.0, 0, 50.0, 0.0, 0.1], lr=5.000e-05
Epoch: 0 [7070/10000 (71%)] Loss: 28.05216 = L_Mnfld: 6.51635 + L_NonMnfld: 16.25867 + L_Nrml: 0.00000 + L_Eknl: 4.82373 + L_Div: 0.00000 + L_Morse: 0.45341
Epoch: 0 [7070/10000 (71%)] Unweighted L_s : L_Mnfld: 0.00093,  L_NonMnfld: 0.02710,  L_Nrml: 0.00000,  L_Eknl: 0.09647, L_Morse: 4.53406

Weights: [7000.0, 600.0, 0, 50.0, 0.0, 0.1], lr=5.000e-05
Epoch: 0 [7080/10000 (71%)] Loss: 26.31057 = L_Mnfld: 7.04689 + L_NonMnfld: 13.88205 + L_Nrml: 0.00000 + L_Eknl: 4.95066 + L_Div: 0.00000 + L_Morse: 0.43096
Epoch: 0 [7080/10000 (71%)] Unweighted L_s : L_Mnfld: 0.00101,  L_NonMnfld: 0.02314,  L_Nrml: 0.00000,  L_Eknl: 0.09901, L_Morse: 4.30961

Weights: [7000.0, 600.0, 0, 50.0, 0.0, 0.1], lr=5.000e-05
Epoch: 0 [7090/10000 (71%)] Loss: 28.97424 = L_Mnfld: 6.74233 + L_NonMnfld: 16.80879 + L_Nrml: 0.00000 + L_Eknl: 4.98453 + L_Div: 0.00000 + L_Morse: 0.43859
Epoch: 0 [7090/10000 (71%)] Unweighted L_s : L_Mnfld: 0.00096,  L_NonMnfld: 0.02801,  L_Nrml: 0.00000,  L_Eknl: 0.09969, L_Morse: 4.38590

Weights: [7000.0, 600.0, 0, 50.0, 0.0, 0.1], lr=5.000e-05
Epoch: 0 [7100/10000 (71%)] Loss: 26.81232 = L_Mnfld: 6.66166 + L_NonMnfld: 14.68109 + L_Nrml: 0.00000 + L_Eknl: 5.01142 + L_Div: 0.00000 + L_Morse: 0.45816
Epoch: 0 [7100/10000 (71%)] Unweighted L_s : L_Mnfld: 0.00095,  L_NonMnfld: 0.02447,  L_Nrml: 0.00000,  L_Eknl: 0.10023, L_Morse: 4.58158

Weights: [7000.0, 600.0, 0, 50.0, 0.0, 0.1], lr=5.000e-05
Epoch: 0 [7110/10000 (71%)] Loss: 26.57022 = L_Mnfld: 6.25673 + L_NonMnfld: 14.89927 + L_Nrml: 0.00000 + L_Eknl: 4.97533 + L_Div: 0.00000 + L_Morse: 0.43888
Epoch: 0 [7110/10000 (71%)] Unweighted L_s : L_Mnfld: 0.00089,  L_NonMnfld: 0.02483,  L_Nrml: 0.00000,  L_Eknl: 0.09951, L_Morse: 4.38885

Weights: [7000.0, 600.0, 0, 50.0, 0.0, 0.1], lr=5.000e-05
Epoch: 0 [7120/10000 (71%)] Loss: 26.37033 = L_Mnfld: 6.39267 + L_NonMnfld: 14.60367 + L_Nrml: 0.00000 + L_Eknl: 4.92591 + L_Div: 0.00000 + L_Morse: 0.44807
Epoch: 0 [7120/10000 (71%)] Unweighted L_s : L_Mnfld: 0.00091,  L_NonMnfld: 0.02434,  L_Nrml: 0.00000,  L_Eknl: 0.09852, L_Morse: 4.48072

Weights: [7000.0, 600.0, 0, 50.0, 0.0, 0.1], lr=5.000e-05
Epoch: 0 [7130/10000 (71%)] Loss: 25.08559 = L_Mnfld: 6.02791 + L_NonMnfld: 13.85306 + L_Nrml: 0.00000 + L_Eknl: 4.75334 + L_Div: 0.00000 + L_Morse: 0.45129
Epoch: 0 [7130/10000 (71%)] Unweighted L_s : L_Mnfld: 0.00086,  L_NonMnfld: 0.02309,  L_Nrml: 0.00000,  L_Eknl: 0.09507, L_Morse: 4.51288

Weights: [7000.0, 600.0, 0, 50.0, 0.0, 0.1], lr=5.000e-05
Epoch: 0 [7140/10000 (71%)] Loss: 27.33145 = L_Mnfld: 6.92680 + L_NonMnfld: 15.13889 + L_Nrml: 0.00000 + L_Eknl: 4.83912 + L_Div: 0.00000 + L_Morse: 0.42663
Epoch: 0 [7140/10000 (71%)] Unweighted L_s : L_Mnfld: 0.00099,  L_NonMnfld: 0.02523,  L_Nrml: 0.00000,  L_Eknl: 0.09678, L_Morse: 4.26635

Weights: [7000.0, 600.0, 0, 50.0, 0.0, 0.1], lr=5.000e-05
Epoch: 0 [7150/10000 (72%)] Loss: 26.60989 = L_Mnfld: 6.28486 + L_NonMnfld: 15.16312 + L_Nrml: 0.00000 + L_Eknl: 4.73579 + L_Div: 0.00000 + L_Morse: 0.42612
Epoch: 0 [7150/10000 (72%)] Unweighted L_s : L_Mnfld: 0.00090,  L_NonMnfld: 0.02527,  L_Nrml: 0.00000,  L_Eknl: 0.09472, L_Morse: 4.26117

Weights: [7000.0, 600.0, 0, 50.0, 0.0, 0.1], lr=5.000e-05
Epoch: 0 [7160/10000 (72%)] Loss: 26.96769 = L_Mnfld: 6.28534 + L_NonMnfld: 15.43956 + L_Nrml: 0.00000 + L_Eknl: 4.81922 + L_Div: 0.00000 + L_Morse: 0.42356
Epoch: 0 [7160/10000 (72%)] Unweighted L_s : L_Mnfld: 0.00090,  L_NonMnfld: 0.02573,  L_Nrml: 0.00000,  L_Eknl: 0.09638, L_Morse: 4.23564

Weights: [7000.0, 600.0, 0, 50.0, 0.0, 0.1], lr=5.000e-05
Epoch: 0 [7170/10000 (72%)] Loss: 27.69247 = L_Mnfld: 6.62072 + L_NonMnfld: 15.57977 + L_Nrml: 0.00000 + L_Eknl: 5.06663 + L_Div: 0.00000 + L_Morse: 0.42536
Epoch: 0 [7170/10000 (72%)] Unweighted L_s : L_Mnfld: 0.00095,  L_NonMnfld: 0.02597,  L_Nrml: 0.00000,  L_Eknl: 0.10133, L_Morse: 4.25361

Weights: [7000.0, 600.0, 0, 50.0, 0.0, 0.1], lr=5.000e-05
Epoch: 0 [7180/10000 (72%)] Loss: 27.48210 = L_Mnfld: 7.68728 + L_NonMnfld: 14.04180 + L_Nrml: 0.00000 + L_Eknl: 5.30761 + L_Div: 0.00000 + L_Morse: 0.44542
Epoch: 0 [7180/10000 (72%)] Unweighted L_s : L_Mnfld: 0.00110,  L_NonMnfld: 0.02340,  L_Nrml: 0.00000,  L_Eknl: 0.10615, L_Morse: 4.45415

Weights: [7000.0, 600.0, 0, 50.0, 0.0, 0.1], lr=5.000e-05
Epoch: 0 [7190/10000 (72%)] Loss: 26.97331 = L_Mnfld: 7.18804 + L_NonMnfld: 14.25870 + L_Nrml: 0.00000 + L_Eknl: 5.10641 + L_Div: 0.00000 + L_Morse: 0.42016
Epoch: 0 [7190/10000 (72%)] Unweighted L_s : L_Mnfld: 0.00103,  L_NonMnfld: 0.02376,  L_Nrml: 0.00000,  L_Eknl: 0.10213, L_Morse: 4.20162

Weights: [7000.0, 600.0, 0, 50.0, 0.0, 0.1], lr=5.000e-05
Epoch: 0 [7200/10000 (72%)] Loss: 26.70311 = L_Mnfld: 7.02085 + L_NonMnfld: 14.15660 + L_Nrml: 0.00000 + L_Eknl: 5.08287 + L_Div: 0.00000 + L_Morse: 0.44279
Epoch: 0 [7200/10000 (72%)] Unweighted L_s : L_Mnfld: 0.00100,  L_NonMnfld: 0.02359,  L_Nrml: 0.00000,  L_Eknl: 0.10166, L_Morse: 4.42789

Weights: [7000.0, 600.0, 0, 50.0, 0.0, 0.1], lr=5.000e-05
Epoch: 0 [7210/10000 (72%)] Loss: 26.26185 = L_Mnfld: 6.60596 + L_NonMnfld: 14.25764 + L_Nrml: 0.00000 + L_Eknl: 4.96043 + L_Div: 0.00000 + L_Morse: 0.43782
Epoch: 0 [7210/10000 (72%)] Unweighted L_s : L_Mnfld: 0.00094,  L_NonMnfld: 0.02376,  L_Nrml: 0.00000,  L_Eknl: 0.09921, L_Morse: 4.37818

Weights: [7000.0, 600.0, 0, 50.0, 0.0, 0.1], lr=5.000e-05
Epoch: 0 [7220/10000 (72%)] Loss: 27.85662 = L_Mnfld: 6.49118 + L_NonMnfld: 16.12973 + L_Nrml: 0.00000 + L_Eknl: 4.79820 + L_Div: 0.00000 + L_Morse: 0.43751
Epoch: 0 [7220/10000 (72%)] Unweighted L_s : L_Mnfld: 0.00093,  L_NonMnfld: 0.02688,  L_Nrml: 0.00000,  L_Eknl: 0.09596, L_Morse: 4.37511

Weights: [7000.0, 600.0, 0, 50.0, 0.0, 0.1], lr=5.000e-05
Epoch: 0 [7230/10000 (72%)] Loss: 25.69261 = L_Mnfld: 6.64696 + L_NonMnfld: 13.54371 + L_Nrml: 0.00000 + L_Eknl: 5.07023 + L_Div: 0.00000 + L_Morse: 0.43171
Epoch: 0 [7230/10000 (72%)] Unweighted L_s : L_Mnfld: 0.00095,  L_NonMnfld: 0.02257,  L_Nrml: 0.00000,  L_Eknl: 0.10140, L_Morse: 4.31711

Weights: [7000.0, 600.0, 0, 50.0, 0.0, 0.1], lr=5.000e-05
Epoch: 0 [7240/10000 (72%)] Loss: 27.25840 = L_Mnfld: 6.73261 + L_NonMnfld: 15.12217 + L_Nrml: 0.00000 + L_Eknl: 4.98941 + L_Div: 0.00000 + L_Morse: 0.41421
Epoch: 0 [7240/10000 (72%)] Unweighted L_s : L_Mnfld: 0.00096,  L_NonMnfld: 0.02520,  L_Nrml: 0.00000,  L_Eknl: 0.09979, L_Morse: 4.14210

Weights: [7000.0, 600.0, 0, 50.0, 0.0, 0.1], lr=5.000e-05
Epoch: 0 [7250/10000 (72%)] Loss: 26.14656 = L_Mnfld: 6.53417 + L_NonMnfld: 14.43261 + L_Nrml: 0.00000 + L_Eknl: 4.75708 + L_Div: 0.00000 + L_Morse: 0.42270
Epoch: 0 [7250/10000 (72%)] Unweighted L_s : L_Mnfld: 0.00093,  L_NonMnfld: 0.02405,  L_Nrml: 0.00000,  L_Eknl: 0.09514, L_Morse: 4.22700

Weights: [7000.0, 600.0, 0, 50.0, 0.0, 0.1], lr=5.000e-05
Epoch: 0 [7260/10000 (73%)] Loss: 26.95563 = L_Mnfld: 6.54245 + L_NonMnfld: 15.11182 + L_Nrml: 0.00000 + L_Eknl: 4.87577 + L_Div: 0.00000 + L_Morse: 0.42559
Epoch: 0 [7260/10000 (73%)] Unweighted L_s : L_Mnfld: 0.00093,  L_NonMnfld: 0.02519,  L_Nrml: 0.00000,  L_Eknl: 0.09752, L_Morse: 4.25586

Weights: [7000.0, 600.0, 0, 50.0, 0.0, 0.1], lr=5.000e-05
Epoch: 0 [7270/10000 (73%)] Loss: 26.23302 = L_Mnfld: 6.73815 + L_NonMnfld: 13.96663 + L_Nrml: 0.00000 + L_Eknl: 5.07454 + L_Div: 0.00000 + L_Morse: 0.45371
Epoch: 0 [7270/10000 (73%)] Unweighted L_s : L_Mnfld: 0.00096,  L_NonMnfld: 0.02328,  L_Nrml: 0.00000,  L_Eknl: 0.10149, L_Morse: 4.53710

Weights: [7000.0, 600.0, 0, 50.0, 0.0, 0.1], lr=5.000e-05
Epoch: 0 [7280/10000 (73%)] Loss: 26.96447 = L_Mnfld: 6.41363 + L_NonMnfld: 15.10256 + L_Nrml: 0.00000 + L_Eknl: 4.98959 + L_Div: 0.00000 + L_Morse: 0.45870
Epoch: 0 [7280/10000 (73%)] Unweighted L_s : L_Mnfld: 0.00092,  L_NonMnfld: 0.02517,  L_Nrml: 0.00000,  L_Eknl: 0.09979, L_Morse: 4.58697

Weights: [7000.0, 600.0, 0, 50.0, 0.0, 0.1], lr=5.000e-05
Epoch: 0 [7290/10000 (73%)] Loss: 27.65227 = L_Mnfld: 6.81745 + L_NonMnfld: 15.56479 + L_Nrml: 0.00000 + L_Eknl: 4.82826 + L_Div: 0.00000 + L_Morse: 0.44177
Epoch: 0 [7290/10000 (73%)] Unweighted L_s : L_Mnfld: 0.00097,  L_NonMnfld: 0.02594,  L_Nrml: 0.00000,  L_Eknl: 0.09657, L_Morse: 4.41772

Weights: [7000.0, 600.0, 0, 50.0, 0.0, 0.1], lr=5.000e-05
Epoch: 0 [7300/10000 (73%)] Loss: 28.04603 = L_Mnfld: 6.65662 + L_NonMnfld: 15.65935 + L_Nrml: 0.00000 + L_Eknl: 5.25572 + L_Div: 0.00000 + L_Morse: 0.47434
Epoch: 0 [7300/10000 (73%)] Unweighted L_s : L_Mnfld: 0.00095,  L_NonMnfld: 0.02610,  L_Nrml: 0.00000,  L_Eknl: 0.10511, L_Morse: 4.74339

Weights: [7000.0, 600.0, 0, 50.0, 0.0, 0.1], lr=5.000e-05
Epoch: 0 [7310/10000 (73%)] Loss: 24.86018 = L_Mnfld: 6.34392 + L_NonMnfld: 13.13143 + L_Nrml: 0.00000 + L_Eknl: 4.93210 + L_Div: 0.00000 + L_Morse: 0.45273
Epoch: 0 [7310/10000 (73%)] Unweighted L_s : L_Mnfld: 0.00091,  L_NonMnfld: 0.02189,  L_Nrml: 0.00000,  L_Eknl: 0.09864, L_Morse: 4.52734

Weights: [7000.0, 600.0, 0, 50.0, 0.0, 0.1], lr=5.000e-05
Epoch: 0 [7320/10000 (73%)] Loss: 24.84632 = L_Mnfld: 6.64459 + L_NonMnfld: 12.80466 + L_Nrml: 0.00000 + L_Eknl: 4.92913 + L_Div: 0.00000 + L_Morse: 0.46794
Epoch: 0 [7320/10000 (73%)] Unweighted L_s : L_Mnfld: 0.00095,  L_NonMnfld: 0.02134,  L_Nrml: 0.00000,  L_Eknl: 0.09858, L_Morse: 4.67937

Weights: [7000.0, 600.0, 0, 50.0, 0.0, 0.1], lr=5.000e-05
Epoch: 0 [7330/10000 (73%)] Loss: 26.22495 = L_Mnfld: 6.33650 + L_NonMnfld: 14.72529 + L_Nrml: 0.00000 + L_Eknl: 4.72450 + L_Div: 0.00000 + L_Morse: 0.43865
Epoch: 0 [7330/10000 (73%)] Unweighted L_s : L_Mnfld: 0.00091,  L_NonMnfld: 0.02454,  L_Nrml: 0.00000,  L_Eknl: 0.09449, L_Morse: 4.38653

Weights: [7000.0, 600.0, 0, 50.0, 0.0, 0.1], lr=5.000e-05
Epoch: 0 [7340/10000 (73%)] Loss: 26.69259 = L_Mnfld: 6.41156 + L_NonMnfld: 14.81432 + L_Nrml: 0.00000 + L_Eknl: 5.00806 + L_Div: 0.00000 + L_Morse: 0.45865
Epoch: 0 [7340/10000 (73%)] Unweighted L_s : L_Mnfld: 0.00092,  L_NonMnfld: 0.02469,  L_Nrml: 0.00000,  L_Eknl: 0.10016, L_Morse: 4.58645

Weights: [7000.0, 600.0, 0, 50.0, 0.0, 0.1], lr=5.000e-05
Epoch: 0 [7350/10000 (74%)] Loss: 27.17179 = L_Mnfld: 6.26962 + L_NonMnfld: 15.67885 + L_Nrml: 0.00000 + L_Eknl: 4.78510 + L_Div: 0.00000 + L_Morse: 0.43822
Epoch: 0 [7350/10000 (74%)] Unweighted L_s : L_Mnfld: 0.00090,  L_NonMnfld: 0.02613,  L_Nrml: 0.00000,  L_Eknl: 0.09570, L_Morse: 4.38220

Weights: [7000.0, 600.0, 0, 50.0, 0.0, 0.1], lr=5.000e-05
Epoch: 0 [7360/10000 (74%)] Loss: 26.31649 = L_Mnfld: 6.39143 + L_NonMnfld: 14.52755 + L_Nrml: 0.00000 + L_Eknl: 4.95460 + L_Div: 0.00000 + L_Morse: 0.44291
Epoch: 0 [7360/10000 (74%)] Unweighted L_s : L_Mnfld: 0.00091,  L_NonMnfld: 0.02421,  L_Nrml: 0.00000,  L_Eknl: 0.09909, L_Morse: 4.42906

Weights: [7000.0, 600.0, 0, 50.0, 0.0, 0.1], lr=5.000e-05
Epoch: 0 [7370/10000 (74%)] Loss: 25.41751 = L_Mnfld: 6.00840 + L_NonMnfld: 14.13147 + L_Nrml: 0.00000 + L_Eknl: 4.81271 + L_Div: 0.00000 + L_Morse: 0.46493
Epoch: 0 [7370/10000 (74%)] Unweighted L_s : L_Mnfld: 0.00086,  L_NonMnfld: 0.02355,  L_Nrml: 0.00000,  L_Eknl: 0.09625, L_Morse: 4.64931

Weights: [7000.0, 600.0, 0, 50.0, 0.0, 0.1], lr=5.000e-05
Epoch: 0 [7380/10000 (74%)] Loss: 25.06515 = L_Mnfld: 6.39678 + L_NonMnfld: 13.54730 + L_Nrml: 0.00000 + L_Eknl: 4.67256 + L_Div: 0.00000 + L_Morse: 0.44851
Epoch: 0 [7380/10000 (74%)] Unweighted L_s : L_Mnfld: 0.00091,  L_NonMnfld: 0.02258,  L_Nrml: 0.00000,  L_Eknl: 0.09345, L_Morse: 4.48511

Weights: [7000.0, 600.0, 0, 50.0, 0.0, 0.1], lr=5.000e-05
Epoch: 0 [7390/10000 (74%)] Loss: 25.98089 = L_Mnfld: 5.92955 + L_NonMnfld: 14.64366 + L_Nrml: 0.00000 + L_Eknl: 4.97060 + L_Div: 0.00000 + L_Morse: 0.43709
Epoch: 0 [7390/10000 (74%)] Unweighted L_s : L_Mnfld: 0.00085,  L_NonMnfld: 0.02441,  L_Nrml: 0.00000,  L_Eknl: 0.09941, L_Morse: 4.37093

Weights: [7000.0, 600.0, 0, 50.0, 0.0, 0.1], lr=5.000e-05
Epoch: 0 [7400/10000 (74%)] Loss: 27.07778 = L_Mnfld: 6.44954 + L_NonMnfld: 15.36921 + L_Nrml: 0.00000 + L_Eknl: 4.81675 + L_Div: 0.00000 + L_Morse: 0.44229
Epoch: 0 [7400/10000 (74%)] Unweighted L_s : L_Mnfld: 0.00092,  L_NonMnfld: 0.02562,  L_Nrml: 0.00000,  L_Eknl: 0.09633, L_Morse: 4.42290

Weights: [7000.0, 600.0, 0, 50.0, 0.0, 0.1], lr=5.000e-05
Epoch: 0 [7410/10000 (74%)] Loss: 26.32589 = L_Mnfld: 6.01456 + L_NonMnfld: 15.00971 + L_Nrml: 0.00000 + L_Eknl: 4.86237 + L_Div: 0.00000 + L_Morse: 0.43925
Epoch: 0 [7410/10000 (74%)] Unweighted L_s : L_Mnfld: 0.00086,  L_NonMnfld: 0.02502,  L_Nrml: 0.00000,  L_Eknl: 0.09725, L_Morse: 4.39252

Weights: [7000.0, 600.0, 0, 50.0, 0.0, 0.1], lr=5.000e-05
Epoch: 0 [7420/10000 (74%)] Loss: 26.75962 = L_Mnfld: 6.05754 + L_NonMnfld: 15.36909 + L_Nrml: 0.00000 + L_Eknl: 4.86245 + L_Div: 0.00000 + L_Morse: 0.47055
Epoch: 0 [7420/10000 (74%)] Unweighted L_s : L_Mnfld: 0.00087,  L_NonMnfld: 0.02562,  L_Nrml: 0.00000,  L_Eknl: 0.09725, L_Morse: 4.70548

Weights: [7000.0, 600.0, 0, 50.0, 0.0, 0.1], lr=5.000e-05
Epoch: 0 [7430/10000 (74%)] Loss: 24.97326 = L_Mnfld: 6.08449 + L_NonMnfld: 13.61522 + L_Nrml: 0.00000 + L_Eknl: 4.82668 + L_Div: 0.00000 + L_Morse: 0.44686
Epoch: 0 [7430/10000 (74%)] Unweighted L_s : L_Mnfld: 0.00087,  L_NonMnfld: 0.02269,  L_Nrml: 0.00000,  L_Eknl: 0.09653, L_Morse: 4.46860

Weights: [7000.0, 600.0, 0, 50.0, 0.0, 0.1], lr=5.000e-05
Epoch: 0 [7440/10000 (74%)] Loss: 25.73253 = L_Mnfld: 6.33732 + L_NonMnfld: 14.13438 + L_Nrml: 0.00000 + L_Eknl: 4.82745 + L_Div: 0.00000 + L_Morse: 0.43339
Epoch: 0 [7440/10000 (74%)] Unweighted L_s : L_Mnfld: 0.00091,  L_NonMnfld: 0.02356,  L_Nrml: 0.00000,  L_Eknl: 0.09655, L_Morse: 4.33389

Weights: [7000.0, 600.0, 0, 50.0, 0.0, 0.1], lr=5.000e-05
Epoch: 0 [7450/10000 (74%)] Loss: 25.45966 = L_Mnfld: 5.99503 + L_NonMnfld: 14.29095 + L_Nrml: 0.00000 + L_Eknl: 4.74329 + L_Div: 0.00000 + L_Morse: 0.43039
Epoch: 0 [7450/10000 (74%)] Unweighted L_s : L_Mnfld: 0.00086,  L_NonMnfld: 0.02382,  L_Nrml: 0.00000,  L_Eknl: 0.09487, L_Morse: 4.30385

Weights: [7000.0, 600.0, 0, 50.0, 0.0, 0.1], lr=5.000e-05
Epoch: 0 [7460/10000 (75%)] Loss: 26.58647 = L_Mnfld: 6.12378 + L_NonMnfld: 15.23743 + L_Nrml: 0.00000 + L_Eknl: 4.75220 + L_Div: 0.00000 + L_Morse: 0.47306
Epoch: 0 [7460/10000 (75%)] Unweighted L_s : L_Mnfld: 0.00087,  L_NonMnfld: 0.02540,  L_Nrml: 0.00000,  L_Eknl: 0.09504, L_Morse: 4.73064

Weights: [7000.0, 600.0, 0, 50.0, 0.0, 0.1], lr=5.000e-05
Epoch: 0 [7470/10000 (75%)] Loss: 27.70771 = L_Mnfld: 6.25790 + L_NonMnfld: 16.31523 + L_Nrml: 0.00000 + L_Eknl: 4.69857 + L_Div: 0.00000 + L_Morse: 0.43601
Epoch: 0 [7470/10000 (75%)] Unweighted L_s : L_Mnfld: 0.00089,  L_NonMnfld: 0.02719,  L_Nrml: 0.00000,  L_Eknl: 0.09397, L_Morse: 4.36007

Weights: [7000.0, 600.0, 0, 50.0, 0.0, 0.1], lr=5.000e-05
Epoch: 0 [7480/10000 (75%)] Loss: 26.80886 = L_Mnfld: 6.21169 + L_NonMnfld: 15.29299 + L_Nrml: 0.00000 + L_Eknl: 4.85306 + L_Div: 0.00000 + L_Morse: 0.45112
Epoch: 0 [7480/10000 (75%)] Unweighted L_s : L_Mnfld: 0.00089,  L_NonMnfld: 0.02549,  L_Nrml: 0.00000,  L_Eknl: 0.09706, L_Morse: 4.51117

Weights: [7000.0, 600.0, 0, 50.0, 0.0, 0.1], lr=5.000e-05
Epoch: 0 [7490/10000 (75%)] Loss: 25.82221 = L_Mnfld: 5.86678 + L_NonMnfld: 14.65253 + L_Nrml: 0.00000 + L_Eknl: 4.86338 + L_Div: 0.00000 + L_Morse: 0.43952
Epoch: 0 [7490/10000 (75%)] Unweighted L_s : L_Mnfld: 0.00084,  L_NonMnfld: 0.02442,  L_Nrml: 0.00000,  L_Eknl: 0.09727, L_Morse: 4.39519

Weights: [7000.0, 600.0, 0, 50.0, 0.0, 0.1], lr=5.000e-05
Epoch: 0 [7500/10000 (75%)] Loss: 27.03513 = L_Mnfld: 6.57911 + L_NonMnfld: 14.93334 + L_Nrml: 0.00000 + L_Eknl: 5.07379 + L_Div: 0.00000 + L_Morse: 0.44889
Epoch: 0 [7500/10000 (75%)] Unweighted L_s : L_Mnfld: 0.00094,  L_NonMnfld: 0.02489,  L_Nrml: 0.00000,  L_Eknl: 0.10148, L_Morse: 4.48890

Weights: [7000.0, 600.0, 0, 50.0, 0.0, 0.1], lr=5.000e-05
Epoch: 0 [7510/10000 (75%)] Loss: 26.63243 = L_Mnfld: 6.29819 + L_NonMnfld: 15.02175 + L_Nrml: 0.00000 + L_Eknl: 4.84603 + L_Div: 0.00000 + L_Morse: 0.46647
Epoch: 0 [7510/10000 (75%)] Unweighted L_s : L_Mnfld: 0.00090,  L_NonMnfld: 0.02504,  L_Nrml: 0.00000,  L_Eknl: 0.09692, L_Morse: 4.66465

Weights: [7000.0, 600.0, 0, 50.0, 0.0, 0.1], lr=5.000e-05
Epoch: 0 [7520/10000 (75%)] Loss: 25.22277 = L_Mnfld: 6.09073 + L_NonMnfld: 14.00132 + L_Nrml: 0.00000 + L_Eknl: 4.67251 + L_Div: 0.00000 + L_Morse: 0.45821
Epoch: 0 [7520/10000 (75%)] Unweighted L_s : L_Mnfld: 0.00087,  L_NonMnfld: 0.02334,  L_Nrml: 0.00000,  L_Eknl: 0.09345, L_Morse: 4.58207

Weights: [7000.0, 600.0, 0, 50.0, 0.0, 0.1], lr=5.000e-05
Epoch: 0 [7530/10000 (75%)] Loss: 24.33654 = L_Mnfld: 5.73899 + L_NonMnfld: 13.44406 + L_Nrml: 0.00000 + L_Eknl: 4.69544 + L_Div: 0.00000 + L_Morse: 0.45804
Epoch: 0 [7530/10000 (75%)] Unweighted L_s : L_Mnfld: 0.00082,  L_NonMnfld: 0.02241,  L_Nrml: 0.00000,  L_Eknl: 0.09391, L_Morse: 4.58039

Weights: [7000.0, 600.0, 0, 50.0, 0.0, 0.1], lr=5.000e-05
Epoch: 0 [7540/10000 (75%)] Loss: 26.03794 = L_Mnfld: 6.28255 + L_NonMnfld: 14.45526 + L_Nrml: 0.00000 + L_Eknl: 4.86827 + L_Div: 0.00000 + L_Morse: 0.43187
Epoch: 0 [7540/10000 (75%)] Unweighted L_s : L_Mnfld: 0.00090,  L_NonMnfld: 0.02409,  L_Nrml: 0.00000,  L_Eknl: 0.09737, L_Morse: 4.31865

Weights: [7000.0, 600.0, 0, 50.0, 0.0, 0.1], lr=5.000e-05
Epoch: 0 [7550/10000 (76%)] Loss: 26.56044 = L_Mnfld: 5.96483 + L_NonMnfld: 15.30768 + L_Nrml: 0.00000 + L_Eknl: 4.82161 + L_Div: 0.00000 + L_Morse: 0.46632
Epoch: 0 [7550/10000 (76%)] Unweighted L_s : L_Mnfld: 0.00085,  L_NonMnfld: 0.02551,  L_Nrml: 0.00000,  L_Eknl: 0.09643, L_Morse: 4.66324

Weights: [7000.0, 600.0, 0, 50.0, 0.0, 0.1], lr=5.000e-05
Epoch: 0 [7560/10000 (76%)] Loss: 27.04424 = L_Mnfld: 5.98266 + L_NonMnfld: 15.82895 + L_Nrml: 0.00000 + L_Eknl: 4.79697 + L_Div: 0.00000 + L_Morse: 0.43567
Epoch: 0 [7560/10000 (76%)] Unweighted L_s : L_Mnfld: 0.00085,  L_NonMnfld: 0.02638,  L_Nrml: 0.00000,  L_Eknl: 0.09594, L_Morse: 4.35669

Weights: [7000.0, 600.0, 0, 50.0, 0.0, 0.1], lr=5.000e-05
Epoch: 0 [7570/10000 (76%)] Loss: 26.21943 = L_Mnfld: 6.13716 + L_NonMnfld: 14.77118 + L_Nrml: 0.00000 + L_Eknl: 4.84826 + L_Div: 0.00000 + L_Morse: 0.46283
Epoch: 0 [7570/10000 (76%)] Unweighted L_s : L_Mnfld: 0.00088,  L_NonMnfld: 0.02462,  L_Nrml: 0.00000,  L_Eknl: 0.09697, L_Morse: 4.62834

Weights: [7000.0, 600.0, 0, 50.0, 0.0, 0.1], lr=5.000e-05
Epoch: 0 [7580/10000 (76%)] Loss: 26.65639 = L_Mnfld: 6.35181 + L_NonMnfld: 14.83672 + L_Nrml: 0.00000 + L_Eknl: 5.00922 + L_Div: 0.00000 + L_Morse: 0.45864
Epoch: 0 [7580/10000 (76%)] Unweighted L_s : L_Mnfld: 0.00091,  L_NonMnfld: 0.02473,  L_Nrml: 0.00000,  L_Eknl: 0.10018, L_Morse: 4.58641

Weights: [7000.0, 600.0, 0, 50.0, 0.0, 0.1], lr=5.000e-05
Epoch: 0 [7590/10000 (76%)] Loss: 25.55324 = L_Mnfld: 6.11268 + L_NonMnfld: 14.02081 + L_Nrml: 0.00000 + L_Eknl: 4.97108 + L_Div: 0.00000 + L_Morse: 0.44867
Epoch: 0 [7590/10000 (76%)] Unweighted L_s : L_Mnfld: 0.00087,  L_NonMnfld: 0.02337,  L_Nrml: 0.00000,  L_Eknl: 0.09942, L_Morse: 4.48674

Weights: [7000.0, 600.0, 0, 50.0, 0.0, 0.1], lr=5.000e-05
Epoch: 0 [7600/10000 (76%)] Loss: 25.73228 = L_Mnfld: 6.34655 + L_NonMnfld: 13.98856 + L_Nrml: 0.00000 + L_Eknl: 4.95486 + L_Div: 0.00000 + L_Morse: 0.44232
Epoch: 0 [7600/10000 (76%)] Unweighted L_s : L_Mnfld: 0.00091,  L_NonMnfld: 0.02331,  L_Nrml: 0.00000,  L_Eknl: 0.09910, L_Morse: 4.42319

Weights: [7000.0, 600.0, 0, 50.0, 0.0, 0.1], lr=5.000e-05
Epoch: 0 [7610/10000 (76%)] Loss: 25.71474 = L_Mnfld: 6.14584 + L_NonMnfld: 14.43464 + L_Nrml: 0.00000 + L_Eknl: 4.68158 + L_Div: 0.00000 + L_Morse: 0.45268
Epoch: 0 [7610/10000 (76%)] Unweighted L_s : L_Mnfld: 0.00088,  L_NonMnfld: 0.02406,  L_Nrml: 0.00000,  L_Eknl: 0.09363, L_Morse: 4.52684

Weights: [7000.0, 600.0, 0, 50.0, 0.0, 0.1], lr=5.000e-05
Epoch: 0 [7620/10000 (76%)] Loss: 26.45799 = L_Mnfld: 6.14741 + L_NonMnfld: 14.84828 + L_Nrml: 0.00000 + L_Eknl: 5.01457 + L_Div: 0.00000 + L_Morse: 0.44772
Epoch: 0 [7620/10000 (76%)] Unweighted L_s : L_Mnfld: 0.00088,  L_NonMnfld: 0.02475,  L_Nrml: 0.00000,  L_Eknl: 0.10029, L_Morse: 4.47718

Weights: [7000.0, 600.0, 0, 50.0, 0.0, 0.1], lr=5.000e-05
Epoch: 0 [7630/10000 (76%)] Loss: 26.13837 = L_Mnfld: 6.06487 + L_NonMnfld: 14.82560 + L_Nrml: 0.00000 + L_Eknl: 4.78992 + L_Div: 0.00000 + L_Morse: 0.45798
Epoch: 0 [7630/10000 (76%)] Unweighted L_s : L_Mnfld: 0.00087,  L_NonMnfld: 0.02471,  L_Nrml: 0.00000,  L_Eknl: 0.09580, L_Morse: 4.57981

Weights: [7000.0, 600.0, 0, 50.0, 0.0, 0.1], lr=5.000e-05
Epoch: 0 [7640/10000 (76%)] Loss: 26.38307 = L_Mnfld: 6.25783 + L_NonMnfld: 14.86216 + L_Nrml: 0.00000 + L_Eknl: 4.84480 + L_Div: 0.00000 + L_Morse: 0.41828
Epoch: 0 [7640/10000 (76%)] Unweighted L_s : L_Mnfld: 0.00089,  L_NonMnfld: 0.02477,  L_Nrml: 0.00000,  L_Eknl: 0.09690, L_Morse: 4.18281

Weights: [7000.0, 600.0, 0, 50.0, 0.0, 0.1], lr=5.000e-05
Epoch: 0 [7650/10000 (76%)] Loss: 26.32284 = L_Mnfld: 6.12287 + L_NonMnfld: 14.89452 + L_Nrml: 0.00000 + L_Eknl: 4.86118 + L_Div: 0.00000 + L_Morse: 0.44426
Epoch: 0 [7650/10000 (76%)] Unweighted L_s : L_Mnfld: 0.00087,  L_NonMnfld: 0.02482,  L_Nrml: 0.00000,  L_Eknl: 0.09722, L_Morse: 4.44261

Weights: [7000.0, 600.0, 0, 50.0, 0.0, 0.1], lr=5.000e-05
Epoch: 0 [7660/10000 (77%)] Loss: 27.36114 = L_Mnfld: 6.54862 + L_NonMnfld: 15.53456 + L_Nrml: 0.00000 + L_Eknl: 4.83427 + L_Div: 0.00000 + L_Morse: 0.44368
Epoch: 0 [7660/10000 (77%)] Unweighted L_s : L_Mnfld: 0.00094,  L_NonMnfld: 0.02589,  L_Nrml: 0.00000,  L_Eknl: 0.09669, L_Morse: 4.43683

Weights: [7000.0, 600.0, 0, 50.0, 0.0, 0.1], lr=5.000e-05
Epoch: 0 [7670/10000 (77%)] Loss: 27.43287 = L_Mnfld: 6.48338 + L_NonMnfld: 15.19523 + L_Nrml: 0.00000 + L_Eknl: 5.31053 + L_Div: 0.00000 + L_Morse: 0.44372
Epoch: 0 [7670/10000 (77%)] Unweighted L_s : L_Mnfld: 0.00093,  L_NonMnfld: 0.02533,  L_Nrml: 0.00000,  L_Eknl: 0.10621, L_Morse: 4.43725

Weights: [7000.0, 600.0, 0, 50.0, 0.0, 0.1], lr=5.000e-05
Epoch: 0 [7680/10000 (77%)] Loss: 25.44559 = L_Mnfld: 6.71878 + L_NonMnfld: 13.27019 + L_Nrml: 0.00000 + L_Eknl: 5.03858 + L_Div: 0.00000 + L_Morse: 0.41804
Epoch: 0 [7680/10000 (77%)] Unweighted L_s : L_Mnfld: 0.00096,  L_NonMnfld: 0.02212,  L_Nrml: 0.00000,  L_Eknl: 0.10077, L_Morse: 4.18036

Weights: [7000.0, 600.0, 0, 50.0, 0.0, 0.1], lr=5.000e-05
Epoch: 0 [7690/10000 (77%)] Loss: 25.37048 = L_Mnfld: 6.49774 + L_NonMnfld: 13.58588 + L_Nrml: 0.00000 + L_Eknl: 4.84070 + L_Div: 0.00000 + L_Morse: 0.44617
Epoch: 0 [7690/10000 (77%)] Unweighted L_s : L_Mnfld: 0.00093,  L_NonMnfld: 0.02264,  L_Nrml: 0.00000,  L_Eknl: 0.09681, L_Morse: 4.46170

Weights: [7000.0, 600.0, 0, 50.0, 0.0, 0.1], lr=5.000e-05
Epoch: 0 [7700/10000 (77%)] Loss: 27.15045 = L_Mnfld: 6.44560 + L_NonMnfld: 15.25238 + L_Nrml: 0.00000 + L_Eknl: 5.01539 + L_Div: 0.00000 + L_Morse: 0.43709
Epoch: 0 [7700/10000 (77%)] Unweighted L_s : L_Mnfld: 0.00092,  L_NonMnfld: 0.02542,  L_Nrml: 0.00000,  L_Eknl: 0.10031, L_Morse: 4.37085

Weights: [7000.0, 600.0, 0, 50.0, 0.0, 0.1], lr=5.000e-05
Epoch: 0 [7710/10000 (77%)] Loss: 25.67917 = L_Mnfld: 6.41557 + L_NonMnfld: 13.97707 + L_Nrml: 0.00000 + L_Eknl: 4.84551 + L_Div: 0.00000 + L_Morse: 0.44102
Epoch: 0 [7710/10000 (77%)] Unweighted L_s : L_Mnfld: 0.00092,  L_NonMnfld: 0.02330,  L_Nrml: 0.00000,  L_Eknl: 0.09691, L_Morse: 4.41021

Weights: [7000.0, 600.0, 0, 50.0, 0.0, 0.1], lr=5.000e-05
Epoch: 0 [7720/10000 (77%)] Loss: 26.25032 = L_Mnfld: 6.33762 + L_NonMnfld: 14.56079 + L_Nrml: 0.00000 + L_Eknl: 4.87176 + L_Div: 0.00000 + L_Morse: 0.48015
Epoch: 0 [7720/10000 (77%)] Unweighted L_s : L_Mnfld: 0.00091,  L_NonMnfld: 0.02427,  L_Nrml: 0.00000,  L_Eknl: 0.09744, L_Morse: 4.80154

Weights: [7000.0, 600.0, 0, 50.0, 0.0, 0.1], lr=5.000e-05
Epoch: 0 [7730/10000 (77%)] Loss: 27.00784 = L_Mnfld: 6.50278 + L_NonMnfld: 15.04564 + L_Nrml: 0.00000 + L_Eknl: 4.98508 + L_Div: 0.00000 + L_Morse: 0.47435
Epoch: 0 [7730/10000 (77%)] Unweighted L_s : L_Mnfld: 0.00093,  L_NonMnfld: 0.02508,  L_Nrml: 0.00000,  L_Eknl: 0.09970, L_Morse: 4.74345

Weights: [7000.0, 600.0, 0, 50.0, 0.0, 0.1], lr=5.000e-05
Epoch: 0 [7740/10000 (77%)] Loss: 25.28366 = L_Mnfld: 6.21223 + L_NonMnfld: 13.88637 + L_Nrml: 0.00000 + L_Eknl: 4.72890 + L_Div: 0.00000 + L_Morse: 0.45616
Epoch: 0 [7740/10000 (77%)] Unweighted L_s : L_Mnfld: 0.00089,  L_NonMnfld: 0.02314,  L_Nrml: 0.00000,  L_Eknl: 0.09458, L_Morse: 4.56163

Weights: [7000.0, 600.0, 0, 50.0, 0.0, 0.1], lr=5.000e-05
Epoch: 0 [7750/10000 (78%)] Loss: 25.33151 = L_Mnfld: 6.21207 + L_NonMnfld: 13.81294 + L_Nrml: 0.00000 + L_Eknl: 4.83254 + L_Div: 0.00000 + L_Morse: 0.47396
Epoch: 0 [7750/10000 (78%)] Unweighted L_s : L_Mnfld: 0.00089,  L_NonMnfld: 0.02302,  L_Nrml: 0.00000,  L_Eknl: 0.09665, L_Morse: 4.73960

Weights: [7000.0, 600.0, 0, 50.0, 0.0, 0.1], lr=5.000e-05
Epoch: 0 [7760/10000 (78%)] Loss: 27.66603 = L_Mnfld: 6.71945 + L_NonMnfld: 15.64478 + L_Nrml: 0.00000 + L_Eknl: 4.82795 + L_Div: 0.00000 + L_Morse: 0.47384
Epoch: 0 [7760/10000 (78%)] Unweighted L_s : L_Mnfld: 0.00096,  L_NonMnfld: 0.02607,  L_Nrml: 0.00000,  L_Eknl: 0.09656, L_Morse: 4.73842

Weights: [7000.0, 600.0, 0, 50.0, 0.0, 0.1], lr=5.000e-05
Epoch: 0 [7770/10000 (78%)] Loss: 24.83737 = L_Mnfld: 6.30383 + L_NonMnfld: 13.20202 + L_Nrml: 0.00000 + L_Eknl: 4.87091 + L_Div: 0.00000 + L_Morse: 0.46061
Epoch: 0 [7770/10000 (78%)] Unweighted L_s : L_Mnfld: 0.00090,  L_NonMnfld: 0.02200,  L_Nrml: 0.00000,  L_Eknl: 0.09742, L_Morse: 4.60607

Weights: [7000.0, 600.0, 0, 50.0, 0.0, 0.1], lr=5.000e-05
Epoch: 0 [7780/10000 (78%)] Loss: 25.83541 = L_Mnfld: 6.44005 + L_NonMnfld: 13.97708 + L_Nrml: 0.00000 + L_Eknl: 4.95702 + L_Div: 0.00000 + L_Morse: 0.46127
Epoch: 0 [7780/10000 (78%)] Unweighted L_s : L_Mnfld: 0.00092,  L_NonMnfld: 0.02330,  L_Nrml: 0.00000,  L_Eknl: 0.09914, L_Morse: 4.61271

Weights: [7000.0, 600.0, 0, 50.0, 0.0, 0.1], lr=5.000e-05
Epoch: 0 [7790/10000 (78%)] Loss: 25.70345 = L_Mnfld: 6.17197 + L_NonMnfld: 14.30506 + L_Nrml: 0.00000 + L_Eknl: 4.80481 + L_Div: 0.00000 + L_Morse: 0.42161
Epoch: 0 [7790/10000 (78%)] Unweighted L_s : L_Mnfld: 0.00088,  L_NonMnfld: 0.02384,  L_Nrml: 0.00000,  L_Eknl: 0.09610, L_Morse: 4.21610

Weights: [7000.0, 600.0, 0, 50.0, 0.0, 0.1], lr=5.000e-05
Epoch: 0 [7800/10000 (78%)] Loss: 25.96594 = L_Mnfld: 6.29735 + L_NonMnfld: 14.53394 + L_Nrml: 0.00000 + L_Eknl: 4.69485 + L_Div: 0.00000 + L_Morse: 0.43980
Epoch: 0 [7800/10000 (78%)] Unweighted L_s : L_Mnfld: 0.00090,  L_NonMnfld: 0.02422,  L_Nrml: 0.00000,  L_Eknl: 0.09390, L_Morse: 4.39797

Weights: [7000.0, 600.0, 0, 50.0, 0.0, 0.1], lr=5.000e-05
Epoch: 0 [7810/10000 (78%)] Loss: 27.36773 = L_Mnfld: 6.18762 + L_NonMnfld: 15.90142 + L_Nrml: 0.00000 + L_Eknl: 4.82320 + L_Div: 0.00000 + L_Morse: 0.45550
Epoch: 0 [7810/10000 (78%)] Unweighted L_s : L_Mnfld: 0.00088,  L_NonMnfld: 0.02650,  L_Nrml: 0.00000,  L_Eknl: 0.09646, L_Morse: 4.55497

Weights: [7000.0, 600.0, 0, 50.0, 0.0, 0.1], lr=5.000e-05
Epoch: 0 [7820/10000 (78%)] Loss: 26.68525 = L_Mnfld: 6.45831 + L_NonMnfld: 14.99671 + L_Nrml: 0.00000 + L_Eknl: 4.76686 + L_Div: 0.00000 + L_Morse: 0.46337
Epoch: 0 [7820/10000 (78%)] Unweighted L_s : L_Mnfld: 0.00092,  L_NonMnfld: 0.02499,  L_Nrml: 0.00000,  L_Eknl: 0.09534, L_Morse: 4.63370

Weights: [7000.0, 600.0, 0, 50.0, 0.0, 0.1], lr=5.000e-05
Epoch: 0 [7830/10000 (78%)] Loss: 25.59305 = L_Mnfld: 6.52843 + L_NonMnfld: 13.78250 + L_Nrml: 0.00000 + L_Eknl: 4.81920 + L_Div: 0.00000 + L_Morse: 0.46293
Epoch: 0 [7830/10000 (78%)] Unweighted L_s : L_Mnfld: 0.00093,  L_NonMnfld: 0.02297,  L_Nrml: 0.00000,  L_Eknl: 0.09638, L_Morse: 4.62927

Weights: [7000.0, 600.0, 0, 50.0, 0.0, 0.1], lr=5.000e-05
Epoch: 0 [7840/10000 (78%)] Loss: 26.09434 = L_Mnfld: 6.57392 + L_NonMnfld: 14.03807 + L_Nrml: 0.00000 + L_Eknl: 5.01562 + L_Div: 0.00000 + L_Morse: 0.46673
Epoch: 0 [7840/10000 (78%)] Unweighted L_s : L_Mnfld: 0.00094,  L_NonMnfld: 0.02340,  L_Nrml: 0.00000,  L_Eknl: 0.10031, L_Morse: 4.66729

Weights: [7000.0, 600.0, 0, 50.0, 0.0, 0.1], lr=5.000e-05
Epoch: 0 [7850/10000 (78%)] Loss: 25.17089 = L_Mnfld: 6.31716 + L_NonMnfld: 13.45287 + L_Nrml: 0.00000 + L_Eknl: 4.95595 + L_Div: 0.00000 + L_Morse: 0.44491
Epoch: 0 [7850/10000 (78%)] Unweighted L_s : L_Mnfld: 0.00090,  L_NonMnfld: 0.02242,  L_Nrml: 0.00000,  L_Eknl: 0.09912, L_Morse: 4.44915

Weights: [7000.0, 600.0, 0, 50.0, 0.0, 0.1], lr=5.000e-05
Epoch: 0 [7860/10000 (79%)] Loss: 27.95785 = L_Mnfld: 6.47437 + L_NonMnfld: 16.05871 + L_Nrml: 0.00000 + L_Eknl: 4.96682 + L_Div: 0.00000 + L_Morse: 0.45795
Epoch: 0 [7860/10000 (79%)] Unweighted L_s : L_Mnfld: 0.00092,  L_NonMnfld: 0.02676,  L_Nrml: 0.00000,  L_Eknl: 0.09934, L_Morse: 4.57948

Weights: [7000.0, 600.0, 0, 50.0, 0.0, 0.1], lr=5.000e-05
Epoch: 0 [7870/10000 (79%)] Loss: 25.50182 = L_Mnfld: 6.12425 + L_NonMnfld: 14.17441 + L_Nrml: 0.00000 + L_Eknl: 4.76311 + L_Div: 0.00000 + L_Morse: 0.44004
Epoch: 0 [7870/10000 (79%)] Unweighted L_s : L_Mnfld: 0.00087,  L_NonMnfld: 0.02362,  L_Nrml: 0.00000,  L_Eknl: 0.09526, L_Morse: 4.40044

Weights: [7000.0, 600.0, 0, 50.0, 0.0, 0.1], lr=5.000e-05
Epoch: 0 [7880/10000 (79%)] Loss: 26.02126 = L_Mnfld: 6.56432 + L_NonMnfld: 14.22457 + L_Nrml: 0.00000 + L_Eknl: 4.78257 + L_Div: 0.00000 + L_Morse: 0.44980
Epoch: 0 [7880/10000 (79%)] Unweighted L_s : L_Mnfld: 0.00094,  L_NonMnfld: 0.02371,  L_Nrml: 0.00000,  L_Eknl: 0.09565, L_Morse: 4.49795

Weights: [7000.0, 600.0, 0, 50.0, 0.0, 0.1], lr=5.000e-05
Epoch: 0 [7890/10000 (79%)] Loss: 25.79251 = L_Mnfld: 6.13220 + L_NonMnfld: 14.39410 + L_Nrml: 0.00000 + L_Eknl: 4.81543 + L_Div: 0.00000 + L_Morse: 0.45078
Epoch: 0 [7890/10000 (79%)] Unweighted L_s : L_Mnfld: 0.00088,  L_NonMnfld: 0.02399,  L_Nrml: 0.00000,  L_Eknl: 0.09631, L_Morse: 4.50778

Weights: [7000.0, 600.0, 0, 50.0, 0.0, 0.1], lr=5.000e-05
Epoch: 0 [7900/10000 (79%)] Loss: 25.03359 = L_Mnfld: 6.24872 + L_NonMnfld: 13.56621 + L_Nrml: 0.00000 + L_Eknl: 4.78734 + L_Div: 0.00000 + L_Morse: 0.43132
Epoch: 0 [7900/10000 (79%)] Unweighted L_s : L_Mnfld: 0.00089,  L_NonMnfld: 0.02261,  L_Nrml: 0.00000,  L_Eknl: 0.09575, L_Morse: 4.31320

Weights: [7000.0, 600.0, 0, 50.0, 0.0, 0.1], lr=5.000e-05
Epoch: 0 [7910/10000 (79%)] Loss: 26.29490 = L_Mnfld: 6.04433 + L_NonMnfld: 15.02238 + L_Nrml: 0.00000 + L_Eknl: 4.77665 + L_Div: 0.00000 + L_Morse: 0.45154
Epoch: 0 [7910/10000 (79%)] Unweighted L_s : L_Mnfld: 0.00086,  L_NonMnfld: 0.02504,  L_Nrml: 0.00000,  L_Eknl: 0.09553, L_Morse: 4.51543

Weights: [7000.0, 600.0, 0, 50.0, 0.0, 0.1], lr=5.000e-05
Epoch: 0 [7920/10000 (79%)] Loss: 25.51636 = L_Mnfld: 6.07215 + L_NonMnfld: 14.14857 + L_Nrml: 0.00000 + L_Eknl: 4.84581 + L_Div: 0.00000 + L_Morse: 0.44983
Epoch: 0 [7920/10000 (79%)] Unweighted L_s : L_Mnfld: 0.00087,  L_NonMnfld: 0.02358,  L_Nrml: 0.00000,  L_Eknl: 0.09692, L_Morse: 4.49828

Weights: [7000.0, 600.0, 0, 50.0, 0.0, 0.1], lr=5.000e-05
Epoch: 0 [7930/10000 (79%)] Loss: 24.58423 = L_Mnfld: 5.82309 + L_NonMnfld: 13.53331 + L_Nrml: 0.00000 + L_Eknl: 4.76734 + L_Div: 0.00000 + L_Morse: 0.46049
Epoch: 0 [7930/10000 (79%)] Unweighted L_s : L_Mnfld: 0.00083,  L_NonMnfld: 0.02256,  L_Nrml: 0.00000,  L_Eknl: 0.09535, L_Morse: 4.60494

Weights: [7000.0, 600.0, 0, 50.0, 0.0, 0.1], lr=5.000e-05
Epoch: 0 [7940/10000 (79%)] Loss: 25.97935 = L_Mnfld: 6.25443 + L_NonMnfld: 14.38638 + L_Nrml: 0.00000 + L_Eknl: 4.87035 + L_Div: 0.00000 + L_Morse: 0.46819
Epoch: 0 [7940/10000 (79%)] Unweighted L_s : L_Mnfld: 0.00089,  L_NonMnfld: 0.02398,  L_Nrml: 0.00000,  L_Eknl: 0.09741, L_Morse: 4.68190

Weights: [7000.0, 600.0, 0, 50.0, 0.0, 0.1], lr=5.000e-05
Epoch: 0 [7950/10000 (80%)] Loss: 25.54987 = L_Mnfld: 5.82992 + L_NonMnfld: 14.40208 + L_Nrml: 0.00000 + L_Eknl: 4.86542 + L_Div: 0.00000 + L_Morse: 0.45245
Epoch: 0 [7950/10000 (80%)] Unweighted L_s : L_Mnfld: 0.00083,  L_NonMnfld: 0.02400,  L_Nrml: 0.00000,  L_Eknl: 0.09731, L_Morse: 4.52449

Weights: [7000.0, 600.0, 0, 50.0, 0.0, 0.1], lr=5.000e-05
Epoch: 0 [7960/10000 (80%)] Loss: 26.47436 = L_Mnfld: 6.27669 + L_NonMnfld: 14.89305 + L_Nrml: 0.00000 + L_Eknl: 4.84012 + L_Div: 0.00000 + L_Morse: 0.46450
Epoch: 0 [7960/10000 (80%)] Unweighted L_s : L_Mnfld: 0.00090,  L_NonMnfld: 0.02482,  L_Nrml: 0.00000,  L_Eknl: 0.09680, L_Morse: 4.64503

Weights: [7000.0, 600.0, 0, 50.0, 0.0, 0.1], lr=5.000e-05
Epoch: 0 [7970/10000 (80%)] Loss: 25.98329 = L_Mnfld: 5.78012 + L_NonMnfld: 15.25624 + L_Nrml: 0.00000 + L_Eknl: 4.50031 + L_Div: 0.00000 + L_Morse: 0.44662
Epoch: 0 [7970/10000 (80%)] Unweighted L_s : L_Mnfld: 0.00083,  L_NonMnfld: 0.02543,  L_Nrml: 0.00000,  L_Eknl: 0.09001, L_Morse: 4.46615

Weights: [7000.0, 600.0, 0, 50.0, 0.0, 0.1], lr=5.000e-05
Epoch: 0 [7980/10000 (80%)] Loss: 27.99290 = L_Mnfld: 6.69658 + L_NonMnfld: 16.01505 + L_Nrml: 0.00000 + L_Eknl: 4.84976 + L_Div: 0.00000 + L_Morse: 0.43152
Epoch: 0 [7980/10000 (80%)] Unweighted L_s : L_Mnfld: 0.00096,  L_NonMnfld: 0.02669,  L_Nrml: 0.00000,  L_Eknl: 0.09700, L_Morse: 4.31516

Weights: [7000.0, 600.0, 0, 50.0, 0.0, 0.1], lr=5.000e-05
Epoch: 0 [7990/10000 (80%)] Loss: 25.40666 = L_Mnfld: 6.65478 + L_NonMnfld: 13.51278 + L_Nrml: 0.00000 + L_Eknl: 4.79287 + L_Div: 0.00000 + L_Morse: 0.44623
Epoch: 0 [7990/10000 (80%)] Unweighted L_s : L_Mnfld: 0.00095,  L_NonMnfld: 0.02252,  L_Nrml: 0.00000,  L_Eknl: 0.09586, L_Morse: 4.46225

Weights: [7000.0, 600.0, 0, 50.0, 0.0, 0.1], lr=5.000e-05
Epoch: 0 [8000/10000 (80%)] Loss: 26.68087 = L_Mnfld: 6.88402 + L_NonMnfld: 14.35507 + L_Nrml: 0.00000 + L_Eknl: 4.99100 + L_Div: 0.00000 + L_Morse: 0.45077
Epoch: 0 [8000/10000 (80%)] Unweighted L_s : L_Mnfld: 0.00098,  L_NonMnfld: 0.02393,  L_Nrml: 0.00000,  L_Eknl: 0.09982, L_Morse: 4.50774

Weights: [7000.0, 600.0, 0, 50.0, 0.0, 0.1], lr=5.000e-05
Epoch: 0 [8010/10000 (80%)] Loss: 26.41530 = L_Mnfld: 6.37979 + L_NonMnfld: 14.52108 + L_Nrml: 0.00000 + L_Eknl: 5.04349 + L_Div: 0.00000 + L_Morse: 0.47095
Epoch: 0 [8010/10000 (80%)] Unweighted L_s : L_Mnfld: 0.00091,  L_NonMnfld: 0.02420,  L_Nrml: 0.00000,  L_Eknl: 0.10087, L_Morse: 4.70948

Weights: [7000.0, 600.0, 0, 50.0, 0.0, 0.1], lr=5.000e-05
Epoch: 0 [8020/10000 (80%)] Loss: 25.58091 = L_Mnfld: 6.26785 + L_NonMnfld: 14.06691 + L_Nrml: 0.00000 + L_Eknl: 4.78273 + L_Div: 0.00000 + L_Morse: 0.46342
Epoch: 0 [8020/10000 (80%)] Unweighted L_s : L_Mnfld: 0.00090,  L_NonMnfld: 0.02344,  L_Nrml: 0.00000,  L_Eknl: 0.09565, L_Morse: 4.63422

Weights: [7000.0, 600.0, 0, 50.0, 0.0, 0.1], lr=5.000e-05
Epoch: 0 [8030/10000 (80%)] Loss: 26.00954 = L_Mnfld: 5.99844 + L_NonMnfld: 14.79277 + L_Nrml: 0.00000 + L_Eknl: 4.77704 + L_Div: 0.00000 + L_Morse: 0.44129
Epoch: 0 [8030/10000 (80%)] Unweighted L_s : L_Mnfld: 0.00086,  L_NonMnfld: 0.02465,  L_Nrml: 0.00000,  L_Eknl: 0.09554, L_Morse: 4.41295

Weights: [7000.0, 600.0, 0, 50.0, 0.0, 0.1], lr=5.000e-05
Epoch: 0 [8040/10000 (80%)] Loss: 25.71592 = L_Mnfld: 6.15636 + L_NonMnfld: 14.30909 + L_Nrml: 0.00000 + L_Eknl: 4.78847 + L_Div: 0.00000 + L_Morse: 0.46200
Epoch: 0 [8040/10000 (80%)] Unweighted L_s : L_Mnfld: 0.00088,  L_NonMnfld: 0.02385,  L_Nrml: 0.00000,  L_Eknl: 0.09577, L_Morse: 4.62001

Weights: [7000.0, 600.0, 0, 50.0, 0.0, 0.1], lr=5.000e-05
Epoch: 0 [8050/10000 (80%)] Loss: 25.87810 = L_Mnfld: 5.93038 + L_NonMnfld: 14.78228 + L_Nrml: 0.00000 + L_Eknl: 4.71441 + L_Div: 0.00000 + L_Morse: 0.45103
Epoch: 0 [8050/10000 (80%)] Unweighted L_s : L_Mnfld: 0.00085,  L_NonMnfld: 0.02464,  L_Nrml: 0.00000,  L_Eknl: 0.09429, L_Morse: 4.51026

Weights: [7000.0, 600.0, 0, 50.0, 0.0, 0.1], lr=5.000e-05
Epoch: 0 [8060/10000 (81%)] Loss: 25.19007 = L_Mnfld: 5.96918 + L_NonMnfld: 13.98144 + L_Nrml: 0.00000 + L_Eknl: 4.80062 + L_Div: 0.00000 + L_Morse: 0.43883
Epoch: 0 [8060/10000 (81%)] Unweighted L_s : L_Mnfld: 0.00085,  L_NonMnfld: 0.02330,  L_Nrml: 0.00000,  L_Eknl: 0.09601, L_Morse: 4.38827

Weights: [7000.0, 600.0, 0, 50.0, 0.0, 0.1], lr=5.000e-05
Epoch: 0 [8070/10000 (81%)] Loss: 25.88292 = L_Mnfld: 6.30918 + L_NonMnfld: 14.33635 + L_Nrml: 0.00000 + L_Eknl: 4.78339 + L_Div: 0.00000 + L_Morse: 0.45400
Epoch: 0 [8070/10000 (81%)] Unweighted L_s : L_Mnfld: 0.00090,  L_NonMnfld: 0.02389,  L_Nrml: 0.00000,  L_Eknl: 0.09567, L_Morse: 4.53998

Weights: [7000.0, 600.0, 0, 50.0, 0.0, 0.1], lr=5.000e-05
Epoch: 0 [8080/10000 (81%)] Loss: 24.61327 = L_Mnfld: 6.19279 + L_NonMnfld: 13.25549 + L_Nrml: 0.00000 + L_Eknl: 4.71707 + L_Div: 0.00000 + L_Morse: 0.44792
Epoch: 0 [8080/10000 (81%)] Unweighted L_s : L_Mnfld: 0.00088,  L_NonMnfld: 0.02209,  L_Nrml: 0.00000,  L_Eknl: 0.09434, L_Morse: 4.47919

Weights: [7000.0, 600.0, 0, 50.0, 0.0, 0.1], lr=5.000e-05
Epoch: 0 [8090/10000 (81%)] Loss: 25.32005 = L_Mnfld: 5.91446 + L_NonMnfld: 14.17723 + L_Nrml: 0.00000 + L_Eknl: 4.77532 + L_Div: 0.00000 + L_Morse: 0.45304
Epoch: 0 [8090/10000 (81%)] Unweighted L_s : L_Mnfld: 0.00084,  L_NonMnfld: 0.02363,  L_Nrml: 0.00000,  L_Eknl: 0.09551, L_Morse: 4.53042

Weights: [7000.0, 600.0, 0, 50.0, 0.0, 0.1], lr=5.000e-05
Epoch: 0 [8100/10000 (81%)] Loss: 24.99404 = L_Mnfld: 6.19721 + L_NonMnfld: 13.48651 + L_Nrml: 0.00000 + L_Eknl: 4.85069 + L_Div: 0.00000 + L_Morse: 0.45963
Epoch: 0 [8100/10000 (81%)] Unweighted L_s : L_Mnfld: 0.00089,  L_NonMnfld: 0.02248,  L_Nrml: 0.00000,  L_Eknl: 0.09701, L_Morse: 4.59631

Weights: [7000.0, 600.0, 0, 50.0, 0.0, 0.1], lr=5.000e-05
Epoch: 0 [8110/10000 (81%)] Loss: 25.58649 = L_Mnfld: 5.74391 + L_NonMnfld: 14.71301 + L_Nrml: 0.00000 + L_Eknl: 4.65695 + L_Div: 0.00000 + L_Morse: 0.47262
Epoch: 0 [8110/10000 (81%)] Unweighted L_s : L_Mnfld: 0.00082,  L_NonMnfld: 0.02452,  L_Nrml: 0.00000,  L_Eknl: 0.09314, L_Morse: 4.72624

Weights: [7000.0, 600.0, 0, 50.0, 0.0, 0.1], lr=5.000e-05
Epoch: 0 [8120/10000 (81%)] Loss: 27.29472 = L_Mnfld: 6.42149 + L_NonMnfld: 15.63794 + L_Nrml: 0.00000 + L_Eknl: 4.76634 + L_Div: 0.00000 + L_Morse: 0.46895
Epoch: 0 [8120/10000 (81%)] Unweighted L_s : L_Mnfld: 0.00092,  L_NonMnfld: 0.02606,  L_Nrml: 0.00000,  L_Eknl: 0.09533, L_Morse: 4.68955

Weights: [7000.0, 600.0, 0, 50.0, 0.0, 0.1], lr=5.000e-05
Epoch: 0 [8130/10000 (81%)] Loss: 25.26698 = L_Mnfld: 5.84258 + L_NonMnfld: 14.20771 + L_Nrml: 0.00000 + L_Eknl: 4.76622 + L_Div: 0.00000 + L_Morse: 0.45046
Epoch: 0 [8130/10000 (81%)] Unweighted L_s : L_Mnfld: 0.00083,  L_NonMnfld: 0.02368,  L_Nrml: 0.00000,  L_Eknl: 0.09532, L_Morse: 4.50457

Weights: [7000.0, 600.0, 0, 50.0, 0.0, 0.1], lr=5.000e-05
Epoch: 0 [8140/10000 (81%)] Loss: 25.80546 = L_Mnfld: 6.36660 + L_NonMnfld: 14.28999 + L_Nrml: 0.00000 + L_Eknl: 4.70871 + L_Div: 0.00000 + L_Morse: 0.44016
Epoch: 0 [8140/10000 (81%)] Unweighted L_s : L_Mnfld: 0.00091,  L_NonMnfld: 0.02382,  L_Nrml: 0.00000,  L_Eknl: 0.09417, L_Morse: 4.40160

Weights: [7000.0, 600.0, 0, 50.0, 0.0, 0.1], lr=5.000e-05
Epoch: 0 [8150/10000 (82%)] Loss: 26.42225 = L_Mnfld: 5.97768 + L_NonMnfld: 15.29227 + L_Nrml: 0.00000 + L_Eknl: 4.70216 + L_Div: 0.00000 + L_Morse: 0.45014
Epoch: 0 [8150/10000 (82%)] Unweighted L_s : L_Mnfld: 0.00085,  L_NonMnfld: 0.02549,  L_Nrml: 0.00000,  L_Eknl: 0.09404, L_Morse: 4.50137

Weights: [7000.0, 600.0, 0, 50.0, 0.0, 0.1], lr=5.000e-05
Epoch: 0 [8160/10000 (82%)] Loss: 24.81258 = L_Mnfld: 6.06897 + L_NonMnfld: 13.52603 + L_Nrml: 0.00000 + L_Eknl: 4.75926 + L_Div: 0.00000 + L_Morse: 0.45832
Epoch: 0 [8160/10000 (82%)] Unweighted L_s : L_Mnfld: 0.00087,  L_NonMnfld: 0.02254,  L_Nrml: 0.00000,  L_Eknl: 0.09519, L_Morse: 4.58320

Weights: [7000.0, 600.0, 0, 50.0, 0.0, 0.1], lr=5.000e-05
Epoch: 0 [8170/10000 (82%)] Loss: 25.11801 = L_Mnfld: 6.06540 + L_NonMnfld: 13.72357 + L_Nrml: 0.00000 + L_Eknl: 4.87022 + L_Div: 0.00000 + L_Morse: 0.45883
Epoch: 0 [8170/10000 (82%)] Unweighted L_s : L_Mnfld: 0.00087,  L_NonMnfld: 0.02287,  L_Nrml: 0.00000,  L_Eknl: 0.09740, L_Morse: 4.58828

Weights: [7000.0, 600.0, 0, 50.0, 0.0, 0.1], lr=5.000e-05
Epoch: 0 [8180/10000 (82%)] Loss: 25.57352 = L_Mnfld: 6.56468 + L_NonMnfld: 13.63309 + L_Nrml: 0.00000 + L_Eknl: 4.89526 + L_Div: 0.00000 + L_Morse: 0.48049
Epoch: 0 [8180/10000 (82%)] Unweighted L_s : L_Mnfld: 0.00094,  L_NonMnfld: 0.02272,  L_Nrml: 0.00000,  L_Eknl: 0.09791, L_Morse: 4.80486

Weights: [7000.0, 600.0, 0, 50.0, 0.0, 0.1], lr=5.000e-05
Epoch: 0 [8190/10000 (82%)] Loss: 24.94173 = L_Mnfld: 6.21655 + L_NonMnfld: 13.30194 + L_Nrml: 0.00000 + L_Eknl: 4.98139 + L_Div: 0.00000 + L_Morse: 0.44185
Epoch: 0 [8190/10000 (82%)] Unweighted L_s : L_Mnfld: 0.00089,  L_NonMnfld: 0.02217,  L_Nrml: 0.00000,  L_Eknl: 0.09963, L_Morse: 4.41850

Weights: [7000.0, 600.0, 0, 50.0, 0.0, 0.1], lr=5.000e-05
Epoch: 0 [8200/10000 (82%)] Loss: 27.26097 = L_Mnfld: 6.39555 + L_NonMnfld: 15.60673 + L_Nrml: 0.00000 + L_Eknl: 4.80570 + L_Div: 0.00000 + L_Morse: 0.45299
Epoch: 0 [8200/10000 (82%)] Unweighted L_s : L_Mnfld: 0.00091,  L_NonMnfld: 0.02601,  L_Nrml: 0.00000,  L_Eknl: 0.09611, L_Morse: 4.52992

Weights: [7000.0, 600.0, 0, 50.0, 0.0, 0.1], lr=5.000e-05
Epoch: 0 [8210/10000 (82%)] Loss: 25.54074 = L_Mnfld: 6.35493 + L_NonMnfld: 13.83186 + L_Nrml: 0.00000 + L_Eknl: 4.89812 + L_Div: 0.00000 + L_Morse: 0.45584
Epoch: 0 [8210/10000 (82%)] Unweighted L_s : L_Mnfld: 0.00091,  L_NonMnfld: 0.02305,  L_Nrml: 0.00000,  L_Eknl: 0.09796, L_Morse: 4.55841

Weights: [7000.0, 600.0, 0, 50.0, 0.0, 0.1], lr=5.000e-05
Epoch: 0 [8220/10000 (82%)] Loss: 25.86269 = L_Mnfld: 6.19824 + L_NonMnfld: 14.38503 + L_Nrml: 0.00000 + L_Eknl: 4.82092 + L_Div: 0.00000 + L_Morse: 0.45850
Epoch: 0 [8220/10000 (82%)] Unweighted L_s : L_Mnfld: 0.00089,  L_NonMnfld: 0.02398,  L_Nrml: 0.00000,  L_Eknl: 0.09642, L_Morse: 4.58499

Weights: [7000.0, 600.0, 0, 50.0, 0.0, 0.1], lr=5.000e-05
Epoch: 0 [8230/10000 (82%)] Loss: 25.41212 = L_Mnfld: 6.17957 + L_NonMnfld: 13.92212 + L_Nrml: 0.00000 + L_Eknl: 4.84182 + L_Div: 0.00000 + L_Morse: 0.46860
Epoch: 0 [8230/10000 (82%)] Unweighted L_s : L_Mnfld: 0.00088,  L_NonMnfld: 0.02320,  L_Nrml: 0.00000,  L_Eknl: 0.09684, L_Morse: 4.68602

Weights: [7000.0, 600.0, 0, 50.0, 0.0, 0.1], lr=5.000e-05
Epoch: 0 [8240/10000 (82%)] Loss: 26.58325 = L_Mnfld: 6.28492 + L_NonMnfld: 14.91990 + L_Nrml: 0.00000 + L_Eknl: 4.92083 + L_Div: 0.00000 + L_Morse: 0.45759
Epoch: 0 [8240/10000 (82%)] Unweighted L_s : L_Mnfld: 0.00090,  L_NonMnfld: 0.02487,  L_Nrml: 0.00000,  L_Eknl: 0.09842, L_Morse: 4.57593

Weights: [7000.0, 600.0, 0, 50.0, 0.0, 0.1], lr=5.000e-05
Epoch: 0 [8250/10000 (82%)] Loss: 26.87454 = L_Mnfld: 6.31399 + L_NonMnfld: 15.31389 + L_Nrml: 0.00000 + L_Eknl: 4.78518 + L_Div: 0.00000 + L_Morse: 0.46147
Epoch: 0 [8250/10000 (82%)] Unweighted L_s : L_Mnfld: 0.00090,  L_NonMnfld: 0.02552,  L_Nrml: 0.00000,  L_Eknl: 0.09570, L_Morse: 4.61470

Weights: [7000.0, 600.0, 0, 50.0, 0.0, 0.1], lr=5.000e-05
Epoch: 0 [8260/10000 (83%)] Loss: 26.56485 = L_Mnfld: 5.99475 + L_NonMnfld: 15.27231 + L_Nrml: 0.00000 + L_Eknl: 4.83302 + L_Div: 0.00000 + L_Morse: 0.46476
Epoch: 0 [8260/10000 (83%)] Unweighted L_s : L_Mnfld: 0.00086,  L_NonMnfld: 0.02545,  L_Nrml: 0.00000,  L_Eknl: 0.09666, L_Morse: 4.64765

Weights: [7000.0, 600.0, 0, 50.0, 0.0, 0.1], lr=5.000e-05
Epoch: 0 [8270/10000 (83%)] Loss: 27.28160 = L_Mnfld: 5.85710 + L_NonMnfld: 16.14076 + L_Nrml: 0.00000 + L_Eknl: 4.81597 + L_Div: 0.00000 + L_Morse: 0.46778
Epoch: 0 [8270/10000 (83%)] Unweighted L_s : L_Mnfld: 0.00084,  L_NonMnfld: 0.02690,  L_Nrml: 0.00000,  L_Eknl: 0.09632, L_Morse: 4.67776

Weights: [7000.0, 600.0, 0, 50.0, 0.0, 0.1], lr=5.000e-05
Epoch: 0 [8280/10000 (83%)] Loss: 25.16880 = L_Mnfld: 6.13275 + L_NonMnfld: 13.73173 + L_Nrml: 0.00000 + L_Eknl: 4.82750 + L_Div: 0.00000 + L_Morse: 0.47682
Epoch: 0 [8280/10000 (83%)] Unweighted L_s : L_Mnfld: 0.00088,  L_NonMnfld: 0.02289,  L_Nrml: 0.00000,  L_Eknl: 0.09655, L_Morse: 4.76817

Weights: [7000.0, 600.0, 0, 50.0, 0.0, 0.1], lr=5.000e-05
Epoch: 0 [8290/10000 (83%)] Loss: 24.76518 = L_Mnfld: 6.09939 + L_NonMnfld: 13.37221 + L_Nrml: 0.00000 + L_Eknl: 4.81705 + L_Div: 0.00000 + L_Morse: 0.47653
Epoch: 0 [8290/10000 (83%)] Unweighted L_s : L_Mnfld: 0.00087,  L_NonMnfld: 0.02229,  L_Nrml: 0.00000,  L_Eknl: 0.09634, L_Morse: 4.76525

Weights: [7000.0, 600.0, 0, 50.0, 0.0, 0.1], lr=5.000e-05
Epoch: 0 [8300/10000 (83%)] Loss: 25.64117 = L_Mnfld: 6.11276 + L_NonMnfld: 14.25101 + L_Nrml: 0.00000 + L_Eknl: 4.82537 + L_Div: 0.00000 + L_Morse: 0.45203
Epoch: 0 [8300/10000 (83%)] Unweighted L_s : L_Mnfld: 0.00087,  L_NonMnfld: 0.02375,  L_Nrml: 0.00000,  L_Eknl: 0.09651, L_Morse: 4.52029

Weights: [7000.0, 600.0, 0, 50.0, 0.0, 0.1], lr=5.000e-05
Epoch: 0 [8310/10000 (83%)] Loss: 26.09770 = L_Mnfld: 5.88188 + L_NonMnfld: 14.89831 + L_Nrml: 0.00000 + L_Eknl: 4.83902 + L_Div: 0.00000 + L_Morse: 0.47849
Epoch: 0 [8310/10000 (83%)] Unweighted L_s : L_Mnfld: 0.00084,  L_NonMnfld: 0.02483,  L_Nrml: 0.00000,  L_Eknl: 0.09678, L_Morse: 4.78485

Weights: [7000.0, 600.0, 0, 50.0, 0.0, 0.1], lr=5.000e-05
Epoch: 0 [8320/10000 (83%)] Loss: 25.44836 = L_Mnfld: 6.09003 + L_NonMnfld: 14.19972 + L_Nrml: 0.00000 + L_Eknl: 4.68511 + L_Div: 0.00000 + L_Morse: 0.47350
Epoch: 0 [8320/10000 (83%)] Unweighted L_s : L_Mnfld: 0.00087,  L_NonMnfld: 0.02367,  L_Nrml: 0.00000,  L_Eknl: 0.09370, L_Morse: 4.73499

Weights: [7000.0, 600.0, 0, 50.0, 0.0, 0.1], lr=5.000e-05
Epoch: 0 [8330/10000 (83%)] Loss: 24.87521 = L_Mnfld: 5.94798 + L_NonMnfld: 13.81306 + L_Nrml: 0.00000 + L_Eknl: 4.64572 + L_Div: 0.00000 + L_Morse: 0.46844
Epoch: 0 [8330/10000 (83%)] Unweighted L_s : L_Mnfld: 0.00085,  L_NonMnfld: 0.02302,  L_Nrml: 0.00000,  L_Eknl: 0.09291, L_Morse: 4.68442

Weights: [7000.0, 600.0, 0, 50.0, 0.0, 0.1], lr=5.000e-05
Epoch: 0 [8340/10000 (83%)] Loss: 25.63951 = L_Mnfld: 6.10902 + L_NonMnfld: 14.25963 + L_Nrml: 0.00000 + L_Eknl: 4.79925 + L_Div: 0.00000 + L_Morse: 0.47161
Epoch: 0 [8340/10000 (83%)] Unweighted L_s : L_Mnfld: 0.00087,  L_NonMnfld: 0.02377,  L_Nrml: 0.00000,  L_Eknl: 0.09598, L_Morse: 4.71609

Weights: [7000.0, 600.0, 0, 50.0, 0.0, 0.1], lr=5.000e-05
Epoch: 0 [8350/10000 (84%)] Loss: 25.36749 = L_Mnfld: 6.18291 + L_NonMnfld: 13.88849 + L_Nrml: 0.00000 + L_Eknl: 4.84746 + L_Div: 0.00000 + L_Morse: 0.44863
Epoch: 0 [8350/10000 (84%)] Unweighted L_s : L_Mnfld: 0.00088,  L_NonMnfld: 0.02315,  L_Nrml: 0.00000,  L_Eknl: 0.09695, L_Morse: 4.48627

Weights: [7000.0, 600.0, 0, 50.0, 0.0, 0.1], lr=5.000e-05
Epoch: 0 [8360/10000 (84%)] Loss: 26.52664 = L_Mnfld: 6.32350 + L_NonMnfld: 14.77656 + L_Nrml: 0.00000 + L_Eknl: 4.95838 + L_Div: 0.00000 + L_Morse: 0.46821
Epoch: 0 [8360/10000 (84%)] Unweighted L_s : L_Mnfld: 0.00090,  L_NonMnfld: 0.02463,  L_Nrml: 0.00000,  L_Eknl: 0.09917, L_Morse: 4.68206

Weights: [7000.0, 600.0, 0, 50.0, 0.0, 0.1], lr=5.000e-05
Epoch: 0 [8370/10000 (84%)] Loss: 26.70607 = L_Mnfld: 6.48666 + L_NonMnfld: 14.87521 + L_Nrml: 0.00000 + L_Eknl: 4.87871 + L_Div: 0.00000 + L_Morse: 0.46548
Epoch: 0 [8370/10000 (84%)] Unweighted L_s : L_Mnfld: 0.00093,  L_NonMnfld: 0.02479,  L_Nrml: 0.00000,  L_Eknl: 0.09757, L_Morse: 4.65483

Weights: [7000.0, 600.0, 0, 50.0, 0.0, 0.1], lr=5.000e-05
Epoch: 0 [8380/10000 (84%)] Loss: 26.03709 = L_Mnfld: 6.61432 + L_NonMnfld: 13.93969 + L_Nrml: 0.00000 + L_Eknl: 4.99683 + L_Div: 0.00000 + L_Morse: 0.48625
Epoch: 0 [8380/10000 (84%)] Unweighted L_s : L_Mnfld: 0.00094,  L_NonMnfld: 0.02323,  L_Nrml: 0.00000,  L_Eknl: 0.09994, L_Morse: 4.86246

Weights: [7000.0, 600.0, 0, 50.0, 0.0, 0.1], lr=5.000e-05
Epoch: 0 [8390/10000 (84%)] Loss: 26.14209 = L_Mnfld: 6.00713 + L_NonMnfld: 14.70269 + L_Nrml: 0.00000 + L_Eknl: 4.92425 + L_Div: 0.00000 + L_Morse: 0.50803
Epoch: 0 [8390/10000 (84%)] Unweighted L_s : L_Mnfld: 0.00086,  L_NonMnfld: 0.02450,  L_Nrml: 0.00000,  L_Eknl: 0.09848, L_Morse: 5.08028

Weights: [7000.0, 600.0, 0, 50.0, 0.0, 0.1], lr=5.000e-05
Epoch: 0 [8400/10000 (84%)] Loss: 24.94368 = L_Mnfld: 6.25610 + L_NonMnfld: 13.29535 + L_Nrml: 0.00000 + L_Eknl: 4.93520 + L_Div: 0.00000 + L_Morse: 0.45703
Epoch: 0 [8400/10000 (84%)] Unweighted L_s : L_Mnfld: 0.00089,  L_NonMnfld: 0.02216,  L_Nrml: 0.00000,  L_Eknl: 0.09870, L_Morse: 4.57028

Weights: [7000.0, 600.0, 0, 50.0, 0.0, 0.1], lr=5.000e-05
Epoch: 0 [8410/10000 (84%)] Loss: 25.42248 = L_Mnfld: 6.37731 + L_NonMnfld: 13.70965 + L_Nrml: 0.00000 + L_Eknl: 4.86011 + L_Div: 0.00000 + L_Morse: 0.47542
Epoch: 0 [8410/10000 (84%)] Unweighted L_s : L_Mnfld: 0.00091,  L_NonMnfld: 0.02285,  L_Nrml: 0.00000,  L_Eknl: 0.09720, L_Morse: 4.75420

Weights: [7000.0, 600.0, 0, 50.0, 0.0, 0.1], lr=5.000e-05
Epoch: 0 [8420/10000 (84%)] Loss: 25.76240 = L_Mnfld: 6.60420 + L_NonMnfld: 13.55371 + L_Nrml: 0.00000 + L_Eknl: 5.13356 + L_Div: 0.00000 + L_Morse: 0.47094
Epoch: 0 [8420/10000 (84%)] Unweighted L_s : L_Mnfld: 0.00094,  L_NonMnfld: 0.02259,  L_Nrml: 0.00000,  L_Eknl: 0.10267, L_Morse: 4.70939

Weights: [7000.0, 600.0, 0, 50.0, 0.0, 0.1], lr=5.000e-05
Epoch: 0 [8430/10000 (84%)] Loss: 26.00130 = L_Mnfld: 6.39284 + L_NonMnfld: 14.26655 + L_Nrml: 0.00000 + L_Eknl: 4.85115 + L_Div: 0.00000 + L_Morse: 0.49075
Epoch: 0 [8430/10000 (84%)] Unweighted L_s : L_Mnfld: 0.00091,  L_NonMnfld: 0.02378,  L_Nrml: 0.00000,  L_Eknl: 0.09702, L_Morse: 4.90749

Weights: [7000.0, 600.0, 0, 50.0, 0.0, 0.1], lr=5.000e-05
Epoch: 0 [8440/10000 (84%)] Loss: 25.72470 = L_Mnfld: 6.20676 + L_NonMnfld: 13.96494 + L_Nrml: 0.00000 + L_Eknl: 5.05209 + L_Div: 0.00000 + L_Morse: 0.50091
Epoch: 0 [8440/10000 (84%)] Unweighted L_s : L_Mnfld: 0.00089,  L_NonMnfld: 0.02327,  L_Nrml: 0.00000,  L_Eknl: 0.10104, L_Morse: 5.00909

Weights: [7000.0, 600.0, 0, 50.0, 0.0, 0.1], lr=5.000e-05
Epoch: 0 [8450/10000 (84%)] Loss: 25.64707 = L_Mnfld: 6.22107 + L_NonMnfld: 13.99836 + L_Nrml: 0.00000 + L_Eknl: 4.95844 + L_Div: 0.00000 + L_Morse: 0.46921
Epoch: 0 [8450/10000 (84%)] Unweighted L_s : L_Mnfld: 0.00089,  L_NonMnfld: 0.02333,  L_Nrml: 0.00000,  L_Eknl: 0.09917, L_Morse: 4.69205

Weights: [7000.0, 600.0, 0, 50.0, 0.0, 0.1], lr=5.000e-05
Epoch: 0 [8460/10000 (85%)] Loss: 26.66308 = L_Mnfld: 6.30897 + L_NonMnfld: 15.03315 + L_Nrml: 0.00000 + L_Eknl: 4.82828 + L_Div: 0.00000 + L_Morse: 0.49269
Epoch: 0 [8460/10000 (85%)] Unweighted L_s : L_Mnfld: 0.00090,  L_NonMnfld: 0.02506,  L_Nrml: 0.00000,  L_Eknl: 0.09657, L_Morse: 4.92691

Weights: [7000.0, 600.0, 0, 50.0, 0.0, 0.1], lr=5.000e-05
Epoch: 0 [8470/10000 (85%)] Loss: 25.59978 = L_Mnfld: 6.15498 + L_NonMnfld: 14.19237 + L_Nrml: 0.00000 + L_Eknl: 4.78881 + L_Div: 0.00000 + L_Morse: 0.46361
Epoch: 0 [8470/10000 (85%)] Unweighted L_s : L_Mnfld: 0.00088,  L_NonMnfld: 0.02365,  L_Nrml: 0.00000,  L_Eknl: 0.09578, L_Morse: 4.63611

Weights: [7000.0, 600.0, 0, 50.0, 0.0, 0.1], lr=5.000e-05
Epoch: 0 [8480/10000 (85%)] Loss: 25.71842 = L_Mnfld: 6.30202 + L_NonMnfld: 13.91103 + L_Nrml: 0.00000 + L_Eknl: 4.98555 + L_Div: 0.00000 + L_Morse: 0.51982
Epoch: 0 [8480/10000 (85%)] Unweighted L_s : L_Mnfld: 0.00090,  L_NonMnfld: 0.02319,  L_Nrml: 0.00000,  L_Eknl: 0.09971, L_Morse: 5.19819

Weights: [7000.0, 600.0, 0, 50.0, 0.0, 0.1], lr=5.000e-05
Epoch: 0 [8490/10000 (85%)] Loss: 26.55110 = L_Mnfld: 6.44588 + L_NonMnfld: 14.80117 + L_Nrml: 0.00000 + L_Eknl: 4.83147 + L_Div: 0.00000 + L_Morse: 0.47258
Epoch: 0 [8490/10000 (85%)] Unweighted L_s : L_Mnfld: 0.00092,  L_NonMnfld: 0.02467,  L_Nrml: 0.00000,  L_Eknl: 0.09663, L_Morse: 4.72584

Weights: [7000.0, 600.0, 0, 50.0, 0.0, 0.1], lr=5.000e-05
Epoch: 0 [8500/10000 (85%)] Loss: 25.47554 = L_Mnfld: 6.23687 + L_NonMnfld: 13.98805 + L_Nrml: 0.00000 + L_Eknl: 4.78743 + L_Div: 0.00000 + L_Morse: 0.46319
Epoch: 0 [8500/10000 (85%)] Unweighted L_s : L_Mnfld: 0.00089,  L_NonMnfld: 0.02331,  L_Nrml: 0.00000,  L_Eknl: 0.09575, L_Morse: 4.63185

Weights: [7000.0, 600.0, 0, 50.0, 0.0, 0.1], lr=5.000e-05
Epoch: 0 [8510/10000 (85%)] Loss: 24.66589 = L_Mnfld: 6.17827 + L_NonMnfld: 13.34084 + L_Nrml: 0.00000 + L_Eknl: 4.68525 + L_Div: 0.00000 + L_Morse: 0.46153
Epoch: 0 [8510/10000 (85%)] Unweighted L_s : L_Mnfld: 0.00088,  L_NonMnfld: 0.02223,  L_Nrml: 0.00000,  L_Eknl: 0.09371, L_Morse: 4.61531

Weights: [7000.0, 600.0, 0, 50.0, 0.0, 0.1], lr=5.000e-05
Epoch: 0 [8520/10000 (85%)] Loss: 25.78192 = L_Mnfld: 6.44060 + L_NonMnfld: 13.76392 + L_Nrml: 0.00000 + L_Eknl: 5.10222 + L_Div: 0.00000 + L_Morse: 0.47518
Epoch: 0 [8520/10000 (85%)] Unweighted L_s : L_Mnfld: 0.00092,  L_NonMnfld: 0.02294,  L_Nrml: 0.00000,  L_Eknl: 0.10204, L_Morse: 4.75182

Weights: [7000.0, 600.0, 0, 50.0, 0.0, 0.1], lr=5.000e-05
Epoch: 0 [8530/10000 (85%)] Loss: 24.92723 = L_Mnfld: 5.93358 + L_NonMnfld: 13.77898 + L_Nrml: 0.00000 + L_Eknl: 4.73441 + L_Div: 0.00000 + L_Morse: 0.48025
Epoch: 0 [8530/10000 (85%)] Unweighted L_s : L_Mnfld: 0.00085,  L_NonMnfld: 0.02296,  L_Nrml: 0.00000,  L_Eknl: 0.09469, L_Morse: 4.80255

Weights: [7000.0, 600.0, 0, 50.0, 0.0, 0.1], lr=5.000e-05
Epoch: 0 [8540/10000 (85%)] Loss: 25.25129 = L_Mnfld: 6.09119 + L_NonMnfld: 13.83503 + L_Nrml: 0.00000 + L_Eknl: 4.83779 + L_Div: 0.00000 + L_Morse: 0.48727
Epoch: 0 [8540/10000 (85%)] Unweighted L_s : L_Mnfld: 0.00087,  L_NonMnfld: 0.02306,  L_Nrml: 0.00000,  L_Eknl: 0.09676, L_Morse: 4.87266

Weights: [7000.0, 600.0, 0, 50.0, 0.0, 0.1], lr=5.000e-05
Epoch: 0 [8550/10000 (86%)] Loss: 25.08781 = L_Mnfld: 5.70844 + L_NonMnfld: 14.12613 + L_Nrml: 0.00000 + L_Eknl: 4.79877 + L_Div: 0.00000 + L_Morse: 0.45448
Epoch: 0 [8550/10000 (86%)] Unweighted L_s : L_Mnfld: 0.00082,  L_NonMnfld: 0.02354,  L_Nrml: 0.00000,  L_Eknl: 0.09598, L_Morse: 4.54477

Weights: [7000.0, 600.0, 0, 50.0, 0.0, 0.1], lr=5.000e-05
Epoch: 0 [8560/10000 (86%)] Loss: 26.04024 = L_Mnfld: 5.92564 + L_NonMnfld: 14.90358 + L_Nrml: 0.00000 + L_Eknl: 4.73394 + L_Div: 0.00000 + L_Morse: 0.47708
Epoch: 0 [8560/10000 (86%)] Unweighted L_s : L_Mnfld: 0.00085,  L_NonMnfld: 0.02484,  L_Nrml: 0.00000,  L_Eknl: 0.09468, L_Morse: 4.77080

Weights: [7000.0, 600.0, 0, 50.0, 0.0, 0.1], lr=5.000e-05
Epoch: 0 [8570/10000 (86%)] Loss: 26.10616 = L_Mnfld: 5.75911 + L_NonMnfld: 15.05051 + L_Nrml: 0.00000 + L_Eknl: 4.80510 + L_Div: 0.00000 + L_Morse: 0.49143
Epoch: 0 [8570/10000 (86%)] Unweighted L_s : L_Mnfld: 0.00082,  L_NonMnfld: 0.02508,  L_Nrml: 0.00000,  L_Eknl: 0.09610, L_Morse: 4.91430

Weights: [7000.0, 600.0, 0, 50.0, 0.0, 0.1], lr=5.000e-05
Epoch: 0 [8580/10000 (86%)] Loss: 24.36856 = L_Mnfld: 6.11196 + L_NonMnfld: 12.85582 + L_Nrml: 0.00000 + L_Eknl: 4.95480 + L_Div: 0.00000 + L_Morse: 0.44597
Epoch: 0 [8580/10000 (86%)] Unweighted L_s : L_Mnfld: 0.00087,  L_NonMnfld: 0.02143,  L_Nrml: 0.00000,  L_Eknl: 0.09910, L_Morse: 4.45970

Weights: [7000.0, 600.0, 0, 50.0, 0.0, 0.1], lr=5.000e-05
Epoch: 0 [8590/10000 (86%)] Loss: 25.12155 = L_Mnfld: 5.86231 + L_NonMnfld: 14.13727 + L_Nrml: 0.00000 + L_Eknl: 4.66214 + L_Div: 0.00000 + L_Morse: 0.45983
Epoch: 0 [8590/10000 (86%)] Unweighted L_s : L_Mnfld: 0.00084,  L_NonMnfld: 0.02356,  L_Nrml: 0.00000,  L_Eknl: 0.09324, L_Morse: 4.59831

Weights: [7000.0, 600.0, 0, 50.0, 0.0, 0.1], lr=5.000e-05
Epoch: 0 [8600/10000 (86%)] Loss: 25.44390 = L_Mnfld: 6.21489 + L_NonMnfld: 13.80870 + L_Nrml: 0.00000 + L_Eknl: 4.95544 + L_Div: 0.00000 + L_Morse: 0.46486
Epoch: 0 [8600/10000 (86%)] Unweighted L_s : L_Mnfld: 0.00089,  L_NonMnfld: 0.02301,  L_Nrml: 0.00000,  L_Eknl: 0.09911, L_Morse: 4.64865

Weights: [7000.0, 600.0, 0, 50.0, 0.0, 0.1], lr=5.000e-05
Epoch: 0 [8610/10000 (86%)] Loss: 26.64648 = L_Mnfld: 6.00617 + L_NonMnfld: 15.36253 + L_Nrml: 0.00000 + L_Eknl: 4.79506 + L_Div: 0.00000 + L_Morse: 0.48273
Epoch: 0 [8610/10000 (86%)] Unweighted L_s : L_Mnfld: 0.00086,  L_NonMnfld: 0.02560,  L_Nrml: 0.00000,  L_Eknl: 0.09590, L_Morse: 4.82725

Weights: [7000.0, 600.0, 0, 50.0, 0.0, 0.1], lr=5.000e-05
Epoch: 0 [8620/10000 (86%)] Loss: 24.59395 = L_Mnfld: 6.36316 + L_NonMnfld: 12.85143 + L_Nrml: 0.00000 + L_Eknl: 4.88921 + L_Div: 0.00000 + L_Morse: 0.49016
Epoch: 0 [8620/10000 (86%)] Unweighted L_s : L_Mnfld: 0.00091,  L_NonMnfld: 0.02142,  L_Nrml: 0.00000,  L_Eknl: 0.09778, L_Morse: 4.90160

Weights: [7000.0, 600.0, 0, 50.0, 0.0, 0.1], lr=5.000e-05
Epoch: 0 [8630/10000 (86%)] Loss: 25.17586 = L_Mnfld: 6.62083 + L_NonMnfld: 13.10036 + L_Nrml: 0.00000 + L_Eknl: 4.98279 + L_Div: 0.00000 + L_Morse: 0.47188
Epoch: 0 [8630/10000 (86%)] Unweighted L_s : L_Mnfld: 0.00095,  L_NonMnfld: 0.02183,  L_Nrml: 0.00000,  L_Eknl: 0.09966, L_Morse: 4.71881

Weights: [7000.0, 600.0, 0, 50.0, 0.0, 0.1], lr=5.000e-05
Epoch: 0 [8640/10000 (86%)] Loss: 27.38429 = L_Mnfld: 6.61818 + L_NonMnfld: 15.53380 + L_Nrml: 0.00000 + L_Eknl: 4.75995 + L_Div: 0.00000 + L_Morse: 0.47236
Epoch: 0 [8640/10000 (86%)] Unweighted L_s : L_Mnfld: 0.00095,  L_NonMnfld: 0.02589,  L_Nrml: 0.00000,  L_Eknl: 0.09520, L_Morse: 4.72356

Weights: [7000.0, 600.0, 0, 50.0, 0.0, 0.1], lr=5.000e-05
Epoch: 0 [8650/10000 (86%)] Loss: 25.89466 = L_Mnfld: 6.21477 + L_NonMnfld: 14.50011 + L_Nrml: 0.00000 + L_Eknl: 4.70563 + L_Div: 0.00000 + L_Morse: 0.47415
Epoch: 0 [8650/10000 (86%)] Unweighted L_s : L_Mnfld: 0.00089,  L_NonMnfld: 0.02417,  L_Nrml: 0.00000,  L_Eknl: 0.09411, L_Morse: 4.74151

Weights: [7000.0, 600.0, 0, 50.0, 0.0, 0.1], lr=5.000e-05
Epoch: 0 [8660/10000 (87%)] Loss: 26.14526 = L_Mnfld: 6.52627 + L_NonMnfld: 14.05656 + L_Nrml: 0.00000 + L_Eknl: 5.09895 + L_Div: 0.00000 + L_Morse: 0.46348
Epoch: 0 [8660/10000 (87%)] Unweighted L_s : L_Mnfld: 0.00093,  L_NonMnfld: 0.02343,  L_Nrml: 0.00000,  L_Eknl: 0.10198, L_Morse: 4.63478

Weights: [7000.0, 600.0, 0, 50.0, 0.0, 0.1], lr=5.000e-05
Epoch: 0 [8670/10000 (87%)] Loss: 26.84198 = L_Mnfld: 6.27740 + L_NonMnfld: 15.22044 + L_Nrml: 0.00000 + L_Eknl: 4.85418 + L_Div: 0.00000 + L_Morse: 0.48995
Epoch: 0 [8670/10000 (87%)] Unweighted L_s : L_Mnfld: 0.00090,  L_NonMnfld: 0.02537,  L_Nrml: 0.00000,  L_Eknl: 0.09708, L_Morse: 4.89949

Weights: [7000.0, 600.0, 0, 50.0, 0.0, 0.1], lr=5.000e-05
Epoch: 0 [8680/10000 (87%)] Loss: 25.38968 = L_Mnfld: 6.62198 + L_NonMnfld: 13.40945 + L_Nrml: 0.00000 + L_Eknl: 4.85491 + L_Div: 0.00000 + L_Morse: 0.50334
Epoch: 0 [8680/10000 (87%)] Unweighted L_s : L_Mnfld: 0.00095,  L_NonMnfld: 0.02235,  L_Nrml: 0.00000,  L_Eknl: 0.09710, L_Morse: 5.03344

Weights: [7000.0, 600.0, 0, 50.0, 0.0, 0.1], lr=5.000e-05
Epoch: 0 [8690/10000 (87%)] Loss: 24.98164 = L_Mnfld: 6.12222 + L_NonMnfld: 13.52968 + L_Nrml: 0.00000 + L_Eknl: 4.87307 + L_Div: 0.00000 + L_Morse: 0.45667
Epoch: 0 [8690/10000 (87%)] Unweighted L_s : L_Mnfld: 0.00087,  L_NonMnfld: 0.02255,  L_Nrml: 0.00000,  L_Eknl: 0.09746, L_Morse: 4.56666

Weights: [7000.0, 600.0, 0, 50.0, 0.0, 0.1], lr=5.000e-05
Epoch: 0 [8700/10000 (87%)] Loss: 26.72824 = L_Mnfld: 6.80609 + L_NonMnfld: 14.53659 + L_Nrml: 0.00000 + L_Eknl: 4.92345 + L_Div: 0.00000 + L_Morse: 0.46212
Epoch: 0 [8700/10000 (87%)] Unweighted L_s : L_Mnfld: 0.00097,  L_NonMnfld: 0.02423,  L_Nrml: 0.00000,  L_Eknl: 0.09847, L_Morse: 4.62123

Weights: [7000.0, 600.0, 0, 50.0, 0.0, 0.1], lr=5.000e-05
Epoch: 0 [8710/10000 (87%)] Loss: 26.84171 = L_Mnfld: 6.99246 + L_NonMnfld: 14.36293 + L_Nrml: 0.00000 + L_Eknl: 5.00852 + L_Div: 0.00000 + L_Morse: 0.47780
Epoch: 0 [8710/10000 (87%)] Unweighted L_s : L_Mnfld: 0.00100,  L_NonMnfld: 0.02394,  L_Nrml: 0.00000,  L_Eknl: 0.10017, L_Morse: 4.77797

Weights: [7000.0, 600.0, 0, 50.0, 0.0, 0.1], lr=5.000e-05
Epoch: 0 [8720/10000 (87%)] Loss: 26.75151 = L_Mnfld: 7.20343 + L_NonMnfld: 13.91146 + L_Nrml: 0.00000 + L_Eknl: 5.17421 + L_Div: 0.00000 + L_Morse: 0.46240
Epoch: 0 [8720/10000 (87%)] Unweighted L_s : L_Mnfld: 0.00103,  L_NonMnfld: 0.02319,  L_Nrml: 0.00000,  L_Eknl: 0.10348, L_Morse: 4.62399

Weights: [7000.0, 600.0, 0, 50.0, 0.0, 0.1], lr=5.000e-05
Epoch: 0 [8730/10000 (87%)] Loss: 26.05075 = L_Mnfld: 6.40109 + L_NonMnfld: 14.18765 + L_Nrml: 0.00000 + L_Eknl: 4.98653 + L_Div: 0.00000 + L_Morse: 0.47548
Epoch: 0 [8730/10000 (87%)] Unweighted L_s : L_Mnfld: 0.00091,  L_NonMnfld: 0.02365,  L_Nrml: 0.00000,  L_Eknl: 0.09973, L_Morse: 4.75481

Weights: [7000.0, 600.0, 0, 50.0, 0.0, 0.1], lr=5.000e-05
Epoch: 0 [8740/10000 (87%)] Loss: 26.58305 = L_Mnfld: 6.13907 + L_NonMnfld: 15.21101 + L_Nrml: 0.00000 + L_Eknl: 4.76891 + L_Div: 0.00000 + L_Morse: 0.46406
Epoch: 0 [8740/10000 (87%)] Unweighted L_s : L_Mnfld: 0.00088,  L_NonMnfld: 0.02535,  L_Nrml: 0.00000,  L_Eknl: 0.09538, L_Morse: 4.64062

Weights: [7000.0, 600.0, 0, 50.0, 0.0, 0.1], lr=5.000e-05
Epoch: 0 [8750/10000 (88%)] Loss: 26.56102 = L_Mnfld: 6.17307 + L_NonMnfld: 15.07587 + L_Nrml: 0.00000 + L_Eknl: 4.83348 + L_Div: 0.00000 + L_Morse: 0.47860
Epoch: 0 [8750/10000 (88%)] Unweighted L_s : L_Mnfld: 0.00088,  L_NonMnfld: 0.02513,  L_Nrml: 0.00000,  L_Eknl: 0.09667, L_Morse: 4.78599

Weights: [7000.0, 600.0, 0, 50.0, 0.0, 0.1], lr=5.000e-05
Epoch: 0 [8760/10000 (88%)] Loss: 25.98082 = L_Mnfld: 6.29677 + L_NonMnfld: 14.35570 + L_Nrml: 0.00000 + L_Eknl: 4.85256 + L_Div: 0.00000 + L_Morse: 0.47579
Epoch: 0 [8760/10000 (88%)] Unweighted L_s : L_Mnfld: 0.00090,  L_NonMnfld: 0.02393,  L_Nrml: 0.00000,  L_Eknl: 0.09705, L_Morse: 4.75785

Weights: [7000.0, 600.0, 0, 50.0, 0.0, 0.1], lr=5.000e-05
Epoch: 0 [8770/10000 (88%)] Loss: 25.28915 = L_Mnfld: 5.68578 + L_NonMnfld: 14.35617 + L_Nrml: 0.00000 + L_Eknl: 4.76750 + L_Div: 0.00000 + L_Morse: 0.47970
Epoch: 0 [8770/10000 (88%)] Unweighted L_s : L_Mnfld: 0.00081,  L_NonMnfld: 0.02393,  L_Nrml: 0.00000,  L_Eknl: 0.09535, L_Morse: 4.79701

Weights: [7000.0, 600.0, 0, 50.0, 0.0, 0.1], lr=5.000e-05
Epoch: 0 [8780/10000 (88%)] Loss: 24.81732 = L_Mnfld: 5.63781 + L_NonMnfld: 13.87536 + L_Nrml: 0.00000 + L_Eknl: 4.82094 + L_Div: 0.00000 + L_Morse: 0.48321
Epoch: 0 [8780/10000 (88%)] Unweighted L_s : L_Mnfld: 0.00081,  L_NonMnfld: 0.02313,  L_Nrml: 0.00000,  L_Eknl: 0.09642, L_Morse: 4.83213

Weights: [7000.0, 600.0, 0, 50.0, 0.0, 0.1], lr=5.000e-05
Epoch: 0 [8790/10000 (88%)] Loss: 26.28700 = L_Mnfld: 5.58048 + L_NonMnfld: 15.46298 + L_Nrml: 0.00000 + L_Eknl: 4.79465 + L_Div: 0.00000 + L_Morse: 0.44889
Epoch: 0 [8790/10000 (88%)] Unweighted L_s : L_Mnfld: 0.00080,  L_NonMnfld: 0.02577,  L_Nrml: 0.00000,  L_Eknl: 0.09589, L_Morse: 4.48889

Weights: [7000.0, 600.0, 0, 50.0, 0.0, 0.1], lr=5.000e-05
Epoch: 0 [8800/10000 (88%)] Loss: 23.84121 = L_Mnfld: 5.84185 + L_NonMnfld: 12.82845 + L_Nrml: 0.00000 + L_Eknl: 4.69927 + L_Div: 0.00000 + L_Morse: 0.47163
Epoch: 0 [8800/10000 (88%)] Unweighted L_s : L_Mnfld: 0.00083,  L_NonMnfld: 0.02138,  L_Nrml: 0.00000,  L_Eknl: 0.09399, L_Morse: 4.71631

Weights: [7000.0, 600.0, 0, 50.0, 0.0, 0.1], lr=5.000e-05
Epoch: 0 [8810/10000 (88%)] Loss: 25.77598 = L_Mnfld: 5.48397 + L_NonMnfld: 15.20835 + L_Nrml: 0.00000 + L_Eknl: 4.60071 + L_Div: 0.00000 + L_Morse: 0.48296
Epoch: 0 [8810/10000 (88%)] Unweighted L_s : L_Mnfld: 0.00078,  L_NonMnfld: 0.02535,  L_Nrml: 0.00000,  L_Eknl: 0.09201, L_Morse: 4.82960

Weights: [7000.0, 600.0, 0, 50.0, 0.0, 0.1], lr=5.000e-05
Epoch: 0 [8820/10000 (88%)] Loss: 23.76625 = L_Mnfld: 5.98339 + L_NonMnfld: 12.72869 + L_Nrml: 0.00000 + L_Eknl: 4.57186 + L_Div: 0.00000 + L_Morse: 0.48232
Epoch: 0 [8820/10000 (88%)] Unweighted L_s : L_Mnfld: 0.00085,  L_NonMnfld: 0.02121,  L_Nrml: 0.00000,  L_Eknl: 0.09144, L_Morse: 4.82318

Weights: [7000.0, 600.0, 0, 50.0, 0.0, 0.1], lr=5.000e-05
Epoch: 0 [8830/10000 (88%)] Loss: 24.62242 = L_Mnfld: 5.63965 + L_NonMnfld: 13.68449 + L_Nrml: 0.00000 + L_Eknl: 4.81483 + L_Div: 0.00000 + L_Morse: 0.48345
Epoch: 0 [8830/10000 (88%)] Unweighted L_s : L_Mnfld: 0.00081,  L_NonMnfld: 0.02281,  L_Nrml: 0.00000,  L_Eknl: 0.09630, L_Morse: 4.83447

Weights: [7000.0, 600.0, 0, 50.0, 0.0, 0.1], lr=5.000e-05
Epoch: 0 [8840/10000 (88%)] Loss: 23.08516 = L_Mnfld: 5.87815 + L_NonMnfld: 12.06975 + L_Nrml: 0.00000 + L_Eknl: 4.67604 + L_Div: 0.00000 + L_Morse: 0.46122
Epoch: 0 [8840/10000 (88%)] Unweighted L_s : L_Mnfld: 0.00084,  L_NonMnfld: 0.02012,  L_Nrml: 0.00000,  L_Eknl: 0.09352, L_Morse: 4.61222

Weights: [7000.0, 600.0, 0, 50.0, 0.0, 0.1], lr=5.000e-05
Epoch: 0 [8850/10000 (88%)] Loss: 24.57022 = L_Mnfld: 6.07362 + L_NonMnfld: 13.37238 + L_Nrml: 0.00000 + L_Eknl: 4.66258 + L_Div: 0.00000 + L_Morse: 0.46164
Epoch: 0 [8850/10000 (88%)] Unweighted L_s : L_Mnfld: 0.00087,  L_NonMnfld: 0.02229,  L_Nrml: 0.00000,  L_Eknl: 0.09325, L_Morse: 4.61638

Weights: [7000.0, 600.0, 0, 50.0, 0.0, 0.1], lr=5.000e-05
Epoch: 0 [8860/10000 (89%)] Loss: 23.93103 = L_Mnfld: 5.91493 + L_NonMnfld: 12.64798 + L_Nrml: 0.00000 + L_Eknl: 4.90476 + L_Div: 0.00000 + L_Morse: 0.46337
Epoch: 0 [8860/10000 (89%)] Unweighted L_s : L_Mnfld: 0.00084,  L_NonMnfld: 0.02108,  L_Nrml: 0.00000,  L_Eknl: 0.09810, L_Morse: 4.63365

Weights: [7000.0, 600.0, 0, 50.0, 0.0, 0.1], lr=5.000e-05
Epoch: 0 [8870/10000 (89%)] Loss: 25.29562 = L_Mnfld: 5.99192 + L_NonMnfld: 14.12626 + L_Nrml: 0.00000 + L_Eknl: 4.68402 + L_Div: 0.00000 + L_Morse: 0.49342
Epoch: 0 [8870/10000 (89%)] Unweighted L_s : L_Mnfld: 0.00086,  L_NonMnfld: 0.02354,  L_Nrml: 0.00000,  L_Eknl: 0.09368, L_Morse: 4.93420

Weights: [7000.0, 600.0, 0, 50.0, 0.0, 0.1], lr=5.000e-05
Epoch: 0 [8880/10000 (89%)] Loss: 24.59003 = L_Mnfld: 5.99285 + L_NonMnfld: 13.42583 + L_Nrml: 0.00000 + L_Eknl: 4.73571 + L_Div: 0.00000 + L_Morse: 0.43564
Epoch: 0 [8880/10000 (89%)] Unweighted L_s : L_Mnfld: 0.00086,  L_NonMnfld: 0.02238,  L_Nrml: 0.00000,  L_Eknl: 0.09471, L_Morse: 4.35636

Weights: [7000.0, 600.0, 0, 50.0, 0.0, 0.1], lr=5.000e-05
Epoch: 0 [8890/10000 (89%)] Loss: 23.59081 = L_Mnfld: 5.50205 + L_NonMnfld: 12.99448 + L_Nrml: 0.00000 + L_Eknl: 4.64030 + L_Div: 0.00000 + L_Morse: 0.45398
Epoch: 0 [8890/10000 (89%)] Unweighted L_s : L_Mnfld: 0.00079,  L_NonMnfld: 0.02166,  L_Nrml: 0.00000,  L_Eknl: 0.09281, L_Morse: 4.53981

Weights: [7000.0, 600.0, 0, 50.0, 0.0, 0.1], lr=5.000e-05
Epoch: 0 [8900/10000 (89%)] Loss: 25.70010 = L_Mnfld: 6.47111 + L_NonMnfld: 13.78652 + L_Nrml: 0.00000 + L_Eknl: 4.96178 + L_Div: 0.00000 + L_Morse: 0.48069
Epoch: 0 [8900/10000 (89%)] Unweighted L_s : L_Mnfld: 0.00092,  L_NonMnfld: 0.02298,  L_Nrml: 0.00000,  L_Eknl: 0.09924, L_Morse: 4.80686

Weights: [7000.0, 600.0, 0, 50.0, 0.0, 0.1], lr=5.000e-05
Epoch: 0 [8910/10000 (89%)] Loss: 25.81908 = L_Mnfld: 6.41372 + L_NonMnfld: 14.02389 + L_Nrml: 0.00000 + L_Eknl: 4.89958 + L_Div: 0.00000 + L_Morse: 0.48189
Epoch: 0 [8910/10000 (89%)] Unweighted L_s : L_Mnfld: 0.00092,  L_NonMnfld: 0.02337,  L_Nrml: 0.00000,  L_Eknl: 0.09799, L_Morse: 4.81889

Weights: [7000.0, 600.0, 0, 50.0, 0.0, 0.1], lr=5.000e-05
Epoch: 0 [8920/10000 (89%)] Loss: 25.38134 = L_Mnfld: 6.02198 + L_NonMnfld: 13.95107 + L_Nrml: 0.00000 + L_Eknl: 4.93174 + L_Div: 0.00000 + L_Morse: 0.47656
Epoch: 0 [8920/10000 (89%)] Unweighted L_s : L_Mnfld: 0.00086,  L_NonMnfld: 0.02325,  L_Nrml: 0.00000,  L_Eknl: 0.09863, L_Morse: 4.76556

Weights: [7000.0, 600.0, 0, 50.0, 0.0, 0.1], lr=5.000e-05
Epoch: 0 [8930/10000 (89%)] Loss: 25.49922 = L_Mnfld: 5.62737 + L_NonMnfld: 14.68414 + L_Nrml: 0.00000 + L_Eknl: 4.72515 + L_Div: 0.00000 + L_Morse: 0.46255
Epoch: 0 [8930/10000 (89%)] Unweighted L_s : L_Mnfld: 0.00080,  L_NonMnfld: 0.02447,  L_Nrml: 0.00000,  L_Eknl: 0.09450, L_Morse: 4.62554

Weights: [7000.0, 600.0, 0, 50.0, 0.0, 0.1], lr=5.000e-05
Epoch: 0 [8940/10000 (89%)] Loss: 26.26206 = L_Mnfld: 6.23880 + L_NonMnfld: 14.61556 + L_Nrml: 0.00000 + L_Eknl: 4.95493 + L_Div: 0.00000 + L_Morse: 0.45277
Epoch: 0 [8940/10000 (89%)] Unweighted L_s : L_Mnfld: 0.00089,  L_NonMnfld: 0.02436,  L_Nrml: 0.00000,  L_Eknl: 0.09910, L_Morse: 4.52773

Weights: [7000.0, 600.0, 0, 50.0, 0.0, 0.1], lr=5.000e-05
Epoch: 0 [8950/10000 (90%)] Loss: 25.78953 = L_Mnfld: 5.77225 + L_NonMnfld: 14.91775 + L_Nrml: 0.00000 + L_Eknl: 4.63452 + L_Div: 0.00000 + L_Morse: 0.46501
Epoch: 0 [8950/10000 (90%)] Unweighted L_s : L_Mnfld: 0.00082,  L_NonMnfld: 0.02486,  L_Nrml: 0.00000,  L_Eknl: 0.09269, L_Morse: 4.65010

Weights: [7000.0, 600.0, 0, 50.0, 0.0, 0.1], lr=5.000e-05
Epoch: 0 [8960/10000 (90%)] Loss: 24.95237 = L_Mnfld: 6.18639 + L_NonMnfld: 13.44364 + L_Nrml: 0.00000 + L_Eknl: 4.86835 + L_Div: 0.00000 + L_Morse: 0.45399
Epoch: 0 [8960/10000 (90%)] Unweighted L_s : L_Mnfld: 0.00088,  L_NonMnfld: 0.02241,  L_Nrml: 0.00000,  L_Eknl: 0.09737, L_Morse: 4.53994

Weights: [7000.0, 600.0, 0, 50.0, 0.0, 0.1], lr=5.000e-05
Epoch: 0 [8970/10000 (90%)] Loss: 24.04935 = L_Mnfld: 5.77766 + L_NonMnfld: 13.04804 + L_Nrml: 0.00000 + L_Eknl: 4.75418 + L_Div: 0.00000 + L_Morse: 0.46947
Epoch: 0 [8970/10000 (90%)] Unweighted L_s : L_Mnfld: 0.00083,  L_NonMnfld: 0.02175,  L_Nrml: 0.00000,  L_Eknl: 0.09508, L_Morse: 4.69466

Weights: [7000.0, 600.0, 0, 50.0, 0.0, 0.1], lr=5.000e-05
Epoch: 0 [8980/10000 (90%)] Loss: 24.47562 = L_Mnfld: 5.96163 + L_NonMnfld: 13.40521 + L_Nrml: 0.00000 + L_Eknl: 4.64413 + L_Div: 0.00000 + L_Morse: 0.46466
Epoch: 0 [8980/10000 (90%)] Unweighted L_s : L_Mnfld: 0.00085,  L_NonMnfld: 0.02234,  L_Nrml: 0.00000,  L_Eknl: 0.09288, L_Morse: 4.64659

Weights: [7000.0, 600.0, 0, 50.0, 0.0, 0.1], lr=5.000e-05
Epoch: 0 [8990/10000 (90%)] Loss: 25.35720 = L_Mnfld: 5.87670 + L_NonMnfld: 14.11485 + L_Nrml: 0.00000 + L_Eknl: 4.86220 + L_Div: 0.00000 + L_Morse: 0.50345
Epoch: 0 [8990/10000 (90%)] Unweighted L_s : L_Mnfld: 0.00084,  L_NonMnfld: 0.02352,  L_Nrml: 0.00000,  L_Eknl: 0.09724, L_Morse: 5.03454

Weights: [7000.0, 600.0, 0, 50.0, 0.0, 0.1], lr=5.000e-05
Epoch: 0 [9000/10000 (90%)] Loss: 25.01402 = L_Mnfld: 6.26463 + L_NonMnfld: 13.17089 + L_Nrml: 0.00000 + L_Eknl: 5.10601 + L_Div: 0.00000 + L_Morse: 0.47248
Epoch: 0 [9000/10000 (90%)] Unweighted L_s : L_Mnfld: 0.00089,  L_NonMnfld: 0.02195,  L_Nrml: 0.00000,  L_Eknl: 0.10212, L_Morse: 4.72476

Weights: [7000.0, 600.0, 0, 50.0, 0.0, 0.1], lr=5.000e-05
Epoch: 0 [9010/10000 (90%)] Loss: 24.30983 = L_Mnfld: 5.97295 + L_NonMnfld: 12.93352 + L_Nrml: 0.00000 + L_Eknl: 4.94180 + L_Div: 0.00000 + L_Morse: 0.46155
Epoch: 0 [9010/10000 (90%)] Unweighted L_s : L_Mnfld: 0.00085,  L_NonMnfld: 0.02156,  L_Nrml: 0.00000,  L_Eknl: 0.09884, L_Morse: 4.61549

Weights: [7000.0, 600.0, 0, 50.0, 0.0, 0.1], lr=5.000e-05
Epoch: 0 [9020/10000 (90%)] Loss: 24.95507 = L_Mnfld: 6.01970 + L_NonMnfld: 13.64075 + L_Nrml: 0.00000 + L_Eknl: 4.81958 + L_Div: 0.00000 + L_Morse: 0.47504
Epoch: 0 [9020/10000 (90%)] Unweighted L_s : L_Mnfld: 0.00086,  L_NonMnfld: 0.02273,  L_Nrml: 0.00000,  L_Eknl: 0.09639, L_Morse: 4.75038

Weights: [7000.0, 600.0, 0, 50.0, 0.0, 0.1], lr=5.000e-05
Epoch: 0 [9030/10000 (90%)] Loss: 25.72409 = L_Mnfld: 5.86213 + L_NonMnfld: 14.92575 + L_Nrml: 0.00000 + L_Eknl: 4.48104 + L_Div: 0.00000 + L_Morse: 0.45516
Epoch: 0 [9030/10000 (90%)] Unweighted L_s : L_Mnfld: 0.00084,  L_NonMnfld: 0.02488,  L_Nrml: 0.00000,  L_Eknl: 0.08962, L_Morse: 4.55160

Weights: [7000.0, 600.0, 0, 50.0, 0.0, 0.1], lr=5.000e-05
Epoch: 0 [9040/10000 (90%)] Loss: 24.56800 = L_Mnfld: 6.21440 + L_NonMnfld: 12.90756 + L_Nrml: 0.00000 + L_Eknl: 4.91566 + L_Div: 0.00000 + L_Morse: 0.53037
Epoch: 0 [9040/10000 (90%)] Unweighted L_s : L_Mnfld: 0.00089,  L_NonMnfld: 0.02151,  L_Nrml: 0.00000,  L_Eknl: 0.09831, L_Morse: 5.30370

Weights: [7000.0, 600.0, 0, 50.0, 0.0, 0.1], lr=5.000e-05
Epoch: 0 [9050/10000 (90%)] Loss: 25.36196 = L_Mnfld: 6.06493 + L_NonMnfld: 13.74911 + L_Nrml: 0.00000 + L_Eknl: 5.07186 + L_Div: 0.00000 + L_Morse: 0.47606
Epoch: 0 [9050/10000 (90%)] Unweighted L_s : L_Mnfld: 0.00087,  L_NonMnfld: 0.02292,  L_Nrml: 0.00000,  L_Eknl: 0.10144, L_Morse: 4.76060

Weights: [7000.0, 600.0, 0, 50.0, 0.0, 0.1], lr=5.000e-05
Epoch: 0 [9060/10000 (91%)] Loss: 24.87120 = L_Mnfld: 6.42004 + L_NonMnfld: 12.80683 + L_Nrml: 0.00000 + L_Eknl: 5.17922 + L_Div: 0.00000 + L_Morse: 0.46510
Epoch: 0 [9060/10000 (91%)] Unweighted L_s : L_Mnfld: 0.00092,  L_NonMnfld: 0.02134,  L_Nrml: 0.00000,  L_Eknl: 0.10358, L_Morse: 4.65101

Weights: [7000.0, 600.0, 0, 50.0, 0.0, 0.1], lr=5.000e-05
Epoch: 0 [9070/10000 (91%)] Loss: 24.39335 = L_Mnfld: 6.10026 + L_NonMnfld: 12.92665 + L_Nrml: 0.00000 + L_Eknl: 4.90526 + L_Div: 0.00000 + L_Morse: 0.46118
Epoch: 0 [9070/10000 (91%)] Unweighted L_s : L_Mnfld: 0.00087,  L_NonMnfld: 0.02154,  L_Nrml: 0.00000,  L_Eknl: 0.09811, L_Morse: 4.61182

Weights: [7000.0, 600.0, 0, 50.0, 0.0, 0.1], lr=5.000e-05
Epoch: 0 [9080/10000 (91%)] Loss: 25.99177 = L_Mnfld: 6.81004 + L_NonMnfld: 13.70021 + L_Nrml: 0.00000 + L_Eknl: 4.99513 + L_Div: 0.00000 + L_Morse: 0.48638
Epoch: 0 [9080/10000 (91%)] Unweighted L_s : L_Mnfld: 0.00097,  L_NonMnfld: 0.02283,  L_Nrml: 0.00000,  L_Eknl: 0.09990, L_Morse: 4.86377

Weights: [7000.0, 600.0, 0, 50.0, 0.0, 0.1], lr=5.000e-05
Epoch: 0 [9090/10000 (91%)] Loss: 24.89693 = L_Mnfld: 6.30794 + L_NonMnfld: 13.26933 + L_Nrml: 0.00000 + L_Eknl: 4.83982 + L_Div: 0.00000 + L_Morse: 0.47985
Epoch: 0 [9090/10000 (91%)] Unweighted L_s : L_Mnfld: 0.00090,  L_NonMnfld: 0.02212,  L_Nrml: 0.00000,  L_Eknl: 0.09680, L_Morse: 4.79845

Weights: [7000.0, 600.0, 0, 50.0, 0.0, 0.1], lr=5.000e-05
Epoch: 0 [9100/10000 (91%)] Loss: 24.90581 = L_Mnfld: 6.51720 + L_NonMnfld: 12.88894 + L_Nrml: 0.00000 + L_Eknl: 5.02907 + L_Div: 0.00000 + L_Morse: 0.47060
Epoch: 0 [9100/10000 (91%)] Unweighted L_s : L_Mnfld: 0.00093,  L_NonMnfld: 0.02148,  L_Nrml: 0.00000,  L_Eknl: 0.10058, L_Morse: 4.70597

Weights: [7000.0, 600.0, 0, 50.0, 0.0, 0.1], lr=5.000e-05
Epoch: 0 [9110/10000 (91%)] Loss: 26.22191 = L_Mnfld: 6.19570 + L_NonMnfld: 14.73861 + L_Nrml: 0.00000 + L_Eknl: 4.82675 + L_Div: 0.00000 + L_Morse: 0.46085
Epoch: 0 [9110/10000 (91%)] Unweighted L_s : L_Mnfld: 0.00089,  L_NonMnfld: 0.02456,  L_Nrml: 0.00000,  L_Eknl: 0.09653, L_Morse: 4.60854

Weights: [7000.0, 600.0, 0, 50.0, 0.0, 0.1], lr=5.000e-05
Epoch: 0 [9120/10000 (91%)] Loss: 25.08345 = L_Mnfld: 6.00396 + L_NonMnfld: 13.85091 + L_Nrml: 0.00000 + L_Eknl: 4.69755 + L_Div: 0.00000 + L_Morse: 0.53104
Epoch: 0 [9120/10000 (91%)] Unweighted L_s : L_Mnfld: 0.00086,  L_NonMnfld: 0.02308,  L_Nrml: 0.00000,  L_Eknl: 0.09395, L_Morse: 5.31037

Weights: [7000.0, 600.0, 0, 50.0, 0.0, 0.1], lr=5.000e-05
Epoch: 0 [9130/10000 (91%)] Loss: 24.77847 = L_Mnfld: 5.77849 + L_NonMnfld: 13.81981 + L_Nrml: 0.00000 + L_Eknl: 4.71525 + L_Div: 0.00000 + L_Morse: 0.46492
Epoch: 0 [9130/10000 (91%)] Unweighted L_s : L_Mnfld: 0.00083,  L_NonMnfld: 0.02303,  L_Nrml: 0.00000,  L_Eknl: 0.09431, L_Morse: 4.64916

Weights: [7000.0, 600.0, 0, 50.0, 0.0, 0.1], lr=5.000e-05
Epoch: 0 [9140/10000 (91%)] Loss: 25.34681 = L_Mnfld: 6.12219 + L_NonMnfld: 13.89694 + L_Nrml: 0.00000 + L_Eknl: 4.84714 + L_Div: 0.00000 + L_Morse: 0.48054
Epoch: 0 [9140/10000 (91%)] Unweighted L_s : L_Mnfld: 0.00087,  L_NonMnfld: 0.02316,  L_Nrml: 0.00000,  L_Eknl: 0.09694, L_Morse: 4.80536

Weights: [7000.0, 600.0, 0, 50.0, 0.0, 0.1], lr=5.000e-05
Epoch: 0 [9150/10000 (92%)] Loss: 24.37803 = L_Mnfld: 5.79569 + L_NonMnfld: 13.32652 + L_Nrml: 0.00000 + L_Eknl: 4.78057 + L_Div: 0.00000 + L_Morse: 0.47525
Epoch: 0 [9150/10000 (92%)] Unweighted L_s : L_Mnfld: 0.00083,  L_NonMnfld: 0.02221,  L_Nrml: 0.00000,  L_Eknl: 0.09561, L_Morse: 4.75254

Weights: [7000.0, 600.0, 0, 50.0, 0.0, 0.1], lr=5.000e-05
Epoch: 0 [9160/10000 (92%)] Loss: 26.37543 = L_Mnfld: 5.89470 + L_NonMnfld: 15.11288 + L_Nrml: 0.00000 + L_Eknl: 4.90065 + L_Div: 0.00000 + L_Morse: 0.46719
Epoch: 0 [9160/10000 (92%)] Unweighted L_s : L_Mnfld: 0.00084,  L_NonMnfld: 0.02519,  L_Nrml: 0.00000,  L_Eknl: 0.09801, L_Morse: 4.67193

Weights: [7000.0, 600.0, 0, 50.0, 0.0, 0.1], lr=5.000e-05
Epoch: 0 [9170/10000 (92%)] Loss: 25.07728 = L_Mnfld: 5.85898 + L_NonMnfld: 13.91246 + L_Nrml: 0.00000 + L_Eknl: 4.81930 + L_Div: 0.00000 + L_Morse: 0.48654
Epoch: 0 [9170/10000 (92%)] Unweighted L_s : L_Mnfld: 0.00084,  L_NonMnfld: 0.02319,  L_Nrml: 0.00000,  L_Eknl: 0.09639, L_Morse: 4.86542

Weights: [7000.0, 600.0, 0, 50.0, 0.0, 0.1], lr=5.000e-05
Epoch: 0 [9180/10000 (92%)] Loss: 23.02004 = L_Mnfld: 5.89393 + L_NonMnfld: 11.92302 + L_Nrml: 0.00000 + L_Eknl: 4.71030 + L_Div: 0.00000 + L_Morse: 0.49279
Epoch: 0 [9180/10000 (92%)] Unweighted L_s : L_Mnfld: 0.00084,  L_NonMnfld: 0.01987,  L_Nrml: 0.00000,  L_Eknl: 0.09421, L_Morse: 4.92793

Weights: [7000.0, 600.0, 0, 50.0, 0.0, 0.1], lr=5.000e-05
Epoch: 0 [9190/10000 (92%)] Loss: 24.21531 = L_Mnfld: 5.52710 + L_NonMnfld: 13.44497 + L_Nrml: 0.00000 + L_Eknl: 4.73976 + L_Div: 0.00000 + L_Morse: 0.50348
Epoch: 0 [9190/10000 (92%)] Unweighted L_s : L_Mnfld: 0.00079,  L_NonMnfld: 0.02241,  L_Nrml: 0.00000,  L_Eknl: 0.09480, L_Morse: 5.03477

Weights: [7000.0, 600.0, 0, 50.0, 0.0, 0.1], lr=5.000e-05
Epoch: 0 [9200/10000 (92%)] Loss: 24.43076 = L_Mnfld: 6.06842 + L_NonMnfld: 13.03300 + L_Nrml: 0.00000 + L_Eknl: 4.85055 + L_Div: 0.00000 + L_Morse: 0.47879
Epoch: 0 [9200/10000 (92%)] Unweighted L_s : L_Mnfld: 0.00087,  L_NonMnfld: 0.02172,  L_Nrml: 0.00000,  L_Eknl: 0.09701, L_Morse: 4.78786

Weights: [7000.0, 600.0, 0, 50.0, 0.0, 0.1], lr=5.000e-05
Epoch: 0 [9210/10000 (92%)] Loss: 24.39630 = L_Mnfld: 5.67345 + L_NonMnfld: 13.52290 + L_Nrml: 0.00000 + L_Eknl: 4.71326 + L_Div: 0.00000 + L_Morse: 0.48668
Epoch: 0 [9210/10000 (92%)] Unweighted L_s : L_Mnfld: 0.00081,  L_NonMnfld: 0.02254,  L_Nrml: 0.00000,  L_Eknl: 0.09427, L_Morse: 4.86679

Weights: [7000.0, 600.0, 0, 50.0, 0.0, 0.1], lr=5.000e-05
Epoch: 0 [9220/10000 (92%)] Loss: 25.38489 = L_Mnfld: 6.17225 + L_NonMnfld: 13.98926 + L_Nrml: 0.00000 + L_Eknl: 4.73266 + L_Div: 0.00000 + L_Morse: 0.49072
Epoch: 0 [9220/10000 (92%)] Unweighted L_s : L_Mnfld: 0.00088,  L_NonMnfld: 0.02332,  L_Nrml: 0.00000,  L_Eknl: 0.09465, L_Morse: 4.90724

Weights: [7000.0, 600.0, 0, 50.0, 0.0, 0.1], lr=5.000e-05
Epoch: 0 [9230/10000 (92%)] Loss: 25.33231 = L_Mnfld: 5.91518 + L_NonMnfld: 14.18673 + L_Nrml: 0.00000 + L_Eknl: 4.72938 + L_Div: 0.00000 + L_Morse: 0.50102
Epoch: 0 [9230/10000 (92%)] Unweighted L_s : L_Mnfld: 0.00085,  L_NonMnfld: 0.02364,  L_Nrml: 0.00000,  L_Eknl: 0.09459, L_Morse: 5.01019

Weights: [7000.0, 600.0, 0, 50.0, 0.0, 0.1], lr=5.000e-05
Epoch: 0 [9240/10000 (92%)] Loss: 24.87410 = L_Mnfld: 5.94850 + L_NonMnfld: 13.66004 + L_Nrml: 0.00000 + L_Eknl: 4.76298 + L_Div: 0.00000 + L_Morse: 0.50258
Epoch: 0 [9240/10000 (92%)] Unweighted L_s : L_Mnfld: 0.00085,  L_NonMnfld: 0.02277,  L_Nrml: 0.00000,  L_Eknl: 0.09526, L_Morse: 5.02584

Weights: [7000.0, 600.0, 0, 50.0, 0.0, 0.1], lr=5.000e-05
Epoch: 0 [9250/10000 (92%)] Loss: 23.85612 = L_Mnfld: 6.00229 + L_NonMnfld: 12.45910 + L_Nrml: 0.00000 + L_Eknl: 4.89858 + L_Div: 0.00000 + L_Morse: 0.49616
Epoch: 0 [9250/10000 (92%)] Unweighted L_s : L_Mnfld: 0.00086,  L_NonMnfld: 0.02077,  L_Nrml: 0.00000,  L_Eknl: 0.09797, L_Morse: 4.96157

Weights: [7000.0, 600.0, 0, 50.0, 0.0, 0.1], lr=5.000e-05
Epoch: 0 [9260/10000 (93%)] Loss: 24.85162 = L_Mnfld: 5.90767 + L_NonMnfld: 13.51855 + L_Nrml: 0.00000 + L_Eknl: 4.95071 + L_Div: 0.00000 + L_Morse: 0.47469
Epoch: 0 [9260/10000 (93%)] Unweighted L_s : L_Mnfld: 0.00084,  L_NonMnfld: 0.02253,  L_Nrml: 0.00000,  L_Eknl: 0.09901, L_Morse: 4.74689

Weights: [7000.0, 600.0, 0, 50.0, 0.0, 0.1], lr=5.000e-05
Epoch: 0 [9270/10000 (93%)] Loss: 24.59435 = L_Mnfld: 5.76545 + L_NonMnfld: 13.52634 + L_Nrml: 0.00000 + L_Eknl: 4.78920 + L_Div: 0.00000 + L_Morse: 0.51335
Epoch: 0 [9270/10000 (93%)] Unweighted L_s : L_Mnfld: 0.00082,  L_NonMnfld: 0.02254,  L_Nrml: 0.00000,  L_Eknl: 0.09578, L_Morse: 5.13353

Weights: [7000.0, 600.0, 0, 50.0, 0.0, 0.1], lr=5.000e-05
Epoch: 0 [9280/10000 (93%)] Loss: 25.06417 = L_Mnfld: 5.76481 + L_NonMnfld: 13.96497 + L_Nrml: 0.00000 + L_Eknl: 4.83080 + L_Div: 0.00000 + L_Morse: 0.50358
Epoch: 0 [9280/10000 (93%)] Unweighted L_s : L_Mnfld: 0.00082,  L_NonMnfld: 0.02327,  L_Nrml: 0.00000,  L_Eknl: 0.09662, L_Morse: 5.03584

Weights: [7000.0, 600.0, 0, 50.0, 0.0, 0.1], lr=5.000e-05
Epoch: 0 [9290/10000 (93%)] Loss: 24.79210 = L_Mnfld: 5.81914 + L_NonMnfld: 13.97182 + L_Nrml: 0.00000 + L_Eknl: 4.53869 + L_Div: 0.00000 + L_Morse: 0.46245
Epoch: 0 [9290/10000 (93%)] Unweighted L_s : L_Mnfld: 0.00083,  L_NonMnfld: 0.02329,  L_Nrml: 0.00000,  L_Eknl: 0.09077, L_Morse: 4.62451

Weights: [7000.0, 600.0, 0, 50.0, 0.0, 0.1], lr=5.000e-05
Epoch: 0 [9300/10000 (93%)] Loss: 24.61115 = L_Mnfld: 5.87999 + L_NonMnfld: 13.38817 + L_Nrml: 0.00000 + L_Eknl: 4.83023 + L_Div: 0.00000 + L_Morse: 0.51275
Epoch: 0 [9300/10000 (93%)] Unweighted L_s : L_Mnfld: 0.00084,  L_NonMnfld: 0.02231,  L_Nrml: 0.00000,  L_Eknl: 0.09660, L_Morse: 5.12753

Weights: [7000.0, 600.0, 0, 50.0, 0.0, 0.1], lr=5.000e-05
Epoch: 0 [9310/10000 (93%)] Loss: 25.52057 = L_Mnfld: 5.81980 + L_NonMnfld: 14.56454 + L_Nrml: 0.00000 + L_Eknl: 4.66669 + L_Div: 0.00000 + L_Morse: 0.46954
Epoch: 0 [9310/10000 (93%)] Unweighted L_s : L_Mnfld: 0.00083,  L_NonMnfld: 0.02427,  L_Nrml: 0.00000,  L_Eknl: 0.09333, L_Morse: 4.69540

Weights: [7000.0, 600.0, 0, 50.0, 0.0, 0.1], lr=5.000e-05
Epoch: 0 [9320/10000 (93%)] Loss: 25.37455 = L_Mnfld: 5.51891 + L_NonMnfld: 14.56260 + L_Nrml: 0.00000 + L_Eknl: 4.80705 + L_Div: 0.00000 + L_Morse: 0.48599
Epoch: 0 [9320/10000 (93%)] Unweighted L_s : L_Mnfld: 0.00079,  L_NonMnfld: 0.02427,  L_Nrml: 0.00000,  L_Eknl: 0.09614, L_Morse: 4.85987

Weights: [7000.0, 600.0, 0, 50.0, 0.0, 0.1], lr=5.000e-05
Epoch: 0 [9330/10000 (93%)] Loss: 24.28644 = L_Mnfld: 5.53103 + L_NonMnfld: 13.54411 + L_Nrml: 0.00000 + L_Eknl: 4.73271 + L_Div: 0.00000 + L_Morse: 0.47859
Epoch: 0 [9330/10000 (93%)] Unweighted L_s : L_Mnfld: 0.00079,  L_NonMnfld: 0.02257,  L_Nrml: 0.00000,  L_Eknl: 0.09465, L_Morse: 4.78592

Weights: [7000.0, 600.0, 0, 50.0, 0.0, 0.1], lr=5.000e-05
Epoch: 0 [9340/10000 (93%)] Loss: 25.99019 = L_Mnfld: 6.03598 + L_NonMnfld: 14.35359 + L_Nrml: 0.00000 + L_Eknl: 5.09989 + L_Div: 0.00000 + L_Morse: 0.50073
Epoch: 0 [9340/10000 (93%)] Unweighted L_s : L_Mnfld: 0.00086,  L_NonMnfld: 0.02392,  L_Nrml: 0.00000,  L_Eknl: 0.10200, L_Morse: 5.00728

Weights: [7000.0, 600.0, 0, 50.0, 0.0, 0.1], lr=5.000e-05
Epoch: 0 [9350/10000 (94%)] Loss: 25.24907 = L_Mnfld: 6.46968 + L_NonMnfld: 13.44964 + L_Nrml: 0.00000 + L_Eknl: 4.85553 + L_Div: 0.00000 + L_Morse: 0.47422
Epoch: 0 [9350/10000 (94%)] Unweighted L_s : L_Mnfld: 0.00092,  L_NonMnfld: 0.02242,  L_Nrml: 0.00000,  L_Eknl: 0.09711, L_Morse: 4.74223

Weights: [7000.0, 600.0, 0, 50.0, 0.0, 0.1], lr=5.000e-05
Epoch: 0 [9360/10000 (94%)] Loss: 25.60687 = L_Mnfld: 6.06161 + L_NonMnfld: 14.14189 + L_Nrml: 0.00000 + L_Eknl: 4.89552 + L_Div: 0.00000 + L_Morse: 0.50786
Epoch: 0 [9360/10000 (94%)] Unweighted L_s : L_Mnfld: 0.00087,  L_NonMnfld: 0.02357,  L_Nrml: 0.00000,  L_Eknl: 0.09791, L_Morse: 5.07857

Weights: [7000.0, 600.0, 0, 50.0, 0.0, 0.1], lr=5.000e-05
Epoch: 0 [9370/10000 (94%)] Loss: 24.96218 = L_Mnfld: 5.84692 + L_NonMnfld: 13.86614 + L_Nrml: 0.00000 + L_Eknl: 4.74804 + L_Div: 0.00000 + L_Morse: 0.50109
Epoch: 0 [9370/10000 (94%)] Unweighted L_s : L_Mnfld: 0.00084,  L_NonMnfld: 0.02311,  L_Nrml: 0.00000,  L_Eknl: 0.09496, L_Morse: 5.01087

Weights: [7000.0, 600.0, 0, 50.0, 0.0, 0.1], lr=5.000e-05
Epoch: 0 [9380/10000 (94%)] Loss: 23.83169 = L_Mnfld: 5.79745 + L_NonMnfld: 12.96629 + L_Nrml: 0.00000 + L_Eknl: 4.57828 + L_Div: 0.00000 + L_Morse: 0.48967
Epoch: 0 [9380/10000 (94%)] Unweighted L_s : L_Mnfld: 0.00083,  L_NonMnfld: 0.02161,  L_Nrml: 0.00000,  L_Eknl: 0.09157, L_Morse: 4.89668

Weights: [7000.0, 600.0, 0, 50.0, 0.0, 0.1], lr=5.000e-05
Epoch: 0 [9390/10000 (94%)] Loss: 24.56902 = L_Mnfld: 5.72668 + L_NonMnfld: 13.55284 + L_Nrml: 0.00000 + L_Eknl: 4.78344 + L_Div: 0.00000 + L_Morse: 0.50607
Epoch: 0 [9390/10000 (94%)] Unweighted L_s : L_Mnfld: 0.00082,  L_NonMnfld: 0.02259,  L_Nrml: 0.00000,  L_Eknl: 0.09567, L_Morse: 5.06069

Weights: [7000.0, 600.0, 0, 50.0, 0.0, 0.1], lr=5.000e-05
Epoch: 0 [9400/10000 (94%)] Loss: 24.90450 = L_Mnfld: 6.17255 + L_NonMnfld: 13.27199 + L_Nrml: 0.00000 + L_Eknl: 4.98971 + L_Div: 0.00000 + L_Morse: 0.47025
Epoch: 0 [9400/10000 (94%)] Unweighted L_s : L_Mnfld: 0.00088,  L_NonMnfld: 0.02212,  L_Nrml: 0.00000,  L_Eknl: 0.09979, L_Morse: 4.70247

Weights: [7000.0, 600.0, 0, 50.0, 0.0, 0.1], lr=5.000e-05
Epoch: 0 [9410/10000 (94%)] Loss: 25.49904 = L_Mnfld: 5.95424 + L_NonMnfld: 14.18650 + L_Nrml: 0.00000 + L_Eknl: 4.91145 + L_Div: 0.00000 + L_Morse: 0.44686
Epoch: 0 [9410/10000 (94%)] Unweighted L_s : L_Mnfld: 0.00085,  L_NonMnfld: 0.02364,  L_Nrml: 0.00000,  L_Eknl: 0.09823, L_Morse: 4.46857

Weights: [7000.0, 600.0, 0, 50.0, 0.0, 0.1], lr=5.000e-05
Epoch: 0 [9420/10000 (94%)] Loss: 23.65719 = L_Mnfld: 6.14944 + L_NonMnfld: 12.14646 + L_Nrml: 0.00000 + L_Eknl: 4.88213 + L_Div: 0.00000 + L_Morse: 0.47916
Epoch: 0 [9420/10000 (94%)] Unweighted L_s : L_Mnfld: 0.00088,  L_NonMnfld: 0.02024,  L_Nrml: 0.00000,  L_Eknl: 0.09764, L_Morse: 4.79162

Weights: [7000.0, 600.0, 0, 50.0, 0.0, 0.1], lr=5.000e-05
Epoch: 0 [9430/10000 (94%)] Loss: 26.50053 = L_Mnfld: 5.92972 + L_NonMnfld: 15.35449 + L_Nrml: 0.00000 + L_Eknl: 4.72507 + L_Div: 0.00000 + L_Morse: 0.49125
Epoch: 0 [9430/10000 (94%)] Unweighted L_s : L_Mnfld: 0.00085,  L_NonMnfld: 0.02559,  L_Nrml: 0.00000,  L_Eknl: 0.09450, L_Morse: 4.91254

Weights: [7000.0, 600.0, 0, 50.0, 0.0, 0.1], lr=5.000e-05
Epoch: 0 [9440/10000 (94%)] Loss: 25.15621 = L_Mnfld: 5.84287 + L_NonMnfld: 14.02509 + L_Nrml: 0.00000 + L_Eknl: 4.79689 + L_Div: 0.00000 + L_Morse: 0.49136
Epoch: 0 [9440/10000 (94%)] Unweighted L_s : L_Mnfld: 0.00083,  L_NonMnfld: 0.02338,  L_Nrml: 0.00000,  L_Eknl: 0.09594, L_Morse: 4.91362

Weights: [7000.0, 600.0, 0, 50.0, 0.0, 0.1], lr=5.000e-05
Epoch: 0 [9450/10000 (94%)] Loss: 25.19583 = L_Mnfld: 5.78121 + L_NonMnfld: 14.16010 + L_Nrml: 0.00000 + L_Eknl: 4.71690 + L_Div: 0.00000 + L_Morse: 0.53762
Epoch: 0 [9450/10000 (94%)] Unweighted L_s : L_Mnfld: 0.00083,  L_NonMnfld: 0.02360,  L_Nrml: 0.00000,  L_Eknl: 0.09434, L_Morse: 5.37616

Weights: [7000.0, 600.0, 0, 50.0, 0.0, 0.1], lr=5.000e-05
Epoch: 0 [9460/10000 (95%)] Loss: 24.33694 = L_Mnfld: 5.81906 + L_NonMnfld: 13.52341 + L_Nrml: 0.00000 + L_Eknl: 4.51674 + L_Div: 0.00000 + L_Morse: 0.47774
Epoch: 0 [9460/10000 (95%)] Unweighted L_s : L_Mnfld: 0.00083,  L_NonMnfld: 0.02254,  L_Nrml: 0.00000,  L_Eknl: 0.09033, L_Morse: 4.77740

Weights: [7000.0, 600.0, 0, 50.0, 0.0, 0.1], lr=5.000e-05
Epoch: 0 [9470/10000 (95%)] Loss: 24.26005 = L_Mnfld: 5.43478 + L_NonMnfld: 13.79572 + L_Nrml: 0.00000 + L_Eknl: 4.58062 + L_Div: 0.00000 + L_Morse: 0.44893
Epoch: 0 [9470/10000 (95%)] Unweighted L_s : L_Mnfld: 0.00078,  L_NonMnfld: 0.02299,  L_Nrml: 0.00000,  L_Eknl: 0.09161, L_Morse: 4.48931

Weights: [7000.0, 600.0, 0, 50.0, 0.0, 0.1], lr=5.000e-05
Epoch: 0 [9480/10000 (95%)] Loss: 24.33342 = L_Mnfld: 5.90633 + L_NonMnfld: 13.13221 + L_Nrml: 0.00000 + L_Eknl: 4.76552 + L_Div: 0.00000 + L_Morse: 0.52935
Epoch: 0 [9480/10000 (95%)] Unweighted L_s : L_Mnfld: 0.00084,  L_NonMnfld: 0.02189,  L_Nrml: 0.00000,  L_Eknl: 0.09531, L_Morse: 5.29354

Weights: [7000.0, 600.0, 0, 50.0, 0.0, 0.1], lr=5.000e-05
Epoch: 0 [9490/10000 (95%)] Loss: 23.78109 = L_Mnfld: 5.42437 + L_NonMnfld: 13.13309 + L_Nrml: 0.00000 + L_Eknl: 4.71762 + L_Div: 0.00000 + L_Morse: 0.50602
Epoch: 0 [9490/10000 (95%)] Unweighted L_s : L_Mnfld: 0.00077,  L_NonMnfld: 0.02189,  L_Nrml: 0.00000,  L_Eknl: 0.09435, L_Morse: 5.06020

Weights: [7000.0, 600.0, 0, 50.0, 0.0, 0.1], lr=5.000e-05
Epoch: 0 [9500/10000 (95%)] Loss: 24.40971 = L_Mnfld: 5.53218 + L_NonMnfld: 13.67017 + L_Nrml: 0.00000 + L_Eknl: 4.69500 + L_Div: 0.00000 + L_Morse: 0.51236
Epoch: 0 [9500/10000 (95%)] Unweighted L_s : L_Mnfld: 0.00079,  L_NonMnfld: 0.02278,  L_Nrml: 0.00000,  L_Eknl: 0.09390, L_Morse: 5.12362

Weights: [7000.0, 600.0, 0, 50.0, 0.0, 0.1], lr=5.000e-05
Epoch: 0 [9510/10000 (95%)] Loss: 23.87403 = L_Mnfld: 5.65376 + L_NonMnfld: 12.95729 + L_Nrml: 0.00000 + L_Eknl: 4.77694 + L_Div: 0.00000 + L_Morse: 0.48603
Epoch: 0 [9510/10000 (95%)] Unweighted L_s : L_Mnfld: 0.00081,  L_NonMnfld: 0.02160,  L_Nrml: 0.00000,  L_Eknl: 0.09554, L_Morse: 4.86033

Weights: [7000.0, 600.0, 0, 50.0, 0.0, 0.1], lr=5.000e-05
Epoch: 0 [9520/10000 (95%)] Loss: 24.24846 = L_Mnfld: 5.47102 + L_NonMnfld: 13.69824 + L_Nrml: 0.00000 + L_Eknl: 4.62274 + L_Div: 0.00000 + L_Morse: 0.45647
Epoch: 0 [9520/10000 (95%)] Unweighted L_s : L_Mnfld: 0.00078,  L_NonMnfld: 0.02283,  L_Nrml: 0.00000,  L_Eknl: 0.09245, L_Morse: 4.56473

Weights: [7000.0, 600.0, 0, 50.0, 0.0, 0.1], lr=5.000e-05
Epoch: 0 [9530/10000 (95%)] Loss: 25.60420 = L_Mnfld: 5.80392 + L_NonMnfld: 14.53124 + L_Nrml: 0.00000 + L_Eknl: 4.79433 + L_Div: 0.00000 + L_Morse: 0.47471
Epoch: 0 [9530/10000 (95%)] Unweighted L_s : L_Mnfld: 0.00083,  L_NonMnfld: 0.02422,  L_Nrml: 0.00000,  L_Eknl: 0.09589, L_Morse: 4.74708

Weights: [7000.0, 600.0, 0, 50.0, 0.0, 0.1], lr=5.000e-05
Epoch: 0 [9540/10000 (95%)] Loss: 24.57517 = L_Mnfld: 5.67523 + L_NonMnfld: 13.64409 + L_Nrml: 0.00000 + L_Eknl: 4.78000 + L_Div: 0.00000 + L_Morse: 0.47584
Epoch: 0 [9540/10000 (95%)] Unweighted L_s : L_Mnfld: 0.00081,  L_NonMnfld: 0.02274,  L_Nrml: 0.00000,  L_Eknl: 0.09560, L_Morse: 4.75845

Weights: [7000.0, 600.0, 0, 50.0, 0.0, 0.1], lr=5.000e-05
Epoch: 0 [9550/10000 (96%)] Loss: 24.79251 = L_Mnfld: 5.72255 + L_NonMnfld: 13.59999 + L_Nrml: 0.00000 + L_Eknl: 4.95656 + L_Div: 0.00000 + L_Morse: 0.51341
Epoch: 0 [9550/10000 (96%)] Unweighted L_s : L_Mnfld: 0.00082,  L_NonMnfld: 0.02267,  L_Nrml: 0.00000,  L_Eknl: 0.09913, L_Morse: 5.13413

Weights: [7000.0, 600.0, 0, 50.0, 0.0, 0.1], lr=5.000e-05
Epoch: 0 [9560/10000 (96%)] Loss: 24.98880 = L_Mnfld: 6.03952 + L_NonMnfld: 13.44962 + L_Nrml: 0.00000 + L_Eknl: 4.98227 + L_Div: 0.00000 + L_Morse: 0.51739
Epoch: 0 [9560/10000 (96%)] Unweighted L_s : L_Mnfld: 0.00086,  L_NonMnfld: 0.02242,  L_Nrml: 0.00000,  L_Eknl: 0.09965, L_Morse: 5.17393

Weights: [7000.0, 600.0, 0, 50.0, 0.0, 0.1], lr=5.000e-05
Epoch: 0 [9570/10000 (96%)] Loss: 25.66498 = L_Mnfld: 6.18665 + L_NonMnfld: 14.13135 + L_Nrml: 0.00000 + L_Eknl: 4.87643 + L_Div: 0.00000 + L_Morse: 0.47055
Epoch: 0 [9570/10000 (96%)] Unweighted L_s : L_Mnfld: 0.00088,  L_NonMnfld: 0.02355,  L_Nrml: 0.00000,  L_Eknl: 0.09753, L_Morse: 4.70546

Weights: [7000.0, 600.0, 0, 50.0, 0.0, 0.1], lr=5.000e-05
Epoch: 0 [9580/10000 (96%)] Loss: 24.94175 = L_Mnfld: 6.52107 + L_NonMnfld: 12.86654 + L_Nrml: 0.00000 + L_Eknl: 5.07265 + L_Div: 0.00000 + L_Morse: 0.48147
Epoch: 0 [9580/10000 (96%)] Unweighted L_s : L_Mnfld: 0.00093,  L_NonMnfld: 0.02144,  L_Nrml: 0.00000,  L_Eknl: 0.10145, L_Morse: 4.81474

Weights: [7000.0, 600.0, 0, 50.0, 0.0, 0.1], lr=5.000e-05
Epoch: 0 [9590/10000 (96%)] Loss: 25.52831 = L_Mnfld: 6.43231 + L_NonMnfld: 13.73746 + L_Nrml: 0.00000 + L_Eknl: 4.88355 + L_Div: 0.00000 + L_Morse: 0.47499
Epoch: 0 [9590/10000 (96%)] Unweighted L_s : L_Mnfld: 0.00092,  L_NonMnfld: 0.02290,  L_Nrml: 0.00000,  L_Eknl: 0.09767, L_Morse: 4.74991

Weights: [7000.0, 600.0, 0, 50.0, 0.0, 0.1], lr=5.000e-05
Epoch: 0 [9600/10000 (96%)] Loss: 25.08785 = L_Mnfld: 6.28904 + L_NonMnfld: 13.52322 + L_Nrml: 0.00000 + L_Eknl: 4.77647 + L_Div: 0.00000 + L_Morse: 0.49913
Epoch: 0 [9600/10000 (96%)] Unweighted L_s : L_Mnfld: 0.00090,  L_NonMnfld: 0.02254,  L_Nrml: 0.00000,  L_Eknl: 0.09553, L_Morse: 4.99130

Weights: [7000.0, 600.0, 0, 50.0, 0.0, 0.1], lr=5.000e-05
Epoch: 0 [9610/10000 (96%)] Loss: 26.77797 = L_Mnfld: 6.43034 + L_NonMnfld: 14.94635 + L_Nrml: 0.00000 + L_Eknl: 4.92791 + L_Div: 0.00000 + L_Morse: 0.47337
Epoch: 0 [9610/10000 (96%)] Unweighted L_s : L_Mnfld: 0.00092,  L_NonMnfld: 0.02491,  L_Nrml: 0.00000,  L_Eknl: 0.09856, L_Morse: 4.73368

Weights: [7000.0, 600.0, 0, 50.0, 0.0, 0.1], lr=5.000e-05
Epoch: 0 [9620/10000 (96%)] Loss: 24.25658 = L_Mnfld: 6.10788 + L_NonMnfld: 12.83840 + L_Nrml: 0.00000 + L_Eknl: 4.82902 + L_Div: 0.00000 + L_Morse: 0.48128
Epoch: 0 [9620/10000 (96%)] Unweighted L_s : L_Mnfld: 0.00087,  L_NonMnfld: 0.02140,  L_Nrml: 0.00000,  L_Eknl: 0.09658, L_Morse: 4.81284

Weights: [7000.0, 600.0, 0, 50.0, 0.0, 0.1], lr=5.000e-05
Epoch: 0 [9630/10000 (96%)] Loss: 25.76331 = L_Mnfld: 6.19982 + L_NonMnfld: 14.20253 + L_Nrml: 0.00000 + L_Eknl: 4.87420 + L_Div: 0.00000 + L_Morse: 0.48675
Epoch: 0 [9630/10000 (96%)] Unweighted L_s : L_Mnfld: 0.00089,  L_NonMnfld: 0.02367,  L_Nrml: 0.00000,  L_Eknl: 0.09748, L_Morse: 4.86755

Weights: [7000.0, 600.0, 0, 50.0, 0.0, 0.1], lr=5.000e-05
Epoch: 0 [9640/10000 (96%)] Loss: 25.11121 = L_Mnfld: 6.51120 + L_NonMnfld: 13.20645 + L_Nrml: 0.00000 + L_Eknl: 4.93378 + L_Div: 0.00000 + L_Morse: 0.45978
Epoch: 0 [9640/10000 (96%)] Unweighted L_s : L_Mnfld: 0.00093,  L_NonMnfld: 0.02201,  L_Nrml: 0.00000,  L_Eknl: 0.09868, L_Morse: 4.59777

Weights: [7000.0, 600.0, 0, 50.0, 0.0, 0.1], lr=5.000e-05
Epoch: 0 [9650/10000 (96%)] Loss: 26.70770 = L_Mnfld: 6.39038 + L_NonMnfld: 14.87644 + L_Nrml: 0.00000 + L_Eknl: 4.95803 + L_Div: 0.00000 + L_Morse: 0.48285
Epoch: 0 [9650/10000 (96%)] Unweighted L_s : L_Mnfld: 0.00091,  L_NonMnfld: 0.02479,  L_Nrml: 0.00000,  L_Eknl: 0.09916, L_Morse: 4.82848

Weights: [7000.0, 600.0, 0, 50.0, 0.0, 0.1], lr=5.000e-05
Epoch: 0 [9660/10000 (97%)] Loss: 24.56443 = L_Mnfld: 6.39849 + L_NonMnfld: 12.77310 + L_Nrml: 0.00000 + L_Eknl: 4.90988 + L_Div: 0.00000 + L_Morse: 0.48296
Epoch: 0 [9660/10000 (97%)] Unweighted L_s : L_Mnfld: 0.00091,  L_NonMnfld: 0.02129,  L_Nrml: 0.00000,  L_Eknl: 0.09820, L_Morse: 4.82965

Weights: [7000.0, 600.0, 0, 50.0, 0.0, 0.1], lr=5.000e-05
Epoch: 0 [9670/10000 (97%)] Loss: 25.07227 = L_Mnfld: 6.26906 + L_NonMnfld: 13.47619 + L_Nrml: 0.00000 + L_Eknl: 4.85273 + L_Div: 0.00000 + L_Morse: 0.47429
Epoch: 0 [9670/10000 (97%)] Unweighted L_s : L_Mnfld: 0.00090,  L_NonMnfld: 0.02246,  L_Nrml: 0.00000,  L_Eknl: 0.09705, L_Morse: 4.74289

Weights: [7000.0, 600.0, 0, 50.0, 0.0, 0.1], lr=5.000e-05
Epoch: 0 [9680/10000 (97%)] Loss: 24.54259 = L_Mnfld: 6.37385 + L_NonMnfld: 12.88723 + L_Nrml: 0.00000 + L_Eknl: 4.81333 + L_Div: 0.00000 + L_Morse: 0.46818
Epoch: 0 [9680/10000 (97%)] Unweighted L_s : L_Mnfld: 0.00091,  L_NonMnfld: 0.02148,  L_Nrml: 0.00000,  L_Eknl: 0.09627, L_Morse: 4.68180

Weights: [7000.0, 600.0, 0, 50.0, 0.0, 0.1], lr=5.000e-05
Epoch: 0 [9690/10000 (97%)] Loss: 24.97074 = L_Mnfld: 5.68832 + L_NonMnfld: 13.84761 + L_Nrml: 0.00000 + L_Eknl: 4.93827 + L_Div: 0.00000 + L_Morse: 0.49654
Epoch: 0 [9690/10000 (97%)] Unweighted L_s : L_Mnfld: 0.00081,  L_NonMnfld: 0.02308,  L_Nrml: 0.00000,  L_Eknl: 0.09877, L_Morse: 4.96544

Weights: [7000.0, 600.0, 0, 50.0, 0.0, 0.1], lr=5.000e-05
Epoch: 0 [9700/10000 (97%)] Loss: 24.69363 = L_Mnfld: 6.15638 + L_NonMnfld: 13.22886 + L_Nrml: 0.00000 + L_Eknl: 4.81601 + L_Div: 0.00000 + L_Morse: 0.49239
Epoch: 0 [9700/10000 (97%)] Unweighted L_s : L_Mnfld: 0.00088,  L_NonMnfld: 0.02205,  L_Nrml: 0.00000,  L_Eknl: 0.09632, L_Morse: 4.92391

Weights: [7000.0, 600.0, 0, 50.0, 0.0, 0.1], lr=5.000e-05
Epoch: 0 [9710/10000 (97%)] Loss: 24.04579 = L_Mnfld: 5.74170 + L_NonMnfld: 12.95088 + L_Nrml: 0.00000 + L_Eknl: 4.89651 + L_Div: 0.00000 + L_Morse: 0.45670
Epoch: 0 [9710/10000 (97%)] Unweighted L_s : L_Mnfld: 0.00082,  L_NonMnfld: 0.02158,  L_Nrml: 0.00000,  L_Eknl: 0.09793, L_Morse: 4.56697

Weights: [7000.0, 600.0, 0, 50.0, 0.0, 0.1], lr=5.000e-05
Epoch: 0 [9720/10000 (97%)] Loss: 22.72155 = L_Mnfld: 5.46231 + L_NonMnfld: 12.10590 + L_Nrml: 0.00000 + L_Eknl: 4.66891 + L_Div: 0.00000 + L_Morse: 0.48443
Epoch: 0 [9720/10000 (97%)] Unweighted L_s : L_Mnfld: 0.00078,  L_NonMnfld: 0.02018,  L_Nrml: 0.00000,  L_Eknl: 0.09338, L_Morse: 4.84434

Weights: [7000.0, 600.0, 0, 50.0, 0.0, 0.1], lr=5.000e-05
Epoch: 0 [9730/10000 (97%)] Loss: 24.68298 = L_Mnfld: 5.81845 + L_NonMnfld: 13.52987 + L_Nrml: 0.00000 + L_Eknl: 4.83672 + L_Div: 0.00000 + L_Morse: 0.49793
Epoch: 0 [9730/10000 (97%)] Unweighted L_s : L_Mnfld: 0.00083,  L_NonMnfld: 0.02255,  L_Nrml: 0.00000,  L_Eknl: 0.09673, L_Morse: 4.97930

Weights: [7000.0, 600.0, 0, 50.0, 0.0, 0.1], lr=5.000e-05
Epoch: 0 [9740/10000 (97%)] Loss: 24.77226 = L_Mnfld: 5.93206 + L_NonMnfld: 13.47766 + L_Nrml: 0.00000 + L_Eknl: 4.86446 + L_Div: 0.00000 + L_Morse: 0.49809
Epoch: 0 [9740/10000 (97%)] Unweighted L_s : L_Mnfld: 0.00085,  L_NonMnfld: 0.02246,  L_Nrml: 0.00000,  L_Eknl: 0.09729, L_Morse: 4.98089

Weights: [7000.0, 600.0, 0, 50.0, 0.0, 0.1], lr=5.000e-05
Epoch: 0 [9750/10000 (98%)] Loss: 23.78557 = L_Mnfld: 5.67455 + L_NonMnfld: 12.79466 + L_Nrml: 0.00000 + L_Eknl: 4.83626 + L_Div: 0.00000 + L_Morse: 0.48010
Epoch: 0 [9750/10000 (98%)] Unweighted L_s : L_Mnfld: 0.00081,  L_NonMnfld: 0.02132,  L_Nrml: 0.00000,  L_Eknl: 0.09673, L_Morse: 4.80104

Weights: [7000.0, 600.0, 0, 50.0, 0.0, 0.1], lr=5.000e-05
Epoch: 0 [9760/10000 (98%)] Loss: 25.35749 = L_Mnfld: 6.25124 + L_NonMnfld: 13.68842 + L_Nrml: 0.00000 + L_Eknl: 4.92750 + L_Div: 0.00000 + L_Morse: 0.49033
Epoch: 0 [9760/10000 (98%)] Unweighted L_s : L_Mnfld: 0.00089,  L_NonMnfld: 0.02281,  L_Nrml: 0.00000,  L_Eknl: 0.09855, L_Morse: 4.90330

Weights: [7000.0, 600.0, 0, 50.0, 0.0, 0.1], lr=5.000e-05
Epoch: 0 [9770/10000 (98%)] Loss: 24.10955 = L_Mnfld: 5.88819 + L_NonMnfld: 12.87684 + L_Nrml: 0.00000 + L_Eknl: 4.83972 + L_Div: 0.00000 + L_Morse: 0.50480
Epoch: 0 [9770/10000 (98%)] Unweighted L_s : L_Mnfld: 0.00084,  L_NonMnfld: 0.02146,  L_Nrml: 0.00000,  L_Eknl: 0.09679, L_Morse: 5.04795

Weights: [7000.0, 600.0, 0, 50.0, 0.0, 0.1], lr=5.000e-05
Epoch: 0 [9780/10000 (98%)] Loss: 25.10049 = L_Mnfld: 5.94521 + L_NonMnfld: 13.86462 + L_Nrml: 0.00000 + L_Eknl: 4.83023 + L_Div: 0.00000 + L_Morse: 0.46043
Epoch: 0 [9780/10000 (98%)] Unweighted L_s : L_Mnfld: 0.00085,  L_NonMnfld: 0.02311,  L_Nrml: 0.00000,  L_Eknl: 0.09660, L_Morse: 4.60431

Weights: [7000.0, 600.0, 0, 50.0, 0.0, 0.1], lr=5.000e-05
Epoch: 0 [9790/10000 (98%)] Loss: 25.23353 = L_Mnfld: 5.97251 + L_NonMnfld: 14.12664 + L_Nrml: 0.00000 + L_Eknl: 4.64364 + L_Div: 0.00000 + L_Morse: 0.49074
Epoch: 0 [9790/10000 (98%)] Unweighted L_s : L_Mnfld: 0.00085,  L_NonMnfld: 0.02354,  L_Nrml: 0.00000,  L_Eknl: 0.09287, L_Morse: 4.90740

Weights: [7000.0, 600.0, 0, 50.0, 0.0, 0.1], lr=5.000e-05
Epoch: 0 [9800/10000 (98%)] Loss: 25.28757 = L_Mnfld: 6.04438 + L_NonMnfld: 13.84900 + L_Nrml: 0.00000 + L_Eknl: 4.88532 + L_Div: 0.00000 + L_Morse: 0.50887
Epoch: 0 [9800/10000 (98%)] Unweighted L_s : L_Mnfld: 0.00086,  L_NonMnfld: 0.02308,  L_Nrml: 0.00000,  L_Eknl: 0.09771, L_Morse: 5.08865

Weights: [7000.0, 600.0, 0, 50.0, 0.0, 0.1], lr=5.000e-05
Epoch: 0 [9810/10000 (98%)] Loss: 24.06730 = L_Mnfld: 5.64193 + L_NonMnfld: 13.23888 + L_Nrml: 0.00000 + L_Eknl: 4.70722 + L_Div: 0.00000 + L_Morse: 0.47928
Epoch: 0 [9810/10000 (98%)] Unweighted L_s : L_Mnfld: 0.00081,  L_NonMnfld: 0.02206,  L_Nrml: 0.00000,  L_Eknl: 0.09414, L_Morse: 4.79280

Weights: [7000.0, 600.0, 0, 50.0, 0.0, 0.1], lr=5.000e-05
Epoch: 0 [9820/10000 (98%)] Loss: 25.01282 = L_Mnfld: 6.04167 + L_NonMnfld: 13.67021 + L_Nrml: 0.00000 + L_Eknl: 4.80312 + L_Div: 0.00000 + L_Morse: 0.49782
Epoch: 0 [9820/10000 (98%)] Unweighted L_s : L_Mnfld: 0.00086,  L_NonMnfld: 0.02278,  L_Nrml: 0.00000,  L_Eknl: 0.09606, L_Morse: 4.97819

Weights: [7000.0, 600.0, 0, 50.0, 0.0, 0.1], lr=5.000e-05
Epoch: 0 [9830/10000 (98%)] Loss: 26.41294 = L_Mnfld: 6.13114 + L_NonMnfld: 14.93129 + L_Nrml: 0.00000 + L_Eknl: 4.85167 + L_Div: 0.00000 + L_Morse: 0.49883
Epoch: 0 [9830/10000 (98%)] Unweighted L_s : L_Mnfld: 0.00088,  L_NonMnfld: 0.02489,  L_Nrml: 0.00000,  L_Eknl: 0.09703, L_Morse: 4.98830

Weights: [7000.0, 600.0, 0, 50.0, 0.0, 0.1], lr=5.000e-05
Epoch: 0 [9840/10000 (98%)] Loss: 26.61945 = L_Mnfld: 6.60505 + L_NonMnfld: 14.30386 + L_Nrml: 0.00000 + L_Eknl: 5.21878 + L_Div: 0.00000 + L_Morse: 0.49175
Epoch: 0 [9840/10000 (98%)] Unweighted L_s : L_Mnfld: 0.00094,  L_NonMnfld: 0.02384,  L_Nrml: 0.00000,  L_Eknl: 0.10438, L_Morse: 4.91752

Weights: [7000.0, 600.0, 0, 50.0, 0.0, 0.1], lr=5.000e-05
Epoch: 0 [9850/10000 (98%)] Loss: 24.15716 = L_Mnfld: 5.90162 + L_NonMnfld: 12.52860 + L_Nrml: 0.00000 + L_Eknl: 5.22622 + L_Div: 0.00000 + L_Morse: 0.50071
Epoch: 0 [9850/10000 (98%)] Unweighted L_s : L_Mnfld: 0.00084,  L_NonMnfld: 0.02088,  L_Nrml: 0.00000,  L_Eknl: 0.10452, L_Morse: 5.00713

Weights: [7000.0, 600.0, 0, 50.0, 0.0, 0.1], lr=5.000e-05
Epoch: 0 [9860/10000 (99%)] Loss: 25.82317 = L_Mnfld: 6.52179 + L_NonMnfld: 13.74775 + L_Nrml: 0.00000 + L_Eknl: 5.04298 + L_Div: 0.00000 + L_Morse: 0.51066
Epoch: 0 [9860/10000 (99%)] Unweighted L_s : L_Mnfld: 0.00093,  L_NonMnfld: 0.02291,  L_Nrml: 0.00000,  L_Eknl: 0.10086, L_Morse: 5.10658

Weights: [7000.0, 600.0, 0, 50.0, 0.0, 0.1], lr=5.000e-05
Epoch: 0 [9870/10000 (99%)] Loss: 25.73812 = L_Mnfld: 6.11500 + L_NonMnfld: 14.23509 + L_Nrml: 0.00000 + L_Eknl: 4.89659 + L_Div: 0.00000 + L_Morse: 0.49144
Epoch: 0 [9870/10000 (99%)] Unweighted L_s : L_Mnfld: 0.00087,  L_NonMnfld: 0.02373,  L_Nrml: 0.00000,  L_Eknl: 0.09793, L_Morse: 4.91438

Weights: [7000.0, 600.0, 0, 50.0, 0.0, 0.1], lr=5.000e-05
Epoch: 0 [9880/10000 (99%)] Loss: 25.27831 = L_Mnfld: 6.06341 + L_NonMnfld: 13.76641 + L_Nrml: 0.00000 + L_Eknl: 4.97783 + L_Div: 0.00000 + L_Morse: 0.47067
Epoch: 0 [9880/10000 (99%)] Unweighted L_s : L_Mnfld: 0.00087,  L_NonMnfld: 0.02294,  L_Nrml: 0.00000,  L_Eknl: 0.09956, L_Morse: 4.70667

Weights: [7000.0, 600.0, 0, 50.0, 0.0, 0.1], lr=5.000e-05
Epoch: 0 [9890/10000 (99%)] Loss: 24.89370 = L_Mnfld: 6.20027 + L_NonMnfld: 12.87304 + L_Nrml: 0.00000 + L_Eknl: 5.26877 + L_Div: 0.00000 + L_Morse: 0.55163
Epoch: 0 [9890/10000 (99%)] Unweighted L_s : L_Mnfld: 0.00089,  L_NonMnfld: 0.02146,  L_Nrml: 0.00000,  L_Eknl: 0.10538, L_Morse: 5.51628

Weights: [7000.0, 600.0, 0, 50.0, 0.0, 0.1], lr=5.000e-05
Epoch: 0 [9900/10000 (99%)] Loss: 24.85645 = L_Mnfld: 6.34043 + L_NonMnfld: 13.04090 + L_Nrml: 0.00000 + L_Eknl: 4.96415 + L_Div: 0.00000 + L_Morse: 0.51097
Epoch: 0 [9900/10000 (99%)] Unweighted L_s : L_Mnfld: 0.00091,  L_NonMnfld: 0.02173,  L_Nrml: 0.00000,  L_Eknl: 0.09928, L_Morse: 5.10968

Weights: [7000.0, 600.0, 0, 50.0, 0.0, 0.1], lr=5.000e-05
Epoch: 0 [9910/10000 (99%)] Loss: 25.50762 = L_Mnfld: 6.17035 + L_NonMnfld: 13.94753 + L_Nrml: 0.00000 + L_Eknl: 4.89201 + L_Div: 0.00000 + L_Morse: 0.49772
Epoch: 0 [9910/10000 (99%)] Unweighted L_s : L_Mnfld: 0.00088,  L_NonMnfld: 0.02325,  L_Nrml: 0.00000,  L_Eknl: 0.09784, L_Morse: 4.97717

Weights: [7000.0, 600.0, 0, 50.0, 0.0, 0.1], lr=5.000e-05
Epoch: 0 [9920/10000 (99%)] Loss: 24.68301 = L_Mnfld: 5.95201 + L_NonMnfld: 13.31327 + L_Nrml: 0.00000 + L_Eknl: 4.90599 + L_Div: 0.00000 + L_Morse: 0.51174
Epoch: 0 [9920/10000 (99%)] Unweighted L_s : L_Mnfld: 0.00085,  L_NonMnfld: 0.02219,  L_Nrml: 0.00000,  L_Eknl: 0.09812, L_Morse: 5.11741

Weights: [7000.0, 600.0, 0, 50.0, 0.0, 0.1], lr=5.000e-05
Epoch: 0 [9930/10000 (99%)] Loss: 24.97521 = L_Mnfld: 5.55981 + L_NonMnfld: 14.22666 + L_Nrml: 0.00000 + L_Eknl: 4.69393 + L_Div: 0.00000 + L_Morse: 0.49481
Epoch: 0 [9930/10000 (99%)] Unweighted L_s : L_Mnfld: 0.00079,  L_NonMnfld: 0.02371,  L_Nrml: 0.00000,  L_Eknl: 0.09388, L_Morse: 4.94810

Weights: [7000.0, 600.0, 0, 50.0, 0.0, 0.1], lr=5.000e-05
Epoch: 0 [9940/10000 (99%)] Loss: 24.36934 = L_Mnfld: 5.61101 + L_NonMnfld: 13.62802 + L_Nrml: 0.00000 + L_Eknl: 4.65882 + L_Div: 0.00000 + L_Morse: 0.47148
Epoch: 0 [9940/10000 (99%)] Unweighted L_s : L_Mnfld: 0.00080,  L_NonMnfld: 0.02271,  L_Nrml: 0.00000,  L_Eknl: 0.09318, L_Morse: 4.71479

Weights: [7000.0, 600.0, 0, 50.0, 0.0, 0.1], lr=5.000e-05
Epoch: 0 [9950/10000 (100%)] Loss: 22.95323 = L_Mnfld: 5.47809 + L_NonMnfld: 12.33961 + L_Nrml: 0.00000 + L_Eknl: 4.64182 + L_Div: 0.00000 + L_Morse: 0.49372
Epoch: 0 [9950/10000 (100%)] Unweighted L_s : L_Mnfld: 0.00078,  L_NonMnfld: 0.02057,  L_Nrml: 0.00000,  L_Eknl: 0.09284, L_Morse: 4.93718

Weights: [7000.0, 600.0, 0, 50.0, 0.0, 0.1], lr=5.000e-05
Epoch: 0 [9960/10000 (100%)] Loss: 24.71682 = L_Mnfld: 6.01797 + L_NonMnfld: 13.23225 + L_Nrml: 0.00000 + L_Eknl: 4.95000 + L_Div: 0.00000 + L_Morse: 0.51660
Epoch: 0 [9960/10000 (100%)] Unweighted L_s : L_Mnfld: 0.00086,  L_NonMnfld: 0.02205,  L_Nrml: 0.00000,  L_Eknl: 0.09900, L_Morse: 5.16596

Weights: [7000.0, 600.0, 0, 50.0, 0.0, 0.1], lr=5.000e-05
Epoch: 0 [9970/10000 (100%)] Loss: 24.84769 = L_Mnfld: 5.50246 + L_NonMnfld: 13.97394 + L_Nrml: 0.00000 + L_Eknl: 4.90113 + L_Div: 0.00000 + L_Morse: 0.47016
Epoch: 0 [9970/10000 (100%)] Unweighted L_s : L_Mnfld: 0.00079,  L_NonMnfld: 0.02329,  L_Nrml: 0.00000,  L_Eknl: 0.09802, L_Morse: 4.70162

Weights: [7000.0, 600.0, 0, 50.0, 0.0, 0.1], lr=5.000e-05
Epoch: 0 [9980/10000 (100%)] Loss: 26.22774 = L_Mnfld: 6.15766 + L_NonMnfld: 14.67335 + L_Nrml: 0.00000 + L_Eknl: 4.90319 + L_Div: 0.00000 + L_Morse: 0.49354
Epoch: 0 [9980/10000 (100%)] Unweighted L_s : L_Mnfld: 0.00088,  L_NonMnfld: 0.02446,  L_Nrml: 0.00000,  L_Eknl: 0.09806, L_Morse: 4.93541

Weights: [7000.0, 600.0, 0, 50.0, 0.0, 0.1], lr=5.000e-05
Epoch: 0 [9990/10000 (100%)] Loss: 25.02941 = L_Mnfld: 5.68759 + L_NonMnfld: 14.12380 + L_Nrml: 0.00000 + L_Eknl: 4.71631 + L_Div: 0.00000 + L_Morse: 0.50171
Epoch: 0 [9990/10000 (100%)] Unweighted L_s : L_Mnfld: 0.00081,  L_NonMnfld: 0.02354,  L_Nrml: 0.00000,  L_Eknl: 0.09433, L_Morse: 5.01712

