input params: 
Namespace(logdir='./new_log/CAD_CG_2025', model_name='model', seed=3627473, data_path='../../../ABC/00012830_9302b464ff7a454a9404b130_trimesh_001.ply', mesh_dir='/home/runqiao/rotate_input/gt', n_samples=10000, n_points=10000, grid_res=128, nonmnfld_sample_type='gaussian', num_epochs=1, lr=5e-05, grad_clip_norm=10.0, batch_size=1, load_path=None, init_type='siren', decoder_hidden_dim=256, decoder_n_hidden_layers=4, latent_size=0, nl='sine', sphere_init_params=[1.6, 0.1], udf=False, output_any=True, loss_type='siren_wo_n_w_morse', decay_params=[10.0, 0.2, 10.0, 0.5, 0.1, 0.1], morse_type='l1', morse_decay='linear', loss_weights=[7000.0, 600.0, 100.0, 50.0, 0.0, 3.0], bidirectional_morse=False, morse_near=True, weight_for_morse=False, use_morse_nonmnfld_grad=False, use_relax_eikonal=False)
Number of parameters in the current model:264449
Weights: [7000.0, 600.0, 0, 50.0, 0.0, 3.0], lr=5.000e-05
Epoch: 0 [   0/10000 (0%)] Loss: 671.39600 = L_Mnfld: 616.70595 + L_NonMnfld: 0.46025 + L_Nrml: 0.00000 + L_Eknl: 33.74603 + L_Div: 0.00000 + L_Morse: 20.48376
Epoch: 0 [   0/10000 (0%)] Unweighted L_s : L_Mnfld: 0.08810,  L_NonMnfld: 0.00077,  L_Nrml: 0.00000,  L_Eknl: 0.67492, L_Morse: 6.82792

Weights: [7000.0, 600.0, 0, 50.0, 0.0, 10.0], lr=5.000e-05
Epoch: 0 [  10/10000 (0%)] Loss: 159.72687 = L_Mnfld: 75.78589 + L_NonMnfld: 12.54100 + L_Nrml: 0.00000 + L_Eknl: 38.05468 + L_Div: 0.00000 + L_Morse: 33.34530
Epoch: 0 [  10/10000 (0%)] Unweighted L_s : L_Mnfld: 0.01083,  L_NonMnfld: 0.02090,  L_Nrml: 0.00000,  L_Eknl: 0.76109, L_Morse: 3.33453

Weights: [7000.0, 600.0, 0, 50.0, 0.0, 10.0], lr=5.000e-05
Epoch: 0 [  20/10000 (0%)] Loss: 143.16898 = L_Mnfld: 75.07263 + L_NonMnfld: 7.73880 + L_Nrml: 0.00000 + L_Eknl: 37.73905 + L_Div: 0.00000 + L_Morse: 22.61850
Epoch: 0 [  20/10000 (0%)] Unweighted L_s : L_Mnfld: 0.01072,  L_NonMnfld: 0.01290,  L_Nrml: 0.00000,  L_Eknl: 0.75478, L_Morse: 2.26185

Weights: [7000.0, 600.0, 0, 50.0, 0.0, 10.0], lr=5.000e-05
Epoch: 0 [  30/10000 (0%)] Loss: 107.26657 = L_Mnfld: 44.14851 + L_NonMnfld: 11.18307 + L_Nrml: 0.00000 + L_Eknl: 39.31979 + L_Div: 0.00000 + L_Morse: 12.61519
Epoch: 0 [  30/10000 (0%)] Unweighted L_s : L_Mnfld: 0.00631,  L_NonMnfld: 0.01864,  L_Nrml: 0.00000,  L_Eknl: 0.78640, L_Morse: 1.26152

Weights: [7000.0, 600.0, 0, 50.0, 0.0, 10.0], lr=5.000e-05
Epoch: 0 [  40/10000 (0%)] Loss: 106.61161 = L_Mnfld: 48.96965 + L_NonMnfld: 9.03870 + L_Nrml: 0.00000 + L_Eknl: 38.09997 + L_Div: 0.00000 + L_Morse: 10.50330
Epoch: 0 [  40/10000 (0%)] Unweighted L_s : L_Mnfld: 0.00700,  L_NonMnfld: 0.01506,  L_Nrml: 0.00000,  L_Eknl: 0.76200, L_Morse: 1.05033

Weights: [7000.0, 600.0, 0, 50.0, 0.0, 10.0], lr=5.000e-05
Epoch: 0 [  50/10000 (0%)] Loss: 90.24023 = L_Mnfld: 32.70325 + L_NonMnfld: 11.00465 + L_Nrml: 0.00000 + L_Eknl: 37.34380 + L_Div: 0.00000 + L_Morse: 9.18854
Epoch: 0 [  50/10000 (0%)] Unweighted L_s : L_Mnfld: 0.00467,  L_NonMnfld: 0.01834,  L_Nrml: 0.00000,  L_Eknl: 0.74688, L_Morse: 0.91885

Weights: [7000.0, 600.0, 0, 50.0, 0.0, 10.0], lr=5.000e-05
Epoch: 0 [  60/10000 (1%)] Loss: 89.53907 = L_Mnfld: 35.05552 + L_NonMnfld: 9.49963 + L_Nrml: 0.00000 + L_Eknl: 36.31839 + L_Div: 0.00000 + L_Morse: 8.66553
Epoch: 0 [  60/10000 (1%)] Unweighted L_s : L_Mnfld: 0.00501,  L_NonMnfld: 0.01583,  L_Nrml: 0.00000,  L_Eknl: 0.72637, L_Morse: 0.86655

Weights: [7000.0, 600.0, 0, 50.0, 0.0, 10.0], lr=5.000e-05
Epoch: 0 [  70/10000 (1%)] Loss: 82.19743 = L_Mnfld: 29.79665 + L_NonMnfld: 8.74909 + L_Nrml: 0.00000 + L_Eknl: 35.30978 + L_Div: 0.00000 + L_Morse: 8.34190
Epoch: 0 [  70/10000 (1%)] Unweighted L_s : L_Mnfld: 0.00426,  L_NonMnfld: 0.01458,  L_Nrml: 0.00000,  L_Eknl: 0.70620, L_Morse: 0.83419

Weights: [7000.0, 600.0, 0, 50.0, 0.0, 10.0], lr=5.000e-05
Epoch: 0 [  80/10000 (1%)] Loss: 79.09402 = L_Mnfld: 27.13720 + L_NonMnfld: 9.54429 + L_Nrml: 0.00000 + L_Eknl: 34.14364 + L_Div: 0.00000 + L_Morse: 8.26890
Epoch: 0 [  80/10000 (1%)] Unweighted L_s : L_Mnfld: 0.00388,  L_NonMnfld: 0.01591,  L_Nrml: 0.00000,  L_Eknl: 0.68287, L_Morse: 0.82689

Weights: [7000.0, 600.0, 0, 50.0, 0.0, 10.0], lr=5.000e-05
Epoch: 0 [  90/10000 (1%)] Loss: 76.12340 = L_Mnfld: 26.20099 + L_NonMnfld: 8.31780 + L_Nrml: 0.00000 + L_Eknl: 33.37590 + L_Div: 0.00000 + L_Morse: 8.22870
Epoch: 0 [  90/10000 (1%)] Unweighted L_s : L_Mnfld: 0.00374,  L_NonMnfld: 0.01386,  L_Nrml: 0.00000,  L_Eknl: 0.66752, L_Morse: 0.82287

Weights: [7000.0, 600.0, 0, 50.0, 0.0, 10.0], lr=5.000e-05
Epoch: 0 [ 100/10000 (1%)] Loss: 72.26376 = L_Mnfld: 23.92955 + L_NonMnfld: 7.34549 + L_Nrml: 0.00000 + L_Eknl: 32.61236 + L_Div: 0.00000 + L_Morse: 8.37636
Epoch: 0 [ 100/10000 (1%)] Unweighted L_s : L_Mnfld: 0.00342,  L_NonMnfld: 0.01224,  L_Nrml: 0.00000,  L_Eknl: 0.65225, L_Morse: 0.83764

Weights: [7000.0, 600.0, 0, 50.0, 0.0, 10.0], lr=5.000e-05
Epoch: 0 [ 110/10000 (1%)] Loss: 73.31741 = L_Mnfld: 24.46467 + L_NonMnfld: 8.33424 + L_Nrml: 0.00000 + L_Eknl: 31.97960 + L_Div: 0.00000 + L_Morse: 8.53891
Epoch: 0 [ 110/10000 (1%)] Unweighted L_s : L_Mnfld: 0.00349,  L_NonMnfld: 0.01389,  L_Nrml: 0.00000,  L_Eknl: 0.63959, L_Morse: 0.85389

Weights: [7000.0, 600.0, 0, 50.0, 0.0, 10.0], lr=5.000e-05
Epoch: 0 [ 120/10000 (1%)] Loss: 69.65746 = L_Mnfld: 23.33151 + L_NonMnfld: 7.26289 + L_Nrml: 0.00000 + L_Eknl: 30.62714 + L_Div: 0.00000 + L_Morse: 8.43592
Epoch: 0 [ 120/10000 (1%)] Unweighted L_s : L_Mnfld: 0.00333,  L_NonMnfld: 0.01210,  L_Nrml: 0.00000,  L_Eknl: 0.61254, L_Morse: 0.84359

Weights: [7000.0, 600.0, 0, 50.0, 0.0, 10.0], lr=5.000e-05
Epoch: 0 [ 130/10000 (1%)] Loss: 67.86758 = L_Mnfld: 22.14825 + L_NonMnfld: 7.26586 + L_Nrml: 0.00000 + L_Eknl: 30.13581 + L_Div: 0.00000 + L_Morse: 8.31766
Epoch: 0 [ 130/10000 (1%)] Unweighted L_s : L_Mnfld: 0.00316,  L_NonMnfld: 0.01211,  L_Nrml: 0.00000,  L_Eknl: 0.60272, L_Morse: 0.83177

Weights: [7000.0, 600.0, 0, 50.0, 0.0, 10.0], lr=5.000e-05
Epoch: 0 [ 140/10000 (1%)] Loss: 63.50792 = L_Mnfld: 18.90369 + L_NonMnfld: 6.73270 + L_Nrml: 0.00000 + L_Eknl: 29.23068 + L_Div: 0.00000 + L_Morse: 8.64083
Epoch: 0 [ 140/10000 (1%)] Unweighted L_s : L_Mnfld: 0.00270,  L_NonMnfld: 0.01122,  L_Nrml: 0.00000,  L_Eknl: 0.58461, L_Morse: 0.86408

Weights: [7000.0, 600.0, 0, 50.0, 0.0, 10.0], lr=5.000e-05
Epoch: 0 [ 150/10000 (2%)] Loss: 66.57676 = L_Mnfld: 21.78222 + L_NonMnfld: 7.42741 + L_Nrml: 0.00000 + L_Eknl: 28.85605 + L_Div: 0.00000 + L_Morse: 8.51108
Epoch: 0 [ 150/10000 (2%)] Unweighted L_s : L_Mnfld: 0.00311,  L_NonMnfld: 0.01238,  L_Nrml: 0.00000,  L_Eknl: 0.57712, L_Morse: 0.85111

Weights: [7000.0, 600.0, 0, 50.0, 0.0, 10.0], lr=5.000e-05
Epoch: 0 [ 160/10000 (2%)] Loss: 65.71976 = L_Mnfld: 22.13194 + L_NonMnfld: 7.01200 + L_Nrml: 0.00000 + L_Eknl: 27.79464 + L_Div: 0.00000 + L_Morse: 8.78118
Epoch: 0 [ 160/10000 (2%)] Unweighted L_s : L_Mnfld: 0.00316,  L_NonMnfld: 0.01169,  L_Nrml: 0.00000,  L_Eknl: 0.55589, L_Morse: 0.87812

Weights: [7000.0, 600.0, 0, 50.0, 0.0, 10.0], lr=5.000e-05
Epoch: 0 [ 170/10000 (2%)] Loss: 64.05589 = L_Mnfld: 21.02767 + L_NonMnfld: 6.29198 + L_Nrml: 0.00000 + L_Eknl: 28.23533 + L_Div: 0.00000 + L_Morse: 8.50090
Epoch: 0 [ 170/10000 (2%)] Unweighted L_s : L_Mnfld: 0.00300,  L_NonMnfld: 0.01049,  L_Nrml: 0.00000,  L_Eknl: 0.56471, L_Morse: 0.85009

Weights: [7000.0, 600.0, 0, 50.0, 0.0, 10.0], lr=5.000e-05
Epoch: 0 [ 180/10000 (2%)] Loss: 65.07094 = L_Mnfld: 20.42321 + L_NonMnfld: 7.70505 + L_Nrml: 0.00000 + L_Eknl: 27.96159 + L_Div: 0.00000 + L_Morse: 8.98108
Epoch: 0 [ 180/10000 (2%)] Unweighted L_s : L_Mnfld: 0.00292,  L_NonMnfld: 0.01284,  L_Nrml: 0.00000,  L_Eknl: 0.55923, L_Morse: 0.89811

Weights: [7000.0, 600.0, 0, 50.0, 0.0, 10.0], lr=5.000e-05
Epoch: 0 [ 190/10000 (2%)] Loss: 62.97857 = L_Mnfld: 19.68017 + L_NonMnfld: 7.07549 + L_Nrml: 0.00000 + L_Eknl: 27.74360 + L_Div: 0.00000 + L_Morse: 8.47931
Epoch: 0 [ 190/10000 (2%)] Unweighted L_s : L_Mnfld: 0.00281,  L_NonMnfld: 0.01179,  L_Nrml: 0.00000,  L_Eknl: 0.55487, L_Morse: 0.84793

Weights: [7000.0, 600.0, 0, 50.0, 0.0, 10.0], lr=5.000e-05
Epoch: 0 [ 200/10000 (2%)] Loss: 60.01781 = L_Mnfld: 16.88258 + L_NonMnfld: 7.07552 + L_Nrml: 0.00000 + L_Eknl: 27.22133 + L_Div: 0.00000 + L_Morse: 8.83837
Epoch: 0 [ 200/10000 (2%)] Unweighted L_s : L_Mnfld: 0.00241,  L_NonMnfld: 0.01179,  L_Nrml: 0.00000,  L_Eknl: 0.54443, L_Morse: 0.88384

Weights: [7000.0, 600.0, 0, 50.0, 0.0, 10.0], lr=5.000e-05
Epoch: 0 [ 210/10000 (2%)] Loss: 62.36941 = L_Mnfld: 19.18747 + L_NonMnfld: 7.21432 + L_Nrml: 0.00000 + L_Eknl: 27.01798 + L_Div: 0.00000 + L_Morse: 8.94963
Epoch: 0 [ 210/10000 (2%)] Unweighted L_s : L_Mnfld: 0.00274,  L_NonMnfld: 0.01202,  L_Nrml: 0.00000,  L_Eknl: 0.54036, L_Morse: 0.89496

Weights: [7000.0, 600.0, 0, 50.0, 0.0, 10.0], lr=5.000e-05
Epoch: 0 [ 220/10000 (2%)] Loss: 62.38691 = L_Mnfld: 20.73363 + L_NonMnfld: 5.94518 + L_Nrml: 0.00000 + L_Eknl: 26.57898 + L_Div: 0.00000 + L_Morse: 9.12911
Epoch: 0 [ 220/10000 (2%)] Unweighted L_s : L_Mnfld: 0.00296,  L_NonMnfld: 0.00991,  L_Nrml: 0.00000,  L_Eknl: 0.53158, L_Morse: 0.91291

Weights: [7000.0, 600.0, 0, 50.0, 0.0, 10.0], lr=5.000e-05
Epoch: 0 [ 230/10000 (2%)] Loss: 61.18247 = L_Mnfld: 18.68366 + L_NonMnfld: 6.96140 + L_Nrml: 0.00000 + L_Eknl: 26.49822 + L_Div: 0.00000 + L_Morse: 9.03919
Epoch: 0 [ 230/10000 (2%)] Unweighted L_s : L_Mnfld: 0.00267,  L_NonMnfld: 0.01160,  L_Nrml: 0.00000,  L_Eknl: 0.52996, L_Morse: 0.90392

Weights: [7000.0, 600.0, 0, 50.0, 0.0, 10.0], lr=5.000e-05
Epoch: 0 [ 240/10000 (2%)] Loss: 60.57912 = L_Mnfld: 17.87332 + L_NonMnfld: 7.66517 + L_Nrml: 0.00000 + L_Eknl: 25.93531 + L_Div: 0.00000 + L_Morse: 9.10533
Epoch: 0 [ 240/10000 (2%)] Unweighted L_s : L_Mnfld: 0.00255,  L_NonMnfld: 0.01278,  L_Nrml: 0.00000,  L_Eknl: 0.51871, L_Morse: 0.91053

Weights: [7000.0, 600.0, 0, 50.0, 0.0, 10.0], lr=5.000e-05
Epoch: 0 [ 250/10000 (2%)] Loss: 61.28692 = L_Mnfld: 18.79734 + L_NonMnfld: 7.28742 + L_Nrml: 0.00000 + L_Eknl: 26.07692 + L_Div: 0.00000 + L_Morse: 9.12524
Epoch: 0 [ 250/10000 (2%)] Unweighted L_s : L_Mnfld: 0.00269,  L_NonMnfld: 0.01215,  L_Nrml: 0.00000,  L_Eknl: 0.52154, L_Morse: 0.91252

Weights: [7000.0, 600.0, 0, 50.0, 0.0, 10.0], lr=5.000e-05
Epoch: 0 [ 260/10000 (3%)] Loss: 60.75071 = L_Mnfld: 19.52375 + L_NonMnfld: 6.49831 + L_Nrml: 0.00000 + L_Eknl: 25.13558 + L_Div: 0.00000 + L_Morse: 9.59307
Epoch: 0 [ 260/10000 (3%)] Unweighted L_s : L_Mnfld: 0.00279,  L_NonMnfld: 0.01083,  L_Nrml: 0.00000,  L_Eknl: 0.50271, L_Morse: 0.95931

Weights: [7000.0, 600.0, 0, 50.0, 0.0, 10.0], lr=5.000e-05
Epoch: 0 [ 270/10000 (3%)] Loss: 59.83068 = L_Mnfld: 18.68529 + L_NonMnfld: 6.30999 + L_Nrml: 0.00000 + L_Eknl: 25.87483 + L_Div: 0.00000 + L_Morse: 8.96057
Epoch: 0 [ 270/10000 (3%)] Unweighted L_s : L_Mnfld: 0.00267,  L_NonMnfld: 0.01052,  L_Nrml: 0.00000,  L_Eknl: 0.51750, L_Morse: 0.89606

Weights: [7000.0, 600.0, 0, 50.0, 0.0, 10.0], lr=5.000e-05
Epoch: 0 [ 280/10000 (3%)] Loss: 58.68624 = L_Mnfld: 17.86521 + L_NonMnfld: 6.64808 + L_Nrml: 0.00000 + L_Eknl: 25.00336 + L_Div: 0.00000 + L_Morse: 9.16958
Epoch: 0 [ 280/10000 (3%)] Unweighted L_s : L_Mnfld: 0.00255,  L_NonMnfld: 0.01108,  L_Nrml: 0.00000,  L_Eknl: 0.50007, L_Morse: 0.91696

Weights: [7000.0, 600.0, 0, 50.0, 0.0, 10.0], lr=5.000e-05
Epoch: 0 [ 290/10000 (3%)] Loss: 58.43075 = L_Mnfld: 17.11692 + L_NonMnfld: 6.89336 + L_Nrml: 0.00000 + L_Eknl: 25.23311 + L_Div: 0.00000 + L_Morse: 9.18736
Epoch: 0 [ 290/10000 (3%)] Unweighted L_s : L_Mnfld: 0.00245,  L_NonMnfld: 0.01149,  L_Nrml: 0.00000,  L_Eknl: 0.50466, L_Morse: 0.91874

Weights: [7000.0, 600.0, 0, 50.0, 0.0, 10.0], lr=5.000e-05
Epoch: 0 [ 300/10000 (3%)] Loss: 59.38492 = L_Mnfld: 18.34041 + L_NonMnfld: 6.57138 + L_Nrml: 0.00000 + L_Eknl: 24.96407 + L_Div: 0.00000 + L_Morse: 9.50907
Epoch: 0 [ 300/10000 (3%)] Unweighted L_s : L_Mnfld: 0.00262,  L_NonMnfld: 0.01095,  L_Nrml: 0.00000,  L_Eknl: 0.49928, L_Morse: 0.95091

Weights: [7000.0, 600.0, 0, 50.0, 0.0, 10.0], lr=5.000e-05
Epoch: 0 [ 310/10000 (3%)] Loss: 58.50463 = L_Mnfld: 18.67578 + L_NonMnfld: 5.65426 + L_Nrml: 0.00000 + L_Eknl: 25.34895 + L_Div: 0.00000 + L_Morse: 8.82565
Epoch: 0 [ 310/10000 (3%)] Unweighted L_s : L_Mnfld: 0.00267,  L_NonMnfld: 0.00942,  L_Nrml: 0.00000,  L_Eknl: 0.50698, L_Morse: 0.88256

Weights: [7000.0, 600.0, 0, 50.0, 0.0, 10.0], lr=5.000e-05
Epoch: 0 [ 320/10000 (3%)] Loss: 60.65804 = L_Mnfld: 20.38873 + L_NonMnfld: 6.46481 + L_Nrml: 0.00000 + L_Eknl: 24.13267 + L_Div: 0.00000 + L_Morse: 9.67182
Epoch: 0 [ 320/10000 (3%)] Unweighted L_s : L_Mnfld: 0.00291,  L_NonMnfld: 0.01077,  L_Nrml: 0.00000,  L_Eknl: 0.48265, L_Morse: 0.96718

Weights: [7000.0, 600.0, 0, 50.0, 0.0, 10.0], lr=5.000e-05
Epoch: 0 [ 330/10000 (3%)] Loss: 58.17801 = L_Mnfld: 17.67689 + L_NonMnfld: 6.54961 + L_Nrml: 0.00000 + L_Eknl: 24.61854 + L_Div: 0.00000 + L_Morse: 9.33297
Epoch: 0 [ 330/10000 (3%)] Unweighted L_s : L_Mnfld: 0.00253,  L_NonMnfld: 0.01092,  L_Nrml: 0.00000,  L_Eknl: 0.49237, L_Morse: 0.93330

Weights: [7000.0, 600.0, 0, 50.0, 0.0, 10.0], lr=5.000e-05
Epoch: 0 [ 340/10000 (3%)] Loss: 61.53754 = L_Mnfld: 20.73472 + L_NonMnfld: 6.36779 + L_Nrml: 0.00000 + L_Eknl: 24.68351 + L_Div: 0.00000 + L_Morse: 9.75152
Epoch: 0 [ 340/10000 (3%)] Unweighted L_s : L_Mnfld: 0.00296,  L_NonMnfld: 0.01061,  L_Nrml: 0.00000,  L_Eknl: 0.49367, L_Morse: 0.97515

Weights: [7000.0, 600.0, 0, 50.0, 0.0, 10.0], lr=5.000e-05
Epoch: 0 [ 350/10000 (4%)] Loss: 60.47589 = L_Mnfld: 18.52551 + L_NonMnfld: 7.45433 + L_Nrml: 0.00000 + L_Eknl: 24.91241 + L_Div: 0.00000 + L_Morse: 9.58364
Epoch: 0 [ 350/10000 (4%)] Unweighted L_s : L_Mnfld: 0.00265,  L_NonMnfld: 0.01242,  L_Nrml: 0.00000,  L_Eknl: 0.49825, L_Morse: 0.95836

Weights: [7000.0, 600.0, 0, 50.0, 0.0, 10.0], lr=5.000e-05
Epoch: 0 [ 360/10000 (4%)] Loss: 58.37904 = L_Mnfld: 18.49698 + L_NonMnfld: 6.30481 + L_Nrml: 0.00000 + L_Eknl: 24.21834 + L_Div: 0.00000 + L_Morse: 9.35891
Epoch: 0 [ 360/10000 (4%)] Unweighted L_s : L_Mnfld: 0.00264,  L_NonMnfld: 0.01051,  L_Nrml: 0.00000,  L_Eknl: 0.48437, L_Morse: 0.93589

Weights: [7000.0, 600.0, 0, 50.0, 0.0, 10.0], lr=5.000e-05
Epoch: 0 [ 370/10000 (4%)] Loss: 58.35099 = L_Mnfld: 17.55536 + L_NonMnfld: 6.76287 + L_Nrml: 0.00000 + L_Eknl: 24.65363 + L_Div: 0.00000 + L_Morse: 9.37913
Epoch: 0 [ 370/10000 (4%)] Unweighted L_s : L_Mnfld: 0.00251,  L_NonMnfld: 0.01127,  L_Nrml: 0.00000,  L_Eknl: 0.49307, L_Morse: 0.93791

Weights: [7000.0, 600.0, 0, 50.0, 0.0, 10.0], lr=5.000e-05
Epoch: 0 [ 380/10000 (4%)] Loss: 58.95362 = L_Mnfld: 18.28556 + L_NonMnfld: 6.54686 + L_Nrml: 0.00000 + L_Eknl: 24.54066 + L_Div: 0.00000 + L_Morse: 9.58054
Epoch: 0 [ 380/10000 (4%)] Unweighted L_s : L_Mnfld: 0.00261,  L_NonMnfld: 0.01091,  L_Nrml: 0.00000,  L_Eknl: 0.49081, L_Morse: 0.95805

Weights: [7000.0, 600.0, 0, 50.0, 0.0, 10.0], lr=5.000e-05
Epoch: 0 [ 390/10000 (4%)] Loss: 58.10128 = L_Mnfld: 18.27938 + L_NonMnfld: 6.68659 + L_Nrml: 0.00000 + L_Eknl: 24.22281 + L_Div: 0.00000 + L_Morse: 8.91251
Epoch: 0 [ 390/10000 (4%)] Unweighted L_s : L_Mnfld: 0.00261,  L_NonMnfld: 0.01114,  L_Nrml: 0.00000,  L_Eknl: 0.48446, L_Morse: 0.89125

Weights: [7000.0, 600.0, 0, 50.0, 0.0, 10.0], lr=5.000e-05
Epoch: 0 [ 400/10000 (4%)] Loss: 58.13823 = L_Mnfld: 18.39581 + L_NonMnfld: 6.73454 + L_Nrml: 0.00000 + L_Eknl: 23.41737 + L_Div: 0.00000 + L_Morse: 9.59050
Epoch: 0 [ 400/10000 (4%)] Unweighted L_s : L_Mnfld: 0.00263,  L_NonMnfld: 0.01122,  L_Nrml: 0.00000,  L_Eknl: 0.46835, L_Morse: 0.95905

Weights: [7000.0, 600.0, 0, 50.0, 0.0, 10.0], lr=5.000e-05
Epoch: 0 [ 410/10000 (4%)] Loss: 57.84457 = L_Mnfld: 18.11668 + L_NonMnfld: 5.33982 + L_Nrml: 0.00000 + L_Eknl: 24.56848 + L_Div: 0.00000 + L_Morse: 9.81958
Epoch: 0 [ 410/10000 (4%)] Unweighted L_s : L_Mnfld: 0.00259,  L_NonMnfld: 0.00890,  L_Nrml: 0.00000,  L_Eknl: 0.49137, L_Morse: 0.98196

Weights: [7000.0, 600.0, 0, 50.0, 0.0, 10.0], lr=5.000e-05
Epoch: 0 [ 420/10000 (4%)] Loss: 57.28142 = L_Mnfld: 17.11333 + L_NonMnfld: 7.04699 + L_Nrml: 0.00000 + L_Eknl: 23.94156 + L_Div: 0.00000 + L_Morse: 9.17954
Epoch: 0 [ 420/10000 (4%)] Unweighted L_s : L_Mnfld: 0.00244,  L_NonMnfld: 0.01174,  L_Nrml: 0.00000,  L_Eknl: 0.47883, L_Morse: 0.91795

Weights: [7000.0, 600.0, 0, 50.0, 0.0, 10.0], lr=5.000e-05
Epoch: 0 [ 430/10000 (4%)] Loss: 55.57578 = L_Mnfld: 16.88544 + L_NonMnfld: 6.52254 + L_Nrml: 0.00000 + L_Eknl: 23.35455 + L_Div: 0.00000 + L_Morse: 8.81325
Epoch: 0 [ 430/10000 (4%)] Unweighted L_s : L_Mnfld: 0.00241,  L_NonMnfld: 0.01087,  L_Nrml: 0.00000,  L_Eknl: 0.46709, L_Morse: 0.88132

Weights: [7000.0, 600.0, 0, 50.0, 0.0, 10.0], lr=5.000e-05
Epoch: 0 [ 440/10000 (4%)] Loss: 56.25337 = L_Mnfld: 17.46146 + L_NonMnfld: 6.16938 + L_Nrml: 0.00000 + L_Eknl: 23.21754 + L_Div: 0.00000 + L_Morse: 9.40499
Epoch: 0 [ 440/10000 (4%)] Unweighted L_s : L_Mnfld: 0.00249,  L_NonMnfld: 0.01028,  L_Nrml: 0.00000,  L_Eknl: 0.46435, L_Morse: 0.94050

Weights: [7000.0, 600.0, 0, 50.0, 0.0, 10.0], lr=5.000e-05
Epoch: 0 [ 450/10000 (4%)] Loss: 56.39764 = L_Mnfld: 16.83144 + L_NonMnfld: 6.78638 + L_Nrml: 0.00000 + L_Eknl: 23.59171 + L_Div: 0.00000 + L_Morse: 9.18811
Epoch: 0 [ 450/10000 (4%)] Unweighted L_s : L_Mnfld: 0.00240,  L_NonMnfld: 0.01131,  L_Nrml: 0.00000,  L_Eknl: 0.47183, L_Morse: 0.91881

Weights: [7000.0, 600.0, 0, 50.0, 0.0, 10.0], lr=5.000e-05
Epoch: 0 [ 460/10000 (5%)] Loss: 60.44900 = L_Mnfld: 20.75024 + L_NonMnfld: 5.86776 + L_Nrml: 0.00000 + L_Eknl: 24.05310 + L_Div: 0.00000 + L_Morse: 9.77789
Epoch: 0 [ 460/10000 (5%)] Unweighted L_s : L_Mnfld: 0.00296,  L_NonMnfld: 0.00978,  L_Nrml: 0.00000,  L_Eknl: 0.48106, L_Morse: 0.97779

Weights: [7000.0, 600.0, 0, 50.0, 0.0, 10.0], lr=5.000e-05
Epoch: 0 [ 470/10000 (5%)] Loss: 66.98896 = L_Mnfld: 23.18417 + L_NonMnfld: 7.65881 + L_Nrml: 0.00000 + L_Eknl: 24.41789 + L_Div: 0.00000 + L_Morse: 11.72809
Epoch: 0 [ 470/10000 (5%)] Unweighted L_s : L_Mnfld: 0.00331,  L_NonMnfld: 0.01276,  L_Nrml: 0.00000,  L_Eknl: 0.48836, L_Morse: 1.17281

Weights: [7000.0, 600.0, 0, 50.0, 0.0, 10.0], lr=5.000e-05
Epoch: 0 [ 480/10000 (5%)] Loss: 78.61833 = L_Mnfld: 30.13409 + L_NonMnfld: 6.61011 + L_Nrml: 0.00000 + L_Eknl: 27.21476 + L_Div: 0.00000 + L_Morse: 14.65937
Epoch: 0 [ 480/10000 (5%)] Unweighted L_s : L_Mnfld: 0.00430,  L_NonMnfld: 0.01102,  L_Nrml: 0.00000,  L_Eknl: 0.54430, L_Morse: 1.46594

Weights: [7000.0, 600.0, 0, 50.0, 0.0, 10.0], lr=5.000e-05
Epoch: 0 [ 490/10000 (5%)] Loss: 63.73070 = L_Mnfld: 19.58237 + L_NonMnfld: 6.43149 + L_Nrml: 0.00000 + L_Eknl: 26.96678 + L_Div: 0.00000 + L_Morse: 10.75006
Epoch: 0 [ 490/10000 (5%)] Unweighted L_s : L_Mnfld: 0.00280,  L_NonMnfld: 0.01072,  L_Nrml: 0.00000,  L_Eknl: 0.53934, L_Morse: 1.07501

Weights: [7000.0, 600.0, 0, 50.0, 0.0, 10.0], lr=5.000e-05
Epoch: 0 [ 500/10000 (5%)] Loss: 65.25610 = L_Mnfld: 21.96606 + L_NonMnfld: 6.83448 + L_Nrml: 0.00000 + L_Eknl: 25.38867 + L_Div: 0.00000 + L_Morse: 11.06689
Epoch: 0 [ 500/10000 (5%)] Unweighted L_s : L_Mnfld: 0.00314,  L_NonMnfld: 0.01139,  L_Nrml: 0.00000,  L_Eknl: 0.50777, L_Morse: 1.10669

Weights: [7000.0, 600.0, 0, 50.0, 0.0, 10.0], lr=5.000e-05
Epoch: 0 [ 510/10000 (5%)] Loss: 68.45427 = L_Mnfld: 23.63467 + L_NonMnfld: 6.52919 + L_Nrml: 0.00000 + L_Eknl: 27.15069 + L_Div: 0.00000 + L_Morse: 11.13971
Epoch: 0 [ 510/10000 (5%)] Unweighted L_s : L_Mnfld: 0.00338,  L_NonMnfld: 0.01088,  L_Nrml: 0.00000,  L_Eknl: 0.54301, L_Morse: 1.11397

Weights: [7000.0, 600.0, 0, 50.0, 0.0, 10.0], lr=5.000e-05
Epoch: 0 [ 520/10000 (5%)] Loss: 77.15414 = L_Mnfld: 33.70157 + L_NonMnfld: 6.59788 + L_Nrml: 0.00000 + L_Eknl: 25.90968 + L_Div: 0.00000 + L_Morse: 10.94502
Epoch: 0 [ 520/10000 (5%)] Unweighted L_s : L_Mnfld: 0.00481,  L_NonMnfld: 0.01100,  L_Nrml: 0.00000,  L_Eknl: 0.51819, L_Morse: 1.09450

Weights: [7000.0, 600.0, 0, 50.0, 0.0, 10.0], lr=5.000e-05
Epoch: 0 [ 530/10000 (5%)] Loss: 76.78721 = L_Mnfld: 29.31362 + L_NonMnfld: 7.31255 + L_Nrml: 0.00000 + L_Eknl: 27.21138 + L_Div: 0.00000 + L_Morse: 12.94966
Epoch: 0 [ 530/10000 (5%)] Unweighted L_s : L_Mnfld: 0.00419,  L_NonMnfld: 0.01219,  L_Nrml: 0.00000,  L_Eknl: 0.54423, L_Morse: 1.29497

Weights: [7000.0, 600.0, 0, 50.0, 0.0, 10.0], lr=5.000e-05
Epoch: 0 [ 540/10000 (5%)] Loss: 82.60502 = L_Mnfld: 34.62208 + L_NonMnfld: 7.77546 + L_Nrml: 0.00000 + L_Eknl: 29.54723 + L_Div: 0.00000 + L_Morse: 10.66025
Epoch: 0 [ 540/10000 (5%)] Unweighted L_s : L_Mnfld: 0.00495,  L_NonMnfld: 0.01296,  L_Nrml: 0.00000,  L_Eknl: 0.59094, L_Morse: 1.06603

Weights: [7000.0, 600.0, 0, 50.0, 0.0, 10.0], lr=5.000e-05
Epoch: 0 [ 550/10000 (6%)] Loss: 87.51902 = L_Mnfld: 40.71198 + L_NonMnfld: 7.16069 + L_Nrml: 0.00000 + L_Eknl: 28.31853 + L_Div: 0.00000 + L_Morse: 11.32781
Epoch: 0 [ 550/10000 (6%)] Unweighted L_s : L_Mnfld: 0.00582,  L_NonMnfld: 0.01193,  L_Nrml: 0.00000,  L_Eknl: 0.56637, L_Morse: 1.13278

Weights: [7000.0, 600.0, 0, 50.0, 0.0, 10.0], lr=5.000e-05
Epoch: 0 [ 560/10000 (6%)] Loss: 74.85058 = L_Mnfld: 26.59710 + L_NonMnfld: 8.37386 + L_Nrml: 0.00000 + L_Eknl: 31.41167 + L_Div: 0.00000 + L_Morse: 8.46795
Epoch: 0 [ 560/10000 (6%)] Unweighted L_s : L_Mnfld: 0.00380,  L_NonMnfld: 0.01396,  L_Nrml: 0.00000,  L_Eknl: 0.62823, L_Morse: 0.84679

Weights: [7000.0, 600.0, 0, 50.0, 0.0, 10.0], lr=5.000e-05
Epoch: 0 [ 570/10000 (6%)] Loss: 77.22852 = L_Mnfld: 31.95583 + L_NonMnfld: 7.61919 + L_Nrml: 0.00000 + L_Eknl: 28.37872 + L_Div: 0.00000 + L_Morse: 9.27478
Epoch: 0 [ 570/10000 (6%)] Unweighted L_s : L_Mnfld: 0.00457,  L_NonMnfld: 0.01270,  L_Nrml: 0.00000,  L_Eknl: 0.56757, L_Morse: 0.92748

Weights: [7000.0, 600.0, 0, 50.0, 0.0, 10.0], lr=5.000e-05
Epoch: 0 [ 580/10000 (6%)] Loss: 82.86069 = L_Mnfld: 37.24460 + L_NonMnfld: 7.78662 + L_Nrml: 0.00000 + L_Eknl: 28.02023 + L_Div: 0.00000 + L_Morse: 9.80924
Epoch: 0 [ 580/10000 (6%)] Unweighted L_s : L_Mnfld: 0.00532,  L_NonMnfld: 0.01298,  L_Nrml: 0.00000,  L_Eknl: 0.56040, L_Morse: 0.98092

Weights: [7000.0, 600.0, 0, 50.0, 0.0, 10.0], lr=5.000e-05
Epoch: 0 [ 590/10000 (6%)] Loss: 75.23701 = L_Mnfld: 31.48733 + L_NonMnfld: 7.66027 + L_Nrml: 0.00000 + L_Eknl: 27.03471 + L_Div: 0.00000 + L_Morse: 9.05470
Epoch: 0 [ 590/10000 (6%)] Unweighted L_s : L_Mnfld: 0.00450,  L_NonMnfld: 0.01277,  L_Nrml: 0.00000,  L_Eknl: 0.54069, L_Morse: 0.90547

Weights: [7000.0, 600.0, 0, 50.0, 0.0, 10.0], lr=5.000e-05
Epoch: 0 [ 600/10000 (6%)] Loss: 57.58000 = L_Mnfld: 16.22309 + L_NonMnfld: 7.55915 + L_Nrml: 0.00000 + L_Eknl: 26.15377 + L_Div: 0.00000 + L_Morse: 7.64399
Epoch: 0 [ 600/10000 (6%)] Unweighted L_s : L_Mnfld: 0.00232,  L_NonMnfld: 0.01260,  L_Nrml: 0.00000,  L_Eknl: 0.52308, L_Morse: 0.76440

Weights: [7000.0, 600.0, 0, 50.0, 0.0, 10.0], lr=5.000e-05
Epoch: 0 [ 610/10000 (6%)] Loss: 74.21374 = L_Mnfld: 32.90820 + L_NonMnfld: 6.28562 + L_Nrml: 0.00000 + L_Eknl: 27.49645 + L_Div: 0.00000 + L_Morse: 7.52346
Epoch: 0 [ 610/10000 (6%)] Unweighted L_s : L_Mnfld: 0.00470,  L_NonMnfld: 0.01048,  L_Nrml: 0.00000,  L_Eknl: 0.54993, L_Morse: 0.75235

Weights: [7000.0, 600.0, 0, 50.0, 0.0, 10.0], lr=5.000e-05
Epoch: 0 [ 620/10000 (6%)] Loss: 65.65963 = L_Mnfld: 23.50586 + L_NonMnfld: 7.13592 + L_Nrml: 0.00000 + L_Eknl: 27.50547 + L_Div: 0.00000 + L_Morse: 7.51238
Epoch: 0 [ 620/10000 (6%)] Unweighted L_s : L_Mnfld: 0.00336,  L_NonMnfld: 0.01189,  L_Nrml: 0.00000,  L_Eknl: 0.55011, L_Morse: 0.75124

Weights: [7000.0, 600.0, 0, 50.0, 0.0, 10.0], lr=5.000e-05
Epoch: 0 [ 630/10000 (6%)] Loss: 78.44641 = L_Mnfld: 30.66997 + L_NonMnfld: 8.67492 + L_Nrml: 0.00000 + L_Eknl: 31.18829 + L_Div: 0.00000 + L_Morse: 7.91323
Epoch: 0 [ 630/10000 (6%)] Unweighted L_s : L_Mnfld: 0.00438,  L_NonMnfld: 0.01446,  L_Nrml: 0.00000,  L_Eknl: 0.62377, L_Morse: 0.79132

Weights: [7000.0, 600.0, 0, 50.0, 0.0, 10.0], lr=5.000e-05
Epoch: 0 [ 640/10000 (6%)] Loss: 70.84185 = L_Mnfld: 27.32436 + L_NonMnfld: 7.38894 + L_Nrml: 0.00000 + L_Eknl: 26.81056 + L_Div: 0.00000 + L_Morse: 9.31799
Epoch: 0 [ 640/10000 (6%)] Unweighted L_s : L_Mnfld: 0.00390,  L_NonMnfld: 0.01231,  L_Nrml: 0.00000,  L_Eknl: 0.53621, L_Morse: 0.93180

Weights: [7000.0, 600.0, 0, 50.0, 0.0, 10.0], lr=5.000e-05
Epoch: 0 [ 650/10000 (6%)] Loss: 63.47285 = L_Mnfld: 23.26463 + L_NonMnfld: 6.43217 + L_Nrml: 0.00000 + L_Eknl: 26.11883 + L_Div: 0.00000 + L_Morse: 7.65722
Epoch: 0 [ 650/10000 (6%)] Unweighted L_s : L_Mnfld: 0.00332,  L_NonMnfld: 0.01072,  L_Nrml: 0.00000,  L_Eknl: 0.52238, L_Morse: 0.76572

Weights: [7000.0, 600.0, 0, 50.0, 0.0, 10.0], lr=5.000e-05
Epoch: 0 [ 660/10000 (7%)] Loss: 65.99219 = L_Mnfld: 25.97618 + L_NonMnfld: 7.78679 + L_Nrml: 0.00000 + L_Eknl: 24.27966 + L_Div: 0.00000 + L_Morse: 7.94955
Epoch: 0 [ 660/10000 (7%)] Unweighted L_s : L_Mnfld: 0.00371,  L_NonMnfld: 0.01298,  L_Nrml: 0.00000,  L_Eknl: 0.48559, L_Morse: 0.79495

Weights: [7000.0, 600.0, 0, 50.0, 0.0, 10.0], lr=5.000e-05
Epoch: 0 [ 670/10000 (7%)] Loss: 56.43401 = L_Mnfld: 16.57571 + L_NonMnfld: 7.90918 + L_Nrml: 0.00000 + L_Eknl: 24.84368 + L_Div: 0.00000 + L_Morse: 7.10544
Epoch: 0 [ 670/10000 (7%)] Unweighted L_s : L_Mnfld: 0.00237,  L_NonMnfld: 0.01318,  L_Nrml: 0.00000,  L_Eknl: 0.49687, L_Morse: 0.71054

Weights: [7000.0, 600.0, 0, 50.0, 0.0, 10.0], lr=5.000e-05
Epoch: 0 [ 680/10000 (7%)] Loss: 50.53717 = L_Mnfld: 12.69624 + L_NonMnfld: 6.96854 + L_Nrml: 0.00000 + L_Eknl: 24.58206 + L_Div: 0.00000 + L_Morse: 6.29033
Epoch: 0 [ 680/10000 (7%)] Unweighted L_s : L_Mnfld: 0.00181,  L_NonMnfld: 0.01161,  L_Nrml: 0.00000,  L_Eknl: 0.49164, L_Morse: 0.62903

Weights: [7000.0, 600.0, 0, 50.0, 0.0, 10.0], lr=5.000e-05
Epoch: 0 [ 690/10000 (7%)] Loss: 52.68075 = L_Mnfld: 14.97881 + L_NonMnfld: 7.26449 + L_Nrml: 0.00000 + L_Eknl: 24.08232 + L_Div: 0.00000 + L_Morse: 6.35513
Epoch: 0 [ 690/10000 (7%)] Unweighted L_s : L_Mnfld: 0.00214,  L_NonMnfld: 0.01211,  L_Nrml: 0.00000,  L_Eknl: 0.48165, L_Morse: 0.63551

Weights: [7000.0, 600.0, 0, 50.0, 0.0, 10.0], lr=5.000e-05
Epoch: 0 [ 700/10000 (7%)] Loss: 52.11959 = L_Mnfld: 15.91620 + L_NonMnfld: 7.06769 + L_Nrml: 0.00000 + L_Eknl: 22.86225 + L_Div: 0.00000 + L_Morse: 6.27345
Epoch: 0 [ 700/10000 (7%)] Unweighted L_s : L_Mnfld: 0.00227,  L_NonMnfld: 0.01178,  L_Nrml: 0.00000,  L_Eknl: 0.45725, L_Morse: 0.62735

Weights: [7000.0, 600.0, 0, 50.0, 0.0, 10.0], lr=5.000e-05
Epoch: 0 [ 710/10000 (7%)] Loss: 50.71727 = L_Mnfld: 14.13359 + L_NonMnfld: 6.85109 + L_Nrml: 0.00000 + L_Eknl: 23.34584 + L_Div: 0.00000 + L_Morse: 6.38674
Epoch: 0 [ 710/10000 (7%)] Unweighted L_s : L_Mnfld: 0.00202,  L_NonMnfld: 0.01142,  L_Nrml: 0.00000,  L_Eknl: 0.46692, L_Morse: 0.63867

Weights: [7000.0, 600.0, 0, 50.0, 0.0, 10.0], lr=5.000e-05
Epoch: 0 [ 720/10000 (7%)] Loss: 48.30007 = L_Mnfld: 12.27096 + L_NonMnfld: 7.02164 + L_Nrml: 0.00000 + L_Eknl: 22.70957 + L_Div: 0.00000 + L_Morse: 6.29790
Epoch: 0 [ 720/10000 (7%)] Unweighted L_s : L_Mnfld: 0.00175,  L_NonMnfld: 0.01170,  L_Nrml: 0.00000,  L_Eknl: 0.45419, L_Morse: 0.62979

Weights: [7000.0, 600.0, 0, 50.0, 0.0, 10.0], lr=5.000e-05
Epoch: 0 [ 730/10000 (7%)] Loss: 48.16908 = L_Mnfld: 12.04700 + L_NonMnfld: 6.79913 + L_Nrml: 0.00000 + L_Eknl: 23.15085 + L_Div: 0.00000 + L_Morse: 6.17209
Epoch: 0 [ 730/10000 (7%)] Unweighted L_s : L_Mnfld: 0.00172,  L_NonMnfld: 0.01133,  L_Nrml: 0.00000,  L_Eknl: 0.46302, L_Morse: 0.61721

Weights: [7000.0, 600.0, 0, 50.0, 0.0, 10.0], lr=5.000e-05
Epoch: 0 [ 740/10000 (7%)] Loss: 48.05821 = L_Mnfld: 13.49614 + L_NonMnfld: 5.99203 + L_Nrml: 0.00000 + L_Eknl: 21.98229 + L_Div: 0.00000 + L_Morse: 6.58775
Epoch: 0 [ 740/10000 (7%)] Unweighted L_s : L_Mnfld: 0.00193,  L_NonMnfld: 0.00999,  L_Nrml: 0.00000,  L_Eknl: 0.43965, L_Morse: 0.65878

Weights: [7000.0, 600.0, 0, 50.0, 0.0, 10.0], lr=5.000e-05
Epoch: 0 [ 750/10000 (8%)] Loss: 48.21897 = L_Mnfld: 11.74202 + L_NonMnfld: 7.52948 + L_Nrml: 0.00000 + L_Eknl: 22.39954 + L_Div: 0.00000 + L_Morse: 6.54794
Epoch: 0 [ 750/10000 (8%)] Unweighted L_s : L_Mnfld: 0.00168,  L_NonMnfld: 0.01255,  L_Nrml: 0.00000,  L_Eknl: 0.44799, L_Morse: 0.65479

Weights: [7000.0, 600.0, 0, 50.0, 0.0, 10.0], lr=5.000e-05
Epoch: 0 [ 760/10000 (8%)] Loss: 46.95391 = L_Mnfld: 11.50824 + L_NonMnfld: 6.98789 + L_Nrml: 0.00000 + L_Eknl: 21.90582 + L_Div: 0.00000 + L_Morse: 6.55195
Epoch: 0 [ 760/10000 (8%)] Unweighted L_s : L_Mnfld: 0.00164,  L_NonMnfld: 0.01165,  L_Nrml: 0.00000,  L_Eknl: 0.43812, L_Morse: 0.65520

Weights: [7000.0, 600.0, 0, 50.0, 0.0, 10.0], lr=5.000e-05
Epoch: 0 [ 770/10000 (8%)] Loss: 47.82519 = L_Mnfld: 12.06353 + L_NonMnfld: 6.66457 + L_Nrml: 0.00000 + L_Eknl: 22.58477 + L_Div: 0.00000 + L_Morse: 6.51232
Epoch: 0 [ 770/10000 (8%)] Unweighted L_s : L_Mnfld: 0.00172,  L_NonMnfld: 0.01111,  L_Nrml: 0.00000,  L_Eknl: 0.45170, L_Morse: 0.65123

Weights: [7000.0, 600.0, 0, 50.0, 0.0, 10.0], lr=5.000e-05
Epoch: 0 [ 780/10000 (8%)] Loss: 46.19880 = L_Mnfld: 11.32842 + L_NonMnfld: 6.11459 + L_Nrml: 0.00000 + L_Eknl: 21.82750 + L_Div: 0.00000 + L_Morse: 6.92829
Epoch: 0 [ 780/10000 (8%)] Unweighted L_s : L_Mnfld: 0.00162,  L_NonMnfld: 0.01019,  L_Nrml: 0.00000,  L_Eknl: 0.43655, L_Morse: 0.69283

Weights: [7000.0, 600.0, 0, 50.0, 0.0, 10.0], lr=5.000e-05
Epoch: 0 [ 790/10000 (8%)] Loss: 46.85125 = L_Mnfld: 11.99528 + L_NonMnfld: 6.19646 + L_Nrml: 0.00000 + L_Eknl: 21.71329 + L_Div: 0.00000 + L_Morse: 6.94622
Epoch: 0 [ 790/10000 (8%)] Unweighted L_s : L_Mnfld: 0.00171,  L_NonMnfld: 0.01033,  L_Nrml: 0.00000,  L_Eknl: 0.43427, L_Morse: 0.69462

Weights: [7000.0, 600.0, 0, 50.0, 0.0, 10.0], lr=5.000e-05
Epoch: 0 [ 800/10000 (8%)] Loss: 47.34579 = L_Mnfld: 12.70052 + L_NonMnfld: 6.35613 + L_Nrml: 0.00000 + L_Eknl: 21.57379 + L_Div: 0.00000 + L_Morse: 6.71534
Epoch: 0 [ 800/10000 (8%)] Unweighted L_s : L_Mnfld: 0.00181,  L_NonMnfld: 0.01059,  L_Nrml: 0.00000,  L_Eknl: 0.43148, L_Morse: 0.67153

Weights: [7000.0, 600.0, 0, 50.0, 0.0, 10.0], lr=5.000e-05
Epoch: 0 [ 810/10000 (8%)] Loss: 45.55791 = L_Mnfld: 10.58769 + L_NonMnfld: 6.29432 + L_Nrml: 0.00000 + L_Eknl: 21.74779 + L_Div: 0.00000 + L_Morse: 6.92810
Epoch: 0 [ 810/10000 (8%)] Unweighted L_s : L_Mnfld: 0.00151,  L_NonMnfld: 0.01049,  L_Nrml: 0.00000,  L_Eknl: 0.43496, L_Morse: 0.69281

Weights: [7000.0, 600.0, 0, 50.0, 0.0, 10.0], lr=5.000e-05
Epoch: 0 [ 820/10000 (8%)] Loss: 45.18967 = L_Mnfld: 11.45842 + L_NonMnfld: 5.68014 + L_Nrml: 0.00000 + L_Eknl: 21.14394 + L_Div: 0.00000 + L_Morse: 6.90718
Epoch: 0 [ 820/10000 (8%)] Unweighted L_s : L_Mnfld: 0.00164,  L_NonMnfld: 0.00947,  L_Nrml: 0.00000,  L_Eknl: 0.42288, L_Morse: 0.69072

Weights: [7000.0, 600.0, 0, 50.0, 0.0, 10.0], lr=5.000e-05
Epoch: 0 [ 830/10000 (8%)] Loss: 47.90248 = L_Mnfld: 11.72314 + L_NonMnfld: 7.33326 + L_Nrml: 0.00000 + L_Eknl: 21.95681 + L_Div: 0.00000 + L_Morse: 6.88927
Epoch: 0 [ 830/10000 (8%)] Unweighted L_s : L_Mnfld: 0.00167,  L_NonMnfld: 0.01222,  L_Nrml: 0.00000,  L_Eknl: 0.43914, L_Morse: 0.68893

Weights: [7000.0, 600.0, 0, 50.0, 0.0, 10.0], lr=5.000e-05
Epoch: 0 [ 840/10000 (8%)] Loss: 44.34189 = L_Mnfld: 10.12184 + L_NonMnfld: 6.22164 + L_Nrml: 0.00000 + L_Eknl: 21.14999 + L_Div: 0.00000 + L_Morse: 6.84842
Epoch: 0 [ 840/10000 (8%)] Unweighted L_s : L_Mnfld: 0.00145,  L_NonMnfld: 0.01037,  L_Nrml: 0.00000,  L_Eknl: 0.42300, L_Morse: 0.68484

Weights: [7000.0, 600.0, 0, 50.0, 0.0, 10.0], lr=5.000e-05
Epoch: 0 [ 850/10000 (8%)] Loss: 49.07063 = L_Mnfld: 14.35520 + L_NonMnfld: 6.18868 + L_Nrml: 0.00000 + L_Eknl: 21.75140 + L_Div: 0.00000 + L_Morse: 6.77534
Epoch: 0 [ 850/10000 (8%)] Unweighted L_s : L_Mnfld: 0.00205,  L_NonMnfld: 0.01031,  L_Nrml: 0.00000,  L_Eknl: 0.43503, L_Morse: 0.67753

Weights: [7000.0, 600.0, 0, 50.0, 0.0, 10.0], lr=5.000e-05
Epoch: 0 [ 860/10000 (9%)] Loss: 47.78003 = L_Mnfld: 12.82633 + L_NonMnfld: 6.35464 + L_Nrml: 0.00000 + L_Eknl: 21.68260 + L_Div: 0.00000 + L_Morse: 6.91645
Epoch: 0 [ 860/10000 (9%)] Unweighted L_s : L_Mnfld: 0.00183,  L_NonMnfld: 0.01059,  L_Nrml: 0.00000,  L_Eknl: 0.43365, L_Morse: 0.69165

Weights: [7000.0, 600.0, 0, 50.0, 0.0, 10.0], lr=5.000e-05
Epoch: 0 [ 870/10000 (9%)] Loss: 47.47752 = L_Mnfld: 12.71501 + L_NonMnfld: 6.61996 + L_Nrml: 0.00000 + L_Eknl: 21.22700 + L_Div: 0.00000 + L_Morse: 6.91555
Epoch: 0 [ 870/10000 (9%)] Unweighted L_s : L_Mnfld: 0.00182,  L_NonMnfld: 0.01103,  L_Nrml: 0.00000,  L_Eknl: 0.42454, L_Morse: 0.69156

Weights: [7000.0, 600.0, 0, 50.0, 0.0, 10.0], lr=5.000e-05
Epoch: 0 [ 880/10000 (9%)] Loss: 44.77684 = L_Mnfld: 9.70345 + L_NonMnfld: 6.58451 + L_Nrml: 0.00000 + L_Eknl: 21.46019 + L_Div: 0.00000 + L_Morse: 7.02868
Epoch: 0 [ 880/10000 (9%)] Unweighted L_s : L_Mnfld: 0.00139,  L_NonMnfld: 0.01097,  L_Nrml: 0.00000,  L_Eknl: 0.42920, L_Morse: 0.70287

Weights: [7000.0, 600.0, 0, 50.0, 0.0, 10.0], lr=5.000e-05
Epoch: 0 [ 890/10000 (9%)] Loss: 45.78944 = L_Mnfld: 11.10138 + L_NonMnfld: 6.44464 + L_Nrml: 0.00000 + L_Eknl: 21.05490 + L_Div: 0.00000 + L_Morse: 7.18851
Epoch: 0 [ 890/10000 (9%)] Unweighted L_s : L_Mnfld: 0.00159,  L_NonMnfld: 0.01074,  L_Nrml: 0.00000,  L_Eknl: 0.42110, L_Morse: 0.71885

Weights: [7000.0, 600.0, 0, 50.0, 0.0, 10.0], lr=5.000e-05
Epoch: 0 [ 900/10000 (9%)] Loss: 46.86144 = L_Mnfld: 12.11041 + L_NonMnfld: 6.85705 + L_Nrml: 0.00000 + L_Eknl: 21.05802 + L_Div: 0.00000 + L_Morse: 6.83596
Epoch: 0 [ 900/10000 (9%)] Unweighted L_s : L_Mnfld: 0.00173,  L_NonMnfld: 0.01143,  L_Nrml: 0.00000,  L_Eknl: 0.42116, L_Morse: 0.68360

Weights: [7000.0, 600.0, 0, 50.0, 0.0, 10.0], lr=5.000e-05
Epoch: 0 [ 910/10000 (9%)] Loss: 45.33511 = L_Mnfld: 9.35234 + L_NonMnfld: 7.38173 + L_Nrml: 0.00000 + L_Eknl: 21.60165 + L_Div: 0.00000 + L_Morse: 6.99939
Epoch: 0 [ 910/10000 (9%)] Unweighted L_s : L_Mnfld: 0.00134,  L_NonMnfld: 0.01230,  L_Nrml: 0.00000,  L_Eknl: 0.43203, L_Morse: 0.69994

Weights: [7000.0, 600.0, 0, 50.0, 0.0, 10.0], lr=5.000e-05
Epoch: 0 [ 920/10000 (9%)] Loss: 46.21301 = L_Mnfld: 10.63963 + L_NonMnfld: 7.43419 + L_Nrml: 0.00000 + L_Eknl: 21.08969 + L_Div: 0.00000 + L_Morse: 7.04950
Epoch: 0 [ 920/10000 (9%)] Unweighted L_s : L_Mnfld: 0.00152,  L_NonMnfld: 0.01239,  L_Nrml: 0.00000,  L_Eknl: 0.42179, L_Morse: 0.70495

Weights: [7000.0, 600.0, 0, 50.0, 0.0, 10.0], lr=5.000e-05
Epoch: 0 [ 930/10000 (9%)] Loss: 47.50341 = L_Mnfld: 12.50831 + L_NonMnfld: 6.48432 + L_Nrml: 0.00000 + L_Eknl: 21.28789 + L_Div: 0.00000 + L_Morse: 7.22289
Epoch: 0 [ 930/10000 (9%)] Unweighted L_s : L_Mnfld: 0.00179,  L_NonMnfld: 0.01081,  L_Nrml: 0.00000,  L_Eknl: 0.42576, L_Morse: 0.72229

Weights: [7000.0, 600.0, 0, 50.0, 0.0, 10.0], lr=5.000e-05
Epoch: 0 [ 940/10000 (9%)] Loss: 46.87837 = L_Mnfld: 11.85636 + L_NonMnfld: 6.76562 + L_Nrml: 0.00000 + L_Eknl: 21.11485 + L_Div: 0.00000 + L_Morse: 7.14155
Epoch: 0 [ 940/10000 (9%)] Unweighted L_s : L_Mnfld: 0.00169,  L_NonMnfld: 0.01128,  L_Nrml: 0.00000,  L_Eknl: 0.42230, L_Morse: 0.71416

Weights: [7000.0, 600.0, 0, 50.0, 0.0, 10.0], lr=5.000e-05
Epoch: 0 [ 950/10000 (10%)] Loss: 46.80727 = L_Mnfld: 11.19910 + L_NonMnfld: 6.58880 + L_Nrml: 0.00000 + L_Eknl: 22.09793 + L_Div: 0.00000 + L_Morse: 6.92142
Epoch: 0 [ 950/10000 (10%)] Unweighted L_s : L_Mnfld: 0.00160,  L_NonMnfld: 0.01098,  L_Nrml: 0.00000,  L_Eknl: 0.44196, L_Morse: 0.69214

Weights: [7000.0, 600.0, 0, 50.0, 0.0, 10.0], lr=5.000e-05
Epoch: 0 [ 960/10000 (10%)] Loss: 44.51435 = L_Mnfld: 10.58826 + L_NonMnfld: 5.99469 + L_Nrml: 0.00000 + L_Eknl: 21.04463 + L_Div: 0.00000 + L_Morse: 6.88677
Epoch: 0 [ 960/10000 (10%)] Unweighted L_s : L_Mnfld: 0.00151,  L_NonMnfld: 0.00999,  L_Nrml: 0.00000,  L_Eknl: 0.42089, L_Morse: 0.68868

Weights: [7000.0, 600.0, 0, 50.0, 0.0, 10.0], lr=5.000e-05
Epoch: 0 [ 970/10000 (10%)] Loss: 45.28345 = L_Mnfld: 9.49546 + L_NonMnfld: 7.24275 + L_Nrml: 0.00000 + L_Eknl: 21.82017 + L_Div: 0.00000 + L_Morse: 6.72507
Epoch: 0 [ 970/10000 (10%)] Unweighted L_s : L_Mnfld: 0.00136,  L_NonMnfld: 0.01207,  L_Nrml: 0.00000,  L_Eknl: 0.43640, L_Morse: 0.67251

Weights: [7000.0, 600.0, 0, 50.0, 0.0, 10.0], lr=5.000e-05
Epoch: 0 [ 980/10000 (10%)] Loss: 45.49944 = L_Mnfld: 10.92841 + L_NonMnfld: 6.71051 + L_Nrml: 0.00000 + L_Eknl: 20.87674 + L_Div: 0.00000 + L_Morse: 6.98378
Epoch: 0 [ 980/10000 (10%)] Unweighted L_s : L_Mnfld: 0.00156,  L_NonMnfld: 0.01118,  L_Nrml: 0.00000,  L_Eknl: 0.41753, L_Morse: 0.69838

Weights: [7000.0, 600.0, 0, 50.0, 0.0, 10.0], lr=5.000e-05
Epoch: 0 [ 990/10000 (10%)] Loss: 45.51579 = L_Mnfld: 11.31622 + L_NonMnfld: 6.38736 + L_Nrml: 0.00000 + L_Eknl: 20.94711 + L_Div: 0.00000 + L_Morse: 6.86510
Epoch: 0 [ 990/10000 (10%)] Unweighted L_s : L_Mnfld: 0.00162,  L_NonMnfld: 0.01065,  L_Nrml: 0.00000,  L_Eknl: 0.41894, L_Morse: 0.68651

Weights: [7000.0, 600.0, 0, 50.0, 0.0, 10.0], lr=5.000e-05
Epoch: 0 [1000/10000 (10%)] Loss: 46.06675 = L_Mnfld: 11.13902 + L_NonMnfld: 6.44169 + L_Nrml: 0.00000 + L_Eknl: 20.90051 + L_Div: 0.00000 + L_Morse: 7.58554
Epoch: 0 [1000/10000 (10%)] Unweighted L_s : L_Mnfld: 0.00159,  L_NonMnfld: 0.01074,  L_Nrml: 0.00000,  L_Eknl: 0.41801, L_Morse: 0.75855

Weights: [7000.0, 600.0, 0, 50.0, 0.0, 10.0], lr=5.000e-05
Epoch: 0 [1010/10000 (10%)] Loss: 43.56307 = L_Mnfld: 9.19879 + L_NonMnfld: 6.43153 + L_Nrml: 0.00000 + L_Eknl: 21.14603 + L_Div: 0.00000 + L_Morse: 6.78671
Epoch: 0 [1010/10000 (10%)] Unweighted L_s : L_Mnfld: 0.00131,  L_NonMnfld: 0.01072,  L_Nrml: 0.00000,  L_Eknl: 0.42292, L_Morse: 0.67867

Weights: [7000.0, 600.0, 0, 50.0, 0.0, 10.0], lr=5.000e-05
Epoch: 0 [1020/10000 (10%)] Loss: 43.92355 = L_Mnfld: 10.11048 + L_NonMnfld: 6.22792 + L_Nrml: 0.00000 + L_Eknl: 20.47295 + L_Div: 0.00000 + L_Morse: 7.11220
Epoch: 0 [1020/10000 (10%)] Unweighted L_s : L_Mnfld: 0.00144,  L_NonMnfld: 0.01038,  L_Nrml: 0.00000,  L_Eknl: 0.40946, L_Morse: 0.71122

Weights: [7000.0, 600.0, 0, 50.0, 0.0, 10.0], lr=5.000e-05
Epoch: 0 [1030/10000 (10%)] Loss: 45.88448 = L_Mnfld: 10.36127 + L_NonMnfld: 6.96121 + L_Nrml: 0.00000 + L_Eknl: 21.32918 + L_Div: 0.00000 + L_Morse: 7.23282
Epoch: 0 [1030/10000 (10%)] Unweighted L_s : L_Mnfld: 0.00148,  L_NonMnfld: 0.01160,  L_Nrml: 0.00000,  L_Eknl: 0.42658, L_Morse: 0.72328

Weights: [7000.0, 600.0, 0, 50.0, 0.0, 10.0], lr=5.000e-05
Epoch: 0 [1040/10000 (10%)] Loss: 44.87301 = L_Mnfld: 10.31021 + L_NonMnfld: 6.57845 + L_Nrml: 0.00000 + L_Eknl: 20.66835 + L_Div: 0.00000 + L_Morse: 7.31599
Epoch: 0 [1040/10000 (10%)] Unweighted L_s : L_Mnfld: 0.00147,  L_NonMnfld: 0.01096,  L_Nrml: 0.00000,  L_Eknl: 0.41337, L_Morse: 0.73160

Weights: [7000.0, 600.0, 0, 50.0, 0.0, 10.0], lr=5.000e-05
Epoch: 0 [1050/10000 (10%)] Loss: 43.67085 = L_Mnfld: 8.83330 + L_NonMnfld: 6.72211 + L_Nrml: 0.00000 + L_Eknl: 21.12022 + L_Div: 0.00000 + L_Morse: 6.99522
Epoch: 0 [1050/10000 (10%)] Unweighted L_s : L_Mnfld: 0.00126,  L_NonMnfld: 0.01120,  L_Nrml: 0.00000,  L_Eknl: 0.42240, L_Morse: 0.69952

Weights: [7000.0, 600.0, 0, 50.0, 0.0, 10.0], lr=5.000e-05
Epoch: 0 [1060/10000 (11%)] Loss: 43.56824 = L_Mnfld: 9.86543 + L_NonMnfld: 6.51525 + L_Nrml: 0.00000 + L_Eknl: 20.37032 + L_Div: 0.00000 + L_Morse: 6.81724
Epoch: 0 [1060/10000 (11%)] Unweighted L_s : L_Mnfld: 0.00141,  L_NonMnfld: 0.01086,  L_Nrml: 0.00000,  L_Eknl: 0.40741, L_Morse: 0.68172

Weights: [7000.0, 600.0, 0, 50.0, 0.0, 10.0], lr=5.000e-05
Epoch: 0 [1070/10000 (11%)] Loss: 44.53082 = L_Mnfld: 10.45275 + L_NonMnfld: 6.02809 + L_Nrml: 0.00000 + L_Eknl: 20.84011 + L_Div: 0.00000 + L_Morse: 7.20986
Epoch: 0 [1070/10000 (11%)] Unweighted L_s : L_Mnfld: 0.00149,  L_NonMnfld: 0.01005,  L_Nrml: 0.00000,  L_Eknl: 0.41680, L_Morse: 0.72099

Weights: [7000.0, 600.0, 0, 50.0, 0.0, 10.0], lr=5.000e-05
Epoch: 0 [1080/10000 (11%)] Loss: 43.95496 = L_Mnfld: 9.41407 + L_NonMnfld: 6.74596 + L_Nrml: 0.00000 + L_Eknl: 20.81668 + L_Div: 0.00000 + L_Morse: 6.97825
Epoch: 0 [1080/10000 (11%)] Unweighted L_s : L_Mnfld: 0.00134,  L_NonMnfld: 0.01124,  L_Nrml: 0.00000,  L_Eknl: 0.41633, L_Morse: 0.69782

Weights: [7000.0, 600.0, 0, 50.0, 0.0, 10.0], lr=5.000e-05
Epoch: 0 [1090/10000 (11%)] Loss: 43.37705 = L_Mnfld: 8.78862 + L_NonMnfld: 6.41806 + L_Nrml: 0.00000 + L_Eknl: 21.07566 + L_Div: 0.00000 + L_Morse: 7.09471
Epoch: 0 [1090/10000 (11%)] Unweighted L_s : L_Mnfld: 0.00126,  L_NonMnfld: 0.01070,  L_Nrml: 0.00000,  L_Eknl: 0.42151, L_Morse: 0.70947

Weights: [7000.0, 600.0, 0, 50.0, 0.0, 10.0], lr=5.000e-05
Epoch: 0 [1100/10000 (11%)] Loss: 44.54677 = L_Mnfld: 11.63082 + L_NonMnfld: 5.42149 + L_Nrml: 0.00000 + L_Eknl: 20.17648 + L_Div: 0.00000 + L_Morse: 7.31797
Epoch: 0 [1100/10000 (11%)] Unweighted L_s : L_Mnfld: 0.00166,  L_NonMnfld: 0.00904,  L_Nrml: 0.00000,  L_Eknl: 0.40353, L_Morse: 0.73180

Weights: [7000.0, 600.0, 0, 50.0, 0.0, 10.0], lr=5.000e-05
Epoch: 0 [1110/10000 (11%)] Loss: 44.98753 = L_Mnfld: 10.04749 + L_NonMnfld: 6.79339 + L_Nrml: 0.00000 + L_Eknl: 21.24731 + L_Div: 0.00000 + L_Morse: 6.89935
Epoch: 0 [1110/10000 (11%)] Unweighted L_s : L_Mnfld: 0.00144,  L_NonMnfld: 0.01132,  L_Nrml: 0.00000,  L_Eknl: 0.42495, L_Morse: 0.68993

Weights: [7000.0, 600.0, 0, 50.0, 0.0, 10.0], lr=5.000e-05
Epoch: 0 [1120/10000 (11%)] Loss: 45.43953 = L_Mnfld: 10.69840 + L_NonMnfld: 7.03401 + L_Nrml: 0.00000 + L_Eknl: 20.97034 + L_Div: 0.00000 + L_Morse: 6.73679
Epoch: 0 [1120/10000 (11%)] Unweighted L_s : L_Mnfld: 0.00153,  L_NonMnfld: 0.01172,  L_Nrml: 0.00000,  L_Eknl: 0.41941, L_Morse: 0.67368

Weights: [7000.0, 600.0, 0, 50.0, 0.0, 10.0], lr=5.000e-05
Epoch: 0 [1130/10000 (11%)] Loss: 44.23808 = L_Mnfld: 11.12922 + L_NonMnfld: 5.81139 + L_Nrml: 0.00000 + L_Eknl: 20.23400 + L_Div: 0.00000 + L_Morse: 7.06347
Epoch: 0 [1130/10000 (11%)] Unweighted L_s : L_Mnfld: 0.00159,  L_NonMnfld: 0.00969,  L_Nrml: 0.00000,  L_Eknl: 0.40468, L_Morse: 0.70635

Weights: [7000.0, 600.0, 0, 50.0, 0.0, 10.0], lr=5.000e-05
Epoch: 0 [1140/10000 (11%)] Loss: 44.43938 = L_Mnfld: 10.32066 + L_NonMnfld: 6.14459 + L_Nrml: 0.00000 + L_Eknl: 20.62336 + L_Div: 0.00000 + L_Morse: 7.35076
Epoch: 0 [1140/10000 (11%)] Unweighted L_s : L_Mnfld: 0.00147,  L_NonMnfld: 0.01024,  L_Nrml: 0.00000,  L_Eknl: 0.41247, L_Morse: 0.73508

Weights: [7000.0, 600.0, 0, 50.0, 0.0, 10.0], lr=5.000e-05
Epoch: 0 [1150/10000 (12%)] Loss: 43.21180 = L_Mnfld: 9.17338 + L_NonMnfld: 5.80943 + L_Nrml: 0.00000 + L_Eknl: 21.25234 + L_Div: 0.00000 + L_Morse: 6.97665
Epoch: 0 [1150/10000 (12%)] Unweighted L_s : L_Mnfld: 0.00131,  L_NonMnfld: 0.00968,  L_Nrml: 0.00000,  L_Eknl: 0.42505, L_Morse: 0.69766

Weights: [7000.0, 600.0, 0, 50.0, 0.0, 10.0], lr=5.000e-05
Epoch: 0 [1160/10000 (12%)] Loss: 43.20844 = L_Mnfld: 9.30265 + L_NonMnfld: 6.35652 + L_Nrml: 0.00000 + L_Eknl: 20.77905 + L_Div: 0.00000 + L_Morse: 6.77021
Epoch: 0 [1160/10000 (12%)] Unweighted L_s : L_Mnfld: 0.00133,  L_NonMnfld: 0.01059,  L_Nrml: 0.00000,  L_Eknl: 0.41558, L_Morse: 0.67702

Weights: [7000.0, 600.0, 0, 50.0, 0.0, 10.0], lr=5.000e-05
Epoch: 0 [1170/10000 (12%)] Loss: 47.87311 = L_Mnfld: 13.52067 + L_NonMnfld: 6.20887 + L_Nrml: 0.00000 + L_Eknl: 20.33722 + L_Div: 0.00000 + L_Morse: 7.80635
Epoch: 0 [1170/10000 (12%)] Unweighted L_s : L_Mnfld: 0.00193,  L_NonMnfld: 0.01035,  L_Nrml: 0.00000,  L_Eknl: 0.40674, L_Morse: 0.78063

Weights: [7000.0, 600.0, 0, 50.0, 0.0, 10.0], lr=5.000e-05
Epoch: 0 [1180/10000 (12%)] Loss: 47.70822 = L_Mnfld: 13.14707 + L_NonMnfld: 6.69498 + L_Nrml: 0.00000 + L_Eknl: 20.52323 + L_Div: 0.00000 + L_Morse: 7.34294
Epoch: 0 [1180/10000 (12%)] Unweighted L_s : L_Mnfld: 0.00188,  L_NonMnfld: 0.01116,  L_Nrml: 0.00000,  L_Eknl: 0.41046, L_Morse: 0.73429

Weights: [7000.0, 600.0, 0, 50.0, 0.0, 10.0], lr=5.000e-05
Epoch: 0 [1190/10000 (12%)] Loss: 45.84383 = L_Mnfld: 11.59778 + L_NonMnfld: 6.30941 + L_Nrml: 0.00000 + L_Eknl: 20.40853 + L_Div: 0.00000 + L_Morse: 7.52811
Epoch: 0 [1190/10000 (12%)] Unweighted L_s : L_Mnfld: 0.00166,  L_NonMnfld: 0.01052,  L_Nrml: 0.00000,  L_Eknl: 0.40817, L_Morse: 0.75281

Weights: [7000.0, 600.0, 0, 50.0, 0.0, 10.0], lr=5.000e-05
Epoch: 0 [1200/10000 (12%)] Loss: 55.03336 = L_Mnfld: 19.84962 + L_NonMnfld: 5.87393 + L_Nrml: 0.00000 + L_Eknl: 21.03497 + L_Div: 0.00000 + L_Morse: 8.27485
Epoch: 0 [1200/10000 (12%)] Unweighted L_s : L_Mnfld: 0.00284,  L_NonMnfld: 0.00979,  L_Nrml: 0.00000,  L_Eknl: 0.42070, L_Morse: 0.82748

Weights: [7000.0, 600.0, 0, 50.0, 0.0, 10.0], lr=5.000e-05
Epoch: 0 [1210/10000 (12%)] Loss: 57.23102 = L_Mnfld: 18.11118 + L_NonMnfld: 7.08990 + L_Nrml: 0.00000 + L_Eknl: 23.25816 + L_Div: 0.00000 + L_Morse: 8.77178
Epoch: 0 [1210/10000 (12%)] Unweighted L_s : L_Mnfld: 0.00259,  L_NonMnfld: 0.01182,  L_Nrml: 0.00000,  L_Eknl: 0.46516, L_Morse: 0.87718

Weights: [7000.0, 600.0, 0, 50.0, 0.0, 10.0], lr=5.000e-05
Epoch: 0 [1220/10000 (12%)] Loss: 79.97565 = L_Mnfld: 34.39543 + L_NonMnfld: 7.79556 + L_Nrml: 0.00000 + L_Eknl: 25.60061 + L_Div: 0.00000 + L_Morse: 12.18405
Epoch: 0 [1220/10000 (12%)] Unweighted L_s : L_Mnfld: 0.00491,  L_NonMnfld: 0.01299,  L_Nrml: 0.00000,  L_Eknl: 0.51201, L_Morse: 1.21840

Weights: [7000.0, 600.0, 0, 50.0, 0.0, 10.0], lr=5.000e-05
Epoch: 0 [1230/10000 (12%)] Loss: 73.70358 = L_Mnfld: 27.00598 + L_NonMnfld: 7.65532 + L_Nrml: 0.00000 + L_Eknl: 26.29164 + L_Div: 0.00000 + L_Morse: 12.75065
Epoch: 0 [1230/10000 (12%)] Unweighted L_s : L_Mnfld: 0.00386,  L_NonMnfld: 0.01276,  L_Nrml: 0.00000,  L_Eknl: 0.52583, L_Morse: 1.27507

Weights: [7000.0, 600.0, 0, 50.0, 0.0, 10.0], lr=5.000e-05
Epoch: 0 [1240/10000 (12%)] Loss: 61.71802 = L_Mnfld: 20.16174 + L_NonMnfld: 7.32361 + L_Nrml: 0.00000 + L_Eknl: 25.38328 + L_Div: 0.00000 + L_Morse: 8.84939
Epoch: 0 [1240/10000 (12%)] Unweighted L_s : L_Mnfld: 0.00288,  L_NonMnfld: 0.01221,  L_Nrml: 0.00000,  L_Eknl: 0.50767, L_Morse: 0.88494

Weights: [7000.0, 600.0, 0, 50.0, 0.0, 10.0], lr=5.000e-05
Epoch: 0 [1250/10000 (12%)] Loss: 54.45251 = L_Mnfld: 15.35776 + L_NonMnfld: 7.10447 + L_Nrml: 0.00000 + L_Eknl: 23.98207 + L_Div: 0.00000 + L_Morse: 8.00821
Epoch: 0 [1250/10000 (12%)] Unweighted L_s : L_Mnfld: 0.00219,  L_NonMnfld: 0.01184,  L_Nrml: 0.00000,  L_Eknl: 0.47964, L_Morse: 0.80082

Weights: [7000.0, 600.0, 0, 50.0, 0.0, 10.0], lr=5.000e-05
Epoch: 0 [1260/10000 (13%)] Loss: 52.27785 = L_Mnfld: 14.45360 + L_NonMnfld: 7.15172 + L_Nrml: 0.00000 + L_Eknl: 22.91969 + L_Div: 0.00000 + L_Morse: 7.75285
Epoch: 0 [1260/10000 (13%)] Unweighted L_s : L_Mnfld: 0.00206,  L_NonMnfld: 0.01192,  L_Nrml: 0.00000,  L_Eknl: 0.45839, L_Morse: 0.77528

Weights: [7000.0, 600.0, 0, 50.0, 0.0, 10.0], lr=5.000e-05
Epoch: 0 [1270/10000 (13%)] Loss: 50.83168 = L_Mnfld: 15.70774 + L_NonMnfld: 6.18188 + L_Nrml: 0.00000 + L_Eknl: 21.79530 + L_Div: 0.00000 + L_Morse: 7.14677
Epoch: 0 [1270/10000 (13%)] Unweighted L_s : L_Mnfld: 0.00224,  L_NonMnfld: 0.01030,  L_Nrml: 0.00000,  L_Eknl: 0.43591, L_Morse: 0.71468

Weights: [7000.0, 600.0, 0, 50.0, 0.0, 10.0], lr=5.000e-05
Epoch: 0 [1280/10000 (13%)] Loss: 47.70109 = L_Mnfld: 12.47176 + L_NonMnfld: 6.71421 + L_Nrml: 0.00000 + L_Eknl: 21.87084 + L_Div: 0.00000 + L_Morse: 6.64428
Epoch: 0 [1280/10000 (13%)] Unweighted L_s : L_Mnfld: 0.00178,  L_NonMnfld: 0.01119,  L_Nrml: 0.00000,  L_Eknl: 0.43742, L_Morse: 0.66443

Weights: [7000.0, 600.0, 0, 50.0, 0.0, 10.0], lr=5.000e-05
Epoch: 0 [1290/10000 (13%)] Loss: 47.93534 = L_Mnfld: 12.98263 + L_NonMnfld: 6.47544 + L_Nrml: 0.00000 + L_Eknl: 21.70442 + L_Div: 0.00000 + L_Morse: 6.77286
Epoch: 0 [1290/10000 (13%)] Unweighted L_s : L_Mnfld: 0.00185,  L_NonMnfld: 0.01079,  L_Nrml: 0.00000,  L_Eknl: 0.43409, L_Morse: 0.67729

Weights: [7000.0, 600.0, 0, 50.0, 0.0, 10.0], lr=5.000e-05
Epoch: 0 [1300/10000 (13%)] Loss: 47.01338 = L_Mnfld: 11.52062 + L_NonMnfld: 7.07884 + L_Nrml: 0.00000 + L_Eknl: 21.95595 + L_Div: 0.00000 + L_Morse: 6.45797
Epoch: 0 [1300/10000 (13%)] Unweighted L_s : L_Mnfld: 0.00165,  L_NonMnfld: 0.01180,  L_Nrml: 0.00000,  L_Eknl: 0.43912, L_Morse: 0.64580

Weights: [7000.0, 600.0, 0, 50.0, 0.0, 10.0], lr=5.000e-05
Epoch: 0 [1310/10000 (13%)] Loss: 47.19680 = L_Mnfld: 12.60586 + L_NonMnfld: 6.85057 + L_Nrml: 0.00000 + L_Eknl: 21.18050 + L_Div: 0.00000 + L_Morse: 6.55987
Epoch: 0 [1310/10000 (13%)] Unweighted L_s : L_Mnfld: 0.00180,  L_NonMnfld: 0.01142,  L_Nrml: 0.00000,  L_Eknl: 0.42361, L_Morse: 0.65599

Weights: [7000.0, 600.0, 0, 50.0, 0.0, 10.0], lr=5.000e-05
Epoch: 0 [1320/10000 (13%)] Loss: 46.20486 = L_Mnfld: 11.67408 + L_NonMnfld: 6.07185 + L_Nrml: 0.00000 + L_Eknl: 21.54661 + L_Div: 0.00000 + L_Morse: 6.91232
Epoch: 0 [1320/10000 (13%)] Unweighted L_s : L_Mnfld: 0.00167,  L_NonMnfld: 0.01012,  L_Nrml: 0.00000,  L_Eknl: 0.43093, L_Morse: 0.69123

Weights: [7000.0, 600.0, 0, 50.0, 0.0, 10.0], lr=5.000e-05
Epoch: 0 [1330/10000 (13%)] Loss: 45.63860 = L_Mnfld: 11.32833 + L_NonMnfld: 6.91196 + L_Nrml: 0.00000 + L_Eknl: 20.85246 + L_Div: 0.00000 + L_Morse: 6.54586
Epoch: 0 [1330/10000 (13%)] Unweighted L_s : L_Mnfld: 0.00162,  L_NonMnfld: 0.01152,  L_Nrml: 0.00000,  L_Eknl: 0.41705, L_Morse: 0.65459

Weights: [7000.0, 600.0, 0, 50.0, 0.0, 10.0], lr=5.000e-05
Epoch: 0 [1340/10000 (13%)] Loss: 45.67336 = L_Mnfld: 11.02042 + L_NonMnfld: 6.97335 + L_Nrml: 0.00000 + L_Eknl: 21.22982 + L_Div: 0.00000 + L_Morse: 6.44976
Epoch: 0 [1340/10000 (13%)] Unweighted L_s : L_Mnfld: 0.00157,  L_NonMnfld: 0.01162,  L_Nrml: 0.00000,  L_Eknl: 0.42460, L_Morse: 0.64498

Weights: [7000.0, 600.0, 0, 50.0, 0.0, 10.0], lr=5.000e-05
Epoch: 0 [1350/10000 (14%)] Loss: 43.86058 = L_Mnfld: 9.94843 + L_NonMnfld: 6.57636 + L_Nrml: 0.00000 + L_Eknl: 20.70384 + L_Div: 0.00000 + L_Morse: 6.63196
Epoch: 0 [1350/10000 (14%)] Unweighted L_s : L_Mnfld: 0.00142,  L_NonMnfld: 0.01096,  L_Nrml: 0.00000,  L_Eknl: 0.41408, L_Morse: 0.66320

Weights: [7000.0, 600.0, 0, 50.0, 0.0, 10.0], lr=5.000e-05
Epoch: 0 [1360/10000 (14%)] Loss: 45.47627 = L_Mnfld: 10.32590 + L_NonMnfld: 7.76754 + L_Nrml: 0.00000 + L_Eknl: 20.94207 + L_Div: 0.00000 + L_Morse: 6.44075
Epoch: 0 [1360/10000 (14%)] Unweighted L_s : L_Mnfld: 0.00148,  L_NonMnfld: 0.01295,  L_Nrml: 0.00000,  L_Eknl: 0.41884, L_Morse: 0.64408

Weights: [7000.0, 600.0, 0, 50.0, 0.0, 10.0], lr=5.000e-05
Epoch: 0 [1370/10000 (14%)] Loss: 45.22900 = L_Mnfld: 11.20191 + L_NonMnfld: 6.22076 + L_Nrml: 0.00000 + L_Eknl: 21.03144 + L_Div: 0.00000 + L_Morse: 6.77488
Epoch: 0 [1370/10000 (14%)] Unweighted L_s : L_Mnfld: 0.00160,  L_NonMnfld: 0.01037,  L_Nrml: 0.00000,  L_Eknl: 0.42063, L_Morse: 0.67749

Weights: [7000.0, 600.0, 0, 50.0, 0.0, 10.0], lr=5.000e-05
Epoch: 0 [1380/10000 (14%)] Loss: 45.30302 = L_Mnfld: 10.98514 + L_NonMnfld: 6.31743 + L_Nrml: 0.00000 + L_Eknl: 21.20629 + L_Div: 0.00000 + L_Morse: 6.79416
Epoch: 0 [1380/10000 (14%)] Unweighted L_s : L_Mnfld: 0.00157,  L_NonMnfld: 0.01053,  L_Nrml: 0.00000,  L_Eknl: 0.42413, L_Morse: 0.67942

Weights: [7000.0, 600.0, 0, 50.0, 0.0, 10.0], lr=5.000e-05
Epoch: 0 [1390/10000 (14%)] Loss: 45.27841 = L_Mnfld: 10.40508 + L_NonMnfld: 7.15316 + L_Nrml: 0.00000 + L_Eknl: 20.77233 + L_Div: 0.00000 + L_Morse: 6.94783
Epoch: 0 [1390/10000 (14%)] Unweighted L_s : L_Mnfld: 0.00149,  L_NonMnfld: 0.01192,  L_Nrml: 0.00000,  L_Eknl: 0.41545, L_Morse: 0.69478

Weights: [7000.0, 600.0, 0, 50.0, 0.0, 10.0], lr=5.000e-05
Epoch: 0 [1400/10000 (14%)] Loss: 43.67727 = L_Mnfld: 9.86796 + L_NonMnfld: 6.76749 + L_Nrml: 0.00000 + L_Eknl: 20.43854 + L_Div: 0.00000 + L_Morse: 6.60327
Epoch: 0 [1400/10000 (14%)] Unweighted L_s : L_Mnfld: 0.00141,  L_NonMnfld: 0.01128,  L_Nrml: 0.00000,  L_Eknl: 0.40877, L_Morse: 0.66033

Weights: [7000.0, 600.0, 0, 50.0, 0.0, 10.0], lr=5.000e-05
Epoch: 0 [1410/10000 (14%)] Loss: 43.54314 = L_Mnfld: 9.49693 + L_NonMnfld: 6.69599 + L_Nrml: 0.00000 + L_Eknl: 20.75833 + L_Div: 0.00000 + L_Morse: 6.59189
Epoch: 0 [1410/10000 (14%)] Unweighted L_s : L_Mnfld: 0.00136,  L_NonMnfld: 0.01116,  L_Nrml: 0.00000,  L_Eknl: 0.41517, L_Morse: 0.65919

Weights: [7000.0, 600.0, 0, 50.0, 0.0, 10.0], lr=5.000e-05
Epoch: 0 [1420/10000 (14%)] Loss: 43.75459 = L_Mnfld: 9.86310 + L_NonMnfld: 6.52763 + L_Nrml: 0.00000 + L_Eknl: 20.79283 + L_Div: 0.00000 + L_Morse: 6.57103
Epoch: 0 [1420/10000 (14%)] Unweighted L_s : L_Mnfld: 0.00141,  L_NonMnfld: 0.01088,  L_Nrml: 0.00000,  L_Eknl: 0.41586, L_Morse: 0.65710

Weights: [7000.0, 600.0, 0, 50.0, 0.0, 10.0], lr=5.000e-05
Epoch: 0 [1430/10000 (14%)] Loss: 42.60826 = L_Mnfld: 9.23093 + L_NonMnfld: 6.34211 + L_Nrml: 0.00000 + L_Eknl: 20.31509 + L_Div: 0.00000 + L_Morse: 6.72013
Epoch: 0 [1430/10000 (14%)] Unweighted L_s : L_Mnfld: 0.00132,  L_NonMnfld: 0.01057,  L_Nrml: 0.00000,  L_Eknl: 0.40630, L_Morse: 0.67201

Weights: [7000.0, 600.0, 0, 50.0, 0.0, 10.0], lr=5.000e-05
Epoch: 0 [1440/10000 (14%)] Loss: 43.49755 = L_Mnfld: 9.39085 + L_NonMnfld: 6.97547 + L_Nrml: 0.00000 + L_Eknl: 20.48950 + L_Div: 0.00000 + L_Morse: 6.64173
Epoch: 0 [1440/10000 (14%)] Unweighted L_s : L_Mnfld: 0.00134,  L_NonMnfld: 0.01163,  L_Nrml: 0.00000,  L_Eknl: 0.40979, L_Morse: 0.66417

Weights: [7000.0, 600.0, 0, 50.0, 0.0, 10.0], lr=5.000e-05
Epoch: 0 [1450/10000 (14%)] Loss: 44.62773 = L_Mnfld: 10.58607 + L_NonMnfld: 6.95719 + L_Nrml: 0.00000 + L_Eknl: 20.42608 + L_Div: 0.00000 + L_Morse: 6.65839
Epoch: 0 [1450/10000 (14%)] Unweighted L_s : L_Mnfld: 0.00151,  L_NonMnfld: 0.01160,  L_Nrml: 0.00000,  L_Eknl: 0.40852, L_Morse: 0.66584

Weights: [7000.0, 600.0, 0, 50.0, 0.0, 10.0], lr=5.000e-05
Epoch: 0 [1460/10000 (15%)] Loss: 45.05408 = L_Mnfld: 10.82244 + L_NonMnfld: 6.73810 + L_Nrml: 0.00000 + L_Eknl: 20.94922 + L_Div: 0.00000 + L_Morse: 6.54432
Epoch: 0 [1460/10000 (15%)] Unweighted L_s : L_Mnfld: 0.00155,  L_NonMnfld: 0.01123,  L_Nrml: 0.00000,  L_Eknl: 0.41898, L_Morse: 0.65443

Weights: [7000.0, 600.0, 0, 50.0, 0.0, 10.0], lr=5.000e-05
Epoch: 0 [1470/10000 (15%)] Loss: 47.64990 = L_Mnfld: 12.82994 + L_NonMnfld: 7.22400 + L_Nrml: 0.00000 + L_Eknl: 20.13970 + L_Div: 0.00000 + L_Morse: 7.45626
Epoch: 0 [1470/10000 (15%)] Unweighted L_s : L_Mnfld: 0.00183,  L_NonMnfld: 0.01204,  L_Nrml: 0.00000,  L_Eknl: 0.40279, L_Morse: 0.74563

Weights: [7000.0, 600.0, 0, 50.0, 0.0, 10.0], lr=5.000e-05
Epoch: 0 [1480/10000 (15%)] Loss: 45.51288 = L_Mnfld: 11.05355 + L_NonMnfld: 6.61721 + L_Nrml: 0.00000 + L_Eknl: 20.87471 + L_Div: 0.00000 + L_Morse: 6.96741
Epoch: 0 [1480/10000 (15%)] Unweighted L_s : L_Mnfld: 0.00158,  L_NonMnfld: 0.01103,  L_Nrml: 0.00000,  L_Eknl: 0.41749, L_Morse: 0.69674

Weights: [7000.0, 600.0, 0, 50.0, 0.0, 10.0], lr=5.000e-05
Epoch: 0 [1490/10000 (15%)] Loss: 44.85357 = L_Mnfld: 10.88403 + L_NonMnfld: 7.19793 + L_Nrml: 0.00000 + L_Eknl: 20.33747 + L_Div: 0.00000 + L_Morse: 6.43413
Epoch: 0 [1490/10000 (15%)] Unweighted L_s : L_Mnfld: 0.00155,  L_NonMnfld: 0.01200,  L_Nrml: 0.00000,  L_Eknl: 0.40675, L_Morse: 0.64341

Weights: [7000.0, 600.0, 0, 50.0, 0.0, 10.0], lr=5.000e-05
Epoch: 0 [1500/10000 (15%)] Loss: 44.54510 = L_Mnfld: 10.34834 + L_NonMnfld: 6.40256 + L_Nrml: 0.00000 + L_Eknl: 20.85041 + L_Div: 0.00000 + L_Morse: 6.94380
Epoch: 0 [1500/10000 (15%)] Unweighted L_s : L_Mnfld: 0.00148,  L_NonMnfld: 0.01067,  L_Nrml: 0.00000,  L_Eknl: 0.41701, L_Morse: 0.69438

Weights: [7000.0, 600.0, 0, 50.0, 0.0, 10.0], lr=5.000e-05
Epoch: 0 [1510/10000 (15%)] Loss: 43.43828 = L_Mnfld: 10.06236 + L_NonMnfld: 6.21589 + L_Nrml: 0.00000 + L_Eknl: 20.59065 + L_Div: 0.00000 + L_Morse: 6.56938
Epoch: 0 [1510/10000 (15%)] Unweighted L_s : L_Mnfld: 0.00144,  L_NonMnfld: 0.01036,  L_Nrml: 0.00000,  L_Eknl: 0.41181, L_Morse: 0.65694

Weights: [7000.0, 600.0, 0, 50.0, 0.0, 10.0], lr=5.000e-05
Epoch: 0 [1520/10000 (15%)] Loss: 42.17622 = L_Mnfld: 8.33851 + L_NonMnfld: 6.88388 + L_Nrml: 0.00000 + L_Eknl: 20.26055 + L_Div: 0.00000 + L_Morse: 6.69328
Epoch: 0 [1520/10000 (15%)] Unweighted L_s : L_Mnfld: 0.00119,  L_NonMnfld: 0.01147,  L_Nrml: 0.00000,  L_Eknl: 0.40521, L_Morse: 0.66933

Weights: [7000.0, 600.0, 0, 50.0, 0.0, 10.0], lr=5.000e-05
Epoch: 0 [1530/10000 (15%)] Loss: 42.15451 = L_Mnfld: 7.36479 + L_NonMnfld: 7.61872 + L_Nrml: 0.00000 + L_Eknl: 20.61140 + L_Div: 0.00000 + L_Morse: 6.55960
Epoch: 0 [1530/10000 (15%)] Unweighted L_s : L_Mnfld: 0.00105,  L_NonMnfld: 0.01270,  L_Nrml: 0.00000,  L_Eknl: 0.41223, L_Morse: 0.65596

Weights: [7000.0, 600.0, 0, 50.0, 0.0, 10.0], lr=5.000e-05
Epoch: 0 [1540/10000 (15%)] Loss: 41.05542 = L_Mnfld: 9.00495 + L_NonMnfld: 5.79795 + L_Nrml: 0.00000 + L_Eknl: 19.84722 + L_Div: 0.00000 + L_Morse: 6.40530
Epoch: 0 [1540/10000 (15%)] Unweighted L_s : L_Mnfld: 0.00129,  L_NonMnfld: 0.00966,  L_Nrml: 0.00000,  L_Eknl: 0.39694, L_Morse: 0.64053

Weights: [7000.0, 600.0, 0, 50.0, 0.0, 10.0], lr=5.000e-05
Epoch: 0 [1550/10000 (16%)] Loss: 42.87980 = L_Mnfld: 8.76360 + L_NonMnfld: 6.96244 + L_Nrml: 0.00000 + L_Eknl: 20.75262 + L_Div: 0.00000 + L_Morse: 6.40114
Epoch: 0 [1550/10000 (16%)] Unweighted L_s : L_Mnfld: 0.00125,  L_NonMnfld: 0.01160,  L_Nrml: 0.00000,  L_Eknl: 0.41505, L_Morse: 0.64011

Weights: [7000.0, 600.0, 0, 50.0, 0.0, 10.0], lr=5.000e-05
Epoch: 0 [1560/10000 (16%)] Loss: 41.81939 = L_Mnfld: 9.73429 + L_NonMnfld: 5.48897 + L_Nrml: 0.00000 + L_Eknl: 20.01212 + L_Div: 0.00000 + L_Morse: 6.58400
Epoch: 0 [1560/10000 (16%)] Unweighted L_s : L_Mnfld: 0.00139,  L_NonMnfld: 0.00915,  L_Nrml: 0.00000,  L_Eknl: 0.40024, L_Morse: 0.65840

Weights: [7000.0, 600.0, 0, 50.0, 0.0, 10.0], lr=5.000e-05
Epoch: 0 [1570/10000 (16%)] Loss: 42.29663 = L_Mnfld: 8.90914 + L_NonMnfld: 6.31297 + L_Nrml: 0.00000 + L_Eknl: 20.35451 + L_Div: 0.00000 + L_Morse: 6.72000
Epoch: 0 [1570/10000 (16%)] Unweighted L_s : L_Mnfld: 0.00127,  L_NonMnfld: 0.01052,  L_Nrml: 0.00000,  L_Eknl: 0.40709, L_Morse: 0.67200

Weights: [7000.0, 600.0, 0, 50.0, 0.0, 10.0], lr=5.000e-05
Epoch: 0 [1580/10000 (16%)] Loss: 42.29461 = L_Mnfld: 9.05421 + L_NonMnfld: 6.83043 + L_Nrml: 0.00000 + L_Eknl: 19.94238 + L_Div: 0.00000 + L_Morse: 6.46759
Epoch: 0 [1580/10000 (16%)] Unweighted L_s : L_Mnfld: 0.00129,  L_NonMnfld: 0.01138,  L_Nrml: 0.00000,  L_Eknl: 0.39885, L_Morse: 0.64676

Weights: [7000.0, 600.0, 0, 50.0, 0.0, 10.0], lr=5.000e-05
Epoch: 0 [1590/10000 (16%)] Loss: 43.71199 = L_Mnfld: 9.67527 + L_NonMnfld: 7.16904 + L_Nrml: 0.00000 + L_Eknl: 20.26241 + L_Div: 0.00000 + L_Morse: 6.60527
Epoch: 0 [1590/10000 (16%)] Unweighted L_s : L_Mnfld: 0.00138,  L_NonMnfld: 0.01195,  L_Nrml: 0.00000,  L_Eknl: 0.40525, L_Morse: 0.66053

Weights: [7000.0, 600.0, 0, 50.0, 0.0, 10.0], lr=5.000e-05
Epoch: 0 [1600/10000 (16%)] Loss: 42.16666 = L_Mnfld: 9.90328 + L_NonMnfld: 5.65366 + L_Nrml: 0.00000 + L_Eknl: 20.07223 + L_Div: 0.00000 + L_Morse: 6.53749
Epoch: 0 [1600/10000 (16%)] Unweighted L_s : L_Mnfld: 0.00141,  L_NonMnfld: 0.00942,  L_Nrml: 0.00000,  L_Eknl: 0.40144, L_Morse: 0.65375

Weights: [7000.0, 600.0, 0, 50.0, 0.0, 10.0], lr=5.000e-05
Epoch: 0 [1610/10000 (16%)] Loss: 54.01334 = L_Mnfld: 17.77060 + L_NonMnfld: 7.03910 + L_Nrml: 0.00000 + L_Eknl: 21.84385 + L_Div: 0.00000 + L_Morse: 7.35980
Epoch: 0 [1610/10000 (16%)] Unweighted L_s : L_Mnfld: 0.00254,  L_NonMnfld: 0.01173,  L_Nrml: 0.00000,  L_Eknl: 0.43688, L_Morse: 0.73598

Weights: [7000.0, 600.0, 0, 50.0, 0.0, 10.0], lr=5.000e-05
Epoch: 0 [1620/10000 (16%)] Loss: 79.06077 = L_Mnfld: 31.56699 + L_NonMnfld: 7.70925 + L_Nrml: 0.00000 + L_Eknl: 28.04169 + L_Div: 0.00000 + L_Morse: 11.74283
Epoch: 0 [1620/10000 (16%)] Unweighted L_s : L_Mnfld: 0.00451,  L_NonMnfld: 0.01285,  L_Nrml: 0.00000,  L_Eknl: 0.56083, L_Morse: 1.17428

Weights: [7000.0, 600.0, 0, 50.0, 0.0, 10.0], lr=5.000e-05
Epoch: 0 [1630/10000 (16%)] Loss: 74.40676 = L_Mnfld: 30.35707 + L_NonMnfld: 7.49690 + L_Nrml: 0.00000 + L_Eknl: 26.57242 + L_Div: 0.00000 + L_Morse: 9.98039
Epoch: 0 [1630/10000 (16%)] Unweighted L_s : L_Mnfld: 0.00434,  L_NonMnfld: 0.01249,  L_Nrml: 0.00000,  L_Eknl: 0.53145, L_Morse: 0.99804

Weights: [7000.0, 600.0, 0, 50.0, 0.0, 10.0], lr=5.000e-05
Epoch: 0 [1640/10000 (16%)] Loss: 74.34618 = L_Mnfld: 29.92517 + L_NonMnfld: 8.59101 + L_Nrml: 0.00000 + L_Eknl: 26.37631 + L_Div: 0.00000 + L_Morse: 9.45368
Epoch: 0 [1640/10000 (16%)] Unweighted L_s : L_Mnfld: 0.00428,  L_NonMnfld: 0.01432,  L_Nrml: 0.00000,  L_Eknl: 0.52753, L_Morse: 0.94537

Weights: [7000.0, 600.0, 0, 50.0, 0.0, 10.0], lr=5.000e-05
Epoch: 0 [1650/10000 (16%)] Loss: 62.38406 = L_Mnfld: 21.56624 + L_NonMnfld: 6.95758 + L_Nrml: 0.00000 + L_Eknl: 25.34605 + L_Div: 0.00000 + L_Morse: 8.51419
Epoch: 0 [1650/10000 (16%)] Unweighted L_s : L_Mnfld: 0.00308,  L_NonMnfld: 0.01160,  L_Nrml: 0.00000,  L_Eknl: 0.50692, L_Morse: 0.85142

Weights: [7000.0, 600.0, 0, 50.0, 0.0, 10.0], lr=5.000e-05
Epoch: 0 [1660/10000 (17%)] Loss: 62.69622 = L_Mnfld: 22.33260 + L_NonMnfld: 6.45547 + L_Nrml: 0.00000 + L_Eknl: 25.71203 + L_Div: 0.00000 + L_Morse: 8.19612
Epoch: 0 [1660/10000 (17%)] Unweighted L_s : L_Mnfld: 0.00319,  L_NonMnfld: 0.01076,  L_Nrml: 0.00000,  L_Eknl: 0.51424, L_Morse: 0.81961

Weights: [7000.0, 600.0, 0, 50.0, 0.0, 10.0], lr=5.000e-05
Epoch: 0 [1670/10000 (17%)] Loss: 80.79737 = L_Mnfld: 39.46553 + L_NonMnfld: 6.84367 + L_Nrml: 0.00000 + L_Eknl: 23.85389 + L_Div: 0.00000 + L_Morse: 10.63429
Epoch: 0 [1670/10000 (17%)] Unweighted L_s : L_Mnfld: 0.00564,  L_NonMnfld: 0.01141,  L_Nrml: 0.00000,  L_Eknl: 0.47708, L_Morse: 1.06343

Weights: [7000.0, 600.0, 0, 50.0, 0.0, 10.0], lr=5.000e-05
Epoch: 0 [1680/10000 (17%)] Loss: 51.20378 = L_Mnfld: 13.52497 + L_NonMnfld: 7.03256 + L_Nrml: 0.00000 + L_Eknl: 23.27321 + L_Div: 0.00000 + L_Morse: 7.37303
Epoch: 0 [1680/10000 (17%)] Unweighted L_s : L_Mnfld: 0.00193,  L_NonMnfld: 0.01172,  L_Nrml: 0.00000,  L_Eknl: 0.46546, L_Morse: 0.73730

Weights: [7000.0, 600.0, 0, 50.0, 0.0, 10.0], lr=5.000e-05
Epoch: 0 [1690/10000 (17%)] Loss: 60.22609 = L_Mnfld: 21.82982 + L_NonMnfld: 6.44469 + L_Nrml: 0.00000 + L_Eknl: 24.31580 + L_Div: 0.00000 + L_Morse: 7.63578
Epoch: 0 [1690/10000 (17%)] Unweighted L_s : L_Mnfld: 0.00312,  L_NonMnfld: 0.01074,  L_Nrml: 0.00000,  L_Eknl: 0.48632, L_Morse: 0.76358

Weights: [7000.0, 600.0, 0, 50.0, 0.0, 10.0], lr=5.000e-05
Epoch: 0 [1700/10000 (17%)] Loss: 66.81261 = L_Mnfld: 27.00999 + L_NonMnfld: 7.54776 + L_Nrml: 0.00000 + L_Eknl: 24.09346 + L_Div: 0.00000 + L_Morse: 8.16140
Epoch: 0 [1700/10000 (17%)] Unweighted L_s : L_Mnfld: 0.00386,  L_NonMnfld: 0.01258,  L_Nrml: 0.00000,  L_Eknl: 0.48187, L_Morse: 0.81614

Weights: [7000.0, 600.0, 0, 50.0, 0.0, 10.0], lr=5.000e-05
Epoch: 0 [1710/10000 (17%)] Loss: 57.45805 = L_Mnfld: 17.62054 + L_NonMnfld: 6.84400 + L_Nrml: 0.00000 + L_Eknl: 25.71582 + L_Div: 0.00000 + L_Morse: 7.27770
Epoch: 0 [1710/10000 (17%)] Unweighted L_s : L_Mnfld: 0.00252,  L_NonMnfld: 0.01141,  L_Nrml: 0.00000,  L_Eknl: 0.51432, L_Morse: 0.72777

Weights: [7000.0, 600.0, 0, 50.0, 0.0, 10.0], lr=5.000e-05
Epoch: 0 [1720/10000 (17%)] Loss: 56.43064 = L_Mnfld: 18.86320 + L_NonMnfld: 7.41604 + L_Nrml: 0.00000 + L_Eknl: 23.39628 + L_Div: 0.00000 + L_Morse: 6.75513
Epoch: 0 [1720/10000 (17%)] Unweighted L_s : L_Mnfld: 0.00269,  L_NonMnfld: 0.01236,  L_Nrml: 0.00000,  L_Eknl: 0.46793, L_Morse: 0.67551

Weights: [7000.0, 600.0, 0, 50.0, 0.0, 10.0], lr=5.000e-05
Epoch: 0 [1730/10000 (17%)] Loss: 61.18903 = L_Mnfld: 23.96734 + L_NonMnfld: 6.11582 + L_Nrml: 0.00000 + L_Eknl: 22.77528 + L_Div: 0.00000 + L_Morse: 8.33060
Epoch: 0 [1730/10000 (17%)] Unweighted L_s : L_Mnfld: 0.00342,  L_NonMnfld: 0.01019,  L_Nrml: 0.00000,  L_Eknl: 0.45551, L_Morse: 0.83306

Weights: [7000.0, 600.0, 0, 50.0, 0.0, 10.0], lr=5.000e-05
Epoch: 0 [1740/10000 (17%)] Loss: 52.15118 = L_Mnfld: 14.61643 + L_NonMnfld: 6.56192 + L_Nrml: 0.00000 + L_Eknl: 23.69989 + L_Div: 0.00000 + L_Morse: 7.27294
Epoch: 0 [1740/10000 (17%)] Unweighted L_s : L_Mnfld: 0.00209,  L_NonMnfld: 0.01094,  L_Nrml: 0.00000,  L_Eknl: 0.47400, L_Morse: 0.72729

Weights: [7000.0, 600.0, 0, 50.0, 0.0, 10.0], lr=5.000e-05
Epoch: 0 [1750/10000 (18%)] Loss: 55.51342 = L_Mnfld: 17.86227 + L_NonMnfld: 7.46392 + L_Nrml: 0.00000 + L_Eknl: 23.15080 + L_Div: 0.00000 + L_Morse: 7.03643
Epoch: 0 [1750/10000 (18%)] Unweighted L_s : L_Mnfld: 0.00255,  L_NonMnfld: 0.01244,  L_Nrml: 0.00000,  L_Eknl: 0.46302, L_Morse: 0.70364

Weights: [7000.0, 600.0, 0, 50.0, 0.0, 10.0], lr=5.000e-05
Epoch: 0 [1760/10000 (18%)] Loss: 50.57324 = L_Mnfld: 13.79578 + L_NonMnfld: 7.40909 + L_Nrml: 0.00000 + L_Eknl: 23.09510 + L_Div: 0.00000 + L_Morse: 6.27326
Epoch: 0 [1760/10000 (18%)] Unweighted L_s : L_Mnfld: 0.00197,  L_NonMnfld: 0.01235,  L_Nrml: 0.00000,  L_Eknl: 0.46190, L_Morse: 0.62733

Weights: [7000.0, 600.0, 0, 50.0, 0.0, 10.0], lr=5.000e-05
Epoch: 0 [1770/10000 (18%)] Loss: 45.48112 = L_Mnfld: 9.94896 + L_NonMnfld: 6.99362 + L_Nrml: 0.00000 + L_Eknl: 22.19720 + L_Div: 0.00000 + L_Morse: 6.34135
Epoch: 0 [1770/10000 (18%)] Unweighted L_s : L_Mnfld: 0.00142,  L_NonMnfld: 0.01166,  L_Nrml: 0.00000,  L_Eknl: 0.44394, L_Morse: 0.63414

Weights: [7000.0, 600.0, 0, 50.0, 0.0, 10.0], lr=5.000e-05
Epoch: 0 [1780/10000 (18%)] Loss: 43.51743 = L_Mnfld: 9.14923 + L_NonMnfld: 6.86099 + L_Nrml: 0.00000 + L_Eknl: 21.46064 + L_Div: 0.00000 + L_Morse: 6.04657
Epoch: 0 [1780/10000 (18%)] Unweighted L_s : L_Mnfld: 0.00131,  L_NonMnfld: 0.01143,  L_Nrml: 0.00000,  L_Eknl: 0.42921, L_Morse: 0.60466

Weights: [7000.0, 600.0, 0, 50.0, 0.0, 10.0], lr=5.000e-05
Epoch: 0 [1790/10000 (18%)] Loss: 42.40315 = L_Mnfld: 9.32031 + L_NonMnfld: 6.54799 + L_Nrml: 0.00000 + L_Eknl: 20.87262 + L_Div: 0.00000 + L_Morse: 5.66224
Epoch: 0 [1790/10000 (18%)] Unweighted L_s : L_Mnfld: 0.00133,  L_NonMnfld: 0.01091,  L_Nrml: 0.00000,  L_Eknl: 0.41745, L_Morse: 0.56622

Weights: [7000.0, 600.0, 0, 50.0, 0.0, 10.0], lr=5.000e-05
Epoch: 0 [1800/10000 (18%)] Loss: 42.28468 = L_Mnfld: 8.59254 + L_NonMnfld: 6.64140 + L_Nrml: 0.00000 + L_Eknl: 21.01864 + L_Div: 0.00000 + L_Morse: 6.03210
Epoch: 0 [1800/10000 (18%)] Unweighted L_s : L_Mnfld: 0.00123,  L_NonMnfld: 0.01107,  L_Nrml: 0.00000,  L_Eknl: 0.42037, L_Morse: 0.60321

Weights: [7000.0, 600.0, 0, 50.0, 0.0, 10.0], lr=5.000e-05
Epoch: 0 [1810/10000 (18%)] Loss: 40.44561 = L_Mnfld: 7.33093 + L_NonMnfld: 6.71243 + L_Nrml: 0.00000 + L_Eknl: 20.81120 + L_Div: 0.00000 + L_Morse: 5.59105
Epoch: 0 [1810/10000 (18%)] Unweighted L_s : L_Mnfld: 0.00105,  L_NonMnfld: 0.01119,  L_Nrml: 0.00000,  L_Eknl: 0.41622, L_Morse: 0.55910

Weights: [7000.0, 600.0, 0, 50.0, 0.0, 10.0], lr=5.000e-05
Epoch: 0 [1820/10000 (18%)] Loss: 42.87128 = L_Mnfld: 9.27249 + L_NonMnfld: 7.08612 + L_Nrml: 0.00000 + L_Eknl: 20.95812 + L_Div: 0.00000 + L_Morse: 5.55454
Epoch: 0 [1820/10000 (18%)] Unweighted L_s : L_Mnfld: 0.00132,  L_NonMnfld: 0.01181,  L_Nrml: 0.00000,  L_Eknl: 0.41916, L_Morse: 0.55545

Weights: [7000.0, 600.0, 0, 50.0, 0.0, 10.0], lr=5.000e-05
Epoch: 0 [1830/10000 (18%)] Loss: 42.08807 = L_Mnfld: 9.26905 + L_NonMnfld: 6.55652 + L_Nrml: 0.00000 + L_Eknl: 20.19853 + L_Div: 0.00000 + L_Morse: 6.06396
Epoch: 0 [1830/10000 (18%)] Unweighted L_s : L_Mnfld: 0.00132,  L_NonMnfld: 0.01093,  L_Nrml: 0.00000,  L_Eknl: 0.40397, L_Morse: 0.60640

Weights: [7000.0, 600.0, 0, 50.0, 0.0, 10.0], lr=5.000e-05
Epoch: 0 [1840/10000 (18%)] Loss: 39.83443 = L_Mnfld: 7.79493 + L_NonMnfld: 5.97018 + L_Nrml: 0.00000 + L_Eknl: 19.94137 + L_Div: 0.00000 + L_Morse: 6.12795
Epoch: 0 [1840/10000 (18%)] Unweighted L_s : L_Mnfld: 0.00111,  L_NonMnfld: 0.00995,  L_Nrml: 0.00000,  L_Eknl: 0.39883, L_Morse: 0.61279

Weights: [7000.0, 600.0, 0, 50.0, 0.0, 10.0], lr=5.000e-05
Epoch: 0 [1850/10000 (18%)] Loss: 40.59604 = L_Mnfld: 7.37178 + L_NonMnfld: 6.90738 + L_Nrml: 0.00000 + L_Eknl: 20.42954 + L_Div: 0.00000 + L_Morse: 5.88734
Epoch: 0 [1850/10000 (18%)] Unweighted L_s : L_Mnfld: 0.00105,  L_NonMnfld: 0.01151,  L_Nrml: 0.00000,  L_Eknl: 0.40859, L_Morse: 0.58873

Weights: [7000.0, 600.0, 0, 50.0, 0.0, 10.0], lr=5.000e-05
Epoch: 0 [1860/10000 (19%)] Loss: 43.89764 = L_Mnfld: 10.53722 + L_NonMnfld: 6.77640 + L_Nrml: 0.00000 + L_Eknl: 20.41152 + L_Div: 0.00000 + L_Morse: 6.17250
Epoch: 0 [1860/10000 (19%)] Unweighted L_s : L_Mnfld: 0.00151,  L_NonMnfld: 0.01129,  L_Nrml: 0.00000,  L_Eknl: 0.40823, L_Morse: 0.61725

Weights: [7000.0, 600.0, 0, 50.0, 0.0, 10.0], lr=5.000e-05
Epoch: 0 [1870/10000 (19%)] Loss: 44.75581 = L_Mnfld: 10.50700 + L_NonMnfld: 6.81357 + L_Nrml: 0.00000 + L_Eknl: 21.24335 + L_Div: 0.00000 + L_Morse: 6.19189
Epoch: 0 [1870/10000 (19%)] Unweighted L_s : L_Mnfld: 0.00150,  L_NonMnfld: 0.01136,  L_Nrml: 0.00000,  L_Eknl: 0.42487, L_Morse: 0.61919

Weights: [7000.0, 600.0, 0, 50.0, 0.0, 10.0], lr=5.000e-05
Epoch: 0 [1880/10000 (19%)] Loss: 54.36756 = L_Mnfld: 17.82718 + L_NonMnfld: 7.14865 + L_Nrml: 0.00000 + L_Eknl: 22.87455 + L_Div: 0.00000 + L_Morse: 6.51718
Epoch: 0 [1880/10000 (19%)] Unweighted L_s : L_Mnfld: 0.00255,  L_NonMnfld: 0.01191,  L_Nrml: 0.00000,  L_Eknl: 0.45749, L_Morse: 0.65172

Weights: [7000.0, 600.0, 0, 50.0, 0.0, 10.0], lr=5.000e-05
Epoch: 0 [1890/10000 (19%)] Loss: 48.87511 = L_Mnfld: 13.99398 + L_NonMnfld: 7.01659 + L_Nrml: 0.00000 + L_Eknl: 21.11687 + L_Div: 0.00000 + L_Morse: 6.74768
Epoch: 0 [1890/10000 (19%)] Unweighted L_s : L_Mnfld: 0.00200,  L_NonMnfld: 0.01169,  L_Nrml: 0.00000,  L_Eknl: 0.42234, L_Morse: 0.67477

Weights: [7000.0, 600.0, 0, 50.0, 0.0, 10.0], lr=5.000e-05
Epoch: 0 [1900/10000 (19%)] Loss: 44.54233 = L_Mnfld: 10.33514 + L_NonMnfld: 6.76596 + L_Nrml: 0.00000 + L_Eknl: 20.96207 + L_Div: 0.00000 + L_Morse: 6.47916
Epoch: 0 [1900/10000 (19%)] Unweighted L_s : L_Mnfld: 0.00148,  L_NonMnfld: 0.01128,  L_Nrml: 0.00000,  L_Eknl: 0.41924, L_Morse: 0.64792

Weights: [7000.0, 600.0, 0, 50.0, 0.0, 10.0], lr=5.000e-05
Epoch: 0 [1910/10000 (19%)] Loss: 44.19377 = L_Mnfld: 10.17235 + L_NonMnfld: 6.83348 + L_Nrml: 0.00000 + L_Eknl: 20.57382 + L_Div: 0.00000 + L_Morse: 6.61412
Epoch: 0 [1910/10000 (19%)] Unweighted L_s : L_Mnfld: 0.00145,  L_NonMnfld: 0.01139,  L_Nrml: 0.00000,  L_Eknl: 0.41148, L_Morse: 0.66141

Weights: [7000.0, 600.0, 0, 50.0, 0.0, 10.0], lr=5.000e-05
Epoch: 0 [1920/10000 (19%)] Loss: 46.97813 = L_Mnfld: 11.58033 + L_NonMnfld: 7.17059 + L_Nrml: 0.00000 + L_Eknl: 22.00651 + L_Div: 0.00000 + L_Morse: 6.22070
Epoch: 0 [1920/10000 (19%)] Unweighted L_s : L_Mnfld: 0.00165,  L_NonMnfld: 0.01195,  L_Nrml: 0.00000,  L_Eknl: 0.44013, L_Morse: 0.62207

Weights: [7000.0, 600.0, 0, 50.0, 0.0, 10.0], lr=5.000e-05
Epoch: 0 [1930/10000 (19%)] Loss: 55.70829 = L_Mnfld: 15.75544 + L_NonMnfld: 8.22053 + L_Nrml: 0.00000 + L_Eknl: 25.10225 + L_Div: 0.00000 + L_Morse: 6.63007
Epoch: 0 [1930/10000 (19%)] Unweighted L_s : L_Mnfld: 0.00225,  L_NonMnfld: 0.01370,  L_Nrml: 0.00000,  L_Eknl: 0.50205, L_Morse: 0.66301

Weights: [7000.0, 600.0, 0, 50.0, 0.0, 10.0], lr=5.000e-05
Epoch: 0 [1940/10000 (19%)] Loss: 62.90438 = L_Mnfld: 26.92604 + L_NonMnfld: 7.49621 + L_Nrml: 0.00000 + L_Eknl: 21.20958 + L_Div: 0.00000 + L_Morse: 7.27254
Epoch: 0 [1940/10000 (19%)] Unweighted L_s : L_Mnfld: 0.00385,  L_NonMnfld: 0.01249,  L_Nrml: 0.00000,  L_Eknl: 0.42419, L_Morse: 0.72725

Weights: [7000.0, 600.0, 0, 50.0, 0.0, 10.0], lr=5.000e-05
Epoch: 0 [1950/10000 (20%)] Loss: 68.54507 = L_Mnfld: 32.92073 + L_NonMnfld: 5.91683 + L_Nrml: 0.00000 + L_Eknl: 21.13349 + L_Div: 0.00000 + L_Morse: 8.57402
Epoch: 0 [1950/10000 (20%)] Unweighted L_s : L_Mnfld: 0.00470,  L_NonMnfld: 0.00986,  L_Nrml: 0.00000,  L_Eknl: 0.42267, L_Morse: 0.85740

Weights: [7000.0, 600.0, 0, 50.0, 0.0, 10.0], lr=5.000e-05
Epoch: 0 [1960/10000 (20%)] Loss: 51.03349 = L_Mnfld: 14.72955 + L_NonMnfld: 6.87403 + L_Nrml: 0.00000 + L_Eknl: 22.71743 + L_Div: 0.00000 + L_Morse: 6.71247
Epoch: 0 [1960/10000 (20%)] Unweighted L_s : L_Mnfld: 0.00210,  L_NonMnfld: 0.01146,  L_Nrml: 0.00000,  L_Eknl: 0.45435, L_Morse: 0.67125

Weights: [7000.0, 600.0, 0, 50.0, 0.0, 10.0], lr=5.000e-05
Epoch: 0 [1970/10000 (20%)] Loss: 70.71779 = L_Mnfld: 29.96683 + L_NonMnfld: 7.87291 + L_Nrml: 0.00000 + L_Eknl: 25.44305 + L_Div: 0.00000 + L_Morse: 7.43500
Epoch: 0 [1970/10000 (20%)] Unweighted L_s : L_Mnfld: 0.00428,  L_NonMnfld: 0.01312,  L_Nrml: 0.00000,  L_Eknl: 0.50886, L_Morse: 0.74350

Weights: [7000.0, 600.0, 0, 50.0, 0.0, 10.0], lr=5.000e-05
Epoch: 0 [1980/10000 (20%)] Loss: 73.78351 = L_Mnfld: 31.49972 + L_NonMnfld: 6.93713 + L_Nrml: 0.00000 + L_Eknl: 26.74785 + L_Div: 0.00000 + L_Morse: 8.59881
Epoch: 0 [1980/10000 (20%)] Unweighted L_s : L_Mnfld: 0.00450,  L_NonMnfld: 0.01156,  L_Nrml: 0.00000,  L_Eknl: 0.53496, L_Morse: 0.85988

Weights: [7000.0, 600.0, 0, 50.0, 0.0, 10.0], lr=5.000e-05
Epoch: 0 [1990/10000 (20%)] Loss: 73.71889 = L_Mnfld: 33.98397 + L_NonMnfld: 6.83460 + L_Nrml: 0.00000 + L_Eknl: 23.96221 + L_Div: 0.00000 + L_Morse: 8.93810
Epoch: 0 [1990/10000 (20%)] Unweighted L_s : L_Mnfld: 0.00485,  L_NonMnfld: 0.01139,  L_Nrml: 0.00000,  L_Eknl: 0.47924, L_Morse: 0.89381

Weights: [7000.0, 600.0, 0, 50.0, 0.0, 10.0], lr=5.000e-05
Epoch: 0 [2000/10000 (20%)] Loss: 54.81161 = L_Mnfld: 14.51336 + L_NonMnfld: 8.12852 + L_Nrml: 0.00000 + L_Eknl: 25.20400 + L_Div: 0.00000 + L_Morse: 6.96574
Epoch: 0 [2000/10000 (20%)] Unweighted L_s : L_Mnfld: 0.00207,  L_NonMnfld: 0.01355,  L_Nrml: 0.00000,  L_Eknl: 0.50408, L_Morse: 0.69657

Weights: [7000.0, 600.0, 0, 50.0, 0.0, 9.9703], lr=5.000e-05
Epoch: 0 [2010/10000 (20%)] Loss: 59.97021 = L_Mnfld: 18.65629 + L_NonMnfld: 8.11092 + L_Nrml: 0.00000 + L_Eknl: 26.91595 + L_Div: 0.00000 + L_Morse: 6.28705
Epoch: 0 [2010/10000 (20%)] Unweighted L_s : L_Mnfld: 0.00267,  L_NonMnfld: 0.01352,  L_Nrml: 0.00000,  L_Eknl: 0.53832, L_Morse: 0.63058

Weights: [7000.0, 600.0, 0, 50.0, 0.0, 9.9373], lr=5.000e-05
Epoch: 0 [2020/10000 (20%)] Loss: 74.38428 = L_Mnfld: 32.83488 + L_NonMnfld: 7.89528 + L_Nrml: 0.00000 + L_Eknl: 26.74642 + L_Div: 0.00000 + L_Morse: 6.90770
Epoch: 0 [2020/10000 (20%)] Unweighted L_s : L_Mnfld: 0.00469,  L_NonMnfld: 0.01316,  L_Nrml: 0.00000,  L_Eknl: 0.53493, L_Morse: 0.69513

Weights: [7000.0, 600.0, 0, 50.0, 0.0, 9.904300000000001], lr=5.000e-05
Epoch: 0 [2030/10000 (20%)] Loss: 63.68647 = L_Mnfld: 20.50354 + L_NonMnfld: 8.12131 + L_Nrml: 0.00000 + L_Eknl: 27.55058 + L_Div: 0.00000 + L_Morse: 7.51104
Epoch: 0 [2030/10000 (20%)] Unweighted L_s : L_Mnfld: 0.00293,  L_NonMnfld: 0.01354,  L_Nrml: 0.00000,  L_Eknl: 0.55101, L_Morse: 0.75836

Weights: [7000.0, 600.0, 0, 50.0, 0.0, 9.8713], lr=5.000e-05
Epoch: 0 [2040/10000 (20%)] Loss: 69.39754 = L_Mnfld: 28.48973 + L_NonMnfld: 7.77816 + L_Nrml: 0.00000 + L_Eknl: 25.94895 + L_Div: 0.00000 + L_Morse: 7.18069
Epoch: 0 [2040/10000 (20%)] Unweighted L_s : L_Mnfld: 0.00407,  L_NonMnfld: 0.01296,  L_Nrml: 0.00000,  L_Eknl: 0.51898, L_Morse: 0.72743

Weights: [7000.0, 600.0, 0, 50.0, 0.0, 9.8383], lr=5.000e-05
Epoch: 0 [2050/10000 (20%)] Loss: 58.12281 = L_Mnfld: 19.21363 + L_NonMnfld: 7.80892 + L_Nrml: 0.00000 + L_Eknl: 24.40640 + L_Div: 0.00000 + L_Morse: 6.69386
Epoch: 0 [2050/10000 (20%)] Unweighted L_s : L_Mnfld: 0.00274,  L_NonMnfld: 0.01301,  L_Nrml: 0.00000,  L_Eknl: 0.48813, L_Morse: 0.68039

Weights: [7000.0, 600.0, 0, 50.0, 0.0, 9.8053], lr=5.000e-05
Epoch: 0 [2060/10000 (21%)] Loss: 50.30302 = L_Mnfld: 13.14912 + L_NonMnfld: 7.33893 + L_Nrml: 0.00000 + L_Eknl: 23.66685 + L_Div: 0.00000 + L_Morse: 6.14813
Epoch: 0 [2060/10000 (21%)] Unweighted L_s : L_Mnfld: 0.00188,  L_NonMnfld: 0.01223,  L_Nrml: 0.00000,  L_Eknl: 0.47334, L_Morse: 0.62702

Weights: [7000.0, 600.0, 0, 50.0, 0.0, 9.7723], lr=5.000e-05
Epoch: 0 [2070/10000 (21%)] Loss: 57.69347 = L_Mnfld: 21.32267 + L_NonMnfld: 6.84136 + L_Nrml: 0.00000 + L_Eknl: 23.25387 + L_Div: 0.00000 + L_Morse: 6.27558
Epoch: 0 [2070/10000 (21%)] Unweighted L_s : L_Mnfld: 0.00305,  L_NonMnfld: 0.01140,  L_Nrml: 0.00000,  L_Eknl: 0.46508, L_Morse: 0.64218

Weights: [7000.0, 600.0, 0, 50.0, 0.0, 9.7393], lr=5.000e-05
Epoch: 0 [2080/10000 (21%)] Loss: 59.82526 = L_Mnfld: 23.18715 + L_NonMnfld: 6.84632 + L_Nrml: 0.00000 + L_Eknl: 23.02337 + L_Div: 0.00000 + L_Morse: 6.76841
Epoch: 0 [2080/10000 (21%)] Unweighted L_s : L_Mnfld: 0.00331,  L_NonMnfld: 0.01141,  L_Nrml: 0.00000,  L_Eknl: 0.46047, L_Morse: 0.69496

Weights: [7000.0, 600.0, 0, 50.0, 0.0, 9.7063], lr=5.000e-05
Epoch: 0 [2090/10000 (21%)] Loss: 57.24710 = L_Mnfld: 19.07304 + L_NonMnfld: 7.10035 + L_Nrml: 0.00000 + L_Eknl: 24.63280 + L_Div: 0.00000 + L_Morse: 6.44091
Epoch: 0 [2090/10000 (21%)] Unweighted L_s : L_Mnfld: 0.00272,  L_NonMnfld: 0.01183,  L_Nrml: 0.00000,  L_Eknl: 0.49266, L_Morse: 0.66358

Weights: [7000.0, 600.0, 0, 50.0, 0.0, 9.673300000000001], lr=5.000e-05
Epoch: 0 [2100/10000 (21%)] Loss: 57.91769 = L_Mnfld: 21.03052 + L_NonMnfld: 7.51237 + L_Nrml: 0.00000 + L_Eknl: 23.03765 + L_Div: 0.00000 + L_Morse: 6.33715
Epoch: 0 [2100/10000 (21%)] Unweighted L_s : L_Mnfld: 0.00300,  L_NonMnfld: 0.01252,  L_Nrml: 0.00000,  L_Eknl: 0.46075, L_Morse: 0.65512

Weights: [7000.0, 600.0, 0, 50.0, 0.0, 9.6403], lr=5.000e-05
Epoch: 0 [2110/10000 (21%)] Loss: 47.93159 = L_Mnfld: 11.87956 + L_NonMnfld: 7.22242 + L_Nrml: 0.00000 + L_Eknl: 22.92583 + L_Div: 0.00000 + L_Morse: 5.90378
Epoch: 0 [2110/10000 (21%)] Unweighted L_s : L_Mnfld: 0.00170,  L_NonMnfld: 0.01204,  L_Nrml: 0.00000,  L_Eknl: 0.45852, L_Morse: 0.61241

Weights: [7000.0, 600.0, 0, 50.0, 0.0, 9.6073], lr=5.000e-05
Epoch: 0 [2120/10000 (21%)] Loss: 49.20584 = L_Mnfld: 14.24327 + L_NonMnfld: 7.66444 + L_Nrml: 0.00000 + L_Eknl: 21.76345 + L_Div: 0.00000 + L_Morse: 5.53468
Epoch: 0 [2120/10000 (21%)] Unweighted L_s : L_Mnfld: 0.00203,  L_NonMnfld: 0.01277,  L_Nrml: 0.00000,  L_Eknl: 0.43527, L_Morse: 0.57609

Weights: [7000.0, 600.0, 0, 50.0, 0.0, 9.574300000000001], lr=5.000e-05
Epoch: 0 [2130/10000 (21%)] Loss: 48.00391 = L_Mnfld: 15.05912 + L_NonMnfld: 6.70275 + L_Nrml: 0.00000 + L_Eknl: 20.73900 + L_Div: 0.00000 + L_Morse: 5.50303
Epoch: 0 [2130/10000 (21%)] Unweighted L_s : L_Mnfld: 0.00215,  L_NonMnfld: 0.01117,  L_Nrml: 0.00000,  L_Eknl: 0.41478, L_Morse: 0.57477

Weights: [7000.0, 600.0, 0, 50.0, 0.0, 9.5413], lr=5.000e-05
Epoch: 0 [2140/10000 (21%)] Loss: 42.39036 = L_Mnfld: 9.48380 + L_NonMnfld: 6.70402 + L_Nrml: 0.00000 + L_Eknl: 20.81695 + L_Div: 0.00000 + L_Morse: 5.38560
Epoch: 0 [2140/10000 (21%)] Unweighted L_s : L_Mnfld: 0.00135,  L_NonMnfld: 0.01117,  L_Nrml: 0.00000,  L_Eknl: 0.41634, L_Morse: 0.56445

Weights: [7000.0, 600.0, 0, 50.0, 0.0, 9.5083], lr=5.000e-05
Epoch: 0 [2150/10000 (22%)] Loss: 44.23303 = L_Mnfld: 11.19527 + L_NonMnfld: 7.24275 + L_Nrml: 0.00000 + L_Eknl: 20.36275 + L_Div: 0.00000 + L_Morse: 5.43226
Epoch: 0 [2150/10000 (22%)] Unweighted L_s : L_Mnfld: 0.00160,  L_NonMnfld: 0.01207,  L_Nrml: 0.00000,  L_Eknl: 0.40725, L_Morse: 0.57132

Weights: [7000.0, 600.0, 0, 50.0, 0.0, 9.4753], lr=5.000e-05
Epoch: 0 [2160/10000 (22%)] Loss: 46.63224 = L_Mnfld: 14.37017 + L_NonMnfld: 6.83575 + L_Nrml: 0.00000 + L_Eknl: 19.99154 + L_Div: 0.00000 + L_Morse: 5.43479
Epoch: 0 [2160/10000 (22%)] Unweighted L_s : L_Mnfld: 0.00205,  L_NonMnfld: 0.01139,  L_Nrml: 0.00000,  L_Eknl: 0.39983, L_Morse: 0.57357

Weights: [7000.0, 600.0, 0, 50.0, 0.0, 9.4423], lr=5.000e-05
Epoch: 0 [2170/10000 (22%)] Loss: 41.33037 = L_Mnfld: 8.88733 + L_NonMnfld: 7.11553 + L_Nrml: 0.00000 + L_Eknl: 20.12242 + L_Div: 0.00000 + L_Morse: 5.20510
Epoch: 0 [2170/10000 (22%)] Unweighted L_s : L_Mnfld: 0.00127,  L_NonMnfld: 0.01186,  L_Nrml: 0.00000,  L_Eknl: 0.40245, L_Morse: 0.55125

Weights: [7000.0, 600.0, 0, 50.0, 0.0, 9.4093], lr=5.000e-05
Epoch: 0 [2180/10000 (22%)] Loss: 41.41470 = L_Mnfld: 9.25481 + L_NonMnfld: 6.95707 + L_Nrml: 0.00000 + L_Eknl: 19.84334 + L_Div: 0.00000 + L_Morse: 5.35948
Epoch: 0 [2180/10000 (22%)] Unweighted L_s : L_Mnfld: 0.00132,  L_NonMnfld: 0.01160,  L_Nrml: 0.00000,  L_Eknl: 0.39687, L_Morse: 0.56959

Weights: [7000.0, 600.0, 0, 50.0, 0.0, 9.3763], lr=5.000e-05
Epoch: 0 [2190/10000 (22%)] Loss: 45.49530 = L_Mnfld: 13.38898 + L_NonMnfld: 6.84396 + L_Nrml: 0.00000 + L_Eknl: 19.64692 + L_Div: 0.00000 + L_Morse: 5.61544
Epoch: 0 [2190/10000 (22%)] Unweighted L_s : L_Mnfld: 0.00191,  L_NonMnfld: 0.01141,  L_Nrml: 0.00000,  L_Eknl: 0.39294, L_Morse: 0.59890

Weights: [7000.0, 600.0, 0, 50.0, 0.0, 9.3433], lr=5.000e-05
Epoch: 0 [2200/10000 (22%)] Loss: 40.60736 = L_Mnfld: 8.35413 + L_NonMnfld: 7.42312 + L_Nrml: 0.00000 + L_Eknl: 19.60484 + L_Div: 0.00000 + L_Morse: 5.22527
Epoch: 0 [2200/10000 (22%)] Unweighted L_s : L_Mnfld: 0.00119,  L_NonMnfld: 0.01237,  L_Nrml: 0.00000,  L_Eknl: 0.39210, L_Morse: 0.55925

Weights: [7000.0, 600.0, 0, 50.0, 0.0, 9.3103], lr=5.000e-05
Epoch: 0 [2210/10000 (22%)] Loss: 42.89946 = L_Mnfld: 10.00607 + L_NonMnfld: 7.51321 + L_Nrml: 0.00000 + L_Eknl: 19.81674 + L_Div: 0.00000 + L_Morse: 5.56345
Epoch: 0 [2210/10000 (22%)] Unweighted L_s : L_Mnfld: 0.00143,  L_NonMnfld: 0.01252,  L_Nrml: 0.00000,  L_Eknl: 0.39633, L_Morse: 0.59756

Weights: [7000.0, 600.0, 0, 50.0, 0.0, 9.2773], lr=5.000e-05
Epoch: 0 [2220/10000 (22%)] Loss: 46.09174 = L_Mnfld: 14.00470 + L_NonMnfld: 6.66149 + L_Nrml: 0.00000 + L_Eknl: 19.45512 + L_Div: 0.00000 + L_Morse: 5.97042
Epoch: 0 [2220/10000 (22%)] Unweighted L_s : L_Mnfld: 0.00200,  L_NonMnfld: 0.01110,  L_Nrml: 0.00000,  L_Eknl: 0.38910, L_Morse: 0.64355

Weights: [7000.0, 600.0, 0, 50.0, 0.0, 9.2443], lr=5.000e-05
Epoch: 0 [2230/10000 (22%)] Loss: 38.17327 = L_Mnfld: 7.42438 + L_NonMnfld: 6.18029 + L_Nrml: 0.00000 + L_Eknl: 19.23963 + L_Div: 0.00000 + L_Morse: 5.32897
Epoch: 0 [2230/10000 (22%)] Unweighted L_s : L_Mnfld: 0.00106,  L_NonMnfld: 0.01030,  L_Nrml: 0.00000,  L_Eknl: 0.38479, L_Morse: 0.57646

Weights: [7000.0, 600.0, 0, 50.0, 0.0, 9.211300000000001], lr=5.000e-05
Epoch: 0 [2240/10000 (22%)] Loss: 39.52591 = L_Mnfld: 7.08215 + L_NonMnfld: 7.18141 + L_Nrml: 0.00000 + L_Eknl: 19.43693 + L_Div: 0.00000 + L_Morse: 5.82542
Epoch: 0 [2240/10000 (22%)] Unweighted L_s : L_Mnfld: 0.00101,  L_NonMnfld: 0.01197,  L_Nrml: 0.00000,  L_Eknl: 0.38874, L_Morse: 0.63242

Weights: [7000.0, 600.0, 0, 50.0, 0.0, 9.1783], lr=5.000e-05
Epoch: 0 [2250/10000 (22%)] Loss: 45.15342 = L_Mnfld: 14.75580 + L_NonMnfld: 5.97356 + L_Nrml: 0.00000 + L_Eknl: 19.07761 + L_Div: 0.00000 + L_Morse: 5.34644
Epoch: 0 [2250/10000 (22%)] Unweighted L_s : L_Mnfld: 0.00211,  L_NonMnfld: 0.00996,  L_Nrml: 0.00000,  L_Eknl: 0.38155, L_Morse: 0.58251

Weights: [7000.0, 600.0, 0, 50.0, 0.0, 9.1453], lr=5.000e-05
Epoch: 0 [2260/10000 (23%)] Loss: 39.50589 = L_Mnfld: 8.51796 + L_NonMnfld: 6.13895 + L_Nrml: 0.00000 + L_Eknl: 19.21373 + L_Div: 0.00000 + L_Morse: 5.63525
Epoch: 0 [2260/10000 (23%)] Unweighted L_s : L_Mnfld: 0.00122,  L_NonMnfld: 0.01023,  L_Nrml: 0.00000,  L_Eknl: 0.38427, L_Morse: 0.61619

Weights: [7000.0, 600.0, 0, 50.0, 0.0, 9.112300000000001], lr=5.000e-05
Epoch: 0 [2270/10000 (23%)] Loss: 39.83361 = L_Mnfld: 8.54408 + L_NonMnfld: 6.69220 + L_Nrml: 0.00000 + L_Eknl: 19.10715 + L_Div: 0.00000 + L_Morse: 5.49018
Epoch: 0 [2270/10000 (23%)] Unweighted L_s : L_Mnfld: 0.00122,  L_NonMnfld: 0.01115,  L_Nrml: 0.00000,  L_Eknl: 0.38214, L_Morse: 0.60250

Weights: [7000.0, 600.0, 0, 50.0, 0.0, 9.0793], lr=5.000e-05
Epoch: 0 [2280/10000 (23%)] Loss: 44.51040 = L_Mnfld: 13.28935 + L_NonMnfld: 6.86269 + L_Nrml: 0.00000 + L_Eknl: 18.94223 + L_Div: 0.00000 + L_Morse: 5.41613
Epoch: 0 [2280/10000 (23%)] Unweighted L_s : L_Mnfld: 0.00190,  L_NonMnfld: 0.01144,  L_Nrml: 0.00000,  L_Eknl: 0.37884, L_Morse: 0.59654

Weights: [7000.0, 600.0, 0, 50.0, 0.0, 9.0463], lr=5.000e-05
Epoch: 0 [2290/10000 (23%)] Loss: 38.95098 = L_Mnfld: 8.38477 + L_NonMnfld: 6.13028 + L_Nrml: 0.00000 + L_Eknl: 19.34584 + L_Div: 0.00000 + L_Morse: 5.09009
Epoch: 0 [2290/10000 (23%)] Unweighted L_s : L_Mnfld: 0.00120,  L_NonMnfld: 0.01022,  L_Nrml: 0.00000,  L_Eknl: 0.38692, L_Morse: 0.56267

Weights: [7000.0, 600.0, 0, 50.0, 0.0, 9.013300000000001], lr=5.000e-05
Epoch: 0 [2300/10000 (23%)] Loss: 41.17320 = L_Mnfld: 9.52004 + L_NonMnfld: 6.91261 + L_Nrml: 0.00000 + L_Eknl: 19.21215 + L_Div: 0.00000 + L_Morse: 5.52839
Epoch: 0 [2300/10000 (23%)] Unweighted L_s : L_Mnfld: 0.00136,  L_NonMnfld: 0.01152,  L_Nrml: 0.00000,  L_Eknl: 0.38424, L_Morse: 0.61336

Weights: [7000.0, 600.0, 0, 50.0, 0.0, 8.9803], lr=5.000e-05
Epoch: 0 [2310/10000 (23%)] Loss: 46.93110 = L_Mnfld: 15.18971 + L_NonMnfld: 7.54067 + L_Nrml: 0.00000 + L_Eknl: 18.81464 + L_Div: 0.00000 + L_Morse: 5.38609
Epoch: 0 [2310/10000 (23%)] Unweighted L_s : L_Mnfld: 0.00217,  L_NonMnfld: 0.01257,  L_Nrml: 0.00000,  L_Eknl: 0.37629, L_Morse: 0.59977

Weights: [7000.0, 600.0, 0, 50.0, 0.0, 8.9473], lr=5.000e-05
Epoch: 0 [2320/10000 (23%)] Loss: 37.56256 = L_Mnfld: 7.85324 + L_NonMnfld: 5.37718 + L_Nrml: 0.00000 + L_Eknl: 18.80183 + L_Div: 0.00000 + L_Morse: 5.53032
Epoch: 0 [2320/10000 (23%)] Unweighted L_s : L_Mnfld: 0.00112,  L_NonMnfld: 0.00896,  L_Nrml: 0.00000,  L_Eknl: 0.37604, L_Morse: 0.61810

Weights: [7000.0, 600.0, 0, 50.0, 0.0, 8.9143], lr=5.000e-05
Epoch: 0 [2330/10000 (23%)] Loss: 40.42010 = L_Mnfld: 8.76748 + L_NonMnfld: 7.05688 + L_Nrml: 0.00000 + L_Eknl: 18.89227 + L_Div: 0.00000 + L_Morse: 5.70346
Epoch: 0 [2330/10000 (23%)] Unweighted L_s : L_Mnfld: 0.00125,  L_NonMnfld: 0.01176,  L_Nrml: 0.00000,  L_Eknl: 0.37785, L_Morse: 0.63981

Weights: [7000.0, 600.0, 0, 50.0, 0.0, 8.8813], lr=5.000e-05
Epoch: 0 [2340/10000 (23%)] Loss: 42.55742 = L_Mnfld: 12.73409 + L_NonMnfld: 5.84932 + L_Nrml: 0.00000 + L_Eknl: 18.61139 + L_Div: 0.00000 + L_Morse: 5.36262
Epoch: 0 [2340/10000 (23%)] Unweighted L_s : L_Mnfld: 0.00182,  L_NonMnfld: 0.00975,  L_Nrml: 0.00000,  L_Eknl: 0.37223, L_Morse: 0.60381

Weights: [7000.0, 600.0, 0, 50.0, 0.0, 8.8483], lr=5.000e-05
Epoch: 0 [2350/10000 (24%)] Loss: 39.99096 = L_Mnfld: 8.59034 + L_NonMnfld: 6.44967 + L_Nrml: 0.00000 + L_Eknl: 19.13085 + L_Div: 0.00000 + L_Morse: 5.82011
Epoch: 0 [2350/10000 (24%)] Unweighted L_s : L_Mnfld: 0.00123,  L_NonMnfld: 0.01075,  L_Nrml: 0.00000,  L_Eknl: 0.38262, L_Morse: 0.65777

Weights: [7000.0, 600.0, 0, 50.0, 0.0, 8.8153], lr=5.000e-05
Epoch: 0 [2360/10000 (24%)] Loss: 42.39590 = L_Mnfld: 11.32157 + L_NonMnfld: 6.47307 + L_Nrml: 0.00000 + L_Eknl: 18.87255 + L_Div: 0.00000 + L_Morse: 5.72871
Epoch: 0 [2360/10000 (24%)] Unweighted L_s : L_Mnfld: 0.00162,  L_NonMnfld: 0.01079,  L_Nrml: 0.00000,  L_Eknl: 0.37745, L_Morse: 0.64986

Weights: [7000.0, 600.0, 0, 50.0, 0.0, 8.7823], lr=5.000e-05
Epoch: 0 [2370/10000 (24%)] Loss: 42.86153 = L_Mnfld: 12.10711 + L_NonMnfld: 6.46039 + L_Nrml: 0.00000 + L_Eknl: 18.55517 + L_Div: 0.00000 + L_Morse: 5.73886
Epoch: 0 [2370/10000 (24%)] Unweighted L_s : L_Mnfld: 0.00173,  L_NonMnfld: 0.01077,  L_Nrml: 0.00000,  L_Eknl: 0.37110, L_Morse: 0.65346

Weights: [7000.0, 600.0, 0, 50.0, 0.0, 8.7493], lr=5.000e-05
Epoch: 0 [2380/10000 (24%)] Loss: 39.20728 = L_Mnfld: 8.77221 + L_NonMnfld: 6.24608 + L_Nrml: 0.00000 + L_Eknl: 18.55098 + L_Div: 0.00000 + L_Morse: 5.63801
Epoch: 0 [2380/10000 (24%)] Unweighted L_s : L_Mnfld: 0.00125,  L_NonMnfld: 0.01041,  L_Nrml: 0.00000,  L_Eknl: 0.37102, L_Morse: 0.64440

Weights: [7000.0, 600.0, 0, 50.0, 0.0, 8.7163], lr=5.000e-05
Epoch: 0 [2390/10000 (24%)] Loss: 42.50602 = L_Mnfld: 12.08507 + L_NonMnfld: 6.18503 + L_Nrml: 0.00000 + L_Eknl: 18.68324 + L_Div: 0.00000 + L_Morse: 5.55267
Epoch: 0 [2390/10000 (24%)] Unweighted L_s : L_Mnfld: 0.00173,  L_NonMnfld: 0.01031,  L_Nrml: 0.00000,  L_Eknl: 0.37366, L_Morse: 0.63704

Weights: [7000.0, 600.0, 0, 50.0, 0.0, 8.683300000000001], lr=5.000e-05
Epoch: 0 [2400/10000 (24%)] Loss: 43.38227 = L_Mnfld: 12.70428 + L_NonMnfld: 6.34503 + L_Nrml: 0.00000 + L_Eknl: 18.45651 + L_Div: 0.00000 + L_Morse: 5.87647
Epoch: 0 [2400/10000 (24%)] Unweighted L_s : L_Mnfld: 0.00181,  L_NonMnfld: 0.01058,  L_Nrml: 0.00000,  L_Eknl: 0.36913, L_Morse: 0.67675

Weights: [7000.0, 600.0, 0, 50.0, 0.0, 8.6503], lr=5.000e-05
Epoch: 0 [2410/10000 (24%)] Loss: 37.69855 = L_Mnfld: 7.52173 + L_NonMnfld: 6.28194 + L_Nrml: 0.00000 + L_Eknl: 18.30734 + L_Div: 0.00000 + L_Morse: 5.58755
Epoch: 0 [2410/10000 (24%)] Unweighted L_s : L_Mnfld: 0.00107,  L_NonMnfld: 0.01047,  L_Nrml: 0.00000,  L_Eknl: 0.36615, L_Morse: 0.64594

Weights: [7000.0, 600.0, 0, 50.0, 0.0, 8.6173], lr=5.000e-05
Epoch: 0 [2420/10000 (24%)] Loss: 39.81715 = L_Mnfld: 9.23318 + L_NonMnfld: 6.29622 + L_Nrml: 0.00000 + L_Eknl: 18.65544 + L_Div: 0.00000 + L_Morse: 5.63231
Epoch: 0 [2420/10000 (24%)] Unweighted L_s : L_Mnfld: 0.00132,  L_NonMnfld: 0.01049,  L_Nrml: 0.00000,  L_Eknl: 0.37311, L_Morse: 0.65360

Weights: [7000.0, 600.0, 0, 50.0, 0.0, 8.5843], lr=5.000e-05
Epoch: 0 [2430/10000 (24%)] Loss: 43.45854 = L_Mnfld: 12.44968 + L_NonMnfld: 7.48603 + L_Nrml: 0.00000 + L_Eknl: 18.24301 + L_Div: 0.00000 + L_Morse: 5.27983
Epoch: 0 [2430/10000 (24%)] Unweighted L_s : L_Mnfld: 0.00178,  L_NonMnfld: 0.01248,  L_Nrml: 0.00000,  L_Eknl: 0.36486, L_Morse: 0.61506

Weights: [7000.0, 600.0, 0, 50.0, 0.0, 8.5513], lr=5.000e-05
Epoch: 0 [2440/10000 (24%)] Loss: 37.86774 = L_Mnfld: 7.80684 + L_NonMnfld: 5.69360 + L_Nrml: 0.00000 + L_Eknl: 18.36894 + L_Div: 0.00000 + L_Morse: 5.99836
Epoch: 0 [2440/10000 (24%)] Unweighted L_s : L_Mnfld: 0.00112,  L_NonMnfld: 0.00949,  L_Nrml: 0.00000,  L_Eknl: 0.36738, L_Morse: 0.70146

Weights: [7000.0, 600.0, 0, 50.0, 0.0, 8.5183], lr=5.000e-05
Epoch: 0 [2450/10000 (24%)] Loss: 39.51447 = L_Mnfld: 9.56745 + L_NonMnfld: 6.28538 + L_Nrml: 0.00000 + L_Eknl: 18.30612 + L_Div: 0.00000 + L_Morse: 5.35552
Epoch: 0 [2450/10000 (24%)] Unweighted L_s : L_Mnfld: 0.00137,  L_NonMnfld: 0.01048,  L_Nrml: 0.00000,  L_Eknl: 0.36612, L_Morse: 0.62871

Weights: [7000.0, 600.0, 0, 50.0, 0.0, 8.4853], lr=5.000e-05
Epoch: 0 [2460/10000 (25%)] Loss: 41.86182 = L_Mnfld: 11.78634 + L_NonMnfld: 6.02408 + L_Nrml: 0.00000 + L_Eknl: 18.34575 + L_Div: 0.00000 + L_Morse: 5.70564
Epoch: 0 [2460/10000 (25%)] Unweighted L_s : L_Mnfld: 0.00168,  L_NonMnfld: 0.01004,  L_Nrml: 0.00000,  L_Eknl: 0.36692, L_Morse: 0.67241

Weights: [7000.0, 600.0, 0, 50.0, 0.0, 8.4523], lr=5.000e-05
Epoch: 0 [2470/10000 (25%)] Loss: 39.13984 = L_Mnfld: 8.53695 + L_NonMnfld: 6.41696 + L_Nrml: 0.00000 + L_Eknl: 18.67707 + L_Div: 0.00000 + L_Morse: 5.50885
Epoch: 0 [2470/10000 (25%)] Unweighted L_s : L_Mnfld: 0.00122,  L_NonMnfld: 0.01069,  L_Nrml: 0.00000,  L_Eknl: 0.37354, L_Morse: 0.65176

Weights: [7000.0, 600.0, 0, 50.0, 0.0, 8.4193], lr=5.000e-05
Epoch: 0 [2480/10000 (25%)] Loss: 40.68017 = L_Mnfld: 10.20691 + L_NonMnfld: 6.44406 + L_Nrml: 0.00000 + L_Eknl: 18.37739 + L_Div: 0.00000 + L_Morse: 5.65180
Epoch: 0 [2480/10000 (25%)] Unweighted L_s : L_Mnfld: 0.00146,  L_NonMnfld: 0.01074,  L_Nrml: 0.00000,  L_Eknl: 0.36755, L_Morse: 0.67129

Weights: [7000.0, 600.0, 0, 50.0, 0.0, 8.3863], lr=5.000e-05
Epoch: 0 [2490/10000 (25%)] Loss: 45.71241 = L_Mnfld: 15.53951 + L_NonMnfld: 6.52742 + L_Nrml: 0.00000 + L_Eknl: 18.18778 + L_Div: 0.00000 + L_Morse: 5.45769
Epoch: 0 [2490/10000 (25%)] Unweighted L_s : L_Mnfld: 0.00222,  L_NonMnfld: 0.01088,  L_Nrml: 0.00000,  L_Eknl: 0.36376, L_Morse: 0.65079

Weights: [7000.0, 600.0, 0, 50.0, 0.0, 8.3533], lr=5.000e-05
Epoch: 0 [2500/10000 (25%)] Loss: 36.99629 = L_Mnfld: 7.16261 + L_NonMnfld: 5.87315 + L_Nrml: 0.00000 + L_Eknl: 18.03696 + L_Div: 0.00000 + L_Morse: 5.92357
Epoch: 0 [2500/10000 (25%)] Unweighted L_s : L_Mnfld: 0.00102,  L_NonMnfld: 0.00979,  L_Nrml: 0.00000,  L_Eknl: 0.36074, L_Morse: 0.70913

Weights: [7000.0, 600.0, 0, 50.0, 0.0, 8.3203], lr=5.000e-05
Epoch: 0 [2510/10000 (25%)] Loss: 40.50644 = L_Mnfld: 9.57700 + L_NonMnfld: 7.38833 + L_Nrml: 0.00000 + L_Eknl: 18.10274 + L_Div: 0.00000 + L_Morse: 5.43837
Epoch: 0 [2510/10000 (25%)] Unweighted L_s : L_Mnfld: 0.00137,  L_NonMnfld: 0.01231,  L_Nrml: 0.00000,  L_Eknl: 0.36205, L_Morse: 0.65363

Weights: [7000.0, 600.0, 0, 50.0, 0.0, 8.2873], lr=5.000e-05
Epoch: 0 [2520/10000 (25%)] Loss: 41.52715 = L_Mnfld: 11.95940 + L_NonMnfld: 6.04862 + L_Nrml: 0.00000 + L_Eknl: 18.16160 + L_Div: 0.00000 + L_Morse: 5.35752
Epoch: 0 [2520/10000 (25%)] Unweighted L_s : L_Mnfld: 0.00171,  L_NonMnfld: 0.01008,  L_Nrml: 0.00000,  L_Eknl: 0.36323, L_Morse: 0.64647

Weights: [7000.0, 600.0, 0, 50.0, 0.0, 8.2543], lr=5.000e-05
Epoch: 0 [2530/10000 (25%)] Loss: 38.56126 = L_Mnfld: 8.20528 + L_NonMnfld: 6.59157 + L_Nrml: 0.00000 + L_Eknl: 18.33479 + L_Div: 0.00000 + L_Morse: 5.42962
Epoch: 0 [2530/10000 (25%)] Unweighted L_s : L_Mnfld: 0.00117,  L_NonMnfld: 0.01099,  L_Nrml: 0.00000,  L_Eknl: 0.36670, L_Morse: 0.65779

Weights: [7000.0, 600.0, 0, 50.0, 0.0, 8.2213], lr=5.000e-05
Epoch: 0 [2540/10000 (25%)] Loss: 40.44464 = L_Mnfld: 10.39210 + L_NonMnfld: 6.60024 + L_Nrml: 0.00000 + L_Eknl: 17.81805 + L_Div: 0.00000 + L_Morse: 5.63424
Epoch: 0 [2540/10000 (25%)] Unweighted L_s : L_Mnfld: 0.00148,  L_NonMnfld: 0.01100,  L_Nrml: 0.00000,  L_Eknl: 0.35636, L_Morse: 0.68532

Weights: [7000.0, 600.0, 0, 50.0, 0.0, 8.1883], lr=5.000e-05
Epoch: 0 [2550/10000 (26%)] Loss: 46.27105 = L_Mnfld: 16.37836 + L_NonMnfld: 6.42899 + L_Nrml: 0.00000 + L_Eknl: 17.64514 + L_Div: 0.00000 + L_Morse: 5.81856
Epoch: 0 [2550/10000 (26%)] Unweighted L_s : L_Mnfld: 0.00234,  L_NonMnfld: 0.01071,  L_Nrml: 0.00000,  L_Eknl: 0.35290, L_Morse: 0.71059

Weights: [7000.0, 600.0, 0, 50.0, 0.0, 8.1553], lr=5.000e-05
Epoch: 0 [2560/10000 (26%)] Loss: 54.65670 = L_Mnfld: 23.67661 + L_NonMnfld: 6.08336 + L_Nrml: 0.00000 + L_Eknl: 18.66177 + L_Div: 0.00000 + L_Morse: 6.23495
Epoch: 0 [2560/10000 (26%)] Unweighted L_s : L_Mnfld: 0.00338,  L_NonMnfld: 0.01014,  L_Nrml: 0.00000,  L_Eknl: 0.37324, L_Morse: 0.76453

Weights: [7000.0, 600.0, 0, 50.0, 0.0, 8.1223], lr=5.000e-05
Epoch: 0 [2570/10000 (26%)] Loss: 50.15449 = L_Mnfld: 15.56412 + L_NonMnfld: 7.04587 + L_Nrml: 0.00000 + L_Eknl: 21.61200 + L_Div: 0.00000 + L_Morse: 5.93250
Epoch: 0 [2570/10000 (26%)] Unweighted L_s : L_Mnfld: 0.00222,  L_NonMnfld: 0.01174,  L_Nrml: 0.00000,  L_Eknl: 0.43224, L_Morse: 0.73040

Weights: [7000.0, 600.0, 0, 50.0, 0.0, 8.0893], lr=5.000e-05
Epoch: 0 [2580/10000 (26%)] Loss: 52.68956 = L_Mnfld: 18.18244 + L_NonMnfld: 6.56346 + L_Nrml: 0.00000 + L_Eknl: 21.19402 + L_Div: 0.00000 + L_Morse: 6.74964
Epoch: 0 [2580/10000 (26%)] Unweighted L_s : L_Mnfld: 0.00260,  L_NonMnfld: 0.01094,  L_Nrml: 0.00000,  L_Eknl: 0.42388, L_Morse: 0.83439

Weights: [7000.0, 600.0, 0, 50.0, 0.0, 8.0563], lr=5.000e-05
Epoch: 0 [2590/10000 (26%)] Loss: 52.19207 = L_Mnfld: 17.17219 + L_NonMnfld: 6.53639 + L_Nrml: 0.00000 + L_Eknl: 21.58758 + L_Div: 0.00000 + L_Morse: 6.89591
Epoch: 0 [2590/10000 (26%)] Unweighted L_s : L_Mnfld: 0.00245,  L_NonMnfld: 0.01089,  L_Nrml: 0.00000,  L_Eknl: 0.43175, L_Morse: 0.85596

Weights: [7000.0, 600.0, 0, 50.0, 0.0, 8.023299999999999], lr=5.000e-05
Epoch: 0 [2600/10000 (26%)] Loss: 45.73352 = L_Mnfld: 12.05892 + L_NonMnfld: 6.70733 + L_Nrml: 0.00000 + L_Eknl: 21.03513 + L_Div: 0.00000 + L_Morse: 5.93215
Epoch: 0 [2600/10000 (26%)] Unweighted L_s : L_Mnfld: 0.00172,  L_NonMnfld: 0.01118,  L_Nrml: 0.00000,  L_Eknl: 0.42070, L_Morse: 0.73937

Weights: [7000.0, 600.0, 0, 50.0, 0.0, 7.9902999999999995], lr=5.000e-05
Epoch: 0 [2610/10000 (26%)] Loss: 43.48479 = L_Mnfld: 11.66250 + L_NonMnfld: 5.90099 + L_Nrml: 0.00000 + L_Eknl: 19.84336 + L_Div: 0.00000 + L_Morse: 6.07795
Epoch: 0 [2610/10000 (26%)] Unweighted L_s : L_Mnfld: 0.00167,  L_NonMnfld: 0.00983,  L_Nrml: 0.00000,  L_Eknl: 0.39687, L_Morse: 0.76067

Weights: [7000.0, 600.0, 0, 50.0, 0.0, 7.9573], lr=5.000e-05
Epoch: 0 [2620/10000 (26%)] Loss: 42.00184 = L_Mnfld: 10.85067 + L_NonMnfld: 5.83567 + L_Nrml: 0.00000 + L_Eknl: 19.59766 + L_Div: 0.00000 + L_Morse: 5.71783
Epoch: 0 [2620/10000 (26%)] Unweighted L_s : L_Mnfld: 0.00155,  L_NonMnfld: 0.00973,  L_Nrml: 0.00000,  L_Eknl: 0.39195, L_Morse: 0.71856

Weights: [7000.0, 600.0, 0, 50.0, 0.0, 7.9243], lr=5.000e-05
Epoch: 0 [2630/10000 (26%)] Loss: 42.49535 = L_Mnfld: 11.11296 + L_NonMnfld: 6.36695 + L_Nrml: 0.00000 + L_Eknl: 19.16405 + L_Div: 0.00000 + L_Morse: 5.85139
Epoch: 0 [2630/10000 (26%)] Unweighted L_s : L_Mnfld: 0.00159,  L_NonMnfld: 0.01061,  L_Nrml: 0.00000,  L_Eknl: 0.38328, L_Morse: 0.73841

Weights: [7000.0, 600.0, 0, 50.0, 0.0, 7.891299999999999], lr=5.000e-05
Epoch: 0 [2640/10000 (26%)] Loss: 40.63685 = L_Mnfld: 9.74133 + L_NonMnfld: 6.26523 + L_Nrml: 0.00000 + L_Eknl: 18.94372 + L_Div: 0.00000 + L_Morse: 5.68657
Epoch: 0 [2640/10000 (26%)] Unweighted L_s : L_Mnfld: 0.00139,  L_NonMnfld: 0.01044,  L_Nrml: 0.00000,  L_Eknl: 0.37887, L_Morse: 0.72061

Weights: [7000.0, 600.0, 0, 50.0, 0.0, 7.8583], lr=5.000e-05
Epoch: 0 [2650/10000 (26%)] Loss: 41.56283 = L_Mnfld: 9.27995 + L_NonMnfld: 7.62672 + L_Nrml: 0.00000 + L_Eknl: 19.09101 + L_Div: 0.00000 + L_Morse: 5.56516
Epoch: 0 [2650/10000 (26%)] Unweighted L_s : L_Mnfld: 0.00133,  L_NonMnfld: 0.01271,  L_Nrml: 0.00000,  L_Eknl: 0.38182, L_Morse: 0.70819

Weights: [7000.0, 600.0, 0, 50.0, 0.0, 7.8252999999999995], lr=5.000e-05
Epoch: 0 [2660/10000 (27%)] Loss: 41.63239 = L_Mnfld: 9.71507 + L_NonMnfld: 7.37503 + L_Nrml: 0.00000 + L_Eknl: 18.94173 + L_Div: 0.00000 + L_Morse: 5.60056
Epoch: 0 [2660/10000 (27%)] Unweighted L_s : L_Mnfld: 0.00139,  L_NonMnfld: 0.01229,  L_Nrml: 0.00000,  L_Eknl: 0.37883, L_Morse: 0.71570

Weights: [7000.0, 600.0, 0, 50.0, 0.0, 7.792299999999999], lr=5.000e-05
Epoch: 0 [2670/10000 (27%)] Loss: 40.08150 = L_Mnfld: 9.65433 + L_NonMnfld: 6.44722 + L_Nrml: 0.00000 + L_Eknl: 18.31479 + L_Div: 0.00000 + L_Morse: 5.66515
Epoch: 0 [2670/10000 (27%)] Unweighted L_s : L_Mnfld: 0.00138,  L_NonMnfld: 0.01075,  L_Nrml: 0.00000,  L_Eknl: 0.36630, L_Morse: 0.72702

Weights: [7000.0, 600.0, 0, 50.0, 0.0, 7.7593], lr=5.000e-05
Epoch: 0 [2680/10000 (27%)] Loss: 39.45788 = L_Mnfld: 8.99050 + L_NonMnfld: 6.47824 + L_Nrml: 0.00000 + L_Eknl: 18.46801 + L_Div: 0.00000 + L_Morse: 5.52113
Epoch: 0 [2680/10000 (27%)] Unweighted L_s : L_Mnfld: 0.00128,  L_NonMnfld: 0.01080,  L_Nrml: 0.00000,  L_Eknl: 0.36936, L_Morse: 0.71155

Weights: [7000.0, 600.0, 0, 50.0, 0.0, 7.726300000000001], lr=5.000e-05
Epoch: 0 [2690/10000 (27%)] Loss: 40.60085 = L_Mnfld: 10.65849 + L_NonMnfld: 5.98466 + L_Nrml: 0.00000 + L_Eknl: 18.66130 + L_Div: 0.00000 + L_Morse: 5.29640
Epoch: 0 [2690/10000 (27%)] Unweighted L_s : L_Mnfld: 0.00152,  L_NonMnfld: 0.00997,  L_Nrml: 0.00000,  L_Eknl: 0.37323, L_Morse: 0.68550

Weights: [7000.0, 600.0, 0, 50.0, 0.0, 7.693300000000001], lr=5.000e-05
Epoch: 0 [2700/10000 (27%)] Loss: 41.26318 = L_Mnfld: 10.55360 + L_NonMnfld: 6.63501 + L_Nrml: 0.00000 + L_Eknl: 18.74888 + L_Div: 0.00000 + L_Morse: 5.32569
Epoch: 0 [2700/10000 (27%)] Unweighted L_s : L_Mnfld: 0.00151,  L_NonMnfld: 0.01106,  L_Nrml: 0.00000,  L_Eknl: 0.37498, L_Morse: 0.69225

Weights: [7000.0, 600.0, 0, 50.0, 0.0, 7.660300000000001], lr=5.000e-05
Epoch: 0 [2710/10000 (27%)] Loss: 39.90075 = L_Mnfld: 9.45872 + L_NonMnfld: 6.06359 + L_Nrml: 0.00000 + L_Eknl: 18.60600 + L_Div: 0.00000 + L_Morse: 5.77243
Epoch: 0 [2710/10000 (27%)] Unweighted L_s : L_Mnfld: 0.00135,  L_NonMnfld: 0.01011,  L_Nrml: 0.00000,  L_Eknl: 0.37212, L_Morse: 0.75355

Weights: [7000.0, 600.0, 0, 50.0, 0.0, 7.627300000000001], lr=5.000e-05
Epoch: 0 [2720/10000 (27%)] Loss: 41.50079 = L_Mnfld: 10.88660 + L_NonMnfld: 5.99352 + L_Nrml: 0.00000 + L_Eknl: 19.17216 + L_Div: 0.00000 + L_Morse: 5.44852
Epoch: 0 [2720/10000 (27%)] Unweighted L_s : L_Mnfld: 0.00156,  L_NonMnfld: 0.00999,  L_Nrml: 0.00000,  L_Eknl: 0.38344, L_Morse: 0.71434

Weights: [7000.0, 600.0, 0, 50.0, 0.0, 7.5943000000000005], lr=5.000e-05
Epoch: 0 [2730/10000 (27%)] Loss: 41.91084 = L_Mnfld: 11.33687 + L_NonMnfld: 5.97288 + L_Nrml: 0.00000 + L_Eknl: 18.75224 + L_Div: 0.00000 + L_Morse: 5.84884
Epoch: 0 [2730/10000 (27%)] Unweighted L_s : L_Mnfld: 0.00162,  L_NonMnfld: 0.00995,  L_Nrml: 0.00000,  L_Eknl: 0.37504, L_Morse: 0.77016

Weights: [7000.0, 600.0, 0, 50.0, 0.0, 7.561300000000001], lr=5.000e-05
Epoch: 0 [2740/10000 (27%)] Loss: 40.93179 = L_Mnfld: 10.37551 + L_NonMnfld: 6.25929 + L_Nrml: 0.00000 + L_Eknl: 18.57356 + L_Div: 0.00000 + L_Morse: 5.72342
Epoch: 0 [2740/10000 (27%)] Unweighted L_s : L_Mnfld: 0.00148,  L_NonMnfld: 0.01043,  L_Nrml: 0.00000,  L_Eknl: 0.37147, L_Morse: 0.75694

Weights: [7000.0, 600.0, 0, 50.0, 0.0, 7.5283000000000015], lr=5.000e-05
Epoch: 0 [2750/10000 (28%)] Loss: 39.60732 = L_Mnfld: 9.76857 + L_NonMnfld: 6.12150 + L_Nrml: 0.00000 + L_Eknl: 18.18795 + L_Div: 0.00000 + L_Morse: 5.52930
Epoch: 0 [2750/10000 (28%)] Unweighted L_s : L_Mnfld: 0.00140,  L_NonMnfld: 0.01020,  L_Nrml: 0.00000,  L_Eknl: 0.36376, L_Morse: 0.73447

Weights: [7000.0, 600.0, 0, 50.0, 0.0, 7.4953], lr=5.000e-05
Epoch: 0 [2760/10000 (28%)] Loss: 39.27914 = L_Mnfld: 9.12030 + L_NonMnfld: 5.95933 + L_Nrml: 0.00000 + L_Eknl: 18.58986 + L_Div: 0.00000 + L_Morse: 5.60965
Epoch: 0 [2760/10000 (28%)] Unweighted L_s : L_Mnfld: 0.00130,  L_NonMnfld: 0.00993,  L_Nrml: 0.00000,  L_Eknl: 0.37180, L_Morse: 0.74842

Weights: [7000.0, 600.0, 0, 50.0, 0.0, 7.462300000000001], lr=5.000e-05
Epoch: 0 [2770/10000 (28%)] Loss: 41.85120 = L_Mnfld: 11.55125 + L_NonMnfld: 6.21342 + L_Nrml: 0.00000 + L_Eknl: 18.35141 + L_Div: 0.00000 + L_Morse: 5.73511
Epoch: 0 [2770/10000 (28%)] Unweighted L_s : L_Mnfld: 0.00165,  L_NonMnfld: 0.01036,  L_Nrml: 0.00000,  L_Eknl: 0.36703, L_Morse: 0.76855

Weights: [7000.0, 600.0, 0, 50.0, 0.0, 7.429300000000001], lr=5.000e-05
Epoch: 0 [2780/10000 (28%)] Loss: 41.93966 = L_Mnfld: 11.56192 + L_NonMnfld: 5.95078 + L_Nrml: 0.00000 + L_Eknl: 18.66802 + L_Div: 0.00000 + L_Morse: 5.75893
Epoch: 0 [2780/10000 (28%)] Unweighted L_s : L_Mnfld: 0.00165,  L_NonMnfld: 0.00992,  L_Nrml: 0.00000,  L_Eknl: 0.37336, L_Morse: 0.77516

Weights: [7000.0, 600.0, 0, 50.0, 0.0, 7.3963], lr=5.000e-05
Epoch: 0 [2790/10000 (28%)] Loss: 52.59988 = L_Mnfld: 17.83263 + L_NonMnfld: 7.19916 + L_Nrml: 0.00000 + L_Eknl: 21.52410 + L_Div: 0.00000 + L_Morse: 6.04399
Epoch: 0 [2790/10000 (28%)] Unweighted L_s : L_Mnfld: 0.00255,  L_NonMnfld: 0.01200,  L_Nrml: 0.00000,  L_Eknl: 0.43048, L_Morse: 0.81716

Weights: [7000.0, 600.0, 0, 50.0, 0.0, 7.363300000000001], lr=5.000e-05
Epoch: 0 [2800/10000 (28%)] Loss: 49.03729 = L_Mnfld: 17.90078 + L_NonMnfld: 5.77218 + L_Nrml: 0.00000 + L_Eknl: 18.53405 + L_Div: 0.00000 + L_Morse: 6.83029
Epoch: 0 [2800/10000 (28%)] Unweighted L_s : L_Mnfld: 0.00256,  L_NonMnfld: 0.00962,  L_Nrml: 0.00000,  L_Eknl: 0.37068, L_Morse: 0.92761

Weights: [7000.0, 600.0, 0, 50.0, 0.0, 7.330300000000001], lr=5.000e-05
Epoch: 0 [2810/10000 (28%)] Loss: 43.59119 = L_Mnfld: 11.52277 + L_NonMnfld: 6.57668 + L_Nrml: 0.00000 + L_Eknl: 19.20597 + L_Div: 0.00000 + L_Morse: 6.28578
Epoch: 0 [2810/10000 (28%)] Unweighted L_s : L_Mnfld: 0.00165,  L_NonMnfld: 0.01096,  L_Nrml: 0.00000,  L_Eknl: 0.38412, L_Morse: 0.85751

Weights: [7000.0, 600.0, 0, 50.0, 0.0, 7.2973], lr=5.000e-05
Epoch: 0 [2820/10000 (28%)] Loss: 43.74893 = L_Mnfld: 12.96560 + L_NonMnfld: 6.15134 + L_Nrml: 0.00000 + L_Eknl: 18.79360 + L_Div: 0.00000 + L_Morse: 5.83838
Epoch: 0 [2820/10000 (28%)] Unweighted L_s : L_Mnfld: 0.00185,  L_NonMnfld: 0.01025,  L_Nrml: 0.00000,  L_Eknl: 0.37587, L_Morse: 0.80007

Weights: [7000.0, 600.0, 0, 50.0, 0.0, 7.2643], lr=5.000e-05
Epoch: 0 [2830/10000 (28%)] Loss: 44.96692 = L_Mnfld: 11.77756 + L_NonMnfld: 6.29006 + L_Nrml: 0.00000 + L_Eknl: 21.65193 + L_Div: 0.00000 + L_Morse: 5.24737
Epoch: 0 [2830/10000 (28%)] Unweighted L_s : L_Mnfld: 0.00168,  L_NonMnfld: 0.01048,  L_Nrml: 0.00000,  L_Eknl: 0.43304, L_Morse: 0.72235

Weights: [7000.0, 600.0, 0, 50.0, 0.0, 7.231300000000001], lr=5.000e-05
Epoch: 0 [2840/10000 (28%)] Loss: 52.68379 = L_Mnfld: 17.65230 + L_NonMnfld: 6.45867 + L_Nrml: 0.00000 + L_Eknl: 22.49487 + L_Div: 0.00000 + L_Morse: 6.07794
Epoch: 0 [2840/10000 (28%)] Unweighted L_s : L_Mnfld: 0.00252,  L_NonMnfld: 0.01076,  L_Nrml: 0.00000,  L_Eknl: 0.44990, L_Morse: 0.84050

Weights: [7000.0, 600.0, 0, 50.0, 0.0, 7.198300000000001], lr=5.000e-05
Epoch: 0 [2850/10000 (28%)] Loss: 52.23882 = L_Mnfld: 17.10745 + L_NonMnfld: 6.35306 + L_Nrml: 0.00000 + L_Eknl: 22.50007 + L_Div: 0.00000 + L_Morse: 6.27823
Epoch: 0 [2850/10000 (28%)] Unweighted L_s : L_Mnfld: 0.00244,  L_NonMnfld: 0.01059,  L_Nrml: 0.00000,  L_Eknl: 0.45000, L_Morse: 0.87218

Weights: [7000.0, 600.0, 0, 50.0, 0.0, 7.1653], lr=5.000e-05
Epoch: 0 [2860/10000 (29%)] Loss: 52.80992 = L_Mnfld: 17.93550 + L_NonMnfld: 6.98798 + L_Nrml: 0.00000 + L_Eknl: 21.36301 + L_Div: 0.00000 + L_Morse: 6.52343
Epoch: 0 [2860/10000 (29%)] Unweighted L_s : L_Mnfld: 0.00256,  L_NonMnfld: 0.01165,  L_Nrml: 0.00000,  L_Eknl: 0.42726, L_Morse: 0.91042

Weights: [7000.0, 600.0, 0, 50.0, 0.0, 7.132300000000001], lr=5.000e-05
Epoch: 0 [2870/10000 (29%)] Loss: 44.94788 = L_Mnfld: 11.43671 + L_NonMnfld: 6.85691 + L_Nrml: 0.00000 + L_Eknl: 20.13809 + L_Div: 0.00000 + L_Morse: 6.51616
Epoch: 0 [2870/10000 (29%)] Unweighted L_s : L_Mnfld: 0.00163,  L_NonMnfld: 0.01143,  L_Nrml: 0.00000,  L_Eknl: 0.40276, L_Morse: 0.91361

Weights: [7000.0, 600.0, 0, 50.0, 0.0, 7.0993], lr=5.000e-05
Epoch: 0 [2880/10000 (29%)] Loss: 40.54836 = L_Mnfld: 9.24876 + L_NonMnfld: 5.96311 + L_Nrml: 0.00000 + L_Eknl: 19.63407 + L_Div: 0.00000 + L_Morse: 5.70242
Epoch: 0 [2880/10000 (29%)] Unweighted L_s : L_Mnfld: 0.00132,  L_NonMnfld: 0.00994,  L_Nrml: 0.00000,  L_Eknl: 0.39268, L_Morse: 0.80324

Weights: [7000.0, 600.0, 0, 50.0, 0.0, 7.0663], lr=5.000e-05
Epoch: 0 [2890/10000 (29%)] Loss: 38.54065 = L_Mnfld: 7.31743 + L_NonMnfld: 6.46861 + L_Nrml: 0.00000 + L_Eknl: 19.40570 + L_Div: 0.00000 + L_Morse: 5.34892
Epoch: 0 [2890/10000 (29%)] Unweighted L_s : L_Mnfld: 0.00105,  L_NonMnfld: 0.01078,  L_Nrml: 0.00000,  L_Eknl: 0.38811, L_Morse: 0.75696

Weights: [7000.0, 600.0, 0, 50.0, 0.0, 7.0333000000000006], lr=5.000e-05
Epoch: 0 [2900/10000 (29%)] Loss: 36.96621 = L_Mnfld: 7.54992 + L_NonMnfld: 5.78669 + L_Nrml: 0.00000 + L_Eknl: 18.52708 + L_Div: 0.00000 + L_Morse: 5.10252
Epoch: 0 [2900/10000 (29%)] Unweighted L_s : L_Mnfld: 0.00108,  L_NonMnfld: 0.00964,  L_Nrml: 0.00000,  L_Eknl: 0.37054, L_Morse: 0.72548

Weights: [7000.0, 600.0, 0, 50.0, 0.0, 7.0003], lr=5.000e-05
Epoch: 0 [2910/10000 (29%)] Loss: 36.15630 = L_Mnfld: 6.89822 + L_NonMnfld: 5.77816 + L_Nrml: 0.00000 + L_Eknl: 18.30702 + L_Div: 0.00000 + L_Morse: 5.17288
Epoch: 0 [2910/10000 (29%)] Unweighted L_s : L_Mnfld: 0.00099,  L_NonMnfld: 0.00963,  L_Nrml: 0.00000,  L_Eknl: 0.36614, L_Morse: 0.73895

Weights: [7000.0, 600.0, 0, 50.0, 0.0, 6.9673], lr=5.000e-05
Epoch: 0 [2920/10000 (29%)] Loss: 38.21590 = L_Mnfld: 7.63887 + L_NonMnfld: 6.82545 + L_Nrml: 0.00000 + L_Eknl: 18.37471 + L_Div: 0.00000 + L_Morse: 5.37688
Epoch: 0 [2920/10000 (29%)] Unweighted L_s : L_Mnfld: 0.00109,  L_NonMnfld: 0.01138,  L_Nrml: 0.00000,  L_Eknl: 0.36749, L_Morse: 0.77173

Weights: [7000.0, 600.0, 0, 50.0, 0.0, 6.9343], lr=5.000e-05
Epoch: 0 [2930/10000 (29%)] Loss: 41.18873 = L_Mnfld: 11.10885 + L_NonMnfld: 6.40579 + L_Nrml: 0.00000 + L_Eknl: 18.62162 + L_Div: 0.00000 + L_Morse: 5.05247
Epoch: 0 [2930/10000 (29%)] Unweighted L_s : L_Mnfld: 0.00159,  L_NonMnfld: 0.01068,  L_Nrml: 0.00000,  L_Eknl: 0.37243, L_Morse: 0.72862

Weights: [7000.0, 600.0, 0, 50.0, 0.0, 6.901300000000001], lr=5.000e-05
Epoch: 0 [2940/10000 (29%)] Loss: 58.91257 = L_Mnfld: 26.04570 + L_NonMnfld: 6.39651 + L_Nrml: 0.00000 + L_Eknl: 20.90663 + L_Div: 0.00000 + L_Morse: 5.56372
Epoch: 0 [2940/10000 (29%)] Unweighted L_s : L_Mnfld: 0.00372,  L_NonMnfld: 0.01066,  L_Nrml: 0.00000,  L_Eknl: 0.41813, L_Morse: 0.80618

Weights: [7000.0, 600.0, 0, 50.0, 0.0, 6.8683000000000005], lr=5.000e-05
Epoch: 0 [2950/10000 (30%)] Loss: 65.46371 = L_Mnfld: 28.77218 + L_NonMnfld: 6.92463 + L_Nrml: 0.00000 + L_Eknl: 23.49998 + L_Div: 0.00000 + L_Morse: 6.26690
Epoch: 0 [2950/10000 (30%)] Unweighted L_s : L_Mnfld: 0.00411,  L_NonMnfld: 0.01154,  L_Nrml: 0.00000,  L_Eknl: 0.47000, L_Morse: 0.91244

Weights: [7000.0, 600.0, 0, 50.0, 0.0, 6.8353], lr=5.000e-05
Epoch: 0 [2960/10000 (30%)] Loss: 62.33838 = L_Mnfld: 24.26822 + L_NonMnfld: 7.47524 + L_Nrml: 0.00000 + L_Eknl: 23.74714 + L_Div: 0.00000 + L_Morse: 6.84778
Epoch: 0 [2960/10000 (30%)] Unweighted L_s : L_Mnfld: 0.00347,  L_NonMnfld: 0.01246,  L_Nrml: 0.00000,  L_Eknl: 0.47494, L_Morse: 1.00183

Weights: [7000.0, 600.0, 0, 50.0, 0.0, 6.802300000000001], lr=5.000e-05
Epoch: 0 [2970/10000 (30%)] Loss: 54.47284 = L_Mnfld: 17.27892 + L_NonMnfld: 6.87729 + L_Nrml: 0.00000 + L_Eknl: 24.13760 + L_Div: 0.00000 + L_Morse: 6.17903
Epoch: 0 [2970/10000 (30%)] Unweighted L_s : L_Mnfld: 0.00247,  L_NonMnfld: 0.01146,  L_Nrml: 0.00000,  L_Eknl: 0.48275, L_Morse: 0.90837

Weights: [7000.0, 600.0, 0, 50.0, 0.0, 6.7693], lr=5.000e-05
Epoch: 0 [2980/10000 (30%)] Loss: 47.33182 = L_Mnfld: 14.48965 + L_NonMnfld: 6.20715 + L_Nrml: 0.00000 + L_Eknl: 21.01051 + L_Div: 0.00000 + L_Morse: 5.62451
Epoch: 0 [2980/10000 (30%)] Unweighted L_s : L_Mnfld: 0.00207,  L_NonMnfld: 0.01035,  L_Nrml: 0.00000,  L_Eknl: 0.42021, L_Morse: 0.83089

Weights: [7000.0, 600.0, 0, 50.0, 0.0, 6.7363], lr=5.000e-05
Epoch: 0 [2990/10000 (30%)] Loss: 43.27628 = L_Mnfld: 11.53002 + L_NonMnfld: 5.78919 + L_Nrml: 0.00000 + L_Eknl: 20.39706 + L_Div: 0.00000 + L_Morse: 5.56001
Epoch: 0 [2990/10000 (30%)] Unweighted L_s : L_Mnfld: 0.00165,  L_NonMnfld: 0.00965,  L_Nrml: 0.00000,  L_Eknl: 0.40794, L_Morse: 0.82538

Weights: [7000.0, 600.0, 0, 50.0, 0.0, 6.7033000000000005], lr=5.000e-05
Epoch: 0 [3000/10000 (30%)] Loss: 41.38527 = L_Mnfld: 10.28776 + L_NonMnfld: 6.35156 + L_Nrml: 0.00000 + L_Eknl: 19.20939 + L_Div: 0.00000 + L_Morse: 5.53656
Epoch: 0 [3000/10000 (30%)] Unweighted L_s : L_Mnfld: 0.00147,  L_NonMnfld: 0.01059,  L_Nrml: 0.00000,  L_Eknl: 0.38419, L_Morse: 0.82595

Weights: [7000.0, 600.0, 0, 50.0, 0.0, 6.6703], lr=5.000e-05
Epoch: 0 [3010/10000 (30%)] Loss: 39.45303 = L_Mnfld: 9.39931 + L_NonMnfld: 5.79844 + L_Nrml: 0.00000 + L_Eknl: 18.88015 + L_Div: 0.00000 + L_Morse: 5.37513
Epoch: 0 [3010/10000 (30%)] Unweighted L_s : L_Mnfld: 0.00134,  L_NonMnfld: 0.00966,  L_Nrml: 0.00000,  L_Eknl: 0.37760, L_Morse: 0.80583

Weights: [7000.0, 600.0, 0, 50.0, 0.0, 6.6373], lr=5.000e-05
Epoch: 0 [3020/10000 (30%)] Loss: 39.11727 = L_Mnfld: 9.68138 + L_NonMnfld: 5.86868 + L_Nrml: 0.00000 + L_Eknl: 18.26245 + L_Div: 0.00000 + L_Morse: 5.30477
Epoch: 0 [3020/10000 (30%)] Unweighted L_s : L_Mnfld: 0.00138,  L_NonMnfld: 0.00978,  L_Nrml: 0.00000,  L_Eknl: 0.36525, L_Morse: 0.79924

Weights: [7000.0, 600.0, 0, 50.0, 0.0, 6.6043], lr=5.000e-05
Epoch: 0 [3030/10000 (30%)] Loss: 39.54223 = L_Mnfld: 9.35784 + L_NonMnfld: 6.14424 + L_Nrml: 0.00000 + L_Eknl: 18.62256 + L_Div: 0.00000 + L_Morse: 5.41759
Epoch: 0 [3030/10000 (30%)] Unweighted L_s : L_Mnfld: 0.00134,  L_NonMnfld: 0.01024,  L_Nrml: 0.00000,  L_Eknl: 0.37245, L_Morse: 0.82031

Weights: [7000.0, 600.0, 0, 50.0, 0.0, 6.5713], lr=5.000e-05
Epoch: 0 [3040/10000 (30%)] Loss: 38.21740 = L_Mnfld: 9.06797 + L_NonMnfld: 5.97512 + L_Nrml: 0.00000 + L_Eknl: 17.68783 + L_Div: 0.00000 + L_Morse: 5.48647
Epoch: 0 [3040/10000 (30%)] Unweighted L_s : L_Mnfld: 0.00130,  L_NonMnfld: 0.00996,  L_Nrml: 0.00000,  L_Eknl: 0.35376, L_Morse: 0.83491

Weights: [7000.0, 600.0, 0, 50.0, 0.0, 6.5383], lr=5.000e-05
Epoch: 0 [3050/10000 (30%)] Loss: 37.95471 = L_Mnfld: 8.77982 + L_NonMnfld: 6.07853 + L_Nrml: 0.00000 + L_Eknl: 17.81382 + L_Div: 0.00000 + L_Morse: 5.28254
Epoch: 0 [3050/10000 (30%)] Unweighted L_s : L_Mnfld: 0.00125,  L_NonMnfld: 0.01013,  L_Nrml: 0.00000,  L_Eknl: 0.35628, L_Morse: 0.80794

Weights: [7000.0, 600.0, 0, 50.0, 0.0, 6.5053], lr=5.000e-05
Epoch: 0 [3060/10000 (31%)] Loss: 37.01899 = L_Mnfld: 8.73779 + L_NonMnfld: 5.59757 + L_Nrml: 0.00000 + L_Eknl: 17.29418 + L_Div: 0.00000 + L_Morse: 5.38944
Epoch: 0 [3060/10000 (31%)] Unweighted L_s : L_Mnfld: 0.00125,  L_NonMnfld: 0.00933,  L_Nrml: 0.00000,  L_Eknl: 0.34588, L_Morse: 0.82847

Weights: [7000.0, 600.0, 0, 50.0, 0.0, 6.4723], lr=5.000e-05
Epoch: 0 [3070/10000 (31%)] Loss: 36.92142 = L_Mnfld: 7.92252 + L_NonMnfld: 6.22693 + L_Nrml: 0.00000 + L_Eknl: 17.78972 + L_Div: 0.00000 + L_Morse: 4.98224
Epoch: 0 [3070/10000 (31%)] Unweighted L_s : L_Mnfld: 0.00113,  L_NonMnfld: 0.01038,  L_Nrml: 0.00000,  L_Eknl: 0.35579, L_Morse: 0.76978

Weights: [7000.0, 600.0, 0, 50.0, 0.0, 6.439299999999999], lr=5.000e-05
Epoch: 0 [3080/10000 (31%)] Loss: 36.56298 = L_Mnfld: 7.84460 + L_NonMnfld: 6.09605 + L_Nrml: 0.00000 + L_Eknl: 17.08369 + L_Div: 0.00000 + L_Morse: 5.53864
Epoch: 0 [3080/10000 (31%)] Unweighted L_s : L_Mnfld: 0.00112,  L_NonMnfld: 0.01016,  L_Nrml: 0.00000,  L_Eknl: 0.34167, L_Morse: 0.86013

Weights: [7000.0, 600.0, 0, 50.0, 0.0, 6.4063], lr=5.000e-05
Epoch: 0 [3090/10000 (31%)] Loss: 36.28523 = L_Mnfld: 7.89677 + L_NonMnfld: 5.75209 + L_Nrml: 0.00000 + L_Eknl: 17.66296 + L_Div: 0.00000 + L_Morse: 4.97342
Epoch: 0 [3090/10000 (31%)] Unweighted L_s : L_Mnfld: 0.00113,  L_NonMnfld: 0.00959,  L_Nrml: 0.00000,  L_Eknl: 0.35326, L_Morse: 0.77633

Weights: [7000.0, 600.0, 0, 50.0, 0.0, 6.3733], lr=5.000e-05
Epoch: 0 [3100/10000 (31%)] Loss: 36.09312 = L_Mnfld: 7.22704 + L_NonMnfld: 6.18817 + L_Nrml: 0.00000 + L_Eknl: 17.33923 + L_Div: 0.00000 + L_Morse: 5.33868
Epoch: 0 [3100/10000 (31%)] Unweighted L_s : L_Mnfld: 0.00103,  L_NonMnfld: 0.01031,  L_Nrml: 0.00000,  L_Eknl: 0.34678, L_Morse: 0.83766

Weights: [7000.0, 600.0, 0, 50.0, 0.0, 6.3403], lr=5.000e-05
Epoch: 0 [3110/10000 (31%)] Loss: 38.08166 = L_Mnfld: 9.24995 + L_NonMnfld: 6.22045 + L_Nrml: 0.00000 + L_Eknl: 17.37753 + L_Div: 0.00000 + L_Morse: 5.23374
Epoch: 0 [3110/10000 (31%)] Unweighted L_s : L_Mnfld: 0.00132,  L_NonMnfld: 0.01037,  L_Nrml: 0.00000,  L_Eknl: 0.34755, L_Morse: 0.82547

Weights: [7000.0, 600.0, 0, 50.0, 0.0, 6.3073], lr=5.000e-05
Epoch: 0 [3120/10000 (31%)] Loss: 37.57038 = L_Mnfld: 10.35738 + L_NonMnfld: 5.25833 + L_Nrml: 0.00000 + L_Eknl: 17.03688 + L_Div: 0.00000 + L_Morse: 4.91780
Epoch: 0 [3120/10000 (31%)] Unweighted L_s : L_Mnfld: 0.00148,  L_NonMnfld: 0.00876,  L_Nrml: 0.00000,  L_Eknl: 0.34074, L_Morse: 0.77970

Weights: [7000.0, 600.0, 0, 50.0, 0.0, 6.2743], lr=5.000e-05
Epoch: 0 [3130/10000 (31%)] Loss: 36.32332 = L_Mnfld: 8.45036 + L_NonMnfld: 5.51699 + L_Nrml: 0.00000 + L_Eknl: 17.19028 + L_Div: 0.00000 + L_Morse: 5.16570
Epoch: 0 [3130/10000 (31%)] Unweighted L_s : L_Mnfld: 0.00121,  L_NonMnfld: 0.00919,  L_Nrml: 0.00000,  L_Eknl: 0.34381, L_Morse: 0.82331

Weights: [7000.0, 600.0, 0, 50.0, 0.0, 6.2413], lr=5.000e-05
Epoch: 0 [3140/10000 (31%)] Loss: 34.72018 = L_Mnfld: 6.78039 + L_NonMnfld: 5.83282 + L_Nrml: 0.00000 + L_Eknl: 16.75276 + L_Div: 0.00000 + L_Morse: 5.35422
Epoch: 0 [3140/10000 (31%)] Unweighted L_s : L_Mnfld: 0.00097,  L_NonMnfld: 0.00972,  L_Nrml: 0.00000,  L_Eknl: 0.33506, L_Morse: 0.85787

Weights: [7000.0, 600.0, 0, 50.0, 0.0, 6.2082999999999995], lr=5.000e-05
Epoch: 0 [3150/10000 (32%)] Loss: 36.78744 = L_Mnfld: 7.91709 + L_NonMnfld: 6.47437 + L_Nrml: 0.00000 + L_Eknl: 16.82546 + L_Div: 0.00000 + L_Morse: 5.57051
Epoch: 0 [3150/10000 (32%)] Unweighted L_s : L_Mnfld: 0.00113,  L_NonMnfld: 0.01079,  L_Nrml: 0.00000,  L_Eknl: 0.33651, L_Morse: 0.89727

Weights: [7000.0, 600.0, 0, 50.0, 0.0, 6.1753], lr=5.000e-05
Epoch: 0 [3160/10000 (32%)] Loss: 36.86198 = L_Mnfld: 9.16874 + L_NonMnfld: 5.77211 + L_Nrml: 0.00000 + L_Eknl: 16.56096 + L_Div: 0.00000 + L_Morse: 5.36016
Epoch: 0 [3160/10000 (32%)] Unweighted L_s : L_Mnfld: 0.00131,  L_NonMnfld: 0.00962,  L_Nrml: 0.00000,  L_Eknl: 0.33122, L_Morse: 0.86800

Weights: [7000.0, 600.0, 0, 50.0, 0.0, 6.1423], lr=5.000e-05
Epoch: 0 [3170/10000 (32%)] Loss: 36.40108 = L_Mnfld: 7.43466 + L_NonMnfld: 6.45324 + L_Nrml: 0.00000 + L_Eknl: 16.96077 + L_Div: 0.00000 + L_Morse: 5.55241
Epoch: 0 [3170/10000 (32%)] Unweighted L_s : L_Mnfld: 0.00106,  L_NonMnfld: 0.01076,  L_Nrml: 0.00000,  L_Eknl: 0.33922, L_Morse: 0.90396

Weights: [7000.0, 600.0, 0, 50.0, 0.0, 6.109299999999999], lr=5.000e-05
Epoch: 0 [3180/10000 (32%)] Loss: 36.71244 = L_Mnfld: 9.11313 + L_NonMnfld: 5.53358 + L_Nrml: 0.00000 + L_Eknl: 16.78016 + L_Div: 0.00000 + L_Morse: 5.28557
Epoch: 0 [3180/10000 (32%)] Unweighted L_s : L_Mnfld: 0.00130,  L_NonMnfld: 0.00922,  L_Nrml: 0.00000,  L_Eknl: 0.33560, L_Morse: 0.86517

Weights: [7000.0, 600.0, 0, 50.0, 0.0, 6.0763], lr=5.000e-05
Epoch: 0 [3190/10000 (32%)] Loss: 37.29243 = L_Mnfld: 9.02755 + L_NonMnfld: 6.32033 + L_Nrml: 0.00000 + L_Eknl: 16.52445 + L_Div: 0.00000 + L_Morse: 5.42010
Epoch: 0 [3190/10000 (32%)] Unweighted L_s : L_Mnfld: 0.00129,  L_NonMnfld: 0.01053,  L_Nrml: 0.00000,  L_Eknl: 0.33049, L_Morse: 0.89201

Weights: [7000.0, 600.0, 0, 50.0, 0.0, 6.0432999999999995], lr=5.000e-05
Epoch: 0 [3200/10000 (32%)] Loss: 39.06705 = L_Mnfld: 11.46671 + L_NonMnfld: 5.09287 + L_Nrml: 0.00000 + L_Eknl: 17.25696 + L_Div: 0.00000 + L_Morse: 5.25052
Epoch: 0 [3200/10000 (32%)] Unweighted L_s : L_Mnfld: 0.00164,  L_NonMnfld: 0.00849,  L_Nrml: 0.00000,  L_Eknl: 0.34514, L_Morse: 0.86882

Weights: [7000.0, 600.0, 0, 50.0, 0.0, 6.010299999999999], lr=5.000e-05
Epoch: 0 [3210/10000 (32%)] Loss: 41.51099 = L_Mnfld: 11.43477 + L_NonMnfld: 6.82312 + L_Nrml: 0.00000 + L_Eknl: 17.89554 + L_Div: 0.00000 + L_Morse: 5.35755
Epoch: 0 [3210/10000 (32%)] Unweighted L_s : L_Mnfld: 0.00163,  L_NonMnfld: 0.01137,  L_Nrml: 0.00000,  L_Eknl: 0.35791, L_Morse: 0.89140

Weights: [7000.0, 600.0, 0, 50.0, 0.0, 5.9773], lr=5.000e-05
Epoch: 0 [3220/10000 (32%)] Loss: 38.94396 = L_Mnfld: 10.87079 + L_NonMnfld: 5.46596 + L_Nrml: 0.00000 + L_Eknl: 16.77236 + L_Div: 0.00000 + L_Morse: 5.83486
Epoch: 0 [3220/10000 (32%)] Unweighted L_s : L_Mnfld: 0.00155,  L_NonMnfld: 0.00911,  L_Nrml: 0.00000,  L_Eknl: 0.33545, L_Morse: 0.97617

Weights: [7000.0, 600.0, 0, 50.0, 0.0, 5.944299999999999], lr=5.000e-05
Epoch: 0 [3230/10000 (32%)] Loss: 39.98121 = L_Mnfld: 11.72165 + L_NonMnfld: 5.88250 + L_Nrml: 0.00000 + L_Eknl: 16.65484 + L_Div: 0.00000 + L_Morse: 5.72222
Epoch: 0 [3230/10000 (32%)] Unweighted L_s : L_Mnfld: 0.00167,  L_NonMnfld: 0.00980,  L_Nrml: 0.00000,  L_Eknl: 0.33310, L_Morse: 0.96264

Weights: [7000.0, 600.0, 0, 50.0, 0.0, 5.911299999999999], lr=5.000e-05
Epoch: 0 [3240/10000 (32%)] Loss: 46.73107 = L_Mnfld: 16.36275 + L_NonMnfld: 5.84087 + L_Nrml: 0.00000 + L_Eknl: 18.36275 + L_Div: 0.00000 + L_Morse: 6.16470
Epoch: 0 [3240/10000 (32%)] Unweighted L_s : L_Mnfld: 0.00234,  L_NonMnfld: 0.00973,  L_Nrml: 0.00000,  L_Eknl: 0.36726, L_Morse: 1.04287

Weights: [7000.0, 600.0, 0, 50.0, 0.0, 5.878299999999999], lr=5.000e-05
Epoch: 0 [3250/10000 (32%)] Loss: 44.01450 = L_Mnfld: 13.65717 + L_NonMnfld: 6.75579 + L_Nrml: 0.00000 + L_Eknl: 17.66470 + L_Div: 0.00000 + L_Morse: 5.93684
Epoch: 0 [3250/10000 (32%)] Unweighted L_s : L_Mnfld: 0.00195,  L_NonMnfld: 0.01126,  L_Nrml: 0.00000,  L_Eknl: 0.35329, L_Morse: 1.00996

Weights: [7000.0, 600.0, 0, 50.0, 0.0, 5.845299999999999], lr=5.000e-05
Epoch: 0 [3260/10000 (33%)] Loss: 42.15622 = L_Mnfld: 12.42121 + L_NonMnfld: 5.95262 + L_Nrml: 0.00000 + L_Eknl: 17.59555 + L_Div: 0.00000 + L_Morse: 6.18683
Epoch: 0 [3260/10000 (33%)] Unweighted L_s : L_Mnfld: 0.00177,  L_NonMnfld: 0.00992,  L_Nrml: 0.00000,  L_Eknl: 0.35191, L_Morse: 1.05843

Weights: [7000.0, 600.0, 0, 50.0, 0.0, 5.812299999999999], lr=5.000e-05
Epoch: 0 [3270/10000 (33%)] Loss: 52.45422 = L_Mnfld: 17.10454 + L_NonMnfld: 6.90102 + L_Nrml: 0.00000 + L_Eknl: 22.56629 + L_Div: 0.00000 + L_Morse: 5.88237
Epoch: 0 [3270/10000 (33%)] Unweighted L_s : L_Mnfld: 0.00244,  L_NonMnfld: 0.01150,  L_Nrml: 0.00000,  L_Eknl: 0.45133, L_Morse: 1.01205

Weights: [7000.0, 600.0, 0, 50.0, 0.0, 5.779299999999999], lr=5.000e-05
Epoch: 0 [3280/10000 (33%)] Loss: 53.65263 = L_Mnfld: 18.73425 + L_NonMnfld: 6.49290 + L_Nrml: 0.00000 + L_Eknl: 21.93895 + L_Div: 0.00000 + L_Morse: 6.48653
Epoch: 0 [3280/10000 (33%)] Unweighted L_s : L_Mnfld: 0.00268,  L_NonMnfld: 0.01082,  L_Nrml: 0.00000,  L_Eknl: 0.43878, L_Morse: 1.12237

Weights: [7000.0, 600.0, 0, 50.0, 0.0, 5.746299999999999], lr=5.000e-05
Epoch: 0 [3290/10000 (33%)] Loss: 48.39029 = L_Mnfld: 14.14245 + L_NonMnfld: 6.28792 + L_Nrml: 0.00000 + L_Eknl: 22.22549 + L_Div: 0.00000 + L_Morse: 5.73443
Epoch: 0 [3290/10000 (33%)] Unweighted L_s : L_Mnfld: 0.00202,  L_NonMnfld: 0.01048,  L_Nrml: 0.00000,  L_Eknl: 0.44451, L_Morse: 0.99793

Weights: [7000.0, 600.0, 0, 50.0, 0.0, 5.713299999999999], lr=5.000e-05
Epoch: 0 [3300/10000 (33%)] Loss: 48.99124 = L_Mnfld: 15.34873 + L_NonMnfld: 6.97902 + L_Nrml: 0.00000 + L_Eknl: 20.67488 + L_Div: 0.00000 + L_Morse: 5.98860
Epoch: 0 [3300/10000 (33%)] Unweighted L_s : L_Mnfld: 0.00219,  L_NonMnfld: 0.01163,  L_Nrml: 0.00000,  L_Eknl: 0.41350, L_Morse: 1.04819

Weights: [7000.0, 600.0, 0, 50.0, 0.0, 5.680299999999999], lr=5.000e-05
Epoch: 0 [3310/10000 (33%)] Loss: 46.42996 = L_Mnfld: 14.10188 + L_NonMnfld: 6.16988 + L_Nrml: 0.00000 + L_Eknl: 19.91998 + L_Div: 0.00000 + L_Morse: 6.23822
Epoch: 0 [3310/10000 (33%)] Unweighted L_s : L_Mnfld: 0.00201,  L_NonMnfld: 0.01028,  L_Nrml: 0.00000,  L_Eknl: 0.39840, L_Morse: 1.09822

Weights: [7000.0, 600.0, 0, 50.0, 0.0, 5.6473], lr=5.000e-05
Epoch: 0 [3320/10000 (33%)] Loss: 44.48094 = L_Mnfld: 13.09138 + L_NonMnfld: 6.17316 + L_Nrml: 0.00000 + L_Eknl: 19.77706 + L_Div: 0.00000 + L_Morse: 5.43935
Epoch: 0 [3320/10000 (33%)] Unweighted L_s : L_Mnfld: 0.00187,  L_NonMnfld: 0.01029,  L_Nrml: 0.00000,  L_Eknl: 0.39554, L_Morse: 0.96318

Weights: [7000.0, 600.0, 0, 50.0, 0.0, 5.614300000000001], lr=5.000e-05
Epoch: 0 [3330/10000 (33%)] Loss: 42.76663 = L_Mnfld: 13.56072 + L_NonMnfld: 5.80483 + L_Nrml: 0.00000 + L_Eknl: 17.71758 + L_Div: 0.00000 + L_Morse: 5.68349
Epoch: 0 [3330/10000 (33%)] Unweighted L_s : L_Mnfld: 0.00194,  L_NonMnfld: 0.00967,  L_Nrml: 0.00000,  L_Eknl: 0.35435, L_Morse: 1.01232

Weights: [7000.0, 600.0, 0, 50.0, 0.0, 5.581300000000001], lr=5.000e-05
Epoch: 0 [3340/10000 (33%)] Loss: 39.65226 = L_Mnfld: 10.78087 + L_NonMnfld: 6.21083 + L_Nrml: 0.00000 + L_Eknl: 17.49635 + L_Div: 0.00000 + L_Morse: 5.16421
Epoch: 0 [3340/10000 (33%)] Unweighted L_s : L_Mnfld: 0.00154,  L_NonMnfld: 0.01035,  L_Nrml: 0.00000,  L_Eknl: 0.34993, L_Morse: 0.92527

Weights: [7000.0, 600.0, 0, 50.0, 0.0, 5.5483], lr=5.000e-05
Epoch: 0 [3350/10000 (34%)] Loss: 39.35524 = L_Mnfld: 11.49009 + L_NonMnfld: 5.98128 + L_Nrml: 0.00000 + L_Eknl: 16.65997 + L_Div: 0.00000 + L_Morse: 5.22390
Epoch: 0 [3350/10000 (34%)] Unweighted L_s : L_Mnfld: 0.00164,  L_NonMnfld: 0.00997,  L_Nrml: 0.00000,  L_Eknl: 0.33320, L_Morse: 0.94153

Weights: [7000.0, 600.0, 0, 50.0, 0.0, 5.515300000000001], lr=5.000e-05
Epoch: 0 [3360/10000 (34%)] Loss: 37.43639 = L_Mnfld: 10.19639 + L_NonMnfld: 5.57921 + L_Nrml: 0.00000 + L_Eknl: 16.72900 + L_Div: 0.00000 + L_Morse: 4.93178
Epoch: 0 [3360/10000 (34%)] Unweighted L_s : L_Mnfld: 0.00146,  L_NonMnfld: 0.00930,  L_Nrml: 0.00000,  L_Eknl: 0.33458, L_Morse: 0.89420

Weights: [7000.0, 600.0, 0, 50.0, 0.0, 5.4823], lr=5.000e-05
Epoch: 0 [3370/10000 (34%)] Loss: 46.32048 = L_Mnfld: 16.84781 + L_NonMnfld: 5.94494 + L_Nrml: 0.00000 + L_Eknl: 17.88423 + L_Div: 0.00000 + L_Morse: 5.64350
Epoch: 0 [3370/10000 (34%)] Unweighted L_s : L_Mnfld: 0.00241,  L_NonMnfld: 0.00991,  L_Nrml: 0.00000,  L_Eknl: 0.35768, L_Morse: 1.02940

Weights: [7000.0, 600.0, 0, 50.0, 0.0, 5.4493], lr=5.000e-05
Epoch: 0 [3380/10000 (34%)] Loss: 47.61654 = L_Mnfld: 15.27601 + L_NonMnfld: 6.39685 + L_Nrml: 0.00000 + L_Eknl: 19.76828 + L_Div: 0.00000 + L_Morse: 6.17540
Epoch: 0 [3380/10000 (34%)] Unweighted L_s : L_Mnfld: 0.00218,  L_NonMnfld: 0.01066,  L_Nrml: 0.00000,  L_Eknl: 0.39537, L_Morse: 1.13325

Weights: [7000.0, 600.0, 0, 50.0, 0.0, 5.416300000000001], lr=5.000e-05
Epoch: 0 [3390/10000 (34%)] Loss: 52.85418 = L_Mnfld: 17.71968 + L_NonMnfld: 5.91560 + L_Nrml: 0.00000 + L_Eknl: 24.00506 + L_Div: 0.00000 + L_Morse: 5.21384
Epoch: 0 [3390/10000 (34%)] Unweighted L_s : L_Mnfld: 0.00253,  L_NonMnfld: 0.00986,  L_Nrml: 0.00000,  L_Eknl: 0.48010, L_Morse: 0.96262

Weights: [7000.0, 600.0, 0, 50.0, 0.0, 5.383300000000001], lr=5.000e-05
Epoch: 0 [3400/10000 (34%)] Loss: 51.24266 = L_Mnfld: 15.92504 + L_NonMnfld: 6.66086 + L_Nrml: 0.00000 + L_Eknl: 22.94824 + L_Div: 0.00000 + L_Morse: 5.70852
Epoch: 0 [3400/10000 (34%)] Unweighted L_s : L_Mnfld: 0.00228,  L_NonMnfld: 0.01110,  L_Nrml: 0.00000,  L_Eknl: 0.45896, L_Morse: 1.06041

Weights: [7000.0, 600.0, 0, 50.0, 0.0, 5.350300000000001], lr=5.000e-05
Epoch: 0 [3410/10000 (34%)] Loss: 49.91273 = L_Mnfld: 14.31890 + L_NonMnfld: 7.46243 + L_Nrml: 0.00000 + L_Eknl: 22.68494 + L_Div: 0.00000 + L_Morse: 5.44646
Epoch: 0 [3410/10000 (34%)] Unweighted L_s : L_Mnfld: 0.00205,  L_NonMnfld: 0.01244,  L_Nrml: 0.00000,  L_Eknl: 0.45370, L_Morse: 1.01797

Weights: [7000.0, 600.0, 0, 50.0, 0.0, 5.317300000000001], lr=5.000e-05
Epoch: 0 [3420/10000 (34%)] Loss: 50.05247 = L_Mnfld: 16.44673 + L_NonMnfld: 7.07942 + L_Nrml: 0.00000 + L_Eknl: 21.02688 + L_Div: 0.00000 + L_Morse: 5.49945
Epoch: 0 [3420/10000 (34%)] Unweighted L_s : L_Mnfld: 0.00235,  L_NonMnfld: 0.01180,  L_Nrml: 0.00000,  L_Eknl: 0.42054, L_Morse: 1.03426

Weights: [7000.0, 600.0, 0, 50.0, 0.0, 5.284300000000001], lr=5.000e-05
Epoch: 0 [3430/10000 (34%)] Loss: 46.74848 = L_Mnfld: 13.34262 + L_NonMnfld: 6.35300 + L_Nrml: 0.00000 + L_Eknl: 21.77220 + L_Div: 0.00000 + L_Morse: 5.28066
Epoch: 0 [3430/10000 (34%)] Unweighted L_s : L_Mnfld: 0.00191,  L_NonMnfld: 0.01059,  L_Nrml: 0.00000,  L_Eknl: 0.43544, L_Morse: 0.99931

Weights: [7000.0, 600.0, 0, 50.0, 0.0, 5.2513000000000005], lr=5.000e-05
Epoch: 0 [3440/10000 (34%)] Loss: 48.24619 = L_Mnfld: 14.39313 + L_NonMnfld: 7.01444 + L_Nrml: 0.00000 + L_Eknl: 21.46172 + L_Div: 0.00000 + L_Morse: 5.37690
Epoch: 0 [3440/10000 (34%)] Unweighted L_s : L_Mnfld: 0.00206,  L_NonMnfld: 0.01169,  L_Nrml: 0.00000,  L_Eknl: 0.42923, L_Morse: 1.02392

Weights: [7000.0, 600.0, 0, 50.0, 0.0, 5.218300000000001], lr=5.000e-05
Epoch: 0 [3450/10000 (34%)] Loss: 47.65763 = L_Mnfld: 15.82383 + L_NonMnfld: 6.23463 + L_Nrml: 0.00000 + L_Eknl: 20.00628 + L_Div: 0.00000 + L_Morse: 5.59288
Epoch: 0 [3450/10000 (34%)] Unweighted L_s : L_Mnfld: 0.00226,  L_NonMnfld: 0.01039,  L_Nrml: 0.00000,  L_Eknl: 0.40013, L_Morse: 1.07178

Weights: [7000.0, 600.0, 0, 50.0, 0.0, 5.185300000000001], lr=5.000e-05
Epoch: 0 [3460/10000 (35%)] Loss: 48.69454 = L_Mnfld: 16.82244 + L_NonMnfld: 5.95710 + L_Nrml: 0.00000 + L_Eknl: 20.76825 + L_Div: 0.00000 + L_Morse: 5.14675
Epoch: 0 [3460/10000 (35%)] Unweighted L_s : L_Mnfld: 0.00240,  L_NonMnfld: 0.00993,  L_Nrml: 0.00000,  L_Eknl: 0.41536, L_Morse: 0.99257

Weights: [7000.0, 600.0, 0, 50.0, 0.0, 5.1523], lr=5.000e-05
Epoch: 0 [3470/10000 (35%)] Loss: 49.85182 = L_Mnfld: 19.22637 + L_NonMnfld: 6.26763 + L_Nrml: 0.00000 + L_Eknl: 19.08386 + L_Div: 0.00000 + L_Morse: 5.27396
Epoch: 0 [3470/10000 (35%)] Unweighted L_s : L_Mnfld: 0.00275,  L_NonMnfld: 0.01045,  L_Nrml: 0.00000,  L_Eknl: 0.38168, L_Morse: 1.02361

Weights: [7000.0, 600.0, 0, 50.0, 0.0, 5.119300000000001], lr=5.000e-05
Epoch: 0 [3480/10000 (35%)] Loss: 43.00151 = L_Mnfld: 12.93851 + L_NonMnfld: 5.99577 + L_Nrml: 0.00000 + L_Eknl: 18.74131 + L_Div: 0.00000 + L_Morse: 5.32593
Epoch: 0 [3480/10000 (35%)] Unweighted L_s : L_Mnfld: 0.00185,  L_NonMnfld: 0.00999,  L_Nrml: 0.00000,  L_Eknl: 0.37483, L_Morse: 1.04036

Weights: [7000.0, 600.0, 0, 50.0, 0.0, 5.0863000000000005], lr=5.000e-05
Epoch: 0 [3490/10000 (35%)] Loss: 56.97295 = L_Mnfld: 24.59770 + L_NonMnfld: 5.88925 + L_Nrml: 0.00000 + L_Eknl: 20.27425 + L_Div: 0.00000 + L_Morse: 6.21174
Epoch: 0 [3490/10000 (35%)] Unweighted L_s : L_Mnfld: 0.00351,  L_NonMnfld: 0.00982,  L_Nrml: 0.00000,  L_Eknl: 0.40549, L_Morse: 1.22127

Weights: [7000.0, 600.0, 0, 50.0, 0.0, 5.0533], lr=5.000e-05
Epoch: 0 [3500/10000 (35%)] Loss: 49.82630 = L_Mnfld: 17.86192 + L_NonMnfld: 5.31730 + L_Nrml: 0.00000 + L_Eknl: 20.68263 + L_Div: 0.00000 + L_Morse: 5.96445
Epoch: 0 [3500/10000 (35%)] Unweighted L_s : L_Mnfld: 0.00255,  L_NonMnfld: 0.00886,  L_Nrml: 0.00000,  L_Eknl: 0.41365, L_Morse: 1.18031

Weights: [7000.0, 600.0, 0, 50.0, 0.0, 5.020300000000001], lr=5.000e-05
Epoch: 0 [3510/10000 (35%)] Loss: 43.94267 = L_Mnfld: 11.56930 + L_NonMnfld: 6.42702 + L_Nrml: 0.00000 + L_Eknl: 20.59646 + L_Div: 0.00000 + L_Morse: 5.34989
Epoch: 0 [3510/10000 (35%)] Unweighted L_s : L_Mnfld: 0.00165,  L_NonMnfld: 0.01071,  L_Nrml: 0.00000,  L_Eknl: 0.41193, L_Morse: 1.06565

Weights: [7000.0, 600.0, 0, 50.0, 0.0, 4.9873], lr=5.000e-05
Epoch: 0 [3520/10000 (35%)] Loss: 42.18827 = L_Mnfld: 11.19856 + L_NonMnfld: 5.92912 + L_Nrml: 0.00000 + L_Eknl: 19.68244 + L_Div: 0.00000 + L_Morse: 5.37816
Epoch: 0 [3520/10000 (35%)] Unweighted L_s : L_Mnfld: 0.00160,  L_NonMnfld: 0.00988,  L_Nrml: 0.00000,  L_Eknl: 0.39365, L_Morse: 1.07837

Weights: [7000.0, 600.0, 0, 50.0, 0.0, 4.9543], lr=5.000e-05
Epoch: 0 [3530/10000 (35%)] Loss: 38.78109 = L_Mnfld: 9.70505 + L_NonMnfld: 5.29913 + L_Nrml: 0.00000 + L_Eknl: 18.86980 + L_Div: 0.00000 + L_Morse: 4.90711
Epoch: 0 [3530/10000 (35%)] Unweighted L_s : L_Mnfld: 0.00139,  L_NonMnfld: 0.00883,  L_Nrml: 0.00000,  L_Eknl: 0.37740, L_Morse: 0.99047

Weights: [7000.0, 600.0, 0, 50.0, 0.0, 4.9213000000000005], lr=5.000e-05
Epoch: 0 [3540/10000 (35%)] Loss: 39.56581 = L_Mnfld: 11.09001 + L_NonMnfld: 5.70336 + L_Nrml: 0.00000 + L_Eknl: 17.97741 + L_Div: 0.00000 + L_Morse: 4.79503
Epoch: 0 [3540/10000 (35%)] Unweighted L_s : L_Mnfld: 0.00158,  L_NonMnfld: 0.00951,  L_Nrml: 0.00000,  L_Eknl: 0.35955, L_Morse: 0.97434

Weights: [7000.0, 600.0, 0, 50.0, 0.0, 4.8883], lr=5.000e-05
Epoch: 0 [3550/10000 (36%)] Loss: 38.36972 = L_Mnfld: 10.30883 + L_NonMnfld: 5.42466 + L_Nrml: 0.00000 + L_Eknl: 17.90451 + L_Div: 0.00000 + L_Morse: 4.73171
Epoch: 0 [3550/10000 (36%)] Unweighted L_s : L_Mnfld: 0.00147,  L_NonMnfld: 0.00904,  L_Nrml: 0.00000,  L_Eknl: 0.35809, L_Morse: 0.96797

Weights: [7000.0, 600.0, 0, 50.0, 0.0, 4.8553], lr=5.000e-05
Epoch: 0 [3560/10000 (36%)] Loss: 35.59550 = L_Mnfld: 7.60843 + L_NonMnfld: 5.90102 + L_Nrml: 0.00000 + L_Eknl: 17.15370 + L_Div: 0.00000 + L_Morse: 4.93236
Epoch: 0 [3560/10000 (36%)] Unweighted L_s : L_Mnfld: 0.00109,  L_NonMnfld: 0.00984,  L_Nrml: 0.00000,  L_Eknl: 0.34307, L_Morse: 1.01587

Weights: [7000.0, 600.0, 0, 50.0, 0.0, 4.8223], lr=5.000e-05
Epoch: 0 [3570/10000 (36%)] Loss: 37.91826 = L_Mnfld: 9.97232 + L_NonMnfld: 5.91956 + L_Nrml: 0.00000 + L_Eknl: 17.32043 + L_Div: 0.00000 + L_Morse: 4.70596
Epoch: 0 [3570/10000 (36%)] Unweighted L_s : L_Mnfld: 0.00142,  L_NonMnfld: 0.00987,  L_Nrml: 0.00000,  L_Eknl: 0.34641, L_Morse: 0.97587

Weights: [7000.0, 600.0, 0, 50.0, 0.0, 4.7893], lr=5.000e-05
Epoch: 0 [3580/10000 (36%)] Loss: 38.75278 = L_Mnfld: 12.27135 + L_NonMnfld: 5.02884 + L_Nrml: 0.00000 + L_Eknl: 16.75907 + L_Div: 0.00000 + L_Morse: 4.69352
Epoch: 0 [3580/10000 (36%)] Unweighted L_s : L_Mnfld: 0.00175,  L_NonMnfld: 0.00838,  L_Nrml: 0.00000,  L_Eknl: 0.33518, L_Morse: 0.98000

Weights: [7000.0, 600.0, 0, 50.0, 0.0, 4.7562999999999995], lr=5.000e-05
Epoch: 0 [3590/10000 (36%)] Loss: 38.14107 = L_Mnfld: 10.25960 + L_NonMnfld: 6.40469 + L_Nrml: 0.00000 + L_Eknl: 16.66788 + L_Div: 0.00000 + L_Morse: 4.80890
Epoch: 0 [3590/10000 (36%)] Unweighted L_s : L_Mnfld: 0.00147,  L_NonMnfld: 0.01067,  L_Nrml: 0.00000,  L_Eknl: 0.33336, L_Morse: 1.01106

Weights: [7000.0, 600.0, 0, 50.0, 0.0, 4.7233], lr=5.000e-05
Epoch: 0 [3600/10000 (36%)] Loss: 36.98815 = L_Mnfld: 10.23037 + L_NonMnfld: 5.34123 + L_Nrml: 0.00000 + L_Eknl: 16.52063 + L_Div: 0.00000 + L_Morse: 4.89592
Epoch: 0 [3600/10000 (36%)] Unweighted L_s : L_Mnfld: 0.00146,  L_NonMnfld: 0.00890,  L_Nrml: 0.00000,  L_Eknl: 0.33041, L_Morse: 1.03655

Weights: [7000.0, 600.0, 0, 50.0, 0.0, 4.690300000000001], lr=5.000e-05
Epoch: 0 [3610/10000 (36%)] Loss: 38.94842 = L_Mnfld: 11.65339 + L_NonMnfld: 5.99873 + L_Nrml: 0.00000 + L_Eknl: 16.54427 + L_Div: 0.00000 + L_Morse: 4.75203
Epoch: 0 [3610/10000 (36%)] Unweighted L_s : L_Mnfld: 0.00166,  L_NonMnfld: 0.01000,  L_Nrml: 0.00000,  L_Eknl: 0.33089, L_Morse: 1.01316

Weights: [7000.0, 600.0, 0, 50.0, 0.0, 4.6573], lr=5.000e-05
Epoch: 0 [3620/10000 (36%)] Loss: 35.19884 = L_Mnfld: 8.66368 + L_NonMnfld: 5.65540 + L_Nrml: 0.00000 + L_Eknl: 16.29017 + L_Div: 0.00000 + L_Morse: 4.58959
Epoch: 0 [3620/10000 (36%)] Unweighted L_s : L_Mnfld: 0.00124,  L_NonMnfld: 0.00943,  L_Nrml: 0.00000,  L_Eknl: 0.32580, L_Morse: 0.98546

Weights: [7000.0, 600.0, 0, 50.0, 0.0, 4.6243], lr=5.000e-05
Epoch: 0 [3630/10000 (36%)] Loss: 35.08158 = L_Mnfld: 9.10456 + L_NonMnfld: 5.24484 + L_Nrml: 0.00000 + L_Eknl: 15.98161 + L_Div: 0.00000 + L_Morse: 4.75057
Epoch: 0 [3630/10000 (36%)] Unweighted L_s : L_Mnfld: 0.00130,  L_NonMnfld: 0.00874,  L_Nrml: 0.00000,  L_Eknl: 0.31963, L_Morse: 1.02731

Weights: [7000.0, 600.0, 0, 50.0, 0.0, 4.5913], lr=5.000e-05
Epoch: 0 [3640/10000 (36%)] Loss: 40.77865 = L_Mnfld: 14.44427 + L_NonMnfld: 5.56728 + L_Nrml: 0.00000 + L_Eknl: 15.77433 + L_Div: 0.00000 + L_Morse: 4.99277
Epoch: 0 [3640/10000 (36%)] Unweighted L_s : L_Mnfld: 0.00206,  L_NonMnfld: 0.00928,  L_Nrml: 0.00000,  L_Eknl: 0.31549, L_Morse: 1.08744

Weights: [7000.0, 600.0, 0, 50.0, 0.0, 4.5583], lr=5.000e-05
Epoch: 0 [3650/10000 (36%)] Loss: 34.59544 = L_Mnfld: 7.41506 + L_NonMnfld: 6.11565 + L_Nrml: 0.00000 + L_Eknl: 15.94418 + L_Div: 0.00000 + L_Morse: 5.12055
Epoch: 0 [3650/10000 (36%)] Unweighted L_s : L_Mnfld: 0.00106,  L_NonMnfld: 0.01019,  L_Nrml: 0.00000,  L_Eknl: 0.31888, L_Morse: 1.12335

Weights: [7000.0, 600.0, 0, 50.0, 0.0, 4.5253], lr=5.000e-05
Epoch: 0 [3660/10000 (37%)] Loss: 34.63766 = L_Mnfld: 8.59025 + L_NonMnfld: 5.18252 + L_Nrml: 0.00000 + L_Eknl: 15.82721 + L_Div: 0.00000 + L_Morse: 5.03769
Epoch: 0 [3660/10000 (37%)] Unweighted L_s : L_Mnfld: 0.00123,  L_NonMnfld: 0.00864,  L_Nrml: 0.00000,  L_Eknl: 0.31654, L_Morse: 1.11323

Weights: [7000.0, 600.0, 0, 50.0, 0.0, 4.4923], lr=5.000e-05
Epoch: 0 [3670/10000 (37%)] Loss: 39.12001 = L_Mnfld: 13.04370 + L_NonMnfld: 5.68333 + L_Nrml: 0.00000 + L_Eknl: 15.62322 + L_Div: 0.00000 + L_Morse: 4.76977
Epoch: 0 [3670/10000 (37%)] Unweighted L_s : L_Mnfld: 0.00186,  L_NonMnfld: 0.00947,  L_Nrml: 0.00000,  L_Eknl: 0.31246, L_Morse: 1.06176

Weights: [7000.0, 600.0, 0, 50.0, 0.0, 4.4593], lr=5.000e-05
Epoch: 0 [3680/10000 (37%)] Loss: 33.23608 = L_Mnfld: 7.94862 + L_NonMnfld: 5.05016 + L_Nrml: 0.00000 + L_Eknl: 15.43999 + L_Div: 0.00000 + L_Morse: 4.79732
Epoch: 0 [3680/10000 (37%)] Unweighted L_s : L_Mnfld: 0.00114,  L_NonMnfld: 0.00842,  L_Nrml: 0.00000,  L_Eknl: 0.30880, L_Morse: 1.07580

Weights: [7000.0, 600.0, 0, 50.0, 0.0, 4.4262999999999995], lr=5.000e-05
Epoch: 0 [3690/10000 (37%)] Loss: 36.64445 = L_Mnfld: 10.22817 + L_NonMnfld: 5.75807 + L_Nrml: 0.00000 + L_Eknl: 15.59114 + L_Div: 0.00000 + L_Morse: 5.06707
Epoch: 0 [3690/10000 (37%)] Unweighted L_s : L_Mnfld: 0.00146,  L_NonMnfld: 0.00960,  L_Nrml: 0.00000,  L_Eknl: 0.31182, L_Morse: 1.14476

Weights: [7000.0, 600.0, 0, 50.0, 0.0, 4.3933], lr=5.000e-05
Epoch: 0 [3700/10000 (37%)] Loss: 37.63224 = L_Mnfld: 11.96613 + L_NonMnfld: 5.05203 + L_Nrml: 0.00000 + L_Eknl: 15.51973 + L_Div: 0.00000 + L_Morse: 5.09434
Epoch: 0 [3700/10000 (37%)] Unweighted L_s : L_Mnfld: 0.00171,  L_NonMnfld: 0.00842,  L_Nrml: 0.00000,  L_Eknl: 0.31039, L_Morse: 1.15957

Weights: [7000.0, 600.0, 0, 50.0, 0.0, 4.3603], lr=5.000e-05
Epoch: 0 [3710/10000 (37%)] Loss: 36.67788 = L_Mnfld: 9.67422 + L_NonMnfld: 6.69443 + L_Nrml: 0.00000 + L_Eknl: 15.59329 + L_Div: 0.00000 + L_Morse: 4.71593
Epoch: 0 [3710/10000 (37%)] Unweighted L_s : L_Mnfld: 0.00138,  L_NonMnfld: 0.01116,  L_Nrml: 0.00000,  L_Eknl: 0.31187, L_Morse: 1.08156

Weights: [7000.0, 600.0, 0, 50.0, 0.0, 4.327299999999999], lr=5.000e-05
Epoch: 0 [3720/10000 (37%)] Loss: 34.82545 = L_Mnfld: 9.61817 + L_NonMnfld: 5.38823 + L_Nrml: 0.00000 + L_Eknl: 14.97611 + L_Div: 0.00000 + L_Morse: 4.84293
Epoch: 0 [3720/10000 (37%)] Unweighted L_s : L_Mnfld: 0.00137,  L_NonMnfld: 0.00898,  L_Nrml: 0.00000,  L_Eknl: 0.29952, L_Morse: 1.11916

Weights: [7000.0, 600.0, 0, 50.0, 0.0, 4.2943], lr=5.000e-05
Epoch: 0 [3730/10000 (37%)] Loss: 39.94727 = L_Mnfld: 14.32136 + L_NonMnfld: 5.70134 + L_Nrml: 0.00000 + L_Eknl: 15.23364 + L_Div: 0.00000 + L_Morse: 4.69093
Epoch: 0 [3730/10000 (37%)] Unweighted L_s : L_Mnfld: 0.00205,  L_NonMnfld: 0.00950,  L_Nrml: 0.00000,  L_Eknl: 0.30467, L_Morse: 1.09236

Weights: [7000.0, 600.0, 0, 50.0, 0.0, 4.261299999999999], lr=5.000e-05
Epoch: 0 [3740/10000 (37%)] Loss: 34.33575 = L_Mnfld: 8.03381 + L_NonMnfld: 6.23676 + L_Nrml: 0.00000 + L_Eknl: 15.28980 + L_Div: 0.00000 + L_Morse: 4.77538
Epoch: 0 [3740/10000 (37%)] Unweighted L_s : L_Mnfld: 0.00115,  L_NonMnfld: 0.01039,  L_Nrml: 0.00000,  L_Eknl: 0.30580, L_Morse: 1.12064

Weights: [7000.0, 600.0, 0, 50.0, 0.0, 4.228299999999999], lr=5.000e-05
Epoch: 0 [3750/10000 (38%)] Loss: 35.87542 = L_Mnfld: 10.58387 + L_NonMnfld: 5.27870 + L_Nrml: 0.00000 + L_Eknl: 14.72469 + L_Div: 0.00000 + L_Morse: 5.28816
Epoch: 0 [3750/10000 (38%)] Unweighted L_s : L_Mnfld: 0.00151,  L_NonMnfld: 0.00880,  L_Nrml: 0.00000,  L_Eknl: 0.29449, L_Morse: 1.25066

Weights: [7000.0, 600.0, 0, 50.0, 0.0, 4.1953], lr=5.000e-05
Epoch: 0 [3760/10000 (38%)] Loss: 36.71508 = L_Mnfld: 11.04973 + L_NonMnfld: 5.64265 + L_Nrml: 0.00000 + L_Eknl: 15.02794 + L_Div: 0.00000 + L_Morse: 4.99475
Epoch: 0 [3760/10000 (38%)] Unweighted L_s : L_Mnfld: 0.00158,  L_NonMnfld: 0.00940,  L_Nrml: 0.00000,  L_Eknl: 0.30056, L_Morse: 1.19056

Weights: [7000.0, 600.0, 0, 50.0, 0.0, 4.162299999999999], lr=5.000e-05
Epoch: 0 [3770/10000 (38%)] Loss: 34.54784 = L_Mnfld: 9.37124 + L_NonMnfld: 5.18800 + L_Nrml: 0.00000 + L_Eknl: 15.03208 + L_Div: 0.00000 + L_Morse: 4.95651
Epoch: 0 [3770/10000 (38%)] Unweighted L_s : L_Mnfld: 0.00134,  L_NonMnfld: 0.00865,  L_Nrml: 0.00000,  L_Eknl: 0.30064, L_Morse: 1.19081

Weights: [7000.0, 600.0, 0, 50.0, 0.0, 4.129299999999999], lr=5.000e-05
Epoch: 0 [3780/10000 (38%)] Loss: 35.12656 = L_Mnfld: 9.75354 + L_NonMnfld: 5.46323 + L_Nrml: 0.00000 + L_Eknl: 14.85244 + L_Div: 0.00000 + L_Morse: 5.05735
Epoch: 0 [3780/10000 (38%)] Unweighted L_s : L_Mnfld: 0.00139,  L_NonMnfld: 0.00911,  L_Nrml: 0.00000,  L_Eknl: 0.29705, L_Morse: 1.22475

Weights: [7000.0, 600.0, 0, 50.0, 0.0, 4.096299999999999], lr=5.000e-05
Epoch: 0 [3790/10000 (38%)] Loss: 38.69208 = L_Mnfld: 13.46502 + L_NonMnfld: 5.72999 + L_Nrml: 0.00000 + L_Eknl: 14.60593 + L_Div: 0.00000 + L_Morse: 4.89114
Epoch: 0 [3790/10000 (38%)] Unweighted L_s : L_Mnfld: 0.00192,  L_NonMnfld: 0.00955,  L_Nrml: 0.00000,  L_Eknl: 0.29212, L_Morse: 1.19404

Weights: [7000.0, 600.0, 0, 50.0, 0.0, 4.063299999999999], lr=5.000e-05
Epoch: 0 [3800/10000 (38%)] Loss: 32.42877 = L_Mnfld: 7.66506 + L_NonMnfld: 5.50261 + L_Nrml: 0.00000 + L_Eknl: 14.37653 + L_Div: 0.00000 + L_Morse: 4.88457
Epoch: 0 [3800/10000 (38%)] Unweighted L_s : L_Mnfld: 0.00110,  L_NonMnfld: 0.00917,  L_Nrml: 0.00000,  L_Eknl: 0.28753, L_Morse: 1.20212

Weights: [7000.0, 600.0, 0, 50.0, 0.0, 4.030299999999999], lr=5.000e-05
Epoch: 0 [3810/10000 (38%)] Loss: 33.98765 = L_Mnfld: 9.75140 + L_NonMnfld: 5.00847 + L_Nrml: 0.00000 + L_Eknl: 14.17402 + L_Div: 0.00000 + L_Morse: 5.05376
Epoch: 0 [3810/10000 (38%)] Unweighted L_s : L_Mnfld: 0.00139,  L_NonMnfld: 0.00835,  L_Nrml: 0.00000,  L_Eknl: 0.28348, L_Morse: 1.25394

Weights: [7000.0, 600.0, 0, 50.0, 0.0, 3.9973], lr=5.000e-05
Epoch: 0 [3820/10000 (38%)] Loss: 34.32363 = L_Mnfld: 9.86704 + L_NonMnfld: 5.15724 + L_Nrml: 0.00000 + L_Eknl: 14.23432 + L_Div: 0.00000 + L_Morse: 5.06502
Epoch: 0 [3820/10000 (38%)] Unweighted L_s : L_Mnfld: 0.00141,  L_NonMnfld: 0.00860,  L_Nrml: 0.00000,  L_Eknl: 0.28469, L_Morse: 1.26711

Weights: [7000.0, 600.0, 0, 50.0, 0.0, 3.9642999999999997], lr=5.000e-05
Epoch: 0 [3830/10000 (38%)] Loss: 33.90537 = L_Mnfld: 9.14869 + L_NonMnfld: 5.86690 + L_Nrml: 0.00000 + L_Eknl: 14.03693 + L_Div: 0.00000 + L_Morse: 4.85285
Epoch: 0 [3830/10000 (38%)] Unweighted L_s : L_Mnfld: 0.00131,  L_NonMnfld: 0.00978,  L_Nrml: 0.00000,  L_Eknl: 0.28074, L_Morse: 1.22414

Weights: [7000.0, 600.0, 0, 50.0, 0.0, 3.9312999999999994], lr=5.000e-05
Epoch: 0 [3840/10000 (38%)] Loss: 34.35401 = L_Mnfld: 9.64341 + L_NonMnfld: 5.25568 + L_Nrml: 0.00000 + L_Eknl: 14.61756 + L_Div: 0.00000 + L_Morse: 4.83736
Epoch: 0 [3840/10000 (38%)] Unweighted L_s : L_Mnfld: 0.00138,  L_NonMnfld: 0.00876,  L_Nrml: 0.00000,  L_Eknl: 0.29235, L_Morse: 1.23047

Weights: [7000.0, 600.0, 0, 50.0, 0.0, 3.8983], lr=5.000e-05
Epoch: 0 [3850/10000 (38%)] Loss: 35.83817 = L_Mnfld: 11.03508 + L_NonMnfld: 5.64330 + L_Nrml: 0.00000 + L_Eknl: 14.32635 + L_Div: 0.00000 + L_Morse: 4.83343
Epoch: 0 [3850/10000 (38%)] Unweighted L_s : L_Mnfld: 0.00158,  L_NonMnfld: 0.00941,  L_Nrml: 0.00000,  L_Eknl: 0.28653, L_Morse: 1.23988

Weights: [7000.0, 600.0, 0, 50.0, 0.0, 3.8652999999999995], lr=5.000e-05
Epoch: 0 [3860/10000 (39%)] Loss: 33.80364 = L_Mnfld: 9.15114 + L_NonMnfld: 5.57895 + L_Nrml: 0.00000 + L_Eknl: 14.02346 + L_Div: 0.00000 + L_Morse: 5.05010
Epoch: 0 [3860/10000 (39%)] Unweighted L_s : L_Mnfld: 0.00131,  L_NonMnfld: 0.00930,  L_Nrml: 0.00000,  L_Eknl: 0.28047, L_Morse: 1.30652

Weights: [7000.0, 600.0, 0, 50.0, 0.0, 3.832299999999999], lr=5.000e-05
Epoch: 0 [3870/10000 (39%)] Loss: 35.05338 = L_Mnfld: 10.21826 + L_NonMnfld: 5.73966 + L_Nrml: 0.00000 + L_Eknl: 14.06838 + L_Div: 0.00000 + L_Morse: 5.02707
Epoch: 0 [3870/10000 (39%)] Unweighted L_s : L_Mnfld: 0.00146,  L_NonMnfld: 0.00957,  L_Nrml: 0.00000,  L_Eknl: 0.28137, L_Morse: 1.31176

Weights: [7000.0, 600.0, 0, 50.0, 0.0, 3.7992999999999997], lr=5.000e-05
Epoch: 0 [3880/10000 (39%)] Loss: 36.56456 = L_Mnfld: 12.51048 + L_NonMnfld: 5.36433 + L_Nrml: 0.00000 + L_Eknl: 13.91309 + L_Div: 0.00000 + L_Morse: 4.77667
Epoch: 0 [3880/10000 (39%)] Unweighted L_s : L_Mnfld: 0.00179,  L_NonMnfld: 0.00894,  L_Nrml: 0.00000,  L_Eknl: 0.27826, L_Morse: 1.25725

Weights: [7000.0, 600.0, 0, 50.0, 0.0, 3.7662999999999993], lr=5.000e-05
Epoch: 0 [3890/10000 (39%)] Loss: 30.21019 = L_Mnfld: 6.90551 + L_NonMnfld: 4.76031 + L_Nrml: 0.00000 + L_Eknl: 13.75624 + L_Div: 0.00000 + L_Morse: 4.78812
Epoch: 0 [3890/10000 (39%)] Unweighted L_s : L_Mnfld: 0.00099,  L_NonMnfld: 0.00793,  L_Nrml: 0.00000,  L_Eknl: 0.27512, L_Morse: 1.27131

Weights: [7000.0, 600.0, 0, 50.0, 0.0, 3.733299999999999], lr=5.000e-05
Epoch: 0 [3900/10000 (39%)] Loss: 33.91471 = L_Mnfld: 9.55830 + L_NonMnfld: 5.53830 + L_Nrml: 0.00000 + L_Eknl: 13.93935 + L_Div: 0.00000 + L_Morse: 4.87877
Epoch: 0 [3900/10000 (39%)] Unweighted L_s : L_Mnfld: 0.00137,  L_NonMnfld: 0.00923,  L_Nrml: 0.00000,  L_Eknl: 0.27879, L_Morse: 1.30682

Weights: [7000.0, 600.0, 0, 50.0, 0.0, 3.7002999999999995], lr=5.000e-05
Epoch: 0 [3910/10000 (39%)] Loss: 33.69891 = L_Mnfld: 10.29079 + L_NonMnfld: 4.85201 + L_Nrml: 0.00000 + L_Eknl: 13.62651 + L_Div: 0.00000 + L_Morse: 4.92961
Epoch: 0 [3910/10000 (39%)] Unweighted L_s : L_Mnfld: 0.00147,  L_NonMnfld: 0.00809,  L_Nrml: 0.00000,  L_Eknl: 0.27253, L_Morse: 1.33222

Weights: [7000.0, 600.0, 0, 50.0, 0.0, 3.667299999999999], lr=5.000e-05
Epoch: 0 [3920/10000 (39%)] Loss: 33.35190 = L_Mnfld: 9.35443 + L_NonMnfld: 5.15474 + L_Nrml: 0.00000 + L_Eknl: 13.92074 + L_Div: 0.00000 + L_Morse: 4.92200
Epoch: 0 [3920/10000 (39%)] Unweighted L_s : L_Mnfld: 0.00134,  L_NonMnfld: 0.00859,  L_Nrml: 0.00000,  L_Eknl: 0.27841, L_Morse: 1.34213

Weights: [7000.0, 600.0, 0, 50.0, 0.0, 3.6342999999999988], lr=5.000e-05
Epoch: 0 [3930/10000 (39%)] Loss: 34.56693 = L_Mnfld: 10.26978 + L_NonMnfld: 5.49440 + L_Nrml: 0.00000 + L_Eknl: 14.02035 + L_Div: 0.00000 + L_Morse: 4.78241
Epoch: 0 [3930/10000 (39%)] Unweighted L_s : L_Mnfld: 0.00147,  L_NonMnfld: 0.00916,  L_Nrml: 0.00000,  L_Eknl: 0.28041, L_Morse: 1.31591

Weights: [7000.0, 600.0, 0, 50.0, 0.0, 3.601300000000001], lr=5.000e-05
Epoch: 0 [3940/10000 (39%)] Loss: 37.21439 = L_Mnfld: 12.51937 + L_NonMnfld: 5.47174 + L_Nrml: 0.00000 + L_Eknl: 14.36415 + L_Div: 0.00000 + L_Morse: 4.85914
Epoch: 0 [3940/10000 (39%)] Unweighted L_s : L_Mnfld: 0.00179,  L_NonMnfld: 0.00912,  L_Nrml: 0.00000,  L_Eknl: 0.28728, L_Morse: 1.34927

Weights: [7000.0, 600.0, 0, 50.0, 0.0, 3.5683000000000007], lr=5.000e-05
Epoch: 0 [3950/10000 (40%)] Loss: 32.14001 = L_Mnfld: 8.07829 + L_NonMnfld: 5.50990 + L_Nrml: 0.00000 + L_Eknl: 13.79942 + L_Div: 0.00000 + L_Morse: 4.75240
Epoch: 0 [3950/10000 (40%)] Unweighted L_s : L_Mnfld: 0.00115,  L_NonMnfld: 0.00918,  L_Nrml: 0.00000,  L_Eknl: 0.27599, L_Morse: 1.33184

Weights: [7000.0, 600.0, 0, 50.0, 0.0, 3.535300000000001], lr=5.000e-05
Epoch: 0 [3960/10000 (40%)] Loss: 33.34437 = L_Mnfld: 10.44510 + L_NonMnfld: 4.48854 + L_Nrml: 0.00000 + L_Eknl: 13.49741 + L_Div: 0.00000 + L_Morse: 4.91333
Epoch: 0 [3960/10000 (40%)] Unweighted L_s : L_Mnfld: 0.00149,  L_NonMnfld: 0.00748,  L_Nrml: 0.00000,  L_Eknl: 0.26995, L_Morse: 1.38979

Weights: [7000.0, 600.0, 0, 50.0, 0.0, 3.502300000000001], lr=5.000e-05
Epoch: 0 [3970/10000 (40%)] Loss: 34.33899 = L_Mnfld: 10.14396 + L_NonMnfld: 5.49514 + L_Nrml: 0.00000 + L_Eknl: 13.89370 + L_Div: 0.00000 + L_Morse: 4.80619
Epoch: 0 [3970/10000 (40%)] Unweighted L_s : L_Mnfld: 0.00145,  L_NonMnfld: 0.00916,  L_Nrml: 0.00000,  L_Eknl: 0.27787, L_Morse: 1.37229

Weights: [7000.0, 600.0, 0, 50.0, 0.0, 3.4693000000000005], lr=5.000e-05
Epoch: 0 [3980/10000 (40%)] Loss: 33.19787 = L_Mnfld: 9.33848 + L_NonMnfld: 5.61247 + L_Nrml: 0.00000 + L_Eknl: 13.32747 + L_Div: 0.00000 + L_Morse: 4.91946
Epoch: 0 [3980/10000 (40%)] Unweighted L_s : L_Mnfld: 0.00133,  L_NonMnfld: 0.00935,  L_Nrml: 0.00000,  L_Eknl: 0.26655, L_Morse: 1.41800

Weights: [7000.0, 600.0, 0, 50.0, 0.0, 3.436300000000001], lr=5.000e-05
Epoch: 0 [3990/10000 (40%)] Loss: 33.56739 = L_Mnfld: 10.60146 + L_NonMnfld: 4.85197 + L_Nrml: 0.00000 + L_Eknl: 13.09384 + L_Div: 0.00000 + L_Morse: 5.02012
Epoch: 0 [3990/10000 (40%)] Unweighted L_s : L_Mnfld: 0.00151,  L_NonMnfld: 0.00809,  L_Nrml: 0.00000,  L_Eknl: 0.26188, L_Morse: 1.46091

Weights: [7000.0, 600.0, 0, 50.0, 0.0, 3.4033000000000007], lr=5.000e-05
Epoch: 0 [4000/10000 (40%)] Loss: 38.56310 = L_Mnfld: 14.06069 + L_NonMnfld: 6.09230 + L_Nrml: 0.00000 + L_Eknl: 13.61796 + L_Div: 0.00000 + L_Morse: 4.79214
Epoch: 0 [4000/10000 (40%)] Unweighted L_s : L_Mnfld: 0.00201,  L_NonMnfld: 0.01015,  L_Nrml: 0.00000,  L_Eknl: 0.27236, L_Morse: 1.40808

Weights: [7000.0, 600.0, 0, 50.0, 0.0, 3.3703000000000003], lr=5.000e-05
Epoch: 0 [4010/10000 (40%)] Loss: 31.01121 = L_Mnfld: 7.62318 + L_NonMnfld: 5.46036 + L_Nrml: 0.00000 + L_Eknl: 13.11738 + L_Div: 0.00000 + L_Morse: 4.81029
Epoch: 0 [4010/10000 (40%)] Unweighted L_s : L_Mnfld: 0.00109,  L_NonMnfld: 0.00910,  L_Nrml: 0.00000,  L_Eknl: 0.26235, L_Morse: 1.42726

Weights: [7000.0, 600.0, 0, 50.0, 0.0, 3.337300000000001], lr=5.000e-05
Epoch: 0 [4020/10000 (40%)] Loss: 34.53366 = L_Mnfld: 11.21816 + L_NonMnfld: 5.36833 + L_Nrml: 0.00000 + L_Eknl: 12.99250 + L_Div: 0.00000 + L_Morse: 4.95468
Epoch: 0 [4020/10000 (40%)] Unweighted L_s : L_Mnfld: 0.00160,  L_NonMnfld: 0.00895,  L_Nrml: 0.00000,  L_Eknl: 0.25985, L_Morse: 1.48464

Weights: [7000.0, 600.0, 0, 50.0, 0.0, 3.3043000000000005], lr=5.000e-05
Epoch: 0 [4030/10000 (40%)] Loss: 37.30831 = L_Mnfld: 13.97392 + L_NonMnfld: 5.52138 + L_Nrml: 0.00000 + L_Eknl: 12.90836 + L_Div: 0.00000 + L_Morse: 4.90465
Epoch: 0 [4030/10000 (40%)] Unweighted L_s : L_Mnfld: 0.00200,  L_NonMnfld: 0.00920,  L_Nrml: 0.00000,  L_Eknl: 0.25817, L_Morse: 1.48432

Weights: [7000.0, 600.0, 0, 50.0, 0.0, 3.2713], lr=5.000e-05
Epoch: 0 [4040/10000 (40%)] Loss: 32.60297 = L_Mnfld: 9.81024 + L_NonMnfld: 5.25871 + L_Nrml: 0.00000 + L_Eknl: 12.81567 + L_Div: 0.00000 + L_Morse: 4.71835
Epoch: 0 [4040/10000 (40%)] Unweighted L_s : L_Mnfld: 0.00140,  L_NonMnfld: 0.00876,  L_Nrml: 0.00000,  L_Eknl: 0.25631, L_Morse: 1.44235

Weights: [7000.0, 600.0, 0, 50.0, 0.0, 3.2383000000000006], lr=5.000e-05
Epoch: 0 [4050/10000 (40%)] Loss: 34.54867 = L_Mnfld: 11.69019 + L_NonMnfld: 5.44314 + L_Nrml: 0.00000 + L_Eknl: 12.69418 + L_Div: 0.00000 + L_Morse: 4.72116
Epoch: 0 [4050/10000 (40%)] Unweighted L_s : L_Mnfld: 0.00167,  L_NonMnfld: 0.00907,  L_Nrml: 0.00000,  L_Eknl: 0.25388, L_Morse: 1.45791

Weights: [7000.0, 600.0, 0, 50.0, 0.0, 3.2053000000000003], lr=5.000e-05
Epoch: 0 [4060/10000 (41%)] Loss: 34.82040 = L_Mnfld: 11.26623 + L_NonMnfld: 6.01225 + L_Nrml: 0.00000 + L_Eknl: 12.66212 + L_Div: 0.00000 + L_Morse: 4.87980
Epoch: 0 [4060/10000 (41%)] Unweighted L_s : L_Mnfld: 0.00161,  L_NonMnfld: 0.01002,  L_Nrml: 0.00000,  L_Eknl: 0.25324, L_Morse: 1.52242

Weights: [7000.0, 600.0, 0, 50.0, 0.0, 3.1723], lr=5.000e-05
Epoch: 0 [4070/10000 (41%)] Loss: 30.64854 = L_Mnfld: 8.20726 + L_NonMnfld: 5.15151 + L_Nrml: 0.00000 + L_Eknl: 12.39680 + L_Div: 0.00000 + L_Morse: 4.89298
Epoch: 0 [4070/10000 (41%)] Unweighted L_s : L_Mnfld: 0.00117,  L_NonMnfld: 0.00859,  L_Nrml: 0.00000,  L_Eknl: 0.24794, L_Morse: 1.54241

Weights: [7000.0, 600.0, 0, 50.0, 0.0, 3.1393000000000004], lr=5.000e-05
Epoch: 0 [4080/10000 (41%)] Loss: 31.82198 = L_Mnfld: 9.43403 + L_NonMnfld: 5.26095 + L_Nrml: 0.00000 + L_Eknl: 12.45740 + L_Div: 0.00000 + L_Morse: 4.66960
Epoch: 0 [4080/10000 (41%)] Unweighted L_s : L_Mnfld: 0.00135,  L_NonMnfld: 0.00877,  L_Nrml: 0.00000,  L_Eknl: 0.24915, L_Morse: 1.48746

Weights: [7000.0, 600.0, 0, 50.0, 0.0, 3.1063], lr=5.000e-05
Epoch: 0 [4090/10000 (41%)] Loss: 36.94951 = L_Mnfld: 14.29793 + L_NonMnfld: 5.12571 + L_Nrml: 0.00000 + L_Eknl: 12.83011 + L_Div: 0.00000 + L_Morse: 4.69576
Epoch: 0 [4090/10000 (41%)] Unweighted L_s : L_Mnfld: 0.00204,  L_NonMnfld: 0.00854,  L_Nrml: 0.00000,  L_Eknl: 0.25660, L_Morse: 1.51169

Weights: [7000.0, 600.0, 0, 50.0, 0.0, 3.0732999999999997], lr=5.000e-05
Epoch: 0 [4100/10000 (41%)] Loss: 31.73023 = L_Mnfld: 9.14528 + L_NonMnfld: 5.48171 + L_Nrml: 0.00000 + L_Eknl: 12.52576 + L_Div: 0.00000 + L_Morse: 4.57747
Epoch: 0 [4100/10000 (41%)] Unweighted L_s : L_Mnfld: 0.00131,  L_NonMnfld: 0.00914,  L_Nrml: 0.00000,  L_Eknl: 0.25052, L_Morse: 1.48943

Weights: [7000.0, 600.0, 0, 50.0, 0.0, 3.0403000000000002], lr=5.000e-05
Epoch: 0 [4110/10000 (41%)] Loss: 34.22550 = L_Mnfld: 11.05338 + L_NonMnfld: 5.70051 + L_Nrml: 0.00000 + L_Eknl: 12.63327 + L_Div: 0.00000 + L_Morse: 4.83834
Epoch: 0 [4110/10000 (41%)] Unweighted L_s : L_Mnfld: 0.00158,  L_NonMnfld: 0.00950,  L_Nrml: 0.00000,  L_Eknl: 0.25267, L_Morse: 1.59140

Weights: [7000.0, 600.0, 0, 50.0, 0.0, 3.0073], lr=5.000e-05
Epoch: 0 [4120/10000 (41%)] Loss: 33.99240 = L_Mnfld: 12.14943 + L_NonMnfld: 4.52445 + L_Nrml: 0.00000 + L_Eknl: 12.51715 + L_Div: 0.00000 + L_Morse: 4.80138
Epoch: 0 [4120/10000 (41%)] Unweighted L_s : L_Mnfld: 0.00174,  L_NonMnfld: 0.00754,  L_Nrml: 0.00000,  L_Eknl: 0.25034, L_Morse: 1.59657

Weights: [7000.0, 600.0, 0, 50.0, 0.0, 2.9742999999999995], lr=5.000e-05
Epoch: 0 [4130/10000 (41%)] Loss: 33.18411 = L_Mnfld: 10.92770 + L_NonMnfld: 5.23677 + L_Nrml: 0.00000 + L_Eknl: 12.09043 + L_Div: 0.00000 + L_Morse: 4.92921
Epoch: 0 [4130/10000 (41%)] Unweighted L_s : L_Mnfld: 0.00156,  L_NonMnfld: 0.00873,  L_Nrml: 0.00000,  L_Eknl: 0.24181, L_Morse: 1.65727

Weights: [7000.0, 600.0, 0, 50.0, 0.0, 2.9413], lr=5.000e-05
Epoch: 0 [4140/10000 (41%)] Loss: 36.51489 = L_Mnfld: 13.60551 + L_NonMnfld: 5.18475 + L_Nrml: 0.00000 + L_Eknl: 13.16096 + L_Div: 0.00000 + L_Morse: 4.56367
Epoch: 0 [4140/10000 (41%)] Unweighted L_s : L_Mnfld: 0.00194,  L_NonMnfld: 0.00864,  L_Nrml: 0.00000,  L_Eknl: 0.26322, L_Morse: 1.55158

Weights: [7000.0, 600.0, 0, 50.0, 0.0, 2.9082999999999997], lr=5.000e-05
Epoch: 0 [4150/10000 (42%)] Loss: 43.93625 = L_Mnfld: 17.84789 + L_NonMnfld: 5.57449 + L_Nrml: 0.00000 + L_Eknl: 14.91228 + L_Div: 0.00000 + L_Morse: 5.60159
Epoch: 0 [4150/10000 (42%)] Unweighted L_s : L_Mnfld: 0.00255,  L_NonMnfld: 0.00929,  L_Nrml: 0.00000,  L_Eknl: 0.29825, L_Morse: 1.92607

Weights: [7000.0, 600.0, 0, 50.0, 0.0, 2.8752999999999993], lr=5.000e-05
Epoch: 0 [4160/10000 (42%)] Loss: 39.29763 = L_Mnfld: 13.50954 + L_NonMnfld: 5.08868 + L_Nrml: 0.00000 + L_Eknl: 15.04319 + L_Div: 0.00000 + L_Morse: 5.65621
Epoch: 0 [4160/10000 (42%)] Unweighted L_s : L_Mnfld: 0.00193,  L_NonMnfld: 0.00848,  L_Nrml: 0.00000,  L_Eknl: 0.30086, L_Morse: 1.96717

Weights: [7000.0, 600.0, 0, 50.0, 0.0, 2.8423], lr=5.000e-05
Epoch: 0 [4170/10000 (42%)] Loss: 46.40846 = L_Mnfld: 18.62916 + L_NonMnfld: 5.44134 + L_Nrml: 0.00000 + L_Eknl: 16.65829 + L_Div: 0.00000 + L_Morse: 5.67967
Epoch: 0 [4170/10000 (42%)] Unweighted L_s : L_Mnfld: 0.00266,  L_NonMnfld: 0.00907,  L_Nrml: 0.00000,  L_Eknl: 0.33317, L_Morse: 1.99827

Weights: [7000.0, 600.0, 0, 50.0, 0.0, 2.8092999999999995], lr=5.000e-05
Epoch: 0 [4180/10000 (42%)] Loss: 42.83330 = L_Mnfld: 14.54054 + L_NonMnfld: 5.39103 + L_Nrml: 0.00000 + L_Eknl: 18.13997 + L_Div: 0.00000 + L_Morse: 4.76176
Epoch: 0 [4180/10000 (42%)] Unweighted L_s : L_Mnfld: 0.00208,  L_NonMnfld: 0.00899,  L_Nrml: 0.00000,  L_Eknl: 0.36280, L_Morse: 1.69500

Weights: [7000.0, 600.0, 0, 50.0, 0.0, 2.776299999999999], lr=5.000e-05
Epoch: 0 [4190/10000 (42%)] Loss: 46.16344 = L_Mnfld: 18.07524 + L_NonMnfld: 5.31916 + L_Nrml: 0.00000 + L_Eknl: 17.59741 + L_Div: 0.00000 + L_Morse: 5.17164
Epoch: 0 [4190/10000 (42%)] Unweighted L_s : L_Mnfld: 0.00258,  L_NonMnfld: 0.00887,  L_Nrml: 0.00000,  L_Eknl: 0.35195, L_Morse: 1.86278

Weights: [7000.0, 600.0, 0, 50.0, 0.0, 2.7432999999999996], lr=5.000e-05
Epoch: 0 [4200/10000 (42%)] Loss: 36.31530 = L_Mnfld: 9.51788 + L_NonMnfld: 4.58869 + L_Nrml: 0.00000 + L_Eknl: 17.42009 + L_Div: 0.00000 + L_Morse: 4.78864
Epoch: 0 [4200/10000 (42%)] Unweighted L_s : L_Mnfld: 0.00136,  L_NonMnfld: 0.00765,  L_Nrml: 0.00000,  L_Eknl: 0.34840, L_Morse: 1.74558

Weights: [7000.0, 600.0, 0, 50.0, 0.0, 2.7102999999999993], lr=5.000e-05
Epoch: 0 [4210/10000 (42%)] Loss: 39.93627 = L_Mnfld: 13.05673 + L_NonMnfld: 5.05285 + L_Nrml: 0.00000 + L_Eknl: 16.80209 + L_Div: 0.00000 + L_Morse: 5.02461
Epoch: 0 [4210/10000 (42%)] Unweighted L_s : L_Mnfld: 0.00187,  L_NonMnfld: 0.00842,  L_Nrml: 0.00000,  L_Eknl: 0.33604, L_Morse: 1.85389

Weights: [7000.0, 600.0, 0, 50.0, 0.0, 2.677299999999999], lr=5.000e-05
Epoch: 0 [4220/10000 (42%)] Loss: 50.69889 = L_Mnfld: 24.19753 + L_NonMnfld: 5.35591 + L_Nrml: 0.00000 + L_Eknl: 16.39567 + L_Div: 0.00000 + L_Morse: 4.74977
Epoch: 0 [4220/10000 (42%)] Unweighted L_s : L_Mnfld: 0.00346,  L_NonMnfld: 0.00893,  L_Nrml: 0.00000,  L_Eknl: 0.32791, L_Morse: 1.77409

Weights: [7000.0, 600.0, 0, 50.0, 0.0, 2.6442999999999994], lr=5.000e-05
Epoch: 0 [4230/10000 (42%)] Loss: 38.49603 = L_Mnfld: 12.63563 + L_NonMnfld: 4.95501 + L_Nrml: 0.00000 + L_Eknl: 16.18594 + L_Div: 0.00000 + L_Morse: 4.71946
Epoch: 0 [4230/10000 (42%)] Unweighted L_s : L_Mnfld: 0.00181,  L_NonMnfld: 0.00826,  L_Nrml: 0.00000,  L_Eknl: 0.32372, L_Morse: 1.78477

Weights: [7000.0, 600.0, 0, 50.0, 0.0, 2.611300000000001], lr=5.000e-05
Epoch: 0 [4240/10000 (42%)] Loss: 34.66836 = L_Mnfld: 10.24237 + L_NonMnfld: 4.54546 + L_Nrml: 0.00000 + L_Eknl: 15.54557 + L_Div: 0.00000 + L_Morse: 4.33496
Epoch: 0 [4240/10000 (42%)] Unweighted L_s : L_Mnfld: 0.00146,  L_NonMnfld: 0.00758,  L_Nrml: 0.00000,  L_Eknl: 0.31091, L_Morse: 1.66008

Weights: [7000.0, 600.0, 0, 50.0, 0.0, 2.5783000000000005], lr=5.000e-05
Epoch: 0 [4250/10000 (42%)] Loss: 31.49135 = L_Mnfld: 8.15237 + L_NonMnfld: 4.87467 + L_Nrml: 0.00000 + L_Eknl: 13.89603 + L_Div: 0.00000 + L_Morse: 4.56829
Epoch: 0 [4250/10000 (42%)] Unweighted L_s : L_Mnfld: 0.00116,  L_NonMnfld: 0.00812,  L_Nrml: 0.00000,  L_Eknl: 0.27792, L_Morse: 1.77182

Weights: [7000.0, 600.0, 0, 50.0, 0.0, 2.5453], lr=5.000e-05
Epoch: 0 [4260/10000 (43%)] Loss: 30.18571 = L_Mnfld: 7.33410 + L_NonMnfld: 4.97502 + L_Nrml: 0.00000 + L_Eknl: 13.35002 + L_Div: 0.00000 + L_Morse: 4.52656
Epoch: 0 [4260/10000 (43%)] Unweighted L_s : L_Mnfld: 0.00105,  L_NonMnfld: 0.00829,  L_Nrml: 0.00000,  L_Eknl: 0.26700, L_Morse: 1.77840

Weights: [7000.0, 600.0, 0, 50.0, 0.0, 2.5123000000000006], lr=5.000e-05
Epoch: 0 [4270/10000 (43%)] Loss: 30.50788 = L_Mnfld: 7.82405 + L_NonMnfld: 4.99370 + L_Nrml: 0.00000 + L_Eknl: 13.30340 + L_Div: 0.00000 + L_Morse: 4.38672
Epoch: 0 [4270/10000 (43%)] Unweighted L_s : L_Mnfld: 0.00112,  L_NonMnfld: 0.00832,  L_Nrml: 0.00000,  L_Eknl: 0.26607, L_Morse: 1.74610

Weights: [7000.0, 600.0, 0, 50.0, 0.0, 2.4793000000000003], lr=5.000e-05
Epoch: 0 [4280/10000 (43%)] Loss: 30.32150 = L_Mnfld: 7.51425 + L_NonMnfld: 5.14496 + L_Nrml: 0.00000 + L_Eknl: 13.23926 + L_Div: 0.00000 + L_Morse: 4.42304
Epoch: 0 [4280/10000 (43%)] Unweighted L_s : L_Mnfld: 0.00107,  L_NonMnfld: 0.00857,  L_Nrml: 0.00000,  L_Eknl: 0.26479, L_Morse: 1.78399

Weights: [7000.0, 600.0, 0, 50.0, 0.0, 2.4463], lr=5.000e-05
Epoch: 0 [4290/10000 (43%)] Loss: 29.70219 = L_Mnfld: 7.99778 + L_NonMnfld: 4.46383 + L_Nrml: 0.00000 + L_Eknl: 12.83382 + L_Div: 0.00000 + L_Morse: 4.40677
Epoch: 0 [4290/10000 (43%)] Unweighted L_s : L_Mnfld: 0.00114,  L_NonMnfld: 0.00744,  L_Nrml: 0.00000,  L_Eknl: 0.25668, L_Morse: 1.80140

Weights: [7000.0, 600.0, 0, 50.0, 0.0, 2.4133000000000004], lr=5.000e-05
Epoch: 0 [4300/10000 (43%)] Loss: 29.13504 = L_Mnfld: 8.01982 + L_NonMnfld: 4.53304 + L_Nrml: 0.00000 + L_Eknl: 11.97086 + L_Div: 0.00000 + L_Morse: 4.61131
Epoch: 0 [4300/10000 (43%)] Unweighted L_s : L_Mnfld: 0.00115,  L_NonMnfld: 0.00756,  L_Nrml: 0.00000,  L_Eknl: 0.23942, L_Morse: 1.91079

Weights: [7000.0, 600.0, 0, 50.0, 0.0, 2.3803], lr=5.000e-05
Epoch: 0 [4310/10000 (43%)] Loss: 28.09849 = L_Mnfld: 7.82954 + L_NonMnfld: 3.89365 + L_Nrml: 0.00000 + L_Eknl: 11.92881 + L_Div: 0.00000 + L_Morse: 4.44649
Epoch: 0 [4310/10000 (43%)] Unweighted L_s : L_Mnfld: 0.00112,  L_NonMnfld: 0.00649,  L_Nrml: 0.00000,  L_Eknl: 0.23858, L_Morse: 1.86804

Weights: [7000.0, 600.0, 0, 50.0, 0.0, 2.3472999999999997], lr=5.000e-05
Epoch: 0 [4320/10000 (43%)] Loss: 28.02666 = L_Mnfld: 7.19435 + L_NonMnfld: 4.52644 + L_Nrml: 0.00000 + L_Eknl: 11.64665 + L_Div: 0.00000 + L_Morse: 4.65922
Epoch: 0 [4320/10000 (43%)] Unweighted L_s : L_Mnfld: 0.00103,  L_NonMnfld: 0.00754,  L_Nrml: 0.00000,  L_Eknl: 0.23293, L_Morse: 1.98493

Weights: [7000.0, 600.0, 0, 50.0, 0.0, 2.3143000000000002], lr=5.000e-05
Epoch: 0 [4330/10000 (43%)] Loss: 28.43954 = L_Mnfld: 7.60478 + L_NonMnfld: 4.72229 + L_Nrml: 0.00000 + L_Eknl: 11.60248 + L_Div: 0.00000 + L_Morse: 4.50999
Epoch: 0 [4330/10000 (43%)] Unweighted L_s : L_Mnfld: 0.00109,  L_NonMnfld: 0.00787,  L_Nrml: 0.00000,  L_Eknl: 0.23205, L_Morse: 1.94875

Weights: [7000.0, 600.0, 0, 50.0, 0.0, 2.2813], lr=5.000e-05
Epoch: 0 [4340/10000 (43%)] Loss: 28.08710 = L_Mnfld: 7.79652 + L_NonMnfld: 4.49013 + L_Nrml: 0.00000 + L_Eknl: 11.47881 + L_Div: 0.00000 + L_Morse: 4.32164
Epoch: 0 [4340/10000 (43%)] Unweighted L_s : L_Mnfld: 0.00111,  L_NonMnfld: 0.00748,  L_Nrml: 0.00000,  L_Eknl: 0.22958, L_Morse: 1.89438

Weights: [7000.0, 600.0, 0, 50.0, 0.0, 2.2482999999999995], lr=5.000e-05
Epoch: 0 [4350/10000 (44%)] Loss: 28.54258 = L_Mnfld: 7.40168 + L_NonMnfld: 4.98952 + L_Nrml: 0.00000 + L_Eknl: 11.38976 + L_Div: 0.00000 + L_Morse: 4.76162
Epoch: 0 [4350/10000 (44%)] Unweighted L_s : L_Mnfld: 0.00106,  L_NonMnfld: 0.00832,  L_Nrml: 0.00000,  L_Eknl: 0.22780, L_Morse: 2.11788

Weights: [7000.0, 600.0, 0, 50.0, 0.0, 2.2153], lr=5.000e-05
Epoch: 0 [4360/10000 (44%)] Loss: 28.22533 = L_Mnfld: 7.16849 + L_NonMnfld: 5.16135 + L_Nrml: 0.00000 + L_Eknl: 11.35649 + L_Div: 0.00000 + L_Morse: 4.53900
Epoch: 0 [4360/10000 (44%)] Unweighted L_s : L_Mnfld: 0.00102,  L_NonMnfld: 0.00860,  L_Nrml: 0.00000,  L_Eknl: 0.22713, L_Morse: 2.04893

Weights: [7000.0, 600.0, 0, 50.0, 0.0, 2.1822999999999997], lr=5.000e-05
Epoch: 0 [4370/10000 (44%)] Loss: 28.60415 = L_Mnfld: 8.44587 + L_NonMnfld: 4.06014 + L_Nrml: 0.00000 + L_Eknl: 11.30816 + L_Div: 0.00000 + L_Morse: 4.78998
Epoch: 0 [4370/10000 (44%)] Unweighted L_s : L_Mnfld: 0.00121,  L_NonMnfld: 0.00677,  L_Nrml: 0.00000,  L_Eknl: 0.22616, L_Morse: 2.19492

Weights: [7000.0, 600.0, 0, 50.0, 0.0, 2.1492999999999993], lr=5.000e-05
Epoch: 0 [4380/10000 (44%)] Loss: 30.14788 = L_Mnfld: 9.51776 + L_NonMnfld: 4.77638 + L_Nrml: 0.00000 + L_Eknl: 11.20324 + L_Div: 0.00000 + L_Morse: 4.65050
Epoch: 0 [4380/10000 (44%)] Unweighted L_s : L_Mnfld: 0.00136,  L_NonMnfld: 0.00796,  L_Nrml: 0.00000,  L_Eknl: 0.22406, L_Morse: 2.16373

Weights: [7000.0, 600.0, 0, 50.0, 0.0, 2.1163], lr=5.000e-05
Epoch: 0 [4390/10000 (44%)] Loss: 30.20145 = L_Mnfld: 10.16948 + L_NonMnfld: 4.13948 + L_Nrml: 0.00000 + L_Eknl: 11.00886 + L_Div: 0.00000 + L_Morse: 4.88364
Epoch: 0 [4390/10000 (44%)] Unweighted L_s : L_Mnfld: 0.00145,  L_NonMnfld: 0.00690,  L_Nrml: 0.00000,  L_Eknl: 0.22018, L_Morse: 2.30763

Weights: [7000.0, 600.0, 0, 50.0, 0.0, 2.0832999999999995], lr=5.000e-05
Epoch: 0 [4400/10000 (44%)] Loss: 28.78887 = L_Mnfld: 8.85531 + L_NonMnfld: 4.33745 + L_Nrml: 0.00000 + L_Eknl: 11.06509 + L_Div: 0.00000 + L_Morse: 4.53102
Epoch: 0 [4400/10000 (44%)] Unweighted L_s : L_Mnfld: 0.00127,  L_NonMnfld: 0.00723,  L_Nrml: 0.00000,  L_Eknl: 0.22130, L_Morse: 2.17493

Weights: [7000.0, 600.0, 0, 50.0, 0.0, 2.050299999999999], lr=5.000e-05
Epoch: 0 [4410/10000 (44%)] Loss: 30.64454 = L_Mnfld: 9.75059 + L_NonMnfld: 4.83135 + L_Nrml: 0.00000 + L_Eknl: 11.36352 + L_Div: 0.00000 + L_Morse: 4.69908
Epoch: 0 [4410/10000 (44%)] Unweighted L_s : L_Mnfld: 0.00139,  L_NonMnfld: 0.00805,  L_Nrml: 0.00000,  L_Eknl: 0.22727, L_Morse: 2.29190

Weights: [7000.0, 600.0, 0, 50.0, 0.0, 2.0172999999999996], lr=5.000e-05
Epoch: 0 [4420/10000 (44%)] Loss: 31.92979 = L_Mnfld: 11.10895 + L_NonMnfld: 4.05155 + L_Nrml: 0.00000 + L_Eknl: 11.84012 + L_Div: 0.00000 + L_Morse: 4.92918
Epoch: 0 [4420/10000 (44%)] Unweighted L_s : L_Mnfld: 0.00159,  L_NonMnfld: 0.00675,  L_Nrml: 0.00000,  L_Eknl: 0.23680, L_Morse: 2.44345

Weights: [7000.0, 600.0, 0, 50.0, 0.0, 1.9842999999999993], lr=5.000e-05
Epoch: 0 [4430/10000 (44%)] Loss: 28.14587 = L_Mnfld: 7.68688 + L_NonMnfld: 4.34899 + L_Nrml: 0.00000 + L_Eknl: 11.33294 + L_Div: 0.00000 + L_Morse: 4.77706
Epoch: 0 [4430/10000 (44%)] Unweighted L_s : L_Mnfld: 0.00110,  L_NonMnfld: 0.00725,  L_Nrml: 0.00000,  L_Eknl: 0.22666, L_Morse: 2.40743

Weights: [7000.0, 600.0, 0, 50.0, 0.0, 1.9512999999999998], lr=5.000e-05
Epoch: 0 [4440/10000 (44%)] Loss: 34.67236 = L_Mnfld: 12.65520 + L_NonMnfld: 5.15552 + L_Nrml: 0.00000 + L_Eknl: 12.48732 + L_Div: 0.00000 + L_Morse: 4.37432
Epoch: 0 [4440/10000 (44%)] Unweighted L_s : L_Mnfld: 0.00181,  L_NonMnfld: 0.00859,  L_Nrml: 0.00000,  L_Eknl: 0.24975, L_Morse: 2.24175

Weights: [7000.0, 600.0, 0, 50.0, 0.0, 1.9182999999999986], lr=5.000e-05
Epoch: 0 [4450/10000 (44%)] Loss: 30.36756 = L_Mnfld: 9.71597 + L_NonMnfld: 4.76229 + L_Nrml: 0.00000 + L_Eknl: 11.32407 + L_Div: 0.00000 + L_Morse: 4.56523
Epoch: 0 [4450/10000 (44%)] Unweighted L_s : L_Mnfld: 0.00139,  L_NonMnfld: 0.00794,  L_Nrml: 0.00000,  L_Eknl: 0.22648, L_Morse: 2.37983

Weights: [7000.0, 600.0, 0, 50.0, 0.0, 1.885299999999999], lr=5.000e-05
Epoch: 0 [4460/10000 (45%)] Loss: 36.73643 = L_Mnfld: 16.24588 + L_NonMnfld: 4.38734 + L_Nrml: 0.00000 + L_Eknl: 11.61862 + L_Div: 0.00000 + L_Morse: 4.48458
Epoch: 0 [4460/10000 (45%)] Unweighted L_s : L_Mnfld: 0.00232,  L_NonMnfld: 0.00731,  L_Nrml: 0.00000,  L_Eknl: 0.23237, L_Morse: 2.37871

Weights: [7000.0, 600.0, 0, 50.0, 0.0, 1.8522999999999996], lr=5.000e-05
Epoch: 0 [4470/10000 (45%)] Loss: 35.29275 = L_Mnfld: 14.09748 + L_NonMnfld: 4.80945 + L_Nrml: 0.00000 + L_Eknl: 11.90389 + L_Div: 0.00000 + L_Morse: 4.48193
Epoch: 0 [4470/10000 (45%)] Unweighted L_s : L_Mnfld: 0.00201,  L_NonMnfld: 0.00802,  L_Nrml: 0.00000,  L_Eknl: 0.23808, L_Morse: 2.41966

Weights: [7000.0, 600.0, 0, 50.0, 0.0, 1.8192999999999984], lr=5.000e-05
Epoch: 0 [4480/10000 (45%)] Loss: 33.38493 = L_Mnfld: 12.15702 + L_NonMnfld: 4.63973 + L_Nrml: 0.00000 + L_Eknl: 11.77381 + L_Div: 0.00000 + L_Morse: 4.81437
Epoch: 0 [4480/10000 (45%)] Unweighted L_s : L_Mnfld: 0.00174,  L_NonMnfld: 0.00773,  L_Nrml: 0.00000,  L_Eknl: 0.23548, L_Morse: 2.64628

Weights: [7000.0, 600.0, 0, 50.0, 0.0, 1.7862999999999989], lr=5.000e-05
Epoch: 0 [4490/10000 (45%)] Loss: 28.62090 = L_Mnfld: 8.58894 + L_NonMnfld: 4.55349 + L_Nrml: 0.00000 + L_Eknl: 10.96140 + L_Div: 0.00000 + L_Morse: 4.51707
Epoch: 0 [4490/10000 (45%)] Unweighted L_s : L_Mnfld: 0.00123,  L_NonMnfld: 0.00759,  L_Nrml: 0.00000,  L_Eknl: 0.21923, L_Morse: 2.52873

Weights: [7000.0, 600.0, 0, 50.0, 0.0, 1.7532999999999994], lr=5.000e-05
Epoch: 0 [4500/10000 (45%)] Loss: 29.29936 = L_Mnfld: 9.88965 + L_NonMnfld: 4.77516 + L_Nrml: 0.00000 + L_Eknl: 10.44170 + L_Div: 0.00000 + L_Morse: 4.19284
Epoch: 0 [4500/10000 (45%)] Unweighted L_s : L_Mnfld: 0.00141,  L_NonMnfld: 0.00796,  L_Nrml: 0.00000,  L_Eknl: 0.20883, L_Morse: 2.39140

Weights: [7000.0, 600.0, 0, 50.0, 0.0, 1.7202999999999982], lr=5.000e-05
Epoch: 0 [4510/10000 (45%)] Loss: 32.01356 = L_Mnfld: 13.11097 + L_NonMnfld: 4.52034 + L_Nrml: 0.00000 + L_Eknl: 10.01774 + L_Div: 0.00000 + L_Morse: 4.36452
Epoch: 0 [4510/10000 (45%)] Unweighted L_s : L_Mnfld: 0.00187,  L_NonMnfld: 0.00753,  L_Nrml: 0.00000,  L_Eknl: 0.20035, L_Morse: 2.53707

Weights: [7000.0, 600.0, 0, 50.0, 0.0, 1.6872999999999987], lr=5.000e-05
Epoch: 0 [4520/10000 (45%)] Loss: 27.64843 = L_Mnfld: 9.34063 + L_NonMnfld: 4.31092 + L_Nrml: 0.00000 + L_Eknl: 9.95084 + L_Div: 0.00000 + L_Morse: 4.04603
Epoch: 0 [4520/10000 (45%)] Unweighted L_s : L_Mnfld: 0.00133,  L_NonMnfld: 0.00718,  L_Nrml: 0.00000,  L_Eknl: 0.19902, L_Morse: 2.39793

Weights: [7000.0, 600.0, 0, 50.0, 0.0, 1.6542999999999992], lr=5.000e-05
Epoch: 0 [4530/10000 (45%)] Loss: 27.81601 = L_Mnfld: 9.60844 + L_NonMnfld: 4.21368 + L_Nrml: 0.00000 + L_Eknl: 9.70956 + L_Div: 0.00000 + L_Morse: 4.28434
Epoch: 0 [4530/10000 (45%)] Unweighted L_s : L_Mnfld: 0.00137,  L_NonMnfld: 0.00702,  L_Nrml: 0.00000,  L_Eknl: 0.19419, L_Morse: 2.58982

Weights: [7000.0, 600.0, 0, 50.0, 0.0, 1.621299999999998], lr=5.000e-05
Epoch: 0 [4540/10000 (45%)] Loss: 30.14142 = L_Mnfld: 12.84482 + L_NonMnfld: 4.05999 + L_Nrml: 0.00000 + L_Eknl: 9.36910 + L_Div: 0.00000 + L_Morse: 3.86751
Epoch: 0 [4540/10000 (45%)] Unweighted L_s : L_Mnfld: 0.00183,  L_NonMnfld: 0.00677,  L_Nrml: 0.00000,  L_Eknl: 0.18738, L_Morse: 2.38544

Weights: [7000.0, 600.0, 0, 50.0, 0.0, 1.5882999999999985], lr=5.000e-05
Epoch: 0 [4550/10000 (46%)] Loss: 24.44619 = L_Mnfld: 6.86065 + L_NonMnfld: 4.04740 + L_Nrml: 0.00000 + L_Eknl: 9.37128 + L_Div: 0.00000 + L_Morse: 4.16686
Epoch: 0 [4550/10000 (46%)] Unweighted L_s : L_Mnfld: 0.00098,  L_NonMnfld: 0.00675,  L_Nrml: 0.00000,  L_Eknl: 0.18743, L_Morse: 2.62347

Weights: [7000.0, 600.0, 0, 50.0, 0.0, 1.555299999999999], lr=5.000e-05
Epoch: 0 [4560/10000 (46%)] Loss: 25.57520 = L_Mnfld: 9.10084 + L_NonMnfld: 3.80790 + L_Nrml: 0.00000 + L_Eknl: 9.00912 + L_Div: 0.00000 + L_Morse: 3.65734
Epoch: 0 [4560/10000 (46%)] Unweighted L_s : L_Mnfld: 0.00130,  L_NonMnfld: 0.00635,  L_Nrml: 0.00000,  L_Eknl: 0.18018, L_Morse: 2.35153

Weights: [7000.0, 600.0, 0, 50.0, 0.0, 1.5223000000000013], lr=5.000e-05
Epoch: 0 [4570/10000 (46%)] Loss: 28.13486 = L_Mnfld: 10.64795 + L_NonMnfld: 4.43368 + L_Nrml: 0.00000 + L_Eknl: 9.19591 + L_Div: 0.00000 + L_Morse: 3.85731
Epoch: 0 [4570/10000 (46%)] Unweighted L_s : L_Mnfld: 0.00152,  L_NonMnfld: 0.00739,  L_Nrml: 0.00000,  L_Eknl: 0.18392, L_Morse: 2.53387

Weights: [7000.0, 600.0, 0, 50.0, 0.0, 1.4893000000000018], lr=5.000e-05
Epoch: 0 [4580/10000 (46%)] Loss: 25.19728 = L_Mnfld: 7.98264 + L_NonMnfld: 4.26764 + L_Nrml: 0.00000 + L_Eknl: 9.02067 + L_Div: 0.00000 + L_Morse: 3.92633
Epoch: 0 [4580/10000 (46%)] Unweighted L_s : L_Mnfld: 0.00114,  L_NonMnfld: 0.00711,  L_Nrml: 0.00000,  L_Eknl: 0.18041, L_Morse: 2.63636

Weights: [7000.0, 600.0, 0, 50.0, 0.0, 1.4563000000000006], lr=5.000e-05
Epoch: 0 [4590/10000 (46%)] Loss: 27.33371 = L_Mnfld: 9.72586 + L_NonMnfld: 4.84283 + L_Nrml: 0.00000 + L_Eknl: 8.89528 + L_Div: 0.00000 + L_Morse: 3.86975
Epoch: 0 [4590/10000 (46%)] Unweighted L_s : L_Mnfld: 0.00139,  L_NonMnfld: 0.00807,  L_Nrml: 0.00000,  L_Eknl: 0.17791, L_Morse: 2.65725

Weights: [7000.0, 600.0, 0, 50.0, 0.0, 1.4233000000000011], lr=5.000e-05
Epoch: 0 [4600/10000 (46%)] Loss: 28.24129 = L_Mnfld: 11.13935 + L_NonMnfld: 4.42989 + L_Nrml: 0.00000 + L_Eknl: 8.79209 + L_Div: 0.00000 + L_Morse: 3.87997
Epoch: 0 [4600/10000 (46%)] Unweighted L_s : L_Mnfld: 0.00159,  L_NonMnfld: 0.00738,  L_Nrml: 0.00000,  L_Eknl: 0.17584, L_Morse: 2.72604

Weights: [7000.0, 600.0, 0, 50.0, 0.0, 1.3903000000000016], lr=5.000e-05
Epoch: 0 [4610/10000 (46%)] Loss: 23.84766 = L_Mnfld: 6.50940 + L_NonMnfld: 4.76876 + L_Nrml: 0.00000 + L_Eknl: 8.93046 + L_Div: 0.00000 + L_Morse: 3.63904
Epoch: 0 [4610/10000 (46%)] Unweighted L_s : L_Mnfld: 0.00093,  L_NonMnfld: 0.00795,  L_Nrml: 0.00000,  L_Eknl: 0.17861, L_Morse: 2.61745

Weights: [7000.0, 600.0, 0, 50.0, 0.0, 1.3573000000000004], lr=5.000e-05
Epoch: 0 [4620/10000 (46%)] Loss: 26.17025 = L_Mnfld: 9.02535 + L_NonMnfld: 4.54033 + L_Nrml: 0.00000 + L_Eknl: 9.03763 + L_Div: 0.00000 + L_Morse: 3.56695
Epoch: 0 [4620/10000 (46%)] Unweighted L_s : L_Mnfld: 0.00129,  L_NonMnfld: 0.00757,  L_Nrml: 0.00000,  L_Eknl: 0.18075, L_Morse: 2.62798

Weights: [7000.0, 600.0, 0, 50.0, 0.0, 1.324300000000001], lr=5.000e-05
Epoch: 0 [4630/10000 (46%)] Loss: 28.52412 = L_Mnfld: 11.47638 + L_NonMnfld: 4.40981 + L_Nrml: 0.00000 + L_Eknl: 8.87140 + L_Div: 0.00000 + L_Morse: 3.76654
Epoch: 0 [4630/10000 (46%)] Unweighted L_s : L_Mnfld: 0.00164,  L_NonMnfld: 0.00735,  L_Nrml: 0.00000,  L_Eknl: 0.17743, L_Morse: 2.84417

Weights: [7000.0, 600.0, 0, 50.0, 0.0, 1.2913000000000014], lr=5.000e-05
Epoch: 0 [4640/10000 (46%)] Loss: 24.57294 = L_Mnfld: 8.16577 + L_NonMnfld: 4.19121 + L_Nrml: 0.00000 + L_Eknl: 8.73540 + L_Div: 0.00000 + L_Morse: 3.48056
Epoch: 0 [4640/10000 (46%)] Unweighted L_s : L_Mnfld: 0.00117,  L_NonMnfld: 0.00699,  L_Nrml: 0.00000,  L_Eknl: 0.17471, L_Morse: 2.69539

Weights: [7000.0, 600.0, 0, 50.0, 0.0, 1.2583000000000002], lr=5.000e-05
Epoch: 0 [4650/10000 (46%)] Loss: 24.26674 = L_Mnfld: 8.66134 + L_NonMnfld: 3.87580 + L_Nrml: 0.00000 + L_Eknl: 8.36367 + L_Div: 0.00000 + L_Morse: 3.36594
Epoch: 0 [4650/10000 (46%)] Unweighted L_s : L_Mnfld: 0.00124,  L_NonMnfld: 0.00646,  L_Nrml: 0.00000,  L_Eknl: 0.16727, L_Morse: 2.67499

Weights: [7000.0, 600.0, 0, 50.0, 0.0, 1.2253000000000007], lr=5.000e-05
Epoch: 0 [4660/10000 (47%)] Loss: 29.13997 = L_Mnfld: 12.83348 + L_NonMnfld: 4.28272 + L_Nrml: 0.00000 + L_Eknl: 8.57895 + L_Div: 0.00000 + L_Morse: 3.44482
Epoch: 0 [4660/10000 (47%)] Unweighted L_s : L_Mnfld: 0.00183,  L_NonMnfld: 0.00714,  L_Nrml: 0.00000,  L_Eknl: 0.17158, L_Morse: 2.81141

Weights: [7000.0, 600.0, 0, 50.0, 0.0, 1.1923000000000012], lr=5.000e-05
Epoch: 0 [4670/10000 (47%)] Loss: 22.92410 = L_Mnfld: 6.39786 + L_NonMnfld: 4.43092 + L_Nrml: 0.00000 + L_Eknl: 8.56780 + L_Div: 0.00000 + L_Morse: 3.52752
Epoch: 0 [4670/10000 (47%)] Unweighted L_s : L_Mnfld: 0.00091,  L_NonMnfld: 0.00738,  L_Nrml: 0.00000,  L_Eknl: 0.17136, L_Morse: 2.95858

Weights: [7000.0, 600.0, 0, 50.0, 0.0, 1.1593], lr=5.000e-05
Epoch: 0 [4680/10000 (47%)] Loss: 25.59731 = L_Mnfld: 9.02998 + L_NonMnfld: 4.65731 + L_Nrml: 0.00000 + L_Eknl: 8.49409 + L_Div: 0.00000 + L_Morse: 3.41593
Epoch: 0 [4680/10000 (47%)] Unweighted L_s : L_Mnfld: 0.00129,  L_NonMnfld: 0.00776,  L_Nrml: 0.00000,  L_Eknl: 0.16988, L_Morse: 2.94655

Weights: [7000.0, 600.0, 0, 50.0, 0.0, 1.1263000000000005], lr=5.000e-05
Epoch: 0 [4690/10000 (47%)] Loss: 26.08114 = L_Mnfld: 9.63232 + L_NonMnfld: 4.32303 + L_Nrml: 0.00000 + L_Eknl: 8.65096 + L_Div: 0.00000 + L_Morse: 3.47483
Epoch: 0 [4690/10000 (47%)] Unweighted L_s : L_Mnfld: 0.00138,  L_NonMnfld: 0.00721,  L_Nrml: 0.00000,  L_Eknl: 0.17302, L_Morse: 3.08517

Weights: [7000.0, 600.0, 0, 50.0, 0.0, 1.093300000000001], lr=5.000e-05
Epoch: 0 [4700/10000 (47%)] Loss: 24.01499 = L_Mnfld: 7.86666 + L_NonMnfld: 4.77100 + L_Nrml: 0.00000 + L_Eknl: 8.10929 + L_Div: 0.00000 + L_Morse: 3.26804
Epoch: 0 [4700/10000 (47%)] Unweighted L_s : L_Mnfld: 0.00112,  L_NonMnfld: 0.00795,  L_Nrml: 0.00000,  L_Eknl: 0.16219, L_Morse: 2.98915

Weights: [7000.0, 600.0, 0, 50.0, 0.0, 1.0602999999999998], lr=5.000e-05
Epoch: 0 [4710/10000 (47%)] Loss: 24.60764 = L_Mnfld: 8.50076 + L_NonMnfld: 4.59505 + L_Nrml: 0.00000 + L_Eknl: 8.46998 + L_Div: 0.00000 + L_Morse: 3.04185
Epoch: 0 [4710/10000 (47%)] Unweighted L_s : L_Mnfld: 0.00121,  L_NonMnfld: 0.00766,  L_Nrml: 0.00000,  L_Eknl: 0.16940, L_Morse: 2.86886

Weights: [7000.0, 600.0, 0, 50.0, 0.0, 1.0273000000000003], lr=5.000e-05
Epoch: 0 [4720/10000 (47%)] Loss: 25.45509 = L_Mnfld: 10.36793 + L_NonMnfld: 3.86626 + L_Nrml: 0.00000 + L_Eknl: 7.97483 + L_Div: 0.00000 + L_Morse: 3.24607
Epoch: 0 [4720/10000 (47%)] Unweighted L_s : L_Mnfld: 0.00148,  L_NonMnfld: 0.00644,  L_Nrml: 0.00000,  L_Eknl: 0.15950, L_Morse: 3.15981

Weights: [7000.0, 600.0, 0, 50.0, 0.0, 0.9943000000000008], lr=5.000e-05
Epoch: 0 [4730/10000 (47%)] Loss: 22.45259 = L_Mnfld: 7.49158 + L_NonMnfld: 3.70113 + L_Nrml: 0.00000 + L_Eknl: 8.01326 + L_Div: 0.00000 + L_Morse: 3.24662
Epoch: 0 [4730/10000 (47%)] Unweighted L_s : L_Mnfld: 0.00107,  L_NonMnfld: 0.00617,  L_Nrml: 0.00000,  L_Eknl: 0.16027, L_Morse: 3.26523

Weights: [7000.0, 600.0, 0, 50.0, 0.0, 0.9612999999999996], lr=5.000e-05
Epoch: 0 [4740/10000 (47%)] Loss: 23.97103 = L_Mnfld: 8.92419 + L_NonMnfld: 4.10243 + L_Nrml: 0.00000 + L_Eknl: 7.85310 + L_Div: 0.00000 + L_Morse: 3.09131
Epoch: 0 [4740/10000 (47%)] Unweighted L_s : L_Mnfld: 0.00127,  L_NonMnfld: 0.00684,  L_Nrml: 0.00000,  L_Eknl: 0.15706, L_Morse: 3.21576

Weights: [7000.0, 600.0, 0, 50.0, 0.0, 0.9283000000000001], lr=5.000e-05
Epoch: 0 [4750/10000 (48%)] Loss: 26.73637 = L_Mnfld: 11.61047 + L_NonMnfld: 4.36354 + L_Nrml: 0.00000 + L_Eknl: 7.80623 + L_Div: 0.00000 + L_Morse: 2.95613
Epoch: 0 [4750/10000 (48%)] Unweighted L_s : L_Mnfld: 0.00166,  L_NonMnfld: 0.00727,  L_Nrml: 0.00000,  L_Eknl: 0.15612, L_Morse: 3.18446

Weights: [7000.0, 600.0, 0, 50.0, 0.0, 0.8953000000000007], lr=5.000e-05
Epoch: 0 [4760/10000 (48%)] Loss: 21.60392 = L_Mnfld: 6.55289 + L_NonMnfld: 4.35001 + L_Nrml: 0.00000 + L_Eknl: 7.79020 + L_Div: 0.00000 + L_Morse: 2.91082
Epoch: 0 [4760/10000 (48%)] Unweighted L_s : L_Mnfld: 0.00094,  L_NonMnfld: 0.00725,  L_Nrml: 0.00000,  L_Eknl: 0.15580, L_Morse: 3.25122

Weights: [7000.0, 600.0, 0, 50.0, 0.0, 0.8622999999999994], lr=5.000e-05
Epoch: 0 [4770/10000 (48%)] Loss: 23.81228 = L_Mnfld: 8.35387 + L_NonMnfld: 4.85230 + L_Nrml: 0.00000 + L_Eknl: 7.74990 + L_Div: 0.00000 + L_Morse: 2.85621
Epoch: 0 [4770/10000 (48%)] Unweighted L_s : L_Mnfld: 0.00119,  L_NonMnfld: 0.00809,  L_Nrml: 0.00000,  L_Eknl: 0.15500, L_Morse: 3.31231

Weights: [7000.0, 600.0, 0, 50.0, 0.0, 0.8292999999999999], lr=5.000e-05
Epoch: 0 [4780/10000 (48%)] Loss: 25.70265 = L_Mnfld: 10.96996 + L_NonMnfld: 4.51120 + L_Nrml: 0.00000 + L_Eknl: 7.59228 + L_Div: 0.00000 + L_Morse: 2.62922
Epoch: 0 [4780/10000 (48%)] Unweighted L_s : L_Mnfld: 0.00157,  L_NonMnfld: 0.00752,  L_Nrml: 0.00000,  L_Eknl: 0.15185, L_Morse: 3.17040

Weights: [7000.0, 600.0, 0, 50.0, 0.0, 0.7963000000000005], lr=5.000e-05
Epoch: 0 [4790/10000 (48%)] Loss: 19.81783 = L_Mnfld: 5.23795 + L_NonMnfld: 4.10236 + L_Nrml: 0.00000 + L_Eknl: 7.71887 + L_Div: 0.00000 + L_Morse: 2.75865
Epoch: 0 [4790/10000 (48%)] Unweighted L_s : L_Mnfld: 0.00075,  L_NonMnfld: 0.00684,  L_Nrml: 0.00000,  L_Eknl: 0.15438, L_Morse: 3.46433

Weights: [7000.0, 600.0, 0, 50.0, 0.0, 0.7632999999999992], lr=5.000e-05
Epoch: 0 [4800/10000 (48%)] Loss: 22.68250 = L_Mnfld: 7.97680 + L_NonMnfld: 4.07972 + L_Nrml: 0.00000 + L_Eknl: 8.00757 + L_Div: 0.00000 + L_Morse: 2.61840
Epoch: 0 [4800/10000 (48%)] Unweighted L_s : L_Mnfld: 0.00114,  L_NonMnfld: 0.00680,  L_Nrml: 0.00000,  L_Eknl: 0.16015, L_Morse: 3.43037

Weights: [7000.0, 600.0, 0, 50.0, 0.0, 0.7302999999999997], lr=5.000e-05
Epoch: 0 [4810/10000 (48%)] Loss: 22.90654 = L_Mnfld: 9.49716 + L_NonMnfld: 3.36978 + L_Nrml: 0.00000 + L_Eknl: 7.49200 + L_Div: 0.00000 + L_Morse: 2.54761
Epoch: 0 [4810/10000 (48%)] Unweighted L_s : L_Mnfld: 0.00136,  L_NonMnfld: 0.00562,  L_Nrml: 0.00000,  L_Eknl: 0.14984, L_Morse: 3.48845

Weights: [7000.0, 600.0, 0, 50.0, 0.0, 0.6973000000000003], lr=5.000e-05
Epoch: 0 [4820/10000 (48%)] Loss: 22.66458 = L_Mnfld: 8.10068 + L_NonMnfld: 4.35355 + L_Nrml: 0.00000 + L_Eknl: 7.74239 + L_Div: 0.00000 + L_Morse: 2.46796
Epoch: 0 [4820/10000 (48%)] Unweighted L_s : L_Mnfld: 0.00116,  L_NonMnfld: 0.00726,  L_Nrml: 0.00000,  L_Eknl: 0.15485, L_Morse: 3.53931

Weights: [7000.0, 600.0, 0, 50.0, 0.0, 0.664299999999999], lr=5.000e-05
Epoch: 0 [4830/10000 (48%)] Loss: 21.39509 = L_Mnfld: 8.13729 + L_NonMnfld: 3.43183 + L_Nrml: 0.00000 + L_Eknl: 7.33976 + L_Div: 0.00000 + L_Morse: 2.48621
Epoch: 0 [4830/10000 (48%)] Unweighted L_s : L_Mnfld: 0.00116,  L_NonMnfld: 0.00572,  L_Nrml: 0.00000,  L_Eknl: 0.14680, L_Morse: 3.74260

Weights: [7000.0, 600.0, 0, 50.0, 0.0, 0.6312999999999995], lr=5.000e-05
Epoch: 0 [4840/10000 (48%)] Loss: 26.31290 = L_Mnfld: 11.55110 + L_NonMnfld: 4.27337 + L_Nrml: 0.00000 + L_Eknl: 8.13934 + L_Div: 0.00000 + L_Morse: 2.34908
Epoch: 0 [4840/10000 (48%)] Unweighted L_s : L_Mnfld: 0.00165,  L_NonMnfld: 0.00712,  L_Nrml: 0.00000,  L_Eknl: 0.16279, L_Morse: 3.72103

Weights: [7000.0, 600.0, 0, 50.0, 0.0, 0.5983], lr=5.000e-05
Epoch: 0 [4850/10000 (48%)] Loss: 23.11765 = L_Mnfld: 9.25905 + L_NonMnfld: 3.84087 + L_Nrml: 0.00000 + L_Eknl: 7.74499 + L_Div: 0.00000 + L_Morse: 2.27274
Epoch: 0 [4850/10000 (48%)] Unweighted L_s : L_Mnfld: 0.00132,  L_NonMnfld: 0.00640,  L_Nrml: 0.00000,  L_Eknl: 0.15490, L_Morse: 3.79867

Weights: [7000.0, 600.0, 0, 50.0, 0.0, 0.5652999999999988], lr=5.000e-05
Epoch: 0 [4860/10000 (49%)] Loss: 23.07160 = L_Mnfld: 9.76842 + L_NonMnfld: 3.85137 + L_Nrml: 0.00000 + L_Eknl: 7.29381 + L_Div: 0.00000 + L_Morse: 2.15800
Epoch: 0 [4860/10000 (49%)] Unweighted L_s : L_Mnfld: 0.00140,  L_NonMnfld: 0.00642,  L_Nrml: 0.00000,  L_Eknl: 0.14588, L_Morse: 3.81745

Weights: [7000.0, 600.0, 0, 50.0, 0.0, 0.5322999999999993], lr=5.000e-05
Epoch: 0 [4870/10000 (49%)] Loss: 24.63329 = L_Mnfld: 11.34025 + L_NonMnfld: 3.92512 + L_Nrml: 0.00000 + L_Eknl: 7.27654 + L_Div: 0.00000 + L_Morse: 2.09138
Epoch: 0 [4870/10000 (49%)] Unweighted L_s : L_Mnfld: 0.00162,  L_NonMnfld: 0.00654,  L_Nrml: 0.00000,  L_Eknl: 0.14553, L_Morse: 3.92895

Weights: [7000.0, 600.0, 0, 50.0, 0.0, 0.49929999999999986], lr=5.000e-05
Epoch: 0 [4880/10000 (49%)] Loss: 20.88554 = L_Mnfld: 7.38170 + L_NonMnfld: 4.71208 + L_Nrml: 0.00000 + L_Eknl: 6.90556 + L_Div: 0.00000 + L_Morse: 1.88620
Epoch: 0 [4880/10000 (49%)] Unweighted L_s : L_Mnfld: 0.00105,  L_NonMnfld: 0.00785,  L_Nrml: 0.00000,  L_Eknl: 0.13811, L_Morse: 3.77769

Weights: [7000.0, 600.0, 0, 50.0, 0.0, 0.4662999999999986], lr=5.000e-05
Epoch: 0 [4890/10000 (49%)] Loss: 22.87390 = L_Mnfld: 9.59643 + L_NonMnfld: 4.30998 + L_Nrml: 0.00000 + L_Eknl: 7.06922 + L_Div: 0.00000 + L_Morse: 1.89827
Epoch: 0 [4890/10000 (49%)] Unweighted L_s : L_Mnfld: 0.00137,  L_NonMnfld: 0.00718,  L_Nrml: 0.00000,  L_Eknl: 0.14138, L_Morse: 4.07091

Weights: [7000.0, 600.0, 0, 50.0, 0.0, 0.43329999999999913], lr=5.000e-05
Epoch: 0 [4900/10000 (49%)] Loss: 22.83679 = L_Mnfld: 10.13227 + L_NonMnfld: 4.24380 + L_Nrml: 0.00000 + L_Eknl: 6.70903 + L_Div: 0.00000 + L_Morse: 1.75169
Epoch: 0 [4900/10000 (49%)] Unweighted L_s : L_Mnfld: 0.00145,  L_NonMnfld: 0.00707,  L_Nrml: 0.00000,  L_Eknl: 0.13418, L_Morse: 4.04268

Weights: [7000.0, 600.0, 0, 50.0, 0.0, 0.40029999999999966], lr=5.000e-05
Epoch: 0 [4910/10000 (49%)] Loss: 19.21277 = L_Mnfld: 6.12248 + L_NonMnfld: 4.46578 + L_Nrml: 0.00000 + L_Eknl: 6.92176 + L_Div: 0.00000 + L_Morse: 1.70275
Epoch: 0 [4910/10000 (49%)] Unweighted L_s : L_Mnfld: 0.00087,  L_NonMnfld: 0.00744,  L_Nrml: 0.00000,  L_Eknl: 0.13844, L_Morse: 4.25369

Weights: [7000.0, 600.0, 0, 50.0, 0.0, 0.3672999999999984], lr=5.000e-05
Epoch: 0 [4920/10000 (49%)] Loss: 20.55386 = L_Mnfld: 8.10539 + L_NonMnfld: 4.12601 + L_Nrml: 0.00000 + L_Eknl: 6.67169 + L_Div: 0.00000 + L_Morse: 1.65077
Epoch: 0 [4920/10000 (49%)] Unweighted L_s : L_Mnfld: 0.00116,  L_NonMnfld: 0.00688,  L_Nrml: 0.00000,  L_Eknl: 0.13343, L_Morse: 4.49434

Weights: [7000.0, 600.0, 0, 50.0, 0.0, 0.33429999999999893], lr=5.000e-05
Epoch: 0 [4930/10000 (49%)] Loss: 22.90059 = L_Mnfld: 10.86352 + L_NonMnfld: 4.09399 + L_Nrml: 0.00000 + L_Eknl: 6.42640 + L_Div: 0.00000 + L_Morse: 1.51669
Epoch: 0 [4930/10000 (49%)] Unweighted L_s : L_Mnfld: 0.00155,  L_NonMnfld: 0.00682,  L_Nrml: 0.00000,  L_Eknl: 0.12853, L_Morse: 4.53691

Weights: [7000.0, 600.0, 0, 50.0, 0.0, 0.30129999999999946], lr=5.000e-05
Epoch: 0 [4940/10000 (49%)] Loss: 17.09048 = L_Mnfld: 5.99708 + L_NonMnfld: 3.62260 + L_Nrml: 0.00000 + L_Eknl: 6.17155 + L_Div: 0.00000 + L_Morse: 1.29925
Epoch: 0 [4940/10000 (49%)] Unweighted L_s : L_Mnfld: 0.00086,  L_NonMnfld: 0.00604,  L_Nrml: 0.00000,  L_Eknl: 0.12343, L_Morse: 4.31216

Weights: [7000.0, 600.0, 0, 50.0, 0.0, 0.2682999999999982], lr=5.000e-05
Epoch: 0 [4950/10000 (50%)] Loss: 18.31586 = L_Mnfld: 6.84704 + L_NonMnfld: 3.80754 + L_Nrml: 0.00000 + L_Eknl: 6.51221 + L_Div: 0.00000 + L_Morse: 1.14907
Epoch: 0 [4950/10000 (50%)] Unweighted L_s : L_Mnfld: 0.00098,  L_NonMnfld: 0.00635,  L_Nrml: 0.00000,  L_Eknl: 0.13024, L_Morse: 4.28278

Weights: [7000.0, 600.0, 0, 50.0, 0.0, 0.2353000000000005], lr=5.000e-05
Epoch: 0 [4960/10000 (50%)] Loss: 23.92857 = L_Mnfld: 12.02758 + L_NonMnfld: 4.36689 + L_Nrml: 0.00000 + L_Eknl: 6.42914 + L_Div: 0.00000 + L_Morse: 1.10496
Epoch: 0 [4960/10000 (50%)] Unweighted L_s : L_Mnfld: 0.00172,  L_NonMnfld: 0.00728,  L_Nrml: 0.00000,  L_Eknl: 0.12858, L_Morse: 4.69596

Weights: [7000.0, 600.0, 0, 50.0, 0.0, 0.20229999999999926], lr=5.000e-05
Epoch: 0 [4970/10000 (50%)] Loss: 18.66054 = L_Mnfld: 7.50021 + L_NonMnfld: 3.58628 + L_Nrml: 0.00000 + L_Eknl: 6.58400 + L_Div: 0.00000 + L_Morse: 0.99005
Epoch: 0 [4970/10000 (50%)] Unweighted L_s : L_Mnfld: 0.00107,  L_NonMnfld: 0.00598,  L_Nrml: 0.00000,  L_Eknl: 0.13168, L_Morse: 4.89396

Weights: [7000.0, 600.0, 0, 50.0, 0.0, 0.16929999999999978], lr=5.000e-05
Epoch: 0 [4980/10000 (50%)] Loss: 21.09105 = L_Mnfld: 9.66387 + L_NonMnfld: 4.31016 + L_Nrml: 0.00000 + L_Eknl: 6.25853 + L_Div: 0.00000 + L_Morse: 0.85850
Epoch: 0 [4980/10000 (50%)] Unweighted L_s : L_Mnfld: 0.00138,  L_NonMnfld: 0.00718,  L_Nrml: 0.00000,  L_Eknl: 0.12517, L_Morse: 5.07085

Weights: [7000.0, 600.0, 0, 50.0, 0.0, 0.1363000000000003], lr=5.000e-05
Epoch: 0 [4990/10000 (50%)] Loss: 21.46627 = L_Mnfld: 10.85243 + L_NonMnfld: 3.75078 + L_Nrml: 0.00000 + L_Eknl: 6.13912 + L_Div: 0.00000 + L_Morse: 0.72394
Epoch: 0 [4990/10000 (50%)] Unweighted L_s : L_Mnfld: 0.00155,  L_NonMnfld: 0.00625,  L_Nrml: 0.00000,  L_Eknl: 0.12278, L_Morse: 5.31137

Weights: [7000.0, 600.0, 0, 50.0, 0.0, 0.10329999999999906], lr=5.000e-05
Epoch: 0 [5000/10000 (50%)] Loss: 17.16965 = L_Mnfld: 6.45819 + L_NonMnfld: 4.31799 + L_Nrml: 0.00000 + L_Eknl: 5.85241 + L_Div: 0.00000 + L_Morse: 0.54106
Epoch: 0 [5000/10000 (50%)] Unweighted L_s : L_Mnfld: 0.00092,  L_NonMnfld: 0.00720,  L_Nrml: 0.00000,  L_Eknl: 0.11705, L_Morse: 5.23774

Weights: [7000.0, 600.0, 0, 50.0, 0.0, 0.1], lr=5.000e-05
Epoch: 0 [5010/10000 (50%)] Loss: 18.22771 = L_Mnfld: 7.52394 + L_NonMnfld: 4.18731 + L_Nrml: 0.00000 + L_Eknl: 5.99540 + L_Div: 0.00000 + L_Morse: 0.52106
Epoch: 0 [5010/10000 (50%)] Unweighted L_s : L_Mnfld: 0.00107,  L_NonMnfld: 0.00698,  L_Nrml: 0.00000,  L_Eknl: 0.11991, L_Morse: 5.21065

Weights: [7000.0, 600.0, 0, 50.0, 0.0, 0.1], lr=5.000e-05
Epoch: 0 [5020/10000 (50%)] Loss: 22.16762 = L_Mnfld: 11.74297 + L_NonMnfld: 3.99286 + L_Nrml: 0.00000 + L_Eknl: 5.84170 + L_Div: 0.00000 + L_Morse: 0.59010
Epoch: 0 [5020/10000 (50%)] Unweighted L_s : L_Mnfld: 0.00168,  L_NonMnfld: 0.00665,  L_Nrml: 0.00000,  L_Eknl: 0.11683, L_Morse: 5.90095

Weights: [7000.0, 600.0, 0, 50.0, 0.0, 0.1], lr=5.000e-05
Epoch: 0 [5030/10000 (50%)] Loss: 17.01752 = L_Mnfld: 5.85049 + L_NonMnfld: 4.78935 + L_Nrml: 0.00000 + L_Eknl: 5.80154 + L_Div: 0.00000 + L_Morse: 0.57614
Epoch: 0 [5030/10000 (50%)] Unweighted L_s : L_Mnfld: 0.00084,  L_NonMnfld: 0.00798,  L_Nrml: 0.00000,  L_Eknl: 0.11603, L_Morse: 5.76138

Weights: [7000.0, 600.0, 0, 50.0, 0.0, 0.1], lr=5.000e-05
Epoch: 0 [5040/10000 (50%)] Loss: 16.65663 = L_Mnfld: 6.86327 + L_NonMnfld: 3.51930 + L_Nrml: 0.00000 + L_Eknl: 5.67897 + L_Div: 0.00000 + L_Morse: 0.59509
Epoch: 0 [5040/10000 (50%)] Unweighted L_s : L_Mnfld: 0.00098,  L_NonMnfld: 0.00587,  L_Nrml: 0.00000,  L_Eknl: 0.11358, L_Morse: 5.95089

Weights: [7000.0, 600.0, 0, 50.0, 0.0, 0.1], lr=5.000e-05
Epoch: 0 [5050/10000 (50%)] Loss: 21.62059 = L_Mnfld: 11.93776 + L_NonMnfld: 3.63161 + L_Nrml: 0.00000 + L_Eknl: 5.43800 + L_Div: 0.00000 + L_Morse: 0.61322
Epoch: 0 [5050/10000 (50%)] Unweighted L_s : L_Mnfld: 0.00171,  L_NonMnfld: 0.00605,  L_Nrml: 0.00000,  L_Eknl: 0.10876, L_Morse: 6.13215

Weights: [7000.0, 600.0, 0, 50.0, 0.0, 0.1], lr=5.000e-05
Epoch: 0 [5060/10000 (51%)] Loss: 16.93822 = L_Mnfld: 5.61262 + L_NonMnfld: 4.73602 + L_Nrml: 0.00000 + L_Eknl: 5.95950 + L_Div: 0.00000 + L_Morse: 0.63009
Epoch: 0 [5060/10000 (51%)] Unweighted L_s : L_Mnfld: 0.00080,  L_NonMnfld: 0.00789,  L_Nrml: 0.00000,  L_Eknl: 0.11919, L_Morse: 6.30094

Weights: [7000.0, 600.0, 0, 50.0, 0.0, 0.1], lr=5.000e-05
Epoch: 0 [5070/10000 (51%)] Loss: 18.61281 = L_Mnfld: 8.40997 + L_NonMnfld: 3.59621 + L_Nrml: 0.00000 + L_Eknl: 5.99057 + L_Div: 0.00000 + L_Morse: 0.61605
Epoch: 0 [5070/10000 (51%)] Unweighted L_s : L_Mnfld: 0.00120,  L_NonMnfld: 0.00599,  L_Nrml: 0.00000,  L_Eknl: 0.11981, L_Morse: 6.16052

Weights: [7000.0, 600.0, 0, 50.0, 0.0, 0.1], lr=5.000e-05
Epoch: 0 [5080/10000 (51%)] Loss: 20.58428 = L_Mnfld: 9.95319 + L_NonMnfld: 4.45655 + L_Nrml: 0.00000 + L_Eknl: 5.51552 + L_Div: 0.00000 + L_Morse: 0.65902
Epoch: 0 [5080/10000 (51%)] Unweighted L_s : L_Mnfld: 0.00142,  L_NonMnfld: 0.00743,  L_Nrml: 0.00000,  L_Eknl: 0.11031, L_Morse: 6.59022

Weights: [7000.0, 600.0, 0, 50.0, 0.0, 0.1], lr=5.000e-05
Epoch: 0 [5090/10000 (51%)] Loss: 18.02746 = L_Mnfld: 7.82558 + L_NonMnfld: 4.00185 + L_Nrml: 0.00000 + L_Eknl: 5.49374 + L_Div: 0.00000 + L_Morse: 0.70629
Epoch: 0 [5090/10000 (51%)] Unweighted L_s : L_Mnfld: 0.00112,  L_NonMnfld: 0.00667,  L_Nrml: 0.00000,  L_Eknl: 0.10987, L_Morse: 7.06291

Weights: [7000.0, 600.0, 0, 50.0, 0.0, 0.1], lr=5.000e-05
Epoch: 0 [5100/10000 (51%)] Loss: 18.60941 = L_Mnfld: 7.94711 + L_NonMnfld: 4.37684 + L_Nrml: 0.00000 + L_Eknl: 5.63499 + L_Div: 0.00000 + L_Morse: 0.65048
Epoch: 0 [5100/10000 (51%)] Unweighted L_s : L_Mnfld: 0.00114,  L_NonMnfld: 0.00729,  L_Nrml: 0.00000,  L_Eknl: 0.11270, L_Morse: 6.50479

Weights: [7000.0, 600.0, 0, 50.0, 0.0, 0.1], lr=5.000e-05
Epoch: 0 [5110/10000 (51%)] Loss: 21.12746 = L_Mnfld: 11.32738 + L_NonMnfld: 3.61934 + L_Nrml: 0.00000 + L_Eknl: 5.51758 + L_Div: 0.00000 + L_Morse: 0.66316
Epoch: 0 [5110/10000 (51%)] Unweighted L_s : L_Mnfld: 0.00162,  L_NonMnfld: 0.00603,  L_Nrml: 0.00000,  L_Eknl: 0.11035, L_Morse: 6.63160

Weights: [7000.0, 600.0, 0, 50.0, 0.0, 0.1], lr=5.000e-05
Epoch: 0 [5120/10000 (51%)] Loss: 17.53669 = L_Mnfld: 7.35547 + L_NonMnfld: 4.07466 + L_Nrml: 0.00000 + L_Eknl: 5.38686 + L_Div: 0.00000 + L_Morse: 0.71970
Epoch: 0 [5120/10000 (51%)] Unweighted L_s : L_Mnfld: 0.00105,  L_NonMnfld: 0.00679,  L_Nrml: 0.00000,  L_Eknl: 0.10774, L_Morse: 7.19704

Weights: [7000.0, 600.0, 0, 50.0, 0.0, 0.1], lr=5.000e-05
Epoch: 0 [5130/10000 (51%)] Loss: 18.16261 = L_Mnfld: 8.58515 + L_NonMnfld: 3.57400 + L_Nrml: 0.00000 + L_Eknl: 5.28979 + L_Div: 0.00000 + L_Morse: 0.71366
Epoch: 0 [5130/10000 (51%)] Unweighted L_s : L_Mnfld: 0.00123,  L_NonMnfld: 0.00596,  L_Nrml: 0.00000,  L_Eknl: 0.10580, L_Morse: 7.13663

Weights: [7000.0, 600.0, 0, 50.0, 0.0, 0.1], lr=5.000e-05
Epoch: 0 [5140/10000 (51%)] Loss: 20.86368 = L_Mnfld: 10.65706 + L_NonMnfld: 4.36380 + L_Nrml: 0.00000 + L_Eknl: 5.10009 + L_Div: 0.00000 + L_Morse: 0.74273
Epoch: 0 [5140/10000 (51%)] Unweighted L_s : L_Mnfld: 0.00152,  L_NonMnfld: 0.00727,  L_Nrml: 0.00000,  L_Eknl: 0.10200, L_Morse: 7.42734

Weights: [7000.0, 600.0, 0, 50.0, 0.0, 0.1], lr=5.000e-05
Epoch: 0 [5150/10000 (52%)] Loss: 15.50498 = L_Mnfld: 5.66039 + L_NonMnfld: 3.91529 + L_Nrml: 0.00000 + L_Eknl: 5.23866 + L_Div: 0.00000 + L_Morse: 0.69063
Epoch: 0 [5150/10000 (52%)] Unweighted L_s : L_Mnfld: 0.00081,  L_NonMnfld: 0.00653,  L_Nrml: 0.00000,  L_Eknl: 0.10477, L_Morse: 6.90632

Weights: [7000.0, 600.0, 0, 50.0, 0.0, 0.1], lr=5.000e-05
Epoch: 0 [5160/10000 (52%)] Loss: 17.62656 = L_Mnfld: 7.76027 + L_NonMnfld: 4.04427 + L_Nrml: 0.00000 + L_Eknl: 5.09641 + L_Div: 0.00000 + L_Morse: 0.72560
Epoch: 0 [5160/10000 (52%)] Unweighted L_s : L_Mnfld: 0.00111,  L_NonMnfld: 0.00674,  L_Nrml: 0.00000,  L_Eknl: 0.10193, L_Morse: 7.25604

Weights: [7000.0, 600.0, 0, 50.0, 0.0, 0.1], lr=5.000e-05
Epoch: 0 [5170/10000 (52%)] Loss: 19.35461 = L_Mnfld: 9.88535 + L_NonMnfld: 3.58552 + L_Nrml: 0.00000 + L_Eknl: 5.16799 + L_Div: 0.00000 + L_Morse: 0.71576
Epoch: 0 [5170/10000 (52%)] Unweighted L_s : L_Mnfld: 0.00141,  L_NonMnfld: 0.00598,  L_Nrml: 0.00000,  L_Eknl: 0.10336, L_Morse: 7.15756

Weights: [7000.0, 600.0, 0, 50.0, 0.0, 0.1], lr=5.000e-05
Epoch: 0 [5180/10000 (52%)] Loss: 16.54799 = L_Mnfld: 6.52428 + L_NonMnfld: 4.06735 + L_Nrml: 0.00000 + L_Eknl: 5.22443 + L_Div: 0.00000 + L_Morse: 0.73193
Epoch: 0 [5180/10000 (52%)] Unweighted L_s : L_Mnfld: 0.00093,  L_NonMnfld: 0.00678,  L_Nrml: 0.00000,  L_Eknl: 0.10449, L_Morse: 7.31934

Weights: [7000.0, 600.0, 0, 50.0, 0.0, 0.1], lr=5.000e-05
Epoch: 0 [5190/10000 (52%)] Loss: 17.58481 = L_Mnfld: 7.81778 + L_NonMnfld: 3.84348 + L_Nrml: 0.00000 + L_Eknl: 5.16773 + L_Div: 0.00000 + L_Morse: 0.75582
Epoch: 0 [5190/10000 (52%)] Unweighted L_s : L_Mnfld: 0.00112,  L_NonMnfld: 0.00641,  L_Nrml: 0.00000,  L_Eknl: 0.10335, L_Morse: 7.55823

Weights: [7000.0, 600.0, 0, 50.0, 0.0, 0.1], lr=5.000e-05
Epoch: 0 [5200/10000 (52%)] Loss: 20.64536 = L_Mnfld: 11.30388 + L_NonMnfld: 3.57419 + L_Nrml: 0.00000 + L_Eknl: 5.05107 + L_Div: 0.00000 + L_Morse: 0.71622
Epoch: 0 [5200/10000 (52%)] Unweighted L_s : L_Mnfld: 0.00161,  L_NonMnfld: 0.00596,  L_Nrml: 0.00000,  L_Eknl: 0.10102, L_Morse: 7.16221

Weights: [7000.0, 600.0, 0, 50.0, 0.0, 0.1], lr=5.000e-05
Epoch: 0 [5210/10000 (52%)] Loss: 15.87461 = L_Mnfld: 5.86308 + L_NonMnfld: 4.12492 + L_Nrml: 0.00000 + L_Eknl: 5.08797 + L_Div: 0.00000 + L_Morse: 0.79864
Epoch: 0 [5210/10000 (52%)] Unweighted L_s : L_Mnfld: 0.00084,  L_NonMnfld: 0.00687,  L_Nrml: 0.00000,  L_Eknl: 0.10176, L_Morse: 7.98640

Weights: [7000.0, 600.0, 0, 50.0, 0.0, 0.1], lr=5.000e-05
Epoch: 0 [5220/10000 (52%)] Loss: 17.32478 = L_Mnfld: 7.69871 + L_NonMnfld: 3.91646 + L_Nrml: 0.00000 + L_Eknl: 4.96037 + L_Div: 0.00000 + L_Morse: 0.74924
Epoch: 0 [5220/10000 (52%)] Unweighted L_s : L_Mnfld: 0.00110,  L_NonMnfld: 0.00653,  L_Nrml: 0.00000,  L_Eknl: 0.09921, L_Morse: 7.49239

Weights: [7000.0, 600.0, 0, 50.0, 0.0, 0.1], lr=5.000e-05
Epoch: 0 [5230/10000 (52%)] Loss: 19.28192 = L_Mnfld: 9.86158 + L_NonMnfld: 3.93112 + L_Nrml: 0.00000 + L_Eknl: 4.75745 + L_Div: 0.00000 + L_Morse: 0.73177
Epoch: 0 [5230/10000 (52%)] Unweighted L_s : L_Mnfld: 0.00141,  L_NonMnfld: 0.00655,  L_Nrml: 0.00000,  L_Eknl: 0.09515, L_Morse: 7.31771

Weights: [7000.0, 600.0, 0, 50.0, 0.0, 0.1], lr=5.000e-05
Epoch: 0 [5240/10000 (52%)] Loss: 16.79325 = L_Mnfld: 6.56994 + L_NonMnfld: 4.60009 + L_Nrml: 0.00000 + L_Eknl: 4.88265 + L_Div: 0.00000 + L_Morse: 0.74058
Epoch: 0 [5240/10000 (52%)] Unweighted L_s : L_Mnfld: 0.00094,  L_NonMnfld: 0.00767,  L_Nrml: 0.00000,  L_Eknl: 0.09765, L_Morse: 7.40578

Weights: [7000.0, 600.0, 0, 50.0, 0.0, 0.1], lr=5.000e-05
Epoch: 0 [5250/10000 (52%)] Loss: 17.61622 = L_Mnfld: 7.68174 + L_NonMnfld: 4.06700 + L_Nrml: 0.00000 + L_Eknl: 5.05710 + L_Div: 0.00000 + L_Morse: 0.81037
Epoch: 0 [5250/10000 (52%)] Unweighted L_s : L_Mnfld: 0.00110,  L_NonMnfld: 0.00678,  L_Nrml: 0.00000,  L_Eknl: 0.10114, L_Morse: 8.10374

Weights: [7000.0, 600.0, 0, 50.0, 0.0, 0.1], lr=5.000e-05
Epoch: 0 [5260/10000 (53%)] Loss: 20.19657 = L_Mnfld: 10.55882 + L_NonMnfld: 4.09558 + L_Nrml: 0.00000 + L_Eknl: 4.77438 + L_Div: 0.00000 + L_Morse: 0.76779
Epoch: 0 [5260/10000 (53%)] Unweighted L_s : L_Mnfld: 0.00151,  L_NonMnfld: 0.00683,  L_Nrml: 0.00000,  L_Eknl: 0.09549, L_Morse: 7.67786

Weights: [7000.0, 600.0, 0, 50.0, 0.0, 0.1], lr=5.000e-05
Epoch: 0 [5270/10000 (53%)] Loss: 17.62984 = L_Mnfld: 7.91224 + L_NonMnfld: 3.95446 + L_Nrml: 0.00000 + L_Eknl: 5.00137 + L_Div: 0.00000 + L_Morse: 0.76176
Epoch: 0 [5270/10000 (53%)] Unweighted L_s : L_Mnfld: 0.00113,  L_NonMnfld: 0.00659,  L_Nrml: 0.00000,  L_Eknl: 0.10003, L_Morse: 7.61756

Weights: [7000.0, 600.0, 0, 50.0, 0.0, 0.1], lr=5.000e-05
Epoch: 0 [5280/10000 (53%)] Loss: 16.91583 = L_Mnfld: 7.82715 + L_NonMnfld: 3.69935 + L_Nrml: 0.00000 + L_Eknl: 4.63310 + L_Div: 0.00000 + L_Morse: 0.75624
Epoch: 0 [5280/10000 (53%)] Unweighted L_s : L_Mnfld: 0.00112,  L_NonMnfld: 0.00617,  L_Nrml: 0.00000,  L_Eknl: 0.09266, L_Morse: 7.56235

Weights: [7000.0, 600.0, 0, 50.0, 0.0, 0.1], lr=5.000e-05
Epoch: 0 [5290/10000 (53%)] Loss: 21.20579 = L_Mnfld: 11.88374 + L_NonMnfld: 3.88720 + L_Nrml: 0.00000 + L_Eknl: 4.61625 + L_Div: 0.00000 + L_Morse: 0.81860
Epoch: 0 [5290/10000 (53%)] Unweighted L_s : L_Mnfld: 0.00170,  L_NonMnfld: 0.00648,  L_Nrml: 0.00000,  L_Eknl: 0.09233, L_Morse: 8.18598

Weights: [7000.0, 600.0, 0, 50.0, 0.0, 0.1], lr=5.000e-05
Epoch: 0 [5300/10000 (53%)] Loss: 16.72705 = L_Mnfld: 6.91409 + L_NonMnfld: 3.90748 + L_Nrml: 0.00000 + L_Eknl: 5.10190 + L_Div: 0.00000 + L_Morse: 0.80359
Epoch: 0 [5300/10000 (53%)] Unweighted L_s : L_Mnfld: 0.00099,  L_NonMnfld: 0.00651,  L_Nrml: 0.00000,  L_Eknl: 0.10204, L_Morse: 8.03586

Weights: [7000.0, 600.0, 0, 50.0, 0.0, 0.1], lr=5.000e-05
Epoch: 0 [5310/10000 (53%)] Loss: 19.18091 = L_Mnfld: 9.36969 + L_NonMnfld: 3.74249 + L_Nrml: 0.00000 + L_Eknl: 5.27966 + L_Div: 0.00000 + L_Morse: 0.78907
Epoch: 0 [5310/10000 (53%)] Unweighted L_s : L_Mnfld: 0.00134,  L_NonMnfld: 0.00624,  L_Nrml: 0.00000,  L_Eknl: 0.10559, L_Morse: 7.89066

Weights: [7000.0, 600.0, 0, 50.0, 0.0, 0.1], lr=5.000e-05
Epoch: 0 [5320/10000 (53%)] Loss: 19.70583 = L_Mnfld: 10.56024 + L_NonMnfld: 3.51667 + L_Nrml: 0.00000 + L_Eknl: 4.82993 + L_Div: 0.00000 + L_Morse: 0.79900
Epoch: 0 [5320/10000 (53%)] Unweighted L_s : L_Mnfld: 0.00151,  L_NonMnfld: 0.00586,  L_Nrml: 0.00000,  L_Eknl: 0.09660, L_Morse: 7.98998

Weights: [7000.0, 600.0, 0, 50.0, 0.0, 0.1], lr=5.000e-05
Epoch: 0 [5330/10000 (53%)] Loss: 17.82816 = L_Mnfld: 7.45262 + L_NonMnfld: 4.25060 + L_Nrml: 0.00000 + L_Eknl: 5.32631 + L_Div: 0.00000 + L_Morse: 0.79863
Epoch: 0 [5330/10000 (53%)] Unweighted L_s : L_Mnfld: 0.00106,  L_NonMnfld: 0.00708,  L_Nrml: 0.00000,  L_Eknl: 0.10653, L_Morse: 7.98631

Weights: [7000.0, 600.0, 0, 50.0, 0.0, 0.1], lr=5.000e-05
Epoch: 0 [5340/10000 (53%)] Loss: 18.22658 = L_Mnfld: 8.63528 + L_NonMnfld: 3.58039 + L_Nrml: 0.00000 + L_Eknl: 5.18355 + L_Div: 0.00000 + L_Morse: 0.82735
Epoch: 0 [5340/10000 (53%)] Unweighted L_s : L_Mnfld: 0.00123,  L_NonMnfld: 0.00597,  L_Nrml: 0.00000,  L_Eknl: 0.10367, L_Morse: 8.27354

Weights: [7000.0, 600.0, 0, 50.0, 0.0, 0.1], lr=5.000e-05
Epoch: 0 [5350/10000 (54%)] Loss: 19.69408 = L_Mnfld: 10.12423 + L_NonMnfld: 3.86609 + L_Nrml: 0.00000 + L_Eknl: 4.85477 + L_Div: 0.00000 + L_Morse: 0.84900
Epoch: 0 [5350/10000 (54%)] Unweighted L_s : L_Mnfld: 0.00145,  L_NonMnfld: 0.00644,  L_Nrml: 0.00000,  L_Eknl: 0.09710, L_Morse: 8.49000

Weights: [7000.0, 600.0, 0, 50.0, 0.0, 0.1], lr=5.000e-05
Epoch: 0 [5360/10000 (54%)] Loss: 17.98676 = L_Mnfld: 7.77526 + L_NonMnfld: 4.24691 + L_Nrml: 0.00000 + L_Eknl: 5.12620 + L_Div: 0.00000 + L_Morse: 0.83838
Epoch: 0 [5360/10000 (54%)] Unweighted L_s : L_Mnfld: 0.00111,  L_NonMnfld: 0.00708,  L_Nrml: 0.00000,  L_Eknl: 0.10252, L_Morse: 8.38383

Weights: [7000.0, 600.0, 0, 50.0, 0.0, 0.1], lr=5.000e-05
Epoch: 0 [5370/10000 (54%)] Loss: 17.67757 = L_Mnfld: 8.01902 + L_NonMnfld: 4.01147 + L_Nrml: 0.00000 + L_Eknl: 4.82242 + L_Div: 0.00000 + L_Morse: 0.82467
Epoch: 0 [5370/10000 (54%)] Unweighted L_s : L_Mnfld: 0.00115,  L_NonMnfld: 0.00669,  L_Nrml: 0.00000,  L_Eknl: 0.09645, L_Morse: 8.24667

Weights: [7000.0, 600.0, 0, 50.0, 0.0, 0.1], lr=5.000e-05
Epoch: 0 [5380/10000 (54%)] Loss: 21.22571 = L_Mnfld: 11.36736 + L_NonMnfld: 4.36550 + L_Nrml: 0.00000 + L_Eknl: 4.67727 + L_Div: 0.00000 + L_Morse: 0.81558
Epoch: 0 [5380/10000 (54%)] Unweighted L_s : L_Mnfld: 0.00162,  L_NonMnfld: 0.00728,  L_Nrml: 0.00000,  L_Eknl: 0.09355, L_Morse: 8.15581

Weights: [7000.0, 600.0, 0, 50.0, 0.0, 0.1], lr=5.000e-05
Epoch: 0 [5390/10000 (54%)] Loss: 16.10372 = L_Mnfld: 6.50616 + L_NonMnfld: 4.14689 + L_Nrml: 0.00000 + L_Eknl: 4.64095 + L_Div: 0.00000 + L_Morse: 0.80972
Epoch: 0 [5390/10000 (54%)] Unweighted L_s : L_Mnfld: 0.00093,  L_NonMnfld: 0.00691,  L_Nrml: 0.00000,  L_Eknl: 0.09282, L_Morse: 8.09724

Weights: [7000.0, 600.0, 0, 50.0, 0.0, 0.1], lr=5.000e-05
Epoch: 0 [5400/10000 (54%)] Loss: 18.02335 = L_Mnfld: 7.94654 + L_NonMnfld: 4.55166 + L_Nrml: 0.00000 + L_Eknl: 4.66673 + L_Div: 0.00000 + L_Morse: 0.85841
Epoch: 0 [5400/10000 (54%)] Unweighted L_s : L_Mnfld: 0.00114,  L_NonMnfld: 0.00759,  L_Nrml: 0.00000,  L_Eknl: 0.09333, L_Morse: 8.58415

Weights: [7000.0, 600.0, 0, 50.0, 0.0, 0.1], lr=5.000e-05
Epoch: 0 [5410/10000 (54%)] Loss: 19.30058 = L_Mnfld: 10.51859 + L_NonMnfld: 3.47949 + L_Nrml: 0.00000 + L_Eknl: 4.43541 + L_Div: 0.00000 + L_Morse: 0.86709
Epoch: 0 [5410/10000 (54%)] Unweighted L_s : L_Mnfld: 0.00150,  L_NonMnfld: 0.00580,  L_Nrml: 0.00000,  L_Eknl: 0.08871, L_Morse: 8.67093

Weights: [7000.0, 600.0, 0, 50.0, 0.0, 0.1], lr=5.000e-05
Epoch: 0 [5420/10000 (54%)] Loss: 15.28396 = L_Mnfld: 6.31157 + L_NonMnfld: 3.60916 + L_Nrml: 0.00000 + L_Eknl: 4.48901 + L_Div: 0.00000 + L_Morse: 0.87422
Epoch: 0 [5420/10000 (54%)] Unweighted L_s : L_Mnfld: 0.00090,  L_NonMnfld: 0.00602,  L_Nrml: 0.00000,  L_Eknl: 0.08978, L_Morse: 8.74219

Weights: [7000.0, 600.0, 0, 50.0, 0.0, 0.1], lr=5.000e-05
Epoch: 0 [5430/10000 (54%)] Loss: 17.03032 = L_Mnfld: 7.57562 + L_NonMnfld: 4.15931 + L_Nrml: 0.00000 + L_Eknl: 4.41835 + L_Div: 0.00000 + L_Morse: 0.87705
Epoch: 0 [5430/10000 (54%)] Unweighted L_s : L_Mnfld: 0.00108,  L_NonMnfld: 0.00693,  L_Nrml: 0.00000,  L_Eknl: 0.08837, L_Morse: 8.77046

Weights: [7000.0, 600.0, 0, 50.0, 0.0, 0.1], lr=5.000e-05
Epoch: 0 [5440/10000 (54%)] Loss: 20.63416 = L_Mnfld: 10.54760 + L_NonMnfld: 4.81659 + L_Nrml: 0.00000 + L_Eknl: 4.41898 + L_Div: 0.00000 + L_Morse: 0.85098
Epoch: 0 [5440/10000 (54%)] Unweighted L_s : L_Mnfld: 0.00151,  L_NonMnfld: 0.00803,  L_Nrml: 0.00000,  L_Eknl: 0.08838, L_Morse: 8.50980

Weights: [7000.0, 600.0, 0, 50.0, 0.0, 0.1], lr=5.000e-05
Epoch: 0 [5450/10000 (54%)] Loss: 17.09616 = L_Mnfld: 7.39414 + L_NonMnfld: 4.17084 + L_Nrml: 0.00000 + L_Eknl: 4.66216 + L_Div: 0.00000 + L_Morse: 0.86901
Epoch: 0 [5450/10000 (54%)] Unweighted L_s : L_Mnfld: 0.00106,  L_NonMnfld: 0.00695,  L_Nrml: 0.00000,  L_Eknl: 0.09324, L_Morse: 8.69008

Weights: [7000.0, 600.0, 0, 50.0, 0.0, 0.1], lr=5.000e-05
Epoch: 0 [5460/10000 (55%)] Loss: 17.09742 = L_Mnfld: 7.95108 + L_NonMnfld: 3.89007 + L_Nrml: 0.00000 + L_Eknl: 4.41068 + L_Div: 0.00000 + L_Morse: 0.84559
Epoch: 0 [5460/10000 (55%)] Unweighted L_s : L_Mnfld: 0.00114,  L_NonMnfld: 0.00648,  L_Nrml: 0.00000,  L_Eknl: 0.08821, L_Morse: 8.45590

Weights: [7000.0, 600.0, 0, 50.0, 0.0, 0.1], lr=5.000e-05
Epoch: 0 [5470/10000 (55%)] Loss: 19.63237 = L_Mnfld: 11.05643 + L_NonMnfld: 3.30883 + L_Nrml: 0.00000 + L_Eknl: 4.40165 + L_Div: 0.00000 + L_Morse: 0.86546
Epoch: 0 [5470/10000 (55%)] Unweighted L_s : L_Mnfld: 0.00158,  L_NonMnfld: 0.00551,  L_Nrml: 0.00000,  L_Eknl: 0.08803, L_Morse: 8.65459

Weights: [7000.0, 600.0, 0, 50.0, 0.0, 0.1], lr=5.000e-05
Epoch: 0 [5480/10000 (55%)] Loss: 16.04280 = L_Mnfld: 6.78534 + L_NonMnfld: 3.61722 + L_Nrml: 0.00000 + L_Eknl: 4.78334 + L_Div: 0.00000 + L_Morse: 0.85690
Epoch: 0 [5480/10000 (55%)] Unweighted L_s : L_Mnfld: 0.00097,  L_NonMnfld: 0.00603,  L_Nrml: 0.00000,  L_Eknl: 0.09567, L_Morse: 8.56895

Weights: [7000.0, 600.0, 0, 50.0, 0.0, 0.1], lr=5.000e-05
Epoch: 0 [5490/10000 (55%)] Loss: 16.90974 = L_Mnfld: 7.86446 + L_NonMnfld: 3.68028 + L_Nrml: 0.00000 + L_Eknl: 4.45538 + L_Div: 0.00000 + L_Morse: 0.90962
Epoch: 0 [5490/10000 (55%)] Unweighted L_s : L_Mnfld: 0.00112,  L_NonMnfld: 0.00613,  L_Nrml: 0.00000,  L_Eknl: 0.08911, L_Morse: 9.09618

Weights: [7000.0, 600.0, 0, 50.0, 0.0, 0.1], lr=5.000e-05
Epoch: 0 [5500/10000 (55%)] Loss: 20.10027 = L_Mnfld: 10.79096 + L_NonMnfld: 4.07814 + L_Nrml: 0.00000 + L_Eknl: 4.34058 + L_Div: 0.00000 + L_Morse: 0.89058
Epoch: 0 [5500/10000 (55%)] Unweighted L_s : L_Mnfld: 0.00154,  L_NonMnfld: 0.00680,  L_Nrml: 0.00000,  L_Eknl: 0.08681, L_Morse: 8.90583

Weights: [7000.0, 600.0, 0, 50.0, 0.0, 0.1], lr=5.000e-05
Epoch: 0 [5510/10000 (55%)] Loss: 15.96730 = L_Mnfld: 6.26976 + L_NonMnfld: 4.28512 + L_Nrml: 0.00000 + L_Eknl: 4.52255 + L_Div: 0.00000 + L_Morse: 0.88987
Epoch: 0 [5510/10000 (55%)] Unweighted L_s : L_Mnfld: 0.00090,  L_NonMnfld: 0.00714,  L_Nrml: 0.00000,  L_Eknl: 0.09045, L_Morse: 8.89865

Weights: [7000.0, 600.0, 0, 50.0, 0.0, 0.1], lr=5.000e-05
Epoch: 0 [5520/10000 (55%)] Loss: 16.54107 = L_Mnfld: 7.35805 + L_NonMnfld: 3.70657 + L_Nrml: 0.00000 + L_Eknl: 4.63528 + L_Div: 0.00000 + L_Morse: 0.84116
Epoch: 0 [5520/10000 (55%)] Unweighted L_s : L_Mnfld: 0.00105,  L_NonMnfld: 0.00618,  L_Nrml: 0.00000,  L_Eknl: 0.09271, L_Morse: 8.41163

Weights: [7000.0, 600.0, 0, 50.0, 0.0, 0.1], lr=5.000e-05
Epoch: 0 [5530/10000 (55%)] Loss: 20.17714 = L_Mnfld: 11.57728 + L_NonMnfld: 3.37711 + L_Nrml: 0.00000 + L_Eknl: 4.30831 + L_Div: 0.00000 + L_Morse: 0.91443
Epoch: 0 [5530/10000 (55%)] Unweighted L_s : L_Mnfld: 0.00165,  L_NonMnfld: 0.00563,  L_Nrml: 0.00000,  L_Eknl: 0.08617, L_Morse: 9.14433

Weights: [7000.0, 600.0, 0, 50.0, 0.0, 0.1], lr=5.000e-05
Epoch: 0 [5540/10000 (55%)] Loss: 15.36783 = L_Mnfld: 6.12158 + L_NonMnfld: 3.88284 + L_Nrml: 0.00000 + L_Eknl: 4.50389 + L_Div: 0.00000 + L_Morse: 0.85953
Epoch: 0 [5540/10000 (55%)] Unweighted L_s : L_Mnfld: 0.00087,  L_NonMnfld: 0.00647,  L_Nrml: 0.00000,  L_Eknl: 0.09008, L_Morse: 8.59530

Weights: [7000.0, 600.0, 0, 50.0, 0.0, 0.1], lr=5.000e-05
Epoch: 0 [5550/10000 (56%)] Loss: 16.01559 = L_Mnfld: 7.13382 + L_NonMnfld: 3.37523 + L_Nrml: 0.00000 + L_Eknl: 4.59720 + L_Div: 0.00000 + L_Morse: 0.90934
Epoch: 0 [5550/10000 (56%)] Unweighted L_s : L_Mnfld: 0.00102,  L_NonMnfld: 0.00563,  L_Nrml: 0.00000,  L_Eknl: 0.09194, L_Morse: 9.09343

Weights: [7000.0, 600.0, 0, 50.0, 0.0, 0.1], lr=5.000e-05
Epoch: 0 [5560/10000 (56%)] Loss: 20.02439 = L_Mnfld: 11.32840 + L_NonMnfld: 3.48071 + L_Nrml: 0.00000 + L_Eknl: 4.35544 + L_Div: 0.00000 + L_Morse: 0.85984
Epoch: 0 [5560/10000 (56%)] Unweighted L_s : L_Mnfld: 0.00162,  L_NonMnfld: 0.00580,  L_Nrml: 0.00000,  L_Eknl: 0.08711, L_Morse: 8.59841

Weights: [7000.0, 600.0, 0, 50.0, 0.0, 0.1], lr=5.000e-05
Epoch: 0 [5570/10000 (56%)] Loss: 15.60160 = L_Mnfld: 6.26209 + L_NonMnfld: 3.94270 + L_Nrml: 0.00000 + L_Eknl: 4.47585 + L_Div: 0.00000 + L_Morse: 0.92097
Epoch: 0 [5570/10000 (56%)] Unweighted L_s : L_Mnfld: 0.00089,  L_NonMnfld: 0.00657,  L_Nrml: 0.00000,  L_Eknl: 0.08952, L_Morse: 9.20967

Weights: [7000.0, 600.0, 0, 50.0, 0.0, 0.1], lr=5.000e-05
Epoch: 0 [5580/10000 (56%)] Loss: 17.99466 = L_Mnfld: 8.38198 + L_NonMnfld: 4.34450 + L_Nrml: 0.00000 + L_Eknl: 4.37166 + L_Div: 0.00000 + L_Morse: 0.89652
Epoch: 0 [5580/10000 (56%)] Unweighted L_s : L_Mnfld: 0.00120,  L_NonMnfld: 0.00724,  L_Nrml: 0.00000,  L_Eknl: 0.08743, L_Morse: 8.96516

Weights: [7000.0, 600.0, 0, 50.0, 0.0, 0.1], lr=5.000e-05
Epoch: 0 [5590/10000 (56%)] Loss: 19.05615 = L_Mnfld: 9.85107 + L_NonMnfld: 4.10796 + L_Nrml: 0.00000 + L_Eknl: 4.17815 + L_Div: 0.00000 + L_Morse: 0.91897
Epoch: 0 [5590/10000 (56%)] Unweighted L_s : L_Mnfld: 0.00141,  L_NonMnfld: 0.00685,  L_Nrml: 0.00000,  L_Eknl: 0.08356, L_Morse: 9.18973

Weights: [7000.0, 600.0, 0, 50.0, 0.0, 0.1], lr=5.000e-05
Epoch: 0 [5600/10000 (56%)] Loss: 16.28935 = L_Mnfld: 6.84159 + L_NonMnfld: 4.15829 + L_Nrml: 0.00000 + L_Eknl: 4.39315 + L_Div: 0.00000 + L_Morse: 0.89632
Epoch: 0 [5600/10000 (56%)] Unweighted L_s : L_Mnfld: 0.00098,  L_NonMnfld: 0.00693,  L_Nrml: 0.00000,  L_Eknl: 0.08786, L_Morse: 8.96316

Weights: [7000.0, 600.0, 0, 50.0, 0.0, 0.1], lr=5.000e-05
Epoch: 0 [5610/10000 (56%)] Loss: 16.98069 = L_Mnfld: 8.11120 + L_NonMnfld: 3.70002 + L_Nrml: 0.00000 + L_Eknl: 4.29007 + L_Div: 0.00000 + L_Morse: 0.87940
Epoch: 0 [5610/10000 (56%)] Unweighted L_s : L_Mnfld: 0.00116,  L_NonMnfld: 0.00617,  L_Nrml: 0.00000,  L_Eknl: 0.08580, L_Morse: 8.79395

Weights: [7000.0, 600.0, 0, 50.0, 0.0, 0.1], lr=5.000e-05
Epoch: 0 [5620/10000 (56%)] Loss: 18.87323 = L_Mnfld: 10.23368 + L_NonMnfld: 3.52308 + L_Nrml: 0.00000 + L_Eknl: 4.24705 + L_Div: 0.00000 + L_Morse: 0.86942
Epoch: 0 [5620/10000 (56%)] Unweighted L_s : L_Mnfld: 0.00146,  L_NonMnfld: 0.00587,  L_Nrml: 0.00000,  L_Eknl: 0.08494, L_Morse: 8.69421

Weights: [7000.0, 600.0, 0, 50.0, 0.0, 0.1], lr=5.000e-05
Epoch: 0 [5630/10000 (56%)] Loss: 16.71023 = L_Mnfld: 7.77575 + L_NonMnfld: 3.61046 + L_Nrml: 0.00000 + L_Eknl: 4.45596 + L_Div: 0.00000 + L_Morse: 0.86805
Epoch: 0 [5630/10000 (56%)] Unweighted L_s : L_Mnfld: 0.00111,  L_NonMnfld: 0.00602,  L_Nrml: 0.00000,  L_Eknl: 0.08912, L_Morse: 8.68055

Weights: [7000.0, 600.0, 0, 50.0, 0.0, 0.1], lr=5.000e-05
Epoch: 0 [5640/10000 (56%)] Loss: 16.58523 = L_Mnfld: 7.31984 + L_NonMnfld: 4.15038 + L_Nrml: 0.00000 + L_Eknl: 4.20983 + L_Div: 0.00000 + L_Morse: 0.90518
Epoch: 0 [5640/10000 (56%)] Unweighted L_s : L_Mnfld: 0.00105,  L_NonMnfld: 0.00692,  L_Nrml: 0.00000,  L_Eknl: 0.08420, L_Morse: 9.05180

Weights: [7000.0, 600.0, 0, 50.0, 0.0, 0.1], lr=5.000e-05
Epoch: 0 [5650/10000 (56%)] Loss: 19.90612 = L_Mnfld: 10.85423 + L_NonMnfld: 3.82279 + L_Nrml: 0.00000 + L_Eknl: 4.28308 + L_Div: 0.00000 + L_Morse: 0.94603
Epoch: 0 [5650/10000 (56%)] Unweighted L_s : L_Mnfld: 0.00155,  L_NonMnfld: 0.00637,  L_Nrml: 0.00000,  L_Eknl: 0.08566, L_Morse: 9.46028

Weights: [7000.0, 600.0, 0, 50.0, 0.0, 0.1], lr=5.000e-05
Epoch: 0 [5660/10000 (57%)] Loss: 15.60138 = L_Mnfld: 6.63090 + L_NonMnfld: 3.46435 + L_Nrml: 0.00000 + L_Eknl: 4.55521 + L_Div: 0.00000 + L_Morse: 0.95091
Epoch: 0 [5660/10000 (57%)] Unweighted L_s : L_Mnfld: 0.00095,  L_NonMnfld: 0.00577,  L_Nrml: 0.00000,  L_Eknl: 0.09110, L_Morse: 9.50913

Weights: [7000.0, 600.0, 0, 50.0, 0.0, 0.1], lr=5.000e-05
Epoch: 0 [5670/10000 (57%)] Loss: 16.56665 = L_Mnfld: 7.37531 + L_NonMnfld: 3.97313 + L_Nrml: 0.00000 + L_Eknl: 4.32666 + L_Div: 0.00000 + L_Morse: 0.89155
Epoch: 0 [5670/10000 (57%)] Unweighted L_s : L_Mnfld: 0.00105,  L_NonMnfld: 0.00662,  L_Nrml: 0.00000,  L_Eknl: 0.08653, L_Morse: 8.91548

Weights: [7000.0, 600.0, 0, 50.0, 0.0, 0.1], lr=5.000e-05
Epoch: 0 [5680/10000 (57%)] Loss: 20.75695 = L_Mnfld: 11.33701 + L_NonMnfld: 4.08377 + L_Nrml: 0.00000 + L_Eknl: 4.41771 + L_Div: 0.00000 + L_Morse: 0.91846
Epoch: 0 [5680/10000 (57%)] Unweighted L_s : L_Mnfld: 0.00162,  L_NonMnfld: 0.00681,  L_Nrml: 0.00000,  L_Eknl: 0.08835, L_Morse: 9.18460

Weights: [7000.0, 600.0, 0, 50.0, 0.0, 0.1], lr=5.000e-05
Epoch: 0 [5690/10000 (57%)] Loss: 16.33488 = L_Mnfld: 7.04032 + L_NonMnfld: 3.81710 + L_Nrml: 0.00000 + L_Eknl: 4.56585 + L_Div: 0.00000 + L_Morse: 0.91161
Epoch: 0 [5690/10000 (57%)] Unweighted L_s : L_Mnfld: 0.00101,  L_NonMnfld: 0.00636,  L_Nrml: 0.00000,  L_Eknl: 0.09132, L_Morse: 9.11607

Weights: [7000.0, 600.0, 0, 50.0, 0.0, 0.1], lr=5.000e-05
Epoch: 0 [5700/10000 (57%)] Loss: 18.30691 = L_Mnfld: 7.94969 + L_NonMnfld: 4.79959 + L_Nrml: 0.00000 + L_Eknl: 4.66454 + L_Div: 0.00000 + L_Morse: 0.89309
Epoch: 0 [5700/10000 (57%)] Unweighted L_s : L_Mnfld: 0.00114,  L_NonMnfld: 0.00800,  L_Nrml: 0.00000,  L_Eknl: 0.09329, L_Morse: 8.93088

Weights: [7000.0, 600.0, 0, 50.0, 0.0, 0.1], lr=5.000e-05
Epoch: 0 [5710/10000 (57%)] Loss: 22.21911 = L_Mnfld: 12.03930 + L_NonMnfld: 4.32164 + L_Nrml: 0.00000 + L_Eknl: 4.92840 + L_Div: 0.00000 + L_Morse: 0.92976
Epoch: 0 [5710/10000 (57%)] Unweighted L_s : L_Mnfld: 0.00172,  L_NonMnfld: 0.00720,  L_Nrml: 0.00000,  L_Eknl: 0.09857, L_Morse: 9.29763

Weights: [7000.0, 600.0, 0, 50.0, 0.0, 0.1], lr=5.000e-05
Epoch: 0 [5720/10000 (57%)] Loss: 23.85443 = L_Mnfld: 10.54315 + L_NonMnfld: 3.78322 + L_Nrml: 0.00000 + L_Eknl: 8.64139 + L_Div: 0.00000 + L_Morse: 0.88668
Epoch: 0 [5720/10000 (57%)] Unweighted L_s : L_Mnfld: 0.00151,  L_NonMnfld: 0.00631,  L_Nrml: 0.00000,  L_Eknl: 0.17283, L_Morse: 8.86677

Weights: [7000.0, 600.0, 0, 50.0, 0.0, 0.1], lr=5.000e-05
Epoch: 0 [5730/10000 (57%)] Loss: 29.26775 = L_Mnfld: 15.81006 + L_NonMnfld: 4.28459 + L_Nrml: 0.00000 + L_Eknl: 8.20914 + L_Div: 0.00000 + L_Morse: 0.96397
Epoch: 0 [5730/10000 (57%)] Unweighted L_s : L_Mnfld: 0.00226,  L_NonMnfld: 0.00714,  L_Nrml: 0.00000,  L_Eknl: 0.16418, L_Morse: 9.63969

Weights: [7000.0, 600.0, 0, 50.0, 0.0, 0.1], lr=5.000e-05
Epoch: 0 [5740/10000 (57%)] Loss: 31.03913 = L_Mnfld: 17.73961 + L_NonMnfld: 4.03106 + L_Nrml: 0.00000 + L_Eknl: 8.33523 + L_Div: 0.00000 + L_Morse: 0.93323
Epoch: 0 [5740/10000 (57%)] Unweighted L_s : L_Mnfld: 0.00253,  L_NonMnfld: 0.00672,  L_Nrml: 0.00000,  L_Eknl: 0.16670, L_Morse: 9.33233

Weights: [7000.0, 600.0, 0, 50.0, 0.0, 0.1], lr=5.000e-05
Epoch: 0 [5750/10000 (58%)] Loss: 25.50981 = L_Mnfld: 13.80905 + L_NonMnfld: 3.35971 + L_Nrml: 0.00000 + L_Eknl: 7.47455 + L_Div: 0.00000 + L_Morse: 0.86651
Epoch: 0 [5750/10000 (58%)] Unweighted L_s : L_Mnfld: 0.00197,  L_NonMnfld: 0.00560,  L_Nrml: 0.00000,  L_Eknl: 0.14949, L_Morse: 8.66506

Weights: [7000.0, 600.0, 0, 50.0, 0.0, 0.1], lr=5.000e-05
Epoch: 0 [5760/10000 (58%)] Loss: 28.82393 = L_Mnfld: 16.32396 + L_NonMnfld: 4.18267 + L_Nrml: 0.00000 + L_Eknl: 7.39401 + L_Div: 0.00000 + L_Morse: 0.92329
Epoch: 0 [5760/10000 (58%)] Unweighted L_s : L_Mnfld: 0.00233,  L_NonMnfld: 0.00697,  L_Nrml: 0.00000,  L_Eknl: 0.14788, L_Morse: 9.23289

Weights: [7000.0, 600.0, 0, 50.0, 0.0, 0.1], lr=5.000e-05
Epoch: 0 [5770/10000 (58%)] Loss: 28.98510 = L_Mnfld: 15.98591 + L_NonMnfld: 4.44006 + L_Nrml: 0.00000 + L_Eknl: 7.70128 + L_Div: 0.00000 + L_Morse: 0.85785
Epoch: 0 [5770/10000 (58%)] Unweighted L_s : L_Mnfld: 0.00228,  L_NonMnfld: 0.00740,  L_Nrml: 0.00000,  L_Eknl: 0.15403, L_Morse: 8.57850

Weights: [7000.0, 600.0, 0, 50.0, 0.0, 0.1], lr=5.000e-05
Epoch: 0 [5780/10000 (58%)] Loss: 35.16325 = L_Mnfld: 21.46023 + L_NonMnfld: 4.23717 + L_Nrml: 0.00000 + L_Eknl: 8.55889 + L_Div: 0.00000 + L_Morse: 0.90698
Epoch: 0 [5780/10000 (58%)] Unweighted L_s : L_Mnfld: 0.00307,  L_NonMnfld: 0.00706,  L_Nrml: 0.00000,  L_Eknl: 0.17118, L_Morse: 9.06978

Weights: [7000.0, 600.0, 0, 50.0, 0.0, 0.1], lr=5.000e-05
Epoch: 0 [5790/10000 (58%)] Loss: 24.83767 = L_Mnfld: 11.33321 + L_NonMnfld: 4.44435 + L_Nrml: 0.00000 + L_Eknl: 8.11378 + L_Div: 0.00000 + L_Morse: 0.94633
Epoch: 0 [5790/10000 (58%)] Unweighted L_s : L_Mnfld: 0.00162,  L_NonMnfld: 0.00741,  L_Nrml: 0.00000,  L_Eknl: 0.16228, L_Morse: 9.46333

Weights: [7000.0, 600.0, 0, 50.0, 0.0, 0.1], lr=5.000e-05
Epoch: 0 [5800/10000 (58%)] Loss: 26.38212 = L_Mnfld: 14.02496 + L_NonMnfld: 3.75926 + L_Nrml: 0.00000 + L_Eknl: 7.66595 + L_Div: 0.00000 + L_Morse: 0.93194
Epoch: 0 [5800/10000 (58%)] Unweighted L_s : L_Mnfld: 0.00200,  L_NonMnfld: 0.00627,  L_Nrml: 0.00000,  L_Eknl: 0.15332, L_Morse: 9.31945

Weights: [7000.0, 600.0, 0, 50.0, 0.0, 0.1], lr=5.000e-05
Epoch: 0 [5810/10000 (58%)] Loss: 23.56864 = L_Mnfld: 11.78887 + L_NonMnfld: 4.29858 + L_Nrml: 0.00000 + L_Eknl: 6.59070 + L_Div: 0.00000 + L_Morse: 0.89048
Epoch: 0 [5810/10000 (58%)] Unweighted L_s : L_Mnfld: 0.00168,  L_NonMnfld: 0.00716,  L_Nrml: 0.00000,  L_Eknl: 0.13181, L_Morse: 8.90483

Weights: [7000.0, 600.0, 0, 50.0, 0.0, 0.1], lr=5.000e-05
Epoch: 0 [5820/10000 (58%)] Loss: 23.22936 = L_Mnfld: 11.74535 + L_NonMnfld: 3.96061 + L_Nrml: 0.00000 + L_Eknl: 6.59446 + L_Div: 0.00000 + L_Morse: 0.92894
Epoch: 0 [5820/10000 (58%)] Unweighted L_s : L_Mnfld: 0.00168,  L_NonMnfld: 0.00660,  L_Nrml: 0.00000,  L_Eknl: 0.13189, L_Morse: 9.28937

Weights: [7000.0, 600.0, 0, 50.0, 0.0, 0.1], lr=5.000e-05
Epoch: 0 [5830/10000 (58%)] Loss: 27.34002 = L_Mnfld: 14.19093 + L_NonMnfld: 4.28992 + L_Nrml: 0.00000 + L_Eknl: 7.91580 + L_Div: 0.00000 + L_Morse: 0.94338
Epoch: 0 [5830/10000 (58%)] Unweighted L_s : L_Mnfld: 0.00203,  L_NonMnfld: 0.00715,  L_Nrml: 0.00000,  L_Eknl: 0.15832, L_Morse: 9.43377

Weights: [7000.0, 600.0, 0, 50.0, 0.0, 0.1], lr=5.000e-05
Epoch: 0 [5840/10000 (58%)] Loss: 26.07729 = L_Mnfld: 15.18452 + L_NonMnfld: 3.18160 + L_Nrml: 0.00000 + L_Eknl: 6.78696 + L_Div: 0.00000 + L_Morse: 0.92420
Epoch: 0 [5840/10000 (58%)] Unweighted L_s : L_Mnfld: 0.00217,  L_NonMnfld: 0.00530,  L_Nrml: 0.00000,  L_Eknl: 0.13574, L_Morse: 9.24204

Weights: [7000.0, 600.0, 0, 50.0, 0.0, 0.1], lr=5.000e-05
Epoch: 0 [5850/10000 (58%)] Loss: 29.45073 = L_Mnfld: 16.70738 + L_NonMnfld: 3.67001 + L_Nrml: 0.00000 + L_Eknl: 8.08977 + L_Div: 0.00000 + L_Morse: 0.98357
Epoch: 0 [5850/10000 (58%)] Unweighted L_s : L_Mnfld: 0.00239,  L_NonMnfld: 0.00612,  L_Nrml: 0.00000,  L_Eknl: 0.16180, L_Morse: 9.83566

Weights: [7000.0, 600.0, 0, 50.0, 0.0, 0.1], lr=5.000e-05
Epoch: 0 [5860/10000 (59%)] Loss: 24.74492 = L_Mnfld: 12.38017 + L_NonMnfld: 4.02447 + L_Nrml: 0.00000 + L_Eknl: 7.37778 + L_Div: 0.00000 + L_Morse: 0.96250
Epoch: 0 [5860/10000 (59%)] Unweighted L_s : L_Mnfld: 0.00177,  L_NonMnfld: 0.00671,  L_Nrml: 0.00000,  L_Eknl: 0.14756, L_Morse: 9.62502

Weights: [7000.0, 600.0, 0, 50.0, 0.0, 0.1], lr=5.000e-05
Epoch: 0 [5870/10000 (59%)] Loss: 20.83866 = L_Mnfld: 10.17496 + L_NonMnfld: 3.31380 + L_Nrml: 0.00000 + L_Eknl: 6.39233 + L_Div: 0.00000 + L_Morse: 0.95757
Epoch: 0 [5870/10000 (59%)] Unweighted L_s : L_Mnfld: 0.00145,  L_NonMnfld: 0.00552,  L_Nrml: 0.00000,  L_Eknl: 0.12785, L_Morse: 9.57568

Weights: [7000.0, 600.0, 0, 50.0, 0.0, 0.1], lr=5.000e-05
Epoch: 0 [5880/10000 (59%)] Loss: 18.46018 = L_Mnfld: 7.40666 + L_NonMnfld: 4.33743 + L_Nrml: 0.00000 + L_Eknl: 5.71933 + L_Div: 0.00000 + L_Morse: 0.99676
Epoch: 0 [5880/10000 (59%)] Unweighted L_s : L_Mnfld: 0.00106,  L_NonMnfld: 0.00723,  L_Nrml: 0.00000,  L_Eknl: 0.11439, L_Morse: 9.96763

Weights: [7000.0, 600.0, 0, 50.0, 0.0, 0.1], lr=5.000e-05
Epoch: 0 [5890/10000 (59%)] Loss: 16.52020 = L_Mnfld: 6.80238 + L_NonMnfld: 3.28758 + L_Nrml: 0.00000 + L_Eknl: 5.44970 + L_Div: 0.00000 + L_Morse: 0.98054
Epoch: 0 [5890/10000 (59%)] Unweighted L_s : L_Mnfld: 0.00097,  L_NonMnfld: 0.00548,  L_Nrml: 0.00000,  L_Eknl: 0.10899, L_Morse: 9.80541

Weights: [7000.0, 600.0, 0, 50.0, 0.0, 0.1], lr=5.000e-05
Epoch: 0 [5900/10000 (59%)] Loss: 17.09861 = L_Mnfld: 7.12514 + L_NonMnfld: 4.00340 + L_Nrml: 0.00000 + L_Eknl: 5.05226 + L_Div: 0.00000 + L_Morse: 0.91782
Epoch: 0 [5900/10000 (59%)] Unweighted L_s : L_Mnfld: 0.00102,  L_NonMnfld: 0.00667,  L_Nrml: 0.00000,  L_Eknl: 0.10105, L_Morse: 9.17817

Weights: [7000.0, 600.0, 0, 50.0, 0.0, 0.1], lr=5.000e-05
Epoch: 0 [5910/10000 (59%)] Loss: 15.73167 = L_Mnfld: 6.90883 + L_NonMnfld: 3.15275 + L_Nrml: 0.00000 + L_Eknl: 4.70226 + L_Div: 0.00000 + L_Morse: 0.96783
Epoch: 0 [5910/10000 (59%)] Unweighted L_s : L_Mnfld: 0.00099,  L_NonMnfld: 0.00525,  L_Nrml: 0.00000,  L_Eknl: 0.09405, L_Morse: 9.67835

Weights: [7000.0, 600.0, 0, 50.0, 0.0, 0.1], lr=5.000e-05
Epoch: 0 [5920/10000 (59%)] Loss: 14.70904 = L_Mnfld: 4.72868 + L_NonMnfld: 4.30824 + L_Nrml: 0.00000 + L_Eknl: 4.65436 + L_Div: 0.00000 + L_Morse: 1.01775
Epoch: 0 [5920/10000 (59%)] Unweighted L_s : L_Mnfld: 0.00068,  L_NonMnfld: 0.00718,  L_Nrml: 0.00000,  L_Eknl: 0.09309, L_Morse: 10.17754

Weights: [7000.0, 600.0, 0, 50.0, 0.0, 0.1], lr=5.000e-05
Epoch: 0 [5930/10000 (59%)] Loss: 15.28458 = L_Mnfld: 5.82716 + L_NonMnfld: 4.05798 + L_Nrml: 0.00000 + L_Eknl: 4.46629 + L_Div: 0.00000 + L_Morse: 0.93315
Epoch: 0 [5930/10000 (59%)] Unweighted L_s : L_Mnfld: 0.00083,  L_NonMnfld: 0.00676,  L_Nrml: 0.00000,  L_Eknl: 0.08933, L_Morse: 9.33147

Weights: [7000.0, 600.0, 0, 50.0, 0.0, 0.1], lr=5.000e-05
Epoch: 0 [5940/10000 (59%)] Loss: 15.35651 = L_Mnfld: 5.13489 + L_NonMnfld: 4.84571 + L_Nrml: 0.00000 + L_Eknl: 4.41256 + L_Div: 0.00000 + L_Morse: 0.96335
Epoch: 0 [5940/10000 (59%)] Unweighted L_s : L_Mnfld: 0.00073,  L_NonMnfld: 0.00808,  L_Nrml: 0.00000,  L_Eknl: 0.08825, L_Morse: 9.63353

Weights: [7000.0, 600.0, 0, 50.0, 0.0, 0.1], lr=5.000e-05
Epoch: 0 [5950/10000 (60%)] Loss: 14.37200 = L_Mnfld: 5.44935 + L_NonMnfld: 3.63952 + L_Nrml: 0.00000 + L_Eknl: 4.33009 + L_Div: 0.00000 + L_Morse: 0.95303
Epoch: 0 [5950/10000 (60%)] Unweighted L_s : L_Mnfld: 0.00078,  L_NonMnfld: 0.00607,  L_Nrml: 0.00000,  L_Eknl: 0.08660, L_Morse: 9.53034

Weights: [7000.0, 600.0, 0, 50.0, 0.0, 0.1], lr=5.000e-05
Epoch: 0 [5960/10000 (60%)] Loss: 13.71955 = L_Mnfld: 4.62563 + L_NonMnfld: 3.80748 + L_Nrml: 0.00000 + L_Eknl: 4.30901 + L_Div: 0.00000 + L_Morse: 0.97742
Epoch: 0 [5960/10000 (60%)] Unweighted L_s : L_Mnfld: 0.00066,  L_NonMnfld: 0.00635,  L_Nrml: 0.00000,  L_Eknl: 0.08618, L_Morse: 9.77420

Weights: [7000.0, 600.0, 0, 50.0, 0.0, 0.1], lr=5.000e-05
Epoch: 0 [5970/10000 (60%)] Loss: 13.86218 = L_Mnfld: 4.77746 + L_NonMnfld: 3.77693 + L_Nrml: 0.00000 + L_Eknl: 4.34675 + L_Div: 0.00000 + L_Morse: 0.96103
Epoch: 0 [5970/10000 (60%)] Unweighted L_s : L_Mnfld: 0.00068,  L_NonMnfld: 0.00629,  L_Nrml: 0.00000,  L_Eknl: 0.08694, L_Morse: 9.61029

Weights: [7000.0, 600.0, 0, 50.0, 0.0, 0.1], lr=5.000e-05
Epoch: 0 [5980/10000 (60%)] Loss: 14.33903 = L_Mnfld: 5.25001 + L_NonMnfld: 3.86192 + L_Nrml: 0.00000 + L_Eknl: 4.27837 + L_Div: 0.00000 + L_Morse: 0.94872
Epoch: 0 [5980/10000 (60%)] Unweighted L_s : L_Mnfld: 0.00075,  L_NonMnfld: 0.00644,  L_Nrml: 0.00000,  L_Eknl: 0.08557, L_Morse: 9.48725

Weights: [7000.0, 600.0, 0, 50.0, 0.0, 0.1], lr=5.000e-05
Epoch: 0 [5990/10000 (60%)] Loss: 14.48085 = L_Mnfld: 5.18385 + L_NonMnfld: 4.12103 + L_Nrml: 0.00000 + L_Eknl: 4.20130 + L_Div: 0.00000 + L_Morse: 0.97466
Epoch: 0 [5990/10000 (60%)] Unweighted L_s : L_Mnfld: 0.00074,  L_NonMnfld: 0.00687,  L_Nrml: 0.00000,  L_Eknl: 0.08403, L_Morse: 9.74665

Weights: [7000.0, 600.0, 0, 50.0, 0.0, 0.1], lr=5.000e-05
Epoch: 0 [6000/10000 (60%)] Loss: 13.53243 = L_Mnfld: 4.84501 + L_NonMnfld: 3.44050 + L_Nrml: 0.00000 + L_Eknl: 4.19866 + L_Div: 0.00000 + L_Morse: 1.04825
Epoch: 0 [6000/10000 (60%)] Unweighted L_s : L_Mnfld: 0.00069,  L_NonMnfld: 0.00573,  L_Nrml: 0.00000,  L_Eknl: 0.08397, L_Morse: 10.48254

Weights: [7000.0, 600.0, 0, 50.0, 0.0, 0.1], lr=5.000e-05
Epoch: 0 [6010/10000 (60%)] Loss: 13.65494 = L_Mnfld: 5.04054 + L_NonMnfld: 3.50642 + L_Nrml: 0.00000 + L_Eknl: 4.09023 + L_Div: 0.00000 + L_Morse: 1.01775
Epoch: 0 [6010/10000 (60%)] Unweighted L_s : L_Mnfld: 0.00072,  L_NonMnfld: 0.00584,  L_Nrml: 0.00000,  L_Eknl: 0.08180, L_Morse: 10.17749

Weights: [7000.0, 600.0, 0, 50.0, 0.0, 0.1], lr=5.000e-05
Epoch: 0 [6020/10000 (60%)] Loss: 14.01437 = L_Mnfld: 4.66942 + L_NonMnfld: 4.25941 + L_Nrml: 0.00000 + L_Eknl: 4.12119 + L_Div: 0.00000 + L_Morse: 0.96435
Epoch: 0 [6020/10000 (60%)] Unweighted L_s : L_Mnfld: 0.00067,  L_NonMnfld: 0.00710,  L_Nrml: 0.00000,  L_Eknl: 0.08242, L_Morse: 9.64347

Weights: [7000.0, 600.0, 0, 50.0, 0.0, 0.1], lr=5.000e-05
Epoch: 0 [6030/10000 (60%)] Loss: 13.50736 = L_Mnfld: 4.77933 + L_NonMnfld: 3.78255 + L_Nrml: 0.00000 + L_Eknl: 3.96398 + L_Div: 0.00000 + L_Morse: 0.98150
Epoch: 0 [6030/10000 (60%)] Unweighted L_s : L_Mnfld: 0.00068,  L_NonMnfld: 0.00630,  L_Nrml: 0.00000,  L_Eknl: 0.07928, L_Morse: 9.81496

Weights: [7000.0, 600.0, 0, 50.0, 0.0, 0.1], lr=5.000e-05
Epoch: 0 [6040/10000 (60%)] Loss: 12.97723 = L_Mnfld: 4.32602 + L_NonMnfld: 3.55982 + L_Nrml: 0.00000 + L_Eknl: 4.06839 + L_Div: 0.00000 + L_Morse: 1.02300
Epoch: 0 [6040/10000 (60%)] Unweighted L_s : L_Mnfld: 0.00062,  L_NonMnfld: 0.00593,  L_Nrml: 0.00000,  L_Eknl: 0.08137, L_Morse: 10.22999

Weights: [7000.0, 600.0, 0, 50.0, 0.0, 0.1], lr=5.000e-05
Epoch: 0 [6050/10000 (60%)] Loss: 13.43138 = L_Mnfld: 4.99400 + L_NonMnfld: 3.45961 + L_Nrml: 0.00000 + L_Eknl: 3.99882 + L_Div: 0.00000 + L_Morse: 0.97896
Epoch: 0 [6050/10000 (60%)] Unweighted L_s : L_Mnfld: 0.00071,  L_NonMnfld: 0.00577,  L_Nrml: 0.00000,  L_Eknl: 0.07998, L_Morse: 9.78958

Weights: [7000.0, 600.0, 0, 50.0, 0.0, 0.1], lr=5.000e-05
Epoch: 0 [6060/10000 (61%)] Loss: 13.59224 = L_Mnfld: 4.16747 + L_NonMnfld: 4.38895 + L_Nrml: 0.00000 + L_Eknl: 4.02333 + L_Div: 0.00000 + L_Morse: 1.01249
Epoch: 0 [6060/10000 (61%)] Unweighted L_s : L_Mnfld: 0.00060,  L_NonMnfld: 0.00731,  L_Nrml: 0.00000,  L_Eknl: 0.08047, L_Morse: 10.12487

Weights: [7000.0, 600.0, 0, 50.0, 0.0, 0.1], lr=5.000e-05
Epoch: 0 [6070/10000 (61%)] Loss: 13.72963 = L_Mnfld: 5.10781 + L_NonMnfld: 3.66801 + L_Nrml: 0.00000 + L_Eknl: 3.92879 + L_Div: 0.00000 + L_Morse: 1.02502
Epoch: 0 [6070/10000 (61%)] Unweighted L_s : L_Mnfld: 0.00073,  L_NonMnfld: 0.00611,  L_Nrml: 0.00000,  L_Eknl: 0.07858, L_Morse: 10.25021

Weights: [7000.0, 600.0, 0, 50.0, 0.0, 0.1], lr=5.000e-05
Epoch: 0 [6080/10000 (61%)] Loss: 12.92924 = L_Mnfld: 4.30250 + L_NonMnfld: 3.70916 + L_Nrml: 0.00000 + L_Eknl: 3.91907 + L_Div: 0.00000 + L_Morse: 0.99852
Epoch: 0 [6080/10000 (61%)] Unweighted L_s : L_Mnfld: 0.00061,  L_NonMnfld: 0.00618,  L_Nrml: 0.00000,  L_Eknl: 0.07838, L_Morse: 9.98515

Weights: [7000.0, 600.0, 0, 50.0, 0.0, 0.1], lr=5.000e-05
Epoch: 0 [6090/10000 (61%)] Loss: 13.93952 = L_Mnfld: 4.54714 + L_NonMnfld: 4.38811 + L_Nrml: 0.00000 + L_Eknl: 3.96537 + L_Div: 0.00000 + L_Morse: 1.03889
Epoch: 0 [6090/10000 (61%)] Unweighted L_s : L_Mnfld: 0.00065,  L_NonMnfld: 0.00731,  L_Nrml: 0.00000,  L_Eknl: 0.07931, L_Morse: 10.38892

Weights: [7000.0, 600.0, 0, 50.0, 0.0, 0.1], lr=5.000e-05
Epoch: 0 [6100/10000 (61%)] Loss: 13.92778 = L_Mnfld: 4.82509 + L_NonMnfld: 4.13784 + L_Nrml: 0.00000 + L_Eknl: 3.94332 + L_Div: 0.00000 + L_Morse: 1.02153
Epoch: 0 [6100/10000 (61%)] Unweighted L_s : L_Mnfld: 0.00069,  L_NonMnfld: 0.00690,  L_Nrml: 0.00000,  L_Eknl: 0.07887, L_Morse: 10.21530

Weights: [7000.0, 600.0, 0, 50.0, 0.0, 0.1], lr=5.000e-05
Epoch: 0 [6110/10000 (61%)] Loss: 13.46263 = L_Mnfld: 4.75338 + L_NonMnfld: 3.79281 + L_Nrml: 0.00000 + L_Eknl: 3.90534 + L_Div: 0.00000 + L_Morse: 1.01110
Epoch: 0 [6110/10000 (61%)] Unweighted L_s : L_Mnfld: 0.00068,  L_NonMnfld: 0.00632,  L_Nrml: 0.00000,  L_Eknl: 0.07811, L_Morse: 10.11103

Weights: [7000.0, 600.0, 0, 50.0, 0.0, 0.1], lr=5.000e-05
Epoch: 0 [6120/10000 (61%)] Loss: 13.77580 = L_Mnfld: 4.92201 + L_NonMnfld: 3.82900 + L_Nrml: 0.00000 + L_Eknl: 3.99050 + L_Div: 0.00000 + L_Morse: 1.03429
Epoch: 0 [6120/10000 (61%)] Unweighted L_s : L_Mnfld: 0.00070,  L_NonMnfld: 0.00638,  L_Nrml: 0.00000,  L_Eknl: 0.07981, L_Morse: 10.34294

Weights: [7000.0, 600.0, 0, 50.0, 0.0, 0.1], lr=5.000e-05
Epoch: 0 [6130/10000 (61%)] Loss: 13.89602 = L_Mnfld: 4.75425 + L_NonMnfld: 4.12715 + L_Nrml: 0.00000 + L_Eknl: 3.95684 + L_Div: 0.00000 + L_Morse: 1.05778
Epoch: 0 [6130/10000 (61%)] Unweighted L_s : L_Mnfld: 0.00068,  L_NonMnfld: 0.00688,  L_Nrml: 0.00000,  L_Eknl: 0.07914, L_Morse: 10.57778

Weights: [7000.0, 600.0, 0, 50.0, 0.0, 0.1], lr=5.000e-05
Epoch: 0 [6140/10000 (61%)] Loss: 13.20540 = L_Mnfld: 4.73454 + L_NonMnfld: 3.61281 + L_Nrml: 0.00000 + L_Eknl: 3.87843 + L_Div: 0.00000 + L_Morse: 0.97962
Epoch: 0 [6140/10000 (61%)] Unweighted L_s : L_Mnfld: 0.00068,  L_NonMnfld: 0.00602,  L_Nrml: 0.00000,  L_Eknl: 0.07757, L_Morse: 9.79615

Weights: [7000.0, 600.0, 0, 50.0, 0.0, 0.1], lr=5.000e-05
Epoch: 0 [6150/10000 (62%)] Loss: 13.47526 = L_Mnfld: 4.97683 + L_NonMnfld: 3.60220 + L_Nrml: 0.00000 + L_Eknl: 3.88725 + L_Div: 0.00000 + L_Morse: 1.00898
Epoch: 0 [6150/10000 (62%)] Unweighted L_s : L_Mnfld: 0.00071,  L_NonMnfld: 0.00600,  L_Nrml: 0.00000,  L_Eknl: 0.07775, L_Morse: 10.08982

Weights: [7000.0, 600.0, 0, 50.0, 0.0, 0.1], lr=5.000e-05
Epoch: 0 [6160/10000 (62%)] Loss: 14.18284 = L_Mnfld: 4.64476 + L_NonMnfld: 4.70038 + L_Nrml: 0.00000 + L_Eknl: 3.87102 + L_Div: 0.00000 + L_Morse: 0.96668
Epoch: 0 [6160/10000 (62%)] Unweighted L_s : L_Mnfld: 0.00066,  L_NonMnfld: 0.00783,  L_Nrml: 0.00000,  L_Eknl: 0.07742, L_Morse: 9.66678

Weights: [7000.0, 600.0, 0, 50.0, 0.0, 0.1], lr=5.000e-05
Epoch: 0 [6170/10000 (62%)] Loss: 13.34560 = L_Mnfld: 4.79028 + L_NonMnfld: 3.84500 + L_Nrml: 0.00000 + L_Eknl: 3.72629 + L_Div: 0.00000 + L_Morse: 0.98402
Epoch: 0 [6170/10000 (62%)] Unweighted L_s : L_Mnfld: 0.00068,  L_NonMnfld: 0.00641,  L_Nrml: 0.00000,  L_Eknl: 0.07453, L_Morse: 9.84024

Weights: [7000.0, 600.0, 0, 50.0, 0.0, 0.1], lr=5.000e-05
Epoch: 0 [6180/10000 (62%)] Loss: 13.18501 = L_Mnfld: 4.20784 + L_NonMnfld: 4.13225 + L_Nrml: 0.00000 + L_Eknl: 3.80461 + L_Div: 0.00000 + L_Morse: 1.04031
Epoch: 0 [6180/10000 (62%)] Unweighted L_s : L_Mnfld: 0.00060,  L_NonMnfld: 0.00689,  L_Nrml: 0.00000,  L_Eknl: 0.07609, L_Morse: 10.40313

Weights: [7000.0, 600.0, 0, 50.0, 0.0, 0.1], lr=5.000e-05
Epoch: 0 [6190/10000 (62%)] Loss: 12.87734 = L_Mnfld: 4.63209 + L_NonMnfld: 3.49453 + L_Nrml: 0.00000 + L_Eknl: 3.75317 + L_Div: 0.00000 + L_Morse: 0.99755
Epoch: 0 [6190/10000 (62%)] Unweighted L_s : L_Mnfld: 0.00066,  L_NonMnfld: 0.00582,  L_Nrml: 0.00000,  L_Eknl: 0.07506, L_Morse: 9.97549

Weights: [7000.0, 600.0, 0, 50.0, 0.0, 0.1], lr=5.000e-05
Epoch: 0 [6200/10000 (62%)] Loss: 12.98601 = L_Mnfld: 4.34822 + L_NonMnfld: 3.86092 + L_Nrml: 0.00000 + L_Eknl: 3.77619 + L_Div: 0.00000 + L_Morse: 1.00068
Epoch: 0 [6200/10000 (62%)] Unweighted L_s : L_Mnfld: 0.00062,  L_NonMnfld: 0.00643,  L_Nrml: 0.00000,  L_Eknl: 0.07552, L_Morse: 10.00679

Weights: [7000.0, 600.0, 0, 50.0, 0.0, 0.1], lr=5.000e-05
Epoch: 0 [6210/10000 (62%)] Loss: 13.17183 = L_Mnfld: 5.05499 + L_NonMnfld: 3.36398 + L_Nrml: 0.00000 + L_Eknl: 3.74513 + L_Div: 0.00000 + L_Morse: 1.00772
Epoch: 0 [6210/10000 (62%)] Unweighted L_s : L_Mnfld: 0.00072,  L_NonMnfld: 0.00561,  L_Nrml: 0.00000,  L_Eknl: 0.07490, L_Morse: 10.07721

Weights: [7000.0, 600.0, 0, 50.0, 0.0, 0.1], lr=5.000e-05
Epoch: 0 [6220/10000 (62%)] Loss: 12.99588 = L_Mnfld: 4.35493 + L_NonMnfld: 3.80992 + L_Nrml: 0.00000 + L_Eknl: 3.81451 + L_Div: 0.00000 + L_Morse: 1.01652
Epoch: 0 [6220/10000 (62%)] Unweighted L_s : L_Mnfld: 0.00062,  L_NonMnfld: 0.00635,  L_Nrml: 0.00000,  L_Eknl: 0.07629, L_Morse: 10.16522

Weights: [7000.0, 600.0, 0, 50.0, 0.0, 0.1], lr=5.000e-05
Epoch: 0 [6230/10000 (62%)] Loss: 13.85301 = L_Mnfld: 4.91027 + L_NonMnfld: 4.19277 + L_Nrml: 0.00000 + L_Eknl: 3.70664 + L_Div: 0.00000 + L_Morse: 1.04332
Epoch: 0 [6230/10000 (62%)] Unweighted L_s : L_Mnfld: 0.00070,  L_NonMnfld: 0.00699,  L_Nrml: 0.00000,  L_Eknl: 0.07413, L_Morse: 10.43321

Weights: [7000.0, 600.0, 0, 50.0, 0.0, 0.1], lr=5.000e-05
Epoch: 0 [6240/10000 (62%)] Loss: 12.34431 = L_Mnfld: 4.07447 + L_NonMnfld: 3.46940 + L_Nrml: 0.00000 + L_Eknl: 3.77065 + L_Div: 0.00000 + L_Morse: 1.02978
Epoch: 0 [6240/10000 (62%)] Unweighted L_s : L_Mnfld: 0.00058,  L_NonMnfld: 0.00578,  L_Nrml: 0.00000,  L_Eknl: 0.07541, L_Morse: 10.29776

Weights: [7000.0, 600.0, 0, 50.0, 0.0, 0.1], lr=5.000e-05
Epoch: 0 [6250/10000 (62%)] Loss: 13.82960 = L_Mnfld: 5.11727 + L_NonMnfld: 3.89212 + L_Nrml: 0.00000 + L_Eknl: 3.77737 + L_Div: 0.00000 + L_Morse: 1.04284
Epoch: 0 [6250/10000 (62%)] Unweighted L_s : L_Mnfld: 0.00073,  L_NonMnfld: 0.00649,  L_Nrml: 0.00000,  L_Eknl: 0.07555, L_Morse: 10.42843

Weights: [7000.0, 600.0, 0, 50.0, 0.0, 0.1], lr=5.000e-05
Epoch: 0 [6260/10000 (63%)] Loss: 13.55328 = L_Mnfld: 4.67024 + L_NonMnfld: 4.08953 + L_Nrml: 0.00000 + L_Eknl: 3.77311 + L_Div: 0.00000 + L_Morse: 1.02039
Epoch: 0 [6260/10000 (63%)] Unweighted L_s : L_Mnfld: 0.00067,  L_NonMnfld: 0.00682,  L_Nrml: 0.00000,  L_Eknl: 0.07546, L_Morse: 10.20394

Weights: [7000.0, 600.0, 0, 50.0, 0.0, 0.1], lr=5.000e-05
Epoch: 0 [6270/10000 (63%)] Loss: 13.63122 = L_Mnfld: 4.85831 + L_NonMnfld: 3.98933 + L_Nrml: 0.00000 + L_Eknl: 3.77860 + L_Div: 0.00000 + L_Morse: 1.00497
Epoch: 0 [6270/10000 (63%)] Unweighted L_s : L_Mnfld: 0.00069,  L_NonMnfld: 0.00665,  L_Nrml: 0.00000,  L_Eknl: 0.07557, L_Morse: 10.04975

Weights: [7000.0, 600.0, 0, 50.0, 0.0, 0.1], lr=5.000e-05
Epoch: 0 [6280/10000 (63%)] Loss: 13.04036 = L_Mnfld: 4.37844 + L_NonMnfld: 3.82636 + L_Nrml: 0.00000 + L_Eknl: 3.76946 + L_Div: 0.00000 + L_Morse: 1.06611
Epoch: 0 [6280/10000 (63%)] Unweighted L_s : L_Mnfld: 0.00063,  L_NonMnfld: 0.00638,  L_Nrml: 0.00000,  L_Eknl: 0.07539, L_Morse: 10.66109

Weights: [7000.0, 600.0, 0, 50.0, 0.0, 0.1], lr=5.000e-05
Epoch: 0 [6290/10000 (63%)] Loss: 13.49482 = L_Mnfld: 5.00487 + L_NonMnfld: 3.75162 + L_Nrml: 0.00000 + L_Eknl: 3.72132 + L_Div: 0.00000 + L_Morse: 1.01701
Epoch: 0 [6290/10000 (63%)] Unweighted L_s : L_Mnfld: 0.00071,  L_NonMnfld: 0.00625,  L_Nrml: 0.00000,  L_Eknl: 0.07443, L_Morse: 10.17009

Weights: [7000.0, 600.0, 0, 50.0, 0.0, 0.1], lr=5.000e-05
Epoch: 0 [6300/10000 (63%)] Loss: 12.84103 = L_Mnfld: 4.70082 + L_NonMnfld: 3.31154 + L_Nrml: 0.00000 + L_Eknl: 3.78936 + L_Div: 0.00000 + L_Morse: 1.03930
Epoch: 0 [6300/10000 (63%)] Unweighted L_s : L_Mnfld: 0.00067,  L_NonMnfld: 0.00552,  L_Nrml: 0.00000,  L_Eknl: 0.07579, L_Morse: 10.39305

Weights: [7000.0, 600.0, 0, 50.0, 0.0, 0.1], lr=5.000e-05
Epoch: 0 [6310/10000 (63%)] Loss: 12.90567 = L_Mnfld: 4.81583 + L_NonMnfld: 3.36220 + L_Nrml: 0.00000 + L_Eknl: 3.71382 + L_Div: 0.00000 + L_Morse: 1.01383
Epoch: 0 [6310/10000 (63%)] Unweighted L_s : L_Mnfld: 0.00069,  L_NonMnfld: 0.00560,  L_Nrml: 0.00000,  L_Eknl: 0.07428, L_Morse: 10.13829

Weights: [7000.0, 600.0, 0, 50.0, 0.0, 0.1], lr=5.000e-05
Epoch: 0 [6320/10000 (63%)] Loss: 12.16826 = L_Mnfld: 4.03213 + L_NonMnfld: 3.42426 + L_Nrml: 0.00000 + L_Eknl: 3.68953 + L_Div: 0.00000 + L_Morse: 1.02234
Epoch: 0 [6320/10000 (63%)] Unweighted L_s : L_Mnfld: 0.00058,  L_NonMnfld: 0.00571,  L_Nrml: 0.00000,  L_Eknl: 0.07379, L_Morse: 10.22340

Weights: [7000.0, 600.0, 0, 50.0, 0.0, 0.1], lr=5.000e-05
Epoch: 0 [6330/10000 (63%)] Loss: 13.12117 = L_Mnfld: 4.95082 + L_NonMnfld: 3.52838 + L_Nrml: 0.00000 + L_Eknl: 3.63900 + L_Div: 0.00000 + L_Morse: 1.00297
Epoch: 0 [6330/10000 (63%)] Unweighted L_s : L_Mnfld: 0.00071,  L_NonMnfld: 0.00588,  L_Nrml: 0.00000,  L_Eknl: 0.07278, L_Morse: 10.02968

Weights: [7000.0, 600.0, 0, 50.0, 0.0, 0.1], lr=5.000e-05
Epoch: 0 [6340/10000 (63%)] Loss: 12.48915 = L_Mnfld: 4.36126 + L_NonMnfld: 3.32300 + L_Nrml: 0.00000 + L_Eknl: 3.78550 + L_Div: 0.00000 + L_Morse: 1.01939
Epoch: 0 [6340/10000 (63%)] Unweighted L_s : L_Mnfld: 0.00062,  L_NonMnfld: 0.00554,  L_Nrml: 0.00000,  L_Eknl: 0.07571, L_Morse: 10.19387

Weights: [7000.0, 600.0, 0, 50.0, 0.0, 0.1], lr=5.000e-05
Epoch: 0 [6350/10000 (64%)] Loss: 13.54290 = L_Mnfld: 4.89438 + L_NonMnfld: 3.94266 + L_Nrml: 0.00000 + L_Eknl: 3.68600 + L_Div: 0.00000 + L_Morse: 1.01986
Epoch: 0 [6350/10000 (64%)] Unweighted L_s : L_Mnfld: 0.00070,  L_NonMnfld: 0.00657,  L_Nrml: 0.00000,  L_Eknl: 0.07372, L_Morse: 10.19860

Weights: [7000.0, 600.0, 0, 50.0, 0.0, 0.1], lr=5.000e-05
Epoch: 0 [6360/10000 (64%)] Loss: 12.84165 = L_Mnfld: 3.93346 + L_NonMnfld: 4.24329 + L_Nrml: 0.00000 + L_Eknl: 3.63380 + L_Div: 0.00000 + L_Morse: 1.03109
Epoch: 0 [6360/10000 (64%)] Unweighted L_s : L_Mnfld: 0.00056,  L_NonMnfld: 0.00707,  L_Nrml: 0.00000,  L_Eknl: 0.07268, L_Morse: 10.31090

Weights: [7000.0, 600.0, 0, 50.0, 0.0, 0.1], lr=5.000e-05
Epoch: 0 [6370/10000 (64%)] Loss: 12.90888 = L_Mnfld: 4.53441 + L_NonMnfld: 3.74919 + L_Nrml: 0.00000 + L_Eknl: 3.59553 + L_Div: 0.00000 + L_Morse: 1.02975
Epoch: 0 [6370/10000 (64%)] Unweighted L_s : L_Mnfld: 0.00065,  L_NonMnfld: 0.00625,  L_Nrml: 0.00000,  L_Eknl: 0.07191, L_Morse: 10.29747

Weights: [7000.0, 600.0, 0, 50.0, 0.0, 0.1], lr=5.000e-05
Epoch: 0 [6380/10000 (64%)] Loss: 12.61737 = L_Mnfld: 4.31361 + L_NonMnfld: 3.58122 + L_Nrml: 0.00000 + L_Eknl: 3.61574 + L_Div: 0.00000 + L_Morse: 1.10681
Epoch: 0 [6380/10000 (64%)] Unweighted L_s : L_Mnfld: 0.00062,  L_NonMnfld: 0.00597,  L_Nrml: 0.00000,  L_Eknl: 0.07231, L_Morse: 11.06809

Weights: [7000.0, 600.0, 0, 50.0, 0.0, 0.1], lr=5.000e-05
Epoch: 0 [6390/10000 (64%)] Loss: 13.15077 = L_Mnfld: 5.41975 + L_NonMnfld: 2.97509 + L_Nrml: 0.00000 + L_Eknl: 3.70486 + L_Div: 0.00000 + L_Morse: 1.05107
Epoch: 0 [6390/10000 (64%)] Unweighted L_s : L_Mnfld: 0.00077,  L_NonMnfld: 0.00496,  L_Nrml: 0.00000,  L_Eknl: 0.07410, L_Morse: 10.51073

Weights: [7000.0, 600.0, 0, 50.0, 0.0, 0.1], lr=5.000e-05
Epoch: 0 [6400/10000 (64%)] Loss: 14.37853 = L_Mnfld: 4.90865 + L_NonMnfld: 4.65811 + L_Nrml: 0.00000 + L_Eknl: 3.78082 + L_Div: 0.00000 + L_Morse: 1.03094
Epoch: 0 [6400/10000 (64%)] Unweighted L_s : L_Mnfld: 0.00070,  L_NonMnfld: 0.00776,  L_Nrml: 0.00000,  L_Eknl: 0.07562, L_Morse: 10.30945

Weights: [7000.0, 600.0, 0, 50.0, 0.0, 0.1], lr=5.000e-05
Epoch: 0 [6410/10000 (64%)] Loss: 12.86370 = L_Mnfld: 4.41800 + L_NonMnfld: 3.74964 + L_Nrml: 0.00000 + L_Eknl: 3.65200 + L_Div: 0.00000 + L_Morse: 1.04406
Epoch: 0 [6410/10000 (64%)] Unweighted L_s : L_Mnfld: 0.00063,  L_NonMnfld: 0.00625,  L_Nrml: 0.00000,  L_Eknl: 0.07304, L_Morse: 10.44065

Weights: [7000.0, 600.0, 0, 50.0, 0.0, 0.1], lr=5.000e-05
Epoch: 0 [6420/10000 (64%)] Loss: 13.47136 = L_Mnfld: 4.50041 + L_NonMnfld: 4.23363 + L_Nrml: 0.00000 + L_Eknl: 3.70333 + L_Div: 0.00000 + L_Morse: 1.03399
Epoch: 0 [6420/10000 (64%)] Unweighted L_s : L_Mnfld: 0.00064,  L_NonMnfld: 0.00706,  L_Nrml: 0.00000,  L_Eknl: 0.07407, L_Morse: 10.33990

Weights: [7000.0, 600.0, 0, 50.0, 0.0, 0.1], lr=5.000e-05
Epoch: 0 [6430/10000 (64%)] Loss: 13.49797 = L_Mnfld: 4.34869 + L_NonMnfld: 4.43421 + L_Nrml: 0.00000 + L_Eknl: 3.60289 + L_Div: 0.00000 + L_Morse: 1.11217
Epoch: 0 [6430/10000 (64%)] Unweighted L_s : L_Mnfld: 0.00062,  L_NonMnfld: 0.00739,  L_Nrml: 0.00000,  L_Eknl: 0.07206, L_Morse: 11.12174

Weights: [7000.0, 600.0, 0, 50.0, 0.0, 0.1], lr=5.000e-05
Epoch: 0 [6440/10000 (64%)] Loss: 12.86151 = L_Mnfld: 4.31125 + L_NonMnfld: 3.92182 + L_Nrml: 0.00000 + L_Eknl: 3.58467 + L_Div: 0.00000 + L_Morse: 1.04377
Epoch: 0 [6440/10000 (64%)] Unweighted L_s : L_Mnfld: 0.00062,  L_NonMnfld: 0.00654,  L_Nrml: 0.00000,  L_Eknl: 0.07169, L_Morse: 10.43773

Weights: [7000.0, 600.0, 0, 50.0, 0.0, 0.1], lr=5.000e-05
Epoch: 0 [6450/10000 (64%)] Loss: 12.90932 = L_Mnfld: 4.53498 + L_NonMnfld: 3.82737 + L_Nrml: 0.00000 + L_Eknl: 3.52801 + L_Div: 0.00000 + L_Morse: 1.01896
Epoch: 0 [6450/10000 (64%)] Unweighted L_s : L_Mnfld: 0.00065,  L_NonMnfld: 0.00638,  L_Nrml: 0.00000,  L_Eknl: 0.07056, L_Morse: 10.18957

Weights: [7000.0, 600.0, 0, 50.0, 0.0, 0.1], lr=5.000e-05
Epoch: 0 [6460/10000 (65%)] Loss: 13.39562 = L_Mnfld: 4.53325 + L_NonMnfld: 4.23280 + L_Nrml: 0.00000 + L_Eknl: 3.56685 + L_Div: 0.00000 + L_Morse: 1.06272
Epoch: 0 [6460/10000 (65%)] Unweighted L_s : L_Mnfld: 0.00065,  L_NonMnfld: 0.00705,  L_Nrml: 0.00000,  L_Eknl: 0.07134, L_Morse: 10.62724

Weights: [7000.0, 600.0, 0, 50.0, 0.0, 0.1], lr=5.000e-05
Epoch: 0 [6470/10000 (65%)] Loss: 13.76647 = L_Mnfld: 4.66943 + L_NonMnfld: 4.42436 + L_Nrml: 0.00000 + L_Eknl: 3.61329 + L_Div: 0.00000 + L_Morse: 1.05939
Epoch: 0 [6470/10000 (65%)] Unweighted L_s : L_Mnfld: 0.00067,  L_NonMnfld: 0.00737,  L_Nrml: 0.00000,  L_Eknl: 0.07227, L_Morse: 10.59387

Weights: [7000.0, 600.0, 0, 50.0, 0.0, 0.1], lr=5.000e-05
Epoch: 0 [6480/10000 (65%)] Loss: 12.39273 = L_Mnfld: 4.26868 + L_NonMnfld: 3.54696 + L_Nrml: 0.00000 + L_Eknl: 3.52302 + L_Div: 0.00000 + L_Morse: 1.05406
Epoch: 0 [6480/10000 (65%)] Unweighted L_s : L_Mnfld: 0.00061,  L_NonMnfld: 0.00591,  L_Nrml: 0.00000,  L_Eknl: 0.07046, L_Morse: 10.54061

Weights: [7000.0, 600.0, 0, 50.0, 0.0, 0.1], lr=5.000e-05
Epoch: 0 [6490/10000 (65%)] Loss: 13.45777 = L_Mnfld: 4.29897 + L_NonMnfld: 4.55548 + L_Nrml: 0.00000 + L_Eknl: 3.52770 + L_Div: 0.00000 + L_Morse: 1.07563
Epoch: 0 [6490/10000 (65%)] Unweighted L_s : L_Mnfld: 0.00061,  L_NonMnfld: 0.00759,  L_Nrml: 0.00000,  L_Eknl: 0.07055, L_Morse: 10.75627

Weights: [7000.0, 600.0, 0, 50.0, 0.0, 0.1], lr=5.000e-05
Epoch: 0 [6500/10000 (65%)] Loss: 12.35788 = L_Mnfld: 4.14553 + L_NonMnfld: 3.61731 + L_Nrml: 0.00000 + L_Eknl: 3.58109 + L_Div: 0.00000 + L_Morse: 1.01396
Epoch: 0 [6500/10000 (65%)] Unweighted L_s : L_Mnfld: 0.00059,  L_NonMnfld: 0.00603,  L_Nrml: 0.00000,  L_Eknl: 0.07162, L_Morse: 10.13956

Weights: [7000.0, 600.0, 0, 50.0, 0.0, 0.1], lr=5.000e-05
Epoch: 0 [6510/10000 (65%)] Loss: 12.17628 = L_Mnfld: 4.33659 + L_NonMnfld: 3.18321 + L_Nrml: 0.00000 + L_Eknl: 3.57330 + L_Div: 0.00000 + L_Morse: 1.08318
Epoch: 0 [6510/10000 (65%)] Unweighted L_s : L_Mnfld: 0.00062,  L_NonMnfld: 0.00531,  L_Nrml: 0.00000,  L_Eknl: 0.07147, L_Morse: 10.83175

Weights: [7000.0, 600.0, 0, 50.0, 0.0, 0.1], lr=5.000e-05
Epoch: 0 [6520/10000 (65%)] Loss: 12.72036 = L_Mnfld: 3.92350 + L_NonMnfld: 4.26211 + L_Nrml: 0.00000 + L_Eknl: 3.48695 + L_Div: 0.00000 + L_Morse: 1.04780
Epoch: 0 [6520/10000 (65%)] Unweighted L_s : L_Mnfld: 0.00056,  L_NonMnfld: 0.00710,  L_Nrml: 0.00000,  L_Eknl: 0.06974, L_Morse: 10.47800

Weights: [7000.0, 600.0, 0, 50.0, 0.0, 0.1], lr=5.000e-05
Epoch: 0 [6530/10000 (65%)] Loss: 14.07234 = L_Mnfld: 5.28008 + L_NonMnfld: 4.23398 + L_Nrml: 0.00000 + L_Eknl: 3.47913 + L_Div: 0.00000 + L_Morse: 1.07915
Epoch: 0 [6530/10000 (65%)] Unweighted L_s : L_Mnfld: 0.00075,  L_NonMnfld: 0.00706,  L_Nrml: 0.00000,  L_Eknl: 0.06958, L_Morse: 10.79146

Weights: [7000.0, 600.0, 0, 50.0, 0.0, 0.1], lr=5.000e-05
Epoch: 0 [6540/10000 (65%)] Loss: 13.19322 = L_Mnfld: 4.76181 + L_NonMnfld: 3.83998 + L_Nrml: 0.00000 + L_Eknl: 3.54907 + L_Div: 0.00000 + L_Morse: 1.04236
Epoch: 0 [6540/10000 (65%)] Unweighted L_s : L_Mnfld: 0.00068,  L_NonMnfld: 0.00640,  L_Nrml: 0.00000,  L_Eknl: 0.07098, L_Morse: 10.42364

Weights: [7000.0, 600.0, 0, 50.0, 0.0, 0.1], lr=5.000e-05
Epoch: 0 [6550/10000 (66%)] Loss: 14.07285 = L_Mnfld: 5.60648 + L_NonMnfld: 3.61351 + L_Nrml: 0.00000 + L_Eknl: 3.72172 + L_Div: 0.00000 + L_Morse: 1.13114
Epoch: 0 [6550/10000 (66%)] Unweighted L_s : L_Mnfld: 0.00080,  L_NonMnfld: 0.00602,  L_Nrml: 0.00000,  L_Eknl: 0.07443, L_Morse: 11.31141

Weights: [7000.0, 600.0, 0, 50.0, 0.0, 0.1], lr=5.000e-05
Epoch: 0 [6560/10000 (66%)] Loss: 12.81159 = L_Mnfld: 4.40178 + L_NonMnfld: 3.59380 + L_Nrml: 0.00000 + L_Eknl: 3.77846 + L_Div: 0.00000 + L_Morse: 1.03755
Epoch: 0 [6560/10000 (66%)] Unweighted L_s : L_Mnfld: 0.00063,  L_NonMnfld: 0.00599,  L_Nrml: 0.00000,  L_Eknl: 0.07557, L_Morse: 10.37551

Weights: [7000.0, 600.0, 0, 50.0, 0.0, 0.1], lr=5.000e-05
Epoch: 0 [6570/10000 (66%)] Loss: 14.36889 = L_Mnfld: 5.48526 + L_NonMnfld: 4.00952 + L_Nrml: 0.00000 + L_Eknl: 3.84276 + L_Div: 0.00000 + L_Morse: 1.03135
Epoch: 0 [6570/10000 (66%)] Unweighted L_s : L_Mnfld: 0.00078,  L_NonMnfld: 0.00668,  L_Nrml: 0.00000,  L_Eknl: 0.07686, L_Morse: 10.31354

Weights: [7000.0, 600.0, 0, 50.0, 0.0, 0.1], lr=5.000e-05
Epoch: 0 [6580/10000 (66%)] Loss: 14.62233 = L_Mnfld: 5.47941 + L_NonMnfld: 4.08972 + L_Nrml: 0.00000 + L_Eknl: 3.96689 + L_Div: 0.00000 + L_Morse: 1.08633
Epoch: 0 [6580/10000 (66%)] Unweighted L_s : L_Mnfld: 0.00078,  L_NonMnfld: 0.00682,  L_Nrml: 0.00000,  L_Eknl: 0.07934, L_Morse: 10.86326

Weights: [7000.0, 600.0, 0, 50.0, 0.0, 0.1], lr=5.000e-05
Epoch: 0 [6590/10000 (66%)] Loss: 14.91985 = L_Mnfld: 6.10147 + L_NonMnfld: 3.90472 + L_Nrml: 0.00000 + L_Eknl: 3.83964 + L_Div: 0.00000 + L_Morse: 1.07402
Epoch: 0 [6590/10000 (66%)] Unweighted L_s : L_Mnfld: 0.00087,  L_NonMnfld: 0.00651,  L_Nrml: 0.00000,  L_Eknl: 0.07679, L_Morse: 10.74018

Weights: [7000.0, 600.0, 0, 50.0, 0.0, 0.1], lr=5.000e-05
Epoch: 0 [6600/10000 (66%)] Loss: 15.20582 = L_Mnfld: 6.16062 + L_NonMnfld: 4.08885 + L_Nrml: 0.00000 + L_Eknl: 3.87751 + L_Div: 0.00000 + L_Morse: 1.07884
Epoch: 0 [6600/10000 (66%)] Unweighted L_s : L_Mnfld: 0.00088,  L_NonMnfld: 0.00681,  L_Nrml: 0.00000,  L_Eknl: 0.07755, L_Morse: 10.78835

Weights: [7000.0, 600.0, 0, 50.0, 0.0, 0.1], lr=5.000e-05
Epoch: 0 [6610/10000 (66%)] Loss: 14.05690 = L_Mnfld: 5.68995 + L_NonMnfld: 3.51472 + L_Nrml: 0.00000 + L_Eknl: 3.73388 + L_Div: 0.00000 + L_Morse: 1.11835
Epoch: 0 [6610/10000 (66%)] Unweighted L_s : L_Mnfld: 0.00081,  L_NonMnfld: 0.00586,  L_Nrml: 0.00000,  L_Eknl: 0.07468, L_Morse: 11.18351

Weights: [7000.0, 600.0, 0, 50.0, 0.0, 0.1], lr=5.000e-05
Epoch: 0 [6620/10000 (66%)] Loss: 12.37628 = L_Mnfld: 4.20431 + L_NonMnfld: 3.38696 + L_Nrml: 0.00000 + L_Eknl: 3.73413 + L_Div: 0.00000 + L_Morse: 1.05088
Epoch: 0 [6620/10000 (66%)] Unweighted L_s : L_Mnfld: 0.00060,  L_NonMnfld: 0.00564,  L_Nrml: 0.00000,  L_Eknl: 0.07468, L_Morse: 10.50884

Weights: [7000.0, 600.0, 0, 50.0, 0.0, 0.1], lr=5.000e-05
Epoch: 0 [6630/10000 (66%)] Loss: 13.45725 = L_Mnfld: 4.75498 + L_NonMnfld: 3.80938 + L_Nrml: 0.00000 + L_Eknl: 3.75764 + L_Div: 0.00000 + L_Morse: 1.13525
Epoch: 0 [6630/10000 (66%)] Unweighted L_s : L_Mnfld: 0.00068,  L_NonMnfld: 0.00635,  L_Nrml: 0.00000,  L_Eknl: 0.07515, L_Morse: 11.35251

Weights: [7000.0, 600.0, 0, 50.0, 0.0, 0.1], lr=5.000e-05
Epoch: 0 [6640/10000 (66%)] Loss: 13.82552 = L_Mnfld: 4.35402 + L_NonMnfld: 4.65777 + L_Nrml: 0.00000 + L_Eknl: 3.76304 + L_Div: 0.00000 + L_Morse: 1.05070
Epoch: 0 [6640/10000 (66%)] Unweighted L_s : L_Mnfld: 0.00062,  L_NonMnfld: 0.00776,  L_Nrml: 0.00000,  L_Eknl: 0.07526, L_Morse: 10.50699

Weights: [7000.0, 600.0, 0, 50.0, 0.0, 0.1], lr=5.000e-05
Epoch: 0 [6650/10000 (66%)] Loss: 13.88060 = L_Mnfld: 5.47245 + L_NonMnfld: 3.58402 + L_Nrml: 0.00000 + L_Eknl: 3.76188 + L_Div: 0.00000 + L_Morse: 1.06225
Epoch: 0 [6650/10000 (66%)] Unweighted L_s : L_Mnfld: 0.00078,  L_NonMnfld: 0.00597,  L_Nrml: 0.00000,  L_Eknl: 0.07524, L_Morse: 10.62255

Weights: [7000.0, 600.0, 0, 50.0, 0.0, 0.1], lr=5.000e-05
Epoch: 0 [6660/10000 (67%)] Loss: 14.90305 = L_Mnfld: 6.14272 + L_NonMnfld: 3.94700 + L_Nrml: 0.00000 + L_Eknl: 3.76256 + L_Div: 0.00000 + L_Morse: 1.05077
Epoch: 0 [6660/10000 (67%)] Unweighted L_s : L_Mnfld: 0.00088,  L_NonMnfld: 0.00658,  L_Nrml: 0.00000,  L_Eknl: 0.07525, L_Morse: 10.50767

Weights: [7000.0, 600.0, 0, 50.0, 0.0, 0.1], lr=5.000e-05
Epoch: 0 [6670/10000 (67%)] Loss: 14.23779 = L_Mnfld: 5.39752 + L_NonMnfld: 3.98344 + L_Nrml: 0.00000 + L_Eknl: 3.79183 + L_Div: 0.00000 + L_Morse: 1.06501
Epoch: 0 [6670/10000 (67%)] Unweighted L_s : L_Mnfld: 0.00077,  L_NonMnfld: 0.00664,  L_Nrml: 0.00000,  L_Eknl: 0.07584, L_Morse: 10.65008

Weights: [7000.0, 600.0, 0, 50.0, 0.0, 0.1], lr=5.000e-05
Epoch: 0 [6680/10000 (67%)] Loss: 14.60546 = L_Mnfld: 5.61678 + L_NonMnfld: 4.27111 + L_Nrml: 0.00000 + L_Eknl: 3.69031 + L_Div: 0.00000 + L_Morse: 1.02726
Epoch: 0 [6680/10000 (67%)] Unweighted L_s : L_Mnfld: 0.00080,  L_NonMnfld: 0.00712,  L_Nrml: 0.00000,  L_Eknl: 0.07381, L_Morse: 10.27259

Weights: [7000.0, 600.0, 0, 50.0, 0.0, 0.1], lr=5.000e-05
Epoch: 0 [6690/10000 (67%)] Loss: 13.98139 = L_Mnfld: 5.15674 + L_NonMnfld: 4.08364 + L_Nrml: 0.00000 + L_Eknl: 3.66881 + L_Div: 0.00000 + L_Morse: 1.07219
Epoch: 0 [6690/10000 (67%)] Unweighted L_s : L_Mnfld: 0.00074,  L_NonMnfld: 0.00681,  L_Nrml: 0.00000,  L_Eknl: 0.07338, L_Morse: 10.72192

Weights: [7000.0, 600.0, 0, 50.0, 0.0, 0.1], lr=5.000e-05
Epoch: 0 [6700/10000 (67%)] Loss: 13.80542 = L_Mnfld: 4.87281 + L_NonMnfld: 4.27126 + L_Nrml: 0.00000 + L_Eknl: 3.60393 + L_Div: 0.00000 + L_Morse: 1.05741
Epoch: 0 [6700/10000 (67%)] Unweighted L_s : L_Mnfld: 0.00070,  L_NonMnfld: 0.00712,  L_Nrml: 0.00000,  L_Eknl: 0.07208, L_Morse: 10.57407

Weights: [7000.0, 600.0, 0, 50.0, 0.0, 0.1], lr=5.000e-05
Epoch: 0 [6710/10000 (67%)] Loss: 13.13859 = L_Mnfld: 4.61540 + L_NonMnfld: 3.90381 + L_Nrml: 0.00000 + L_Eknl: 3.58031 + L_Div: 0.00000 + L_Morse: 1.03907
Epoch: 0 [6710/10000 (67%)] Unweighted L_s : L_Mnfld: 0.00066,  L_NonMnfld: 0.00651,  L_Nrml: 0.00000,  L_Eknl: 0.07161, L_Morse: 10.39070

Weights: [7000.0, 600.0, 0, 50.0, 0.0, 0.1], lr=5.000e-05
Epoch: 0 [6720/10000 (67%)] Loss: 13.08154 = L_Mnfld: 4.81736 + L_NonMnfld: 3.65715 + L_Nrml: 0.00000 + L_Eknl: 3.52119 + L_Div: 0.00000 + L_Morse: 1.08584
Epoch: 0 [6720/10000 (67%)] Unweighted L_s : L_Mnfld: 0.00069,  L_NonMnfld: 0.00610,  L_Nrml: 0.00000,  L_Eknl: 0.07042, L_Morse: 10.85842

Weights: [7000.0, 600.0, 0, 50.0, 0.0, 0.1], lr=5.000e-05
Epoch: 0 [6730/10000 (67%)] Loss: 12.88824 = L_Mnfld: 4.40625 + L_NonMnfld: 3.91127 + L_Nrml: 0.00000 + L_Eknl: 3.52533 + L_Div: 0.00000 + L_Morse: 1.04540
Epoch: 0 [6730/10000 (67%)] Unweighted L_s : L_Mnfld: 0.00063,  L_NonMnfld: 0.00652,  L_Nrml: 0.00000,  L_Eknl: 0.07051, L_Morse: 10.45396

Weights: [7000.0, 600.0, 0, 50.0, 0.0, 0.1], lr=5.000e-05
Epoch: 0 [6740/10000 (67%)] Loss: 13.06912 = L_Mnfld: 3.91753 + L_NonMnfld: 4.68354 + L_Nrml: 0.00000 + L_Eknl: 3.43734 + L_Div: 0.00000 + L_Morse: 1.03070
Epoch: 0 [6740/10000 (67%)] Unweighted L_s : L_Mnfld: 0.00056,  L_NonMnfld: 0.00781,  L_Nrml: 0.00000,  L_Eknl: 0.06875, L_Morse: 10.30702

Weights: [7000.0, 600.0, 0, 50.0, 0.0, 0.1], lr=5.000e-05
Epoch: 0 [6750/10000 (68%)] Loss: 13.63103 = L_Mnfld: 5.54349 + L_NonMnfld: 3.54755 + L_Nrml: 0.00000 + L_Eknl: 3.45908 + L_Div: 0.00000 + L_Morse: 1.08091
Epoch: 0 [6750/10000 (68%)] Unweighted L_s : L_Mnfld: 0.00079,  L_NonMnfld: 0.00591,  L_Nrml: 0.00000,  L_Eknl: 0.06918, L_Morse: 10.80909

Weights: [7000.0, 600.0, 0, 50.0, 0.0, 0.1], lr=5.000e-05
Epoch: 0 [6760/10000 (68%)] Loss: 13.13778 = L_Mnfld: 4.76415 + L_NonMnfld: 3.72252 + L_Nrml: 0.00000 + L_Eknl: 3.60143 + L_Div: 0.00000 + L_Morse: 1.04969
Epoch: 0 [6760/10000 (68%)] Unweighted L_s : L_Mnfld: 0.00068,  L_NonMnfld: 0.00620,  L_Nrml: 0.00000,  L_Eknl: 0.07203, L_Morse: 10.49687

Weights: [7000.0, 600.0, 0, 50.0, 0.0, 0.1], lr=5.000e-05
Epoch: 0 [6770/10000 (68%)] Loss: 13.38801 = L_Mnfld: 4.70073 + L_NonMnfld: 4.10599 + L_Nrml: 0.00000 + L_Eknl: 3.48129 + L_Div: 0.00000 + L_Morse: 1.10000
Epoch: 0 [6770/10000 (68%)] Unweighted L_s : L_Mnfld: 0.00067,  L_NonMnfld: 0.00684,  L_Nrml: 0.00000,  L_Eknl: 0.06963, L_Morse: 10.99996

Weights: [7000.0, 600.0, 0, 50.0, 0.0, 0.1], lr=5.000e-05
Epoch: 0 [6780/10000 (68%)] Loss: 12.58933 = L_Mnfld: 4.45878 + L_NonMnfld: 3.74333 + L_Nrml: 0.00000 + L_Eknl: 3.34159 + L_Div: 0.00000 + L_Morse: 1.04564
Epoch: 0 [6780/10000 (68%)] Unweighted L_s : L_Mnfld: 0.00064,  L_NonMnfld: 0.00624,  L_Nrml: 0.00000,  L_Eknl: 0.06683, L_Morse: 10.45637

Weights: [7000.0, 600.0, 0, 50.0, 0.0, 0.1], lr=5.000e-05
Epoch: 0 [6790/10000 (68%)] Loss: 12.83839 = L_Mnfld: 3.80739 + L_NonMnfld: 4.53487 + L_Nrml: 0.00000 + L_Eknl: 3.41688 + L_Div: 0.00000 + L_Morse: 1.07924
Epoch: 0 [6790/10000 (68%)] Unweighted L_s : L_Mnfld: 0.00054,  L_NonMnfld: 0.00756,  L_Nrml: 0.00000,  L_Eknl: 0.06834, L_Morse: 10.79237

Weights: [7000.0, 600.0, 0, 50.0, 0.0, 0.1], lr=5.000e-05
Epoch: 0 [6800/10000 (68%)] Loss: 13.16914 = L_Mnfld: 4.55528 + L_NonMnfld: 4.09321 + L_Nrml: 0.00000 + L_Eknl: 3.42530 + L_Div: 0.00000 + L_Morse: 1.09534
Epoch: 0 [6800/10000 (68%)] Unweighted L_s : L_Mnfld: 0.00065,  L_NonMnfld: 0.00682,  L_Nrml: 0.00000,  L_Eknl: 0.06851, L_Morse: 10.95343

Weights: [7000.0, 600.0, 0, 50.0, 0.0, 0.1], lr=5.000e-05
Epoch: 0 [6810/10000 (68%)] Loss: 13.14090 = L_Mnfld: 4.75211 + L_NonMnfld: 3.94083 + L_Nrml: 0.00000 + L_Eknl: 3.39914 + L_Div: 0.00000 + L_Morse: 1.04883
Epoch: 0 [6810/10000 (68%)] Unweighted L_s : L_Mnfld: 0.00068,  L_NonMnfld: 0.00657,  L_Nrml: 0.00000,  L_Eknl: 0.06798, L_Morse: 10.48825

Weights: [7000.0, 600.0, 0, 50.0, 0.0, 0.1], lr=5.000e-05
Epoch: 0 [6820/10000 (68%)] Loss: 12.43830 = L_Mnfld: 4.28290 + L_NonMnfld: 3.65888 + L_Nrml: 0.00000 + L_Eknl: 3.45312 + L_Div: 0.00000 + L_Morse: 1.04340
Epoch: 0 [6820/10000 (68%)] Unweighted L_s : L_Mnfld: 0.00061,  L_NonMnfld: 0.00610,  L_Nrml: 0.00000,  L_Eknl: 0.06906, L_Morse: 10.43405

Weights: [7000.0, 600.0, 0, 50.0, 0.0, 0.1], lr=5.000e-05
Epoch: 0 [6830/10000 (68%)] Loss: 13.72161 = L_Mnfld: 5.35166 + L_NonMnfld: 3.91846 + L_Nrml: 0.00000 + L_Eknl: 3.41140 + L_Div: 0.00000 + L_Morse: 1.04008
Epoch: 0 [6830/10000 (68%)] Unweighted L_s : L_Mnfld: 0.00076,  L_NonMnfld: 0.00653,  L_Nrml: 0.00000,  L_Eknl: 0.06823, L_Morse: 10.40084

Weights: [7000.0, 600.0, 0, 50.0, 0.0, 0.1], lr=5.000e-05
Epoch: 0 [6840/10000 (68%)] Loss: 12.85784 = L_Mnfld: 4.73806 + L_NonMnfld: 3.57536 + L_Nrml: 0.00000 + L_Eknl: 3.46675 + L_Div: 0.00000 + L_Morse: 1.07767
Epoch: 0 [6840/10000 (68%)] Unweighted L_s : L_Mnfld: 0.00068,  L_NonMnfld: 0.00596,  L_Nrml: 0.00000,  L_Eknl: 0.06933, L_Morse: 10.77671

Weights: [7000.0, 600.0, 0, 50.0, 0.0, 0.1], lr=5.000e-05
Epoch: 0 [6850/10000 (68%)] Loss: 13.32284 = L_Mnfld: 4.60659 + L_NonMnfld: 4.08790 + L_Nrml: 0.00000 + L_Eknl: 3.55228 + L_Div: 0.00000 + L_Morse: 1.07607
Epoch: 0 [6850/10000 (68%)] Unweighted L_s : L_Mnfld: 0.00066,  L_NonMnfld: 0.00681,  L_Nrml: 0.00000,  L_Eknl: 0.07105, L_Morse: 10.76066

Weights: [7000.0, 600.0, 0, 50.0, 0.0, 0.1], lr=5.000e-05
Epoch: 0 [6860/10000 (69%)] Loss: 13.24440 = L_Mnfld: 4.75203 + L_NonMnfld: 3.97331 + L_Nrml: 0.00000 + L_Eknl: 3.46217 + L_Div: 0.00000 + L_Morse: 1.05689
Epoch: 0 [6860/10000 (69%)] Unweighted L_s : L_Mnfld: 0.00068,  L_NonMnfld: 0.00662,  L_Nrml: 0.00000,  L_Eknl: 0.06924, L_Morse: 10.56895

Weights: [7000.0, 600.0, 0, 50.0, 0.0, 0.1], lr=5.000e-05
Epoch: 0 [6870/10000 (69%)] Loss: 13.40640 = L_Mnfld: 5.29833 + L_NonMnfld: 3.64690 + L_Nrml: 0.00000 + L_Eknl: 3.41912 + L_Div: 0.00000 + L_Morse: 1.04205
Epoch: 0 [6870/10000 (69%)] Unweighted L_s : L_Mnfld: 0.00076,  L_NonMnfld: 0.00608,  L_Nrml: 0.00000,  L_Eknl: 0.06838, L_Morse: 10.42046

Weights: [7000.0, 600.0, 0, 50.0, 0.0, 0.1], lr=5.000e-05
Epoch: 0 [6880/10000 (69%)] Loss: 13.49407 = L_Mnfld: 4.79800 + L_NonMnfld: 4.06436 + L_Nrml: 0.00000 + L_Eknl: 3.54598 + L_Div: 0.00000 + L_Morse: 1.08572
Epoch: 0 [6880/10000 (69%)] Unweighted L_s : L_Mnfld: 0.00069,  L_NonMnfld: 0.00677,  L_Nrml: 0.00000,  L_Eknl: 0.07092, L_Morse: 10.85722

Weights: [7000.0, 600.0, 0, 50.0, 0.0, 0.1], lr=5.000e-05
Epoch: 0 [6890/10000 (69%)] Loss: 13.79547 = L_Mnfld: 5.20322 + L_NonMnfld: 3.94015 + L_Nrml: 0.00000 + L_Eknl: 3.54155 + L_Div: 0.00000 + L_Morse: 1.11054
Epoch: 0 [6890/10000 (69%)] Unweighted L_s : L_Mnfld: 0.00074,  L_NonMnfld: 0.00657,  L_Nrml: 0.00000,  L_Eknl: 0.07083, L_Morse: 11.10542

Weights: [7000.0, 600.0, 0, 50.0, 0.0, 0.1], lr=5.000e-05
Epoch: 0 [6900/10000 (69%)] Loss: 12.68064 = L_Mnfld: 4.25021 + L_NonMnfld: 3.87871 + L_Nrml: 0.00000 + L_Eknl: 3.46854 + L_Div: 0.00000 + L_Morse: 1.08318
Epoch: 0 [6900/10000 (69%)] Unweighted L_s : L_Mnfld: 0.00061,  L_NonMnfld: 0.00646,  L_Nrml: 0.00000,  L_Eknl: 0.06937, L_Morse: 10.83180

Weights: [7000.0, 600.0, 0, 50.0, 0.0, 0.1], lr=5.000e-05
Epoch: 0 [6910/10000 (69%)] Loss: 14.06370 = L_Mnfld: 5.24155 + L_NonMnfld: 4.01004 + L_Nrml: 0.00000 + L_Eknl: 3.66727 + L_Div: 0.00000 + L_Morse: 1.14483
Epoch: 0 [6910/10000 (69%)] Unweighted L_s : L_Mnfld: 0.00075,  L_NonMnfld: 0.00668,  L_Nrml: 0.00000,  L_Eknl: 0.07335, L_Morse: 11.44830

Weights: [7000.0, 600.0, 0, 50.0, 0.0, 0.1], lr=5.000e-05
Epoch: 0 [6920/10000 (69%)] Loss: 12.73861 = L_Mnfld: 4.68726 + L_NonMnfld: 3.32046 + L_Nrml: 0.00000 + L_Eknl: 3.63605 + L_Div: 0.00000 + L_Morse: 1.09484
Epoch: 0 [6920/10000 (69%)] Unweighted L_s : L_Mnfld: 0.00067,  L_NonMnfld: 0.00553,  L_Nrml: 0.00000,  L_Eknl: 0.07272, L_Morse: 10.94843

Weights: [7000.0, 600.0, 0, 50.0, 0.0, 0.1], lr=5.000e-05
Epoch: 0 [6930/10000 (69%)] Loss: 12.23270 = L_Mnfld: 4.23325 + L_NonMnfld: 3.55192 + L_Nrml: 0.00000 + L_Eknl: 3.41492 + L_Div: 0.00000 + L_Morse: 1.03261
Epoch: 0 [6930/10000 (69%)] Unweighted L_s : L_Mnfld: 0.00060,  L_NonMnfld: 0.00592,  L_Nrml: 0.00000,  L_Eknl: 0.06830, L_Morse: 10.32609

Weights: [7000.0, 600.0, 0, 50.0, 0.0, 0.1], lr=5.000e-05
Epoch: 0 [6940/10000 (69%)] Loss: 13.05054 = L_Mnfld: 4.94840 + L_NonMnfld: 3.58797 + L_Nrml: 0.00000 + L_Eknl: 3.49153 + L_Div: 0.00000 + L_Morse: 1.02263
Epoch: 0 [6940/10000 (69%)] Unweighted L_s : L_Mnfld: 0.00071,  L_NonMnfld: 0.00598,  L_Nrml: 0.00000,  L_Eknl: 0.06983, L_Morse: 10.22635

Weights: [7000.0, 600.0, 0, 50.0, 0.0, 0.1], lr=5.000e-05
Epoch: 0 [6950/10000 (70%)] Loss: 12.94224 = L_Mnfld: 5.19593 + L_NonMnfld: 3.32254 + L_Nrml: 0.00000 + L_Eknl: 3.39454 + L_Div: 0.00000 + L_Morse: 1.02923
Epoch: 0 [6950/10000 (70%)] Unweighted L_s : L_Mnfld: 0.00074,  L_NonMnfld: 0.00554,  L_Nrml: 0.00000,  L_Eknl: 0.06789, L_Morse: 10.29227

Weights: [7000.0, 600.0, 0, 50.0, 0.0, 0.1], lr=5.000e-05
Epoch: 0 [6960/10000 (70%)] Loss: 12.77877 = L_Mnfld: 4.64013 + L_NonMnfld: 3.72361 + L_Nrml: 0.00000 + L_Eknl: 3.35848 + L_Div: 0.00000 + L_Morse: 1.05655
Epoch: 0 [6960/10000 (70%)] Unweighted L_s : L_Mnfld: 0.00066,  L_NonMnfld: 0.00621,  L_Nrml: 0.00000,  L_Eknl: 0.06717, L_Morse: 10.56547

Weights: [7000.0, 600.0, 0, 50.0, 0.0, 0.1], lr=5.000e-05
Epoch: 0 [6970/10000 (70%)] Loss: 11.97452 = L_Mnfld: 4.18009 + L_NonMnfld: 3.36608 + L_Nrml: 0.00000 + L_Eknl: 3.37469 + L_Div: 0.00000 + L_Morse: 1.05367
Epoch: 0 [6970/10000 (70%)] Unweighted L_s : L_Mnfld: 0.00060,  L_NonMnfld: 0.00561,  L_Nrml: 0.00000,  L_Eknl: 0.06749, L_Morse: 10.53670

Weights: [7000.0, 600.0, 0, 50.0, 0.0, 0.1], lr=5.000e-05
Epoch: 0 [6980/10000 (70%)] Loss: 12.96301 = L_Mnfld: 4.73646 + L_NonMnfld: 3.79651 + L_Nrml: 0.00000 + L_Eknl: 3.34713 + L_Div: 0.00000 + L_Morse: 1.08290
Epoch: 0 [6980/10000 (70%)] Unweighted L_s : L_Mnfld: 0.00068,  L_NonMnfld: 0.00633,  L_Nrml: 0.00000,  L_Eknl: 0.06694, L_Morse: 10.82904

Weights: [7000.0, 600.0, 0, 50.0, 0.0, 0.1], lr=5.000e-05
Epoch: 0 [6990/10000 (70%)] Loss: 12.75149 = L_Mnfld: 4.68723 + L_NonMnfld: 3.71425 + L_Nrml: 0.00000 + L_Eknl: 3.28444 + L_Div: 0.00000 + L_Morse: 1.06557
Epoch: 0 [6990/10000 (70%)] Unweighted L_s : L_Mnfld: 0.00067,  L_NonMnfld: 0.00619,  L_Nrml: 0.00000,  L_Eknl: 0.06569, L_Morse: 10.65573

Weights: [7000.0, 600.0, 0, 50.0, 0.0, 0.1], lr=5.000e-05
Epoch: 0 [7000/10000 (70%)] Loss: 12.67646 = L_Mnfld: 4.06274 + L_NonMnfld: 4.07614 + L_Nrml: 0.00000 + L_Eknl: 3.40779 + L_Div: 0.00000 + L_Morse: 1.12979
Epoch: 0 [7000/10000 (70%)] Unweighted L_s : L_Mnfld: 0.00058,  L_NonMnfld: 0.00679,  L_Nrml: 0.00000,  L_Eknl: 0.06816, L_Morse: 11.29792

Weights: [7000.0, 600.0, 0, 50.0, 0.0, 0.1], lr=5.000e-05
Epoch: 0 [7010/10000 (70%)] Loss: 12.93835 = L_Mnfld: 4.31150 + L_NonMnfld: 4.21238 + L_Nrml: 0.00000 + L_Eknl: 3.31590 + L_Div: 0.00000 + L_Morse: 1.09856
Epoch: 0 [7010/10000 (70%)] Unweighted L_s : L_Mnfld: 0.00062,  L_NonMnfld: 0.00702,  L_Nrml: 0.00000,  L_Eknl: 0.06632, L_Morse: 10.98563

Weights: [7000.0, 600.0, 0, 50.0, 0.0, 0.1], lr=5.000e-05
Epoch: 0 [7020/10000 (70%)] Loss: 12.09042 = L_Mnfld: 4.15577 + L_NonMnfld: 3.49075 + L_Nrml: 0.00000 + L_Eknl: 3.33632 + L_Div: 0.00000 + L_Morse: 1.10758
Epoch: 0 [7020/10000 (70%)] Unweighted L_s : L_Mnfld: 0.00059,  L_NonMnfld: 0.00582,  L_Nrml: 0.00000,  L_Eknl: 0.06673, L_Morse: 11.07577

Weights: [7000.0, 600.0, 0, 50.0, 0.0, 0.1], lr=5.000e-05
Epoch: 0 [7030/10000 (70%)] Loss: 13.94677 = L_Mnfld: 5.41699 + L_NonMnfld: 4.22829 + L_Nrml: 0.00000 + L_Eknl: 3.29438 + L_Div: 0.00000 + L_Morse: 1.00711
Epoch: 0 [7030/10000 (70%)] Unweighted L_s : L_Mnfld: 0.00077,  L_NonMnfld: 0.00705,  L_Nrml: 0.00000,  L_Eknl: 0.06589, L_Morse: 10.07108

Weights: [7000.0, 600.0, 0, 50.0, 0.0, 0.1], lr=5.000e-05
Epoch: 0 [7040/10000 (70%)] Loss: 13.50450 = L_Mnfld: 5.25078 + L_NonMnfld: 3.80388 + L_Nrml: 0.00000 + L_Eknl: 3.40042 + L_Div: 0.00000 + L_Morse: 1.04942
Epoch: 0 [7040/10000 (70%)] Unweighted L_s : L_Mnfld: 0.00075,  L_NonMnfld: 0.00634,  L_Nrml: 0.00000,  L_Eknl: 0.06801, L_Morse: 10.49415

Weights: [7000.0, 600.0, 0, 50.0, 0.0, 0.1], lr=5.000e-05
Epoch: 0 [7050/10000 (70%)] Loss: 13.42794 = L_Mnfld: 4.87154 + L_NonMnfld: 4.07828 + L_Nrml: 0.00000 + L_Eknl: 3.37932 + L_Div: 0.00000 + L_Morse: 1.09880
Epoch: 0 [7050/10000 (70%)] Unweighted L_s : L_Mnfld: 0.00070,  L_NonMnfld: 0.00680,  L_Nrml: 0.00000,  L_Eknl: 0.06759, L_Morse: 10.98798

Weights: [7000.0, 600.0, 0, 50.0, 0.0, 0.1], lr=5.000e-05
Epoch: 0 [7060/10000 (71%)] Loss: 12.47246 = L_Mnfld: 4.17404 + L_NonMnfld: 3.85445 + L_Nrml: 0.00000 + L_Eknl: 3.30159 + L_Div: 0.00000 + L_Morse: 1.14237
Epoch: 0 [7060/10000 (71%)] Unweighted L_s : L_Mnfld: 0.00060,  L_NonMnfld: 0.00642,  L_Nrml: 0.00000,  L_Eknl: 0.06603, L_Morse: 11.42373

Weights: [7000.0, 600.0, 0, 50.0, 0.0, 0.1], lr=5.000e-05
Epoch: 0 [7070/10000 (71%)] Loss: 12.97619 = L_Mnfld: 4.62522 + L_NonMnfld: 3.81022 + L_Nrml: 0.00000 + L_Eknl: 3.41191 + L_Div: 0.00000 + L_Morse: 1.12885
Epoch: 0 [7070/10000 (71%)] Unweighted L_s : L_Mnfld: 0.00066,  L_NonMnfld: 0.00635,  L_Nrml: 0.00000,  L_Eknl: 0.06824, L_Morse: 11.28849

Weights: [7000.0, 600.0, 0, 50.0, 0.0, 0.1], lr=5.000e-05
Epoch: 0 [7080/10000 (71%)] Loss: 13.45651 = L_Mnfld: 5.09098 + L_NonMnfld: 3.83245 + L_Nrml: 0.00000 + L_Eknl: 3.43127 + L_Div: 0.00000 + L_Morse: 1.10181
Epoch: 0 [7080/10000 (71%)] Unweighted L_s : L_Mnfld: 0.00073,  L_NonMnfld: 0.00639,  L_Nrml: 0.00000,  L_Eknl: 0.06863, L_Morse: 11.01807

Weights: [7000.0, 600.0, 0, 50.0, 0.0, 0.1], lr=5.000e-05
Epoch: 0 [7090/10000 (71%)] Loss: 13.13579 = L_Mnfld: 4.84665 + L_NonMnfld: 3.82205 + L_Nrml: 0.00000 + L_Eknl: 3.32151 + L_Div: 0.00000 + L_Morse: 1.14558
Epoch: 0 [7090/10000 (71%)] Unweighted L_s : L_Mnfld: 0.00069,  L_NonMnfld: 0.00637,  L_Nrml: 0.00000,  L_Eknl: 0.06643, L_Morse: 11.45580

Weights: [7000.0, 600.0, 0, 50.0, 0.0, 0.1], lr=5.000e-05
Epoch: 0 [7100/10000 (71%)] Loss: 13.81556 = L_Mnfld: 4.92254 + L_NonMnfld: 4.43578 + L_Nrml: 0.00000 + L_Eknl: 3.36297 + L_Div: 0.00000 + L_Morse: 1.09427
Epoch: 0 [7100/10000 (71%)] Unweighted L_s : L_Mnfld: 0.00070,  L_NonMnfld: 0.00739,  L_Nrml: 0.00000,  L_Eknl: 0.06726, L_Morse: 10.94266

Weights: [7000.0, 600.0, 0, 50.0, 0.0, 0.1], lr=5.000e-05
Epoch: 0 [7110/10000 (71%)] Loss: 12.50210 = L_Mnfld: 4.53603 + L_NonMnfld: 3.78885 + L_Nrml: 0.00000 + L_Eknl: 3.12807 + L_Div: 0.00000 + L_Morse: 1.04915
Epoch: 0 [7110/10000 (71%)] Unweighted L_s : L_Mnfld: 0.00065,  L_NonMnfld: 0.00631,  L_Nrml: 0.00000,  L_Eknl: 0.06256, L_Morse: 10.49145

Weights: [7000.0, 600.0, 0, 50.0, 0.0, 0.1], lr=5.000e-05
Epoch: 0 [7120/10000 (71%)] Loss: 12.14722 = L_Mnfld: 4.40021 + L_NonMnfld: 3.40849 + L_Nrml: 0.00000 + L_Eknl: 3.23771 + L_Div: 0.00000 + L_Morse: 1.10081
Epoch: 0 [7120/10000 (71%)] Unweighted L_s : L_Mnfld: 0.00063,  L_NonMnfld: 0.00568,  L_Nrml: 0.00000,  L_Eknl: 0.06475, L_Morse: 11.00814

Weights: [7000.0, 600.0, 0, 50.0, 0.0, 0.1], lr=5.000e-05
Epoch: 0 [7130/10000 (71%)] Loss: 13.23680 = L_Mnfld: 4.80988 + L_NonMnfld: 3.98799 + L_Nrml: 0.00000 + L_Eknl: 3.28211 + L_Div: 0.00000 + L_Morse: 1.15682
Epoch: 0 [7130/10000 (71%)] Unweighted L_s : L_Mnfld: 0.00069,  L_NonMnfld: 0.00665,  L_Nrml: 0.00000,  L_Eknl: 0.06564, L_Morse: 11.56822

Weights: [7000.0, 600.0, 0, 50.0, 0.0, 0.1], lr=5.000e-05
Epoch: 0 [7140/10000 (71%)] Loss: 13.02625 = L_Mnfld: 4.67648 + L_NonMnfld: 3.79810 + L_Nrml: 0.00000 + L_Eknl: 3.43384 + L_Div: 0.00000 + L_Morse: 1.11782
Epoch: 0 [7140/10000 (71%)] Unweighted L_s : L_Mnfld: 0.00067,  L_NonMnfld: 0.00633,  L_Nrml: 0.00000,  L_Eknl: 0.06868, L_Morse: 11.17815

Weights: [7000.0, 600.0, 0, 50.0, 0.0, 0.1], lr=5.000e-05
Epoch: 0 [7150/10000 (72%)] Loss: 12.90042 = L_Mnfld: 4.92695 + L_NonMnfld: 3.55207 + L_Nrml: 0.00000 + L_Eknl: 3.31382 + L_Div: 0.00000 + L_Morse: 1.10759
Epoch: 0 [7150/10000 (72%)] Unweighted L_s : L_Mnfld: 0.00070,  L_NonMnfld: 0.00592,  L_Nrml: 0.00000,  L_Eknl: 0.06628, L_Morse: 11.07590

Weights: [7000.0, 600.0, 0, 50.0, 0.0, 0.1], lr=5.000e-05
Epoch: 0 [7160/10000 (72%)] Loss: 13.10215 = L_Mnfld: 4.48648 + L_NonMnfld: 4.15065 + L_Nrml: 0.00000 + L_Eknl: 3.37864 + L_Div: 0.00000 + L_Morse: 1.08638
Epoch: 0 [7160/10000 (72%)] Unweighted L_s : L_Mnfld: 0.00064,  L_NonMnfld: 0.00692,  L_Nrml: 0.00000,  L_Eknl: 0.06757, L_Morse: 10.86378

Weights: [7000.0, 600.0, 0, 50.0, 0.0, 0.1], lr=5.000e-05
Epoch: 0 [7170/10000 (72%)] Loss: 14.22230 = L_Mnfld: 5.55252 + L_NonMnfld: 3.69529 + L_Nrml: 0.00000 + L_Eknl: 3.80711 + L_Div: 0.00000 + L_Morse: 1.16739
Epoch: 0 [7170/10000 (72%)] Unweighted L_s : L_Mnfld: 0.00079,  L_NonMnfld: 0.00616,  L_Nrml: 0.00000,  L_Eknl: 0.07614, L_Morse: 11.67387

Weights: [7000.0, 600.0, 0, 50.0, 0.0, 0.1], lr=5.000e-05
Epoch: 0 [7180/10000 (72%)] Loss: 14.84651 = L_Mnfld: 5.83711 + L_NonMnfld: 4.10557 + L_Nrml: 0.00000 + L_Eknl: 3.84950 + L_Div: 0.00000 + L_Morse: 1.05433
Epoch: 0 [7180/10000 (72%)] Unweighted L_s : L_Mnfld: 0.00083,  L_NonMnfld: 0.00684,  L_Nrml: 0.00000,  L_Eknl: 0.07699, L_Morse: 10.54331

Weights: [7000.0, 600.0, 0, 50.0, 0.0, 0.1], lr=5.000e-05
Epoch: 0 [7190/10000 (72%)] Loss: 16.11638 = L_Mnfld: 7.41757 + L_NonMnfld: 3.74633 + L_Nrml: 0.00000 + L_Eknl: 3.82979 + L_Div: 0.00000 + L_Morse: 1.12269
Epoch: 0 [7190/10000 (72%)] Unweighted L_s : L_Mnfld: 0.00106,  L_NonMnfld: 0.00624,  L_Nrml: 0.00000,  L_Eknl: 0.07660, L_Morse: 11.22688

Weights: [7000.0, 600.0, 0, 50.0, 0.0, 0.1], lr=5.000e-05
Epoch: 0 [7200/10000 (72%)] Loss: 15.88796 = L_Mnfld: 7.01448 + L_NonMnfld: 3.80625 + L_Nrml: 0.00000 + L_Eknl: 3.97063 + L_Div: 0.00000 + L_Morse: 1.09660
Epoch: 0 [7200/10000 (72%)] Unweighted L_s : L_Mnfld: 0.00100,  L_NonMnfld: 0.00634,  L_Nrml: 0.00000,  L_Eknl: 0.07941, L_Morse: 10.96605

Weights: [7000.0, 600.0, 0, 50.0, 0.0, 0.1], lr=5.000e-05
Epoch: 0 [7210/10000 (72%)] Loss: 15.56981 = L_Mnfld: 6.64458 + L_NonMnfld: 3.85557 + L_Nrml: 0.00000 + L_Eknl: 3.93670 + L_Div: 0.00000 + L_Morse: 1.13296
Epoch: 0 [7210/10000 (72%)] Unweighted L_s : L_Mnfld: 0.00095,  L_NonMnfld: 0.00643,  L_Nrml: 0.00000,  L_Eknl: 0.07873, L_Morse: 11.32963

Weights: [7000.0, 600.0, 0, 50.0, 0.0, 0.1], lr=5.000e-05
Epoch: 0 [7220/10000 (72%)] Loss: 13.17790 = L_Mnfld: 4.81771 + L_NonMnfld: 3.72874 + L_Nrml: 0.00000 + L_Eknl: 3.53950 + L_Div: 0.00000 + L_Morse: 1.09195
Epoch: 0 [7220/10000 (72%)] Unweighted L_s : L_Mnfld: 0.00069,  L_NonMnfld: 0.00621,  L_Nrml: 0.00000,  L_Eknl: 0.07079, L_Morse: 10.91953

Weights: [7000.0, 600.0, 0, 50.0, 0.0, 0.1], lr=5.000e-05
Epoch: 0 [7230/10000 (72%)] Loss: 14.25641 = L_Mnfld: 5.68473 + L_NonMnfld: 3.90003 + L_Nrml: 0.00000 + L_Eknl: 3.57883 + L_Div: 0.00000 + L_Morse: 1.09282
Epoch: 0 [7230/10000 (72%)] Unweighted L_s : L_Mnfld: 0.00081,  L_NonMnfld: 0.00650,  L_Nrml: 0.00000,  L_Eknl: 0.07158, L_Morse: 10.92821

Weights: [7000.0, 600.0, 0, 50.0, 0.0, 0.1], lr=5.000e-05
Epoch: 0 [7240/10000 (72%)] Loss: 14.23925 = L_Mnfld: 5.61806 + L_NonMnfld: 3.78588 + L_Nrml: 0.00000 + L_Eknl: 3.63537 + L_Div: 0.00000 + L_Morse: 1.19993
Epoch: 0 [7240/10000 (72%)] Unweighted L_s : L_Mnfld: 0.00080,  L_NonMnfld: 0.00631,  L_Nrml: 0.00000,  L_Eknl: 0.07271, L_Morse: 11.99933

Weights: [7000.0, 600.0, 0, 50.0, 0.0, 0.1], lr=5.000e-05
Epoch: 0 [7250/10000 (72%)] Loss: 13.60858 = L_Mnfld: 5.51087 + L_NonMnfld: 3.56349 + L_Nrml: 0.00000 + L_Eknl: 3.43707 + L_Div: 0.00000 + L_Morse: 1.09716
Epoch: 0 [7250/10000 (72%)] Unweighted L_s : L_Mnfld: 0.00079,  L_NonMnfld: 0.00594,  L_Nrml: 0.00000,  L_Eknl: 0.06874, L_Morse: 10.97157

Weights: [7000.0, 600.0, 0, 50.0, 0.0, 0.1], lr=5.000e-05
Epoch: 0 [7260/10000 (73%)] Loss: 13.61194 = L_Mnfld: 4.97027 + L_NonMnfld: 4.03476 + L_Nrml: 0.00000 + L_Eknl: 3.51039 + L_Div: 0.00000 + L_Morse: 1.09653
Epoch: 0 [7260/10000 (73%)] Unweighted L_s : L_Mnfld: 0.00071,  L_NonMnfld: 0.00672,  L_Nrml: 0.00000,  L_Eknl: 0.07021, L_Morse: 10.96533

Weights: [7000.0, 600.0, 0, 50.0, 0.0, 0.1], lr=5.000e-05
Epoch: 0 [7270/10000 (73%)] Loss: 14.02039 = L_Mnfld: 5.54270 + L_NonMnfld: 3.93671 + L_Nrml: 0.00000 + L_Eknl: 3.40881 + L_Div: 0.00000 + L_Morse: 1.13217
Epoch: 0 [7270/10000 (73%)] Unweighted L_s : L_Mnfld: 0.00079,  L_NonMnfld: 0.00656,  L_Nrml: 0.00000,  L_Eknl: 0.06818, L_Morse: 11.32174

Weights: [7000.0, 600.0, 0, 50.0, 0.0, 0.1], lr=5.000e-05
Epoch: 0 [7280/10000 (73%)] Loss: 13.72850 = L_Mnfld: 5.35451 + L_NonMnfld: 3.89247 + L_Nrml: 0.00000 + L_Eknl: 3.36775 + L_Div: 0.00000 + L_Morse: 1.11378
Epoch: 0 [7280/10000 (73%)] Unweighted L_s : L_Mnfld: 0.00076,  L_NonMnfld: 0.00649,  L_Nrml: 0.00000,  L_Eknl: 0.06735, L_Morse: 11.13776

Weights: [7000.0, 600.0, 0, 50.0, 0.0, 0.1], lr=5.000e-05
Epoch: 0 [7290/10000 (73%)] Loss: 12.66092 = L_Mnfld: 4.40844 + L_NonMnfld: 3.89708 + L_Nrml: 0.00000 + L_Eknl: 3.29624 + L_Div: 0.00000 + L_Morse: 1.05915
Epoch: 0 [7290/10000 (73%)] Unweighted L_s : L_Mnfld: 0.00063,  L_NonMnfld: 0.00650,  L_Nrml: 0.00000,  L_Eknl: 0.06592, L_Morse: 10.59152

Weights: [7000.0, 600.0, 0, 50.0, 0.0, 0.1], lr=5.000e-05
Epoch: 0 [7300/10000 (73%)] Loss: 13.00020 = L_Mnfld: 4.71646 + L_NonMnfld: 3.92312 + L_Nrml: 0.00000 + L_Eknl: 3.23187 + L_Div: 0.00000 + L_Morse: 1.12875
Epoch: 0 [7300/10000 (73%)] Unweighted L_s : L_Mnfld: 0.00067,  L_NonMnfld: 0.00654,  L_Nrml: 0.00000,  L_Eknl: 0.06464, L_Morse: 11.28751

Weights: [7000.0, 600.0, 0, 50.0, 0.0, 0.1], lr=5.000e-05
Epoch: 0 [7310/10000 (73%)] Loss: 12.84922 = L_Mnfld: 4.94330 + L_NonMnfld: 3.55868 + L_Nrml: 0.00000 + L_Eknl: 3.25241 + L_Div: 0.00000 + L_Morse: 1.09483
Epoch: 0 [7310/10000 (73%)] Unweighted L_s : L_Mnfld: 0.00071,  L_NonMnfld: 0.00593,  L_Nrml: 0.00000,  L_Eknl: 0.06505, L_Morse: 10.94826

Weights: [7000.0, 600.0, 0, 50.0, 0.0, 0.1], lr=5.000e-05
Epoch: 0 [7320/10000 (73%)] Loss: 12.23806 = L_Mnfld: 4.35710 + L_NonMnfld: 3.40748 + L_Nrml: 0.00000 + L_Eknl: 3.31350 + L_Div: 0.00000 + L_Morse: 1.15998
Epoch: 0 [7320/10000 (73%)] Unweighted L_s : L_Mnfld: 0.00062,  L_NonMnfld: 0.00568,  L_Nrml: 0.00000,  L_Eknl: 0.06627, L_Morse: 11.59984

Weights: [7000.0, 600.0, 0, 50.0, 0.0, 0.1], lr=5.000e-05
Epoch: 0 [7330/10000 (73%)] Loss: 13.13830 = L_Mnfld: 4.64171 + L_NonMnfld: 4.17196 + L_Nrml: 0.00000 + L_Eknl: 3.27400 + L_Div: 0.00000 + L_Morse: 1.05064
Epoch: 0 [7330/10000 (73%)] Unweighted L_s : L_Mnfld: 0.00066,  L_NonMnfld: 0.00695,  L_Nrml: 0.00000,  L_Eknl: 0.06548, L_Morse: 10.50641

Weights: [7000.0, 600.0, 0, 50.0, 0.0, 0.1], lr=5.000e-05
Epoch: 0 [7340/10000 (73%)] Loss: 13.36925 = L_Mnfld: 5.14186 + L_NonMnfld: 3.80909 + L_Nrml: 0.00000 + L_Eknl: 3.28098 + L_Div: 0.00000 + L_Morse: 1.13732
Epoch: 0 [7340/10000 (73%)] Unweighted L_s : L_Mnfld: 0.00073,  L_NonMnfld: 0.00635,  L_Nrml: 0.00000,  L_Eknl: 0.06562, L_Morse: 11.37322

Weights: [7000.0, 600.0, 0, 50.0, 0.0, 0.1], lr=5.000e-05
Epoch: 0 [7350/10000 (74%)] Loss: 13.42634 = L_Mnfld: 4.85446 + L_NonMnfld: 4.14313 + L_Nrml: 0.00000 + L_Eknl: 3.28207 + L_Div: 0.00000 + L_Morse: 1.14668
Epoch: 0 [7350/10000 (74%)] Unweighted L_s : L_Mnfld: 0.00069,  L_NonMnfld: 0.00691,  L_Nrml: 0.00000,  L_Eknl: 0.06564, L_Morse: 11.46676

Weights: [7000.0, 600.0, 0, 50.0, 0.0, 0.1], lr=5.000e-05
Epoch: 0 [7360/10000 (74%)] Loss: 12.90625 = L_Mnfld: 4.37062 + L_NonMnfld: 4.22514 + L_Nrml: 0.00000 + L_Eknl: 3.25439 + L_Div: 0.00000 + L_Morse: 1.05609
Epoch: 0 [7360/10000 (74%)] Unweighted L_s : L_Mnfld: 0.00062,  L_NonMnfld: 0.00704,  L_Nrml: 0.00000,  L_Eknl: 0.06509, L_Morse: 10.56091

Weights: [7000.0, 600.0, 0, 50.0, 0.0, 0.1], lr=5.000e-05
Epoch: 0 [7370/10000 (74%)] Loss: 12.52231 = L_Mnfld: 4.25327 + L_NonMnfld: 3.85012 + L_Nrml: 0.00000 + L_Eknl: 3.28824 + L_Div: 0.00000 + L_Morse: 1.13067
Epoch: 0 [7370/10000 (74%)] Unweighted L_s : L_Mnfld: 0.00061,  L_NonMnfld: 0.00642,  L_Nrml: 0.00000,  L_Eknl: 0.06576, L_Morse: 11.30667

Weights: [7000.0, 600.0, 0, 50.0, 0.0, 0.1], lr=5.000e-05
Epoch: 0 [7380/10000 (74%)] Loss: 13.98110 = L_Mnfld: 5.39059 + L_NonMnfld: 3.85062 + L_Nrml: 0.00000 + L_Eknl: 3.54138 + L_Div: 0.00000 + L_Morse: 1.19850
Epoch: 0 [7380/10000 (74%)] Unweighted L_s : L_Mnfld: 0.00077,  L_NonMnfld: 0.00642,  L_Nrml: 0.00000,  L_Eknl: 0.07083, L_Morse: 11.98503

Weights: [7000.0, 600.0, 0, 50.0, 0.0, 0.1], lr=5.000e-05
Epoch: 0 [7390/10000 (74%)] Loss: 14.88472 = L_Mnfld: 6.54714 + L_NonMnfld: 3.59036 + L_Nrml: 0.00000 + L_Eknl: 3.59150 + L_Div: 0.00000 + L_Morse: 1.15573
Epoch: 0 [7390/10000 (74%)] Unweighted L_s : L_Mnfld: 0.00094,  L_NonMnfld: 0.00598,  L_Nrml: 0.00000,  L_Eknl: 0.07183, L_Morse: 11.55728

Weights: [7000.0, 600.0, 0, 50.0, 0.0, 0.1], lr=5.000e-05
Epoch: 0 [7400/10000 (74%)] Loss: 15.26574 = L_Mnfld: 6.02740 + L_NonMnfld: 4.59294 + L_Nrml: 0.00000 + L_Eknl: 3.47054 + L_Div: 0.00000 + L_Morse: 1.17486
Epoch: 0 [7400/10000 (74%)] Unweighted L_s : L_Mnfld: 0.00086,  L_NonMnfld: 0.00765,  L_Nrml: 0.00000,  L_Eknl: 0.06941, L_Morse: 11.74859

Weights: [7000.0, 600.0, 0, 50.0, 0.0, 0.1], lr=5.000e-05
Epoch: 0 [7410/10000 (74%)] Loss: 18.83349 = L_Mnfld: 9.02268 + L_NonMnfld: 3.90862 + L_Nrml: 0.00000 + L_Eknl: 4.79908 + L_Div: 0.00000 + L_Morse: 1.10312
Epoch: 0 [7410/10000 (74%)] Unweighted L_s : L_Mnfld: 0.00129,  L_NonMnfld: 0.00651,  L_Nrml: 0.00000,  L_Eknl: 0.09598, L_Morse: 11.03117

Weights: [7000.0, 600.0, 0, 50.0, 0.0, 0.1], lr=5.000e-05
Epoch: 0 [7420/10000 (74%)] Loss: 31.62128 = L_Mnfld: 19.33600 + L_NonMnfld: 3.42114 + L_Nrml: 0.00000 + L_Eknl: 7.51053 + L_Div: 0.00000 + L_Morse: 1.35362
Epoch: 0 [7420/10000 (74%)] Unweighted L_s : L_Mnfld: 0.00276,  L_NonMnfld: 0.00570,  L_Nrml: 0.00000,  L_Eknl: 0.15021, L_Morse: 13.53620

Weights: [7000.0, 600.0, 0, 50.0, 0.0, 0.1], lr=5.000e-05
Epoch: 0 [7430/10000 (74%)] Loss: 23.91603 = L_Mnfld: 11.87382 + L_NonMnfld: 3.72150 + L_Nrml: 0.00000 + L_Eknl: 7.12487 + L_Div: 0.00000 + L_Morse: 1.19584
Epoch: 0 [7430/10000 (74%)] Unweighted L_s : L_Mnfld: 0.00170,  L_NonMnfld: 0.00620,  L_Nrml: 0.00000,  L_Eknl: 0.14250, L_Morse: 11.95842

Weights: [7000.0, 600.0, 0, 50.0, 0.0, 0.1], lr=5.000e-05
Epoch: 0 [7440/10000 (74%)] Loss: 22.11472 = L_Mnfld: 11.16559 + L_NonMnfld: 3.79000 + L_Nrml: 0.00000 + L_Eknl: 6.01481 + L_Div: 0.00000 + L_Morse: 1.14432
Epoch: 0 [7440/10000 (74%)] Unweighted L_s : L_Mnfld: 0.00160,  L_NonMnfld: 0.00632,  L_Nrml: 0.00000,  L_Eknl: 0.12030, L_Morse: 11.44318

Weights: [7000.0, 600.0, 0, 50.0, 0.0, 0.1], lr=5.000e-05
Epoch: 0 [7450/10000 (74%)] Loss: 25.87362 = L_Mnfld: 14.02053 + L_NonMnfld: 3.79100 + L_Nrml: 0.00000 + L_Eknl: 6.84691 + L_Div: 0.00000 + L_Morse: 1.21518
Epoch: 0 [7450/10000 (74%)] Unweighted L_s : L_Mnfld: 0.00200,  L_NonMnfld: 0.00632,  L_Nrml: 0.00000,  L_Eknl: 0.13694, L_Morse: 12.15184

Weights: [7000.0, 600.0, 0, 50.0, 0.0, 0.1], lr=5.000e-05
Epoch: 0 [7460/10000 (75%)] Loss: 24.64789 = L_Mnfld: 12.36376 + L_NonMnfld: 3.72217 + L_Nrml: 0.00000 + L_Eknl: 7.39415 + L_Div: 0.00000 + L_Morse: 1.16781
Epoch: 0 [7460/10000 (75%)] Unweighted L_s : L_Mnfld: 0.00177,  L_NonMnfld: 0.00620,  L_Nrml: 0.00000,  L_Eknl: 0.14788, L_Morse: 11.67812

Weights: [7000.0, 600.0, 0, 50.0, 0.0, 0.1], lr=5.000e-05
Epoch: 0 [7470/10000 (75%)] Loss: 18.17693 = L_Mnfld: 7.76439 + L_NonMnfld: 3.41604 + L_Nrml: 0.00000 + L_Eknl: 5.91322 + L_Div: 0.00000 + L_Morse: 1.08329
Epoch: 0 [7470/10000 (75%)] Unweighted L_s : L_Mnfld: 0.00111,  L_NonMnfld: 0.00569,  L_Nrml: 0.00000,  L_Eknl: 0.11826, L_Morse: 10.83290

Weights: [7000.0, 600.0, 0, 50.0, 0.0, 0.1], lr=5.000e-05
Epoch: 0 [7480/10000 (75%)] Loss: 16.31172 = L_Mnfld: 6.16698 + L_NonMnfld: 3.83541 + L_Nrml: 0.00000 + L_Eknl: 5.15637 + L_Div: 0.00000 + L_Morse: 1.15296
Epoch: 0 [7480/10000 (75%)] Unweighted L_s : L_Mnfld: 0.00088,  L_NonMnfld: 0.00639,  L_Nrml: 0.00000,  L_Eknl: 0.10313, L_Morse: 11.52960

Weights: [7000.0, 600.0, 0, 50.0, 0.0, 0.1], lr=5.000e-05
Epoch: 0 [7490/10000 (75%)] Loss: 16.54671 = L_Mnfld: 7.25049 + L_NonMnfld: 3.58924 + L_Nrml: 0.00000 + L_Eknl: 4.60463 + L_Div: 0.00000 + L_Morse: 1.10235
Epoch: 0 [7490/10000 (75%)] Unweighted L_s : L_Mnfld: 0.00104,  L_NonMnfld: 0.00598,  L_Nrml: 0.00000,  L_Eknl: 0.09209, L_Morse: 11.02347

Weights: [7000.0, 600.0, 0, 50.0, 0.0, 0.1], lr=5.000e-05
Epoch: 0 [7500/10000 (75%)] Loss: 15.04067 = L_Mnfld: 5.24278 + L_NonMnfld: 4.30583 + L_Nrml: 0.00000 + L_Eknl: 4.35426 + L_Div: 0.00000 + L_Morse: 1.13780
Epoch: 0 [7500/10000 (75%)] Unweighted L_s : L_Mnfld: 0.00075,  L_NonMnfld: 0.00718,  L_Nrml: 0.00000,  L_Eknl: 0.08709, L_Morse: 11.37796

Weights: [7000.0, 600.0, 0, 50.0, 0.0, 0.1], lr=5.000e-05
Epoch: 0 [7510/10000 (75%)] Loss: 13.72895 = L_Mnfld: 4.53577 + L_NonMnfld: 3.91205 + L_Nrml: 0.00000 + L_Eknl: 4.17033 + L_Div: 0.00000 + L_Morse: 1.11079
Epoch: 0 [7510/10000 (75%)] Unweighted L_s : L_Mnfld: 0.00065,  L_NonMnfld: 0.00652,  L_Nrml: 0.00000,  L_Eknl: 0.08341, L_Morse: 11.10794

Weights: [7000.0, 600.0, 0, 50.0, 0.0, 0.1], lr=5.000e-05
Epoch: 0 [7520/10000 (75%)] Loss: 14.76563 = L_Mnfld: 5.49430 + L_NonMnfld: 4.18298 + L_Nrml: 0.00000 + L_Eknl: 3.93139 + L_Div: 0.00000 + L_Morse: 1.15695
Epoch: 0 [7520/10000 (75%)] Unweighted L_s : L_Mnfld: 0.00078,  L_NonMnfld: 0.00697,  L_Nrml: 0.00000,  L_Eknl: 0.07863, L_Morse: 11.56954

Weights: [7000.0, 600.0, 0, 50.0, 0.0, 0.1], lr=5.000e-05
Epoch: 0 [7530/10000 (75%)] Loss: 14.70707 = L_Mnfld: 5.75128 + L_NonMnfld: 3.95066 + L_Nrml: 0.00000 + L_Eknl: 3.88741 + L_Div: 0.00000 + L_Morse: 1.11772
Epoch: 0 [7530/10000 (75%)] Unweighted L_s : L_Mnfld: 0.00082,  L_NonMnfld: 0.00658,  L_Nrml: 0.00000,  L_Eknl: 0.07775, L_Morse: 11.17720

Weights: [7000.0, 600.0, 0, 50.0, 0.0, 0.1], lr=5.000e-05
Epoch: 0 [7540/10000 (75%)] Loss: 13.57190 = L_Mnfld: 4.51332 + L_NonMnfld: 4.11890 + L_Nrml: 0.00000 + L_Eknl: 3.83275 + L_Div: 0.00000 + L_Morse: 1.10692
Epoch: 0 [7540/10000 (75%)] Unweighted L_s : L_Mnfld: 0.00064,  L_NonMnfld: 0.00686,  L_Nrml: 0.00000,  L_Eknl: 0.07665, L_Morse: 11.06924

Weights: [7000.0, 600.0, 0, 50.0, 0.0, 0.1], lr=5.000e-05
Epoch: 0 [7550/10000 (76%)] Loss: 13.38240 = L_Mnfld: 4.63732 + L_NonMnfld: 3.83790 + L_Nrml: 0.00000 + L_Eknl: 3.78367 + L_Div: 0.00000 + L_Morse: 1.12351
Epoch: 0 [7550/10000 (76%)] Unweighted L_s : L_Mnfld: 0.00066,  L_NonMnfld: 0.00640,  L_Nrml: 0.00000,  L_Eknl: 0.07567, L_Morse: 11.23514

Weights: [7000.0, 600.0, 0, 50.0, 0.0, 0.1], lr=5.000e-05
Epoch: 0 [7560/10000 (76%)] Loss: 13.58529 = L_Mnfld: 5.28555 + L_NonMnfld: 3.43619 + L_Nrml: 0.00000 + L_Eknl: 3.77923 + L_Div: 0.00000 + L_Morse: 1.08432
Epoch: 0 [7560/10000 (76%)] Unweighted L_s : L_Mnfld: 0.00076,  L_NonMnfld: 0.00573,  L_Nrml: 0.00000,  L_Eknl: 0.07558, L_Morse: 10.84318

Weights: [7000.0, 600.0, 0, 50.0, 0.0, 0.1], lr=5.000e-05
Epoch: 0 [7570/10000 (76%)] Loss: 12.21113 = L_Mnfld: 3.78096 + L_NonMnfld: 3.71692 + L_Nrml: 0.00000 + L_Eknl: 3.55777 + L_Div: 0.00000 + L_Morse: 1.15548
Epoch: 0 [7570/10000 (76%)] Unweighted L_s : L_Mnfld: 0.00054,  L_NonMnfld: 0.00619,  L_Nrml: 0.00000,  L_Eknl: 0.07116, L_Morse: 11.55484

Weights: [7000.0, 600.0, 0, 50.0, 0.0, 0.1], lr=5.000e-05
Epoch: 0 [7580/10000 (76%)] Loss: 14.66666 = L_Mnfld: 5.60443 + L_NonMnfld: 4.26658 + L_Nrml: 0.00000 + L_Eknl: 3.66345 + L_Div: 0.00000 + L_Morse: 1.13220
Epoch: 0 [7580/10000 (76%)] Unweighted L_s : L_Mnfld: 0.00080,  L_NonMnfld: 0.00711,  L_Nrml: 0.00000,  L_Eknl: 0.07327, L_Morse: 11.32203

Weights: [7000.0, 600.0, 0, 50.0, 0.0, 0.1], lr=5.000e-05
Epoch: 0 [7590/10000 (76%)] Loss: 12.87773 = L_Mnfld: 4.45883 + L_NonMnfld: 3.62247 + L_Nrml: 0.00000 + L_Eknl: 3.66964 + L_Div: 0.00000 + L_Morse: 1.12678
Epoch: 0 [7590/10000 (76%)] Unweighted L_s : L_Mnfld: 0.00064,  L_NonMnfld: 0.00604,  L_Nrml: 0.00000,  L_Eknl: 0.07339, L_Morse: 11.26783

Weights: [7000.0, 600.0, 0, 50.0, 0.0, 0.1], lr=5.000e-05
Epoch: 0 [7600/10000 (76%)] Loss: 13.08993 = L_Mnfld: 4.82664 + L_NonMnfld: 3.56288 + L_Nrml: 0.00000 + L_Eknl: 3.60251 + L_Div: 0.00000 + L_Morse: 1.09790
Epoch: 0 [7600/10000 (76%)] Unweighted L_s : L_Mnfld: 0.00069,  L_NonMnfld: 0.00594,  L_Nrml: 0.00000,  L_Eknl: 0.07205, L_Morse: 10.97901

Weights: [7000.0, 600.0, 0, 50.0, 0.0, 0.1], lr=5.000e-05
Epoch: 0 [7610/10000 (76%)] Loss: 12.63402 = L_Mnfld: 4.14517 + L_NonMnfld: 3.80636 + L_Nrml: 0.00000 + L_Eknl: 3.56827 + L_Div: 0.00000 + L_Morse: 1.11423
Epoch: 0 [7610/10000 (76%)] Unweighted L_s : L_Mnfld: 0.00059,  L_NonMnfld: 0.00634,  L_Nrml: 0.00000,  L_Eknl: 0.07137, L_Morse: 11.14232

Weights: [7000.0, 600.0, 0, 50.0, 0.0, 0.1], lr=5.000e-05
Epoch: 0 [7620/10000 (76%)] Loss: 13.35511 = L_Mnfld: 4.75045 + L_NonMnfld: 3.93708 + L_Nrml: 0.00000 + L_Eknl: 3.55973 + L_Div: 0.00000 + L_Morse: 1.10785
Epoch: 0 [7620/10000 (76%)] Unweighted L_s : L_Mnfld: 0.00068,  L_NonMnfld: 0.00656,  L_Nrml: 0.00000,  L_Eknl: 0.07119, L_Morse: 11.07845

Weights: [7000.0, 600.0, 0, 50.0, 0.0, 0.1], lr=5.000e-05
Epoch: 0 [7630/10000 (76%)] Loss: 12.93304 = L_Mnfld: 4.84966 + L_NonMnfld: 3.43924 + L_Nrml: 0.00000 + L_Eknl: 3.54369 + L_Div: 0.00000 + L_Morse: 1.10045
Epoch: 0 [7630/10000 (76%)] Unweighted L_s : L_Mnfld: 0.00069,  L_NonMnfld: 0.00573,  L_Nrml: 0.00000,  L_Eknl: 0.07087, L_Morse: 11.00451

Weights: [7000.0, 600.0, 0, 50.0, 0.0, 0.1], lr=5.000e-05
Epoch: 0 [7640/10000 (76%)] Loss: 12.72060 = L_Mnfld: 4.57649 + L_NonMnfld: 3.53072 + L_Nrml: 0.00000 + L_Eknl: 3.47609 + L_Div: 0.00000 + L_Morse: 1.13730
Epoch: 0 [7640/10000 (76%)] Unweighted L_s : L_Mnfld: 0.00065,  L_NonMnfld: 0.00588,  L_Nrml: 0.00000,  L_Eknl: 0.06952, L_Morse: 11.37304

Weights: [7000.0, 600.0, 0, 50.0, 0.0, 0.1], lr=5.000e-05
Epoch: 0 [7650/10000 (76%)] Loss: 12.81019 = L_Mnfld: 4.76549 + L_NonMnfld: 3.42694 + L_Nrml: 0.00000 + L_Eknl: 3.44780 + L_Div: 0.00000 + L_Morse: 1.16996
Epoch: 0 [7650/10000 (76%)] Unweighted L_s : L_Mnfld: 0.00068,  L_NonMnfld: 0.00571,  L_Nrml: 0.00000,  L_Eknl: 0.06896, L_Morse: 11.69964

Weights: [7000.0, 600.0, 0, 50.0, 0.0, 0.1], lr=5.000e-05
Epoch: 0 [7660/10000 (77%)] Loss: 12.38360 = L_Mnfld: 4.43018 + L_NonMnfld: 3.66171 + L_Nrml: 0.00000 + L_Eknl: 3.22543 + L_Div: 0.00000 + L_Morse: 1.06627
Epoch: 0 [7660/10000 (77%)] Unweighted L_s : L_Mnfld: 0.00063,  L_NonMnfld: 0.00610,  L_Nrml: 0.00000,  L_Eknl: 0.06451, L_Morse: 10.66275

Weights: [7000.0, 600.0, 0, 50.0, 0.0, 0.1], lr=5.000e-05
Epoch: 0 [7670/10000 (77%)] Loss: 12.67715 = L_Mnfld: 4.47533 + L_NonMnfld: 3.57438 + L_Nrml: 0.00000 + L_Eknl: 3.47375 + L_Div: 0.00000 + L_Morse: 1.15369
Epoch: 0 [7670/10000 (77%)] Unweighted L_s : L_Mnfld: 0.00064,  L_NonMnfld: 0.00596,  L_Nrml: 0.00000,  L_Eknl: 0.06948, L_Morse: 11.53689

Weights: [7000.0, 600.0, 0, 50.0, 0.0, 0.1], lr=5.000e-05
Epoch: 0 [7680/10000 (77%)] Loss: 12.72152 = L_Mnfld: 4.27588 + L_NonMnfld: 3.98125 + L_Nrml: 0.00000 + L_Eknl: 3.33848 + L_Div: 0.00000 + L_Morse: 1.12590
Epoch: 0 [7680/10000 (77%)] Unweighted L_s : L_Mnfld: 0.00061,  L_NonMnfld: 0.00664,  L_Nrml: 0.00000,  L_Eknl: 0.06677, L_Morse: 11.25901

Weights: [7000.0, 600.0, 0, 50.0, 0.0, 0.1], lr=5.000e-05
Epoch: 0 [7690/10000 (77%)] Loss: 12.36123 = L_Mnfld: 4.81931 + L_NonMnfld: 3.18237 + L_Nrml: 0.00000 + L_Eknl: 3.31771 + L_Div: 0.00000 + L_Morse: 1.04184
Epoch: 0 [7690/10000 (77%)] Unweighted L_s : L_Mnfld: 0.00069,  L_NonMnfld: 0.00530,  L_Nrml: 0.00000,  L_Eknl: 0.06635, L_Morse: 10.41836

Weights: [7000.0, 600.0, 0, 50.0, 0.0, 0.1], lr=5.000e-05
Epoch: 0 [7700/10000 (77%)] Loss: 12.87398 = L_Mnfld: 4.47648 + L_NonMnfld: 4.09654 + L_Nrml: 0.00000 + L_Eknl: 3.28048 + L_Div: 0.00000 + L_Morse: 1.02049
Epoch: 0 [7700/10000 (77%)] Unweighted L_s : L_Mnfld: 0.00064,  L_NonMnfld: 0.00683,  L_Nrml: 0.00000,  L_Eknl: 0.06561, L_Morse: 10.20492

Weights: [7000.0, 600.0, 0, 50.0, 0.0, 0.1], lr=5.000e-05
Epoch: 0 [7710/10000 (77%)] Loss: 12.51898 = L_Mnfld: 4.33641 + L_NonMnfld: 3.76328 + L_Nrml: 0.00000 + L_Eknl: 3.30664 + L_Div: 0.00000 + L_Morse: 1.11265
Epoch: 0 [7710/10000 (77%)] Unweighted L_s : L_Mnfld: 0.00062,  L_NonMnfld: 0.00627,  L_Nrml: 0.00000,  L_Eknl: 0.06613, L_Morse: 11.12648

Weights: [7000.0, 600.0, 0, 50.0, 0.0, 0.1], lr=5.000e-05
Epoch: 0 [7720/10000 (77%)] Loss: 12.09844 = L_Mnfld: 4.26962 + L_NonMnfld: 3.33217 + L_Nrml: 0.00000 + L_Eknl: 3.37268 + L_Div: 0.00000 + L_Morse: 1.12397
Epoch: 0 [7720/10000 (77%)] Unweighted L_s : L_Mnfld: 0.00061,  L_NonMnfld: 0.00555,  L_Nrml: 0.00000,  L_Eknl: 0.06745, L_Morse: 11.23970

Weights: [7000.0, 600.0, 0, 50.0, 0.0, 0.1], lr=5.000e-05
Epoch: 0 [7730/10000 (77%)] Loss: 12.90561 = L_Mnfld: 4.38950 + L_NonMnfld: 4.05404 + L_Nrml: 0.00000 + L_Eknl: 3.44066 + L_Div: 0.00000 + L_Morse: 1.02141
Epoch: 0 [7730/10000 (77%)] Unweighted L_s : L_Mnfld: 0.00063,  L_NonMnfld: 0.00676,  L_Nrml: 0.00000,  L_Eknl: 0.06881, L_Morse: 10.21405

Weights: [7000.0, 600.0, 0, 50.0, 0.0, 0.1], lr=5.000e-05
Epoch: 0 [7740/10000 (77%)] Loss: 14.08549 = L_Mnfld: 5.59169 + L_NonMnfld: 4.03021 + L_Nrml: 0.00000 + L_Eknl: 3.36979 + L_Div: 0.00000 + L_Morse: 1.09380
Epoch: 0 [7740/10000 (77%)] Unweighted L_s : L_Mnfld: 0.00080,  L_NonMnfld: 0.00672,  L_Nrml: 0.00000,  L_Eknl: 0.06740, L_Morse: 10.93800

Weights: [7000.0, 600.0, 0, 50.0, 0.0, 0.1], lr=5.000e-05
Epoch: 0 [7750/10000 (78%)] Loss: 13.10643 = L_Mnfld: 4.91403 + L_NonMnfld: 3.64039 + L_Nrml: 0.00000 + L_Eknl: 3.43918 + L_Div: 0.00000 + L_Morse: 1.11284
Epoch: 0 [7750/10000 (78%)] Unweighted L_s : L_Mnfld: 0.00070,  L_NonMnfld: 0.00607,  L_Nrml: 0.00000,  L_Eknl: 0.06878, L_Morse: 11.12836

Weights: [7000.0, 600.0, 0, 50.0, 0.0, 0.1], lr=5.000e-05
Epoch: 0 [7760/10000 (78%)] Loss: 12.48520 = L_Mnfld: 4.47350 + L_NonMnfld: 3.57908 + L_Nrml: 0.00000 + L_Eknl: 3.32598 + L_Div: 0.00000 + L_Morse: 1.10663
Epoch: 0 [7760/10000 (78%)] Unweighted L_s : L_Mnfld: 0.00064,  L_NonMnfld: 0.00597,  L_Nrml: 0.00000,  L_Eknl: 0.06652, L_Morse: 11.06633

Weights: [7000.0, 600.0, 0, 50.0, 0.0, 0.1], lr=5.000e-05
Epoch: 0 [7770/10000 (78%)] Loss: 11.71065 = L_Mnfld: 3.89594 + L_NonMnfld: 3.45795 + L_Nrml: 0.00000 + L_Eknl: 3.27310 + L_Div: 0.00000 + L_Morse: 1.08367
Epoch: 0 [7770/10000 (78%)] Unweighted L_s : L_Mnfld: 0.00056,  L_NonMnfld: 0.00576,  L_Nrml: 0.00000,  L_Eknl: 0.06546, L_Morse: 10.83665

Weights: [7000.0, 600.0, 0, 50.0, 0.0, 0.1], lr=5.000e-05
Epoch: 0 [7780/10000 (78%)] Loss: 12.19619 = L_Mnfld: 4.35491 + L_NonMnfld: 3.57396 + L_Nrml: 0.00000 + L_Eknl: 3.16308 + L_Div: 0.00000 + L_Morse: 1.10424
Epoch: 0 [7780/10000 (78%)] Unweighted L_s : L_Mnfld: 0.00062,  L_NonMnfld: 0.00596,  L_Nrml: 0.00000,  L_Eknl: 0.06326, L_Morse: 11.04239

Weights: [7000.0, 600.0, 0, 50.0, 0.0, 0.1], lr=5.000e-05
Epoch: 0 [7790/10000 (78%)] Loss: 13.38831 = L_Mnfld: 4.99287 + L_NonMnfld: 4.06258 + L_Nrml: 0.00000 + L_Eknl: 3.18218 + L_Div: 0.00000 + L_Morse: 1.15069
Epoch: 0 [7790/10000 (78%)] Unweighted L_s : L_Mnfld: 0.00071,  L_NonMnfld: 0.00677,  L_Nrml: 0.00000,  L_Eknl: 0.06364, L_Morse: 11.50686

Weights: [7000.0, 600.0, 0, 50.0, 0.0, 0.1], lr=5.000e-05
Epoch: 0 [7800/10000 (78%)] Loss: 12.23485 = L_Mnfld: 4.56818 + L_NonMnfld: 3.25336 + L_Nrml: 0.00000 + L_Eknl: 3.28385 + L_Div: 0.00000 + L_Morse: 1.12946
Epoch: 0 [7800/10000 (78%)] Unweighted L_s : L_Mnfld: 0.00065,  L_NonMnfld: 0.00542,  L_Nrml: 0.00000,  L_Eknl: 0.06568, L_Morse: 11.29465

Weights: [7000.0, 600.0, 0, 50.0, 0.0, 0.1], lr=5.000e-05
Epoch: 0 [7810/10000 (78%)] Loss: 12.55586 = L_Mnfld: 4.43783 + L_NonMnfld: 3.77959 + L_Nrml: 0.00000 + L_Eknl: 3.24263 + L_Div: 0.00000 + L_Morse: 1.09582
Epoch: 0 [7810/10000 (78%)] Unweighted L_s : L_Mnfld: 0.00063,  L_NonMnfld: 0.00630,  L_Nrml: 0.00000,  L_Eknl: 0.06485, L_Morse: 10.95817

Weights: [7000.0, 600.0, 0, 50.0, 0.0, 0.1], lr=5.000e-05
Epoch: 0 [7820/10000 (78%)] Loss: 12.83631 = L_Mnfld: 4.45822 + L_NonMnfld: 4.18532 + L_Nrml: 0.00000 + L_Eknl: 3.09770 + L_Div: 0.00000 + L_Morse: 1.09508
Epoch: 0 [7820/10000 (78%)] Unweighted L_s : L_Mnfld: 0.00064,  L_NonMnfld: 0.00698,  L_Nrml: 0.00000,  L_Eknl: 0.06195, L_Morse: 10.95076

Weights: [7000.0, 600.0, 0, 50.0, 0.0, 0.1], lr=5.000e-05
Epoch: 0 [7830/10000 (78%)] Loss: 11.76069 = L_Mnfld: 3.86693 + L_NonMnfld: 3.62071 + L_Nrml: 0.00000 + L_Eknl: 3.12022 + L_Div: 0.00000 + L_Morse: 1.15283
Epoch: 0 [7830/10000 (78%)] Unweighted L_s : L_Mnfld: 0.00055,  L_NonMnfld: 0.00603,  L_Nrml: 0.00000,  L_Eknl: 0.06240, L_Morse: 11.52831

Weights: [7000.0, 600.0, 0, 50.0, 0.0, 0.1], lr=5.000e-05
Epoch: 0 [7840/10000 (78%)] Loss: 12.44158 = L_Mnfld: 3.99975 + L_NonMnfld: 4.05532 + L_Nrml: 0.00000 + L_Eknl: 3.21105 + L_Div: 0.00000 + L_Morse: 1.17545
Epoch: 0 [7840/10000 (78%)] Unweighted L_s : L_Mnfld: 0.00057,  L_NonMnfld: 0.00676,  L_Nrml: 0.00000,  L_Eknl: 0.06422, L_Morse: 11.75451

Weights: [7000.0, 600.0, 0, 50.0, 0.0, 0.1], lr=5.000e-05
Epoch: 0 [7850/10000 (78%)] Loss: 11.87861 = L_Mnfld: 4.48642 + L_NonMnfld: 3.07886 + L_Nrml: 0.00000 + L_Eknl: 3.20858 + L_Div: 0.00000 + L_Morse: 1.10476
Epoch: 0 [7850/10000 (78%)] Unweighted L_s : L_Mnfld: 0.00064,  L_NonMnfld: 0.00513,  L_Nrml: 0.00000,  L_Eknl: 0.06417, L_Morse: 11.04759

Weights: [7000.0, 600.0, 0, 50.0, 0.0, 0.1], lr=5.000e-05
Epoch: 0 [7860/10000 (79%)] Loss: 13.03218 = L_Mnfld: 4.59575 + L_NonMnfld: 4.08738 + L_Nrml: 0.00000 + L_Eknl: 3.15257 + L_Div: 0.00000 + L_Morse: 1.19649
Epoch: 0 [7860/10000 (79%)] Unweighted L_s : L_Mnfld: 0.00066,  L_NonMnfld: 0.00681,  L_Nrml: 0.00000,  L_Eknl: 0.06305, L_Morse: 11.96488

Weights: [7000.0, 600.0, 0, 50.0, 0.0, 0.1], lr=5.000e-05
Epoch: 0 [7870/10000 (79%)] Loss: 12.84870 = L_Mnfld: 4.36989 + L_NonMnfld: 4.24168 + L_Nrml: 0.00000 + L_Eknl: 3.12018 + L_Div: 0.00000 + L_Morse: 1.11695
Epoch: 0 [7870/10000 (79%)] Unweighted L_s : L_Mnfld: 0.00062,  L_NonMnfld: 0.00707,  L_Nrml: 0.00000,  L_Eknl: 0.06240, L_Morse: 11.16955

Weights: [7000.0, 600.0, 0, 50.0, 0.0, 0.1], lr=5.000e-05
Epoch: 0 [7880/10000 (79%)] Loss: 12.10129 = L_Mnfld: 4.11433 + L_NonMnfld: 3.56311 + L_Nrml: 0.00000 + L_Eknl: 3.27350 + L_Div: 0.00000 + L_Morse: 1.15034
Epoch: 0 [7880/10000 (79%)] Unweighted L_s : L_Mnfld: 0.00059,  L_NonMnfld: 0.00594,  L_Nrml: 0.00000,  L_Eknl: 0.06547, L_Morse: 11.50339

Weights: [7000.0, 600.0, 0, 50.0, 0.0, 0.1], lr=5.000e-05
Epoch: 0 [7890/10000 (79%)] Loss: 12.93515 = L_Mnfld: 4.27805 + L_NonMnfld: 4.19651 + L_Nrml: 0.00000 + L_Eknl: 3.31088 + L_Div: 0.00000 + L_Morse: 1.14972
Epoch: 0 [7890/10000 (79%)] Unweighted L_s : L_Mnfld: 0.00061,  L_NonMnfld: 0.00699,  L_Nrml: 0.00000,  L_Eknl: 0.06622, L_Morse: 11.49721

Weights: [7000.0, 600.0, 0, 50.0, 0.0, 0.1], lr=5.000e-05
Epoch: 0 [7900/10000 (79%)] Loss: 13.55751 = L_Mnfld: 5.89794 + L_NonMnfld: 2.95493 + L_Nrml: 0.00000 + L_Eknl: 3.57322 + L_Div: 0.00000 + L_Morse: 1.13141
Epoch: 0 [7900/10000 (79%)] Unweighted L_s : L_Mnfld: 0.00084,  L_NonMnfld: 0.00492,  L_Nrml: 0.00000,  L_Eknl: 0.07146, L_Morse: 11.31414

Weights: [7000.0, 600.0, 0, 50.0, 0.0, 0.1], lr=5.000e-05
Epoch: 0 [7910/10000 (79%)] Loss: 16.38474 = L_Mnfld: 7.88561 + L_NonMnfld: 3.46975 + L_Nrml: 0.00000 + L_Eknl: 3.85606 + L_Div: 0.00000 + L_Morse: 1.17331
Epoch: 0 [7910/10000 (79%)] Unweighted L_s : L_Mnfld: 0.00113,  L_NonMnfld: 0.00578,  L_Nrml: 0.00000,  L_Eknl: 0.07712, L_Morse: 11.73307

Weights: [7000.0, 600.0, 0, 50.0, 0.0, 0.1], lr=5.000e-05
Epoch: 0 [7920/10000 (79%)] Loss: 16.42089 = L_Mnfld: 7.80789 + L_NonMnfld: 3.62639 + L_Nrml: 0.00000 + L_Eknl: 3.86848 + L_Div: 0.00000 + L_Morse: 1.11813
Epoch: 0 [7920/10000 (79%)] Unweighted L_s : L_Mnfld: 0.00112,  L_NonMnfld: 0.00604,  L_Nrml: 0.00000,  L_Eknl: 0.07737, L_Morse: 11.18132

Weights: [7000.0, 600.0, 0, 50.0, 0.0, 0.1], lr=5.000e-05
Epoch: 0 [7930/10000 (79%)] Loss: 15.49899 = L_Mnfld: 7.26637 + L_NonMnfld: 3.21563 + L_Nrml: 0.00000 + L_Eknl: 3.86856 + L_Div: 0.00000 + L_Morse: 1.14843
Epoch: 0 [7930/10000 (79%)] Unweighted L_s : L_Mnfld: 0.00104,  L_NonMnfld: 0.00536,  L_Nrml: 0.00000,  L_Eknl: 0.07737, L_Morse: 11.48430

Weights: [7000.0, 600.0, 0, 50.0, 0.0, 0.1], lr=5.000e-05
Epoch: 0 [7940/10000 (79%)] Loss: 13.64615 = L_Mnfld: 5.13598 + L_NonMnfld: 3.69350 + L_Nrml: 0.00000 + L_Eknl: 3.69514 + L_Div: 0.00000 + L_Morse: 1.12153
Epoch: 0 [7940/10000 (79%)] Unweighted L_s : L_Mnfld: 0.00073,  L_NonMnfld: 0.00616,  L_Nrml: 0.00000,  L_Eknl: 0.07390, L_Morse: 11.21534

Weights: [7000.0, 600.0, 0, 50.0, 0.0, 0.1], lr=5.000e-05
Epoch: 0 [7950/10000 (80%)] Loss: 13.57515 = L_Mnfld: 4.94790 + L_NonMnfld: 4.04103 + L_Nrml: 0.00000 + L_Eknl: 3.50410 + L_Div: 0.00000 + L_Morse: 1.08212
Epoch: 0 [7950/10000 (80%)] Unweighted L_s : L_Mnfld: 0.00071,  L_NonMnfld: 0.00674,  L_Nrml: 0.00000,  L_Eknl: 0.07008, L_Morse: 10.82115

Weights: [7000.0, 600.0, 0, 50.0, 0.0, 0.1], lr=5.000e-05
Epoch: 0 [7960/10000 (80%)] Loss: 14.07015 = L_Mnfld: 6.44655 + L_NonMnfld: 2.98565 + L_Nrml: 0.00000 + L_Eknl: 3.50325 + L_Div: 0.00000 + L_Morse: 1.13470
Epoch: 0 [7960/10000 (80%)] Unweighted L_s : L_Mnfld: 0.00092,  L_NonMnfld: 0.00498,  L_Nrml: 0.00000,  L_Eknl: 0.07006, L_Morse: 11.34698

Weights: [7000.0, 600.0, 0, 50.0, 0.0, 0.1], lr=5.000e-05
Epoch: 0 [7970/10000 (80%)] Loss: 14.78832 = L_Mnfld: 5.59767 + L_NonMnfld: 4.46492 + L_Nrml: 0.00000 + L_Eknl: 3.59631 + L_Div: 0.00000 + L_Morse: 1.12942
Epoch: 0 [7970/10000 (80%)] Unweighted L_s : L_Mnfld: 0.00080,  L_NonMnfld: 0.00744,  L_Nrml: 0.00000,  L_Eknl: 0.07193, L_Morse: 11.29421

Weights: [7000.0, 600.0, 0, 50.0, 0.0, 0.1], lr=5.000e-05
Epoch: 0 [7980/10000 (80%)] Loss: 14.61284 = L_Mnfld: 6.00294 + L_NonMnfld: 3.90668 + L_Nrml: 0.00000 + L_Eknl: 3.63271 + L_Div: 0.00000 + L_Morse: 1.07050
Epoch: 0 [7980/10000 (80%)] Unweighted L_s : L_Mnfld: 0.00086,  L_NonMnfld: 0.00651,  L_Nrml: 0.00000,  L_Eknl: 0.07265, L_Morse: 10.70504

Weights: [7000.0, 600.0, 0, 50.0, 0.0, 0.1], lr=5.000e-05
Epoch: 0 [7990/10000 (80%)] Loss: 15.97464 = L_Mnfld: 7.40003 + L_NonMnfld: 3.72653 + L_Nrml: 0.00000 + L_Eknl: 3.69612 + L_Div: 0.00000 + L_Morse: 1.15196
Epoch: 0 [7990/10000 (80%)] Unweighted L_s : L_Mnfld: 0.00106,  L_NonMnfld: 0.00621,  L_Nrml: 0.00000,  L_Eknl: 0.07392, L_Morse: 11.51962

Weights: [7000.0, 600.0, 0, 50.0, 0.0, 0.1], lr=5.000e-05
Epoch: 0 [8000/10000 (80%)] Loss: 15.54391 = L_Mnfld: 6.58014 + L_NonMnfld: 4.05265 + L_Nrml: 0.00000 + L_Eknl: 3.82270 + L_Div: 0.00000 + L_Morse: 1.08842
Epoch: 0 [8000/10000 (80%)] Unweighted L_s : L_Mnfld: 0.00094,  L_NonMnfld: 0.00675,  L_Nrml: 0.00000,  L_Eknl: 0.07645, L_Morse: 10.88422

Weights: [7000.0, 600.0, 0, 50.0, 0.0, 0.1], lr=5.000e-05
Epoch: 0 [8010/10000 (80%)] Loss: 15.77834 = L_Mnfld: 6.50391 + L_NonMnfld: 4.21676 + L_Nrml: 0.00000 + L_Eknl: 3.90588 + L_Div: 0.00000 + L_Morse: 1.15178
Epoch: 0 [8010/10000 (80%)] Unweighted L_s : L_Mnfld: 0.00093,  L_NonMnfld: 0.00703,  L_Nrml: 0.00000,  L_Eknl: 0.07812, L_Morse: 11.51783

Weights: [7000.0, 600.0, 0, 50.0, 0.0, 0.1], lr=5.000e-05
Epoch: 0 [8020/10000 (80%)] Loss: 14.60887 = L_Mnfld: 6.06579 + L_NonMnfld: 3.86841 + L_Nrml: 0.00000 + L_Eknl: 3.54719 + L_Div: 0.00000 + L_Morse: 1.12748
Epoch: 0 [8020/10000 (80%)] Unweighted L_s : L_Mnfld: 0.00087,  L_NonMnfld: 0.00645,  L_Nrml: 0.00000,  L_Eknl: 0.07094, L_Morse: 11.27482

Weights: [7000.0, 600.0, 0, 50.0, 0.0, 0.1], lr=5.000e-05
Epoch: 0 [8030/10000 (80%)] Loss: 18.38043 = L_Mnfld: 9.04111 + L_NonMnfld: 4.16107 + L_Nrml: 0.00000 + L_Eknl: 4.00377 + L_Div: 0.00000 + L_Morse: 1.17447
Epoch: 0 [8030/10000 (80%)] Unweighted L_s : L_Mnfld: 0.00129,  L_NonMnfld: 0.00694,  L_Nrml: 0.00000,  L_Eknl: 0.08008, L_Morse: 11.74473

Weights: [7000.0, 600.0, 0, 50.0, 0.0, 0.1], lr=5.000e-05
Epoch: 0 [8040/10000 (80%)] Loss: 16.93542 = L_Mnfld: 7.79252 + L_NonMnfld: 3.91909 + L_Nrml: 0.00000 + L_Eknl: 4.02665 + L_Div: 0.00000 + L_Morse: 1.19716
Epoch: 0 [8040/10000 (80%)] Unweighted L_s : L_Mnfld: 0.00111,  L_NonMnfld: 0.00653,  L_Nrml: 0.00000,  L_Eknl: 0.08053, L_Morse: 11.97163

Weights: [7000.0, 600.0, 0, 50.0, 0.0, 0.1], lr=5.000e-05
Epoch: 0 [8050/10000 (80%)] Loss: 16.65184 = L_Mnfld: 7.45714 + L_NonMnfld: 4.14326 + L_Nrml: 0.00000 + L_Eknl: 3.88126 + L_Div: 0.00000 + L_Morse: 1.17019
Epoch: 0 [8050/10000 (80%)] Unweighted L_s : L_Mnfld: 0.00107,  L_NonMnfld: 0.00691,  L_Nrml: 0.00000,  L_Eknl: 0.07763, L_Morse: 11.70194

Weights: [7000.0, 600.0, 0, 50.0, 0.0, 0.1], lr=5.000e-05
Epoch: 0 [8060/10000 (81%)] Loss: 13.30236 = L_Mnfld: 5.04600 + L_NonMnfld: 3.59335 + L_Nrml: 0.00000 + L_Eknl: 3.51415 + L_Div: 0.00000 + L_Morse: 1.14886
Epoch: 0 [8060/10000 (81%)] Unweighted L_s : L_Mnfld: 0.00072,  L_NonMnfld: 0.00599,  L_Nrml: 0.00000,  L_Eknl: 0.07028, L_Morse: 11.48858

Weights: [7000.0, 600.0, 0, 50.0, 0.0, 0.1], lr=5.000e-05
Epoch: 0 [8070/10000 (81%)] Loss: 13.75105 = L_Mnfld: 4.88785 + L_NonMnfld: 4.19018 + L_Nrml: 0.00000 + L_Eknl: 3.53159 + L_Div: 0.00000 + L_Morse: 1.14142
Epoch: 0 [8070/10000 (81%)] Unweighted L_s : L_Mnfld: 0.00070,  L_NonMnfld: 0.00698,  L_Nrml: 0.00000,  L_Eknl: 0.07063, L_Morse: 11.41425

Weights: [7000.0, 600.0, 0, 50.0, 0.0, 0.1], lr=5.000e-05
Epoch: 0 [8080/10000 (81%)] Loss: 13.39272 = L_Mnfld: 4.96207 + L_NonMnfld: 3.93856 + L_Nrml: 0.00000 + L_Eknl: 3.31790 + L_Div: 0.00000 + L_Morse: 1.17419
Epoch: 0 [8080/10000 (81%)] Unweighted L_s : L_Mnfld: 0.00071,  L_NonMnfld: 0.00656,  L_Nrml: 0.00000,  L_Eknl: 0.06636, L_Morse: 11.74186

Weights: [7000.0, 600.0, 0, 50.0, 0.0, 0.1], lr=5.000e-05
Epoch: 0 [8090/10000 (81%)] Loss: 14.62780 = L_Mnfld: 6.07240 + L_NonMnfld: 4.03112 + L_Nrml: 0.00000 + L_Eknl: 3.40437 + L_Div: 0.00000 + L_Morse: 1.11991
Epoch: 0 [8090/10000 (81%)] Unweighted L_s : L_Mnfld: 0.00087,  L_NonMnfld: 0.00672,  L_Nrml: 0.00000,  L_Eknl: 0.06809, L_Morse: 11.19914

Weights: [7000.0, 600.0, 0, 50.0, 0.0, 0.1], lr=5.000e-05
Epoch: 0 [8100/10000 (81%)] Loss: 12.83479 = L_Mnfld: 4.81669 + L_NonMnfld: 3.61790 + L_Nrml: 0.00000 + L_Eknl: 3.25191 + L_Div: 0.00000 + L_Morse: 1.14829
Epoch: 0 [8100/10000 (81%)] Unweighted L_s : L_Mnfld: 0.00069,  L_NonMnfld: 0.00603,  L_Nrml: 0.00000,  L_Eknl: 0.06504, L_Morse: 11.48288

Weights: [7000.0, 600.0, 0, 50.0, 0.0, 0.1], lr=5.000e-05
Epoch: 0 [8110/10000 (81%)] Loss: 12.55813 = L_Mnfld: 4.20811 + L_NonMnfld: 4.04120 + L_Nrml: 0.00000 + L_Eknl: 3.18670 + L_Div: 0.00000 + L_Morse: 1.12213
Epoch: 0 [8110/10000 (81%)] Unweighted L_s : L_Mnfld: 0.00060,  L_NonMnfld: 0.00674,  L_Nrml: 0.00000,  L_Eknl: 0.06373, L_Morse: 11.22131

Weights: [7000.0, 600.0, 0, 50.0, 0.0, 0.1], lr=5.000e-05
Epoch: 0 [8120/10000 (81%)] Loss: 11.91747 = L_Mnfld: 3.82074 + L_NonMnfld: 3.89506 + L_Nrml: 0.00000 + L_Eknl: 3.07981 + L_Div: 0.00000 + L_Morse: 1.12186
Epoch: 0 [8120/10000 (81%)] Unweighted L_s : L_Mnfld: 0.00055,  L_NonMnfld: 0.00649,  L_Nrml: 0.00000,  L_Eknl: 0.06160, L_Morse: 11.21860

Weights: [7000.0, 600.0, 0, 50.0, 0.0, 0.1], lr=5.000e-05
Epoch: 0 [8130/10000 (81%)] Loss: 12.37930 = L_Mnfld: 4.27797 + L_NonMnfld: 3.84848 + L_Nrml: 0.00000 + L_Eknl: 3.03405 + L_Div: 0.00000 + L_Morse: 1.21881
Epoch: 0 [8130/10000 (81%)] Unweighted L_s : L_Mnfld: 0.00061,  L_NonMnfld: 0.00641,  L_Nrml: 0.00000,  L_Eknl: 0.06068, L_Morse: 12.18807

Weights: [7000.0, 600.0, 0, 50.0, 0.0, 0.1], lr=5.000e-05
Epoch: 0 [8140/10000 (81%)] Loss: 12.48385 = L_Mnfld: 4.48128 + L_NonMnfld: 3.90016 + L_Nrml: 0.00000 + L_Eknl: 2.99648 + L_Div: 0.00000 + L_Morse: 1.10592
Epoch: 0 [8140/10000 (81%)] Unweighted L_s : L_Mnfld: 0.00064,  L_NonMnfld: 0.00650,  L_Nrml: 0.00000,  L_Eknl: 0.05993, L_Morse: 11.05922

Weights: [7000.0, 600.0, 0, 50.0, 0.0, 0.1], lr=5.000e-05
Epoch: 0 [8150/10000 (82%)] Loss: 11.21195 = L_Mnfld: 3.84280 + L_NonMnfld: 3.18217 + L_Nrml: 0.00000 + L_Eknl: 2.99537 + L_Div: 0.00000 + L_Morse: 1.19161
Epoch: 0 [8150/10000 (82%)] Unweighted L_s : L_Mnfld: 0.00055,  L_NonMnfld: 0.00530,  L_Nrml: 0.00000,  L_Eknl: 0.05991, L_Morse: 11.91611

Weights: [7000.0, 600.0, 0, 50.0, 0.0, 0.1], lr=5.000e-05
Epoch: 0 [8160/10000 (82%)] Loss: 11.54214 = L_Mnfld: 4.05853 + L_NonMnfld: 3.34685 + L_Nrml: 0.00000 + L_Eknl: 2.98825 + L_Div: 0.00000 + L_Morse: 1.14850
Epoch: 0 [8160/10000 (82%)] Unweighted L_s : L_Mnfld: 0.00058,  L_NonMnfld: 0.00558,  L_Nrml: 0.00000,  L_Eknl: 0.05977, L_Morse: 11.48505

Weights: [7000.0, 600.0, 0, 50.0, 0.0, 0.1], lr=5.000e-05
Epoch: 0 [8170/10000 (82%)] Loss: 12.97115 = L_Mnfld: 4.60513 + L_NonMnfld: 4.21567 + L_Nrml: 0.00000 + L_Eknl: 3.03350 + L_Div: 0.00000 + L_Morse: 1.11686
Epoch: 0 [8170/10000 (82%)] Unweighted L_s : L_Mnfld: 0.00066,  L_NonMnfld: 0.00703,  L_Nrml: 0.00000,  L_Eknl: 0.06067, L_Morse: 11.16860

Weights: [7000.0, 600.0, 0, 50.0, 0.0, 0.1], lr=5.000e-05
Epoch: 0 [8180/10000 (82%)] Loss: 13.01843 = L_Mnfld: 4.98884 + L_NonMnfld: 3.78167 + L_Nrml: 0.00000 + L_Eknl: 3.00888 + L_Div: 0.00000 + L_Morse: 1.23904
Epoch: 0 [8180/10000 (82%)] Unweighted L_s : L_Mnfld: 0.00071,  L_NonMnfld: 0.00630,  L_Nrml: 0.00000,  L_Eknl: 0.06018, L_Morse: 12.39038

Weights: [7000.0, 600.0, 0, 50.0, 0.0, 0.1], lr=5.000e-05
Epoch: 0 [8190/10000 (82%)] Loss: 13.31697 = L_Mnfld: 5.25457 + L_NonMnfld: 3.82265 + L_Nrml: 0.00000 + L_Eknl: 3.11080 + L_Div: 0.00000 + L_Morse: 1.12895
Epoch: 0 [8190/10000 (82%)] Unweighted L_s : L_Mnfld: 0.00075,  L_NonMnfld: 0.00637,  L_Nrml: 0.00000,  L_Eknl: 0.06222, L_Morse: 11.28949

Weights: [7000.0, 600.0, 0, 50.0, 0.0, 0.1], lr=5.000e-05
Epoch: 0 [8200/10000 (82%)] Loss: 13.00711 = L_Mnfld: 5.21476 + L_NonMnfld: 3.47847 + L_Nrml: 0.00000 + L_Eknl: 3.17184 + L_Div: 0.00000 + L_Morse: 1.14204
Epoch: 0 [8200/10000 (82%)] Unweighted L_s : L_Mnfld: 0.00074,  L_NonMnfld: 0.00580,  L_Nrml: 0.00000,  L_Eknl: 0.06344, L_Morse: 11.42037

Weights: [7000.0, 600.0, 0, 50.0, 0.0, 0.1], lr=5.000e-05
Epoch: 0 [8210/10000 (82%)] Loss: 13.26180 = L_Mnfld: 5.21768 + L_NonMnfld: 3.60878 + L_Nrml: 0.00000 + L_Eknl: 3.30958 + L_Div: 0.00000 + L_Morse: 1.12575
Epoch: 0 [8210/10000 (82%)] Unweighted L_s : L_Mnfld: 0.00075,  L_NonMnfld: 0.00601,  L_Nrml: 0.00000,  L_Eknl: 0.06619, L_Morse: 11.25750

Weights: [7000.0, 600.0, 0, 50.0, 0.0, 0.1], lr=5.000e-05
Epoch: 0 [8220/10000 (82%)] Loss: 13.61282 = L_Mnfld: 5.41033 + L_NonMnfld: 3.85015 + L_Nrml: 0.00000 + L_Eknl: 3.25986 + L_Div: 0.00000 + L_Morse: 1.09248
Epoch: 0 [8220/10000 (82%)] Unweighted L_s : L_Mnfld: 0.00077,  L_NonMnfld: 0.00642,  L_Nrml: 0.00000,  L_Eknl: 0.06520, L_Morse: 10.92483

Weights: [7000.0, 600.0, 0, 50.0, 0.0, 0.1], lr=5.000e-05
Epoch: 0 [8230/10000 (82%)] Loss: 14.35046 = L_Mnfld: 6.19386 + L_NonMnfld: 3.66176 + L_Nrml: 0.00000 + L_Eknl: 3.36658 + L_Div: 0.00000 + L_Morse: 1.12825
Epoch: 0 [8230/10000 (82%)] Unweighted L_s : L_Mnfld: 0.00088,  L_NonMnfld: 0.00610,  L_Nrml: 0.00000,  L_Eknl: 0.06733, L_Morse: 11.28255

Weights: [7000.0, 600.0, 0, 50.0, 0.0, 0.1], lr=5.000e-05
Epoch: 0 [8240/10000 (82%)] Loss: 14.25770 = L_Mnfld: 5.78285 + L_NonMnfld: 3.84322 + L_Nrml: 0.00000 + L_Eknl: 3.43471 + L_Div: 0.00000 + L_Morse: 1.19693
Epoch: 0 [8240/10000 (82%)] Unweighted L_s : L_Mnfld: 0.00083,  L_NonMnfld: 0.00641,  L_Nrml: 0.00000,  L_Eknl: 0.06869, L_Morse: 11.96929

Weights: [7000.0, 600.0, 0, 50.0, 0.0, 0.1], lr=5.000e-05
Epoch: 0 [8250/10000 (82%)] Loss: 14.31973 = L_Mnfld: 5.48793 + L_NonMnfld: 4.18037 + L_Nrml: 0.00000 + L_Eknl: 3.50004 + L_Div: 0.00000 + L_Morse: 1.15138
Epoch: 0 [8250/10000 (82%)] Unweighted L_s : L_Mnfld: 0.00078,  L_NonMnfld: 0.00697,  L_Nrml: 0.00000,  L_Eknl: 0.07000, L_Morse: 11.51381

Weights: [7000.0, 600.0, 0, 50.0, 0.0, 0.1], lr=5.000e-05
Epoch: 0 [8260/10000 (83%)] Loss: 12.89855 = L_Mnfld: 4.78836 + L_NonMnfld: 3.54258 + L_Nrml: 0.00000 + L_Eknl: 3.42404 + L_Div: 0.00000 + L_Morse: 1.14358
Epoch: 0 [8260/10000 (83%)] Unweighted L_s : L_Mnfld: 0.00068,  L_NonMnfld: 0.00590,  L_Nrml: 0.00000,  L_Eknl: 0.06848, L_Morse: 11.43576

Weights: [7000.0, 600.0, 0, 50.0, 0.0, 0.1], lr=5.000e-05
Epoch: 0 [8270/10000 (83%)] Loss: 13.15193 = L_Mnfld: 4.70668 + L_NonMnfld: 3.93146 + L_Nrml: 0.00000 + L_Eknl: 3.34396 + L_Div: 0.00000 + L_Morse: 1.16983
Epoch: 0 [8270/10000 (83%)] Unweighted L_s : L_Mnfld: 0.00067,  L_NonMnfld: 0.00655,  L_Nrml: 0.00000,  L_Eknl: 0.06688, L_Morse: 11.69830

Weights: [7000.0, 600.0, 0, 50.0, 0.0, 0.1], lr=5.000e-05
Epoch: 0 [8280/10000 (83%)] Loss: 15.06131 = L_Mnfld: 6.42393 + L_NonMnfld: 4.21579 + L_Nrml: 0.00000 + L_Eknl: 3.28039 + L_Div: 0.00000 + L_Morse: 1.14120
Epoch: 0 [8280/10000 (83%)] Unweighted L_s : L_Mnfld: 0.00092,  L_NonMnfld: 0.00703,  L_Nrml: 0.00000,  L_Eknl: 0.06561, L_Morse: 11.41196

Weights: [7000.0, 600.0, 0, 50.0, 0.0, 0.1], lr=5.000e-05
Epoch: 0 [8290/10000 (83%)] Loss: 12.86454 = L_Mnfld: 5.63382 + L_NonMnfld: 2.65626 + L_Nrml: 0.00000 + L_Eknl: 3.45089 + L_Div: 0.00000 + L_Morse: 1.12357
Epoch: 0 [8290/10000 (83%)] Unweighted L_s : L_Mnfld: 0.00080,  L_NonMnfld: 0.00443,  L_Nrml: 0.00000,  L_Eknl: 0.06902, L_Morse: 11.23567

Weights: [7000.0, 600.0, 0, 50.0, 0.0, 0.1], lr=5.000e-05
Epoch: 0 [8300/10000 (83%)] Loss: 12.61586 = L_Mnfld: 4.62585 + L_NonMnfld: 3.49492 + L_Nrml: 0.00000 + L_Eknl: 3.34657 + L_Div: 0.00000 + L_Morse: 1.14852
Epoch: 0 [8300/10000 (83%)] Unweighted L_s : L_Mnfld: 0.00066,  L_NonMnfld: 0.00582,  L_Nrml: 0.00000,  L_Eknl: 0.06693, L_Morse: 11.48517

Weights: [7000.0, 600.0, 0, 50.0, 0.0, 0.1], lr=5.000e-05
Epoch: 0 [8310/10000 (83%)] Loss: 14.42924 = L_Mnfld: 5.41460 + L_NonMnfld: 4.00506 + L_Nrml: 0.00000 + L_Eknl: 3.82241 + L_Div: 0.00000 + L_Morse: 1.18716
Epoch: 0 [8310/10000 (83%)] Unweighted L_s : L_Mnfld: 0.00077,  L_NonMnfld: 0.00668,  L_Nrml: 0.00000,  L_Eknl: 0.07645, L_Morse: 11.87160

Weights: [7000.0, 600.0, 0, 50.0, 0.0, 0.1], lr=5.000e-05
Epoch: 0 [8320/10000 (83%)] Loss: 14.23622 = L_Mnfld: 5.63910 + L_NonMnfld: 3.82270 + L_Nrml: 0.00000 + L_Eknl: 3.60142 + L_Div: 0.00000 + L_Morse: 1.17301
Epoch: 0 [8320/10000 (83%)] Unweighted L_s : L_Mnfld: 0.00081,  L_NonMnfld: 0.00637,  L_Nrml: 0.00000,  L_Eknl: 0.07203, L_Morse: 11.73009

Weights: [7000.0, 600.0, 0, 50.0, 0.0, 0.1], lr=5.000e-05
Epoch: 0 [8330/10000 (83%)] Loss: 14.24320 = L_Mnfld: 5.63780 + L_NonMnfld: 3.92447 + L_Nrml: 0.00000 + L_Eknl: 3.49881 + L_Div: 0.00000 + L_Morse: 1.18212
Epoch: 0 [8330/10000 (83%)] Unweighted L_s : L_Mnfld: 0.00081,  L_NonMnfld: 0.00654,  L_Nrml: 0.00000,  L_Eknl: 0.06998, L_Morse: 11.82120

Weights: [7000.0, 600.0, 0, 50.0, 0.0, 0.1], lr=5.000e-05
Epoch: 0 [8340/10000 (83%)] Loss: 14.16578 = L_Mnfld: 5.45225 + L_NonMnfld: 4.14181 + L_Nrml: 0.00000 + L_Eknl: 3.39003 + L_Div: 0.00000 + L_Morse: 1.18169
Epoch: 0 [8340/10000 (83%)] Unweighted L_s : L_Mnfld: 0.00078,  L_NonMnfld: 0.00690,  L_Nrml: 0.00000,  L_Eknl: 0.06780, L_Morse: 11.81695

Weights: [7000.0, 600.0, 0, 50.0, 0.0, 0.1], lr=5.000e-05
Epoch: 0 [8350/10000 (84%)] Loss: 13.16441 = L_Mnfld: 4.98182 + L_NonMnfld: 3.67621 + L_Nrml: 0.00000 + L_Eknl: 3.28502 + L_Div: 0.00000 + L_Morse: 1.22137
Epoch: 0 [8350/10000 (84%)] Unweighted L_s : L_Mnfld: 0.00071,  L_NonMnfld: 0.00613,  L_Nrml: 0.00000,  L_Eknl: 0.06570, L_Morse: 12.21368

Weights: [7000.0, 600.0, 0, 50.0, 0.0, 0.1], lr=5.000e-05
Epoch: 0 [8360/10000 (84%)] Loss: 14.73276 = L_Mnfld: 6.01176 + L_NonMnfld: 4.20342 + L_Nrml: 0.00000 + L_Eknl: 3.29775 + L_Div: 0.00000 + L_Morse: 1.21982
Epoch: 0 [8360/10000 (84%)] Unweighted L_s : L_Mnfld: 0.00086,  L_NonMnfld: 0.00701,  L_Nrml: 0.00000,  L_Eknl: 0.06596, L_Morse: 12.19822

Weights: [7000.0, 600.0, 0, 50.0, 0.0, 0.1], lr=5.000e-05
Epoch: 0 [8370/10000 (84%)] Loss: 13.86191 = L_Mnfld: 5.90071 + L_NonMnfld: 3.55136 + L_Nrml: 0.00000 + L_Eknl: 3.23416 + L_Div: 0.00000 + L_Morse: 1.17568
Epoch: 0 [8370/10000 (84%)] Unweighted L_s : L_Mnfld: 0.00084,  L_NonMnfld: 0.00592,  L_Nrml: 0.00000,  L_Eknl: 0.06468, L_Morse: 11.75679

Weights: [7000.0, 600.0, 0, 50.0, 0.0, 0.1], lr=5.000e-05
Epoch: 0 [8380/10000 (84%)] Loss: 12.05345 = L_Mnfld: 4.11570 + L_NonMnfld: 3.57617 + L_Nrml: 0.00000 + L_Eknl: 3.23983 + L_Div: 0.00000 + L_Morse: 1.12175
Epoch: 0 [8380/10000 (84%)] Unweighted L_s : L_Mnfld: 0.00059,  L_NonMnfld: 0.00596,  L_Nrml: 0.00000,  L_Eknl: 0.06480, L_Morse: 11.21751

Weights: [7000.0, 600.0, 0, 50.0, 0.0, 0.1], lr=5.000e-05
Epoch: 0 [8390/10000 (84%)] Loss: 13.31542 = L_Mnfld: 4.83267 + L_NonMnfld: 4.04410 + L_Nrml: 0.00000 + L_Eknl: 3.28295 + L_Div: 0.00000 + L_Morse: 1.15570
Epoch: 0 [8390/10000 (84%)] Unweighted L_s : L_Mnfld: 0.00069,  L_NonMnfld: 0.00674,  L_Nrml: 0.00000,  L_Eknl: 0.06566, L_Morse: 11.55702

Weights: [7000.0, 600.0, 0, 50.0, 0.0, 0.1], lr=5.000e-05
Epoch: 0 [8400/10000 (84%)] Loss: 13.68106 = L_Mnfld: 5.44678 + L_NonMnfld: 3.99963 + L_Nrml: 0.00000 + L_Eknl: 3.13572 + L_Div: 0.00000 + L_Morse: 1.09893
Epoch: 0 [8400/10000 (84%)] Unweighted L_s : L_Mnfld: 0.00078,  L_NonMnfld: 0.00667,  L_Nrml: 0.00000,  L_Eknl: 0.06271, L_Morse: 10.98934

Weights: [7000.0, 600.0, 0, 50.0, 0.0, 0.1], lr=5.000e-05
Epoch: 0 [8410/10000 (84%)] Loss: 13.81850 = L_Mnfld: 5.22877 + L_NonMnfld: 4.27026 + L_Nrml: 0.00000 + L_Eknl: 3.14055 + L_Div: 0.00000 + L_Morse: 1.17891
Epoch: 0 [8410/10000 (84%)] Unweighted L_s : L_Mnfld: 0.00075,  L_NonMnfld: 0.00712,  L_Nrml: 0.00000,  L_Eknl: 0.06281, L_Morse: 11.78912

Weights: [7000.0, 600.0, 0, 50.0, 0.0, 0.1], lr=5.000e-05
Epoch: 0 [8420/10000 (84%)] Loss: 12.13285 = L_Mnfld: 4.47111 + L_NonMnfld: 3.35960 + L_Nrml: 0.00000 + L_Eknl: 3.12492 + L_Div: 0.00000 + L_Morse: 1.17723
Epoch: 0 [8420/10000 (84%)] Unweighted L_s : L_Mnfld: 0.00064,  L_NonMnfld: 0.00560,  L_Nrml: 0.00000,  L_Eknl: 0.06250, L_Morse: 11.77227

Weights: [7000.0, 600.0, 0, 50.0, 0.0, 0.1], lr=5.000e-05
Epoch: 0 [8430/10000 (84%)] Loss: 12.95286 = L_Mnfld: 4.76388 + L_NonMnfld: 4.03689 + L_Nrml: 0.00000 + L_Eknl: 3.02309 + L_Div: 0.00000 + L_Morse: 1.12900
Epoch: 0 [8430/10000 (84%)] Unweighted L_s : L_Mnfld: 0.00068,  L_NonMnfld: 0.00673,  L_Nrml: 0.00000,  L_Eknl: 0.06046, L_Morse: 11.29004

Weights: [7000.0, 600.0, 0, 50.0, 0.0, 0.1], lr=5.000e-05
Epoch: 0 [8440/10000 (84%)] Loss: 12.89135 = L_Mnfld: 4.46240 + L_NonMnfld: 4.19601 + L_Nrml: 0.00000 + L_Eknl: 3.02953 + L_Div: 0.00000 + L_Morse: 1.20340
Epoch: 0 [8440/10000 (84%)] Unweighted L_s : L_Mnfld: 0.00064,  L_NonMnfld: 0.00699,  L_Nrml: 0.00000,  L_Eknl: 0.06059, L_Morse: 12.03397

Weights: [7000.0, 600.0, 0, 50.0, 0.0, 0.1], lr=5.000e-05
Epoch: 0 [8450/10000 (84%)] Loss: 12.05492 = L_Mnfld: 3.79908 + L_NonMnfld: 3.99471 + L_Nrml: 0.00000 + L_Eknl: 3.08228 + L_Div: 0.00000 + L_Morse: 1.17884
Epoch: 0 [8450/10000 (84%)] Unweighted L_s : L_Mnfld: 0.00054,  L_NonMnfld: 0.00666,  L_Nrml: 0.00000,  L_Eknl: 0.06165, L_Morse: 11.78844

Weights: [7000.0, 600.0, 0, 50.0, 0.0, 0.1], lr=5.000e-05
Epoch: 0 [8460/10000 (85%)] Loss: 12.77763 = L_Mnfld: 5.03044 + L_NonMnfld: 3.36951 + L_Nrml: 0.00000 + L_Eknl: 3.17787 + L_Div: 0.00000 + L_Morse: 1.19981
Epoch: 0 [8460/10000 (85%)] Unweighted L_s : L_Mnfld: 0.00072,  L_NonMnfld: 0.00562,  L_Nrml: 0.00000,  L_Eknl: 0.06356, L_Morse: 11.99812

Weights: [7000.0, 600.0, 0, 50.0, 0.0, 0.1], lr=5.000e-05
Epoch: 0 [8470/10000 (85%)] Loss: 12.88270 = L_Mnfld: 4.87516 + L_NonMnfld: 3.63707 + L_Nrml: 0.00000 + L_Eknl: 3.20070 + L_Div: 0.00000 + L_Morse: 1.16977
Epoch: 0 [8470/10000 (85%)] Unweighted L_s : L_Mnfld: 0.00070,  L_NonMnfld: 0.00606,  L_Nrml: 0.00000,  L_Eknl: 0.06401, L_Morse: 11.69768

Weights: [7000.0, 600.0, 0, 50.0, 0.0, 0.1], lr=5.000e-05
Epoch: 0 [8480/10000 (85%)] Loss: 12.11805 = L_Mnfld: 4.54911 + L_NonMnfld: 3.33786 + L_Nrml: 0.00000 + L_Eknl: 3.06761 + L_Div: 0.00000 + L_Morse: 1.16346
Epoch: 0 [8480/10000 (85%)] Unweighted L_s : L_Mnfld: 0.00065,  L_NonMnfld: 0.00556,  L_Nrml: 0.00000,  L_Eknl: 0.06135, L_Morse: 11.63463

Weights: [7000.0, 600.0, 0, 50.0, 0.0, 0.1], lr=5.000e-05
Epoch: 0 [8490/10000 (85%)] Loss: 11.78667 = L_Mnfld: 4.25794 + L_NonMnfld: 3.23377 + L_Nrml: 0.00000 + L_Eknl: 3.11086 + L_Div: 0.00000 + L_Morse: 1.18410
Epoch: 0 [8490/10000 (85%)] Unweighted L_s : L_Mnfld: 0.00061,  L_NonMnfld: 0.00539,  L_Nrml: 0.00000,  L_Eknl: 0.06222, L_Morse: 11.84098

Weights: [7000.0, 600.0, 0, 50.0, 0.0, 0.1], lr=5.000e-05
Epoch: 0 [8500/10000 (85%)] Loss: 12.33475 = L_Mnfld: 4.12259 + L_NonMnfld: 4.10013 + L_Nrml: 0.00000 + L_Eknl: 2.95485 + L_Div: 0.00000 + L_Morse: 1.15718
Epoch: 0 [8500/10000 (85%)] Unweighted L_s : L_Mnfld: 0.00059,  L_NonMnfld: 0.00683,  L_Nrml: 0.00000,  L_Eknl: 0.05910, L_Morse: 11.57177

Weights: [7000.0, 600.0, 0, 50.0, 0.0, 0.1], lr=5.000e-05
Epoch: 0 [8510/10000 (85%)] Loss: 13.38737 = L_Mnfld: 4.89618 + L_NonMnfld: 4.36264 + L_Nrml: 0.00000 + L_Eknl: 2.94418 + L_Div: 0.00000 + L_Morse: 1.18436
Epoch: 0 [8510/10000 (85%)] Unweighted L_s : L_Mnfld: 0.00070,  L_NonMnfld: 0.00727,  L_Nrml: 0.00000,  L_Eknl: 0.05888, L_Morse: 11.84362

Weights: [7000.0, 600.0, 0, 50.0, 0.0, 0.1], lr=5.000e-05
Epoch: 0 [8520/10000 (85%)] Loss: 12.49862 = L_Mnfld: 4.54678 + L_NonMnfld: 3.87556 + L_Nrml: 0.00000 + L_Eknl: 2.94214 + L_Div: 0.00000 + L_Morse: 1.13415
Epoch: 0 [8520/10000 (85%)] Unweighted L_s : L_Mnfld: 0.00065,  L_NonMnfld: 0.00646,  L_Nrml: 0.00000,  L_Eknl: 0.05884, L_Morse: 11.34146

Weights: [7000.0, 600.0, 0, 50.0, 0.0, 0.1], lr=5.000e-05
Epoch: 0 [8530/10000 (85%)] Loss: 12.45827 = L_Mnfld: 4.32404 + L_NonMnfld: 3.89037 + L_Nrml: 0.00000 + L_Eknl: 3.04516 + L_Div: 0.00000 + L_Morse: 1.19869
Epoch: 0 [8530/10000 (85%)] Unweighted L_s : L_Mnfld: 0.00062,  L_NonMnfld: 0.00648,  L_Nrml: 0.00000,  L_Eknl: 0.06090, L_Morse: 11.98694

Weights: [7000.0, 600.0, 0, 50.0, 0.0, 0.1], lr=5.000e-05
Epoch: 0 [8540/10000 (85%)] Loss: 12.57169 = L_Mnfld: 4.76811 + L_NonMnfld: 3.50852 + L_Nrml: 0.00000 + L_Eknl: 3.09285 + L_Div: 0.00000 + L_Morse: 1.20221
Epoch: 0 [8540/10000 (85%)] Unweighted L_s : L_Mnfld: 0.00068,  L_NonMnfld: 0.00585,  L_Nrml: 0.00000,  L_Eknl: 0.06186, L_Morse: 12.02207

Weights: [7000.0, 600.0, 0, 50.0, 0.0, 0.1], lr=5.000e-05
Epoch: 0 [8550/10000 (86%)] Loss: 13.66535 = L_Mnfld: 5.55338 + L_NonMnfld: 3.68381 + L_Nrml: 0.00000 + L_Eknl: 3.16359 + L_Div: 0.00000 + L_Morse: 1.26457
Epoch: 0 [8550/10000 (86%)] Unweighted L_s : L_Mnfld: 0.00079,  L_NonMnfld: 0.00614,  L_Nrml: 0.00000,  L_Eknl: 0.06327, L_Morse: 12.64571

Weights: [7000.0, 600.0, 0, 50.0, 0.0, 0.1], lr=5.000e-05
Epoch: 0 [8560/10000 (86%)] Loss: 15.41185 = L_Mnfld: 6.84327 + L_NonMnfld: 3.78293 + L_Nrml: 0.00000 + L_Eknl: 3.56399 + L_Div: 0.00000 + L_Morse: 1.22165
Epoch: 0 [8560/10000 (86%)] Unweighted L_s : L_Mnfld: 0.00098,  L_NonMnfld: 0.00630,  L_Nrml: 0.00000,  L_Eknl: 0.07128, L_Morse: 12.21653

Weights: [7000.0, 600.0, 0, 50.0, 0.0, 0.1], lr=5.000e-05
Epoch: 0 [8570/10000 (86%)] Loss: 13.23024 = L_Mnfld: 5.06395 + L_NonMnfld: 3.32276 + L_Nrml: 0.00000 + L_Eknl: 3.67284 + L_Div: 0.00000 + L_Morse: 1.17070
Epoch: 0 [8570/10000 (86%)] Unweighted L_s : L_Mnfld: 0.00072,  L_NonMnfld: 0.00554,  L_Nrml: 0.00000,  L_Eknl: 0.07346, L_Morse: 11.70696

Weights: [7000.0, 600.0, 0, 50.0, 0.0, 0.1], lr=5.000e-05
Epoch: 0 [8580/10000 (86%)] Loss: 13.40799 = L_Mnfld: 4.88702 + L_NonMnfld: 3.72093 + L_Nrml: 0.00000 + L_Eknl: 3.58482 + L_Div: 0.00000 + L_Morse: 1.21522
Epoch: 0 [8580/10000 (86%)] Unweighted L_s : L_Mnfld: 0.00070,  L_NonMnfld: 0.00620,  L_Nrml: 0.00000,  L_Eknl: 0.07170, L_Morse: 12.15218

Weights: [7000.0, 600.0, 0, 50.0, 0.0, 0.1], lr=5.000e-05
Epoch: 0 [8590/10000 (86%)] Loss: 15.35416 = L_Mnfld: 6.31756 + L_NonMnfld: 4.18337 + L_Nrml: 0.00000 + L_Eknl: 3.65078 + L_Div: 0.00000 + L_Morse: 1.20245
Epoch: 0 [8590/10000 (86%)] Unweighted L_s : L_Mnfld: 0.00090,  L_NonMnfld: 0.00697,  L_Nrml: 0.00000,  L_Eknl: 0.07302, L_Morse: 12.02448

Weights: [7000.0, 600.0, 0, 50.0, 0.0, 0.1], lr=5.000e-05
Epoch: 0 [8600/10000 (86%)] Loss: 12.81280 = L_Mnfld: 4.99722 + L_NonMnfld: 3.13066 + L_Nrml: 0.00000 + L_Eknl: 3.55002 + L_Div: 0.00000 + L_Morse: 1.13490
Epoch: 0 [8600/10000 (86%)] Unweighted L_s : L_Mnfld: 0.00071,  L_NonMnfld: 0.00522,  L_Nrml: 0.00000,  L_Eknl: 0.07100, L_Morse: 11.34902

Weights: [7000.0, 600.0, 0, 50.0, 0.0, 0.1], lr=5.000e-05
Epoch: 0 [8610/10000 (86%)] Loss: 12.17474 = L_Mnfld: 4.44520 + L_NonMnfld: 3.28574 + L_Nrml: 0.00000 + L_Eknl: 3.33010 + L_Div: 0.00000 + L_Morse: 1.11370
Epoch: 0 [8610/10000 (86%)] Unweighted L_s : L_Mnfld: 0.00064,  L_NonMnfld: 0.00548,  L_Nrml: 0.00000,  L_Eknl: 0.06660, L_Morse: 11.13700

Weights: [7000.0, 600.0, 0, 50.0, 0.0, 0.1], lr=5.000e-05
Epoch: 0 [8620/10000 (86%)] Loss: 13.61248 = L_Mnfld: 5.41469 + L_NonMnfld: 3.72747 + L_Nrml: 0.00000 + L_Eknl: 3.30503 + L_Div: 0.00000 + L_Morse: 1.16529
Epoch: 0 [8620/10000 (86%)] Unweighted L_s : L_Mnfld: 0.00077,  L_NonMnfld: 0.00621,  L_Nrml: 0.00000,  L_Eknl: 0.06610, L_Morse: 11.65287

Weights: [7000.0, 600.0, 0, 50.0, 0.0, 0.1], lr=5.000e-05
Epoch: 0 [8630/10000 (86%)] Loss: 14.33720 = L_Mnfld: 5.52819 + L_NonMnfld: 4.32177 + L_Nrml: 0.00000 + L_Eknl: 3.35610 + L_Div: 0.00000 + L_Morse: 1.13115
Epoch: 0 [8630/10000 (86%)] Unweighted L_s : L_Mnfld: 0.00079,  L_NonMnfld: 0.00720,  L_Nrml: 0.00000,  L_Eknl: 0.06712, L_Morse: 11.31145

Weights: [7000.0, 600.0, 0, 50.0, 0.0, 0.1], lr=5.000e-05
Epoch: 0 [8640/10000 (86%)] Loss: 13.10307 = L_Mnfld: 4.58179 + L_NonMnfld: 4.16414 + L_Nrml: 0.00000 + L_Eknl: 3.19306 + L_Div: 0.00000 + L_Morse: 1.16407
Epoch: 0 [8640/10000 (86%)] Unweighted L_s : L_Mnfld: 0.00065,  L_NonMnfld: 0.00694,  L_Nrml: 0.00000,  L_Eknl: 0.06386, L_Morse: 11.64067

Weights: [7000.0, 600.0, 0, 50.0, 0.0, 0.1], lr=5.000e-05
Epoch: 0 [8650/10000 (86%)] Loss: 11.74827 = L_Mnfld: 4.24589 + L_NonMnfld: 3.26361 + L_Nrml: 0.00000 + L_Eknl: 3.09300 + L_Div: 0.00000 + L_Morse: 1.14575
Epoch: 0 [8650/10000 (86%)] Unweighted L_s : L_Mnfld: 0.00061,  L_NonMnfld: 0.00544,  L_Nrml: 0.00000,  L_Eknl: 0.06186, L_Morse: 11.45754

Weights: [7000.0, 600.0, 0, 50.0, 0.0, 0.1], lr=5.000e-05
Epoch: 0 [8660/10000 (87%)] Loss: 12.68920 = L_Mnfld: 4.49804 + L_NonMnfld: 4.06011 + L_Nrml: 0.00000 + L_Eknl: 2.96739 + L_Div: 0.00000 + L_Morse: 1.16365
Epoch: 0 [8660/10000 (87%)] Unweighted L_s : L_Mnfld: 0.00064,  L_NonMnfld: 0.00677,  L_Nrml: 0.00000,  L_Eknl: 0.05935, L_Morse: 11.63646

Weights: [7000.0, 600.0, 0, 50.0, 0.0, 0.1], lr=5.000e-05
Epoch: 0 [8670/10000 (87%)] Loss: 12.09645 = L_Mnfld: 4.13260 + L_NonMnfld: 3.64360 + L_Nrml: 0.00000 + L_Eknl: 3.06623 + L_Div: 0.00000 + L_Morse: 1.25401
Epoch: 0 [8670/10000 (87%)] Unweighted L_s : L_Mnfld: 0.00059,  L_NonMnfld: 0.00607,  L_Nrml: 0.00000,  L_Eknl: 0.06132, L_Morse: 12.54015

Weights: [7000.0, 600.0, 0, 50.0, 0.0, 0.1], lr=5.000e-05
Epoch: 0 [8680/10000 (87%)] Loss: 12.84428 = L_Mnfld: 4.68735 + L_NonMnfld: 3.72342 + L_Nrml: 0.00000 + L_Eknl: 3.22823 + L_Div: 0.00000 + L_Morse: 1.20528
Epoch: 0 [8680/10000 (87%)] Unweighted L_s : L_Mnfld: 0.00067,  L_NonMnfld: 0.00621,  L_Nrml: 0.00000,  L_Eknl: 0.06456, L_Morse: 12.05281

Weights: [7000.0, 600.0, 0, 50.0, 0.0, 0.1], lr=5.000e-05
Epoch: 0 [8690/10000 (87%)] Loss: 12.86399 = L_Mnfld: 4.63708 + L_NonMnfld: 3.80380 + L_Nrml: 0.00000 + L_Eknl: 3.20557 + L_Div: 0.00000 + L_Morse: 1.21755
Epoch: 0 [8690/10000 (87%)] Unweighted L_s : L_Mnfld: 0.00066,  L_NonMnfld: 0.00634,  L_Nrml: 0.00000,  L_Eknl: 0.06411, L_Morse: 12.17545

Weights: [7000.0, 600.0, 0, 50.0, 0.0, 0.1], lr=5.000e-05
Epoch: 0 [8700/10000 (87%)] Loss: 13.39522 = L_Mnfld: 5.15064 + L_NonMnfld: 3.67505 + L_Nrml: 0.00000 + L_Eknl: 3.32822 + L_Div: 0.00000 + L_Morse: 1.24130
Epoch: 0 [8700/10000 (87%)] Unweighted L_s : L_Mnfld: 0.00074,  L_NonMnfld: 0.00613,  L_Nrml: 0.00000,  L_Eknl: 0.06656, L_Morse: 12.41303

Weights: [7000.0, 600.0, 0, 50.0, 0.0, 0.1], lr=5.000e-05
Epoch: 0 [8710/10000 (87%)] Loss: 13.68756 = L_Mnfld: 5.37962 + L_NonMnfld: 3.73920 + L_Nrml: 0.00000 + L_Eknl: 3.38542 + L_Div: 0.00000 + L_Morse: 1.18332
Epoch: 0 [8710/10000 (87%)] Unweighted L_s : L_Mnfld: 0.00077,  L_NonMnfld: 0.00623,  L_Nrml: 0.00000,  L_Eknl: 0.06771, L_Morse: 11.83316

Weights: [7000.0, 600.0, 0, 50.0, 0.0, 0.1], lr=5.000e-05
Epoch: 0 [8720/10000 (87%)] Loss: 13.03343 = L_Mnfld: 5.05189 + L_NonMnfld: 3.58473 + L_Nrml: 0.00000 + L_Eknl: 3.26550 + L_Div: 0.00000 + L_Morse: 1.13131
Epoch: 0 [8720/10000 (87%)] Unweighted L_s : L_Mnfld: 0.00072,  L_NonMnfld: 0.00597,  L_Nrml: 0.00000,  L_Eknl: 0.06531, L_Morse: 11.31309

Weights: [7000.0, 600.0, 0, 50.0, 0.0, 0.1], lr=5.000e-05
Epoch: 0 [8730/10000 (87%)] Loss: 13.11034 = L_Mnfld: 4.91267 + L_NonMnfld: 3.88759 + L_Nrml: 0.00000 + L_Eknl: 3.19671 + L_Div: 0.00000 + L_Morse: 1.11338
Epoch: 0 [8730/10000 (87%)] Unweighted L_s : L_Mnfld: 0.00070,  L_NonMnfld: 0.00648,  L_Nrml: 0.00000,  L_Eknl: 0.06393, L_Morse: 11.13376

Weights: [7000.0, 600.0, 0, 50.0, 0.0, 0.1], lr=5.000e-05
Epoch: 0 [8740/10000 (87%)] Loss: 12.50541 = L_Mnfld: 4.26291 + L_NonMnfld: 3.93733 + L_Nrml: 0.00000 + L_Eknl: 3.07574 + L_Div: 0.00000 + L_Morse: 1.22944
Epoch: 0 [8740/10000 (87%)] Unweighted L_s : L_Mnfld: 0.00061,  L_NonMnfld: 0.00656,  L_Nrml: 0.00000,  L_Eknl: 0.06151, L_Morse: 12.29435

Weights: [7000.0, 600.0, 0, 50.0, 0.0, 0.1], lr=5.000e-05
Epoch: 0 [8750/10000 (88%)] Loss: 13.42156 = L_Mnfld: 5.17504 + L_NonMnfld: 3.97466 + L_Nrml: 0.00000 + L_Eknl: 3.10051 + L_Div: 0.00000 + L_Morse: 1.17136
Epoch: 0 [8750/10000 (88%)] Unweighted L_s : L_Mnfld: 0.00074,  L_NonMnfld: 0.00662,  L_Nrml: 0.00000,  L_Eknl: 0.06201, L_Morse: 11.71357

Weights: [7000.0, 600.0, 0, 50.0, 0.0, 0.1], lr=5.000e-05
Epoch: 0 [8760/10000 (88%)] Loss: 12.75247 = L_Mnfld: 4.64474 + L_NonMnfld: 3.67678 + L_Nrml: 0.00000 + L_Eknl: 3.17563 + L_Div: 0.00000 + L_Morse: 1.25532
Epoch: 0 [8760/10000 (88%)] Unweighted L_s : L_Mnfld: 0.00066,  L_NonMnfld: 0.00613,  L_Nrml: 0.00000,  L_Eknl: 0.06351, L_Morse: 12.55322

Weights: [7000.0, 600.0, 0, 50.0, 0.0, 0.1], lr=5.000e-05
Epoch: 0 [8770/10000 (88%)] Loss: 12.40311 = L_Mnfld: 4.10072 + L_NonMnfld: 4.01626 + L_Nrml: 0.00000 + L_Eknl: 3.10912 + L_Div: 0.00000 + L_Morse: 1.17700
Epoch: 0 [8770/10000 (88%)] Unweighted L_s : L_Mnfld: 0.00059,  L_NonMnfld: 0.00669,  L_Nrml: 0.00000,  L_Eknl: 0.06218, L_Morse: 11.77001

Weights: [7000.0, 600.0, 0, 50.0, 0.0, 0.1], lr=5.000e-05
Epoch: 0 [8780/10000 (88%)] Loss: 13.02505 = L_Mnfld: 4.86498 + L_NonMnfld: 3.99988 + L_Nrml: 0.00000 + L_Eknl: 2.99539 + L_Div: 0.00000 + L_Morse: 1.16480
Epoch: 0 [8780/10000 (88%)] Unweighted L_s : L_Mnfld: 0.00069,  L_NonMnfld: 0.00667,  L_Nrml: 0.00000,  L_Eknl: 0.05991, L_Morse: 11.64797

Weights: [7000.0, 600.0, 0, 50.0, 0.0, 0.1], lr=5.000e-05
Epoch: 0 [8790/10000 (88%)] Loss: 12.81006 = L_Mnfld: 4.72420 + L_NonMnfld: 3.99047 + L_Nrml: 0.00000 + L_Eknl: 2.96131 + L_Div: 0.00000 + L_Morse: 1.13409
Epoch: 0 [8790/10000 (88%)] Unweighted L_s : L_Mnfld: 0.00067,  L_NonMnfld: 0.00665,  L_Nrml: 0.00000,  L_Eknl: 0.05923, L_Morse: 11.34089

Weights: [7000.0, 600.0, 0, 50.0, 0.0, 0.1], lr=5.000e-05
Epoch: 0 [8800/10000 (88%)] Loss: 12.21377 = L_Mnfld: 4.26534 + L_NonMnfld: 3.89461 + L_Nrml: 0.00000 + L_Eknl: 2.87741 + L_Div: 0.00000 + L_Morse: 1.17641
Epoch: 0 [8800/10000 (88%)] Unweighted L_s : L_Mnfld: 0.00061,  L_NonMnfld: 0.00649,  L_Nrml: 0.00000,  L_Eknl: 0.05755, L_Morse: 11.76411

Weights: [7000.0, 600.0, 0, 50.0, 0.0, 0.1], lr=5.000e-05
Epoch: 0 [8810/10000 (88%)] Loss: 12.45826 = L_Mnfld: 4.41149 + L_NonMnfld: 3.97857 + L_Nrml: 0.00000 + L_Eknl: 2.92597 + L_Div: 0.00000 + L_Morse: 1.14222
Epoch: 0 [8810/10000 (88%)] Unweighted L_s : L_Mnfld: 0.00063,  L_NonMnfld: 0.00663,  L_Nrml: 0.00000,  L_Eknl: 0.05852, L_Morse: 11.42224

Weights: [7000.0, 600.0, 0, 50.0, 0.0, 0.1], lr=5.000e-05
Epoch: 0 [8820/10000 (88%)] Loss: 12.70415 = L_Mnfld: 4.68950 + L_NonMnfld: 3.97172 + L_Nrml: 0.00000 + L_Eknl: 2.88679 + L_Div: 0.00000 + L_Morse: 1.15614
Epoch: 0 [8820/10000 (88%)] Unweighted L_s : L_Mnfld: 0.00067,  L_NonMnfld: 0.00662,  L_Nrml: 0.00000,  L_Eknl: 0.05774, L_Morse: 11.56140

Weights: [7000.0, 600.0, 0, 50.0, 0.0, 0.1], lr=5.000e-05
Epoch: 0 [8830/10000 (88%)] Loss: 11.80675 = L_Mnfld: 4.45088 + L_NonMnfld: 3.07939 + L_Nrml: 0.00000 + L_Eknl: 3.03569 + L_Div: 0.00000 + L_Morse: 1.24079
Epoch: 0 [8830/10000 (88%)] Unweighted L_s : L_Mnfld: 0.00064,  L_NonMnfld: 0.00513,  L_Nrml: 0.00000,  L_Eknl: 0.06071, L_Morse: 12.40792

Weights: [7000.0, 600.0, 0, 50.0, 0.0, 0.1], lr=5.000e-05
Epoch: 0 [8840/10000 (88%)] Loss: 12.10991 = L_Mnfld: 4.47385 + L_NonMnfld: 3.53884 + L_Nrml: 0.00000 + L_Eknl: 2.93178 + L_Div: 0.00000 + L_Morse: 1.16544
Epoch: 0 [8840/10000 (88%)] Unweighted L_s : L_Mnfld: 0.00064,  L_NonMnfld: 0.00590,  L_Nrml: 0.00000,  L_Eknl: 0.05864, L_Morse: 11.65442

Weights: [7000.0, 600.0, 0, 50.0, 0.0, 0.1], lr=5.000e-05
Epoch: 0 [8850/10000 (88%)] Loss: 12.57554 = L_Mnfld: 4.15332 + L_NonMnfld: 4.16829 + L_Nrml: 0.00000 + L_Eknl: 3.08367 + L_Div: 0.00000 + L_Morse: 1.17025
Epoch: 0 [8850/10000 (88%)] Unweighted L_s : L_Mnfld: 0.00059,  L_NonMnfld: 0.00695,  L_Nrml: 0.00000,  L_Eknl: 0.06167, L_Morse: 11.70255

Weights: [7000.0, 600.0, 0, 50.0, 0.0, 0.1], lr=5.000e-05
Epoch: 0 [8860/10000 (89%)] Loss: 11.43782 = L_Mnfld: 3.98097 + L_NonMnfld: 3.22001 + L_Nrml: 0.00000 + L_Eknl: 2.94677 + L_Div: 0.00000 + L_Morse: 1.29008
Epoch: 0 [8860/10000 (89%)] Unweighted L_s : L_Mnfld: 0.00057,  L_NonMnfld: 0.00537,  L_Nrml: 0.00000,  L_Eknl: 0.05894, L_Morse: 12.90076

Weights: [7000.0, 600.0, 0, 50.0, 0.0, 0.1], lr=5.000e-05
Epoch: 0 [8870/10000 (89%)] Loss: 11.90274 = L_Mnfld: 4.26988 + L_NonMnfld: 3.58212 + L_Nrml: 0.00000 + L_Eknl: 2.92323 + L_Div: 0.00000 + L_Morse: 1.12752
Epoch: 0 [8870/10000 (89%)] Unweighted L_s : L_Mnfld: 0.00061,  L_NonMnfld: 0.00597,  L_Nrml: 0.00000,  L_Eknl: 0.05846, L_Morse: 11.27520

Weights: [7000.0, 600.0, 0, 50.0, 0.0, 0.1], lr=5.000e-05
Epoch: 0 [8880/10000 (89%)] Loss: 11.87270 = L_Mnfld: 4.28762 + L_NonMnfld: 3.61833 + L_Nrml: 0.00000 + L_Eknl: 2.78661 + L_Div: 0.00000 + L_Morse: 1.18014
Epoch: 0 [8880/10000 (89%)] Unweighted L_s : L_Mnfld: 0.00061,  L_NonMnfld: 0.00603,  L_Nrml: 0.00000,  L_Eknl: 0.05573, L_Morse: 11.80144

Weights: [7000.0, 600.0, 0, 50.0, 0.0, 0.1], lr=5.000e-05
Epoch: 0 [8890/10000 (89%)] Loss: 12.45253 = L_Mnfld: 4.25391 + L_NonMnfld: 4.04402 + L_Nrml: 0.00000 + L_Eknl: 2.97040 + L_Div: 0.00000 + L_Morse: 1.18420
Epoch: 0 [8890/10000 (89%)] Unweighted L_s : L_Mnfld: 0.00061,  L_NonMnfld: 0.00674,  L_Nrml: 0.00000,  L_Eknl: 0.05941, L_Morse: 11.84200

Weights: [7000.0, 600.0, 0, 50.0, 0.0, 0.1], lr=5.000e-05
Epoch: 0 [8900/10000 (89%)] Loss: 12.39621 = L_Mnfld: 4.92289 + L_NonMnfld: 3.43752 + L_Nrml: 0.00000 + L_Eknl: 2.93761 + L_Div: 0.00000 + L_Morse: 1.09818
Epoch: 0 [8900/10000 (89%)] Unweighted L_s : L_Mnfld: 0.00070,  L_NonMnfld: 0.00573,  L_Nrml: 0.00000,  L_Eknl: 0.05875, L_Morse: 10.98182

Weights: [7000.0, 600.0, 0, 50.0, 0.0, 0.1], lr=5.000e-05
Epoch: 0 [8910/10000 (89%)] Loss: 12.36191 = L_Mnfld: 4.54930 + L_NonMnfld: 3.70338 + L_Nrml: 0.00000 + L_Eknl: 2.95746 + L_Div: 0.00000 + L_Morse: 1.15178
Epoch: 0 [8910/10000 (89%)] Unweighted L_s : L_Mnfld: 0.00065,  L_NonMnfld: 0.00617,  L_Nrml: 0.00000,  L_Eknl: 0.05915, L_Morse: 11.51781

Weights: [7000.0, 600.0, 0, 50.0, 0.0, 0.1], lr=5.000e-05
Epoch: 0 [8920/10000 (89%)] Loss: 13.04743 = L_Mnfld: 4.47383 + L_NonMnfld: 4.47714 + L_Nrml: 0.00000 + L_Eknl: 2.90297 + L_Div: 0.00000 + L_Morse: 1.19349
Epoch: 0 [8920/10000 (89%)] Unweighted L_s : L_Mnfld: 0.00064,  L_NonMnfld: 0.00746,  L_Nrml: 0.00000,  L_Eknl: 0.05806, L_Morse: 11.93491

Weights: [7000.0, 600.0, 0, 50.0, 0.0, 0.1], lr=5.000e-05
Epoch: 0 [8930/10000 (89%)] Loss: 13.09440 = L_Mnfld: 4.70081 + L_NonMnfld: 4.28712 + L_Nrml: 0.00000 + L_Eknl: 2.95179 + L_Div: 0.00000 + L_Morse: 1.15468
Epoch: 0 [8930/10000 (89%)] Unweighted L_s : L_Mnfld: 0.00067,  L_NonMnfld: 0.00715,  L_Nrml: 0.00000,  L_Eknl: 0.05904, L_Morse: 11.54680

Weights: [7000.0, 600.0, 0, 50.0, 0.0, 0.1], lr=5.000e-05
Epoch: 0 [8940/10000 (89%)] Loss: 12.45031 = L_Mnfld: 4.64085 + L_NonMnfld: 3.73221 + L_Nrml: 0.00000 + L_Eknl: 2.88839 + L_Div: 0.00000 + L_Morse: 1.18886
Epoch: 0 [8940/10000 (89%)] Unweighted L_s : L_Mnfld: 0.00066,  L_NonMnfld: 0.00622,  L_Nrml: 0.00000,  L_Eknl: 0.05777, L_Morse: 11.88856

Weights: [7000.0, 600.0, 0, 50.0, 0.0, 0.1], lr=5.000e-05
Epoch: 0 [8950/10000 (90%)] Loss: 12.32700 = L_Mnfld: 4.16011 + L_NonMnfld: 3.82855 + L_Nrml: 0.00000 + L_Eknl: 3.11936 + L_Div: 0.00000 + L_Morse: 1.21897
Epoch: 0 [8950/10000 (90%)] Unweighted L_s : L_Mnfld: 0.00059,  L_NonMnfld: 0.00638,  L_Nrml: 0.00000,  L_Eknl: 0.06239, L_Morse: 12.18973

Weights: [7000.0, 600.0, 0, 50.0, 0.0, 0.1], lr=5.000e-05
Epoch: 0 [8960/10000 (90%)] Loss: 13.17020 = L_Mnfld: 5.37442 + L_NonMnfld: 3.25272 + L_Nrml: 0.00000 + L_Eknl: 3.32444 + L_Div: 0.00000 + L_Morse: 1.21863
Epoch: 0 [8960/10000 (90%)] Unweighted L_s : L_Mnfld: 0.00077,  L_NonMnfld: 0.00542,  L_Nrml: 0.00000,  L_Eknl: 0.06649, L_Morse: 12.18633

Weights: [7000.0, 600.0, 0, 50.0, 0.0, 0.1], lr=5.000e-05
Epoch: 0 [8970/10000 (90%)] Loss: 13.19585 = L_Mnfld: 5.05569 + L_NonMnfld: 3.65770 + L_Nrml: 0.00000 + L_Eknl: 3.25286 + L_Div: 0.00000 + L_Morse: 1.22960
Epoch: 0 [8970/10000 (90%)] Unweighted L_s : L_Mnfld: 0.00072,  L_NonMnfld: 0.00610,  L_Nrml: 0.00000,  L_Eknl: 0.06506, L_Morse: 12.29598

Weights: [7000.0, 600.0, 0, 50.0, 0.0, 0.1], lr=5.000e-05
Epoch: 0 [8980/10000 (90%)] Loss: 13.86840 = L_Mnfld: 5.69001 + L_NonMnfld: 3.52608 + L_Nrml: 0.00000 + L_Eknl: 3.42947 + L_Div: 0.00000 + L_Morse: 1.22284
Epoch: 0 [8980/10000 (90%)] Unweighted L_s : L_Mnfld: 0.00081,  L_NonMnfld: 0.00588,  L_Nrml: 0.00000,  L_Eknl: 0.06859, L_Morse: 12.22843

Weights: [7000.0, 600.0, 0, 50.0, 0.0, 0.1], lr=5.000e-05
Epoch: 0 [8990/10000 (90%)] Loss: 14.78610 = L_Mnfld: 6.41865 + L_NonMnfld: 3.77845 + L_Nrml: 0.00000 + L_Eknl: 3.38782 + L_Div: 0.00000 + L_Morse: 1.20118
Epoch: 0 [8990/10000 (90%)] Unweighted L_s : L_Mnfld: 0.00092,  L_NonMnfld: 0.00630,  L_Nrml: 0.00000,  L_Eknl: 0.06776, L_Morse: 12.01181

Weights: [7000.0, 600.0, 0, 50.0, 0.0, 0.1], lr=5.000e-05
Epoch: 0 [9000/10000 (90%)] Loss: 13.67118 = L_Mnfld: 5.86173 + L_NonMnfld: 3.28437 + L_Nrml: 0.00000 + L_Eknl: 3.36131 + L_Div: 0.00000 + L_Morse: 1.16377
Epoch: 0 [9000/10000 (90%)] Unweighted L_s : L_Mnfld: 0.00084,  L_NonMnfld: 0.00547,  L_Nrml: 0.00000,  L_Eknl: 0.06723, L_Morse: 11.63772

Weights: [7000.0, 600.0, 0, 50.0, 0.0, 0.1], lr=5.000e-05
Epoch: 0 [9010/10000 (90%)] Loss: 20.22538 = L_Mnfld: 9.58587 + L_NonMnfld: 3.88759 + L_Nrml: 0.00000 + L_Eknl: 5.53733 + L_Div: 0.00000 + L_Morse: 1.21459
Epoch: 0 [9010/10000 (90%)] Unweighted L_s : L_Mnfld: 0.00137,  L_NonMnfld: 0.00648,  L_Nrml: 0.00000,  L_Eknl: 0.11075, L_Morse: 12.14593

Weights: [7000.0, 600.0, 0, 50.0, 0.0, 0.1], lr=5.000e-05
Epoch: 0 [9020/10000 (90%)] Loss: 28.79969 = L_Mnfld: 15.52259 + L_NonMnfld: 3.97794 + L_Nrml: 0.00000 + L_Eknl: 8.02273 + L_Div: 0.00000 + L_Morse: 1.27642
Epoch: 0 [9020/10000 (90%)] Unweighted L_s : L_Mnfld: 0.00222,  L_NonMnfld: 0.00663,  L_Nrml: 0.00000,  L_Eknl: 0.16045, L_Morse: 12.76420

Weights: [7000.0, 600.0, 0, 50.0, 0.0, 0.1], lr=5.000e-05
Epoch: 0 [9030/10000 (90%)] Loss: 29.68695 = L_Mnfld: 13.98085 + L_NonMnfld: 4.17532 + L_Nrml: 0.00000 + L_Eknl: 10.18688 + L_Div: 0.00000 + L_Morse: 1.34390
Epoch: 0 [9030/10000 (90%)] Unweighted L_s : L_Mnfld: 0.00200,  L_NonMnfld: 0.00696,  L_Nrml: 0.00000,  L_Eknl: 0.20374, L_Morse: 13.43905

Weights: [7000.0, 600.0, 0, 50.0, 0.0, 0.1], lr=5.000e-05
Epoch: 0 [9040/10000 (90%)] Loss: 26.60453 = L_Mnfld: 11.58804 + L_NonMnfld: 4.55263 + L_Nrml: 0.00000 + L_Eknl: 9.15367 + L_Div: 0.00000 + L_Morse: 1.31019
Epoch: 0 [9040/10000 (90%)] Unweighted L_s : L_Mnfld: 0.00166,  L_NonMnfld: 0.00759,  L_Nrml: 0.00000,  L_Eknl: 0.18307, L_Morse: 13.10189

Weights: [7000.0, 600.0, 0, 50.0, 0.0, 0.1], lr=5.000e-05
Epoch: 0 [9050/10000 (90%)] Loss: 29.16277 = L_Mnfld: 13.88129 + L_NonMnfld: 3.79269 + L_Nrml: 0.00000 + L_Eknl: 10.23344 + L_Div: 0.00000 + L_Morse: 1.25536
Epoch: 0 [9050/10000 (90%)] Unweighted L_s : L_Mnfld: 0.00198,  L_NonMnfld: 0.00632,  L_Nrml: 0.00000,  L_Eknl: 0.20467, L_Morse: 12.55357

Weights: [7000.0, 600.0, 0, 50.0, 0.0, 0.1], lr=5.000e-05
Epoch: 0 [9060/10000 (91%)] Loss: 24.57919 = L_Mnfld: 11.55202 + L_NonMnfld: 3.86127 + L_Nrml: 0.00000 + L_Eknl: 7.86485 + L_Div: 0.00000 + L_Morse: 1.30105
Epoch: 0 [9060/10000 (91%)] Unweighted L_s : L_Mnfld: 0.00165,  L_NonMnfld: 0.00644,  L_Nrml: 0.00000,  L_Eknl: 0.15730, L_Morse: 13.01049

Weights: [7000.0, 600.0, 0, 50.0, 0.0, 0.1], lr=5.000e-05
Epoch: 0 [9070/10000 (91%)] Loss: 24.49069 = L_Mnfld: 11.52941 + L_NonMnfld: 4.07013 + L_Nrml: 0.00000 + L_Eknl: 7.65159 + L_Div: 0.00000 + L_Morse: 1.23957
Epoch: 0 [9070/10000 (91%)] Unweighted L_s : L_Mnfld: 0.00165,  L_NonMnfld: 0.00678,  L_Nrml: 0.00000,  L_Eknl: 0.15303, L_Morse: 12.39568

Weights: [7000.0, 600.0, 0, 50.0, 0.0, 0.1], lr=5.000e-05
Epoch: 0 [9080/10000 (91%)] Loss: 24.63149 = L_Mnfld: 11.74896 + L_NonMnfld: 3.58753 + L_Nrml: 0.00000 + L_Eknl: 8.02651 + L_Div: 0.00000 + L_Morse: 1.26849
Epoch: 0 [9080/10000 (91%)] Unweighted L_s : L_Mnfld: 0.00168,  L_NonMnfld: 0.00598,  L_Nrml: 0.00000,  L_Eknl: 0.16053, L_Morse: 12.68485

Weights: [7000.0, 600.0, 0, 50.0, 0.0, 0.1], lr=5.000e-05
Epoch: 0 [9090/10000 (91%)] Loss: 25.16349 = L_Mnfld: 12.19108 + L_NonMnfld: 4.61588 + L_Nrml: 0.00000 + L_Eknl: 7.08307 + L_Div: 0.00000 + L_Morse: 1.27346
Epoch: 0 [9090/10000 (91%)] Unweighted L_s : L_Mnfld: 0.00174,  L_NonMnfld: 0.00769,  L_Nrml: 0.00000,  L_Eknl: 0.14166, L_Morse: 12.73459

Weights: [7000.0, 600.0, 0, 50.0, 0.0, 0.1], lr=5.000e-05
Epoch: 0 [9100/10000 (91%)] Loss: 29.42129 = L_Mnfld: 14.95279 + L_NonMnfld: 4.13500 + L_Nrml: 0.00000 + L_Eknl: 9.10878 + L_Div: 0.00000 + L_Morse: 1.22471
Epoch: 0 [9100/10000 (91%)] Unweighted L_s : L_Mnfld: 0.00214,  L_NonMnfld: 0.00689,  L_Nrml: 0.00000,  L_Eknl: 0.18218, L_Morse: 12.24714

Weights: [7000.0, 600.0, 0, 50.0, 0.0, 0.1], lr=5.000e-05
Epoch: 0 [9110/10000 (91%)] Loss: 23.26103 = L_Mnfld: 10.79271 + L_NonMnfld: 3.66135 + L_Nrml: 0.00000 + L_Eknl: 7.58980 + L_Div: 0.00000 + L_Morse: 1.21717
Epoch: 0 [9110/10000 (91%)] Unweighted L_s : L_Mnfld: 0.00154,  L_NonMnfld: 0.00610,  L_Nrml: 0.00000,  L_Eknl: 0.15180, L_Morse: 12.17172

Weights: [7000.0, 600.0, 0, 50.0, 0.0, 0.1], lr=5.000e-05
Epoch: 0 [9120/10000 (91%)] Loss: 26.10218 = L_Mnfld: 13.74668 + L_NonMnfld: 4.35848 + L_Nrml: 0.00000 + L_Eknl: 6.79772 + L_Div: 0.00000 + L_Morse: 1.19930
Epoch: 0 [9120/10000 (91%)] Unweighted L_s : L_Mnfld: 0.00196,  L_NonMnfld: 0.00726,  L_Nrml: 0.00000,  L_Eknl: 0.13595, L_Morse: 11.99297

Weights: [7000.0, 600.0, 0, 50.0, 0.0, 0.1], lr=5.000e-05
Epoch: 0 [9130/10000 (91%)] Loss: 20.08453 = L_Mnfld: 9.69495 + L_NonMnfld: 3.38837 + L_Nrml: 0.00000 + L_Eknl: 5.79040 + L_Div: 0.00000 + L_Morse: 1.21081
Epoch: 0 [9130/10000 (91%)] Unweighted L_s : L_Mnfld: 0.00138,  L_NonMnfld: 0.00565,  L_Nrml: 0.00000,  L_Eknl: 0.11581, L_Morse: 12.10809

Weights: [7000.0, 600.0, 0, 50.0, 0.0, 0.1], lr=5.000e-05
Epoch: 0 [9140/10000 (91%)] Loss: 20.22611 = L_Mnfld: 9.68899 + L_NonMnfld: 3.88279 + L_Nrml: 0.00000 + L_Eknl: 5.42152 + L_Div: 0.00000 + L_Morse: 1.23281
Epoch: 0 [9140/10000 (91%)] Unweighted L_s : L_Mnfld: 0.00138,  L_NonMnfld: 0.00647,  L_Nrml: 0.00000,  L_Eknl: 0.10843, L_Morse: 12.32807

Weights: [7000.0, 600.0, 0, 50.0, 0.0, 0.1], lr=5.000e-05
Epoch: 0 [9150/10000 (92%)] Loss: 17.93649 = L_Mnfld: 7.91334 + L_NonMnfld: 3.93637 + L_Nrml: 0.00000 + L_Eknl: 4.91943 + L_Div: 0.00000 + L_Morse: 1.16734
Epoch: 0 [9150/10000 (92%)] Unweighted L_s : L_Mnfld: 0.00113,  L_NonMnfld: 0.00656,  L_Nrml: 0.00000,  L_Eknl: 0.09839, L_Morse: 11.67344

Weights: [7000.0, 600.0, 0, 50.0, 0.0, 0.1], lr=5.000e-05
Epoch: 0 [9160/10000 (92%)] Loss: 16.59361 = L_Mnfld: 6.98010 + L_NonMnfld: 3.55196 + L_Nrml: 0.00000 + L_Eknl: 4.79590 + L_Div: 0.00000 + L_Morse: 1.26565
Epoch: 0 [9160/10000 (92%)] Unweighted L_s : L_Mnfld: 0.00100,  L_NonMnfld: 0.00592,  L_Nrml: 0.00000,  L_Eknl: 0.09592, L_Morse: 12.65652

Weights: [7000.0, 600.0, 0, 50.0, 0.0, 0.1], lr=5.000e-05
Epoch: 0 [9170/10000 (92%)] Loss: 15.81563 = L_Mnfld: 5.96129 + L_NonMnfld: 4.07869 + L_Nrml: 0.00000 + L_Eknl: 4.51117 + L_Div: 0.00000 + L_Morse: 1.26448
Epoch: 0 [9170/10000 (92%)] Unweighted L_s : L_Mnfld: 0.00085,  L_NonMnfld: 0.00680,  L_Nrml: 0.00000,  L_Eknl: 0.09022, L_Morse: 12.64479

Weights: [7000.0, 600.0, 0, 50.0, 0.0, 0.1], lr=5.000e-05
Epoch: 0 [9180/10000 (92%)] Loss: 15.22850 = L_Mnfld: 6.10133 + L_NonMnfld: 3.60385 + L_Nrml: 0.00000 + L_Eknl: 4.35988 + L_Div: 0.00000 + L_Morse: 1.16344
Epoch: 0 [9180/10000 (92%)] Unweighted L_s : L_Mnfld: 0.00087,  L_NonMnfld: 0.00601,  L_Nrml: 0.00000,  L_Eknl: 0.08720, L_Morse: 11.63440

Weights: [7000.0, 600.0, 0, 50.0, 0.0, 0.1], lr=5.000e-05
Epoch: 0 [9190/10000 (92%)] Loss: 14.13525 = L_Mnfld: 4.92338 + L_NonMnfld: 3.78966 + L_Nrml: 0.00000 + L_Eknl: 4.24104 + L_Div: 0.00000 + L_Morse: 1.18116
Epoch: 0 [9190/10000 (92%)] Unweighted L_s : L_Mnfld: 0.00070,  L_NonMnfld: 0.00632,  L_Nrml: 0.00000,  L_Eknl: 0.08482, L_Morse: 11.81163

Weights: [7000.0, 600.0, 0, 50.0, 0.0, 0.1], lr=5.000e-05
Epoch: 0 [9200/10000 (92%)] Loss: 13.95814 = L_Mnfld: 4.78180 + L_NonMnfld: 3.86543 + L_Nrml: 0.00000 + L_Eknl: 3.98684 + L_Div: 0.00000 + L_Morse: 1.32407
Epoch: 0 [9200/10000 (92%)] Unweighted L_s : L_Mnfld: 0.00068,  L_NonMnfld: 0.00644,  L_Nrml: 0.00000,  L_Eknl: 0.07974, L_Morse: 13.24070

Weights: [7000.0, 600.0, 0, 50.0, 0.0, 0.1], lr=5.000e-05
Epoch: 0 [9210/10000 (92%)] Loss: 13.46943 = L_Mnfld: 4.77788 + L_NonMnfld: 3.73747 + L_Nrml: 0.00000 + L_Eknl: 3.82265 + L_Div: 0.00000 + L_Morse: 1.13142
Epoch: 0 [9210/10000 (92%)] Unweighted L_s : L_Mnfld: 0.00068,  L_NonMnfld: 0.00623,  L_Nrml: 0.00000,  L_Eknl: 0.07645, L_Morse: 11.31419

Weights: [7000.0, 600.0, 0, 50.0, 0.0, 0.1], lr=5.000e-05
Epoch: 0 [9220/10000 (92%)] Loss: 13.66902 = L_Mnfld: 4.78607 + L_NonMnfld: 3.80871 + L_Nrml: 0.00000 + L_Eknl: 3.75977 + L_Div: 0.00000 + L_Morse: 1.31445
Epoch: 0 [9220/10000 (92%)] Unweighted L_s : L_Mnfld: 0.00068,  L_NonMnfld: 0.00635,  L_Nrml: 0.00000,  L_Eknl: 0.07520, L_Morse: 13.14454

Weights: [7000.0, 600.0, 0, 50.0, 0.0, 0.1], lr=5.000e-05
Epoch: 0 [9230/10000 (92%)] Loss: 12.74625 = L_Mnfld: 4.26416 + L_NonMnfld: 3.52445 + L_Nrml: 0.00000 + L_Eknl: 3.77738 + L_Div: 0.00000 + L_Morse: 1.18025
Epoch: 0 [9230/10000 (92%)] Unweighted L_s : L_Mnfld: 0.00061,  L_NonMnfld: 0.00587,  L_Nrml: 0.00000,  L_Eknl: 0.07555, L_Morse: 11.80253

Weights: [7000.0, 600.0, 0, 50.0, 0.0, 0.1], lr=5.000e-05
Epoch: 0 [9240/10000 (92%)] Loss: 12.53533 = L_Mnfld: 4.23559 + L_NonMnfld: 3.46711 + L_Nrml: 0.00000 + L_Eknl: 3.65369 + L_Div: 0.00000 + L_Morse: 1.17895
Epoch: 0 [9240/10000 (92%)] Unweighted L_s : L_Mnfld: 0.00061,  L_NonMnfld: 0.00578,  L_Nrml: 0.00000,  L_Eknl: 0.07307, L_Morse: 11.78948

Weights: [7000.0, 600.0, 0, 50.0, 0.0, 0.1], lr=5.000e-05
Epoch: 0 [9250/10000 (92%)] Loss: 12.90391 = L_Mnfld: 4.41505 + L_NonMnfld: 3.69722 + L_Nrml: 0.00000 + L_Eknl: 3.59883 + L_Div: 0.00000 + L_Morse: 1.19281
Epoch: 0 [9250/10000 (92%)] Unweighted L_s : L_Mnfld: 0.00063,  L_NonMnfld: 0.00616,  L_Nrml: 0.00000,  L_Eknl: 0.07198, L_Morse: 11.92807

Weights: [7000.0, 600.0, 0, 50.0, 0.0, 0.1], lr=5.000e-05
Epoch: 0 [9260/10000 (93%)] Loss: 12.37333 = L_Mnfld: 4.21130 + L_NonMnfld: 3.49168 + L_Nrml: 0.00000 + L_Eknl: 3.55289 + L_Div: 0.00000 + L_Morse: 1.11746
Epoch: 0 [9260/10000 (93%)] Unweighted L_s : L_Mnfld: 0.00060,  L_NonMnfld: 0.00582,  L_Nrml: 0.00000,  L_Eknl: 0.07106, L_Morse: 11.17459

Weights: [7000.0, 600.0, 0, 50.0, 0.0, 0.1], lr=5.000e-05
Epoch: 0 [9270/10000 (93%)] Loss: 12.41188 = L_Mnfld: 4.20345 + L_NonMnfld: 3.46596 + L_Nrml: 0.00000 + L_Eknl: 3.53015 + L_Div: 0.00000 + L_Morse: 1.21232
Epoch: 0 [9270/10000 (93%)] Unweighted L_s : L_Mnfld: 0.00060,  L_NonMnfld: 0.00578,  L_Nrml: 0.00000,  L_Eknl: 0.07060, L_Morse: 12.12318

Weights: [7000.0, 600.0, 0, 50.0, 0.0, 0.1], lr=5.000e-05
Epoch: 0 [9280/10000 (93%)] Loss: 12.86165 = L_Mnfld: 3.92883 + L_NonMnfld: 4.16267 + L_Nrml: 0.00000 + L_Eknl: 3.56753 + L_Div: 0.00000 + L_Morse: 1.20262
Epoch: 0 [9280/10000 (93%)] Unweighted L_s : L_Mnfld: 0.00056,  L_NonMnfld: 0.00694,  L_Nrml: 0.00000,  L_Eknl: 0.07135, L_Morse: 12.02619

Weights: [7000.0, 600.0, 0, 50.0, 0.0, 0.1], lr=5.000e-05
Epoch: 0 [9290/10000 (93%)] Loss: 12.06474 = L_Mnfld: 4.15800 + L_NonMnfld: 3.24591 + L_Nrml: 0.00000 + L_Eknl: 3.52008 + L_Div: 0.00000 + L_Morse: 1.14075
Epoch: 0 [9290/10000 (93%)] Unweighted L_s : L_Mnfld: 0.00059,  L_NonMnfld: 0.00541,  L_Nrml: 0.00000,  L_Eknl: 0.07040, L_Morse: 11.40747

Weights: [7000.0, 600.0, 0, 50.0, 0.0, 0.1], lr=5.000e-05
Epoch: 0 [9300/10000 (93%)] Loss: 13.12622 = L_Mnfld: 4.34947 + L_NonMnfld: 4.05916 + L_Nrml: 0.00000 + L_Eknl: 3.52770 + L_Div: 0.00000 + L_Morse: 1.18989
Epoch: 0 [9300/10000 (93%)] Unweighted L_s : L_Mnfld: 0.00062,  L_NonMnfld: 0.00677,  L_Nrml: 0.00000,  L_Eknl: 0.07055, L_Morse: 11.89893

Weights: [7000.0, 600.0, 0, 50.0, 0.0, 0.1], lr=5.000e-05
Epoch: 0 [9310/10000 (93%)] Loss: 13.28487 = L_Mnfld: 4.10958 + L_NonMnfld: 4.46234 + L_Nrml: 0.00000 + L_Eknl: 3.50280 + L_Div: 0.00000 + L_Morse: 1.21015
Epoch: 0 [9310/10000 (93%)] Unweighted L_s : L_Mnfld: 0.00059,  L_NonMnfld: 0.00744,  L_Nrml: 0.00000,  L_Eknl: 0.07006, L_Morse: 12.10154

Weights: [7000.0, 600.0, 0, 50.0, 0.0, 0.1], lr=5.000e-05
Epoch: 0 [9320/10000 (93%)] Loss: 12.65034 = L_Mnfld: 4.01740 + L_NonMnfld: 3.95615 + L_Nrml: 0.00000 + L_Eknl: 3.47976 + L_Div: 0.00000 + L_Morse: 1.19702
Epoch: 0 [9320/10000 (93%)] Unweighted L_s : L_Mnfld: 0.00057,  L_NonMnfld: 0.00659,  L_Nrml: 0.00000,  L_Eknl: 0.06960, L_Morse: 11.97024

Weights: [7000.0, 600.0, 0, 50.0, 0.0, 0.1], lr=5.000e-05
Epoch: 0 [9330/10000 (93%)] Loss: 13.38615 = L_Mnfld: 4.34626 + L_NonMnfld: 4.43837 + L_Nrml: 0.00000 + L_Eknl: 3.38680 + L_Div: 0.00000 + L_Morse: 1.21470
Epoch: 0 [9330/10000 (93%)] Unweighted L_s : L_Mnfld: 0.00062,  L_NonMnfld: 0.00740,  L_Nrml: 0.00000,  L_Eknl: 0.06774, L_Morse: 12.14705

Weights: [7000.0, 600.0, 0, 50.0, 0.0, 0.1], lr=5.000e-05
Epoch: 0 [9340/10000 (93%)] Loss: 11.67407 = L_Mnfld: 3.74347 + L_NonMnfld: 3.35329 + L_Nrml: 0.00000 + L_Eknl: 3.35788 + L_Div: 0.00000 + L_Morse: 1.21943
Epoch: 0 [9340/10000 (93%)] Unweighted L_s : L_Mnfld: 0.00053,  L_NonMnfld: 0.00559,  L_Nrml: 0.00000,  L_Eknl: 0.06716, L_Morse: 12.19431

Weights: [7000.0, 600.0, 0, 50.0, 0.0, 0.1], lr=5.000e-05
Epoch: 0 [9350/10000 (94%)] Loss: 12.78242 = L_Mnfld: 4.21127 + L_NonMnfld: 4.13087 + L_Nrml: 0.00000 + L_Eknl: 3.29226 + L_Div: 0.00000 + L_Morse: 1.14802
Epoch: 0 [9350/10000 (94%)] Unweighted L_s : L_Mnfld: 0.00060,  L_NonMnfld: 0.00688,  L_Nrml: 0.00000,  L_Eknl: 0.06585, L_Morse: 11.48018

Weights: [7000.0, 600.0, 0, 50.0, 0.0, 0.1], lr=5.000e-05
Epoch: 0 [9360/10000 (94%)] Loss: 12.81508 = L_Mnfld: 4.32430 + L_NonMnfld: 3.92139 + L_Nrml: 0.00000 + L_Eknl: 3.38698 + L_Div: 0.00000 + L_Morse: 1.18241
Epoch: 0 [9360/10000 (94%)] Unweighted L_s : L_Mnfld: 0.00062,  L_NonMnfld: 0.00654,  L_Nrml: 0.00000,  L_Eknl: 0.06774, L_Morse: 11.82408

Weights: [7000.0, 600.0, 0, 50.0, 0.0, 0.1], lr=5.000e-05
Epoch: 0 [9370/10000 (94%)] Loss: 12.46801 = L_Mnfld: 4.07869 + L_NonMnfld: 3.96933 + L_Nrml: 0.00000 + L_Eknl: 3.27746 + L_Div: 0.00000 + L_Morse: 1.14253
Epoch: 0 [9370/10000 (94%)] Unweighted L_s : L_Mnfld: 0.00058,  L_NonMnfld: 0.00662,  L_Nrml: 0.00000,  L_Eknl: 0.06555, L_Morse: 11.42533

Weights: [7000.0, 600.0, 0, 50.0, 0.0, 0.1], lr=5.000e-05
Epoch: 0 [9380/10000 (94%)] Loss: 12.75543 = L_Mnfld: 4.10395 + L_NonMnfld: 4.09740 + L_Nrml: 0.00000 + L_Eknl: 3.34153 + L_Div: 0.00000 + L_Morse: 1.21255
Epoch: 0 [9380/10000 (94%)] Unweighted L_s : L_Mnfld: 0.00059,  L_NonMnfld: 0.00683,  L_Nrml: 0.00000,  L_Eknl: 0.06683, L_Morse: 12.12551

Weights: [7000.0, 600.0, 0, 50.0, 0.0, 0.1], lr=5.000e-05
Epoch: 0 [9390/10000 (94%)] Loss: 12.22601 = L_Mnfld: 3.81181 + L_NonMnfld: 3.97909 + L_Nrml: 0.00000 + L_Eknl: 3.22382 + L_Div: 0.00000 + L_Morse: 1.21129
Epoch: 0 [9390/10000 (94%)] Unweighted L_s : L_Mnfld: 0.00054,  L_NonMnfld: 0.00663,  L_Nrml: 0.00000,  L_Eknl: 0.06448, L_Morse: 12.11285

Weights: [7000.0, 600.0, 0, 50.0, 0.0, 0.1], lr=5.000e-05
Epoch: 0 [9400/10000 (94%)] Loss: 11.58172 = L_Mnfld: 4.15859 + L_NonMnfld: 2.95538 + L_Nrml: 0.00000 + L_Eknl: 3.29526 + L_Div: 0.00000 + L_Morse: 1.17249
Epoch: 0 [9400/10000 (94%)] Unweighted L_s : L_Mnfld: 0.00059,  L_NonMnfld: 0.00493,  L_Nrml: 0.00000,  L_Eknl: 0.06591, L_Morse: 11.72487

Weights: [7000.0, 600.0, 0, 50.0, 0.0, 0.1], lr=5.000e-05
Epoch: 0 [9410/10000 (94%)] Loss: 12.03879 = L_Mnfld: 4.35505 + L_NonMnfld: 3.33778 + L_Nrml: 0.00000 + L_Eknl: 3.17603 + L_Div: 0.00000 + L_Morse: 1.16993
Epoch: 0 [9410/10000 (94%)] Unweighted L_s : L_Mnfld: 0.00062,  L_NonMnfld: 0.00556,  L_Nrml: 0.00000,  L_Eknl: 0.06352, L_Morse: 11.69932

Weights: [7000.0, 600.0, 0, 50.0, 0.0, 0.1], lr=5.000e-05
Epoch: 0 [9420/10000 (94%)] Loss: 12.92942 = L_Mnfld: 4.00507 + L_NonMnfld: 4.36230 + L_Nrml: 0.00000 + L_Eknl: 3.27537 + L_Div: 0.00000 + L_Morse: 1.28669
Epoch: 0 [9420/10000 (94%)] Unweighted L_s : L_Mnfld: 0.00057,  L_NonMnfld: 0.00727,  L_Nrml: 0.00000,  L_Eknl: 0.06551, L_Morse: 12.86686

Weights: [7000.0, 600.0, 0, 50.0, 0.0, 0.1], lr=5.000e-05
Epoch: 0 [9430/10000 (94%)] Loss: 12.40497 = L_Mnfld: 3.88731 + L_NonMnfld: 4.14782 + L_Nrml: 0.00000 + L_Eknl: 3.17062 + L_Div: 0.00000 + L_Morse: 1.19921
Epoch: 0 [9430/10000 (94%)] Unweighted L_s : L_Mnfld: 0.00056,  L_NonMnfld: 0.00691,  L_Nrml: 0.00000,  L_Eknl: 0.06341, L_Morse: 11.99212

Weights: [7000.0, 600.0, 0, 50.0, 0.0, 0.1], lr=5.000e-05
Epoch: 0 [9440/10000 (94%)] Loss: 12.63161 = L_Mnfld: 4.04463 + L_NonMnfld: 4.22800 + L_Nrml: 0.00000 + L_Eknl: 3.15199 + L_Div: 0.00000 + L_Morse: 1.20699
Epoch: 0 [9440/10000 (94%)] Unweighted L_s : L_Mnfld: 0.00058,  L_NonMnfld: 0.00705,  L_Nrml: 0.00000,  L_Eknl: 0.06304, L_Morse: 12.06990

Weights: [7000.0, 600.0, 0, 50.0, 0.0, 0.1], lr=5.000e-05
Epoch: 0 [9450/10000 (94%)] Loss: 11.97863 = L_Mnfld: 3.98247 + L_NonMnfld: 3.66746 + L_Nrml: 0.00000 + L_Eknl: 3.13609 + L_Div: 0.00000 + L_Morse: 1.19262
Epoch: 0 [9450/10000 (94%)] Unweighted L_s : L_Mnfld: 0.00057,  L_NonMnfld: 0.00611,  L_Nrml: 0.00000,  L_Eknl: 0.06272, L_Morse: 11.92619

Weights: [7000.0, 600.0, 0, 50.0, 0.0, 0.1], lr=5.000e-05
Epoch: 0 [9460/10000 (95%)] Loss: 12.82958 = L_Mnfld: 4.28992 + L_NonMnfld: 3.96150 + L_Nrml: 0.00000 + L_Eknl: 3.30326 + L_Div: 0.00000 + L_Morse: 1.27491
Epoch: 0 [9460/10000 (95%)] Unweighted L_s : L_Mnfld: 0.00061,  L_NonMnfld: 0.00660,  L_Nrml: 0.00000,  L_Eknl: 0.06607, L_Morse: 12.74906

Weights: [7000.0, 600.0, 0, 50.0, 0.0, 0.1], lr=5.000e-05
Epoch: 0 [9470/10000 (95%)] Loss: 13.06128 = L_Mnfld: 4.50718 + L_NonMnfld: 4.04899 + L_Nrml: 0.00000 + L_Eknl: 3.28097 + L_Div: 0.00000 + L_Morse: 1.22413
Epoch: 0 [9470/10000 (95%)] Unweighted L_s : L_Mnfld: 0.00064,  L_NonMnfld: 0.00675,  L_Nrml: 0.00000,  L_Eknl: 0.06562, L_Morse: 12.24131

Weights: [7000.0, 600.0, 0, 50.0, 0.0, 0.1], lr=5.000e-05
Epoch: 0 [9480/10000 (95%)] Loss: 12.98065 = L_Mnfld: 4.56715 + L_NonMnfld: 3.83823 + L_Nrml: 0.00000 + L_Eknl: 3.29472 + L_Div: 0.00000 + L_Morse: 1.28055
Epoch: 0 [9480/10000 (95%)] Unweighted L_s : L_Mnfld: 0.00065,  L_NonMnfld: 0.00640,  L_Nrml: 0.00000,  L_Eknl: 0.06589, L_Morse: 12.80551

Weights: [7000.0, 600.0, 0, 50.0, 0.0, 0.1], lr=5.000e-05
Epoch: 0 [9490/10000 (95%)] Loss: 14.08066 = L_Mnfld: 5.65694 + L_NonMnfld: 3.37705 + L_Nrml: 0.00000 + L_Eknl: 3.82777 + L_Div: 0.00000 + L_Morse: 1.21890
Epoch: 0 [9490/10000 (95%)] Unweighted L_s : L_Mnfld: 0.00081,  L_NonMnfld: 0.00563,  L_Nrml: 0.00000,  L_Eknl: 0.07656, L_Morse: 12.18898

Weights: [7000.0, 600.0, 0, 50.0, 0.0, 0.1], lr=5.000e-05
Epoch: 0 [9500/10000 (95%)] Loss: 15.93564 = L_Mnfld: 6.73107 + L_NonMnfld: 4.00848 + L_Nrml: 0.00000 + L_Eknl: 3.99133 + L_Div: 0.00000 + L_Morse: 1.20477
Epoch: 0 [9500/10000 (95%)] Unweighted L_s : L_Mnfld: 0.00096,  L_NonMnfld: 0.00668,  L_Nrml: 0.00000,  L_Eknl: 0.07983, L_Morse: 12.04770

Weights: [7000.0, 600.0, 0, 50.0, 0.0, 0.1], lr=5.000e-05
Epoch: 0 [9510/10000 (95%)] Loss: 19.27756 = L_Mnfld: 9.15279 + L_NonMnfld: 3.89286 + L_Nrml: 0.00000 + L_Eknl: 5.03515 + L_Div: 0.00000 + L_Morse: 1.19676
Epoch: 0 [9510/10000 (95%)] Unweighted L_s : L_Mnfld: 0.00131,  L_NonMnfld: 0.00649,  L_Nrml: 0.00000,  L_Eknl: 0.10070, L_Morse: 11.96755

Weights: [7000.0, 600.0, 0, 50.0, 0.0, 0.1], lr=5.000e-05
Epoch: 0 [9520/10000 (95%)] Loss: 16.07355 = L_Mnfld: 6.95349 + L_NonMnfld: 3.38036 + L_Nrml: 0.00000 + L_Eknl: 4.45246 + L_Div: 0.00000 + L_Morse: 1.28723
Epoch: 0 [9520/10000 (95%)] Unweighted L_s : L_Mnfld: 0.00099,  L_NonMnfld: 0.00563,  L_Nrml: 0.00000,  L_Eknl: 0.08905, L_Morse: 12.87235

Weights: [7000.0, 600.0, 0, 50.0, 0.0, 0.1], lr=5.000e-05
Epoch: 0 [9530/10000 (95%)] Loss: 14.02747 = L_Mnfld: 5.52649 + L_NonMnfld: 3.17549 + L_Nrml: 0.00000 + L_Eknl: 4.08434 + L_Div: 0.00000 + L_Morse: 1.24115
Epoch: 0 [9530/10000 (95%)] Unweighted L_s : L_Mnfld: 0.00079,  L_NonMnfld: 0.00529,  L_Nrml: 0.00000,  L_Eknl: 0.08169, L_Morse: 12.41147

Weights: [7000.0, 600.0, 0, 50.0, 0.0, 0.1], lr=5.000e-05
Epoch: 0 [9540/10000 (95%)] Loss: 14.29506 = L_Mnfld: 5.28474 + L_NonMnfld: 4.16272 + L_Nrml: 0.00000 + L_Eknl: 3.70431 + L_Div: 0.00000 + L_Morse: 1.14329
Epoch: 0 [9540/10000 (95%)] Unweighted L_s : L_Mnfld: 0.00075,  L_NonMnfld: 0.00694,  L_Nrml: 0.00000,  L_Eknl: 0.07409, L_Morse: 11.43293

Weights: [7000.0, 600.0, 0, 50.0, 0.0, 0.1], lr=5.000e-05
Epoch: 0 [9550/10000 (96%)] Loss: 13.37331 = L_Mnfld: 4.90680 + L_NonMnfld: 3.74409 + L_Nrml: 0.00000 + L_Eknl: 3.49293 + L_Div: 0.00000 + L_Morse: 1.22948
Epoch: 0 [9550/10000 (96%)] Unweighted L_s : L_Mnfld: 0.00070,  L_NonMnfld: 0.00624,  L_Nrml: 0.00000,  L_Eknl: 0.06986, L_Morse: 12.29478

Weights: [7000.0, 600.0, 0, 50.0, 0.0, 0.1], lr=5.000e-05
Epoch: 0 [9560/10000 (96%)] Loss: 14.01091 = L_Mnfld: 5.07215 + L_NonMnfld: 4.31761 + L_Nrml: 0.00000 + L_Eknl: 3.42059 + L_Div: 0.00000 + L_Morse: 1.20056
Epoch: 0 [9560/10000 (96%)] Unweighted L_s : L_Mnfld: 0.00072,  L_NonMnfld: 0.00720,  L_Nrml: 0.00000,  L_Eknl: 0.06841, L_Morse: 12.00560

Weights: [7000.0, 600.0, 0, 50.0, 0.0, 0.1], lr=5.000e-05
Epoch: 0 [9570/10000 (96%)] Loss: 12.74303 = L_Mnfld: 4.45478 + L_NonMnfld: 3.69903 + L_Nrml: 0.00000 + L_Eknl: 3.41104 + L_Div: 0.00000 + L_Morse: 1.17818
Epoch: 0 [9570/10000 (96%)] Unweighted L_s : L_Mnfld: 0.00064,  L_NonMnfld: 0.00617,  L_Nrml: 0.00000,  L_Eknl: 0.06822, L_Morse: 11.78180

Weights: [7000.0, 600.0, 0, 50.0, 0.0, 0.1], lr=5.000e-05
Epoch: 0 [9580/10000 (96%)] Loss: 12.44936 = L_Mnfld: 4.04122 + L_NonMnfld: 3.82979 + L_Nrml: 0.00000 + L_Eknl: 3.31963 + L_Div: 0.00000 + L_Morse: 1.25872
Epoch: 0 [9580/10000 (96%)] Unweighted L_s : L_Mnfld: 0.00058,  L_NonMnfld: 0.00638,  L_Nrml: 0.00000,  L_Eknl: 0.06639, L_Morse: 12.58718

Weights: [7000.0, 600.0, 0, 50.0, 0.0, 0.1], lr=5.000e-05
Epoch: 0 [9590/10000 (96%)] Loss: 11.86089 = L_Mnfld: 4.40558 + L_NonMnfld: 3.08350 + L_Nrml: 0.00000 + L_Eknl: 3.16529 + L_Div: 0.00000 + L_Morse: 1.20652
Epoch: 0 [9590/10000 (96%)] Unweighted L_s : L_Mnfld: 0.00063,  L_NonMnfld: 0.00514,  L_Nrml: 0.00000,  L_Eknl: 0.06331, L_Morse: 12.06521

Weights: [7000.0, 600.0, 0, 50.0, 0.0, 0.1], lr=5.000e-05
Epoch: 0 [9600/10000 (96%)] Loss: 12.10873 = L_Mnfld: 3.71634 + L_NonMnfld: 4.04245 + L_Nrml: 0.00000 + L_Eknl: 3.14349 + L_Div: 0.00000 + L_Morse: 1.20645
Epoch: 0 [9600/10000 (96%)] Unweighted L_s : L_Mnfld: 0.00053,  L_NonMnfld: 0.00674,  L_Nrml: 0.00000,  L_Eknl: 0.06287, L_Morse: 12.06453

Weights: [7000.0, 600.0, 0, 50.0, 0.0, 0.1], lr=5.000e-05
Epoch: 0 [9610/10000 (96%)] Loss: 12.77720 = L_Mnfld: 3.86536 + L_NonMnfld: 4.63895 + L_Nrml: 0.00000 + L_Eknl: 3.14231 + L_Div: 0.00000 + L_Morse: 1.13057
Epoch: 0 [9610/10000 (96%)] Unweighted L_s : L_Mnfld: 0.00055,  L_NonMnfld: 0.00773,  L_Nrml: 0.00000,  L_Eknl: 0.06285, L_Morse: 11.30572

Weights: [7000.0, 600.0, 0, 50.0, 0.0, 0.1], lr=5.000e-05
Epoch: 0 [9620/10000 (96%)] Loss: 10.97768 = L_Mnfld: 3.92013 + L_NonMnfld: 2.78293 + L_Nrml: 0.00000 + L_Eknl: 3.08015 + L_Div: 0.00000 + L_Morse: 1.19445
Epoch: 0 [9620/10000 (96%)] Unweighted L_s : L_Mnfld: 0.00056,  L_NonMnfld: 0.00464,  L_Nrml: 0.00000,  L_Eknl: 0.06160, L_Morse: 11.94453

Weights: [7000.0, 600.0, 0, 50.0, 0.0, 0.1], lr=5.000e-05
Epoch: 0 [9630/10000 (96%)] Loss: 11.80872 = L_Mnfld: 4.02561 + L_NonMnfld: 3.44815 + L_Nrml: 0.00000 + L_Eknl: 3.12172 + L_Div: 0.00000 + L_Morse: 1.21324
Epoch: 0 [9630/10000 (96%)] Unweighted L_s : L_Mnfld: 0.00058,  L_NonMnfld: 0.00575,  L_Nrml: 0.00000,  L_Eknl: 0.06243, L_Morse: 12.13238

Weights: [7000.0, 600.0, 0, 50.0, 0.0, 0.1], lr=5.000e-05
Epoch: 0 [9640/10000 (96%)] Loss: 12.19481 = L_Mnfld: 4.45951 + L_NonMnfld: 3.21045 + L_Nrml: 0.00000 + L_Eknl: 3.23676 + L_Div: 0.00000 + L_Morse: 1.28809
Epoch: 0 [9640/10000 (96%)] Unweighted L_s : L_Mnfld: 0.00064,  L_NonMnfld: 0.00535,  L_Nrml: 0.00000,  L_Eknl: 0.06474, L_Morse: 12.88095

Weights: [7000.0, 600.0, 0, 50.0, 0.0, 0.1], lr=5.000e-05
Epoch: 0 [9650/10000 (96%)] Loss: 12.84362 = L_Mnfld: 4.33566 + L_NonMnfld: 4.04470 + L_Nrml: 0.00000 + L_Eknl: 3.23943 + L_Div: 0.00000 + L_Morse: 1.22382
Epoch: 0 [9650/10000 (96%)] Unweighted L_s : L_Mnfld: 0.00062,  L_NonMnfld: 0.00674,  L_Nrml: 0.00000,  L_Eknl: 0.06479, L_Morse: 12.23822

Weights: [7000.0, 600.0, 0, 50.0, 0.0, 0.1], lr=5.000e-05
Epoch: 0 [9660/10000 (97%)] Loss: 12.38000 = L_Mnfld: 4.36714 + L_NonMnfld: 3.41844 + L_Nrml: 0.00000 + L_Eknl: 3.43697 + L_Div: 0.00000 + L_Morse: 1.15745
Epoch: 0 [9660/10000 (97%)] Unweighted L_s : L_Mnfld: 0.00062,  L_NonMnfld: 0.00570,  L_Nrml: 0.00000,  L_Eknl: 0.06874, L_Morse: 11.57451

Weights: [7000.0, 600.0, 0, 50.0, 0.0, 0.1], lr=5.000e-05
Epoch: 0 [9670/10000 (97%)] Loss: 12.70364 = L_Mnfld: 4.34452 + L_NonMnfld: 3.95191 + L_Nrml: 0.00000 + L_Eknl: 3.18070 + L_Div: 0.00000 + L_Morse: 1.22651
Epoch: 0 [9670/10000 (97%)] Unweighted L_s : L_Mnfld: 0.00062,  L_NonMnfld: 0.00659,  L_Nrml: 0.00000,  L_Eknl: 0.06361, L_Morse: 12.26506

Weights: [7000.0, 600.0, 0, 50.0, 0.0, 0.1], lr=5.000e-05
Epoch: 0 [9680/10000 (97%)] Loss: 12.10467 = L_Mnfld: 4.52824 + L_NonMnfld: 3.25219 + L_Nrml: 0.00000 + L_Eknl: 3.12896 + L_Div: 0.00000 + L_Morse: 1.19527
Epoch: 0 [9680/10000 (97%)] Unweighted L_s : L_Mnfld: 0.00065,  L_NonMnfld: 0.00542,  L_Nrml: 0.00000,  L_Eknl: 0.06258, L_Morse: 11.95274

Weights: [7000.0, 600.0, 0, 50.0, 0.0, 0.1], lr=5.000e-05
Epoch: 0 [9690/10000 (97%)] Loss: 13.61002 = L_Mnfld: 5.15497 + L_NonMnfld: 3.88013 + L_Nrml: 0.00000 + L_Eknl: 3.35025 + L_Div: 0.00000 + L_Morse: 1.22467
Epoch: 0 [9690/10000 (97%)] Unweighted L_s : L_Mnfld: 0.00074,  L_NonMnfld: 0.00647,  L_Nrml: 0.00000,  L_Eknl: 0.06700, L_Morse: 12.24668

Weights: [7000.0, 600.0, 0, 50.0, 0.0, 0.1], lr=5.000e-05
Epoch: 0 [9700/10000 (97%)] Loss: 13.37589 = L_Mnfld: 4.90034 + L_NonMnfld: 4.01350 + L_Nrml: 0.00000 + L_Eknl: 3.24619 + L_Div: 0.00000 + L_Morse: 1.21587
Epoch: 0 [9700/10000 (97%)] Unweighted L_s : L_Mnfld: 0.00070,  L_NonMnfld: 0.00669,  L_Nrml: 0.00000,  L_Eknl: 0.06492, L_Morse: 12.15866

Weights: [7000.0, 600.0, 0, 50.0, 0.0, 0.1], lr=5.000e-05
Epoch: 0 [9710/10000 (97%)] Loss: 13.51492 = L_Mnfld: 4.89780 + L_NonMnfld: 4.03233 + L_Nrml: 0.00000 + L_Eknl: 3.41393 + L_Div: 0.00000 + L_Morse: 1.17087
Epoch: 0 [9710/10000 (97%)] Unweighted L_s : L_Mnfld: 0.00070,  L_NonMnfld: 0.00672,  L_Nrml: 0.00000,  L_Eknl: 0.06828, L_Morse: 11.70866

Weights: [7000.0, 600.0, 0, 50.0, 0.0, 0.1], lr=5.000e-05
Epoch: 0 [9720/10000 (97%)] Loss: 11.96874 = L_Mnfld: 4.21838 + L_NonMnfld: 3.13564 + L_Nrml: 0.00000 + L_Eknl: 3.29881 + L_Div: 0.00000 + L_Morse: 1.31591
Epoch: 0 [9720/10000 (97%)] Unweighted L_s : L_Mnfld: 0.00060,  L_NonMnfld: 0.00523,  L_Nrml: 0.00000,  L_Eknl: 0.06598, L_Morse: 13.15912

Weights: [7000.0, 600.0, 0, 50.0, 0.0, 0.1], lr=5.000e-05
Epoch: 0 [9730/10000 (97%)] Loss: 13.39044 = L_Mnfld: 4.68043 + L_NonMnfld: 4.24751 + L_Nrml: 0.00000 + L_Eknl: 3.28168 + L_Div: 0.00000 + L_Morse: 1.18083
Epoch: 0 [9730/10000 (97%)] Unweighted L_s : L_Mnfld: 0.00067,  L_NonMnfld: 0.00708,  L_Nrml: 0.00000,  L_Eknl: 0.06563, L_Morse: 11.80828

Weights: [7000.0, 600.0, 0, 50.0, 0.0, 0.1], lr=5.000e-05
Epoch: 0 [9740/10000 (97%)] Loss: 12.73760 = L_Mnfld: 4.27579 + L_NonMnfld: 3.91922 + L_Nrml: 0.00000 + L_Eknl: 3.26260 + L_Div: 0.00000 + L_Morse: 1.27999
Epoch: 0 [9740/10000 (97%)] Unweighted L_s : L_Mnfld: 0.00061,  L_NonMnfld: 0.00653,  L_Nrml: 0.00000,  L_Eknl: 0.06525, L_Morse: 12.79990

Weights: [7000.0, 600.0, 0, 50.0, 0.0, 0.1], lr=5.000e-05
Epoch: 0 [9750/10000 (98%)] Loss: 12.43017 = L_Mnfld: 4.52981 + L_NonMnfld: 3.44286 + L_Nrml: 0.00000 + L_Eknl: 3.23726 + L_Div: 0.00000 + L_Morse: 1.22025
Epoch: 0 [9750/10000 (98%)] Unweighted L_s : L_Mnfld: 0.00065,  L_NonMnfld: 0.00574,  L_Nrml: 0.00000,  L_Eknl: 0.06475, L_Morse: 12.20250

Weights: [7000.0, 600.0, 0, 50.0, 0.0, 0.1], lr=5.000e-05
Epoch: 0 [9760/10000 (98%)] Loss: 11.98659 = L_Mnfld: 4.21293 + L_NonMnfld: 3.40959 + L_Nrml: 0.00000 + L_Eknl: 3.17688 + L_Div: 0.00000 + L_Morse: 1.18720
Epoch: 0 [9760/10000 (98%)] Unweighted L_s : L_Mnfld: 0.00060,  L_NonMnfld: 0.00568,  L_Nrml: 0.00000,  L_Eknl: 0.06354, L_Morse: 11.87200

Weights: [7000.0, 600.0, 0, 50.0, 0.0, 0.1], lr=5.000e-05
Epoch: 0 [9770/10000 (98%)] Loss: 11.94240 = L_Mnfld: 4.02550 + L_NonMnfld: 3.56337 + L_Nrml: 0.00000 + L_Eknl: 3.14184 + L_Div: 0.00000 + L_Morse: 1.21169
Epoch: 0 [9770/10000 (98%)] Unweighted L_s : L_Mnfld: 0.00058,  L_NonMnfld: 0.00594,  L_Nrml: 0.00000,  L_Eknl: 0.06284, L_Morse: 12.11688

Weights: [7000.0, 600.0, 0, 50.0, 0.0, 0.1], lr=5.000e-05
Epoch: 0 [9780/10000 (98%)] Loss: 12.43242 = L_Mnfld: 4.14312 + L_NonMnfld: 3.88197 + L_Nrml: 0.00000 + L_Eknl: 3.10711 + L_Div: 0.00000 + L_Morse: 1.30023
Epoch: 0 [9780/10000 (98%)] Unweighted L_s : L_Mnfld: 0.00059,  L_NonMnfld: 0.00647,  L_Nrml: 0.00000,  L_Eknl: 0.06214, L_Morse: 13.00227

Weights: [7000.0, 600.0, 0, 50.0, 0.0, 0.1], lr=5.000e-05
Epoch: 0 [9790/10000 (98%)] Loss: 12.94852 = L_Mnfld: 3.94667 + L_NonMnfld: 4.49076 + L_Nrml: 0.00000 + L_Eknl: 3.21363 + L_Div: 0.00000 + L_Morse: 1.29746
Epoch: 0 [9790/10000 (98%)] Unweighted L_s : L_Mnfld: 0.00056,  L_NonMnfld: 0.00748,  L_Nrml: 0.00000,  L_Eknl: 0.06427, L_Morse: 12.97459

Weights: [7000.0, 600.0, 0, 50.0, 0.0, 0.1], lr=5.000e-05
Epoch: 0 [9800/10000 (98%)] Loss: 12.28976 = L_Mnfld: 3.88237 + L_NonMnfld: 3.89623 + L_Nrml: 0.00000 + L_Eknl: 3.21713 + L_Div: 0.00000 + L_Morse: 1.29404
Epoch: 0 [9800/10000 (98%)] Unweighted L_s : L_Mnfld: 0.00055,  L_NonMnfld: 0.00649,  L_Nrml: 0.00000,  L_Eknl: 0.06434, L_Morse: 12.94043

Weights: [7000.0, 600.0, 0, 50.0, 0.0, 0.1], lr=5.000e-05
Epoch: 0 [9810/10000 (98%)] Loss: 12.41334 = L_Mnfld: 4.57018 + L_NonMnfld: 3.47105 + L_Nrml: 0.00000 + L_Eknl: 3.16343 + L_Div: 0.00000 + L_Morse: 1.20868
Epoch: 0 [9810/10000 (98%)] Unweighted L_s : L_Mnfld: 0.00065,  L_NonMnfld: 0.00579,  L_Nrml: 0.00000,  L_Eknl: 0.06327, L_Morse: 12.08684

Weights: [7000.0, 600.0, 0, 50.0, 0.0, 0.1], lr=5.000e-05
Epoch: 0 [9820/10000 (98%)] Loss: 13.09433 = L_Mnfld: 5.09196 + L_NonMnfld: 3.39801 + L_Nrml: 0.00000 + L_Eknl: 3.36576 + L_Div: 0.00000 + L_Morse: 1.23859
Epoch: 0 [9820/10000 (98%)] Unweighted L_s : L_Mnfld: 0.00073,  L_NonMnfld: 0.00566,  L_Nrml: 0.00000,  L_Eknl: 0.06732, L_Morse: 12.38593

Weights: [7000.0, 600.0, 0, 50.0, 0.0, 0.1], lr=5.000e-05
Epoch: 0 [9830/10000 (98%)] Loss: 13.06761 = L_Mnfld: 4.72879 + L_NonMnfld: 3.84663 + L_Nrml: 0.00000 + L_Eknl: 3.32461 + L_Div: 0.00000 + L_Morse: 1.16758
Epoch: 0 [9830/10000 (98%)] Unweighted L_s : L_Mnfld: 0.00068,  L_NonMnfld: 0.00641,  L_Nrml: 0.00000,  L_Eknl: 0.06649, L_Morse: 11.67582

Weights: [7000.0, 600.0, 0, 50.0, 0.0, 0.1], lr=5.000e-05
Epoch: 0 [9840/10000 (98%)] Loss: 14.12658 = L_Mnfld: 5.04900 + L_NonMnfld: 4.43887 + L_Nrml: 0.00000 + L_Eknl: 3.40745 + L_Div: 0.00000 + L_Morse: 1.23124
Epoch: 0 [9840/10000 (98%)] Unweighted L_s : L_Mnfld: 0.00072,  L_NonMnfld: 0.00740,  L_Nrml: 0.00000,  L_Eknl: 0.06815, L_Morse: 12.31244

Weights: [7000.0, 600.0, 0, 50.0, 0.0, 0.1], lr=5.000e-05
Epoch: 0 [9850/10000 (98%)] Loss: 12.47444 = L_Mnfld: 4.55860 + L_NonMnfld: 3.19629 + L_Nrml: 0.00000 + L_Eknl: 3.49499 + L_Div: 0.00000 + L_Morse: 1.22457
Epoch: 0 [9850/10000 (98%)] Unweighted L_s : L_Mnfld: 0.00065,  L_NonMnfld: 0.00533,  L_Nrml: 0.00000,  L_Eknl: 0.06990, L_Morse: 12.24570

Weights: [7000.0, 600.0, 0, 50.0, 0.0, 0.1], lr=5.000e-05
Epoch: 0 [9860/10000 (99%)] Loss: 12.72771 = L_Mnfld: 4.69283 + L_NonMnfld: 3.39167 + L_Nrml: 0.00000 + L_Eknl: 3.35056 + L_Div: 0.00000 + L_Morse: 1.29265
Epoch: 0 [9860/10000 (99%)] Unweighted L_s : L_Mnfld: 0.00067,  L_NonMnfld: 0.00565,  L_Nrml: 0.00000,  L_Eknl: 0.06701, L_Morse: 12.92650

Weights: [7000.0, 600.0, 0, 50.0, 0.0, 0.1], lr=5.000e-05
Epoch: 0 [9870/10000 (99%)] Loss: 13.47026 = L_Mnfld: 5.16159 + L_NonMnfld: 3.83350 + L_Nrml: 0.00000 + L_Eknl: 3.22073 + L_Div: 0.00000 + L_Morse: 1.25444
Epoch: 0 [9870/10000 (99%)] Unweighted L_s : L_Mnfld: 0.00074,  L_NonMnfld: 0.00639,  L_Nrml: 0.00000,  L_Eknl: 0.06441, L_Morse: 12.54443

Weights: [7000.0, 600.0, 0, 50.0, 0.0, 0.1], lr=5.000e-05
Epoch: 0 [9880/10000 (99%)] Loss: 13.48154 = L_Mnfld: 4.65924 + L_NonMnfld: 4.29990 + L_Nrml: 0.00000 + L_Eknl: 3.25483 + L_Div: 0.00000 + L_Morse: 1.26758
Epoch: 0 [9880/10000 (99%)] Unweighted L_s : L_Mnfld: 0.00067,  L_NonMnfld: 0.00717,  L_Nrml: 0.00000,  L_Eknl: 0.06510, L_Morse: 12.67576

Weights: [7000.0, 600.0, 0, 50.0, 0.0, 0.1], lr=5.000e-05
Epoch: 0 [9890/10000 (99%)] Loss: 15.01244 = L_Mnfld: 6.03121 + L_NonMnfld: 4.15538 + L_Nrml: 0.00000 + L_Eknl: 3.60554 + L_Div: 0.00000 + L_Morse: 1.22031
Epoch: 0 [9890/10000 (99%)] Unweighted L_s : L_Mnfld: 0.00086,  L_NonMnfld: 0.00693,  L_Nrml: 0.00000,  L_Eknl: 0.07211, L_Morse: 12.20311

Weights: [7000.0, 600.0, 0, 50.0, 0.0, 0.1], lr=5.000e-05
Epoch: 0 [9900/10000 (99%)] Loss: 15.09083 = L_Mnfld: 5.82383 + L_NonMnfld: 4.41200 + L_Nrml: 0.00000 + L_Eknl: 3.63581 + L_Div: 0.00000 + L_Morse: 1.21918
Epoch: 0 [9900/10000 (99%)] Unweighted L_s : L_Mnfld: 0.00083,  L_NonMnfld: 0.00735,  L_Nrml: 0.00000,  L_Eknl: 0.07272, L_Morse: 12.19184

Weights: [7000.0, 600.0, 0, 50.0, 0.0, 0.1], lr=5.000e-05
Epoch: 0 [9910/10000 (99%)] Loss: 15.61512 = L_Mnfld: 6.31257 + L_NonMnfld: 4.27386 + L_Nrml: 0.00000 + L_Eknl: 3.73575 + L_Div: 0.00000 + L_Morse: 1.29295
Epoch: 0 [9910/10000 (99%)] Unweighted L_s : L_Mnfld: 0.00090,  L_NonMnfld: 0.00712,  L_Nrml: 0.00000,  L_Eknl: 0.07471, L_Morse: 12.92945

Weights: [7000.0, 600.0, 0, 50.0, 0.0, 0.1], lr=5.000e-05
Epoch: 0 [9920/10000 (99%)] Loss: 14.32471 = L_Mnfld: 5.61078 + L_NonMnfld: 3.89060 + L_Nrml: 0.00000 + L_Eknl: 3.62456 + L_Div: 0.00000 + L_Morse: 1.19877
Epoch: 0 [9920/10000 (99%)] Unweighted L_s : L_Mnfld: 0.00080,  L_NonMnfld: 0.00648,  L_Nrml: 0.00000,  L_Eknl: 0.07249, L_Morse: 11.98769

Weights: [7000.0, 600.0, 0, 50.0, 0.0, 0.1], lr=5.000e-05
Epoch: 0 [9930/10000 (99%)] Loss: 14.33203 = L_Mnfld: 5.27719 + L_NonMnfld: 4.33706 + L_Nrml: 0.00000 + L_Eknl: 3.57688 + L_Div: 0.00000 + L_Morse: 1.14090
Epoch: 0 [9930/10000 (99%)] Unweighted L_s : L_Mnfld: 0.00075,  L_NonMnfld: 0.00723,  L_Nrml: 0.00000,  L_Eknl: 0.07154, L_Morse: 11.40898

Weights: [7000.0, 600.0, 0, 50.0, 0.0, 0.1], lr=5.000e-05
Epoch: 0 [9940/10000 (99%)] Loss: 13.44268 = L_Mnfld: 4.91261 + L_NonMnfld: 4.06686 + L_Nrml: 0.00000 + L_Eknl: 3.28941 + L_Div: 0.00000 + L_Morse: 1.17380
Epoch: 0 [9940/10000 (99%)] Unweighted L_s : L_Mnfld: 0.00070,  L_NonMnfld: 0.00678,  L_Nrml: 0.00000,  L_Eknl: 0.06579, L_Morse: 11.73802

Weights: [7000.0, 600.0, 0, 50.0, 0.0, 0.1], lr=5.000e-05
Epoch: 0 [9950/10000 (100%)] Loss: 12.62613 = L_Mnfld: 4.32819 + L_NonMnfld: 3.80831 + L_Nrml: 0.00000 + L_Eknl: 3.21009 + L_Div: 0.00000 + L_Morse: 1.27954
Epoch: 0 [9950/10000 (100%)] Unweighted L_s : L_Mnfld: 0.00062,  L_NonMnfld: 0.00635,  L_Nrml: 0.00000,  L_Eknl: 0.06420, L_Morse: 12.79542

Weights: [7000.0, 600.0, 0, 50.0, 0.0, 0.1], lr=5.000e-05
Epoch: 0 [9960/10000 (100%)] Loss: 12.39042 = L_Mnfld: 4.30354 + L_NonMnfld: 3.77199 + L_Nrml: 0.00000 + L_Eknl: 3.14661 + L_Div: 0.00000 + L_Morse: 1.16829
Epoch: 0 [9960/10000 (100%)] Unweighted L_s : L_Mnfld: 0.00061,  L_NonMnfld: 0.00629,  L_Nrml: 0.00000,  L_Eknl: 0.06293, L_Morse: 11.68287

Weights: [7000.0, 600.0, 0, 50.0, 0.0, 0.1], lr=5.000e-05
Epoch: 0 [9970/10000 (100%)] Loss: 13.39555 = L_Mnfld: 5.23853 + L_NonMnfld: 3.50195 + L_Nrml: 0.00000 + L_Eknl: 3.33652 + L_Div: 0.00000 + L_Morse: 1.31854
Epoch: 0 [9970/10000 (100%)] Unweighted L_s : L_Mnfld: 0.00075,  L_NonMnfld: 0.00584,  L_Nrml: 0.00000,  L_Eknl: 0.06673, L_Morse: 13.18544

Weights: [7000.0, 600.0, 0, 50.0, 0.0, 0.1], lr=5.000e-05
Epoch: 0 [9980/10000 (100%)] Loss: 14.71511 = L_Mnfld: 6.10765 + L_NonMnfld: 3.85378 + L_Nrml: 0.00000 + L_Eknl: 3.51803 + L_Div: 0.00000 + L_Morse: 1.23564
Epoch: 0 [9980/10000 (100%)] Unweighted L_s : L_Mnfld: 0.00087,  L_NonMnfld: 0.00642,  L_Nrml: 0.00000,  L_Eknl: 0.07036, L_Morse: 12.35643

Weights: [7000.0, 600.0, 0, 50.0, 0.0, 0.1], lr=5.000e-05
Epoch: 0 [9990/10000 (100%)] Loss: 15.68378 = L_Mnfld: 6.82075 + L_NonMnfld: 3.66837 + L_Nrml: 0.00000 + L_Eknl: 3.97554 + L_Div: 0.00000 + L_Morse: 1.21911
Epoch: 0 [9990/10000 (100%)] Unweighted L_s : L_Mnfld: 0.00097,  L_NonMnfld: 0.00611,  L_Nrml: 0.00000,  L_Eknl: 0.07951, L_Morse: 12.19111

