input params: 
Namespace(logdir='./new_log/CAD_CG_2025', model_name='model', seed=3627473, data_path='../../../ABC/00025722_6fe81cf35e2740b3bbde9aa6_trimesh_032.ply', mesh_dir='/home/runqiao/rotate_input/gt', n_samples=10000, n_points=10000, grid_res=128, nonmnfld_sample_type='gaussian', num_epochs=1, lr=5e-05, grad_clip_norm=10.0, batch_size=1, load_path=None, init_type='siren', decoder_hidden_dim=256, decoder_n_hidden_layers=4, latent_size=0, nl='sine', sphere_init_params=[1.6, 0.1], udf=False, output_any=True, loss_type='siren_wo_n_w_morse', decay_params=[10.0, 0.2, 10.0, 0.5, 0.1, 0.1], morse_type='l1', morse_decay='linear', loss_weights=[7000.0, 600.0, 100.0, 50.0, 0.0, 3.0], bidirectional_morse=False, morse_near=True, weight_for_morse=False, use_morse_nonmnfld_grad=False, use_relax_eikonal=False)
Number of parameters in the current model:264449
Weights: [7000.0, 600.0, 0, 50.0, 0.0, 3.0], lr=5.000e-05
Epoch: 0 [   0/10000 (0%)] Loss: 685.86395 = L_Mnfld: 631.28442 + L_NonMnfld: 0.46025 + L_Nrml: 0.00000 + L_Eknl: 34.70607 + L_Div: 0.00000 + L_Morse: 19.41322
Epoch: 0 [   0/10000 (0%)] Unweighted L_s : L_Mnfld: 0.09018,  L_NonMnfld: 0.00077,  L_Nrml: 0.00000,  L_Eknl: 0.69412, L_Morse: 6.47107

Weights: [7000.0, 600.0, 0, 50.0, 0.0, 10.0], lr=5.000e-05
Epoch: 0 [  10/10000 (0%)] Loss: 306.24310 = L_Mnfld: 108.61817 + L_NonMnfld: 113.99133 + L_Nrml: 0.00000 + L_Eknl: 37.06277 + L_Div: 0.00000 + L_Morse: 46.57083
Epoch: 0 [  10/10000 (0%)] Unweighted L_s : L_Mnfld: 0.01552,  L_NonMnfld: 0.18999,  L_Nrml: 0.00000,  L_Eknl: 0.74126, L_Morse: 4.65708

Weights: [7000.0, 600.0, 0, 50.0, 0.0, 10.0], lr=5.000e-05
Epoch: 0 [  20/10000 (0%)] Loss: 205.92934 = L_Mnfld: 67.29144 + L_NonMnfld: 63.42854 + L_Nrml: 0.00000 + L_Eknl: 36.21406 + L_Div: 0.00000 + L_Morse: 38.99529
Epoch: 0 [  20/10000 (0%)] Unweighted L_s : L_Mnfld: 0.00961,  L_NonMnfld: 0.10571,  L_Nrml: 0.00000,  L_Eknl: 0.72428, L_Morse: 3.89953

Weights: [7000.0, 600.0, 0, 50.0, 0.0, 10.0], lr=5.000e-05
Epoch: 0 [  30/10000 (0%)] Loss: 144.57681 = L_Mnfld: 40.25838 + L_NonMnfld: 40.16223 + L_Nrml: 0.00000 + L_Eknl: 36.84272 + L_Div: 0.00000 + L_Morse: 27.31348
Epoch: 0 [  30/10000 (0%)] Unweighted L_s : L_Mnfld: 0.00575,  L_NonMnfld: 0.06694,  L_Nrml: 0.00000,  L_Eknl: 0.73685, L_Morse: 2.73135

Weights: [7000.0, 600.0, 0, 50.0, 0.0, 10.0], lr=5.000e-05
Epoch: 0 [  40/10000 (0%)] Loss: 154.27197 = L_Mnfld: 75.34200 + L_NonMnfld: 21.87332 + L_Nrml: 0.00000 + L_Eknl: 35.92126 + L_Div: 0.00000 + L_Morse: 21.13541
Epoch: 0 [  40/10000 (0%)] Unweighted L_s : L_Mnfld: 0.01076,  L_NonMnfld: 0.03646,  L_Nrml: 0.00000,  L_Eknl: 0.71843, L_Morse: 2.11354

Weights: [7000.0, 600.0, 0, 50.0, 0.0, 10.0], lr=5.000e-05
Epoch: 0 [  50/10000 (0%)] Loss: 157.90388 = L_Mnfld: 62.45769 + L_NonMnfld: 43.36761 + L_Nrml: 0.00000 + L_Eknl: 35.93768 + L_Div: 0.00000 + L_Morse: 16.14092
Epoch: 0 [  50/10000 (0%)] Unweighted L_s : L_Mnfld: 0.00892,  L_NonMnfld: 0.07228,  L_Nrml: 0.00000,  L_Eknl: 0.71875, L_Morse: 1.61409

Weights: [7000.0, 600.0, 0, 50.0, 0.0, 10.0], lr=5.000e-05
Epoch: 0 [  60/10000 (1%)] Loss: 133.22699 = L_Mnfld: 58.24945 + L_NonMnfld: 25.15657 + L_Nrml: 0.00000 + L_Eknl: 34.81494 + L_Div: 0.00000 + L_Morse: 15.00604
Epoch: 0 [  60/10000 (1%)] Unweighted L_s : L_Mnfld: 0.00832,  L_NonMnfld: 0.04193,  L_Nrml: 0.00000,  L_Eknl: 0.69630, L_Morse: 1.50060

Weights: [7000.0, 600.0, 0, 50.0, 0.0, 10.0], lr=5.000e-05
Epoch: 0 [  70/10000 (1%)] Loss: 118.57953 = L_Mnfld: 45.13683 + L_NonMnfld: 25.69126 + L_Nrml: 0.00000 + L_Eknl: 34.08470 + L_Div: 0.00000 + L_Morse: 13.66673
Epoch: 0 [  70/10000 (1%)] Unweighted L_s : L_Mnfld: 0.00645,  L_NonMnfld: 0.04282,  L_Nrml: 0.00000,  L_Eknl: 0.68169, L_Morse: 1.36667

Weights: [7000.0, 600.0, 0, 50.0, 0.0, 10.0], lr=5.000e-05
Epoch: 0 [  80/10000 (1%)] Loss: 134.02032 = L_Mnfld: 50.80448 + L_NonMnfld: 37.04501 + L_Nrml: 0.00000 + L_Eknl: 33.56063 + L_Div: 0.00000 + L_Morse: 12.61019
Epoch: 0 [  80/10000 (1%)] Unweighted L_s : L_Mnfld: 0.00726,  L_NonMnfld: 0.06174,  L_Nrml: 0.00000,  L_Eknl: 0.67121, L_Morse: 1.26102

Weights: [7000.0, 600.0, 0, 50.0, 0.0, 10.0], lr=5.000e-05
Epoch: 0 [  90/10000 (1%)] Loss: 113.91557 = L_Mnfld: 40.56655 + L_NonMnfld: 28.72581 + L_Nrml: 0.00000 + L_Eknl: 32.91280 + L_Div: 0.00000 + L_Morse: 11.71040
Epoch: 0 [  90/10000 (1%)] Unweighted L_s : L_Mnfld: 0.00580,  L_NonMnfld: 0.04788,  L_Nrml: 0.00000,  L_Eknl: 0.65826, L_Morse: 1.17104

Weights: [7000.0, 600.0, 0, 50.0, 0.0, 10.0], lr=5.000e-05
Epoch: 0 [ 100/10000 (1%)] Loss: 106.99032 = L_Mnfld: 38.08067 + L_NonMnfld: 25.55673 + L_Nrml: 0.00000 + L_Eknl: 31.58172 + L_Div: 0.00000 + L_Morse: 11.77119
Epoch: 0 [ 100/10000 (1%)] Unweighted L_s : L_Mnfld: 0.00544,  L_NonMnfld: 0.04259,  L_Nrml: 0.00000,  L_Eknl: 0.63163, L_Morse: 1.17712

Weights: [7000.0, 600.0, 0, 50.0, 0.0, 10.0], lr=5.000e-05
Epoch: 0 [ 110/10000 (1%)] Loss: 126.98027 = L_Mnfld: 50.35608 + L_NonMnfld: 34.59842 + L_Nrml: 0.00000 + L_Eknl: 31.21393 + L_Div: 0.00000 + L_Morse: 10.81185
Epoch: 0 [ 110/10000 (1%)] Unweighted L_s : L_Mnfld: 0.00719,  L_NonMnfld: 0.05766,  L_Nrml: 0.00000,  L_Eknl: 0.62428, L_Morse: 1.08118

Weights: [7000.0, 600.0, 0, 50.0, 0.0, 10.0], lr=5.000e-05
Epoch: 0 [ 120/10000 (1%)] Loss: 94.62340 = L_Mnfld: 27.26220 + L_NonMnfld: 26.05266 + L_Nrml: 0.00000 + L_Eknl: 29.89945 + L_Div: 0.00000 + L_Morse: 11.40908
Epoch: 0 [ 120/10000 (1%)] Unweighted L_s : L_Mnfld: 0.00389,  L_NonMnfld: 0.04342,  L_Nrml: 0.00000,  L_Eknl: 0.59799, L_Morse: 1.14091

Weights: [7000.0, 600.0, 0, 50.0, 0.0, 10.0], lr=5.000e-05
Epoch: 0 [ 130/10000 (1%)] Loss: 106.04507 = L_Mnfld: 41.03049 + L_NonMnfld: 23.85879 + L_Nrml: 0.00000 + L_Eknl: 28.41830 + L_Div: 0.00000 + L_Morse: 12.73749
Epoch: 0 [ 130/10000 (1%)] Unweighted L_s : L_Mnfld: 0.00586,  L_NonMnfld: 0.03976,  L_Nrml: 0.00000,  L_Eknl: 0.56837, L_Morse: 1.27375

Weights: [7000.0, 600.0, 0, 50.0, 0.0, 10.0], lr=5.000e-05
Epoch: 0 [ 140/10000 (1%)] Loss: 114.97235 = L_Mnfld: 46.91828 + L_NonMnfld: 27.91612 + L_Nrml: 0.00000 + L_Eknl: 28.49990 + L_Div: 0.00000 + L_Morse: 11.63805
Epoch: 0 [ 140/10000 (1%)] Unweighted L_s : L_Mnfld: 0.00670,  L_NonMnfld: 0.04653,  L_Nrml: 0.00000,  L_Eknl: 0.57000, L_Morse: 1.16381

Weights: [7000.0, 600.0, 0, 50.0, 0.0, 10.0], lr=5.000e-05
Epoch: 0 [ 150/10000 (2%)] Loss: 91.70905 = L_Mnfld: 24.35673 + L_NonMnfld: 27.74476 + L_Nrml: 0.00000 + L_Eknl: 27.60727 + L_Div: 0.00000 + L_Morse: 12.00029
Epoch: 0 [ 150/10000 (2%)] Unweighted L_s : L_Mnfld: 0.00348,  L_NonMnfld: 0.04624,  L_Nrml: 0.00000,  L_Eknl: 0.55215, L_Morse: 1.20003

Weights: [7000.0, 600.0, 0, 50.0, 0.0, 10.0], lr=5.000e-05
Epoch: 0 [ 160/10000 (2%)] Loss: 99.10282 = L_Mnfld: 35.71655 + L_NonMnfld: 24.42376 + L_Nrml: 0.00000 + L_Eknl: 26.52445 + L_Div: 0.00000 + L_Morse: 12.43806
Epoch: 0 [ 160/10000 (2%)] Unweighted L_s : L_Mnfld: 0.00510,  L_NonMnfld: 0.04071,  L_Nrml: 0.00000,  L_Eknl: 0.53049, L_Morse: 1.24381

Weights: [7000.0, 600.0, 0, 50.0, 0.0, 10.0], lr=5.000e-05
Epoch: 0 [ 170/10000 (2%)] Loss: 105.47533 = L_Mnfld: 40.02956 + L_NonMnfld: 27.27800 + L_Nrml: 0.00000 + L_Eknl: 26.17313 + L_Div: 0.00000 + L_Morse: 11.99463
Epoch: 0 [ 170/10000 (2%)] Unweighted L_s : L_Mnfld: 0.00572,  L_NonMnfld: 0.04546,  L_Nrml: 0.00000,  L_Eknl: 0.52346, L_Morse: 1.19946

Weights: [7000.0, 600.0, 0, 50.0, 0.0, 10.0], lr=5.000e-05
Epoch: 0 [ 180/10000 (2%)] Loss: 87.99236 = L_Mnfld: 24.91377 + L_NonMnfld: 25.52283 + L_Nrml: 0.00000 + L_Eknl: 24.99339 + L_Div: 0.00000 + L_Morse: 12.56238
Epoch: 0 [ 180/10000 (2%)] Unweighted L_s : L_Mnfld: 0.00356,  L_NonMnfld: 0.04254,  L_Nrml: 0.00000,  L_Eknl: 0.49987, L_Morse: 1.25624

Weights: [7000.0, 600.0, 0, 50.0, 0.0, 10.0], lr=5.000e-05
Epoch: 0 [ 190/10000 (2%)] Loss: 91.86609 = L_Mnfld: 33.08174 + L_NonMnfld: 21.64046 + L_Nrml: 0.00000 + L_Eknl: 24.27677 + L_Div: 0.00000 + L_Morse: 12.86711
Epoch: 0 [ 190/10000 (2%)] Unweighted L_s : L_Mnfld: 0.00473,  L_NonMnfld: 0.03607,  L_Nrml: 0.00000,  L_Eknl: 0.48554, L_Morse: 1.28671

Weights: [7000.0, 600.0, 0, 50.0, 0.0, 10.0], lr=5.000e-05
Epoch: 0 [ 200/10000 (2%)] Loss: 98.36398 = L_Mnfld: 35.68788 + L_NonMnfld: 26.43975 + L_Nrml: 0.00000 + L_Eknl: 24.08961 + L_Div: 0.00000 + L_Morse: 12.14674
Epoch: 0 [ 200/10000 (2%)] Unweighted L_s : L_Mnfld: 0.00510,  L_NonMnfld: 0.04407,  L_Nrml: 0.00000,  L_Eknl: 0.48179, L_Morse: 1.21467

Weights: [7000.0, 600.0, 0, 50.0, 0.0, 10.0], lr=5.000e-05
Epoch: 0 [ 210/10000 (2%)] Loss: 87.66053 = L_Mnfld: 29.26086 + L_NonMnfld: 22.80361 + L_Nrml: 0.00000 + L_Eknl: 23.24882 + L_Div: 0.00000 + L_Morse: 12.34724
Epoch: 0 [ 210/10000 (2%)] Unweighted L_s : L_Mnfld: 0.00418,  L_NonMnfld: 0.03801,  L_Nrml: 0.00000,  L_Eknl: 0.46498, L_Morse: 1.23472

Weights: [7000.0, 600.0, 0, 50.0, 0.0, 10.0], lr=5.000e-05
Epoch: 0 [ 220/10000 (2%)] Loss: 89.77415 = L_Mnfld: 31.26097 + L_NonMnfld: 23.27663 + L_Nrml: 0.00000 + L_Eknl: 22.95259 + L_Div: 0.00000 + L_Morse: 12.28398
Epoch: 0 [ 220/10000 (2%)] Unweighted L_s : L_Mnfld: 0.00447,  L_NonMnfld: 0.03879,  L_Nrml: 0.00000,  L_Eknl: 0.45905, L_Morse: 1.22840

Weights: [7000.0, 600.0, 0, 50.0, 0.0, 10.0], lr=5.000e-05
Epoch: 0 [ 230/10000 (2%)] Loss: 94.61960 = L_Mnfld: 33.98039 + L_NonMnfld: 26.52813 + L_Nrml: 0.00000 + L_Eknl: 22.41757 + L_Div: 0.00000 + L_Morse: 11.69351
Epoch: 0 [ 230/10000 (2%)] Unweighted L_s : L_Mnfld: 0.00485,  L_NonMnfld: 0.04421,  L_Nrml: 0.00000,  L_Eknl: 0.44835, L_Morse: 1.16935

Weights: [7000.0, 600.0, 0, 50.0, 0.0, 10.0], lr=5.000e-05
Epoch: 0 [ 240/10000 (2%)] Loss: 83.19401 = L_Mnfld: 27.29971 + L_NonMnfld: 22.09582 + L_Nrml: 0.00000 + L_Eknl: 21.60131 + L_Div: 0.00000 + L_Morse: 12.19717
Epoch: 0 [ 240/10000 (2%)] Unweighted L_s : L_Mnfld: 0.00390,  L_NonMnfld: 0.03683,  L_Nrml: 0.00000,  L_Eknl: 0.43203, L_Morse: 1.21972

Weights: [7000.0, 600.0, 0, 50.0, 0.0, 10.0], lr=5.000e-05
Epoch: 0 [ 250/10000 (2%)] Loss: 87.99805 = L_Mnfld: 31.88628 + L_NonMnfld: 22.71861 + L_Nrml: 0.00000 + L_Eknl: 21.00334 + L_Div: 0.00000 + L_Morse: 12.38982
Epoch: 0 [ 250/10000 (2%)] Unweighted L_s : L_Mnfld: 0.00456,  L_NonMnfld: 0.03786,  L_Nrml: 0.00000,  L_Eknl: 0.42007, L_Morse: 1.23898

Weights: [7000.0, 600.0, 0, 50.0, 0.0, 10.0], lr=5.000e-05
Epoch: 0 [ 260/10000 (3%)] Loss: 87.84037 = L_Mnfld: 32.83372 + L_NonMnfld: 22.49065 + L_Nrml: 0.00000 + L_Eknl: 20.86829 + L_Div: 0.00000 + L_Morse: 11.64771
Epoch: 0 [ 260/10000 (3%)] Unweighted L_s : L_Mnfld: 0.00469,  L_NonMnfld: 0.03748,  L_Nrml: 0.00000,  L_Eknl: 0.41737, L_Morse: 1.16477

Weights: [7000.0, 600.0, 0, 50.0, 0.0, 10.0], lr=5.000e-05
Epoch: 0 [ 270/10000 (3%)] Loss: 84.13590 = L_Mnfld: 29.07136 + L_NonMnfld: 22.21175 + L_Nrml: 0.00000 + L_Eknl: 20.36573 + L_Div: 0.00000 + L_Morse: 12.48706
Epoch: 0 [ 270/10000 (3%)] Unweighted L_s : L_Mnfld: 0.00415,  L_NonMnfld: 0.03702,  L_Nrml: 0.00000,  L_Eknl: 0.40731, L_Morse: 1.24871

Weights: [7000.0, 600.0, 0, 50.0, 0.0, 10.0], lr=5.000e-05
Epoch: 0 [ 280/10000 (3%)] Loss: 90.52876 = L_Mnfld: 33.92773 + L_NonMnfld: 21.75612 + L_Nrml: 0.00000 + L_Eknl: 20.17439 + L_Div: 0.00000 + L_Morse: 14.67051
Epoch: 0 [ 280/10000 (3%)] Unweighted L_s : L_Mnfld: 0.00485,  L_NonMnfld: 0.03626,  L_Nrml: 0.00000,  L_Eknl: 0.40349, L_Morse: 1.46705

Weights: [7000.0, 600.0, 0, 50.0, 0.0, 10.0], lr=5.000e-05
Epoch: 0 [ 290/10000 (3%)] Loss: 93.13641 = L_Mnfld: 34.08462 + L_NonMnfld: 23.56267 + L_Nrml: 0.00000 + L_Eknl: 19.78658 + L_Div: 0.00000 + L_Morse: 15.70253
Epoch: 0 [ 290/10000 (3%)] Unweighted L_s : L_Mnfld: 0.00487,  L_NonMnfld: 0.03927,  L_Nrml: 0.00000,  L_Eknl: 0.39573, L_Morse: 1.57025

Weights: [7000.0, 600.0, 0, 50.0, 0.0, 10.0], lr=5.000e-05
Epoch: 0 [ 300/10000 (3%)] Loss: 84.14849 = L_Mnfld: 27.84001 + L_NonMnfld: 21.31625 + L_Nrml: 0.00000 + L_Eknl: 19.13249 + L_Div: 0.00000 + L_Morse: 15.85975
Epoch: 0 [ 300/10000 (3%)] Unweighted L_s : L_Mnfld: 0.00398,  L_NonMnfld: 0.03553,  L_Nrml: 0.00000,  L_Eknl: 0.38265, L_Morse: 1.58597

Weights: [7000.0, 600.0, 0, 50.0, 0.0, 10.0], lr=5.000e-05
Epoch: 0 [ 310/10000 (3%)] Loss: 80.16280 = L_Mnfld: 26.37534 + L_NonMnfld: 21.62263 + L_Nrml: 0.00000 + L_Eknl: 18.74179 + L_Div: 0.00000 + L_Morse: 13.42304
Epoch: 0 [ 310/10000 (3%)] Unweighted L_s : L_Mnfld: 0.00377,  L_NonMnfld: 0.03604,  L_Nrml: 0.00000,  L_Eknl: 0.37484, L_Morse: 1.34230

Weights: [7000.0, 600.0, 0, 50.0, 0.0, 10.0], lr=5.000e-05
Epoch: 0 [ 320/10000 (3%)] Loss: 81.13951 = L_Mnfld: 30.44775 + L_NonMnfld: 19.96623 + L_Nrml: 0.00000 + L_Eknl: 18.36646 + L_Div: 0.00000 + L_Morse: 12.35907
Epoch: 0 [ 320/10000 (3%)] Unweighted L_s : L_Mnfld: 0.00435,  L_NonMnfld: 0.03328,  L_Nrml: 0.00000,  L_Eknl: 0.36733, L_Morse: 1.23591

Weights: [7000.0, 600.0, 0, 50.0, 0.0, 10.0], lr=5.000e-05
Epoch: 0 [ 330/10000 (3%)] Loss: 88.92422 = L_Mnfld: 33.80151 + L_NonMnfld: 21.47466 + L_Nrml: 0.00000 + L_Eknl: 18.18670 + L_Div: 0.00000 + L_Morse: 15.46135
Epoch: 0 [ 330/10000 (3%)] Unweighted L_s : L_Mnfld: 0.00483,  L_NonMnfld: 0.03579,  L_Nrml: 0.00000,  L_Eknl: 0.36373, L_Morse: 1.54613

Weights: [7000.0, 600.0, 0, 50.0, 0.0, 10.0], lr=5.000e-05
Epoch: 0 [ 340/10000 (3%)] Loss: 79.71951 = L_Mnfld: 27.21969 + L_NonMnfld: 20.76584 + L_Nrml: 0.00000 + L_Eknl: 17.87226 + L_Div: 0.00000 + L_Morse: 13.86173
Epoch: 0 [ 340/10000 (3%)] Unweighted L_s : L_Mnfld: 0.00389,  L_NonMnfld: 0.03461,  L_Nrml: 0.00000,  L_Eknl: 0.35745, L_Morse: 1.38617

Weights: [7000.0, 600.0, 0, 50.0, 0.0, 10.0], lr=5.000e-05
Epoch: 0 [ 350/10000 (4%)] Loss: 72.33364 = L_Mnfld: 21.15331 + L_NonMnfld: 22.00544 + L_Nrml: 0.00000 + L_Eknl: 17.72406 + L_Div: 0.00000 + L_Morse: 11.45083
Epoch: 0 [ 350/10000 (4%)] Unweighted L_s : L_Mnfld: 0.00302,  L_NonMnfld: 0.03668,  L_Nrml: 0.00000,  L_Eknl: 0.35448, L_Morse: 1.14508

Weights: [7000.0, 600.0, 0, 50.0, 0.0, 10.0], lr=5.000e-05
Epoch: 0 [ 360/10000 (4%)] Loss: 73.12646 = L_Mnfld: 24.42565 + L_NonMnfld: 21.31737 + L_Nrml: 0.00000 + L_Eknl: 16.76800 + L_Div: 0.00000 + L_Morse: 10.61544
Epoch: 0 [ 360/10000 (4%)] Unweighted L_s : L_Mnfld: 0.00349,  L_NonMnfld: 0.03553,  L_Nrml: 0.00000,  L_Eknl: 0.33536, L_Morse: 1.06154

Weights: [7000.0, 600.0, 0, 50.0, 0.0, 10.0], lr=5.000e-05
Epoch: 0 [ 370/10000 (4%)] Loss: 68.48688 = L_Mnfld: 20.04301 + L_NonMnfld: 20.73180 + L_Nrml: 0.00000 + L_Eknl: 16.97379 + L_Div: 0.00000 + L_Morse: 10.73827
Epoch: 0 [ 370/10000 (4%)] Unweighted L_s : L_Mnfld: 0.00286,  L_NonMnfld: 0.03455,  L_Nrml: 0.00000,  L_Eknl: 0.33948, L_Morse: 1.07383

Weights: [7000.0, 600.0, 0, 50.0, 0.0, 10.0], lr=5.000e-05
Epoch: 0 [ 380/10000 (4%)] Loss: 67.16454 = L_Mnfld: 19.33004 + L_NonMnfld: 21.28332 + L_Nrml: 0.00000 + L_Eknl: 16.52994 + L_Div: 0.00000 + L_Morse: 10.02123
Epoch: 0 [ 380/10000 (4%)] Unweighted L_s : L_Mnfld: 0.00276,  L_NonMnfld: 0.03547,  L_Nrml: 0.00000,  L_Eknl: 0.33060, L_Morse: 1.00212

Weights: [7000.0, 600.0, 0, 50.0, 0.0, 10.0], lr=5.000e-05
Epoch: 0 [ 390/10000 (4%)] Loss: 65.55703 = L_Mnfld: 19.35630 + L_NonMnfld: 20.09585 + L_Nrml: 0.00000 + L_Eknl: 16.32638 + L_Div: 0.00000 + L_Morse: 9.77850
Epoch: 0 [ 390/10000 (4%)] Unweighted L_s : L_Mnfld: 0.00277,  L_NonMnfld: 0.03349,  L_Nrml: 0.00000,  L_Eknl: 0.32653, L_Morse: 0.97785

Weights: [7000.0, 600.0, 0, 50.0, 0.0, 10.0], lr=5.000e-05
Epoch: 0 [ 400/10000 (4%)] Loss: 64.20483 = L_Mnfld: 18.73498 + L_NonMnfld: 19.30262 + L_Nrml: 0.00000 + L_Eknl: 15.85742 + L_Div: 0.00000 + L_Morse: 10.30981
Epoch: 0 [ 400/10000 (4%)] Unweighted L_s : L_Mnfld: 0.00268,  L_NonMnfld: 0.03217,  L_Nrml: 0.00000,  L_Eknl: 0.31715, L_Morse: 1.03098

Weights: [7000.0, 600.0, 0, 50.0, 0.0, 10.0], lr=5.000e-05
Epoch: 0 [ 410/10000 (4%)] Loss: 58.04319 = L_Mnfld: 14.24622 + L_NonMnfld: 18.11900 + L_Nrml: 0.00000 + L_Eknl: 15.80765 + L_Div: 0.00000 + L_Morse: 9.87031
Epoch: 0 [ 410/10000 (4%)] Unweighted L_s : L_Mnfld: 0.00204,  L_NonMnfld: 0.03020,  L_Nrml: 0.00000,  L_Eknl: 0.31615, L_Morse: 0.98703

Weights: [7000.0, 600.0, 0, 50.0, 0.0, 10.0], lr=5.000e-05
Epoch: 0 [ 420/10000 (4%)] Loss: 60.71752 = L_Mnfld: 15.34338 + L_NonMnfld: 20.29950 + L_Nrml: 0.00000 + L_Eknl: 15.43640 + L_Div: 0.00000 + L_Morse: 9.63824
Epoch: 0 [ 420/10000 (4%)] Unweighted L_s : L_Mnfld: 0.00219,  L_NonMnfld: 0.03383,  L_Nrml: 0.00000,  L_Eknl: 0.30873, L_Morse: 0.96382

Weights: [7000.0, 600.0, 0, 50.0, 0.0, 10.0], lr=5.000e-05
Epoch: 0 [ 430/10000 (4%)] Loss: 58.89803 = L_Mnfld: 13.57556 + L_NonMnfld: 20.69055 + L_Nrml: 0.00000 + L_Eknl: 15.23405 + L_Div: 0.00000 + L_Morse: 9.39788
Epoch: 0 [ 430/10000 (4%)] Unweighted L_s : L_Mnfld: 0.00194,  L_NonMnfld: 0.03448,  L_Nrml: 0.00000,  L_Eknl: 0.30468, L_Morse: 0.93979

Weights: [7000.0, 600.0, 0, 50.0, 0.0, 10.0], lr=5.000e-05
Epoch: 0 [ 440/10000 (4%)] Loss: 57.40842 = L_Mnfld: 14.94102 + L_NonMnfld: 18.17767 + L_Nrml: 0.00000 + L_Eknl: 14.95335 + L_Div: 0.00000 + L_Morse: 9.33638
Epoch: 0 [ 440/10000 (4%)] Unweighted L_s : L_Mnfld: 0.00213,  L_NonMnfld: 0.03030,  L_Nrml: 0.00000,  L_Eknl: 0.29907, L_Morse: 0.93364

Weights: [7000.0, 600.0, 0, 50.0, 0.0, 10.0], lr=5.000e-05
Epoch: 0 [ 450/10000 (4%)] Loss: 56.69722 = L_Mnfld: 13.33770 + L_NonMnfld: 19.22105 + L_Nrml: 0.00000 + L_Eknl: 14.77456 + L_Div: 0.00000 + L_Morse: 9.36392
Epoch: 0 [ 450/10000 (4%)] Unweighted L_s : L_Mnfld: 0.00191,  L_NonMnfld: 0.03204,  L_Nrml: 0.00000,  L_Eknl: 0.29549, L_Morse: 0.93639

Weights: [7000.0, 600.0, 0, 50.0, 0.0, 10.0], lr=5.000e-05
Epoch: 0 [ 460/10000 (5%)] Loss: 59.25668 = L_Mnfld: 14.16873 + L_NonMnfld: 20.48946 + L_Nrml: 0.00000 + L_Eknl: 14.63386 + L_Div: 0.00000 + L_Morse: 9.96463
Epoch: 0 [ 460/10000 (5%)] Unweighted L_s : L_Mnfld: 0.00202,  L_NonMnfld: 0.03415,  L_Nrml: 0.00000,  L_Eknl: 0.29268, L_Morse: 0.99646

Weights: [7000.0, 600.0, 0, 50.0, 0.0, 10.0], lr=5.000e-05
Epoch: 0 [ 470/10000 (5%)] Loss: 56.59766 = L_Mnfld: 13.26685 + L_NonMnfld: 19.20250 + L_Nrml: 0.00000 + L_Eknl: 14.51592 + L_Div: 0.00000 + L_Morse: 9.61239
Epoch: 0 [ 470/10000 (5%)] Unweighted L_s : L_Mnfld: 0.00190,  L_NonMnfld: 0.03200,  L_Nrml: 0.00000,  L_Eknl: 0.29032, L_Morse: 0.96124

Weights: [7000.0, 600.0, 0, 50.0, 0.0, 10.0], lr=5.000e-05
Epoch: 0 [ 480/10000 (5%)] Loss: 58.62625 = L_Mnfld: 15.82622 + L_NonMnfld: 18.54537 + L_Nrml: 0.00000 + L_Eknl: 14.15405 + L_Div: 0.00000 + L_Morse: 10.10061
Epoch: 0 [ 480/10000 (5%)] Unweighted L_s : L_Mnfld: 0.00226,  L_NonMnfld: 0.03091,  L_Nrml: 0.00000,  L_Eknl: 0.28308, L_Morse: 1.01006

Weights: [7000.0, 600.0, 0, 50.0, 0.0, 10.0], lr=5.000e-05
Epoch: 0 [ 490/10000 (5%)] Loss: 55.56342 = L_Mnfld: 14.48438 + L_NonMnfld: 17.44681 + L_Nrml: 0.00000 + L_Eknl: 14.06250 + L_Div: 0.00000 + L_Morse: 9.56973
Epoch: 0 [ 490/10000 (5%)] Unweighted L_s : L_Mnfld: 0.00207,  L_NonMnfld: 0.02908,  L_Nrml: 0.00000,  L_Eknl: 0.28125, L_Morse: 0.95697

Weights: [7000.0, 600.0, 0, 50.0, 0.0, 10.0], lr=5.000e-05
Epoch: 0 [ 500/10000 (5%)] Loss: 56.66406 = L_Mnfld: 15.42418 + L_NonMnfld: 17.93239 + L_Nrml: 0.00000 + L_Eknl: 13.67305 + L_Div: 0.00000 + L_Morse: 9.63444
Epoch: 0 [ 500/10000 (5%)] Unweighted L_s : L_Mnfld: 0.00220,  L_NonMnfld: 0.02989,  L_Nrml: 0.00000,  L_Eknl: 0.27346, L_Morse: 0.96344

Weights: [7000.0, 600.0, 0, 50.0, 0.0, 10.0], lr=5.000e-05
Epoch: 0 [ 510/10000 (5%)] Loss: 56.55202 = L_Mnfld: 14.09255 + L_NonMnfld: 18.80238 + L_Nrml: 0.00000 + L_Eknl: 13.32964 + L_Div: 0.00000 + L_Morse: 10.32745
Epoch: 0 [ 510/10000 (5%)] Unweighted L_s : L_Mnfld: 0.00201,  L_NonMnfld: 0.03134,  L_Nrml: 0.00000,  L_Eknl: 0.26659, L_Morse: 1.03275

Weights: [7000.0, 600.0, 0, 50.0, 0.0, 10.0], lr=5.000e-05
Epoch: 0 [ 520/10000 (5%)] Loss: 55.56445 = L_Mnfld: 13.12395 + L_NonMnfld: 19.04765 + L_Nrml: 0.00000 + L_Eknl: 13.40594 + L_Div: 0.00000 + L_Morse: 9.98691
Epoch: 0 [ 520/10000 (5%)] Unweighted L_s : L_Mnfld: 0.00187,  L_NonMnfld: 0.03175,  L_Nrml: 0.00000,  L_Eknl: 0.26812, L_Morse: 0.99869

Weights: [7000.0, 600.0, 0, 50.0, 0.0, 10.0], lr=5.000e-05
Epoch: 0 [ 530/10000 (5%)] Loss: 56.48086 = L_Mnfld: 14.28066 + L_NonMnfld: 18.15858 + L_Nrml: 0.00000 + L_Eknl: 13.36695 + L_Div: 0.00000 + L_Morse: 10.67466
Epoch: 0 [ 530/10000 (5%)] Unweighted L_s : L_Mnfld: 0.00204,  L_NonMnfld: 0.03026,  L_Nrml: 0.00000,  L_Eknl: 0.26734, L_Morse: 1.06747

Weights: [7000.0, 600.0, 0, 50.0, 0.0, 10.0], lr=5.000e-05
Epoch: 0 [ 540/10000 (5%)] Loss: 57.01274 = L_Mnfld: 15.83965 + L_NonMnfld: 17.71493 + L_Nrml: 0.00000 + L_Eknl: 13.05885 + L_Div: 0.00000 + L_Morse: 10.39933
Epoch: 0 [ 540/10000 (5%)] Unweighted L_s : L_Mnfld: 0.00226,  L_NonMnfld: 0.02952,  L_Nrml: 0.00000,  L_Eknl: 0.26118, L_Morse: 1.03993

Weights: [7000.0, 600.0, 0, 50.0, 0.0, 10.0], lr=5.000e-05
Epoch: 0 [ 550/10000 (6%)] Loss: 54.99617 = L_Mnfld: 14.05119 + L_NonMnfld: 18.45763 + L_Nrml: 0.00000 + L_Eknl: 12.82034 + L_Div: 0.00000 + L_Morse: 9.66700
Epoch: 0 [ 550/10000 (6%)] Unweighted L_s : L_Mnfld: 0.00201,  L_NonMnfld: 0.03076,  L_Nrml: 0.00000,  L_Eknl: 0.25641, L_Morse: 0.96670

Weights: [7000.0, 600.0, 0, 50.0, 0.0, 10.0], lr=5.000e-05
Epoch: 0 [ 560/10000 (6%)] Loss: 54.75372 = L_Mnfld: 14.16633 + L_NonMnfld: 18.32614 + L_Nrml: 0.00000 + L_Eknl: 12.71977 + L_Div: 0.00000 + L_Morse: 9.54148
Epoch: 0 [ 560/10000 (6%)] Unweighted L_s : L_Mnfld: 0.00202,  L_NonMnfld: 0.03054,  L_Nrml: 0.00000,  L_Eknl: 0.25440, L_Morse: 0.95415

Weights: [7000.0, 600.0, 0, 50.0, 0.0, 10.0], lr=5.000e-05
Epoch: 0 [ 570/10000 (6%)] Loss: 54.57500 = L_Mnfld: 13.44148 + L_NonMnfld: 18.13948 + L_Nrml: 0.00000 + L_Eknl: 12.56403 + L_Div: 0.00000 + L_Morse: 10.43002
Epoch: 0 [ 570/10000 (6%)] Unweighted L_s : L_Mnfld: 0.00192,  L_NonMnfld: 0.03023,  L_Nrml: 0.00000,  L_Eknl: 0.25128, L_Morse: 1.04300

Weights: [7000.0, 600.0, 0, 50.0, 0.0, 10.0], lr=5.000e-05
Epoch: 0 [ 580/10000 (6%)] Loss: 52.94682 = L_Mnfld: 12.78459 + L_NonMnfld: 17.88368 + L_Nrml: 0.00000 + L_Eknl: 12.38925 + L_Div: 0.00000 + L_Morse: 9.88931
Epoch: 0 [ 580/10000 (6%)] Unweighted L_s : L_Mnfld: 0.00183,  L_NonMnfld: 0.02981,  L_Nrml: 0.00000,  L_Eknl: 0.24779, L_Morse: 0.98893

Weights: [7000.0, 600.0, 0, 50.0, 0.0, 10.0], lr=5.000e-05
Epoch: 0 [ 590/10000 (6%)] Loss: 54.12024 = L_Mnfld: 13.52915 + L_NonMnfld: 18.30445 + L_Nrml: 0.00000 + L_Eknl: 12.36258 + L_Div: 0.00000 + L_Morse: 9.92406
Epoch: 0 [ 590/10000 (6%)] Unweighted L_s : L_Mnfld: 0.00193,  L_NonMnfld: 0.03051,  L_Nrml: 0.00000,  L_Eknl: 0.24725, L_Morse: 0.99241

Weights: [7000.0, 600.0, 0, 50.0, 0.0, 10.0], lr=5.000e-05
Epoch: 0 [ 600/10000 (6%)] Loss: 55.41254 = L_Mnfld: 14.88786 + L_NonMnfld: 18.27964 + L_Nrml: 0.00000 + L_Eknl: 12.06538 + L_Div: 0.00000 + L_Morse: 10.17967
Epoch: 0 [ 600/10000 (6%)] Unweighted L_s : L_Mnfld: 0.00213,  L_NonMnfld: 0.03047,  L_Nrml: 0.00000,  L_Eknl: 0.24131, L_Morse: 1.01797

Weights: [7000.0, 600.0, 0, 50.0, 0.0, 10.0], lr=5.000e-05
Epoch: 0 [ 610/10000 (6%)] Loss: 53.57235 = L_Mnfld: 13.66343 + L_NonMnfld: 17.26836 + L_Nrml: 0.00000 + L_Eknl: 12.13641 + L_Div: 0.00000 + L_Morse: 10.50415
Epoch: 0 [ 610/10000 (6%)] Unweighted L_s : L_Mnfld: 0.00195,  L_NonMnfld: 0.02878,  L_Nrml: 0.00000,  L_Eknl: 0.24273, L_Morse: 1.05042

Weights: [7000.0, 600.0, 0, 50.0, 0.0, 10.0], lr=5.000e-05
Epoch: 0 [ 620/10000 (6%)] Loss: 52.97225 = L_Mnfld: 12.58145 + L_NonMnfld: 18.17611 + L_Nrml: 0.00000 + L_Eknl: 11.99442 + L_Div: 0.00000 + L_Morse: 10.22027
Epoch: 0 [ 620/10000 (6%)] Unweighted L_s : L_Mnfld: 0.00180,  L_NonMnfld: 0.03029,  L_Nrml: 0.00000,  L_Eknl: 0.23989, L_Morse: 1.02203

Weights: [7000.0, 600.0, 0, 50.0, 0.0, 10.0], lr=5.000e-05
Epoch: 0 [ 630/10000 (6%)] Loss: 51.94098 = L_Mnfld: 12.33148 + L_NonMnfld: 17.47691 + L_Nrml: 0.00000 + L_Eknl: 11.83421 + L_Div: 0.00000 + L_Morse: 10.29838
Epoch: 0 [ 630/10000 (6%)] Unweighted L_s : L_Mnfld: 0.00176,  L_NonMnfld: 0.02913,  L_Nrml: 0.00000,  L_Eknl: 0.23668, L_Morse: 1.02984

Weights: [7000.0, 600.0, 0, 50.0, 0.0, 10.0], lr=5.000e-05
Epoch: 0 [ 640/10000 (6%)] Loss: 54.41218 = L_Mnfld: 14.06801 + L_NonMnfld: 18.33999 + L_Nrml: 0.00000 + L_Eknl: 11.61317 + L_Div: 0.00000 + L_Morse: 10.39101
Epoch: 0 [ 640/10000 (6%)] Unweighted L_s : L_Mnfld: 0.00201,  L_NonMnfld: 0.03057,  L_Nrml: 0.00000,  L_Eknl: 0.23226, L_Morse: 1.03910

Weights: [7000.0, 600.0, 0, 50.0, 0.0, 10.0], lr=5.000e-05
Epoch: 0 [ 650/10000 (6%)] Loss: 53.47132 = L_Mnfld: 13.43683 + L_NonMnfld: 18.27812 + L_Nrml: 0.00000 + L_Eknl: 11.52968 + L_Div: 0.00000 + L_Morse: 10.22668
Epoch: 0 [ 650/10000 (6%)] Unweighted L_s : L_Mnfld: 0.00192,  L_NonMnfld: 0.03046,  L_Nrml: 0.00000,  L_Eknl: 0.23059, L_Morse: 1.02267

Weights: [7000.0, 600.0, 0, 50.0, 0.0, 10.0], lr=5.000e-05
Epoch: 0 [ 660/10000 (7%)] Loss: 52.44069 = L_Mnfld: 12.53810 + L_NonMnfld: 18.17834 + L_Nrml: 0.00000 + L_Eknl: 11.41218 + L_Div: 0.00000 + L_Morse: 10.31206
Epoch: 0 [ 660/10000 (7%)] Unweighted L_s : L_Mnfld: 0.00179,  L_NonMnfld: 0.03030,  L_Nrml: 0.00000,  L_Eknl: 0.22824, L_Morse: 1.03121

Weights: [7000.0, 600.0, 0, 50.0, 0.0, 10.0], lr=5.000e-05
Epoch: 0 [ 670/10000 (7%)] Loss: 52.46734 = L_Mnfld: 12.50195 + L_NonMnfld: 18.10037 + L_Nrml: 0.00000 + L_Eknl: 11.43196 + L_Div: 0.00000 + L_Morse: 10.43306
Epoch: 0 [ 670/10000 (7%)] Unweighted L_s : L_Mnfld: 0.00179,  L_NonMnfld: 0.03017,  L_Nrml: 0.00000,  L_Eknl: 0.22864, L_Morse: 1.04331

Weights: [7000.0, 600.0, 0, 50.0, 0.0, 10.0], lr=5.000e-05
Epoch: 0 [ 680/10000 (7%)] Loss: 53.03294 = L_Mnfld: 14.53256 + L_NonMnfld: 16.63487 + L_Nrml: 0.00000 + L_Eknl: 11.26387 + L_Div: 0.00000 + L_Morse: 10.60164
Epoch: 0 [ 680/10000 (7%)] Unweighted L_s : L_Mnfld: 0.00208,  L_NonMnfld: 0.02772,  L_Nrml: 0.00000,  L_Eknl: 0.22528, L_Morse: 1.06016

Weights: [7000.0, 600.0, 0, 50.0, 0.0, 10.0], lr=5.000e-05
Epoch: 0 [ 690/10000 (7%)] Loss: 53.26765 = L_Mnfld: 14.13765 + L_NonMnfld: 17.43986 + L_Nrml: 0.00000 + L_Eknl: 11.43034 + L_Div: 0.00000 + L_Morse: 10.25980
Epoch: 0 [ 690/10000 (7%)] Unweighted L_s : L_Mnfld: 0.00202,  L_NonMnfld: 0.02907,  L_Nrml: 0.00000,  L_Eknl: 0.22861, L_Morse: 1.02598

Weights: [7000.0, 600.0, 0, 50.0, 0.0, 10.0], lr=5.000e-05
Epoch: 0 [ 700/10000 (7%)] Loss: 52.27800 = L_Mnfld: 12.82569 + L_NonMnfld: 18.21522 + L_Nrml: 0.00000 + L_Eknl: 11.02551 + L_Div: 0.00000 + L_Morse: 10.21159
Epoch: 0 [ 700/10000 (7%)] Unweighted L_s : L_Mnfld: 0.00183,  L_NonMnfld: 0.03036,  L_Nrml: 0.00000,  L_Eknl: 0.22051, L_Morse: 1.02116

Weights: [7000.0, 600.0, 0, 50.0, 0.0, 10.0], lr=5.000e-05
Epoch: 0 [ 710/10000 (7%)] Loss: 50.50439 = L_Mnfld: 11.58520 + L_NonMnfld: 18.07419 + L_Nrml: 0.00000 + L_Eknl: 11.01367 + L_Div: 0.00000 + L_Morse: 9.83133
Epoch: 0 [ 710/10000 (7%)] Unweighted L_s : L_Mnfld: 0.00166,  L_NonMnfld: 0.03012,  L_Nrml: 0.00000,  L_Eknl: 0.22027, L_Morse: 0.98313

Weights: [7000.0, 600.0, 0, 50.0, 0.0, 10.0], lr=5.000e-05
Epoch: 0 [ 720/10000 (7%)] Loss: 55.89740 = L_Mnfld: 17.94438 + L_NonMnfld: 16.48762 + L_Nrml: 0.00000 + L_Eknl: 10.88722 + L_Div: 0.00000 + L_Morse: 10.57817
Epoch: 0 [ 720/10000 (7%)] Unweighted L_s : L_Mnfld: 0.00256,  L_NonMnfld: 0.02748,  L_Nrml: 0.00000,  L_Eknl: 0.21774, L_Morse: 1.05782

Weights: [7000.0, 600.0, 0, 50.0, 0.0, 10.0], lr=5.000e-05
Epoch: 0 [ 730/10000 (7%)] Loss: 56.15776 = L_Mnfld: 16.75080 + L_NonMnfld: 17.50296 + L_Nrml: 0.00000 + L_Eknl: 10.99406 + L_Div: 0.00000 + L_Morse: 10.90994
Epoch: 0 [ 730/10000 (7%)] Unweighted L_s : L_Mnfld: 0.00239,  L_NonMnfld: 0.02917,  L_Nrml: 0.00000,  L_Eknl: 0.21988, L_Morse: 1.09099

Weights: [7000.0, 600.0, 0, 50.0, 0.0, 10.0], lr=5.000e-05
Epoch: 0 [ 740/10000 (7%)] Loss: 53.28658 = L_Mnfld: 15.18382 + L_NonMnfld: 16.67290 + L_Nrml: 0.00000 + L_Eknl: 10.99307 + L_Div: 0.00000 + L_Morse: 10.43678
Epoch: 0 [ 740/10000 (7%)] Unweighted L_s : L_Mnfld: 0.00217,  L_NonMnfld: 0.02779,  L_Nrml: 0.00000,  L_Eknl: 0.21986, L_Morse: 1.04368

Weights: [7000.0, 600.0, 0, 50.0, 0.0, 10.0], lr=5.000e-05
Epoch: 0 [ 750/10000 (8%)] Loss: 52.40372 = L_Mnfld: 13.06837 + L_NonMnfld: 18.04781 + L_Nrml: 0.00000 + L_Eknl: 10.75819 + L_Div: 0.00000 + L_Morse: 10.52935
Epoch: 0 [ 750/10000 (8%)] Unweighted L_s : L_Mnfld: 0.00187,  L_NonMnfld: 0.03008,  L_Nrml: 0.00000,  L_Eknl: 0.21516, L_Morse: 1.05293

Weights: [7000.0, 600.0, 0, 50.0, 0.0, 10.0], lr=5.000e-05
Epoch: 0 [ 760/10000 (8%)] Loss: 52.60886 = L_Mnfld: 14.85947 + L_NonMnfld: 16.76296 + L_Nrml: 0.00000 + L_Eknl: 10.60853 + L_Div: 0.00000 + L_Morse: 10.37790
Epoch: 0 [ 760/10000 (8%)] Unweighted L_s : L_Mnfld: 0.00212,  L_NonMnfld: 0.02794,  L_Nrml: 0.00000,  L_Eknl: 0.21217, L_Morse: 1.03779

Weights: [7000.0, 600.0, 0, 50.0, 0.0, 10.0], lr=5.000e-05
Epoch: 0 [ 770/10000 (8%)] Loss: 51.60330 = L_Mnfld: 13.30871 + L_NonMnfld: 16.85114 + L_Nrml: 0.00000 + L_Eknl: 10.62426 + L_Div: 0.00000 + L_Morse: 10.81919
Epoch: 0 [ 770/10000 (8%)] Unweighted L_s : L_Mnfld: 0.00190,  L_NonMnfld: 0.02809,  L_Nrml: 0.00000,  L_Eknl: 0.21249, L_Morse: 1.08192

Weights: [7000.0, 600.0, 0, 50.0, 0.0, 10.0], lr=5.000e-05
Epoch: 0 [ 780/10000 (8%)] Loss: 51.26383 = L_Mnfld: 12.65373 + L_NonMnfld: 17.82372 + L_Nrml: 0.00000 + L_Eknl: 10.51829 + L_Div: 0.00000 + L_Morse: 10.26809
Epoch: 0 [ 780/10000 (8%)] Unweighted L_s : L_Mnfld: 0.00181,  L_NonMnfld: 0.02971,  L_Nrml: 0.00000,  L_Eknl: 0.21037, L_Morse: 1.02681

Weights: [7000.0, 600.0, 0, 50.0, 0.0, 10.0], lr=5.000e-05
Epoch: 0 [ 790/10000 (8%)] Loss: 52.69179 = L_Mnfld: 14.08609 + L_NonMnfld: 17.71052 + L_Nrml: 0.00000 + L_Eknl: 10.63322 + L_Div: 0.00000 + L_Morse: 10.26196
Epoch: 0 [ 790/10000 (8%)] Unweighted L_s : L_Mnfld: 0.00201,  L_NonMnfld: 0.02952,  L_Nrml: 0.00000,  L_Eknl: 0.21266, L_Morse: 1.02620

Weights: [7000.0, 600.0, 0, 50.0, 0.0, 10.0], lr=5.000e-05
Epoch: 0 [ 800/10000 (8%)] Loss: 50.25146 = L_Mnfld: 13.61624 + L_NonMnfld: 15.73201 + L_Nrml: 0.00000 + L_Eknl: 10.43208 + L_Div: 0.00000 + L_Morse: 10.47113
Epoch: 0 [ 800/10000 (8%)] Unweighted L_s : L_Mnfld: 0.00195,  L_NonMnfld: 0.02622,  L_Nrml: 0.00000,  L_Eknl: 0.20864, L_Morse: 1.04711

Weights: [7000.0, 600.0, 0, 50.0, 0.0, 10.0], lr=5.000e-05
Epoch: 0 [ 810/10000 (8%)] Loss: 51.32368 = L_Mnfld: 13.18584 + L_NonMnfld: 17.27332 + L_Nrml: 0.00000 + L_Eknl: 10.50463 + L_Div: 0.00000 + L_Morse: 10.35989
Epoch: 0 [ 810/10000 (8%)] Unweighted L_s : L_Mnfld: 0.00188,  L_NonMnfld: 0.02879,  L_Nrml: 0.00000,  L_Eknl: 0.21009, L_Morse: 1.03599

Weights: [7000.0, 600.0, 0, 50.0, 0.0, 10.0], lr=5.000e-05
Epoch: 0 [ 820/10000 (8%)] Loss: 50.62469 = L_Mnfld: 13.52706 + L_NonMnfld: 16.76273 + L_Nrml: 0.00000 + L_Eknl: 10.29218 + L_Div: 0.00000 + L_Morse: 10.04272
Epoch: 0 [ 820/10000 (8%)] Unweighted L_s : L_Mnfld: 0.00193,  L_NonMnfld: 0.02794,  L_Nrml: 0.00000,  L_Eknl: 0.20584, L_Morse: 1.00427

Weights: [7000.0, 600.0, 0, 50.0, 0.0, 10.0], lr=5.000e-05
Epoch: 0 [ 830/10000 (8%)] Loss: 50.78702 = L_Mnfld: 11.72885 + L_NonMnfld: 18.85119 + L_Nrml: 0.00000 + L_Eknl: 10.22279 + L_Div: 0.00000 + L_Morse: 9.98420
Epoch: 0 [ 830/10000 (8%)] Unweighted L_s : L_Mnfld: 0.00168,  L_NonMnfld: 0.03142,  L_Nrml: 0.00000,  L_Eknl: 0.20446, L_Morse: 0.99842

Weights: [7000.0, 600.0, 0, 50.0, 0.0, 10.0], lr=5.000e-05
Epoch: 0 [ 840/10000 (8%)] Loss: 48.98098 = L_Mnfld: 12.67933 + L_NonMnfld: 16.34071 + L_Nrml: 0.00000 + L_Eknl: 10.17580 + L_Div: 0.00000 + L_Morse: 9.78515
Epoch: 0 [ 840/10000 (8%)] Unweighted L_s : L_Mnfld: 0.00181,  L_NonMnfld: 0.02723,  L_Nrml: 0.00000,  L_Eknl: 0.20352, L_Morse: 0.97851

Weights: [7000.0, 600.0, 0, 50.0, 0.0, 10.0], lr=5.000e-05
Epoch: 0 [ 850/10000 (8%)] Loss: 49.45712 = L_Mnfld: 11.57686 + L_NonMnfld: 18.02304 + L_Nrml: 0.00000 + L_Eknl: 10.20388 + L_Div: 0.00000 + L_Morse: 9.65334
Epoch: 0 [ 850/10000 (8%)] Unweighted L_s : L_Mnfld: 0.00165,  L_NonMnfld: 0.03004,  L_Nrml: 0.00000,  L_Eknl: 0.20408, L_Morse: 0.96533

Weights: [7000.0, 600.0, 0, 50.0, 0.0, 10.0], lr=5.000e-05
Epoch: 0 [ 860/10000 (9%)] Loss: 52.32345 = L_Mnfld: 14.54769 + L_NonMnfld: 17.52503 + L_Nrml: 0.00000 + L_Eknl: 10.02424 + L_Div: 0.00000 + L_Morse: 10.22649
Epoch: 0 [ 860/10000 (9%)] Unweighted L_s : L_Mnfld: 0.00208,  L_NonMnfld: 0.02921,  L_Nrml: 0.00000,  L_Eknl: 0.20048, L_Morse: 1.02265

Weights: [7000.0, 600.0, 0, 50.0, 0.0, 10.0], lr=5.000e-05
Epoch: 0 [ 870/10000 (9%)] Loss: 50.96437 = L_Mnfld: 13.80956 + L_NonMnfld: 16.89161 + L_Nrml: 0.00000 + L_Eknl: 10.27422 + L_Div: 0.00000 + L_Morse: 9.98899
Epoch: 0 [ 870/10000 (9%)] Unweighted L_s : L_Mnfld: 0.00197,  L_NonMnfld: 0.02815,  L_Nrml: 0.00000,  L_Eknl: 0.20548, L_Morse: 0.99890

Weights: [7000.0, 600.0, 0, 50.0, 0.0, 10.0], lr=5.000e-05
Epoch: 0 [ 880/10000 (9%)] Loss: 49.41894 = L_Mnfld: 12.62215 + L_NonMnfld: 16.21081 + L_Nrml: 0.00000 + L_Eknl: 10.02372 + L_Div: 0.00000 + L_Morse: 10.56226
Epoch: 0 [ 880/10000 (9%)] Unweighted L_s : L_Mnfld: 0.00180,  L_NonMnfld: 0.02702,  L_Nrml: 0.00000,  L_Eknl: 0.20047, L_Morse: 1.05623

Weights: [7000.0, 600.0, 0, 50.0, 0.0, 10.0], lr=5.000e-05
Epoch: 0 [ 890/10000 (9%)] Loss: 50.08331 = L_Mnfld: 12.20251 + L_NonMnfld: 17.80697 + L_Nrml: 0.00000 + L_Eknl: 10.07458 + L_Div: 0.00000 + L_Morse: 9.99925
Epoch: 0 [ 890/10000 (9%)] Unweighted L_s : L_Mnfld: 0.00174,  L_NonMnfld: 0.02968,  L_Nrml: 0.00000,  L_Eknl: 0.20149, L_Morse: 0.99993

Weights: [7000.0, 600.0, 0, 50.0, 0.0, 10.0], lr=5.000e-05
Epoch: 0 [ 900/10000 (9%)] Loss: 51.99440 = L_Mnfld: 14.21935 + L_NonMnfld: 17.37664 + L_Nrml: 0.00000 + L_Eknl: 10.03257 + L_Div: 0.00000 + L_Morse: 10.36584
Epoch: 0 [ 900/10000 (9%)] Unweighted L_s : L_Mnfld: 0.00203,  L_NonMnfld: 0.02896,  L_Nrml: 0.00000,  L_Eknl: 0.20065, L_Morse: 1.03658

Weights: [7000.0, 600.0, 0, 50.0, 0.0, 10.0], lr=5.000e-05
Epoch: 0 [ 910/10000 (9%)] Loss: 53.62809 = L_Mnfld: 15.35953 + L_NonMnfld: 17.78972 + L_Nrml: 0.00000 + L_Eknl: 10.01836 + L_Div: 0.00000 + L_Morse: 10.46048
Epoch: 0 [ 910/10000 (9%)] Unweighted L_s : L_Mnfld: 0.00219,  L_NonMnfld: 0.02965,  L_Nrml: 0.00000,  L_Eknl: 0.20037, L_Morse: 1.04605

Weights: [7000.0, 600.0, 0, 50.0, 0.0, 10.0], lr=5.000e-05
Epoch: 0 [ 920/10000 (9%)] Loss: 53.91824 = L_Mnfld: 16.49695 + L_NonMnfld: 16.67621 + L_Nrml: 0.00000 + L_Eknl: 9.93647 + L_Div: 0.00000 + L_Morse: 10.80860
Epoch: 0 [ 920/10000 (9%)] Unweighted L_s : L_Mnfld: 0.00236,  L_NonMnfld: 0.02779,  L_Nrml: 0.00000,  L_Eknl: 0.19873, L_Morse: 1.08086

Weights: [7000.0, 600.0, 0, 50.0, 0.0, 10.0], lr=5.000e-05
Epoch: 0 [ 930/10000 (9%)] Loss: 61.47009 = L_Mnfld: 22.78618 + L_NonMnfld: 17.95148 + L_Nrml: 0.00000 + L_Eknl: 10.21946 + L_Div: 0.00000 + L_Morse: 10.51297
Epoch: 0 [ 930/10000 (9%)] Unweighted L_s : L_Mnfld: 0.00326,  L_NonMnfld: 0.02992,  L_Nrml: 0.00000,  L_Eknl: 0.20439, L_Morse: 1.05130

Weights: [7000.0, 600.0, 0, 50.0, 0.0, 10.0], lr=5.000e-05
Epoch: 0 [ 940/10000 (9%)] Loss: 56.71807 = L_Mnfld: 19.46131 + L_NonMnfld: 15.82676 + L_Nrml: 0.00000 + L_Eknl: 10.01685 + L_Div: 0.00000 + L_Morse: 11.41316
Epoch: 0 [ 940/10000 (9%)] Unweighted L_s : L_Mnfld: 0.00278,  L_NonMnfld: 0.02638,  L_Nrml: 0.00000,  L_Eknl: 0.20034, L_Morse: 1.14132

Weights: [7000.0, 600.0, 0, 50.0, 0.0, 10.0], lr=5.000e-05
Epoch: 0 [ 950/10000 (10%)] Loss: 55.08916 = L_Mnfld: 16.90606 + L_NonMnfld: 17.36683 + L_Nrml: 0.00000 + L_Eknl: 10.20528 + L_Div: 0.00000 + L_Morse: 10.61099
Epoch: 0 [ 950/10000 (10%)] Unweighted L_s : L_Mnfld: 0.00242,  L_NonMnfld: 0.02894,  L_Nrml: 0.00000,  L_Eknl: 0.20411, L_Morse: 1.06110

Weights: [7000.0, 600.0, 0, 50.0, 0.0, 10.0], lr=5.000e-05
Epoch: 0 [ 960/10000 (10%)] Loss: 53.42943 = L_Mnfld: 16.22803 + L_NonMnfld: 16.80174 + L_Nrml: 0.00000 + L_Eknl: 9.79230 + L_Div: 0.00000 + L_Morse: 10.60736
Epoch: 0 [ 960/10000 (10%)] Unweighted L_s : L_Mnfld: 0.00232,  L_NonMnfld: 0.02800,  L_Nrml: 0.00000,  L_Eknl: 0.19585, L_Morse: 1.06074

Weights: [7000.0, 600.0, 0, 50.0, 0.0, 10.0], lr=5.000e-05
Epoch: 0 [ 970/10000 (10%)] Loss: 49.25302 = L_Mnfld: 13.18410 + L_NonMnfld: 16.10719 + L_Nrml: 0.00000 + L_Eknl: 9.66711 + L_Div: 0.00000 + L_Morse: 10.29462
Epoch: 0 [ 970/10000 (10%)] Unweighted L_s : L_Mnfld: 0.00188,  L_NonMnfld: 0.02685,  L_Nrml: 0.00000,  L_Eknl: 0.19334, L_Morse: 1.02946

Weights: [7000.0, 600.0, 0, 50.0, 0.0, 10.0], lr=5.000e-05
Epoch: 0 [ 980/10000 (10%)] Loss: 52.17142 = L_Mnfld: 14.54347 + L_NonMnfld: 17.59434 + L_Nrml: 0.00000 + L_Eknl: 9.47071 + L_Div: 0.00000 + L_Morse: 10.56291
Epoch: 0 [ 980/10000 (10%)] Unweighted L_s : L_Mnfld: 0.00208,  L_NonMnfld: 0.02932,  L_Nrml: 0.00000,  L_Eknl: 0.18941, L_Morse: 1.05629

Weights: [7000.0, 600.0, 0, 50.0, 0.0, 10.0], lr=5.000e-05
Epoch: 0 [ 990/10000 (10%)] Loss: 48.98421 = L_Mnfld: 11.69544 + L_NonMnfld: 17.64468 + L_Nrml: 0.00000 + L_Eknl: 9.74384 + L_Div: 0.00000 + L_Morse: 9.90025
Epoch: 0 [ 990/10000 (10%)] Unweighted L_s : L_Mnfld: 0.00167,  L_NonMnfld: 0.02941,  L_Nrml: 0.00000,  L_Eknl: 0.19488, L_Morse: 0.99002

Weights: [7000.0, 600.0, 0, 50.0, 0.0, 10.0], lr=5.000e-05
Epoch: 0 [1000/10000 (10%)] Loss: 50.45419 = L_Mnfld: 14.45263 + L_NonMnfld: 16.87219 + L_Nrml: 0.00000 + L_Eknl: 9.55563 + L_Div: 0.00000 + L_Morse: 9.57374
Epoch: 0 [1000/10000 (10%)] Unweighted L_s : L_Mnfld: 0.00206,  L_NonMnfld: 0.02812,  L_Nrml: 0.00000,  L_Eknl: 0.19111, L_Morse: 0.95737

Weights: [7000.0, 600.0, 0, 50.0, 0.0, 10.0], lr=5.000e-05
Epoch: 0 [1010/10000 (10%)] Loss: 49.75754 = L_Mnfld: 13.58296 + L_NonMnfld: 16.94111 + L_Nrml: 0.00000 + L_Eknl: 9.50656 + L_Div: 0.00000 + L_Morse: 9.72691
Epoch: 0 [1010/10000 (10%)] Unweighted L_s : L_Mnfld: 0.00194,  L_NonMnfld: 0.02824,  L_Nrml: 0.00000,  L_Eknl: 0.19013, L_Morse: 0.97269

Weights: [7000.0, 600.0, 0, 50.0, 0.0, 10.0], lr=5.000e-05
Epoch: 0 [1020/10000 (10%)] Loss: 48.76342 = L_Mnfld: 12.68875 + L_NonMnfld: 16.87571 + L_Nrml: 0.00000 + L_Eknl: 9.43520 + L_Div: 0.00000 + L_Morse: 9.76376
Epoch: 0 [1020/10000 (10%)] Unweighted L_s : L_Mnfld: 0.00181,  L_NonMnfld: 0.02813,  L_Nrml: 0.00000,  L_Eknl: 0.18870, L_Morse: 0.97638

Weights: [7000.0, 600.0, 0, 50.0, 0.0, 10.0], lr=5.000e-05
Epoch: 0 [1030/10000 (10%)] Loss: 48.99314 = L_Mnfld: 12.85299 + L_NonMnfld: 17.22467 + L_Nrml: 0.00000 + L_Eknl: 9.58245 + L_Div: 0.00000 + L_Morse: 9.33303
Epoch: 0 [1030/10000 (10%)] Unweighted L_s : L_Mnfld: 0.00184,  L_NonMnfld: 0.02871,  L_Nrml: 0.00000,  L_Eknl: 0.19165, L_Morse: 0.93330

Weights: [7000.0, 600.0, 0, 50.0, 0.0, 10.0], lr=5.000e-05
Epoch: 0 [1040/10000 (10%)] Loss: 48.56097 = L_Mnfld: 12.76300 + L_NonMnfld: 16.83953 + L_Nrml: 0.00000 + L_Eknl: 9.47446 + L_Div: 0.00000 + L_Morse: 9.48397
Epoch: 0 [1040/10000 (10%)] Unweighted L_s : L_Mnfld: 0.00182,  L_NonMnfld: 0.02807,  L_Nrml: 0.00000,  L_Eknl: 0.18949, L_Morse: 0.94840

Weights: [7000.0, 600.0, 0, 50.0, 0.0, 10.0], lr=5.000e-05
Epoch: 0 [1050/10000 (10%)] Loss: 48.88140 = L_Mnfld: 12.51424 + L_NonMnfld: 17.03344 + L_Nrml: 0.00000 + L_Eknl: 9.54454 + L_Div: 0.00000 + L_Morse: 9.78917
Epoch: 0 [1050/10000 (10%)] Unweighted L_s : L_Mnfld: 0.00179,  L_NonMnfld: 0.02839,  L_Nrml: 0.00000,  L_Eknl: 0.19089, L_Morse: 0.97892

Weights: [7000.0, 600.0, 0, 50.0, 0.0, 10.0], lr=5.000e-05
Epoch: 0 [1060/10000 (11%)] Loss: 47.11854 = L_Mnfld: 11.98193 + L_NonMnfld: 16.30204 + L_Nrml: 0.00000 + L_Eknl: 9.26014 + L_Div: 0.00000 + L_Morse: 9.57443
Epoch: 0 [1060/10000 (11%)] Unweighted L_s : L_Mnfld: 0.00171,  L_NonMnfld: 0.02717,  L_Nrml: 0.00000,  L_Eknl: 0.18520, L_Morse: 0.95744

Weights: [7000.0, 600.0, 0, 50.0, 0.0, 10.0], lr=5.000e-05
Epoch: 0 [1070/10000 (11%)] Loss: 49.16283 = L_Mnfld: 12.06557 + L_NonMnfld: 18.18422 + L_Nrml: 0.00000 + L_Eknl: 9.24031 + L_Div: 0.00000 + L_Morse: 9.67273
Epoch: 0 [1070/10000 (11%)] Unweighted L_s : L_Mnfld: 0.00172,  L_NonMnfld: 0.03031,  L_Nrml: 0.00000,  L_Eknl: 0.18481, L_Morse: 0.96727

Weights: [7000.0, 600.0, 0, 50.0, 0.0, 10.0], lr=5.000e-05
Epoch: 0 [1080/10000 (11%)] Loss: 47.68148 = L_Mnfld: 11.66831 + L_NonMnfld: 17.27175 + L_Nrml: 0.00000 + L_Eknl: 9.22235 + L_Div: 0.00000 + L_Morse: 9.51908
Epoch: 0 [1080/10000 (11%)] Unweighted L_s : L_Mnfld: 0.00167,  L_NonMnfld: 0.02879,  L_Nrml: 0.00000,  L_Eknl: 0.18445, L_Morse: 0.95191

Weights: [7000.0, 600.0, 0, 50.0, 0.0, 10.0], lr=5.000e-05
Epoch: 0 [1090/10000 (11%)] Loss: 45.42718 = L_Mnfld: 9.71684 + L_NonMnfld: 16.90883 + L_Nrml: 0.00000 + L_Eknl: 9.31135 + L_Div: 0.00000 + L_Morse: 9.49016
Epoch: 0 [1090/10000 (11%)] Unweighted L_s : L_Mnfld: 0.00139,  L_NonMnfld: 0.02818,  L_Nrml: 0.00000,  L_Eknl: 0.18623, L_Morse: 0.94902

Weights: [7000.0, 600.0, 0, 50.0, 0.0, 10.0], lr=5.000e-05
Epoch: 0 [1100/10000 (11%)] Loss: 48.58556 = L_Mnfld: 12.19616 + L_NonMnfld: 17.84078 + L_Nrml: 0.00000 + L_Eknl: 9.27327 + L_Div: 0.00000 + L_Morse: 9.27535
Epoch: 0 [1100/10000 (11%)] Unweighted L_s : L_Mnfld: 0.00174,  L_NonMnfld: 0.02973,  L_Nrml: 0.00000,  L_Eknl: 0.18547, L_Morse: 0.92754

Weights: [7000.0, 600.0, 0, 50.0, 0.0, 10.0], lr=5.000e-05
Epoch: 0 [1110/10000 (11%)] Loss: 46.69646 = L_Mnfld: 11.58256 + L_NonMnfld: 16.94463 + L_Nrml: 0.00000 + L_Eknl: 9.03413 + L_Div: 0.00000 + L_Morse: 9.13514
Epoch: 0 [1110/10000 (11%)] Unweighted L_s : L_Mnfld: 0.00165,  L_NonMnfld: 0.02824,  L_Nrml: 0.00000,  L_Eknl: 0.18068, L_Morse: 0.91351

Weights: [7000.0, 600.0, 0, 50.0, 0.0, 10.0], lr=5.000e-05
Epoch: 0 [1120/10000 (11%)] Loss: 46.76852 = L_Mnfld: 11.88813 + L_NonMnfld: 16.12290 + L_Nrml: 0.00000 + L_Eknl: 9.27586 + L_Div: 0.00000 + L_Morse: 9.48162
Epoch: 0 [1120/10000 (11%)] Unweighted L_s : L_Mnfld: 0.00170,  L_NonMnfld: 0.02687,  L_Nrml: 0.00000,  L_Eknl: 0.18552, L_Morse: 0.94816

Weights: [7000.0, 600.0, 0, 50.0, 0.0, 10.0], lr=5.000e-05
Epoch: 0 [1130/10000 (11%)] Loss: 46.64585 = L_Mnfld: 11.02710 + L_NonMnfld: 17.01831 + L_Nrml: 0.00000 + L_Eknl: 9.10995 + L_Div: 0.00000 + L_Morse: 9.49051
Epoch: 0 [1130/10000 (11%)] Unweighted L_s : L_Mnfld: 0.00158,  L_NonMnfld: 0.02836,  L_Nrml: 0.00000,  L_Eknl: 0.18220, L_Morse: 0.94905

Weights: [7000.0, 600.0, 0, 50.0, 0.0, 10.0], lr=5.000e-05
Epoch: 0 [1140/10000 (11%)] Loss: 47.37761 = L_Mnfld: 11.41900 + L_NonMnfld: 17.20860 + L_Nrml: 0.00000 + L_Eknl: 9.14276 + L_Div: 0.00000 + L_Morse: 9.60725
Epoch: 0 [1140/10000 (11%)] Unweighted L_s : L_Mnfld: 0.00163,  L_NonMnfld: 0.02868,  L_Nrml: 0.00000,  L_Eknl: 0.18286, L_Morse: 0.96072

Weights: [7000.0, 600.0, 0, 50.0, 0.0, 10.0], lr=5.000e-05
Epoch: 0 [1150/10000 (12%)] Loss: 46.14936 = L_Mnfld: 11.14226 + L_NonMnfld: 16.52527 + L_Nrml: 0.00000 + L_Eknl: 8.97495 + L_Div: 0.00000 + L_Morse: 9.50688
Epoch: 0 [1150/10000 (12%)] Unweighted L_s : L_Mnfld: 0.00159,  L_NonMnfld: 0.02754,  L_Nrml: 0.00000,  L_Eknl: 0.17950, L_Morse: 0.95069

Weights: [7000.0, 600.0, 0, 50.0, 0.0, 10.0], lr=5.000e-05
Epoch: 0 [1160/10000 (12%)] Loss: 46.39151 = L_Mnfld: 11.90654 + L_NonMnfld: 15.63863 + L_Nrml: 0.00000 + L_Eknl: 9.00009 + L_Div: 0.00000 + L_Morse: 9.84625
Epoch: 0 [1160/10000 (12%)] Unweighted L_s : L_Mnfld: 0.00170,  L_NonMnfld: 0.02606,  L_Nrml: 0.00000,  L_Eknl: 0.18000, L_Morse: 0.98462

Weights: [7000.0, 600.0, 0, 50.0, 0.0, 10.0], lr=5.000e-05
Epoch: 0 [1170/10000 (12%)] Loss: 48.04359 = L_Mnfld: 11.72948 + L_NonMnfld: 17.99031 + L_Nrml: 0.00000 + L_Eknl: 9.06840 + L_Div: 0.00000 + L_Morse: 9.25541
Epoch: 0 [1170/10000 (12%)] Unweighted L_s : L_Mnfld: 0.00168,  L_NonMnfld: 0.02998,  L_Nrml: 0.00000,  L_Eknl: 0.18137, L_Morse: 0.92554

Weights: [7000.0, 600.0, 0, 50.0, 0.0, 10.0], lr=5.000e-05
Epoch: 0 [1180/10000 (12%)] Loss: 45.84463 = L_Mnfld: 11.79653 + L_NonMnfld: 15.74702 + L_Nrml: 0.00000 + L_Eknl: 8.95242 + L_Div: 0.00000 + L_Morse: 9.34865
Epoch: 0 [1180/10000 (12%)] Unweighted L_s : L_Mnfld: 0.00169,  L_NonMnfld: 0.02625,  L_Nrml: 0.00000,  L_Eknl: 0.17905, L_Morse: 0.93487

Weights: [7000.0, 600.0, 0, 50.0, 0.0, 10.0], lr=5.000e-05
Epoch: 0 [1190/10000 (12%)] Loss: 46.14722 = L_Mnfld: 11.32010 + L_NonMnfld: 16.86123 + L_Nrml: 0.00000 + L_Eknl: 9.02257 + L_Div: 0.00000 + L_Morse: 8.94332
Epoch: 0 [1190/10000 (12%)] Unweighted L_s : L_Mnfld: 0.00162,  L_NonMnfld: 0.02810,  L_Nrml: 0.00000,  L_Eknl: 0.18045, L_Morse: 0.89433

Weights: [7000.0, 600.0, 0, 50.0, 0.0, 10.0], lr=5.000e-05
Epoch: 0 [1200/10000 (12%)] Loss: 46.69152 = L_Mnfld: 11.56367 + L_NonMnfld: 16.20183 + L_Nrml: 0.00000 + L_Eknl: 8.89583 + L_Div: 0.00000 + L_Morse: 10.03019
Epoch: 0 [1200/10000 (12%)] Unweighted L_s : L_Mnfld: 0.00165,  L_NonMnfld: 0.02700,  L_Nrml: 0.00000,  L_Eknl: 0.17792, L_Morse: 1.00302

Weights: [7000.0, 600.0, 0, 50.0, 0.0, 10.0], lr=5.000e-05
Epoch: 0 [1210/10000 (12%)] Loss: 46.44649 = L_Mnfld: 10.93545 + L_NonMnfld: 16.95074 + L_Nrml: 0.00000 + L_Eknl: 9.15415 + L_Div: 0.00000 + L_Morse: 9.40614
Epoch: 0 [1210/10000 (12%)] Unweighted L_s : L_Mnfld: 0.00156,  L_NonMnfld: 0.02825,  L_Nrml: 0.00000,  L_Eknl: 0.18308, L_Morse: 0.94061

Weights: [7000.0, 600.0, 0, 50.0, 0.0, 10.0], lr=5.000e-05
Epoch: 0 [1220/10000 (12%)] Loss: 47.05206 = L_Mnfld: 11.65219 + L_NonMnfld: 16.73659 + L_Nrml: 0.00000 + L_Eknl: 9.11929 + L_Div: 0.00000 + L_Morse: 9.54399
Epoch: 0 [1220/10000 (12%)] Unweighted L_s : L_Mnfld: 0.00166,  L_NonMnfld: 0.02789,  L_Nrml: 0.00000,  L_Eknl: 0.18239, L_Morse: 0.95440

Weights: [7000.0, 600.0, 0, 50.0, 0.0, 10.0], lr=5.000e-05
Epoch: 0 [1230/10000 (12%)] Loss: 45.91991 = L_Mnfld: 10.50889 + L_NonMnfld: 16.60896 + L_Nrml: 0.00000 + L_Eknl: 9.12687 + L_Div: 0.00000 + L_Morse: 9.67519
Epoch: 0 [1230/10000 (12%)] Unweighted L_s : L_Mnfld: 0.00150,  L_NonMnfld: 0.02768,  L_Nrml: 0.00000,  L_Eknl: 0.18254, L_Morse: 0.96752

Weights: [7000.0, 600.0, 0, 50.0, 0.0, 10.0], lr=5.000e-05
Epoch: 0 [1240/10000 (12%)] Loss: 46.21279 = L_Mnfld: 12.00650 + L_NonMnfld: 15.71815 + L_Nrml: 0.00000 + L_Eknl: 9.02599 + L_Div: 0.00000 + L_Morse: 9.46216
Epoch: 0 [1240/10000 (12%)] Unweighted L_s : L_Mnfld: 0.00172,  L_NonMnfld: 0.02620,  L_Nrml: 0.00000,  L_Eknl: 0.18052, L_Morse: 0.94622

Weights: [7000.0, 600.0, 0, 50.0, 0.0, 10.0], lr=5.000e-05
Epoch: 0 [1250/10000 (12%)] Loss: 44.50503 = L_Mnfld: 11.23502 + L_NonMnfld: 14.96030 + L_Nrml: 0.00000 + L_Eknl: 9.10755 + L_Div: 0.00000 + L_Morse: 9.20215
Epoch: 0 [1250/10000 (12%)] Unweighted L_s : L_Mnfld: 0.00161,  L_NonMnfld: 0.02493,  L_Nrml: 0.00000,  L_Eknl: 0.18215, L_Morse: 0.92021

Weights: [7000.0, 600.0, 0, 50.0, 0.0, 10.0], lr=5.000e-05
Epoch: 0 [1260/10000 (13%)] Loss: 46.88805 = L_Mnfld: 12.23248 + L_NonMnfld: 16.15718 + L_Nrml: 0.00000 + L_Eknl: 8.95793 + L_Div: 0.00000 + L_Morse: 9.54046
Epoch: 0 [1260/10000 (13%)] Unweighted L_s : L_Mnfld: 0.00175,  L_NonMnfld: 0.02693,  L_Nrml: 0.00000,  L_Eknl: 0.17916, L_Morse: 0.95405

Weights: [7000.0, 600.0, 0, 50.0, 0.0, 10.0], lr=5.000e-05
Epoch: 0 [1270/10000 (13%)] Loss: 44.76886 = L_Mnfld: 10.35736 + L_NonMnfld: 16.21500 + L_Nrml: 0.00000 + L_Eknl: 8.96914 + L_Div: 0.00000 + L_Morse: 9.22735
Epoch: 0 [1270/10000 (13%)] Unweighted L_s : L_Mnfld: 0.00148,  L_NonMnfld: 0.02703,  L_Nrml: 0.00000,  L_Eknl: 0.17938, L_Morse: 0.92273

Weights: [7000.0, 600.0, 0, 50.0, 0.0, 10.0], lr=5.000e-05
Epoch: 0 [1280/10000 (13%)] Loss: 45.42500 = L_Mnfld: 12.01732 + L_NonMnfld: 15.25349 + L_Nrml: 0.00000 + L_Eknl: 8.86944 + L_Div: 0.00000 + L_Morse: 9.28474
Epoch: 0 [1280/10000 (13%)] Unweighted L_s : L_Mnfld: 0.00172,  L_NonMnfld: 0.02542,  L_Nrml: 0.00000,  L_Eknl: 0.17739, L_Morse: 0.92847

Weights: [7000.0, 600.0, 0, 50.0, 0.0, 10.0], lr=5.000e-05
Epoch: 0 [1290/10000 (13%)] Loss: 46.77913 = L_Mnfld: 11.51985 + L_NonMnfld: 16.52552 + L_Nrml: 0.00000 + L_Eknl: 9.26200 + L_Div: 0.00000 + L_Morse: 9.47176
Epoch: 0 [1290/10000 (13%)] Unweighted L_s : L_Mnfld: 0.00165,  L_NonMnfld: 0.02754,  L_Nrml: 0.00000,  L_Eknl: 0.18524, L_Morse: 0.94718

Weights: [7000.0, 600.0, 0, 50.0, 0.0, 10.0], lr=5.000e-05
Epoch: 0 [1300/10000 (13%)] Loss: 45.57199 = L_Mnfld: 11.50426 + L_NonMnfld: 16.32243 + L_Nrml: 0.00000 + L_Eknl: 8.93828 + L_Div: 0.00000 + L_Morse: 8.80703
Epoch: 0 [1300/10000 (13%)] Unweighted L_s : L_Mnfld: 0.00164,  L_NonMnfld: 0.02720,  L_Nrml: 0.00000,  L_Eknl: 0.17877, L_Morse: 0.88070

Weights: [7000.0, 600.0, 0, 50.0, 0.0, 10.0], lr=5.000e-05
Epoch: 0 [1310/10000 (13%)] Loss: 45.47997 = L_Mnfld: 10.83483 + L_NonMnfld: 16.46199 + L_Nrml: 0.00000 + L_Eknl: 9.04210 + L_Div: 0.00000 + L_Morse: 9.14106
Epoch: 0 [1310/10000 (13%)] Unweighted L_s : L_Mnfld: 0.00155,  L_NonMnfld: 0.02744,  L_Nrml: 0.00000,  L_Eknl: 0.18084, L_Morse: 0.91411

Weights: [7000.0, 600.0, 0, 50.0, 0.0, 10.0], lr=5.000e-05
Epoch: 0 [1320/10000 (13%)] Loss: 45.96972 = L_Mnfld: 11.41659 + L_NonMnfld: 16.12206 + L_Nrml: 0.00000 + L_Eknl: 8.88403 + L_Div: 0.00000 + L_Morse: 9.54704
Epoch: 0 [1320/10000 (13%)] Unweighted L_s : L_Mnfld: 0.00163,  L_NonMnfld: 0.02687,  L_Nrml: 0.00000,  L_Eknl: 0.17768, L_Morse: 0.95470

Weights: [7000.0, 600.0, 0, 50.0, 0.0, 10.0], lr=5.000e-05
Epoch: 0 [1330/10000 (13%)] Loss: 44.38722 = L_Mnfld: 10.49083 + L_NonMnfld: 15.30382 + L_Nrml: 0.00000 + L_Eknl: 8.88537 + L_Div: 0.00000 + L_Morse: 9.70721
Epoch: 0 [1330/10000 (13%)] Unweighted L_s : L_Mnfld: 0.00150,  L_NonMnfld: 0.02551,  L_Nrml: 0.00000,  L_Eknl: 0.17771, L_Morse: 0.97072

Weights: [7000.0, 600.0, 0, 50.0, 0.0, 10.0], lr=5.000e-05
Epoch: 0 [1340/10000 (13%)] Loss: 47.75093 = L_Mnfld: 12.91136 + L_NonMnfld: 16.28670 + L_Nrml: 0.00000 + L_Eknl: 8.97157 + L_Div: 0.00000 + L_Morse: 9.58129
Epoch: 0 [1340/10000 (13%)] Unweighted L_s : L_Mnfld: 0.00184,  L_NonMnfld: 0.02714,  L_Nrml: 0.00000,  L_Eknl: 0.17943, L_Morse: 0.95813

Weights: [7000.0, 600.0, 0, 50.0, 0.0, 10.0], lr=5.000e-05
Epoch: 0 [1350/10000 (14%)] Loss: 46.08265 = L_Mnfld: 11.99760 + L_NonMnfld: 15.71835 + L_Nrml: 0.00000 + L_Eknl: 8.96889 + L_Div: 0.00000 + L_Morse: 9.39781
Epoch: 0 [1350/10000 (14%)] Unweighted L_s : L_Mnfld: 0.00171,  L_NonMnfld: 0.02620,  L_Nrml: 0.00000,  L_Eknl: 0.17938, L_Morse: 0.93978

Weights: [7000.0, 600.0, 0, 50.0, 0.0, 10.0], lr=5.000e-05
Epoch: 0 [1360/10000 (14%)] Loss: 49.31856 = L_Mnfld: 15.22445 + L_NonMnfld: 15.87870 + L_Nrml: 0.00000 + L_Eknl: 8.92698 + L_Div: 0.00000 + L_Morse: 9.28843
Epoch: 0 [1360/10000 (14%)] Unweighted L_s : L_Mnfld: 0.00217,  L_NonMnfld: 0.02646,  L_Nrml: 0.00000,  L_Eknl: 0.17854, L_Morse: 0.92884

Weights: [7000.0, 600.0, 0, 50.0, 0.0, 10.0], lr=5.000e-05
Epoch: 0 [1370/10000 (14%)] Loss: 45.86553 = L_Mnfld: 11.64050 + L_NonMnfld: 15.84839 + L_Nrml: 0.00000 + L_Eknl: 9.22066 + L_Div: 0.00000 + L_Morse: 9.15598
Epoch: 0 [1370/10000 (14%)] Unweighted L_s : L_Mnfld: 0.00166,  L_NonMnfld: 0.02641,  L_Nrml: 0.00000,  L_Eknl: 0.18441, L_Morse: 0.91560

Weights: [7000.0, 600.0, 0, 50.0, 0.0, 10.0], lr=5.000e-05
Epoch: 0 [1380/10000 (14%)] Loss: 45.55929 = L_Mnfld: 13.03215 + L_NonMnfld: 14.25244 + L_Nrml: 0.00000 + L_Eknl: 8.88074 + L_Div: 0.00000 + L_Morse: 9.39396
Epoch: 0 [1380/10000 (14%)] Unweighted L_s : L_Mnfld: 0.00186,  L_NonMnfld: 0.02375,  L_Nrml: 0.00000,  L_Eknl: 0.17761, L_Morse: 0.93940

Weights: [7000.0, 600.0, 0, 50.0, 0.0, 10.0], lr=5.000e-05
Epoch: 0 [1390/10000 (14%)] Loss: 44.71356 = L_Mnfld: 10.79654 + L_NonMnfld: 16.06083 + L_Nrml: 0.00000 + L_Eknl: 9.17144 + L_Div: 0.00000 + L_Morse: 8.68475
Epoch: 0 [1390/10000 (14%)] Unweighted L_s : L_Mnfld: 0.00154,  L_NonMnfld: 0.02677,  L_Nrml: 0.00000,  L_Eknl: 0.18343, L_Morse: 0.86847

Weights: [7000.0, 600.0, 0, 50.0, 0.0, 10.0], lr=5.000e-05
Epoch: 0 [1400/10000 (14%)] Loss: 44.50792 = L_Mnfld: 11.16499 + L_NonMnfld: 15.61569 + L_Nrml: 0.00000 + L_Eknl: 8.82874 + L_Div: 0.00000 + L_Morse: 8.89849
Epoch: 0 [1400/10000 (14%)] Unweighted L_s : L_Mnfld: 0.00159,  L_NonMnfld: 0.02603,  L_Nrml: 0.00000,  L_Eknl: 0.17657, L_Morse: 0.88985

Weights: [7000.0, 600.0, 0, 50.0, 0.0, 10.0], lr=5.000e-05
Epoch: 0 [1410/10000 (14%)] Loss: 43.49719 = L_Mnfld: 11.29088 + L_NonMnfld: 14.85373 + L_Nrml: 0.00000 + L_Eknl: 8.74703 + L_Div: 0.00000 + L_Morse: 8.60555
Epoch: 0 [1410/10000 (14%)] Unweighted L_s : L_Mnfld: 0.00161,  L_NonMnfld: 0.02476,  L_Nrml: 0.00000,  L_Eknl: 0.17494, L_Morse: 0.86056

Weights: [7000.0, 600.0, 0, 50.0, 0.0, 10.0], lr=5.000e-05
Epoch: 0 [1420/10000 (14%)] Loss: 43.88050 = L_Mnfld: 11.14445 + L_NonMnfld: 14.54343 + L_Nrml: 0.00000 + L_Eknl: 8.72717 + L_Div: 0.00000 + L_Morse: 9.46546
Epoch: 0 [1420/10000 (14%)] Unweighted L_s : L_Mnfld: 0.00159,  L_NonMnfld: 0.02424,  L_Nrml: 0.00000,  L_Eknl: 0.17454, L_Morse: 0.94655

Weights: [7000.0, 600.0, 0, 50.0, 0.0, 10.0], lr=5.000e-05
Epoch: 0 [1430/10000 (14%)] Loss: 44.23984 = L_Mnfld: 10.33965 + L_NonMnfld: 16.48309 + L_Nrml: 0.00000 + L_Eknl: 8.73971 + L_Div: 0.00000 + L_Morse: 8.67739
Epoch: 0 [1430/10000 (14%)] Unweighted L_s : L_Mnfld: 0.00148,  L_NonMnfld: 0.02747,  L_Nrml: 0.00000,  L_Eknl: 0.17479, L_Morse: 0.86774

Weights: [7000.0, 600.0, 0, 50.0, 0.0, 10.0], lr=5.000e-05
Epoch: 0 [1440/10000 (14%)] Loss: 43.37225 = L_Mnfld: 10.70857 + L_NonMnfld: 15.13931 + L_Nrml: 0.00000 + L_Eknl: 8.69043 + L_Div: 0.00000 + L_Morse: 8.83394
Epoch: 0 [1440/10000 (14%)] Unweighted L_s : L_Mnfld: 0.00153,  L_NonMnfld: 0.02523,  L_Nrml: 0.00000,  L_Eknl: 0.17381, L_Morse: 0.88339

Weights: [7000.0, 600.0, 0, 50.0, 0.0, 10.0], lr=5.000e-05
Epoch: 0 [1450/10000 (14%)] Loss: 42.58467 = L_Mnfld: 8.92560 + L_NonMnfld: 16.48689 + L_Nrml: 0.00000 + L_Eknl: 8.88143 + L_Div: 0.00000 + L_Morse: 8.29075
Epoch: 0 [1450/10000 (14%)] Unweighted L_s : L_Mnfld: 0.00128,  L_NonMnfld: 0.02748,  L_Nrml: 0.00000,  L_Eknl: 0.17763, L_Morse: 0.82908

Weights: [7000.0, 600.0, 0, 50.0, 0.0, 10.0], lr=5.000e-05
Epoch: 0 [1460/10000 (15%)] Loss: 42.40917 = L_Mnfld: 10.14436 + L_NonMnfld: 14.99048 + L_Nrml: 0.00000 + L_Eknl: 8.72609 + L_Div: 0.00000 + L_Morse: 8.54824
Epoch: 0 [1460/10000 (15%)] Unweighted L_s : L_Mnfld: 0.00145,  L_NonMnfld: 0.02498,  L_Nrml: 0.00000,  L_Eknl: 0.17452, L_Morse: 0.85482

Weights: [7000.0, 600.0, 0, 50.0, 0.0, 10.0], lr=5.000e-05
Epoch: 0 [1470/10000 (15%)] Loss: 45.35813 = L_Mnfld: 12.35180 + L_NonMnfld: 15.10369 + L_Nrml: 0.00000 + L_Eknl: 9.10728 + L_Div: 0.00000 + L_Morse: 8.79536
Epoch: 0 [1470/10000 (15%)] Unweighted L_s : L_Mnfld: 0.00176,  L_NonMnfld: 0.02517,  L_Nrml: 0.00000,  L_Eknl: 0.18215, L_Morse: 0.87954

Weights: [7000.0, 600.0, 0, 50.0, 0.0, 10.0], lr=5.000e-05
Epoch: 0 [1480/10000 (15%)] Loss: 45.25381 = L_Mnfld: 12.00209 + L_NonMnfld: 15.92329 + L_Nrml: 0.00000 + L_Eknl: 8.92547 + L_Div: 0.00000 + L_Morse: 8.40296
Epoch: 0 [1480/10000 (15%)] Unweighted L_s : L_Mnfld: 0.00171,  L_NonMnfld: 0.02654,  L_Nrml: 0.00000,  L_Eknl: 0.17851, L_Morse: 0.84030

Weights: [7000.0, 600.0, 0, 50.0, 0.0, 10.0], lr=5.000e-05
Epoch: 0 [1490/10000 (15%)] Loss: 45.29686 = L_Mnfld: 11.66849 + L_NonMnfld: 16.20796 + L_Nrml: 0.00000 + L_Eknl: 9.00442 + L_Div: 0.00000 + L_Morse: 8.41598
Epoch: 0 [1490/10000 (15%)] Unweighted L_s : L_Mnfld: 0.00167,  L_NonMnfld: 0.02701,  L_Nrml: 0.00000,  L_Eknl: 0.18009, L_Morse: 0.84160

Weights: [7000.0, 600.0, 0, 50.0, 0.0, 10.0], lr=5.000e-05
Epoch: 0 [1500/10000 (15%)] Loss: 43.99391 = L_Mnfld: 10.25117 + L_NonMnfld: 16.20821 + L_Nrml: 0.00000 + L_Eknl: 8.70310 + L_Div: 0.00000 + L_Morse: 8.83143
Epoch: 0 [1500/10000 (15%)] Unweighted L_s : L_Mnfld: 0.00146,  L_NonMnfld: 0.02701,  L_Nrml: 0.00000,  L_Eknl: 0.17406, L_Morse: 0.88314

Weights: [7000.0, 600.0, 0, 50.0, 0.0, 10.0], lr=5.000e-05
Epoch: 0 [1510/10000 (15%)] Loss: 43.57343 = L_Mnfld: 11.02123 + L_NonMnfld: 14.78329 + L_Nrml: 0.00000 + L_Eknl: 8.53937 + L_Div: 0.00000 + L_Morse: 9.22954
Epoch: 0 [1510/10000 (15%)] Unweighted L_s : L_Mnfld: 0.00157,  L_NonMnfld: 0.02464,  L_Nrml: 0.00000,  L_Eknl: 0.17079, L_Morse: 0.92295

Weights: [7000.0, 600.0, 0, 50.0, 0.0, 10.0], lr=5.000e-05
Epoch: 0 [1520/10000 (15%)] Loss: 45.91067 = L_Mnfld: 12.71084 + L_NonMnfld: 15.26157 + L_Nrml: 0.00000 + L_Eknl: 8.72734 + L_Div: 0.00000 + L_Morse: 9.21092
Epoch: 0 [1520/10000 (15%)] Unweighted L_s : L_Mnfld: 0.00182,  L_NonMnfld: 0.02544,  L_Nrml: 0.00000,  L_Eknl: 0.17455, L_Morse: 0.92109

Weights: [7000.0, 600.0, 0, 50.0, 0.0, 10.0], lr=5.000e-05
Epoch: 0 [1530/10000 (15%)] Loss: 46.12067 = L_Mnfld: 13.40140 + L_NonMnfld: 14.12928 + L_Nrml: 0.00000 + L_Eknl: 8.99459 + L_Div: 0.00000 + L_Morse: 9.59540
Epoch: 0 [1530/10000 (15%)] Unweighted L_s : L_Mnfld: 0.00191,  L_NonMnfld: 0.02355,  L_Nrml: 0.00000,  L_Eknl: 0.17989, L_Morse: 0.95954

Weights: [7000.0, 600.0, 0, 50.0, 0.0, 10.0], lr=5.000e-05
Epoch: 0 [1540/10000 (15%)] Loss: 47.03164 = L_Mnfld: 14.28815 + L_NonMnfld: 14.64786 + L_Nrml: 0.00000 + L_Eknl: 8.91213 + L_Div: 0.00000 + L_Morse: 9.18351
Epoch: 0 [1540/10000 (15%)] Unweighted L_s : L_Mnfld: 0.00204,  L_NonMnfld: 0.02441,  L_Nrml: 0.00000,  L_Eknl: 0.17824, L_Morse: 0.91835

Weights: [7000.0, 600.0, 0, 50.0, 0.0, 10.0], lr=5.000e-05
Epoch: 0 [1550/10000 (16%)] Loss: 49.10640 = L_Mnfld: 14.18703 + L_NonMnfld: 16.38006 + L_Nrml: 0.00000 + L_Eknl: 9.02057 + L_Div: 0.00000 + L_Morse: 9.51874
Epoch: 0 [1550/10000 (16%)] Unweighted L_s : L_Mnfld: 0.00203,  L_NonMnfld: 0.02730,  L_Nrml: 0.00000,  L_Eknl: 0.18041, L_Morse: 0.95187

Weights: [7000.0, 600.0, 0, 50.0, 0.0, 10.0], lr=5.000e-05
Epoch: 0 [1560/10000 (16%)] Loss: 45.89175 = L_Mnfld: 13.09508 + L_NonMnfld: 15.11299 + L_Nrml: 0.00000 + L_Eknl: 8.87550 + L_Div: 0.00000 + L_Morse: 8.80818
Epoch: 0 [1560/10000 (16%)] Unweighted L_s : L_Mnfld: 0.00187,  L_NonMnfld: 0.02519,  L_Nrml: 0.00000,  L_Eknl: 0.17751, L_Morse: 0.88082

Weights: [7000.0, 600.0, 0, 50.0, 0.0, 10.0], lr=5.000e-05
Epoch: 0 [1570/10000 (16%)] Loss: 44.27753 = L_Mnfld: 11.39395 + L_NonMnfld: 14.78909 + L_Nrml: 0.00000 + L_Eknl: 8.80279 + L_Div: 0.00000 + L_Morse: 9.29170
Epoch: 0 [1570/10000 (16%)] Unweighted L_s : L_Mnfld: 0.00163,  L_NonMnfld: 0.02465,  L_Nrml: 0.00000,  L_Eknl: 0.17606, L_Morse: 0.92917

Weights: [7000.0, 600.0, 0, 50.0, 0.0, 10.0], lr=5.000e-05
Epoch: 0 [1580/10000 (16%)] Loss: 46.81921 = L_Mnfld: 12.98685 + L_NonMnfld: 15.73382 + L_Nrml: 0.00000 + L_Eknl: 8.72830 + L_Div: 0.00000 + L_Morse: 9.37024
Epoch: 0 [1580/10000 (16%)] Unweighted L_s : L_Mnfld: 0.00186,  L_NonMnfld: 0.02622,  L_Nrml: 0.00000,  L_Eknl: 0.17457, L_Morse: 0.93702

Weights: [7000.0, 600.0, 0, 50.0, 0.0, 10.0], lr=5.000e-05
Epoch: 0 [1590/10000 (16%)] Loss: 49.68663 = L_Mnfld: 14.32296 + L_NonMnfld: 17.03433 + L_Nrml: 0.00000 + L_Eknl: 9.93508 + L_Div: 0.00000 + L_Morse: 8.39426
Epoch: 0 [1590/10000 (16%)] Unweighted L_s : L_Mnfld: 0.00205,  L_NonMnfld: 0.02839,  L_Nrml: 0.00000,  L_Eknl: 0.19870, L_Morse: 0.83943

Weights: [7000.0, 600.0, 0, 50.0, 0.0, 10.0], lr=5.000e-05
Epoch: 0 [1600/10000 (16%)] Loss: 51.79447 = L_Mnfld: 19.49071 + L_NonMnfld: 14.33059 + L_Nrml: 0.00000 + L_Eknl: 8.83124 + L_Div: 0.00000 + L_Morse: 9.14193
Epoch: 0 [1600/10000 (16%)] Unweighted L_s : L_Mnfld: 0.00278,  L_NonMnfld: 0.02388,  L_Nrml: 0.00000,  L_Eknl: 0.17662, L_Morse: 0.91419

Weights: [7000.0, 600.0, 0, 50.0, 0.0, 10.0], lr=5.000e-05
Epoch: 0 [1610/10000 (16%)] Loss: 53.21296 = L_Mnfld: 19.97594 + L_NonMnfld: 13.88623 + L_Nrml: 0.00000 + L_Eknl: 9.14755 + L_Div: 0.00000 + L_Morse: 10.20324
Epoch: 0 [1610/10000 (16%)] Unweighted L_s : L_Mnfld: 0.00285,  L_NonMnfld: 0.02314,  L_Nrml: 0.00000,  L_Eknl: 0.18295, L_Morse: 1.02032

Weights: [7000.0, 600.0, 0, 50.0, 0.0, 10.0], lr=5.000e-05
Epoch: 0 [1620/10000 (16%)] Loss: 60.87382 = L_Mnfld: 23.91008 + L_NonMnfld: 15.40816 + L_Nrml: 0.00000 + L_Eknl: 10.40776 + L_Div: 0.00000 + L_Morse: 11.14782
Epoch: 0 [1620/10000 (16%)] Unweighted L_s : L_Mnfld: 0.00342,  L_NonMnfld: 0.02568,  L_Nrml: 0.00000,  L_Eknl: 0.20816, L_Morse: 1.11478

Weights: [7000.0, 600.0, 0, 50.0, 0.0, 10.0], lr=5.000e-05
Epoch: 0 [1630/10000 (16%)] Loss: 85.30569 = L_Mnfld: 38.75074 + L_NonMnfld: 16.37890 + L_Nrml: 0.00000 + L_Eknl: 12.94092 + L_Div: 0.00000 + L_Morse: 17.23512
Epoch: 0 [1630/10000 (16%)] Unweighted L_s : L_Mnfld: 0.00554,  L_NonMnfld: 0.02730,  L_Nrml: 0.00000,  L_Eknl: 0.25882, L_Morse: 1.72351

Weights: [7000.0, 600.0, 0, 50.0, 0.0, 10.0], lr=5.000e-05
Epoch: 0 [1640/10000 (16%)] Loss: 85.09505 = L_Mnfld: 37.10826 + L_NonMnfld: 18.24381 + L_Nrml: 0.00000 + L_Eknl: 15.61618 + L_Div: 0.00000 + L_Morse: 14.12681
Epoch: 0 [1640/10000 (16%)] Unweighted L_s : L_Mnfld: 0.00530,  L_NonMnfld: 0.03041,  L_Nrml: 0.00000,  L_Eknl: 0.31232, L_Morse: 1.41268

Weights: [7000.0, 600.0, 0, 50.0, 0.0, 10.0], lr=5.000e-05
Epoch: 0 [1650/10000 (16%)] Loss: 72.29536 = L_Mnfld: 30.85583 + L_NonMnfld: 16.68223 + L_Nrml: 0.00000 + L_Eknl: 12.72107 + L_Div: 0.00000 + L_Morse: 12.03623
Epoch: 0 [1650/10000 (16%)] Unweighted L_s : L_Mnfld: 0.00441,  L_NonMnfld: 0.02780,  L_Nrml: 0.00000,  L_Eknl: 0.25442, L_Morse: 1.20362

Weights: [7000.0, 600.0, 0, 50.0, 0.0, 10.0], lr=5.000e-05
Epoch: 0 [1660/10000 (17%)] Loss: 60.42202 = L_Mnfld: 21.28479 + L_NonMnfld: 16.66269 + L_Nrml: 0.00000 + L_Eknl: 11.92243 + L_Div: 0.00000 + L_Morse: 10.55210
Epoch: 0 [1660/10000 (17%)] Unweighted L_s : L_Mnfld: 0.00304,  L_NonMnfld: 0.02777,  L_Nrml: 0.00000,  L_Eknl: 0.23845, L_Morse: 1.05521

Weights: [7000.0, 600.0, 0, 50.0, 0.0, 10.0], lr=5.000e-05
Epoch: 0 [1670/10000 (17%)] Loss: 55.43837 = L_Mnfld: 19.47208 + L_NonMnfld: 15.50603 + L_Nrml: 0.00000 + L_Eknl: 10.89796 + L_Div: 0.00000 + L_Morse: 9.56229
Epoch: 0 [1670/10000 (17%)] Unweighted L_s : L_Mnfld: 0.00278,  L_NonMnfld: 0.02584,  L_Nrml: 0.00000,  L_Eknl: 0.21796, L_Morse: 0.95623

Weights: [7000.0, 600.0, 0, 50.0, 0.0, 10.0], lr=5.000e-05
Epoch: 0 [1680/10000 (17%)] Loss: 62.88474 = L_Mnfld: 27.12366 + L_NonMnfld: 15.38798 + L_Nrml: 0.00000 + L_Eknl: 10.20068 + L_Div: 0.00000 + L_Morse: 10.17242
Epoch: 0 [1680/10000 (17%)] Unweighted L_s : L_Mnfld: 0.00387,  L_NonMnfld: 0.02565,  L_Nrml: 0.00000,  L_Eknl: 0.20401, L_Morse: 1.01724

Weights: [7000.0, 600.0, 0, 50.0, 0.0, 10.0], lr=5.000e-05
Epoch: 0 [1690/10000 (17%)] Loss: 57.20652 = L_Mnfld: 20.06003 + L_NonMnfld: 16.31133 + L_Nrml: 0.00000 + L_Eknl: 10.29920 + L_Div: 0.00000 + L_Morse: 10.53597
Epoch: 0 [1690/10000 (17%)] Unweighted L_s : L_Mnfld: 0.00287,  L_NonMnfld: 0.02719,  L_Nrml: 0.00000,  L_Eknl: 0.20598, L_Morse: 1.05360

Weights: [7000.0, 600.0, 0, 50.0, 0.0, 10.0], lr=5.000e-05
Epoch: 0 [1700/10000 (17%)] Loss: 60.19994 = L_Mnfld: 23.49580 + L_NonMnfld: 15.05348 + L_Nrml: 0.00000 + L_Eknl: 10.45164 + L_Div: 0.00000 + L_Morse: 11.19902
Epoch: 0 [1700/10000 (17%)] Unweighted L_s : L_Mnfld: 0.00336,  L_NonMnfld: 0.02509,  L_Nrml: 0.00000,  L_Eknl: 0.20903, L_Morse: 1.11990

Weights: [7000.0, 600.0, 0, 50.0, 0.0, 10.0], lr=5.000e-05
Epoch: 0 [1710/10000 (17%)] Loss: 67.98075 = L_Mnfld: 28.95539 + L_NonMnfld: 15.62137 + L_Nrml: 0.00000 + L_Eknl: 11.19934 + L_Div: 0.00000 + L_Morse: 12.20465
Epoch: 0 [1710/10000 (17%)] Unweighted L_s : L_Mnfld: 0.00414,  L_NonMnfld: 0.02604,  L_Nrml: 0.00000,  L_Eknl: 0.22399, L_Morse: 1.22047

Weights: [7000.0, 600.0, 0, 50.0, 0.0, 10.0], lr=5.000e-05
Epoch: 0 [1720/10000 (17%)] Loss: 61.17245 = L_Mnfld: 22.25056 + L_NonMnfld: 16.72107 + L_Nrml: 0.00000 + L_Eknl: 11.45497 + L_Div: 0.00000 + L_Morse: 10.74586
Epoch: 0 [1720/10000 (17%)] Unweighted L_s : L_Mnfld: 0.00318,  L_NonMnfld: 0.02787,  L_Nrml: 0.00000,  L_Eknl: 0.22910, L_Morse: 1.07459

Weights: [7000.0, 600.0, 0, 50.0, 0.0, 10.0], lr=5.000e-05
Epoch: 0 [1730/10000 (17%)] Loss: 64.10105 = L_Mnfld: 26.32708 + L_NonMnfld: 15.32398 + L_Nrml: 0.00000 + L_Eknl: 11.14633 + L_Div: 0.00000 + L_Morse: 11.30366
Epoch: 0 [1730/10000 (17%)] Unweighted L_s : L_Mnfld: 0.00376,  L_NonMnfld: 0.02554,  L_Nrml: 0.00000,  L_Eknl: 0.22293, L_Morse: 1.13037

Weights: [7000.0, 600.0, 0, 50.0, 0.0, 10.0], lr=5.000e-05
Epoch: 0 [1740/10000 (17%)] Loss: 59.10685 = L_Mnfld: 20.83625 + L_NonMnfld: 16.30339 + L_Nrml: 0.00000 + L_Eknl: 11.40622 + L_Div: 0.00000 + L_Morse: 10.56099
Epoch: 0 [1740/10000 (17%)] Unweighted L_s : L_Mnfld: 0.00298,  L_NonMnfld: 0.02717,  L_Nrml: 0.00000,  L_Eknl: 0.22812, L_Morse: 1.05610

Weights: [7000.0, 600.0, 0, 50.0, 0.0, 10.0], lr=5.000e-05
Epoch: 0 [1750/10000 (18%)] Loss: 53.68500 = L_Mnfld: 19.74403 + L_NonMnfld: 14.32390 + L_Nrml: 0.00000 + L_Eknl: 10.21196 + L_Div: 0.00000 + L_Morse: 9.40511
Epoch: 0 [1750/10000 (18%)] Unweighted L_s : L_Mnfld: 0.00282,  L_NonMnfld: 0.02387,  L_Nrml: 0.00000,  L_Eknl: 0.20424, L_Morse: 0.94051

Weights: [7000.0, 600.0, 0, 50.0, 0.0, 10.0], lr=5.000e-05
Epoch: 0 [1760/10000 (18%)] Loss: 49.43665 = L_Mnfld: 15.15337 + L_NonMnfld: 15.29463 + L_Nrml: 0.00000 + L_Eknl: 10.30591 + L_Div: 0.00000 + L_Morse: 8.68274
Epoch: 0 [1760/10000 (18%)] Unweighted L_s : L_Mnfld: 0.00216,  L_NonMnfld: 0.02549,  L_Nrml: 0.00000,  L_Eknl: 0.20612, L_Morse: 0.86827

Weights: [7000.0, 600.0, 0, 50.0, 0.0, 10.0], lr=5.000e-05
Epoch: 0 [1770/10000 (18%)] Loss: 44.74225 = L_Mnfld: 12.12545 + L_NonMnfld: 14.45658 + L_Nrml: 0.00000 + L_Eknl: 9.61023 + L_Div: 0.00000 + L_Morse: 8.54998
Epoch: 0 [1770/10000 (18%)] Unweighted L_s : L_Mnfld: 0.00173,  L_NonMnfld: 0.02409,  L_Nrml: 0.00000,  L_Eknl: 0.19220, L_Morse: 0.85500

Weights: [7000.0, 600.0, 0, 50.0, 0.0, 10.0], lr=5.000e-05
Epoch: 0 [1780/10000 (18%)] Loss: 42.83026 = L_Mnfld: 10.98783 + L_NonMnfld: 14.54481 + L_Nrml: 0.00000 + L_Eknl: 9.34604 + L_Div: 0.00000 + L_Morse: 7.95158
Epoch: 0 [1780/10000 (18%)] Unweighted L_s : L_Mnfld: 0.00157,  L_NonMnfld: 0.02424,  L_Nrml: 0.00000,  L_Eknl: 0.18692, L_Morse: 0.79516

Weights: [7000.0, 600.0, 0, 50.0, 0.0, 10.0], lr=5.000e-05
Epoch: 0 [1790/10000 (18%)] Loss: 41.68660 = L_Mnfld: 9.95177 + L_NonMnfld: 14.54110 + L_Nrml: 0.00000 + L_Eknl: 9.54506 + L_Div: 0.00000 + L_Morse: 7.64867
Epoch: 0 [1790/10000 (18%)] Unweighted L_s : L_Mnfld: 0.00142,  L_NonMnfld: 0.02424,  L_Nrml: 0.00000,  L_Eknl: 0.19090, L_Morse: 0.76487

Weights: [7000.0, 600.0, 0, 50.0, 0.0, 10.0], lr=5.000e-05
Epoch: 0 [1800/10000 (18%)] Loss: 43.02250 = L_Mnfld: 9.85818 + L_NonMnfld: 16.25437 + L_Nrml: 0.00000 + L_Eknl: 9.16505 + L_Div: 0.00000 + L_Morse: 7.74490
Epoch: 0 [1800/10000 (18%)] Unweighted L_s : L_Mnfld: 0.00141,  L_NonMnfld: 0.02709,  L_Nrml: 0.00000,  L_Eknl: 0.18330, L_Morse: 0.77449

Weights: [7000.0, 600.0, 0, 50.0, 0.0, 10.0], lr=5.000e-05
Epoch: 0 [1810/10000 (18%)] Loss: 41.00668 = L_Mnfld: 9.13226 + L_NonMnfld: 15.10139 + L_Nrml: 0.00000 + L_Eknl: 9.12960 + L_Div: 0.00000 + L_Morse: 7.64343
Epoch: 0 [1810/10000 (18%)] Unweighted L_s : L_Mnfld: 0.00130,  L_NonMnfld: 0.02517,  L_Nrml: 0.00000,  L_Eknl: 0.18259, L_Morse: 0.76434

Weights: [7000.0, 600.0, 0, 50.0, 0.0, 10.0], lr=5.000e-05
Epoch: 0 [1820/10000 (18%)] Loss: 40.23845 = L_Mnfld: 8.24723 + L_NonMnfld: 15.37909 + L_Nrml: 0.00000 + L_Eknl: 8.90592 + L_Div: 0.00000 + L_Morse: 7.70620
Epoch: 0 [1820/10000 (18%)] Unweighted L_s : L_Mnfld: 0.00118,  L_NonMnfld: 0.02563,  L_Nrml: 0.00000,  L_Eknl: 0.17812, L_Morse: 0.77062

Weights: [7000.0, 600.0, 0, 50.0, 0.0, 10.0], lr=5.000e-05
Epoch: 0 [1830/10000 (18%)] Loss: 39.73344 = L_Mnfld: 8.89292 + L_NonMnfld: 14.16619 + L_Nrml: 0.00000 + L_Eknl: 8.93038 + L_Div: 0.00000 + L_Morse: 7.74395
Epoch: 0 [1830/10000 (18%)] Unweighted L_s : L_Mnfld: 0.00127,  L_NonMnfld: 0.02361,  L_Nrml: 0.00000,  L_Eknl: 0.17861, L_Morse: 0.77439

Weights: [7000.0, 600.0, 0, 50.0, 0.0, 10.0], lr=5.000e-05
Epoch: 0 [1840/10000 (18%)] Loss: 39.87140 = L_Mnfld: 8.98947 + L_NonMnfld: 14.04975 + L_Nrml: 0.00000 + L_Eknl: 9.00799 + L_Div: 0.00000 + L_Morse: 7.82419
Epoch: 0 [1840/10000 (18%)] Unweighted L_s : L_Mnfld: 0.00128,  L_NonMnfld: 0.02342,  L_Nrml: 0.00000,  L_Eknl: 0.18016, L_Morse: 0.78242

Weights: [7000.0, 600.0, 0, 50.0, 0.0, 10.0], lr=5.000e-05
Epoch: 0 [1850/10000 (18%)] Loss: 39.32879 = L_Mnfld: 8.15382 + L_NonMnfld: 14.51729 + L_Nrml: 0.00000 + L_Eknl: 9.05624 + L_Div: 0.00000 + L_Morse: 7.60144
Epoch: 0 [1850/10000 (18%)] Unweighted L_s : L_Mnfld: 0.00116,  L_NonMnfld: 0.02420,  L_Nrml: 0.00000,  L_Eknl: 0.18112, L_Morse: 0.76014

Weights: [7000.0, 600.0, 0, 50.0, 0.0, 10.0], lr=5.000e-05
Epoch: 0 [1860/10000 (19%)] Loss: 41.37350 = L_Mnfld: 9.92219 + L_NonMnfld: 14.62980 + L_Nrml: 0.00000 + L_Eknl: 8.91523 + L_Div: 0.00000 + L_Morse: 7.90628
Epoch: 0 [1860/10000 (19%)] Unweighted L_s : L_Mnfld: 0.00142,  L_NonMnfld: 0.02438,  L_Nrml: 0.00000,  L_Eknl: 0.17830, L_Morse: 0.79063

Weights: [7000.0, 600.0, 0, 50.0, 0.0, 10.0], lr=5.000e-05
Epoch: 0 [1870/10000 (19%)] Loss: 40.01733 = L_Mnfld: 7.97286 + L_NonMnfld: 15.62912 + L_Nrml: 0.00000 + L_Eknl: 8.94567 + L_Div: 0.00000 + L_Morse: 7.46968
Epoch: 0 [1870/10000 (19%)] Unweighted L_s : L_Mnfld: 0.00114,  L_NonMnfld: 0.02605,  L_Nrml: 0.00000,  L_Eknl: 0.17891, L_Morse: 0.74697

Weights: [7000.0, 600.0, 0, 50.0, 0.0, 10.0], lr=5.000e-05
Epoch: 0 [1880/10000 (19%)] Loss: 40.25401 = L_Mnfld: 8.95514 + L_NonMnfld: 15.06809 + L_Nrml: 0.00000 + L_Eknl: 8.77128 + L_Div: 0.00000 + L_Morse: 7.45949
Epoch: 0 [1880/10000 (19%)] Unweighted L_s : L_Mnfld: 0.00128,  L_NonMnfld: 0.02511,  L_Nrml: 0.00000,  L_Eknl: 0.17543, L_Morse: 0.74595

Weights: [7000.0, 600.0, 0, 50.0, 0.0, 10.0], lr=5.000e-05
Epoch: 0 [1890/10000 (19%)] Loss: 39.83259 = L_Mnfld: 7.79209 + L_NonMnfld: 15.53331 + L_Nrml: 0.00000 + L_Eknl: 8.85833 + L_Div: 0.00000 + L_Morse: 7.64886
Epoch: 0 [1890/10000 (19%)] Unweighted L_s : L_Mnfld: 0.00111,  L_NonMnfld: 0.02589,  L_Nrml: 0.00000,  L_Eknl: 0.17717, L_Morse: 0.76489

Weights: [7000.0, 600.0, 0, 50.0, 0.0, 10.0], lr=5.000e-05
Epoch: 0 [1900/10000 (19%)] Loss: 40.18534 = L_Mnfld: 8.27410 + L_NonMnfld: 15.48553 + L_Nrml: 0.00000 + L_Eknl: 8.73289 + L_Div: 0.00000 + L_Morse: 7.69282
Epoch: 0 [1900/10000 (19%)] Unweighted L_s : L_Mnfld: 0.00118,  L_NonMnfld: 0.02581,  L_Nrml: 0.00000,  L_Eknl: 0.17466, L_Morse: 0.76928

Weights: [7000.0, 600.0, 0, 50.0, 0.0, 10.0], lr=5.000e-05
Epoch: 0 [1910/10000 (19%)] Loss: 38.93233 = L_Mnfld: 8.08012 + L_NonMnfld: 14.73238 + L_Nrml: 0.00000 + L_Eknl: 8.72874 + L_Div: 0.00000 + L_Morse: 7.39109
Epoch: 0 [1910/10000 (19%)] Unweighted L_s : L_Mnfld: 0.00115,  L_NonMnfld: 0.02455,  L_Nrml: 0.00000,  L_Eknl: 0.17457, L_Morse: 0.73911

Weights: [7000.0, 600.0, 0, 50.0, 0.0, 10.0], lr=5.000e-05
Epoch: 0 [1920/10000 (19%)] Loss: 38.03703 = L_Mnfld: 8.18391 + L_NonMnfld: 13.72044 + L_Nrml: 0.00000 + L_Eknl: 8.59664 + L_Div: 0.00000 + L_Morse: 7.53604
Epoch: 0 [1920/10000 (19%)] Unweighted L_s : L_Mnfld: 0.00117,  L_NonMnfld: 0.02287,  L_Nrml: 0.00000,  L_Eknl: 0.17193, L_Morse: 0.75360

Weights: [7000.0, 600.0, 0, 50.0, 0.0, 10.0], lr=5.000e-05
Epoch: 0 [1930/10000 (19%)] Loss: 38.75759 = L_Mnfld: 7.68500 + L_NonMnfld: 14.89647 + L_Nrml: 0.00000 + L_Eknl: 8.60995 + L_Div: 0.00000 + L_Morse: 7.56617
Epoch: 0 [1930/10000 (19%)] Unweighted L_s : L_Mnfld: 0.00110,  L_NonMnfld: 0.02483,  L_Nrml: 0.00000,  L_Eknl: 0.17220, L_Morse: 0.75662

Weights: [7000.0, 600.0, 0, 50.0, 0.0, 10.0], lr=5.000e-05
Epoch: 0 [1940/10000 (19%)] Loss: 39.82468 = L_Mnfld: 7.49984 + L_NonMnfld: 16.09935 + L_Nrml: 0.00000 + L_Eknl: 8.75599 + L_Div: 0.00000 + L_Morse: 7.46949
Epoch: 0 [1940/10000 (19%)] Unweighted L_s : L_Mnfld: 0.00107,  L_NonMnfld: 0.02683,  L_Nrml: 0.00000,  L_Eknl: 0.17512, L_Morse: 0.74695

Weights: [7000.0, 600.0, 0, 50.0, 0.0, 10.0], lr=5.000e-05
Epoch: 0 [1950/10000 (20%)] Loss: 38.28102 = L_Mnfld: 8.08592 + L_NonMnfld: 14.01787 + L_Nrml: 0.00000 + L_Eknl: 8.47247 + L_Div: 0.00000 + L_Morse: 7.70475
Epoch: 0 [1950/10000 (20%)] Unweighted L_s : L_Mnfld: 0.00116,  L_NonMnfld: 0.02336,  L_Nrml: 0.00000,  L_Eknl: 0.16945, L_Morse: 0.77048

Weights: [7000.0, 600.0, 0, 50.0, 0.0, 10.0], lr=5.000e-05
Epoch: 0 [1960/10000 (20%)] Loss: 39.22755 = L_Mnfld: 7.80335 + L_NonMnfld: 14.89584 + L_Nrml: 0.00000 + L_Eknl: 8.49711 + L_Div: 0.00000 + L_Morse: 8.03126
Epoch: 0 [1960/10000 (20%)] Unweighted L_s : L_Mnfld: 0.00111,  L_NonMnfld: 0.02483,  L_Nrml: 0.00000,  L_Eknl: 0.16994, L_Morse: 0.80313

Weights: [7000.0, 600.0, 0, 50.0, 0.0, 10.0], lr=5.000e-05
Epoch: 0 [1970/10000 (20%)] Loss: 38.45382 = L_Mnfld: 8.41026 + L_NonMnfld: 14.08943 + L_Nrml: 0.00000 + L_Eknl: 8.54831 + L_Div: 0.00000 + L_Morse: 7.40582
Epoch: 0 [1970/10000 (20%)] Unweighted L_s : L_Mnfld: 0.00120,  L_NonMnfld: 0.02348,  L_Nrml: 0.00000,  L_Eknl: 0.17097, L_Morse: 0.74058

Weights: [7000.0, 600.0, 0, 50.0, 0.0, 10.0], lr=5.000e-05
Epoch: 0 [1980/10000 (20%)] Loss: 38.73786 = L_Mnfld: 7.38380 + L_NonMnfld: 14.55271 + L_Nrml: 0.00000 + L_Eknl: 8.62996 + L_Div: 0.00000 + L_Morse: 8.17139
Epoch: 0 [1980/10000 (20%)] Unweighted L_s : L_Mnfld: 0.00105,  L_NonMnfld: 0.02425,  L_Nrml: 0.00000,  L_Eknl: 0.17260, L_Morse: 0.81714

Weights: [7000.0, 600.0, 0, 50.0, 0.0, 10.0], lr=5.000e-05
Epoch: 0 [1990/10000 (20%)] Loss: 39.02313 = L_Mnfld: 7.47518 + L_NonMnfld: 15.07526 + L_Nrml: 0.00000 + L_Eknl: 8.52957 + L_Div: 0.00000 + L_Morse: 7.94312
Epoch: 0 [1990/10000 (20%)] Unweighted L_s : L_Mnfld: 0.00107,  L_NonMnfld: 0.02513,  L_Nrml: 0.00000,  L_Eknl: 0.17059, L_Morse: 0.79431

Weights: [7000.0, 600.0, 0, 50.0, 0.0, 10.0], lr=5.000e-05
Epoch: 0 [2000/10000 (20%)] Loss: 39.66818 = L_Mnfld: 8.45158 + L_NonMnfld: 14.92635 + L_Nrml: 0.00000 + L_Eknl: 8.46334 + L_Div: 0.00000 + L_Morse: 7.82691
Epoch: 0 [2000/10000 (20%)] Unweighted L_s : L_Mnfld: 0.00121,  L_NonMnfld: 0.02488,  L_Nrml: 0.00000,  L_Eknl: 0.16927, L_Morse: 0.78269

Weights: [7000.0, 600.0, 0, 50.0, 0.0, 9.9703], lr=5.000e-05
Epoch: 0 [2010/10000 (20%)] Loss: 37.59381 = L_Mnfld: 7.21925 + L_NonMnfld: 14.36414 + L_Nrml: 0.00000 + L_Eknl: 8.38168 + L_Div: 0.00000 + L_Morse: 7.62873
Epoch: 0 [2010/10000 (20%)] Unweighted L_s : L_Mnfld: 0.00103,  L_NonMnfld: 0.02394,  L_Nrml: 0.00000,  L_Eknl: 0.16763, L_Morse: 0.76515

Weights: [7000.0, 600.0, 0, 50.0, 0.0, 9.9373], lr=5.000e-05
Epoch: 0 [2020/10000 (20%)] Loss: 38.66044 = L_Mnfld: 7.18148 + L_NonMnfld: 15.28992 + L_Nrml: 0.00000 + L_Eknl: 8.47719 + L_Div: 0.00000 + L_Morse: 7.71185
Epoch: 0 [2020/10000 (20%)] Unweighted L_s : L_Mnfld: 0.00103,  L_NonMnfld: 0.02548,  L_Nrml: 0.00000,  L_Eknl: 0.16954, L_Morse: 0.77605

Weights: [7000.0, 600.0, 0, 50.0, 0.0, 9.904300000000001], lr=5.000e-05
Epoch: 0 [2030/10000 (20%)] Loss: 38.17466 = L_Mnfld: 7.66329 + L_NonMnfld: 14.06992 + L_Nrml: 0.00000 + L_Eknl: 8.53804 + L_Div: 0.00000 + L_Morse: 7.90340
Epoch: 0 [2030/10000 (20%)] Unweighted L_s : L_Mnfld: 0.00109,  L_NonMnfld: 0.02345,  L_Nrml: 0.00000,  L_Eknl: 0.17076, L_Morse: 0.79798

Weights: [7000.0, 600.0, 0, 50.0, 0.0, 9.8713], lr=5.000e-05
Epoch: 0 [2040/10000 (20%)] Loss: 38.34196 = L_Mnfld: 8.35363 + L_NonMnfld: 14.14169 + L_Nrml: 0.00000 + L_Eknl: 8.40477 + L_Div: 0.00000 + L_Morse: 7.44186
Epoch: 0 [2040/10000 (20%)] Unweighted L_s : L_Mnfld: 0.00119,  L_NonMnfld: 0.02357,  L_Nrml: 0.00000,  L_Eknl: 0.16810, L_Morse: 0.75389

Weights: [7000.0, 600.0, 0, 50.0, 0.0, 9.8383], lr=5.000e-05
Epoch: 0 [2050/10000 (20%)] Loss: 37.74186 = L_Mnfld: 7.44365 + L_NonMnfld: 14.55987 + L_Nrml: 0.00000 + L_Eknl: 8.31499 + L_Div: 0.00000 + L_Morse: 7.42335
Epoch: 0 [2050/10000 (20%)] Unweighted L_s : L_Mnfld: 0.00106,  L_NonMnfld: 0.02427,  L_Nrml: 0.00000,  L_Eknl: 0.16630, L_Morse: 0.75454

Weights: [7000.0, 600.0, 0, 50.0, 0.0, 9.8053], lr=5.000e-05
Epoch: 0 [2060/10000 (21%)] Loss: 38.83987 = L_Mnfld: 8.26976 + L_NonMnfld: 14.46878 + L_Nrml: 0.00000 + L_Eknl: 8.36890 + L_Div: 0.00000 + L_Morse: 7.73243
Epoch: 0 [2060/10000 (21%)] Unweighted L_s : L_Mnfld: 0.00118,  L_NonMnfld: 0.02411,  L_Nrml: 0.00000,  L_Eknl: 0.16738, L_Morse: 0.78860

Weights: [7000.0, 600.0, 0, 50.0, 0.0, 9.7723], lr=5.000e-05
Epoch: 0 [2070/10000 (21%)] Loss: 38.36048 = L_Mnfld: 7.87063 + L_NonMnfld: 14.67757 + L_Nrml: 0.00000 + L_Eknl: 8.36934 + L_Div: 0.00000 + L_Morse: 7.44294
Epoch: 0 [2070/10000 (21%)] Unweighted L_s : L_Mnfld: 0.00112,  L_NonMnfld: 0.02446,  L_Nrml: 0.00000,  L_Eknl: 0.16739, L_Morse: 0.76164

Weights: [7000.0, 600.0, 0, 50.0, 0.0, 9.7393], lr=5.000e-05
Epoch: 0 [2080/10000 (21%)] Loss: 38.96458 = L_Mnfld: 7.93296 + L_NonMnfld: 15.16389 + L_Nrml: 0.00000 + L_Eknl: 8.44147 + L_Div: 0.00000 + L_Morse: 7.42625
Epoch: 0 [2080/10000 (21%)] Unweighted L_s : L_Mnfld: 0.00113,  L_NonMnfld: 0.02527,  L_Nrml: 0.00000,  L_Eknl: 0.16883, L_Morse: 0.76250

Weights: [7000.0, 600.0, 0, 50.0, 0.0, 9.7063], lr=5.000e-05
Epoch: 0 [2090/10000 (21%)] Loss: 36.98487 = L_Mnfld: 7.49734 + L_NonMnfld: 13.96582 + L_Nrml: 0.00000 + L_Eknl: 8.28287 + L_Div: 0.00000 + L_Morse: 7.23884
Epoch: 0 [2090/10000 (21%)] Unweighted L_s : L_Mnfld: 0.00107,  L_NonMnfld: 0.02328,  L_Nrml: 0.00000,  L_Eknl: 0.16566, L_Morse: 0.74579

Weights: [7000.0, 600.0, 0, 50.0, 0.0, 9.673300000000001], lr=5.000e-05
Epoch: 0 [2100/10000 (21%)] Loss: 38.36053 = L_Mnfld: 8.09589 + L_NonMnfld: 14.43330 + L_Nrml: 0.00000 + L_Eknl: 8.41817 + L_Div: 0.00000 + L_Morse: 7.41316
Epoch: 0 [2100/10000 (21%)] Unweighted L_s : L_Mnfld: 0.00116,  L_NonMnfld: 0.02406,  L_Nrml: 0.00000,  L_Eknl: 0.16836, L_Morse: 0.76635

Weights: [7000.0, 600.0, 0, 50.0, 0.0, 9.6403], lr=5.000e-05
Epoch: 0 [2110/10000 (21%)] Loss: 37.89842 = L_Mnfld: 7.95354 + L_NonMnfld: 13.88283 + L_Nrml: 0.00000 + L_Eknl: 8.26230 + L_Div: 0.00000 + L_Morse: 7.79975
Epoch: 0 [2110/10000 (21%)] Unweighted L_s : L_Mnfld: 0.00114,  L_NonMnfld: 0.02314,  L_Nrml: 0.00000,  L_Eknl: 0.16525, L_Morse: 0.80908

Weights: [7000.0, 600.0, 0, 50.0, 0.0, 9.6073], lr=5.000e-05
Epoch: 0 [2120/10000 (21%)] Loss: 39.31036 = L_Mnfld: 8.43761 + L_NonMnfld: 14.36604 + L_Nrml: 0.00000 + L_Eknl: 8.40140 + L_Div: 0.00000 + L_Morse: 8.10530
Epoch: 0 [2120/10000 (21%)] Unweighted L_s : L_Mnfld: 0.00121,  L_NonMnfld: 0.02394,  L_Nrml: 0.00000,  L_Eknl: 0.16803, L_Morse: 0.84366

Weights: [7000.0, 600.0, 0, 50.0, 0.0, 9.574300000000001], lr=5.000e-05
Epoch: 0 [2130/10000 (21%)] Loss: 39.05827 = L_Mnfld: 8.26220 + L_NonMnfld: 14.82136 + L_Nrml: 0.00000 + L_Eknl: 8.37716 + L_Div: 0.00000 + L_Morse: 7.59755
Epoch: 0 [2130/10000 (21%)] Unweighted L_s : L_Mnfld: 0.00118,  L_NonMnfld: 0.02470,  L_Nrml: 0.00000,  L_Eknl: 0.16754, L_Morse: 0.79354

Weights: [7000.0, 600.0, 0, 50.0, 0.0, 9.5413], lr=5.000e-05
Epoch: 0 [2140/10000 (21%)] Loss: 38.95138 = L_Mnfld: 8.84938 + L_NonMnfld: 14.22710 + L_Nrml: 0.00000 + L_Eknl: 8.27567 + L_Div: 0.00000 + L_Morse: 7.59922
Epoch: 0 [2140/10000 (21%)] Unweighted L_s : L_Mnfld: 0.00126,  L_NonMnfld: 0.02371,  L_Nrml: 0.00000,  L_Eknl: 0.16551, L_Morse: 0.79646

Weights: [7000.0, 600.0, 0, 50.0, 0.0, 9.5083], lr=5.000e-05
Epoch: 0 [2150/10000 (22%)] Loss: 38.85529 = L_Mnfld: 7.89475 + L_NonMnfld: 15.08275 + L_Nrml: 0.00000 + L_Eknl: 8.25384 + L_Div: 0.00000 + L_Morse: 7.62396
Epoch: 0 [2150/10000 (22%)] Unweighted L_s : L_Mnfld: 0.00113,  L_NonMnfld: 0.02514,  L_Nrml: 0.00000,  L_Eknl: 0.16508, L_Morse: 0.80182

Weights: [7000.0, 600.0, 0, 50.0, 0.0, 9.4753], lr=5.000e-05
Epoch: 0 [2160/10000 (22%)] Loss: 38.35325 = L_Mnfld: 7.98573 + L_NonMnfld: 14.47328 + L_Nrml: 0.00000 + L_Eknl: 8.32678 + L_Div: 0.00000 + L_Morse: 7.56746
Epoch: 0 [2160/10000 (22%)] Unweighted L_s : L_Mnfld: 0.00114,  L_NonMnfld: 0.02412,  L_Nrml: 0.00000,  L_Eknl: 0.16654, L_Morse: 0.79865

Weights: [7000.0, 600.0, 0, 50.0, 0.0, 9.4423], lr=5.000e-05
Epoch: 0 [2170/10000 (22%)] Loss: 37.99757 = L_Mnfld: 7.00881 + L_NonMnfld: 15.36267 + L_Nrml: 0.00000 + L_Eknl: 8.17835 + L_Div: 0.00000 + L_Morse: 7.44774
Epoch: 0 [2170/10000 (22%)] Unweighted L_s : L_Mnfld: 0.00100,  L_NonMnfld: 0.02560,  L_Nrml: 0.00000,  L_Eknl: 0.16357, L_Morse: 0.78876

Weights: [7000.0, 600.0, 0, 50.0, 0.0, 9.4093], lr=5.000e-05
Epoch: 0 [2180/10000 (22%)] Loss: 38.46708 = L_Mnfld: 8.99109 + L_NonMnfld: 13.93720 + L_Nrml: 0.00000 + L_Eknl: 8.12716 + L_Div: 0.00000 + L_Morse: 7.41164
Epoch: 0 [2180/10000 (22%)] Unweighted L_s : L_Mnfld: 0.00128,  L_NonMnfld: 0.02323,  L_Nrml: 0.00000,  L_Eknl: 0.16254, L_Morse: 0.78769

Weights: [7000.0, 600.0, 0, 50.0, 0.0, 9.3763], lr=5.000e-05
Epoch: 0 [2190/10000 (22%)] Loss: 38.01694 = L_Mnfld: 8.11960 + L_NonMnfld: 14.19381 + L_Nrml: 0.00000 + L_Eknl: 8.26438 + L_Div: 0.00000 + L_Morse: 7.43915
Epoch: 0 [2190/10000 (22%)] Unweighted L_s : L_Mnfld: 0.00116,  L_NonMnfld: 0.02366,  L_Nrml: 0.00000,  L_Eknl: 0.16529, L_Morse: 0.79340

Weights: [7000.0, 600.0, 0, 50.0, 0.0, 9.3433], lr=5.000e-05
Epoch: 0 [2200/10000 (22%)] Loss: 38.02891 = L_Mnfld: 7.99393 + L_NonMnfld: 14.69490 + L_Nrml: 0.00000 + L_Eknl: 8.15406 + L_Div: 0.00000 + L_Morse: 7.18602
Epoch: 0 [2200/10000 (22%)] Unweighted L_s : L_Mnfld: 0.00114,  L_NonMnfld: 0.02449,  L_Nrml: 0.00000,  L_Eknl: 0.16308, L_Morse: 0.76911

Weights: [7000.0, 600.0, 0, 50.0, 0.0, 9.3103], lr=5.000e-05
Epoch: 0 [2210/10000 (22%)] Loss: 38.66983 = L_Mnfld: 8.02423 + L_NonMnfld: 14.39117 + L_Nrml: 0.00000 + L_Eknl: 8.28780 + L_Div: 0.00000 + L_Morse: 7.96663
Epoch: 0 [2210/10000 (22%)] Unweighted L_s : L_Mnfld: 0.00115,  L_NonMnfld: 0.02399,  L_Nrml: 0.00000,  L_Eknl: 0.16576, L_Morse: 0.85568

Weights: [7000.0, 600.0, 0, 50.0, 0.0, 9.2773], lr=5.000e-05
Epoch: 0 [2220/10000 (22%)] Loss: 39.50561 = L_Mnfld: 8.58600 + L_NonMnfld: 14.87924 + L_Nrml: 0.00000 + L_Eknl: 8.30666 + L_Div: 0.00000 + L_Morse: 7.73372
Epoch: 0 [2220/10000 (22%)] Unweighted L_s : L_Mnfld: 0.00123,  L_NonMnfld: 0.02480,  L_Nrml: 0.00000,  L_Eknl: 0.16613, L_Morse: 0.83362

Weights: [7000.0, 600.0, 0, 50.0, 0.0, 9.2443], lr=5.000e-05
Epoch: 0 [2230/10000 (22%)] Loss: 37.82436 = L_Mnfld: 7.98263 + L_NonMnfld: 14.12805 + L_Nrml: 0.00000 + L_Eknl: 8.20267 + L_Div: 0.00000 + L_Morse: 7.51103
Epoch: 0 [2230/10000 (22%)] Unweighted L_s : L_Mnfld: 0.00114,  L_NonMnfld: 0.02355,  L_Nrml: 0.00000,  L_Eknl: 0.16405, L_Morse: 0.81250

Weights: [7000.0, 600.0, 0, 50.0, 0.0, 9.211300000000001], lr=5.000e-05
Epoch: 0 [2240/10000 (22%)] Loss: 37.63366 = L_Mnfld: 7.20364 + L_NonMnfld: 14.94029 + L_Nrml: 0.00000 + L_Eknl: 8.05261 + L_Div: 0.00000 + L_Morse: 7.43713
Epoch: 0 [2240/10000 (22%)] Unweighted L_s : L_Mnfld: 0.00103,  L_NonMnfld: 0.02490,  L_Nrml: 0.00000,  L_Eknl: 0.16105, L_Morse: 0.80739

Weights: [7000.0, 600.0, 0, 50.0, 0.0, 9.1783], lr=5.000e-05
Epoch: 0 [2250/10000 (22%)] Loss: 40.11698 = L_Mnfld: 9.07424 + L_NonMnfld: 15.23339 + L_Nrml: 0.00000 + L_Eknl: 8.30745 + L_Div: 0.00000 + L_Morse: 7.50189
Epoch: 0 [2250/10000 (22%)] Unweighted L_s : L_Mnfld: 0.00130,  L_NonMnfld: 0.02539,  L_Nrml: 0.00000,  L_Eknl: 0.16615, L_Morse: 0.81735

Weights: [7000.0, 600.0, 0, 50.0, 0.0, 9.1453], lr=5.000e-05
Epoch: 0 [2260/10000 (23%)] Loss: 36.99982 = L_Mnfld: 8.03218 + L_NonMnfld: 13.66898 + L_Nrml: 0.00000 + L_Eknl: 8.12194 + L_Div: 0.00000 + L_Morse: 7.17673
Epoch: 0 [2260/10000 (23%)] Unweighted L_s : L_Mnfld: 0.00115,  L_NonMnfld: 0.02278,  L_Nrml: 0.00000,  L_Eknl: 0.16244, L_Morse: 0.78474

Weights: [7000.0, 600.0, 0, 50.0, 0.0, 9.112300000000001], lr=5.000e-05
Epoch: 0 [2270/10000 (23%)] Loss: 38.04633 = L_Mnfld: 7.86132 + L_NonMnfld: 14.77120 + L_Nrml: 0.00000 + L_Eknl: 8.15551 + L_Div: 0.00000 + L_Morse: 7.25830
Epoch: 0 [2270/10000 (23%)] Unweighted L_s : L_Mnfld: 0.00112,  L_NonMnfld: 0.02462,  L_Nrml: 0.00000,  L_Eknl: 0.16311, L_Morse: 0.79654

Weights: [7000.0, 600.0, 0, 50.0, 0.0, 9.0793], lr=5.000e-05
Epoch: 0 [2280/10000 (23%)] Loss: 38.39944 = L_Mnfld: 8.73081 + L_NonMnfld: 13.99488 + L_Nrml: 0.00000 + L_Eknl: 8.16769 + L_Div: 0.00000 + L_Morse: 7.50606
Epoch: 0 [2280/10000 (23%)] Unweighted L_s : L_Mnfld: 0.00125,  L_NonMnfld: 0.02332,  L_Nrml: 0.00000,  L_Eknl: 0.16335, L_Morse: 0.82672

Weights: [7000.0, 600.0, 0, 50.0, 0.0, 9.0463], lr=5.000e-05
Epoch: 0 [2290/10000 (23%)] Loss: 36.63245 = L_Mnfld: 7.41812 + L_NonMnfld: 14.01447 + L_Nrml: 0.00000 + L_Eknl: 7.92302 + L_Div: 0.00000 + L_Morse: 7.27685
Epoch: 0 [2290/10000 (23%)] Unweighted L_s : L_Mnfld: 0.00106,  L_NonMnfld: 0.02336,  L_Nrml: 0.00000,  L_Eknl: 0.15846, L_Morse: 0.80440

Weights: [7000.0, 600.0, 0, 50.0, 0.0, 9.013300000000001], lr=5.000e-05
Epoch: 0 [2300/10000 (23%)] Loss: 38.61129 = L_Mnfld: 8.80036 + L_NonMnfld: 14.74216 + L_Nrml: 0.00000 + L_Eknl: 7.98863 + L_Div: 0.00000 + L_Morse: 7.08014
Epoch: 0 [2300/10000 (23%)] Unweighted L_s : L_Mnfld: 0.00126,  L_NonMnfld: 0.02457,  L_Nrml: 0.00000,  L_Eknl: 0.15977, L_Morse: 0.78552

Weights: [7000.0, 600.0, 0, 50.0, 0.0, 8.9803], lr=5.000e-05
Epoch: 0 [2310/10000 (23%)] Loss: 38.68295 = L_Mnfld: 8.18943 + L_NonMnfld: 15.52988 + L_Nrml: 0.00000 + L_Eknl: 8.04291 + L_Div: 0.00000 + L_Morse: 6.92073
Epoch: 0 [2310/10000 (23%)] Unweighted L_s : L_Mnfld: 0.00117,  L_NonMnfld: 0.02588,  L_Nrml: 0.00000,  L_Eknl: 0.16086, L_Morse: 0.77066

Weights: [7000.0, 600.0, 0, 50.0, 0.0, 8.9473], lr=5.000e-05
Epoch: 0 [2320/10000 (23%)] Loss: 36.47892 = L_Mnfld: 8.26198 + L_NonMnfld: 13.07812 + L_Nrml: 0.00000 + L_Eknl: 7.91680 + L_Div: 0.00000 + L_Morse: 7.22201
Epoch: 0 [2320/10000 (23%)] Unweighted L_s : L_Mnfld: 0.00118,  L_NonMnfld: 0.02180,  L_Nrml: 0.00000,  L_Eknl: 0.15834, L_Morse: 0.80717

Weights: [7000.0, 600.0, 0, 50.0, 0.0, 8.9143], lr=5.000e-05
Epoch: 0 [2330/10000 (23%)] Loss: 38.27671 = L_Mnfld: 8.91044 + L_NonMnfld: 13.80707 + L_Nrml: 0.00000 + L_Eknl: 8.13821 + L_Div: 0.00000 + L_Morse: 7.42099
Epoch: 0 [2330/10000 (23%)] Unweighted L_s : L_Mnfld: 0.00127,  L_NonMnfld: 0.02301,  L_Nrml: 0.00000,  L_Eknl: 0.16276, L_Morse: 0.83248

Weights: [7000.0, 600.0, 0, 50.0, 0.0, 8.8813], lr=5.000e-05
Epoch: 0 [2340/10000 (23%)] Loss: 36.83960 = L_Mnfld: 7.83043 + L_NonMnfld: 13.70348 + L_Nrml: 0.00000 + L_Eknl: 8.00377 + L_Div: 0.00000 + L_Morse: 7.30192
Epoch: 0 [2340/10000 (23%)] Unweighted L_s : L_Mnfld: 0.00112,  L_NonMnfld: 0.02284,  L_Nrml: 0.00000,  L_Eknl: 0.16008, L_Morse: 0.82217

Weights: [7000.0, 600.0, 0, 50.0, 0.0, 8.8483], lr=5.000e-05
Epoch: 0 [2350/10000 (24%)] Loss: 38.66996 = L_Mnfld: 9.05896 + L_NonMnfld: 14.27731 + L_Nrml: 0.00000 + L_Eknl: 8.08978 + L_Div: 0.00000 + L_Morse: 7.24391
Epoch: 0 [2350/10000 (24%)] Unweighted L_s : L_Mnfld: 0.00129,  L_NonMnfld: 0.02380,  L_Nrml: 0.00000,  L_Eknl: 0.16180, L_Morse: 0.81868

Weights: [7000.0, 600.0, 0, 50.0, 0.0, 8.8153], lr=5.000e-05
Epoch: 0 [2360/10000 (24%)] Loss: 37.84225 = L_Mnfld: 8.21524 + L_NonMnfld: 14.29355 + L_Nrml: 0.00000 + L_Eknl: 8.11021 + L_Div: 0.00000 + L_Morse: 7.22326
Epoch: 0 [2360/10000 (24%)] Unweighted L_s : L_Mnfld: 0.00117,  L_NonMnfld: 0.02382,  L_Nrml: 0.00000,  L_Eknl: 0.16220, L_Morse: 0.81940

Weights: [7000.0, 600.0, 0, 50.0, 0.0, 8.7823], lr=5.000e-05
Epoch: 0 [2370/10000 (24%)] Loss: 37.41451 = L_Mnfld: 7.62549 + L_NonMnfld: 14.34175 + L_Nrml: 0.00000 + L_Eknl: 8.22845 + L_Div: 0.00000 + L_Morse: 7.21882
Epoch: 0 [2370/10000 (24%)] Unweighted L_s : L_Mnfld: 0.00109,  L_NonMnfld: 0.02390,  L_Nrml: 0.00000,  L_Eknl: 0.16457, L_Morse: 0.82197

Weights: [7000.0, 600.0, 0, 50.0, 0.0, 8.7493], lr=5.000e-05
Epoch: 0 [2380/10000 (24%)] Loss: 37.21879 = L_Mnfld: 8.03581 + L_NonMnfld: 14.32953 + L_Nrml: 0.00000 + L_Eknl: 7.87967 + L_Div: 0.00000 + L_Morse: 6.97379
Epoch: 0 [2380/10000 (24%)] Unweighted L_s : L_Mnfld: 0.00115,  L_NonMnfld: 0.02388,  L_Nrml: 0.00000,  L_Eknl: 0.15759, L_Morse: 0.79707

Weights: [7000.0, 600.0, 0, 50.0, 0.0, 8.7163], lr=5.000e-05
Epoch: 0 [2390/10000 (24%)] Loss: 36.75834 = L_Mnfld: 7.23518 + L_NonMnfld: 14.46389 + L_Nrml: 0.00000 + L_Eknl: 7.87470 + L_Div: 0.00000 + L_Morse: 7.18457
Epoch: 0 [2390/10000 (24%)] Unweighted L_s : L_Mnfld: 0.00103,  L_NonMnfld: 0.02411,  L_Nrml: 0.00000,  L_Eknl: 0.15749, L_Morse: 0.82427

Weights: [7000.0, 600.0, 0, 50.0, 0.0, 8.683300000000001], lr=5.000e-05
Epoch: 0 [2400/10000 (24%)] Loss: 36.08193 = L_Mnfld: 8.05727 + L_NonMnfld: 13.32492 + L_Nrml: 0.00000 + L_Eknl: 7.78015 + L_Div: 0.00000 + L_Morse: 6.91958
Epoch: 0 [2400/10000 (24%)] Unweighted L_s : L_Mnfld: 0.00115,  L_NonMnfld: 0.02221,  L_Nrml: 0.00000,  L_Eknl: 0.15560, L_Morse: 0.79688

Weights: [7000.0, 600.0, 0, 50.0, 0.0, 8.6503], lr=5.000e-05
Epoch: 0 [2410/10000 (24%)] Loss: 35.61576 = L_Mnfld: 6.99219 + L_NonMnfld: 14.18491 + L_Nrml: 0.00000 + L_Eknl: 7.77875 + L_Div: 0.00000 + L_Morse: 6.65991
Epoch: 0 [2410/10000 (24%)] Unweighted L_s : L_Mnfld: 0.00100,  L_NonMnfld: 0.02364,  L_Nrml: 0.00000,  L_Eknl: 0.15558, L_Morse: 0.76991

Weights: [7000.0, 600.0, 0, 50.0, 0.0, 8.6173], lr=5.000e-05
Epoch: 0 [2420/10000 (24%)] Loss: 37.08421 = L_Mnfld: 7.82109 + L_NonMnfld: 14.77401 + L_Nrml: 0.00000 + L_Eknl: 7.62267 + L_Div: 0.00000 + L_Morse: 6.86644
Epoch: 0 [2420/10000 (24%)] Unweighted L_s : L_Mnfld: 0.00112,  L_NonMnfld: 0.02462,  L_Nrml: 0.00000,  L_Eknl: 0.15245, L_Morse: 0.79682

Weights: [7000.0, 600.0, 0, 50.0, 0.0, 8.5843], lr=5.000e-05
Epoch: 0 [2430/10000 (24%)] Loss: 36.96722 = L_Mnfld: 7.50372 + L_NonMnfld: 14.60922 + L_Nrml: 0.00000 + L_Eknl: 7.80275 + L_Div: 0.00000 + L_Morse: 7.05153
Epoch: 0 [2430/10000 (24%)] Unweighted L_s : L_Mnfld: 0.00107,  L_NonMnfld: 0.02435,  L_Nrml: 0.00000,  L_Eknl: 0.15605, L_Morse: 0.82144

Weights: [7000.0, 600.0, 0, 50.0, 0.0, 8.5513], lr=5.000e-05
Epoch: 0 [2440/10000 (24%)] Loss: 36.80576 = L_Mnfld: 8.35232 + L_NonMnfld: 13.64794 + L_Nrml: 0.00000 + L_Eknl: 7.79830 + L_Div: 0.00000 + L_Morse: 7.00720
Epoch: 0 [2440/10000 (24%)] Unweighted L_s : L_Mnfld: 0.00119,  L_NonMnfld: 0.02275,  L_Nrml: 0.00000,  L_Eknl: 0.15597, L_Morse: 0.81943

Weights: [7000.0, 600.0, 0, 50.0, 0.0, 8.5183], lr=5.000e-05
Epoch: 0 [2450/10000 (24%)] Loss: 37.68432 = L_Mnfld: 7.93098 + L_NonMnfld: 15.08834 + L_Nrml: 0.00000 + L_Eknl: 7.69999 + L_Div: 0.00000 + L_Morse: 6.96502
Epoch: 0 [2450/10000 (24%)] Unweighted L_s : L_Mnfld: 0.00113,  L_NonMnfld: 0.02515,  L_Nrml: 0.00000,  L_Eknl: 0.15400, L_Morse: 0.81765

Weights: [7000.0, 600.0, 0, 50.0, 0.0, 8.4853], lr=5.000e-05
Epoch: 0 [2460/10000 (25%)] Loss: 36.05284 = L_Mnfld: 7.25360 + L_NonMnfld: 14.20938 + L_Nrml: 0.00000 + L_Eknl: 7.79208 + L_Div: 0.00000 + L_Morse: 6.79778
Epoch: 0 [2460/10000 (25%)] Unweighted L_s : L_Mnfld: 0.00104,  L_NonMnfld: 0.02368,  L_Nrml: 0.00000,  L_Eknl: 0.15584, L_Morse: 0.80112

Weights: [7000.0, 600.0, 0, 50.0, 0.0, 8.4523], lr=5.000e-05
Epoch: 0 [2470/10000 (25%)] Loss: 36.10107 = L_Mnfld: 7.65889 + L_NonMnfld: 13.48067 + L_Nrml: 0.00000 + L_Eknl: 7.71116 + L_Div: 0.00000 + L_Morse: 7.25035
Epoch: 0 [2470/10000 (25%)] Unweighted L_s : L_Mnfld: 0.00109,  L_NonMnfld: 0.02247,  L_Nrml: 0.00000,  L_Eknl: 0.15422, L_Morse: 0.85780

Weights: [7000.0, 600.0, 0, 50.0, 0.0, 8.4193], lr=5.000e-05
Epoch: 0 [2480/10000 (25%)] Loss: 38.38758 = L_Mnfld: 8.92862 + L_NonMnfld: 15.02188 + L_Nrml: 0.00000 + L_Eknl: 7.63019 + L_Div: 0.00000 + L_Morse: 6.80688
Epoch: 0 [2480/10000 (25%)] Unweighted L_s : L_Mnfld: 0.00128,  L_NonMnfld: 0.02504,  L_Nrml: 0.00000,  L_Eknl: 0.15260, L_Morse: 0.80849

Weights: [7000.0, 600.0, 0, 50.0, 0.0, 8.3863], lr=5.000e-05
Epoch: 0 [2490/10000 (25%)] Loss: 36.30910 = L_Mnfld: 8.38240 + L_NonMnfld: 13.55904 + L_Nrml: 0.00000 + L_Eknl: 7.71801 + L_Div: 0.00000 + L_Morse: 6.64965
Epoch: 0 [2490/10000 (25%)] Unweighted L_s : L_Mnfld: 0.00120,  L_NonMnfld: 0.02260,  L_Nrml: 0.00000,  L_Eknl: 0.15436, L_Morse: 0.79292

Weights: [7000.0, 600.0, 0, 50.0, 0.0, 8.3533], lr=5.000e-05
Epoch: 0 [2500/10000 (25%)] Loss: 38.61228 = L_Mnfld: 8.54447 + L_NonMnfld: 15.44283 + L_Nrml: 0.00000 + L_Eknl: 7.73976 + L_Div: 0.00000 + L_Morse: 6.88523
Epoch: 0 [2500/10000 (25%)] Unweighted L_s : L_Mnfld: 0.00122,  L_NonMnfld: 0.02574,  L_Nrml: 0.00000,  L_Eknl: 0.15480, L_Morse: 0.82425

Weights: [7000.0, 600.0, 0, 50.0, 0.0, 8.3203], lr=5.000e-05
Epoch: 0 [2510/10000 (25%)] Loss: 37.48456 = L_Mnfld: 7.97753 + L_NonMnfld: 14.86348 + L_Nrml: 0.00000 + L_Eknl: 7.73764 + L_Div: 0.00000 + L_Morse: 6.90592
Epoch: 0 [2510/10000 (25%)] Unweighted L_s : L_Mnfld: 0.00114,  L_NonMnfld: 0.02477,  L_Nrml: 0.00000,  L_Eknl: 0.15475, L_Morse: 0.83001

Weights: [7000.0, 600.0, 0, 50.0, 0.0, 8.2873], lr=5.000e-05
Epoch: 0 [2520/10000 (25%)] Loss: 36.49835 = L_Mnfld: 8.06715 + L_NonMnfld: 13.89881 + L_Nrml: 0.00000 + L_Eknl: 7.73959 + L_Div: 0.00000 + L_Morse: 6.79280
Epoch: 0 [2520/10000 (25%)] Unweighted L_s : L_Mnfld: 0.00115,  L_NonMnfld: 0.02316,  L_Nrml: 0.00000,  L_Eknl: 0.15479, L_Morse: 0.81966

Weights: [7000.0, 600.0, 0, 50.0, 0.0, 8.2543], lr=5.000e-05
Epoch: 0 [2530/10000 (25%)] Loss: 36.25470 = L_Mnfld: 7.77482 + L_NonMnfld: 14.22020 + L_Nrml: 0.00000 + L_Eknl: 7.56803 + L_Div: 0.00000 + L_Morse: 6.69165
Epoch: 0 [2530/10000 (25%)] Unweighted L_s : L_Mnfld: 0.00111,  L_NonMnfld: 0.02370,  L_Nrml: 0.00000,  L_Eknl: 0.15136, L_Morse: 0.81069

Weights: [7000.0, 600.0, 0, 50.0, 0.0, 8.2213], lr=5.000e-05
Epoch: 0 [2540/10000 (25%)] Loss: 37.43856 = L_Mnfld: 8.40127 + L_NonMnfld: 14.89312 + L_Nrml: 0.00000 + L_Eknl: 7.44572 + L_Div: 0.00000 + L_Morse: 6.69845
Epoch: 0 [2540/10000 (25%)] Unweighted L_s : L_Mnfld: 0.00120,  L_NonMnfld: 0.02482,  L_Nrml: 0.00000,  L_Eknl: 0.14891, L_Morse: 0.81477

Weights: [7000.0, 600.0, 0, 50.0, 0.0, 8.1883], lr=5.000e-05
Epoch: 0 [2550/10000 (26%)] Loss: 36.78275 = L_Mnfld: 8.48241 + L_NonMnfld: 13.76827 + L_Nrml: 0.00000 + L_Eknl: 7.79860 + L_Div: 0.00000 + L_Morse: 6.73346
Epoch: 0 [2550/10000 (26%)] Unweighted L_s : L_Mnfld: 0.00121,  L_NonMnfld: 0.02295,  L_Nrml: 0.00000,  L_Eknl: 0.15597, L_Morse: 0.82233

Weights: [7000.0, 600.0, 0, 50.0, 0.0, 8.1553], lr=5.000e-05
Epoch: 0 [2560/10000 (26%)] Loss: 36.29677 = L_Mnfld: 7.34645 + L_NonMnfld: 14.16022 + L_Nrml: 0.00000 + L_Eknl: 7.69594 + L_Div: 0.00000 + L_Morse: 7.09415
Epoch: 0 [2560/10000 (26%)] Unweighted L_s : L_Mnfld: 0.00105,  L_NonMnfld: 0.02360,  L_Nrml: 0.00000,  L_Eknl: 0.15392, L_Morse: 0.86988

Weights: [7000.0, 600.0, 0, 50.0, 0.0, 8.1223], lr=5.000e-05
Epoch: 0 [2570/10000 (26%)] Loss: 36.74260 = L_Mnfld: 8.29844 + L_NonMnfld: 14.09668 + L_Nrml: 0.00000 + L_Eknl: 7.69973 + L_Div: 0.00000 + L_Morse: 6.64775
Epoch: 0 [2570/10000 (26%)] Unweighted L_s : L_Mnfld: 0.00119,  L_NonMnfld: 0.02349,  L_Nrml: 0.00000,  L_Eknl: 0.15399, L_Morse: 0.81846

Weights: [7000.0, 600.0, 0, 50.0, 0.0, 8.0893], lr=5.000e-05
Epoch: 0 [2580/10000 (26%)] Loss: 39.55672 = L_Mnfld: 11.06341 + L_NonMnfld: 13.88182 + L_Nrml: 0.00000 + L_Eknl: 7.75645 + L_Div: 0.00000 + L_Morse: 6.85504
Epoch: 0 [2580/10000 (26%)] Unweighted L_s : L_Mnfld: 0.00158,  L_NonMnfld: 0.02314,  L_Nrml: 0.00000,  L_Eknl: 0.15513, L_Morse: 0.84742

Weights: [7000.0, 600.0, 0, 50.0, 0.0, 8.0563], lr=5.000e-05
Epoch: 0 [2590/10000 (26%)] Loss: 36.21836 = L_Mnfld: 9.00191 + L_NonMnfld: 13.06252 + L_Nrml: 0.00000 + L_Eknl: 7.42960 + L_Div: 0.00000 + L_Morse: 6.72434
Epoch: 0 [2590/10000 (26%)] Unweighted L_s : L_Mnfld: 0.00129,  L_NonMnfld: 0.02177,  L_Nrml: 0.00000,  L_Eknl: 0.14859, L_Morse: 0.83467

Weights: [7000.0, 600.0, 0, 50.0, 0.0, 8.023299999999999], lr=5.000e-05
Epoch: 0 [2600/10000 (26%)] Loss: 37.46811 = L_Mnfld: 8.82573 + L_NonMnfld: 14.33427 + L_Nrml: 0.00000 + L_Eknl: 7.62726 + L_Div: 0.00000 + L_Morse: 6.68086
Epoch: 0 [2600/10000 (26%)] Unweighted L_s : L_Mnfld: 0.00126,  L_NonMnfld: 0.02389,  L_Nrml: 0.00000,  L_Eknl: 0.15255, L_Morse: 0.83268

Weights: [7000.0, 600.0, 0, 50.0, 0.0, 7.9902999999999995], lr=5.000e-05
Epoch: 0 [2610/10000 (26%)] Loss: 36.52505 = L_Mnfld: 8.00001 + L_NonMnfld: 14.02407 + L_Nrml: 0.00000 + L_Eknl: 7.57359 + L_Div: 0.00000 + L_Morse: 6.92739
Epoch: 0 [2610/10000 (26%)] Unweighted L_s : L_Mnfld: 0.00114,  L_NonMnfld: 0.02337,  L_Nrml: 0.00000,  L_Eknl: 0.15147, L_Morse: 0.86697

Weights: [7000.0, 600.0, 0, 50.0, 0.0, 7.9573], lr=5.000e-05
Epoch: 0 [2620/10000 (26%)] Loss: 35.83845 = L_Mnfld: 7.94666 + L_NonMnfld: 13.21448 + L_Nrml: 0.00000 + L_Eknl: 7.58047 + L_Div: 0.00000 + L_Morse: 7.09684
Epoch: 0 [2620/10000 (26%)] Unweighted L_s : L_Mnfld: 0.00114,  L_NonMnfld: 0.02202,  L_Nrml: 0.00000,  L_Eknl: 0.15161, L_Morse: 0.89187

Weights: [7000.0, 600.0, 0, 50.0, 0.0, 7.9243], lr=5.000e-05
Epoch: 0 [2630/10000 (26%)] Loss: 37.60602 = L_Mnfld: 8.62257 + L_NonMnfld: 13.65610 + L_Nrml: 0.00000 + L_Eknl: 7.79086 + L_Div: 0.00000 + L_Morse: 7.53650
Epoch: 0 [2630/10000 (26%)] Unweighted L_s : L_Mnfld: 0.00123,  L_NonMnfld: 0.02276,  L_Nrml: 0.00000,  L_Eknl: 0.15582, L_Morse: 0.95106

Weights: [7000.0, 600.0, 0, 50.0, 0.0, 7.891299999999999], lr=5.000e-05
Epoch: 0 [2640/10000 (26%)] Loss: 37.35977 = L_Mnfld: 8.37319 + L_NonMnfld: 14.77619 + L_Nrml: 0.00000 + L_Eknl: 7.58059 + L_Div: 0.00000 + L_Morse: 6.62980
Epoch: 0 [2640/10000 (26%)] Unweighted L_s : L_Mnfld: 0.00120,  L_NonMnfld: 0.02463,  L_Nrml: 0.00000,  L_Eknl: 0.15161, L_Morse: 0.84014

Weights: [7000.0, 600.0, 0, 50.0, 0.0, 7.8583], lr=5.000e-05
Epoch: 0 [2650/10000 (26%)] Loss: 37.45444 = L_Mnfld: 8.28118 + L_NonMnfld: 14.75740 + L_Nrml: 0.00000 + L_Eknl: 7.54778 + L_Div: 0.00000 + L_Morse: 6.86808
Epoch: 0 [2650/10000 (26%)] Unweighted L_s : L_Mnfld: 0.00118,  L_NonMnfld: 0.02460,  L_Nrml: 0.00000,  L_Eknl: 0.15096, L_Morse: 0.87399

Weights: [7000.0, 600.0, 0, 50.0, 0.0, 7.8252999999999995], lr=5.000e-05
Epoch: 0 [2660/10000 (27%)] Loss: 37.57210 = L_Mnfld: 9.04857 + L_NonMnfld: 14.11617 + L_Nrml: 0.00000 + L_Eknl: 7.62828 + L_Div: 0.00000 + L_Morse: 6.77908
Epoch: 0 [2660/10000 (27%)] Unweighted L_s : L_Mnfld: 0.00129,  L_NonMnfld: 0.02353,  L_Nrml: 0.00000,  L_Eknl: 0.15257, L_Morse: 0.86630

Weights: [7000.0, 600.0, 0, 50.0, 0.0, 7.792299999999999], lr=5.000e-05
Epoch: 0 [2670/10000 (27%)] Loss: 38.07307 = L_Mnfld: 9.08571 + L_NonMnfld: 14.41644 + L_Nrml: 0.00000 + L_Eknl: 7.65892 + L_Div: 0.00000 + L_Morse: 6.91200
Epoch: 0 [2670/10000 (27%)] Unweighted L_s : L_Mnfld: 0.00130,  L_NonMnfld: 0.02403,  L_Nrml: 0.00000,  L_Eknl: 0.15318, L_Morse: 0.88703

Weights: [7000.0, 600.0, 0, 50.0, 0.0, 7.7593], lr=5.000e-05
Epoch: 0 [2680/10000 (27%)] Loss: 37.77493 = L_Mnfld: 9.38666 + L_NonMnfld: 13.91095 + L_Nrml: 0.00000 + L_Eknl: 7.60800 + L_Div: 0.00000 + L_Morse: 6.86932
Epoch: 0 [2680/10000 (27%)] Unweighted L_s : L_Mnfld: 0.00134,  L_NonMnfld: 0.02318,  L_Nrml: 0.00000,  L_Eknl: 0.15216, L_Morse: 0.88530

Weights: [7000.0, 600.0, 0, 50.0, 0.0, 7.726300000000001], lr=5.000e-05
Epoch: 0 [2690/10000 (27%)] Loss: 36.45741 = L_Mnfld: 8.17960 + L_NonMnfld: 14.20468 + L_Nrml: 0.00000 + L_Eknl: 7.42809 + L_Div: 0.00000 + L_Morse: 6.64503
Epoch: 0 [2690/10000 (27%)] Unweighted L_s : L_Mnfld: 0.00117,  L_NonMnfld: 0.02367,  L_Nrml: 0.00000,  L_Eknl: 0.14856, L_Morse: 0.86005

Weights: [7000.0, 600.0, 0, 50.0, 0.0, 7.693300000000001], lr=5.000e-05
Epoch: 0 [2700/10000 (27%)] Loss: 36.38371 = L_Mnfld: 8.77042 + L_NonMnfld: 13.19889 + L_Nrml: 0.00000 + L_Eknl: 7.45346 + L_Div: 0.00000 + L_Morse: 6.96093
Epoch: 0 [2700/10000 (27%)] Unweighted L_s : L_Mnfld: 0.00125,  L_NonMnfld: 0.02200,  L_Nrml: 0.00000,  L_Eknl: 0.14907, L_Morse: 0.90480

Weights: [7000.0, 600.0, 0, 50.0, 0.0, 7.660300000000001], lr=5.000e-05
Epoch: 0 [2710/10000 (27%)] Loss: 35.88437 = L_Mnfld: 7.52074 + L_NonMnfld: 13.94902 + L_Nrml: 0.00000 + L_Eknl: 7.56727 + L_Div: 0.00000 + L_Morse: 6.84734
Epoch: 0 [2710/10000 (27%)] Unweighted L_s : L_Mnfld: 0.00107,  L_NonMnfld: 0.02325,  L_Nrml: 0.00000,  L_Eknl: 0.15135, L_Morse: 0.89387

Weights: [7000.0, 600.0, 0, 50.0, 0.0, 7.627300000000001], lr=5.000e-05
Epoch: 0 [2720/10000 (27%)] Loss: 36.50581 = L_Mnfld: 7.87304 + L_NonMnfld: 14.86214 + L_Nrml: 0.00000 + L_Eknl: 7.36791 + L_Div: 0.00000 + L_Morse: 6.40272
Epoch: 0 [2720/10000 (27%)] Unweighted L_s : L_Mnfld: 0.00112,  L_NonMnfld: 0.02477,  L_Nrml: 0.00000,  L_Eknl: 0.14736, L_Morse: 0.83945

Weights: [7000.0, 600.0, 0, 50.0, 0.0, 7.5943000000000005], lr=5.000e-05
Epoch: 0 [2730/10000 (27%)] Loss: 35.87697 = L_Mnfld: 8.31375 + L_NonMnfld: 13.71662 + L_Nrml: 0.00000 + L_Eknl: 7.42990 + L_Div: 0.00000 + L_Morse: 6.41670
Epoch: 0 [2730/10000 (27%)] Unweighted L_s : L_Mnfld: 0.00119,  L_NonMnfld: 0.02286,  L_Nrml: 0.00000,  L_Eknl: 0.14860, L_Morse: 0.84494

Weights: [7000.0, 600.0, 0, 50.0, 0.0, 7.561300000000001], lr=5.000e-05
Epoch: 0 [2740/10000 (27%)] Loss: 35.97190 = L_Mnfld: 7.88167 + L_NonMnfld: 14.37865 + L_Nrml: 0.00000 + L_Eknl: 7.22229 + L_Div: 0.00000 + L_Morse: 6.48929
Epoch: 0 [2740/10000 (27%)] Unweighted L_s : L_Mnfld: 0.00113,  L_NonMnfld: 0.02396,  L_Nrml: 0.00000,  L_Eknl: 0.14445, L_Morse: 0.85822

Weights: [7000.0, 600.0, 0, 50.0, 0.0, 7.5283000000000015], lr=5.000e-05
Epoch: 0 [2750/10000 (28%)] Loss: 34.87001 = L_Mnfld: 7.31844 + L_NonMnfld: 13.66638 + L_Nrml: 0.00000 + L_Eknl: 7.42886 + L_Div: 0.00000 + L_Morse: 6.45632
Epoch: 0 [2750/10000 (28%)] Unweighted L_s : L_Mnfld: 0.00105,  L_NonMnfld: 0.02278,  L_Nrml: 0.00000,  L_Eknl: 0.14858, L_Morse: 0.85761

Weights: [7000.0, 600.0, 0, 50.0, 0.0, 7.4953], lr=5.000e-05
Epoch: 0 [2760/10000 (28%)] Loss: 34.19913 = L_Mnfld: 7.69359 + L_NonMnfld: 12.77376 + L_Nrml: 0.00000 + L_Eknl: 7.33563 + L_Div: 0.00000 + L_Morse: 6.39615
Epoch: 0 [2760/10000 (28%)] Unweighted L_s : L_Mnfld: 0.00110,  L_NonMnfld: 0.02129,  L_Nrml: 0.00000,  L_Eknl: 0.14671, L_Morse: 0.85335

Weights: [7000.0, 600.0, 0, 50.0, 0.0, 7.462300000000001], lr=5.000e-05
Epoch: 0 [2770/10000 (28%)] Loss: 35.75787 = L_Mnfld: 7.79803 + L_NonMnfld: 14.02190 + L_Nrml: 0.00000 + L_Eknl: 7.40677 + L_Div: 0.00000 + L_Morse: 6.53117
Epoch: 0 [2770/10000 (28%)] Unweighted L_s : L_Mnfld: 0.00111,  L_NonMnfld: 0.02337,  L_Nrml: 0.00000,  L_Eknl: 0.14814, L_Morse: 0.87522

Weights: [7000.0, 600.0, 0, 50.0, 0.0, 7.429300000000001], lr=5.000e-05
Epoch: 0 [2780/10000 (28%)] Loss: 36.16356 = L_Mnfld: 8.86923 + L_NonMnfld: 13.65548 + L_Nrml: 0.00000 + L_Eknl: 7.34114 + L_Div: 0.00000 + L_Morse: 6.29771
Epoch: 0 [2780/10000 (28%)] Unweighted L_s : L_Mnfld: 0.00127,  L_NonMnfld: 0.02276,  L_Nrml: 0.00000,  L_Eknl: 0.14682, L_Morse: 0.84769

Weights: [7000.0, 600.0, 0, 50.0, 0.0, 7.3963], lr=5.000e-05
Epoch: 0 [2790/10000 (28%)] Loss: 34.04316 = L_Mnfld: 7.61671 + L_NonMnfld: 12.81599 + L_Nrml: 0.00000 + L_Eknl: 7.16737 + L_Div: 0.00000 + L_Morse: 6.44308
Epoch: 0 [2790/10000 (28%)] Unweighted L_s : L_Mnfld: 0.00109,  L_NonMnfld: 0.02136,  L_Nrml: 0.00000,  L_Eknl: 0.14335, L_Morse: 0.87112

Weights: [7000.0, 600.0, 0, 50.0, 0.0, 7.363300000000001], lr=5.000e-05
Epoch: 0 [2800/10000 (28%)] Loss: 35.90147 = L_Mnfld: 7.46129 + L_NonMnfld: 14.83854 + L_Nrml: 0.00000 + L_Eknl: 7.33923 + L_Div: 0.00000 + L_Morse: 6.26240
Epoch: 0 [2800/10000 (28%)] Unweighted L_s : L_Mnfld: 0.00107,  L_NonMnfld: 0.02473,  L_Nrml: 0.00000,  L_Eknl: 0.14678, L_Morse: 0.85049

Weights: [7000.0, 600.0, 0, 50.0, 0.0, 7.330300000000001], lr=5.000e-05
Epoch: 0 [2810/10000 (28%)] Loss: 37.05967 = L_Mnfld: 10.23975 + L_NonMnfld: 13.09314 + L_Nrml: 0.00000 + L_Eknl: 7.24144 + L_Div: 0.00000 + L_Morse: 6.48536
Epoch: 0 [2810/10000 (28%)] Unweighted L_s : L_Mnfld: 0.00146,  L_NonMnfld: 0.02182,  L_Nrml: 0.00000,  L_Eknl: 0.14483, L_Morse: 0.88473

Weights: [7000.0, 600.0, 0, 50.0, 0.0, 7.2973], lr=5.000e-05
Epoch: 0 [2820/10000 (28%)] Loss: 36.93905 = L_Mnfld: 10.08392 + L_NonMnfld: 12.87985 + L_Nrml: 0.00000 + L_Eknl: 7.37390 + L_Div: 0.00000 + L_Morse: 6.60139
Epoch: 0 [2820/10000 (28%)] Unweighted L_s : L_Mnfld: 0.00144,  L_NonMnfld: 0.02147,  L_Nrml: 0.00000,  L_Eknl: 0.14748, L_Morse: 0.90463

Weights: [7000.0, 600.0, 0, 50.0, 0.0, 7.2643], lr=5.000e-05
Epoch: 0 [2830/10000 (28%)] Loss: 39.87687 = L_Mnfld: 10.40567 + L_NonMnfld: 14.74498 + L_Nrml: 0.00000 + L_Eknl: 8.31965 + L_Div: 0.00000 + L_Morse: 6.40656
Epoch: 0 [2830/10000 (28%)] Unweighted L_s : L_Mnfld: 0.00149,  L_NonMnfld: 0.02457,  L_Nrml: 0.00000,  L_Eknl: 0.16639, L_Morse: 0.88192

Weights: [7000.0, 600.0, 0, 50.0, 0.0, 7.231300000000001], lr=5.000e-05
Epoch: 0 [2840/10000 (28%)] Loss: 41.02885 = L_Mnfld: 12.72517 + L_NonMnfld: 13.96207 + L_Nrml: 0.00000 + L_Eknl: 7.42500 + L_Div: 0.00000 + L_Morse: 6.91662
Epoch: 0 [2840/10000 (28%)] Unweighted L_s : L_Mnfld: 0.00182,  L_NonMnfld: 0.02327,  L_Nrml: 0.00000,  L_Eknl: 0.14850, L_Morse: 0.95648

Weights: [7000.0, 600.0, 0, 50.0, 0.0, 7.198300000000001], lr=5.000e-05
Epoch: 0 [2850/10000 (28%)] Loss: 51.64436 = L_Mnfld: 22.36918 + L_NonMnfld: 12.73162 + L_Nrml: 0.00000 + L_Eknl: 8.68841 + L_Div: 0.00000 + L_Morse: 7.85516
Epoch: 0 [2850/10000 (28%)] Unweighted L_s : L_Mnfld: 0.00320,  L_NonMnfld: 0.02122,  L_Nrml: 0.00000,  L_Eknl: 0.17377, L_Morse: 1.09125

Weights: [7000.0, 600.0, 0, 50.0, 0.0, 7.1653], lr=5.000e-05
Epoch: 0 [2860/10000 (29%)] Loss: 56.43151 = L_Mnfld: 24.32232 + L_NonMnfld: 13.88889 + L_Nrml: 0.00000 + L_Eknl: 9.53370 + L_Div: 0.00000 + L_Morse: 8.68660
Epoch: 0 [2860/10000 (29%)] Unweighted L_s : L_Mnfld: 0.00347,  L_NonMnfld: 0.02315,  L_Nrml: 0.00000,  L_Eknl: 0.19067, L_Morse: 1.21231

Weights: [7000.0, 600.0, 0, 50.0, 0.0, 7.132300000000001], lr=5.000e-05
Epoch: 0 [2870/10000 (29%)] Loss: 53.37980 = L_Mnfld: 20.10730 + L_NonMnfld: 14.75156 + L_Nrml: 0.00000 + L_Eknl: 9.76416 + L_Div: 0.00000 + L_Morse: 8.75678
Epoch: 0 [2870/10000 (29%)] Unweighted L_s : L_Mnfld: 0.00287,  L_NonMnfld: 0.02459,  L_Nrml: 0.00000,  L_Eknl: 0.19528, L_Morse: 1.22776

Weights: [7000.0, 600.0, 0, 50.0, 0.0, 7.0993], lr=5.000e-05
Epoch: 0 [2880/10000 (29%)] Loss: 63.87981 = L_Mnfld: 30.31439 + L_NonMnfld: 14.13633 + L_Nrml: 0.00000 + L_Eknl: 9.88991 + L_Div: 0.00000 + L_Morse: 9.53917
Epoch: 0 [2880/10000 (29%)] Unweighted L_s : L_Mnfld: 0.00433,  L_NonMnfld: 0.02356,  L_Nrml: 0.00000,  L_Eknl: 0.19780, L_Morse: 1.34368

Weights: [7000.0, 600.0, 0, 50.0, 0.0, 7.0663], lr=5.000e-05
Epoch: 0 [2890/10000 (29%)] Loss: 51.91702 = L_Mnfld: 20.92351 + L_NonMnfld: 14.00164 + L_Nrml: 0.00000 + L_Eknl: 9.04793 + L_Div: 0.00000 + L_Morse: 7.94394
Epoch: 0 [2890/10000 (29%)] Unweighted L_s : L_Mnfld: 0.00299,  L_NonMnfld: 0.02334,  L_Nrml: 0.00000,  L_Eknl: 0.18096, L_Morse: 1.12420

Weights: [7000.0, 600.0, 0, 50.0, 0.0, 7.0333000000000006], lr=5.000e-05
Epoch: 0 [2900/10000 (29%)] Loss: 44.34444 = L_Mnfld: 14.56394 + L_NonMnfld: 13.45621 + L_Nrml: 0.00000 + L_Eknl: 8.96354 + L_Div: 0.00000 + L_Morse: 7.36075
Epoch: 0 [2900/10000 (29%)] Unweighted L_s : L_Mnfld: 0.00208,  L_NonMnfld: 0.02243,  L_Nrml: 0.00000,  L_Eknl: 0.17927, L_Morse: 1.04656

Weights: [7000.0, 600.0, 0, 50.0, 0.0, 7.0003], lr=5.000e-05
Epoch: 0 [2910/10000 (29%)] Loss: 41.69355 = L_Mnfld: 11.78980 + L_NonMnfld: 14.87300 + L_Nrml: 0.00000 + L_Eknl: 8.23493 + L_Div: 0.00000 + L_Morse: 6.79582
Epoch: 0 [2910/10000 (29%)] Unweighted L_s : L_Mnfld: 0.00168,  L_NonMnfld: 0.02479,  L_Nrml: 0.00000,  L_Eknl: 0.16470, L_Morse: 0.97079

Weights: [7000.0, 600.0, 0, 50.0, 0.0, 6.9673], lr=5.000e-05
Epoch: 0 [2920/10000 (29%)] Loss: 39.66296 = L_Mnfld: 10.34426 + L_NonMnfld: 15.26190 + L_Nrml: 0.00000 + L_Eknl: 7.92709 + L_Div: 0.00000 + L_Morse: 6.12971
Epoch: 0 [2920/10000 (29%)] Unweighted L_s : L_Mnfld: 0.00148,  L_NonMnfld: 0.02544,  L_Nrml: 0.00000,  L_Eknl: 0.15854, L_Morse: 0.87978

Weights: [7000.0, 600.0, 0, 50.0, 0.0, 6.9343], lr=5.000e-05
Epoch: 0 [2930/10000 (29%)] Loss: 37.17975 = L_Mnfld: 9.39813 + L_NonMnfld: 13.82334 + L_Nrml: 0.00000 + L_Eknl: 7.84303 + L_Div: 0.00000 + L_Morse: 6.11525
Epoch: 0 [2930/10000 (29%)] Unweighted L_s : L_Mnfld: 0.00134,  L_NonMnfld: 0.02304,  L_Nrml: 0.00000,  L_Eknl: 0.15686, L_Morse: 0.88188

Weights: [7000.0, 600.0, 0, 50.0, 0.0, 6.901300000000001], lr=5.000e-05
Epoch: 0 [2940/10000 (29%)] Loss: 36.85318 = L_Mnfld: 8.71656 + L_NonMnfld: 14.38178 + L_Nrml: 0.00000 + L_Eknl: 7.60348 + L_Div: 0.00000 + L_Morse: 6.15136
Epoch: 0 [2940/10000 (29%)] Unweighted L_s : L_Mnfld: 0.00125,  L_NonMnfld: 0.02397,  L_Nrml: 0.00000,  L_Eknl: 0.15207, L_Morse: 0.89133

Weights: [7000.0, 600.0, 0, 50.0, 0.0, 6.8683000000000005], lr=5.000e-05
Epoch: 0 [2950/10000 (30%)] Loss: 36.09247 = L_Mnfld: 9.15534 + L_NonMnfld: 13.14079 + L_Nrml: 0.00000 + L_Eknl: 7.49874 + L_Div: 0.00000 + L_Morse: 6.29760
Epoch: 0 [2950/10000 (30%)] Unweighted L_s : L_Mnfld: 0.00131,  L_NonMnfld: 0.02190,  L_Nrml: 0.00000,  L_Eknl: 0.14997, L_Morse: 0.91691

Weights: [7000.0, 600.0, 0, 50.0, 0.0, 6.8353], lr=5.000e-05
Epoch: 0 [2960/10000 (30%)] Loss: 35.94476 = L_Mnfld: 7.95155 + L_NonMnfld: 14.41690 + L_Nrml: 0.00000 + L_Eknl: 7.62202 + L_Div: 0.00000 + L_Morse: 5.95428
Epoch: 0 [2960/10000 (30%)] Unweighted L_s : L_Mnfld: 0.00114,  L_NonMnfld: 0.02403,  L_Nrml: 0.00000,  L_Eknl: 0.15244, L_Morse: 0.87111

Weights: [7000.0, 600.0, 0, 50.0, 0.0, 6.802300000000001], lr=5.000e-05
Epoch: 0 [2970/10000 (30%)] Loss: 35.30740 = L_Mnfld: 7.98089 + L_NonMnfld: 13.77085 + L_Nrml: 0.00000 + L_Eknl: 7.59219 + L_Div: 0.00000 + L_Morse: 5.96347
Epoch: 0 [2970/10000 (30%)] Unweighted L_s : L_Mnfld: 0.00114,  L_NonMnfld: 0.02295,  L_Nrml: 0.00000,  L_Eknl: 0.15184, L_Morse: 0.87668

Weights: [7000.0, 600.0, 0, 50.0, 0.0, 6.7693], lr=5.000e-05
Epoch: 0 [2980/10000 (30%)] Loss: 35.37197 = L_Mnfld: 8.22453 + L_NonMnfld: 13.60537 + L_Nrml: 0.00000 + L_Eknl: 7.51165 + L_Div: 0.00000 + L_Morse: 6.03043
Epoch: 0 [2980/10000 (30%)] Unweighted L_s : L_Mnfld: 0.00117,  L_NonMnfld: 0.02268,  L_Nrml: 0.00000,  L_Eknl: 0.15023, L_Morse: 0.89085

Weights: [7000.0, 600.0, 0, 50.0, 0.0, 6.7363], lr=5.000e-05
Epoch: 0 [2990/10000 (30%)] Loss: 34.03811 = L_Mnfld: 7.87728 + L_NonMnfld: 12.74584 + L_Nrml: 0.00000 + L_Eknl: 7.35973 + L_Div: 0.00000 + L_Morse: 6.05525
Epoch: 0 [2990/10000 (30%)] Unweighted L_s : L_Mnfld: 0.00113,  L_NonMnfld: 0.02124,  L_Nrml: 0.00000,  L_Eknl: 0.14719, L_Morse: 0.89890

Weights: [7000.0, 600.0, 0, 50.0, 0.0, 6.7033000000000005], lr=5.000e-05
Epoch: 0 [3000/10000 (30%)] Loss: 33.56690 = L_Mnfld: 7.21681 + L_NonMnfld: 13.02299 + L_Nrml: 0.00000 + L_Eknl: 7.43895 + L_Div: 0.00000 + L_Morse: 5.88815
Epoch: 0 [3000/10000 (30%)] Unweighted L_s : L_Mnfld: 0.00103,  L_NonMnfld: 0.02170,  L_Nrml: 0.00000,  L_Eknl: 0.14878, L_Morse: 0.87840

Weights: [7000.0, 600.0, 0, 50.0, 0.0, 6.6703], lr=5.000e-05
Epoch: 0 [3010/10000 (30%)] Loss: 34.27324 = L_Mnfld: 7.72333 + L_NonMnfld: 13.82945 + L_Nrml: 0.00000 + L_Eknl: 7.21685 + L_Div: 0.00000 + L_Morse: 5.50362
Epoch: 0 [3010/10000 (30%)] Unweighted L_s : L_Mnfld: 0.00110,  L_NonMnfld: 0.02305,  L_Nrml: 0.00000,  L_Eknl: 0.14434, L_Morse: 0.82509

Weights: [7000.0, 600.0, 0, 50.0, 0.0, 6.6373], lr=5.000e-05
Epoch: 0 [3020/10000 (30%)] Loss: 33.99420 = L_Mnfld: 7.17254 + L_NonMnfld: 13.64770 + L_Nrml: 0.00000 + L_Eknl: 7.34997 + L_Div: 0.00000 + L_Morse: 5.82399
Epoch: 0 [3020/10000 (30%)] Unweighted L_s : L_Mnfld: 0.00102,  L_NonMnfld: 0.02275,  L_Nrml: 0.00000,  L_Eknl: 0.14700, L_Morse: 0.87746

Weights: [7000.0, 600.0, 0, 50.0, 0.0, 6.6043], lr=5.000e-05
Epoch: 0 [3030/10000 (30%)] Loss: 36.35013 = L_Mnfld: 8.81637 + L_NonMnfld: 13.53878 + L_Nrml: 0.00000 + L_Eknl: 7.48738 + L_Div: 0.00000 + L_Morse: 6.50760
Epoch: 0 [3030/10000 (30%)] Unweighted L_s : L_Mnfld: 0.00126,  L_NonMnfld: 0.02256,  L_Nrml: 0.00000,  L_Eknl: 0.14975, L_Morse: 0.98536

Weights: [7000.0, 600.0, 0, 50.0, 0.0, 6.5713], lr=5.000e-05
Epoch: 0 [3040/10000 (30%)] Loss: 34.28041 = L_Mnfld: 7.98181 + L_NonMnfld: 12.91208 + L_Nrml: 0.00000 + L_Eknl: 7.43773 + L_Div: 0.00000 + L_Morse: 5.94879
Epoch: 0 [3040/10000 (30%)] Unweighted L_s : L_Mnfld: 0.00114,  L_NonMnfld: 0.02152,  L_Nrml: 0.00000,  L_Eknl: 0.14875, L_Morse: 0.90527

Weights: [7000.0, 600.0, 0, 50.0, 0.0, 6.5383], lr=5.000e-05
Epoch: 0 [3050/10000 (30%)] Loss: 35.92492 = L_Mnfld: 8.13140 + L_NonMnfld: 14.50914 + L_Nrml: 0.00000 + L_Eknl: 7.43268 + L_Div: 0.00000 + L_Morse: 5.85170
Epoch: 0 [3050/10000 (30%)] Unweighted L_s : L_Mnfld: 0.00116,  L_NonMnfld: 0.02418,  L_Nrml: 0.00000,  L_Eknl: 0.14865, L_Morse: 0.89499

Weights: [7000.0, 600.0, 0, 50.0, 0.0, 6.5053], lr=5.000e-05
Epoch: 0 [3060/10000 (31%)] Loss: 35.33781 = L_Mnfld: 7.89489 + L_NonMnfld: 14.18062 + L_Nrml: 0.00000 + L_Eknl: 7.41622 + L_Div: 0.00000 + L_Morse: 5.84608
Epoch: 0 [3060/10000 (31%)] Unweighted L_s : L_Mnfld: 0.00113,  L_NonMnfld: 0.02363,  L_Nrml: 0.00000,  L_Eknl: 0.14832, L_Morse: 0.89866

Weights: [7000.0, 600.0, 0, 50.0, 0.0, 6.4723], lr=5.000e-05
Epoch: 0 [3070/10000 (31%)] Loss: 35.18379 = L_Mnfld: 8.29161 + L_NonMnfld: 13.56978 + L_Nrml: 0.00000 + L_Eknl: 7.38237 + L_Div: 0.00000 + L_Morse: 5.94002
Epoch: 0 [3070/10000 (31%)] Unweighted L_s : L_Mnfld: 0.00118,  L_NonMnfld: 0.02262,  L_Nrml: 0.00000,  L_Eknl: 0.14765, L_Morse: 0.91776

Weights: [7000.0, 600.0, 0, 50.0, 0.0, 6.439299999999999], lr=5.000e-05
Epoch: 0 [3080/10000 (31%)] Loss: 34.95028 = L_Mnfld: 7.68601 + L_NonMnfld: 14.31783 + L_Nrml: 0.00000 + L_Eknl: 7.09387 + L_Div: 0.00000 + L_Morse: 5.85257
Epoch: 0 [3080/10000 (31%)] Unweighted L_s : L_Mnfld: 0.00110,  L_NonMnfld: 0.02386,  L_Nrml: 0.00000,  L_Eknl: 0.14188, L_Morse: 0.90888

Weights: [7000.0, 600.0, 0, 50.0, 0.0, 6.4063], lr=5.000e-05
Epoch: 0 [3090/10000 (31%)] Loss: 34.96823 = L_Mnfld: 7.81744 + L_NonMnfld: 14.18652 + L_Nrml: 0.00000 + L_Eknl: 7.08058 + L_Div: 0.00000 + L_Morse: 5.88369
Epoch: 0 [3090/10000 (31%)] Unweighted L_s : L_Mnfld: 0.00112,  L_NonMnfld: 0.02364,  L_Nrml: 0.00000,  L_Eknl: 0.14161, L_Morse: 0.91842

Weights: [7000.0, 600.0, 0, 50.0, 0.0, 6.3733], lr=5.000e-05
Epoch: 0 [3100/10000 (31%)] Loss: 33.56684 = L_Mnfld: 7.70252 + L_NonMnfld: 13.22549 + L_Nrml: 0.00000 + L_Eknl: 7.02450 + L_Div: 0.00000 + L_Morse: 5.61434
Epoch: 0 [3100/10000 (31%)] Unweighted L_s : L_Mnfld: 0.00110,  L_NonMnfld: 0.02204,  L_Nrml: 0.00000,  L_Eknl: 0.14049, L_Morse: 0.88092

Weights: [7000.0, 600.0, 0, 50.0, 0.0, 6.3403], lr=5.000e-05
Epoch: 0 [3110/10000 (31%)] Loss: 34.14138 = L_Mnfld: 7.78728 + L_NonMnfld: 13.62451 + L_Nrml: 0.00000 + L_Eknl: 6.98612 + L_Div: 0.00000 + L_Morse: 5.74348
Epoch: 0 [3110/10000 (31%)] Unweighted L_s : L_Mnfld: 0.00111,  L_NonMnfld: 0.02271,  L_Nrml: 0.00000,  L_Eknl: 0.13972, L_Morse: 0.90587

Weights: [7000.0, 600.0, 0, 50.0, 0.0, 6.3073], lr=5.000e-05
Epoch: 0 [3120/10000 (31%)] Loss: 34.75921 = L_Mnfld: 7.26327 + L_NonMnfld: 14.73243 + L_Nrml: 0.00000 + L_Eknl: 6.98394 + L_Div: 0.00000 + L_Morse: 5.77957
Epoch: 0 [3120/10000 (31%)] Unweighted L_s : L_Mnfld: 0.00104,  L_NonMnfld: 0.02455,  L_Nrml: 0.00000,  L_Eknl: 0.13968, L_Morse: 0.91633

Weights: [7000.0, 600.0, 0, 50.0, 0.0, 6.2743], lr=5.000e-05
Epoch: 0 [3130/10000 (31%)] Loss: 34.56819 = L_Mnfld: 7.70236 + L_NonMnfld: 14.13563 + L_Nrml: 0.00000 + L_Eknl: 7.03208 + L_Div: 0.00000 + L_Morse: 5.69812
Epoch: 0 [3130/10000 (31%)] Unweighted L_s : L_Mnfld: 0.00110,  L_NonMnfld: 0.02356,  L_Nrml: 0.00000,  L_Eknl: 0.14064, L_Morse: 0.90817

Weights: [7000.0, 600.0, 0, 50.0, 0.0, 6.2413], lr=5.000e-05
Epoch: 0 [3140/10000 (31%)] Loss: 34.27876 = L_Mnfld: 7.71626 + L_NonMnfld: 13.90756 + L_Nrml: 0.00000 + L_Eknl: 7.07686 + L_Div: 0.00000 + L_Morse: 5.57807
Epoch: 0 [3140/10000 (31%)] Unweighted L_s : L_Mnfld: 0.00110,  L_NonMnfld: 0.02318,  L_Nrml: 0.00000,  L_Eknl: 0.14154, L_Morse: 0.89373

Weights: [7000.0, 600.0, 0, 50.0, 0.0, 6.2082999999999995], lr=5.000e-05
Epoch: 0 [3150/10000 (32%)] Loss: 35.38824 = L_Mnfld: 7.96420 + L_NonMnfld: 14.25214 + L_Nrml: 0.00000 + L_Eknl: 7.09935 + L_Div: 0.00000 + L_Morse: 6.07255
Epoch: 0 [3150/10000 (32%)] Unweighted L_s : L_Mnfld: 0.00114,  L_NonMnfld: 0.02375,  L_Nrml: 0.00000,  L_Eknl: 0.14199, L_Morse: 0.97813

Weights: [7000.0, 600.0, 0, 50.0, 0.0, 6.1753], lr=5.000e-05
Epoch: 0 [3160/10000 (32%)] Loss: 34.22411 = L_Mnfld: 8.08449 + L_NonMnfld: 13.30793 + L_Nrml: 0.00000 + L_Eknl: 7.07281 + L_Div: 0.00000 + L_Morse: 5.75887
Epoch: 0 [3160/10000 (32%)] Unweighted L_s : L_Mnfld: 0.00115,  L_NonMnfld: 0.02218,  L_Nrml: 0.00000,  L_Eknl: 0.14146, L_Morse: 0.93257

Weights: [7000.0, 600.0, 0, 50.0, 0.0, 6.1423], lr=5.000e-05
Epoch: 0 [3170/10000 (32%)] Loss: 34.38433 = L_Mnfld: 8.45782 + L_NonMnfld: 13.23749 + L_Nrml: 0.00000 + L_Eknl: 7.11312 + L_Div: 0.00000 + L_Morse: 5.57590
Epoch: 0 [3170/10000 (32%)] Unweighted L_s : L_Mnfld: 0.00121,  L_NonMnfld: 0.02206,  L_Nrml: 0.00000,  L_Eknl: 0.14226, L_Morse: 0.90779

Weights: [7000.0, 600.0, 0, 50.0, 0.0, 6.109299999999999], lr=5.000e-05
Epoch: 0 [3180/10000 (32%)] Loss: 33.54132 = L_Mnfld: 7.49984 + L_NonMnfld: 13.22503 + L_Nrml: 0.00000 + L_Eknl: 7.10380 + L_Div: 0.00000 + L_Morse: 5.71265
Epoch: 0 [3180/10000 (32%)] Unweighted L_s : L_Mnfld: 0.00107,  L_NonMnfld: 0.02204,  L_Nrml: 0.00000,  L_Eknl: 0.14208, L_Morse: 0.93507

Weights: [7000.0, 600.0, 0, 50.0, 0.0, 6.0763], lr=5.000e-05
Epoch: 0 [3190/10000 (32%)] Loss: 34.31172 = L_Mnfld: 7.77221 + L_NonMnfld: 13.73209 + L_Nrml: 0.00000 + L_Eknl: 6.91938 + L_Div: 0.00000 + L_Morse: 5.88804
Epoch: 0 [3190/10000 (32%)] Unweighted L_s : L_Mnfld: 0.00111,  L_NonMnfld: 0.02289,  L_Nrml: 0.00000,  L_Eknl: 0.13839, L_Morse: 0.96902

Weights: [7000.0, 600.0, 0, 50.0, 0.0, 6.0432999999999995], lr=5.000e-05
Epoch: 0 [3200/10000 (32%)] Loss: 33.80476 = L_Mnfld: 7.93925 + L_NonMnfld: 13.14810 + L_Nrml: 0.00000 + L_Eknl: 6.99010 + L_Div: 0.00000 + L_Morse: 5.72729
Epoch: 0 [3200/10000 (32%)] Unweighted L_s : L_Mnfld: 0.00113,  L_NonMnfld: 0.02191,  L_Nrml: 0.00000,  L_Eknl: 0.13980, L_Morse: 0.94771

Weights: [7000.0, 600.0, 0, 50.0, 0.0, 6.010299999999999], lr=5.000e-05
Epoch: 0 [3210/10000 (32%)] Loss: 33.63164 = L_Mnfld: 7.78403 + L_NonMnfld: 13.50809 + L_Nrml: 0.00000 + L_Eknl: 6.85127 + L_Div: 0.00000 + L_Morse: 5.48825
Epoch: 0 [3210/10000 (32%)] Unweighted L_s : L_Mnfld: 0.00111,  L_NonMnfld: 0.02251,  L_Nrml: 0.00000,  L_Eknl: 0.13703, L_Morse: 0.91314

Weights: [7000.0, 600.0, 0, 50.0, 0.0, 5.9773], lr=5.000e-05
Epoch: 0 [3220/10000 (32%)] Loss: 34.28382 = L_Mnfld: 7.76567 + L_NonMnfld: 13.86465 + L_Nrml: 0.00000 + L_Eknl: 6.86202 + L_Div: 0.00000 + L_Morse: 5.79148
Epoch: 0 [3220/10000 (32%)] Unweighted L_s : L_Mnfld: 0.00111,  L_NonMnfld: 0.02311,  L_Nrml: 0.00000,  L_Eknl: 0.13724, L_Morse: 0.96891

Weights: [7000.0, 600.0, 0, 50.0, 0.0, 5.944299999999999], lr=5.000e-05
Epoch: 0 [3230/10000 (32%)] Loss: 32.76742 = L_Mnfld: 7.56590 + L_NonMnfld: 12.88682 + L_Nrml: 0.00000 + L_Eknl: 6.83117 + L_Div: 0.00000 + L_Morse: 5.48354
Epoch: 0 [3230/10000 (32%)] Unweighted L_s : L_Mnfld: 0.00108,  L_NonMnfld: 0.02148,  L_Nrml: 0.00000,  L_Eknl: 0.13662, L_Morse: 0.92249

Weights: [7000.0, 600.0, 0, 50.0, 0.0, 5.911299999999999], lr=5.000e-05
Epoch: 0 [3240/10000 (32%)] Loss: 33.20801 = L_Mnfld: 7.64426 + L_NonMnfld: 13.06097 + L_Nrml: 0.00000 + L_Eknl: 6.88753 + L_Div: 0.00000 + L_Morse: 5.61524
Epoch: 0 [3240/10000 (32%)] Unweighted L_s : L_Mnfld: 0.00109,  L_NonMnfld: 0.02177,  L_Nrml: 0.00000,  L_Eknl: 0.13775, L_Morse: 0.94992

Weights: [7000.0, 600.0, 0, 50.0, 0.0, 5.878299999999999], lr=5.000e-05
Epoch: 0 [3250/10000 (32%)] Loss: 34.25793 = L_Mnfld: 7.62365 + L_NonMnfld: 14.52358 + L_Nrml: 0.00000 + L_Eknl: 6.81161 + L_Div: 0.00000 + L_Morse: 5.29909
Epoch: 0 [3250/10000 (32%)] Unweighted L_s : L_Mnfld: 0.00109,  L_NonMnfld: 0.02421,  L_Nrml: 0.00000,  L_Eknl: 0.13623, L_Morse: 0.90147

Weights: [7000.0, 600.0, 0, 50.0, 0.0, 5.845299999999999], lr=5.000e-05
Epoch: 0 [3260/10000 (33%)] Loss: 33.40655 = L_Mnfld: 7.17551 + L_NonMnfld: 13.88748 + L_Nrml: 0.00000 + L_Eknl: 6.75836 + L_Div: 0.00000 + L_Morse: 5.58519
Epoch: 0 [3260/10000 (33%)] Unweighted L_s : L_Mnfld: 0.00103,  L_NonMnfld: 0.02315,  L_Nrml: 0.00000,  L_Eknl: 0.13517, L_Morse: 0.95550

Weights: [7000.0, 600.0, 0, 50.0, 0.0, 5.812299999999999], lr=5.000e-05
Epoch: 0 [3270/10000 (33%)] Loss: 32.62331 = L_Mnfld: 7.30645 + L_NonMnfld: 13.21502 + L_Nrml: 0.00000 + L_Eknl: 6.87919 + L_Div: 0.00000 + L_Morse: 5.22264
Epoch: 0 [3270/10000 (33%)] Unweighted L_s : L_Mnfld: 0.00104,  L_NonMnfld: 0.02203,  L_Nrml: 0.00000,  L_Eknl: 0.13758, L_Morse: 0.89855

Weights: [7000.0, 600.0, 0, 50.0, 0.0, 5.779299999999999], lr=5.000e-05
Epoch: 0 [3280/10000 (33%)] Loss: 33.66418 = L_Mnfld: 7.57494 + L_NonMnfld: 13.83118 + L_Nrml: 0.00000 + L_Eknl: 6.87402 + L_Div: 0.00000 + L_Morse: 5.38404
Epoch: 0 [3280/10000 (33%)] Unweighted L_s : L_Mnfld: 0.00108,  L_NonMnfld: 0.02305,  L_Nrml: 0.00000,  L_Eknl: 0.13748, L_Morse: 0.93161

Weights: [7000.0, 600.0, 0, 50.0, 0.0, 5.746299999999999], lr=5.000e-05
Epoch: 0 [3290/10000 (33%)] Loss: 32.84402 = L_Mnfld: 8.12357 + L_NonMnfld: 12.63914 + L_Nrml: 0.00000 + L_Eknl: 6.79979 + L_Div: 0.00000 + L_Morse: 5.28152
Epoch: 0 [3290/10000 (33%)] Unweighted L_s : L_Mnfld: 0.00116,  L_NonMnfld: 0.02107,  L_Nrml: 0.00000,  L_Eknl: 0.13600, L_Morse: 0.91912

Weights: [7000.0, 600.0, 0, 50.0, 0.0, 5.713299999999999], lr=5.000e-05
Epoch: 0 [3300/10000 (33%)] Loss: 32.81577 = L_Mnfld: 7.62347 + L_NonMnfld: 13.29556 + L_Nrml: 0.00000 + L_Eknl: 6.71513 + L_Div: 0.00000 + L_Morse: 5.18161
Epoch: 0 [3300/10000 (33%)] Unweighted L_s : L_Mnfld: 0.00109,  L_NonMnfld: 0.02216,  L_Nrml: 0.00000,  L_Eknl: 0.13430, L_Morse: 0.90694

Weights: [7000.0, 600.0, 0, 50.0, 0.0, 5.680299999999999], lr=5.000e-05
Epoch: 0 [3310/10000 (33%)] Loss: 32.43991 = L_Mnfld: 7.71695 + L_NonMnfld: 12.61555 + L_Nrml: 0.00000 + L_Eknl: 6.65256 + L_Div: 0.00000 + L_Morse: 5.45486
Epoch: 0 [3310/10000 (33%)] Unweighted L_s : L_Mnfld: 0.00110,  L_NonMnfld: 0.02103,  L_Nrml: 0.00000,  L_Eknl: 0.13305, L_Morse: 0.96031

Weights: [7000.0, 600.0, 0, 50.0, 0.0, 5.6473], lr=5.000e-05
Epoch: 0 [3320/10000 (33%)] Loss: 32.34373 = L_Mnfld: 7.35334 + L_NonMnfld: 13.28331 + L_Nrml: 0.00000 + L_Eknl: 6.62466 + L_Div: 0.00000 + L_Morse: 5.08242
Epoch: 0 [3320/10000 (33%)] Unweighted L_s : L_Mnfld: 0.00105,  L_NonMnfld: 0.02214,  L_Nrml: 0.00000,  L_Eknl: 0.13249, L_Morse: 0.89997

Weights: [7000.0, 600.0, 0, 50.0, 0.0, 5.614300000000001], lr=5.000e-05
Epoch: 0 [3330/10000 (33%)] Loss: 32.68149 = L_Mnfld: 7.88032 + L_NonMnfld: 12.71842 + L_Nrml: 0.00000 + L_Eknl: 6.68444 + L_Div: 0.00000 + L_Morse: 5.39831
Epoch: 0 [3330/10000 (33%)] Unweighted L_s : L_Mnfld: 0.00113,  L_NonMnfld: 0.02120,  L_Nrml: 0.00000,  L_Eknl: 0.13369, L_Morse: 0.96153

Weights: [7000.0, 600.0, 0, 50.0, 0.0, 5.581300000000001], lr=5.000e-05
Epoch: 0 [3340/10000 (33%)] Loss: 33.53368 = L_Mnfld: 7.66295 + L_NonMnfld: 13.88070 + L_Nrml: 0.00000 + L_Eknl: 6.62644 + L_Div: 0.00000 + L_Morse: 5.36359
Epoch: 0 [3340/10000 (33%)] Unweighted L_s : L_Mnfld: 0.00109,  L_NonMnfld: 0.02313,  L_Nrml: 0.00000,  L_Eknl: 0.13253, L_Morse: 0.96099

Weights: [7000.0, 600.0, 0, 50.0, 0.0, 5.5483], lr=5.000e-05
Epoch: 0 [3350/10000 (34%)] Loss: 32.48156 = L_Mnfld: 7.63558 + L_NonMnfld: 12.91206 + L_Nrml: 0.00000 + L_Eknl: 6.45611 + L_Div: 0.00000 + L_Morse: 5.47781
Epoch: 0 [3350/10000 (34%)] Unweighted L_s : L_Mnfld: 0.00109,  L_NonMnfld: 0.02152,  L_Nrml: 0.00000,  L_Eknl: 0.12912, L_Morse: 0.98729

Weights: [7000.0, 600.0, 0, 50.0, 0.0, 5.515300000000001], lr=5.000e-05
Epoch: 0 [3360/10000 (34%)] Loss: 32.76783 = L_Mnfld: 7.29640 + L_NonMnfld: 13.50368 + L_Nrml: 0.00000 + L_Eknl: 6.59386 + L_Div: 0.00000 + L_Morse: 5.37389
Epoch: 0 [3360/10000 (34%)] Unweighted L_s : L_Mnfld: 0.00104,  L_NonMnfld: 0.02251,  L_Nrml: 0.00000,  L_Eknl: 0.13188, L_Morse: 0.97436

Weights: [7000.0, 600.0, 0, 50.0, 0.0, 5.4823], lr=5.000e-05
Epoch: 0 [3370/10000 (34%)] Loss: 31.62428 = L_Mnfld: 7.67307 + L_NonMnfld: 12.38005 + L_Nrml: 0.00000 + L_Eknl: 6.53107 + L_Div: 0.00000 + L_Morse: 5.04009
Epoch: 0 [3370/10000 (34%)] Unweighted L_s : L_Mnfld: 0.00110,  L_NonMnfld: 0.02063,  L_Nrml: 0.00000,  L_Eknl: 0.13062, L_Morse: 0.91934

Weights: [7000.0, 600.0, 0, 50.0, 0.0, 5.4493], lr=5.000e-05
Epoch: 0 [3380/10000 (34%)] Loss: 32.51166 = L_Mnfld: 7.78961 + L_NonMnfld: 13.36975 + L_Nrml: 0.00000 + L_Eknl: 6.31054 + L_Div: 0.00000 + L_Morse: 5.04176
Epoch: 0 [3380/10000 (34%)] Unweighted L_s : L_Mnfld: 0.00111,  L_NonMnfld: 0.02228,  L_Nrml: 0.00000,  L_Eknl: 0.12621, L_Morse: 0.92521

Weights: [7000.0, 600.0, 0, 50.0, 0.0, 5.416300000000001], lr=5.000e-05
Epoch: 0 [3390/10000 (34%)] Loss: 30.83870 = L_Mnfld: 7.26725 + L_NonMnfld: 11.84852 + L_Nrml: 0.00000 + L_Eknl: 6.50205 + L_Div: 0.00000 + L_Morse: 5.22088
Epoch: 0 [3390/10000 (34%)] Unweighted L_s : L_Mnfld: 0.00104,  L_NonMnfld: 0.01975,  L_Nrml: 0.00000,  L_Eknl: 0.13004, L_Morse: 0.96392

Weights: [7000.0, 600.0, 0, 50.0, 0.0, 5.383300000000001], lr=5.000e-05
Epoch: 0 [3400/10000 (34%)] Loss: 32.91563 = L_Mnfld: 7.49792 + L_NonMnfld: 13.83499 + L_Nrml: 0.00000 + L_Eknl: 6.40992 + L_Div: 0.00000 + L_Morse: 5.17278
Epoch: 0 [3400/10000 (34%)] Unweighted L_s : L_Mnfld: 0.00107,  L_NonMnfld: 0.02306,  L_Nrml: 0.00000,  L_Eknl: 0.12820, L_Morse: 0.96089

Weights: [7000.0, 600.0, 0, 50.0, 0.0, 5.350300000000001], lr=5.000e-05
Epoch: 0 [3410/10000 (34%)] Loss: 34.70951 = L_Mnfld: 9.23894 + L_NonMnfld: 13.11192 + L_Nrml: 0.00000 + L_Eknl: 6.75196 + L_Div: 0.00000 + L_Morse: 5.60670
Epoch: 0 [3410/10000 (34%)] Unweighted L_s : L_Mnfld: 0.00132,  L_NonMnfld: 0.02185,  L_Nrml: 0.00000,  L_Eknl: 0.13504, L_Morse: 1.04792

Weights: [7000.0, 600.0, 0, 50.0, 0.0, 5.317300000000001], lr=5.000e-05
Epoch: 0 [3420/10000 (34%)] Loss: 32.56178 = L_Mnfld: 8.22742 + L_NonMnfld: 12.65032 + L_Nrml: 0.00000 + L_Eknl: 6.47288 + L_Div: 0.00000 + L_Morse: 5.21116
Epoch: 0 [3420/10000 (34%)] Unweighted L_s : L_Mnfld: 0.00118,  L_NonMnfld: 0.02108,  L_Nrml: 0.00000,  L_Eknl: 0.12946, L_Morse: 0.98004

Weights: [7000.0, 600.0, 0, 50.0, 0.0, 5.284300000000001], lr=5.000e-05
Epoch: 0 [3430/10000 (34%)] Loss: 34.29427 = L_Mnfld: 9.36362 + L_NonMnfld: 13.06148 + L_Nrml: 0.00000 + L_Eknl: 6.61428 + L_Div: 0.00000 + L_Morse: 5.25489
Epoch: 0 [3430/10000 (34%)] Unweighted L_s : L_Mnfld: 0.00134,  L_NonMnfld: 0.02177,  L_Nrml: 0.00000,  L_Eknl: 0.13229, L_Morse: 0.99443

Weights: [7000.0, 600.0, 0, 50.0, 0.0, 5.2513000000000005], lr=5.000e-05
Epoch: 0 [3440/10000 (34%)] Loss: 32.81347 = L_Mnfld: 8.57560 + L_NonMnfld: 12.52551 + L_Nrml: 0.00000 + L_Eknl: 6.43043 + L_Div: 0.00000 + L_Morse: 5.28193
Epoch: 0 [3440/10000 (34%)] Unweighted L_s : L_Mnfld: 0.00123,  L_NonMnfld: 0.02088,  L_Nrml: 0.00000,  L_Eknl: 0.12861, L_Morse: 1.00583

Weights: [7000.0, 600.0, 0, 50.0, 0.0, 5.218300000000001], lr=5.000e-05
Epoch: 0 [3450/10000 (34%)] Loss: 31.68477 = L_Mnfld: 8.16882 + L_NonMnfld: 12.13519 + L_Nrml: 0.00000 + L_Eknl: 6.41512 + L_Div: 0.00000 + L_Morse: 4.96564
Epoch: 0 [3450/10000 (34%)] Unweighted L_s : L_Mnfld: 0.00117,  L_NonMnfld: 0.02023,  L_Nrml: 0.00000,  L_Eknl: 0.12830, L_Morse: 0.95158

Weights: [7000.0, 600.0, 0, 50.0, 0.0, 5.185300000000001], lr=5.000e-05
Epoch: 0 [3460/10000 (35%)] Loss: 31.99475 = L_Mnfld: 7.41502 + L_NonMnfld: 12.84515 + L_Nrml: 0.00000 + L_Eknl: 6.43155 + L_Div: 0.00000 + L_Morse: 5.30304
Epoch: 0 [3460/10000 (35%)] Unweighted L_s : L_Mnfld: 0.00106,  L_NonMnfld: 0.02141,  L_Nrml: 0.00000,  L_Eknl: 0.12863, L_Morse: 1.02271

Weights: [7000.0, 600.0, 0, 50.0, 0.0, 5.1523], lr=5.000e-05
Epoch: 0 [3470/10000 (35%)] Loss: 32.70393 = L_Mnfld: 7.96210 + L_NonMnfld: 13.48041 + L_Nrml: 0.00000 + L_Eknl: 6.35124 + L_Div: 0.00000 + L_Morse: 4.91019
Epoch: 0 [3470/10000 (35%)] Unweighted L_s : L_Mnfld: 0.00114,  L_NonMnfld: 0.02247,  L_Nrml: 0.00000,  L_Eknl: 0.12702, L_Morse: 0.95301

Weights: [7000.0, 600.0, 0, 50.0, 0.0, 5.119300000000001], lr=5.000e-05
Epoch: 0 [3480/10000 (35%)] Loss: 31.52464 = L_Mnfld: 7.39635 + L_NonMnfld: 12.92889 + L_Nrml: 0.00000 + L_Eknl: 6.34992 + L_Div: 0.00000 + L_Morse: 4.84949
Epoch: 0 [3480/10000 (35%)] Unweighted L_s : L_Mnfld: 0.00106,  L_NonMnfld: 0.02155,  L_Nrml: 0.00000,  L_Eknl: 0.12700, L_Morse: 0.94729

Weights: [7000.0, 600.0, 0, 50.0, 0.0, 5.0863000000000005], lr=5.000e-05
Epoch: 0 [3490/10000 (35%)] Loss: 32.35445 = L_Mnfld: 7.35329 + L_NonMnfld: 13.87526 + L_Nrml: 0.00000 + L_Eknl: 6.31147 + L_Div: 0.00000 + L_Morse: 4.81443
Epoch: 0 [3490/10000 (35%)] Unweighted L_s : L_Mnfld: 0.00105,  L_NonMnfld: 0.02313,  L_Nrml: 0.00000,  L_Eknl: 0.12623, L_Morse: 0.94655

Weights: [7000.0, 600.0, 0, 50.0, 0.0, 5.0533], lr=5.000e-05
Epoch: 0 [3500/10000 (35%)] Loss: 31.46810 = L_Mnfld: 7.28342 + L_NonMnfld: 13.09626 + L_Nrml: 0.00000 + L_Eknl: 6.17067 + L_Div: 0.00000 + L_Morse: 4.91777
Epoch: 0 [3500/10000 (35%)] Unweighted L_s : L_Mnfld: 0.00104,  L_NonMnfld: 0.02183,  L_Nrml: 0.00000,  L_Eknl: 0.12341, L_Morse: 0.97318

Weights: [7000.0, 600.0, 0, 50.0, 0.0, 5.020300000000001], lr=5.000e-05
Epoch: 0 [3510/10000 (35%)] Loss: 33.47832 = L_Mnfld: 8.13785 + L_NonMnfld: 13.76615 + L_Nrml: 0.00000 + L_Eknl: 6.28767 + L_Div: 0.00000 + L_Morse: 5.28666
Epoch: 0 [3510/10000 (35%)] Unweighted L_s : L_Mnfld: 0.00116,  L_NonMnfld: 0.02294,  L_Nrml: 0.00000,  L_Eknl: 0.12575, L_Morse: 1.05306

Weights: [7000.0, 600.0, 0, 50.0, 0.0, 4.9873], lr=5.000e-05
Epoch: 0 [3520/10000 (35%)] Loss: 32.16831 = L_Mnfld: 7.58233 + L_NonMnfld: 13.34268 + L_Nrml: 0.00000 + L_Eknl: 6.19321 + L_Div: 0.00000 + L_Morse: 5.05010
Epoch: 0 [3520/10000 (35%)] Unweighted L_s : L_Mnfld: 0.00108,  L_NonMnfld: 0.02224,  L_Nrml: 0.00000,  L_Eknl: 0.12386, L_Morse: 1.01259

Weights: [7000.0, 600.0, 0, 50.0, 0.0, 4.9543], lr=5.000e-05
Epoch: 0 [3530/10000 (35%)] Loss: 31.99082 = L_Mnfld: 7.35015 + L_NonMnfld: 13.42064 + L_Nrml: 0.00000 + L_Eknl: 6.22280 + L_Div: 0.00000 + L_Morse: 4.99722
Epoch: 0 [3530/10000 (35%)] Unweighted L_s : L_Mnfld: 0.00105,  L_NonMnfld: 0.02237,  L_Nrml: 0.00000,  L_Eknl: 0.12446, L_Morse: 1.00866

Weights: [7000.0, 600.0, 0, 50.0, 0.0, 4.9213000000000005], lr=5.000e-05
Epoch: 0 [3540/10000 (35%)] Loss: 31.63679 = L_Mnfld: 7.75066 + L_NonMnfld: 12.61467 + L_Nrml: 0.00000 + L_Eknl: 6.26221 + L_Div: 0.00000 + L_Morse: 5.00925
Epoch: 0 [3540/10000 (35%)] Unweighted L_s : L_Mnfld: 0.00111,  L_NonMnfld: 0.02102,  L_Nrml: 0.00000,  L_Eknl: 0.12524, L_Morse: 1.01787

Weights: [7000.0, 600.0, 0, 50.0, 0.0, 4.8883], lr=5.000e-05
Epoch: 0 [3550/10000 (36%)] Loss: 32.26209 = L_Mnfld: 8.19841 + L_NonMnfld: 12.67021 + L_Nrml: 0.00000 + L_Eknl: 6.13975 + L_Div: 0.00000 + L_Morse: 5.25373
Epoch: 0 [3550/10000 (36%)] Unweighted L_s : L_Mnfld: 0.00117,  L_NonMnfld: 0.02112,  L_Nrml: 0.00000,  L_Eknl: 0.12279, L_Morse: 1.07476

Weights: [7000.0, 600.0, 0, 50.0, 0.0, 4.8553], lr=5.000e-05
Epoch: 0 [3560/10000 (36%)] Loss: 31.61014 = L_Mnfld: 6.89628 + L_NonMnfld: 13.61149 + L_Nrml: 0.00000 + L_Eknl: 6.10386 + L_Div: 0.00000 + L_Morse: 4.99851
Epoch: 0 [3560/10000 (36%)] Unweighted L_s : L_Mnfld: 0.00099,  L_NonMnfld: 0.02269,  L_Nrml: 0.00000,  L_Eknl: 0.12208, L_Morse: 1.02949

Weights: [7000.0, 600.0, 0, 50.0, 0.0, 4.8223], lr=5.000e-05
Epoch: 0 [3570/10000 (36%)] Loss: 31.76521 = L_Mnfld: 7.91880 + L_NonMnfld: 12.62240 + L_Nrml: 0.00000 + L_Eknl: 6.15609 + L_Div: 0.00000 + L_Morse: 5.06792
Epoch: 0 [3570/10000 (36%)] Unweighted L_s : L_Mnfld: 0.00113,  L_NonMnfld: 0.02104,  L_Nrml: 0.00000,  L_Eknl: 0.12312, L_Morse: 1.05093

Weights: [7000.0, 600.0, 0, 50.0, 0.0, 4.7893], lr=5.000e-05
Epoch: 0 [3580/10000 (36%)] Loss: 31.16582 = L_Mnfld: 7.45197 + L_NonMnfld: 12.87976 + L_Nrml: 0.00000 + L_Eknl: 6.04910 + L_Div: 0.00000 + L_Morse: 4.78499
Epoch: 0 [3580/10000 (36%)] Unweighted L_s : L_Mnfld: 0.00106,  L_NonMnfld: 0.02147,  L_Nrml: 0.00000,  L_Eknl: 0.12098, L_Morse: 0.99910

Weights: [7000.0, 600.0, 0, 50.0, 0.0, 4.7562999999999995], lr=5.000e-05
Epoch: 0 [3590/10000 (36%)] Loss: 30.46427 = L_Mnfld: 7.44961 + L_NonMnfld: 11.92758 + L_Nrml: 0.00000 + L_Eknl: 6.08835 + L_Div: 0.00000 + L_Morse: 4.99873
Epoch: 0 [3590/10000 (36%)] Unweighted L_s : L_Mnfld: 0.00106,  L_NonMnfld: 0.01988,  L_Nrml: 0.00000,  L_Eknl: 0.12177, L_Morse: 1.05097

Weights: [7000.0, 600.0, 0, 50.0, 0.0, 4.7233], lr=5.000e-05
Epoch: 0 [3600/10000 (36%)] Loss: 32.09720 = L_Mnfld: 7.51135 + L_NonMnfld: 13.61682 + L_Nrml: 0.00000 + L_Eknl: 6.09261 + L_Div: 0.00000 + L_Morse: 4.87642
Epoch: 0 [3600/10000 (36%)] Unweighted L_s : L_Mnfld: 0.00107,  L_NonMnfld: 0.02269,  L_Nrml: 0.00000,  L_Eknl: 0.12185, L_Morse: 1.03242

Weights: [7000.0, 600.0, 0, 50.0, 0.0, 4.690300000000001], lr=5.000e-05
Epoch: 0 [3610/10000 (36%)] Loss: 30.40365 = L_Mnfld: 7.16932 + L_NonMnfld: 12.46383 + L_Nrml: 0.00000 + L_Eknl: 6.12191 + L_Div: 0.00000 + L_Morse: 4.64860
Epoch: 0 [3610/10000 (36%)] Unweighted L_s : L_Mnfld: 0.00102,  L_NonMnfld: 0.02077,  L_Nrml: 0.00000,  L_Eknl: 0.12244, L_Morse: 0.99111

Weights: [7000.0, 600.0, 0, 50.0, 0.0, 4.6573], lr=5.000e-05
Epoch: 0 [3620/10000 (36%)] Loss: 30.76702 = L_Mnfld: 7.32385 + L_NonMnfld: 12.69037 + L_Nrml: 0.00000 + L_Eknl: 6.03727 + L_Div: 0.00000 + L_Morse: 4.71554
Epoch: 0 [3620/10000 (36%)] Unweighted L_s : L_Mnfld: 0.00105,  L_NonMnfld: 0.02115,  L_Nrml: 0.00000,  L_Eknl: 0.12075, L_Morse: 1.01251

Weights: [7000.0, 600.0, 0, 50.0, 0.0, 4.6243], lr=5.000e-05
Epoch: 0 [3630/10000 (36%)] Loss: 32.64843 = L_Mnfld: 8.46683 + L_NonMnfld: 13.11630 + L_Nrml: 0.00000 + L_Eknl: 6.09699 + L_Div: 0.00000 + L_Morse: 4.96831
Epoch: 0 [3630/10000 (36%)] Unweighted L_s : L_Mnfld: 0.00121,  L_NonMnfld: 0.02186,  L_Nrml: 0.00000,  L_Eknl: 0.12194, L_Morse: 1.07439

Weights: [7000.0, 600.0, 0, 50.0, 0.0, 4.5913], lr=5.000e-05
Epoch: 0 [3640/10000 (36%)] Loss: 32.36682 = L_Mnfld: 7.79584 + L_NonMnfld: 13.81763 + L_Nrml: 0.00000 + L_Eknl: 6.07232 + L_Div: 0.00000 + L_Morse: 4.68103
Epoch: 0 [3640/10000 (36%)] Unweighted L_s : L_Mnfld: 0.00111,  L_NonMnfld: 0.02303,  L_Nrml: 0.00000,  L_Eknl: 0.12145, L_Morse: 1.01954

Weights: [7000.0, 600.0, 0, 50.0, 0.0, 4.5583], lr=5.000e-05
Epoch: 0 [3650/10000 (36%)] Loss: 31.93998 = L_Mnfld: 7.59160 + L_NonMnfld: 13.66759 + L_Nrml: 0.00000 + L_Eknl: 5.98739 + L_Div: 0.00000 + L_Morse: 4.69339
Epoch: 0 [3650/10000 (36%)] Unweighted L_s : L_Mnfld: 0.00108,  L_NonMnfld: 0.02278,  L_Nrml: 0.00000,  L_Eknl: 0.11975, L_Morse: 1.02964

Weights: [7000.0, 600.0, 0, 50.0, 0.0, 4.5253], lr=5.000e-05
Epoch: 0 [3660/10000 (37%)] Loss: 30.59007 = L_Mnfld: 7.23360 + L_NonMnfld: 12.99699 + L_Nrml: 0.00000 + L_Eknl: 5.97221 + L_Div: 0.00000 + L_Morse: 4.38727
Epoch: 0 [3660/10000 (37%)] Unweighted L_s : L_Mnfld: 0.00103,  L_NonMnfld: 0.02166,  L_Nrml: 0.00000,  L_Eknl: 0.11944, L_Morse: 0.96950

Weights: [7000.0, 600.0, 0, 50.0, 0.0, 4.4923], lr=5.000e-05
Epoch: 0 [3670/10000 (37%)] Loss: 33.17565 = L_Mnfld: 7.78766 + L_NonMnfld: 14.62734 + L_Nrml: 0.00000 + L_Eknl: 6.07079 + L_Div: 0.00000 + L_Morse: 4.68986
Epoch: 0 [3670/10000 (37%)] Unweighted L_s : L_Mnfld: 0.00111,  L_NonMnfld: 0.02438,  L_Nrml: 0.00000,  L_Eknl: 0.12142, L_Morse: 1.04398

Weights: [7000.0, 600.0, 0, 50.0, 0.0, 4.4593], lr=5.000e-05
Epoch: 0 [3680/10000 (37%)] Loss: 30.09246 = L_Mnfld: 8.20337 + L_NonMnfld: 11.17396 + L_Nrml: 0.00000 + L_Eknl: 6.13291 + L_Div: 0.00000 + L_Morse: 4.58223
Epoch: 0 [3680/10000 (37%)] Unweighted L_s : L_Mnfld: 0.00117,  L_NonMnfld: 0.01862,  L_Nrml: 0.00000,  L_Eknl: 0.12266, L_Morse: 1.02757

Weights: [7000.0, 600.0, 0, 50.0, 0.0, 4.4262999999999995], lr=5.000e-05
Epoch: 0 [3690/10000 (37%)] Loss: 31.93216 = L_Mnfld: 8.63769 + L_NonMnfld: 12.34968 + L_Nrml: 0.00000 + L_Eknl: 6.20806 + L_Div: 0.00000 + L_Morse: 4.73673
Epoch: 0 [3690/10000 (37%)] Unweighted L_s : L_Mnfld: 0.00123,  L_NonMnfld: 0.02058,  L_Nrml: 0.00000,  L_Eknl: 0.12416, L_Morse: 1.07013

Weights: [7000.0, 600.0, 0, 50.0, 0.0, 4.3933], lr=5.000e-05
Epoch: 0 [3700/10000 (37%)] Loss: 31.45403 = L_Mnfld: 8.38573 + L_NonMnfld: 12.45205 + L_Nrml: 0.00000 + L_Eknl: 5.98339 + L_Div: 0.00000 + L_Morse: 4.63285
Epoch: 0 [3700/10000 (37%)] Unweighted L_s : L_Mnfld: 0.00120,  L_NonMnfld: 0.02075,  L_Nrml: 0.00000,  L_Eknl: 0.11967, L_Morse: 1.05453

Weights: [7000.0, 600.0, 0, 50.0, 0.0, 4.3603], lr=5.000e-05
Epoch: 0 [3710/10000 (37%)] Loss: 32.52662 = L_Mnfld: 9.85809 + L_NonMnfld: 12.01830 + L_Nrml: 0.00000 + L_Eknl: 5.96773 + L_Div: 0.00000 + L_Morse: 4.68250
Epoch: 0 [3710/10000 (37%)] Unweighted L_s : L_Mnfld: 0.00141,  L_NonMnfld: 0.02003,  L_Nrml: 0.00000,  L_Eknl: 0.11935, L_Morse: 1.07389

Weights: [7000.0, 600.0, 0, 50.0, 0.0, 4.327299999999999], lr=5.000e-05
Epoch: 0 [3720/10000 (37%)] Loss: 41.18819 = L_Mnfld: 15.67276 + L_NonMnfld: 13.07936 + L_Nrml: 0.00000 + L_Eknl: 7.08843 + L_Div: 0.00000 + L_Morse: 5.34764
Epoch: 0 [3720/10000 (37%)] Unweighted L_s : L_Mnfld: 0.00224,  L_NonMnfld: 0.02180,  L_Nrml: 0.00000,  L_Eknl: 0.14177, L_Morse: 1.23579

Weights: [7000.0, 600.0, 0, 50.0, 0.0, 4.2943], lr=5.000e-05
Epoch: 0 [3730/10000 (37%)] Loss: 42.57389 = L_Mnfld: 15.77114 + L_NonMnfld: 13.45763 + L_Nrml: 0.00000 + L_Eknl: 7.65784 + L_Div: 0.00000 + L_Morse: 5.68728
Epoch: 0 [3730/10000 (37%)] Unweighted L_s : L_Mnfld: 0.00225,  L_NonMnfld: 0.02243,  L_Nrml: 0.00000,  L_Eknl: 0.15316, L_Morse: 1.32438

Weights: [7000.0, 600.0, 0, 50.0, 0.0, 4.261299999999999], lr=5.000e-05
Epoch: 0 [3740/10000 (37%)] Loss: 44.22181 = L_Mnfld: 17.19723 + L_NonMnfld: 13.84099 + L_Nrml: 0.00000 + L_Eknl: 7.84533 + L_Div: 0.00000 + L_Morse: 5.33827
Epoch: 0 [3740/10000 (37%)] Unweighted L_s : L_Mnfld: 0.00246,  L_NonMnfld: 0.02307,  L_Nrml: 0.00000,  L_Eknl: 0.15691, L_Morse: 1.25273

Weights: [7000.0, 600.0, 0, 50.0, 0.0, 4.228299999999999], lr=5.000e-05
Epoch: 0 [3750/10000 (38%)] Loss: 38.80713 = L_Mnfld: 13.35394 + L_NonMnfld: 13.72428 + L_Nrml: 0.00000 + L_Eknl: 6.91079 + L_Div: 0.00000 + L_Morse: 4.81811
Epoch: 0 [3750/10000 (38%)] Unweighted L_s : L_Mnfld: 0.00191,  L_NonMnfld: 0.02287,  L_Nrml: 0.00000,  L_Eknl: 0.13822, L_Morse: 1.13949

Weights: [7000.0, 600.0, 0, 50.0, 0.0, 4.1953], lr=5.000e-05
Epoch: 0 [3760/10000 (38%)] Loss: 37.90421 = L_Mnfld: 13.60081 + L_NonMnfld: 12.91225 + L_Nrml: 0.00000 + L_Eknl: 6.55131 + L_Div: 0.00000 + L_Morse: 4.83983
Epoch: 0 [3760/10000 (38%)] Unweighted L_s : L_Mnfld: 0.00194,  L_NonMnfld: 0.02152,  L_Nrml: 0.00000,  L_Eknl: 0.13103, L_Morse: 1.15363

Weights: [7000.0, 600.0, 0, 50.0, 0.0, 4.162299999999999], lr=5.000e-05
Epoch: 0 [3770/10000 (38%)] Loss: 44.75636 = L_Mnfld: 18.79985 + L_NonMnfld: 12.51737 + L_Nrml: 0.00000 + L_Eknl: 8.10105 + L_Div: 0.00000 + L_Morse: 5.33810
Epoch: 0 [3770/10000 (38%)] Unweighted L_s : L_Mnfld: 0.00269,  L_NonMnfld: 0.02086,  L_Nrml: 0.00000,  L_Eknl: 0.16202, L_Morse: 1.28249

Weights: [7000.0, 600.0, 0, 50.0, 0.0, 4.129299999999999], lr=5.000e-05
Epoch: 0 [3780/10000 (38%)] Loss: 54.32645 = L_Mnfld: 27.30785 + L_NonMnfld: 12.90744 + L_Nrml: 0.00000 + L_Eknl: 8.14116 + L_Div: 0.00000 + L_Morse: 5.97000
Epoch: 0 [3780/10000 (38%)] Unweighted L_s : L_Mnfld: 0.00390,  L_NonMnfld: 0.02151,  L_Nrml: 0.00000,  L_Eknl: 0.16282, L_Morse: 1.44577

Weights: [7000.0, 600.0, 0, 50.0, 0.0, 4.096299999999999], lr=5.000e-05
Epoch: 0 [3790/10000 (38%)] Loss: 44.38850 = L_Mnfld: 18.38519 + L_NonMnfld: 12.41812 + L_Nrml: 0.00000 + L_Eknl: 7.80610 + L_Div: 0.00000 + L_Morse: 5.77909
Epoch: 0 [3790/10000 (38%)] Unweighted L_s : L_Mnfld: 0.00263,  L_NonMnfld: 0.02070,  L_Nrml: 0.00000,  L_Eknl: 0.15612, L_Morse: 1.41081

Weights: [7000.0, 600.0, 0, 50.0, 0.0, 4.063299999999999], lr=5.000e-05
Epoch: 0 [3800/10000 (38%)] Loss: 37.77611 = L_Mnfld: 12.37937 + L_NonMnfld: 13.42998 + L_Nrml: 0.00000 + L_Eknl: 7.06821 + L_Div: 0.00000 + L_Morse: 4.89854
Epoch: 0 [3800/10000 (38%)] Unweighted L_s : L_Mnfld: 0.00177,  L_NonMnfld: 0.02238,  L_Nrml: 0.00000,  L_Eknl: 0.14136, L_Morse: 1.20556

Weights: [7000.0, 600.0, 0, 50.0, 0.0, 4.030299999999999], lr=5.000e-05
Epoch: 0 [3810/10000 (38%)] Loss: 36.21432 = L_Mnfld: 11.88508 + L_NonMnfld: 12.25405 + L_Nrml: 0.00000 + L_Eknl: 7.06377 + L_Div: 0.00000 + L_Morse: 5.01142
Epoch: 0 [3810/10000 (38%)] Unweighted L_s : L_Mnfld: 0.00170,  L_NonMnfld: 0.02042,  L_Nrml: 0.00000,  L_Eknl: 0.14128, L_Morse: 1.24344

Weights: [7000.0, 600.0, 0, 50.0, 0.0, 3.9973], lr=5.000e-05
Epoch: 0 [3820/10000 (38%)] Loss: 34.84673 = L_Mnfld: 10.57944 + L_NonMnfld: 13.22467 + L_Nrml: 0.00000 + L_Eknl: 6.38622 + L_Div: 0.00000 + L_Morse: 4.65640
Epoch: 0 [3820/10000 (38%)] Unweighted L_s : L_Mnfld: 0.00151,  L_NonMnfld: 0.02204,  L_Nrml: 0.00000,  L_Eknl: 0.12772, L_Morse: 1.16489

Weights: [7000.0, 600.0, 0, 50.0, 0.0, 3.9642999999999997], lr=5.000e-05
Epoch: 0 [3830/10000 (38%)] Loss: 31.64232 = L_Mnfld: 9.10896 + L_NonMnfld: 12.12334 + L_Nrml: 0.00000 + L_Eknl: 6.01249 + L_Div: 0.00000 + L_Morse: 4.39753
Epoch: 0 [3830/10000 (38%)] Unweighted L_s : L_Mnfld: 0.00130,  L_NonMnfld: 0.02021,  L_Nrml: 0.00000,  L_Eknl: 0.12025, L_Morse: 1.10928

Weights: [7000.0, 600.0, 0, 50.0, 0.0, 3.9312999999999994], lr=5.000e-05
Epoch: 0 [3840/10000 (38%)] Loss: 31.58161 = L_Mnfld: 8.70717 + L_NonMnfld: 12.48520 + L_Nrml: 0.00000 + L_Eknl: 6.10393 + L_Div: 0.00000 + L_Morse: 4.28531
Epoch: 0 [3840/10000 (38%)] Unweighted L_s : L_Mnfld: 0.00124,  L_NonMnfld: 0.02081,  L_Nrml: 0.00000,  L_Eknl: 0.12208, L_Morse: 1.09005

Weights: [7000.0, 600.0, 0, 50.0, 0.0, 3.8983], lr=5.000e-05
Epoch: 0 [3850/10000 (38%)] Loss: 30.89304 = L_Mnfld: 7.98801 + L_NonMnfld: 12.56276 + L_Nrml: 0.00000 + L_Eknl: 6.12710 + L_Div: 0.00000 + L_Morse: 4.21518
Epoch: 0 [3850/10000 (38%)] Unweighted L_s : L_Mnfld: 0.00114,  L_NonMnfld: 0.02094,  L_Nrml: 0.00000,  L_Eknl: 0.12254, L_Morse: 1.08129

Weights: [7000.0, 600.0, 0, 50.0, 0.0, 3.8652999999999995], lr=5.000e-05
Epoch: 0 [3860/10000 (39%)] Loss: 29.14715 = L_Mnfld: 7.16486 + L_NonMnfld: 11.99545 + L_Nrml: 0.00000 + L_Eknl: 5.78826 + L_Div: 0.00000 + L_Morse: 4.19859
Epoch: 0 [3860/10000 (39%)] Unweighted L_s : L_Mnfld: 0.00102,  L_NonMnfld: 0.01999,  L_Nrml: 0.00000,  L_Eknl: 0.11577, L_Morse: 1.08623

Weights: [7000.0, 600.0, 0, 50.0, 0.0, 3.832299999999999], lr=5.000e-05
Epoch: 0 [3870/10000 (39%)] Loss: 30.77329 = L_Mnfld: 7.61547 + L_NonMnfld: 12.71064 + L_Nrml: 0.00000 + L_Eknl: 5.89255 + L_Div: 0.00000 + L_Morse: 4.55464
Epoch: 0 [3870/10000 (39%)] Unweighted L_s : L_Mnfld: 0.00109,  L_NonMnfld: 0.02118,  L_Nrml: 0.00000,  L_Eknl: 0.11785, L_Morse: 1.18849

Weights: [7000.0, 600.0, 0, 50.0, 0.0, 3.7992999999999997], lr=5.000e-05
Epoch: 0 [3880/10000 (39%)] Loss: 30.15230 = L_Mnfld: 6.86737 + L_NonMnfld: 13.19745 + L_Nrml: 0.00000 + L_Eknl: 5.91862 + L_Div: 0.00000 + L_Morse: 4.16886
Epoch: 0 [3880/10000 (39%)] Unweighted L_s : L_Mnfld: 0.00098,  L_NonMnfld: 0.02200,  L_Nrml: 0.00000,  L_Eknl: 0.11837, L_Morse: 1.09727

Weights: [7000.0, 600.0, 0, 50.0, 0.0, 3.7662999999999993], lr=5.000e-05
Epoch: 0 [3890/10000 (39%)] Loss: 29.80544 = L_Mnfld: 6.93504 + L_NonMnfld: 13.02427 + L_Nrml: 0.00000 + L_Eknl: 5.73120 + L_Div: 0.00000 + L_Morse: 4.11493
Epoch: 0 [3890/10000 (39%)] Unweighted L_s : L_Mnfld: 0.00099,  L_NonMnfld: 0.02171,  L_Nrml: 0.00000,  L_Eknl: 0.11462, L_Morse: 1.09257

Weights: [7000.0, 600.0, 0, 50.0, 0.0, 3.733299999999999], lr=5.000e-05
Epoch: 0 [3900/10000 (39%)] Loss: 30.58982 = L_Mnfld: 6.87460 + L_NonMnfld: 14.16038 + L_Nrml: 0.00000 + L_Eknl: 5.63687 + L_Div: 0.00000 + L_Morse: 3.91797
Epoch: 0 [3900/10000 (39%)] Unweighted L_s : L_Mnfld: 0.00098,  L_NonMnfld: 0.02360,  L_Nrml: 0.00000,  L_Eknl: 0.11274, L_Morse: 1.04946

Weights: [7000.0, 600.0, 0, 50.0, 0.0, 3.7002999999999995], lr=5.000e-05
Epoch: 0 [3910/10000 (39%)] Loss: 30.18720 = L_Mnfld: 6.90290 + L_NonMnfld: 13.47425 + L_Nrml: 0.00000 + L_Eknl: 5.68119 + L_Div: 0.00000 + L_Morse: 4.12886
Epoch: 0 [3910/10000 (39%)] Unweighted L_s : L_Mnfld: 0.00099,  L_NonMnfld: 0.02246,  L_Nrml: 0.00000,  L_Eknl: 0.11362, L_Morse: 1.11582

Weights: [7000.0, 600.0, 0, 50.0, 0.0, 3.667299999999999], lr=5.000e-05
Epoch: 0 [3920/10000 (39%)] Loss: 29.39407 = L_Mnfld: 6.46273 + L_NonMnfld: 13.19330 + L_Nrml: 0.00000 + L_Eknl: 5.67795 + L_Div: 0.00000 + L_Morse: 4.06009
Epoch: 0 [3920/10000 (39%)] Unweighted L_s : L_Mnfld: 0.00092,  L_NonMnfld: 0.02199,  L_Nrml: 0.00000,  L_Eknl: 0.11356, L_Morse: 1.10711

Weights: [7000.0, 600.0, 0, 50.0, 0.0, 3.6342999999999988], lr=5.000e-05
Epoch: 0 [3930/10000 (39%)] Loss: 30.15872 = L_Mnfld: 7.56019 + L_NonMnfld: 13.03170 + L_Nrml: 0.00000 + L_Eknl: 5.58106 + L_Div: 0.00000 + L_Morse: 3.98577
Epoch: 0 [3930/10000 (39%)] Unweighted L_s : L_Mnfld: 0.00108,  L_NonMnfld: 0.02172,  L_Nrml: 0.00000,  L_Eknl: 0.11162, L_Morse: 1.09671

Weights: [7000.0, 600.0, 0, 50.0, 0.0, 3.601300000000001], lr=5.000e-05
Epoch: 0 [3940/10000 (39%)] Loss: 30.12910 = L_Mnfld: 6.60354 + L_NonMnfld: 13.90074 + L_Nrml: 0.00000 + L_Eknl: 5.62958 + L_Div: 0.00000 + L_Morse: 3.99524
Epoch: 0 [3940/10000 (39%)] Unweighted L_s : L_Mnfld: 0.00094,  L_NonMnfld: 0.02317,  L_Nrml: 0.00000,  L_Eknl: 0.11259, L_Morse: 1.10939

Weights: [7000.0, 600.0, 0, 50.0, 0.0, 3.5683000000000007], lr=5.000e-05
Epoch: 0 [3950/10000 (40%)] Loss: 29.63633 = L_Mnfld: 7.36417 + L_NonMnfld: 12.40913 + L_Nrml: 0.00000 + L_Eknl: 5.68437 + L_Div: 0.00000 + L_Morse: 4.17867
Epoch: 0 [3950/10000 (40%)] Unweighted L_s : L_Mnfld: 0.00105,  L_NonMnfld: 0.02068,  L_Nrml: 0.00000,  L_Eknl: 0.11369, L_Morse: 1.17105

Weights: [7000.0, 600.0, 0, 50.0, 0.0, 3.535300000000001], lr=5.000e-05
Epoch: 0 [3960/10000 (40%)] Loss: 29.94966 = L_Mnfld: 7.13958 + L_NonMnfld: 13.27683 + L_Nrml: 0.00000 + L_Eknl: 5.56208 + L_Div: 0.00000 + L_Morse: 3.97117
Epoch: 0 [3960/10000 (40%)] Unweighted L_s : L_Mnfld: 0.00102,  L_NonMnfld: 0.02213,  L_Nrml: 0.00000,  L_Eknl: 0.11124, L_Morse: 1.12329

Weights: [7000.0, 600.0, 0, 50.0, 0.0, 3.502300000000001], lr=5.000e-05
Epoch: 0 [3970/10000 (40%)] Loss: 29.73543 = L_Mnfld: 6.94103 + L_NonMnfld: 13.29080 + L_Nrml: 0.00000 + L_Eknl: 5.47559 + L_Div: 0.00000 + L_Morse: 4.02801
Epoch: 0 [3970/10000 (40%)] Unweighted L_s : L_Mnfld: 0.00099,  L_NonMnfld: 0.02215,  L_Nrml: 0.00000,  L_Eknl: 0.10951, L_Morse: 1.15010

Weights: [7000.0, 600.0, 0, 50.0, 0.0, 3.4693000000000005], lr=5.000e-05
Epoch: 0 [3980/10000 (40%)] Loss: 29.67052 = L_Mnfld: 6.66029 + L_NonMnfld: 13.35043 + L_Nrml: 0.00000 + L_Eknl: 5.64899 + L_Div: 0.00000 + L_Morse: 4.01082
Epoch: 0 [3980/10000 (40%)] Unweighted L_s : L_Mnfld: 0.00095,  L_NonMnfld: 0.02225,  L_Nrml: 0.00000,  L_Eknl: 0.11298, L_Morse: 1.15609

Weights: [7000.0, 600.0, 0, 50.0, 0.0, 3.436300000000001], lr=5.000e-05
Epoch: 0 [3990/10000 (40%)] Loss: 29.35418 = L_Mnfld: 6.75432 + L_NonMnfld: 13.11230 + L_Nrml: 0.00000 + L_Eknl: 5.54401 + L_Div: 0.00000 + L_Morse: 3.94355
Epoch: 0 [3990/10000 (40%)] Unweighted L_s : L_Mnfld: 0.00096,  L_NonMnfld: 0.02185,  L_Nrml: 0.00000,  L_Eknl: 0.11088, L_Morse: 1.14761

Weights: [7000.0, 600.0, 0, 50.0, 0.0, 3.4033000000000007], lr=5.000e-05
Epoch: 0 [4000/10000 (40%)] Loss: 29.87120 = L_Mnfld: 6.83028 + L_NonMnfld: 13.61434 + L_Nrml: 0.00000 + L_Eknl: 5.50502 + L_Div: 0.00000 + L_Morse: 3.92157
Epoch: 0 [4000/10000 (40%)] Unweighted L_s : L_Mnfld: 0.00098,  L_NonMnfld: 0.02269,  L_Nrml: 0.00000,  L_Eknl: 0.11010, L_Morse: 1.15228

Weights: [7000.0, 600.0, 0, 50.0, 0.0, 3.3703000000000003], lr=5.000e-05
Epoch: 0 [4010/10000 (40%)] Loss: 28.18760 = L_Mnfld: 6.94449 + L_NonMnfld: 11.90313 + L_Nrml: 0.00000 + L_Eknl: 5.57708 + L_Div: 0.00000 + L_Morse: 3.76290
Epoch: 0 [4010/10000 (40%)] Unweighted L_s : L_Mnfld: 0.00099,  L_NonMnfld: 0.01984,  L_Nrml: 0.00000,  L_Eknl: 0.11154, L_Morse: 1.11649

Weights: [7000.0, 600.0, 0, 50.0, 0.0, 3.337300000000001], lr=5.000e-05
Epoch: 0 [4020/10000 (40%)] Loss: 28.32226 = L_Mnfld: 6.52120 + L_NonMnfld: 12.51518 + L_Nrml: 0.00000 + L_Eknl: 5.46012 + L_Div: 0.00000 + L_Morse: 3.82576
Epoch: 0 [4020/10000 (40%)] Unweighted L_s : L_Mnfld: 0.00093,  L_NonMnfld: 0.02086,  L_Nrml: 0.00000,  L_Eknl: 0.10920, L_Morse: 1.14636

Weights: [7000.0, 600.0, 0, 50.0, 0.0, 3.3043000000000005], lr=5.000e-05
Epoch: 0 [4030/10000 (40%)] Loss: 29.33095 = L_Mnfld: 7.12124 + L_NonMnfld: 13.17713 + L_Nrml: 0.00000 + L_Eknl: 5.36701 + L_Div: 0.00000 + L_Morse: 3.66558
Epoch: 0 [4030/10000 (40%)] Unweighted L_s : L_Mnfld: 0.00102,  L_NonMnfld: 0.02196,  L_Nrml: 0.00000,  L_Eknl: 0.10734, L_Morse: 1.10934

Weights: [7000.0, 600.0, 0, 50.0, 0.0, 3.2713], lr=5.000e-05
Epoch: 0 [4040/10000 (40%)] Loss: 28.45893 = L_Mnfld: 6.82925 + L_NonMnfld: 12.58930 + L_Nrml: 0.00000 + L_Eknl: 5.37854 + L_Div: 0.00000 + L_Morse: 3.66185
Epoch: 0 [4040/10000 (40%)] Unweighted L_s : L_Mnfld: 0.00098,  L_NonMnfld: 0.02098,  L_Nrml: 0.00000,  L_Eknl: 0.10757, L_Morse: 1.11939

Weights: [7000.0, 600.0, 0, 50.0, 0.0, 3.2383000000000006], lr=5.000e-05
Epoch: 0 [4050/10000 (40%)] Loss: 29.42180 = L_Mnfld: 7.02095 + L_NonMnfld: 13.19492 + L_Nrml: 0.00000 + L_Eknl: 5.32180 + L_Div: 0.00000 + L_Morse: 3.88413
Epoch: 0 [4050/10000 (40%)] Unweighted L_s : L_Mnfld: 0.00100,  L_NonMnfld: 0.02199,  L_Nrml: 0.00000,  L_Eknl: 0.10644, L_Morse: 1.19944

Weights: [7000.0, 600.0, 0, 50.0, 0.0, 3.2053000000000003], lr=5.000e-05
Epoch: 0 [4060/10000 (41%)] Loss: 29.29000 = L_Mnfld: 7.00404 + L_NonMnfld: 13.19028 + L_Nrml: 0.00000 + L_Eknl: 5.38325 + L_Div: 0.00000 + L_Morse: 3.71243
Epoch: 0 [4060/10000 (41%)] Unweighted L_s : L_Mnfld: 0.00100,  L_NonMnfld: 0.02198,  L_Nrml: 0.00000,  L_Eknl: 0.10767, L_Morse: 1.15822

Weights: [7000.0, 600.0, 0, 50.0, 0.0, 3.1723], lr=5.000e-05
Epoch: 0 [4070/10000 (41%)] Loss: 28.67160 = L_Mnfld: 7.10318 + L_NonMnfld: 12.47175 + L_Nrml: 0.00000 + L_Eknl: 5.28510 + L_Div: 0.00000 + L_Morse: 3.81156
Epoch: 0 [4070/10000 (41%)] Unweighted L_s : L_Mnfld: 0.00101,  L_NonMnfld: 0.02079,  L_Nrml: 0.00000,  L_Eknl: 0.10570, L_Morse: 1.20151

Weights: [7000.0, 600.0, 0, 50.0, 0.0, 3.1393000000000004], lr=5.000e-05
Epoch: 0 [4080/10000 (41%)] Loss: 28.25734 = L_Mnfld: 6.81053 + L_NonMnfld: 12.41255 + L_Nrml: 0.00000 + L_Eknl: 5.31424 + L_Div: 0.00000 + L_Morse: 3.72003
Epoch: 0 [4080/10000 (41%)] Unweighted L_s : L_Mnfld: 0.00097,  L_NonMnfld: 0.02069,  L_Nrml: 0.00000,  L_Eknl: 0.10628, L_Morse: 1.18499

Weights: [7000.0, 600.0, 0, 50.0, 0.0, 3.1063], lr=5.000e-05
Epoch: 0 [4090/10000 (41%)] Loss: 28.56054 = L_Mnfld: 7.02402 + L_NonMnfld: 12.57605 + L_Nrml: 0.00000 + L_Eknl: 5.23320 + L_Div: 0.00000 + L_Morse: 3.72728
Epoch: 0 [4090/10000 (41%)] Unweighted L_s : L_Mnfld: 0.00100,  L_NonMnfld: 0.02096,  L_Nrml: 0.00000,  L_Eknl: 0.10466, L_Morse: 1.19991

Weights: [7000.0, 600.0, 0, 50.0, 0.0, 3.0732999999999997], lr=5.000e-05
Epoch: 0 [4100/10000 (41%)] Loss: 28.96808 = L_Mnfld: 6.73801 + L_NonMnfld: 13.07348 + L_Nrml: 0.00000 + L_Eknl: 5.44180 + L_Div: 0.00000 + L_Morse: 3.71479
Epoch: 0 [4100/10000 (41%)] Unweighted L_s : L_Mnfld: 0.00096,  L_NonMnfld: 0.02179,  L_Nrml: 0.00000,  L_Eknl: 0.10884, L_Morse: 1.20873

Weights: [7000.0, 600.0, 0, 50.0, 0.0, 3.0403000000000002], lr=5.000e-05
Epoch: 0 [4110/10000 (41%)] Loss: 28.53400 = L_Mnfld: 7.38600 + L_NonMnfld: 12.24813 + L_Nrml: 0.00000 + L_Eknl: 5.23040 + L_Div: 0.00000 + L_Morse: 3.66947
Epoch: 0 [4110/10000 (41%)] Unweighted L_s : L_Mnfld: 0.00106,  L_NonMnfld: 0.02041,  L_Nrml: 0.00000,  L_Eknl: 0.10461, L_Morse: 1.20694

Weights: [7000.0, 600.0, 0, 50.0, 0.0, 3.0073], lr=5.000e-05
Epoch: 0 [4120/10000 (41%)] Loss: 28.00143 = L_Mnfld: 7.10684 + L_NonMnfld: 12.05198 + L_Nrml: 0.00000 + L_Eknl: 5.21312 + L_Div: 0.00000 + L_Morse: 3.62950
Epoch: 0 [4120/10000 (41%)] Unweighted L_s : L_Mnfld: 0.00102,  L_NonMnfld: 0.02009,  L_Nrml: 0.00000,  L_Eknl: 0.10426, L_Morse: 1.20690

Weights: [7000.0, 600.0, 0, 50.0, 0.0, 2.9742999999999995], lr=5.000e-05
Epoch: 0 [4130/10000 (41%)] Loss: 29.64585 = L_Mnfld: 7.33294 + L_NonMnfld: 13.38012 + L_Nrml: 0.00000 + L_Eknl: 5.26894 + L_Div: 0.00000 + L_Morse: 3.66386
Epoch: 0 [4130/10000 (41%)] Unweighted L_s : L_Mnfld: 0.00105,  L_NonMnfld: 0.02230,  L_Nrml: 0.00000,  L_Eknl: 0.10538, L_Morse: 1.23184

Weights: [7000.0, 600.0, 0, 50.0, 0.0, 2.9413], lr=5.000e-05
Epoch: 0 [4140/10000 (41%)] Loss: 29.33588 = L_Mnfld: 7.44121 + L_NonMnfld: 13.09296 + L_Nrml: 0.00000 + L_Eknl: 5.26899 + L_Div: 0.00000 + L_Morse: 3.53273
Epoch: 0 [4140/10000 (41%)] Unweighted L_s : L_Mnfld: 0.00106,  L_NonMnfld: 0.02182,  L_Nrml: 0.00000,  L_Eknl: 0.10538, L_Morse: 1.20108

Weights: [7000.0, 600.0, 0, 50.0, 0.0, 2.9082999999999997], lr=5.000e-05
Epoch: 0 [4150/10000 (42%)] Loss: 28.63969 = L_Mnfld: 7.18196 + L_NonMnfld: 12.57937 + L_Nrml: 0.00000 + L_Eknl: 5.22108 + L_Div: 0.00000 + L_Morse: 3.65728
Epoch: 0 [4150/10000 (42%)] Unweighted L_s : L_Mnfld: 0.00103,  L_NonMnfld: 0.02097,  L_Nrml: 0.00000,  L_Eknl: 0.10442, L_Morse: 1.25753

Weights: [7000.0, 600.0, 0, 50.0, 0.0, 2.8752999999999993], lr=5.000e-05
Epoch: 0 [4160/10000 (42%)] Loss: 28.06847 = L_Mnfld: 6.96117 + L_NonMnfld: 12.47442 + L_Nrml: 0.00000 + L_Eknl: 5.12471 + L_Div: 0.00000 + L_Morse: 3.50817
Epoch: 0 [4160/10000 (42%)] Unweighted L_s : L_Mnfld: 0.00099,  L_NonMnfld: 0.02079,  L_Nrml: 0.00000,  L_Eknl: 0.10249, L_Morse: 1.22011

Weights: [7000.0, 600.0, 0, 50.0, 0.0, 2.8423], lr=5.000e-05
Epoch: 0 [4170/10000 (42%)] Loss: 28.94440 = L_Mnfld: 7.26093 + L_NonMnfld: 13.13004 + L_Nrml: 0.00000 + L_Eknl: 5.18309 + L_Div: 0.00000 + L_Morse: 3.37034
Epoch: 0 [4170/10000 (42%)] Unweighted L_s : L_Mnfld: 0.00104,  L_NonMnfld: 0.02188,  L_Nrml: 0.00000,  L_Eknl: 0.10366, L_Morse: 1.18578

Weights: [7000.0, 600.0, 0, 50.0, 0.0, 2.8092999999999995], lr=5.000e-05
Epoch: 0 [4180/10000 (42%)] Loss: 28.32800 = L_Mnfld: 6.93430 + L_NonMnfld: 12.81356 + L_Nrml: 0.00000 + L_Eknl: 5.13369 + L_Div: 0.00000 + L_Morse: 3.44645
Epoch: 0 [4180/10000 (42%)] Unweighted L_s : L_Mnfld: 0.00099,  L_NonMnfld: 0.02136,  L_Nrml: 0.00000,  L_Eknl: 0.10267, L_Morse: 1.22680

Weights: [7000.0, 600.0, 0, 50.0, 0.0, 2.776299999999999], lr=5.000e-05
Epoch: 0 [4190/10000 (42%)] Loss: 27.96031 = L_Mnfld: 6.93908 + L_NonMnfld: 12.50281 + L_Nrml: 0.00000 + L_Eknl: 5.06386 + L_Div: 0.00000 + L_Morse: 3.45456
Epoch: 0 [4190/10000 (42%)] Unweighted L_s : L_Mnfld: 0.00099,  L_NonMnfld: 0.02084,  L_Nrml: 0.00000,  L_Eknl: 0.10128, L_Morse: 1.24430

Weights: [7000.0, 600.0, 0, 50.0, 0.0, 2.7432999999999996], lr=5.000e-05
Epoch: 0 [4200/10000 (42%)] Loss: 27.12661 = L_Mnfld: 6.78103 + L_NonMnfld: 12.07173 + L_Nrml: 0.00000 + L_Eknl: 5.08024 + L_Div: 0.00000 + L_Morse: 3.19360
Epoch: 0 [4200/10000 (42%)] Unweighted L_s : L_Mnfld: 0.00097,  L_NonMnfld: 0.02012,  L_Nrml: 0.00000,  L_Eknl: 0.10160, L_Morse: 1.16415

Weights: [7000.0, 600.0, 0, 50.0, 0.0, 2.7102999999999993], lr=5.000e-05
Epoch: 0 [4210/10000 (42%)] Loss: 28.37746 = L_Mnfld: 7.11119 + L_NonMnfld: 12.86648 + L_Nrml: 0.00000 + L_Eknl: 5.07921 + L_Div: 0.00000 + L_Morse: 3.32058
Epoch: 0 [4210/10000 (42%)] Unweighted L_s : L_Mnfld: 0.00102,  L_NonMnfld: 0.02144,  L_Nrml: 0.00000,  L_Eknl: 0.10158, L_Morse: 1.22517

Weights: [7000.0, 600.0, 0, 50.0, 0.0, 2.677299999999999], lr=5.000e-05
Epoch: 0 [4220/10000 (42%)] Loss: 28.53922 = L_Mnfld: 7.20972 + L_NonMnfld: 13.04217 + L_Nrml: 0.00000 + L_Eknl: 4.95396 + L_Div: 0.00000 + L_Morse: 3.33337
Epoch: 0 [4220/10000 (42%)] Unweighted L_s : L_Mnfld: 0.00103,  L_NonMnfld: 0.02174,  L_Nrml: 0.00000,  L_Eknl: 0.09908, L_Morse: 1.24505

Weights: [7000.0, 600.0, 0, 50.0, 0.0, 2.6442999999999994], lr=5.000e-05
Epoch: 0 [4230/10000 (42%)] Loss: 26.97403 = L_Mnfld: 6.93396 + L_NonMnfld: 11.82708 + L_Nrml: 0.00000 + L_Eknl: 5.01062 + L_Div: 0.00000 + L_Morse: 3.20238
Epoch: 0 [4230/10000 (42%)] Unweighted L_s : L_Mnfld: 0.00099,  L_NonMnfld: 0.01971,  L_Nrml: 0.00000,  L_Eknl: 0.10021, L_Morse: 1.21105

Weights: [7000.0, 600.0, 0, 50.0, 0.0, 2.611300000000001], lr=5.000e-05
Epoch: 0 [4240/10000 (42%)] Loss: 28.18460 = L_Mnfld: 6.71111 + L_NonMnfld: 13.38698 + L_Nrml: 0.00000 + L_Eknl: 4.90650 + L_Div: 0.00000 + L_Morse: 3.18001
Epoch: 0 [4240/10000 (42%)] Unweighted L_s : L_Mnfld: 0.00096,  L_NonMnfld: 0.02231,  L_Nrml: 0.00000,  L_Eknl: 0.09813, L_Morse: 1.21779

Weights: [7000.0, 600.0, 0, 50.0, 0.0, 2.5783000000000005], lr=5.000e-05
Epoch: 0 [4250/10000 (42%)] Loss: 28.29311 = L_Mnfld: 7.13207 + L_NonMnfld: 13.02549 + L_Nrml: 0.00000 + L_Eknl: 4.92614 + L_Div: 0.00000 + L_Morse: 3.20941
Epoch: 0 [4250/10000 (42%)] Unweighted L_s : L_Mnfld: 0.00102,  L_NonMnfld: 0.02171,  L_Nrml: 0.00000,  L_Eknl: 0.09852, L_Morse: 1.24478

Weights: [7000.0, 600.0, 0, 50.0, 0.0, 2.5453], lr=5.000e-05
Epoch: 0 [4260/10000 (43%)] Loss: 27.57585 = L_Mnfld: 7.00845 + L_NonMnfld: 12.26041 + L_Nrml: 0.00000 + L_Eknl: 4.94710 + L_Div: 0.00000 + L_Morse: 3.35989
Epoch: 0 [4260/10000 (43%)] Unweighted L_s : L_Mnfld: 0.00100,  L_NonMnfld: 0.02043,  L_Nrml: 0.00000,  L_Eknl: 0.09894, L_Morse: 1.32004

Weights: [7000.0, 600.0, 0, 50.0, 0.0, 2.5123000000000006], lr=5.000e-05
Epoch: 0 [4270/10000 (43%)] Loss: 27.78841 = L_Mnfld: 7.29951 + L_NonMnfld: 12.42164 + L_Nrml: 0.00000 + L_Eknl: 4.87908 + L_Div: 0.00000 + L_Morse: 3.18819
Epoch: 0 [4270/10000 (43%)] Unweighted L_s : L_Mnfld: 0.00104,  L_NonMnfld: 0.02070,  L_Nrml: 0.00000,  L_Eknl: 0.09758, L_Morse: 1.26903

Weights: [7000.0, 600.0, 0, 50.0, 0.0, 2.4793000000000003], lr=5.000e-05
Epoch: 0 [4280/10000 (43%)] Loss: 28.25848 = L_Mnfld: 7.01848 + L_NonMnfld: 12.75521 + L_Nrml: 0.00000 + L_Eknl: 5.04787 + L_Div: 0.00000 + L_Morse: 3.43693
Epoch: 0 [4280/10000 (43%)] Unweighted L_s : L_Mnfld: 0.00100,  L_NonMnfld: 0.02126,  L_Nrml: 0.00000,  L_Eknl: 0.10096, L_Morse: 1.38625

Weights: [7000.0, 600.0, 0, 50.0, 0.0, 2.4463], lr=5.000e-05
Epoch: 0 [4290/10000 (43%)] Loss: 27.27828 = L_Mnfld: 6.47295 + L_NonMnfld: 12.76629 + L_Nrml: 0.00000 + L_Eknl: 4.89994 + L_Div: 0.00000 + L_Morse: 3.13911
Epoch: 0 [4290/10000 (43%)] Unweighted L_s : L_Mnfld: 0.00092,  L_NonMnfld: 0.02128,  L_Nrml: 0.00000,  L_Eknl: 0.09800, L_Morse: 1.28321

Weights: [7000.0, 600.0, 0, 50.0, 0.0, 2.4133000000000004], lr=5.000e-05
Epoch: 0 [4300/10000 (43%)] Loss: 27.34920 = L_Mnfld: 6.66877 + L_NonMnfld: 12.98280 + L_Nrml: 0.00000 + L_Eknl: 4.83199 + L_Div: 0.00000 + L_Morse: 2.86565
Epoch: 0 [4300/10000 (43%)] Unweighted L_s : L_Mnfld: 0.00095,  L_NonMnfld: 0.02164,  L_Nrml: 0.00000,  L_Eknl: 0.09664, L_Morse: 1.18744

Weights: [7000.0, 600.0, 0, 50.0, 0.0, 2.3803], lr=5.000e-05
Epoch: 0 [4310/10000 (43%)] Loss: 27.78524 = L_Mnfld: 7.28609 + L_NonMnfld: 12.72389 + L_Nrml: 0.00000 + L_Eknl: 4.81039 + L_Div: 0.00000 + L_Morse: 2.96488
Epoch: 0 [4310/10000 (43%)] Unweighted L_s : L_Mnfld: 0.00104,  L_NonMnfld: 0.02121,  L_Nrml: 0.00000,  L_Eknl: 0.09621, L_Morse: 1.24559

Weights: [7000.0, 600.0, 0, 50.0, 0.0, 2.3472999999999997], lr=5.000e-05
Epoch: 0 [4320/10000 (43%)] Loss: 28.28886 = L_Mnfld: 7.26336 + L_NonMnfld: 12.94660 + L_Nrml: 0.00000 + L_Eknl: 4.90917 + L_Div: 0.00000 + L_Morse: 3.16973
Epoch: 0 [4320/10000 (43%)] Unweighted L_s : L_Mnfld: 0.00104,  L_NonMnfld: 0.02158,  L_Nrml: 0.00000,  L_Eknl: 0.09818, L_Morse: 1.35037

Weights: [7000.0, 600.0, 0, 50.0, 0.0, 2.3143000000000002], lr=5.000e-05
Epoch: 0 [4330/10000 (43%)] Loss: 28.12511 = L_Mnfld: 7.34166 + L_NonMnfld: 12.82155 + L_Nrml: 0.00000 + L_Eknl: 4.90427 + L_Div: 0.00000 + L_Morse: 3.05763
Epoch: 0 [4330/10000 (43%)] Unweighted L_s : L_Mnfld: 0.00105,  L_NonMnfld: 0.02137,  L_Nrml: 0.00000,  L_Eknl: 0.09809, L_Morse: 1.32119

Weights: [7000.0, 600.0, 0, 50.0, 0.0, 2.2813], lr=5.000e-05
Epoch: 0 [4340/10000 (43%)] Loss: 27.68284 = L_Mnfld: 7.52866 + L_NonMnfld: 12.34599 + L_Nrml: 0.00000 + L_Eknl: 4.79396 + L_Div: 0.00000 + L_Morse: 3.01424
Epoch: 0 [4340/10000 (43%)] Unweighted L_s : L_Mnfld: 0.00108,  L_NonMnfld: 0.02058,  L_Nrml: 0.00000,  L_Eknl: 0.09588, L_Morse: 1.32128

Weights: [7000.0, 600.0, 0, 50.0, 0.0, 2.2482999999999995], lr=5.000e-05
Epoch: 0 [4350/10000 (44%)] Loss: 28.45008 = L_Mnfld: 8.05585 + L_NonMnfld: 12.31146 + L_Nrml: 0.00000 + L_Eknl: 4.95513 + L_Div: 0.00000 + L_Morse: 3.12764
Epoch: 0 [4350/10000 (44%)] Unweighted L_s : L_Mnfld: 0.00115,  L_NonMnfld: 0.02052,  L_Nrml: 0.00000,  L_Eknl: 0.09910, L_Morse: 1.39111

Weights: [7000.0, 600.0, 0, 50.0, 0.0, 2.2153], lr=5.000e-05
Epoch: 0 [4360/10000 (44%)] Loss: 28.58119 = L_Mnfld: 7.72007 + L_NonMnfld: 12.92579 + L_Nrml: 0.00000 + L_Eknl: 4.87185 + L_Div: 0.00000 + L_Morse: 3.06348
Epoch: 0 [4360/10000 (44%)] Unweighted L_s : L_Mnfld: 0.00110,  L_NonMnfld: 0.02154,  L_Nrml: 0.00000,  L_Eknl: 0.09744, L_Morse: 1.38287

Weights: [7000.0, 600.0, 0, 50.0, 0.0, 2.1822999999999997], lr=5.000e-05
Epoch: 0 [4370/10000 (44%)] Loss: 28.05426 = L_Mnfld: 7.92329 + L_NonMnfld: 12.13721 + L_Nrml: 0.00000 + L_Eknl: 4.92931 + L_Div: 0.00000 + L_Morse: 3.06445
Epoch: 0 [4370/10000 (44%)] Unweighted L_s : L_Mnfld: 0.00113,  L_NonMnfld: 0.02023,  L_Nrml: 0.00000,  L_Eknl: 0.09859, L_Morse: 1.40423

Weights: [7000.0, 600.0, 0, 50.0, 0.0, 2.1492999999999993], lr=5.000e-05
Epoch: 0 [4380/10000 (44%)] Loss: 28.40976 = L_Mnfld: 7.46569 + L_NonMnfld: 13.14117 + L_Nrml: 0.00000 + L_Eknl: 4.72882 + L_Div: 0.00000 + L_Morse: 3.07408
Epoch: 0 [4380/10000 (44%)] Unweighted L_s : L_Mnfld: 0.00107,  L_NonMnfld: 0.02190,  L_Nrml: 0.00000,  L_Eknl: 0.09458, L_Morse: 1.43027

Weights: [7000.0, 600.0, 0, 50.0, 0.0, 2.1163], lr=5.000e-05
Epoch: 0 [4390/10000 (44%)] Loss: 26.74610 = L_Mnfld: 7.26490 + L_NonMnfld: 11.81742 + L_Nrml: 0.00000 + L_Eknl: 4.79197 + L_Div: 0.00000 + L_Morse: 2.87181
Epoch: 0 [4390/10000 (44%)] Unweighted L_s : L_Mnfld: 0.00104,  L_NonMnfld: 0.01970,  L_Nrml: 0.00000,  L_Eknl: 0.09584, L_Morse: 1.35700

Weights: [7000.0, 600.0, 0, 50.0, 0.0, 2.0832999999999995], lr=5.000e-05
Epoch: 0 [4400/10000 (44%)] Loss: 27.87179 = L_Mnfld: 6.95702 + L_NonMnfld: 13.41889 + L_Nrml: 0.00000 + L_Eknl: 4.68857 + L_Div: 0.00000 + L_Morse: 2.80730
Epoch: 0 [4400/10000 (44%)] Unweighted L_s : L_Mnfld: 0.00099,  L_NonMnfld: 0.02236,  L_Nrml: 0.00000,  L_Eknl: 0.09377, L_Morse: 1.34753

Weights: [7000.0, 600.0, 0, 50.0, 0.0, 2.050299999999999], lr=5.000e-05
Epoch: 0 [4410/10000 (44%)] Loss: 27.67997 = L_Mnfld: 7.70593 + L_NonMnfld: 12.38284 + L_Nrml: 0.00000 + L_Eknl: 4.69612 + L_Div: 0.00000 + L_Morse: 2.89507
Epoch: 0 [4410/10000 (44%)] Unweighted L_s : L_Mnfld: 0.00110,  L_NonMnfld: 0.02064,  L_Nrml: 0.00000,  L_Eknl: 0.09392, L_Morse: 1.41202

Weights: [7000.0, 600.0, 0, 50.0, 0.0, 2.0172999999999996], lr=5.000e-05
Epoch: 0 [4420/10000 (44%)] Loss: 28.35095 = L_Mnfld: 7.71340 + L_NonMnfld: 13.11966 + L_Nrml: 0.00000 + L_Eknl: 4.76174 + L_Div: 0.00000 + L_Morse: 2.75616
Epoch: 0 [4420/10000 (44%)] Unweighted L_s : L_Mnfld: 0.00110,  L_NonMnfld: 0.02187,  L_Nrml: 0.00000,  L_Eknl: 0.09523, L_Morse: 1.36626

Weights: [7000.0, 600.0, 0, 50.0, 0.0, 1.9842999999999993], lr=5.000e-05
Epoch: 0 [4430/10000 (44%)] Loss: 26.12221 = L_Mnfld: 6.52126 + L_NonMnfld: 12.13625 + L_Nrml: 0.00000 + L_Eknl: 4.67259 + L_Div: 0.00000 + L_Morse: 2.79211
Epoch: 0 [4430/10000 (44%)] Unweighted L_s : L_Mnfld: 0.00093,  L_NonMnfld: 0.02023,  L_Nrml: 0.00000,  L_Eknl: 0.09345, L_Morse: 1.40710

Weights: [7000.0, 600.0, 0, 50.0, 0.0, 1.9512999999999998], lr=5.000e-05
Epoch: 0 [4440/10000 (44%)] Loss: 27.83360 = L_Mnfld: 7.41489 + L_NonMnfld: 13.01522 + L_Nrml: 0.00000 + L_Eknl: 4.65055 + L_Div: 0.00000 + L_Morse: 2.75293
Epoch: 0 [4440/10000 (44%)] Unweighted L_s : L_Mnfld: 0.00106,  L_NonMnfld: 0.02169,  L_Nrml: 0.00000,  L_Eknl: 0.09301, L_Morse: 1.41082

Weights: [7000.0, 600.0, 0, 50.0, 0.0, 1.9182999999999986], lr=5.000e-05
Epoch: 0 [4450/10000 (44%)] Loss: 27.78028 = L_Mnfld: 7.98985 + L_NonMnfld: 12.23566 + L_Nrml: 0.00000 + L_Eknl: 4.86251 + L_Div: 0.00000 + L_Morse: 2.69225
Epoch: 0 [4450/10000 (44%)] Unweighted L_s : L_Mnfld: 0.00114,  L_NonMnfld: 0.02039,  L_Nrml: 0.00000,  L_Eknl: 0.09725, L_Morse: 1.40346

Weights: [7000.0, 600.0, 0, 50.0, 0.0, 1.885299999999999], lr=5.000e-05
Epoch: 0 [4460/10000 (45%)] Loss: 27.81313 = L_Mnfld: 7.21200 + L_NonMnfld: 13.18789 + L_Nrml: 0.00000 + L_Eknl: 4.72424 + L_Div: 0.00000 + L_Morse: 2.68900
Epoch: 0 [4460/10000 (45%)] Unweighted L_s : L_Mnfld: 0.00103,  L_NonMnfld: 0.02198,  L_Nrml: 0.00000,  L_Eknl: 0.09448, L_Morse: 1.42630

Weights: [7000.0, 600.0, 0, 50.0, 0.0, 1.8522999999999996], lr=5.000e-05
Epoch: 0 [4470/10000 (45%)] Loss: 26.42565 = L_Mnfld: 7.61127 + L_NonMnfld: 11.62865 + L_Nrml: 0.00000 + L_Eknl: 4.60431 + L_Div: 0.00000 + L_Morse: 2.58141
Epoch: 0 [4470/10000 (45%)] Unweighted L_s : L_Mnfld: 0.00109,  L_NonMnfld: 0.01938,  L_Nrml: 0.00000,  L_Eknl: 0.09209, L_Morse: 1.39363

Weights: [7000.0, 600.0, 0, 50.0, 0.0, 1.8192999999999984], lr=5.000e-05
Epoch: 0 [4480/10000 (45%)] Loss: 27.50305 = L_Mnfld: 7.49404 + L_NonMnfld: 12.73559 + L_Nrml: 0.00000 + L_Eknl: 4.65434 + L_Div: 0.00000 + L_Morse: 2.61909
Epoch: 0 [4480/10000 (45%)] Unweighted L_s : L_Mnfld: 0.00107,  L_NonMnfld: 0.02123,  L_Nrml: 0.00000,  L_Eknl: 0.09309, L_Morse: 1.43961

Weights: [7000.0, 600.0, 0, 50.0, 0.0, 1.7862999999999989], lr=5.000e-05
Epoch: 0 [4490/10000 (45%)] Loss: 27.86751 = L_Mnfld: 7.69119 + L_NonMnfld: 12.80437 + L_Nrml: 0.00000 + L_Eknl: 4.72999 + L_Div: 0.00000 + L_Morse: 2.64196
Epoch: 0 [4490/10000 (45%)] Unweighted L_s : L_Mnfld: 0.00110,  L_NonMnfld: 0.02134,  L_Nrml: 0.00000,  L_Eknl: 0.09460, L_Morse: 1.47901

Weights: [7000.0, 600.0, 0, 50.0, 0.0, 1.7532999999999994], lr=5.000e-05
Epoch: 0 [4500/10000 (45%)] Loss: 28.08523 = L_Mnfld: 8.27578 + L_NonMnfld: 12.21919 + L_Nrml: 0.00000 + L_Eknl: 4.90934 + L_Div: 0.00000 + L_Morse: 2.68092
Epoch: 0 [4500/10000 (45%)] Unweighted L_s : L_Mnfld: 0.00118,  L_NonMnfld: 0.02037,  L_Nrml: 0.00000,  L_Eknl: 0.09819, L_Morse: 1.52907

Weights: [7000.0, 600.0, 0, 50.0, 0.0, 1.7202999999999982], lr=5.000e-05
Epoch: 0 [4510/10000 (45%)] Loss: 28.91859 = L_Mnfld: 8.25576 + L_NonMnfld: 13.33739 + L_Nrml: 0.00000 + L_Eknl: 4.80080 + L_Div: 0.00000 + L_Morse: 2.52464
Epoch: 0 [4510/10000 (45%)] Unweighted L_s : L_Mnfld: 0.00118,  L_NonMnfld: 0.02223,  L_Nrml: 0.00000,  L_Eknl: 0.09602, L_Morse: 1.46756

Weights: [7000.0, 600.0, 0, 50.0, 0.0, 1.6872999999999987], lr=5.000e-05
Epoch: 0 [4520/10000 (45%)] Loss: 28.00911 = L_Mnfld: 8.03140 + L_NonMnfld: 12.43769 + L_Nrml: 0.00000 + L_Eknl: 5.03108 + L_Div: 0.00000 + L_Morse: 2.50895
Epoch: 0 [4520/10000 (45%)] Unweighted L_s : L_Mnfld: 0.00115,  L_NonMnfld: 0.02073,  L_Nrml: 0.00000,  L_Eknl: 0.10062, L_Morse: 1.48696

Weights: [7000.0, 600.0, 0, 50.0, 0.0, 1.6542999999999992], lr=5.000e-05
Epoch: 0 [4530/10000 (45%)] Loss: 26.68895 = L_Mnfld: 7.66537 + L_NonMnfld: 11.79877 + L_Nrml: 0.00000 + L_Eknl: 4.78429 + L_Div: 0.00000 + L_Morse: 2.44052
Epoch: 0 [4530/10000 (45%)] Unweighted L_s : L_Mnfld: 0.00110,  L_NonMnfld: 0.01966,  L_Nrml: 0.00000,  L_Eknl: 0.09569, L_Morse: 1.47526

Weights: [7000.0, 600.0, 0, 50.0, 0.0, 1.621299999999998], lr=5.000e-05
Epoch: 0 [4540/10000 (45%)] Loss: 28.34274 = L_Mnfld: 8.17096 + L_NonMnfld: 12.83199 + L_Nrml: 0.00000 + L_Eknl: 4.91345 + L_Div: 0.00000 + L_Morse: 2.42634
Epoch: 0 [4540/10000 (45%)] Unweighted L_s : L_Mnfld: 0.00117,  L_NonMnfld: 0.02139,  L_Nrml: 0.00000,  L_Eknl: 0.09827, L_Morse: 1.49654

Weights: [7000.0, 600.0, 0, 50.0, 0.0, 1.5882999999999985], lr=5.000e-05
Epoch: 0 [4550/10000 (46%)] Loss: 27.17366 = L_Mnfld: 8.32256 + L_NonMnfld: 11.77391 + L_Nrml: 0.00000 + L_Eknl: 4.70956 + L_Div: 0.00000 + L_Morse: 2.36764
Epoch: 0 [4550/10000 (46%)] Unweighted L_s : L_Mnfld: 0.00119,  L_NonMnfld: 0.01962,  L_Nrml: 0.00000,  L_Eknl: 0.09419, L_Morse: 1.49067

Weights: [7000.0, 600.0, 0, 50.0, 0.0, 1.555299999999999], lr=5.000e-05
Epoch: 0 [4560/10000 (46%)] Loss: 27.31227 = L_Mnfld: 7.73592 + L_NonMnfld: 12.74841 + L_Nrml: 0.00000 + L_Eknl: 4.50408 + L_Div: 0.00000 + L_Morse: 2.32386
Epoch: 0 [4560/10000 (46%)] Unweighted L_s : L_Mnfld: 0.00111,  L_NonMnfld: 0.02125,  L_Nrml: 0.00000,  L_Eknl: 0.09008, L_Morse: 1.49415

Weights: [7000.0, 600.0, 0, 50.0, 0.0, 1.5223000000000013], lr=5.000e-05
Epoch: 0 [4570/10000 (46%)] Loss: 26.15972 = L_Mnfld: 7.48117 + L_NonMnfld: 11.92369 + L_Nrml: 0.00000 + L_Eknl: 4.50395 + L_Div: 0.00000 + L_Morse: 2.25090
Epoch: 0 [4570/10000 (46%)] Unweighted L_s : L_Mnfld: 0.00107,  L_NonMnfld: 0.01987,  L_Nrml: 0.00000,  L_Eknl: 0.09008, L_Morse: 1.47862

Weights: [7000.0, 600.0, 0, 50.0, 0.0, 1.4893000000000018], lr=5.000e-05
Epoch: 0 [4580/10000 (46%)] Loss: 26.99639 = L_Mnfld: 7.03834 + L_NonMnfld: 13.34283 + L_Nrml: 0.00000 + L_Eknl: 4.39358 + L_Div: 0.00000 + L_Morse: 2.22164
Epoch: 0 [4580/10000 (46%)] Unweighted L_s : L_Mnfld: 0.00101,  L_NonMnfld: 0.02224,  L_Nrml: 0.00000,  L_Eknl: 0.08787, L_Morse: 1.49173

Weights: [7000.0, 600.0, 0, 50.0, 0.0, 1.4563000000000006], lr=5.000e-05
Epoch: 0 [4590/10000 (46%)] Loss: 26.32991 = L_Mnfld: 6.92728 + L_NonMnfld: 12.81117 + L_Nrml: 0.00000 + L_Eknl: 4.38650 + L_Div: 0.00000 + L_Morse: 2.20497
Epoch: 0 [4590/10000 (46%)] Unweighted L_s : L_Mnfld: 0.00099,  L_NonMnfld: 0.02135,  L_Nrml: 0.00000,  L_Eknl: 0.08773, L_Morse: 1.51409

Weights: [7000.0, 600.0, 0, 50.0, 0.0, 1.4233000000000011], lr=5.000e-05
Epoch: 0 [4600/10000 (46%)] Loss: 25.95404 = L_Mnfld: 7.31147 + L_NonMnfld: 12.25688 + L_Nrml: 0.00000 + L_Eknl: 4.31784 + L_Div: 0.00000 + L_Morse: 2.06785
Epoch: 0 [4600/10000 (46%)] Unweighted L_s : L_Mnfld: 0.00104,  L_NonMnfld: 0.02043,  L_Nrml: 0.00000,  L_Eknl: 0.08636, L_Morse: 1.45286

Weights: [7000.0, 600.0, 0, 50.0, 0.0, 1.3903000000000016], lr=5.000e-05
Epoch: 0 [4610/10000 (46%)] Loss: 25.95002 = L_Mnfld: 7.79946 + L_NonMnfld: 11.49320 + L_Nrml: 0.00000 + L_Eknl: 4.45051 + L_Div: 0.00000 + L_Morse: 2.20685
Epoch: 0 [4610/10000 (46%)] Unweighted L_s : L_Mnfld: 0.00111,  L_NonMnfld: 0.01916,  L_Nrml: 0.00000,  L_Eknl: 0.08901, L_Morse: 1.58732

Weights: [7000.0, 600.0, 0, 50.0, 0.0, 1.3573000000000004], lr=5.000e-05
Epoch: 0 [4620/10000 (46%)] Loss: 25.69669 = L_Mnfld: 7.79948 + L_NonMnfld: 11.45290 + L_Nrml: 0.00000 + L_Eknl: 4.40518 + L_Div: 0.00000 + L_Morse: 2.03913
Epoch: 0 [4620/10000 (46%)] Unweighted L_s : L_Mnfld: 0.00111,  L_NonMnfld: 0.01909,  L_Nrml: 0.00000,  L_Eknl: 0.08810, L_Morse: 1.50234

Weights: [7000.0, 600.0, 0, 50.0, 0.0, 1.324300000000001], lr=5.000e-05
Epoch: 0 [4630/10000 (46%)] Loss: 26.62558 = L_Mnfld: 7.76488 + L_NonMnfld: 12.13322 + L_Nrml: 0.00000 + L_Eknl: 4.64649 + L_Div: 0.00000 + L_Morse: 2.08099
Epoch: 0 [4630/10000 (46%)] Unweighted L_s : L_Mnfld: 0.00111,  L_NonMnfld: 0.02022,  L_Nrml: 0.00000,  L_Eknl: 0.09293, L_Morse: 1.57139

Weights: [7000.0, 600.0, 0, 50.0, 0.0, 1.2913000000000014], lr=5.000e-05
Epoch: 0 [4640/10000 (46%)] Loss: 25.90513 = L_Mnfld: 7.77989 + L_NonMnfld: 11.62270 + L_Nrml: 0.00000 + L_Eknl: 4.41422 + L_Div: 0.00000 + L_Morse: 2.08833
Epoch: 0 [4640/10000 (46%)] Unweighted L_s : L_Mnfld: 0.00111,  L_NonMnfld: 0.01937,  L_Nrml: 0.00000,  L_Eknl: 0.08828, L_Morse: 1.61723

Weights: [7000.0, 600.0, 0, 50.0, 0.0, 1.2583000000000002], lr=5.000e-05
Epoch: 0 [4650/10000 (46%)] Loss: 27.44191 = L_Mnfld: 8.44887 + L_NonMnfld: 12.30956 + L_Nrml: 0.00000 + L_Eknl: 4.62465 + L_Div: 0.00000 + L_Morse: 2.05883
Epoch: 0 [4650/10000 (46%)] Unweighted L_s : L_Mnfld: 0.00121,  L_NonMnfld: 0.02052,  L_Nrml: 0.00000,  L_Eknl: 0.09249, L_Morse: 1.63620

Weights: [7000.0, 600.0, 0, 50.0, 0.0, 1.2253000000000007], lr=5.000e-05
Epoch: 0 [4660/10000 (47%)] Loss: 26.38201 = L_Mnfld: 7.82097 + L_NonMnfld: 12.27271 + L_Nrml: 0.00000 + L_Eknl: 4.35858 + L_Div: 0.00000 + L_Morse: 1.92975
Epoch: 0 [4660/10000 (47%)] Unweighted L_s : L_Mnfld: 0.00112,  L_NonMnfld: 0.02045,  L_Nrml: 0.00000,  L_Eknl: 0.08717, L_Morse: 1.57492

Weights: [7000.0, 600.0, 0, 50.0, 0.0, 1.1923000000000012], lr=5.000e-05
Epoch: 0 [4670/10000 (47%)] Loss: 26.70942 = L_Mnfld: 7.77232 + L_NonMnfld: 12.72133 + L_Nrml: 0.00000 + L_Eknl: 4.35621 + L_Div: 0.00000 + L_Morse: 1.85956
Epoch: 0 [4670/10000 (47%)] Unweighted L_s : L_Mnfld: 0.00111,  L_NonMnfld: 0.02120,  L_Nrml: 0.00000,  L_Eknl: 0.08712, L_Morse: 1.55964

Weights: [7000.0, 600.0, 0, 50.0, 0.0, 1.1593], lr=5.000e-05
Epoch: 0 [4680/10000 (47%)] Loss: 26.74491 = L_Mnfld: 7.38874 + L_NonMnfld: 13.28978 + L_Nrml: 0.00000 + L_Eknl: 4.18564 + L_Div: 0.00000 + L_Morse: 1.88074
Epoch: 0 [4680/10000 (47%)] Unweighted L_s : L_Mnfld: 0.00106,  L_NonMnfld: 0.02215,  L_Nrml: 0.00000,  L_Eknl: 0.08371, L_Morse: 1.62231

Weights: [7000.0, 600.0, 0, 50.0, 0.0, 1.1263000000000005], lr=5.000e-05
Epoch: 0 [4690/10000 (47%)] Loss: 28.87366 = L_Mnfld: 8.40951 + L_NonMnfld: 14.43421 + L_Nrml: 0.00000 + L_Eknl: 4.21863 + L_Div: 0.00000 + L_Morse: 1.81132
Epoch: 0 [4690/10000 (47%)] Unweighted L_s : L_Mnfld: 0.00120,  L_NonMnfld: 0.02406,  L_Nrml: 0.00000,  L_Eknl: 0.08437, L_Morse: 1.60821

Weights: [7000.0, 600.0, 0, 50.0, 0.0, 1.093300000000001], lr=5.000e-05
Epoch: 0 [4700/10000 (47%)] Loss: 26.47441 = L_Mnfld: 7.82246 + L_NonMnfld: 12.65082 + L_Nrml: 0.00000 + L_Eknl: 4.23013 + L_Div: 0.00000 + L_Morse: 1.77101
Epoch: 0 [4700/10000 (47%)] Unweighted L_s : L_Mnfld: 0.00112,  L_NonMnfld: 0.02108,  L_Nrml: 0.00000,  L_Eknl: 0.08460, L_Morse: 1.61987

Weights: [7000.0, 600.0, 0, 50.0, 0.0, 1.0602999999999998], lr=5.000e-05
Epoch: 0 [4710/10000 (47%)] Loss: 26.81915 = L_Mnfld: 8.41687 + L_NonMnfld: 12.11230 + L_Nrml: 0.00000 + L_Eknl: 4.51138 + L_Div: 0.00000 + L_Morse: 1.77859
Epoch: 0 [4710/10000 (47%)] Unweighted L_s : L_Mnfld: 0.00120,  L_NonMnfld: 0.02019,  L_Nrml: 0.00000,  L_Eknl: 0.09023, L_Morse: 1.67744

Weights: [7000.0, 600.0, 0, 50.0, 0.0, 1.0273000000000003], lr=5.000e-05
Epoch: 0 [4720/10000 (47%)] Loss: 25.53566 = L_Mnfld: 7.60170 + L_NonMnfld: 11.95729 + L_Nrml: 0.00000 + L_Eknl: 4.29214 + L_Div: 0.00000 + L_Morse: 1.68453
Epoch: 0 [4720/10000 (47%)] Unweighted L_s : L_Mnfld: 0.00109,  L_NonMnfld: 0.01993,  L_Nrml: 0.00000,  L_Eknl: 0.08584, L_Morse: 1.63976

Weights: [7000.0, 600.0, 0, 50.0, 0.0, 0.9943000000000008], lr=5.000e-05
Epoch: 0 [4730/10000 (47%)] Loss: 25.91848 = L_Mnfld: 7.50112 + L_NonMnfld: 12.38485 + L_Nrml: 0.00000 + L_Eknl: 4.36538 + L_Div: 0.00000 + L_Morse: 1.66714
Epoch: 0 [4730/10000 (47%)] Unweighted L_s : L_Mnfld: 0.00107,  L_NonMnfld: 0.02064,  L_Nrml: 0.00000,  L_Eknl: 0.08731, L_Morse: 1.67670

Weights: [7000.0, 600.0, 0, 50.0, 0.0, 0.9612999999999996], lr=5.000e-05
Epoch: 0 [4740/10000 (47%)] Loss: 26.89208 = L_Mnfld: 8.43345 + L_NonMnfld: 12.52876 + L_Nrml: 0.00000 + L_Eknl: 4.26610 + L_Div: 0.00000 + L_Morse: 1.66377
Epoch: 0 [4740/10000 (47%)] Unweighted L_s : L_Mnfld: 0.00120,  L_NonMnfld: 0.02088,  L_Nrml: 0.00000,  L_Eknl: 0.08532, L_Morse: 1.73075

Weights: [7000.0, 600.0, 0, 50.0, 0.0, 0.9283000000000001], lr=5.000e-05
Epoch: 0 [4750/10000 (48%)] Loss: 26.63158 = L_Mnfld: 9.18483 + L_NonMnfld: 11.44558 + L_Nrml: 0.00000 + L_Eknl: 4.45938 + L_Div: 0.00000 + L_Morse: 1.54179
Epoch: 0 [4750/10000 (48%)] Unweighted L_s : L_Mnfld: 0.00131,  L_NonMnfld: 0.01908,  L_Nrml: 0.00000,  L_Eknl: 0.08919, L_Morse: 1.66087

Weights: [7000.0, 600.0, 0, 50.0, 0.0, 0.8953000000000007], lr=5.000e-05
Epoch: 0 [4760/10000 (48%)] Loss: 26.32870 = L_Mnfld: 8.92423 + L_NonMnfld: 11.62959 + L_Nrml: 0.00000 + L_Eknl: 4.22913 + L_Div: 0.00000 + L_Morse: 1.54575
Epoch: 0 [4760/10000 (48%)] Unweighted L_s : L_Mnfld: 0.00127,  L_NonMnfld: 0.01938,  L_Nrml: 0.00000,  L_Eknl: 0.08458, L_Morse: 1.72652

Weights: [7000.0, 600.0, 0, 50.0, 0.0, 0.8622999999999994], lr=5.000e-05
Epoch: 0 [4770/10000 (48%)] Loss: 27.78584 = L_Mnfld: 9.85497 + L_NonMnfld: 11.99311 + L_Nrml: 0.00000 + L_Eknl: 4.39009 + L_Div: 0.00000 + L_Morse: 1.54767
Epoch: 0 [4770/10000 (48%)] Unweighted L_s : L_Mnfld: 0.00141,  L_NonMnfld: 0.01999,  L_Nrml: 0.00000,  L_Eknl: 0.08780, L_Morse: 1.79481

Weights: [7000.0, 600.0, 0, 50.0, 0.0, 0.8292999999999999], lr=5.000e-05
Epoch: 0 [4780/10000 (48%)] Loss: 28.34690 = L_Mnfld: 11.25102 + L_NonMnfld: 11.13033 + L_Nrml: 0.00000 + L_Eknl: 4.54042 + L_Div: 0.00000 + L_Morse: 1.42512
Epoch: 0 [4780/10000 (48%)] Unweighted L_s : L_Mnfld: 0.00161,  L_NonMnfld: 0.01855,  L_Nrml: 0.00000,  L_Eknl: 0.09081, L_Morse: 1.71847

Weights: [7000.0, 600.0, 0, 50.0, 0.0, 0.7963000000000005], lr=5.000e-05
Epoch: 0 [4790/10000 (48%)] Loss: 29.16391 = L_Mnfld: 11.78767 + L_NonMnfld: 11.43173 + L_Nrml: 0.00000 + L_Eknl: 4.53573 + L_Div: 0.00000 + L_Morse: 1.40878
Epoch: 0 [4790/10000 (48%)] Unweighted L_s : L_Mnfld: 0.00168,  L_NonMnfld: 0.01905,  L_Nrml: 0.00000,  L_Eknl: 0.09071, L_Morse: 1.76915

Weights: [7000.0, 600.0, 0, 50.0, 0.0, 0.7632999999999992], lr=5.000e-05
Epoch: 0 [4800/10000 (48%)] Loss: 28.44849 = L_Mnfld: 10.37076 + L_NonMnfld: 12.12610 + L_Nrml: 0.00000 + L_Eknl: 4.53529 + L_Div: 0.00000 + L_Morse: 1.41633
Epoch: 0 [4800/10000 (48%)] Unweighted L_s : L_Mnfld: 0.00148,  L_NonMnfld: 0.02021,  L_Nrml: 0.00000,  L_Eknl: 0.09071, L_Morse: 1.85554

Weights: [7000.0, 600.0, 0, 50.0, 0.0, 0.7302999999999997], lr=5.000e-05
Epoch: 0 [4810/10000 (48%)] Loss: 29.62483 = L_Mnfld: 11.09895 + L_NonMnfld: 12.47094 + L_Nrml: 0.00000 + L_Eknl: 4.72319 + L_Div: 0.00000 + L_Morse: 1.33175
Epoch: 0 [4810/10000 (48%)] Unweighted L_s : L_Mnfld: 0.00159,  L_NonMnfld: 0.02078,  L_Nrml: 0.00000,  L_Eknl: 0.09446, L_Morse: 1.82357

Weights: [7000.0, 600.0, 0, 50.0, 0.0, 0.6973000000000003], lr=5.000e-05
Epoch: 0 [4820/10000 (48%)] Loss: 29.63371 = L_Mnfld: 10.58452 + L_NonMnfld: 13.00931 + L_Nrml: 0.00000 + L_Eknl: 4.68367 + L_Div: 0.00000 + L_Morse: 1.35622
Epoch: 0 [4820/10000 (48%)] Unweighted L_s : L_Mnfld: 0.00151,  L_NonMnfld: 0.02168,  L_Nrml: 0.00000,  L_Eknl: 0.09367, L_Morse: 1.94496

Weights: [7000.0, 600.0, 0, 50.0, 0.0, 0.664299999999999], lr=5.000e-05
Epoch: 0 [4830/10000 (48%)] Loss: 28.49486 = L_Mnfld: 9.52957 + L_NonMnfld: 13.28403 + L_Nrml: 0.00000 + L_Eknl: 4.46130 + L_Div: 0.00000 + L_Morse: 1.21996
Epoch: 0 [4830/10000 (48%)] Unweighted L_s : L_Mnfld: 0.00136,  L_NonMnfld: 0.02214,  L_Nrml: 0.00000,  L_Eknl: 0.08923, L_Morse: 1.83646

Weights: [7000.0, 600.0, 0, 50.0, 0.0, 0.6312999999999995], lr=5.000e-05
Epoch: 0 [4840/10000 (48%)] Loss: 25.66700 = L_Mnfld: 8.58876 + L_NonMnfld: 11.70807 + L_Nrml: 0.00000 + L_Eknl: 4.18289 + L_Div: 0.00000 + L_Morse: 1.18729
Epoch: 0 [4840/10000 (48%)] Unweighted L_s : L_Mnfld: 0.00123,  L_NonMnfld: 0.01951,  L_Nrml: 0.00000,  L_Eknl: 0.08366, L_Morse: 1.88071

Weights: [7000.0, 600.0, 0, 50.0, 0.0, 0.5983], lr=5.000e-05
Epoch: 0 [4850/10000 (48%)] Loss: 24.06474 = L_Mnfld: 7.70821 + L_NonMnfld: 11.14339 + L_Nrml: 0.00000 + L_Eknl: 4.07927 + L_Div: 0.00000 + L_Morse: 1.13387
Epoch: 0 [4850/10000 (48%)] Unweighted L_s : L_Mnfld: 0.00110,  L_NonMnfld: 0.01857,  L_Nrml: 0.00000,  L_Eknl: 0.08159, L_Morse: 1.89516

Weights: [7000.0, 600.0, 0, 50.0, 0.0, 0.5652999999999988], lr=5.000e-05
Epoch: 0 [4860/10000 (49%)] Loss: 24.59638 = L_Mnfld: 7.28096 + L_NonMnfld: 12.19766 + L_Nrml: 0.00000 + L_Eknl: 4.00961 + L_Div: 0.00000 + L_Morse: 1.10815
Epoch: 0 [4860/10000 (49%)] Unweighted L_s : L_Mnfld: 0.00104,  L_NonMnfld: 0.02033,  L_Nrml: 0.00000,  L_Eknl: 0.08019, L_Morse: 1.96029

Weights: [7000.0, 600.0, 0, 50.0, 0.0, 0.5322999999999993], lr=5.000e-05
Epoch: 0 [4870/10000 (49%)] Loss: 24.26101 = L_Mnfld: 7.02208 + L_NonMnfld: 12.41592 + L_Nrml: 0.00000 + L_Eknl: 3.82312 + L_Div: 0.00000 + L_Morse: 0.99988
Epoch: 0 [4870/10000 (49%)] Unweighted L_s : L_Mnfld: 0.00100,  L_NonMnfld: 0.02069,  L_Nrml: 0.00000,  L_Eknl: 0.07646, L_Morse: 1.87842

Weights: [7000.0, 600.0, 0, 50.0, 0.0, 0.49929999999999986], lr=5.000e-05
Epoch: 0 [4880/10000 (49%)] Loss: 24.32115 = L_Mnfld: 7.29031 + L_NonMnfld: 12.23806 + L_Nrml: 0.00000 + L_Eknl: 3.81469 + L_Div: 0.00000 + L_Morse: 0.97809
Epoch: 0 [4880/10000 (49%)] Unweighted L_s : L_Mnfld: 0.00104,  L_NonMnfld: 0.02040,  L_Nrml: 0.00000,  L_Eknl: 0.07629, L_Morse: 1.95892

Weights: [7000.0, 600.0, 0, 50.0, 0.0, 0.4662999999999986], lr=5.000e-05
Epoch: 0 [4890/10000 (49%)] Loss: 23.89998 = L_Mnfld: 7.08917 + L_NonMnfld: 12.07062 + L_Nrml: 0.00000 + L_Eknl: 3.80659 + L_Div: 0.00000 + L_Morse: 0.93360
Epoch: 0 [4890/10000 (49%)] Unweighted L_s : L_Mnfld: 0.00101,  L_NonMnfld: 0.02012,  L_Nrml: 0.00000,  L_Eknl: 0.07613, L_Morse: 2.00214

Weights: [7000.0, 600.0, 0, 50.0, 0.0, 0.43329999999999913], lr=5.000e-05
Epoch: 0 [4900/10000 (49%)] Loss: 23.97643 = L_Mnfld: 6.88843 + L_NonMnfld: 12.41792 + L_Nrml: 0.00000 + L_Eknl: 3.80592 + L_Div: 0.00000 + L_Morse: 0.86416
Epoch: 0 [4900/10000 (49%)] Unweighted L_s : L_Mnfld: 0.00098,  L_NonMnfld: 0.02070,  L_Nrml: 0.00000,  L_Eknl: 0.07612, L_Morse: 1.99437

Weights: [7000.0, 600.0, 0, 50.0, 0.0, 0.40029999999999966], lr=5.000e-05
Epoch: 0 [4910/10000 (49%)] Loss: 23.42041 = L_Mnfld: 6.85286 + L_NonMnfld: 11.82339 + L_Nrml: 0.00000 + L_Eknl: 3.93506 + L_Div: 0.00000 + L_Morse: 0.80910
Epoch: 0 [4910/10000 (49%)] Unweighted L_s : L_Mnfld: 0.00098,  L_NonMnfld: 0.01971,  L_Nrml: 0.00000,  L_Eknl: 0.07870, L_Morse: 2.02124

Weights: [7000.0, 600.0, 0, 50.0, 0.0, 0.3672999999999984], lr=5.000e-05
Epoch: 0 [4920/10000 (49%)] Loss: 23.19250 = L_Mnfld: 6.70695 + L_NonMnfld: 11.91976 + L_Nrml: 0.00000 + L_Eknl: 3.84252 + L_Div: 0.00000 + L_Morse: 0.72328
Epoch: 0 [4920/10000 (49%)] Unweighted L_s : L_Mnfld: 0.00096,  L_NonMnfld: 0.01987,  L_Nrml: 0.00000,  L_Eknl: 0.07685, L_Morse: 1.96919

Weights: [7000.0, 600.0, 0, 50.0, 0.0, 0.33429999999999893], lr=5.000e-05
Epoch: 0 [4930/10000 (49%)] Loss: 22.88567 = L_Mnfld: 6.33229 + L_NonMnfld: 12.11351 + L_Nrml: 0.00000 + L_Eknl: 3.78312 + L_Div: 0.00000 + L_Morse: 0.65676
Epoch: 0 [4930/10000 (49%)] Unweighted L_s : L_Mnfld: 0.00090,  L_NonMnfld: 0.02019,  L_Nrml: 0.00000,  L_Eknl: 0.07566, L_Morse: 1.96458

Weights: [7000.0, 600.0, 0, 50.0, 0.0, 0.30129999999999946], lr=5.000e-05
Epoch: 0 [4940/10000 (49%)] Loss: 23.75172 = L_Mnfld: 6.73860 + L_NonMnfld: 12.48445 + L_Nrml: 0.00000 + L_Eknl: 3.90336 + L_Div: 0.00000 + L_Morse: 0.62531
Epoch: 0 [4940/10000 (49%)] Unweighted L_s : L_Mnfld: 0.00096,  L_NonMnfld: 0.02081,  L_Nrml: 0.00000,  L_Eknl: 0.07807, L_Morse: 2.07536

Weights: [7000.0, 600.0, 0, 50.0, 0.0, 0.2682999999999982], lr=5.000e-05
Epoch: 0 [4950/10000 (50%)] Loss: 22.14228 = L_Mnfld: 6.62869 + L_NonMnfld: 11.26252 + L_Nrml: 0.00000 + L_Eknl: 3.71092 + L_Div: 0.00000 + L_Morse: 0.54015
Epoch: 0 [4950/10000 (50%)] Unweighted L_s : L_Mnfld: 0.00095,  L_NonMnfld: 0.01877,  L_Nrml: 0.00000,  L_Eknl: 0.07422, L_Morse: 2.01322

Weights: [7000.0, 600.0, 0, 50.0, 0.0, 0.2353000000000005], lr=5.000e-05
Epoch: 0 [4960/10000 (50%)] Loss: 22.70233 = L_Mnfld: 6.31271 + L_NonMnfld: 12.14904 + L_Nrml: 0.00000 + L_Eknl: 3.75678 + L_Div: 0.00000 + L_Morse: 0.48381
Epoch: 0 [4960/10000 (50%)] Unweighted L_s : L_Mnfld: 0.00090,  L_NonMnfld: 0.02025,  L_Nrml: 0.00000,  L_Eknl: 0.07514, L_Morse: 2.05613

Weights: [7000.0, 600.0, 0, 50.0, 0.0, 0.20229999999999926], lr=5.000e-05
Epoch: 0 [4970/10000 (50%)] Loss: 22.77001 = L_Mnfld: 6.20800 + L_NonMnfld: 12.47071 + L_Nrml: 0.00000 + L_Eknl: 3.66348 + L_Div: 0.00000 + L_Morse: 0.42783
Epoch: 0 [4970/10000 (50%)] Unweighted L_s : L_Mnfld: 0.00089,  L_NonMnfld: 0.02078,  L_Nrml: 0.00000,  L_Eknl: 0.07327, L_Morse: 2.11483

Weights: [7000.0, 600.0, 0, 50.0, 0.0, 0.16929999999999978], lr=5.000e-05
Epoch: 0 [4980/10000 (50%)] Loss: 22.32426 = L_Mnfld: 6.59691 + L_NonMnfld: 11.68739 + L_Nrml: 0.00000 + L_Eknl: 3.67680 + L_Div: 0.00000 + L_Morse: 0.36315
Epoch: 0 [4980/10000 (50%)] Unweighted L_s : L_Mnfld: 0.00094,  L_NonMnfld: 0.01948,  L_Nrml: 0.00000,  L_Eknl: 0.07354, L_Morse: 2.14502

Weights: [7000.0, 600.0, 0, 50.0, 0.0, 0.1363000000000003], lr=5.000e-05
Epoch: 0 [4990/10000 (50%)] Loss: 22.04651 = L_Mnfld: 6.60720 + L_NonMnfld: 11.37960 + L_Nrml: 0.00000 + L_Eknl: 3.76987 + L_Div: 0.00000 + L_Morse: 0.28984
Epoch: 0 [4990/10000 (50%)] Unweighted L_s : L_Mnfld: 0.00094,  L_NonMnfld: 0.01897,  L_Nrml: 0.00000,  L_Eknl: 0.07540, L_Morse: 2.12649

Weights: [7000.0, 600.0, 0, 50.0, 0.0, 0.10329999999999906], lr=5.000e-05
Epoch: 0 [5000/10000 (50%)] Loss: 23.55326 = L_Mnfld: 6.95222 + L_NonMnfld: 12.57524 + L_Nrml: 0.00000 + L_Eknl: 3.79609 + L_Div: 0.00000 + L_Morse: 0.22970
Epoch: 0 [5000/10000 (50%)] Unweighted L_s : L_Mnfld: 0.00099,  L_NonMnfld: 0.02096,  L_Nrml: 0.00000,  L_Eknl: 0.07592, L_Morse: 2.22367

Weights: [7000.0, 600.0, 0, 50.0, 0.0, 0.1], lr=5.000e-05
Epoch: 0 [5010/10000 (50%)] Loss: 23.05591 = L_Mnfld: 6.85454 + L_NonMnfld: 12.24984 + L_Nrml: 0.00000 + L_Eknl: 3.72632 + L_Div: 0.00000 + L_Morse: 0.22521
Epoch: 0 [5010/10000 (50%)] Unweighted L_s : L_Mnfld: 0.00098,  L_NonMnfld: 0.02042,  L_Nrml: 0.00000,  L_Eknl: 0.07453, L_Morse: 2.25206

Weights: [7000.0, 600.0, 0, 50.0, 0.0, 0.1], lr=5.000e-05
Epoch: 0 [5020/10000 (50%)] Loss: 22.54780 = L_Mnfld: 6.42163 + L_NonMnfld: 12.31268 + L_Nrml: 0.00000 + L_Eknl: 3.59412 + L_Div: 0.00000 + L_Morse: 0.21937
Epoch: 0 [5020/10000 (50%)] Unweighted L_s : L_Mnfld: 0.00092,  L_NonMnfld: 0.02052,  L_Nrml: 0.00000,  L_Eknl: 0.07188, L_Morse: 2.19373

Weights: [7000.0, 600.0, 0, 50.0, 0.0, 0.1], lr=5.000e-05
Epoch: 0 [5030/10000 (50%)] Loss: 22.78176 = L_Mnfld: 6.74030 + L_NonMnfld: 12.24156 + L_Nrml: 0.00000 + L_Eknl: 3.57598 + L_Div: 0.00000 + L_Morse: 0.22392
Epoch: 0 [5030/10000 (50%)] Unweighted L_s : L_Mnfld: 0.00096,  L_NonMnfld: 0.02040,  L_Nrml: 0.00000,  L_Eknl: 0.07152, L_Morse: 2.23919

Weights: [7000.0, 600.0, 0, 50.0, 0.0, 0.1], lr=5.000e-05
Epoch: 0 [5040/10000 (50%)] Loss: 22.30687 = L_Mnfld: 6.50583 + L_NonMnfld: 11.95772 + L_Nrml: 0.00000 + L_Eknl: 3.61575 + L_Div: 0.00000 + L_Morse: 0.22758
Epoch: 0 [5040/10000 (50%)] Unweighted L_s : L_Mnfld: 0.00093,  L_NonMnfld: 0.01993,  L_Nrml: 0.00000,  L_Eknl: 0.07231, L_Morse: 2.27576

Weights: [7000.0, 600.0, 0, 50.0, 0.0, 0.1], lr=5.000e-05
Epoch: 0 [5050/10000 (50%)] Loss: 23.46130 = L_Mnfld: 7.61034 + L_NonMnfld: 11.92709 + L_Nrml: 0.00000 + L_Eknl: 3.68871 + L_Div: 0.00000 + L_Morse: 0.23516
Epoch: 0 [5050/10000 (50%)] Unweighted L_s : L_Mnfld: 0.00109,  L_NonMnfld: 0.01988,  L_Nrml: 0.00000,  L_Eknl: 0.07377, L_Morse: 2.35158

Weights: [7000.0, 600.0, 0, 50.0, 0.0, 0.1], lr=5.000e-05
Epoch: 0 [5060/10000 (51%)] Loss: 22.91528 = L_Mnfld: 7.35701 + L_NonMnfld: 11.59414 + L_Nrml: 0.00000 + L_Eknl: 3.72860 + L_Div: 0.00000 + L_Morse: 0.23553
Epoch: 0 [5060/10000 (51%)] Unweighted L_s : L_Mnfld: 0.00105,  L_NonMnfld: 0.01932,  L_Nrml: 0.00000,  L_Eknl: 0.07457, L_Morse: 2.35530

Weights: [7000.0, 600.0, 0, 50.0, 0.0, 0.1], lr=5.000e-05
Epoch: 0 [5070/10000 (51%)] Loss: 23.30886 = L_Mnfld: 7.68505 + L_NonMnfld: 11.68647 + L_Nrml: 0.00000 + L_Eknl: 3.69461 + L_Div: 0.00000 + L_Morse: 0.24272
Epoch: 0 [5070/10000 (51%)] Unweighted L_s : L_Mnfld: 0.00110,  L_NonMnfld: 0.01948,  L_Nrml: 0.00000,  L_Eknl: 0.07389, L_Morse: 2.42725

Weights: [7000.0, 600.0, 0, 50.0, 0.0, 0.1], lr=5.000e-05
Epoch: 0 [5080/10000 (51%)] Loss: 23.53612 = L_Mnfld: 7.06853 + L_NonMnfld: 12.56016 + L_Nrml: 0.00000 + L_Eknl: 3.66156 + L_Div: 0.00000 + L_Morse: 0.24587
Epoch: 0 [5080/10000 (51%)] Unweighted L_s : L_Mnfld: 0.00101,  L_NonMnfld: 0.02093,  L_Nrml: 0.00000,  L_Eknl: 0.07323, L_Morse: 2.45867

Weights: [7000.0, 600.0, 0, 50.0, 0.0, 0.1], lr=5.000e-05
Epoch: 0 [5090/10000 (51%)] Loss: 22.58104 = L_Mnfld: 6.80707 + L_NonMnfld: 11.95179 + L_Nrml: 0.00000 + L_Eknl: 3.57288 + L_Div: 0.00000 + L_Morse: 0.24929
Epoch: 0 [5090/10000 (51%)] Unweighted L_s : L_Mnfld: 0.00097,  L_NonMnfld: 0.01992,  L_Nrml: 0.00000,  L_Eknl: 0.07146, L_Morse: 2.49291

Weights: [7000.0, 600.0, 0, 50.0, 0.0, 0.1], lr=5.000e-05
Epoch: 0 [5100/10000 (51%)] Loss: 21.65124 = L_Mnfld: 6.70054 + L_NonMnfld: 11.17792 + L_Nrml: 0.00000 + L_Eknl: 3.53308 + L_Div: 0.00000 + L_Morse: 0.23970
Epoch: 0 [5100/10000 (51%)] Unweighted L_s : L_Mnfld: 0.00096,  L_NonMnfld: 0.01863,  L_Nrml: 0.00000,  L_Eknl: 0.07066, L_Morse: 2.39696

Weights: [7000.0, 600.0, 0, 50.0, 0.0, 0.1], lr=5.000e-05
Epoch: 0 [5110/10000 (51%)] Loss: 21.91316 = L_Mnfld: 6.94345 + L_NonMnfld: 10.94925 + L_Nrml: 0.00000 + L_Eknl: 3.78286 + L_Div: 0.00000 + L_Morse: 0.23759
Epoch: 0 [5110/10000 (51%)] Unweighted L_s : L_Mnfld: 0.00099,  L_NonMnfld: 0.01825,  L_Nrml: 0.00000,  L_Eknl: 0.07566, L_Morse: 2.37595

Weights: [7000.0, 600.0, 0, 50.0, 0.0, 0.1], lr=5.000e-05
Epoch: 0 [5120/10000 (51%)] Loss: 21.55072 = L_Mnfld: 6.78704 + L_NonMnfld: 10.99313 + L_Nrml: 0.00000 + L_Eknl: 3.52884 + L_Div: 0.00000 + L_Morse: 0.24171
Epoch: 0 [5120/10000 (51%)] Unweighted L_s : L_Mnfld: 0.00097,  L_NonMnfld: 0.01832,  L_Nrml: 0.00000,  L_Eknl: 0.07058, L_Morse: 2.41713

Weights: [7000.0, 600.0, 0, 50.0, 0.0, 0.1], lr=5.000e-05
Epoch: 0 [5130/10000 (51%)] Loss: 22.56463 = L_Mnfld: 6.92192 + L_NonMnfld: 11.88216 + L_Nrml: 0.00000 + L_Eknl: 3.52233 + L_Div: 0.00000 + L_Morse: 0.23822
Epoch: 0 [5130/10000 (51%)] Unweighted L_s : L_Mnfld: 0.00099,  L_NonMnfld: 0.01980,  L_Nrml: 0.00000,  L_Eknl: 0.07045, L_Morse: 2.38222

Weights: [7000.0, 600.0, 0, 50.0, 0.0, 0.1], lr=5.000e-05
Epoch: 0 [5140/10000 (51%)] Loss: 22.09052 = L_Mnfld: 6.63066 + L_NonMnfld: 11.59276 + L_Nrml: 0.00000 + L_Eknl: 3.61851 + L_Div: 0.00000 + L_Morse: 0.24859
Epoch: 0 [5140/10000 (51%)] Unweighted L_s : L_Mnfld: 0.00095,  L_NonMnfld: 0.01932,  L_Nrml: 0.00000,  L_Eknl: 0.07237, L_Morse: 2.48587

Weights: [7000.0, 600.0, 0, 50.0, 0.0, 0.1], lr=5.000e-05
Epoch: 0 [5150/10000 (52%)] Loss: 22.64668 = L_Mnfld: 7.12897 + L_NonMnfld: 11.78898 + L_Nrml: 0.00000 + L_Eknl: 3.48896 + L_Div: 0.00000 + L_Morse: 0.23977
Epoch: 0 [5150/10000 (52%)] Unweighted L_s : L_Mnfld: 0.00102,  L_NonMnfld: 0.01965,  L_Nrml: 0.00000,  L_Eknl: 0.06978, L_Morse: 2.39771

Weights: [7000.0, 600.0, 0, 50.0, 0.0, 0.1], lr=5.000e-05
Epoch: 0 [5160/10000 (52%)] Loss: 24.48255 = L_Mnfld: 7.40717 + L_NonMnfld: 12.99070 + L_Nrml: 0.00000 + L_Eknl: 3.84077 + L_Div: 0.00000 + L_Morse: 0.24392
Epoch: 0 [5160/10000 (52%)] Unweighted L_s : L_Mnfld: 0.00106,  L_NonMnfld: 0.02165,  L_Nrml: 0.00000,  L_Eknl: 0.07682, L_Morse: 2.43917

Weights: [7000.0, 600.0, 0, 50.0, 0.0, 0.1], lr=5.000e-05
Epoch: 0 [5170/10000 (52%)] Loss: 23.38444 = L_Mnfld: 7.01048 + L_NonMnfld: 12.38455 + L_Nrml: 0.00000 + L_Eknl: 3.72619 + L_Div: 0.00000 + L_Morse: 0.26322
Epoch: 0 [5170/10000 (52%)] Unweighted L_s : L_Mnfld: 0.00100,  L_NonMnfld: 0.02064,  L_Nrml: 0.00000,  L_Eknl: 0.07452, L_Morse: 2.63216

Weights: [7000.0, 600.0, 0, 50.0, 0.0, 0.1], lr=5.000e-05
Epoch: 0 [5180/10000 (52%)] Loss: 23.69293 = L_Mnfld: 7.67856 + L_NonMnfld: 12.01840 + L_Nrml: 0.00000 + L_Eknl: 3.74805 + L_Div: 0.00000 + L_Morse: 0.24792
Epoch: 0 [5180/10000 (52%)] Unweighted L_s : L_Mnfld: 0.00110,  L_NonMnfld: 0.02003,  L_Nrml: 0.00000,  L_Eknl: 0.07496, L_Morse: 2.47922

Weights: [7000.0, 600.0, 0, 50.0, 0.0, 0.1], lr=5.000e-05
Epoch: 0 [5190/10000 (52%)] Loss: 24.30503 = L_Mnfld: 7.48002 + L_NonMnfld: 12.95130 + L_Nrml: 0.00000 + L_Eknl: 3.61518 + L_Div: 0.00000 + L_Morse: 0.25853
Epoch: 0 [5190/10000 (52%)] Unweighted L_s : L_Mnfld: 0.00107,  L_NonMnfld: 0.02159,  L_Nrml: 0.00000,  L_Eknl: 0.07230, L_Morse: 2.58533

Weights: [7000.0, 600.0, 0, 50.0, 0.0, 0.1], lr=5.000e-05
Epoch: 0 [5200/10000 (52%)] Loss: 21.85001 = L_Mnfld: 7.03420 + L_NonMnfld: 11.12760 + L_Nrml: 0.00000 + L_Eknl: 3.43490 + L_Div: 0.00000 + L_Morse: 0.25330
Epoch: 0 [5200/10000 (52%)] Unweighted L_s : L_Mnfld: 0.00100,  L_NonMnfld: 0.01855,  L_Nrml: 0.00000,  L_Eknl: 0.06870, L_Morse: 2.53302

Weights: [7000.0, 600.0, 0, 50.0, 0.0, 0.1], lr=5.000e-05
Epoch: 0 [5210/10000 (52%)] Loss: 23.47325 = L_Mnfld: 7.33139 + L_NonMnfld: 12.29495 + L_Nrml: 0.00000 + L_Eknl: 3.58731 + L_Div: 0.00000 + L_Morse: 0.25961
Epoch: 0 [5210/10000 (52%)] Unweighted L_s : L_Mnfld: 0.00105,  L_NonMnfld: 0.02049,  L_Nrml: 0.00000,  L_Eknl: 0.07175, L_Morse: 2.59608

Weights: [7000.0, 600.0, 0, 50.0, 0.0, 0.1], lr=5.000e-05
Epoch: 0 [5220/10000 (52%)] Loss: 22.42550 = L_Mnfld: 7.04198 + L_NonMnfld: 11.57328 + L_Nrml: 0.00000 + L_Eknl: 3.55298 + L_Div: 0.00000 + L_Morse: 0.25727
Epoch: 0 [5220/10000 (52%)] Unweighted L_s : L_Mnfld: 0.00101,  L_NonMnfld: 0.01929,  L_Nrml: 0.00000,  L_Eknl: 0.07106, L_Morse: 2.57272

Weights: [7000.0, 600.0, 0, 50.0, 0.0, 0.1], lr=5.000e-05
Epoch: 0 [5230/10000 (52%)] Loss: 21.75355 = L_Mnfld: 7.10378 + L_NonMnfld: 10.81874 + L_Nrml: 0.00000 + L_Eknl: 3.56028 + L_Div: 0.00000 + L_Morse: 0.27075
Epoch: 0 [5230/10000 (52%)] Unweighted L_s : L_Mnfld: 0.00101,  L_NonMnfld: 0.01803,  L_Nrml: 0.00000,  L_Eknl: 0.07121, L_Morse: 2.70751

Weights: [7000.0, 600.0, 0, 50.0, 0.0, 0.1], lr=5.000e-05
Epoch: 0 [5240/10000 (52%)] Loss: 22.06486 = L_Mnfld: 6.94509 + L_NonMnfld: 11.41965 + L_Nrml: 0.00000 + L_Eknl: 3.44402 + L_Div: 0.00000 + L_Morse: 0.25610
Epoch: 0 [5240/10000 (52%)] Unweighted L_s : L_Mnfld: 0.00099,  L_NonMnfld: 0.01903,  L_Nrml: 0.00000,  L_Eknl: 0.06888, L_Morse: 2.56101

Weights: [7000.0, 600.0, 0, 50.0, 0.0, 0.1], lr=5.000e-05
Epoch: 0 [5250/10000 (52%)] Loss: 22.73501 = L_Mnfld: 6.84446 + L_NonMnfld: 12.17373 + L_Nrml: 0.00000 + L_Eknl: 3.45596 + L_Div: 0.00000 + L_Morse: 0.26087
Epoch: 0 [5250/10000 (52%)] Unweighted L_s : L_Mnfld: 0.00098,  L_NonMnfld: 0.02029,  L_Nrml: 0.00000,  L_Eknl: 0.06912, L_Morse: 2.60866

Weights: [7000.0, 600.0, 0, 50.0, 0.0, 0.1], lr=5.000e-05
Epoch: 0 [5260/10000 (53%)] Loss: 21.41310 = L_Mnfld: 6.43035 + L_NonMnfld: 11.35890 + L_Nrml: 0.00000 + L_Eknl: 3.37886 + L_Div: 0.00000 + L_Morse: 0.24498
Epoch: 0 [5260/10000 (53%)] Unweighted L_s : L_Mnfld: 0.00092,  L_NonMnfld: 0.01893,  L_Nrml: 0.00000,  L_Eknl: 0.06758, L_Morse: 2.44980

Weights: [7000.0, 600.0, 0, 50.0, 0.0, 0.1], lr=5.000e-05
Epoch: 0 [5270/10000 (53%)] Loss: 23.06950 = L_Mnfld: 7.12912 + L_NonMnfld: 12.13407 + L_Nrml: 0.00000 + L_Eknl: 3.54041 + L_Div: 0.00000 + L_Morse: 0.26589
Epoch: 0 [5270/10000 (53%)] Unweighted L_s : L_Mnfld: 0.00102,  L_NonMnfld: 0.02022,  L_Nrml: 0.00000,  L_Eknl: 0.07081, L_Morse: 2.65894

Weights: [7000.0, 600.0, 0, 50.0, 0.0, 0.1], lr=5.000e-05
Epoch: 0 [5280/10000 (53%)] Loss: 22.55507 = L_Mnfld: 6.96032 + L_NonMnfld: 11.55518 + L_Nrml: 0.00000 + L_Eknl: 3.75325 + L_Div: 0.00000 + L_Morse: 0.28632
Epoch: 0 [5280/10000 (53%)] Unweighted L_s : L_Mnfld: 0.00099,  L_NonMnfld: 0.01926,  L_Nrml: 0.00000,  L_Eknl: 0.07507, L_Morse: 2.86317

Weights: [7000.0, 600.0, 0, 50.0, 0.0, 0.1], lr=5.000e-05
Epoch: 0 [5290/10000 (53%)] Loss: 21.43454 = L_Mnfld: 7.00035 + L_NonMnfld: 10.60577 + L_Nrml: 0.00000 + L_Eknl: 3.56623 + L_Div: 0.00000 + L_Morse: 0.26218
Epoch: 0 [5290/10000 (53%)] Unweighted L_s : L_Mnfld: 0.00100,  L_NonMnfld: 0.01768,  L_Nrml: 0.00000,  L_Eknl: 0.07132, L_Morse: 2.62182

Weights: [7000.0, 600.0, 0, 50.0, 0.0, 0.1], lr=5.000e-05
Epoch: 0 [5300/10000 (53%)] Loss: 22.03376 = L_Mnfld: 6.72987 + L_NonMnfld: 11.68625 + L_Nrml: 0.00000 + L_Eknl: 3.36305 + L_Div: 0.00000 + L_Morse: 0.25458
Epoch: 0 [5300/10000 (53%)] Unweighted L_s : L_Mnfld: 0.00096,  L_NonMnfld: 0.01948,  L_Nrml: 0.00000,  L_Eknl: 0.06726, L_Morse: 2.54585

Weights: [7000.0, 600.0, 0, 50.0, 0.0, 0.1], lr=5.000e-05
Epoch: 0 [5310/10000 (53%)] Loss: 22.21531 = L_Mnfld: 6.55819 + L_NonMnfld: 12.06813 + L_Nrml: 0.00000 + L_Eknl: 3.33798 + L_Div: 0.00000 + L_Morse: 0.25100
Epoch: 0 [5310/10000 (53%)] Unweighted L_s : L_Mnfld: 0.00094,  L_NonMnfld: 0.02011,  L_Nrml: 0.00000,  L_Eknl: 0.06676, L_Morse: 2.51004

Weights: [7000.0, 600.0, 0, 50.0, 0.0, 0.1], lr=5.000e-05
Epoch: 0 [5320/10000 (53%)] Loss: 21.34310 = L_Mnfld: 6.38949 + L_NonMnfld: 11.32871 + L_Nrml: 0.00000 + L_Eknl: 3.35633 + L_Div: 0.00000 + L_Morse: 0.26857
Epoch: 0 [5320/10000 (53%)] Unweighted L_s : L_Mnfld: 0.00091,  L_NonMnfld: 0.01888,  L_Nrml: 0.00000,  L_Eknl: 0.06713, L_Morse: 2.68574

Weights: [7000.0, 600.0, 0, 50.0, 0.0, 0.1], lr=5.000e-05
Epoch: 0 [5330/10000 (53%)] Loss: 22.14466 = L_Mnfld: 6.41676 + L_NonMnfld: 12.04219 + L_Nrml: 0.00000 + L_Eknl: 3.43067 + L_Div: 0.00000 + L_Morse: 0.25504
Epoch: 0 [5330/10000 (53%)] Unweighted L_s : L_Mnfld: 0.00092,  L_NonMnfld: 0.02007,  L_Nrml: 0.00000,  L_Eknl: 0.06861, L_Morse: 2.55036

Weights: [7000.0, 600.0, 0, 50.0, 0.0, 0.1], lr=5.000e-05
Epoch: 0 [5340/10000 (53%)] Loss: 21.23960 = L_Mnfld: 6.23651 + L_NonMnfld: 11.38508 + L_Nrml: 0.00000 + L_Eknl: 3.35038 + L_Div: 0.00000 + L_Morse: 0.26763
Epoch: 0 [5340/10000 (53%)] Unweighted L_s : L_Mnfld: 0.00089,  L_NonMnfld: 0.01898,  L_Nrml: 0.00000,  L_Eknl: 0.06701, L_Morse: 2.67631

Weights: [7000.0, 600.0, 0, 50.0, 0.0, 0.1], lr=5.000e-05
Epoch: 0 [5350/10000 (54%)] Loss: 20.10358 = L_Mnfld: 6.37947 + L_NonMnfld: 10.10447 + L_Nrml: 0.00000 + L_Eknl: 3.34419 + L_Div: 0.00000 + L_Morse: 0.27545
Epoch: 0 [5350/10000 (54%)] Unweighted L_s : L_Mnfld: 0.00091,  L_NonMnfld: 0.01684,  L_Nrml: 0.00000,  L_Eknl: 0.06688, L_Morse: 2.75446

Weights: [7000.0, 600.0, 0, 50.0, 0.0, 0.1], lr=5.000e-05
Epoch: 0 [5360/10000 (54%)] Loss: 23.18617 = L_Mnfld: 6.84994 + L_NonMnfld: 12.63971 + L_Nrml: 0.00000 + L_Eknl: 3.43009 + L_Div: 0.00000 + L_Morse: 0.26643
Epoch: 0 [5360/10000 (54%)] Unweighted L_s : L_Mnfld: 0.00098,  L_NonMnfld: 0.02107,  L_Nrml: 0.00000,  L_Eknl: 0.06860, L_Morse: 2.66432

Weights: [7000.0, 600.0, 0, 50.0, 0.0, 0.1], lr=5.000e-05
Epoch: 0 [5370/10000 (54%)] Loss: 22.09741 = L_Mnfld: 6.49370 + L_NonMnfld: 11.96285 + L_Nrml: 0.00000 + L_Eknl: 3.37178 + L_Div: 0.00000 + L_Morse: 0.26909
Epoch: 0 [5370/10000 (54%)] Unweighted L_s : L_Mnfld: 0.00093,  L_NonMnfld: 0.01994,  L_Nrml: 0.00000,  L_Eknl: 0.06744, L_Morse: 2.69089

Weights: [7000.0, 600.0, 0, 50.0, 0.0, 0.1], lr=5.000e-05
Epoch: 0 [5380/10000 (54%)] Loss: 21.56843 = L_Mnfld: 6.68589 + L_NonMnfld: 11.21988 + L_Nrml: 0.00000 + L_Eknl: 3.39158 + L_Div: 0.00000 + L_Morse: 0.27108
Epoch: 0 [5380/10000 (54%)] Unweighted L_s : L_Mnfld: 0.00096,  L_NonMnfld: 0.01870,  L_Nrml: 0.00000,  L_Eknl: 0.06783, L_Morse: 2.71080

Weights: [7000.0, 600.0, 0, 50.0, 0.0, 0.1], lr=5.000e-05
Epoch: 0 [5390/10000 (54%)] Loss: 23.55806 = L_Mnfld: 7.53033 + L_NonMnfld: 12.03196 + L_Nrml: 0.00000 + L_Eknl: 3.72979 + L_Div: 0.00000 + L_Morse: 0.26597
Epoch: 0 [5390/10000 (54%)] Unweighted L_s : L_Mnfld: 0.00108,  L_NonMnfld: 0.02005,  L_Nrml: 0.00000,  L_Eknl: 0.07460, L_Morse: 2.65966

Weights: [7000.0, 600.0, 0, 50.0, 0.0, 0.1], lr=5.000e-05
Epoch: 0 [5400/10000 (54%)] Loss: 23.13033 = L_Mnfld: 7.25277 + L_NonMnfld: 11.98791 + L_Nrml: 0.00000 + L_Eknl: 3.61542 + L_Div: 0.00000 + L_Morse: 0.27423
Epoch: 0 [5400/10000 (54%)] Unweighted L_s : L_Mnfld: 0.00104,  L_NonMnfld: 0.01998,  L_Nrml: 0.00000,  L_Eknl: 0.07231, L_Morse: 2.74227

Weights: [7000.0, 600.0, 0, 50.0, 0.0, 0.1], lr=5.000e-05
Epoch: 0 [5410/10000 (54%)] Loss: 23.63120 = L_Mnfld: 8.00689 + L_NonMnfld: 11.57961 + L_Nrml: 0.00000 + L_Eknl: 3.76704 + L_Div: 0.00000 + L_Morse: 0.27766
Epoch: 0 [5410/10000 (54%)] Unweighted L_s : L_Mnfld: 0.00114,  L_NonMnfld: 0.01930,  L_Nrml: 0.00000,  L_Eknl: 0.07534, L_Morse: 2.77658

Weights: [7000.0, 600.0, 0, 50.0, 0.0, 0.1], lr=5.000e-05
Epoch: 0 [5420/10000 (54%)] Loss: 23.83677 = L_Mnfld: 7.66572 + L_NonMnfld: 12.44743 + L_Nrml: 0.00000 + L_Eknl: 3.45691 + L_Div: 0.00000 + L_Morse: 0.26670
Epoch: 0 [5420/10000 (54%)] Unweighted L_s : L_Mnfld: 0.00110,  L_NonMnfld: 0.02075,  L_Nrml: 0.00000,  L_Eknl: 0.06914, L_Morse: 2.66697

Weights: [7000.0, 600.0, 0, 50.0, 0.0, 0.1], lr=5.000e-05
Epoch: 0 [5430/10000 (54%)] Loss: 23.12428 = L_Mnfld: 7.38275 + L_NonMnfld: 12.07529 + L_Nrml: 0.00000 + L_Eknl: 3.40872 + L_Div: 0.00000 + L_Morse: 0.25751
Epoch: 0 [5430/10000 (54%)] Unweighted L_s : L_Mnfld: 0.00105,  L_NonMnfld: 0.02013,  L_Nrml: 0.00000,  L_Eknl: 0.06817, L_Morse: 2.57513

Weights: [7000.0, 600.0, 0, 50.0, 0.0, 0.1], lr=5.000e-05
Epoch: 0 [5440/10000 (54%)] Loss: 22.74925 = L_Mnfld: 6.90868 + L_NonMnfld: 12.08309 + L_Nrml: 0.00000 + L_Eknl: 3.49086 + L_Div: 0.00000 + L_Morse: 0.26662
Epoch: 0 [5440/10000 (54%)] Unweighted L_s : L_Mnfld: 0.00099,  L_NonMnfld: 0.02014,  L_Nrml: 0.00000,  L_Eknl: 0.06982, L_Morse: 2.66620

Weights: [7000.0, 600.0, 0, 50.0, 0.0, 0.1], lr=5.000e-05
Epoch: 0 [5450/10000 (54%)] Loss: 23.09794 = L_Mnfld: 6.99708 + L_NonMnfld: 12.40896 + L_Nrml: 0.00000 + L_Eknl: 3.43079 + L_Div: 0.00000 + L_Morse: 0.26110
Epoch: 0 [5450/10000 (54%)] Unweighted L_s : L_Mnfld: 0.00100,  L_NonMnfld: 0.02068,  L_Nrml: 0.00000,  L_Eknl: 0.06862, L_Morse: 2.61104

Weights: [7000.0, 600.0, 0, 50.0, 0.0, 0.1], lr=5.000e-05
Epoch: 0 [5460/10000 (55%)] Loss: 22.00104 = L_Mnfld: 6.90308 + L_NonMnfld: 11.41307 + L_Nrml: 0.00000 + L_Eknl: 3.40226 + L_Div: 0.00000 + L_Morse: 0.28263
Epoch: 0 [5460/10000 (55%)] Unweighted L_s : L_Mnfld: 0.00099,  L_NonMnfld: 0.01902,  L_Nrml: 0.00000,  L_Eknl: 0.06805, L_Morse: 2.82632

Weights: [7000.0, 600.0, 0, 50.0, 0.0, 0.1], lr=5.000e-05
Epoch: 0 [5470/10000 (55%)] Loss: 21.13174 = L_Mnfld: 6.59741 + L_NonMnfld: 10.95775 + L_Nrml: 0.00000 + L_Eknl: 3.31037 + L_Div: 0.00000 + L_Morse: 0.26620
Epoch: 0 [5470/10000 (55%)] Unweighted L_s : L_Mnfld: 0.00094,  L_NonMnfld: 0.01826,  L_Nrml: 0.00000,  L_Eknl: 0.06621, L_Morse: 2.66203

Weights: [7000.0, 600.0, 0, 50.0, 0.0, 0.1], lr=5.000e-05
Epoch: 0 [5480/10000 (55%)] Loss: 22.68117 = L_Mnfld: 6.94160 + L_NonMnfld: 12.19188 + L_Nrml: 0.00000 + L_Eknl: 3.26399 + L_Div: 0.00000 + L_Morse: 0.28371
Epoch: 0 [5480/10000 (55%)] Unweighted L_s : L_Mnfld: 0.00099,  L_NonMnfld: 0.02032,  L_Nrml: 0.00000,  L_Eknl: 0.06528, L_Morse: 2.83708

Weights: [7000.0, 600.0, 0, 50.0, 0.0, 0.1], lr=5.000e-05
Epoch: 0 [5490/10000 (55%)] Loss: 21.94406 = L_Mnfld: 7.02973 + L_NonMnfld: 11.29826 + L_Nrml: 0.00000 + L_Eknl: 3.33366 + L_Div: 0.00000 + L_Morse: 0.28241
Epoch: 0 [5490/10000 (55%)] Unweighted L_s : L_Mnfld: 0.00100,  L_NonMnfld: 0.01883,  L_Nrml: 0.00000,  L_Eknl: 0.06667, L_Morse: 2.82413

Weights: [7000.0, 600.0, 0, 50.0, 0.0, 0.1], lr=5.000e-05
Epoch: 0 [5500/10000 (55%)] Loss: 21.30629 = L_Mnfld: 6.59870 + L_NonMnfld: 11.10903 + L_Nrml: 0.00000 + L_Eknl: 3.30708 + L_Div: 0.00000 + L_Morse: 0.29148
Epoch: 0 [5500/10000 (55%)] Unweighted L_s : L_Mnfld: 0.00094,  L_NonMnfld: 0.01852,  L_Nrml: 0.00000,  L_Eknl: 0.06614, L_Morse: 2.91482

Weights: [7000.0, 600.0, 0, 50.0, 0.0, 0.1], lr=5.000e-05
Epoch: 0 [5510/10000 (55%)] Loss: 22.50139 = L_Mnfld: 6.94276 + L_NonMnfld: 12.00332 + L_Nrml: 0.00000 + L_Eknl: 3.25590 + L_Div: 0.00000 + L_Morse: 0.29941
Epoch: 0 [5510/10000 (55%)] Unweighted L_s : L_Mnfld: 0.00099,  L_NonMnfld: 0.02001,  L_Nrml: 0.00000,  L_Eknl: 0.06512, L_Morse: 2.99414

Weights: [7000.0, 600.0, 0, 50.0, 0.0, 0.1], lr=5.000e-05
Epoch: 0 [5520/10000 (55%)] Loss: 22.83341 = L_Mnfld: 6.39632 + L_NonMnfld: 12.93991 + L_Nrml: 0.00000 + L_Eknl: 3.22926 + L_Div: 0.00000 + L_Morse: 0.26792
Epoch: 0 [5520/10000 (55%)] Unweighted L_s : L_Mnfld: 0.00091,  L_NonMnfld: 0.02157,  L_Nrml: 0.00000,  L_Eknl: 0.06459, L_Morse: 2.67920

Weights: [7000.0, 600.0, 0, 50.0, 0.0, 0.1], lr=5.000e-05
Epoch: 0 [5530/10000 (55%)] Loss: 22.34268 = L_Mnfld: 6.68911 + L_NonMnfld: 12.10121 + L_Nrml: 0.00000 + L_Eknl: 3.25493 + L_Div: 0.00000 + L_Morse: 0.29743
Epoch: 0 [5530/10000 (55%)] Unweighted L_s : L_Mnfld: 0.00096,  L_NonMnfld: 0.02017,  L_Nrml: 0.00000,  L_Eknl: 0.06510, L_Morse: 2.97429

Weights: [7000.0, 600.0, 0, 50.0, 0.0, 0.1], lr=5.000e-05
Epoch: 0 [5540/10000 (55%)] Loss: 23.19516 = L_Mnfld: 6.83167 + L_NonMnfld: 12.70863 + L_Nrml: 0.00000 + L_Eknl: 3.37649 + L_Div: 0.00000 + L_Morse: 0.27837
Epoch: 0 [5540/10000 (55%)] Unweighted L_s : L_Mnfld: 0.00098,  L_NonMnfld: 0.02118,  L_Nrml: 0.00000,  L_Eknl: 0.06753, L_Morse: 2.78370

Weights: [7000.0, 600.0, 0, 50.0, 0.0, 0.1], lr=5.000e-05
Epoch: 0 [5550/10000 (56%)] Loss: 21.61337 = L_Mnfld: 6.66939 + L_NonMnfld: 11.31009 + L_Nrml: 0.00000 + L_Eknl: 3.34217 + L_Div: 0.00000 + L_Morse: 0.29171
Epoch: 0 [5550/10000 (56%)] Unweighted L_s : L_Mnfld: 0.00095,  L_NonMnfld: 0.01885,  L_Nrml: 0.00000,  L_Eknl: 0.06684, L_Morse: 2.91714

Weights: [7000.0, 600.0, 0, 50.0, 0.0, 0.1], lr=5.000e-05
Epoch: 0 [5560/10000 (56%)] Loss: 21.87087 = L_Mnfld: 6.64886 + L_NonMnfld: 11.78047 + L_Nrml: 0.00000 + L_Eknl: 3.17147 + L_Div: 0.00000 + L_Morse: 0.27007
Epoch: 0 [5560/10000 (56%)] Unweighted L_s : L_Mnfld: 0.00095,  L_NonMnfld: 0.01963,  L_Nrml: 0.00000,  L_Eknl: 0.06343, L_Morse: 2.70065

Weights: [7000.0, 600.0, 0, 50.0, 0.0, 0.1], lr=5.000e-05
Epoch: 0 [5570/10000 (56%)] Loss: 22.14098 = L_Mnfld: 6.80255 + L_NonMnfld: 11.71926 + L_Nrml: 0.00000 + L_Eknl: 3.33382 + L_Div: 0.00000 + L_Morse: 0.28535
Epoch: 0 [5570/10000 (56%)] Unweighted L_s : L_Mnfld: 0.00097,  L_NonMnfld: 0.01953,  L_Nrml: 0.00000,  L_Eknl: 0.06668, L_Morse: 2.85351

Weights: [7000.0, 600.0, 0, 50.0, 0.0, 0.1], lr=5.000e-05
Epoch: 0 [5580/10000 (56%)] Loss: 22.37144 = L_Mnfld: 6.75362 + L_NonMnfld: 11.99954 + L_Nrml: 0.00000 + L_Eknl: 3.33874 + L_Div: 0.00000 + L_Morse: 0.27954
Epoch: 0 [5580/10000 (56%)] Unweighted L_s : L_Mnfld: 0.00096,  L_NonMnfld: 0.02000,  L_Nrml: 0.00000,  L_Eknl: 0.06677, L_Morse: 2.79544

Weights: [7000.0, 600.0, 0, 50.0, 0.0, 0.1], lr=5.000e-05
Epoch: 0 [5590/10000 (56%)] Loss: 23.17145 = L_Mnfld: 6.85120 + L_NonMnfld: 12.74903 + L_Nrml: 0.00000 + L_Eknl: 3.28868 + L_Div: 0.00000 + L_Morse: 0.28254
Epoch: 0 [5590/10000 (56%)] Unweighted L_s : L_Mnfld: 0.00098,  L_NonMnfld: 0.02125,  L_Nrml: 0.00000,  L_Eknl: 0.06577, L_Morse: 2.82539

Weights: [7000.0, 600.0, 0, 50.0, 0.0, 0.1], lr=5.000e-05
Epoch: 0 [5600/10000 (56%)] Loss: 21.84606 = L_Mnfld: 6.79299 + L_NonMnfld: 11.44494 + L_Nrml: 0.00000 + L_Eknl: 3.33038 + L_Div: 0.00000 + L_Morse: 0.27775
Epoch: 0 [5600/10000 (56%)] Unweighted L_s : L_Mnfld: 0.00097,  L_NonMnfld: 0.01907,  L_Nrml: 0.00000,  L_Eknl: 0.06661, L_Morse: 2.77753

Weights: [7000.0, 600.0, 0, 50.0, 0.0, 0.1], lr=5.000e-05
Epoch: 0 [5610/10000 (56%)] Loss: 23.30127 = L_Mnfld: 7.56111 + L_NonMnfld: 11.98512 + L_Nrml: 0.00000 + L_Eknl: 3.47677 + L_Div: 0.00000 + L_Morse: 0.27827
Epoch: 0 [5610/10000 (56%)] Unweighted L_s : L_Mnfld: 0.00108,  L_NonMnfld: 0.01998,  L_Nrml: 0.00000,  L_Eknl: 0.06954, L_Morse: 2.78274

Weights: [7000.0, 600.0, 0, 50.0, 0.0, 0.1], lr=5.000e-05
Epoch: 0 [5620/10000 (56%)] Loss: 23.67311 = L_Mnfld: 7.77965 + L_NonMnfld: 12.22860 + L_Nrml: 0.00000 + L_Eknl: 3.38918 + L_Div: 0.00000 + L_Morse: 0.27568
Epoch: 0 [5620/10000 (56%)] Unweighted L_s : L_Mnfld: 0.00111,  L_NonMnfld: 0.02038,  L_Nrml: 0.00000,  L_Eknl: 0.06778, L_Morse: 2.75676

Weights: [7000.0, 600.0, 0, 50.0, 0.0, 0.1], lr=5.000e-05
Epoch: 0 [5630/10000 (56%)] Loss: 23.08411 = L_Mnfld: 7.73777 + L_NonMnfld: 11.80954 + L_Nrml: 0.00000 + L_Eknl: 3.26766 + L_Div: 0.00000 + L_Morse: 0.26914
Epoch: 0 [5630/10000 (56%)] Unweighted L_s : L_Mnfld: 0.00111,  L_NonMnfld: 0.01968,  L_Nrml: 0.00000,  L_Eknl: 0.06535, L_Morse: 2.69145

Weights: [7000.0, 600.0, 0, 50.0, 0.0, 0.1], lr=5.000e-05
Epoch: 0 [5640/10000 (56%)] Loss: 22.87473 = L_Mnfld: 7.31616 + L_NonMnfld: 11.81584 + L_Nrml: 0.00000 + L_Eknl: 3.45500 + L_Div: 0.00000 + L_Morse: 0.28772
Epoch: 0 [5640/10000 (56%)] Unweighted L_s : L_Mnfld: 0.00105,  L_NonMnfld: 0.01969,  L_Nrml: 0.00000,  L_Eknl: 0.06910, L_Morse: 2.87719

Weights: [7000.0, 600.0, 0, 50.0, 0.0, 0.1], lr=5.000e-05
Epoch: 0 [5650/10000 (56%)] Loss: 22.61357 = L_Mnfld: 7.31527 + L_NonMnfld: 11.59646 + L_Nrml: 0.00000 + L_Eknl: 3.39790 + L_Div: 0.00000 + L_Morse: 0.30394
Epoch: 0 [5650/10000 (56%)] Unweighted L_s : L_Mnfld: 0.00105,  L_NonMnfld: 0.01933,  L_Nrml: 0.00000,  L_Eknl: 0.06796, L_Morse: 3.03942

Weights: [7000.0, 600.0, 0, 50.0, 0.0, 0.1], lr=5.000e-05
Epoch: 0 [5660/10000 (57%)] Loss: 22.47216 = L_Mnfld: 6.77379 + L_NonMnfld: 12.10160 + L_Nrml: 0.00000 + L_Eknl: 3.30752 + L_Div: 0.00000 + L_Morse: 0.28925
Epoch: 0 [5660/10000 (57%)] Unweighted L_s : L_Mnfld: 0.00097,  L_NonMnfld: 0.02017,  L_Nrml: 0.00000,  L_Eknl: 0.06615, L_Morse: 2.89253

Weights: [7000.0, 600.0, 0, 50.0, 0.0, 0.1], lr=5.000e-05
Epoch: 0 [5670/10000 (57%)] Loss: 22.98462 = L_Mnfld: 7.48577 + L_NonMnfld: 11.77994 + L_Nrml: 0.00000 + L_Eknl: 3.42513 + L_Div: 0.00000 + L_Morse: 0.29379
Epoch: 0 [5670/10000 (57%)] Unweighted L_s : L_Mnfld: 0.00107,  L_NonMnfld: 0.01963,  L_Nrml: 0.00000,  L_Eknl: 0.06850, L_Morse: 2.93789

Weights: [7000.0, 600.0, 0, 50.0, 0.0, 0.1], lr=5.000e-05
Epoch: 0 [5680/10000 (57%)] Loss: 22.77548 = L_Mnfld: 7.12694 + L_NonMnfld: 11.79421 + L_Nrml: 0.00000 + L_Eknl: 3.56745 + L_Div: 0.00000 + L_Morse: 0.28688
Epoch: 0 [5680/10000 (57%)] Unweighted L_s : L_Mnfld: 0.00102,  L_NonMnfld: 0.01966,  L_Nrml: 0.00000,  L_Eknl: 0.07135, L_Morse: 2.86880

Weights: [7000.0, 600.0, 0, 50.0, 0.0, 0.1], lr=5.000e-05
Epoch: 0 [5690/10000 (57%)] Loss: 22.53405 = L_Mnfld: 7.08592 + L_NonMnfld: 11.65806 + L_Nrml: 0.00000 + L_Eknl: 3.49935 + L_Div: 0.00000 + L_Morse: 0.29071
Epoch: 0 [5690/10000 (57%)] Unweighted L_s : L_Mnfld: 0.00101,  L_NonMnfld: 0.01943,  L_Nrml: 0.00000,  L_Eknl: 0.06999, L_Morse: 2.90711

Weights: [7000.0, 600.0, 0, 50.0, 0.0, 0.1], lr=5.000e-05
Epoch: 0 [5700/10000 (57%)] Loss: 21.54578 = L_Mnfld: 6.77297 + L_NonMnfld: 11.19455 + L_Nrml: 0.00000 + L_Eknl: 3.29432 + L_Div: 0.00000 + L_Morse: 0.28394
Epoch: 0 [5700/10000 (57%)] Unweighted L_s : L_Mnfld: 0.00097,  L_NonMnfld: 0.01866,  L_Nrml: 0.00000,  L_Eknl: 0.06589, L_Morse: 2.83944

Weights: [7000.0, 600.0, 0, 50.0, 0.0, 0.1], lr=5.000e-05
Epoch: 0 [5710/10000 (57%)] Loss: 21.77823 = L_Mnfld: 6.61360 + L_NonMnfld: 11.58101 + L_Nrml: 0.00000 + L_Eknl: 3.29891 + L_Div: 0.00000 + L_Morse: 0.28471
Epoch: 0 [5710/10000 (57%)] Unweighted L_s : L_Mnfld: 0.00094,  L_NonMnfld: 0.01930,  L_Nrml: 0.00000,  L_Eknl: 0.06598, L_Morse: 2.84710

Weights: [7000.0, 600.0, 0, 50.0, 0.0, 0.1], lr=5.000e-05
Epoch: 0 [5720/10000 (57%)] Loss: 21.87349 = L_Mnfld: 6.69378 + L_NonMnfld: 11.68172 + L_Nrml: 0.00000 + L_Eknl: 3.21019 + L_Div: 0.00000 + L_Morse: 0.28780
Epoch: 0 [5720/10000 (57%)] Unweighted L_s : L_Mnfld: 0.00096,  L_NonMnfld: 0.01947,  L_Nrml: 0.00000,  L_Eknl: 0.06420, L_Morse: 2.87799

Weights: [7000.0, 600.0, 0, 50.0, 0.0, 0.1], lr=5.000e-05
Epoch: 0 [5730/10000 (57%)] Loss: 21.09486 = L_Mnfld: 6.52317 + L_NonMnfld: 11.05463 + L_Nrml: 0.00000 + L_Eknl: 3.22284 + L_Div: 0.00000 + L_Morse: 0.29421
Epoch: 0 [5730/10000 (57%)] Unweighted L_s : L_Mnfld: 0.00093,  L_NonMnfld: 0.01842,  L_Nrml: 0.00000,  L_Eknl: 0.06446, L_Morse: 2.94213

Weights: [7000.0, 600.0, 0, 50.0, 0.0, 0.1], lr=5.000e-05
Epoch: 0 [5740/10000 (57%)] Loss: 21.46186 = L_Mnfld: 6.59049 + L_NonMnfld: 11.25040 + L_Nrml: 0.00000 + L_Eknl: 3.32491 + L_Div: 0.00000 + L_Morse: 0.29606
Epoch: 0 [5740/10000 (57%)] Unweighted L_s : L_Mnfld: 0.00094,  L_NonMnfld: 0.01875,  L_Nrml: 0.00000,  L_Eknl: 0.06650, L_Morse: 2.96063

Weights: [7000.0, 600.0, 0, 50.0, 0.0, 0.1], lr=5.000e-05
Epoch: 0 [5750/10000 (58%)] Loss: 22.87995 = L_Mnfld: 7.10458 + L_NonMnfld: 12.02746 + L_Nrml: 0.00000 + L_Eknl: 3.45915 + L_Div: 0.00000 + L_Morse: 0.28875
Epoch: 0 [5750/10000 (58%)] Unweighted L_s : L_Mnfld: 0.00101,  L_NonMnfld: 0.02005,  L_Nrml: 0.00000,  L_Eknl: 0.06918, L_Morse: 2.88755

Weights: [7000.0, 600.0, 0, 50.0, 0.0, 0.1], lr=5.000e-05
Epoch: 0 [5760/10000 (58%)] Loss: 22.70705 = L_Mnfld: 7.05824 + L_NonMnfld: 12.11443 + L_Nrml: 0.00000 + L_Eknl: 3.24447 + L_Div: 0.00000 + L_Morse: 0.28991
Epoch: 0 [5760/10000 (58%)] Unweighted L_s : L_Mnfld: 0.00101,  L_NonMnfld: 0.02019,  L_Nrml: 0.00000,  L_Eknl: 0.06489, L_Morse: 2.89909

Weights: [7000.0, 600.0, 0, 50.0, 0.0, 0.1], lr=5.000e-05
Epoch: 0 [5770/10000 (58%)] Loss: 21.92576 = L_Mnfld: 6.75328 + L_NonMnfld: 11.57277 + L_Nrml: 0.00000 + L_Eknl: 3.30735 + L_Div: 0.00000 + L_Morse: 0.29236
Epoch: 0 [5770/10000 (58%)] Unweighted L_s : L_Mnfld: 0.00096,  L_NonMnfld: 0.01929,  L_Nrml: 0.00000,  L_Eknl: 0.06615, L_Morse: 2.92357

Weights: [7000.0, 600.0, 0, 50.0, 0.0, 0.1], lr=5.000e-05
Epoch: 0 [5780/10000 (58%)] Loss: 21.76004 = L_Mnfld: 6.68248 + L_NonMnfld: 11.59007 + L_Nrml: 0.00000 + L_Eknl: 3.19727 + L_Div: 0.00000 + L_Morse: 0.29022
Epoch: 0 [5780/10000 (58%)] Unweighted L_s : L_Mnfld: 0.00095,  L_NonMnfld: 0.01932,  L_Nrml: 0.00000,  L_Eknl: 0.06395, L_Morse: 2.90220

Weights: [7000.0, 600.0, 0, 50.0, 0.0, 0.1], lr=5.000e-05
Epoch: 0 [5790/10000 (58%)] Loss: 21.78285 = L_Mnfld: 6.69840 + L_NonMnfld: 11.70886 + L_Nrml: 0.00000 + L_Eknl: 3.08117 + L_Div: 0.00000 + L_Morse: 0.29443
Epoch: 0 [5790/10000 (58%)] Unweighted L_s : L_Mnfld: 0.00096,  L_NonMnfld: 0.01951,  L_Nrml: 0.00000,  L_Eknl: 0.06162, L_Morse: 2.94427

Weights: [7000.0, 600.0, 0, 50.0, 0.0, 0.1], lr=5.000e-05
Epoch: 0 [5800/10000 (58%)] Loss: 22.16984 = L_Mnfld: 6.38666 + L_NonMnfld: 12.30209 + L_Nrml: 0.00000 + L_Eknl: 3.20033 + L_Div: 0.00000 + L_Morse: 0.28075
Epoch: 0 [5800/10000 (58%)] Unweighted L_s : L_Mnfld: 0.00091,  L_NonMnfld: 0.02050,  L_Nrml: 0.00000,  L_Eknl: 0.06401, L_Morse: 2.80754

Weights: [7000.0, 600.0, 0, 50.0, 0.0, 0.1], lr=5.000e-05
Epoch: 0 [5810/10000 (58%)] Loss: 21.11649 = L_Mnfld: 6.30951 + L_NonMnfld: 11.46801 + L_Nrml: 0.00000 + L_Eknl: 3.04984 + L_Div: 0.00000 + L_Morse: 0.28913
Epoch: 0 [5810/10000 (58%)] Unweighted L_s : L_Mnfld: 0.00090,  L_NonMnfld: 0.01911,  L_Nrml: 0.00000,  L_Eknl: 0.06100, L_Morse: 2.89132

Weights: [7000.0, 600.0, 0, 50.0, 0.0, 0.1], lr=5.000e-05
Epoch: 0 [5820/10000 (58%)] Loss: 21.97021 = L_Mnfld: 6.83281 + L_NonMnfld: 11.74728 + L_Nrml: 0.00000 + L_Eknl: 3.10152 + L_Div: 0.00000 + L_Morse: 0.28860
Epoch: 0 [5820/10000 (58%)] Unweighted L_s : L_Mnfld: 0.00098,  L_NonMnfld: 0.01958,  L_Nrml: 0.00000,  L_Eknl: 0.06203, L_Morse: 2.88604

Weights: [7000.0, 600.0, 0, 50.0, 0.0, 0.1], lr=5.000e-05
Epoch: 0 [5830/10000 (58%)] Loss: 22.74789 = L_Mnfld: 7.05001 + L_NonMnfld: 12.08446 + L_Nrml: 0.00000 + L_Eknl: 3.31739 + L_Div: 0.00000 + L_Morse: 0.29602
Epoch: 0 [5830/10000 (58%)] Unweighted L_s : L_Mnfld: 0.00101,  L_NonMnfld: 0.02014,  L_Nrml: 0.00000,  L_Eknl: 0.06635, L_Morse: 2.96022

Weights: [7000.0, 600.0, 0, 50.0, 0.0, 0.1], lr=5.000e-05
Epoch: 0 [5840/10000 (58%)] Loss: 22.10457 = L_Mnfld: 7.09945 + L_NonMnfld: 11.36491 + L_Nrml: 0.00000 + L_Eknl: 3.34235 + L_Div: 0.00000 + L_Morse: 0.29786
Epoch: 0 [5840/10000 (58%)] Unweighted L_s : L_Mnfld: 0.00101,  L_NonMnfld: 0.01894,  L_Nrml: 0.00000,  L_Eknl: 0.06685, L_Morse: 2.97862

Weights: [7000.0, 600.0, 0, 50.0, 0.0, 0.1], lr=5.000e-05
Epoch: 0 [5850/10000 (58%)] Loss: 22.95897 = L_Mnfld: 7.53730 + L_NonMnfld: 11.74881 + L_Nrml: 0.00000 + L_Eknl: 3.38449 + L_Div: 0.00000 + L_Morse: 0.28836
Epoch: 0 [5850/10000 (58%)] Unweighted L_s : L_Mnfld: 0.00108,  L_NonMnfld: 0.01958,  L_Nrml: 0.00000,  L_Eknl: 0.06769, L_Morse: 2.88365

Weights: [7000.0, 600.0, 0, 50.0, 0.0, 0.1], lr=5.000e-05
Epoch: 0 [5860/10000 (59%)] Loss: 23.47916 = L_Mnfld: 7.47183 + L_NonMnfld: 12.25195 + L_Nrml: 0.00000 + L_Eknl: 3.46203 + L_Div: 0.00000 + L_Morse: 0.29335
Epoch: 0 [5860/10000 (59%)] Unweighted L_s : L_Mnfld: 0.00107,  L_NonMnfld: 0.02042,  L_Nrml: 0.00000,  L_Eknl: 0.06924, L_Morse: 2.93347

Weights: [7000.0, 600.0, 0, 50.0, 0.0, 0.1], lr=5.000e-05
Epoch: 0 [5870/10000 (59%)] Loss: 22.81410 = L_Mnfld: 7.69786 + L_NonMnfld: 11.50448 + L_Nrml: 0.00000 + L_Eknl: 3.32152 + L_Div: 0.00000 + L_Morse: 0.29024
Epoch: 0 [5870/10000 (59%)] Unweighted L_s : L_Mnfld: 0.00110,  L_NonMnfld: 0.01917,  L_Nrml: 0.00000,  L_Eknl: 0.06643, L_Morse: 2.90241

Weights: [7000.0, 600.0, 0, 50.0, 0.0, 0.1], lr=5.000e-05
Epoch: 0 [5880/10000 (59%)] Loss: 23.32248 = L_Mnfld: 7.18131 + L_NonMnfld: 12.64694 + L_Nrml: 0.00000 + L_Eknl: 3.21019 + L_Div: 0.00000 + L_Morse: 0.28404
Epoch: 0 [5880/10000 (59%)] Unweighted L_s : L_Mnfld: 0.00103,  L_NonMnfld: 0.02108,  L_Nrml: 0.00000,  L_Eknl: 0.06420, L_Morse: 2.84043

Weights: [7000.0, 600.0, 0, 50.0, 0.0, 0.1], lr=5.000e-05
Epoch: 0 [5890/10000 (59%)] Loss: 21.19061 = L_Mnfld: 6.75786 + L_NonMnfld: 10.91568 + L_Nrml: 0.00000 + L_Eknl: 3.22602 + L_Div: 0.00000 + L_Morse: 0.29105
Epoch: 0 [5890/10000 (59%)] Unweighted L_s : L_Mnfld: 0.00097,  L_NonMnfld: 0.01819,  L_Nrml: 0.00000,  L_Eknl: 0.06452, L_Morse: 2.91051

Weights: [7000.0, 600.0, 0, 50.0, 0.0, 0.1], lr=5.000e-05
Epoch: 0 [5900/10000 (59%)] Loss: 21.89708 = L_Mnfld: 6.68126 + L_NonMnfld: 11.78374 + L_Nrml: 0.00000 + L_Eknl: 3.13351 + L_Div: 0.00000 + L_Morse: 0.29856
Epoch: 0 [5900/10000 (59%)] Unweighted L_s : L_Mnfld: 0.00095,  L_NonMnfld: 0.01964,  L_Nrml: 0.00000,  L_Eknl: 0.06267, L_Morse: 2.98565

Weights: [7000.0, 600.0, 0, 50.0, 0.0, 0.1], lr=5.000e-05
Epoch: 0 [5910/10000 (59%)] Loss: 21.63646 = L_Mnfld: 7.33520 + L_NonMnfld: 10.68604 + L_Nrml: 0.00000 + L_Eknl: 3.32822 + L_Div: 0.00000 + L_Morse: 0.28700
Epoch: 0 [5910/10000 (59%)] Unweighted L_s : L_Mnfld: 0.00105,  L_NonMnfld: 0.01781,  L_Nrml: 0.00000,  L_Eknl: 0.06656, L_Morse: 2.87002

Weights: [7000.0, 600.0, 0, 50.0, 0.0, 0.1], lr=5.000e-05
Epoch: 0 [5920/10000 (59%)] Loss: 22.30445 = L_Mnfld: 8.00452 + L_NonMnfld: 10.58596 + L_Nrml: 0.00000 + L_Eknl: 3.40948 + L_Div: 0.00000 + L_Morse: 0.30449
Epoch: 0 [5920/10000 (59%)] Unweighted L_s : L_Mnfld: 0.00114,  L_NonMnfld: 0.01764,  L_Nrml: 0.00000,  L_Eknl: 0.06819, L_Morse: 3.04490

Weights: [7000.0, 600.0, 0, 50.0, 0.0, 0.1], lr=5.000e-05
Epoch: 0 [5930/10000 (59%)] Loss: 22.78143 = L_Mnfld: 7.25449 + L_NonMnfld: 11.94075 + L_Nrml: 0.00000 + L_Eknl: 3.29715 + L_Div: 0.00000 + L_Morse: 0.28904
Epoch: 0 [5930/10000 (59%)] Unweighted L_s : L_Mnfld: 0.00104,  L_NonMnfld: 0.01990,  L_Nrml: 0.00000,  L_Eknl: 0.06594, L_Morse: 2.89038

Weights: [7000.0, 600.0, 0, 50.0, 0.0, 0.1], lr=5.000e-05
Epoch: 0 [5940/10000 (59%)] Loss: 22.62452 = L_Mnfld: 7.17973 + L_NonMnfld: 11.87661 + L_Nrml: 0.00000 + L_Eknl: 3.27520 + L_Div: 0.00000 + L_Morse: 0.29298
Epoch: 0 [5940/10000 (59%)] Unweighted L_s : L_Mnfld: 0.00103,  L_NonMnfld: 0.01979,  L_Nrml: 0.00000,  L_Eknl: 0.06550, L_Morse: 2.92976

Weights: [7000.0, 600.0, 0, 50.0, 0.0, 0.1], lr=5.000e-05
Epoch: 0 [5950/10000 (60%)] Loss: 21.39693 = L_Mnfld: 7.13339 + L_NonMnfld: 10.84467 + L_Nrml: 0.00000 + L_Eknl: 3.10830 + L_Div: 0.00000 + L_Morse: 0.31057
Epoch: 0 [5950/10000 (60%)] Unweighted L_s : L_Mnfld: 0.00102,  L_NonMnfld: 0.01807,  L_Nrml: 0.00000,  L_Eknl: 0.06217, L_Morse: 3.10569

Weights: [7000.0, 600.0, 0, 50.0, 0.0, 0.1], lr=5.000e-05
Epoch: 0 [5960/10000 (60%)] Loss: 21.37382 = L_Mnfld: 6.78279 + L_NonMnfld: 11.08807 + L_Nrml: 0.00000 + L_Eknl: 3.20490 + L_Div: 0.00000 + L_Morse: 0.29806
Epoch: 0 [5960/10000 (60%)] Unweighted L_s : L_Mnfld: 0.00097,  L_NonMnfld: 0.01848,  L_Nrml: 0.00000,  L_Eknl: 0.06410, L_Morse: 2.98058

Weights: [7000.0, 600.0, 0, 50.0, 0.0, 0.1], lr=5.000e-05
Epoch: 0 [5970/10000 (60%)] Loss: 22.32608 = L_Mnfld: 7.34127 + L_NonMnfld: 11.51427 + L_Nrml: 0.00000 + L_Eknl: 3.17965 + L_Div: 0.00000 + L_Morse: 0.29089
Epoch: 0 [5970/10000 (60%)] Unweighted L_s : L_Mnfld: 0.00105,  L_NonMnfld: 0.01919,  L_Nrml: 0.00000,  L_Eknl: 0.06359, L_Morse: 2.90888

Weights: [7000.0, 600.0, 0, 50.0, 0.0, 0.1], lr=5.000e-05
Epoch: 0 [5980/10000 (60%)] Loss: 22.08519 = L_Mnfld: 7.46038 + L_NonMnfld: 10.78431 + L_Nrml: 0.00000 + L_Eknl: 3.52542 + L_Div: 0.00000 + L_Morse: 0.31508
Epoch: 0 [5980/10000 (60%)] Unweighted L_s : L_Mnfld: 0.00107,  L_NonMnfld: 0.01797,  L_Nrml: 0.00000,  L_Eknl: 0.07051, L_Morse: 3.15080

Weights: [7000.0, 600.0, 0, 50.0, 0.0, 0.1], lr=5.000e-05
Epoch: 0 [5990/10000 (60%)] Loss: 22.71242 = L_Mnfld: 7.74101 + L_NonMnfld: 11.00357 + L_Nrml: 0.00000 + L_Eknl: 3.65788 + L_Div: 0.00000 + L_Morse: 0.30995
Epoch: 0 [5990/10000 (60%)] Unweighted L_s : L_Mnfld: 0.00111,  L_NonMnfld: 0.01834,  L_Nrml: 0.00000,  L_Eknl: 0.07316, L_Morse: 3.09951

Weights: [7000.0, 600.0, 0, 50.0, 0.0, 0.1], lr=5.000e-05
Epoch: 0 [6000/10000 (60%)] Loss: 22.15127 = L_Mnfld: 7.10430 + L_NonMnfld: 11.54035 + L_Nrml: 0.00000 + L_Eknl: 3.20089 + L_Div: 0.00000 + L_Morse: 0.30573
Epoch: 0 [6000/10000 (60%)] Unweighted L_s : L_Mnfld: 0.00101,  L_NonMnfld: 0.01923,  L_Nrml: 0.00000,  L_Eknl: 0.06402, L_Morse: 3.05732

Weights: [7000.0, 600.0, 0, 50.0, 0.0, 0.1], lr=5.000e-05
Epoch: 0 [6010/10000 (60%)] Loss: 23.67535 = L_Mnfld: 6.65021 + L_NonMnfld: 13.44365 + L_Nrml: 0.00000 + L_Eknl: 3.27990 + L_Div: 0.00000 + L_Morse: 0.30160
Epoch: 0 [6010/10000 (60%)] Unweighted L_s : L_Mnfld: 0.00095,  L_NonMnfld: 0.02241,  L_Nrml: 0.00000,  L_Eknl: 0.06560, L_Morse: 3.01599

Weights: [7000.0, 600.0, 0, 50.0, 0.0, 0.1], lr=5.000e-05
Epoch: 0 [6020/10000 (60%)] Loss: 21.98137 = L_Mnfld: 7.28610 + L_NonMnfld: 11.04777 + L_Nrml: 0.00000 + L_Eknl: 3.34840 + L_Div: 0.00000 + L_Morse: 0.29910
Epoch: 0 [6020/10000 (60%)] Unweighted L_s : L_Mnfld: 0.00104,  L_NonMnfld: 0.01841,  L_Nrml: 0.00000,  L_Eknl: 0.06697, L_Morse: 2.99105

Weights: [7000.0, 600.0, 0, 50.0, 0.0, 0.1], lr=5.000e-05
Epoch: 0 [6030/10000 (60%)] Loss: 22.22607 = L_Mnfld: 6.84543 + L_NonMnfld: 11.85483 + L_Nrml: 0.00000 + L_Eknl: 3.22330 + L_Div: 0.00000 + L_Morse: 0.30251
Epoch: 0 [6030/10000 (60%)] Unweighted L_s : L_Mnfld: 0.00098,  L_NonMnfld: 0.01976,  L_Nrml: 0.00000,  L_Eknl: 0.06447, L_Morse: 3.02508

Weights: [7000.0, 600.0, 0, 50.0, 0.0, 0.1], lr=5.000e-05
Epoch: 0 [6040/10000 (60%)] Loss: 22.16052 = L_Mnfld: 7.19120 + L_NonMnfld: 11.45736 + L_Nrml: 0.00000 + L_Eknl: 3.22310 + L_Div: 0.00000 + L_Morse: 0.28886
Epoch: 0 [6040/10000 (60%)] Unweighted L_s : L_Mnfld: 0.00103,  L_NonMnfld: 0.01910,  L_Nrml: 0.00000,  L_Eknl: 0.06446, L_Morse: 2.88864

Weights: [7000.0, 600.0, 0, 50.0, 0.0, 0.1], lr=5.000e-05
Epoch: 0 [6050/10000 (60%)] Loss: 21.18862 = L_Mnfld: 7.08127 + L_NonMnfld: 10.60777 + L_Nrml: 0.00000 + L_Eknl: 3.19995 + L_Div: 0.00000 + L_Morse: 0.29963
Epoch: 0 [6050/10000 (60%)] Unweighted L_s : L_Mnfld: 0.00101,  L_NonMnfld: 0.01768,  L_Nrml: 0.00000,  L_Eknl: 0.06400, L_Morse: 2.99632

Weights: [7000.0, 600.0, 0, 50.0, 0.0, 0.1], lr=5.000e-05
Epoch: 0 [6060/10000 (61%)] Loss: 20.38220 = L_Mnfld: 6.91134 + L_NonMnfld: 9.99608 + L_Nrml: 0.00000 + L_Eknl: 3.18214 + L_Div: 0.00000 + L_Morse: 0.29264
Epoch: 0 [6060/10000 (61%)] Unweighted L_s : L_Mnfld: 0.00099,  L_NonMnfld: 0.01666,  L_Nrml: 0.00000,  L_Eknl: 0.06364, L_Morse: 2.92642

Weights: [7000.0, 600.0, 0, 50.0, 0.0, 0.1], lr=5.000e-05
Epoch: 0 [6070/10000 (61%)] Loss: 21.85487 = L_Mnfld: 6.81658 + L_NonMnfld: 11.63574 + L_Nrml: 0.00000 + L_Eknl: 3.09877 + L_Div: 0.00000 + L_Morse: 0.30378
Epoch: 0 [6070/10000 (61%)] Unweighted L_s : L_Mnfld: 0.00097,  L_NonMnfld: 0.01939,  L_Nrml: 0.00000,  L_Eknl: 0.06198, L_Morse: 3.03781

Weights: [7000.0, 600.0, 0, 50.0, 0.0, 0.1], lr=5.000e-05
Epoch: 0 [6080/10000 (61%)] Loss: 21.49307 = L_Mnfld: 7.06396 + L_NonMnfld: 11.02633 + L_Nrml: 0.00000 + L_Eknl: 3.10164 + L_Div: 0.00000 + L_Morse: 0.30114
Epoch: 0 [6080/10000 (61%)] Unweighted L_s : L_Mnfld: 0.00101,  L_NonMnfld: 0.01838,  L_Nrml: 0.00000,  L_Eknl: 0.06203, L_Morse: 3.01138

Weights: [7000.0, 600.0, 0, 50.0, 0.0, 0.1], lr=5.000e-05
Epoch: 0 [6090/10000 (61%)] Loss: 22.92645 = L_Mnfld: 6.65906 + L_NonMnfld: 12.99065 + L_Nrml: 0.00000 + L_Eknl: 2.97773 + L_Div: 0.00000 + L_Morse: 0.29900
Epoch: 0 [6090/10000 (61%)] Unweighted L_s : L_Mnfld: 0.00095,  L_NonMnfld: 0.02165,  L_Nrml: 0.00000,  L_Eknl: 0.05955, L_Morse: 2.99001

Weights: [7000.0, 600.0, 0, 50.0, 0.0, 0.1], lr=5.000e-05
Epoch: 0 [6100/10000 (61%)] Loss: 22.00866 = L_Mnfld: 6.85624 + L_NonMnfld: 11.73359 + L_Nrml: 0.00000 + L_Eknl: 3.13045 + L_Div: 0.00000 + L_Morse: 0.28837
Epoch: 0 [6100/10000 (61%)] Unweighted L_s : L_Mnfld: 0.00098,  L_NonMnfld: 0.01956,  L_Nrml: 0.00000,  L_Eknl: 0.06261, L_Morse: 2.88373

Weights: [7000.0, 600.0, 0, 50.0, 0.0, 0.1], lr=5.000e-05
Epoch: 0 [6110/10000 (61%)] Loss: 21.16460 = L_Mnfld: 7.10586 + L_NonMnfld: 10.74577 + L_Nrml: 0.00000 + L_Eknl: 3.01248 + L_Div: 0.00000 + L_Morse: 0.30049
Epoch: 0 [6110/10000 (61%)] Unweighted L_s : L_Mnfld: 0.00102,  L_NonMnfld: 0.01791,  L_Nrml: 0.00000,  L_Eknl: 0.06025, L_Morse: 3.00489

Weights: [7000.0, 600.0, 0, 50.0, 0.0, 0.1], lr=5.000e-05
Epoch: 0 [6120/10000 (61%)] Loss: 21.06020 = L_Mnfld: 6.81366 + L_NonMnfld: 10.90173 + L_Nrml: 0.00000 + L_Eknl: 3.04820 + L_Div: 0.00000 + L_Morse: 0.29660
Epoch: 0 [6120/10000 (61%)] Unweighted L_s : L_Mnfld: 0.00097,  L_NonMnfld: 0.01817,  L_Nrml: 0.00000,  L_Eknl: 0.06096, L_Morse: 2.96600

Weights: [7000.0, 600.0, 0, 50.0, 0.0, 0.1], lr=5.000e-05
Epoch: 0 [6130/10000 (61%)] Loss: 21.40532 = L_Mnfld: 7.46666 + L_NonMnfld: 10.50136 + L_Nrml: 0.00000 + L_Eknl: 3.13577 + L_Div: 0.00000 + L_Morse: 0.30151
Epoch: 0 [6130/10000 (61%)] Unweighted L_s : L_Mnfld: 0.00107,  L_NonMnfld: 0.01750,  L_Nrml: 0.00000,  L_Eknl: 0.06272, L_Morse: 3.01514

Weights: [7000.0, 600.0, 0, 50.0, 0.0, 0.1], lr=5.000e-05
Epoch: 0 [6140/10000 (61%)] Loss: 21.65214 = L_Mnfld: 6.72802 + L_NonMnfld: 11.54312 + L_Nrml: 0.00000 + L_Eknl: 3.09129 + L_Div: 0.00000 + L_Morse: 0.28971
Epoch: 0 [6140/10000 (61%)] Unweighted L_s : L_Mnfld: 0.00096,  L_NonMnfld: 0.01924,  L_Nrml: 0.00000,  L_Eknl: 0.06183, L_Morse: 2.89709

Weights: [7000.0, 600.0, 0, 50.0, 0.0, 0.1], lr=5.000e-05
Epoch: 0 [6150/10000 (62%)] Loss: 22.29860 = L_Mnfld: 7.00984 + L_NonMnfld: 11.97401 + L_Nrml: 0.00000 + L_Eknl: 3.02038 + L_Div: 0.00000 + L_Morse: 0.29437
Epoch: 0 [6150/10000 (62%)] Unweighted L_s : L_Mnfld: 0.00100,  L_NonMnfld: 0.01996,  L_Nrml: 0.00000,  L_Eknl: 0.06041, L_Morse: 2.94366

Weights: [7000.0, 600.0, 0, 50.0, 0.0, 0.1], lr=5.000e-05
Epoch: 0 [6160/10000 (62%)] Loss: 20.88621 = L_Mnfld: 7.11163 + L_NonMnfld: 10.43881 + L_Nrml: 0.00000 + L_Eknl: 3.03605 + L_Div: 0.00000 + L_Morse: 0.29973
Epoch: 0 [6160/10000 (62%)] Unweighted L_s : L_Mnfld: 0.00102,  L_NonMnfld: 0.01740,  L_Nrml: 0.00000,  L_Eknl: 0.06072, L_Morse: 2.99725

Weights: [7000.0, 600.0, 0, 50.0, 0.0, 0.1], lr=5.000e-05
Epoch: 0 [6170/10000 (62%)] Loss: 22.49952 = L_Mnfld: 7.24210 + L_NonMnfld: 11.87341 + L_Nrml: 0.00000 + L_Eknl: 3.08180 + L_Div: 0.00000 + L_Morse: 0.30221
Epoch: 0 [6170/10000 (62%)] Unweighted L_s : L_Mnfld: 0.00103,  L_NonMnfld: 0.01979,  L_Nrml: 0.00000,  L_Eknl: 0.06164, L_Morse: 3.02209

Weights: [7000.0, 600.0, 0, 50.0, 0.0, 0.1], lr=5.000e-05
Epoch: 0 [6180/10000 (62%)] Loss: 23.58596 = L_Mnfld: 7.47956 + L_NonMnfld: 12.59153 + L_Nrml: 0.00000 + L_Eknl: 3.20194 + L_Div: 0.00000 + L_Morse: 0.31293
Epoch: 0 [6180/10000 (62%)] Unweighted L_s : L_Mnfld: 0.00107,  L_NonMnfld: 0.02099,  L_Nrml: 0.00000,  L_Eknl: 0.06404, L_Morse: 3.12928

Weights: [7000.0, 600.0, 0, 50.0, 0.0, 0.1], lr=5.000e-05
Epoch: 0 [6190/10000 (62%)] Loss: 21.46125 = L_Mnfld: 7.42426 + L_NonMnfld: 10.62046 + L_Nrml: 0.00000 + L_Eknl: 3.12404 + L_Div: 0.00000 + L_Morse: 0.29249
Epoch: 0 [6190/10000 (62%)] Unweighted L_s : L_Mnfld: 0.00106,  L_NonMnfld: 0.01770,  L_Nrml: 0.00000,  L_Eknl: 0.06248, L_Morse: 2.92493

Weights: [7000.0, 600.0, 0, 50.0, 0.0, 0.1], lr=5.000e-05
Epoch: 0 [6200/10000 (62%)] Loss: 22.34822 = L_Mnfld: 7.14266 + L_NonMnfld: 11.76021 + L_Nrml: 0.00000 + L_Eknl: 3.14702 + L_Div: 0.00000 + L_Morse: 0.29832
Epoch: 0 [6200/10000 (62%)] Unweighted L_s : L_Mnfld: 0.00102,  L_NonMnfld: 0.01960,  L_Nrml: 0.00000,  L_Eknl: 0.06294, L_Morse: 2.98323

Weights: [7000.0, 600.0, 0, 50.0, 0.0, 0.1], lr=5.000e-05
Epoch: 0 [6210/10000 (62%)] Loss: 22.61771 = L_Mnfld: 7.03958 + L_NonMnfld: 12.23593 + L_Nrml: 0.00000 + L_Eknl: 3.04729 + L_Div: 0.00000 + L_Morse: 0.29492
Epoch: 0 [6210/10000 (62%)] Unweighted L_s : L_Mnfld: 0.00101,  L_NonMnfld: 0.02039,  L_Nrml: 0.00000,  L_Eknl: 0.06095, L_Morse: 2.94919

Weights: [7000.0, 600.0, 0, 50.0, 0.0, 0.1], lr=5.000e-05
Epoch: 0 [6220/10000 (62%)] Loss: 22.23653 = L_Mnfld: 7.37854 + L_NonMnfld: 11.36809 + L_Nrml: 0.00000 + L_Eknl: 3.18293 + L_Div: 0.00000 + L_Morse: 0.30698
Epoch: 0 [6220/10000 (62%)] Unweighted L_s : L_Mnfld: 0.00105,  L_NonMnfld: 0.01895,  L_Nrml: 0.00000,  L_Eknl: 0.06366, L_Morse: 3.06981

Weights: [7000.0, 600.0, 0, 50.0, 0.0, 0.1], lr=5.000e-05
Epoch: 0 [6230/10000 (62%)] Loss: 21.62463 = L_Mnfld: 6.97878 + L_NonMnfld: 11.14609 + L_Nrml: 0.00000 + L_Eknl: 3.19922 + L_Div: 0.00000 + L_Morse: 0.30054
Epoch: 0 [6230/10000 (62%)] Unweighted L_s : L_Mnfld: 0.00100,  L_NonMnfld: 0.01858,  L_Nrml: 0.00000,  L_Eknl: 0.06398, L_Morse: 3.00542

Weights: [7000.0, 600.0, 0, 50.0, 0.0, 0.1], lr=5.000e-05
Epoch: 0 [6240/10000 (62%)] Loss: 23.09406 = L_Mnfld: 7.48558 + L_NonMnfld: 12.20525 + L_Nrml: 0.00000 + L_Eknl: 3.11142 + L_Div: 0.00000 + L_Morse: 0.29182
Epoch: 0 [6240/10000 (62%)] Unweighted L_s : L_Mnfld: 0.00107,  L_NonMnfld: 0.02034,  L_Nrml: 0.00000,  L_Eknl: 0.06223, L_Morse: 2.91818

Weights: [7000.0, 600.0, 0, 50.0, 0.0, 0.1], lr=5.000e-05
Epoch: 0 [6250/10000 (62%)] Loss: 21.90191 = L_Mnfld: 7.19568 + L_NonMnfld: 11.15141 + L_Nrml: 0.00000 + L_Eknl: 3.25176 + L_Div: 0.00000 + L_Morse: 0.30307
Epoch: 0 [6250/10000 (62%)] Unweighted L_s : L_Mnfld: 0.00103,  L_NonMnfld: 0.01859,  L_Nrml: 0.00000,  L_Eknl: 0.06504, L_Morse: 3.03071

Weights: [7000.0, 600.0, 0, 50.0, 0.0, 0.1], lr=5.000e-05
Epoch: 0 [6260/10000 (63%)] Loss: 21.63087 = L_Mnfld: 6.87720 + L_NonMnfld: 11.33851 + L_Nrml: 0.00000 + L_Eknl: 3.10631 + L_Div: 0.00000 + L_Morse: 0.30885
Epoch: 0 [6260/10000 (63%)] Unweighted L_s : L_Mnfld: 0.00098,  L_NonMnfld: 0.01890,  L_Nrml: 0.00000,  L_Eknl: 0.06213, L_Morse: 3.08847

Weights: [7000.0, 600.0, 0, 50.0, 0.0, 0.1], lr=5.000e-05
Epoch: 0 [6270/10000 (63%)] Loss: 21.26591 = L_Mnfld: 6.93188 + L_NonMnfld: 11.04589 + L_Nrml: 0.00000 + L_Eknl: 2.99599 + L_Div: 0.00000 + L_Morse: 0.29216
Epoch: 0 [6270/10000 (63%)] Unweighted L_s : L_Mnfld: 0.00099,  L_NonMnfld: 0.01841,  L_Nrml: 0.00000,  L_Eknl: 0.05992, L_Morse: 2.92158

Weights: [7000.0, 600.0, 0, 50.0, 0.0, 0.1], lr=5.000e-05
Epoch: 0 [6280/10000 (63%)] Loss: 20.81968 = L_Mnfld: 6.87639 + L_NonMnfld: 10.57986 + L_Nrml: 0.00000 + L_Eknl: 3.06448 + L_Div: 0.00000 + L_Morse: 0.29895
Epoch: 0 [6280/10000 (63%)] Unweighted L_s : L_Mnfld: 0.00098,  L_NonMnfld: 0.01763,  L_Nrml: 0.00000,  L_Eknl: 0.06129, L_Morse: 2.98948

Weights: [7000.0, 600.0, 0, 50.0, 0.0, 0.1], lr=5.000e-05
Epoch: 0 [6290/10000 (63%)] Loss: 21.23209 = L_Mnfld: 6.64719 + L_NonMnfld: 11.24333 + L_Nrml: 0.00000 + L_Eknl: 3.03315 + L_Div: 0.00000 + L_Morse: 0.30843
Epoch: 0 [6290/10000 (63%)] Unweighted L_s : L_Mnfld: 0.00095,  L_NonMnfld: 0.01874,  L_Nrml: 0.00000,  L_Eknl: 0.06066, L_Morse: 3.08431

Weights: [7000.0, 600.0, 0, 50.0, 0.0, 0.1], lr=5.000e-05
Epoch: 0 [6300/10000 (63%)] Loss: 21.12751 = L_Mnfld: 6.53399 + L_NonMnfld: 11.30548 + L_Nrml: 0.00000 + L_Eknl: 2.96905 + L_Div: 0.00000 + L_Morse: 0.31899
Epoch: 0 [6300/10000 (63%)] Unweighted L_s : L_Mnfld: 0.00093,  L_NonMnfld: 0.01884,  L_Nrml: 0.00000,  L_Eknl: 0.05938, L_Morse: 3.18993

Weights: [7000.0, 600.0, 0, 50.0, 0.0, 0.1], lr=5.000e-05
Epoch: 0 [6310/10000 (63%)] Loss: 21.42030 = L_Mnfld: 6.76031 + L_NonMnfld: 11.46546 + L_Nrml: 0.00000 + L_Eknl: 2.89030 + L_Div: 0.00000 + L_Morse: 0.30424
Epoch: 0 [6310/10000 (63%)] Unweighted L_s : L_Mnfld: 0.00097,  L_NonMnfld: 0.01911,  L_Nrml: 0.00000,  L_Eknl: 0.05781, L_Morse: 3.04237

Weights: [7000.0, 600.0, 0, 50.0, 0.0, 0.1], lr=5.000e-05
Epoch: 0 [6320/10000 (63%)] Loss: 20.84058 = L_Mnfld: 6.51227 + L_NonMnfld: 11.05613 + L_Nrml: 0.00000 + L_Eknl: 2.96811 + L_Div: 0.00000 + L_Morse: 0.30407
Epoch: 0 [6320/10000 (63%)] Unweighted L_s : L_Mnfld: 0.00093,  L_NonMnfld: 0.01843,  L_Nrml: 0.00000,  L_Eknl: 0.05936, L_Morse: 3.04074

Weights: [7000.0, 600.0, 0, 50.0, 0.0, 0.1], lr=5.000e-05
Epoch: 0 [6330/10000 (63%)] Loss: 22.32930 = L_Mnfld: 6.54168 + L_NonMnfld: 12.41300 + L_Nrml: 0.00000 + L_Eknl: 3.07106 + L_Div: 0.00000 + L_Morse: 0.30356
Epoch: 0 [6330/10000 (63%)] Unweighted L_s : L_Mnfld: 0.00093,  L_NonMnfld: 0.02069,  L_Nrml: 0.00000,  L_Eknl: 0.06142, L_Morse: 3.03557

Weights: [7000.0, 600.0, 0, 50.0, 0.0, 0.1], lr=5.000e-05
Epoch: 0 [6340/10000 (63%)] Loss: 21.65114 = L_Mnfld: 6.55499 + L_NonMnfld: 11.76184 + L_Nrml: 0.00000 + L_Eknl: 3.00645 + L_Div: 0.00000 + L_Morse: 0.32786
Epoch: 0 [6340/10000 (63%)] Unweighted L_s : L_Mnfld: 0.00094,  L_NonMnfld: 0.01960,  L_Nrml: 0.00000,  L_Eknl: 0.06013, L_Morse: 3.27857

Weights: [7000.0, 600.0, 0, 50.0, 0.0, 0.1], lr=5.000e-05
Epoch: 0 [6350/10000 (64%)] Loss: 20.85403 = L_Mnfld: 6.62621 + L_NonMnfld: 10.87769 + L_Nrml: 0.00000 + L_Eknl: 3.04305 + L_Div: 0.00000 + L_Morse: 0.30708
Epoch: 0 [6350/10000 (64%)] Unweighted L_s : L_Mnfld: 0.00095,  L_NonMnfld: 0.01813,  L_Nrml: 0.00000,  L_Eknl: 0.06086, L_Morse: 3.07079

Weights: [7000.0, 600.0, 0, 50.0, 0.0, 0.1], lr=5.000e-05
Epoch: 0 [6360/10000 (64%)] Loss: 21.81647 = L_Mnfld: 6.53609 + L_NonMnfld: 11.99639 + L_Nrml: 0.00000 + L_Eknl: 2.98215 + L_Div: 0.00000 + L_Morse: 0.30184
Epoch: 0 [6360/10000 (64%)] Unweighted L_s : L_Mnfld: 0.00093,  L_NonMnfld: 0.01999,  L_Nrml: 0.00000,  L_Eknl: 0.05964, L_Morse: 3.01840

Weights: [7000.0, 600.0, 0, 50.0, 0.0, 0.1], lr=5.000e-05
Epoch: 0 [6370/10000 (64%)] Loss: 21.94205 = L_Mnfld: 6.51162 + L_NonMnfld: 12.15969 + L_Nrml: 0.00000 + L_Eknl: 2.97424 + L_Div: 0.00000 + L_Morse: 0.29650
Epoch: 0 [6370/10000 (64%)] Unweighted L_s : L_Mnfld: 0.00093,  L_NonMnfld: 0.02027,  L_Nrml: 0.00000,  L_Eknl: 0.05948, L_Morse: 2.96504

Weights: [7000.0, 600.0, 0, 50.0, 0.0, 0.1], lr=5.000e-05
Epoch: 0 [6380/10000 (64%)] Loss: 22.25745 = L_Mnfld: 6.64841 + L_NonMnfld: 12.33827 + L_Nrml: 0.00000 + L_Eknl: 2.97442 + L_Div: 0.00000 + L_Morse: 0.29635
Epoch: 0 [6380/10000 (64%)] Unweighted L_s : L_Mnfld: 0.00095,  L_NonMnfld: 0.02056,  L_Nrml: 0.00000,  L_Eknl: 0.05949, L_Morse: 2.96354

Weights: [7000.0, 600.0, 0, 50.0, 0.0, 0.1], lr=5.000e-05
Epoch: 0 [6390/10000 (64%)] Loss: 20.94884 = L_Mnfld: 6.83933 + L_NonMnfld: 10.83116 + L_Nrml: 0.00000 + L_Eknl: 2.97281 + L_Div: 0.00000 + L_Morse: 0.30555
Epoch: 0 [6390/10000 (64%)] Unweighted L_s : L_Mnfld: 0.00098,  L_NonMnfld: 0.01805,  L_Nrml: 0.00000,  L_Eknl: 0.05946, L_Morse: 3.05546

Weights: [7000.0, 600.0, 0, 50.0, 0.0, 0.1], lr=5.000e-05
Epoch: 0 [6400/10000 (64%)] Loss: 21.55149 = L_Mnfld: 6.80316 + L_NonMnfld: 11.38199 + L_Nrml: 0.00000 + L_Eknl: 3.05169 + L_Div: 0.00000 + L_Morse: 0.31466
Epoch: 0 [6400/10000 (64%)] Unweighted L_s : L_Mnfld: 0.00097,  L_NonMnfld: 0.01897,  L_Nrml: 0.00000,  L_Eknl: 0.06103, L_Morse: 3.14658

Weights: [7000.0, 600.0, 0, 50.0, 0.0, 0.1], lr=5.000e-05
Epoch: 0 [6410/10000 (64%)] Loss: 20.18102 = L_Mnfld: 6.38739 + L_NonMnfld: 10.52114 + L_Nrml: 0.00000 + L_Eknl: 2.96161 + L_Div: 0.00000 + L_Morse: 0.31088
Epoch: 0 [6410/10000 (64%)] Unweighted L_s : L_Mnfld: 0.00091,  L_NonMnfld: 0.01754,  L_Nrml: 0.00000,  L_Eknl: 0.05923, L_Morse: 3.10877

Weights: [7000.0, 600.0, 0, 50.0, 0.0, 0.1], lr=5.000e-05
Epoch: 0 [6420/10000 (64%)] Loss: 21.86983 = L_Mnfld: 6.52577 + L_NonMnfld: 11.91314 + L_Nrml: 0.00000 + L_Eknl: 3.12645 + L_Div: 0.00000 + L_Morse: 0.30449
Epoch: 0 [6420/10000 (64%)] Unweighted L_s : L_Mnfld: 0.00093,  L_NonMnfld: 0.01986,  L_Nrml: 0.00000,  L_Eknl: 0.06253, L_Morse: 3.04487

Weights: [7000.0, 600.0, 0, 50.0, 0.0, 0.1], lr=5.000e-05
Epoch: 0 [6430/10000 (64%)] Loss: 21.81923 = L_Mnfld: 6.57615 + L_NonMnfld: 11.99308 + L_Nrml: 0.00000 + L_Eknl: 2.94246 + L_Div: 0.00000 + L_Morse: 0.30754
Epoch: 0 [6430/10000 (64%)] Unweighted L_s : L_Mnfld: 0.00094,  L_NonMnfld: 0.01999,  L_Nrml: 0.00000,  L_Eknl: 0.05885, L_Morse: 3.07544

Weights: [7000.0, 600.0, 0, 50.0, 0.0, 0.1], lr=5.000e-05
Epoch: 0 [6440/10000 (64%)] Loss: 22.11328 = L_Mnfld: 6.72549 + L_NonMnfld: 12.01520 + L_Nrml: 0.00000 + L_Eknl: 3.05947 + L_Div: 0.00000 + L_Morse: 0.31312
Epoch: 0 [6440/10000 (64%)] Unweighted L_s : L_Mnfld: 0.00096,  L_NonMnfld: 0.02003,  L_Nrml: 0.00000,  L_Eknl: 0.06119, L_Morse: 3.13116

Weights: [7000.0, 600.0, 0, 50.0, 0.0, 0.1], lr=5.000e-05
Epoch: 0 [6450/10000 (64%)] Loss: 21.99512 = L_Mnfld: 7.22027 + L_NonMnfld: 11.52890 + L_Nrml: 0.00000 + L_Eknl: 2.94497 + L_Div: 0.00000 + L_Morse: 0.30099
Epoch: 0 [6450/10000 (64%)] Unweighted L_s : L_Mnfld: 0.00103,  L_NonMnfld: 0.01921,  L_Nrml: 0.00000,  L_Eknl: 0.05890, L_Morse: 3.00987

Weights: [7000.0, 600.0, 0, 50.0, 0.0, 0.1], lr=5.000e-05
Epoch: 0 [6460/10000 (65%)] Loss: 21.75668 = L_Mnfld: 7.03562 + L_NonMnfld: 11.46326 + L_Nrml: 0.00000 + L_Eknl: 2.95416 + L_Div: 0.00000 + L_Morse: 0.30364
Epoch: 0 [6460/10000 (65%)] Unweighted L_s : L_Mnfld: 0.00101,  L_NonMnfld: 0.01911,  L_Nrml: 0.00000,  L_Eknl: 0.05908, L_Morse: 3.03645

Weights: [7000.0, 600.0, 0, 50.0, 0.0, 0.1], lr=5.000e-05
Epoch: 0 [6470/10000 (65%)] Loss: 21.03186 = L_Mnfld: 7.06413 + L_NonMnfld: 10.57384 + L_Nrml: 0.00000 + L_Eknl: 3.09121 + L_Div: 0.00000 + L_Morse: 0.30269
Epoch: 0 [6470/10000 (65%)] Unweighted L_s : L_Mnfld: 0.00101,  L_NonMnfld: 0.01762,  L_Nrml: 0.00000,  L_Eknl: 0.06182, L_Morse: 3.02686

Weights: [7000.0, 600.0, 0, 50.0, 0.0, 0.1], lr=5.000e-05
Epoch: 0 [6480/10000 (65%)] Loss: 20.82199 = L_Mnfld: 6.89058 + L_NonMnfld: 10.56458 + L_Nrml: 0.00000 + L_Eknl: 3.06886 + L_Div: 0.00000 + L_Morse: 0.29797
Epoch: 0 [6480/10000 (65%)] Unweighted L_s : L_Mnfld: 0.00098,  L_NonMnfld: 0.01761,  L_Nrml: 0.00000,  L_Eknl: 0.06138, L_Morse: 2.97967

Weights: [7000.0, 600.0, 0, 50.0, 0.0, 0.1], lr=5.000e-05
Epoch: 0 [6490/10000 (65%)] Loss: 22.42984 = L_Mnfld: 7.62696 + L_NonMnfld: 11.12676 + L_Nrml: 0.00000 + L_Eknl: 3.36065 + L_Div: 0.00000 + L_Morse: 0.31547
Epoch: 0 [6490/10000 (65%)] Unweighted L_s : L_Mnfld: 0.00109,  L_NonMnfld: 0.01854,  L_Nrml: 0.00000,  L_Eknl: 0.06721, L_Morse: 3.15471

Weights: [7000.0, 600.0, 0, 50.0, 0.0, 0.1], lr=5.000e-05
Epoch: 0 [6500/10000 (65%)] Loss: 22.45868 = L_Mnfld: 7.47171 + L_NonMnfld: 11.55743 + L_Nrml: 0.00000 + L_Eknl: 3.12195 + L_Div: 0.00000 + L_Morse: 0.30758
Epoch: 0 [6500/10000 (65%)] Unweighted L_s : L_Mnfld: 0.00107,  L_NonMnfld: 0.01926,  L_Nrml: 0.00000,  L_Eknl: 0.06244, L_Morse: 3.07585

Weights: [7000.0, 600.0, 0, 50.0, 0.0, 0.1], lr=5.000e-05
Epoch: 0 [6510/10000 (65%)] Loss: 21.18182 = L_Mnfld: 7.06250 + L_NonMnfld: 10.77842 + L_Nrml: 0.00000 + L_Eknl: 3.02853 + L_Div: 0.00000 + L_Morse: 0.31237
Epoch: 0 [6510/10000 (65%)] Unweighted L_s : L_Mnfld: 0.00101,  L_NonMnfld: 0.01796,  L_Nrml: 0.00000,  L_Eknl: 0.06057, L_Morse: 3.12373

Weights: [7000.0, 600.0, 0, 50.0, 0.0, 0.1], lr=5.000e-05
Epoch: 0 [6520/10000 (65%)] Loss: 21.85788 = L_Mnfld: 6.58867 + L_NonMnfld: 11.92815 + L_Nrml: 0.00000 + L_Eknl: 3.02785 + L_Div: 0.00000 + L_Morse: 0.31320
Epoch: 0 [6520/10000 (65%)] Unweighted L_s : L_Mnfld: 0.00094,  L_NonMnfld: 0.01988,  L_Nrml: 0.00000,  L_Eknl: 0.06056, L_Morse: 3.13202

Weights: [7000.0, 600.0, 0, 50.0, 0.0, 0.1], lr=5.000e-05
Epoch: 0 [6530/10000 (65%)] Loss: 21.70633 = L_Mnfld: 6.68407 + L_NonMnfld: 11.68203 + L_Nrml: 0.00000 + L_Eknl: 3.03596 + L_Div: 0.00000 + L_Morse: 0.30428
Epoch: 0 [6530/10000 (65%)] Unweighted L_s : L_Mnfld: 0.00095,  L_NonMnfld: 0.01947,  L_Nrml: 0.00000,  L_Eknl: 0.06072, L_Morse: 3.04280

Weights: [7000.0, 600.0, 0, 50.0, 0.0, 0.1], lr=5.000e-05
Epoch: 0 [6540/10000 (65%)] Loss: 20.17761 = L_Mnfld: 6.36571 + L_NonMnfld: 10.67198 + L_Nrml: 0.00000 + L_Eknl: 2.84682 + L_Div: 0.00000 + L_Morse: 0.29310
Epoch: 0 [6540/10000 (65%)] Unweighted L_s : L_Mnfld: 0.00091,  L_NonMnfld: 0.01779,  L_Nrml: 0.00000,  L_Eknl: 0.05694, L_Morse: 2.93104

Weights: [7000.0, 600.0, 0, 50.0, 0.0, 0.1], lr=5.000e-05
Epoch: 0 [6550/10000 (66%)] Loss: 21.06501 = L_Mnfld: 6.45104 + L_NonMnfld: 11.37861 + L_Nrml: 0.00000 + L_Eknl: 2.93832 + L_Div: 0.00000 + L_Morse: 0.29705
Epoch: 0 [6550/10000 (66%)] Unweighted L_s : L_Mnfld: 0.00092,  L_NonMnfld: 0.01896,  L_Nrml: 0.00000,  L_Eknl: 0.05877, L_Morse: 2.97046

Weights: [7000.0, 600.0, 0, 50.0, 0.0, 0.1], lr=5.000e-05
Epoch: 0 [6560/10000 (66%)] Loss: 20.58729 = L_Mnfld: 6.72476 + L_NonMnfld: 10.61788 + L_Nrml: 0.00000 + L_Eknl: 2.95227 + L_Div: 0.00000 + L_Morse: 0.29238
Epoch: 0 [6560/10000 (66%)] Unweighted L_s : L_Mnfld: 0.00096,  L_NonMnfld: 0.01770,  L_Nrml: 0.00000,  L_Eknl: 0.05905, L_Morse: 2.92377

Weights: [7000.0, 600.0, 0, 50.0, 0.0, 0.1], lr=5.000e-05
Epoch: 0 [6570/10000 (66%)] Loss: 20.50038 = L_Mnfld: 6.48417 + L_NonMnfld: 10.87469 + L_Nrml: 0.00000 + L_Eknl: 2.84201 + L_Div: 0.00000 + L_Morse: 0.29951
Epoch: 0 [6570/10000 (66%)] Unweighted L_s : L_Mnfld: 0.00093,  L_NonMnfld: 0.01812,  L_Nrml: 0.00000,  L_Eknl: 0.05684, L_Morse: 2.99506

Weights: [7000.0, 600.0, 0, 50.0, 0.0, 0.1], lr=5.000e-05
Epoch: 0 [6580/10000 (66%)] Loss: 20.52457 = L_Mnfld: 6.75402 + L_NonMnfld: 10.43733 + L_Nrml: 0.00000 + L_Eknl: 3.03270 + L_Div: 0.00000 + L_Morse: 0.30052
Epoch: 0 [6580/10000 (66%)] Unweighted L_s : L_Mnfld: 0.00096,  L_NonMnfld: 0.01740,  L_Nrml: 0.00000,  L_Eknl: 0.06065, L_Morse: 3.00518

Weights: [7000.0, 600.0, 0, 50.0, 0.0, 0.1], lr=5.000e-05
Epoch: 0 [6590/10000 (66%)] Loss: 22.01069 = L_Mnfld: 6.63810 + L_NonMnfld: 12.01499 + L_Nrml: 0.00000 + L_Eknl: 3.04956 + L_Div: 0.00000 + L_Morse: 0.30804
Epoch: 0 [6590/10000 (66%)] Unweighted L_s : L_Mnfld: 0.00095,  L_NonMnfld: 0.02002,  L_Nrml: 0.00000,  L_Eknl: 0.06099, L_Morse: 3.08041

Weights: [7000.0, 600.0, 0, 50.0, 0.0, 0.1], lr=5.000e-05
Epoch: 0 [6600/10000 (66%)] Loss: 22.40158 = L_Mnfld: 7.72947 + L_NonMnfld: 11.44712 + L_Nrml: 0.00000 + L_Eknl: 2.94197 + L_Div: 0.00000 + L_Morse: 0.28302
Epoch: 0 [6600/10000 (66%)] Unweighted L_s : L_Mnfld: 0.00110,  L_NonMnfld: 0.01908,  L_Nrml: 0.00000,  L_Eknl: 0.05884, L_Morse: 2.83025

Weights: [7000.0, 600.0, 0, 50.0, 0.0, 0.1], lr=5.000e-05
Epoch: 0 [6610/10000 (66%)] Loss: 21.77009 = L_Mnfld: 7.54754 + L_NonMnfld: 10.88788 + L_Nrml: 0.00000 + L_Eknl: 3.03015 + L_Div: 0.00000 + L_Morse: 0.30453
Epoch: 0 [6610/10000 (66%)] Unweighted L_s : L_Mnfld: 0.00108,  L_NonMnfld: 0.01815,  L_Nrml: 0.00000,  L_Eknl: 0.06060, L_Morse: 3.04532

Weights: [7000.0, 600.0, 0, 50.0, 0.0, 0.1], lr=5.000e-05
Epoch: 0 [6620/10000 (66%)] Loss: 21.72903 = L_Mnfld: 6.88561 + L_NonMnfld: 11.44832 + L_Nrml: 0.00000 + L_Eknl: 3.08356 + L_Div: 0.00000 + L_Morse: 0.31155
Epoch: 0 [6620/10000 (66%)] Unweighted L_s : L_Mnfld: 0.00098,  L_NonMnfld: 0.01908,  L_Nrml: 0.00000,  L_Eknl: 0.06167, L_Morse: 3.11547

Weights: [7000.0, 600.0, 0, 50.0, 0.0, 0.1], lr=5.000e-05
Epoch: 0 [6630/10000 (66%)] Loss: 21.31107 = L_Mnfld: 6.66105 + L_NonMnfld: 11.37737 + L_Nrml: 0.00000 + L_Eknl: 2.94938 + L_Div: 0.00000 + L_Morse: 0.32327
Epoch: 0 [6630/10000 (66%)] Unweighted L_s : L_Mnfld: 0.00095,  L_NonMnfld: 0.01896,  L_Nrml: 0.00000,  L_Eknl: 0.05899, L_Morse: 3.23271

Weights: [7000.0, 600.0, 0, 50.0, 0.0, 0.1], lr=5.000e-05
Epoch: 0 [6640/10000 (66%)] Loss: 21.39847 = L_Mnfld: 6.76133 + L_NonMnfld: 11.47788 + L_Nrml: 0.00000 + L_Eknl: 2.86408 + L_Div: 0.00000 + L_Morse: 0.29519
Epoch: 0 [6640/10000 (66%)] Unweighted L_s : L_Mnfld: 0.00097,  L_NonMnfld: 0.01913,  L_Nrml: 0.00000,  L_Eknl: 0.05728, L_Morse: 2.95187

Weights: [7000.0, 600.0, 0, 50.0, 0.0, 0.1], lr=5.000e-05
Epoch: 0 [6650/10000 (66%)] Loss: 21.36271 = L_Mnfld: 6.80625 + L_NonMnfld: 11.22484 + L_Nrml: 0.00000 + L_Eknl: 3.01472 + L_Div: 0.00000 + L_Morse: 0.31691
Epoch: 0 [6650/10000 (66%)] Unweighted L_s : L_Mnfld: 0.00097,  L_NonMnfld: 0.01871,  L_Nrml: 0.00000,  L_Eknl: 0.06029, L_Morse: 3.16909

Weights: [7000.0, 600.0, 0, 50.0, 0.0, 0.1], lr=5.000e-05
Epoch: 0 [6660/10000 (67%)] Loss: 21.06718 = L_Mnfld: 7.02630 + L_NonMnfld: 10.68626 + L_Nrml: 0.00000 + L_Eknl: 3.05306 + L_Div: 0.00000 + L_Morse: 0.30155
Epoch: 0 [6660/10000 (67%)] Unweighted L_s : L_Mnfld: 0.00100,  L_NonMnfld: 0.01781,  L_Nrml: 0.00000,  L_Eknl: 0.06106, L_Morse: 3.01551

Weights: [7000.0, 600.0, 0, 50.0, 0.0, 0.1], lr=5.000e-05
Epoch: 0 [6670/10000 (67%)] Loss: 20.69463 = L_Mnfld: 6.44056 + L_NonMnfld: 10.84260 + L_Nrml: 0.00000 + L_Eknl: 3.10943 + L_Div: 0.00000 + L_Morse: 0.30204
Epoch: 0 [6670/10000 (67%)] Unweighted L_s : L_Mnfld: 0.00092,  L_NonMnfld: 0.01807,  L_Nrml: 0.00000,  L_Eknl: 0.06219, L_Morse: 3.02042

Weights: [7000.0, 600.0, 0, 50.0, 0.0, 0.1], lr=5.000e-05
Epoch: 0 [6680/10000 (67%)] Loss: 21.13196 = L_Mnfld: 6.79193 + L_NonMnfld: 11.11437 + L_Nrml: 0.00000 + L_Eknl: 2.91917 + L_Div: 0.00000 + L_Morse: 0.30648
Epoch: 0 [6680/10000 (67%)] Unweighted L_s : L_Mnfld: 0.00097,  L_NonMnfld: 0.01852,  L_Nrml: 0.00000,  L_Eknl: 0.05838, L_Morse: 3.06483

Weights: [7000.0, 600.0, 0, 50.0, 0.0, 0.1], lr=5.000e-05
Epoch: 0 [6690/10000 (67%)] Loss: 21.44517 = L_Mnfld: 6.43021 + L_NonMnfld: 11.74113 + L_Nrml: 0.00000 + L_Eknl: 2.97299 + L_Div: 0.00000 + L_Morse: 0.30084
Epoch: 0 [6690/10000 (67%)] Unweighted L_s : L_Mnfld: 0.00092,  L_NonMnfld: 0.01957,  L_Nrml: 0.00000,  L_Eknl: 0.05946, L_Morse: 3.00841

Weights: [7000.0, 600.0, 0, 50.0, 0.0, 0.1], lr=5.000e-05
Epoch: 0 [6700/10000 (67%)] Loss: 20.69727 = L_Mnfld: 6.50541 + L_NonMnfld: 10.99071 + L_Nrml: 0.00000 + L_Eknl: 2.90192 + L_Div: 0.00000 + L_Morse: 0.29923
Epoch: 0 [6700/10000 (67%)] Unweighted L_s : L_Mnfld: 0.00093,  L_NonMnfld: 0.01832,  L_Nrml: 0.00000,  L_Eknl: 0.05804, L_Morse: 2.99229

Weights: [7000.0, 600.0, 0, 50.0, 0.0, 0.1], lr=5.000e-05
Epoch: 0 [6710/10000 (67%)] Loss: 20.44490 = L_Mnfld: 6.37732 + L_NonMnfld: 10.92799 + L_Nrml: 0.00000 + L_Eknl: 2.83838 + L_Div: 0.00000 + L_Morse: 0.30121
Epoch: 0 [6710/10000 (67%)] Unweighted L_s : L_Mnfld: 0.00091,  L_NonMnfld: 0.01821,  L_Nrml: 0.00000,  L_Eknl: 0.05677, L_Morse: 3.01207

Weights: [7000.0, 600.0, 0, 50.0, 0.0, 0.1], lr=5.000e-05
Epoch: 0 [6720/10000 (67%)] Loss: 20.19419 = L_Mnfld: 5.93100 + L_NonMnfld: 11.18181 + L_Nrml: 0.00000 + L_Eknl: 2.78383 + L_Div: 0.00000 + L_Morse: 0.29755
Epoch: 0 [6720/10000 (67%)] Unweighted L_s : L_Mnfld: 0.00085,  L_NonMnfld: 0.01864,  L_Nrml: 0.00000,  L_Eknl: 0.05568, L_Morse: 2.97548

Weights: [7000.0, 600.0, 0, 50.0, 0.0, 0.1], lr=5.000e-05
Epoch: 0 [6730/10000 (67%)] Loss: 20.19538 = L_Mnfld: 6.21577 + L_NonMnfld: 10.87248 + L_Nrml: 0.00000 + L_Eknl: 2.80362 + L_Div: 0.00000 + L_Morse: 0.30350
Epoch: 0 [6730/10000 (67%)] Unweighted L_s : L_Mnfld: 0.00089,  L_NonMnfld: 0.01812,  L_Nrml: 0.00000,  L_Eknl: 0.05607, L_Morse: 3.03505

Weights: [7000.0, 600.0, 0, 50.0, 0.0, 0.1], lr=5.000e-05
Epoch: 0 [6740/10000 (67%)] Loss: 21.87079 = L_Mnfld: 5.99405 + L_NonMnfld: 12.75635 + L_Nrml: 0.00000 + L_Eknl: 2.82854 + L_Div: 0.00000 + L_Morse: 0.29186
Epoch: 0 [6740/10000 (67%)] Unweighted L_s : L_Mnfld: 0.00086,  L_NonMnfld: 0.02126,  L_Nrml: 0.00000,  L_Eknl: 0.05657, L_Morse: 2.91856

Weights: [7000.0, 600.0, 0, 50.0, 0.0, 0.1], lr=5.000e-05
Epoch: 0 [6750/10000 (68%)] Loss: 20.15382 = L_Mnfld: 6.46394 + L_NonMnfld: 10.35601 + L_Nrml: 0.00000 + L_Eknl: 3.02422 + L_Div: 0.00000 + L_Morse: 0.30966
Epoch: 0 [6750/10000 (68%)] Unweighted L_s : L_Mnfld: 0.00092,  L_NonMnfld: 0.01726,  L_Nrml: 0.00000,  L_Eknl: 0.06048, L_Morse: 3.09656

Weights: [7000.0, 600.0, 0, 50.0, 0.0, 0.1], lr=5.000e-05
Epoch: 0 [6760/10000 (68%)] Loss: 20.96205 = L_Mnfld: 6.53859 + L_NonMnfld: 11.21666 + L_Nrml: 0.00000 + L_Eknl: 2.90868 + L_Div: 0.00000 + L_Morse: 0.29812
Epoch: 0 [6760/10000 (68%)] Unweighted L_s : L_Mnfld: 0.00093,  L_NonMnfld: 0.01869,  L_Nrml: 0.00000,  L_Eknl: 0.05817, L_Morse: 2.98123

Weights: [7000.0, 600.0, 0, 50.0, 0.0, 0.1], lr=5.000e-05
Epoch: 0 [6770/10000 (68%)] Loss: 20.39550 = L_Mnfld: 6.40833 + L_NonMnfld: 10.71011 + L_Nrml: 0.00000 + L_Eknl: 2.97932 + L_Div: 0.00000 + L_Morse: 0.29773
Epoch: 0 [6770/10000 (68%)] Unweighted L_s : L_Mnfld: 0.00092,  L_NonMnfld: 0.01785,  L_Nrml: 0.00000,  L_Eknl: 0.05959, L_Morse: 2.97734

Weights: [7000.0, 600.0, 0, 50.0, 0.0, 0.1], lr=5.000e-05
Epoch: 0 [6780/10000 (68%)] Loss: 22.24895 = L_Mnfld: 6.86016 + L_NonMnfld: 12.15013 + L_Nrml: 0.00000 + L_Eknl: 2.93637 + L_Div: 0.00000 + L_Morse: 0.30229
Epoch: 0 [6780/10000 (68%)] Unweighted L_s : L_Mnfld: 0.00098,  L_NonMnfld: 0.02025,  L_Nrml: 0.00000,  L_Eknl: 0.05873, L_Morse: 3.02290

Weights: [7000.0, 600.0, 0, 50.0, 0.0, 0.1], lr=5.000e-05
Epoch: 0 [6790/10000 (68%)] Loss: 21.29052 = L_Mnfld: 7.02277 + L_NonMnfld: 10.87027 + L_Nrml: 0.00000 + L_Eknl: 3.10227 + L_Div: 0.00000 + L_Morse: 0.29521
Epoch: 0 [6790/10000 (68%)] Unweighted L_s : L_Mnfld: 0.00100,  L_NonMnfld: 0.01812,  L_Nrml: 0.00000,  L_Eknl: 0.06205, L_Morse: 2.95211

Weights: [7000.0, 600.0, 0, 50.0, 0.0, 0.1], lr=5.000e-05
Epoch: 0 [6800/10000 (68%)] Loss: 23.04307 = L_Mnfld: 7.25553 + L_NonMnfld: 12.00839 + L_Nrml: 0.00000 + L_Eknl: 3.47084 + L_Div: 0.00000 + L_Morse: 0.30830
Epoch: 0 [6800/10000 (68%)] Unweighted L_s : L_Mnfld: 0.00104,  L_NonMnfld: 0.02001,  L_Nrml: 0.00000,  L_Eknl: 0.06942, L_Morse: 3.08302

Weights: [7000.0, 600.0, 0, 50.0, 0.0, 0.1], lr=5.000e-05
Epoch: 0 [6810/10000 (68%)] Loss: 21.78057 = L_Mnfld: 6.78499 + L_NonMnfld: 11.58513 + L_Nrml: 0.00000 + L_Eknl: 3.11954 + L_Div: 0.00000 + L_Morse: 0.29090
Epoch: 0 [6810/10000 (68%)] Unweighted L_s : L_Mnfld: 0.00097,  L_NonMnfld: 0.01931,  L_Nrml: 0.00000,  L_Eknl: 0.06239, L_Morse: 2.90903

Weights: [7000.0, 600.0, 0, 50.0, 0.0, 0.1], lr=5.000e-05
Epoch: 0 [6820/10000 (68%)] Loss: 20.86807 = L_Mnfld: 7.31833 + L_NonMnfld: 10.32177 + L_Nrml: 0.00000 + L_Eknl: 2.92927 + L_Div: 0.00000 + L_Morse: 0.29869
Epoch: 0 [6820/10000 (68%)] Unweighted L_s : L_Mnfld: 0.00105,  L_NonMnfld: 0.01720,  L_Nrml: 0.00000,  L_Eknl: 0.05859, L_Morse: 2.98692

Weights: [7000.0, 600.0, 0, 50.0, 0.0, 0.1], lr=5.000e-05
Epoch: 0 [6830/10000 (68%)] Loss: 21.31534 = L_Mnfld: 7.09148 + L_NonMnfld: 11.01072 + L_Nrml: 0.00000 + L_Eknl: 2.91735 + L_Div: 0.00000 + L_Morse: 0.29579
Epoch: 0 [6830/10000 (68%)] Unweighted L_s : L_Mnfld: 0.00101,  L_NonMnfld: 0.01835,  L_Nrml: 0.00000,  L_Eknl: 0.05835, L_Morse: 2.95788

Weights: [7000.0, 600.0, 0, 50.0, 0.0, 0.1], lr=5.000e-05
Epoch: 0 [6840/10000 (68%)] Loss: 21.10484 = L_Mnfld: 7.01798 + L_NonMnfld: 10.90321 + L_Nrml: 0.00000 + L_Eknl: 2.87291 + L_Div: 0.00000 + L_Morse: 0.31073
Epoch: 0 [6840/10000 (68%)] Unweighted L_s : L_Mnfld: 0.00100,  L_NonMnfld: 0.01817,  L_Nrml: 0.00000,  L_Eknl: 0.05746, L_Morse: 3.10729

Weights: [7000.0, 600.0, 0, 50.0, 0.0, 0.1], lr=5.000e-05
Epoch: 0 [6850/10000 (68%)] Loss: 22.41287 = L_Mnfld: 6.76672 + L_NonMnfld: 12.49424 + L_Nrml: 0.00000 + L_Eknl: 2.85667 + L_Div: 0.00000 + L_Morse: 0.29523
Epoch: 0 [6850/10000 (68%)] Unweighted L_s : L_Mnfld: 0.00097,  L_NonMnfld: 0.02082,  L_Nrml: 0.00000,  L_Eknl: 0.05713, L_Morse: 2.95234

Weights: [7000.0, 600.0, 0, 50.0, 0.0, 0.1], lr=5.000e-05
Epoch: 0 [6860/10000 (69%)] Loss: 21.93409 = L_Mnfld: 6.59792 + L_NonMnfld: 12.11923 + L_Nrml: 0.00000 + L_Eknl: 2.92469 + L_Div: 0.00000 + L_Morse: 0.29225
Epoch: 0 [6860/10000 (69%)] Unweighted L_s : L_Mnfld: 0.00094,  L_NonMnfld: 0.02020,  L_Nrml: 0.00000,  L_Eknl: 0.05849, L_Morse: 2.92249

Weights: [7000.0, 600.0, 0, 50.0, 0.0, 0.1], lr=5.000e-05
Epoch: 0 [6870/10000 (69%)] Loss: 22.18565 = L_Mnfld: 7.19858 + L_NonMnfld: 11.51168 + L_Nrml: 0.00000 + L_Eknl: 3.16890 + L_Div: 0.00000 + L_Morse: 0.30649
Epoch: 0 [6870/10000 (69%)] Unweighted L_s : L_Mnfld: 0.00103,  L_NonMnfld: 0.01919,  L_Nrml: 0.00000,  L_Eknl: 0.06338, L_Morse: 3.06490

Weights: [7000.0, 600.0, 0, 50.0, 0.0, 0.1], lr=5.000e-05
Epoch: 0 [6880/10000 (69%)] Loss: 22.17277 = L_Mnfld: 7.38455 + L_NonMnfld: 11.34842 + L_Nrml: 0.00000 + L_Eknl: 3.13755 + L_Div: 0.00000 + L_Morse: 0.30225
Epoch: 0 [6880/10000 (69%)] Unweighted L_s : L_Mnfld: 0.00105,  L_NonMnfld: 0.01891,  L_Nrml: 0.00000,  L_Eknl: 0.06275, L_Morse: 3.02247

Weights: [7000.0, 600.0, 0, 50.0, 0.0, 0.1], lr=5.000e-05
Epoch: 0 [6890/10000 (69%)] Loss: 21.45310 = L_Mnfld: 6.97656 + L_NonMnfld: 11.26038 + L_Nrml: 0.00000 + L_Eknl: 2.92268 + L_Div: 0.00000 + L_Morse: 0.29349
Epoch: 0 [6890/10000 (69%)] Unweighted L_s : L_Mnfld: 0.00100,  L_NonMnfld: 0.01877,  L_Nrml: 0.00000,  L_Eknl: 0.05845, L_Morse: 2.93487

Weights: [7000.0, 600.0, 0, 50.0, 0.0, 0.1], lr=5.000e-05
Epoch: 0 [6900/10000 (69%)] Loss: 19.87804 = L_Mnfld: 6.52245 + L_NonMnfld: 10.08539 + L_Nrml: 0.00000 + L_Eknl: 2.97537 + L_Div: 0.00000 + L_Morse: 0.29482
Epoch: 0 [6900/10000 (69%)] Unweighted L_s : L_Mnfld: 0.00093,  L_NonMnfld: 0.01681,  L_Nrml: 0.00000,  L_Eknl: 0.05951, L_Morse: 2.94824

Weights: [7000.0, 600.0, 0, 50.0, 0.0, 0.1], lr=5.000e-05
Epoch: 0 [6910/10000 (69%)] Loss: 20.72301 = L_Mnfld: 6.79271 + L_NonMnfld: 10.72479 + L_Nrml: 0.00000 + L_Eknl: 2.90747 + L_Div: 0.00000 + L_Morse: 0.29805
Epoch: 0 [6910/10000 (69%)] Unweighted L_s : L_Mnfld: 0.00097,  L_NonMnfld: 0.01787,  L_Nrml: 0.00000,  L_Eknl: 0.05815, L_Morse: 2.98051

Weights: [7000.0, 600.0, 0, 50.0, 0.0, 0.1], lr=5.000e-05
Epoch: 0 [6920/10000 (69%)] Loss: 20.56569 = L_Mnfld: 6.54425 + L_NonMnfld: 10.85971 + L_Nrml: 0.00000 + L_Eknl: 2.84652 + L_Div: 0.00000 + L_Morse: 0.31521
Epoch: 0 [6920/10000 (69%)] Unweighted L_s : L_Mnfld: 0.00093,  L_NonMnfld: 0.01810,  L_Nrml: 0.00000,  L_Eknl: 0.05693, L_Morse: 3.15207

Weights: [7000.0, 600.0, 0, 50.0, 0.0, 0.1], lr=5.000e-05
Epoch: 0 [6930/10000 (69%)] Loss: 21.25714 = L_Mnfld: 6.38381 + L_NonMnfld: 11.72732 + L_Nrml: 0.00000 + L_Eknl: 2.84789 + L_Div: 0.00000 + L_Morse: 0.29811
Epoch: 0 [6930/10000 (69%)] Unweighted L_s : L_Mnfld: 0.00091,  L_NonMnfld: 0.01955,  L_Nrml: 0.00000,  L_Eknl: 0.05696, L_Morse: 2.98112

Weights: [7000.0, 600.0, 0, 50.0, 0.0, 0.1], lr=5.000e-05
Epoch: 0 [6940/10000 (69%)] Loss: 21.24624 = L_Mnfld: 6.87613 + L_NonMnfld: 11.27486 + L_Nrml: 0.00000 + L_Eknl: 2.80778 + L_Div: 0.00000 + L_Morse: 0.28747
Epoch: 0 [6940/10000 (69%)] Unweighted L_s : L_Mnfld: 0.00098,  L_NonMnfld: 0.01879,  L_Nrml: 0.00000,  L_Eknl: 0.05616, L_Morse: 2.87468

Weights: [7000.0, 600.0, 0, 50.0, 0.0, 0.1], lr=5.000e-05
Epoch: 0 [6950/10000 (70%)] Loss: 20.82682 = L_Mnfld: 6.83615 + L_NonMnfld: 10.91031 + L_Nrml: 0.00000 + L_Eknl: 2.78820 + L_Div: 0.00000 + L_Morse: 0.29216
Epoch: 0 [6950/10000 (70%)] Unweighted L_s : L_Mnfld: 0.00098,  L_NonMnfld: 0.01818,  L_Nrml: 0.00000,  L_Eknl: 0.05576, L_Morse: 2.92160

Weights: [7000.0, 600.0, 0, 50.0, 0.0, 0.1], lr=5.000e-05
Epoch: 0 [6960/10000 (70%)] Loss: 21.88689 = L_Mnfld: 7.10972 + L_NonMnfld: 11.58269 + L_Nrml: 0.00000 + L_Eknl: 2.89544 + L_Div: 0.00000 + L_Morse: 0.29904
Epoch: 0 [6960/10000 (70%)] Unweighted L_s : L_Mnfld: 0.00102,  L_NonMnfld: 0.01930,  L_Nrml: 0.00000,  L_Eknl: 0.05791, L_Morse: 2.99036

Weights: [7000.0, 600.0, 0, 50.0, 0.0, 0.1], lr=5.000e-05
Epoch: 0 [6970/10000 (70%)] Loss: 20.56156 = L_Mnfld: 6.84526 + L_NonMnfld: 10.55857 + L_Nrml: 0.00000 + L_Eknl: 2.86881 + L_Div: 0.00000 + L_Morse: 0.28892
Epoch: 0 [6970/10000 (70%)] Unweighted L_s : L_Mnfld: 0.00098,  L_NonMnfld: 0.01760,  L_Nrml: 0.00000,  L_Eknl: 0.05738, L_Morse: 2.88925

Weights: [7000.0, 600.0, 0, 50.0, 0.0, 0.1], lr=5.000e-05
Epoch: 0 [6980/10000 (70%)] Loss: 20.84091 = L_Mnfld: 6.73398 + L_NonMnfld: 11.06349 + L_Nrml: 0.00000 + L_Eknl: 2.75164 + L_Div: 0.00000 + L_Morse: 0.29181
Epoch: 0 [6980/10000 (70%)] Unweighted L_s : L_Mnfld: 0.00096,  L_NonMnfld: 0.01844,  L_Nrml: 0.00000,  L_Eknl: 0.05503, L_Morse: 2.91805

Weights: [7000.0, 600.0, 0, 50.0, 0.0, 0.1], lr=5.000e-05
Epoch: 0 [6990/10000 (70%)] Loss: 22.46629 = L_Mnfld: 7.13772 + L_NonMnfld: 11.88917 + L_Nrml: 0.00000 + L_Eknl: 3.14276 + L_Div: 0.00000 + L_Morse: 0.29664
Epoch: 0 [6990/10000 (70%)] Unweighted L_s : L_Mnfld: 0.00102,  L_NonMnfld: 0.01982,  L_Nrml: 0.00000,  L_Eknl: 0.06286, L_Morse: 2.96635

Weights: [7000.0, 600.0, 0, 50.0, 0.0, 0.1], lr=5.000e-05
Epoch: 0 [7000/10000 (70%)] Loss: 21.13289 = L_Mnfld: 6.91634 + L_NonMnfld: 10.99947 + L_Nrml: 0.00000 + L_Eknl: 2.91913 + L_Div: 0.00000 + L_Morse: 0.29794
Epoch: 0 [7000/10000 (70%)] Unweighted L_s : L_Mnfld: 0.00099,  L_NonMnfld: 0.01833,  L_Nrml: 0.00000,  L_Eknl: 0.05838, L_Morse: 2.97944

Weights: [7000.0, 600.0, 0, 50.0, 0.0, 0.1], lr=5.000e-05
Epoch: 0 [7010/10000 (70%)] Loss: 21.83839 = L_Mnfld: 6.97730 + L_NonMnfld: 11.55425 + L_Nrml: 0.00000 + L_Eknl: 2.99980 + L_Div: 0.00000 + L_Morse: 0.30703
Epoch: 0 [7010/10000 (70%)] Unweighted L_s : L_Mnfld: 0.00100,  L_NonMnfld: 0.01926,  L_Nrml: 0.00000,  L_Eknl: 0.06000, L_Morse: 3.07033

Weights: [7000.0, 600.0, 0, 50.0, 0.0, 0.1], lr=5.000e-05
Epoch: 0 [7020/10000 (70%)] Loss: 20.48023 = L_Mnfld: 6.67474 + L_NonMnfld: 10.60259 + L_Nrml: 0.00000 + L_Eknl: 2.90780 + L_Div: 0.00000 + L_Morse: 0.29511
Epoch: 0 [7020/10000 (70%)] Unweighted L_s : L_Mnfld: 0.00095,  L_NonMnfld: 0.01767,  L_Nrml: 0.00000,  L_Eknl: 0.05816, L_Morse: 2.95107

Weights: [7000.0, 600.0, 0, 50.0, 0.0, 0.1], lr=5.000e-05
Epoch: 0 [7030/10000 (70%)] Loss: 20.62549 = L_Mnfld: 6.62382 + L_NonMnfld: 10.66271 + L_Nrml: 0.00000 + L_Eknl: 3.04161 + L_Div: 0.00000 + L_Morse: 0.29736
Epoch: 0 [7030/10000 (70%)] Unweighted L_s : L_Mnfld: 0.00095,  L_NonMnfld: 0.01777,  L_Nrml: 0.00000,  L_Eknl: 0.06083, L_Morse: 2.97358

Weights: [7000.0, 600.0, 0, 50.0, 0.0, 0.1], lr=5.000e-05
Epoch: 0 [7040/10000 (70%)] Loss: 22.31732 = L_Mnfld: 6.66124 + L_NonMnfld: 12.34474 + L_Nrml: 0.00000 + L_Eknl: 3.01377 + L_Div: 0.00000 + L_Morse: 0.29757
Epoch: 0 [7040/10000 (70%)] Unweighted L_s : L_Mnfld: 0.00095,  L_NonMnfld: 0.02057,  L_Nrml: 0.00000,  L_Eknl: 0.06028, L_Morse: 2.97573

Weights: [7000.0, 600.0, 0, 50.0, 0.0, 0.1], lr=5.000e-05
Epoch: 0 [7050/10000 (70%)] Loss: 21.49438 = L_Mnfld: 6.62694 + L_NonMnfld: 11.72155 + L_Nrml: 0.00000 + L_Eknl: 2.86079 + L_Div: 0.00000 + L_Morse: 0.28509
Epoch: 0 [7050/10000 (70%)] Unweighted L_s : L_Mnfld: 0.00095,  L_NonMnfld: 0.01954,  L_Nrml: 0.00000,  L_Eknl: 0.05722, L_Morse: 2.85090

Weights: [7000.0, 600.0, 0, 50.0, 0.0, 0.1], lr=5.000e-05
Epoch: 0 [7060/10000 (71%)] Loss: 21.29104 = L_Mnfld: 6.82067 + L_NonMnfld: 11.38511 + L_Nrml: 0.00000 + L_Eknl: 2.78628 + L_Div: 0.00000 + L_Morse: 0.29898
Epoch: 0 [7060/10000 (71%)] Unweighted L_s : L_Mnfld: 0.00097,  L_NonMnfld: 0.01898,  L_Nrml: 0.00000,  L_Eknl: 0.05573, L_Morse: 2.98979

Weights: [7000.0, 600.0, 0, 50.0, 0.0, 0.1], lr=5.000e-05
Epoch: 0 [7070/10000 (71%)] Loss: 20.82445 = L_Mnfld: 6.90790 + L_NonMnfld: 10.67301 + L_Nrml: 0.00000 + L_Eknl: 2.92677 + L_Div: 0.00000 + L_Morse: 0.31678
Epoch: 0 [7070/10000 (71%)] Unweighted L_s : L_Mnfld: 0.00099,  L_NonMnfld: 0.01779,  L_Nrml: 0.00000,  L_Eknl: 0.05854, L_Morse: 3.16777

Weights: [7000.0, 600.0, 0, 50.0, 0.0, 0.1], lr=5.000e-05
Epoch: 0 [7080/10000 (71%)] Loss: 21.35982 = L_Mnfld: 6.95417 + L_NonMnfld: 11.18904 + L_Nrml: 0.00000 + L_Eknl: 2.92997 + L_Div: 0.00000 + L_Morse: 0.28663
Epoch: 0 [7080/10000 (71%)] Unweighted L_s : L_Mnfld: 0.00099,  L_NonMnfld: 0.01865,  L_Nrml: 0.00000,  L_Eknl: 0.05860, L_Morse: 2.86630

Weights: [7000.0, 600.0, 0, 50.0, 0.0, 0.1], lr=5.000e-05
Epoch: 0 [7090/10000 (71%)] Loss: 21.59913 = L_Mnfld: 6.46965 + L_NonMnfld: 12.03035 + L_Nrml: 0.00000 + L_Eknl: 2.80051 + L_Div: 0.00000 + L_Morse: 0.29862
Epoch: 0 [7090/10000 (71%)] Unweighted L_s : L_Mnfld: 0.00092,  L_NonMnfld: 0.02005,  L_Nrml: 0.00000,  L_Eknl: 0.05601, L_Morse: 2.98616

Weights: [7000.0, 600.0, 0, 50.0, 0.0, 0.1], lr=5.000e-05
Epoch: 0 [7100/10000 (71%)] Loss: 21.28263 = L_Mnfld: 6.67158 + L_NonMnfld: 11.54870 + L_Nrml: 0.00000 + L_Eknl: 2.76266 + L_Div: 0.00000 + L_Morse: 0.29969
Epoch: 0 [7100/10000 (71%)] Unweighted L_s : L_Mnfld: 0.00095,  L_NonMnfld: 0.01925,  L_Nrml: 0.00000,  L_Eknl: 0.05525, L_Morse: 2.99687

Weights: [7000.0, 600.0, 0, 50.0, 0.0, 0.1], lr=5.000e-05
Epoch: 0 [7110/10000 (71%)] Loss: 20.78751 = L_Mnfld: 6.41605 + L_NonMnfld: 11.20832 + L_Nrml: 0.00000 + L_Eknl: 2.85929 + L_Div: 0.00000 + L_Morse: 0.30386
Epoch: 0 [7110/10000 (71%)] Unweighted L_s : L_Mnfld: 0.00092,  L_NonMnfld: 0.01868,  L_Nrml: 0.00000,  L_Eknl: 0.05719, L_Morse: 3.03860

Weights: [7000.0, 600.0, 0, 50.0, 0.0, 0.1], lr=5.000e-05
Epoch: 0 [7120/10000 (71%)] Loss: 21.07719 = L_Mnfld: 6.97936 + L_NonMnfld: 10.80802 + L_Nrml: 0.00000 + L_Eknl: 3.00395 + L_Div: 0.00000 + L_Morse: 0.28587
Epoch: 0 [7120/10000 (71%)] Unweighted L_s : L_Mnfld: 0.00100,  L_NonMnfld: 0.01801,  L_Nrml: 0.00000,  L_Eknl: 0.06008, L_Morse: 2.85869

Weights: [7000.0, 600.0, 0, 50.0, 0.0, 0.1], lr=5.000e-05
Epoch: 0 [7130/10000 (71%)] Loss: 21.47484 = L_Mnfld: 7.06716 + L_NonMnfld: 10.94602 + L_Nrml: 0.00000 + L_Eknl: 3.16194 + L_Div: 0.00000 + L_Morse: 0.29972
Epoch: 0 [7130/10000 (71%)] Unweighted L_s : L_Mnfld: 0.00101,  L_NonMnfld: 0.01824,  L_Nrml: 0.00000,  L_Eknl: 0.06324, L_Morse: 2.99717

Weights: [7000.0, 600.0, 0, 50.0, 0.0, 0.1], lr=5.000e-05
Epoch: 0 [7140/10000 (71%)] Loss: 22.67630 = L_Mnfld: 7.27156 + L_NonMnfld: 11.87896 + L_Nrml: 0.00000 + L_Eknl: 3.22587 + L_Div: 0.00000 + L_Morse: 0.29990
Epoch: 0 [7140/10000 (71%)] Unweighted L_s : L_Mnfld: 0.00104,  L_NonMnfld: 0.01980,  L_Nrml: 0.00000,  L_Eknl: 0.06452, L_Morse: 2.99903

Weights: [7000.0, 600.0, 0, 50.0, 0.0, 0.1], lr=5.000e-05
Epoch: 0 [7150/10000 (72%)] Loss: 20.71124 = L_Mnfld: 7.07155 + L_NonMnfld: 10.39093 + L_Nrml: 0.00000 + L_Eknl: 2.93847 + L_Div: 0.00000 + L_Morse: 0.31028
Epoch: 0 [7150/10000 (72%)] Unweighted L_s : L_Mnfld: 0.00101,  L_NonMnfld: 0.01732,  L_Nrml: 0.00000,  L_Eknl: 0.05877, L_Morse: 3.10280

Weights: [7000.0, 600.0, 0, 50.0, 0.0, 0.1], lr=5.000e-05
Epoch: 0 [7160/10000 (72%)] Loss: 22.07729 = L_Mnfld: 7.14823 + L_NonMnfld: 11.77235 + L_Nrml: 0.00000 + L_Eknl: 2.85080 + L_Div: 0.00000 + L_Morse: 0.30592
Epoch: 0 [7160/10000 (72%)] Unweighted L_s : L_Mnfld: 0.00102,  L_NonMnfld: 0.01962,  L_Nrml: 0.00000,  L_Eknl: 0.05702, L_Morse: 3.05920

Weights: [7000.0, 600.0, 0, 50.0, 0.0, 0.1], lr=5.000e-05
Epoch: 0 [7170/10000 (72%)] Loss: 21.83501 = L_Mnfld: 7.05580 + L_NonMnfld: 11.53561 + L_Nrml: 0.00000 + L_Eknl: 2.93902 + L_Div: 0.00000 + L_Morse: 0.30457
Epoch: 0 [7170/10000 (72%)] Unweighted L_s : L_Mnfld: 0.00101,  L_NonMnfld: 0.01923,  L_Nrml: 0.00000,  L_Eknl: 0.05878, L_Morse: 3.04575

Weights: [7000.0, 600.0, 0, 50.0, 0.0, 0.1], lr=5.000e-05
Epoch: 0 [7180/10000 (72%)] Loss: 20.88394 = L_Mnfld: 6.28238 + L_NonMnfld: 11.47638 + L_Nrml: 0.00000 + L_Eknl: 2.83859 + L_Div: 0.00000 + L_Morse: 0.28660
Epoch: 0 [7180/10000 (72%)] Unweighted L_s : L_Mnfld: 0.00090,  L_NonMnfld: 0.01913,  L_Nrml: 0.00000,  L_Eknl: 0.05677, L_Morse: 2.86596

Weights: [7000.0, 600.0, 0, 50.0, 0.0, 0.1], lr=5.000e-05
Epoch: 0 [7190/10000 (72%)] Loss: 21.69465 = L_Mnfld: 6.55780 + L_NonMnfld: 11.91266 + L_Nrml: 0.00000 + L_Eknl: 2.93458 + L_Div: 0.00000 + L_Morse: 0.28960
Epoch: 0 [7190/10000 (72%)] Unweighted L_s : L_Mnfld: 0.00094,  L_NonMnfld: 0.01985,  L_Nrml: 0.00000,  L_Eknl: 0.05869, L_Morse: 2.89603

Weights: [7000.0, 600.0, 0, 50.0, 0.0, 0.1], lr=5.000e-05
Epoch: 0 [7200/10000 (72%)] Loss: 21.28877 = L_Mnfld: 6.35589 + L_NonMnfld: 11.54369 + L_Nrml: 0.00000 + L_Eknl: 3.08769 + L_Div: 0.00000 + L_Morse: 0.30151
Epoch: 0 [7200/10000 (72%)] Unweighted L_s : L_Mnfld: 0.00091,  L_NonMnfld: 0.01924,  L_Nrml: 0.00000,  L_Eknl: 0.06175, L_Morse: 3.01506

Weights: [7000.0, 600.0, 0, 50.0, 0.0, 0.1], lr=5.000e-05
Epoch: 0 [7210/10000 (72%)] Loss: 20.97177 = L_Mnfld: 6.94385 + L_NonMnfld: 10.66291 + L_Nrml: 0.00000 + L_Eknl: 3.06559 + L_Div: 0.00000 + L_Morse: 0.29942
Epoch: 0 [7210/10000 (72%)] Unweighted L_s : L_Mnfld: 0.00099,  L_NonMnfld: 0.01777,  L_Nrml: 0.00000,  L_Eknl: 0.06131, L_Morse: 2.99420

Weights: [7000.0, 600.0, 0, 50.0, 0.0, 0.1], lr=5.000e-05
Epoch: 0 [7220/10000 (72%)] Loss: 21.63171 = L_Mnfld: 6.98119 + L_NonMnfld: 11.35075 + L_Nrml: 0.00000 + L_Eknl: 3.00060 + L_Div: 0.00000 + L_Morse: 0.29917
Epoch: 0 [7220/10000 (72%)] Unweighted L_s : L_Mnfld: 0.00100,  L_NonMnfld: 0.01892,  L_Nrml: 0.00000,  L_Eknl: 0.06001, L_Morse: 2.99171

Weights: [7000.0, 600.0, 0, 50.0, 0.0, 0.1], lr=5.000e-05
Epoch: 0 [7230/10000 (72%)] Loss: 21.38141 = L_Mnfld: 6.83618 + L_NonMnfld: 11.09475 + L_Nrml: 0.00000 + L_Eknl: 3.14009 + L_Div: 0.00000 + L_Morse: 0.31039
Epoch: 0 [7230/10000 (72%)] Unweighted L_s : L_Mnfld: 0.00098,  L_NonMnfld: 0.01849,  L_Nrml: 0.00000,  L_Eknl: 0.06280, L_Morse: 3.10393

Weights: [7000.0, 600.0, 0, 50.0, 0.0, 0.1], lr=5.000e-05
Epoch: 0 [7240/10000 (72%)] Loss: 20.18961 = L_Mnfld: 6.90977 + L_NonMnfld: 10.04915 + L_Nrml: 0.00000 + L_Eknl: 2.93963 + L_Div: 0.00000 + L_Morse: 0.29106
Epoch: 0 [7240/10000 (72%)] Unweighted L_s : L_Mnfld: 0.00099,  L_NonMnfld: 0.01675,  L_Nrml: 0.00000,  L_Eknl: 0.05879, L_Morse: 2.91060

Weights: [7000.0, 600.0, 0, 50.0, 0.0, 0.1], lr=5.000e-05
Epoch: 0 [7250/10000 (72%)] Loss: 21.60038 = L_Mnfld: 6.98583 + L_NonMnfld: 11.15335 + L_Nrml: 0.00000 + L_Eknl: 3.16311 + L_Div: 0.00000 + L_Morse: 0.29809
Epoch: 0 [7250/10000 (72%)] Unweighted L_s : L_Mnfld: 0.00100,  L_NonMnfld: 0.01859,  L_Nrml: 0.00000,  L_Eknl: 0.06326, L_Morse: 2.98093

Weights: [7000.0, 600.0, 0, 50.0, 0.0, 0.1], lr=5.000e-05
Epoch: 0 [7260/10000 (73%)] Loss: 20.23580 = L_Mnfld: 6.37350 + L_NonMnfld: 10.64186 + L_Nrml: 0.00000 + L_Eknl: 2.92069 + L_Div: 0.00000 + L_Morse: 0.29975
Epoch: 0 [7260/10000 (73%)] Unweighted L_s : L_Mnfld: 0.00091,  L_NonMnfld: 0.01774,  L_Nrml: 0.00000,  L_Eknl: 0.05841, L_Morse: 2.99749

Weights: [7000.0, 600.0, 0, 50.0, 0.0, 0.1], lr=5.000e-05
Epoch: 0 [7270/10000 (73%)] Loss: 19.91577 = L_Mnfld: 6.32549 + L_NonMnfld: 10.56793 + L_Nrml: 0.00000 + L_Eknl: 2.72279 + L_Div: 0.00000 + L_Morse: 0.29955
Epoch: 0 [7270/10000 (73%)] Unweighted L_s : L_Mnfld: 0.00090,  L_NonMnfld: 0.01761,  L_Nrml: 0.00000,  L_Eknl: 0.05446, L_Morse: 2.99550

Weights: [7000.0, 600.0, 0, 50.0, 0.0, 0.1], lr=5.000e-05
Epoch: 0 [7280/10000 (73%)] Loss: 21.06128 = L_Mnfld: 5.93108 + L_NonMnfld: 12.05138 + L_Nrml: 0.00000 + L_Eknl: 2.79457 + L_Div: 0.00000 + L_Morse: 0.28425
Epoch: 0 [7280/10000 (73%)] Unweighted L_s : L_Mnfld: 0.00085,  L_NonMnfld: 0.02009,  L_Nrml: 0.00000,  L_Eknl: 0.05589, L_Morse: 2.84247

Weights: [7000.0, 600.0, 0, 50.0, 0.0, 0.1], lr=5.000e-05
Epoch: 0 [7290/10000 (73%)] Loss: 20.83171 = L_Mnfld: 6.42835 + L_NonMnfld: 11.44950 + L_Nrml: 0.00000 + L_Eknl: 2.67477 + L_Div: 0.00000 + L_Morse: 0.27909
Epoch: 0 [7290/10000 (73%)] Unweighted L_s : L_Mnfld: 0.00092,  L_NonMnfld: 0.01908,  L_Nrml: 0.00000,  L_Eknl: 0.05350, L_Morse: 2.79088

Weights: [7000.0, 600.0, 0, 50.0, 0.0, 0.1], lr=5.000e-05
Epoch: 0 [7300/10000 (73%)] Loss: 20.70904 = L_Mnfld: 5.84180 + L_NonMnfld: 11.87265 + L_Nrml: 0.00000 + L_Eknl: 2.71369 + L_Div: 0.00000 + L_Morse: 0.28090
Epoch: 0 [7300/10000 (73%)] Unweighted L_s : L_Mnfld: 0.00083,  L_NonMnfld: 0.01979,  L_Nrml: 0.00000,  L_Eknl: 0.05427, L_Morse: 2.80897

Weights: [7000.0, 600.0, 0, 50.0, 0.0, 0.1], lr=5.000e-05
Epoch: 0 [7310/10000 (73%)] Loss: 19.60301 = L_Mnfld: 5.86194 + L_NonMnfld: 10.75283 + L_Nrml: 0.00000 + L_Eknl: 2.69244 + L_Div: 0.00000 + L_Morse: 0.29581
Epoch: 0 [7310/10000 (73%)] Unweighted L_s : L_Mnfld: 0.00084,  L_NonMnfld: 0.01792,  L_Nrml: 0.00000,  L_Eknl: 0.05385, L_Morse: 2.95811

Weights: [7000.0, 600.0, 0, 50.0, 0.0, 0.1], lr=5.000e-05
Epoch: 0 [7320/10000 (73%)] Loss: 19.78714 = L_Mnfld: 6.24962 + L_NonMnfld: 10.38676 + L_Nrml: 0.00000 + L_Eknl: 2.86021 + L_Div: 0.00000 + L_Morse: 0.29054
Epoch: 0 [7320/10000 (73%)] Unweighted L_s : L_Mnfld: 0.00089,  L_NonMnfld: 0.01731,  L_Nrml: 0.00000,  L_Eknl: 0.05720, L_Morse: 2.90544

Weights: [7000.0, 600.0, 0, 50.0, 0.0, 0.1], lr=5.000e-05
Epoch: 0 [7330/10000 (73%)] Loss: 19.03245 = L_Mnfld: 5.89158 + L_NonMnfld: 9.92579 + L_Nrml: 0.00000 + L_Eknl: 2.91545 + L_Div: 0.00000 + L_Morse: 0.29962
Epoch: 0 [7330/10000 (73%)] Unweighted L_s : L_Mnfld: 0.00084,  L_NonMnfld: 0.01654,  L_Nrml: 0.00000,  L_Eknl: 0.05831, L_Morse: 2.99622

Weights: [7000.0, 600.0, 0, 50.0, 0.0, 0.1], lr=5.000e-05
Epoch: 0 [7340/10000 (73%)] Loss: 20.41561 = L_Mnfld: 6.56770 + L_NonMnfld: 10.74416 + L_Nrml: 0.00000 + L_Eknl: 2.81273 + L_Div: 0.00000 + L_Morse: 0.29101
Epoch: 0 [7340/10000 (73%)] Unweighted L_s : L_Mnfld: 0.00094,  L_NonMnfld: 0.01791,  L_Nrml: 0.00000,  L_Eknl: 0.05625, L_Morse: 2.91007

Weights: [7000.0, 600.0, 0, 50.0, 0.0, 0.1], lr=5.000e-05
Epoch: 0 [7350/10000 (74%)] Loss: 20.65651 = L_Mnfld: 6.08957 + L_NonMnfld: 11.53164 + L_Nrml: 0.00000 + L_Eknl: 2.72926 + L_Div: 0.00000 + L_Morse: 0.30605
Epoch: 0 [7350/10000 (74%)] Unweighted L_s : L_Mnfld: 0.00087,  L_NonMnfld: 0.01922,  L_Nrml: 0.00000,  L_Eknl: 0.05459, L_Morse: 3.06046

Weights: [7000.0, 600.0, 0, 50.0, 0.0, 0.1], lr=5.000e-05
Epoch: 0 [7360/10000 (74%)] Loss: 20.42798 = L_Mnfld: 5.92693 + L_NonMnfld: 11.51812 + L_Nrml: 0.00000 + L_Eknl: 2.69607 + L_Div: 0.00000 + L_Morse: 0.28686
Epoch: 0 [7360/10000 (74%)] Unweighted L_s : L_Mnfld: 0.00085,  L_NonMnfld: 0.01920,  L_Nrml: 0.00000,  L_Eknl: 0.05392, L_Morse: 2.86863

Weights: [7000.0, 600.0, 0, 50.0, 0.0, 0.1], lr=5.000e-05
Epoch: 0 [7370/10000 (74%)] Loss: 20.21351 = L_Mnfld: 6.27707 + L_NonMnfld: 10.86694 + L_Nrml: 0.00000 + L_Eknl: 2.77578 + L_Div: 0.00000 + L_Morse: 0.29372
Epoch: 0 [7370/10000 (74%)] Unweighted L_s : L_Mnfld: 0.00090,  L_NonMnfld: 0.01811,  L_Nrml: 0.00000,  L_Eknl: 0.05552, L_Morse: 2.93723

Weights: [7000.0, 600.0, 0, 50.0, 0.0, 0.1], lr=5.000e-05
Epoch: 0 [7380/10000 (74%)] Loss: 21.21528 = L_Mnfld: 6.32523 + L_NonMnfld: 11.89644 + L_Nrml: 0.00000 + L_Eknl: 2.69682 + L_Div: 0.00000 + L_Morse: 0.29680
Epoch: 0 [7380/10000 (74%)] Unweighted L_s : L_Mnfld: 0.00090,  L_NonMnfld: 0.01983,  L_Nrml: 0.00000,  L_Eknl: 0.05394, L_Morse: 2.96800

Weights: [7000.0, 600.0, 0, 50.0, 0.0, 0.1], lr=5.000e-05
Epoch: 0 [7390/10000 (74%)] Loss: 19.59122 = L_Mnfld: 5.97790 + L_NonMnfld: 10.62573 + L_Nrml: 0.00000 + L_Eknl: 2.70756 + L_Div: 0.00000 + L_Morse: 0.28004
Epoch: 0 [7390/10000 (74%)] Unweighted L_s : L_Mnfld: 0.00085,  L_NonMnfld: 0.01771,  L_Nrml: 0.00000,  L_Eknl: 0.05415, L_Morse: 2.80035

Weights: [7000.0, 600.0, 0, 50.0, 0.0, 0.1], lr=5.000e-05
Epoch: 0 [7400/10000 (74%)] Loss: 19.89891 = L_Mnfld: 5.98350 + L_NonMnfld: 10.91047 + L_Nrml: 0.00000 + L_Eknl: 2.70600 + L_Div: 0.00000 + L_Morse: 0.29894
Epoch: 0 [7400/10000 (74%)] Unweighted L_s : L_Mnfld: 0.00085,  L_NonMnfld: 0.01818,  L_Nrml: 0.00000,  L_Eknl: 0.05412, L_Morse: 2.98938

Weights: [7000.0, 600.0, 0, 50.0, 0.0, 0.1], lr=5.000e-05
Epoch: 0 [7410/10000 (74%)] Loss: 20.18456 = L_Mnfld: 6.01216 + L_NonMnfld: 11.16955 + L_Nrml: 0.00000 + L_Eknl: 2.69923 + L_Div: 0.00000 + L_Morse: 0.30363
Epoch: 0 [7410/10000 (74%)] Unweighted L_s : L_Mnfld: 0.00086,  L_NonMnfld: 0.01862,  L_Nrml: 0.00000,  L_Eknl: 0.05398, L_Morse: 3.03626

Weights: [7000.0, 600.0, 0, 50.0, 0.0, 0.1], lr=5.000e-05
Epoch: 0 [7420/10000 (74%)] Loss: 20.27042 = L_Mnfld: 6.04277 + L_NonMnfld: 11.18634 + L_Nrml: 0.00000 + L_Eknl: 2.74712 + L_Div: 0.00000 + L_Morse: 0.29419
Epoch: 0 [7420/10000 (74%)] Unweighted L_s : L_Mnfld: 0.00086,  L_NonMnfld: 0.01864,  L_Nrml: 0.00000,  L_Eknl: 0.05494, L_Morse: 2.94188

Weights: [7000.0, 600.0, 0, 50.0, 0.0, 0.1], lr=5.000e-05
Epoch: 0 [7430/10000 (74%)] Loss: 19.29561 = L_Mnfld: 5.86149 + L_NonMnfld: 10.52625 + L_Nrml: 0.00000 + L_Eknl: 2.60058 + L_Div: 0.00000 + L_Morse: 0.30729
Epoch: 0 [7430/10000 (74%)] Unweighted L_s : L_Mnfld: 0.00084,  L_NonMnfld: 0.01754,  L_Nrml: 0.00000,  L_Eknl: 0.05201, L_Morse: 3.07293

Weights: [7000.0, 600.0, 0, 50.0, 0.0, 0.1], lr=5.000e-05
Epoch: 0 [7440/10000 (74%)] Loss: 20.10841 = L_Mnfld: 6.12260 + L_NonMnfld: 11.03405 + L_Nrml: 0.00000 + L_Eknl: 2.65576 + L_Div: 0.00000 + L_Morse: 0.29599
Epoch: 0 [7440/10000 (74%)] Unweighted L_s : L_Mnfld: 0.00087,  L_NonMnfld: 0.01839,  L_Nrml: 0.00000,  L_Eknl: 0.05312, L_Morse: 2.95994

Weights: [7000.0, 600.0, 0, 50.0, 0.0, 0.1], lr=5.000e-05
Epoch: 0 [7450/10000 (74%)] Loss: 20.75030 = L_Mnfld: 6.30627 + L_NonMnfld: 11.36054 + L_Nrml: 0.00000 + L_Eknl: 2.79705 + L_Div: 0.00000 + L_Morse: 0.28644
Epoch: 0 [7450/10000 (74%)] Unweighted L_s : L_Mnfld: 0.00090,  L_NonMnfld: 0.01893,  L_Nrml: 0.00000,  L_Eknl: 0.05594, L_Morse: 2.86443

Weights: [7000.0, 600.0, 0, 50.0, 0.0, 0.1], lr=5.000e-05
Epoch: 0 [7460/10000 (75%)] Loss: 19.81222 = L_Mnfld: 6.26067 + L_NonMnfld: 10.45682 + L_Nrml: 0.00000 + L_Eknl: 2.81186 + L_Div: 0.00000 + L_Morse: 0.28288
Epoch: 0 [7460/10000 (75%)] Unweighted L_s : L_Mnfld: 0.00089,  L_NonMnfld: 0.01743,  L_Nrml: 0.00000,  L_Eknl: 0.05624, L_Morse: 2.82877

Weights: [7000.0, 600.0, 0, 50.0, 0.0, 0.1], lr=5.000e-05
Epoch: 0 [7470/10000 (75%)] Loss: 20.78945 = L_Mnfld: 6.41780 + L_NonMnfld: 11.17726 + L_Nrml: 0.00000 + L_Eknl: 2.89542 + L_Div: 0.00000 + L_Morse: 0.29896
Epoch: 0 [7470/10000 (75%)] Unweighted L_s : L_Mnfld: 0.00092,  L_NonMnfld: 0.01863,  L_Nrml: 0.00000,  L_Eknl: 0.05791, L_Morse: 2.98964

Weights: [7000.0, 600.0, 0, 50.0, 0.0, 0.1], lr=5.000e-05
Epoch: 0 [7480/10000 (75%)] Loss: 20.46740 = L_Mnfld: 6.64190 + L_NonMnfld: 10.49880 + L_Nrml: 0.00000 + L_Eknl: 3.01369 + L_Div: 0.00000 + L_Morse: 0.31302
Epoch: 0 [7480/10000 (75%)] Unweighted L_s : L_Mnfld: 0.00095,  L_NonMnfld: 0.01750,  L_Nrml: 0.00000,  L_Eknl: 0.06027, L_Morse: 3.13017

Weights: [7000.0, 600.0, 0, 50.0, 0.0, 0.1], lr=5.000e-05
Epoch: 0 [7490/10000 (75%)] Loss: 21.85392 = L_Mnfld: 6.67086 + L_NonMnfld: 12.02741 + L_Nrml: 0.00000 + L_Eknl: 2.84961 + L_Div: 0.00000 + L_Morse: 0.30605
Epoch: 0 [7490/10000 (75%)] Unweighted L_s : L_Mnfld: 0.00095,  L_NonMnfld: 0.02005,  L_Nrml: 0.00000,  L_Eknl: 0.05699, L_Morse: 3.06046

Weights: [7000.0, 600.0, 0, 50.0, 0.0, 0.1], lr=5.000e-05
Epoch: 0 [7500/10000 (75%)] Loss: 21.00704 = L_Mnfld: 6.98161 + L_NonMnfld: 10.18457 + L_Nrml: 0.00000 + L_Eknl: 3.55565 + L_Div: 0.00000 + L_Morse: 0.28522
Epoch: 0 [7500/10000 (75%)] Unweighted L_s : L_Mnfld: 0.00100,  L_NonMnfld: 0.01697,  L_Nrml: 0.00000,  L_Eknl: 0.07111, L_Morse: 2.85215

Weights: [7000.0, 600.0, 0, 50.0, 0.0, 0.1], lr=5.000e-05
Epoch: 0 [7510/10000 (75%)] Loss: 21.57751 = L_Mnfld: 7.08573 + L_NonMnfld: 11.16194 + L_Nrml: 0.00000 + L_Eknl: 3.02630 + L_Div: 0.00000 + L_Morse: 0.30354
Epoch: 0 [7510/10000 (75%)] Unweighted L_s : L_Mnfld: 0.00101,  L_NonMnfld: 0.01860,  L_Nrml: 0.00000,  L_Eknl: 0.06053, L_Morse: 3.03537

Weights: [7000.0, 600.0, 0, 50.0, 0.0, 0.1], lr=5.000e-05
Epoch: 0 [7520/10000 (75%)] Loss: 21.05274 = L_Mnfld: 7.23475 + L_NonMnfld: 10.59278 + L_Nrml: 0.00000 + L_Eknl: 2.91720 + L_Div: 0.00000 + L_Morse: 0.30801
Epoch: 0 [7520/10000 (75%)] Unweighted L_s : L_Mnfld: 0.00103,  L_NonMnfld: 0.01765,  L_Nrml: 0.00000,  L_Eknl: 0.05834, L_Morse: 3.08007

Weights: [7000.0, 600.0, 0, 50.0, 0.0, 0.1], lr=5.000e-05
Epoch: 0 [7530/10000 (75%)] Loss: 20.61483 = L_Mnfld: 6.75706 + L_NonMnfld: 10.55504 + L_Nrml: 0.00000 + L_Eknl: 2.99862 + L_Div: 0.00000 + L_Morse: 0.30412
Epoch: 0 [7530/10000 (75%)] Unweighted L_s : L_Mnfld: 0.00097,  L_NonMnfld: 0.01759,  L_Nrml: 0.00000,  L_Eknl: 0.05997, L_Morse: 3.04117

Weights: [7000.0, 600.0, 0, 50.0, 0.0, 0.1], lr=5.000e-05
Epoch: 0 [7540/10000 (75%)] Loss: 21.64417 = L_Mnfld: 6.76689 + L_NonMnfld: 11.51507 + L_Nrml: 0.00000 + L_Eknl: 3.04805 + L_Div: 0.00000 + L_Morse: 0.31417
Epoch: 0 [7540/10000 (75%)] Unweighted L_s : L_Mnfld: 0.00097,  L_NonMnfld: 0.01919,  L_Nrml: 0.00000,  L_Eknl: 0.06096, L_Morse: 3.14165

Weights: [7000.0, 600.0, 0, 50.0, 0.0, 0.1], lr=5.000e-05
Epoch: 0 [7550/10000 (76%)] Loss: 21.08368 = L_Mnfld: 6.93311 + L_NonMnfld: 10.86185 + L_Nrml: 0.00000 + L_Eknl: 2.98566 + L_Div: 0.00000 + L_Morse: 0.30306
Epoch: 0 [7550/10000 (76%)] Unweighted L_s : L_Mnfld: 0.00099,  L_NonMnfld: 0.01810,  L_Nrml: 0.00000,  L_Eknl: 0.05971, L_Morse: 3.03060

Weights: [7000.0, 600.0, 0, 50.0, 0.0, 0.1], lr=5.000e-05
Epoch: 0 [7560/10000 (76%)] Loss: 21.05377 = L_Mnfld: 6.64211 + L_NonMnfld: 11.30734 + L_Nrml: 0.00000 + L_Eknl: 2.80420 + L_Div: 0.00000 + L_Morse: 0.30012
Epoch: 0 [7560/10000 (76%)] Unweighted L_s : L_Mnfld: 0.00095,  L_NonMnfld: 0.01885,  L_Nrml: 0.00000,  L_Eknl: 0.05608, L_Morse: 3.00122

Weights: [7000.0, 600.0, 0, 50.0, 0.0, 0.1], lr=5.000e-05
Epoch: 0 [7570/10000 (76%)] Loss: 20.61000 = L_Mnfld: 6.34350 + L_NonMnfld: 10.96197 + L_Nrml: 0.00000 + L_Eknl: 3.00182 + L_Div: 0.00000 + L_Morse: 0.30271
Epoch: 0 [7570/10000 (76%)] Unweighted L_s : L_Mnfld: 0.00091,  L_NonMnfld: 0.01827,  L_Nrml: 0.00000,  L_Eknl: 0.06004, L_Morse: 3.02714

Weights: [7000.0, 600.0, 0, 50.0, 0.0, 0.1], lr=5.000e-05
Epoch: 0 [7580/10000 (76%)] Loss: 21.34030 = L_Mnfld: 6.81323 + L_NonMnfld: 11.56292 + L_Nrml: 0.00000 + L_Eknl: 2.67536 + L_Div: 0.00000 + L_Morse: 0.28879
Epoch: 0 [7580/10000 (76%)] Unweighted L_s : L_Mnfld: 0.00097,  L_NonMnfld: 0.01927,  L_Nrml: 0.00000,  L_Eknl: 0.05351, L_Morse: 2.88786

Weights: [7000.0, 600.0, 0, 50.0, 0.0, 0.1], lr=5.000e-05
Epoch: 0 [7590/10000 (76%)] Loss: 20.06785 = L_Mnfld: 6.46289 + L_NonMnfld: 10.41623 + L_Nrml: 0.00000 + L_Eknl: 2.88815 + L_Div: 0.00000 + L_Morse: 0.30058
Epoch: 0 [7590/10000 (76%)] Unweighted L_s : L_Mnfld: 0.00092,  L_NonMnfld: 0.01736,  L_Nrml: 0.00000,  L_Eknl: 0.05776, L_Morse: 3.00581

Weights: [7000.0, 600.0, 0, 50.0, 0.0, 0.1], lr=5.000e-05
Epoch: 0 [7600/10000 (76%)] Loss: 19.51564 = L_Mnfld: 6.25208 + L_NonMnfld: 10.18037 + L_Nrml: 0.00000 + L_Eknl: 2.77739 + L_Div: 0.00000 + L_Morse: 0.30581
Epoch: 0 [7600/10000 (76%)] Unweighted L_s : L_Mnfld: 0.00089,  L_NonMnfld: 0.01697,  L_Nrml: 0.00000,  L_Eknl: 0.05555, L_Morse: 3.05805

Weights: [7000.0, 600.0, 0, 50.0, 0.0, 0.1], lr=5.000e-05
Epoch: 0 [7610/10000 (76%)] Loss: 20.40559 = L_Mnfld: 6.60845 + L_NonMnfld: 10.44125 + L_Nrml: 0.00000 + L_Eknl: 3.03821 + L_Div: 0.00000 + L_Morse: 0.31768
Epoch: 0 [7610/10000 (76%)] Unweighted L_s : L_Mnfld: 0.00094,  L_NonMnfld: 0.01740,  L_Nrml: 0.00000,  L_Eknl: 0.06076, L_Morse: 3.17684

Weights: [7000.0, 600.0, 0, 50.0, 0.0, 0.1], lr=5.000e-05
Epoch: 0 [7620/10000 (76%)] Loss: 21.08372 = L_Mnfld: 6.54060 + L_NonMnfld: 11.39320 + L_Nrml: 0.00000 + L_Eknl: 2.84476 + L_Div: 0.00000 + L_Morse: 0.30516
Epoch: 0 [7620/10000 (76%)] Unweighted L_s : L_Mnfld: 0.00093,  L_NonMnfld: 0.01899,  L_Nrml: 0.00000,  L_Eknl: 0.05690, L_Morse: 3.05162

Weights: [7000.0, 600.0, 0, 50.0, 0.0, 0.1], lr=5.000e-05
Epoch: 0 [7630/10000 (76%)] Loss: 21.02697 = L_Mnfld: 6.69215 + L_NonMnfld: 11.20653 + L_Nrml: 0.00000 + L_Eknl: 2.82646 + L_Div: 0.00000 + L_Morse: 0.30182
Epoch: 0 [7630/10000 (76%)] Unweighted L_s : L_Mnfld: 0.00096,  L_NonMnfld: 0.01868,  L_Nrml: 0.00000,  L_Eknl: 0.05653, L_Morse: 3.01822

Weights: [7000.0, 600.0, 0, 50.0, 0.0, 0.1], lr=5.000e-05
Epoch: 0 [7640/10000 (76%)] Loss: 19.58482 = L_Mnfld: 6.74320 + L_NonMnfld: 9.77545 + L_Nrml: 0.00000 + L_Eknl: 2.76569 + L_Div: 0.00000 + L_Morse: 0.30048
Epoch: 0 [7640/10000 (76%)] Unweighted L_s : L_Mnfld: 0.00096,  L_NonMnfld: 0.01629,  L_Nrml: 0.00000,  L_Eknl: 0.05531, L_Morse: 3.00479

Weights: [7000.0, 600.0, 0, 50.0, 0.0, 0.1], lr=5.000e-05
Epoch: 0 [7650/10000 (76%)] Loss: 19.74636 = L_Mnfld: 6.56686 + L_NonMnfld: 9.91220 + L_Nrml: 0.00000 + L_Eknl: 2.95197 + L_Div: 0.00000 + L_Morse: 0.31533
Epoch: 0 [7650/10000 (76%)] Unweighted L_s : L_Mnfld: 0.00094,  L_NonMnfld: 0.01652,  L_Nrml: 0.00000,  L_Eknl: 0.05904, L_Morse: 3.15328

Weights: [7000.0, 600.0, 0, 50.0, 0.0, 0.1], lr=5.000e-05
Epoch: 0 [7660/10000 (77%)] Loss: 21.35491 = L_Mnfld: 6.54248 + L_NonMnfld: 11.35868 + L_Nrml: 0.00000 + L_Eknl: 3.15453 + L_Div: 0.00000 + L_Morse: 0.29922
Epoch: 0 [7660/10000 (77%)] Unweighted L_s : L_Mnfld: 0.00093,  L_NonMnfld: 0.01893,  L_Nrml: 0.00000,  L_Eknl: 0.06309, L_Morse: 2.99223

Weights: [7000.0, 600.0, 0, 50.0, 0.0, 0.1], lr=5.000e-05
Epoch: 0 [7670/10000 (77%)] Loss: 20.70919 = L_Mnfld: 6.43819 + L_NonMnfld: 11.13820 + L_Nrml: 0.00000 + L_Eknl: 2.83910 + L_Div: 0.00000 + L_Morse: 0.29369
Epoch: 0 [7670/10000 (77%)] Unweighted L_s : L_Mnfld: 0.00092,  L_NonMnfld: 0.01856,  L_Nrml: 0.00000,  L_Eknl: 0.05678, L_Morse: 2.93692

Weights: [7000.0, 600.0, 0, 50.0, 0.0, 0.1], lr=5.000e-05
Epoch: 0 [7680/10000 (77%)] Loss: 20.86568 = L_Mnfld: 6.58217 + L_NonMnfld: 11.08685 + L_Nrml: 0.00000 + L_Eknl: 2.89956 + L_Div: 0.00000 + L_Morse: 0.29710
Epoch: 0 [7680/10000 (77%)] Unweighted L_s : L_Mnfld: 0.00094,  L_NonMnfld: 0.01848,  L_Nrml: 0.00000,  L_Eknl: 0.05799, L_Morse: 2.97100

Weights: [7000.0, 600.0, 0, 50.0, 0.0, 0.1], lr=5.000e-05
Epoch: 0 [7690/10000 (77%)] Loss: 21.21455 = L_Mnfld: 6.67447 + L_NonMnfld: 11.27708 + L_Nrml: 0.00000 + L_Eknl: 2.96726 + L_Div: 0.00000 + L_Morse: 0.29575
Epoch: 0 [7690/10000 (77%)] Unweighted L_s : L_Mnfld: 0.00095,  L_NonMnfld: 0.01880,  L_Nrml: 0.00000,  L_Eknl: 0.05935, L_Morse: 2.95747

Weights: [7000.0, 600.0, 0, 50.0, 0.0, 0.1], lr=5.000e-05
Epoch: 0 [7700/10000 (77%)] Loss: 21.75249 = L_Mnfld: 6.69692 + L_NonMnfld: 11.92138 + L_Nrml: 0.00000 + L_Eknl: 2.83890 + L_Div: 0.00000 + L_Morse: 0.29529
Epoch: 0 [7700/10000 (77%)] Unweighted L_s : L_Mnfld: 0.00096,  L_NonMnfld: 0.01987,  L_Nrml: 0.00000,  L_Eknl: 0.05678, L_Morse: 2.95288

Weights: [7000.0, 600.0, 0, 50.0, 0.0, 0.1], lr=5.000e-05
Epoch: 0 [7710/10000 (77%)] Loss: 21.43762 = L_Mnfld: 6.72911 + L_NonMnfld: 11.50885 + L_Nrml: 0.00000 + L_Eknl: 2.90045 + L_Div: 0.00000 + L_Morse: 0.29920
Epoch: 0 [7710/10000 (77%)] Unweighted L_s : L_Mnfld: 0.00096,  L_NonMnfld: 0.01918,  L_Nrml: 0.00000,  L_Eknl: 0.05801, L_Morse: 2.99197

Weights: [7000.0, 600.0, 0, 50.0, 0.0, 0.1], lr=5.000e-05
Epoch: 0 [7720/10000 (77%)] Loss: 20.33274 = L_Mnfld: 6.70494 + L_NonMnfld: 10.41382 + L_Nrml: 0.00000 + L_Eknl: 2.91122 + L_Div: 0.00000 + L_Morse: 0.30276
Epoch: 0 [7720/10000 (77%)] Unweighted L_s : L_Mnfld: 0.00096,  L_NonMnfld: 0.01736,  L_Nrml: 0.00000,  L_Eknl: 0.05822, L_Morse: 3.02759

Weights: [7000.0, 600.0, 0, 50.0, 0.0, 0.1], lr=5.000e-05
Epoch: 0 [7730/10000 (77%)] Loss: 20.41145 = L_Mnfld: 6.35592 + L_NonMnfld: 10.86555 + L_Nrml: 0.00000 + L_Eknl: 2.88687 + L_Div: 0.00000 + L_Morse: 0.30311
Epoch: 0 [7730/10000 (77%)] Unweighted L_s : L_Mnfld: 0.00091,  L_NonMnfld: 0.01811,  L_Nrml: 0.00000,  L_Eknl: 0.05774, L_Morse: 3.03110

Weights: [7000.0, 600.0, 0, 50.0, 0.0, 0.1], lr=5.000e-05
Epoch: 0 [7740/10000 (77%)] Loss: 21.02765 = L_Mnfld: 6.73295 + L_NonMnfld: 11.01043 + L_Nrml: 0.00000 + L_Eknl: 2.98315 + L_Div: 0.00000 + L_Morse: 0.30112
Epoch: 0 [7740/10000 (77%)] Unweighted L_s : L_Mnfld: 0.00096,  L_NonMnfld: 0.01835,  L_Nrml: 0.00000,  L_Eknl: 0.05966, L_Morse: 3.01117

Weights: [7000.0, 600.0, 0, 50.0, 0.0, 0.1], lr=5.000e-05
Epoch: 0 [7750/10000 (78%)] Loss: 21.90070 = L_Mnfld: 6.81116 + L_NonMnfld: 11.84579 + L_Nrml: 0.00000 + L_Eknl: 2.94279 + L_Div: 0.00000 + L_Morse: 0.30096
Epoch: 0 [7750/10000 (78%)] Unweighted L_s : L_Mnfld: 0.00097,  L_NonMnfld: 0.01974,  L_Nrml: 0.00000,  L_Eknl: 0.05886, L_Morse: 3.00962

Weights: [7000.0, 600.0, 0, 50.0, 0.0, 0.1], lr=5.000e-05
Epoch: 0 [7760/10000 (78%)] Loss: 19.76527 = L_Mnfld: 6.65774 + L_NonMnfld: 9.85252 + L_Nrml: 0.00000 + L_Eknl: 2.95068 + L_Div: 0.00000 + L_Morse: 0.30434
Epoch: 0 [7760/10000 (78%)] Unweighted L_s : L_Mnfld: 0.00095,  L_NonMnfld: 0.01642,  L_Nrml: 0.00000,  L_Eknl: 0.05901, L_Morse: 3.04337

Weights: [7000.0, 600.0, 0, 50.0, 0.0, 0.1], lr=5.000e-05
Epoch: 0 [7770/10000 (78%)] Loss: 20.81124 = L_Mnfld: 6.57050 + L_NonMnfld: 11.09795 + L_Nrml: 0.00000 + L_Eknl: 2.84496 + L_Div: 0.00000 + L_Morse: 0.29782
Epoch: 0 [7770/10000 (78%)] Unweighted L_s : L_Mnfld: 0.00094,  L_NonMnfld: 0.01850,  L_Nrml: 0.00000,  L_Eknl: 0.05690, L_Morse: 2.97819

Weights: [7000.0, 600.0, 0, 50.0, 0.0, 0.1], lr=5.000e-05
Epoch: 0 [7780/10000 (78%)] Loss: 20.80324 = L_Mnfld: 6.80087 + L_NonMnfld: 10.89411 + L_Nrml: 0.00000 + L_Eknl: 2.81333 + L_Div: 0.00000 + L_Morse: 0.29492
Epoch: 0 [7780/10000 (78%)] Unweighted L_s : L_Mnfld: 0.00097,  L_NonMnfld: 0.01816,  L_Nrml: 0.00000,  L_Eknl: 0.05627, L_Morse: 2.94924

Weights: [7000.0, 600.0, 0, 50.0, 0.0, 0.1], lr=5.000e-05
Epoch: 0 [7790/10000 (78%)] Loss: 20.29892 = L_Mnfld: 6.77605 + L_NonMnfld: 10.46424 + L_Nrml: 0.00000 + L_Eknl: 2.76518 + L_Div: 0.00000 + L_Morse: 0.29346
Epoch: 0 [7790/10000 (78%)] Unweighted L_s : L_Mnfld: 0.00097,  L_NonMnfld: 0.01744,  L_Nrml: 0.00000,  L_Eknl: 0.05530, L_Morse: 2.93455

Weights: [7000.0, 600.0, 0, 50.0, 0.0, 0.1], lr=5.000e-05
Epoch: 0 [7800/10000 (78%)] Loss: 18.80535 = L_Mnfld: 6.50743 + L_NonMnfld: 9.22086 + L_Nrml: 0.00000 + L_Eknl: 2.80651 + L_Div: 0.00000 + L_Morse: 0.27055
Epoch: 0 [7800/10000 (78%)] Unweighted L_s : L_Mnfld: 0.00093,  L_NonMnfld: 0.01537,  L_Nrml: 0.00000,  L_Eknl: 0.05613, L_Morse: 2.70552

Weights: [7000.0, 600.0, 0, 50.0, 0.0, 0.1], lr=5.000e-05
Epoch: 0 [7810/10000 (78%)] Loss: 21.25958 = L_Mnfld: 6.60937 + L_NonMnfld: 11.59088 + L_Nrml: 0.00000 + L_Eknl: 2.76134 + L_Div: 0.00000 + L_Morse: 0.29799
Epoch: 0 [7810/10000 (78%)] Unweighted L_s : L_Mnfld: 0.00094,  L_NonMnfld: 0.01932,  L_Nrml: 0.00000,  L_Eknl: 0.05523, L_Morse: 2.97995

Weights: [7000.0, 600.0, 0, 50.0, 0.0, 0.1], lr=5.000e-05
Epoch: 0 [7820/10000 (78%)] Loss: 20.35712 = L_Mnfld: 6.39759 + L_NonMnfld: 10.98848 + L_Nrml: 0.00000 + L_Eknl: 2.67450 + L_Div: 0.00000 + L_Morse: 0.29655
Epoch: 0 [7820/10000 (78%)] Unweighted L_s : L_Mnfld: 0.00091,  L_NonMnfld: 0.01831,  L_Nrml: 0.00000,  L_Eknl: 0.05349, L_Morse: 2.96552

Weights: [7000.0, 600.0, 0, 50.0, 0.0, 0.1], lr=5.000e-05
Epoch: 0 [7830/10000 (78%)] Loss: 20.96579 = L_Mnfld: 6.45817 + L_NonMnfld: 11.32908 + L_Nrml: 0.00000 + L_Eknl: 2.90078 + L_Div: 0.00000 + L_Morse: 0.27775
Epoch: 0 [7830/10000 (78%)] Unweighted L_s : L_Mnfld: 0.00092,  L_NonMnfld: 0.01888,  L_Nrml: 0.00000,  L_Eknl: 0.05802, L_Morse: 2.77752

Weights: [7000.0, 600.0, 0, 50.0, 0.0, 0.1], lr=5.000e-05
Epoch: 0 [7840/10000 (78%)] Loss: 20.20247 = L_Mnfld: 6.25536 + L_NonMnfld: 10.91241 + L_Nrml: 0.00000 + L_Eknl: 2.74369 + L_Div: 0.00000 + L_Morse: 0.29101
Epoch: 0 [7840/10000 (78%)] Unweighted L_s : L_Mnfld: 0.00089,  L_NonMnfld: 0.01819,  L_Nrml: 0.00000,  L_Eknl: 0.05487, L_Morse: 2.91008

Weights: [7000.0, 600.0, 0, 50.0, 0.0, 0.1], lr=5.000e-05
Epoch: 0 [7850/10000 (78%)] Loss: 20.92385 = L_Mnfld: 6.35445 + L_NonMnfld: 11.51287 + L_Nrml: 0.00000 + L_Eknl: 2.75284 + L_Div: 0.00000 + L_Morse: 0.30369
Epoch: 0 [7850/10000 (78%)] Unweighted L_s : L_Mnfld: 0.00091,  L_NonMnfld: 0.01919,  L_Nrml: 0.00000,  L_Eknl: 0.05506, L_Morse: 3.03688

Weights: [7000.0, 600.0, 0, 50.0, 0.0, 0.1], lr=5.000e-05
Epoch: 0 [7860/10000 (79%)] Loss: 20.19086 = L_Mnfld: 6.38088 + L_NonMnfld: 10.76186 + L_Nrml: 0.00000 + L_Eknl: 2.75612 + L_Div: 0.00000 + L_Morse: 0.29200
Epoch: 0 [7860/10000 (79%)] Unweighted L_s : L_Mnfld: 0.00091,  L_NonMnfld: 0.01794,  L_Nrml: 0.00000,  L_Eknl: 0.05512, L_Morse: 2.92004

Weights: [7000.0, 600.0, 0, 50.0, 0.0, 0.1], lr=5.000e-05
Epoch: 0 [7870/10000 (79%)] Loss: 20.91898 = L_Mnfld: 6.58056 + L_NonMnfld: 11.14520 + L_Nrml: 0.00000 + L_Eknl: 2.90342 + L_Div: 0.00000 + L_Morse: 0.28979
Epoch: 0 [7870/10000 (79%)] Unweighted L_s : L_Mnfld: 0.00094,  L_NonMnfld: 0.01858,  L_Nrml: 0.00000,  L_Eknl: 0.05807, L_Morse: 2.89786

Weights: [7000.0, 600.0, 0, 50.0, 0.0, 0.1], lr=5.000e-05
Epoch: 0 [7880/10000 (79%)] Loss: 21.08352 = L_Mnfld: 6.46001 + L_NonMnfld: 11.32263 + L_Nrml: 0.00000 + L_Eknl: 2.99839 + L_Div: 0.00000 + L_Morse: 0.30250
Epoch: 0 [7880/10000 (79%)] Unweighted L_s : L_Mnfld: 0.00092,  L_NonMnfld: 0.01887,  L_Nrml: 0.00000,  L_Eknl: 0.05997, L_Morse: 3.02496

Weights: [7000.0, 600.0, 0, 50.0, 0.0, 0.1], lr=5.000e-05
Epoch: 0 [7890/10000 (79%)] Loss: 20.63113 = L_Mnfld: 6.69925 + L_NonMnfld: 10.74431 + L_Nrml: 0.00000 + L_Eknl: 2.90142 + L_Div: 0.00000 + L_Morse: 0.28615
Epoch: 0 [7890/10000 (79%)] Unweighted L_s : L_Mnfld: 0.00096,  L_NonMnfld: 0.01791,  L_Nrml: 0.00000,  L_Eknl: 0.05803, L_Morse: 2.86152

Weights: [7000.0, 600.0, 0, 50.0, 0.0, 0.1], lr=5.000e-05
Epoch: 0 [7900/10000 (79%)] Loss: 20.71424 = L_Mnfld: 6.27667 + L_NonMnfld: 11.44066 + L_Nrml: 0.00000 + L_Eknl: 2.70515 + L_Div: 0.00000 + L_Morse: 0.29175
Epoch: 0 [7900/10000 (79%)] Unweighted L_s : L_Mnfld: 0.00090,  L_NonMnfld: 0.01907,  L_Nrml: 0.00000,  L_Eknl: 0.05410, L_Morse: 2.91748

Weights: [7000.0, 600.0, 0, 50.0, 0.0, 0.1], lr=5.000e-05
Epoch: 0 [7910/10000 (79%)] Loss: 20.56227 = L_Mnfld: 6.31669 + L_NonMnfld: 11.26336 + L_Nrml: 0.00000 + L_Eknl: 2.67088 + L_Div: 0.00000 + L_Morse: 0.31134
Epoch: 0 [7910/10000 (79%)] Unweighted L_s : L_Mnfld: 0.00090,  L_NonMnfld: 0.01877,  L_Nrml: 0.00000,  L_Eknl: 0.05342, L_Morse: 3.11340

Weights: [7000.0, 600.0, 0, 50.0, 0.0, 0.1], lr=5.000e-05
Epoch: 0 [7920/10000 (79%)] Loss: 20.28171 = L_Mnfld: 6.16645 + L_NonMnfld: 11.22901 + L_Nrml: 0.00000 + L_Eknl: 2.59247 + L_Div: 0.00000 + L_Morse: 0.29377
Epoch: 0 [7920/10000 (79%)] Unweighted L_s : L_Mnfld: 0.00088,  L_NonMnfld: 0.01872,  L_Nrml: 0.00000,  L_Eknl: 0.05185, L_Morse: 2.93772

Weights: [7000.0, 600.0, 0, 50.0, 0.0, 0.1], lr=5.000e-05
Epoch: 0 [7930/10000 (79%)] Loss: 20.23368 = L_Mnfld: 6.40668 + L_NonMnfld: 10.61470 + L_Nrml: 0.00000 + L_Eknl: 2.91401 + L_Div: 0.00000 + L_Morse: 0.29828
Epoch: 0 [7930/10000 (79%)] Unweighted L_s : L_Mnfld: 0.00092,  L_NonMnfld: 0.01769,  L_Nrml: 0.00000,  L_Eknl: 0.05828, L_Morse: 2.98285

Weights: [7000.0, 600.0, 0, 50.0, 0.0, 0.1], lr=5.000e-05
Epoch: 0 [7940/10000 (79%)] Loss: 21.78522 = L_Mnfld: 6.36077 + L_NonMnfld: 12.37839 + L_Nrml: 0.00000 + L_Eknl: 2.75908 + L_Div: 0.00000 + L_Morse: 0.28698
Epoch: 0 [7940/10000 (79%)] Unweighted L_s : L_Mnfld: 0.00091,  L_NonMnfld: 0.02063,  L_Nrml: 0.00000,  L_Eknl: 0.05518, L_Morse: 2.86978

Weights: [7000.0, 600.0, 0, 50.0, 0.0, 0.1], lr=5.000e-05
Epoch: 0 [7950/10000 (80%)] Loss: 20.43732 = L_Mnfld: 6.47102 + L_NonMnfld: 10.93919 + L_Nrml: 0.00000 + L_Eknl: 2.73265 + L_Div: 0.00000 + L_Morse: 0.29445
Epoch: 0 [7950/10000 (80%)] Unweighted L_s : L_Mnfld: 0.00092,  L_NonMnfld: 0.01823,  L_Nrml: 0.00000,  L_Eknl: 0.05465, L_Morse: 2.94449

Weights: [7000.0, 600.0, 0, 50.0, 0.0, 0.1], lr=5.000e-05
Epoch: 0 [7960/10000 (80%)] Loss: 20.17365 = L_Mnfld: 6.38392 + L_NonMnfld: 10.68453 + L_Nrml: 0.00000 + L_Eknl: 2.80545 + L_Div: 0.00000 + L_Morse: 0.29975
Epoch: 0 [7960/10000 (80%)] Unweighted L_s : L_Mnfld: 0.00091,  L_NonMnfld: 0.01781,  L_Nrml: 0.00000,  L_Eknl: 0.05611, L_Morse: 2.99746

Weights: [7000.0, 600.0, 0, 50.0, 0.0, 0.1], lr=5.000e-05
Epoch: 0 [7970/10000 (80%)] Loss: 19.49009 = L_Mnfld: 5.88080 + L_NonMnfld: 10.45685 + L_Nrml: 0.00000 + L_Eknl: 2.86321 + L_Div: 0.00000 + L_Morse: 0.28922
Epoch: 0 [7970/10000 (80%)] Unweighted L_s : L_Mnfld: 0.00084,  L_NonMnfld: 0.01743,  L_Nrml: 0.00000,  L_Eknl: 0.05726, L_Morse: 2.89223

Weights: [7000.0, 600.0, 0, 50.0, 0.0, 0.1], lr=5.000e-05
Epoch: 0 [7980/10000 (80%)] Loss: 21.56379 = L_Mnfld: 6.44829 + L_NonMnfld: 11.91440 + L_Nrml: 0.00000 + L_Eknl: 2.90184 + L_Div: 0.00000 + L_Morse: 0.29926
Epoch: 0 [7980/10000 (80%)] Unweighted L_s : L_Mnfld: 0.00092,  L_NonMnfld: 0.01986,  L_Nrml: 0.00000,  L_Eknl: 0.05804, L_Morse: 2.99259

Weights: [7000.0, 600.0, 0, 50.0, 0.0, 0.1], lr=5.000e-05
Epoch: 0 [7990/10000 (80%)] Loss: 20.61188 = L_Mnfld: 6.46508 + L_NonMnfld: 11.05110 + L_Nrml: 0.00000 + L_Eknl: 2.80930 + L_Div: 0.00000 + L_Morse: 0.28640
Epoch: 0 [7990/10000 (80%)] Unweighted L_s : L_Mnfld: 0.00092,  L_NonMnfld: 0.01842,  L_Nrml: 0.00000,  L_Eknl: 0.05619, L_Morse: 2.86397

Weights: [7000.0, 600.0, 0, 50.0, 0.0, 0.1], lr=5.000e-05
Epoch: 0 [8000/10000 (80%)] Loss: 20.46728 = L_Mnfld: 6.52449 + L_NonMnfld: 10.73902 + L_Nrml: 0.00000 + L_Eknl: 2.90950 + L_Div: 0.00000 + L_Morse: 0.29427
Epoch: 0 [8000/10000 (80%)] Unweighted L_s : L_Mnfld: 0.00093,  L_NonMnfld: 0.01790,  L_Nrml: 0.00000,  L_Eknl: 0.05819, L_Morse: 2.94273

Weights: [7000.0, 600.0, 0, 50.0, 0.0, 0.1], lr=5.000e-05
Epoch: 0 [8010/10000 (80%)] Loss: 21.58178 = L_Mnfld: 7.06886 + L_NonMnfld: 10.86560 + L_Nrml: 0.00000 + L_Eknl: 3.34190 + L_Div: 0.00000 + L_Morse: 0.30542
Epoch: 0 [8010/10000 (80%)] Unweighted L_s : L_Mnfld: 0.00101,  L_NonMnfld: 0.01811,  L_Nrml: 0.00000,  L_Eknl: 0.06684, L_Morse: 3.05423

Weights: [7000.0, 600.0, 0, 50.0, 0.0, 0.1], lr=5.000e-05
Epoch: 0 [8020/10000 (80%)] Loss: 21.04949 = L_Mnfld: 6.78752 + L_NonMnfld: 11.06442 + L_Nrml: 0.00000 + L_Eknl: 2.89714 + L_Div: 0.00000 + L_Morse: 0.30041
Epoch: 0 [8020/10000 (80%)] Unweighted L_s : L_Mnfld: 0.00097,  L_NonMnfld: 0.01844,  L_Nrml: 0.00000,  L_Eknl: 0.05794, L_Morse: 3.00413

Weights: [7000.0, 600.0, 0, 50.0, 0.0, 0.1], lr=5.000e-05
Epoch: 0 [8030/10000 (80%)] Loss: 21.11638 = L_Mnfld: 6.66220 + L_NonMnfld: 11.11482 + L_Nrml: 0.00000 + L_Eknl: 3.04891 + L_Div: 0.00000 + L_Morse: 0.29046
Epoch: 0 [8030/10000 (80%)] Unweighted L_s : L_Mnfld: 0.00095,  L_NonMnfld: 0.01852,  L_Nrml: 0.00000,  L_Eknl: 0.06098, L_Morse: 2.90457

Weights: [7000.0, 600.0, 0, 50.0, 0.0, 0.1], lr=5.000e-05
Epoch: 0 [8040/10000 (80%)] Loss: 21.07339 = L_Mnfld: 6.42503 + L_NonMnfld: 11.57556 + L_Nrml: 0.00000 + L_Eknl: 2.77757 + L_Div: 0.00000 + L_Morse: 0.29522
Epoch: 0 [8040/10000 (80%)] Unweighted L_s : L_Mnfld: 0.00092,  L_NonMnfld: 0.01929,  L_Nrml: 0.00000,  L_Eknl: 0.05555, L_Morse: 2.95217

Weights: [7000.0, 600.0, 0, 50.0, 0.0, 0.1], lr=5.000e-05
Epoch: 0 [8050/10000 (80%)] Loss: 20.35387 = L_Mnfld: 6.52500 + L_NonMnfld: 10.87951 + L_Nrml: 0.00000 + L_Eknl: 2.66342 + L_Div: 0.00000 + L_Morse: 0.28595
Epoch: 0 [8050/10000 (80%)] Unweighted L_s : L_Mnfld: 0.00093,  L_NonMnfld: 0.01813,  L_Nrml: 0.00000,  L_Eknl: 0.05327, L_Morse: 2.85946

Weights: [7000.0, 600.0, 0, 50.0, 0.0, 0.1], lr=5.000e-05
Epoch: 0 [8060/10000 (81%)] Loss: 20.46588 = L_Mnfld: 6.27990 + L_NonMnfld: 11.15759 + L_Nrml: 0.00000 + L_Eknl: 2.74349 + L_Div: 0.00000 + L_Morse: 0.28490
Epoch: 0 [8060/10000 (81%)] Unweighted L_s : L_Mnfld: 0.00090,  L_NonMnfld: 0.01860,  L_Nrml: 0.00000,  L_Eknl: 0.05487, L_Morse: 2.84903

Weights: [7000.0, 600.0, 0, 50.0, 0.0, 0.1], lr=5.000e-05
Epoch: 0 [8070/10000 (81%)] Loss: 20.66961 = L_Mnfld: 6.69851 + L_NonMnfld: 10.75200 + L_Nrml: 0.00000 + L_Eknl: 2.92402 + L_Div: 0.00000 + L_Morse: 0.29507
Epoch: 0 [8070/10000 (81%)] Unweighted L_s : L_Mnfld: 0.00096,  L_NonMnfld: 0.01792,  L_Nrml: 0.00000,  L_Eknl: 0.05848, L_Morse: 2.95072

Weights: [7000.0, 600.0, 0, 50.0, 0.0, 0.1], lr=5.000e-05
Epoch: 0 [8080/10000 (81%)] Loss: 20.60920 = L_Mnfld: 6.66267 + L_NonMnfld: 10.73999 + L_Nrml: 0.00000 + L_Eknl: 2.89577 + L_Div: 0.00000 + L_Morse: 0.31077
Epoch: 0 [8080/10000 (81%)] Unweighted L_s : L_Mnfld: 0.00095,  L_NonMnfld: 0.01790,  L_Nrml: 0.00000,  L_Eknl: 0.05792, L_Morse: 3.10767

Weights: [7000.0, 600.0, 0, 50.0, 0.0, 0.1], lr=5.000e-05
Epoch: 0 [8090/10000 (81%)] Loss: 20.37145 = L_Mnfld: 6.80261 + L_NonMnfld: 10.44558 + L_Nrml: 0.00000 + L_Eknl: 2.83048 + L_Div: 0.00000 + L_Morse: 0.29278
Epoch: 0 [8090/10000 (81%)] Unweighted L_s : L_Mnfld: 0.00097,  L_NonMnfld: 0.01741,  L_Nrml: 0.00000,  L_Eknl: 0.05661, L_Morse: 2.92783

Weights: [7000.0, 600.0, 0, 50.0, 0.0, 0.1], lr=5.000e-05
Epoch: 0 [8100/10000 (81%)] Loss: 20.01458 = L_Mnfld: 6.41684 + L_NonMnfld: 10.22508 + L_Nrml: 0.00000 + L_Eknl: 3.06637 + L_Div: 0.00000 + L_Morse: 0.30628
Epoch: 0 [8100/10000 (81%)] Unweighted L_s : L_Mnfld: 0.00092,  L_NonMnfld: 0.01704,  L_Nrml: 0.00000,  L_Eknl: 0.06133, L_Morse: 3.06278

Weights: [7000.0, 600.0, 0, 50.0, 0.0, 0.1], lr=5.000e-05
Epoch: 0 [8110/10000 (81%)] Loss: 19.30613 = L_Mnfld: 6.27872 + L_NonMnfld: 9.90847 + L_Nrml: 0.00000 + L_Eknl: 2.83506 + L_Div: 0.00000 + L_Morse: 0.28388
Epoch: 0 [8110/10000 (81%)] Unweighted L_s : L_Mnfld: 0.00090,  L_NonMnfld: 0.01651,  L_Nrml: 0.00000,  L_Eknl: 0.05670, L_Morse: 2.83881

Weights: [7000.0, 600.0, 0, 50.0, 0.0, 0.1], lr=5.000e-05
Epoch: 0 [8120/10000 (81%)] Loss: 20.73487 = L_Mnfld: 6.46242 + L_NonMnfld: 11.22964 + L_Nrml: 0.00000 + L_Eknl: 2.74762 + L_Div: 0.00000 + L_Morse: 0.29520
Epoch: 0 [8120/10000 (81%)] Unweighted L_s : L_Mnfld: 0.00092,  L_NonMnfld: 0.01872,  L_Nrml: 0.00000,  L_Eknl: 0.05495, L_Morse: 2.95195

Weights: [7000.0, 600.0, 0, 50.0, 0.0, 0.1], lr=5.000e-05
Epoch: 0 [8130/10000 (81%)] Loss: 19.59841 = L_Mnfld: 6.31647 + L_NonMnfld: 10.26505 + L_Nrml: 0.00000 + L_Eknl: 2.71577 + L_Div: 0.00000 + L_Morse: 0.30112
Epoch: 0 [8130/10000 (81%)] Unweighted L_s : L_Mnfld: 0.00090,  L_NonMnfld: 0.01711,  L_Nrml: 0.00000,  L_Eknl: 0.05432, L_Morse: 3.01123

Weights: [7000.0, 600.0, 0, 50.0, 0.0, 0.1], lr=5.000e-05
Epoch: 0 [8140/10000 (81%)] Loss: 20.72495 = L_Mnfld: 6.63245 + L_NonMnfld: 10.93975 + L_Nrml: 0.00000 + L_Eknl: 2.85986 + L_Div: 0.00000 + L_Morse: 0.29289
Epoch: 0 [8140/10000 (81%)] Unweighted L_s : L_Mnfld: 0.00095,  L_NonMnfld: 0.01823,  L_Nrml: 0.00000,  L_Eknl: 0.05720, L_Morse: 2.92888

Weights: [7000.0, 600.0, 0, 50.0, 0.0, 0.1], lr=5.000e-05
Epoch: 0 [8150/10000 (82%)] Loss: 21.27553 = L_Mnfld: 6.44809 + L_NonMnfld: 11.72844 + L_Nrml: 0.00000 + L_Eknl: 2.79559 + L_Div: 0.00000 + L_Morse: 0.30341
Epoch: 0 [8150/10000 (82%)] Unweighted L_s : L_Mnfld: 0.00092,  L_NonMnfld: 0.01955,  L_Nrml: 0.00000,  L_Eknl: 0.05591, L_Morse: 3.03411

Weights: [7000.0, 600.0, 0, 50.0, 0.0, 0.1], lr=5.000e-05
Epoch: 0 [8160/10000 (82%)] Loss: 20.43222 = L_Mnfld: 5.97603 + L_NonMnfld: 11.60242 + L_Nrml: 0.00000 + L_Eknl: 2.57434 + L_Div: 0.00000 + L_Morse: 0.27942
Epoch: 0 [8160/10000 (82%)] Unweighted L_s : L_Mnfld: 0.00085,  L_NonMnfld: 0.01934,  L_Nrml: 0.00000,  L_Eknl: 0.05149, L_Morse: 2.79423

Weights: [7000.0, 600.0, 0, 50.0, 0.0, 0.1], lr=5.000e-05
Epoch: 0 [8170/10000 (82%)] Loss: 19.24644 = L_Mnfld: 6.09905 + L_NonMnfld: 10.19348 + L_Nrml: 0.00000 + L_Eknl: 2.66319 + L_Div: 0.00000 + L_Morse: 0.29071
Epoch: 0 [8170/10000 (82%)] Unweighted L_s : L_Mnfld: 0.00087,  L_NonMnfld: 0.01699,  L_Nrml: 0.00000,  L_Eknl: 0.05326, L_Morse: 2.90714

Weights: [7000.0, 600.0, 0, 50.0, 0.0, 0.1], lr=5.000e-05
Epoch: 0 [8180/10000 (82%)] Loss: 19.03907 = L_Mnfld: 5.61188 + L_NonMnfld: 10.47021 + L_Nrml: 0.00000 + L_Eknl: 2.66566 + L_Div: 0.00000 + L_Morse: 0.29131
Epoch: 0 [8180/10000 (82%)] Unweighted L_s : L_Mnfld: 0.00080,  L_NonMnfld: 0.01745,  L_Nrml: 0.00000,  L_Eknl: 0.05331, L_Morse: 2.91313

Weights: [7000.0, 600.0, 0, 50.0, 0.0, 0.1], lr=5.000e-05
Epoch: 0 [8190/10000 (82%)] Loss: 20.17526 = L_Mnfld: 5.96119 + L_NonMnfld: 11.27130 + L_Nrml: 0.00000 + L_Eknl: 2.66221 + L_Div: 0.00000 + L_Morse: 0.28056
Epoch: 0 [8190/10000 (82%)] Unweighted L_s : L_Mnfld: 0.00085,  L_NonMnfld: 0.01879,  L_Nrml: 0.00000,  L_Eknl: 0.05324, L_Morse: 2.80563

Weights: [7000.0, 600.0, 0, 50.0, 0.0, 0.1], lr=5.000e-05
Epoch: 0 [8200/10000 (82%)] Loss: 19.91825 = L_Mnfld: 5.79689 + L_NonMnfld: 11.22683 + L_Nrml: 0.00000 + L_Eknl: 2.61107 + L_Div: 0.00000 + L_Morse: 0.28346
Epoch: 0 [8200/10000 (82%)] Unweighted L_s : L_Mnfld: 0.00083,  L_NonMnfld: 0.01871,  L_Nrml: 0.00000,  L_Eknl: 0.05222, L_Morse: 2.83461

Weights: [7000.0, 600.0, 0, 50.0, 0.0, 0.1], lr=5.000e-05
Epoch: 0 [8210/10000 (82%)] Loss: 19.43223 = L_Mnfld: 5.95946 + L_NonMnfld: 10.44877 + L_Nrml: 0.00000 + L_Eknl: 2.71802 + L_Div: 0.00000 + L_Morse: 0.30598
Epoch: 0 [8210/10000 (82%)] Unweighted L_s : L_Mnfld: 0.00085,  L_NonMnfld: 0.01741,  L_Nrml: 0.00000,  L_Eknl: 0.05436, L_Morse: 3.05978

Weights: [7000.0, 600.0, 0, 50.0, 0.0, 0.1], lr=5.000e-05
Epoch: 0 [8220/10000 (82%)] Loss: 20.53954 = L_Mnfld: 6.34805 + L_NonMnfld: 11.15275 + L_Nrml: 0.00000 + L_Eknl: 2.74687 + L_Div: 0.00000 + L_Morse: 0.29186
Epoch: 0 [8220/10000 (82%)] Unweighted L_s : L_Mnfld: 0.00091,  L_NonMnfld: 0.01859,  L_Nrml: 0.00000,  L_Eknl: 0.05494, L_Morse: 2.91863

Weights: [7000.0, 600.0, 0, 50.0, 0.0, 0.1], lr=5.000e-05
Epoch: 0 [8230/10000 (82%)] Loss: 20.32881 = L_Mnfld: 6.30794 + L_NonMnfld: 10.97877 + L_Nrml: 0.00000 + L_Eknl: 2.75223 + L_Div: 0.00000 + L_Morse: 0.28986
Epoch: 0 [8230/10000 (82%)] Unweighted L_s : L_Mnfld: 0.00090,  L_NonMnfld: 0.01830,  L_Nrml: 0.00000,  L_Eknl: 0.05504, L_Morse: 2.89862

Weights: [7000.0, 600.0, 0, 50.0, 0.0, 0.1], lr=5.000e-05
Epoch: 0 [8240/10000 (82%)] Loss: 19.49928 = L_Mnfld: 6.05719 + L_NonMnfld: 10.43748 + L_Nrml: 0.00000 + L_Eknl: 2.71377 + L_Div: 0.00000 + L_Morse: 0.29084
Epoch: 0 [8240/10000 (82%)] Unweighted L_s : L_Mnfld: 0.00087,  L_NonMnfld: 0.01740,  L_Nrml: 0.00000,  L_Eknl: 0.05428, L_Morse: 2.90845

Weights: [7000.0, 600.0, 0, 50.0, 0.0, 0.1], lr=5.000e-05
Epoch: 0 [8250/10000 (82%)] Loss: 20.91168 = L_Mnfld: 5.97894 + L_NonMnfld: 11.98327 + L_Nrml: 0.00000 + L_Eknl: 2.64164 + L_Div: 0.00000 + L_Morse: 0.30783
Epoch: 0 [8250/10000 (82%)] Unweighted L_s : L_Mnfld: 0.00085,  L_NonMnfld: 0.01997,  L_Nrml: 0.00000,  L_Eknl: 0.05283, L_Morse: 3.07829

Weights: [7000.0, 600.0, 0, 50.0, 0.0, 0.1], lr=5.000e-05
Epoch: 0 [8260/10000 (83%)] Loss: 19.87321 = L_Mnfld: 6.07589 + L_NonMnfld: 10.94094 + L_Nrml: 0.00000 + L_Eknl: 2.56850 + L_Div: 0.00000 + L_Morse: 0.28789
Epoch: 0 [8260/10000 (83%)] Unweighted L_s : L_Mnfld: 0.00087,  L_NonMnfld: 0.01823,  L_Nrml: 0.00000,  L_Eknl: 0.05137, L_Morse: 2.87887

Weights: [7000.0, 600.0, 0, 50.0, 0.0, 0.1], lr=5.000e-05
Epoch: 0 [8270/10000 (83%)] Loss: 21.07545 = L_Mnfld: 6.24192 + L_NonMnfld: 11.68319 + L_Nrml: 0.00000 + L_Eknl: 2.85648 + L_Div: 0.00000 + L_Morse: 0.29386
Epoch: 0 [8270/10000 (83%)] Unweighted L_s : L_Mnfld: 0.00089,  L_NonMnfld: 0.01947,  L_Nrml: 0.00000,  L_Eknl: 0.05713, L_Morse: 2.93857

Weights: [7000.0, 600.0, 0, 50.0, 0.0, 0.1], lr=5.000e-05
Epoch: 0 [8280/10000 (83%)] Loss: 19.33451 = L_Mnfld: 5.71546 + L_NonMnfld: 10.67147 + L_Nrml: 0.00000 + L_Eknl: 2.64398 + L_Div: 0.00000 + L_Morse: 0.30360
Epoch: 0 [8280/10000 (83%)] Unweighted L_s : L_Mnfld: 0.00082,  L_NonMnfld: 0.01779,  L_Nrml: 0.00000,  L_Eknl: 0.05288, L_Morse: 3.03596

Weights: [7000.0, 600.0, 0, 50.0, 0.0, 0.1], lr=5.000e-05
Epoch: 0 [8290/10000 (83%)] Loss: 20.30628 = L_Mnfld: 6.46619 + L_NonMnfld: 10.82333 + L_Nrml: 0.00000 + L_Eknl: 2.73758 + L_Div: 0.00000 + L_Morse: 0.27918
Epoch: 0 [8290/10000 (83%)] Unweighted L_s : L_Mnfld: 0.00092,  L_NonMnfld: 0.01804,  L_Nrml: 0.00000,  L_Eknl: 0.05475, L_Morse: 2.79180

Weights: [7000.0, 600.0, 0, 50.0, 0.0, 0.1], lr=5.000e-05
Epoch: 0 [8300/10000 (83%)] Loss: 21.13369 = L_Mnfld: 6.40368 + L_NonMnfld: 11.42999 + L_Nrml: 0.00000 + L_Eknl: 3.01549 + L_Div: 0.00000 + L_Morse: 0.28452
Epoch: 0 [8300/10000 (83%)] Unweighted L_s : L_Mnfld: 0.00091,  L_NonMnfld: 0.01905,  L_Nrml: 0.00000,  L_Eknl: 0.06031, L_Morse: 2.84524

Weights: [7000.0, 600.0, 0, 50.0, 0.0, 0.1], lr=5.000e-05
Epoch: 0 [8310/10000 (83%)] Loss: 21.43037 = L_Mnfld: 6.50188 + L_NonMnfld: 11.71884 + L_Nrml: 0.00000 + L_Eknl: 2.91808 + L_Div: 0.00000 + L_Morse: 0.29157
Epoch: 0 [8310/10000 (83%)] Unweighted L_s : L_Mnfld: 0.00093,  L_NonMnfld: 0.01953,  L_Nrml: 0.00000,  L_Eknl: 0.05836, L_Morse: 2.91567

Weights: [7000.0, 600.0, 0, 50.0, 0.0, 0.1], lr=5.000e-05
Epoch: 0 [8320/10000 (83%)] Loss: 19.54057 = L_Mnfld: 5.98117 + L_NonMnfld: 10.42827 + L_Nrml: 0.00000 + L_Eknl: 2.83558 + L_Div: 0.00000 + L_Morse: 0.29555
Epoch: 0 [8320/10000 (83%)] Unweighted L_s : L_Mnfld: 0.00085,  L_NonMnfld: 0.01738,  L_Nrml: 0.00000,  L_Eknl: 0.05671, L_Morse: 2.95553

Weights: [7000.0, 600.0, 0, 50.0, 0.0, 0.1], lr=5.000e-05
Epoch: 0 [8330/10000 (83%)] Loss: 18.66020 = L_Mnfld: 6.37243 + L_NonMnfld: 9.10783 + L_Nrml: 0.00000 + L_Eknl: 2.89405 + L_Div: 0.00000 + L_Morse: 0.28590
Epoch: 0 [8330/10000 (83%)] Unweighted L_s : L_Mnfld: 0.00091,  L_NonMnfld: 0.01518,  L_Nrml: 0.00000,  L_Eknl: 0.05788, L_Morse: 2.85899

Weights: [7000.0, 600.0, 0, 50.0, 0.0, 0.1], lr=5.000e-05
Epoch: 0 [8340/10000 (83%)] Loss: 19.20093 = L_Mnfld: 5.92940 + L_NonMnfld: 10.28183 + L_Nrml: 0.00000 + L_Eknl: 2.69706 + L_Div: 0.00000 + L_Morse: 0.29264
Epoch: 0 [8340/10000 (83%)] Unweighted L_s : L_Mnfld: 0.00085,  L_NonMnfld: 0.01714,  L_Nrml: 0.00000,  L_Eknl: 0.05394, L_Morse: 2.92638

Weights: [7000.0, 600.0, 0, 50.0, 0.0, 0.1], lr=5.000e-05
Epoch: 0 [8350/10000 (84%)] Loss: 19.86604 = L_Mnfld: 6.39590 + L_NonMnfld: 10.37216 + L_Nrml: 0.00000 + L_Eknl: 2.81891 + L_Div: 0.00000 + L_Morse: 0.27907
Epoch: 0 [8350/10000 (84%)] Unweighted L_s : L_Mnfld: 0.00091,  L_NonMnfld: 0.01729,  L_Nrml: 0.00000,  L_Eknl: 0.05638, L_Morse: 2.79071

Weights: [7000.0, 600.0, 0, 50.0, 0.0, 0.1], lr=5.000e-05
Epoch: 0 [8360/10000 (84%)] Loss: 20.54802 = L_Mnfld: 6.31769 + L_NonMnfld: 11.12959 + L_Nrml: 0.00000 + L_Eknl: 2.80635 + L_Div: 0.00000 + L_Morse: 0.29439
Epoch: 0 [8360/10000 (84%)] Unweighted L_s : L_Mnfld: 0.00090,  L_NonMnfld: 0.01855,  L_Nrml: 0.00000,  L_Eknl: 0.05613, L_Morse: 2.94391

Weights: [7000.0, 600.0, 0, 50.0, 0.0, 0.1], lr=5.000e-05
Epoch: 0 [8370/10000 (84%)] Loss: 20.01228 = L_Mnfld: 6.45086 + L_NonMnfld: 10.48848 + L_Nrml: 0.00000 + L_Eknl: 2.77989 + L_Div: 0.00000 + L_Morse: 0.29304
Epoch: 0 [8370/10000 (84%)] Unweighted L_s : L_Mnfld: 0.00092,  L_NonMnfld: 0.01748,  L_Nrml: 0.00000,  L_Eknl: 0.05560, L_Morse: 2.93045

Weights: [7000.0, 600.0, 0, 50.0, 0.0, 0.1], lr=5.000e-05
Epoch: 0 [8380/10000 (84%)] Loss: 20.87312 = L_Mnfld: 6.40171 + L_NonMnfld: 11.46248 + L_Nrml: 0.00000 + L_Eknl: 2.71084 + L_Div: 0.00000 + L_Morse: 0.29808
Epoch: 0 [8380/10000 (84%)] Unweighted L_s : L_Mnfld: 0.00091,  L_NonMnfld: 0.01910,  L_Nrml: 0.00000,  L_Eknl: 0.05422, L_Morse: 2.98082

Weights: [7000.0, 600.0, 0, 50.0, 0.0, 0.1], lr=5.000e-05
Epoch: 0 [8390/10000 (84%)] Loss: 20.45341 = L_Mnfld: 6.54077 + L_NonMnfld: 10.94255 + L_Nrml: 0.00000 + L_Eknl: 2.68530 + L_Div: 0.00000 + L_Morse: 0.28479
Epoch: 0 [8390/10000 (84%)] Unweighted L_s : L_Mnfld: 0.00093,  L_NonMnfld: 0.01824,  L_Nrml: 0.00000,  L_Eknl: 0.05371, L_Morse: 2.84793

Weights: [7000.0, 600.0, 0, 50.0, 0.0, 0.1], lr=5.000e-05
Epoch: 0 [8400/10000 (84%)] Loss: 20.78159 = L_Mnfld: 6.42898 + L_NonMnfld: 11.21384 + L_Nrml: 0.00000 + L_Eknl: 2.84161 + L_Div: 0.00000 + L_Morse: 0.29716
Epoch: 0 [8400/10000 (84%)] Unweighted L_s : L_Mnfld: 0.00092,  L_NonMnfld: 0.01869,  L_Nrml: 0.00000,  L_Eknl: 0.05683, L_Morse: 2.97156

Weights: [7000.0, 600.0, 0, 50.0, 0.0, 0.1], lr=5.000e-05
Epoch: 0 [8410/10000 (84%)] Loss: 20.40418 = L_Mnfld: 6.59138 + L_NonMnfld: 10.58418 + L_Nrml: 0.00000 + L_Eknl: 2.91733 + L_Div: 0.00000 + L_Morse: 0.31129
Epoch: 0 [8410/10000 (84%)] Unweighted L_s : L_Mnfld: 0.00094,  L_NonMnfld: 0.01764,  L_Nrml: 0.00000,  L_Eknl: 0.05835, L_Morse: 3.11286

Weights: [7000.0, 600.0, 0, 50.0, 0.0, 0.1], lr=5.000e-05
Epoch: 0 [8420/10000 (84%)] Loss: 20.82142 = L_Mnfld: 6.88412 + L_NonMnfld: 10.64119 + L_Nrml: 0.00000 + L_Eknl: 2.99934 + L_Div: 0.00000 + L_Morse: 0.29677
Epoch: 0 [8420/10000 (84%)] Unweighted L_s : L_Mnfld: 0.00098,  L_NonMnfld: 0.01774,  L_Nrml: 0.00000,  L_Eknl: 0.05999, L_Morse: 2.96768

Weights: [7000.0, 600.0, 0, 50.0, 0.0, 0.1], lr=5.000e-05
Epoch: 0 [8430/10000 (84%)] Loss: 20.61125 = L_Mnfld: 6.74525 + L_NonMnfld: 10.54121 + L_Nrml: 0.00000 + L_Eknl: 3.02815 + L_Div: 0.00000 + L_Morse: 0.29665
Epoch: 0 [8430/10000 (84%)] Unweighted L_s : L_Mnfld: 0.00096,  L_NonMnfld: 0.01757,  L_Nrml: 0.00000,  L_Eknl: 0.06056, L_Morse: 2.96650

Weights: [7000.0, 600.0, 0, 50.0, 0.0, 0.1], lr=5.000e-05
Epoch: 0 [8440/10000 (84%)] Loss: 20.31277 = L_Mnfld: 6.41671 + L_NonMnfld: 10.82904 + L_Nrml: 0.00000 + L_Eknl: 2.77539 + L_Div: 0.00000 + L_Morse: 0.29164
Epoch: 0 [8440/10000 (84%)] Unweighted L_s : L_Mnfld: 0.00092,  L_NonMnfld: 0.01805,  L_Nrml: 0.00000,  L_Eknl: 0.05551, L_Morse: 2.91636

Weights: [7000.0, 600.0, 0, 50.0, 0.0, 0.1], lr=5.000e-05
Epoch: 0 [8450/10000 (84%)] Loss: 20.12897 = L_Mnfld: 6.39248 + L_NonMnfld: 10.70630 + L_Nrml: 0.00000 + L_Eknl: 2.75148 + L_Div: 0.00000 + L_Morse: 0.27870
Epoch: 0 [8450/10000 (84%)] Unweighted L_s : L_Mnfld: 0.00091,  L_NonMnfld: 0.01784,  L_Nrml: 0.00000,  L_Eknl: 0.05503, L_Morse: 2.78703

Weights: [7000.0, 600.0, 0, 50.0, 0.0, 0.1], lr=5.000e-05
Epoch: 0 [8460/10000 (85%)] Loss: 19.57769 = L_Mnfld: 5.95228 + L_NonMnfld: 10.64862 + L_Nrml: 0.00000 + L_Eknl: 2.69334 + L_Div: 0.00000 + L_Morse: 0.28346
Epoch: 0 [8460/10000 (85%)] Unweighted L_s : L_Mnfld: 0.00085,  L_NonMnfld: 0.01775,  L_Nrml: 0.00000,  L_Eknl: 0.05387, L_Morse: 2.83459

Weights: [7000.0, 600.0, 0, 50.0, 0.0, 0.1], lr=5.000e-05
Epoch: 0 [8470/10000 (85%)] Loss: 19.48953 = L_Mnfld: 6.09766 + L_NonMnfld: 10.39616 + L_Nrml: 0.00000 + L_Eknl: 2.69319 + L_Div: 0.00000 + L_Morse: 0.30252
Epoch: 0 [8470/10000 (85%)] Unweighted L_s : L_Mnfld: 0.00087,  L_NonMnfld: 0.01733,  L_Nrml: 0.00000,  L_Eknl: 0.05386, L_Morse: 3.02523

Weights: [7000.0, 600.0, 0, 50.0, 0.0, 0.1], lr=5.000e-05
Epoch: 0 [8480/10000 (85%)] Loss: 20.11091 = L_Mnfld: 6.04123 + L_NonMnfld: 11.02405 + L_Nrml: 0.00000 + L_Eknl: 2.76729 + L_Div: 0.00000 + L_Morse: 0.27835
Epoch: 0 [8480/10000 (85%)] Unweighted L_s : L_Mnfld: 0.00086,  L_NonMnfld: 0.01837,  L_Nrml: 0.00000,  L_Eknl: 0.05535, L_Morse: 2.78353

Weights: [7000.0, 600.0, 0, 50.0, 0.0, 0.1], lr=5.000e-05
Epoch: 0 [8490/10000 (85%)] Loss: 19.38698 = L_Mnfld: 5.98532 + L_NonMnfld: 10.46677 + L_Nrml: 0.00000 + L_Eknl: 2.65001 + L_Div: 0.00000 + L_Morse: 0.28488
Epoch: 0 [8490/10000 (85%)] Unweighted L_s : L_Mnfld: 0.00086,  L_NonMnfld: 0.01744,  L_Nrml: 0.00000,  L_Eknl: 0.05300, L_Morse: 2.84883

Weights: [7000.0, 600.0, 0, 50.0, 0.0, 0.1], lr=5.000e-05
Epoch: 0 [8500/10000 (85%)] Loss: 20.46546 = L_Mnfld: 6.12619 + L_NonMnfld: 11.37388 + L_Nrml: 0.00000 + L_Eknl: 2.67207 + L_Div: 0.00000 + L_Morse: 0.29332
Epoch: 0 [8500/10000 (85%)] Unweighted L_s : L_Mnfld: 0.00088,  L_NonMnfld: 0.01896,  L_Nrml: 0.00000,  L_Eknl: 0.05344, L_Morse: 2.93319

Weights: [7000.0, 600.0, 0, 50.0, 0.0, 0.1], lr=5.000e-05
Epoch: 0 [8510/10000 (85%)] Loss: 19.97007 = L_Mnfld: 5.94734 + L_NonMnfld: 11.15254 + L_Nrml: 0.00000 + L_Eknl: 2.60288 + L_Div: 0.00000 + L_Morse: 0.26731
Epoch: 0 [8510/10000 (85%)] Unweighted L_s : L_Mnfld: 0.00085,  L_NonMnfld: 0.01859,  L_Nrml: 0.00000,  L_Eknl: 0.05206, L_Morse: 2.67312

Weights: [7000.0, 600.0, 0, 50.0, 0.0, 0.1], lr=5.000e-05
Epoch: 0 [8520/10000 (85%)] Loss: 20.39134 = L_Mnfld: 6.00404 + L_NonMnfld: 11.33334 + L_Nrml: 0.00000 + L_Eknl: 2.76744 + L_Div: 0.00000 + L_Morse: 0.28652
Epoch: 0 [8520/10000 (85%)] Unweighted L_s : L_Mnfld: 0.00086,  L_NonMnfld: 0.01889,  L_Nrml: 0.00000,  L_Eknl: 0.05535, L_Morse: 2.86519

Weights: [7000.0, 600.0, 0, 50.0, 0.0, 0.1], lr=5.000e-05
Epoch: 0 [8530/10000 (85%)] Loss: 19.97757 = L_Mnfld: 6.27103 + L_NonMnfld: 10.64641 + L_Nrml: 0.00000 + L_Eknl: 2.77552 + L_Div: 0.00000 + L_Morse: 0.28461
Epoch: 0 [8530/10000 (85%)] Unweighted L_s : L_Mnfld: 0.00090,  L_NonMnfld: 0.01774,  L_Nrml: 0.00000,  L_Eknl: 0.05551, L_Morse: 2.84607

Weights: [7000.0, 600.0, 0, 50.0, 0.0, 0.1], lr=5.000e-05
Epoch: 0 [8540/10000 (85%)] Loss: 20.63309 = L_Mnfld: 6.31454 + L_NonMnfld: 10.86918 + L_Nrml: 0.00000 + L_Eknl: 3.15298 + L_Div: 0.00000 + L_Morse: 0.29639
Epoch: 0 [8540/10000 (85%)] Unweighted L_s : L_Mnfld: 0.00090,  L_NonMnfld: 0.01812,  L_Nrml: 0.00000,  L_Eknl: 0.06306, L_Morse: 2.96390

Weights: [7000.0, 600.0, 0, 50.0, 0.0, 0.1], lr=5.000e-05
Epoch: 0 [8550/10000 (86%)] Loss: 20.43382 = L_Mnfld: 6.83894 + L_NonMnfld: 10.45941 + L_Nrml: 0.00000 + L_Eknl: 2.83789 + L_Div: 0.00000 + L_Morse: 0.29757
Epoch: 0 [8550/10000 (86%)] Unweighted L_s : L_Mnfld: 0.00098,  L_NonMnfld: 0.01743,  L_Nrml: 0.00000,  L_Eknl: 0.05676, L_Morse: 2.97575

Weights: [7000.0, 600.0, 0, 50.0, 0.0, 0.1], lr=5.000e-05
Epoch: 0 [8560/10000 (86%)] Loss: 21.06662 = L_Mnfld: 6.98038 + L_NonMnfld: 10.81097 + L_Nrml: 0.00000 + L_Eknl: 2.98953 + L_Div: 0.00000 + L_Morse: 0.28574
Epoch: 0 [8560/10000 (86%)] Unweighted L_s : L_Mnfld: 0.00100,  L_NonMnfld: 0.01802,  L_Nrml: 0.00000,  L_Eknl: 0.05979, L_Morse: 2.85740

Weights: [7000.0, 600.0, 0, 50.0, 0.0, 0.1], lr=5.000e-05
Epoch: 0 [8570/10000 (86%)] Loss: 21.10580 = L_Mnfld: 6.24989 + L_NonMnfld: 11.70912 + L_Nrml: 0.00000 + L_Eknl: 2.85578 + L_Div: 0.00000 + L_Morse: 0.29101
Epoch: 0 [8570/10000 (86%)] Unweighted L_s : L_Mnfld: 0.00089,  L_NonMnfld: 0.01952,  L_Nrml: 0.00000,  L_Eknl: 0.05712, L_Morse: 2.91014

Weights: [7000.0, 600.0, 0, 50.0, 0.0, 0.1], lr=5.000e-05
Epoch: 0 [8580/10000 (86%)] Loss: 20.51395 = L_Mnfld: 6.24538 + L_NonMnfld: 11.11254 + L_Nrml: 0.00000 + L_Eknl: 2.86281 + L_Div: 0.00000 + L_Morse: 0.29323
Epoch: 0 [8580/10000 (86%)] Unweighted L_s : L_Mnfld: 0.00089,  L_NonMnfld: 0.01852,  L_Nrml: 0.00000,  L_Eknl: 0.05726, L_Morse: 2.93230

Weights: [7000.0, 600.0, 0, 50.0, 0.0, 0.1], lr=5.000e-05
Epoch: 0 [8590/10000 (86%)] Loss: 21.04888 = L_Mnfld: 6.24077 + L_NonMnfld: 11.69348 + L_Nrml: 0.00000 + L_Eknl: 2.82456 + L_Div: 0.00000 + L_Morse: 0.29007
Epoch: 0 [8590/10000 (86%)] Unweighted L_s : L_Mnfld: 0.00089,  L_NonMnfld: 0.01949,  L_Nrml: 0.00000,  L_Eknl: 0.05649, L_Morse: 2.90073

Weights: [7000.0, 600.0, 0, 50.0, 0.0, 0.1], lr=5.000e-05
Epoch: 0 [8600/10000 (86%)] Loss: 19.54965 = L_Mnfld: 5.79149 + L_NonMnfld: 10.79703 + L_Nrml: 0.00000 + L_Eknl: 2.64755 + L_Div: 0.00000 + L_Morse: 0.31359
Epoch: 0 [8600/10000 (86%)] Unweighted L_s : L_Mnfld: 0.00083,  L_NonMnfld: 0.01800,  L_Nrml: 0.00000,  L_Eknl: 0.05295, L_Morse: 3.13585

Weights: [7000.0, 600.0, 0, 50.0, 0.0, 0.1], lr=5.000e-05
Epoch: 0 [8610/10000 (86%)] Loss: 19.91748 = L_Mnfld: 6.12674 + L_NonMnfld: 10.91420 + L_Nrml: 0.00000 + L_Eknl: 2.57797 + L_Div: 0.00000 + L_Morse: 0.29857
Epoch: 0 [8610/10000 (86%)] Unweighted L_s : L_Mnfld: 0.00088,  L_NonMnfld: 0.01819,  L_Nrml: 0.00000,  L_Eknl: 0.05156, L_Morse: 2.98572

Weights: [7000.0, 600.0, 0, 50.0, 0.0, 0.1], lr=5.000e-05
Epoch: 0 [8620/10000 (86%)] Loss: 20.32587 = L_Mnfld: 6.09668 + L_NonMnfld: 11.19007 + L_Nrml: 0.00000 + L_Eknl: 2.75984 + L_Div: 0.00000 + L_Morse: 0.27929
Epoch: 0 [8620/10000 (86%)] Unweighted L_s : L_Mnfld: 0.00087,  L_NonMnfld: 0.01865,  L_Nrml: 0.00000,  L_Eknl: 0.05520, L_Morse: 2.79288

Weights: [7000.0, 600.0, 0, 50.0, 0.0, 0.1], lr=5.000e-05
Epoch: 0 [8630/10000 (86%)] Loss: 18.54490 = L_Mnfld: 6.16575 + L_NonMnfld: 9.45927 + L_Nrml: 0.00000 + L_Eknl: 2.63702 + L_Div: 0.00000 + L_Morse: 0.28286
Epoch: 0 [8630/10000 (86%)] Unweighted L_s : L_Mnfld: 0.00088,  L_NonMnfld: 0.01577,  L_Nrml: 0.00000,  L_Eknl: 0.05274, L_Morse: 2.82860

Weights: [7000.0, 600.0, 0, 50.0, 0.0, 0.1], lr=5.000e-05
Epoch: 0 [8640/10000 (86%)] Loss: 19.95599 = L_Mnfld: 6.11535 + L_NonMnfld: 10.79396 + L_Nrml: 0.00000 + L_Eknl: 2.75457 + L_Div: 0.00000 + L_Morse: 0.29211
Epoch: 0 [8640/10000 (86%)] Unweighted L_s : L_Mnfld: 0.00087,  L_NonMnfld: 0.01799,  L_Nrml: 0.00000,  L_Eknl: 0.05509, L_Morse: 2.92112

Weights: [7000.0, 600.0, 0, 50.0, 0.0, 0.1], lr=5.000e-05
Epoch: 0 [8650/10000 (86%)] Loss: 19.71142 = L_Mnfld: 6.36070 + L_NonMnfld: 10.33532 + L_Nrml: 0.00000 + L_Eknl: 2.73127 + L_Div: 0.00000 + L_Morse: 0.28413
Epoch: 0 [8650/10000 (86%)] Unweighted L_s : L_Mnfld: 0.00091,  L_NonMnfld: 0.01723,  L_Nrml: 0.00000,  L_Eknl: 0.05463, L_Morse: 2.84126

Weights: [7000.0, 600.0, 0, 50.0, 0.0, 0.1], lr=5.000e-05
Epoch: 0 [8660/10000 (87%)] Loss: 19.28036 = L_Mnfld: 5.82778 + L_NonMnfld: 10.53210 + L_Nrml: 0.00000 + L_Eknl: 2.63253 + L_Div: 0.00000 + L_Morse: 0.28794
Epoch: 0 [8660/10000 (87%)] Unweighted L_s : L_Mnfld: 0.00083,  L_NonMnfld: 0.01755,  L_Nrml: 0.00000,  L_Eknl: 0.05265, L_Morse: 2.87936

Weights: [7000.0, 600.0, 0, 50.0, 0.0, 0.1], lr=5.000e-05
Epoch: 0 [8670/10000 (87%)] Loss: 19.55585 = L_Mnfld: 5.80310 + L_NonMnfld: 10.76633 + L_Nrml: 0.00000 + L_Eknl: 2.70357 + L_Div: 0.00000 + L_Morse: 0.28286
Epoch: 0 [8670/10000 (87%)] Unweighted L_s : L_Mnfld: 0.00083,  L_NonMnfld: 0.01794,  L_Nrml: 0.00000,  L_Eknl: 0.05407, L_Morse: 2.82859

Weights: [7000.0, 600.0, 0, 50.0, 0.0, 0.1], lr=5.000e-05
Epoch: 0 [8680/10000 (87%)] Loss: 20.13944 = L_Mnfld: 6.31239 + L_NonMnfld: 10.81343 + L_Nrml: 0.00000 + L_Eknl: 2.73042 + L_Div: 0.00000 + L_Morse: 0.28319
Epoch: 0 [8680/10000 (87%)] Unweighted L_s : L_Mnfld: 0.00090,  L_NonMnfld: 0.01802,  L_Nrml: 0.00000,  L_Eknl: 0.05461, L_Morse: 2.83195

Weights: [7000.0, 600.0, 0, 50.0, 0.0, 0.1], lr=5.000e-05
Epoch: 0 [8690/10000 (87%)] Loss: 20.33773 = L_Mnfld: 6.26678 + L_NonMnfld: 10.91198 + L_Nrml: 0.00000 + L_Eknl: 2.84127 + L_Div: 0.00000 + L_Morse: 0.31770
Epoch: 0 [8690/10000 (87%)] Unweighted L_s : L_Mnfld: 0.00090,  L_NonMnfld: 0.01819,  L_Nrml: 0.00000,  L_Eknl: 0.05683, L_Morse: 3.17700

Weights: [7000.0, 600.0, 0, 50.0, 0.0, 0.1], lr=5.000e-05
Epoch: 0 [8700/10000 (87%)] Loss: 19.73456 = L_Mnfld: 6.16187 + L_NonMnfld: 10.56616 + L_Nrml: 0.00000 + L_Eknl: 2.70508 + L_Div: 0.00000 + L_Morse: 0.30146
Epoch: 0 [8700/10000 (87%)] Unweighted L_s : L_Mnfld: 0.00088,  L_NonMnfld: 0.01761,  L_Nrml: 0.00000,  L_Eknl: 0.05410, L_Morse: 3.01455

Weights: [7000.0, 600.0, 0, 50.0, 0.0, 0.1], lr=5.000e-05
Epoch: 0 [8710/10000 (87%)] Loss: 19.59598 = L_Mnfld: 5.85525 + L_NonMnfld: 10.80745 + L_Nrml: 0.00000 + L_Eknl: 2.63866 + L_Div: 0.00000 + L_Morse: 0.29461
Epoch: 0 [8710/10000 (87%)] Unweighted L_s : L_Mnfld: 0.00084,  L_NonMnfld: 0.01801,  L_Nrml: 0.00000,  L_Eknl: 0.05277, L_Morse: 2.94613

Weights: [7000.0, 600.0, 0, 50.0, 0.0, 0.1], lr=5.000e-05
Epoch: 0 [8720/10000 (87%)] Loss: 19.50824 = L_Mnfld: 5.75509 + L_NonMnfld: 10.80162 + L_Nrml: 0.00000 + L_Eknl: 2.66052 + L_Div: 0.00000 + L_Morse: 0.29102
Epoch: 0 [8720/10000 (87%)] Unweighted L_s : L_Mnfld: 0.00082,  L_NonMnfld: 0.01800,  L_Nrml: 0.00000,  L_Eknl: 0.05321, L_Morse: 2.91015

Weights: [7000.0, 600.0, 0, 50.0, 0.0, 0.1], lr=5.000e-05
Epoch: 0 [8730/10000 (87%)] Loss: 21.11188 = L_Mnfld: 5.92876 + L_NonMnfld: 12.27825 + L_Nrml: 0.00000 + L_Eknl: 2.60780 + L_Div: 0.00000 + L_Morse: 0.29707
Epoch: 0 [8730/10000 (87%)] Unweighted L_s : L_Mnfld: 0.00085,  L_NonMnfld: 0.02046,  L_Nrml: 0.00000,  L_Eknl: 0.05216, L_Morse: 2.97070

Weights: [7000.0, 600.0, 0, 50.0, 0.0, 0.1], lr=5.000e-05
Epoch: 0 [8740/10000 (87%)] Loss: 19.26703 = L_Mnfld: 6.11010 + L_NonMnfld: 10.18414 + L_Nrml: 0.00000 + L_Eknl: 2.68052 + L_Div: 0.00000 + L_Morse: 0.29228
Epoch: 0 [8740/10000 (87%)] Unweighted L_s : L_Mnfld: 0.00087,  L_NonMnfld: 0.01697,  L_Nrml: 0.00000,  L_Eknl: 0.05361, L_Morse: 2.92275

Weights: [7000.0, 600.0, 0, 50.0, 0.0, 0.1], lr=5.000e-05
Epoch: 0 [8750/10000 (88%)] Loss: 20.48879 = L_Mnfld: 6.18020 + L_NonMnfld: 11.32969 + L_Nrml: 0.00000 + L_Eknl: 2.68339 + L_Div: 0.00000 + L_Morse: 0.29551
Epoch: 0 [8750/10000 (88%)] Unweighted L_s : L_Mnfld: 0.00088,  L_NonMnfld: 0.01888,  L_Nrml: 0.00000,  L_Eknl: 0.05367, L_Morse: 2.95509

Weights: [7000.0, 600.0, 0, 50.0, 0.0, 0.1], lr=5.000e-05
Epoch: 0 [8760/10000 (88%)] Loss: 20.55968 = L_Mnfld: 6.42850 + L_NonMnfld: 11.09971 + L_Nrml: 0.00000 + L_Eknl: 2.74393 + L_Div: 0.00000 + L_Morse: 0.28754
Epoch: 0 [8760/10000 (88%)] Unweighted L_s : L_Mnfld: 0.00092,  L_NonMnfld: 0.01850,  L_Nrml: 0.00000,  L_Eknl: 0.05488, L_Morse: 2.87543

Weights: [7000.0, 600.0, 0, 50.0, 0.0, 0.1], lr=5.000e-05
Epoch: 0 [8770/10000 (88%)] Loss: 20.30739 = L_Mnfld: 6.23322 + L_NonMnfld: 11.16496 + L_Nrml: 0.00000 + L_Eknl: 2.63198 + L_Div: 0.00000 + L_Morse: 0.27722
Epoch: 0 [8770/10000 (88%)] Unweighted L_s : L_Mnfld: 0.00089,  L_NonMnfld: 0.01861,  L_Nrml: 0.00000,  L_Eknl: 0.05264, L_Morse: 2.77223

Weights: [7000.0, 600.0, 0, 50.0, 0.0, 0.1], lr=5.000e-05
Epoch: 0 [8780/10000 (88%)] Loss: 19.96246 = L_Mnfld: 6.16470 + L_NonMnfld: 10.79752 + L_Nrml: 0.00000 + L_Eknl: 2.70883 + L_Div: 0.00000 + L_Morse: 0.29141
Epoch: 0 [8780/10000 (88%)] Unweighted L_s : L_Mnfld: 0.00088,  L_NonMnfld: 0.01800,  L_Nrml: 0.00000,  L_Eknl: 0.05418, L_Morse: 2.91413

Weights: [7000.0, 600.0, 0, 50.0, 0.0, 0.1], lr=5.000e-05
Epoch: 0 [8790/10000 (88%)] Loss: 20.37300 = L_Mnfld: 6.43663 + L_NonMnfld: 10.97549 + L_Nrml: 0.00000 + L_Eknl: 2.68706 + L_Div: 0.00000 + L_Morse: 0.27382
Epoch: 0 [8790/10000 (88%)] Unweighted L_s : L_Mnfld: 0.00092,  L_NonMnfld: 0.01829,  L_Nrml: 0.00000,  L_Eknl: 0.05374, L_Morse: 2.73823

Weights: [7000.0, 600.0, 0, 50.0, 0.0, 0.1], lr=5.000e-05
Epoch: 0 [8800/10000 (88%)] Loss: 20.35839 = L_Mnfld: 6.52607 + L_NonMnfld: 10.77663 + L_Nrml: 0.00000 + L_Eknl: 2.76675 + L_Div: 0.00000 + L_Morse: 0.28895
Epoch: 0 [8800/10000 (88%)] Unweighted L_s : L_Mnfld: 0.00093,  L_NonMnfld: 0.01796,  L_Nrml: 0.00000,  L_Eknl: 0.05534, L_Morse: 2.88953

Weights: [7000.0, 600.0, 0, 50.0, 0.0, 0.1], lr=5.000e-05
Epoch: 0 [8810/10000 (88%)] Loss: 20.20862 = L_Mnfld: 6.44734 + L_NonMnfld: 10.68798 + L_Nrml: 0.00000 + L_Eknl: 2.78643 + L_Div: 0.00000 + L_Morse: 0.28687
Epoch: 0 [8810/10000 (88%)] Unweighted L_s : L_Mnfld: 0.00092,  L_NonMnfld: 0.01781,  L_Nrml: 0.00000,  L_Eknl: 0.05573, L_Morse: 2.86865

Weights: [7000.0, 600.0, 0, 50.0, 0.0, 0.1], lr=5.000e-05
Epoch: 0 [8820/10000 (88%)] Loss: 19.50231 = L_Mnfld: 6.25860 + L_NonMnfld: 10.17674 + L_Nrml: 0.00000 + L_Eknl: 2.76377 + L_Div: 0.00000 + L_Morse: 0.30319
Epoch: 0 [8820/10000 (88%)] Unweighted L_s : L_Mnfld: 0.00089,  L_NonMnfld: 0.01696,  L_Nrml: 0.00000,  L_Eknl: 0.05528, L_Morse: 3.03191

Weights: [7000.0, 600.0, 0, 50.0, 0.0, 0.1], lr=5.000e-05
Epoch: 0 [8830/10000 (88%)] Loss: 20.00062 = L_Mnfld: 6.35597 + L_NonMnfld: 10.35694 + L_Nrml: 0.00000 + L_Eknl: 2.99306 + L_Div: 0.00000 + L_Morse: 0.29465
Epoch: 0 [8830/10000 (88%)] Unweighted L_s : L_Mnfld: 0.00091,  L_NonMnfld: 0.01726,  L_Nrml: 0.00000,  L_Eknl: 0.05986, L_Morse: 2.94655

Weights: [7000.0, 600.0, 0, 50.0, 0.0, 0.1], lr=5.000e-05
Epoch: 0 [8840/10000 (88%)] Loss: 19.77463 = L_Mnfld: 6.27668 + L_NonMnfld: 10.59087 + L_Nrml: 0.00000 + L_Eknl: 2.61572 + L_Div: 0.00000 + L_Morse: 0.29136
Epoch: 0 [8840/10000 (88%)] Unweighted L_s : L_Mnfld: 0.00090,  L_NonMnfld: 0.01765,  L_Nrml: 0.00000,  L_Eknl: 0.05231, L_Morse: 2.91358

Weights: [7000.0, 600.0, 0, 50.0, 0.0, 0.1], lr=5.000e-05
Epoch: 0 [8850/10000 (88%)] Loss: 19.32341 = L_Mnfld: 6.15088 + L_NonMnfld: 10.12751 + L_Nrml: 0.00000 + L_Eknl: 2.73554 + L_Div: 0.00000 + L_Morse: 0.30948
Epoch: 0 [8850/10000 (88%)] Unweighted L_s : L_Mnfld: 0.00088,  L_NonMnfld: 0.01688,  L_Nrml: 0.00000,  L_Eknl: 0.05471, L_Morse: 3.09480

Weights: [7000.0, 600.0, 0, 50.0, 0.0, 0.1], lr=5.000e-05
Epoch: 0 [8860/10000 (89%)] Loss: 20.76898 = L_Mnfld: 5.98263 + L_NonMnfld: 11.67227 + L_Nrml: 0.00000 + L_Eknl: 2.83510 + L_Div: 0.00000 + L_Morse: 0.27899
Epoch: 0 [8860/10000 (89%)] Unweighted L_s : L_Mnfld: 0.00085,  L_NonMnfld: 0.01945,  L_Nrml: 0.00000,  L_Eknl: 0.05670, L_Morse: 2.78989

Weights: [7000.0, 600.0, 0, 50.0, 0.0, 0.1], lr=5.000e-05
Epoch: 0 [8870/10000 (89%)] Loss: 20.83595 = L_Mnfld: 6.32615 + L_NonMnfld: 11.55921 + L_Nrml: 0.00000 + L_Eknl: 2.64826 + L_Div: 0.00000 + L_Morse: 0.30233
Epoch: 0 [8870/10000 (89%)] Unweighted L_s : L_Mnfld: 0.00090,  L_NonMnfld: 0.01927,  L_Nrml: 0.00000,  L_Eknl: 0.05297, L_Morse: 3.02330

Weights: [7000.0, 600.0, 0, 50.0, 0.0, 0.1], lr=5.000e-05
Epoch: 0 [8880/10000 (89%)] Loss: 19.11660 = L_Mnfld: 6.18034 + L_NonMnfld: 10.01041 + L_Nrml: 0.00000 + L_Eknl: 2.64385 + L_Div: 0.00000 + L_Morse: 0.28200
Epoch: 0 [8880/10000 (89%)] Unweighted L_s : L_Mnfld: 0.00088,  L_NonMnfld: 0.01668,  L_Nrml: 0.00000,  L_Eknl: 0.05288, L_Morse: 2.81997

Weights: [7000.0, 600.0, 0, 50.0, 0.0, 0.1], lr=5.000e-05
Epoch: 0 [8890/10000 (89%)] Loss: 19.49504 = L_Mnfld: 5.89753 + L_NonMnfld: 10.60855 + L_Nrml: 0.00000 + L_Eknl: 2.71082 + L_Div: 0.00000 + L_Morse: 0.27815
Epoch: 0 [8890/10000 (89%)] Unweighted L_s : L_Mnfld: 0.00084,  L_NonMnfld: 0.01768,  L_Nrml: 0.00000,  L_Eknl: 0.05422, L_Morse: 2.78147

Weights: [7000.0, 600.0, 0, 50.0, 0.0, 0.1], lr=5.000e-05
Epoch: 0 [8900/10000 (89%)] Loss: 19.58071 = L_Mnfld: 6.36354 + L_NonMnfld: 10.14393 + L_Nrml: 0.00000 + L_Eknl: 2.78010 + L_Div: 0.00000 + L_Morse: 0.29313
Epoch: 0 [8900/10000 (89%)] Unweighted L_s : L_Mnfld: 0.00091,  L_NonMnfld: 0.01691,  L_Nrml: 0.00000,  L_Eknl: 0.05560, L_Morse: 2.93134

Weights: [7000.0, 600.0, 0, 50.0, 0.0, 0.1], lr=5.000e-05
Epoch: 0 [8910/10000 (89%)] Loss: 19.99561 = L_Mnfld: 6.41430 + L_NonMnfld: 10.37804 + L_Nrml: 0.00000 + L_Eknl: 2.90691 + L_Div: 0.00000 + L_Morse: 0.29636
Epoch: 0 [8910/10000 (89%)] Unweighted L_s : L_Mnfld: 0.00092,  L_NonMnfld: 0.01730,  L_Nrml: 0.00000,  L_Eknl: 0.05814, L_Morse: 2.96355

Weights: [7000.0, 600.0, 0, 50.0, 0.0, 0.1], lr=5.000e-05
Epoch: 0 [8920/10000 (89%)] Loss: 19.72141 = L_Mnfld: 6.15658 + L_NonMnfld: 10.47197 + L_Nrml: 0.00000 + L_Eknl: 2.79814 + L_Div: 0.00000 + L_Morse: 0.29472
Epoch: 0 [8920/10000 (89%)] Unweighted L_s : L_Mnfld: 0.00088,  L_NonMnfld: 0.01745,  L_Nrml: 0.00000,  L_Eknl: 0.05596, L_Morse: 2.94718

Weights: [7000.0, 600.0, 0, 50.0, 0.0, 0.1], lr=5.000e-05
Epoch: 0 [8930/10000 (89%)] Loss: 20.34572 = L_Mnfld: 6.30423 + L_NonMnfld: 10.88053 + L_Nrml: 0.00000 + L_Eknl: 2.87209 + L_Div: 0.00000 + L_Morse: 0.28887
Epoch: 0 [8930/10000 (89%)] Unweighted L_s : L_Mnfld: 0.00090,  L_NonMnfld: 0.01813,  L_Nrml: 0.00000,  L_Eknl: 0.05744, L_Morse: 2.88871

Weights: [7000.0, 600.0, 0, 50.0, 0.0, 0.1], lr=5.000e-05
Epoch: 0 [8940/10000 (89%)] Loss: 19.03769 = L_Mnfld: 6.23488 + L_NonMnfld: 9.67931 + L_Nrml: 0.00000 + L_Eknl: 2.83493 + L_Div: 0.00000 + L_Morse: 0.28857
Epoch: 0 [8940/10000 (89%)] Unweighted L_s : L_Mnfld: 0.00089,  L_NonMnfld: 0.01613,  L_Nrml: 0.00000,  L_Eknl: 0.05670, L_Morse: 2.88565

Weights: [7000.0, 600.0, 0, 50.0, 0.0, 0.1], lr=5.000e-05
Epoch: 0 [8950/10000 (90%)] Loss: 20.31626 = L_Mnfld: 6.37750 + L_NonMnfld: 10.86532 + L_Nrml: 0.00000 + L_Eknl: 2.76376 + L_Div: 0.00000 + L_Morse: 0.30968
Epoch: 0 [8950/10000 (90%)] Unweighted L_s : L_Mnfld: 0.00091,  L_NonMnfld: 0.01811,  L_Nrml: 0.00000,  L_Eknl: 0.05528, L_Morse: 3.09676

Weights: [7000.0, 600.0, 0, 50.0, 0.0, 0.1], lr=5.000e-05
Epoch: 0 [8960/10000 (90%)] Loss: 19.52785 = L_Mnfld: 6.10537 + L_NonMnfld: 10.38209 + L_Nrml: 0.00000 + L_Eknl: 2.75695 + L_Div: 0.00000 + L_Morse: 0.28344
Epoch: 0 [8960/10000 (90%)] Unweighted L_s : L_Mnfld: 0.00087,  L_NonMnfld: 0.01730,  L_Nrml: 0.00000,  L_Eknl: 0.05514, L_Morse: 2.83439

Weights: [7000.0, 600.0, 0, 50.0, 0.0, 0.1], lr=5.000e-05
Epoch: 0 [8970/10000 (90%)] Loss: 20.58759 = L_Mnfld: 6.30806 + L_NonMnfld: 11.15992 + L_Nrml: 0.00000 + L_Eknl: 2.81468 + L_Div: 0.00000 + L_Morse: 0.30494
Epoch: 0 [8970/10000 (90%)] Unweighted L_s : L_Mnfld: 0.00090,  L_NonMnfld: 0.01860,  L_Nrml: 0.00000,  L_Eknl: 0.05629, L_Morse: 3.04937

Weights: [7000.0, 600.0, 0, 50.0, 0.0, 0.1], lr=5.000e-05
Epoch: 0 [8980/10000 (90%)] Loss: 20.68160 = L_Mnfld: 6.28569 + L_NonMnfld: 11.40972 + L_Nrml: 0.00000 + L_Eknl: 2.70645 + L_Div: 0.00000 + L_Morse: 0.27974
Epoch: 0 [8980/10000 (90%)] Unweighted L_s : L_Mnfld: 0.00090,  L_NonMnfld: 0.01902,  L_Nrml: 0.00000,  L_Eknl: 0.05413, L_Morse: 2.79738

Weights: [7000.0, 600.0, 0, 50.0, 0.0, 0.1], lr=5.000e-05
Epoch: 0 [8990/10000 (90%)] Loss: 21.17680 = L_Mnfld: 6.31782 + L_NonMnfld: 11.77729 + L_Nrml: 0.00000 + L_Eknl: 2.79229 + L_Div: 0.00000 + L_Morse: 0.28939
Epoch: 0 [8990/10000 (90%)] Unweighted L_s : L_Mnfld: 0.00090,  L_NonMnfld: 0.01963,  L_Nrml: 0.00000,  L_Eknl: 0.05585, L_Morse: 2.89391

Weights: [7000.0, 600.0, 0, 50.0, 0.0, 0.1], lr=5.000e-05
Epoch: 0 [9000/10000 (90%)] Loss: 18.81000 = L_Mnfld: 6.22685 + L_NonMnfld: 9.50440 + L_Nrml: 0.00000 + L_Eknl: 2.79821 + L_Div: 0.00000 + L_Morse: 0.28054
Epoch: 0 [9000/10000 (90%)] Unweighted L_s : L_Mnfld: 0.00089,  L_NonMnfld: 0.01584,  L_Nrml: 0.00000,  L_Eknl: 0.05596, L_Morse: 2.80542

Weights: [7000.0, 600.0, 0, 50.0, 0.0, 0.1], lr=5.000e-05
Epoch: 0 [9010/10000 (90%)] Loss: 18.66108 = L_Mnfld: 5.61351 + L_NonMnfld: 10.07716 + L_Nrml: 0.00000 + L_Eknl: 2.68559 + L_Div: 0.00000 + L_Morse: 0.28483
Epoch: 0 [9010/10000 (90%)] Unweighted L_s : L_Mnfld: 0.00080,  L_NonMnfld: 0.01680,  L_Nrml: 0.00000,  L_Eknl: 0.05371, L_Morse: 2.84825

Weights: [7000.0, 600.0, 0, 50.0, 0.0, 0.1], lr=5.000e-05
Epoch: 0 [9020/10000 (90%)] Loss: 19.81982 = L_Mnfld: 6.13056 + L_NonMnfld: 10.83937 + L_Nrml: 0.00000 + L_Eknl: 2.55853 + L_Div: 0.00000 + L_Morse: 0.29137
Epoch: 0 [9020/10000 (90%)] Unweighted L_s : L_Mnfld: 0.00088,  L_NonMnfld: 0.01807,  L_Nrml: 0.00000,  L_Eknl: 0.05117, L_Morse: 2.91374

Weights: [7000.0, 600.0, 0, 50.0, 0.0, 0.1], lr=5.000e-05
Epoch: 0 [9030/10000 (90%)] Loss: 18.61307 = L_Mnfld: 5.91959 + L_NonMnfld: 9.92076 + L_Nrml: 0.00000 + L_Eknl: 2.47101 + L_Div: 0.00000 + L_Morse: 0.30171
Epoch: 0 [9030/10000 (90%)] Unweighted L_s : L_Mnfld: 0.00085,  L_NonMnfld: 0.01653,  L_Nrml: 0.00000,  L_Eknl: 0.04942, L_Morse: 3.01712

Weights: [7000.0, 600.0, 0, 50.0, 0.0, 0.1], lr=5.000e-05
Epoch: 0 [9040/10000 (90%)] Loss: 19.34805 = L_Mnfld: 5.92991 + L_NonMnfld: 10.40906 + L_Nrml: 0.00000 + L_Eknl: 2.71459 + L_Div: 0.00000 + L_Morse: 0.29449
Epoch: 0 [9040/10000 (90%)] Unweighted L_s : L_Mnfld: 0.00085,  L_NonMnfld: 0.01735,  L_Nrml: 0.00000,  L_Eknl: 0.05429, L_Morse: 2.94492

Weights: [7000.0, 600.0, 0, 50.0, 0.0, 0.1], lr=5.000e-05
Epoch: 0 [9050/10000 (90%)] Loss: 18.85841 = L_Mnfld: 6.11394 + L_NonMnfld: 9.67662 + L_Nrml: 0.00000 + L_Eknl: 2.77279 + L_Div: 0.00000 + L_Morse: 0.29506
Epoch: 0 [9050/10000 (90%)] Unweighted L_s : L_Mnfld: 0.00087,  L_NonMnfld: 0.01613,  L_Nrml: 0.00000,  L_Eknl: 0.05546, L_Morse: 2.95061

Weights: [7000.0, 600.0, 0, 50.0, 0.0, 0.1], lr=5.000e-05
Epoch: 0 [9060/10000 (91%)] Loss: 18.39956 = L_Mnfld: 6.37732 + L_NonMnfld: 8.77763 + L_Nrml: 0.00000 + L_Eknl: 2.94705 + L_Div: 0.00000 + L_Morse: 0.29756
Epoch: 0 [9060/10000 (91%)] Unweighted L_s : L_Mnfld: 0.00091,  L_NonMnfld: 0.01463,  L_Nrml: 0.00000,  L_Eknl: 0.05894, L_Morse: 2.97559

Weights: [7000.0, 600.0, 0, 50.0, 0.0, 0.1], lr=5.000e-05
Epoch: 0 [9070/10000 (91%)] Loss: 18.94629 = L_Mnfld: 6.17986 + L_NonMnfld: 9.70408 + L_Nrml: 0.00000 + L_Eknl: 2.77060 + L_Div: 0.00000 + L_Morse: 0.29175
Epoch: 0 [9070/10000 (91%)] Unweighted L_s : L_Mnfld: 0.00088,  L_NonMnfld: 0.01617,  L_Nrml: 0.00000,  L_Eknl: 0.05541, L_Morse: 2.91749

Weights: [7000.0, 600.0, 0, 50.0, 0.0, 0.1], lr=5.000e-05
Epoch: 0 [9080/10000 (91%)] Loss: 19.67012 = L_Mnfld: 6.32210 + L_NonMnfld: 10.39967 + L_Nrml: 0.00000 + L_Eknl: 2.65266 + L_Div: 0.00000 + L_Morse: 0.29569
Epoch: 0 [9080/10000 (91%)] Unweighted L_s : L_Mnfld: 0.00090,  L_NonMnfld: 0.01733,  L_Nrml: 0.00000,  L_Eknl: 0.05305, L_Morse: 2.95692

Weights: [7000.0, 600.0, 0, 50.0, 0.0, 0.1], lr=5.000e-05
Epoch: 0 [9090/10000 (91%)] Loss: 19.86159 = L_Mnfld: 6.37775 + L_NonMnfld: 10.53630 + L_Nrml: 0.00000 + L_Eknl: 2.66630 + L_Div: 0.00000 + L_Morse: 0.28123
Epoch: 0 [9090/10000 (91%)] Unweighted L_s : L_Mnfld: 0.00091,  L_NonMnfld: 0.01756,  L_Nrml: 0.00000,  L_Eknl: 0.05333, L_Morse: 2.81233

Weights: [7000.0, 600.0, 0, 50.0, 0.0, 0.1], lr=5.000e-05
Epoch: 0 [9100/10000 (91%)] Loss: 18.96335 = L_Mnfld: 6.20145 + L_NonMnfld: 9.80844 + L_Nrml: 0.00000 + L_Eknl: 2.65851 + L_Div: 0.00000 + L_Morse: 0.29495
Epoch: 0 [9100/10000 (91%)] Unweighted L_s : L_Mnfld: 0.00089,  L_NonMnfld: 0.01635,  L_Nrml: 0.00000,  L_Eknl: 0.05317, L_Morse: 2.94948

Weights: [7000.0, 600.0, 0, 50.0, 0.0, 0.1], lr=5.000e-05
Epoch: 0 [9110/10000 (91%)] Loss: 19.30822 = L_Mnfld: 5.74182 + L_NonMnfld: 10.69540 + L_Nrml: 0.00000 + L_Eknl: 2.59046 + L_Div: 0.00000 + L_Morse: 0.28055
Epoch: 0 [9110/10000 (91%)] Unweighted L_s : L_Mnfld: 0.00082,  L_NonMnfld: 0.01783,  L_Nrml: 0.00000,  L_Eknl: 0.05181, L_Morse: 2.80546

Weights: [7000.0, 600.0, 0, 50.0, 0.0, 0.1], lr=5.000e-05
Epoch: 0 [9120/10000 (91%)] Loss: 20.00060 = L_Mnfld: 5.80651 + L_NonMnfld: 11.32643 + L_Nrml: 0.00000 + L_Eknl: 2.58534 + L_Div: 0.00000 + L_Morse: 0.28231
Epoch: 0 [9120/10000 (91%)] Unweighted L_s : L_Mnfld: 0.00083,  L_NonMnfld: 0.01888,  L_Nrml: 0.00000,  L_Eknl: 0.05171, L_Morse: 2.82313

Weights: [7000.0, 600.0, 0, 50.0, 0.0, 0.1], lr=5.000e-05
Epoch: 0 [9130/10000 (91%)] Loss: 18.66718 = L_Mnfld: 5.72290 + L_NonMnfld: 10.00744 + L_Nrml: 0.00000 + L_Eknl: 2.65459 + L_Div: 0.00000 + L_Morse: 0.28225
Epoch: 0 [9130/10000 (91%)] Unweighted L_s : L_Mnfld: 0.00082,  L_NonMnfld: 0.01668,  L_Nrml: 0.00000,  L_Eknl: 0.05309, L_Morse: 2.82249

Weights: [7000.0, 600.0, 0, 50.0, 0.0, 0.1], lr=5.000e-05
Epoch: 0 [9140/10000 (91%)] Loss: 19.01205 = L_Mnfld: 5.62601 + L_NonMnfld: 10.49181 + L_Nrml: 0.00000 + L_Eknl: 2.60753 + L_Div: 0.00000 + L_Morse: 0.28669
Epoch: 0 [9140/10000 (91%)] Unweighted L_s : L_Mnfld: 0.00080,  L_NonMnfld: 0.01749,  L_Nrml: 0.00000,  L_Eknl: 0.05215, L_Morse: 2.86692

Weights: [7000.0, 600.0, 0, 50.0, 0.0, 0.1], lr=5.000e-05
Epoch: 0 [9150/10000 (92%)] Loss: 19.70821 = L_Mnfld: 5.94237 + L_NonMnfld: 10.85134 + L_Nrml: 0.00000 + L_Eknl: 2.60724 + L_Div: 0.00000 + L_Morse: 0.30727
Epoch: 0 [9150/10000 (92%)] Unweighted L_s : L_Mnfld: 0.00085,  L_NonMnfld: 0.01809,  L_Nrml: 0.00000,  L_Eknl: 0.05214, L_Morse: 3.07268

Weights: [7000.0, 600.0, 0, 50.0, 0.0, 0.1], lr=5.000e-05
Epoch: 0 [9160/10000 (92%)] Loss: 19.62610 = L_Mnfld: 6.13629 + L_NonMnfld: 10.62055 + L_Nrml: 0.00000 + L_Eknl: 2.58517 + L_Div: 0.00000 + L_Morse: 0.28410
Epoch: 0 [9160/10000 (92%)] Unweighted L_s : L_Mnfld: 0.00088,  L_NonMnfld: 0.01770,  L_Nrml: 0.00000,  L_Eknl: 0.05170, L_Morse: 2.84097

Weights: [7000.0, 600.0, 0, 50.0, 0.0, 0.1], lr=5.000e-05
Epoch: 0 [9170/10000 (92%)] Loss: 19.97787 = L_Mnfld: 6.01045 + L_NonMnfld: 10.99568 + L_Nrml: 0.00000 + L_Eknl: 2.67723 + L_Div: 0.00000 + L_Morse: 0.29452
Epoch: 0 [9170/10000 (92%)] Unweighted L_s : L_Mnfld: 0.00086,  L_NonMnfld: 0.01833,  L_Nrml: 0.00000,  L_Eknl: 0.05354, L_Morse: 2.94518

Weights: [7000.0, 600.0, 0, 50.0, 0.0, 0.1], lr=5.000e-05
Epoch: 0 [9180/10000 (92%)] Loss: 20.15827 = L_Mnfld: 5.94739 + L_NonMnfld: 11.34376 + L_Nrml: 0.00000 + L_Eknl: 2.58888 + L_Div: 0.00000 + L_Morse: 0.27823
Epoch: 0 [9180/10000 (92%)] Unweighted L_s : L_Mnfld: 0.00085,  L_NonMnfld: 0.01891,  L_Nrml: 0.00000,  L_Eknl: 0.05178, L_Morse: 2.78234

Weights: [7000.0, 600.0, 0, 50.0, 0.0, 0.1], lr=5.000e-05
Epoch: 0 [9190/10000 (92%)] Loss: 19.82291 = L_Mnfld: 5.69173 + L_NonMnfld: 11.20973 + L_Nrml: 0.00000 + L_Eknl: 2.63748 + L_Div: 0.00000 + L_Morse: 0.28397
Epoch: 0 [9190/10000 (92%)] Unweighted L_s : L_Mnfld: 0.00081,  L_NonMnfld: 0.01868,  L_Nrml: 0.00000,  L_Eknl: 0.05275, L_Morse: 2.83970

Weights: [7000.0, 600.0, 0, 50.0, 0.0, 0.1], lr=5.000e-05
Epoch: 0 [9200/10000 (92%)] Loss: 19.42927 = L_Mnfld: 6.13106 + L_NonMnfld: 10.29642 + L_Nrml: 0.00000 + L_Eknl: 2.70878 + L_Div: 0.00000 + L_Morse: 0.29301
Epoch: 0 [9200/10000 (92%)] Unweighted L_s : L_Mnfld: 0.00088,  L_NonMnfld: 0.01716,  L_Nrml: 0.00000,  L_Eknl: 0.05418, L_Morse: 2.93007

Weights: [7000.0, 600.0, 0, 50.0, 0.0, 0.1], lr=5.000e-05
Epoch: 0 [9210/10000 (92%)] Loss: 18.90118 = L_Mnfld: 5.91668 + L_NonMnfld: 9.97575 + L_Nrml: 0.00000 + L_Eknl: 2.69420 + L_Div: 0.00000 + L_Morse: 0.31454
Epoch: 0 [9210/10000 (92%)] Unweighted L_s : L_Mnfld: 0.00085,  L_NonMnfld: 0.01663,  L_Nrml: 0.00000,  L_Eknl: 0.05388, L_Morse: 3.14545

Weights: [7000.0, 600.0, 0, 50.0, 0.0, 0.1], lr=5.000e-05
Epoch: 0 [9220/10000 (92%)] Loss: 20.65321 = L_Mnfld: 6.67357 + L_NonMnfld: 10.52725 + L_Nrml: 0.00000 + L_Eknl: 3.15404 + L_Div: 0.00000 + L_Morse: 0.29835
Epoch: 0 [9220/10000 (92%)] Unweighted L_s : L_Mnfld: 0.00095,  L_NonMnfld: 0.01755,  L_Nrml: 0.00000,  L_Eknl: 0.06308, L_Morse: 2.98349

Weights: [7000.0, 600.0, 0, 50.0, 0.0, 0.1], lr=5.000e-05
Epoch: 0 [9230/10000 (92%)] Loss: 20.09714 = L_Mnfld: 6.79096 + L_NonMnfld: 9.93960 + L_Nrml: 0.00000 + L_Eknl: 3.06974 + L_Div: 0.00000 + L_Morse: 0.29684
Epoch: 0 [9230/10000 (92%)] Unweighted L_s : L_Mnfld: 0.00097,  L_NonMnfld: 0.01657,  L_Nrml: 0.00000,  L_Eknl: 0.06139, L_Morse: 2.96837

Weights: [7000.0, 600.0, 0, 50.0, 0.0, 0.1], lr=5.000e-05
Epoch: 0 [9240/10000 (92%)] Loss: 19.87402 = L_Mnfld: 6.46950 + L_NonMnfld: 10.11869 + L_Nrml: 0.00000 + L_Eknl: 2.99792 + L_Div: 0.00000 + L_Morse: 0.28790
Epoch: 0 [9240/10000 (92%)] Unweighted L_s : L_Mnfld: 0.00092,  L_NonMnfld: 0.01686,  L_Nrml: 0.00000,  L_Eknl: 0.05996, L_Morse: 2.87902

Weights: [7000.0, 600.0, 0, 50.0, 0.0, 0.1], lr=5.000e-05
Epoch: 0 [9250/10000 (92%)] Loss: 20.67866 = L_Mnfld: 6.48047 + L_NonMnfld: 10.99464 + L_Nrml: 0.00000 + L_Eknl: 2.90933 + L_Div: 0.00000 + L_Morse: 0.29421
Epoch: 0 [9250/10000 (92%)] Unweighted L_s : L_Mnfld: 0.00093,  L_NonMnfld: 0.01832,  L_Nrml: 0.00000,  L_Eknl: 0.05819, L_Morse: 2.94213

Weights: [7000.0, 600.0, 0, 50.0, 0.0, 0.1], lr=5.000e-05
Epoch: 0 [9260/10000 (93%)] Loss: 20.15068 = L_Mnfld: 6.42069 + L_NonMnfld: 10.40620 + L_Nrml: 0.00000 + L_Eknl: 3.02856 + L_Div: 0.00000 + L_Morse: 0.29523
Epoch: 0 [9260/10000 (93%)] Unweighted L_s : L_Mnfld: 0.00092,  L_NonMnfld: 0.01734,  L_Nrml: 0.00000,  L_Eknl: 0.06057, L_Morse: 2.95229

Weights: [7000.0, 600.0, 0, 50.0, 0.0, 0.1], lr=5.000e-05
Epoch: 0 [9270/10000 (93%)] Loss: 20.56877 = L_Mnfld: 6.45669 + L_NonMnfld: 11.04088 + L_Nrml: 0.00000 + L_Eknl: 2.77109 + L_Div: 0.00000 + L_Morse: 0.30011
Epoch: 0 [9270/10000 (93%)] Unweighted L_s : L_Mnfld: 0.00092,  L_NonMnfld: 0.01840,  L_Nrml: 0.00000,  L_Eknl: 0.05542, L_Morse: 3.00106

Weights: [7000.0, 600.0, 0, 50.0, 0.0, 0.1], lr=5.000e-05
Epoch: 0 [9280/10000 (93%)] Loss: 20.26378 = L_Mnfld: 6.01083 + L_NonMnfld: 11.16039 + L_Nrml: 0.00000 + L_Eknl: 2.79892 + L_Div: 0.00000 + L_Morse: 0.29363
Epoch: 0 [9280/10000 (93%)] Unweighted L_s : L_Mnfld: 0.00086,  L_NonMnfld: 0.01860,  L_Nrml: 0.00000,  L_Eknl: 0.05598, L_Morse: 2.93634

Weights: [7000.0, 600.0, 0, 50.0, 0.0, 0.1], lr=5.000e-05
Epoch: 0 [9290/10000 (93%)] Loss: 19.48598 = L_Mnfld: 6.04029 + L_NonMnfld: 10.42353 + L_Nrml: 0.00000 + L_Eknl: 2.73052 + L_Div: 0.00000 + L_Morse: 0.29164
Epoch: 0 [9290/10000 (93%)] Unweighted L_s : L_Mnfld: 0.00086,  L_NonMnfld: 0.01737,  L_Nrml: 0.00000,  L_Eknl: 0.05461, L_Morse: 2.91645

Weights: [7000.0, 600.0, 0, 50.0, 0.0, 0.1], lr=5.000e-05
Epoch: 0 [9300/10000 (93%)] Loss: 20.90362 = L_Mnfld: 5.88640 + L_NonMnfld: 11.96109 + L_Nrml: 0.00000 + L_Eknl: 2.76749 + L_Div: 0.00000 + L_Morse: 0.28864
Epoch: 0 [9300/10000 (93%)] Unweighted L_s : L_Mnfld: 0.00084,  L_NonMnfld: 0.01994,  L_Nrml: 0.00000,  L_Eknl: 0.05535, L_Morse: 2.88641

Weights: [7000.0, 600.0, 0, 50.0, 0.0, 0.1], lr=5.000e-05
Epoch: 0 [9310/10000 (93%)] Loss: 19.59918 = L_Mnfld: 5.99349 + L_NonMnfld: 10.66506 + L_Nrml: 0.00000 + L_Eknl: 2.64490 + L_Div: 0.00000 + L_Morse: 0.29573
Epoch: 0 [9310/10000 (93%)] Unweighted L_s : L_Mnfld: 0.00086,  L_NonMnfld: 0.01778,  L_Nrml: 0.00000,  L_Eknl: 0.05290, L_Morse: 2.95735

Weights: [7000.0, 600.0, 0, 50.0, 0.0, 0.1], lr=5.000e-05
Epoch: 0 [9320/10000 (93%)] Loss: 18.41783 = L_Mnfld: 5.66073 + L_NonMnfld: 9.91384 + L_Nrml: 0.00000 + L_Eknl: 2.54968 + L_Div: 0.00000 + L_Morse: 0.29357
Epoch: 0 [9320/10000 (93%)] Unweighted L_s : L_Mnfld: 0.00081,  L_NonMnfld: 0.01652,  L_Nrml: 0.00000,  L_Eknl: 0.05099, L_Morse: 2.93575

Weights: [7000.0, 600.0, 0, 50.0, 0.0, 0.1], lr=5.000e-05
Epoch: 0 [9330/10000 (93%)] Loss: 19.27980 = L_Mnfld: 6.00001 + L_NonMnfld: 10.39232 + L_Nrml: 0.00000 + L_Eknl: 2.60812 + L_Div: 0.00000 + L_Morse: 0.27935
Epoch: 0 [9330/10000 (93%)] Unweighted L_s : L_Mnfld: 0.00086,  L_NonMnfld: 0.01732,  L_Nrml: 0.00000,  L_Eknl: 0.05216, L_Morse: 2.79351

Weights: [7000.0, 600.0, 0, 50.0, 0.0, 0.1], lr=5.000e-05
Epoch: 0 [9340/10000 (93%)] Loss: 19.21809 = L_Mnfld: 5.85987 + L_NonMnfld: 10.38978 + L_Nrml: 0.00000 + L_Eknl: 2.68767 + L_Div: 0.00000 + L_Morse: 0.28078
Epoch: 0 [9340/10000 (93%)] Unweighted L_s : L_Mnfld: 0.00084,  L_NonMnfld: 0.01732,  L_Nrml: 0.00000,  L_Eknl: 0.05375, L_Morse: 2.80778

Weights: [7000.0, 600.0, 0, 50.0, 0.0, 0.1], lr=5.000e-05
Epoch: 0 [9350/10000 (94%)] Loss: 19.68793 = L_Mnfld: 5.98768 + L_NonMnfld: 10.54241 + L_Nrml: 0.00000 + L_Eknl: 2.85918 + L_Div: 0.00000 + L_Morse: 0.29865
Epoch: 0 [9350/10000 (94%)] Unweighted L_s : L_Mnfld: 0.00086,  L_NonMnfld: 0.01757,  L_Nrml: 0.00000,  L_Eknl: 0.05718, L_Morse: 2.98653

Weights: [7000.0, 600.0, 0, 50.0, 0.0, 0.1], lr=5.000e-05
Epoch: 0 [9360/10000 (94%)] Loss: 19.35973 = L_Mnfld: 5.89910 + L_NonMnfld: 10.38364 + L_Nrml: 0.00000 + L_Eknl: 2.79140 + L_Div: 0.00000 + L_Morse: 0.28559
Epoch: 0 [9360/10000 (94%)] Unweighted L_s : L_Mnfld: 0.00084,  L_NonMnfld: 0.01731,  L_Nrml: 0.00000,  L_Eknl: 0.05583, L_Morse: 2.85588

Weights: [7000.0, 600.0, 0, 50.0, 0.0, 0.1], lr=5.000e-05
Epoch: 0 [9370/10000 (94%)] Loss: 19.00614 = L_Mnfld: 5.85585 + L_NonMnfld: 10.23302 + L_Nrml: 0.00000 + L_Eknl: 2.61281 + L_Div: 0.00000 + L_Morse: 0.30446
Epoch: 0 [9370/10000 (94%)] Unweighted L_s : L_Mnfld: 0.00084,  L_NonMnfld: 0.01706,  L_Nrml: 0.00000,  L_Eknl: 0.05226, L_Morse: 3.04456

Weights: [7000.0, 600.0, 0, 50.0, 0.0, 0.1], lr=5.000e-05
Epoch: 0 [9380/10000 (94%)] Loss: 19.73156 = L_Mnfld: 6.14371 + L_NonMnfld: 10.63712 + L_Nrml: 0.00000 + L_Eknl: 2.66343 + L_Div: 0.00000 + L_Morse: 0.28730
Epoch: 0 [9380/10000 (94%)] Unweighted L_s : L_Mnfld: 0.00088,  L_NonMnfld: 0.01773,  L_Nrml: 0.00000,  L_Eknl: 0.05327, L_Morse: 2.87298

Weights: [7000.0, 600.0, 0, 50.0, 0.0, 0.1], lr=5.000e-05
Epoch: 0 [9390/10000 (94%)] Loss: 20.91179 = L_Mnfld: 6.34894 + L_NonMnfld: 11.49250 + L_Nrml: 0.00000 + L_Eknl: 2.78627 + L_Div: 0.00000 + L_Morse: 0.28407
Epoch: 0 [9390/10000 (94%)] Unweighted L_s : L_Mnfld: 0.00091,  L_NonMnfld: 0.01915,  L_Nrml: 0.00000,  L_Eknl: 0.05573, L_Morse: 2.84075

Weights: [7000.0, 600.0, 0, 50.0, 0.0, 0.1], lr=5.000e-05
Epoch: 0 [9400/10000 (94%)] Loss: 19.76009 = L_Mnfld: 6.52483 + L_NonMnfld: 9.91019 + L_Nrml: 0.00000 + L_Eknl: 3.01828 + L_Div: 0.00000 + L_Morse: 0.30678
Epoch: 0 [9400/10000 (94%)] Unweighted L_s : L_Mnfld: 0.00093,  L_NonMnfld: 0.01652,  L_Nrml: 0.00000,  L_Eknl: 0.06037, L_Morse: 3.06784

Weights: [7000.0, 600.0, 0, 50.0, 0.0, 0.1], lr=5.000e-05
Epoch: 0 [9410/10000 (94%)] Loss: 21.72822 = L_Mnfld: 6.75761 + L_NonMnfld: 11.76532 + L_Nrml: 0.00000 + L_Eknl: 2.91216 + L_Div: 0.00000 + L_Morse: 0.29313
Epoch: 0 [9410/10000 (94%)] Unweighted L_s : L_Mnfld: 0.00097,  L_NonMnfld: 0.01961,  L_Nrml: 0.00000,  L_Eknl: 0.05824, L_Morse: 2.93134

Weights: [7000.0, 600.0, 0, 50.0, 0.0, 0.1], lr=5.000e-05
Epoch: 0 [9420/10000 (94%)] Loss: 20.47922 = L_Mnfld: 6.51580 + L_NonMnfld: 10.44840 + L_Nrml: 0.00000 + L_Eknl: 3.22079 + L_Div: 0.00000 + L_Morse: 0.29423
Epoch: 0 [9420/10000 (94%)] Unweighted L_s : L_Mnfld: 0.00093,  L_NonMnfld: 0.01741,  L_Nrml: 0.00000,  L_Eknl: 0.06442, L_Morse: 2.94233

Weights: [7000.0, 600.0, 0, 50.0, 0.0, 0.1], lr=5.000e-05
Epoch: 0 [9430/10000 (94%)] Loss: 19.01103 = L_Mnfld: 6.48404 + L_NonMnfld: 9.42689 + L_Nrml: 0.00000 + L_Eknl: 2.80110 + L_Div: 0.00000 + L_Morse: 0.29901
Epoch: 0 [9430/10000 (94%)] Unweighted L_s : L_Mnfld: 0.00093,  L_NonMnfld: 0.01571,  L_Nrml: 0.00000,  L_Eknl: 0.05602, L_Morse: 2.99009

Weights: [7000.0, 600.0, 0, 50.0, 0.0, 0.1], lr=5.000e-05
Epoch: 0 [9440/10000 (94%)] Loss: 20.85035 = L_Mnfld: 6.42746 + L_NonMnfld: 11.29275 + L_Nrml: 0.00000 + L_Eknl: 2.84098 + L_Div: 0.00000 + L_Morse: 0.28914
Epoch: 0 [9440/10000 (94%)] Unweighted L_s : L_Mnfld: 0.00092,  L_NonMnfld: 0.01882,  L_Nrml: 0.00000,  L_Eknl: 0.05682, L_Morse: 2.89142

Weights: [7000.0, 600.0, 0, 50.0, 0.0, 0.1], lr=5.000e-05
Epoch: 0 [9450/10000 (94%)] Loss: 19.80483 = L_Mnfld: 6.37097 + L_NonMnfld: 10.28556 + L_Nrml: 0.00000 + L_Eknl: 2.86732 + L_Div: 0.00000 + L_Morse: 0.28098
Epoch: 0 [9450/10000 (94%)] Unweighted L_s : L_Mnfld: 0.00091,  L_NonMnfld: 0.01714,  L_Nrml: 0.00000,  L_Eknl: 0.05735, L_Morse: 2.80981

Weights: [7000.0, 600.0, 0, 50.0, 0.0, 0.1], lr=5.000e-05
Epoch: 0 [9460/10000 (95%)] Loss: 19.87430 = L_Mnfld: 6.20749 + L_NonMnfld: 10.79818 + L_Nrml: 0.00000 + L_Eknl: 2.57803 + L_Div: 0.00000 + L_Morse: 0.29059
Epoch: 0 [9460/10000 (95%)] Unweighted L_s : L_Mnfld: 0.00089,  L_NonMnfld: 0.01800,  L_Nrml: 0.00000,  L_Eknl: 0.05156, L_Morse: 2.90588

Weights: [7000.0, 600.0, 0, 50.0, 0.0, 0.1], lr=5.000e-05
Epoch: 0 [9470/10000 (95%)] Loss: 19.93732 = L_Mnfld: 6.07376 + L_NonMnfld: 10.68500 + L_Nrml: 0.00000 + L_Eknl: 2.86358 + L_Div: 0.00000 + L_Morse: 0.31498
Epoch: 0 [9470/10000 (95%)] Unweighted L_s : L_Mnfld: 0.00087,  L_NonMnfld: 0.01781,  L_Nrml: 0.00000,  L_Eknl: 0.05727, L_Morse: 3.14978

Weights: [7000.0, 600.0, 0, 50.0, 0.0, 0.1], lr=5.000e-05
Epoch: 0 [9480/10000 (95%)] Loss: 17.74498 = L_Mnfld: 5.67174 + L_NonMnfld: 8.93008 + L_Nrml: 0.00000 + L_Eknl: 2.83846 + L_Div: 0.00000 + L_Morse: 0.30470
Epoch: 0 [9480/10000 (95%)] Unweighted L_s : L_Mnfld: 0.00081,  L_NonMnfld: 0.01488,  L_Nrml: 0.00000,  L_Eknl: 0.05677, L_Morse: 3.04704

Weights: [7000.0, 600.0, 0, 50.0, 0.0, 0.1], lr=5.000e-05
Epoch: 0 [9490/10000 (95%)] Loss: 19.24601 = L_Mnfld: 6.31379 + L_NonMnfld: 9.79999 + L_Nrml: 0.00000 + L_Eknl: 2.84831 + L_Div: 0.00000 + L_Morse: 0.28392
Epoch: 0 [9490/10000 (95%)] Unweighted L_s : L_Mnfld: 0.00090,  L_NonMnfld: 0.01633,  L_Nrml: 0.00000,  L_Eknl: 0.05697, L_Morse: 2.83917

Weights: [7000.0, 600.0, 0, 50.0, 0.0, 0.1], lr=5.000e-05
Epoch: 0 [9500/10000 (95%)] Loss: 21.15975 = L_Mnfld: 6.59456 + L_NonMnfld: 11.18703 + L_Nrml: 0.00000 + L_Eknl: 3.08094 + L_Div: 0.00000 + L_Morse: 0.29721
Epoch: 0 [9500/10000 (95%)] Unweighted L_s : L_Mnfld: 0.00094,  L_NonMnfld: 0.01865,  L_Nrml: 0.00000,  L_Eknl: 0.06162, L_Morse: 2.97211

Weights: [7000.0, 600.0, 0, 50.0, 0.0, 0.1], lr=5.000e-05
Epoch: 0 [9510/10000 (95%)] Loss: 18.91225 = L_Mnfld: 5.96950 + L_NonMnfld: 9.83758 + L_Nrml: 0.00000 + L_Eknl: 2.79180 + L_Div: 0.00000 + L_Morse: 0.31337
Epoch: 0 [9510/10000 (95%)] Unweighted L_s : L_Mnfld: 0.00085,  L_NonMnfld: 0.01640,  L_Nrml: 0.00000,  L_Eknl: 0.05584, L_Morse: 3.13369

Weights: [7000.0, 600.0, 0, 50.0, 0.0, 0.1], lr=5.000e-05
Epoch: 0 [9520/10000 (95%)] Loss: 19.68331 = L_Mnfld: 6.21694 + L_NonMnfld: 10.61248 + L_Nrml: 0.00000 + L_Eknl: 2.56148 + L_Div: 0.00000 + L_Morse: 0.29241
Epoch: 0 [9520/10000 (95%)] Unweighted L_s : L_Mnfld: 0.00089,  L_NonMnfld: 0.01769,  L_Nrml: 0.00000,  L_Eknl: 0.05123, L_Morse: 2.92412

Weights: [7000.0, 600.0, 0, 50.0, 0.0, 0.1], lr=5.000e-05
Epoch: 0 [9530/10000 (95%)] Loss: 18.84060 = L_Mnfld: 6.27352 + L_NonMnfld: 9.54337 + L_Nrml: 0.00000 + L_Eknl: 2.72899 + L_Div: 0.00000 + L_Morse: 0.29472
Epoch: 0 [9530/10000 (95%)] Unweighted L_s : L_Mnfld: 0.00090,  L_NonMnfld: 0.01591,  L_Nrml: 0.00000,  L_Eknl: 0.05458, L_Morse: 2.94717

Weights: [7000.0, 600.0, 0, 50.0, 0.0, 0.1], lr=5.000e-05
Epoch: 0 [9540/10000 (95%)] Loss: 19.18491 = L_Mnfld: 6.17611 + L_NonMnfld: 10.16635 + L_Nrml: 0.00000 + L_Eknl: 2.55780 + L_Div: 0.00000 + L_Morse: 0.28465
Epoch: 0 [9540/10000 (95%)] Unweighted L_s : L_Mnfld: 0.00088,  L_NonMnfld: 0.01694,  L_Nrml: 0.00000,  L_Eknl: 0.05116, L_Morse: 2.84650

Weights: [7000.0, 600.0, 0, 50.0, 0.0, 0.1], lr=5.000e-05
Epoch: 0 [9550/10000 (96%)] Loss: 19.53860 = L_Mnfld: 6.28773 + L_NonMnfld: 10.28190 + L_Nrml: 0.00000 + L_Eknl: 2.66696 + L_Div: 0.00000 + L_Morse: 0.30201
Epoch: 0 [9550/10000 (96%)] Unweighted L_s : L_Mnfld: 0.00090,  L_NonMnfld: 0.01714,  L_Nrml: 0.00000,  L_Eknl: 0.05334, L_Morse: 3.02015

Weights: [7000.0, 600.0, 0, 50.0, 0.0, 0.1], lr=5.000e-05
Epoch: 0 [9560/10000 (96%)] Loss: 19.59867 = L_Mnfld: 6.31664 + L_NonMnfld: 10.00614 + L_Nrml: 0.00000 + L_Eknl: 2.97008 + L_Div: 0.00000 + L_Morse: 0.30581
Epoch: 0 [9560/10000 (96%)] Unweighted L_s : L_Mnfld: 0.00090,  L_NonMnfld: 0.01668,  L_Nrml: 0.00000,  L_Eknl: 0.05940, L_Morse: 3.05811

Weights: [7000.0, 600.0, 0, 50.0, 0.0, 0.1], lr=5.000e-05
Epoch: 0 [9570/10000 (96%)] Loss: 20.01652 = L_Mnfld: 6.17374 + L_NonMnfld: 10.61620 + L_Nrml: 0.00000 + L_Eknl: 2.91015 + L_Div: 0.00000 + L_Morse: 0.31643
Epoch: 0 [9570/10000 (96%)] Unweighted L_s : L_Mnfld: 0.00088,  L_NonMnfld: 0.01769,  L_Nrml: 0.00000,  L_Eknl: 0.05820, L_Morse: 3.16430

Weights: [7000.0, 600.0, 0, 50.0, 0.0, 0.1], lr=5.000e-05
Epoch: 0 [9580/10000 (96%)] Loss: 21.09808 = L_Mnfld: 6.47019 + L_NonMnfld: 11.43864 + L_Nrml: 0.00000 + L_Eknl: 2.89502 + L_Div: 0.00000 + L_Morse: 0.29423
Epoch: 0 [9580/10000 (96%)] Unweighted L_s : L_Mnfld: 0.00092,  L_NonMnfld: 0.01906,  L_Nrml: 0.00000,  L_Eknl: 0.05790, L_Morse: 2.94228

Weights: [7000.0, 600.0, 0, 50.0, 0.0, 0.1], lr=5.000e-05
Epoch: 0 [9590/10000 (96%)] Loss: 18.25713 = L_Mnfld: 6.15831 + L_NonMnfld: 8.98101 + L_Nrml: 0.00000 + L_Eknl: 2.82061 + L_Div: 0.00000 + L_Morse: 0.29720
Epoch: 0 [9590/10000 (96%)] Unweighted L_s : L_Mnfld: 0.00088,  L_NonMnfld: 0.01497,  L_Nrml: 0.00000,  L_Eknl: 0.05641, L_Morse: 2.97203

Weights: [7000.0, 600.0, 0, 50.0, 0.0, 0.1], lr=5.000e-05
Epoch: 0 [9600/10000 (96%)] Loss: 18.46420 = L_Mnfld: 6.23121 + L_NonMnfld: 9.17665 + L_Nrml: 0.00000 + L_Eknl: 2.76799 + L_Div: 0.00000 + L_Morse: 0.28836
Epoch: 0 [9600/10000 (96%)] Unweighted L_s : L_Mnfld: 0.00089,  L_NonMnfld: 0.01529,  L_Nrml: 0.00000,  L_Eknl: 0.05536, L_Morse: 2.88356

Weights: [7000.0, 600.0, 0, 50.0, 0.0, 0.1], lr=5.000e-05
Epoch: 0 [9610/10000 (96%)] Loss: 19.03212 = L_Mnfld: 6.26770 + L_NonMnfld: 9.58771 + L_Nrml: 0.00000 + L_Eknl: 2.87632 + L_Div: 0.00000 + L_Morse: 0.30040
Epoch: 0 [9610/10000 (96%)] Unweighted L_s : L_Mnfld: 0.00090,  L_NonMnfld: 0.01598,  L_Nrml: 0.00000,  L_Eknl: 0.05753, L_Morse: 3.00396

Weights: [7000.0, 600.0, 0, 50.0, 0.0, 0.1], lr=5.000e-05
Epoch: 0 [9620/10000 (96%)] Loss: 19.22312 = L_Mnfld: 5.76826 + L_NonMnfld: 10.46981 + L_Nrml: 0.00000 + L_Eknl: 2.69514 + L_Div: 0.00000 + L_Morse: 0.28991
Epoch: 0 [9620/10000 (96%)] Unweighted L_s : L_Mnfld: 0.00082,  L_NonMnfld: 0.01745,  L_Nrml: 0.00000,  L_Eknl: 0.05390, L_Morse: 2.89911

Weights: [7000.0, 600.0, 0, 50.0, 0.0, 0.1], lr=5.000e-05
Epoch: 0 [9630/10000 (96%)] Loss: 19.63645 = L_Mnfld: 5.94182 + L_NonMnfld: 10.63365 + L_Nrml: 0.00000 + L_Eknl: 2.77509 + L_Div: 0.00000 + L_Morse: 0.28588
Epoch: 0 [9630/10000 (96%)] Unweighted L_s : L_Mnfld: 0.00085,  L_NonMnfld: 0.01772,  L_Nrml: 0.00000,  L_Eknl: 0.05550, L_Morse: 2.85877

Weights: [7000.0, 600.0, 0, 50.0, 0.0, 0.1], lr=5.000e-05
Epoch: 0 [9640/10000 (96%)] Loss: 20.69266 = L_Mnfld: 6.03111 + L_NonMnfld: 11.44549 + L_Nrml: 0.00000 + L_Eknl: 2.90685 + L_Div: 0.00000 + L_Morse: 0.30921
Epoch: 0 [9640/10000 (96%)] Unweighted L_s : L_Mnfld: 0.00086,  L_NonMnfld: 0.01908,  L_Nrml: 0.00000,  L_Eknl: 0.05814, L_Morse: 3.09207

Weights: [7000.0, 600.0, 0, 50.0, 0.0, 0.1], lr=5.000e-05
Epoch: 0 [9650/10000 (96%)] Loss: 19.25072 = L_Mnfld: 6.19686 + L_NonMnfld: 10.00504 + L_Nrml: 0.00000 + L_Eknl: 2.75851 + L_Div: 0.00000 + L_Morse: 0.29031
Epoch: 0 [9650/10000 (96%)] Unweighted L_s : L_Mnfld: 0.00089,  L_NonMnfld: 0.01668,  L_Nrml: 0.00000,  L_Eknl: 0.05517, L_Morse: 2.90305

Weights: [7000.0, 600.0, 0, 50.0, 0.0, 0.1], lr=5.000e-05
Epoch: 0 [9660/10000 (97%)] Loss: 19.89925 = L_Mnfld: 7.36357 + L_NonMnfld: 8.68544 + L_Nrml: 0.00000 + L_Eknl: 3.54177 + L_Div: 0.00000 + L_Morse: 0.30846
Epoch: 0 [9660/10000 (97%)] Unweighted L_s : L_Mnfld: 0.00105,  L_NonMnfld: 0.01448,  L_Nrml: 0.00000,  L_Eknl: 0.07084, L_Morse: 3.08464

Weights: [7000.0, 600.0, 0, 50.0, 0.0, 0.1], lr=5.000e-05
Epoch: 0 [9670/10000 (97%)] Loss: 21.01714 = L_Mnfld: 6.93773 + L_NonMnfld: 10.81021 + L_Nrml: 0.00000 + L_Eknl: 2.98477 + L_Div: 0.00000 + L_Morse: 0.28444
Epoch: 0 [9670/10000 (97%)] Unweighted L_s : L_Mnfld: 0.00099,  L_NonMnfld: 0.01802,  L_Nrml: 0.00000,  L_Eknl: 0.05970, L_Morse: 2.84440

Weights: [7000.0, 600.0, 0, 50.0, 0.0, 0.1], lr=5.000e-05
Epoch: 0 [9680/10000 (97%)] Loss: 20.53707 = L_Mnfld: 6.92323 + L_NonMnfld: 10.21745 + L_Nrml: 0.00000 + L_Eknl: 3.08419 + L_Div: 0.00000 + L_Morse: 0.31221
Epoch: 0 [9680/10000 (97%)] Unweighted L_s : L_Mnfld: 0.00099,  L_NonMnfld: 0.01703,  L_Nrml: 0.00000,  L_Eknl: 0.06168, L_Morse: 3.12209

Weights: [7000.0, 600.0, 0, 50.0, 0.0, 0.1], lr=5.000e-05
Epoch: 0 [9690/10000 (97%)] Loss: 19.44299 = L_Mnfld: 6.49548 + L_NonMnfld: 9.75626 + L_Nrml: 0.00000 + L_Eknl: 2.89760 + L_Div: 0.00000 + L_Morse: 0.29364
Epoch: 0 [9690/10000 (97%)] Unweighted L_s : L_Mnfld: 0.00093,  L_NonMnfld: 0.01626,  L_Nrml: 0.00000,  L_Eknl: 0.05795, L_Morse: 2.93644

Weights: [7000.0, 600.0, 0, 50.0, 0.0, 0.1], lr=5.000e-05
Epoch: 0 [9700/10000 (97%)] Loss: 20.16701 = L_Mnfld: 6.18830 + L_NonMnfld: 10.80708 + L_Nrml: 0.00000 + L_Eknl: 2.86990 + L_Div: 0.00000 + L_Morse: 0.30172
Epoch: 0 [9700/10000 (97%)] Unweighted L_s : L_Mnfld: 0.00088,  L_NonMnfld: 0.01801,  L_Nrml: 0.00000,  L_Eknl: 0.05740, L_Morse: 3.01717

Weights: [7000.0, 600.0, 0, 50.0, 0.0, 0.1], lr=5.000e-05
Epoch: 0 [9710/10000 (97%)] Loss: 19.09201 = L_Mnfld: 6.24414 + L_NonMnfld: 9.72177 + L_Nrml: 0.00000 + L_Eknl: 2.83484 + L_Div: 0.00000 + L_Morse: 0.29126
Epoch: 0 [9710/10000 (97%)] Unweighted L_s : L_Mnfld: 0.00089,  L_NonMnfld: 0.01620,  L_Nrml: 0.00000,  L_Eknl: 0.05670, L_Morse: 2.91262

Weights: [7000.0, 600.0, 0, 50.0, 0.0, 0.1], lr=5.000e-05
Epoch: 0 [9720/10000 (97%)] Loss: 20.21697 = L_Mnfld: 6.09907 + L_NonMnfld: 10.90046 + L_Nrml: 0.00000 + L_Eknl: 2.91360 + L_Div: 0.00000 + L_Morse: 0.30384
Epoch: 0 [9720/10000 (97%)] Unweighted L_s : L_Mnfld: 0.00087,  L_NonMnfld: 0.01817,  L_Nrml: 0.00000,  L_Eknl: 0.05827, L_Morse: 3.03840

Weights: [7000.0, 600.0, 0, 50.0, 0.0, 0.1], lr=5.000e-05
Epoch: 0 [9730/10000 (97%)] Loss: 21.02213 = L_Mnfld: 6.14422 + L_NonMnfld: 11.75944 + L_Nrml: 0.00000 + L_Eknl: 2.81756 + L_Div: 0.00000 + L_Morse: 0.30090
Epoch: 0 [9730/10000 (97%)] Unweighted L_s : L_Mnfld: 0.00088,  L_NonMnfld: 0.01960,  L_Nrml: 0.00000,  L_Eknl: 0.05635, L_Morse: 3.00904

Weights: [7000.0, 600.0, 0, 50.0, 0.0, 0.1], lr=5.000e-05
Epoch: 0 [9740/10000 (97%)] Loss: 19.41367 = L_Mnfld: 6.05298 + L_NonMnfld: 10.42375 + L_Nrml: 0.00000 + L_Eknl: 2.64926 + L_Div: 0.00000 + L_Morse: 0.28767
Epoch: 0 [9740/10000 (97%)] Unweighted L_s : L_Mnfld: 0.00086,  L_NonMnfld: 0.01737,  L_Nrml: 0.00000,  L_Eknl: 0.05299, L_Morse: 2.87674

Weights: [7000.0, 600.0, 0, 50.0, 0.0, 0.1], lr=5.000e-05
Epoch: 0 [9750/10000 (98%)] Loss: 20.32126 = L_Mnfld: 6.22481 + L_NonMnfld: 10.86837 + L_Nrml: 0.00000 + L_Eknl: 2.92926 + L_Div: 0.00000 + L_Morse: 0.29882
Epoch: 0 [9750/10000 (98%)] Unweighted L_s : L_Mnfld: 0.00089,  L_NonMnfld: 0.01811,  L_Nrml: 0.00000,  L_Eknl: 0.05859, L_Morse: 2.98819

Weights: [7000.0, 600.0, 0, 50.0, 0.0, 0.1], lr=5.000e-05
Epoch: 0 [9760/10000 (98%)] Loss: 20.08288 = L_Mnfld: 5.75637 + L_NonMnfld: 11.21798 + L_Nrml: 0.00000 + L_Eknl: 2.81536 + L_Div: 0.00000 + L_Morse: 0.29316
Epoch: 0 [9760/10000 (98%)] Unweighted L_s : L_Mnfld: 0.00082,  L_NonMnfld: 0.01870,  L_Nrml: 0.00000,  L_Eknl: 0.05631, L_Morse: 2.93158

Weights: [7000.0, 600.0, 0, 50.0, 0.0, 0.1], lr=5.000e-05
Epoch: 0 [9770/10000 (98%)] Loss: 19.35077 = L_Mnfld: 5.89826 + L_NonMnfld: 10.55427 + L_Nrml: 0.00000 + L_Eknl: 2.61710 + L_Div: 0.00000 + L_Morse: 0.28112
Epoch: 0 [9770/10000 (98%)] Unweighted L_s : L_Mnfld: 0.00084,  L_NonMnfld: 0.01759,  L_Nrml: 0.00000,  L_Eknl: 0.05234, L_Morse: 2.81123

Weights: [7000.0, 600.0, 0, 50.0, 0.0, 0.1], lr=5.000e-05
Epoch: 0 [9780/10000 (98%)] Loss: 19.62587 = L_Mnfld: 6.03899 + L_NonMnfld: 10.66918 + L_Nrml: 0.00000 + L_Eknl: 2.63602 + L_Div: 0.00000 + L_Morse: 0.28168
Epoch: 0 [9780/10000 (98%)] Unweighted L_s : L_Mnfld: 0.00086,  L_NonMnfld: 0.01778,  L_Nrml: 0.00000,  L_Eknl: 0.05272, L_Morse: 2.81677

Weights: [7000.0, 600.0, 0, 50.0, 0.0, 0.1], lr=5.000e-05
Epoch: 0 [9790/10000 (98%)] Loss: 19.53713 = L_Mnfld: 6.06794 + L_NonMnfld: 10.63837 + L_Nrml: 0.00000 + L_Eknl: 2.54723 + L_Div: 0.00000 + L_Morse: 0.28360
Epoch: 0 [9790/10000 (98%)] Unweighted L_s : L_Mnfld: 0.00087,  L_NonMnfld: 0.01773,  L_Nrml: 0.00000,  L_Eknl: 0.05094, L_Morse: 2.83597

Weights: [7000.0, 600.0, 0, 50.0, 0.0, 0.1], lr=5.000e-05
Epoch: 0 [9800/10000 (98%)] Loss: 19.49889 = L_Mnfld: 6.36765 + L_NonMnfld: 10.02808 + L_Nrml: 0.00000 + L_Eknl: 2.79510 + L_Div: 0.00000 + L_Morse: 0.30805
Epoch: 0 [9800/10000 (98%)] Unweighted L_s : L_Mnfld: 0.00091,  L_NonMnfld: 0.01671,  L_Nrml: 0.00000,  L_Eknl: 0.05590, L_Morse: 3.08054

Weights: [7000.0, 600.0, 0, 50.0, 0.0, 0.1], lr=5.000e-05
Epoch: 0 [9810/10000 (98%)] Loss: 19.90257 = L_Mnfld: 6.05047 + L_NonMnfld: 11.10130 + L_Nrml: 0.00000 + L_Eknl: 2.46065 + L_Div: 0.00000 + L_Morse: 0.29015
Epoch: 0 [9810/10000 (98%)] Unweighted L_s : L_Mnfld: 0.00086,  L_NonMnfld: 0.01850,  L_Nrml: 0.00000,  L_Eknl: 0.04921, L_Morse: 2.90153

Weights: [7000.0, 600.0, 0, 50.0, 0.0, 0.1], lr=5.000e-05
Epoch: 0 [9820/10000 (98%)] Loss: 18.89901 = L_Mnfld: 5.79550 + L_NonMnfld: 10.10260 + L_Nrml: 0.00000 + L_Eknl: 2.71240 + L_Div: 0.00000 + L_Morse: 0.28851
Epoch: 0 [9820/10000 (98%)] Unweighted L_s : L_Mnfld: 0.00083,  L_NonMnfld: 0.01684,  L_Nrml: 0.00000,  L_Eknl: 0.05425, L_Morse: 2.88509

Weights: [7000.0, 600.0, 0, 50.0, 0.0, 0.1], lr=5.000e-05
Epoch: 0 [9830/10000 (98%)] Loss: 18.54761 = L_Mnfld: 5.72879 + L_NonMnfld: 10.06540 + L_Nrml: 0.00000 + L_Eknl: 2.45932 + L_Div: 0.00000 + L_Morse: 0.29410
Epoch: 0 [9830/10000 (98%)] Unweighted L_s : L_Mnfld: 0.00082,  L_NonMnfld: 0.01678,  L_Nrml: 0.00000,  L_Eknl: 0.04919, L_Morse: 2.94096

Weights: [7000.0, 600.0, 0, 50.0, 0.0, 0.1], lr=5.000e-05
Epoch: 0 [9840/10000 (98%)] Loss: 19.06507 = L_Mnfld: 5.47052 + L_NonMnfld: 10.67859 + L_Nrml: 0.00000 + L_Eknl: 2.62712 + L_Div: 0.00000 + L_Morse: 0.28884
Epoch: 0 [9840/10000 (98%)] Unweighted L_s : L_Mnfld: 0.00078,  L_NonMnfld: 0.01780,  L_Nrml: 0.00000,  L_Eknl: 0.05254, L_Morse: 2.88843

Weights: [7000.0, 600.0, 0, 50.0, 0.0, 0.1], lr=5.000e-05
Epoch: 0 [9850/10000 (98%)] Loss: 19.40719 = L_Mnfld: 5.45814 + L_NonMnfld: 10.97168 + L_Nrml: 0.00000 + L_Eknl: 2.67680 + L_Div: 0.00000 + L_Morse: 0.30057
Epoch: 0 [9850/10000 (98%)] Unweighted L_s : L_Mnfld: 0.00078,  L_NonMnfld: 0.01829,  L_Nrml: 0.00000,  L_Eknl: 0.05354, L_Morse: 3.00565

Weights: [7000.0, 600.0, 0, 50.0, 0.0, 0.1], lr=5.000e-05
Epoch: 0 [9860/10000 (99%)] Loss: 18.84874 = L_Mnfld: 5.91173 + L_NonMnfld: 9.80492 + L_Nrml: 0.00000 + L_Eknl: 2.83507 + L_Div: 0.00000 + L_Morse: 0.29702
Epoch: 0 [9860/10000 (99%)] Unweighted L_s : L_Mnfld: 0.00084,  L_NonMnfld: 0.01634,  L_Nrml: 0.00000,  L_Eknl: 0.05670, L_Morse: 2.97016

Weights: [7000.0, 600.0, 0, 50.0, 0.0, 0.1], lr=5.000e-05
Epoch: 0 [9870/10000 (99%)] Loss: 19.91974 = L_Mnfld: 5.98683 + L_NonMnfld: 10.91274 + L_Nrml: 0.00000 + L_Eknl: 2.72942 + L_Div: 0.00000 + L_Morse: 0.29075
Epoch: 0 [9870/10000 (99%)] Unweighted L_s : L_Mnfld: 0.00086,  L_NonMnfld: 0.01819,  L_Nrml: 0.00000,  L_Eknl: 0.05459, L_Morse: 2.90753

Weights: [7000.0, 600.0, 0, 50.0, 0.0, 0.1], lr=5.000e-05
Epoch: 0 [9880/10000 (99%)] Loss: 20.73690 = L_Mnfld: 6.49556 + L_NonMnfld: 10.99153 + L_Nrml: 0.00000 + L_Eknl: 2.94739 + L_Div: 0.00000 + L_Morse: 0.30242
Epoch: 0 [9880/10000 (99%)] Unweighted L_s : L_Mnfld: 0.00093,  L_NonMnfld: 0.01832,  L_Nrml: 0.00000,  L_Eknl: 0.05895, L_Morse: 3.02419

Weights: [7000.0, 600.0, 0, 50.0, 0.0, 0.1], lr=5.000e-05
Epoch: 0 [9890/10000 (99%)] Loss: 20.43098 = L_Mnfld: 6.14899 + L_NonMnfld: 11.08466 + L_Nrml: 0.00000 + L_Eknl: 2.91031 + L_Div: 0.00000 + L_Morse: 0.28702
Epoch: 0 [9890/10000 (99%)] Unweighted L_s : L_Mnfld: 0.00088,  L_NonMnfld: 0.01847,  L_Nrml: 0.00000,  L_Eknl: 0.05821, L_Morse: 2.87017

Weights: [7000.0, 600.0, 0, 50.0, 0.0, 0.1], lr=5.000e-05
Epoch: 0 [9900/10000 (99%)] Loss: 19.90205 = L_Mnfld: 6.09265 + L_NonMnfld: 10.67404 + L_Nrml: 0.00000 + L_Eknl: 2.84093 + L_Div: 0.00000 + L_Morse: 0.29443
Epoch: 0 [9900/10000 (99%)] Unweighted L_s : L_Mnfld: 0.00087,  L_NonMnfld: 0.01779,  L_Nrml: 0.00000,  L_Eknl: 0.05682, L_Morse: 2.94432

Weights: [7000.0, 600.0, 0, 50.0, 0.0, 0.1], lr=5.000e-05
Epoch: 0 [9910/10000 (99%)] Loss: 20.55308 = L_Mnfld: 6.35379 + L_NonMnfld: 10.51743 + L_Nrml: 0.00000 + L_Eknl: 3.39721 + L_Div: 0.00000 + L_Morse: 0.28466
Epoch: 0 [9910/10000 (99%)] Unweighted L_s : L_Mnfld: 0.00091,  L_NonMnfld: 0.01753,  L_Nrml: 0.00000,  L_Eknl: 0.06794, L_Morse: 2.84659

Weights: [7000.0, 600.0, 0, 50.0, 0.0, 0.1], lr=5.000e-05
Epoch: 0 [9920/10000 (99%)] Loss: 20.51553 = L_Mnfld: 6.78799 + L_NonMnfld: 10.19308 + L_Nrml: 0.00000 + L_Eknl: 3.24023 + L_Div: 0.00000 + L_Morse: 0.29423
Epoch: 0 [9920/10000 (99%)] Unweighted L_s : L_Mnfld: 0.00097,  L_NonMnfld: 0.01699,  L_Nrml: 0.00000,  L_Eknl: 0.06480, L_Morse: 2.94232

Weights: [7000.0, 600.0, 0, 50.0, 0.0, 0.1], lr=5.000e-05
Epoch: 0 [9930/10000 (99%)] Loss: 20.16639 = L_Mnfld: 6.72365 + L_NonMnfld: 10.30090 + L_Nrml: 0.00000 + L_Eknl: 2.84272 + L_Div: 0.00000 + L_Morse: 0.29912
Epoch: 0 [9930/10000 (99%)] Unweighted L_s : L_Mnfld: 0.00096,  L_NonMnfld: 0.01717,  L_Nrml: 0.00000,  L_Eknl: 0.05685, L_Morse: 2.99120

Weights: [7000.0, 600.0, 0, 50.0, 0.0, 0.1], lr=5.000e-05
Epoch: 0 [9940/10000 (99%)] Loss: 21.51917 = L_Mnfld: 7.28708 + L_NonMnfld: 10.78018 + L_Nrml: 0.00000 + L_Eknl: 3.16276 + L_Div: 0.00000 + L_Morse: 0.28914
Epoch: 0 [9940/10000 (99%)] Unweighted L_s : L_Mnfld: 0.00104,  L_NonMnfld: 0.01797,  L_Nrml: 0.00000,  L_Eknl: 0.06326, L_Morse: 2.89143

Weights: [7000.0, 600.0, 0, 50.0, 0.0, 0.1], lr=5.000e-05
Epoch: 0 [9950/10000 (100%)] Loss: 21.33467 = L_Mnfld: 6.63576 + L_NonMnfld: 11.39439 + L_Nrml: 0.00000 + L_Eknl: 2.99154 + L_Div: 0.00000 + L_Morse: 0.31298
Epoch: 0 [9950/10000 (100%)] Unweighted L_s : L_Mnfld: 0.00095,  L_NonMnfld: 0.01899,  L_Nrml: 0.00000,  L_Eknl: 0.05983, L_Morse: 3.12983

Weights: [7000.0, 600.0, 0, 50.0, 0.0, 0.1], lr=5.000e-05
Epoch: 0 [9960/10000 (100%)] Loss: 20.06666 = L_Mnfld: 6.72698 + L_NonMnfld: 10.06093 + L_Nrml: 0.00000 + L_Eknl: 2.96927 + L_Div: 0.00000 + L_Morse: 0.30947
Epoch: 0 [9960/10000 (100%)] Unweighted L_s : L_Mnfld: 0.00096,  L_NonMnfld: 0.01677,  L_Nrml: 0.00000,  L_Eknl: 0.05939, L_Morse: 3.09474

Weights: [7000.0, 600.0, 0, 50.0, 0.0, 0.1], lr=5.000e-05
Epoch: 0 [9970/10000 (100%)] Loss: 20.73691 = L_Mnfld: 6.26879 + L_NonMnfld: 11.17395 + L_Nrml: 0.00000 + L_Eknl: 2.99251 + L_Div: 0.00000 + L_Morse: 0.30166
Epoch: 0 [9970/10000 (100%)] Unweighted L_s : L_Mnfld: 0.00090,  L_NonMnfld: 0.01862,  L_Nrml: 0.00000,  L_Eknl: 0.05985, L_Morse: 3.01656

Weights: [7000.0, 600.0, 0, 50.0, 0.0, 0.1], lr=5.000e-05
Epoch: 0 [9980/10000 (100%)] Loss: 21.15461 = L_Mnfld: 6.43179 + L_NonMnfld: 11.39400 + L_Nrml: 0.00000 + L_Eknl: 3.03236 + L_Div: 0.00000 + L_Morse: 0.29646
Epoch: 0 [9980/10000 (100%)] Unweighted L_s : L_Mnfld: 0.00092,  L_NonMnfld: 0.01899,  L_Nrml: 0.00000,  L_Eknl: 0.06065, L_Morse: 2.96464

Weights: [7000.0, 600.0, 0, 50.0, 0.0, 0.1], lr=5.000e-05
Epoch: 0 [9990/10000 (100%)] Loss: 19.78516 = L_Mnfld: 5.91878 + L_NonMnfld: 10.78610 + L_Nrml: 0.00000 + L_Eknl: 2.79593 + L_Div: 0.00000 + L_Morse: 0.28436
Epoch: 0 [9990/10000 (100%)] Unweighted L_s : L_Mnfld: 0.00085,  L_NonMnfld: 0.01798,  L_Nrml: 0.00000,  L_Eknl: 0.05592, L_Morse: 2.84361

