input params: 
Namespace(logdir='./new_log/CAD_CG_2025', model_name='model', seed=3627473, data_path='../../../ABC/00016761_86a5a4fd65ba409cba91c4a7_trimesh_002.ply', mesh_dir='/home/runqiao/rotate_input/gt', n_samples=10000, n_points=10000, grid_res=128, nonmnfld_sample_type='gaussian', num_epochs=1, lr=5e-05, grad_clip_norm=10.0, batch_size=1, load_path=None, init_type='siren', decoder_hidden_dim=256, decoder_n_hidden_layers=4, latent_size=0, nl='sine', sphere_init_params=[1.6, 0.1], udf=False, output_any=True, loss_type='siren_wo_n_w_morse', decay_params=[10.0, 0.2, 10.0, 0.5, 0.1, 0.1], morse_type='l1', morse_decay='linear', loss_weights=[7000.0, 600.0, 100.0, 50.0, 0.0, 3.0], bidirectional_morse=False, morse_near=True, weight_for_morse=False, use_morse_nonmnfld_grad=False, use_relax_eikonal=False)
Number of parameters in the current model:264449
Weights: [7000.0, 600.0, 0, 50.0, 0.0, 3.0], lr=5.000e-05
Epoch: 0 [   0/10000 (0%)] Loss: 677.75537 = L_Mnfld: 623.58043 + L_NonMnfld: 0.46025 + L_Nrml: 0.00000 + L_Eknl: 34.89338 + L_Div: 0.00000 + L_Morse: 18.82131
Epoch: 0 [   0/10000 (0%)] Unweighted L_s : L_Mnfld: 0.08908,  L_NonMnfld: 0.00077,  L_Nrml: 0.00000,  L_Eknl: 0.69787, L_Morse: 6.27377

Weights: [7000.0, 600.0, 0, 50.0, 0.0, 10.0], lr=5.000e-05
Epoch: 0 [  10/10000 (0%)] Loss: 354.36121 = L_Mnfld: 138.67715 + L_NonMnfld: 135.33309 + L_Nrml: 0.00000 + L_Eknl: 37.63837 + L_Div: 0.00000 + L_Morse: 42.71259
Epoch: 0 [  10/10000 (0%)] Unweighted L_s : L_Mnfld: 0.01981,  L_NonMnfld: 0.22556,  L_Nrml: 0.00000,  L_Eknl: 0.75277, L_Morse: 4.27126

Weights: [7000.0, 600.0, 0, 50.0, 0.0, 10.0], lr=5.000e-05
Epoch: 0 [  20/10000 (0%)] Loss: 203.69052 = L_Mnfld: 97.59330 + L_NonMnfld: 31.63283 + L_Nrml: 0.00000 + L_Eknl: 38.08452 + L_Div: 0.00000 + L_Morse: 36.37986
Epoch: 0 [  20/10000 (0%)] Unweighted L_s : L_Mnfld: 0.01394,  L_NonMnfld: 0.05272,  L_Nrml: 0.00000,  L_Eknl: 0.76169, L_Morse: 3.63799

Weights: [7000.0, 600.0, 0, 50.0, 0.0, 10.0], lr=5.000e-05
Epoch: 0 [  30/10000 (0%)] Loss: 154.10931 = L_Mnfld: 37.94732 + L_NonMnfld: 54.44634 + L_Nrml: 0.00000 + L_Eknl: 37.34941 + L_Div: 0.00000 + L_Morse: 24.36624
Epoch: 0 [  30/10000 (0%)] Unweighted L_s : L_Mnfld: 0.00542,  L_NonMnfld: 0.09074,  L_Nrml: 0.00000,  L_Eknl: 0.74699, L_Morse: 2.43662

Weights: [7000.0, 600.0, 0, 50.0, 0.0, 10.0], lr=5.000e-05
Epoch: 0 [  40/10000 (0%)] Loss: 140.91100 = L_Mnfld: 45.32102 + L_NonMnfld: 38.79850 + L_Nrml: 0.00000 + L_Eknl: 36.16491 + L_Div: 0.00000 + L_Morse: 20.62656
Epoch: 0 [  40/10000 (0%)] Unweighted L_s : L_Mnfld: 0.00647,  L_NonMnfld: 0.06466,  L_Nrml: 0.00000,  L_Eknl: 0.72330, L_Morse: 2.06266

Weights: [7000.0, 600.0, 0, 50.0, 0.0, 10.0], lr=5.000e-05
Epoch: 0 [  50/10000 (0%)] Loss: 154.39458 = L_Mnfld: 53.28767 + L_NonMnfld: 48.19377 + L_Nrml: 0.00000 + L_Eknl: 35.74786 + L_Div: 0.00000 + L_Morse: 17.16529
Epoch: 0 [  50/10000 (0%)] Unweighted L_s : L_Mnfld: 0.00761,  L_NonMnfld: 0.08032,  L_Nrml: 0.00000,  L_Eknl: 0.71496, L_Morse: 1.71653

Weights: [7000.0, 600.0, 0, 50.0, 0.0, 10.0], lr=5.000e-05
Epoch: 0 [  60/10000 (1%)] Loss: 132.82034 = L_Mnfld: 55.35579 + L_NonMnfld: 27.75683 + L_Nrml: 0.00000 + L_Eknl: 34.91953 + L_Div: 0.00000 + L_Morse: 14.78820
Epoch: 0 [  60/10000 (1%)] Unweighted L_s : L_Mnfld: 0.00791,  L_NonMnfld: 0.04626,  L_Nrml: 0.00000,  L_Eknl: 0.69839, L_Morse: 1.47882

Weights: [7000.0, 600.0, 0, 50.0, 0.0, 10.0], lr=5.000e-05
Epoch: 0 [  70/10000 (1%)] Loss: 125.63153 = L_Mnfld: 36.51669 + L_NonMnfld: 40.72824 + L_Nrml: 0.00000 + L_Eknl: 34.23137 + L_Div: 0.00000 + L_Morse: 14.15522
Epoch: 0 [  70/10000 (1%)] Unweighted L_s : L_Mnfld: 0.00522,  L_NonMnfld: 0.06788,  L_Nrml: 0.00000,  L_Eknl: 0.68463, L_Morse: 1.41552

Weights: [7000.0, 600.0, 0, 50.0, 0.0, 10.0], lr=5.000e-05
Epoch: 0 [  80/10000 (1%)] Loss: 141.03806 = L_Mnfld: 53.02587 + L_NonMnfld: 40.20541 + L_Nrml: 0.00000 + L_Eknl: 33.52604 + L_Div: 0.00000 + L_Morse: 14.28073
Epoch: 0 [  80/10000 (1%)] Unweighted L_s : L_Mnfld: 0.00758,  L_NonMnfld: 0.06701,  L_Nrml: 0.00000,  L_Eknl: 0.67052, L_Morse: 1.42807

Weights: [7000.0, 600.0, 0, 50.0, 0.0, 10.0], lr=5.000e-05
Epoch: 0 [  90/10000 (1%)] Loss: 122.09023 = L_Mnfld: 47.27305 + L_NonMnfld: 29.08490 + L_Nrml: 0.00000 + L_Eknl: 32.88558 + L_Div: 0.00000 + L_Morse: 12.84669
Epoch: 0 [  90/10000 (1%)] Unweighted L_s : L_Mnfld: 0.00675,  L_NonMnfld: 0.04847,  L_Nrml: 0.00000,  L_Eknl: 0.65771, L_Morse: 1.28467

Weights: [7000.0, 600.0, 0, 50.0, 0.0, 10.0], lr=5.000e-05
Epoch: 0 [ 100/10000 (1%)] Loss: 120.67131 = L_Mnfld: 36.19709 + L_NonMnfld: 39.69103 + L_Nrml: 0.00000 + L_Eknl: 31.97617 + L_Div: 0.00000 + L_Morse: 12.80701
Epoch: 0 [ 100/10000 (1%)] Unweighted L_s : L_Mnfld: 0.00517,  L_NonMnfld: 0.06615,  L_Nrml: 0.00000,  L_Eknl: 0.63952, L_Morse: 1.28070

Weights: [7000.0, 600.0, 0, 50.0, 0.0, 10.0], lr=5.000e-05
Epoch: 0 [ 110/10000 (1%)] Loss: 119.70227 = L_Mnfld: 38.57076 + L_NonMnfld: 37.57359 + L_Nrml: 0.00000 + L_Eknl: 31.27048 + L_Div: 0.00000 + L_Morse: 12.28744
Epoch: 0 [ 110/10000 (1%)] Unweighted L_s : L_Mnfld: 0.00551,  L_NonMnfld: 0.06262,  L_Nrml: 0.00000,  L_Eknl: 0.62541, L_Morse: 1.22874

Weights: [7000.0, 600.0, 0, 50.0, 0.0, 10.0], lr=5.000e-05
Epoch: 0 [ 120/10000 (1%)] Loss: 120.83608 = L_Mnfld: 53.84823 + L_NonMnfld: 25.19209 + L_Nrml: 0.00000 + L_Eknl: 30.00667 + L_Div: 0.00000 + L_Morse: 11.78910
Epoch: 0 [ 120/10000 (1%)] Unweighted L_s : L_Mnfld: 0.00769,  L_NonMnfld: 0.04199,  L_Nrml: 0.00000,  L_Eknl: 0.60013, L_Morse: 1.17891

Weights: [7000.0, 600.0, 0, 50.0, 0.0, 10.0], lr=5.000e-05
Epoch: 0 [ 130/10000 (1%)] Loss: 110.01717 = L_Mnfld: 34.66203 + L_NonMnfld: 34.27091 + L_Nrml: 0.00000 + L_Eknl: 29.58744 + L_Div: 0.00000 + L_Morse: 11.49679
Epoch: 0 [ 130/10000 (1%)] Unweighted L_s : L_Mnfld: 0.00495,  L_NonMnfld: 0.05712,  L_Nrml: 0.00000,  L_Eknl: 0.59175, L_Morse: 1.14968

Weights: [7000.0, 600.0, 0, 50.0, 0.0, 10.0], lr=5.000e-05
Epoch: 0 [ 140/10000 (1%)] Loss: 111.06660 = L_Mnfld: 38.84513 + L_NonMnfld: 32.10641 + L_Nrml: 0.00000 + L_Eknl: 28.47081 + L_Div: 0.00000 + L_Morse: 11.64425
Epoch: 0 [ 140/10000 (1%)] Unweighted L_s : L_Mnfld: 0.00555,  L_NonMnfld: 0.05351,  L_Nrml: 0.00000,  L_Eknl: 0.56942, L_Morse: 1.16443

Weights: [7000.0, 600.0, 0, 50.0, 0.0, 10.0], lr=5.000e-05
Epoch: 0 [ 150/10000 (2%)] Loss: 112.35932 = L_Mnfld: 47.05775 + L_NonMnfld: 25.58879 + L_Nrml: 0.00000 + L_Eknl: 27.60978 + L_Div: 0.00000 + L_Morse: 12.10301
Epoch: 0 [ 150/10000 (2%)] Unweighted L_s : L_Mnfld: 0.00672,  L_NonMnfld: 0.04265,  L_Nrml: 0.00000,  L_Eknl: 0.55220, L_Morse: 1.21030

Weights: [7000.0, 600.0, 0, 50.0, 0.0, 10.0], lr=5.000e-05
Epoch: 0 [ 160/10000 (2%)] Loss: 99.46062 = L_Mnfld: 29.34813 + L_NonMnfld: 31.47739 + L_Nrml: 0.00000 + L_Eknl: 26.92717 + L_Div: 0.00000 + L_Morse: 11.70792
Epoch: 0 [ 160/10000 (2%)] Unweighted L_s : L_Mnfld: 0.00419,  L_NonMnfld: 0.05246,  L_Nrml: 0.00000,  L_Eknl: 0.53854, L_Morse: 1.17079

Weights: [7000.0, 600.0, 0, 50.0, 0.0, 10.0], lr=5.000e-05
Epoch: 0 [ 170/10000 (2%)] Loss: 106.26240 = L_Mnfld: 34.22866 + L_NonMnfld: 34.42141 + L_Nrml: 0.00000 + L_Eknl: 25.92511 + L_Div: 0.00000 + L_Morse: 11.68722
Epoch: 0 [ 170/10000 (2%)] Unweighted L_s : L_Mnfld: 0.00489,  L_NonMnfld: 0.05737,  L_Nrml: 0.00000,  L_Eknl: 0.51850, L_Morse: 1.16872

Weights: [7000.0, 600.0, 0, 50.0, 0.0, 10.0], lr=5.000e-05
Epoch: 0 [ 180/10000 (2%)] Loss: 107.00783 = L_Mnfld: 45.43988 + L_NonMnfld: 24.17994 + L_Nrml: 0.00000 + L_Eknl: 24.62774 + L_Div: 0.00000 + L_Morse: 12.76025
Epoch: 0 [ 180/10000 (2%)] Unweighted L_s : L_Mnfld: 0.00649,  L_NonMnfld: 0.04030,  L_Nrml: 0.00000,  L_Eknl: 0.49255, L_Morse: 1.27603

Weights: [7000.0, 600.0, 0, 50.0, 0.0, 10.0], lr=5.000e-05
Epoch: 0 [ 190/10000 (2%)] Loss: 97.02675 = L_Mnfld: 29.62192 + L_NonMnfld: 30.71769 + L_Nrml: 0.00000 + L_Eknl: 23.98154 + L_Div: 0.00000 + L_Morse: 12.70560
Epoch: 0 [ 190/10000 (2%)] Unweighted L_s : L_Mnfld: 0.00423,  L_NonMnfld: 0.05120,  L_Nrml: 0.00000,  L_Eknl: 0.47963, L_Morse: 1.27056

Weights: [7000.0, 600.0, 0, 50.0, 0.0, 10.0], lr=5.000e-05
Epoch: 0 [ 200/10000 (2%)] Loss: 99.72198 = L_Mnfld: 35.16546 + L_NonMnfld: 28.76170 + L_Nrml: 0.00000 + L_Eknl: 23.61331 + L_Div: 0.00000 + L_Morse: 12.18151
Epoch: 0 [ 200/10000 (2%)] Unweighted L_s : L_Mnfld: 0.00502,  L_NonMnfld: 0.04794,  L_Nrml: 0.00000,  L_Eknl: 0.47227, L_Morse: 1.21815

Weights: [7000.0, 600.0, 0, 50.0, 0.0, 10.0], lr=5.000e-05
Epoch: 0 [ 210/10000 (2%)] Loss: 110.24067 = L_Mnfld: 50.96450 + L_NonMnfld: 21.98022 + L_Nrml: 0.00000 + L_Eknl: 22.83627 + L_Div: 0.00000 + L_Morse: 14.45967
Epoch: 0 [ 210/10000 (2%)] Unweighted L_s : L_Mnfld: 0.00728,  L_NonMnfld: 0.03663,  L_Nrml: 0.00000,  L_Eknl: 0.45673, L_Morse: 1.44597

Weights: [7000.0, 600.0, 0, 50.0, 0.0, 10.0], lr=5.000e-05
Epoch: 0 [ 220/10000 (2%)] Loss: 97.29781 = L_Mnfld: 33.14159 + L_NonMnfld: 28.25004 + L_Nrml: 0.00000 + L_Eknl: 22.46154 + L_Div: 0.00000 + L_Morse: 13.44464
Epoch: 0 [ 220/10000 (2%)] Unweighted L_s : L_Mnfld: 0.00473,  L_NonMnfld: 0.04708,  L_Nrml: 0.00000,  L_Eknl: 0.44923, L_Morse: 1.34446

Weights: [7000.0, 600.0, 0, 50.0, 0.0, 10.0], lr=5.000e-05
Epoch: 0 [ 230/10000 (2%)] Loss: 88.73328 = L_Mnfld: 27.23150 + L_NonMnfld: 26.17912 + L_Nrml: 0.00000 + L_Eknl: 21.56671 + L_Div: 0.00000 + L_Morse: 13.75594
Epoch: 0 [ 230/10000 (2%)] Unweighted L_s : L_Mnfld: 0.00389,  L_NonMnfld: 0.04363,  L_Nrml: 0.00000,  L_Eknl: 0.43133, L_Morse: 1.37559

Weights: [7000.0, 600.0, 0, 50.0, 0.0, 10.0], lr=5.000e-05
Epoch: 0 [ 240/10000 (2%)] Loss: 119.53595 = L_Mnfld: 53.40345 + L_NonMnfld: 25.25356 + L_Nrml: 0.00000 + L_Eknl: 21.94458 + L_Div: 0.00000 + L_Morse: 18.93437
Epoch: 0 [ 240/10000 (2%)] Unweighted L_s : L_Mnfld: 0.00763,  L_NonMnfld: 0.04209,  L_Nrml: 0.00000,  L_Eknl: 0.43889, L_Morse: 1.89344

Weights: [7000.0, 600.0, 0, 50.0, 0.0, 10.0], lr=5.000e-05
Epoch: 0 [ 250/10000 (2%)] Loss: 106.80310 = L_Mnfld: 43.07538 + L_NonMnfld: 26.06821 + L_Nrml: 0.00000 + L_Eknl: 21.74662 + L_Div: 0.00000 + L_Morse: 15.91289
Epoch: 0 [ 250/10000 (2%)] Unweighted L_s : L_Mnfld: 0.00615,  L_NonMnfld: 0.04345,  L_Nrml: 0.00000,  L_Eknl: 0.43493, L_Morse: 1.59129

Weights: [7000.0, 600.0, 0, 50.0, 0.0, 10.0], lr=5.000e-05
Epoch: 0 [ 260/10000 (3%)] Loss: 101.59784 = L_Mnfld: 44.37824 + L_NonMnfld: 22.44748 + L_Nrml: 0.00000 + L_Eknl: 20.40103 + L_Div: 0.00000 + L_Morse: 14.37109
Epoch: 0 [ 260/10000 (3%)] Unweighted L_s : L_Mnfld: 0.00634,  L_NonMnfld: 0.03741,  L_Nrml: 0.00000,  L_Eknl: 0.40802, L_Morse: 1.43711

Weights: [7000.0, 600.0, 0, 50.0, 0.0, 10.0], lr=5.000e-05
Epoch: 0 [ 270/10000 (3%)] Loss: 87.12845 = L_Mnfld: 28.48632 + L_NonMnfld: 25.49246 + L_Nrml: 0.00000 + L_Eknl: 20.01305 + L_Div: 0.00000 + L_Morse: 13.13662
Epoch: 0 [ 270/10000 (3%)] Unweighted L_s : L_Mnfld: 0.00407,  L_NonMnfld: 0.04249,  L_Nrml: 0.00000,  L_Eknl: 0.40026, L_Morse: 1.31366

Weights: [7000.0, 600.0, 0, 50.0, 0.0, 10.0], lr=5.000e-05
Epoch: 0 [ 280/10000 (3%)] Loss: 86.58490 = L_Mnfld: 29.59449 + L_NonMnfld: 25.12819 + L_Nrml: 0.00000 + L_Eknl: 19.70907 + L_Div: 0.00000 + L_Morse: 12.15315
Epoch: 0 [ 280/10000 (3%)] Unweighted L_s : L_Mnfld: 0.00423,  L_NonMnfld: 0.04188,  L_Nrml: 0.00000,  L_Eknl: 0.39418, L_Morse: 1.21532

Weights: [7000.0, 600.0, 0, 50.0, 0.0, 10.0], lr=5.000e-05
Epoch: 0 [ 290/10000 (3%)] Loss: 93.58720 = L_Mnfld: 40.04710 + L_NonMnfld: 22.30915 + L_Nrml: 0.00000 + L_Eknl: 18.80850 + L_Div: 0.00000 + L_Morse: 12.42246
Epoch: 0 [ 290/10000 (3%)] Unweighted L_s : L_Mnfld: 0.00572,  L_NonMnfld: 0.03718,  L_Nrml: 0.00000,  L_Eknl: 0.37617, L_Morse: 1.24225

Weights: [7000.0, 600.0, 0, 50.0, 0.0, 10.0], lr=5.000e-05
Epoch: 0 [ 300/10000 (3%)] Loss: 77.38647 = L_Mnfld: 23.71924 + L_NonMnfld: 23.31996 + L_Nrml: 0.00000 + L_Eknl: 18.61524 + L_Div: 0.00000 + L_Morse: 11.73203
Epoch: 0 [ 300/10000 (3%)] Unweighted L_s : L_Mnfld: 0.00339,  L_NonMnfld: 0.03887,  L_Nrml: 0.00000,  L_Eknl: 0.37230, L_Morse: 1.17320

Weights: [7000.0, 600.0, 0, 50.0, 0.0, 10.0], lr=5.000e-05
Epoch: 0 [ 310/10000 (3%)] Loss: 79.19656 = L_Mnfld: 26.40870 + L_NonMnfld: 22.94343 + L_Nrml: 0.00000 + L_Eknl: 18.35579 + L_Div: 0.00000 + L_Morse: 11.48863
Epoch: 0 [ 310/10000 (3%)] Unweighted L_s : L_Mnfld: 0.00377,  L_NonMnfld: 0.03824,  L_Nrml: 0.00000,  L_Eknl: 0.36712, L_Morse: 1.14886

Weights: [7000.0, 600.0, 0, 50.0, 0.0, 10.0], lr=5.000e-05
Epoch: 0 [ 320/10000 (3%)] Loss: 86.02168 = L_Mnfld: 33.55651 + L_NonMnfld: 22.53639 + L_Nrml: 0.00000 + L_Eknl: 17.84099 + L_Div: 0.00000 + L_Morse: 12.08780
Epoch: 0 [ 320/10000 (3%)] Unweighted L_s : L_Mnfld: 0.00479,  L_NonMnfld: 0.03756,  L_Nrml: 0.00000,  L_Eknl: 0.35682, L_Morse: 1.20878

Weights: [7000.0, 600.0, 0, 50.0, 0.0, 10.0], lr=5.000e-05
Epoch: 0 [ 330/10000 (3%)] Loss: 73.51955 = L_Mnfld: 21.73346 + L_NonMnfld: 22.09014 + L_Nrml: 0.00000 + L_Eknl: 17.80694 + L_Div: 0.00000 + L_Morse: 11.88900
Epoch: 0 [ 330/10000 (3%)] Unweighted L_s : L_Mnfld: 0.00310,  L_NonMnfld: 0.03682,  L_Nrml: 0.00000,  L_Eknl: 0.35614, L_Morse: 1.18890

Weights: [7000.0, 600.0, 0, 50.0, 0.0, 10.0], lr=5.000e-05
Epoch: 0 [ 340/10000 (3%)] Loss: 76.74927 = L_Mnfld: 25.47651 + L_NonMnfld: 22.24375 + L_Nrml: 0.00000 + L_Eknl: 17.40264 + L_Div: 0.00000 + L_Morse: 11.62636
Epoch: 0 [ 340/10000 (3%)] Unweighted L_s : L_Mnfld: 0.00364,  L_NonMnfld: 0.03707,  L_Nrml: 0.00000,  L_Eknl: 0.34805, L_Morse: 1.16264

Weights: [7000.0, 600.0, 0, 50.0, 0.0, 10.0], lr=5.000e-05
Epoch: 0 [ 350/10000 (4%)] Loss: 84.34134 = L_Mnfld: 33.15616 + L_NonMnfld: 22.80188 + L_Nrml: 0.00000 + L_Eknl: 17.16117 + L_Div: 0.00000 + L_Morse: 11.22214
Epoch: 0 [ 350/10000 (4%)] Unweighted L_s : L_Mnfld: 0.00474,  L_NonMnfld: 0.03800,  L_Nrml: 0.00000,  L_Eknl: 0.34322, L_Morse: 1.12221

Weights: [7000.0, 600.0, 0, 50.0, 0.0, 10.0], lr=5.000e-05
Epoch: 0 [ 360/10000 (4%)] Loss: 72.12251 = L_Mnfld: 20.41338 + L_NonMnfld: 23.18446 + L_Nrml: 0.00000 + L_Eknl: 17.23565 + L_Div: 0.00000 + L_Morse: 11.28901
Epoch: 0 [ 360/10000 (4%)] Unweighted L_s : L_Mnfld: 0.00292,  L_NonMnfld: 0.03864,  L_Nrml: 0.00000,  L_Eknl: 0.34471, L_Morse: 1.12890

Weights: [7000.0, 600.0, 0, 50.0, 0.0, 10.0], lr=5.000e-05
Epoch: 0 [ 370/10000 (4%)] Loss: 75.11308 = L_Mnfld: 23.31659 + L_NonMnfld: 23.61374 + L_Nrml: 0.00000 + L_Eknl: 16.77464 + L_Div: 0.00000 + L_Morse: 11.40811
Epoch: 0 [ 370/10000 (4%)] Unweighted L_s : L_Mnfld: 0.00333,  L_NonMnfld: 0.03936,  L_Nrml: 0.00000,  L_Eknl: 0.33549, L_Morse: 1.14081

Weights: [7000.0, 600.0, 0, 50.0, 0.0, 10.0], lr=5.000e-05
Epoch: 0 [ 380/10000 (4%)] Loss: 84.09990 = L_Mnfld: 33.37160 + L_NonMnfld: 21.06632 + L_Nrml: 0.00000 + L_Eknl: 16.47225 + L_Div: 0.00000 + L_Morse: 13.18972
Epoch: 0 [ 380/10000 (4%)] Unweighted L_s : L_Mnfld: 0.00477,  L_NonMnfld: 0.03511,  L_Nrml: 0.00000,  L_Eknl: 0.32944, L_Morse: 1.31897

Weights: [7000.0, 600.0, 0, 50.0, 0.0, 10.0], lr=5.000e-05
Epoch: 0 [ 390/10000 (4%)] Loss: 82.49670 = L_Mnfld: 29.61058 + L_NonMnfld: 21.48779 + L_Nrml: 0.00000 + L_Eknl: 16.68902 + L_Div: 0.00000 + L_Morse: 14.70930
Epoch: 0 [ 390/10000 (4%)] Unweighted L_s : L_Mnfld: 0.00423,  L_NonMnfld: 0.03581,  L_Nrml: 0.00000,  L_Eknl: 0.33378, L_Morse: 1.47093

Weights: [7000.0, 600.0, 0, 50.0, 0.0, 10.0], lr=5.000e-05
Epoch: 0 [ 400/10000 (4%)] Loss: 85.36599 = L_Mnfld: 30.81667 + L_NonMnfld: 20.98382 + L_Nrml: 0.00000 + L_Eknl: 17.23937 + L_Div: 0.00000 + L_Morse: 16.32613
Epoch: 0 [ 400/10000 (4%)] Unweighted L_s : L_Mnfld: 0.00440,  L_NonMnfld: 0.03497,  L_Nrml: 0.00000,  L_Eknl: 0.34479, L_Morse: 1.63261

Weights: [7000.0, 600.0, 0, 50.0, 0.0, 10.0], lr=5.000e-05
Epoch: 0 [ 410/10000 (4%)] Loss: 78.77591 = L_Mnfld: 24.75987 + L_NonMnfld: 21.95727 + L_Nrml: 0.00000 + L_Eknl: 17.09217 + L_Div: 0.00000 + L_Morse: 14.96660
Epoch: 0 [ 410/10000 (4%)] Unweighted L_s : L_Mnfld: 0.00354,  L_NonMnfld: 0.03660,  L_Nrml: 0.00000,  L_Eknl: 0.34184, L_Morse: 1.49666

Weights: [7000.0, 600.0, 0, 50.0, 0.0, 10.0], lr=5.000e-05
Epoch: 0 [ 420/10000 (4%)] Loss: 86.35983 = L_Mnfld: 33.11044 + L_NonMnfld: 21.82964 + L_Nrml: 0.00000 + L_Eknl: 17.19366 + L_Div: 0.00000 + L_Morse: 14.22609
Epoch: 0 [ 420/10000 (4%)] Unweighted L_s : L_Mnfld: 0.00473,  L_NonMnfld: 0.03638,  L_Nrml: 0.00000,  L_Eknl: 0.34387, L_Morse: 1.42261

Weights: [7000.0, 600.0, 0, 50.0, 0.0, 10.0], lr=5.000e-05
Epoch: 0 [ 430/10000 (4%)] Loss: 82.70838 = L_Mnfld: 32.03730 + L_NonMnfld: 20.35677 + L_Nrml: 0.00000 + L_Eknl: 16.97408 + L_Div: 0.00000 + L_Morse: 13.34024
Epoch: 0 [ 430/10000 (4%)] Unweighted L_s : L_Mnfld: 0.00458,  L_NonMnfld: 0.03393,  L_Nrml: 0.00000,  L_Eknl: 0.33948, L_Morse: 1.33402

Weights: [7000.0, 600.0, 0, 50.0, 0.0, 10.0], lr=5.000e-05
Epoch: 0 [ 440/10000 (4%)] Loss: 78.65044 = L_Mnfld: 28.51966 + L_NonMnfld: 21.46397 + L_Nrml: 0.00000 + L_Eknl: 16.60760 + L_Div: 0.00000 + L_Morse: 12.05920
Epoch: 0 [ 440/10000 (4%)] Unweighted L_s : L_Mnfld: 0.00407,  L_NonMnfld: 0.03577,  L_Nrml: 0.00000,  L_Eknl: 0.33215, L_Morse: 1.20592

Weights: [7000.0, 600.0, 0, 50.0, 0.0, 10.0], lr=5.000e-05
Epoch: 0 [ 450/10000 (4%)] Loss: 80.27991 = L_Mnfld: 31.88074 + L_NonMnfld: 20.20637 + L_Nrml: 0.00000 + L_Eknl: 16.48939 + L_Div: 0.00000 + L_Morse: 11.70342
Epoch: 0 [ 450/10000 (4%)] Unweighted L_s : L_Mnfld: 0.00455,  L_NonMnfld: 0.03368,  L_Nrml: 0.00000,  L_Eknl: 0.32979, L_Morse: 1.17034

Weights: [7000.0, 600.0, 0, 50.0, 0.0, 10.0], lr=5.000e-05
Epoch: 0 [ 460/10000 (5%)] Loss: 69.59830 = L_Mnfld: 20.99928 + L_NonMnfld: 21.01983 + L_Nrml: 0.00000 + L_Eknl: 16.66427 + L_Div: 0.00000 + L_Morse: 10.91492
Epoch: 0 [ 460/10000 (5%)] Unweighted L_s : L_Mnfld: 0.00300,  L_NonMnfld: 0.03503,  L_Nrml: 0.00000,  L_Eknl: 0.33329, L_Morse: 1.09149

Weights: [7000.0, 600.0, 0, 50.0, 0.0, 10.0], lr=5.000e-05
Epoch: 0 [ 470/10000 (5%)] Loss: 66.23368 = L_Mnfld: 17.73643 + L_NonMnfld: 21.24788 + L_Nrml: 0.00000 + L_Eknl: 16.32636 + L_Div: 0.00000 + L_Morse: 10.92301
Epoch: 0 [ 470/10000 (5%)] Unweighted L_s : L_Mnfld: 0.00253,  L_NonMnfld: 0.03541,  L_Nrml: 0.00000,  L_Eknl: 0.32653, L_Morse: 1.09230

Weights: [7000.0, 600.0, 0, 50.0, 0.0, 10.0], lr=5.000e-05
Epoch: 0 [ 480/10000 (5%)] Loss: 66.34293 = L_Mnfld: 18.63735 + L_NonMnfld: 21.15627 + L_Nrml: 0.00000 + L_Eknl: 15.93861 + L_Div: 0.00000 + L_Morse: 10.61070
Epoch: 0 [ 480/10000 (5%)] Unweighted L_s : L_Mnfld: 0.00266,  L_NonMnfld: 0.03526,  L_Nrml: 0.00000,  L_Eknl: 0.31877, L_Morse: 1.06107

Weights: [7000.0, 600.0, 0, 50.0, 0.0, 10.0], lr=5.000e-05
Epoch: 0 [ 490/10000 (5%)] Loss: 65.73486 = L_Mnfld: 18.85323 + L_NonMnfld: 20.96053 + L_Nrml: 0.00000 + L_Eknl: 15.68145 + L_Div: 0.00000 + L_Morse: 10.23966
Epoch: 0 [ 490/10000 (5%)] Unweighted L_s : L_Mnfld: 0.00269,  L_NonMnfld: 0.03493,  L_Nrml: 0.00000,  L_Eknl: 0.31363, L_Morse: 1.02397

Weights: [7000.0, 600.0, 0, 50.0, 0.0, 10.0], lr=5.000e-05
Epoch: 0 [ 500/10000 (5%)] Loss: 61.78421 = L_Mnfld: 16.92508 + L_NonMnfld: 19.26057 + L_Nrml: 0.00000 + L_Eknl: 15.77357 + L_Div: 0.00000 + L_Morse: 9.82498
Epoch: 0 [ 500/10000 (5%)] Unweighted L_s : L_Mnfld: 0.00242,  L_NonMnfld: 0.03210,  L_Nrml: 0.00000,  L_Eknl: 0.31547, L_Morse: 0.98250

Weights: [7000.0, 600.0, 0, 50.0, 0.0, 10.0], lr=5.000e-05
Epoch: 0 [ 510/10000 (5%)] Loss: 62.82703 = L_Mnfld: 16.80323 + L_NonMnfld: 20.70060 + L_Nrml: 0.00000 + L_Eknl: 15.46056 + L_Div: 0.00000 + L_Morse: 9.86264
Epoch: 0 [ 510/10000 (5%)] Unweighted L_s : L_Mnfld: 0.00240,  L_NonMnfld: 0.03450,  L_Nrml: 0.00000,  L_Eknl: 0.30921, L_Morse: 0.98626

Weights: [7000.0, 600.0, 0, 50.0, 0.0, 10.0], lr=5.000e-05
Epoch: 0 [ 520/10000 (5%)] Loss: 61.00081 = L_Mnfld: 14.51437 + L_NonMnfld: 21.04803 + L_Nrml: 0.00000 + L_Eknl: 15.70483 + L_Div: 0.00000 + L_Morse: 9.73358
Epoch: 0 [ 520/10000 (5%)] Unweighted L_s : L_Mnfld: 0.00207,  L_NonMnfld: 0.03508,  L_Nrml: 0.00000,  L_Eknl: 0.31410, L_Morse: 0.97336

Weights: [7000.0, 600.0, 0, 50.0, 0.0, 10.0], lr=5.000e-05
Epoch: 0 [ 530/10000 (5%)] Loss: 61.14403 = L_Mnfld: 15.43602 + L_NonMnfld: 19.91017 + L_Nrml: 0.00000 + L_Eknl: 15.35638 + L_Div: 0.00000 + L_Morse: 10.44146
Epoch: 0 [ 530/10000 (5%)] Unweighted L_s : L_Mnfld: 0.00221,  L_NonMnfld: 0.03318,  L_Nrml: 0.00000,  L_Eknl: 0.30713, L_Morse: 1.04415

Weights: [7000.0, 600.0, 0, 50.0, 0.0, 10.0], lr=5.000e-05
Epoch: 0 [ 540/10000 (5%)] Loss: 59.06145 = L_Mnfld: 14.07653 + L_NonMnfld: 19.66278 + L_Nrml: 0.00000 + L_Eknl: 15.39692 + L_Div: 0.00000 + L_Morse: 9.92521
Epoch: 0 [ 540/10000 (5%)] Unweighted L_s : L_Mnfld: 0.00201,  L_NonMnfld: 0.03277,  L_Nrml: 0.00000,  L_Eknl: 0.30794, L_Morse: 0.99252

Weights: [7000.0, 600.0, 0, 50.0, 0.0, 10.0], lr=5.000e-05
Epoch: 0 [ 550/10000 (6%)] Loss: 57.32626 = L_Mnfld: 13.56554 + L_NonMnfld: 18.76733 + L_Nrml: 0.00000 + L_Eknl: 15.11739 + L_Div: 0.00000 + L_Morse: 9.87601
Epoch: 0 [ 550/10000 (6%)] Unweighted L_s : L_Mnfld: 0.00194,  L_NonMnfld: 0.03128,  L_Nrml: 0.00000,  L_Eknl: 0.30235, L_Morse: 0.98760

Weights: [7000.0, 600.0, 0, 50.0, 0.0, 10.0], lr=5.000e-05
Epoch: 0 [ 560/10000 (6%)] Loss: 57.54485 = L_Mnfld: 13.77707 + L_NonMnfld: 18.69594 + L_Nrml: 0.00000 + L_Eknl: 15.28286 + L_Div: 0.00000 + L_Morse: 9.78898
Epoch: 0 [ 560/10000 (6%)] Unweighted L_s : L_Mnfld: 0.00197,  L_NonMnfld: 0.03116,  L_Nrml: 0.00000,  L_Eknl: 0.30566, L_Morse: 0.97890

Weights: [7000.0, 600.0, 0, 50.0, 0.0, 10.0], lr=5.000e-05
Epoch: 0 [ 570/10000 (6%)] Loss: 59.08753 = L_Mnfld: 13.13443 + L_NonMnfld: 20.63048 + L_Nrml: 0.00000 + L_Eknl: 15.15857 + L_Div: 0.00000 + L_Morse: 10.16406
Epoch: 0 [ 570/10000 (6%)] Unweighted L_s : L_Mnfld: 0.00188,  L_NonMnfld: 0.03438,  L_Nrml: 0.00000,  L_Eknl: 0.30317, L_Morse: 1.01641

Weights: [7000.0, 600.0, 0, 50.0, 0.0, 10.0], lr=5.000e-05
Epoch: 0 [ 580/10000 (6%)] Loss: 58.98842 = L_Mnfld: 13.21439 + L_NonMnfld: 20.38369 + L_Nrml: 0.00000 + L_Eknl: 15.02542 + L_Div: 0.00000 + L_Morse: 10.36492
Epoch: 0 [ 580/10000 (6%)] Unweighted L_s : L_Mnfld: 0.00189,  L_NonMnfld: 0.03397,  L_Nrml: 0.00000,  L_Eknl: 0.30051, L_Morse: 1.03649

Weights: [7000.0, 600.0, 0, 50.0, 0.0, 10.0], lr=5.000e-05
Epoch: 0 [ 590/10000 (6%)] Loss: 58.10559 = L_Mnfld: 13.53366 + L_NonMnfld: 19.58553 + L_Nrml: 0.00000 + L_Eknl: 14.91584 + L_Div: 0.00000 + L_Morse: 10.07056
Epoch: 0 [ 590/10000 (6%)] Unweighted L_s : L_Mnfld: 0.00193,  L_NonMnfld: 0.03264,  L_Nrml: 0.00000,  L_Eknl: 0.29832, L_Morse: 1.00706

Weights: [7000.0, 600.0, 0, 50.0, 0.0, 10.0], lr=5.000e-05
Epoch: 0 [ 600/10000 (6%)] Loss: 58.03476 = L_Mnfld: 13.19433 + L_NonMnfld: 19.86750 + L_Nrml: 0.00000 + L_Eknl: 14.89355 + L_Div: 0.00000 + L_Morse: 10.07938
Epoch: 0 [ 600/10000 (6%)] Unweighted L_s : L_Mnfld: 0.00188,  L_NonMnfld: 0.03311,  L_Nrml: 0.00000,  L_Eknl: 0.29787, L_Morse: 1.00794

Weights: [7000.0, 600.0, 0, 50.0, 0.0, 10.0], lr=5.000e-05
Epoch: 0 [ 610/10000 (6%)] Loss: 57.36237 = L_Mnfld: 13.48388 + L_NonMnfld: 18.93623 + L_Nrml: 0.00000 + L_Eknl: 14.67123 + L_Div: 0.00000 + L_Morse: 10.27104
Epoch: 0 [ 610/10000 (6%)] Unweighted L_s : L_Mnfld: 0.00193,  L_NonMnfld: 0.03156,  L_Nrml: 0.00000,  L_Eknl: 0.29342, L_Morse: 1.02710

Weights: [7000.0, 600.0, 0, 50.0, 0.0, 10.0], lr=5.000e-05
Epoch: 0 [ 620/10000 (6%)] Loss: 58.91403 = L_Mnfld: 13.59553 + L_NonMnfld: 20.34059 + L_Nrml: 0.00000 + L_Eknl: 14.82151 + L_Div: 0.00000 + L_Morse: 10.15639
Epoch: 0 [ 620/10000 (6%)] Unweighted L_s : L_Mnfld: 0.00194,  L_NonMnfld: 0.03390,  L_Nrml: 0.00000,  L_Eknl: 0.29643, L_Morse: 1.01564

Weights: [7000.0, 600.0, 0, 50.0, 0.0, 10.0], lr=5.000e-05
Epoch: 0 [ 630/10000 (6%)] Loss: 59.65185 = L_Mnfld: 14.99298 + L_NonMnfld: 20.08693 + L_Nrml: 0.00000 + L_Eknl: 14.70190 + L_Div: 0.00000 + L_Morse: 9.87004
Epoch: 0 [ 630/10000 (6%)] Unweighted L_s : L_Mnfld: 0.00214,  L_NonMnfld: 0.03348,  L_Nrml: 0.00000,  L_Eknl: 0.29404, L_Morse: 0.98700

Weights: [7000.0, 600.0, 0, 50.0, 0.0, 10.0], lr=5.000e-05
Epoch: 0 [ 640/10000 (6%)] Loss: 59.08324 = L_Mnfld: 13.92333 + L_NonMnfld: 20.55275 + L_Nrml: 0.00000 + L_Eknl: 14.77473 + L_Div: 0.00000 + L_Morse: 9.83243
Epoch: 0 [ 640/10000 (6%)] Unweighted L_s : L_Mnfld: 0.00199,  L_NonMnfld: 0.03425,  L_Nrml: 0.00000,  L_Eknl: 0.29549, L_Morse: 0.98324

Weights: [7000.0, 600.0, 0, 50.0, 0.0, 10.0], lr=5.000e-05
Epoch: 0 [ 650/10000 (6%)] Loss: 56.82719 = L_Mnfld: 13.57523 + L_NonMnfld: 18.33790 + L_Nrml: 0.00000 + L_Eknl: 14.64409 + L_Div: 0.00000 + L_Morse: 10.26996
Epoch: 0 [ 650/10000 (6%)] Unweighted L_s : L_Mnfld: 0.00194,  L_NonMnfld: 0.03056,  L_Nrml: 0.00000,  L_Eknl: 0.29288, L_Morse: 1.02700

Weights: [7000.0, 600.0, 0, 50.0, 0.0, 10.0], lr=5.000e-05
Epoch: 0 [ 660/10000 (7%)] Loss: 56.90179 = L_Mnfld: 12.75497 + L_NonMnfld: 19.47129 + L_Nrml: 0.00000 + L_Eknl: 14.35727 + L_Div: 0.00000 + L_Morse: 10.31826
Epoch: 0 [ 660/10000 (7%)] Unweighted L_s : L_Mnfld: 0.00182,  L_NonMnfld: 0.03245,  L_Nrml: 0.00000,  L_Eknl: 0.28715, L_Morse: 1.03183

Weights: [7000.0, 600.0, 0, 50.0, 0.0, 10.0], lr=5.000e-05
Epoch: 0 [ 670/10000 (7%)] Loss: 57.36732 = L_Mnfld: 13.97714 + L_NonMnfld: 18.81918 + L_Nrml: 0.00000 + L_Eknl: 14.47486 + L_Div: 0.00000 + L_Morse: 10.09614
Epoch: 0 [ 670/10000 (7%)] Unweighted L_s : L_Mnfld: 0.00200,  L_NonMnfld: 0.03137,  L_Nrml: 0.00000,  L_Eknl: 0.28950, L_Morse: 1.00961

Weights: [7000.0, 600.0, 0, 50.0, 0.0, 10.0], lr=5.000e-05
Epoch: 0 [ 680/10000 (7%)] Loss: 57.11732 = L_Mnfld: 13.40772 + L_NonMnfld: 19.29033 + L_Nrml: 0.00000 + L_Eknl: 14.55003 + L_Div: 0.00000 + L_Morse: 9.86925
Epoch: 0 [ 680/10000 (7%)] Unweighted L_s : L_Mnfld: 0.00192,  L_NonMnfld: 0.03215,  L_Nrml: 0.00000,  L_Eknl: 0.29100, L_Morse: 0.98692

Weights: [7000.0, 600.0, 0, 50.0, 0.0, 10.0], lr=5.000e-05
Epoch: 0 [ 690/10000 (7%)] Loss: 58.91264 = L_Mnfld: 13.87763 + L_NonMnfld: 20.13831 + L_Nrml: 0.00000 + L_Eknl: 14.35379 + L_Div: 0.00000 + L_Morse: 10.54292
Epoch: 0 [ 690/10000 (7%)] Unweighted L_s : L_Mnfld: 0.00198,  L_NonMnfld: 0.03356,  L_Nrml: 0.00000,  L_Eknl: 0.28708, L_Morse: 1.05429

Weights: [7000.0, 600.0, 0, 50.0, 0.0, 10.0], lr=5.000e-05
Epoch: 0 [ 700/10000 (7%)] Loss: 56.06921 = L_Mnfld: 12.23897 + L_NonMnfld: 19.18869 + L_Nrml: 0.00000 + L_Eknl: 14.45939 + L_Div: 0.00000 + L_Morse: 10.18216
Epoch: 0 [ 700/10000 (7%)] Unweighted L_s : L_Mnfld: 0.00175,  L_NonMnfld: 0.03198,  L_Nrml: 0.00000,  L_Eknl: 0.28919, L_Morse: 1.01822

Weights: [7000.0, 600.0, 0, 50.0, 0.0, 10.0], lr=5.000e-05
Epoch: 0 [ 710/10000 (7%)] Loss: 57.74981 = L_Mnfld: 13.78468 + L_NonMnfld: 20.03101 + L_Nrml: 0.00000 + L_Eknl: 14.20367 + L_Div: 0.00000 + L_Morse: 9.73044
Epoch: 0 [ 710/10000 (7%)] Unweighted L_s : L_Mnfld: 0.00197,  L_NonMnfld: 0.03339,  L_Nrml: 0.00000,  L_Eknl: 0.28407, L_Morse: 0.97304

Weights: [7000.0, 600.0, 0, 50.0, 0.0, 10.0], lr=5.000e-05
Epoch: 0 [ 720/10000 (7%)] Loss: 56.88053 = L_Mnfld: 13.20083 + L_NonMnfld: 18.72877 + L_Nrml: 0.00000 + L_Eknl: 14.24962 + L_Div: 0.00000 + L_Morse: 10.70131
Epoch: 0 [ 720/10000 (7%)] Unweighted L_s : L_Mnfld: 0.00189,  L_NonMnfld: 0.03121,  L_Nrml: 0.00000,  L_Eknl: 0.28499, L_Morse: 1.07013

Weights: [7000.0, 600.0, 0, 50.0, 0.0, 10.0], lr=5.000e-05
Epoch: 0 [ 730/10000 (7%)] Loss: 57.77827 = L_Mnfld: 13.67322 + L_NonMnfld: 19.60431 + L_Nrml: 0.00000 + L_Eknl: 14.22426 + L_Div: 0.00000 + L_Morse: 10.27647
Epoch: 0 [ 730/10000 (7%)] Unweighted L_s : L_Mnfld: 0.00195,  L_NonMnfld: 0.03267,  L_Nrml: 0.00000,  L_Eknl: 0.28449, L_Morse: 1.02765

Weights: [7000.0, 600.0, 0, 50.0, 0.0, 10.0], lr=5.000e-05
Epoch: 0 [ 740/10000 (7%)] Loss: 56.30645 = L_Mnfld: 13.67043 + L_NonMnfld: 18.02528 + L_Nrml: 0.00000 + L_Eknl: 14.19958 + L_Div: 0.00000 + L_Morse: 10.41116
Epoch: 0 [ 740/10000 (7%)] Unweighted L_s : L_Mnfld: 0.00195,  L_NonMnfld: 0.03004,  L_Nrml: 0.00000,  L_Eknl: 0.28399, L_Morse: 1.04112

Weights: [7000.0, 600.0, 0, 50.0, 0.0, 10.0], lr=5.000e-05
Epoch: 0 [ 750/10000 (8%)] Loss: 57.88615 = L_Mnfld: 13.68641 + L_NonMnfld: 19.56515 + L_Nrml: 0.00000 + L_Eknl: 14.00874 + L_Div: 0.00000 + L_Morse: 10.62585
Epoch: 0 [ 750/10000 (8%)] Unweighted L_s : L_Mnfld: 0.00196,  L_NonMnfld: 0.03261,  L_Nrml: 0.00000,  L_Eknl: 0.28017, L_Morse: 1.06258

Weights: [7000.0, 600.0, 0, 50.0, 0.0, 10.0], lr=5.000e-05
Epoch: 0 [ 760/10000 (8%)] Loss: 57.02284 = L_Mnfld: 13.24822 + L_NonMnfld: 19.47118 + L_Nrml: 0.00000 + L_Eknl: 14.19916 + L_Div: 0.00000 + L_Morse: 10.10427
Epoch: 0 [ 760/10000 (8%)] Unweighted L_s : L_Mnfld: 0.00189,  L_NonMnfld: 0.03245,  L_Nrml: 0.00000,  L_Eknl: 0.28398, L_Morse: 1.01043

Weights: [7000.0, 600.0, 0, 50.0, 0.0, 10.0], lr=5.000e-05
Epoch: 0 [ 770/10000 (8%)] Loss: 55.24783 = L_Mnfld: 12.14459 + L_NonMnfld: 18.62627 + L_Nrml: 0.00000 + L_Eknl: 14.09298 + L_Div: 0.00000 + L_Morse: 10.38399
Epoch: 0 [ 770/10000 (8%)] Unweighted L_s : L_Mnfld: 0.00173,  L_NonMnfld: 0.03104,  L_Nrml: 0.00000,  L_Eknl: 0.28186, L_Morse: 1.03840

Weights: [7000.0, 600.0, 0, 50.0, 0.0, 10.0], lr=5.000e-05
Epoch: 0 [ 780/10000 (8%)] Loss: 56.13075 = L_Mnfld: 12.15232 + L_NonMnfld: 19.79141 + L_Nrml: 0.00000 + L_Eknl: 13.94365 + L_Div: 0.00000 + L_Morse: 10.24336
Epoch: 0 [ 780/10000 (8%)] Unweighted L_s : L_Mnfld: 0.00174,  L_NonMnfld: 0.03299,  L_Nrml: 0.00000,  L_Eknl: 0.27887, L_Morse: 1.02434

Weights: [7000.0, 600.0, 0, 50.0, 0.0, 10.0], lr=5.000e-05
Epoch: 0 [ 790/10000 (8%)] Loss: 56.33330 = L_Mnfld: 13.35419 + L_NonMnfld: 18.73199 + L_Nrml: 0.00000 + L_Eknl: 13.74072 + L_Div: 0.00000 + L_Morse: 10.50640
Epoch: 0 [ 790/10000 (8%)] Unweighted L_s : L_Mnfld: 0.00191,  L_NonMnfld: 0.03122,  L_Nrml: 0.00000,  L_Eknl: 0.27481, L_Morse: 1.05064

Weights: [7000.0, 600.0, 0, 50.0, 0.0, 10.0], lr=5.000e-05
Epoch: 0 [ 800/10000 (8%)] Loss: 55.27066 = L_Mnfld: 11.94197 + L_NonMnfld: 18.99454 + L_Nrml: 0.00000 + L_Eknl: 13.74497 + L_Div: 0.00000 + L_Morse: 10.58918
Epoch: 0 [ 800/10000 (8%)] Unweighted L_s : L_Mnfld: 0.00171,  L_NonMnfld: 0.03166,  L_Nrml: 0.00000,  L_Eknl: 0.27490, L_Morse: 1.05892

Weights: [7000.0, 600.0, 0, 50.0, 0.0, 10.0], lr=5.000e-05
Epoch: 0 [ 810/10000 (8%)] Loss: 54.20302 = L_Mnfld: 12.42321 + L_NonMnfld: 17.54905 + L_Nrml: 0.00000 + L_Eknl: 13.73448 + L_Div: 0.00000 + L_Morse: 10.49628
Epoch: 0 [ 810/10000 (8%)] Unweighted L_s : L_Mnfld: 0.00177,  L_NonMnfld: 0.02925,  L_Nrml: 0.00000,  L_Eknl: 0.27469, L_Morse: 1.04963

Weights: [7000.0, 600.0, 0, 50.0, 0.0, 10.0], lr=5.000e-05
Epoch: 0 [ 820/10000 (8%)] Loss: 57.25983 = L_Mnfld: 12.98592 + L_NonMnfld: 19.94416 + L_Nrml: 0.00000 + L_Eknl: 13.99732 + L_Div: 0.00000 + L_Morse: 10.33243
Epoch: 0 [ 820/10000 (8%)] Unweighted L_s : L_Mnfld: 0.00186,  L_NonMnfld: 0.03324,  L_Nrml: 0.00000,  L_Eknl: 0.27995, L_Morse: 1.03324

Weights: [7000.0, 600.0, 0, 50.0, 0.0, 10.0], lr=5.000e-05
Epoch: 0 [ 830/10000 (8%)] Loss: 55.93074 = L_Mnfld: 14.41069 + L_NonMnfld: 17.73183 + L_Nrml: 0.00000 + L_Eknl: 13.66703 + L_Div: 0.00000 + L_Morse: 10.12119
Epoch: 0 [ 830/10000 (8%)] Unweighted L_s : L_Mnfld: 0.00206,  L_NonMnfld: 0.02955,  L_Nrml: 0.00000,  L_Eknl: 0.27334, L_Morse: 1.01212

Weights: [7000.0, 600.0, 0, 50.0, 0.0, 10.0], lr=5.000e-05
Epoch: 0 [ 840/10000 (8%)] Loss: 55.96480 = L_Mnfld: 12.00148 + L_NonMnfld: 20.24716 + L_Nrml: 0.00000 + L_Eknl: 13.78067 + L_Div: 0.00000 + L_Morse: 9.93548
Epoch: 0 [ 840/10000 (8%)] Unweighted L_s : L_Mnfld: 0.00171,  L_NonMnfld: 0.03375,  L_Nrml: 0.00000,  L_Eknl: 0.27561, L_Morse: 0.99355

Weights: [7000.0, 600.0, 0, 50.0, 0.0, 10.0], lr=5.000e-05
Epoch: 0 [ 850/10000 (8%)] Loss: 55.43254 = L_Mnfld: 12.40975 + L_NonMnfld: 19.19891 + L_Nrml: 0.00000 + L_Eknl: 13.58477 + L_Div: 0.00000 + L_Morse: 10.23911
Epoch: 0 [ 850/10000 (8%)] Unweighted L_s : L_Mnfld: 0.00177,  L_NonMnfld: 0.03200,  L_Nrml: 0.00000,  L_Eknl: 0.27170, L_Morse: 1.02391

Weights: [7000.0, 600.0, 0, 50.0, 0.0, 10.0], lr=5.000e-05
Epoch: 0 [ 860/10000 (9%)] Loss: 60.94158 = L_Mnfld: 16.38978 + L_NonMnfld: 19.73790 + L_Nrml: 0.00000 + L_Eknl: 14.10147 + L_Div: 0.00000 + L_Morse: 10.71244
Epoch: 0 [ 860/10000 (9%)] Unweighted L_s : L_Mnfld: 0.00234,  L_NonMnfld: 0.03290,  L_Nrml: 0.00000,  L_Eknl: 0.28203, L_Morse: 1.07124

Weights: [7000.0, 600.0, 0, 50.0, 0.0, 10.0], lr=5.000e-05
Epoch: 0 [ 870/10000 (9%)] Loss: 68.55489 = L_Mnfld: 24.68571 + L_NonMnfld: 17.29649 + L_Nrml: 0.00000 + L_Eknl: 14.09096 + L_Div: 0.00000 + L_Morse: 12.48174
Epoch: 0 [ 870/10000 (9%)] Unweighted L_s : L_Mnfld: 0.00353,  L_NonMnfld: 0.02883,  L_Nrml: 0.00000,  L_Eknl: 0.28182, L_Morse: 1.24817

Weights: [7000.0, 600.0, 0, 50.0, 0.0, 10.0], lr=5.000e-05
Epoch: 0 [ 880/10000 (9%)] Loss: 69.52810 = L_Mnfld: 24.07408 + L_NonMnfld: 19.30544 + L_Nrml: 0.00000 + L_Eknl: 14.16949 + L_Div: 0.00000 + L_Morse: 11.97909
Epoch: 0 [ 880/10000 (9%)] Unweighted L_s : L_Mnfld: 0.00344,  L_NonMnfld: 0.03218,  L_Nrml: 0.00000,  L_Eknl: 0.28339, L_Morse: 1.19791

Weights: [7000.0, 600.0, 0, 50.0, 0.0, 10.0], lr=5.000e-05
Epoch: 0 [ 890/10000 (9%)] Loss: 75.39125 = L_Mnfld: 27.37312 + L_NonMnfld: 19.47903 + L_Nrml: 0.00000 + L_Eknl: 14.72551 + L_Div: 0.00000 + L_Morse: 13.81359
Epoch: 0 [ 890/10000 (9%)] Unweighted L_s : L_Mnfld: 0.00391,  L_NonMnfld: 0.03247,  L_Nrml: 0.00000,  L_Eknl: 0.29451, L_Morse: 1.38136

Weights: [7000.0, 600.0, 0, 50.0, 0.0, 10.0], lr=5.000e-05
Epoch: 0 [ 900/10000 (9%)] Loss: 74.53045 = L_Mnfld: 26.99607 + L_NonMnfld: 19.07496 + L_Nrml: 0.00000 + L_Eknl: 15.65844 + L_Div: 0.00000 + L_Morse: 12.80098
Epoch: 0 [ 900/10000 (9%)] Unweighted L_s : L_Mnfld: 0.00386,  L_NonMnfld: 0.03179,  L_Nrml: 0.00000,  L_Eknl: 0.31317, L_Morse: 1.28010

Weights: [7000.0, 600.0, 0, 50.0, 0.0, 10.0], lr=5.000e-05
Epoch: 0 [ 910/10000 (9%)] Loss: 83.34931 = L_Mnfld: 34.02538 + L_NonMnfld: 20.07148 + L_Nrml: 0.00000 + L_Eknl: 16.01413 + L_Div: 0.00000 + L_Morse: 13.23833
Epoch: 0 [ 910/10000 (9%)] Unweighted L_s : L_Mnfld: 0.00486,  L_NonMnfld: 0.03345,  L_Nrml: 0.00000,  L_Eknl: 0.32028, L_Morse: 1.32383

Weights: [7000.0, 600.0, 0, 50.0, 0.0, 10.0], lr=5.000e-05
Epoch: 0 [ 920/10000 (9%)] Loss: 69.95245 = L_Mnfld: 24.53373 + L_NonMnfld: 17.56431 + L_Nrml: 0.00000 + L_Eknl: 15.27954 + L_Div: 0.00000 + L_Morse: 12.57486
Epoch: 0 [ 920/10000 (9%)] Unweighted L_s : L_Mnfld: 0.00350,  L_NonMnfld: 0.02927,  L_Nrml: 0.00000,  L_Eknl: 0.30559, L_Morse: 1.25749

Weights: [7000.0, 600.0, 0, 50.0, 0.0, 10.0], lr=5.000e-05
Epoch: 0 [ 930/10000 (9%)] Loss: 64.60748 = L_Mnfld: 18.68158 + L_NonMnfld: 20.17907 + L_Nrml: 0.00000 + L_Eknl: 15.25134 + L_Div: 0.00000 + L_Morse: 10.49550
Epoch: 0 [ 930/10000 (9%)] Unweighted L_s : L_Mnfld: 0.00267,  L_NonMnfld: 0.03363,  L_Nrml: 0.00000,  L_Eknl: 0.30503, L_Morse: 1.04955

Weights: [7000.0, 600.0, 0, 50.0, 0.0, 10.0], lr=5.000e-05
Epoch: 0 [ 940/10000 (9%)] Loss: 61.91196 = L_Mnfld: 18.88388 + L_NonMnfld: 18.20072 + L_Nrml: 0.00000 + L_Eknl: 14.98159 + L_Div: 0.00000 + L_Morse: 9.84577
Epoch: 0 [ 940/10000 (9%)] Unweighted L_s : L_Mnfld: 0.00270,  L_NonMnfld: 0.03033,  L_Nrml: 0.00000,  L_Eknl: 0.29963, L_Morse: 0.98458

Weights: [7000.0, 600.0, 0, 50.0, 0.0, 10.0], lr=5.000e-05
Epoch: 0 [ 950/10000 (10%)] Loss: 58.41196 = L_Mnfld: 16.49846 + L_NonMnfld: 17.64291 + L_Nrml: 0.00000 + L_Eknl: 14.55794 + L_Div: 0.00000 + L_Morse: 9.71265
Epoch: 0 [ 950/10000 (10%)] Unweighted L_s : L_Mnfld: 0.00236,  L_NonMnfld: 0.02940,  L_Nrml: 0.00000,  L_Eknl: 0.29116, L_Morse: 0.97126

Weights: [7000.0, 600.0, 0, 50.0, 0.0, 10.0], lr=5.000e-05
Epoch: 0 [ 960/10000 (10%)] Loss: 57.15589 = L_Mnfld: 15.65925 + L_NonMnfld: 17.87663 + L_Nrml: 0.00000 + L_Eknl: 14.39731 + L_Div: 0.00000 + L_Morse: 9.22270
Epoch: 0 [ 960/10000 (10%)] Unweighted L_s : L_Mnfld: 0.00224,  L_NonMnfld: 0.02979,  L_Nrml: 0.00000,  L_Eknl: 0.28795, L_Morse: 0.92227

Weights: [7000.0, 600.0, 0, 50.0, 0.0, 10.0], lr=5.000e-05
Epoch: 0 [ 970/10000 (10%)] Loss: 57.26796 = L_Mnfld: 14.38068 + L_NonMnfld: 19.40324 + L_Nrml: 0.00000 + L_Eknl: 14.40420 + L_Div: 0.00000 + L_Morse: 9.07984
Epoch: 0 [ 970/10000 (10%)] Unweighted L_s : L_Mnfld: 0.00205,  L_NonMnfld: 0.03234,  L_Nrml: 0.00000,  L_Eknl: 0.28808, L_Morse: 0.90798

Weights: [7000.0, 600.0, 0, 50.0, 0.0, 10.0], lr=5.000e-05
Epoch: 0 [ 980/10000 (10%)] Loss: 57.08210 = L_Mnfld: 13.32678 + L_NonMnfld: 20.10894 + L_Nrml: 0.00000 + L_Eknl: 14.22016 + L_Div: 0.00000 + L_Morse: 9.42621
Epoch: 0 [ 980/10000 (10%)] Unweighted L_s : L_Mnfld: 0.00190,  L_NonMnfld: 0.03351,  L_Nrml: 0.00000,  L_Eknl: 0.28440, L_Morse: 0.94262

Weights: [7000.0, 600.0, 0, 50.0, 0.0, 10.0], lr=5.000e-05
Epoch: 0 [ 990/10000 (10%)] Loss: 55.35268 = L_Mnfld: 13.39565 + L_NonMnfld: 18.53933 + L_Nrml: 0.00000 + L_Eknl: 14.01348 + L_Div: 0.00000 + L_Morse: 9.40421
Epoch: 0 [ 990/10000 (10%)] Unweighted L_s : L_Mnfld: 0.00191,  L_NonMnfld: 0.03090,  L_Nrml: 0.00000,  L_Eknl: 0.28027, L_Morse: 0.94042

Weights: [7000.0, 600.0, 0, 50.0, 0.0, 10.0], lr=5.000e-05
Epoch: 0 [1000/10000 (10%)] Loss: 54.59216 = L_Mnfld: 14.12396 + L_NonMnfld: 17.52411 + L_Nrml: 0.00000 + L_Eknl: 13.80659 + L_Div: 0.00000 + L_Morse: 9.13750
Epoch: 0 [1000/10000 (10%)] Unweighted L_s : L_Mnfld: 0.00202,  L_NonMnfld: 0.02921,  L_Nrml: 0.00000,  L_Eknl: 0.27613, L_Morse: 0.91375

Weights: [7000.0, 600.0, 0, 50.0, 0.0, 10.0], lr=5.000e-05
Epoch: 0 [1010/10000 (10%)] Loss: 54.49154 = L_Mnfld: 12.44334 + L_NonMnfld: 19.26043 + L_Nrml: 0.00000 + L_Eknl: 13.90980 + L_Div: 0.00000 + L_Morse: 8.87797
Epoch: 0 [1010/10000 (10%)] Unweighted L_s : L_Mnfld: 0.00178,  L_NonMnfld: 0.03210,  L_Nrml: 0.00000,  L_Eknl: 0.27820, L_Morse: 0.88780

Weights: [7000.0, 600.0, 0, 50.0, 0.0, 10.0], lr=5.000e-05
Epoch: 0 [1020/10000 (10%)] Loss: 52.97093 = L_Mnfld: 13.04878 + L_NonMnfld: 17.09630 + L_Nrml: 0.00000 + L_Eknl: 13.79072 + L_Div: 0.00000 + L_Morse: 9.03513
Epoch: 0 [1020/10000 (10%)] Unweighted L_s : L_Mnfld: 0.00186,  L_NonMnfld: 0.02849,  L_Nrml: 0.00000,  L_Eknl: 0.27581, L_Morse: 0.90351

Weights: [7000.0, 600.0, 0, 50.0, 0.0, 10.0], lr=5.000e-05
Epoch: 0 [1030/10000 (10%)] Loss: 52.88631 = L_Mnfld: 11.83962 + L_NonMnfld: 18.49868 + L_Nrml: 0.00000 + L_Eknl: 13.53620 + L_Div: 0.00000 + L_Morse: 9.01181
Epoch: 0 [1030/10000 (10%)] Unweighted L_s : L_Mnfld: 0.00169,  L_NonMnfld: 0.03083,  L_Nrml: 0.00000,  L_Eknl: 0.27072, L_Morse: 0.90118

Weights: [7000.0, 600.0, 0, 50.0, 0.0, 10.0], lr=5.000e-05
Epoch: 0 [1040/10000 (10%)] Loss: 53.32514 = L_Mnfld: 12.94199 + L_NonMnfld: 17.83297 + L_Nrml: 0.00000 + L_Eknl: 13.34998 + L_Div: 0.00000 + L_Morse: 9.20020
Epoch: 0 [1040/10000 (10%)] Unweighted L_s : L_Mnfld: 0.00185,  L_NonMnfld: 0.02972,  L_Nrml: 0.00000,  L_Eknl: 0.26700, L_Morse: 0.92002

Weights: [7000.0, 600.0, 0, 50.0, 0.0, 10.0], lr=5.000e-05
Epoch: 0 [1050/10000 (10%)] Loss: 51.55152 = L_Mnfld: 11.46507 + L_NonMnfld: 17.45093 + L_Nrml: 0.00000 + L_Eknl: 13.60236 + L_Div: 0.00000 + L_Morse: 9.03316
Epoch: 0 [1050/10000 (10%)] Unweighted L_s : L_Mnfld: 0.00164,  L_NonMnfld: 0.02908,  L_Nrml: 0.00000,  L_Eknl: 0.27205, L_Morse: 0.90332

Weights: [7000.0, 600.0, 0, 50.0, 0.0, 10.0], lr=5.000e-05
Epoch: 0 [1060/10000 (11%)] Loss: 53.40489 = L_Mnfld: 12.80574 + L_NonMnfld: 17.87752 + L_Nrml: 0.00000 + L_Eknl: 13.44423 + L_Div: 0.00000 + L_Morse: 9.27741
Epoch: 0 [1060/10000 (11%)] Unweighted L_s : L_Mnfld: 0.00183,  L_NonMnfld: 0.02980,  L_Nrml: 0.00000,  L_Eknl: 0.26888, L_Morse: 0.92774

Weights: [7000.0, 600.0, 0, 50.0, 0.0, 10.0], lr=5.000e-05
Epoch: 0 [1070/10000 (11%)] Loss: 51.10268 = L_Mnfld: 11.89050 + L_NonMnfld: 16.93158 + L_Nrml: 0.00000 + L_Eknl: 13.08074 + L_Div: 0.00000 + L_Morse: 9.19986
Epoch: 0 [1070/10000 (11%)] Unweighted L_s : L_Mnfld: 0.00170,  L_NonMnfld: 0.02822,  L_Nrml: 0.00000,  L_Eknl: 0.26161, L_Morse: 0.91999

Weights: [7000.0, 600.0, 0, 50.0, 0.0, 10.0], lr=5.000e-05
Epoch: 0 [1080/10000 (11%)] Loss: 52.19762 = L_Mnfld: 13.29974 + L_NonMnfld: 16.60816 + L_Nrml: 0.00000 + L_Eknl: 12.95097 + L_Div: 0.00000 + L_Morse: 9.33875
Epoch: 0 [1080/10000 (11%)] Unweighted L_s : L_Mnfld: 0.00190,  L_NonMnfld: 0.02768,  L_Nrml: 0.00000,  L_Eknl: 0.25902, L_Morse: 0.93387

Weights: [7000.0, 600.0, 0, 50.0, 0.0, 10.0], lr=5.000e-05
Epoch: 0 [1090/10000 (11%)] Loss: 50.91387 = L_Mnfld: 11.81825 + L_NonMnfld: 17.27311 + L_Nrml: 0.00000 + L_Eknl: 12.93593 + L_Div: 0.00000 + L_Morse: 8.88657
Epoch: 0 [1090/10000 (11%)] Unweighted L_s : L_Mnfld: 0.00169,  L_NonMnfld: 0.02879,  L_Nrml: 0.00000,  L_Eknl: 0.25872, L_Morse: 0.88866

Weights: [7000.0, 600.0, 0, 50.0, 0.0, 10.0], lr=5.000e-05
Epoch: 0 [1100/10000 (11%)] Loss: 49.33110 = L_Mnfld: 11.62175 + L_NonMnfld: 15.65624 + L_Nrml: 0.00000 + L_Eknl: 12.85404 + L_Div: 0.00000 + L_Morse: 9.19907
Epoch: 0 [1100/10000 (11%)] Unweighted L_s : L_Mnfld: 0.00166,  L_NonMnfld: 0.02609,  L_Nrml: 0.00000,  L_Eknl: 0.25708, L_Morse: 0.91991

Weights: [7000.0, 600.0, 0, 50.0, 0.0, 10.0], lr=5.000e-05
Epoch: 0 [1110/10000 (11%)] Loss: 50.39596 = L_Mnfld: 11.75392 + L_NonMnfld: 16.87972 + L_Nrml: 0.00000 + L_Eknl: 12.88238 + L_Div: 0.00000 + L_Morse: 8.87993
Epoch: 0 [1110/10000 (11%)] Unweighted L_s : L_Mnfld: 0.00168,  L_NonMnfld: 0.02813,  L_Nrml: 0.00000,  L_Eknl: 0.25765, L_Morse: 0.88799

Weights: [7000.0, 600.0, 0, 50.0, 0.0, 10.0], lr=5.000e-05
Epoch: 0 [1120/10000 (11%)] Loss: 51.45074 = L_Mnfld: 12.40944 + L_NonMnfld: 17.23116 + L_Nrml: 0.00000 + L_Eknl: 12.70650 + L_Div: 0.00000 + L_Morse: 9.10363
Epoch: 0 [1120/10000 (11%)] Unweighted L_s : L_Mnfld: 0.00177,  L_NonMnfld: 0.02872,  L_Nrml: 0.00000,  L_Eknl: 0.25413, L_Morse: 0.91036

Weights: [7000.0, 600.0, 0, 50.0, 0.0, 10.0], lr=5.000e-05
Epoch: 0 [1130/10000 (11%)] Loss: 48.55650 = L_Mnfld: 10.96384 + L_NonMnfld: 16.27923 + L_Nrml: 0.00000 + L_Eknl: 12.49667 + L_Div: 0.00000 + L_Morse: 8.81676
Epoch: 0 [1130/10000 (11%)] Unweighted L_s : L_Mnfld: 0.00157,  L_NonMnfld: 0.02713,  L_Nrml: 0.00000,  L_Eknl: 0.24993, L_Morse: 0.88168

Weights: [7000.0, 600.0, 0, 50.0, 0.0, 10.0], lr=5.000e-05
Epoch: 0 [1140/10000 (11%)] Loss: 47.78273 = L_Mnfld: 11.53897 + L_NonMnfld: 15.06855 + L_Nrml: 0.00000 + L_Eknl: 12.55683 + L_Div: 0.00000 + L_Morse: 8.61839
Epoch: 0 [1140/10000 (11%)] Unweighted L_s : L_Mnfld: 0.00165,  L_NonMnfld: 0.02511,  L_Nrml: 0.00000,  L_Eknl: 0.25114, L_Morse: 0.86184

Weights: [7000.0, 600.0, 0, 50.0, 0.0, 10.0], lr=5.000e-05
Epoch: 0 [1150/10000 (12%)] Loss: 48.85545 = L_Mnfld: 10.88007 + L_NonMnfld: 16.61548 + L_Nrml: 0.00000 + L_Eknl: 12.36026 + L_Div: 0.00000 + L_Morse: 8.99965
Epoch: 0 [1150/10000 (12%)] Unweighted L_s : L_Mnfld: 0.00155,  L_NonMnfld: 0.02769,  L_Nrml: 0.00000,  L_Eknl: 0.24721, L_Morse: 0.89997

Weights: [7000.0, 600.0, 0, 50.0, 0.0, 10.0], lr=5.000e-05
Epoch: 0 [1160/10000 (12%)] Loss: 48.66922 = L_Mnfld: 11.88267 + L_NonMnfld: 15.26432 + L_Nrml: 0.00000 + L_Eknl: 12.46930 + L_Div: 0.00000 + L_Morse: 9.05294
Epoch: 0 [1160/10000 (12%)] Unweighted L_s : L_Mnfld: 0.00170,  L_NonMnfld: 0.02544,  L_Nrml: 0.00000,  L_Eknl: 0.24939, L_Morse: 0.90529

Weights: [7000.0, 600.0, 0, 50.0, 0.0, 10.0], lr=5.000e-05
Epoch: 0 [1170/10000 (12%)] Loss: 50.74771 = L_Mnfld: 11.38665 + L_NonMnfld: 17.72381 + L_Nrml: 0.00000 + L_Eknl: 12.70868 + L_Div: 0.00000 + L_Morse: 8.92857
Epoch: 0 [1170/10000 (12%)] Unweighted L_s : L_Mnfld: 0.00163,  L_NonMnfld: 0.02954,  L_Nrml: 0.00000,  L_Eknl: 0.25417, L_Morse: 0.89286

Weights: [7000.0, 600.0, 0, 50.0, 0.0, 10.0], lr=5.000e-05
Epoch: 0 [1180/10000 (12%)] Loss: 48.07114 = L_Mnfld: 11.14860 + L_NonMnfld: 15.83593 + L_Nrml: 0.00000 + L_Eknl: 12.19184 + L_Div: 0.00000 + L_Morse: 8.89477
Epoch: 0 [1180/10000 (12%)] Unweighted L_s : L_Mnfld: 0.00159,  L_NonMnfld: 0.02639,  L_Nrml: 0.00000,  L_Eknl: 0.24384, L_Morse: 0.88948

Weights: [7000.0, 600.0, 0, 50.0, 0.0, 10.0], lr=5.000e-05
Epoch: 0 [1190/10000 (12%)] Loss: 47.78638 = L_Mnfld: 10.53400 + L_NonMnfld: 16.32189 + L_Nrml: 0.00000 + L_Eknl: 12.29089 + L_Div: 0.00000 + L_Morse: 8.63960
Epoch: 0 [1190/10000 (12%)] Unweighted L_s : L_Mnfld: 0.00150,  L_NonMnfld: 0.02720,  L_Nrml: 0.00000,  L_Eknl: 0.24582, L_Morse: 0.86396

Weights: [7000.0, 600.0, 0, 50.0, 0.0, 10.0], lr=5.000e-05
Epoch: 0 [1200/10000 (12%)] Loss: 47.94078 = L_Mnfld: 11.05368 + L_NonMnfld: 15.79252 + L_Nrml: 0.00000 + L_Eknl: 12.31723 + L_Div: 0.00000 + L_Morse: 8.77736
Epoch: 0 [1200/10000 (12%)] Unweighted L_s : L_Mnfld: 0.00158,  L_NonMnfld: 0.02632,  L_Nrml: 0.00000,  L_Eknl: 0.24634, L_Morse: 0.87774

Weights: [7000.0, 600.0, 0, 50.0, 0.0, 10.0], lr=5.000e-05
Epoch: 0 [1210/10000 (12%)] Loss: 47.36656 = L_Mnfld: 10.63319 + L_NonMnfld: 15.92214 + L_Nrml: 0.00000 + L_Eknl: 12.10012 + L_Div: 0.00000 + L_Morse: 8.71111
Epoch: 0 [1210/10000 (12%)] Unweighted L_s : L_Mnfld: 0.00152,  L_NonMnfld: 0.02654,  L_Nrml: 0.00000,  L_Eknl: 0.24200, L_Morse: 0.87111

Weights: [7000.0, 600.0, 0, 50.0, 0.0, 10.0], lr=5.000e-05
Epoch: 0 [1220/10000 (12%)] Loss: 49.44592 = L_Mnfld: 11.69924 + L_NonMnfld: 16.83854 + L_Nrml: 0.00000 + L_Eknl: 11.97344 + L_Div: 0.00000 + L_Morse: 8.93469
Epoch: 0 [1220/10000 (12%)] Unweighted L_s : L_Mnfld: 0.00167,  L_NonMnfld: 0.02806,  L_Nrml: 0.00000,  L_Eknl: 0.23947, L_Morse: 0.89347

Weights: [7000.0, 600.0, 0, 50.0, 0.0, 10.0], lr=5.000e-05
Epoch: 0 [1230/10000 (12%)] Loss: 47.29516 = L_Mnfld: 11.30150 + L_NonMnfld: 15.04874 + L_Nrml: 0.00000 + L_Eknl: 12.05432 + L_Div: 0.00000 + L_Morse: 8.89060
Epoch: 0 [1230/10000 (12%)] Unweighted L_s : L_Mnfld: 0.00161,  L_NonMnfld: 0.02508,  L_Nrml: 0.00000,  L_Eknl: 0.24109, L_Morse: 0.88906

Weights: [7000.0, 600.0, 0, 50.0, 0.0, 10.0], lr=5.000e-05
Epoch: 0 [1240/10000 (12%)] Loss: 47.59746 = L_Mnfld: 11.09457 + L_NonMnfld: 15.67047 + L_Nrml: 0.00000 + L_Eknl: 11.94551 + L_Div: 0.00000 + L_Morse: 8.88691
Epoch: 0 [1240/10000 (12%)] Unweighted L_s : L_Mnfld: 0.00158,  L_NonMnfld: 0.02612,  L_Nrml: 0.00000,  L_Eknl: 0.23891, L_Morse: 0.88869

Weights: [7000.0, 600.0, 0, 50.0, 0.0, 10.0], lr=5.000e-05
Epoch: 0 [1250/10000 (12%)] Loss: 47.02968 = L_Mnfld: 10.59309 + L_NonMnfld: 15.62103 + L_Nrml: 0.00000 + L_Eknl: 12.12489 + L_Div: 0.00000 + L_Morse: 8.69066
Epoch: 0 [1250/10000 (12%)] Unweighted L_s : L_Mnfld: 0.00151,  L_NonMnfld: 0.02604,  L_Nrml: 0.00000,  L_Eknl: 0.24250, L_Morse: 0.86907

Weights: [7000.0, 600.0, 0, 50.0, 0.0, 10.0], lr=5.000e-05
Epoch: 0 [1260/10000 (13%)] Loss: 47.28977 = L_Mnfld: 11.34477 + L_NonMnfld: 15.18288 + L_Nrml: 0.00000 + L_Eknl: 11.77907 + L_Div: 0.00000 + L_Morse: 8.98304
Epoch: 0 [1260/10000 (13%)] Unweighted L_s : L_Mnfld: 0.00162,  L_NonMnfld: 0.02530,  L_Nrml: 0.00000,  L_Eknl: 0.23558, L_Morse: 0.89830

Weights: [7000.0, 600.0, 0, 50.0, 0.0, 10.0], lr=5.000e-05
Epoch: 0 [1270/10000 (13%)] Loss: 47.18542 = L_Mnfld: 10.97816 + L_NonMnfld: 15.84885 + L_Nrml: 0.00000 + L_Eknl: 11.76436 + L_Div: 0.00000 + L_Morse: 8.59405
Epoch: 0 [1270/10000 (13%)] Unweighted L_s : L_Mnfld: 0.00157,  L_NonMnfld: 0.02641,  L_Nrml: 0.00000,  L_Eknl: 0.23529, L_Morse: 0.85941

Weights: [7000.0, 600.0, 0, 50.0, 0.0, 10.0], lr=5.000e-05
Epoch: 0 [1280/10000 (13%)] Loss: 50.26259 = L_Mnfld: 13.15167 + L_NonMnfld: 16.14115 + L_Nrml: 0.00000 + L_Eknl: 11.84696 + L_Div: 0.00000 + L_Morse: 9.12281
Epoch: 0 [1280/10000 (13%)] Unweighted L_s : L_Mnfld: 0.00188,  L_NonMnfld: 0.02690,  L_Nrml: 0.00000,  L_Eknl: 0.23694, L_Morse: 0.91228

Weights: [7000.0, 600.0, 0, 50.0, 0.0, 10.0], lr=5.000e-05
Epoch: 0 [1290/10000 (13%)] Loss: 47.10059 = L_Mnfld: 11.88002 + L_NonMnfld: 14.46368 + L_Nrml: 0.00000 + L_Eknl: 11.76796 + L_Div: 0.00000 + L_Morse: 8.98892
Epoch: 0 [1290/10000 (13%)] Unweighted L_s : L_Mnfld: 0.00170,  L_NonMnfld: 0.02411,  L_Nrml: 0.00000,  L_Eknl: 0.23536, L_Morse: 0.89889

Weights: [7000.0, 600.0, 0, 50.0, 0.0, 10.0], lr=5.000e-05
Epoch: 0 [1300/10000 (13%)] Loss: 47.59085 = L_Mnfld: 11.35010 + L_NonMnfld: 15.83360 + L_Nrml: 0.00000 + L_Eknl: 11.68589 + L_Div: 0.00000 + L_Morse: 8.72126
Epoch: 0 [1300/10000 (13%)] Unweighted L_s : L_Mnfld: 0.00162,  L_NonMnfld: 0.02639,  L_Nrml: 0.00000,  L_Eknl: 0.23372, L_Morse: 0.87213

Weights: [7000.0, 600.0, 0, 50.0, 0.0, 10.0], lr=5.000e-05
Epoch: 0 [1310/10000 (13%)] Loss: 45.74446 = L_Mnfld: 10.66466 + L_NonMnfld: 14.86753 + L_Nrml: 0.00000 + L_Eknl: 11.67807 + L_Div: 0.00000 + L_Morse: 8.53421
Epoch: 0 [1310/10000 (13%)] Unweighted L_s : L_Mnfld: 0.00152,  L_NonMnfld: 0.02478,  L_Nrml: 0.00000,  L_Eknl: 0.23356, L_Morse: 0.85342

Weights: [7000.0, 600.0, 0, 50.0, 0.0, 10.0], lr=5.000e-05
Epoch: 0 [1320/10000 (13%)] Loss: 46.97544 = L_Mnfld: 11.58059 + L_NonMnfld: 15.04222 + L_Nrml: 0.00000 + L_Eknl: 11.57134 + L_Div: 0.00000 + L_Morse: 8.78129
Epoch: 0 [1320/10000 (13%)] Unweighted L_s : L_Mnfld: 0.00165,  L_NonMnfld: 0.02507,  L_Nrml: 0.00000,  L_Eknl: 0.23143, L_Morse: 0.87813

Weights: [7000.0, 600.0, 0, 50.0, 0.0, 10.0], lr=5.000e-05
Epoch: 0 [1330/10000 (13%)] Loss: 46.47866 = L_Mnfld: 11.93099 + L_NonMnfld: 14.66785 + L_Nrml: 0.00000 + L_Eknl: 11.45653 + L_Div: 0.00000 + L_Morse: 8.42328
Epoch: 0 [1330/10000 (13%)] Unweighted L_s : L_Mnfld: 0.00170,  L_NonMnfld: 0.02445,  L_Nrml: 0.00000,  L_Eknl: 0.22913, L_Morse: 0.84233

Weights: [7000.0, 600.0, 0, 50.0, 0.0, 10.0], lr=5.000e-05
Epoch: 0 [1340/10000 (13%)] Loss: 46.72893 = L_Mnfld: 11.96328 + L_NonMnfld: 15.04231 + L_Nrml: 0.00000 + L_Eknl: 11.49028 + L_Div: 0.00000 + L_Morse: 8.23305
Epoch: 0 [1340/10000 (13%)] Unweighted L_s : L_Mnfld: 0.00171,  L_NonMnfld: 0.02507,  L_Nrml: 0.00000,  L_Eknl: 0.22981, L_Morse: 0.82331

Weights: [7000.0, 600.0, 0, 50.0, 0.0, 10.0], lr=5.000e-05
Epoch: 0 [1350/10000 (14%)] Loss: 46.14773 = L_Mnfld: 11.77176 + L_NonMnfld: 14.49391 + L_Nrml: 0.00000 + L_Eknl: 11.48245 + L_Div: 0.00000 + L_Morse: 8.39960
Epoch: 0 [1350/10000 (14%)] Unweighted L_s : L_Mnfld: 0.00168,  L_NonMnfld: 0.02416,  L_Nrml: 0.00000,  L_Eknl: 0.22965, L_Morse: 0.83996

Weights: [7000.0, 600.0, 0, 50.0, 0.0, 10.0], lr=5.000e-05
Epoch: 0 [1360/10000 (14%)] Loss: 46.53074 = L_Mnfld: 12.05380 + L_NonMnfld: 14.96474 + L_Nrml: 0.00000 + L_Eknl: 11.17088 + L_Div: 0.00000 + L_Morse: 8.34132
Epoch: 0 [1360/10000 (14%)] Unweighted L_s : L_Mnfld: 0.00172,  L_NonMnfld: 0.02494,  L_Nrml: 0.00000,  L_Eknl: 0.22342, L_Morse: 0.83413

Weights: [7000.0, 600.0, 0, 50.0, 0.0, 10.0], lr=5.000e-05
Epoch: 0 [1370/10000 (14%)] Loss: 45.25218 = L_Mnfld: 11.38773 + L_NonMnfld: 14.41773 + L_Nrml: 0.00000 + L_Eknl: 11.31608 + L_Div: 0.00000 + L_Morse: 8.13063
Epoch: 0 [1370/10000 (14%)] Unweighted L_s : L_Mnfld: 0.00163,  L_NonMnfld: 0.02403,  L_Nrml: 0.00000,  L_Eknl: 0.22632, L_Morse: 0.81306

Weights: [7000.0, 600.0, 0, 50.0, 0.0, 10.0], lr=5.000e-05
Epoch: 0 [1380/10000 (14%)] Loss: 46.92273 = L_Mnfld: 12.31694 + L_NonMnfld: 14.73735 + L_Nrml: 0.00000 + L_Eknl: 11.20829 + L_Div: 0.00000 + L_Morse: 8.66016
Epoch: 0 [1380/10000 (14%)] Unweighted L_s : L_Mnfld: 0.00176,  L_NonMnfld: 0.02456,  L_Nrml: 0.00000,  L_Eknl: 0.22417, L_Morse: 0.86602

Weights: [7000.0, 600.0, 0, 50.0, 0.0, 10.0], lr=5.000e-05
Epoch: 0 [1390/10000 (14%)] Loss: 47.40645 = L_Mnfld: 12.42647 + L_NonMnfld: 15.20152 + L_Nrml: 0.00000 + L_Eknl: 11.22500 + L_Div: 0.00000 + L_Morse: 8.55345
Epoch: 0 [1390/10000 (14%)] Unweighted L_s : L_Mnfld: 0.00178,  L_NonMnfld: 0.02534,  L_Nrml: 0.00000,  L_Eknl: 0.22450, L_Morse: 0.85534

Weights: [7000.0, 600.0, 0, 50.0, 0.0, 10.0], lr=5.000e-05
Epoch: 0 [1400/10000 (14%)] Loss: 46.39791 = L_Mnfld: 12.78706 + L_NonMnfld: 14.34769 + L_Nrml: 0.00000 + L_Eknl: 10.95834 + L_Div: 0.00000 + L_Morse: 8.30482
Epoch: 0 [1400/10000 (14%)] Unweighted L_s : L_Mnfld: 0.00183,  L_NonMnfld: 0.02391,  L_Nrml: 0.00000,  L_Eknl: 0.21917, L_Morse: 0.83048

Weights: [7000.0, 600.0, 0, 50.0, 0.0, 10.0], lr=5.000e-05
Epoch: 0 [1410/10000 (14%)] Loss: 46.69829 = L_Mnfld: 12.17146 + L_NonMnfld: 14.83176 + L_Nrml: 0.00000 + L_Eknl: 11.20434 + L_Div: 0.00000 + L_Morse: 8.49073
Epoch: 0 [1410/10000 (14%)] Unweighted L_s : L_Mnfld: 0.00174,  L_NonMnfld: 0.02472,  L_Nrml: 0.00000,  L_Eknl: 0.22409, L_Morse: 0.84907

Weights: [7000.0, 600.0, 0, 50.0, 0.0, 10.0], lr=5.000e-05
Epoch: 0 [1420/10000 (14%)] Loss: 44.70398 = L_Mnfld: 11.91597 + L_NonMnfld: 13.22892 + L_Nrml: 0.00000 + L_Eknl: 11.04998 + L_Div: 0.00000 + L_Morse: 8.50911
Epoch: 0 [1420/10000 (14%)] Unweighted L_s : L_Mnfld: 0.00170,  L_NonMnfld: 0.02205,  L_Nrml: 0.00000,  L_Eknl: 0.22100, L_Morse: 0.85091

Weights: [7000.0, 600.0, 0, 50.0, 0.0, 10.0], lr=5.000e-05
Epoch: 0 [1430/10000 (14%)] Loss: 46.10548 = L_Mnfld: 11.12426 + L_NonMnfld: 15.55264 + L_Nrml: 0.00000 + L_Eknl: 11.07992 + L_Div: 0.00000 + L_Morse: 8.34866
Epoch: 0 [1430/10000 (14%)] Unweighted L_s : L_Mnfld: 0.00159,  L_NonMnfld: 0.02592,  L_Nrml: 0.00000,  L_Eknl: 0.22160, L_Morse: 0.83487

Weights: [7000.0, 600.0, 0, 50.0, 0.0, 10.0], lr=5.000e-05
Epoch: 0 [1440/10000 (14%)] Loss: 43.48742 = L_Mnfld: 10.82603 + L_NonMnfld: 13.70102 + L_Nrml: 0.00000 + L_Eknl: 10.87464 + L_Div: 0.00000 + L_Morse: 8.08574
Epoch: 0 [1440/10000 (14%)] Unweighted L_s : L_Mnfld: 0.00155,  L_NonMnfld: 0.02284,  L_Nrml: 0.00000,  L_Eknl: 0.21749, L_Morse: 0.80857

Weights: [7000.0, 600.0, 0, 50.0, 0.0, 10.0], lr=5.000e-05
Epoch: 0 [1450/10000 (14%)] Loss: 42.86882 = L_Mnfld: 10.34921 + L_NonMnfld: 13.86313 + L_Nrml: 0.00000 + L_Eknl: 10.77241 + L_Div: 0.00000 + L_Morse: 7.88406
Epoch: 0 [1450/10000 (14%)] Unweighted L_s : L_Mnfld: 0.00148,  L_NonMnfld: 0.02311,  L_Nrml: 0.00000,  L_Eknl: 0.21545, L_Morse: 0.78841

Weights: [7000.0, 600.0, 0, 50.0, 0.0, 10.0], lr=5.000e-05
Epoch: 0 [1460/10000 (15%)] Loss: 43.71049 = L_Mnfld: 10.27929 + L_NonMnfld: 14.30256 + L_Nrml: 0.00000 + L_Eknl: 10.73498 + L_Div: 0.00000 + L_Morse: 8.39367
Epoch: 0 [1460/10000 (15%)] Unweighted L_s : L_Mnfld: 0.00147,  L_NonMnfld: 0.02384,  L_Nrml: 0.00000,  L_Eknl: 0.21470, L_Morse: 0.83937

Weights: [7000.0, 600.0, 0, 50.0, 0.0, 10.0], lr=5.000e-05
Epoch: 0 [1470/10000 (15%)] Loss: 43.87517 = L_Mnfld: 10.98278 + L_NonMnfld: 13.74501 + L_Nrml: 0.00000 + L_Eknl: 10.73184 + L_Div: 0.00000 + L_Morse: 8.41554
Epoch: 0 [1470/10000 (15%)] Unweighted L_s : L_Mnfld: 0.00157,  L_NonMnfld: 0.02291,  L_Nrml: 0.00000,  L_Eknl: 0.21464, L_Morse: 0.84155

Weights: [7000.0, 600.0, 0, 50.0, 0.0, 10.0], lr=5.000e-05
Epoch: 0 [1480/10000 (15%)] Loss: 43.71841 = L_Mnfld: 10.75459 + L_NonMnfld: 13.99191 + L_Nrml: 0.00000 + L_Eknl: 10.78258 + L_Div: 0.00000 + L_Morse: 8.18933
Epoch: 0 [1480/10000 (15%)] Unweighted L_s : L_Mnfld: 0.00154,  L_NonMnfld: 0.02332,  L_Nrml: 0.00000,  L_Eknl: 0.21565, L_Morse: 0.81893

Weights: [7000.0, 600.0, 0, 50.0, 0.0, 10.0], lr=5.000e-05
Epoch: 0 [1490/10000 (15%)] Loss: 44.37687 = L_Mnfld: 10.60692 + L_NonMnfld: 14.61489 + L_Nrml: 0.00000 + L_Eknl: 10.66004 + L_Div: 0.00000 + L_Morse: 8.49503
Epoch: 0 [1490/10000 (15%)] Unweighted L_s : L_Mnfld: 0.00152,  L_NonMnfld: 0.02436,  L_Nrml: 0.00000,  L_Eknl: 0.21320, L_Morse: 0.84950

Weights: [7000.0, 600.0, 0, 50.0, 0.0, 10.0], lr=5.000e-05
Epoch: 0 [1500/10000 (15%)] Loss: 43.57419 = L_Mnfld: 10.79918 + L_NonMnfld: 13.95867 + L_Nrml: 0.00000 + L_Eknl: 10.67961 + L_Div: 0.00000 + L_Morse: 8.13672
Epoch: 0 [1500/10000 (15%)] Unweighted L_s : L_Mnfld: 0.00154,  L_NonMnfld: 0.02326,  L_Nrml: 0.00000,  L_Eknl: 0.21359, L_Morse: 0.81367

Weights: [7000.0, 600.0, 0, 50.0, 0.0, 10.0], lr=5.000e-05
Epoch: 0 [1510/10000 (15%)] Loss: 44.12391 = L_Mnfld: 10.60429 + L_NonMnfld: 14.95737 + L_Nrml: 0.00000 + L_Eknl: 10.53137 + L_Div: 0.00000 + L_Morse: 8.03088
Epoch: 0 [1510/10000 (15%)] Unweighted L_s : L_Mnfld: 0.00151,  L_NonMnfld: 0.02493,  L_Nrml: 0.00000,  L_Eknl: 0.21063, L_Morse: 0.80309

Weights: [7000.0, 600.0, 0, 50.0, 0.0, 10.0], lr=5.000e-05
Epoch: 0 [1520/10000 (15%)] Loss: 43.08774 = L_Mnfld: 10.52034 + L_NonMnfld: 13.82253 + L_Nrml: 0.00000 + L_Eknl: 10.52928 + L_Div: 0.00000 + L_Morse: 8.21559
Epoch: 0 [1520/10000 (15%)] Unweighted L_s : L_Mnfld: 0.00150,  L_NonMnfld: 0.02304,  L_Nrml: 0.00000,  L_Eknl: 0.21059, L_Morse: 0.82156

Weights: [7000.0, 600.0, 0, 50.0, 0.0, 10.0], lr=5.000e-05
Epoch: 0 [1530/10000 (15%)] Loss: 43.98305 = L_Mnfld: 10.58636 + L_NonMnfld: 14.84312 + L_Nrml: 0.00000 + L_Eknl: 10.35954 + L_Div: 0.00000 + L_Morse: 8.19403
Epoch: 0 [1530/10000 (15%)] Unweighted L_s : L_Mnfld: 0.00151,  L_NonMnfld: 0.02474,  L_Nrml: 0.00000,  L_Eknl: 0.20719, L_Morse: 0.81940

Weights: [7000.0, 600.0, 0, 50.0, 0.0, 10.0], lr=5.000e-05
Epoch: 0 [1540/10000 (15%)] Loss: 42.73148 = L_Mnfld: 10.63127 + L_NonMnfld: 13.41490 + L_Nrml: 0.00000 + L_Eknl: 10.33067 + L_Div: 0.00000 + L_Morse: 8.35463
Epoch: 0 [1540/10000 (15%)] Unweighted L_s : L_Mnfld: 0.00152,  L_NonMnfld: 0.02236,  L_Nrml: 0.00000,  L_Eknl: 0.20661, L_Morse: 0.83546

Weights: [7000.0, 600.0, 0, 50.0, 0.0, 10.0], lr=5.000e-05
Epoch: 0 [1550/10000 (16%)] Loss: 42.22645 = L_Mnfld: 10.08947 + L_NonMnfld: 13.74392 + L_Nrml: 0.00000 + L_Eknl: 10.30295 + L_Div: 0.00000 + L_Morse: 8.09012
Epoch: 0 [1550/10000 (16%)] Unweighted L_s : L_Mnfld: 0.00144,  L_NonMnfld: 0.02291,  L_Nrml: 0.00000,  L_Eknl: 0.20606, L_Morse: 0.80901

Weights: [7000.0, 600.0, 0, 50.0, 0.0, 10.0], lr=5.000e-05
Epoch: 0 [1560/10000 (16%)] Loss: 54.47874 = L_Mnfld: 20.64678 + L_NonMnfld: 14.19870 + L_Nrml: 0.00000 + L_Eknl: 10.79594 + L_Div: 0.00000 + L_Morse: 8.83733
Epoch: 0 [1560/10000 (16%)] Unweighted L_s : L_Mnfld: 0.00295,  L_NonMnfld: 0.02366,  L_Nrml: 0.00000,  L_Eknl: 0.21592, L_Morse: 0.88373

Weights: [7000.0, 600.0, 0, 50.0, 0.0, 10.0], lr=5.000e-05
Epoch: 0 [1570/10000 (16%)] Loss: 59.98793 = L_Mnfld: 24.31727 + L_NonMnfld: 13.84699 + L_Nrml: 0.00000 + L_Eknl: 11.51002 + L_Div: 0.00000 + L_Morse: 10.31366
Epoch: 0 [1570/10000 (16%)] Unweighted L_s : L_Mnfld: 0.00347,  L_NonMnfld: 0.02308,  L_Nrml: 0.00000,  L_Eknl: 0.23020, L_Morse: 1.03137

Weights: [7000.0, 600.0, 0, 50.0, 0.0, 10.0], lr=5.000e-05
Epoch: 0 [1580/10000 (16%)] Loss: 67.95149 = L_Mnfld: 30.38764 + L_NonMnfld: 13.36130 + L_Nrml: 0.00000 + L_Eknl: 12.51718 + L_Div: 0.00000 + L_Morse: 11.68538
Epoch: 0 [1580/10000 (16%)] Unweighted L_s : L_Mnfld: 0.00434,  L_NonMnfld: 0.02227,  L_Nrml: 0.00000,  L_Eknl: 0.25034, L_Morse: 1.16854

Weights: [7000.0, 600.0, 0, 50.0, 0.0, 10.0], lr=5.000e-05
Epoch: 0 [1590/10000 (16%)] Loss: 59.57348 = L_Mnfld: 22.50075 + L_NonMnfld: 14.42367 + L_Nrml: 0.00000 + L_Eknl: 12.31307 + L_Div: 0.00000 + L_Morse: 10.33599
Epoch: 0 [1590/10000 (16%)] Unweighted L_s : L_Mnfld: 0.00321,  L_NonMnfld: 0.02404,  L_Nrml: 0.00000,  L_Eknl: 0.24626, L_Morse: 1.03360

Weights: [7000.0, 600.0, 0, 50.0, 0.0, 10.0], lr=5.000e-05
Epoch: 0 [1600/10000 (16%)] Loss: 53.17367 = L_Mnfld: 18.34245 + L_NonMnfld: 14.07746 + L_Nrml: 0.00000 + L_Eknl: 11.82625 + L_Div: 0.00000 + L_Morse: 8.92751
Epoch: 0 [1600/10000 (16%)] Unweighted L_s : L_Mnfld: 0.00262,  L_NonMnfld: 0.02346,  L_Nrml: 0.00000,  L_Eknl: 0.23653, L_Morse: 0.89275

Weights: [7000.0, 600.0, 0, 50.0, 0.0, 10.0], lr=5.000e-05
Epoch: 0 [1610/10000 (16%)] Loss: 50.11738 = L_Mnfld: 15.88593 + L_NonMnfld: 13.83350 + L_Nrml: 0.00000 + L_Eknl: 11.13535 + L_Div: 0.00000 + L_Morse: 9.26261
Epoch: 0 [1610/10000 (16%)] Unweighted L_s : L_Mnfld: 0.00227,  L_NonMnfld: 0.02306,  L_Nrml: 0.00000,  L_Eknl: 0.22271, L_Morse: 0.92626

Weights: [7000.0, 600.0, 0, 50.0, 0.0, 10.0], lr=5.000e-05
Epoch: 0 [1620/10000 (16%)] Loss: 46.42435 = L_Mnfld: 12.51473 + L_NonMnfld: 14.51459 + L_Nrml: 0.00000 + L_Eknl: 11.24118 + L_Div: 0.00000 + L_Morse: 8.15385
Epoch: 0 [1620/10000 (16%)] Unweighted L_s : L_Mnfld: 0.00179,  L_NonMnfld: 0.02419,  L_Nrml: 0.00000,  L_Eknl: 0.22482, L_Morse: 0.81539

Weights: [7000.0, 600.0, 0, 50.0, 0.0, 10.0], lr=5.000e-05
Epoch: 0 [1630/10000 (16%)] Loss: 44.37887 = L_Mnfld: 13.35721 + L_NonMnfld: 12.29085 + L_Nrml: 0.00000 + L_Eknl: 10.69015 + L_Div: 0.00000 + L_Morse: 8.04066
Epoch: 0 [1630/10000 (16%)] Unweighted L_s : L_Mnfld: 0.00191,  L_NonMnfld: 0.02048,  L_Nrml: 0.00000,  L_Eknl: 0.21380, L_Morse: 0.80407

Weights: [7000.0, 600.0, 0, 50.0, 0.0, 10.0], lr=5.000e-05
Epoch: 0 [1640/10000 (16%)] Loss: 42.47246 = L_Mnfld: 11.47253 + L_NonMnfld: 12.54790 + L_Nrml: 0.00000 + L_Eknl: 10.57027 + L_Div: 0.00000 + L_Morse: 7.88176
Epoch: 0 [1640/10000 (16%)] Unweighted L_s : L_Mnfld: 0.00164,  L_NonMnfld: 0.02091,  L_Nrml: 0.00000,  L_Eknl: 0.21141, L_Morse: 0.78818

Weights: [7000.0, 600.0, 0, 50.0, 0.0, 10.0], lr=5.000e-05
Epoch: 0 [1650/10000 (16%)] Loss: 43.51860 = L_Mnfld: 11.17926 + L_NonMnfld: 13.87349 + L_Nrml: 0.00000 + L_Eknl: 10.47231 + L_Div: 0.00000 + L_Morse: 7.99353
Epoch: 0 [1650/10000 (16%)] Unweighted L_s : L_Mnfld: 0.00160,  L_NonMnfld: 0.02312,  L_Nrml: 0.00000,  L_Eknl: 0.20945, L_Morse: 0.79935

Weights: [7000.0, 600.0, 0, 50.0, 0.0, 10.0], lr=5.000e-05
Epoch: 0 [1660/10000 (17%)] Loss: 43.55732 = L_Mnfld: 10.74423 + L_NonMnfld: 14.65491 + L_Nrml: 0.00000 + L_Eknl: 10.36934 + L_Div: 0.00000 + L_Morse: 7.78884
Epoch: 0 [1660/10000 (17%)] Unweighted L_s : L_Mnfld: 0.00153,  L_NonMnfld: 0.02442,  L_Nrml: 0.00000,  L_Eknl: 0.20739, L_Morse: 0.77888

Weights: [7000.0, 600.0, 0, 50.0, 0.0, 10.0], lr=5.000e-05
Epoch: 0 [1670/10000 (17%)] Loss: 42.38255 = L_Mnfld: 10.53182 + L_NonMnfld: 13.96085 + L_Nrml: 0.00000 + L_Eknl: 10.11048 + L_Div: 0.00000 + L_Morse: 7.77939
Epoch: 0 [1670/10000 (17%)] Unweighted L_s : L_Mnfld: 0.00150,  L_NonMnfld: 0.02327,  L_Nrml: 0.00000,  L_Eknl: 0.20221, L_Morse: 0.77794

Weights: [7000.0, 600.0, 0, 50.0, 0.0, 10.0], lr=5.000e-05
Epoch: 0 [1680/10000 (17%)] Loss: 41.67104 = L_Mnfld: 9.75048 + L_NonMnfld: 14.15449 + L_Nrml: 0.00000 + L_Eknl: 10.12376 + L_Div: 0.00000 + L_Morse: 7.64232
Epoch: 0 [1680/10000 (17%)] Unweighted L_s : L_Mnfld: 0.00139,  L_NonMnfld: 0.02359,  L_Nrml: 0.00000,  L_Eknl: 0.20248, L_Morse: 0.76423

Weights: [7000.0, 600.0, 0, 50.0, 0.0, 10.0], lr=5.000e-05
Epoch: 0 [1690/10000 (17%)] Loss: 40.47676 = L_Mnfld: 9.88980 + L_NonMnfld: 12.62680 + L_Nrml: 0.00000 + L_Eknl: 10.12504 + L_Div: 0.00000 + L_Morse: 7.83512
Epoch: 0 [1690/10000 (17%)] Unweighted L_s : L_Mnfld: 0.00141,  L_NonMnfld: 0.02104,  L_Nrml: 0.00000,  L_Eknl: 0.20250, L_Morse: 0.78351

Weights: [7000.0, 600.0, 0, 50.0, 0.0, 10.0], lr=5.000e-05
Epoch: 0 [1700/10000 (17%)] Loss: 40.87055 = L_Mnfld: 9.17413 + L_NonMnfld: 13.89025 + L_Nrml: 0.00000 + L_Eknl: 9.94237 + L_Div: 0.00000 + L_Morse: 7.86380
Epoch: 0 [1700/10000 (17%)] Unweighted L_s : L_Mnfld: 0.00131,  L_NonMnfld: 0.02315,  L_Nrml: 0.00000,  L_Eknl: 0.19885, L_Morse: 0.78638

Weights: [7000.0, 600.0, 0, 50.0, 0.0, 10.0], lr=5.000e-05
Epoch: 0 [1710/10000 (17%)] Loss: 41.36868 = L_Mnfld: 10.03423 + L_NonMnfld: 13.80351 + L_Nrml: 0.00000 + L_Eknl: 9.94015 + L_Div: 0.00000 + L_Morse: 7.59079
Epoch: 0 [1710/10000 (17%)] Unweighted L_s : L_Mnfld: 0.00143,  L_NonMnfld: 0.02301,  L_Nrml: 0.00000,  L_Eknl: 0.19880, L_Morse: 0.75908

Weights: [7000.0, 600.0, 0, 50.0, 0.0, 10.0], lr=5.000e-05
Epoch: 0 [1720/10000 (17%)] Loss: 40.74266 = L_Mnfld: 9.30643 + L_NonMnfld: 13.85611 + L_Nrml: 0.00000 + L_Eknl: 9.74070 + L_Div: 0.00000 + L_Morse: 7.83942
Epoch: 0 [1720/10000 (17%)] Unweighted L_s : L_Mnfld: 0.00133,  L_NonMnfld: 0.02309,  L_Nrml: 0.00000,  L_Eknl: 0.19481, L_Morse: 0.78394

Weights: [7000.0, 600.0, 0, 50.0, 0.0, 10.0], lr=5.000e-05
Epoch: 0 [1730/10000 (17%)] Loss: 41.14856 = L_Mnfld: 9.58002 + L_NonMnfld: 14.22562 + L_Nrml: 0.00000 + L_Eknl: 9.68670 + L_Div: 0.00000 + L_Morse: 7.65622
Epoch: 0 [1730/10000 (17%)] Unweighted L_s : L_Mnfld: 0.00137,  L_NonMnfld: 0.02371,  L_Nrml: 0.00000,  L_Eknl: 0.19373, L_Morse: 0.76562

Weights: [7000.0, 600.0, 0, 50.0, 0.0, 10.0], lr=5.000e-05
Epoch: 0 [1740/10000 (17%)] Loss: 40.55129 = L_Mnfld: 9.12346 + L_NonMnfld: 13.57746 + L_Nrml: 0.00000 + L_Eknl: 9.90248 + L_Div: 0.00000 + L_Morse: 7.94791
Epoch: 0 [1740/10000 (17%)] Unweighted L_s : L_Mnfld: 0.00130,  L_NonMnfld: 0.02263,  L_Nrml: 0.00000,  L_Eknl: 0.19805, L_Morse: 0.79479

Weights: [7000.0, 600.0, 0, 50.0, 0.0, 10.0], lr=5.000e-05
Epoch: 0 [1750/10000 (18%)] Loss: 41.23455 = L_Mnfld: 9.86115 + L_NonMnfld: 13.53337 + L_Nrml: 0.00000 + L_Eknl: 9.77856 + L_Div: 0.00000 + L_Morse: 8.06147
Epoch: 0 [1750/10000 (18%)] Unweighted L_s : L_Mnfld: 0.00141,  L_NonMnfld: 0.02256,  L_Nrml: 0.00000,  L_Eknl: 0.19557, L_Morse: 0.80615

Weights: [7000.0, 600.0, 0, 50.0, 0.0, 10.0], lr=5.000e-05
Epoch: 0 [1760/10000 (18%)] Loss: 40.71388 = L_Mnfld: 9.31861 + L_NonMnfld: 13.58488 + L_Nrml: 0.00000 + L_Eknl: 9.80791 + L_Div: 0.00000 + L_Morse: 8.00247
Epoch: 0 [1760/10000 (18%)] Unweighted L_s : L_Mnfld: 0.00133,  L_NonMnfld: 0.02264,  L_Nrml: 0.00000,  L_Eknl: 0.19616, L_Morse: 0.80025

Weights: [7000.0, 600.0, 0, 50.0, 0.0, 10.0], lr=5.000e-05
Epoch: 0 [1770/10000 (18%)] Loss: 42.73054 = L_Mnfld: 9.93822 + L_NonMnfld: 14.72618 + L_Nrml: 0.00000 + L_Eknl: 9.61303 + L_Div: 0.00000 + L_Morse: 8.45311
Epoch: 0 [1770/10000 (18%)] Unweighted L_s : L_Mnfld: 0.00142,  L_NonMnfld: 0.02454,  L_Nrml: 0.00000,  L_Eknl: 0.19226, L_Morse: 0.84531

Weights: [7000.0, 600.0, 0, 50.0, 0.0, 10.0], lr=5.000e-05
Epoch: 0 [1780/10000 (18%)] Loss: 44.25299 = L_Mnfld: 13.01929 + L_NonMnfld: 12.41845 + L_Nrml: 0.00000 + L_Eknl: 9.83709 + L_Div: 0.00000 + L_Morse: 8.97817
Epoch: 0 [1780/10000 (18%)] Unweighted L_s : L_Mnfld: 0.00186,  L_NonMnfld: 0.02070,  L_Nrml: 0.00000,  L_Eknl: 0.19674, L_Morse: 0.89782

Weights: [7000.0, 600.0, 0, 50.0, 0.0, 10.0], lr=5.000e-05
Epoch: 0 [1790/10000 (18%)] Loss: 45.65241 = L_Mnfld: 13.81695 + L_NonMnfld: 12.78213 + L_Nrml: 0.00000 + L_Eknl: 10.08276 + L_Div: 0.00000 + L_Morse: 8.97057
Epoch: 0 [1790/10000 (18%)] Unweighted L_s : L_Mnfld: 0.00197,  L_NonMnfld: 0.02130,  L_Nrml: 0.00000,  L_Eknl: 0.20166, L_Morse: 0.89706

Weights: [7000.0, 600.0, 0, 50.0, 0.0, 10.0], lr=5.000e-05
Epoch: 0 [1800/10000 (18%)] Loss: 45.99340 = L_Mnfld: 13.03054 + L_NonMnfld: 14.18623 + L_Nrml: 0.00000 + L_Eknl: 10.09537 + L_Div: 0.00000 + L_Morse: 8.68126
Epoch: 0 [1800/10000 (18%)] Unweighted L_s : L_Mnfld: 0.00186,  L_NonMnfld: 0.02364,  L_Nrml: 0.00000,  L_Eknl: 0.20191, L_Morse: 0.86813

Weights: [7000.0, 600.0, 0, 50.0, 0.0, 10.0], lr=5.000e-05
Epoch: 0 [1810/10000 (18%)] Loss: 46.91647 = L_Mnfld: 13.56078 + L_NonMnfld: 14.63933 + L_Nrml: 0.00000 + L_Eknl: 9.94699 + L_Div: 0.00000 + L_Morse: 8.76937
Epoch: 0 [1810/10000 (18%)] Unweighted L_s : L_Mnfld: 0.00194,  L_NonMnfld: 0.02440,  L_Nrml: 0.00000,  L_Eknl: 0.19894, L_Morse: 0.87694

Weights: [7000.0, 600.0, 0, 50.0, 0.0, 10.0], lr=5.000e-05
Epoch: 0 [1820/10000 (18%)] Loss: 46.24384 = L_Mnfld: 12.83667 + L_NonMnfld: 15.10217 + L_Nrml: 0.00000 + L_Eknl: 9.90528 + L_Div: 0.00000 + L_Morse: 8.39972
Epoch: 0 [1820/10000 (18%)] Unweighted L_s : L_Mnfld: 0.00183,  L_NonMnfld: 0.02517,  L_Nrml: 0.00000,  L_Eknl: 0.19811, L_Morse: 0.83997

Weights: [7000.0, 600.0, 0, 50.0, 0.0, 10.0], lr=5.000e-05
Epoch: 0 [1830/10000 (18%)] Loss: 46.15084 = L_Mnfld: 13.51550 + L_NonMnfld: 14.59594 + L_Nrml: 0.00000 + L_Eknl: 9.74064 + L_Div: 0.00000 + L_Morse: 8.29875
Epoch: 0 [1830/10000 (18%)] Unweighted L_s : L_Mnfld: 0.00193,  L_NonMnfld: 0.02433,  L_Nrml: 0.00000,  L_Eknl: 0.19481, L_Morse: 0.82987

Weights: [7000.0, 600.0, 0, 50.0, 0.0, 10.0], lr=5.000e-05
Epoch: 0 [1840/10000 (18%)] Loss: 44.11300 = L_Mnfld: 12.50052 + L_NonMnfld: 13.66620 + L_Nrml: 0.00000 + L_Eknl: 9.74522 + L_Div: 0.00000 + L_Morse: 8.20105
Epoch: 0 [1840/10000 (18%)] Unweighted L_s : L_Mnfld: 0.00179,  L_NonMnfld: 0.02278,  L_Nrml: 0.00000,  L_Eknl: 0.19490, L_Morse: 0.82011

Weights: [7000.0, 600.0, 0, 50.0, 0.0, 10.0], lr=5.000e-05
Epoch: 0 [1850/10000 (18%)] Loss: 42.62860 = L_Mnfld: 10.84189 + L_NonMnfld: 13.68215 + L_Nrml: 0.00000 + L_Eknl: 9.76471 + L_Div: 0.00000 + L_Morse: 8.33985
Epoch: 0 [1850/10000 (18%)] Unweighted L_s : L_Mnfld: 0.00155,  L_NonMnfld: 0.02280,  L_Nrml: 0.00000,  L_Eknl: 0.19529, L_Morse: 0.83399

Weights: [7000.0, 600.0, 0, 50.0, 0.0, 10.0], lr=5.000e-05
Epoch: 0 [1860/10000 (19%)] Loss: 41.44086 = L_Mnfld: 9.57909 + L_NonMnfld: 13.96036 + L_Nrml: 0.00000 + L_Eknl: 9.73672 + L_Div: 0.00000 + L_Morse: 8.16469
Epoch: 0 [1860/10000 (19%)] Unweighted L_s : L_Mnfld: 0.00137,  L_NonMnfld: 0.02327,  L_Nrml: 0.00000,  L_Eknl: 0.19473, L_Morse: 0.81647

Weights: [7000.0, 600.0, 0, 50.0, 0.0, 10.0], lr=5.000e-05
Epoch: 0 [1870/10000 (19%)] Loss: 40.93559 = L_Mnfld: 9.70645 + L_NonMnfld: 13.52529 + L_Nrml: 0.00000 + L_Eknl: 9.63855 + L_Div: 0.00000 + L_Morse: 8.06530
Epoch: 0 [1870/10000 (19%)] Unweighted L_s : L_Mnfld: 0.00139,  L_NonMnfld: 0.02254,  L_Nrml: 0.00000,  L_Eknl: 0.19277, L_Morse: 0.80653

Weights: [7000.0, 600.0, 0, 50.0, 0.0, 10.0], lr=5.000e-05
Epoch: 0 [1880/10000 (19%)] Loss: 40.34228 = L_Mnfld: 8.89068 + L_NonMnfld: 14.03714 + L_Nrml: 0.00000 + L_Eknl: 9.57053 + L_Div: 0.00000 + L_Morse: 7.84394
Epoch: 0 [1880/10000 (19%)] Unweighted L_s : L_Mnfld: 0.00127,  L_NonMnfld: 0.02340,  L_Nrml: 0.00000,  L_Eknl: 0.19141, L_Morse: 0.78439

Weights: [7000.0, 600.0, 0, 50.0, 0.0, 10.0], lr=5.000e-05
Epoch: 0 [1890/10000 (19%)] Loss: 41.39216 = L_Mnfld: 9.70111 + L_NonMnfld: 14.10598 + L_Nrml: 0.00000 + L_Eknl: 9.39672 + L_Div: 0.00000 + L_Morse: 8.18835
Epoch: 0 [1890/10000 (19%)] Unweighted L_s : L_Mnfld: 0.00139,  L_NonMnfld: 0.02351,  L_Nrml: 0.00000,  L_Eknl: 0.18793, L_Morse: 0.81884

Weights: [7000.0, 600.0, 0, 50.0, 0.0, 10.0], lr=5.000e-05
Epoch: 0 [1900/10000 (19%)] Loss: 40.87574 = L_Mnfld: 8.99213 + L_NonMnfld: 14.22882 + L_Nrml: 0.00000 + L_Eknl: 9.68762 + L_Div: 0.00000 + L_Morse: 7.96718
Epoch: 0 [1900/10000 (19%)] Unweighted L_s : L_Mnfld: 0.00128,  L_NonMnfld: 0.02371,  L_Nrml: 0.00000,  L_Eknl: 0.19375, L_Morse: 0.79672

Weights: [7000.0, 600.0, 0, 50.0, 0.0, 10.0], lr=5.000e-05
Epoch: 0 [1910/10000 (19%)] Loss: 40.81183 = L_Mnfld: 10.16160 + L_NonMnfld: 12.89601 + L_Nrml: 0.00000 + L_Eknl: 9.75608 + L_Div: 0.00000 + L_Morse: 7.99814
Epoch: 0 [1910/10000 (19%)] Unweighted L_s : L_Mnfld: 0.00145,  L_NonMnfld: 0.02149,  L_Nrml: 0.00000,  L_Eknl: 0.19512, L_Morse: 0.79981

Weights: [7000.0, 600.0, 0, 50.0, 0.0, 10.0], lr=5.000e-05
Epoch: 0 [1920/10000 (19%)] Loss: 39.17960 = L_Mnfld: 9.03809 + L_NonMnfld: 12.38786 + L_Nrml: 0.00000 + L_Eknl: 9.40616 + L_Div: 0.00000 + L_Morse: 8.34749
Epoch: 0 [1920/10000 (19%)] Unweighted L_s : L_Mnfld: 0.00129,  L_NonMnfld: 0.02065,  L_Nrml: 0.00000,  L_Eknl: 0.18812, L_Morse: 0.83475

Weights: [7000.0, 600.0, 0, 50.0, 0.0, 10.0], lr=5.000e-05
Epoch: 0 [1930/10000 (19%)] Loss: 41.82011 = L_Mnfld: 10.50670 + L_NonMnfld: 13.75973 + L_Nrml: 0.00000 + L_Eknl: 9.25314 + L_Div: 0.00000 + L_Morse: 8.30054
Epoch: 0 [1930/10000 (19%)] Unweighted L_s : L_Mnfld: 0.00150,  L_NonMnfld: 0.02293,  L_Nrml: 0.00000,  L_Eknl: 0.18506, L_Morse: 0.83005

Weights: [7000.0, 600.0, 0, 50.0, 0.0, 10.0], lr=5.000e-05
Epoch: 0 [1940/10000 (19%)] Loss: 40.69906 = L_Mnfld: 9.31232 + L_NonMnfld: 13.89482 + L_Nrml: 0.00000 + L_Eknl: 9.16589 + L_Div: 0.00000 + L_Morse: 8.32604
Epoch: 0 [1940/10000 (19%)] Unweighted L_s : L_Mnfld: 0.00133,  L_NonMnfld: 0.02316,  L_Nrml: 0.00000,  L_Eknl: 0.18332, L_Morse: 0.83260

Weights: [7000.0, 600.0, 0, 50.0, 0.0, 10.0], lr=5.000e-05
Epoch: 0 [1950/10000 (20%)] Loss: 40.60299 = L_Mnfld: 9.07986 + L_NonMnfld: 14.26957 + L_Nrml: 0.00000 + L_Eknl: 9.08460 + L_Div: 0.00000 + L_Morse: 8.16896
Epoch: 0 [1950/10000 (20%)] Unweighted L_s : L_Mnfld: 0.00130,  L_NonMnfld: 0.02378,  L_Nrml: 0.00000,  L_Eknl: 0.18169, L_Morse: 0.81690

Weights: [7000.0, 600.0, 0, 50.0, 0.0, 10.0], lr=5.000e-05
Epoch: 0 [1960/10000 (20%)] Loss: 40.13140 = L_Mnfld: 8.86373 + L_NonMnfld: 13.71552 + L_Nrml: 0.00000 + L_Eknl: 9.00013 + L_Div: 0.00000 + L_Morse: 8.55202
Epoch: 0 [1960/10000 (20%)] Unweighted L_s : L_Mnfld: 0.00127,  L_NonMnfld: 0.02286,  L_Nrml: 0.00000,  L_Eknl: 0.18000, L_Morse: 0.85520

Weights: [7000.0, 600.0, 0, 50.0, 0.0, 10.0], lr=5.000e-05
Epoch: 0 [1970/10000 (20%)] Loss: 39.77327 = L_Mnfld: 9.33300 + L_NonMnfld: 13.10766 + L_Nrml: 0.00000 + L_Eknl: 9.20650 + L_Div: 0.00000 + L_Morse: 8.12612
Epoch: 0 [1970/10000 (20%)] Unweighted L_s : L_Mnfld: 0.00133,  L_NonMnfld: 0.02185,  L_Nrml: 0.00000,  L_Eknl: 0.18413, L_Morse: 0.81261

Weights: [7000.0, 600.0, 0, 50.0, 0.0, 10.0], lr=5.000e-05
Epoch: 0 [1980/10000 (20%)] Loss: 40.65300 = L_Mnfld: 9.29793 + L_NonMnfld: 13.98609 + L_Nrml: 0.00000 + L_Eknl: 9.38000 + L_Div: 0.00000 + L_Morse: 7.98899
Epoch: 0 [1980/10000 (20%)] Unweighted L_s : L_Mnfld: 0.00133,  L_NonMnfld: 0.02331,  L_Nrml: 0.00000,  L_Eknl: 0.18760, L_Morse: 0.79890

Weights: [7000.0, 600.0, 0, 50.0, 0.0, 10.0], lr=5.000e-05
Epoch: 0 [1990/10000 (20%)] Loss: 41.15026 = L_Mnfld: 9.46783 + L_NonMnfld: 14.23748 + L_Nrml: 0.00000 + L_Eknl: 9.06079 + L_Div: 0.00000 + L_Morse: 8.38416
Epoch: 0 [1990/10000 (20%)] Unweighted L_s : L_Mnfld: 0.00135,  L_NonMnfld: 0.02373,  L_Nrml: 0.00000,  L_Eknl: 0.18122, L_Morse: 0.83842

Weights: [7000.0, 600.0, 0, 50.0, 0.0, 10.0], lr=5.000e-05
Epoch: 0 [2000/10000 (20%)] Loss: 39.52372 = L_Mnfld: 8.58437 + L_NonMnfld: 13.92150 + L_Nrml: 0.00000 + L_Eknl: 9.07794 + L_Div: 0.00000 + L_Morse: 7.93991
Epoch: 0 [2000/10000 (20%)] Unweighted L_s : L_Mnfld: 0.00123,  L_NonMnfld: 0.02320,  L_Nrml: 0.00000,  L_Eknl: 0.18156, L_Morse: 0.79399

Weights: [7000.0, 600.0, 0, 50.0, 0.0, 9.9703], lr=5.000e-05
Epoch: 0 [2010/10000 (20%)] Loss: 39.47705 = L_Mnfld: 9.21127 + L_NonMnfld: 13.12388 + L_Nrml: 0.00000 + L_Eknl: 8.95458 + L_Div: 0.00000 + L_Morse: 8.18732
Epoch: 0 [2010/10000 (20%)] Unweighted L_s : L_Mnfld: 0.00132,  L_NonMnfld: 0.02187,  L_Nrml: 0.00000,  L_Eknl: 0.17909, L_Morse: 0.82117

Weights: [7000.0, 600.0, 0, 50.0, 0.0, 9.9373], lr=5.000e-05
Epoch: 0 [2020/10000 (20%)] Loss: 40.44702 = L_Mnfld: 8.74507 + L_NonMnfld: 14.66272 + L_Nrml: 0.00000 + L_Eknl: 9.00124 + L_Div: 0.00000 + L_Morse: 8.03799
Epoch: 0 [2020/10000 (20%)] Unweighted L_s : L_Mnfld: 0.00125,  L_NonMnfld: 0.02444,  L_Nrml: 0.00000,  L_Eknl: 0.18002, L_Morse: 0.80887

Weights: [7000.0, 600.0, 0, 50.0, 0.0, 9.904300000000001], lr=5.000e-05
Epoch: 0 [2030/10000 (20%)] Loss: 41.21254 = L_Mnfld: 10.79922 + L_NonMnfld: 13.26114 + L_Nrml: 0.00000 + L_Eknl: 8.81045 + L_Div: 0.00000 + L_Morse: 8.34173
Epoch: 0 [2030/10000 (20%)] Unweighted L_s : L_Mnfld: 0.00154,  L_NonMnfld: 0.02210,  L_Nrml: 0.00000,  L_Eknl: 0.17621, L_Morse: 0.84223

Weights: [7000.0, 600.0, 0, 50.0, 0.0, 9.8713], lr=5.000e-05
Epoch: 0 [2040/10000 (20%)] Loss: 40.22183 = L_Mnfld: 9.66259 + L_NonMnfld: 13.22202 + L_Nrml: 0.00000 + L_Eknl: 8.97408 + L_Div: 0.00000 + L_Morse: 8.36314
Epoch: 0 [2040/10000 (20%)] Unweighted L_s : L_Mnfld: 0.00138,  L_NonMnfld: 0.02204,  L_Nrml: 0.00000,  L_Eknl: 0.17948, L_Morse: 0.84722

Weights: [7000.0, 600.0, 0, 50.0, 0.0, 9.8383], lr=5.000e-05
Epoch: 0 [2050/10000 (20%)] Loss: 39.51672 = L_Mnfld: 9.52372 + L_NonMnfld: 12.60527 + L_Nrml: 0.00000 + L_Eknl: 8.96288 + L_Div: 0.00000 + L_Morse: 8.42486
Epoch: 0 [2050/10000 (20%)] Unweighted L_s : L_Mnfld: 0.00136,  L_NonMnfld: 0.02101,  L_Nrml: 0.00000,  L_Eknl: 0.17926, L_Morse: 0.85633

Weights: [7000.0, 600.0, 0, 50.0, 0.0, 9.8053], lr=5.000e-05
Epoch: 0 [2060/10000 (21%)] Loss: 42.00806 = L_Mnfld: 9.97785 + L_NonMnfld: 14.86576 + L_Nrml: 0.00000 + L_Eknl: 8.90319 + L_Div: 0.00000 + L_Morse: 8.26127
Epoch: 0 [2060/10000 (21%)] Unweighted L_s : L_Mnfld: 0.00143,  L_NonMnfld: 0.02478,  L_Nrml: 0.00000,  L_Eknl: 0.17806, L_Morse: 0.84253

Weights: [7000.0, 600.0, 0, 50.0, 0.0, 9.7723], lr=5.000e-05
Epoch: 0 [2070/10000 (21%)] Loss: 41.46894 = L_Mnfld: 10.70865 + L_NonMnfld: 13.45378 + L_Nrml: 0.00000 + L_Eknl: 9.07687 + L_Div: 0.00000 + L_Morse: 8.22964
Epoch: 0 [2070/10000 (21%)] Unweighted L_s : L_Mnfld: 0.00153,  L_NonMnfld: 0.02242,  L_Nrml: 0.00000,  L_Eknl: 0.18154, L_Morse: 0.84214

Weights: [7000.0, 600.0, 0, 50.0, 0.0, 9.7393], lr=5.000e-05
Epoch: 0 [2080/10000 (21%)] Loss: 39.91328 = L_Mnfld: 10.18521 + L_NonMnfld: 12.30390 + L_Nrml: 0.00000 + L_Eknl: 8.97415 + L_Div: 0.00000 + L_Morse: 8.45002
Epoch: 0 [2080/10000 (21%)] Unweighted L_s : L_Mnfld: 0.00146,  L_NonMnfld: 0.02051,  L_Nrml: 0.00000,  L_Eknl: 0.17948, L_Morse: 0.86762

Weights: [7000.0, 600.0, 0, 50.0, 0.0, 9.7063], lr=5.000e-05
Epoch: 0 [2090/10000 (21%)] Loss: 39.83287 = L_Mnfld: 10.02268 + L_NonMnfld: 13.04586 + L_Nrml: 0.00000 + L_Eknl: 8.80641 + L_Div: 0.00000 + L_Morse: 7.95792
Epoch: 0 [2090/10000 (21%)] Unweighted L_s : L_Mnfld: 0.00143,  L_NonMnfld: 0.02174,  L_Nrml: 0.00000,  L_Eknl: 0.17613, L_Morse: 0.81987

Weights: [7000.0, 600.0, 0, 50.0, 0.0, 9.673300000000001], lr=5.000e-05
Epoch: 0 [2100/10000 (21%)] Loss: 41.76550 = L_Mnfld: 10.85677 + L_NonMnfld: 12.88397 + L_Nrml: 0.00000 + L_Eknl: 8.89945 + L_Div: 0.00000 + L_Morse: 9.12532
Epoch: 0 [2100/10000 (21%)] Unweighted L_s : L_Mnfld: 0.00155,  L_NonMnfld: 0.02147,  L_Nrml: 0.00000,  L_Eknl: 0.17799, L_Morse: 0.94335

Weights: [7000.0, 600.0, 0, 50.0, 0.0, 9.6403], lr=5.000e-05
Epoch: 0 [2110/10000 (21%)] Loss: 66.93292 = L_Mnfld: 30.81554 + L_NonMnfld: 13.80646 + L_Nrml: 0.00000 + L_Eknl: 11.37707 + L_Div: 0.00000 + L_Morse: 10.93385
Epoch: 0 [2110/10000 (21%)] Unweighted L_s : L_Mnfld: 0.00440,  L_NonMnfld: 0.02301,  L_Nrml: 0.00000,  L_Eknl: 0.22754, L_Morse: 1.13418

Weights: [7000.0, 600.0, 0, 50.0, 0.0, 9.6073], lr=5.000e-05
Epoch: 0 [2120/10000 (21%)] Loss: 65.66532 = L_Mnfld: 26.31119 + L_NonMnfld: 15.25091 + L_Nrml: 0.00000 + L_Eknl: 12.48053 + L_Div: 0.00000 + L_Morse: 11.62269
Epoch: 0 [2120/10000 (21%)] Unweighted L_s : L_Mnfld: 0.00376,  L_NonMnfld: 0.02542,  L_Nrml: 0.00000,  L_Eknl: 0.24961, L_Morse: 1.20978

Weights: [7000.0, 600.0, 0, 50.0, 0.0, 9.574300000000001], lr=5.000e-05
Epoch: 0 [2130/10000 (21%)] Loss: 76.80042 = L_Mnfld: 33.59248 + L_NonMnfld: 16.75066 + L_Nrml: 0.00000 + L_Eknl: 14.07614 + L_Div: 0.00000 + L_Morse: 12.38113
Epoch: 0 [2130/10000 (21%)] Unweighted L_s : L_Mnfld: 0.00480,  L_NonMnfld: 0.02792,  L_Nrml: 0.00000,  L_Eknl: 0.28152, L_Morse: 1.29316

Weights: [7000.0, 600.0, 0, 50.0, 0.0, 9.5413], lr=5.000e-05
Epoch: 0 [2140/10000 (21%)] Loss: 68.62855 = L_Mnfld: 26.19103 + L_NonMnfld: 16.55433 + L_Nrml: 0.00000 + L_Eknl: 14.97410 + L_Div: 0.00000 + L_Morse: 10.90909
Epoch: 0 [2140/10000 (21%)] Unweighted L_s : L_Mnfld: 0.00374,  L_NonMnfld: 0.02759,  L_Nrml: 0.00000,  L_Eknl: 0.29948, L_Morse: 1.14335

Weights: [7000.0, 600.0, 0, 50.0, 0.0, 9.5083], lr=5.000e-05
Epoch: 0 [2150/10000 (22%)] Loss: 80.55201 = L_Mnfld: 42.04765 + L_NonMnfld: 14.07970 + L_Nrml: 0.00000 + L_Eknl: 13.92872 + L_Div: 0.00000 + L_Morse: 10.49594
Epoch: 0 [2150/10000 (22%)] Unweighted L_s : L_Mnfld: 0.00601,  L_NonMnfld: 0.02347,  L_Nrml: 0.00000,  L_Eknl: 0.27857, L_Morse: 1.10387

Weights: [7000.0, 600.0, 0, 50.0, 0.0, 9.4753], lr=5.000e-05
Epoch: 0 [2160/10000 (22%)] Loss: 64.24373 = L_Mnfld: 27.50325 + L_NonMnfld: 14.09150 + L_Nrml: 0.00000 + L_Eknl: 13.13575 + L_Div: 0.00000 + L_Morse: 9.51323
Epoch: 0 [2160/10000 (22%)] Unweighted L_s : L_Mnfld: 0.00393,  L_NonMnfld: 0.02349,  L_Nrml: 0.00000,  L_Eknl: 0.26272, L_Morse: 1.00400

Weights: [7000.0, 600.0, 0, 50.0, 0.0, 9.4423], lr=5.000e-05
Epoch: 0 [2170/10000 (22%)] Loss: 72.19624 = L_Mnfld: 33.59131 + L_NonMnfld: 15.06592 + L_Nrml: 0.00000 + L_Eknl: 13.66247 + L_Div: 0.00000 + L_Morse: 9.87653
Epoch: 0 [2170/10000 (22%)] Unweighted L_s : L_Mnfld: 0.00480,  L_NonMnfld: 0.02511,  L_Nrml: 0.00000,  L_Eknl: 0.27325, L_Morse: 1.04599

Weights: [7000.0, 600.0, 0, 50.0, 0.0, 9.4093], lr=5.000e-05
Epoch: 0 [2180/10000 (22%)] Loss: 60.49981 = L_Mnfld: 25.53707 + L_NonMnfld: 13.76353 + L_Nrml: 0.00000 + L_Eknl: 12.13798 + L_Div: 0.00000 + L_Morse: 9.06124
Epoch: 0 [2180/10000 (22%)] Unweighted L_s : L_Mnfld: 0.00365,  L_NonMnfld: 0.02294,  L_Nrml: 0.00000,  L_Eknl: 0.24276, L_Morse: 0.96301

Weights: [7000.0, 600.0, 0, 50.0, 0.0, 9.3763], lr=5.000e-05
Epoch: 0 [2190/10000 (22%)] Loss: 54.39852 = L_Mnfld: 19.46504 + L_NonMnfld: 14.59064 + L_Nrml: 0.00000 + L_Eknl: 11.61081 + L_Div: 0.00000 + L_Morse: 8.73203
Epoch: 0 [2190/10000 (22%)] Unweighted L_s : L_Mnfld: 0.00278,  L_NonMnfld: 0.02432,  L_Nrml: 0.00000,  L_Eknl: 0.23222, L_Morse: 0.93129

Weights: [7000.0, 600.0, 0, 50.0, 0.0, 9.3433], lr=5.000e-05
Epoch: 0 [2200/10000 (22%)] Loss: 58.86584 = L_Mnfld: 22.00208 + L_NonMnfld: 15.71269 + L_Nrml: 0.00000 + L_Eknl: 13.26142 + L_Div: 0.00000 + L_Morse: 7.88965
Epoch: 0 [2200/10000 (22%)] Unweighted L_s : L_Mnfld: 0.00314,  L_NonMnfld: 0.02619,  L_Nrml: 0.00000,  L_Eknl: 0.26523, L_Morse: 0.84442

Weights: [7000.0, 600.0, 0, 50.0, 0.0, 9.3103], lr=5.000e-05
Epoch: 0 [2210/10000 (22%)] Loss: 54.21090 = L_Mnfld: 22.17070 + L_NonMnfld: 11.71730 + L_Nrml: 0.00000 + L_Eknl: 11.39020 + L_Div: 0.00000 + L_Morse: 8.93271
Epoch: 0 [2210/10000 (22%)] Unweighted L_s : L_Mnfld: 0.00317,  L_NonMnfld: 0.01953,  L_Nrml: 0.00000,  L_Eknl: 0.22780, L_Morse: 0.95944

Weights: [7000.0, 600.0, 0, 50.0, 0.0, 9.2773], lr=5.000e-05
Epoch: 0 [2220/10000 (22%)] Loss: 54.69519 = L_Mnfld: 20.44121 + L_NonMnfld: 13.64575 + L_Nrml: 0.00000 + L_Eknl: 11.99752 + L_Div: 0.00000 + L_Morse: 8.61072
Epoch: 0 [2220/10000 (22%)] Unweighted L_s : L_Mnfld: 0.00292,  L_NonMnfld: 0.02274,  L_Nrml: 0.00000,  L_Eknl: 0.23995, L_Morse: 0.92815

Weights: [7000.0, 600.0, 0, 50.0, 0.0, 9.2443], lr=5.000e-05
Epoch: 0 [2230/10000 (22%)] Loss: 59.14489 = L_Mnfld: 24.16191 + L_NonMnfld: 14.90231 + L_Nrml: 0.00000 + L_Eknl: 12.67762 + L_Div: 0.00000 + L_Morse: 7.40305
Epoch: 0 [2230/10000 (22%)] Unweighted L_s : L_Mnfld: 0.00345,  L_NonMnfld: 0.02484,  L_Nrml: 0.00000,  L_Eknl: 0.25355, L_Morse: 0.80082

Weights: [7000.0, 600.0, 0, 50.0, 0.0, 9.211300000000001], lr=5.000e-05
Epoch: 0 [2240/10000 (22%)] Loss: 58.48869 = L_Mnfld: 24.66277 + L_NonMnfld: 14.19949 + L_Nrml: 0.00000 + L_Eknl: 11.30022 + L_Div: 0.00000 + L_Morse: 8.32621
Epoch: 0 [2240/10000 (22%)] Unweighted L_s : L_Mnfld: 0.00352,  L_NonMnfld: 0.02367,  L_Nrml: 0.00000,  L_Eknl: 0.22600, L_Morse: 0.90391

Weights: [7000.0, 600.0, 0, 50.0, 0.0, 9.1783], lr=5.000e-05
Epoch: 0 [2250/10000 (22%)] Loss: 66.65062 = L_Mnfld: 30.10794 + L_NonMnfld: 15.53286 + L_Nrml: 0.00000 + L_Eknl: 12.03593 + L_Div: 0.00000 + L_Morse: 8.97388
Epoch: 0 [2250/10000 (22%)] Unweighted L_s : L_Mnfld: 0.00430,  L_NonMnfld: 0.02589,  L_Nrml: 0.00000,  L_Eknl: 0.24072, L_Morse: 0.97773

Weights: [7000.0, 600.0, 0, 50.0, 0.0, 9.1453], lr=5.000e-05
Epoch: 0 [2260/10000 (23%)] Loss: 70.56625 = L_Mnfld: 34.33903 + L_NonMnfld: 15.12107 + L_Nrml: 0.00000 + L_Eknl: 12.81803 + L_Div: 0.00000 + L_Morse: 8.28813
Epoch: 0 [2260/10000 (23%)] Unweighted L_s : L_Mnfld: 0.00491,  L_NonMnfld: 0.02520,  L_Nrml: 0.00000,  L_Eknl: 0.25636, L_Morse: 0.90627

Weights: [7000.0, 600.0, 0, 50.0, 0.0, 9.112300000000001], lr=5.000e-05
Epoch: 0 [2270/10000 (23%)] Loss: 54.69209 = L_Mnfld: 18.04508 + L_NonMnfld: 16.03809 + L_Nrml: 0.00000 + L_Eknl: 12.65258 + L_Div: 0.00000 + L_Morse: 7.95633
Epoch: 0 [2270/10000 (23%)] Unweighted L_s : L_Mnfld: 0.00258,  L_NonMnfld: 0.02673,  L_Nrml: 0.00000,  L_Eknl: 0.25305, L_Morse: 0.87314

Weights: [7000.0, 600.0, 0, 50.0, 0.0, 9.0793], lr=5.000e-05
Epoch: 0 [2280/10000 (23%)] Loss: 54.05875 = L_Mnfld: 21.47972 + L_NonMnfld: 13.88068 + L_Nrml: 0.00000 + L_Eknl: 11.33845 + L_Div: 0.00000 + L_Morse: 7.35991
Epoch: 0 [2280/10000 (23%)] Unweighted L_s : L_Mnfld: 0.00307,  L_NonMnfld: 0.02313,  L_Nrml: 0.00000,  L_Eknl: 0.22677, L_Morse: 0.81063

Weights: [7000.0, 600.0, 0, 50.0, 0.0, 9.0463], lr=5.000e-05
Epoch: 0 [2290/10000 (23%)] Loss: 56.49902 = L_Mnfld: 21.87289 + L_NonMnfld: 14.84417 + L_Nrml: 0.00000 + L_Eknl: 12.49294 + L_Div: 0.00000 + L_Morse: 7.28902
Epoch: 0 [2290/10000 (23%)] Unweighted L_s : L_Mnfld: 0.00312,  L_NonMnfld: 0.02474,  L_Nrml: 0.00000,  L_Eknl: 0.24986, L_Morse: 0.80575

Weights: [7000.0, 600.0, 0, 50.0, 0.0, 9.013300000000001], lr=5.000e-05
Epoch: 0 [2300/10000 (23%)] Loss: 59.89622 = L_Mnfld: 27.45788 + L_NonMnfld: 13.09450 + L_Nrml: 0.00000 + L_Eknl: 11.33652 + L_Div: 0.00000 + L_Morse: 8.00732
Epoch: 0 [2300/10000 (23%)] Unweighted L_s : L_Mnfld: 0.00392,  L_NonMnfld: 0.02182,  L_Nrml: 0.00000,  L_Eknl: 0.22673, L_Morse: 0.88839

Weights: [7000.0, 600.0, 0, 50.0, 0.0, 8.9803], lr=5.000e-05
Epoch: 0 [2310/10000 (23%)] Loss: 55.61434 = L_Mnfld: 19.90103 + L_NonMnfld: 15.02721 + L_Nrml: 0.00000 + L_Eknl: 13.39794 + L_Div: 0.00000 + L_Morse: 7.28815
Epoch: 0 [2310/10000 (23%)] Unweighted L_s : L_Mnfld: 0.00284,  L_NonMnfld: 0.02505,  L_Nrml: 0.00000,  L_Eknl: 0.26796, L_Morse: 0.81157

Weights: [7000.0, 600.0, 0, 50.0, 0.0, 8.9473], lr=5.000e-05
Epoch: 0 [2320/10000 (23%)] Loss: 51.88091 = L_Mnfld: 18.38748 + L_NonMnfld: 14.01099 + L_Nrml: 0.00000 + L_Eknl: 12.21981 + L_Div: 0.00000 + L_Morse: 7.26262
Epoch: 0 [2320/10000 (23%)] Unweighted L_s : L_Mnfld: 0.00263,  L_NonMnfld: 0.02335,  L_Nrml: 0.00000,  L_Eknl: 0.24440, L_Morse: 0.81171

Weights: [7000.0, 600.0, 0, 50.0, 0.0, 8.9143], lr=5.000e-05
Epoch: 0 [2330/10000 (23%)] Loss: 62.83759 = L_Mnfld: 24.08677 + L_NonMnfld: 16.41562 + L_Nrml: 0.00000 + L_Eknl: 14.92061 + L_Div: 0.00000 + L_Morse: 7.41458
Epoch: 0 [2330/10000 (23%)] Unweighted L_s : L_Mnfld: 0.00344,  L_NonMnfld: 0.02736,  L_Nrml: 0.00000,  L_Eknl: 0.29841, L_Morse: 0.83176

Weights: [7000.0, 600.0, 0, 50.0, 0.0, 8.8813], lr=5.000e-05
Epoch: 0 [2340/10000 (23%)] Loss: 51.10702 = L_Mnfld: 18.72150 + L_NonMnfld: 12.40447 + L_Nrml: 0.00000 + L_Eknl: 11.78028 + L_Div: 0.00000 + L_Morse: 8.20077
Epoch: 0 [2340/10000 (23%)] Unweighted L_s : L_Mnfld: 0.00267,  L_NonMnfld: 0.02067,  L_Nrml: 0.00000,  L_Eknl: 0.23561, L_Morse: 0.92337

Weights: [7000.0, 600.0, 0, 50.0, 0.0, 8.8483], lr=5.000e-05
Epoch: 0 [2350/10000 (24%)] Loss: 44.65665 = L_Mnfld: 12.28519 + L_NonMnfld: 14.00075 + L_Nrml: 0.00000 + L_Eknl: 11.39520 + L_Div: 0.00000 + L_Morse: 6.97551
Epoch: 0 [2350/10000 (24%)] Unweighted L_s : L_Mnfld: 0.00176,  L_NonMnfld: 0.02333,  L_Nrml: 0.00000,  L_Eknl: 0.22790, L_Morse: 0.78835

Weights: [7000.0, 600.0, 0, 50.0, 0.0, 8.8153], lr=5.000e-05
Epoch: 0 [2360/10000 (24%)] Loss: 43.52434 = L_Mnfld: 13.48742 + L_NonMnfld: 12.66720 + L_Nrml: 0.00000 + L_Eknl: 10.29932 + L_Div: 0.00000 + L_Morse: 7.07040
Epoch: 0 [2360/10000 (24%)] Unweighted L_s : L_Mnfld: 0.00193,  L_NonMnfld: 0.02111,  L_Nrml: 0.00000,  L_Eknl: 0.20599, L_Morse: 0.80206

Weights: [7000.0, 600.0, 0, 50.0, 0.0, 8.7823], lr=5.000e-05
Epoch: 0 [2370/10000 (24%)] Loss: 56.47546 = L_Mnfld: 24.69580 + L_NonMnfld: 13.34426 + L_Nrml: 0.00000 + L_Eknl: 11.01959 + L_Div: 0.00000 + L_Morse: 7.41581
Epoch: 0 [2370/10000 (24%)] Unweighted L_s : L_Mnfld: 0.00353,  L_NonMnfld: 0.02224,  L_Nrml: 0.00000,  L_Eknl: 0.22039, L_Morse: 0.84440

Weights: [7000.0, 600.0, 0, 50.0, 0.0, 8.7493], lr=5.000e-05
Epoch: 0 [2380/10000 (24%)] Loss: 55.33700 = L_Mnfld: 23.39958 + L_NonMnfld: 13.87821 + L_Nrml: 0.00000 + L_Eknl: 10.58406 + L_Div: 0.00000 + L_Morse: 7.47515
Epoch: 0 [2380/10000 (24%)] Unweighted L_s : L_Mnfld: 0.00334,  L_NonMnfld: 0.02313,  L_Nrml: 0.00000,  L_Eknl: 0.21168, L_Morse: 0.85437

Weights: [7000.0, 600.0, 0, 50.0, 0.0, 8.7163], lr=5.000e-05
Epoch: 0 [2390/10000 (24%)] Loss: 49.41269 = L_Mnfld: 19.51001 + L_NonMnfld: 12.09479 + L_Nrml: 0.00000 + L_Eknl: 10.52017 + L_Div: 0.00000 + L_Morse: 7.28772
Epoch: 0 [2390/10000 (24%)] Unweighted L_s : L_Mnfld: 0.00279,  L_NonMnfld: 0.02016,  L_Nrml: 0.00000,  L_Eknl: 0.21040, L_Morse: 0.83610

Weights: [7000.0, 600.0, 0, 50.0, 0.0, 8.683300000000001], lr=5.000e-05
Epoch: 0 [2400/10000 (24%)] Loss: 46.53008 = L_Mnfld: 15.74347 + L_NonMnfld: 13.40128 + L_Nrml: 0.00000 + L_Eknl: 10.18161 + L_Div: 0.00000 + L_Morse: 7.20373
Epoch: 0 [2400/10000 (24%)] Unweighted L_s : L_Mnfld: 0.00225,  L_NonMnfld: 0.02234,  L_Nrml: 0.00000,  L_Eknl: 0.20363, L_Morse: 0.82961

Weights: [7000.0, 600.0, 0, 50.0, 0.0, 8.6503], lr=5.000e-05
Epoch: 0 [2410/10000 (24%)] Loss: 43.51173 = L_Mnfld: 13.47038 + L_NonMnfld: 13.26033 + L_Nrml: 0.00000 + L_Eknl: 10.35833 + L_Div: 0.00000 + L_Morse: 6.42268
Epoch: 0 [2410/10000 (24%)] Unweighted L_s : L_Mnfld: 0.00192,  L_NonMnfld: 0.02210,  L_Nrml: 0.00000,  L_Eknl: 0.20717, L_Morse: 0.74248

Weights: [7000.0, 600.0, 0, 50.0, 0.0, 8.6173], lr=5.000e-05
Epoch: 0 [2420/10000 (24%)] Loss: 46.66945 = L_Mnfld: 16.05760 + L_NonMnfld: 14.01933 + L_Nrml: 0.00000 + L_Eknl: 9.86675 + L_Div: 0.00000 + L_Morse: 6.72577
Epoch: 0 [2420/10000 (24%)] Unweighted L_s : L_Mnfld: 0.00229,  L_NonMnfld: 0.02337,  L_Nrml: 0.00000,  L_Eknl: 0.19733, L_Morse: 0.78050

Weights: [7000.0, 600.0, 0, 50.0, 0.0, 8.5843], lr=5.000e-05
Epoch: 0 [2430/10000 (24%)] Loss: 39.28201 = L_Mnfld: 8.82430 + L_NonMnfld: 14.03045 + L_Nrml: 0.00000 + L_Eknl: 9.50422 + L_Div: 0.00000 + L_Morse: 6.92304
Epoch: 0 [2430/10000 (24%)] Unweighted L_s : L_Mnfld: 0.00126,  L_NonMnfld: 0.02338,  L_Nrml: 0.00000,  L_Eknl: 0.19008, L_Morse: 0.80648

Weights: [7000.0, 600.0, 0, 50.0, 0.0, 8.5513], lr=5.000e-05
Epoch: 0 [2440/10000 (24%)] Loss: 42.77507 = L_Mnfld: 12.31712 + L_NonMnfld: 14.03542 + L_Nrml: 0.00000 + L_Eknl: 9.48271 + L_Div: 0.00000 + L_Morse: 6.93982
Epoch: 0 [2440/10000 (24%)] Unweighted L_s : L_Mnfld: 0.00176,  L_NonMnfld: 0.02339,  L_Nrml: 0.00000,  L_Eknl: 0.18965, L_Morse: 0.81155

Weights: [7000.0, 600.0, 0, 50.0, 0.0, 8.5183], lr=5.000e-05
Epoch: 0 [2450/10000 (24%)] Loss: 44.88778 = L_Mnfld: 15.33259 + L_NonMnfld: 12.75555 + L_Nrml: 0.00000 + L_Eknl: 9.59237 + L_Div: 0.00000 + L_Morse: 7.20726
Epoch: 0 [2450/10000 (24%)] Unweighted L_s : L_Mnfld: 0.00219,  L_NonMnfld: 0.02126,  L_Nrml: 0.00000,  L_Eknl: 0.19185, L_Morse: 0.84609

Weights: [7000.0, 600.0, 0, 50.0, 0.0, 8.4853], lr=5.000e-05
Epoch: 0 [2460/10000 (25%)] Loss: 37.43284 = L_Mnfld: 8.84257 + L_NonMnfld: 12.34390 + L_Nrml: 0.00000 + L_Eknl: 9.60054 + L_Div: 0.00000 + L_Morse: 6.64583
Epoch: 0 [2460/10000 (25%)] Unweighted L_s : L_Mnfld: 0.00126,  L_NonMnfld: 0.02057,  L_Nrml: 0.00000,  L_Eknl: 0.19201, L_Morse: 0.78322

Weights: [7000.0, 600.0, 0, 50.0, 0.0, 8.4523], lr=5.000e-05
Epoch: 0 [2470/10000 (25%)] Loss: 40.45792 = L_Mnfld: 10.14954 + L_NonMnfld: 14.25513 + L_Nrml: 0.00000 + L_Eknl: 9.31876 + L_Div: 0.00000 + L_Morse: 6.73449
Epoch: 0 [2470/10000 (25%)] Unweighted L_s : L_Mnfld: 0.00145,  L_NonMnfld: 0.02376,  L_Nrml: 0.00000,  L_Eknl: 0.18638, L_Morse: 0.79676

Weights: [7000.0, 600.0, 0, 50.0, 0.0, 8.4193], lr=5.000e-05
Epoch: 0 [2480/10000 (25%)] Loss: 42.84742 = L_Mnfld: 13.54296 + L_NonMnfld: 13.47730 + L_Nrml: 0.00000 + L_Eknl: 9.16424 + L_Div: 0.00000 + L_Morse: 6.66292
Epoch: 0 [2480/10000 (25%)] Unweighted L_s : L_Mnfld: 0.00193,  L_NonMnfld: 0.02246,  L_Nrml: 0.00000,  L_Eknl: 0.18328, L_Morse: 0.79139

Weights: [7000.0, 600.0, 0, 50.0, 0.0, 8.3863], lr=5.000e-05
Epoch: 0 [2490/10000 (25%)] Loss: 38.58366 = L_Mnfld: 8.70763 + L_NonMnfld: 13.71430 + L_Nrml: 0.00000 + L_Eknl: 9.40864 + L_Div: 0.00000 + L_Morse: 6.75310
Epoch: 0 [2490/10000 (25%)] Unweighted L_s : L_Mnfld: 0.00124,  L_NonMnfld: 0.02286,  L_Nrml: 0.00000,  L_Eknl: 0.18817, L_Morse: 0.80525

Weights: [7000.0, 600.0, 0, 50.0, 0.0, 8.3533], lr=5.000e-05
Epoch: 0 [2500/10000 (25%)] Loss: 37.95252 = L_Mnfld: 9.64762 + L_NonMnfld: 12.53106 + L_Nrml: 0.00000 + L_Eknl: 9.37459 + L_Div: 0.00000 + L_Morse: 6.39925
Epoch: 0 [2500/10000 (25%)] Unweighted L_s : L_Mnfld: 0.00138,  L_NonMnfld: 0.02089,  L_Nrml: 0.00000,  L_Eknl: 0.18749, L_Morse: 0.76607

Weights: [7000.0, 600.0, 0, 50.0, 0.0, 8.3203], lr=5.000e-05
Epoch: 0 [2510/10000 (25%)] Loss: 40.71643 = L_Mnfld: 12.01323 + L_NonMnfld: 12.75925 + L_Nrml: 0.00000 + L_Eknl: 9.06246 + L_Div: 0.00000 + L_Morse: 6.88150
Epoch: 0 [2510/10000 (25%)] Unweighted L_s : L_Mnfld: 0.00172,  L_NonMnfld: 0.02127,  L_Nrml: 0.00000,  L_Eknl: 0.18125, L_Morse: 0.82707

Weights: [7000.0, 600.0, 0, 50.0, 0.0, 8.2873], lr=5.000e-05
Epoch: 0 [2520/10000 (25%)] Loss: 37.19786 = L_Mnfld: 8.17321 + L_NonMnfld: 13.20224 + L_Nrml: 0.00000 + L_Eknl: 8.92509 + L_Div: 0.00000 + L_Morse: 6.89731
Epoch: 0 [2520/10000 (25%)] Unweighted L_s : L_Mnfld: 0.00117,  L_NonMnfld: 0.02200,  L_Nrml: 0.00000,  L_Eknl: 0.17850, L_Morse: 0.83228

Weights: [7000.0, 600.0, 0, 50.0, 0.0, 8.2543], lr=5.000e-05
Epoch: 0 [2530/10000 (25%)] Loss: 37.74226 = L_Mnfld: 10.11136 + L_NonMnfld: 11.98760 + L_Nrml: 0.00000 + L_Eknl: 8.99221 + L_Div: 0.00000 + L_Morse: 6.65109
Epoch: 0 [2530/10000 (25%)] Unweighted L_s : L_Mnfld: 0.00144,  L_NonMnfld: 0.01998,  L_Nrml: 0.00000,  L_Eknl: 0.17984, L_Morse: 0.80577

Weights: [7000.0, 600.0, 0, 50.0, 0.0, 8.2213], lr=5.000e-05
Epoch: 0 [2540/10000 (25%)] Loss: 40.86409 = L_Mnfld: 12.23021 + L_NonMnfld: 12.92653 + L_Nrml: 0.00000 + L_Eknl: 8.88384 + L_Div: 0.00000 + L_Morse: 6.82351
Epoch: 0 [2540/10000 (25%)] Unweighted L_s : L_Mnfld: 0.00175,  L_NonMnfld: 0.02154,  L_Nrml: 0.00000,  L_Eknl: 0.17768, L_Morse: 0.82998

Weights: [7000.0, 600.0, 0, 50.0, 0.0, 8.1883], lr=5.000e-05
Epoch: 0 [2550/10000 (26%)] Loss: 37.74118 = L_Mnfld: 8.69450 + L_NonMnfld: 13.28420 + L_Nrml: 0.00000 + L_Eknl: 8.87377 + L_Div: 0.00000 + L_Morse: 6.88871
Epoch: 0 [2550/10000 (26%)] Unweighted L_s : L_Mnfld: 0.00124,  L_NonMnfld: 0.02214,  L_Nrml: 0.00000,  L_Eknl: 0.17748, L_Morse: 0.84129

Weights: [7000.0, 600.0, 0, 50.0, 0.0, 8.1553], lr=5.000e-05
Epoch: 0 [2560/10000 (26%)] Loss: 38.71012 = L_Mnfld: 10.33475 + L_NonMnfld: 13.26342 + L_Nrml: 0.00000 + L_Eknl: 8.72329 + L_Div: 0.00000 + L_Morse: 6.38866
Epoch: 0 [2560/10000 (26%)] Unweighted L_s : L_Mnfld: 0.00148,  L_NonMnfld: 0.02211,  L_Nrml: 0.00000,  L_Eknl: 0.17447, L_Morse: 0.78338

Weights: [7000.0, 600.0, 0, 50.0, 0.0, 8.1223], lr=5.000e-05
Epoch: 0 [2570/10000 (26%)] Loss: 40.93572 = L_Mnfld: 12.44139 + L_NonMnfld: 13.03396 + L_Nrml: 0.00000 + L_Eknl: 8.74946 + L_Div: 0.00000 + L_Morse: 6.71093
Epoch: 0 [2570/10000 (26%)] Unweighted L_s : L_Mnfld: 0.00178,  L_NonMnfld: 0.02172,  L_Nrml: 0.00000,  L_Eknl: 0.17499, L_Morse: 0.82623

Weights: [7000.0, 600.0, 0, 50.0, 0.0, 8.0893], lr=5.000e-05
Epoch: 0 [2580/10000 (26%)] Loss: 38.05703 = L_Mnfld: 8.41583 + L_NonMnfld: 14.12012 + L_Nrml: 0.00000 + L_Eknl: 8.81227 + L_Div: 0.00000 + L_Morse: 6.70881
Epoch: 0 [2580/10000 (26%)] Unweighted L_s : L_Mnfld: 0.00120,  L_NonMnfld: 0.02353,  L_Nrml: 0.00000,  L_Eknl: 0.17625, L_Morse: 0.82934

Weights: [7000.0, 600.0, 0, 50.0, 0.0, 8.0563], lr=5.000e-05
Epoch: 0 [2590/10000 (26%)] Loss: 38.39238 = L_Mnfld: 9.49511 + L_NonMnfld: 13.69265 + L_Nrml: 0.00000 + L_Eknl: 8.71986 + L_Div: 0.00000 + L_Morse: 6.48476
Epoch: 0 [2590/10000 (26%)] Unweighted L_s : L_Mnfld: 0.00136,  L_NonMnfld: 0.02282,  L_Nrml: 0.00000,  L_Eknl: 0.17440, L_Morse: 0.80493

Weights: [7000.0, 600.0, 0, 50.0, 0.0, 8.023299999999999], lr=5.000e-05
Epoch: 0 [2600/10000 (26%)] Loss: 40.83305 = L_Mnfld: 12.54308 + L_NonMnfld: 13.06757 + L_Nrml: 0.00000 + L_Eknl: 8.70728 + L_Div: 0.00000 + L_Morse: 6.51512
Epoch: 0 [2600/10000 (26%)] Unweighted L_s : L_Mnfld: 0.00179,  L_NonMnfld: 0.02178,  L_Nrml: 0.00000,  L_Eknl: 0.17415, L_Morse: 0.81202

Weights: [7000.0, 600.0, 0, 50.0, 0.0, 7.9902999999999995], lr=5.000e-05
Epoch: 0 [2610/10000 (26%)] Loss: 37.35947 = L_Mnfld: 8.44728 + L_NonMnfld: 13.69396 + L_Nrml: 0.00000 + L_Eknl: 8.80012 + L_Div: 0.00000 + L_Morse: 6.41810
Epoch: 0 [2610/10000 (26%)] Unweighted L_s : L_Mnfld: 0.00121,  L_NonMnfld: 0.02282,  L_Nrml: 0.00000,  L_Eknl: 0.17600, L_Morse: 0.80324

Weights: [7000.0, 600.0, 0, 50.0, 0.0, 7.9573], lr=5.000e-05
Epoch: 0 [2620/10000 (26%)] Loss: 37.76910 = L_Mnfld: 9.55276 + L_NonMnfld: 13.05194 + L_Nrml: 0.00000 + L_Eknl: 8.57860 + L_Div: 0.00000 + L_Morse: 6.58580
Epoch: 0 [2620/10000 (26%)] Unweighted L_s : L_Mnfld: 0.00136,  L_NonMnfld: 0.02175,  L_Nrml: 0.00000,  L_Eknl: 0.17157, L_Morse: 0.82764

Weights: [7000.0, 600.0, 0, 50.0, 0.0, 7.9243], lr=5.000e-05
Epoch: 0 [2630/10000 (26%)] Loss: 40.83221 = L_Mnfld: 12.32376 + L_NonMnfld: 13.09373 + L_Nrml: 0.00000 + L_Eknl: 8.67821 + L_Div: 0.00000 + L_Morse: 6.73652
Epoch: 0 [2630/10000 (26%)] Unweighted L_s : L_Mnfld: 0.00176,  L_NonMnfld: 0.02182,  L_Nrml: 0.00000,  L_Eknl: 0.17356, L_Morse: 0.85011

Weights: [7000.0, 600.0, 0, 50.0, 0.0, 7.891299999999999], lr=5.000e-05
Epoch: 0 [2640/10000 (26%)] Loss: 37.49307 = L_Mnfld: 8.32635 + L_NonMnfld: 14.14056 + L_Nrml: 0.00000 + L_Eknl: 8.53648 + L_Div: 0.00000 + L_Morse: 6.48967
Epoch: 0 [2640/10000 (26%)] Unweighted L_s : L_Mnfld: 0.00119,  L_NonMnfld: 0.02357,  L_Nrml: 0.00000,  L_Eknl: 0.17073, L_Morse: 0.82238

Weights: [7000.0, 600.0, 0, 50.0, 0.0, 7.8583], lr=5.000e-05
Epoch: 0 [2650/10000 (26%)] Loss: 39.18637 = L_Mnfld: 9.64387 + L_NonMnfld: 14.38217 + L_Nrml: 0.00000 + L_Eknl: 8.45809 + L_Div: 0.00000 + L_Morse: 6.70225
Epoch: 0 [2650/10000 (26%)] Unweighted L_s : L_Mnfld: 0.00138,  L_NonMnfld: 0.02397,  L_Nrml: 0.00000,  L_Eknl: 0.16916, L_Morse: 0.85289

Weights: [7000.0, 600.0, 0, 50.0, 0.0, 7.8252999999999995], lr=5.000e-05
Epoch: 0 [2660/10000 (27%)] Loss: 39.98819 = L_Mnfld: 12.59554 + L_NonMnfld: 12.26326 + L_Nrml: 0.00000 + L_Eknl: 8.66677 + L_Div: 0.00000 + L_Morse: 6.46262
Epoch: 0 [2660/10000 (27%)] Unweighted L_s : L_Mnfld: 0.00180,  L_NonMnfld: 0.02044,  L_Nrml: 0.00000,  L_Eknl: 0.17334, L_Morse: 0.82586

Weights: [7000.0, 600.0, 0, 50.0, 0.0, 7.792299999999999], lr=5.000e-05
Epoch: 0 [2670/10000 (27%)] Loss: 36.98172 = L_Mnfld: 8.06427 + L_NonMnfld: 13.98664 + L_Nrml: 0.00000 + L_Eknl: 8.52286 + L_Div: 0.00000 + L_Morse: 6.40795
Epoch: 0 [2670/10000 (27%)] Unweighted L_s : L_Mnfld: 0.00115,  L_NonMnfld: 0.02331,  L_Nrml: 0.00000,  L_Eknl: 0.17046, L_Morse: 0.82234

Weights: [7000.0, 600.0, 0, 50.0, 0.0, 7.7593], lr=5.000e-05
Epoch: 0 [2680/10000 (27%)] Loss: 39.14444 = L_Mnfld: 9.72149 + L_NonMnfld: 14.53033 + L_Nrml: 0.00000 + L_Eknl: 8.39482 + L_Div: 0.00000 + L_Morse: 6.49780
Epoch: 0 [2680/10000 (27%)] Unweighted L_s : L_Mnfld: 0.00139,  L_NonMnfld: 0.02422,  L_Nrml: 0.00000,  L_Eknl: 0.16790, L_Morse: 0.83742

Weights: [7000.0, 600.0, 0, 50.0, 0.0, 7.726300000000001], lr=5.000e-05
Epoch: 0 [2690/10000 (27%)] Loss: 41.20100 = L_Mnfld: 13.15347 + L_NonMnfld: 13.21615 + L_Nrml: 0.00000 + L_Eknl: 8.41756 + L_Div: 0.00000 + L_Morse: 6.41382
Epoch: 0 [2690/10000 (27%)] Unweighted L_s : L_Mnfld: 0.00188,  L_NonMnfld: 0.02203,  L_Nrml: 0.00000,  L_Eknl: 0.16835, L_Morse: 0.83013

Weights: [7000.0, 600.0, 0, 50.0, 0.0, 7.693300000000001], lr=5.000e-05
Epoch: 0 [2700/10000 (27%)] Loss: 36.67987 = L_Mnfld: 8.19877 + L_NonMnfld: 13.24308 + L_Nrml: 0.00000 + L_Eknl: 8.61954 + L_Div: 0.00000 + L_Morse: 6.61849
Epoch: 0 [2700/10000 (27%)] Unweighted L_s : L_Mnfld: 0.00117,  L_NonMnfld: 0.02207,  L_Nrml: 0.00000,  L_Eknl: 0.17239, L_Morse: 0.86029

Weights: [7000.0, 600.0, 0, 50.0, 0.0, 7.660300000000001], lr=5.000e-05
Epoch: 0 [2710/10000 (27%)] Loss: 39.00415 = L_Mnfld: 10.45891 + L_NonMnfld: 13.27150 + L_Nrml: 0.00000 + L_Eknl: 8.35840 + L_Div: 0.00000 + L_Morse: 6.91534
Epoch: 0 [2710/10000 (27%)] Unweighted L_s : L_Mnfld: 0.00149,  L_NonMnfld: 0.02212,  L_Nrml: 0.00000,  L_Eknl: 0.16717, L_Morse: 0.90275

Weights: [7000.0, 600.0, 0, 50.0, 0.0, 7.627300000000001], lr=5.000e-05
Epoch: 0 [2720/10000 (27%)] Loss: 40.66528 = L_Mnfld: 12.46114 + L_NonMnfld: 13.25536 + L_Nrml: 0.00000 + L_Eknl: 8.31421 + L_Div: 0.00000 + L_Morse: 6.63456
Epoch: 0 [2720/10000 (27%)] Unweighted L_s : L_Mnfld: 0.00178,  L_NonMnfld: 0.02209,  L_Nrml: 0.00000,  L_Eknl: 0.16628, L_Morse: 0.86984

Weights: [7000.0, 600.0, 0, 50.0, 0.0, 7.5943000000000005], lr=5.000e-05
Epoch: 0 [2730/10000 (27%)] Loss: 36.31809 = L_Mnfld: 7.29251 + L_NonMnfld: 14.16701 + L_Nrml: 0.00000 + L_Eknl: 8.41891 + L_Div: 0.00000 + L_Morse: 6.43966
Epoch: 0 [2730/10000 (27%)] Unweighted L_s : L_Mnfld: 0.00104,  L_NonMnfld: 0.02361,  L_Nrml: 0.00000,  L_Eknl: 0.16838, L_Morse: 0.84796

Weights: [7000.0, 600.0, 0, 50.0, 0.0, 7.561300000000001], lr=5.000e-05
Epoch: 0 [2740/10000 (27%)] Loss: 39.36221 = L_Mnfld: 9.61577 + L_NonMnfld: 14.82439 + L_Nrml: 0.00000 + L_Eknl: 8.31593 + L_Div: 0.00000 + L_Morse: 6.60613
Epoch: 0 [2740/10000 (27%)] Unweighted L_s : L_Mnfld: 0.00137,  L_NonMnfld: 0.02471,  L_Nrml: 0.00000,  L_Eknl: 0.16632, L_Morse: 0.87368

Weights: [7000.0, 600.0, 0, 50.0, 0.0, 7.5283000000000015], lr=5.000e-05
Epoch: 0 [2750/10000 (28%)] Loss: 41.68369 = L_Mnfld: 13.51010 + L_NonMnfld: 13.39621 + L_Nrml: 0.00000 + L_Eknl: 8.15854 + L_Div: 0.00000 + L_Morse: 6.61884
Epoch: 0 [2750/10000 (28%)] Unweighted L_s : L_Mnfld: 0.00193,  L_NonMnfld: 0.02233,  L_Nrml: 0.00000,  L_Eknl: 0.16317, L_Morse: 0.87919

Weights: [7000.0, 600.0, 0, 50.0, 0.0, 7.4953], lr=5.000e-05
Epoch: 0 [2760/10000 (28%)] Loss: 34.74854 = L_Mnfld: 6.68527 + L_NonMnfld: 13.28644 + L_Nrml: 0.00000 + L_Eknl: 8.41071 + L_Div: 0.00000 + L_Morse: 6.36613
Epoch: 0 [2760/10000 (28%)] Unweighted L_s : L_Mnfld: 0.00096,  L_NonMnfld: 0.02214,  L_Nrml: 0.00000,  L_Eknl: 0.16821, L_Morse: 0.84935

Weights: [7000.0, 600.0, 0, 50.0, 0.0, 7.462300000000001], lr=5.000e-05
Epoch: 0 [2770/10000 (28%)] Loss: 36.60806 = L_Mnfld: 9.12351 + L_NonMnfld: 12.61706 + L_Nrml: 0.00000 + L_Eknl: 8.11531 + L_Div: 0.00000 + L_Morse: 6.75218
Epoch: 0 [2770/10000 (28%)] Unweighted L_s : L_Mnfld: 0.00130,  L_NonMnfld: 0.02103,  L_Nrml: 0.00000,  L_Eknl: 0.16231, L_Morse: 0.90484

Weights: [7000.0, 600.0, 0, 50.0, 0.0, 7.429300000000001], lr=5.000e-05
Epoch: 0 [2780/10000 (28%)] Loss: 39.87257 = L_Mnfld: 12.88454 + L_NonMnfld: 12.33087 + L_Nrml: 0.00000 + L_Eknl: 8.10268 + L_Div: 0.00000 + L_Morse: 6.55448
Epoch: 0 [2780/10000 (28%)] Unweighted L_s : L_Mnfld: 0.00184,  L_NonMnfld: 0.02055,  L_Nrml: 0.00000,  L_Eknl: 0.16205, L_Morse: 0.88225

Weights: [7000.0, 600.0, 0, 50.0, 0.0, 7.3963], lr=5.000e-05
Epoch: 0 [2790/10000 (28%)] Loss: 35.20749 = L_Mnfld: 7.03224 + L_NonMnfld: 13.46814 + L_Nrml: 0.00000 + L_Eknl: 8.18112 + L_Div: 0.00000 + L_Morse: 6.52599
Epoch: 0 [2790/10000 (28%)] Unweighted L_s : L_Mnfld: 0.00100,  L_NonMnfld: 0.02245,  L_Nrml: 0.00000,  L_Eknl: 0.16362, L_Morse: 0.88233

Weights: [7000.0, 600.0, 0, 50.0, 0.0, 7.363300000000001], lr=5.000e-05
Epoch: 0 [2800/10000 (28%)] Loss: 36.34267 = L_Mnfld: 9.02955 + L_NonMnfld: 13.11646 + L_Nrml: 0.00000 + L_Eknl: 7.91418 + L_Div: 0.00000 + L_Morse: 6.28249
Epoch: 0 [2800/10000 (28%)] Unweighted L_s : L_Mnfld: 0.00129,  L_NonMnfld: 0.02186,  L_Nrml: 0.00000,  L_Eknl: 0.15828, L_Morse: 0.85322

Weights: [7000.0, 600.0, 0, 50.0, 0.0, 7.330300000000001], lr=5.000e-05
Epoch: 0 [2810/10000 (28%)] Loss: 38.94816 = L_Mnfld: 12.17937 + L_NonMnfld: 12.56277 + L_Nrml: 0.00000 + L_Eknl: 7.87099 + L_Div: 0.00000 + L_Morse: 6.33503
Epoch: 0 [2810/10000 (28%)] Unweighted L_s : L_Mnfld: 0.00174,  L_NonMnfld: 0.02094,  L_Nrml: 0.00000,  L_Eknl: 0.15742, L_Morse: 0.86422

Weights: [7000.0, 600.0, 0, 50.0, 0.0, 7.2973], lr=5.000e-05
Epoch: 0 [2820/10000 (28%)] Loss: 33.97551 = L_Mnfld: 6.86374 + L_NonMnfld: 12.71289 + L_Nrml: 0.00000 + L_Eknl: 7.99060 + L_Div: 0.00000 + L_Morse: 6.40828
Epoch: 0 [2820/10000 (28%)] Unweighted L_s : L_Mnfld: 0.00098,  L_NonMnfld: 0.02119,  L_Nrml: 0.00000,  L_Eknl: 0.15981, L_Morse: 0.87817

Weights: [7000.0, 600.0, 0, 50.0, 0.0, 7.2643], lr=5.000e-05
Epoch: 0 [2830/10000 (28%)] Loss: 36.56837 = L_Mnfld: 8.38149 + L_NonMnfld: 13.72231 + L_Nrml: 0.00000 + L_Eknl: 8.13648 + L_Div: 0.00000 + L_Morse: 6.32809
Epoch: 0 [2830/10000 (28%)] Unweighted L_s : L_Mnfld: 0.00120,  L_NonMnfld: 0.02287,  L_Nrml: 0.00000,  L_Eknl: 0.16273, L_Morse: 0.87112

Weights: [7000.0, 600.0, 0, 50.0, 0.0, 7.231300000000001], lr=5.000e-05
Epoch: 0 [2840/10000 (28%)] Loss: 40.61164 = L_Mnfld: 12.61150 + L_NonMnfld: 13.58901 + L_Nrml: 0.00000 + L_Eknl: 7.82923 + L_Div: 0.00000 + L_Morse: 6.58190
Epoch: 0 [2840/10000 (28%)] Unweighted L_s : L_Mnfld: 0.00180,  L_NonMnfld: 0.02265,  L_Nrml: 0.00000,  L_Eknl: 0.15658, L_Morse: 0.91020

Weights: [7000.0, 600.0, 0, 50.0, 0.0, 7.198300000000001], lr=5.000e-05
Epoch: 0 [2850/10000 (28%)] Loss: 35.94662 = L_Mnfld: 7.72313 + L_NonMnfld: 14.01570 + L_Nrml: 0.00000 + L_Eknl: 7.83254 + L_Div: 0.00000 + L_Morse: 6.37525
Epoch: 0 [2850/10000 (28%)] Unweighted L_s : L_Mnfld: 0.00110,  L_NonMnfld: 0.02336,  L_Nrml: 0.00000,  L_Eknl: 0.15665, L_Morse: 0.88566

Weights: [7000.0, 600.0, 0, 50.0, 0.0, 7.1653], lr=5.000e-05
Epoch: 0 [2860/10000 (29%)] Loss: 35.78456 = L_Mnfld: 7.95530 + L_NonMnfld: 13.59755 + L_Nrml: 0.00000 + L_Eknl: 7.91430 + L_Div: 0.00000 + L_Morse: 6.31741
Epoch: 0 [2860/10000 (29%)] Unweighted L_s : L_Mnfld: 0.00114,  L_NonMnfld: 0.02266,  L_Nrml: 0.00000,  L_Eknl: 0.15829, L_Morse: 0.88167

Weights: [7000.0, 600.0, 0, 50.0, 0.0, 7.132300000000001], lr=5.000e-05
Epoch: 0 [2870/10000 (29%)] Loss: 39.87875 = L_Mnfld: 13.31330 + L_NonMnfld: 12.12396 + L_Nrml: 0.00000 + L_Eknl: 7.97394 + L_Div: 0.00000 + L_Morse: 6.46756
Epoch: 0 [2870/10000 (29%)] Unweighted L_s : L_Mnfld: 0.00190,  L_NonMnfld: 0.02021,  L_Nrml: 0.00000,  L_Eknl: 0.15948, L_Morse: 0.90680

Weights: [7000.0, 600.0, 0, 50.0, 0.0, 7.0993], lr=5.000e-05
Epoch: 0 [2880/10000 (29%)] Loss: 34.57763 = L_Mnfld: 7.81762 + L_NonMnfld: 12.81412 + L_Nrml: 0.00000 + L_Eknl: 7.67754 + L_Div: 0.00000 + L_Morse: 6.26834
Epoch: 0 [2880/10000 (29%)] Unweighted L_s : L_Mnfld: 0.00112,  L_NonMnfld: 0.02136,  L_Nrml: 0.00000,  L_Eknl: 0.15355, L_Morse: 0.88295

Weights: [7000.0, 600.0, 0, 50.0, 0.0, 7.0663], lr=5.000e-05
Epoch: 0 [2890/10000 (29%)] Loss: 35.02973 = L_Mnfld: 8.64424 + L_NonMnfld: 12.48733 + L_Nrml: 0.00000 + L_Eknl: 7.66703 + L_Div: 0.00000 + L_Morse: 6.23114
Epoch: 0 [2890/10000 (29%)] Unweighted L_s : L_Mnfld: 0.00123,  L_NonMnfld: 0.02081,  L_Nrml: 0.00000,  L_Eknl: 0.15334, L_Morse: 0.88181

Weights: [7000.0, 600.0, 0, 50.0, 0.0, 7.0333000000000006], lr=5.000e-05
Epoch: 0 [2900/10000 (29%)] Loss: 40.99957 = L_Mnfld: 13.90943 + L_NonMnfld: 12.76224 + L_Nrml: 0.00000 + L_Eknl: 7.92473 + L_Div: 0.00000 + L_Morse: 6.40317
Epoch: 0 [2900/10000 (29%)] Unweighted L_s : L_Mnfld: 0.00199,  L_NonMnfld: 0.02127,  L_Nrml: 0.00000,  L_Eknl: 0.15849, L_Morse: 0.91041

Weights: [7000.0, 600.0, 0, 50.0, 0.0, 7.0003], lr=5.000e-05
Epoch: 0 [2910/10000 (29%)] Loss: 35.78722 = L_Mnfld: 8.13063 + L_NonMnfld: 13.19366 + L_Nrml: 0.00000 + L_Eknl: 8.00302 + L_Div: 0.00000 + L_Morse: 6.45991
Epoch: 0 [2910/10000 (29%)] Unweighted L_s : L_Mnfld: 0.00116,  L_NonMnfld: 0.02199,  L_Nrml: 0.00000,  L_Eknl: 0.16006, L_Morse: 0.92280

Weights: [7000.0, 600.0, 0, 50.0, 0.0, 6.9673], lr=5.000e-05
Epoch: 0 [2920/10000 (29%)] Loss: 38.56196 = L_Mnfld: 11.55238 + L_NonMnfld: 12.93635 + L_Nrml: 0.00000 + L_Eknl: 7.82195 + L_Div: 0.00000 + L_Morse: 6.25128
Epoch: 0 [2920/10000 (29%)] Unweighted L_s : L_Mnfld: 0.00165,  L_NonMnfld: 0.02156,  L_Nrml: 0.00000,  L_Eknl: 0.15644, L_Morse: 0.89723

Weights: [7000.0, 600.0, 0, 50.0, 0.0, 6.9343], lr=5.000e-05
Epoch: 0 [2930/10000 (29%)] Loss: 39.50460 = L_Mnfld: 12.68705 + L_NonMnfld: 12.96832 + L_Nrml: 0.00000 + L_Eknl: 7.62093 + L_Div: 0.00000 + L_Morse: 6.22830
Epoch: 0 [2930/10000 (29%)] Unweighted L_s : L_Mnfld: 0.00181,  L_NonMnfld: 0.02161,  L_Nrml: 0.00000,  L_Eknl: 0.15242, L_Morse: 0.89819

Weights: [7000.0, 600.0, 0, 50.0, 0.0, 6.901300000000001], lr=5.000e-05
Epoch: 0 [2940/10000 (29%)] Loss: 35.87907 = L_Mnfld: 8.36204 + L_NonMnfld: 13.13353 + L_Nrml: 0.00000 + L_Eknl: 7.82650 + L_Div: 0.00000 + L_Morse: 6.55699
Epoch: 0 [2940/10000 (29%)] Unweighted L_s : L_Mnfld: 0.00119,  L_NonMnfld: 0.02189,  L_Nrml: 0.00000,  L_Eknl: 0.15653, L_Morse: 0.95011

Weights: [7000.0, 600.0, 0, 50.0, 0.0, 6.8683000000000005], lr=5.000e-05
Epoch: 0 [2950/10000 (30%)] Loss: 37.11709 = L_Mnfld: 9.56931 + L_NonMnfld: 13.61749 + L_Nrml: 0.00000 + L_Eknl: 7.65238 + L_Div: 0.00000 + L_Morse: 6.27791
Epoch: 0 [2950/10000 (30%)] Unweighted L_s : L_Mnfld: 0.00137,  L_NonMnfld: 0.02270,  L_Nrml: 0.00000,  L_Eknl: 0.15305, L_Morse: 0.91404

Weights: [7000.0, 600.0, 0, 50.0, 0.0, 6.8353], lr=5.000e-05
Epoch: 0 [2960/10000 (30%)] Loss: 38.17242 = L_Mnfld: 11.79835 + L_NonMnfld: 12.56873 + L_Nrml: 0.00000 + L_Eknl: 7.51956 + L_Div: 0.00000 + L_Morse: 6.28578
Epoch: 0 [2960/10000 (30%)] Unweighted L_s : L_Mnfld: 0.00169,  L_NonMnfld: 0.02095,  L_Nrml: 0.00000,  L_Eknl: 0.15039, L_Morse: 0.91961

Weights: [7000.0, 600.0, 0, 50.0, 0.0, 6.802300000000001], lr=5.000e-05
Epoch: 0 [2970/10000 (30%)] Loss: 34.33743 = L_Mnfld: 7.21379 + L_NonMnfld: 12.81928 + L_Nrml: 0.00000 + L_Eknl: 7.90939 + L_Div: 0.00000 + L_Morse: 6.39497
Epoch: 0 [2970/10000 (30%)] Unweighted L_s : L_Mnfld: 0.00103,  L_NonMnfld: 0.02137,  L_Nrml: 0.00000,  L_Eknl: 0.15819, L_Morse: 0.94012

Weights: [7000.0, 600.0, 0, 50.0, 0.0, 6.7693], lr=5.000e-05
Epoch: 0 [2980/10000 (30%)] Loss: 36.58718 = L_Mnfld: 9.50389 + L_NonMnfld: 12.77685 + L_Nrml: 0.00000 + L_Eknl: 7.65700 + L_Div: 0.00000 + L_Morse: 6.64944
Epoch: 0 [2980/10000 (30%)] Unweighted L_s : L_Mnfld: 0.00136,  L_NonMnfld: 0.02129,  L_Nrml: 0.00000,  L_Eknl: 0.15314, L_Morse: 0.98229

Weights: [7000.0, 600.0, 0, 50.0, 0.0, 6.7363], lr=5.000e-05
Epoch: 0 [2990/10000 (30%)] Loss: 39.10908 = L_Mnfld: 11.81977 + L_NonMnfld: 13.22725 + L_Nrml: 0.00000 + L_Eknl: 7.53805 + L_Div: 0.00000 + L_Morse: 6.52401
Epoch: 0 [2990/10000 (30%)] Unweighted L_s : L_Mnfld: 0.00169,  L_NonMnfld: 0.02205,  L_Nrml: 0.00000,  L_Eknl: 0.15076, L_Morse: 0.96849

Weights: [7000.0, 600.0, 0, 50.0, 0.0, 6.7033000000000005], lr=5.000e-05
Epoch: 0 [3000/10000 (30%)] Loss: 34.25518 = L_Mnfld: 7.32126 + L_NonMnfld: 13.28023 + L_Nrml: 0.00000 + L_Eknl: 7.52487 + L_Div: 0.00000 + L_Morse: 6.12882
Epoch: 0 [3000/10000 (30%)] Unweighted L_s : L_Mnfld: 0.00105,  L_NonMnfld: 0.02213,  L_Nrml: 0.00000,  L_Eknl: 0.15050, L_Morse: 0.91430

Weights: [7000.0, 600.0, 0, 50.0, 0.0, 6.6703], lr=5.000e-05
Epoch: 0 [3010/10000 (30%)] Loss: 37.57924 = L_Mnfld: 10.71304 + L_NonMnfld: 12.89633 + L_Nrml: 0.00000 + L_Eknl: 7.80338 + L_Div: 0.00000 + L_Morse: 6.16650
Epoch: 0 [3010/10000 (30%)] Unweighted L_s : L_Mnfld: 0.00153,  L_NonMnfld: 0.02149,  L_Nrml: 0.00000,  L_Eknl: 0.15607, L_Morse: 0.92447

Weights: [7000.0, 600.0, 0, 50.0, 0.0, 6.6373], lr=5.000e-05
Epoch: 0 [3020/10000 (30%)] Loss: 39.10722 = L_Mnfld: 12.76060 + L_NonMnfld: 12.75929 + L_Nrml: 0.00000 + L_Eknl: 7.49235 + L_Div: 0.00000 + L_Morse: 6.09497
Epoch: 0 [3020/10000 (30%)] Unweighted L_s : L_Mnfld: 0.00182,  L_NonMnfld: 0.02127,  L_Nrml: 0.00000,  L_Eknl: 0.14985, L_Morse: 0.91829

Weights: [7000.0, 600.0, 0, 50.0, 0.0, 6.6043], lr=5.000e-05
Epoch: 0 [3030/10000 (30%)] Loss: 34.87189 = L_Mnfld: 8.30813 + L_NonMnfld: 12.86957 + L_Nrml: 0.00000 + L_Eknl: 7.33303 + L_Div: 0.00000 + L_Morse: 6.36116
Epoch: 0 [3030/10000 (30%)] Unweighted L_s : L_Mnfld: 0.00119,  L_NonMnfld: 0.02145,  L_Nrml: 0.00000,  L_Eknl: 0.14666, L_Morse: 0.96318

Weights: [7000.0, 600.0, 0, 50.0, 0.0, 6.5713], lr=5.000e-05
Epoch: 0 [3040/10000 (30%)] Loss: 36.70980 = L_Mnfld: 10.52234 + L_NonMnfld: 12.49062 + L_Nrml: 0.00000 + L_Eknl: 7.44879 + L_Div: 0.00000 + L_Morse: 6.24806
Epoch: 0 [3040/10000 (30%)] Unweighted L_s : L_Mnfld: 0.00150,  L_NonMnfld: 0.02082,  L_Nrml: 0.00000,  L_Eknl: 0.14898, L_Morse: 0.95081

Weights: [7000.0, 600.0, 0, 50.0, 0.0, 6.5383], lr=5.000e-05
Epoch: 0 [3050/10000 (30%)] Loss: 39.36447 = L_Mnfld: 12.47041 + L_NonMnfld: 13.46174 + L_Nrml: 0.00000 + L_Eknl: 7.24195 + L_Div: 0.00000 + L_Morse: 6.19037
Epoch: 0 [3050/10000 (30%)] Unweighted L_s : L_Mnfld: 0.00178,  L_NonMnfld: 0.02244,  L_Nrml: 0.00000,  L_Eknl: 0.14484, L_Morse: 0.94679

Weights: [7000.0, 600.0, 0, 50.0, 0.0, 6.5053], lr=5.000e-05
Epoch: 0 [3060/10000 (31%)] Loss: 33.49097 = L_Mnfld: 7.01996 + L_NonMnfld: 12.78395 + L_Nrml: 0.00000 + L_Eknl: 7.42030 + L_Div: 0.00000 + L_Morse: 6.26674
Epoch: 0 [3060/10000 (31%)] Unweighted L_s : L_Mnfld: 0.00100,  L_NonMnfld: 0.02131,  L_Nrml: 0.00000,  L_Eknl: 0.14841, L_Morse: 0.96333

Weights: [7000.0, 600.0, 0, 50.0, 0.0, 6.4723], lr=5.000e-05
Epoch: 0 [3070/10000 (31%)] Loss: 35.05444 = L_Mnfld: 9.05203 + L_NonMnfld: 12.90875 + L_Nrml: 0.00000 + L_Eknl: 7.22880 + L_Div: 0.00000 + L_Morse: 5.86486
Epoch: 0 [3070/10000 (31%)] Unweighted L_s : L_Mnfld: 0.00129,  L_NonMnfld: 0.02151,  L_Nrml: 0.00000,  L_Eknl: 0.14458, L_Morse: 0.90615

Weights: [7000.0, 600.0, 0, 50.0, 0.0, 6.439299999999999], lr=5.000e-05
Epoch: 0 [3080/10000 (31%)] Loss: 39.04937 = L_Mnfld: 13.00138 + L_NonMnfld: 12.75998 + L_Nrml: 0.00000 + L_Eknl: 7.11417 + L_Div: 0.00000 + L_Morse: 6.17384
Epoch: 0 [3080/10000 (31%)] Unweighted L_s : L_Mnfld: 0.00186,  L_NonMnfld: 0.02127,  L_Nrml: 0.00000,  L_Eknl: 0.14228, L_Morse: 0.95877

Weights: [7000.0, 600.0, 0, 50.0, 0.0, 6.4063], lr=5.000e-05
Epoch: 0 [3090/10000 (31%)] Loss: 35.14649 = L_Mnfld: 8.08025 + L_NonMnfld: 13.67605 + L_Nrml: 0.00000 + L_Eknl: 7.15070 + L_Div: 0.00000 + L_Morse: 6.23949
Epoch: 0 [3090/10000 (31%)] Unweighted L_s : L_Mnfld: 0.00115,  L_NonMnfld: 0.02279,  L_Nrml: 0.00000,  L_Eknl: 0.14301, L_Morse: 0.97396

Weights: [7000.0, 600.0, 0, 50.0, 0.0, 6.3733], lr=5.000e-05
Epoch: 0 [3100/10000 (31%)] Loss: 34.79262 = L_Mnfld: 9.52402 + L_NonMnfld: 12.00020 + L_Nrml: 0.00000 + L_Eknl: 7.06163 + L_Div: 0.00000 + L_Morse: 6.20677
Epoch: 0 [3100/10000 (31%)] Unweighted L_s : L_Mnfld: 0.00136,  L_NonMnfld: 0.02000,  L_Nrml: 0.00000,  L_Eknl: 0.14123, L_Morse: 0.97387

Weights: [7000.0, 600.0, 0, 50.0, 0.0, 6.3403], lr=5.000e-05
Epoch: 0 [3110/10000 (31%)] Loss: 38.97877 = L_Mnfld: 13.35392 + L_NonMnfld: 12.31867 + L_Nrml: 0.00000 + L_Eknl: 6.96280 + L_Div: 0.00000 + L_Morse: 6.34338
Epoch: 0 [3110/10000 (31%)] Unweighted L_s : L_Mnfld: 0.00191,  L_NonMnfld: 0.02053,  L_Nrml: 0.00000,  L_Eknl: 0.13926, L_Morse: 1.00049

Weights: [7000.0, 600.0, 0, 50.0, 0.0, 6.3073], lr=5.000e-05
Epoch: 0 [3120/10000 (31%)] Loss: 33.61518 = L_Mnfld: 6.78082 + L_NonMnfld: 13.98331 + L_Nrml: 0.00000 + L_Eknl: 6.80908 + L_Div: 0.00000 + L_Morse: 6.04196
Epoch: 0 [3120/10000 (31%)] Unweighted L_s : L_Mnfld: 0.00097,  L_NonMnfld: 0.02331,  L_Nrml: 0.00000,  L_Eknl: 0.13618, L_Morse: 0.95793

Weights: [7000.0, 600.0, 0, 50.0, 0.0, 6.2743], lr=5.000e-05
Epoch: 0 [3130/10000 (31%)] Loss: 35.05390 = L_Mnfld: 9.66493 + L_NonMnfld: 12.02137 + L_Nrml: 0.00000 + L_Eknl: 7.17420 + L_Div: 0.00000 + L_Morse: 6.19340
Epoch: 0 [3130/10000 (31%)] Unweighted L_s : L_Mnfld: 0.00138,  L_NonMnfld: 0.02004,  L_Nrml: 0.00000,  L_Eknl: 0.14348, L_Morse: 0.98711

Weights: [7000.0, 600.0, 0, 50.0, 0.0, 6.2413], lr=5.000e-05
Epoch: 0 [3140/10000 (31%)] Loss: 38.15933 = L_Mnfld: 11.87951 + L_NonMnfld: 13.38608 + L_Nrml: 0.00000 + L_Eknl: 7.01709 + L_Div: 0.00000 + L_Morse: 5.87665
Epoch: 0 [3140/10000 (31%)] Unweighted L_s : L_Mnfld: 0.00170,  L_NonMnfld: 0.02231,  L_Nrml: 0.00000,  L_Eknl: 0.14034, L_Morse: 0.94157

Weights: [7000.0, 600.0, 0, 50.0, 0.0, 6.2082999999999995], lr=5.000e-05
Epoch: 0 [3150/10000 (32%)] Loss: 33.22390 = L_Mnfld: 6.81830 + L_NonMnfld: 13.15989 + L_Nrml: 0.00000 + L_Eknl: 7.05528 + L_Div: 0.00000 + L_Morse: 6.19043
Epoch: 0 [3150/10000 (32%)] Unweighted L_s : L_Mnfld: 0.00097,  L_NonMnfld: 0.02193,  L_Nrml: 0.00000,  L_Eknl: 0.14111, L_Morse: 0.99712

Weights: [7000.0, 600.0, 0, 50.0, 0.0, 6.1753], lr=5.000e-05
Epoch: 0 [3160/10000 (32%)] Loss: 35.43385 = L_Mnfld: 9.42536 + L_NonMnfld: 12.97942 + L_Nrml: 0.00000 + L_Eknl: 6.86993 + L_Div: 0.00000 + L_Morse: 6.15914
Epoch: 0 [3160/10000 (32%)] Unweighted L_s : L_Mnfld: 0.00135,  L_NonMnfld: 0.02163,  L_Nrml: 0.00000,  L_Eknl: 0.13740, L_Morse: 0.99738

Weights: [7000.0, 600.0, 0, 50.0, 0.0, 6.1423], lr=5.000e-05
Epoch: 0 [3170/10000 (32%)] Loss: 37.01712 = L_Mnfld: 11.32089 + L_NonMnfld: 12.79586 + L_Nrml: 0.00000 + L_Eknl: 6.86703 + L_Div: 0.00000 + L_Morse: 6.03334
Epoch: 0 [3170/10000 (32%)] Unweighted L_s : L_Mnfld: 0.00162,  L_NonMnfld: 0.02133,  L_Nrml: 0.00000,  L_Eknl: 0.13734, L_Morse: 0.98226

Weights: [7000.0, 600.0, 0, 50.0, 0.0, 6.109299999999999], lr=5.000e-05
Epoch: 0 [3180/10000 (32%)] Loss: 33.24342 = L_Mnfld: 7.80816 + L_NonMnfld: 11.97247 + L_Nrml: 0.00000 + L_Eknl: 7.36282 + L_Div: 0.00000 + L_Morse: 6.09996
Epoch: 0 [3180/10000 (32%)] Unweighted L_s : L_Mnfld: 0.00112,  L_NonMnfld: 0.01995,  L_Nrml: 0.00000,  L_Eknl: 0.14726, L_Morse: 0.99847

Weights: [7000.0, 600.0, 0, 50.0, 0.0, 6.0763], lr=5.000e-05
Epoch: 0 [3190/10000 (32%)] Loss: 35.38079 = L_Mnfld: 9.22627 + L_NonMnfld: 13.09400 + L_Nrml: 0.00000 + L_Eknl: 7.11693 + L_Div: 0.00000 + L_Morse: 5.94360
Epoch: 0 [3190/10000 (32%)] Unweighted L_s : L_Mnfld: 0.00132,  L_NonMnfld: 0.02182,  L_Nrml: 0.00000,  L_Eknl: 0.14234, L_Morse: 0.97816

Weights: [7000.0, 600.0, 0, 50.0, 0.0, 6.0432999999999995], lr=5.000e-05
Epoch: 0 [3200/10000 (32%)] Loss: 36.35815 = L_Mnfld: 11.47595 + L_NonMnfld: 11.92151 + L_Nrml: 0.00000 + L_Eknl: 6.88581 + L_Div: 0.00000 + L_Morse: 6.07489
Epoch: 0 [3200/10000 (32%)] Unweighted L_s : L_Mnfld: 0.00164,  L_NonMnfld: 0.01987,  L_Nrml: 0.00000,  L_Eknl: 0.13772, L_Morse: 1.00523

Weights: [7000.0, 600.0, 0, 50.0, 0.0, 6.010299999999999], lr=5.000e-05
Epoch: 0 [3210/10000 (32%)] Loss: 34.47327 = L_Mnfld: 8.16680 + L_NonMnfld: 12.79324 + L_Nrml: 0.00000 + L_Eknl: 7.41336 + L_Div: 0.00000 + L_Morse: 6.09988
Epoch: 0 [3210/10000 (32%)] Unweighted L_s : L_Mnfld: 0.00117,  L_NonMnfld: 0.02132,  L_Nrml: 0.00000,  L_Eknl: 0.14827, L_Morse: 1.01490

Weights: [7000.0, 600.0, 0, 50.0, 0.0, 5.9773], lr=5.000e-05
Epoch: 0 [3220/10000 (32%)] Loss: 36.22253 = L_Mnfld: 9.50954 + L_NonMnfld: 13.76537 + L_Nrml: 0.00000 + L_Eknl: 6.97658 + L_Div: 0.00000 + L_Morse: 5.97104
Epoch: 0 [3220/10000 (32%)] Unweighted L_s : L_Mnfld: 0.00136,  L_NonMnfld: 0.02294,  L_Nrml: 0.00000,  L_Eknl: 0.13953, L_Morse: 0.99895

Weights: [7000.0, 600.0, 0, 50.0, 0.0, 5.944299999999999], lr=5.000e-05
Epoch: 0 [3230/10000 (32%)] Loss: 35.76662 = L_Mnfld: 11.17299 + L_NonMnfld: 12.08460 + L_Nrml: 0.00000 + L_Eknl: 6.59036 + L_Div: 0.00000 + L_Morse: 5.91866
Epoch: 0 [3230/10000 (32%)] Unweighted L_s : L_Mnfld: 0.00160,  L_NonMnfld: 0.02014,  L_Nrml: 0.00000,  L_Eknl: 0.13181, L_Morse: 0.99569

Weights: [7000.0, 600.0, 0, 50.0, 0.0, 5.911299999999999], lr=5.000e-05
Epoch: 0 [3240/10000 (32%)] Loss: 34.38191 = L_Mnfld: 8.80459 + L_NonMnfld: 12.49189 + L_Nrml: 0.00000 + L_Eknl: 7.05284 + L_Div: 0.00000 + L_Morse: 6.03260
Epoch: 0 [3240/10000 (32%)] Unweighted L_s : L_Mnfld: 0.00126,  L_NonMnfld: 0.02082,  L_Nrml: 0.00000,  L_Eknl: 0.14106, L_Morse: 1.02052

Weights: [7000.0, 600.0, 0, 50.0, 0.0, 5.878299999999999], lr=5.000e-05
Epoch: 0 [3250/10000 (32%)] Loss: 35.50978 = L_Mnfld: 9.83360 + L_NonMnfld: 12.89017 + L_Nrml: 0.00000 + L_Eknl: 6.92166 + L_Div: 0.00000 + L_Morse: 5.86434
Epoch: 0 [3250/10000 (32%)] Unweighted L_s : L_Mnfld: 0.00140,  L_NonMnfld: 0.02148,  L_Nrml: 0.00000,  L_Eknl: 0.13843, L_Morse: 0.99763

Weights: [7000.0, 600.0, 0, 50.0, 0.0, 5.845299999999999], lr=5.000e-05
Epoch: 0 [3260/10000 (33%)] Loss: 38.29662 = L_Mnfld: 12.15751 + L_NonMnfld: 12.95532 + L_Nrml: 0.00000 + L_Eknl: 6.81554 + L_Div: 0.00000 + L_Morse: 6.36825
Epoch: 0 [3260/10000 (33%)] Unweighted L_s : L_Mnfld: 0.00174,  L_NonMnfld: 0.02159,  L_Nrml: 0.00000,  L_Eknl: 0.13631, L_Morse: 1.08946

Weights: [7000.0, 600.0, 0, 50.0, 0.0, 5.812299999999999], lr=5.000e-05
Epoch: 0 [3270/10000 (33%)] Loss: 43.43834 = L_Mnfld: 16.20268 + L_NonMnfld: 13.89031 + L_Nrml: 0.00000 + L_Eknl: 7.66682 + L_Div: 0.00000 + L_Morse: 5.67853
Epoch: 0 [3270/10000 (33%)] Unweighted L_s : L_Mnfld: 0.00231,  L_NonMnfld: 0.02315,  L_Nrml: 0.00000,  L_Eknl: 0.15334, L_Morse: 0.97699

Weights: [7000.0, 600.0, 0, 50.0, 0.0, 5.779299999999999], lr=5.000e-05
Epoch: 0 [3280/10000 (33%)] Loss: 42.75802 = L_Mnfld: 14.42117 + L_NonMnfld: 12.97499 + L_Nrml: 0.00000 + L_Eknl: 9.14994 + L_Div: 0.00000 + L_Morse: 6.21192
Epoch: 0 [3280/10000 (33%)] Unweighted L_s : L_Mnfld: 0.00206,  L_NonMnfld: 0.02162,  L_Nrml: 0.00000,  L_Eknl: 0.18300, L_Morse: 1.07486

Weights: [7000.0, 600.0, 0, 50.0, 0.0, 5.746299999999999], lr=5.000e-05
Epoch: 0 [3290/10000 (33%)] Loss: 54.47955 = L_Mnfld: 25.19508 + L_NonMnfld: 13.97798 + L_Nrml: 0.00000 + L_Eknl: 8.27138 + L_Div: 0.00000 + L_Morse: 7.03511
Epoch: 0 [3290/10000 (33%)] Unweighted L_s : L_Mnfld: 0.00360,  L_NonMnfld: 0.02330,  L_Nrml: 0.00000,  L_Eknl: 0.16543, L_Morse: 1.22429

Weights: [7000.0, 600.0, 0, 50.0, 0.0, 5.713299999999999], lr=5.000e-05
Epoch: 0 [3300/10000 (33%)] Loss: 53.29070 = L_Mnfld: 25.85956 + L_NonMnfld: 11.47646 + L_Nrml: 0.00000 + L_Eknl: 8.71183 + L_Div: 0.00000 + L_Morse: 7.24285
Epoch: 0 [3300/10000 (33%)] Unweighted L_s : L_Mnfld: 0.00369,  L_NonMnfld: 0.01913,  L_Nrml: 0.00000,  L_Eknl: 0.17424, L_Morse: 1.26772

Weights: [7000.0, 600.0, 0, 50.0, 0.0, 5.680299999999999], lr=5.000e-05
Epoch: 0 [3310/10000 (33%)] Loss: 49.20129 = L_Mnfld: 20.32971 + L_NonMnfld: 12.98282 + L_Nrml: 0.00000 + L_Eknl: 8.73078 + L_Div: 0.00000 + L_Morse: 7.15798
Epoch: 0 [3310/10000 (33%)] Unweighted L_s : L_Mnfld: 0.00290,  L_NonMnfld: 0.02164,  L_Nrml: 0.00000,  L_Eknl: 0.17462, L_Morse: 1.26014

Weights: [7000.0, 600.0, 0, 50.0, 0.0, 5.6473], lr=5.000e-05
Epoch: 0 [3320/10000 (33%)] Loss: 40.45828 = L_Mnfld: 13.20128 + L_NonMnfld: 12.57612 + L_Nrml: 0.00000 + L_Eknl: 8.23345 + L_Div: 0.00000 + L_Morse: 6.44742
Epoch: 0 [3320/10000 (33%)] Unweighted L_s : L_Mnfld: 0.00189,  L_NonMnfld: 0.02096,  L_Nrml: 0.00000,  L_Eknl: 0.16467, L_Morse: 1.14168

Weights: [7000.0, 600.0, 0, 50.0, 0.0, 5.614300000000001], lr=5.000e-05
Epoch: 0 [3330/10000 (33%)] Loss: 39.94563 = L_Mnfld: 12.76839 + L_NonMnfld: 13.53810 + L_Nrml: 0.00000 + L_Eknl: 7.61720 + L_Div: 0.00000 + L_Morse: 6.02195
Epoch: 0 [3330/10000 (33%)] Unweighted L_s : L_Mnfld: 0.00182,  L_NonMnfld: 0.02256,  L_Nrml: 0.00000,  L_Eknl: 0.15234, L_Morse: 1.07261

Weights: [7000.0, 600.0, 0, 50.0, 0.0, 5.581300000000001], lr=5.000e-05
Epoch: 0 [3340/10000 (33%)] Loss: 36.07769 = L_Mnfld: 9.78650 + L_NonMnfld: 12.96142 + L_Nrml: 0.00000 + L_Eknl: 7.47368 + L_Div: 0.00000 + L_Morse: 5.85609
Epoch: 0 [3340/10000 (33%)] Unweighted L_s : L_Mnfld: 0.00140,  L_NonMnfld: 0.02160,  L_Nrml: 0.00000,  L_Eknl: 0.14947, L_Morse: 1.04923

Weights: [7000.0, 600.0, 0, 50.0, 0.0, 5.5483], lr=5.000e-05
Epoch: 0 [3350/10000 (34%)] Loss: 34.72752 = L_Mnfld: 10.02654 + L_NonMnfld: 11.63020 + L_Nrml: 0.00000 + L_Eknl: 7.06491 + L_Div: 0.00000 + L_Morse: 6.00587
Epoch: 0 [3350/10000 (34%)] Unweighted L_s : L_Mnfld: 0.00143,  L_NonMnfld: 0.01938,  L_Nrml: 0.00000,  L_Eknl: 0.14130, L_Morse: 1.08247

Weights: [7000.0, 600.0, 0, 50.0, 0.0, 5.515300000000001], lr=5.000e-05
Epoch: 0 [3360/10000 (34%)] Loss: 33.46668 = L_Mnfld: 8.09635 + L_NonMnfld: 12.61763 + L_Nrml: 0.00000 + L_Eknl: 6.84433 + L_Div: 0.00000 + L_Morse: 5.90837
Epoch: 0 [3360/10000 (34%)] Unweighted L_s : L_Mnfld: 0.00116,  L_NonMnfld: 0.02103,  L_Nrml: 0.00000,  L_Eknl: 0.13689, L_Morse: 1.07127

Weights: [7000.0, 600.0, 0, 50.0, 0.0, 5.4823], lr=5.000e-05
Epoch: 0 [3370/10000 (34%)] Loss: 33.95279 = L_Mnfld: 7.46442 + L_NonMnfld: 13.95809 + L_Nrml: 0.00000 + L_Eknl: 6.63513 + L_Div: 0.00000 + L_Morse: 5.89515
Epoch: 0 [3370/10000 (34%)] Unweighted L_s : L_Mnfld: 0.00107,  L_NonMnfld: 0.02326,  L_Nrml: 0.00000,  L_Eknl: 0.13270, L_Morse: 1.07531

Weights: [7000.0, 600.0, 0, 50.0, 0.0, 5.4493], lr=5.000e-05
Epoch: 0 [3380/10000 (34%)] Loss: 32.69903 = L_Mnfld: 7.00256 + L_NonMnfld: 13.14535 + L_Nrml: 0.00000 + L_Eknl: 6.61784 + L_Div: 0.00000 + L_Morse: 5.93329
Epoch: 0 [3380/10000 (34%)] Unweighted L_s : L_Mnfld: 0.00100,  L_NonMnfld: 0.02191,  L_Nrml: 0.00000,  L_Eknl: 0.13236, L_Morse: 1.08882

Weights: [7000.0, 600.0, 0, 50.0, 0.0, 5.416300000000001], lr=5.000e-05
Epoch: 0 [3390/10000 (34%)] Loss: 32.44434 = L_Mnfld: 7.02549 + L_NonMnfld: 13.47025 + L_Nrml: 0.00000 + L_Eknl: 6.34200 + L_Div: 0.00000 + L_Morse: 5.60660
Epoch: 0 [3390/10000 (34%)] Unweighted L_s : L_Mnfld: 0.00100,  L_NonMnfld: 0.02245,  L_Nrml: 0.00000,  L_Eknl: 0.12684, L_Morse: 1.03513

Weights: [7000.0, 600.0, 0, 50.0, 0.0, 5.383300000000001], lr=5.000e-05
Epoch: 0 [3400/10000 (34%)] Loss: 31.23276 = L_Mnfld: 6.64093 + L_NonMnfld: 12.78814 + L_Nrml: 0.00000 + L_Eknl: 6.29709 + L_Div: 0.00000 + L_Morse: 5.50660
Epoch: 0 [3400/10000 (34%)] Unweighted L_s : L_Mnfld: 0.00095,  L_NonMnfld: 0.02131,  L_Nrml: 0.00000,  L_Eknl: 0.12594, L_Morse: 1.02290

Weights: [7000.0, 600.0, 0, 50.0, 0.0, 5.350300000000001], lr=5.000e-05
Epoch: 0 [3410/10000 (34%)] Loss: 32.16486 = L_Mnfld: 6.35499 + L_NonMnfld: 13.86947 + L_Nrml: 0.00000 + L_Eknl: 6.13808 + L_Div: 0.00000 + L_Morse: 5.80231
Epoch: 0 [3410/10000 (34%)] Unweighted L_s : L_Mnfld: 0.00091,  L_NonMnfld: 0.02312,  L_Nrml: 0.00000,  L_Eknl: 0.12276, L_Morse: 1.08448

Weights: [7000.0, 600.0, 0, 50.0, 0.0, 5.317300000000001], lr=5.000e-05
Epoch: 0 [3420/10000 (34%)] Loss: 31.27899 = L_Mnfld: 6.87912 + L_NonMnfld: 12.77500 + L_Nrml: 0.00000 + L_Eknl: 6.09292 + L_Div: 0.00000 + L_Morse: 5.53195
Epoch: 0 [3420/10000 (34%)] Unweighted L_s : L_Mnfld: 0.00098,  L_NonMnfld: 0.02129,  L_Nrml: 0.00000,  L_Eknl: 0.12186, L_Morse: 1.04037

Weights: [7000.0, 600.0, 0, 50.0, 0.0, 5.284300000000001], lr=5.000e-05
Epoch: 0 [3430/10000 (34%)] Loss: 30.48060 = L_Mnfld: 5.98390 + L_NonMnfld: 12.84374 + L_Nrml: 0.00000 + L_Eknl: 6.16430 + L_Div: 0.00000 + L_Morse: 5.48866
Epoch: 0 [3430/10000 (34%)] Unweighted L_s : L_Mnfld: 0.00085,  L_NonMnfld: 0.02141,  L_Nrml: 0.00000,  L_Eknl: 0.12329, L_Morse: 1.03867

Weights: [7000.0, 600.0, 0, 50.0, 0.0, 5.2513000000000005], lr=5.000e-05
Epoch: 0 [3440/10000 (34%)] Loss: 30.23019 = L_Mnfld: 6.30509 + L_NonMnfld: 12.28004 + L_Nrml: 0.00000 + L_Eknl: 6.15799 + L_Div: 0.00000 + L_Morse: 5.48707
Epoch: 0 [3440/10000 (34%)] Unweighted L_s : L_Mnfld: 0.00090,  L_NonMnfld: 0.02047,  L_Nrml: 0.00000,  L_Eknl: 0.12316, L_Morse: 1.04490

Weights: [7000.0, 600.0, 0, 50.0, 0.0, 5.218300000000001], lr=5.000e-05
Epoch: 0 [3450/10000 (34%)] Loss: 30.69976 = L_Mnfld: 6.22042 + L_NonMnfld: 13.14072 + L_Nrml: 0.00000 + L_Eknl: 5.99134 + L_Div: 0.00000 + L_Morse: 5.34727
Epoch: 0 [3450/10000 (34%)] Unweighted L_s : L_Mnfld: 0.00089,  L_NonMnfld: 0.02190,  L_Nrml: 0.00000,  L_Eknl: 0.11983, L_Morse: 1.02472

Weights: [7000.0, 600.0, 0, 50.0, 0.0, 5.185300000000001], lr=5.000e-05
Epoch: 0 [3460/10000 (35%)] Loss: 31.52215 = L_Mnfld: 6.35424 + L_NonMnfld: 13.49599 + L_Nrml: 0.00000 + L_Eknl: 5.96634 + L_Div: 0.00000 + L_Morse: 5.70558
Epoch: 0 [3460/10000 (35%)] Unweighted L_s : L_Mnfld: 0.00091,  L_NonMnfld: 0.02249,  L_Nrml: 0.00000,  L_Eknl: 0.11933, L_Morse: 1.10034

Weights: [7000.0, 600.0, 0, 50.0, 0.0, 5.1523], lr=5.000e-05
Epoch: 0 [3470/10000 (35%)] Loss: 30.46203 = L_Mnfld: 6.55852 + L_NonMnfld: 12.47030 + L_Nrml: 0.00000 + L_Eknl: 5.86626 + L_Div: 0.00000 + L_Morse: 5.56695
Epoch: 0 [3470/10000 (35%)] Unweighted L_s : L_Mnfld: 0.00094,  L_NonMnfld: 0.02078,  L_Nrml: 0.00000,  L_Eknl: 0.11733, L_Morse: 1.08048

Weights: [7000.0, 600.0, 0, 50.0, 0.0, 5.119300000000001], lr=5.000e-05
Epoch: 0 [3480/10000 (35%)] Loss: 29.94591 = L_Mnfld: 6.51242 + L_NonMnfld: 12.04475 + L_Nrml: 0.00000 + L_Eknl: 5.91101 + L_Div: 0.00000 + L_Morse: 5.47774
Epoch: 0 [3480/10000 (35%)] Unweighted L_s : L_Mnfld: 0.00093,  L_NonMnfld: 0.02007,  L_Nrml: 0.00000,  L_Eknl: 0.11822, L_Morse: 1.07002

Weights: [7000.0, 600.0, 0, 50.0, 0.0, 5.0863000000000005], lr=5.000e-05
Epoch: 0 [3490/10000 (35%)] Loss: 30.42633 = L_Mnfld: 6.11891 + L_NonMnfld: 12.96039 + L_Nrml: 0.00000 + L_Eknl: 5.91500 + L_Div: 0.00000 + L_Morse: 5.43203
Epoch: 0 [3490/10000 (35%)] Unweighted L_s : L_Mnfld: 0.00087,  L_NonMnfld: 0.02160,  L_Nrml: 0.00000,  L_Eknl: 0.11830, L_Morse: 1.06797

Weights: [7000.0, 600.0, 0, 50.0, 0.0, 5.0533], lr=5.000e-05
Epoch: 0 [3500/10000 (35%)] Loss: 29.99581 = L_Mnfld: 6.11952 + L_NonMnfld: 12.46271 + L_Nrml: 0.00000 + L_Eknl: 5.79963 + L_Div: 0.00000 + L_Morse: 5.61395
Epoch: 0 [3500/10000 (35%)] Unweighted L_s : L_Mnfld: 0.00087,  L_NonMnfld: 0.02077,  L_Nrml: 0.00000,  L_Eknl: 0.11599, L_Morse: 1.11095

Weights: [7000.0, 600.0, 0, 50.0, 0.0, 5.020300000000001], lr=5.000e-05
Epoch: 0 [3510/10000 (35%)] Loss: 30.52640 = L_Mnfld: 6.60983 + L_NonMnfld: 12.40899 + L_Nrml: 0.00000 + L_Eknl: 5.75448 + L_Div: 0.00000 + L_Morse: 5.75310
Epoch: 0 [3510/10000 (35%)] Unweighted L_s : L_Mnfld: 0.00094,  L_NonMnfld: 0.02068,  L_Nrml: 0.00000,  L_Eknl: 0.11509, L_Morse: 1.14597

Weights: [7000.0, 600.0, 0, 50.0, 0.0, 4.9873], lr=5.000e-05
Epoch: 0 [3520/10000 (35%)] Loss: 30.44135 = L_Mnfld: 5.91197 + L_NonMnfld: 13.37665 + L_Nrml: 0.00000 + L_Eknl: 5.76827 + L_Div: 0.00000 + L_Morse: 5.38445
Epoch: 0 [3520/10000 (35%)] Unweighted L_s : L_Mnfld: 0.00084,  L_NonMnfld: 0.02229,  L_Nrml: 0.00000,  L_Eknl: 0.11537, L_Morse: 1.07963

Weights: [7000.0, 600.0, 0, 50.0, 0.0, 4.9543], lr=5.000e-05
Epoch: 0 [3530/10000 (35%)] Loss: 29.14407 = L_Mnfld: 6.17730 + L_NonMnfld: 11.91982 + L_Nrml: 0.00000 + L_Eknl: 5.70953 + L_Div: 0.00000 + L_Morse: 5.33741
Epoch: 0 [3530/10000 (35%)] Unweighted L_s : L_Mnfld: 0.00088,  L_NonMnfld: 0.01987,  L_Nrml: 0.00000,  L_Eknl: 0.11419, L_Morse: 1.07733

Weights: [7000.0, 600.0, 0, 50.0, 0.0, 4.9213000000000005], lr=5.000e-05
Epoch: 0 [3540/10000 (35%)] Loss: 28.31977 = L_Mnfld: 5.91198 + L_NonMnfld: 11.27540 + L_Nrml: 0.00000 + L_Eknl: 5.56248 + L_Div: 0.00000 + L_Morse: 5.56992
Epoch: 0 [3540/10000 (35%)] Unweighted L_s : L_Mnfld: 0.00084,  L_NonMnfld: 0.01879,  L_Nrml: 0.00000,  L_Eknl: 0.11125, L_Morse: 1.13180

Weights: [7000.0, 600.0, 0, 50.0, 0.0, 4.8883], lr=5.000e-05
Epoch: 0 [3550/10000 (36%)] Loss: 30.46551 = L_Mnfld: 6.13714 + L_NonMnfld: 13.35637 + L_Nrml: 0.00000 + L_Eknl: 5.62720 + L_Div: 0.00000 + L_Morse: 5.34480
Epoch: 0 [3550/10000 (36%)] Unweighted L_s : L_Mnfld: 0.00088,  L_NonMnfld: 0.02226,  L_Nrml: 0.00000,  L_Eknl: 0.11254, L_Morse: 1.09339

Weights: [7000.0, 600.0, 0, 50.0, 0.0, 4.8553], lr=5.000e-05
Epoch: 0 [3560/10000 (36%)] Loss: 29.63337 = L_Mnfld: 5.87726 + L_NonMnfld: 13.00214 + L_Nrml: 0.00000 + L_Eknl: 5.59785 + L_Div: 0.00000 + L_Morse: 5.15611
Epoch: 0 [3560/10000 (36%)] Unweighted L_s : L_Mnfld: 0.00084,  L_NonMnfld: 0.02167,  L_Nrml: 0.00000,  L_Eknl: 0.11196, L_Morse: 1.06196

Weights: [7000.0, 600.0, 0, 50.0, 0.0, 4.8223], lr=5.000e-05
Epoch: 0 [3570/10000 (36%)] Loss: 29.13498 = L_Mnfld: 6.07424 + L_NonMnfld: 11.96637 + L_Nrml: 0.00000 + L_Eknl: 5.64968 + L_Div: 0.00000 + L_Morse: 5.44468
Epoch: 0 [3570/10000 (36%)] Unweighted L_s : L_Mnfld: 0.00087,  L_NonMnfld: 0.01994,  L_Nrml: 0.00000,  L_Eknl: 0.11299, L_Morse: 1.12906

Weights: [7000.0, 600.0, 0, 50.0, 0.0, 4.7893], lr=5.000e-05
Epoch: 0 [3580/10000 (36%)] Loss: 30.08838 = L_Mnfld: 6.21798 + L_NonMnfld: 13.20596 + L_Nrml: 0.00000 + L_Eknl: 5.50907 + L_Div: 0.00000 + L_Morse: 5.15537
Epoch: 0 [3580/10000 (36%)] Unweighted L_s : L_Mnfld: 0.00089,  L_NonMnfld: 0.02201,  L_Nrml: 0.00000,  L_Eknl: 0.11018, L_Morse: 1.07644

Weights: [7000.0, 600.0, 0, 50.0, 0.0, 4.7562999999999995], lr=5.000e-05
Epoch: 0 [3590/10000 (36%)] Loss: 29.97816 = L_Mnfld: 6.10029 + L_NonMnfld: 12.89417 + L_Nrml: 0.00000 + L_Eknl: 5.54606 + L_Div: 0.00000 + L_Morse: 5.43764
Epoch: 0 [3590/10000 (36%)] Unweighted L_s : L_Mnfld: 0.00087,  L_NonMnfld: 0.02149,  L_Nrml: 0.00000,  L_Eknl: 0.11092, L_Morse: 1.14325

Weights: [7000.0, 600.0, 0, 50.0, 0.0, 4.7233], lr=5.000e-05
Epoch: 0 [3600/10000 (36%)] Loss: 28.74583 = L_Mnfld: 5.88458 + L_NonMnfld: 12.05016 + L_Nrml: 0.00000 + L_Eknl: 5.59046 + L_Div: 0.00000 + L_Morse: 5.22064
Epoch: 0 [3600/10000 (36%)] Unweighted L_s : L_Mnfld: 0.00084,  L_NonMnfld: 0.02008,  L_Nrml: 0.00000,  L_Eknl: 0.11181, L_Morse: 1.10529

Weights: [7000.0, 600.0, 0, 50.0, 0.0, 4.690300000000001], lr=5.000e-05
Epoch: 0 [3610/10000 (36%)] Loss: 29.53385 = L_Mnfld: 6.31375 + L_NonMnfld: 12.66700 + L_Nrml: 0.00000 + L_Eknl: 5.42042 + L_Div: 0.00000 + L_Morse: 5.13268
Epoch: 0 [3610/10000 (36%)] Unweighted L_s : L_Mnfld: 0.00090,  L_NonMnfld: 0.02111,  L_Nrml: 0.00000,  L_Eknl: 0.10841, L_Morse: 1.09432

Weights: [7000.0, 600.0, 0, 50.0, 0.0, 4.6573], lr=5.000e-05
Epoch: 0 [3620/10000 (36%)] Loss: 29.39701 = L_Mnfld: 6.16314 + L_NonMnfld: 12.56119 + L_Nrml: 0.00000 + L_Eknl: 5.45168 + L_Div: 0.00000 + L_Morse: 5.22100
Epoch: 0 [3620/10000 (36%)] Unweighted L_s : L_Mnfld: 0.00088,  L_NonMnfld: 0.02094,  L_Nrml: 0.00000,  L_Eknl: 0.10903, L_Morse: 1.12104

Weights: [7000.0, 600.0, 0, 50.0, 0.0, 4.6243], lr=5.000e-05
Epoch: 0 [3630/10000 (36%)] Loss: 29.16743 = L_Mnfld: 6.32954 + L_NonMnfld: 12.26550 + L_Nrml: 0.00000 + L_Eknl: 5.41698 + L_Div: 0.00000 + L_Morse: 5.15542
Epoch: 0 [3630/10000 (36%)] Unweighted L_s : L_Mnfld: 0.00090,  L_NonMnfld: 0.02044,  L_Nrml: 0.00000,  L_Eknl: 0.10834, L_Morse: 1.11485

Weights: [7000.0, 600.0, 0, 50.0, 0.0, 4.5913], lr=5.000e-05
Epoch: 0 [3640/10000 (36%)] Loss: 29.30751 = L_Mnfld: 5.92344 + L_NonMnfld: 12.79389 + L_Nrml: 0.00000 + L_Eknl: 5.40437 + L_Div: 0.00000 + L_Morse: 5.18580
Epoch: 0 [3640/10000 (36%)] Unweighted L_s : L_Mnfld: 0.00085,  L_NonMnfld: 0.02132,  L_Nrml: 0.00000,  L_Eknl: 0.10809, L_Morse: 1.12948

Weights: [7000.0, 600.0, 0, 50.0, 0.0, 4.5583], lr=5.000e-05
Epoch: 0 [3650/10000 (36%)] Loss: 30.35512 = L_Mnfld: 6.71154 + L_NonMnfld: 12.97658 + L_Nrml: 0.00000 + L_Eknl: 5.47243 + L_Div: 0.00000 + L_Morse: 5.19456
Epoch: 0 [3650/10000 (36%)] Unweighted L_s : L_Mnfld: 0.00096,  L_NonMnfld: 0.02163,  L_Nrml: 0.00000,  L_Eknl: 0.10945, L_Morse: 1.13958

Weights: [7000.0, 600.0, 0, 50.0, 0.0, 4.5253], lr=5.000e-05
Epoch: 0 [3660/10000 (37%)] Loss: 29.62303 = L_Mnfld: 5.81161 + L_NonMnfld: 13.28933 + L_Nrml: 0.00000 + L_Eknl: 5.29149 + L_Div: 0.00000 + L_Morse: 5.23060
Epoch: 0 [3660/10000 (37%)] Unweighted L_s : L_Mnfld: 0.00083,  L_NonMnfld: 0.02215,  L_Nrml: 0.00000,  L_Eknl: 0.10583, L_Morse: 1.15586

Weights: [7000.0, 600.0, 0, 50.0, 0.0, 4.4923], lr=5.000e-05
Epoch: 0 [3670/10000 (37%)] Loss: 29.62772 = L_Mnfld: 6.08633 + L_NonMnfld: 13.23976 + L_Nrml: 0.00000 + L_Eknl: 5.24703 + L_Div: 0.00000 + L_Morse: 5.05460
Epoch: 0 [3670/10000 (37%)] Unweighted L_s : L_Mnfld: 0.00087,  L_NonMnfld: 0.02207,  L_Nrml: 0.00000,  L_Eknl: 0.10494, L_Morse: 1.12517

Weights: [7000.0, 600.0, 0, 50.0, 0.0, 4.4593], lr=5.000e-05
Epoch: 0 [3680/10000 (37%)] Loss: 30.22857 = L_Mnfld: 6.66204 + L_NonMnfld: 12.89162 + L_Nrml: 0.00000 + L_Eknl: 5.40741 + L_Div: 0.00000 + L_Morse: 5.26750
Epoch: 0 [3680/10000 (37%)] Unweighted L_s : L_Mnfld: 0.00095,  L_NonMnfld: 0.02149,  L_Nrml: 0.00000,  L_Eknl: 0.10815, L_Morse: 1.18124

Weights: [7000.0, 600.0, 0, 50.0, 0.0, 4.4262999999999995], lr=5.000e-05
Epoch: 0 [3690/10000 (37%)] Loss: 30.21447 = L_Mnfld: 5.94548 + L_NonMnfld: 13.62738 + L_Nrml: 0.00000 + L_Eknl: 5.40258 + L_Div: 0.00000 + L_Morse: 5.23902
Epoch: 0 [3690/10000 (37%)] Unweighted L_s : L_Mnfld: 0.00085,  L_NonMnfld: 0.02271,  L_Nrml: 0.00000,  L_Eknl: 0.10805, L_Morse: 1.18361

Weights: [7000.0, 600.0, 0, 50.0, 0.0, 4.3933], lr=5.000e-05
Epoch: 0 [3700/10000 (37%)] Loss: 30.17793 = L_Mnfld: 6.26621 + L_NonMnfld: 13.32544 + L_Nrml: 0.00000 + L_Eknl: 5.27688 + L_Div: 0.00000 + L_Morse: 5.30939
Epoch: 0 [3700/10000 (37%)] Unweighted L_s : L_Mnfld: 0.00090,  L_NonMnfld: 0.02221,  L_Nrml: 0.00000,  L_Eknl: 0.10554, L_Morse: 1.20852

Weights: [7000.0, 600.0, 0, 50.0, 0.0, 4.3603], lr=5.000e-05
Epoch: 0 [3710/10000 (37%)] Loss: 29.40921 = L_Mnfld: 6.63679 + L_NonMnfld: 12.42690 + L_Nrml: 0.00000 + L_Eknl: 5.26933 + L_Div: 0.00000 + L_Morse: 5.07619
Epoch: 0 [3710/10000 (37%)] Unweighted L_s : L_Mnfld: 0.00095,  L_NonMnfld: 0.02071,  L_Nrml: 0.00000,  L_Eknl: 0.10539, L_Morse: 1.16418

Weights: [7000.0, 600.0, 0, 50.0, 0.0, 4.327299999999999], lr=5.000e-05
Epoch: 0 [3720/10000 (37%)] Loss: 29.36446 = L_Mnfld: 6.25568 + L_NonMnfld: 12.77681 + L_Nrml: 0.00000 + L_Eknl: 5.24633 + L_Div: 0.00000 + L_Morse: 5.08564
Epoch: 0 [3720/10000 (37%)] Unweighted L_s : L_Mnfld: 0.00089,  L_NonMnfld: 0.02129,  L_Nrml: 0.00000,  L_Eknl: 0.10493, L_Morse: 1.17524

Weights: [7000.0, 600.0, 0, 50.0, 0.0, 4.2943], lr=5.000e-05
Epoch: 0 [3730/10000 (37%)] Loss: 29.73468 = L_Mnfld: 6.41037 + L_NonMnfld: 13.19613 + L_Nrml: 0.00000 + L_Eknl: 5.19916 + L_Div: 0.00000 + L_Morse: 4.92902
Epoch: 0 [3730/10000 (37%)] Unweighted L_s : L_Mnfld: 0.00092,  L_NonMnfld: 0.02199,  L_Nrml: 0.00000,  L_Eknl: 0.10398, L_Morse: 1.14781

Weights: [7000.0, 600.0, 0, 50.0, 0.0, 4.261299999999999], lr=5.000e-05
Epoch: 0 [3740/10000 (37%)] Loss: 28.24659 = L_Mnfld: 5.72169 + L_NonMnfld: 12.45906 + L_Nrml: 0.00000 + L_Eknl: 5.20200 + L_Div: 0.00000 + L_Morse: 4.86384
Epoch: 0 [3740/10000 (37%)] Unweighted L_s : L_Mnfld: 0.00082,  L_NonMnfld: 0.02077,  L_Nrml: 0.00000,  L_Eknl: 0.10404, L_Morse: 1.14140

Weights: [7000.0, 600.0, 0, 50.0, 0.0, 4.228299999999999], lr=5.000e-05
Epoch: 0 [3750/10000 (38%)] Loss: 28.85381 = L_Mnfld: 6.50597 + L_NonMnfld: 12.24198 + L_Nrml: 0.00000 + L_Eknl: 5.07383 + L_Div: 0.00000 + L_Morse: 5.03204
Epoch: 0 [3750/10000 (38%)] Unweighted L_s : L_Mnfld: 0.00093,  L_NonMnfld: 0.02040,  L_Nrml: 0.00000,  L_Eknl: 0.10148, L_Morse: 1.19009

Weights: [7000.0, 600.0, 0, 50.0, 0.0, 4.1953], lr=5.000e-05
Epoch: 0 [3760/10000 (38%)] Loss: 28.94178 = L_Mnfld: 5.93866 + L_NonMnfld: 12.80049 + L_Nrml: 0.00000 + L_Eknl: 5.19850 + L_Div: 0.00000 + L_Morse: 5.00413
Epoch: 0 [3760/10000 (38%)] Unweighted L_s : L_Mnfld: 0.00085,  L_NonMnfld: 0.02133,  L_Nrml: 0.00000,  L_Eknl: 0.10397, L_Morse: 1.19279

Weights: [7000.0, 600.0, 0, 50.0, 0.0, 4.162299999999999], lr=5.000e-05
Epoch: 0 [3770/10000 (38%)] Loss: 29.17167 = L_Mnfld: 6.44605 + L_NonMnfld: 12.40042 + L_Nrml: 0.00000 + L_Eknl: 5.28197 + L_Div: 0.00000 + L_Morse: 5.04322
Epoch: 0 [3770/10000 (38%)] Unweighted L_s : L_Mnfld: 0.00092,  L_NonMnfld: 0.02067,  L_Nrml: 0.00000,  L_Eknl: 0.10564, L_Morse: 1.21164

Weights: [7000.0, 600.0, 0, 50.0, 0.0, 4.129299999999999], lr=5.000e-05
Epoch: 0 [3780/10000 (38%)] Loss: 29.46963 = L_Mnfld: 6.07513 + L_NonMnfld: 13.46086 + L_Nrml: 0.00000 + L_Eknl: 5.24452 + L_Div: 0.00000 + L_Morse: 4.68913
Epoch: 0 [3780/10000 (38%)] Unweighted L_s : L_Mnfld: 0.00087,  L_NonMnfld: 0.02243,  L_Nrml: 0.00000,  L_Eknl: 0.10489, L_Morse: 1.13558

Weights: [7000.0, 600.0, 0, 50.0, 0.0, 4.096299999999999], lr=5.000e-05
Epoch: 0 [3790/10000 (38%)] Loss: 29.47527 = L_Mnfld: 6.77197 + L_NonMnfld: 12.59319 + L_Nrml: 0.00000 + L_Eknl: 5.20207 + L_Div: 0.00000 + L_Morse: 4.90803
Epoch: 0 [3790/10000 (38%)] Unweighted L_s : L_Mnfld: 0.00097,  L_NonMnfld: 0.02099,  L_Nrml: 0.00000,  L_Eknl: 0.10404, L_Morse: 1.19816

Weights: [7000.0, 600.0, 0, 50.0, 0.0, 4.063299999999999], lr=5.000e-05
Epoch: 0 [3800/10000 (38%)] Loss: 28.57580 = L_Mnfld: 5.88191 + L_NonMnfld: 12.95070 + L_Nrml: 0.00000 + L_Eknl: 5.01498 + L_Div: 0.00000 + L_Morse: 4.72820
Epoch: 0 [3800/10000 (38%)] Unweighted L_s : L_Mnfld: 0.00084,  L_NonMnfld: 0.02158,  L_Nrml: 0.00000,  L_Eknl: 0.10030, L_Morse: 1.16364

Weights: [7000.0, 600.0, 0, 50.0, 0.0, 4.030299999999999], lr=5.000e-05
Epoch: 0 [3810/10000 (38%)] Loss: 28.95597 = L_Mnfld: 6.13038 + L_NonMnfld: 13.01203 + L_Nrml: 0.00000 + L_Eknl: 4.94343 + L_Div: 0.00000 + L_Morse: 4.87014
Epoch: 0 [3810/10000 (38%)] Unweighted L_s : L_Mnfld: 0.00088,  L_NonMnfld: 0.02169,  L_Nrml: 0.00000,  L_Eknl: 0.09887, L_Morse: 1.20838

Weights: [7000.0, 600.0, 0, 50.0, 0.0, 3.9973], lr=5.000e-05
Epoch: 0 [3820/10000 (38%)] Loss: 28.53036 = L_Mnfld: 6.06241 + L_NonMnfld: 12.77149 + L_Nrml: 0.00000 + L_Eknl: 4.99322 + L_Div: 0.00000 + L_Morse: 4.70324
Epoch: 0 [3820/10000 (38%)] Unweighted L_s : L_Mnfld: 0.00087,  L_NonMnfld: 0.02129,  L_Nrml: 0.00000,  L_Eknl: 0.09986, L_Morse: 1.17661

Weights: [7000.0, 600.0, 0, 50.0, 0.0, 3.9642999999999997], lr=5.000e-05
Epoch: 0 [3830/10000 (38%)] Loss: 28.65370 = L_Mnfld: 6.42126 + L_NonMnfld: 12.53297 + L_Nrml: 0.00000 + L_Eknl: 4.89955 + L_Div: 0.00000 + L_Morse: 4.79992
Epoch: 0 [3830/10000 (38%)] Unweighted L_s : L_Mnfld: 0.00092,  L_NonMnfld: 0.02089,  L_Nrml: 0.00000,  L_Eknl: 0.09799, L_Morse: 1.21079

Weights: [7000.0, 600.0, 0, 50.0, 0.0, 3.9312999999999994], lr=5.000e-05
Epoch: 0 [3840/10000 (38%)] Loss: 29.72991 = L_Mnfld: 6.18296 + L_NonMnfld: 14.10902 + L_Nrml: 0.00000 + L_Eknl: 4.88955 + L_Div: 0.00000 + L_Morse: 4.54838
Epoch: 0 [3840/10000 (38%)] Unweighted L_s : L_Mnfld: 0.00088,  L_NonMnfld: 0.02352,  L_Nrml: 0.00000,  L_Eknl: 0.09779, L_Morse: 1.15697

Weights: [7000.0, 600.0, 0, 50.0, 0.0, 3.8983], lr=5.000e-05
Epoch: 0 [3850/10000 (38%)] Loss: 28.69976 = L_Mnfld: 6.08046 + L_NonMnfld: 12.86154 + L_Nrml: 0.00000 + L_Eknl: 4.93865 + L_Div: 0.00000 + L_Morse: 4.81910
Epoch: 0 [3850/10000 (38%)] Unweighted L_s : L_Mnfld: 0.00087,  L_NonMnfld: 0.02144,  L_Nrml: 0.00000,  L_Eknl: 0.09877, L_Morse: 1.23621

Weights: [7000.0, 600.0, 0, 50.0, 0.0, 3.8652999999999995], lr=5.000e-05
Epoch: 0 [3860/10000 (39%)] Loss: 27.89943 = L_Mnfld: 6.07218 + L_NonMnfld: 12.26504 + L_Nrml: 0.00000 + L_Eknl: 4.88540 + L_Div: 0.00000 + L_Morse: 4.67682
Epoch: 0 [3860/10000 (39%)] Unweighted L_s : L_Mnfld: 0.00087,  L_NonMnfld: 0.02044,  L_Nrml: 0.00000,  L_Eknl: 0.09771, L_Morse: 1.20995

Weights: [7000.0, 600.0, 0, 50.0, 0.0, 3.832299999999999], lr=5.000e-05
Epoch: 0 [3870/10000 (39%)] Loss: 28.40415 = L_Mnfld: 6.35325 + L_NonMnfld: 12.53294 + L_Nrml: 0.00000 + L_Eknl: 4.81928 + L_Div: 0.00000 + L_Morse: 4.69867
Epoch: 0 [3870/10000 (39%)] Unweighted L_s : L_Mnfld: 0.00091,  L_NonMnfld: 0.02089,  L_Nrml: 0.00000,  L_Eknl: 0.09639, L_Morse: 1.22607

Weights: [7000.0, 600.0, 0, 50.0, 0.0, 3.7992999999999997], lr=5.000e-05
Epoch: 0 [3880/10000 (39%)] Loss: 28.07406 = L_Mnfld: 5.93418 + L_NonMnfld: 12.64932 + L_Nrml: 0.00000 + L_Eknl: 4.90464 + L_Div: 0.00000 + L_Morse: 4.58592
Epoch: 0 [3880/10000 (39%)] Unweighted L_s : L_Mnfld: 0.00085,  L_NonMnfld: 0.02108,  L_Nrml: 0.00000,  L_Eknl: 0.09809, L_Morse: 1.20704

Weights: [7000.0, 600.0, 0, 50.0, 0.0, 3.7662999999999993], lr=5.000e-05
Epoch: 0 [3890/10000 (39%)] Loss: 28.30459 = L_Mnfld: 6.48998 + L_NonMnfld: 12.54531 + L_Nrml: 0.00000 + L_Eknl: 4.78375 + L_Div: 0.00000 + L_Morse: 4.48555
Epoch: 0 [3890/10000 (39%)] Unweighted L_s : L_Mnfld: 0.00093,  L_NonMnfld: 0.02091,  L_Nrml: 0.00000,  L_Eknl: 0.09568, L_Morse: 1.19097

Weights: [7000.0, 600.0, 0, 50.0, 0.0, 3.733299999999999], lr=5.000e-05
Epoch: 0 [3900/10000 (39%)] Loss: 30.62771 = L_Mnfld: 7.06012 + L_NonMnfld: 13.51513 + L_Nrml: 0.00000 + L_Eknl: 5.13777 + L_Div: 0.00000 + L_Morse: 4.91470
Epoch: 0 [3900/10000 (39%)] Unweighted L_s : L_Mnfld: 0.00101,  L_NonMnfld: 0.02253,  L_Nrml: 0.00000,  L_Eknl: 0.10276, L_Morse: 1.31645

Weights: [7000.0, 600.0, 0, 50.0, 0.0, 3.7002999999999995], lr=5.000e-05
Epoch: 0 [3910/10000 (39%)] Loss: 30.47446 = L_Mnfld: 6.77135 + L_NonMnfld: 13.72733 + L_Nrml: 0.00000 + L_Eknl: 5.09890 + L_Div: 0.00000 + L_Morse: 4.87687
Epoch: 0 [3910/10000 (39%)] Unweighted L_s : L_Mnfld: 0.00097,  L_NonMnfld: 0.02288,  L_Nrml: 0.00000,  L_Eknl: 0.10198, L_Morse: 1.31797

Weights: [7000.0, 600.0, 0, 50.0, 0.0, 3.667299999999999], lr=5.000e-05
Epoch: 0 [3920/10000 (39%)] Loss: 27.83372 = L_Mnfld: 6.05100 + L_NonMnfld: 11.94270 + L_Nrml: 0.00000 + L_Eknl: 5.11721 + L_Div: 0.00000 + L_Morse: 4.72281
Epoch: 0 [3920/10000 (39%)] Unweighted L_s : L_Mnfld: 0.00086,  L_NonMnfld: 0.01990,  L_Nrml: 0.00000,  L_Eknl: 0.10234, L_Morse: 1.28782

Weights: [7000.0, 600.0, 0, 50.0, 0.0, 3.6342999999999988], lr=5.000e-05
Epoch: 0 [3930/10000 (39%)] Loss: 29.76900 = L_Mnfld: 7.95519 + L_NonMnfld: 11.92215 + L_Nrml: 0.00000 + L_Eknl: 5.27913 + L_Div: 0.00000 + L_Morse: 4.61253
Epoch: 0 [3930/10000 (39%)] Unweighted L_s : L_Mnfld: 0.00114,  L_NonMnfld: 0.01987,  L_Nrml: 0.00000,  L_Eknl: 0.10558, L_Morse: 1.26917

Weights: [7000.0, 600.0, 0, 50.0, 0.0, 3.601300000000001], lr=5.000e-05
Epoch: 0 [3940/10000 (39%)] Loss: 32.67572 = L_Mnfld: 9.50519 + L_NonMnfld: 13.32236 + L_Nrml: 0.00000 + L_Eknl: 5.22918 + L_Div: 0.00000 + L_Morse: 4.61899
Epoch: 0 [3940/10000 (39%)] Unweighted L_s : L_Mnfld: 0.00136,  L_NonMnfld: 0.02220,  L_Nrml: 0.00000,  L_Eknl: 0.10458, L_Morse: 1.28259

Weights: [7000.0, 600.0, 0, 50.0, 0.0, 3.5683000000000007], lr=5.000e-05
Epoch: 0 [3950/10000 (40%)] Loss: 32.68370 = L_Mnfld: 10.10376 + L_NonMnfld: 11.94738 + L_Nrml: 0.00000 + L_Eknl: 5.61013 + L_Div: 0.00000 + L_Morse: 5.02243
Epoch: 0 [3950/10000 (40%)] Unweighted L_s : L_Mnfld: 0.00144,  L_NonMnfld: 0.01991,  L_Nrml: 0.00000,  L_Eknl: 0.11220, L_Morse: 1.40751

Weights: [7000.0, 600.0, 0, 50.0, 0.0, 3.535300000000001], lr=5.000e-05
Epoch: 0 [3960/10000 (40%)] Loss: 45.68833 = L_Mnfld: 20.29573 + L_NonMnfld: 12.91623 + L_Nrml: 0.00000 + L_Eknl: 7.02806 + L_Div: 0.00000 + L_Morse: 5.44830
Epoch: 0 [3960/10000 (40%)] Unweighted L_s : L_Mnfld: 0.00290,  L_NonMnfld: 0.02153,  L_Nrml: 0.00000,  L_Eknl: 0.14056, L_Morse: 1.54111

Weights: [7000.0, 600.0, 0, 50.0, 0.0, 3.502300000000001], lr=5.000e-05
Epoch: 0 [3970/10000 (40%)] Loss: 64.13984 = L_Mnfld: 37.09456 + L_NonMnfld: 12.26461 + L_Nrml: 0.00000 + L_Eknl: 8.56339 + L_Div: 0.00000 + L_Morse: 6.21728
Epoch: 0 [3970/10000 (40%)] Unweighted L_s : L_Mnfld: 0.00530,  L_NonMnfld: 0.02044,  L_Nrml: 0.00000,  L_Eknl: 0.17127, L_Morse: 1.77520

Weights: [7000.0, 600.0, 0, 50.0, 0.0, 3.4693000000000005], lr=5.000e-05
Epoch: 0 [3980/10000 (40%)] Loss: 56.88029 = L_Mnfld: 26.89714 + L_NonMnfld: 13.95123 + L_Nrml: 0.00000 + L_Eknl: 9.82570 + L_Div: 0.00000 + L_Morse: 6.20622
Epoch: 0 [3980/10000 (40%)] Unweighted L_s : L_Mnfld: 0.00384,  L_NonMnfld: 0.02325,  L_Nrml: 0.00000,  L_Eknl: 0.19651, L_Morse: 1.78890

Weights: [7000.0, 600.0, 0, 50.0, 0.0, 3.436300000000001], lr=5.000e-05
Epoch: 0 [3990/10000 (40%)] Loss: 52.73088 = L_Mnfld: 25.11017 + L_NonMnfld: 12.58067 + L_Nrml: 0.00000 + L_Eknl: 9.09294 + L_Div: 0.00000 + L_Morse: 5.94711
Epoch: 0 [3990/10000 (40%)] Unweighted L_s : L_Mnfld: 0.00359,  L_NonMnfld: 0.02097,  L_Nrml: 0.00000,  L_Eknl: 0.18186, L_Morse: 1.73067

Weights: [7000.0, 600.0, 0, 50.0, 0.0, 3.4033000000000007], lr=5.000e-05
Epoch: 0 [4000/10000 (40%)] Loss: 49.52501 = L_Mnfld: 21.35169 + L_NonMnfld: 14.60257 + L_Nrml: 0.00000 + L_Eknl: 8.17304 + L_Div: 0.00000 + L_Morse: 5.39771
Epoch: 0 [4000/10000 (40%)] Unweighted L_s : L_Mnfld: 0.00305,  L_NonMnfld: 0.02434,  L_Nrml: 0.00000,  L_Eknl: 0.16346, L_Morse: 1.58602

Weights: [7000.0, 600.0, 0, 50.0, 0.0, 3.3703000000000003], lr=5.000e-05
Epoch: 0 [4010/10000 (40%)] Loss: 47.52708 = L_Mnfld: 20.38473 + L_NonMnfld: 13.99813 + L_Nrml: 0.00000 + L_Eknl: 8.21439 + L_Div: 0.00000 + L_Morse: 4.92983
Epoch: 0 [4010/10000 (40%)] Unweighted L_s : L_Mnfld: 0.00291,  L_NonMnfld: 0.02333,  L_Nrml: 0.00000,  L_Eknl: 0.16429, L_Morse: 1.46273

Weights: [7000.0, 600.0, 0, 50.0, 0.0, 3.337300000000001], lr=5.000e-05
Epoch: 0 [4020/10000 (40%)] Loss: 44.42017 = L_Mnfld: 19.29488 + L_NonMnfld: 13.27122 + L_Nrml: 0.00000 + L_Eknl: 7.09025 + L_Div: 0.00000 + L_Morse: 4.76381
Epoch: 0 [4020/10000 (40%)] Unweighted L_s : L_Mnfld: 0.00276,  L_NonMnfld: 0.02212,  L_Nrml: 0.00000,  L_Eknl: 0.14181, L_Morse: 1.42745

Weights: [7000.0, 600.0, 0, 50.0, 0.0, 3.3043000000000005], lr=5.000e-05
Epoch: 0 [4030/10000 (40%)] Loss: 39.51869 = L_Mnfld: 14.67263 + L_NonMnfld: 13.83627 + L_Nrml: 0.00000 + L_Eknl: 6.44444 + L_Div: 0.00000 + L_Morse: 4.56535
Epoch: 0 [4030/10000 (40%)] Unweighted L_s : L_Mnfld: 0.00210,  L_NonMnfld: 0.02306,  L_Nrml: 0.00000,  L_Eknl: 0.12889, L_Morse: 1.38164

Weights: [7000.0, 600.0, 0, 50.0, 0.0, 3.2713], lr=5.000e-05
Epoch: 0 [4040/10000 (40%)] Loss: 34.77722 = L_Mnfld: 10.85139 + L_NonMnfld: 13.48737 + L_Nrml: 0.00000 + L_Eknl: 6.15517 + L_Div: 0.00000 + L_Morse: 4.28329
Epoch: 0 [4040/10000 (40%)] Unweighted L_s : L_Mnfld: 0.00155,  L_NonMnfld: 0.02248,  L_Nrml: 0.00000,  L_Eknl: 0.12310, L_Morse: 1.30936

Weights: [7000.0, 600.0, 0, 50.0, 0.0, 3.2383000000000006], lr=5.000e-05
Epoch: 0 [4050/10000 (40%)] Loss: 32.77169 = L_Mnfld: 9.95221 + L_NonMnfld: 12.85208 + L_Nrml: 0.00000 + L_Eknl: 5.69742 + L_Div: 0.00000 + L_Morse: 4.26999
Epoch: 0 [4050/10000 (40%)] Unweighted L_s : L_Mnfld: 0.00142,  L_NonMnfld: 0.02142,  L_Nrml: 0.00000,  L_Eknl: 0.11395, L_Morse: 1.31859

Weights: [7000.0, 600.0, 0, 50.0, 0.0, 3.2053000000000003], lr=5.000e-05
Epoch: 0 [4060/10000 (41%)] Loss: 30.79389 = L_Mnfld: 8.56798 + L_NonMnfld: 12.40564 + L_Nrml: 0.00000 + L_Eknl: 5.48833 + L_Div: 0.00000 + L_Morse: 4.33194
Epoch: 0 [4060/10000 (41%)] Unweighted L_s : L_Mnfld: 0.00122,  L_NonMnfld: 0.02068,  L_Nrml: 0.00000,  L_Eknl: 0.10977, L_Morse: 1.35149

Weights: [7000.0, 600.0, 0, 50.0, 0.0, 3.1723], lr=5.000e-05
Epoch: 0 [4070/10000 (41%)] Loss: 30.25331 = L_Mnfld: 7.90798 + L_NonMnfld: 12.70945 + L_Nrml: 0.00000 + L_Eknl: 5.38978 + L_Div: 0.00000 + L_Morse: 4.24611
Epoch: 0 [4070/10000 (41%)] Unweighted L_s : L_Mnfld: 0.00113,  L_NonMnfld: 0.02118,  L_Nrml: 0.00000,  L_Eknl: 0.10780, L_Morse: 1.33849

Weights: [7000.0, 600.0, 0, 50.0, 0.0, 3.1393000000000004], lr=5.000e-05
Epoch: 0 [4080/10000 (41%)] Loss: 29.08579 = L_Mnfld: 7.62379 + L_NonMnfld: 12.20442 + L_Nrml: 0.00000 + L_Eknl: 5.24263 + L_Div: 0.00000 + L_Morse: 4.01494
Epoch: 0 [4080/10000 (41%)] Unweighted L_s : L_Mnfld: 0.00109,  L_NonMnfld: 0.02034,  L_Nrml: 0.00000,  L_Eknl: 0.10485, L_Morse: 1.27893

Weights: [7000.0, 600.0, 0, 50.0, 0.0, 3.1063], lr=5.000e-05
Epoch: 0 [4090/10000 (41%)] Loss: 27.77820 = L_Mnfld: 7.45190 + L_NonMnfld: 11.32887 + L_Nrml: 0.00000 + L_Eknl: 5.06412 + L_Div: 0.00000 + L_Morse: 3.93331
Epoch: 0 [4090/10000 (41%)] Unweighted L_s : L_Mnfld: 0.00106,  L_NonMnfld: 0.01888,  L_Nrml: 0.00000,  L_Eknl: 0.10128, L_Morse: 1.26624

Weights: [7000.0, 600.0, 0, 50.0, 0.0, 3.0732999999999997], lr=5.000e-05
Epoch: 0 [4100/10000 (41%)] Loss: 29.80364 = L_Mnfld: 7.34744 + L_NonMnfld: 13.43017 + L_Nrml: 0.00000 + L_Eknl: 5.10532 + L_Div: 0.00000 + L_Morse: 3.92071
Epoch: 0 [4100/10000 (41%)] Unweighted L_s : L_Mnfld: 0.00105,  L_NonMnfld: 0.02238,  L_Nrml: 0.00000,  L_Eknl: 0.10211, L_Morse: 1.27573

Weights: [7000.0, 600.0, 0, 50.0, 0.0, 3.0403000000000002], lr=5.000e-05
Epoch: 0 [4110/10000 (41%)] Loss: 28.26271 = L_Mnfld: 6.87467 + L_NonMnfld: 12.47834 + L_Nrml: 0.00000 + L_Eknl: 5.08572 + L_Div: 0.00000 + L_Morse: 3.82398
Epoch: 0 [4110/10000 (41%)] Unweighted L_s : L_Mnfld: 0.00098,  L_NonMnfld: 0.02080,  L_Nrml: 0.00000,  L_Eknl: 0.10171, L_Morse: 1.25776

Weights: [7000.0, 600.0, 0, 50.0, 0.0, 3.0073], lr=5.000e-05
Epoch: 0 [4120/10000 (41%)] Loss: 29.12771 = L_Mnfld: 6.71997 + L_NonMnfld: 13.52537 + L_Nrml: 0.00000 + L_Eknl: 4.97505 + L_Div: 0.00000 + L_Morse: 3.90732
Epoch: 0 [4120/10000 (41%)] Unweighted L_s : L_Mnfld: 0.00096,  L_NonMnfld: 0.02254,  L_Nrml: 0.00000,  L_Eknl: 0.09950, L_Morse: 1.29928

Weights: [7000.0, 600.0, 0, 50.0, 0.0, 2.9742999999999995], lr=5.000e-05
Epoch: 0 [4130/10000 (41%)] Loss: 27.94751 = L_Mnfld: 6.77781 + L_NonMnfld: 12.50139 + L_Nrml: 0.00000 + L_Eknl: 4.85656 + L_Div: 0.00000 + L_Morse: 3.81175
Epoch: 0 [4130/10000 (41%)] Unweighted L_s : L_Mnfld: 0.00097,  L_NonMnfld: 0.02084,  L_Nrml: 0.00000,  L_Eknl: 0.09713, L_Morse: 1.28156

Weights: [7000.0, 600.0, 0, 50.0, 0.0, 2.9413], lr=5.000e-05
Epoch: 0 [4140/10000 (41%)] Loss: 28.92400 = L_Mnfld: 7.15134 + L_NonMnfld: 13.11059 + L_Nrml: 0.00000 + L_Eknl: 4.90654 + L_Div: 0.00000 + L_Morse: 3.75552
Epoch: 0 [4140/10000 (41%)] Unweighted L_s : L_Mnfld: 0.00102,  L_NonMnfld: 0.02185,  L_Nrml: 0.00000,  L_Eknl: 0.09813, L_Morse: 1.27682

Weights: [7000.0, 600.0, 0, 50.0, 0.0, 2.9082999999999997], lr=5.000e-05
Epoch: 0 [4150/10000 (42%)] Loss: 28.28698 = L_Mnfld: 7.24061 + L_NonMnfld: 12.24727 + L_Nrml: 0.00000 + L_Eknl: 4.97765 + L_Div: 0.00000 + L_Morse: 3.82146
Epoch: 0 [4150/10000 (42%)] Unweighted L_s : L_Mnfld: 0.00103,  L_NonMnfld: 0.02041,  L_Nrml: 0.00000,  L_Eknl: 0.09955, L_Morse: 1.31398

Weights: [7000.0, 600.0, 0, 50.0, 0.0, 2.8752999999999993], lr=5.000e-05
Epoch: 0 [4160/10000 (42%)] Loss: 27.13565 = L_Mnfld: 6.85563 + L_NonMnfld: 11.93172 + L_Nrml: 0.00000 + L_Eknl: 4.77330 + L_Div: 0.00000 + L_Morse: 3.57500
Epoch: 0 [4160/10000 (42%)] Unweighted L_s : L_Mnfld: 0.00098,  L_NonMnfld: 0.01989,  L_Nrml: 0.00000,  L_Eknl: 0.09547, L_Morse: 1.24335

Weights: [7000.0, 600.0, 0, 50.0, 0.0, 2.8423], lr=5.000e-05
Epoch: 0 [4170/10000 (42%)] Loss: 27.44152 = L_Mnfld: 6.44628 + L_NonMnfld: 12.52862 + L_Nrml: 0.00000 + L_Eknl: 4.80049 + L_Div: 0.00000 + L_Morse: 3.66612
Epoch: 0 [4170/10000 (42%)] Unweighted L_s : L_Mnfld: 0.00092,  L_NonMnfld: 0.02088,  L_Nrml: 0.00000,  L_Eknl: 0.09601, L_Morse: 1.28984

Weights: [7000.0, 600.0, 0, 50.0, 0.0, 2.8092999999999995], lr=5.000e-05
Epoch: 0 [4180/10000 (42%)] Loss: 29.03517 = L_Mnfld: 6.86592 + L_NonMnfld: 13.78371 + L_Nrml: 0.00000 + L_Eknl: 4.74479 + L_Div: 0.00000 + L_Morse: 3.64075
Epoch: 0 [4180/10000 (42%)] Unweighted L_s : L_Mnfld: 0.00098,  L_NonMnfld: 0.02297,  L_Nrml: 0.00000,  L_Eknl: 0.09490, L_Morse: 1.29596

Weights: [7000.0, 600.0, 0, 50.0, 0.0, 2.776299999999999], lr=5.000e-05
Epoch: 0 [4190/10000 (42%)] Loss: 28.22081 = L_Mnfld: 6.87452 + L_NonMnfld: 13.02089 + L_Nrml: 0.00000 + L_Eknl: 4.73635 + L_Div: 0.00000 + L_Morse: 3.58906
Epoch: 0 [4190/10000 (42%)] Unweighted L_s : L_Mnfld: 0.00098,  L_NonMnfld: 0.02170,  L_Nrml: 0.00000,  L_Eknl: 0.09473, L_Morse: 1.29275

Weights: [7000.0, 600.0, 0, 50.0, 0.0, 2.7432999999999996], lr=5.000e-05
Epoch: 0 [4200/10000 (42%)] Loss: 28.12751 = L_Mnfld: 6.76678 + L_NonMnfld: 13.14666 + L_Nrml: 0.00000 + L_Eknl: 4.68791 + L_Div: 0.00000 + L_Morse: 3.52616
Epoch: 0 [4200/10000 (42%)] Unweighted L_s : L_Mnfld: 0.00097,  L_NonMnfld: 0.02191,  L_Nrml: 0.00000,  L_Eknl: 0.09376, L_Morse: 1.28537

Weights: [7000.0, 600.0, 0, 50.0, 0.0, 2.7102999999999993], lr=5.000e-05
Epoch: 0 [4210/10000 (42%)] Loss: 27.14852 = L_Mnfld: 6.54164 + L_NonMnfld: 12.28514 + L_Nrml: 0.00000 + L_Eknl: 4.68887 + L_Div: 0.00000 + L_Morse: 3.63287
Epoch: 0 [4210/10000 (42%)] Unweighted L_s : L_Mnfld: 0.00093,  L_NonMnfld: 0.02048,  L_Nrml: 0.00000,  L_Eknl: 0.09378, L_Morse: 1.34040

Weights: [7000.0, 600.0, 0, 50.0, 0.0, 2.677299999999999], lr=5.000e-05
Epoch: 0 [4220/10000 (42%)] Loss: 27.02975 = L_Mnfld: 6.51867 + L_NonMnfld: 12.51268 + L_Nrml: 0.00000 + L_Eknl: 4.57641 + L_Div: 0.00000 + L_Morse: 3.42199
Epoch: 0 [4220/10000 (42%)] Unweighted L_s : L_Mnfld: 0.00093,  L_NonMnfld: 0.02085,  L_Nrml: 0.00000,  L_Eknl: 0.09153, L_Morse: 1.27815

Weights: [7000.0, 600.0, 0, 50.0, 0.0, 2.6442999999999994], lr=5.000e-05
Epoch: 0 [4230/10000 (42%)] Loss: 27.50209 = L_Mnfld: 6.77582 + L_NonMnfld: 12.59205 + L_Nrml: 0.00000 + L_Eknl: 4.65085 + L_Div: 0.00000 + L_Morse: 3.48337
Epoch: 0 [4230/10000 (42%)] Unweighted L_s : L_Mnfld: 0.00097,  L_NonMnfld: 0.02099,  L_Nrml: 0.00000,  L_Eknl: 0.09302, L_Morse: 1.31731

Weights: [7000.0, 600.0, 0, 50.0, 0.0, 2.611300000000001], lr=5.000e-05
Epoch: 0 [4240/10000 (42%)] Loss: 27.54234 = L_Mnfld: 6.65277 + L_NonMnfld: 12.81402 + L_Nrml: 0.00000 + L_Eknl: 4.57792 + L_Div: 0.00000 + L_Morse: 3.49764
Epoch: 0 [4240/10000 (42%)] Unweighted L_s : L_Mnfld: 0.00095,  L_NonMnfld: 0.02136,  L_Nrml: 0.00000,  L_Eknl: 0.09156, L_Morse: 1.33942

Weights: [7000.0, 600.0, 0, 50.0, 0.0, 2.5783000000000005], lr=5.000e-05
Epoch: 0 [4250/10000 (42%)] Loss: 27.86447 = L_Mnfld: 6.59682 + L_NonMnfld: 13.38961 + L_Nrml: 0.00000 + L_Eknl: 4.46674 + L_Div: 0.00000 + L_Morse: 3.41130
Epoch: 0 [4250/10000 (42%)] Unweighted L_s : L_Mnfld: 0.00094,  L_NonMnfld: 0.02232,  L_Nrml: 0.00000,  L_Eknl: 0.08933, L_Morse: 1.32308

Weights: [7000.0, 600.0, 0, 50.0, 0.0, 2.5453], lr=5.000e-05
Epoch: 0 [4260/10000 (43%)] Loss: 26.99543 = L_Mnfld: 6.48810 + L_NonMnfld: 12.58713 + L_Nrml: 0.00000 + L_Eknl: 4.45877 + L_Div: 0.00000 + L_Morse: 3.46144
Epoch: 0 [4260/10000 (43%)] Unweighted L_s : L_Mnfld: 0.00093,  L_NonMnfld: 0.02098,  L_Nrml: 0.00000,  L_Eknl: 0.08918, L_Morse: 1.35994

Weights: [7000.0, 600.0, 0, 50.0, 0.0, 2.5123000000000006], lr=5.000e-05
Epoch: 0 [4270/10000 (43%)] Loss: 26.41621 = L_Mnfld: 6.63221 + L_NonMnfld: 11.75498 + L_Nrml: 0.00000 + L_Eknl: 4.66940 + L_Div: 0.00000 + L_Morse: 3.35962
Epoch: 0 [4270/10000 (43%)] Unweighted L_s : L_Mnfld: 0.00095,  L_NonMnfld: 0.01959,  L_Nrml: 0.00000,  L_Eknl: 0.09339, L_Morse: 1.33727

Weights: [7000.0, 600.0, 0, 50.0, 0.0, 2.4793000000000003], lr=5.000e-05
Epoch: 0 [4280/10000 (43%)] Loss: 25.38427 = L_Mnfld: 6.21590 + L_NonMnfld: 11.39441 + L_Nrml: 0.00000 + L_Eknl: 4.48205 + L_Div: 0.00000 + L_Morse: 3.29191
Epoch: 0 [4280/10000 (43%)] Unweighted L_s : L_Mnfld: 0.00089,  L_NonMnfld: 0.01899,  L_Nrml: 0.00000,  L_Eknl: 0.08964, L_Morse: 1.32776

Weights: [7000.0, 600.0, 0, 50.0, 0.0, 2.4463], lr=5.000e-05
Epoch: 0 [4290/10000 (43%)] Loss: 26.69308 = L_Mnfld: 6.55310 + L_NonMnfld: 12.41987 + L_Nrml: 0.00000 + L_Eknl: 4.43497 + L_Div: 0.00000 + L_Morse: 3.28514
Epoch: 0 [4290/10000 (43%)] Unweighted L_s : L_Mnfld: 0.00094,  L_NonMnfld: 0.02070,  L_Nrml: 0.00000,  L_Eknl: 0.08870, L_Morse: 1.34290

Weights: [7000.0, 600.0, 0, 50.0, 0.0, 2.4133000000000004], lr=5.000e-05
Epoch: 0 [4300/10000 (43%)] Loss: 26.67184 = L_Mnfld: 6.76431 + L_NonMnfld: 12.11141 + L_Nrml: 0.00000 + L_Eknl: 4.47088 + L_Div: 0.00000 + L_Morse: 3.32524
Epoch: 0 [4300/10000 (43%)] Unweighted L_s : L_Mnfld: 0.00097,  L_NonMnfld: 0.02019,  L_Nrml: 0.00000,  L_Eknl: 0.08942, L_Morse: 1.37788

Weights: [7000.0, 600.0, 0, 50.0, 0.0, 2.3803], lr=5.000e-05
Epoch: 0 [4310/10000 (43%)] Loss: 26.83050 = L_Mnfld: 7.24657 + L_NonMnfld: 11.86826 + L_Nrml: 0.00000 + L_Eknl: 4.49689 + L_Div: 0.00000 + L_Morse: 3.21877
Epoch: 0 [4310/10000 (43%)] Unweighted L_s : L_Mnfld: 0.00104,  L_NonMnfld: 0.01978,  L_Nrml: 0.00000,  L_Eknl: 0.08994, L_Morse: 1.35226

Weights: [7000.0, 600.0, 0, 50.0, 0.0, 2.3472999999999997], lr=5.000e-05
Epoch: 0 [4320/10000 (43%)] Loss: 26.29333 = L_Mnfld: 6.45859 + L_NonMnfld: 12.16986 + L_Nrml: 0.00000 + L_Eknl: 4.48774 + L_Div: 0.00000 + L_Morse: 3.17713
Epoch: 0 [4320/10000 (43%)] Unweighted L_s : L_Mnfld: 0.00092,  L_NonMnfld: 0.02028,  L_Nrml: 0.00000,  L_Eknl: 0.08975, L_Morse: 1.35352

Weights: [7000.0, 600.0, 0, 50.0, 0.0, 2.3143000000000002], lr=5.000e-05
Epoch: 0 [4330/10000 (43%)] Loss: 27.25396 = L_Mnfld: 6.86447 + L_NonMnfld: 12.93154 + L_Nrml: 0.00000 + L_Eknl: 4.32550 + L_Div: 0.00000 + L_Morse: 3.13245
Epoch: 0 [4330/10000 (43%)] Unweighted L_s : L_Mnfld: 0.00098,  L_NonMnfld: 0.02155,  L_Nrml: 0.00000,  L_Eknl: 0.08651, L_Morse: 1.35352

Weights: [7000.0, 600.0, 0, 50.0, 0.0, 2.2813], lr=5.000e-05
Epoch: 0 [4340/10000 (43%)] Loss: 26.87773 = L_Mnfld: 6.50155 + L_NonMnfld: 12.80322 + L_Nrml: 0.00000 + L_Eknl: 4.44151 + L_Div: 0.00000 + L_Morse: 3.13144
Epoch: 0 [4340/10000 (43%)] Unweighted L_s : L_Mnfld: 0.00093,  L_NonMnfld: 0.02134,  L_Nrml: 0.00000,  L_Eknl: 0.08883, L_Morse: 1.37266

Weights: [7000.0, 600.0, 0, 50.0, 0.0, 2.2482999999999995], lr=5.000e-05
Epoch: 0 [4350/10000 (44%)] Loss: 25.91887 = L_Mnfld: 6.62017 + L_NonMnfld: 11.94341 + L_Nrml: 0.00000 + L_Eknl: 4.25305 + L_Div: 0.00000 + L_Morse: 3.10224
Epoch: 0 [4350/10000 (44%)] Unweighted L_s : L_Mnfld: 0.00095,  L_NonMnfld: 0.01991,  L_Nrml: 0.00000,  L_Eknl: 0.08506, L_Morse: 1.37982

Weights: [7000.0, 600.0, 0, 50.0, 0.0, 2.2153], lr=5.000e-05
Epoch: 0 [4360/10000 (44%)] Loss: 26.59150 = L_Mnfld: 6.26053 + L_NonMnfld: 12.98616 + L_Nrml: 0.00000 + L_Eknl: 4.40215 + L_Div: 0.00000 + L_Morse: 2.94266
Epoch: 0 [4360/10000 (44%)] Unweighted L_s : L_Mnfld: 0.00089,  L_NonMnfld: 0.02164,  L_Nrml: 0.00000,  L_Eknl: 0.08804, L_Morse: 1.32833

Weights: [7000.0, 600.0, 0, 50.0, 0.0, 2.1822999999999997], lr=5.000e-05
Epoch: 0 [4370/10000 (44%)] Loss: 26.48593 = L_Mnfld: 6.50728 + L_NonMnfld: 12.75387 + L_Nrml: 0.00000 + L_Eknl: 4.28325 + L_Div: 0.00000 + L_Morse: 2.94153
Epoch: 0 [4370/10000 (44%)] Unweighted L_s : L_Mnfld: 0.00093,  L_NonMnfld: 0.02126,  L_Nrml: 0.00000,  L_Eknl: 0.08567, L_Morse: 1.34790

Weights: [7000.0, 600.0, 0, 50.0, 0.0, 2.1492999999999993], lr=5.000e-05
Epoch: 0 [4380/10000 (44%)] Loss: 26.60720 = L_Mnfld: 6.51776 + L_NonMnfld: 12.85811 + L_Nrml: 0.00000 + L_Eknl: 4.20258 + L_Div: 0.00000 + L_Morse: 3.02875
Epoch: 0 [4380/10000 (44%)] Unweighted L_s : L_Mnfld: 0.00093,  L_NonMnfld: 0.02143,  L_Nrml: 0.00000,  L_Eknl: 0.08405, L_Morse: 1.40918

Weights: [7000.0, 600.0, 0, 50.0, 0.0, 2.1163], lr=5.000e-05
Epoch: 0 [4390/10000 (44%)] Loss: 25.88143 = L_Mnfld: 6.61877 + L_NonMnfld: 12.01489 + L_Nrml: 0.00000 + L_Eknl: 4.33937 + L_Div: 0.00000 + L_Morse: 2.90839
Epoch: 0 [4390/10000 (44%)] Unweighted L_s : L_Mnfld: 0.00095,  L_NonMnfld: 0.02002,  L_Nrml: 0.00000,  L_Eknl: 0.08679, L_Morse: 1.37428

Weights: [7000.0, 600.0, 0, 50.0, 0.0, 2.0832999999999995], lr=5.000e-05
Epoch: 0 [4400/10000 (44%)] Loss: 25.31146 = L_Mnfld: 6.43507 + L_NonMnfld: 11.79591 + L_Nrml: 0.00000 + L_Eknl: 4.20943 + L_Div: 0.00000 + L_Morse: 2.87104
Epoch: 0 [4400/10000 (44%)] Unweighted L_s : L_Mnfld: 0.00092,  L_NonMnfld: 0.01966,  L_Nrml: 0.00000,  L_Eknl: 0.08419, L_Morse: 1.37812

Weights: [7000.0, 600.0, 0, 50.0, 0.0, 2.050299999999999], lr=5.000e-05
Epoch: 0 [4410/10000 (44%)] Loss: 24.95586 = L_Mnfld: 6.39361 + L_NonMnfld: 11.44121 + L_Nrml: 0.00000 + L_Eknl: 4.24567 + L_Div: 0.00000 + L_Morse: 2.87537
Epoch: 0 [4410/10000 (44%)] Unweighted L_s : L_Mnfld: 0.00091,  L_NonMnfld: 0.01907,  L_Nrml: 0.00000,  L_Eknl: 0.08491, L_Morse: 1.40242

Weights: [7000.0, 600.0, 0, 50.0, 0.0, 2.0172999999999996], lr=5.000e-05
Epoch: 0 [4420/10000 (44%)] Loss: 25.52565 = L_Mnfld: 6.54254 + L_NonMnfld: 11.81000 + L_Nrml: 0.00000 + L_Eknl: 4.24608 + L_Div: 0.00000 + L_Morse: 2.92703
Epoch: 0 [4420/10000 (44%)] Unweighted L_s : L_Mnfld: 0.00093,  L_NonMnfld: 0.01968,  L_Nrml: 0.00000,  L_Eknl: 0.08492, L_Morse: 1.45096

Weights: [7000.0, 600.0, 0, 50.0, 0.0, 1.9842999999999993], lr=5.000e-05
Epoch: 0 [4430/10000 (44%)] Loss: 26.84447 = L_Mnfld: 6.34794 + L_NonMnfld: 13.57639 + L_Nrml: 0.00000 + L_Eknl: 4.16640 + L_Div: 0.00000 + L_Morse: 2.75374
Epoch: 0 [4430/10000 (44%)] Unweighted L_s : L_Mnfld: 0.00091,  L_NonMnfld: 0.02263,  L_Nrml: 0.00000,  L_Eknl: 0.08333, L_Morse: 1.38776

Weights: [7000.0, 600.0, 0, 50.0, 0.0, 1.9512999999999998], lr=5.000e-05
Epoch: 0 [4440/10000 (44%)] Loss: 26.85768 = L_Mnfld: 6.37601 + L_NonMnfld: 13.57088 + L_Nrml: 0.00000 + L_Eknl: 4.12415 + L_Div: 0.00000 + L_Morse: 2.78663
Epoch: 0 [4440/10000 (44%)] Unweighted L_s : L_Mnfld: 0.00091,  L_NonMnfld: 0.02262,  L_Nrml: 0.00000,  L_Eknl: 0.08248, L_Morse: 1.42809

Weights: [7000.0, 600.0, 0, 50.0, 0.0, 1.9182999999999986], lr=5.000e-05
Epoch: 0 [4450/10000 (44%)] Loss: 25.12708 = L_Mnfld: 6.73013 + L_NonMnfld: 11.47707 + L_Nrml: 0.00000 + L_Eknl: 4.17872 + L_Div: 0.00000 + L_Morse: 2.74116
Epoch: 0 [4450/10000 (44%)] Unweighted L_s : L_Mnfld: 0.00096,  L_NonMnfld: 0.01913,  L_Nrml: 0.00000,  L_Eknl: 0.08357, L_Morse: 1.42895

Weights: [7000.0, 600.0, 0, 50.0, 0.0, 1.885299999999999], lr=5.000e-05
Epoch: 0 [4460/10000 (45%)] Loss: 26.06828 = L_Mnfld: 6.50725 + L_NonMnfld: 12.68489 + L_Nrml: 0.00000 + L_Eknl: 4.20880 + L_Div: 0.00000 + L_Morse: 2.66735
Epoch: 0 [4460/10000 (45%)] Unweighted L_s : L_Mnfld: 0.00093,  L_NonMnfld: 0.02114,  L_Nrml: 0.00000,  L_Eknl: 0.08418, L_Morse: 1.41481

Weights: [7000.0, 600.0, 0, 50.0, 0.0, 1.8522999999999996], lr=5.000e-05
Epoch: 0 [4470/10000 (45%)] Loss: 26.05311 = L_Mnfld: 6.74212 + L_NonMnfld: 12.53170 + L_Nrml: 0.00000 + L_Eknl: 4.05145 + L_Div: 0.00000 + L_Morse: 2.72784
Epoch: 0 [4470/10000 (45%)] Unweighted L_s : L_Mnfld: 0.00096,  L_NonMnfld: 0.02089,  L_Nrml: 0.00000,  L_Eknl: 0.08103, L_Morse: 1.47268

Weights: [7000.0, 600.0, 0, 50.0, 0.0, 1.8192999999999984], lr=5.000e-05
Epoch: 0 [4480/10000 (45%)] Loss: 25.72120 = L_Mnfld: 6.33485 + L_NonMnfld: 12.70247 + L_Nrml: 0.00000 + L_Eknl: 4.11606 + L_Div: 0.00000 + L_Morse: 2.56783
Epoch: 0 [4480/10000 (45%)] Unweighted L_s : L_Mnfld: 0.00090,  L_NonMnfld: 0.02117,  L_Nrml: 0.00000,  L_Eknl: 0.08232, L_Morse: 1.41144

Weights: [7000.0, 600.0, 0, 50.0, 0.0, 1.7862999999999989], lr=5.000e-05
Epoch: 0 [4490/10000 (45%)] Loss: 24.25505 = L_Mnfld: 6.39409 + L_NonMnfld: 11.35531 + L_Nrml: 0.00000 + L_Eknl: 4.03078 + L_Div: 0.00000 + L_Morse: 2.47487
Epoch: 0 [4490/10000 (45%)] Unweighted L_s : L_Mnfld: 0.00091,  L_NonMnfld: 0.01893,  L_Nrml: 0.00000,  L_Eknl: 0.08062, L_Morse: 1.38547

Weights: [7000.0, 600.0, 0, 50.0, 0.0, 1.7532999999999994], lr=5.000e-05
Epoch: 0 [4500/10000 (45%)] Loss: 25.86047 = L_Mnfld: 6.25105 + L_NonMnfld: 12.98686 + L_Nrml: 0.00000 + L_Eknl: 4.10680 + L_Div: 0.00000 + L_Morse: 2.51576
Epoch: 0 [4500/10000 (45%)] Unweighted L_s : L_Mnfld: 0.00089,  L_NonMnfld: 0.02164,  L_Nrml: 0.00000,  L_Eknl: 0.08214, L_Morse: 1.43487

Weights: [7000.0, 600.0, 0, 50.0, 0.0, 1.7202999999999982], lr=5.000e-05
Epoch: 0 [4510/10000 (45%)] Loss: 25.09764 = L_Mnfld: 6.45639 + L_NonMnfld: 12.08019 + L_Nrml: 0.00000 + L_Eknl: 4.10141 + L_Div: 0.00000 + L_Morse: 2.45966
Epoch: 0 [4510/10000 (45%)] Unweighted L_s : L_Mnfld: 0.00092,  L_NonMnfld: 0.02013,  L_Nrml: 0.00000,  L_Eknl: 0.08203, L_Morse: 1.42979

Weights: [7000.0, 600.0, 0, 50.0, 0.0, 1.6872999999999987], lr=5.000e-05
Epoch: 0 [4520/10000 (45%)] Loss: 26.08429 = L_Mnfld: 6.09838 + L_NonMnfld: 13.38397 + L_Nrml: 0.00000 + L_Eknl: 4.05356 + L_Div: 0.00000 + L_Morse: 2.54838
Epoch: 0 [4520/10000 (45%)] Unweighted L_s : L_Mnfld: 0.00087,  L_NonMnfld: 0.02231,  L_Nrml: 0.00000,  L_Eknl: 0.08107, L_Morse: 1.51033

Weights: [7000.0, 600.0, 0, 50.0, 0.0, 1.6542999999999992], lr=5.000e-05
Epoch: 0 [4530/10000 (45%)] Loss: 24.19745 = L_Mnfld: 6.11206 + L_NonMnfld: 11.66410 + L_Nrml: 0.00000 + L_Eknl: 4.09943 + L_Div: 0.00000 + L_Morse: 2.32187
Epoch: 0 [4530/10000 (45%)] Unweighted L_s : L_Mnfld: 0.00087,  L_NonMnfld: 0.01944,  L_Nrml: 0.00000,  L_Eknl: 0.08199, L_Morse: 1.40354

Weights: [7000.0, 600.0, 0, 50.0, 0.0, 1.621299999999998], lr=5.000e-05
Epoch: 0 [4540/10000 (45%)] Loss: 24.31531 = L_Mnfld: 5.90703 + L_NonMnfld: 12.17921 + L_Nrml: 0.00000 + L_Eknl: 3.98321 + L_Div: 0.00000 + L_Morse: 2.24587
Epoch: 0 [4540/10000 (45%)] Unweighted L_s : L_Mnfld: 0.00084,  L_NonMnfld: 0.02030,  L_Nrml: 0.00000,  L_Eknl: 0.07966, L_Morse: 1.38523

Weights: [7000.0, 600.0, 0, 50.0, 0.0, 1.5882999999999985], lr=5.000e-05
Epoch: 0 [4550/10000 (46%)] Loss: 24.80712 = L_Mnfld: 6.12869 + L_NonMnfld: 12.39446 + L_Nrml: 0.00000 + L_Eknl: 3.91221 + L_Div: 0.00000 + L_Morse: 2.37175
Epoch: 0 [4550/10000 (46%)] Unweighted L_s : L_Mnfld: 0.00088,  L_NonMnfld: 0.02066,  L_Nrml: 0.00000,  L_Eknl: 0.07824, L_Morse: 1.49327

Weights: [7000.0, 600.0, 0, 50.0, 0.0, 1.555299999999999], lr=5.000e-05
Epoch: 0 [4560/10000 (46%)] Loss: 24.98970 = L_Mnfld: 6.25440 + L_NonMnfld: 12.61911 + L_Nrml: 0.00000 + L_Eknl: 3.87024 + L_Div: 0.00000 + L_Morse: 2.24595
Epoch: 0 [4560/10000 (46%)] Unweighted L_s : L_Mnfld: 0.00089,  L_NonMnfld: 0.02103,  L_Nrml: 0.00000,  L_Eknl: 0.07740, L_Morse: 1.44406

Weights: [7000.0, 600.0, 0, 50.0, 0.0, 1.5223000000000013], lr=5.000e-05
Epoch: 0 [4570/10000 (46%)] Loss: 23.76967 = L_Mnfld: 6.55768 + L_NonMnfld: 10.81583 + L_Nrml: 0.00000 + L_Eknl: 4.12230 + L_Div: 0.00000 + L_Morse: 2.27386
Epoch: 0 [4570/10000 (46%)] Unweighted L_s : L_Mnfld: 0.00094,  L_NonMnfld: 0.01803,  L_Nrml: 0.00000,  L_Eknl: 0.08245, L_Morse: 1.49370

Weights: [7000.0, 600.0, 0, 50.0, 0.0, 1.4893000000000018], lr=5.000e-05
Epoch: 0 [4580/10000 (46%)] Loss: 26.15407 = L_Mnfld: 6.50301 + L_NonMnfld: 13.50122 + L_Nrml: 0.00000 + L_Eknl: 3.96358 + L_Div: 0.00000 + L_Morse: 2.18626
Epoch: 0 [4580/10000 (46%)] Unweighted L_s : L_Mnfld: 0.00093,  L_NonMnfld: 0.02250,  L_Nrml: 0.00000,  L_Eknl: 0.07927, L_Morse: 1.46798

Weights: [7000.0, 600.0, 0, 50.0, 0.0, 1.4563000000000006], lr=5.000e-05
Epoch: 0 [4590/10000 (46%)] Loss: 25.25693 = L_Mnfld: 6.58273 + L_NonMnfld: 12.53313 + L_Nrml: 0.00000 + L_Eknl: 4.03143 + L_Div: 0.00000 + L_Morse: 2.10964
Epoch: 0 [4590/10000 (46%)] Unweighted L_s : L_Mnfld: 0.00094,  L_NonMnfld: 0.02089,  L_Nrml: 0.00000,  L_Eknl: 0.08063, L_Morse: 1.44863

Weights: [7000.0, 600.0, 0, 50.0, 0.0, 1.4233000000000011], lr=5.000e-05
Epoch: 0 [4600/10000 (46%)] Loss: 23.73898 = L_Mnfld: 6.25479 + L_NonMnfld: 11.50575 + L_Nrml: 0.00000 + L_Eknl: 3.86255 + L_Div: 0.00000 + L_Morse: 2.11589
Epoch: 0 [4600/10000 (46%)] Unweighted L_s : L_Mnfld: 0.00089,  L_NonMnfld: 0.01918,  L_Nrml: 0.00000,  L_Eknl: 0.07725, L_Morse: 1.48661

Weights: [7000.0, 600.0, 0, 50.0, 0.0, 1.3903000000000016], lr=5.000e-05
Epoch: 0 [4610/10000 (46%)] Loss: 24.56513 = L_Mnfld: 6.18431 + L_NonMnfld: 12.44209 + L_Nrml: 0.00000 + L_Eknl: 3.87289 + L_Div: 0.00000 + L_Morse: 2.06584
Epoch: 0 [4610/10000 (46%)] Unweighted L_s : L_Mnfld: 0.00088,  L_NonMnfld: 0.02074,  L_Nrml: 0.00000,  L_Eknl: 0.07746, L_Morse: 1.48590

Weights: [7000.0, 600.0, 0, 50.0, 0.0, 1.3573000000000004], lr=5.000e-05
Epoch: 0 [4620/10000 (46%)] Loss: 23.95996 = L_Mnfld: 6.13287 + L_NonMnfld: 11.92520 + L_Nrml: 0.00000 + L_Eknl: 3.79534 + L_Div: 0.00000 + L_Morse: 2.10656
Epoch: 0 [4620/10000 (46%)] Unweighted L_s : L_Mnfld: 0.00088,  L_NonMnfld: 0.01988,  L_Nrml: 0.00000,  L_Eknl: 0.07591, L_Morse: 1.55202

Weights: [7000.0, 600.0, 0, 50.0, 0.0, 1.324300000000001], lr=5.000e-05
Epoch: 0 [4630/10000 (46%)] Loss: 24.55737 = L_Mnfld: 6.46409 + L_NonMnfld: 12.21972 + L_Nrml: 0.00000 + L_Eknl: 3.83121 + L_Div: 0.00000 + L_Morse: 2.04234
Epoch: 0 [4630/10000 (46%)] Unweighted L_s : L_Mnfld: 0.00092,  L_NonMnfld: 0.02037,  L_Nrml: 0.00000,  L_Eknl: 0.07662, L_Morse: 1.54220

Weights: [7000.0, 600.0, 0, 50.0, 0.0, 1.2913000000000014], lr=5.000e-05
Epoch: 0 [4640/10000 (46%)] Loss: 23.39228 = L_Mnfld: 6.08193 + L_NonMnfld: 11.49746 + L_Nrml: 0.00000 + L_Eknl: 3.88977 + L_Div: 0.00000 + L_Morse: 1.92312
Epoch: 0 [4640/10000 (46%)] Unweighted L_s : L_Mnfld: 0.00087,  L_NonMnfld: 0.01916,  L_Nrml: 0.00000,  L_Eknl: 0.07780, L_Morse: 1.48929

Weights: [7000.0, 600.0, 0, 50.0, 0.0, 1.2583000000000002], lr=5.000e-05
Epoch: 0 [4650/10000 (46%)] Loss: 25.00568 = L_Mnfld: 6.56534 + L_NonMnfld: 12.70401 + L_Nrml: 0.00000 + L_Eknl: 3.80010 + L_Div: 0.00000 + L_Morse: 1.93623
Epoch: 0 [4650/10000 (46%)] Unweighted L_s : L_Mnfld: 0.00094,  L_NonMnfld: 0.02117,  L_Nrml: 0.00000,  L_Eknl: 0.07600, L_Morse: 1.53877

Weights: [7000.0, 600.0, 0, 50.0, 0.0, 1.2253000000000007], lr=5.000e-05
Epoch: 0 [4660/10000 (47%)] Loss: 23.75995 = L_Mnfld: 6.29465 + L_NonMnfld: 11.81444 + L_Nrml: 0.00000 + L_Eknl: 3.84102 + L_Div: 0.00000 + L_Morse: 1.80984
Epoch: 0 [4660/10000 (47%)] Unweighted L_s : L_Mnfld: 0.00090,  L_NonMnfld: 0.01969,  L_Nrml: 0.00000,  L_Eknl: 0.07682, L_Morse: 1.47706

Weights: [7000.0, 600.0, 0, 50.0, 0.0, 1.1923000000000012], lr=5.000e-05
Epoch: 0 [4670/10000 (47%)] Loss: 24.54055 = L_Mnfld: 6.38807 + L_NonMnfld: 12.56157 + L_Nrml: 0.00000 + L_Eknl: 3.78009 + L_Div: 0.00000 + L_Morse: 1.81083
Epoch: 0 [4670/10000 (47%)] Unweighted L_s : L_Mnfld: 0.00091,  L_NonMnfld: 0.02094,  L_Nrml: 0.00000,  L_Eknl: 0.07560, L_Morse: 1.51877

Weights: [7000.0, 600.0, 0, 50.0, 0.0, 1.1593], lr=5.000e-05
Epoch: 0 [4680/10000 (47%)] Loss: 24.22480 = L_Mnfld: 6.97447 + L_NonMnfld: 11.45928 + L_Nrml: 0.00000 + L_Eknl: 4.02656 + L_Div: 0.00000 + L_Morse: 1.76449
Epoch: 0 [4680/10000 (47%)] Unweighted L_s : L_Mnfld: 0.00100,  L_NonMnfld: 0.01910,  L_Nrml: 0.00000,  L_Eknl: 0.08053, L_Morse: 1.52203

Weights: [7000.0, 600.0, 0, 50.0, 0.0, 1.1263000000000005], lr=5.000e-05
Epoch: 0 [4690/10000 (47%)] Loss: 25.58379 = L_Mnfld: 7.37333 + L_NonMnfld: 12.50465 + L_Nrml: 0.00000 + L_Eknl: 3.96757 + L_Div: 0.00000 + L_Morse: 1.73823
Epoch: 0 [4690/10000 (47%)] Unweighted L_s : L_Mnfld: 0.00105,  L_NonMnfld: 0.02084,  L_Nrml: 0.00000,  L_Eknl: 0.07935, L_Morse: 1.54331

Weights: [7000.0, 600.0, 0, 50.0, 0.0, 1.093300000000001], lr=5.000e-05
Epoch: 0 [4700/10000 (47%)] Loss: 24.39242 = L_Mnfld: 6.89912 + L_NonMnfld: 11.93763 + L_Nrml: 0.00000 + L_Eknl: 3.92387 + L_Div: 0.00000 + L_Morse: 1.63181
Epoch: 0 [4700/10000 (47%)] Unweighted L_s : L_Mnfld: 0.00099,  L_NonMnfld: 0.01990,  L_Nrml: 0.00000,  L_Eknl: 0.07848, L_Morse: 1.49255

Weights: [7000.0, 600.0, 0, 50.0, 0.0, 1.0602999999999998], lr=5.000e-05
Epoch: 0 [4710/10000 (47%)] Loss: 24.86908 = L_Mnfld: 6.61024 + L_NonMnfld: 12.88736 + L_Nrml: 0.00000 + L_Eknl: 3.71184 + L_Div: 0.00000 + L_Morse: 1.65964
Epoch: 0 [4710/10000 (47%)] Unweighted L_s : L_Mnfld: 0.00094,  L_NonMnfld: 0.02148,  L_Nrml: 0.00000,  L_Eknl: 0.07424, L_Morse: 1.56525

Weights: [7000.0, 600.0, 0, 50.0, 0.0, 1.0273000000000003], lr=5.000e-05
Epoch: 0 [4720/10000 (47%)] Loss: 24.30426 = L_Mnfld: 6.58734 + L_NonMnfld: 12.20772 + L_Nrml: 0.00000 + L_Eknl: 3.91053 + L_Div: 0.00000 + L_Morse: 1.59866
Epoch: 0 [4720/10000 (47%)] Unweighted L_s : L_Mnfld: 0.00094,  L_NonMnfld: 0.02035,  L_Nrml: 0.00000,  L_Eknl: 0.07821, L_Morse: 1.55618

Weights: [7000.0, 600.0, 0, 50.0, 0.0, 0.9943000000000008], lr=5.000e-05
Epoch: 0 [4730/10000 (47%)] Loss: 23.83260 = L_Mnfld: 6.58931 + L_NonMnfld: 11.99082 + L_Nrml: 0.00000 + L_Eknl: 3.71076 + L_Div: 0.00000 + L_Morse: 1.54171
Epoch: 0 [4730/10000 (47%)] Unweighted L_s : L_Mnfld: 0.00094,  L_NonMnfld: 0.01998,  L_Nrml: 0.00000,  L_Eknl: 0.07422, L_Morse: 1.55054

Weights: [7000.0, 600.0, 0, 50.0, 0.0, 0.9612999999999996], lr=5.000e-05
Epoch: 0 [4740/10000 (47%)] Loss: 23.77574 = L_Mnfld: 6.33476 + L_NonMnfld: 12.16875 + L_Nrml: 0.00000 + L_Eknl: 3.79357 + L_Div: 0.00000 + L_Morse: 1.47866
Epoch: 0 [4740/10000 (47%)] Unweighted L_s : L_Mnfld: 0.00090,  L_NonMnfld: 0.02028,  L_Nrml: 0.00000,  L_Eknl: 0.07587, L_Morse: 1.53818

Weights: [7000.0, 600.0, 0, 50.0, 0.0, 0.9283000000000001], lr=5.000e-05
Epoch: 0 [4750/10000 (48%)] Loss: 24.35540 = L_Mnfld: 6.90443 + L_NonMnfld: 12.22490 + L_Nrml: 0.00000 + L_Eknl: 3.74925 + L_Div: 0.00000 + L_Morse: 1.47682
Epoch: 0 [4750/10000 (48%)] Unweighted L_s : L_Mnfld: 0.00099,  L_NonMnfld: 0.02037,  L_Nrml: 0.00000,  L_Eknl: 0.07498, L_Morse: 1.59089

Weights: [7000.0, 600.0, 0, 50.0, 0.0, 0.8953000000000007], lr=5.000e-05
Epoch: 0 [4760/10000 (48%)] Loss: 24.23117 = L_Mnfld: 6.38979 + L_NonMnfld: 12.71239 + L_Nrml: 0.00000 + L_Eknl: 3.68979 + L_Div: 0.00000 + L_Morse: 1.43920
Epoch: 0 [4760/10000 (48%)] Unweighted L_s : L_Mnfld: 0.00091,  L_NonMnfld: 0.02119,  L_Nrml: 0.00000,  L_Eknl: 0.07380, L_Morse: 1.60750

Weights: [7000.0, 600.0, 0, 50.0, 0.0, 0.8622999999999994], lr=5.000e-05
Epoch: 0 [4770/10000 (48%)] Loss: 25.10043 = L_Mnfld: 7.07625 + L_NonMnfld: 12.66549 + L_Nrml: 0.00000 + L_Eknl: 3.92281 + L_Div: 0.00000 + L_Morse: 1.43588
Epoch: 0 [4770/10000 (48%)] Unweighted L_s : L_Mnfld: 0.00101,  L_NonMnfld: 0.02111,  L_Nrml: 0.00000,  L_Eknl: 0.07846, L_Morse: 1.66518

Weights: [7000.0, 600.0, 0, 50.0, 0.0, 0.8292999999999999], lr=5.000e-05
Epoch: 0 [4780/10000 (48%)] Loss: 24.81541 = L_Mnfld: 6.62745 + L_NonMnfld: 13.01157 + L_Nrml: 0.00000 + L_Eknl: 3.78933 + L_Div: 0.00000 + L_Morse: 1.38705
Epoch: 0 [4780/10000 (48%)] Unweighted L_s : L_Mnfld: 0.00095,  L_NonMnfld: 0.02169,  L_Nrml: 0.00000,  L_Eknl: 0.07579, L_Morse: 1.67256

Weights: [7000.0, 600.0, 0, 50.0, 0.0, 0.7963000000000005], lr=5.000e-05
Epoch: 0 [4790/10000 (48%)] Loss: 24.90167 = L_Mnfld: 6.74537 + L_NonMnfld: 13.16309 + L_Nrml: 0.00000 + L_Eknl: 3.76483 + L_Div: 0.00000 + L_Morse: 1.22838
Epoch: 0 [4790/10000 (48%)] Unweighted L_s : L_Mnfld: 0.00096,  L_NonMnfld: 0.02194,  L_Nrml: 0.00000,  L_Eknl: 0.07530, L_Morse: 1.54261

Weights: [7000.0, 600.0, 0, 50.0, 0.0, 0.7632999999999992], lr=5.000e-05
Epoch: 0 [4800/10000 (48%)] Loss: 23.61983 = L_Mnfld: 6.59485 + L_NonMnfld: 11.98394 + L_Nrml: 0.00000 + L_Eknl: 3.79540 + L_Div: 0.00000 + L_Morse: 1.24564
Epoch: 0 [4800/10000 (48%)] Unweighted L_s : L_Mnfld: 0.00094,  L_NonMnfld: 0.01997,  L_Nrml: 0.00000,  L_Eknl: 0.07591, L_Morse: 1.63191

Weights: [7000.0, 600.0, 0, 50.0, 0.0, 0.7302999999999997], lr=5.000e-05
Epoch: 0 [4810/10000 (48%)] Loss: 24.42040 = L_Mnfld: 6.55618 + L_NonMnfld: 12.93118 + L_Nrml: 0.00000 + L_Eknl: 3.72435 + L_Div: 0.00000 + L_Morse: 1.20869
Epoch: 0 [4810/10000 (48%)] Unweighted L_s : L_Mnfld: 0.00094,  L_NonMnfld: 0.02155,  L_Nrml: 0.00000,  L_Eknl: 0.07449, L_Morse: 1.65506

Weights: [7000.0, 600.0, 0, 50.0, 0.0, 0.6973000000000003], lr=5.000e-05
Epoch: 0 [4820/10000 (48%)] Loss: 23.60319 = L_Mnfld: 6.59041 + L_NonMnfld: 12.18498 + L_Nrml: 0.00000 + L_Eknl: 3.70246 + L_Div: 0.00000 + L_Morse: 1.12534
Epoch: 0 [4820/10000 (48%)] Unweighted L_s : L_Mnfld: 0.00094,  L_NonMnfld: 0.02031,  L_Nrml: 0.00000,  L_Eknl: 0.07405, L_Morse: 1.61385

Weights: [7000.0, 600.0, 0, 50.0, 0.0, 0.664299999999999], lr=5.000e-05
Epoch: 0 [4830/10000 (48%)] Loss: 23.94967 = L_Mnfld: 6.76385 + L_NonMnfld: 12.48379 + L_Nrml: 0.00000 + L_Eknl: 3.58700 + L_Div: 0.00000 + L_Morse: 1.11503
Epoch: 0 [4830/10000 (48%)] Unweighted L_s : L_Mnfld: 0.00097,  L_NonMnfld: 0.02081,  L_Nrml: 0.00000,  L_Eknl: 0.07174, L_Morse: 1.67850

Weights: [7000.0, 600.0, 0, 50.0, 0.0, 0.6312999999999995], lr=5.000e-05
Epoch: 0 [4840/10000 (48%)] Loss: 24.41942 = L_Mnfld: 6.54522 + L_NonMnfld: 13.09167 + L_Nrml: 0.00000 + L_Eknl: 3.73661 + L_Div: 0.00000 + L_Morse: 1.04592
Epoch: 0 [4840/10000 (48%)] Unweighted L_s : L_Mnfld: 0.00094,  L_NonMnfld: 0.02182,  L_Nrml: 0.00000,  L_Eknl: 0.07473, L_Morse: 1.65677

Weights: [7000.0, 600.0, 0, 50.0, 0.0, 0.5983], lr=5.000e-05
Epoch: 0 [4850/10000 (48%)] Loss: 24.01576 = L_Mnfld: 6.55438 + L_NonMnfld: 12.81729 + L_Nrml: 0.00000 + L_Eknl: 3.63514 + L_Div: 0.00000 + L_Morse: 1.00896
Epoch: 0 [4850/10000 (48%)] Unweighted L_s : L_Mnfld: 0.00094,  L_NonMnfld: 0.02136,  L_Nrml: 0.00000,  L_Eknl: 0.07270, L_Morse: 1.68637

Weights: [7000.0, 600.0, 0, 50.0, 0.0, 0.5652999999999988], lr=5.000e-05
Epoch: 0 [4860/10000 (49%)] Loss: 23.33099 = L_Mnfld: 6.76614 + L_NonMnfld: 12.08927 + L_Nrml: 0.00000 + L_Eknl: 3.54579 + L_Div: 0.00000 + L_Morse: 0.92979
Epoch: 0 [4860/10000 (49%)] Unweighted L_s : L_Mnfld: 0.00097,  L_NonMnfld: 0.02015,  L_Nrml: 0.00000,  L_Eknl: 0.07092, L_Morse: 1.64478

Weights: [7000.0, 600.0, 0, 50.0, 0.0, 0.5322999999999993], lr=5.000e-05
Epoch: 0 [4870/10000 (49%)] Loss: 23.83384 = L_Mnfld: 7.22301 + L_NonMnfld: 11.94806 + L_Nrml: 0.00000 + L_Eknl: 3.75417 + L_Div: 0.00000 + L_Morse: 0.90861
Epoch: 0 [4870/10000 (49%)] Unweighted L_s : L_Mnfld: 0.00103,  L_NonMnfld: 0.01991,  L_Nrml: 0.00000,  L_Eknl: 0.07508, L_Morse: 1.70695

Weights: [7000.0, 600.0, 0, 50.0, 0.0, 0.49929999999999986], lr=5.000e-05
Epoch: 0 [4880/10000 (49%)] Loss: 23.17214 = L_Mnfld: 6.82972 + L_NonMnfld: 11.83817 + L_Nrml: 0.00000 + L_Eknl: 3.64008 + L_Div: 0.00000 + L_Morse: 0.86417
Epoch: 0 [4880/10000 (49%)] Unweighted L_s : L_Mnfld: 0.00098,  L_NonMnfld: 0.01973,  L_Nrml: 0.00000,  L_Eknl: 0.07280, L_Morse: 1.73076

Weights: [7000.0, 600.0, 0, 50.0, 0.0, 0.4662999999999986], lr=5.000e-05
Epoch: 0 [4890/10000 (49%)] Loss: 23.51052 = L_Mnfld: 6.89490 + L_NonMnfld: 12.32435 + L_Nrml: 0.00000 + L_Eknl: 3.47369 + L_Div: 0.00000 + L_Morse: 0.81758
Epoch: 0 [4890/10000 (49%)] Unweighted L_s : L_Mnfld: 0.00098,  L_NonMnfld: 0.02054,  L_Nrml: 0.00000,  L_Eknl: 0.06947, L_Morse: 1.75333

Weights: [7000.0, 600.0, 0, 50.0, 0.0, 0.43329999999999913], lr=5.000e-05
Epoch: 0 [4900/10000 (49%)] Loss: 22.31065 = L_Mnfld: 6.43277 + L_NonMnfld: 11.64365 + L_Nrml: 0.00000 + L_Eknl: 3.50232 + L_Div: 0.00000 + L_Morse: 0.73191
Epoch: 0 [4900/10000 (49%)] Unweighted L_s : L_Mnfld: 0.00092,  L_NonMnfld: 0.01941,  L_Nrml: 0.00000,  L_Eknl: 0.07005, L_Morse: 1.68915

Weights: [7000.0, 600.0, 0, 50.0, 0.0, 0.40029999999999966], lr=5.000e-05
Epoch: 0 [4910/10000 (49%)] Loss: 22.83357 = L_Mnfld: 6.86645 + L_NonMnfld: 11.76029 + L_Nrml: 0.00000 + L_Eknl: 3.50009 + L_Div: 0.00000 + L_Morse: 0.70674
Epoch: 0 [4910/10000 (49%)] Unweighted L_s : L_Mnfld: 0.00098,  L_NonMnfld: 0.01960,  L_Nrml: 0.00000,  L_Eknl: 0.07000, L_Morse: 1.76553

Weights: [7000.0, 600.0, 0, 50.0, 0.0, 0.3672999999999984], lr=5.000e-05
Epoch: 0 [4920/10000 (49%)] Loss: 23.83051 = L_Mnfld: 6.69790 + L_NonMnfld: 12.99866 + L_Nrml: 0.00000 + L_Eknl: 3.49268 + L_Div: 0.00000 + L_Morse: 0.64126
Epoch: 0 [4920/10000 (49%)] Unweighted L_s : L_Mnfld: 0.00096,  L_NonMnfld: 0.02166,  L_Nrml: 0.00000,  L_Eknl: 0.06985, L_Morse: 1.74588

Weights: [7000.0, 600.0, 0, 50.0, 0.0, 0.33429999999999893], lr=5.000e-05
Epoch: 0 [4930/10000 (49%)] Loss: 23.28410 = L_Mnfld: 7.07756 + L_NonMnfld: 11.84983 + L_Nrml: 0.00000 + L_Eknl: 3.74315 + L_Div: 0.00000 + L_Morse: 0.61356
Epoch: 0 [4930/10000 (49%)] Unweighted L_s : L_Mnfld: 0.00101,  L_NonMnfld: 0.01975,  L_Nrml: 0.00000,  L_Eknl: 0.07486, L_Morse: 1.83535

Weights: [7000.0, 600.0, 0, 50.0, 0.0, 0.30129999999999946], lr=5.000e-05
Epoch: 0 [4940/10000 (49%)] Loss: 24.26885 = L_Mnfld: 7.18322 + L_NonMnfld: 12.81264 + L_Nrml: 0.00000 + L_Eknl: 3.71708 + L_Div: 0.00000 + L_Morse: 0.55591
Epoch: 0 [4940/10000 (49%)] Unweighted L_s : L_Mnfld: 0.00103,  L_NonMnfld: 0.02135,  L_Nrml: 0.00000,  L_Eknl: 0.07434, L_Morse: 1.84504

Weights: [7000.0, 600.0, 0, 50.0, 0.0, 0.2682999999999982], lr=5.000e-05
Epoch: 0 [4950/10000 (50%)] Loss: 22.84382 = L_Mnfld: 7.15326 + L_NonMnfld: 11.75267 + L_Nrml: 0.00000 + L_Eknl: 3.45446 + L_Div: 0.00000 + L_Morse: 0.48344
Epoch: 0 [4950/10000 (50%)] Unweighted L_s : L_Mnfld: 0.00102,  L_NonMnfld: 0.01959,  L_Nrml: 0.00000,  L_Eknl: 0.06909, L_Morse: 1.80187

Weights: [7000.0, 600.0, 0, 50.0, 0.0, 0.2353000000000005], lr=5.000e-05
Epoch: 0 [4960/10000 (50%)] Loss: 23.79616 = L_Mnfld: 7.12870 + L_NonMnfld: 12.73719 + L_Nrml: 0.00000 + L_Eknl: 3.51561 + L_Div: 0.00000 + L_Morse: 0.41466
Epoch: 0 [4960/10000 (50%)] Unweighted L_s : L_Mnfld: 0.00102,  L_NonMnfld: 0.02123,  L_Nrml: 0.00000,  L_Eknl: 0.07031, L_Morse: 1.76226

Weights: [7000.0, 600.0, 0, 50.0, 0.0, 0.20229999999999926], lr=5.000e-05
Epoch: 0 [4970/10000 (50%)] Loss: 23.66581 = L_Mnfld: 6.94621 + L_NonMnfld: 12.93064 + L_Nrml: 0.00000 + L_Eknl: 3.43112 + L_Div: 0.00000 + L_Morse: 0.35784
Epoch: 0 [4970/10000 (50%)] Unweighted L_s : L_Mnfld: 0.00099,  L_NonMnfld: 0.02155,  L_Nrml: 0.00000,  L_Eknl: 0.06862, L_Morse: 1.76887

Weights: [7000.0, 600.0, 0, 50.0, 0.0, 0.16929999999999978], lr=5.000e-05
Epoch: 0 [4980/10000 (50%)] Loss: 22.80102 = L_Mnfld: 7.40672 + L_NonMnfld: 11.47486 + L_Nrml: 0.00000 + L_Eknl: 3.60501 + L_Div: 0.00000 + L_Morse: 0.31442
Epoch: 0 [4980/10000 (50%)] Unweighted L_s : L_Mnfld: 0.00106,  L_NonMnfld: 0.01912,  L_Nrml: 0.00000,  L_Eknl: 0.07210, L_Morse: 1.85719

Weights: [7000.0, 600.0, 0, 50.0, 0.0, 0.1363000000000003], lr=5.000e-05
Epoch: 0 [4990/10000 (50%)] Loss: 22.50329 = L_Mnfld: 7.12341 + L_NonMnfld: 11.64938 + L_Nrml: 0.00000 + L_Eknl: 3.46295 + L_Div: 0.00000 + L_Morse: 0.26755
Epoch: 0 [4990/10000 (50%)] Unweighted L_s : L_Mnfld: 0.00102,  L_NonMnfld: 0.01942,  L_Nrml: 0.00000,  L_Eknl: 0.06926, L_Morse: 1.96293

Weights: [7000.0, 600.0, 0, 50.0, 0.0, 0.10329999999999906], lr=5.000e-05
Epoch: 0 [5000/10000 (50%)] Loss: 21.86030 = L_Mnfld: 6.93517 + L_NonMnfld: 11.26543 + L_Nrml: 0.00000 + L_Eknl: 3.46509 + L_Div: 0.00000 + L_Morse: 0.19460
Epoch: 0 [5000/10000 (50%)] Unweighted L_s : L_Mnfld: 0.00099,  L_NonMnfld: 0.01878,  L_Nrml: 0.00000,  L_Eknl: 0.06930, L_Morse: 1.88385

Weights: [7000.0, 600.0, 0, 50.0, 0.0, 0.1], lr=5.000e-05
Epoch: 0 [5010/10000 (50%)] Loss: 23.61644 = L_Mnfld: 7.38164 + L_NonMnfld: 12.48298 + L_Nrml: 0.00000 + L_Eknl: 3.56273 + L_Div: 0.00000 + L_Morse: 0.18908
Epoch: 0 [5010/10000 (50%)] Unweighted L_s : L_Mnfld: 0.00105,  L_NonMnfld: 0.02080,  L_Nrml: 0.00000,  L_Eknl: 0.07125, L_Morse: 1.89084

Weights: [7000.0, 600.0, 0, 50.0, 0.0, 0.1], lr=5.000e-05
Epoch: 0 [5020/10000 (50%)] Loss: 22.99578 = L_Mnfld: 6.89852 + L_NonMnfld: 12.48249 + L_Nrml: 0.00000 + L_Eknl: 3.42123 + L_Div: 0.00000 + L_Morse: 0.19355
Epoch: 0 [5020/10000 (50%)] Unweighted L_s : L_Mnfld: 0.00099,  L_NonMnfld: 0.02080,  L_Nrml: 0.00000,  L_Eknl: 0.06842, L_Morse: 1.93550

Weights: [7000.0, 600.0, 0, 50.0, 0.0, 0.1], lr=5.000e-05
Epoch: 0 [5030/10000 (50%)] Loss: 21.86862 = L_Mnfld: 6.53428 + L_NonMnfld: 11.76039 + L_Nrml: 0.00000 + L_Eknl: 3.38529 + L_Div: 0.00000 + L_Morse: 0.18865
Epoch: 0 [5030/10000 (50%)] Unweighted L_s : L_Mnfld: 0.00093,  L_NonMnfld: 0.01960,  L_Nrml: 0.00000,  L_Eknl: 0.06771, L_Morse: 1.88650

Weights: [7000.0, 600.0, 0, 50.0, 0.0, 0.1], lr=5.000e-05
Epoch: 0 [5040/10000 (50%)] Loss: 22.86521 = L_Mnfld: 6.32716 + L_NonMnfld: 12.94425 + L_Nrml: 0.00000 + L_Eknl: 3.39601 + L_Div: 0.00000 + L_Morse: 0.19778
Epoch: 0 [5040/10000 (50%)] Unweighted L_s : L_Mnfld: 0.00090,  L_NonMnfld: 0.02157,  L_Nrml: 0.00000,  L_Eknl: 0.06792, L_Morse: 1.97782

Weights: [7000.0, 600.0, 0, 50.0, 0.0, 0.1], lr=5.000e-05
Epoch: 0 [5050/10000 (50%)] Loss: 21.99446 = L_Mnfld: 6.32192 + L_NonMnfld: 12.12999 + L_Nrml: 0.00000 + L_Eknl: 3.35146 + L_Div: 0.00000 + L_Morse: 0.19110
Epoch: 0 [5050/10000 (50%)] Unweighted L_s : L_Mnfld: 0.00090,  L_NonMnfld: 0.02022,  L_Nrml: 0.00000,  L_Eknl: 0.06703, L_Morse: 1.91100

Weights: [7000.0, 600.0, 0, 50.0, 0.0, 0.1], lr=5.000e-05
Epoch: 0 [5060/10000 (51%)] Loss: 22.26893 = L_Mnfld: 6.02138 + L_NonMnfld: 12.66596 + L_Nrml: 0.00000 + L_Eknl: 3.38085 + L_Div: 0.00000 + L_Morse: 0.20073
Epoch: 0 [5060/10000 (51%)] Unweighted L_s : L_Mnfld: 0.00086,  L_NonMnfld: 0.02111,  L_Nrml: 0.00000,  L_Eknl: 0.06762, L_Morse: 2.00735

Weights: [7000.0, 600.0, 0, 50.0, 0.0, 0.1], lr=5.000e-05
Epoch: 0 [5070/10000 (51%)] Loss: 21.48273 = L_Mnfld: 6.23545 + L_NonMnfld: 11.70973 + L_Nrml: 0.00000 + L_Eknl: 3.33756 + L_Div: 0.00000 + L_Morse: 0.20000
Epoch: 0 [5070/10000 (51%)] Unweighted L_s : L_Mnfld: 0.00089,  L_NonMnfld: 0.01952,  L_Nrml: 0.00000,  L_Eknl: 0.06675, L_Morse: 1.99999

Weights: [7000.0, 600.0, 0, 50.0, 0.0, 0.1], lr=5.000e-05
Epoch: 0 [5080/10000 (51%)] Loss: 22.65967 = L_Mnfld: 6.17295 + L_NonMnfld: 12.91153 + L_Nrml: 0.00000 + L_Eknl: 3.37570 + L_Div: 0.00000 + L_Morse: 0.19949
Epoch: 0 [5080/10000 (51%)] Unweighted L_s : L_Mnfld: 0.00088,  L_NonMnfld: 0.02152,  L_Nrml: 0.00000,  L_Eknl: 0.06751, L_Morse: 1.99492

Weights: [7000.0, 600.0, 0, 50.0, 0.0, 0.1], lr=5.000e-05
Epoch: 0 [5090/10000 (51%)] Loss: 22.13347 = L_Mnfld: 6.52091 + L_NonMnfld: 12.12147 + L_Nrml: 0.00000 + L_Eknl: 3.28758 + L_Div: 0.00000 + L_Morse: 0.20350
Epoch: 0 [5090/10000 (51%)] Unweighted L_s : L_Mnfld: 0.00093,  L_NonMnfld: 0.02020,  L_Nrml: 0.00000,  L_Eknl: 0.06575, L_Morse: 2.03499

Weights: [7000.0, 600.0, 0, 50.0, 0.0, 0.1], lr=5.000e-05
Epoch: 0 [5100/10000 (51%)] Loss: 22.66488 = L_Mnfld: 6.29863 + L_NonMnfld: 12.86896 + L_Nrml: 0.00000 + L_Eknl: 3.29978 + L_Div: 0.00000 + L_Morse: 0.19752
Epoch: 0 [5100/10000 (51%)] Unweighted L_s : L_Mnfld: 0.00090,  L_NonMnfld: 0.02145,  L_Nrml: 0.00000,  L_Eknl: 0.06600, L_Morse: 1.97518

Weights: [7000.0, 600.0, 0, 50.0, 0.0, 0.1], lr=5.000e-05
Epoch: 0 [5110/10000 (51%)] Loss: 21.65633 = L_Mnfld: 6.48875 + L_NonMnfld: 11.76501 + L_Nrml: 0.00000 + L_Eknl: 3.19735 + L_Div: 0.00000 + L_Morse: 0.20522
Epoch: 0 [5110/10000 (51%)] Unweighted L_s : L_Mnfld: 0.00093,  L_NonMnfld: 0.01961,  L_Nrml: 0.00000,  L_Eknl: 0.06395, L_Morse: 2.05221

Weights: [7000.0, 600.0, 0, 50.0, 0.0, 0.1], lr=5.000e-05
Epoch: 0 [5120/10000 (51%)] Loss: 22.49379 = L_Mnfld: 6.14438 + L_NonMnfld: 13.00439 + L_Nrml: 0.00000 + L_Eknl: 3.13350 + L_Div: 0.00000 + L_Morse: 0.21151
Epoch: 0 [5120/10000 (51%)] Unweighted L_s : L_Mnfld: 0.00088,  L_NonMnfld: 0.02167,  L_Nrml: 0.00000,  L_Eknl: 0.06267, L_Morse: 2.11510

Weights: [7000.0, 600.0, 0, 50.0, 0.0, 0.1], lr=5.000e-05
Epoch: 0 [5130/10000 (51%)] Loss: 21.60201 = L_Mnfld: 6.36291 + L_NonMnfld: 11.82093 + L_Nrml: 0.00000 + L_Eknl: 3.21994 + L_Div: 0.00000 + L_Morse: 0.19823
Epoch: 0 [5130/10000 (51%)] Unweighted L_s : L_Mnfld: 0.00091,  L_NonMnfld: 0.01970,  L_Nrml: 0.00000,  L_Eknl: 0.06440, L_Morse: 1.98228

Weights: [7000.0, 600.0, 0, 50.0, 0.0, 0.1], lr=5.000e-05
Epoch: 0 [5140/10000 (51%)] Loss: 21.41817 = L_Mnfld: 5.94297 + L_NonMnfld: 12.11606 + L_Nrml: 0.00000 + L_Eknl: 3.15076 + L_Div: 0.00000 + L_Morse: 0.20838
Epoch: 0 [5140/10000 (51%)] Unweighted L_s : L_Mnfld: 0.00085,  L_NonMnfld: 0.02019,  L_Nrml: 0.00000,  L_Eknl: 0.06302, L_Morse: 2.08375

Weights: [7000.0, 600.0, 0, 50.0, 0.0, 0.1], lr=5.000e-05
Epoch: 0 [5150/10000 (52%)] Loss: 21.88643 = L_Mnfld: 6.64898 + L_NonMnfld: 11.71519 + L_Nrml: 0.00000 + L_Eknl: 3.31149 + L_Div: 0.00000 + L_Morse: 0.21078
Epoch: 0 [5150/10000 (52%)] Unweighted L_s : L_Mnfld: 0.00095,  L_NonMnfld: 0.01953,  L_Nrml: 0.00000,  L_Eknl: 0.06623, L_Morse: 2.10778

Weights: [7000.0, 600.0, 0, 50.0, 0.0, 0.1], lr=5.000e-05
Epoch: 0 [5160/10000 (52%)] Loss: 22.93395 = L_Mnfld: 6.41517 + L_NonMnfld: 12.87162 + L_Nrml: 0.00000 + L_Eknl: 3.44323 + L_Div: 0.00000 + L_Morse: 0.20393
Epoch: 0 [5160/10000 (52%)] Unweighted L_s : L_Mnfld: 0.00092,  L_NonMnfld: 0.02145,  L_Nrml: 0.00000,  L_Eknl: 0.06886, L_Morse: 2.03930

Weights: [7000.0, 600.0, 0, 50.0, 0.0, 0.1], lr=5.000e-05
Epoch: 0 [5170/10000 (52%)] Loss: 22.40812 = L_Mnfld: 6.67934 + L_NonMnfld: 12.05161 + L_Nrml: 0.00000 + L_Eknl: 3.46820 + L_Div: 0.00000 + L_Morse: 0.20897
Epoch: 0 [5170/10000 (52%)] Unweighted L_s : L_Mnfld: 0.00095,  L_NonMnfld: 0.02009,  L_Nrml: 0.00000,  L_Eknl: 0.06936, L_Morse: 2.08968

Weights: [7000.0, 600.0, 0, 50.0, 0.0, 0.1], lr=5.000e-05
Epoch: 0 [5180/10000 (52%)] Loss: 23.30574 = L_Mnfld: 6.37634 + L_NonMnfld: 13.52111 + L_Nrml: 0.00000 + L_Eknl: 3.19338 + L_Div: 0.00000 + L_Morse: 0.21491
Epoch: 0 [5180/10000 (52%)] Unweighted L_s : L_Mnfld: 0.00091,  L_NonMnfld: 0.02254,  L_Nrml: 0.00000,  L_Eknl: 0.06387, L_Morse: 2.14913

Weights: [7000.0, 600.0, 0, 50.0, 0.0, 0.1], lr=5.000e-05
Epoch: 0 [5190/10000 (52%)] Loss: 21.54467 = L_Mnfld: 6.07219 + L_NonMnfld: 12.08967 + L_Nrml: 0.00000 + L_Eknl: 3.15234 + L_Div: 0.00000 + L_Morse: 0.23047
Epoch: 0 [5190/10000 (52%)] Unweighted L_s : L_Mnfld: 0.00087,  L_NonMnfld: 0.02015,  L_Nrml: 0.00000,  L_Eknl: 0.06305, L_Morse: 2.30465

Weights: [7000.0, 600.0, 0, 50.0, 0.0, 0.1], lr=5.000e-05
Epoch: 0 [5200/10000 (52%)] Loss: 22.21436 = L_Mnfld: 5.92818 + L_NonMnfld: 12.91809 + L_Nrml: 0.00000 + L_Eknl: 3.15708 + L_Div: 0.00000 + L_Morse: 0.21101
Epoch: 0 [5200/10000 (52%)] Unweighted L_s : L_Mnfld: 0.00085,  L_NonMnfld: 0.02153,  L_Nrml: 0.00000,  L_Eknl: 0.06314, L_Morse: 2.11008

Weights: [7000.0, 600.0, 0, 50.0, 0.0, 0.1], lr=5.000e-05
Epoch: 0 [5210/10000 (52%)] Loss: 22.42668 = L_Mnfld: 6.39877 + L_NonMnfld: 12.69261 + L_Nrml: 0.00000 + L_Eknl: 3.12526 + L_Div: 0.00000 + L_Morse: 0.21004
Epoch: 0 [5210/10000 (52%)] Unweighted L_s : L_Mnfld: 0.00091,  L_NonMnfld: 0.02115,  L_Nrml: 0.00000,  L_Eknl: 0.06251, L_Morse: 2.10040

Weights: [7000.0, 600.0, 0, 50.0, 0.0, 0.1], lr=5.000e-05
Epoch: 0 [5220/10000 (52%)] Loss: 22.40375 = L_Mnfld: 6.21403 + L_NonMnfld: 12.82203 + L_Nrml: 0.00000 + L_Eknl: 3.16186 + L_Div: 0.00000 + L_Morse: 0.20583
Epoch: 0 [5220/10000 (52%)] Unweighted L_s : L_Mnfld: 0.00089,  L_NonMnfld: 0.02137,  L_Nrml: 0.00000,  L_Eknl: 0.06324, L_Morse: 2.05832

Weights: [7000.0, 600.0, 0, 50.0, 0.0, 0.1], lr=5.000e-05
Epoch: 0 [5230/10000 (52%)] Loss: 20.59125 = L_Mnfld: 6.09551 + L_NonMnfld: 11.14595 + L_Nrml: 0.00000 + L_Eknl: 3.12686 + L_Div: 0.00000 + L_Morse: 0.22293
Epoch: 0 [5230/10000 (52%)] Unweighted L_s : L_Mnfld: 0.00087,  L_NonMnfld: 0.01858,  L_Nrml: 0.00000,  L_Eknl: 0.06254, L_Morse: 2.22927

Weights: [7000.0, 600.0, 0, 50.0, 0.0, 0.1], lr=5.000e-05
Epoch: 0 [5240/10000 (52%)] Loss: 21.23191 = L_Mnfld: 6.05152 + L_NonMnfld: 11.76206 + L_Nrml: 0.00000 + L_Eknl: 3.20171 + L_Div: 0.00000 + L_Morse: 0.21662
Epoch: 0 [5240/10000 (52%)] Unweighted L_s : L_Mnfld: 0.00086,  L_NonMnfld: 0.01960,  L_Nrml: 0.00000,  L_Eknl: 0.06403, L_Morse: 2.16623

Weights: [7000.0, 600.0, 0, 50.0, 0.0, 0.1], lr=5.000e-05
Epoch: 0 [5250/10000 (52%)] Loss: 21.66201 = L_Mnfld: 6.22209 + L_NonMnfld: 11.97625 + L_Nrml: 0.00000 + L_Eknl: 3.24844 + L_Div: 0.00000 + L_Morse: 0.21524
Epoch: 0 [5250/10000 (52%)] Unweighted L_s : L_Mnfld: 0.00089,  L_NonMnfld: 0.01996,  L_Nrml: 0.00000,  L_Eknl: 0.06497, L_Morse: 2.15238

Weights: [7000.0, 600.0, 0, 50.0, 0.0, 0.1], lr=5.000e-05
Epoch: 0 [5260/10000 (53%)] Loss: 20.82929 = L_Mnfld: 6.42199 + L_NonMnfld: 11.05497 + L_Nrml: 0.00000 + L_Eknl: 3.13156 + L_Div: 0.00000 + L_Morse: 0.22078
Epoch: 0 [5260/10000 (53%)] Unweighted L_s : L_Mnfld: 0.00092,  L_NonMnfld: 0.01842,  L_Nrml: 0.00000,  L_Eknl: 0.06263, L_Morse: 2.20779

Weights: [7000.0, 600.0, 0, 50.0, 0.0, 0.1], lr=5.000e-05
Epoch: 0 [5270/10000 (53%)] Loss: 21.82234 = L_Mnfld: 6.41899 + L_NonMnfld: 11.91798 + L_Nrml: 0.00000 + L_Eknl: 3.26559 + L_Div: 0.00000 + L_Morse: 0.21978
Epoch: 0 [5270/10000 (53%)] Unweighted L_s : L_Mnfld: 0.00092,  L_NonMnfld: 0.01986,  L_Nrml: 0.00000,  L_Eknl: 0.06531, L_Morse: 2.19779

Weights: [7000.0, 600.0, 0, 50.0, 0.0, 0.1], lr=5.000e-05
Epoch: 0 [5280/10000 (53%)] Loss: 21.81912 = L_Mnfld: 6.16092 + L_NonMnfld: 12.31691 + L_Nrml: 0.00000 + L_Eknl: 3.12864 + L_Div: 0.00000 + L_Morse: 0.21266
Epoch: 0 [5280/10000 (53%)] Unweighted L_s : L_Mnfld: 0.00088,  L_NonMnfld: 0.02053,  L_Nrml: 0.00000,  L_Eknl: 0.06257, L_Morse: 2.12656

Weights: [7000.0, 600.0, 0, 50.0, 0.0, 0.1], lr=5.000e-05
Epoch: 0 [5290/10000 (53%)] Loss: 22.27448 = L_Mnfld: 6.34457 + L_NonMnfld: 12.64683 + L_Nrml: 0.00000 + L_Eknl: 3.06307 + L_Div: 0.00000 + L_Morse: 0.22001
Epoch: 0 [5290/10000 (53%)] Unweighted L_s : L_Mnfld: 0.00091,  L_NonMnfld: 0.02108,  L_Nrml: 0.00000,  L_Eknl: 0.06126, L_Morse: 2.20013

Weights: [7000.0, 600.0, 0, 50.0, 0.0, 0.1], lr=5.000e-05
Epoch: 0 [5300/10000 (53%)] Loss: 22.30153 = L_Mnfld: 6.12716 + L_NonMnfld: 12.82046 + L_Nrml: 0.00000 + L_Eknl: 3.12954 + L_Div: 0.00000 + L_Morse: 0.22437
Epoch: 0 [5300/10000 (53%)] Unweighted L_s : L_Mnfld: 0.00088,  L_NonMnfld: 0.02137,  L_Nrml: 0.00000,  L_Eknl: 0.06259, L_Morse: 2.24367

Weights: [7000.0, 600.0, 0, 50.0, 0.0, 0.1], lr=5.000e-05
Epoch: 0 [5310/10000 (53%)] Loss: 21.31337 = L_Mnfld: 6.38741 + L_NonMnfld: 11.53366 + L_Nrml: 0.00000 + L_Eknl: 3.16793 + L_Div: 0.00000 + L_Morse: 0.22437
Epoch: 0 [5310/10000 (53%)] Unweighted L_s : L_Mnfld: 0.00091,  L_NonMnfld: 0.01922,  L_Nrml: 0.00000,  L_Eknl: 0.06336, L_Morse: 2.24371

Weights: [7000.0, 600.0, 0, 50.0, 0.0, 0.1], lr=5.000e-05
Epoch: 0 [5320/10000 (53%)] Loss: 21.58858 = L_Mnfld: 6.16435 + L_NonMnfld: 12.02127 + L_Nrml: 0.00000 + L_Eknl: 3.18290 + L_Div: 0.00000 + L_Morse: 0.22006
Epoch: 0 [5320/10000 (53%)] Unweighted L_s : L_Mnfld: 0.00088,  L_NonMnfld: 0.02004,  L_Nrml: 0.00000,  L_Eknl: 0.06366, L_Morse: 2.20059

Weights: [7000.0, 600.0, 0, 50.0, 0.0, 0.1], lr=5.000e-05
Epoch: 0 [5330/10000 (53%)] Loss: 22.55324 = L_Mnfld: 6.49346 + L_NonMnfld: 12.68264 + L_Nrml: 0.00000 + L_Eknl: 3.15079 + L_Div: 0.00000 + L_Morse: 0.22635
Epoch: 0 [5330/10000 (53%)] Unweighted L_s : L_Mnfld: 0.00093,  L_NonMnfld: 0.02114,  L_Nrml: 0.00000,  L_Eknl: 0.06302, L_Morse: 2.26352

Weights: [7000.0, 600.0, 0, 50.0, 0.0, 0.1], lr=5.000e-05
Epoch: 0 [5340/10000 (53%)] Loss: 22.78856 = L_Mnfld: 6.63661 + L_NonMnfld: 12.87058 + L_Nrml: 0.00000 + L_Eknl: 3.05867 + L_Div: 0.00000 + L_Morse: 0.22269
Epoch: 0 [5340/10000 (53%)] Unweighted L_s : L_Mnfld: 0.00095,  L_NonMnfld: 0.02145,  L_Nrml: 0.00000,  L_Eknl: 0.06117, L_Morse: 2.22693

Weights: [7000.0, 600.0, 0, 50.0, 0.0, 0.1], lr=5.000e-05
Epoch: 0 [5350/10000 (54%)] Loss: 22.19309 = L_Mnfld: 6.34314 + L_NonMnfld: 12.45629 + L_Nrml: 0.00000 + L_Eknl: 3.17562 + L_Div: 0.00000 + L_Morse: 0.21805
Epoch: 0 [5350/10000 (54%)] Unweighted L_s : L_Mnfld: 0.00091,  L_NonMnfld: 0.02076,  L_Nrml: 0.00000,  L_Eknl: 0.06351, L_Morse: 2.18045

Weights: [7000.0, 600.0, 0, 50.0, 0.0, 0.1], lr=5.000e-05
Epoch: 0 [5360/10000 (54%)] Loss: 21.87372 = L_Mnfld: 6.38984 + L_NonMnfld: 12.10997 + L_Nrml: 0.00000 + L_Eknl: 3.15227 + L_Div: 0.00000 + L_Morse: 0.22164
Epoch: 0 [5360/10000 (54%)] Unweighted L_s : L_Mnfld: 0.00091,  L_NonMnfld: 0.02018,  L_Nrml: 0.00000,  L_Eknl: 0.06305, L_Morse: 2.21640

Weights: [7000.0, 600.0, 0, 50.0, 0.0, 0.1], lr=5.000e-05
Epoch: 0 [5370/10000 (54%)] Loss: 21.52157 = L_Mnfld: 6.61563 + L_NonMnfld: 11.53096 + L_Nrml: 0.00000 + L_Eknl: 3.14266 + L_Div: 0.00000 + L_Morse: 0.23231
Epoch: 0 [5370/10000 (54%)] Unweighted L_s : L_Mnfld: 0.00095,  L_NonMnfld: 0.01922,  L_Nrml: 0.00000,  L_Eknl: 0.06285, L_Morse: 2.32315

Weights: [7000.0, 600.0, 0, 50.0, 0.0, 0.1], lr=5.000e-05
Epoch: 0 [5380/10000 (54%)] Loss: 20.90882 = L_Mnfld: 6.33300 + L_NonMnfld: 11.31478 + L_Nrml: 0.00000 + L_Eknl: 3.03834 + L_Div: 0.00000 + L_Morse: 0.22269
Epoch: 0 [5380/10000 (54%)] Unweighted L_s : L_Mnfld: 0.00090,  L_NonMnfld: 0.01886,  L_Nrml: 0.00000,  L_Eknl: 0.06077, L_Morse: 2.22695

Weights: [7000.0, 600.0, 0, 50.0, 0.0, 0.1], lr=5.000e-05
Epoch: 0 [5390/10000 (54%)] Loss: 21.08004 = L_Mnfld: 6.35467 + L_NonMnfld: 11.46447 + L_Nrml: 0.00000 + L_Eknl: 3.03511 + L_Div: 0.00000 + L_Morse: 0.22578
Epoch: 0 [5390/10000 (54%)] Unweighted L_s : L_Mnfld: 0.00091,  L_NonMnfld: 0.01911,  L_Nrml: 0.00000,  L_Eknl: 0.06070, L_Morse: 2.25785

Weights: [7000.0, 600.0, 0, 50.0, 0.0, 0.1], lr=5.000e-05
Epoch: 0 [5400/10000 (54%)] Loss: 21.49467 = L_Mnfld: 6.10123 + L_NonMnfld: 12.11327 + L_Nrml: 0.00000 + L_Eknl: 3.05666 + L_Div: 0.00000 + L_Morse: 0.22351
Epoch: 0 [5400/10000 (54%)] Unweighted L_s : L_Mnfld: 0.00087,  L_NonMnfld: 0.02019,  L_Nrml: 0.00000,  L_Eknl: 0.06113, L_Morse: 2.23509

Weights: [7000.0, 600.0, 0, 50.0, 0.0, 0.1], lr=5.000e-05
Epoch: 0 [5410/10000 (54%)] Loss: 21.27733 = L_Mnfld: 6.18590 + L_NonMnfld: 11.91135 + L_Nrml: 0.00000 + L_Eknl: 2.93492 + L_Div: 0.00000 + L_Morse: 0.24515
Epoch: 0 [5410/10000 (54%)] Unweighted L_s : L_Mnfld: 0.00088,  L_NonMnfld: 0.01985,  L_Nrml: 0.00000,  L_Eknl: 0.05870, L_Morse: 2.45151

Weights: [7000.0, 600.0, 0, 50.0, 0.0, 0.1], lr=5.000e-05
Epoch: 0 [5420/10000 (54%)] Loss: 21.76590 = L_Mnfld: 6.08751 + L_NonMnfld: 12.39698 + L_Nrml: 0.00000 + L_Eknl: 3.05301 + L_Div: 0.00000 + L_Morse: 0.22840
Epoch: 0 [5420/10000 (54%)] Unweighted L_s : L_Mnfld: 0.00087,  L_NonMnfld: 0.02066,  L_Nrml: 0.00000,  L_Eknl: 0.06106, L_Morse: 2.28395

Weights: [7000.0, 600.0, 0, 50.0, 0.0, 0.1], lr=5.000e-05
Epoch: 0 [5430/10000 (54%)] Loss: 21.44474 = L_Mnfld: 6.28798 + L_NonMnfld: 11.98392 + L_Nrml: 0.00000 + L_Eknl: 2.94920 + L_Div: 0.00000 + L_Morse: 0.22363
Epoch: 0 [5430/10000 (54%)] Unweighted L_s : L_Mnfld: 0.00090,  L_NonMnfld: 0.01997,  L_Nrml: 0.00000,  L_Eknl: 0.05898, L_Morse: 2.23634

Weights: [7000.0, 600.0, 0, 50.0, 0.0, 0.1], lr=5.000e-05
Epoch: 0 [5440/10000 (54%)] Loss: 22.12213 = L_Mnfld: 6.23127 + L_NonMnfld: 12.59180 + L_Nrml: 0.00000 + L_Eknl: 3.06430 + L_Div: 0.00000 + L_Morse: 0.23476
Epoch: 0 [5440/10000 (54%)] Unweighted L_s : L_Mnfld: 0.00089,  L_NonMnfld: 0.02099,  L_Nrml: 0.00000,  L_Eknl: 0.06129, L_Morse: 2.34758

Weights: [7000.0, 600.0, 0, 50.0, 0.0, 0.1], lr=5.000e-05
Epoch: 0 [5450/10000 (54%)] Loss: 22.16348 = L_Mnfld: 6.48668 + L_NonMnfld: 12.38299 + L_Nrml: 0.00000 + L_Eknl: 3.05986 + L_Div: 0.00000 + L_Morse: 0.23394
Epoch: 0 [5450/10000 (54%)] Unweighted L_s : L_Mnfld: 0.00093,  L_NonMnfld: 0.02064,  L_Nrml: 0.00000,  L_Eknl: 0.06120, L_Morse: 2.33944

Weights: [7000.0, 600.0, 0, 50.0, 0.0, 0.1], lr=5.000e-05
Epoch: 0 [5460/10000 (55%)] Loss: 21.47002 = L_Mnfld: 6.20762 + L_NonMnfld: 11.99832 + L_Nrml: 0.00000 + L_Eknl: 3.03958 + L_Div: 0.00000 + L_Morse: 0.22450
Epoch: 0 [5460/10000 (55%)] Unweighted L_s : L_Mnfld: 0.00089,  L_NonMnfld: 0.02000,  L_Nrml: 0.00000,  L_Eknl: 0.06079, L_Morse: 2.24497

Weights: [7000.0, 600.0, 0, 50.0, 0.0, 0.1], lr=5.000e-05
Epoch: 0 [5470/10000 (55%)] Loss: 21.84492 = L_Mnfld: 6.18046 + L_NonMnfld: 12.44537 + L_Nrml: 0.00000 + L_Eknl: 2.99113 + L_Div: 0.00000 + L_Morse: 0.22796
Epoch: 0 [5470/10000 (55%)] Unweighted L_s : L_Mnfld: 0.00088,  L_NonMnfld: 0.02074,  L_Nrml: 0.00000,  L_Eknl: 0.05982, L_Morse: 2.27957

Weights: [7000.0, 600.0, 0, 50.0, 0.0, 0.1], lr=5.000e-05
Epoch: 0 [5480/10000 (55%)] Loss: 22.79654 = L_Mnfld: 6.03779 + L_NonMnfld: 13.34539 + L_Nrml: 0.00000 + L_Eknl: 3.17391 + L_Div: 0.00000 + L_Morse: 0.23945
Epoch: 0 [5480/10000 (55%)] Unweighted L_s : L_Mnfld: 0.00086,  L_NonMnfld: 0.02224,  L_Nrml: 0.00000,  L_Eknl: 0.06348, L_Morse: 2.39450

Weights: [7000.0, 600.0, 0, 50.0, 0.0, 0.1], lr=5.000e-05
Epoch: 0 [5490/10000 (55%)] Loss: 21.86750 = L_Mnfld: 6.28920 + L_NonMnfld: 12.21804 + L_Nrml: 0.00000 + L_Eknl: 3.13099 + L_Div: 0.00000 + L_Morse: 0.22927
Epoch: 0 [5490/10000 (55%)] Unweighted L_s : L_Mnfld: 0.00090,  L_NonMnfld: 0.02036,  L_Nrml: 0.00000,  L_Eknl: 0.06262, L_Morse: 2.29267

Weights: [7000.0, 600.0, 0, 50.0, 0.0, 0.1], lr=5.000e-05
Epoch: 0 [5500/10000 (55%)] Loss: 21.56640 = L_Mnfld: 6.34206 + L_NonMnfld: 11.88866 + L_Nrml: 0.00000 + L_Eknl: 3.10799 + L_Div: 0.00000 + L_Morse: 0.22769
Epoch: 0 [5500/10000 (55%)] Unweighted L_s : L_Mnfld: 0.00091,  L_NonMnfld: 0.01981,  L_Nrml: 0.00000,  L_Eknl: 0.06216, L_Morse: 2.27690

Weights: [7000.0, 600.0, 0, 50.0, 0.0, 0.1], lr=5.000e-05
Epoch: 0 [5510/10000 (55%)] Loss: 21.00747 = L_Mnfld: 6.15213 + L_NonMnfld: 11.59810 + L_Nrml: 0.00000 + L_Eknl: 3.01943 + L_Div: 0.00000 + L_Morse: 0.23781
Epoch: 0 [5510/10000 (55%)] Unweighted L_s : L_Mnfld: 0.00088,  L_NonMnfld: 0.01933,  L_Nrml: 0.00000,  L_Eknl: 0.06039, L_Morse: 2.37815

Weights: [7000.0, 600.0, 0, 50.0, 0.0, 0.1], lr=5.000e-05
Epoch: 0 [5520/10000 (55%)] Loss: 23.03596 = L_Mnfld: 6.25463 + L_NonMnfld: 13.47023 + L_Nrml: 0.00000 + L_Eknl: 3.07002 + L_Div: 0.00000 + L_Morse: 0.24108
Epoch: 0 [5520/10000 (55%)] Unweighted L_s : L_Mnfld: 0.00089,  L_NonMnfld: 0.02245,  L_Nrml: 0.00000,  L_Eknl: 0.06140, L_Morse: 2.41077

Weights: [7000.0, 600.0, 0, 50.0, 0.0, 0.1], lr=5.000e-05
Epoch: 0 [5530/10000 (55%)] Loss: 22.48103 = L_Mnfld: 6.84685 + L_NonMnfld: 12.11015 + L_Nrml: 0.00000 + L_Eknl: 3.28462 + L_Div: 0.00000 + L_Morse: 0.23941
Epoch: 0 [5530/10000 (55%)] Unweighted L_s : L_Mnfld: 0.00098,  L_NonMnfld: 0.02018,  L_Nrml: 0.00000,  L_Eknl: 0.06569, L_Morse: 2.39410

Weights: [7000.0, 600.0, 0, 50.0, 0.0, 0.1], lr=5.000e-05
Epoch: 0 [5540/10000 (55%)] Loss: 21.83823 = L_Mnfld: 6.95450 + L_NonMnfld: 11.40260 + L_Nrml: 0.00000 + L_Eknl: 3.24395 + L_Div: 0.00000 + L_Morse: 0.23718
Epoch: 0 [5540/10000 (55%)] Unweighted L_s : L_Mnfld: 0.00099,  L_NonMnfld: 0.01900,  L_Nrml: 0.00000,  L_Eknl: 0.06488, L_Morse: 2.37177

Weights: [7000.0, 600.0, 0, 50.0, 0.0, 0.1], lr=5.000e-05
Epoch: 0 [5550/10000 (56%)] Loss: 21.59919 = L_Mnfld: 7.00863 + L_NonMnfld: 11.24093 + L_Nrml: 0.00000 + L_Eknl: 3.11146 + L_Div: 0.00000 + L_Morse: 0.23817
Epoch: 0 [5550/10000 (56%)] Unweighted L_s : L_Mnfld: 0.00100,  L_NonMnfld: 0.01873,  L_Nrml: 0.00000,  L_Eknl: 0.06223, L_Morse: 2.38166

Weights: [7000.0, 600.0, 0, 50.0, 0.0, 0.1], lr=5.000e-05
Epoch: 0 [5560/10000 (56%)] Loss: 21.95115 = L_Mnfld: 6.86250 + L_NonMnfld: 11.64815 + L_Nrml: 0.00000 + L_Eknl: 3.20559 + L_Div: 0.00000 + L_Morse: 0.23491
Epoch: 0 [5560/10000 (56%)] Unweighted L_s : L_Mnfld: 0.00098,  L_NonMnfld: 0.01941,  L_Nrml: 0.00000,  L_Eknl: 0.06411, L_Morse: 2.34908

Weights: [7000.0, 600.0, 0, 50.0, 0.0, 0.1], lr=5.000e-05
Epoch: 0 [5570/10000 (56%)] Loss: 21.47348 = L_Mnfld: 6.79521 + L_NonMnfld: 11.38314 + L_Nrml: 0.00000 + L_Eknl: 3.06294 + L_Div: 0.00000 + L_Morse: 0.23220
Epoch: 0 [5570/10000 (56%)] Unweighted L_s : L_Mnfld: 0.00097,  L_NonMnfld: 0.01897,  L_Nrml: 0.00000,  L_Eknl: 0.06126, L_Morse: 2.32200

Weights: [7000.0, 600.0, 0, 50.0, 0.0, 0.1], lr=5.000e-05
Epoch: 0 [5580/10000 (56%)] Loss: 22.09174 = L_Mnfld: 6.57251 + L_NonMnfld: 12.24414 + L_Nrml: 0.00000 + L_Eknl: 3.03326 + L_Div: 0.00000 + L_Morse: 0.24182
Epoch: 0 [5580/10000 (56%)] Unweighted L_s : L_Mnfld: 0.00094,  L_NonMnfld: 0.02041,  L_Nrml: 0.00000,  L_Eknl: 0.06067, L_Morse: 2.41821

Weights: [7000.0, 600.0, 0, 50.0, 0.0, 0.1], lr=5.000e-05
Epoch: 0 [5590/10000 (56%)] Loss: 22.51407 = L_Mnfld: 6.47517 + L_NonMnfld: 12.84177 + L_Nrml: 0.00000 + L_Eknl: 2.96904 + L_Div: 0.00000 + L_Morse: 0.22809
Epoch: 0 [5590/10000 (56%)] Unweighted L_s : L_Mnfld: 0.00093,  L_NonMnfld: 0.02140,  L_Nrml: 0.00000,  L_Eknl: 0.05938, L_Morse: 2.28086

Weights: [7000.0, 600.0, 0, 50.0, 0.0, 0.1], lr=5.000e-05
Epoch: 0 [5600/10000 (56%)] Loss: 21.26420 = L_Mnfld: 6.45724 + L_NonMnfld: 11.51753 + L_Nrml: 0.00000 + L_Eknl: 3.04747 + L_Div: 0.00000 + L_Morse: 0.24196
Epoch: 0 [5600/10000 (56%)] Unweighted L_s : L_Mnfld: 0.00092,  L_NonMnfld: 0.01920,  L_Nrml: 0.00000,  L_Eknl: 0.06095, L_Morse: 2.41961

Weights: [7000.0, 600.0, 0, 50.0, 0.0, 0.1], lr=5.000e-05
Epoch: 0 [5610/10000 (56%)] Loss: 21.91812 = L_Mnfld: 6.46460 + L_NonMnfld: 12.28190 + L_Nrml: 0.00000 + L_Eknl: 2.94043 + L_Div: 0.00000 + L_Morse: 0.23119
Epoch: 0 [5610/10000 (56%)] Unweighted L_s : L_Mnfld: 0.00092,  L_NonMnfld: 0.02047,  L_Nrml: 0.00000,  L_Eknl: 0.05881, L_Morse: 2.31194

Weights: [7000.0, 600.0, 0, 50.0, 0.0, 0.1], lr=5.000e-05
Epoch: 0 [5620/10000 (56%)] Loss: 20.84940 = L_Mnfld: 6.22030 + L_NonMnfld: 11.50432 + L_Nrml: 0.00000 + L_Eknl: 2.89001 + L_Div: 0.00000 + L_Morse: 0.23477
Epoch: 0 [5620/10000 (56%)] Unweighted L_s : L_Mnfld: 0.00089,  L_NonMnfld: 0.01917,  L_Nrml: 0.00000,  L_Eknl: 0.05780, L_Morse: 2.34769

Weights: [7000.0, 600.0, 0, 50.0, 0.0, 0.1], lr=5.000e-05
Epoch: 0 [5630/10000 (56%)] Loss: 21.93410 = L_Mnfld: 6.27473 + L_NonMnfld: 12.37578 + L_Nrml: 0.00000 + L_Eknl: 3.03473 + L_Div: 0.00000 + L_Morse: 0.24886
Epoch: 0 [5630/10000 (56%)] Unweighted L_s : L_Mnfld: 0.00090,  L_NonMnfld: 0.02063,  L_Nrml: 0.00000,  L_Eknl: 0.06069, L_Morse: 2.48861

Weights: [7000.0, 600.0, 0, 50.0, 0.0, 0.1], lr=5.000e-05
Epoch: 0 [5640/10000 (56%)] Loss: 21.20638 = L_Mnfld: 6.21852 + L_NonMnfld: 11.79645 + L_Nrml: 0.00000 + L_Eknl: 2.95097 + L_Div: 0.00000 + L_Morse: 0.24043
Epoch: 0 [5640/10000 (56%)] Unweighted L_s : L_Mnfld: 0.00089,  L_NonMnfld: 0.01966,  L_Nrml: 0.00000,  L_Eknl: 0.05902, L_Morse: 2.40433

Weights: [7000.0, 600.0, 0, 50.0, 0.0, 0.1], lr=5.000e-05
Epoch: 0 [5650/10000 (56%)] Loss: 22.03245 = L_Mnfld: 6.33882 + L_NonMnfld: 12.49076 + L_Nrml: 0.00000 + L_Eknl: 2.95606 + L_Div: 0.00000 + L_Morse: 0.24682
Epoch: 0 [5650/10000 (56%)] Unweighted L_s : L_Mnfld: 0.00091,  L_NonMnfld: 0.02082,  L_Nrml: 0.00000,  L_Eknl: 0.05912, L_Morse: 2.46821

Weights: [7000.0, 600.0, 0, 50.0, 0.0, 0.1], lr=5.000e-05
Epoch: 0 [5660/10000 (57%)] Loss: 21.84744 = L_Mnfld: 6.19038 + L_NonMnfld: 12.48277 + L_Nrml: 0.00000 + L_Eknl: 2.93084 + L_Div: 0.00000 + L_Morse: 0.24345
Epoch: 0 [5660/10000 (57%)] Unweighted L_s : L_Mnfld: 0.00088,  L_NonMnfld: 0.02080,  L_Nrml: 0.00000,  L_Eknl: 0.05862, L_Morse: 2.43452

Weights: [7000.0, 600.0, 0, 50.0, 0.0, 0.1], lr=5.000e-05
Epoch: 0 [5670/10000 (57%)] Loss: 21.44729 = L_Mnfld: 6.06557 + L_NonMnfld: 12.17576 + L_Nrml: 0.00000 + L_Eknl: 2.95537 + L_Div: 0.00000 + L_Morse: 0.25059
Epoch: 0 [5670/10000 (57%)] Unweighted L_s : L_Mnfld: 0.00087,  L_NonMnfld: 0.02029,  L_Nrml: 0.00000,  L_Eknl: 0.05911, L_Morse: 2.50586

Weights: [7000.0, 600.0, 0, 50.0, 0.0, 0.1], lr=5.000e-05
Epoch: 0 [5680/10000 (57%)] Loss: 22.52176 = L_Mnfld: 6.35124 + L_NonMnfld: 12.99551 + L_Nrml: 0.00000 + L_Eknl: 2.93790 + L_Div: 0.00000 + L_Morse: 0.23712
Epoch: 0 [5680/10000 (57%)] Unweighted L_s : L_Mnfld: 0.00091,  L_NonMnfld: 0.02166,  L_Nrml: 0.00000,  L_Eknl: 0.05876, L_Morse: 2.37119

Weights: [7000.0, 600.0, 0, 50.0, 0.0, 0.1], lr=5.000e-05
Epoch: 0 [5690/10000 (57%)] Loss: 22.26235 = L_Mnfld: 6.39920 + L_NonMnfld: 12.58427 + L_Nrml: 0.00000 + L_Eknl: 3.03261 + L_Div: 0.00000 + L_Morse: 0.24627
Epoch: 0 [5690/10000 (57%)] Unweighted L_s : L_Mnfld: 0.00091,  L_NonMnfld: 0.02097,  L_Nrml: 0.00000,  L_Eknl: 0.06065, L_Morse: 2.46274

Weights: [7000.0, 600.0, 0, 50.0, 0.0, 0.1], lr=5.000e-05
Epoch: 0 [5700/10000 (57%)] Loss: 22.04928 = L_Mnfld: 6.86136 + L_NonMnfld: 11.95259 + L_Nrml: 0.00000 + L_Eknl: 2.99772 + L_Div: 0.00000 + L_Morse: 0.23761
Epoch: 0 [5700/10000 (57%)] Unweighted L_s : L_Mnfld: 0.00098,  L_NonMnfld: 0.01992,  L_Nrml: 0.00000,  L_Eknl: 0.05995, L_Morse: 2.37614

Weights: [7000.0, 600.0, 0, 50.0, 0.0, 0.1], lr=5.000e-05
Epoch: 0 [5710/10000 (57%)] Loss: 22.44449 = L_Mnfld: 6.88537 + L_NonMnfld: 12.17021 + L_Nrml: 0.00000 + L_Eknl: 3.15955 + L_Div: 0.00000 + L_Morse: 0.22936
Epoch: 0 [5710/10000 (57%)] Unweighted L_s : L_Mnfld: 0.00098,  L_NonMnfld: 0.02028,  L_Nrml: 0.00000,  L_Eknl: 0.06319, L_Morse: 2.29360

Weights: [7000.0, 600.0, 0, 50.0, 0.0, 0.1], lr=5.000e-05
Epoch: 0 [5720/10000 (57%)] Loss: 21.78021 = L_Mnfld: 6.45700 + L_NonMnfld: 11.93239 + L_Nrml: 0.00000 + L_Eknl: 3.15073 + L_Div: 0.00000 + L_Morse: 0.24009
Epoch: 0 [5720/10000 (57%)] Unweighted L_s : L_Mnfld: 0.00092,  L_NonMnfld: 0.01989,  L_Nrml: 0.00000,  L_Eknl: 0.06301, L_Morse: 2.40087

Weights: [7000.0, 600.0, 0, 50.0, 0.0, 0.1], lr=5.000e-05
Epoch: 0 [5730/10000 (57%)] Loss: 21.49247 = L_Mnfld: 6.62570 + L_NonMnfld: 11.64209 + L_Nrml: 0.00000 + L_Eknl: 2.96857 + L_Div: 0.00000 + L_Morse: 0.25611
Epoch: 0 [5730/10000 (57%)] Unweighted L_s : L_Mnfld: 0.00095,  L_NonMnfld: 0.01940,  L_Nrml: 0.00000,  L_Eknl: 0.05937, L_Morse: 2.56108

Weights: [7000.0, 600.0, 0, 50.0, 0.0, 0.1], lr=5.000e-05
Epoch: 0 [5740/10000 (57%)] Loss: 21.90107 = L_Mnfld: 6.40347 + L_NonMnfld: 12.29030 + L_Nrml: 0.00000 + L_Eknl: 2.95902 + L_Div: 0.00000 + L_Morse: 0.24827
Epoch: 0 [5740/10000 (57%)] Unweighted L_s : L_Mnfld: 0.00091,  L_NonMnfld: 0.02048,  L_Nrml: 0.00000,  L_Eknl: 0.05918, L_Morse: 2.48275

Weights: [7000.0, 600.0, 0, 50.0, 0.0, 0.1], lr=5.000e-05
Epoch: 0 [5750/10000 (58%)] Loss: 22.50533 = L_Mnfld: 6.41468 + L_NonMnfld: 12.97769 + L_Nrml: 0.00000 + L_Eknl: 2.86158 + L_Div: 0.00000 + L_Morse: 0.25138
Epoch: 0 [5750/10000 (58%)] Unweighted L_s : L_Mnfld: 0.00092,  L_NonMnfld: 0.02163,  L_Nrml: 0.00000,  L_Eknl: 0.05723, L_Morse: 2.51383

Weights: [7000.0, 600.0, 0, 50.0, 0.0, 0.1], lr=5.000e-05
Epoch: 0 [5760/10000 (58%)] Loss: 21.84609 = L_Mnfld: 6.60331 + L_NonMnfld: 12.03447 + L_Nrml: 0.00000 + L_Eknl: 2.95558 + L_Div: 0.00000 + L_Morse: 0.25273
Epoch: 0 [5760/10000 (58%)] Unweighted L_s : L_Mnfld: 0.00094,  L_NonMnfld: 0.02006,  L_Nrml: 0.00000,  L_Eknl: 0.05911, L_Morse: 2.52733

Weights: [7000.0, 600.0, 0, 50.0, 0.0, 0.1], lr=5.000e-05
Epoch: 0 [5770/10000 (58%)] Loss: 21.91992 = L_Mnfld: 6.14442 + L_NonMnfld: 12.57501 + L_Nrml: 0.00000 + L_Eknl: 2.94946 + L_Div: 0.00000 + L_Morse: 0.25103
Epoch: 0 [5770/10000 (58%)] Unweighted L_s : L_Mnfld: 0.00088,  L_NonMnfld: 0.02096,  L_Nrml: 0.00000,  L_Eknl: 0.05899, L_Morse: 2.51028

Weights: [7000.0, 600.0, 0, 50.0, 0.0, 0.1], lr=5.000e-05
Epoch: 0 [5780/10000 (58%)] Loss: 22.06738 = L_Mnfld: 7.13704 + L_NonMnfld: 11.79452 + L_Nrml: 0.00000 + L_Eknl: 2.89117 + L_Div: 0.00000 + L_Morse: 0.24465
Epoch: 0 [5780/10000 (58%)] Unweighted L_s : L_Mnfld: 0.00102,  L_NonMnfld: 0.01966,  L_Nrml: 0.00000,  L_Eknl: 0.05782, L_Morse: 2.44655

Weights: [7000.0, 600.0, 0, 50.0, 0.0, 0.1], lr=5.000e-05
Epoch: 0 [5790/10000 (58%)] Loss: 21.06250 = L_Mnfld: 7.04493 + L_NonMnfld: 10.53269 + L_Nrml: 0.00000 + L_Eknl: 3.23459 + L_Div: 0.00000 + L_Morse: 0.25028
Epoch: 0 [5790/10000 (58%)] Unweighted L_s : L_Mnfld: 0.00101,  L_NonMnfld: 0.01755,  L_Nrml: 0.00000,  L_Eknl: 0.06469, L_Morse: 2.50281

Weights: [7000.0, 600.0, 0, 50.0, 0.0, 0.1], lr=5.000e-05
Epoch: 0 [5800/10000 (58%)] Loss: 21.22510 = L_Mnfld: 6.46685 + L_NonMnfld: 11.61008 + L_Nrml: 0.00000 + L_Eknl: 2.90133 + L_Div: 0.00000 + L_Morse: 0.24684
Epoch: 0 [5800/10000 (58%)] Unweighted L_s : L_Mnfld: 0.00092,  L_NonMnfld: 0.01935,  L_Nrml: 0.00000,  L_Eknl: 0.05803, L_Morse: 2.46836

Weights: [7000.0, 600.0, 0, 50.0, 0.0, 0.1], lr=5.000e-05
Epoch: 0 [5810/10000 (58%)] Loss: 22.01945 = L_Mnfld: 6.81008 + L_NonMnfld: 11.92203 + L_Nrml: 0.00000 + L_Eknl: 3.04209 + L_Div: 0.00000 + L_Morse: 0.24525
Epoch: 0 [5810/10000 (58%)] Unweighted L_s : L_Mnfld: 0.00097,  L_NonMnfld: 0.01987,  L_Nrml: 0.00000,  L_Eknl: 0.06084, L_Morse: 2.45254

Weights: [7000.0, 600.0, 0, 50.0, 0.0, 0.1], lr=5.000e-05
Epoch: 0 [5820/10000 (58%)] Loss: 21.87898 = L_Mnfld: 6.46228 + L_NonMnfld: 12.22970 + L_Nrml: 0.00000 + L_Eknl: 2.94340 + L_Div: 0.00000 + L_Morse: 0.24360
Epoch: 0 [5820/10000 (58%)] Unweighted L_s : L_Mnfld: 0.00092,  L_NonMnfld: 0.02038,  L_Nrml: 0.00000,  L_Eknl: 0.05887, L_Morse: 2.43604

Weights: [7000.0, 600.0, 0, 50.0, 0.0, 0.1], lr=5.000e-05
Epoch: 0 [5830/10000 (58%)] Loss: 21.97717 = L_Mnfld: 6.75102 + L_NonMnfld: 12.02738 + L_Nrml: 0.00000 + L_Eknl: 2.95198 + L_Div: 0.00000 + L_Morse: 0.24679
Epoch: 0 [5830/10000 (58%)] Unweighted L_s : L_Mnfld: 0.00096,  L_NonMnfld: 0.02005,  L_Nrml: 0.00000,  L_Eknl: 0.05904, L_Morse: 2.46794

Weights: [7000.0, 600.0, 0, 50.0, 0.0, 0.1], lr=5.000e-05
Epoch: 0 [5840/10000 (58%)] Loss: 20.89516 = L_Mnfld: 6.29839 + L_NonMnfld: 11.41213 + L_Nrml: 0.00000 + L_Eknl: 2.94400 + L_Div: 0.00000 + L_Morse: 0.24063
Epoch: 0 [5840/10000 (58%)] Unweighted L_s : L_Mnfld: 0.00090,  L_NonMnfld: 0.01902,  L_Nrml: 0.00000,  L_Eknl: 0.05888, L_Morse: 2.40633

Weights: [7000.0, 600.0, 0, 50.0, 0.0, 0.1], lr=5.000e-05
Epoch: 0 [5850/10000 (58%)] Loss: 23.07222 = L_Mnfld: 6.53730 + L_NonMnfld: 13.42054 + L_Nrml: 0.00000 + L_Eknl: 2.85840 + L_Div: 0.00000 + L_Morse: 0.25598
Epoch: 0 [5850/10000 (58%)] Unweighted L_s : L_Mnfld: 0.00093,  L_NonMnfld: 0.02237,  L_Nrml: 0.00000,  L_Eknl: 0.05717, L_Morse: 2.55983

Weights: [7000.0, 600.0, 0, 50.0, 0.0, 0.1], lr=5.000e-05
Epoch: 0 [5860/10000 (59%)] Loss: 21.45332 = L_Mnfld: 6.42666 + L_NonMnfld: 11.89817 + L_Nrml: 0.00000 + L_Eknl: 2.85548 + L_Div: 0.00000 + L_Morse: 0.27301
Epoch: 0 [5860/10000 (59%)] Unweighted L_s : L_Mnfld: 0.00092,  L_NonMnfld: 0.01983,  L_Nrml: 0.00000,  L_Eknl: 0.05711, L_Morse: 2.73014

Weights: [7000.0, 600.0, 0, 50.0, 0.0, 0.1], lr=5.000e-05
Epoch: 0 [5870/10000 (59%)] Loss: 21.12203 = L_Mnfld: 6.15217 + L_NonMnfld: 11.93250 + L_Nrml: 0.00000 + L_Eknl: 2.78542 + L_Div: 0.00000 + L_Morse: 0.25194
Epoch: 0 [5870/10000 (59%)] Unweighted L_s : L_Mnfld: 0.00088,  L_NonMnfld: 0.01989,  L_Nrml: 0.00000,  L_Eknl: 0.05571, L_Morse: 2.51944

Weights: [7000.0, 600.0, 0, 50.0, 0.0, 0.1], lr=5.000e-05
Epoch: 0 [5880/10000 (59%)] Loss: 21.09192 = L_Mnfld: 5.92544 + L_NonMnfld: 12.08632 + L_Nrml: 0.00000 + L_Eknl: 2.83338 + L_Div: 0.00000 + L_Morse: 0.24679
Epoch: 0 [5880/10000 (59%)] Unweighted L_s : L_Mnfld: 0.00085,  L_NonMnfld: 0.02014,  L_Nrml: 0.00000,  L_Eknl: 0.05667, L_Morse: 2.46789

Weights: [7000.0, 600.0, 0, 50.0, 0.0, 0.1], lr=5.000e-05
Epoch: 0 [5890/10000 (59%)] Loss: 21.94174 = L_Mnfld: 6.26754 + L_NonMnfld: 12.58455 + L_Nrml: 0.00000 + L_Eknl: 2.83269 + L_Div: 0.00000 + L_Morse: 0.25695
Epoch: 0 [5890/10000 (59%)] Unweighted L_s : L_Mnfld: 0.00090,  L_NonMnfld: 0.02097,  L_Nrml: 0.00000,  L_Eknl: 0.05665, L_Morse: 2.56955

Weights: [7000.0, 600.0, 0, 50.0, 0.0, 0.1], lr=5.000e-05
Epoch: 0 [5900/10000 (59%)] Loss: 21.65980 = L_Mnfld: 6.43825 + L_NonMnfld: 12.03679 + L_Nrml: 0.00000 + L_Eknl: 2.92351 + L_Div: 0.00000 + L_Morse: 0.26126
Epoch: 0 [5900/10000 (59%)] Unweighted L_s : L_Mnfld: 0.00092,  L_NonMnfld: 0.02006,  L_Nrml: 0.00000,  L_Eknl: 0.05847, L_Morse: 2.61259

Weights: [7000.0, 600.0, 0, 50.0, 0.0, 0.1], lr=5.000e-05
Epoch: 0 [5910/10000 (59%)] Loss: 21.72510 = L_Mnfld: 6.71152 + L_NonMnfld: 11.51942 + L_Nrml: 0.00000 + L_Eknl: 3.24715 + L_Div: 0.00000 + L_Morse: 0.24702
Epoch: 0 [5910/10000 (59%)] Unweighted L_s : L_Mnfld: 0.00096,  L_NonMnfld: 0.01920,  L_Nrml: 0.00000,  L_Eknl: 0.06494, L_Morse: 2.47018

Weights: [7000.0, 600.0, 0, 50.0, 0.0, 0.1], lr=5.000e-05
Epoch: 0 [5920/10000 (59%)] Loss: 22.59457 = L_Mnfld: 6.85796 + L_NonMnfld: 12.37555 + L_Nrml: 0.00000 + L_Eknl: 3.09918 + L_Div: 0.00000 + L_Morse: 0.26188
Epoch: 0 [5920/10000 (59%)] Unweighted L_s : L_Mnfld: 0.00098,  L_NonMnfld: 0.02063,  L_Nrml: 0.00000,  L_Eknl: 0.06198, L_Morse: 2.61881

Weights: [7000.0, 600.0, 0, 50.0, 0.0, 0.1], lr=5.000e-05
Epoch: 0 [5930/10000 (59%)] Loss: 20.58222 = L_Mnfld: 6.35467 + L_NonMnfld: 11.05752 + L_Nrml: 0.00000 + L_Eknl: 2.90960 + L_Div: 0.00000 + L_Morse: 0.26043
Epoch: 0 [5930/10000 (59%)] Unweighted L_s : L_Mnfld: 0.00091,  L_NonMnfld: 0.01843,  L_Nrml: 0.00000,  L_Eknl: 0.05819, L_Morse: 2.60431

Weights: [7000.0, 600.0, 0, 50.0, 0.0, 0.1], lr=5.000e-05
Epoch: 0 [5940/10000 (59%)] Loss: 21.94357 = L_Mnfld: 6.66559 + L_NonMnfld: 11.99750 + L_Nrml: 0.00000 + L_Eknl: 3.03106 + L_Div: 0.00000 + L_Morse: 0.24942
Epoch: 0 [5940/10000 (59%)] Unweighted L_s : L_Mnfld: 0.00095,  L_NonMnfld: 0.02000,  L_Nrml: 0.00000,  L_Eknl: 0.06062, L_Morse: 2.49419

Weights: [7000.0, 600.0, 0, 50.0, 0.0, 0.1], lr=5.000e-05
Epoch: 0 [5950/10000 (60%)] Loss: 21.61705 = L_Mnfld: 6.90187 + L_NonMnfld: 11.36998 + L_Nrml: 0.00000 + L_Eknl: 3.09353 + L_Div: 0.00000 + L_Morse: 0.25168
Epoch: 0 [5950/10000 (60%)] Unweighted L_s : L_Mnfld: 0.00099,  L_NonMnfld: 0.01895,  L_Nrml: 0.00000,  L_Eknl: 0.06187, L_Morse: 2.51678

Weights: [7000.0, 600.0, 0, 50.0, 0.0, 0.1], lr=5.000e-05
Epoch: 0 [5960/10000 (60%)] Loss: 23.27555 = L_Mnfld: 7.27868 + L_NonMnfld: 12.71650 + L_Nrml: 0.00000 + L_Eknl: 3.02604 + L_Div: 0.00000 + L_Morse: 0.25433
Epoch: 0 [5960/10000 (60%)] Unweighted L_s : L_Mnfld: 0.00104,  L_NonMnfld: 0.02119,  L_Nrml: 0.00000,  L_Eknl: 0.06052, L_Morse: 2.54326

Weights: [7000.0, 600.0, 0, 50.0, 0.0, 0.1], lr=5.000e-05
Epoch: 0 [5970/10000 (60%)] Loss: 23.22732 = L_Mnfld: 8.39311 + L_NonMnfld: 11.38312 + L_Nrml: 0.00000 + L_Eknl: 3.19733 + L_Div: 0.00000 + L_Morse: 0.25376
Epoch: 0 [5970/10000 (60%)] Unweighted L_s : L_Mnfld: 0.00120,  L_NonMnfld: 0.01897,  L_Nrml: 0.00000,  L_Eknl: 0.06395, L_Morse: 2.53756

Weights: [7000.0, 600.0, 0, 50.0, 0.0, 0.1], lr=5.000e-05
Epoch: 0 [5980/10000 (60%)] Loss: 23.06651 = L_Mnfld: 7.86190 + L_NonMnfld: 11.85729 + L_Nrml: 0.00000 + L_Eknl: 3.09728 + L_Div: 0.00000 + L_Morse: 0.25004
Epoch: 0 [5980/10000 (60%)] Unweighted L_s : L_Mnfld: 0.00112,  L_NonMnfld: 0.01976,  L_Nrml: 0.00000,  L_Eknl: 0.06195, L_Morse: 2.50035

Weights: [7000.0, 600.0, 0, 50.0, 0.0, 0.1], lr=5.000e-05
Epoch: 0 [5990/10000 (60%)] Loss: 22.82186 = L_Mnfld: 7.88944 + L_NonMnfld: 11.53979 + L_Nrml: 0.00000 + L_Eknl: 3.14743 + L_Div: 0.00000 + L_Morse: 0.24519
Epoch: 0 [5990/10000 (60%)] Unweighted L_s : L_Mnfld: 0.00113,  L_NonMnfld: 0.01923,  L_Nrml: 0.00000,  L_Eknl: 0.06295, L_Morse: 2.45194

Weights: [7000.0, 600.0, 0, 50.0, 0.0, 0.1], lr=5.000e-05
Epoch: 0 [6000/10000 (60%)] Loss: 23.34089 = L_Mnfld: 7.16882 + L_NonMnfld: 12.81078 + L_Nrml: 0.00000 + L_Eknl: 3.10943 + L_Div: 0.00000 + L_Morse: 0.25186
Epoch: 0 [6000/10000 (60%)] Unweighted L_s : L_Mnfld: 0.00102,  L_NonMnfld: 0.02135,  L_Nrml: 0.00000,  L_Eknl: 0.06219, L_Morse: 2.51861

Weights: [7000.0, 600.0, 0, 50.0, 0.0, 0.1], lr=5.000e-05
Epoch: 0 [6010/10000 (60%)] Loss: 22.60687 = L_Mnfld: 7.22179 + L_NonMnfld: 12.08453 + L_Nrml: 0.00000 + L_Eknl: 3.03441 + L_Div: 0.00000 + L_Morse: 0.26615
Epoch: 0 [6010/10000 (60%)] Unweighted L_s : L_Mnfld: 0.00103,  L_NonMnfld: 0.02014,  L_Nrml: 0.00000,  L_Eknl: 0.06069, L_Morse: 2.66151

Weights: [7000.0, 600.0, 0, 50.0, 0.0, 0.1], lr=5.000e-05
Epoch: 0 [6020/10000 (60%)] Loss: 21.96727 = L_Mnfld: 6.58535 + L_NonMnfld: 12.23696 + L_Nrml: 0.00000 + L_Eknl: 2.88510 + L_Div: 0.00000 + L_Morse: 0.25986
Epoch: 0 [6020/10000 (60%)] Unweighted L_s : L_Mnfld: 0.00094,  L_NonMnfld: 0.02039,  L_Nrml: 0.00000,  L_Eknl: 0.05770, L_Morse: 2.59859

Weights: [7000.0, 600.0, 0, 50.0, 0.0, 0.1], lr=5.000e-05
Epoch: 0 [6030/10000 (60%)] Loss: 21.97286 = L_Mnfld: 6.74517 + L_NonMnfld: 12.23237 + L_Nrml: 0.00000 + L_Eknl: 2.74858 + L_Div: 0.00000 + L_Morse: 0.24675
Epoch: 0 [6030/10000 (60%)] Unweighted L_s : L_Mnfld: 0.00096,  L_NonMnfld: 0.02039,  L_Nrml: 0.00000,  L_Eknl: 0.05497, L_Morse: 2.46749

Weights: [7000.0, 600.0, 0, 50.0, 0.0, 0.1], lr=5.000e-05
Epoch: 0 [6040/10000 (60%)] Loss: 20.81759 = L_Mnfld: 6.53628 + L_NonMnfld: 11.23637 + L_Nrml: 0.00000 + L_Eknl: 2.79457 + L_Div: 0.00000 + L_Morse: 0.25038
Epoch: 0 [6040/10000 (60%)] Unweighted L_s : L_Mnfld: 0.00093,  L_NonMnfld: 0.01873,  L_Nrml: 0.00000,  L_Eknl: 0.05589, L_Morse: 2.50380

Weights: [7000.0, 600.0, 0, 50.0, 0.0, 0.1], lr=5.000e-05
Epoch: 0 [6050/10000 (60%)] Loss: 21.46351 = L_Mnfld: 6.22058 + L_NonMnfld: 12.18733 + L_Nrml: 0.00000 + L_Eknl: 2.80594 + L_Div: 0.00000 + L_Morse: 0.24965
Epoch: 0 [6050/10000 (60%)] Unweighted L_s : L_Mnfld: 0.00089,  L_NonMnfld: 0.02031,  L_Nrml: 0.00000,  L_Eknl: 0.05612, L_Morse: 2.49647

Weights: [7000.0, 600.0, 0, 50.0, 0.0, 0.1], lr=5.000e-05
Epoch: 0 [6060/10000 (61%)] Loss: 21.54755 = L_Mnfld: 6.36767 + L_NonMnfld: 12.16625 + L_Nrml: 0.00000 + L_Eknl: 2.74974 + L_Div: 0.00000 + L_Morse: 0.26388
Epoch: 0 [6060/10000 (61%)] Unweighted L_s : L_Mnfld: 0.00091,  L_NonMnfld: 0.02028,  L_Nrml: 0.00000,  L_Eknl: 0.05499, L_Morse: 2.63881

Weights: [7000.0, 600.0, 0, 50.0, 0.0, 0.1], lr=5.000e-05
Epoch: 0 [6070/10000 (61%)] Loss: 21.47241 = L_Mnfld: 6.97810 + L_NonMnfld: 11.10300 + L_Nrml: 0.00000 + L_Eknl: 3.13908 + L_Div: 0.00000 + L_Morse: 0.25223
Epoch: 0 [6070/10000 (61%)] Unweighted L_s : L_Mnfld: 0.00100,  L_NonMnfld: 0.01851,  L_Nrml: 0.00000,  L_Eknl: 0.06278, L_Morse: 2.52232

Weights: [7000.0, 600.0, 0, 50.0, 0.0, 0.1], lr=5.000e-05
Epoch: 0 [6080/10000 (61%)] Loss: 22.10808 = L_Mnfld: 6.34446 + L_NonMnfld: 12.56176 + L_Nrml: 0.00000 + L_Eknl: 2.94946 + L_Div: 0.00000 + L_Morse: 0.25241
Epoch: 0 [6080/10000 (61%)] Unweighted L_s : L_Mnfld: 0.00091,  L_NonMnfld: 0.02094,  L_Nrml: 0.00000,  L_Eknl: 0.05899, L_Morse: 2.52410

Weights: [7000.0, 600.0, 0, 50.0, 0.0, 0.1], lr=5.000e-05
Epoch: 0 [6090/10000 (61%)] Loss: 21.99422 = L_Mnfld: 6.55190 + L_NonMnfld: 12.25110 + L_Nrml: 0.00000 + L_Eknl: 2.93053 + L_Div: 0.00000 + L_Morse: 0.26069
Epoch: 0 [6090/10000 (61%)] Unweighted L_s : L_Mnfld: 0.00094,  L_NonMnfld: 0.02042,  L_Nrml: 0.00000,  L_Eknl: 0.05861, L_Morse: 2.60687

Weights: [7000.0, 600.0, 0, 50.0, 0.0, 0.1], lr=5.000e-05
Epoch: 0 [6100/10000 (61%)] Loss: 21.78734 = L_Mnfld: 6.25210 + L_NonMnfld: 12.42578 + L_Nrml: 0.00000 + L_Eknl: 2.85397 + L_Div: 0.00000 + L_Morse: 0.25548
Epoch: 0 [6100/10000 (61%)] Unweighted L_s : L_Mnfld: 0.00089,  L_NonMnfld: 0.02071,  L_Nrml: 0.00000,  L_Eknl: 0.05708, L_Morse: 2.55484

Weights: [7000.0, 600.0, 0, 50.0, 0.0, 0.1], lr=5.000e-05
Epoch: 0 [6110/10000 (61%)] Loss: 21.33212 = L_Mnfld: 6.04415 + L_NonMnfld: 12.20843 + L_Nrml: 0.00000 + L_Eknl: 2.81303 + L_Div: 0.00000 + L_Morse: 0.26652
Epoch: 0 [6110/10000 (61%)] Unweighted L_s : L_Mnfld: 0.00086,  L_NonMnfld: 0.02035,  L_Nrml: 0.00000,  L_Eknl: 0.05626, L_Morse: 2.66515

Weights: [7000.0, 600.0, 0, 50.0, 0.0, 0.1], lr=5.000e-05
Epoch: 0 [6120/10000 (61%)] Loss: 20.89163 = L_Mnfld: 5.92153 + L_NonMnfld: 11.91201 + L_Nrml: 0.00000 + L_Eknl: 2.78961 + L_Div: 0.00000 + L_Morse: 0.26849
Epoch: 0 [6120/10000 (61%)] Unweighted L_s : L_Mnfld: 0.00085,  L_NonMnfld: 0.01985,  L_Nrml: 0.00000,  L_Eknl: 0.05579, L_Morse: 2.68489

Weights: [7000.0, 600.0, 0, 50.0, 0.0, 0.1], lr=5.000e-05
Epoch: 0 [6130/10000 (61%)] Loss: 21.60482 = L_Mnfld: 6.25029 + L_NonMnfld: 12.37893 + L_Nrml: 0.00000 + L_Eknl: 2.71993 + L_Div: 0.00000 + L_Morse: 0.25567
Epoch: 0 [6130/10000 (61%)] Unweighted L_s : L_Mnfld: 0.00089,  L_NonMnfld: 0.02063,  L_Nrml: 0.00000,  L_Eknl: 0.05440, L_Morse: 2.55668

Weights: [7000.0, 600.0, 0, 50.0, 0.0, 0.1], lr=5.000e-05
Epoch: 0 [6140/10000 (61%)] Loss: 22.02926 = L_Mnfld: 6.75320 + L_NonMnfld: 12.07850 + L_Nrml: 0.00000 + L_Eknl: 2.93228 + L_Div: 0.00000 + L_Morse: 0.26527
Epoch: 0 [6140/10000 (61%)] Unweighted L_s : L_Mnfld: 0.00096,  L_NonMnfld: 0.02013,  L_Nrml: 0.00000,  L_Eknl: 0.05865, L_Morse: 2.65274

Weights: [7000.0, 600.0, 0, 50.0, 0.0, 0.1], lr=5.000e-05
Epoch: 0 [6150/10000 (62%)] Loss: 22.90997 = L_Mnfld: 6.74499 + L_NonMnfld: 12.78123 + L_Nrml: 0.00000 + L_Eknl: 3.11381 + L_Div: 0.00000 + L_Morse: 0.26993
Epoch: 0 [6150/10000 (62%)] Unweighted L_s : L_Mnfld: 0.00096,  L_NonMnfld: 0.02130,  L_Nrml: 0.00000,  L_Eknl: 0.06228, L_Morse: 2.69928

Weights: [7000.0, 600.0, 0, 50.0, 0.0, 0.1], lr=5.000e-05
Epoch: 0 [6160/10000 (62%)] Loss: 21.94935 = L_Mnfld: 6.86101 + L_NonMnfld: 11.79447 + L_Nrml: 0.00000 + L_Eknl: 3.03422 + L_Div: 0.00000 + L_Morse: 0.25966
Epoch: 0 [6160/10000 (62%)] Unweighted L_s : L_Mnfld: 0.00098,  L_NonMnfld: 0.01966,  L_Nrml: 0.00000,  L_Eknl: 0.06068, L_Morse: 2.59659

Weights: [7000.0, 600.0, 0, 50.0, 0.0, 0.1], lr=5.000e-05
Epoch: 0 [6170/10000 (62%)] Loss: 21.42256 = L_Mnfld: 6.76207 + L_NonMnfld: 11.48467 + L_Nrml: 0.00000 + L_Eknl: 2.91263 + L_Div: 0.00000 + L_Morse: 0.26319
Epoch: 0 [6170/10000 (62%)] Unweighted L_s : L_Mnfld: 0.00097,  L_NonMnfld: 0.01914,  L_Nrml: 0.00000,  L_Eknl: 0.05825, L_Morse: 2.63192

Weights: [7000.0, 600.0, 0, 50.0, 0.0, 0.1], lr=5.000e-05
Epoch: 0 [6180/10000 (62%)] Loss: 21.56953 = L_Mnfld: 6.01911 + L_NonMnfld: 12.40657 + L_Nrml: 0.00000 + L_Eknl: 2.88184 + L_Div: 0.00000 + L_Morse: 0.26201
Epoch: 0 [6180/10000 (62%)] Unweighted L_s : L_Mnfld: 0.00086,  L_NonMnfld: 0.02068,  L_Nrml: 0.00000,  L_Eknl: 0.05764, L_Morse: 2.62014

Weights: [7000.0, 600.0, 0, 50.0, 0.0, 0.1], lr=5.000e-05
Epoch: 0 [6190/10000 (62%)] Loss: 21.43563 = L_Mnfld: 6.21000 + L_NonMnfld: 12.14105 + L_Nrml: 0.00000 + L_Eknl: 2.82917 + L_Div: 0.00000 + L_Morse: 0.25540
Epoch: 0 [6190/10000 (62%)] Unweighted L_s : L_Mnfld: 0.00089,  L_NonMnfld: 0.02024,  L_Nrml: 0.00000,  L_Eknl: 0.05658, L_Morse: 2.55402

Weights: [7000.0, 600.0, 0, 50.0, 0.0, 0.1], lr=5.000e-05
Epoch: 0 [6200/10000 (62%)] Loss: 21.36257 = L_Mnfld: 6.16248 + L_NonMnfld: 12.05853 + L_Nrml: 0.00000 + L_Eknl: 2.87284 + L_Div: 0.00000 + L_Morse: 0.26872
Epoch: 0 [6200/10000 (62%)] Unweighted L_s : L_Mnfld: 0.00088,  L_NonMnfld: 0.02010,  L_Nrml: 0.00000,  L_Eknl: 0.05746, L_Morse: 2.68723

Weights: [7000.0, 600.0, 0, 50.0, 0.0, 0.1], lr=5.000e-05
Epoch: 0 [6210/10000 (62%)] Loss: 20.37441 = L_Mnfld: 6.03466 + L_NonMnfld: 11.30935 + L_Nrml: 0.00000 + L_Eknl: 2.77228 + L_Div: 0.00000 + L_Morse: 0.25813
Epoch: 0 [6210/10000 (62%)] Unweighted L_s : L_Mnfld: 0.00086,  L_NonMnfld: 0.01885,  L_Nrml: 0.00000,  L_Eknl: 0.05545, L_Morse: 2.58125

Weights: [7000.0, 600.0, 0, 50.0, 0.0, 0.1], lr=5.000e-05
Epoch: 0 [6220/10000 (62%)] Loss: 20.45599 = L_Mnfld: 6.31317 + L_NonMnfld: 11.01286 + L_Nrml: 0.00000 + L_Eknl: 2.86342 + L_Div: 0.00000 + L_Morse: 0.26655
Epoch: 0 [6220/10000 (62%)] Unweighted L_s : L_Mnfld: 0.00090,  L_NonMnfld: 0.01835,  L_Nrml: 0.00000,  L_Eknl: 0.05727, L_Morse: 2.66548

Weights: [7000.0, 600.0, 0, 50.0, 0.0, 0.1], lr=5.000e-05
Epoch: 0 [6230/10000 (62%)] Loss: 21.84645 = L_Mnfld: 5.98593 + L_NonMnfld: 12.65587 + L_Nrml: 0.00000 + L_Eknl: 2.93292 + L_Div: 0.00000 + L_Morse: 0.27174
Epoch: 0 [6230/10000 (62%)] Unweighted L_s : L_Mnfld: 0.00086,  L_NonMnfld: 0.02109,  L_Nrml: 0.00000,  L_Eknl: 0.05866, L_Morse: 2.71738

Weights: [7000.0, 600.0, 0, 50.0, 0.0, 0.1], lr=5.000e-05
Epoch: 0 [6240/10000 (62%)] Loss: 22.54316 = L_Mnfld: 6.21466 + L_NonMnfld: 13.33876 + L_Nrml: 0.00000 + L_Eknl: 2.72432 + L_Div: 0.00000 + L_Morse: 0.26542
Epoch: 0 [6240/10000 (62%)] Unweighted L_s : L_Mnfld: 0.00089,  L_NonMnfld: 0.02223,  L_Nrml: 0.00000,  L_Eknl: 0.05449, L_Morse: 2.65420

Weights: [7000.0, 600.0, 0, 50.0, 0.0, 0.1], lr=5.000e-05
Epoch: 0 [6250/10000 (62%)] Loss: 20.33921 = L_Mnfld: 5.98029 + L_NonMnfld: 11.39185 + L_Nrml: 0.00000 + L_Eknl: 2.70832 + L_Div: 0.00000 + L_Morse: 0.25874
Epoch: 0 [6250/10000 (62%)] Unweighted L_s : L_Mnfld: 0.00085,  L_NonMnfld: 0.01899,  L_Nrml: 0.00000,  L_Eknl: 0.05417, L_Morse: 2.58744

Weights: [7000.0, 600.0, 0, 50.0, 0.0, 0.1], lr=5.000e-05
Epoch: 0 [6260/10000 (63%)] Loss: 20.30947 = L_Mnfld: 6.26526 + L_NonMnfld: 11.03393 + L_Nrml: 0.00000 + L_Eknl: 2.74486 + L_Div: 0.00000 + L_Morse: 0.26542
Epoch: 0 [6260/10000 (63%)] Unweighted L_s : L_Mnfld: 0.00090,  L_NonMnfld: 0.01839,  L_Nrml: 0.00000,  L_Eknl: 0.05490, L_Morse: 2.65424

Weights: [7000.0, 600.0, 0, 50.0, 0.0, 0.1], lr=5.000e-05
Epoch: 0 [6270/10000 (63%)] Loss: 22.49063 = L_Mnfld: 6.51957 + L_NonMnfld: 12.66260 + L_Nrml: 0.00000 + L_Eknl: 3.04712 + L_Div: 0.00000 + L_Morse: 0.26134
Epoch: 0 [6270/10000 (63%)] Unweighted L_s : L_Mnfld: 0.00093,  L_NonMnfld: 0.02110,  L_Nrml: 0.00000,  L_Eknl: 0.06094, L_Morse: 2.61343

Weights: [7000.0, 600.0, 0, 50.0, 0.0, 0.1], lr=5.000e-05
Epoch: 0 [6280/10000 (63%)] Loss: 21.57686 = L_Mnfld: 6.32545 + L_NonMnfld: 12.00199 + L_Nrml: 0.00000 + L_Eknl: 2.99202 + L_Div: 0.00000 + L_Morse: 0.25740
Epoch: 0 [6280/10000 (63%)] Unweighted L_s : L_Mnfld: 0.00090,  L_NonMnfld: 0.02000,  L_Nrml: 0.00000,  L_Eknl: 0.05984, L_Morse: 2.57398

Weights: [7000.0, 600.0, 0, 50.0, 0.0, 0.1], lr=5.000e-05
Epoch: 0 [6290/10000 (63%)] Loss: 22.23986 = L_Mnfld: 6.47558 + L_NonMnfld: 12.40652 + L_Nrml: 0.00000 + L_Eknl: 3.08504 + L_Div: 0.00000 + L_Morse: 0.27272
Epoch: 0 [6290/10000 (63%)] Unweighted L_s : L_Mnfld: 0.00093,  L_NonMnfld: 0.02068,  L_Nrml: 0.00000,  L_Eknl: 0.06170, L_Morse: 2.72720

Weights: [7000.0, 600.0, 0, 50.0, 0.0, 0.1], lr=5.000e-05
Epoch: 0 [6300/10000 (63%)] Loss: 21.54524 = L_Mnfld: 6.24860 + L_NonMnfld: 12.17519 + L_Nrml: 0.00000 + L_Eknl: 2.86644 + L_Div: 0.00000 + L_Morse: 0.25501
Epoch: 0 [6300/10000 (63%)] Unweighted L_s : L_Mnfld: 0.00089,  L_NonMnfld: 0.02029,  L_Nrml: 0.00000,  L_Eknl: 0.05733, L_Morse: 2.55008

Weights: [7000.0, 600.0, 0, 50.0, 0.0, 0.1], lr=5.000e-05
Epoch: 0 [6310/10000 (63%)] Loss: 22.09534 = L_Mnfld: 6.45993 + L_NonMnfld: 12.38722 + L_Nrml: 0.00000 + L_Eknl: 2.96768 + L_Div: 0.00000 + L_Morse: 0.28052
Epoch: 0 [6310/10000 (63%)] Unweighted L_s : L_Mnfld: 0.00092,  L_NonMnfld: 0.02065,  L_Nrml: 0.00000,  L_Eknl: 0.05935, L_Morse: 2.80518

Weights: [7000.0, 600.0, 0, 50.0, 0.0, 0.1], lr=5.000e-05
Epoch: 0 [6320/10000 (63%)] Loss: 21.05654 = L_Mnfld: 6.39001 + L_NonMnfld: 11.35459 + L_Nrml: 0.00000 + L_Eknl: 3.04941 + L_Div: 0.00000 + L_Morse: 0.26253
Epoch: 0 [6320/10000 (63%)] Unweighted L_s : L_Mnfld: 0.00091,  L_NonMnfld: 0.01892,  L_Nrml: 0.00000,  L_Eknl: 0.06099, L_Morse: 2.62525

Weights: [7000.0, 600.0, 0, 50.0, 0.0, 0.1], lr=5.000e-05
Epoch: 0 [6330/10000 (63%)] Loss: 22.14747 = L_Mnfld: 6.38508 + L_NonMnfld: 12.54674 + L_Nrml: 0.00000 + L_Eknl: 2.96035 + L_Div: 0.00000 + L_Morse: 0.25530
Epoch: 0 [6330/10000 (63%)] Unweighted L_s : L_Mnfld: 0.00091,  L_NonMnfld: 0.02091,  L_Nrml: 0.00000,  L_Eknl: 0.05921, L_Morse: 2.55301

Weights: [7000.0, 600.0, 0, 50.0, 0.0, 0.1], lr=5.000e-05
Epoch: 0 [6340/10000 (63%)] Loss: 20.89046 = L_Mnfld: 6.10834 + L_NonMnfld: 11.73145 + L_Nrml: 0.00000 + L_Eknl: 2.78225 + L_Div: 0.00000 + L_Morse: 0.26843
Epoch: 0 [6340/10000 (63%)] Unweighted L_s : L_Mnfld: 0.00087,  L_NonMnfld: 0.01955,  L_Nrml: 0.00000,  L_Eknl: 0.05565, L_Morse: 2.68429

Weights: [7000.0, 600.0, 0, 50.0, 0.0, 0.1], lr=5.000e-05
Epoch: 0 [6350/10000 (64%)] Loss: 21.20891 = L_Mnfld: 6.11377 + L_NonMnfld: 12.11805 + L_Nrml: 0.00000 + L_Eknl: 2.72671 + L_Div: 0.00000 + L_Morse: 0.25037
Epoch: 0 [6350/10000 (64%)] Unweighted L_s : L_Mnfld: 0.00087,  L_NonMnfld: 0.02020,  L_Nrml: 0.00000,  L_Eknl: 0.05453, L_Morse: 2.50374

Weights: [7000.0, 600.0, 0, 50.0, 0.0, 0.1], lr=5.000e-05
Epoch: 0 [6360/10000 (64%)] Loss: 20.59389 = L_Mnfld: 5.97127 + L_NonMnfld: 11.65607 + L_Nrml: 0.00000 + L_Eknl: 2.69880 + L_Div: 0.00000 + L_Morse: 0.26774
Epoch: 0 [6360/10000 (64%)] Unweighted L_s : L_Mnfld: 0.00085,  L_NonMnfld: 0.01943,  L_Nrml: 0.00000,  L_Eknl: 0.05398, L_Morse: 2.67742

Weights: [7000.0, 600.0, 0, 50.0, 0.0, 0.1], lr=5.000e-05
Epoch: 0 [6370/10000 (64%)] Loss: 21.82949 = L_Mnfld: 6.31404 + L_NonMnfld: 12.53488 + L_Nrml: 0.00000 + L_Eknl: 2.72302 + L_Div: 0.00000 + L_Morse: 0.25756
Epoch: 0 [6370/10000 (64%)] Unweighted L_s : L_Mnfld: 0.00090,  L_NonMnfld: 0.02089,  L_Nrml: 0.00000,  L_Eknl: 0.05446, L_Morse: 2.57557

Weights: [7000.0, 600.0, 0, 50.0, 0.0, 0.1], lr=5.000e-05
Epoch: 0 [6380/10000 (64%)] Loss: 20.63557 = L_Mnfld: 6.18294 + L_NonMnfld: 11.35768 + L_Nrml: 0.00000 + L_Eknl: 2.82654 + L_Div: 0.00000 + L_Morse: 0.26842
Epoch: 0 [6380/10000 (64%)] Unweighted L_s : L_Mnfld: 0.00088,  L_NonMnfld: 0.01893,  L_Nrml: 0.00000,  L_Eknl: 0.05653, L_Morse: 2.68417

Weights: [7000.0, 600.0, 0, 50.0, 0.0, 0.1], lr=5.000e-05
Epoch: 0 [6390/10000 (64%)] Loss: 20.46328 = L_Mnfld: 6.27121 + L_NonMnfld: 11.16728 + L_Nrml: 0.00000 + L_Eknl: 2.76287 + L_Div: 0.00000 + L_Morse: 0.26192
Epoch: 0 [6390/10000 (64%)] Unweighted L_s : L_Mnfld: 0.00090,  L_NonMnfld: 0.01861,  L_Nrml: 0.00000,  L_Eknl: 0.05526, L_Morse: 2.61923

Weights: [7000.0, 600.0, 0, 50.0, 0.0, 0.1], lr=5.000e-05
Epoch: 0 [6400/10000 (64%)] Loss: 20.38509 = L_Mnfld: 5.93344 + L_NonMnfld: 11.36391 + L_Nrml: 0.00000 + L_Eknl: 2.81315 + L_Div: 0.00000 + L_Morse: 0.27460
Epoch: 0 [6400/10000 (64%)] Unweighted L_s : L_Mnfld: 0.00085,  L_NonMnfld: 0.01894,  L_Nrml: 0.00000,  L_Eknl: 0.05626, L_Morse: 2.74598

Weights: [7000.0, 600.0, 0, 50.0, 0.0, 0.1], lr=5.000e-05
Epoch: 0 [6410/10000 (64%)] Loss: 21.52167 = L_Mnfld: 6.23007 + L_NonMnfld: 12.30595 + L_Nrml: 0.00000 + L_Eknl: 2.72206 + L_Div: 0.00000 + L_Morse: 0.26359
Epoch: 0 [6410/10000 (64%)] Unweighted L_s : L_Mnfld: 0.00089,  L_NonMnfld: 0.02051,  L_Nrml: 0.00000,  L_Eknl: 0.05444, L_Morse: 2.63589

Weights: [7000.0, 600.0, 0, 50.0, 0.0, 0.1], lr=5.000e-05
Epoch: 0 [6420/10000 (64%)] Loss: 20.99140 = L_Mnfld: 5.95035 + L_NonMnfld: 11.83765 + L_Nrml: 0.00000 + L_Eknl: 2.93816 + L_Div: 0.00000 + L_Morse: 0.26524
Epoch: 0 [6420/10000 (64%)] Unweighted L_s : L_Mnfld: 0.00085,  L_NonMnfld: 0.01973,  L_Nrml: 0.00000,  L_Eknl: 0.05876, L_Morse: 2.65238

Weights: [7000.0, 600.0, 0, 50.0, 0.0, 0.1], lr=5.000e-05
Epoch: 0 [6430/10000 (64%)] Loss: 21.29069 = L_Mnfld: 6.14448 + L_NonMnfld: 12.13102 + L_Nrml: 0.00000 + L_Eknl: 2.75014 + L_Div: 0.00000 + L_Morse: 0.26504
Epoch: 0 [6430/10000 (64%)] Unweighted L_s : L_Mnfld: 0.00088,  L_NonMnfld: 0.02022,  L_Nrml: 0.00000,  L_Eknl: 0.05500, L_Morse: 2.65039

Weights: [7000.0, 600.0, 0, 50.0, 0.0, 0.1], lr=5.000e-05
Epoch: 0 [6440/10000 (64%)] Loss: 21.17141 = L_Mnfld: 5.81014 + L_NonMnfld: 12.29637 + L_Nrml: 0.00000 + L_Eknl: 2.80112 + L_Div: 0.00000 + L_Morse: 0.26377
Epoch: 0 [6440/10000 (64%)] Unweighted L_s : L_Mnfld: 0.00083,  L_NonMnfld: 0.02049,  L_Nrml: 0.00000,  L_Eknl: 0.05602, L_Morse: 2.63770

Weights: [7000.0, 600.0, 0, 50.0, 0.0, 0.1], lr=5.000e-05
Epoch: 0 [6450/10000 (64%)] Loss: 21.24939 = L_Mnfld: 6.25226 + L_NonMnfld: 11.93329 + L_Nrml: 0.00000 + L_Eknl: 2.80350 + L_Div: 0.00000 + L_Morse: 0.26033
Epoch: 0 [6450/10000 (64%)] Unweighted L_s : L_Mnfld: 0.00089,  L_NonMnfld: 0.01989,  L_Nrml: 0.00000,  L_Eknl: 0.05607, L_Morse: 2.60334

Weights: [7000.0, 600.0, 0, 50.0, 0.0, 0.1], lr=5.000e-05
Epoch: 0 [6460/10000 (65%)] Loss: 21.53300 = L_Mnfld: 6.21037 + L_NonMnfld: 12.26534 + L_Nrml: 0.00000 + L_Eknl: 2.78737 + L_Div: 0.00000 + L_Morse: 0.26993
Epoch: 0 [6460/10000 (65%)] Unweighted L_s : L_Mnfld: 0.00089,  L_NonMnfld: 0.02044,  L_Nrml: 0.00000,  L_Eknl: 0.05575, L_Morse: 2.69926

Weights: [7000.0, 600.0, 0, 50.0, 0.0, 0.1], lr=5.000e-05
Epoch: 0 [6470/10000 (65%)] Loss: 21.05986 = L_Mnfld: 6.48453 + L_NonMnfld: 11.43852 + L_Nrml: 0.00000 + L_Eknl: 2.88671 + L_Div: 0.00000 + L_Morse: 0.25009
Epoch: 0 [6470/10000 (65%)] Unweighted L_s : L_Mnfld: 0.00093,  L_NonMnfld: 0.01906,  L_Nrml: 0.00000,  L_Eknl: 0.05773, L_Morse: 2.50087

Weights: [7000.0, 600.0, 0, 50.0, 0.0, 0.1], lr=5.000e-05
Epoch: 0 [6480/10000 (65%)] Loss: 20.94457 = L_Mnfld: 6.55255 + L_NonMnfld: 11.24447 + L_Nrml: 0.00000 + L_Eknl: 2.87206 + L_Div: 0.00000 + L_Morse: 0.27549
Epoch: 0 [6480/10000 (65%)] Unweighted L_s : L_Mnfld: 0.00094,  L_NonMnfld: 0.01874,  L_Nrml: 0.00000,  L_Eknl: 0.05744, L_Morse: 2.75488

Weights: [7000.0, 600.0, 0, 50.0, 0.0, 0.1], lr=5.000e-05
Epoch: 0 [6490/10000 (65%)] Loss: 21.72713 = L_Mnfld: 6.45307 + L_NonMnfld: 12.19448 + L_Nrml: 0.00000 + L_Eknl: 2.81155 + L_Div: 0.00000 + L_Morse: 0.26803
Epoch: 0 [6490/10000 (65%)] Unweighted L_s : L_Mnfld: 0.00092,  L_NonMnfld: 0.02032,  L_Nrml: 0.00000,  L_Eknl: 0.05623, L_Morse: 2.68029

Weights: [7000.0, 600.0, 0, 50.0, 0.0, 0.1], lr=5.000e-05
Epoch: 0 [6500/10000 (65%)] Loss: 21.14625 = L_Mnfld: 6.31191 + L_NonMnfld: 11.75194 + L_Nrml: 0.00000 + L_Eknl: 2.81359 + L_Div: 0.00000 + L_Morse: 0.26881
Epoch: 0 [6500/10000 (65%)] Unweighted L_s : L_Mnfld: 0.00090,  L_NonMnfld: 0.01959,  L_Nrml: 0.00000,  L_Eknl: 0.05627, L_Morse: 2.68809

Weights: [7000.0, 600.0, 0, 50.0, 0.0, 0.1], lr=5.000e-05
Epoch: 0 [6510/10000 (65%)] Loss: 22.62785 = L_Mnfld: 6.22690 + L_NonMnfld: 13.36632 + L_Nrml: 0.00000 + L_Eknl: 2.76401 + L_Div: 0.00000 + L_Morse: 0.27062
Epoch: 0 [6510/10000 (65%)] Unweighted L_s : L_Mnfld: 0.00089,  L_NonMnfld: 0.02228,  L_Nrml: 0.00000,  L_Eknl: 0.05528, L_Morse: 2.70617

Weights: [7000.0, 600.0, 0, 50.0, 0.0, 0.1], lr=5.000e-05
Epoch: 0 [6520/10000 (65%)] Loss: 20.83825 = L_Mnfld: 6.17917 + L_NonMnfld: 11.65288 + L_Nrml: 0.00000 + L_Eknl: 2.73316 + L_Div: 0.00000 + L_Morse: 0.27304
Epoch: 0 [6520/10000 (65%)] Unweighted L_s : L_Mnfld: 0.00088,  L_NonMnfld: 0.01942,  L_Nrml: 0.00000,  L_Eknl: 0.05466, L_Morse: 2.73038

Weights: [7000.0, 600.0, 0, 50.0, 0.0, 0.1], lr=5.000e-05
Epoch: 0 [6530/10000 (65%)] Loss: 21.11822 = L_Mnfld: 6.20862 + L_NonMnfld: 11.75802 + L_Nrml: 0.00000 + L_Eknl: 2.88470 + L_Div: 0.00000 + L_Morse: 0.26688
Epoch: 0 [6530/10000 (65%)] Unweighted L_s : L_Mnfld: 0.00089,  L_NonMnfld: 0.01960,  L_Nrml: 0.00000,  L_Eknl: 0.05769, L_Morse: 2.66883

Weights: [7000.0, 600.0, 0, 50.0, 0.0, 0.1], lr=5.000e-05
Epoch: 0 [6540/10000 (65%)] Loss: 22.25374 = L_Mnfld: 6.04272 + L_NonMnfld: 13.22025 + L_Nrml: 0.00000 + L_Eknl: 2.73492 + L_Div: 0.00000 + L_Morse: 0.25585
Epoch: 0 [6540/10000 (65%)] Unweighted L_s : L_Mnfld: 0.00086,  L_NonMnfld: 0.02203,  L_Nrml: 0.00000,  L_Eknl: 0.05470, L_Morse: 2.55852

Weights: [7000.0, 600.0, 0, 50.0, 0.0, 0.1], lr=5.000e-05
Epoch: 0 [6550/10000 (66%)] Loss: 21.63412 = L_Mnfld: 6.26558 + L_NonMnfld: 12.27964 + L_Nrml: 0.00000 + L_Eknl: 2.81830 + L_Div: 0.00000 + L_Morse: 0.27061
Epoch: 0 [6550/10000 (66%)] Unweighted L_s : L_Mnfld: 0.00090,  L_NonMnfld: 0.02047,  L_Nrml: 0.00000,  L_Eknl: 0.05637, L_Morse: 2.70609

Weights: [7000.0, 600.0, 0, 50.0, 0.0, 0.1], lr=5.000e-05
Epoch: 0 [6560/10000 (66%)] Loss: 20.56885 = L_Mnfld: 6.12100 + L_NonMnfld: 11.42809 + L_Nrml: 0.00000 + L_Eknl: 2.73938 + L_Div: 0.00000 + L_Morse: 0.28037
Epoch: 0 [6560/10000 (66%)] Unweighted L_s : L_Mnfld: 0.00087,  L_NonMnfld: 0.01905,  L_Nrml: 0.00000,  L_Eknl: 0.05479, L_Morse: 2.80370

Weights: [7000.0, 600.0, 0, 50.0, 0.0, 0.1], lr=5.000e-05
Epoch: 0 [6570/10000 (66%)] Loss: 21.32384 = L_Mnfld: 6.49947 + L_NonMnfld: 11.84146 + L_Nrml: 0.00000 + L_Eknl: 2.71030 + L_Div: 0.00000 + L_Morse: 0.27262
Epoch: 0 [6570/10000 (66%)] Unweighted L_s : L_Mnfld: 0.00093,  L_NonMnfld: 0.01974,  L_Nrml: 0.00000,  L_Eknl: 0.05421, L_Morse: 2.72619

Weights: [7000.0, 600.0, 0, 50.0, 0.0, 0.1], lr=5.000e-05
Epoch: 0 [6580/10000 (66%)] Loss: 20.91366 = L_Mnfld: 6.23110 + L_NonMnfld: 11.75653 + L_Nrml: 0.00000 + L_Eknl: 2.65521 + L_Div: 0.00000 + L_Morse: 0.27082
Epoch: 0 [6580/10000 (66%)] Unweighted L_s : L_Mnfld: 0.00089,  L_NonMnfld: 0.01959,  L_Nrml: 0.00000,  L_Eknl: 0.05310, L_Morse: 2.70824

Weights: [7000.0, 600.0, 0, 50.0, 0.0, 0.1], lr=5.000e-05
Epoch: 0 [6590/10000 (66%)] Loss: 22.30141 = L_Mnfld: 6.25289 + L_NonMnfld: 13.01144 + L_Nrml: 0.00000 + L_Eknl: 2.76995 + L_Div: 0.00000 + L_Morse: 0.26713
Epoch: 0 [6590/10000 (66%)] Unweighted L_s : L_Mnfld: 0.00089,  L_NonMnfld: 0.02169,  L_Nrml: 0.00000,  L_Eknl: 0.05540, L_Morse: 2.67134

Weights: [7000.0, 600.0, 0, 50.0, 0.0, 0.1], lr=5.000e-05
Epoch: 0 [6600/10000 (66%)] Loss: 22.58675 = L_Mnfld: 6.43241 + L_NonMnfld: 13.07483 + L_Nrml: 0.00000 + L_Eknl: 2.80653 + L_Div: 0.00000 + L_Morse: 0.27299
Epoch: 0 [6600/10000 (66%)] Unweighted L_s : L_Mnfld: 0.00092,  L_NonMnfld: 0.02179,  L_Nrml: 0.00000,  L_Eknl: 0.05613, L_Morse: 2.72989

Weights: [7000.0, 600.0, 0, 50.0, 0.0, 0.1], lr=5.000e-05
Epoch: 0 [6610/10000 (66%)] Loss: 21.07569 = L_Mnfld: 6.31329 + L_NonMnfld: 11.69103 + L_Nrml: 0.00000 + L_Eknl: 2.80109 + L_Div: 0.00000 + L_Morse: 0.27027
Epoch: 0 [6610/10000 (66%)] Unweighted L_s : L_Mnfld: 0.00090,  L_NonMnfld: 0.01949,  L_Nrml: 0.00000,  L_Eknl: 0.05602, L_Morse: 2.70274

Weights: [7000.0, 600.0, 0, 50.0, 0.0, 0.1], lr=5.000e-05
Epoch: 0 [6620/10000 (66%)] Loss: 22.39796 = L_Mnfld: 6.25603 + L_NonMnfld: 13.02795 + L_Nrml: 0.00000 + L_Eknl: 2.84443 + L_Div: 0.00000 + L_Morse: 0.26955
Epoch: 0 [6620/10000 (66%)] Unweighted L_s : L_Mnfld: 0.00089,  L_NonMnfld: 0.02171,  L_Nrml: 0.00000,  L_Eknl: 0.05689, L_Morse: 2.69547

Weights: [7000.0, 600.0, 0, 50.0, 0.0, 0.1], lr=5.000e-05
Epoch: 0 [6630/10000 (66%)] Loss: 21.52870 = L_Mnfld: 6.46610 + L_NonMnfld: 12.01398 + L_Nrml: 0.00000 + L_Eknl: 2.78083 + L_Div: 0.00000 + L_Morse: 0.26780
Epoch: 0 [6630/10000 (66%)] Unweighted L_s : L_Mnfld: 0.00092,  L_NonMnfld: 0.02002,  L_Nrml: 0.00000,  L_Eknl: 0.05562, L_Morse: 2.67797

Weights: [7000.0, 600.0, 0, 50.0, 0.0, 0.1], lr=5.000e-05
Epoch: 0 [6640/10000 (66%)] Loss: 21.33274 = L_Mnfld: 6.04357 + L_NonMnfld: 12.22187 + L_Nrml: 0.00000 + L_Eknl: 2.80820 + L_Div: 0.00000 + L_Morse: 0.25908
Epoch: 0 [6640/10000 (66%)] Unweighted L_s : L_Mnfld: 0.00086,  L_NonMnfld: 0.02037,  L_Nrml: 0.00000,  L_Eknl: 0.05616, L_Morse: 2.59085

Weights: [7000.0, 600.0, 0, 50.0, 0.0, 0.1], lr=5.000e-05
Epoch: 0 [6650/10000 (66%)] Loss: 21.50841 = L_Mnfld: 6.58093 + L_NonMnfld: 11.93053 + L_Nrml: 0.00000 + L_Eknl: 2.71842 + L_Div: 0.00000 + L_Morse: 0.27853
Epoch: 0 [6650/10000 (66%)] Unweighted L_s : L_Mnfld: 0.00094,  L_NonMnfld: 0.01988,  L_Nrml: 0.00000,  L_Eknl: 0.05437, L_Morse: 2.78534

Weights: [7000.0, 600.0, 0, 50.0, 0.0, 0.1], lr=5.000e-05
Epoch: 0 [6660/10000 (67%)] Loss: 21.30588 = L_Mnfld: 6.62816 + L_NonMnfld: 11.67690 + L_Nrml: 0.00000 + L_Eknl: 2.72842 + L_Div: 0.00000 + L_Morse: 0.27240
Epoch: 0 [6660/10000 (67%)] Unweighted L_s : L_Mnfld: 0.00095,  L_NonMnfld: 0.01946,  L_Nrml: 0.00000,  L_Eknl: 0.05457, L_Morse: 2.72401

Weights: [7000.0, 600.0, 0, 50.0, 0.0, 0.1], lr=5.000e-05
Epoch: 0 [6670/10000 (67%)] Loss: 21.08142 = L_Mnfld: 6.59148 + L_NonMnfld: 11.34652 + L_Nrml: 0.00000 + L_Eknl: 2.87462 + L_Div: 0.00000 + L_Morse: 0.26880
Epoch: 0 [6670/10000 (67%)] Unweighted L_s : L_Mnfld: 0.00094,  L_NonMnfld: 0.01891,  L_Nrml: 0.00000,  L_Eknl: 0.05749, L_Morse: 2.68801

Weights: [7000.0, 600.0, 0, 50.0, 0.0, 0.1], lr=5.000e-05
Epoch: 0 [6680/10000 (67%)] Loss: 21.36523 = L_Mnfld: 6.36671 + L_NonMnfld: 11.92483 + L_Nrml: 0.00000 + L_Eknl: 2.80442 + L_Div: 0.00000 + L_Morse: 0.26928
Epoch: 0 [6680/10000 (67%)] Unweighted L_s : L_Mnfld: 0.00091,  L_NonMnfld: 0.01987,  L_Nrml: 0.00000,  L_Eknl: 0.05609, L_Morse: 2.69280

Weights: [7000.0, 600.0, 0, 50.0, 0.0, 0.1], lr=5.000e-05
Epoch: 0 [6690/10000 (67%)] Loss: 20.89310 = L_Mnfld: 6.23581 + L_NonMnfld: 11.60939 + L_Nrml: 0.00000 + L_Eknl: 2.77501 + L_Div: 0.00000 + L_Morse: 0.27289
Epoch: 0 [6690/10000 (67%)] Unweighted L_s : L_Mnfld: 0.00089,  L_NonMnfld: 0.01935,  L_Nrml: 0.00000,  L_Eknl: 0.05550, L_Morse: 2.72889

Weights: [7000.0, 600.0, 0, 50.0, 0.0, 0.1], lr=5.000e-05
Epoch: 0 [6700/10000 (67%)] Loss: 21.16729 = L_Mnfld: 6.21341 + L_NonMnfld: 11.97733 + L_Nrml: 0.00000 + L_Eknl: 2.71425 + L_Div: 0.00000 + L_Morse: 0.26230
Epoch: 0 [6700/10000 (67%)] Unweighted L_s : L_Mnfld: 0.00089,  L_NonMnfld: 0.01996,  L_Nrml: 0.00000,  L_Eknl: 0.05428, L_Morse: 2.62302

Weights: [7000.0, 600.0, 0, 50.0, 0.0, 0.1], lr=5.000e-05
Epoch: 0 [6710/10000 (67%)] Loss: 20.91855 = L_Mnfld: 6.05365 + L_NonMnfld: 11.79402 + L_Nrml: 0.00000 + L_Eknl: 2.79904 + L_Div: 0.00000 + L_Morse: 0.27184
Epoch: 0 [6710/10000 (67%)] Unweighted L_s : L_Mnfld: 0.00086,  L_NonMnfld: 0.01966,  L_Nrml: 0.00000,  L_Eknl: 0.05598, L_Morse: 2.71844

Weights: [7000.0, 600.0, 0, 50.0, 0.0, 0.1], lr=5.000e-05
Epoch: 0 [6720/10000 (67%)] Loss: 20.04670 = L_Mnfld: 5.99206 + L_NonMnfld: 11.13914 + L_Nrml: 0.00000 + L_Eknl: 2.64022 + L_Div: 0.00000 + L_Morse: 0.27529
Epoch: 0 [6720/10000 (67%)] Unweighted L_s : L_Mnfld: 0.00086,  L_NonMnfld: 0.01857,  L_Nrml: 0.00000,  L_Eknl: 0.05280, L_Morse: 2.75285

Weights: [7000.0, 600.0, 0, 50.0, 0.0, 0.1], lr=5.000e-05
Epoch: 0 [6730/10000 (67%)] Loss: 21.63898 = L_Mnfld: 5.92708 + L_NonMnfld: 12.67708 + L_Nrml: 0.00000 + L_Eknl: 2.76056 + L_Div: 0.00000 + L_Morse: 0.27426
Epoch: 0 [6730/10000 (67%)] Unweighted L_s : L_Mnfld: 0.00085,  L_NonMnfld: 0.02113,  L_Nrml: 0.00000,  L_Eknl: 0.05521, L_Morse: 2.74261

Weights: [7000.0, 600.0, 0, 50.0, 0.0, 0.1], lr=5.000e-05
Epoch: 0 [6740/10000 (67%)] Loss: 20.10804 = L_Mnfld: 5.84691 + L_NonMnfld: 11.27728 + L_Nrml: 0.00000 + L_Eknl: 2.71261 + L_Div: 0.00000 + L_Morse: 0.27125
Epoch: 0 [6740/10000 (67%)] Unweighted L_s : L_Mnfld: 0.00084,  L_NonMnfld: 0.01880,  L_Nrml: 0.00000,  L_Eknl: 0.05425, L_Morse: 2.71246

Weights: [7000.0, 600.0, 0, 50.0, 0.0, 0.1], lr=5.000e-05
Epoch: 0 [6750/10000 (68%)] Loss: 21.25026 = L_Mnfld: 6.10068 + L_NonMnfld: 12.21813 + L_Nrml: 0.00000 + L_Eknl: 2.66607 + L_Div: 0.00000 + L_Morse: 0.26538
Epoch: 0 [6750/10000 (68%)] Unweighted L_s : L_Mnfld: 0.00087,  L_NonMnfld: 0.02036,  L_Nrml: 0.00000,  L_Eknl: 0.05332, L_Morse: 2.65383

Weights: [7000.0, 600.0, 0, 50.0, 0.0, 0.1], lr=5.000e-05
Epoch: 0 [6760/10000 (68%)] Loss: 20.46967 = L_Mnfld: 6.21914 + L_NonMnfld: 11.14024 + L_Nrml: 0.00000 + L_Eknl: 2.84107 + L_Div: 0.00000 + L_Morse: 0.26922
Epoch: 0 [6760/10000 (68%)] Unweighted L_s : L_Mnfld: 0.00089,  L_NonMnfld: 0.01857,  L_Nrml: 0.00000,  L_Eknl: 0.05682, L_Morse: 2.69217

Weights: [7000.0, 600.0, 0, 50.0, 0.0, 0.1], lr=5.000e-05
Epoch: 0 [6770/10000 (68%)] Loss: 21.13322 = L_Mnfld: 6.18576 + L_NonMnfld: 11.91061 + L_Nrml: 0.00000 + L_Eknl: 2.75330 + L_Div: 0.00000 + L_Morse: 0.28354
Epoch: 0 [6770/10000 (68%)] Unweighted L_s : L_Mnfld: 0.00088,  L_NonMnfld: 0.01985,  L_Nrml: 0.00000,  L_Eknl: 0.05507, L_Morse: 2.83541

Weights: [7000.0, 600.0, 0, 50.0, 0.0, 0.1], lr=5.000e-05
Epoch: 0 [6780/10000 (68%)] Loss: 21.31133 = L_Mnfld: 6.05147 + L_NonMnfld: 12.25225 + L_Nrml: 0.00000 + L_Eknl: 2.73606 + L_Div: 0.00000 + L_Morse: 0.27154
Epoch: 0 [6780/10000 (68%)] Unweighted L_s : L_Mnfld: 0.00086,  L_NonMnfld: 0.02042,  L_Nrml: 0.00000,  L_Eknl: 0.05472, L_Morse: 2.71544

Weights: [7000.0, 600.0, 0, 50.0, 0.0, 0.1], lr=5.000e-05
Epoch: 0 [6790/10000 (68%)] Loss: 20.39304 = L_Mnfld: 5.93266 + L_NonMnfld: 11.39207 + L_Nrml: 0.00000 + L_Eknl: 2.78124 + L_Div: 0.00000 + L_Morse: 0.28707
Epoch: 0 [6790/10000 (68%)] Unweighted L_s : L_Mnfld: 0.00085,  L_NonMnfld: 0.01899,  L_Nrml: 0.00000,  L_Eknl: 0.05562, L_Morse: 2.87071

Weights: [7000.0, 600.0, 0, 50.0, 0.0, 0.1], lr=5.000e-05
Epoch: 0 [6800/10000 (68%)] Loss: 19.81936 = L_Mnfld: 5.80406 + L_NonMnfld: 11.12512 + L_Nrml: 0.00000 + L_Eknl: 2.62647 + L_Div: 0.00000 + L_Morse: 0.26371
Epoch: 0 [6800/10000 (68%)] Unweighted L_s : L_Mnfld: 0.00083,  L_NonMnfld: 0.01854,  L_Nrml: 0.00000,  L_Eknl: 0.05253, L_Morse: 2.63708

Weights: [7000.0, 600.0, 0, 50.0, 0.0, 0.1], lr=5.000e-05
Epoch: 0 [6810/10000 (68%)] Loss: 20.25022 = L_Mnfld: 6.07373 + L_NonMnfld: 11.17934 + L_Nrml: 0.00000 + L_Eknl: 2.73458 + L_Div: 0.00000 + L_Morse: 0.26258
Epoch: 0 [6810/10000 (68%)] Unweighted L_s : L_Mnfld: 0.00087,  L_NonMnfld: 0.01863,  L_Nrml: 0.00000,  L_Eknl: 0.05469, L_Morse: 2.62579

Weights: [7000.0, 600.0, 0, 50.0, 0.0, 0.1], lr=5.000e-05
Epoch: 0 [6820/10000 (68%)] Loss: 22.53947 = L_Mnfld: 6.79164 + L_NonMnfld: 12.63904 + L_Nrml: 0.00000 + L_Eknl: 2.83341 + L_Div: 0.00000 + L_Morse: 0.27538
Epoch: 0 [6820/10000 (68%)] Unweighted L_s : L_Mnfld: 0.00097,  L_NonMnfld: 0.02107,  L_Nrml: 0.00000,  L_Eknl: 0.05667, L_Morse: 2.75382

Weights: [7000.0, 600.0, 0, 50.0, 0.0, 0.1], lr=5.000e-05
Epoch: 0 [6830/10000 (68%)] Loss: 22.03460 = L_Mnfld: 7.10236 + L_NonMnfld: 11.77997 + L_Nrml: 0.00000 + L_Eknl: 2.87611 + L_Div: 0.00000 + L_Morse: 0.27616
Epoch: 0 [6830/10000 (68%)] Unweighted L_s : L_Mnfld: 0.00101,  L_NonMnfld: 0.01963,  L_Nrml: 0.00000,  L_Eknl: 0.05752, L_Morse: 2.76160

Weights: [7000.0, 600.0, 0, 50.0, 0.0, 0.1], lr=5.000e-05
Epoch: 0 [6840/10000 (68%)] Loss: 21.16052 = L_Mnfld: 6.73779 + L_NonMnfld: 11.35717 + L_Nrml: 0.00000 + L_Eknl: 2.80215 + L_Div: 0.00000 + L_Morse: 0.26340
Epoch: 0 [6840/10000 (68%)] Unweighted L_s : L_Mnfld: 0.00096,  L_NonMnfld: 0.01893,  L_Nrml: 0.00000,  L_Eknl: 0.05604, L_Morse: 2.63403

Weights: [7000.0, 600.0, 0, 50.0, 0.0, 0.1], lr=5.000e-05
Epoch: 0 [6850/10000 (68%)] Loss: 22.13968 = L_Mnfld: 7.19381 + L_NonMnfld: 11.79509 + L_Nrml: 0.00000 + L_Eknl: 2.86603 + L_Div: 0.00000 + L_Morse: 0.28476
Epoch: 0 [6850/10000 (68%)] Unweighted L_s : L_Mnfld: 0.00103,  L_NonMnfld: 0.01966,  L_Nrml: 0.00000,  L_Eknl: 0.05732, L_Morse: 2.84755

Weights: [7000.0, 600.0, 0, 50.0, 0.0, 0.1], lr=5.000e-05
Epoch: 0 [6860/10000 (69%)] Loss: 21.61959 = L_Mnfld: 6.67665 + L_NonMnfld: 11.81318 + L_Nrml: 0.00000 + L_Eknl: 2.84698 + L_Div: 0.00000 + L_Morse: 0.28279
Epoch: 0 [6860/10000 (69%)] Unweighted L_s : L_Mnfld: 0.00095,  L_NonMnfld: 0.01969,  L_Nrml: 0.00000,  L_Eknl: 0.05694, L_Morse: 2.82792

Weights: [7000.0, 600.0, 0, 50.0, 0.0, 0.1], lr=5.000e-05
Epoch: 0 [6870/10000 (69%)] Loss: 22.80984 = L_Mnfld: 7.10389 + L_NonMnfld: 12.60578 + L_Nrml: 0.00000 + L_Eknl: 2.82504 + L_Div: 0.00000 + L_Morse: 0.27512
Epoch: 0 [6870/10000 (69%)] Unweighted L_s : L_Mnfld: 0.00101,  L_NonMnfld: 0.02101,  L_Nrml: 0.00000,  L_Eknl: 0.05650, L_Morse: 2.75121

Weights: [7000.0, 600.0, 0, 50.0, 0.0, 0.1], lr=5.000e-05
Epoch: 0 [6880/10000 (69%)] Loss: 22.19251 = L_Mnfld: 6.86207 + L_NonMnfld: 12.29334 + L_Nrml: 0.00000 + L_Eknl: 2.76832 + L_Div: 0.00000 + L_Morse: 0.26877
Epoch: 0 [6880/10000 (69%)] Unweighted L_s : L_Mnfld: 0.00098,  L_NonMnfld: 0.02049,  L_Nrml: 0.00000,  L_Eknl: 0.05537, L_Morse: 2.68773

Weights: [7000.0, 600.0, 0, 50.0, 0.0, 0.1], lr=5.000e-05
Epoch: 0 [6890/10000 (69%)] Loss: 21.49440 = L_Mnfld: 6.45864 + L_NonMnfld: 12.04481 + L_Nrml: 0.00000 + L_Eknl: 2.72071 + L_Div: 0.00000 + L_Morse: 0.27025
Epoch: 0 [6890/10000 (69%)] Unweighted L_s : L_Mnfld: 0.00092,  L_NonMnfld: 0.02007,  L_Nrml: 0.00000,  L_Eknl: 0.05441, L_Morse: 2.70248

Weights: [7000.0, 600.0, 0, 50.0, 0.0, 0.1], lr=5.000e-05
Epoch: 0 [6900/10000 (69%)] Loss: 21.29611 = L_Mnfld: 6.48363 + L_NonMnfld: 11.87405 + L_Nrml: 0.00000 + L_Eknl: 2.66392 + L_Div: 0.00000 + L_Morse: 0.27451
Epoch: 0 [6900/10000 (69%)] Unweighted L_s : L_Mnfld: 0.00093,  L_NonMnfld: 0.01979,  L_Nrml: 0.00000,  L_Eknl: 0.05328, L_Morse: 2.74508

Weights: [7000.0, 600.0, 0, 50.0, 0.0, 0.1], lr=5.000e-05
Epoch: 0 [6910/10000 (69%)] Loss: 20.98828 = L_Mnfld: 6.22910 + L_NonMnfld: 11.72942 + L_Nrml: 0.00000 + L_Eknl: 2.75230 + L_Div: 0.00000 + L_Morse: 0.27746
Epoch: 0 [6910/10000 (69%)] Unweighted L_s : L_Mnfld: 0.00089,  L_NonMnfld: 0.01955,  L_Nrml: 0.00000,  L_Eknl: 0.05505, L_Morse: 2.77461

Weights: [7000.0, 600.0, 0, 50.0, 0.0, 0.1], lr=5.000e-05
Epoch: 0 [6920/10000 (69%)] Loss: 21.29480 = L_Mnfld: 6.08252 + L_NonMnfld: 12.22850 + L_Nrml: 0.00000 + L_Eknl: 2.70978 + L_Div: 0.00000 + L_Morse: 0.27400
Epoch: 0 [6920/10000 (69%)] Unweighted L_s : L_Mnfld: 0.00087,  L_NonMnfld: 0.02038,  L_Nrml: 0.00000,  L_Eknl: 0.05420, L_Morse: 2.74001

Weights: [7000.0, 600.0, 0, 50.0, 0.0, 0.1], lr=5.000e-05
Epoch: 0 [6930/10000 (69%)] Loss: 21.28049 = L_Mnfld: 6.33921 + L_NonMnfld: 12.00648 + L_Nrml: 0.00000 + L_Eknl: 2.66043 + L_Div: 0.00000 + L_Morse: 0.27438
Epoch: 0 [6930/10000 (69%)] Unweighted L_s : L_Mnfld: 0.00091,  L_NonMnfld: 0.02001,  L_Nrml: 0.00000,  L_Eknl: 0.05321, L_Morse: 2.74379

Weights: [7000.0, 600.0, 0, 50.0, 0.0, 0.1], lr=5.000e-05
Epoch: 0 [6940/10000 (69%)] Loss: 21.52828 = L_Mnfld: 6.20420 + L_NonMnfld: 12.20138 + L_Nrml: 0.00000 + L_Eknl: 2.85552 + L_Div: 0.00000 + L_Morse: 0.26719
Epoch: 0 [6940/10000 (69%)] Unweighted L_s : L_Mnfld: 0.00089,  L_NonMnfld: 0.02034,  L_Nrml: 0.00000,  L_Eknl: 0.05711, L_Morse: 2.67188

Weights: [7000.0, 600.0, 0, 50.0, 0.0, 0.1], lr=5.000e-05
Epoch: 0 [6950/10000 (70%)] Loss: 22.30858 = L_Mnfld: 6.24976 + L_NonMnfld: 12.94402 + L_Nrml: 0.00000 + L_Eknl: 2.84610 + L_Div: 0.00000 + L_Morse: 0.26870
Epoch: 0 [6950/10000 (70%)] Unweighted L_s : L_Mnfld: 0.00089,  L_NonMnfld: 0.02157,  L_Nrml: 0.00000,  L_Eknl: 0.05692, L_Morse: 2.68704

Weights: [7000.0, 600.0, 0, 50.0, 0.0, 0.1], lr=5.000e-05
Epoch: 0 [6960/10000 (70%)] Loss: 22.30480 = L_Mnfld: 6.38055 + L_NonMnfld: 12.84401 + L_Nrml: 0.00000 + L_Eknl: 2.80315 + L_Div: 0.00000 + L_Morse: 0.27710
Epoch: 0 [6960/10000 (70%)] Unweighted L_s : L_Mnfld: 0.00091,  L_NonMnfld: 0.02141,  L_Nrml: 0.00000,  L_Eknl: 0.05606, L_Morse: 2.77101

Weights: [7000.0, 600.0, 0, 50.0, 0.0, 0.1], lr=5.000e-05
Epoch: 0 [6970/10000 (70%)] Loss: 21.17184 = L_Mnfld: 6.38697 + L_NonMnfld: 11.75683 + L_Nrml: 0.00000 + L_Eknl: 2.75734 + L_Div: 0.00000 + L_Morse: 0.27070
Epoch: 0 [6970/10000 (70%)] Unweighted L_s : L_Mnfld: 0.00091,  L_NonMnfld: 0.01959,  L_Nrml: 0.00000,  L_Eknl: 0.05515, L_Morse: 2.70696

Weights: [7000.0, 600.0, 0, 50.0, 0.0, 0.1], lr=5.000e-05
Epoch: 0 [6980/10000 (70%)] Loss: 21.38112 = L_Mnfld: 6.26471 + L_NonMnfld: 12.10987 + L_Nrml: 0.00000 + L_Eknl: 2.73374 + L_Div: 0.00000 + L_Morse: 0.27280
Epoch: 0 [6980/10000 (70%)] Unweighted L_s : L_Mnfld: 0.00089,  L_NonMnfld: 0.02018,  L_Nrml: 0.00000,  L_Eknl: 0.05467, L_Morse: 2.72800

Weights: [7000.0, 600.0, 0, 50.0, 0.0, 0.1], lr=5.000e-05
Epoch: 0 [6990/10000 (70%)] Loss: 20.76927 = L_Mnfld: 6.29790 + L_NonMnfld: 11.51345 + L_Nrml: 0.00000 + L_Eknl: 2.69116 + L_Div: 0.00000 + L_Morse: 0.26676
Epoch: 0 [6990/10000 (70%)] Unweighted L_s : L_Mnfld: 0.00090,  L_NonMnfld: 0.01919,  L_Nrml: 0.00000,  L_Eknl: 0.05382, L_Morse: 2.66763

Weights: [7000.0, 600.0, 0, 50.0, 0.0, 0.1], lr=5.000e-05
Epoch: 0 [7000/10000 (70%)] Loss: 22.30341 = L_Mnfld: 6.14012 + L_NonMnfld: 13.13208 + L_Nrml: 0.00000 + L_Eknl: 2.75593 + L_Div: 0.00000 + L_Morse: 0.27528
Epoch: 0 [7000/10000 (70%)] Unweighted L_s : L_Mnfld: 0.00088,  L_NonMnfld: 0.02189,  L_Nrml: 0.00000,  L_Eknl: 0.05512, L_Morse: 2.75278

Weights: [7000.0, 600.0, 0, 50.0, 0.0, 0.1], lr=5.000e-05
Epoch: 0 [7010/10000 (70%)] Loss: 20.92126 = L_Mnfld: 6.07061 + L_NonMnfld: 11.79636 + L_Nrml: 0.00000 + L_Eknl: 2.78231 + L_Div: 0.00000 + L_Morse: 0.27199
Epoch: 0 [7010/10000 (70%)] Unweighted L_s : L_Mnfld: 0.00087,  L_NonMnfld: 0.01966,  L_Nrml: 0.00000,  L_Eknl: 0.05565, L_Morse: 2.71992

Weights: [7000.0, 600.0, 0, 50.0, 0.0, 0.1], lr=5.000e-05
Epoch: 0 [7020/10000 (70%)] Loss: 19.85719 = L_Mnfld: 6.35375 + L_NonMnfld: 10.51263 + L_Nrml: 0.00000 + L_Eknl: 2.73277 + L_Div: 0.00000 + L_Morse: 0.25805
Epoch: 0 [7020/10000 (70%)] Unweighted L_s : L_Mnfld: 0.00091,  L_NonMnfld: 0.01752,  L_Nrml: 0.00000,  L_Eknl: 0.05466, L_Morse: 2.58049

Weights: [7000.0, 600.0, 0, 50.0, 0.0, 0.1], lr=5.000e-05
Epoch: 0 [7030/10000 (70%)] Loss: 20.73477 = L_Mnfld: 6.34608 + L_NonMnfld: 11.39293 + L_Nrml: 0.00000 + L_Eknl: 2.72014 + L_Div: 0.00000 + L_Morse: 0.27562
Epoch: 0 [7030/10000 (70%)] Unweighted L_s : L_Mnfld: 0.00091,  L_NonMnfld: 0.01899,  L_Nrml: 0.00000,  L_Eknl: 0.05440, L_Morse: 2.75624

Weights: [7000.0, 600.0, 0, 50.0, 0.0, 0.1], lr=5.000e-05
Epoch: 0 [7040/10000 (70%)] Loss: 21.46441 = L_Mnfld: 6.52855 + L_NonMnfld: 11.92303 + L_Nrml: 0.00000 + L_Eknl: 2.72739 + L_Div: 0.00000 + L_Morse: 0.28545
Epoch: 0 [7040/10000 (70%)] Unweighted L_s : L_Mnfld: 0.00093,  L_NonMnfld: 0.01987,  L_Nrml: 0.00000,  L_Eknl: 0.05455, L_Morse: 2.85449

Weights: [7000.0, 600.0, 0, 50.0, 0.0, 0.1], lr=5.000e-05
Epoch: 0 [7050/10000 (70%)] Loss: 22.18845 = L_Mnfld: 6.44321 + L_NonMnfld: 12.64934 + L_Nrml: 0.00000 + L_Eknl: 2.81073 + L_Div: 0.00000 + L_Morse: 0.28517
Epoch: 0 [7050/10000 (70%)] Unweighted L_s : L_Mnfld: 0.00092,  L_NonMnfld: 0.02108,  L_Nrml: 0.00000,  L_Eknl: 0.05621, L_Morse: 2.85169

Weights: [7000.0, 600.0, 0, 50.0, 0.0, 0.1], lr=5.000e-05
Epoch: 0 [7060/10000 (71%)] Loss: 21.77519 = L_Mnfld: 6.19864 + L_NonMnfld: 12.64839 + L_Nrml: 0.00000 + L_Eknl: 2.65618 + L_Div: 0.00000 + L_Morse: 0.27199
Epoch: 0 [7060/10000 (71%)] Unweighted L_s : L_Mnfld: 0.00089,  L_NonMnfld: 0.02108,  L_Nrml: 0.00000,  L_Eknl: 0.05312, L_Morse: 2.71987

Weights: [7000.0, 600.0, 0, 50.0, 0.0, 0.1], lr=5.000e-05
Epoch: 0 [7070/10000 (71%)] Loss: 20.41590 = L_Mnfld: 6.14804 + L_NonMnfld: 11.25502 + L_Nrml: 0.00000 + L_Eknl: 2.74485 + L_Div: 0.00000 + L_Morse: 0.26800
Epoch: 0 [7070/10000 (71%)] Unweighted L_s : L_Mnfld: 0.00088,  L_NonMnfld: 0.01876,  L_Nrml: 0.00000,  L_Eknl: 0.05490, L_Morse: 2.67997

Weights: [7000.0, 600.0, 0, 50.0, 0.0, 0.1], lr=5.000e-05
Epoch: 0 [7080/10000 (71%)] Loss: 21.03476 = L_Mnfld: 6.27071 + L_NonMnfld: 11.83072 + L_Nrml: 0.00000 + L_Eknl: 2.66594 + L_Div: 0.00000 + L_Morse: 0.26739
Epoch: 0 [7080/10000 (71%)] Unweighted L_s : L_Mnfld: 0.00090,  L_NonMnfld: 0.01972,  L_Nrml: 0.00000,  L_Eknl: 0.05332, L_Morse: 2.67387

Weights: [7000.0, 600.0, 0, 50.0, 0.0, 0.1], lr=5.000e-05
Epoch: 0 [7090/10000 (71%)] Loss: 20.51270 = L_Mnfld: 6.14638 + L_NonMnfld: 11.38488 + L_Nrml: 0.00000 + L_Eknl: 2.70544 + L_Div: 0.00000 + L_Morse: 0.27600
Epoch: 0 [7090/10000 (71%)] Unweighted L_s : L_Mnfld: 0.00088,  L_NonMnfld: 0.01897,  L_Nrml: 0.00000,  L_Eknl: 0.05411, L_Morse: 2.76005

Weights: [7000.0, 600.0, 0, 50.0, 0.0, 0.1], lr=5.000e-05
Epoch: 0 [7100/10000 (71%)] Loss: 20.06066 = L_Mnfld: 5.90527 + L_NonMnfld: 11.19496 + L_Nrml: 0.00000 + L_Eknl: 2.69126 + L_Div: 0.00000 + L_Morse: 0.26917
Epoch: 0 [7100/10000 (71%)] Unweighted L_s : L_Mnfld: 0.00084,  L_NonMnfld: 0.01866,  L_Nrml: 0.00000,  L_Eknl: 0.05383, L_Morse: 2.69174

Weights: [7000.0, 600.0, 0, 50.0, 0.0, 0.1], lr=5.000e-05
Epoch: 0 [7110/10000 (71%)] Loss: 21.22864 = L_Mnfld: 6.02666 + L_NonMnfld: 12.20897 + L_Nrml: 0.00000 + L_Eknl: 2.72160 + L_Div: 0.00000 + L_Morse: 0.27141
Epoch: 0 [7110/10000 (71%)] Unweighted L_s : L_Mnfld: 0.00086,  L_NonMnfld: 0.02035,  L_Nrml: 0.00000,  L_Eknl: 0.05443, L_Morse: 2.71409

Weights: [7000.0, 600.0, 0, 50.0, 0.0, 0.1], lr=5.000e-05
Epoch: 0 [7120/10000 (71%)] Loss: 20.61513 = L_Mnfld: 5.96632 + L_NonMnfld: 11.74576 + L_Nrml: 0.00000 + L_Eknl: 2.63435 + L_Div: 0.00000 + L_Morse: 0.26870
Epoch: 0 [7120/10000 (71%)] Unweighted L_s : L_Mnfld: 0.00085,  L_NonMnfld: 0.01958,  L_Nrml: 0.00000,  L_Eknl: 0.05269, L_Morse: 2.68699

Weights: [7000.0, 600.0, 0, 50.0, 0.0, 0.1], lr=5.000e-05
Epoch: 0 [7130/10000 (71%)] Loss: 20.06873 = L_Mnfld: 6.17461 + L_NonMnfld: 10.98672 + L_Nrml: 0.00000 + L_Eknl: 2.62961 + L_Div: 0.00000 + L_Morse: 0.27779
Epoch: 0 [7130/10000 (71%)] Unweighted L_s : L_Mnfld: 0.00088,  L_NonMnfld: 0.01831,  L_Nrml: 0.00000,  L_Eknl: 0.05259, L_Morse: 2.77786

Weights: [7000.0, 600.0, 0, 50.0, 0.0, 0.1], lr=5.000e-05
Epoch: 0 [7140/10000 (71%)] Loss: 21.12205 = L_Mnfld: 6.19135 + L_NonMnfld: 11.94442 + L_Nrml: 0.00000 + L_Eknl: 2.70959 + L_Div: 0.00000 + L_Morse: 0.27669
Epoch: 0 [7140/10000 (71%)] Unweighted L_s : L_Mnfld: 0.00088,  L_NonMnfld: 0.01991,  L_Nrml: 0.00000,  L_Eknl: 0.05419, L_Morse: 2.76686

Weights: [7000.0, 600.0, 0, 50.0, 0.0, 0.1], lr=5.000e-05
Epoch: 0 [7150/10000 (72%)] Loss: 21.22511 = L_Mnfld: 5.92064 + L_NonMnfld: 12.32549 + L_Nrml: 0.00000 + L_Eknl: 2.69887 + L_Div: 0.00000 + L_Morse: 0.28011
Epoch: 0 [7150/10000 (72%)] Unweighted L_s : L_Mnfld: 0.00085,  L_NonMnfld: 0.02054,  L_Nrml: 0.00000,  L_Eknl: 0.05398, L_Morse: 2.80107

Weights: [7000.0, 600.0, 0, 50.0, 0.0, 0.1], lr=5.000e-05
Epoch: 0 [7160/10000 (72%)] Loss: 20.23388 = L_Mnfld: 5.85530 + L_NonMnfld: 11.47018 + L_Nrml: 0.00000 + L_Eknl: 2.63705 + L_Div: 0.00000 + L_Morse: 0.27136
Epoch: 0 [7160/10000 (72%)] Unweighted L_s : L_Mnfld: 0.00084,  L_NonMnfld: 0.01912,  L_Nrml: 0.00000,  L_Eknl: 0.05274, L_Morse: 2.71359

Weights: [7000.0, 600.0, 0, 50.0, 0.0, 0.1], lr=5.000e-05
Epoch: 0 [7170/10000 (72%)] Loss: 20.86037 = L_Mnfld: 6.26207 + L_NonMnfld: 11.41287 + L_Nrml: 0.00000 + L_Eknl: 2.90919 + L_Div: 0.00000 + L_Morse: 0.27623
Epoch: 0 [7170/10000 (72%)] Unweighted L_s : L_Mnfld: 0.00089,  L_NonMnfld: 0.01902,  L_Nrml: 0.00000,  L_Eknl: 0.05818, L_Morse: 2.76229

Weights: [7000.0, 600.0, 0, 50.0, 0.0, 0.1], lr=5.000e-05
Epoch: 0 [7180/10000 (72%)] Loss: 21.01290 = L_Mnfld: 6.27174 + L_NonMnfld: 11.70871 + L_Nrml: 0.00000 + L_Eknl: 2.76052 + L_Div: 0.00000 + L_Morse: 0.27192
Epoch: 0 [7180/10000 (72%)] Unweighted L_s : L_Mnfld: 0.00090,  L_NonMnfld: 0.01951,  L_Nrml: 0.00000,  L_Eknl: 0.05521, L_Morse: 2.71920

Weights: [7000.0, 600.0, 0, 50.0, 0.0, 0.1], lr=5.000e-05
Epoch: 0 [7190/10000 (72%)] Loss: 21.79545 = L_Mnfld: 6.32603 + L_NonMnfld: 12.32100 + L_Nrml: 0.00000 + L_Eknl: 2.87005 + L_Div: 0.00000 + L_Morse: 0.27837
Epoch: 0 [7190/10000 (72%)] Unweighted L_s : L_Mnfld: 0.00090,  L_NonMnfld: 0.02054,  L_Nrml: 0.00000,  L_Eknl: 0.05740, L_Morse: 2.78371

Weights: [7000.0, 600.0, 0, 50.0, 0.0, 0.1], lr=5.000e-05
Epoch: 0 [7200/10000 (72%)] Loss: 21.21033 = L_Mnfld: 6.57433 + L_NonMnfld: 11.56380 + L_Nrml: 0.00000 + L_Eknl: 2.80393 + L_Div: 0.00000 + L_Morse: 0.26827
Epoch: 0 [7200/10000 (72%)] Unweighted L_s : L_Mnfld: 0.00094,  L_NonMnfld: 0.01927,  L_Nrml: 0.00000,  L_Eknl: 0.05608, L_Morse: 2.68271

Weights: [7000.0, 600.0, 0, 50.0, 0.0, 0.1], lr=5.000e-05
Epoch: 0 [7210/10000 (72%)] Loss: 21.49309 = L_Mnfld: 7.44683 + L_NonMnfld: 10.67685 + L_Nrml: 0.00000 + L_Eknl: 3.09759 + L_Div: 0.00000 + L_Morse: 0.27182
Epoch: 0 [7210/10000 (72%)] Unweighted L_s : L_Mnfld: 0.00106,  L_NonMnfld: 0.01779,  L_Nrml: 0.00000,  L_Eknl: 0.06195, L_Morse: 2.71821

Weights: [7000.0, 600.0, 0, 50.0, 0.0, 0.1], lr=5.000e-05
Epoch: 0 [7220/10000 (72%)] Loss: 21.47886 = L_Mnfld: 6.83175 + L_NonMnfld: 11.25619 + L_Nrml: 0.00000 + L_Eknl: 3.10169 + L_Div: 0.00000 + L_Morse: 0.28922
Epoch: 0 [7220/10000 (72%)] Unweighted L_s : L_Mnfld: 0.00098,  L_NonMnfld: 0.01876,  L_Nrml: 0.00000,  L_Eknl: 0.06203, L_Morse: 2.89224

Weights: [7000.0, 600.0, 0, 50.0, 0.0, 0.1], lr=5.000e-05
Epoch: 0 [7230/10000 (72%)] Loss: 21.33919 = L_Mnfld: 6.96312 + L_NonMnfld: 11.15513 + L_Nrml: 0.00000 + L_Eknl: 2.94249 + L_Div: 0.00000 + L_Morse: 0.27845
Epoch: 0 [7230/10000 (72%)] Unweighted L_s : L_Mnfld: 0.00099,  L_NonMnfld: 0.01859,  L_Nrml: 0.00000,  L_Eknl: 0.05885, L_Morse: 2.78454

Weights: [7000.0, 600.0, 0, 50.0, 0.0, 0.1], lr=5.000e-05
Epoch: 0 [7240/10000 (72%)] Loss: 21.23474 = L_Mnfld: 6.88724 + L_NonMnfld: 11.19799 + L_Nrml: 0.00000 + L_Eknl: 2.87568 + L_Div: 0.00000 + L_Morse: 0.27383
Epoch: 0 [7240/10000 (72%)] Unweighted L_s : L_Mnfld: 0.00098,  L_NonMnfld: 0.01866,  L_Nrml: 0.00000,  L_Eknl: 0.05751, L_Morse: 2.73834

Weights: [7000.0, 600.0, 0, 50.0, 0.0, 0.1], lr=5.000e-05
Epoch: 0 [7250/10000 (72%)] Loss: 21.43403 = L_Mnfld: 6.78250 + L_NonMnfld: 11.45954 + L_Nrml: 0.00000 + L_Eknl: 2.91070 + L_Div: 0.00000 + L_Morse: 0.28129
Epoch: 0 [7250/10000 (72%)] Unweighted L_s : L_Mnfld: 0.00097,  L_NonMnfld: 0.01910,  L_Nrml: 0.00000,  L_Eknl: 0.05821, L_Morse: 2.81289

Weights: [7000.0, 600.0, 0, 50.0, 0.0, 0.1], lr=5.000e-05
Epoch: 0 [7260/10000 (73%)] Loss: 20.97707 = L_Mnfld: 6.43911 + L_NonMnfld: 11.40365 + L_Nrml: 0.00000 + L_Eknl: 2.85371 + L_Div: 0.00000 + L_Morse: 0.28061
Epoch: 0 [7260/10000 (73%)] Unweighted L_s : L_Mnfld: 0.00092,  L_NonMnfld: 0.01901,  L_Nrml: 0.00000,  L_Eknl: 0.05707, L_Morse: 2.80611

Weights: [7000.0, 600.0, 0, 50.0, 0.0, 0.1], lr=5.000e-05
Epoch: 0 [7270/10000 (73%)] Loss: 21.93691 = L_Mnfld: 6.79840 + L_NonMnfld: 12.08057 + L_Nrml: 0.00000 + L_Eknl: 2.76590 + L_Div: 0.00000 + L_Morse: 0.29204
Epoch: 0 [7270/10000 (73%)] Unweighted L_s : L_Mnfld: 0.00097,  L_NonMnfld: 0.02013,  L_Nrml: 0.00000,  L_Eknl: 0.05532, L_Morse: 2.92039

Weights: [7000.0, 600.0, 0, 50.0, 0.0, 0.1], lr=5.000e-05
Epoch: 0 [7280/10000 (73%)] Loss: 21.22970 = L_Mnfld: 6.18812 + L_NonMnfld: 12.06681 + L_Nrml: 0.00000 + L_Eknl: 2.69534 + L_Div: 0.00000 + L_Morse: 0.27942
Epoch: 0 [7280/10000 (73%)] Unweighted L_s : L_Mnfld: 0.00088,  L_NonMnfld: 0.02011,  L_Nrml: 0.00000,  L_Eknl: 0.05391, L_Morse: 2.79424

Weights: [7000.0, 600.0, 0, 50.0, 0.0, 0.1], lr=5.000e-05
Epoch: 0 [7290/10000 (73%)] Loss: 21.83439 = L_Mnfld: 6.36189 + L_NonMnfld: 12.42493 + L_Nrml: 0.00000 + L_Eknl: 2.76849 + L_Div: 0.00000 + L_Morse: 0.27909
Epoch: 0 [7290/10000 (73%)] Unweighted L_s : L_Mnfld: 0.00091,  L_NonMnfld: 0.02071,  L_Nrml: 0.00000,  L_Eknl: 0.05537, L_Morse: 2.79088

Weights: [7000.0, 600.0, 0, 50.0, 0.0, 0.1], lr=5.000e-05
Epoch: 0 [7300/10000 (73%)] Loss: 21.94822 = L_Mnfld: 5.86352 + L_NonMnfld: 13.22786 + L_Nrml: 0.00000 + L_Eknl: 2.58071 + L_Div: 0.00000 + L_Morse: 0.27613
Epoch: 0 [7300/10000 (73%)] Unweighted L_s : L_Mnfld: 0.00084,  L_NonMnfld: 0.02205,  L_Nrml: 0.00000,  L_Eknl: 0.05161, L_Morse: 2.76132

Weights: [7000.0, 600.0, 0, 50.0, 0.0, 0.1], lr=5.000e-05
Epoch: 0 [7310/10000 (73%)] Loss: 20.74504 = L_Mnfld: 6.11386 + L_NonMnfld: 11.67334 + L_Nrml: 0.00000 + L_Eknl: 2.67789 + L_Div: 0.00000 + L_Morse: 0.27994
Epoch: 0 [7310/10000 (73%)] Unweighted L_s : L_Mnfld: 0.00087,  L_NonMnfld: 0.01946,  L_Nrml: 0.00000,  L_Eknl: 0.05356, L_Morse: 2.79942

Weights: [7000.0, 600.0, 0, 50.0, 0.0, 0.1], lr=5.000e-05
Epoch: 0 [7320/10000 (73%)] Loss: 21.16636 = L_Mnfld: 5.74948 + L_NonMnfld: 12.48290 + L_Nrml: 0.00000 + L_Eknl: 2.64961 + L_Div: 0.00000 + L_Morse: 0.28436
Epoch: 0 [7320/10000 (73%)] Unweighted L_s : L_Mnfld: 0.00082,  L_NonMnfld: 0.02080,  L_Nrml: 0.00000,  L_Eknl: 0.05299, L_Morse: 2.84361

Weights: [7000.0, 600.0, 0, 50.0, 0.0, 0.1], lr=5.000e-05
Epoch: 0 [7330/10000 (73%)] Loss: 21.04347 = L_Mnfld: 6.05323 + L_NonMnfld: 12.03596 + L_Nrml: 0.00000 + L_Eknl: 2.67421 + L_Div: 0.00000 + L_Morse: 0.28007
Epoch: 0 [7330/10000 (73%)] Unweighted L_s : L_Mnfld: 0.00086,  L_NonMnfld: 0.02006,  L_Nrml: 0.00000,  L_Eknl: 0.05348, L_Morse: 2.80068

Weights: [7000.0, 600.0, 0, 50.0, 0.0, 0.1], lr=5.000e-05
Epoch: 0 [7340/10000 (73%)] Loss: 22.79882 = L_Mnfld: 6.16963 + L_NonMnfld: 13.58241 + L_Nrml: 0.00000 + L_Eknl: 2.76088 + L_Div: 0.00000 + L_Morse: 0.28589
Epoch: 0 [7340/10000 (73%)] Unweighted L_s : L_Mnfld: 0.00088,  L_NonMnfld: 0.02264,  L_Nrml: 0.00000,  L_Eknl: 0.05522, L_Morse: 2.85891

Weights: [7000.0, 600.0, 0, 50.0, 0.0, 0.1], lr=5.000e-05
Epoch: 0 [7350/10000 (74%)] Loss: 20.82490 = L_Mnfld: 6.23407 + L_NonMnfld: 11.52505 + L_Nrml: 0.00000 + L_Eknl: 2.78614 + L_Div: 0.00000 + L_Morse: 0.27965
Epoch: 0 [7350/10000 (74%)] Unweighted L_s : L_Mnfld: 0.00089,  L_NonMnfld: 0.01921,  L_Nrml: 0.00000,  L_Eknl: 0.05572, L_Morse: 2.79646

Weights: [7000.0, 600.0, 0, 50.0, 0.0, 0.1], lr=5.000e-05
Epoch: 0 [7360/10000 (74%)] Loss: 20.15884 = L_Mnfld: 6.17173 + L_NonMnfld: 10.80822 + L_Nrml: 0.00000 + L_Eknl: 2.89075 + L_Div: 0.00000 + L_Morse: 0.28815
Epoch: 0 [7360/10000 (74%)] Unweighted L_s : L_Mnfld: 0.00088,  L_NonMnfld: 0.01801,  L_Nrml: 0.00000,  L_Eknl: 0.05781, L_Morse: 2.88148

Weights: [7000.0, 600.0, 0, 50.0, 0.0, 0.1], lr=5.000e-05
Epoch: 0 [7370/10000 (74%)] Loss: 21.76237 = L_Mnfld: 6.30021 + L_NonMnfld: 12.41201 + L_Nrml: 0.00000 + L_Eknl: 2.78155 + L_Div: 0.00000 + L_Morse: 0.26860
Epoch: 0 [7370/10000 (74%)] Unweighted L_s : L_Mnfld: 0.00090,  L_NonMnfld: 0.02069,  L_Nrml: 0.00000,  L_Eknl: 0.05563, L_Morse: 2.68596

Weights: [7000.0, 600.0, 0, 50.0, 0.0, 0.1], lr=5.000e-05
Epoch: 0 [7380/10000 (74%)] Loss: 20.08046 = L_Mnfld: 6.28109 + L_NonMnfld: 10.80693 + L_Nrml: 0.00000 + L_Eknl: 2.71423 + L_Div: 0.00000 + L_Morse: 0.27822
Epoch: 0 [7380/10000 (74%)] Unweighted L_s : L_Mnfld: 0.00090,  L_NonMnfld: 0.01801,  L_Nrml: 0.00000,  L_Eknl: 0.05428, L_Morse: 2.78218

Weights: [7000.0, 600.0, 0, 50.0, 0.0, 0.1], lr=5.000e-05
Epoch: 0 [7390/10000 (74%)] Loss: 21.00731 = L_Mnfld: 6.00336 + L_NonMnfld: 12.00246 + L_Nrml: 0.00000 + L_Eknl: 2.71772 + L_Div: 0.00000 + L_Morse: 0.28377
Epoch: 0 [7390/10000 (74%)] Unweighted L_s : L_Mnfld: 0.00086,  L_NonMnfld: 0.02000,  L_Nrml: 0.00000,  L_Eknl: 0.05435, L_Morse: 2.83768

Weights: [7000.0, 600.0, 0, 50.0, 0.0, 0.1], lr=5.000e-05
Epoch: 0 [7400/10000 (74%)] Loss: 20.47008 = L_Mnfld: 6.03405 + L_NonMnfld: 11.42440 + L_Nrml: 0.00000 + L_Eknl: 2.72714 + L_Div: 0.00000 + L_Morse: 0.28449
Epoch: 0 [7400/10000 (74%)] Unweighted L_s : L_Mnfld: 0.00086,  L_NonMnfld: 0.01904,  L_Nrml: 0.00000,  L_Eknl: 0.05454, L_Morse: 2.84492

Weights: [7000.0, 600.0, 0, 50.0, 0.0, 0.1], lr=5.000e-05
Epoch: 0 [7410/10000 (74%)] Loss: 20.64303 = L_Mnfld: 6.03118 + L_NonMnfld: 11.50715 + L_Nrml: 0.00000 + L_Eknl: 2.81289 + L_Div: 0.00000 + L_Morse: 0.29181
Epoch: 0 [7410/10000 (74%)] Unweighted L_s : L_Mnfld: 0.00086,  L_NonMnfld: 0.01918,  L_Nrml: 0.00000,  L_Eknl: 0.05626, L_Morse: 2.91806

Weights: [7000.0, 600.0, 0, 50.0, 0.0, 0.1], lr=5.000e-05
Epoch: 0 [7420/10000 (74%)] Loss: 21.60633 = L_Mnfld: 6.08958 + L_NonMnfld: 12.54363 + L_Nrml: 0.00000 + L_Eknl: 2.69894 + L_Div: 0.00000 + L_Morse: 0.27418
Epoch: 0 [7420/10000 (74%)] Unweighted L_s : L_Mnfld: 0.00087,  L_NonMnfld: 0.02091,  L_Nrml: 0.00000,  L_Eknl: 0.05398, L_Morse: 2.74185

Weights: [7000.0, 600.0, 0, 50.0, 0.0, 0.1], lr=5.000e-05
Epoch: 0 [7430/10000 (74%)] Loss: 21.58897 = L_Mnfld: 6.10881 + L_NonMnfld: 12.45087 + L_Nrml: 0.00000 + L_Eknl: 2.75530 + L_Div: 0.00000 + L_Morse: 0.27399
Epoch: 0 [7430/10000 (74%)] Unweighted L_s : L_Mnfld: 0.00087,  L_NonMnfld: 0.02075,  L_Nrml: 0.00000,  L_Eknl: 0.05511, L_Morse: 2.73993

Weights: [7000.0, 600.0, 0, 50.0, 0.0, 0.1], lr=5.000e-05
Epoch: 0 [7440/10000 (74%)] Loss: 20.99117 = L_Mnfld: 5.98972 + L_NonMnfld: 11.96944 + L_Nrml: 0.00000 + L_Eknl: 2.75632 + L_Div: 0.00000 + L_Morse: 0.27569
Epoch: 0 [7440/10000 (74%)] Unweighted L_s : L_Mnfld: 0.00086,  L_NonMnfld: 0.01995,  L_Nrml: 0.00000,  L_Eknl: 0.05513, L_Morse: 2.75694

Weights: [7000.0, 600.0, 0, 50.0, 0.0, 0.1], lr=5.000e-05
Epoch: 0 [7450/10000 (74%)] Loss: 20.43521 = L_Mnfld: 6.14644 + L_NonMnfld: 11.28930 + L_Nrml: 0.00000 + L_Eknl: 2.71040 + L_Div: 0.00000 + L_Morse: 0.28907
Epoch: 0 [7450/10000 (74%)] Unweighted L_s : L_Mnfld: 0.00088,  L_NonMnfld: 0.01882,  L_Nrml: 0.00000,  L_Eknl: 0.05421, L_Morse: 2.89074

Weights: [7000.0, 600.0, 0, 50.0, 0.0, 0.1], lr=5.000e-05
Epoch: 0 [7460/10000 (75%)] Loss: 21.68972 = L_Mnfld: 6.18085 + L_NonMnfld: 12.55793 + L_Nrml: 0.00000 + L_Eknl: 2.66257 + L_Div: 0.00000 + L_Morse: 0.28837
Epoch: 0 [7460/10000 (75%)] Unweighted L_s : L_Mnfld: 0.00088,  L_NonMnfld: 0.02093,  L_Nrml: 0.00000,  L_Eknl: 0.05325, L_Morse: 2.88366

Weights: [7000.0, 600.0, 0, 50.0, 0.0, 0.1], lr=5.000e-05
Epoch: 0 [7470/10000 (75%)] Loss: 20.53198 = L_Mnfld: 6.15554 + L_NonMnfld: 11.44354 + L_Nrml: 0.00000 + L_Eknl: 2.65886 + L_Div: 0.00000 + L_Morse: 0.27404
Epoch: 0 [7470/10000 (75%)] Unweighted L_s : L_Mnfld: 0.00088,  L_NonMnfld: 0.01907,  L_Nrml: 0.00000,  L_Eknl: 0.05318, L_Morse: 2.74041

Weights: [7000.0, 600.0, 0, 50.0, 0.0, 0.1], lr=5.000e-05
Epoch: 0 [7480/10000 (75%)] Loss: 20.15155 = L_Mnfld: 5.94534 + L_NonMnfld: 11.26631 + L_Nrml: 0.00000 + L_Eknl: 2.66556 + L_Div: 0.00000 + L_Morse: 0.27433
Epoch: 0 [7480/10000 (75%)] Unweighted L_s : L_Mnfld: 0.00085,  L_NonMnfld: 0.01878,  L_Nrml: 0.00000,  L_Eknl: 0.05331, L_Morse: 2.74332

Weights: [7000.0, 600.0, 0, 50.0, 0.0, 0.1], lr=5.000e-05
Epoch: 0 [7490/10000 (75%)] Loss: 20.72328 = L_Mnfld: 6.32601 + L_NonMnfld: 11.47282 + L_Nrml: 0.00000 + L_Eknl: 2.64641 + L_Div: 0.00000 + L_Morse: 0.27804
Epoch: 0 [7490/10000 (75%)] Unweighted L_s : L_Mnfld: 0.00090,  L_NonMnfld: 0.01912,  L_Nrml: 0.00000,  L_Eknl: 0.05293, L_Morse: 2.78037

Weights: [7000.0, 600.0, 0, 50.0, 0.0, 0.1], lr=5.000e-05
Epoch: 0 [7500/10000 (75%)] Loss: 20.52744 = L_Mnfld: 5.85812 + L_NonMnfld: 11.69576 + L_Nrml: 0.00000 + L_Eknl: 2.68391 + L_Div: 0.00000 + L_Morse: 0.28965
Epoch: 0 [7500/10000 (75%)] Unweighted L_s : L_Mnfld: 0.00084,  L_NonMnfld: 0.01949,  L_Nrml: 0.00000,  L_Eknl: 0.05368, L_Morse: 2.89647

Weights: [7000.0, 600.0, 0, 50.0, 0.0, 0.1], lr=5.000e-05
Epoch: 0 [7510/10000 (75%)] Loss: 20.93451 = L_Mnfld: 5.79380 + L_NonMnfld: 12.23301 + L_Nrml: 0.00000 + L_Eknl: 2.62949 + L_Div: 0.00000 + L_Morse: 0.27823
Epoch: 0 [7510/10000 (75%)] Unweighted L_s : L_Mnfld: 0.00083,  L_NonMnfld: 0.02039,  L_Nrml: 0.00000,  L_Eknl: 0.05259, L_Morse: 2.78225

Weights: [7000.0, 600.0, 0, 50.0, 0.0, 0.1], lr=5.000e-05
Epoch: 0 [7520/10000 (75%)] Loss: 20.15528 = L_Mnfld: 5.76077 + L_NonMnfld: 11.50397 + L_Nrml: 0.00000 + L_Eknl: 2.61641 + L_Div: 0.00000 + L_Morse: 0.27413
Epoch: 0 [7520/10000 (75%)] Unweighted L_s : L_Mnfld: 0.00082,  L_NonMnfld: 0.01917,  L_Nrml: 0.00000,  L_Eknl: 0.05233, L_Morse: 2.74134

Weights: [7000.0, 600.0, 0, 50.0, 0.0, 0.1], lr=5.000e-05
Epoch: 0 [7530/10000 (75%)] Loss: 20.19472 = L_Mnfld: 6.17733 + L_NonMnfld: 11.12169 + L_Nrml: 0.00000 + L_Eknl: 2.61678 + L_Div: 0.00000 + L_Morse: 0.27892
Epoch: 0 [7530/10000 (75%)] Unweighted L_s : L_Mnfld: 0.00088,  L_NonMnfld: 0.01854,  L_Nrml: 0.00000,  L_Eknl: 0.05234, L_Morse: 2.78917

Weights: [7000.0, 600.0, 0, 50.0, 0.0, 0.1], lr=5.000e-05
Epoch: 0 [7540/10000 (75%)] Loss: 20.69909 = L_Mnfld: 5.53351 + L_NonMnfld: 12.24556 + L_Nrml: 0.00000 + L_Eknl: 2.63056 + L_Div: 0.00000 + L_Morse: 0.28947
Epoch: 0 [7540/10000 (75%)] Unweighted L_s : L_Mnfld: 0.00079,  L_NonMnfld: 0.02041,  L_Nrml: 0.00000,  L_Eknl: 0.05261, L_Morse: 2.89472

Weights: [7000.0, 600.0, 0, 50.0, 0.0, 0.1], lr=5.000e-05
Epoch: 0 [7550/10000 (76%)] Loss: 21.05458 = L_Mnfld: 6.05766 + L_NonMnfld: 12.00385 + L_Nrml: 0.00000 + L_Eknl: 2.71159 + L_Div: 0.00000 + L_Morse: 0.28148
Epoch: 0 [7550/10000 (76%)] Unweighted L_s : L_Mnfld: 0.00087,  L_NonMnfld: 0.02001,  L_Nrml: 0.00000,  L_Eknl: 0.05423, L_Morse: 2.81483

Weights: [7000.0, 600.0, 0, 50.0, 0.0, 0.1], lr=5.000e-05
Epoch: 0 [7560/10000 (76%)] Loss: 20.29635 = L_Mnfld: 6.01450 + L_NonMnfld: 11.33299 + L_Nrml: 0.00000 + L_Eknl: 2.66661 + L_Div: 0.00000 + L_Morse: 0.28225
Epoch: 0 [7560/10000 (76%)] Unweighted L_s : L_Mnfld: 0.00086,  L_NonMnfld: 0.01889,  L_Nrml: 0.00000,  L_Eknl: 0.05333, L_Morse: 2.82248

Weights: [7000.0, 600.0, 0, 50.0, 0.0, 0.1], lr=5.000e-05
Epoch: 0 [7570/10000 (76%)] Loss: 20.71752 = L_Mnfld: 6.40001 + L_NonMnfld: 11.39125 + L_Nrml: 0.00000 + L_Eknl: 2.64504 + L_Div: 0.00000 + L_Morse: 0.28122
Epoch: 0 [7570/10000 (76%)] Unweighted L_s : L_Mnfld: 0.00091,  L_NonMnfld: 0.01899,  L_Nrml: 0.00000,  L_Eknl: 0.05290, L_Morse: 2.81221

Weights: [7000.0, 600.0, 0, 50.0, 0.0, 0.1], lr=5.000e-05
Epoch: 0 [7580/10000 (76%)] Loss: 19.93985 = L_Mnfld: 5.79177 + L_NonMnfld: 11.08395 + L_Nrml: 0.00000 + L_Eknl: 2.77796 + L_Div: 0.00000 + L_Morse: 0.28617
Epoch: 0 [7580/10000 (76%)] Unweighted L_s : L_Mnfld: 0.00083,  L_NonMnfld: 0.01847,  L_Nrml: 0.00000,  L_Eknl: 0.05556, L_Morse: 2.86172

Weights: [7000.0, 600.0, 0, 50.0, 0.0, 0.1], lr=5.000e-05
Epoch: 0 [7590/10000 (76%)] Loss: 21.23966 = L_Mnfld: 6.30043 + L_NonMnfld: 11.88578 + L_Nrml: 0.00000 + L_Eknl: 2.77246 + L_Div: 0.00000 + L_Morse: 0.28098
Epoch: 0 [7590/10000 (76%)] Unweighted L_s : L_Mnfld: 0.00090,  L_NonMnfld: 0.01981,  L_Nrml: 0.00000,  L_Eknl: 0.05545, L_Morse: 2.80980

Weights: [7000.0, 600.0, 0, 50.0, 0.0, 0.1], lr=5.000e-05
Epoch: 0 [7600/10000 (76%)] Loss: 22.05685 = L_Mnfld: 6.06185 + L_NonMnfld: 12.91667 + L_Nrml: 0.00000 + L_Eknl: 2.78072 + L_Div: 0.00000 + L_Morse: 0.29761
Epoch: 0 [7600/10000 (76%)] Unweighted L_s : L_Mnfld: 0.00087,  L_NonMnfld: 0.02153,  L_Nrml: 0.00000,  L_Eknl: 0.05561, L_Morse: 2.97612

Weights: [7000.0, 600.0, 0, 50.0, 0.0, 0.1], lr=5.000e-05
Epoch: 0 [7610/10000 (76%)] Loss: 20.93094 = L_Mnfld: 6.08737 + L_NonMnfld: 11.86581 + L_Nrml: 0.00000 + L_Eknl: 2.70499 + L_Div: 0.00000 + L_Morse: 0.27278
Epoch: 0 [7610/10000 (76%)] Unweighted L_s : L_Mnfld: 0.00087,  L_NonMnfld: 0.01978,  L_Nrml: 0.00000,  L_Eknl: 0.05410, L_Morse: 2.72778

Weights: [7000.0, 600.0, 0, 50.0, 0.0, 0.1], lr=5.000e-05
Epoch: 0 [7620/10000 (76%)] Loss: 21.12776 = L_Mnfld: 5.98007 + L_NonMnfld: 12.12810 + L_Nrml: 0.00000 + L_Eknl: 2.72727 + L_Div: 0.00000 + L_Morse: 0.29232
Epoch: 0 [7620/10000 (76%)] Unweighted L_s : L_Mnfld: 0.00085,  L_NonMnfld: 0.02021,  L_Nrml: 0.00000,  L_Eknl: 0.05455, L_Morse: 2.92319

Weights: [7000.0, 600.0, 0, 50.0, 0.0, 0.1], lr=5.000e-05
Epoch: 0 [7630/10000 (76%)] Loss: 21.72804 = L_Mnfld: 6.08451 + L_NonMnfld: 12.48501 + L_Nrml: 0.00000 + L_Eknl: 2.86561 + L_Div: 0.00000 + L_Morse: 0.29291
Epoch: 0 [7630/10000 (76%)] Unweighted L_s : L_Mnfld: 0.00087,  L_NonMnfld: 0.02081,  L_Nrml: 0.00000,  L_Eknl: 0.05731, L_Morse: 2.92908

Weights: [7000.0, 600.0, 0, 50.0, 0.0, 0.1], lr=5.000e-05
Epoch: 0 [7640/10000 (76%)] Loss: 22.92602 = L_Mnfld: 6.11013 + L_NonMnfld: 13.83512 + L_Nrml: 0.00000 + L_Eknl: 2.69448 + L_Div: 0.00000 + L_Morse: 0.28629
Epoch: 0 [7640/10000 (76%)] Unweighted L_s : L_Mnfld: 0.00087,  L_NonMnfld: 0.02306,  L_Nrml: 0.00000,  L_Eknl: 0.05389, L_Morse: 2.86286

Weights: [7000.0, 600.0, 0, 50.0, 0.0, 0.1], lr=5.000e-05
Epoch: 0 [7650/10000 (76%)] Loss: 20.09184 = L_Mnfld: 5.99353 + L_NonMnfld: 10.91749 + L_Nrml: 0.00000 + L_Eknl: 2.89382 + L_Div: 0.00000 + L_Morse: 0.28699
Epoch: 0 [7650/10000 (76%)] Unweighted L_s : L_Mnfld: 0.00086,  L_NonMnfld: 0.01820,  L_Nrml: 0.00000,  L_Eknl: 0.05788, L_Morse: 2.86994

Weights: [7000.0, 600.0, 0, 50.0, 0.0, 0.1], lr=5.000e-05
Epoch: 0 [7660/10000 (77%)] Loss: 21.67491 = L_Mnfld: 6.30277 + L_NonMnfld: 12.16927 + L_Nrml: 0.00000 + L_Eknl: 2.91555 + L_Div: 0.00000 + L_Morse: 0.28731
Epoch: 0 [7660/10000 (77%)] Unweighted L_s : L_Mnfld: 0.00090,  L_NonMnfld: 0.02028,  L_Nrml: 0.00000,  L_Eknl: 0.05831, L_Morse: 2.87310

Weights: [7000.0, 600.0, 0, 50.0, 0.0, 0.1], lr=5.000e-05
Epoch: 0 [7670/10000 (77%)] Loss: 20.09578 = L_Mnfld: 6.00876 + L_NonMnfld: 11.03879 + L_Nrml: 0.00000 + L_Eknl: 2.76282 + L_Div: 0.00000 + L_Morse: 0.28540
Epoch: 0 [7670/10000 (77%)] Unweighted L_s : L_Mnfld: 0.00086,  L_NonMnfld: 0.01840,  L_Nrml: 0.00000,  L_Eknl: 0.05526, L_Morse: 2.85404

Weights: [7000.0, 600.0, 0, 50.0, 0.0, 0.1], lr=5.000e-05
Epoch: 0 [7680/10000 (77%)] Loss: 21.74950 = L_Mnfld: 5.94695 + L_NonMnfld: 12.96527 + L_Nrml: 0.00000 + L_Eknl: 2.56158 + L_Div: 0.00000 + L_Morse: 0.27570
Epoch: 0 [7680/10000 (77%)] Unweighted L_s : L_Mnfld: 0.00085,  L_NonMnfld: 0.02161,  L_Nrml: 0.00000,  L_Eknl: 0.05123, L_Morse: 2.75698

Weights: [7000.0, 600.0, 0, 50.0, 0.0, 0.1], lr=5.000e-05
Epoch: 0 [7690/10000 (77%)] Loss: 20.63012 = L_Mnfld: 6.17537 + L_NonMnfld: 11.41315 + L_Nrml: 0.00000 + L_Eknl: 2.76365 + L_Div: 0.00000 + L_Morse: 0.27794
Epoch: 0 [7690/10000 (77%)] Unweighted L_s : L_Mnfld: 0.00088,  L_NonMnfld: 0.01902,  L_Nrml: 0.00000,  L_Eknl: 0.05527, L_Morse: 2.77942

Weights: [7000.0, 600.0, 0, 50.0, 0.0, 0.1], lr=5.000e-05
Epoch: 0 [7700/10000 (77%)] Loss: 19.31474 = L_Mnfld: 6.07489 + L_NonMnfld: 10.27960 + L_Nrml: 0.00000 + L_Eknl: 2.67413 + L_Div: 0.00000 + L_Morse: 0.28612
Epoch: 0 [7700/10000 (77%)] Unweighted L_s : L_Mnfld: 0.00087,  L_NonMnfld: 0.01713,  L_Nrml: 0.00000,  L_Eknl: 0.05348, L_Morse: 2.86117

Weights: [7000.0, 600.0, 0, 50.0, 0.0, 0.1], lr=5.000e-05
Epoch: 0 [7710/10000 (77%)] Loss: 21.47397 = L_Mnfld: 5.89605 + L_NonMnfld: 12.59574 + L_Nrml: 0.00000 + L_Eknl: 2.70064 + L_Div: 0.00000 + L_Morse: 0.28154
Epoch: 0 [7710/10000 (77%)] Unweighted L_s : L_Mnfld: 0.00084,  L_NonMnfld: 0.02099,  L_Nrml: 0.00000,  L_Eknl: 0.05401, L_Morse: 2.81545

Weights: [7000.0, 600.0, 0, 50.0, 0.0, 0.1], lr=5.000e-05
Epoch: 0 [7720/10000 (77%)] Loss: 20.23966 = L_Mnfld: 6.07012 + L_NonMnfld: 11.16341 + L_Nrml: 0.00000 + L_Eknl: 2.71449 + L_Div: 0.00000 + L_Morse: 0.29164
Epoch: 0 [7720/10000 (77%)] Unweighted L_s : L_Mnfld: 0.00087,  L_NonMnfld: 0.01861,  L_Nrml: 0.00000,  L_Eknl: 0.05429, L_Morse: 2.91640

Weights: [7000.0, 600.0, 0, 50.0, 0.0, 0.1], lr=5.000e-05
Epoch: 0 [7730/10000 (77%)] Loss: 21.73718 = L_Mnfld: 6.07874 + L_NonMnfld: 12.55782 + L_Nrml: 0.00000 + L_Eknl: 2.81954 + L_Div: 0.00000 + L_Morse: 0.28109
Epoch: 0 [7730/10000 (77%)] Unweighted L_s : L_Mnfld: 0.00087,  L_NonMnfld: 0.02093,  L_Nrml: 0.00000,  L_Eknl: 0.05639, L_Morse: 2.81093

Weights: [7000.0, 600.0, 0, 50.0, 0.0, 0.1], lr=5.000e-05
Epoch: 0 [7740/10000 (77%)] Loss: 20.78480 = L_Mnfld: 6.02086 + L_NonMnfld: 11.75158 + L_Nrml: 0.00000 + L_Eknl: 2.72714 + L_Div: 0.00000 + L_Morse: 0.28522
Epoch: 0 [7740/10000 (77%)] Unweighted L_s : L_Mnfld: 0.00086,  L_NonMnfld: 0.01959,  L_Nrml: 0.00000,  L_Eknl: 0.05454, L_Morse: 2.85223

Weights: [7000.0, 600.0, 0, 50.0, 0.0, 0.1], lr=5.000e-05
Epoch: 0 [7750/10000 (78%)] Loss: 21.54230 = L_Mnfld: 5.78505 + L_NonMnfld: 12.71978 + L_Nrml: 0.00000 + L_Eknl: 2.74651 + L_Div: 0.00000 + L_Morse: 0.29096
Epoch: 0 [7750/10000 (78%)] Unweighted L_s : L_Mnfld: 0.00083,  L_NonMnfld: 0.02120,  L_Nrml: 0.00000,  L_Eknl: 0.05493, L_Morse: 2.90961

Weights: [7000.0, 600.0, 0, 50.0, 0.0, 0.1], lr=5.000e-05
Epoch: 0 [7760/10000 (78%)] Loss: 20.56433 = L_Mnfld: 5.99899 + L_NonMnfld: 11.59427 + L_Nrml: 0.00000 + L_Eknl: 2.68824 + L_Div: 0.00000 + L_Morse: 0.28285
Epoch: 0 [7760/10000 (78%)] Unweighted L_s : L_Mnfld: 0.00086,  L_NonMnfld: 0.01932,  L_Nrml: 0.00000,  L_Eknl: 0.05376, L_Morse: 2.82847

Weights: [7000.0, 600.0, 0, 50.0, 0.0, 0.1], lr=5.000e-05
Epoch: 0 [7770/10000 (78%)] Loss: 20.60644 = L_Mnfld: 5.91396 + L_NonMnfld: 11.77313 + L_Nrml: 0.00000 + L_Eknl: 2.64153 + L_Div: 0.00000 + L_Morse: 0.27781
Epoch: 0 [7770/10000 (78%)] Unweighted L_s : L_Mnfld: 0.00084,  L_NonMnfld: 0.01962,  L_Nrml: 0.00000,  L_Eknl: 0.05283, L_Morse: 2.77811

Weights: [7000.0, 600.0, 0, 50.0, 0.0, 0.1], lr=5.000e-05
Epoch: 0 [7780/10000 (78%)] Loss: 21.26547 = L_Mnfld: 6.49140 + L_NonMnfld: 11.66350 + L_Nrml: 0.00000 + L_Eknl: 2.82659 + L_Div: 0.00000 + L_Morse: 0.28398
Epoch: 0 [7780/10000 (78%)] Unweighted L_s : L_Mnfld: 0.00093,  L_NonMnfld: 0.01944,  L_Nrml: 0.00000,  L_Eknl: 0.05653, L_Morse: 2.83979

Weights: [7000.0, 600.0, 0, 50.0, 0.0, 0.1], lr=5.000e-05
Epoch: 0 [7790/10000 (78%)] Loss: 21.51330 = L_Mnfld: 6.21591 + L_NonMnfld: 12.26003 + L_Nrml: 0.00000 + L_Eknl: 2.74707 + L_Div: 0.00000 + L_Morse: 0.29029
Epoch: 0 [7790/10000 (78%)] Unweighted L_s : L_Mnfld: 0.00089,  L_NonMnfld: 0.02043,  L_Nrml: 0.00000,  L_Eknl: 0.05494, L_Morse: 2.90292

Weights: [7000.0, 600.0, 0, 50.0, 0.0, 0.1], lr=5.000e-05
Epoch: 0 [7800/10000 (78%)] Loss: 21.02516 = L_Mnfld: 6.24121 + L_NonMnfld: 11.83289 + L_Nrml: 0.00000 + L_Eknl: 2.66672 + L_Div: 0.00000 + L_Morse: 0.28434
Epoch: 0 [7800/10000 (78%)] Unweighted L_s : L_Mnfld: 0.00089,  L_NonMnfld: 0.01972,  L_Nrml: 0.00000,  L_Eknl: 0.05333, L_Morse: 2.84337

Weights: [7000.0, 600.0, 0, 50.0, 0.0, 0.1], lr=5.000e-05
Epoch: 0 [7810/10000 (78%)] Loss: 20.97500 = L_Mnfld: 6.60433 + L_NonMnfld: 11.37658 + L_Nrml: 0.00000 + L_Eknl: 2.70863 + L_Div: 0.00000 + L_Morse: 0.28546
Epoch: 0 [7810/10000 (78%)] Unweighted L_s : L_Mnfld: 0.00094,  L_NonMnfld: 0.01896,  L_Nrml: 0.00000,  L_Eknl: 0.05417, L_Morse: 2.85457

Weights: [7000.0, 600.0, 0, 50.0, 0.0, 0.1], lr=5.000e-05
Epoch: 0 [7820/10000 (78%)] Loss: 20.48705 = L_Mnfld: 6.04728 + L_NonMnfld: 11.54022 + L_Nrml: 0.00000 + L_Eknl: 2.61186 + L_Div: 0.00000 + L_Morse: 0.28770
Epoch: 0 [7820/10000 (78%)] Unweighted L_s : L_Mnfld: 0.00086,  L_NonMnfld: 0.01923,  L_Nrml: 0.00000,  L_Eknl: 0.05224, L_Morse: 2.87696

Weights: [7000.0, 600.0, 0, 50.0, 0.0, 0.1], lr=5.000e-05
Epoch: 0 [7830/10000 (78%)] Loss: 21.75739 = L_Mnfld: 6.17892 + L_NonMnfld: 12.54936 + L_Nrml: 0.00000 + L_Eknl: 2.74163 + L_Div: 0.00000 + L_Morse: 0.28747
Epoch: 0 [7830/10000 (78%)] Unweighted L_s : L_Mnfld: 0.00088,  L_NonMnfld: 0.02092,  L_Nrml: 0.00000,  L_Eknl: 0.05483, L_Morse: 2.87473

Weights: [7000.0, 600.0, 0, 50.0, 0.0, 0.1], lr=5.000e-05
Epoch: 0 [7840/10000 (78%)] Loss: 20.15275 = L_Mnfld: 5.77343 + L_NonMnfld: 11.41774 + L_Nrml: 0.00000 + L_Eknl: 2.67399 + L_Div: 0.00000 + L_Morse: 0.28760
Epoch: 0 [7840/10000 (78%)] Unweighted L_s : L_Mnfld: 0.00082,  L_NonMnfld: 0.01903,  L_Nrml: 0.00000,  L_Eknl: 0.05348, L_Morse: 2.87602

Weights: [7000.0, 600.0, 0, 50.0, 0.0, 0.1], lr=5.000e-05
Epoch: 0 [7850/10000 (78%)] Loss: 20.30149 = L_Mnfld: 6.01665 + L_NonMnfld: 11.18898 + L_Nrml: 0.00000 + L_Eknl: 2.81935 + L_Div: 0.00000 + L_Morse: 0.27652
Epoch: 0 [7850/10000 (78%)] Unweighted L_s : L_Mnfld: 0.00086,  L_NonMnfld: 0.01865,  L_Nrml: 0.00000,  L_Eknl: 0.05639, L_Morse: 2.76523

Weights: [7000.0, 600.0, 0, 50.0, 0.0, 0.1], lr=5.000e-05
Epoch: 0 [7860/10000 (79%)] Loss: 21.21545 = L_Mnfld: 5.73222 + L_NonMnfld: 12.57598 + L_Nrml: 0.00000 + L_Eknl: 2.61155 + L_Div: 0.00000 + L_Morse: 0.29569
Epoch: 0 [7860/10000 (79%)] Unweighted L_s : L_Mnfld: 0.00082,  L_NonMnfld: 0.02096,  L_Nrml: 0.00000,  L_Eknl: 0.05223, L_Morse: 2.95693

Weights: [7000.0, 600.0, 0, 50.0, 0.0, 0.1], lr=5.000e-05
Epoch: 0 [7870/10000 (79%)] Loss: 19.62856 = L_Mnfld: 5.80719 + L_NonMnfld: 10.84623 + L_Nrml: 0.00000 + L_Eknl: 2.70026 + L_Div: 0.00000 + L_Morse: 0.27488
Epoch: 0 [7870/10000 (79%)] Unweighted L_s : L_Mnfld: 0.00083,  L_NonMnfld: 0.01808,  L_Nrml: 0.00000,  L_Eknl: 0.05401, L_Morse: 2.74879

Weights: [7000.0, 600.0, 0, 50.0, 0.0, 0.1], lr=5.000e-05
Epoch: 0 [7880/10000 (79%)] Loss: 21.36905 = L_Mnfld: 5.91613 + L_NonMnfld: 12.46489 + L_Nrml: 0.00000 + L_Eknl: 2.69826 + L_Div: 0.00000 + L_Morse: 0.28978
Epoch: 0 [7880/10000 (79%)] Unweighted L_s : L_Mnfld: 0.00085,  L_NonMnfld: 0.02077,  L_Nrml: 0.00000,  L_Eknl: 0.05397, L_Morse: 2.89783

Weights: [7000.0, 600.0, 0, 50.0, 0.0, 0.1], lr=5.000e-05
Epoch: 0 [7890/10000 (79%)] Loss: 19.96929 = L_Mnfld: 6.25992 + L_NonMnfld: 10.68467 + L_Nrml: 0.00000 + L_Eknl: 2.74402 + L_Div: 0.00000 + L_Morse: 0.28067
Epoch: 0 [7890/10000 (79%)] Unweighted L_s : L_Mnfld: 0.00089,  L_NonMnfld: 0.01781,  L_Nrml: 0.00000,  L_Eknl: 0.05488, L_Morse: 2.80674

Weights: [7000.0, 600.0, 0, 50.0, 0.0, 0.1], lr=5.000e-05
Epoch: 0 [7900/10000 (79%)] Loss: 21.15134 = L_Mnfld: 5.95529 + L_NonMnfld: 12.22697 + L_Nrml: 0.00000 + L_Eknl: 2.66683 + L_Div: 0.00000 + L_Morse: 0.30225
Epoch: 0 [7900/10000 (79%)] Unweighted L_s : L_Mnfld: 0.00085,  L_NonMnfld: 0.02038,  L_Nrml: 0.00000,  L_Eknl: 0.05334, L_Morse: 3.02251

Weights: [7000.0, 600.0, 0, 50.0, 0.0, 0.1], lr=5.000e-05
Epoch: 0 [7910/10000 (79%)] Loss: 20.21757 = L_Mnfld: 5.97458 + L_NonMnfld: 11.18145 + L_Nrml: 0.00000 + L_Eknl: 2.76487 + L_Div: 0.00000 + L_Morse: 0.29666
Epoch: 0 [7910/10000 (79%)] Unweighted L_s : L_Mnfld: 0.00085,  L_NonMnfld: 0.01864,  L_Nrml: 0.00000,  L_Eknl: 0.05530, L_Morse: 2.96662

Weights: [7000.0, 600.0, 0, 50.0, 0.0, 0.1], lr=5.000e-05
Epoch: 0 [7920/10000 (79%)] Loss: 20.94849 = L_Mnfld: 6.21620 + L_NonMnfld: 11.74048 + L_Nrml: 0.00000 + L_Eknl: 2.69615 + L_Div: 0.00000 + L_Morse: 0.29567
Epoch: 0 [7920/10000 (79%)] Unweighted L_s : L_Mnfld: 0.00089,  L_NonMnfld: 0.01957,  L_Nrml: 0.00000,  L_Eknl: 0.05392, L_Morse: 2.95668

Weights: [7000.0, 600.0, 0, 50.0, 0.0, 0.1], lr=5.000e-05
Epoch: 0 [7930/10000 (79%)] Loss: 20.80357 = L_Mnfld: 6.24920 + L_NonMnfld: 11.51631 + L_Nrml: 0.00000 + L_Eknl: 2.74951 + L_Div: 0.00000 + L_Morse: 0.28855
Epoch: 0 [7930/10000 (79%)] Unweighted L_s : L_Mnfld: 0.00089,  L_NonMnfld: 0.01919,  L_Nrml: 0.00000,  L_Eknl: 0.05499, L_Morse: 2.88549

Weights: [7000.0, 600.0, 0, 50.0, 0.0, 0.1], lr=5.000e-05
Epoch: 0 [7940/10000 (79%)] Loss: 21.10406 = L_Mnfld: 6.05198 + L_NonMnfld: 12.03871 + L_Nrml: 0.00000 + L_Eknl: 2.72738 + L_Div: 0.00000 + L_Morse: 0.28599
Epoch: 0 [7940/10000 (79%)] Unweighted L_s : L_Mnfld: 0.00086,  L_NonMnfld: 0.02006,  L_Nrml: 0.00000,  L_Eknl: 0.05455, L_Morse: 2.85987

Weights: [7000.0, 600.0, 0, 50.0, 0.0, 0.1], lr=5.000e-05
Epoch: 0 [7950/10000 (80%)] Loss: 21.49768 = L_Mnfld: 5.81253 + L_NonMnfld: 12.62120 + L_Nrml: 0.00000 + L_Eknl: 2.78071 + L_Div: 0.00000 + L_Morse: 0.28325
Epoch: 0 [7950/10000 (80%)] Unweighted L_s : L_Mnfld: 0.00083,  L_NonMnfld: 0.02104,  L_Nrml: 0.00000,  L_Eknl: 0.05561, L_Morse: 2.83249

Weights: [7000.0, 600.0, 0, 50.0, 0.0, 0.1], lr=5.000e-05
Epoch: 0 [7960/10000 (80%)] Loss: 20.79494 = L_Mnfld: 6.18467 + L_NonMnfld: 11.62089 + L_Nrml: 0.00000 + L_Eknl: 2.70269 + L_Div: 0.00000 + L_Morse: 0.28669
Epoch: 0 [7960/10000 (80%)] Unweighted L_s : L_Mnfld: 0.00088,  L_NonMnfld: 0.01937,  L_Nrml: 0.00000,  L_Eknl: 0.05405, L_Morse: 2.86687

Weights: [7000.0, 600.0, 0, 50.0, 0.0, 0.1], lr=5.000e-05
Epoch: 0 [7970/10000 (80%)] Loss: 20.58637 = L_Mnfld: 6.02661 + L_NonMnfld: 11.53236 + L_Nrml: 0.00000 + L_Eknl: 2.74506 + L_Div: 0.00000 + L_Morse: 0.28234
Epoch: 0 [7970/10000 (80%)] Unweighted L_s : L_Mnfld: 0.00086,  L_NonMnfld: 0.01922,  L_Nrml: 0.00000,  L_Eknl: 0.05490, L_Morse: 2.82342

Weights: [7000.0, 600.0, 0, 50.0, 0.0, 0.1], lr=5.000e-05
Epoch: 0 [7980/10000 (80%)] Loss: 21.81872 = L_Mnfld: 6.00103 + L_NonMnfld: 12.81865 + L_Nrml: 0.00000 + L_Eknl: 2.71274 + L_Div: 0.00000 + L_Morse: 0.28630
Epoch: 0 [7980/10000 (80%)] Unweighted L_s : L_Mnfld: 0.00086,  L_NonMnfld: 0.02136,  L_Nrml: 0.00000,  L_Eknl: 0.05425, L_Morse: 2.86305

Weights: [7000.0, 600.0, 0, 50.0, 0.0, 0.1], lr=5.000e-05
Epoch: 0 [7990/10000 (80%)] Loss: 20.18941 = L_Mnfld: 5.99255 + L_NonMnfld: 11.16461 + L_Nrml: 0.00000 + L_Eknl: 2.74450 + L_Div: 0.00000 + L_Morse: 0.28776
Epoch: 0 [7990/10000 (80%)] Unweighted L_s : L_Mnfld: 0.00086,  L_NonMnfld: 0.01861,  L_Nrml: 0.00000,  L_Eknl: 0.05489, L_Morse: 2.87756

Weights: [7000.0, 600.0, 0, 50.0, 0.0, 0.1], lr=5.000e-05
Epoch: 0 [8000/10000 (80%)] Loss: 20.93336 = L_Mnfld: 6.10436 + L_NonMnfld: 11.69881 + L_Nrml: 0.00000 + L_Eknl: 2.84909 + L_Div: 0.00000 + L_Morse: 0.28110
Epoch: 0 [8000/10000 (80%)] Unweighted L_s : L_Mnfld: 0.00087,  L_NonMnfld: 0.01950,  L_Nrml: 0.00000,  L_Eknl: 0.05698, L_Morse: 2.81099

Weights: [7000.0, 600.0, 0, 50.0, 0.0, 0.1], lr=5.000e-05
Epoch: 0 [8010/10000 (80%)] Loss: 20.55974 = L_Mnfld: 6.55605 + L_NonMnfld: 10.91153 + L_Nrml: 0.00000 + L_Eknl: 2.79919 + L_Div: 0.00000 + L_Morse: 0.29297
Epoch: 0 [8010/10000 (80%)] Unweighted L_s : L_Mnfld: 0.00094,  L_NonMnfld: 0.01819,  L_Nrml: 0.00000,  L_Eknl: 0.05598, L_Morse: 2.92970

Weights: [7000.0, 600.0, 0, 50.0, 0.0, 0.1], lr=5.000e-05
Epoch: 0 [8020/10000 (80%)] Loss: 21.28680 = L_Mnfld: 6.24369 + L_NonMnfld: 11.99880 + L_Nrml: 0.00000 + L_Eknl: 2.75711 + L_Div: 0.00000 + L_Morse: 0.28720
Epoch: 0 [8020/10000 (80%)] Unweighted L_s : L_Mnfld: 0.00089,  L_NonMnfld: 0.02000,  L_Nrml: 0.00000,  L_Eknl: 0.05514, L_Morse: 2.87201

Weights: [7000.0, 600.0, 0, 50.0, 0.0, 0.1], lr=5.000e-05
Epoch: 0 [8030/10000 (80%)] Loss: 20.61589 = L_Mnfld: 6.18411 + L_NonMnfld: 11.48360 + L_Nrml: 0.00000 + L_Eknl: 2.66039 + L_Div: 0.00000 + L_Morse: 0.28779
Epoch: 0 [8030/10000 (80%)] Unweighted L_s : L_Mnfld: 0.00088,  L_NonMnfld: 0.01914,  L_Nrml: 0.00000,  L_Eknl: 0.05321, L_Morse: 2.87790

Weights: [7000.0, 600.0, 0, 50.0, 0.0, 0.1], lr=5.000e-05
Epoch: 0 [8040/10000 (80%)] Loss: 21.69122 = L_Mnfld: 6.33112 + L_NonMnfld: 12.41393 + L_Nrml: 0.00000 + L_Eknl: 2.65951 + L_Div: 0.00000 + L_Morse: 0.28667
Epoch: 0 [8040/10000 (80%)] Unweighted L_s : L_Mnfld: 0.00090,  L_NonMnfld: 0.02069,  L_Nrml: 0.00000,  L_Eknl: 0.05319, L_Morse: 2.86666

Weights: [7000.0, 600.0, 0, 50.0, 0.0, 0.1], lr=5.000e-05
Epoch: 0 [8050/10000 (80%)] Loss: 20.60273 = L_Mnfld: 6.51708 + L_NonMnfld: 11.05498 + L_Nrml: 0.00000 + L_Eknl: 2.74624 + L_Div: 0.00000 + L_Morse: 0.28442
Epoch: 0 [8050/10000 (80%)] Unweighted L_s : L_Mnfld: 0.00093,  L_NonMnfld: 0.01842,  L_Nrml: 0.00000,  L_Eknl: 0.05492, L_Morse: 2.84424

Weights: [7000.0, 600.0, 0, 50.0, 0.0, 0.1], lr=5.000e-05
Epoch: 0 [8060/10000 (81%)] Loss: 20.60920 = L_Mnfld: 6.27697 + L_NonMnfld: 11.39745 + L_Nrml: 0.00000 + L_Eknl: 2.64166 + L_Div: 0.00000 + L_Morse: 0.29312
Epoch: 0 [8060/10000 (81%)] Unweighted L_s : L_Mnfld: 0.00090,  L_NonMnfld: 0.01900,  L_Nrml: 0.00000,  L_Eknl: 0.05283, L_Morse: 2.93122

Weights: [7000.0, 600.0, 0, 50.0, 0.0, 0.1], lr=5.000e-05
Epoch: 0 [8070/10000 (81%)] Loss: 20.30751 = L_Mnfld: 5.95649 + L_NonMnfld: 11.27229 + L_Nrml: 0.00000 + L_Eknl: 2.79427 + L_Div: 0.00000 + L_Morse: 0.28446
Epoch: 0 [8070/10000 (81%)] Unweighted L_s : L_Mnfld: 0.00085,  L_NonMnfld: 0.01879,  L_Nrml: 0.00000,  L_Eknl: 0.05589, L_Morse: 2.84457

Weights: [7000.0, 600.0, 0, 50.0, 0.0, 0.1], lr=5.000e-05
Epoch: 0 [8080/10000 (81%)] Loss: 21.60877 = L_Mnfld: 5.96713 + L_NonMnfld: 12.69973 + L_Nrml: 0.00000 + L_Eknl: 2.65872 + L_Div: 0.00000 + L_Morse: 0.28319
Epoch: 0 [8080/10000 (81%)] Unweighted L_s : L_Mnfld: 0.00085,  L_NonMnfld: 0.02117,  L_Nrml: 0.00000,  L_Eknl: 0.05317, L_Morse: 2.83185

Weights: [7000.0, 600.0, 0, 50.0, 0.0, 0.1], lr=5.000e-05
Epoch: 0 [8090/10000 (81%)] Loss: 22.05067 = L_Mnfld: 6.17539 + L_NonMnfld: 12.84069 + L_Nrml: 0.00000 + L_Eknl: 2.73938 + L_Div: 0.00000 + L_Morse: 0.29521
Epoch: 0 [8090/10000 (81%)] Unweighted L_s : L_Mnfld: 0.00088,  L_NonMnfld: 0.02140,  L_Nrml: 0.00000,  L_Eknl: 0.05479, L_Morse: 2.95214

Weights: [7000.0, 600.0, 0, 50.0, 0.0, 0.1], lr=5.000e-05
Epoch: 0 [8100/10000 (81%)] Loss: 21.71105 = L_Mnfld: 6.16241 + L_NonMnfld: 12.55267 + L_Nrml: 0.00000 + L_Eknl: 2.70720 + L_Div: 0.00000 + L_Morse: 0.28877
Epoch: 0 [8100/10000 (81%)] Unweighted L_s : L_Mnfld: 0.00088,  L_NonMnfld: 0.02092,  L_Nrml: 0.00000,  L_Eknl: 0.05414, L_Morse: 2.88773

Weights: [7000.0, 600.0, 0, 50.0, 0.0, 0.1], lr=5.000e-05
Epoch: 0 [8110/10000 (81%)] Loss: 21.60156 = L_Mnfld: 5.94197 + L_NonMnfld: 12.67847 + L_Nrml: 0.00000 + L_Eknl: 2.69399 + L_Div: 0.00000 + L_Morse: 0.28713
Epoch: 0 [8110/10000 (81%)] Unweighted L_s : L_Mnfld: 0.00085,  L_NonMnfld: 0.02113,  L_Nrml: 0.00000,  L_Eknl: 0.05388, L_Morse: 2.87135

Weights: [7000.0, 600.0, 0, 50.0, 0.0, 0.1], lr=5.000e-05
Epoch: 0 [8120/10000 (81%)] Loss: 21.61494 = L_Mnfld: 6.28888 + L_NonMnfld: 12.31483 + L_Nrml: 0.00000 + L_Eknl: 2.71697 + L_Div: 0.00000 + L_Morse: 0.29425
Epoch: 0 [8120/10000 (81%)] Unweighted L_s : L_Mnfld: 0.00090,  L_NonMnfld: 0.02052,  L_Nrml: 0.00000,  L_Eknl: 0.05434, L_Morse: 2.94248

Weights: [7000.0, 600.0, 0, 50.0, 0.0, 0.1], lr=5.000e-05
Epoch: 0 [8130/10000 (81%)] Loss: 20.88798 = L_Mnfld: 5.86300 + L_NonMnfld: 12.03624 + L_Nrml: 0.00000 + L_Eknl: 2.70761 + L_Div: 0.00000 + L_Morse: 0.28112
Epoch: 0 [8130/10000 (81%)] Unweighted L_s : L_Mnfld: 0.00084,  L_NonMnfld: 0.02006,  L_Nrml: 0.00000,  L_Eknl: 0.05415, L_Morse: 2.81119

Weights: [7000.0, 600.0, 0, 50.0, 0.0, 0.1], lr=5.000e-05
Epoch: 0 [8140/10000 (81%)] Loss: 20.60314 = L_Mnfld: 5.74648 + L_NonMnfld: 11.94033 + L_Nrml: 0.00000 + L_Eknl: 2.63339 + L_Div: 0.00000 + L_Morse: 0.28294
Epoch: 0 [8140/10000 (81%)] Unweighted L_s : L_Mnfld: 0.00082,  L_NonMnfld: 0.01990,  L_Nrml: 0.00000,  L_Eknl: 0.05267, L_Morse: 2.82943

Weights: [7000.0, 600.0, 0, 50.0, 0.0, 0.1], lr=5.000e-05
Epoch: 0 [8150/10000 (82%)] Loss: 19.54230 = L_Mnfld: 5.50329 + L_NonMnfld: 11.14880 + L_Nrml: 0.00000 + L_Eknl: 2.62049 + L_Div: 0.00000 + L_Morse: 0.26972
Epoch: 0 [8150/10000 (82%)] Unweighted L_s : L_Mnfld: 0.00079,  L_NonMnfld: 0.01858,  L_Nrml: 0.00000,  L_Eknl: 0.05241, L_Morse: 2.69721

Weights: [7000.0, 600.0, 0, 50.0, 0.0, 0.1], lr=5.000e-05
Epoch: 0 [8160/10000 (82%)] Loss: 20.02402 = L_Mnfld: 6.05315 + L_NonMnfld: 10.88973 + L_Nrml: 0.00000 + L_Eknl: 2.79528 + L_Div: 0.00000 + L_Morse: 0.28585
Epoch: 0 [8160/10000 (82%)] Unweighted L_s : L_Mnfld: 0.00086,  L_NonMnfld: 0.01815,  L_Nrml: 0.00000,  L_Eknl: 0.05591, L_Morse: 2.85851

Weights: [7000.0, 600.0, 0, 50.0, 0.0, 0.1], lr=5.000e-05
Epoch: 0 [8170/10000 (82%)] Loss: 21.07663 = L_Mnfld: 6.37635 + L_NonMnfld: 11.37279 + L_Nrml: 0.00000 + L_Eknl: 3.04049 + L_Div: 0.00000 + L_Morse: 0.28701
Epoch: 0 [8170/10000 (82%)] Unweighted L_s : L_Mnfld: 0.00091,  L_NonMnfld: 0.01895,  L_Nrml: 0.00000,  L_Eknl: 0.06081, L_Morse: 2.87009

Weights: [7000.0, 600.0, 0, 50.0, 0.0, 0.1], lr=5.000e-05
Epoch: 0 [8180/10000 (82%)] Loss: 20.70461 = L_Mnfld: 6.42476 + L_NonMnfld: 11.22204 + L_Nrml: 0.00000 + L_Eknl: 2.77075 + L_Div: 0.00000 + L_Morse: 0.28705
Epoch: 0 [8180/10000 (82%)] Unweighted L_s : L_Mnfld: 0.00092,  L_NonMnfld: 0.01870,  L_Nrml: 0.00000,  L_Eknl: 0.05542, L_Morse: 2.87050

Weights: [7000.0, 600.0, 0, 50.0, 0.0, 0.1], lr=5.000e-05
Epoch: 0 [8190/10000 (82%)] Loss: 21.35438 = L_Mnfld: 6.52826 + L_NonMnfld: 11.59694 + L_Nrml: 0.00000 + L_Eknl: 2.93919 + L_Div: 0.00000 + L_Morse: 0.29000
Epoch: 0 [8190/10000 (82%)] Unweighted L_s : L_Mnfld: 0.00093,  L_NonMnfld: 0.01933,  L_Nrml: 0.00000,  L_Eknl: 0.05878, L_Morse: 2.90002

Weights: [7000.0, 600.0, 0, 50.0, 0.0, 0.1], lr=5.000e-05
Epoch: 0 [8200/10000 (82%)] Loss: 20.32127 = L_Mnfld: 6.30794 + L_NonMnfld: 11.01315 + L_Nrml: 0.00000 + L_Eknl: 2.70004 + L_Div: 0.00000 + L_Morse: 0.30014
Epoch: 0 [8200/10000 (82%)] Unweighted L_s : L_Mnfld: 0.00090,  L_NonMnfld: 0.01836,  L_Nrml: 0.00000,  L_Eknl: 0.05400, L_Morse: 3.00138

Weights: [7000.0, 600.0, 0, 50.0, 0.0, 0.1], lr=5.000e-05
Epoch: 0 [8210/10000 (82%)] Loss: 22.10124 = L_Mnfld: 6.37616 + L_NonMnfld: 12.51914 + L_Nrml: 0.00000 + L_Eknl: 2.90492 + L_Div: 0.00000 + L_Morse: 0.30101
Epoch: 0 [8210/10000 (82%)] Unweighted L_s : L_Mnfld: 0.00091,  L_NonMnfld: 0.02087,  L_Nrml: 0.00000,  L_Eknl: 0.05810, L_Morse: 3.01011

Weights: [7000.0, 600.0, 0, 50.0, 0.0, 0.1], lr=5.000e-05
Epoch: 0 [8220/10000 (82%)] Loss: 20.69706 = L_Mnfld: 6.15718 + L_NonMnfld: 11.42095 + L_Nrml: 0.00000 + L_Eknl: 2.82566 + L_Div: 0.00000 + L_Morse: 0.29327
Epoch: 0 [8220/10000 (82%)] Unweighted L_s : L_Mnfld: 0.00088,  L_NonMnfld: 0.01903,  L_Nrml: 0.00000,  L_Eknl: 0.05651, L_Morse: 2.93268

Weights: [7000.0, 600.0, 0, 50.0, 0.0, 0.1], lr=5.000e-05
Epoch: 0 [8230/10000 (82%)] Loss: 21.27602 = L_Mnfld: 6.23244 + L_NonMnfld: 11.95255 + L_Nrml: 0.00000 + L_Eknl: 2.80457 + L_Div: 0.00000 + L_Morse: 0.28645
Epoch: 0 [8230/10000 (82%)] Unweighted L_s : L_Mnfld: 0.00089,  L_NonMnfld: 0.01992,  L_Nrml: 0.00000,  L_Eknl: 0.05609, L_Morse: 2.86454

Weights: [7000.0, 600.0, 0, 50.0, 0.0, 0.1], lr=5.000e-05
Epoch: 0 [8240/10000 (82%)] Loss: 19.62677 = L_Mnfld: 6.13654 + L_NonMnfld: 10.48133 + L_Nrml: 0.00000 + L_Eknl: 2.71409 + L_Div: 0.00000 + L_Morse: 0.29481
Epoch: 0 [8240/10000 (82%)] Unweighted L_s : L_Mnfld: 0.00088,  L_NonMnfld: 0.01747,  L_Nrml: 0.00000,  L_Eknl: 0.05428, L_Morse: 2.94811

Weights: [7000.0, 600.0, 0, 50.0, 0.0, 0.1], lr=5.000e-05
Epoch: 0 [8250/10000 (82%)] Loss: 20.69041 = L_Mnfld: 6.04046 + L_NonMnfld: 11.65058 + L_Nrml: 0.00000 + L_Eknl: 2.71380 + L_Div: 0.00000 + L_Morse: 0.28557
Epoch: 0 [8250/10000 (82%)] Unweighted L_s : L_Mnfld: 0.00086,  L_NonMnfld: 0.01942,  L_Nrml: 0.00000,  L_Eknl: 0.05428, L_Morse: 2.85567

Weights: [7000.0, 600.0, 0, 50.0, 0.0, 0.1], lr=5.000e-05
Epoch: 0 [8260/10000 (83%)] Loss: 20.38463 = L_Mnfld: 5.95622 + L_NonMnfld: 11.45294 + L_Nrml: 0.00000 + L_Eknl: 2.67203 + L_Div: 0.00000 + L_Morse: 0.30343
Epoch: 0 [8260/10000 (83%)] Unweighted L_s : L_Mnfld: 0.00085,  L_NonMnfld: 0.01909,  L_Nrml: 0.00000,  L_Eknl: 0.05344, L_Morse: 3.03435

Weights: [7000.0, 600.0, 0, 50.0, 0.0, 0.1], lr=5.000e-05
Epoch: 0 [8270/10000 (83%)] Loss: 21.88498 = L_Mnfld: 6.42256 + L_NonMnfld: 12.47084 + L_Nrml: 0.00000 + L_Eknl: 2.69986 + L_Div: 0.00000 + L_Morse: 0.29173
Epoch: 0 [8270/10000 (83%)] Unweighted L_s : L_Mnfld: 0.00092,  L_NonMnfld: 0.02078,  L_Nrml: 0.00000,  L_Eknl: 0.05400, L_Morse: 2.91726

Weights: [7000.0, 600.0, 0, 50.0, 0.0, 0.1], lr=5.000e-05
Epoch: 0 [8280/10000 (83%)] Loss: 21.51483 = L_Mnfld: 6.19897 + L_NonMnfld: 12.23721 + L_Nrml: 0.00000 + L_Eknl: 2.79500 + L_Div: 0.00000 + L_Morse: 0.28365
Epoch: 0 [8280/10000 (83%)] Unweighted L_s : L_Mnfld: 0.00089,  L_NonMnfld: 0.02040,  L_Nrml: 0.00000,  L_Eknl: 0.05590, L_Morse: 2.83652

Weights: [7000.0, 600.0, 0, 50.0, 0.0, 0.1], lr=5.000e-05
Epoch: 0 [8290/10000 (83%)] Loss: 21.57691 = L_Mnfld: 6.12623 + L_NonMnfld: 12.40422 + L_Nrml: 0.00000 + L_Eknl: 2.77137 + L_Div: 0.00000 + L_Morse: 0.27509
Epoch: 0 [8290/10000 (83%)] Unweighted L_s : L_Mnfld: 0.00088,  L_NonMnfld: 0.02067,  L_Nrml: 0.00000,  L_Eknl: 0.05543, L_Morse: 2.75092

Weights: [7000.0, 600.0, 0, 50.0, 0.0, 0.1], lr=5.000e-05
Epoch: 0 [8300/10000 (83%)] Loss: 20.13059 = L_Mnfld: 5.96176 + L_NonMnfld: 11.21492 + L_Nrml: 0.00000 + L_Eknl: 2.65258 + L_Div: 0.00000 + L_Morse: 0.30132
Epoch: 0 [8300/10000 (83%)] Unweighted L_s : L_Mnfld: 0.00085,  L_NonMnfld: 0.01869,  L_Nrml: 0.00000,  L_Eknl: 0.05305, L_Morse: 3.01321

Weights: [7000.0, 600.0, 0, 50.0, 0.0, 0.1], lr=5.000e-05
Epoch: 0 [8310/10000 (83%)] Loss: 20.40558 = L_Mnfld: 5.97749 + L_NonMnfld: 11.27210 + L_Nrml: 0.00000 + L_Eknl: 2.86244 + L_Div: 0.00000 + L_Morse: 0.29356
Epoch: 0 [8310/10000 (83%)] Unweighted L_s : L_Mnfld: 0.00085,  L_NonMnfld: 0.01879,  L_Nrml: 0.00000,  L_Eknl: 0.05725, L_Morse: 2.93557

Weights: [7000.0, 600.0, 0, 50.0, 0.0, 0.1], lr=5.000e-05
Epoch: 0 [8320/10000 (83%)] Loss: 20.96283 = L_Mnfld: 6.08933 + L_NonMnfld: 11.68161 + L_Nrml: 0.00000 + L_Eknl: 2.89952 + L_Div: 0.00000 + L_Morse: 0.29238
Epoch: 0 [8320/10000 (83%)] Unweighted L_s : L_Mnfld: 0.00087,  L_NonMnfld: 0.01947,  L_Nrml: 0.00000,  L_Eknl: 0.05799, L_Morse: 2.92376

Weights: [7000.0, 600.0, 0, 50.0, 0.0, 0.1], lr=5.000e-05
Epoch: 0 [8330/10000 (83%)] Loss: 20.93942 = L_Mnfld: 6.43698 + L_NonMnfld: 11.40882 + L_Nrml: 0.00000 + L_Eknl: 2.80166 + L_Div: 0.00000 + L_Morse: 0.29197
Epoch: 0 [8330/10000 (83%)] Unweighted L_s : L_Mnfld: 0.00092,  L_NonMnfld: 0.01901,  L_Nrml: 0.00000,  L_Eknl: 0.05603, L_Morse: 2.91965

Weights: [7000.0, 600.0, 0, 50.0, 0.0, 0.1], lr=5.000e-05
Epoch: 0 [8340/10000 (83%)] Loss: 19.94939 = L_Mnfld: 5.83080 + L_NonMnfld: 11.11158 + L_Nrml: 0.00000 + L_Eknl: 2.71019 + L_Div: 0.00000 + L_Morse: 0.29681
Epoch: 0 [8340/10000 (83%)] Unweighted L_s : L_Mnfld: 0.00083,  L_NonMnfld: 0.01852,  L_Nrml: 0.00000,  L_Eknl: 0.05420, L_Morse: 2.96815

Weights: [7000.0, 600.0, 0, 50.0, 0.0, 0.1], lr=5.000e-05
Epoch: 0 [8350/10000 (84%)] Loss: 20.38146 = L_Mnfld: 5.75640 + L_NonMnfld: 11.56702 + L_Nrml: 0.00000 + L_Eknl: 2.75290 + L_Div: 0.00000 + L_Morse: 0.30515
Epoch: 0 [8350/10000 (84%)] Unweighted L_s : L_Mnfld: 0.00082,  L_NonMnfld: 0.01928,  L_Nrml: 0.00000,  L_Eknl: 0.05506, L_Morse: 3.05155

Weights: [7000.0, 600.0, 0, 50.0, 0.0, 0.1], lr=5.000e-05
Epoch: 0 [8360/10000 (84%)] Loss: 21.36129 = L_Mnfld: 6.21559 + L_NonMnfld: 12.02269 + L_Nrml: 0.00000 + L_Eknl: 2.82118 + L_Div: 0.00000 + L_Morse: 0.30183
Epoch: 0 [8360/10000 (84%)] Unweighted L_s : L_Mnfld: 0.00089,  L_NonMnfld: 0.02004,  L_Nrml: 0.00000,  L_Eknl: 0.05642, L_Morse: 3.01830

Weights: [7000.0, 600.0, 0, 50.0, 0.0, 0.1], lr=5.000e-05
Epoch: 0 [8370/10000 (84%)] Loss: 20.95333 = L_Mnfld: 5.98967 + L_NonMnfld: 11.89741 + L_Nrml: 0.00000 + L_Eknl: 2.77678 + L_Div: 0.00000 + L_Morse: 0.28946
Epoch: 0 [8370/10000 (84%)] Unweighted L_s : L_Mnfld: 0.00086,  L_NonMnfld: 0.01983,  L_Nrml: 0.00000,  L_Eknl: 0.05554, L_Morse: 2.89461

Weights: [7000.0, 600.0, 0, 50.0, 0.0, 0.1], lr=5.000e-05
Epoch: 0 [8380/10000 (84%)] Loss: 20.60595 = L_Mnfld: 6.19616 + L_NonMnfld: 11.26270 + L_Nrml: 0.00000 + L_Eknl: 2.85535 + L_Div: 0.00000 + L_Morse: 0.29173
Epoch: 0 [8380/10000 (84%)] Unweighted L_s : L_Mnfld: 0.00089,  L_NonMnfld: 0.01877,  L_Nrml: 0.00000,  L_Eknl: 0.05711, L_Morse: 2.91731

Weights: [7000.0, 600.0, 0, 50.0, 0.0, 0.1], lr=5.000e-05
Epoch: 0 [8390/10000 (84%)] Loss: 20.81130 = L_Mnfld: 6.39145 + L_NonMnfld: 11.25823 + L_Nrml: 0.00000 + L_Eknl: 2.87291 + L_Div: 0.00000 + L_Morse: 0.28870
Epoch: 0 [8390/10000 (84%)] Unweighted L_s : L_Mnfld: 0.00091,  L_NonMnfld: 0.01876,  L_Nrml: 0.00000,  L_Eknl: 0.05746, L_Morse: 2.88705

Weights: [7000.0, 600.0, 0, 50.0, 0.0, 0.1], lr=5.000e-05
Epoch: 0 [8400/10000 (84%)] Loss: 21.08238 = L_Mnfld: 5.97870 + L_NonMnfld: 12.00239 + L_Nrml: 0.00000 + L_Eknl: 2.80944 + L_Div: 0.00000 + L_Morse: 0.29185
Epoch: 0 [8400/10000 (84%)] Unweighted L_s : L_Mnfld: 0.00085,  L_NonMnfld: 0.02000,  L_Nrml: 0.00000,  L_Eknl: 0.05619, L_Morse: 2.91852

Weights: [7000.0, 600.0, 0, 50.0, 0.0, 0.1], lr=5.000e-05
Epoch: 0 [8410/10000 (84%)] Loss: 21.36032 = L_Mnfld: 5.97838 + L_NonMnfld: 12.15437 + L_Nrml: 0.00000 + L_Eknl: 2.93361 + L_Div: 0.00000 + L_Morse: 0.29396
Epoch: 0 [8410/10000 (84%)] Unweighted L_s : L_Mnfld: 0.00085,  L_NonMnfld: 0.02026,  L_Nrml: 0.00000,  L_Eknl: 0.05867, L_Morse: 2.93958

Weights: [7000.0, 600.0, 0, 50.0, 0.0, 0.1], lr=5.000e-05
Epoch: 0 [8420/10000 (84%)] Loss: 20.21972 = L_Mnfld: 5.74486 + L_NonMnfld: 11.51030 + L_Nrml: 0.00000 + L_Eknl: 2.67018 + L_Div: 0.00000 + L_Morse: 0.29439
Epoch: 0 [8420/10000 (84%)] Unweighted L_s : L_Mnfld: 0.00082,  L_NonMnfld: 0.01918,  L_Nrml: 0.00000,  L_Eknl: 0.05340, L_Morse: 2.94392

Weights: [7000.0, 600.0, 0, 50.0, 0.0, 0.1], lr=5.000e-05
Epoch: 0 [8430/10000 (84%)] Loss: 19.97970 = L_Mnfld: 5.85679 + L_NonMnfld: 11.11044 + L_Nrml: 0.00000 + L_Eknl: 2.71636 + L_Div: 0.00000 + L_Morse: 0.29610
Epoch: 0 [8430/10000 (84%)] Unweighted L_s : L_Mnfld: 0.00084,  L_NonMnfld: 0.01852,  L_Nrml: 0.00000,  L_Eknl: 0.05433, L_Morse: 2.96105

Weights: [7000.0, 600.0, 0, 50.0, 0.0, 0.1], lr=5.000e-05
Epoch: 0 [8440/10000 (84%)] Loss: 19.24132 = L_Mnfld: 5.87073 + L_NonMnfld: 10.47896 + L_Nrml: 0.00000 + L_Eknl: 2.61170 + L_Div: 0.00000 + L_Morse: 0.27993
Epoch: 0 [8440/10000 (84%)] Unweighted L_s : L_Mnfld: 0.00084,  L_NonMnfld: 0.01746,  L_Nrml: 0.00000,  L_Eknl: 0.05223, L_Morse: 2.79935

Weights: [7000.0, 600.0, 0, 50.0, 0.0, 0.1], lr=5.000e-05
Epoch: 0 [8450/10000 (84%)] Loss: 20.27987 = L_Mnfld: 5.77354 + L_NonMnfld: 11.49888 + L_Nrml: 0.00000 + L_Eknl: 2.72360 + L_Div: 0.00000 + L_Morse: 0.28385
Epoch: 0 [8450/10000 (84%)] Unweighted L_s : L_Mnfld: 0.00082,  L_NonMnfld: 0.01916,  L_Nrml: 0.00000,  L_Eknl: 0.05447, L_Morse: 2.83848

Weights: [7000.0, 600.0, 0, 50.0, 0.0, 0.1], lr=5.000e-05
Epoch: 0 [8460/10000 (85%)] Loss: 20.26141 = L_Mnfld: 5.81739 + L_NonMnfld: 11.41423 + L_Nrml: 0.00000 + L_Eknl: 2.73637 + L_Div: 0.00000 + L_Morse: 0.29342
Epoch: 0 [8460/10000 (85%)] Unweighted L_s : L_Mnfld: 0.00083,  L_NonMnfld: 0.01902,  L_Nrml: 0.00000,  L_Eknl: 0.05473, L_Morse: 2.93416

Weights: [7000.0, 600.0, 0, 50.0, 0.0, 0.1], lr=5.000e-05
Epoch: 0 [8470/10000 (85%)] Loss: 21.08335 = L_Mnfld: 5.81775 + L_NonMnfld: 12.26028 + L_Nrml: 0.00000 + L_Eknl: 2.71733 + L_Div: 0.00000 + L_Morse: 0.28799
Epoch: 0 [8470/10000 (85%)] Unweighted L_s : L_Mnfld: 0.00083,  L_NonMnfld: 0.02043,  L_Nrml: 0.00000,  L_Eknl: 0.05435, L_Morse: 2.87990

Weights: [7000.0, 600.0, 0, 50.0, 0.0, 0.1], lr=5.000e-05
Epoch: 0 [8480/10000 (85%)] Loss: 19.17598 = L_Mnfld: 5.42896 + L_NonMnfld: 10.82977 + L_Nrml: 0.00000 + L_Eknl: 2.62116 + L_Div: 0.00000 + L_Morse: 0.29609
Epoch: 0 [8480/10000 (85%)] Unweighted L_s : L_Mnfld: 0.00078,  L_NonMnfld: 0.01805,  L_Nrml: 0.00000,  L_Eknl: 0.05242, L_Morse: 2.96092

Weights: [7000.0, 600.0, 0, 50.0, 0.0, 0.1], lr=5.000e-05
Epoch: 0 [8490/10000 (85%)] Loss: 19.58308 = L_Mnfld: 5.47532 + L_NonMnfld: 11.09638 + L_Nrml: 0.00000 + L_Eknl: 2.72023 + L_Div: 0.00000 + L_Morse: 0.29114
Epoch: 0 [8490/10000 (85%)] Unweighted L_s : L_Mnfld: 0.00078,  L_NonMnfld: 0.01849,  L_Nrml: 0.00000,  L_Eknl: 0.05440, L_Morse: 2.91143

Weights: [7000.0, 600.0, 0, 50.0, 0.0, 0.1], lr=5.000e-05
Epoch: 0 [8500/10000 (85%)] Loss: 19.44153 = L_Mnfld: 5.50357 + L_NonMnfld: 11.02794 + L_Nrml: 0.00000 + L_Eknl: 2.61890 + L_Div: 0.00000 + L_Morse: 0.29112
Epoch: 0 [8500/10000 (85%)] Unweighted L_s : L_Mnfld: 0.00079,  L_NonMnfld: 0.01838,  L_Nrml: 0.00000,  L_Eknl: 0.05238, L_Morse: 2.91120

Weights: [7000.0, 600.0, 0, 50.0, 0.0, 0.1], lr=5.000e-05
Epoch: 0 [8510/10000 (85%)] Loss: 20.56517 = L_Mnfld: 5.60978 + L_NonMnfld: 12.01641 + L_Nrml: 0.00000 + L_Eknl: 2.64738 + L_Div: 0.00000 + L_Morse: 0.29160
Epoch: 0 [8510/10000 (85%)] Unweighted L_s : L_Mnfld: 0.00080,  L_NonMnfld: 0.02003,  L_Nrml: 0.00000,  L_Eknl: 0.05295, L_Morse: 2.91603

Weights: [7000.0, 600.0, 0, 50.0, 0.0, 0.1], lr=5.000e-05
Epoch: 0 [8520/10000 (85%)] Loss: 20.77105 = L_Mnfld: 5.94083 + L_NonMnfld: 11.89816 + L_Nrml: 0.00000 + L_Eknl: 2.62830 + L_Div: 0.00000 + L_Morse: 0.30375
Epoch: 0 [8520/10000 (85%)] Unweighted L_s : L_Mnfld: 0.00085,  L_NonMnfld: 0.01983,  L_Nrml: 0.00000,  L_Eknl: 0.05257, L_Morse: 3.03750

Weights: [7000.0, 600.0, 0, 50.0, 0.0, 0.1], lr=5.000e-05
Epoch: 0 [8530/10000 (85%)] Loss: 20.64604 = L_Mnfld: 5.69468 + L_NonMnfld: 11.98325 + L_Nrml: 0.00000 + L_Eknl: 2.67836 + L_Div: 0.00000 + L_Morse: 0.28974
Epoch: 0 [8530/10000 (85%)] Unweighted L_s : L_Mnfld: 0.00081,  L_NonMnfld: 0.01997,  L_Nrml: 0.00000,  L_Eknl: 0.05357, L_Morse: 2.89744

Weights: [7000.0, 600.0, 0, 50.0, 0.0, 0.1], lr=5.000e-05
Epoch: 0 [8540/10000 (85%)] Loss: 19.75912 = L_Mnfld: 5.71498 + L_NonMnfld: 11.06029 + L_Nrml: 0.00000 + L_Eknl: 2.69441 + L_Div: 0.00000 + L_Morse: 0.28943
Epoch: 0 [8540/10000 (85%)] Unweighted L_s : L_Mnfld: 0.00082,  L_NonMnfld: 0.01843,  L_Nrml: 0.00000,  L_Eknl: 0.05389, L_Morse: 2.89428

Weights: [7000.0, 600.0, 0, 50.0, 0.0, 0.1], lr=5.000e-05
Epoch: 0 [8550/10000 (86%)] Loss: 20.71638 = L_Mnfld: 5.83637 + L_NonMnfld: 11.90510 + L_Nrml: 0.00000 + L_Eknl: 2.67718 + L_Div: 0.00000 + L_Morse: 0.29774
Epoch: 0 [8550/10000 (86%)] Unweighted L_s : L_Mnfld: 0.00083,  L_NonMnfld: 0.01984,  L_Nrml: 0.00000,  L_Eknl: 0.05354, L_Morse: 2.97736

Weights: [7000.0, 600.0, 0, 50.0, 0.0, 0.1], lr=5.000e-05
Epoch: 0 [8560/10000 (86%)] Loss: 20.94604 = L_Mnfld: 5.87703 + L_NonMnfld: 12.09510 + L_Nrml: 0.00000 + L_Eknl: 2.67247 + L_Div: 0.00000 + L_Morse: 0.30144
Epoch: 0 [8560/10000 (86%)] Unweighted L_s : L_Mnfld: 0.00084,  L_NonMnfld: 0.02016,  L_Nrml: 0.00000,  L_Eknl: 0.05345, L_Morse: 3.01442

Weights: [7000.0, 600.0, 0, 50.0, 0.0, 0.1], lr=5.000e-05
Epoch: 0 [8570/10000 (86%)] Loss: 21.21136 = L_Mnfld: 6.25111 + L_NonMnfld: 11.80553 + L_Nrml: 0.00000 + L_Eknl: 2.85551 + L_Div: 0.00000 + L_Morse: 0.29921
Epoch: 0 [8570/10000 (86%)] Unweighted L_s : L_Mnfld: 0.00089,  L_NonMnfld: 0.01968,  L_Nrml: 0.00000,  L_Eknl: 0.05711, L_Morse: 2.99209

Weights: [7000.0, 600.0, 0, 50.0, 0.0, 0.1], lr=5.000e-05
Epoch: 0 [8580/10000 (86%)] Loss: 20.83282 = L_Mnfld: 6.42035 + L_NonMnfld: 11.34289 + L_Nrml: 0.00000 + L_Eknl: 2.77624 + L_Div: 0.00000 + L_Morse: 0.29334
Epoch: 0 [8580/10000 (86%)] Unweighted L_s : L_Mnfld: 0.00092,  L_NonMnfld: 0.01890,  L_Nrml: 0.00000,  L_Eknl: 0.05552, L_Morse: 2.93341

Weights: [7000.0, 600.0, 0, 50.0, 0.0, 0.1], lr=5.000e-05
Epoch: 0 [8590/10000 (86%)] Loss: 21.99883 = L_Mnfld: 6.43476 + L_NonMnfld: 12.36328 + L_Nrml: 0.00000 + L_Eknl: 2.90722 + L_Div: 0.00000 + L_Morse: 0.29357
Epoch: 0 [8590/10000 (86%)] Unweighted L_s : L_Mnfld: 0.00092,  L_NonMnfld: 0.02061,  L_Nrml: 0.00000,  L_Eknl: 0.05814, L_Morse: 2.93569

Weights: [7000.0, 600.0, 0, 50.0, 0.0, 0.1], lr=5.000e-05
Epoch: 0 [8600/10000 (86%)] Loss: 20.18625 = L_Mnfld: 5.98979 + L_NonMnfld: 11.09393 + L_Nrml: 0.00000 + L_Eknl: 2.80902 + L_Div: 0.00000 + L_Morse: 0.29350
Epoch: 0 [8600/10000 (86%)] Unweighted L_s : L_Mnfld: 0.00086,  L_NonMnfld: 0.01849,  L_Nrml: 0.00000,  L_Eknl: 0.05618, L_Morse: 2.93500

Weights: [7000.0, 600.0, 0, 50.0, 0.0, 0.1], lr=5.000e-05
Epoch: 0 [8610/10000 (86%)] Loss: 21.07282 = L_Mnfld: 5.99445 + L_NonMnfld: 11.90200 + L_Nrml: 0.00000 + L_Eknl: 2.88349 + L_Div: 0.00000 + L_Morse: 0.29289
Epoch: 0 [8610/10000 (86%)] Unweighted L_s : L_Mnfld: 0.00086,  L_NonMnfld: 0.01984,  L_Nrml: 0.00000,  L_Eknl: 0.05767, L_Morse: 2.92893

Weights: [7000.0, 600.0, 0, 50.0, 0.0, 0.1], lr=5.000e-05
Epoch: 0 [8620/10000 (86%)] Loss: 21.25203 = L_Mnfld: 6.26158 + L_NonMnfld: 12.01720 + L_Nrml: 0.00000 + L_Eknl: 2.67625 + L_Div: 0.00000 + L_Morse: 0.29701
Epoch: 0 [8620/10000 (86%)] Unweighted L_s : L_Mnfld: 0.00089,  L_NonMnfld: 0.02003,  L_Nrml: 0.00000,  L_Eknl: 0.05352, L_Morse: 2.97010

Weights: [7000.0, 600.0, 0, 50.0, 0.0, 0.1], lr=5.000e-05
Epoch: 0 [8630/10000 (86%)] Loss: 20.86455 = L_Mnfld: 6.30521 + L_NonMnfld: 11.56622 + L_Nrml: 0.00000 + L_Eknl: 2.69921 + L_Div: 0.00000 + L_Morse: 0.29390
Epoch: 0 [8630/10000 (86%)] Unweighted L_s : L_Mnfld: 0.00090,  L_NonMnfld: 0.01928,  L_Nrml: 0.00000,  L_Eknl: 0.05398, L_Morse: 2.93900

Weights: [7000.0, 600.0, 0, 50.0, 0.0, 0.1], lr=5.000e-05
Epoch: 0 [8640/10000 (86%)] Loss: 20.61723 = L_Mnfld: 5.87843 + L_NonMnfld: 11.72190 + L_Nrml: 0.00000 + L_Eknl: 2.71531 + L_Div: 0.00000 + L_Morse: 0.30159
Epoch: 0 [8640/10000 (86%)] Unweighted L_s : L_Mnfld: 0.00084,  L_NonMnfld: 0.01954,  L_Nrml: 0.00000,  L_Eknl: 0.05431, L_Morse: 3.01595

Weights: [7000.0, 600.0, 0, 50.0, 0.0, 0.1], lr=5.000e-05
Epoch: 0 [8650/10000 (86%)] Loss: 20.74878 = L_Mnfld: 5.91539 + L_NonMnfld: 11.76923 + L_Nrml: 0.00000 + L_Eknl: 2.78667 + L_Div: 0.00000 + L_Morse: 0.27749
Epoch: 0 [8650/10000 (86%)] Unweighted L_s : L_Mnfld: 0.00085,  L_NonMnfld: 0.01962,  L_Nrml: 0.00000,  L_Eknl: 0.05573, L_Morse: 2.77489

Weights: [7000.0, 600.0, 0, 50.0, 0.0, 0.1], lr=5.000e-05
Epoch: 0 [8660/10000 (87%)] Loss: 20.98070 = L_Mnfld: 5.81189 + L_NonMnfld: 12.18903 + L_Nrml: 0.00000 + L_Eknl: 2.68769 + L_Div: 0.00000 + L_Morse: 0.29210
Epoch: 0 [8660/10000 (87%)] Unweighted L_s : L_Mnfld: 0.00083,  L_NonMnfld: 0.02032,  L_Nrml: 0.00000,  L_Eknl: 0.05375, L_Morse: 2.92097

Weights: [7000.0, 600.0, 0, 50.0, 0.0, 0.1], lr=5.000e-05
Epoch: 0 [8670/10000 (87%)] Loss: 20.35285 = L_Mnfld: 5.70740 + L_NonMnfld: 11.70709 + L_Nrml: 0.00000 + L_Eknl: 2.64955 + L_Div: 0.00000 + L_Morse: 0.28882
Epoch: 0 [8670/10000 (87%)] Unweighted L_s : L_Mnfld: 0.00082,  L_NonMnfld: 0.01951,  L_Nrml: 0.00000,  L_Eknl: 0.05299, L_Morse: 2.88817

Weights: [7000.0, 600.0, 0, 50.0, 0.0, 0.1], lr=5.000e-05
Epoch: 0 [8680/10000 (87%)] Loss: 20.15318 = L_Mnfld: 6.00405 + L_NonMnfld: 11.12861 + L_Nrml: 0.00000 + L_Eknl: 2.73492 + L_Div: 0.00000 + L_Morse: 0.28560
Epoch: 0 [8680/10000 (87%)] Unweighted L_s : L_Mnfld: 0.00086,  L_NonMnfld: 0.01855,  L_Nrml: 0.00000,  L_Eknl: 0.05470, L_Morse: 2.85604

Weights: [7000.0, 600.0, 0, 50.0, 0.0, 0.1], lr=5.000e-05
Epoch: 0 [8690/10000 (87%)] Loss: 20.46757 = L_Mnfld: 5.88706 + L_NonMnfld: 11.61041 + L_Nrml: 0.00000 + L_Eknl: 2.67602 + L_Div: 0.00000 + L_Morse: 0.29407
Epoch: 0 [8690/10000 (87%)] Unweighted L_s : L_Mnfld: 0.00084,  L_NonMnfld: 0.01935,  L_Nrml: 0.00000,  L_Eknl: 0.05352, L_Morse: 2.94074

Weights: [7000.0, 600.0, 0, 50.0, 0.0, 0.1], lr=5.000e-05
Epoch: 0 [8700/10000 (87%)] Loss: 21.46984 = L_Mnfld: 5.92614 + L_NonMnfld: 12.49619 + L_Nrml: 0.00000 + L_Eknl: 2.74909 + L_Div: 0.00000 + L_Morse: 0.29843
Epoch: 0 [8700/10000 (87%)] Unweighted L_s : L_Mnfld: 0.00085,  L_NonMnfld: 0.02083,  L_Nrml: 0.00000,  L_Eknl: 0.05498, L_Morse: 2.98427

Weights: [7000.0, 600.0, 0, 50.0, 0.0, 0.1], lr=5.000e-05
Epoch: 0 [8710/10000 (87%)] Loss: 20.61522 = L_Mnfld: 5.85891 + L_NonMnfld: 11.79575 + L_Nrml: 0.00000 + L_Eknl: 2.66977 + L_Div: 0.00000 + L_Morse: 0.29079
Epoch: 0 [8710/10000 (87%)] Unweighted L_s : L_Mnfld: 0.00084,  L_NonMnfld: 0.01966,  L_Nrml: 0.00000,  L_Eknl: 0.05340, L_Morse: 2.90786

Weights: [7000.0, 600.0, 0, 50.0, 0.0, 0.1], lr=5.000e-05
Epoch: 0 [8720/10000 (87%)] Loss: 20.22628 = L_Mnfld: 5.74873 + L_NonMnfld: 11.49511 + L_Nrml: 0.00000 + L_Eknl: 2.69026 + L_Div: 0.00000 + L_Morse: 0.29218
Epoch: 0 [8720/10000 (87%)] Unweighted L_s : L_Mnfld: 0.00082,  L_NonMnfld: 0.01916,  L_Nrml: 0.00000,  L_Eknl: 0.05381, L_Morse: 2.92182

Weights: [7000.0, 600.0, 0, 50.0, 0.0, 0.1], lr=5.000e-05
Epoch: 0 [8730/10000 (87%)] Loss: 20.98534 = L_Mnfld: 6.38588 + L_NonMnfld: 11.54141 + L_Nrml: 0.00000 + L_Eknl: 2.75602 + L_Div: 0.00000 + L_Morse: 0.30203
Epoch: 0 [8730/10000 (87%)] Unweighted L_s : L_Mnfld: 0.00091,  L_NonMnfld: 0.01924,  L_Nrml: 0.00000,  L_Eknl: 0.05512, L_Morse: 3.02031

Weights: [7000.0, 600.0, 0, 50.0, 0.0, 0.1], lr=5.000e-05
Epoch: 0 [8740/10000 (87%)] Loss: 20.90315 = L_Mnfld: 5.57994 + L_NonMnfld: 12.26343 + L_Nrml: 0.00000 + L_Eknl: 2.77265 + L_Div: 0.00000 + L_Morse: 0.28714
Epoch: 0 [8740/10000 (87%)] Unweighted L_s : L_Mnfld: 0.00080,  L_NonMnfld: 0.02044,  L_Nrml: 0.00000,  L_Eknl: 0.05545, L_Morse: 2.87143

Weights: [7000.0, 600.0, 0, 50.0, 0.0, 0.1], lr=5.000e-05
Epoch: 0 [8750/10000 (88%)] Loss: 20.54752 = L_Mnfld: 6.11161 + L_NonMnfld: 11.39137 + L_Nrml: 0.00000 + L_Eknl: 2.75550 + L_Div: 0.00000 + L_Morse: 0.28903
Epoch: 0 [8750/10000 (88%)] Unweighted L_s : L_Mnfld: 0.00087,  L_NonMnfld: 0.01899,  L_Nrml: 0.00000,  L_Eknl: 0.05511, L_Morse: 2.89034

Weights: [7000.0, 600.0, 0, 50.0, 0.0, 0.1], lr=5.000e-05
Epoch: 0 [8760/10000 (88%)] Loss: 20.49048 = L_Mnfld: 6.03396 + L_NonMnfld: 11.46974 + L_Nrml: 0.00000 + L_Eknl: 2.68720 + L_Div: 0.00000 + L_Morse: 0.29958
Epoch: 0 [8760/10000 (88%)] Unweighted L_s : L_Mnfld: 0.00086,  L_NonMnfld: 0.01912,  L_Nrml: 0.00000,  L_Eknl: 0.05374, L_Morse: 2.99576

Weights: [7000.0, 600.0, 0, 50.0, 0.0, 0.1], lr=5.000e-05
Epoch: 0 [8770/10000 (88%)] Loss: 21.74796 = L_Mnfld: 5.93624 + L_NonMnfld: 12.80215 + L_Nrml: 0.00000 + L_Eknl: 2.71728 + L_Div: 0.00000 + L_Morse: 0.29229
Epoch: 0 [8770/10000 (88%)] Unweighted L_s : L_Mnfld: 0.00085,  L_NonMnfld: 0.02134,  L_Nrml: 0.00000,  L_Eknl: 0.05435, L_Morse: 2.92285

Weights: [7000.0, 600.0, 0, 50.0, 0.0, 0.1], lr=5.000e-05
Epoch: 0 [8780/10000 (88%)] Loss: 20.87192 = L_Mnfld: 5.87791 + L_NonMnfld: 11.90276 + L_Nrml: 0.00000 + L_Eknl: 2.78672 + L_Div: 0.00000 + L_Morse: 0.30453
Epoch: 0 [8780/10000 (88%)] Unweighted L_s : L_Mnfld: 0.00084,  L_NonMnfld: 0.01984,  L_Nrml: 0.00000,  L_Eknl: 0.05573, L_Morse: 3.04526

Weights: [7000.0, 600.0, 0, 50.0, 0.0, 0.1], lr=5.000e-05
Epoch: 0 [8790/10000 (88%)] Loss: 20.32432 = L_Mnfld: 5.60704 + L_NonMnfld: 11.72811 + L_Nrml: 0.00000 + L_Eknl: 2.68952 + L_Div: 0.00000 + L_Morse: 0.29964
Epoch: 0 [8790/10000 (88%)] Unweighted L_s : L_Mnfld: 0.00080,  L_NonMnfld: 0.01955,  L_Nrml: 0.00000,  L_Eknl: 0.05379, L_Morse: 2.99643

Weights: [7000.0, 600.0, 0, 50.0, 0.0, 0.1], lr=5.000e-05
Epoch: 0 [8800/10000 (88%)] Loss: 20.06737 = L_Mnfld: 5.83530 + L_NonMnfld: 11.27349 + L_Nrml: 0.00000 + L_Eknl: 2.67079 + L_Div: 0.00000 + L_Morse: 0.28779
Epoch: 0 [8800/10000 (88%)] Unweighted L_s : L_Mnfld: 0.00083,  L_NonMnfld: 0.01879,  L_Nrml: 0.00000,  L_Eknl: 0.05342, L_Morse: 2.87793

Weights: [7000.0, 600.0, 0, 50.0, 0.0, 0.1], lr=5.000e-05
Epoch: 0 [8810/10000 (88%)] Loss: 20.19213 = L_Mnfld: 6.09299 + L_NonMnfld: 11.11111 + L_Nrml: 0.00000 + L_Eknl: 2.68393 + L_Div: 0.00000 + L_Morse: 0.30410
Epoch: 0 [8810/10000 (88%)] Unweighted L_s : L_Mnfld: 0.00087,  L_NonMnfld: 0.01852,  L_Nrml: 0.00000,  L_Eknl: 0.05368, L_Morse: 3.04099

Weights: [7000.0, 600.0, 0, 50.0, 0.0, 0.1], lr=5.000e-05
Epoch: 0 [8820/10000 (88%)] Loss: 21.68912 = L_Mnfld: 5.89602 + L_NonMnfld: 12.70990 + L_Nrml: 0.00000 + L_Eknl: 2.78087 + L_Div: 0.00000 + L_Morse: 0.30234
Epoch: 0 [8820/10000 (88%)] Unweighted L_s : L_Mnfld: 0.00084,  L_NonMnfld: 0.02118,  L_Nrml: 0.00000,  L_Eknl: 0.05562, L_Morse: 3.02336

Weights: [7000.0, 600.0, 0, 50.0, 0.0, 0.1], lr=5.000e-05
Epoch: 0 [8830/10000 (88%)] Loss: 19.52278 = L_Mnfld: 5.94939 + L_NonMnfld: 10.55390 + L_Nrml: 0.00000 + L_Eknl: 2.72120 + L_Div: 0.00000 + L_Morse: 0.29828
Epoch: 0 [8830/10000 (88%)] Unweighted L_s : L_Mnfld: 0.00085,  L_NonMnfld: 0.01759,  L_Nrml: 0.00000,  L_Eknl: 0.05442, L_Morse: 2.98282

Weights: [7000.0, 600.0, 0, 50.0, 0.0, 0.1], lr=5.000e-05
Epoch: 0 [8840/10000 (88%)] Loss: 19.95058 = L_Mnfld: 5.85161 + L_NonMnfld: 11.05031 + L_Nrml: 0.00000 + L_Eknl: 2.74723 + L_Div: 0.00000 + L_Morse: 0.30143
Epoch: 0 [8840/10000 (88%)] Unweighted L_s : L_Mnfld: 0.00084,  L_NonMnfld: 0.01842,  L_Nrml: 0.00000,  L_Eknl: 0.05494, L_Morse: 3.01428

Weights: [7000.0, 600.0, 0, 50.0, 0.0, 0.1], lr=5.000e-05
Epoch: 0 [8850/10000 (88%)] Loss: 20.53700 = L_Mnfld: 6.03757 + L_NonMnfld: 11.49771 + L_Nrml: 0.00000 + L_Eknl: 2.71202 + L_Div: 0.00000 + L_Morse: 0.28970
Epoch: 0 [8850/10000 (88%)] Unweighted L_s : L_Mnfld: 0.00086,  L_NonMnfld: 0.01916,  L_Nrml: 0.00000,  L_Eknl: 0.05424, L_Morse: 2.89699

Weights: [7000.0, 600.0, 0, 50.0, 0.0, 0.1], lr=5.000e-05
Epoch: 0 [8860/10000 (89%)] Loss: 20.51790 = L_Mnfld: 5.94284 + L_NonMnfld: 11.62445 + L_Nrml: 0.00000 + L_Eknl: 2.65305 + L_Div: 0.00000 + L_Morse: 0.29756
Epoch: 0 [8860/10000 (89%)] Unweighted L_s : L_Mnfld: 0.00085,  L_NonMnfld: 0.01937,  L_Nrml: 0.00000,  L_Eknl: 0.05306, L_Morse: 2.97558

Weights: [7000.0, 600.0, 0, 50.0, 0.0, 0.1], lr=5.000e-05
Epoch: 0 [8870/10000 (89%)] Loss: 20.43565 = L_Mnfld: 5.92501 + L_NonMnfld: 11.47851 + L_Nrml: 0.00000 + L_Eknl: 2.72590 + L_Div: 0.00000 + L_Morse: 0.30624
Epoch: 0 [8870/10000 (89%)] Unweighted L_s : L_Mnfld: 0.00085,  L_NonMnfld: 0.01913,  L_Nrml: 0.00000,  L_Eknl: 0.05452, L_Morse: 3.06236

Weights: [7000.0, 600.0, 0, 50.0, 0.0, 0.1], lr=5.000e-05
Epoch: 0 [8880/10000 (89%)] Loss: 19.51959 = L_Mnfld: 5.72475 + L_NonMnfld: 10.85674 + L_Nrml: 0.00000 + L_Eknl: 2.64544 + L_Div: 0.00000 + L_Morse: 0.29266
Epoch: 0 [8880/10000 (89%)] Unweighted L_s : L_Mnfld: 0.00082,  L_NonMnfld: 0.01809,  L_Nrml: 0.00000,  L_Eknl: 0.05291, L_Morse: 2.92663

Weights: [7000.0, 600.0, 0, 50.0, 0.0, 0.1], lr=5.000e-05
Epoch: 0 [8890/10000 (89%)] Loss: 21.41217 = L_Mnfld: 5.95452 + L_NonMnfld: 12.44948 + L_Nrml: 0.00000 + L_Eknl: 2.71126 + L_Div: 0.00000 + L_Morse: 0.29690
Epoch: 0 [8890/10000 (89%)] Unweighted L_s : L_Mnfld: 0.00085,  L_NonMnfld: 0.02075,  L_Nrml: 0.00000,  L_Eknl: 0.05423, L_Morse: 2.96903

Weights: [7000.0, 600.0, 0, 50.0, 0.0, 0.1], lr=5.000e-05
Epoch: 0 [8900/10000 (89%)] Loss: 21.36635 = L_Mnfld: 5.48698 + L_NonMnfld: 12.93246 + L_Nrml: 0.00000 + L_Eknl: 2.65161 + L_Div: 0.00000 + L_Morse: 0.29530
Epoch: 0 [8900/10000 (89%)] Unweighted L_s : L_Mnfld: 0.00078,  L_NonMnfld: 0.02155,  L_Nrml: 0.00000,  L_Eknl: 0.05303, L_Morse: 2.95296

Weights: [7000.0, 600.0, 0, 50.0, 0.0, 0.1], lr=5.000e-05
Epoch: 0 [8910/10000 (89%)] Loss: 19.37164 = L_Mnfld: 5.77140 + L_NonMnfld: 10.66826 + L_Nrml: 0.00000 + L_Eknl: 2.63145 + L_Div: 0.00000 + L_Morse: 0.30053
Epoch: 0 [8910/10000 (89%)] Unweighted L_s : L_Mnfld: 0.00082,  L_NonMnfld: 0.01778,  L_Nrml: 0.00000,  L_Eknl: 0.05263, L_Morse: 3.00525

Weights: [7000.0, 600.0, 0, 50.0, 0.0, 0.1], lr=5.000e-05
Epoch: 0 [8920/10000 (89%)] Loss: 21.17960 = L_Mnfld: 5.76740 + L_NonMnfld: 12.43409 + L_Nrml: 0.00000 + L_Eknl: 2.68863 + L_Div: 0.00000 + L_Morse: 0.28948
Epoch: 0 [8920/10000 (89%)] Unweighted L_s : L_Mnfld: 0.00082,  L_NonMnfld: 0.02072,  L_Nrml: 0.00000,  L_Eknl: 0.05377, L_Morse: 2.89478

Weights: [7000.0, 600.0, 0, 50.0, 0.0, 0.1], lr=5.000e-05
Epoch: 0 [8930/10000 (89%)] Loss: 20.82954 = L_Mnfld: 5.57879 + L_NonMnfld: 12.10767 + L_Nrml: 0.00000 + L_Eknl: 2.83830 + L_Div: 0.00000 + L_Morse: 0.30478
Epoch: 0 [8930/10000 (89%)] Unweighted L_s : L_Mnfld: 0.00080,  L_NonMnfld: 0.02018,  L_Nrml: 0.00000,  L_Eknl: 0.05677, L_Morse: 3.04780

Weights: [7000.0, 600.0, 0, 50.0, 0.0, 0.1], lr=5.000e-05
Epoch: 0 [8940/10000 (89%)] Loss: 19.07894 = L_Mnfld: 5.56397 + L_NonMnfld: 10.42581 + L_Nrml: 0.00000 + L_Eknl: 2.79374 + L_Div: 0.00000 + L_Morse: 0.29542
Epoch: 0 [8940/10000 (89%)] Unweighted L_s : L_Mnfld: 0.00079,  L_NonMnfld: 0.01738,  L_Nrml: 0.00000,  L_Eknl: 0.05587, L_Morse: 2.95422

Weights: [7000.0, 600.0, 0, 50.0, 0.0, 0.1], lr=5.000e-05
Epoch: 0 [8950/10000 (90%)] Loss: 20.39274 = L_Mnfld: 5.80208 + L_NonMnfld: 11.57513 + L_Nrml: 0.00000 + L_Eknl: 2.71504 + L_Div: 0.00000 + L_Morse: 0.30049
Epoch: 0 [8950/10000 (90%)] Unweighted L_s : L_Mnfld: 0.00083,  L_NonMnfld: 0.01929,  L_Nrml: 0.00000,  L_Eknl: 0.05430, L_Morse: 3.00489

Weights: [7000.0, 600.0, 0, 50.0, 0.0, 0.1], lr=5.000e-05
Epoch: 0 [8960/10000 (90%)] Loss: 21.31491 = L_Mnfld: 5.73624 + L_NonMnfld: 12.49438 + L_Nrml: 0.00000 + L_Eknl: 2.77438 + L_Div: 0.00000 + L_Morse: 0.30991
Epoch: 0 [8960/10000 (90%)] Unweighted L_s : L_Mnfld: 0.00082,  L_NonMnfld: 0.02082,  L_Nrml: 0.00000,  L_Eknl: 0.05549, L_Morse: 3.09912

Weights: [7000.0, 600.0, 0, 50.0, 0.0, 0.1], lr=5.000e-05
Epoch: 0 [8970/10000 (90%)] Loss: 21.27573 = L_Mnfld: 6.05273 + L_NonMnfld: 12.02624 + L_Nrml: 0.00000 + L_Eknl: 2.89790 + L_Div: 0.00000 + L_Morse: 0.29886
Epoch: 0 [8970/10000 (90%)] Unweighted L_s : L_Mnfld: 0.00086,  L_NonMnfld: 0.02004,  L_Nrml: 0.00000,  L_Eknl: 0.05796, L_Morse: 2.98862

Weights: [7000.0, 600.0, 0, 50.0, 0.0, 0.1], lr=5.000e-05
Epoch: 0 [8980/10000 (90%)] Loss: 21.28414 = L_Mnfld: 6.08615 + L_NonMnfld: 12.06943 + L_Nrml: 0.00000 + L_Eknl: 2.82223 + L_Div: 0.00000 + L_Morse: 0.30634
Epoch: 0 [8980/10000 (90%)] Unweighted L_s : L_Mnfld: 0.00087,  L_NonMnfld: 0.02012,  L_Nrml: 0.00000,  L_Eknl: 0.05644, L_Morse: 3.06336

Weights: [7000.0, 600.0, 0, 50.0, 0.0, 0.1], lr=5.000e-05
Epoch: 0 [8990/10000 (90%)] Loss: 19.78641 = L_Mnfld: 5.93339 + L_NonMnfld: 10.79703 + L_Nrml: 0.00000 + L_Eknl: 2.76519 + L_Div: 0.00000 + L_Morse: 0.29080
Epoch: 0 [8990/10000 (90%)] Unweighted L_s : L_Mnfld: 0.00085,  L_NonMnfld: 0.01800,  L_Nrml: 0.00000,  L_Eknl: 0.05530, L_Morse: 2.90797

Weights: [7000.0, 600.0, 0, 50.0, 0.0, 0.1], lr=5.000e-05
Epoch: 0 [9000/10000 (90%)] Loss: 21.44750 = L_Mnfld: 6.26912 + L_NonMnfld: 12.07607 + L_Nrml: 0.00000 + L_Eknl: 2.80521 + L_Div: 0.00000 + L_Morse: 0.29710
Epoch: 0 [9000/10000 (90%)] Unweighted L_s : L_Mnfld: 0.00090,  L_NonMnfld: 0.02013,  L_Nrml: 0.00000,  L_Eknl: 0.05610, L_Morse: 2.97103

Weights: [7000.0, 600.0, 0, 50.0, 0.0, 0.1], lr=5.000e-05
Epoch: 0 [9010/10000 (90%)] Loss: 20.92182 = L_Mnfld: 6.22718 + L_NonMnfld: 11.50438 + L_Nrml: 0.00000 + L_Eknl: 2.89100 + L_Div: 0.00000 + L_Morse: 0.29927
Epoch: 0 [9010/10000 (90%)] Unweighted L_s : L_Mnfld: 0.00089,  L_NonMnfld: 0.01917,  L_Nrml: 0.00000,  L_Eknl: 0.05782, L_Morse: 2.99265

Weights: [7000.0, 600.0, 0, 50.0, 0.0, 0.1], lr=5.000e-05
Epoch: 0 [9020/10000 (90%)] Loss: 20.51926 = L_Mnfld: 6.01018 + L_NonMnfld: 11.35454 + L_Nrml: 0.00000 + L_Eknl: 2.85287 + L_Div: 0.00000 + L_Morse: 0.30166
Epoch: 0 [9020/10000 (90%)] Unweighted L_s : L_Mnfld: 0.00086,  L_NonMnfld: 0.01892,  L_Nrml: 0.00000,  L_Eknl: 0.05706, L_Morse: 3.01664

Weights: [7000.0, 600.0, 0, 50.0, 0.0, 0.1], lr=5.000e-05
Epoch: 0 [9030/10000 (90%)] Loss: 20.50603 = L_Mnfld: 5.86561 + L_NonMnfld: 11.66376 + L_Nrml: 0.00000 + L_Eknl: 2.67870 + L_Div: 0.00000 + L_Morse: 0.29797
Epoch: 0 [9030/10000 (90%)] Unweighted L_s : L_Mnfld: 0.00084,  L_NonMnfld: 0.01944,  L_Nrml: 0.00000,  L_Eknl: 0.05357, L_Morse: 2.97972

Weights: [7000.0, 600.0, 0, 50.0, 0.0, 0.1], lr=5.000e-05
Epoch: 0 [9040/10000 (90%)] Loss: 18.90988 = L_Mnfld: 5.63346 + L_NonMnfld: 10.25972 + L_Nrml: 0.00000 + L_Eknl: 2.70535 + L_Div: 0.00000 + L_Morse: 0.31135
Epoch: 0 [9040/10000 (90%)] Unweighted L_s : L_Mnfld: 0.00080,  L_NonMnfld: 0.01710,  L_Nrml: 0.00000,  L_Eknl: 0.05411, L_Morse: 3.11350

Weights: [7000.0, 600.0, 0, 50.0, 0.0, 0.1], lr=5.000e-05
Epoch: 0 [9050/10000 (90%)] Loss: 20.14067 = L_Mnfld: 5.68550 + L_NonMnfld: 11.40394 + L_Nrml: 0.00000 + L_Eknl: 2.75450 + L_Div: 0.00000 + L_Morse: 0.29672
Epoch: 0 [9050/10000 (90%)] Unweighted L_s : L_Mnfld: 0.00081,  L_NonMnfld: 0.01901,  L_Nrml: 0.00000,  L_Eknl: 0.05509, L_Morse: 2.96724

Weights: [7000.0, 600.0, 0, 50.0, 0.0, 0.1], lr=5.000e-05
Epoch: 0 [9060/10000 (91%)] Loss: 20.34170 = L_Mnfld: 5.90917 + L_NonMnfld: 11.30782 + L_Nrml: 0.00000 + L_Eknl: 2.81753 + L_Div: 0.00000 + L_Morse: 0.30719
Epoch: 0 [9060/10000 (91%)] Unweighted L_s : L_Mnfld: 0.00084,  L_NonMnfld: 0.01885,  L_Nrml: 0.00000,  L_Eknl: 0.05635, L_Morse: 3.07186

Weights: [7000.0, 600.0, 0, 50.0, 0.0, 0.1], lr=5.000e-05
Epoch: 0 [9070/10000 (91%)] Loss: 21.39991 = L_Mnfld: 5.82927 + L_NonMnfld: 12.45324 + L_Nrml: 0.00000 + L_Eknl: 2.80610 + L_Div: 0.00000 + L_Morse: 0.31131
Epoch: 0 [9070/10000 (91%)] Unweighted L_s : L_Mnfld: 0.00083,  L_NonMnfld: 0.02076,  L_Nrml: 0.00000,  L_Eknl: 0.05612, L_Morse: 3.11307

Weights: [7000.0, 600.0, 0, 50.0, 0.0, 0.1], lr=5.000e-05
Epoch: 0 [9080/10000 (91%)] Loss: 20.53944 = L_Mnfld: 5.81620 + L_NonMnfld: 11.65151 + L_Nrml: 0.00000 + L_Eknl: 2.76565 + L_Div: 0.00000 + L_Morse: 0.30608
Epoch: 0 [9080/10000 (91%)] Unweighted L_s : L_Mnfld: 0.00083,  L_NonMnfld: 0.01942,  L_Nrml: 0.00000,  L_Eknl: 0.05531, L_Morse: 3.06078

Weights: [7000.0, 600.0, 0, 50.0, 0.0, 0.1], lr=5.000e-05
Epoch: 0 [9090/10000 (91%)] Loss: 20.17128 = L_Mnfld: 5.92507 + L_NonMnfld: 11.19654 + L_Nrml: 0.00000 + L_Eknl: 2.74070 + L_Div: 0.00000 + L_Morse: 0.30896
Epoch: 0 [9090/10000 (91%)] Unweighted L_s : L_Mnfld: 0.00085,  L_NonMnfld: 0.01866,  L_Nrml: 0.00000,  L_Eknl: 0.05481, L_Morse: 3.08963

Weights: [7000.0, 600.0, 0, 50.0, 0.0, 0.1], lr=5.000e-05
Epoch: 0 [9100/10000 (91%)] Loss: 20.69585 = L_Mnfld: 5.64486 + L_NonMnfld: 12.08838 + L_Nrml: 0.00000 + L_Eknl: 2.67169 + L_Div: 0.00000 + L_Morse: 0.29093
Epoch: 0 [9100/10000 (91%)] Unweighted L_s : L_Mnfld: 0.00081,  L_NonMnfld: 0.02015,  L_Nrml: 0.00000,  L_Eknl: 0.05343, L_Morse: 2.90929

Weights: [7000.0, 600.0, 0, 50.0, 0.0, 0.1], lr=5.000e-05
Epoch: 0 [9110/10000 (91%)] Loss: 20.00800 = L_Mnfld: 5.60257 + L_NonMnfld: 11.36576 + L_Nrml: 0.00000 + L_Eknl: 2.74446 + L_Div: 0.00000 + L_Morse: 0.29521
Epoch: 0 [9110/10000 (91%)] Unweighted L_s : L_Mnfld: 0.00080,  L_NonMnfld: 0.01894,  L_Nrml: 0.00000,  L_Eknl: 0.05489, L_Morse: 2.95211

Weights: [7000.0, 600.0, 0, 50.0, 0.0, 0.1], lr=5.000e-05
Epoch: 0 [9120/10000 (91%)] Loss: 20.98536 = L_Mnfld: 5.88663 + L_NonMnfld: 11.99564 + L_Nrml: 0.00000 + L_Eknl: 2.80499 + L_Div: 0.00000 + L_Morse: 0.29810
Epoch: 0 [9120/10000 (91%)] Unweighted L_s : L_Mnfld: 0.00084,  L_NonMnfld: 0.01999,  L_Nrml: 0.00000,  L_Eknl: 0.05610, L_Morse: 2.98102

Weights: [7000.0, 600.0, 0, 50.0, 0.0, 0.1], lr=5.000e-05
Epoch: 0 [9130/10000 (91%)] Loss: 21.35930 = L_Mnfld: 5.90478 + L_NonMnfld: 12.38165 + L_Nrml: 0.00000 + L_Eknl: 2.77059 + L_Div: 0.00000 + L_Morse: 0.30228
Epoch: 0 [9130/10000 (91%)] Unweighted L_s : L_Mnfld: 0.00084,  L_NonMnfld: 0.02064,  L_Nrml: 0.00000,  L_Eknl: 0.05541, L_Morse: 3.02277

Weights: [7000.0, 600.0, 0, 50.0, 0.0, 0.1], lr=5.000e-05
Epoch: 0 [9140/10000 (91%)] Loss: 20.13858 = L_Mnfld: 5.72378 + L_NonMnfld: 11.39693 + L_Nrml: 0.00000 + L_Eknl: 2.72997 + L_Div: 0.00000 + L_Morse: 0.28790
Epoch: 0 [9140/10000 (91%)] Unweighted L_s : L_Mnfld: 0.00082,  L_NonMnfld: 0.01899,  L_Nrml: 0.00000,  L_Eknl: 0.05460, L_Morse: 2.87896

Weights: [7000.0, 600.0, 0, 50.0, 0.0, 0.1], lr=5.000e-05
Epoch: 0 [9150/10000 (92%)] Loss: 20.22811 = L_Mnfld: 5.90579 + L_NonMnfld: 11.31141 + L_Nrml: 0.00000 + L_Eknl: 2.71251 + L_Div: 0.00000 + L_Morse: 0.29841
Epoch: 0 [9150/10000 (92%)] Unweighted L_s : L_Mnfld: 0.00084,  L_NonMnfld: 0.01885,  L_Nrml: 0.00000,  L_Eknl: 0.05425, L_Morse: 2.98412

Weights: [7000.0, 600.0, 0, 50.0, 0.0, 0.1], lr=5.000e-05
Epoch: 0 [9160/10000 (92%)] Loss: 21.56504 = L_Mnfld: 5.97116 + L_NonMnfld: 12.54854 + L_Nrml: 0.00000 + L_Eknl: 2.74069 + L_Div: 0.00000 + L_Morse: 0.30465
Epoch: 0 [9160/10000 (92%)] Unweighted L_s : L_Mnfld: 0.00085,  L_NonMnfld: 0.02091,  L_Nrml: 0.00000,  L_Eknl: 0.05481, L_Morse: 3.04652

Weights: [7000.0, 600.0, 0, 50.0, 0.0, 0.1], lr=5.000e-05
Epoch: 0 [9170/10000 (92%)] Loss: 19.15500 = L_Mnfld: 5.83145 + L_NonMnfld: 10.28444 + L_Nrml: 0.00000 + L_Eknl: 2.73978 + L_Div: 0.00000 + L_Morse: 0.29933
Epoch: 0 [9170/10000 (92%)] Unweighted L_s : L_Mnfld: 0.00083,  L_NonMnfld: 0.01714,  L_Nrml: 0.00000,  L_Eknl: 0.05480, L_Morse: 2.99325

Weights: [7000.0, 600.0, 0, 50.0, 0.0, 0.1], lr=5.000e-05
Epoch: 0 [9180/10000 (92%)] Loss: 21.45258 = L_Mnfld: 6.26846 + L_NonMnfld: 12.11915 + L_Nrml: 0.00000 + L_Eknl: 2.75929 + L_Div: 0.00000 + L_Morse: 0.30567
Epoch: 0 [9180/10000 (92%)] Unweighted L_s : L_Mnfld: 0.00090,  L_NonMnfld: 0.02020,  L_Nrml: 0.00000,  L_Eknl: 0.05519, L_Morse: 3.05671

Weights: [7000.0, 600.0, 0, 50.0, 0.0, 0.1], lr=5.000e-05
Epoch: 0 [9190/10000 (92%)] Loss: 21.46006 = L_Mnfld: 6.01128 + L_NonMnfld: 12.42851 + L_Nrml: 0.00000 + L_Eknl: 2.72814 + L_Div: 0.00000 + L_Morse: 0.29213
Epoch: 0 [9190/10000 (92%)] Unweighted L_s : L_Mnfld: 0.00086,  L_NonMnfld: 0.02071,  L_Nrml: 0.00000,  L_Eknl: 0.05456, L_Morse: 2.92130

Weights: [7000.0, 600.0, 0, 50.0, 0.0, 0.1], lr=5.000e-05
Epoch: 0 [9200/10000 (92%)] Loss: 20.71819 = L_Mnfld: 5.89130 + L_NonMnfld: 11.71109 + L_Nrml: 0.00000 + L_Eknl: 2.82007 + L_Div: 0.00000 + L_Morse: 0.29573
Epoch: 0 [9200/10000 (92%)] Unweighted L_s : L_Mnfld: 0.00084,  L_NonMnfld: 0.01952,  L_Nrml: 0.00000,  L_Eknl: 0.05640, L_Morse: 2.95728

Weights: [7000.0, 600.0, 0, 50.0, 0.0, 0.1], lr=5.000e-05
Epoch: 0 [9210/10000 (92%)] Loss: 19.92971 = L_Mnfld: 5.93983 + L_NonMnfld: 10.81059 + L_Nrml: 0.00000 + L_Eknl: 2.86975 + L_Div: 0.00000 + L_Morse: 0.30955
Epoch: 0 [9210/10000 (92%)] Unweighted L_s : L_Mnfld: 0.00085,  L_NonMnfld: 0.01802,  L_Nrml: 0.00000,  L_Eknl: 0.05739, L_Morse: 3.09549

Weights: [7000.0, 600.0, 0, 50.0, 0.0, 0.1], lr=5.000e-05
Epoch: 0 [9220/10000 (92%)] Loss: 20.83841 = L_Mnfld: 5.79201 + L_NonMnfld: 12.03919 + L_Nrml: 0.00000 + L_Eknl: 2.70991 + L_Div: 0.00000 + L_Morse: 0.29730
Epoch: 0 [9220/10000 (92%)] Unweighted L_s : L_Mnfld: 0.00083,  L_NonMnfld: 0.02007,  L_Nrml: 0.00000,  L_Eknl: 0.05420, L_Morse: 2.97297

Weights: [7000.0, 600.0, 0, 50.0, 0.0, 0.1], lr=5.000e-05
Epoch: 0 [9230/10000 (92%)] Loss: 20.33936 = L_Mnfld: 5.69016 + L_NonMnfld: 11.59106 + L_Nrml: 0.00000 + L_Eknl: 2.76391 + L_Div: 0.00000 + L_Morse: 0.29423
Epoch: 0 [9230/10000 (92%)] Unweighted L_s : L_Mnfld: 0.00081,  L_NonMnfld: 0.01932,  L_Nrml: 0.00000,  L_Eknl: 0.05528, L_Morse: 2.94227

Weights: [7000.0, 600.0, 0, 50.0, 0.0, 0.1], lr=5.000e-05
Epoch: 0 [9240/10000 (92%)] Loss: 21.26044 = L_Mnfld: 5.42986 + L_NonMnfld: 12.80306 + L_Nrml: 0.00000 + L_Eknl: 2.72316 + L_Div: 0.00000 + L_Morse: 0.30436
Epoch: 0 [9240/10000 (92%)] Unweighted L_s : L_Mnfld: 0.00078,  L_NonMnfld: 0.02134,  L_Nrml: 0.00000,  L_Eknl: 0.05446, L_Morse: 3.04360

Weights: [7000.0, 600.0, 0, 50.0, 0.0, 0.1], lr=5.000e-05
Epoch: 0 [9250/10000 (92%)] Loss: 18.72968 = L_Mnfld: 5.49063 + L_NonMnfld: 10.18570 + L_Nrml: 0.00000 + L_Eknl: 2.75577 + L_Div: 0.00000 + L_Morse: 0.29759
Epoch: 0 [9250/10000 (92%)] Unweighted L_s : L_Mnfld: 0.00078,  L_NonMnfld: 0.01698,  L_Nrml: 0.00000,  L_Eknl: 0.05512, L_Morse: 2.97587

Weights: [7000.0, 600.0, 0, 50.0, 0.0, 0.1], lr=5.000e-05
Epoch: 0 [9260/10000 (93%)] Loss: 19.77166 = L_Mnfld: 5.49545 + L_NonMnfld: 11.30523 + L_Nrml: 0.00000 + L_Eknl: 2.67783 + L_Div: 0.00000 + L_Morse: 0.29316
Epoch: 0 [9260/10000 (93%)] Unweighted L_s : L_Mnfld: 0.00079,  L_NonMnfld: 0.01884,  L_Nrml: 0.00000,  L_Eknl: 0.05356, L_Morse: 2.93156

Weights: [7000.0, 600.0, 0, 50.0, 0.0, 0.1], lr=5.000e-05
Epoch: 0 [9270/10000 (93%)] Loss: 19.33029 = L_Mnfld: 5.44328 + L_NonMnfld: 10.88445 + L_Nrml: 0.00000 + L_Eknl: 2.69726 + L_Div: 0.00000 + L_Morse: 0.30530
Epoch: 0 [9270/10000 (93%)] Unweighted L_s : L_Mnfld: 0.00078,  L_NonMnfld: 0.01814,  L_Nrml: 0.00000,  L_Eknl: 0.05395, L_Morse: 3.05296

Weights: [7000.0, 600.0, 0, 50.0, 0.0, 0.1], lr=5.000e-05
Epoch: 0 [9280/10000 (93%)] Loss: 20.08517 = L_Mnfld: 5.51411 + L_NonMnfld: 11.60126 + L_Nrml: 0.00000 + L_Eknl: 2.67123 + L_Div: 0.00000 + L_Morse: 0.29857
Epoch: 0 [9280/10000 (93%)] Unweighted L_s : L_Mnfld: 0.00079,  L_NonMnfld: 0.01934,  L_Nrml: 0.00000,  L_Eknl: 0.05342, L_Morse: 2.98568

Weights: [7000.0, 600.0, 0, 50.0, 0.0, 0.1], lr=5.000e-05
Epoch: 0 [9290/10000 (93%)] Loss: 20.40302 = L_Mnfld: 5.60058 + L_NonMnfld: 11.73549 + L_Nrml: 0.00000 + L_Eknl: 2.76403 + L_Div: 0.00000 + L_Morse: 0.30292
Epoch: 0 [9290/10000 (93%)] Unweighted L_s : L_Mnfld: 0.00080,  L_NonMnfld: 0.01956,  L_Nrml: 0.00000,  L_Eknl: 0.05528, L_Morse: 3.02919

Weights: [7000.0, 600.0, 0, 50.0, 0.0, 0.1], lr=5.000e-05
Epoch: 0 [9300/10000 (93%)] Loss: 19.66707 = L_Mnfld: 5.47766 + L_NonMnfld: 11.25480 + L_Nrml: 0.00000 + L_Eknl: 2.65139 + L_Div: 0.00000 + L_Morse: 0.28323
Epoch: 0 [9300/10000 (93%)] Unweighted L_s : L_Mnfld: 0.00078,  L_NonMnfld: 0.01876,  L_Nrml: 0.00000,  L_Eknl: 0.05303, L_Morse: 2.83225

Weights: [7000.0, 600.0, 0, 50.0, 0.0, 0.1], lr=5.000e-05
Epoch: 0 [9310/10000 (93%)] Loss: 19.44670 = L_Mnfld: 5.52035 + L_NonMnfld: 10.74864 + L_Nrml: 0.00000 + L_Eknl: 2.86803 + L_Div: 0.00000 + L_Morse: 0.30969
Epoch: 0 [9310/10000 (93%)] Unweighted L_s : L_Mnfld: 0.00079,  L_NonMnfld: 0.01791,  L_Nrml: 0.00000,  L_Eknl: 0.05736, L_Morse: 3.09689

Weights: [7000.0, 600.0, 0, 50.0, 0.0, 0.1], lr=5.000e-05
Epoch: 0 [9320/10000 (93%)] Loss: 20.60960 = L_Mnfld: 5.57904 + L_NonMnfld: 12.04036 + L_Nrml: 0.00000 + L_Eknl: 2.69489 + L_Div: 0.00000 + L_Morse: 0.29531
Epoch: 0 [9320/10000 (93%)] Unweighted L_s : L_Mnfld: 0.00080,  L_NonMnfld: 0.02007,  L_Nrml: 0.00000,  L_Eknl: 0.05390, L_Morse: 2.95312

Weights: [7000.0, 600.0, 0, 50.0, 0.0, 0.1], lr=5.000e-05
Epoch: 0 [9330/10000 (93%)] Loss: 19.74970 = L_Mnfld: 5.60987 + L_NonMnfld: 11.07258 + L_Nrml: 0.00000 + L_Eknl: 2.76667 + L_Div: 0.00000 + L_Morse: 0.30058
Epoch: 0 [9330/10000 (93%)] Unweighted L_s : L_Mnfld: 0.00080,  L_NonMnfld: 0.01845,  L_Nrml: 0.00000,  L_Eknl: 0.05533, L_Morse: 3.00579

Weights: [7000.0, 600.0, 0, 50.0, 0.0, 0.1], lr=5.000e-05
Epoch: 0 [9340/10000 (93%)] Loss: 20.35762 = L_Mnfld: 5.46871 + L_NonMnfld: 11.81412 + L_Nrml: 0.00000 + L_Eknl: 2.77341 + L_Div: 0.00000 + L_Morse: 0.30138
Epoch: 0 [9340/10000 (93%)] Unweighted L_s : L_Mnfld: 0.00078,  L_NonMnfld: 0.01969,  L_Nrml: 0.00000,  L_Eknl: 0.05547, L_Morse: 3.01383

Weights: [7000.0, 600.0, 0, 50.0, 0.0, 0.1], lr=5.000e-05
Epoch: 0 [9350/10000 (94%)] Loss: 20.52656 = L_Mnfld: 5.58143 + L_NonMnfld: 11.90258 + L_Nrml: 0.00000 + L_Eknl: 2.73713 + L_Div: 0.00000 + L_Morse: 0.30542
Epoch: 0 [9350/10000 (94%)] Unweighted L_s : L_Mnfld: 0.00080,  L_NonMnfld: 0.01984,  L_Nrml: 0.00000,  L_Eknl: 0.05474, L_Morse: 3.05417

Weights: [7000.0, 600.0, 0, 50.0, 0.0, 0.1], lr=5.000e-05
Epoch: 0 [9360/10000 (94%)] Loss: 19.57970 = L_Mnfld: 5.48136 + L_NonMnfld: 11.13942 + L_Nrml: 0.00000 + L_Eknl: 2.65721 + L_Div: 0.00000 + L_Morse: 0.30172
Epoch: 0 [9360/10000 (94%)] Unweighted L_s : L_Mnfld: 0.00078,  L_NonMnfld: 0.01857,  L_Nrml: 0.00000,  L_Eknl: 0.05314, L_Morse: 3.01718

Weights: [7000.0, 600.0, 0, 50.0, 0.0, 0.1], lr=5.000e-05
Epoch: 0 [9370/10000 (94%)] Loss: 19.87127 = L_Mnfld: 5.38963 + L_NonMnfld: 11.56899 + L_Nrml: 0.00000 + L_Eknl: 2.60966 + L_Div: 0.00000 + L_Morse: 0.30299
Epoch: 0 [9370/10000 (94%)] Unweighted L_s : L_Mnfld: 0.00077,  L_NonMnfld: 0.01928,  L_Nrml: 0.00000,  L_Eknl: 0.05219, L_Morse: 3.02986

Weights: [7000.0, 600.0, 0, 50.0, 0.0, 0.1], lr=5.000e-05
Epoch: 0 [9380/10000 (94%)] Loss: 19.92538 = L_Mnfld: 5.43908 + L_NonMnfld: 11.49336 + L_Nrml: 0.00000 + L_Eknl: 2.70051 + L_Div: 0.00000 + L_Morse: 0.29243
Epoch: 0 [9380/10000 (94%)] Unweighted L_s : L_Mnfld: 0.00078,  L_NonMnfld: 0.01916,  L_Nrml: 0.00000,  L_Eknl: 0.05401, L_Morse: 2.92430

Weights: [7000.0, 600.0, 0, 50.0, 0.0, 0.1], lr=5.000e-05
Epoch: 0 [9390/10000 (94%)] Loss: 20.81291 = L_Mnfld: 5.27950 + L_NonMnfld: 12.52085 + L_Nrml: 0.00000 + L_Eknl: 2.71397 + L_Div: 0.00000 + L_Morse: 0.29859
Epoch: 0 [9390/10000 (94%)] Unweighted L_s : L_Mnfld: 0.00075,  L_NonMnfld: 0.02087,  L_Nrml: 0.00000,  L_Eknl: 0.05428, L_Morse: 2.98593

Weights: [7000.0, 600.0, 0, 50.0, 0.0, 0.1], lr=5.000e-05
Epoch: 0 [9400/10000 (94%)] Loss: 19.77590 = L_Mnfld: 5.64693 + L_NonMnfld: 11.10121 + L_Nrml: 0.00000 + L_Eknl: 2.73459 + L_Div: 0.00000 + L_Morse: 0.29316
Epoch: 0 [9400/10000 (94%)] Unweighted L_s : L_Mnfld: 0.00081,  L_NonMnfld: 0.01850,  L_Nrml: 0.00000,  L_Eknl: 0.05469, L_Morse: 2.93158

Weights: [7000.0, 600.0, 0, 50.0, 0.0, 0.1], lr=5.000e-05
Epoch: 0 [9410/10000 (94%)] Loss: 19.33667 = L_Mnfld: 5.83345 + L_NonMnfld: 10.32890 + L_Nrml: 0.00000 + L_Eknl: 2.88450 + L_Div: 0.00000 + L_Morse: 0.28982
Epoch: 0 [9410/10000 (94%)] Unweighted L_s : L_Mnfld: 0.00083,  L_NonMnfld: 0.01721,  L_Nrml: 0.00000,  L_Eknl: 0.05769, L_Morse: 2.89820

Weights: [7000.0, 600.0, 0, 50.0, 0.0, 0.1], lr=5.000e-05
Epoch: 0 [9420/10000 (94%)] Loss: 19.99931 = L_Mnfld: 6.13161 + L_NonMnfld: 10.72572 + L_Nrml: 0.00000 + L_Eknl: 2.82998 + L_Div: 0.00000 + L_Morse: 0.31201
Epoch: 0 [9420/10000 (94%)] Unweighted L_s : L_Mnfld: 0.00088,  L_NonMnfld: 0.01788,  L_Nrml: 0.00000,  L_Eknl: 0.05660, L_Morse: 3.12005

Weights: [7000.0, 600.0, 0, 50.0, 0.0, 0.1], lr=5.000e-05
Epoch: 0 [9430/10000 (94%)] Loss: 19.65934 = L_Mnfld: 5.98407 + L_NonMnfld: 10.55186 + L_Nrml: 0.00000 + L_Eknl: 2.82085 + L_Div: 0.00000 + L_Morse: 0.30256
Epoch: 0 [9430/10000 (94%)] Unweighted L_s : L_Mnfld: 0.00085,  L_NonMnfld: 0.01759,  L_Nrml: 0.00000,  L_Eknl: 0.05642, L_Morse: 3.02562

Weights: [7000.0, 600.0, 0, 50.0, 0.0, 0.1], lr=5.000e-05
Epoch: 0 [9440/10000 (94%)] Loss: 19.56794 = L_Mnfld: 6.07146 + L_NonMnfld: 10.37267 + L_Nrml: 0.00000 + L_Eknl: 2.80719 + L_Div: 0.00000 + L_Morse: 0.31662
Epoch: 0 [9440/10000 (94%)] Unweighted L_s : L_Mnfld: 0.00087,  L_NonMnfld: 0.01729,  L_Nrml: 0.00000,  L_Eknl: 0.05614, L_Morse: 3.16621

Weights: [7000.0, 600.0, 0, 50.0, 0.0, 0.1], lr=5.000e-05
Epoch: 0 [9450/10000 (94%)] Loss: 20.12407 = L_Mnfld: 5.91529 + L_NonMnfld: 11.10346 + L_Nrml: 0.00000 + L_Eknl: 2.80458 + L_Div: 0.00000 + L_Morse: 0.30074
Epoch: 0 [9450/10000 (94%)] Unweighted L_s : L_Mnfld: 0.00085,  L_NonMnfld: 0.01851,  L_Nrml: 0.00000,  L_Eknl: 0.05609, L_Morse: 3.00738

Weights: [7000.0, 600.0, 0, 50.0, 0.0, 0.1], lr=5.000e-05
Epoch: 0 [9460/10000 (95%)] Loss: 19.84826 = L_Mnfld: 5.90509 + L_NonMnfld: 10.81486 + L_Nrml: 0.00000 + L_Eknl: 2.82816 + L_Div: 0.00000 + L_Morse: 0.30014
Epoch: 0 [9460/10000 (95%)] Unweighted L_s : L_Mnfld: 0.00084,  L_NonMnfld: 0.01802,  L_Nrml: 0.00000,  L_Eknl: 0.05656, L_Morse: 3.00139

Weights: [7000.0, 600.0, 0, 50.0, 0.0, 0.1], lr=5.000e-05
Epoch: 0 [9470/10000 (95%)] Loss: 19.74501 = L_Mnfld: 5.77747 + L_NonMnfld: 10.79049 + L_Nrml: 0.00000 + L_Eknl: 2.87866 + L_Div: 0.00000 + L_Morse: 0.29838
Epoch: 0 [9470/10000 (95%)] Unweighted L_s : L_Mnfld: 0.00083,  L_NonMnfld: 0.01798,  L_Nrml: 0.00000,  L_Eknl: 0.05757, L_Morse: 2.98383

Weights: [7000.0, 600.0, 0, 50.0, 0.0, 0.1], lr=5.000e-05
Epoch: 0 [9480/10000 (95%)] Loss: 20.12353 = L_Mnfld: 5.73520 + L_NonMnfld: 11.25674 + L_Nrml: 0.00000 + L_Eknl: 2.83255 + L_Div: 0.00000 + L_Morse: 0.29904
Epoch: 0 [9480/10000 (95%)] Unweighted L_s : L_Mnfld: 0.00082,  L_NonMnfld: 0.01876,  L_Nrml: 0.00000,  L_Eknl: 0.05665, L_Morse: 2.99042

Weights: [7000.0, 600.0, 0, 50.0, 0.0, 0.1], lr=5.000e-05
Epoch: 0 [9490/10000 (95%)] Loss: 20.08800 = L_Mnfld: 5.59457 + L_NonMnfld: 11.44507 + L_Nrml: 0.00000 + L_Eknl: 2.73688 + L_Div: 0.00000 + L_Morse: 0.31149
Epoch: 0 [9490/10000 (95%)] Unweighted L_s : L_Mnfld: 0.00080,  L_NonMnfld: 0.01908,  L_Nrml: 0.00000,  L_Eknl: 0.05474, L_Morse: 3.11486

Weights: [7000.0, 600.0, 0, 50.0, 0.0, 0.1], lr=5.000e-05
Epoch: 0 [9500/10000 (95%)] Loss: 19.59455 = L_Mnfld: 5.49055 + L_NonMnfld: 11.05836 + L_Nrml: 0.00000 + L_Eknl: 2.75357 + L_Div: 0.00000 + L_Morse: 0.29207
Epoch: 0 [9500/10000 (95%)] Unweighted L_s : L_Mnfld: 0.00078,  L_NonMnfld: 0.01843,  L_Nrml: 0.00000,  L_Eknl: 0.05507, L_Morse: 2.92072

Weights: [7000.0, 600.0, 0, 50.0, 0.0, 0.1], lr=5.000e-05
Epoch: 0 [9510/10000 (95%)] Loss: 20.25437 = L_Mnfld: 5.68855 + L_NonMnfld: 11.47636 + L_Nrml: 0.00000 + L_Eknl: 2.78863 + L_Div: 0.00000 + L_Morse: 0.30082
Epoch: 0 [9510/10000 (95%)] Unweighted L_s : L_Mnfld: 0.00081,  L_NonMnfld: 0.01913,  L_Nrml: 0.00000,  L_Eknl: 0.05577, L_Morse: 3.00823

Weights: [7000.0, 600.0, 0, 50.0, 0.0, 0.1], lr=5.000e-05
Epoch: 0 [9520/10000 (95%)] Loss: 20.19418 = L_Mnfld: 5.59427 + L_NonMnfld: 11.49312 + L_Nrml: 0.00000 + L_Eknl: 2.80923 + L_Div: 0.00000 + L_Morse: 0.29756
Epoch: 0 [9520/10000 (95%)] Unweighted L_s : L_Mnfld: 0.00080,  L_NonMnfld: 0.01916,  L_Nrml: 0.00000,  L_Eknl: 0.05618, L_Morse: 2.97558

Weights: [7000.0, 600.0, 0, 50.0, 0.0, 0.1], lr=5.000e-05
Epoch: 0 [9530/10000 (95%)] Loss: 20.25478 = L_Mnfld: 5.93174 + L_NonMnfld: 11.26916 + L_Nrml: 0.00000 + L_Eknl: 2.75505 + L_Div: 0.00000 + L_Morse: 0.29883
Epoch: 0 [9530/10000 (95%)] Unweighted L_s : L_Mnfld: 0.00085,  L_NonMnfld: 0.01878,  L_Nrml: 0.00000,  L_Eknl: 0.05510, L_Morse: 2.98828

Weights: [7000.0, 600.0, 0, 50.0, 0.0, 0.1], lr=5.000e-05
Epoch: 0 [9540/10000 (95%)] Loss: 20.14344 = L_Mnfld: 5.57019 + L_NonMnfld: 11.47840 + L_Nrml: 0.00000 + L_Eknl: 2.78125 + L_Div: 0.00000 + L_Morse: 0.31361
Epoch: 0 [9540/10000 (95%)] Unweighted L_s : L_Mnfld: 0.00080,  L_NonMnfld: 0.01913,  L_Nrml: 0.00000,  L_Eknl: 0.05562, L_Morse: 3.13606

Weights: [7000.0, 600.0, 0, 50.0, 0.0, 0.1], lr=5.000e-05
Epoch: 0 [9550/10000 (96%)] Loss: 20.78436 = L_Mnfld: 5.88027 + L_NonMnfld: 11.69500 + L_Nrml: 0.00000 + L_Eknl: 2.90324 + L_Div: 0.00000 + L_Morse: 0.30584
Epoch: 0 [9550/10000 (96%)] Unweighted L_s : L_Mnfld: 0.00084,  L_NonMnfld: 0.01949,  L_Nrml: 0.00000,  L_Eknl: 0.05806, L_Morse: 3.05844

Weights: [7000.0, 600.0, 0, 50.0, 0.0, 0.1], lr=5.000e-05
Epoch: 0 [9560/10000 (96%)] Loss: 19.63758 = L_Mnfld: 5.76195 + L_NonMnfld: 10.85462 + L_Nrml: 0.00000 + L_Eknl: 2.71427 + L_Div: 0.00000 + L_Morse: 0.30675
Epoch: 0 [9560/10000 (96%)] Unweighted L_s : L_Mnfld: 0.00082,  L_NonMnfld: 0.01809,  L_Nrml: 0.00000,  L_Eknl: 0.05429, L_Morse: 3.06752

Weights: [7000.0, 600.0, 0, 50.0, 0.0, 0.1], lr=5.000e-05
Epoch: 0 [9570/10000 (96%)] Loss: 20.40835 = L_Mnfld: 5.63329 + L_NonMnfld: 11.66852 + L_Nrml: 0.00000 + L_Eknl: 2.81023 + L_Div: 0.00000 + L_Morse: 0.29631
Epoch: 0 [9570/10000 (96%)] Unweighted L_s : L_Mnfld: 0.00080,  L_NonMnfld: 0.01945,  L_Nrml: 0.00000,  L_Eknl: 0.05620, L_Morse: 2.96312

Weights: [7000.0, 600.0, 0, 50.0, 0.0, 0.1], lr=5.000e-05
Epoch: 0 [9580/10000 (96%)] Loss: 19.92850 = L_Mnfld: 5.62822 + L_NonMnfld: 11.17783 + L_Nrml: 0.00000 + L_Eknl: 2.81190 + L_Div: 0.00000 + L_Morse: 0.31056
Epoch: 0 [9580/10000 (96%)] Unweighted L_s : L_Mnfld: 0.00080,  L_NonMnfld: 0.01863,  L_Nrml: 0.00000,  L_Eknl: 0.05624, L_Morse: 3.10558

Weights: [7000.0, 600.0, 0, 50.0, 0.0, 0.1], lr=5.000e-05
Epoch: 0 [9590/10000 (96%)] Loss: 19.71126 = L_Mnfld: 5.79209 + L_NonMnfld: 10.84475 + L_Nrml: 0.00000 + L_Eknl: 2.76774 + L_Div: 0.00000 + L_Morse: 0.30668
Epoch: 0 [9590/10000 (96%)] Unweighted L_s : L_Mnfld: 0.00083,  L_NonMnfld: 0.01807,  L_Nrml: 0.00000,  L_Eknl: 0.05535, L_Morse: 3.06680

Weights: [7000.0, 600.0, 0, 50.0, 0.0, 0.1], lr=5.000e-05
Epoch: 0 [9600/10000 (96%)] Loss: 19.46633 = L_Mnfld: 5.56071 + L_NonMnfld: 10.87737 + L_Nrml: 0.00000 + L_Eknl: 2.73049 + L_Div: 0.00000 + L_Morse: 0.29776
Epoch: 0 [9600/10000 (96%)] Unweighted L_s : L_Mnfld: 0.00079,  L_NonMnfld: 0.01813,  L_Nrml: 0.00000,  L_Eknl: 0.05461, L_Morse: 2.97760

Weights: [7000.0, 600.0, 0, 50.0, 0.0, 0.1], lr=5.000e-05
Epoch: 0 [9610/10000 (96%)] Loss: 19.50764 = L_Mnfld: 5.59802 + L_NonMnfld: 10.84527 + L_Nrml: 0.00000 + L_Eknl: 2.75929 + L_Div: 0.00000 + L_Morse: 0.30506
Epoch: 0 [9610/10000 (96%)] Unweighted L_s : L_Mnfld: 0.00080,  L_NonMnfld: 0.01808,  L_Nrml: 0.00000,  L_Eknl: 0.05519, L_Morse: 3.05061

Weights: [7000.0, 600.0, 0, 50.0, 0.0, 0.1], lr=5.000e-05
Epoch: 0 [9620/10000 (96%)] Loss: 18.88230 = L_Mnfld: 5.57142 + L_NonMnfld: 10.27989 + L_Nrml: 0.00000 + L_Eknl: 2.73527 + L_Div: 0.00000 + L_Morse: 0.29572
Epoch: 0 [9620/10000 (96%)] Unweighted L_s : L_Mnfld: 0.00080,  L_NonMnfld: 0.01713,  L_Nrml: 0.00000,  L_Eknl: 0.05471, L_Morse: 2.95725

Weights: [7000.0, 600.0, 0, 50.0, 0.0, 0.1], lr=5.000e-05
Epoch: 0 [9630/10000 (96%)] Loss: 20.42213 = L_Mnfld: 5.57602 + L_NonMnfld: 11.84741 + L_Nrml: 0.00000 + L_Eknl: 2.70698 + L_Div: 0.00000 + L_Morse: 0.29171
Epoch: 0 [9630/10000 (96%)] Unweighted L_s : L_Mnfld: 0.00080,  L_NonMnfld: 0.01975,  L_Nrml: 0.00000,  L_Eknl: 0.05414, L_Morse: 2.91711

Weights: [7000.0, 600.0, 0, 50.0, 0.0, 0.1], lr=5.000e-05
Epoch: 0 [9640/10000 (96%)] Loss: 21.63742 = L_Mnfld: 5.76432 + L_NonMnfld: 12.85809 + L_Nrml: 0.00000 + L_Eknl: 2.71559 + L_Div: 0.00000 + L_Morse: 0.29941
Epoch: 0 [9640/10000 (96%)] Unweighted L_s : L_Mnfld: 0.00082,  L_NonMnfld: 0.02143,  L_Nrml: 0.00000,  L_Eknl: 0.05431, L_Morse: 2.99408

Weights: [7000.0, 600.0, 0, 50.0, 0.0, 0.1], lr=5.000e-05
Epoch: 0 [9650/10000 (96%)] Loss: 19.13009 = L_Mnfld: 5.54725 + L_NonMnfld: 10.48696 + L_Nrml: 0.00000 + L_Eknl: 2.79512 + L_Div: 0.00000 + L_Morse: 0.30076
Epoch: 0 [9650/10000 (96%)] Unweighted L_s : L_Mnfld: 0.00079,  L_NonMnfld: 0.01748,  L_Nrml: 0.00000,  L_Eknl: 0.05590, L_Morse: 3.00760

Weights: [7000.0, 600.0, 0, 50.0, 0.0, 0.1], lr=5.000e-05
Epoch: 0 [9660/10000 (97%)] Loss: 19.78982 = L_Mnfld: 5.46672 + L_NonMnfld: 11.26188 + L_Nrml: 0.00000 + L_Eknl: 2.76242 + L_Div: 0.00000 + L_Morse: 0.29880
Epoch: 0 [9660/10000 (97%)] Unweighted L_s : L_Mnfld: 0.00078,  L_NonMnfld: 0.01877,  L_Nrml: 0.00000,  L_Eknl: 0.05525, L_Morse: 2.98798

Weights: [7000.0, 600.0, 0, 50.0, 0.0, 0.1], lr=5.000e-05
Epoch: 0 [9670/10000 (97%)] Loss: 19.56425 = L_Mnfld: 5.74574 + L_NonMnfld: 10.78711 + L_Nrml: 0.00000 + L_Eknl: 2.73044 + L_Div: 0.00000 + L_Morse: 0.30096
Epoch: 0 [9670/10000 (97%)] Unweighted L_s : L_Mnfld: 0.00082,  L_NonMnfld: 0.01798,  L_Nrml: 0.00000,  L_Eknl: 0.05461, L_Morse: 3.00960

Weights: [7000.0, 600.0, 0, 50.0, 0.0, 0.1], lr=5.000e-05
Epoch: 0 [9680/10000 (97%)] Loss: 20.35300 = L_Mnfld: 5.55052 + L_NonMnfld: 11.77661 + L_Nrml: 0.00000 + L_Eknl: 2.71294 + L_Div: 0.00000 + L_Morse: 0.31292
Epoch: 0 [9680/10000 (97%)] Unweighted L_s : L_Mnfld: 0.00079,  L_NonMnfld: 0.01963,  L_Nrml: 0.00000,  L_Eknl: 0.05426, L_Morse: 3.12921

Weights: [7000.0, 600.0, 0, 50.0, 0.0, 0.1], lr=5.000e-05
Epoch: 0 [9690/10000 (97%)] Loss: 19.31569 = L_Mnfld: 5.70351 + L_NonMnfld: 10.52590 + L_Nrml: 0.00000 + L_Eknl: 2.78842 + L_Div: 0.00000 + L_Morse: 0.29786
Epoch: 0 [9690/10000 (97%)] Unweighted L_s : L_Mnfld: 0.00081,  L_NonMnfld: 0.01754,  L_Nrml: 0.00000,  L_Eknl: 0.05577, L_Morse: 2.97857

Weights: [7000.0, 600.0, 0, 50.0, 0.0, 0.1], lr=5.000e-05
Epoch: 0 [9700/10000 (97%)] Loss: 20.01569 = L_Mnfld: 5.69660 + L_NonMnfld: 11.19855 + L_Nrml: 0.00000 + L_Eknl: 2.81708 + L_Div: 0.00000 + L_Morse: 0.30346
Epoch: 0 [9700/10000 (97%)] Unweighted L_s : L_Mnfld: 0.00081,  L_NonMnfld: 0.01866,  L_Nrml: 0.00000,  L_Eknl: 0.05634, L_Morse: 3.03464

Weights: [7000.0, 600.0, 0, 50.0, 0.0, 0.1], lr=5.000e-05
Epoch: 0 [9710/10000 (97%)] Loss: 20.30697 = L_Mnfld: 5.73077 + L_NonMnfld: 11.39174 + L_Nrml: 0.00000 + L_Eknl: 2.88230 + L_Div: 0.00000 + L_Morse: 0.30217
Epoch: 0 [9710/10000 (97%)] Unweighted L_s : L_Mnfld: 0.00082,  L_NonMnfld: 0.01899,  L_Nrml: 0.00000,  L_Eknl: 0.05765, L_Morse: 3.02167

Weights: [7000.0, 600.0, 0, 50.0, 0.0, 0.1], lr=5.000e-05
Epoch: 0 [9720/10000 (97%)] Loss: 20.54519 = L_Mnfld: 5.74600 + L_NonMnfld: 11.76402 + L_Nrml: 0.00000 + L_Eknl: 2.72473 + L_Div: 0.00000 + L_Morse: 0.31043
Epoch: 0 [9720/10000 (97%)] Unweighted L_s : L_Mnfld: 0.00082,  L_NonMnfld: 0.01961,  L_Nrml: 0.00000,  L_Eknl: 0.05449, L_Morse: 3.10435

Weights: [7000.0, 600.0, 0, 50.0, 0.0, 0.1], lr=5.000e-05
Epoch: 0 [9730/10000 (97%)] Loss: 19.46111 = L_Mnfld: 5.49590 + L_NonMnfld: 10.83278 + L_Nrml: 0.00000 + L_Eknl: 2.82124 + L_Div: 0.00000 + L_Morse: 0.31119
Epoch: 0 [9730/10000 (97%)] Unweighted L_s : L_Mnfld: 0.00079,  L_NonMnfld: 0.01805,  L_Nrml: 0.00000,  L_Eknl: 0.05642, L_Morse: 3.11194

Weights: [7000.0, 600.0, 0, 50.0, 0.0, 0.1], lr=5.000e-05
Epoch: 0 [9740/10000 (97%)] Loss: 21.18176 = L_Mnfld: 5.60265 + L_NonMnfld: 12.55346 + L_Nrml: 0.00000 + L_Eknl: 2.73065 + L_Div: 0.00000 + L_Morse: 0.29500
Epoch: 0 [9740/10000 (97%)] Unweighted L_s : L_Mnfld: 0.00080,  L_NonMnfld: 0.02092,  L_Nrml: 0.00000,  L_Eknl: 0.05461, L_Morse: 2.95003

Weights: [7000.0, 600.0, 0, 50.0, 0.0, 0.1], lr=5.000e-05
Epoch: 0 [9750/10000 (98%)] Loss: 19.42271 = L_Mnfld: 5.47228 + L_NonMnfld: 10.86767 + L_Nrml: 0.00000 + L_Eknl: 2.78002 + L_Div: 0.00000 + L_Morse: 0.30274
Epoch: 0 [9750/10000 (98%)] Unweighted L_s : L_Mnfld: 0.00078,  L_NonMnfld: 0.01811,  L_Nrml: 0.00000,  L_Eknl: 0.05560, L_Morse: 3.02745

Weights: [7000.0, 600.0, 0, 50.0, 0.0, 0.1], lr=5.000e-05
Epoch: 0 [9760/10000 (98%)] Loss: 20.16664 = L_Mnfld: 5.51610 + L_NonMnfld: 11.61681 + L_Nrml: 0.00000 + L_Eknl: 2.73781 + L_Div: 0.00000 + L_Morse: 0.29592
Epoch: 0 [9760/10000 (98%)] Unweighted L_s : L_Mnfld: 0.00079,  L_NonMnfld: 0.01936,  L_Nrml: 0.00000,  L_Eknl: 0.05476, L_Morse: 2.95917

Weights: [7000.0, 600.0, 0, 50.0, 0.0, 0.1], lr=5.000e-05
Epoch: 0 [9770/10000 (98%)] Loss: 19.69652 = L_Mnfld: 5.51912 + L_NonMnfld: 10.97306 + L_Nrml: 0.00000 + L_Eknl: 2.89388 + L_Div: 0.00000 + L_Morse: 0.31046
Epoch: 0 [9770/10000 (98%)] Unweighted L_s : L_Mnfld: 0.00079,  L_NonMnfld: 0.01829,  L_Nrml: 0.00000,  L_Eknl: 0.05788, L_Morse: 3.10457

Weights: [7000.0, 600.0, 0, 50.0, 0.0, 0.1], lr=5.000e-05
Epoch: 0 [9780/10000 (98%)] Loss: 20.04334 = L_Mnfld: 5.42503 + L_NonMnfld: 11.52294 + L_Nrml: 0.00000 + L_Eknl: 2.78250 + L_Div: 0.00000 + L_Morse: 0.31287
Epoch: 0 [9780/10000 (98%)] Unweighted L_s : L_Mnfld: 0.00078,  L_NonMnfld: 0.01920,  L_Nrml: 0.00000,  L_Eknl: 0.05565, L_Morse: 3.12872

Weights: [7000.0, 600.0, 0, 50.0, 0.0, 0.1], lr=5.000e-05
Epoch: 0 [9790/10000 (98%)] Loss: 19.64729 = L_Mnfld: 5.34508 + L_NonMnfld: 11.17216 + L_Nrml: 0.00000 + L_Eknl: 2.81968 + L_Div: 0.00000 + L_Morse: 0.31037
Epoch: 0 [9790/10000 (98%)] Unweighted L_s : L_Mnfld: 0.00076,  L_NonMnfld: 0.01862,  L_Nrml: 0.00000,  L_Eknl: 0.05639, L_Morse: 3.10365

Weights: [7000.0, 600.0, 0, 50.0, 0.0, 0.1], lr=5.000e-05
Epoch: 0 [9800/10000 (98%)] Loss: 20.02975 = L_Mnfld: 5.67647 + L_NonMnfld: 11.35894 + L_Nrml: 0.00000 + L_Eknl: 2.69592 + L_Div: 0.00000 + L_Morse: 0.29842
Epoch: 0 [9800/10000 (98%)] Unweighted L_s : L_Mnfld: 0.00081,  L_NonMnfld: 0.01893,  L_Nrml: 0.00000,  L_Eknl: 0.05392, L_Morse: 2.98415

Weights: [7000.0, 600.0, 0, 50.0, 0.0, 0.1], lr=5.000e-05
Epoch: 0 [9810/10000 (98%)] Loss: 19.58473 = L_Mnfld: 5.94405 + L_NonMnfld: 10.37321 + L_Nrml: 0.00000 + L_Eknl: 2.97752 + L_Div: 0.00000 + L_Morse: 0.28996
Epoch: 0 [9810/10000 (98%)] Unweighted L_s : L_Mnfld: 0.00085,  L_NonMnfld: 0.01729,  L_Nrml: 0.00000,  L_Eknl: 0.05955, L_Morse: 2.89957

Weights: [7000.0, 600.0, 0, 50.0, 0.0, 0.1], lr=5.000e-05
Epoch: 0 [9820/10000 (98%)] Loss: 20.73153 = L_Mnfld: 5.85507 + L_NonMnfld: 11.57404 + L_Nrml: 0.00000 + L_Eknl: 2.98333 + L_Div: 0.00000 + L_Morse: 0.31908
Epoch: 0 [9820/10000 (98%)] Unweighted L_s : L_Mnfld: 0.00084,  L_NonMnfld: 0.01929,  L_Nrml: 0.00000,  L_Eknl: 0.05967, L_Morse: 3.19082

Weights: [7000.0, 600.0, 0, 50.0, 0.0, 0.1], lr=5.000e-05
Epoch: 0 [9830/10000 (98%)] Loss: 20.23838 = L_Mnfld: 5.62015 + L_NonMnfld: 11.44226 + L_Nrml: 0.00000 + L_Eknl: 2.87725 + L_Div: 0.00000 + L_Morse: 0.29872
Epoch: 0 [9830/10000 (98%)] Unweighted L_s : L_Mnfld: 0.00080,  L_NonMnfld: 0.01907,  L_Nrml: 0.00000,  L_Eknl: 0.05754, L_Morse: 2.98724

Weights: [7000.0, 600.0, 0, 50.0, 0.0, 0.1], lr=5.000e-05
Epoch: 0 [9840/10000 (98%)] Loss: 20.65808 = L_Mnfld: 5.80792 + L_NonMnfld: 11.66920 + L_Nrml: 0.00000 + L_Eknl: 2.87794 + L_Div: 0.00000 + L_Morse: 0.30302
Epoch: 0 [9840/10000 (98%)] Unweighted L_s : L_Mnfld: 0.00083,  L_NonMnfld: 0.01945,  L_Nrml: 0.00000,  L_Eknl: 0.05756, L_Morse: 3.03024

Weights: [7000.0, 600.0, 0, 50.0, 0.0, 0.1], lr=5.000e-05
Epoch: 0 [9850/10000 (98%)] Loss: 20.42768 = L_Mnfld: 5.94423 + L_NonMnfld: 11.16144 + L_Nrml: 0.00000 + L_Eknl: 3.02628 + L_Div: 0.00000 + L_Morse: 0.29573
Epoch: 0 [9850/10000 (98%)] Unweighted L_s : L_Mnfld: 0.00085,  L_NonMnfld: 0.01860,  L_Nrml: 0.00000,  L_Eknl: 0.06053, L_Morse: 2.95728

Weights: [7000.0, 600.0, 0, 50.0, 0.0, 0.1], lr=5.000e-05
Epoch: 0 [9860/10000 (99%)] Loss: 20.07009 = L_Mnfld: 5.50635 + L_NonMnfld: 11.48737 + L_Nrml: 0.00000 + L_Eknl: 2.77260 + L_Div: 0.00000 + L_Morse: 0.30377
Epoch: 0 [9860/10000 (99%)] Unweighted L_s : L_Mnfld: 0.00079,  L_NonMnfld: 0.01915,  L_Nrml: 0.00000,  L_Eknl: 0.05545, L_Morse: 3.03765

Weights: [7000.0, 600.0, 0, 50.0, 0.0, 0.1], lr=5.000e-05
Epoch: 0 [9870/10000 (99%)] Loss: 21.25523 = L_Mnfld: 5.72877 + L_NonMnfld: 12.34598 + L_Nrml: 0.00000 + L_Eknl: 2.88981 + L_Div: 0.00000 + L_Morse: 0.29066
Epoch: 0 [9870/10000 (99%)] Unweighted L_s : L_Mnfld: 0.00082,  L_NonMnfld: 0.02058,  L_Nrml: 0.00000,  L_Eknl: 0.05780, L_Morse: 2.90665

Weights: [7000.0, 600.0, 0, 50.0, 0.0, 0.1], lr=5.000e-05
Epoch: 0 [9880/10000 (99%)] Loss: 19.31405 = L_Mnfld: 5.63368 + L_NonMnfld: 10.52735 + L_Nrml: 0.00000 + L_Eknl: 2.85795 + L_Div: 0.00000 + L_Morse: 0.29508
Epoch: 0 [9880/10000 (99%)] Unweighted L_s : L_Mnfld: 0.00080,  L_NonMnfld: 0.01755,  L_Nrml: 0.00000,  L_Eknl: 0.05716, L_Morse: 2.95081

Weights: [7000.0, 600.0, 0, 50.0, 0.0, 0.1], lr=5.000e-05
Epoch: 0 [9890/10000 (99%)] Loss: 19.50855 = L_Mnfld: 5.61672 + L_NonMnfld: 10.74822 + L_Nrml: 0.00000 + L_Eknl: 2.84452 + L_Div: 0.00000 + L_Morse: 0.29908
Epoch: 0 [9890/10000 (99%)] Unweighted L_s : L_Mnfld: 0.00080,  L_NonMnfld: 0.01791,  L_Nrml: 0.00000,  L_Eknl: 0.05689, L_Morse: 2.99080

Weights: [7000.0, 600.0, 0, 50.0, 0.0, 0.1], lr=5.000e-05
Epoch: 0 [9900/10000 (99%)] Loss: 19.93311 = L_Mnfld: 5.55485 + L_NonMnfld: 11.24561 + L_Nrml: 0.00000 + L_Eknl: 2.83424 + L_Div: 0.00000 + L_Morse: 0.29841
Epoch: 0 [9900/10000 (99%)] Unweighted L_s : L_Mnfld: 0.00079,  L_NonMnfld: 0.01874,  L_Nrml: 0.00000,  L_Eknl: 0.05668, L_Morse: 2.98410

Weights: [7000.0, 600.0, 0, 50.0, 0.0, 0.1], lr=5.000e-05
Epoch: 0 [9910/10000 (99%)] Loss: 20.51853 = L_Mnfld: 6.03807 + L_NonMnfld: 11.12975 + L_Nrml: 0.00000 + L_Eknl: 3.05129 + L_Div: 0.00000 + L_Morse: 0.29943
Epoch: 0 [9910/10000 (99%)] Unweighted L_s : L_Mnfld: 0.00086,  L_NonMnfld: 0.01855,  L_Nrml: 0.00000,  L_Eknl: 0.06103, L_Morse: 2.99429

Weights: [7000.0, 600.0, 0, 50.0, 0.0, 0.1], lr=5.000e-05
Epoch: 0 [9920/10000 (99%)] Loss: 20.99248 = L_Mnfld: 5.99215 + L_NonMnfld: 11.58847 + L_Nrml: 0.00000 + L_Eknl: 3.10570 + L_Div: 0.00000 + L_Morse: 0.30617
Epoch: 0 [9920/10000 (99%)] Unweighted L_s : L_Mnfld: 0.00086,  L_NonMnfld: 0.01931,  L_Nrml: 0.00000,  L_Eknl: 0.06211, L_Morse: 3.06166

Weights: [7000.0, 600.0, 0, 50.0, 0.0, 0.1], lr=5.000e-05
Epoch: 0 [9930/10000 (99%)] Loss: 20.85298 = L_Mnfld: 5.85752 + L_NonMnfld: 11.74283 + L_Nrml: 0.00000 + L_Eknl: 2.94116 + L_Div: 0.00000 + L_Morse: 0.31147
Epoch: 0 [9930/10000 (99%)] Unweighted L_s : L_Mnfld: 0.00084,  L_NonMnfld: 0.01957,  L_Nrml: 0.00000,  L_Eknl: 0.05882, L_Morse: 3.11472

Weights: [7000.0, 600.0, 0, 50.0, 0.0, 0.1], lr=5.000e-05
Epoch: 0 [9940/10000 (99%)] Loss: 20.53047 = L_Mnfld: 5.93717 + L_NonMnfld: 11.20796 + L_Nrml: 0.00000 + L_Eknl: 3.08253 + L_Div: 0.00000 + L_Morse: 0.30282
Epoch: 0 [9940/10000 (99%)] Unweighted L_s : L_Mnfld: 0.00085,  L_NonMnfld: 0.01868,  L_Nrml: 0.00000,  L_Eknl: 0.06165, L_Morse: 3.02816

Weights: [7000.0, 600.0, 0, 50.0, 0.0, 0.1], lr=5.000e-05
Epoch: 0 [9950/10000 (100%)] Loss: 22.23374 = L_Mnfld: 6.49727 + L_NonMnfld: 12.25694 + L_Nrml: 0.00000 + L_Eknl: 3.14814 + L_Div: 0.00000 + L_Morse: 0.33139
Epoch: 0 [9950/10000 (100%)] Unweighted L_s : L_Mnfld: 0.00093,  L_NonMnfld: 0.02043,  L_Nrml: 0.00000,  L_Eknl: 0.06296, L_Morse: 3.31391

Weights: [7000.0, 600.0, 0, 50.0, 0.0, 0.1], lr=5.000e-05
Epoch: 0 [9960/10000 (100%)] Loss: 21.12506 = L_Mnfld: 6.14855 + L_NonMnfld: 11.72232 + L_Nrml: 0.00000 + L_Eknl: 2.95224 + L_Div: 0.00000 + L_Morse: 0.30195
Epoch: 0 [9960/10000 (100%)] Unweighted L_s : L_Mnfld: 0.00088,  L_NonMnfld: 0.01954,  L_Nrml: 0.00000,  L_Eknl: 0.05904, L_Morse: 3.01954

Weights: [7000.0, 600.0, 0, 50.0, 0.0, 0.1], lr=5.000e-05
Epoch: 0 [9970/10000 (100%)] Loss: 21.26722 = L_Mnfld: 5.87454 + L_NonMnfld: 12.03598 + L_Nrml: 0.00000 + L_Eknl: 3.04687 + L_Div: 0.00000 + L_Morse: 0.30984
Epoch: 0 [9970/10000 (100%)] Unweighted L_s : L_Mnfld: 0.00084,  L_NonMnfld: 0.02006,  L_Nrml: 0.00000,  L_Eknl: 0.06094, L_Morse: 3.09835

Weights: [7000.0, 600.0, 0, 50.0, 0.0, 0.1], lr=5.000e-05
Epoch: 0 [9980/10000 (100%)] Loss: 20.29625 = L_Mnfld: 5.59801 + L_NonMnfld: 11.49058 + L_Nrml: 0.00000 + L_Eknl: 2.90300 + L_Div: 0.00000 + L_Morse: 0.30466
Epoch: 0 [9980/10000 (100%)] Unweighted L_s : L_Mnfld: 0.00080,  L_NonMnfld: 0.01915,  L_Nrml: 0.00000,  L_Eknl: 0.05806, L_Morse: 3.04663

Weights: [7000.0, 600.0, 0, 50.0, 0.0, 0.1], lr=5.000e-05
Epoch: 0 [9990/10000 (100%)] Loss: 20.44300 = L_Mnfld: 5.58892 + L_NonMnfld: 11.69284 + L_Nrml: 0.00000 + L_Eknl: 2.84784 + L_Div: 0.00000 + L_Morse: 0.31340
Epoch: 0 [9990/10000 (100%)] Unweighted L_s : L_Mnfld: 0.00080,  L_NonMnfld: 0.01949,  L_Nrml: 0.00000,  L_Eknl: 0.05696, L_Morse: 3.13402

