input params: 
Namespace(logdir='./new_log/CAD_CG_2025', model_name='model', seed=3627473, data_path='../../../ABC/00024012_0dd8d8d27de24af498606380_trimesh_000.ply', mesh_dir='/home/runqiao/rotate_input/gt', n_samples=10000, n_points=10000, grid_res=128, nonmnfld_sample_type='gaussian', num_epochs=1, lr=5e-05, grad_clip_norm=10.0, batch_size=1, load_path=None, init_type='siren', decoder_hidden_dim=256, decoder_n_hidden_layers=4, latent_size=0, nl='sine', sphere_init_params=[1.6, 0.1], udf=False, output_any=True, loss_type='siren_wo_n_w_morse', decay_params=[10.0, 0.2, 10.0, 0.5, 0.1, 0.1], morse_type='l1', morse_decay='linear', loss_weights=[7000.0, 600.0, 100.0, 50.0, 0.0, 3.0], bidirectional_morse=False, morse_near=True, weight_for_morse=False, use_morse_nonmnfld_grad=False, use_relax_eikonal=False)
Number of parameters in the current model:264449
Weights: [7000.0, 600.0, 0, 50.0, 0.0, 3.0], lr=5.000e-05
Epoch: 0 [   0/10000 (0%)] Loss: 678.64801 = L_Mnfld: 623.38449 + L_NonMnfld: 0.46025 + L_Nrml: 0.00000 + L_Eknl: 33.96202 + L_Div: 0.00000 + L_Morse: 20.84126
Epoch: 0 [   0/10000 (0%)] Unweighted L_s : L_Mnfld: 0.08905,  L_NonMnfld: 0.00077,  L_Nrml: 0.00000,  L_Eknl: 0.67924, L_Morse: 6.94709

Weights: [7000.0, 600.0, 0, 50.0, 0.0, 10.0], lr=5.000e-05
Epoch: 0 [  10/10000 (0%)] Loss: 261.81995 = L_Mnfld: 88.20385 + L_NonMnfld: 88.41560 + L_Nrml: 0.00000 + L_Eknl: 36.82453 + L_Div: 0.00000 + L_Morse: 48.37597
Epoch: 0 [  10/10000 (0%)] Unweighted L_s : L_Mnfld: 0.01260,  L_NonMnfld: 0.14736,  L_Nrml: 0.00000,  L_Eknl: 0.73649, L_Morse: 4.83760

Weights: [7000.0, 600.0, 0, 50.0, 0.0, 10.0], lr=5.000e-05
Epoch: 0 [  20/10000 (0%)] Loss: 133.41493 = L_Mnfld: 48.63297 + L_NonMnfld: 20.05486 + L_Nrml: 0.00000 + L_Eknl: 37.67693 + L_Div: 0.00000 + L_Morse: 27.05017
Epoch: 0 [  20/10000 (0%)] Unweighted L_s : L_Mnfld: 0.00695,  L_NonMnfld: 0.03342,  L_Nrml: 0.00000,  L_Eknl: 0.75354, L_Morse: 2.70502

Weights: [7000.0, 600.0, 0, 50.0, 0.0, 10.0], lr=5.000e-05
Epoch: 0 [  30/10000 (0%)] Loss: 107.46198 = L_Mnfld: 38.29721 + L_NonMnfld: 15.70966 + L_Nrml: 0.00000 + L_Eknl: 36.43251 + L_Div: 0.00000 + L_Morse: 17.02260
Epoch: 0 [  30/10000 (0%)] Unweighted L_s : L_Mnfld: 0.00547,  L_NonMnfld: 0.02618,  L_Nrml: 0.00000,  L_Eknl: 0.72865, L_Morse: 1.70226

Weights: [7000.0, 600.0, 0, 50.0, 0.0, 10.0], lr=5.000e-05
Epoch: 0 [  40/10000 (0%)] Loss: 104.13293 = L_Mnfld: 41.87509 + L_NonMnfld: 13.71557 + L_Nrml: 0.00000 + L_Eknl: 32.72098 + L_Div: 0.00000 + L_Morse: 15.82129
Epoch: 0 [  40/10000 (0%)] Unweighted L_s : L_Mnfld: 0.00598,  L_NonMnfld: 0.02286,  L_Nrml: 0.00000,  L_Eknl: 0.65442, L_Morse: 1.58213

Weights: [7000.0, 600.0, 0, 50.0, 0.0, 10.0], lr=5.000e-05
Epoch: 0 [  50/10000 (0%)] Loss: 96.11008 = L_Mnfld: 38.16486 + L_NonMnfld: 13.72401 + L_Nrml: 0.00000 + L_Eknl: 31.04600 + L_Div: 0.00000 + L_Morse: 13.17522
Epoch: 0 [  50/10000 (0%)] Unweighted L_s : L_Mnfld: 0.00545,  L_NonMnfld: 0.02287,  L_Nrml: 0.00000,  L_Eknl: 0.62092, L_Morse: 1.31752

Weights: [7000.0, 600.0, 0, 50.0, 0.0, 10.0], lr=5.000e-05
Epoch: 0 [  60/10000 (1%)] Loss: 91.42107 = L_Mnfld: 38.71852 + L_NonMnfld: 11.48413 + L_Nrml: 0.00000 + L_Eknl: 29.50285 + L_Div: 0.00000 + L_Morse: 11.71557
Epoch: 0 [  60/10000 (1%)] Unweighted L_s : L_Mnfld: 0.00553,  L_NonMnfld: 0.01914,  L_Nrml: 0.00000,  L_Eknl: 0.59006, L_Morse: 1.17156

Weights: [7000.0, 600.0, 0, 50.0, 0.0, 10.0], lr=5.000e-05
Epoch: 0 [  70/10000 (1%)] Loss: 89.90171 = L_Mnfld: 39.17508 + L_NonMnfld: 11.75885 + L_Nrml: 0.00000 + L_Eknl: 27.26232 + L_Div: 0.00000 + L_Morse: 11.70546
Epoch: 0 [  70/10000 (1%)] Unweighted L_s : L_Mnfld: 0.00560,  L_NonMnfld: 0.01960,  L_Nrml: 0.00000,  L_Eknl: 0.54525, L_Morse: 1.17055

Weights: [7000.0, 600.0, 0, 50.0, 0.0, 10.0], lr=5.000e-05
Epoch: 0 [  80/10000 (1%)] Loss: 83.87375 = L_Mnfld: 35.54652 + L_NonMnfld: 10.63776 + L_Nrml: 0.00000 + L_Eknl: 25.89241 + L_Div: 0.00000 + L_Morse: 11.79705
Epoch: 0 [  80/10000 (1%)] Unweighted L_s : L_Mnfld: 0.00508,  L_NonMnfld: 0.01773,  L_Nrml: 0.00000,  L_Eknl: 0.51785, L_Morse: 1.17971

Weights: [7000.0, 600.0, 0, 50.0, 0.0, 10.0], lr=5.000e-05
Epoch: 0 [  90/10000 (1%)] Loss: 85.83744 = L_Mnfld: 40.80867 + L_NonMnfld: 9.11163 + L_Nrml: 0.00000 + L_Eknl: 23.68495 + L_Div: 0.00000 + L_Morse: 12.23219
Epoch: 0 [  90/10000 (1%)] Unweighted L_s : L_Mnfld: 0.00583,  L_NonMnfld: 0.01519,  L_Nrml: 0.00000,  L_Eknl: 0.47370, L_Morse: 1.22322

Weights: [7000.0, 600.0, 0, 50.0, 0.0, 10.0], lr=5.000e-05
Epoch: 0 [ 100/10000 (1%)] Loss: 78.51830 = L_Mnfld: 33.73513 + L_NonMnfld: 10.28438 + L_Nrml: 0.00000 + L_Eknl: 22.87258 + L_Div: 0.00000 + L_Morse: 11.62621
Epoch: 0 [ 100/10000 (1%)] Unweighted L_s : L_Mnfld: 0.00482,  L_NonMnfld: 0.01714,  L_Nrml: 0.00000,  L_Eknl: 0.45745, L_Morse: 1.16262

Weights: [7000.0, 600.0, 0, 50.0, 0.0, 10.0], lr=5.000e-05
Epoch: 0 [ 110/10000 (1%)] Loss: 74.34480 = L_Mnfld: 31.82573 + L_NonMnfld: 9.01912 + L_Nrml: 0.00000 + L_Eknl: 21.12524 + L_Div: 0.00000 + L_Morse: 12.37472
Epoch: 0 [ 110/10000 (1%)] Unweighted L_s : L_Mnfld: 0.00455,  L_NonMnfld: 0.01503,  L_Nrml: 0.00000,  L_Eknl: 0.42250, L_Morse: 1.23747

Weights: [7000.0, 600.0, 0, 50.0, 0.0, 10.0], lr=5.000e-05
Epoch: 0 [ 120/10000 (1%)] Loss: 70.11182 = L_Mnfld: 28.28867 + L_NonMnfld: 9.26166 + L_Nrml: 0.00000 + L_Eknl: 20.65762 + L_Div: 0.00000 + L_Morse: 11.90387
Epoch: 0 [ 120/10000 (1%)] Unweighted L_s : L_Mnfld: 0.00404,  L_NonMnfld: 0.01544,  L_Nrml: 0.00000,  L_Eknl: 0.41315, L_Morse: 1.19039

Weights: [7000.0, 600.0, 0, 50.0, 0.0, 10.0], lr=5.000e-05
Epoch: 0 [ 130/10000 (1%)] Loss: 64.22879 = L_Mnfld: 24.22365 + L_NonMnfld: 8.27647 + L_Nrml: 0.00000 + L_Eknl: 19.82276 + L_Div: 0.00000 + L_Morse: 11.90591
Epoch: 0 [ 130/10000 (1%)] Unweighted L_s : L_Mnfld: 0.00346,  L_NonMnfld: 0.01379,  L_Nrml: 0.00000,  L_Eknl: 0.39646, L_Morse: 1.19059

Weights: [7000.0, 600.0, 0, 50.0, 0.0, 10.0], lr=5.000e-05
Epoch: 0 [ 140/10000 (1%)] Loss: 65.75323 = L_Mnfld: 26.00383 + L_NonMnfld: 8.10247 + L_Nrml: 0.00000 + L_Eknl: 19.14625 + L_Div: 0.00000 + L_Morse: 12.50067
Epoch: 0 [ 140/10000 (1%)] Unweighted L_s : L_Mnfld: 0.00371,  L_NonMnfld: 0.01350,  L_Nrml: 0.00000,  L_Eknl: 0.38293, L_Morse: 1.25007

Weights: [7000.0, 600.0, 0, 50.0, 0.0, 10.0], lr=5.000e-05
Epoch: 0 [ 150/10000 (2%)] Loss: 64.80930 = L_Mnfld: 25.86060 + L_NonMnfld: 8.15856 + L_Nrml: 0.00000 + L_Eknl: 18.14172 + L_Div: 0.00000 + L_Morse: 12.64842
Epoch: 0 [ 150/10000 (2%)] Unweighted L_s : L_Mnfld: 0.00369,  L_NonMnfld: 0.01360,  L_Nrml: 0.00000,  L_Eknl: 0.36283, L_Morse: 1.26484

Weights: [7000.0, 600.0, 0, 50.0, 0.0, 10.0], lr=5.000e-05
Epoch: 0 [ 160/10000 (2%)] Loss: 59.87805 = L_Mnfld: 22.30931 + L_NonMnfld: 7.54780 + L_Nrml: 0.00000 + L_Eknl: 18.07156 + L_Div: 0.00000 + L_Morse: 11.94938
Epoch: 0 [ 160/10000 (2%)] Unweighted L_s : L_Mnfld: 0.00319,  L_NonMnfld: 0.01258,  L_Nrml: 0.00000,  L_Eknl: 0.36143, L_Morse: 1.19494

Weights: [7000.0, 600.0, 0, 50.0, 0.0, 10.0], lr=5.000e-05
Epoch: 0 [ 170/10000 (2%)] Loss: 57.95419 = L_Mnfld: 21.70792 + L_NonMnfld: 7.04127 + L_Nrml: 0.00000 + L_Eknl: 17.67318 + L_Div: 0.00000 + L_Morse: 11.53181
Epoch: 0 [ 170/10000 (2%)] Unweighted L_s : L_Mnfld: 0.00310,  L_NonMnfld: 0.01174,  L_Nrml: 0.00000,  L_Eknl: 0.35346, L_Morse: 1.15318

Weights: [7000.0, 600.0, 0, 50.0, 0.0, 10.0], lr=5.000e-05
Epoch: 0 [ 180/10000 (2%)] Loss: 59.26229 = L_Mnfld: 22.02147 + L_NonMnfld: 7.73914 + L_Nrml: 0.00000 + L_Eknl: 17.80192 + L_Div: 0.00000 + L_Morse: 11.69977
Epoch: 0 [ 180/10000 (2%)] Unweighted L_s : L_Mnfld: 0.00315,  L_NonMnfld: 0.01290,  L_Nrml: 0.00000,  L_Eknl: 0.35604, L_Morse: 1.16998

Weights: [7000.0, 600.0, 0, 50.0, 0.0, 10.0], lr=5.000e-05
Epoch: 0 [ 190/10000 (2%)] Loss: 56.07227 = L_Mnfld: 19.40819 + L_NonMnfld: 7.83137 + L_Nrml: 0.00000 + L_Eknl: 17.00244 + L_Div: 0.00000 + L_Morse: 11.83027
Epoch: 0 [ 190/10000 (2%)] Unweighted L_s : L_Mnfld: 0.00277,  L_NonMnfld: 0.01305,  L_Nrml: 0.00000,  L_Eknl: 0.34005, L_Morse: 1.18303

Weights: [7000.0, 600.0, 0, 50.0, 0.0, 10.0], lr=5.000e-05
Epoch: 0 [ 200/10000 (2%)] Loss: 56.54342 = L_Mnfld: 19.73223 + L_NonMnfld: 8.09277 + L_Nrml: 0.00000 + L_Eknl: 17.00703 + L_Div: 0.00000 + L_Morse: 11.71138
Epoch: 0 [ 200/10000 (2%)] Unweighted L_s : L_Mnfld: 0.00282,  L_NonMnfld: 0.01349,  L_Nrml: 0.00000,  L_Eknl: 0.34014, L_Morse: 1.17114

Weights: [7000.0, 600.0, 0, 50.0, 0.0, 10.0], lr=5.000e-05
Epoch: 0 [ 210/10000 (2%)] Loss: 56.93439 = L_Mnfld: 20.99035 + L_NonMnfld: 7.63019 + L_Nrml: 0.00000 + L_Eknl: 16.44945 + L_Div: 0.00000 + L_Morse: 11.86441
Epoch: 0 [ 210/10000 (2%)] Unweighted L_s : L_Mnfld: 0.00300,  L_NonMnfld: 0.01272,  L_Nrml: 0.00000,  L_Eknl: 0.32899, L_Morse: 1.18644

Weights: [7000.0, 600.0, 0, 50.0, 0.0, 10.0], lr=5.000e-05
Epoch: 0 [ 220/10000 (2%)] Loss: 55.48415 = L_Mnfld: 19.39751 + L_NonMnfld: 7.74022 + L_Nrml: 0.00000 + L_Eknl: 16.67632 + L_Div: 0.00000 + L_Morse: 11.67010
Epoch: 0 [ 220/10000 (2%)] Unweighted L_s : L_Mnfld: 0.00277,  L_NonMnfld: 0.01290,  L_Nrml: 0.00000,  L_Eknl: 0.33353, L_Morse: 1.16701

Weights: [7000.0, 600.0, 0, 50.0, 0.0, 10.0], lr=5.000e-05
Epoch: 0 [ 230/10000 (2%)] Loss: 54.64366 = L_Mnfld: 19.73815 + L_NonMnfld: 6.77212 + L_Nrml: 0.00000 + L_Eknl: 16.08594 + L_Div: 0.00000 + L_Morse: 12.04746
Epoch: 0 [ 230/10000 (2%)] Unweighted L_s : L_Mnfld: 0.00282,  L_NonMnfld: 0.01129,  L_Nrml: 0.00000,  L_Eknl: 0.32172, L_Morse: 1.20475

Weights: [7000.0, 600.0, 0, 50.0, 0.0, 10.0], lr=5.000e-05
Epoch: 0 [ 240/10000 (2%)] Loss: 55.05857 = L_Mnfld: 19.84631 + L_NonMnfld: 7.38083 + L_Nrml: 0.00000 + L_Eknl: 16.35585 + L_Div: 0.00000 + L_Morse: 11.47559
Epoch: 0 [ 240/10000 (2%)] Unweighted L_s : L_Mnfld: 0.00284,  L_NonMnfld: 0.01230,  L_Nrml: 0.00000,  L_Eknl: 0.32712, L_Morse: 1.14756

Weights: [7000.0, 600.0, 0, 50.0, 0.0, 10.0], lr=5.000e-05
Epoch: 0 [ 250/10000 (2%)] Loss: 52.64302 = L_Mnfld: 16.61824 + L_NonMnfld: 8.12249 + L_Nrml: 0.00000 + L_Eknl: 16.04940 + L_Div: 0.00000 + L_Morse: 11.85289
Epoch: 0 [ 250/10000 (2%)] Unweighted L_s : L_Mnfld: 0.00237,  L_NonMnfld: 0.01354,  L_Nrml: 0.00000,  L_Eknl: 0.32099, L_Morse: 1.18529

Weights: [7000.0, 600.0, 0, 50.0, 0.0, 10.0], lr=5.000e-05
Epoch: 0 [ 260/10000 (3%)] Loss: 53.88036 = L_Mnfld: 19.00747 + L_NonMnfld: 7.13909 + L_Nrml: 0.00000 + L_Eknl: 15.97711 + L_Div: 0.00000 + L_Morse: 11.75669
Epoch: 0 [ 260/10000 (3%)] Unweighted L_s : L_Mnfld: 0.00272,  L_NonMnfld: 0.01190,  L_Nrml: 0.00000,  L_Eknl: 0.31954, L_Morse: 1.17567

Weights: [7000.0, 600.0, 0, 50.0, 0.0, 10.0], lr=5.000e-05
Epoch: 0 [ 270/10000 (3%)] Loss: 53.36433 = L_Mnfld: 17.59916 + L_NonMnfld: 8.07691 + L_Nrml: 0.00000 + L_Eknl: 15.58042 + L_Div: 0.00000 + L_Morse: 12.10784
Epoch: 0 [ 270/10000 (3%)] Unweighted L_s : L_Mnfld: 0.00251,  L_NonMnfld: 0.01346,  L_Nrml: 0.00000,  L_Eknl: 0.31161, L_Morse: 1.21078

Weights: [7000.0, 600.0, 0, 50.0, 0.0, 10.0], lr=5.000e-05
Epoch: 0 [ 280/10000 (3%)] Loss: 52.77177 = L_Mnfld: 17.94868 + L_NonMnfld: 7.17870 + L_Nrml: 0.00000 + L_Eknl: 15.65552 + L_Div: 0.00000 + L_Morse: 11.98887
Epoch: 0 [ 280/10000 (3%)] Unweighted L_s : L_Mnfld: 0.00256,  L_NonMnfld: 0.01196,  L_Nrml: 0.00000,  L_Eknl: 0.31311, L_Morse: 1.19889

Weights: [7000.0, 600.0, 0, 50.0, 0.0, 10.0], lr=5.000e-05
Epoch: 0 [ 290/10000 (3%)] Loss: 50.91744 = L_Mnfld: 17.12127 + L_NonMnfld: 7.07941 + L_Nrml: 0.00000 + L_Eknl: 15.39725 + L_Div: 0.00000 + L_Morse: 11.31951
Epoch: 0 [ 290/10000 (3%)] Unweighted L_s : L_Mnfld: 0.00245,  L_NonMnfld: 0.01180,  L_Nrml: 0.00000,  L_Eknl: 0.30794, L_Morse: 1.13195

Weights: [7000.0, 600.0, 0, 50.0, 0.0, 10.0], lr=5.000e-05
Epoch: 0 [ 300/10000 (3%)] Loss: 52.68055 = L_Mnfld: 17.45237 + L_NonMnfld: 8.00047 + L_Nrml: 0.00000 + L_Eknl: 15.48169 + L_Div: 0.00000 + L_Morse: 11.74602
Epoch: 0 [ 300/10000 (3%)] Unweighted L_s : L_Mnfld: 0.00249,  L_NonMnfld: 0.01333,  L_Nrml: 0.00000,  L_Eknl: 0.30963, L_Morse: 1.17460

Weights: [7000.0, 600.0, 0, 50.0, 0.0, 10.0], lr=5.000e-05
Epoch: 0 [ 310/10000 (3%)] Loss: 50.90300 = L_Mnfld: 17.38219 + L_NonMnfld: 6.49000 + L_Nrml: 0.00000 + L_Eknl: 15.04795 + L_Div: 0.00000 + L_Morse: 11.98287
Epoch: 0 [ 310/10000 (3%)] Unweighted L_s : L_Mnfld: 0.00248,  L_NonMnfld: 0.01082,  L_Nrml: 0.00000,  L_Eknl: 0.30096, L_Morse: 1.19829

Weights: [7000.0, 600.0, 0, 50.0, 0.0, 10.0], lr=5.000e-05
Epoch: 0 [ 320/10000 (3%)] Loss: 51.05519 = L_Mnfld: 16.22574 + L_NonMnfld: 7.45127 + L_Nrml: 0.00000 + L_Eknl: 15.26990 + L_Div: 0.00000 + L_Morse: 12.10828
Epoch: 0 [ 320/10000 (3%)] Unweighted L_s : L_Mnfld: 0.00232,  L_NonMnfld: 0.01242,  L_Nrml: 0.00000,  L_Eknl: 0.30540, L_Morse: 1.21083

Weights: [7000.0, 600.0, 0, 50.0, 0.0, 10.0], lr=5.000e-05
Epoch: 0 [ 330/10000 (3%)] Loss: 51.40018 = L_Mnfld: 17.34376 + L_NonMnfld: 7.07544 + L_Nrml: 0.00000 + L_Eknl: 15.01246 + L_Div: 0.00000 + L_Morse: 11.96853
Epoch: 0 [ 330/10000 (3%)] Unweighted L_s : L_Mnfld: 0.00248,  L_NonMnfld: 0.01179,  L_Nrml: 0.00000,  L_Eknl: 0.30025, L_Morse: 1.19685

Weights: [7000.0, 600.0, 0, 50.0, 0.0, 10.0], lr=5.000e-05
Epoch: 0 [ 340/10000 (3%)] Loss: 50.75438 = L_Mnfld: 16.05808 + L_NonMnfld: 7.78656 + L_Nrml: 0.00000 + L_Eknl: 15.20314 + L_Div: 0.00000 + L_Morse: 11.70659
Epoch: 0 [ 340/10000 (3%)] Unweighted L_s : L_Mnfld: 0.00229,  L_NonMnfld: 0.01298,  L_Nrml: 0.00000,  L_Eknl: 0.30406, L_Morse: 1.17066

Weights: [7000.0, 600.0, 0, 50.0, 0.0, 10.0], lr=5.000e-05
Epoch: 0 [ 350/10000 (4%)] Loss: 49.49622 = L_Mnfld: 15.92125 + L_NonMnfld: 7.04033 + L_Nrml: 0.00000 + L_Eknl: 14.79324 + L_Div: 0.00000 + L_Morse: 11.74141
Epoch: 0 [ 350/10000 (4%)] Unweighted L_s : L_Mnfld: 0.00227,  L_NonMnfld: 0.01173,  L_Nrml: 0.00000,  L_Eknl: 0.29586, L_Morse: 1.17414

Weights: [7000.0, 600.0, 0, 50.0, 0.0, 10.0], lr=5.000e-05
Epoch: 0 [ 360/10000 (4%)] Loss: 49.44353 = L_Mnfld: 15.58139 + L_NonMnfld: 6.86919 + L_Nrml: 0.00000 + L_Eknl: 14.84035 + L_Div: 0.00000 + L_Morse: 12.15260
Epoch: 0 [ 360/10000 (4%)] Unweighted L_s : L_Mnfld: 0.00223,  L_NonMnfld: 0.01145,  L_Nrml: 0.00000,  L_Eknl: 0.29681, L_Morse: 1.21526

Weights: [7000.0, 600.0, 0, 50.0, 0.0, 10.0], lr=5.000e-05
Epoch: 0 [ 370/10000 (4%)] Loss: 51.09076 = L_Mnfld: 16.96658 + L_NonMnfld: 7.47726 + L_Nrml: 0.00000 + L_Eknl: 14.31959 + L_Div: 0.00000 + L_Morse: 12.32734
Epoch: 0 [ 370/10000 (4%)] Unweighted L_s : L_Mnfld: 0.00242,  L_NonMnfld: 0.01246,  L_Nrml: 0.00000,  L_Eknl: 0.28639, L_Morse: 1.23273

Weights: [7000.0, 600.0, 0, 50.0, 0.0, 10.0], lr=5.000e-05
Epoch: 0 [ 380/10000 (4%)] Loss: 50.45016 = L_Mnfld: 16.54565 + L_NonMnfld: 7.71070 + L_Nrml: 0.00000 + L_Eknl: 14.51951 + L_Div: 0.00000 + L_Morse: 11.67431
Epoch: 0 [ 380/10000 (4%)] Unweighted L_s : L_Mnfld: 0.00236,  L_NonMnfld: 0.01285,  L_Nrml: 0.00000,  L_Eknl: 0.29039, L_Morse: 1.16743

Weights: [7000.0, 600.0, 0, 50.0, 0.0, 10.0], lr=5.000e-05
Epoch: 0 [ 390/10000 (4%)] Loss: 48.92586 = L_Mnfld: 15.39371 + L_NonMnfld: 6.87224 + L_Nrml: 0.00000 + L_Eknl: 14.40892 + L_Div: 0.00000 + L_Morse: 12.25099
Epoch: 0 [ 390/10000 (4%)] Unweighted L_s : L_Mnfld: 0.00220,  L_NonMnfld: 0.01145,  L_Nrml: 0.00000,  L_Eknl: 0.28818, L_Morse: 1.22510

Weights: [7000.0, 600.0, 0, 50.0, 0.0, 10.0], lr=5.000e-05
Epoch: 0 [ 400/10000 (4%)] Loss: 54.25475 = L_Mnfld: 20.29051 + L_NonMnfld: 6.47813 + L_Nrml: 0.00000 + L_Eknl: 14.95448 + L_Div: 0.00000 + L_Morse: 12.53164
Epoch: 0 [ 400/10000 (4%)] Unweighted L_s : L_Mnfld: 0.00290,  L_NonMnfld: 0.01080,  L_Nrml: 0.00000,  L_Eknl: 0.29909, L_Morse: 1.25316

Weights: [7000.0, 600.0, 0, 50.0, 0.0, 10.0], lr=5.000e-05
Epoch: 0 [ 410/10000 (4%)] Loss: 54.46143 = L_Mnfld: 20.15105 + L_NonMnfld: 7.00962 + L_Nrml: 0.00000 + L_Eknl: 14.69970 + L_Div: 0.00000 + L_Morse: 12.60107
Epoch: 0 [ 410/10000 (4%)] Unweighted L_s : L_Mnfld: 0.00288,  L_NonMnfld: 0.01168,  L_Nrml: 0.00000,  L_Eknl: 0.29399, L_Morse: 1.26011

Weights: [7000.0, 600.0, 0, 50.0, 0.0, 10.0], lr=5.000e-05
Epoch: 0 [ 420/10000 (4%)] Loss: 73.24760 = L_Mnfld: 32.15241 + L_NonMnfld: 8.23915 + L_Nrml: 0.00000 + L_Eknl: 15.43381 + L_Div: 0.00000 + L_Morse: 17.42224
Epoch: 0 [ 420/10000 (4%)] Unweighted L_s : L_Mnfld: 0.00459,  L_NonMnfld: 0.01373,  L_Nrml: 0.00000,  L_Eknl: 0.30868, L_Morse: 1.74222

Weights: [7000.0, 600.0, 0, 50.0, 0.0, 10.0], lr=5.000e-05
Epoch: 0 [ 430/10000 (4%)] Loss: 64.72935 = L_Mnfld: 23.60267 + L_NonMnfld: 7.90497 + L_Nrml: 0.00000 + L_Eknl: 16.83388 + L_Div: 0.00000 + L_Morse: 16.38784
Epoch: 0 [ 430/10000 (4%)] Unweighted L_s : L_Mnfld: 0.00337,  L_NonMnfld: 0.01317,  L_Nrml: 0.00000,  L_Eknl: 0.33668, L_Morse: 1.63878

Weights: [7000.0, 600.0, 0, 50.0, 0.0, 10.0], lr=5.000e-05
Epoch: 0 [ 440/10000 (4%)] Loss: 65.54259 = L_Mnfld: 25.10574 + L_NonMnfld: 7.31844 + L_Nrml: 0.00000 + L_Eknl: 17.30257 + L_Div: 0.00000 + L_Morse: 15.81584
Epoch: 0 [ 440/10000 (4%)] Unweighted L_s : L_Mnfld: 0.00359,  L_NonMnfld: 0.01220,  L_Nrml: 0.00000,  L_Eknl: 0.34605, L_Morse: 1.58158

Weights: [7000.0, 600.0, 0, 50.0, 0.0, 10.0], lr=5.000e-05
Epoch: 0 [ 450/10000 (4%)] Loss: 56.95766 = L_Mnfld: 18.86547 + L_NonMnfld: 8.06596 + L_Nrml: 0.00000 + L_Eknl: 16.42292 + L_Div: 0.00000 + L_Morse: 13.60331
Epoch: 0 [ 450/10000 (4%)] Unweighted L_s : L_Mnfld: 0.00270,  L_NonMnfld: 0.01344,  L_Nrml: 0.00000,  L_Eknl: 0.32846, L_Morse: 1.36033

Weights: [7000.0, 600.0, 0, 50.0, 0.0, 10.0], lr=5.000e-05
Epoch: 0 [ 460/10000 (5%)] Loss: 54.86504 = L_Mnfld: 19.62858 + L_NonMnfld: 7.18479 + L_Nrml: 0.00000 + L_Eknl: 15.28025 + L_Div: 0.00000 + L_Morse: 12.77142
Epoch: 0 [ 460/10000 (5%)] Unweighted L_s : L_Mnfld: 0.00280,  L_NonMnfld: 0.01197,  L_Nrml: 0.00000,  L_Eknl: 0.30561, L_Morse: 1.27714

Weights: [7000.0, 600.0, 0, 50.0, 0.0, 10.0], lr=5.000e-05
Epoch: 0 [ 470/10000 (5%)] Loss: 51.82430 = L_Mnfld: 16.76936 + L_NonMnfld: 7.87214 + L_Nrml: 0.00000 + L_Eknl: 15.31798 + L_Div: 0.00000 + L_Morse: 11.86483
Epoch: 0 [ 470/10000 (5%)] Unweighted L_s : L_Mnfld: 0.00240,  L_NonMnfld: 0.01312,  L_Nrml: 0.00000,  L_Eknl: 0.30636, L_Morse: 1.18648

Weights: [7000.0, 600.0, 0, 50.0, 0.0, 10.0], lr=5.000e-05
Epoch: 0 [ 480/10000 (5%)] Loss: 50.14384 = L_Mnfld: 17.46137 + L_NonMnfld: 6.82978 + L_Nrml: 0.00000 + L_Eknl: 14.53280 + L_Div: 0.00000 + L_Morse: 11.31991
Epoch: 0 [ 480/10000 (5%)] Unweighted L_s : L_Mnfld: 0.00249,  L_NonMnfld: 0.01138,  L_Nrml: 0.00000,  L_Eknl: 0.29066, L_Morse: 1.13199

Weights: [7000.0, 600.0, 0, 50.0, 0.0, 10.0], lr=5.000e-05
Epoch: 0 [ 490/10000 (5%)] Loss: 47.52747 = L_Mnfld: 14.27507 + L_NonMnfld: 7.10648 + L_Nrml: 0.00000 + L_Eknl: 14.52094 + L_Div: 0.00000 + L_Morse: 11.62497
Epoch: 0 [ 490/10000 (5%)] Unweighted L_s : L_Mnfld: 0.00204,  L_NonMnfld: 0.01184,  L_Nrml: 0.00000,  L_Eknl: 0.29042, L_Morse: 1.16250

Weights: [7000.0, 600.0, 0, 50.0, 0.0, 10.0], lr=5.000e-05
Epoch: 0 [ 500/10000 (5%)] Loss: 45.06284 = L_Mnfld: 12.66425 + L_NonMnfld: 6.91446 + L_Nrml: 0.00000 + L_Eknl: 14.04975 + L_Div: 0.00000 + L_Morse: 11.43437
Epoch: 0 [ 500/10000 (5%)] Unweighted L_s : L_Mnfld: 0.00181,  L_NonMnfld: 0.01152,  L_Nrml: 0.00000,  L_Eknl: 0.28100, L_Morse: 1.14344

Weights: [7000.0, 600.0, 0, 50.0, 0.0, 10.0], lr=5.000e-05
Epoch: 0 [ 510/10000 (5%)] Loss: 45.39420 = L_Mnfld: 13.55879 + L_NonMnfld: 6.66861 + L_Nrml: 0.00000 + L_Eknl: 13.96762 + L_Div: 0.00000 + L_Morse: 11.19918
Epoch: 0 [ 510/10000 (5%)] Unweighted L_s : L_Mnfld: 0.00194,  L_NonMnfld: 0.01111,  L_Nrml: 0.00000,  L_Eknl: 0.27935, L_Morse: 1.11992

Weights: [7000.0, 600.0, 0, 50.0, 0.0, 10.0], lr=5.000e-05
Epoch: 0 [ 520/10000 (5%)] Loss: 46.61629 = L_Mnfld: 14.25672 + L_NonMnfld: 6.97423 + L_Nrml: 0.00000 + L_Eknl: 13.82280 + L_Div: 0.00000 + L_Morse: 11.56253
Epoch: 0 [ 520/10000 (5%)] Unweighted L_s : L_Mnfld: 0.00204,  L_NonMnfld: 0.01162,  L_Nrml: 0.00000,  L_Eknl: 0.27646, L_Morse: 1.15625

Weights: [7000.0, 600.0, 0, 50.0, 0.0, 10.0], lr=5.000e-05
Epoch: 0 [ 530/10000 (5%)] Loss: 44.09900 = L_Mnfld: 11.65400 + L_NonMnfld: 7.03941 + L_Nrml: 0.00000 + L_Eknl: 13.82852 + L_Div: 0.00000 + L_Morse: 11.57705
Epoch: 0 [ 530/10000 (5%)] Unweighted L_s : L_Mnfld: 0.00166,  L_NonMnfld: 0.01173,  L_Nrml: 0.00000,  L_Eknl: 0.27657, L_Morse: 1.15771

Weights: [7000.0, 600.0, 0, 50.0, 0.0, 10.0], lr=5.000e-05
Epoch: 0 [ 540/10000 (5%)] Loss: 44.63045 = L_Mnfld: 12.28882 + L_NonMnfld: 7.25183 + L_Nrml: 0.00000 + L_Eknl: 13.65093 + L_Div: 0.00000 + L_Morse: 11.43888
Epoch: 0 [ 540/10000 (5%)] Unweighted L_s : L_Mnfld: 0.00176,  L_NonMnfld: 0.01209,  L_Nrml: 0.00000,  L_Eknl: 0.27302, L_Morse: 1.14389

Weights: [7000.0, 600.0, 0, 50.0, 0.0, 10.0], lr=5.000e-05
Epoch: 0 [ 550/10000 (6%)] Loss: 43.71526 = L_Mnfld: 11.70397 + L_NonMnfld: 7.41232 + L_Nrml: 0.00000 + L_Eknl: 13.78870 + L_Div: 0.00000 + L_Morse: 10.81026
Epoch: 0 [ 550/10000 (6%)] Unweighted L_s : L_Mnfld: 0.00167,  L_NonMnfld: 0.01235,  L_Nrml: 0.00000,  L_Eknl: 0.27577, L_Morse: 1.08103

Weights: [7000.0, 600.0, 0, 50.0, 0.0, 10.0], lr=5.000e-05
Epoch: 0 [ 560/10000 (6%)] Loss: 43.43148 = L_Mnfld: 12.21809 + L_NonMnfld: 6.60711 + L_Nrml: 0.00000 + L_Eknl: 13.35966 + L_Div: 0.00000 + L_Morse: 11.24662
Epoch: 0 [ 560/10000 (6%)] Unweighted L_s : L_Mnfld: 0.00175,  L_NonMnfld: 0.01101,  L_Nrml: 0.00000,  L_Eknl: 0.26719, L_Morse: 1.12466

Weights: [7000.0, 600.0, 0, 50.0, 0.0, 10.0], lr=5.000e-05
Epoch: 0 [ 570/10000 (6%)] Loss: 43.28786 = L_Mnfld: 11.68345 + L_NonMnfld: 6.68852 + L_Nrml: 0.00000 + L_Eknl: 13.53159 + L_Div: 0.00000 + L_Morse: 11.38431
Epoch: 0 [ 570/10000 (6%)] Unweighted L_s : L_Mnfld: 0.00167,  L_NonMnfld: 0.01115,  L_Nrml: 0.00000,  L_Eknl: 0.27063, L_Morse: 1.13843

Weights: [7000.0, 600.0, 0, 50.0, 0.0, 10.0], lr=5.000e-05
Epoch: 0 [ 580/10000 (6%)] Loss: 43.08032 = L_Mnfld: 11.35740 + L_NonMnfld: 6.60988 + L_Nrml: 0.00000 + L_Eknl: 13.21569 + L_Div: 0.00000 + L_Morse: 11.89735
Epoch: 0 [ 580/10000 (6%)] Unweighted L_s : L_Mnfld: 0.00162,  L_NonMnfld: 0.01102,  L_Nrml: 0.00000,  L_Eknl: 0.26431, L_Morse: 1.18973

Weights: [7000.0, 600.0, 0, 50.0, 0.0, 10.0], lr=5.000e-05
Epoch: 0 [ 590/10000 (6%)] Loss: 42.74361 = L_Mnfld: 11.22056 + L_NonMnfld: 7.25721 + L_Nrml: 0.00000 + L_Eknl: 13.06871 + L_Div: 0.00000 + L_Morse: 11.19714
Epoch: 0 [ 590/10000 (6%)] Unweighted L_s : L_Mnfld: 0.00160,  L_NonMnfld: 0.01210,  L_Nrml: 0.00000,  L_Eknl: 0.26137, L_Morse: 1.11971

Weights: [7000.0, 600.0, 0, 50.0, 0.0, 10.0], lr=5.000e-05
Epoch: 0 [ 600/10000 (6%)] Loss: 42.07014 = L_Mnfld: 11.04942 + L_NonMnfld: 6.55401 + L_Nrml: 0.00000 + L_Eknl: 12.83327 + L_Div: 0.00000 + L_Morse: 11.63344
Epoch: 0 [ 600/10000 (6%)] Unweighted L_s : L_Mnfld: 0.00158,  L_NonMnfld: 0.01092,  L_Nrml: 0.00000,  L_Eknl: 0.25667, L_Morse: 1.16334

Weights: [7000.0, 600.0, 0, 50.0, 0.0, 10.0], lr=5.000e-05
Epoch: 0 [ 610/10000 (6%)] Loss: 41.67494 = L_Mnfld: 11.01117 + L_NonMnfld: 6.19120 + L_Nrml: 0.00000 + L_Eknl: 13.03739 + L_Div: 0.00000 + L_Morse: 11.43517
Epoch: 0 [ 610/10000 (6%)] Unweighted L_s : L_Mnfld: 0.00157,  L_NonMnfld: 0.01032,  L_Nrml: 0.00000,  L_Eknl: 0.26075, L_Morse: 1.14352

Weights: [7000.0, 600.0, 0, 50.0, 0.0, 10.0], lr=5.000e-05
Epoch: 0 [ 620/10000 (6%)] Loss: 42.73021 = L_Mnfld: 11.53945 + L_NonMnfld: 6.69266 + L_Nrml: 0.00000 + L_Eknl: 12.80188 + L_Div: 0.00000 + L_Morse: 11.69622
Epoch: 0 [ 620/10000 (6%)] Unweighted L_s : L_Mnfld: 0.00165,  L_NonMnfld: 0.01115,  L_Nrml: 0.00000,  L_Eknl: 0.25604, L_Morse: 1.16962

Weights: [7000.0, 600.0, 0, 50.0, 0.0, 10.0], lr=5.000e-05
Epoch: 0 [ 630/10000 (6%)] Loss: 41.89281 = L_Mnfld: 10.99072 + L_NonMnfld: 6.54951 + L_Nrml: 0.00000 + L_Eknl: 12.75043 + L_Div: 0.00000 + L_Morse: 11.60214
Epoch: 0 [ 630/10000 (6%)] Unweighted L_s : L_Mnfld: 0.00157,  L_NonMnfld: 0.01092,  L_Nrml: 0.00000,  L_Eknl: 0.25501, L_Morse: 1.16021

Weights: [7000.0, 600.0, 0, 50.0, 0.0, 10.0], lr=5.000e-05
Epoch: 0 [ 640/10000 (6%)] Loss: 44.73916 = L_Mnfld: 13.03511 + L_NonMnfld: 6.99966 + L_Nrml: 0.00000 + L_Eknl: 12.63706 + L_Div: 0.00000 + L_Morse: 12.06732
Epoch: 0 [ 640/10000 (6%)] Unweighted L_s : L_Mnfld: 0.00186,  L_NonMnfld: 0.01167,  L_Nrml: 0.00000,  L_Eknl: 0.25274, L_Morse: 1.20673

Weights: [7000.0, 600.0, 0, 50.0, 0.0, 10.0], lr=5.000e-05
Epoch: 0 [ 650/10000 (6%)] Loss: 41.75051 = L_Mnfld: 11.20330 + L_NonMnfld: 6.32222 + L_Nrml: 0.00000 + L_Eknl: 12.56814 + L_Div: 0.00000 + L_Morse: 11.65685
Epoch: 0 [ 650/10000 (6%)] Unweighted L_s : L_Mnfld: 0.00160,  L_NonMnfld: 0.01054,  L_Nrml: 0.00000,  L_Eknl: 0.25136, L_Morse: 1.16569

Weights: [7000.0, 600.0, 0, 50.0, 0.0, 10.0], lr=5.000e-05
Epoch: 0 [ 660/10000 (7%)] Loss: 41.25264 = L_Mnfld: 10.54879 + L_NonMnfld: 6.52276 + L_Nrml: 0.00000 + L_Eknl: 12.51311 + L_Div: 0.00000 + L_Morse: 11.66799
Epoch: 0 [ 660/10000 (7%)] Unweighted L_s : L_Mnfld: 0.00151,  L_NonMnfld: 0.01087,  L_Nrml: 0.00000,  L_Eknl: 0.25026, L_Morse: 1.16680

Weights: [7000.0, 600.0, 0, 50.0, 0.0, 10.0], lr=5.000e-05
Epoch: 0 [ 670/10000 (7%)] Loss: 42.89776 = L_Mnfld: 10.73999 + L_NonMnfld: 7.66059 + L_Nrml: 0.00000 + L_Eknl: 12.90413 + L_Div: 0.00000 + L_Morse: 11.59305
Epoch: 0 [ 670/10000 (7%)] Unweighted L_s : L_Mnfld: 0.00153,  L_NonMnfld: 0.01277,  L_Nrml: 0.00000,  L_Eknl: 0.25808, L_Morse: 1.15931

Weights: [7000.0, 600.0, 0, 50.0, 0.0, 10.0], lr=5.000e-05
Epoch: 0 [ 680/10000 (7%)] Loss: 42.04272 = L_Mnfld: 11.19389 + L_NonMnfld: 6.72242 + L_Nrml: 0.00000 + L_Eknl: 12.60430 + L_Div: 0.00000 + L_Morse: 11.52212
Epoch: 0 [ 680/10000 (7%)] Unweighted L_s : L_Mnfld: 0.00160,  L_NonMnfld: 0.01120,  L_Nrml: 0.00000,  L_Eknl: 0.25209, L_Morse: 1.15221

Weights: [7000.0, 600.0, 0, 50.0, 0.0, 10.0], lr=5.000e-05
Epoch: 0 [ 690/10000 (7%)] Loss: 41.53951 = L_Mnfld: 10.35265 + L_NonMnfld: 6.90825 + L_Nrml: 0.00000 + L_Eknl: 12.56841 + L_Div: 0.00000 + L_Morse: 11.71020
Epoch: 0 [ 690/10000 (7%)] Unweighted L_s : L_Mnfld: 0.00148,  L_NonMnfld: 0.01151,  L_Nrml: 0.00000,  L_Eknl: 0.25137, L_Morse: 1.17102

Weights: [7000.0, 600.0, 0, 50.0, 0.0, 10.0], lr=5.000e-05
Epoch: 0 [ 700/10000 (7%)] Loss: 43.04855 = L_Mnfld: 12.11865 + L_NonMnfld: 6.64263 + L_Nrml: 0.00000 + L_Eknl: 12.47952 + L_Div: 0.00000 + L_Morse: 11.80775
Epoch: 0 [ 700/10000 (7%)] Unweighted L_s : L_Mnfld: 0.00173,  L_NonMnfld: 0.01107,  L_Nrml: 0.00000,  L_Eknl: 0.24959, L_Morse: 1.18078

Weights: [7000.0, 600.0, 0, 50.0, 0.0, 10.0], lr=5.000e-05
Epoch: 0 [ 710/10000 (7%)] Loss: 43.57396 = L_Mnfld: 11.76448 + L_NonMnfld: 7.59422 + L_Nrml: 0.00000 + L_Eknl: 12.88963 + L_Div: 0.00000 + L_Morse: 11.32563
Epoch: 0 [ 710/10000 (7%)] Unweighted L_s : L_Mnfld: 0.00168,  L_NonMnfld: 0.01266,  L_Nrml: 0.00000,  L_Eknl: 0.25779, L_Morse: 1.13256

Weights: [7000.0, 600.0, 0, 50.0, 0.0, 10.0], lr=5.000e-05
Epoch: 0 [ 720/10000 (7%)] Loss: 44.16209 = L_Mnfld: 12.65143 + L_NonMnfld: 6.94215 + L_Nrml: 0.00000 + L_Eknl: 12.47938 + L_Div: 0.00000 + L_Morse: 12.08913
Epoch: 0 [ 720/10000 (7%)] Unweighted L_s : L_Mnfld: 0.00181,  L_NonMnfld: 0.01157,  L_Nrml: 0.00000,  L_Eknl: 0.24959, L_Morse: 1.20891

Weights: [7000.0, 600.0, 0, 50.0, 0.0, 10.0], lr=5.000e-05
Epoch: 0 [ 730/10000 (7%)] Loss: 50.01489 = L_Mnfld: 17.37923 + L_NonMnfld: 7.33027 + L_Nrml: 0.00000 + L_Eknl: 13.69589 + L_Div: 0.00000 + L_Morse: 11.60950
Epoch: 0 [ 730/10000 (7%)] Unweighted L_s : L_Mnfld: 0.00248,  L_NonMnfld: 0.01222,  L_Nrml: 0.00000,  L_Eknl: 0.27392, L_Morse: 1.16095

Weights: [7000.0, 600.0, 0, 50.0, 0.0, 10.0], lr=5.000e-05
Epoch: 0 [ 740/10000 (7%)] Loss: 48.23629 = L_Mnfld: 16.48799 + L_NonMnfld: 6.26491 + L_Nrml: 0.00000 + L_Eknl: 12.95542 + L_Div: 0.00000 + L_Morse: 12.52797
Epoch: 0 [ 740/10000 (7%)] Unweighted L_s : L_Mnfld: 0.00236,  L_NonMnfld: 0.01044,  L_Nrml: 0.00000,  L_Eknl: 0.25911, L_Morse: 1.25280

Weights: [7000.0, 600.0, 0, 50.0, 0.0, 10.0], lr=5.000e-05
Epoch: 0 [ 750/10000 (8%)] Loss: 44.60783 = L_Mnfld: 12.61003 + L_NonMnfld: 7.08998 + L_Nrml: 0.00000 + L_Eknl: 13.05303 + L_Div: 0.00000 + L_Morse: 11.85479
Epoch: 0 [ 750/10000 (8%)] Unweighted L_s : L_Mnfld: 0.00180,  L_NonMnfld: 0.01182,  L_Nrml: 0.00000,  L_Eknl: 0.26106, L_Morse: 1.18548

Weights: [7000.0, 600.0, 0, 50.0, 0.0, 10.0], lr=5.000e-05
Epoch: 0 [ 760/10000 (8%)] Loss: 44.35423 = L_Mnfld: 13.57130 + L_NonMnfld: 6.17779 + L_Nrml: 0.00000 + L_Eknl: 12.43232 + L_Div: 0.00000 + L_Morse: 12.17282
Epoch: 0 [ 760/10000 (8%)] Unweighted L_s : L_Mnfld: 0.00194,  L_NonMnfld: 0.01030,  L_Nrml: 0.00000,  L_Eknl: 0.24865, L_Morse: 1.21728

Weights: [7000.0, 600.0, 0, 50.0, 0.0, 10.0], lr=5.000e-05
Epoch: 0 [ 770/10000 (8%)] Loss: 45.34375 = L_Mnfld: 13.99309 + L_NonMnfld: 6.56288 + L_Nrml: 0.00000 + L_Eknl: 12.60952 + L_Div: 0.00000 + L_Morse: 12.17826
Epoch: 0 [ 770/10000 (8%)] Unweighted L_s : L_Mnfld: 0.00200,  L_NonMnfld: 0.01094,  L_Nrml: 0.00000,  L_Eknl: 0.25219, L_Morse: 1.21783

Weights: [7000.0, 600.0, 0, 50.0, 0.0, 10.0], lr=5.000e-05
Epoch: 0 [ 780/10000 (8%)] Loss: 44.91640 = L_Mnfld: 13.28483 + L_NonMnfld: 6.49389 + L_Nrml: 0.00000 + L_Eknl: 12.41871 + L_Div: 0.00000 + L_Morse: 12.71898
Epoch: 0 [ 780/10000 (8%)] Unweighted L_s : L_Mnfld: 0.00190,  L_NonMnfld: 0.01082,  L_Nrml: 0.00000,  L_Eknl: 0.24837, L_Morse: 1.27190

Weights: [7000.0, 600.0, 0, 50.0, 0.0, 10.0], lr=5.000e-05
Epoch: 0 [ 790/10000 (8%)] Loss: 43.50434 = L_Mnfld: 11.78845 + L_NonMnfld: 7.00402 + L_Nrml: 0.00000 + L_Eknl: 13.05054 + L_Div: 0.00000 + L_Morse: 11.66132
Epoch: 0 [ 790/10000 (8%)] Unweighted L_s : L_Mnfld: 0.00168,  L_NonMnfld: 0.01167,  L_Nrml: 0.00000,  L_Eknl: 0.26101, L_Morse: 1.16613

Weights: [7000.0, 600.0, 0, 50.0, 0.0, 10.0], lr=5.000e-05
Epoch: 0 [ 800/10000 (8%)] Loss: 43.39131 = L_Mnfld: 12.32777 + L_NonMnfld: 6.54218 + L_Nrml: 0.00000 + L_Eknl: 12.46442 + L_Div: 0.00000 + L_Morse: 12.05693
Epoch: 0 [ 800/10000 (8%)] Unweighted L_s : L_Mnfld: 0.00176,  L_NonMnfld: 0.01090,  L_Nrml: 0.00000,  L_Eknl: 0.24929, L_Morse: 1.20569

Weights: [7000.0, 600.0, 0, 50.0, 0.0, 10.0], lr=5.000e-05
Epoch: 0 [ 810/10000 (8%)] Loss: 42.28355 = L_Mnfld: 11.09566 + L_NonMnfld: 6.97256 + L_Nrml: 0.00000 + L_Eknl: 12.68845 + L_Div: 0.00000 + L_Morse: 11.52689
Epoch: 0 [ 810/10000 (8%)] Unweighted L_s : L_Mnfld: 0.00159,  L_NonMnfld: 0.01162,  L_Nrml: 0.00000,  L_Eknl: 0.25377, L_Morse: 1.15269

Weights: [7000.0, 600.0, 0, 50.0, 0.0, 10.0], lr=5.000e-05
Epoch: 0 [ 820/10000 (8%)] Loss: 42.48710 = L_Mnfld: 11.83398 + L_NonMnfld: 6.89629 + L_Nrml: 0.00000 + L_Eknl: 12.31462 + L_Div: 0.00000 + L_Morse: 11.44221
Epoch: 0 [ 820/10000 (8%)] Unweighted L_s : L_Mnfld: 0.00169,  L_NonMnfld: 0.01149,  L_Nrml: 0.00000,  L_Eknl: 0.24629, L_Morse: 1.14422

Weights: [7000.0, 600.0, 0, 50.0, 0.0, 10.0], lr=5.000e-05
Epoch: 0 [ 830/10000 (8%)] Loss: 42.83336 = L_Mnfld: 11.68578 + L_NonMnfld: 7.06020 + L_Nrml: 0.00000 + L_Eknl: 12.06689 + L_Div: 0.00000 + L_Morse: 12.02050
Epoch: 0 [ 830/10000 (8%)] Unweighted L_s : L_Mnfld: 0.00167,  L_NonMnfld: 0.01177,  L_Nrml: 0.00000,  L_Eknl: 0.24134, L_Morse: 1.20205

Weights: [7000.0, 600.0, 0, 50.0, 0.0, 10.0], lr=5.000e-05
Epoch: 0 [ 840/10000 (8%)] Loss: 41.42968 = L_Mnfld: 10.92957 + L_NonMnfld: 6.60875 + L_Nrml: 0.00000 + L_Eknl: 12.20954 + L_Div: 0.00000 + L_Morse: 11.68182
Epoch: 0 [ 840/10000 (8%)] Unweighted L_s : L_Mnfld: 0.00156,  L_NonMnfld: 0.01101,  L_Nrml: 0.00000,  L_Eknl: 0.24419, L_Morse: 1.16818

Weights: [7000.0, 600.0, 0, 50.0, 0.0, 10.0], lr=5.000e-05
Epoch: 0 [ 850/10000 (8%)] Loss: 40.39094 = L_Mnfld: 9.73379 + L_NonMnfld: 6.69329 + L_Nrml: 0.00000 + L_Eknl: 12.29705 + L_Div: 0.00000 + L_Morse: 11.66681
Epoch: 0 [ 850/10000 (8%)] Unweighted L_s : L_Mnfld: 0.00139,  L_NonMnfld: 0.01116,  L_Nrml: 0.00000,  L_Eknl: 0.24594, L_Morse: 1.16668

Weights: [7000.0, 600.0, 0, 50.0, 0.0, 10.0], lr=5.000e-05
Epoch: 0 [ 860/10000 (9%)] Loss: 41.70775 = L_Mnfld: 11.25179 + L_NonMnfld: 6.69969 + L_Nrml: 0.00000 + L_Eknl: 12.07126 + L_Div: 0.00000 + L_Morse: 11.68500
Epoch: 0 [ 860/10000 (9%)] Unweighted L_s : L_Mnfld: 0.00161,  L_NonMnfld: 0.01117,  L_Nrml: 0.00000,  L_Eknl: 0.24143, L_Morse: 1.16850

Weights: [7000.0, 600.0, 0, 50.0, 0.0, 10.0], lr=5.000e-05
Epoch: 0 [ 870/10000 (9%)] Loss: 39.56379 = L_Mnfld: 9.25363 + L_NonMnfld: 6.85605 + L_Nrml: 0.00000 + L_Eknl: 12.28883 + L_Div: 0.00000 + L_Morse: 11.16527
Epoch: 0 [ 870/10000 (9%)] Unweighted L_s : L_Mnfld: 0.00132,  L_NonMnfld: 0.01143,  L_Nrml: 0.00000,  L_Eknl: 0.24578, L_Morse: 1.11653

Weights: [7000.0, 600.0, 0, 50.0, 0.0, 10.0], lr=5.000e-05
Epoch: 0 [ 880/10000 (9%)] Loss: 39.86636 = L_Mnfld: 10.46161 + L_NonMnfld: 5.96812 + L_Nrml: 0.00000 + L_Eknl: 11.94858 + L_Div: 0.00000 + L_Morse: 11.48806
Epoch: 0 [ 880/10000 (9%)] Unweighted L_s : L_Mnfld: 0.00149,  L_NonMnfld: 0.00995,  L_Nrml: 0.00000,  L_Eknl: 0.23897, L_Morse: 1.14881

Weights: [7000.0, 600.0, 0, 50.0, 0.0, 10.0], lr=5.000e-05
Epoch: 0 [ 890/10000 (9%)] Loss: 41.02907 = L_Mnfld: 10.76371 + L_NonMnfld: 6.74499 + L_Nrml: 0.00000 + L_Eknl: 11.74867 + L_Div: 0.00000 + L_Morse: 11.77169
Epoch: 0 [ 890/10000 (9%)] Unweighted L_s : L_Mnfld: 0.00154,  L_NonMnfld: 0.01124,  L_Nrml: 0.00000,  L_Eknl: 0.23497, L_Morse: 1.17717

Weights: [7000.0, 600.0, 0, 50.0, 0.0, 10.0], lr=5.000e-05
Epoch: 0 [ 900/10000 (9%)] Loss: 41.35088 = L_Mnfld: 11.50913 + L_NonMnfld: 6.46201 + L_Nrml: 0.00000 + L_Eknl: 11.90826 + L_Div: 0.00000 + L_Morse: 11.47149
Epoch: 0 [ 900/10000 (9%)] Unweighted L_s : L_Mnfld: 0.00164,  L_NonMnfld: 0.01077,  L_Nrml: 0.00000,  L_Eknl: 0.23817, L_Morse: 1.14715

Weights: [7000.0, 600.0, 0, 50.0, 0.0, 10.0], lr=5.000e-05
Epoch: 0 [ 910/10000 (9%)] Loss: 40.34046 = L_Mnfld: 9.69992 + L_NonMnfld: 6.92655 + L_Nrml: 0.00000 + L_Eknl: 12.41815 + L_Div: 0.00000 + L_Morse: 11.29584
Epoch: 0 [ 910/10000 (9%)] Unweighted L_s : L_Mnfld: 0.00139,  L_NonMnfld: 0.01154,  L_Nrml: 0.00000,  L_Eknl: 0.24836, L_Morse: 1.12958

Weights: [7000.0, 600.0, 0, 50.0, 0.0, 10.0], lr=5.000e-05
Epoch: 0 [ 920/10000 (9%)] Loss: 40.68294 = L_Mnfld: 10.11598 + L_NonMnfld: 6.64276 + L_Nrml: 0.00000 + L_Eknl: 11.89188 + L_Div: 0.00000 + L_Morse: 12.03232
Epoch: 0 [ 920/10000 (9%)] Unweighted L_s : L_Mnfld: 0.00145,  L_NonMnfld: 0.01107,  L_Nrml: 0.00000,  L_Eknl: 0.23784, L_Morse: 1.20323

Weights: [7000.0, 600.0, 0, 50.0, 0.0, 10.0], lr=5.000e-05
Epoch: 0 [ 930/10000 (9%)] Loss: 39.39890 = L_Mnfld: 9.47493 + L_NonMnfld: 6.44274 + L_Nrml: 0.00000 + L_Eknl: 11.88233 + L_Div: 0.00000 + L_Morse: 11.59889
Epoch: 0 [ 930/10000 (9%)] Unweighted L_s : L_Mnfld: 0.00135,  L_NonMnfld: 0.01074,  L_Nrml: 0.00000,  L_Eknl: 0.23765, L_Morse: 1.15989

Weights: [7000.0, 600.0, 0, 50.0, 0.0, 10.0], lr=5.000e-05
Epoch: 0 [ 940/10000 (9%)] Loss: 42.24181 = L_Mnfld: 11.70309 + L_NonMnfld: 6.85872 + L_Nrml: 0.00000 + L_Eknl: 11.91412 + L_Div: 0.00000 + L_Morse: 11.76588
Epoch: 0 [ 940/10000 (9%)] Unweighted L_s : L_Mnfld: 0.00167,  L_NonMnfld: 0.01143,  L_Nrml: 0.00000,  L_Eknl: 0.23828, L_Morse: 1.17659

Weights: [7000.0, 600.0, 0, 50.0, 0.0, 10.0], lr=5.000e-05
Epoch: 0 [ 950/10000 (10%)] Loss: 46.89447 = L_Mnfld: 16.95135 + L_NonMnfld: 6.13002 + L_Nrml: 0.00000 + L_Eknl: 11.96794 + L_Div: 0.00000 + L_Morse: 11.84516
Epoch: 0 [ 950/10000 (10%)] Unweighted L_s : L_Mnfld: 0.00242,  L_NonMnfld: 0.01022,  L_Nrml: 0.00000,  L_Eknl: 0.23936, L_Morse: 1.18452

Weights: [7000.0, 600.0, 0, 50.0, 0.0, 10.0], lr=5.000e-05
Epoch: 0 [ 960/10000 (10%)] Loss: 52.63071 = L_Mnfld: 20.61765 + L_NonMnfld: 6.52122 + L_Nrml: 0.00000 + L_Eknl: 12.59975 + L_Div: 0.00000 + L_Morse: 12.89209
Epoch: 0 [ 960/10000 (10%)] Unweighted L_s : L_Mnfld: 0.00295,  L_NonMnfld: 0.01087,  L_Nrml: 0.00000,  L_Eknl: 0.25200, L_Morse: 1.28921

Weights: [7000.0, 600.0, 0, 50.0, 0.0, 10.0], lr=5.000e-05
Epoch: 0 [ 970/10000 (10%)] Loss: 48.86292 = L_Mnfld: 15.91454 + L_NonMnfld: 7.36643 + L_Nrml: 0.00000 + L_Eknl: 12.52438 + L_Div: 0.00000 + L_Morse: 13.05757
Epoch: 0 [ 970/10000 (10%)] Unweighted L_s : L_Mnfld: 0.00227,  L_NonMnfld: 0.01228,  L_Nrml: 0.00000,  L_Eknl: 0.25049, L_Morse: 1.30576

Weights: [7000.0, 600.0, 0, 50.0, 0.0, 10.0], lr=5.000e-05
Epoch: 0 [ 980/10000 (10%)] Loss: 52.73759 = L_Mnfld: 19.81187 + L_NonMnfld: 7.03388 + L_Nrml: 0.00000 + L_Eknl: 12.82042 + L_Div: 0.00000 + L_Morse: 13.07142
Epoch: 0 [ 980/10000 (10%)] Unweighted L_s : L_Mnfld: 0.00283,  L_NonMnfld: 0.01172,  L_Nrml: 0.00000,  L_Eknl: 0.25641, L_Morse: 1.30714

Weights: [7000.0, 600.0, 0, 50.0, 0.0, 10.0], lr=5.000e-05
Epoch: 0 [ 990/10000 (10%)] Loss: 63.06967 = L_Mnfld: 25.90369 + L_NonMnfld: 7.61672 + L_Nrml: 0.00000 + L_Eknl: 14.69447 + L_Div: 0.00000 + L_Morse: 14.85479
Epoch: 0 [ 990/10000 (10%)] Unweighted L_s : L_Mnfld: 0.00370,  L_NonMnfld: 0.01269,  L_Nrml: 0.00000,  L_Eknl: 0.29389, L_Morse: 1.48548

Weights: [7000.0, 600.0, 0, 50.0, 0.0, 10.0], lr=5.000e-05
Epoch: 0 [1000/10000 (10%)] Loss: 65.77178 = L_Mnfld: 26.02818 + L_NonMnfld: 7.48909 + L_Nrml: 0.00000 + L_Eknl: 15.44890 + L_Div: 0.00000 + L_Morse: 16.80561
Epoch: 0 [1000/10000 (10%)] Unweighted L_s : L_Mnfld: 0.00372,  L_NonMnfld: 0.01248,  L_Nrml: 0.00000,  L_Eknl: 0.30898, L_Morse: 1.68056

Weights: [7000.0, 600.0, 0, 50.0, 0.0, 10.0], lr=5.000e-05
Epoch: 0 [1010/10000 (10%)] Loss: 67.41119 = L_Mnfld: 26.66255 + L_NonMnfld: 7.89259 + L_Nrml: 0.00000 + L_Eknl: 16.55167 + L_Div: 0.00000 + L_Morse: 16.30438
Epoch: 0 [1010/10000 (10%)] Unweighted L_s : L_Mnfld: 0.00381,  L_NonMnfld: 0.01315,  L_Nrml: 0.00000,  L_Eknl: 0.33103, L_Morse: 1.63044

Weights: [7000.0, 600.0, 0, 50.0, 0.0, 10.0], lr=5.000e-05
Epoch: 0 [1020/10000 (10%)] Loss: 57.22698 = L_Mnfld: 20.04820 + L_NonMnfld: 7.64894 + L_Nrml: 0.00000 + L_Eknl: 16.28753 + L_Div: 0.00000 + L_Morse: 13.24231
Epoch: 0 [1020/10000 (10%)] Unweighted L_s : L_Mnfld: 0.00286,  L_NonMnfld: 0.01275,  L_Nrml: 0.00000,  L_Eknl: 0.32575, L_Morse: 1.32423

Weights: [7000.0, 600.0, 0, 50.0, 0.0, 10.0], lr=5.000e-05
Epoch: 0 [1030/10000 (10%)] Loss: 50.16519 = L_Mnfld: 16.50329 + L_NonMnfld: 6.95901 + L_Nrml: 0.00000 + L_Eknl: 14.56785 + L_Div: 0.00000 + L_Morse: 12.13504
Epoch: 0 [1030/10000 (10%)] Unweighted L_s : L_Mnfld: 0.00236,  L_NonMnfld: 0.01160,  L_Nrml: 0.00000,  L_Eknl: 0.29136, L_Morse: 1.21350

Weights: [7000.0, 600.0, 0, 50.0, 0.0, 10.0], lr=5.000e-05
Epoch: 0 [1040/10000 (10%)] Loss: 44.87914 = L_Mnfld: 13.24498 + L_NonMnfld: 6.72558 + L_Nrml: 0.00000 + L_Eknl: 14.40301 + L_Div: 0.00000 + L_Morse: 10.50556
Epoch: 0 [1040/10000 (10%)] Unweighted L_s : L_Mnfld: 0.00189,  L_NonMnfld: 0.01121,  L_Nrml: 0.00000,  L_Eknl: 0.28806, L_Morse: 1.05056

Weights: [7000.0, 600.0, 0, 50.0, 0.0, 10.0], lr=5.000e-05
Epoch: 0 [1050/10000 (10%)] Loss: 43.28857 = L_Mnfld: 12.61514 + L_NonMnfld: 6.55431 + L_Nrml: 0.00000 + L_Eknl: 13.75883 + L_Div: 0.00000 + L_Morse: 10.36029
Epoch: 0 [1050/10000 (10%)] Unweighted L_s : L_Mnfld: 0.00180,  L_NonMnfld: 0.01092,  L_Nrml: 0.00000,  L_Eknl: 0.27518, L_Morse: 1.03603

Weights: [7000.0, 600.0, 0, 50.0, 0.0, 10.0], lr=5.000e-05
Epoch: 0 [1060/10000 (11%)] Loss: 43.11673 = L_Mnfld: 11.66297 + L_NonMnfld: 6.93711 + L_Nrml: 0.00000 + L_Eknl: 13.66830 + L_Div: 0.00000 + L_Morse: 10.84835
Epoch: 0 [1060/10000 (11%)] Unweighted L_s : L_Mnfld: 0.00167,  L_NonMnfld: 0.01156,  L_Nrml: 0.00000,  L_Eknl: 0.27337, L_Morse: 1.08483

Weights: [7000.0, 600.0, 0, 50.0, 0.0, 10.0], lr=5.000e-05
Epoch: 0 [1070/10000 (11%)] Loss: 42.00570 = L_Mnfld: 11.64294 + L_NonMnfld: 6.88838 + L_Nrml: 0.00000 + L_Eknl: 13.00500 + L_Div: 0.00000 + L_Morse: 10.46938
Epoch: 0 [1070/10000 (11%)] Unweighted L_s : L_Mnfld: 0.00166,  L_NonMnfld: 0.01148,  L_Nrml: 0.00000,  L_Eknl: 0.26010, L_Morse: 1.04694

Weights: [7000.0, 600.0, 0, 50.0, 0.0, 10.0], lr=5.000e-05
Epoch: 0 [1080/10000 (11%)] Loss: 39.83092 = L_Mnfld: 9.97245 + L_NonMnfld: 6.89904 + L_Nrml: 0.00000 + L_Eknl: 12.93107 + L_Div: 0.00000 + L_Morse: 10.02836
Epoch: 0 [1080/10000 (11%)] Unweighted L_s : L_Mnfld: 0.00142,  L_NonMnfld: 0.01150,  L_Nrml: 0.00000,  L_Eknl: 0.25862, L_Morse: 1.00284

Weights: [7000.0, 600.0, 0, 50.0, 0.0, 10.0], lr=5.000e-05
Epoch: 0 [1090/10000 (11%)] Loss: 39.93878 = L_Mnfld: 10.39317 + L_NonMnfld: 6.42006 + L_Nrml: 0.00000 + L_Eknl: 12.70740 + L_Div: 0.00000 + L_Morse: 10.41814
Epoch: 0 [1090/10000 (11%)] Unweighted L_s : L_Mnfld: 0.00148,  L_NonMnfld: 0.01070,  L_Nrml: 0.00000,  L_Eknl: 0.25415, L_Morse: 1.04181

Weights: [7000.0, 600.0, 0, 50.0, 0.0, 10.0], lr=5.000e-05
Epoch: 0 [1100/10000 (11%)] Loss: 39.45917 = L_Mnfld: 9.95629 + L_NonMnfld: 6.48733 + L_Nrml: 0.00000 + L_Eknl: 12.66055 + L_Div: 0.00000 + L_Morse: 10.35501
Epoch: 0 [1100/10000 (11%)] Unweighted L_s : L_Mnfld: 0.00142,  L_NonMnfld: 0.01081,  L_Nrml: 0.00000,  L_Eknl: 0.25321, L_Morse: 1.03550

Weights: [7000.0, 600.0, 0, 50.0, 0.0, 10.0], lr=5.000e-05
Epoch: 0 [1110/10000 (11%)] Loss: 39.68287 = L_Mnfld: 10.14708 + L_NonMnfld: 7.10881 + L_Nrml: 0.00000 + L_Eknl: 12.42904 + L_Div: 0.00000 + L_Morse: 9.99794
Epoch: 0 [1110/10000 (11%)] Unweighted L_s : L_Mnfld: 0.00145,  L_NonMnfld: 0.01185,  L_Nrml: 0.00000,  L_Eknl: 0.24858, L_Morse: 0.99979

Weights: [7000.0, 600.0, 0, 50.0, 0.0, 10.0], lr=5.000e-05
Epoch: 0 [1120/10000 (11%)] Loss: 39.03981 = L_Mnfld: 9.32154 + L_NonMnfld: 6.69178 + L_Nrml: 0.00000 + L_Eknl: 12.39325 + L_Div: 0.00000 + L_Morse: 10.63324
Epoch: 0 [1120/10000 (11%)] Unweighted L_s : L_Mnfld: 0.00133,  L_NonMnfld: 0.01115,  L_Nrml: 0.00000,  L_Eknl: 0.24786, L_Morse: 1.06332

Weights: [7000.0, 600.0, 0, 50.0, 0.0, 10.0], lr=5.000e-05
Epoch: 0 [1130/10000 (11%)] Loss: 37.75059 = L_Mnfld: 9.33204 + L_NonMnfld: 5.69272 + L_Nrml: 0.00000 + L_Eknl: 12.09567 + L_Div: 0.00000 + L_Morse: 10.63016
Epoch: 0 [1130/10000 (11%)] Unweighted L_s : L_Mnfld: 0.00133,  L_NonMnfld: 0.00949,  L_Nrml: 0.00000,  L_Eknl: 0.24191, L_Morse: 1.06302

Weights: [7000.0, 600.0, 0, 50.0, 0.0, 10.0], lr=5.000e-05
Epoch: 0 [1140/10000 (11%)] Loss: 38.59071 = L_Mnfld: 9.28286 + L_NonMnfld: 6.82878 + L_Nrml: 0.00000 + L_Eknl: 12.16051 + L_Div: 0.00000 + L_Morse: 10.31856
Epoch: 0 [1140/10000 (11%)] Unweighted L_s : L_Mnfld: 0.00133,  L_NonMnfld: 0.01138,  L_Nrml: 0.00000,  L_Eknl: 0.24321, L_Morse: 1.03186

Weights: [7000.0, 600.0, 0, 50.0, 0.0, 10.0], lr=5.000e-05
Epoch: 0 [1150/10000 (12%)] Loss: 37.98324 = L_Mnfld: 9.65644 + L_NonMnfld: 5.90963 + L_Nrml: 0.00000 + L_Eknl: 11.90027 + L_Div: 0.00000 + L_Morse: 10.51690
Epoch: 0 [1150/10000 (12%)] Unweighted L_s : L_Mnfld: 0.00138,  L_NonMnfld: 0.00985,  L_Nrml: 0.00000,  L_Eknl: 0.23801, L_Morse: 1.05169

Weights: [7000.0, 600.0, 0, 50.0, 0.0, 10.0], lr=5.000e-05
Epoch: 0 [1160/10000 (12%)] Loss: 38.50510 = L_Mnfld: 9.49953 + L_NonMnfld: 6.61512 + L_Nrml: 0.00000 + L_Eknl: 12.18629 + L_Div: 0.00000 + L_Morse: 10.20417
Epoch: 0 [1160/10000 (12%)] Unweighted L_s : L_Mnfld: 0.00136,  L_NonMnfld: 0.01103,  L_Nrml: 0.00000,  L_Eknl: 0.24373, L_Morse: 1.02042

Weights: [7000.0, 600.0, 0, 50.0, 0.0, 10.0], lr=5.000e-05
Epoch: 0 [1170/10000 (12%)] Loss: 38.04425 = L_Mnfld: 9.43968 + L_NonMnfld: 6.41150 + L_Nrml: 0.00000 + L_Eknl: 12.03427 + L_Div: 0.00000 + L_Morse: 10.15880
Epoch: 0 [1170/10000 (12%)] Unweighted L_s : L_Mnfld: 0.00135,  L_NonMnfld: 0.01069,  L_Nrml: 0.00000,  L_Eknl: 0.24069, L_Morse: 1.01588

Weights: [7000.0, 600.0, 0, 50.0, 0.0, 10.0], lr=5.000e-05
Epoch: 0 [1180/10000 (12%)] Loss: 39.97975 = L_Mnfld: 10.46810 + L_NonMnfld: 6.57563 + L_Nrml: 0.00000 + L_Eknl: 11.90985 + L_Div: 0.00000 + L_Morse: 11.02617
Epoch: 0 [1180/10000 (12%)] Unweighted L_s : L_Mnfld: 0.00150,  L_NonMnfld: 0.01096,  L_Nrml: 0.00000,  L_Eknl: 0.23820, L_Morse: 1.10262

Weights: [7000.0, 600.0, 0, 50.0, 0.0, 10.0], lr=5.000e-05
Epoch: 0 [1190/10000 (12%)] Loss: 39.71010 = L_Mnfld: 10.78215 + L_NonMnfld: 6.33106 + L_Nrml: 0.00000 + L_Eknl: 11.86929 + L_Div: 0.00000 + L_Morse: 10.72760
Epoch: 0 [1190/10000 (12%)] Unweighted L_s : L_Mnfld: 0.00154,  L_NonMnfld: 0.01055,  L_Nrml: 0.00000,  L_Eknl: 0.23739, L_Morse: 1.07276

Weights: [7000.0, 600.0, 0, 50.0, 0.0, 10.0], lr=5.000e-05
Epoch: 0 [1200/10000 (12%)] Loss: 39.03757 = L_Mnfld: 9.54463 + L_NonMnfld: 7.07030 + L_Nrml: 0.00000 + L_Eknl: 11.83764 + L_Div: 0.00000 + L_Morse: 10.58500
Epoch: 0 [1200/10000 (12%)] Unweighted L_s : L_Mnfld: 0.00136,  L_NonMnfld: 0.01178,  L_Nrml: 0.00000,  L_Eknl: 0.23675, L_Morse: 1.05850

Weights: [7000.0, 600.0, 0, 50.0, 0.0, 10.0], lr=5.000e-05
Epoch: 0 [1210/10000 (12%)] Loss: 37.56533 = L_Mnfld: 8.58295 + L_NonMnfld: 6.78636 + L_Nrml: 0.00000 + L_Eknl: 11.80056 + L_Div: 0.00000 + L_Morse: 10.39548
Epoch: 0 [1210/10000 (12%)] Unweighted L_s : L_Mnfld: 0.00123,  L_NonMnfld: 0.01131,  L_Nrml: 0.00000,  L_Eknl: 0.23601, L_Morse: 1.03955

Weights: [7000.0, 600.0, 0, 50.0, 0.0, 10.0], lr=5.000e-05
Epoch: 0 [1220/10000 (12%)] Loss: 38.85661 = L_Mnfld: 9.78780 + L_NonMnfld: 6.23279 + L_Nrml: 0.00000 + L_Eknl: 12.00358 + L_Div: 0.00000 + L_Morse: 10.83244
Epoch: 0 [1220/10000 (12%)] Unweighted L_s : L_Mnfld: 0.00140,  L_NonMnfld: 0.01039,  L_Nrml: 0.00000,  L_Eknl: 0.24007, L_Morse: 1.08324

Weights: [7000.0, 600.0, 0, 50.0, 0.0, 10.0], lr=5.000e-05
Epoch: 0 [1230/10000 (12%)] Loss: 38.29254 = L_Mnfld: 9.43365 + L_NonMnfld: 6.73582 + L_Nrml: 0.00000 + L_Eknl: 11.74305 + L_Div: 0.00000 + L_Morse: 10.38003
Epoch: 0 [1230/10000 (12%)] Unweighted L_s : L_Mnfld: 0.00135,  L_NonMnfld: 0.01123,  L_Nrml: 0.00000,  L_Eknl: 0.23486, L_Morse: 1.03800

Weights: [7000.0, 600.0, 0, 50.0, 0.0, 10.0], lr=5.000e-05
Epoch: 0 [1240/10000 (12%)] Loss: 38.73470 = L_Mnfld: 9.07649 + L_NonMnfld: 6.83156 + L_Nrml: 0.00000 + L_Eknl: 11.95973 + L_Div: 0.00000 + L_Morse: 10.86691
Epoch: 0 [1240/10000 (12%)] Unweighted L_s : L_Mnfld: 0.00130,  L_NonMnfld: 0.01139,  L_Nrml: 0.00000,  L_Eknl: 0.23919, L_Morse: 1.08669

Weights: [7000.0, 600.0, 0, 50.0, 0.0, 10.0], lr=5.000e-05
Epoch: 0 [1250/10000 (12%)] Loss: 37.36320 = L_Mnfld: 8.31622 + L_NonMnfld: 6.84758 + L_Nrml: 0.00000 + L_Eknl: 11.84374 + L_Div: 0.00000 + L_Morse: 10.35567
Epoch: 0 [1250/10000 (12%)] Unweighted L_s : L_Mnfld: 0.00119,  L_NonMnfld: 0.01141,  L_Nrml: 0.00000,  L_Eknl: 0.23687, L_Morse: 1.03557

Weights: [7000.0, 600.0, 0, 50.0, 0.0, 10.0], lr=5.000e-05
Epoch: 0 [1260/10000 (13%)] Loss: 39.61806 = L_Mnfld: 9.61697 + L_NonMnfld: 7.26447 + L_Nrml: 0.00000 + L_Eknl: 11.59561 + L_Div: 0.00000 + L_Morse: 11.14102
Epoch: 0 [1260/10000 (13%)] Unweighted L_s : L_Mnfld: 0.00137,  L_NonMnfld: 0.01211,  L_Nrml: 0.00000,  L_Eknl: 0.23191, L_Morse: 1.11410

Weights: [7000.0, 600.0, 0, 50.0, 0.0, 10.0], lr=5.000e-05
Epoch: 0 [1270/10000 (13%)] Loss: 39.88995 = L_Mnfld: 10.99403 + L_NonMnfld: 6.82976 + L_Nrml: 0.00000 + L_Eknl: 11.47738 + L_Div: 0.00000 + L_Morse: 10.58879
Epoch: 0 [1270/10000 (13%)] Unweighted L_s : L_Mnfld: 0.00157,  L_NonMnfld: 0.01138,  L_Nrml: 0.00000,  L_Eknl: 0.22955, L_Morse: 1.05888

Weights: [7000.0, 600.0, 0, 50.0, 0.0, 10.0], lr=5.000e-05
Epoch: 0 [1280/10000 (13%)] Loss: 38.59116 = L_Mnfld: 9.22348 + L_NonMnfld: 7.08503 + L_Nrml: 0.00000 + L_Eknl: 11.58647 + L_Div: 0.00000 + L_Morse: 10.69618
Epoch: 0 [1280/10000 (13%)] Unweighted L_s : L_Mnfld: 0.00132,  L_NonMnfld: 0.01181,  L_Nrml: 0.00000,  L_Eknl: 0.23173, L_Morse: 1.06962

Weights: [7000.0, 600.0, 0, 50.0, 0.0, 10.0], lr=5.000e-05
Epoch: 0 [1290/10000 (13%)] Loss: 38.57468 = L_Mnfld: 9.87324 + L_NonMnfld: 6.25605 + L_Nrml: 0.00000 + L_Eknl: 11.61782 + L_Div: 0.00000 + L_Morse: 10.82757
Epoch: 0 [1290/10000 (13%)] Unweighted L_s : L_Mnfld: 0.00141,  L_NonMnfld: 0.01043,  L_Nrml: 0.00000,  L_Eknl: 0.23236, L_Morse: 1.08276

Weights: [7000.0, 600.0, 0, 50.0, 0.0, 10.0], lr=5.000e-05
Epoch: 0 [1300/10000 (13%)] Loss: 38.19019 = L_Mnfld: 8.98026 + L_NonMnfld: 6.59755 + L_Nrml: 0.00000 + L_Eknl: 11.75170 + L_Div: 0.00000 + L_Morse: 10.86068
Epoch: 0 [1300/10000 (13%)] Unweighted L_s : L_Mnfld: 0.00128,  L_NonMnfld: 0.01100,  L_Nrml: 0.00000,  L_Eknl: 0.23503, L_Morse: 1.08607

Weights: [7000.0, 600.0, 0, 50.0, 0.0, 10.0], lr=5.000e-05
Epoch: 0 [1310/10000 (13%)] Loss: 38.66260 = L_Mnfld: 9.01279 + L_NonMnfld: 6.68217 + L_Nrml: 0.00000 + L_Eknl: 11.58898 + L_Div: 0.00000 + L_Morse: 11.37866
Epoch: 0 [1310/10000 (13%)] Unweighted L_s : L_Mnfld: 0.00129,  L_NonMnfld: 0.01114,  L_Nrml: 0.00000,  L_Eknl: 0.23178, L_Morse: 1.13787

Weights: [7000.0, 600.0, 0, 50.0, 0.0, 10.0], lr=5.000e-05
Epoch: 0 [1320/10000 (13%)] Loss: 37.49254 = L_Mnfld: 8.98419 + L_NonMnfld: 6.20248 + L_Nrml: 0.00000 + L_Eknl: 11.67753 + L_Div: 0.00000 + L_Morse: 10.62834
Epoch: 0 [1320/10000 (13%)] Unweighted L_s : L_Mnfld: 0.00128,  L_NonMnfld: 0.01034,  L_Nrml: 0.00000,  L_Eknl: 0.23355, L_Morse: 1.06283

Weights: [7000.0, 600.0, 0, 50.0, 0.0, 10.0], lr=5.000e-05
Epoch: 0 [1330/10000 (13%)] Loss: 39.16467 = L_Mnfld: 9.95841 + L_NonMnfld: 7.11725 + L_Nrml: 0.00000 + L_Eknl: 11.36661 + L_Div: 0.00000 + L_Morse: 10.72240
Epoch: 0 [1330/10000 (13%)] Unweighted L_s : L_Mnfld: 0.00142,  L_NonMnfld: 0.01186,  L_Nrml: 0.00000,  L_Eknl: 0.22733, L_Morse: 1.07224

Weights: [7000.0, 600.0, 0, 50.0, 0.0, 10.0], lr=5.000e-05
Epoch: 0 [1340/10000 (13%)] Loss: 38.53370 = L_Mnfld: 9.83148 + L_NonMnfld: 7.02869 + L_Nrml: 0.00000 + L_Eknl: 11.65145 + L_Div: 0.00000 + L_Morse: 10.02208
Epoch: 0 [1340/10000 (13%)] Unweighted L_s : L_Mnfld: 0.00140,  L_NonMnfld: 0.01171,  L_Nrml: 0.00000,  L_Eknl: 0.23303, L_Morse: 1.00221

Weights: [7000.0, 600.0, 0, 50.0, 0.0, 10.0], lr=5.000e-05
Epoch: 0 [1350/10000 (14%)] Loss: 38.57790 = L_Mnfld: 9.62828 + L_NonMnfld: 6.47844 + L_Nrml: 0.00000 + L_Eknl: 11.39075 + L_Div: 0.00000 + L_Morse: 11.08043
Epoch: 0 [1350/10000 (14%)] Unweighted L_s : L_Mnfld: 0.00138,  L_NonMnfld: 0.01080,  L_Nrml: 0.00000,  L_Eknl: 0.22782, L_Morse: 1.10804

Weights: [7000.0, 600.0, 0, 50.0, 0.0, 10.0], lr=5.000e-05
Epoch: 0 [1360/10000 (14%)] Loss: 38.58851 = L_Mnfld: 9.28687 + L_NonMnfld: 7.01355 + L_Nrml: 0.00000 + L_Eknl: 11.73723 + L_Div: 0.00000 + L_Morse: 10.55086
Epoch: 0 [1360/10000 (14%)] Unweighted L_s : L_Mnfld: 0.00133,  L_NonMnfld: 0.01169,  L_Nrml: 0.00000,  L_Eknl: 0.23474, L_Morse: 1.05509

Weights: [7000.0, 600.0, 0, 50.0, 0.0, 10.0], lr=5.000e-05
Epoch: 0 [1370/10000 (14%)] Loss: 38.66416 = L_Mnfld: 10.56700 + L_NonMnfld: 5.93764 + L_Nrml: 0.00000 + L_Eknl: 11.43122 + L_Div: 0.00000 + L_Morse: 10.72830
Epoch: 0 [1370/10000 (14%)] Unweighted L_s : L_Mnfld: 0.00151,  L_NonMnfld: 0.00990,  L_Nrml: 0.00000,  L_Eknl: 0.22862, L_Morse: 1.07283

Weights: [7000.0, 600.0, 0, 50.0, 0.0, 10.0], lr=5.000e-05
Epoch: 0 [1380/10000 (14%)] Loss: 38.34604 = L_Mnfld: 9.38015 + L_NonMnfld: 6.53471 + L_Nrml: 0.00000 + L_Eknl: 11.64468 + L_Div: 0.00000 + L_Morse: 10.78651
Epoch: 0 [1380/10000 (14%)] Unweighted L_s : L_Mnfld: 0.00134,  L_NonMnfld: 0.01089,  L_Nrml: 0.00000,  L_Eknl: 0.23289, L_Morse: 1.07865

Weights: [7000.0, 600.0, 0, 50.0, 0.0, 10.0], lr=5.000e-05
Epoch: 0 [1390/10000 (14%)] Loss: 38.14883 = L_Mnfld: 9.75078 + L_NonMnfld: 6.18042 + L_Nrml: 0.00000 + L_Eknl: 11.40070 + L_Div: 0.00000 + L_Morse: 10.81692
Epoch: 0 [1390/10000 (14%)] Unweighted L_s : L_Mnfld: 0.00139,  L_NonMnfld: 0.01030,  L_Nrml: 0.00000,  L_Eknl: 0.22801, L_Morse: 1.08169

Weights: [7000.0, 600.0, 0, 50.0, 0.0, 10.0], lr=5.000e-05
Epoch: 0 [1400/10000 (14%)] Loss: 36.96018 = L_Mnfld: 9.04191 + L_NonMnfld: 5.89228 + L_Nrml: 0.00000 + L_Eknl: 11.49027 + L_Div: 0.00000 + L_Morse: 10.53572
Epoch: 0 [1400/10000 (14%)] Unweighted L_s : L_Mnfld: 0.00129,  L_NonMnfld: 0.00982,  L_Nrml: 0.00000,  L_Eknl: 0.22981, L_Morse: 1.05357

Weights: [7000.0, 600.0, 0, 50.0, 0.0, 10.0], lr=5.000e-05
Epoch: 0 [1410/10000 (14%)] Loss: 37.50365 = L_Mnfld: 9.16478 + L_NonMnfld: 5.65813 + L_Nrml: 0.00000 + L_Eknl: 11.25513 + L_Div: 0.00000 + L_Morse: 11.42560
Epoch: 0 [1410/10000 (14%)] Unweighted L_s : L_Mnfld: 0.00131,  L_NonMnfld: 0.00943,  L_Nrml: 0.00000,  L_Eknl: 0.22510, L_Morse: 1.14256

Weights: [7000.0, 600.0, 0, 50.0, 0.0, 10.0], lr=5.000e-05
Epoch: 0 [1420/10000 (14%)] Loss: 37.90182 = L_Mnfld: 8.32565 + L_NonMnfld: 7.06848 + L_Nrml: 0.00000 + L_Eknl: 11.81219 + L_Div: 0.00000 + L_Morse: 10.69549
Epoch: 0 [1420/10000 (14%)] Unweighted L_s : L_Mnfld: 0.00119,  L_NonMnfld: 0.01178,  L_Nrml: 0.00000,  L_Eknl: 0.23624, L_Morse: 1.06955

Weights: [7000.0, 600.0, 0, 50.0, 0.0, 10.0], lr=5.000e-05
Epoch: 0 [1430/10000 (14%)] Loss: 37.31985 = L_Mnfld: 9.43377 + L_NonMnfld: 6.37302 + L_Nrml: 0.00000 + L_Eknl: 11.26034 + L_Div: 0.00000 + L_Morse: 10.25271
Epoch: 0 [1430/10000 (14%)] Unweighted L_s : L_Mnfld: 0.00135,  L_NonMnfld: 0.01062,  L_Nrml: 0.00000,  L_Eknl: 0.22521, L_Morse: 1.02527

Weights: [7000.0, 600.0, 0, 50.0, 0.0, 10.0], lr=5.000e-05
Epoch: 0 [1440/10000 (14%)] Loss: 37.68252 = L_Mnfld: 8.60522 + L_NonMnfld: 7.00168 + L_Nrml: 0.00000 + L_Eknl: 11.68508 + L_Div: 0.00000 + L_Morse: 10.39055
Epoch: 0 [1440/10000 (14%)] Unweighted L_s : L_Mnfld: 0.00123,  L_NonMnfld: 0.01167,  L_Nrml: 0.00000,  L_Eknl: 0.23370, L_Morse: 1.03906

Weights: [7000.0, 600.0, 0, 50.0, 0.0, 10.0], lr=5.000e-05
Epoch: 0 [1450/10000 (14%)] Loss: 38.02052 = L_Mnfld: 8.70216 + L_NonMnfld: 7.19900 + L_Nrml: 0.00000 + L_Eknl: 11.60762 + L_Div: 0.00000 + L_Morse: 10.51174
Epoch: 0 [1450/10000 (14%)] Unweighted L_s : L_Mnfld: 0.00124,  L_NonMnfld: 0.01200,  L_Nrml: 0.00000,  L_Eknl: 0.23215, L_Morse: 1.05117

Weights: [7000.0, 600.0, 0, 50.0, 0.0, 10.0], lr=5.000e-05
Epoch: 0 [1460/10000 (15%)] Loss: 37.96298 = L_Mnfld: 9.12716 + L_NonMnfld: 6.74906 + L_Nrml: 0.00000 + L_Eknl: 11.49755 + L_Div: 0.00000 + L_Morse: 10.58920
Epoch: 0 [1460/10000 (15%)] Unweighted L_s : L_Mnfld: 0.00130,  L_NonMnfld: 0.01125,  L_Nrml: 0.00000,  L_Eknl: 0.22995, L_Morse: 1.05892

Weights: [7000.0, 600.0, 0, 50.0, 0.0, 10.0], lr=5.000e-05
Epoch: 0 [1470/10000 (15%)] Loss: 37.90701 = L_Mnfld: 9.72056 + L_NonMnfld: 6.54928 + L_Nrml: 0.00000 + L_Eknl: 11.16874 + L_Div: 0.00000 + L_Morse: 10.46843
Epoch: 0 [1470/10000 (15%)] Unweighted L_s : L_Mnfld: 0.00139,  L_NonMnfld: 0.01092,  L_Nrml: 0.00000,  L_Eknl: 0.22337, L_Morse: 1.04684

Weights: [7000.0, 600.0, 0, 50.0, 0.0, 10.0], lr=5.000e-05
Epoch: 0 [1480/10000 (15%)] Loss: 37.38799 = L_Mnfld: 9.07685 + L_NonMnfld: 7.00855 + L_Nrml: 0.00000 + L_Eknl: 11.35367 + L_Div: 0.00000 + L_Morse: 9.94892
Epoch: 0 [1480/10000 (15%)] Unweighted L_s : L_Mnfld: 0.00130,  L_NonMnfld: 0.01168,  L_Nrml: 0.00000,  L_Eknl: 0.22707, L_Morse: 0.99489

Weights: [7000.0, 600.0, 0, 50.0, 0.0, 10.0], lr=5.000e-05
Epoch: 0 [1490/10000 (15%)] Loss: 38.33709 = L_Mnfld: 9.06282 + L_NonMnfld: 7.54927 + L_Nrml: 0.00000 + L_Eknl: 11.25462 + L_Div: 0.00000 + L_Morse: 10.47038
Epoch: 0 [1490/10000 (15%)] Unweighted L_s : L_Mnfld: 0.00129,  L_NonMnfld: 0.01258,  L_Nrml: 0.00000,  L_Eknl: 0.22509, L_Morse: 1.04704

Weights: [7000.0, 600.0, 0, 50.0, 0.0, 10.0], lr=5.000e-05
Epoch: 0 [1500/10000 (15%)] Loss: 38.20486 = L_Mnfld: 9.31341 + L_NonMnfld: 6.61767 + L_Nrml: 0.00000 + L_Eknl: 11.21498 + L_Div: 0.00000 + L_Morse: 11.05879
Epoch: 0 [1500/10000 (15%)] Unweighted L_s : L_Mnfld: 0.00133,  L_NonMnfld: 0.01103,  L_Nrml: 0.00000,  L_Eknl: 0.22430, L_Morse: 1.10588

Weights: [7000.0, 600.0, 0, 50.0, 0.0, 10.0], lr=5.000e-05
Epoch: 0 [1510/10000 (15%)] Loss: 37.73833 = L_Mnfld: 9.50944 + L_NonMnfld: 6.20184 + L_Nrml: 0.00000 + L_Eknl: 11.56230 + L_Div: 0.00000 + L_Morse: 10.46475
Epoch: 0 [1510/10000 (15%)] Unweighted L_s : L_Mnfld: 0.00136,  L_NonMnfld: 0.01034,  L_Nrml: 0.00000,  L_Eknl: 0.23125, L_Morse: 1.04648

Weights: [7000.0, 600.0, 0, 50.0, 0.0, 10.0], lr=5.000e-05
Epoch: 0 [1520/10000 (15%)] Loss: 37.88094 = L_Mnfld: 8.88197 + L_NonMnfld: 6.98745 + L_Nrml: 0.00000 + L_Eknl: 11.29071 + L_Div: 0.00000 + L_Morse: 10.72083
Epoch: 0 [1520/10000 (15%)] Unweighted L_s : L_Mnfld: 0.00127,  L_NonMnfld: 0.01165,  L_Nrml: 0.00000,  L_Eknl: 0.22581, L_Morse: 1.07208

Weights: [7000.0, 600.0, 0, 50.0, 0.0, 10.0], lr=5.000e-05
Epoch: 0 [1530/10000 (15%)] Loss: 36.88950 = L_Mnfld: 8.50032 + L_NonMnfld: 6.54955 + L_Nrml: 0.00000 + L_Eknl: 11.28190 + L_Div: 0.00000 + L_Morse: 10.55773
Epoch: 0 [1530/10000 (15%)] Unweighted L_s : L_Mnfld: 0.00121,  L_NonMnfld: 0.01092,  L_Nrml: 0.00000,  L_Eknl: 0.22564, L_Morse: 1.05577

Weights: [7000.0, 600.0, 0, 50.0, 0.0, 10.0], lr=5.000e-05
Epoch: 0 [1540/10000 (15%)] Loss: 37.04124 = L_Mnfld: 8.32500 + L_NonMnfld: 6.69918 + L_Nrml: 0.00000 + L_Eknl: 11.18323 + L_Div: 0.00000 + L_Morse: 10.83383
Epoch: 0 [1540/10000 (15%)] Unweighted L_s : L_Mnfld: 0.00119,  L_NonMnfld: 0.01117,  L_Nrml: 0.00000,  L_Eknl: 0.22366, L_Morse: 1.08338

Weights: [7000.0, 600.0, 0, 50.0, 0.0, 10.0], lr=5.000e-05
Epoch: 0 [1550/10000 (16%)] Loss: 36.22610 = L_Mnfld: 8.66322 + L_NonMnfld: 6.09790 + L_Nrml: 0.00000 + L_Eknl: 11.03164 + L_Div: 0.00000 + L_Morse: 10.43333
Epoch: 0 [1550/10000 (16%)] Unweighted L_s : L_Mnfld: 0.00124,  L_NonMnfld: 0.01016,  L_Nrml: 0.00000,  L_Eknl: 0.22063, L_Morse: 1.04333

Weights: [7000.0, 600.0, 0, 50.0, 0.0, 10.0], lr=5.000e-05
Epoch: 0 [1560/10000 (16%)] Loss: 35.69461 = L_Mnfld: 8.13905 + L_NonMnfld: 5.79041 + L_Nrml: 0.00000 + L_Eknl: 11.20549 + L_Div: 0.00000 + L_Morse: 10.55966
Epoch: 0 [1560/10000 (16%)] Unweighted L_s : L_Mnfld: 0.00116,  L_NonMnfld: 0.00965,  L_Nrml: 0.00000,  L_Eknl: 0.22411, L_Morse: 1.05597

Weights: [7000.0, 600.0, 0, 50.0, 0.0, 10.0], lr=5.000e-05
Epoch: 0 [1570/10000 (16%)] Loss: 36.00139 = L_Mnfld: 8.54598 + L_NonMnfld: 5.99768 + L_Nrml: 0.00000 + L_Eknl: 10.94116 + L_Div: 0.00000 + L_Morse: 10.51657
Epoch: 0 [1570/10000 (16%)] Unweighted L_s : L_Mnfld: 0.00122,  L_NonMnfld: 0.01000,  L_Nrml: 0.00000,  L_Eknl: 0.21882, L_Morse: 1.05166

Weights: [7000.0, 600.0, 0, 50.0, 0.0, 10.0], lr=5.000e-05
Epoch: 0 [1580/10000 (16%)] Loss: 36.38155 = L_Mnfld: 8.36463 + L_NonMnfld: 6.76841 + L_Nrml: 0.00000 + L_Eknl: 11.10264 + L_Div: 0.00000 + L_Morse: 10.14587
Epoch: 0 [1580/10000 (16%)] Unweighted L_s : L_Mnfld: 0.00119,  L_NonMnfld: 0.01128,  L_Nrml: 0.00000,  L_Eknl: 0.22205, L_Morse: 1.01459

Weights: [7000.0, 600.0, 0, 50.0, 0.0, 10.0], lr=5.000e-05
Epoch: 0 [1590/10000 (16%)] Loss: 38.09813 = L_Mnfld: 9.58095 + L_NonMnfld: 7.16756 + L_Nrml: 0.00000 + L_Eknl: 11.00287 + L_Div: 0.00000 + L_Morse: 10.34676
Epoch: 0 [1590/10000 (16%)] Unweighted L_s : L_Mnfld: 0.00137,  L_NonMnfld: 0.01195,  L_Nrml: 0.00000,  L_Eknl: 0.22006, L_Morse: 1.03468

Weights: [7000.0, 600.0, 0, 50.0, 0.0, 10.0], lr=5.000e-05
Epoch: 0 [1600/10000 (16%)] Loss: 37.94862 = L_Mnfld: 8.66811 + L_NonMnfld: 7.16374 + L_Nrml: 0.00000 + L_Eknl: 11.19795 + L_Div: 0.00000 + L_Morse: 10.91881
Epoch: 0 [1600/10000 (16%)] Unweighted L_s : L_Mnfld: 0.00124,  L_NonMnfld: 0.01194,  L_Nrml: 0.00000,  L_Eknl: 0.22396, L_Morse: 1.09188

Weights: [7000.0, 600.0, 0, 50.0, 0.0, 10.0], lr=5.000e-05
Epoch: 0 [1610/10000 (16%)] Loss: 37.25024 = L_Mnfld: 8.68633 + L_NonMnfld: 6.72173 + L_Nrml: 0.00000 + L_Eknl: 11.26204 + L_Div: 0.00000 + L_Morse: 10.58015
Epoch: 0 [1610/10000 (16%)] Unweighted L_s : L_Mnfld: 0.00124,  L_NonMnfld: 0.01120,  L_Nrml: 0.00000,  L_Eknl: 0.22524, L_Morse: 1.05802

Weights: [7000.0, 600.0, 0, 50.0, 0.0, 10.0], lr=5.000e-05
Epoch: 0 [1620/10000 (16%)] Loss: 37.65157 = L_Mnfld: 8.33876 + L_NonMnfld: 7.37981 + L_Nrml: 0.00000 + L_Eknl: 11.52868 + L_Div: 0.00000 + L_Morse: 10.40432
Epoch: 0 [1620/10000 (16%)] Unweighted L_s : L_Mnfld: 0.00119,  L_NonMnfld: 0.01230,  L_Nrml: 0.00000,  L_Eknl: 0.23057, L_Morse: 1.04043

Weights: [7000.0, 600.0, 0, 50.0, 0.0, 10.0], lr=5.000e-05
Epoch: 0 [1630/10000 (16%)] Loss: 36.71615 = L_Mnfld: 9.02424 + L_NonMnfld: 6.38039 + L_Nrml: 0.00000 + L_Eknl: 10.97349 + L_Div: 0.00000 + L_Morse: 10.33803
Epoch: 0 [1630/10000 (16%)] Unweighted L_s : L_Mnfld: 0.00129,  L_NonMnfld: 0.01063,  L_Nrml: 0.00000,  L_Eknl: 0.21947, L_Morse: 1.03380

Weights: [7000.0, 600.0, 0, 50.0, 0.0, 10.0], lr=5.000e-05
Epoch: 0 [1640/10000 (16%)] Loss: 37.60667 = L_Mnfld: 8.45763 + L_NonMnfld: 7.11676 + L_Nrml: 0.00000 + L_Eknl: 11.25723 + L_Div: 0.00000 + L_Morse: 10.77506
Epoch: 0 [1640/10000 (16%)] Unweighted L_s : L_Mnfld: 0.00121,  L_NonMnfld: 0.01186,  L_Nrml: 0.00000,  L_Eknl: 0.22514, L_Morse: 1.07751

Weights: [7000.0, 600.0, 0, 50.0, 0.0, 10.0], lr=5.000e-05
Epoch: 0 [1650/10000 (16%)] Loss: 37.21601 = L_Mnfld: 8.93567 + L_NonMnfld: 6.48218 + L_Nrml: 0.00000 + L_Eknl: 10.89333 + L_Div: 0.00000 + L_Morse: 10.90482
Epoch: 0 [1650/10000 (16%)] Unweighted L_s : L_Mnfld: 0.00128,  L_NonMnfld: 0.01080,  L_Nrml: 0.00000,  L_Eknl: 0.21787, L_Morse: 1.09048

Weights: [7000.0, 600.0, 0, 50.0, 0.0, 10.0], lr=5.000e-05
Epoch: 0 [1660/10000 (17%)] Loss: 35.27766 = L_Mnfld: 8.14640 + L_NonMnfld: 6.18431 + L_Nrml: 0.00000 + L_Eknl: 11.05760 + L_Div: 0.00000 + L_Morse: 9.88935
Epoch: 0 [1660/10000 (17%)] Unweighted L_s : L_Mnfld: 0.00116,  L_NonMnfld: 0.01031,  L_Nrml: 0.00000,  L_Eknl: 0.22115, L_Morse: 0.98893

Weights: [7000.0, 600.0, 0, 50.0, 0.0, 10.0], lr=5.000e-05
Epoch: 0 [1670/10000 (17%)] Loss: 37.04463 = L_Mnfld: 8.57198 + L_NonMnfld: 6.38629 + L_Nrml: 0.00000 + L_Eknl: 11.01525 + L_Div: 0.00000 + L_Morse: 11.07111
Epoch: 0 [1670/10000 (17%)] Unweighted L_s : L_Mnfld: 0.00122,  L_NonMnfld: 0.01064,  L_Nrml: 0.00000,  L_Eknl: 0.22030, L_Morse: 1.10711

Weights: [7000.0, 600.0, 0, 50.0, 0.0, 10.0], lr=5.000e-05
Epoch: 0 [1680/10000 (17%)] Loss: 36.50163 = L_Mnfld: 8.76261 + L_NonMnfld: 6.23563 + L_Nrml: 0.00000 + L_Eknl: 11.30448 + L_Div: 0.00000 + L_Morse: 10.19891
Epoch: 0 [1680/10000 (17%)] Unweighted L_s : L_Mnfld: 0.00125,  L_NonMnfld: 0.01039,  L_Nrml: 0.00000,  L_Eknl: 0.22609, L_Morse: 1.01989

Weights: [7000.0, 600.0, 0, 50.0, 0.0, 10.0], lr=5.000e-05
Epoch: 0 [1690/10000 (17%)] Loss: 37.13558 = L_Mnfld: 8.54422 + L_NonMnfld: 6.85255 + L_Nrml: 0.00000 + L_Eknl: 11.14903 + L_Div: 0.00000 + L_Morse: 10.58978
Epoch: 0 [1690/10000 (17%)] Unweighted L_s : L_Mnfld: 0.00122,  L_NonMnfld: 0.01142,  L_Nrml: 0.00000,  L_Eknl: 0.22298, L_Morse: 1.05898

Weights: [7000.0, 600.0, 0, 50.0, 0.0, 10.0], lr=5.000e-05
Epoch: 0 [1700/10000 (17%)] Loss: 37.30420 = L_Mnfld: 9.16545 + L_NonMnfld: 6.49435 + L_Nrml: 0.00000 + L_Eknl: 11.07882 + L_Div: 0.00000 + L_Morse: 10.56558
Epoch: 0 [1700/10000 (17%)] Unweighted L_s : L_Mnfld: 0.00131,  L_NonMnfld: 0.01082,  L_Nrml: 0.00000,  L_Eknl: 0.22158, L_Morse: 1.05656

Weights: [7000.0, 600.0, 0, 50.0, 0.0, 10.0], lr=5.000e-05
Epoch: 0 [1710/10000 (17%)] Loss: 39.67886 = L_Mnfld: 10.06825 + L_NonMnfld: 7.22204 + L_Nrml: 0.00000 + L_Eknl: 11.30840 + L_Div: 0.00000 + L_Morse: 11.08016
Epoch: 0 [1710/10000 (17%)] Unweighted L_s : L_Mnfld: 0.00144,  L_NonMnfld: 0.01204,  L_Nrml: 0.00000,  L_Eknl: 0.22617, L_Morse: 1.10802

Weights: [7000.0, 600.0, 0, 50.0, 0.0, 10.0], lr=5.000e-05
Epoch: 0 [1720/10000 (17%)] Loss: 37.14816 = L_Mnfld: 9.17065 + L_NonMnfld: 6.55108 + L_Nrml: 0.00000 + L_Eknl: 11.34141 + L_Div: 0.00000 + L_Morse: 10.08501
Epoch: 0 [1720/10000 (17%)] Unweighted L_s : L_Mnfld: 0.00131,  L_NonMnfld: 0.01092,  L_Nrml: 0.00000,  L_Eknl: 0.22683, L_Morse: 1.00850

Weights: [7000.0, 600.0, 0, 50.0, 0.0, 10.0], lr=5.000e-05
Epoch: 0 [1730/10000 (17%)] Loss: 37.10457 = L_Mnfld: 8.80868 + L_NonMnfld: 6.39789 + L_Nrml: 0.00000 + L_Eknl: 11.09952 + L_Div: 0.00000 + L_Morse: 10.79848
Epoch: 0 [1730/10000 (17%)] Unweighted L_s : L_Mnfld: 0.00126,  L_NonMnfld: 0.01066,  L_Nrml: 0.00000,  L_Eknl: 0.22199, L_Morse: 1.07985

Weights: [7000.0, 600.0, 0, 50.0, 0.0, 10.0], lr=5.000e-05
Epoch: 0 [1740/10000 (17%)] Loss: 36.71175 = L_Mnfld: 8.12887 + L_NonMnfld: 6.79593 + L_Nrml: 0.00000 + L_Eknl: 11.14190 + L_Div: 0.00000 + L_Morse: 10.64505
Epoch: 0 [1740/10000 (17%)] Unweighted L_s : L_Mnfld: 0.00116,  L_NonMnfld: 0.01133,  L_Nrml: 0.00000,  L_Eknl: 0.22284, L_Morse: 1.06451

Weights: [7000.0, 600.0, 0, 50.0, 0.0, 10.0], lr=5.000e-05
Epoch: 0 [1750/10000 (18%)] Loss: 37.22459 = L_Mnfld: 9.20105 + L_NonMnfld: 7.04279 + L_Nrml: 0.00000 + L_Eknl: 10.98673 + L_Div: 0.00000 + L_Morse: 9.99401
Epoch: 0 [1750/10000 (18%)] Unweighted L_s : L_Mnfld: 0.00131,  L_NonMnfld: 0.01174,  L_Nrml: 0.00000,  L_Eknl: 0.21973, L_Morse: 0.99940

Weights: [7000.0, 600.0, 0, 50.0, 0.0, 10.0], lr=5.000e-05
Epoch: 0 [1760/10000 (18%)] Loss: 38.12154 = L_Mnfld: 9.20272 + L_NonMnfld: 7.45568 + L_Nrml: 0.00000 + L_Eknl: 11.40588 + L_Div: 0.00000 + L_Morse: 10.05725
Epoch: 0 [1760/10000 (18%)] Unweighted L_s : L_Mnfld: 0.00131,  L_NonMnfld: 0.01243,  L_Nrml: 0.00000,  L_Eknl: 0.22812, L_Morse: 1.00573

Weights: [7000.0, 600.0, 0, 50.0, 0.0, 10.0], lr=5.000e-05
Epoch: 0 [1770/10000 (18%)] Loss: 37.38080 = L_Mnfld: 8.91000 + L_NonMnfld: 6.61909 + L_Nrml: 0.00000 + L_Eknl: 10.94624 + L_Div: 0.00000 + L_Morse: 10.90546
Epoch: 0 [1770/10000 (18%)] Unweighted L_s : L_Mnfld: 0.00127,  L_NonMnfld: 0.01103,  L_Nrml: 0.00000,  L_Eknl: 0.21892, L_Morse: 1.09055

Weights: [7000.0, 600.0, 0, 50.0, 0.0, 10.0], lr=5.000e-05
Epoch: 0 [1780/10000 (18%)] Loss: 37.51635 = L_Mnfld: 8.22196 + L_NonMnfld: 7.06223 + L_Nrml: 0.00000 + L_Eknl: 11.42079 + L_Div: 0.00000 + L_Morse: 10.81137
Epoch: 0 [1780/10000 (18%)] Unweighted L_s : L_Mnfld: 0.00117,  L_NonMnfld: 0.01177,  L_Nrml: 0.00000,  L_Eknl: 0.22842, L_Morse: 1.08114

Weights: [7000.0, 600.0, 0, 50.0, 0.0, 10.0], lr=5.000e-05
Epoch: 0 [1790/10000 (18%)] Loss: 36.87875 = L_Mnfld: 8.72781 + L_NonMnfld: 6.27070 + L_Nrml: 0.00000 + L_Eknl: 11.01500 + L_Div: 0.00000 + L_Morse: 10.86524
Epoch: 0 [1790/10000 (18%)] Unweighted L_s : L_Mnfld: 0.00125,  L_NonMnfld: 0.01045,  L_Nrml: 0.00000,  L_Eknl: 0.22030, L_Morse: 1.08652

Weights: [7000.0, 600.0, 0, 50.0, 0.0, 10.0], lr=5.000e-05
Epoch: 0 [1800/10000 (18%)] Loss: 36.22392 = L_Mnfld: 8.31117 + L_NonMnfld: 6.47384 + L_Nrml: 0.00000 + L_Eknl: 11.14986 + L_Div: 0.00000 + L_Morse: 10.28905
Epoch: 0 [1800/10000 (18%)] Unweighted L_s : L_Mnfld: 0.00119,  L_NonMnfld: 0.01079,  L_Nrml: 0.00000,  L_Eknl: 0.22300, L_Morse: 1.02890

Weights: [7000.0, 600.0, 0, 50.0, 0.0, 10.0], lr=5.000e-05
Epoch: 0 [1810/10000 (18%)] Loss: 36.25225 = L_Mnfld: 8.08291 + L_NonMnfld: 6.54421 + L_Nrml: 0.00000 + L_Eknl: 11.13854 + L_Div: 0.00000 + L_Morse: 10.48660
Epoch: 0 [1810/10000 (18%)] Unweighted L_s : L_Mnfld: 0.00115,  L_NonMnfld: 0.01091,  L_Nrml: 0.00000,  L_Eknl: 0.22277, L_Morse: 1.04866

Weights: [7000.0, 600.0, 0, 50.0, 0.0, 10.0], lr=5.000e-05
Epoch: 0 [1820/10000 (18%)] Loss: 34.87468 = L_Mnfld: 7.97099 + L_NonMnfld: 6.46019 + L_Nrml: 0.00000 + L_Eknl: 10.84424 + L_Div: 0.00000 + L_Morse: 9.59927
Epoch: 0 [1820/10000 (18%)] Unweighted L_s : L_Mnfld: 0.00114,  L_NonMnfld: 0.01077,  L_Nrml: 0.00000,  L_Eknl: 0.21688, L_Morse: 0.95993

Weights: [7000.0, 600.0, 0, 50.0, 0.0, 10.0], lr=5.000e-05
Epoch: 0 [1830/10000 (18%)] Loss: 35.76333 = L_Mnfld: 7.91518 + L_NonMnfld: 6.93482 + L_Nrml: 0.00000 + L_Eknl: 10.73849 + L_Div: 0.00000 + L_Morse: 10.17485
Epoch: 0 [1830/10000 (18%)] Unweighted L_s : L_Mnfld: 0.00113,  L_NonMnfld: 0.01156,  L_Nrml: 0.00000,  L_Eknl: 0.21477, L_Morse: 1.01748

Weights: [7000.0, 600.0, 0, 50.0, 0.0, 10.0], lr=5.000e-05
Epoch: 0 [1840/10000 (18%)] Loss: 35.68447 = L_Mnfld: 7.58977 + L_NonMnfld: 6.74708 + L_Nrml: 0.00000 + L_Eknl: 11.12221 + L_Div: 0.00000 + L_Morse: 10.22542
Epoch: 0 [1840/10000 (18%)] Unweighted L_s : L_Mnfld: 0.00108,  L_NonMnfld: 0.01125,  L_Nrml: 0.00000,  L_Eknl: 0.22244, L_Morse: 1.02254

Weights: [7000.0, 600.0, 0, 50.0, 0.0, 10.0], lr=5.000e-05
Epoch: 0 [1850/10000 (18%)] Loss: 36.74050 = L_Mnfld: 8.41170 + L_NonMnfld: 6.69212 + L_Nrml: 0.00000 + L_Eknl: 10.86281 + L_Div: 0.00000 + L_Morse: 10.77388
Epoch: 0 [1850/10000 (18%)] Unweighted L_s : L_Mnfld: 0.00120,  L_NonMnfld: 0.01115,  L_Nrml: 0.00000,  L_Eknl: 0.21726, L_Morse: 1.07739

Weights: [7000.0, 600.0, 0, 50.0, 0.0, 10.0], lr=5.000e-05
Epoch: 0 [1860/10000 (19%)] Loss: 36.20838 = L_Mnfld: 7.93515 + L_NonMnfld: 7.08051 + L_Nrml: 0.00000 + L_Eknl: 11.05933 + L_Div: 0.00000 + L_Morse: 10.13339
Epoch: 0 [1860/10000 (19%)] Unweighted L_s : L_Mnfld: 0.00113,  L_NonMnfld: 0.01180,  L_Nrml: 0.00000,  L_Eknl: 0.22119, L_Morse: 1.01334

Weights: [7000.0, 600.0, 0, 50.0, 0.0, 10.0], lr=5.000e-05
Epoch: 0 [1870/10000 (19%)] Loss: 37.36177 = L_Mnfld: 9.45734 + L_NonMnfld: 6.66820 + L_Nrml: 0.00000 + L_Eknl: 10.92877 + L_Div: 0.00000 + L_Morse: 10.30747
Epoch: 0 [1870/10000 (19%)] Unweighted L_s : L_Mnfld: 0.00135,  L_NonMnfld: 0.01111,  L_Nrml: 0.00000,  L_Eknl: 0.21858, L_Morse: 1.03075

Weights: [7000.0, 600.0, 0, 50.0, 0.0, 10.0], lr=5.000e-05
Epoch: 0 [1880/10000 (19%)] Loss: 39.03715 = L_Mnfld: 10.51812 + L_NonMnfld: 6.99527 + L_Nrml: 0.00000 + L_Eknl: 11.00774 + L_Div: 0.00000 + L_Morse: 10.51601
Epoch: 0 [1880/10000 (19%)] Unweighted L_s : L_Mnfld: 0.00150,  L_NonMnfld: 0.01166,  L_Nrml: 0.00000,  L_Eknl: 0.22015, L_Morse: 1.05160

Weights: [7000.0, 600.0, 0, 50.0, 0.0, 10.0], lr=5.000e-05
Epoch: 0 [1890/10000 (19%)] Loss: 47.10260 = L_Mnfld: 18.61562 + L_NonMnfld: 6.49793 + L_Nrml: 0.00000 + L_Eknl: 11.14951 + L_Div: 0.00000 + L_Morse: 10.83954
Epoch: 0 [1890/10000 (19%)] Unweighted L_s : L_Mnfld: 0.00266,  L_NonMnfld: 0.01083,  L_Nrml: 0.00000,  L_Eknl: 0.22299, L_Morse: 1.08395

Weights: [7000.0, 600.0, 0, 50.0, 0.0, 10.0], lr=5.000e-05
Epoch: 0 [1900/10000 (19%)] Loss: 58.60580 = L_Mnfld: 23.89580 + L_NonMnfld: 6.94832 + L_Nrml: 0.00000 + L_Eknl: 12.67831 + L_Div: 0.00000 + L_Morse: 15.08337
Epoch: 0 [1900/10000 (19%)] Unweighted L_s : L_Mnfld: 0.00341,  L_NonMnfld: 0.01158,  L_Nrml: 0.00000,  L_Eknl: 0.25357, L_Morse: 1.50834

Weights: [7000.0, 600.0, 0, 50.0, 0.0, 10.0], lr=5.000e-05
Epoch: 0 [1910/10000 (19%)] Loss: 65.31844 = L_Mnfld: 27.86752 + L_NonMnfld: 7.09833 + L_Nrml: 0.00000 + L_Eknl: 16.02812 + L_Div: 0.00000 + L_Morse: 14.32447
Epoch: 0 [1910/10000 (19%)] Unweighted L_s : L_Mnfld: 0.00398,  L_NonMnfld: 0.01183,  L_Nrml: 0.00000,  L_Eknl: 0.32056, L_Morse: 1.43245

Weights: [7000.0, 600.0, 0, 50.0, 0.0, 10.0], lr=5.000e-05
Epoch: 0 [1920/10000 (19%)] Loss: 57.77919 = L_Mnfld: 20.69802 + L_NonMnfld: 8.01875 + L_Nrml: 0.00000 + L_Eknl: 14.78691 + L_Div: 0.00000 + L_Morse: 14.27550
Epoch: 0 [1920/10000 (19%)] Unweighted L_s : L_Mnfld: 0.00296,  L_NonMnfld: 0.01336,  L_Nrml: 0.00000,  L_Eknl: 0.29574, L_Morse: 1.42755

Weights: [7000.0, 600.0, 0, 50.0, 0.0, 10.0], lr=5.000e-05
Epoch: 0 [1930/10000 (19%)] Loss: 56.46914 = L_Mnfld: 18.98889 + L_NonMnfld: 8.58817 + L_Nrml: 0.00000 + L_Eknl: 14.44413 + L_Div: 0.00000 + L_Morse: 14.44795
Epoch: 0 [1930/10000 (19%)] Unweighted L_s : L_Mnfld: 0.00271,  L_NonMnfld: 0.01431,  L_Nrml: 0.00000,  L_Eknl: 0.28888, L_Morse: 1.44479

Weights: [7000.0, 600.0, 0, 50.0, 0.0, 10.0], lr=5.000e-05
Epoch: 0 [1940/10000 (19%)] Loss: 61.89610 = L_Mnfld: 26.57979 + L_NonMnfld: 7.87730 + L_Nrml: 0.00000 + L_Eknl: 15.43626 + L_Div: 0.00000 + L_Morse: 12.00274
Epoch: 0 [1940/10000 (19%)] Unweighted L_s : L_Mnfld: 0.00380,  L_NonMnfld: 0.01313,  L_Nrml: 0.00000,  L_Eknl: 0.30873, L_Morse: 1.20027

Weights: [7000.0, 600.0, 0, 50.0, 0.0, 10.0], lr=5.000e-05
Epoch: 0 [1950/10000 (20%)] Loss: 65.14064 = L_Mnfld: 29.39174 + L_NonMnfld: 7.63878 + L_Nrml: 0.00000 + L_Eknl: 15.13523 + L_Div: 0.00000 + L_Morse: 12.97490
Epoch: 0 [1950/10000 (20%)] Unweighted L_s : L_Mnfld: 0.00420,  L_NonMnfld: 0.01273,  L_Nrml: 0.00000,  L_Eknl: 0.30270, L_Morse: 1.29749

Weights: [7000.0, 600.0, 0, 50.0, 0.0, 10.0], lr=5.000e-05
Epoch: 0 [1960/10000 (20%)] Loss: 53.28136 = L_Mnfld: 19.49202 + L_NonMnfld: 7.86414 + L_Nrml: 0.00000 + L_Eknl: 14.80446 + L_Div: 0.00000 + L_Morse: 11.12074
Epoch: 0 [1960/10000 (20%)] Unweighted L_s : L_Mnfld: 0.00278,  L_NonMnfld: 0.01311,  L_Nrml: 0.00000,  L_Eknl: 0.29609, L_Morse: 1.11207

Weights: [7000.0, 600.0, 0, 50.0, 0.0, 10.0], lr=5.000e-05
Epoch: 0 [1970/10000 (20%)] Loss: 54.86867 = L_Mnfld: 20.31646 + L_NonMnfld: 8.15638 + L_Nrml: 0.00000 + L_Eknl: 15.66132 + L_Div: 0.00000 + L_Morse: 10.73451
Epoch: 0 [1970/10000 (20%)] Unweighted L_s : L_Mnfld: 0.00290,  L_NonMnfld: 0.01359,  L_Nrml: 0.00000,  L_Eknl: 0.31323, L_Morse: 1.07345

Weights: [7000.0, 600.0, 0, 50.0, 0.0, 10.0], lr=5.000e-05
Epoch: 0 [1980/10000 (20%)] Loss: 50.35489 = L_Mnfld: 18.57331 + L_NonMnfld: 7.08887 + L_Nrml: 0.00000 + L_Eknl: 13.83269 + L_Div: 0.00000 + L_Morse: 10.86002
Epoch: 0 [1980/10000 (20%)] Unweighted L_s : L_Mnfld: 0.00265,  L_NonMnfld: 0.01181,  L_Nrml: 0.00000,  L_Eknl: 0.27665, L_Morse: 1.08600

Weights: [7000.0, 600.0, 0, 50.0, 0.0, 10.0], lr=5.000e-05
Epoch: 0 [1990/10000 (20%)] Loss: 48.34334 = L_Mnfld: 16.36452 + L_NonMnfld: 7.96824 + L_Nrml: 0.00000 + L_Eknl: 14.20735 + L_Div: 0.00000 + L_Morse: 9.80324
Epoch: 0 [1990/10000 (20%)] Unweighted L_s : L_Mnfld: 0.00234,  L_NonMnfld: 0.01328,  L_Nrml: 0.00000,  L_Eknl: 0.28415, L_Morse: 0.98032

Weights: [7000.0, 600.0, 0, 50.0, 0.0, 10.0], lr=5.000e-05
Epoch: 0 [2000/10000 (20%)] Loss: 44.61345 = L_Mnfld: 13.15409 + L_NonMnfld: 8.03175 + L_Nrml: 0.00000 + L_Eknl: 13.15047 + L_Div: 0.00000 + L_Morse: 10.27714
Epoch: 0 [2000/10000 (20%)] Unweighted L_s : L_Mnfld: 0.00188,  L_NonMnfld: 0.01339,  L_Nrml: 0.00000,  L_Eknl: 0.26301, L_Morse: 1.02771

Weights: [7000.0, 600.0, 0, 50.0, 0.0, 9.9703], lr=5.000e-05
Epoch: 0 [2010/10000 (20%)] Loss: 40.56783 = L_Mnfld: 10.81292 + L_NonMnfld: 6.98366 + L_Nrml: 0.00000 + L_Eknl: 12.98440 + L_Div: 0.00000 + L_Morse: 9.78684
Epoch: 0 [2010/10000 (20%)] Unweighted L_s : L_Mnfld: 0.00154,  L_NonMnfld: 0.01164,  L_Nrml: 0.00000,  L_Eknl: 0.25969, L_Morse: 0.98160

Weights: [7000.0, 600.0, 0, 50.0, 0.0, 9.9373], lr=5.000e-05
Epoch: 0 [2020/10000 (20%)] Loss: 39.76639 = L_Mnfld: 9.98391 + L_NonMnfld: 7.49499 + L_Nrml: 0.00000 + L_Eknl: 12.74952 + L_Div: 0.00000 + L_Morse: 9.53797
Epoch: 0 [2020/10000 (20%)] Unweighted L_s : L_Mnfld: 0.00143,  L_NonMnfld: 0.01249,  L_Nrml: 0.00000,  L_Eknl: 0.25499, L_Morse: 0.95982

Weights: [7000.0, 600.0, 0, 50.0, 0.0, 9.904300000000001], lr=5.000e-05
Epoch: 0 [2030/10000 (20%)] Loss: 37.91338 = L_Mnfld: 8.43433 + L_NonMnfld: 7.51354 + L_Nrml: 0.00000 + L_Eknl: 12.45368 + L_Div: 0.00000 + L_Morse: 9.51183
Epoch: 0 [2030/10000 (20%)] Unweighted L_s : L_Mnfld: 0.00120,  L_NonMnfld: 0.01252,  L_Nrml: 0.00000,  L_Eknl: 0.24907, L_Morse: 0.96037

Weights: [7000.0, 600.0, 0, 50.0, 0.0, 9.8713], lr=5.000e-05
Epoch: 0 [2040/10000 (20%)] Loss: 37.22894 = L_Mnfld: 7.46206 + L_NonMnfld: 7.91735 + L_Nrml: 0.00000 + L_Eknl: 12.27219 + L_Div: 0.00000 + L_Morse: 9.57734
Epoch: 0 [2040/10000 (20%)] Unweighted L_s : L_Mnfld: 0.00107,  L_NonMnfld: 0.01320,  L_Nrml: 0.00000,  L_Eknl: 0.24544, L_Morse: 0.97022

Weights: [7000.0, 600.0, 0, 50.0, 0.0, 9.8383], lr=5.000e-05
Epoch: 0 [2050/10000 (20%)] Loss: 34.33743 = L_Mnfld: 6.73286 + L_NonMnfld: 6.94377 + L_Nrml: 0.00000 + L_Eknl: 12.00722 + L_Div: 0.00000 + L_Morse: 8.65358
Epoch: 0 [2050/10000 (20%)] Unweighted L_s : L_Mnfld: 0.00096,  L_NonMnfld: 0.01157,  L_Nrml: 0.00000,  L_Eknl: 0.24014, L_Morse: 0.87958

Weights: [7000.0, 600.0, 0, 50.0, 0.0, 9.8053], lr=5.000e-05
Epoch: 0 [2060/10000 (21%)] Loss: 34.56019 = L_Mnfld: 6.65206 + L_NonMnfld: 6.92582 + L_Nrml: 0.00000 + L_Eknl: 11.81015 + L_Div: 0.00000 + L_Morse: 9.17216
Epoch: 0 [2060/10000 (21%)] Unweighted L_s : L_Mnfld: 0.00095,  L_NonMnfld: 0.01154,  L_Nrml: 0.00000,  L_Eknl: 0.23620, L_Morse: 0.93543

Weights: [7000.0, 600.0, 0, 50.0, 0.0, 9.7723], lr=5.000e-05
Epoch: 0 [2070/10000 (21%)] Loss: 35.02498 = L_Mnfld: 7.47686 + L_NonMnfld: 6.93627 + L_Nrml: 0.00000 + L_Eknl: 11.67262 + L_Div: 0.00000 + L_Morse: 8.93924
Epoch: 0 [2070/10000 (21%)] Unweighted L_s : L_Mnfld: 0.00107,  L_NonMnfld: 0.01156,  L_Nrml: 0.00000,  L_Eknl: 0.23345, L_Morse: 0.91475

Weights: [7000.0, 600.0, 0, 50.0, 0.0, 9.7393], lr=5.000e-05
Epoch: 0 [2080/10000 (21%)] Loss: 34.19809 = L_Mnfld: 6.16865 + L_NonMnfld: 7.39688 + L_Nrml: 0.00000 + L_Eknl: 11.46019 + L_Div: 0.00000 + L_Morse: 9.17238
Epoch: 0 [2080/10000 (21%)] Unweighted L_s : L_Mnfld: 0.00088,  L_NonMnfld: 0.01233,  L_Nrml: 0.00000,  L_Eknl: 0.22920, L_Morse: 0.94179

Weights: [7000.0, 600.0, 0, 50.0, 0.0, 9.7063], lr=5.000e-05
Epoch: 0 [2090/10000 (21%)] Loss: 35.73052 = L_Mnfld: 7.08849 + L_NonMnfld: 7.90718 + L_Nrml: 0.00000 + L_Eknl: 11.72678 + L_Div: 0.00000 + L_Morse: 9.00806
Epoch: 0 [2090/10000 (21%)] Unweighted L_s : L_Mnfld: 0.00101,  L_NonMnfld: 0.01318,  L_Nrml: 0.00000,  L_Eknl: 0.23454, L_Morse: 0.92806

Weights: [7000.0, 600.0, 0, 50.0, 0.0, 9.673300000000001], lr=5.000e-05
Epoch: 0 [2100/10000 (21%)] Loss: 34.00761 = L_Mnfld: 5.98946 + L_NonMnfld: 7.00017 + L_Nrml: 0.00000 + L_Eknl: 11.33873 + L_Div: 0.00000 + L_Morse: 9.67925
Epoch: 0 [2100/10000 (21%)] Unweighted L_s : L_Mnfld: 0.00086,  L_NonMnfld: 0.01167,  L_Nrml: 0.00000,  L_Eknl: 0.22677, L_Morse: 1.00062

Weights: [7000.0, 600.0, 0, 50.0, 0.0, 9.6403], lr=5.000e-05
Epoch: 0 [2110/10000 (21%)] Loss: 32.83105 = L_Mnfld: 6.12772 + L_NonMnfld: 6.39840 + L_Nrml: 0.00000 + L_Eknl: 11.44321 + L_Div: 0.00000 + L_Morse: 8.86172
Epoch: 0 [2110/10000 (21%)] Unweighted L_s : L_Mnfld: 0.00088,  L_NonMnfld: 0.01066,  L_Nrml: 0.00000,  L_Eknl: 0.22886, L_Morse: 0.91924

Weights: [7000.0, 600.0, 0, 50.0, 0.0, 9.6073], lr=5.000e-05
Epoch: 0 [2120/10000 (21%)] Loss: 34.69495 = L_Mnfld: 7.32577 + L_NonMnfld: 6.90031 + L_Nrml: 0.00000 + L_Eknl: 11.27618 + L_Div: 0.00000 + L_Morse: 9.19269
Epoch: 0 [2120/10000 (21%)] Unweighted L_s : L_Mnfld: 0.00105,  L_NonMnfld: 0.01150,  L_Nrml: 0.00000,  L_Eknl: 0.22552, L_Morse: 0.95684

Weights: [7000.0, 600.0, 0, 50.0, 0.0, 9.574300000000001], lr=5.000e-05
Epoch: 0 [2130/10000 (21%)] Loss: 33.90479 = L_Mnfld: 6.14077 + L_NonMnfld: 7.22613 + L_Nrml: 0.00000 + L_Eknl: 11.28859 + L_Div: 0.00000 + L_Morse: 9.24929
Epoch: 0 [2130/10000 (21%)] Unweighted L_s : L_Mnfld: 0.00088,  L_NonMnfld: 0.01204,  L_Nrml: 0.00000,  L_Eknl: 0.22577, L_Morse: 0.96605

Weights: [7000.0, 600.0, 0, 50.0, 0.0, 9.5413], lr=5.000e-05
Epoch: 0 [2140/10000 (21%)] Loss: 33.38112 = L_Mnfld: 6.65317 + L_NonMnfld: 6.43732 + L_Nrml: 0.00000 + L_Eknl: 11.28546 + L_Div: 0.00000 + L_Morse: 9.00517
Epoch: 0 [2140/10000 (21%)] Unweighted L_s : L_Mnfld: 0.00095,  L_NonMnfld: 0.01073,  L_Nrml: 0.00000,  L_Eknl: 0.22571, L_Morse: 0.94381

Weights: [7000.0, 600.0, 0, 50.0, 0.0, 9.5083], lr=5.000e-05
Epoch: 0 [2150/10000 (22%)] Loss: 34.14364 = L_Mnfld: 6.66484 + L_NonMnfld: 7.02189 + L_Nrml: 0.00000 + L_Eknl: 11.22333 + L_Div: 0.00000 + L_Morse: 9.23358
Epoch: 0 [2150/10000 (22%)] Unweighted L_s : L_Mnfld: 0.00095,  L_NonMnfld: 0.01170,  L_Nrml: 0.00000,  L_Eknl: 0.22447, L_Morse: 0.97111

Weights: [7000.0, 600.0, 0, 50.0, 0.0, 9.4753], lr=5.000e-05
Epoch: 0 [2160/10000 (22%)] Loss: 34.49722 = L_Mnfld: 7.20521 + L_NonMnfld: 7.11496 + L_Nrml: 0.00000 + L_Eknl: 11.09316 + L_Div: 0.00000 + L_Morse: 9.08391
Epoch: 0 [2160/10000 (22%)] Unweighted L_s : L_Mnfld: 0.00103,  L_NonMnfld: 0.01186,  L_Nrml: 0.00000,  L_Eknl: 0.22186, L_Morse: 0.95869

Weights: [7000.0, 600.0, 0, 50.0, 0.0, 9.4423], lr=5.000e-05
Epoch: 0 [2170/10000 (22%)] Loss: 33.58887 = L_Mnfld: 6.46857 + L_NonMnfld: 7.10401 + L_Nrml: 0.00000 + L_Eknl: 11.19865 + L_Div: 0.00000 + L_Morse: 8.81764
Epoch: 0 [2170/10000 (22%)] Unweighted L_s : L_Mnfld: 0.00092,  L_NonMnfld: 0.01184,  L_Nrml: 0.00000,  L_Eknl: 0.22397, L_Morse: 0.93384

Weights: [7000.0, 600.0, 0, 50.0, 0.0, 9.4093], lr=5.000e-05
Epoch: 0 [2180/10000 (22%)] Loss: 33.38792 = L_Mnfld: 6.39746 + L_NonMnfld: 6.50388 + L_Nrml: 0.00000 + L_Eknl: 11.09628 + L_Div: 0.00000 + L_Morse: 9.39031
Epoch: 0 [2180/10000 (22%)] Unweighted L_s : L_Mnfld: 0.00091,  L_NonMnfld: 0.01084,  L_Nrml: 0.00000,  L_Eknl: 0.22193, L_Morse: 0.99798

Weights: [7000.0, 600.0, 0, 50.0, 0.0, 9.3763], lr=5.000e-05
Epoch: 0 [2190/10000 (22%)] Loss: 32.83369 = L_Mnfld: 6.32761 + L_NonMnfld: 5.82737 + L_Nrml: 0.00000 + L_Eknl: 11.40474 + L_Div: 0.00000 + L_Morse: 9.27398
Epoch: 0 [2190/10000 (22%)] Unweighted L_s : L_Mnfld: 0.00090,  L_NonMnfld: 0.00971,  L_Nrml: 0.00000,  L_Eknl: 0.22809, L_Morse: 0.98909

Weights: [7000.0, 600.0, 0, 50.0, 0.0, 9.3433], lr=5.000e-05
Epoch: 0 [2200/10000 (22%)] Loss: 33.95987 = L_Mnfld: 6.87325 + L_NonMnfld: 6.56494 + L_Nrml: 0.00000 + L_Eknl: 10.88221 + L_Div: 0.00000 + L_Morse: 9.63947
Epoch: 0 [2200/10000 (22%)] Unweighted L_s : L_Mnfld: 0.00098,  L_NonMnfld: 0.01094,  L_Nrml: 0.00000,  L_Eknl: 0.21764, L_Morse: 1.03170

Weights: [7000.0, 600.0, 0, 50.0, 0.0, 9.3103], lr=5.000e-05
Epoch: 0 [2210/10000 (22%)] Loss: 33.42809 = L_Mnfld: 6.28438 + L_NonMnfld: 7.08146 + L_Nrml: 0.00000 + L_Eknl: 10.90305 + L_Div: 0.00000 + L_Morse: 9.15920
Epoch: 0 [2210/10000 (22%)] Unweighted L_s : L_Mnfld: 0.00090,  L_NonMnfld: 0.01180,  L_Nrml: 0.00000,  L_Eknl: 0.21806, L_Morse: 0.98377

Weights: [7000.0, 600.0, 0, 50.0, 0.0, 9.2773], lr=5.000e-05
Epoch: 0 [2220/10000 (22%)] Loss: 33.65061 = L_Mnfld: 6.79751 + L_NonMnfld: 6.78115 + L_Nrml: 0.00000 + L_Eknl: 10.88694 + L_Div: 0.00000 + L_Morse: 9.18502
Epoch: 0 [2220/10000 (22%)] Unweighted L_s : L_Mnfld: 0.00097,  L_NonMnfld: 0.01130,  L_Nrml: 0.00000,  L_Eknl: 0.21774, L_Morse: 0.99005

Weights: [7000.0, 600.0, 0, 50.0, 0.0, 9.2443], lr=5.000e-05
Epoch: 0 [2230/10000 (22%)] Loss: 33.47264 = L_Mnfld: 7.27876 + L_NonMnfld: 6.35516 + L_Nrml: 0.00000 + L_Eknl: 10.85353 + L_Div: 0.00000 + L_Morse: 8.98519
Epoch: 0 [2230/10000 (22%)] Unweighted L_s : L_Mnfld: 0.00104,  L_NonMnfld: 0.01059,  L_Nrml: 0.00000,  L_Eknl: 0.21707, L_Morse: 0.97197

Weights: [7000.0, 600.0, 0, 50.0, 0.0, 9.211300000000001], lr=5.000e-05
Epoch: 0 [2240/10000 (22%)] Loss: 33.14952 = L_Mnfld: 6.74067 + L_NonMnfld: 6.25724 + L_Nrml: 0.00000 + L_Eknl: 10.82957 + L_Div: 0.00000 + L_Morse: 9.32203
Epoch: 0 [2240/10000 (22%)] Unweighted L_s : L_Mnfld: 0.00096,  L_NonMnfld: 0.01043,  L_Nrml: 0.00000,  L_Eknl: 0.21659, L_Morse: 1.01202

Weights: [7000.0, 600.0, 0, 50.0, 0.0, 9.1783], lr=5.000e-05
Epoch: 0 [2250/10000 (22%)] Loss: 33.15182 = L_Mnfld: 7.43608 + L_NonMnfld: 6.36859 + L_Nrml: 0.00000 + L_Eknl: 11.10470 + L_Div: 0.00000 + L_Morse: 8.24246
Epoch: 0 [2250/10000 (22%)] Unweighted L_s : L_Mnfld: 0.00106,  L_NonMnfld: 0.01061,  L_Nrml: 0.00000,  L_Eknl: 0.22209, L_Morse: 0.89804

Weights: [7000.0, 600.0, 0, 50.0, 0.0, 9.1453], lr=5.000e-05
Epoch: 0 [2260/10000 (23%)] Loss: 34.13966 = L_Mnfld: 7.16942 + L_NonMnfld: 7.27400 + L_Nrml: 0.00000 + L_Eknl: 10.75062 + L_Div: 0.00000 + L_Morse: 8.94561
Epoch: 0 [2260/10000 (23%)] Unweighted L_s : L_Mnfld: 0.00102,  L_NonMnfld: 0.01212,  L_Nrml: 0.00000,  L_Eknl: 0.21501, L_Morse: 0.97816

Weights: [7000.0, 600.0, 0, 50.0, 0.0, 9.112300000000001], lr=5.000e-05
Epoch: 0 [2270/10000 (23%)] Loss: 32.21934 = L_Mnfld: 5.69173 + L_NonMnfld: 6.78400 + L_Nrml: 0.00000 + L_Eknl: 10.79876 + L_Div: 0.00000 + L_Morse: 8.94485
Epoch: 0 [2270/10000 (23%)] Unweighted L_s : L_Mnfld: 0.00081,  L_NonMnfld: 0.01131,  L_Nrml: 0.00000,  L_Eknl: 0.21598, L_Morse: 0.98162

Weights: [7000.0, 600.0, 0, 50.0, 0.0, 9.0793], lr=5.000e-05
Epoch: 0 [2280/10000 (23%)] Loss: 33.37422 = L_Mnfld: 6.92673 + L_NonMnfld: 6.74938 + L_Nrml: 0.00000 + L_Eknl: 10.67894 + L_Div: 0.00000 + L_Morse: 9.01916
Epoch: 0 [2280/10000 (23%)] Unweighted L_s : L_Mnfld: 0.00099,  L_NonMnfld: 0.01125,  L_Nrml: 0.00000,  L_Eknl: 0.21358, L_Morse: 0.99338

Weights: [7000.0, 600.0, 0, 50.0, 0.0, 9.0463], lr=5.000e-05
Epoch: 0 [2290/10000 (23%)] Loss: 32.34319 = L_Mnfld: 6.47682 + L_NonMnfld: 6.37731 + L_Nrml: 0.00000 + L_Eknl: 10.44047 + L_Div: 0.00000 + L_Morse: 9.04857
Epoch: 0 [2290/10000 (23%)] Unweighted L_s : L_Mnfld: 0.00093,  L_NonMnfld: 0.01063,  L_Nrml: 0.00000,  L_Eknl: 0.20881, L_Morse: 1.00025

Weights: [7000.0, 600.0, 0, 50.0, 0.0, 9.013300000000001], lr=5.000e-05
Epoch: 0 [2300/10000 (23%)] Loss: 32.97548 = L_Mnfld: 6.31938 + L_NonMnfld: 6.98171 + L_Nrml: 0.00000 + L_Eknl: 10.71071 + L_Div: 0.00000 + L_Morse: 8.96369
Epoch: 0 [2300/10000 (23%)] Unweighted L_s : L_Mnfld: 0.00090,  L_NonMnfld: 0.01164,  L_Nrml: 0.00000,  L_Eknl: 0.21421, L_Morse: 0.99450

Weights: [7000.0, 600.0, 0, 50.0, 0.0, 8.9803], lr=5.000e-05
Epoch: 0 [2310/10000 (23%)] Loss: 33.61289 = L_Mnfld: 6.47466 + L_NonMnfld: 7.68019 + L_Nrml: 0.00000 + L_Eknl: 10.56073 + L_Div: 0.00000 + L_Morse: 8.89731
Epoch: 0 [2310/10000 (23%)] Unweighted L_s : L_Mnfld: 0.00092,  L_NonMnfld: 0.01280,  L_Nrml: 0.00000,  L_Eknl: 0.21121, L_Morse: 0.99076

Weights: [7000.0, 600.0, 0, 50.0, 0.0, 8.9473], lr=5.000e-05
Epoch: 0 [2320/10000 (23%)] Loss: 32.08696 = L_Mnfld: 6.66277 + L_NonMnfld: 6.09402 + L_Nrml: 0.00000 + L_Eknl: 10.53377 + L_Div: 0.00000 + L_Morse: 8.79639
Epoch: 0 [2320/10000 (23%)] Unweighted L_s : L_Mnfld: 0.00095,  L_NonMnfld: 0.01016,  L_Nrml: 0.00000,  L_Eknl: 0.21068, L_Morse: 0.98313

Weights: [7000.0, 600.0, 0, 50.0, 0.0, 8.9143], lr=5.000e-05
Epoch: 0 [2330/10000 (23%)] Loss: 32.91583 = L_Mnfld: 6.98608 + L_NonMnfld: 6.21800 + L_Nrml: 0.00000 + L_Eknl: 10.52613 + L_Div: 0.00000 + L_Morse: 9.18562
Epoch: 0 [2330/10000 (23%)] Unweighted L_s : L_Mnfld: 0.00100,  L_NonMnfld: 0.01036,  L_Nrml: 0.00000,  L_Eknl: 0.21052, L_Morse: 1.03044

Weights: [7000.0, 600.0, 0, 50.0, 0.0, 8.8813], lr=5.000e-05
Epoch: 0 [2340/10000 (23%)] Loss: 32.51559 = L_Mnfld: 6.56997 + L_NonMnfld: 6.48788 + L_Nrml: 0.00000 + L_Eknl: 10.40048 + L_Div: 0.00000 + L_Morse: 9.05725
Epoch: 0 [2340/10000 (23%)] Unweighted L_s : L_Mnfld: 0.00094,  L_NonMnfld: 0.01081,  L_Nrml: 0.00000,  L_Eknl: 0.20801, L_Morse: 1.01981

Weights: [7000.0, 600.0, 0, 50.0, 0.0, 8.8483], lr=5.000e-05
Epoch: 0 [2350/10000 (24%)] Loss: 33.20966 = L_Mnfld: 6.81074 + L_NonMnfld: 6.78046 + L_Nrml: 0.00000 + L_Eknl: 10.52800 + L_Div: 0.00000 + L_Morse: 9.09045
Epoch: 0 [2350/10000 (24%)] Unweighted L_s : L_Mnfld: 0.00097,  L_NonMnfld: 0.01130,  L_Nrml: 0.00000,  L_Eknl: 0.21056, L_Morse: 1.02737

Weights: [7000.0, 600.0, 0, 50.0, 0.0, 8.8153], lr=5.000e-05
Epoch: 0 [2360/10000 (24%)] Loss: 34.20513 = L_Mnfld: 7.08512 + L_NonMnfld: 7.68358 + L_Nrml: 0.00000 + L_Eknl: 10.39650 + L_Div: 0.00000 + L_Morse: 9.03992
Epoch: 0 [2360/10000 (24%)] Unweighted L_s : L_Mnfld: 0.00101,  L_NonMnfld: 0.01281,  L_Nrml: 0.00000,  L_Eknl: 0.20793, L_Morse: 1.02548

Weights: [7000.0, 600.0, 0, 50.0, 0.0, 8.7823], lr=5.000e-05
Epoch: 0 [2370/10000 (24%)] Loss: 32.99444 = L_Mnfld: 6.98624 + L_NonMnfld: 6.43872 + L_Nrml: 0.00000 + L_Eknl: 10.49412 + L_Div: 0.00000 + L_Morse: 9.07536
Epoch: 0 [2370/10000 (24%)] Unweighted L_s : L_Mnfld: 0.00100,  L_NonMnfld: 0.01073,  L_Nrml: 0.00000,  L_Eknl: 0.20988, L_Morse: 1.03337

Weights: [7000.0, 600.0, 0, 50.0, 0.0, 8.7493], lr=5.000e-05
Epoch: 0 [2380/10000 (24%)] Loss: 32.21922 = L_Mnfld: 6.76671 + L_NonMnfld: 6.24087 + L_Nrml: 0.00000 + L_Eknl: 10.34908 + L_Div: 0.00000 + L_Morse: 8.86256
Epoch: 0 [2380/10000 (24%)] Unweighted L_s : L_Mnfld: 0.00097,  L_NonMnfld: 0.01040,  L_Nrml: 0.00000,  L_Eknl: 0.20698, L_Morse: 1.01295

Weights: [7000.0, 600.0, 0, 50.0, 0.0, 8.7163], lr=5.000e-05
Epoch: 0 [2390/10000 (24%)] Loss: 31.46074 = L_Mnfld: 5.81252 + L_NonMnfld: 6.18017 + L_Nrml: 0.00000 + L_Eknl: 10.23236 + L_Div: 0.00000 + L_Morse: 9.23568
Epoch: 0 [2390/10000 (24%)] Unweighted L_s : L_Mnfld: 0.00083,  L_NonMnfld: 0.01030,  L_Nrml: 0.00000,  L_Eknl: 0.20465, L_Morse: 1.05959

Weights: [7000.0, 600.0, 0, 50.0, 0.0, 8.683300000000001], lr=5.000e-05
Epoch: 0 [2400/10000 (24%)] Loss: 32.77794 = L_Mnfld: 6.90760 + L_NonMnfld: 6.29006 + L_Nrml: 0.00000 + L_Eknl: 10.40313 + L_Div: 0.00000 + L_Morse: 9.17714
Epoch: 0 [2400/10000 (24%)] Unweighted L_s : L_Mnfld: 0.00099,  L_NonMnfld: 0.01048,  L_Nrml: 0.00000,  L_Eknl: 0.20806, L_Morse: 1.05687

Weights: [7000.0, 600.0, 0, 50.0, 0.0, 8.6503], lr=5.000e-05
Epoch: 0 [2410/10000 (24%)] Loss: 32.23069 = L_Mnfld: 6.74108 + L_NonMnfld: 6.37876 + L_Nrml: 0.00000 + L_Eknl: 10.20206 + L_Div: 0.00000 + L_Morse: 8.90880
Epoch: 0 [2410/10000 (24%)] Unweighted L_s : L_Mnfld: 0.00096,  L_NonMnfld: 0.01063,  L_Nrml: 0.00000,  L_Eknl: 0.20404, L_Morse: 1.02988

Weights: [7000.0, 600.0, 0, 50.0, 0.0, 8.6173], lr=5.000e-05
Epoch: 0 [2420/10000 (24%)] Loss: 34.39389 = L_Mnfld: 8.38201 + L_NonMnfld: 6.43356 + L_Nrml: 0.00000 + L_Eknl: 10.11251 + L_Div: 0.00000 + L_Morse: 9.46582
Epoch: 0 [2420/10000 (24%)] Unweighted L_s : L_Mnfld: 0.00120,  L_NonMnfld: 0.01072,  L_Nrml: 0.00000,  L_Eknl: 0.20225, L_Morse: 1.09847

Weights: [7000.0, 600.0, 0, 50.0, 0.0, 8.5843], lr=5.000e-05
Epoch: 0 [2430/10000 (24%)] Loss: 32.57848 = L_Mnfld: 7.06466 + L_NonMnfld: 6.04011 + L_Nrml: 0.00000 + L_Eknl: 10.38520 + L_Div: 0.00000 + L_Morse: 9.08851
Epoch: 0 [2430/10000 (24%)] Unweighted L_s : L_Mnfld: 0.00101,  L_NonMnfld: 0.01007,  L_Nrml: 0.00000,  L_Eknl: 0.20770, L_Morse: 1.05874

Weights: [7000.0, 600.0, 0, 50.0, 0.0, 8.5513], lr=5.000e-05
Epoch: 0 [2440/10000 (24%)] Loss: 32.09719 = L_Mnfld: 6.61906 + L_NonMnfld: 6.46982 + L_Nrml: 0.00000 + L_Eknl: 10.18089 + L_Div: 0.00000 + L_Morse: 8.82743
Epoch: 0 [2440/10000 (24%)] Unweighted L_s : L_Mnfld: 0.00095,  L_NonMnfld: 0.01078,  L_Nrml: 0.00000,  L_Eknl: 0.20362, L_Morse: 1.03229

Weights: [7000.0, 600.0, 0, 50.0, 0.0, 8.5183], lr=5.000e-05
Epoch: 0 [2450/10000 (24%)] Loss: 33.27929 = L_Mnfld: 7.11961 + L_NonMnfld: 7.33826 + L_Nrml: 0.00000 + L_Eknl: 10.17993 + L_Div: 0.00000 + L_Morse: 8.64150
Epoch: 0 [2450/10000 (24%)] Unweighted L_s : L_Mnfld: 0.00102,  L_NonMnfld: 0.01223,  L_Nrml: 0.00000,  L_Eknl: 0.20360, L_Morse: 1.01446

Weights: [7000.0, 600.0, 0, 50.0, 0.0, 8.4853], lr=5.000e-05
Epoch: 0 [2460/10000 (25%)] Loss: 33.28533 = L_Mnfld: 7.91831 + L_NonMnfld: 6.26938 + L_Nrml: 0.00000 + L_Eknl: 10.16904 + L_Div: 0.00000 + L_Morse: 8.92859
Epoch: 0 [2460/10000 (25%)] Unweighted L_s : L_Mnfld: 0.00113,  L_NonMnfld: 0.01045,  L_Nrml: 0.00000,  L_Eknl: 0.20338, L_Morse: 1.05224

Weights: [7000.0, 600.0, 0, 50.0, 0.0, 8.4523], lr=5.000e-05
Epoch: 0 [2470/10000 (25%)] Loss: 33.96648 = L_Mnfld: 7.48035 + L_NonMnfld: 7.27781 + L_Nrml: 0.00000 + L_Eknl: 10.57594 + L_Div: 0.00000 + L_Morse: 8.63237
Epoch: 0 [2470/10000 (25%)] Unweighted L_s : L_Mnfld: 0.00107,  L_NonMnfld: 0.01213,  L_Nrml: 0.00000,  L_Eknl: 0.21152, L_Morse: 1.02130

Weights: [7000.0, 600.0, 0, 50.0, 0.0, 8.4193], lr=5.000e-05
Epoch: 0 [2480/10000 (25%)] Loss: 32.01783 = L_Mnfld: 6.45046 + L_NonMnfld: 6.71725 + L_Nrml: 0.00000 + L_Eknl: 10.09865 + L_Div: 0.00000 + L_Morse: 8.75148
Epoch: 0 [2480/10000 (25%)] Unweighted L_s : L_Mnfld: 0.00092,  L_NonMnfld: 0.01120,  L_Nrml: 0.00000,  L_Eknl: 0.20197, L_Morse: 1.03945

Weights: [7000.0, 600.0, 0, 50.0, 0.0, 8.3863], lr=5.000e-05
Epoch: 0 [2490/10000 (25%)] Loss: 31.02702 = L_Mnfld: 6.52985 + L_NonMnfld: 5.92643 + L_Nrml: 0.00000 + L_Eknl: 9.99649 + L_Div: 0.00000 + L_Morse: 8.57425
Epoch: 0 [2490/10000 (25%)] Unweighted L_s : L_Mnfld: 0.00093,  L_NonMnfld: 0.00988,  L_Nrml: 0.00000,  L_Eknl: 0.19993, L_Morse: 1.02241

Weights: [7000.0, 600.0, 0, 50.0, 0.0, 8.3533], lr=5.000e-05
Epoch: 0 [2500/10000 (25%)] Loss: 31.27171 = L_Mnfld: 6.84069 + L_NonMnfld: 5.68067 + L_Nrml: 0.00000 + L_Eknl: 10.02511 + L_Div: 0.00000 + L_Morse: 8.72523
Epoch: 0 [2500/10000 (25%)] Unweighted L_s : L_Mnfld: 0.00098,  L_NonMnfld: 0.00947,  L_Nrml: 0.00000,  L_Eknl: 0.20050, L_Morse: 1.04453

Weights: [7000.0, 600.0, 0, 50.0, 0.0, 8.3203], lr=5.000e-05
Epoch: 0 [2510/10000 (25%)] Loss: 32.34224 = L_Mnfld: 6.92615 + L_NonMnfld: 6.65556 + L_Nrml: 0.00000 + L_Eknl: 10.12919 + L_Div: 0.00000 + L_Morse: 8.63134
Epoch: 0 [2510/10000 (25%)] Unweighted L_s : L_Mnfld: 0.00099,  L_NonMnfld: 0.01109,  L_Nrml: 0.00000,  L_Eknl: 0.20258, L_Morse: 1.03738

Weights: [7000.0, 600.0, 0, 50.0, 0.0, 8.2873], lr=5.000e-05
Epoch: 0 [2520/10000 (25%)] Loss: 32.01894 = L_Mnfld: 6.97005 + L_NonMnfld: 6.80141 + L_Nrml: 0.00000 + L_Eknl: 9.88573 + L_Div: 0.00000 + L_Morse: 8.36175
Epoch: 0 [2520/10000 (25%)] Unweighted L_s : L_Mnfld: 0.00100,  L_NonMnfld: 0.01134,  L_Nrml: 0.00000,  L_Eknl: 0.19771, L_Morse: 1.00898

Weights: [7000.0, 600.0, 0, 50.0, 0.0, 8.2543], lr=5.000e-05
Epoch: 0 [2530/10000 (25%)] Loss: 31.52265 = L_Mnfld: 6.10881 + L_NonMnfld: 6.81111 + L_Nrml: 0.00000 + L_Eknl: 10.00600 + L_Div: 0.00000 + L_Morse: 8.59674
Epoch: 0 [2530/10000 (25%)] Unweighted L_s : L_Mnfld: 0.00087,  L_NonMnfld: 0.01135,  L_Nrml: 0.00000,  L_Eknl: 0.20012, L_Morse: 1.04149

Weights: [7000.0, 600.0, 0, 50.0, 0.0, 8.2213], lr=5.000e-05
Epoch: 0 [2540/10000 (25%)] Loss: 32.42376 = L_Mnfld: 6.70989 + L_NonMnfld: 6.87866 + L_Nrml: 0.00000 + L_Eknl: 10.07475 + L_Div: 0.00000 + L_Morse: 8.76046
Epoch: 0 [2540/10000 (25%)] Unweighted L_s : L_Mnfld: 0.00096,  L_NonMnfld: 0.01146,  L_Nrml: 0.00000,  L_Eknl: 0.20150, L_Morse: 1.06558

Weights: [7000.0, 600.0, 0, 50.0, 0.0, 8.1883], lr=5.000e-05
Epoch: 0 [2550/10000 (26%)] Loss: 32.37633 = L_Mnfld: 6.45889 + L_NonMnfld: 6.85087 + L_Nrml: 0.00000 + L_Eknl: 10.23288 + L_Div: 0.00000 + L_Morse: 8.83369
Epoch: 0 [2550/10000 (26%)] Unweighted L_s : L_Mnfld: 0.00092,  L_NonMnfld: 0.01142,  L_Nrml: 0.00000,  L_Eknl: 0.20466, L_Morse: 1.07882

Weights: [7000.0, 600.0, 0, 50.0, 0.0, 8.1553], lr=5.000e-05
Epoch: 0 [2560/10000 (26%)] Loss: 31.31335 = L_Mnfld: 7.00238 + L_NonMnfld: 6.07689 + L_Nrml: 0.00000 + L_Eknl: 9.89940 + L_Div: 0.00000 + L_Morse: 8.33469
Epoch: 0 [2560/10000 (26%)] Unweighted L_s : L_Mnfld: 0.00100,  L_NonMnfld: 0.01013,  L_Nrml: 0.00000,  L_Eknl: 0.19799, L_Morse: 1.02200

Weights: [7000.0, 600.0, 0, 50.0, 0.0, 8.1223], lr=5.000e-05
Epoch: 0 [2570/10000 (26%)] Loss: 30.28065 = L_Mnfld: 6.16918 + L_NonMnfld: 5.93954 + L_Nrml: 0.00000 + L_Eknl: 9.69549 + L_Div: 0.00000 + L_Morse: 8.47644
Epoch: 0 [2570/10000 (26%)] Unweighted L_s : L_Mnfld: 0.00088,  L_NonMnfld: 0.00990,  L_Nrml: 0.00000,  L_Eknl: 0.19391, L_Morse: 1.04360

Weights: [7000.0, 600.0, 0, 50.0, 0.0, 8.0893], lr=5.000e-05
Epoch: 0 [2580/10000 (26%)] Loss: 31.11879 = L_Mnfld: 6.76272 + L_NonMnfld: 6.30860 + L_Nrml: 0.00000 + L_Eknl: 9.64099 + L_Div: 0.00000 + L_Morse: 8.40648
Epoch: 0 [2580/10000 (26%)] Unweighted L_s : L_Mnfld: 0.00097,  L_NonMnfld: 0.01051,  L_Nrml: 0.00000,  L_Eknl: 0.19282, L_Morse: 1.03921

Weights: [7000.0, 600.0, 0, 50.0, 0.0, 8.0563], lr=5.000e-05
Epoch: 0 [2590/10000 (26%)] Loss: 31.33593 = L_Mnfld: 6.17661 + L_NonMnfld: 6.93576 + L_Nrml: 0.00000 + L_Eknl: 9.89939 + L_Div: 0.00000 + L_Morse: 8.32417
Epoch: 0 [2590/10000 (26%)] Unweighted L_s : L_Mnfld: 0.00088,  L_NonMnfld: 0.01156,  L_Nrml: 0.00000,  L_Eknl: 0.19799, L_Morse: 1.03325

Weights: [7000.0, 600.0, 0, 50.0, 0.0, 8.023299999999999], lr=5.000e-05
Epoch: 0 [2600/10000 (26%)] Loss: 31.65838 = L_Mnfld: 6.71199 + L_NonMnfld: 6.42110 + L_Nrml: 0.00000 + L_Eknl: 9.83226 + L_Div: 0.00000 + L_Morse: 8.69303
Epoch: 0 [2600/10000 (26%)] Unweighted L_s : L_Mnfld: 0.00096,  L_NonMnfld: 0.01070,  L_Nrml: 0.00000,  L_Eknl: 0.19665, L_Morse: 1.08347

Weights: [7000.0, 600.0, 0, 50.0, 0.0, 7.9902999999999995], lr=5.000e-05
Epoch: 0 [2610/10000 (26%)] Loss: 31.29009 = L_Mnfld: 6.83133 + L_NonMnfld: 5.89163 + L_Nrml: 0.00000 + L_Eknl: 9.84855 + L_Div: 0.00000 + L_Morse: 8.71858
Epoch: 0 [2610/10000 (26%)] Unweighted L_s : L_Mnfld: 0.00098,  L_NonMnfld: 0.00982,  L_Nrml: 0.00000,  L_Eknl: 0.19697, L_Morse: 1.09115

Weights: [7000.0, 600.0, 0, 50.0, 0.0, 7.9573], lr=5.000e-05
Epoch: 0 [2620/10000 (26%)] Loss: 31.58447 = L_Mnfld: 7.02092 + L_NonMnfld: 6.13098 + L_Nrml: 0.00000 + L_Eknl: 9.64357 + L_Div: 0.00000 + L_Morse: 8.78900
Epoch: 0 [2620/10000 (26%)] Unweighted L_s : L_Mnfld: 0.00100,  L_NonMnfld: 0.01022,  L_Nrml: 0.00000,  L_Eknl: 0.19287, L_Morse: 1.10452

Weights: [7000.0, 600.0, 0, 50.0, 0.0, 7.9243], lr=5.000e-05
Epoch: 0 [2630/10000 (26%)] Loss: 29.84008 = L_Mnfld: 5.81441 + L_NonMnfld: 5.85077 + L_Nrml: 0.00000 + L_Eknl: 9.65355 + L_Div: 0.00000 + L_Morse: 8.52134
Epoch: 0 [2630/10000 (26%)] Unweighted L_s : L_Mnfld: 0.00083,  L_NonMnfld: 0.00975,  L_Nrml: 0.00000,  L_Eknl: 0.19307, L_Morse: 1.07534

Weights: [7000.0, 600.0, 0, 50.0, 0.0, 7.891299999999999], lr=5.000e-05
Epoch: 0 [2640/10000 (26%)] Loss: 31.80200 = L_Mnfld: 7.80626 + L_NonMnfld: 6.05977 + L_Nrml: 0.00000 + L_Eknl: 9.78495 + L_Div: 0.00000 + L_Morse: 8.15102
Epoch: 0 [2640/10000 (26%)] Unweighted L_s : L_Mnfld: 0.00112,  L_NonMnfld: 0.01010,  L_Nrml: 0.00000,  L_Eknl: 0.19570, L_Morse: 1.03291

Weights: [7000.0, 600.0, 0, 50.0, 0.0, 7.8583], lr=5.000e-05
Epoch: 0 [2650/10000 (26%)] Loss: 30.98609 = L_Mnfld: 7.45019 + L_NonMnfld: 5.87573 + L_Nrml: 0.00000 + L_Eknl: 9.75918 + L_Div: 0.00000 + L_Morse: 7.90100
Epoch: 0 [2650/10000 (26%)] Unweighted L_s : L_Mnfld: 0.00106,  L_NonMnfld: 0.00979,  L_Nrml: 0.00000,  L_Eknl: 0.19518, L_Morse: 1.00543

Weights: [7000.0, 600.0, 0, 50.0, 0.0, 7.8252999999999995], lr=5.000e-05
Epoch: 0 [2660/10000 (27%)] Loss: 31.37909 = L_Mnfld: 6.57783 + L_NonMnfld: 6.41549 + L_Nrml: 0.00000 + L_Eknl: 9.59988 + L_Div: 0.00000 + L_Morse: 8.78588
Epoch: 0 [2660/10000 (27%)] Unweighted L_s : L_Mnfld: 0.00094,  L_NonMnfld: 0.01069,  L_Nrml: 0.00000,  L_Eknl: 0.19200, L_Morse: 1.12275

Weights: [7000.0, 600.0, 0, 50.0, 0.0, 7.792299999999999], lr=5.000e-05
Epoch: 0 [2670/10000 (27%)] Loss: 30.66819 = L_Mnfld: 5.71922 + L_NonMnfld: 6.52077 + L_Nrml: 0.00000 + L_Eknl: 9.73604 + L_Div: 0.00000 + L_Morse: 8.69216
Epoch: 0 [2670/10000 (27%)] Unweighted L_s : L_Mnfld: 0.00082,  L_NonMnfld: 0.01087,  L_Nrml: 0.00000,  L_Eknl: 0.19472, L_Morse: 1.11548

Weights: [7000.0, 600.0, 0, 50.0, 0.0, 7.7593], lr=5.000e-05
Epoch: 0 [2680/10000 (27%)] Loss: 31.03325 = L_Mnfld: 6.50764 + L_NonMnfld: 6.28449 + L_Nrml: 0.00000 + L_Eknl: 9.54115 + L_Div: 0.00000 + L_Morse: 8.69997
Epoch: 0 [2680/10000 (27%)] Unweighted L_s : L_Mnfld: 0.00093,  L_NonMnfld: 0.01047,  L_Nrml: 0.00000,  L_Eknl: 0.19082, L_Morse: 1.12123

Weights: [7000.0, 600.0, 0, 50.0, 0.0, 7.726300000000001], lr=5.000e-05
Epoch: 0 [2690/10000 (27%)] Loss: 30.27321 = L_Mnfld: 6.16902 + L_NonMnfld: 6.16721 + L_Nrml: 0.00000 + L_Eknl: 9.58042 + L_Div: 0.00000 + L_Morse: 8.35656
Epoch: 0 [2690/10000 (27%)] Unweighted L_s : L_Mnfld: 0.00088,  L_NonMnfld: 0.01028,  L_Nrml: 0.00000,  L_Eknl: 0.19161, L_Morse: 1.08157

Weights: [7000.0, 600.0, 0, 50.0, 0.0, 7.693300000000001], lr=5.000e-05
Epoch: 0 [2700/10000 (27%)] Loss: 30.37670 = L_Mnfld: 6.42113 + L_NonMnfld: 5.62345 + L_Nrml: 0.00000 + L_Eknl: 9.48490 + L_Div: 0.00000 + L_Morse: 8.84722
Epoch: 0 [2700/10000 (27%)] Unweighted L_s : L_Mnfld: 0.00092,  L_NonMnfld: 0.00937,  L_Nrml: 0.00000,  L_Eknl: 0.18970, L_Morse: 1.14999

Weights: [7000.0, 600.0, 0, 50.0, 0.0, 7.660300000000001], lr=5.000e-05
Epoch: 0 [2710/10000 (27%)] Loss: 30.59220 = L_Mnfld: 6.28145 + L_NonMnfld: 6.24433 + L_Nrml: 0.00000 + L_Eknl: 9.41163 + L_Div: 0.00000 + L_Morse: 8.65479
Epoch: 0 [2710/10000 (27%)] Unweighted L_s : L_Mnfld: 0.00090,  L_NonMnfld: 0.01041,  L_Nrml: 0.00000,  L_Eknl: 0.18823, L_Morse: 1.12982

Weights: [7000.0, 600.0, 0, 50.0, 0.0, 7.627300000000001], lr=5.000e-05
Epoch: 0 [2720/10000 (27%)] Loss: 31.24539 = L_Mnfld: 6.78615 + L_NonMnfld: 6.37416 + L_Nrml: 0.00000 + L_Eknl: 9.32315 + L_Div: 0.00000 + L_Morse: 8.76193
Epoch: 0 [2720/10000 (27%)] Unweighted L_s : L_Mnfld: 0.00097,  L_NonMnfld: 0.01062,  L_Nrml: 0.00000,  L_Eknl: 0.18646, L_Morse: 1.14876

Weights: [7000.0, 600.0, 0, 50.0, 0.0, 7.5943000000000005], lr=5.000e-05
Epoch: 0 [2730/10000 (27%)] Loss: 31.27097 = L_Mnfld: 6.68602 + L_NonMnfld: 6.89366 + L_Nrml: 0.00000 + L_Eknl: 9.46024 + L_Div: 0.00000 + L_Morse: 8.23106
Epoch: 0 [2730/10000 (27%)] Unweighted L_s : L_Mnfld: 0.00096,  L_NonMnfld: 0.01149,  L_Nrml: 0.00000,  L_Eknl: 0.18920, L_Morse: 1.08385

Weights: [7000.0, 600.0, 0, 50.0, 0.0, 7.561300000000001], lr=5.000e-05
Epoch: 0 [2740/10000 (27%)] Loss: 30.48333 = L_Mnfld: 6.03440 + L_NonMnfld: 6.37117 + L_Nrml: 0.00000 + L_Eknl: 9.30683 + L_Div: 0.00000 + L_Morse: 8.77094
Epoch: 0 [2740/10000 (27%)] Unweighted L_s : L_Mnfld: 0.00086,  L_NonMnfld: 0.01062,  L_Nrml: 0.00000,  L_Eknl: 0.18614, L_Morse: 1.15998

Weights: [7000.0, 600.0, 0, 50.0, 0.0, 7.5283000000000015], lr=5.000e-05
Epoch: 0 [2750/10000 (28%)] Loss: 29.79742 = L_Mnfld: 5.80385 + L_NonMnfld: 6.60411 + L_Nrml: 0.00000 + L_Eknl: 9.34661 + L_Div: 0.00000 + L_Morse: 8.04286
Epoch: 0 [2750/10000 (28%)] Unweighted L_s : L_Mnfld: 0.00083,  L_NonMnfld: 0.01101,  L_Nrml: 0.00000,  L_Eknl: 0.18693, L_Morse: 1.06835

Weights: [7000.0, 600.0, 0, 50.0, 0.0, 7.4953], lr=5.000e-05
Epoch: 0 [2760/10000 (28%)] Loss: 30.18166 = L_Mnfld: 6.60767 + L_NonMnfld: 5.39325 + L_Nrml: 0.00000 + L_Eknl: 9.43148 + L_Div: 0.00000 + L_Morse: 8.74926
Epoch: 0 [2760/10000 (28%)] Unweighted L_s : L_Mnfld: 0.00094,  L_NonMnfld: 0.00899,  L_Nrml: 0.00000,  L_Eknl: 0.18863, L_Morse: 1.16730

Weights: [7000.0, 600.0, 0, 50.0, 0.0, 7.462300000000001], lr=5.000e-05
Epoch: 0 [2770/10000 (28%)] Loss: 30.31527 = L_Mnfld: 6.40996 + L_NonMnfld: 6.60266 + L_Nrml: 0.00000 + L_Eknl: 9.56633 + L_Div: 0.00000 + L_Morse: 7.73632
Epoch: 0 [2770/10000 (28%)] Unweighted L_s : L_Mnfld: 0.00092,  L_NonMnfld: 0.01100,  L_Nrml: 0.00000,  L_Eknl: 0.19133, L_Morse: 1.03672

Weights: [7000.0, 600.0, 0, 50.0, 0.0, 7.429300000000001], lr=5.000e-05
Epoch: 0 [2780/10000 (28%)] Loss: 30.32793 = L_Mnfld: 7.02840 + L_NonMnfld: 5.67188 + L_Nrml: 0.00000 + L_Eknl: 9.30498 + L_Div: 0.00000 + L_Morse: 8.32267
Epoch: 0 [2780/10000 (28%)] Unweighted L_s : L_Mnfld: 0.00100,  L_NonMnfld: 0.00945,  L_Nrml: 0.00000,  L_Eknl: 0.18610, L_Morse: 1.12025

Weights: [7000.0, 600.0, 0, 50.0, 0.0, 7.3963], lr=5.000e-05
Epoch: 0 [2790/10000 (28%)] Loss: 31.83531 = L_Mnfld: 7.89255 + L_NonMnfld: 6.16645 + L_Nrml: 0.00000 + L_Eknl: 9.22040 + L_Div: 0.00000 + L_Morse: 8.55592
Epoch: 0 [2790/10000 (28%)] Unweighted L_s : L_Mnfld: 0.00113,  L_NonMnfld: 0.01028,  L_Nrml: 0.00000,  L_Eknl: 0.18441, L_Morse: 1.15678

Weights: [7000.0, 600.0, 0, 50.0, 0.0, 7.363300000000001], lr=5.000e-05
Epoch: 0 [2800/10000 (28%)] Loss: 31.63817 = L_Mnfld: 7.78346 + L_NonMnfld: 6.23090 + L_Nrml: 0.00000 + L_Eknl: 9.49096 + L_Div: 0.00000 + L_Morse: 8.13286
Epoch: 0 [2800/10000 (28%)] Unweighted L_s : L_Mnfld: 0.00111,  L_NonMnfld: 0.01038,  L_Nrml: 0.00000,  L_Eknl: 0.18982, L_Morse: 1.10451

Weights: [7000.0, 600.0, 0, 50.0, 0.0, 7.330300000000001], lr=5.000e-05
Epoch: 0 [2810/10000 (28%)] Loss: 32.15885 = L_Mnfld: 8.01476 + L_NonMnfld: 6.49296 + L_Nrml: 0.00000 + L_Eknl: 9.58377 + L_Div: 0.00000 + L_Morse: 8.06736
Epoch: 0 [2810/10000 (28%)] Unweighted L_s : L_Mnfld: 0.00114,  L_NonMnfld: 0.01082,  L_Nrml: 0.00000,  L_Eknl: 0.19168, L_Morse: 1.10055

Weights: [7000.0, 600.0, 0, 50.0, 0.0, 7.2973], lr=5.000e-05
Epoch: 0 [2820/10000 (28%)] Loss: 29.45431 = L_Mnfld: 6.28738 + L_NonMnfld: 5.64411 + L_Nrml: 0.00000 + L_Eknl: 9.25262 + L_Div: 0.00000 + L_Morse: 8.27020
Epoch: 0 [2820/10000 (28%)] Unweighted L_s : L_Mnfld: 0.00090,  L_NonMnfld: 0.00941,  L_Nrml: 0.00000,  L_Eknl: 0.18505, L_Morse: 1.13332

Weights: [7000.0, 600.0, 0, 50.0, 0.0, 7.2643], lr=5.000e-05
Epoch: 0 [2830/10000 (28%)] Loss: 30.58011 = L_Mnfld: 6.38355 + L_NonMnfld: 6.52290 + L_Nrml: 0.00000 + L_Eknl: 9.10228 + L_Div: 0.00000 + L_Morse: 8.57138
Epoch: 0 [2830/10000 (28%)] Unweighted L_s : L_Mnfld: 0.00091,  L_NonMnfld: 0.01087,  L_Nrml: 0.00000,  L_Eknl: 0.18205, L_Morse: 1.17993

Weights: [7000.0, 600.0, 0, 50.0, 0.0, 7.231300000000001], lr=5.000e-05
Epoch: 0 [2840/10000 (28%)] Loss: 30.71107 = L_Mnfld: 7.37571 + L_NonMnfld: 6.23911 + L_Nrml: 0.00000 + L_Eknl: 9.17545 + L_Div: 0.00000 + L_Morse: 7.92080
Epoch: 0 [2840/10000 (28%)] Unweighted L_s : L_Mnfld: 0.00105,  L_NonMnfld: 0.01040,  L_Nrml: 0.00000,  L_Eknl: 0.18351, L_Morse: 1.09535

Weights: [7000.0, 600.0, 0, 50.0, 0.0, 7.198300000000001], lr=5.000e-05
Epoch: 0 [2850/10000 (28%)] Loss: 30.19232 = L_Mnfld: 6.63748 + L_NonMnfld: 6.33155 + L_Nrml: 0.00000 + L_Eknl: 9.13829 + L_Div: 0.00000 + L_Morse: 8.08500
Epoch: 0 [2850/10000 (28%)] Unweighted L_s : L_Mnfld: 0.00095,  L_NonMnfld: 0.01055,  L_Nrml: 0.00000,  L_Eknl: 0.18277, L_Morse: 1.12318

Weights: [7000.0, 600.0, 0, 50.0, 0.0, 7.1653], lr=5.000e-05
Epoch: 0 [2860/10000 (29%)] Loss: 29.89952 = L_Mnfld: 6.73079 + L_NonMnfld: 5.69399 + L_Nrml: 0.00000 + L_Eknl: 9.17709 + L_Div: 0.00000 + L_Morse: 8.29764
Epoch: 0 [2860/10000 (29%)] Unweighted L_s : L_Mnfld: 0.00096,  L_NonMnfld: 0.00949,  L_Nrml: 0.00000,  L_Eknl: 0.18354, L_Morse: 1.15803

Weights: [7000.0, 600.0, 0, 50.0, 0.0, 7.132300000000001], lr=5.000e-05
Epoch: 0 [2870/10000 (29%)] Loss: 29.37354 = L_Mnfld: 6.14832 + L_NonMnfld: 6.14305 + L_Nrml: 0.00000 + L_Eknl: 8.95754 + L_Div: 0.00000 + L_Morse: 8.12463
Epoch: 0 [2870/10000 (29%)] Unweighted L_s : L_Mnfld: 0.00088,  L_NonMnfld: 0.01024,  L_Nrml: 0.00000,  L_Eknl: 0.17915, L_Morse: 1.13913

Weights: [7000.0, 600.0, 0, 50.0, 0.0, 7.0993], lr=5.000e-05
Epoch: 0 [2880/10000 (29%)] Loss: 30.21395 = L_Mnfld: 7.56880 + L_NonMnfld: 5.63629 + L_Nrml: 0.00000 + L_Eknl: 8.95524 + L_Div: 0.00000 + L_Morse: 8.05362
Epoch: 0 [2880/10000 (29%)] Unweighted L_s : L_Mnfld: 0.00108,  L_NonMnfld: 0.00939,  L_Nrml: 0.00000,  L_Eknl: 0.17910, L_Morse: 1.13443

Weights: [7000.0, 600.0, 0, 50.0, 0.0, 7.0663], lr=5.000e-05
Epoch: 0 [2890/10000 (29%)] Loss: 30.31539 = L_Mnfld: 6.74050 + L_NonMnfld: 6.24848 + L_Nrml: 0.00000 + L_Eknl: 8.96560 + L_Div: 0.00000 + L_Morse: 8.36081
Epoch: 0 [2890/10000 (29%)] Unweighted L_s : L_Mnfld: 0.00096,  L_NonMnfld: 0.01041,  L_Nrml: 0.00000,  L_Eknl: 0.17931, L_Morse: 1.18319

Weights: [7000.0, 600.0, 0, 50.0, 0.0, 7.0333000000000006], lr=5.000e-05
Epoch: 0 [2900/10000 (29%)] Loss: 29.26695 = L_Mnfld: 6.45083 + L_NonMnfld: 5.69381 + L_Nrml: 0.00000 + L_Eknl: 8.97193 + L_Div: 0.00000 + L_Morse: 8.15038
Epoch: 0 [2900/10000 (29%)] Unweighted L_s : L_Mnfld: 0.00092,  L_NonMnfld: 0.00949,  L_Nrml: 0.00000,  L_Eknl: 0.17944, L_Morse: 1.15883

Weights: [7000.0, 600.0, 0, 50.0, 0.0, 7.0003], lr=5.000e-05
Epoch: 0 [2910/10000 (29%)] Loss: 29.48932 = L_Mnfld: 6.43604 + L_NonMnfld: 5.74472 + L_Nrml: 0.00000 + L_Eknl: 8.99094 + L_Div: 0.00000 + L_Morse: 8.31762
Epoch: 0 [2910/10000 (29%)] Unweighted L_s : L_Mnfld: 0.00092,  L_NonMnfld: 0.00957,  L_Nrml: 0.00000,  L_Eknl: 0.17982, L_Morse: 1.18818

Weights: [7000.0, 600.0, 0, 50.0, 0.0, 6.9673], lr=5.000e-05
Epoch: 0 [2920/10000 (29%)] Loss: 30.74057 = L_Mnfld: 6.66325 + L_NonMnfld: 7.12549 + L_Nrml: 0.00000 + L_Eknl: 8.96749 + L_Div: 0.00000 + L_Morse: 7.98434
Epoch: 0 [2920/10000 (29%)] Unweighted L_s : L_Mnfld: 0.00095,  L_NonMnfld: 0.01188,  L_Nrml: 0.00000,  L_Eknl: 0.17935, L_Morse: 1.14597

Weights: [7000.0, 600.0, 0, 50.0, 0.0, 6.9343], lr=5.000e-05
Epoch: 0 [2930/10000 (29%)] Loss: 29.24825 = L_Mnfld: 6.13136 + L_NonMnfld: 6.31547 + L_Nrml: 0.00000 + L_Eknl: 9.01387 + L_Div: 0.00000 + L_Morse: 7.78755
Epoch: 0 [2930/10000 (29%)] Unweighted L_s : L_Mnfld: 0.00088,  L_NonMnfld: 0.01053,  L_Nrml: 0.00000,  L_Eknl: 0.18028, L_Morse: 1.12305

Weights: [7000.0, 600.0, 0, 50.0, 0.0, 6.901300000000001], lr=5.000e-05
Epoch: 0 [2940/10000 (29%)] Loss: 29.76662 = L_Mnfld: 6.45812 + L_NonMnfld: 6.46841 + L_Nrml: 0.00000 + L_Eknl: 8.77424 + L_Div: 0.00000 + L_Morse: 8.06585
Epoch: 0 [2940/10000 (29%)] Unweighted L_s : L_Mnfld: 0.00092,  L_NonMnfld: 0.01078,  L_Nrml: 0.00000,  L_Eknl: 0.17548, L_Morse: 1.16874

Weights: [7000.0, 600.0, 0, 50.0, 0.0, 6.8683000000000005], lr=5.000e-05
Epoch: 0 [2950/10000 (30%)] Loss: 30.45098 = L_Mnfld: 6.46406 + L_NonMnfld: 6.89345 + L_Nrml: 0.00000 + L_Eknl: 9.05065 + L_Div: 0.00000 + L_Morse: 8.04281
Epoch: 0 [2950/10000 (30%)] Unweighted L_s : L_Mnfld: 0.00092,  L_NonMnfld: 0.01149,  L_Nrml: 0.00000,  L_Eknl: 0.18101, L_Morse: 1.17101

Weights: [7000.0, 600.0, 0, 50.0, 0.0, 6.8353], lr=5.000e-05
Epoch: 0 [2960/10000 (30%)] Loss: 29.69764 = L_Mnfld: 6.28412 + L_NonMnfld: 6.33177 + L_Nrml: 0.00000 + L_Eknl: 8.84193 + L_Div: 0.00000 + L_Morse: 8.23983
Epoch: 0 [2960/10000 (30%)] Unweighted L_s : L_Mnfld: 0.00090,  L_NonMnfld: 0.01055,  L_Nrml: 0.00000,  L_Eknl: 0.17684, L_Morse: 1.20548

Weights: [7000.0, 600.0, 0, 50.0, 0.0, 6.802300000000001], lr=5.000e-05
Epoch: 0 [2970/10000 (30%)] Loss: 30.94641 = L_Mnfld: 5.80613 + L_NonMnfld: 7.69345 + L_Nrml: 0.00000 + L_Eknl: 9.00201 + L_Div: 0.00000 + L_Morse: 8.44484
Epoch: 0 [2970/10000 (30%)] Unweighted L_s : L_Mnfld: 0.00083,  L_NonMnfld: 0.01282,  L_Nrml: 0.00000,  L_Eknl: 0.18004, L_Morse: 1.24147

Weights: [7000.0, 600.0, 0, 50.0, 0.0, 6.7693], lr=5.000e-05
Epoch: 0 [2980/10000 (30%)] Loss: 28.22825 = L_Mnfld: 5.89213 + L_NonMnfld: 5.60222 + L_Nrml: 0.00000 + L_Eknl: 8.89871 + L_Div: 0.00000 + L_Morse: 7.83519
Epoch: 0 [2980/10000 (30%)] Unweighted L_s : L_Mnfld: 0.00084,  L_NonMnfld: 0.00934,  L_Nrml: 0.00000,  L_Eknl: 0.17797, L_Morse: 1.15746

Weights: [7000.0, 600.0, 0, 50.0, 0.0, 6.7363], lr=5.000e-05
Epoch: 0 [2990/10000 (30%)] Loss: 29.40046 = L_Mnfld: 6.07330 + L_NonMnfld: 6.23166 + L_Nrml: 0.00000 + L_Eknl: 9.04489 + L_Div: 0.00000 + L_Morse: 8.05060
Epoch: 0 [2990/10000 (30%)] Unweighted L_s : L_Mnfld: 0.00087,  L_NonMnfld: 0.01039,  L_Nrml: 0.00000,  L_Eknl: 0.18090, L_Morse: 1.19511

Weights: [7000.0, 600.0, 0, 50.0, 0.0, 6.7033000000000005], lr=5.000e-05
Epoch: 0 [3000/10000 (30%)] Loss: 29.22620 = L_Mnfld: 6.17051 + L_NonMnfld: 6.30709 + L_Nrml: 0.00000 + L_Eknl: 8.72253 + L_Div: 0.00000 + L_Morse: 8.02606
Epoch: 0 [3000/10000 (30%)] Unweighted L_s : L_Mnfld: 0.00088,  L_NonMnfld: 0.01051,  L_Nrml: 0.00000,  L_Eknl: 0.17445, L_Morse: 1.19733

Weights: [7000.0, 600.0, 0, 50.0, 0.0, 6.6703], lr=5.000e-05
Epoch: 0 [3010/10000 (30%)] Loss: 29.60701 = L_Mnfld: 6.51937 + L_NonMnfld: 6.54674 + L_Nrml: 0.00000 + L_Eknl: 8.70884 + L_Div: 0.00000 + L_Morse: 7.83207
Epoch: 0 [3010/10000 (30%)] Unweighted L_s : L_Mnfld: 0.00093,  L_NonMnfld: 0.01091,  L_Nrml: 0.00000,  L_Eknl: 0.17418, L_Morse: 1.17417

Weights: [7000.0, 600.0, 0, 50.0, 0.0, 6.6373], lr=5.000e-05
Epoch: 0 [3020/10000 (30%)] Loss: 29.21177 = L_Mnfld: 7.09408 + L_NonMnfld: 5.48256 + L_Nrml: 0.00000 + L_Eknl: 8.64889 + L_Div: 0.00000 + L_Morse: 7.98623
Epoch: 0 [3020/10000 (30%)] Unweighted L_s : L_Mnfld: 0.00101,  L_NonMnfld: 0.00914,  L_Nrml: 0.00000,  L_Eknl: 0.17298, L_Morse: 1.20324

Weights: [7000.0, 600.0, 0, 50.0, 0.0, 6.6043], lr=5.000e-05
Epoch: 0 [3030/10000 (30%)] Loss: 31.16154 = L_Mnfld: 7.86719 + L_NonMnfld: 6.60107 + L_Nrml: 0.00000 + L_Eknl: 8.70004 + L_Div: 0.00000 + L_Morse: 7.99324
Epoch: 0 [3030/10000 (30%)] Unweighted L_s : L_Mnfld: 0.00112,  L_NonMnfld: 0.01100,  L_Nrml: 0.00000,  L_Eknl: 0.17400, L_Morse: 1.21031

Weights: [7000.0, 600.0, 0, 50.0, 0.0, 6.5713], lr=5.000e-05
Epoch: 0 [3040/10000 (30%)] Loss: 31.56873 = L_Mnfld: 8.28473 + L_NonMnfld: 6.09080 + L_Nrml: 0.00000 + L_Eknl: 8.83584 + L_Div: 0.00000 + L_Morse: 8.35736
Epoch: 0 [3040/10000 (30%)] Unweighted L_s : L_Mnfld: 0.00118,  L_NonMnfld: 0.01015,  L_Nrml: 0.00000,  L_Eknl: 0.17672, L_Morse: 1.27180

Weights: [7000.0, 600.0, 0, 50.0, 0.0, 6.5383], lr=5.000e-05
Epoch: 0 [3050/10000 (30%)] Loss: 30.03422 = L_Mnfld: 7.65332 + L_NonMnfld: 5.85676 + L_Nrml: 0.00000 + L_Eknl: 8.63659 + L_Div: 0.00000 + L_Morse: 7.88754
Epoch: 0 [3050/10000 (30%)] Unweighted L_s : L_Mnfld: 0.00109,  L_NonMnfld: 0.00976,  L_Nrml: 0.00000,  L_Eknl: 0.17273, L_Morse: 1.20636

Weights: [7000.0, 600.0, 0, 50.0, 0.0, 6.5053], lr=5.000e-05
Epoch: 0 [3060/10000 (31%)] Loss: 31.92236 = L_Mnfld: 8.75084 + L_NonMnfld: 6.40685 + L_Nrml: 0.00000 + L_Eknl: 8.70770 + L_Div: 0.00000 + L_Morse: 8.05697
Epoch: 0 [3060/10000 (31%)] Unweighted L_s : L_Mnfld: 0.00125,  L_NonMnfld: 0.01068,  L_Nrml: 0.00000,  L_Eknl: 0.17415, L_Morse: 1.23852

Weights: [7000.0, 600.0, 0, 50.0, 0.0, 6.4723], lr=5.000e-05
Epoch: 0 [3070/10000 (31%)] Loss: 31.87059 = L_Mnfld: 8.91466 + L_NonMnfld: 6.36705 + L_Nrml: 0.00000 + L_Eknl: 8.81643 + L_Div: 0.00000 + L_Morse: 7.77246
Epoch: 0 [3070/10000 (31%)] Unweighted L_s : L_Mnfld: 0.00127,  L_NonMnfld: 0.01061,  L_Nrml: 0.00000,  L_Eknl: 0.17633, L_Morse: 1.20088

Weights: [7000.0, 600.0, 0, 50.0, 0.0, 6.439299999999999], lr=5.000e-05
Epoch: 0 [3080/10000 (31%)] Loss: 31.26078 = L_Mnfld: 7.61672 + L_NonMnfld: 6.55864 + L_Nrml: 0.00000 + L_Eknl: 8.63796 + L_Div: 0.00000 + L_Morse: 8.44746
Epoch: 0 [3080/10000 (31%)] Unweighted L_s : L_Mnfld: 0.00109,  L_NonMnfld: 0.01093,  L_Nrml: 0.00000,  L_Eknl: 0.17276, L_Morse: 1.31186

Weights: [7000.0, 600.0, 0, 50.0, 0.0, 6.4063], lr=5.000e-05
Epoch: 0 [3090/10000 (31%)] Loss: 30.39905 = L_Mnfld: 7.80120 + L_NonMnfld: 6.05067 + L_Nrml: 0.00000 + L_Eknl: 8.65905 + L_Div: 0.00000 + L_Morse: 7.88813
Epoch: 0 [3090/10000 (31%)] Unweighted L_s : L_Mnfld: 0.00111,  L_NonMnfld: 0.01008,  L_Nrml: 0.00000,  L_Eknl: 0.17318, L_Morse: 1.23131

Weights: [7000.0, 600.0, 0, 50.0, 0.0, 6.3733], lr=5.000e-05
Epoch: 0 [3100/10000 (31%)] Loss: 30.45406 = L_Mnfld: 7.79390 + L_NonMnfld: 5.93107 + L_Nrml: 0.00000 + L_Eknl: 8.56771 + L_Div: 0.00000 + L_Morse: 8.16138
Epoch: 0 [3100/10000 (31%)] Unweighted L_s : L_Mnfld: 0.00111,  L_NonMnfld: 0.00989,  L_Nrml: 0.00000,  L_Eknl: 0.17135, L_Morse: 1.28056

Weights: [7000.0, 600.0, 0, 50.0, 0.0, 6.3403], lr=5.000e-05
Epoch: 0 [3110/10000 (31%)] Loss: 28.97277 = L_Mnfld: 6.72324 + L_NonMnfld: 5.74092 + L_Nrml: 0.00000 + L_Eknl: 8.58416 + L_Div: 0.00000 + L_Morse: 7.92445
Epoch: 0 [3110/10000 (31%)] Unweighted L_s : L_Mnfld: 0.00096,  L_NonMnfld: 0.00957,  L_Nrml: 0.00000,  L_Eknl: 0.17168, L_Morse: 1.24985

Weights: [7000.0, 600.0, 0, 50.0, 0.0, 6.3073], lr=5.000e-05
Epoch: 0 [3120/10000 (31%)] Loss: 27.65511 = L_Mnfld: 5.86518 + L_NonMnfld: 5.64945 + L_Nrml: 0.00000 + L_Eknl: 8.31822 + L_Div: 0.00000 + L_Morse: 7.82226
Epoch: 0 [3120/10000 (31%)] Unweighted L_s : L_Mnfld: 0.00084,  L_NonMnfld: 0.00942,  L_Nrml: 0.00000,  L_Eknl: 0.16636, L_Morse: 1.24019

Weights: [7000.0, 600.0, 0, 50.0, 0.0, 6.2743], lr=5.000e-05
Epoch: 0 [3130/10000 (31%)] Loss: 29.95683 = L_Mnfld: 6.92181 + L_NonMnfld: 6.60251 + L_Nrml: 0.00000 + L_Eknl: 8.56046 + L_Div: 0.00000 + L_Morse: 7.87206
Epoch: 0 [3130/10000 (31%)] Unweighted L_s : L_Mnfld: 0.00099,  L_NonMnfld: 0.01100,  L_Nrml: 0.00000,  L_Eknl: 0.17121, L_Morse: 1.25465

Weights: [7000.0, 600.0, 0, 50.0, 0.0, 6.2413], lr=5.000e-05
Epoch: 0 [3140/10000 (31%)] Loss: 27.55482 = L_Mnfld: 6.00662 + L_NonMnfld: 5.69395 + L_Nrml: 0.00000 + L_Eknl: 8.36807 + L_Div: 0.00000 + L_Morse: 7.48618
Epoch: 0 [3140/10000 (31%)] Unweighted L_s : L_Mnfld: 0.00086,  L_NonMnfld: 0.00949,  L_Nrml: 0.00000,  L_Eknl: 0.16736, L_Morse: 1.19946

Weights: [7000.0, 600.0, 0, 50.0, 0.0, 6.2082999999999995], lr=5.000e-05
Epoch: 0 [3150/10000 (32%)] Loss: 28.22828 = L_Mnfld: 6.16222 + L_NonMnfld: 5.98560 + L_Nrml: 0.00000 + L_Eknl: 8.45623 + L_Div: 0.00000 + L_Morse: 7.62423
Epoch: 0 [3150/10000 (32%)] Unweighted L_s : L_Mnfld: 0.00088,  L_NonMnfld: 0.00998,  L_Nrml: 0.00000,  L_Eknl: 0.16912, L_Morse: 1.22807

Weights: [7000.0, 600.0, 0, 50.0, 0.0, 6.1753], lr=5.000e-05
Epoch: 0 [3160/10000 (32%)] Loss: 29.08813 = L_Mnfld: 6.35914 + L_NonMnfld: 6.84065 + L_Nrml: 0.00000 + L_Eknl: 8.23029 + L_Div: 0.00000 + L_Morse: 7.65805
Epoch: 0 [3160/10000 (32%)] Unweighted L_s : L_Mnfld: 0.00091,  L_NonMnfld: 0.01140,  L_Nrml: 0.00000,  L_Eknl: 0.16461, L_Morse: 1.24011

Weights: [7000.0, 600.0, 0, 50.0, 0.0, 6.1423], lr=5.000e-05
Epoch: 0 [3170/10000 (32%)] Loss: 29.22634 = L_Mnfld: 6.70398 + L_NonMnfld: 6.65291 + L_Nrml: 0.00000 + L_Eknl: 8.46679 + L_Div: 0.00000 + L_Morse: 7.40266
Epoch: 0 [3170/10000 (32%)] Unweighted L_s : L_Mnfld: 0.00096,  L_NonMnfld: 0.01109,  L_Nrml: 0.00000,  L_Eknl: 0.16934, L_Morse: 1.20519

Weights: [7000.0, 600.0, 0, 50.0, 0.0, 6.109299999999999], lr=5.000e-05
Epoch: 0 [3180/10000 (32%)] Loss: 30.48548 = L_Mnfld: 8.13484 + L_NonMnfld: 5.93547 + L_Nrml: 0.00000 + L_Eknl: 8.29221 + L_Div: 0.00000 + L_Morse: 8.12295
Epoch: 0 [3180/10000 (32%)] Unweighted L_s : L_Mnfld: 0.00116,  L_NonMnfld: 0.00989,  L_Nrml: 0.00000,  L_Eknl: 0.16584, L_Morse: 1.32960

Weights: [7000.0, 600.0, 0, 50.0, 0.0, 6.0763], lr=5.000e-05
Epoch: 0 [3190/10000 (32%)] Loss: 30.95680 = L_Mnfld: 7.28284 + L_NonMnfld: 6.68703 + L_Nrml: 0.00000 + L_Eknl: 9.40654 + L_Div: 0.00000 + L_Morse: 7.58038
Epoch: 0 [3190/10000 (32%)] Unweighted L_s : L_Mnfld: 0.00104,  L_NonMnfld: 0.01115,  L_Nrml: 0.00000,  L_Eknl: 0.18813, L_Morse: 1.24753

Weights: [7000.0, 600.0, 0, 50.0, 0.0, 6.0432999999999995], lr=5.000e-05
Epoch: 0 [3200/10000 (32%)] Loss: 29.68015 = L_Mnfld: 7.97071 + L_NonMnfld: 5.50415 + L_Nrml: 0.00000 + L_Eknl: 8.24152 + L_Div: 0.00000 + L_Morse: 7.96376
Epoch: 0 [3200/10000 (32%)] Unweighted L_s : L_Mnfld: 0.00114,  L_NonMnfld: 0.00917,  L_Nrml: 0.00000,  L_Eknl: 0.16483, L_Morse: 1.31778

Weights: [7000.0, 600.0, 0, 50.0, 0.0, 6.010299999999999], lr=5.000e-05
Epoch: 0 [3210/10000 (32%)] Loss: 30.41309 = L_Mnfld: 7.58492 + L_NonMnfld: 6.48733 + L_Nrml: 0.00000 + L_Eknl: 8.45901 + L_Div: 0.00000 + L_Morse: 7.88183
Epoch: 0 [3210/10000 (32%)] Unweighted L_s : L_Mnfld: 0.00108,  L_NonMnfld: 0.01081,  L_Nrml: 0.00000,  L_Eknl: 0.16918, L_Morse: 1.31139

Weights: [7000.0, 600.0, 0, 50.0, 0.0, 5.9773], lr=5.000e-05
Epoch: 0 [3220/10000 (32%)] Loss: 30.57438 = L_Mnfld: 9.16603 + L_NonMnfld: 5.75104 + L_Nrml: 0.00000 + L_Eknl: 8.30506 + L_Div: 0.00000 + L_Morse: 7.35226
Epoch: 0 [3220/10000 (32%)] Unweighted L_s : L_Mnfld: 0.00131,  L_NonMnfld: 0.00959,  L_Nrml: 0.00000,  L_Eknl: 0.16610, L_Morse: 1.23003

Weights: [7000.0, 600.0, 0, 50.0, 0.0, 5.944299999999999], lr=5.000e-05
Epoch: 0 [3230/10000 (32%)] Loss: 29.15584 = L_Mnfld: 7.20916 + L_NonMnfld: 5.73187 + L_Nrml: 0.00000 + L_Eknl: 8.28646 + L_Div: 0.00000 + L_Morse: 7.92834
Epoch: 0 [3230/10000 (32%)] Unweighted L_s : L_Mnfld: 0.00103,  L_NonMnfld: 0.00955,  L_Nrml: 0.00000,  L_Eknl: 0.16573, L_Morse: 1.33377

Weights: [7000.0, 600.0, 0, 50.0, 0.0, 5.911299999999999], lr=5.000e-05
Epoch: 0 [3240/10000 (32%)] Loss: 29.40638 = L_Mnfld: 7.03414 + L_NonMnfld: 6.30610 + L_Nrml: 0.00000 + L_Eknl: 8.18856 + L_Div: 0.00000 + L_Morse: 7.87759
Epoch: 0 [3240/10000 (32%)] Unweighted L_s : L_Mnfld: 0.00100,  L_NonMnfld: 0.01051,  L_Nrml: 0.00000,  L_Eknl: 0.16377, L_Morse: 1.33263

Weights: [7000.0, 600.0, 0, 50.0, 0.0, 5.878299999999999], lr=5.000e-05
Epoch: 0 [3250/10000 (32%)] Loss: 29.94717 = L_Mnfld: 7.82282 + L_NonMnfld: 5.86659 + L_Nrml: 0.00000 + L_Eknl: 8.37158 + L_Div: 0.00000 + L_Morse: 7.88618
Epoch: 0 [3250/10000 (32%)] Unweighted L_s : L_Mnfld: 0.00112,  L_NonMnfld: 0.00978,  L_Nrml: 0.00000,  L_Eknl: 0.16743, L_Morse: 1.34157

Weights: [7000.0, 600.0, 0, 50.0, 0.0, 5.845299999999999], lr=5.000e-05
Epoch: 0 [3260/10000 (33%)] Loss: 30.02525 = L_Mnfld: 7.93984 + L_NonMnfld: 5.88227 + L_Nrml: 0.00000 + L_Eknl: 8.33173 + L_Div: 0.00000 + L_Morse: 7.87142
Epoch: 0 [3260/10000 (33%)] Unweighted L_s : L_Mnfld: 0.00113,  L_NonMnfld: 0.00980,  L_Nrml: 0.00000,  L_Eknl: 0.16663, L_Morse: 1.34662

Weights: [7000.0, 600.0, 0, 50.0, 0.0, 5.812299999999999], lr=5.000e-05
Epoch: 0 [3270/10000 (33%)] Loss: 29.71865 = L_Mnfld: 7.06118 + L_NonMnfld: 6.73643 + L_Nrml: 0.00000 + L_Eknl: 8.22886 + L_Div: 0.00000 + L_Morse: 7.69217
Epoch: 0 [3270/10000 (33%)] Unweighted L_s : L_Mnfld: 0.00101,  L_NonMnfld: 0.01123,  L_Nrml: 0.00000,  L_Eknl: 0.16458, L_Morse: 1.32343

Weights: [7000.0, 600.0, 0, 50.0, 0.0, 5.779299999999999], lr=5.000e-05
Epoch: 0 [3280/10000 (33%)] Loss: 29.24514 = L_Mnfld: 7.35075 + L_NonMnfld: 5.99911 + L_Nrml: 0.00000 + L_Eknl: 8.10677 + L_Div: 0.00000 + L_Morse: 7.78851
Epoch: 0 [3280/10000 (33%)] Unweighted L_s : L_Mnfld: 0.00105,  L_NonMnfld: 0.01000,  L_Nrml: 0.00000,  L_Eknl: 0.16214, L_Morse: 1.34766

Weights: [7000.0, 600.0, 0, 50.0, 0.0, 5.746299999999999], lr=5.000e-05
Epoch: 0 [3290/10000 (33%)] Loss: 30.86048 = L_Mnfld: 8.94836 + L_NonMnfld: 6.41248 + L_Nrml: 0.00000 + L_Eknl: 8.11955 + L_Div: 0.00000 + L_Morse: 7.38010
Epoch: 0 [3290/10000 (33%)] Unweighted L_s : L_Mnfld: 0.00128,  L_NonMnfld: 0.01069,  L_Nrml: 0.00000,  L_Eknl: 0.16239, L_Morse: 1.28432

Weights: [7000.0, 600.0, 0, 50.0, 0.0, 5.713299999999999], lr=5.000e-05
Epoch: 0 [3300/10000 (33%)] Loss: 29.79096 = L_Mnfld: 8.08202 + L_NonMnfld: 6.22043 + L_Nrml: 0.00000 + L_Eknl: 8.11724 + L_Div: 0.00000 + L_Morse: 7.37127
Epoch: 0 [3300/10000 (33%)] Unweighted L_s : L_Mnfld: 0.00115,  L_NonMnfld: 0.01037,  L_Nrml: 0.00000,  L_Eknl: 0.16234, L_Morse: 1.29019

Weights: [7000.0, 600.0, 0, 50.0, 0.0, 5.680299999999999], lr=5.000e-05
Epoch: 0 [3310/10000 (33%)] Loss: 28.74451 = L_Mnfld: 7.15561 + L_NonMnfld: 6.36892 + L_Nrml: 0.00000 + L_Eknl: 7.97803 + L_Div: 0.00000 + L_Morse: 7.24195
Epoch: 0 [3310/10000 (33%)] Unweighted L_s : L_Mnfld: 0.00102,  L_NonMnfld: 0.01061,  L_Nrml: 0.00000,  L_Eknl: 0.15956, L_Morse: 1.27492

Weights: [7000.0, 600.0, 0, 50.0, 0.0, 5.6473], lr=5.000e-05
Epoch: 0 [3320/10000 (33%)] Loss: 28.66184 = L_Mnfld: 7.09601 + L_NonMnfld: 5.96528 + L_Nrml: 0.00000 + L_Eknl: 8.15452 + L_Div: 0.00000 + L_Morse: 7.44602
Epoch: 0 [3320/10000 (33%)] Unweighted L_s : L_Mnfld: 0.00101,  L_NonMnfld: 0.00994,  L_Nrml: 0.00000,  L_Eknl: 0.16309, L_Morse: 1.31851

Weights: [7000.0, 600.0, 0, 50.0, 0.0, 5.614300000000001], lr=5.000e-05
Epoch: 0 [3330/10000 (33%)] Loss: 28.53338 = L_Mnfld: 7.18470 + L_NonMnfld: 5.86346 + L_Nrml: 0.00000 + L_Eknl: 7.94923 + L_Div: 0.00000 + L_Morse: 7.53598
Epoch: 0 [3330/10000 (33%)] Unweighted L_s : L_Mnfld: 0.00103,  L_NonMnfld: 0.00977,  L_Nrml: 0.00000,  L_Eknl: 0.15898, L_Morse: 1.34228

Weights: [7000.0, 600.0, 0, 50.0, 0.0, 5.581300000000001], lr=5.000e-05
Epoch: 0 [3340/10000 (33%)] Loss: 30.11865 = L_Mnfld: 8.35844 + L_NonMnfld: 6.39408 + L_Nrml: 0.00000 + L_Eknl: 8.10452 + L_Div: 0.00000 + L_Morse: 7.26162
Epoch: 0 [3340/10000 (33%)] Unweighted L_s : L_Mnfld: 0.00119,  L_NonMnfld: 0.01066,  L_Nrml: 0.00000,  L_Eknl: 0.16209, L_Morse: 1.30106

Weights: [7000.0, 600.0, 0, 50.0, 0.0, 5.5483], lr=5.000e-05
Epoch: 0 [3350/10000 (34%)] Loss: 28.01164 = L_Mnfld: 6.38416 + L_NonMnfld: 6.54895 + L_Nrml: 0.00000 + L_Eknl: 7.96568 + L_Div: 0.00000 + L_Morse: 7.11285
Epoch: 0 [3350/10000 (34%)] Unweighted L_s : L_Mnfld: 0.00091,  L_NonMnfld: 0.01091,  L_Nrml: 0.00000,  L_Eknl: 0.15931, L_Morse: 1.28199

Weights: [7000.0, 600.0, 0, 50.0, 0.0, 5.515300000000001], lr=5.000e-05
Epoch: 0 [3360/10000 (34%)] Loss: 28.80682 = L_Mnfld: 7.51401 + L_NonMnfld: 5.74355 + L_Nrml: 0.00000 + L_Eknl: 8.12853 + L_Div: 0.00000 + L_Morse: 7.42072
Epoch: 0 [3360/10000 (34%)] Unweighted L_s : L_Mnfld: 0.00107,  L_NonMnfld: 0.00957,  L_Nrml: 0.00000,  L_Eknl: 0.16257, L_Morse: 1.34548

Weights: [7000.0, 600.0, 0, 50.0, 0.0, 5.4823], lr=5.000e-05
Epoch: 0 [3370/10000 (34%)] Loss: 30.15191 = L_Mnfld: 8.52440 + L_NonMnfld: 6.23161 + L_Nrml: 0.00000 + L_Eknl: 8.05572 + L_Div: 0.00000 + L_Morse: 7.34018
Epoch: 0 [3370/10000 (34%)] Unweighted L_s : L_Mnfld: 0.00122,  L_NonMnfld: 0.01039,  L_Nrml: 0.00000,  L_Eknl: 0.16111, L_Morse: 1.33889

Weights: [7000.0, 600.0, 0, 50.0, 0.0, 5.4493], lr=5.000e-05
Epoch: 0 [3380/10000 (34%)] Loss: 30.28382 = L_Mnfld: 9.02226 + L_NonMnfld: 5.68136 + L_Nrml: 0.00000 + L_Eknl: 8.08375 + L_Div: 0.00000 + L_Morse: 7.49645
Epoch: 0 [3380/10000 (34%)] Unweighted L_s : L_Mnfld: 0.00129,  L_NonMnfld: 0.00947,  L_Nrml: 0.00000,  L_Eknl: 0.16167, L_Morse: 1.37567

Weights: [7000.0, 600.0, 0, 50.0, 0.0, 5.416300000000001], lr=5.000e-05
Epoch: 0 [3390/10000 (34%)] Loss: 29.95942 = L_Mnfld: 8.08625 + L_NonMnfld: 6.63621 + L_Nrml: 0.00000 + L_Eknl: 7.98758 + L_Div: 0.00000 + L_Morse: 7.24938
Epoch: 0 [3390/10000 (34%)] Unweighted L_s : L_Mnfld: 0.00116,  L_NonMnfld: 0.01106,  L_Nrml: 0.00000,  L_Eknl: 0.15975, L_Morse: 1.33844

Weights: [7000.0, 600.0, 0, 50.0, 0.0, 5.383300000000001], lr=5.000e-05
Epoch: 0 [3400/10000 (34%)] Loss: 30.23070 = L_Mnfld: 8.46037 + L_NonMnfld: 6.25081 + L_Nrml: 0.00000 + L_Eknl: 7.93706 + L_Div: 0.00000 + L_Morse: 7.58246
Epoch: 0 [3400/10000 (34%)] Unweighted L_s : L_Mnfld: 0.00121,  L_NonMnfld: 0.01042,  L_Nrml: 0.00000,  L_Eknl: 0.15874, L_Morse: 1.40852

Weights: [7000.0, 600.0, 0, 50.0, 0.0, 5.350300000000001], lr=5.000e-05
Epoch: 0 [3410/10000 (34%)] Loss: 29.29560 = L_Mnfld: 8.58481 + L_NonMnfld: 5.91059 + L_Nrml: 0.00000 + L_Eknl: 7.87481 + L_Div: 0.00000 + L_Morse: 6.92539
Epoch: 0 [3410/10000 (34%)] Unweighted L_s : L_Mnfld: 0.00123,  L_NonMnfld: 0.00985,  L_Nrml: 0.00000,  L_Eknl: 0.15750, L_Morse: 1.29439

Weights: [7000.0, 600.0, 0, 50.0, 0.0, 5.317300000000001], lr=5.000e-05
Epoch: 0 [3420/10000 (34%)] Loss: 29.74024 = L_Mnfld: 8.67882 + L_NonMnfld: 5.40122 + L_Nrml: 0.00000 + L_Eknl: 8.26676 + L_Div: 0.00000 + L_Morse: 7.39343
Epoch: 0 [3420/10000 (34%)] Unweighted L_s : L_Mnfld: 0.00124,  L_NonMnfld: 0.00900,  L_Nrml: 0.00000,  L_Eknl: 0.16534, L_Morse: 1.39045

Weights: [7000.0, 600.0, 0, 50.0, 0.0, 5.284300000000001], lr=5.000e-05
Epoch: 0 [3430/10000 (34%)] Loss: 27.30682 = L_Mnfld: 6.34210 + L_NonMnfld: 5.74937 + L_Nrml: 0.00000 + L_Eknl: 7.98375 + L_Div: 0.00000 + L_Morse: 7.23160
Epoch: 0 [3430/10000 (34%)] Unweighted L_s : L_Mnfld: 0.00091,  L_NonMnfld: 0.00958,  L_Nrml: 0.00000,  L_Eknl: 0.15967, L_Morse: 1.36851

Weights: [7000.0, 600.0, 0, 50.0, 0.0, 5.2513000000000005], lr=5.000e-05
Epoch: 0 [3440/10000 (34%)] Loss: 28.50508 = L_Mnfld: 7.24032 + L_NonMnfld: 6.33000 + L_Nrml: 0.00000 + L_Eknl: 7.72077 + L_Div: 0.00000 + L_Morse: 7.21399
Epoch: 0 [3440/10000 (34%)] Unweighted L_s : L_Mnfld: 0.00103,  L_NonMnfld: 0.01055,  L_Nrml: 0.00000,  L_Eknl: 0.15442, L_Morse: 1.37375

Weights: [7000.0, 600.0, 0, 50.0, 0.0, 5.218300000000001], lr=5.000e-05
Epoch: 0 [3450/10000 (34%)] Loss: 28.45445 = L_Mnfld: 7.48740 + L_NonMnfld: 6.11858 + L_Nrml: 0.00000 + L_Eknl: 7.66770 + L_Div: 0.00000 + L_Morse: 7.18077
Epoch: 0 [3450/10000 (34%)] Unweighted L_s : L_Mnfld: 0.00107,  L_NonMnfld: 0.01020,  L_Nrml: 0.00000,  L_Eknl: 0.15335, L_Morse: 1.37608

Weights: [7000.0, 600.0, 0, 50.0, 0.0, 5.185300000000001], lr=5.000e-05
Epoch: 0 [3460/10000 (35%)] Loss: 28.82855 = L_Mnfld: 8.35105 + L_NonMnfld: 5.50230 + L_Nrml: 0.00000 + L_Eknl: 7.89218 + L_Div: 0.00000 + L_Morse: 7.08302
Epoch: 0 [3460/10000 (35%)] Unweighted L_s : L_Mnfld: 0.00119,  L_NonMnfld: 0.00917,  L_Nrml: 0.00000,  L_Eknl: 0.15784, L_Morse: 1.36598

Weights: [7000.0, 600.0, 0, 50.0, 0.0, 5.1523], lr=5.000e-05
Epoch: 0 [3470/10000 (35%)] Loss: 31.57297 = L_Mnfld: 9.42497 + L_NonMnfld: 6.91239 + L_Nrml: 0.00000 + L_Eknl: 7.74044 + L_Div: 0.00000 + L_Morse: 7.49518
Epoch: 0 [3470/10000 (35%)] Unweighted L_s : L_Mnfld: 0.00135,  L_NonMnfld: 0.01152,  L_Nrml: 0.00000,  L_Eknl: 0.15481, L_Morse: 1.45473

Weights: [7000.0, 600.0, 0, 50.0, 0.0, 5.119300000000001], lr=5.000e-05
Epoch: 0 [3480/10000 (35%)] Loss: 27.64033 = L_Mnfld: 7.23900 + L_NonMnfld: 5.51623 + L_Nrml: 0.00000 + L_Eknl: 7.82964 + L_Div: 0.00000 + L_Morse: 7.05545
Epoch: 0 [3480/10000 (35%)] Unweighted L_s : L_Mnfld: 0.00103,  L_NonMnfld: 0.00919,  L_Nrml: 0.00000,  L_Eknl: 0.15659, L_Morse: 1.37821

Weights: [7000.0, 600.0, 0, 50.0, 0.0, 5.0863000000000005], lr=5.000e-05
Epoch: 0 [3490/10000 (35%)] Loss: 26.47480 = L_Mnfld: 5.89163 + L_NonMnfld: 5.82541 + L_Nrml: 0.00000 + L_Eknl: 7.54042 + L_Div: 0.00000 + L_Morse: 7.21734
Epoch: 0 [3490/10000 (35%)] Unweighted L_s : L_Mnfld: 0.00084,  L_NonMnfld: 0.00971,  L_Nrml: 0.00000,  L_Eknl: 0.15081, L_Morse: 1.41898

Weights: [7000.0, 600.0, 0, 50.0, 0.0, 5.0533], lr=5.000e-05
Epoch: 0 [3500/10000 (35%)] Loss: 26.79992 = L_Mnfld: 6.72322 + L_NonMnfld: 5.42299 + L_Nrml: 0.00000 + L_Eknl: 7.63748 + L_Div: 0.00000 + L_Morse: 7.01624
Epoch: 0 [3500/10000 (35%)] Unweighted L_s : L_Mnfld: 0.00096,  L_NonMnfld: 0.00904,  L_Nrml: 0.00000,  L_Eknl: 0.15275, L_Morse: 1.38845

Weights: [7000.0, 600.0, 0, 50.0, 0.0, 5.020300000000001], lr=5.000e-05
Epoch: 0 [3510/10000 (35%)] Loss: 27.76637 = L_Mnfld: 7.08003 + L_NonMnfld: 6.05379 + L_Nrml: 0.00000 + L_Eknl: 7.52419 + L_Div: 0.00000 + L_Morse: 7.10837
Epoch: 0 [3510/10000 (35%)] Unweighted L_s : L_Mnfld: 0.00101,  L_NonMnfld: 0.01009,  L_Nrml: 0.00000,  L_Eknl: 0.15048, L_Morse: 1.41592

Weights: [7000.0, 600.0, 0, 50.0, 0.0, 4.9873], lr=5.000e-05
Epoch: 0 [3520/10000 (35%)] Loss: 28.71901 = L_Mnfld: 7.75748 + L_NonMnfld: 5.84700 + L_Nrml: 0.00000 + L_Eknl: 7.76716 + L_Div: 0.00000 + L_Morse: 7.34737
Epoch: 0 [3520/10000 (35%)] Unweighted L_s : L_Mnfld: 0.00111,  L_NonMnfld: 0.00974,  L_Nrml: 0.00000,  L_Eknl: 0.15534, L_Morse: 1.47322

Weights: [7000.0, 600.0, 0, 50.0, 0.0, 4.9543], lr=5.000e-05
Epoch: 0 [3530/10000 (35%)] Loss: 27.18939 = L_Mnfld: 7.05637 + L_NonMnfld: 5.69256 + L_Nrml: 0.00000 + L_Eknl: 7.71045 + L_Div: 0.00000 + L_Morse: 6.73001
Epoch: 0 [3530/10000 (35%)] Unweighted L_s : L_Mnfld: 0.00101,  L_NonMnfld: 0.00949,  L_Nrml: 0.00000,  L_Eknl: 0.15421, L_Morse: 1.35842

Weights: [7000.0, 600.0, 0, 50.0, 0.0, 4.9213000000000005], lr=5.000e-05
Epoch: 0 [3540/10000 (35%)] Loss: 27.37439 = L_Mnfld: 7.01277 + L_NonMnfld: 6.01846 + L_Nrml: 0.00000 + L_Eknl: 7.46616 + L_Div: 0.00000 + L_Morse: 6.87700
Epoch: 0 [3540/10000 (35%)] Unweighted L_s : L_Mnfld: 0.00100,  L_NonMnfld: 0.01003,  L_Nrml: 0.00000,  L_Eknl: 0.14932, L_Morse: 1.39739

Weights: [7000.0, 600.0, 0, 50.0, 0.0, 4.8883], lr=5.000e-05
Epoch: 0 [3550/10000 (36%)] Loss: 27.05723 = L_Mnfld: 6.38155 + L_NonMnfld: 6.24787 + L_Nrml: 0.00000 + L_Eknl: 7.43319 + L_Div: 0.00000 + L_Morse: 6.99462
Epoch: 0 [3550/10000 (36%)] Unweighted L_s : L_Mnfld: 0.00091,  L_NonMnfld: 0.01041,  L_Nrml: 0.00000,  L_Eknl: 0.14866, L_Morse: 1.43089

Weights: [7000.0, 600.0, 0, 50.0, 0.0, 4.8553], lr=5.000e-05
Epoch: 0 [3560/10000 (36%)] Loss: 25.88134 = L_Mnfld: 6.31626 + L_NonMnfld: 5.54933 + L_Nrml: 0.00000 + L_Eknl: 7.39709 + L_Div: 0.00000 + L_Morse: 6.61866
Epoch: 0 [3560/10000 (36%)] Unweighted L_s : L_Mnfld: 0.00090,  L_NonMnfld: 0.00925,  L_Nrml: 0.00000,  L_Eknl: 0.14794, L_Morse: 1.36318

Weights: [7000.0, 600.0, 0, 50.0, 0.0, 4.8223], lr=5.000e-05
Epoch: 0 [3570/10000 (36%)] Loss: 27.38784 = L_Mnfld: 6.87264 + L_NonMnfld: 6.11551 + L_Nrml: 0.00000 + L_Eknl: 7.42845 + L_Div: 0.00000 + L_Morse: 6.97124
Epoch: 0 [3570/10000 (36%)] Unweighted L_s : L_Mnfld: 0.00098,  L_NonMnfld: 0.01019,  L_Nrml: 0.00000,  L_Eknl: 0.14857, L_Morse: 1.44563

Weights: [7000.0, 600.0, 0, 50.0, 0.0, 4.7893], lr=5.000e-05
Epoch: 0 [3580/10000 (36%)] Loss: 25.83125 = L_Mnfld: 5.92807 + L_NonMnfld: 5.57371 + L_Nrml: 0.00000 + L_Eknl: 7.22796 + L_Div: 0.00000 + L_Morse: 7.10151
Epoch: 0 [3580/10000 (36%)] Unweighted L_s : L_Mnfld: 0.00085,  L_NonMnfld: 0.00929,  L_Nrml: 0.00000,  L_Eknl: 0.14456, L_Morse: 1.48279

Weights: [7000.0, 600.0, 0, 50.0, 0.0, 4.7562999999999995], lr=5.000e-05
Epoch: 0 [3590/10000 (36%)] Loss: 25.92358 = L_Mnfld: 5.80712 + L_NonMnfld: 5.97643 + L_Nrml: 0.00000 + L_Eknl: 7.29437 + L_Div: 0.00000 + L_Morse: 6.84566
Epoch: 0 [3590/10000 (36%)] Unweighted L_s : L_Mnfld: 0.00083,  L_NonMnfld: 0.00996,  L_Nrml: 0.00000,  L_Eknl: 0.14589, L_Morse: 1.43928

Weights: [7000.0, 600.0, 0, 50.0, 0.0, 4.7233], lr=5.000e-05
Epoch: 0 [3600/10000 (36%)] Loss: 26.85593 = L_Mnfld: 6.98328 + L_NonMnfld: 5.77895 + L_Nrml: 0.00000 + L_Eknl: 7.32684 + L_Div: 0.00000 + L_Morse: 6.76686
Epoch: 0 [3600/10000 (36%)] Unweighted L_s : L_Mnfld: 0.00100,  L_NonMnfld: 0.00963,  L_Nrml: 0.00000,  L_Eknl: 0.14654, L_Morse: 1.43266

Weights: [7000.0, 600.0, 0, 50.0, 0.0, 4.690300000000001], lr=5.000e-05
Epoch: 0 [3610/10000 (36%)] Loss: 26.16184 = L_Mnfld: 6.36426 + L_NonMnfld: 5.89230 + L_Nrml: 0.00000 + L_Eknl: 7.18279 + L_Div: 0.00000 + L_Morse: 6.72249
Epoch: 0 [3610/10000 (36%)] Unweighted L_s : L_Mnfld: 0.00091,  L_NonMnfld: 0.00982,  L_Nrml: 0.00000,  L_Eknl: 0.14366, L_Morse: 1.43327

Weights: [7000.0, 600.0, 0, 50.0, 0.0, 4.6573], lr=5.000e-05
Epoch: 0 [3620/10000 (36%)] Loss: 26.45830 = L_Mnfld: 6.43435 + L_NonMnfld: 5.82951 + L_Nrml: 0.00000 + L_Eknl: 7.37325 + L_Div: 0.00000 + L_Morse: 6.82118
Epoch: 0 [3620/10000 (36%)] Unweighted L_s : L_Mnfld: 0.00092,  L_NonMnfld: 0.00972,  L_Nrml: 0.00000,  L_Eknl: 0.14747, L_Morse: 1.46462

Weights: [7000.0, 600.0, 0, 50.0, 0.0, 4.6243], lr=5.000e-05
Epoch: 0 [3630/10000 (36%)] Loss: 25.82249 = L_Mnfld: 5.91534 + L_NonMnfld: 6.03473 + L_Nrml: 0.00000 + L_Eknl: 7.20631 + L_Div: 0.00000 + L_Morse: 6.66611
Epoch: 0 [3630/10000 (36%)] Unweighted L_s : L_Mnfld: 0.00085,  L_NonMnfld: 0.01006,  L_Nrml: 0.00000,  L_Eknl: 0.14413, L_Morse: 1.44154

Weights: [7000.0, 600.0, 0, 50.0, 0.0, 4.5913], lr=5.000e-05
Epoch: 0 [3640/10000 (36%)] Loss: 27.74619 = L_Mnfld: 7.69943 + L_NonMnfld: 6.17781 + L_Nrml: 0.00000 + L_Eknl: 7.09877 + L_Div: 0.00000 + L_Morse: 6.77018
Epoch: 0 [3640/10000 (36%)] Unweighted L_s : L_Mnfld: 0.00110,  L_NonMnfld: 0.01030,  L_Nrml: 0.00000,  L_Eknl: 0.14198, L_Morse: 1.47457

Weights: [7000.0, 600.0, 0, 50.0, 0.0, 4.5583], lr=5.000e-05
Epoch: 0 [3650/10000 (36%)] Loss: 27.14257 = L_Mnfld: 7.24769 + L_NonMnfld: 5.59781 + L_Nrml: 0.00000 + L_Eknl: 7.32329 + L_Div: 0.00000 + L_Morse: 6.97378
Epoch: 0 [3650/10000 (36%)] Unweighted L_s : L_Mnfld: 0.00104,  L_NonMnfld: 0.00933,  L_Nrml: 0.00000,  L_Eknl: 0.14647, L_Morse: 1.52991

Weights: [7000.0, 600.0, 0, 50.0, 0.0, 4.5253], lr=5.000e-05
Epoch: 0 [3660/10000 (37%)] Loss: 27.98032 = L_Mnfld: 7.51108 + L_NonMnfld: 6.46817 + L_Nrml: 0.00000 + L_Eknl: 7.41084 + L_Div: 0.00000 + L_Morse: 6.59024
Epoch: 0 [3660/10000 (37%)] Unweighted L_s : L_Mnfld: 0.00107,  L_NonMnfld: 0.01078,  L_Nrml: 0.00000,  L_Eknl: 0.14822, L_Morse: 1.45631

Weights: [7000.0, 600.0, 0, 50.0, 0.0, 4.4923], lr=5.000e-05
Epoch: 0 [3670/10000 (37%)] Loss: 27.20274 = L_Mnfld: 6.78861 + L_NonMnfld: 6.37329 + L_Nrml: 0.00000 + L_Eknl: 7.62029 + L_Div: 0.00000 + L_Morse: 6.42055
Epoch: 0 [3670/10000 (37%)] Unweighted L_s : L_Mnfld: 0.00097,  L_NonMnfld: 0.01062,  L_Nrml: 0.00000,  L_Eknl: 0.15241, L_Morse: 1.42923

Weights: [7000.0, 600.0, 0, 50.0, 0.0, 4.4593], lr=5.000e-05
Epoch: 0 [3680/10000 (37%)] Loss: 27.05829 = L_Mnfld: 7.00950 + L_NonMnfld: 6.49135 + L_Nrml: 0.00000 + L_Eknl: 7.43485 + L_Div: 0.00000 + L_Morse: 6.12259
Epoch: 0 [3680/10000 (37%)] Unweighted L_s : L_Mnfld: 0.00100,  L_NonMnfld: 0.01082,  L_Nrml: 0.00000,  L_Eknl: 0.14870, L_Morse: 1.37299

Weights: [7000.0, 600.0, 0, 50.0, 0.0, 4.4262999999999995], lr=5.000e-05
Epoch: 0 [3690/10000 (37%)] Loss: 26.97991 = L_Mnfld: 7.05199 + L_NonMnfld: 5.65662 + L_Nrml: 0.00000 + L_Eknl: 7.47965 + L_Div: 0.00000 + L_Morse: 6.79164
Epoch: 0 [3690/10000 (37%)] Unweighted L_s : L_Mnfld: 0.00101,  L_NonMnfld: 0.00943,  L_Nrml: 0.00000,  L_Eknl: 0.14959, L_Morse: 1.53438

Weights: [7000.0, 600.0, 0, 50.0, 0.0, 4.3933], lr=5.000e-05
Epoch: 0 [3700/10000 (37%)] Loss: 25.96308 = L_Mnfld: 7.14907 + L_NonMnfld: 5.55398 + L_Nrml: 0.00000 + L_Eknl: 7.10705 + L_Div: 0.00000 + L_Morse: 6.15298
Epoch: 0 [3700/10000 (37%)] Unweighted L_s : L_Mnfld: 0.00102,  L_NonMnfld: 0.00926,  L_Nrml: 0.00000,  L_Eknl: 0.14214, L_Morse: 1.40054

Weights: [7000.0, 600.0, 0, 50.0, 0.0, 4.3603], lr=5.000e-05
Epoch: 0 [3710/10000 (37%)] Loss: 27.63927 = L_Mnfld: 7.60352 + L_NonMnfld: 6.20522 + L_Nrml: 0.00000 + L_Eknl: 7.19836 + L_Div: 0.00000 + L_Morse: 6.63217
Epoch: 0 [3710/10000 (37%)] Unweighted L_s : L_Mnfld: 0.00109,  L_NonMnfld: 0.01034,  L_Nrml: 0.00000,  L_Eknl: 0.14397, L_Morse: 1.52103

Weights: [7000.0, 600.0, 0, 50.0, 0.0, 4.327299999999999], lr=5.000e-05
Epoch: 0 [3720/10000 (37%)] Loss: 28.92372 = L_Mnfld: 9.26127 + L_NonMnfld: 6.02774 + L_Nrml: 0.00000 + L_Eknl: 7.08641 + L_Div: 0.00000 + L_Morse: 6.54829
Epoch: 0 [3720/10000 (37%)] Unweighted L_s : L_Mnfld: 0.00132,  L_NonMnfld: 0.01005,  L_Nrml: 0.00000,  L_Eknl: 0.14173, L_Morse: 1.51325

Weights: [7000.0, 600.0, 0, 50.0, 0.0, 4.2943], lr=5.000e-05
Epoch: 0 [3730/10000 (37%)] Loss: 26.71447 = L_Mnfld: 7.55783 + L_NonMnfld: 5.28073 + L_Nrml: 0.00000 + L_Eknl: 7.15959 + L_Div: 0.00000 + L_Morse: 6.71632
Epoch: 0 [3730/10000 (37%)] Unweighted L_s : L_Mnfld: 0.00108,  L_NonMnfld: 0.00880,  L_Nrml: 0.00000,  L_Eknl: 0.14319, L_Morse: 1.56401

Weights: [7000.0, 600.0, 0, 50.0, 0.0, 4.261299999999999], lr=5.000e-05
Epoch: 0 [3740/10000 (37%)] Loss: 27.24277 = L_Mnfld: 7.03415 + L_NonMnfld: 6.24994 + L_Nrml: 0.00000 + L_Eknl: 7.14755 + L_Div: 0.00000 + L_Morse: 6.81112
Epoch: 0 [3740/10000 (37%)] Unweighted L_s : L_Mnfld: 0.00100,  L_NonMnfld: 0.01042,  L_Nrml: 0.00000,  L_Eknl: 0.14295, L_Morse: 1.59837

Weights: [7000.0, 600.0, 0, 50.0, 0.0, 4.228299999999999], lr=5.000e-05
Epoch: 0 [3750/10000 (38%)] Loss: 26.49329 = L_Mnfld: 7.01936 + L_NonMnfld: 5.73965 + L_Nrml: 0.00000 + L_Eknl: 7.10399 + L_Div: 0.00000 + L_Morse: 6.63029
Epoch: 0 [3750/10000 (38%)] Unweighted L_s : L_Mnfld: 0.00100,  L_NonMnfld: 0.00957,  L_Nrml: 0.00000,  L_Eknl: 0.14208, L_Morse: 1.56808

Weights: [7000.0, 600.0, 0, 50.0, 0.0, 4.1953], lr=5.000e-05
Epoch: 0 [3760/10000 (38%)] Loss: 26.65252 = L_Mnfld: 7.27917 + L_NonMnfld: 6.04948 + L_Nrml: 0.00000 + L_Eknl: 6.95994 + L_Div: 0.00000 + L_Morse: 6.36393
Epoch: 0 [3760/10000 (38%)] Unweighted L_s : L_Mnfld: 0.00104,  L_NonMnfld: 0.01008,  L_Nrml: 0.00000,  L_Eknl: 0.13920, L_Morse: 1.51692

Weights: [7000.0, 600.0, 0, 50.0, 0.0, 4.162299999999999], lr=5.000e-05
Epoch: 0 [3770/10000 (38%)] Loss: 26.54790 = L_Mnfld: 6.42831 + L_NonMnfld: 6.72086 + L_Nrml: 0.00000 + L_Eknl: 7.12888 + L_Div: 0.00000 + L_Morse: 6.26985
Epoch: 0 [3770/10000 (38%)] Unweighted L_s : L_Mnfld: 0.00092,  L_NonMnfld: 0.01120,  L_Nrml: 0.00000,  L_Eknl: 0.14258, L_Morse: 1.50634

Weights: [7000.0, 600.0, 0, 50.0, 0.0, 4.129299999999999], lr=5.000e-05
Epoch: 0 [3780/10000 (38%)] Loss: 26.20654 = L_Mnfld: 6.40885 + L_NonMnfld: 6.44422 + L_Nrml: 0.00000 + L_Eknl: 7.01921 + L_Div: 0.00000 + L_Morse: 6.33426
Epoch: 0 [3780/10000 (38%)] Unweighted L_s : L_Mnfld: 0.00092,  L_NonMnfld: 0.01074,  L_Nrml: 0.00000,  L_Eknl: 0.14038, L_Morse: 1.53398

Weights: [7000.0, 600.0, 0, 50.0, 0.0, 4.096299999999999], lr=5.000e-05
Epoch: 0 [3790/10000 (38%)] Loss: 25.99802 = L_Mnfld: 7.13882 + L_NonMnfld: 5.32657 + L_Nrml: 0.00000 + L_Eknl: 7.24105 + L_Div: 0.00000 + L_Morse: 6.29158
Epoch: 0 [3790/10000 (38%)] Unweighted L_s : L_Mnfld: 0.00102,  L_NonMnfld: 0.00888,  L_Nrml: 0.00000,  L_Eknl: 0.14482, L_Morse: 1.53592

Weights: [7000.0, 600.0, 0, 50.0, 0.0, 4.063299999999999], lr=5.000e-05
Epoch: 0 [3800/10000 (38%)] Loss: 26.75841 = L_Mnfld: 7.30031 + L_NonMnfld: 6.41747 + L_Nrml: 0.00000 + L_Eknl: 6.88993 + L_Div: 0.00000 + L_Morse: 6.15069
Epoch: 0 [3800/10000 (38%)] Unweighted L_s : L_Mnfld: 0.00104,  L_NonMnfld: 0.01070,  L_Nrml: 0.00000,  L_Eknl: 0.13780, L_Morse: 1.51372

Weights: [7000.0, 600.0, 0, 50.0, 0.0, 4.030299999999999], lr=5.000e-05
Epoch: 0 [3810/10000 (38%)] Loss: 27.70143 = L_Mnfld: 8.35031 + L_NonMnfld: 5.77438 + L_Nrml: 0.00000 + L_Eknl: 7.16529 + L_Div: 0.00000 + L_Morse: 6.41144
Epoch: 0 [3810/10000 (38%)] Unweighted L_s : L_Mnfld: 0.00119,  L_NonMnfld: 0.00962,  L_Nrml: 0.00000,  L_Eknl: 0.14331, L_Morse: 1.59081

Weights: [7000.0, 600.0, 0, 50.0, 0.0, 3.9973], lr=5.000e-05
Epoch: 0 [3820/10000 (38%)] Loss: 25.46921 = L_Mnfld: 7.59416 + L_NonMnfld: 5.26429 + L_Nrml: 0.00000 + L_Eknl: 6.79111 + L_Div: 0.00000 + L_Morse: 5.81965
Epoch: 0 [3820/10000 (38%)] Unweighted L_s : L_Mnfld: 0.00108,  L_NonMnfld: 0.00877,  L_Nrml: 0.00000,  L_Eknl: 0.13582, L_Morse: 1.45590

Weights: [7000.0, 600.0, 0, 50.0, 0.0, 3.9642999999999997], lr=5.000e-05
Epoch: 0 [3830/10000 (38%)] Loss: 25.57828 = L_Mnfld: 6.93967 + L_NonMnfld: 4.89024 + L_Nrml: 0.00000 + L_Eknl: 7.11523 + L_Div: 0.00000 + L_Morse: 6.63314
Epoch: 0 [3830/10000 (38%)] Unweighted L_s : L_Mnfld: 0.00099,  L_NonMnfld: 0.00815,  L_Nrml: 0.00000,  L_Eknl: 0.14230, L_Morse: 1.67322

Weights: [7000.0, 600.0, 0, 50.0, 0.0, 3.9312999999999994], lr=5.000e-05
Epoch: 0 [3840/10000 (38%)] Loss: 26.24225 = L_Mnfld: 6.87834 + L_NonMnfld: 6.20857 + L_Nrml: 0.00000 + L_Eknl: 6.91865 + L_Div: 0.00000 + L_Morse: 6.23669
Epoch: 0 [3840/10000 (38%)] Unweighted L_s : L_Mnfld: 0.00098,  L_NonMnfld: 0.01035,  L_Nrml: 0.00000,  L_Eknl: 0.13837, L_Morse: 1.58642

Weights: [7000.0, 600.0, 0, 50.0, 0.0, 3.8983], lr=5.000e-05
Epoch: 0 [3850/10000 (38%)] Loss: 24.84517 = L_Mnfld: 7.09686 + L_NonMnfld: 5.02363 + L_Nrml: 0.00000 + L_Eknl: 6.82139 + L_Div: 0.00000 + L_Morse: 5.90329
Epoch: 0 [3850/10000 (38%)] Unweighted L_s : L_Mnfld: 0.00101,  L_NonMnfld: 0.00837,  L_Nrml: 0.00000,  L_Eknl: 0.13643, L_Morse: 1.51432

Weights: [7000.0, 600.0, 0, 50.0, 0.0, 3.8652999999999995], lr=5.000e-05
Epoch: 0 [3860/10000 (39%)] Loss: 24.90331 = L_Mnfld: 6.45484 + L_NonMnfld: 5.75200 + L_Nrml: 0.00000 + L_Eknl: 6.61195 + L_Div: 0.00000 + L_Morse: 6.08452
Epoch: 0 [3860/10000 (39%)] Unweighted L_s : L_Mnfld: 0.00092,  L_NonMnfld: 0.00959,  L_Nrml: 0.00000,  L_Eknl: 0.13224, L_Morse: 1.57414

Weights: [7000.0, 600.0, 0, 50.0, 0.0, 3.832299999999999], lr=5.000e-05
Epoch: 0 [3870/10000 (39%)] Loss: 24.27889 = L_Mnfld: 5.98001 + L_NonMnfld: 5.67011 + L_Nrml: 0.00000 + L_Eknl: 6.54127 + L_Div: 0.00000 + L_Morse: 6.08749
Epoch: 0 [3870/10000 (39%)] Unweighted L_s : L_Mnfld: 0.00085,  L_NonMnfld: 0.00945,  L_Nrml: 0.00000,  L_Eknl: 0.13083, L_Morse: 1.58847

Weights: [7000.0, 600.0, 0, 50.0, 0.0, 3.7992999999999997], lr=5.000e-05
Epoch: 0 [3880/10000 (39%)] Loss: 25.24367 = L_Mnfld: 6.67826 + L_NonMnfld: 5.45091 + L_Nrml: 0.00000 + L_Eknl: 6.68410 + L_Div: 0.00000 + L_Morse: 6.43039
Epoch: 0 [3880/10000 (39%)] Unweighted L_s : L_Mnfld: 0.00095,  L_NonMnfld: 0.00908,  L_Nrml: 0.00000,  L_Eknl: 0.13368, L_Morse: 1.69252

Weights: [7000.0, 600.0, 0, 50.0, 0.0, 3.7662999999999993], lr=5.000e-05
Epoch: 0 [3890/10000 (39%)] Loss: 24.15155 = L_Mnfld: 6.18225 + L_NonMnfld: 5.54028 + L_Nrml: 0.00000 + L_Eknl: 6.48744 + L_Div: 0.00000 + L_Morse: 5.94158
Epoch: 0 [3890/10000 (39%)] Unweighted L_s : L_Mnfld: 0.00088,  L_NonMnfld: 0.00923,  L_Nrml: 0.00000,  L_Eknl: 0.12975, L_Morse: 1.57756

Weights: [7000.0, 600.0, 0, 50.0, 0.0, 3.733299999999999], lr=5.000e-05
Epoch: 0 [3900/10000 (39%)] Loss: 24.95243 = L_Mnfld: 6.49192 + L_NonMnfld: 5.35629 + L_Nrml: 0.00000 + L_Eknl: 6.56910 + L_Div: 0.00000 + L_Morse: 6.53512
Epoch: 0 [3900/10000 (39%)] Unweighted L_s : L_Mnfld: 0.00093,  L_NonMnfld: 0.00893,  L_Nrml: 0.00000,  L_Eknl: 0.13138, L_Morse: 1.75050

Weights: [7000.0, 600.0, 0, 50.0, 0.0, 3.7002999999999995], lr=5.000e-05
Epoch: 0 [3910/10000 (39%)] Loss: 25.19424 = L_Mnfld: 6.76941 + L_NonMnfld: 5.90442 + L_Nrml: 0.00000 + L_Eknl: 6.41852 + L_Div: 0.00000 + L_Morse: 6.10189
Epoch: 0 [3910/10000 (39%)] Unweighted L_s : L_Mnfld: 0.00097,  L_NonMnfld: 0.00984,  L_Nrml: 0.00000,  L_Eknl: 0.12837, L_Morse: 1.64903

Weights: [7000.0, 600.0, 0, 50.0, 0.0, 3.667299999999999], lr=5.000e-05
Epoch: 0 [3920/10000 (39%)] Loss: 24.88236 = L_Mnfld: 6.66452 + L_NonMnfld: 5.77017 + L_Nrml: 0.00000 + L_Eknl: 6.41683 + L_Div: 0.00000 + L_Morse: 6.03083
Epoch: 0 [3920/10000 (39%)] Unweighted L_s : L_Mnfld: 0.00095,  L_NonMnfld: 0.00962,  L_Nrml: 0.00000,  L_Eknl: 0.12834, L_Morse: 1.64449

Weights: [7000.0, 600.0, 0, 50.0, 0.0, 3.6342999999999988], lr=5.000e-05
Epoch: 0 [3930/10000 (39%)] Loss: 24.53170 = L_Mnfld: 5.94849 + L_NonMnfld: 6.22184 + L_Nrml: 0.00000 + L_Eknl: 6.50182 + L_Div: 0.00000 + L_Morse: 5.85955
Epoch: 0 [3930/10000 (39%)] Unweighted L_s : L_Mnfld: 0.00085,  L_NonMnfld: 0.01037,  L_Nrml: 0.00000,  L_Eknl: 0.13004, L_Morse: 1.61229

Weights: [7000.0, 600.0, 0, 50.0, 0.0, 3.601300000000001], lr=5.000e-05
Epoch: 0 [3940/10000 (39%)] Loss: 25.50784 = L_Mnfld: 7.63264 + L_NonMnfld: 5.53949 + L_Nrml: 0.00000 + L_Eknl: 6.36171 + L_Div: 0.00000 + L_Morse: 5.97399
Epoch: 0 [3940/10000 (39%)] Unweighted L_s : L_Mnfld: 0.00109,  L_NonMnfld: 0.00923,  L_Nrml: 0.00000,  L_Eknl: 0.12723, L_Morse: 1.65884

Weights: [7000.0, 600.0, 0, 50.0, 0.0, 3.5683000000000007], lr=5.000e-05
Epoch: 0 [3950/10000 (40%)] Loss: 25.14388 = L_Mnfld: 6.83438 + L_NonMnfld: 5.99567 + L_Nrml: 0.00000 + L_Eknl: 6.42726 + L_Div: 0.00000 + L_Morse: 5.88656
Epoch: 0 [3950/10000 (40%)] Unweighted L_s : L_Mnfld: 0.00098,  L_NonMnfld: 0.00999,  L_Nrml: 0.00000,  L_Eknl: 0.12855, L_Morse: 1.64968

Weights: [7000.0, 600.0, 0, 50.0, 0.0, 3.535300000000001], lr=5.000e-05
Epoch: 0 [3960/10000 (40%)] Loss: 26.30423 = L_Mnfld: 7.33229 + L_NonMnfld: 6.28516 + L_Nrml: 0.00000 + L_Eknl: 6.60036 + L_Div: 0.00000 + L_Morse: 6.08641
Epoch: 0 [3960/10000 (40%)] Unweighted L_s : L_Mnfld: 0.00105,  L_NonMnfld: 0.01048,  L_Nrml: 0.00000,  L_Eknl: 0.13201, L_Morse: 1.72161

Weights: [7000.0, 600.0, 0, 50.0, 0.0, 3.502300000000001], lr=5.000e-05
Epoch: 0 [3970/10000 (40%)] Loss: 24.63880 = L_Mnfld: 6.59837 + L_NonMnfld: 5.54036 + L_Nrml: 0.00000 + L_Eknl: 6.47046 + L_Div: 0.00000 + L_Morse: 6.02961
Epoch: 0 [3970/10000 (40%)] Unweighted L_s : L_Mnfld: 0.00094,  L_NonMnfld: 0.00923,  L_Nrml: 0.00000,  L_Eknl: 0.12941, L_Morse: 1.72162

Weights: [7000.0, 600.0, 0, 50.0, 0.0, 3.4693000000000005], lr=5.000e-05
Epoch: 0 [3980/10000 (40%)] Loss: 24.45320 = L_Mnfld: 6.93867 + L_NonMnfld: 5.27716 + L_Nrml: 0.00000 + L_Eknl: 6.34948 + L_Div: 0.00000 + L_Morse: 5.88790
Epoch: 0 [3980/10000 (40%)] Unweighted L_s : L_Mnfld: 0.00099,  L_NonMnfld: 0.00880,  L_Nrml: 0.00000,  L_Eknl: 0.12699, L_Morse: 1.69714

Weights: [7000.0, 600.0, 0, 50.0, 0.0, 3.436300000000001], lr=5.000e-05
Epoch: 0 [3990/10000 (40%)] Loss: 24.91317 = L_Mnfld: 7.00131 + L_NonMnfld: 5.50347 + L_Nrml: 0.00000 + L_Eknl: 6.40382 + L_Div: 0.00000 + L_Morse: 6.00456
Epoch: 0 [3990/10000 (40%)] Unweighted L_s : L_Mnfld: 0.00100,  L_NonMnfld: 0.00917,  L_Nrml: 0.00000,  L_Eknl: 0.12808, L_Morse: 1.74739

Weights: [7000.0, 600.0, 0, 50.0, 0.0, 3.4033000000000007], lr=5.000e-05
Epoch: 0 [4000/10000 (40%)] Loss: 25.56140 = L_Mnfld: 7.79648 + L_NonMnfld: 5.73363 + L_Nrml: 0.00000 + L_Eknl: 6.31838 + L_Div: 0.00000 + L_Morse: 5.71291
Epoch: 0 [4000/10000 (40%)] Unweighted L_s : L_Mnfld: 0.00111,  L_NonMnfld: 0.00956,  L_Nrml: 0.00000,  L_Eknl: 0.12637, L_Morse: 1.67864

Weights: [7000.0, 600.0, 0, 50.0, 0.0, 3.3703000000000003], lr=5.000e-05
Epoch: 0 [4010/10000 (40%)] Loss: 27.52770 = L_Mnfld: 8.75748 + L_NonMnfld: 6.18563 + L_Nrml: 0.00000 + L_Eknl: 6.50571 + L_Div: 0.00000 + L_Morse: 6.07888
Epoch: 0 [4010/10000 (40%)] Unweighted L_s : L_Mnfld: 0.00125,  L_NonMnfld: 0.01031,  L_Nrml: 0.00000,  L_Eknl: 0.13011, L_Morse: 1.80366

Weights: [7000.0, 600.0, 0, 50.0, 0.0, 3.337300000000001], lr=5.000e-05
Epoch: 0 [4020/10000 (40%)] Loss: 24.40763 = L_Mnfld: 7.23400 + L_NonMnfld: 5.18404 + L_Nrml: 0.00000 + L_Eknl: 6.23931 + L_Div: 0.00000 + L_Morse: 5.75029
Epoch: 0 [4020/10000 (40%)] Unweighted L_s : L_Mnfld: 0.00103,  L_NonMnfld: 0.00864,  L_Nrml: 0.00000,  L_Eknl: 0.12479, L_Morse: 1.72304

Weights: [7000.0, 600.0, 0, 50.0, 0.0, 3.3043000000000005], lr=5.000e-05
Epoch: 0 [4030/10000 (40%)] Loss: 23.47943 = L_Mnfld: 5.90488 + L_NonMnfld: 5.28519 + L_Nrml: 0.00000 + L_Eknl: 6.33124 + L_Div: 0.00000 + L_Morse: 5.95813
Epoch: 0 [4030/10000 (40%)] Unweighted L_s : L_Mnfld: 0.00084,  L_NonMnfld: 0.00881,  L_Nrml: 0.00000,  L_Eknl: 0.12662, L_Morse: 1.80315

Weights: [7000.0, 600.0, 0, 50.0, 0.0, 3.2713], lr=5.000e-05
Epoch: 0 [4040/10000 (40%)] Loss: 24.29262 = L_Mnfld: 6.61404 + L_NonMnfld: 5.70660 + L_Nrml: 0.00000 + L_Eknl: 6.08978 + L_Div: 0.00000 + L_Morse: 5.88219
Epoch: 0 [4040/10000 (40%)] Unweighted L_s : L_Mnfld: 0.00094,  L_NonMnfld: 0.00951,  L_Nrml: 0.00000,  L_Eknl: 0.12180, L_Morse: 1.79812

Weights: [7000.0, 600.0, 0, 50.0, 0.0, 3.2383000000000006], lr=5.000e-05
Epoch: 0 [4050/10000 (40%)] Loss: 23.39353 = L_Mnfld: 6.04070 + L_NonMnfld: 5.48907 + L_Nrml: 0.00000 + L_Eknl: 6.21826 + L_Div: 0.00000 + L_Morse: 5.64551
Epoch: 0 [4050/10000 (40%)] Unweighted L_s : L_Mnfld: 0.00086,  L_NonMnfld: 0.00915,  L_Nrml: 0.00000,  L_Eknl: 0.12437, L_Morse: 1.74336

Weights: [7000.0, 600.0, 0, 50.0, 0.0, 3.2053000000000003], lr=5.000e-05
Epoch: 0 [4060/10000 (41%)] Loss: 23.33889 = L_Mnfld: 6.41753 + L_NonMnfld: 5.42837 + L_Nrml: 0.00000 + L_Eknl: 6.09435 + L_Div: 0.00000 + L_Morse: 5.39864
Epoch: 0 [4060/10000 (41%)] Unweighted L_s : L_Mnfld: 0.00092,  L_NonMnfld: 0.00905,  L_Nrml: 0.00000,  L_Eknl: 0.12189, L_Morse: 1.68429

Weights: [7000.0, 600.0, 0, 50.0, 0.0, 3.1723], lr=5.000e-05
Epoch: 0 [4070/10000 (41%)] Loss: 23.87121 = L_Mnfld: 6.07175 + L_NonMnfld: 6.04161 + L_Nrml: 0.00000 + L_Eknl: 6.20536 + L_Div: 0.00000 + L_Morse: 5.55247
Epoch: 0 [4070/10000 (41%)] Unweighted L_s : L_Mnfld: 0.00087,  L_NonMnfld: 0.01007,  L_Nrml: 0.00000,  L_Eknl: 0.12411, L_Morse: 1.75030

Weights: [7000.0, 600.0, 0, 50.0, 0.0, 3.1393000000000004], lr=5.000e-05
Epoch: 0 [4080/10000 (41%)] Loss: 23.71218 = L_Mnfld: 6.56897 + L_NonMnfld: 5.65490 + L_Nrml: 0.00000 + L_Eknl: 6.00410 + L_Div: 0.00000 + L_Morse: 5.48420
Epoch: 0 [4080/10000 (41%)] Unweighted L_s : L_Mnfld: 0.00094,  L_NonMnfld: 0.00942,  L_Nrml: 0.00000,  L_Eknl: 0.12008, L_Morse: 1.74695

Weights: [7000.0, 600.0, 0, 50.0, 0.0, 3.1063], lr=5.000e-05
Epoch: 0 [4090/10000 (41%)] Loss: 23.23291 = L_Mnfld: 6.26309 + L_NonMnfld: 5.79756 + L_Nrml: 0.00000 + L_Eknl: 5.94795 + L_Div: 0.00000 + L_Morse: 5.22431
Epoch: 0 [4090/10000 (41%)] Unweighted L_s : L_Mnfld: 0.00089,  L_NonMnfld: 0.00966,  L_Nrml: 0.00000,  L_Eknl: 0.11896, L_Morse: 1.68184

Weights: [7000.0, 600.0, 0, 50.0, 0.0, 3.0732999999999997], lr=5.000e-05
Epoch: 0 [4100/10000 (41%)] Loss: 24.32344 = L_Mnfld: 6.57664 + L_NonMnfld: 6.35353 + L_Nrml: 0.00000 + L_Eknl: 5.92635 + L_Div: 0.00000 + L_Morse: 5.46692
Epoch: 0 [4100/10000 (41%)] Unweighted L_s : L_Mnfld: 0.00094,  L_NonMnfld: 0.01059,  L_Nrml: 0.00000,  L_Eknl: 0.11853, L_Morse: 1.77884

Weights: [7000.0, 600.0, 0, 50.0, 0.0, 3.0403000000000002], lr=5.000e-05
Epoch: 0 [4110/10000 (41%)] Loss: 23.20597 = L_Mnfld: 5.63640 + L_NonMnfld: 6.07107 + L_Nrml: 0.00000 + L_Eknl: 5.86701 + L_Div: 0.00000 + L_Morse: 5.63150
Epoch: 0 [4110/10000 (41%)] Unweighted L_s : L_Mnfld: 0.00081,  L_NonMnfld: 0.01012,  L_Nrml: 0.00000,  L_Eknl: 0.11734, L_Morse: 1.85228

Weights: [7000.0, 600.0, 0, 50.0, 0.0, 3.0073], lr=5.000e-05
Epoch: 0 [4120/10000 (41%)] Loss: 24.51003 = L_Mnfld: 7.55272 + L_NonMnfld: 5.73852 + L_Nrml: 0.00000 + L_Eknl: 5.91139 + L_Div: 0.00000 + L_Morse: 5.30740
Epoch: 0 [4120/10000 (41%)] Unweighted L_s : L_Mnfld: 0.00108,  L_NonMnfld: 0.00956,  L_Nrml: 0.00000,  L_Eknl: 0.11823, L_Morse: 1.76484

Weights: [7000.0, 600.0, 0, 50.0, 0.0, 2.9742999999999995], lr=5.000e-05
Epoch: 0 [4130/10000 (41%)] Loss: 24.94451 = L_Mnfld: 7.51780 + L_NonMnfld: 5.66782 + L_Nrml: 0.00000 + L_Eknl: 5.99331 + L_Div: 0.00000 + L_Morse: 5.76558
Epoch: 0 [4130/10000 (41%)] Unweighted L_s : L_Mnfld: 0.00107,  L_NonMnfld: 0.00945,  L_Nrml: 0.00000,  L_Eknl: 0.11987, L_Morse: 1.93847

Weights: [7000.0, 600.0, 0, 50.0, 0.0, 2.9413], lr=5.000e-05
Epoch: 0 [4140/10000 (41%)] Loss: 23.85231 = L_Mnfld: 6.69571 + L_NonMnfld: 5.83799 + L_Nrml: 0.00000 + L_Eknl: 6.00280 + L_Div: 0.00000 + L_Morse: 5.31581
Epoch: 0 [4140/10000 (41%)] Unweighted L_s : L_Mnfld: 0.00096,  L_NonMnfld: 0.00973,  L_Nrml: 0.00000,  L_Eknl: 0.12006, L_Morse: 1.80730

Weights: [7000.0, 600.0, 0, 50.0, 0.0, 2.9082999999999997], lr=5.000e-05
Epoch: 0 [4150/10000 (42%)] Loss: 24.09611 = L_Mnfld: 7.69622 + L_NonMnfld: 5.35959 + L_Nrml: 0.00000 + L_Eknl: 5.81800 + L_Div: 0.00000 + L_Morse: 5.22230
Epoch: 0 [4150/10000 (42%)] Unweighted L_s : L_Mnfld: 0.00110,  L_NonMnfld: 0.00893,  L_Nrml: 0.00000,  L_Eknl: 0.11636, L_Morse: 1.79566

Weights: [7000.0, 600.0, 0, 50.0, 0.0, 2.8752999999999993], lr=5.000e-05
Epoch: 0 [4160/10000 (42%)] Loss: 23.58199 = L_Mnfld: 7.25845 + L_NonMnfld: 5.15078 + L_Nrml: 0.00000 + L_Eknl: 5.64870 + L_Div: 0.00000 + L_Morse: 5.52406
Epoch: 0 [4160/10000 (42%)] Unweighted L_s : L_Mnfld: 0.00104,  L_NonMnfld: 0.00858,  L_Nrml: 0.00000,  L_Eknl: 0.11297, L_Morse: 1.92121

Weights: [7000.0, 600.0, 0, 50.0, 0.0, 2.8423], lr=5.000e-05
Epoch: 0 [4170/10000 (42%)] Loss: 23.65706 = L_Mnfld: 6.88985 + L_NonMnfld: 5.51415 + L_Nrml: 0.00000 + L_Eknl: 5.81589 + L_Div: 0.00000 + L_Morse: 5.43718
Epoch: 0 [4170/10000 (42%)] Unweighted L_s : L_Mnfld: 0.00098,  L_NonMnfld: 0.00919,  L_Nrml: 0.00000,  L_Eknl: 0.11632, L_Morse: 1.91295

Weights: [7000.0, 600.0, 0, 50.0, 0.0, 2.8092999999999995], lr=5.000e-05
Epoch: 0 [4180/10000 (42%)] Loss: 23.75038 = L_Mnfld: 7.24709 + L_NonMnfld: 5.52457 + L_Nrml: 0.00000 + L_Eknl: 5.81755 + L_Div: 0.00000 + L_Morse: 5.16116
Epoch: 0 [4180/10000 (42%)] Unweighted L_s : L_Mnfld: 0.00104,  L_NonMnfld: 0.00921,  L_Nrml: 0.00000,  L_Eknl: 0.11635, L_Morse: 1.83717

Weights: [7000.0, 600.0, 0, 50.0, 0.0, 2.776299999999999], lr=5.000e-05
Epoch: 0 [4190/10000 (42%)] Loss: 24.37968 = L_Mnfld: 7.06940 + L_NonMnfld: 6.08586 + L_Nrml: 0.00000 + L_Eknl: 6.26826 + L_Div: 0.00000 + L_Morse: 4.95616
Epoch: 0 [4190/10000 (42%)] Unweighted L_s : L_Mnfld: 0.00101,  L_NonMnfld: 0.01014,  L_Nrml: 0.00000,  L_Eknl: 0.12537, L_Morse: 1.78517

Weights: [7000.0, 600.0, 0, 50.0, 0.0, 2.7432999999999996], lr=5.000e-05
Epoch: 0 [4200/10000 (42%)] Loss: 22.68162 = L_Mnfld: 6.53811 + L_NonMnfld: 5.35128 + L_Nrml: 0.00000 + L_Eknl: 6.05194 + L_Div: 0.00000 + L_Morse: 4.74030
Epoch: 0 [4200/10000 (42%)] Unweighted L_s : L_Mnfld: 0.00093,  L_NonMnfld: 0.00892,  L_Nrml: 0.00000,  L_Eknl: 0.12104, L_Morse: 1.72795

Weights: [7000.0, 600.0, 0, 50.0, 0.0, 2.7102999999999993], lr=5.000e-05
Epoch: 0 [4210/10000 (42%)] Loss: 22.78302 = L_Mnfld: 6.46580 + L_NonMnfld: 5.37121 + L_Nrml: 0.00000 + L_Eknl: 5.74248 + L_Div: 0.00000 + L_Morse: 5.20353
Epoch: 0 [4210/10000 (42%)] Unweighted L_s : L_Mnfld: 0.00092,  L_NonMnfld: 0.00895,  L_Nrml: 0.00000,  L_Eknl: 0.11485, L_Morse: 1.91991

Weights: [7000.0, 600.0, 0, 50.0, 0.0, 2.677299999999999], lr=5.000e-05
Epoch: 0 [4220/10000 (42%)] Loss: 23.36679 = L_Mnfld: 7.71968 + L_NonMnfld: 5.08909 + L_Nrml: 0.00000 + L_Eknl: 5.73742 + L_Div: 0.00000 + L_Morse: 4.82060
Epoch: 0 [4220/10000 (42%)] Unweighted L_s : L_Mnfld: 0.00110,  L_NonMnfld: 0.00848,  L_Nrml: 0.00000,  L_Eknl: 0.11475, L_Morse: 1.80054

Weights: [7000.0, 600.0, 0, 50.0, 0.0, 2.6442999999999994], lr=5.000e-05
Epoch: 0 [4230/10000 (42%)] Loss: 23.04569 = L_Mnfld: 6.89450 + L_NonMnfld: 5.42859 + L_Nrml: 0.00000 + L_Eknl: 5.72089 + L_Div: 0.00000 + L_Morse: 5.00171
Epoch: 0 [4230/10000 (42%)] Unweighted L_s : L_Mnfld: 0.00098,  L_NonMnfld: 0.00905,  L_Nrml: 0.00000,  L_Eknl: 0.11442, L_Morse: 1.89151

Weights: [7000.0, 600.0, 0, 50.0, 0.0, 2.611300000000001], lr=5.000e-05
Epoch: 0 [4240/10000 (42%)] Loss: 21.99031 = L_Mnfld: 6.11310 + L_NonMnfld: 5.22596 + L_Nrml: 0.00000 + L_Eknl: 5.74290 + L_Div: 0.00000 + L_Morse: 4.90835
Epoch: 0 [4240/10000 (42%)] Unweighted L_s : L_Mnfld: 0.00087,  L_NonMnfld: 0.00871,  L_Nrml: 0.00000,  L_Eknl: 0.11486, L_Morse: 1.87966

Weights: [7000.0, 600.0, 0, 50.0, 0.0, 2.5783000000000005], lr=5.000e-05
Epoch: 0 [4250/10000 (42%)] Loss: 21.67170 = L_Mnfld: 6.15038 + L_NonMnfld: 5.20005 + L_Nrml: 0.00000 + L_Eknl: 5.46118 + L_Div: 0.00000 + L_Morse: 4.86008
Epoch: 0 [4250/10000 (42%)] Unweighted L_s : L_Mnfld: 0.00088,  L_NonMnfld: 0.00867,  L_Nrml: 0.00000,  L_Eknl: 0.10922, L_Morse: 1.88499

Weights: [7000.0, 600.0, 0, 50.0, 0.0, 2.5453], lr=5.000e-05
Epoch: 0 [4260/10000 (43%)] Loss: 22.45182 = L_Mnfld: 5.90926 + L_NonMnfld: 6.09950 + L_Nrml: 0.00000 + L_Eknl: 5.48179 + L_Div: 0.00000 + L_Morse: 4.96127
Epoch: 0 [4260/10000 (43%)] Unweighted L_s : L_Mnfld: 0.00084,  L_NonMnfld: 0.01017,  L_Nrml: 0.00000,  L_Eknl: 0.10964, L_Morse: 1.94919

Weights: [7000.0, 600.0, 0, 50.0, 0.0, 2.5123000000000006], lr=5.000e-05
Epoch: 0 [4270/10000 (43%)] Loss: 22.01189 = L_Mnfld: 6.07609 + L_NonMnfld: 5.73391 + L_Nrml: 0.00000 + L_Eknl: 5.37321 + L_Div: 0.00000 + L_Morse: 4.82868
Epoch: 0 [4270/10000 (43%)] Unweighted L_s : L_Mnfld: 0.00087,  L_NonMnfld: 0.00956,  L_Nrml: 0.00000,  L_Eknl: 0.10746, L_Morse: 1.92202

Weights: [7000.0, 600.0, 0, 50.0, 0.0, 2.4793000000000003], lr=5.000e-05
Epoch: 0 [4280/10000 (43%)] Loss: 22.23989 = L_Mnfld: 6.17234 + L_NonMnfld: 5.69932 + L_Nrml: 0.00000 + L_Eknl: 5.24246 + L_Div: 0.00000 + L_Morse: 5.12576
Epoch: 0 [4280/10000 (43%)] Unweighted L_s : L_Mnfld: 0.00088,  L_NonMnfld: 0.00950,  L_Nrml: 0.00000,  L_Eknl: 0.10485, L_Morse: 2.06742

Weights: [7000.0, 600.0, 0, 50.0, 0.0, 2.4463], lr=5.000e-05
Epoch: 0 [4290/10000 (43%)] Loss: 23.30561 = L_Mnfld: 7.77048 + L_NonMnfld: 5.25015 + L_Nrml: 0.00000 + L_Eknl: 5.46348 + L_Div: 0.00000 + L_Morse: 4.82150
Epoch: 0 [4290/10000 (43%)] Unweighted L_s : L_Mnfld: 0.00111,  L_NonMnfld: 0.00875,  L_Nrml: 0.00000,  L_Eknl: 0.10927, L_Morse: 1.97094

Weights: [7000.0, 600.0, 0, 50.0, 0.0, 2.4133000000000004], lr=5.000e-05
Epoch: 0 [4300/10000 (43%)] Loss: 24.53590 = L_Mnfld: 8.53182 + L_NonMnfld: 5.38514 + L_Nrml: 0.00000 + L_Eknl: 6.00920 + L_Div: 0.00000 + L_Morse: 4.60974
Epoch: 0 [4300/10000 (43%)] Unweighted L_s : L_Mnfld: 0.00122,  L_NonMnfld: 0.00898,  L_Nrml: 0.00000,  L_Eknl: 0.12018, L_Morse: 1.91014

Weights: [7000.0, 600.0, 0, 50.0, 0.0, 2.3803], lr=5.000e-05
Epoch: 0 [4310/10000 (43%)] Loss: 25.17473 = L_Mnfld: 7.83291 + L_NonMnfld: 5.91514 + L_Nrml: 0.00000 + L_Eknl: 6.19747 + L_Div: 0.00000 + L_Morse: 5.22921
Epoch: 0 [4310/10000 (43%)] Unweighted L_s : L_Mnfld: 0.00112,  L_NonMnfld: 0.00986,  L_Nrml: 0.00000,  L_Eknl: 0.12395, L_Morse: 2.19687

Weights: [7000.0, 600.0, 0, 50.0, 0.0, 2.3472999999999997], lr=5.000e-05
Epoch: 0 [4320/10000 (43%)] Loss: 24.56683 = L_Mnfld: 7.34339 + L_NonMnfld: 6.80103 + L_Nrml: 0.00000 + L_Eknl: 5.58188 + L_Div: 0.00000 + L_Morse: 4.84052
Epoch: 0 [4320/10000 (43%)] Unweighted L_s : L_Mnfld: 0.00105,  L_NonMnfld: 0.01134,  L_Nrml: 0.00000,  L_Eknl: 0.11164, L_Morse: 2.06217

Weights: [7000.0, 600.0, 0, 50.0, 0.0, 2.3143000000000002], lr=5.000e-05
Epoch: 0 [4330/10000 (43%)] Loss: 22.77297 = L_Mnfld: 6.93830 + L_NonMnfld: 5.55477 + L_Nrml: 0.00000 + L_Eknl: 5.53240 + L_Div: 0.00000 + L_Morse: 4.74750
Epoch: 0 [4330/10000 (43%)] Unweighted L_s : L_Mnfld: 0.00099,  L_NonMnfld: 0.00926,  L_Nrml: 0.00000,  L_Eknl: 0.11065, L_Morse: 2.05138

Weights: [7000.0, 600.0, 0, 50.0, 0.0, 2.2813], lr=5.000e-05
Epoch: 0 [4340/10000 (43%)] Loss: 23.72058 = L_Mnfld: 8.15739 + L_NonMnfld: 5.27446 + L_Nrml: 0.00000 + L_Eknl: 5.41419 + L_Div: 0.00000 + L_Morse: 4.87454
Epoch: 0 [4340/10000 (43%)] Unweighted L_s : L_Mnfld: 0.00117,  L_NonMnfld: 0.00879,  L_Nrml: 0.00000,  L_Eknl: 0.10828, L_Morse: 2.13674

Weights: [7000.0, 600.0, 0, 50.0, 0.0, 2.2482999999999995], lr=5.000e-05
Epoch: 0 [4350/10000 (44%)] Loss: 25.25798 = L_Mnfld: 9.73353 + L_NonMnfld: 5.48494 + L_Nrml: 0.00000 + L_Eknl: 5.35036 + L_Div: 0.00000 + L_Morse: 4.68916
Epoch: 0 [4350/10000 (44%)] Unweighted L_s : L_Mnfld: 0.00139,  L_NonMnfld: 0.00914,  L_Nrml: 0.00000,  L_Eknl: 0.10701, L_Morse: 2.08565

Weights: [7000.0, 600.0, 0, 50.0, 0.0, 2.2153], lr=5.000e-05
Epoch: 0 [4360/10000 (44%)] Loss: 24.05127 = L_Mnfld: 8.60810 + L_NonMnfld: 5.82698 + L_Nrml: 0.00000 + L_Eknl: 5.24743 + L_Div: 0.00000 + L_Morse: 4.36874
Epoch: 0 [4360/10000 (44%)] Unweighted L_s : L_Mnfld: 0.00123,  L_NonMnfld: 0.00971,  L_Nrml: 0.00000,  L_Eknl: 0.10495, L_Morse: 1.97208

Weights: [7000.0, 600.0, 0, 50.0, 0.0, 2.1822999999999997], lr=5.000e-05
Epoch: 0 [4370/10000 (44%)] Loss: 23.44424 = L_Mnfld: 7.52829 + L_NonMnfld: 5.94736 + L_Nrml: 0.00000 + L_Eknl: 5.26222 + L_Div: 0.00000 + L_Morse: 4.70636
Epoch: 0 [4370/10000 (44%)] Unweighted L_s : L_Mnfld: 0.00108,  L_NonMnfld: 0.00991,  L_Nrml: 0.00000,  L_Eknl: 0.10524, L_Morse: 2.15661

Weights: [7000.0, 600.0, 0, 50.0, 0.0, 2.1492999999999993], lr=5.000e-05
Epoch: 0 [4380/10000 (44%)] Loss: 22.75444 = L_Mnfld: 7.21149 + L_NonMnfld: 6.17297 + L_Nrml: 0.00000 + L_Eknl: 5.04626 + L_Div: 0.00000 + L_Morse: 4.32372
Epoch: 0 [4380/10000 (44%)] Unweighted L_s : L_Mnfld: 0.00103,  L_NonMnfld: 0.01029,  L_Nrml: 0.00000,  L_Eknl: 0.10093, L_Morse: 2.01169

Weights: [7000.0, 600.0, 0, 50.0, 0.0, 2.1163], lr=5.000e-05
Epoch: 0 [4390/10000 (44%)] Loss: 20.68057 = L_Mnfld: 6.08784 + L_NonMnfld: 4.90639 + L_Nrml: 0.00000 + L_Eknl: 5.11631 + L_Div: 0.00000 + L_Morse: 4.57003
Epoch: 0 [4390/10000 (44%)] Unweighted L_s : L_Mnfld: 0.00087,  L_NonMnfld: 0.00818,  L_Nrml: 0.00000,  L_Eknl: 0.10233, L_Morse: 2.15944

Weights: [7000.0, 600.0, 0, 50.0, 0.0, 2.0832999999999995], lr=5.000e-05
Epoch: 0 [4400/10000 (44%)] Loss: 20.91302 = L_Mnfld: 6.21239 + L_NonMnfld: 5.31832 + L_Nrml: 0.00000 + L_Eknl: 5.08108 + L_Div: 0.00000 + L_Morse: 4.30123
Epoch: 0 [4400/10000 (44%)] Unweighted L_s : L_Mnfld: 0.00089,  L_NonMnfld: 0.00886,  L_Nrml: 0.00000,  L_Eknl: 0.10162, L_Morse: 2.06462

Weights: [7000.0, 600.0, 0, 50.0, 0.0, 2.050299999999999], lr=5.000e-05
Epoch: 0 [4410/10000 (44%)] Loss: 20.35920 = L_Mnfld: 6.22410 + L_NonMnfld: 5.17827 + L_Nrml: 0.00000 + L_Eknl: 4.94645 + L_Div: 0.00000 + L_Morse: 4.01038
Epoch: 0 [4410/10000 (44%)] Unweighted L_s : L_Mnfld: 0.00089,  L_NonMnfld: 0.00863,  L_Nrml: 0.00000,  L_Eknl: 0.09893, L_Morse: 1.95600

Weights: [7000.0, 600.0, 0, 50.0, 0.0, 2.0172999999999996], lr=5.000e-05
Epoch: 0 [4420/10000 (44%)] Loss: 21.94724 = L_Mnfld: 6.78667 + L_NonMnfld: 5.98637 + L_Nrml: 0.00000 + L_Eknl: 4.89823 + L_Div: 0.00000 + L_Morse: 4.27597
Epoch: 0 [4420/10000 (44%)] Unweighted L_s : L_Mnfld: 0.00097,  L_NonMnfld: 0.00998,  L_Nrml: 0.00000,  L_Eknl: 0.09796, L_Morse: 2.11965

Weights: [7000.0, 600.0, 0, 50.0, 0.0, 1.9842999999999993], lr=5.000e-05
Epoch: 0 [4430/10000 (44%)] Loss: 20.92105 = L_Mnfld: 6.33411 + L_NonMnfld: 5.49637 + L_Nrml: 0.00000 + L_Eknl: 4.87059 + L_Div: 0.00000 + L_Morse: 4.21998
Epoch: 0 [4430/10000 (44%)] Unweighted L_s : L_Mnfld: 0.00090,  L_NonMnfld: 0.00916,  L_Nrml: 0.00000,  L_Eknl: 0.09741, L_Morse: 2.12668

Weights: [7000.0, 600.0, 0, 50.0, 0.0, 1.9512999999999998], lr=5.000e-05
Epoch: 0 [4440/10000 (44%)] Loss: 21.96940 = L_Mnfld: 7.21748 + L_NonMnfld: 5.51568 + L_Nrml: 0.00000 + L_Eknl: 4.88367 + L_Div: 0.00000 + L_Morse: 4.35257
Epoch: 0 [4440/10000 (44%)] Unweighted L_s : L_Mnfld: 0.00103,  L_NonMnfld: 0.00919,  L_Nrml: 0.00000,  L_Eknl: 0.09767, L_Morse: 2.23060

Weights: [7000.0, 600.0, 0, 50.0, 0.0, 1.9182999999999986], lr=5.000e-05
Epoch: 0 [4450/10000 (44%)] Loss: 21.00129 = L_Mnfld: 6.44805 + L_NonMnfld: 5.60977 + L_Nrml: 0.00000 + L_Eknl: 4.86259 + L_Div: 0.00000 + L_Morse: 4.08088
Epoch: 0 [4450/10000 (44%)] Unweighted L_s : L_Mnfld: 0.00092,  L_NonMnfld: 0.00935,  L_Nrml: 0.00000,  L_Eknl: 0.09725, L_Morse: 2.12734

Weights: [7000.0, 600.0, 0, 50.0, 0.0, 1.885299999999999], lr=5.000e-05
Epoch: 0 [4460/10000 (45%)] Loss: 20.03358 = L_Mnfld: 5.77932 + L_NonMnfld: 5.26253 + L_Nrml: 0.00000 + L_Eknl: 4.64481 + L_Div: 0.00000 + L_Morse: 4.34691
Epoch: 0 [4460/10000 (45%)] Unweighted L_s : L_Mnfld: 0.00083,  L_NonMnfld: 0.00877,  L_Nrml: 0.00000,  L_Eknl: 0.09290, L_Morse: 2.30569

Weights: [7000.0, 600.0, 0, 50.0, 0.0, 1.8522999999999996], lr=5.000e-05
Epoch: 0 [4470/10000 (45%)] Loss: 20.83242 = L_Mnfld: 5.70129 + L_NonMnfld: 6.34628 + L_Nrml: 0.00000 + L_Eknl: 4.62281 + L_Div: 0.00000 + L_Morse: 4.16203
Epoch: 0 [4470/10000 (45%)] Unweighted L_s : L_Mnfld: 0.00081,  L_NonMnfld: 0.01058,  L_Nrml: 0.00000,  L_Eknl: 0.09246, L_Morse: 2.24695

Weights: [7000.0, 600.0, 0, 50.0, 0.0, 1.8192999999999984], lr=5.000e-05
Epoch: 0 [4480/10000 (45%)] Loss: 20.54607 = L_Mnfld: 7.04375 + L_NonMnfld: 4.96505 + L_Nrml: 0.00000 + L_Eknl: 4.63418 + L_Div: 0.00000 + L_Morse: 3.90310
Epoch: 0 [4480/10000 (45%)] Unweighted L_s : L_Mnfld: 0.00101,  L_NonMnfld: 0.00828,  L_Nrml: 0.00000,  L_Eknl: 0.09268, L_Morse: 2.14538

Weights: [7000.0, 600.0, 0, 50.0, 0.0, 1.7862999999999989], lr=5.000e-05
Epoch: 0 [4490/10000 (45%)] Loss: 20.20918 = L_Mnfld: 6.37530 + L_NonMnfld: 5.25717 + L_Nrml: 0.00000 + L_Eknl: 4.68879 + L_Div: 0.00000 + L_Morse: 3.88793
Epoch: 0 [4490/10000 (45%)] Unweighted L_s : L_Mnfld: 0.00091,  L_NonMnfld: 0.00876,  L_Nrml: 0.00000,  L_Eknl: 0.09378, L_Morse: 2.17652

Weights: [7000.0, 600.0, 0, 50.0, 0.0, 1.7532999999999994], lr=5.000e-05
Epoch: 0 [4500/10000 (45%)] Loss: 19.81532 = L_Mnfld: 6.27953 + L_NonMnfld: 4.86496 + L_Nrml: 0.00000 + L_Eknl: 4.73211 + L_Div: 0.00000 + L_Morse: 3.93871
Epoch: 0 [4500/10000 (45%)] Unweighted L_s : L_Mnfld: 0.00090,  L_NonMnfld: 0.00811,  L_Nrml: 0.00000,  L_Eknl: 0.09464, L_Morse: 2.24646

Weights: [7000.0, 600.0, 0, 50.0, 0.0, 1.7202999999999982], lr=5.000e-05
Epoch: 0 [4510/10000 (45%)] Loss: 22.55883 = L_Mnfld: 8.41695 + L_NonMnfld: 5.54731 + L_Nrml: 0.00000 + L_Eknl: 4.82526 + L_Div: 0.00000 + L_Morse: 3.76932
Epoch: 0 [4510/10000 (45%)] Unweighted L_s : L_Mnfld: 0.00120,  L_NonMnfld: 0.00925,  L_Nrml: 0.00000,  L_Eknl: 0.09651, L_Morse: 2.19108

Weights: [7000.0, 600.0, 0, 50.0, 0.0, 1.6872999999999987], lr=5.000e-05
Epoch: 0 [4520/10000 (45%)] Loss: 23.79927 = L_Mnfld: 8.54871 + L_NonMnfld: 5.51967 + L_Nrml: 0.00000 + L_Eknl: 5.95354 + L_Div: 0.00000 + L_Morse: 3.77735
Epoch: 0 [4520/10000 (45%)] Unweighted L_s : L_Mnfld: 0.00122,  L_NonMnfld: 0.00920,  L_Nrml: 0.00000,  L_Eknl: 0.11907, L_Morse: 2.23870

Weights: [7000.0, 600.0, 0, 50.0, 0.0, 1.6542999999999992], lr=5.000e-05
Epoch: 0 [4530/10000 (45%)] Loss: 36.55458 = L_Mnfld: 19.28197 + L_NonMnfld: 5.13940 + L_Nrml: 0.00000 + L_Eknl: 7.70920 + L_Div: 0.00000 + L_Morse: 4.42402
Epoch: 0 [4530/10000 (45%)] Unweighted L_s : L_Mnfld: 0.00275,  L_NonMnfld: 0.00857,  L_Nrml: 0.00000,  L_Eknl: 0.15418, L_Morse: 2.67425

Weights: [7000.0, 600.0, 0, 50.0, 0.0, 1.621299999999998], lr=5.000e-05
Epoch: 0 [4540/10000 (45%)] Loss: 50.20325 = L_Mnfld: 30.32408 + L_NonMnfld: 5.78349 + L_Nrml: 0.00000 + L_Eknl: 9.24297 + L_Div: 0.00000 + L_Morse: 4.85271
Epoch: 0 [4540/10000 (45%)] Unweighted L_s : L_Mnfld: 0.00433,  L_NonMnfld: 0.00964,  L_Nrml: 0.00000,  L_Eknl: 0.18486, L_Morse: 2.99310

Weights: [7000.0, 600.0, 0, 50.0, 0.0, 1.5882999999999985], lr=5.000e-05
Epoch: 0 [4550/10000 (46%)] Loss: 47.89226 = L_Mnfld: 27.79078 + L_NonMnfld: 5.59344 + L_Nrml: 0.00000 + L_Eknl: 9.42945 + L_Div: 0.00000 + L_Morse: 5.07858
Epoch: 0 [4550/10000 (46%)] Unweighted L_s : L_Mnfld: 0.00397,  L_NonMnfld: 0.00932,  L_Nrml: 0.00000,  L_Eknl: 0.18859, L_Morse: 3.19749

Weights: [7000.0, 600.0, 0, 50.0, 0.0, 1.555299999999999], lr=5.000e-05
Epoch: 0 [4560/10000 (46%)] Loss: 50.38684 = L_Mnfld: 30.88812 + L_NonMnfld: 5.50844 + L_Nrml: 0.00000 + L_Eknl: 8.71619 + L_Div: 0.00000 + L_Morse: 5.27409
Epoch: 0 [4560/10000 (46%)] Unweighted L_s : L_Mnfld: 0.00441,  L_NonMnfld: 0.00918,  L_Nrml: 0.00000,  L_Eknl: 0.17432, L_Morse: 3.39104

Weights: [7000.0, 600.0, 0, 50.0, 0.0, 1.5223000000000013], lr=5.000e-05
Epoch: 0 [4570/10000 (46%)] Loss: 53.64857 = L_Mnfld: 34.47313 + L_NonMnfld: 5.68880 + L_Nrml: 0.00000 + L_Eknl: 8.56785 + L_Div: 0.00000 + L_Morse: 4.91880
Epoch: 0 [4570/10000 (46%)] Unweighted L_s : L_Mnfld: 0.00492,  L_NonMnfld: 0.00948,  L_Nrml: 0.00000,  L_Eknl: 0.17136, L_Morse: 3.23116

Weights: [7000.0, 600.0, 0, 50.0, 0.0, 1.4893000000000018], lr=5.000e-05
Epoch: 0 [4580/10000 (46%)] Loss: 38.69767 = L_Mnfld: 20.27955 + L_NonMnfld: 5.36050 + L_Nrml: 0.00000 + L_Eknl: 8.49551 + L_Div: 0.00000 + L_Morse: 4.56212
Epoch: 0 [4580/10000 (46%)] Unweighted L_s : L_Mnfld: 0.00290,  L_NonMnfld: 0.00893,  L_Nrml: 0.00000,  L_Eknl: 0.16991, L_Morse: 3.06327

Weights: [7000.0, 600.0, 0, 50.0, 0.0, 1.4563000000000006], lr=5.000e-05
Epoch: 0 [4590/10000 (46%)] Loss: 37.92521 = L_Mnfld: 20.12516 + L_NonMnfld: 5.64703 + L_Nrml: 0.00000 + L_Eknl: 7.71662 + L_Div: 0.00000 + L_Morse: 4.43641
Epoch: 0 [4590/10000 (46%)] Unweighted L_s : L_Mnfld: 0.00288,  L_NonMnfld: 0.00941,  L_Nrml: 0.00000,  L_Eknl: 0.15433, L_Morse: 3.04635

Weights: [7000.0, 600.0, 0, 50.0, 0.0, 1.4233000000000011], lr=5.000e-05
Epoch: 0 [4600/10000 (46%)] Loss: 35.46543 = L_Mnfld: 17.19609 + L_NonMnfld: 5.42915 + L_Nrml: 0.00000 + L_Eknl: 8.04852 + L_Div: 0.00000 + L_Morse: 4.79166
Epoch: 0 [4600/10000 (46%)] Unweighted L_s : L_Mnfld: 0.00246,  L_NonMnfld: 0.00905,  L_Nrml: 0.00000,  L_Eknl: 0.16097, L_Morse: 3.36658

Weights: [7000.0, 600.0, 0, 50.0, 0.0, 1.3903000000000016], lr=5.000e-05
Epoch: 0 [4610/10000 (46%)] Loss: 33.16875 = L_Mnfld: 15.56016 + L_NonMnfld: 5.90894 + L_Nrml: 0.00000 + L_Eknl: 7.44097 + L_Div: 0.00000 + L_Morse: 4.25869
Epoch: 0 [4610/10000 (46%)] Unweighted L_s : L_Mnfld: 0.00222,  L_NonMnfld: 0.00985,  L_Nrml: 0.00000,  L_Eknl: 0.14882, L_Morse: 3.06314

Weights: [7000.0, 600.0, 0, 50.0, 0.0, 1.3573000000000004], lr=5.000e-05
Epoch: 0 [4620/10000 (46%)] Loss: 31.84520 = L_Mnfld: 15.74801 + L_NonMnfld: 5.64542 + L_Nrml: 0.00000 + L_Eknl: 6.58024 + L_Div: 0.00000 + L_Morse: 3.87152
Epoch: 0 [4620/10000 (46%)] Unweighted L_s : L_Mnfld: 0.00225,  L_NonMnfld: 0.00941,  L_Nrml: 0.00000,  L_Eknl: 0.13160, L_Morse: 2.85237

Weights: [7000.0, 600.0, 0, 50.0, 0.0, 1.324300000000001], lr=5.000e-05
Epoch: 0 [4630/10000 (46%)] Loss: 27.87198 = L_Mnfld: 12.47351 + L_NonMnfld: 5.70268 + L_Nrml: 0.00000 + L_Eknl: 6.07910 + L_Div: 0.00000 + L_Morse: 3.61669
Epoch: 0 [4630/10000 (46%)] Unweighted L_s : L_Mnfld: 0.00178,  L_NonMnfld: 0.00950,  L_Nrml: 0.00000,  L_Eknl: 0.12158, L_Morse: 2.73102

Weights: [7000.0, 600.0, 0, 50.0, 0.0, 1.2913000000000014], lr=5.000e-05
Epoch: 0 [4640/10000 (46%)] Loss: 22.36718 = L_Mnfld: 8.21981 + L_NonMnfld: 5.13919 + L_Nrml: 0.00000 + L_Eknl: 5.51376 + L_Div: 0.00000 + L_Morse: 3.49442
Epoch: 0 [4640/10000 (46%)] Unweighted L_s : L_Mnfld: 0.00117,  L_NonMnfld: 0.00857,  L_Nrml: 0.00000,  L_Eknl: 0.11028, L_Morse: 2.70612

Weights: [7000.0, 600.0, 0, 50.0, 0.0, 1.2583000000000002], lr=5.000e-05
Epoch: 0 [4650/10000 (46%)] Loss: 20.67531 = L_Mnfld: 7.10623 + L_NonMnfld: 5.18937 + L_Nrml: 0.00000 + L_Eknl: 5.15608 + L_Div: 0.00000 + L_Morse: 3.22362
Epoch: 0 [4650/10000 (46%)] Unweighted L_s : L_Mnfld: 0.00102,  L_NonMnfld: 0.00865,  L_Nrml: 0.00000,  L_Eknl: 0.10312, L_Morse: 2.56189

Weights: [7000.0, 600.0, 0, 50.0, 0.0, 1.2253000000000007], lr=5.000e-05
Epoch: 0 [4660/10000 (47%)] Loss: 21.67417 = L_Mnfld: 8.68942 + L_NonMnfld: 4.84720 + L_Nrml: 0.00000 + L_Eknl: 4.91139 + L_Div: 0.00000 + L_Morse: 3.22616
Epoch: 0 [4660/10000 (47%)] Unweighted L_s : L_Mnfld: 0.00124,  L_NonMnfld: 0.00808,  L_Nrml: 0.00000,  L_Eknl: 0.09823, L_Morse: 2.63295

Weights: [7000.0, 600.0, 0, 50.0, 0.0, 1.1923000000000012], lr=5.000e-05
Epoch: 0 [4670/10000 (47%)] Loss: 19.23690 = L_Mnfld: 5.84099 + L_NonMnfld: 5.69100 + L_Nrml: 0.00000 + L_Eknl: 4.70067 + L_Div: 0.00000 + L_Morse: 3.00423
Epoch: 0 [4670/10000 (47%)] Unweighted L_s : L_Mnfld: 0.00083,  L_NonMnfld: 0.00949,  L_Nrml: 0.00000,  L_Eknl: 0.09401, L_Morse: 2.51970

Weights: [7000.0, 600.0, 0, 50.0, 0.0, 1.1593], lr=5.000e-05
Epoch: 0 [4680/10000 (47%)] Loss: 19.06496 = L_Mnfld: 6.44057 + L_NonMnfld: 5.01850 + L_Nrml: 0.00000 + L_Eknl: 4.56256 + L_Div: 0.00000 + L_Morse: 3.04334
Epoch: 0 [4680/10000 (47%)] Unweighted L_s : L_Mnfld: 0.00092,  L_NonMnfld: 0.00836,  L_Nrml: 0.00000,  L_Eknl: 0.09125, L_Morse: 2.62515

Weights: [7000.0, 600.0, 0, 50.0, 0.0, 1.1263000000000005], lr=5.000e-05
Epoch: 0 [4690/10000 (47%)] Loss: 18.58283 = L_Mnfld: 5.72511 + L_NonMnfld: 5.37710 + L_Nrml: 0.00000 + L_Eknl: 4.47888 + L_Div: 0.00000 + L_Morse: 3.00175
Epoch: 0 [4690/10000 (47%)] Unweighted L_s : L_Mnfld: 0.00082,  L_NonMnfld: 0.00896,  L_Nrml: 0.00000,  L_Eknl: 0.08958, L_Morse: 2.66514

Weights: [7000.0, 600.0, 0, 50.0, 0.0, 1.093300000000001], lr=5.000e-05
Epoch: 0 [4700/10000 (47%)] Loss: 19.13855 = L_Mnfld: 6.26958 + L_NonMnfld: 5.63682 + L_Nrml: 0.00000 + L_Eknl: 4.36379 + L_Div: 0.00000 + L_Morse: 2.86836
Epoch: 0 [4700/10000 (47%)] Unweighted L_s : L_Mnfld: 0.00090,  L_NonMnfld: 0.00939,  L_Nrml: 0.00000,  L_Eknl: 0.08728, L_Morse: 2.62358

Weights: [7000.0, 600.0, 0, 50.0, 0.0, 1.0602999999999998], lr=5.000e-05
Epoch: 0 [4710/10000 (47%)] Loss: 18.42948 = L_Mnfld: 5.64478 + L_NonMnfld: 5.17463 + L_Nrml: 0.00000 + L_Eknl: 4.79277 + L_Div: 0.00000 + L_Morse: 2.81730
Epoch: 0 [4710/10000 (47%)] Unweighted L_s : L_Mnfld: 0.00081,  L_NonMnfld: 0.00862,  L_Nrml: 0.00000,  L_Eknl: 0.09586, L_Morse: 2.65708

Weights: [7000.0, 600.0, 0, 50.0, 0.0, 1.0273000000000003], lr=5.000e-05
Epoch: 0 [4720/10000 (47%)] Loss: 17.58862 = L_Mnfld: 5.09590 + L_NonMnfld: 5.47219 + L_Nrml: 0.00000 + L_Eknl: 4.27545 + L_Div: 0.00000 + L_Morse: 2.74508
Epoch: 0 [4720/10000 (47%)] Unweighted L_s : L_Mnfld: 0.00073,  L_NonMnfld: 0.00912,  L_Nrml: 0.00000,  L_Eknl: 0.08551, L_Morse: 2.67213

Weights: [7000.0, 600.0, 0, 50.0, 0.0, 0.9943000000000008], lr=5.000e-05
Epoch: 0 [4730/10000 (47%)] Loss: 17.58665 = L_Mnfld: 5.54899 + L_NonMnfld: 5.18903 + L_Nrml: 0.00000 + L_Eknl: 4.10100 + L_Div: 0.00000 + L_Morse: 2.74764
Epoch: 0 [4730/10000 (47%)] Unweighted L_s : L_Mnfld: 0.00079,  L_NonMnfld: 0.00865,  L_Nrml: 0.00000,  L_Eknl: 0.08202, L_Morse: 2.76339

Weights: [7000.0, 600.0, 0, 50.0, 0.0, 0.9612999999999996], lr=5.000e-05
Epoch: 0 [4740/10000 (47%)] Loss: 17.59572 = L_Mnfld: 5.29167 + L_NonMnfld: 5.51372 + L_Nrml: 0.00000 + L_Eknl: 4.23919 + L_Div: 0.00000 + L_Morse: 2.55114
Epoch: 0 [4740/10000 (47%)] Unweighted L_s : L_Mnfld: 0.00076,  L_NonMnfld: 0.00919,  L_Nrml: 0.00000,  L_Eknl: 0.08478, L_Morse: 2.65384

Weights: [7000.0, 600.0, 0, 50.0, 0.0, 0.9283000000000001], lr=5.000e-05
Epoch: 0 [4750/10000 (48%)] Loss: 16.32917 = L_Mnfld: 5.05483 + L_NonMnfld: 4.62599 + L_Nrml: 0.00000 + L_Eknl: 4.10247 + L_Div: 0.00000 + L_Morse: 2.54587
Epoch: 0 [4750/10000 (48%)] Unweighted L_s : L_Mnfld: 0.00072,  L_NonMnfld: 0.00771,  L_Nrml: 0.00000,  L_Eknl: 0.08205, L_Morse: 2.74251

Weights: [7000.0, 600.0, 0, 50.0, 0.0, 0.8953000000000007], lr=5.000e-05
Epoch: 0 [4760/10000 (48%)] Loss: 17.81793 = L_Mnfld: 5.53387 + L_NonMnfld: 5.79745 + L_Nrml: 0.00000 + L_Eknl: 4.05921 + L_Div: 0.00000 + L_Morse: 2.42741
Epoch: 0 [4760/10000 (48%)] Unweighted L_s : L_Mnfld: 0.00079,  L_NonMnfld: 0.00966,  L_Nrml: 0.00000,  L_Eknl: 0.08118, L_Morse: 2.71128

Weights: [7000.0, 600.0, 0, 50.0, 0.0, 0.8622999999999994], lr=5.000e-05
Epoch: 0 [4770/10000 (48%)] Loss: 17.13229 = L_Mnfld: 4.91752 + L_NonMnfld: 5.72426 + L_Nrml: 0.00000 + L_Eknl: 4.07351 + L_Div: 0.00000 + L_Morse: 2.41701
Epoch: 0 [4770/10000 (48%)] Unweighted L_s : L_Mnfld: 0.00070,  L_NonMnfld: 0.00954,  L_Nrml: 0.00000,  L_Eknl: 0.08147, L_Morse: 2.80298

Weights: [7000.0, 600.0, 0, 50.0, 0.0, 0.8292999999999999], lr=5.000e-05
Epoch: 0 [4780/10000 (48%)] Loss: 17.09427 = L_Mnfld: 5.37758 + L_NonMnfld: 5.51538 + L_Nrml: 0.00000 + L_Eknl: 3.93693 + L_Div: 0.00000 + L_Morse: 2.26437
Epoch: 0 [4780/10000 (48%)] Unweighted L_s : L_Mnfld: 0.00077,  L_NonMnfld: 0.00919,  L_Nrml: 0.00000,  L_Eknl: 0.07874, L_Morse: 2.73046

Weights: [7000.0, 600.0, 0, 50.0, 0.0, 0.7963000000000005], lr=5.000e-05
Epoch: 0 [4790/10000 (48%)] Loss: 16.23066 = L_Mnfld: 4.81125 + L_NonMnfld: 5.42247 + L_Nrml: 0.00000 + L_Eknl: 3.84104 + L_Div: 0.00000 + L_Morse: 2.15591
Epoch: 0 [4790/10000 (48%)] Unweighted L_s : L_Mnfld: 0.00069,  L_NonMnfld: 0.00904,  L_Nrml: 0.00000,  L_Eknl: 0.07682, L_Morse: 2.70740

Weights: [7000.0, 600.0, 0, 50.0, 0.0, 0.7632999999999992], lr=5.000e-05
Epoch: 0 [4800/10000 (48%)] Loss: 17.07592 = L_Mnfld: 5.65421 + L_NonMnfld: 5.33303 + L_Nrml: 0.00000 + L_Eknl: 3.96787 + L_Div: 0.00000 + L_Morse: 2.12081
Epoch: 0 [4800/10000 (48%)] Unweighted L_s : L_Mnfld: 0.00081,  L_NonMnfld: 0.00889,  L_Nrml: 0.00000,  L_Eknl: 0.07936, L_Morse: 2.77848

Weights: [7000.0, 600.0, 0, 50.0, 0.0, 0.7302999999999997], lr=5.000e-05
Epoch: 0 [4810/10000 (48%)] Loss: 16.01597 = L_Mnfld: 4.85429 + L_NonMnfld: 5.27493 + L_Nrml: 0.00000 + L_Eknl: 3.80726 + L_Div: 0.00000 + L_Morse: 2.07949
Epoch: 0 [4810/10000 (48%)] Unweighted L_s : L_Mnfld: 0.00069,  L_NonMnfld: 0.00879,  L_Nrml: 0.00000,  L_Eknl: 0.07615, L_Morse: 2.84744

Weights: [7000.0, 600.0, 0, 50.0, 0.0, 0.6973000000000003], lr=5.000e-05
Epoch: 0 [4820/10000 (48%)] Loss: 16.32431 = L_Mnfld: 5.36147 + L_NonMnfld: 5.15222 + L_Nrml: 0.00000 + L_Eknl: 3.90532 + L_Div: 0.00000 + L_Morse: 1.90529
Epoch: 0 [4820/10000 (48%)] Unweighted L_s : L_Mnfld: 0.00077,  L_NonMnfld: 0.00859,  L_Nrml: 0.00000,  L_Eknl: 0.07811, L_Morse: 2.73238

Weights: [7000.0, 600.0, 0, 50.0, 0.0, 0.664299999999999], lr=5.000e-05
Epoch: 0 [4830/10000 (48%)] Loss: 15.22322 = L_Mnfld: 4.63326 + L_NonMnfld: 5.01557 + L_Nrml: 0.00000 + L_Eknl: 3.67861 + L_Div: 0.00000 + L_Morse: 1.89578
Epoch: 0 [4830/10000 (48%)] Unweighted L_s : L_Mnfld: 0.00066,  L_NonMnfld: 0.00836,  L_Nrml: 0.00000,  L_Eknl: 0.07357, L_Morse: 2.85380

Weights: [7000.0, 600.0, 0, 50.0, 0.0, 0.6312999999999995], lr=5.000e-05
Epoch: 0 [4840/10000 (48%)] Loss: 14.86591 = L_Mnfld: 4.88929 + L_NonMnfld: 4.43379 + L_Nrml: 0.00000 + L_Eknl: 3.74755 + L_Div: 0.00000 + L_Morse: 1.79528
Epoch: 0 [4840/10000 (48%)] Unweighted L_s : L_Mnfld: 0.00070,  L_NonMnfld: 0.00739,  L_Nrml: 0.00000,  L_Eknl: 0.07495, L_Morse: 2.84378

Weights: [7000.0, 600.0, 0, 50.0, 0.0, 0.5983], lr=5.000e-05
Epoch: 0 [4850/10000 (48%)] Loss: 14.45942 = L_Mnfld: 4.62636 + L_NonMnfld: 4.48658 + L_Nrml: 0.00000 + L_Eknl: 3.66199 + L_Div: 0.00000 + L_Morse: 1.68449
Epoch: 0 [4850/10000 (48%)] Unweighted L_s : L_Mnfld: 0.00066,  L_NonMnfld: 0.00748,  L_Nrml: 0.00000,  L_Eknl: 0.07324, L_Morse: 2.81546

Weights: [7000.0, 600.0, 0, 50.0, 0.0, 0.5652999999999988], lr=5.000e-05
Epoch: 0 [4860/10000 (49%)] Loss: 15.38710 = L_Mnfld: 4.87608 + L_NonMnfld: 5.18560 + L_Nrml: 0.00000 + L_Eknl: 3.71220 + L_Div: 0.00000 + L_Morse: 1.61322
Epoch: 0 [4860/10000 (49%)] Unweighted L_s : L_Mnfld: 0.00070,  L_NonMnfld: 0.00864,  L_Nrml: 0.00000,  L_Eknl: 0.07424, L_Morse: 2.85374

Weights: [7000.0, 600.0, 0, 50.0, 0.0, 0.5322999999999993], lr=5.000e-05
Epoch: 0 [4870/10000 (49%)] Loss: 15.75832 = L_Mnfld: 4.92408 + L_NonMnfld: 5.63312 + L_Nrml: 0.00000 + L_Eknl: 3.59234 + L_Div: 0.00000 + L_Morse: 1.60878
Epoch: 0 [4870/10000 (49%)] Unweighted L_s : L_Mnfld: 0.00070,  L_NonMnfld: 0.00939,  L_Nrml: 0.00000,  L_Eknl: 0.07185, L_Morse: 3.02232

Weights: [7000.0, 600.0, 0, 50.0, 0.0, 0.49929999999999986], lr=5.000e-05
Epoch: 0 [4880/10000 (49%)] Loss: 15.43552 = L_Mnfld: 5.10187 + L_NonMnfld: 5.32607 + L_Nrml: 0.00000 + L_Eknl: 3.50541 + L_Div: 0.00000 + L_Morse: 1.50216
Epoch: 0 [4880/10000 (49%)] Unweighted L_s : L_Mnfld: 0.00073,  L_NonMnfld: 0.00888,  L_Nrml: 0.00000,  L_Eknl: 0.07011, L_Morse: 3.00853

Weights: [7000.0, 600.0, 0, 50.0, 0.0, 0.4662999999999986], lr=5.000e-05
Epoch: 0 [4890/10000 (49%)] Loss: 14.67221 = L_Mnfld: 4.34388 + L_NonMnfld: 5.48622 + L_Nrml: 0.00000 + L_Eknl: 3.53565 + L_Div: 0.00000 + L_Morse: 1.30645
Epoch: 0 [4890/10000 (49%)] Unweighted L_s : L_Mnfld: 0.00062,  L_NonMnfld: 0.00914,  L_Nrml: 0.00000,  L_Eknl: 0.07071, L_Morse: 2.80174

Weights: [7000.0, 600.0, 0, 50.0, 0.0, 0.43329999999999913], lr=5.000e-05
Epoch: 0 [4900/10000 (49%)] Loss: 15.07935 = L_Mnfld: 5.40328 + L_NonMnfld: 4.73029 + L_Nrml: 0.00000 + L_Eknl: 3.57236 + L_Div: 0.00000 + L_Morse: 1.37341
Epoch: 0 [4900/10000 (49%)] Unweighted L_s : L_Mnfld: 0.00077,  L_NonMnfld: 0.00788,  L_Nrml: 0.00000,  L_Eknl: 0.07145, L_Morse: 3.16965

Weights: [7000.0, 600.0, 0, 50.0, 0.0, 0.40029999999999966], lr=5.000e-05
Epoch: 0 [4910/10000 (49%)] Loss: 14.83482 = L_Mnfld: 4.51634 + L_NonMnfld: 5.66538 + L_Nrml: 0.00000 + L_Eknl: 3.37981 + L_Div: 0.00000 + L_Morse: 1.27329
Epoch: 0 [4910/10000 (49%)] Unweighted L_s : L_Mnfld: 0.00065,  L_NonMnfld: 0.00944,  L_Nrml: 0.00000,  L_Eknl: 0.06760, L_Morse: 3.18083

Weights: [7000.0, 600.0, 0, 50.0, 0.0, 0.3672999999999984], lr=5.000e-05
Epoch: 0 [4920/10000 (49%)] Loss: 15.04967 = L_Mnfld: 5.18001 + L_NonMnfld: 5.22302 + L_Nrml: 0.00000 + L_Eknl: 3.50467 + L_Div: 0.00000 + L_Morse: 1.14198
Epoch: 0 [4920/10000 (49%)] Unweighted L_s : L_Mnfld: 0.00074,  L_NonMnfld: 0.00871,  L_Nrml: 0.00000,  L_Eknl: 0.07009, L_Morse: 3.10912

Weights: [7000.0, 600.0, 0, 50.0, 0.0, 0.33429999999999893], lr=5.000e-05
Epoch: 0 [4930/10000 (49%)] Loss: 15.16761 = L_Mnfld: 4.98819 + L_NonMnfld: 5.61109 + L_Nrml: 0.00000 + L_Eknl: 3.50056 + L_Div: 0.00000 + L_Morse: 1.06777
Epoch: 0 [4930/10000 (49%)] Unweighted L_s : L_Mnfld: 0.00071,  L_NonMnfld: 0.00935,  L_Nrml: 0.00000,  L_Eknl: 0.07001, L_Morse: 3.19404

Weights: [7000.0, 600.0, 0, 50.0, 0.0, 0.30129999999999946], lr=5.000e-05
Epoch: 0 [4940/10000 (49%)] Loss: 14.85946 = L_Mnfld: 5.16460 + L_NonMnfld: 5.25083 + L_Nrml: 0.00000 + L_Eknl: 3.49982 + L_Div: 0.00000 + L_Morse: 0.94422
Epoch: 0 [4940/10000 (49%)] Unweighted L_s : L_Mnfld: 0.00074,  L_NonMnfld: 0.00875,  L_Nrml: 0.00000,  L_Eknl: 0.07000, L_Morse: 3.13381

Weights: [7000.0, 600.0, 0, 50.0, 0.0, 0.2682999999999982], lr=5.000e-05
Epoch: 0 [4950/10000 (50%)] Loss: 14.49828 = L_Mnfld: 4.68072 + L_NonMnfld: 5.46650 + L_Nrml: 0.00000 + L_Eknl: 3.54589 + L_Div: 0.00000 + L_Morse: 0.80518
Epoch: 0 [4950/10000 (50%)] Unweighted L_s : L_Mnfld: 0.00067,  L_NonMnfld: 0.00911,  L_Nrml: 0.00000,  L_Eknl: 0.07092, L_Morse: 3.00104

Weights: [7000.0, 600.0, 0, 50.0, 0.0, 0.2353000000000005], lr=5.000e-05
Epoch: 0 [4960/10000 (50%)] Loss: 15.27668 = L_Mnfld: 5.51313 + L_NonMnfld: 5.57704 + L_Nrml: 0.00000 + L_Eknl: 3.42089 + L_Div: 0.00000 + L_Morse: 0.76562
Epoch: 0 [4960/10000 (50%)] Unweighted L_s : L_Mnfld: 0.00079,  L_NonMnfld: 0.00930,  L_Nrml: 0.00000,  L_Eknl: 0.06842, L_Morse: 3.25380

Weights: [7000.0, 600.0, 0, 50.0, 0.0, 0.20229999999999926], lr=5.000e-05
Epoch: 0 [4970/10000 (50%)] Loss: 14.52261 = L_Mnfld: 4.67086 + L_NonMnfld: 5.71529 + L_Nrml: 0.00000 + L_Eknl: 3.46844 + L_Div: 0.00000 + L_Morse: 0.66802
Epoch: 0 [4970/10000 (50%)] Unweighted L_s : L_Mnfld: 0.00067,  L_NonMnfld: 0.00953,  L_Nrml: 0.00000,  L_Eknl: 0.06937, L_Morse: 3.30214

Weights: [7000.0, 600.0, 0, 50.0, 0.0, 0.16929999999999978], lr=5.000e-05
Epoch: 0 [4980/10000 (50%)] Loss: 14.54841 = L_Mnfld: 5.40982 + L_NonMnfld: 5.31475 + L_Nrml: 0.00000 + L_Eknl: 3.28200 + L_Div: 0.00000 + L_Morse: 0.54183
Epoch: 0 [4980/10000 (50%)] Unweighted L_s : L_Mnfld: 0.00077,  L_NonMnfld: 0.00886,  L_Nrml: 0.00000,  L_Eknl: 0.06564, L_Morse: 3.20043

Weights: [7000.0, 600.0, 0, 50.0, 0.0, 0.1363000000000003], lr=5.000e-05
Epoch: 0 [4990/10000 (50%)] Loss: 14.36271 = L_Mnfld: 4.62622 + L_NonMnfld: 5.79633 + L_Nrml: 0.00000 + L_Eknl: 3.47936 + L_Div: 0.00000 + L_Morse: 0.46080
Epoch: 0 [4990/10000 (50%)] Unweighted L_s : L_Mnfld: 0.00066,  L_NonMnfld: 0.00966,  L_Nrml: 0.00000,  L_Eknl: 0.06959, L_Morse: 3.38079

Weights: [7000.0, 600.0, 0, 50.0, 0.0, 0.10329999999999906], lr=5.000e-05
Epoch: 0 [5000/10000 (50%)] Loss: 13.97915 = L_Mnfld: 5.30122 + L_NonMnfld: 5.05294 + L_Nrml: 0.00000 + L_Eknl: 3.28035 + L_Div: 0.00000 + L_Morse: 0.34463
Epoch: 0 [5000/10000 (50%)] Unweighted L_s : L_Mnfld: 0.00076,  L_NonMnfld: 0.00842,  L_Nrml: 0.00000,  L_Eknl: 0.06561, L_Morse: 3.33620

Weights: [7000.0, 600.0, 0, 50.0, 0.0, 0.1], lr=5.000e-05
Epoch: 0 [5010/10000 (50%)] Loss: 14.05817 = L_Mnfld: 4.70336 + L_NonMnfld: 5.73840 + L_Nrml: 0.00000 + L_Eknl: 3.25605 + L_Div: 0.00000 + L_Morse: 0.36035
Epoch: 0 [5010/10000 (50%)] Unweighted L_s : L_Mnfld: 0.00067,  L_NonMnfld: 0.00956,  L_Nrml: 0.00000,  L_Eknl: 0.06512, L_Morse: 3.60351

Weights: [7000.0, 600.0, 0, 50.0, 0.0, 0.1], lr=5.000e-05
Epoch: 0 [5020/10000 (50%)] Loss: 14.00406 = L_Mnfld: 5.51676 + L_NonMnfld: 4.84909 + L_Nrml: 0.00000 + L_Eknl: 3.27865 + L_Div: 0.00000 + L_Morse: 0.35956
Epoch: 0 [5020/10000 (50%)] Unweighted L_s : L_Mnfld: 0.00079,  L_NonMnfld: 0.00808,  L_Nrml: 0.00000,  L_Eknl: 0.06557, L_Morse: 3.59556

Weights: [7000.0, 600.0, 0, 50.0, 0.0, 0.1], lr=5.000e-05
Epoch: 0 [5030/10000 (50%)] Loss: 13.60731 = L_Mnfld: 5.04663 + L_NonMnfld: 5.11194 + L_Nrml: 0.00000 + L_Eknl: 3.09318 + L_Div: 0.00000 + L_Morse: 0.35556
Epoch: 0 [5030/10000 (50%)] Unweighted L_s : L_Mnfld: 0.00072,  L_NonMnfld: 0.00852,  L_Nrml: 0.00000,  L_Eknl: 0.06186, L_Morse: 3.55557

Weights: [7000.0, 600.0, 0, 50.0, 0.0, 0.1], lr=5.000e-05
Epoch: 0 [5040/10000 (50%)] Loss: 14.53593 = L_Mnfld: 5.64755 + L_NonMnfld: 5.35797 + L_Nrml: 0.00000 + L_Eknl: 3.15090 + L_Div: 0.00000 + L_Morse: 0.37950
Epoch: 0 [5040/10000 (50%)] Unweighted L_s : L_Mnfld: 0.00081,  L_NonMnfld: 0.00893,  L_Nrml: 0.00000,  L_Eknl: 0.06302, L_Morse: 3.79503

Weights: [7000.0, 600.0, 0, 50.0, 0.0, 0.1], lr=5.000e-05
Epoch: 0 [5050/10000 (50%)] Loss: 13.78314 = L_Mnfld: 4.76696 + L_NonMnfld: 5.48693 + L_Nrml: 0.00000 + L_Eknl: 3.14542 + L_Div: 0.00000 + L_Morse: 0.38382
Epoch: 0 [5050/10000 (50%)] Unweighted L_s : L_Mnfld: 0.00068,  L_NonMnfld: 0.00914,  L_Nrml: 0.00000,  L_Eknl: 0.06291, L_Morse: 3.83824

Weights: [7000.0, 600.0, 0, 50.0, 0.0, 0.1], lr=5.000e-05
Epoch: 0 [5060/10000 (51%)] Loss: 14.73995 = L_Mnfld: 5.73260 + L_NonMnfld: 5.40372 + L_Nrml: 0.00000 + L_Eknl: 3.22051 + L_Div: 0.00000 + L_Morse: 0.38312
Epoch: 0 [5060/10000 (51%)] Unweighted L_s : L_Mnfld: 0.00082,  L_NonMnfld: 0.00901,  L_Nrml: 0.00000,  L_Eknl: 0.06441, L_Morse: 3.83122

Weights: [7000.0, 600.0, 0, 50.0, 0.0, 0.1], lr=5.000e-05
Epoch: 0 [5070/10000 (51%)] Loss: 12.78413 = L_Mnfld: 4.47282 + L_NonMnfld: 4.84261 + L_Nrml: 0.00000 + L_Eknl: 3.09778 + L_Div: 0.00000 + L_Morse: 0.37092
Epoch: 0 [5070/10000 (51%)] Unweighted L_s : L_Mnfld: 0.00064,  L_NonMnfld: 0.00807,  L_Nrml: 0.00000,  L_Eknl: 0.06196, L_Morse: 3.70919

Weights: [7000.0, 600.0, 0, 50.0, 0.0, 0.1], lr=5.000e-05
Epoch: 0 [5080/10000 (51%)] Loss: 14.54270 = L_Mnfld: 4.99620 + L_NonMnfld: 6.07358 + L_Nrml: 0.00000 + L_Eknl: 3.10692 + L_Div: 0.00000 + L_Morse: 0.36598
Epoch: 0 [5080/10000 (51%)] Unweighted L_s : L_Mnfld: 0.00071,  L_NonMnfld: 0.01012,  L_Nrml: 0.00000,  L_Eknl: 0.06214, L_Morse: 3.65984

Weights: [7000.0, 600.0, 0, 50.0, 0.0, 0.1], lr=5.000e-05
Epoch: 0 [5090/10000 (51%)] Loss: 12.36847 = L_Mnfld: 4.34272 + L_NonMnfld: 4.64093 + L_Nrml: 0.00000 + L_Eknl: 2.99808 + L_Div: 0.00000 + L_Morse: 0.38674
Epoch: 0 [5090/10000 (51%)] Unweighted L_s : L_Mnfld: 0.00062,  L_NonMnfld: 0.00773,  L_Nrml: 0.00000,  L_Eknl: 0.05996, L_Morse: 3.86737

Weights: [7000.0, 600.0, 0, 50.0, 0.0, 0.1], lr=5.000e-05
Epoch: 0 [5100/10000 (51%)] Loss: 14.62310 = L_Mnfld: 5.46162 + L_NonMnfld: 5.70719 + L_Nrml: 0.00000 + L_Eknl: 3.05596 + L_Div: 0.00000 + L_Morse: 0.39833
Epoch: 0 [5100/10000 (51%)] Unweighted L_s : L_Mnfld: 0.00078,  L_NonMnfld: 0.00951,  L_Nrml: 0.00000,  L_Eknl: 0.06112, L_Morse: 3.98329

Weights: [7000.0, 600.0, 0, 50.0, 0.0, 0.1], lr=5.000e-05
Epoch: 0 [5110/10000 (51%)] Loss: 13.82244 = L_Mnfld: 4.96264 + L_NonMnfld: 5.52960 + L_Nrml: 0.00000 + L_Eknl: 2.94776 + L_Div: 0.00000 + L_Morse: 0.38244
Epoch: 0 [5110/10000 (51%)] Unweighted L_s : L_Mnfld: 0.00071,  L_NonMnfld: 0.00922,  L_Nrml: 0.00000,  L_Eknl: 0.05896, L_Morse: 3.82435

Weights: [7000.0, 600.0, 0, 50.0, 0.0, 0.1], lr=5.000e-05
Epoch: 0 [5120/10000 (51%)] Loss: 13.37470 = L_Mnfld: 5.06719 + L_NonMnfld: 4.79836 + L_Nrml: 0.00000 + L_Eknl: 3.12619 + L_Div: 0.00000 + L_Morse: 0.38296
Epoch: 0 [5120/10000 (51%)] Unweighted L_s : L_Mnfld: 0.00072,  L_NonMnfld: 0.00800,  L_Nrml: 0.00000,  L_Eknl: 0.06252, L_Morse: 3.82958

Weights: [7000.0, 600.0, 0, 50.0, 0.0, 0.1], lr=5.000e-05
Epoch: 0 [5130/10000 (51%)] Loss: 13.31197 = L_Mnfld: 4.45746 + L_NonMnfld: 5.49530 + L_Nrml: 0.00000 + L_Eknl: 2.96993 + L_Div: 0.00000 + L_Morse: 0.38928
Epoch: 0 [5130/10000 (51%)] Unweighted L_s : L_Mnfld: 0.00064,  L_NonMnfld: 0.00916,  L_Nrml: 0.00000,  L_Eknl: 0.05940, L_Morse: 3.89285

Weights: [7000.0, 600.0, 0, 50.0, 0.0, 0.1], lr=5.000e-05
Epoch: 0 [5140/10000 (51%)] Loss: 14.33378 = L_Mnfld: 5.55405 + L_NonMnfld: 5.32107 + L_Nrml: 0.00000 + L_Eknl: 3.06973 + L_Div: 0.00000 + L_Morse: 0.38893
Epoch: 0 [5140/10000 (51%)] Unweighted L_s : L_Mnfld: 0.00079,  L_NonMnfld: 0.00887,  L_Nrml: 0.00000,  L_Eknl: 0.06139, L_Morse: 3.88928

Weights: [7000.0, 600.0, 0, 50.0, 0.0, 0.1], lr=5.000e-05
Epoch: 0 [5150/10000 (52%)] Loss: 13.03418 = L_Mnfld: 4.76648 + L_NonMnfld: 4.76767 + L_Nrml: 0.00000 + L_Eknl: 3.11645 + L_Div: 0.00000 + L_Morse: 0.38358
Epoch: 0 [5150/10000 (52%)] Unweighted L_s : L_Mnfld: 0.00068,  L_NonMnfld: 0.00795,  L_Nrml: 0.00000,  L_Eknl: 0.06233, L_Morse: 3.83581

Weights: [7000.0, 600.0, 0, 50.0, 0.0, 0.1], lr=5.000e-05
Epoch: 0 [5160/10000 (52%)] Loss: 14.39049 = L_Mnfld: 5.42862 + L_NonMnfld: 5.51417 + L_Nrml: 0.00000 + L_Eknl: 3.05192 + L_Div: 0.00000 + L_Morse: 0.39579
Epoch: 0 [5160/10000 (52%)] Unweighted L_s : L_Mnfld: 0.00078,  L_NonMnfld: 0.00919,  L_Nrml: 0.00000,  L_Eknl: 0.06104, L_Morse: 3.95785

Weights: [7000.0, 600.0, 0, 50.0, 0.0, 0.1], lr=5.000e-05
Epoch: 0 [5170/10000 (52%)] Loss: 13.88567 = L_Mnfld: 4.68504 + L_NonMnfld: 5.80532 + L_Nrml: 0.00000 + L_Eknl: 3.00250 + L_Div: 0.00000 + L_Morse: 0.39281
Epoch: 0 [5170/10000 (52%)] Unweighted L_s : L_Mnfld: 0.00067,  L_NonMnfld: 0.00968,  L_Nrml: 0.00000,  L_Eknl: 0.06005, L_Morse: 3.92811

Weights: [7000.0, 600.0, 0, 50.0, 0.0, 0.1], lr=5.000e-05
Epoch: 0 [5180/10000 (52%)] Loss: 13.30832 = L_Mnfld: 5.13747 + L_NonMnfld: 4.86817 + L_Nrml: 0.00000 + L_Eknl: 2.88838 + L_Div: 0.00000 + L_Morse: 0.41431
Epoch: 0 [5180/10000 (52%)] Unweighted L_s : L_Mnfld: 0.00073,  L_NonMnfld: 0.00811,  L_Nrml: 0.00000,  L_Eknl: 0.05777, L_Morse: 4.14309

Weights: [7000.0, 600.0, 0, 50.0, 0.0, 0.1], lr=5.000e-05
Epoch: 0 [5190/10000 (52%)] Loss: 12.57442 = L_Mnfld: 4.50887 + L_NonMnfld: 4.89941 + L_Nrml: 0.00000 + L_Eknl: 2.79433 + L_Div: 0.00000 + L_Morse: 0.37181
Epoch: 0 [5190/10000 (52%)] Unweighted L_s : L_Mnfld: 0.00064,  L_NonMnfld: 0.00817,  L_Nrml: 0.00000,  L_Eknl: 0.05589, L_Morse: 3.71810

Weights: [7000.0, 600.0, 0, 50.0, 0.0, 0.1], lr=5.000e-05
Epoch: 0 [5200/10000 (52%)] Loss: 13.60322 = L_Mnfld: 5.00450 + L_NonMnfld: 5.24518 + L_Nrml: 0.00000 + L_Eknl: 2.95583 + L_Div: 0.00000 + L_Morse: 0.39771
Epoch: 0 [5200/10000 (52%)] Unweighted L_s : L_Mnfld: 0.00071,  L_NonMnfld: 0.00874,  L_Nrml: 0.00000,  L_Eknl: 0.05912, L_Morse: 3.97707

Weights: [7000.0, 600.0, 0, 50.0, 0.0, 0.1], lr=5.000e-05
Epoch: 0 [5210/10000 (52%)] Loss: 13.10676 = L_Mnfld: 4.46938 + L_NonMnfld: 5.34552 + L_Nrml: 0.00000 + L_Eknl: 2.90608 + L_Div: 0.00000 + L_Morse: 0.38578
Epoch: 0 [5210/10000 (52%)] Unweighted L_s : L_Mnfld: 0.00064,  L_NonMnfld: 0.00891,  L_Nrml: 0.00000,  L_Eknl: 0.05812, L_Morse: 3.85784

Weights: [7000.0, 600.0, 0, 50.0, 0.0, 0.1], lr=5.000e-05
Epoch: 0 [5220/10000 (52%)] Loss: 13.84954 = L_Mnfld: 5.10372 + L_NonMnfld: 5.45430 + L_Nrml: 0.00000 + L_Eknl: 2.91228 + L_Div: 0.00000 + L_Morse: 0.37924
Epoch: 0 [5220/10000 (52%)] Unweighted L_s : L_Mnfld: 0.00073,  L_NonMnfld: 0.00909,  L_Nrml: 0.00000,  L_Eknl: 0.05825, L_Morse: 3.79244

Weights: [7000.0, 600.0, 0, 50.0, 0.0, 0.1], lr=5.000e-05
Epoch: 0 [5230/10000 (52%)] Loss: 13.72284 = L_Mnfld: 5.08374 + L_NonMnfld: 5.23632 + L_Nrml: 0.00000 + L_Eknl: 2.97577 + L_Div: 0.00000 + L_Morse: 0.42700
Epoch: 0 [5230/10000 (52%)] Unweighted L_s : L_Mnfld: 0.00073,  L_NonMnfld: 0.00873,  L_Nrml: 0.00000,  L_Eknl: 0.05952, L_Morse: 4.27004

Weights: [7000.0, 600.0, 0, 50.0, 0.0, 0.1], lr=5.000e-05
Epoch: 0 [5240/10000 (52%)] Loss: 13.68506 = L_Mnfld: 4.81718 + L_NonMnfld: 5.55882 + L_Nrml: 0.00000 + L_Eknl: 2.90217 + L_Div: 0.00000 + L_Morse: 0.40690
Epoch: 0 [5240/10000 (52%)] Unweighted L_s : L_Mnfld: 0.00069,  L_NonMnfld: 0.00926,  L_Nrml: 0.00000,  L_Eknl: 0.05804, L_Morse: 4.06899

Weights: [7000.0, 600.0, 0, 50.0, 0.0, 0.1], lr=5.000e-05
Epoch: 0 [5250/10000 (52%)] Loss: 13.11921 = L_Mnfld: 4.54774 + L_NonMnfld: 5.34784 + L_Nrml: 0.00000 + L_Eknl: 2.80092 + L_Div: 0.00000 + L_Morse: 0.42271
Epoch: 0 [5250/10000 (52%)] Unweighted L_s : L_Mnfld: 0.00065,  L_NonMnfld: 0.00891,  L_Nrml: 0.00000,  L_Eknl: 0.05602, L_Morse: 4.22711

Weights: [7000.0, 600.0, 0, 50.0, 0.0, 0.1], lr=5.000e-05
Epoch: 0 [5260/10000 (53%)] Loss: 14.69965 = L_Mnfld: 5.87916 + L_NonMnfld: 5.54373 + L_Nrml: 0.00000 + L_Eknl: 2.86969 + L_Div: 0.00000 + L_Morse: 0.40707
Epoch: 0 [5260/10000 (53%)] Unweighted L_s : L_Mnfld: 0.00084,  L_NonMnfld: 0.00924,  L_Nrml: 0.00000,  L_Eknl: 0.05739, L_Morse: 4.07070

Weights: [7000.0, 600.0, 0, 50.0, 0.0, 0.1], lr=5.000e-05
Epoch: 0 [5270/10000 (53%)] Loss: 13.69890 = L_Mnfld: 5.40573 + L_NonMnfld: 4.96403 + L_Nrml: 0.00000 + L_Eknl: 2.93754 + L_Div: 0.00000 + L_Morse: 0.39160
Epoch: 0 [5270/10000 (53%)] Unweighted L_s : L_Mnfld: 0.00077,  L_NonMnfld: 0.00827,  L_Nrml: 0.00000,  L_Eknl: 0.05875, L_Morse: 3.91599

Weights: [7000.0, 600.0, 0, 50.0, 0.0, 0.1], lr=5.000e-05
Epoch: 0 [5280/10000 (53%)] Loss: 13.64921 = L_Mnfld: 5.18788 + L_NonMnfld: 5.08889 + L_Nrml: 0.00000 + L_Eknl: 2.96821 + L_Div: 0.00000 + L_Morse: 0.40423
Epoch: 0 [5280/10000 (53%)] Unweighted L_s : L_Mnfld: 0.00074,  L_NonMnfld: 0.00848,  L_Nrml: 0.00000,  L_Eknl: 0.05936, L_Morse: 4.04230

Weights: [7000.0, 600.0, 0, 50.0, 0.0, 0.1], lr=5.000e-05
Epoch: 0 [5290/10000 (53%)] Loss: 14.04611 = L_Mnfld: 5.31589 + L_NonMnfld: 5.32948 + L_Nrml: 0.00000 + L_Eknl: 2.97017 + L_Div: 0.00000 + L_Morse: 0.43058
Epoch: 0 [5290/10000 (53%)] Unweighted L_s : L_Mnfld: 0.00076,  L_NonMnfld: 0.00888,  L_Nrml: 0.00000,  L_Eknl: 0.05940, L_Morse: 4.30579

Weights: [7000.0, 600.0, 0, 50.0, 0.0, 0.1], lr=5.000e-05
Epoch: 0 [5300/10000 (53%)] Loss: 13.75480 = L_Mnfld: 5.26539 + L_NonMnfld: 5.16124 + L_Nrml: 0.00000 + L_Eknl: 2.90967 + L_Div: 0.00000 + L_Morse: 0.41850
Epoch: 0 [5300/10000 (53%)] Unweighted L_s : L_Mnfld: 0.00075,  L_NonMnfld: 0.00860,  L_Nrml: 0.00000,  L_Eknl: 0.05819, L_Morse: 4.18505

Weights: [7000.0, 600.0, 0, 50.0, 0.0, 0.1], lr=5.000e-05
Epoch: 0 [5310/10000 (53%)] Loss: 13.34273 = L_Mnfld: 5.04185 + L_NonMnfld: 5.01272 + L_Nrml: 0.00000 + L_Eknl: 2.86256 + L_Div: 0.00000 + L_Morse: 0.42559
Epoch: 0 [5310/10000 (53%)] Unweighted L_s : L_Mnfld: 0.00072,  L_NonMnfld: 0.00835,  L_Nrml: 0.00000,  L_Eknl: 0.05725, L_Morse: 4.25591

Weights: [7000.0, 600.0, 0, 50.0, 0.0, 0.1], lr=5.000e-05
Epoch: 0 [5320/10000 (53%)] Loss: 13.32387 = L_Mnfld: 5.04986 + L_NonMnfld: 4.99608 + L_Nrml: 0.00000 + L_Eknl: 2.85999 + L_Div: 0.00000 + L_Morse: 0.41795
Epoch: 0 [5320/10000 (53%)] Unweighted L_s : L_Mnfld: 0.00072,  L_NonMnfld: 0.00833,  L_Nrml: 0.00000,  L_Eknl: 0.05720, L_Morse: 4.17948

Weights: [7000.0, 600.0, 0, 50.0, 0.0, 0.1], lr=5.000e-05
Epoch: 0 [5330/10000 (53%)] Loss: 13.06822 = L_Mnfld: 4.95356 + L_NonMnfld: 4.86885 + L_Nrml: 0.00000 + L_Eknl: 2.81494 + L_Div: 0.00000 + L_Morse: 0.43088
Epoch: 0 [5330/10000 (53%)] Unweighted L_s : L_Mnfld: 0.00071,  L_NonMnfld: 0.00811,  L_Nrml: 0.00000,  L_Eknl: 0.05630, L_Morse: 4.30875

Weights: [7000.0, 600.0, 0, 50.0, 0.0, 0.1], lr=5.000e-05
Epoch: 0 [5340/10000 (53%)] Loss: 13.50487 = L_Mnfld: 4.90361 + L_NonMnfld: 5.37793 + L_Nrml: 0.00000 + L_Eknl: 2.80869 + L_Div: 0.00000 + L_Morse: 0.41465
Epoch: 0 [5340/10000 (53%)] Unweighted L_s : L_Mnfld: 0.00070,  L_NonMnfld: 0.00896,  L_Nrml: 0.00000,  L_Eknl: 0.05617, L_Morse: 4.14654

Weights: [7000.0, 600.0, 0, 50.0, 0.0, 0.1], lr=5.000e-05
Epoch: 0 [5350/10000 (54%)] Loss: 12.80130 = L_Mnfld: 4.79154 + L_NonMnfld: 4.78142 + L_Nrml: 0.00000 + L_Eknl: 2.82643 + L_Div: 0.00000 + L_Morse: 0.40190
Epoch: 0 [5350/10000 (54%)] Unweighted L_s : L_Mnfld: 0.00068,  L_NonMnfld: 0.00797,  L_Nrml: 0.00000,  L_Eknl: 0.05653, L_Morse: 4.01904

Weights: [7000.0, 600.0, 0, 50.0, 0.0, 0.1], lr=5.000e-05
Epoch: 0 [5360/10000 (54%)] Loss: 13.55457 = L_Mnfld: 5.02570 + L_NonMnfld: 5.20730 + L_Nrml: 0.00000 + L_Eknl: 2.87504 + L_Div: 0.00000 + L_Morse: 0.44654
Epoch: 0 [5360/10000 (54%)] Unweighted L_s : L_Mnfld: 0.00072,  L_NonMnfld: 0.00868,  L_Nrml: 0.00000,  L_Eknl: 0.05750, L_Morse: 4.46543

Weights: [7000.0, 600.0, 0, 50.0, 0.0, 0.1], lr=5.000e-05
Epoch: 0 [5370/10000 (54%)] Loss: 12.54959 = L_Mnfld: 4.38883 + L_NonMnfld: 4.90932 + L_Nrml: 0.00000 + L_Eknl: 2.83464 + L_Div: 0.00000 + L_Morse: 0.41680
Epoch: 0 [5370/10000 (54%)] Unweighted L_s : L_Mnfld: 0.00063,  L_NonMnfld: 0.00818,  L_Nrml: 0.00000,  L_Eknl: 0.05669, L_Morse: 4.16800

Weights: [7000.0, 600.0, 0, 50.0, 0.0, 0.1], lr=5.000e-05
Epoch: 0 [5380/10000 (54%)] Loss: 13.57262 = L_Mnfld: 5.04667 + L_NonMnfld: 5.30665 + L_Nrml: 0.00000 + L_Eknl: 2.78277 + L_Div: 0.00000 + L_Morse: 0.43653
Epoch: 0 [5380/10000 (54%)] Unweighted L_s : L_Mnfld: 0.00072,  L_NonMnfld: 0.00884,  L_Nrml: 0.00000,  L_Eknl: 0.05566, L_Morse: 4.36532

Weights: [7000.0, 600.0, 0, 50.0, 0.0, 0.1], lr=5.000e-05
Epoch: 0 [5390/10000 (54%)] Loss: 12.70781 = L_Mnfld: 4.53129 + L_NonMnfld: 5.06590 + L_Nrml: 0.00000 + L_Eknl: 2.71078 + L_Div: 0.00000 + L_Morse: 0.39984
Epoch: 0 [5390/10000 (54%)] Unweighted L_s : L_Mnfld: 0.00065,  L_NonMnfld: 0.00844,  L_Nrml: 0.00000,  L_Eknl: 0.05422, L_Morse: 3.99841

Weights: [7000.0, 600.0, 0, 50.0, 0.0, 0.1], lr=5.000e-05
Epoch: 0 [5400/10000 (54%)] Loss: 13.41315 = L_Mnfld: 5.00683 + L_NonMnfld: 5.27513 + L_Nrml: 0.00000 + L_Eknl: 2.72271 + L_Div: 0.00000 + L_Morse: 0.40848
Epoch: 0 [5400/10000 (54%)] Unweighted L_s : L_Mnfld: 0.00072,  L_NonMnfld: 0.00879,  L_Nrml: 0.00000,  L_Eknl: 0.05445, L_Morse: 4.08476

Weights: [7000.0, 600.0, 0, 50.0, 0.0, 0.1], lr=5.000e-05
Epoch: 0 [5410/10000 (54%)] Loss: 12.81051 = L_Mnfld: 4.67438 + L_NonMnfld: 4.95386 + L_Nrml: 0.00000 + L_Eknl: 2.75212 + L_Div: 0.00000 + L_Morse: 0.43015
Epoch: 0 [5410/10000 (54%)] Unweighted L_s : L_Mnfld: 0.00067,  L_NonMnfld: 0.00826,  L_Nrml: 0.00000,  L_Eknl: 0.05504, L_Morse: 4.30153

Weights: [7000.0, 600.0, 0, 50.0, 0.0, 0.1], lr=5.000e-05
Epoch: 0 [5420/10000 (54%)] Loss: 13.76051 = L_Mnfld: 5.08648 + L_NonMnfld: 5.56459 + L_Nrml: 0.00000 + L_Eknl: 2.69816 + L_Div: 0.00000 + L_Morse: 0.41128
Epoch: 0 [5420/10000 (54%)] Unweighted L_s : L_Mnfld: 0.00073,  L_NonMnfld: 0.00927,  L_Nrml: 0.00000,  L_Eknl: 0.05396, L_Morse: 4.11284

Weights: [7000.0, 600.0, 0, 50.0, 0.0, 0.1], lr=5.000e-05
Epoch: 0 [5430/10000 (54%)] Loss: 13.14037 = L_Mnfld: 4.56344 + L_NonMnfld: 5.38187 + L_Nrml: 0.00000 + L_Eknl: 2.77647 + L_Div: 0.00000 + L_Morse: 0.41859
Epoch: 0 [5430/10000 (54%)] Unweighted L_s : L_Mnfld: 0.00065,  L_NonMnfld: 0.00897,  L_Nrml: 0.00000,  L_Eknl: 0.05553, L_Morse: 4.18586

Weights: [7000.0, 600.0, 0, 50.0, 0.0, 0.1], lr=5.000e-05
Epoch: 0 [5440/10000 (54%)] Loss: 13.11730 = L_Mnfld: 5.21081 + L_NonMnfld: 4.86160 + L_Nrml: 0.00000 + L_Eknl: 2.62521 + L_Div: 0.00000 + L_Morse: 0.41968
Epoch: 0 [5440/10000 (54%)] Unweighted L_s : L_Mnfld: 0.00074,  L_NonMnfld: 0.00810,  L_Nrml: 0.00000,  L_Eknl: 0.05250, L_Morse: 4.19677

Weights: [7000.0, 600.0, 0, 50.0, 0.0, 0.1], lr=5.000e-05
Epoch: 0 [5450/10000 (54%)] Loss: 13.00866 = L_Mnfld: 4.54775 + L_NonMnfld: 5.19182 + L_Nrml: 0.00000 + L_Eknl: 2.83890 + L_Div: 0.00000 + L_Morse: 0.43018
Epoch: 0 [5450/10000 (54%)] Unweighted L_s : L_Mnfld: 0.00065,  L_NonMnfld: 0.00865,  L_Nrml: 0.00000,  L_Eknl: 0.05678, L_Morse: 4.30181

Weights: [7000.0, 600.0, 0, 50.0, 0.0, 0.1], lr=5.000e-05
Epoch: 0 [5460/10000 (55%)] Loss: 13.53450 = L_Mnfld: 4.99290 + L_NonMnfld: 5.31519 + L_Nrml: 0.00000 + L_Eknl: 2.79861 + L_Div: 0.00000 + L_Morse: 0.42781
Epoch: 0 [5460/10000 (55%)] Unweighted L_s : L_Mnfld: 0.00071,  L_NonMnfld: 0.00886,  L_Nrml: 0.00000,  L_Eknl: 0.05597, L_Morse: 4.27810

Weights: [7000.0, 600.0, 0, 50.0, 0.0, 0.1], lr=5.000e-05
Epoch: 0 [5470/10000 (55%)] Loss: 12.56526 = L_Mnfld: 4.68249 + L_NonMnfld: 4.77064 + L_Nrml: 0.00000 + L_Eknl: 2.70558 + L_Div: 0.00000 + L_Morse: 0.40654
Epoch: 0 [5470/10000 (55%)] Unweighted L_s : L_Mnfld: 0.00067,  L_NonMnfld: 0.00795,  L_Nrml: 0.00000,  L_Eknl: 0.05411, L_Morse: 4.06544

Weights: [7000.0, 600.0, 0, 50.0, 0.0, 0.1], lr=5.000e-05
Epoch: 0 [5480/10000 (55%)] Loss: 13.50791 = L_Mnfld: 5.28113 + L_NonMnfld: 5.06852 + L_Nrml: 0.00000 + L_Eknl: 2.75559 + L_Div: 0.00000 + L_Morse: 0.40267
Epoch: 0 [5480/10000 (55%)] Unweighted L_s : L_Mnfld: 0.00075,  L_NonMnfld: 0.00845,  L_Nrml: 0.00000,  L_Eknl: 0.05511, L_Morse: 4.02669

Weights: [7000.0, 600.0, 0, 50.0, 0.0, 0.1], lr=5.000e-05
Epoch: 0 [5490/10000 (55%)] Loss: 13.43090 = L_Mnfld: 4.74134 + L_NonMnfld: 5.56745 + L_Nrml: 0.00000 + L_Eknl: 2.68102 + L_Div: 0.00000 + L_Morse: 0.44110
Epoch: 0 [5490/10000 (55%)] Unweighted L_s : L_Mnfld: 0.00068,  L_NonMnfld: 0.00928,  L_Nrml: 0.00000,  L_Eknl: 0.05362, L_Morse: 4.41096

Weights: [7000.0, 600.0, 0, 50.0, 0.0, 0.1], lr=5.000e-05
Epoch: 0 [5500/10000 (55%)] Loss: 13.76597 = L_Mnfld: 5.35554 + L_NonMnfld: 5.29054 + L_Nrml: 0.00000 + L_Eknl: 2.69919 + L_Div: 0.00000 + L_Morse: 0.42070
Epoch: 0 [5500/10000 (55%)] Unweighted L_s : L_Mnfld: 0.00077,  L_NonMnfld: 0.00882,  L_Nrml: 0.00000,  L_Eknl: 0.05398, L_Morse: 4.20703

Weights: [7000.0, 600.0, 0, 50.0, 0.0, 0.1], lr=5.000e-05
Epoch: 0 [5510/10000 (55%)] Loss: 12.88291 = L_Mnfld: 4.88869 + L_NonMnfld: 4.96012 + L_Nrml: 0.00000 + L_Eknl: 2.60652 + L_Div: 0.00000 + L_Morse: 0.42759
Epoch: 0 [5510/10000 (55%)] Unweighted L_s : L_Mnfld: 0.00070,  L_NonMnfld: 0.00827,  L_Nrml: 0.00000,  L_Eknl: 0.05213, L_Morse: 4.27589

Weights: [7000.0, 600.0, 0, 50.0, 0.0, 0.1], lr=5.000e-05
Epoch: 0 [5520/10000 (55%)] Loss: 15.09625 = L_Mnfld: 5.79433 + L_NonMnfld: 6.19678 + L_Nrml: 0.00000 + L_Eknl: 2.67840 + L_Div: 0.00000 + L_Morse: 0.42674
Epoch: 0 [5520/10000 (55%)] Unweighted L_s : L_Mnfld: 0.00083,  L_NonMnfld: 0.01033,  L_Nrml: 0.00000,  L_Eknl: 0.05357, L_Morse: 4.26742

Weights: [7000.0, 600.0, 0, 50.0, 0.0, 0.1], lr=5.000e-05
Epoch: 0 [5530/10000 (55%)] Loss: 13.96204 = L_Mnfld: 5.16714 + L_NonMnfld: 5.62940 + L_Nrml: 0.00000 + L_Eknl: 2.73247 + L_Div: 0.00000 + L_Morse: 0.43303
Epoch: 0 [5530/10000 (55%)] Unweighted L_s : L_Mnfld: 0.00074,  L_NonMnfld: 0.00938,  L_Nrml: 0.00000,  L_Eknl: 0.05465, L_Morse: 4.33027

Weights: [7000.0, 600.0, 0, 50.0, 0.0, 0.1], lr=5.000e-05
Epoch: 0 [5540/10000 (55%)] Loss: 13.22698 = L_Mnfld: 4.89720 + L_NonMnfld: 5.22152 + L_Nrml: 0.00000 + L_Eknl: 2.68732 + L_Div: 0.00000 + L_Morse: 0.42095
Epoch: 0 [5540/10000 (55%)] Unweighted L_s : L_Mnfld: 0.00070,  L_NonMnfld: 0.00870,  L_Nrml: 0.00000,  L_Eknl: 0.05375, L_Morse: 4.20947

Weights: [7000.0, 600.0, 0, 50.0, 0.0, 0.1], lr=5.000e-05
Epoch: 0 [5550/10000 (56%)] Loss: 13.23526 = L_Mnfld: 4.61692 + L_NonMnfld: 5.42856 + L_Nrml: 0.00000 + L_Eknl: 2.77081 + L_Div: 0.00000 + L_Morse: 0.41897
Epoch: 0 [5550/10000 (56%)] Unweighted L_s : L_Mnfld: 0.00066,  L_NonMnfld: 0.00905,  L_Nrml: 0.00000,  L_Eknl: 0.05542, L_Morse: 4.18970

Weights: [7000.0, 600.0, 0, 50.0, 0.0, 0.1], lr=5.000e-05
Epoch: 0 [5560/10000 (56%)] Loss: 12.51043 = L_Mnfld: 4.71450 + L_NonMnfld: 4.60931 + L_Nrml: 0.00000 + L_Eknl: 2.76196 + L_Div: 0.00000 + L_Morse: 0.42466
Epoch: 0 [5560/10000 (56%)] Unweighted L_s : L_Mnfld: 0.00067,  L_NonMnfld: 0.00768,  L_Nrml: 0.00000,  L_Eknl: 0.05524, L_Morse: 4.24659

Weights: [7000.0, 600.0, 0, 50.0, 0.0, 0.1], lr=5.000e-05
Epoch: 0 [5570/10000 (56%)] Loss: 12.83131 = L_Mnfld: 4.67664 + L_NonMnfld: 5.01011 + L_Nrml: 0.00000 + L_Eknl: 2.70509 + L_Div: 0.00000 + L_Morse: 0.43947
Epoch: 0 [5570/10000 (56%)] Unweighted L_s : L_Mnfld: 0.00067,  L_NonMnfld: 0.00835,  L_Nrml: 0.00000,  L_Eknl: 0.05410, L_Morse: 4.39472

Weights: [7000.0, 600.0, 0, 50.0, 0.0, 0.1], lr=5.000e-05
Epoch: 0 [5580/10000 (56%)] Loss: 14.12210 = L_Mnfld: 5.47676 + L_NonMnfld: 5.54077 + L_Nrml: 0.00000 + L_Eknl: 2.67573 + L_Div: 0.00000 + L_Morse: 0.42884
Epoch: 0 [5580/10000 (56%)] Unweighted L_s : L_Mnfld: 0.00078,  L_NonMnfld: 0.00923,  L_Nrml: 0.00000,  L_Eknl: 0.05351, L_Morse: 4.28840

Weights: [7000.0, 600.0, 0, 50.0, 0.0, 0.1], lr=5.000e-05
Epoch: 0 [5590/10000 (56%)] Loss: 14.59467 = L_Mnfld: 6.25601 + L_NonMnfld: 5.20442 + L_Nrml: 0.00000 + L_Eknl: 2.71825 + L_Div: 0.00000 + L_Morse: 0.41599
Epoch: 0 [5590/10000 (56%)] Unweighted L_s : L_Mnfld: 0.00089,  L_NonMnfld: 0.00867,  L_Nrml: 0.00000,  L_Eknl: 0.05436, L_Morse: 4.15990

Weights: [7000.0, 600.0, 0, 50.0, 0.0, 0.1], lr=5.000e-05
Epoch: 0 [5600/10000 (56%)] Loss: 13.73977 = L_Mnfld: 5.05438 + L_NonMnfld: 5.61538 + L_Nrml: 0.00000 + L_Eknl: 2.63113 + L_Div: 0.00000 + L_Morse: 0.43888
Epoch: 0 [5600/10000 (56%)] Unweighted L_s : L_Mnfld: 0.00072,  L_NonMnfld: 0.00936,  L_Nrml: 0.00000,  L_Eknl: 0.05262, L_Morse: 4.38877

Weights: [7000.0, 600.0, 0, 50.0, 0.0, 0.1], lr=5.000e-05
Epoch: 0 [5610/10000 (56%)] Loss: 14.11024 = L_Mnfld: 5.36867 + L_NonMnfld: 5.57866 + L_Nrml: 0.00000 + L_Eknl: 2.73572 + L_Div: 0.00000 + L_Morse: 0.42719
Epoch: 0 [5610/10000 (56%)] Unweighted L_s : L_Mnfld: 0.00077,  L_NonMnfld: 0.00930,  L_Nrml: 0.00000,  L_Eknl: 0.05471, L_Morse: 4.27194

Weights: [7000.0, 600.0, 0, 50.0, 0.0, 0.1], lr=5.000e-05
Epoch: 0 [5620/10000 (56%)] Loss: 13.52559 = L_Mnfld: 5.12571 + L_NonMnfld: 5.10195 + L_Nrml: 0.00000 + L_Eknl: 2.88393 + L_Div: 0.00000 + L_Morse: 0.41400
Epoch: 0 [5620/10000 (56%)] Unweighted L_s : L_Mnfld: 0.00073,  L_NonMnfld: 0.00850,  L_Nrml: 0.00000,  L_Eknl: 0.05768, L_Morse: 4.13997

Weights: [7000.0, 600.0, 0, 50.0, 0.0, 0.1], lr=5.000e-05
Epoch: 0 [5630/10000 (56%)] Loss: 14.27924 = L_Mnfld: 5.35548 + L_NonMnfld: 5.56134 + L_Nrml: 0.00000 + L_Eknl: 2.93037 + L_Div: 0.00000 + L_Morse: 0.43204
Epoch: 0 [5630/10000 (56%)] Unweighted L_s : L_Mnfld: 0.00077,  L_NonMnfld: 0.00927,  L_Nrml: 0.00000,  L_Eknl: 0.05861, L_Morse: 4.32040

Weights: [7000.0, 600.0, 0, 50.0, 0.0, 0.1], lr=5.000e-05
Epoch: 0 [5640/10000 (56%)] Loss: 13.48237 = L_Mnfld: 5.58594 + L_NonMnfld: 4.60427 + L_Nrml: 0.00000 + L_Eknl: 2.83806 + L_Div: 0.00000 + L_Morse: 0.45409
Epoch: 0 [5640/10000 (56%)] Unweighted L_s : L_Mnfld: 0.00080,  L_NonMnfld: 0.00767,  L_Nrml: 0.00000,  L_Eknl: 0.05676, L_Morse: 4.54094

Weights: [7000.0, 600.0, 0, 50.0, 0.0, 0.1], lr=5.000e-05
Epoch: 0 [5650/10000 (56%)] Loss: 14.16775 = L_Mnfld: 5.43738 + L_NonMnfld: 5.52038 + L_Nrml: 0.00000 + L_Eknl: 2.79109 + L_Div: 0.00000 + L_Morse: 0.41890
Epoch: 0 [5650/10000 (56%)] Unweighted L_s : L_Mnfld: 0.00078,  L_NonMnfld: 0.00920,  L_Nrml: 0.00000,  L_Eknl: 0.05582, L_Morse: 4.18902

Weights: [7000.0, 600.0, 0, 50.0, 0.0, 0.1], lr=5.000e-05
Epoch: 0 [5660/10000 (57%)] Loss: 14.05119 = L_Mnfld: 5.49826 + L_NonMnfld: 5.30355 + L_Nrml: 0.00000 + L_Eknl: 2.79666 + L_Div: 0.00000 + L_Morse: 0.45273
Epoch: 0 [5660/10000 (57%)] Unweighted L_s : L_Mnfld: 0.00079,  L_NonMnfld: 0.00884,  L_Nrml: 0.00000,  L_Eknl: 0.05593, L_Morse: 4.52727

Weights: [7000.0, 600.0, 0, 50.0, 0.0, 0.1], lr=5.000e-05
Epoch: 0 [5670/10000 (57%)] Loss: 12.55530 = L_Mnfld: 4.53586 + L_NonMnfld: 4.89716 + L_Nrml: 0.00000 + L_Eknl: 2.68971 + L_Div: 0.00000 + L_Morse: 0.43257
Epoch: 0 [5670/10000 (57%)] Unweighted L_s : L_Mnfld: 0.00065,  L_NonMnfld: 0.00816,  L_Nrml: 0.00000,  L_Eknl: 0.05379, L_Morse: 4.32572

Weights: [7000.0, 600.0, 0, 50.0, 0.0, 0.1], lr=5.000e-05
Epoch: 0 [5680/10000 (57%)] Loss: 13.87290 = L_Mnfld: 5.49697 + L_NonMnfld: 5.31275 + L_Nrml: 0.00000 + L_Eknl: 2.63468 + L_Div: 0.00000 + L_Morse: 0.42849
Epoch: 0 [5680/10000 (57%)] Unweighted L_s : L_Mnfld: 0.00079,  L_NonMnfld: 0.00885,  L_Nrml: 0.00000,  L_Eknl: 0.05269, L_Morse: 4.28493

Weights: [7000.0, 600.0, 0, 50.0, 0.0, 0.1], lr=5.000e-05
Epoch: 0 [5690/10000 (57%)] Loss: 13.61104 = L_Mnfld: 5.54508 + L_NonMnfld: 5.02436 + L_Nrml: 0.00000 + L_Eknl: 2.59426 + L_Div: 0.00000 + L_Morse: 0.44734
Epoch: 0 [5690/10000 (57%)] Unweighted L_s : L_Mnfld: 0.00079,  L_NonMnfld: 0.00837,  L_Nrml: 0.00000,  L_Eknl: 0.05189, L_Morse: 4.47343

Weights: [7000.0, 600.0, 0, 50.0, 0.0, 0.1], lr=5.000e-05
Epoch: 0 [5700/10000 (57%)] Loss: 13.45166 = L_Mnfld: 5.15250 + L_NonMnfld: 5.16789 + L_Nrml: 0.00000 + L_Eknl: 2.68796 + L_Div: 0.00000 + L_Morse: 0.44331
Epoch: 0 [5700/10000 (57%)] Unweighted L_s : L_Mnfld: 0.00074,  L_NonMnfld: 0.00861,  L_Nrml: 0.00000,  L_Eknl: 0.05376, L_Morse: 4.43313

Weights: [7000.0, 600.0, 0, 50.0, 0.0, 0.1], lr=5.000e-05
Epoch: 0 [5710/10000 (57%)] Loss: 13.72728 = L_Mnfld: 5.12142 + L_NonMnfld: 5.60536 + L_Nrml: 0.00000 + L_Eknl: 2.55584 + L_Div: 0.00000 + L_Morse: 0.44467
Epoch: 0 [5710/10000 (57%)] Unweighted L_s : L_Mnfld: 0.00073,  L_NonMnfld: 0.00934,  L_Nrml: 0.00000,  L_Eknl: 0.05112, L_Morse: 4.44672

Weights: [7000.0, 600.0, 0, 50.0, 0.0, 0.1], lr=5.000e-05
Epoch: 0 [5720/10000 (57%)] Loss: 14.20824 = L_Mnfld: 5.78146 + L_NonMnfld: 5.32258 + L_Nrml: 0.00000 + L_Eknl: 2.66427 + L_Div: 0.00000 + L_Morse: 0.43992
Epoch: 0 [5720/10000 (57%)] Unweighted L_s : L_Mnfld: 0.00083,  L_NonMnfld: 0.00887,  L_Nrml: 0.00000,  L_Eknl: 0.05329, L_Morse: 4.39922

Weights: [7000.0, 600.0, 0, 50.0, 0.0, 0.1], lr=5.000e-05
Epoch: 0 [5730/10000 (57%)] Loss: 13.78512 = L_Mnfld: 5.43712 + L_NonMnfld: 5.18508 + L_Nrml: 0.00000 + L_Eknl: 2.70399 + L_Div: 0.00000 + L_Morse: 0.45893
Epoch: 0 [5730/10000 (57%)] Unweighted L_s : L_Mnfld: 0.00078,  L_NonMnfld: 0.00864,  L_Nrml: 0.00000,  L_Eknl: 0.05408, L_Morse: 4.58925

Weights: [7000.0, 600.0, 0, 50.0, 0.0, 0.1], lr=5.000e-05
Epoch: 0 [5740/10000 (57%)] Loss: 13.20377 = L_Mnfld: 5.31484 + L_NonMnfld: 4.88292 + L_Nrml: 0.00000 + L_Eknl: 2.57626 + L_Div: 0.00000 + L_Morse: 0.42974
Epoch: 0 [5740/10000 (57%)] Unweighted L_s : L_Mnfld: 0.00076,  L_NonMnfld: 0.00814,  L_Nrml: 0.00000,  L_Eknl: 0.05153, L_Morse: 4.29745

Weights: [7000.0, 600.0, 0, 50.0, 0.0, 0.1], lr=5.000e-05
Epoch: 0 [5750/10000 (58%)] Loss: 14.02659 = L_Mnfld: 5.44289 + L_NonMnfld: 5.55354 + L_Nrml: 0.00000 + L_Eknl: 2.58169 + L_Div: 0.00000 + L_Morse: 0.44848
Epoch: 0 [5750/10000 (58%)] Unweighted L_s : L_Mnfld: 0.00078,  L_NonMnfld: 0.00926,  L_Nrml: 0.00000,  L_Eknl: 0.05163, L_Morse: 4.48476

Weights: [7000.0, 600.0, 0, 50.0, 0.0, 0.1], lr=5.000e-05
Epoch: 0 [5760/10000 (58%)] Loss: 12.78798 = L_Mnfld: 4.81677 + L_NonMnfld: 4.94785 + L_Nrml: 0.00000 + L_Eknl: 2.60553 + L_Div: 0.00000 + L_Morse: 0.41783
Epoch: 0 [5760/10000 (58%)] Unweighted L_s : L_Mnfld: 0.00069,  L_NonMnfld: 0.00825,  L_Nrml: 0.00000,  L_Eknl: 0.05211, L_Morse: 4.17834

Weights: [7000.0, 600.0, 0, 50.0, 0.0, 0.1], lr=5.000e-05
Epoch: 0 [5770/10000 (58%)] Loss: 12.55072 = L_Mnfld: 4.89310 + L_NonMnfld: 4.54225 + L_Nrml: 0.00000 + L_Eknl: 2.69652 + L_Div: 0.00000 + L_Morse: 0.41886
Epoch: 0 [5770/10000 (58%)] Unweighted L_s : L_Mnfld: 0.00070,  L_NonMnfld: 0.00757,  L_Nrml: 0.00000,  L_Eknl: 0.05393, L_Morse: 4.18859

Weights: [7000.0, 600.0, 0, 50.0, 0.0, 0.1], lr=5.000e-05
Epoch: 0 [5780/10000 (58%)] Loss: 13.35930 = L_Mnfld: 5.39488 + L_NonMnfld: 4.95480 + L_Nrml: 0.00000 + L_Eknl: 2.57519 + L_Div: 0.00000 + L_Morse: 0.43443
Epoch: 0 [5780/10000 (58%)] Unweighted L_s : L_Mnfld: 0.00077,  L_NonMnfld: 0.00826,  L_Nrml: 0.00000,  L_Eknl: 0.05150, L_Morse: 4.34429

Weights: [7000.0, 600.0, 0, 50.0, 0.0, 0.1], lr=5.000e-05
Epoch: 0 [5790/10000 (58%)] Loss: 12.76802 = L_Mnfld: 4.60009 + L_NonMnfld: 5.08403 + L_Nrml: 0.00000 + L_Eknl: 2.66491 + L_Div: 0.00000 + L_Morse: 0.41899
Epoch: 0 [5790/10000 (58%)] Unweighted L_s : L_Mnfld: 0.00066,  L_NonMnfld: 0.00847,  L_Nrml: 0.00000,  L_Eknl: 0.05330, L_Morse: 4.18994

Weights: [7000.0, 600.0, 0, 50.0, 0.0, 0.1], lr=5.000e-05
Epoch: 0 [5800/10000 (58%)] Loss: 13.93394 = L_Mnfld: 5.50257 + L_NonMnfld: 5.38874 + L_Nrml: 0.00000 + L_Eknl: 2.59537 + L_Div: 0.00000 + L_Morse: 0.44725
Epoch: 0 [5800/10000 (58%)] Unweighted L_s : L_Mnfld: 0.00079,  L_NonMnfld: 0.00898,  L_Nrml: 0.00000,  L_Eknl: 0.05191, L_Morse: 4.47253

Weights: [7000.0, 600.0, 0, 50.0, 0.0, 0.1], lr=5.000e-05
Epoch: 0 [5810/10000 (58%)] Loss: 13.52286 = L_Mnfld: 5.19318 + L_NonMnfld: 5.25562 + L_Nrml: 0.00000 + L_Eknl: 2.62707 + L_Div: 0.00000 + L_Morse: 0.44698
Epoch: 0 [5810/10000 (58%)] Unweighted L_s : L_Mnfld: 0.00074,  L_NonMnfld: 0.00876,  L_Nrml: 0.00000,  L_Eknl: 0.05254, L_Morse: 4.46982

Weights: [7000.0, 600.0, 0, 50.0, 0.0, 0.1], lr=5.000e-05
Epoch: 0 [5820/10000 (58%)] Loss: 12.98694 = L_Mnfld: 4.38686 + L_NonMnfld: 5.58084 + L_Nrml: 0.00000 + L_Eknl: 2.59901 + L_Div: 0.00000 + L_Morse: 0.42023
Epoch: 0 [5820/10000 (58%)] Unweighted L_s : L_Mnfld: 0.00063,  L_NonMnfld: 0.00930,  L_Nrml: 0.00000,  L_Eknl: 0.05198, L_Morse: 4.20225

Weights: [7000.0, 600.0, 0, 50.0, 0.0, 0.1], lr=5.000e-05
Epoch: 0 [5830/10000 (58%)] Loss: 13.65069 = L_Mnfld: 5.33521 + L_NonMnfld: 5.17275 + L_Nrml: 0.00000 + L_Eknl: 2.70468 + L_Div: 0.00000 + L_Morse: 0.43805
Epoch: 0 [5830/10000 (58%)] Unweighted L_s : L_Mnfld: 0.00076,  L_NonMnfld: 0.00862,  L_Nrml: 0.00000,  L_Eknl: 0.05409, L_Morse: 4.38049

Weights: [7000.0, 600.0, 0, 50.0, 0.0, 0.1], lr=5.000e-05
Epoch: 0 [5840/10000 (58%)] Loss: 13.04301 = L_Mnfld: 5.26750 + L_NonMnfld: 4.72786 + L_Nrml: 0.00000 + L_Eknl: 2.58366 + L_Div: 0.00000 + L_Morse: 0.46399
Epoch: 0 [5840/10000 (58%)] Unweighted L_s : L_Mnfld: 0.00075,  L_NonMnfld: 0.00788,  L_Nrml: 0.00000,  L_Eknl: 0.05167, L_Morse: 4.63987

Weights: [7000.0, 600.0, 0, 50.0, 0.0, 0.1], lr=5.000e-05
Epoch: 0 [5850/10000 (58%)] Loss: 12.49704 = L_Mnfld: 4.24930 + L_NonMnfld: 5.21221 + L_Nrml: 0.00000 + L_Eknl: 2.58735 + L_Div: 0.00000 + L_Morse: 0.44818
Epoch: 0 [5850/10000 (58%)] Unweighted L_s : L_Mnfld: 0.00061,  L_NonMnfld: 0.00869,  L_Nrml: 0.00000,  L_Eknl: 0.05175, L_Morse: 4.48183

Weights: [7000.0, 600.0, 0, 50.0, 0.0, 0.1], lr=5.000e-05
Epoch: 0 [5860/10000 (59%)] Loss: 14.24593 = L_Mnfld: 5.54403 + L_NonMnfld: 5.72046 + L_Nrml: 0.00000 + L_Eknl: 2.53333 + L_Div: 0.00000 + L_Morse: 0.44811
Epoch: 0 [5860/10000 (59%)] Unweighted L_s : L_Mnfld: 0.00079,  L_NonMnfld: 0.00953,  L_Nrml: 0.00000,  L_Eknl: 0.05067, L_Morse: 4.48115

Weights: [7000.0, 600.0, 0, 50.0, 0.0, 0.1], lr=5.000e-05
Epoch: 0 [5870/10000 (59%)] Loss: 13.14281 = L_Mnfld: 5.16705 + L_NonMnfld: 5.08173 + L_Nrml: 0.00000 + L_Eknl: 2.48338 + L_Div: 0.00000 + L_Morse: 0.41065
Epoch: 0 [5870/10000 (59%)] Unweighted L_s : L_Mnfld: 0.00074,  L_NonMnfld: 0.00847,  L_Nrml: 0.00000,  L_Eknl: 0.04967, L_Morse: 4.10654

Weights: [7000.0, 600.0, 0, 50.0, 0.0, 0.1], lr=5.000e-05
Epoch: 0 [5880/10000 (59%)] Loss: 14.20596 = L_Mnfld: 5.44894 + L_NonMnfld: 5.62258 + L_Nrml: 0.00000 + L_Eknl: 2.69551 + L_Div: 0.00000 + L_Morse: 0.43893
Epoch: 0 [5880/10000 (59%)] Unweighted L_s : L_Mnfld: 0.00078,  L_NonMnfld: 0.00937,  L_Nrml: 0.00000,  L_Eknl: 0.05391, L_Morse: 4.38928

Weights: [7000.0, 600.0, 0, 50.0, 0.0, 0.1], lr=5.000e-05
Epoch: 0 [5890/10000 (59%)] Loss: 14.08585 = L_Mnfld: 5.45786 + L_NonMnfld: 5.54494 + L_Nrml: 0.00000 + L_Eknl: 2.64156 + L_Div: 0.00000 + L_Morse: 0.44148
Epoch: 0 [5890/10000 (59%)] Unweighted L_s : L_Mnfld: 0.00078,  L_NonMnfld: 0.00924,  L_Nrml: 0.00000,  L_Eknl: 0.05283, L_Morse: 4.41481

Weights: [7000.0, 600.0, 0, 50.0, 0.0, 0.1], lr=5.000e-05
Epoch: 0 [5900/10000 (59%)] Loss: 14.24697 = L_Mnfld: 5.19632 + L_NonMnfld: 5.92328 + L_Nrml: 0.00000 + L_Eknl: 2.67971 + L_Div: 0.00000 + L_Morse: 0.44766
Epoch: 0 [5900/10000 (59%)] Unweighted L_s : L_Mnfld: 0.00074,  L_NonMnfld: 0.00987,  L_Nrml: 0.00000,  L_Eknl: 0.05359, L_Morse: 4.47659

Weights: [7000.0, 600.0, 0, 50.0, 0.0, 0.1], lr=5.000e-05
Epoch: 0 [5910/10000 (59%)] Loss: 12.76301 = L_Mnfld: 4.69790 + L_NonMnfld: 5.09669 + L_Nrml: 0.00000 + L_Eknl: 2.48657 + L_Div: 0.00000 + L_Morse: 0.48185
Epoch: 0 [5910/10000 (59%)] Unweighted L_s : L_Mnfld: 0.00067,  L_NonMnfld: 0.00849,  L_Nrml: 0.00000,  L_Eknl: 0.04973, L_Morse: 4.81851

Weights: [7000.0, 600.0, 0, 50.0, 0.0, 0.1], lr=5.000e-05
Epoch: 0 [5920/10000 (59%)] Loss: 13.77107 = L_Mnfld: 4.92132 + L_NonMnfld: 5.95019 + L_Nrml: 0.00000 + L_Eknl: 2.45446 + L_Div: 0.00000 + L_Morse: 0.44510
Epoch: 0 [5920/10000 (59%)] Unweighted L_s : L_Mnfld: 0.00070,  L_NonMnfld: 0.00992,  L_Nrml: 0.00000,  L_Eknl: 0.04909, L_Morse: 4.45102

Weights: [7000.0, 600.0, 0, 50.0, 0.0, 0.1], lr=5.000e-05
Epoch: 0 [5930/10000 (59%)] Loss: 13.49389 = L_Mnfld: 4.97505 + L_NonMnfld: 5.56767 + L_Nrml: 0.00000 + L_Eknl: 2.51280 + L_Div: 0.00000 + L_Morse: 0.43838
Epoch: 0 [5930/10000 (59%)] Unweighted L_s : L_Mnfld: 0.00071,  L_NonMnfld: 0.00928,  L_Nrml: 0.00000,  L_Eknl: 0.05026, L_Morse: 4.38376

Weights: [7000.0, 600.0, 0, 50.0, 0.0, 0.1], lr=5.000e-05
Epoch: 0 [5940/10000 (59%)] Loss: 13.91414 = L_Mnfld: 5.20902 + L_NonMnfld: 5.69316 + L_Nrml: 0.00000 + L_Eknl: 2.56234 + L_Div: 0.00000 + L_Morse: 0.44962
Epoch: 0 [5940/10000 (59%)] Unweighted L_s : L_Mnfld: 0.00074,  L_NonMnfld: 0.00949,  L_Nrml: 0.00000,  L_Eknl: 0.05125, L_Morse: 4.49624

Weights: [7000.0, 600.0, 0, 50.0, 0.0, 0.1], lr=5.000e-05
Epoch: 0 [5950/10000 (60%)] Loss: 13.16922 = L_Mnfld: 5.16390 + L_NonMnfld: 5.11884 + L_Nrml: 0.00000 + L_Eknl: 2.46024 + L_Div: 0.00000 + L_Morse: 0.42625
Epoch: 0 [5950/10000 (60%)] Unweighted L_s : L_Mnfld: 0.00074,  L_NonMnfld: 0.00853,  L_Nrml: 0.00000,  L_Eknl: 0.04920, L_Morse: 4.26246

Weights: [7000.0, 600.0, 0, 50.0, 0.0, 0.1], lr=5.000e-05
Epoch: 0 [5960/10000 (60%)] Loss: 12.97467 = L_Mnfld: 4.94453 + L_NonMnfld: 5.16251 + L_Nrml: 0.00000 + L_Eknl: 2.42334 + L_Div: 0.00000 + L_Morse: 0.44429
Epoch: 0 [5960/10000 (60%)] Unweighted L_s : L_Mnfld: 0.00071,  L_NonMnfld: 0.00860,  L_Nrml: 0.00000,  L_Eknl: 0.04847, L_Morse: 4.44290

Weights: [7000.0, 600.0, 0, 50.0, 0.0, 0.1], lr=5.000e-05
Epoch: 0 [5970/10000 (60%)] Loss: 13.00490 = L_Mnfld: 4.68532 + L_NonMnfld: 5.40197 + L_Nrml: 0.00000 + L_Eknl: 2.48832 + L_Div: 0.00000 + L_Morse: 0.42928
Epoch: 0 [5970/10000 (60%)] Unweighted L_s : L_Mnfld: 0.00067,  L_NonMnfld: 0.00900,  L_Nrml: 0.00000,  L_Eknl: 0.04977, L_Morse: 4.29285

Weights: [7000.0, 600.0, 0, 50.0, 0.0, 0.1], lr=5.000e-05
Epoch: 0 [5980/10000 (60%)] Loss: 13.72857 = L_Mnfld: 5.30061 + L_NonMnfld: 5.47465 + L_Nrml: 0.00000 + L_Eknl: 2.51222 + L_Div: 0.00000 + L_Morse: 0.44108
Epoch: 0 [5980/10000 (60%)] Unweighted L_s : L_Mnfld: 0.00076,  L_NonMnfld: 0.00912,  L_Nrml: 0.00000,  L_Eknl: 0.05024, L_Morse: 4.41085

Weights: [7000.0, 600.0, 0, 50.0, 0.0, 0.1], lr=5.000e-05
Epoch: 0 [5990/10000 (60%)] Loss: 13.19229 = L_Mnfld: 4.58310 + L_NonMnfld: 5.61272 + L_Nrml: 0.00000 + L_Eknl: 2.54322 + L_Div: 0.00000 + L_Morse: 0.45325
Epoch: 0 [5990/10000 (60%)] Unweighted L_s : L_Mnfld: 0.00065,  L_NonMnfld: 0.00935,  L_Nrml: 0.00000,  L_Eknl: 0.05086, L_Morse: 4.53250

Weights: [7000.0, 600.0, 0, 50.0, 0.0, 0.1], lr=5.000e-05
Epoch: 0 [6000/10000 (60%)] Loss: 13.76339 = L_Mnfld: 5.95170 + L_NonMnfld: 4.81518 + L_Nrml: 0.00000 + L_Eknl: 2.52774 + L_Div: 0.00000 + L_Morse: 0.46877
Epoch: 0 [6000/10000 (60%)] Unweighted L_s : L_Mnfld: 0.00085,  L_NonMnfld: 0.00803,  L_Nrml: 0.00000,  L_Eknl: 0.05055, L_Morse: 4.68766

Weights: [7000.0, 600.0, 0, 50.0, 0.0, 0.1], lr=5.000e-05
Epoch: 0 [6010/10000 (60%)] Loss: 14.23387 = L_Mnfld: 5.59933 + L_NonMnfld: 5.69036 + L_Nrml: 0.00000 + L_Eknl: 2.51704 + L_Div: 0.00000 + L_Morse: 0.42714
Epoch: 0 [6010/10000 (60%)] Unweighted L_s : L_Mnfld: 0.00080,  L_NonMnfld: 0.00948,  L_Nrml: 0.00000,  L_Eknl: 0.05034, L_Morse: 4.27141

Weights: [7000.0, 600.0, 0, 50.0, 0.0, 0.1], lr=5.000e-05
Epoch: 0 [6020/10000 (60%)] Loss: 13.41719 = L_Mnfld: 4.92961 + L_NonMnfld: 5.51475 + L_Nrml: 0.00000 + L_Eknl: 2.51451 + L_Div: 0.00000 + L_Morse: 0.45833
Epoch: 0 [6020/10000 (60%)] Unweighted L_s : L_Mnfld: 0.00070,  L_NonMnfld: 0.00919,  L_Nrml: 0.00000,  L_Eknl: 0.05029, L_Morse: 4.58330

Weights: [7000.0, 600.0, 0, 50.0, 0.0, 0.1], lr=5.000e-05
Epoch: 0 [6030/10000 (60%)] Loss: 12.51038 = L_Mnfld: 4.67349 + L_NonMnfld: 4.90580 + L_Nrml: 0.00000 + L_Eknl: 2.48724 + L_Div: 0.00000 + L_Morse: 0.44384
Epoch: 0 [6030/10000 (60%)] Unweighted L_s : L_Mnfld: 0.00067,  L_NonMnfld: 0.00818,  L_Nrml: 0.00000,  L_Eknl: 0.04974, L_Morse: 4.43843

Weights: [7000.0, 600.0, 0, 50.0, 0.0, 0.1], lr=5.000e-05
Epoch: 0 [6040/10000 (60%)] Loss: 13.58452 = L_Mnfld: 5.35405 + L_NonMnfld: 5.05425 + L_Nrml: 0.00000 + L_Eknl: 2.71881 + L_Div: 0.00000 + L_Morse: 0.45740
Epoch: 0 [6040/10000 (60%)] Unweighted L_s : L_Mnfld: 0.00076,  L_NonMnfld: 0.00842,  L_Nrml: 0.00000,  L_Eknl: 0.05438, L_Morse: 4.57404

Weights: [7000.0, 600.0, 0, 50.0, 0.0, 0.1], lr=5.000e-05
Epoch: 0 [6050/10000 (60%)] Loss: 13.35101 = L_Mnfld: 5.31131 + L_NonMnfld: 5.18927 + L_Nrml: 0.00000 + L_Eknl: 2.38697 + L_Div: 0.00000 + L_Morse: 0.46347
Epoch: 0 [6050/10000 (60%)] Unweighted L_s : L_Mnfld: 0.00076,  L_NonMnfld: 0.00865,  L_Nrml: 0.00000,  L_Eknl: 0.04774, L_Morse: 4.63466

Weights: [7000.0, 600.0, 0, 50.0, 0.0, 0.1], lr=5.000e-05
Epoch: 0 [6060/10000 (61%)] Loss: 12.87020 = L_Mnfld: 5.12152 + L_NonMnfld: 4.82663 + L_Nrml: 0.00000 + L_Eknl: 2.46676 + L_Div: 0.00000 + L_Morse: 0.45529
Epoch: 0 [6060/10000 (61%)] Unweighted L_s : L_Mnfld: 0.00073,  L_NonMnfld: 0.00804,  L_Nrml: 0.00000,  L_Eknl: 0.04934, L_Morse: 4.55288

Weights: [7000.0, 600.0, 0, 50.0, 0.0, 0.1], lr=5.000e-05
Epoch: 0 [6070/10000 (61%)] Loss: 14.02902 = L_Mnfld: 4.99248 + L_NonMnfld: 6.15783 + L_Nrml: 0.00000 + L_Eknl: 2.41979 + L_Div: 0.00000 + L_Morse: 0.45892
Epoch: 0 [6070/10000 (61%)] Unweighted L_s : L_Mnfld: 0.00071,  L_NonMnfld: 0.01026,  L_Nrml: 0.00000,  L_Eknl: 0.04840, L_Morse: 4.58922

Weights: [7000.0, 600.0, 0, 50.0, 0.0, 0.1], lr=5.000e-05
Epoch: 0 [6080/10000 (61%)] Loss: 12.82463 = L_Mnfld: 4.69404 + L_NonMnfld: 5.34450 + L_Nrml: 0.00000 + L_Eknl: 2.36729 + L_Div: 0.00000 + L_Morse: 0.41880
Epoch: 0 [6080/10000 (61%)] Unweighted L_s : L_Mnfld: 0.00067,  L_NonMnfld: 0.00891,  L_Nrml: 0.00000,  L_Eknl: 0.04735, L_Morse: 4.18796

Weights: [7000.0, 600.0, 0, 50.0, 0.0, 0.1], lr=5.000e-05
Epoch: 0 [6090/10000 (61%)] Loss: 13.29255 = L_Mnfld: 4.65901 + L_NonMnfld: 5.58859 + L_Nrml: 0.00000 + L_Eknl: 2.59393 + L_Div: 0.00000 + L_Morse: 0.45102
Epoch: 0 [6090/10000 (61%)] Unweighted L_s : L_Mnfld: 0.00067,  L_NonMnfld: 0.00931,  L_Nrml: 0.00000,  L_Eknl: 0.05188, L_Morse: 4.51017

Weights: [7000.0, 600.0, 0, 50.0, 0.0, 0.1], lr=5.000e-05
Epoch: 0 [6100/10000 (61%)] Loss: 13.28406 = L_Mnfld: 4.83045 + L_NonMnfld: 5.63069 + L_Nrml: 0.00000 + L_Eknl: 2.37677 + L_Div: 0.00000 + L_Morse: 0.44615
Epoch: 0 [6100/10000 (61%)] Unweighted L_s : L_Mnfld: 0.00069,  L_NonMnfld: 0.00938,  L_Nrml: 0.00000,  L_Eknl: 0.04754, L_Morse: 4.46150

Weights: [7000.0, 600.0, 0, 50.0, 0.0, 0.1], lr=5.000e-05
Epoch: 0 [6110/10000 (61%)] Loss: 12.89725 = L_Mnfld: 4.56414 + L_NonMnfld: 5.44967 + L_Nrml: 0.00000 + L_Eknl: 2.41900 + L_Div: 0.00000 + L_Morse: 0.46443
Epoch: 0 [6110/10000 (61%)] Unweighted L_s : L_Mnfld: 0.00065,  L_NonMnfld: 0.00908,  L_Nrml: 0.00000,  L_Eknl: 0.04838, L_Morse: 4.64431

Weights: [7000.0, 600.0, 0, 50.0, 0.0, 0.1], lr=5.000e-05
Epoch: 0 [6120/10000 (61%)] Loss: 14.36227 = L_Mnfld: 5.84255 + L_NonMnfld: 5.47984 + L_Nrml: 0.00000 + L_Eknl: 2.59503 + L_Div: 0.00000 + L_Morse: 0.44484
Epoch: 0 [6120/10000 (61%)] Unweighted L_s : L_Mnfld: 0.00083,  L_NonMnfld: 0.00913,  L_Nrml: 0.00000,  L_Eknl: 0.05190, L_Morse: 4.44841

Weights: [7000.0, 600.0, 0, 50.0, 0.0, 0.1], lr=5.000e-05
Epoch: 0 [6130/10000 (61%)] Loss: 12.77697 = L_Mnfld: 4.82816 + L_NonMnfld: 4.93851 + L_Nrml: 0.00000 + L_Eknl: 2.55404 + L_Div: 0.00000 + L_Morse: 0.45627
Epoch: 0 [6130/10000 (61%)] Unweighted L_s : L_Mnfld: 0.00069,  L_NonMnfld: 0.00823,  L_Nrml: 0.00000,  L_Eknl: 0.05108, L_Morse: 4.56269

Weights: [7000.0, 600.0, 0, 50.0, 0.0, 0.1], lr=5.000e-05
Epoch: 0 [6140/10000 (61%)] Loss: 13.77707 = L_Mnfld: 5.64138 + L_NonMnfld: 5.08213 + L_Nrml: 0.00000 + L_Eknl: 2.60614 + L_Div: 0.00000 + L_Morse: 0.44743
Epoch: 0 [6140/10000 (61%)] Unweighted L_s : L_Mnfld: 0.00081,  L_NonMnfld: 0.00847,  L_Nrml: 0.00000,  L_Eknl: 0.05212, L_Morse: 4.47429

Weights: [7000.0, 600.0, 0, 50.0, 0.0, 0.1], lr=5.000e-05
Epoch: 0 [6150/10000 (62%)] Loss: 12.83279 = L_Mnfld: 5.19700 + L_NonMnfld: 4.69150 + L_Nrml: 0.00000 + L_Eknl: 2.49130 + L_Div: 0.00000 + L_Morse: 0.45299
Epoch: 0 [6150/10000 (62%)] Unweighted L_s : L_Mnfld: 0.00074,  L_NonMnfld: 0.00782,  L_Nrml: 0.00000,  L_Eknl: 0.04983, L_Morse: 4.52989

Weights: [7000.0, 600.0, 0, 50.0, 0.0, 0.1], lr=5.000e-05
Epoch: 0 [6160/10000 (62%)] Loss: 13.75919 = L_Mnfld: 5.42506 + L_NonMnfld: 5.44132 + L_Nrml: 0.00000 + L_Eknl: 2.45811 + L_Div: 0.00000 + L_Morse: 0.43470
Epoch: 0 [6160/10000 (62%)] Unweighted L_s : L_Mnfld: 0.00078,  L_NonMnfld: 0.00907,  L_Nrml: 0.00000,  L_Eknl: 0.04916, L_Morse: 4.34699

Weights: [7000.0, 600.0, 0, 50.0, 0.0, 0.1], lr=5.000e-05
Epoch: 0 [6170/10000 (62%)] Loss: 13.02688 = L_Mnfld: 4.85559 + L_NonMnfld: 5.29397 + L_Nrml: 0.00000 + L_Eknl: 2.41369 + L_Div: 0.00000 + L_Morse: 0.46363
Epoch: 0 [6170/10000 (62%)] Unweighted L_s : L_Mnfld: 0.00069,  L_NonMnfld: 0.00882,  L_Nrml: 0.00000,  L_Eknl: 0.04827, L_Morse: 4.63626

Weights: [7000.0, 600.0, 0, 50.0, 0.0, 0.1], lr=5.000e-05
Epoch: 0 [6180/10000 (62%)] Loss: 13.86802 = L_Mnfld: 5.40958 + L_NonMnfld: 5.54160 + L_Nrml: 0.00000 + L_Eknl: 2.46773 + L_Div: 0.00000 + L_Morse: 0.44911
Epoch: 0 [6180/10000 (62%)] Unweighted L_s : L_Mnfld: 0.00077,  L_NonMnfld: 0.00924,  L_Nrml: 0.00000,  L_Eknl: 0.04935, L_Morse: 4.49106

Weights: [7000.0, 600.0, 0, 50.0, 0.0, 0.1], lr=5.000e-05
Epoch: 0 [6190/10000 (62%)] Loss: 12.78590 = L_Mnfld: 5.04830 + L_NonMnfld: 4.86074 + L_Nrml: 0.00000 + L_Eknl: 2.43586 + L_Div: 0.00000 + L_Morse: 0.44099
Epoch: 0 [6190/10000 (62%)] Unweighted L_s : L_Mnfld: 0.00072,  L_NonMnfld: 0.00810,  L_Nrml: 0.00000,  L_Eknl: 0.04872, L_Morse: 4.40992

Weights: [7000.0, 600.0, 0, 50.0, 0.0, 0.1], lr=5.000e-05
Epoch: 0 [6200/10000 (62%)] Loss: 13.56691 = L_Mnfld: 5.28695 + L_NonMnfld: 5.30776 + L_Nrml: 0.00000 + L_Eknl: 2.53521 + L_Div: 0.00000 + L_Morse: 0.43700
Epoch: 0 [6200/10000 (62%)] Unweighted L_s : L_Mnfld: 0.00076,  L_NonMnfld: 0.00885,  L_Nrml: 0.00000,  L_Eknl: 0.05070, L_Morse: 4.36998

Weights: [7000.0, 600.0, 0, 50.0, 0.0, 0.1], lr=5.000e-05
Epoch: 0 [6210/10000 (62%)] Loss: 12.92189 = L_Mnfld: 4.80794 + L_NonMnfld: 5.24109 + L_Nrml: 0.00000 + L_Eknl: 2.40666 + L_Div: 0.00000 + L_Morse: 0.46621
Epoch: 0 [6210/10000 (62%)] Unweighted L_s : L_Mnfld: 0.00069,  L_NonMnfld: 0.00874,  L_Nrml: 0.00000,  L_Eknl: 0.04813, L_Morse: 4.66206

Weights: [7000.0, 600.0, 0, 50.0, 0.0, 0.1], lr=5.000e-05
Epoch: 0 [6220/10000 (62%)] Loss: 13.11215 = L_Mnfld: 5.15665 + L_NonMnfld: 5.08424 + L_Nrml: 0.00000 + L_Eknl: 2.38861 + L_Div: 0.00000 + L_Morse: 0.48265
Epoch: 0 [6220/10000 (62%)] Unweighted L_s : L_Mnfld: 0.00074,  L_NonMnfld: 0.00847,  L_Nrml: 0.00000,  L_Eknl: 0.04777, L_Morse: 4.82645

Weights: [7000.0, 600.0, 0, 50.0, 0.0, 0.1], lr=5.000e-05
Epoch: 0 [6230/10000 (62%)] Loss: 13.50222 = L_Mnfld: 4.91112 + L_NonMnfld: 5.78364 + L_Nrml: 0.00000 + L_Eknl: 2.33768 + L_Div: 0.00000 + L_Morse: 0.46978
Epoch: 0 [6230/10000 (62%)] Unweighted L_s : L_Mnfld: 0.00070,  L_NonMnfld: 0.00964,  L_Nrml: 0.00000,  L_Eknl: 0.04675, L_Morse: 4.69782

Weights: [7000.0, 600.0, 0, 50.0, 0.0, 0.1], lr=5.000e-05
Epoch: 0 [6240/10000 (62%)] Loss: 14.63198 = L_Mnfld: 6.41917 + L_NonMnfld: 5.23632 + L_Nrml: 0.00000 + L_Eknl: 2.52503 + L_Div: 0.00000 + L_Morse: 0.45146
Epoch: 0 [6240/10000 (62%)] Unweighted L_s : L_Mnfld: 0.00092,  L_NonMnfld: 0.00873,  L_Nrml: 0.00000,  L_Eknl: 0.05050, L_Morse: 4.51460

Weights: [7000.0, 600.0, 0, 50.0, 0.0, 0.1], lr=5.000e-05
Epoch: 0 [6250/10000 (62%)] Loss: 13.78074 = L_Mnfld: 5.58459 + L_NonMnfld: 5.29786 + L_Nrml: 0.00000 + L_Eknl: 2.44571 + L_Div: 0.00000 + L_Morse: 0.45259
Epoch: 0 [6250/10000 (62%)] Unweighted L_s : L_Mnfld: 0.00080,  L_NonMnfld: 0.00883,  L_Nrml: 0.00000,  L_Eknl: 0.04891, L_Morse: 4.52592

Weights: [7000.0, 600.0, 0, 50.0, 0.0, 0.1], lr=5.000e-05
Epoch: 0 [6260/10000 (63%)] Loss: 13.45349 = L_Mnfld: 5.26552 + L_NonMnfld: 5.15829 + L_Nrml: 0.00000 + L_Eknl: 2.56506 + L_Div: 0.00000 + L_Morse: 0.46463
Epoch: 0 [6260/10000 (63%)] Unweighted L_s : L_Mnfld: 0.00075,  L_NonMnfld: 0.00860,  L_Nrml: 0.00000,  L_Eknl: 0.05130, L_Morse: 4.64627

Weights: [7000.0, 600.0, 0, 50.0, 0.0, 0.1], lr=5.000e-05
Epoch: 0 [6270/10000 (63%)] Loss: 14.05070 = L_Mnfld: 5.41442 + L_NonMnfld: 5.74713 + L_Nrml: 0.00000 + L_Eknl: 2.46207 + L_Div: 0.00000 + L_Morse: 0.42708
Epoch: 0 [6270/10000 (63%)] Unweighted L_s : L_Mnfld: 0.00077,  L_NonMnfld: 0.00958,  L_Nrml: 0.00000,  L_Eknl: 0.04924, L_Morse: 4.27084

Weights: [7000.0, 600.0, 0, 50.0, 0.0, 0.1], lr=5.000e-05
Epoch: 0 [6280/10000 (63%)] Loss: 13.66001 = L_Mnfld: 5.44552 + L_NonMnfld: 5.28246 + L_Nrml: 0.00000 + L_Eknl: 2.47572 + L_Div: 0.00000 + L_Morse: 0.45631
Epoch: 0 [6280/10000 (63%)] Unweighted L_s : L_Mnfld: 0.00078,  L_NonMnfld: 0.00880,  L_Nrml: 0.00000,  L_Eknl: 0.04951, L_Morse: 4.56310

Weights: [7000.0, 600.0, 0, 50.0, 0.0, 0.1], lr=5.000e-05
Epoch: 0 [6290/10000 (63%)] Loss: 13.54554 = L_Mnfld: 4.90984 + L_NonMnfld: 5.73087 + L_Nrml: 0.00000 + L_Eknl: 2.41600 + L_Div: 0.00000 + L_Morse: 0.48883
Epoch: 0 [6290/10000 (63%)] Unweighted L_s : L_Mnfld: 0.00070,  L_NonMnfld: 0.00955,  L_Nrml: 0.00000,  L_Eknl: 0.04832, L_Morse: 4.88826

Weights: [7000.0, 600.0, 0, 50.0, 0.0, 0.1], lr=5.000e-05
Epoch: 0 [6300/10000 (63%)] Loss: 12.53018 = L_Mnfld: 4.97374 + L_NonMnfld: 4.71924 + L_Nrml: 0.00000 + L_Eknl: 2.36359 + L_Div: 0.00000 + L_Morse: 0.47360
Epoch: 0 [6300/10000 (63%)] Unweighted L_s : L_Mnfld: 0.00071,  L_NonMnfld: 0.00787,  L_Nrml: 0.00000,  L_Eknl: 0.04727, L_Morse: 4.73603

Weights: [7000.0, 600.0, 0, 50.0, 0.0, 0.1], lr=5.000e-05
Epoch: 0 [6310/10000 (63%)] Loss: 12.71374 = L_Mnfld: 5.05047 + L_NonMnfld: 4.80234 + L_Nrml: 0.00000 + L_Eknl: 2.40267 + L_Div: 0.00000 + L_Morse: 0.45826
Epoch: 0 [6310/10000 (63%)] Unweighted L_s : L_Mnfld: 0.00072,  L_NonMnfld: 0.00800,  L_Nrml: 0.00000,  L_Eknl: 0.04805, L_Morse: 4.58264

Weights: [7000.0, 600.0, 0, 50.0, 0.0, 0.1], lr=5.000e-05
Epoch: 0 [6320/10000 (63%)] Loss: 13.82660 = L_Mnfld: 5.93563 + L_NonMnfld: 4.96924 + L_Nrml: 0.00000 + L_Eknl: 2.45576 + L_Div: 0.00000 + L_Morse: 0.46598
Epoch: 0 [6320/10000 (63%)] Unweighted L_s : L_Mnfld: 0.00085,  L_NonMnfld: 0.00828,  L_Nrml: 0.00000,  L_Eknl: 0.04912, L_Morse: 4.65976

Weights: [7000.0, 600.0, 0, 50.0, 0.0, 0.1], lr=5.000e-05
Epoch: 0 [6330/10000 (63%)] Loss: 11.58994 = L_Mnfld: 4.51128 + L_NonMnfld: 4.41140 + L_Nrml: 0.00000 + L_Eknl: 2.23655 + L_Div: 0.00000 + L_Morse: 0.43071
Epoch: 0 [6330/10000 (63%)] Unweighted L_s : L_Mnfld: 0.00064,  L_NonMnfld: 0.00735,  L_Nrml: 0.00000,  L_Eknl: 0.04473, L_Morse: 4.30711

Weights: [7000.0, 600.0, 0, 50.0, 0.0, 0.1], lr=5.000e-05
Epoch: 0 [6340/10000 (63%)] Loss: 13.32960 = L_Mnfld: 5.26521 + L_NonMnfld: 5.22373 + L_Nrml: 0.00000 + L_Eknl: 2.38990 + L_Div: 0.00000 + L_Morse: 0.45076
Epoch: 0 [6340/10000 (63%)] Unweighted L_s : L_Mnfld: 0.00075,  L_NonMnfld: 0.00871,  L_Nrml: 0.00000,  L_Eknl: 0.04780, L_Morse: 4.50759

Weights: [7000.0, 600.0, 0, 50.0, 0.0, 0.1], lr=5.000e-05
Epoch: 0 [6350/10000 (64%)] Loss: 12.66038 = L_Mnfld: 5.11085 + L_NonMnfld: 4.73269 + L_Nrml: 0.00000 + L_Eknl: 2.37765 + L_Div: 0.00000 + L_Morse: 0.43918
Epoch: 0 [6350/10000 (64%)] Unweighted L_s : L_Mnfld: 0.00073,  L_NonMnfld: 0.00789,  L_Nrml: 0.00000,  L_Eknl: 0.04755, L_Morse: 4.39183

Weights: [7000.0, 600.0, 0, 50.0, 0.0, 0.1], lr=5.000e-05
Epoch: 0 [6360/10000 (64%)] Loss: 12.75384 = L_Mnfld: 4.73766 + L_NonMnfld: 5.12626 + L_Nrml: 0.00000 + L_Eknl: 2.42590 + L_Div: 0.00000 + L_Morse: 0.46403
Epoch: 0 [6360/10000 (64%)] Unweighted L_s : L_Mnfld: 0.00068,  L_NonMnfld: 0.00854,  L_Nrml: 0.00000,  L_Eknl: 0.04852, L_Morse: 4.64032

Weights: [7000.0, 600.0, 0, 50.0, 0.0, 0.1], lr=5.000e-05
Epoch: 0 [6370/10000 (64%)] Loss: 12.70586 = L_Mnfld: 4.69166 + L_NonMnfld: 5.22702 + L_Nrml: 0.00000 + L_Eknl: 2.34259 + L_Div: 0.00000 + L_Morse: 0.44458
Epoch: 0 [6370/10000 (64%)] Unweighted L_s : L_Mnfld: 0.00067,  L_NonMnfld: 0.00871,  L_Nrml: 0.00000,  L_Eknl: 0.04685, L_Morse: 4.44580

Weights: [7000.0, 600.0, 0, 50.0, 0.0, 0.1], lr=5.000e-05
Epoch: 0 [6380/10000 (64%)] Loss: 12.62496 = L_Mnfld: 4.97071 + L_NonMnfld: 4.54404 + L_Nrml: 0.00000 + L_Eknl: 2.66338 + L_Div: 0.00000 + L_Morse: 0.44684
Epoch: 0 [6380/10000 (64%)] Unweighted L_s : L_Mnfld: 0.00071,  L_NonMnfld: 0.00757,  L_Nrml: 0.00000,  L_Eknl: 0.05327, L_Morse: 4.46840

Weights: [7000.0, 600.0, 0, 50.0, 0.0, 0.1], lr=5.000e-05
Epoch: 0 [6390/10000 (64%)] Loss: 13.07950 = L_Mnfld: 5.16371 + L_NonMnfld: 5.07122 + L_Nrml: 0.00000 + L_Eknl: 2.39363 + L_Div: 0.00000 + L_Morse: 0.45095
Epoch: 0 [6390/10000 (64%)] Unweighted L_s : L_Mnfld: 0.00074,  L_NonMnfld: 0.00845,  L_Nrml: 0.00000,  L_Eknl: 0.04787, L_Morse: 4.50950

Weights: [7000.0, 600.0, 0, 50.0, 0.0, 0.1], lr=5.000e-05
Epoch: 0 [6400/10000 (64%)] Loss: 12.94909 = L_Mnfld: 5.05369 + L_NonMnfld: 4.95551 + L_Nrml: 0.00000 + L_Eknl: 2.47999 + L_Div: 0.00000 + L_Morse: 0.45990
Epoch: 0 [6400/10000 (64%)] Unweighted L_s : L_Mnfld: 0.00072,  L_NonMnfld: 0.00826,  L_Nrml: 0.00000,  L_Eknl: 0.04960, L_Morse: 4.59896

Weights: [7000.0, 600.0, 0, 50.0, 0.0, 0.1], lr=5.000e-05
Epoch: 0 [6410/10000 (64%)] Loss: 13.42426 = L_Mnfld: 5.12068 + L_NonMnfld: 5.48649 + L_Nrml: 0.00000 + L_Eknl: 2.36266 + L_Div: 0.00000 + L_Morse: 0.45443
Epoch: 0 [6410/10000 (64%)] Unweighted L_s : L_Mnfld: 0.00073,  L_NonMnfld: 0.00914,  L_Nrml: 0.00000,  L_Eknl: 0.04725, L_Morse: 4.54425

Weights: [7000.0, 600.0, 0, 50.0, 0.0, 0.1], lr=5.000e-05
Epoch: 0 [6420/10000 (64%)] Loss: 13.05713 = L_Mnfld: 4.86214 + L_NonMnfld: 5.21686 + L_Nrml: 0.00000 + L_Eknl: 2.51357 + L_Div: 0.00000 + L_Morse: 0.46456
Epoch: 0 [6420/10000 (64%)] Unweighted L_s : L_Mnfld: 0.00069,  L_NonMnfld: 0.00869,  L_Nrml: 0.00000,  L_Eknl: 0.05027, L_Morse: 4.64560

Weights: [7000.0, 600.0, 0, 50.0, 0.0, 0.1], lr=5.000e-05
Epoch: 0 [6430/10000 (64%)] Loss: 13.15448 = L_Mnfld: 5.05295 + L_NonMnfld: 5.32457 + L_Nrml: 0.00000 + L_Eknl: 2.32064 + L_Div: 0.00000 + L_Morse: 0.45632
Epoch: 0 [6430/10000 (64%)] Unweighted L_s : L_Mnfld: 0.00072,  L_NonMnfld: 0.00887,  L_Nrml: 0.00000,  L_Eknl: 0.04641, L_Morse: 4.56325

Weights: [7000.0, 600.0, 0, 50.0, 0.0, 0.1], lr=5.000e-05
Epoch: 0 [6440/10000 (64%)] Loss: 14.26681 = L_Mnfld: 6.04046 + L_NonMnfld: 5.23120 + L_Nrml: 0.00000 + L_Eknl: 2.57424 + L_Div: 0.00000 + L_Morse: 0.42091
Epoch: 0 [6440/10000 (64%)] Unweighted L_s : L_Mnfld: 0.00086,  L_NonMnfld: 0.00872,  L_Nrml: 0.00000,  L_Eknl: 0.05148, L_Morse: 4.20913

Weights: [7000.0, 600.0, 0, 50.0, 0.0, 0.1], lr=5.000e-05
Epoch: 0 [6450/10000 (64%)] Loss: 14.07131 = L_Mnfld: 6.04253 + L_NonMnfld: 5.15073 + L_Nrml: 0.00000 + L_Eknl: 2.41462 + L_Div: 0.00000 + L_Morse: 0.46343
Epoch: 0 [6450/10000 (64%)] Unweighted L_s : L_Mnfld: 0.00086,  L_NonMnfld: 0.00858,  L_Nrml: 0.00000,  L_Eknl: 0.04829, L_Morse: 4.63426

Weights: [7000.0, 600.0, 0, 50.0, 0.0, 0.1], lr=5.000e-05
Epoch: 0 [6460/10000 (65%)] Loss: 13.94955 = L_Mnfld: 5.61651 + L_NonMnfld: 5.47980 + L_Nrml: 0.00000 + L_Eknl: 2.41481 + L_Div: 0.00000 + L_Morse: 0.43842
Epoch: 0 [6460/10000 (65%)] Unweighted L_s : L_Mnfld: 0.00080,  L_NonMnfld: 0.00913,  L_Nrml: 0.00000,  L_Eknl: 0.04830, L_Morse: 4.38418

Weights: [7000.0, 600.0, 0, 50.0, 0.0, 0.1], lr=5.000e-05
Epoch: 0 [6470/10000 (65%)] Loss: 13.31791 = L_Mnfld: 5.41316 + L_NonMnfld: 5.04220 + L_Nrml: 0.00000 + L_Eknl: 2.42260 + L_Div: 0.00000 + L_Morse: 0.43995
Epoch: 0 [6470/10000 (65%)] Unweighted L_s : L_Mnfld: 0.00077,  L_NonMnfld: 0.00840,  L_Nrml: 0.00000,  L_Eknl: 0.04845, L_Morse: 4.39950

Weights: [7000.0, 600.0, 0, 50.0, 0.0, 0.1], lr=5.000e-05
Epoch: 0 [6480/10000 (65%)] Loss: 14.01247 = L_Mnfld: 5.71308 + L_NonMnfld: 5.36418 + L_Nrml: 0.00000 + L_Eknl: 2.47095 + L_Div: 0.00000 + L_Morse: 0.46426
Epoch: 0 [6480/10000 (65%)] Unweighted L_s : L_Mnfld: 0.00082,  L_NonMnfld: 0.00894,  L_Nrml: 0.00000,  L_Eknl: 0.04942, L_Morse: 4.64258

Weights: [7000.0, 600.0, 0, 50.0, 0.0, 0.1], lr=5.000e-05
Epoch: 0 [6490/10000 (65%)] Loss: 13.89892 = L_Mnfld: 5.51468 + L_NonMnfld: 5.58192 + L_Nrml: 0.00000 + L_Eknl: 2.35062 + L_Div: 0.00000 + L_Morse: 0.45170
Epoch: 0 [6490/10000 (65%)] Unweighted L_s : L_Mnfld: 0.00079,  L_NonMnfld: 0.00930,  L_Nrml: 0.00000,  L_Eknl: 0.04701, L_Morse: 4.51701

Weights: [7000.0, 600.0, 0, 50.0, 0.0, 0.1], lr=5.000e-05
Epoch: 0 [6500/10000 (65%)] Loss: 13.54028 = L_Mnfld: 5.38619 + L_NonMnfld: 5.21768 + L_Nrml: 0.00000 + L_Eknl: 2.44723 + L_Div: 0.00000 + L_Morse: 0.48917
Epoch: 0 [6500/10000 (65%)] Unweighted L_s : L_Mnfld: 0.00077,  L_NonMnfld: 0.00870,  L_Nrml: 0.00000,  L_Eknl: 0.04894, L_Morse: 4.89172

Weights: [7000.0, 600.0, 0, 50.0, 0.0, 0.1], lr=5.000e-05
Epoch: 0 [6510/10000 (65%)] Loss: 13.02905 = L_Mnfld: 5.37768 + L_NonMnfld: 4.76115 + L_Nrml: 0.00000 + L_Eknl: 2.43007 + L_Div: 0.00000 + L_Morse: 0.46016
Epoch: 0 [6510/10000 (65%)] Unweighted L_s : L_Mnfld: 0.00077,  L_NonMnfld: 0.00794,  L_Nrml: 0.00000,  L_Eknl: 0.04860, L_Morse: 4.60155

Weights: [7000.0, 600.0, 0, 50.0, 0.0, 0.1], lr=5.000e-05
Epoch: 0 [6520/10000 (65%)] Loss: 13.33437 = L_Mnfld: 4.94407 + L_NonMnfld: 5.62993 + L_Nrml: 0.00000 + L_Eknl: 2.33018 + L_Div: 0.00000 + L_Morse: 0.43020
Epoch: 0 [6520/10000 (65%)] Unweighted L_s : L_Mnfld: 0.00071,  L_NonMnfld: 0.00938,  L_Nrml: 0.00000,  L_Eknl: 0.04660, L_Morse: 4.30197

Weights: [7000.0, 600.0, 0, 50.0, 0.0, 0.1], lr=5.000e-05
Epoch: 0 [6530/10000 (65%)] Loss: 13.09993 = L_Mnfld: 4.80644 + L_NonMnfld: 5.52312 + L_Nrml: 0.00000 + L_Eknl: 2.30642 + L_Div: 0.00000 + L_Morse: 0.46395
Epoch: 0 [6530/10000 (65%)] Unweighted L_s : L_Mnfld: 0.00069,  L_NonMnfld: 0.00921,  L_Nrml: 0.00000,  L_Eknl: 0.04613, L_Morse: 4.63953

Weights: [7000.0, 600.0, 0, 50.0, 0.0, 0.1], lr=5.000e-05
Epoch: 0 [6540/10000 (65%)] Loss: 13.18993 = L_Mnfld: 5.27344 + L_NonMnfld: 5.07646 + L_Nrml: 0.00000 + L_Eknl: 2.40441 + L_Div: 0.00000 + L_Morse: 0.43561
Epoch: 0 [6540/10000 (65%)] Unweighted L_s : L_Mnfld: 0.00075,  L_NonMnfld: 0.00846,  L_Nrml: 0.00000,  L_Eknl: 0.04809, L_Morse: 4.35612

Weights: [7000.0, 600.0, 0, 50.0, 0.0, 0.1], lr=5.000e-05
Epoch: 0 [6550/10000 (66%)] Loss: 13.26400 = L_Mnfld: 5.56227 + L_NonMnfld: 4.79333 + L_Nrml: 0.00000 + L_Eknl: 2.44797 + L_Div: 0.00000 + L_Morse: 0.46042
Epoch: 0 [6550/10000 (66%)] Unweighted L_s : L_Mnfld: 0.00079,  L_NonMnfld: 0.00799,  L_Nrml: 0.00000,  L_Eknl: 0.04896, L_Morse: 4.60424

Weights: [7000.0, 600.0, 0, 50.0, 0.0, 0.1], lr=5.000e-05
Epoch: 0 [6560/10000 (66%)] Loss: 14.36511 = L_Mnfld: 5.97536 + L_NonMnfld: 5.43751 + L_Nrml: 0.00000 + L_Eknl: 2.47325 + L_Div: 0.00000 + L_Morse: 0.47898
Epoch: 0 [6560/10000 (66%)] Unweighted L_s : L_Mnfld: 0.00085,  L_NonMnfld: 0.00906,  L_Nrml: 0.00000,  L_Eknl: 0.04947, L_Morse: 4.78985

Weights: [7000.0, 600.0, 0, 50.0, 0.0, 0.1], lr=5.000e-05
Epoch: 0 [6570/10000 (66%)] Loss: 13.64061 = L_Mnfld: 5.29706 + L_NonMnfld: 5.49594 + L_Nrml: 0.00000 + L_Eknl: 2.39566 + L_Div: 0.00000 + L_Morse: 0.45195
Epoch: 0 [6570/10000 (66%)] Unweighted L_s : L_Mnfld: 0.00076,  L_NonMnfld: 0.00916,  L_Nrml: 0.00000,  L_Eknl: 0.04791, L_Morse: 4.51946

Weights: [7000.0, 600.0, 0, 50.0, 0.0, 0.1], lr=5.000e-05
Epoch: 0 [6580/10000 (66%)] Loss: 14.26992 = L_Mnfld: 5.75971 + L_NonMnfld: 5.61519 + L_Nrml: 0.00000 + L_Eknl: 2.46650 + L_Div: 0.00000 + L_Morse: 0.42852
Epoch: 0 [6580/10000 (66%)] Unweighted L_s : L_Mnfld: 0.00082,  L_NonMnfld: 0.00936,  L_Nrml: 0.00000,  L_Eknl: 0.04933, L_Morse: 4.28521

Weights: [7000.0, 600.0, 0, 50.0, 0.0, 0.1], lr=5.000e-05
Epoch: 0 [6590/10000 (66%)] Loss: 12.75385 = L_Mnfld: 5.14153 + L_NonMnfld: 4.86955 + L_Nrml: 0.00000 + L_Eknl: 2.28821 + L_Div: 0.00000 + L_Morse: 0.45455
Epoch: 0 [6590/10000 (66%)] Unweighted L_s : L_Mnfld: 0.00073,  L_NonMnfld: 0.00812,  L_Nrml: 0.00000,  L_Eknl: 0.04576, L_Morse: 4.54553

Weights: [7000.0, 600.0, 0, 50.0, 0.0, 0.1], lr=5.000e-05
Epoch: 0 [6600/10000 (66%)] Loss: 12.86471 = L_Mnfld: 5.21004 + L_NonMnfld: 4.81869 + L_Nrml: 0.00000 + L_Eknl: 2.38054 + L_Div: 0.00000 + L_Morse: 0.45545
Epoch: 0 [6600/10000 (66%)] Unweighted L_s : L_Mnfld: 0.00074,  L_NonMnfld: 0.00803,  L_Nrml: 0.00000,  L_Eknl: 0.04761, L_Morse: 4.55450

Weights: [7000.0, 600.0, 0, 50.0, 0.0, 0.1], lr=5.000e-05
Epoch: 0 [6610/10000 (66%)] Loss: 13.53499 = L_Mnfld: 5.31377 + L_NonMnfld: 5.36929 + L_Nrml: 0.00000 + L_Eknl: 2.37613 + L_Div: 0.00000 + L_Morse: 0.47581
Epoch: 0 [6610/10000 (66%)] Unweighted L_s : L_Mnfld: 0.00076,  L_NonMnfld: 0.00895,  L_Nrml: 0.00000,  L_Eknl: 0.04752, L_Morse: 4.75805

Weights: [7000.0, 600.0, 0, 50.0, 0.0, 0.1], lr=5.000e-05
Epoch: 0 [6620/10000 (66%)] Loss: 13.33397 = L_Mnfld: 5.42705 + L_NonMnfld: 5.14061 + L_Nrml: 0.00000 + L_Eknl: 2.31943 + L_Div: 0.00000 + L_Morse: 0.44687
Epoch: 0 [6620/10000 (66%)] Unweighted L_s : L_Mnfld: 0.00078,  L_NonMnfld: 0.00857,  L_Nrml: 0.00000,  L_Eknl: 0.04639, L_Morse: 4.46873

Weights: [7000.0, 600.0, 0, 50.0, 0.0, 0.1], lr=5.000e-05
Epoch: 0 [6630/10000 (66%)] Loss: 12.93195 = L_Mnfld: 5.05186 + L_NonMnfld: 4.99520 + L_Nrml: 0.00000 + L_Eknl: 2.43496 + L_Div: 0.00000 + L_Morse: 0.44993
Epoch: 0 [6630/10000 (66%)] Unweighted L_s : L_Mnfld: 0.00072,  L_NonMnfld: 0.00833,  L_Nrml: 0.00000,  L_Eknl: 0.04870, L_Morse: 4.49931

Weights: [7000.0, 600.0, 0, 50.0, 0.0, 0.1], lr=5.000e-05
Epoch: 0 [6640/10000 (66%)] Loss: 13.13635 = L_Mnfld: 5.67969 + L_NonMnfld: 4.56931 + L_Nrml: 0.00000 + L_Eknl: 2.45305 + L_Div: 0.00000 + L_Morse: 0.43430
Epoch: 0 [6640/10000 (66%)] Unweighted L_s : L_Mnfld: 0.00081,  L_NonMnfld: 0.00762,  L_Nrml: 0.00000,  L_Eknl: 0.04906, L_Morse: 4.34299

Weights: [7000.0, 600.0, 0, 50.0, 0.0, 0.1], lr=5.000e-05
Epoch: 0 [6650/10000 (66%)] Loss: 12.26508 = L_Mnfld: 4.88409 + L_NonMnfld: 4.64773 + L_Nrml: 0.00000 + L_Eknl: 2.32514 + L_Div: 0.00000 + L_Morse: 0.40812
Epoch: 0 [6650/10000 (66%)] Unweighted L_s : L_Mnfld: 0.00070,  L_NonMnfld: 0.00775,  L_Nrml: 0.00000,  L_Eknl: 0.04650, L_Morse: 4.08124

Weights: [7000.0, 600.0, 0, 50.0, 0.0, 0.1], lr=5.000e-05
Epoch: 0 [6660/10000 (67%)] Loss: 12.98864 = L_Mnfld: 5.24039 + L_NonMnfld: 4.93570 + L_Nrml: 0.00000 + L_Eknl: 2.35733 + L_Div: 0.00000 + L_Morse: 0.45521
Epoch: 0 [6660/10000 (67%)] Unweighted L_s : L_Mnfld: 0.00075,  L_NonMnfld: 0.00823,  L_Nrml: 0.00000,  L_Eknl: 0.04715, L_Morse: 4.55208

Weights: [7000.0, 600.0, 0, 50.0, 0.0, 0.1], lr=5.000e-05
Epoch: 0 [6670/10000 (67%)] Loss: 13.73997 = L_Mnfld: 4.94182 + L_NonMnfld: 6.04374 + L_Nrml: 0.00000 + L_Eknl: 2.28453 + L_Div: 0.00000 + L_Morse: 0.46989
Epoch: 0 [6670/10000 (67%)] Unweighted L_s : L_Mnfld: 0.00071,  L_NonMnfld: 0.01007,  L_Nrml: 0.00000,  L_Eknl: 0.04569, L_Morse: 4.69887

Weights: [7000.0, 600.0, 0, 50.0, 0.0, 0.1], lr=5.000e-05
Epoch: 0 [6680/10000 (67%)] Loss: 12.80644 = L_Mnfld: 4.60730 + L_NonMnfld: 5.11395 + L_Nrml: 0.00000 + L_Eknl: 2.61623 + L_Div: 0.00000 + L_Morse: 0.46895
Epoch: 0 [6680/10000 (67%)] Unweighted L_s : L_Mnfld: 0.00066,  L_NonMnfld: 0.00852,  L_Nrml: 0.00000,  L_Eknl: 0.05232, L_Morse: 4.68954

Weights: [7000.0, 600.0, 0, 50.0, 0.0, 0.1], lr=5.000e-05
Epoch: 0 [6690/10000 (67%)] Loss: 12.89310 = L_Mnfld: 5.40061 + L_NonMnfld: 4.65989 + L_Nrml: 0.00000 + L_Eknl: 2.38483 + L_Div: 0.00000 + L_Morse: 0.44777
Epoch: 0 [6690/10000 (67%)] Unweighted L_s : L_Mnfld: 0.00077,  L_NonMnfld: 0.00777,  L_Nrml: 0.00000,  L_Eknl: 0.04770, L_Morse: 4.47768

Weights: [7000.0, 600.0, 0, 50.0, 0.0, 0.1], lr=5.000e-05
Epoch: 0 [6700/10000 (67%)] Loss: 13.19734 = L_Mnfld: 4.96338 + L_NonMnfld: 5.24827 + L_Nrml: 0.00000 + L_Eknl: 2.51894 + L_Div: 0.00000 + L_Morse: 0.46675
Epoch: 0 [6700/10000 (67%)] Unweighted L_s : L_Mnfld: 0.00071,  L_NonMnfld: 0.00875,  L_Nrml: 0.00000,  L_Eknl: 0.05038, L_Morse: 4.66753

Weights: [7000.0, 600.0, 0, 50.0, 0.0, 0.1], lr=5.000e-05
Epoch: 0 [6710/10000 (67%)] Loss: 14.61033 = L_Mnfld: 6.83381 + L_NonMnfld: 4.86921 + L_Nrml: 0.00000 + L_Eknl: 2.45717 + L_Div: 0.00000 + L_Morse: 0.45014
Epoch: 0 [6710/10000 (67%)] Unweighted L_s : L_Mnfld: 0.00098,  L_NonMnfld: 0.00812,  L_Nrml: 0.00000,  L_Eknl: 0.04914, L_Morse: 4.50140

Weights: [7000.0, 600.0, 0, 50.0, 0.0, 0.1], lr=5.000e-05
Epoch: 0 [6720/10000 (67%)] Loss: 14.33660 = L_Mnfld: 6.85821 + L_NonMnfld: 4.29873 + L_Nrml: 0.00000 + L_Eknl: 2.70671 + L_Div: 0.00000 + L_Morse: 0.47296
Epoch: 0 [6720/10000 (67%)] Unweighted L_s : L_Mnfld: 0.00098,  L_NonMnfld: 0.00716,  L_Nrml: 0.00000,  L_Eknl: 0.05413, L_Morse: 4.72956

Weights: [7000.0, 600.0, 0, 50.0, 0.0, 0.1], lr=5.000e-05
Epoch: 0 [6730/10000 (67%)] Loss: 14.53634 = L_Mnfld: 7.15198 + L_NonMnfld: 4.42667 + L_Nrml: 0.00000 + L_Eknl: 2.52903 + L_Div: 0.00000 + L_Morse: 0.42865
Epoch: 0 [6730/10000 (67%)] Unweighted L_s : L_Mnfld: 0.00102,  L_NonMnfld: 0.00738,  L_Nrml: 0.00000,  L_Eknl: 0.05058, L_Morse: 4.28652

Weights: [7000.0, 600.0, 0, 50.0, 0.0, 0.1], lr=5.000e-05
Epoch: 0 [6740/10000 (67%)] Loss: 14.44574 = L_Mnfld: 6.01567 + L_NonMnfld: 5.32218 + L_Nrml: 0.00000 + L_Eknl: 2.66049 + L_Div: 0.00000 + L_Morse: 0.44740
Epoch: 0 [6740/10000 (67%)] Unweighted L_s : L_Mnfld: 0.00086,  L_NonMnfld: 0.00887,  L_Nrml: 0.00000,  L_Eknl: 0.05321, L_Morse: 4.47402

Weights: [7000.0, 600.0, 0, 50.0, 0.0, 0.1], lr=5.000e-05
Epoch: 0 [6750/10000 (68%)] Loss: 13.43523 = L_Mnfld: 5.24995 + L_NonMnfld: 5.22911 + L_Nrml: 0.00000 + L_Eknl: 2.49985 + L_Div: 0.00000 + L_Morse: 0.45633
Epoch: 0 [6750/10000 (68%)] Unweighted L_s : L_Mnfld: 0.00075,  L_NonMnfld: 0.00872,  L_Nrml: 0.00000,  L_Eknl: 0.05000, L_Morse: 4.56330

Weights: [7000.0, 600.0, 0, 50.0, 0.0, 0.1], lr=5.000e-05
Epoch: 0 [6760/10000 (68%)] Loss: 13.55059 = L_Mnfld: 5.91393 + L_NonMnfld: 4.76964 + L_Nrml: 0.00000 + L_Eknl: 2.41663 + L_Div: 0.00000 + L_Morse: 0.45039
Epoch: 0 [6760/10000 (68%)] Unweighted L_s : L_Mnfld: 0.00084,  L_NonMnfld: 0.00795,  L_Nrml: 0.00000,  L_Eknl: 0.04833, L_Morse: 4.50386

Weights: [7000.0, 600.0, 0, 50.0, 0.0, 0.1], lr=5.000e-05
Epoch: 0 [6770/10000 (68%)] Loss: 14.02612 = L_Mnfld: 5.41154 + L_NonMnfld: 5.57032 + L_Nrml: 0.00000 + L_Eknl: 2.58717 + L_Div: 0.00000 + L_Morse: 0.45709
Epoch: 0 [6770/10000 (68%)] Unweighted L_s : L_Mnfld: 0.00077,  L_NonMnfld: 0.00928,  L_Nrml: 0.00000,  L_Eknl: 0.05174, L_Morse: 4.57088

Weights: [7000.0, 600.0, 0, 50.0, 0.0, 0.1], lr=5.000e-05
Epoch: 0 [6780/10000 (68%)] Loss: 14.29329 = L_Mnfld: 5.65210 + L_NonMnfld: 5.85931 + L_Nrml: 0.00000 + L_Eknl: 2.31901 + L_Div: 0.00000 + L_Morse: 0.46288
Epoch: 0 [6780/10000 (68%)] Unweighted L_s : L_Mnfld: 0.00081,  L_NonMnfld: 0.00977,  L_Nrml: 0.00000,  L_Eknl: 0.04638, L_Morse: 4.62881

Weights: [7000.0, 600.0, 0, 50.0, 0.0, 0.1], lr=5.000e-05
Epoch: 0 [6790/10000 (68%)] Loss: 13.29510 = L_Mnfld: 5.13087 + L_NonMnfld: 5.38076 + L_Nrml: 0.00000 + L_Eknl: 2.33530 + L_Div: 0.00000 + L_Morse: 0.44816
Epoch: 0 [6790/10000 (68%)] Unweighted L_s : L_Mnfld: 0.00073,  L_NonMnfld: 0.00897,  L_Nrml: 0.00000,  L_Eknl: 0.04671, L_Morse: 4.48159

Weights: [7000.0, 600.0, 0, 50.0, 0.0, 0.1], lr=5.000e-05
Epoch: 0 [6800/10000 (68%)] Loss: 14.13991 = L_Mnfld: 5.36490 + L_NonMnfld: 6.05252 + L_Nrml: 0.00000 + L_Eknl: 2.25504 + L_Div: 0.00000 + L_Morse: 0.46745
Epoch: 0 [6800/10000 (68%)] Unweighted L_s : L_Mnfld: 0.00077,  L_NonMnfld: 0.01009,  L_Nrml: 0.00000,  L_Eknl: 0.04510, L_Morse: 4.67453

Weights: [7000.0, 600.0, 0, 50.0, 0.0, 0.1], lr=5.000e-05
Epoch: 0 [6810/10000 (68%)] Loss: 13.15458 = L_Mnfld: 4.91120 + L_NonMnfld: 5.52321 + L_Nrml: 0.00000 + L_Eknl: 2.26320 + L_Div: 0.00000 + L_Morse: 0.45696
Epoch: 0 [6810/10000 (68%)] Unweighted L_s : L_Mnfld: 0.00070,  L_NonMnfld: 0.00921,  L_Nrml: 0.00000,  L_Eknl: 0.04526, L_Morse: 4.56964

Weights: [7000.0, 600.0, 0, 50.0, 0.0, 0.1], lr=5.000e-05
Epoch: 0 [6820/10000 (68%)] Loss: 13.53886 = L_Mnfld: 5.20625 + L_NonMnfld: 5.52555 + L_Nrml: 0.00000 + L_Eknl: 2.30780 + L_Div: 0.00000 + L_Morse: 0.49925
Epoch: 0 [6820/10000 (68%)] Unweighted L_s : L_Mnfld: 0.00074,  L_NonMnfld: 0.00921,  L_Nrml: 0.00000,  L_Eknl: 0.04616, L_Morse: 4.99255

Weights: [7000.0, 600.0, 0, 50.0, 0.0, 0.1], lr=5.000e-05
Epoch: 0 [6830/10000 (68%)] Loss: 12.73742 = L_Mnfld: 4.85872 + L_NonMnfld: 5.15923 + L_Nrml: 0.00000 + L_Eknl: 2.26175 + L_Div: 0.00000 + L_Morse: 0.45773
Epoch: 0 [6830/10000 (68%)] Unweighted L_s : L_Mnfld: 0.00069,  L_NonMnfld: 0.00860,  L_Nrml: 0.00000,  L_Eknl: 0.04524, L_Morse: 4.57727

Weights: [7000.0, 600.0, 0, 50.0, 0.0, 0.1], lr=5.000e-05
Epoch: 0 [6840/10000 (68%)] Loss: 12.91946 = L_Mnfld: 5.23678 + L_NonMnfld: 4.99662 + L_Nrml: 0.00000 + L_Eknl: 2.24089 + L_Div: 0.00000 + L_Morse: 0.44518
Epoch: 0 [6840/10000 (68%)] Unweighted L_s : L_Mnfld: 0.00075,  L_NonMnfld: 0.00833,  L_Nrml: 0.00000,  L_Eknl: 0.04482, L_Morse: 4.45176

Weights: [7000.0, 600.0, 0, 50.0, 0.0, 0.1], lr=5.000e-05
Epoch: 0 [6850/10000 (68%)] Loss: 12.49580 = L_Mnfld: 4.55260 + L_NonMnfld: 5.24285 + L_Nrml: 0.00000 + L_Eknl: 2.23077 + L_Div: 0.00000 + L_Morse: 0.46958
Epoch: 0 [6850/10000 (68%)] Unweighted L_s : L_Mnfld: 0.00065,  L_NonMnfld: 0.00874,  L_Nrml: 0.00000,  L_Eknl: 0.04462, L_Morse: 4.69580

Weights: [7000.0, 600.0, 0, 50.0, 0.0, 0.1], lr=5.000e-05
Epoch: 0 [6860/10000 (69%)] Loss: 12.89405 = L_Mnfld: 5.07453 + L_NonMnfld: 5.15906 + L_Nrml: 0.00000 + L_Eknl: 2.20796 + L_Div: 0.00000 + L_Morse: 0.45250
Epoch: 0 [6860/10000 (69%)] Unweighted L_s : L_Mnfld: 0.00072,  L_NonMnfld: 0.00860,  L_Nrml: 0.00000,  L_Eknl: 0.04416, L_Morse: 4.52503

Weights: [7000.0, 600.0, 0, 50.0, 0.0, 0.1], lr=5.000e-05
Epoch: 0 [6870/10000 (69%)] Loss: 13.62948 = L_Mnfld: 5.39602 + L_NonMnfld: 5.44385 + L_Nrml: 0.00000 + L_Eknl: 2.34586 + L_Div: 0.00000 + L_Morse: 0.44375
Epoch: 0 [6870/10000 (69%)] Unweighted L_s : L_Mnfld: 0.00077,  L_NonMnfld: 0.00907,  L_Nrml: 0.00000,  L_Eknl: 0.04692, L_Morse: 4.43750

Weights: [7000.0, 600.0, 0, 50.0, 0.0, 0.1], lr=5.000e-05
Epoch: 0 [6880/10000 (69%)] Loss: 12.44088 = L_Mnfld: 4.58229 + L_NonMnfld: 5.16188 + L_Nrml: 0.00000 + L_Eknl: 2.26270 + L_Div: 0.00000 + L_Morse: 0.43401
Epoch: 0 [6880/10000 (69%)] Unweighted L_s : L_Mnfld: 0.00065,  L_NonMnfld: 0.00860,  L_Nrml: 0.00000,  L_Eknl: 0.04525, L_Morse: 4.34008

Weights: [7000.0, 600.0, 0, 50.0, 0.0, 0.1], lr=5.000e-05
Epoch: 0 [6890/10000 (69%)] Loss: 13.22408 = L_Mnfld: 5.17052 + L_NonMnfld: 5.35749 + L_Nrml: 0.00000 + L_Eknl: 2.25643 + L_Div: 0.00000 + L_Morse: 0.43963
Epoch: 0 [6890/10000 (69%)] Unweighted L_s : L_Mnfld: 0.00074,  L_NonMnfld: 0.00893,  L_Nrml: 0.00000,  L_Eknl: 0.04513, L_Morse: 4.39630

Weights: [7000.0, 600.0, 0, 50.0, 0.0, 0.1], lr=5.000e-05
Epoch: 0 [6900/10000 (69%)] Loss: 12.75792 = L_Mnfld: 4.93032 + L_NonMnfld: 5.03897 + L_Nrml: 0.00000 + L_Eknl: 2.32160 + L_Div: 0.00000 + L_Morse: 0.46703
Epoch: 0 [6900/10000 (69%)] Unweighted L_s : L_Mnfld: 0.00070,  L_NonMnfld: 0.00840,  L_Nrml: 0.00000,  L_Eknl: 0.04643, L_Morse: 4.67026

Weights: [7000.0, 600.0, 0, 50.0, 0.0, 0.1], lr=5.000e-05
Epoch: 0 [6910/10000 (69%)] Loss: 12.63490 = L_Mnfld: 4.68111 + L_NonMnfld: 5.29725 + L_Nrml: 0.00000 + L_Eknl: 2.19795 + L_Div: 0.00000 + L_Morse: 0.45858
Epoch: 0 [6910/10000 (69%)] Unweighted L_s : L_Mnfld: 0.00067,  L_NonMnfld: 0.00883,  L_Nrml: 0.00000,  L_Eknl: 0.04396, L_Morse: 4.58581

Weights: [7000.0, 600.0, 0, 50.0, 0.0, 0.1], lr=5.000e-05
Epoch: 0 [6920/10000 (69%)] Loss: 12.60970 = L_Mnfld: 4.88182 + L_NonMnfld: 5.11426 + L_Nrml: 0.00000 + L_Eknl: 2.17175 + L_Div: 0.00000 + L_Morse: 0.44188
Epoch: 0 [6920/10000 (69%)] Unweighted L_s : L_Mnfld: 0.00070,  L_NonMnfld: 0.00852,  L_Nrml: 0.00000,  L_Eknl: 0.04343, L_Morse: 4.41876

Weights: [7000.0, 600.0, 0, 50.0, 0.0, 0.1], lr=5.000e-05
Epoch: 0 [6930/10000 (69%)] Loss: 12.27981 = L_Mnfld: 4.79525 + L_NonMnfld: 4.94605 + L_Nrml: 0.00000 + L_Eknl: 2.10061 + L_Div: 0.00000 + L_Morse: 0.43789
Epoch: 0 [6930/10000 (69%)] Unweighted L_s : L_Mnfld: 0.00069,  L_NonMnfld: 0.00824,  L_Nrml: 0.00000,  L_Eknl: 0.04201, L_Morse: 4.37892

Weights: [7000.0, 600.0, 0, 50.0, 0.0, 0.1], lr=5.000e-05
Epoch: 0 [6940/10000 (69%)] Loss: 12.78905 = L_Mnfld: 4.95369 + L_NonMnfld: 5.16340 + L_Nrml: 0.00000 + L_Eknl: 2.19828 + L_Div: 0.00000 + L_Morse: 0.47368
Epoch: 0 [6940/10000 (69%)] Unweighted L_s : L_Mnfld: 0.00071,  L_NonMnfld: 0.00861,  L_Nrml: 0.00000,  L_Eknl: 0.04397, L_Morse: 4.73682

Weights: [7000.0, 600.0, 0, 50.0, 0.0, 0.1], lr=5.000e-05
Epoch: 0 [6950/10000 (70%)] Loss: 12.46060 = L_Mnfld: 4.82293 + L_NonMnfld: 4.98842 + L_Nrml: 0.00000 + L_Eknl: 2.16749 + L_Div: 0.00000 + L_Morse: 0.48176
Epoch: 0 [6950/10000 (70%)] Unweighted L_s : L_Mnfld: 0.00069,  L_NonMnfld: 0.00831,  L_Nrml: 0.00000,  L_Eknl: 0.04335, L_Morse: 4.81765

Weights: [7000.0, 600.0, 0, 50.0, 0.0, 0.1], lr=5.000e-05
Epoch: 0 [6960/10000 (70%)] Loss: 13.11837 = L_Mnfld: 4.88693 + L_NonMnfld: 5.52668 + L_Nrml: 0.00000 + L_Eknl: 2.23317 + L_Div: 0.00000 + L_Morse: 0.47159
Epoch: 0 [6960/10000 (70%)] Unweighted L_s : L_Mnfld: 0.00070,  L_NonMnfld: 0.00921,  L_Nrml: 0.00000,  L_Eknl: 0.04466, L_Morse: 4.71587

Weights: [7000.0, 600.0, 0, 50.0, 0.0, 0.1], lr=5.000e-05
Epoch: 0 [6970/10000 (70%)] Loss: 12.78793 = L_Mnfld: 4.65495 + L_NonMnfld: 5.48228 + L_Nrml: 0.00000 + L_Eknl: 2.19701 + L_Div: 0.00000 + L_Morse: 0.45369
Epoch: 0 [6970/10000 (70%)] Unweighted L_s : L_Mnfld: 0.00066,  L_NonMnfld: 0.00914,  L_Nrml: 0.00000,  L_Eknl: 0.04394, L_Morse: 4.53690

Weights: [7000.0, 600.0, 0, 50.0, 0.0, 0.1], lr=5.000e-05
Epoch: 0 [6980/10000 (70%)] Loss: 13.80235 = L_Mnfld: 4.95334 + L_NonMnfld: 6.20648 + L_Nrml: 0.00000 + L_Eknl: 2.20159 + L_Div: 0.00000 + L_Morse: 0.44093
Epoch: 0 [6980/10000 (70%)] Unweighted L_s : L_Mnfld: 0.00071,  L_NonMnfld: 0.01034,  L_Nrml: 0.00000,  L_Eknl: 0.04403, L_Morse: 4.40932

Weights: [7000.0, 600.0, 0, 50.0, 0.0, 0.1], lr=5.000e-05
Epoch: 0 [6990/10000 (70%)] Loss: 12.67906 = L_Mnfld: 4.84676 + L_NonMnfld: 5.11218 + L_Nrml: 0.00000 + L_Eknl: 2.27578 + L_Div: 0.00000 + L_Morse: 0.44434
Epoch: 0 [6990/10000 (70%)] Unweighted L_s : L_Mnfld: 0.00069,  L_NonMnfld: 0.00852,  L_Nrml: 0.00000,  L_Eknl: 0.04552, L_Morse: 4.44343

Weights: [7000.0, 600.0, 0, 50.0, 0.0, 0.1], lr=5.000e-05
Epoch: 0 [7000/10000 (70%)] Loss: 13.23301 = L_Mnfld: 5.10532 + L_NonMnfld: 5.38922 + L_Nrml: 0.00000 + L_Eknl: 2.29589 + L_Div: 0.00000 + L_Morse: 0.44258
Epoch: 0 [7000/10000 (70%)] Unweighted L_s : L_Mnfld: 0.00073,  L_NonMnfld: 0.00898,  L_Nrml: 0.00000,  L_Eknl: 0.04592, L_Morse: 4.42581

Weights: [7000.0, 600.0, 0, 50.0, 0.0, 0.1], lr=5.000e-05
Epoch: 0 [7010/10000 (70%)] Loss: 12.74666 = L_Mnfld: 4.88083 + L_NonMnfld: 5.13943 + L_Nrml: 0.00000 + L_Eknl: 2.25558 + L_Div: 0.00000 + L_Morse: 0.47082
Epoch: 0 [7010/10000 (70%)] Unweighted L_s : L_Mnfld: 0.00070,  L_NonMnfld: 0.00857,  L_Nrml: 0.00000,  L_Eknl: 0.04511, L_Morse: 4.70824

Weights: [7000.0, 600.0, 0, 50.0, 0.0, 0.1], lr=5.000e-05
Epoch: 0 [7020/10000 (70%)] Loss: 12.73451 = L_Mnfld: 5.00286 + L_NonMnfld: 4.91061 + L_Nrml: 0.00000 + L_Eknl: 2.35678 + L_Div: 0.00000 + L_Morse: 0.46426
Epoch: 0 [7020/10000 (70%)] Unweighted L_s : L_Mnfld: 0.00071,  L_NonMnfld: 0.00818,  L_Nrml: 0.00000,  L_Eknl: 0.04714, L_Morse: 4.64255

Weights: [7000.0, 600.0, 0, 50.0, 0.0, 0.1], lr=5.000e-05
Epoch: 0 [7030/10000 (70%)] Loss: 13.02765 = L_Mnfld: 5.11790 + L_NonMnfld: 5.18569 + L_Nrml: 0.00000 + L_Eknl: 2.30121 + L_Div: 0.00000 + L_Morse: 0.42284
Epoch: 0 [7030/10000 (70%)] Unweighted L_s : L_Mnfld: 0.00073,  L_NonMnfld: 0.00864,  L_Nrml: 0.00000,  L_Eknl: 0.04602, L_Morse: 4.22843

Weights: [7000.0, 600.0, 0, 50.0, 0.0, 0.1], lr=5.000e-05
Epoch: 0 [7040/10000 (70%)] Loss: 13.04878 = L_Mnfld: 5.28581 + L_NonMnfld: 4.89260 + L_Nrml: 0.00000 + L_Eknl: 2.39853 + L_Div: 0.00000 + L_Morse: 0.47184
Epoch: 0 [7040/10000 (70%)] Unweighted L_s : L_Mnfld: 0.00076,  L_NonMnfld: 0.00815,  L_Nrml: 0.00000,  L_Eknl: 0.04797, L_Morse: 4.71842

Weights: [7000.0, 600.0, 0, 50.0, 0.0, 0.1], lr=5.000e-05
Epoch: 0 [7050/10000 (70%)] Loss: 12.55693 = L_Mnfld: 4.97154 + L_NonMnfld: 4.80845 + L_Nrml: 0.00000 + L_Eknl: 2.33541 + L_Div: 0.00000 + L_Morse: 0.44154
Epoch: 0 [7050/10000 (70%)] Unweighted L_s : L_Mnfld: 0.00071,  L_NonMnfld: 0.00801,  L_Nrml: 0.00000,  L_Eknl: 0.04671, L_Morse: 4.41535

Weights: [7000.0, 600.0, 0, 50.0, 0.0, 0.1], lr=5.000e-05
Epoch: 0 [7060/10000 (71%)] Loss: 12.96879 = L_Mnfld: 5.55713 + L_NonMnfld: 4.48963 + L_Nrml: 0.00000 + L_Eknl: 2.49066 + L_Div: 0.00000 + L_Morse: 0.43136
Epoch: 0 [7060/10000 (71%)] Unweighted L_s : L_Mnfld: 0.00079,  L_NonMnfld: 0.00748,  L_Nrml: 0.00000,  L_Eknl: 0.04981, L_Morse: 4.31357

Weights: [7000.0, 600.0, 0, 50.0, 0.0, 0.1], lr=5.000e-05
Epoch: 0 [7070/10000 (71%)] Loss: 13.08451 = L_Mnfld: 5.24475 + L_NonMnfld: 5.11686 + L_Nrml: 0.00000 + L_Eknl: 2.28224 + L_Div: 0.00000 + L_Morse: 0.44067
Epoch: 0 [7070/10000 (71%)] Unweighted L_s : L_Mnfld: 0.00075,  L_NonMnfld: 0.00853,  L_Nrml: 0.00000,  L_Eknl: 0.04564, L_Morse: 4.40670

Weights: [7000.0, 600.0, 0, 50.0, 0.0, 0.1], lr=5.000e-05
Epoch: 0 [7080/10000 (71%)] Loss: 13.11246 = L_Mnfld: 5.60987 + L_NonMnfld: 4.73852 + L_Nrml: 0.00000 + L_Eknl: 2.31327 + L_Div: 0.00000 + L_Morse: 0.45080
Epoch: 0 [7080/10000 (71%)] Unweighted L_s : L_Mnfld: 0.00080,  L_NonMnfld: 0.00790,  L_Nrml: 0.00000,  L_Eknl: 0.04627, L_Morse: 4.50795

Weights: [7000.0, 600.0, 0, 50.0, 0.0, 0.1], lr=5.000e-05
Epoch: 0 [7090/10000 (71%)] Loss: 13.71403 = L_Mnfld: 6.05234 + L_NonMnfld: 4.95132 + L_Nrml: 0.00000 + L_Eknl: 2.25004 + L_Div: 0.00000 + L_Morse: 0.46032
Epoch: 0 [7090/10000 (71%)] Unweighted L_s : L_Mnfld: 0.00086,  L_NonMnfld: 0.00825,  L_Nrml: 0.00000,  L_Eknl: 0.04500, L_Morse: 4.60325

Weights: [7000.0, 600.0, 0, 50.0, 0.0, 0.1], lr=5.000e-05
Epoch: 0 [7100/10000 (71%)] Loss: 13.25568 = L_Mnfld: 5.79105 + L_NonMnfld: 4.74807 + L_Nrml: 0.00000 + L_Eknl: 2.26192 + L_Div: 0.00000 + L_Morse: 0.45464
Epoch: 0 [7100/10000 (71%)] Unweighted L_s : L_Mnfld: 0.00083,  L_NonMnfld: 0.00791,  L_Nrml: 0.00000,  L_Eknl: 0.04524, L_Morse: 4.54635

Weights: [7000.0, 600.0, 0, 50.0, 0.0, 0.1], lr=5.000e-05
Epoch: 0 [7110/10000 (71%)] Loss: 13.07448 = L_Mnfld: 5.09782 + L_NonMnfld: 5.23649 + L_Nrml: 0.00000 + L_Eknl: 2.27748 + L_Div: 0.00000 + L_Morse: 0.46269
Epoch: 0 [7110/10000 (71%)] Unweighted L_s : L_Mnfld: 0.00073,  L_NonMnfld: 0.00873,  L_Nrml: 0.00000,  L_Eknl: 0.04555, L_Morse: 4.62685

Weights: [7000.0, 600.0, 0, 50.0, 0.0, 0.1], lr=5.000e-05
Epoch: 0 [7120/10000 (71%)] Loss: 12.57021 = L_Mnfld: 5.01685 + L_NonMnfld: 4.85190 + L_Nrml: 0.00000 + L_Eknl: 2.25375 + L_Div: 0.00000 + L_Morse: 0.44772
Epoch: 0 [7120/10000 (71%)] Unweighted L_s : L_Mnfld: 0.00072,  L_NonMnfld: 0.00809,  L_Nrml: 0.00000,  L_Eknl: 0.04508, L_Morse: 4.47715

Weights: [7000.0, 600.0, 0, 50.0, 0.0, 0.1], lr=5.000e-05
Epoch: 0 [7130/10000 (71%)] Loss: 13.29784 = L_Mnfld: 5.20928 + L_NonMnfld: 5.27432 + L_Nrml: 0.00000 + L_Eknl: 2.32057 + L_Div: 0.00000 + L_Morse: 0.49367
Epoch: 0 [7130/10000 (71%)] Unweighted L_s : L_Mnfld: 0.00074,  L_NonMnfld: 0.00879,  L_Nrml: 0.00000,  L_Eknl: 0.04641, L_Morse: 4.93670

Weights: [7000.0, 600.0, 0, 50.0, 0.0, 0.1], lr=5.000e-05
Epoch: 0 [7140/10000 (71%)] Loss: 12.73073 = L_Mnfld: 5.38496 + L_NonMnfld: 4.51301 + L_Nrml: 0.00000 + L_Eknl: 2.39124 + L_Div: 0.00000 + L_Morse: 0.44153
Epoch: 0 [7140/10000 (71%)] Unweighted L_s : L_Mnfld: 0.00077,  L_NonMnfld: 0.00752,  L_Nrml: 0.00000,  L_Eknl: 0.04782, L_Morse: 4.41526

Weights: [7000.0, 600.0, 0, 50.0, 0.0, 0.1], lr=5.000e-05
Epoch: 0 [7150/10000 (72%)] Loss: 13.30322 = L_Mnfld: 5.58956 + L_NonMnfld: 4.95546 + L_Nrml: 0.00000 + L_Eknl: 2.30543 + L_Div: 0.00000 + L_Morse: 0.45277
Epoch: 0 [7150/10000 (72%)] Unweighted L_s : L_Mnfld: 0.00080,  L_NonMnfld: 0.00826,  L_Nrml: 0.00000,  L_Eknl: 0.04611, L_Morse: 4.52770

Weights: [7000.0, 600.0, 0, 50.0, 0.0, 0.1], lr=5.000e-05
Epoch: 0 [7160/10000 (72%)] Loss: 13.69133 = L_Mnfld: 5.65776 + L_NonMnfld: 5.30103 + L_Nrml: 0.00000 + L_Eknl: 2.26127 + L_Div: 0.00000 + L_Morse: 0.47127
Epoch: 0 [7160/10000 (72%)] Unweighted L_s : L_Mnfld: 0.00081,  L_NonMnfld: 0.00884,  L_Nrml: 0.00000,  L_Eknl: 0.04523, L_Morse: 4.71265

Weights: [7000.0, 600.0, 0, 50.0, 0.0, 0.1], lr=5.000e-05
Epoch: 0 [7170/10000 (72%)] Loss: 13.73056 = L_Mnfld: 5.29726 + L_NonMnfld: 5.71766 + L_Nrml: 0.00000 + L_Eknl: 2.26976 + L_Div: 0.00000 + L_Morse: 0.44588
Epoch: 0 [7170/10000 (72%)] Unweighted L_s : L_Mnfld: 0.00076,  L_NonMnfld: 0.00953,  L_Nrml: 0.00000,  L_Eknl: 0.04540, L_Morse: 4.45881

Weights: [7000.0, 600.0, 0, 50.0, 0.0, 0.1], lr=5.000e-05
Epoch: 0 [7180/10000 (72%)] Loss: 14.54079 = L_Mnfld: 6.83719 + L_NonMnfld: 4.94184 + L_Nrml: 0.00000 + L_Eknl: 2.30824 + L_Div: 0.00000 + L_Morse: 0.45353
Epoch: 0 [7180/10000 (72%)] Unweighted L_s : L_Mnfld: 0.00098,  L_NonMnfld: 0.00824,  L_Nrml: 0.00000,  L_Eknl: 0.04616, L_Morse: 4.53534

Weights: [7000.0, 600.0, 0, 50.0, 0.0, 0.1], lr=5.000e-05
Epoch: 0 [7190/10000 (72%)] Loss: 14.91239 = L_Mnfld: 6.01665 + L_NonMnfld: 5.59330 + L_Nrml: 0.00000 + L_Eknl: 2.83441 + L_Div: 0.00000 + L_Morse: 0.46803
Epoch: 0 [7190/10000 (72%)] Unweighted L_s : L_Mnfld: 0.00086,  L_NonMnfld: 0.00932,  L_Nrml: 0.00000,  L_Eknl: 0.05669, L_Morse: 4.68031

Weights: [7000.0, 600.0, 0, 50.0, 0.0, 0.1], lr=5.000e-05
Epoch: 0 [7200/10000 (72%)] Loss: 13.20207 = L_Mnfld: 5.16707 + L_NonMnfld: 5.02765 + L_Nrml: 0.00000 + L_Eknl: 2.53091 + L_Div: 0.00000 + L_Morse: 0.47642
Epoch: 0 [7200/10000 (72%)] Unweighted L_s : L_Mnfld: 0.00074,  L_NonMnfld: 0.00838,  L_Nrml: 0.00000,  L_Eknl: 0.05062, L_Morse: 4.76425

Weights: [7000.0, 600.0, 0, 50.0, 0.0, 0.1], lr=5.000e-05
Epoch: 0 [7210/10000 (72%)] Loss: 13.66312 = L_Mnfld: 5.88697 + L_NonMnfld: 4.89686 + L_Nrml: 0.00000 + L_Eknl: 2.44941 + L_Div: 0.00000 + L_Morse: 0.42989
Epoch: 0 [7210/10000 (72%)] Unweighted L_s : L_Mnfld: 0.00084,  L_NonMnfld: 0.00816,  L_Nrml: 0.00000,  L_Eknl: 0.04899, L_Morse: 4.29886

Weights: [7000.0, 600.0, 0, 50.0, 0.0, 0.1], lr=5.000e-05
Epoch: 0 [7220/10000 (72%)] Loss: 14.93164 = L_Mnfld: 6.20832 + L_NonMnfld: 5.81810 + L_Nrml: 0.00000 + L_Eknl: 2.43988 + L_Div: 0.00000 + L_Morse: 0.46534
Epoch: 0 [7220/10000 (72%)] Unweighted L_s : L_Mnfld: 0.00089,  L_NonMnfld: 0.00970,  L_Nrml: 0.00000,  L_Eknl: 0.04880, L_Morse: 4.65342

Weights: [7000.0, 600.0, 0, 50.0, 0.0, 0.1], lr=5.000e-05
Epoch: 0 [7230/10000 (72%)] Loss: 13.77008 = L_Mnfld: 5.23649 + L_NonMnfld: 5.57941 + L_Nrml: 0.00000 + L_Eknl: 2.46978 + L_Div: 0.00000 + L_Morse: 0.48440
Epoch: 0 [7230/10000 (72%)] Unweighted L_s : L_Mnfld: 0.00075,  L_NonMnfld: 0.00930,  L_Nrml: 0.00000,  L_Eknl: 0.04940, L_Morse: 4.84398

Weights: [7000.0, 600.0, 0, 50.0, 0.0, 0.1], lr=5.000e-05
Epoch: 0 [7240/10000 (72%)] Loss: 13.66861 = L_Mnfld: 5.58224 + L_NonMnfld: 5.09029 + L_Nrml: 0.00000 + L_Eknl: 2.52956 + L_Div: 0.00000 + L_Morse: 0.46653
Epoch: 0 [7240/10000 (72%)] Unweighted L_s : L_Mnfld: 0.00080,  L_NonMnfld: 0.00848,  L_Nrml: 0.00000,  L_Eknl: 0.05059, L_Morse: 4.66530

Weights: [7000.0, 600.0, 0, 50.0, 0.0, 0.1], lr=5.000e-05
Epoch: 0 [7250/10000 (72%)] Loss: 13.34885 = L_Mnfld: 5.93413 + L_NonMnfld: 4.64103 + L_Nrml: 0.00000 + L_Eknl: 2.34068 + L_Div: 0.00000 + L_Morse: 0.43300
Epoch: 0 [7250/10000 (72%)] Unweighted L_s : L_Mnfld: 0.00085,  L_NonMnfld: 0.00774,  L_Nrml: 0.00000,  L_Eknl: 0.04681, L_Morse: 4.33001

Weights: [7000.0, 600.0, 0, 50.0, 0.0, 0.1], lr=5.000e-05
Epoch: 0 [7260/10000 (73%)] Loss: 12.46792 = L_Mnfld: 5.24088 + L_NonMnfld: 4.40026 + L_Nrml: 0.00000 + L_Eknl: 2.36912 + L_Div: 0.00000 + L_Morse: 0.45766
Epoch: 0 [7260/10000 (73%)] Unweighted L_s : L_Mnfld: 0.00075,  L_NonMnfld: 0.00733,  L_Nrml: 0.00000,  L_Eknl: 0.04738, L_Morse: 4.57659

Weights: [7000.0, 600.0, 0, 50.0, 0.0, 0.1], lr=5.000e-05
Epoch: 0 [7270/10000 (73%)] Loss: 13.52197 = L_Mnfld: 5.54413 + L_NonMnfld: 5.27864 + L_Nrml: 0.00000 + L_Eknl: 2.23627 + L_Div: 0.00000 + L_Morse: 0.46293
Epoch: 0 [7270/10000 (73%)] Unweighted L_s : L_Mnfld: 0.00079,  L_NonMnfld: 0.00880,  L_Nrml: 0.00000,  L_Eknl: 0.04473, L_Morse: 4.62933

Weights: [7000.0, 600.0, 0, 50.0, 0.0, 0.1], lr=5.000e-05
Epoch: 0 [7280/10000 (73%)] Loss: 13.50111 = L_Mnfld: 5.63956 + L_NonMnfld: 5.09059 + L_Nrml: 0.00000 + L_Eknl: 2.33062 + L_Div: 0.00000 + L_Morse: 0.44034
Epoch: 0 [7280/10000 (73%)] Unweighted L_s : L_Mnfld: 0.00081,  L_NonMnfld: 0.00848,  L_Nrml: 0.00000,  L_Eknl: 0.04661, L_Morse: 4.40344

Weights: [7000.0, 600.0, 0, 50.0, 0.0, 0.1], lr=5.000e-05
Epoch: 0 [7290/10000 (73%)] Loss: 12.89456 = L_Mnfld: 5.18746 + L_NonMnfld: 5.09878 + L_Nrml: 0.00000 + L_Eknl: 2.15252 + L_Div: 0.00000 + L_Morse: 0.45581
Epoch: 0 [7290/10000 (73%)] Unweighted L_s : L_Mnfld: 0.00074,  L_NonMnfld: 0.00850,  L_Nrml: 0.00000,  L_Eknl: 0.04305, L_Morse: 4.55807

Weights: [7000.0, 600.0, 0, 50.0, 0.0, 0.1], lr=5.000e-05
Epoch: 0 [7300/10000 (73%)] Loss: 13.24737 = L_Mnfld: 5.67997 + L_NonMnfld: 4.88723 + L_Nrml: 0.00000 + L_Eknl: 2.21354 + L_Div: 0.00000 + L_Morse: 0.46663
Epoch: 0 [7300/10000 (73%)] Unweighted L_s : L_Mnfld: 0.00081,  L_NonMnfld: 0.00815,  L_Nrml: 0.00000,  L_Eknl: 0.04427, L_Morse: 4.66628

Weights: [7000.0, 600.0, 0, 50.0, 0.0, 0.1], lr=5.000e-05
Epoch: 0 [7310/10000 (73%)] Loss: 14.05554 = L_Mnfld: 5.60682 + L_NonMnfld: 5.66896 + L_Nrml: 0.00000 + L_Eknl: 2.29480 + L_Div: 0.00000 + L_Morse: 0.48495
Epoch: 0 [7310/10000 (73%)] Unweighted L_s : L_Mnfld: 0.00080,  L_NonMnfld: 0.00945,  L_Nrml: 0.00000,  L_Eknl: 0.04590, L_Morse: 4.84952

Weights: [7000.0, 600.0, 0, 50.0, 0.0, 0.1], lr=5.000e-05
Epoch: 0 [7320/10000 (73%)] Loss: 13.95125 = L_Mnfld: 5.56929 + L_NonMnfld: 5.60936 + L_Nrml: 0.00000 + L_Eknl: 2.30770 + L_Div: 0.00000 + L_Morse: 0.46490
Epoch: 0 [7320/10000 (73%)] Unweighted L_s : L_Mnfld: 0.00080,  L_NonMnfld: 0.00935,  L_Nrml: 0.00000,  L_Eknl: 0.04615, L_Morse: 4.64900

Weights: [7000.0, 600.0, 0, 50.0, 0.0, 0.1], lr=5.000e-05
Epoch: 0 [7330/10000 (73%)] Loss: 13.10651 = L_Mnfld: 5.06761 + L_NonMnfld: 5.11961 + L_Nrml: 0.00000 + L_Eknl: 2.44502 + L_Div: 0.00000 + L_Morse: 0.47428
Epoch: 0 [7330/10000 (73%)] Unweighted L_s : L_Mnfld: 0.00072,  L_NonMnfld: 0.00853,  L_Nrml: 0.00000,  L_Eknl: 0.04890, L_Morse: 4.74281

Weights: [7000.0, 600.0, 0, 50.0, 0.0, 0.1], lr=5.000e-05
Epoch: 0 [7340/10000 (73%)] Loss: 13.19179 = L_Mnfld: 5.49935 + L_NonMnfld: 5.02189 + L_Nrml: 0.00000 + L_Eknl: 2.23805 + L_Div: 0.00000 + L_Morse: 0.43249
Epoch: 0 [7340/10000 (73%)] Unweighted L_s : L_Mnfld: 0.00079,  L_NonMnfld: 0.00837,  L_Nrml: 0.00000,  L_Eknl: 0.04476, L_Morse: 4.32493

Weights: [7000.0, 600.0, 0, 50.0, 0.0, 0.1], lr=5.000e-05
Epoch: 0 [7350/10000 (74%)] Loss: 12.81475 = L_Mnfld: 5.16480 + L_NonMnfld: 4.92791 + L_Nrml: 0.00000 + L_Eknl: 2.27296 + L_Div: 0.00000 + L_Morse: 0.44908
Epoch: 0 [7350/10000 (74%)] Unweighted L_s : L_Mnfld: 0.00074,  L_NonMnfld: 0.00821,  L_Nrml: 0.00000,  L_Eknl: 0.04546, L_Morse: 4.49077

Weights: [7000.0, 600.0, 0, 50.0, 0.0, 0.1], lr=5.000e-05
Epoch: 0 [7360/10000 (74%)] Loss: 13.70075 = L_Mnfld: 5.16951 + L_NonMnfld: 5.71549 + L_Nrml: 0.00000 + L_Eknl: 2.31747 + L_Div: 0.00000 + L_Morse: 0.49827
Epoch: 0 [7360/10000 (74%)] Unweighted L_s : L_Mnfld: 0.00074,  L_NonMnfld: 0.00953,  L_Nrml: 0.00000,  L_Eknl: 0.04635, L_Morse: 4.98274

Weights: [7000.0, 600.0, 0, 50.0, 0.0, 0.1], lr=5.000e-05
Epoch: 0 [7370/10000 (74%)] Loss: 12.88307 = L_Mnfld: 4.87792 + L_NonMnfld: 5.31876 + L_Nrml: 0.00000 + L_Eknl: 2.20672 + L_Div: 0.00000 + L_Morse: 0.47967
Epoch: 0 [7370/10000 (74%)] Unweighted L_s : L_Mnfld: 0.00070,  L_NonMnfld: 0.00886,  L_Nrml: 0.00000,  L_Eknl: 0.04413, L_Morse: 4.79667

Weights: [7000.0, 600.0, 0, 50.0, 0.0, 0.1], lr=5.000e-05
Epoch: 0 [7380/10000 (74%)] Loss: 12.09175 = L_Mnfld: 4.78478 + L_NonMnfld: 4.67888 + L_Nrml: 0.00000 + L_Eknl: 2.16523 + L_Div: 0.00000 + L_Morse: 0.46286
Epoch: 0 [7380/10000 (74%)] Unweighted L_s : L_Mnfld: 0.00068,  L_NonMnfld: 0.00780,  L_Nrml: 0.00000,  L_Eknl: 0.04330, L_Morse: 4.62855

Weights: [7000.0, 600.0, 0, 50.0, 0.0, 0.1], lr=5.000e-05
Epoch: 0 [7390/10000 (74%)] Loss: 12.25888 = L_Mnfld: 4.62029 + L_NonMnfld: 4.97861 + L_Nrml: 0.00000 + L_Eknl: 2.17451 + L_Div: 0.00000 + L_Morse: 0.48548
Epoch: 0 [7390/10000 (74%)] Unweighted L_s : L_Mnfld: 0.00066,  L_NonMnfld: 0.00830,  L_Nrml: 0.00000,  L_Eknl: 0.04349, L_Morse: 4.85483

Weights: [7000.0, 600.0, 0, 50.0, 0.0, 0.1], lr=5.000e-05
Epoch: 0 [7400/10000 (74%)] Loss: 12.83071 = L_Mnfld: 5.17929 + L_NonMnfld: 5.07698 + L_Nrml: 0.00000 + L_Eknl: 2.15306 + L_Div: 0.00000 + L_Morse: 0.42138
Epoch: 0 [7400/10000 (74%)] Unweighted L_s : L_Mnfld: 0.00074,  L_NonMnfld: 0.00846,  L_Nrml: 0.00000,  L_Eknl: 0.04306, L_Morse: 4.21376

Weights: [7000.0, 600.0, 0, 50.0, 0.0, 0.1], lr=5.000e-05
Epoch: 0 [7410/10000 (74%)] Loss: 12.54580 = L_Mnfld: 4.72051 + L_NonMnfld: 5.25281 + L_Nrml: 0.00000 + L_Eknl: 2.13608 + L_Div: 0.00000 + L_Morse: 0.43640
Epoch: 0 [7410/10000 (74%)] Unweighted L_s : L_Mnfld: 0.00067,  L_NonMnfld: 0.00875,  L_Nrml: 0.00000,  L_Eknl: 0.04272, L_Morse: 4.36398

Weights: [7000.0, 600.0, 0, 50.0, 0.0, 0.1], lr=5.000e-05
Epoch: 0 [7420/10000 (74%)] Loss: 12.37542 = L_Mnfld: 4.66351 + L_NonMnfld: 5.07781 + L_Nrml: 0.00000 + L_Eknl: 2.16700 + L_Div: 0.00000 + L_Morse: 0.46711
Epoch: 0 [7420/10000 (74%)] Unweighted L_s : L_Mnfld: 0.00067,  L_NonMnfld: 0.00846,  L_Nrml: 0.00000,  L_Eknl: 0.04334, L_Morse: 4.67108

Weights: [7000.0, 600.0, 0, 50.0, 0.0, 0.1], lr=5.000e-05
Epoch: 0 [7430/10000 (74%)] Loss: 12.59802 = L_Mnfld: 4.99591 + L_NonMnfld: 4.89118 + L_Nrml: 0.00000 + L_Eknl: 2.24737 + L_Div: 0.00000 + L_Morse: 0.46356
Epoch: 0 [7430/10000 (74%)] Unweighted L_s : L_Mnfld: 0.00071,  L_NonMnfld: 0.00815,  L_Nrml: 0.00000,  L_Eknl: 0.04495, L_Morse: 4.63560

Weights: [7000.0, 600.0, 0, 50.0, 0.0, 0.1], lr=5.000e-05
Epoch: 0 [7440/10000 (74%)] Loss: 11.98999 = L_Mnfld: 4.58384 + L_NonMnfld: 4.77942 + L_Nrml: 0.00000 + L_Eknl: 2.16375 + L_Div: 0.00000 + L_Morse: 0.46297
Epoch: 0 [7440/10000 (74%)] Unweighted L_s : L_Mnfld: 0.00065,  L_NonMnfld: 0.00797,  L_Nrml: 0.00000,  L_Eknl: 0.04328, L_Morse: 4.62972

Weights: [7000.0, 600.0, 0, 50.0, 0.0, 0.1], lr=5.000e-05
Epoch: 0 [7450/10000 (74%)] Loss: 12.25057 = L_Mnfld: 4.96085 + L_NonMnfld: 4.62906 + L_Nrml: 0.00000 + L_Eknl: 2.22184 + L_Div: 0.00000 + L_Morse: 0.43882
Epoch: 0 [7450/10000 (74%)] Unweighted L_s : L_Mnfld: 0.00071,  L_NonMnfld: 0.00772,  L_Nrml: 0.00000,  L_Eknl: 0.04444, L_Morse: 4.38822

Weights: [7000.0, 600.0, 0, 50.0, 0.0, 0.1], lr=5.000e-05
Epoch: 0 [7460/10000 (75%)] Loss: 12.59678 = L_Mnfld: 5.07542 + L_NonMnfld: 4.93078 + L_Nrml: 0.00000 + L_Eknl: 2.14027 + L_Div: 0.00000 + L_Morse: 0.45030
Epoch: 0 [7460/10000 (75%)] Unweighted L_s : L_Mnfld: 0.00073,  L_NonMnfld: 0.00822,  L_Nrml: 0.00000,  L_Eknl: 0.04281, L_Morse: 4.50300

Weights: [7000.0, 600.0, 0, 50.0, 0.0, 0.1], lr=5.000e-05
Epoch: 0 [7470/10000 (75%)] Loss: 15.28281 = L_Mnfld: 6.75251 + L_NonMnfld: 5.70848 + L_Nrml: 0.00000 + L_Eknl: 2.39831 + L_Div: 0.00000 + L_Morse: 0.42350
Epoch: 0 [7470/10000 (75%)] Unweighted L_s : L_Mnfld: 0.00096,  L_NonMnfld: 0.00951,  L_Nrml: 0.00000,  L_Eknl: 0.04797, L_Morse: 4.23503

Weights: [7000.0, 600.0, 0, 50.0, 0.0, 0.1], lr=5.000e-05
Epoch: 0 [7480/10000 (75%)] Loss: 13.78995 = L_Mnfld: 5.27552 + L_NonMnfld: 5.76600 + L_Nrml: 0.00000 + L_Eknl: 2.27569 + L_Div: 0.00000 + L_Morse: 0.47274
Epoch: 0 [7480/10000 (75%)] Unweighted L_s : L_Mnfld: 0.00075,  L_NonMnfld: 0.00961,  L_Nrml: 0.00000,  L_Eknl: 0.04551, L_Morse: 4.72736

Weights: [7000.0, 600.0, 0, 50.0, 0.0, 0.1], lr=5.000e-05
Epoch: 0 [7490/10000 (75%)] Loss: 12.53743 = L_Mnfld: 5.02140 + L_NonMnfld: 4.70904 + L_Nrml: 0.00000 + L_Eknl: 2.33639 + L_Div: 0.00000 + L_Morse: 0.47060
Epoch: 0 [7490/10000 (75%)] Unweighted L_s : L_Mnfld: 0.00072,  L_NonMnfld: 0.00785,  L_Nrml: 0.00000,  L_Eknl: 0.04673, L_Morse: 4.70599

Weights: [7000.0, 600.0, 0, 50.0, 0.0, 0.1], lr=5.000e-05
Epoch: 0 [7500/10000 (75%)] Loss: 13.42208 = L_Mnfld: 5.28457 + L_NonMnfld: 5.42548 + L_Nrml: 0.00000 + L_Eknl: 2.24323 + L_Div: 0.00000 + L_Morse: 0.46880
Epoch: 0 [7500/10000 (75%)] Unweighted L_s : L_Mnfld: 0.00075,  L_NonMnfld: 0.00904,  L_Nrml: 0.00000,  L_Eknl: 0.04486, L_Morse: 4.68802

Weights: [7000.0, 600.0, 0, 50.0, 0.0, 0.1], lr=5.000e-05
Epoch: 0 [7510/10000 (75%)] Loss: 12.98325 = L_Mnfld: 4.98902 + L_NonMnfld: 5.37875 + L_Nrml: 0.00000 + L_Eknl: 2.16743 + L_Div: 0.00000 + L_Morse: 0.44806
Epoch: 0 [7510/10000 (75%)] Unweighted L_s : L_Mnfld: 0.00071,  L_NonMnfld: 0.00896,  L_Nrml: 0.00000,  L_Eknl: 0.04335, L_Morse: 4.48057

Weights: [7000.0, 600.0, 0, 50.0, 0.0, 0.1], lr=5.000e-05
Epoch: 0 [7520/10000 (75%)] Loss: 13.57957 = L_Mnfld: 5.66914 + L_NonMnfld: 5.12805 + L_Nrml: 0.00000 + L_Eknl: 2.30541 + L_Div: 0.00000 + L_Morse: 0.47698
Epoch: 0 [7520/10000 (75%)] Unweighted L_s : L_Mnfld: 0.00081,  L_NonMnfld: 0.00855,  L_Nrml: 0.00000,  L_Eknl: 0.04611, L_Morse: 4.76983

Weights: [7000.0, 600.0, 0, 50.0, 0.0, 0.1], lr=5.000e-05
Epoch: 0 [7530/10000 (75%)] Loss: 12.38224 = L_Mnfld: 4.76711 + L_NonMnfld: 4.95581 + L_Nrml: 0.00000 + L_Eknl: 2.19800 + L_Div: 0.00000 + L_Morse: 0.46132
Epoch: 0 [7530/10000 (75%)] Unweighted L_s : L_Mnfld: 0.00068,  L_NonMnfld: 0.00826,  L_Nrml: 0.00000,  L_Eknl: 0.04396, L_Morse: 4.61323

Weights: [7000.0, 600.0, 0, 50.0, 0.0, 0.1], lr=5.000e-05
Epoch: 0 [7540/10000 (75%)] Loss: 13.66167 = L_Mnfld: 5.65076 + L_NonMnfld: 5.25154 + L_Nrml: 0.00000 + L_Eknl: 2.29408 + L_Div: 0.00000 + L_Morse: 0.46528
Epoch: 0 [7540/10000 (75%)] Unweighted L_s : L_Mnfld: 0.00081,  L_NonMnfld: 0.00875,  L_Nrml: 0.00000,  L_Eknl: 0.04588, L_Morse: 4.65283

Weights: [7000.0, 600.0, 0, 50.0, 0.0, 0.1], lr=5.000e-05
Epoch: 0 [7550/10000 (76%)] Loss: 13.69523 = L_Mnfld: 5.28849 + L_NonMnfld: 5.66184 + L_Nrml: 0.00000 + L_Eknl: 2.27068 + L_Div: 0.00000 + L_Morse: 0.47422
Epoch: 0 [7550/10000 (76%)] Unweighted L_s : L_Mnfld: 0.00076,  L_NonMnfld: 0.00944,  L_Nrml: 0.00000,  L_Eknl: 0.04541, L_Morse: 4.74219

Weights: [7000.0, 600.0, 0, 50.0, 0.0, 0.1], lr=5.000e-05
Epoch: 0 [7560/10000 (76%)] Loss: 13.21790 = L_Mnfld: 5.81161 + L_NonMnfld: 4.73885 + L_Nrml: 0.00000 + L_Eknl: 2.22198 + L_Div: 0.00000 + L_Morse: 0.44546
Epoch: 0 [7560/10000 (76%)] Unweighted L_s : L_Mnfld: 0.00083,  L_NonMnfld: 0.00790,  L_Nrml: 0.00000,  L_Eknl: 0.04444, L_Morse: 4.45458

Weights: [7000.0, 600.0, 0, 50.0, 0.0, 0.1], lr=5.000e-05
Epoch: 0 [7570/10000 (76%)] Loss: 14.27458 = L_Mnfld: 5.87519 + L_NonMnfld: 5.49992 + L_Nrml: 0.00000 + L_Eknl: 2.42461 + L_Div: 0.00000 + L_Morse: 0.47486
Epoch: 0 [7570/10000 (76%)] Unweighted L_s : L_Mnfld: 0.00084,  L_NonMnfld: 0.00917,  L_Nrml: 0.00000,  L_Eknl: 0.04849, L_Morse: 4.74859

Weights: [7000.0, 600.0, 0, 50.0, 0.0, 0.1], lr=5.000e-05
Epoch: 0 [7580/10000 (76%)] Loss: 13.71603 = L_Mnfld: 5.47399 + L_NonMnfld: 5.50432 + L_Nrml: 0.00000 + L_Eknl: 2.28058 + L_Div: 0.00000 + L_Morse: 0.45714
Epoch: 0 [7580/10000 (76%)] Unweighted L_s : L_Mnfld: 0.00078,  L_NonMnfld: 0.00917,  L_Nrml: 0.00000,  L_Eknl: 0.04561, L_Morse: 4.57140

Weights: [7000.0, 600.0, 0, 50.0, 0.0, 0.1], lr=5.000e-05
Epoch: 0 [7590/10000 (76%)] Loss: 12.69532 = L_Mnfld: 5.52395 + L_NonMnfld: 4.35764 + L_Nrml: 0.00000 + L_Eknl: 2.35303 + L_Div: 0.00000 + L_Morse: 0.46070
Epoch: 0 [7590/10000 (76%)] Unweighted L_s : L_Mnfld: 0.00079,  L_NonMnfld: 0.00726,  L_Nrml: 0.00000,  L_Eknl: 0.04706, L_Morse: 4.60700

Weights: [7000.0, 600.0, 0, 50.0, 0.0, 0.1], lr=5.000e-05
Epoch: 0 [7600/10000 (76%)] Loss: 12.55525 = L_Mnfld: 4.79436 + L_NonMnfld: 5.01627 + L_Nrml: 0.00000 + L_Eknl: 2.27274 + L_Div: 0.00000 + L_Morse: 0.47188
Epoch: 0 [7600/10000 (76%)] Unweighted L_s : L_Mnfld: 0.00068,  L_NonMnfld: 0.00836,  L_Nrml: 0.00000,  L_Eknl: 0.04545, L_Morse: 4.71883

Weights: [7000.0, 600.0, 0, 50.0, 0.0, 0.1], lr=5.000e-05
Epoch: 0 [7610/10000 (76%)] Loss: 12.94251 = L_Mnfld: 4.69052 + L_NonMnfld: 5.54722 + L_Nrml: 0.00000 + L_Eknl: 2.24544 + L_Div: 0.00000 + L_Morse: 0.45934
Epoch: 0 [7610/10000 (76%)] Unweighted L_s : L_Mnfld: 0.00067,  L_NonMnfld: 0.00925,  L_Nrml: 0.00000,  L_Eknl: 0.04491, L_Morse: 4.59337

Weights: [7000.0, 600.0, 0, 50.0, 0.0, 0.1], lr=5.000e-05
Epoch: 0 [7620/10000 (76%)] Loss: 13.28508 = L_Mnfld: 5.61542 + L_NonMnfld: 5.16701 + L_Nrml: 0.00000 + L_Eknl: 2.05391 + L_Div: 0.00000 + L_Morse: 0.44873
Epoch: 0 [7620/10000 (76%)] Unweighted L_s : L_Mnfld: 0.00080,  L_NonMnfld: 0.00861,  L_Nrml: 0.00000,  L_Eknl: 0.04108, L_Morse: 4.48729

Weights: [7000.0, 600.0, 0, 50.0, 0.0, 0.1], lr=5.000e-05
Epoch: 0 [7630/10000 (76%)] Loss: 12.29255 = L_Mnfld: 4.24961 + L_NonMnfld: 5.45431 + L_Nrml: 0.00000 + L_Eknl: 2.10247 + L_Div: 0.00000 + L_Morse: 0.48616
Epoch: 0 [7630/10000 (76%)] Unweighted L_s : L_Mnfld: 0.00061,  L_NonMnfld: 0.00909,  L_Nrml: 0.00000,  L_Eknl: 0.04205, L_Morse: 4.86163

Weights: [7000.0, 600.0, 0, 50.0, 0.0, 0.1], lr=5.000e-05
Epoch: 0 [7640/10000 (76%)] Loss: 12.58355 = L_Mnfld: 5.53516 + L_NonMnfld: 4.41539 + L_Nrml: 0.00000 + L_Eknl: 2.18234 + L_Div: 0.00000 + L_Morse: 0.45065
Epoch: 0 [7640/10000 (76%)] Unweighted L_s : L_Mnfld: 0.00079,  L_NonMnfld: 0.00736,  L_Nrml: 0.00000,  L_Eknl: 0.04365, L_Morse: 4.50654

Weights: [7000.0, 600.0, 0, 50.0, 0.0, 0.1], lr=5.000e-05
Epoch: 0 [7650/10000 (76%)] Loss: 12.09078 = L_Mnfld: 4.90680 + L_NonMnfld: 4.51736 + L_Nrml: 0.00000 + L_Eknl: 2.20830 + L_Div: 0.00000 + L_Morse: 0.45832
Epoch: 0 [7650/10000 (76%)] Unweighted L_s : L_Mnfld: 0.00070,  L_NonMnfld: 0.00753,  L_Nrml: 0.00000,  L_Eknl: 0.04417, L_Morse: 4.58322

Weights: [7000.0, 600.0, 0, 50.0, 0.0, 0.1], lr=5.000e-05
Epoch: 0 [7660/10000 (77%)] Loss: 12.93704 = L_Mnfld: 5.18696 + L_NonMnfld: 5.15110 + L_Nrml: 0.00000 + L_Eknl: 2.14544 + L_Div: 0.00000 + L_Morse: 0.45353
Epoch: 0 [7660/10000 (77%)] Unweighted L_s : L_Mnfld: 0.00074,  L_NonMnfld: 0.00859,  L_Nrml: 0.00000,  L_Eknl: 0.04291, L_Morse: 4.53535

Weights: [7000.0, 600.0, 0, 50.0, 0.0, 0.1], lr=5.000e-05
Epoch: 0 [7670/10000 (77%)] Loss: 12.88143 = L_Mnfld: 5.12013 + L_NonMnfld: 5.10841 + L_Nrml: 0.00000 + L_Eknl: 2.16057 + L_Div: 0.00000 + L_Morse: 0.49233
Epoch: 0 [7670/10000 (77%)] Unweighted L_s : L_Mnfld: 0.00073,  L_NonMnfld: 0.00851,  L_Nrml: 0.00000,  L_Eknl: 0.04321, L_Morse: 4.92326

Weights: [7000.0, 600.0, 0, 50.0, 0.0, 0.1], lr=5.000e-05
Epoch: 0 [7680/10000 (77%)] Loss: 13.22536 = L_Mnfld: 4.90221 + L_NonMnfld: 5.67639 + L_Nrml: 0.00000 + L_Eknl: 2.19424 + L_Div: 0.00000 + L_Morse: 0.45252
Epoch: 0 [7680/10000 (77%)] Unweighted L_s : L_Mnfld: 0.00070,  L_NonMnfld: 0.00946,  L_Nrml: 0.00000,  L_Eknl: 0.04388, L_Morse: 4.52516

Weights: [7000.0, 600.0, 0, 50.0, 0.0, 0.1], lr=5.000e-05
Epoch: 0 [7690/10000 (77%)] Loss: 13.48954 = L_Mnfld: 5.04819 + L_NonMnfld: 5.68259 + L_Nrml: 0.00000 + L_Eknl: 2.30849 + L_Div: 0.00000 + L_Morse: 0.45026
Epoch: 0 [7690/10000 (77%)] Unweighted L_s : L_Mnfld: 0.00072,  L_NonMnfld: 0.00947,  L_Nrml: 0.00000,  L_Eknl: 0.04617, L_Morse: 4.50262

Weights: [7000.0, 600.0, 0, 50.0, 0.0, 0.1], lr=5.000e-05
Epoch: 0 [7700/10000 (77%)] Loss: 13.91773 = L_Mnfld: 5.08555 + L_NonMnfld: 6.14910 + L_Nrml: 0.00000 + L_Eknl: 2.21478 + L_Div: 0.00000 + L_Morse: 0.46831
Epoch: 0 [7700/10000 (77%)] Unweighted L_s : L_Mnfld: 0.00073,  L_NonMnfld: 0.01025,  L_Nrml: 0.00000,  L_Eknl: 0.04430, L_Morse: 4.68308

Weights: [7000.0, 600.0, 0, 50.0, 0.0, 0.1], lr=5.000e-05
Epoch: 0 [7710/10000 (77%)] Loss: 13.88961 = L_Mnfld: 5.20744 + L_NonMnfld: 5.97589 + L_Nrml: 0.00000 + L_Eknl: 2.26104 + L_Div: 0.00000 + L_Morse: 0.44524
Epoch: 0 [7710/10000 (77%)] Unweighted L_s : L_Mnfld: 0.00074,  L_NonMnfld: 0.00996,  L_Nrml: 0.00000,  L_Eknl: 0.04522, L_Morse: 4.45237

Weights: [7000.0, 600.0, 0, 50.0, 0.0, 0.1], lr=5.000e-05
Epoch: 0 [7720/10000 (77%)] Loss: 12.35513 = L_Mnfld: 4.85819 + L_NonMnfld: 4.79627 + L_Nrml: 0.00000 + L_Eknl: 2.20961 + L_Div: 0.00000 + L_Morse: 0.49106
Epoch: 0 [7720/10000 (77%)] Unweighted L_s : L_Mnfld: 0.00069,  L_NonMnfld: 0.00799,  L_Nrml: 0.00000,  L_Eknl: 0.04419, L_Morse: 4.91057

Weights: [7000.0, 600.0, 0, 50.0, 0.0, 0.1], lr=5.000e-05
Epoch: 0 [7730/10000 (77%)] Loss: 13.67069 = L_Mnfld: 5.76792 + L_NonMnfld: 5.30881 + L_Nrml: 0.00000 + L_Eknl: 2.12590 + L_Div: 0.00000 + L_Morse: 0.46806
Epoch: 0 [7730/10000 (77%)] Unweighted L_s : L_Mnfld: 0.00082,  L_NonMnfld: 0.00885,  L_Nrml: 0.00000,  L_Eknl: 0.04252, L_Morse: 4.68055

Weights: [7000.0, 600.0, 0, 50.0, 0.0, 0.1], lr=5.000e-05
Epoch: 0 [7740/10000 (77%)] Loss: 13.83883 = L_Mnfld: 5.63165 + L_NonMnfld: 5.52449 + L_Nrml: 0.00000 + L_Eknl: 2.25445 + L_Div: 0.00000 + L_Morse: 0.42824
Epoch: 0 [7740/10000 (77%)] Unweighted L_s : L_Mnfld: 0.00080,  L_NonMnfld: 0.00921,  L_Nrml: 0.00000,  L_Eknl: 0.04509, L_Morse: 4.28242

Weights: [7000.0, 600.0, 0, 50.0, 0.0, 0.1], lr=5.000e-05
Epoch: 0 [7750/10000 (78%)] Loss: 14.03179 = L_Mnfld: 5.66941 + L_NonMnfld: 5.52170 + L_Nrml: 0.00000 + L_Eknl: 2.35929 + L_Div: 0.00000 + L_Morse: 0.48139
Epoch: 0 [7750/10000 (78%)] Unweighted L_s : L_Mnfld: 0.00081,  L_NonMnfld: 0.00920,  L_Nrml: 0.00000,  L_Eknl: 0.04719, L_Morse: 4.81391

Weights: [7000.0, 600.0, 0, 50.0, 0.0, 0.1], lr=5.000e-05
Epoch: 0 [7760/10000 (78%)] Loss: 13.74995 = L_Mnfld: 5.82398 + L_NonMnfld: 5.22739 + L_Nrml: 0.00000 + L_Eknl: 2.23288 + L_Div: 0.00000 + L_Morse: 0.46570
Epoch: 0 [7760/10000 (78%)] Unweighted L_s : L_Mnfld: 0.00083,  L_NonMnfld: 0.00871,  L_Nrml: 0.00000,  L_Eknl: 0.04466, L_Morse: 4.65702

Weights: [7000.0, 600.0, 0, 50.0, 0.0, 0.1], lr=5.000e-05
Epoch: 0 [7770/10000 (78%)] Loss: 13.31040 = L_Mnfld: 5.48436 + L_NonMnfld: 5.05557 + L_Nrml: 0.00000 + L_Eknl: 2.31025 + L_Div: 0.00000 + L_Morse: 0.46022
Epoch: 0 [7770/10000 (78%)] Unweighted L_s : L_Mnfld: 0.00078,  L_NonMnfld: 0.00843,  L_Nrml: 0.00000,  L_Eknl: 0.04620, L_Morse: 4.60222

Weights: [7000.0, 600.0, 0, 50.0, 0.0, 0.1], lr=5.000e-05
Epoch: 0 [7780/10000 (78%)] Loss: 13.40399 = L_Mnfld: 5.40057 + L_NonMnfld: 5.20516 + L_Nrml: 0.00000 + L_Eknl: 2.33753 + L_Div: 0.00000 + L_Morse: 0.46074
Epoch: 0 [7780/10000 (78%)] Unweighted L_s : L_Mnfld: 0.00077,  L_NonMnfld: 0.00868,  L_Nrml: 0.00000,  L_Eknl: 0.04675, L_Morse: 4.60738

Weights: [7000.0, 600.0, 0, 50.0, 0.0, 0.1], lr=5.000e-05
Epoch: 0 [7790/10000 (78%)] Loss: 12.37204 = L_Mnfld: 4.47658 + L_NonMnfld: 5.28028 + L_Nrml: 0.00000 + L_Eknl: 2.15677 + L_Div: 0.00000 + L_Morse: 0.45841
Epoch: 0 [7790/10000 (78%)] Unweighted L_s : L_Mnfld: 0.00064,  L_NonMnfld: 0.00880,  L_Nrml: 0.00000,  L_Eknl: 0.04314, L_Morse: 4.58413

Weights: [7000.0, 600.0, 0, 50.0, 0.0, 0.1], lr=5.000e-05
Epoch: 0 [7800/10000 (78%)] Loss: 11.92860 = L_Mnfld: 4.95021 + L_NonMnfld: 4.36508 + L_Nrml: 0.00000 + L_Eknl: 2.13839 + L_Div: 0.00000 + L_Morse: 0.47492
Epoch: 0 [7800/10000 (78%)] Unweighted L_s : L_Mnfld: 0.00071,  L_NonMnfld: 0.00728,  L_Nrml: 0.00000,  L_Eknl: 0.04277, L_Morse: 4.74924

Weights: [7000.0, 600.0, 0, 50.0, 0.0, 0.1], lr=5.000e-05
Epoch: 0 [7810/10000 (78%)] Loss: 12.94663 = L_Mnfld: 4.59847 + L_NonMnfld: 5.85410 + L_Nrml: 0.00000 + L_Eknl: 2.05225 + L_Div: 0.00000 + L_Morse: 0.44181
Epoch: 0 [7810/10000 (78%)] Unweighted L_s : L_Mnfld: 0.00066,  L_NonMnfld: 0.00976,  L_Nrml: 0.00000,  L_Eknl: 0.04105, L_Morse: 4.41815

Weights: [7000.0, 600.0, 0, 50.0, 0.0, 0.1], lr=5.000e-05
Epoch: 0 [7820/10000 (78%)] Loss: 13.65085 = L_Mnfld: 5.63737 + L_NonMnfld: 5.31103 + L_Nrml: 0.00000 + L_Eknl: 2.24216 + L_Div: 0.00000 + L_Morse: 0.46029
Epoch: 0 [7820/10000 (78%)] Unweighted L_s : L_Mnfld: 0.00081,  L_NonMnfld: 0.00885,  L_Nrml: 0.00000,  L_Eknl: 0.04484, L_Morse: 4.60292

Weights: [7000.0, 600.0, 0, 50.0, 0.0, 0.1], lr=5.000e-05
Epoch: 0 [7830/10000 (78%)] Loss: 13.62913 = L_Mnfld: 5.78310 + L_NonMnfld: 5.19669 + L_Nrml: 0.00000 + L_Eknl: 2.18457 + L_Div: 0.00000 + L_Morse: 0.46477
Epoch: 0 [7830/10000 (78%)] Unweighted L_s : L_Mnfld: 0.00083,  L_NonMnfld: 0.00866,  L_Nrml: 0.00000,  L_Eknl: 0.04369, L_Morse: 4.64767

Weights: [7000.0, 600.0, 0, 50.0, 0.0, 0.1], lr=5.000e-05
Epoch: 0 [7840/10000 (78%)] Loss: 12.99020 = L_Mnfld: 5.36493 + L_NonMnfld: 4.88898 + L_Nrml: 0.00000 + L_Eknl: 2.24997 + L_Div: 0.00000 + L_Morse: 0.48633
Epoch: 0 [7840/10000 (78%)] Unweighted L_s : L_Mnfld: 0.00077,  L_NonMnfld: 0.00815,  L_Nrml: 0.00000,  L_Eknl: 0.04500, L_Morse: 4.86327

Weights: [7000.0, 600.0, 0, 50.0, 0.0, 0.1], lr=5.000e-05
Epoch: 0 [7850/10000 (78%)] Loss: 13.86772 = L_Mnfld: 5.07041 + L_NonMnfld: 6.14506 + L_Nrml: 0.00000 + L_Eknl: 2.19575 + L_Div: 0.00000 + L_Morse: 0.45650
Epoch: 0 [7850/10000 (78%)] Unweighted L_s : L_Mnfld: 0.00072,  L_NonMnfld: 0.01024,  L_Nrml: 0.00000,  L_Eknl: 0.04392, L_Morse: 4.56499

Weights: [7000.0, 600.0, 0, 50.0, 0.0, 0.1], lr=5.000e-05
Epoch: 0 [7860/10000 (79%)] Loss: 13.62379 = L_Mnfld: 5.46867 + L_NonMnfld: 5.52335 + L_Nrml: 0.00000 + L_Eknl: 2.17906 + L_Div: 0.00000 + L_Morse: 0.45270
Epoch: 0 [7860/10000 (79%)] Unweighted L_s : L_Mnfld: 0.00078,  L_NonMnfld: 0.00921,  L_Nrml: 0.00000,  L_Eknl: 0.04358, L_Morse: 4.52703

Weights: [7000.0, 600.0, 0, 50.0, 0.0, 0.1], lr=5.000e-05
Epoch: 0 [7870/10000 (79%)] Loss: 13.53256 = L_Mnfld: 5.36516 + L_NonMnfld: 5.54806 + L_Nrml: 0.00000 + L_Eknl: 2.17928 + L_Div: 0.00000 + L_Morse: 0.44005
Epoch: 0 [7870/10000 (79%)] Unweighted L_s : L_Mnfld: 0.00077,  L_NonMnfld: 0.00925,  L_Nrml: 0.00000,  L_Eknl: 0.04359, L_Morse: 4.40054

Weights: [7000.0, 600.0, 0, 50.0, 0.0, 0.1], lr=5.000e-05
Epoch: 0 [7880/10000 (79%)] Loss: 13.53796 = L_Mnfld: 5.55740 + L_NonMnfld: 5.30340 + L_Nrml: 0.00000 + L_Eknl: 2.17802 + L_Div: 0.00000 + L_Morse: 0.49915
Epoch: 0 [7880/10000 (79%)] Unweighted L_s : L_Mnfld: 0.00079,  L_NonMnfld: 0.00884,  L_Nrml: 0.00000,  L_Eknl: 0.04356, L_Morse: 4.99147

Weights: [7000.0, 600.0, 0, 50.0, 0.0, 0.1], lr=5.000e-05
Epoch: 0 [7890/10000 (79%)] Loss: 12.37233 = L_Mnfld: 4.46217 + L_NonMnfld: 5.26046 + L_Nrml: 0.00000 + L_Eknl: 2.19888 + L_Div: 0.00000 + L_Morse: 0.45081
Epoch: 0 [7890/10000 (79%)] Unweighted L_s : L_Mnfld: 0.00064,  L_NonMnfld: 0.00877,  L_Nrml: 0.00000,  L_Eknl: 0.04398, L_Morse: 4.50811

Weights: [7000.0, 600.0, 0, 50.0, 0.0, 0.1], lr=5.000e-05
Epoch: 0 [7900/10000 (79%)] Loss: 13.75394 = L_Mnfld: 5.28388 + L_NonMnfld: 5.88157 + L_Nrml: 0.00000 + L_Eknl: 2.11848 + L_Div: 0.00000 + L_Morse: 0.47002
Epoch: 0 [7900/10000 (79%)] Unweighted L_s : L_Mnfld: 0.00075,  L_NonMnfld: 0.00980,  L_Nrml: 0.00000,  L_Eknl: 0.04237, L_Morse: 4.70016

Weights: [7000.0, 600.0, 0, 50.0, 0.0, 0.1], lr=5.000e-05
Epoch: 0 [7910/10000 (79%)] Loss: 12.84716 = L_Mnfld: 4.69692 + L_NonMnfld: 5.60132 + L_Nrml: 0.00000 + L_Eknl: 2.09362 + L_Div: 0.00000 + L_Morse: 0.45529
Epoch: 0 [7910/10000 (79%)] Unweighted L_s : L_Mnfld: 0.00067,  L_NonMnfld: 0.00934,  L_Nrml: 0.00000,  L_Eknl: 0.04187, L_Morse: 4.55286

Weights: [7000.0, 600.0, 0, 50.0, 0.0, 0.1], lr=5.000e-05
Epoch: 0 [7920/10000 (79%)] Loss: 12.17493 = L_Mnfld: 4.83298 + L_NonMnfld: 4.78972 + L_Nrml: 0.00000 + L_Eknl: 2.11061 + L_Div: 0.00000 + L_Morse: 0.44161
Epoch: 0 [7920/10000 (79%)] Unweighted L_s : L_Mnfld: 0.00069,  L_NonMnfld: 0.00798,  L_Nrml: 0.00000,  L_Eknl: 0.04221, L_Morse: 4.41611

Weights: [7000.0, 600.0, 0, 50.0, 0.0, 0.1], lr=5.000e-05
Epoch: 0 [7930/10000 (79%)] Loss: 12.53232 = L_Mnfld: 5.09128 + L_NonMnfld: 4.80234 + L_Nrml: 0.00000 + L_Eknl: 2.17372 + L_Div: 0.00000 + L_Morse: 0.46498
Epoch: 0 [7930/10000 (79%)] Unweighted L_s : L_Mnfld: 0.00073,  L_NonMnfld: 0.00800,  L_Nrml: 0.00000,  L_Eknl: 0.04347, L_Morse: 4.64983

Weights: [7000.0, 600.0, 0, 50.0, 0.0, 0.1], lr=5.000e-05
Epoch: 0 [7940/10000 (79%)] Loss: 12.08340 = L_Mnfld: 4.74004 + L_NonMnfld: 4.81065 + L_Nrml: 0.00000 + L_Eknl: 2.07913 + L_Div: 0.00000 + L_Morse: 0.45358
Epoch: 0 [7940/10000 (79%)] Unweighted L_s : L_Mnfld: 0.00068,  L_NonMnfld: 0.00802,  L_Nrml: 0.00000,  L_Eknl: 0.04158, L_Morse: 4.53579

Weights: [7000.0, 600.0, 0, 50.0, 0.0, 0.1], lr=5.000e-05
Epoch: 0 [7950/10000 (80%)] Loss: 12.86674 = L_Mnfld: 4.77262 + L_NonMnfld: 5.47862 + L_Nrml: 0.00000 + L_Eknl: 2.14517 + L_Div: 0.00000 + L_Morse: 0.47033
Epoch: 0 [7950/10000 (80%)] Unweighted L_s : L_Mnfld: 0.00068,  L_NonMnfld: 0.00913,  L_Nrml: 0.00000,  L_Eknl: 0.04290, L_Morse: 4.70330

Weights: [7000.0, 600.0, 0, 50.0, 0.0, 0.1], lr=5.000e-05
Epoch: 0 [7960/10000 (80%)] Loss: 12.82245 = L_Mnfld: 5.02010 + L_NonMnfld: 5.12835 + L_Nrml: 0.00000 + L_Eknl: 2.21716 + L_Div: 0.00000 + L_Morse: 0.45684
Epoch: 0 [7960/10000 (80%)] Unweighted L_s : L_Mnfld: 0.00072,  L_NonMnfld: 0.00855,  L_Nrml: 0.00000,  L_Eknl: 0.04434, L_Morse: 4.56845

Weights: [7000.0, 600.0, 0, 50.0, 0.0, 0.1], lr=5.000e-05
Epoch: 0 [7970/10000 (80%)] Loss: 13.49689 = L_Mnfld: 5.18152 + L_NonMnfld: 5.48554 + L_Nrml: 0.00000 + L_Eknl: 2.38566 + L_Div: 0.00000 + L_Morse: 0.44416
Epoch: 0 [7970/10000 (80%)] Unweighted L_s : L_Mnfld: 0.00074,  L_NonMnfld: 0.00914,  L_Nrml: 0.00000,  L_Eknl: 0.04771, L_Morse: 4.44163

Weights: [7000.0, 600.0, 0, 50.0, 0.0, 0.1], lr=5.000e-05
Epoch: 0 [7980/10000 (80%)] Loss: 13.31021 = L_Mnfld: 5.05924 + L_NonMnfld: 5.65676 + L_Nrml: 0.00000 + L_Eknl: 2.15784 + L_Div: 0.00000 + L_Morse: 0.43636
Epoch: 0 [7980/10000 (80%)] Unweighted L_s : L_Mnfld: 0.00072,  L_NonMnfld: 0.00943,  L_Nrml: 0.00000,  L_Eknl: 0.04316, L_Morse: 4.36364

Weights: [7000.0, 600.0, 0, 50.0, 0.0, 0.1], lr=5.000e-05
Epoch: 0 [7990/10000 (80%)] Loss: 13.13165 = L_Mnfld: 5.06065 + L_NonMnfld: 5.51116 + L_Nrml: 0.00000 + L_Eknl: 2.10632 + L_Div: 0.00000 + L_Morse: 0.45353
Epoch: 0 [7990/10000 (80%)] Unweighted L_s : L_Mnfld: 0.00072,  L_NonMnfld: 0.00919,  L_Nrml: 0.00000,  L_Eknl: 0.04213, L_Morse: 4.53531

Weights: [7000.0, 600.0, 0, 50.0, 0.0, 0.1], lr=5.000e-05
Epoch: 0 [8000/10000 (80%)] Loss: 12.89811 = L_Mnfld: 5.45708 + L_NonMnfld: 4.89366 + L_Nrml: 0.00000 + L_Eknl: 2.10285 + L_Div: 0.00000 + L_Morse: 0.44452
Epoch: 0 [8000/10000 (80%)] Unweighted L_s : L_Mnfld: 0.00078,  L_NonMnfld: 0.00816,  L_Nrml: 0.00000,  L_Eknl: 0.04206, L_Morse: 4.44520

Weights: [7000.0, 600.0, 0, 50.0, 0.0, 0.1], lr=5.000e-05
Epoch: 0 [8010/10000 (80%)] Loss: 12.92616 = L_Mnfld: 4.70196 + L_NonMnfld: 5.58578 + L_Nrml: 0.00000 + L_Eknl: 2.18154 + L_Div: 0.00000 + L_Morse: 0.45688
Epoch: 0 [8010/10000 (80%)] Unweighted L_s : L_Mnfld: 0.00067,  L_NonMnfld: 0.00931,  L_Nrml: 0.00000,  L_Eknl: 0.04363, L_Morse: 4.56880

Weights: [7000.0, 600.0, 0, 50.0, 0.0, 0.1], lr=5.000e-05
Epoch: 0 [8020/10000 (80%)] Loss: 12.44332 = L_Mnfld: 4.64262 + L_NonMnfld: 5.18260 + L_Nrml: 0.00000 + L_Eknl: 2.15339 + L_Div: 0.00000 + L_Morse: 0.46471
Epoch: 0 [8020/10000 (80%)] Unweighted L_s : L_Mnfld: 0.00066,  L_NonMnfld: 0.00864,  L_Nrml: 0.00000,  L_Eknl: 0.04307, L_Morse: 4.64706

Weights: [7000.0, 600.0, 0, 50.0, 0.0, 0.1], lr=5.000e-05
Epoch: 0 [8030/10000 (80%)] Loss: 12.39604 = L_Mnfld: 4.72693 + L_NonMnfld: 5.05272 + L_Nrml: 0.00000 + L_Eknl: 2.13781 + L_Div: 0.00000 + L_Morse: 0.47858
Epoch: 0 [8030/10000 (80%)] Unweighted L_s : L_Mnfld: 0.00068,  L_NonMnfld: 0.00842,  L_Nrml: 0.00000,  L_Eknl: 0.04276, L_Morse: 4.78582

Weights: [7000.0, 600.0, 0, 50.0, 0.0, 0.1], lr=5.000e-05
Epoch: 0 [8040/10000 (80%)] Loss: 12.72621 = L_Mnfld: 4.72464 + L_NonMnfld: 5.27731 + L_Nrml: 0.00000 + L_Eknl: 2.25290 + L_Div: 0.00000 + L_Morse: 0.47136
Epoch: 0 [8040/10000 (80%)] Unweighted L_s : L_Mnfld: 0.00067,  L_NonMnfld: 0.00880,  L_Nrml: 0.00000,  L_Eknl: 0.04506, L_Morse: 4.71364

Weights: [7000.0, 600.0, 0, 50.0, 0.0, 0.1], lr=5.000e-05
Epoch: 0 [8050/10000 (80%)] Loss: 13.02796 = L_Mnfld: 5.03371 + L_NonMnfld: 5.32951 + L_Nrml: 0.00000 + L_Eknl: 2.19970 + L_Div: 0.00000 + L_Morse: 0.46504
Epoch: 0 [8050/10000 (80%)] Unweighted L_s : L_Mnfld: 0.00072,  L_NonMnfld: 0.00888,  L_Nrml: 0.00000,  L_Eknl: 0.04399, L_Morse: 4.65040

Weights: [7000.0, 600.0, 0, 50.0, 0.0, 0.1], lr=5.000e-05
Epoch: 0 [8060/10000 (81%)] Loss: 13.73827 = L_Mnfld: 5.39386 + L_NonMnfld: 5.39453 + L_Nrml: 0.00000 + L_Eknl: 2.48159 + L_Div: 0.00000 + L_Morse: 0.46830
Epoch: 0 [8060/10000 (81%)] Unweighted L_s : L_Mnfld: 0.00077,  L_NonMnfld: 0.00899,  L_Nrml: 0.00000,  L_Eknl: 0.04963, L_Morse: 4.68295

Weights: [7000.0, 600.0, 0, 50.0, 0.0, 0.1], lr=5.000e-05
Epoch: 0 [8070/10000 (81%)] Loss: 12.97377 = L_Mnfld: 5.45529 + L_NonMnfld: 4.66014 + L_Nrml: 0.00000 + L_Eknl: 2.39370 + L_Div: 0.00000 + L_Morse: 0.46464
Epoch: 0 [8070/10000 (81%)] Unweighted L_s : L_Mnfld: 0.00078,  L_NonMnfld: 0.00777,  L_Nrml: 0.00000,  L_Eknl: 0.04787, L_Morse: 4.64643

Weights: [7000.0, 600.0, 0, 50.0, 0.0, 0.1], lr=5.000e-05
Epoch: 0 [8080/10000 (81%)] Loss: 13.03948 = L_Mnfld: 5.17378 + L_NonMnfld: 5.19798 + L_Nrml: 0.00000 + L_Eknl: 2.19102 + L_Div: 0.00000 + L_Morse: 0.47670
Epoch: 0 [8080/10000 (81%)] Unweighted L_s : L_Mnfld: 0.00074,  L_NonMnfld: 0.00866,  L_Nrml: 0.00000,  L_Eknl: 0.04382, L_Morse: 4.76703

Weights: [7000.0, 600.0, 0, 50.0, 0.0, 0.1], lr=5.000e-05
Epoch: 0 [8090/10000 (81%)] Loss: 13.84346 = L_Mnfld: 5.65250 + L_NonMnfld: 5.43324 + L_Nrml: 0.00000 + L_Eknl: 2.29379 + L_Div: 0.00000 + L_Morse: 0.46392
Epoch: 0 [8090/10000 (81%)] Unweighted L_s : L_Mnfld: 0.00081,  L_NonMnfld: 0.00906,  L_Nrml: 0.00000,  L_Eknl: 0.04588, L_Morse: 4.63924

Weights: [7000.0, 600.0, 0, 50.0, 0.0, 0.1], lr=5.000e-05
Epoch: 0 [8100/10000 (81%)] Loss: 12.95916 = L_Mnfld: 5.41133 + L_NonMnfld: 4.91448 + L_Nrml: 0.00000 + L_Eknl: 2.19312 + L_Div: 0.00000 + L_Morse: 0.44023
Epoch: 0 [8100/10000 (81%)] Unweighted L_s : L_Mnfld: 0.00077,  L_NonMnfld: 0.00819,  L_Nrml: 0.00000,  L_Eknl: 0.04386, L_Morse: 4.40231

Weights: [7000.0, 600.0, 0, 50.0, 0.0, 0.1], lr=5.000e-05
Epoch: 0 [8110/10000 (81%)] Loss: 12.73564 = L_Mnfld: 4.90765 + L_NonMnfld: 5.18526 + L_Nrml: 0.00000 + L_Eknl: 2.20309 + L_Div: 0.00000 + L_Morse: 0.43963
Epoch: 0 [8110/10000 (81%)] Unweighted L_s : L_Mnfld: 0.00070,  L_NonMnfld: 0.00864,  L_Nrml: 0.00000,  L_Eknl: 0.04406, L_Morse: 4.39631

Weights: [7000.0, 600.0, 0, 50.0, 0.0, 0.1], lr=5.000e-05
Epoch: 0 [8120/10000 (81%)] Loss: 13.66690 = L_Mnfld: 5.30538 + L_NonMnfld: 5.73436 + L_Nrml: 0.00000 + L_Eknl: 2.17512 + L_Div: 0.00000 + L_Morse: 0.45203
Epoch: 0 [8120/10000 (81%)] Unweighted L_s : L_Mnfld: 0.00076,  L_NonMnfld: 0.00956,  L_Nrml: 0.00000,  L_Eknl: 0.04350, L_Morse: 4.52035

Weights: [7000.0, 600.0, 0, 50.0, 0.0, 0.1], lr=5.000e-05
Epoch: 0 [8130/10000 (81%)] Loss: 13.42960 = L_Mnfld: 5.02850 + L_NonMnfld: 5.65352 + L_Nrml: 0.00000 + L_Eknl: 2.28553 + L_Div: 0.00000 + L_Morse: 0.46205
Epoch: 0 [8130/10000 (81%)] Unweighted L_s : L_Mnfld: 0.00072,  L_NonMnfld: 0.00942,  L_Nrml: 0.00000,  L_Eknl: 0.04571, L_Morse: 4.62046

Weights: [7000.0, 600.0, 0, 50.0, 0.0, 0.1], lr=5.000e-05
Epoch: 0 [8140/10000 (81%)] Loss: 12.52193 = L_Mnfld: 4.83099 + L_NonMnfld: 5.02571 + L_Nrml: 0.00000 + L_Eknl: 2.20950 + L_Div: 0.00000 + L_Morse: 0.45572
Epoch: 0 [8140/10000 (81%)] Unweighted L_s : L_Mnfld: 0.00069,  L_NonMnfld: 0.00838,  L_Nrml: 0.00000,  L_Eknl: 0.04419, L_Morse: 4.55722

Weights: [7000.0, 600.0, 0, 50.0, 0.0, 0.1], lr=5.000e-05
Epoch: 0 [8150/10000 (82%)] Loss: 12.91504 = L_Mnfld: 5.05257 + L_NonMnfld: 4.97679 + L_Nrml: 0.00000 + L_Eknl: 2.39798 + L_Div: 0.00000 + L_Morse: 0.48770
Epoch: 0 [8150/10000 (82%)] Unweighted L_s : L_Mnfld: 0.00072,  L_NonMnfld: 0.00829,  L_Nrml: 0.00000,  L_Eknl: 0.04796, L_Morse: 4.87700

Weights: [7000.0, 600.0, 0, 50.0, 0.0, 0.1], lr=5.000e-05
Epoch: 0 [8160/10000 (82%)] Loss: 13.73043 = L_Mnfld: 5.80664 + L_NonMnfld: 5.27997 + L_Nrml: 0.00000 + L_Eknl: 2.19131 + L_Div: 0.00000 + L_Morse: 0.45252
Epoch: 0 [8160/10000 (82%)] Unweighted L_s : L_Mnfld: 0.00083,  L_NonMnfld: 0.00880,  L_Nrml: 0.00000,  L_Eknl: 0.04383, L_Morse: 4.52518

Weights: [7000.0, 600.0, 0, 50.0, 0.0, 0.1], lr=5.000e-05
Epoch: 0 [8170/10000 (82%)] Loss: 13.72298 = L_Mnfld: 5.36755 + L_NonMnfld: 5.61636 + L_Nrml: 0.00000 + L_Eknl: 2.24989 + L_Div: 0.00000 + L_Morse: 0.48918
Epoch: 0 [8170/10000 (82%)] Unweighted L_s : L_Mnfld: 0.00077,  L_NonMnfld: 0.00936,  L_Nrml: 0.00000,  L_Eknl: 0.04500, L_Morse: 4.89176

Weights: [7000.0, 600.0, 0, 50.0, 0.0, 0.1], lr=5.000e-05
Epoch: 0 [8180/10000 (82%)] Loss: 12.85464 = L_Mnfld: 5.18918 + L_NonMnfld: 4.90711 + L_Nrml: 0.00000 + L_Eknl: 2.25583 + L_Div: 0.00000 + L_Morse: 0.50251
Epoch: 0 [8180/10000 (82%)] Unweighted L_s : L_Mnfld: 0.00074,  L_NonMnfld: 0.00818,  L_Nrml: 0.00000,  L_Eknl: 0.04512, L_Morse: 5.02509

Weights: [7000.0, 600.0, 0, 50.0, 0.0, 0.1], lr=5.000e-05
Epoch: 0 [8190/10000 (82%)] Loss: 12.94041 = L_Mnfld: 4.95805 + L_NonMnfld: 5.47729 + L_Nrml: 0.00000 + L_Eknl: 2.06403 + L_Div: 0.00000 + L_Morse: 0.44105
Epoch: 0 [8190/10000 (82%)] Unweighted L_s : L_Mnfld: 0.00071,  L_NonMnfld: 0.00913,  L_Nrml: 0.00000,  L_Eknl: 0.04128, L_Morse: 4.41045

Weights: [7000.0, 600.0, 0, 50.0, 0.0, 0.1], lr=5.000e-05
Epoch: 0 [8200/10000 (82%)] Loss: 11.59156 = L_Mnfld: 4.43241 + L_NonMnfld: 4.66980 + L_Nrml: 0.00000 + L_Eknl: 2.00739 + L_Div: 0.00000 + L_Morse: 0.48196
Epoch: 0 [8200/10000 (82%)] Unweighted L_s : L_Mnfld: 0.00063,  L_NonMnfld: 0.00778,  L_Nrml: 0.00000,  L_Eknl: 0.04015, L_Morse: 4.81965

Weights: [7000.0, 600.0, 0, 50.0, 0.0, 0.1], lr=5.000e-05
Epoch: 0 [8210/10000 (82%)] Loss: 11.86113 = L_Mnfld: 4.57442 + L_NonMnfld: 4.66502 + L_Nrml: 0.00000 + L_Eknl: 2.15559 + L_Div: 0.00000 + L_Morse: 0.46610
Epoch: 0 [8210/10000 (82%)] Unweighted L_s : L_Mnfld: 0.00065,  L_NonMnfld: 0.00778,  L_Nrml: 0.00000,  L_Eknl: 0.04311, L_Morse: 4.66104

Weights: [7000.0, 600.0, 0, 50.0, 0.0, 0.1], lr=5.000e-05
Epoch: 0 [8220/10000 (82%)] Loss: 12.82855 = L_Mnfld: 5.12007 + L_NonMnfld: 5.10093 + L_Nrml: 0.00000 + L_Eknl: 2.12873 + L_Div: 0.00000 + L_Morse: 0.47883
Epoch: 0 [8220/10000 (82%)] Unweighted L_s : L_Mnfld: 0.00073,  L_NonMnfld: 0.00850,  L_Nrml: 0.00000,  L_Eknl: 0.04257, L_Morse: 4.78828

Weights: [7000.0, 600.0, 0, 50.0, 0.0, 0.1], lr=5.000e-05
Epoch: 0 [8230/10000 (82%)] Loss: 13.45450 = L_Mnfld: 5.06357 + L_NonMnfld: 5.62281 + L_Nrml: 0.00000 + L_Eknl: 2.30590 + L_Div: 0.00000 + L_Morse: 0.46222
Epoch: 0 [8230/10000 (82%)] Unweighted L_s : L_Mnfld: 0.00072,  L_NonMnfld: 0.00937,  L_Nrml: 0.00000,  L_Eknl: 0.04612, L_Morse: 4.62218

Weights: [7000.0, 600.0, 0, 50.0, 0.0, 0.1], lr=5.000e-05
Epoch: 0 [8240/10000 (82%)] Loss: 12.50258 = L_Mnfld: 4.80058 + L_NonMnfld: 5.16927 + L_Nrml: 0.00000 + L_Eknl: 2.06627 + L_Div: 0.00000 + L_Morse: 0.46646
Epoch: 0 [8240/10000 (82%)] Unweighted L_s : L_Mnfld: 0.00069,  L_NonMnfld: 0.00862,  L_Nrml: 0.00000,  L_Eknl: 0.04133, L_Morse: 4.66456

Weights: [7000.0, 600.0, 0, 50.0, 0.0, 0.1], lr=5.000e-05
Epoch: 0 [8250/10000 (82%)] Loss: 12.63132 = L_Mnfld: 5.25102 + L_NonMnfld: 4.86250 + L_Nrml: 0.00000 + L_Eknl: 2.05335 + L_Div: 0.00000 + L_Morse: 0.46445
Epoch: 0 [8250/10000 (82%)] Unweighted L_s : L_Mnfld: 0.00075,  L_NonMnfld: 0.00810,  L_Nrml: 0.00000,  L_Eknl: 0.04107, L_Morse: 4.64452

Weights: [7000.0, 600.0, 0, 50.0, 0.0, 0.1], lr=5.000e-05
Epoch: 0 [8260/10000 (83%)] Loss: 12.89871 = L_Mnfld: 5.17482 + L_NonMnfld: 5.24781 + L_Nrml: 0.00000 + L_Eknl: 2.00768 + L_Div: 0.00000 + L_Morse: 0.46840
Epoch: 0 [8260/10000 (83%)] Unweighted L_s : L_Mnfld: 0.00074,  L_NonMnfld: 0.00875,  L_Nrml: 0.00000,  L_Eknl: 0.04015, L_Morse: 4.68397

Weights: [7000.0, 600.0, 0, 50.0, 0.0, 0.1], lr=5.000e-05
Epoch: 0 [8270/10000 (83%)] Loss: 14.03069 = L_Mnfld: 4.97716 + L_NonMnfld: 6.42517 + L_Nrml: 0.00000 + L_Eknl: 2.15531 + L_Div: 0.00000 + L_Morse: 0.47305
Epoch: 0 [8270/10000 (83%)] Unweighted L_s : L_Mnfld: 0.00071,  L_NonMnfld: 0.01071,  L_Nrml: 0.00000,  L_Eknl: 0.04311, L_Morse: 4.73053

Weights: [7000.0, 600.0, 0, 50.0, 0.0, 0.1], lr=5.000e-05
Epoch: 0 [8280/10000 (83%)] Loss: 13.58067 = L_Mnfld: 5.31546 + L_NonMnfld: 5.72217 + L_Nrml: 0.00000 + L_Eknl: 2.10224 + L_Div: 0.00000 + L_Morse: 0.44080
Epoch: 0 [8280/10000 (83%)] Unweighted L_s : L_Mnfld: 0.00076,  L_NonMnfld: 0.00954,  L_Nrml: 0.00000,  L_Eknl: 0.04204, L_Morse: 4.40798

Weights: [7000.0, 600.0, 0, 50.0, 0.0, 0.1], lr=5.000e-05
Epoch: 0 [8290/10000 (83%)] Loss: 12.72075 = L_Mnfld: 5.22623 + L_NonMnfld: 4.96340 + L_Nrml: 0.00000 + L_Eknl: 2.07321 + L_Div: 0.00000 + L_Morse: 0.45792
Epoch: 0 [8290/10000 (83%)] Unweighted L_s : L_Mnfld: 0.00075,  L_NonMnfld: 0.00827,  L_Nrml: 0.00000,  L_Eknl: 0.04146, L_Morse: 4.57922

Weights: [7000.0, 600.0, 0, 50.0, 0.0, 0.1], lr=5.000e-05
Epoch: 0 [8300/10000 (83%)] Loss: 13.00945 = L_Mnfld: 5.23167 + L_NonMnfld: 5.22814 + L_Nrml: 0.00000 + L_Eknl: 2.07764 + L_Div: 0.00000 + L_Morse: 0.47200
Epoch: 0 [8300/10000 (83%)] Unweighted L_s : L_Mnfld: 0.00075,  L_NonMnfld: 0.00871,  L_Nrml: 0.00000,  L_Eknl: 0.04155, L_Morse: 4.72001

Weights: [7000.0, 600.0, 0, 50.0, 0.0, 0.1], lr=5.000e-05
Epoch: 0 [8310/10000 (83%)] Loss: 13.83641 = L_Mnfld: 5.45178 + L_NonMnfld: 5.73269 + L_Nrml: 0.00000 + L_Eknl: 2.19445 + L_Div: 0.00000 + L_Morse: 0.45749
Epoch: 0 [8310/10000 (83%)] Unweighted L_s : L_Mnfld: 0.00078,  L_NonMnfld: 0.00955,  L_Nrml: 0.00000,  L_Eknl: 0.04389, L_Morse: 4.57486

Weights: [7000.0, 600.0, 0, 50.0, 0.0, 0.1], lr=5.000e-05
Epoch: 0 [8320/10000 (83%)] Loss: 12.63153 = L_Mnfld: 5.44677 + L_NonMnfld: 4.53537 + L_Nrml: 0.00000 + L_Eknl: 2.17793 + L_Div: 0.00000 + L_Morse: 0.47145
Epoch: 0 [8320/10000 (83%)] Unweighted L_s : L_Mnfld: 0.00078,  L_NonMnfld: 0.00756,  L_Nrml: 0.00000,  L_Eknl: 0.04356, L_Morse: 4.71454

Weights: [7000.0, 600.0, 0, 50.0, 0.0, 0.1], lr=5.000e-05
Epoch: 0 [8330/10000 (83%)] Loss: 12.38387 = L_Mnfld: 4.58307 + L_NonMnfld: 5.09482 + L_Nrml: 0.00000 + L_Eknl: 2.24852 + L_Div: 0.00000 + L_Morse: 0.45746
Epoch: 0 [8330/10000 (83%)] Unweighted L_s : L_Mnfld: 0.00065,  L_NonMnfld: 0.00849,  L_Nrml: 0.00000,  L_Eknl: 0.04497, L_Morse: 4.57459

Weights: [7000.0, 600.0, 0, 50.0, 0.0, 0.1], lr=5.000e-05
Epoch: 0 [8340/10000 (83%)] Loss: 12.42779 = L_Mnfld: 5.48390 + L_NonMnfld: 4.21567 + L_Nrml: 0.00000 + L_Eknl: 2.27296 + L_Div: 0.00000 + L_Morse: 0.45526
Epoch: 0 [8340/10000 (83%)] Unweighted L_s : L_Mnfld: 0.00078,  L_NonMnfld: 0.00703,  L_Nrml: 0.00000,  L_Eknl: 0.04546, L_Morse: 4.55265

Weights: [7000.0, 600.0, 0, 50.0, 0.0, 0.1], lr=5.000e-05
Epoch: 0 [8350/10000 (84%)] Loss: 12.24288 = L_Mnfld: 4.71164 + L_NonMnfld: 4.98200 + L_Nrml: 0.00000 + L_Eknl: 2.09142 + L_Div: 0.00000 + L_Morse: 0.45782
Epoch: 0 [8350/10000 (84%)] Unweighted L_s : L_Mnfld: 0.00067,  L_NonMnfld: 0.00830,  L_Nrml: 0.00000,  L_Eknl: 0.04183, L_Morse: 4.57819

Weights: [7000.0, 600.0, 0, 50.0, 0.0, 0.1], lr=5.000e-05
Epoch: 0 [8360/10000 (84%)] Loss: 12.95130 = L_Mnfld: 5.33673 + L_NonMnfld: 5.08905 + L_Nrml: 0.00000 + L_Eknl: 2.05494 + L_Div: 0.00000 + L_Morse: 0.47059
Epoch: 0 [8360/10000 (84%)] Unweighted L_s : L_Mnfld: 0.00076,  L_NonMnfld: 0.00848,  L_Nrml: 0.00000,  L_Eknl: 0.04110, L_Morse: 4.70587

Weights: [7000.0, 600.0, 0, 50.0, 0.0, 0.1], lr=5.000e-05
Epoch: 0 [8370/10000 (84%)] Loss: 12.67840 = L_Mnfld: 4.99780 + L_NonMnfld: 5.13124 + L_Nrml: 0.00000 + L_Eknl: 2.06547 + L_Div: 0.00000 + L_Morse: 0.48390
Epoch: 0 [8370/10000 (84%)] Unweighted L_s : L_Mnfld: 0.00071,  L_NonMnfld: 0.00855,  L_Nrml: 0.00000,  L_Eknl: 0.04131, L_Morse: 4.83898

Weights: [7000.0, 600.0, 0, 50.0, 0.0, 0.1], lr=5.000e-05
Epoch: 0 [8380/10000 (84%)] Loss: 12.00858 = L_Mnfld: 5.06902 + L_NonMnfld: 4.38652 + L_Nrml: 0.00000 + L_Eknl: 2.09628 + L_Div: 0.00000 + L_Morse: 0.45676
Epoch: 0 [8380/10000 (84%)] Unweighted L_s : L_Mnfld: 0.00072,  L_NonMnfld: 0.00731,  L_Nrml: 0.00000,  L_Eknl: 0.04193, L_Morse: 4.56763

Weights: [7000.0, 600.0, 0, 50.0, 0.0, 0.1], lr=5.000e-05
Epoch: 0 [8390/10000 (84%)] Loss: 13.48041 = L_Mnfld: 5.82952 + L_NonMnfld: 4.94058 + L_Nrml: 0.00000 + L_Eknl: 2.20565 + L_Div: 0.00000 + L_Morse: 0.50466
Epoch: 0 [8390/10000 (84%)] Unweighted L_s : L_Mnfld: 0.00083,  L_NonMnfld: 0.00823,  L_Nrml: 0.00000,  L_Eknl: 0.04411, L_Morse: 5.04656

Weights: [7000.0, 600.0, 0, 50.0, 0.0, 0.1], lr=5.000e-05
Epoch: 0 [8400/10000 (84%)] Loss: 13.56283 = L_Mnfld: 5.51637 + L_NonMnfld: 5.40796 + L_Nrml: 0.00000 + L_Eknl: 2.16082 + L_Div: 0.00000 + L_Morse: 0.47767
Epoch: 0 [8400/10000 (84%)] Unweighted L_s : L_Mnfld: 0.00079,  L_NonMnfld: 0.00901,  L_Nrml: 0.00000,  L_Eknl: 0.04322, L_Morse: 4.77672

Weights: [7000.0, 600.0, 0, 50.0, 0.0, 0.1], lr=5.000e-05
Epoch: 0 [8410/10000 (84%)] Loss: 13.73623 = L_Mnfld: 5.91045 + L_NonMnfld: 5.13240 + L_Nrml: 0.00000 + L_Eknl: 2.23439 + L_Div: 0.00000 + L_Morse: 0.45899
Epoch: 0 [8410/10000 (84%)] Unweighted L_s : L_Mnfld: 0.00084,  L_NonMnfld: 0.00855,  L_Nrml: 0.00000,  L_Eknl: 0.04469, L_Morse: 4.58986

Weights: [7000.0, 600.0, 0, 50.0, 0.0, 0.1], lr=5.000e-05
Epoch: 0 [8420/10000 (84%)] Loss: 13.85962 = L_Mnfld: 5.63640 + L_NonMnfld: 5.55332 + L_Nrml: 0.00000 + L_Eknl: 2.21586 + L_Div: 0.00000 + L_Morse: 0.45404
Epoch: 0 [8420/10000 (84%)] Unweighted L_s : L_Mnfld: 0.00081,  L_NonMnfld: 0.00926,  L_Nrml: 0.00000,  L_Eknl: 0.04432, L_Morse: 4.54039

Weights: [7000.0, 600.0, 0, 50.0, 0.0, 0.1], lr=5.000e-05
Epoch: 0 [8430/10000 (84%)] Loss: 12.10405 = L_Mnfld: 4.81342 + L_NonMnfld: 4.66118 + L_Nrml: 0.00000 + L_Eknl: 2.17918 + L_Div: 0.00000 + L_Morse: 0.45027
Epoch: 0 [8430/10000 (84%)] Unweighted L_s : L_Mnfld: 0.00069,  L_NonMnfld: 0.00777,  L_Nrml: 0.00000,  L_Eknl: 0.04358, L_Morse: 4.50271

Weights: [7000.0, 600.0, 0, 50.0, 0.0, 0.1], lr=5.000e-05
Epoch: 0 [8440/10000 (84%)] Loss: 13.28155 = L_Mnfld: 5.12597 + L_NonMnfld: 5.49154 + L_Nrml: 0.00000 + L_Eknl: 2.19784 + L_Div: 0.00000 + L_Morse: 0.46620
Epoch: 0 [8440/10000 (84%)] Unweighted L_s : L_Mnfld: 0.00073,  L_NonMnfld: 0.00915,  L_Nrml: 0.00000,  L_Eknl: 0.04396, L_Morse: 4.66196

Weights: [7000.0, 600.0, 0, 50.0, 0.0, 0.1], lr=5.000e-05
Epoch: 0 [8450/10000 (84%)] Loss: 12.24088 = L_Mnfld: 4.74133 + L_NonMnfld: 4.87947 + L_Nrml: 0.00000 + L_Eknl: 2.14778 + L_Div: 0.00000 + L_Morse: 0.47230
Epoch: 0 [8450/10000 (84%)] Unweighted L_s : L_Mnfld: 0.00068,  L_NonMnfld: 0.00813,  L_Nrml: 0.00000,  L_Eknl: 0.04296, L_Morse: 4.72303

Weights: [7000.0, 600.0, 0, 50.0, 0.0, 0.1], lr=5.000e-05
Epoch: 0 [8460/10000 (85%)] Loss: 14.39930 = L_Mnfld: 6.34536 + L_NonMnfld: 5.44356 + L_Nrml: 0.00000 + L_Eknl: 2.15142 + L_Div: 0.00000 + L_Morse: 0.45896
Epoch: 0 [8460/10000 (85%)] Unweighted L_s : L_Mnfld: 0.00091,  L_NonMnfld: 0.00907,  L_Nrml: 0.00000,  L_Eknl: 0.04303, L_Morse: 4.58964

Weights: [7000.0, 600.0, 0, 50.0, 0.0, 0.1], lr=5.000e-05
Epoch: 0 [8470/10000 (85%)] Loss: 12.57311 = L_Mnfld: 5.43658 + L_NonMnfld: 4.56118 + L_Nrml: 0.00000 + L_Eknl: 2.12363 + L_Div: 0.00000 + L_Morse: 0.45172
Epoch: 0 [8470/10000 (85%)] Unweighted L_s : L_Mnfld: 0.00078,  L_NonMnfld: 0.00760,  L_Nrml: 0.00000,  L_Eknl: 0.04247, L_Morse: 4.51724

Weights: [7000.0, 600.0, 0, 50.0, 0.0, 0.1], lr=5.000e-05
Epoch: 0 [8480/10000 (85%)] Loss: 12.90595 = L_Mnfld: 5.07991 + L_NonMnfld: 5.14783 + L_Nrml: 0.00000 + L_Eknl: 2.22328 + L_Div: 0.00000 + L_Morse: 0.45493
Epoch: 0 [8480/10000 (85%)] Unweighted L_s : L_Mnfld: 0.00073,  L_NonMnfld: 0.00858,  L_Nrml: 0.00000,  L_Eknl: 0.04447, L_Morse: 4.54929

Weights: [7000.0, 600.0, 0, 50.0, 0.0, 0.1], lr=5.000e-05
Epoch: 0 [8490/10000 (85%)] Loss: 13.18295 = L_Mnfld: 5.11581 + L_NonMnfld: 5.50471 + L_Nrml: 0.00000 + L_Eknl: 2.09901 + L_Div: 0.00000 + L_Morse: 0.46341
Epoch: 0 [8490/10000 (85%)] Unweighted L_s : L_Mnfld: 0.00073,  L_NonMnfld: 0.00917,  L_Nrml: 0.00000,  L_Eknl: 0.04198, L_Morse: 4.63410

Weights: [7000.0, 600.0, 0, 50.0, 0.0, 0.1], lr=5.000e-05
Epoch: 0 [8500/10000 (85%)] Loss: 13.23419 = L_Mnfld: 5.18236 + L_NonMnfld: 5.53774 + L_Nrml: 0.00000 + L_Eknl: 2.02289 + L_Div: 0.00000 + L_Morse: 0.49120
Epoch: 0 [8500/10000 (85%)] Unweighted L_s : L_Mnfld: 0.00074,  L_NonMnfld: 0.00923,  L_Nrml: 0.00000,  L_Eknl: 0.04046, L_Morse: 4.91200

Weights: [7000.0, 600.0, 0, 50.0, 0.0, 0.1], lr=5.000e-05
Epoch: 0 [8510/10000 (85%)] Loss: 12.00681 = L_Mnfld: 4.65683 + L_NonMnfld: 4.80654 + L_Nrml: 0.00000 + L_Eknl: 2.05870 + L_Div: 0.00000 + L_Morse: 0.48475
Epoch: 0 [8510/10000 (85%)] Unweighted L_s : L_Mnfld: 0.00067,  L_NonMnfld: 0.00801,  L_Nrml: 0.00000,  L_Eknl: 0.04117, L_Morse: 4.84745

Weights: [7000.0, 600.0, 0, 50.0, 0.0, 0.1], lr=5.000e-05
Epoch: 0 [8520/10000 (85%)] Loss: 13.14776 = L_Mnfld: 5.54971 + L_NonMnfld: 5.03439 + L_Nrml: 0.00000 + L_Eknl: 2.10080 + L_Div: 0.00000 + L_Morse: 0.46286
Epoch: 0 [8520/10000 (85%)] Unweighted L_s : L_Mnfld: 0.00079,  L_NonMnfld: 0.00839,  L_Nrml: 0.00000,  L_Eknl: 0.04202, L_Morse: 4.62859

Weights: [7000.0, 600.0, 0, 50.0, 0.0, 0.1], lr=5.000e-05
Epoch: 0 [8530/10000 (85%)] Loss: 13.46690 = L_Mnfld: 5.07653 + L_NonMnfld: 5.73903 + L_Nrml: 0.00000 + L_Eknl: 2.19485 + L_Div: 0.00000 + L_Morse: 0.45649
Epoch: 0 [8530/10000 (85%)] Unweighted L_s : L_Mnfld: 0.00073,  L_NonMnfld: 0.00957,  L_Nrml: 0.00000,  L_Eknl: 0.04390, L_Morse: 4.56494

Weights: [7000.0, 600.0, 0, 50.0, 0.0, 0.1], lr=5.000e-05
Epoch: 0 [8540/10000 (85%)] Loss: 12.96098 = L_Mnfld: 5.31413 + L_NonMnfld: 5.10190 + L_Nrml: 0.00000 + L_Eknl: 2.08061 + L_Div: 0.00000 + L_Morse: 0.46434
Epoch: 0 [8540/10000 (85%)] Unweighted L_s : L_Mnfld: 0.00076,  L_NonMnfld: 0.00850,  L_Nrml: 0.00000,  L_Eknl: 0.04161, L_Morse: 4.64339

Weights: [7000.0, 600.0, 0, 50.0, 0.0, 0.1], lr=5.000e-05
Epoch: 0 [8550/10000 (86%)] Loss: 13.40631 = L_Mnfld: 4.95127 + L_NonMnfld: 5.89479 + L_Nrml: 0.00000 + L_Eknl: 2.10420 + L_Div: 0.00000 + L_Morse: 0.45606
Epoch: 0 [8550/10000 (86%)] Unweighted L_s : L_Mnfld: 0.00071,  L_NonMnfld: 0.00982,  L_Nrml: 0.00000,  L_Eknl: 0.04208, L_Morse: 4.56062

Weights: [7000.0, 600.0, 0, 50.0, 0.0, 0.1], lr=5.000e-05
Epoch: 0 [8560/10000 (86%)] Loss: 12.45636 = L_Mnfld: 4.92585 + L_NonMnfld: 5.02066 + L_Nrml: 0.00000 + L_Eknl: 2.05988 + L_Div: 0.00000 + L_Morse: 0.44998
Epoch: 0 [8560/10000 (86%)] Unweighted L_s : L_Mnfld: 0.00070,  L_NonMnfld: 0.00837,  L_Nrml: 0.00000,  L_Eknl: 0.04120, L_Morse: 4.49977

Weights: [7000.0, 600.0, 0, 50.0, 0.0, 0.1], lr=5.000e-05
Epoch: 0 [8570/10000 (86%)] Loss: 13.02565 = L_Mnfld: 4.57096 + L_NonMnfld: 5.85884 + L_Nrml: 0.00000 + L_Eknl: 2.12404 + L_Div: 0.00000 + L_Morse: 0.47182
Epoch: 0 [8570/10000 (86%)] Unweighted L_s : L_Mnfld: 0.00065,  L_NonMnfld: 0.00976,  L_Nrml: 0.00000,  L_Eknl: 0.04248, L_Morse: 4.71817

Weights: [7000.0, 600.0, 0, 50.0, 0.0, 0.1], lr=5.000e-05
Epoch: 0 [8580/10000 (86%)] Loss: 12.82528 = L_Mnfld: 5.12714 + L_NonMnfld: 5.24103 + L_Nrml: 0.00000 + L_Eknl: 1.99109 + L_Div: 0.00000 + L_Morse: 0.46603
Epoch: 0 [8580/10000 (86%)] Unweighted L_s : L_Mnfld: 0.00073,  L_NonMnfld: 0.00874,  L_Nrml: 0.00000,  L_Eknl: 0.03982, L_Morse: 4.66031

Weights: [7000.0, 600.0, 0, 50.0, 0.0, 0.1], lr=5.000e-05
Epoch: 0 [8590/10000 (86%)] Loss: 12.85635 = L_Mnfld: 4.83008 + L_NonMnfld: 5.41761 + L_Nrml: 0.00000 + L_Eknl: 2.15224 + L_Div: 0.00000 + L_Morse: 0.45641
Epoch: 0 [8590/10000 (86%)] Unweighted L_s : L_Mnfld: 0.00069,  L_NonMnfld: 0.00903,  L_Nrml: 0.00000,  L_Eknl: 0.04304, L_Morse: 4.56410

Weights: [7000.0, 600.0, 0, 50.0, 0.0, 0.1], lr=5.000e-05
Epoch: 0 [8600/10000 (86%)] Loss: 12.17115 = L_Mnfld: 4.70939 + L_NonMnfld: 4.89683 + L_Nrml: 0.00000 + L_Eknl: 2.11509 + L_Div: 0.00000 + L_Morse: 0.44983
Epoch: 0 [8600/10000 (86%)] Unweighted L_s : L_Mnfld: 0.00067,  L_NonMnfld: 0.00816,  L_Nrml: 0.00000,  L_Eknl: 0.04230, L_Morse: 4.49831

Weights: [7000.0, 600.0, 0, 50.0, 0.0, 0.1], lr=5.000e-05
Epoch: 0 [8610/10000 (86%)] Loss: 13.24429 = L_Mnfld: 5.09540 + L_NonMnfld: 5.50295 + L_Nrml: 0.00000 + L_Eknl: 2.16290 + L_Div: 0.00000 + L_Morse: 0.48305
Epoch: 0 [8610/10000 (86%)] Unweighted L_s : L_Mnfld: 0.00073,  L_NonMnfld: 0.00917,  L_Nrml: 0.00000,  L_Eknl: 0.04326, L_Morse: 4.83047

Weights: [7000.0, 600.0, 0, 50.0, 0.0, 0.1], lr=5.000e-05
Epoch: 0 [8620/10000 (86%)] Loss: 12.78941 = L_Mnfld: 4.96217 + L_NonMnfld: 5.28511 + L_Nrml: 0.00000 + L_Eknl: 2.10365 + L_Div: 0.00000 + L_Morse: 0.43848
Epoch: 0 [8620/10000 (86%)] Unweighted L_s : L_Mnfld: 0.00071,  L_NonMnfld: 0.00881,  L_Nrml: 0.00000,  L_Eknl: 0.04207, L_Morse: 4.38477

Weights: [7000.0, 600.0, 0, 50.0, 0.0, 0.1], lr=5.000e-05
Epoch: 0 [8630/10000 (86%)] Loss: 13.44192 = L_Mnfld: 5.35006 + L_NonMnfld: 5.44857 + L_Nrml: 0.00000 + L_Eknl: 2.18879 + L_Div: 0.00000 + L_Morse: 0.45450
Epoch: 0 [8630/10000 (86%)] Unweighted L_s : L_Mnfld: 0.00076,  L_NonMnfld: 0.00908,  L_Nrml: 0.00000,  L_Eknl: 0.04378, L_Morse: 4.54496

Weights: [7000.0, 600.0, 0, 50.0, 0.0, 0.1], lr=5.000e-05
Epoch: 0 [8640/10000 (86%)] Loss: 12.98311 = L_Mnfld: 4.75687 + L_NonMnfld: 5.77099 + L_Nrml: 0.00000 + L_Eknl: 1.99341 + L_Div: 0.00000 + L_Morse: 0.46184
Epoch: 0 [8640/10000 (86%)] Unweighted L_s : L_Mnfld: 0.00068,  L_NonMnfld: 0.00962,  L_Nrml: 0.00000,  L_Eknl: 0.03987, L_Morse: 4.61838

Weights: [7000.0, 600.0, 0, 50.0, 0.0, 0.1], lr=5.000e-05
Epoch: 0 [8650/10000 (86%)] Loss: 11.93189 = L_Mnfld: 4.33512 + L_NonMnfld: 5.11499 + L_Nrml: 0.00000 + L_Eknl: 2.01705 + L_Div: 0.00000 + L_Morse: 0.46473
Epoch: 0 [8650/10000 (86%)] Unweighted L_s : L_Mnfld: 0.00062,  L_NonMnfld: 0.00852,  L_Nrml: 0.00000,  L_Eknl: 0.04034, L_Morse: 4.64734

Weights: [7000.0, 600.0, 0, 50.0, 0.0, 0.1], lr=5.000e-05
Epoch: 0 [8660/10000 (87%)] Loss: 12.72597 = L_Mnfld: 4.82127 + L_NonMnfld: 5.44958 + L_Nrml: 0.00000 + L_Eknl: 2.00326 + L_Div: 0.00000 + L_Morse: 0.45186
Epoch: 0 [8660/10000 (87%)] Unweighted L_s : L_Mnfld: 0.00069,  L_NonMnfld: 0.00908,  L_Nrml: 0.00000,  L_Eknl: 0.04007, L_Morse: 4.51858

Weights: [7000.0, 600.0, 0, 50.0, 0.0, 0.1], lr=5.000e-05
Epoch: 0 [8670/10000 (87%)] Loss: 12.69927 = L_Mnfld: 4.86090 + L_NonMnfld: 5.34250 + L_Nrml: 0.00000 + L_Eknl: 2.02679 + L_Div: 0.00000 + L_Morse: 0.46908
Epoch: 0 [8670/10000 (87%)] Unweighted L_s : L_Mnfld: 0.00069,  L_NonMnfld: 0.00890,  L_Nrml: 0.00000,  L_Eknl: 0.04054, L_Morse: 4.69075

Weights: [7000.0, 600.0, 0, 50.0, 0.0, 0.1], lr=5.000e-05
Epoch: 0 [8680/10000 (87%)] Loss: 12.28211 = L_Mnfld: 4.67606 + L_NonMnfld: 5.15353 + L_Nrml: 0.00000 + L_Eknl: 1.97724 + L_Div: 0.00000 + L_Morse: 0.47528
Epoch: 0 [8680/10000 (87%)] Unweighted L_s : L_Mnfld: 0.00067,  L_NonMnfld: 0.00859,  L_Nrml: 0.00000,  L_Eknl: 0.03954, L_Morse: 4.75276

Weights: [7000.0, 600.0, 0, 50.0, 0.0, 0.1], lr=5.000e-05
Epoch: 0 [8690/10000 (87%)] Loss: 13.01339 = L_Mnfld: 4.66673 + L_NonMnfld: 5.89985 + L_Nrml: 0.00000 + L_Eknl: 1.99359 + L_Div: 0.00000 + L_Morse: 0.45321
Epoch: 0 [8690/10000 (87%)] Unweighted L_s : L_Mnfld: 0.00067,  L_NonMnfld: 0.00983,  L_Nrml: 0.00000,  L_Eknl: 0.03987, L_Morse: 4.53215

Weights: [7000.0, 600.0, 0, 50.0, 0.0, 0.1], lr=5.000e-05
Epoch: 0 [8700/10000 (87%)] Loss: 12.27361 = L_Mnfld: 4.85768 + L_NonMnfld: 5.01065 + L_Nrml: 0.00000 + L_Eknl: 1.94598 + L_Div: 0.00000 + L_Morse: 0.45930
Epoch: 0 [8700/10000 (87%)] Unweighted L_s : L_Mnfld: 0.00069,  L_NonMnfld: 0.00835,  L_Nrml: 0.00000,  L_Eknl: 0.03892, L_Morse: 4.59303

Weights: [7000.0, 600.0, 0, 50.0, 0.0, 0.1], lr=5.000e-05
Epoch: 0 [8710/10000 (87%)] Loss: 12.76038 = L_Mnfld: 4.64450 + L_NonMnfld: 5.59342 + L_Nrml: 0.00000 + L_Eknl: 2.05238 + L_Div: 0.00000 + L_Morse: 0.47008
Epoch: 0 [8710/10000 (87%)] Unweighted L_s : L_Mnfld: 0.00066,  L_NonMnfld: 0.00932,  L_Nrml: 0.00000,  L_Eknl: 0.04105, L_Morse: 4.70080

Weights: [7000.0, 600.0, 0, 50.0, 0.0, 0.1], lr=5.000e-05
Epoch: 0 [8720/10000 (87%)] Loss: 13.16316 = L_Mnfld: 5.11638 + L_NonMnfld: 5.57032 + L_Nrml: 0.00000 + L_Eknl: 2.01901 + L_Div: 0.00000 + L_Morse: 0.45745
Epoch: 0 [8720/10000 (87%)] Unweighted L_s : L_Mnfld: 0.00073,  L_NonMnfld: 0.00928,  L_Nrml: 0.00000,  L_Eknl: 0.04038, L_Morse: 4.57449

Weights: [7000.0, 600.0, 0, 50.0, 0.0, 0.1], lr=5.000e-05
Epoch: 0 [8730/10000 (87%)] Loss: 12.70977 = L_Mnfld: 4.80404 + L_NonMnfld: 5.38867 + L_Nrml: 0.00000 + L_Eknl: 2.03816 + L_Div: 0.00000 + L_Morse: 0.47891
Epoch: 0 [8730/10000 (87%)] Unweighted L_s : L_Mnfld: 0.00069,  L_NonMnfld: 0.00898,  L_Nrml: 0.00000,  L_Eknl: 0.04076, L_Morse: 4.78908

Weights: [7000.0, 600.0, 0, 50.0, 0.0, 0.1], lr=5.000e-05
Epoch: 0 [8740/10000 (87%)] Loss: 13.06566 = L_Mnfld: 4.81147 + L_NonMnfld: 5.84591 + L_Nrml: 0.00000 + L_Eknl: 1.95383 + L_Div: 0.00000 + L_Morse: 0.45444
Epoch: 0 [8740/10000 (87%)] Unweighted L_s : L_Mnfld: 0.00069,  L_NonMnfld: 0.00974,  L_Nrml: 0.00000,  L_Eknl: 0.03908, L_Morse: 4.54445

Weights: [7000.0, 600.0, 0, 50.0, 0.0, 0.1], lr=5.000e-05
Epoch: 0 [8750/10000 (88%)] Loss: 13.11173 = L_Mnfld: 4.93385 + L_NonMnfld: 5.65924 + L_Nrml: 0.00000 + L_Eknl: 2.05329 + L_Div: 0.00000 + L_Morse: 0.46534
Epoch: 0 [8750/10000 (88%)] Unweighted L_s : L_Mnfld: 0.00070,  L_NonMnfld: 0.00943,  L_Nrml: 0.00000,  L_Eknl: 0.04107, L_Morse: 4.65336

Weights: [7000.0, 600.0, 0, 50.0, 0.0, 0.1], lr=5.000e-05
Epoch: 0 [8760/10000 (88%)] Loss: 12.37381 = L_Mnfld: 5.09604 + L_NonMnfld: 4.76500 + L_Nrml: 0.00000 + L_Eknl: 2.06987 + L_Div: 0.00000 + L_Morse: 0.44290
Epoch: 0 [8760/10000 (88%)] Unweighted L_s : L_Mnfld: 0.00073,  L_NonMnfld: 0.00794,  L_Nrml: 0.00000,  L_Eknl: 0.04140, L_Morse: 4.42905

Weights: [7000.0, 600.0, 0, 50.0, 0.0, 0.1], lr=5.000e-05
Epoch: 0 [8770/10000 (88%)] Loss: 12.90811 = L_Mnfld: 4.59857 + L_NonMnfld: 5.83696 + L_Nrml: 0.00000 + L_Eknl: 2.01048 + L_Div: 0.00000 + L_Morse: 0.46210
Epoch: 0 [8770/10000 (88%)] Unweighted L_s : L_Mnfld: 0.00066,  L_NonMnfld: 0.00973,  L_Nrml: 0.00000,  L_Eknl: 0.04021, L_Morse: 4.62104

Weights: [7000.0, 600.0, 0, 50.0, 0.0, 0.1], lr=5.000e-05
Epoch: 0 [8780/10000 (88%)] Loss: 12.47315 = L_Mnfld: 5.44028 + L_NonMnfld: 4.54127 + L_Nrml: 0.00000 + L_Eknl: 2.02032 + L_Div: 0.00000 + L_Morse: 0.47128
Epoch: 0 [8780/10000 (88%)] Unweighted L_s : L_Mnfld: 0.00078,  L_NonMnfld: 0.00757,  L_Nrml: 0.00000,  L_Eknl: 0.04041, L_Morse: 4.71284

Weights: [7000.0, 600.0, 0, 50.0, 0.0, 0.1], lr=5.000e-05
Epoch: 0 [8790/10000 (88%)] Loss: 12.56636 = L_Mnfld: 5.09915 + L_NonMnfld: 4.65448 + L_Nrml: 0.00000 + L_Eknl: 2.34850 + L_Div: 0.00000 + L_Morse: 0.46423
Epoch: 0 [8790/10000 (88%)] Unweighted L_s : L_Mnfld: 0.00073,  L_NonMnfld: 0.00776,  L_Nrml: 0.00000,  L_Eknl: 0.04697, L_Morse: 4.64230

Weights: [7000.0, 600.0, 0, 50.0, 0.0, 0.1], lr=5.000e-05
Epoch: 0 [8800/10000 (88%)] Loss: 12.16743 = L_Mnfld: 4.58299 + L_NonMnfld: 4.97190 + L_Nrml: 0.00000 + L_Eknl: 2.15465 + L_Div: 0.00000 + L_Morse: 0.45788
Epoch: 0 [8800/10000 (88%)] Unweighted L_s : L_Mnfld: 0.00065,  L_NonMnfld: 0.00829,  L_Nrml: 0.00000,  L_Eknl: 0.04309, L_Morse: 4.57877

Weights: [7000.0, 600.0, 0, 50.0, 0.0, 0.1], lr=5.000e-05
Epoch: 0 [8810/10000 (88%)] Loss: 13.19917 = L_Mnfld: 5.19301 + L_NonMnfld: 5.46444 + L_Nrml: 0.00000 + L_Eknl: 2.06896 + L_Div: 0.00000 + L_Morse: 0.47275
Epoch: 0 [8810/10000 (88%)] Unweighted L_s : L_Mnfld: 0.00074,  L_NonMnfld: 0.00911,  L_Nrml: 0.00000,  L_Eknl: 0.04138, L_Morse: 4.72750

Weights: [7000.0, 600.0, 0, 50.0, 0.0, 0.1], lr=5.000e-05
Epoch: 0 [8820/10000 (88%)] Loss: 12.55229 = L_Mnfld: 4.83573 + L_NonMnfld: 5.15782 + L_Nrml: 0.00000 + L_Eknl: 2.10674 + L_Div: 0.00000 + L_Morse: 0.45200
Epoch: 0 [8820/10000 (88%)] Unweighted L_s : L_Mnfld: 0.00069,  L_NonMnfld: 0.00860,  L_Nrml: 0.00000,  L_Eknl: 0.04213, L_Morse: 4.51999

Weights: [7000.0, 600.0, 0, 50.0, 0.0, 0.1], lr=5.000e-05
Epoch: 0 [8830/10000 (88%)] Loss: 12.15777 = L_Mnfld: 5.00184 + L_NonMnfld: 4.49399 + L_Nrml: 0.00000 + L_Eknl: 2.18609 + L_Div: 0.00000 + L_Morse: 0.47586
Epoch: 0 [8830/10000 (88%)] Unweighted L_s : L_Mnfld: 0.00071,  L_NonMnfld: 0.00749,  L_Nrml: 0.00000,  L_Eknl: 0.04372, L_Morse: 4.75859

Weights: [7000.0, 600.0, 0, 50.0, 0.0, 0.1], lr=5.000e-05
Epoch: 0 [8840/10000 (88%)] Loss: 11.75839 = L_Mnfld: 4.69686 + L_NonMnfld: 4.58629 + L_Nrml: 0.00000 + L_Eknl: 2.02923 + L_Div: 0.00000 + L_Morse: 0.44601
Epoch: 0 [8840/10000 (88%)] Unweighted L_s : L_Mnfld: 0.00067,  L_NonMnfld: 0.00764,  L_Nrml: 0.00000,  L_Eknl: 0.04058, L_Morse: 4.46012

Weights: [7000.0, 600.0, 0, 50.0, 0.0, 0.1], lr=5.000e-05
Epoch: 0 [8850/10000 (88%)] Loss: 13.65361 = L_Mnfld: 4.98163 + L_NonMnfld: 6.02374 + L_Nrml: 0.00000 + L_Eknl: 2.17392 + L_Div: 0.00000 + L_Morse: 0.47432
Epoch: 0 [8850/10000 (88%)] Unweighted L_s : L_Mnfld: 0.00071,  L_NonMnfld: 0.01004,  L_Nrml: 0.00000,  L_Eknl: 0.04348, L_Morse: 4.74319

Weights: [7000.0, 600.0, 0, 50.0, 0.0, 0.1], lr=5.000e-05
Epoch: 0 [8860/10000 (89%)] Loss: 12.32232 = L_Mnfld: 4.66278 + L_NonMnfld: 5.14389 + L_Nrml: 0.00000 + L_Eknl: 2.05095 + L_Div: 0.00000 + L_Morse: 0.46469
Epoch: 0 [8860/10000 (89%)] Unweighted L_s : L_Mnfld: 0.00067,  L_NonMnfld: 0.00857,  L_Nrml: 0.00000,  L_Eknl: 0.04102, L_Morse: 4.64694

Weights: [7000.0, 600.0, 0, 50.0, 0.0, 0.1], lr=5.000e-05
Epoch: 0 [8870/10000 (89%)] Loss: 12.14118 = L_Mnfld: 4.65858 + L_NonMnfld: 4.91568 + L_Nrml: 0.00000 + L_Eknl: 2.08059 + L_Div: 0.00000 + L_Morse: 0.48633
Epoch: 0 [8870/10000 (89%)] Unweighted L_s : L_Mnfld: 0.00067,  L_NonMnfld: 0.00819,  L_Nrml: 0.00000,  L_Eknl: 0.04161, L_Morse: 4.86327

Weights: [7000.0, 600.0, 0, 50.0, 0.0, 0.1], lr=5.000e-05
Epoch: 0 [8880/10000 (89%)] Loss: 11.64227 = L_Mnfld: 4.36113 + L_NonMnfld: 4.85435 + L_Nrml: 0.00000 + L_Eknl: 1.95221 + L_Div: 0.00000 + L_Morse: 0.47459
Epoch: 0 [8880/10000 (89%)] Unweighted L_s : L_Mnfld: 0.00062,  L_NonMnfld: 0.00809,  L_Nrml: 0.00000,  L_Eknl: 0.03904, L_Morse: 4.74590

Weights: [7000.0, 600.0, 0, 50.0, 0.0, 0.1], lr=5.000e-05
Epoch: 0 [8890/10000 (89%)] Loss: 12.54872 = L_Mnfld: 4.66759 + L_NonMnfld: 5.40751 + L_Nrml: 0.00000 + L_Eknl: 2.00124 + L_Div: 0.00000 + L_Morse: 0.47238
Epoch: 0 [8890/10000 (89%)] Unweighted L_s : L_Mnfld: 0.00067,  L_NonMnfld: 0.00901,  L_Nrml: 0.00000,  L_Eknl: 0.04002, L_Morse: 4.72381

Weights: [7000.0, 600.0, 0, 50.0, 0.0, 0.1], lr=5.000e-05
Epoch: 0 [8900/10000 (89%)] Loss: 12.70596 = L_Mnfld: 4.47890 + L_NonMnfld: 5.71219 + L_Nrml: 0.00000 + L_Eknl: 2.02058 + L_Div: 0.00000 + L_Morse: 0.49428
Epoch: 0 [8900/10000 (89%)] Unweighted L_s : L_Mnfld: 0.00064,  L_NonMnfld: 0.00952,  L_Nrml: 0.00000,  L_Eknl: 0.04041, L_Morse: 4.94281

Weights: [7000.0, 600.0, 0, 50.0, 0.0, 0.1], lr=5.000e-05
Epoch: 0 [8910/10000 (89%)] Loss: 12.38163 = L_Mnfld: 4.43079 + L_NonMnfld: 5.46133 + L_Nrml: 0.00000 + L_Eknl: 2.01745 + L_Div: 0.00000 + L_Morse: 0.47206
Epoch: 0 [8910/10000 (89%)] Unweighted L_s : L_Mnfld: 0.00063,  L_NonMnfld: 0.00910,  L_Nrml: 0.00000,  L_Eknl: 0.04035, L_Morse: 4.72060

Weights: [7000.0, 600.0, 0, 50.0, 0.0, 0.1], lr=5.000e-05
Epoch: 0 [8920/10000 (89%)] Loss: 12.69127 = L_Mnfld: 5.17108 + L_NonMnfld: 5.02870 + L_Nrml: 0.00000 + L_Eknl: 2.04012 + L_Div: 0.00000 + L_Morse: 0.45136
Epoch: 0 [8920/10000 (89%)] Unweighted L_s : L_Mnfld: 0.00074,  L_NonMnfld: 0.00838,  L_Nrml: 0.00000,  L_Eknl: 0.04080, L_Morse: 4.51361

Weights: [7000.0, 600.0, 0, 50.0, 0.0, 0.1], lr=5.000e-05
Epoch: 0 [8930/10000 (89%)] Loss: 12.38170 = L_Mnfld: 4.74171 + L_NonMnfld: 5.20876 + L_Nrml: 0.00000 + L_Eknl: 1.97654 + L_Div: 0.00000 + L_Morse: 0.45469
Epoch: 0 [8930/10000 (89%)] Unweighted L_s : L_Mnfld: 0.00068,  L_NonMnfld: 0.00868,  L_Nrml: 0.00000,  L_Eknl: 0.03953, L_Morse: 4.54690

Weights: [7000.0, 600.0, 0, 50.0, 0.0, 0.1], lr=5.000e-05
Epoch: 0 [8940/10000 (89%)] Loss: 12.46723 = L_Mnfld: 4.96454 + L_NonMnfld: 5.00422 + L_Nrml: 0.00000 + L_Eknl: 2.02334 + L_Div: 0.00000 + L_Morse: 0.47513
Epoch: 0 [8940/10000 (89%)] Unweighted L_s : L_Mnfld: 0.00071,  L_NonMnfld: 0.00834,  L_Nrml: 0.00000,  L_Eknl: 0.04047, L_Morse: 4.75134

Weights: [7000.0, 600.0, 0, 50.0, 0.0, 0.1], lr=5.000e-05
Epoch: 0 [8950/10000 (90%)] Loss: 12.92872 = L_Mnfld: 5.06980 + L_NonMnfld: 5.40841 + L_Nrml: 0.00000 + L_Eknl: 1.99003 + L_Div: 0.00000 + L_Morse: 0.46048
Epoch: 0 [8950/10000 (90%)] Unweighted L_s : L_Mnfld: 0.00072,  L_NonMnfld: 0.00901,  L_Nrml: 0.00000,  L_Eknl: 0.03980, L_Morse: 4.60475

Weights: [7000.0, 600.0, 0, 50.0, 0.0, 0.1], lr=5.000e-05
Epoch: 0 [8960/10000 (90%)] Loss: 13.17742 = L_Mnfld: 4.88595 + L_NonMnfld: 5.67843 + L_Nrml: 0.00000 + L_Eknl: 2.14328 + L_Div: 0.00000 + L_Morse: 0.46975
Epoch: 0 [8960/10000 (90%)] Unweighted L_s : L_Mnfld: 0.00070,  L_NonMnfld: 0.00946,  L_Nrml: 0.00000,  L_Eknl: 0.04287, L_Morse: 4.69751

Weights: [7000.0, 600.0, 0, 50.0, 0.0, 0.1], lr=5.000e-05
Epoch: 0 [8970/10000 (90%)] Loss: 13.07128 = L_Mnfld: 5.10906 + L_NonMnfld: 5.44444 + L_Nrml: 0.00000 + L_Eknl: 2.02801 + L_Div: 0.00000 + L_Morse: 0.48977
Epoch: 0 [8970/10000 (90%)] Unweighted L_s : L_Mnfld: 0.00073,  L_NonMnfld: 0.00907,  L_Nrml: 0.00000,  L_Eknl: 0.04056, L_Morse: 4.89766

Weights: [7000.0, 600.0, 0, 50.0, 0.0, 0.1], lr=5.000e-05
Epoch: 0 [8980/10000 (90%)] Loss: 12.80563 = L_Mnfld: 4.73497 + L_NonMnfld: 5.57737 + L_Nrml: 0.00000 + L_Eknl: 2.04696 + L_Div: 0.00000 + L_Morse: 0.44632
Epoch: 0 [8980/10000 (90%)] Unweighted L_s : L_Mnfld: 0.00068,  L_NonMnfld: 0.00930,  L_Nrml: 0.00000,  L_Eknl: 0.04094, L_Morse: 4.46315

Weights: [7000.0, 600.0, 0, 50.0, 0.0, 0.1], lr=5.000e-05
Epoch: 0 [8990/10000 (90%)] Loss: 13.49049 = L_Mnfld: 5.58346 + L_NonMnfld: 5.44044 + L_Nrml: 0.00000 + L_Eknl: 2.03238 + L_Div: 0.00000 + L_Morse: 0.43421
Epoch: 0 [8990/10000 (90%)] Unweighted L_s : L_Mnfld: 0.00080,  L_NonMnfld: 0.00907,  L_Nrml: 0.00000,  L_Eknl: 0.04065, L_Morse: 4.34209

Weights: [7000.0, 600.0, 0, 50.0, 0.0, 0.1], lr=5.000e-05
Epoch: 0 [9000/10000 (90%)] Loss: 12.90654 = L_Mnfld: 4.87511 + L_NonMnfld: 5.47643 + L_Nrml: 0.00000 + L_Eknl: 2.04109 + L_Div: 0.00000 + L_Morse: 0.51391
Epoch: 0 [9000/10000 (90%)] Unweighted L_s : L_Mnfld: 0.00070,  L_NonMnfld: 0.00913,  L_Nrml: 0.00000,  L_Eknl: 0.04082, L_Morse: 5.13912

Weights: [7000.0, 600.0, 0, 50.0, 0.0, 0.1], lr=5.000e-05
Epoch: 0 [9010/10000 (90%)] Loss: 12.31192 = L_Mnfld: 4.79325 + L_NonMnfld: 4.98413 + L_Nrml: 0.00000 + L_Eknl: 2.08890 + L_Div: 0.00000 + L_Morse: 0.44563
Epoch: 0 [9010/10000 (90%)] Unweighted L_s : L_Mnfld: 0.00068,  L_NonMnfld: 0.00831,  L_Nrml: 0.00000,  L_Eknl: 0.04178, L_Morse: 4.45635

Weights: [7000.0, 600.0, 0, 50.0, 0.0, 0.1], lr=5.000e-05
Epoch: 0 [9020/10000 (90%)] Loss: 14.17129 = L_Mnfld: 5.33157 + L_NonMnfld: 6.19396 + L_Nrml: 0.00000 + L_Eknl: 2.18605 + L_Div: 0.00000 + L_Morse: 0.45972
Epoch: 0 [9020/10000 (90%)] Unweighted L_s : L_Mnfld: 0.00076,  L_NonMnfld: 0.01032,  L_Nrml: 0.00000,  L_Eknl: 0.04372, L_Morse: 4.59718

Weights: [7000.0, 600.0, 0, 50.0, 0.0, 0.1], lr=5.000e-05
Epoch: 0 [9030/10000 (90%)] Loss: 12.63717 = L_Mnfld: 5.00162 + L_NonMnfld: 5.12147 + L_Nrml: 0.00000 + L_Eknl: 2.05535 + L_Div: 0.00000 + L_Morse: 0.45873
Epoch: 0 [9030/10000 (90%)] Unweighted L_s : L_Mnfld: 0.00071,  L_NonMnfld: 0.00854,  L_Nrml: 0.00000,  L_Eknl: 0.04111, L_Morse: 4.58727

Weights: [7000.0, 600.0, 0, 50.0, 0.0, 0.1], lr=5.000e-05
Epoch: 0 [9040/10000 (90%)] Loss: 13.14803 = L_Mnfld: 5.02220 + L_NonMnfld: 5.56391 + L_Nrml: 0.00000 + L_Eknl: 2.07112 + L_Div: 0.00000 + L_Morse: 0.49079
Epoch: 0 [9040/10000 (90%)] Unweighted L_s : L_Mnfld: 0.00072,  L_NonMnfld: 0.00927,  L_Nrml: 0.00000,  L_Eknl: 0.04142, L_Morse: 4.90793

Weights: [7000.0, 600.0, 0, 50.0, 0.0, 0.1], lr=5.000e-05
Epoch: 0 [9050/10000 (90%)] Loss: 12.23137 = L_Mnfld: 4.74607 + L_NonMnfld: 4.94008 + L_Nrml: 0.00000 + L_Eknl: 2.08723 + L_Div: 0.00000 + L_Morse: 0.45799
Epoch: 0 [9050/10000 (90%)] Unweighted L_s : L_Mnfld: 0.00068,  L_NonMnfld: 0.00823,  L_Nrml: 0.00000,  L_Eknl: 0.04174, L_Morse: 4.57991

Weights: [7000.0, 600.0, 0, 50.0, 0.0, 0.1], lr=5.000e-05
Epoch: 0 [9060/10000 (91%)] Loss: 12.78407 = L_Mnfld: 5.07341 + L_NonMnfld: 5.17164 + L_Nrml: 0.00000 + L_Eknl: 2.06423 + L_Div: 0.00000 + L_Morse: 0.47479
Epoch: 0 [9060/10000 (91%)] Unweighted L_s : L_Mnfld: 0.00072,  L_NonMnfld: 0.00862,  L_Nrml: 0.00000,  L_Eknl: 0.04128, L_Morse: 4.74789

Weights: [7000.0, 600.0, 0, 50.0, 0.0, 0.1], lr=5.000e-05
Epoch: 0 [9070/10000 (91%)] Loss: 13.51611 = L_Mnfld: 4.59281 + L_NonMnfld: 6.20069 + L_Nrml: 0.00000 + L_Eknl: 2.24401 + L_Div: 0.00000 + L_Morse: 0.47861
Epoch: 0 [9070/10000 (91%)] Unweighted L_s : L_Mnfld: 0.00066,  L_NonMnfld: 0.01033,  L_Nrml: 0.00000,  L_Eknl: 0.04488, L_Morse: 4.78606

Weights: [7000.0, 600.0, 0, 50.0, 0.0, 0.1], lr=5.000e-05
Epoch: 0 [9080/10000 (91%)] Loss: 12.84031 = L_Mnfld: 4.85321 + L_NonMnfld: 5.33754 + L_Nrml: 0.00000 + L_Eknl: 2.18823 + L_Div: 0.00000 + L_Morse: 0.46133
Epoch: 0 [9080/10000 (91%)] Unweighted L_s : L_Mnfld: 0.00069,  L_NonMnfld: 0.00890,  L_Nrml: 0.00000,  L_Eknl: 0.04376, L_Morse: 4.61332

Weights: [7000.0, 600.0, 0, 50.0, 0.0, 0.1], lr=5.000e-05
Epoch: 0 [9090/10000 (91%)] Loss: 12.76972 = L_Mnfld: 4.93185 + L_NonMnfld: 5.39358 + L_Nrml: 0.00000 + L_Eknl: 1.98814 + L_Div: 0.00000 + L_Morse: 0.45614
Epoch: 0 [9090/10000 (91%)] Unweighted L_s : L_Mnfld: 0.00070,  L_NonMnfld: 0.00899,  L_Nrml: 0.00000,  L_Eknl: 0.03976, L_Morse: 4.56141

Weights: [7000.0, 600.0, 0, 50.0, 0.0, 0.1], lr=5.000e-05
Epoch: 0 [9100/10000 (91%)] Loss: 12.51166 = L_Mnfld: 4.75596 + L_NonMnfld: 5.26433 + L_Nrml: 0.00000 + L_Eknl: 2.02569 + L_Div: 0.00000 + L_Morse: 0.46568
Epoch: 0 [9100/10000 (91%)] Unweighted L_s : L_Mnfld: 0.00068,  L_NonMnfld: 0.00877,  L_Nrml: 0.00000,  L_Eknl: 0.04051, L_Morse: 4.65679

Weights: [7000.0, 600.0, 0, 50.0, 0.0, 0.1], lr=5.000e-05
Epoch: 0 [9110/10000 (91%)] Loss: 12.88922 = L_Mnfld: 4.96124 + L_NonMnfld: 5.43334 + L_Nrml: 0.00000 + L_Eknl: 2.03452 + L_Div: 0.00000 + L_Morse: 0.46013
Epoch: 0 [9110/10000 (91%)] Unweighted L_s : L_Mnfld: 0.00071,  L_NonMnfld: 0.00906,  L_Nrml: 0.00000,  L_Eknl: 0.04069, L_Morse: 4.60130

Weights: [7000.0, 600.0, 0, 50.0, 0.0, 0.1], lr=5.000e-05
Epoch: 0 [9120/10000 (91%)] Loss: 12.16930 = L_Mnfld: 5.14349 + L_NonMnfld: 4.63460 + L_Nrml: 0.00000 + L_Eknl: 1.95694 + L_Div: 0.00000 + L_Morse: 0.43427
Epoch: 0 [9120/10000 (91%)] Unweighted L_s : L_Mnfld: 0.00073,  L_NonMnfld: 0.00772,  L_Nrml: 0.00000,  L_Eknl: 0.03914, L_Morse: 4.34266

Weights: [7000.0, 600.0, 0, 50.0, 0.0, 0.1], lr=5.000e-05
Epoch: 0 [9130/10000 (91%)] Loss: 12.97043 = L_Mnfld: 5.11535 + L_NonMnfld: 5.31634 + L_Nrml: 0.00000 + L_Eknl: 2.08086 + L_Div: 0.00000 + L_Morse: 0.45788
Epoch: 0 [9130/10000 (91%)] Unweighted L_s : L_Mnfld: 0.00073,  L_NonMnfld: 0.00886,  L_Nrml: 0.00000,  L_Eknl: 0.04162, L_Morse: 4.57882

Weights: [7000.0, 600.0, 0, 50.0, 0.0, 0.1], lr=5.000e-05
Epoch: 0 [9140/10000 (91%)] Loss: 13.34645 = L_Mnfld: 5.47785 + L_NonMnfld: 5.15336 + L_Nrml: 0.00000 + L_Eknl: 2.25823 + L_Div: 0.00000 + L_Morse: 0.45700
Epoch: 0 [9140/10000 (91%)] Unweighted L_s : L_Mnfld: 0.00078,  L_NonMnfld: 0.00859,  L_Nrml: 0.00000,  L_Eknl: 0.04516, L_Morse: 4.57003

Weights: [7000.0, 600.0, 0, 50.0, 0.0, 0.1], lr=5.000e-05
Epoch: 0 [9150/10000 (92%)] Loss: 13.64776 = L_Mnfld: 5.55868 + L_NonMnfld: 5.42942 + L_Nrml: 0.00000 + L_Eknl: 2.17923 + L_Div: 0.00000 + L_Morse: 0.48044
Epoch: 0 [9150/10000 (92%)] Unweighted L_s : L_Mnfld: 0.00079,  L_NonMnfld: 0.00905,  L_Nrml: 0.00000,  L_Eknl: 0.04358, L_Morse: 4.80439

Weights: [7000.0, 600.0, 0, 50.0, 0.0, 0.1], lr=5.000e-05
Epoch: 0 [9160/10000 (92%)] Loss: 13.82248 = L_Mnfld: 5.20907 + L_NonMnfld: 6.12375 + L_Nrml: 0.00000 + L_Eknl: 2.01187 + L_Div: 0.00000 + L_Morse: 0.47778
Epoch: 0 [9160/10000 (92%)] Unweighted L_s : L_Mnfld: 0.00074,  L_NonMnfld: 0.01021,  L_Nrml: 0.00000,  L_Eknl: 0.04024, L_Morse: 4.77778

Weights: [7000.0, 600.0, 0, 50.0, 0.0, 0.1], lr=5.000e-05
Epoch: 0 [9170/10000 (92%)] Loss: 12.53963 = L_Mnfld: 4.50424 + L_NonMnfld: 5.50581 + L_Nrml: 0.00000 + L_Eknl: 2.08273 + L_Div: 0.00000 + L_Morse: 0.44685
Epoch: 0 [9170/10000 (92%)] Unweighted L_s : L_Mnfld: 0.00064,  L_NonMnfld: 0.00918,  L_Nrml: 0.00000,  L_Eknl: 0.04165, L_Morse: 4.46855

Weights: [7000.0, 600.0, 0, 50.0, 0.0, 0.1], lr=5.000e-05
Epoch: 0 [9180/10000 (92%)] Loss: 13.24669 = L_Mnfld: 6.01100 + L_NonMnfld: 4.29402 + L_Nrml: 0.00000 + L_Eknl: 2.44631 + L_Div: 0.00000 + L_Morse: 0.49536
Epoch: 0 [9180/10000 (92%)] Unweighted L_s : L_Mnfld: 0.00086,  L_NonMnfld: 0.00716,  L_Nrml: 0.00000,  L_Eknl: 0.04893, L_Morse: 4.95358

Weights: [7000.0, 600.0, 0, 50.0, 0.0, 0.1], lr=5.000e-05
Epoch: 0 [9190/10000 (92%)] Loss: 13.10113 = L_Mnfld: 5.40555 + L_NonMnfld: 5.14188 + L_Nrml: 0.00000 + L_Eknl: 2.09890 + L_Div: 0.00000 + L_Morse: 0.45480
Epoch: 0 [9190/10000 (92%)] Unweighted L_s : L_Mnfld: 0.00077,  L_NonMnfld: 0.00857,  L_Nrml: 0.00000,  L_Eknl: 0.04198, L_Morse: 4.54799

Weights: [7000.0, 600.0, 0, 50.0, 0.0, 0.1], lr=5.000e-05
Epoch: 0 [9200/10000 (92%)] Loss: 13.02855 = L_Mnfld: 4.83121 + L_NonMnfld: 5.58403 + L_Nrml: 0.00000 + L_Eknl: 2.14327 + L_Div: 0.00000 + L_Morse: 0.47004
Epoch: 0 [9200/10000 (92%)] Unweighted L_s : L_Mnfld: 0.00069,  L_NonMnfld: 0.00931,  L_Nrml: 0.00000,  L_Eknl: 0.04287, L_Morse: 4.70036

Weights: [7000.0, 600.0, 0, 50.0, 0.0, 0.1], lr=5.000e-05
Epoch: 0 [9210/10000 (92%)] Loss: 13.49694 = L_Mnfld: 5.90355 + L_NonMnfld: 4.96337 + L_Nrml: 0.00000 + L_Eknl: 2.14855 + L_Div: 0.00000 + L_Morse: 0.48147
Epoch: 0 [9210/10000 (92%)] Unweighted L_s : L_Mnfld: 0.00084,  L_NonMnfld: 0.00827,  L_Nrml: 0.00000,  L_Eknl: 0.04297, L_Morse: 4.81466

Weights: [7000.0, 600.0, 0, 50.0, 0.0, 0.1], lr=5.000e-05
Epoch: 0 [9220/10000 (92%)] Loss: 11.93386 = L_Mnfld: 4.84070 + L_NonMnfld: 4.59599 + L_Nrml: 0.00000 + L_Eknl: 2.00394 + L_Div: 0.00000 + L_Morse: 0.49323
Epoch: 0 [9220/10000 (92%)] Unweighted L_s : L_Mnfld: 0.00069,  L_NonMnfld: 0.00766,  L_Nrml: 0.00000,  L_Eknl: 0.04008, L_Morse: 4.93228

Weights: [7000.0, 600.0, 0, 50.0, 0.0, 0.1], lr=5.000e-05
Epoch: 0 [9230/10000 (92%)] Loss: 13.03280 = L_Mnfld: 5.04171 + L_NonMnfld: 5.46594 + L_Nrml: 0.00000 + L_Eknl: 2.05199 + L_Div: 0.00000 + L_Morse: 0.47316
Epoch: 0 [9230/10000 (92%)] Unweighted L_s : L_Mnfld: 0.00072,  L_NonMnfld: 0.00911,  L_Nrml: 0.00000,  L_Eknl: 0.04104, L_Morse: 4.73159

Weights: [7000.0, 600.0, 0, 50.0, 0.0, 0.1], lr=5.000e-05
Epoch: 0 [9240/10000 (92%)] Loss: 12.27302 = L_Mnfld: 4.70234 + L_NonMnfld: 4.99102 + L_Nrml: 0.00000 + L_Eknl: 2.09179 + L_Div: 0.00000 + L_Morse: 0.48787
Epoch: 0 [9240/10000 (92%)] Unweighted L_s : L_Mnfld: 0.00067,  L_NonMnfld: 0.00832,  L_Nrml: 0.00000,  L_Eknl: 0.04184, L_Morse: 4.87869

Weights: [7000.0, 600.0, 0, 50.0, 0.0, 0.1], lr=5.000e-05
Epoch: 0 [9250/10000 (92%)] Loss: 12.13162 = L_Mnfld: 4.48741 + L_NonMnfld: 5.13667 + L_Nrml: 0.00000 + L_Eknl: 2.03668 + L_Div: 0.00000 + L_Morse: 0.47087
Epoch: 0 [9250/10000 (92%)] Unweighted L_s : L_Mnfld: 0.00064,  L_NonMnfld: 0.00856,  L_Nrml: 0.00000,  L_Eknl: 0.04073, L_Morse: 4.70866

Weights: [7000.0, 600.0, 0, 50.0, 0.0, 0.1], lr=5.000e-05
Epoch: 0 [9260/10000 (93%)] Loss: 12.11325 = L_Mnfld: 5.03342 + L_NonMnfld: 4.61900 + L_Nrml: 0.00000 + L_Eknl: 1.96445 + L_Div: 0.00000 + L_Morse: 0.49638
Epoch: 0 [9260/10000 (93%)] Unweighted L_s : L_Mnfld: 0.00072,  L_NonMnfld: 0.00770,  L_Nrml: 0.00000,  L_Eknl: 0.03929, L_Morse: 4.96384

Weights: [7000.0, 600.0, 0, 50.0, 0.0, 0.1], lr=5.000e-05
Epoch: 0 [9270/10000 (93%)] Loss: 12.42220 = L_Mnfld: 4.28491 + L_NonMnfld: 5.77788 + L_Nrml: 0.00000 + L_Eknl: 1.90566 + L_Div: 0.00000 + L_Morse: 0.45374
Epoch: 0 [9270/10000 (93%)] Unweighted L_s : L_Mnfld: 0.00061,  L_NonMnfld: 0.00963,  L_Nrml: 0.00000,  L_Eknl: 0.03811, L_Morse: 4.53745

Weights: [7000.0, 600.0, 0, 50.0, 0.0, 0.1], lr=5.000e-05
Epoch: 0 [9280/10000 (93%)] Loss: 12.64511 = L_Mnfld: 4.83198 + L_NonMnfld: 5.36142 + L_Nrml: 0.00000 + L_Eknl: 1.97553 + L_Div: 0.00000 + L_Morse: 0.47619
Epoch: 0 [9280/10000 (93%)] Unweighted L_s : L_Mnfld: 0.00069,  L_NonMnfld: 0.00894,  L_Nrml: 0.00000,  L_Eknl: 0.03951, L_Morse: 4.76187

Weights: [7000.0, 600.0, 0, 50.0, 0.0, 0.1], lr=5.000e-05
Epoch: 0 [9290/10000 (93%)] Loss: 11.60429 = L_Mnfld: 4.63961 + L_NonMnfld: 4.59030 + L_Nrml: 0.00000 + L_Eknl: 1.90878 + L_Div: 0.00000 + L_Morse: 0.46560
Epoch: 0 [9290/10000 (93%)] Unweighted L_s : L_Mnfld: 0.00066,  L_NonMnfld: 0.00765,  L_Nrml: 0.00000,  L_Eknl: 0.03818, L_Morse: 4.65600

Weights: [7000.0, 600.0, 0, 50.0, 0.0, 0.1], lr=5.000e-05
Epoch: 0 [9300/10000 (93%)] Loss: 11.79942 = L_Mnfld: 4.50548 + L_NonMnfld: 4.90200 + L_Nrml: 0.00000 + L_Eknl: 1.89762 + L_Div: 0.00000 + L_Morse: 0.49432
Epoch: 0 [9300/10000 (93%)] Unweighted L_s : L_Mnfld: 0.00064,  L_NonMnfld: 0.00817,  L_Nrml: 0.00000,  L_Eknl: 0.03795, L_Morse: 4.94316

Weights: [7000.0, 600.0, 0, 50.0, 0.0, 0.1], lr=5.000e-05
Epoch: 0 [9310/10000 (93%)] Loss: 12.17556 = L_Mnfld: 4.45494 + L_NonMnfld: 5.37469 + L_Nrml: 0.00000 + L_Eknl: 1.91894 + L_Div: 0.00000 + L_Morse: 0.42699
Epoch: 0 [9310/10000 (93%)] Unweighted L_s : L_Mnfld: 0.00064,  L_NonMnfld: 0.00896,  L_Nrml: 0.00000,  L_Eknl: 0.03838, L_Morse: 4.26988

Weights: [7000.0, 600.0, 0, 50.0, 0.0, 0.1], lr=5.000e-05
Epoch: 0 [9320/10000 (93%)] Loss: 11.72176 = L_Mnfld: 4.43839 + L_NonMnfld: 4.87546 + L_Nrml: 0.00000 + L_Eknl: 1.94379 + L_Div: 0.00000 + L_Morse: 0.46413
Epoch: 0 [9320/10000 (93%)] Unweighted L_s : L_Mnfld: 0.00063,  L_NonMnfld: 0.00813,  L_Nrml: 0.00000,  L_Eknl: 0.03888, L_Morse: 4.64129

Weights: [7000.0, 600.0, 0, 50.0, 0.0, 0.1], lr=5.000e-05
Epoch: 0 [9330/10000 (93%)] Loss: 12.84404 = L_Mnfld: 4.34314 + L_NonMnfld: 6.11730 + L_Nrml: 0.00000 + L_Eknl: 1.96129 + L_Div: 0.00000 + L_Morse: 0.42231
Epoch: 0 [9330/10000 (93%)] Unweighted L_s : L_Mnfld: 0.00062,  L_NonMnfld: 0.01020,  L_Nrml: 0.00000,  L_Eknl: 0.03923, L_Morse: 4.22314

Weights: [7000.0, 600.0, 0, 50.0, 0.0, 0.1], lr=5.000e-05
Epoch: 0 [9340/10000 (93%)] Loss: 11.62862 = L_Mnfld: 4.43254 + L_NonMnfld: 4.75211 + L_Nrml: 0.00000 + L_Eknl: 1.95790 + L_Div: 0.00000 + L_Morse: 0.48608
Epoch: 0 [9340/10000 (93%)] Unweighted L_s : L_Mnfld: 0.00063,  L_NonMnfld: 0.00792,  L_Nrml: 0.00000,  L_Eknl: 0.03916, L_Morse: 4.86077

Weights: [7000.0, 600.0, 0, 50.0, 0.0, 0.1], lr=5.000e-05
Epoch: 0 [9350/10000 (94%)] Loss: 12.54709 = L_Mnfld: 4.57784 + L_NonMnfld: 5.65878 + L_Nrml: 0.00000 + L_Eknl: 1.86274 + L_Div: 0.00000 + L_Morse: 0.44773
Epoch: 0 [9350/10000 (94%)] Unweighted L_s : L_Mnfld: 0.00065,  L_NonMnfld: 0.00943,  L_Nrml: 0.00000,  L_Eknl: 0.03725, L_Morse: 4.47733

Weights: [7000.0, 600.0, 0, 50.0, 0.0, 0.1], lr=5.000e-05
Epoch: 0 [9360/10000 (94%)] Loss: 12.86932 = L_Mnfld: 5.20532 + L_NonMnfld: 5.21456 + L_Nrml: 0.00000 + L_Eknl: 2.00339 + L_Div: 0.00000 + L_Morse: 0.44606
Epoch: 0 [9360/10000 (94%)] Unweighted L_s : L_Mnfld: 0.00074,  L_NonMnfld: 0.00869,  L_Nrml: 0.00000,  L_Eknl: 0.04007, L_Morse: 4.46060

Weights: [7000.0, 600.0, 0, 50.0, 0.0, 0.1], lr=5.000e-05
Epoch: 0 [9370/10000 (94%)] Loss: 11.36716 = L_Mnfld: 4.43762 + L_NonMnfld: 4.44327 + L_Nrml: 0.00000 + L_Eknl: 1.98688 + L_Div: 0.00000 + L_Morse: 0.49939
Epoch: 0 [9370/10000 (94%)] Unweighted L_s : L_Mnfld: 0.00063,  L_NonMnfld: 0.00741,  L_Nrml: 0.00000,  L_Eknl: 0.03974, L_Morse: 4.99392

Weights: [7000.0, 600.0, 0, 50.0, 0.0, 0.1], lr=5.000e-05
Epoch: 0 [9380/10000 (94%)] Loss: 11.79598 = L_Mnfld: 4.91662 + L_NonMnfld: 4.51094 + L_Nrml: 0.00000 + L_Eknl: 1.86346 + L_Div: 0.00000 + L_Morse: 0.50496
Epoch: 0 [9380/10000 (94%)] Unweighted L_s : L_Mnfld: 0.00070,  L_NonMnfld: 0.00752,  L_Nrml: 0.00000,  L_Eknl: 0.03727, L_Morse: 5.04960

Weights: [7000.0, 600.0, 0, 50.0, 0.0, 0.1], lr=5.000e-05
Epoch: 0 [9390/10000 (94%)] Loss: 12.97274 = L_Mnfld: 5.22512 + L_NonMnfld: 5.21979 + L_Nrml: 0.00000 + L_Eknl: 2.06495 + L_Div: 0.00000 + L_Morse: 0.46287
Epoch: 0 [9390/10000 (94%)] Unweighted L_s : L_Mnfld: 0.00075,  L_NonMnfld: 0.00870,  L_Nrml: 0.00000,  L_Eknl: 0.04130, L_Morse: 4.62868

Weights: [7000.0, 600.0, 0, 50.0, 0.0, 0.1], lr=5.000e-05
Epoch: 0 [9400/10000 (94%)] Loss: 11.88026 = L_Mnfld: 4.69623 + L_NonMnfld: 4.68273 + L_Nrml: 0.00000 + L_Eknl: 2.03310 + L_Div: 0.00000 + L_Morse: 0.46819
Epoch: 0 [9400/10000 (94%)] Unweighted L_s : L_Mnfld: 0.00067,  L_NonMnfld: 0.00780,  L_Nrml: 0.00000,  L_Eknl: 0.04066, L_Morse: 4.68194

Weights: [7000.0, 600.0, 0, 50.0, 0.0, 0.1], lr=5.000e-05
Epoch: 0 [9410/10000 (94%)] Loss: 12.06073 = L_Mnfld: 4.85524 + L_NonMnfld: 4.81808 + L_Nrml: 0.00000 + L_Eknl: 1.90435 + L_Div: 0.00000 + L_Morse: 0.48306
Epoch: 0 [9410/10000 (94%)] Unweighted L_s : L_Mnfld: 0.00069,  L_NonMnfld: 0.00803,  L_Nrml: 0.00000,  L_Eknl: 0.03809, L_Morse: 4.83063

Weights: [7000.0, 600.0, 0, 50.0, 0.0, 0.1], lr=5.000e-05
Epoch: 0 [9420/10000 (94%)] Loss: 11.23875 = L_Mnfld: 4.22480 + L_NonMnfld: 4.54318 + L_Nrml: 0.00000 + L_Eknl: 2.02957 + L_Div: 0.00000 + L_Morse: 0.44120
Epoch: 0 [9420/10000 (94%)] Unweighted L_s : L_Mnfld: 0.00060,  L_NonMnfld: 0.00757,  L_Nrml: 0.00000,  L_Eknl: 0.04059, L_Morse: 4.41198

Weights: [7000.0, 600.0, 0, 50.0, 0.0, 0.1], lr=5.000e-05
Epoch: 0 [9430/10000 (94%)] Loss: 11.57272 = L_Mnfld: 4.34985 + L_NonMnfld: 4.88919 + L_Nrml: 0.00000 + L_Eknl: 1.86401 + L_Div: 0.00000 + L_Morse: 0.46968
Epoch: 0 [9430/10000 (94%)] Unweighted L_s : L_Mnfld: 0.00062,  L_NonMnfld: 0.00815,  L_Nrml: 0.00000,  L_Eknl: 0.03728, L_Morse: 4.69676

Weights: [7000.0, 600.0, 0, 50.0, 0.0, 0.1], lr=5.000e-05
Epoch: 0 [9440/10000 (94%)] Loss: 12.24054 = L_Mnfld: 4.22643 + L_NonMnfld: 5.64407 + L_Nrml: 0.00000 + L_Eknl: 1.89889 + L_Div: 0.00000 + L_Morse: 0.47115
Epoch: 0 [9440/10000 (94%)] Unweighted L_s : L_Mnfld: 0.00060,  L_NonMnfld: 0.00941,  L_Nrml: 0.00000,  L_Eknl: 0.03798, L_Morse: 4.71147

Weights: [7000.0, 600.0, 0, 50.0, 0.0, 0.1], lr=5.000e-05
Epoch: 0 [9450/10000 (94%)] Loss: 11.70541 = L_Mnfld: 4.17296 + L_NonMnfld: 5.17863 + L_Nrml: 0.00000 + L_Eknl: 1.87157 + L_Div: 0.00000 + L_Morse: 0.48224
Epoch: 0 [9450/10000 (94%)] Unweighted L_s : L_Mnfld: 0.00060,  L_NonMnfld: 0.00863,  L_Nrml: 0.00000,  L_Eknl: 0.03743, L_Morse: 4.82240

Weights: [7000.0, 600.0, 0, 50.0, 0.0, 0.1], lr=5.000e-05
Epoch: 0 [9460/10000 (95%)] Loss: 12.87569 = L_Mnfld: 5.35437 + L_NonMnfld: 5.04042 + L_Nrml: 0.00000 + L_Eknl: 1.97818 + L_Div: 0.00000 + L_Morse: 0.50272
Epoch: 0 [9460/10000 (95%)] Unweighted L_s : L_Mnfld: 0.00076,  L_NonMnfld: 0.00840,  L_Nrml: 0.00000,  L_Eknl: 0.03956, L_Morse: 5.02720

Weights: [7000.0, 600.0, 0, 50.0, 0.0, 0.1], lr=5.000e-05
Epoch: 0 [9470/10000 (95%)] Loss: 13.00895 = L_Mnfld: 5.10896 + L_NonMnfld: 5.40362 + L_Nrml: 0.00000 + L_Eknl: 1.99251 + L_Div: 0.00000 + L_Morse: 0.50386
Epoch: 0 [9470/10000 (95%)] Unweighted L_s : L_Mnfld: 0.00073,  L_NonMnfld: 0.00901,  L_Nrml: 0.00000,  L_Eknl: 0.03985, L_Morse: 5.03862

Weights: [7000.0, 600.0, 0, 50.0, 0.0, 0.1], lr=5.000e-05
Epoch: 0 [9480/10000 (95%)] Loss: 12.31765 = L_Mnfld: 4.96636 + L_NonMnfld: 4.85458 + L_Nrml: 0.00000 + L_Eknl: 2.03583 + L_Div: 0.00000 + L_Morse: 0.46089
Epoch: 0 [9480/10000 (95%)] Unweighted L_s : L_Mnfld: 0.00071,  L_NonMnfld: 0.00809,  L_Nrml: 0.00000,  L_Eknl: 0.04072, L_Morse: 4.60888

Weights: [7000.0, 600.0, 0, 50.0, 0.0, 0.1], lr=5.000e-05
Epoch: 0 [9490/10000 (95%)] Loss: 13.45514 = L_Mnfld: 5.32625 + L_NonMnfld: 5.41330 + L_Nrml: 0.00000 + L_Eknl: 2.24983 + L_Div: 0.00000 + L_Morse: 0.46575
Epoch: 0 [9490/10000 (95%)] Unweighted L_s : L_Mnfld: 0.00076,  L_NonMnfld: 0.00902,  L_Nrml: 0.00000,  L_Eknl: 0.04500, L_Morse: 4.65754

Weights: [7000.0, 600.0, 0, 50.0, 0.0, 0.1], lr=5.000e-05
Epoch: 0 [9500/10000 (95%)] Loss: 13.19901 = L_Mnfld: 4.92854 + L_NonMnfld: 5.74429 + L_Nrml: 0.00000 + L_Eknl: 2.05876 + L_Div: 0.00000 + L_Morse: 0.46742
Epoch: 0 [9500/10000 (95%)] Unweighted L_s : L_Mnfld: 0.00070,  L_NonMnfld: 0.00957,  L_Nrml: 0.00000,  L_Eknl: 0.04118, L_Morse: 4.67418

Weights: [7000.0, 600.0, 0, 50.0, 0.0, 0.1], lr=5.000e-05
Epoch: 0 [9510/10000 (95%)] Loss: 13.10485 = L_Mnfld: 5.81500 + L_NonMnfld: 4.63311 + L_Nrml: 0.00000 + L_Eknl: 2.18334 + L_Div: 0.00000 + L_Morse: 0.47340
Epoch: 0 [9510/10000 (95%)] Unweighted L_s : L_Mnfld: 0.00083,  L_NonMnfld: 0.00772,  L_Nrml: 0.00000,  L_Eknl: 0.04367, L_Morse: 4.73403

Weights: [7000.0, 600.0, 0, 50.0, 0.0, 0.1], lr=5.000e-05
Epoch: 0 [9520/10000 (95%)] Loss: 14.61500 = L_Mnfld: 5.86509 + L_NonMnfld: 5.87762 + L_Nrml: 0.00000 + L_Eknl: 2.38125 + L_Div: 0.00000 + L_Morse: 0.49105
Epoch: 0 [9520/10000 (95%)] Unweighted L_s : L_Mnfld: 0.00084,  L_NonMnfld: 0.00980,  L_Nrml: 0.00000,  L_Eknl: 0.04762, L_Morse: 4.91047

Weights: [7000.0, 600.0, 0, 50.0, 0.0, 0.1], lr=5.000e-05
Epoch: 0 [9530/10000 (95%)] Loss: 14.25788 = L_Mnfld: 6.09590 + L_NonMnfld: 4.97606 + L_Nrml: 0.00000 + L_Eknl: 2.72018 + L_Div: 0.00000 + L_Morse: 0.46575
Epoch: 0 [9530/10000 (95%)] Unweighted L_s : L_Mnfld: 0.00087,  L_NonMnfld: 0.00829,  L_Nrml: 0.00000,  L_Eknl: 0.05440, L_Morse: 4.65750

Weights: [7000.0, 600.0, 0, 50.0, 0.0, 0.1], lr=5.000e-05
Epoch: 0 [9540/10000 (95%)] Loss: 13.25157 = L_Mnfld: 4.91714 + L_NonMnfld: 5.41520 + L_Nrml: 0.00000 + L_Eknl: 2.44019 + L_Div: 0.00000 + L_Morse: 0.47903
Epoch: 0 [9540/10000 (95%)] Unweighted L_s : L_Mnfld: 0.00070,  L_NonMnfld: 0.00903,  L_Nrml: 0.00000,  L_Eknl: 0.04880, L_Morse: 4.79033

Weights: [7000.0, 600.0, 0, 50.0, 0.0, 0.1], lr=5.000e-05
Epoch: 0 [9550/10000 (96%)] Loss: 14.38547 = L_Mnfld: 5.94021 + L_NonMnfld: 5.54217 + L_Nrml: 0.00000 + L_Eknl: 2.44019 + L_Div: 0.00000 + L_Morse: 0.46290
Epoch: 0 [9550/10000 (96%)] Unweighted L_s : L_Mnfld: 0.00085,  L_NonMnfld: 0.00924,  L_Nrml: 0.00000,  L_Eknl: 0.04880, L_Morse: 4.62903

Weights: [7000.0, 600.0, 0, 50.0, 0.0, 0.1], lr=5.000e-05
Epoch: 0 [9560/10000 (96%)] Loss: 13.88638 = L_Mnfld: 5.99345 + L_NonMnfld: 5.18532 + L_Nrml: 0.00000 + L_Eknl: 2.23346 + L_Div: 0.00000 + L_Morse: 0.47414
Epoch: 0 [9560/10000 (96%)] Unweighted L_s : L_Mnfld: 0.00086,  L_NonMnfld: 0.00864,  L_Nrml: 0.00000,  L_Eknl: 0.04467, L_Morse: 4.74135

Weights: [7000.0, 600.0, 0, 50.0, 0.0, 0.1], lr=5.000e-05
Epoch: 0 [9570/10000 (96%)] Loss: 14.14975 = L_Mnfld: 6.64600 + L_NonMnfld: 4.68326 + L_Nrml: 0.00000 + L_Eknl: 2.35910 + L_Div: 0.00000 + L_Morse: 0.46140
Epoch: 0 [9570/10000 (96%)] Unweighted L_s : L_Mnfld: 0.00095,  L_NonMnfld: 0.00781,  L_Nrml: 0.00000,  L_Eknl: 0.04718, L_Morse: 4.61399

Weights: [7000.0, 600.0, 0, 50.0, 0.0, 0.1], lr=5.000e-05
Epoch: 0 [9580/10000 (96%)] Loss: 15.06539 = L_Mnfld: 6.04972 + L_NonMnfld: 5.80294 + L_Nrml: 0.00000 + L_Eknl: 2.76178 + L_Div: 0.00000 + L_Morse: 0.45096
Epoch: 0 [9580/10000 (96%)] Unweighted L_s : L_Mnfld: 0.00086,  L_NonMnfld: 0.00967,  L_Nrml: 0.00000,  L_Eknl: 0.05524, L_Morse: 4.50956

Weights: [7000.0, 600.0, 0, 50.0, 0.0, 0.1], lr=5.000e-05
Epoch: 0 [9590/10000 (96%)] Loss: 15.15831 = L_Mnfld: 6.63981 + L_NonMnfld: 5.60131 + L_Nrml: 0.00000 + L_Eknl: 2.47150 + L_Div: 0.00000 + L_Morse: 0.44570
Epoch: 0 [9590/10000 (96%)] Unweighted L_s : L_Mnfld: 0.00095,  L_NonMnfld: 0.00934,  L_Nrml: 0.00000,  L_Eknl: 0.04943, L_Morse: 4.45698

Weights: [7000.0, 600.0, 0, 50.0, 0.0, 0.1], lr=5.000e-05
Epoch: 0 [9600/10000 (96%)] Loss: 13.65278 = L_Mnfld: 5.39687 + L_NonMnfld: 5.44847 + L_Nrml: 0.00000 + L_Eknl: 2.28956 + L_Div: 0.00000 + L_Morse: 0.51788
Epoch: 0 [9600/10000 (96%)] Unweighted L_s : L_Mnfld: 0.00077,  L_NonMnfld: 0.00908,  L_Nrml: 0.00000,  L_Eknl: 0.04579, L_Morse: 5.17884

Weights: [7000.0, 600.0, 0, 50.0, 0.0, 0.1], lr=5.000e-05
Epoch: 0 [9610/10000 (96%)] Loss: 14.61921 = L_Mnfld: 6.02948 + L_NonMnfld: 5.99379 + L_Nrml: 0.00000 + L_Eknl: 2.13529 + L_Div: 0.00000 + L_Morse: 0.46065
Epoch: 0 [9610/10000 (96%)] Unweighted L_s : L_Mnfld: 0.00086,  L_NonMnfld: 0.00999,  L_Nrml: 0.00000,  L_Eknl: 0.04271, L_Morse: 4.60649

Weights: [7000.0, 600.0, 0, 50.0, 0.0, 0.1], lr=5.000e-05
Epoch: 0 [9620/10000 (96%)] Loss: 13.63725 = L_Mnfld: 5.40297 + L_NonMnfld: 5.65677 + L_Nrml: 0.00000 + L_Eknl: 2.11488 + L_Div: 0.00000 + L_Morse: 0.46263
Epoch: 0 [9620/10000 (96%)] Unweighted L_s : L_Mnfld: 0.00077,  L_NonMnfld: 0.00943,  L_Nrml: 0.00000,  L_Eknl: 0.04230, L_Morse: 4.62627

Weights: [7000.0, 600.0, 0, 50.0, 0.0, 0.1], lr=5.000e-05
Epoch: 0 [9630/10000 (96%)] Loss: 11.89658 = L_Mnfld: 4.66125 + L_NonMnfld: 4.69499 + L_Nrml: 0.00000 + L_Eknl: 2.05263 + L_Div: 0.00000 + L_Morse: 0.48771
Epoch: 0 [9630/10000 (96%)] Unweighted L_s : L_Mnfld: 0.00067,  L_NonMnfld: 0.00782,  L_Nrml: 0.00000,  L_Eknl: 0.04105, L_Morse: 4.87712

Weights: [7000.0, 600.0, 0, 50.0, 0.0, 0.1], lr=5.000e-05
Epoch: 0 [9640/10000 (96%)] Loss: 12.57144 = L_Mnfld: 5.49267 + L_NonMnfld: 4.52059 + L_Nrml: 0.00000 + L_Eknl: 2.09057 + L_Div: 0.00000 + L_Morse: 0.46761
Epoch: 0 [9640/10000 (96%)] Unweighted L_s : L_Mnfld: 0.00078,  L_NonMnfld: 0.00753,  L_Nrml: 0.00000,  L_Eknl: 0.04181, L_Morse: 4.67610

Weights: [7000.0, 600.0, 0, 50.0, 0.0, 0.1], lr=5.000e-05
Epoch: 0 [9650/10000 (96%)] Loss: 12.33802 = L_Mnfld: 4.37365 + L_NonMnfld: 5.53036 + L_Nrml: 0.00000 + L_Eknl: 1.98071 + L_Div: 0.00000 + L_Morse: 0.45331
Epoch: 0 [9650/10000 (96%)] Unweighted L_s : L_Mnfld: 0.00062,  L_NonMnfld: 0.00922,  L_Nrml: 0.00000,  L_Eknl: 0.03961, L_Morse: 4.53314

Weights: [7000.0, 600.0, 0, 50.0, 0.0, 0.1], lr=5.000e-05
Epoch: 0 [9660/10000 (97%)] Loss: 13.06882 = L_Mnfld: 5.76056 + L_NonMnfld: 4.78282 + L_Nrml: 0.00000 + L_Eknl: 2.02483 + L_Div: 0.00000 + L_Morse: 0.50062
Epoch: 0 [9660/10000 (97%)] Unweighted L_s : L_Mnfld: 0.00082,  L_NonMnfld: 0.00797,  L_Nrml: 0.00000,  L_Eknl: 0.04050, L_Morse: 5.00618

Weights: [7000.0, 600.0, 0, 50.0, 0.0, 0.1], lr=5.000e-05
Epoch: 0 [9670/10000 (97%)] Loss: 12.56572 = L_Mnfld: 5.18581 + L_NonMnfld: 4.92071 + L_Nrml: 0.00000 + L_Eknl: 2.01832 + L_Div: 0.00000 + L_Morse: 0.44087
Epoch: 0 [9670/10000 (97%)] Unweighted L_s : L_Mnfld: 0.00074,  L_NonMnfld: 0.00820,  L_Nrml: 0.00000,  L_Eknl: 0.04037, L_Morse: 4.40873

Weights: [7000.0, 600.0, 0, 50.0, 0.0, 0.1], lr=5.000e-05
Epoch: 0 [9680/10000 (97%)] Loss: 12.87204 = L_Mnfld: 4.60796 + L_NonMnfld: 5.73915 + L_Nrml: 0.00000 + L_Eknl: 2.07167 + L_Div: 0.00000 + L_Morse: 0.45325
Epoch: 0 [9680/10000 (97%)] Unweighted L_s : L_Mnfld: 0.00066,  L_NonMnfld: 0.00957,  L_Nrml: 0.00000,  L_Eknl: 0.04143, L_Morse: 4.53250

Weights: [7000.0, 600.0, 0, 50.0, 0.0, 0.1], lr=5.000e-05
Epoch: 0 [9690/10000 (97%)] Loss: 13.37887 = L_Mnfld: 4.99164 + L_NonMnfld: 5.91664 + L_Nrml: 0.00000 + L_Eknl: 1.97702 + L_Div: 0.00000 + L_Morse: 0.49357
Epoch: 0 [9690/10000 (97%)] Unweighted L_s : L_Mnfld: 0.00071,  L_NonMnfld: 0.00986,  L_Nrml: 0.00000,  L_Eknl: 0.03954, L_Morse: 4.93565

Weights: [7000.0, 600.0, 0, 50.0, 0.0, 0.1], lr=5.000e-05
Epoch: 0 [9700/10000 (97%)] Loss: 12.50634 = L_Mnfld: 4.69440 + L_NonMnfld: 5.33371 + L_Nrml: 0.00000 + L_Eknl: 2.00317 + L_Div: 0.00000 + L_Morse: 0.47506
Epoch: 0 [9700/10000 (97%)] Unweighted L_s : L_Mnfld: 0.00067,  L_NonMnfld: 0.00889,  L_Nrml: 0.00000,  L_Eknl: 0.04006, L_Morse: 4.75058

Weights: [7000.0, 600.0, 0, 50.0, 0.0, 0.1], lr=5.000e-05
Epoch: 0 [9710/10000 (97%)] Loss: 11.62642 = L_Mnfld: 4.36591 + L_NonMnfld: 4.96765 + L_Nrml: 0.00000 + L_Eknl: 1.86071 + L_Div: 0.00000 + L_Morse: 0.43215
Epoch: 0 [9710/10000 (97%)] Unweighted L_s : L_Mnfld: 0.00062,  L_NonMnfld: 0.00828,  L_Nrml: 0.00000,  L_Eknl: 0.03721, L_Morse: 4.32154

Weights: [7000.0, 600.0, 0, 50.0, 0.0, 0.1], lr=5.000e-05
Epoch: 0 [9720/10000 (97%)] Loss: 11.46364 = L_Mnfld: 4.23861 + L_NonMnfld: 4.91676 + L_Nrml: 0.00000 + L_Eknl: 1.81636 + L_Div: 0.00000 + L_Morse: 0.49191
Epoch: 0 [9720/10000 (97%)] Unweighted L_s : L_Mnfld: 0.00061,  L_NonMnfld: 0.00819,  L_Nrml: 0.00000,  L_Eknl: 0.03633, L_Morse: 4.91914

Weights: [7000.0, 600.0, 0, 50.0, 0.0, 0.1], lr=5.000e-05
Epoch: 0 [9730/10000 (97%)] Loss: 12.40215 = L_Mnfld: 4.26863 + L_NonMnfld: 5.79427 + L_Nrml: 0.00000 + L_Eknl: 1.85412 + L_Div: 0.00000 + L_Morse: 0.48512
Epoch: 0 [9730/10000 (97%)] Unweighted L_s : L_Mnfld: 0.00061,  L_NonMnfld: 0.00966,  L_Nrml: 0.00000,  L_Eknl: 0.03708, L_Morse: 4.85122

Weights: [7000.0, 600.0, 0, 50.0, 0.0, 0.1], lr=5.000e-05
Epoch: 0 [9740/10000 (97%)] Loss: 12.08557 = L_Mnfld: 4.25068 + L_NonMnfld: 5.51448 + L_Nrml: 0.00000 + L_Eknl: 1.83167 + L_Div: 0.00000 + L_Morse: 0.48873
Epoch: 0 [9740/10000 (97%)] Unweighted L_s : L_Mnfld: 0.00061,  L_NonMnfld: 0.00919,  L_Nrml: 0.00000,  L_Eknl: 0.03663, L_Morse: 4.88731

Weights: [7000.0, 600.0, 0, 50.0, 0.0, 0.1], lr=5.000e-05
Epoch: 0 [9750/10000 (98%)] Loss: 11.65337 = L_Mnfld: 4.15656 + L_NonMnfld: 5.31226 + L_Nrml: 0.00000 + L_Eknl: 1.74772 + L_Div: 0.00000 + L_Morse: 0.43683
Epoch: 0 [9750/10000 (98%)] Unweighted L_s : L_Mnfld: 0.00059,  L_NonMnfld: 0.00885,  L_Nrml: 0.00000,  L_Eknl: 0.03495, L_Morse: 4.36834

Weights: [7000.0, 600.0, 0, 50.0, 0.0, 0.1], lr=5.000e-05
Epoch: 0 [9760/10000 (98%)] Loss: 12.29356 = L_Mnfld: 4.41550 + L_NonMnfld: 5.56477 + L_Nrml: 0.00000 + L_Eknl: 1.84670 + L_Div: 0.00000 + L_Morse: 0.46658
Epoch: 0 [9760/10000 (98%)] Unweighted L_s : L_Mnfld: 0.00063,  L_NonMnfld: 0.00927,  L_Nrml: 0.00000,  L_Eknl: 0.03693, L_Morse: 4.66582

Weights: [7000.0, 600.0, 0, 50.0, 0.0, 0.1], lr=5.000e-05
Epoch: 0 [9770/10000 (98%)] Loss: 11.35211 = L_Mnfld: 3.94216 + L_NonMnfld: 5.19159 + L_Nrml: 0.00000 + L_Eknl: 1.76011 + L_Div: 0.00000 + L_Morse: 0.45824
Epoch: 0 [9770/10000 (98%)] Unweighted L_s : L_Mnfld: 0.00056,  L_NonMnfld: 0.00865,  L_Nrml: 0.00000,  L_Eknl: 0.03520, L_Morse: 4.58240

Weights: [7000.0, 600.0, 0, 50.0, 0.0, 0.1], lr=5.000e-05
Epoch: 0 [9780/10000 (98%)] Loss: 11.62238 = L_Mnfld: 4.04379 + L_NonMnfld: 5.29116 + L_Nrml: 0.00000 + L_Eknl: 1.81746 + L_Div: 0.00000 + L_Morse: 0.46997
Epoch: 0 [9780/10000 (98%)] Unweighted L_s : L_Mnfld: 0.00058,  L_NonMnfld: 0.00882,  L_Nrml: 0.00000,  L_Eknl: 0.03635, L_Morse: 4.69974

Weights: [7000.0, 600.0, 0, 50.0, 0.0, 0.1], lr=5.000e-05
Epoch: 0 [9790/10000 (98%)] Loss: 12.44534 = L_Mnfld: 4.34105 + L_NonMnfld: 5.83599 + L_Nrml: 0.00000 + L_Eknl: 1.82751 + L_Div: 0.00000 + L_Morse: 0.44079
Epoch: 0 [9790/10000 (98%)] Unweighted L_s : L_Mnfld: 0.00062,  L_NonMnfld: 0.00973,  L_Nrml: 0.00000,  L_Eknl: 0.03655, L_Morse: 4.40788

Weights: [7000.0, 600.0, 0, 50.0, 0.0, 0.1], lr=5.000e-05
Epoch: 0 [9800/10000 (98%)] Loss: 12.79703 = L_Mnfld: 4.36420 + L_NonMnfld: 6.15642 + L_Nrml: 0.00000 + L_Eknl: 1.79193 + L_Div: 0.00000 + L_Morse: 0.48447
Epoch: 0 [9800/10000 (98%)] Unweighted L_s : L_Mnfld: 0.00062,  L_NonMnfld: 0.01026,  L_Nrml: 0.00000,  L_Eknl: 0.03584, L_Morse: 4.84474

Weights: [7000.0, 600.0, 0, 50.0, 0.0, 0.1], lr=5.000e-05
Epoch: 0 [9810/10000 (98%)] Loss: 11.29434 = L_Mnfld: 4.11607 + L_NonMnfld: 4.99657 + L_Nrml: 0.00000 + L_Eknl: 1.70028 + L_Div: 0.00000 + L_Morse: 0.48141
Epoch: 0 [9810/10000 (98%)] Unweighted L_s : L_Mnfld: 0.00059,  L_NonMnfld: 0.00833,  L_Nrml: 0.00000,  L_Eknl: 0.03401, L_Morse: 4.81412

Weights: [7000.0, 600.0, 0, 50.0, 0.0, 0.1], lr=5.000e-05
Epoch: 0 [9820/10000 (98%)] Loss: 12.07104 = L_Mnfld: 4.55880 + L_NonMnfld: 5.23828 + L_Nrml: 0.00000 + L_Eknl: 1.79854 + L_Div: 0.00000 + L_Morse: 0.47542
Epoch: 0 [9820/10000 (98%)] Unweighted L_s : L_Mnfld: 0.00065,  L_NonMnfld: 0.00873,  L_Nrml: 0.00000,  L_Eknl: 0.03597, L_Morse: 4.75422

Weights: [7000.0, 600.0, 0, 50.0, 0.0, 0.1], lr=5.000e-05
Epoch: 0 [9830/10000 (98%)] Loss: 11.71713 = L_Mnfld: 4.24684 + L_NonMnfld: 5.19273 + L_Nrml: 0.00000 + L_Eknl: 1.83304 + L_Div: 0.00000 + L_Morse: 0.44452
Epoch: 0 [9830/10000 (98%)] Unweighted L_s : L_Mnfld: 0.00061,  L_NonMnfld: 0.00865,  L_Nrml: 0.00000,  L_Eknl: 0.03666, L_Morse: 4.44519

Weights: [7000.0, 600.0, 0, 50.0, 0.0, 0.1], lr=5.000e-05
Epoch: 0 [9840/10000 (98%)] Loss: 11.71555 = L_Mnfld: 4.26195 + L_NonMnfld: 5.14187 + L_Nrml: 0.00000 + L_Eknl: 1.84917 + L_Div: 0.00000 + L_Morse: 0.46256
Epoch: 0 [9840/10000 (98%)] Unweighted L_s : L_Mnfld: 0.00061,  L_NonMnfld: 0.00857,  L_Nrml: 0.00000,  L_Eknl: 0.03698, L_Morse: 4.62562

Weights: [7000.0, 600.0, 0, 50.0, 0.0, 0.1], lr=5.000e-05
Epoch: 0 [9850/10000 (98%)] Loss: 11.91853 = L_Mnfld: 4.37746 + L_NonMnfld: 5.28279 + L_Nrml: 0.00000 + L_Eknl: 1.80663 + L_Div: 0.00000 + L_Morse: 0.45166
Epoch: 0 [9850/10000 (98%)] Unweighted L_s : L_Mnfld: 0.00063,  L_NonMnfld: 0.00880,  L_Nrml: 0.00000,  L_Eknl: 0.03613, L_Morse: 4.51656

Weights: [7000.0, 600.0, 0, 50.0, 0.0, 0.1], lr=5.000e-05
Epoch: 0 [9860/10000 (99%)] Loss: 11.33064 = L_Mnfld: 4.19002 + L_NonMnfld: 4.86298 + L_Nrml: 0.00000 + L_Eknl: 1.82178 + L_Div: 0.00000 + L_Morse: 0.45587
Epoch: 0 [9860/10000 (99%)] Unweighted L_s : L_Mnfld: 0.00060,  L_NonMnfld: 0.00810,  L_Nrml: 0.00000,  L_Eknl: 0.03644, L_Morse: 4.55872

Weights: [7000.0, 600.0, 0, 50.0, 0.0, 0.1], lr=5.000e-05
Epoch: 0 [9870/10000 (99%)] Loss: 11.68910 = L_Mnfld: 5.07610 + L_NonMnfld: 4.15313 + L_Nrml: 0.00000 + L_Eknl: 1.97227 + L_Div: 0.00000 + L_Morse: 0.48760
Epoch: 0 [9870/10000 (99%)] Unweighted L_s : L_Mnfld: 0.00073,  L_NonMnfld: 0.00692,  L_Nrml: 0.00000,  L_Eknl: 0.03945, L_Morse: 4.87602

Weights: [7000.0, 600.0, 0, 50.0, 0.0, 0.1], lr=5.000e-05
Epoch: 0 [9880/10000 (99%)] Loss: 12.71189 = L_Mnfld: 4.18784 + L_NonMnfld: 6.06156 + L_Nrml: 0.00000 + L_Eknl: 1.99724 + L_Div: 0.00000 + L_Morse: 0.46525
Epoch: 0 [9880/10000 (99%)] Unweighted L_s : L_Mnfld: 0.00060,  L_NonMnfld: 0.01010,  L_Nrml: 0.00000,  L_Eknl: 0.03994, L_Morse: 4.65254

Weights: [7000.0, 600.0, 0, 50.0, 0.0, 0.1], lr=5.000e-05
Epoch: 0 [9890/10000 (99%)] Loss: 12.23436 = L_Mnfld: 4.46365 + L_NonMnfld: 5.38756 + L_Nrml: 0.00000 + L_Eknl: 1.88909 + L_Div: 0.00000 + L_Morse: 0.49405
Epoch: 0 [9890/10000 (99%)] Unweighted L_s : L_Mnfld: 0.00064,  L_NonMnfld: 0.00898,  L_Nrml: 0.00000,  L_Eknl: 0.03778, L_Morse: 4.94053

Weights: [7000.0, 600.0, 0, 50.0, 0.0, 0.1], lr=5.000e-05
Epoch: 0 [9900/10000 (99%)] Loss: 13.19039 = L_Mnfld: 5.15666 + L_NonMnfld: 5.65366 + L_Nrml: 0.00000 + L_Eknl: 1.90313 + L_Div: 0.00000 + L_Morse: 0.47694
Epoch: 0 [9900/10000 (99%)] Unweighted L_s : L_Mnfld: 0.00074,  L_NonMnfld: 0.00942,  L_Nrml: 0.00000,  L_Eknl: 0.03806, L_Morse: 4.76944

Weights: [7000.0, 600.0, 0, 50.0, 0.0, 0.1], lr=5.000e-05
Epoch: 0 [9910/10000 (99%)] Loss: 11.82599 = L_Mnfld: 4.66089 + L_NonMnfld: 4.69465 + L_Nrml: 0.00000 + L_Eknl: 1.99808 + L_Div: 0.00000 + L_Morse: 0.47236
Epoch: 0 [9910/10000 (99%)] Unweighted L_s : L_Mnfld: 0.00067,  L_NonMnfld: 0.00782,  L_Nrml: 0.00000,  L_Eknl: 0.03996, L_Morse: 4.72365

Weights: [7000.0, 600.0, 0, 50.0, 0.0, 0.1], lr=5.000e-05
Epoch: 0 [9920/10000 (99%)] Loss: 12.59155 = L_Mnfld: 4.63907 + L_NonMnfld: 5.49111 + L_Nrml: 0.00000 + L_Eknl: 1.99147 + L_Div: 0.00000 + L_Morse: 0.46990
Epoch: 0 [9920/10000 (99%)] Unweighted L_s : L_Mnfld: 0.00066,  L_NonMnfld: 0.00915,  L_Nrml: 0.00000,  L_Eknl: 0.03983, L_Morse: 4.69895

Weights: [7000.0, 600.0, 0, 50.0, 0.0, 0.1], lr=5.000e-05
Epoch: 0 [9930/10000 (99%)] Loss: 11.84549 = L_Mnfld: 4.67619 + L_NonMnfld: 4.73461 + L_Nrml: 0.00000 + L_Eknl: 1.96562 + L_Div: 0.00000 + L_Morse: 0.46907
Epoch: 0 [9930/10000 (99%)] Unweighted L_s : L_Mnfld: 0.00067,  L_NonMnfld: 0.00789,  L_Nrml: 0.00000,  L_Eknl: 0.03931, L_Morse: 4.69067

Weights: [7000.0, 600.0, 0, 50.0, 0.0, 0.1], lr=5.000e-05
Epoch: 0 [9940/10000 (99%)] Loss: 12.33868 = L_Mnfld: 4.78279 + L_NonMnfld: 5.14442 + L_Nrml: 0.00000 + L_Eknl: 1.92613 + L_Div: 0.00000 + L_Morse: 0.48533
Epoch: 0 [9940/10000 (99%)] Unweighted L_s : L_Mnfld: 0.00068,  L_NonMnfld: 0.00857,  L_Nrml: 0.00000,  L_Eknl: 0.03852, L_Morse: 4.85332

Weights: [7000.0, 600.0, 0, 50.0, 0.0, 0.1], lr=5.000e-05
Epoch: 0 [9950/10000 (100%)] Loss: 12.50348 = L_Mnfld: 4.54307 + L_NonMnfld: 5.59268 + L_Nrml: 0.00000 + L_Eknl: 1.92872 + L_Div: 0.00000 + L_Morse: 0.43900
Epoch: 0 [9950/10000 (100%)] Unweighted L_s : L_Mnfld: 0.00065,  L_NonMnfld: 0.00932,  L_Nrml: 0.00000,  L_Eknl: 0.03857, L_Morse: 4.39002

Weights: [7000.0, 600.0, 0, 50.0, 0.0, 0.1], lr=5.000e-05
Epoch: 0 [9960/10000 (100%)] Loss: 11.73445 = L_Mnfld: 4.23004 + L_NonMnfld: 5.18125 + L_Nrml: 0.00000 + L_Eknl: 1.84643 + L_Div: 0.00000 + L_Morse: 0.47673
Epoch: 0 [9960/10000 (100%)] Unweighted L_s : L_Mnfld: 0.00060,  L_NonMnfld: 0.00864,  L_Nrml: 0.00000,  L_Eknl: 0.03693, L_Morse: 4.76730

Weights: [7000.0, 600.0, 0, 50.0, 0.0, 0.1], lr=5.000e-05
Epoch: 0 [9970/10000 (100%)] Loss: 11.95508 = L_Mnfld: 4.19449 + L_NonMnfld: 5.48524 + L_Nrml: 0.00000 + L_Eknl: 1.80439 + L_Div: 0.00000 + L_Morse: 0.47097
Epoch: 0 [9970/10000 (100%)] Unweighted L_s : L_Mnfld: 0.00060,  L_NonMnfld: 0.00914,  L_Nrml: 0.00000,  L_Eknl: 0.03609, L_Morse: 4.70967

Weights: [7000.0, 600.0, 0, 50.0, 0.0, 0.1], lr=5.000e-05
Epoch: 0 [9980/10000 (100%)] Loss: 12.31794 = L_Mnfld: 4.60257 + L_NonMnfld: 5.34676 + L_Nrml: 0.00000 + L_Eknl: 1.87979 + L_Div: 0.00000 + L_Morse: 0.48882
Epoch: 0 [9980/10000 (100%)] Unweighted L_s : L_Mnfld: 0.00066,  L_NonMnfld: 0.00891,  L_Nrml: 0.00000,  L_Eknl: 0.03760, L_Morse: 4.88823

Weights: [7000.0, 600.0, 0, 50.0, 0.0, 0.1], lr=5.000e-05
Epoch: 0 [9990/10000 (100%)] Loss: 11.63430 = L_Mnfld: 4.36993 + L_NonMnfld: 4.75430 + L_Nrml: 0.00000 + L_Eknl: 2.02080 + L_Div: 0.00000 + L_Morse: 0.48928
Epoch: 0 [9990/10000 (100%)] Unweighted L_s : L_Mnfld: 0.00062,  L_NonMnfld: 0.00792,  L_Nrml: 0.00000,  L_Eknl: 0.04042, L_Morse: 4.89282

